<?xml version='1.0' encoding='UTF-8'?><!DOCTYPE paula SYSTEM "paula_feat.dtd">
<paula version="1.1">
	<header paula_id="scriptorium.life.phib.02.mark_chapter_n"/>
	<featList xmlns:xlink="http://www.w3.org/1999/xlink" type="chapter_n" xml:base="scriptorium.life.phib.02.mark.xml">
		<feat xlink:href="#sSpan7" value="11"/>
		<feat xlink:href="#sSpan778" value="12"/>
		<feat xlink:href="#sSpan2680" value="13"/>
		<feat xlink:href="#sSpan3078" value="14"/>
		<feat xlink:href="#sSpan4597" value="15"/>
		<feat xlink:href="#sSpan5186" value="16"/>
		<feat xlink:href="#sSpan5939" value="17"/>
		<feat xlink:href="#sSpan6698" value="18"/></featList></paula>