<?xml version='1.0' encoding='UTF-8'?><!DOCTYPE paula SYSTEM "paula_rel.dtd">
<paula version="1.1">
	<header paula_id="scriptorium.life.phib.02.head"/>
	<relList xmlns:xlink="http://www.w3.org/1999/xlink" type="head">
		<rel id="sPointingRel4613" xlink:href="scriptorium.life.phib.02.mark.xml#sSpan900" target="scriptorium.life.phib.02.mark.xml#sSpan901"/>
		<rel id="sPointingRel4615" xlink:href="scriptorium.life.phib.02.mark.xml#sSpan2995" target="scriptorium.life.phib.02.mark.xml#sSpan2996"/>
		<rel id="sPointingRel4617" xlink:href="scriptorium.life.phib.02.mark.xml#sSpan6129" target="scriptorium.life.phib.02.mark.xml#sSpan6130"/>
		<rel id="sPointingRel4619" xlink:href="scriptorium.life.phib.02.mark.xml#sSpan4759" target="scriptorium.life.phib.02.mark.xml#sSpan4764"/>
		<rel id="sPointingRel4621" xlink:href="scriptorium.life.phib.02.mark.xml#sSpan3392" target="scriptorium.life.phib.02.mark.xml#sSpan3390"/>
		<rel id="sPointingRel4623" xlink:href="scriptorium.life.phib.02.mark.xml#sSpan5082" target="scriptorium.life.phib.02.mark.xml#sSpan5078"/>
		<rel id="sPointingRel4625" xlink:href="scriptorium.life.phib.02.mark.xml#sSpan996" target="scriptorium.life.phib.02.mark.xml#sSpan999"/>
		<rel id="sPointingRel4627" xlink:href="scriptorium.life.phib.02.mark.xml#sSpan4325" target="scriptorium.life.phib.02.mark.xml#sSpan4326"/>
		<rel id="sPointingRel4629" xlink:href="scriptorium.life.phib.02.mark.xml#sSpan1896" target="scriptorium.life.phib.02.mark.xml#sSpan1898"/>
		<rel id="sPointingRel4631" xlink:href="scriptorium.life.phib.02.mark.xml#sSpan5407" target="scriptorium.life.phib.02.mark.xml#sSpan5405"/>
		<rel id="sPointingRel4633" xlink:href="scriptorium.life.phib.02.mark.xml#sSpan91" target="scriptorium.life.phib.02.mark.xml#sSpan92"/>
		<rel id="sPointingRel4635" xlink:href="scriptorium.life.phib.02.mark.xml#sSpan6613" target="scriptorium.life.phib.02.mark.xml#sSpan6614"/>
		<rel id="sPointingRel4637" xlink:href="scriptorium.life.phib.02.mark.xml#sSpan4475" target="scriptorium.life.phib.02.mark.xml#sSpan4478"/>
		<rel id="sPointingRel4639" xlink:href="scriptorium.life.phib.02.mark.xml#sSpan3435" target="scriptorium.life.phib.02.mark.xml#sSpan3440"/>
		<rel id="sPointingRel4641" xlink:href="scriptorium.life.phib.02.mark.xml#sSpan6330" target="scriptorium.life.phib.02.mark.xml#sSpan6331"/>
		<rel id="sPointingRel4643" xlink:href="scriptorium.life.phib.02.mark.xml#sSpan1179" target="scriptorium.life.phib.02.mark.xml#sSpan1177"/>
		<rel id="sPointingRel4645" xlink:href="scriptorium.life.phib.02.mark.xml#sSpan4803" target="scriptorium.life.phib.02.mark.xml#sSpan4804"/>
		<rel id="sPointingRel4647" xlink:href="scriptorium.life.phib.02.mark.xml#sSpan5271" target="scriptorium.life.phib.02.mark.xml#sSpan5272"/>
		<rel id="sPointingRel4649" xlink:href="scriptorium.life.phib.02.mark.xml#sSpan4609" target="scriptorium.life.phib.02.mark.xml#sSpan4610"/>
		<rel id="sPointingRel4651" xlink:href="scriptorium.life.phib.02.mark.xml#sSpan5858" target="scriptorium.life.phib.02.mark.xml#sSpan5856"/>
		<rel id="sPointingRel4653" xlink:href="scriptorium.life.phib.02.mark.xml#sSpan326" target="scriptorium.life.phib.02.mark.xml#sSpan327"/>
		<rel id="sPointingRel4655" xlink:href="scriptorium.life.phib.02.mark.xml#sSpan6087" target="scriptorium.life.phib.02.mark.xml#sSpan6088"/>
		<rel id="sPointingRel4657" xlink:href="scriptorium.life.phib.02.mark.xml#sSpan2181" target="scriptorium.life.phib.02.mark.xml#sSpan2185"/>
		<rel id="sPointingRel4659" xlink:href="scriptorium.life.phib.02.mark.xml#sSpan1224" target="scriptorium.life.phib.02.mark.xml#sSpan1226"/>
		<rel id="sPointingRel4661" xlink:href="scriptorium.life.phib.02.mark.xml#sSpan3165" target="scriptorium.life.phib.02.mark.xml#sSpan3166"/>
		<rel id="sPointingRel4663" xlink:href="scriptorium.life.phib.02.mark.xml#sSpan2881" target="scriptorium.life.phib.02.mark.xml#sSpan2879"/>
		<rel id="sPointingRel4665" xlink:href="scriptorium.life.phib.02.mark.xml#sSpan4965" target="scriptorium.life.phib.02.mark.xml#sSpan4967"/>
		<rel id="sPointingRel4667" xlink:href="scriptorium.life.phib.02.mark.xml#sSpan7155" target="scriptorium.life.phib.02.mark.xml#sSpan7156"/>
		<rel id="sPointingRel4669" xlink:href="scriptorium.life.phib.02.mark.xml#sSpan7018" target="scriptorium.life.phib.02.mark.xml#sSpan7019"/>
		<rel id="sPointingRel4671" xlink:href="scriptorium.life.phib.02.mark.xml#sSpan2108" target="scriptorium.life.phib.02.mark.xml#sSpan2110"/>
		<rel id="sPointingRel4673" xlink:href="scriptorium.life.phib.02.mark.xml#sSpan6573" target="scriptorium.life.phib.02.mark.xml#sSpan6574"/>
		<rel id="sPointingRel4675" xlink:href="scriptorium.life.phib.02.mark.xml#sSpan4142" target="scriptorium.life.phib.02.mark.xml#sSpan4143"/>
		<rel id="sPointingRel4677" xlink:href="scriptorium.life.phib.02.mark.xml#sSpan1041" target="scriptorium.life.phib.02.mark.xml#sSpan1043"/>
		<rel id="sPointingRel4679" xlink:href="scriptorium.life.phib.02.mark.xml#sSpan5173" target="scriptorium.life.phib.02.mark.xml#sSpan5174"/>
		<rel id="sPointingRel4681" xlink:href="scriptorium.life.phib.02.mark.xml#sSpan7374" target="scriptorium.life.phib.02.mark.xml#sSpan7372"/>
		<rel id="sPointingRel4683" xlink:href="scriptorium.life.phib.02.mark.xml#sSpan839" target="scriptorium.life.phib.02.mark.xml#sSpan840"/>
		<rel id="sPointingRel4685" xlink:href="scriptorium.life.phib.02.mark.xml#sSpan1539" target="scriptorium.life.phib.02.mark.xml#sSpan1541"/>
		<rel id="sPointingRel4687" xlink:href="scriptorium.life.phib.02.mark.xml#sSpan2133" target="scriptorium.life.phib.02.mark.xml#sSpan2135"/>
		<rel id="sPointingRel4689" xlink:href="scriptorium.life.phib.02.mark.xml#sSpan979" target="scriptorium.life.phib.02.mark.xml#sSpan981"/>
		<rel id="sPointingRel4691" xlink:href="scriptorium.life.phib.02.mark.xml#sSpan1974" target="scriptorium.life.phib.02.mark.xml#sSpan1975"/>
		<rel id="sPointingRel4693" xlink:href="scriptorium.life.phib.02.mark.xml#sSpan1057" target="scriptorium.life.phib.02.mark.xml#sSpan1055"/>
		<rel id="sPointingRel4695" xlink:href="scriptorium.life.phib.02.mark.xml#sSpan5602" target="scriptorium.life.phib.02.mark.xml#sSpan5600"/>
		<rel id="sPointingRel4697" xlink:href="scriptorium.life.phib.02.mark.xml#sSpan7770" target="scriptorium.life.phib.02.mark.xml#sSpan7771"/>
		<rel id="sPointingRel4699" xlink:href="scriptorium.life.phib.02.mark.xml#sSpan2950" target="scriptorium.life.phib.02.mark.xml#sSpan2951"/>
		<rel id="sPointingRel4701" xlink:href="scriptorium.life.phib.02.mark.xml#sSpan4909" target="scriptorium.life.phib.02.mark.xml#sSpan4912"/>
		<rel id="sPointingRel4703" xlink:href="scriptorium.life.phib.02.mark.xml#sSpan2294" target="scriptorium.life.phib.02.mark.xml#sSpan2292"/>
		<rel id="sPointingRel4705" xlink:href="scriptorium.life.phib.02.mark.xml#sSpan4256" target="scriptorium.life.phib.02.mark.xml#sSpan4263"/>
		<rel id="sPointingRel4707" xlink:href="scriptorium.life.phib.02.mark.xml#sSpan4838" target="scriptorium.life.phib.02.mark.xml#sSpan4836"/>
		<rel id="sPointingRel4709" xlink:href="scriptorium.life.phib.02.mark.xml#sSpan7713" target="scriptorium.life.phib.02.mark.xml#sSpan7714"/>
		<rel id="sPointingRel4711" xlink:href="scriptorium.life.phib.02.mark.xml#sSpan8033" target="scriptorium.life.phib.02.mark.xml#sSpan8034"/>
		<rel id="sPointingRel4713" xlink:href="scriptorium.life.phib.02.mark.xml#sSpan6688" target="scriptorium.life.phib.02.mark.xml#sSpan6690"/>
		<rel id="sPointingRel4715" xlink:href="scriptorium.life.phib.02.mark.xml#sSpan1699" target="scriptorium.life.phib.02.mark.xml#sSpan1719"/>
		<rel id="sPointingRel4717" xlink:href="scriptorium.life.phib.02.mark.xml#sSpan3065" target="scriptorium.life.phib.02.mark.xml#sSpan3066"/>
		<rel id="sPointingRel4719" xlink:href="scriptorium.life.phib.02.mark.xml#sSpan4586" target="scriptorium.life.phib.02.mark.xml#sSpan4584"/>
		<rel id="sPointingRel4721" xlink:href="scriptorium.life.phib.02.mark.xml#sSpan7979" target="scriptorium.life.phib.02.mark.xml#sSpan7981"/>
		<rel id="sPointingRel4723" xlink:href="scriptorium.life.phib.02.mark.xml#sSpan1309" target="scriptorium.life.phib.02.mark.xml#sSpan1310"/>
		<rel id="sPointingRel4725" xlink:href="scriptorium.life.phib.02.mark.xml#sSpan6237" target="scriptorium.life.phib.02.mark.xml#sSpan6238"/>
		<rel id="sPointingRel4727" xlink:href="scriptorium.life.phib.02.mark.xml#sSpan5903" target="scriptorium.life.phib.02.mark.xml#sSpan5905"/>
		<rel id="sPointingRel4729" xlink:href="scriptorium.life.phib.02.mark.xml#sSpan7365" target="scriptorium.life.phib.02.mark.xml#sSpan7366"/>
		<rel id="sPointingRel4731" xlink:href="scriptorium.life.phib.02.mark.xml#sSpan5348" target="scriptorium.life.phib.02.mark.xml#sSpan5349"/>
		<rel id="sPointingRel4733" xlink:href="scriptorium.life.phib.02.mark.xml#sSpan4486" target="scriptorium.life.phib.02.mark.xml#sSpan4487"/>
		<rel id="sPointingRel4735" xlink:href="scriptorium.life.phib.02.mark.xml#sSpan2485" target="scriptorium.life.phib.02.mark.xml#sSpan2487"/>
		<rel id="sPointingRel4737" xlink:href="scriptorium.life.phib.02.mark.xml#sSpan852" target="scriptorium.life.phib.02.mark.xml#sSpan853"/>
		<rel id="sPointingRel4739" xlink:href="scriptorium.life.phib.02.mark.xml#sSpan1822" target="scriptorium.life.phib.02.mark.xml#sSpan1824"/>
		<rel id="sPointingRel4741" xlink:href="scriptorium.life.phib.02.mark.xml#sSpan1086" target="scriptorium.life.phib.02.mark.xml#sSpan1088"/>
		<rel id="sPointingRel4743" xlink:href="scriptorium.life.phib.02.mark.xml#sSpan942" target="scriptorium.life.phib.02.mark.xml#sSpan944"/>
		<rel id="sPointingRel4745" xlink:href="scriptorium.life.phib.02.mark.xml#sSpan1287" target="scriptorium.life.phib.02.mark.xml#sSpan1288"/>
		<rel id="sPointingRel4747" xlink:href="scriptorium.life.phib.02.mark.xml#sSpan4310" target="scriptorium.life.phib.02.mark.xml#sSpan4308"/>
		<rel id="sPointingRel4749" xlink:href="scriptorium.life.phib.02.mark.xml#sSpan6474" target="scriptorium.life.phib.02.mark.xml#sSpan6475"/>
		<rel id="sPointingRel4751" xlink:href="scriptorium.life.phib.02.mark.xml#sSpan4279" target="scriptorium.life.phib.02.mark.xml#sSpan4280"/>
		<rel id="sPointingRel4753" xlink:href="scriptorium.life.phib.02.mark.xml#sSpan3748" target="scriptorium.life.phib.02.mark.xml#sSpan3755"/>
		<rel id="sPointingRel4755" xlink:href="scriptorium.life.phib.02.mark.xml#sSpan7797" target="scriptorium.life.phib.02.mark.xml#sSpan7795"/>
		<rel id="sPointingRel4757" xlink:href="scriptorium.life.phib.02.mark.xml#sSpan289" target="scriptorium.life.phib.02.mark.xml#sSpan290"/>
		<rel id="sPointingRel4759" xlink:href="scriptorium.life.phib.02.mark.xml#sSpan5889" target="scriptorium.life.phib.02.mark.xml#sSpan5887"/>
		<rel id="sPointingRel4761" xlink:href="scriptorium.life.phib.02.mark.xml#sSpan1191" target="scriptorium.life.phib.02.mark.xml#sSpan1193"/>
		<rel id="sPointingRel4763" xlink:href="scriptorium.life.phib.02.mark.xml#sSpan699" target="scriptorium.life.phib.02.mark.xml#sSpan700"/>
		<rel id="sPointingRel4765" xlink:href="scriptorium.life.phib.02.mark.xml#sSpan7173" target="scriptorium.life.phib.02.mark.xml#sSpan7174"/>
		<rel id="sPointingRel4767" xlink:href="scriptorium.life.phib.02.mark.xml#sSpan1065" target="scriptorium.life.phib.02.mark.xml#sSpan1063"/>
		<rel id="sPointingRel4769" xlink:href="scriptorium.life.phib.02.mark.xml#sSpan5143" target="scriptorium.life.phib.02.mark.xml#sSpan5144"/>
		<rel id="sPointingRel4771" xlink:href="scriptorium.life.phib.02.mark.xml#sSpan5130" target="scriptorium.life.phib.02.mark.xml#sSpan5128"/>
		<rel id="sPointingRel4773" xlink:href="scriptorium.life.phib.02.mark.xml#sSpan4812" target="scriptorium.life.phib.02.mark.xml#sSpan4814"/>
		<rel id="sPointingRel4775" xlink:href="scriptorium.life.phib.02.mark.xml#sSpan1171" target="scriptorium.life.phib.02.mark.xml#sSpan1169"/>
		<rel id="sPointingRel4777" xlink:href="scriptorium.life.phib.02.mark.xml#sSpan5300" target="scriptorium.life.phib.02.mark.xml#sSpan5298"/>
		<rel id="sPointingRel4779" xlink:href="scriptorium.life.phib.02.mark.xml#sSpan5711" target="scriptorium.life.phib.02.mark.xml#sSpan5713"/>
		<rel id="sPointingRel4781" xlink:href="scriptorium.life.phib.02.mark.xml#sSpan2170" target="scriptorium.life.phib.02.mark.xml#sSpan2171"/>
		<rel id="sPointingRel4783" xlink:href="scriptorium.life.phib.02.mark.xml#sSpan6015" target="scriptorium.life.phib.02.mark.xml#sSpan6017"/>
		<rel id="sPointingRel4785" xlink:href="scriptorium.life.phib.02.mark.xml#sSpan2476" target="scriptorium.life.phib.02.mark.xml#sSpan2477"/>
		<rel id="sPointingRel4787" xlink:href="scriptorium.life.phib.02.mark.xml#sSpan5652" target="scriptorium.life.phib.02.mark.xml#sSpan5653"/>
		<rel id="sPointingRel4789" xlink:href="scriptorium.life.phib.02.mark.xml#sSpan3379" target="scriptorium.life.phib.02.mark.xml#sSpan3377"/>
		<rel id="sPointingRel4791" xlink:href="scriptorium.life.phib.02.mark.xml#sSpan446" target="scriptorium.life.phib.02.mark.xml#sSpan447"/>
		<rel id="sPointingRel4793" xlink:href="scriptorium.life.phib.02.mark.xml#sSpan6178" target="scriptorium.life.phib.02.mark.xml#sSpan6179"/>
		<rel id="sPointingRel4795" xlink:href="scriptorium.life.phib.02.mark.xml#sSpan3952" target="scriptorium.life.phib.02.mark.xml#sSpan3962"/>
		<rel id="sPointingRel4797" xlink:href="scriptorium.life.phib.02.mark.xml#sSpan3763" target="scriptorium.life.phib.02.mark.xml#sSpan3768"/>
		<rel id="sPointingRel4799" xlink:href="scriptorium.life.phib.02.mark.xml#sSpan7182" target="scriptorium.life.phib.02.mark.xml#sSpan7183"/>
		<rel id="sPointingRel4801" xlink:href="scriptorium.life.phib.02.mark.xml#sSpan3990" target="scriptorium.life.phib.02.mark.xml#sSpan3988"/>
		<rel id="sPointingRel4803" xlink:href="scriptorium.life.phib.02.mark.xml#sSpan7557" target="scriptorium.life.phib.02.mark.xml#sSpan7558"/>
		<rel id="sPointingRel4805" xlink:href="scriptorium.life.phib.02.mark.xml#sSpan823" target="scriptorium.life.phib.02.mark.xml#sSpan827"/>
		<rel id="sPointingRel4807" xlink:href="scriptorium.life.phib.02.mark.xml#sSpan2932" target="scriptorium.life.phib.02.mark.xml#sSpan2934"/>
		<rel id="sPointingRel4809" xlink:href="scriptorium.life.phib.02.mark.xml#sSpan7721" target="scriptorium.life.phib.02.mark.xml#sSpan7723"/>
		<rel id="sPointingRel4811" xlink:href="scriptorium.life.phib.02.mark.xml#sSpan4658" target="scriptorium.life.phib.02.mark.xml#sSpan4656"/>
		<rel id="sPointingRel4813" xlink:href="scriptorium.life.phib.02.mark.xml#sSpan2581" target="scriptorium.life.phib.02.mark.xml#sSpan2576"/>
		<rel id="sPointingRel4815" xlink:href="scriptorium.life.phib.02.mark.xml#sSpan551" target="scriptorium.life.phib.02.mark.xml#sSpan552"/>
		<rel id="sPointingRel4817" xlink:href="scriptorium.life.phib.02.mark.xml#sSpan269" target="scriptorium.life.phib.02.mark.xml#sSpan270"/>
		<rel id="sPointingRel4819" xlink:href="scriptorium.life.phib.02.mark.xml#sSpan1500" target="scriptorium.life.phib.02.mark.xml#sSpan1501"/>
		<rel id="sPointingRel4821" xlink:href="scriptorium.life.phib.02.mark.xml#sSpan7132" target="scriptorium.life.phib.02.mark.xml#sSpan7128"/>
		<rel id="sPointingRel4823" xlink:href="scriptorium.life.phib.02.mark.xml#sSpan3417" target="scriptorium.life.phib.02.mark.xml#sSpan3415"/>
		<rel id="sPointingRel4825" xlink:href="scriptorium.life.phib.02.mark.xml#sSpan891" target="scriptorium.life.phib.02.mark.xml#sSpan892"/>
		<rel id="sPointingRel4827" xlink:href="scriptorium.life.phib.02.mark.xml#sSpan1493" target="scriptorium.life.phib.02.mark.xml#sSpan1491"/>
		<rel id="sPointingRel4829" xlink:href="scriptorium.life.phib.02.mark.xml#sSpan2743" target="scriptorium.life.phib.02.mark.xml#sSpan2745"/>
		<rel id="sPointingRel4831" xlink:href="scriptorium.life.phib.02.mark.xml#sSpan2234" target="scriptorium.life.phib.02.mark.xml#sSpan2237"/>
		<rel id="sPointingRel4833" xlink:href="scriptorium.life.phib.02.mark.xml#sSpan5211" target="scriptorium.life.phib.02.mark.xml#sSpan5212"/>
		<rel id="sPointingRel4835" xlink:href="scriptorium.life.phib.02.mark.xml#sSpan1423" target="scriptorium.life.phib.02.mark.xml#sSpan1425"/>
		<rel id="sPointingRel4837" xlink:href="scriptorium.life.phib.02.mark.xml#sSpan1861" target="scriptorium.life.phib.02.mark.xml#sSpan1863"/>
		<rel id="sPointingRel4839" xlink:href="scriptorium.life.phib.02.mark.xml#sSpan728" target="scriptorium.life.phib.02.mark.xml#sSpan731"/>
		<rel id="sPointingRel4841" xlink:href="scriptorium.life.phib.02.mark.xml#sSpan6790" target="scriptorium.life.phib.02.mark.xml#sSpan6787"/>
		<rel id="sPointingRel4843" xlink:href="scriptorium.life.phib.02.mark.xml#sSpan1204" target="scriptorium.life.phib.02.mark.xml#sSpan1199"/>
		<rel id="sPointingRel4845" xlink:href="scriptorium.life.phib.02.mark.xml#sSpan3245" target="scriptorium.life.phib.02.mark.xml#sSpan3246"/>
		<rel id="sPointingRel4847" xlink:href="scriptorium.life.phib.02.mark.xml#sSpan5239" target="scriptorium.life.phib.02.mark.xml#sSpan5255"/>
		<rel id="sPointingRel4849" xlink:href="scriptorium.life.phib.02.mark.xml#sSpan7850" target="scriptorium.life.phib.02.mark.xml#sSpan7851"/>
		<rel id="sPointingRel4851" xlink:href="scriptorium.life.phib.02.mark.xml#sSpan7236" target="scriptorium.life.phib.02.mark.xml#sSpan7234"/>
		<rel id="sPointingRel4853" xlink:href="scriptorium.life.phib.02.mark.xml#sSpan7994" target="scriptorium.life.phib.02.mark.xml#sSpan7995"/>
		<rel id="sPointingRel4855" xlink:href="scriptorium.life.phib.02.mark.xml#sSpan3525" target="scriptorium.life.phib.02.mark.xml#sSpan3526"/>
		<rel id="sPointingRel4857" xlink:href="scriptorium.life.phib.02.mark.xml#sSpan2835" target="scriptorium.life.phib.02.mark.xml#sSpan2833"/>
		<rel id="sPointingRel4859" xlink:href="scriptorium.life.phib.02.mark.xml#sSpan5800" target="scriptorium.life.phib.02.mark.xml#sSpan5802"/>
		<rel id="sPointingRel4861" xlink:href="scriptorium.life.phib.02.mark.xml#sSpan3143" target="scriptorium.life.phib.02.mark.xml#sSpan3144"/>
		<rel id="sPointingRel4863" xlink:href="scriptorium.life.phib.02.mark.xml#sSpan6598" target="scriptorium.life.phib.02.mark.xml#sSpan6596"/>
		<rel id="sPointingRel4865" xlink:href="scriptorium.life.phib.02.mark.xml#sSpan4533" target="scriptorium.life.phib.02.mark.xml#sSpan4534"/>
		<rel id="sPointingRel4867" xlink:href="scriptorium.life.phib.02.mark.xml#sSpan2124" target="scriptorium.life.phib.02.mark.xml#sSpan2125"/>
		<rel id="sPointingRel4869" xlink:href="scriptorium.life.phib.02.mark.xml#sSpan2919" target="scriptorium.life.phib.02.mark.xml#sSpan2920"/>
		<rel id="sPointingRel4871" xlink:href="scriptorium.life.phib.02.mark.xml#sSpan6345" target="scriptorium.life.phib.02.mark.xml#sSpan6346"/>
		<rel id="sPointingRel4873" xlink:href="scriptorium.life.phib.02.mark.xml#sSpan3694" target="scriptorium.life.phib.02.mark.xml#sSpan3695"/>
		<rel id="sPointingRel4875" xlink:href="scriptorium.life.phib.02.mark.xml#sSpan2824" target="scriptorium.life.phib.02.mark.xml#sSpan2827"/>
		<rel id="sPointingRel4877" xlink:href="scriptorium.life.phib.02.mark.xml#sSpan7575" target="scriptorium.life.phib.02.mark.xml#sSpan7576"/>
		<rel id="sPointingRel4879" xlink:href="scriptorium.life.phib.02.mark.xml#sSpan3677" target="scriptorium.life.phib.02.mark.xml#sSpan3678"/>
		<rel id="sPointingRel4881" xlink:href="scriptorium.life.phib.02.mark.xml#sSpan511" target="scriptorium.life.phib.02.mark.xml#sSpan525"/>
		<rel id="sPointingRel4883" xlink:href="scriptorium.life.phib.02.mark.xml#sSpan1957" target="scriptorium.life.phib.02.mark.xml#sSpan1958"/>
		<rel id="sPointingRel4885" xlink:href="scriptorium.life.phib.02.mark.xml#sSpan1296" target="scriptorium.life.phib.02.mark.xml#sSpan1294"/>
		<rel id="sPointingRel4887" xlink:href="scriptorium.life.phib.02.mark.xml#sSpan4180" target="scriptorium.life.phib.02.mark.xml#sSpan4181"/>
		<rel id="sPointingRel4889" xlink:href="scriptorium.life.phib.02.mark.xml#sSpan6432" target="scriptorium.life.phib.02.mark.xml#sSpan6433"/>
		<rel id="sPointingRel4891" xlink:href="scriptorium.life.phib.02.mark.xml#sSpan2626" target="scriptorium.life.phib.02.mark.xml#sSpan2628"/>
		<rel id="sPointingRel4893" xlink:href="scriptorium.life.phib.02.mark.xml#sSpan2497" target="scriptorium.life.phib.02.mark.xml#sSpan2499"/>
		<rel id="sPointingRel4895" xlink:href="scriptorium.life.phib.02.mark.xml#sSpan6315" target="scriptorium.life.phib.02.mark.xml#sSpan6316"/>
		<rel id="sPointingRel4897" xlink:href="scriptorium.life.phib.02.mark.xml#sSpan7164" target="scriptorium.life.phib.02.mark.xml#sSpan7165"/>
		<rel id="sPointingRel4899" xlink:href="scriptorium.life.phib.02.mark.xml#sSpan162" target="scriptorium.life.phib.02.mark.xml#sSpan164"/>
		<rel id="sPointingRel4901" xlink:href="scriptorium.life.phib.02.mark.xml#sSpan8042" target="scriptorium.life.phib.02.mark.xml#sSpan8044"/>
		<rel id="sPointingRel4903" xlink:href="scriptorium.life.phib.02.mark.xml#sSpan1604" target="scriptorium.life.phib.02.mark.xml#sSpan1605"/>
		<rel id="sPointingRel4905" xlink:href="scriptorium.life.phib.02.mark.xml#sSpan4511" target="scriptorium.life.phib.02.mark.xml#sSpan4515"/>
		<rel id="sPointingRel4907" xlink:href="scriptorium.life.phib.02.mark.xml#sSpan3004" target="scriptorium.life.phib.02.mark.xml#sSpan3005"/>
		<rel id="sPointingRel4909" xlink:href="scriptorium.life.phib.02.mark.xml#sSpan6702" target="scriptorium.life.phib.02.mark.xml#sSpan6700"/>
		<rel id="sPointingRel4911" xlink:href="scriptorium.life.phib.02.mark.xml#sSpan2438" target="scriptorium.life.phib.02.mark.xml#sSpan2440"/>
		<rel id="sPointingRel4913" xlink:href="scriptorium.life.phib.02.mark.xml#sSpan3883" target="scriptorium.life.phib.02.mark.xml#sSpan3885"/>
		<rel id="sPointingRel4915" xlink:href="scriptorium.life.phib.02.mark.xml#sSpan2258" target="scriptorium.life.phib.02.mark.xml#sSpan2261"/>
		<rel id="sPointingRel4917" xlink:href="scriptorium.life.phib.02.mark.xml#sSpan30" target="scriptorium.life.phib.02.mark.xml#sSpan31"/>
		<rel id="sPointingRel4919" xlink:href="scriptorium.life.phib.02.mark.xml#sSpan7969" target="scriptorium.life.phib.02.mark.xml#sSpan7971"/>
		<rel id="sPointingRel4921" xlink:href="scriptorium.life.phib.02.mark.xml#sSpan4876" target="scriptorium.life.phib.02.mark.xml#sSpan4878"/>
		<rel id="sPointingRel4923" xlink:href="scriptorium.life.phib.02.mark.xml#sSpan644" target="scriptorium.life.phib.02.mark.xml#sSpan646"/>
		<rel id="sPointingRel4925" xlink:href="scriptorium.life.phib.02.mark.xml#sSpan3839" target="scriptorium.life.phib.02.mark.xml#sSpan3840"/>
		<rel id="sPointingRel4927" xlink:href="scriptorium.life.phib.02.mark.xml#sSpan6768" target="scriptorium.life.phib.02.mark.xml#sSpan6769"/>
		<rel id="sPointingRel4929" xlink:href="scriptorium.life.phib.02.mark.xml#sSpan6759" target="scriptorium.life.phib.02.mark.xml#sSpan6757"/>
		<rel id="sPointingRel4931" xlink:href="scriptorium.life.phib.02.mark.xml#sSpan4822" target="scriptorium.life.phib.02.mark.xml#sSpan4823"/>
		<rel id="sPointingRel4933" xlink:href="scriptorium.life.phib.02.mark.xml#sSpan5832" target="scriptorium.life.phib.02.mark.xml#sSpan5830"/>
		<rel id="sPointingRel4935" xlink:href="scriptorium.life.phib.02.mark.xml#sSpan7527" target="scriptorium.life.phib.02.mark.xml#sSpan7525"/>
		<rel id="sPointingRel4937" xlink:href="scriptorium.life.phib.02.mark.xml#sSpan4748" target="scriptorium.life.phib.02.mark.xml#sSpan4751"/>
		<rel id="sPointingRel4939" xlink:href="scriptorium.life.phib.02.mark.xml#sSpan6491" target="scriptorium.life.phib.02.mark.xml#sSpan6492"/>
		<rel id="sPointingRel4941" xlink:href="scriptorium.life.phib.02.mark.xml#sSpan4495" target="scriptorium.life.phib.02.mark.xml#sSpan4497"/>
		<rel id="sPointingRel4943" xlink:href="scriptorium.life.phib.02.mark.xml#sSpan2567" target="scriptorium.life.phib.02.mark.xml#sSpan2569"/>
		<rel id="sPointingRel4945" xlink:href="scriptorium.life.phib.02.mark.xml#sSpan6805" target="scriptorium.life.phib.02.mark.xml#sSpan6806"/>
		<rel id="sPointingRel4947" xlink:href="scriptorium.life.phib.02.mark.xml#sSpan7683" target="scriptorium.life.phib.02.mark.xml#sSpan7686"/>
		<rel id="sPointingRel4949" xlink:href="scriptorium.life.phib.02.mark.xml#sSpan5024" target="scriptorium.life.phib.02.mark.xml#sSpan5021"/>
		<rel id="sPointingRel4951" xlink:href="scriptorium.life.phib.02.mark.xml#sSpan55" target="scriptorium.life.phib.02.mark.xml#sSpan56"/>
		<rel id="sPointingRel4953" xlink:href="scriptorium.life.phib.02.mark.xml#sSpan6139" target="scriptorium.life.phib.02.mark.xml#sSpan6152"/>
		<rel id="sPointingRel4955" xlink:href="scriptorium.life.phib.02.mark.xml#sSpan7880" target="scriptorium.life.phib.02.mark.xml#sSpan7881"/>
		<rel id="sPointingRel4957" xlink:href="scriptorium.life.phib.02.mark.xml#sSpan7566" target="scriptorium.life.phib.02.mark.xml#sSpan7567"/>
		<rel id="sPointingRel4959" xlink:href="scriptorium.life.phib.02.mark.xml#sSpan4075" target="scriptorium.life.phib.02.mark.xml#sSpan4076"/>
		<rel id="sPointingRel4961" xlink:href="scriptorium.life.phib.02.mark.xml#sSpan1848" target="scriptorium.life.phib.02.mark.xml#sSpan1846"/>
		<rel id="sPointingRel4963" xlink:href="scriptorium.life.phib.02.mark.xml#sSpan5696" target="scriptorium.life.phib.02.mark.xml#sSpan5697"/>
		<rel id="sPointingRel4965" xlink:href="scriptorium.life.phib.02.mark.xml#sSpan2697" target="scriptorium.life.phib.02.mark.xml#sSpan2698"/>
		<rel id="sPointingRel4967" xlink:href="scriptorium.life.phib.02.mark.xml#sSpan1374" target="scriptorium.life.phib.02.mark.xml#sSpan1379"/>
		<rel id="sPointingRel4969" xlink:href="scriptorium.life.phib.02.mark.xml#sSpan6828" target="scriptorium.life.phib.02.mark.xml#sSpan6829"/>
		<rel id="sPointingRel4971" xlink:href="scriptorium.life.phib.02.mark.xml#sSpan3569" target="scriptorium.life.phib.02.mark.xml#sSpan3571"/>
		<rel id="sPointingRel4973" xlink:href="scriptorium.life.phib.02.mark.xml#sSpan1807" target="scriptorium.life.phib.02.mark.xml#sSpan1805"/>
		<rel id="sPointingRel4975" xlink:href="scriptorium.life.phib.02.mark.xml#sSpan8014" target="scriptorium.life.phib.02.mark.xml#sSpan8023"/>
		<rel id="sPointingRel4977" xlink:href="scriptorium.life.phib.02.mark.xml#sSpan4986" target="scriptorium.life.phib.02.mark.xml#sSpan4984"/>
		<rel id="sPointingRel4979" xlink:href="scriptorium.life.phib.02.mark.xml#sSpan3134" target="scriptorium.life.phib.02.mark.xml#sSpan3135"/>
		<rel id="sPointingRel4981" xlink:href="scriptorium.life.phib.02.mark.xml#sSpan4120" target="scriptorium.life.phib.02.mark.xml#sSpan4123"/>
		<rel id="sPointingRel4983" xlink:href="scriptorium.life.phib.02.mark.xml#sSpan2416" target="scriptorium.life.phib.02.mark.xml#sSpan2424"/>
		<rel id="sPointingRel4985" xlink:href="scriptorium.life.phib.02.mark.xml#sSpan5535" target="scriptorium.life.phib.02.mark.xml#sSpan5545"/>
		<rel id="sPointingRel4987" xlink:href="scriptorium.life.phib.02.mark.xml#sSpan3854" target="scriptorium.life.phib.02.mark.xml#sSpan3855"/>
		<rel id="sPointingRel4989" xlink:href="scriptorium.life.phib.02.mark.xml#sSpan6306" target="scriptorium.life.phib.02.mark.xml#sSpan6307"/>
		<rel id="sPointingRel4991" xlink:href="scriptorium.life.phib.02.mark.xml#sSpan395" target="scriptorium.life.phib.02.mark.xml#sSpan396"/>
		<rel id="sPointingRel4993" xlink:href="scriptorium.life.phib.02.mark.xml#sSpan6218" target="scriptorium.life.phib.02.mark.xml#sSpan6220"/>
		<rel id="sPointingRel4995" xlink:href="scriptorium.life.phib.02.mark.xml#sSpan6657" target="scriptorium.life.phib.02.mark.xml#sSpan6659"/>
		<rel id="sPointingRel4997" xlink:href="scriptorium.life.phib.02.mark.xml#sSpan3258" target="scriptorium.life.phib.02.mark.xml#sSpan3259"/>
		<rel id="sPointingRel4999" xlink:href="scriptorium.life.phib.02.mark.xml#sSpan2152" target="scriptorium.life.phib.02.mark.xml#sSpan2153"/>
		<rel id="sPointingRel5001" xlink:href="scriptorium.life.phib.02.mark.xml#sSpan5112" target="scriptorium.life.phib.02.mark.xml#sSpan5117"/>
		<rel id="sPointingRel5003" xlink:href="scriptorium.life.phib.02.mark.xml#sSpan3192" target="scriptorium.life.phib.02.mark.xml#sSpan3188"/>
		<rel id="sPointingRel5005" xlink:href="scriptorium.life.phib.02.mark.xml#sSpan4920" target="scriptorium.life.phib.02.mark.xml#sSpan4921"/>
		<rel id="sPointingRel5007" xlink:href="scriptorium.life.phib.02.mark.xml#sSpan5687" target="scriptorium.life.phib.02.mark.xml#sSpan5688"/>
		<rel id="sPointingRel5009" xlink:href="scriptorium.life.phib.02.mark.xml#sSpan4340" target="scriptorium.life.phib.02.mark.xml#sSpan4344"/>
		<rel id="sPointingRel5011" xlink:href="scriptorium.life.phib.02.mark.xml#sSpan317" target="scriptorium.life.phib.02.mark.xml#sSpan318"/>
		<rel id="sPointingRel5013" xlink:href="scriptorium.life.phib.02.mark.xml#sSpan1450" target="scriptorium.life.phib.02.mark.xml#sSpan1451"/>
		<rel id="sPointingRel5015" xlink:href="scriptorium.life.phib.02.mark.xml#sSpan7741" target="scriptorium.life.phib.02.mark.xml#sSpan7744"/>
		<rel id="sPointingRel5017" xlink:href="scriptorium.life.phib.02.mark.xml#sSpan7825" target="scriptorium.life.phib.02.mark.xml#sSpan7828"/>
		<rel id="sPointingRel5019" xlink:href="scriptorium.life.phib.02.mark.xml#sSpan3364" target="scriptorium.life.phib.02.mark.xml#sSpan3365"/>
		<rel id="sPointingRel5021" xlink:href="scriptorium.life.phib.02.mark.xml#sSpan6934" target="scriptorium.life.phib.02.mark.xml#sSpan6935"/>
		<rel id="sPointingRel5023" xlink:href="scriptorium.life.phib.02.mark.xml#sSpan2221" target="scriptorium.life.phib.02.mark.xml#sSpan2225"/>
		<rel id="sPointingRel5025" xlink:href="scriptorium.life.phib.02.mark.xml#sSpan5987" target="scriptorium.life.phib.02.mark.xml#sSpan5988"/>
		<rel id="sPointingRel5027" xlink:href="scriptorium.life.phib.02.mark.xml#sSpan502" target="scriptorium.life.phib.02.mark.xml#sSpan503"/>
		<rel id="sPointingRel5029" xlink:href="scriptorium.life.phib.02.mark.xml#sSpan4169" target="scriptorium.life.phib.02.mark.xml#sSpan4167"/>
		<rel id="sPointingRel5031" xlink:href="scriptorium.life.phib.02.mark.xml#sSpan2864" target="scriptorium.life.phib.02.mark.xml#sSpan2865"/>
		<rel id="sPointingRel5033" xlink:href="scriptorium.life.phib.02.mark.xml#sSpan1509" target="scriptorium.life.phib.02.mark.xml#sSpan1507"/>
		<rel id="sPointingRel5035" xlink:href="scriptorium.life.phib.02.mark.xml#sSpan2658" target="scriptorium.life.phib.02.mark.xml#sSpan2659"/>
		<rel id="sPointingRel5037" xlink:href="scriptorium.life.phib.02.mark.xml#sSpan2363" target="scriptorium.life.phib.02.mark.xml#sSpan2361"/>
		<rel id="sPointingRel5039" xlink:href="scriptorium.life.phib.02.mark.xml#sSpan4055" target="scriptorium.life.phib.02.mark.xml#sSpan4053"/>
		<rel id="sPointingRel5041" xlink:href="scriptorium.life.phib.02.mark.xml#sSpan7733" target="scriptorium.life.phib.02.mark.xml#sSpan7737"/>
		<rel id="sPointingRel5043" xlink:href="scriptorium.life.phib.02.mark.xml#sSpan480" target="scriptorium.life.phib.02.mark.xml#sSpan478"/>
		<rel id="sPointingRel5045" xlink:href="scriptorium.life.phib.02.mark.xml#sSpan4239" target="scriptorium.life.phib.02.mark.xml#sSpan4237"/>
		<rel id="sPointingRel5047" xlink:href="scriptorium.life.phib.02.mark.xml#sSpan6256" target="scriptorium.life.phib.02.mark.xml#sSpan6257"/>
		<rel id="sPointingRel5049" xlink:href="scriptorium.life.phib.02.mark.xml#sSpan1356" target="scriptorium.life.phib.02.mark.xml#sSpan1354"/>
		<rel id="sPointingRel5051" xlink:href="scriptorium.life.phib.02.mark.xml#sSpan5315" target="scriptorium.life.phib.02.mark.xml#sSpan5316"/>
		<rel id="sPointingRel5053" xlink:href="scriptorium.life.phib.02.mark.xml#sSpan3703" target="scriptorium.life.phib.02.mark.xml#sSpan3705"/>
		<rel id="sPointingRel5055" xlink:href="scriptorium.life.phib.02.mark.xml#sSpan4210" target="scriptorium.life.phib.02.mark.xml#sSpan4212"/>
		<rel id="sPointingRel5057" xlink:href="scriptorium.life.phib.02.mark.xml#sSpan1138" target="scriptorium.life.phib.02.mark.xml#sSpan1149"/>
		<rel id="sPointingRel5059" xlink:href="scriptorium.life.phib.02.mark.xml#sSpan4794" target="scriptorium.life.phib.02.mark.xml#sSpan4795"/>
		<rel id="sPointingRel5061" xlink:href="scriptorium.life.phib.02.mark.xml#sSpan7081" target="scriptorium.life.phib.02.mark.xml#sSpan7082"/>
		<rel id="sPointingRel5063" xlink:href="scriptorium.life.phib.02.mark.xml#sSpan7266" target="scriptorium.life.phib.02.mark.xml#sSpan7269"/>
		<rel id="sPointingRel5065" xlink:href="scriptorium.life.phib.02.mark.xml#sSpan7611" target="scriptorium.life.phib.02.mark.xml#sSpan7612"/>
		<rel id="sPointingRel5067" xlink:href="scriptorium.life.phib.02.mark.xml#sSpan4404" target="scriptorium.life.phib.02.mark.xml#sSpan4412"/>
		<rel id="sPointingRel5069" xlink:href="scriptorium.life.phib.02.mark.xml#sSpan4452" target="scriptorium.life.phib.02.mark.xml#sSpan4453"/>
		<rel id="sPointingRel5071" xlink:href="scriptorium.life.phib.02.mark.xml#sSpan65" target="scriptorium.life.phib.02.mark.xml#sSpan67"/>
		<rel id="sPointingRel5073" xlink:href="scriptorium.life.phib.02.mark.xml#sSpan1099" target="scriptorium.life.phib.02.mark.xml#sSpan1100"/>
		<rel id="sPointingRel5075" xlink:href="scriptorium.life.phib.02.mark.xml#sSpan6589" target="scriptorium.life.phib.02.mark.xml#sSpan6596"/>
		<rel id="sPointingRel5077" xlink:href="scriptorium.life.phib.02.mark.xml#sSpan2560" target="scriptorium.life.phib.02.mark.xml#sSpan2558"/>
		<rel id="sPointingRel5079" xlink:href="scriptorium.life.phib.02.mark.xml#sSpan1523" target="scriptorium.life.phib.02.mark.xml#sSpan1525"/>
		<rel id="sPointingRel5081" xlink:href="scriptorium.life.phib.02.mark.xml#sSpan468" target="scriptorium.life.phib.02.mark.xml#sSpan466"/>
		<rel id="sPointingRel5083" xlink:href="scriptorium.life.phib.02.mark.xml#sSpan1983" target="scriptorium.life.phib.02.mark.xml#sSpan1984"/>
		<rel id="sPointingRel5085" xlink:href="scriptorium.life.phib.02.mark.xml#sSpan3339" target="scriptorium.life.phib.02.mark.xml#sSpan3345"/>
		<rel id="sPointingRel5087" xlink:href="scriptorium.life.phib.02.mark.xml#sSpan608" target="scriptorium.life.phib.02.mark.xml#sSpan609"/>
		<rel id="sPointingRel5089" xlink:href="scriptorium.life.phib.02.mark.xml#sSpan4523" target="scriptorium.life.phib.02.mark.xml#sSpan4525"/>
		<rel id="sPointingRel5091" xlink:href="scriptorium.life.phib.02.mark.xml#sSpan5391" target="scriptorium.life.phib.02.mark.xml#sSpan5393"/>
		<rel id="sPointingRel5093" xlink:href="scriptorium.life.phib.02.mark.xml#sSpan7536" target="scriptorium.life.phib.02.mark.xml#sSpan7533"/>
		<rel id="sPointingRel5095" xlink:href="scriptorium.life.phib.02.mark.xml#sSpan7905" target="scriptorium.life.phib.02.mark.xml#sSpan7906"/>
		<rel id="sPointingRel5097" xlink:href="scriptorium.life.phib.02.mark.xml#sSpan1669" target="scriptorium.life.phib.02.mark.xml#sSpan1670"/>
		<rel id="sPointingRel5099" xlink:href="scriptorium.life.phib.02.mark.xml#sSpan1318" target="scriptorium.life.phib.02.mark.xml#sSpan1320"/>
		<rel id="sPointingRel5101" xlink:href="scriptorium.life.phib.02.mark.xml#sSpan6506" target="scriptorium.life.phib.02.mark.xml#sSpan6515"/>
		<rel id="sPointingRel5103" xlink:href="scriptorium.life.phib.02.mark.xml#sSpan7943" target="scriptorium.life.phib.02.mark.xml#sSpan7941"/>
		<rel id="sPointingRel5105" xlink:href="scriptorium.life.phib.02.mark.xml#sSpan4647" target="scriptorium.life.phib.02.mark.xml#sSpan4650"/>
		<rel id="sPointingRel5107" xlink:href="scriptorium.life.phib.02.mark.xml#sSpan6562" target="scriptorium.life.phib.02.mark.xml#sSpan6560"/>
		<rel id="sPointingRel5109" xlink:href="scriptorium.life.phib.02.mark.xml#sSpan3894" target="scriptorium.life.phib.02.mark.xml#sSpan3892"/>
		<rel id="sPointingRel5111" xlink:href="scriptorium.life.phib.02.mark.xml#sSpan5229" target="scriptorium.life.phib.02.mark.xml#sSpan5231"/>
		<rel id="sPointingRel5113" xlink:href="scriptorium.life.phib.02.mark.xml#sSpan4886" target="scriptorium.life.phib.02.mark.xml#sSpan4887"/>
		<rel id="sPointingRel5115" xlink:href="scriptorium.life.phib.02.mark.xml#sSpan7209" target="scriptorium.life.phib.02.mark.xml#sSpan7210"/>
		<rel id="sPointingRel5117" xlink:href="scriptorium.life.phib.02.mark.xml#sSpan5473" target="scriptorium.life.phib.02.mark.xml#sSpan5480"/>
		<rel id="sPointingRel5119" xlink:href="scriptorium.life.phib.02.mark.xml#sSpan1555" target="scriptorium.life.phib.02.mark.xml#sSpan1552"/>
		<rel id="sPointingRel5121" xlink:href="scriptorium.life.phib.02.mark.xml#sSpan1459" target="scriptorium.life.phib.02.mark.xml#sSpan1460"/>
		<rel id="sPointingRel5123" xlink:href="scriptorium.life.phib.02.mark.xml#sSpan5595" target="scriptorium.life.phib.02.mark.xml#sSpan5593"/>
		<rel id="sPointingRel5125" xlink:href="scriptorium.life.phib.02.mark.xml#sSpan2730" target="scriptorium.life.phib.02.mark.xml#sSpan2728"/>
		<rel id="sPointingRel5127" xlink:href="scriptorium.life.phib.02.mark.xml#sSpan5334" target="scriptorium.life.phib.02.mark.xml#sSpan5336"/>
		<rel id="sPointingRel5129" xlink:href="scriptorium.life.phib.02.mark.xml#sSpan8087" target="scriptorium.life.phib.02.mark.xml#sSpan8085"/>
		<rel id="sPointingRel5131" xlink:href="scriptorium.life.phib.02.mark.xml#sSpan3154" target="scriptorium.life.phib.02.mark.xml#sSpan3155"/>
		<rel id="sPointingRel5133" xlink:href="scriptorium.life.phib.02.mark.xml#sSpan1994" target="scriptorium.life.phib.02.mark.xml#sSpan1992"/>
		<rel id="sPointingRel5135" xlink:href="scriptorium.life.phib.02.mark.xml#sSpan7252" target="scriptorium.life.phib.02.mark.xml#sSpan7253"/>
		<rel id="sPointingRel5137" xlink:href="scriptorium.life.phib.02.mark.xml#sSpan106" target="scriptorium.life.phib.02.mark.xml#sSpan111"/>
		<rel id="sPointingRel5139" xlink:href="scriptorium.life.phib.02.mark.xml#sSpan7670" target="scriptorium.life.phib.02.mark.xml#sSpan7671"/>
		<rel id="sPointingRel5141" xlink:href="scriptorium.life.phib.02.mark.xml#sSpan4375" target="scriptorium.life.phib.02.mark.xml#sSpan4373"/>
		<rel id="sPointingRel5143" xlink:href="scriptorium.life.phib.02.mark.xml#sSpan790" target="scriptorium.life.phib.02.mark.xml#sSpan792"/>
		<rel id="sPointingRel5145" xlink:href="scriptorium.life.phib.02.mark.xml#sSpan4133" target="scriptorium.life.phib.02.mark.xml#sSpan4129"/>
		<rel id="sPointingRel5147" xlink:href="scriptorium.life.phib.02.mark.xml#sSpan3980" target="scriptorium.life.phib.02.mark.xml#sSpan3982"/>
		<rel id="sPointingRel5149" xlink:href="scriptorium.life.phib.02.mark.xml#sSpan5667" target="scriptorium.life.phib.02.mark.xml#sSpan5669"/>
		<rel id="sPointingRel5151" xlink:href="scriptorium.life.phib.02.mark.xml#sSpan1575" target="scriptorium.life.phib.02.mark.xml#sSpan1576"/>
		<rel id="sPointingRel5153" xlink:href="scriptorium.life.phib.02.mark.xml#sSpan677" target="scriptorium.life.phib.02.mark.xml#sSpan678"/>
		<rel id="sPointingRel5155" xlink:href="scriptorium.life.phib.02.mark.xml#sSpan2247" target="scriptorium.life.phib.02.mark.xml#sSpan2249"/>
		<rel id="sPointingRel5157" xlink:href="scriptorium.life.phib.02.mark.xml#sSpan4785" target="scriptorium.life.phib.02.mark.xml#sSpan4786"/>
		<rel id="sPointingRel5159" xlink:href="scriptorium.life.phib.02.mark.xml#sSpan3500" target="scriptorium.life.phib.02.mark.xml#sSpan3507"/>
		<rel id="sPointingRel5161" xlink:href="scriptorium.life.phib.02.mark.xml#sSpan3306" target="scriptorium.life.phib.02.mark.xml#sSpan3307"/>
		<rel id="sPointingRel5163" xlink:href="scriptorium.life.phib.02.mark.xml#sSpan6189" target="scriptorium.life.phib.02.mark.xml#sSpan6190"/>
		<rel id="sPointingRel5165" xlink:href="scriptorium.life.phib.02.mark.xml#sSpan6228" target="scriptorium.life.phib.02.mark.xml#sSpan6229"/>
		<rel id="sPointingRel5167" xlink:href="scriptorium.life.phib.02.mark.xml#sSpan7661" target="scriptorium.life.phib.02.mark.xml#sSpan7662"/>
		<rel id="sPointingRel5169" xlink:href="scriptorium.life.phib.02.mark.xml#sSpan7933" target="scriptorium.life.phib.02.mark.xml#sSpan7935"/>
		<rel id="sPointingRel5171" xlink:href="scriptorium.life.phib.02.mark.xml#sSpan7757" target="scriptorium.life.phib.02.mark.xml#sSpan7760"/>
		<rel id="sPointingRel5173" xlink:href="scriptorium.life.phib.02.mark.xml#sSpan352" target="scriptorium.life.phib.02.mark.xml#sSpan353"/>
		<rel id="sPointingRel5175" xlink:href="scriptorium.life.phib.02.mark.xml#sSpan1244" target="scriptorium.life.phib.02.mark.xml#sSpan1246"/>
		<rel id="sPointingRel5177" xlink:href="scriptorium.life.phib.02.mark.xml#sSpan6622" target="scriptorium.life.phib.02.mark.xml#sSpan6623"/>
		<rel id="sPointingRel5179" xlink:href="scriptorium.life.phib.02.mark.xml#sSpan7112" target="scriptorium.life.phib.02.mark.xml#sSpan7113"/>
		<rel id="sPointingRel5181" xlink:href="scriptorium.life.phib.02.mark.xml#sSpan6459" target="scriptorium.life.phib.02.mark.xml#sSpan6460"/>
		<rel id="sPointingRel5183" xlink:href="scriptorium.life.phib.02.mark.xml#sSpan3942" target="scriptorium.life.phib.02.mark.xml#sSpan3944"/>
		<rel id="sPointingRel5185" xlink:href="scriptorium.life.phib.02.mark.xml#sSpan7052" target="scriptorium.life.phib.02.mark.xml#sSpan7053"/>
		<rel id="sPointingRel5187" xlink:href="scriptorium.life.phib.02.mark.xml#sSpan2393" target="scriptorium.life.phib.02.mark.xml#sSpan2390"/>
		<rel id="sPointingRel5189" xlink:href="scriptorium.life.phib.02.mark.xml#sSpan7584" target="scriptorium.life.phib.02.mark.xml#sSpan7585"/>
		<rel id="sPointingRel5191" xlink:href="scriptorium.life.phib.02.mark.xml#sSpan2334" target="scriptorium.life.phib.02.mark.xml#sSpan2335"/>
		<rel id="sPointingRel5193" xlink:href="scriptorium.life.phib.02.mark.xml#sSpan2902" target="scriptorium.life.phib.02.mark.xml#sSpan2903"/>
		<rel id="sPointingRel5195" xlink:href="scriptorium.life.phib.02.mark.xml#sSpan2510" target="scriptorium.life.phib.02.mark.xml#sSpan2505"/>
		<rel id="sPointingRel5197" xlink:href="scriptorium.life.phib.02.mark.xml#sSpan5585" target="scriptorium.life.phib.02.mark.xml#sSpan5587"/>
		<rel id="sPointingRel5199" xlink:href="scriptorium.life.phib.02.mark.xml#sSpan6552" target="scriptorium.life.phib.02.mark.xml#sSpan6553"/>
		<rel id="sPointingRel5201" xlink:href="scriptorium.life.phib.02.mark.xml#sSpan1512" target="scriptorium.life.phib.02.mark.xml#sSpan1510"/>
		<rel id="sPointingRel5203" xlink:href="scriptorium.life.phib.02.mark.xml#sSpan5954" target="scriptorium.life.phib.02.mark.xml#sSpan5955"/>
		<rel id="sPointingRel5205" xlink:href="scriptorium.life.phib.02.mark.xml#sSpan1879" target="scriptorium.life.phib.02.mark.xml#sSpan1880"/>
		<rel id="sPointingRel5207" xlink:href="scriptorium.life.phib.02.mark.xml#sSpan4020" target="scriptorium.life.phib.02.mark.xml#sSpan4021"/>
		<rel id="sPointingRel5209" xlink:href="scriptorium.life.phib.02.mark.xml#sSpan1792" target="scriptorium.life.phib.02.mark.xml#sSpan1799"/>
		<rel id="sPointingRel5211" xlink:href="scriptorium.life.phib.02.mark.xml#sSpan586" target="scriptorium.life.phib.02.mark.xml#sSpan588"/>
		<rel id="sPointingRel5213" xlink:href="scriptorium.life.phib.02.mark.xml#sSpan3426" target="scriptorium.life.phib.02.mark.xml#sSpan3427"/>
		<rel id="sPointingRel5215" xlink:href="scriptorium.life.phib.02.mark.xml#sSpan3082" target="scriptorium.life.phib.02.mark.xml#sSpan3080"/>
		<rel id="sPointingRel5217" xlink:href="scriptorium.life.phib.02.mark.xml#sSpan1767" target="scriptorium.life.phib.02.mark.xml#sSpan1765"/>
		<rel id="sPointingRel5219" xlink:href="scriptorium.life.phib.02.mark.xml#sSpan1392" target="scriptorium.life.phib.02.mark.xml#sSpan1394"/>
		<rel id="sPointingRel5221" xlink:href="scriptorium.life.phib.02.mark.xml#sSpan5758" target="scriptorium.life.phib.02.mark.xml#sSpan5755"/>
		<rel id="sPointingRel5223" xlink:href="scriptorium.life.phib.02.mark.xml#sSpan3830" target="scriptorium.life.phib.02.mark.xml#sSpan3831"/>
		<rel id="sPointingRel5225" xlink:href="scriptorium.life.phib.02.mark.xml#sSpan412" target="scriptorium.life.phib.02.mark.xml#sSpan413"/>
		<rel id="sPointingRel5227" xlink:href="scriptorium.life.phib.02.mark.xml#sSpan6948" target="scriptorium.life.phib.02.mark.xml#sSpan6949"/>
		<rel id="sPointingRel5229" xlink:href="scriptorium.life.phib.02.mark.xml#sSpan3210" target="scriptorium.life.phib.02.mark.xml#sSpan3213"/>
		<rel id="sPointingRel5231" xlink:href="scriptorium.life.phib.02.mark.xml#sSpan7516" target="scriptorium.life.phib.02.mark.xml#sSpan7518"/>
		<rel id="sPointingRel5233" xlink:href="scriptorium.life.phib.02.mark.xml#sSpan2667" target="scriptorium.life.phib.02.mark.xml#sSpan2668"/>
		<rel id="sPointingRel5235" xlink:href="scriptorium.life.phib.02.mark.xml#sSpan3272" target="scriptorium.life.phib.02.mark.xml#sSpan3285"/>
		<rel id="sPointingRel5237" xlink:href="scriptorium.life.phib.02.mark.xml#sSpan181" target="scriptorium.life.phib.02.mark.xml#sSpan182"/>
		<rel id="sPointingRel5239" xlink:href="scriptorium.life.phib.02.mark.xml#sSpan3801" target="scriptorium.life.phib.02.mark.xml#sSpan3802"/>
		<rel id="sPointingRel5241" xlink:href="scriptorium.life.phib.02.mark.xml#sSpan2449" target="scriptorium.life.phib.02.mark.xml#sSpan2447"/>
		<rel id="sPointingRel5243" xlink:href="scriptorium.life.phib.02.mark.xml#sSpan5926" target="scriptorium.life.phib.02.mark.xml#sSpan5927"/>
		<rel id="sPointingRel5245" xlink:href="scriptorium.life.phib.02.mark.xml#sSpan2161" target="scriptorium.life.phib.02.mark.xml#sSpan2162"/>
		<rel id="sPointingRel5247" xlink:href="scriptorium.life.phib.02.mark.xml#sSpan6887" target="scriptorium.life.phib.02.mark.xml#sSpan6888"/>
		<rel id="sPointingRel5249" xlink:href="scriptorium.life.phib.02.mark.xml#sSpan1948" target="scriptorium.life.phib.02.mark.xml#sSpan1949"/>
		<rel id="sPointingRel5251" xlink:href="scriptorium.life.phib.02.mark.xml#sSpan6640" target="scriptorium.life.phib.02.mark.xml#sSpan6649"/>
		<rel id="sPointingRel5253" xlink:href="scriptorium.life.phib.02.mark.xml#sSpan3905" target="scriptorium.life.phib.02.mark.xml#sSpan3906"/>
		<rel id="sPointingRel5255" xlink:href="scriptorium.life.phib.02.mark.xml#sSpan2529" target="scriptorium.life.phib.02.mark.xml#sSpan2531"/>
		<rel id="sPointingRel5257" xlink:href="scriptorium.life.phib.02.mark.xml#sSpan1077" target="scriptorium.life.phib.02.mark.xml#sSpan1078"/>
		<rel id="sPointingRel5259" xlink:href="scriptorium.life.phib.02.mark.xml#sSpan6732" target="scriptorium.life.phib.02.mark.xml#sSpan6747"/>
		<rel id="sPointingRel5261" xlink:href="scriptorium.life.phib.02.mark.xml#sSpan5103" target="scriptorium.life.phib.02.mark.xml#sSpan5104"/>
		<rel id="sPointingRel5263" xlink:href="scriptorium.life.phib.02.mark.xml#sSpan1363" target="scriptorium.life.phib.02.mark.xml#sSpan1366"/>
		<rel id="sPointingRel5265" xlink:href="scriptorium.life.phib.02.mark.xml#sSpan956" target="scriptorium.life.phib.02.mark.xml#sSpan957"/>
		<rel id="sPointingRel5267" xlink:href="scriptorium.life.phib.02.mark.xml#sSpan2651" target="scriptorium.life.phib.02.mark.xml#sSpan2649"/>
		<rel id="sPointingRel5269" xlink:href="scriptorium.life.phib.02.mark.xml#sSpan7037" target="scriptorium.life.phib.02.mark.xml#sSpan7044"/>
		<rel id="sPointingRel5271" xlink:href="scriptorium.life.phib.02.mark.xml#sSpan1690" target="scriptorium.life.phib.02.mark.xml#sSpan1691"/>
		<rel id="sPointingRel5273" xlink:href="scriptorium.life.phib.02.mark.xml#sSpan7463" target="scriptorium.life.phib.02.mark.xml#sSpan7460"/>
		<rel id="sPointingRel5275" xlink:href="scriptorium.life.phib.02.mark.xml#sSpan243" target="scriptorium.life.phib.02.mark.xml#sSpan244"/>
		<rel id="sPointingRel5277" xlink:href="scriptorium.life.phib.02.mark.xml#sSpan635" target="scriptorium.life.phib.02.mark.xml#sSpan636"/>
		<rel id="sPointingRel5279" xlink:href="scriptorium.life.phib.02.mark.xml#sSpan6410" target="scriptorium.life.phib.02.mark.xml#sSpan6411"/>
		<rel id="sPointingRel5281" xlink:href="scriptorium.life.phib.02.mark.xml#sSpan765" target="scriptorium.life.phib.02.mark.xml#sSpan766"/>
		<rel id="sPointingRel5283" xlink:href="scriptorium.life.phib.02.mark.xml#sSpan386" target="scriptorium.life.phib.02.mark.xml#sSpan387"/>
		<rel id="sPointingRel5285" xlink:href="scriptorium.life.phib.02.mark.xml#sSpan1586" target="scriptorium.life.phib.02.mark.xml#sSpan1590"/>
		<rel id="sPointingRel5287" xlink:href="scriptorium.life.phib.02.mark.xml#sSpan1483" target="scriptorium.life.phib.02.mark.xml#sSpan1485"/>
		<rel id="sPointingRel5289" xlink:href="scriptorium.life.phib.02.mark.xml#sSpan4066" target="scriptorium.life.phib.02.mark.xml#sSpan4067"/>
		<rel id="sPointingRel5291" xlink:href="scriptorium.life.phib.02.mark.xml#sSpan2063" target="scriptorium.life.phib.02.mark.xml#sSpan2060"/>
		<rel id="sPointingRel5293" xlink:href="scriptorium.life.phib.02.mark.xml#sSpan7421" target="scriptorium.life.phib.02.mark.xml#sSpan7432"/>
		<rel id="sPointingRel5295" xlink:href="scriptorium.life.phib.02.mark.xml#sSpan4948" target="scriptorium.life.phib.02.mark.xml#sSpan4949"/>
		<rel id="sPointingRel5297" xlink:href="scriptorium.life.phib.02.mark.xml#sSpan1234" target="scriptorium.life.phib.02.mark.xml#sSpan1236"/>
		<rel id="sPointingRel5299" xlink:href="scriptorium.life.phib.02.mark.xml#sSpan4189" target="scriptorium.life.phib.02.mark.xml#sSpan4190"/>
		<rel id="sPointingRel5301" xlink:href="scriptorium.life.phib.02.mark.xml#sSpan7410" target="scriptorium.life.phib.02.mark.xml#sSpan7408"/>
		<rel id="sPointingRel5303" xlink:href="scriptorium.life.phib.02.mark.xml#sSpan2319" target="scriptorium.life.phib.02.mark.xml#sSpan2320"/>
		<rel id="sPointingRel5305" xlink:href="scriptorium.life.phib.02.mark.xml#sSpan222" target="scriptorium.life.phib.02.mark.xml#sSpan226"/>
		<rel id="sPointingRel5307" xlink:href="scriptorium.life.phib.02.mark.xml#sSpan2143" target="scriptorium.life.phib.02.mark.xml#sSpan2141"/>
		<rel id="sPointingRel5309" xlink:href="scriptorium.life.phib.02.mark.xml#sSpan4895" target="scriptorium.life.phib.02.mark.xml#sSpan4900"/>
		<rel id="sPointingRel5311" xlink:href="scriptorium.life.phib.02.mark.xml#sSpan4676" target="scriptorium.life.phib.02.mark.xml#sSpan4677"/>
		<rel id="sPointingRel5313" xlink:href="scriptorium.life.phib.02.mark.xml#sSpan7704" target="scriptorium.life.phib.02.mark.xml#sSpan7705"/>
		<rel id="sPointingRel5315" xlink:href="scriptorium.life.phib.02.mark.xml#sSpan2614" target="scriptorium.life.phib.02.mark.xml#sSpan2616"/>
		<rel id="sPointingRel5317" xlink:href="scriptorium.life.phib.02.mark.xml#sSpan1441" target="scriptorium.life.phib.02.mark.xml#sSpan1442"/>
		<rel id="sPointingRel5319" xlink:href="scriptorium.life.phib.02.mark.xml#sSpan2017" target="scriptorium.life.phib.02.mark.xml#sSpan2018"/>
		<rel id="sPointingRel5321" xlink:href="scriptorium.life.phib.02.mark.xml#sSpan4640" target="scriptorium.life.phib.02.mark.xml#sSpan4643"/>
		<rel id="sPointingRel5323" xlink:href="scriptorium.life.phib.02.mark.xml#sSpan7644" target="scriptorium.life.phib.02.mark.xml#sSpan7640"/>
		<rel id="sPointingRel5325" xlink:href="scriptorium.life.phib.02.mark.xml#sSpan4034" target="scriptorium.life.phib.02.mark.xml#sSpan4032"/>
		<rel id="sPointingRel5327" xlink:href="scriptorium.life.phib.02.mark.xml#sSpan5504" target="scriptorium.life.phib.02.mark.xml#sSpan5505"/>
		<rel id="sPointingRel5329" xlink:href="scriptorium.life.phib.02.mark.xml#sSpan4727" target="scriptorium.life.phib.02.mark.xml#sSpan4732"/>
		<rel id="sPointingRel5331" xlink:href="scriptorium.life.phib.02.mark.xml#sSpan6667" target="scriptorium.life.phib.02.mark.xml#sSpan6668"/>
		<rel id="sPointingRel5333" xlink:href="scriptorium.life.phib.02.mark.xml#sSpan6877" target="scriptorium.life.phib.02.mark.xml#sSpan6879"/></relList></paula>