<?xml version='1.0' encoding='UTF-8'?><!DOCTYPE paula SYSTEM "paula_feat.dtd">
<paula version="1.1">
	<header paula_id="scriptorium.life.phib.02.mark_identity"/>
	<featList xmlns:xlink="http://www.w3.org/1999/xlink" type="identity" xml:base="scriptorium.life.phib.02.mark.xml">
		<feat xlink:href="#sSpan1138" value="Mary, mother of Jesus"/>
		<feat xlink:href="#sSpan1994" value="Jacob"/>
		<feat xlink:href="#sSpan2063" value="Isaiah"/>
		<feat xlink:href="#sSpan2143" value="Egypt"/>
		<feat xlink:href="#sSpan4340" value="Jesus"/>
		<feat xlink:href="#sSpan5758" value="Michael (archangel)"/>
		<feat xlink:href="#sSpan6562" value="Paopi"/>
		<feat xlink:href="#sSpan6598" value="Paopi"/>
		<feat xlink:href="#sSpan7421" value="Jesus"/></featList></paula>