<?xml version='1.0' encoding='UTF-8'?><!DOCTYPE paula SYSTEM "paula_feat.dtd">
<paula version="1.1">
	<header paula_id="scriptorium.life.phib.02.mark_translation"/>
	<featList xmlns:xlink="http://www.w3.org/1999/xlink" type="translation" xml:base="scriptorium.life.phib.02.mark.xml">
		<feat xlink:href="#sSpan5" value="..."/>
		<feat xlink:href="#sSpan109" value="..."/>
		<feat xlink:href="#sSpan152" value="..."/>
		<feat xlink:href="#sSpan363" value="..."/>
		<feat xlink:href="#sSpan429" value="..."/>
		<feat xlink:href="#sSpan568" value="..."/>
		<feat xlink:href="#sSpan664" value="..."/>
		<feat xlink:href="#sSpan716" value="..."/>
		<feat xlink:href="#sSpan776" value="..."/>
		<feat xlink:href="#sSpan917" value="..."/>
		<feat xlink:href="#sSpan1009" value="..."/>
		<feat xlink:href="#sSpan1587" value="..."/>
		<feat xlink:href="#sSpan2079" value="..."/>
		<feat xlink:href="#sSpan2182" value="..."/>
		<feat xlink:href="#sSpan2406" value="..."/>
		<feat xlink:href="#sSpan2678" value="..."/>
		<feat xlink:href="#sSpan2767" value="..."/>
		<feat xlink:href="#sSpan3023" value="..."/>
		<feat xlink:href="#sSpan3076" value="..."/>
		<feat xlink:href="#sSpan3388" value="..."/>
		<feat xlink:href="#sSpan3438" value="..."/>
		<feat xlink:href="#sSpan3536" value="..."/>
		<feat xlink:href="#sSpan3597" value="..."/>
		<feat xlink:href="#sSpan3783" value="..."/>
		<feat xlink:href="#sSpan3865" value="..."/>
		<feat xlink:href="#sSpan4222" value="..."/>
		<feat xlink:href="#sSpan4394" value="..."/>
		<feat xlink:href="#sSpan4442" value="..."/>
		<feat xlink:href="#sSpan4595" value="..."/>
		<feat xlink:href="#sSpan4687" value="..."/>
		<feat xlink:href="#sSpan4762" value="..."/>
		<feat xlink:href="#sSpan4847" value="..."/>
		<feat xlink:href="#sSpan4898" value="..."/>
		<feat xlink:href="#sSpan4959" value="..."/>
		<feat xlink:href="#sSpan5063" value="..."/>
		<feat xlink:href="#sSpan5115" value="..."/>
		<feat xlink:href="#sSpan5184" value="..."/>
		<feat xlink:href="#sSpan5267" value="..."/>
		<feat xlink:href="#sSpan5444" value="..."/>
		<feat xlink:href="#sSpan5515" value="..."/>
		<feat xlink:href="#sSpan5617" value="..."/>
		<feat xlink:href="#sSpan5707" value="..."/>
		<feat xlink:href="#sSpan5774" value="..."/>
		<feat xlink:href="#sSpan5812" value="..."/>
		<feat xlink:href="#sSpan5881" value="..."/>
		<feat xlink:href="#sSpan5937" value="..."/>
		<feat xlink:href="#sSpan6054" value="..."/>
		<feat xlink:href="#sSpan6164" value="..."/>
		<feat xlink:href="#sSpan6289" value="..."/>
		<feat xlink:href="#sSpan6362" value="..."/>
		<feat xlink:href="#sSpan6527" value="..."/>
		<feat xlink:href="#sSpan6696" value="..."/>
		<feat xlink:href="#sSpan6928" value="..."/>
		<feat xlink:href="#sSpan6963" value="..."/>
		<feat xlink:href="#sSpan7063" value="..."/>
		<feat xlink:href="#sSpan7239" value="..."/>
		<feat xlink:href="#sSpan7299" value="..."/>
		<feat xlink:href="#sSpan7383" value="..."/>
		<feat xlink:href="#sSpan7413" value="..."/>
		<feat xlink:href="#sSpan7789" value="..."/>
		<feat xlink:href="#sSpan7861" value="..."/></featList></paula>