<?xml version='1.0' encoding='UTF-8'?><!DOCTYPE paula SYSTEM "paula_feat.dtd">
<paula version="1.1">
	<header paula_id="scriptorium.life.phib.02.mark_new_sent"/>
	<featList xmlns:xlink="http://www.w3.org/1999/xlink" type="new_sent" xml:base="scriptorium.life.phib.02.mark.xml">
		<feat xlink:href="#sSpan1" value="true"/>
		<feat xlink:href="#sSpan104" value="true"/>
		<feat xlink:href="#sSpan148" value="true"/>
		<feat xlink:href="#sSpan359" value="true"/>
		<feat xlink:href="#sSpan425" value="true"/>
		<feat xlink:href="#sSpan564" value="true"/>
		<feat xlink:href="#sSpan660" value="true"/>
		<feat xlink:href="#sSpan712" value="true"/>
		<feat xlink:href="#sSpan772" value="true"/>
		<feat xlink:href="#sSpan913" value="true"/>
		<feat xlink:href="#sSpan1005" value="true"/>
		<feat xlink:href="#sSpan1582" value="true"/>
		<feat xlink:href="#sSpan2075" value="true"/>
		<feat xlink:href="#sSpan2177" value="true"/>
		<feat xlink:href="#sSpan2402" value="true"/>
		<feat xlink:href="#sSpan2674" value="true"/>
		<feat xlink:href="#sSpan2763" value="true"/>
		<feat xlink:href="#sSpan3019" value="true"/>
		<feat xlink:href="#sSpan3072" value="true"/>
		<feat xlink:href="#sSpan3384" value="true"/>
		<feat xlink:href="#sSpan3433" value="true"/>
		<feat xlink:href="#sSpan3532" value="true"/>
		<feat xlink:href="#sSpan3593" value="true"/>
		<feat xlink:href="#sSpan3778" value="true"/>
		<feat xlink:href="#sSpan3861" value="true"/>
		<feat xlink:href="#sSpan4218" value="true"/>
		<feat xlink:href="#sSpan4390" value="true"/>
		<feat xlink:href="#sSpan4438" value="true"/>
		<feat xlink:href="#sSpan4591" value="true"/>
		<feat xlink:href="#sSpan4683" value="true"/>
		<feat xlink:href="#sSpan4757" value="true"/>
		<feat xlink:href="#sSpan4843" value="true"/>
		<feat xlink:href="#sSpan4893" value="true"/>
		<feat xlink:href="#sSpan4955" value="true"/>
		<feat xlink:href="#sSpan5059" value="true"/>
		<feat xlink:href="#sSpan5110" value="true"/>
		<feat xlink:href="#sSpan5180" value="true"/>
		<feat xlink:href="#sSpan5263" value="true"/>
		<feat xlink:href="#sSpan5439" value="true"/>
		<feat xlink:href="#sSpan5511" value="true"/>
		<feat xlink:href="#sSpan5613" value="true"/>
		<feat xlink:href="#sSpan5703" value="true"/>
		<feat xlink:href="#sSpan5770" value="true"/>
		<feat xlink:href="#sSpan5808" value="true"/>
		<feat xlink:href="#sSpan5877" value="true"/>
		<feat xlink:href="#sSpan5933" value="true"/>
		<feat xlink:href="#sSpan6050" value="true"/>
		<feat xlink:href="#sSpan6160" value="true"/>
		<feat xlink:href="#sSpan6285" value="true"/>
		<feat xlink:href="#sSpan6358" value="true"/>
		<feat xlink:href="#sSpan6523" value="true"/>
		<feat xlink:href="#sSpan6692" value="true"/>
		<feat xlink:href="#sSpan6924" value="true"/>
		<feat xlink:href="#sSpan6959" value="true"/>
		<feat xlink:href="#sSpan7059" value="true"/>
		<feat xlink:href="#sSpan7234" value="true"/>
		<feat xlink:href="#sSpan7295" value="true"/>
		<feat xlink:href="#sSpan7379" value="true"/>
		<feat xlink:href="#sSpan7408" value="true"/>
		<feat xlink:href="#sSpan7785" value="true"/>
		<feat xlink:href="#sSpan7857" value="true"/></featList></paula>