<?xml version='1.0' encoding='UTF-8'?><!DOCTYPE paula SYSTEM "paula_feat.dtd">
<paula version="1.1">
	<header paula_id="scriptorium.life.phib.02.mark_placeName_ref"/>
	<featList xmlns:xlink="http://www.w3.org/1999/xlink" type="placeName_ref" xml:base="scriptorium.life.phib.02.mark.xml">
		<feat xlink:href="#sSpan383" value="paths:places:74"/>
		<feat xlink:href="#sSpan2437" value="paths:places:74"/>
		<feat xlink:href="#sSpan3131" value="paths:places:74"/>
		<feat xlink:href="#sSpan3425" value="paths:places:74"/>
		<feat xlink:href="#sSpan4019" value="paths:places:74"/>
		<feat xlink:href="#sSpan5217" value="paths:places:74"/>
		<feat xlink:href="#sSpan5541" value="paths:places:74"/>
		<feat xlink:href="#sSpan5795" value="paths:places:74"/>
		<feat xlink:href="#sSpan7656" value="paths:places:74"/></featList></paula>