<?xml version='1.0' encoding='UTF-8'?><!DOCTYPE paula SYSTEM "paula_feat.dtd">
<paula version="1.1">
	<header paula_id="scriptorium.life.phib.02.mark_orig_group"/>
	<featList xmlns:xlink="http://www.w3.org/1999/xlink" type="orig_group" xml:base="scriptorium.life.phib.02.mark.xml">
		<feat xlink:href="#sSpan4" value="ⲙⲛⲛⲥⲱⲥ"/>
		<feat xlink:href="#sSpan14" value="ⲁⲛⲙⲟⲟϣⲉ"/>
		<feat xlink:href="#sSpan23" value="ⲉⲃⲟⲗ"/>
		<feat xlink:href="#sSpan27" value="ϩⲙⲡⲙⲁ"/>
		<feat xlink:href="#sSpan36" value="ⲉⲧⲙⲙⲁⲩ"/>
		<feat xlink:href="#sSpan42" value="ⲁⲛⲉⲓ"/>
		<feat xlink:href="#sSpan51" value="ⲉⲡⲧⲟⲟⲩ"/>
		<feat xlink:href="#sSpan61" value="ⲛⲁⲡⲁ"/>
		<feat xlink:href="#sSpan70" value="ⲡⲁⲙⲓⲛ"/>
		<feat xlink:href="#sSpan74" value="ⲁⲛϣⲱⲡⲉ"/>
		<feat xlink:href="#sSpan82" value="ⲛϩⲏⲧϥ"/>
		<feat xlink:href="#sSpan88" value="ⲛϩⲉⲛⲕⲟⲩⲓ"/>
		<feat xlink:href="#sSpan97" value="ⲛϩⲟⲟⲩ"/>
		<feat xlink:href="#sSpan103" value="·"/>
		<feat xlink:href="#sSpan108" value="ⲛⲉⲥⲛⲏⲩ"/>
		<feat xlink:href="#sSpan117" value="ⲇⲉ"/>
		<feat xlink:href="#sSpan121" value="ⲁⲩⲥⲱⲟⲩϩ"/>
		<feat xlink:href="#sSpan129" value="ⲉⲣⲟⲛ"/>
		<feat xlink:href="#sSpan135" value="ⲁⲩⲁϣⲁⲓ"/>
		<feat xlink:href="#sSpan143" value="ⲉⲙⲁⲧⲉ"/>
		<feat xlink:href="#sSpan147" value="·"/>
		<feat xlink:href="#sSpan151" value="ⲙⲛⲛⲥⲱⲥ"/>
		<feat xlink:href="#sSpan159" value="ⲁⲡⲥ︤ⲏ︦ⲣ︥"/>
		<feat xlink:href="#sSpan169" value="ⲟⲩⲱⲛϩ"/>
		<feat xlink:href="#sSpan174" value="ⲉⲃⲟⲗ"/>
		<feat xlink:href="#sSpan178" value="ⲙⲡⲉⲛⲉⲓⲱⲧ"/>
		<feat xlink:href="#sSpan187" value="ⲁϥϣⲁϫⲉ"/>
		<feat xlink:href="#sSpan195" value="ⲛⲙⲙⲁϥ"/>
		<feat xlink:href="#sSpan201" value="ⲉϥϫⲱ"/>
		<feat xlink:href="#sSpan209" value="ⲙⲙⲟⲥ"/>
		<feat xlink:href="#sSpan215" value="ϫⲉ"/>
		<feat xlink:href="#sSpan219" value="·"/>
		<feat xlink:href="#sSpan224" value="ϯⲣⲏⲛⲏ"/>
		<feat xlink:href="#sSpan231" value="ⲛⲁⲕ"/>
		<feat xlink:href="#sSpan238" value="ⲱ"/>
		<feat xlink:href="#sSpan242" value="ⲡⲁϣⲃⲏⲣ"/>
		<feat xlink:href="#sSpan250" value="ⲙⲉⲗⲟⲥ"/>
		<feat xlink:href="#sSpan254" value="ⲉⲧⲧⲁⲓⲏⲩ"/>
		<feat xlink:href="#sSpan260" value="ⲡⲙⲉⲣⲓⲧ"/>
		<feat xlink:href="#sSpan266" value="ⲙⲡⲁⲉⲓⲱⲧ"/>
		<feat xlink:href="#sSpan275" value="·"/>
		<feat xlink:href="#sSpan280" value="ⲉⲓⲥϩⲏⲏⲧⲉ"/>
		<feat xlink:href="#sSpan286" value="ⲁⲡⲉⲟⲩⲟⲉⲓϣ"/>
		<feat xlink:href="#sSpan295" value="ϣⲱⲡⲉ"/>
		<feat xlink:href="#sSpan299" value="ⲉⲧⲣⲉⲕⲟⲩⲱⲛϩ"/>
		<feat xlink:href="#sSpan310" value="ⲉⲃⲟⲗ"/>
		<feat xlink:href="#sSpan314" value="ⲙⲡⲁⲉⲟⲟⲩ"/>
		<feat xlink:href="#sSpan323" value="ⲛⲧⲉⲡⲁⲣⲁⲛ"/>
		<feat xlink:href="#sSpan333" value="ϫⲓⲉⲟⲟⲩ"/>
		<feat xlink:href="#sSpan338" value="ⲉⲃⲟⲗ"/>
		<feat xlink:href="#sSpan343" value="ϩⲓⲧⲟⲟⲧⲕ"/>
		<feat xlink:href="#sSpan349" value="ϩⲓϫⲙⲡⲕⲁϩ"/>
		<feat xlink:href="#sSpan358" value="·"/>
		<feat xlink:href="#sSpan362" value="ⲧⲱⲟⲩⲛ"/>
		<feat xlink:href="#sSpan368" value="ϭⲉ"/>
		<feat xlink:href="#sSpan372" value="ⲛⲅⲃⲱⲕ"/>
		<feat xlink:href="#sSpan381" value="ⲉⲡⲧⲟⲟⲩ"/>
		<feat xlink:href="#sSpan392" value="ⲛⲧⲉⲧⲕⲟⲟϩ"/>
		<feat xlink:href="#sSpan401" value="ⲛⲅϣⲱⲡⲉ"/>
		<feat xlink:href="#sSpan409" value="ϩⲙⲡⲙⲁ"/>
		<feat xlink:href="#sSpan418" value="ⲉⲧⲙⲙⲁⲩ"/>
		<feat xlink:href="#sSpan424" value="·"/>
		<feat xlink:href="#sSpan428" value="ⲛⲧⲟϥ"/>
		<feat xlink:href="#sSpan435" value="ⲅⲁⲣ"/>
		<feat xlink:href="#sSpan439" value="ⲡⲉⲛⲧⲁⲡⲁⲉⲓⲱⲧ"/>
		<feat xlink:href="#sSpan452" value="ⲧⲁⲁϥ"/>
		<feat xlink:href="#sSpan458" value="ⲛⲁⲕ"/>
		<feat xlink:href="#sSpan464" value="ⲛⲕⲗⲏⲣⲟⲛⲟⲙⲓⲁ"/>
		<feat xlink:href="#sSpan472" value="·"/>
		<feat xlink:href="#sSpan477" value="ⲉⲧⲃⲉⲡⲁⲓ"/>
		<feat xlink:href="#sSpan484" value="ⲁⲓⲕⲱ"/>
		<feat xlink:href="#sSpan493" value="ⲛϩⲏⲧϥ"/>
		<feat xlink:href="#sSpan499" value="ⲛⲛⲕⲉⲉⲥ"/>
		<feat xlink:href="#sSpan508" value="ⲙⲡⲉⲕϣⲃⲏⲣ"/>
		<feat xlink:href="#sSpan518" value="ⲙⲉⲗⲟⲥ"/>
		<feat xlink:href="#sSpan523" value="ⲁⲡⲁ"/>
		<feat xlink:href="#sSpan528" value="ⲫⲓϥ"/>
		<feat xlink:href="#sSpan532" value="ϫⲉⲕⲁⲥ"/>
		<feat xlink:href="#sSpan536" value="ⲉⲕⲉϣⲱⲡⲉ"/>
		<feat xlink:href="#sSpan542" value="ϩⲱⲱⲕ"/>
		<feat xlink:href="#sSpan548" value="ϩⲙⲡⲙⲁ"/>
		<feat xlink:href="#sSpan557" value="ⲉⲧⲙⲙⲁⲩ"/>
		<feat xlink:href="#sSpan563" value="·"/>
		<feat xlink:href="#sSpan567" value="ⲁϥⲟⲩⲱϣⲃ"/>
		<feat xlink:href="#sSpan577" value="ⲡⲉϫⲁϥ"/>
		<feat xlink:href="#sSpan583" value="ⲙⲡⲥ︤ⲏ︦ⲣ︥"/>
		<feat xlink:href="#sSpan593" value="ϫⲉ"/>
		<feat xlink:href="#sSpan597" value="·"/>
		<feat xlink:href="#sSpan601" value="ⲁⲛⲁⲩ"/>
		<feat xlink:href="#sSpan605" value="ⲉⲩⲣⲱⲙⲉ"/>
		<feat xlink:href="#sSpan614" value="ⲉⲟⲩⲛϭⲟⲙ"/>
		<feat xlink:href="#sSpan622" value="ⲙⲙⲟϥ"/>
		<feat xlink:href="#sSpan628" value="ⲉϥⲓ"/>
		<feat xlink:href="#sSpan634" value="ⲡⲣⲟⲟⲩϣ"/>
		<feat xlink:href="#sSpan641" value="ⲛϯⲟⲓⲕⲟⲛⲟⲙⲓⲁ"/>
		<feat xlink:href="#sSpan651" value="ⲛϯⲙⲉⲓⲛⲉ"/>
		<feat xlink:href="#sSpan659" value="·"/>
		<feat xlink:href="#sSpan663" value="ⲁⲛⲟⲕ"/>
		<feat xlink:href="#sSpan670" value="ⲅⲁⲣ"/>
		<feat xlink:href="#sSpan674" value="ⲁⲛⲅⲟⲩⲣⲱⲙⲉ"/>
		<feat xlink:href="#sSpan683" value="ⲉϥⲧⲥⲧⲏⲩ"/>
		<feat xlink:href="#sSpan691" value="ⲉⲃⲟⲗ"/>
		<feat xlink:href="#sSpan696" value="ϩⲛⲛⲁϩⲃⲏⲩⲉ"/>
		<feat xlink:href="#sSpan705" value="ⲧⲏⲣⲟⲩ"/>
		<feat xlink:href="#sSpan711" value="·"/>
		<feat xlink:href="#sSpan715" value="ϯⲥⲟⲡⲥⲡ"/>
		<feat xlink:href="#sSpan723" value="ⲙⲙⲟⲕ"/>
		<feat xlink:href="#sSpan730" value="ⲡⲁϫ︤ⲥ︥"/>
		<feat xlink:href="#sSpan736" value="ⲉϣⲱⲡⲉ"/>
		<feat xlink:href="#sSpan740" value="ⲁⲓϭⲛⲭⲁⲣⲓⲥ"/>
		<feat xlink:href="#sSpan748" value="ⲛⲛⲁϩⲣⲁⲕ"/>
		<feat xlink:href="#sSpan754" value="ⲙⲡⲣϫⲟⲟⲩⲧ"/>
		<feat xlink:href="#sSpan762" value="ⲉⲡⲉⲓϩⲱⲃ"/>
		<feat xlink:href="#sSpan771" value="·"/>
		<feat xlink:href="#sSpan775" value="ⲁϥⲟⲩⲱϣⲃ"/>
		<feat xlink:href="#sSpan787" value="ⲛϭⲓⲡⲥⲏⲣ--"/>
		<feat xlink:href="#sSpan797" value="ⲡⲉϫⲁϥ"/>
		<feat xlink:href="#sSpan803" value="ⲛⲁϥ"/>
		<feat xlink:href="#sSpan809" value="ϫⲉ"/>
		<feat xlink:href="#sSpan813" value="·"/>
		<feat xlink:href="#sSpan818" value="ⲱ"/>
		<feat xlink:href="#sSpan822" value="ⲡⲁⲥⲱⲧⲡ"/>
		<feat xlink:href="#sSpan830" value="ⲁⲡⲟⲗⲗⲱ"/>
		<feat xlink:href="#sSpan834" value=","/>
		<feat xlink:href="#sSpan838" value="ⲡⲉⲓϩⲱⲃ"/>
		<feat xlink:href="#sSpan845" value="ⲡⲁⲓ"/>
		<feat xlink:href="#sSpan849" value="ⲁⲡⲁⲉⲓⲱⲧ"/>
		<feat xlink:href="#sSpan858" value="ⲧⲟϣϥ"/>
		<feat xlink:href="#sSpan864" value="ⲛⲁⲕ"/>
		<feat xlink:href="#sSpan870" value="ϫⲓⲛⲛϣⲟⲣⲡ"/>
		<feat xlink:href="#sSpan878" value="ⲉⲧⲣⲉϥⲕⲱ"/>
		<feat xlink:href="#sSpan888" value="ⲙⲡⲉⲕⲣⲁⲛ"/>
		<feat xlink:href="#sSpan897" value="ϩⲙⲡⲙⲁ"/>
		<feat xlink:href="#sSpan906" value="ⲉⲧⲙⲙⲁⲩ"/>
		<feat xlink:href="#sSpan912" value="·"/>
		<feat xlink:href="#sSpan916" value="ⲛⲧⲉⲣⲓⲉⲓ"/>
		<feat xlink:href="#sSpan927" value="ⲇⲉ"/>
		<feat xlink:href="#sSpan931" value="ⲉⲡⲉⲥⲏⲧ"/>
		<feat xlink:href="#sSpan939" value="ⲉⲡⲉⲓⲕⲟⲥⲙⲟⲛ"/>
		<feat xlink:href="#sSpan949" value="ⲉⲃⲟⲗ"/>
		<feat xlink:href="#sSpan953" value="ϩⲓⲧⲙⲡⲁⲉⲓⲱⲧ"/>
		<feat xlink:href="#sSpan962" value="ⲁϥϣⲁϫⲉ"/>
		<feat xlink:href="#sSpan970" value="ⲛⲙⲙⲁⲓ"/>
		<feat xlink:href="#sSpan976" value="ϩⲛⲟⲩⲙⲛⲧϣⲁⲛϩⲧⲏϥ"/>
		<feat xlink:href="#sSpan989" value="ϫⲉ"/>
		<feat xlink:href="#sSpan993" value="·"/>
		<feat xlink:href="#sSpan998" value="ⲡⲁϣⲏⲣⲉ"/>
		<feat xlink:href="#sSpan1004" value=","/>
		<feat xlink:href="#sSpan1008" value="ⲙⲡⲣⲗⲩⲡⲏ"/>
		<feat xlink:href="#sSpan1017" value="ϫⲉⲉⲕⲛⲁⲃⲱⲕ"/>
		<feat xlink:href="#sSpan1030" value="ⲉⲡⲉⲥⲏⲧ"/>
		<feat xlink:href="#sSpan1038" value="ⲉⲡⲕⲟⲥⲙⲟⲥ"/>
		<feat xlink:href="#sSpan1048" value="ⲉⲧⲙⲏϩ"/>
		<feat xlink:href="#sSpan1054" value="ⲛϩⲓⲥⲉ"/>
		<feat xlink:href="#sSpan1061" value="ϩⲓⲁϣⲁϩⲟⲙ"/>
		<feat xlink:href="#sSpan1070" value="·"/>
		<feat xlink:href="#sSpan1074" value="ⲉⲧⲃⲉⲡϩⲓⲥⲉ"/>
		<feat xlink:href="#sSpan1083" value="ⲙⲡⲉⲕⲥⲕⲩⲗⲙⲟⲥ"/>
		<feat xlink:href="#sSpan1094" value="ⲱ"/>
		<feat xlink:href="#sSpan1098" value="ⲡⲁϣⲏⲣⲉ"/>
		<feat xlink:href="#sSpan1105" value="ⲡⲉϩⲟⲟⲩ"/>
		<feat xlink:href="#sSpan1111" value="ⲉⲧⲟⲩⲛⲁϫⲡⲟⲕ"/>
		<feat xlink:href="#sSpan1123" value="ⲛϩⲏⲧϥ"/>
		<feat xlink:href="#sSpan1129" value="ⲉⲃⲟⲗ"/>
		<feat xlink:href="#sSpan1134" value="ϩⲛⲧⲡⲁⲣⲑⲉⲛⲟⲥ"/>
		<feat xlink:href="#sSpan1145" value="ⲉⲧⲟⲩⲁⲁⲃ"/>
		<feat xlink:href="#sSpan1152" value="ⲙⲁⲣⲓⲁ"/>
		<feat xlink:href="#sSpan1156" value="ϯⲛⲁⲕⲁⲁϥ"/>
		<feat xlink:href="#sSpan1166" value="ⲛⲉⲗⲉⲩⲑⲉⲣⲓⲁ"/>
		<feat xlink:href="#sSpan1175" value="ⲛⲕⲁⲛⲟⲃⲉ"/>
		<feat xlink:href="#sSpan1184" value="ⲉⲃⲟⲗ"/>
		<feat xlink:href="#sSpan1188" value="ⲙⲡⲕⲟⲥⲙⲟⲥ"/>
		<feat xlink:href="#sSpan1198" value="·"/>
		<feat xlink:href="#sSpan1202" value="ⲟⲩⲟⲛ"/>
		<feat xlink:href="#sSpan1208" value="ⲛⲓⲙ"/>
		<feat xlink:href="#sSpan1212" value="ⲉⲧⲛⲁⲡⲓⲥⲧⲉⲩⲉ"/>
		<feat xlink:href="#sSpan1221" value="ⲉⲡⲉⲕⲥ︤ⲣ︦ⲟ︦ⲥ︥"/>
		<feat xlink:href="#sSpan1231" value="ⲙⲛⲧⲁⲛⲁⲥⲧⲁⲥⲓⲥ"/>
		<feat xlink:href="#sSpan1241" value="ⲛⲧⲉⲕⲥⲁⲣⲝ"/>
		<feat xlink:href="#sSpan1251" value="ϯⲛⲁⲡⲱϩ"/>
		<feat xlink:href="#sSpan1260" value="ⲛⲧⲁⲭⲁⲣⲓⲍⲉ"/>
		<feat xlink:href="#sSpan1269" value="ⲙⲙⲟⲟⲩ"/>
		<feat xlink:href="#sSpan1275" value="ⲛⲁⲕ"/>
		<feat xlink:href="#sSpan1282" value="ⲱ"/>
		<feat xlink:href="#sSpan1286" value="ⲡⲁⲙⲉⲣⲓⲧ"/>
		<feat xlink:href="#sSpan1293" value="ⲛϣⲏⲣⲉ"/>
		<feat xlink:href="#sSpan1300" value="·"/>
		<feat xlink:href="#sSpan1304" value="ⲁⲩⲱ"/>
		<feat xlink:href="#sSpan1308" value="ⲡⲉϩⲟⲟⲩ"/>
		<feat xlink:href="#sSpan1315" value="ⲛⲧⲉⲕⲁⲛⲁⲥⲧⲁⲥⲓⲥ"/>
		<feat xlink:href="#sSpan1325" value="ⲉⲧϩⲁⲉⲟⲟⲩ"/>
		<feat xlink:href="#sSpan1333" value="ϯⲛⲁⲕⲁⲁϥ"/>
		<feat xlink:href="#sSpan1343" value="ⲉϥⲟ"/>
		<feat xlink:href="#sSpan1352" value="ⲛⲉⲗⲉⲩⲑⲉⲣⲓⲁ"/>
		<feat xlink:href="#sSpan1360" value="·"/>
		<feat xlink:href="#sSpan1365" value="ⲛⲟⲩϫⲁⲓ"/>
		<feat xlink:href="#sSpan1371" value="ⲁⲩⲱ"/>
		<feat xlink:href="#sSpan1376" value="ⲛⲕⲁⲛⲟⲃⲉ"/>
		<feat xlink:href="#sSpan1385" value="ⲉⲃⲟⲗ"/>
		<feat xlink:href="#sSpan1389" value="ⲙⲡⲕⲟⲥⲙⲟⲥ"/>
		<feat xlink:href="#sSpan1399" value="ⲧⲏⲣϥⲁⲩⲱ"/>
		<feat xlink:href="#sSpan1407" value="ϯⲛⲁⲟⲩⲱⲛϩ"/>
		<feat xlink:href="#sSpan1416" value="ⲉⲃⲟⲗ"/>
		<feat xlink:href="#sSpan1420" value="ⲛⲟⲩⲧⲟⲡⲟⲥ"/>
		<feat xlink:href="#sSpan1430" value="ⲉϥⲟⲩⲁⲁⲃ"/>
		<feat xlink:href="#sSpan1438" value="ϩⲓϫⲙⲡⲕⲁϩ"/>
		<feat xlink:href="#sSpan1447" value="ϩⲛⲑⲁⲏ"/>
		<feat xlink:href="#sSpan1456" value="ⲛⲛⲉⲟⲩⲟⲉⲓϣ"/>
		<feat xlink:href="#sSpan1465" value="ⲛⲧⲁⲕⲱ"/>
		<feat xlink:href="#sSpan1474" value="ⲛϩⲏⲧϥ"/>
		<feat xlink:href="#sSpan1480" value="ⲛⲟⲩⲙⲉⲧⲁⲛⲟⲓⲁ"/>
		<feat xlink:href="#sSpan1490" value="ⲛⲟⲩϫⲁⲓ"/>
		<feat xlink:href="#sSpan1497" value="ⲙⲛⲟⲩϣⲁ"/>
		<feat xlink:href="#sSpan1506" value="ⲛⲛⲁⲡⲉⲧⲟⲩⲁⲁⲃ"/>
		<feat xlink:href="#sSpan1520" value="ϩⲙⲡⲕⲟⲥⲙⲟⲥ"/>
		<feat xlink:href="#sSpan1530" value="ⲧⲏⲣϥ"/>
		<feat xlink:href="#sSpan1536" value="ⲙⲛⲟⲩⲕⲁⲛⲟⲃⲉ"/>
		<feat xlink:href="#sSpan1547" value="ⲉⲃⲟⲗ"/>
		<feat xlink:href="#sSpan1551" value="ⲛⲟⲩⲟⲛ"/>
		<feat xlink:href="#sSpan1559" value="ⲛⲓⲙ"/>
		<feat xlink:href="#sSpan1563" value="ⲉⲧⲛⲁⲡⲓⲥⲧⲉⲩⲉ"/>
		<feat xlink:href="#sSpan1572" value="ⲉⲡⲕⲣⲁⲛ"/>
		<feat xlink:href="#sSpan1581" value="·"/>
		<feat xlink:href="#sSpan1585" value="ⲧⲇⲱⲣⲉⲁ"/>
		<feat xlink:href="#sSpan1595" value="ϭⲉ"/>
		<feat xlink:href="#sSpan1599" value="ⲛⲧⲁⲡⲁⲉⲓⲱⲧ"/>
		<feat xlink:href="#sSpan1610" value="ⲧⲁⲁⲥ"/>
		<feat xlink:href="#sSpan1616" value="ⲛⲁⲓ"/>
		<feat xlink:href="#sSpan1622" value="ⲁⲛⲟⲕ"/>
		<feat xlink:href="#sSpan1626" value="ϩⲱ"/>
		<feat xlink:href="#sSpan1630" value="ϯϯ"/>
		<feat xlink:href="#sSpan1636" value="ⲙⲙⲟⲥ"/>
		<feat xlink:href="#sSpan1642" value="ⲛⲁⲕ"/>
		<feat xlink:href="#sSpan1648" value="ⲁⲩⲱ"/>
		<feat xlink:href="#sSpan1652" value="ⲟⲛ"/>
		<feat xlink:href="#sSpan1656" value="ϯⲛⲁⲕⲁⲁⲥ"/>
		<feat xlink:href="#sSpan1666" value="ϩⲙⲡⲙⲁ"/>
		<feat xlink:href="#sSpan1675" value="ⲉⲧⲙⲙⲁⲩ"/>
		<feat xlink:href="#sSpan1681" value="ⲛⲥⲉⲧⲁⲟⲩⲉ"/>
		<feat xlink:href="#sSpan1689" value="ⲡⲣⲁⲛ"/>
		<feat xlink:href="#sSpan1696" value="ⲙⲡⲉⲕϣⲃⲏⲣ"/>
		<feat xlink:href="#sSpan1706" value="ⲙⲉⲗⲟⲥ"/>
		<feat xlink:href="#sSpan1710" value="ⲉⲧⲟⲩⲁⲁⲃ"/>
		<feat xlink:href="#sSpan1717" value="ⲁⲡⲁ"/>
		<feat xlink:href="#sSpan1722" value="ⲫⲓϥ"/>
		<feat xlink:href="#sSpan1726" value="ⲉϩⲣⲁⲓ"/>
		<feat xlink:href="#sSpan1730" value="ⲉϫⲱϥ"/>
		<feat xlink:href="#sSpan1736" value="·"/>
		<feat xlink:href="#sSpan1740" value="ⲙⲡⲣⲣϩⲟⲧⲉ"/>
		<feat xlink:href="#sSpan1748" value=","/>
		<feat xlink:href="#sSpan1752" value="ϯϣⲟⲟⲡ"/>
		<feat xlink:href="#sSpan1758" value="ⲛⲙⲙⲁⲕ"/>
		<feat xlink:href="#sSpan1764" value="ϩⲙⲙⲁ"/>
		<feat xlink:href="#sSpan1771" value="ⲛⲓⲙ"/>
		<feat xlink:href="#sSpan1775" value="ϯⲛⲁϯ"/>
		<feat xlink:href="#sSpan1783" value="ⲛⲁⲕ"/>
		<feat xlink:href="#sSpan1789" value="ⲛⲟⲩⲛⲟϭ"/>
		<feat xlink:href="#sSpan1798" value="ⲛⲣⲁⲛ"/>
		<feat xlink:href="#sSpan1804" value="ⲛⲥⲟⲉⲓⲧ"/>
		<feat xlink:href="#sSpan1811" value="ⲛⲥⲉⲥⲱⲧⲙ"/>
		<feat xlink:href="#sSpan1819" value="ⲛϭⲓⲛⲗⲁⲟⲥ"/>
		<feat xlink:href="#sSpan1829" value="ⲧⲏⲣⲟⲩ"/>
		<feat xlink:href="#sSpan1835" value="ⲛⲥⲉⲉⲓ"/>
		<feat xlink:href="#sSpan1844" value="ⲛⲇⲱⲣⲟⲛ"/>
		<feat xlink:href="#sSpan1852" value="ⲉⲣⲁⲧϥ"/>
		<feat xlink:href="#sSpan1858" value="ⲙⲡⲉⲕⲧⲟⲡⲟⲥ"/>
		<feat xlink:href="#sSpan1868" value="ⲛⲥⲉⲟⲩⲱϣⲧ"/>
		<feat xlink:href="#sSpan1876" value="ⲙⲡⲉⲕⲙⲁ"/>
		<feat xlink:href="#sSpan1885" value="ⲉⲧⲟⲩⲁⲁⲃ"/>
		<feat xlink:href="#sSpan1891" value="·"/>
		<feat xlink:href="#sSpan1895" value="ⲛⲗⲁⲟⲥ"/>
		<feat xlink:href="#sSpan1903" value="ⲧⲏⲣⲟⲩ"/>
		<feat xlink:href="#sSpan1909" value="ⲛⲁⲙⲟⲟϣⲉⲛⲥⲉϫⲟⲟⲥ"/>
		<feat xlink:href="#sSpan1923" value="ϫⲉ"/>
		<feat xlink:href="#sSpan1927" value="·"/>
		<feat xlink:href="#sSpan1931" value="ⲁⲙⲏⲓⲧⲛ"/>
		<feat xlink:href="#sSpan1935" value="ⲙⲁⲣⲟⲛ"/>
		<feat xlink:href="#sSpan1941" value="ⲉϩⲣⲁⲓ"/>
		<feat xlink:href="#sSpan1945" value="ⲉϫⲙⲡⲧⲟⲟⲩ"/>
		<feat xlink:href="#sSpan1954" value="ⲙⲡϫⲟⲉⲓⲥ"/>
		<feat xlink:href="#sSpan1963" value="ⲁⲩⲱ"/>
		<feat xlink:href="#sSpan1967" value="ⲉϩⲣⲁⲓ"/>
		<feat xlink:href="#sSpan1971" value="ⲉⲡⲏⲓ"/>
		<feat xlink:href="#sSpan1980" value="ⲙⲡⲛⲟⲩⲧⲉ"/>
		<feat xlink:href="#sSpan1989" value="ⲛⲓⲁⲕⲱⲃ"/>
		<feat xlink:href="#sSpan1998" value="ⲛϥϫⲱ"/>
		<feat xlink:href="#sSpan2008" value="ⲛⲁⲛ"/>
		<feat xlink:href="#sSpan2014" value="ⲛⲧⲉϥϩⲓⲏ"/>
		<feat xlink:href="#sSpan2023" value="ⲛⲧⲛⲙⲟⲟϣⲉ"/>
		<feat xlink:href="#sSpan2031" value="ⲛϩⲏⲧⲥ"/>
		<feat xlink:href="#sSpan2038" value="ⲕⲁⲧⲁⲑⲉ"/>
		<feat xlink:href="#sSpan2046" value="ⲛⲧⲁϥϫⲟⲟⲥ"/>
		<feat xlink:href="#sSpan2058" value="ⲛϭⲓⲏⲥⲁⲓⲁⲥ"/>
		<feat xlink:href="#sSpan2067" value="ⲡⲉⲡⲣⲟⲫⲏⲧⲏⲥ"/>
		<feat xlink:href="#sSpan2074" value="·"/>
		<feat xlink:href="#sSpan2078" value="ϥⲥⲏϩ"/>
		<feat xlink:href="#sSpan2087" value="ⲇⲉ"/>
		<feat xlink:href="#sSpan2091" value="ⲟⲛ"/>
		<feat xlink:href="#sSpan2095" value="ϫⲉ"/>
		<feat xlink:href="#sSpan2099" value="·"/>
		<feat xlink:href="#sSpan2103" value="ⲟⲩⲛⲟⲩⲑⲩⲥⲓⲁⲥⲧⲏⲣⲓⲟⲛ"/>
		<feat xlink:href="#sSpan2115" value="ⲛⲁϣⲱⲡⲉ"/>
		<feat xlink:href="#sSpan2121" value="ⲙⲡϫ︤ⲥ︥"/>
		<feat xlink:href="#sSpan2130" value="ϩⲛⲧⲉⲭⲱⲣⲁ"/>
		<feat xlink:href="#sSpan2140" value="ⲛⲕⲏⲙⲉ"/>
		<feat xlink:href="#sSpan2147" value="ⲁⲩⲱ"/>
		<feat xlink:href="#sSpan2151" value="ⲟⲩⲥⲧⲩⲗⲏ"/>
		<feat xlink:href="#sSpan2158" value="ϩⲁϩⲧⲛⲛⲉⲥⲧⲟϣ"/>
		<feat xlink:href="#sSpan2167" value="ⲙⲡϫ︤ⲥ︥"/>
		<feat xlink:href="#sSpan2176" value="·"/>
		<feat xlink:href="#sSpan2180" value="ⲡⲧⲟⲡⲟⲥ"/>
		<feat xlink:href="#sSpan2190" value="ϭⲉ"/>
		<feat xlink:href="#sSpan2194" value="ⲛⲧⲁⲓⲭⲁⲣⲓⲍⲉ"/>
		<feat xlink:href="#sSpan2205" value="ⲙⲙⲟϥ"/>
		<feat xlink:href="#sSpan2211" value="ⲛⲁⲕ"/>
		<feat xlink:href="#sSpan2217" value="ⲡⲉ"/>
		<feat xlink:href="#sSpan2223" value="ⲡⲉⲑⲩⲥⲓⲁⲥⲧⲏⲣⲓⲟⲛ"/>
		<feat xlink:href="#sSpan2230" value="ⲁⲩⲱ"/>
		<feat xlink:href="#sSpan2236" value="ⲧⲉⲥⲧⲩⲗⲏ"/>
		<feat xlink:href="#sSpan2242" value="ⲡⲉ"/>
		<feat xlink:href="#sSpan2246" value="ⲡⲥⲱⲙⲁ"/>
		<feat xlink:href="#sSpan2254" value="ⲙⲡⲁϩⲙϩⲁⲗ"/>
		<feat xlink:href="#sSpan2264" value="ⲁⲛⲟⲩⲡ"/>
		<feat xlink:href="#sSpan2268" value="·"/>
		<feat xlink:href="#sSpan2272" value="ⲉⲓⲥ"/>
		<feat xlink:href="#sSpan2277" value="ϩⲏⲏⲧⲉ"/>
		<feat xlink:href="#sSpan2281" value="ⲁⲓⲧⲁⲙⲟⲕ"/>
		<feat xlink:href="#sSpan2291" value="ⲉⲛⲉⲧⲛⲁϣⲱⲡⲉ"/>
		<feat xlink:href="#sSpan2304" value="ⲧⲏⲣⲟⲩ"/>
		<feat xlink:href="#sSpan2310" value="ⲙⲙⲟⲕ"/>
		<feat xlink:href="#sSpan2316" value="ϩⲙⲡϣⲟϫⲛⲉ"/>
		<feat xlink:href="#sSpan2325" value="ⲧⲏⲣϥ"/>
		<feat xlink:href="#sSpan2331" value="ⲙⲡⲁⲉⲓⲱⲧ"/>
		<feat xlink:href="#sSpan2340" value="·"/>
		<feat xlink:href="#sSpan2344" value="ϣⲱⲡⲉ"/>
		<feat xlink:href="#sSpan2348" value="ⲉⲕⲧⲁϫⲣⲏⲩ"/>
		<feat xlink:href="#sSpan2356" value="ⲛⲧⲟⲕ"/>
		<feat xlink:href="#sSpan2360" value="ⲉϫⲛⲛⲉⲛⲧⲁⲓϫⲟⲟⲩ"/>
		<feat xlink:href="#sSpan2377" value="ⲛⲁⲕ"/>
		<feat xlink:href="#sSpan2383" value="ⲛⲅⲧⲙⲣϩⲏⲧ"/>
		<feat xlink:href="#sSpan2397" value="ⲥⲛⲁⲩ"/>
		<feat xlink:href="#sSpan2401" value="·"/>
		<feat xlink:href="#sSpan2405" value="ϯⲛⲁⲧⲣⲉ"/>
		<feat xlink:href="#sSpan2415" value="ϩⲉⲛⲛⲟϭ"/>
		<feat xlink:href="#sSpan2423" value="ⲛⲥⲙⲟⲩ"/>
		<feat xlink:href="#sSpan2429" value="ϣⲱⲡⲉ"/>
		<feat xlink:href="#sSpan2433" value="ϩⲙⲡⲉⲕⲧⲟⲡⲟⲥ"/>
		<feat xlink:href="#sSpan2446" value="ⲕⲁⲧⲁⲥⲙⲟⲧ"/>
		<feat xlink:href="#sSpan2453" value="ⲛⲓⲙ"/>
		<feat xlink:href="#sSpan2457" value="ⲁⲩⲱ"/>
		<feat xlink:href="#sSpan2461" value="ϯⲛⲁⲧⲣⲉⲩⲙⲟⲩⲧⲉ"/>
		<feat xlink:href="#sSpan2473" value="ⲉⲛⲉⲕϣⲏⲣⲉ"/>
		<feat xlink:href="#sSpan2482" value="ϫⲉⲛϥⲁⲓⲗⲁⲙⲡⲁⲥ"/>
		<feat xlink:href="#sSpan2494" value="ⲙⲡⲉⲭ︤ⲥ︥"/>
		<feat xlink:href="#sSpan2504" value="·"/>
		<feat xlink:href="#sSpan2508" value="ⲟⲩⲟⲛ"/>
		<feat xlink:href="#sSpan2514" value="ⲛⲓⲙ"/>
		<feat xlink:href="#sSpan2518" value="ⲉⲧⲛⲁϩⲁⲣⲉϩ"/>
		<feat xlink:href="#sSpan2526" value="ⲉⲛⲉⲕⲛⲧⲟⲗⲏ"/>
		<feat xlink:href="#sSpan2536" value="ϯⲛⲁⲭⲁⲣⲓⲍⲉ"/>
		<feat xlink:href="#sSpan2545" value="ⲙⲙⲟⲟⲩ"/>
		<feat xlink:href="#sSpan2551" value="ⲛⲁⲕ"/>
		<feat xlink:href="#sSpan2557" value="ⲛϣⲏⲣⲉ"/>
		<feat xlink:href="#sSpan2564" value="ϩⲛⲧⲁⲙⲛⲧⲉⲣⲟ"/>
		<feat xlink:href="#sSpan2575" value="·"/>
		<feat xlink:href="#sSpan2579" value="ⲟⲩⲟⲛ"/>
		<feat xlink:href="#sSpan2585" value="ⲛⲓⲙ"/>
		<feat xlink:href="#sSpan2589" value="ⲉⲧⲛⲁϭⲱ"/>
		<feat xlink:href="#sSpan2598" value="ⲉⲩⲙⲏⲛ"/>
		<feat xlink:href="#sSpan2606" value="ⲉⲃⲟⲗ"/>
		<feat xlink:href="#sSpan2611" value="ϩⲛⲧϭⲓⲛⲣϩⲱⲃⲙⲛ"/>
		<feat xlink:href="#sSpan2623" value="ⲙⲛⲧⲉⲕϭⲓⲛϣⲙϣⲉ"/>
		<feat xlink:href="#sSpan2634" value="ⲥⲉⲛⲁϣⲱⲡⲉ"/>
		<feat xlink:href="#sSpan2642" value="ⲛⲁⲕ"/>
		<feat xlink:href="#sSpan2648" value="ⲛϣⲏⲣⲉ"/>
		<feat xlink:href="#sSpan2655" value="ϩⲙⲡⲏⲓ"/>
		<feat xlink:href="#sSpan2664" value="ⲙⲡⲁⲉⲓⲱⲧ"/>
		<feat xlink:href="#sSpan2673" value="·"/>
		<feat xlink:href="#sSpan2677" value="ⲛⲧⲉⲩⲛⲟⲩ"/>
		<feat xlink:href="#sSpan2690" value="ⲇⲉ"/>
		<feat xlink:href="#sSpan2694" value="ⲁⲡⲁⲉⲓⲱⲧ"/>
		<feat xlink:href="#sSpan2703" value="ⲙⲟⲩⲧⲉ"/>
		<feat xlink:href="#sSpan2707" value="ⲉⲣⲟⲓ"/>
		<feat xlink:href="#sSpan2713" value="ⲁϥϫⲱ"/>
		<feat xlink:href="#sSpan2721" value="ⲉⲣⲟⲓ"/>
		<feat xlink:href="#sSpan2727" value="ⲛϣⲁϫⲉ"/>
		<feat xlink:href="#sSpan2734" value="ⲛⲓⲙ"/>
		<feat xlink:href="#sSpan2738" value="ⲛⲧⲁⲡⲥ︤ⲏ︦ⲣ︥"/>
		<feat xlink:href="#sSpan2750" value="ϫⲟⲟⲩ"/>
		<feat xlink:href="#sSpan2756" value="ⲛⲁϥ"/>
		<feat xlink:href="#sSpan2762" value="·"/>
		<feat xlink:href="#sSpan2766" value="ⲛⲧⲉⲣⲉⲓⲥⲱⲧⲙ"/>
		<feat xlink:href="#sSpan2777" value="ⲇⲉ"/>
		<feat xlink:href="#sSpan2781" value="ⲉⲣⲟⲟⲩ"/>
		<feat xlink:href="#sSpan2787" value="ⲁⲓⲣϣⲡⲏⲣⲉ"/>
		<feat xlink:href="#sSpan2797" value="ⲉⲙⲁⲧⲉ"/>
		<feat xlink:href="#sSpan2801" value="ⲁⲩⲱ"/>
		<feat xlink:href="#sSpan2805" value="ⲡⲉϫⲁⲓ"/>
		<feat xlink:href="#sSpan2811" value="ⲛⲁϥ"/>
		<feat xlink:href="#sSpan2817" value="ϫⲉ"/>
		<feat xlink:href="#sSpan2821" value="·"/>
		<feat xlink:href="#sSpan2826" value="ⲡⲁⲉⲓⲱⲧ"/>
		<feat xlink:href="#sSpan2832" value="ⲉϣϫⲉ"/>
		<feat xlink:href="#sSpan2837" value="ⲧⲁⲓ"/>
		<feat xlink:href="#sSpan2841" value="ⲧⲉ"/>
		<feat xlink:href="#sSpan2845" value="ⲑⲉ"/>
		<feat xlink:href="#sSpan2851" value="ⲉⲧⲣⲁⲛⲁϥ"/>
		<feat xlink:href="#sSpan2861" value="ⲙⲡϫ︤ⲥ︥"/>
		<feat xlink:href="#sSpan2870" value="ⲙⲁⲣⲛⲉⲓⲣⲉ"/>
		<feat xlink:href="#sSpan2878" value="ϩⲓⲛⲁⲓ"/>
		<feat xlink:href="#sSpan2885" value="·"/>
		<feat xlink:href="#sSpan2889" value="ⲙⲁⲣⲛⲟⲩⲁϩⲛ"/>
		<feat xlink:href="#sSpan2899" value="ⲛⲥⲁⲡϫ︤ⲥ︥"/>
		<feat xlink:href="#sSpan2908" value="ⲛⲧⲛϩⲁⲣⲉϩ"/>
		<feat xlink:href="#sSpan2916" value="ⲉⲛϥⲉⲛⲧⲟⲗⲏ"/>
		<feat xlink:href="#sSpan2925" value="·"/>
		<feat xlink:href="#sSpan2929" value="ⲛⲁⲛⲟⲩⲛϭⲓⲛⲣϩⲱⲃ"/>
		<feat xlink:href="#sSpan2941" value="ⲧⲏⲣⲟⲩ"/>
		<feat xlink:href="#sSpan2947" value="ⲙⲡϫ︤ⲥ︥"/>
		<feat xlink:href="#sSpan2956" value="ⲁⲩⲱ"/>
		<feat xlink:href="#sSpan2960" value="ⲥⲉⲧⲁⲓⲏⲩ"/>
		<feat xlink:href="#sSpan2966" value="ⲉⲩⲥⲟⲧⲡ"/>
		<feat xlink:href="#sSpan2974" value="ⲉⲙⲁⲧⲉ"/>
		<feat xlink:href="#sSpan2978" value="ⲁⲩⲱ"/>
		<feat xlink:href="#sSpan2982" value="ⲥⲉⲃⲏⲕ"/>
		<feat xlink:href="#sSpan2988" value="ⲉϩⲟⲩⲛ"/>
		<feat xlink:href="#sSpan2992" value="ⲉⲡⲏⲓ"/>
		<feat xlink:href="#sSpan3001" value="ⲙⲡϫ︤ⲥ︥"/>
		<feat xlink:href="#sSpan3010" value="ϩⲓⲟⲩⲥⲟⲡ"/>
		<feat xlink:href="#sSpan3018" value="·"/>
		<feat xlink:href="#sSpan3022" value="ⲑⲉ"/>
		<feat xlink:href="#sSpan3031" value="ⲅⲁⲣ"/>
		<feat xlink:href="#sSpan3035" value="ⲛⲧⲁϥⲧⲟϣⲥ"/>
		<feat xlink:href="#sSpan3047" value="ⲉⲣⲟⲛ"/>
		<feat xlink:href="#sSpan3053" value="ⲧⲛⲛⲁⲉⲓⲣⲉ"/>
		<feat xlink:href="#sSpan3062" value="ⲕⲁⲧⲁⲡⲉϥⲟⲩⲱϣ"/>
		<feat xlink:href="#sSpan3071" value="·"/>
		<feat xlink:href="#sSpan3075" value="ⲙⲛⲛⲥⲁⲛⲁⲓ"/>
		<feat xlink:href="#sSpan3087" value="ⲇⲉ"/>
		<feat xlink:href="#sSpan3091" value="ⲧⲏⲣⲟⲩ"/>
		<feat xlink:href="#sSpan3097" value="ⲁⲛⲧⲱⲟⲩⲛ"/>
		<feat xlink:href="#sSpan3105" value="ⲁⲛⲙⲟⲟϣⲉ"/>
		<feat xlink:href="#sSpan3114" value="ⲉⲃⲟⲗ"/>
		<feat xlink:href="#sSpan3118" value="ⲉⲧⲣⲉⲛⲉⲓ"/>
		<feat xlink:href="#sSpan3129" value="ⲉⲡⲧⲟⲟⲩ"/>
		<feat xlink:href="#sSpan3140" value="ⲛⲧⲉⲧⲕⲟⲟϩ"/>
		<feat xlink:href="#sSpan3149" value=","/>
		<feat xlink:href="#sSpan3153" value="ⲡⲧⲟⲟⲩ"/>
		<feat xlink:href="#sSpan3160" value="ⲛⲧⲁⲡⲛⲟⲩⲧⲉ"/>
		<feat xlink:href="#sSpan3171" value="ϩⲱⲛ"/>
		<feat xlink:href="#sSpan3175" value="ⲙⲙⲟϥ"/>
		<feat xlink:href="#sSpan3181" value="ⲛⲁⲛ"/>
		<feat xlink:href="#sSpan3187" value=","/>
		<feat xlink:href="#sSpan3191" value="ⲡⲉⲛⲧⲁϥⲥⲃⲧⲱⲧϥ"/>
		<feat xlink:href="#sSpan3206" value="ⲙⲡⲁⲉⲓⲱⲧ"/>
		<feat xlink:href="#sSpan3216" value="ⲁⲡⲟⲗⲗⲱ"/>
		<feat xlink:href="#sSpan3220" value=","/>
		<feat xlink:href="#sSpan3224" value="ⲁⲩⲱ"/>
		<feat xlink:href="#sSpan3228" value="ⲁⲛⲉⲓ"/>
		<feat xlink:href="#sSpan3237" value="ⲉϩⲣⲁⲓ"/>
		<feat xlink:href="#sSpan3242" value="ⲉⲩⲧⲟⲟⲩ"/>
		<feat xlink:href="#sSpan3251" value="ⲉϥⲙⲡϩⲱⲧ"/>
		<feat xlink:href="#sSpan3264" value="ⲉⲃⲟⲗ"/>
		<feat xlink:href="#sSpan3268" value="ⲛⲟⲩϯⲙⲉ"/>
		<feat xlink:href="#sSpan3280" value="ϫⲉⲧⲁⲡⲁⲣⲟⲟⲩⲉ"/>
		<feat xlink:href="#sSpan3290" value="·"/>
		<feat xlink:href="#sSpan3294" value="ⲁⲛϭⲟⲓⲗⲉ"/>
		<feat xlink:href="#sSpan3303" value="ⲉϩⲉⲛⲥⲛⲏⲩ"/>
		<feat xlink:href="#sSpan3313" value="ⲛⲣⲉϥϣⲙϣⲉⲛⲟⲩⲧⲉ"/>
		<feat xlink:href="#sSpan3322" value="ⲁⲩⲉⲓⲣⲉ"/>
		<feat xlink:href="#sSpan3330" value="ⲛⲙⲙⲁⲛ"/>
		<feat xlink:href="#sSpan3336" value="ⲛϩⲉⲛⲛⲟϭⲙⲡⲉⲧⲛⲁⲛⲟⲩϥ"/>
		<feat xlink:href="#sSpan3353" value="ⲁⲛⲉⲛⲕⲟⲧⲕ"/>
		<feat xlink:href="#sSpan3361" value="ϩⲙⲡⲙⲁ"/>
		<feat xlink:href="#sSpan3370" value="ⲉⲧⲙⲙⲁⲩ"/>
		<feat xlink:href="#sSpan3376" value="ϣⲁϩⲧⲟⲟⲩⲉ"/>
		<feat xlink:href="#sSpan3383" value="·"/>
		<feat xlink:href="#sSpan3387" value="ⲛⲧⲉⲣⲉϩⲧⲟⲟⲩⲉ"/>
		<feat xlink:href="#sSpan3397" value="ⲇⲉ"/>
		<feat xlink:href="#sSpan3401" value="ϣⲱⲡⲉ"/>
		<feat xlink:href="#sSpan3405" value="ⲁⲛⲉⲓ"/>
		<feat xlink:href="#sSpan3414" value="ⲉϩⲏⲧ"/>
		<feat xlink:href="#sSpan3421" value="ⲉⲧⲉⲧⲕⲟⲟϩ"/>
		<feat xlink:href="#sSpan3432" value="·"/>
		<feat xlink:href="#sSpan3437" value="ⲛⲉⲥⲛⲏⲩ"/>
		<feat xlink:href="#sSpan3446" value="ⲇⲉ"/>
		<feat xlink:href="#sSpan3450" value="ⲉⲧⲛϩⲏⲧϥ"/>
		<feat xlink:href="#sSpan3458" value="ⲛⲧⲉⲣⲟⲩⲥⲱⲧⲙ"/>
		<feat xlink:href="#sSpan3466" value="ϫⲉⲁⲛⲉⲓ"/>
		<feat xlink:href="#sSpan3476" value="ⲁⲩⲉⲓ"/>
		<feat xlink:href="#sSpan3485" value="ⲉⲃⲟⲗ"/>
		<feat xlink:href="#sSpan3489" value="ϩⲁⲧⲉⲛϩⲉ"/>
		<feat xlink:href="#sSpan3497" value="ϩⲛⲟⲩⲛⲟϭ"/>
		<feat xlink:href="#sSpan3506" value="ⲛⲣⲁϣⲉ"/>
		<feat xlink:href="#sSpan3512" value="ⲁⲩϣⲟⲡⲛ"/>
		<feat xlink:href="#sSpan3522" value="ⲉⲡⲟⲟⲩ"/>
		<feat xlink:href="#sSpan3531" value="·"/>
		<feat xlink:href="#sSpan3535" value="ⲁⲛⲟⲛ"/>
		<feat xlink:href="#sSpan3542" value="ⲇⲉ"/>
		<feat xlink:href="#sSpan3546" value="ϩⲱⲱⲛ"/>
		<feat xlink:href="#sSpan3552" value="ⲁⲛϫⲱ"/>
		<feat xlink:href="#sSpan3560" value="ⲉⲣⲟⲟⲩ"/>
		<feat xlink:href="#sSpan3566" value="ⲙⲡⲙⲩⲥⲧⲏⲣⲓⲟⲛ"/>
		<feat xlink:href="#sSpan3576" value="ⲛⲧⲁⲛⲛⲁⲩ"/>
		<feat xlink:href="#sSpan3586" value="ⲉⲣⲟϥ"/>
		<feat xlink:href="#sSpan3592" value="·"/>
		<feat xlink:href="#sSpan3596" value="ⲛⲧⲟⲟⲩ"/>
		<feat xlink:href="#sSpan3603" value="ⲇⲉ"/>
		<feat xlink:href="#sSpan3607" value="ⲁⲩϣⲱⲡⲉ"/>
		<feat xlink:href="#sSpan3615" value="ⲉⲩⲣϣⲡⲏⲣⲉ"/>
		<feat xlink:href="#sSpan3625" value="ⲡⲉϫⲁⲩ"/>
		<feat xlink:href="#sSpan3631" value="ⲛⲁⲛ"/>
		<feat xlink:href="#sSpan3637" value="ϫⲉ"/>
		<feat xlink:href="#sSpan3641" value="·"/>
		<feat xlink:href="#sSpan3645" value="ⲁⲥϣⲱⲡⲉ"/>
		<feat xlink:href="#sSpan3653" value="ⲙⲙⲟⲛ"/>
		<feat xlink:href="#sSpan3659" value="ϩⲱⲱⲛ"/>
		<feat xlink:href="#sSpan3665" value="ⲉⲛⲉⲛⲕⲟⲧⲕ"/>
		<feat xlink:href="#sSpan3674" value="ⲛⲧⲉⲩϣⲏ"/>
		<feat xlink:href="#sSpan3683" value="ⲁⲛⲥⲱⲧⲙ"/>
		<feat xlink:href="#sSpan3691" value="ⲉⲡⲉϩⲣⲟⲟⲩ"/>
		<feat xlink:href="#sSpan3700" value="ⲛⲟⲩⲥⲁⲗⲡⲓⲅⲝ"/>
		<feat xlink:href="#sSpan3710" value="ⲉⲥⲱϣ"/>
		<feat xlink:href="#sSpan3719" value="ⲉⲃⲟⲗ"/>
		<feat xlink:href="#sSpan3723" value="ⲉⲥϫⲱ"/>
		<feat xlink:href="#sSpan3731" value="ⲙⲙⲟⲥ"/>
		<feat xlink:href="#sSpan3737" value="ⲛⲧⲉⲓϩⲉ"/>
		<feat xlink:href="#sSpan3745" value="ϩⲛⲟⲩⲛⲟϭ"/>
		<feat xlink:href="#sSpan3754" value="ⲛⲥⲙⲏ"/>
		<feat xlink:href="#sSpan3760" value="ϣⲁϣⲟⲙⲛⲧ"/>
		<feat xlink:href="#sSpan3767" value="ⲛⲥⲟⲡ"/>
		<feat xlink:href="#sSpan3773" value="ϫⲉ"/>
		<feat xlink:href="#sSpan3777" value="·"/>
		<feat xlink:href="#sSpan3782" value="ⲉⲓⲥϩⲏⲏⲧⲉ"/>
		<feat xlink:href="#sSpan3790" value="ⲁϥⲉⲓ"/>
		<feat xlink:href="#sSpan3798" value="ⲛϭⲓⲡϣⲱⲥ"/>
		<feat xlink:href="#sSpan3807" value="ⲉⲧⲛⲁⲛⲟⲩϥ"/>
		<feat xlink:href="#sSpan3815" value="ⲡⲉⲛⲧⲁϥⲙⲟⲟⲛⲉ"/>
		<feat xlink:href="#sSpan3827" value="ⲛⲛⲉϥⲉⲥⲟⲟⲩ"/>
		<feat xlink:href="#sSpan3836" value="ϩⲛⲙⲙⲁ"/>
		<feat xlink:href="#sSpan3845" value="ⲙⲙⲟⲟⲛⲉ"/>
		<feat xlink:href="#sSpan3851" value="ⲙⲡⲱⲛϩ"/>
		<feat xlink:href="#sSpan3860" value="·"/>
		<feat xlink:href="#sSpan3864" value="ⲙⲛⲛⲥⲱⲥ"/>
		<feat xlink:href="#sSpan3872" value="ⲁϥⲉⲓ"/>
		<feat xlink:href="#sSpan3880" value="ⲛϭⲓⲟⲩⲭⲟⲣⲟⲥ"/>
		<feat xlink:href="#sSpan3890" value="ⲛⲁⲅⲅⲉⲗⲟⲥ"/>
		<feat xlink:href="#sSpan3898" value="ⲁⲩⲣⲧⲉⲩϣⲏ"/>
		<feat xlink:href="#sSpan3911" value="ⲧⲏⲣⲥ"/>
		<feat xlink:href="#sSpan3917" value="ⲉⲩϩⲩⲙⲛⲉⲩⲉ"/>
		<feat xlink:href="#sSpan3926" value="ⲁⲩⲱ"/>
		<feat xlink:href="#sSpan3930" value="ⲉⲩⲭⲟⲣⲉⲩⲉ"/>
		<feat xlink:href="#sSpan3939" value="ϩⲓϫⲙⲡⲥⲱⲙⲁ"/>
		<feat xlink:href="#sSpan3949" value="ⲙⲡⲙⲁⲕⲁⲣⲓⲟⲥ"/>
		<feat xlink:href="#sSpan3960" value="ⲁⲡⲁ"/>
		<feat xlink:href="#sSpan3965" value="ⲫⲓϥ"/>
		<feat xlink:href="#sSpan3969" value="ⲉⲩϫⲱ"/>
		<feat xlink:href="#sSpan3977" value="ⲙⲡϩⲩⲙⲛⲟⲥ"/>
		<feat xlink:href="#sSpan3987" value="ⲉⲣⲉⲛⲁⲅⲅⲉⲗⲟⲥ"/>
		<feat xlink:href="#sSpan3997" value="ⲟⲩⲱϩⲙ"/>
		<feat xlink:href="#sSpan4001" value="ⲛⲥⲱⲟⲩ"/>
		<feat xlink:href="#sSpan4007" value="ϫⲉ"/>
		<feat xlink:href="#sSpan4011" value="·"/>
		<feat xlink:href="#sSpan4015" value="ⲉⲣⲉⲡⲉⲓⲧⲟⲟⲩ"/>
		<feat xlink:href="#sSpan4026" value="ⲛⲏⲩ"/>
		<feat xlink:href="#sSpan4031" value="ⲛⲣⲁϣⲉ"/>
		<feat xlink:href="#sSpan4038" value="ⲁⲩⲱ"/>
		<feat xlink:href="#sSpan4042" value="ⲛϥϫⲓⲉⲟⲟⲩ"/>
		<feat xlink:href="#sSpan4052" value="·"/>
		<feat xlink:href="#sSpan4057" value="ⲡⲁⲓ"/>
		<feat xlink:href="#sSpan4061" value="ⲡⲉ"/>
		<feat xlink:href="#sSpan4065" value="ⲡⲧⲟⲟⲩ"/>
		<feat xlink:href="#sSpan4072" value="ⲙⲡϫ︤ⲥ︥"/>
		<feat xlink:href="#sSpan4081" value="ⲡⲧⲟⲟⲩ"/>
		<feat xlink:href="#sSpan4087" value="ⲉⲧϫⲟⲥⲉ"/>
		<feat xlink:href="#sSpan4093" value="ⲡⲧⲟⲟⲩ"/>
		<feat xlink:href="#sSpan4099" value="ⲉⲧⲧⲏⲕ"/>
		<feat xlink:href="#sSpan4105" value="ⲡⲧⲟⲟⲩ"/>
		<feat xlink:href="#sSpan4111" value="ⲉⲧⲕⲓⲱⲟⲩ"/>
		<feat xlink:href="#sSpan4117" value="·"/>
		<feat xlink:href="#sSpan4122" value="ⲡⲧⲟⲟⲩ"/>
		<feat xlink:href="#sSpan4128" value="ⲡⲉ"/>
		<feat xlink:href="#sSpan4132" value="ⲡⲁⲓ"/>
		<feat xlink:href="#sSpan4137" value="ⲛⲧⲁⲡⲛⲟⲩⲧⲉ"/>
		<feat xlink:href="#sSpan4148" value="ⲟⲩⲉϣ"/>
		<feat xlink:href="#sSpan4152" value="ⲟⲩⲱϩ"/>
		<feat xlink:href="#sSpan4156" value="ⲛϩⲏⲧϥ"/>
		<feat xlink:href="#sSpan4162" value="ϣⲁⲃⲟⲗ"/>
		<feat xlink:href="#sSpan4166" value="·"/>
		<feat xlink:href="#sSpan4171" value="ⲡⲁⲓ"/>
		<feat xlink:href="#sSpan4175" value="ⲡⲉ"/>
		<feat xlink:href="#sSpan4179" value="ⲡⲏⲓ"/>
		<feat xlink:href="#sSpan4186" value="ⲙⲡⲛⲟⲩⲧⲉ"/>
		<feat xlink:href="#sSpan4195" value="ⲡⲙⲁ"/>
		<feat xlink:href="#sSpan4201" value="ⲛϣⲱⲡⲉ"/>
		<feat xlink:href="#sSpan4207" value="ⲛⲛⲇⲓⲕⲁⲓⲟⲥ"/>
		<feat xlink:href="#sSpan4217" value="·"/>
		<feat xlink:href="#sSpan4221" value="ⲛⲧⲉⲣⲛⲥⲱⲧⲙ"/>
		<feat xlink:href="#sSpan4232" value="ⲇⲉ"/>
		<feat xlink:href="#sSpan4236" value="ⲉⲛⲁⲓ"/>
		<feat xlink:href="#sSpan4243" value="ⲁⲛⲣϩⲟⲧⲉ"/>
		<feat xlink:href="#sSpan4253" value="ϩⲛⲟⲩⲛⲟϭ"/>
		<feat xlink:href="#sSpan4262" value="ⲛϩⲟⲧⲉ"/>
		<feat xlink:href="#sSpan4268" value="ⲁⲩⲱ"/>
		<feat xlink:href="#sSpan4272" value="ⲁⲛⲣⲧⲉⲩϣⲏ"/>
		<feat xlink:href="#sSpan4285" value="ⲧⲏⲣⲥ"/>
		<feat xlink:href="#sSpan4291" value="ⲉⲛⲥⲟⲟⲩϩ"/>
		<feat xlink:href="#sSpan4299" value="ⲉⲛⲉⲛⲉⲣⲏⲩ"/>
		<feat xlink:href="#sSpan4307" value="ϣⲁϩⲧⲟⲟⲩⲉ"/>
		<feat xlink:href="#sSpan4314" value="ⲉⲛⲥⲙⲟⲩ"/>
		<feat xlink:href="#sSpan4322" value="ⲉⲡⲛⲟⲩⲧⲉ"/>
		<feat xlink:href="#sSpan4331" value="ⲡⲉⲓⲱⲧ"/>
		<feat xlink:href="#sSpan4337" value="ⲙⲡⲉⲛϫⲟⲉⲓⲥ"/>
		<feat xlink:href="#sSpan4347" value="ⲓ̈ⲥ︦"/>
		<feat xlink:href="#sSpan4351" value="ⲡⲉⲭ︤ⲥ︥"/>
		<feat xlink:href="#sSpan4358" value="ⲁⲩⲱ"/>
		<feat xlink:href="#sSpan4362" value="ⲉⲛⲣϣⲡⲏⲣⲉ"/>
		<feat xlink:href="#sSpan4372" value="ⲉϫⲛⲛⲉⲛⲧⲁⲛⲥⲟⲧⲙⲟⲩ"/>
		<feat xlink:href="#sSpan4389" value="·"/>
		<feat xlink:href="#sSpan4393" value="ⲧⲉⲛⲟⲩ"/>
		<feat xlink:href="#sSpan4399" value="ϭⲉ"/>
		<feat xlink:href="#sSpan4403" value="ⲡⲛⲟⲩⲧⲉ"/>
		<feat xlink:href="#sSpan4410" value="ⲡⲉⲛⲥ︤ⲏ︦ⲣ︥"/>
		<feat xlink:href="#sSpan4417" value="ⲡⲉⲛⲧⲁϥⲧⲛⲛⲟⲟⲩⲕ"/>
		<feat xlink:href="#sSpan4431" value="ϣⲁⲣⲟⲛ"/>
		<feat xlink:href="#sSpan4437" value="·"/>
		<feat xlink:href="#sSpan4441" value="ⲛⲧⲟⲕ"/>
		<feat xlink:href="#sSpan4447" value="ⲡⲉ"/>
		<feat xlink:href="#sSpan4451" value="ⲡϣⲱⲥ"/>
		<feat xlink:href="#sSpan4458" value="ⲉⲧⲙⲟⲟⲛⲉ"/>
		<feat xlink:href="#sSpan4464" value="ⲙⲙⲟⲛ"/>
		<feat xlink:href="#sSpan4470" value="ⲧⲏⲣⲛ"/>
		<feat xlink:href="#sSpan4477" value="ⲛⲕⲟⲩⲓ"/>
		<feat xlink:href="#sSpan4483" value="ⲙⲛⲛⲛⲟϭ"/>
		<feat xlink:href="#sSpan4492" value="ϩⲛⲟⲩⲙⲛⲧⲁⲅⲁⲑⲱⲥ"/>
		<feat xlink:href="#sSpan4504" value="·"/>
		<feat xlink:href="#sSpan4508" value="ⲉⲓⲥ"/>
		<feat xlink:href="#sSpan4513" value="ⲛⲉⲛⲥⲱⲙⲁ"/>
		<feat xlink:href="#sSpan4520" value="ⲙⲛⲛⲉⲛ·ⲯⲩⲭⲏ"/>
		<feat xlink:href="#sSpan4530" value="ϩⲛⲛⲉⲕϭⲓϫ"/>
		<feat xlink:href="#sSpan4539" value="·"/>
		<feat xlink:href="#sSpan4543" value="ϣⲱⲡⲉ"/>
		<feat xlink:href="#sSpan4547" value="ⲛⲁⲛ"/>
		<feat xlink:href="#sSpan4553" value="ⲛⲉⲓⲱⲧ"/>
		<feat xlink:href="#sSpan4559" value="ⲁⲛⲟⲛ"/>
		<feat xlink:href="#sSpan4563" value="ϩⲱⲱⲛ"/>
		<feat xlink:href="#sSpan4569" value="ⲛⲧⲛϣⲱⲡⲉ"/>
		<feat xlink:href="#sSpan4577" value="ⲛⲁⲕ"/>
		<feat xlink:href="#sSpan4583" value="ⲛϣⲏⲣⲉ"/>
		<feat xlink:href="#sSpan4590" value="·"/>
		<feat xlink:href="#sSpan4594" value="ⲁϥⲟⲩⲱϣⲃ"/>
		<feat xlink:href="#sSpan4606" value="ⲛϭⲓⲡⲁⲉⲓⲱⲧ"/>
		<feat xlink:href="#sSpan4615" value="ⲉϥϫⲱ"/>
		<feat xlink:href="#sSpan4623" value="ⲙⲙⲟⲥ"/>
		<feat xlink:href="#sSpan4629" value="ϫⲉ"/>
		<feat xlink:href="#sSpan4633" value="·"/>
		<feat xlink:href="#sSpan4637" value="ⲉϣϫⲉ"/>
		<feat xlink:href="#sSpan4642" value="ⲡⲉⲕⲟⲩⲱϣ"/>
		<feat xlink:href="#sSpan4649" value="ⲡⲛⲟⲩⲧⲉ"/>
		<feat xlink:href="#sSpan4655" value="ⲡⲉ"/>
		<feat xlink:href="#sSpan4660" value="ⲡⲁⲓ"/>
		<feat xlink:href="#sSpan4664" value="ⲧⲛⲛⲁⲉⲓⲣⲉ"/>
		<feat xlink:href="#sSpan4673" value="ⲕⲁⲧⲁⲡⲉⲕϣⲁϫⲉ"/>
		<feat xlink:href="#sSpan4682" value="·"/>
		<feat xlink:href="#sSpan4686" value="ⲁⲩⲱ"/>
		<feat xlink:href="#sSpan4692" value="ⲁⲛⲥⲱⲟⲩϩ"/>
		<feat xlink:href="#sSpan4700" value="ⲉⲛⲉⲛⲉⲣⲏⲩ"/>
		<feat xlink:href="#sSpan4708" value="ϩⲓⲟⲩⲥⲟⲡ"/>
		<feat xlink:href="#sSpan4716" value="ⲉⲛⲉⲓⲣⲉ"/>
		<feat xlink:href="#sSpan4724" value="ⲛⲁϫⲟⲩⲱⲧ"/>
		<feat xlink:href="#sSpan4731" value="ⲛⲣⲱⲙⲉ"/>
		<feat xlink:href="#sSpan4737" value="ⲉⲛⲟⲩⲏⲏϩ"/>
		<feat xlink:href="#sSpan4745" value="ϩⲁϩⲧⲛ"/>
		<feat xlink:href="#sSpan4750" value="ⲡⲁⲉⲓⲱⲧ"/>
		<feat xlink:href="#sSpan4756" value="·"/>
		<feat xlink:href="#sSpan4761" value="ⲡⲁⲉⲓⲱⲧ"/>
		<feat xlink:href="#sSpan4770" value="ⲇⲉ"/>
		<feat xlink:href="#sSpan4774" value="ⲛⲉϥⲥⲣⲟϥⲧ"/>
		<feat xlink:href="#sSpan4782" value="ⲉⲡϣⲁϫⲉ"/>
		<feat xlink:href="#sSpan4791" value="ⲙⲡⲛⲟⲩⲧⲉ"/>
		<feat xlink:href="#sSpan4800" value="ⲙⲛⲧⲉⲥⲃⲱ"/>
		<feat xlink:href="#sSpan4809" value="ⲙⲛⲛⲕⲁⲛⲱⲛ"/>
		<feat xlink:href="#sSpan4819" value="ⲛⲛⲉⲛⲉⲓⲟⲟⲧⲉ"/>
		<feat xlink:href="#sSpan4828" value="ⲉⲧⲟⲩⲁⲁⲃ"/>
		<feat xlink:href="#sSpan4834" value="ⲛⲁⲡⲟⲥⲧⲟⲗⲟⲥ"/>
		<feat xlink:href="#sSpan4842" value="·"/>
		<feat xlink:href="#sSpan4846" value="ⲁⲛⲟⲕ"/>
		<feat xlink:href="#sSpan4853" value="ⲇⲉ"/>
		<feat xlink:href="#sSpan4857" value="ϩⲱ"/>
		<feat xlink:href="#sSpan4861" value="ⲛⲉⲓⲣⲱϣⲉ"/>
		<feat xlink:href="#sSpan4869" value="ⲡⲉ"/>
		<feat xlink:href="#sSpan4873" value="ⲉⲧⲉⲭⲣⲓⲁ"/>
		<feat xlink:href="#sSpan4883" value="ⲛⲛⲉⲥⲛⲏⲩ"/>
		<feat xlink:href="#sSpan4892" value="·"/>
		<feat xlink:href="#sSpan4897" value="ϩⲉⲛⲛⲟϭ"/>
		<feat xlink:href="#sSpan4906" value="ⲇⲉ"/>
		<feat xlink:href="#sSpan4911" value="ⲛϭⲟⲙ"/>
		<feat xlink:href="#sSpan4917" value="ⲙⲛϩⲉⲛϣⲡⲏⲣⲉ"/>
		<feat xlink:href="#sSpan4926" value="ⲛⲉⲩϣⲟⲟⲡ"/>
		<feat xlink:href="#sSpan4934" value="ⲉⲃⲟⲗ"/>
		<feat xlink:href="#sSpan4939" value="ϩⲓⲧⲟⲟⲧϥ"/>
		<feat xlink:href="#sSpan4945" value="ⲙⲡⲁⲉⲓⲱⲧ"/>
		<feat xlink:href="#sSpan4954" value="·"/>
		<feat xlink:href="#sSpan4958" value="ⲛⲉⲁⲡϥⲣⲁⲛⲣⲁⲛ"/>
		<feat xlink:href="#sSpan4973" value="ⲅⲁⲣ"/>
		<feat xlink:href="#sSpan4978" value="ⲣⲥⲟⲉⲓⲧ"/>
		<feat xlink:href="#sSpan4983" value="ϩⲙⲙⲁ"/>
		<feat xlink:href="#sSpan4990" value="ⲛⲓⲙ"/>
		<feat xlink:href="#sSpan4994" value="ⲉⲧⲕⲱⲧⲉ"/>
		<feat xlink:href="#sSpan5000" value="ⲉⲣⲟϥ"/>
		<feat xlink:href="#sSpan5006" value="ⲉⲩⲉⲓⲛⲉ"/>
		<feat xlink:href="#sSpan5014" value="ⲛⲁϥ"/>
		<feat xlink:href="#sSpan5020" value="ⲛⲟⲩⲟⲛ"/>
		<feat xlink:href="#sSpan5028" value="ⲛⲓⲙ"/>
		<feat xlink:href="#sSpan5032" value="ⲉⲧϣⲱⲛⲉ"/>
		<feat xlink:href="#sSpan5038" value="ⲉϥⲣⲡⲁϩⲣⲉ"/>
		<feat xlink:href="#sSpan5046" value="ⲉⲣⲟⲟⲩ"/>
		<feat xlink:href="#sSpan5052" value="ⲧⲏⲣⲟⲩ"/>
		<feat xlink:href="#sSpan5058" value="·"/>
		<feat xlink:href="#sSpan5062" value="ⲁⲛⲟⲩⲱⲥϣ"/>
		<feat xlink:href="#sSpan5073" value="ⲇⲉ"/>
		<feat xlink:href="#sSpan5077" value="ⲉⲃⲟⲗ"/>
		<feat xlink:href="#sSpan5081" value="ⲕⲟⲩⲓ"/>
		<feat xlink:href="#sSpan5086" value="ⲕⲟⲩⲓ"/>
		<feat xlink:href="#sSpan5090" value="ⲁⲛⲁⲁⲓ"/>
		<feat xlink:href="#sSpan5100" value="ϩⲙⲡⲛⲟⲩⲧⲉ"/>
		<feat xlink:href="#sSpan5109" value="·"/>
		<feat xlink:href="#sSpan5114" value="ϩⲉⲛⲛⲟϭ"/>
		<feat xlink:href="#sSpan5123" value="ⲇⲉ"/>
		<feat xlink:href="#sSpan5127" value="ⲙⲡⲉⲧⲛⲁⲛⲱⲟⲩ"/>
		<feat xlink:href="#sSpan5140" value="ⲉⲣⲉⲡⲛⲟⲩⲧⲉ"/>
		<feat xlink:href="#sSpan5149" value="ⲉⲓⲣⲉ"/>
		<feat xlink:href="#sSpan5153" value="ⲙⲙⲟⲟⲩ"/>
		<feat xlink:href="#sSpan5159" value="ⲉⲃⲟⲗ"/>
		<feat xlink:href="#sSpan5164" value="ϩⲓⲧⲟⲟⲧϥ"/>
		<feat xlink:href="#sSpan5170" value="ⲙⲡⲁⲉⲓⲱⲧ"/>
		<feat xlink:href="#sSpan5179" value="·"/>
		<feat xlink:href="#sSpan5183" value="ⲛⲧⲉⲣⲛⲱⲥⲕ"/>
		<feat xlink:href="#sSpan5196" value="ⲇⲉ"/>
		<feat xlink:href="#sSpan5200" value="ⲁⲛⲧⲁⲙⲓⲟ"/>
		<feat xlink:href="#sSpan5208" value="ⲛⲟⲩⲕⲟⲩⲓ"/>
		<feat xlink:href="#sSpan5219" value="ⲛⲉⲕⲕⲗⲏⲥⲓⲁ"/>
		<feat xlink:href="#sSpan5226" value="ϩⲓϫⲙⲡⲥⲱⲙⲁ"/>
		<feat xlink:href="#sSpan5236" value="ⲙⲡⲉⲛⲙⲁⲕⲁⲣⲓⲟⲥ"/>
		<feat xlink:href="#sSpan5246" value="ⲛⲥⲟⲛ"/>
		<feat xlink:href="#sSpan5253" value="ⲁⲡⲁ"/>
		<feat xlink:href="#sSpan5258" value="ⲫⲓϥ"/>
		<feat xlink:href="#sSpan5262" value="·"/>
		<feat xlink:href="#sSpan5266" value="ⲁⲛⲉⲥⲛⲏⲩ"/>
		<feat xlink:href="#sSpan5277" value="ϭⲱ"/>
		<feat xlink:href="#sSpan5282" value="ⲉⲩⲥⲩⲛⲁⲅⲉ"/>
		<feat xlink:href="#sSpan5291" value="ⲛϩⲏⲧⲥ"/>
		<feat xlink:href="#sSpan5297" value="ⲙⲙⲏⲏⲛⲉ"/>
		<feat xlink:href="#sSpan5304" value="ⲙⲡⲁⲧⲟⲩⲟⲩⲱⲙ"/>
		<feat xlink:href="#sSpan5312" value="ⲙⲡⲉⲩⲟⲉⲓⲕ"/>
		<feat xlink:href="#sSpan5321" value="·"/>
		<feat xlink:href="#sSpan5325" value="ⲙⲛⲛⲥⲱⲥ"/>
		<feat xlink:href="#sSpan5331" value="ⲁⲡⲥ︤ⲏ︦ⲣ︥"/>
		<feat xlink:href="#sSpan5341" value="ⲟⲩⲱⲛϩ"/>
		<feat xlink:href="#sSpan5345" value="ⲉⲡⲁⲉⲓⲱⲧ"/>
		<feat xlink:href="#sSpan5354" value="ⲁϥϣⲁϫⲉ"/>
		<feat xlink:href="#sSpan5362" value="ⲛⲙⲙⲁϥ"/>
		<feat xlink:href="#sSpan5368" value="ⲉϥϫⲱ"/>
		<feat xlink:href="#sSpan5376" value="ⲙⲙⲟⲥ"/>
		<feat xlink:href="#sSpan5382" value="ϫⲉ"/>
		<feat xlink:href="#sSpan5386" value="·"/>
		<feat xlink:href="#sSpan5390" value="ϯⲣⲏⲛⲏ"/>
		<feat xlink:href="#sSpan5398" value="ⲛⲁⲕ"/>
		<feat xlink:href="#sSpan5404" value="ⲡⲁϣⲃⲏⲣ"/>
		<feat xlink:href="#sSpan5412" value="ⲙⲉⲗⲟⲥ"/>
		<feat xlink:href="#sSpan5416" value="ⲉⲧⲧⲁⲓⲏⲩ"/>
		<feat xlink:href="#sSpan5422" value="·"/>
		<feat xlink:href="#sSpan5426" value="ϯϣⲟⲟⲡ"/>
		<feat xlink:href="#sSpan5432" value="ⲛⲙⲙⲁⲕ"/>
		<feat xlink:href="#sSpan5438" value="·"/>
		<feat xlink:href="#sSpan5443" value="ⲉⲓⲥϩⲏⲏⲧⲉ"/>
		<feat xlink:href="#sSpan5452" value="ⲅⲁⲣ"/>
		<feat xlink:href="#sSpan5456" value="ϯⲛⲁⲥⲱⲟⲩϩ"/>
		<feat xlink:href="#sSpan5464" value="ⲉⲣⲟⲕ"/>
		<feat xlink:href="#sSpan5470" value="ⲛϩⲉⲛⲛⲟϭ"/>
		<feat xlink:href="#sSpan5479" value="ⲙⲙⲏⲏϣⲉ"/>
		<feat xlink:href="#sSpan5485" value="ⲁⲩⲱ"/>
		<feat xlink:href="#sSpan5489" value="ⲥⲉⲛⲁⲁϣⲁⲓ"/>
		<feat xlink:href="#sSpan5497" value="ⲉⲙⲁⲧⲉ"/>
		<feat xlink:href="#sSpan5501" value="ϩⲛⲧⲉⲩⲏⲏⲡⲉ"/>
		<feat xlink:href="#sSpan5510" value="·"/>
		<feat xlink:href="#sSpan5514" value="ⲧⲱⲟⲩⲛ"/>
		<feat xlink:href="#sSpan5520" value="ϭⲉ"/>
		<feat xlink:href="#sSpan5524" value="ⲛⲅⲧⲁⲙⲓⲟ"/>
		<feat xlink:href="#sSpan5532" value="ⲛⲟⲩⲛⲟϭ"/>
		<feat xlink:href="#sSpan5543" value="ⲛⲉⲕⲕⲗⲏⲥⲓⲁ"/>
		<feat xlink:href="#sSpan5551" value="ⲕⲁⲧⲁⲑⲉ"/>
		<feat xlink:href="#sSpan5560" value="ⲉϯⲛⲁⲧⲥⲁⲃⲟⲕ"/>
		<feat xlink:href="#sSpan5572" value="ⲉⲣⲟⲥ"/>
		<feat xlink:href="#sSpan5578" value="ϫⲉⲕⲁⲥ"/>
		<feat xlink:href="#sSpan5582" value="ⲉⲣⲉⲛⲗⲁⲟⲥ"/>
		<feat xlink:href="#sSpan5592" value="ϭⲛⲙⲁ"/>
		<feat xlink:href="#sSpan5599" value="ⲛⲟⲩⲱϩ"/>
		<feat xlink:href="#sSpan5606" value="ⲛϩⲏⲧⲥ"/>
		<feat xlink:href="#sSpan5612" value="·"/>
		<feat xlink:href="#sSpan5616" value="ⲁϥ"/>
		<feat xlink:href="#sSpan5624" value="ⲙⲟⲟϣⲉ"/>
		<feat xlink:href="#sSpan5629" value="ⲇⲉ"/>
		<feat xlink:href="#sSpan5633" value="ⲛⲙⲙⲁϥ"/>
		<feat xlink:href="#sSpan5639" value="ⲁϥⲧⲥⲁⲃⲟϥ"/>
		<feat xlink:href="#sSpan5649" value="ⲉⲡⲧⲱϣ"/>
		<feat xlink:href="#sSpan5658" value="ⲧⲏⲣϥ"/>
		<feat xlink:href="#sSpan5664" value="ⲛⲧⲉⲕⲕⲗⲏⲥⲓⲁ"/>
		<feat xlink:href="#sSpan5674" value="ⲁϥⲧⲁⲙⲟϥ"/>
		<feat xlink:href="#sSpan5684" value="ⲉⲡϥϣⲓⲏ"/>
		<feat xlink:href="#sSpan5693" value="ⲙⲛⲡϥⲟⲩⲱⲥϣ"/>
		<feat xlink:href="#sSpan5702" value="·"/>
		<feat xlink:href="#sSpan5706" value="ⲡⲉϫⲉⲡⲥ︤ⲏ︦ⲣ︥"/>
		<feat xlink:href="#sSpan5718" value="ⲛⲁϥ"/>
		<feat xlink:href="#sSpan5724" value="ϫⲉ"/>
		<feat xlink:href="#sSpan5728" value="·"/>
		<feat xlink:href="#sSpan5733" value="ⲉⲓⲥϩⲏⲏⲧⲉ"/>
		<feat xlink:href="#sSpan5739" value="ⲁⲓⲧⲱϣ"/>
		<feat xlink:href="#sSpan5747" value="ⲛⲁⲕ"/>
		<feat xlink:href="#sSpan5753" value="ⲙⲙⲓⲭⲁⲏⲗ"/>
		<feat xlink:href="#sSpan5762" value="ⲡⲁⲣⲭⲁⲅⲅⲉⲗⲟⲥ"/>
		<feat xlink:href="#sSpan5769" value="·"/>
		<feat xlink:href="#sSpan5773" value="ⲛⲧⲟϥ"/>
		<feat xlink:href="#sSpan5780" value="ⲅⲁⲣ"/>
		<feat xlink:href="#sSpan5784" value="ⲡⲉⲧⲛⲁⲇⲓⲁⲕⲟⲛⲉⲓ"/>
		<feat xlink:href="#sSpan5797" value="ⲉⲡⲉⲕⲧⲟⲡⲟⲥ"/>
		<feat xlink:href="#sSpan5807" value="·"/>
		<feat xlink:href="#sSpan5811" value="ⲡⲱⲕ"/>
		<feat xlink:href="#sSpan5817" value="ⲙⲙⲁⲧⲉ"/>
		<feat xlink:href="#sSpan5821" value="ⲡⲉϣⲁϫⲉ"/>
		<feat xlink:href="#sSpan5827" value="ⲡⲁⲙⲓⲭⲁⲏⲗ"/>
		<feat xlink:href="#sSpan5836" value="ϩⲱⲱϥ"/>
		<feat xlink:href="#sSpan5842" value="ⲡⲉ"/>
		<feat xlink:href="#sSpan5846" value="ⲥⲱⲟⲩϩ"/>
		<feat xlink:href="#sSpan5850" value="ⲉϩⲟⲩⲛ"/>
		<feat xlink:href="#sSpan5854" value="ⲡⲁⲡⲁⲡⲟϩⲉ"/>
		<feat xlink:href="#sSpan5862" value="ϩⲱⲱϥ"/>
		<feat xlink:href="#sSpan5868" value="ⲡⲉ"/>
		<feat xlink:href="#sSpan5872" value="ⲇⲓⲁⲕⲟⲛⲉⲓ"/>
		<feat xlink:href="#sSpan5876" value="·"/>
		<feat xlink:href="#sSpan5880" value="ⲛⲧⲉⲣⲉϥϫⲉ"/>
		<feat xlink:href="#sSpan5891" value="ⲛⲁⲓ"/>
		<feat xlink:href="#sSpan5896" value="ⲇⲉ"/>
		<feat xlink:href="#sSpan5900" value="ⲛϭⲓⲡⲥ︤ⲏ︦ⲣ︥"/>
		<feat xlink:href="#sSpan5910" value="ⲁϥⲃⲱⲕ"/>
		<feat xlink:href="#sSpan5919" value="ⲉϩⲡⲁⲓ"/>
		<feat xlink:href="#sSpan5923" value="ⲉⲙⲡⲏⲩⲉ"/>
		<feat xlink:href="#sSpan5932" value="·"/>
		<feat xlink:href="#sSpan5936" value="ⲙⲛⲛⲥⲱⲥ"/>
		<feat xlink:href="#sSpan5947" value="ⲇⲉ"/>
		<feat xlink:href="#sSpan5951" value="ⲁⲡⲁⲉⲓⲱⲧ"/>
		<feat xlink:href="#sSpan5960" value="ⲙⲟⲩⲧⲉ"/>
		<feat xlink:href="#sSpan5964" value="ⲉⲣⲟⲓ"/>
		<feat xlink:href="#sSpan5970" value="ⲁϥϫⲱ"/>
		<feat xlink:href="#sSpan5978" value="ⲉⲣⲟⲓ"/>
		<feat xlink:href="#sSpan5984" value="ⲛⲛⲉⲓϣⲁϫⲉ"/>
		<feat xlink:href="#sSpan5993" value="ⲧⲏⲣⲟⲩ"/>
		<feat xlink:href="#sSpan5999" value="ⲁⲛⲧⲁⲙⲓⲟ"/>
		<feat xlink:href="#sSpan6008" value="ⲇⲉ"/>
		<feat xlink:href="#sSpan6012" value="ⲛⲧⲉⲕⲕⲗⲏⲥⲓⲁ"/>
		<feat xlink:href="#sSpan6023" value="ⲕⲁⲧⲁⲡⲧⲱϣ"/>
		<feat xlink:href="#sSpan6031" value="ⲛⲧⲁϥⲧⲥⲁⲃⲟⲛ"/>
		<feat xlink:href="#sSpan6043" value="ⲉⲣⲟϥ"/>
		<feat xlink:href="#sSpan6049" value="·"/>
		<feat xlink:href="#sSpan6053" value="ⲛⲧⲉⲣⲛⲟⲩⲱⲥϣ"/>
		<feat xlink:href="#sSpan6064" value="ⲇⲉ"/>
		<feat xlink:href="#sSpan6068" value="ⲉⲃⲟⲗ"/>
		<feat xlink:href="#sSpan6072" value="ⲁⲩⲱ"/>
		<feat xlink:href="#sSpan6076" value="ⲁⲛⲁⲓⲁⲓ"/>
		<feat xlink:href="#sSpan6084" value="ⲡⲉϫⲉⲡⲁⲉⲓⲱⲧ"/>
		<feat xlink:href="#sSpan6093" value="ⲛⲁⲓ"/>
		<feat xlink:href="#sSpan6099" value="ϫⲉ"/>
		<feat xlink:href="#sSpan6103" value="·"/>
		<feat xlink:href="#sSpan6108" value="ⲉⲓⲥϩⲏⲏⲧⲉ"/>
		<feat xlink:href="#sSpan6114" value="ⲁϥϩⲱⲛ"/>
		<feat xlink:href="#sSpan6122" value="ⲉϩⲟⲩⲛ"/>
		<feat xlink:href="#sSpan6126" value="ⲛϭⲓⲡⲉϩⲟⲟⲩ"/>
		<feat xlink:href="#sSpan6135" value="ⲡⲉⲛⲙⲁⲕⲁⲣⲓⲟⲥ"/>
		<feat xlink:href="#sSpan6143" value="ⲛⲥⲟⲛ"/>
		<feat xlink:href="#sSpan6150" value="ⲁⲡⲁ"/>
		<feat xlink:href="#sSpan6155" value="ⲫⲓϥ"/>
		<feat xlink:href="#sSpan6159" value="·"/>
		<feat xlink:href="#sSpan6163" value="ⲙⲁⲣⲛϫⲟⲟⲩ"/>
		<feat xlink:href="#sSpan6175" value="ⲛⲥⲁⲛⲉⲥⲛⲏⲩ"/>
		<feat xlink:href="#sSpan6184" value="ⲉⲧϩⲙⲡⲧⲟⲟⲩ"/>
		<feat xlink:href="#sSpan6195" value="ⲧⲏⲣⲟⲩ"/>
		<feat xlink:href="#sSpan6201" value="ⲛⲧⲛⲉⲓⲣⲉ"/>
		<feat xlink:href="#sSpan6209" value="ⲛⲙⲙⲁⲩ"/>
		<feat xlink:href="#sSpan6215" value="ⲛⲟⲩⲁⲅⲁⲡⲏ"/>
		<feat xlink:href="#sSpan6225" value="ϩⲛⲟⲩⲣⲁϣⲉ"/>
		<feat xlink:href="#sSpan6234" value="ⲙⲛⲟⲩⲧⲉⲗⲏⲗ"/>
		<feat xlink:href="#sSpan6243" value="ϫⲉⲛⲧⲟϥ"/>
		<feat xlink:href="#sSpan6249" value="ⲡⲉⲛⲧⲁⲡϫ︤ⲥ︥"/>
		<feat xlink:href="#sSpan6262" value="ϫⲟⲟϥ"/>
		<feat xlink:href="#sSpan6268" value="ⲛⲁⲓ"/>
		<feat xlink:href="#sSpan6274" value="ⲉⲧⲏⲏⲏⲧϥ"/>
		<feat xlink:href="#sSpan6280" value="ϫⲉ"/>
		<feat xlink:href="#sSpan6284" value="·"/>
		<feat xlink:href="#sSpan6288" value="ϯⲛⲁⲟⲩⲱⲛϩ"/>
		<feat xlink:href="#sSpan6299" value="ⲉⲃⲟⲗ"/>
		<feat xlink:href="#sSpan6303" value="ⲙⲡⲁⲉⲟⲟⲩ"/>
		<feat xlink:href="#sSpan6312" value="ϩⲙⲡϥϩⲟⲟⲩ"/>
		<feat xlink:href="#sSpan6321" value="ⲧⲉⲣⲟⲙⲡⲉ"/>
		<feat xlink:href="#sSpan6327" value="ⲛⲧⲉⲡⲁⲣⲁⲛ"/>
		<feat xlink:href="#sSpan6337" value="ϫⲓⲉⲟⲟⲩ"/>
		<feat xlink:href="#sSpan6342" value="ϩⲙⲡⲕⲁϩ"/>
		<feat xlink:href="#sSpan6351" value="ⲧⲏⲣϥ"/>
		<feat xlink:href="#sSpan6357" value="·"/>
		<feat xlink:href="#sSpan6361" value="ⲁⲛⲟⲕ"/>
		<feat xlink:href="#sSpan6368" value="ⲇⲉ"/>
		<feat xlink:href="#sSpan6372" value="ⲁⲓⲉⲓⲣⲉ"/>
		<feat xlink:href="#sSpan6381" value="ⲕⲁⲧⲁⲑⲉ"/>
		<feat xlink:href="#sSpan6389" value="ⲛⲧⲁϥϫⲟⲟⲥ"/>
		<feat xlink:href="#sSpan6401" value="ⲛⲁⲓ"/>
		<feat xlink:href="#sSpan6407" value="ⲛϭⲓⲡⲁⲉⲓⲱⲧ"/>
		<feat xlink:href="#sSpan6416" value="ⲁⲓϫⲟⲟⲩ"/>
		<feat xlink:href="#sSpan6424" value="ⲉⲃⲟⲗ"/>
		<feat xlink:href="#sSpan6429" value="ϩⲛⲛⲧⲟⲟⲩ"/>
		<feat xlink:href="#sSpan6438" value="ⲧⲏⲣⲟⲩ"/>
		<feat xlink:href="#sSpan6444" value="ⲁⲓⲥⲱⲟⲩϩ"/>
		<feat xlink:href="#sSpan6452" value="ⲉϩⲟⲩⲛ"/>
		<feat xlink:href="#sSpan6456" value="ⲛⲛⲛⲉⲥⲛⲏⲩ"/>
		<feat xlink:href="#sSpan6465" value="ⲧⲏⲣⲟⲩ"/>
		<feat xlink:href="#sSpan6471" value="ⲉⲡⲉϩⲟⲟⲩ"/>
		<feat xlink:href="#sSpan6480" value="ⲉⲧⲟⲩⲁⲁⲃ"/>
		<feat xlink:href="#sSpan6486" value="ⲛⲧⲁⲡϫ︤ⲥ︥"/>
		<feat xlink:href="#sSpan6497" value="ⲧⲁⲙⲓⲟϥ"/>
		<feat xlink:href="#sSpan6503" value="ⲙⲡⲉⲛⲥⲟⲛ"/>
		<feat xlink:href="#sSpan6513" value="ⲁⲡⲁ"/>
		<feat xlink:href="#sSpan6518" value="ⲫⲓϥ"/>
		<feat xlink:href="#sSpan6522" value="·"/>
		<feat xlink:href="#sSpan6526" value="ⲛⲧⲉⲣⲛⲥⲱⲟⲩϩ"/>
		<feat xlink:href="#sSpan6537" value="ⲇⲉ"/>
		<feat xlink:href="#sSpan6541" value="ⲉⲛⲉⲛⲉⲣⲏⲩ"/>
		<feat xlink:href="#sSpan6549" value="ϩⲛⲥⲟⲩϫⲟⲩⲧⲁϥⲧⲉ"/>
		<feat xlink:href="#sSpan6559" value="ⲙⲡⲁⲟⲡⲉ"/>
		<feat xlink:href="#sSpan6566" value="ⲁⲛⲣⲧⲉⲩϣⲏ"/>
		<feat xlink:href="#sSpan6579" value="ⲧⲏⲣⲥ"/>
		<feat xlink:href="#sSpan6585" value="ⲛⲥⲟⲩϫⲟⲩⲧⲏ"/>
		<feat xlink:href="#sSpan6595" value="ⲙⲡⲁⲟⲡⲉ"/>
		<feat xlink:href="#sSpan6602" value="ⲉⲛϣⲟⲟⲡ"/>
		<feat xlink:href="#sSpan6610" value="ϩⲛⲟⲩⲣⲁϣⲉ"/>
		<feat xlink:href="#sSpan6619" value="ⲙⲛⲟⲩⲟⲩⲣⲟⲧ"/>
		<feat xlink:href="#sSpan6628" value="ⲉⲛⲉⲓⲣⲉ"/>
		<feat xlink:href="#sSpan6637" value="ⲛϩⲉⲛⲛⲟϭ"/>
		<feat xlink:href="#sSpan6646" value="ⲛⲥⲩⲛⲁⲝⲓⲥ"/>
		<feat xlink:href="#sSpan6654" value="ⲙⲛϩⲉⲛⲯⲁⲗⲙⲟⲥ"/>
		<feat xlink:href="#sSpan6664" value="ϩⲛⲟⲩⲟⲩⲣⲟⲧ"/>
		<feat xlink:href="#sSpan6673" value="ⲁⲩⲱ"/>
		<feat xlink:href="#sSpan6677" value="ⲉⲛⲧⲉⲗⲏⲗ"/>
		<feat xlink:href="#sSpan6685" value="ϩⲙⲡⲉⲛⲡ︤ⲛ︦ⲁ︥"/>
		<feat xlink:href="#sSpan6695" value="ⲛⲧⲉⲣⲉϩⲧⲟⲟⲩⲉ"/>
		<feat xlink:href="#sSpan6707" value="ⲇⲉ"/>
		<feat xlink:href="#sSpan6711" value="ϣⲱⲡⲉ"/>
		<feat xlink:href="#sSpan6715" value="ⲁϥⲙⲧⲟⲛ"/>
		<feat xlink:href="#sSpan6723" value="ⲙⲙⲟϥ"/>
		<feat xlink:href="#sSpan6729" value="ⲛϭⲓⲟⲩⲕⲟⲩⲓ"/>
		<feat xlink:href="#sSpan6738" value="ⲛⲥⲟⲛ"/>
		<feat xlink:href="#sSpan6744" value="ϫⲉⲍⲁⲭⲁⲣⲓⲁⲥ"/>
		<feat xlink:href="#sSpan6752" value="·"/>
		<feat xlink:href="#sSpan6756" value="ⲁⲩⲱ"/>
		<feat xlink:href="#sSpan6761" value="ⲡⲁⲓ"/>
		<feat xlink:href="#sSpan6765" value="ⲛⲉⲟⲩϣⲏⲣⲉ"/>
		<feat xlink:href="#sSpan6774" value="ⲡⲉ"/>
		<feat xlink:href="#sSpan6778" value="ⲉϥϩⲟⲗϭ"/>
		<feat xlink:href="#sSpan6786" value="ⲛⲛⲁϩⲣⲛⲟⲩⲟⲛ"/>
		<feat xlink:href="#sSpan6794" value="ⲛⲓⲙ"/>
		<feat xlink:href="#sSpan6798" value="ⲁⲩⲱ"/>
		<feat xlink:href="#sSpan6802" value="ⲛⲉⲣⲉⲡⲁⲉⲓⲱⲧ"/>
		<feat xlink:href="#sSpan6811" value="ⲙⲉ"/>
		<feat xlink:href="#sSpan6815" value="ⲙⲙⲟϥ"/>
		<feat xlink:href="#sSpan6821" value="ⲉⲙⲁⲧⲉ"/>
		<feat xlink:href="#sSpan6825" value="ⲉⲧⲃⲉⲛⲉϩⲃⲏⲩⲉ"/>
		<feat xlink:href="#sSpan6834" value="ⲉⲧⲛⲁⲛⲱⲟ︤ⲩ︥"/>
		<feat xlink:href="#sSpan6842" value="ⲉⲧⲉϥⲉⲓⲣⲉ"/>
		<feat xlink:href="#sSpan6850" value="ⲙⲙⲟⲟⲩ"/>
		<feat xlink:href="#sSpan6856" value="·"/>
		<feat xlink:href="#sSpan6860" value="ⲁⲛϫⲓⲧϥ"/>
		<feat xlink:href="#sSpan6870" value="ⲉϩⲟⲩⲛ"/>
		<feat xlink:href="#sSpan6874" value="ⲉⲧⲉⲕⲕⲗⲏⲥⲓⲁ"/>
		<feat xlink:href="#sSpan6884" value="ⲁⲛⲉⲥⲛⲏⲩ"/>
		<feat xlink:href="#sSpan6893" value="ϭⲱ"/>
		<feat xlink:href="#sSpan6898" value="ⲉⲩⲙⲉⲗⲏⲧⲁ"/>
		<feat xlink:href="#sSpan6907" value="ⲉⲣⲟϥ"/>
		<feat xlink:href="#sSpan6913" value="ϣⲁⲛⲧⲟⲩⲕⲟⲥϥ"/>
		<feat xlink:href="#sSpan6923" value="·"/>
		<feat xlink:href="#sSpan6927" value="ⲉⲛⲉⲡⲛⲁⲩ"/>
		<feat xlink:href="#sSpan6941" value="ⲅⲁⲣ"/>
		<feat xlink:href="#sSpan6945" value="ⲛⲧϫⲡⲥⲟ"/>
		<feat xlink:href="#sSpan6954" value="ⲡⲉ"/>
		<feat xlink:href="#sSpan6958" value="·"/>
		<feat xlink:href="#sSpan6962" value="ⲛⲧⲉⲣⲟⲩⲕⲟⲥϥ"/>
		<feat xlink:href="#sSpan6975" value="ⲇⲉ"/>
		<feat xlink:href="#sSpan6979" value="ⲛⲧⲉⲩⲛⲟⲩ"/>
		<feat xlink:href="#sSpan6987" value="ⲁⲛ"/>
		<feat xlink:href="#sSpan6991" value="ⲧⲱⲟⲩⲛ"/>
		<feat xlink:href="#sSpan6995" value="ⲁⲛϣⲗⲏⲗ"/>
		<feat xlink:href="#sSpan7003" value="ϩⲓⲟⲩⲥⲟⲡ"/>
		<feat xlink:href="#sSpan7011" value="ⲁⲩⲱ"/>
		<feat xlink:href="#sSpan7015" value="ⲁⲡⲁⲉⲓⲱⲧ"/>
		<feat xlink:href="#sSpan7024" value="ⲧⲣⲛⲡⲁϩⲧⲛ"/>
		<feat xlink:href="#sSpan7034" value="ⲛⲟⲩⲛⲟϭ"/>
		<feat xlink:href="#sSpan7043" value="ⲛⲛⲁⲩ"/>
		<feat xlink:href="#sSpan7049" value="ⲉϫⲙⲡⲉⲛϩⲟ"/>
		<feat xlink:href="#sSpan7058" value="·"/>
		<feat xlink:href="#sSpan7062" value="ⲙⲛⲛⲥⲱⲥ"/>
		<feat xlink:href="#sSpan7070" value="ⲁϥⲧⲱⲟⲩⲛ"/>
		<feat xlink:href="#sSpan7078" value="ⲛϭⲓⲡⲁⲉⲓⲱⲧ"/>
		<feat xlink:href="#sSpan7087" value="ⲁϥⲁϩⲉⲣⲁⲧϥ"/>
		<feat xlink:href="#sSpan7099" value="ⲁⲩⲱ"/>
		<feat xlink:href="#sSpan7103" value="ⲡⲉϫⲁϥ"/>
		<feat xlink:href="#sSpan7109" value="ⲛⲛⲉⲥⲛⲏⲩ"/>
		<feat xlink:href="#sSpan7118" value="ϫⲉ"/>
		<feat xlink:href="#sSpan7122" value="·"/>
		<feat xlink:href="#sSpan7127" value="ⲁⲗⲏⲑⲱⲥ"/>
		<feat xlink:href="#sSpan7131" value="ⲣⲱⲙⲉ"/>
		<feat xlink:href="#sSpan7136" value="ⲛⲓⲙ"/>
		<feat xlink:href="#sSpan7140" value="ⲛⲧⲁϥⲡⲁϩⲧϥ"/>
		<feat xlink:href="#sSpan7152" value="ⲙⲡⲉⲓⲙⲁ"/>
		<feat xlink:href="#sSpan7161" value="ⲙⲡⲟⲟⲩ"/>
		<feat xlink:href="#sSpan7170" value="ⲁⲡⲛⲟⲩⲧⲉ"/>
		<feat xlink:href="#sSpan7179" value="ⲕⲁⲛⲉⲩⲛⲟⲃⲉ"/>
		<feat xlink:href="#sSpan7188" value="ⲛⲁⲩ"/>
		<feat xlink:href="#sSpan7194" value="ⲉⲃⲟⲗ"/>
		<feat xlink:href="#sSpan7198" value="ⲛⲑⲉ"/>
		<feat xlink:href="#sSpan7206" value="ⲙⲡⲉϩⲟⲟⲩ"/>
		<feat xlink:href="#sSpan7215" value="ⲛⲧⲁⲩϫⲡⲟⲟⲩ"/>
		<feat xlink:href="#sSpan7227" value="ⲛϩⲏⲧϥ"/>
		<feat xlink:href="#sSpan7233" value="·"/>
		<feat xlink:href="#sSpan7238" value="ϩⲟⲓⲛⲉ"/>
		<feat xlink:href="#sSpan7245" value="ⲇⲉ"/>
		<feat xlink:href="#sSpan7249" value="ⲛⲛⲉⲥⲛⲏⲩ"/>
		<feat xlink:href="#sSpan7258" value="ⲁⲩⲇⲓⲥⲧⲁⲍⲉ"/>
		<feat xlink:href="#sSpan7268" value="ϩⲉⲛⲕⲟⲟⲩⲉ"/>
		<feat xlink:href="#sSpan7275" value="ⲇⲉ"/>
		<feat xlink:href="#sSpan7279" value="ⲁⲩⲡⲓⲥⲧⲉⲩⲉ"/>
		<feat xlink:href="#sSpan7288" value="ⲛⲁϥ"/>
		<feat xlink:href="#sSpan7294" value="·"/>
		<feat xlink:href="#sSpan7298" value="ⲁϥϥⲟϭϥ"/>
		<feat xlink:href="#sSpan7311" value="ⲇⲉ"/>
		<feat xlink:href="#sSpan7315" value="ⲉϩⲣⲁⲓ"/>
		<feat xlink:href="#sSpan7319" value="ⲉⲃⲟⲗ"/>
		<feat xlink:href="#sSpan7323" value="ⲙⲙⲟϥ"/>
		<feat xlink:href="#sSpan7329" value="·"/>
		<feat xlink:href="#sSpan7333" value="ⲁϥⲧⲱⲟⲩⲛ"/>
		<feat xlink:href="#sSpan7341" value="ⲁϥⲁϩⲉⲣⲁⲧϥ"/>
		<feat xlink:href="#sSpan7353" value="ⲁϥⲙⲟⲟϣⲉ"/>
		<feat xlink:href="#sSpan7362" value="ⲉⲡⲉⲓⲥⲁ"/>
		<feat xlink:href="#sSpan7371" value="ⲙⲛⲡⲁⲓ"/>
		<feat xlink:href="#sSpan7378" value="·"/>
		<feat xlink:href="#sSpan7382" value="ⲙⲙⲟⲛ"/>
		<feat xlink:href="#sSpan7390" value="ⲁϥⲱϣ"/>
		<feat xlink:href="#sSpan7399" value="ⲉⲃⲟⲗ"/>
		<feat xlink:href="#sSpan7403" value="ϫⲉ"/>
		<feat xlink:href="#sSpan7407" value="·"/>
		<feat xlink:href="#sSpan7412" value="ⲟⲩⲁ"/>
		<feat xlink:href="#sSpan7418" value="ⲡⲉⲡⲛⲟⲩⲧⲉ"/>
		<feat xlink:href="#sSpan7427" value="ⲡⲉⲭ︤ⲥ︥"/>
		<feat xlink:href="#sSpan7435" value="ⲓ̈ⲥ︦"/>
		<feat xlink:href="#sSpan7439" value="ⲡⲉⲛϫⲟⲉⲓⲥ"/>
		<feat xlink:href="#sSpan7445" value="·"/>
		<feat xlink:href="#sSpan7449" value="ⲁⲩⲣϣⲡⲏⲣⲉ"/>
		<feat xlink:href="#sSpan7459" value="ⲛϭⲓⲟⲩⲟⲛ"/>
		<feat xlink:href="#sSpan7467" value="ⲛⲓⲙ"/>
		<feat xlink:href="#sSpan7471" value="ⲉⲧⲁϩⲉⲣⲁⲧⲟⲩ"/>
		<feat xlink:href="#sSpan7481" value="ⲁⲩⲱ"/>
		<feat xlink:href="#sSpan7485" value="ⲡⲉϫⲁϥ"/>
		<feat xlink:href="#sSpan7491" value="ϫⲉ"/>
		<feat xlink:href="#sSpan7495" value="·"/>
		<feat xlink:href="#sSpan7500" value="ⲡⲓⲥⲧⲉⲩⲉ"/>
		<feat xlink:href="#sSpan7504" value="ⲛⲁⲓ"/>
		<feat xlink:href="#sSpan7511" value="ⲱ"/>
		<feat xlink:href="#sSpan7515" value="ⲡⲗⲁⲟⲥ"/>
		<feat xlink:href="#sSpan7523" value="ⲙⲙⲁⲓⲛⲟⲩⲧⲉ"/>
		<feat xlink:href="#sSpan7532" value="ϫⲉⲟⲩⲟⲛ"/>
		<feat xlink:href="#sSpan7540" value="ⲛⲓⲙ"/>
		<feat xlink:href="#sSpan7544" value="ⲉⲧⲁϩⲉⲣⲁⲧⲟⲩ"/>
		<feat xlink:href="#sSpan7554" value="ⲙⲡⲉⲓⲙⲁ"/>
		<feat xlink:href="#sSpan7563" value="ⲙⲡⲟⲟⲩ"/>
		<feat xlink:href="#sSpan7572" value="ⲁⲡⲛⲟⲩⲧⲉ"/>
		<feat xlink:href="#sSpan7581" value="ⲕⲁⲛⲉⲩⲛⲟⲃⲉ"/>
		<feat xlink:href="#sSpan7590" value="ⲛⲁⲩ"/>
		<feat xlink:href="#sSpan7596" value="ⲉⲃⲟⲗ"/>
		<feat xlink:href="#sSpan7600" value="ⲛⲑⲉ"/>
		<feat xlink:href="#sSpan7608" value="ⲙⲡⲉϩⲟⲟⲩ"/>
		<feat xlink:href="#sSpan7617" value="ⲛⲧⲁⲩϫⲡⲟⲟⲩ"/>
		<feat xlink:href="#sSpan7629" value="ⲛϩⲏⲧϥ"/>
		<feat xlink:href="#sSpan7635" value="·"/>
		<feat xlink:href="#sSpan7639" value="ⲁⲩⲱ"/>
		<feat xlink:href="#sSpan7643" value="ⲡⲉⲧⲛⲁⲡⲁϩⲧϥ"/>
		<feat xlink:href="#sSpan7658" value="ⲙⲡⲉⲓⲙⲁ"/>
		<feat xlink:href="#sSpan7667" value="ⲙⲡⲟⲟⲩ"/>
		<feat xlink:href="#sSpan7676" value="ⲥⲉⲛⲁⲕⲁ"/>
		<feat xlink:href="#sSpan7685" value="ⲛⲉⲩⲛⲟⲃⲉ"/>
		<feat xlink:href="#sSpan7691" value="ⲛⲁⲩ"/>
		<feat xlink:href="#sSpan7697" value="ⲉⲃⲟⲗ"/>
		<feat xlink:href="#sSpan7701" value="ϩⲙⲡⲣⲁⲛ"/>
		<feat xlink:href="#sSpan7710" value="ⲙⲡⲉⲛⲥⲟⲛ"/>
		<feat xlink:href="#sSpan7720" value="ⲁⲡⲁ"/>
		<feat xlink:href="#sSpan7726" value="ⲫⲓϥ"/>
		<feat xlink:href="#sSpan7730" value="·"/>
		<feat xlink:href="#sSpan7735" value="ⲡⲉⲓⲙⲩⲥⲧⲏⲣⲓⲟⲛ"/>
		<feat xlink:href="#sSpan7743" value="ⲟⲩⲛⲟϭ"/>
		<feat xlink:href="#sSpan7749" value="ⲡⲉ"/>
		<feat xlink:href="#sSpan7754" value="ⲱ"/>
		<feat xlink:href="#sSpan7759" value="ⲛⲁⲥⲛⲏⲩ"/>
		<feat xlink:href="#sSpan7765" value="ⲁⲩⲱ"/>
		<feat xlink:href="#sSpan7769" value="ⲛⲁⲉⲓⲟⲟⲧⲉ"/>
		<feat xlink:href="#sSpan7776" value="ⲙⲙⲁⲓⲛⲟⲩⲧⲉ"/>
		<feat xlink:href="#sSpan7784" value="·"/>
		<feat xlink:href="#sSpan7788" value="ⲛⲧⲉⲣϥϫⲉⲛⲁⲓ"/>
		<feat xlink:href="#sSpan7802" value="ⲇⲉ"/>
		<feat xlink:href="#sSpan7806" value="ⲁϥⲛⲕⲟⲧⲕ"/>
		<feat xlink:href="#sSpan7814" value="ⲁⲩⲱ"/>
		<feat xlink:href="#sSpan7818" value="ⲛⲧⲉⲩⲛⲟⲩ"/>
		<feat xlink:href="#sSpan7827" value="ⲛⲉϩⲃⲟⲟⲥ"/>
		<feat xlink:href="#sSpan7833" value="ϭⲗⲟⲙⲗⲙ"/>
		<feat xlink:href="#sSpan7837" value="ⲉϩⲟⲩⲛ"/>
		<feat xlink:href="#sSpan7841" value="ⲉⲣⲟϥ"/>
		<feat xlink:href="#sSpan7847" value="ⲛⲕⲉⲥⲟⲡ"/>
		<feat xlink:href="#sSpan7856" value="·"/>
		<feat xlink:href="#sSpan7860" value="ⲁⲩⲣϣⲡⲏⲣⲉ"/>
		<feat xlink:href="#sSpan7873" value="ⲇⲉ"/>
		<feat xlink:href="#sSpan7877" value="ⲛϭⲓⲙⲙⲏⲏϣⲉ"/>
		<feat xlink:href="#sSpan7886" value="ⲉⲧⲛⲁⲩ"/>
		<feat xlink:href="#sSpan7892" value="ⲉⲣⲟϥ"/>
		<feat xlink:href="#sSpan7898" value="ⲁⲩⲱ"/>
		<feat xlink:href="#sSpan7902" value="ⲁⲡⲉⲩϩⲏⲧ"/>
		<feat xlink:href="#sSpan7911" value="ⲧⲁϫⲣⲟ"/>
		<feat xlink:href="#sSpan7915" value="ⲉⲣⲟⲟⲩ"/>
		<feat xlink:href="#sSpan7921" value="ⲁⲩⲉⲓⲙⲉ"/>
		<feat xlink:href="#sSpan7929" value="ⲉⲧⲃⲉⲧⲙⲉⲧⲁⲛⲟⲓⲁ"/>
		<feat xlink:href="#sSpan7940" value="ϫⲉⲟⲩⲉⲃⲟⲗ"/>
		<feat xlink:href="#sSpan7949" value="ϩⲓⲧⲙⲡⲛⲟⲩⲧⲉ"/>
		<feat xlink:href="#sSpan7957" value="ⲧⲉ"/>
		<feat xlink:href="#sSpan7961" value="ⲁⲩⲱ"/>
		<feat xlink:href="#sSpan7965" value="ϫⲉⲧⲇⲱⲣⲉⲁ"/>
		<feat xlink:href="#sSpan7976" value="ⲙⲡⲕⲁⲛⲟⲃⲉ"/>
		<feat xlink:href="#sSpan7987" value="ⲉⲃⲟⲗ"/>
		<feat xlink:href="#sSpan7991" value="ⲁⲡⲛⲟⲩⲧⲉ"/>
		<feat xlink:href="#sSpan8001" value="ⲭⲁⲣⲓⲍⲉ"/>
		<feat xlink:href="#sSpan8005" value="ⲙⲙⲟⲥ"/>
		<feat xlink:href="#sSpan8011" value="ⲙⲡⲉⲛⲥⲟⲛ"/>
		<feat xlink:href="#sSpan8021" value="ⲁⲡⲁ"/>
		<feat xlink:href="#sSpan8026" value="ⲫⲓϥ"/>
		<feat xlink:href="#sSpan8030" value="ⲉⲩⲉⲟⲟⲩ"/>
		<feat xlink:href="#sSpan8039" value="ⲛⲧⲉⲧⲣⲓⲁⲥ"/>
		<feat xlink:href="#sSpan8049" value="ⲉⲧⲟⲩⲁⲁⲃ"/>
		<feat xlink:href="#sSpan8055" value="ⲡⲓⲱⲧ"/>
		<feat xlink:href="#sSpan8061" value="ⲙⲛⲡϣⲏⲣⲉ"/>
		<feat xlink:href="#sSpan8069" value="ⲙⲛⲡⲉⲡ︤ⲛ︦ⲁ︥"/>
		<feat xlink:href="#sSpan8078" value="ⲉⲧⲟⲩⲁⲁⲃ"/>
		<feat xlink:href="#sSpan8084" value="ϣⲁⲉⲛⲉϩ"/>
		<feat xlink:href="#sSpan8091" value="ⲛⲉⲛⲉϩ"/>
		<feat xlink:href="#sSpan8097" value="ϥ︤ⲑ︥"/>
		<feat xlink:href="#sSpan8101" value="·"/></featList></paula>