<?xml version='1.0' encoding='UTF-8'?><!DOCTYPE paula SYSTEM "paula_feat.dtd">
<paula version="1.1">
	<header paula_id="scriptorium.life.phib.02.mark_lang"/>
	<featList xmlns:xlink="http://www.w3.org/1999/xlink" type="lang" xml:base="scriptorium.life.phib.02.mark.xml">
		<feat xlink:href="#sSpan62" value="Hebrew"/>
		<feat xlink:href="#sSpan113" value="Greek"/>
		<feat xlink:href="#sSpan163" value="Greek"/>
		<feat xlink:href="#sSpan225" value="Greek"/>
		<feat xlink:href="#sSpan234" value="Greek"/>
		<feat xlink:href="#sSpan246" value="Greek"/>
		<feat xlink:href="#sSpan431" value="Greek"/>
		<feat xlink:href="#sSpan465" value="Greek"/>
		<feat xlink:href="#sSpan514" value="Greek"/>
		<feat xlink:href="#sSpan519" value="Hebrew"/>
		<feat xlink:href="#sSpan587" value="Greek"/>
		<feat xlink:href="#sSpan645" value="Greek"/>
		<feat xlink:href="#sSpan666" value="Greek"/>
		<feat xlink:href="#sSpan791" value="Greek"/>
		<feat xlink:href="#sSpan814" value="Greek"/>
		<feat xlink:href="#sSpan923" value="Greek"/>
		<feat xlink:href="#sSpan943" value="Greek"/>
		<feat xlink:href="#sSpan1011" value="Greek"/>
		<feat xlink:href="#sSpan1042" value="Greek"/>
		<feat xlink:href="#sSpan1087" value="Greek"/>
		<feat xlink:href="#sSpan1090" value="Greek"/>
		<feat xlink:href="#sSpan1139" value="Greek"/>
		<feat xlink:href="#sSpan1148" value="Hebrew"/>
		<feat xlink:href="#sSpan1168" value="Greek"/>
		<feat xlink:href="#sSpan1192" value="Greek"/>
		<feat xlink:href="#sSpan1215" value="Greek"/>
		<feat xlink:href="#sSpan1225" value="Greek"/>
		<feat xlink:href="#sSpan1235" value="Greek"/>
		<feat xlink:href="#sSpan1245" value="Greek"/>
		<feat xlink:href="#sSpan1263" value="Greek"/>
		<feat xlink:href="#sSpan1278" value="Greek"/>
		<feat xlink:href="#sSpan1319" value="Greek"/>
		<feat xlink:href="#sSpan1353" value="Greek"/>
		<feat xlink:href="#sSpan1393" value="Greek"/>
		<feat xlink:href="#sSpan1424" value="Greek"/>
		<feat xlink:href="#sSpan1484" value="Greek"/>
		<feat xlink:href="#sSpan1524" value="Greek"/>
		<feat xlink:href="#sSpan1566" value="Greek"/>
		<feat xlink:href="#sSpan1589" value="Greek"/>
		<feat xlink:href="#sSpan1702" value="Greek"/>
		<feat xlink:href="#sSpan1713" value="Hebrew"/>
		<feat xlink:href="#sSpan1823" value="Greek"/>
		<feat xlink:href="#sSpan1845" value="Greek"/>
		<feat xlink:href="#sSpan1862" value="Greek"/>
		<feat xlink:href="#sSpan1897" value="Greek"/>
		<feat xlink:href="#sSpan1991" value="Hebrew"/>
		<feat xlink:href="#sSpan2034" value="Greek"/>
		<feat xlink:href="#sSpan2059" value="Hebrew"/>
		<feat xlink:href="#sSpan2068" value="Greek"/>
		<feat xlink:href="#sSpan2083" value="Greek"/>
		<feat xlink:href="#sSpan2109" value="Greek"/>
		<feat xlink:href="#sSpan2134" value="Greek"/>
		<feat xlink:href="#sSpan2184" value="Greek"/>
		<feat xlink:href="#sSpan2199" value="Greek"/>
		<feat xlink:href="#sSpan2224" value="Greek"/>
		<feat xlink:href="#sSpan2248" value="Greek"/>
		<feat xlink:href="#sSpan2439" value="Greek"/>
		<feat xlink:href="#sSpan2442" value="Greek"/>
		<feat xlink:href="#sSpan2490" value="Greek"/>
		<feat xlink:href="#sSpan2498" value="Greek"/>
		<feat xlink:href="#sSpan2530" value="Greek"/>
		<feat xlink:href="#sSpan2539" value="Greek"/>
		<feat xlink:href="#sSpan2686" value="Greek"/>
		<feat xlink:href="#sSpan2744" value="Greek"/>
		<feat xlink:href="#sSpan2773" value="Greek"/>
		<feat xlink:href="#sSpan3027" value="Greek"/>
		<feat xlink:href="#sSpan3058" value="Greek"/>
		<feat xlink:href="#sSpan3083" value="Greek"/>
		<feat xlink:href="#sSpan3393" value="Greek"/>
		<feat xlink:href="#sSpan3442" value="Greek"/>
		<feat xlink:href="#sSpan3538" value="Greek"/>
		<feat xlink:href="#sSpan3570" value="Greek"/>
		<feat xlink:href="#sSpan3599" value="Greek"/>
		<feat xlink:href="#sSpan3704" value="Greek"/>
		<feat xlink:href="#sSpan3884" value="Greek"/>
		<feat xlink:href="#sSpan3891" value="Greek"/>
		<feat xlink:href="#sSpan3920" value="Greek"/>
		<feat xlink:href="#sSpan3933" value="Greek"/>
		<feat xlink:href="#sSpan3943" value="Greek"/>
		<feat xlink:href="#sSpan3953" value="Greek"/>
		<feat xlink:href="#sSpan3956" value="Hebrew"/>
		<feat xlink:href="#sSpan3981" value="Greek"/>
		<feat xlink:href="#sSpan3991" value="Greek"/>
		<feat xlink:href="#sSpan4211" value="Greek"/>
		<feat xlink:href="#sSpan4228" value="Greek"/>
		<feat xlink:href="#sSpan4343" value="Hebrew"/>
		<feat xlink:href="#sSpan4352" value="Greek"/>
		<feat xlink:href="#sSpan4411" value="Greek"/>
		<feat xlink:href="#sSpan4500" value="Greek"/>
		<feat xlink:href="#sSpan4514" value="Greek"/>
		<feat xlink:href="#sSpan4524" value="Greek"/>
		<feat xlink:href="#sSpan4669" value="Greek"/>
		<feat xlink:href="#sSpan4766" value="Greek"/>
		<feat xlink:href="#sSpan4813" value="Greek"/>
		<feat xlink:href="#sSpan4835" value="Greek"/>
		<feat xlink:href="#sSpan4849" value="Greek"/>
		<feat xlink:href="#sSpan4877" value="Greek"/>
		<feat xlink:href="#sSpan4902" value="Greek"/>
		<feat xlink:href="#sSpan4969" value="Greek"/>
		<feat xlink:href="#sSpan5069" value="Greek"/>
		<feat xlink:href="#sSpan5119" value="Greek"/>
		<feat xlink:href="#sSpan5192" value="Greek"/>
		<feat xlink:href="#sSpan5220" value="Greek"/>
		<feat xlink:href="#sSpan5230" value="Greek"/>
		<feat xlink:href="#sSpan5240" value="Greek"/>
		<feat xlink:href="#sSpan5249" value="Hebrew"/>
		<feat xlink:href="#sSpan5285" value="Greek"/>
		<feat xlink:href="#sSpan5335" value="Greek"/>
		<feat xlink:href="#sSpan5392" value="Greek"/>
		<feat xlink:href="#sSpan5408" value="Greek"/>
		<feat xlink:href="#sSpan5448" value="Greek"/>
		<feat xlink:href="#sSpan5544" value="Greek"/>
		<feat xlink:href="#sSpan5547" value="Greek"/>
		<feat xlink:href="#sSpan5586" value="Greek"/>
		<feat xlink:href="#sSpan5625" value="Greek"/>
		<feat xlink:href="#sSpan5668" value="Greek"/>
		<feat xlink:href="#sSpan5712" value="Greek"/>
		<feat xlink:href="#sSpan5754" value="Hebrew"/>
		<feat xlink:href="#sSpan5763" value="Greek"/>
		<feat xlink:href="#sSpan5776" value="Greek"/>
		<feat xlink:href="#sSpan5789" value="Greek"/>
		<feat xlink:href="#sSpan5801" value="Greek"/>
		<feat xlink:href="#sSpan5829" value="Hebrew"/>
		<feat xlink:href="#sSpan5892" value="Greek"/>
		<feat xlink:href="#sSpan5904" value="Greek"/>
		<feat xlink:href="#sSpan5943" value="Greek"/>
		<feat xlink:href="#sSpan6004" value="Greek"/>
		<feat xlink:href="#sSpan6016" value="Greek"/>
		<feat xlink:href="#sSpan6019" value="Greek"/>
		<feat xlink:href="#sSpan6060" value="Greek"/>
		<feat xlink:href="#sSpan6136" value="Greek"/>
		<feat xlink:href="#sSpan6146" value="Hebrew"/>
		<feat xlink:href="#sSpan6219" value="Greek"/>
		<feat xlink:href="#sSpan6364" value="Greek"/>
		<feat xlink:href="#sSpan6377" value="Greek"/>
		<feat xlink:href="#sSpan6509" value="Hebrew"/>
		<feat xlink:href="#sSpan6533" value="Greek"/>
		<feat xlink:href="#sSpan6648" value="Greek"/>
		<feat xlink:href="#sSpan6658" value="Greek"/>
		<feat xlink:href="#sSpan6689" value="Greek"/>
		<feat xlink:href="#sSpan6703" value="Greek"/>
		<feat xlink:href="#sSpan6746" value="Hebrew"/>
		<feat xlink:href="#sSpan6878" value="Greek"/>
		<feat xlink:href="#sSpan6901" value="Greek"/>
		<feat xlink:href="#sSpan6937" value="Greek"/>
		<feat xlink:href="#sSpan6971" value="Greek"/>
		<feat xlink:href="#sSpan7123" value="Greek"/>
		<feat xlink:href="#sSpan7241" value="Greek"/>
		<feat xlink:href="#sSpan7261" value="Greek"/>
		<feat xlink:href="#sSpan7271" value="Greek"/>
		<feat xlink:href="#sSpan7282" value="Greek"/>
		<feat xlink:href="#sSpan7307" value="Greek"/>
		<feat xlink:href="#sSpan7428" value="Greek"/>
		<feat xlink:href="#sSpan7431" value="Hebrew"/>
		<feat xlink:href="#sSpan7496" value="Greek"/>
		<feat xlink:href="#sSpan7507" value="Greek"/>
		<feat xlink:href="#sSpan7517" value="Greek"/>
		<feat xlink:href="#sSpan7716" value="Hebrew"/>
		<feat xlink:href="#sSpan7736" value="Greek"/>
		<feat xlink:href="#sSpan7750" value="Greek"/>
		<feat xlink:href="#sSpan7798" value="Greek"/>
		<feat xlink:href="#sSpan7869" value="Greek"/>
		<feat xlink:href="#sSpan7934" value="Greek"/>
		<feat xlink:href="#sSpan7970" value="Greek"/>
		<feat xlink:href="#sSpan7997" value="Greek"/>
		<feat xlink:href="#sSpan8017" value="Hebrew"/>
		<feat xlink:href="#sSpan8043" value="Greek"/>
		<feat xlink:href="#sSpan8072" value="Greek"/></featList></paula>