<?xml version='1.0' encoding='UTF-8'?><!DOCTYPE paula SYSTEM "paula_feat.dtd">
<paula version="1.1">
	<header paula_id="scriptorium.life.phib.02.mark_norm_group"/>
	<featList xmlns:xlink="http://www.w3.org/1999/xlink" type="norm_group" xml:base="scriptorium.life.phib.02.mark.xml">
		<feat xlink:href="#sSpan3" value="ⲙⲛⲛⲥⲱⲥ"/>
		<feat xlink:href="#sSpan13" value="ⲁⲛⲙⲟⲟϣⲉ"/>
		<feat xlink:href="#sSpan22" value="ⲉⲃⲟⲗ"/>
		<feat xlink:href="#sSpan26" value="ϩⲙⲡⲙⲁ"/>
		<feat xlink:href="#sSpan35" value="ⲉⲧⲙⲙⲁⲩ"/>
		<feat xlink:href="#sSpan41" value="ⲁⲛⲉⲓ"/>
		<feat xlink:href="#sSpan50" value="ⲉⲡⲧⲟⲟⲩ"/>
		<feat xlink:href="#sSpan60" value="ⲛⲁⲡⲁ"/>
		<feat xlink:href="#sSpan69" value="ⲡⲁⲙⲓⲛ"/>
		<feat xlink:href="#sSpan73" value="ⲁⲛϣⲱⲡⲉ"/>
		<feat xlink:href="#sSpan81" value="ⲛϩⲏⲧϥ"/>
		<feat xlink:href="#sSpan87" value="ⲛϩⲉⲛⲕⲟⲩⲓ"/>
		<feat xlink:href="#sSpan96" value="ⲛϩⲟⲟⲩ"/>
		<feat xlink:href="#sSpan102" value="·"/>
		<feat xlink:href="#sSpan107" value="ⲛⲉⲥⲛⲏⲩ"/>
		<feat xlink:href="#sSpan116" value="ⲇⲉ"/>
		<feat xlink:href="#sSpan120" value="ⲁⲩⲥⲱⲟⲩϩ"/>
		<feat xlink:href="#sSpan128" value="ⲉⲣⲟⲛ"/>
		<feat xlink:href="#sSpan134" value="ⲁⲩⲁϣⲁⲓ"/>
		<feat xlink:href="#sSpan142" value="ⲉⲙⲁⲧⲉ"/>
		<feat xlink:href="#sSpan146" value="·"/>
		<feat xlink:href="#sSpan150" value="ⲙⲛⲛⲥⲱⲥ"/>
		<feat xlink:href="#sSpan158" value="ⲁⲡⲥⲱⲧⲏⲣ"/>
		<feat xlink:href="#sSpan168" value="ⲟⲩⲱⲛϩ"/>
		<feat xlink:href="#sSpan173" value="ⲉⲃⲟⲗ"/>
		<feat xlink:href="#sSpan177" value="ⲙⲡⲉⲛⲉⲓⲱⲧ"/>
		<feat xlink:href="#sSpan186" value="ⲁϥϣⲁϫⲉ"/>
		<feat xlink:href="#sSpan194" value="ⲛⲙⲙⲁϥ"/>
		<feat xlink:href="#sSpan200" value="ⲉϥϫⲱ"/>
		<feat xlink:href="#sSpan208" value="ⲙⲙⲟⲥ"/>
		<feat xlink:href="#sSpan214" value="ϫⲉ"/>
		<feat xlink:href="#sSpan218" value="·"/>
		<feat xlink:href="#sSpan223" value="ⲧⲉⲓⲣⲏⲛⲏ"/>
		<feat xlink:href="#sSpan230" value="ⲛⲁⲕ"/>
		<feat xlink:href="#sSpan237" value="ⲱ"/>
		<feat xlink:href="#sSpan241" value="ⲡⲁϣⲃⲏⲣ"/>
		<feat xlink:href="#sSpan249" value="ⲙⲉⲗⲟⲥ"/>
		<feat xlink:href="#sSpan253" value="ⲉⲧⲧⲁⲓⲏⲩ"/>
		<feat xlink:href="#sSpan259" value="ⲡⲙⲉⲣⲓⲧ"/>
		<feat xlink:href="#sSpan265" value="ⲙⲡⲁⲉⲓⲱⲧ"/>
		<feat xlink:href="#sSpan274" value="·"/>
		<feat xlink:href="#sSpan279" value="ⲉⲓⲥϩⲏⲏⲧⲉ"/>
		<feat xlink:href="#sSpan285" value="ⲁⲡⲉⲟⲩⲟⲉⲓϣ"/>
		<feat xlink:href="#sSpan294" value="ϣⲱⲡⲉ"/>
		<feat xlink:href="#sSpan298" value="ⲉⲧⲣⲉⲕⲟⲩⲱⲛϩ"/>
		<feat xlink:href="#sSpan309" value="ⲉⲃⲟⲗ"/>
		<feat xlink:href="#sSpan313" value="ⲙⲡⲁⲉⲟⲟⲩ"/>
		<feat xlink:href="#sSpan322" value="ⲛⲧⲉⲡⲁⲣⲁⲛ"/>
		<feat xlink:href="#sSpan332" value="ϫⲓⲉⲟⲟⲩ"/>
		<feat xlink:href="#sSpan337" value="ⲉⲃⲟⲗ"/>
		<feat xlink:href="#sSpan342" value="ϩⲓⲧⲟⲟⲧⲕ"/>
		<feat xlink:href="#sSpan348" value="ϩⲓϫⲙⲡⲕⲁϩ"/>
		<feat xlink:href="#sSpan357" value="·"/>
		<feat xlink:href="#sSpan361" value="ⲧⲱⲟⲩⲛ"/>
		<feat xlink:href="#sSpan367" value="ϭⲉ"/>
		<feat xlink:href="#sSpan371" value="ⲛⲅⲃⲱⲕ"/>
		<feat xlink:href="#sSpan380" value="ⲉⲡⲧⲟⲟⲩ"/>
		<feat xlink:href="#sSpan391" value="ⲛⲧⲉⲧⲕⲟⲟϩ"/>
		<feat xlink:href="#sSpan400" value="ⲛⲅϣⲱⲡⲉ"/>
		<feat xlink:href="#sSpan408" value="ϩⲙⲡⲙⲁ"/>
		<feat xlink:href="#sSpan417" value="ⲉⲧⲙⲙⲁⲩ"/>
		<feat xlink:href="#sSpan423" value="·"/>
		<feat xlink:href="#sSpan427" value="ⲛⲧⲟϥ"/>
		<feat xlink:href="#sSpan434" value="ⲅⲁⲣ"/>
		<feat xlink:href="#sSpan438" value="ⲡⲉⲛⲧⲁⲡⲁⲉⲓⲱⲧ"/>
		<feat xlink:href="#sSpan451" value="ⲧⲁⲁϥ"/>
		<feat xlink:href="#sSpan457" value="ⲛⲁⲕ"/>
		<feat xlink:href="#sSpan463" value="ⲛⲕⲗⲏⲣⲟⲛⲟⲙⲓⲁ"/>
		<feat xlink:href="#sSpan471" value="·"/>
		<feat xlink:href="#sSpan476" value="ⲉⲧⲃⲉⲡⲁⲓ"/>
		<feat xlink:href="#sSpan483" value="ⲁⲓⲕⲱ"/>
		<feat xlink:href="#sSpan492" value="ⲛϩⲏⲧϥ"/>
		<feat xlink:href="#sSpan498" value="ⲛⲛⲕⲉⲉⲥ"/>
		<feat xlink:href="#sSpan507" value="ⲙⲡⲉⲕϣⲃⲏⲣ"/>
		<feat xlink:href="#sSpan517" value="ⲙⲉⲗⲟⲥ"/>
		<feat xlink:href="#sSpan522" value="ⲁⲡⲁ"/>
		<feat xlink:href="#sSpan527" value="ⲫⲓϥ"/>
		<feat xlink:href="#sSpan531" value="ϫⲉⲕⲁⲥ"/>
		<feat xlink:href="#sSpan535" value="ⲉⲕⲉϣⲱⲡⲉ"/>
		<feat xlink:href="#sSpan541" value="ϩⲱⲱⲕ"/>
		<feat xlink:href="#sSpan547" value="ϩⲙⲡⲙⲁ"/>
		<feat xlink:href="#sSpan556" value="ⲉⲧⲙⲙⲁⲩ"/>
		<feat xlink:href="#sSpan562" value="·"/>
		<feat xlink:href="#sSpan566" value="ⲁϥⲟⲩⲱϣⲃ"/>
		<feat xlink:href="#sSpan576" value="ⲡⲉϫⲁϥ"/>
		<feat xlink:href="#sSpan582" value="ⲙⲡⲥⲱⲧⲏⲣ"/>
		<feat xlink:href="#sSpan592" value="ϫⲉ"/>
		<feat xlink:href="#sSpan596" value="·"/>
		<feat xlink:href="#sSpan600" value="ⲁⲛⲁⲩ"/>
		<feat xlink:href="#sSpan604" value="ⲉⲩⲣⲱⲙⲉ"/>
		<feat xlink:href="#sSpan613" value="ⲉⲟⲩⲛϭⲟⲙ"/>
		<feat xlink:href="#sSpan621" value="ⲙⲙⲟϥ"/>
		<feat xlink:href="#sSpan627" value="ⲉϥⲓ"/>
		<feat xlink:href="#sSpan633" value="ⲡⲣⲟⲟⲩϣ"/>
		<feat xlink:href="#sSpan640" value="ⲛϯⲟⲓⲕⲟⲛⲟⲙⲓⲁ"/>
		<feat xlink:href="#sSpan650" value="ⲛϯⲙⲓⲛⲉ"/>
		<feat xlink:href="#sSpan658" value="·"/>
		<feat xlink:href="#sSpan662" value="ⲁⲛⲟⲕ"/>
		<feat xlink:href="#sSpan669" value="ⲅⲁⲣ"/>
		<feat xlink:href="#sSpan673" value="ⲁⲛⲅⲟⲩⲣⲱⲙⲉ"/>
		<feat xlink:href="#sSpan682" value="ⲉϥⲧⲥⲧⲏⲩ"/>
		<feat xlink:href="#sSpan690" value="ⲉⲃⲟⲗ"/>
		<feat xlink:href="#sSpan695" value="ϩⲛⲛⲁϩⲃⲏⲩⲉ"/>
		<feat xlink:href="#sSpan704" value="ⲧⲏⲣⲟⲩ"/>
		<feat xlink:href="#sSpan710" value="·"/>
		<feat xlink:href="#sSpan714" value="ϯⲥⲟⲡⲥⲡ"/>
		<feat xlink:href="#sSpan722" value="ⲙⲙⲟⲕ"/>
		<feat xlink:href="#sSpan729" value="ⲡⲁϫⲟⲉⲓⲥ"/>
		<feat xlink:href="#sSpan735" value="ⲉϣⲱⲡⲉ"/>
		<feat xlink:href="#sSpan739" value="ⲁⲓϭⲛⲭⲁⲣⲓⲥ"/>
		<feat xlink:href="#sSpan747" value="ⲛⲛⲁϩⲣⲁⲕ"/>
		<feat xlink:href="#sSpan753" value="ⲙⲡⲣϫⲟⲟⲩⲧ"/>
		<feat xlink:href="#sSpan761" value="ⲉⲡⲉⲓϩⲱⲃ"/>
		<feat xlink:href="#sSpan770" value="·"/>
		<feat xlink:href="#sSpan774" value="ⲁϥⲟⲩⲱϣⲃ"/>
		<feat xlink:href="#sSpan786" value="ⲛϭⲓⲡⲥⲱⲧⲏⲣ"/>
		<feat xlink:href="#sSpan796" value="ⲡⲉϫⲁϥ"/>
		<feat xlink:href="#sSpan802" value="ⲛⲁϥ"/>
		<feat xlink:href="#sSpan808" value="ϫⲉ"/>
		<feat xlink:href="#sSpan812" value="·"/>
		<feat xlink:href="#sSpan817" value="ⲱ"/>
		<feat xlink:href="#sSpan821" value="ⲡⲁⲥⲱⲧⲡ"/>
		<feat xlink:href="#sSpan829" value="ⲁⲡⲟⲗⲗⲱ"/>
		<feat xlink:href="#sSpan833" value=","/>
		<feat xlink:href="#sSpan837" value="ⲡⲉⲓϩⲱⲃ"/>
		<feat xlink:href="#sSpan844" value="ⲡⲁⲓ"/>
		<feat xlink:href="#sSpan848" value="ⲁⲡⲁⲉⲓⲱⲧ"/>
		<feat xlink:href="#sSpan857" value="ⲧⲟϣϥ"/>
		<feat xlink:href="#sSpan863" value="ⲛⲁⲕ"/>
		<feat xlink:href="#sSpan869" value="ϫⲓⲛⲛϣⲟⲣⲡ"/>
		<feat xlink:href="#sSpan877" value="ⲉⲧⲣⲉϥⲕⲱ"/>
		<feat xlink:href="#sSpan887" value="ⲙⲡⲉⲕⲣⲁⲛ"/>
		<feat xlink:href="#sSpan896" value="ϩⲙⲡⲙⲁ"/>
		<feat xlink:href="#sSpan905" value="ⲉⲧⲙⲙⲁⲩ"/>
		<feat xlink:href="#sSpan911" value="·"/>
		<feat xlink:href="#sSpan915" value="ⲛⲧⲉⲣⲓⲉⲓ"/>
		<feat xlink:href="#sSpan926" value="ⲇⲉ"/>
		<feat xlink:href="#sSpan930" value="ⲉⲡⲉⲥⲏⲧ"/>
		<feat xlink:href="#sSpan938" value="ⲉⲡⲉⲓⲕⲟⲥⲙⲟⲛ"/>
		<feat xlink:href="#sSpan948" value="ⲉⲃⲟⲗ"/>
		<feat xlink:href="#sSpan952" value="ϩⲓⲧⲙⲡⲁⲉⲓⲱⲧ"/>
		<feat xlink:href="#sSpan961" value="ⲁϥϣⲁϫⲉ"/>
		<feat xlink:href="#sSpan969" value="ⲛⲙⲙⲁⲓ"/>
		<feat xlink:href="#sSpan975" value="ϩⲛⲟⲩⲙⲛⲧϣⲁⲛϩⲧⲏϥ"/>
		<feat xlink:href="#sSpan988" value="ϫⲉ"/>
		<feat xlink:href="#sSpan992" value="·"/>
		<feat xlink:href="#sSpan997" value="ⲡⲁϣⲏⲣⲉ"/>
		<feat xlink:href="#sSpan1003" value=","/>
		<feat xlink:href="#sSpan1007" value="ⲙⲡⲣⲗⲩⲡⲏ"/>
		<feat xlink:href="#sSpan1016" value="ϫⲉⲉⲕⲛⲁⲃⲱⲕ"/>
		<feat xlink:href="#sSpan1029" value="ⲉⲡⲉⲥⲏⲧ"/>
		<feat xlink:href="#sSpan1037" value="ⲉⲡⲕⲟⲥⲙⲟⲥ"/>
		<feat xlink:href="#sSpan1047" value="ⲉⲧⲙⲏϩ"/>
		<feat xlink:href="#sSpan1053" value="ⲛϩⲓⲥⲉ"/>
		<feat xlink:href="#sSpan1060" value="ϩⲓⲁϣⲁϩⲟⲙ"/>
		<feat xlink:href="#sSpan1069" value="·"/>
		<feat xlink:href="#sSpan1073" value="ⲉⲧⲃⲉⲡϩⲓⲥⲉ"/>
		<feat xlink:href="#sSpan1082" value="ⲙⲡⲉⲕⲥⲕⲩⲗⲙⲟⲥ"/>
		<feat xlink:href="#sSpan1093" value="ⲱ"/>
		<feat xlink:href="#sSpan1097" value="ⲡⲁϣⲏⲣⲉ"/>
		<feat xlink:href="#sSpan1104" value="ⲡⲉϩⲟⲟⲩ"/>
		<feat xlink:href="#sSpan1110" value="ⲉⲧⲟⲩⲛⲁϫⲡⲟⲕ"/>
		<feat xlink:href="#sSpan1122" value="ⲛϩⲏⲧϥ"/>
		<feat xlink:href="#sSpan1128" value="ⲉⲃⲟⲗ"/>
		<feat xlink:href="#sSpan1133" value="ϩⲛⲧⲡⲁⲣⲑⲉⲛⲟⲥ"/>
		<feat xlink:href="#sSpan1144" value="ⲉⲧⲟⲩⲁⲁⲃ"/>
		<feat xlink:href="#sSpan1151" value="ⲙⲁⲣⲓⲁ"/>
		<feat xlink:href="#sSpan1155" value="ϯⲛⲁⲕⲁⲁϥ"/>
		<feat xlink:href="#sSpan1165" value="ⲛⲉⲗⲉⲩⲑⲉⲣⲓⲁ"/>
		<feat xlink:href="#sSpan1174" value="ⲛⲕⲁⲛⲟⲃⲉ"/>
		<feat xlink:href="#sSpan1183" value="ⲉⲃⲟⲗ"/>
		<feat xlink:href="#sSpan1187" value="ⲙⲡⲕⲟⲥⲙⲟⲥ"/>
		<feat xlink:href="#sSpan1197" value="·"/>
		<feat xlink:href="#sSpan1201" value="ⲟⲩⲟⲛ"/>
		<feat xlink:href="#sSpan1207" value="ⲛⲓⲙ"/>
		<feat xlink:href="#sSpan1211" value="ⲉⲧⲛⲁⲡⲓⲏⲥⲟⲩⲥ"/>
		<feat xlink:href="#sSpan1220" value="ⲧⲉⲩⲉⲉⲡⲉⲕⲥⲧⲁⲩⲣⲟⲥ"/>
		<feat xlink:href="#sSpan1230" value="ⲙⲛⲧⲁⲛⲁⲥⲧⲁⲥⲓⲥ"/>
		<feat xlink:href="#sSpan1240" value="ⲛⲧⲉⲕⲥⲁⲣⲝ"/>
		<feat xlink:href="#sSpan1250" value="ϯⲛⲁⲡⲱϩ"/>
		<feat xlink:href="#sSpan1259" value="ⲛⲧⲁⲭⲁⲣⲓⲍⲉ"/>
		<feat xlink:href="#sSpan1268" value="ⲙⲙⲟⲟⲩ"/>
		<feat xlink:href="#sSpan1274" value="ⲛⲁⲕ"/>
		<feat xlink:href="#sSpan1281" value="ⲱ"/>
		<feat xlink:href="#sSpan1285" value="ⲡⲁⲙⲉⲣⲓⲧ"/>
		<feat xlink:href="#sSpan1292" value="ⲛϣⲏⲣⲉ"/>
		<feat xlink:href="#sSpan1299" value="·"/>
		<feat xlink:href="#sSpan1303" value="ⲁⲩⲱ"/>
		<feat xlink:href="#sSpan1307" value="ⲡⲉϩⲟⲟⲩ"/>
		<feat xlink:href="#sSpan1314" value="ⲛⲧⲉⲕⲁⲛⲁⲥⲧⲁⲥⲓⲥ"/>
		<feat xlink:href="#sSpan1324" value="ⲉⲧϩⲁⲉⲟⲟⲩ"/>
		<feat xlink:href="#sSpan1332" value="ϯⲛⲁⲕⲁⲁϥ"/>
		<feat xlink:href="#sSpan1342" value="ⲉϥⲟ"/>
		<feat xlink:href="#sSpan1351" value="ⲛⲉⲗⲉⲩⲑⲉⲣⲓⲁ"/>
		<feat xlink:href="#sSpan1359" value="·"/>
		<feat xlink:href="#sSpan1364" value="ⲛⲟⲩϫⲁⲓ"/>
		<feat xlink:href="#sSpan1370" value="ⲁⲩⲱ"/>
		<feat xlink:href="#sSpan1375" value="ⲛⲕⲁⲛⲟⲃⲉ"/>
		<feat xlink:href="#sSpan1384" value="ⲉⲃⲟⲗ"/>
		<feat xlink:href="#sSpan1388" value="ⲙⲡⲕⲟⲥⲙⲟⲥ"/>
		<feat xlink:href="#sSpan1398" value="ⲧⲏⲣϥⲁⲩⲱ"/>
		<feat xlink:href="#sSpan1406" value="ϯⲛⲁⲟⲩⲱⲛϩ"/>
		<feat xlink:href="#sSpan1415" value="ⲉⲃⲟⲗ"/>
		<feat xlink:href="#sSpan1419" value="ⲛⲟⲩⲧⲟⲡⲟⲥ"/>
		<feat xlink:href="#sSpan1429" value="ⲉϥⲟⲩⲁⲁⲃ"/>
		<feat xlink:href="#sSpan1437" value="ϩⲓϫⲙⲡⲕⲁϩ"/>
		<feat xlink:href="#sSpan1446" value="ϩⲛⲧϩⲁⲏ"/>
		<feat xlink:href="#sSpan1455" value="ⲛⲛⲉⲟⲩⲟⲉⲓϣ"/>
		<feat xlink:href="#sSpan1464" value="ⲛⲧⲁⲕⲱ"/>
		<feat xlink:href="#sSpan1473" value="ⲛϩⲏⲧϥ"/>
		<feat xlink:href="#sSpan1479" value="ⲛⲟⲩⲙⲉⲧⲁⲛⲟⲓⲁ"/>
		<feat xlink:href="#sSpan1489" value="ⲛⲟⲩϫⲁⲓ"/>
		<feat xlink:href="#sSpan1496" value="ⲙⲛⲟⲩϣⲁ"/>
		<feat xlink:href="#sSpan1505" value="ⲛⲛⲁⲡⲉⲧⲟⲩⲁⲁⲃ"/>
		<feat xlink:href="#sSpan1519" value="ϩⲙⲡⲕⲟⲥⲙⲟⲥ"/>
		<feat xlink:href="#sSpan1529" value="ⲧⲏⲣϥ"/>
		<feat xlink:href="#sSpan1535" value="ⲙⲛⲟⲩⲕⲁⲛⲟⲃⲉ"/>
		<feat xlink:href="#sSpan1546" value="ⲉⲃⲟⲗ"/>
		<feat xlink:href="#sSpan1550" value="ⲛⲟⲩⲟⲛ"/>
		<feat xlink:href="#sSpan1558" value="ⲛⲓⲙ"/>
		<feat xlink:href="#sSpan1562" value="ⲉⲧⲛⲁⲡⲓⲥⲧⲉⲩⲉ"/>
		<feat xlink:href="#sSpan1571" value="ⲉⲡⲉⲕⲣⲁⲛ"/>
		<feat xlink:href="#sSpan1580" value="·"/>
		<feat xlink:href="#sSpan1584" value="ⲧⲇⲱⲣⲉⲁ"/>
		<feat xlink:href="#sSpan1594" value="ϭⲉ"/>
		<feat xlink:href="#sSpan1598" value="ⲛⲧⲁⲡⲁⲉⲓⲱⲧ"/>
		<feat xlink:href="#sSpan1609" value="ⲧⲁⲁⲥ"/>
		<feat xlink:href="#sSpan1615" value="ⲛⲁⲓ"/>
		<feat xlink:href="#sSpan1621" value="ⲁⲛⲟⲕ"/>
		<feat xlink:href="#sSpan1625" value="ϩⲱ"/>
		<feat xlink:href="#sSpan1629" value="ϯϯ"/>
		<feat xlink:href="#sSpan1635" value="ⲙⲙⲟⲥ"/>
		<feat xlink:href="#sSpan1641" value="ⲛⲁⲕ"/>
		<feat xlink:href="#sSpan1647" value="ⲁⲩⲱ"/>
		<feat xlink:href="#sSpan1651" value="ⲟⲛ"/>
		<feat xlink:href="#sSpan1655" value="ϯⲛⲁⲕⲁⲁⲥ"/>
		<feat xlink:href="#sSpan1665" value="ϩⲙⲡⲙⲁ"/>
		<feat xlink:href="#sSpan1674" value="ⲉⲧⲙⲙⲁⲩ"/>
		<feat xlink:href="#sSpan1680" value="ⲛⲥⲉⲧⲁⲟⲩⲉ"/>
		<feat xlink:href="#sSpan1688" value="ⲡⲣⲁⲛ"/>
		<feat xlink:href="#sSpan1695" value="ⲙⲡⲉⲕϣⲃⲏⲣ"/>
		<feat xlink:href="#sSpan1705" value="ⲙⲉⲗⲟⲥ"/>
		<feat xlink:href="#sSpan1709" value="ⲉⲧⲟⲩⲁⲁⲃ"/>
		<feat xlink:href="#sSpan1716" value="ⲁⲡⲁ"/>
		<feat xlink:href="#sSpan1721" value="ⲫⲓϥ"/>
		<feat xlink:href="#sSpan1725" value="ⲉϩⲣⲁⲓ"/>
		<feat xlink:href="#sSpan1729" value="ⲉϫⲱϥ"/>
		<feat xlink:href="#sSpan1735" value="·"/>
		<feat xlink:href="#sSpan1739" value="ⲙⲡⲣⲣϩⲟⲧⲉ"/>
		<feat xlink:href="#sSpan1747" value=","/>
		<feat xlink:href="#sSpan1751" value="ϯϣⲟⲟⲡ"/>
		<feat xlink:href="#sSpan1757" value="ⲛⲙⲙⲁⲕ"/>
		<feat xlink:href="#sSpan1763" value="ϩⲙⲙⲁ"/>
		<feat xlink:href="#sSpan1770" value="ⲛⲓⲙ"/>
		<feat xlink:href="#sSpan1774" value="ϯⲛⲁϯ"/>
		<feat xlink:href="#sSpan1782" value="ⲛⲁⲕ"/>
		<feat xlink:href="#sSpan1788" value="ⲛⲟⲩⲛⲟϭ"/>
		<feat xlink:href="#sSpan1797" value="ⲛⲣⲁⲛ"/>
		<feat xlink:href="#sSpan1803" value="ⲛⲥⲟⲉⲓⲧ"/>
		<feat xlink:href="#sSpan1810" value="ⲛⲥⲉⲥⲱⲧⲙ"/>
		<feat xlink:href="#sSpan1818" value="ⲛϭⲓⲛⲗⲁⲟⲥ"/>
		<feat xlink:href="#sSpan1828" value="ⲧⲏⲣⲟⲩ"/>
		<feat xlink:href="#sSpan1834" value="ⲛⲥⲉⲉⲓ"/>
		<feat xlink:href="#sSpan1843" value="ⲛⲇⲱⲣⲟⲛ"/>
		<feat xlink:href="#sSpan1851" value="ⲉⲣⲁⲧϥ"/>
		<feat xlink:href="#sSpan1857" value="ⲙⲡⲉⲕⲧⲟⲡⲟⲥ"/>
		<feat xlink:href="#sSpan1867" value="ⲛⲥⲉⲟⲩⲱϣⲧ"/>
		<feat xlink:href="#sSpan1875" value="ⲙⲡⲉⲕⲙⲁ"/>
		<feat xlink:href="#sSpan1884" value="ⲉⲧⲟⲩⲁⲁⲃ"/>
		<feat xlink:href="#sSpan1890" value="·"/>
		<feat xlink:href="#sSpan1894" value="ⲛⲗⲁⲟⲥ"/>
		<feat xlink:href="#sSpan1902" value="ⲧⲏⲣⲟⲩ"/>
		<feat xlink:href="#sSpan1908" value="ⲛⲁⲙⲟⲟϣⲉⲛⲥⲉϫⲟⲟⲥ"/>
		<feat xlink:href="#sSpan1922" value="ϫⲉ"/>
		<feat xlink:href="#sSpan1926" value="·"/>
		<feat xlink:href="#sSpan1930" value="ⲁⲙⲏⲓⲧⲛ"/>
		<feat xlink:href="#sSpan1934" value="ⲙⲁⲣⲟⲛ"/>
		<feat xlink:href="#sSpan1940" value="ⲉϩⲣⲁⲓ"/>
		<feat xlink:href="#sSpan1944" value="ⲉϫⲙⲡⲧⲟⲟⲩ"/>
		<feat xlink:href="#sSpan1953" value="ⲙⲡϫⲟⲉⲓⲥ"/>
		<feat xlink:href="#sSpan1962" value="ⲁⲩⲱ"/>
		<feat xlink:href="#sSpan1966" value="ⲉϩⲣⲁⲓ"/>
		<feat xlink:href="#sSpan1970" value="ⲉⲡⲏⲓ"/>
		<feat xlink:href="#sSpan1979" value="ⲙⲡⲛⲟⲩⲧⲉ"/>
		<feat xlink:href="#sSpan1988" value="ⲛⲓⲁⲕⲱⲃ"/>
		<feat xlink:href="#sSpan1997" value="ⲛϥϫⲱ"/>
		<feat xlink:href="#sSpan2007" value="ⲛⲁⲛ"/>
		<feat xlink:href="#sSpan2013" value="ⲛⲧⲉϥϩⲓⲏ"/>
		<feat xlink:href="#sSpan2022" value="ⲛⲧⲛⲙⲟⲟϣⲉ"/>
		<feat xlink:href="#sSpan2030" value="ⲛϩⲏⲧⲥ"/>
		<feat xlink:href="#sSpan2037" value="ⲕⲁⲧⲁⲧϩⲉ"/>
		<feat xlink:href="#sSpan2045" value="ⲛⲧⲁϥϫⲟⲟⲥ"/>
		<feat xlink:href="#sSpan2057" value="ⲛϭⲓⲏⲥⲁⲓⲁⲥ"/>
		<feat xlink:href="#sSpan2066" value="ⲡⲉⲡⲣⲟⲫⲏⲧⲏⲥ"/>
		<feat xlink:href="#sSpan2073" value="·"/>
		<feat xlink:href="#sSpan2077" value="ϥⲥⲏϩ"/>
		<feat xlink:href="#sSpan2086" value="ⲇⲉ"/>
		<feat xlink:href="#sSpan2090" value="ⲟⲛ"/>
		<feat xlink:href="#sSpan2094" value="ϫⲉ"/>
		<feat xlink:href="#sSpan2098" value="·"/>
		<feat xlink:href="#sSpan2102" value="ⲟⲩⲛⲟⲩⲑⲩⲥⲓⲁⲥⲧⲏⲣⲓⲟⲛ"/>
		<feat xlink:href="#sSpan2114" value="ⲛⲁϣⲱⲡⲉ"/>
		<feat xlink:href="#sSpan2120" value="ⲙⲡϫⲟⲉⲓⲥ"/>
		<feat xlink:href="#sSpan2129" value="ϩⲛⲧⲉⲭⲱⲣⲁ"/>
		<feat xlink:href="#sSpan2139" value="ⲛⲕⲏⲙⲉ"/>
		<feat xlink:href="#sSpan2146" value="ⲁⲩⲱ"/>
		<feat xlink:href="#sSpan2150" value="ⲟⲩⲥⲧⲩⲗⲏ"/>
		<feat xlink:href="#sSpan2157" value="ϩⲁϩⲧⲛⲛⲉⲥⲧⲟϣ"/>
		<feat xlink:href="#sSpan2166" value="ⲙⲡϫⲟⲉⲓⲥ"/>
		<feat xlink:href="#sSpan2175" value="·"/>
		<feat xlink:href="#sSpan2179" value="ⲡⲧⲟⲡⲟⲥ"/>
		<feat xlink:href="#sSpan2189" value="ϭⲉ"/>
		<feat xlink:href="#sSpan2193" value="ⲛⲧⲁⲓⲭⲁⲣⲓⲍⲉ"/>
		<feat xlink:href="#sSpan2204" value="ⲙⲙⲟϥ"/>
		<feat xlink:href="#sSpan2210" value="ⲛⲁⲕ"/>
		<feat xlink:href="#sSpan2216" value="ⲡⲉ"/>
		<feat xlink:href="#sSpan2222" value="ⲡⲉⲑⲩⲥⲓⲁⲥⲧⲏⲣⲓⲟⲛ"/>
		<feat xlink:href="#sSpan2229" value="ⲁⲩⲱ"/>
		<feat xlink:href="#sSpan2235" value="ⲧⲉⲥⲧⲩⲗⲏ"/>
		<feat xlink:href="#sSpan2241" value="ⲡⲉ"/>
		<feat xlink:href="#sSpan2245" value="ⲡⲥⲱⲙⲁ"/>
		<feat xlink:href="#sSpan2253" value="ⲙⲡⲁϩⲙϩⲁⲗ"/>
		<feat xlink:href="#sSpan2263" value="ⲁⲛⲟⲩⲡ"/>
		<feat xlink:href="#sSpan2267" value="·"/>
		<feat xlink:href="#sSpan2271" value="ⲉⲓⲥ"/>
		<feat xlink:href="#sSpan2276" value="ϩⲏⲏⲧⲉ"/>
		<feat xlink:href="#sSpan2280" value="ⲁⲓⲧⲁⲙⲟⲕ"/>
		<feat xlink:href="#sSpan2290" value="ⲉⲛⲉⲧⲛⲁϣⲱⲡⲉ"/>
		<feat xlink:href="#sSpan2303" value="ⲧⲏⲣⲟⲩ"/>
		<feat xlink:href="#sSpan2309" value="ⲙⲙⲟⲕ"/>
		<feat xlink:href="#sSpan2315" value="ϩⲙⲡϣⲟϫⲛⲉ"/>
		<feat xlink:href="#sSpan2324" value="ⲧⲏⲣϥ"/>
		<feat xlink:href="#sSpan2330" value="ⲙⲡⲁⲉⲓⲱⲧ"/>
		<feat xlink:href="#sSpan2339" value="·"/>
		<feat xlink:href="#sSpan2343" value="ϣⲱⲡⲉ"/>
		<feat xlink:href="#sSpan2347" value="ⲉⲕⲧⲁϫⲣⲏⲩ"/>
		<feat xlink:href="#sSpan2355" value="ⲛⲧⲟⲕ"/>
		<feat xlink:href="#sSpan2359" value="ⲉϫⲛⲛⲉⲛⲧⲁⲓϫⲟⲟⲩ"/>
		<feat xlink:href="#sSpan2376" value="ⲛⲁⲕ"/>
		<feat xlink:href="#sSpan2382" value="ⲛⲅⲧⲙⲣϩⲏⲧ"/>
		<feat xlink:href="#sSpan2396" value="ⲥⲛⲁⲩ"/>
		<feat xlink:href="#sSpan2400" value="·"/>
		<feat xlink:href="#sSpan2404" value="ϯⲛⲁⲧⲣⲉ"/>
		<feat xlink:href="#sSpan2414" value="ϩⲉⲛⲛⲟϭ"/>
		<feat xlink:href="#sSpan2422" value="ⲛⲥⲙⲟⲩ"/>
		<feat xlink:href="#sSpan2428" value="ϣⲱⲡⲉ"/>
		<feat xlink:href="#sSpan2432" value="ϩⲙⲡⲉⲕⲧⲟⲡⲟⲥ"/>
		<feat xlink:href="#sSpan2445" value="ⲕⲁⲧⲁⲥⲙⲟⲧ"/>
		<feat xlink:href="#sSpan2452" value="ⲛⲓⲙ"/>
		<feat xlink:href="#sSpan2456" value="ⲁⲩⲱ"/>
		<feat xlink:href="#sSpan2460" value="ϯⲛⲁⲧⲣⲉⲩⲙⲟⲩⲧⲉ"/>
		<feat xlink:href="#sSpan2472" value="ⲉⲛⲉⲕϣⲏⲣⲉ"/>
		<feat xlink:href="#sSpan2481" value="ϫⲉⲛϥⲁⲓⲗⲁⲙⲡⲁⲥ"/>
		<feat xlink:href="#sSpan2493" value="ⲙⲡⲉⲭⲣⲓⲥⲧⲟⲥ"/>
		<feat xlink:href="#sSpan2503" value="·"/>
		<feat xlink:href="#sSpan2507" value="ⲟⲩⲟⲛ"/>
		<feat xlink:href="#sSpan2513" value="ⲛⲓⲙ"/>
		<feat xlink:href="#sSpan2517" value="ⲉⲧⲛⲁϩⲁⲣⲉϩ"/>
		<feat xlink:href="#sSpan2525" value="ⲉⲛⲉⲕⲉⲛⲧⲟⲗⲏ"/>
		<feat xlink:href="#sSpan2535" value="ϯⲛⲁⲭⲁⲣⲓⲍⲉ"/>
		<feat xlink:href="#sSpan2544" value="ⲙⲙⲟⲟⲩ"/>
		<feat xlink:href="#sSpan2550" value="ⲛⲁⲕ"/>
		<feat xlink:href="#sSpan2556" value="ⲛϣⲏⲣⲉ"/>
		<feat xlink:href="#sSpan2563" value="ϩⲛⲧⲁⲙⲛⲧⲣⲣⲟ"/>
		<feat xlink:href="#sSpan2574" value="·"/>
		<feat xlink:href="#sSpan2578" value="ⲟⲩⲟⲛ"/>
		<feat xlink:href="#sSpan2584" value="ⲛⲓⲙ"/>
		<feat xlink:href="#sSpan2588" value="ⲉⲧⲛⲁϭⲱ"/>
		<feat xlink:href="#sSpan2597" value="ⲉⲩⲙⲏⲛ"/>
		<feat xlink:href="#sSpan2605" value="ⲉⲃⲟⲗ"/>
		<feat xlink:href="#sSpan2610" value="ϩⲛⲧϭⲓⲛⲣϩⲱⲃⲙⲛ"/>
		<feat xlink:href="#sSpan2622" value="ⲙⲛⲧⲉⲕϭⲓⲛϣⲙϣⲉ"/>
		<feat xlink:href="#sSpan2633" value="ⲥⲉⲛⲁϣⲱⲡⲉ"/>
		<feat xlink:href="#sSpan2641" value="ⲛⲁⲕ"/>
		<feat xlink:href="#sSpan2647" value="ⲛϣⲏⲣⲉ"/>
		<feat xlink:href="#sSpan2654" value="ϩⲙⲡⲏⲓ"/>
		<feat xlink:href="#sSpan2663" value="ⲙⲡⲁⲉⲓⲱⲧ"/>
		<feat xlink:href="#sSpan2672" value="·"/>
		<feat xlink:href="#sSpan2676" value="ⲛⲧⲉⲩⲛⲟⲩ"/>
		<feat xlink:href="#sSpan2689" value="ⲇⲉ"/>
		<feat xlink:href="#sSpan2693" value="ⲁⲡⲁⲉⲓⲱⲧ"/>
		<feat xlink:href="#sSpan2702" value="ⲙⲟⲩⲧⲉ"/>
		<feat xlink:href="#sSpan2706" value="ⲉⲣⲟⲓ"/>
		<feat xlink:href="#sSpan2712" value="ⲁϥϫⲱ"/>
		<feat xlink:href="#sSpan2720" value="ⲉⲣⲟⲓ"/>
		<feat xlink:href="#sSpan2726" value="ⲛϣⲁϫⲉ"/>
		<feat xlink:href="#sSpan2733" value="ⲛⲓⲙ"/>
		<feat xlink:href="#sSpan2737" value="ⲛⲧⲁⲡⲥⲱⲧⲏⲣ"/>
		<feat xlink:href="#sSpan2749" value="ϫⲟⲟⲩ"/>
		<feat xlink:href="#sSpan2755" value="ⲛⲁϥ"/>
		<feat xlink:href="#sSpan2761" value="·"/>
		<feat xlink:href="#sSpan2765" value="ⲛⲧⲉⲣⲓⲥⲱⲧⲙ"/>
		<feat xlink:href="#sSpan2776" value="ⲇⲉ"/>
		<feat xlink:href="#sSpan2780" value="ⲉⲣⲟⲟⲩ"/>
		<feat xlink:href="#sSpan2786" value="ⲁⲓⲣϣⲡⲏⲣⲉ"/>
		<feat xlink:href="#sSpan2796" value="ⲉⲙⲁⲧⲉ"/>
		<feat xlink:href="#sSpan2800" value="ⲁⲩⲱ"/>
		<feat xlink:href="#sSpan2804" value="ⲡⲉϫⲁⲓ"/>
		<feat xlink:href="#sSpan2810" value="ⲛⲁϥ"/>
		<feat xlink:href="#sSpan2816" value="ϫⲉ"/>
		<feat xlink:href="#sSpan2820" value="·"/>
		<feat xlink:href="#sSpan2825" value="ⲡⲁⲉⲓⲱⲧ"/>
		<feat xlink:href="#sSpan2831" value="ⲉϣϫⲉ"/>
		<feat xlink:href="#sSpan2836" value="ⲧⲁⲓ"/>
		<feat xlink:href="#sSpan2840" value="ⲧⲉ"/>
		<feat xlink:href="#sSpan2844" value="ⲧϩⲉ"/>
		<feat xlink:href="#sSpan2850" value="ⲉⲧⲣⲁⲛⲁϥ"/>
		<feat xlink:href="#sSpan2860" value="ⲙⲡϫⲟⲉⲓⲥ"/>
		<feat xlink:href="#sSpan2869" value="ⲙⲁⲣⲛⲉⲓⲣⲉ"/>
		<feat xlink:href="#sSpan2877" value="ϩⲓⲛⲁⲓ"/>
		<feat xlink:href="#sSpan2884" value="·"/>
		<feat xlink:href="#sSpan2888" value="ⲙⲁⲣⲛⲟⲩⲁϩⲛ"/>
		<feat xlink:href="#sSpan2898" value="ⲛⲥⲁⲡϫⲟⲉⲓⲥ"/>
		<feat xlink:href="#sSpan2907" value="ⲛⲧⲛϩⲁⲣⲉϩ"/>
		<feat xlink:href="#sSpan2915" value="ⲉⲛⲉϥⲉⲛⲧⲟⲗⲏ"/>
		<feat xlink:href="#sSpan2924" value="·"/>
		<feat xlink:href="#sSpan2928" value="ⲛⲁⲛⲟⲩⲛϭⲓⲛⲣϩⲱⲃ"/>
		<feat xlink:href="#sSpan2940" value="ⲧⲏⲣⲟⲩ"/>
		<feat xlink:href="#sSpan2946" value="ⲙⲡϫⲟⲉⲓⲥ"/>
		<feat xlink:href="#sSpan2955" value="ⲁⲩⲱ"/>
		<feat xlink:href="#sSpan2959" value="ⲥⲉⲧⲁⲓⲏⲩ"/>
		<feat xlink:href="#sSpan2965" value="ⲉⲩⲥⲟⲧⲡ"/>
		<feat xlink:href="#sSpan2973" value="ⲉⲙⲁⲧⲉ"/>
		<feat xlink:href="#sSpan2977" value="ⲁⲩⲱ"/>
		<feat xlink:href="#sSpan2981" value="ⲥⲉⲃⲏⲕ"/>
		<feat xlink:href="#sSpan2987" value="ⲉϩⲟⲩⲛ"/>
		<feat xlink:href="#sSpan2991" value="ⲉⲡⲏⲓ"/>
		<feat xlink:href="#sSpan3000" value="ⲙⲡϫⲟⲉⲓⲥ"/>
		<feat xlink:href="#sSpan3009" value="ϩⲓⲟⲩⲥⲟⲡ"/>
		<feat xlink:href="#sSpan3017" value="·"/>
		<feat xlink:href="#sSpan3021" value="ⲧϩⲉ"/>
		<feat xlink:href="#sSpan3030" value="ⲅⲁⲣ"/>
		<feat xlink:href="#sSpan3034" value="ⲛⲧⲁϥⲧⲟϣⲥ"/>
		<feat xlink:href="#sSpan3046" value="ⲉⲣⲟⲛ"/>
		<feat xlink:href="#sSpan3052" value="ⲧⲛⲛⲁⲉⲓⲣⲉ"/>
		<feat xlink:href="#sSpan3061" value="ⲕⲁⲧⲁⲡⲉϥⲟⲩⲱϣ"/>
		<feat xlink:href="#sSpan3070" value="·"/>
		<feat xlink:href="#sSpan3074" value="ⲙⲛⲛⲥⲁⲛⲁⲓ"/>
		<feat xlink:href="#sSpan3086" value="ⲇⲉ"/>
		<feat xlink:href="#sSpan3090" value="ⲧⲏⲣⲟⲩ"/>
		<feat xlink:href="#sSpan3096" value="ⲁⲛⲧⲱⲟⲩⲛ"/>
		<feat xlink:href="#sSpan3104" value="ⲁⲛⲙⲟⲟϣⲉ"/>
		<feat xlink:href="#sSpan3113" value="ⲉⲃⲟⲗ"/>
		<feat xlink:href="#sSpan3117" value="ⲉⲧⲣⲉⲛⲉⲓ"/>
		<feat xlink:href="#sSpan3128" value="ⲉⲡⲧⲟⲟⲩ"/>
		<feat xlink:href="#sSpan3139" value="ⲛⲧⲉⲧⲕⲟⲟϩ"/>
		<feat xlink:href="#sSpan3148" value=","/>
		<feat xlink:href="#sSpan3152" value="ⲡⲧⲟⲟⲩ"/>
		<feat xlink:href="#sSpan3159" value="ⲛⲧⲁⲡⲛⲟⲩⲧⲉ"/>
		<feat xlink:href="#sSpan3170" value="ϩⲱⲛ"/>
		<feat xlink:href="#sSpan3174" value="ⲙⲙⲟϥ"/>
		<feat xlink:href="#sSpan3180" value="ⲛⲁⲛ"/>
		<feat xlink:href="#sSpan3186" value=","/>
		<feat xlink:href="#sSpan3190" value="ⲡⲉⲛⲧⲁϥⲥⲃⲧⲱⲧϥ"/>
		<feat xlink:href="#sSpan3205" value="ⲙⲡⲁⲉⲓⲱⲧ"/>
		<feat xlink:href="#sSpan3215" value="ⲁⲡⲟⲗⲗⲱ"/>
		<feat xlink:href="#sSpan3219" value=","/>
		<feat xlink:href="#sSpan3223" value="ⲁⲩⲱ"/>
		<feat xlink:href="#sSpan3227" value="ⲁⲛⲉⲓ"/>
		<feat xlink:href="#sSpan3236" value="ⲉϩⲣⲁⲓ"/>
		<feat xlink:href="#sSpan3241" value="ⲉⲩⲧⲟⲟⲩ"/>
		<feat xlink:href="#sSpan3250" value="ⲉϥⲙⲡϩⲱⲧ"/>
		<feat xlink:href="#sSpan3263" value="ⲉⲃⲟⲗ"/>
		<feat xlink:href="#sSpan3267" value="ⲛⲟⲩϯⲙⲉ"/>
		<feat xlink:href="#sSpan3279" value="ϫⲉⲧⲁⲡⲁⲣⲟⲟⲩⲉ"/>
		<feat xlink:href="#sSpan3289" value="·"/>
		<feat xlink:href="#sSpan3293" value="ⲁⲛϭⲟⲓⲗⲉ"/>
		<feat xlink:href="#sSpan3302" value="ⲉϩⲉⲛⲥⲛⲏⲩ"/>
		<feat xlink:href="#sSpan3312" value="ⲛⲣⲉϥϣⲙϣⲉⲛⲟⲩⲧⲉ"/>
		<feat xlink:href="#sSpan3321" value="ⲁⲩⲉⲓⲣⲉ"/>
		<feat xlink:href="#sSpan3329" value="ⲛⲙⲙⲁⲛ"/>
		<feat xlink:href="#sSpan3335" value="ⲛϩⲉⲛⲛⲟϭⲙⲡⲉⲧⲛⲁⲛⲟⲩϥ"/>
		<feat xlink:href="#sSpan3352" value="ⲁⲛⲛⲕⲟⲧⲕ"/>
		<feat xlink:href="#sSpan3360" value="ϩⲙⲡⲙⲁ"/>
		<feat xlink:href="#sSpan3369" value="ⲉⲧⲙⲙⲁⲩ"/>
		<feat xlink:href="#sSpan3375" value="ϣⲁϩⲧⲟⲟⲩⲉ"/>
		<feat xlink:href="#sSpan3382" value="·"/>
		<feat xlink:href="#sSpan3386" value="ⲛⲧⲉⲣⲉϩⲧⲟⲟⲩⲉ"/>
		<feat xlink:href="#sSpan3396" value="ⲇⲉ"/>
		<feat xlink:href="#sSpan3400" value="ϣⲱⲡⲉ"/>
		<feat xlink:href="#sSpan3404" value="ⲁⲛⲉⲓ"/>
		<feat xlink:href="#sSpan3413" value="ⲉϩⲏⲧ"/>
		<feat xlink:href="#sSpan3420" value="ⲉⲧⲉⲧⲕⲟⲟϩ"/>
		<feat xlink:href="#sSpan3431" value="·"/>
		<feat xlink:href="#sSpan3436" value="ⲛⲉⲥⲛⲏⲩ"/>
		<feat xlink:href="#sSpan3445" value="ⲇⲉ"/>
		<feat xlink:href="#sSpan3449" value="ⲉⲧⲛϩⲏⲧϥ"/>
		<feat xlink:href="#sSpan3457" value="ⲛⲧⲉⲣⲟⲩⲥⲱⲧⲙ"/>
		<feat xlink:href="#sSpan3465" value="ϫⲉⲁⲛⲉⲓ"/>
		<feat xlink:href="#sSpan3475" value="ⲁⲩⲉⲓ"/>
		<feat xlink:href="#sSpan3484" value="ⲉⲃⲟⲗ"/>
		<feat xlink:href="#sSpan3488" value="ϩⲁⲧⲉⲛϩⲉ"/>
		<feat xlink:href="#sSpan3496" value="ϩⲛⲟⲩⲛⲟϭ"/>
		<feat xlink:href="#sSpan3505" value="ⲛⲣⲁϣⲉ"/>
		<feat xlink:href="#sSpan3511" value="ⲁⲩϣⲟⲡⲛ"/>
		<feat xlink:href="#sSpan3521" value="ⲉⲡϩⲟⲟⲩ"/>
		<feat xlink:href="#sSpan3530" value="·"/>
		<feat xlink:href="#sSpan3534" value="ⲁⲛⲟⲛ"/>
		<feat xlink:href="#sSpan3541" value="ⲇⲉ"/>
		<feat xlink:href="#sSpan3545" value="ϩⲱⲱⲛ"/>
		<feat xlink:href="#sSpan3551" value="ⲁⲛϫⲱ"/>
		<feat xlink:href="#sSpan3559" value="ⲉⲣⲟⲟⲩ"/>
		<feat xlink:href="#sSpan3565" value="ⲙⲡⲙⲩⲥⲧⲏⲣⲓⲟⲛ"/>
		<feat xlink:href="#sSpan3575" value="ⲛⲧⲁⲛⲛⲁⲩ"/>
		<feat xlink:href="#sSpan3585" value="ⲉⲣⲟϥ"/>
		<feat xlink:href="#sSpan3591" value="·"/>
		<feat xlink:href="#sSpan3595" value="ⲛⲧⲟⲟⲩ"/>
		<feat xlink:href="#sSpan3602" value="ⲇⲉ"/>
		<feat xlink:href="#sSpan3606" value="ⲁⲩϣⲱⲡⲉ"/>
		<feat xlink:href="#sSpan3614" value="ⲉⲩⲣϣⲡⲏⲣⲉ"/>
		<feat xlink:href="#sSpan3624" value="ⲡⲉϫⲁⲩ"/>
		<feat xlink:href="#sSpan3630" value="ⲛⲁⲛ"/>
		<feat xlink:href="#sSpan3636" value="ϫⲉ"/>
		<feat xlink:href="#sSpan3640" value="·"/>
		<feat xlink:href="#sSpan3644" value="ⲁⲥϣⲱⲡⲉ"/>
		<feat xlink:href="#sSpan3652" value="ⲙⲙⲟⲛ"/>
		<feat xlink:href="#sSpan3658" value="ϩⲱⲱⲛ"/>
		<feat xlink:href="#sSpan3664" value="ⲉⲛⲛⲕⲟⲧⲕ"/>
		<feat xlink:href="#sSpan3673" value="ⲛⲧⲉⲩϣⲏ"/>
		<feat xlink:href="#sSpan3682" value="ⲁⲛⲥⲱⲧⲙ"/>
		<feat xlink:href="#sSpan3690" value="ⲉⲡⲉϩⲣⲟⲟⲩ"/>
		<feat xlink:href="#sSpan3699" value="ⲛⲟⲩⲥⲁⲗⲡⲓⲅⲝ"/>
		<feat xlink:href="#sSpan3709" value="ⲉⲥⲱϣ"/>
		<feat xlink:href="#sSpan3718" value="ⲉⲃⲟⲗ"/>
		<feat xlink:href="#sSpan3722" value="ⲉⲥϫⲱ"/>
		<feat xlink:href="#sSpan3730" value="ⲙⲙⲟⲥ"/>
		<feat xlink:href="#sSpan3736" value="ⲛⲧⲉⲓϩⲉ"/>
		<feat xlink:href="#sSpan3744" value="ϩⲛⲟⲩⲛⲟϭ"/>
		<feat xlink:href="#sSpan3753" value="ⲛⲥⲙⲏ"/>
		<feat xlink:href="#sSpan3759" value="ϣⲁϣⲟⲙⲛⲧ"/>
		<feat xlink:href="#sSpan3766" value="ⲛⲥⲟⲡ"/>
		<feat xlink:href="#sSpan3772" value="ϫⲉ"/>
		<feat xlink:href="#sSpan3776" value="·"/>
		<feat xlink:href="#sSpan3781" value="ⲉⲓⲥϩⲏⲏⲧⲉ"/>
		<feat xlink:href="#sSpan3789" value="ⲁϥⲉⲓ"/>
		<feat xlink:href="#sSpan3797" value="ⲛϭⲓⲡϣⲱⲥ"/>
		<feat xlink:href="#sSpan3806" value="ⲉⲧⲛⲁⲛⲟⲩϥ"/>
		<feat xlink:href="#sSpan3814" value="ⲡⲉⲛⲧⲁϥⲙⲟⲟⲛⲉ"/>
		<feat xlink:href="#sSpan3826" value="ⲛⲛⲉϥⲉⲥⲟⲟⲩ"/>
		<feat xlink:href="#sSpan3835" value="ϩⲛⲙⲙⲁ"/>
		<feat xlink:href="#sSpan3844" value="ⲙⲙⲟⲟⲛⲉ"/>
		<feat xlink:href="#sSpan3850" value="ⲙⲡⲱⲛϩ"/>
		<feat xlink:href="#sSpan3859" value="·"/>
		<feat xlink:href="#sSpan3863" value="ⲙⲛⲛⲥⲱⲥ"/>
		<feat xlink:href="#sSpan3871" value="ⲁϥⲉⲓ"/>
		<feat xlink:href="#sSpan3879" value="ⲛϭⲓⲟⲩⲭⲟⲣⲟⲥ"/>
		<feat xlink:href="#sSpan3889" value="ⲛⲁⲅⲅⲉⲗⲟⲥ"/>
		<feat xlink:href="#sSpan3897" value="ⲁⲩⲣⲧⲉⲩϣⲏ"/>
		<feat xlink:href="#sSpan3910" value="ⲧⲏⲣⲥ"/>
		<feat xlink:href="#sSpan3916" value="ⲉⲩϩⲩⲙⲛⲉⲩⲉ"/>
		<feat xlink:href="#sSpan3925" value="ⲁⲩⲱ"/>
		<feat xlink:href="#sSpan3929" value="ⲉⲩⲭⲟⲣⲉⲩⲉ"/>
		<feat xlink:href="#sSpan3938" value="ϩⲓϫⲙⲡⲥⲱⲙⲁ"/>
		<feat xlink:href="#sSpan3948" value="ⲙⲡⲙⲁⲕⲁⲣⲓⲟⲥ"/>
		<feat xlink:href="#sSpan3959" value="ⲁⲡⲁ"/>
		<feat xlink:href="#sSpan3964" value="ⲫⲓϥ"/>
		<feat xlink:href="#sSpan3968" value="ⲉⲩϫⲱ"/>
		<feat xlink:href="#sSpan3976" value="ⲙⲡϩⲩⲙⲛⲟⲥ"/>
		<feat xlink:href="#sSpan3986" value="ⲉⲣⲉⲛⲁⲅⲅⲉⲗⲟⲥ"/>
		<feat xlink:href="#sSpan3996" value="ⲟⲩⲱϩⲙ"/>
		<feat xlink:href="#sSpan4000" value="ⲛⲥⲱⲟⲩ"/>
		<feat xlink:href="#sSpan4006" value="ϫⲉ"/>
		<feat xlink:href="#sSpan4010" value="·"/>
		<feat xlink:href="#sSpan4014" value="ⲉⲣⲉⲡⲉⲓⲧⲟⲟⲩ"/>
		<feat xlink:href="#sSpan4025" value="ⲛⲏⲩ"/>
		<feat xlink:href="#sSpan4030" value="ⲛⲣⲁϣⲉ"/>
		<feat xlink:href="#sSpan4037" value="ⲁⲩⲱ"/>
		<feat xlink:href="#sSpan4041" value="ⲛϥϫⲓⲉⲟⲟⲩ"/>
		<feat xlink:href="#sSpan4051" value="·"/>
		<feat xlink:href="#sSpan4056" value="ⲡⲁⲓ"/>
		<feat xlink:href="#sSpan4060" value="ⲡⲉ"/>
		<feat xlink:href="#sSpan4064" value="ⲡⲧⲟⲟⲩ"/>
		<feat xlink:href="#sSpan4071" value="ⲙⲡϫⲟⲉⲓⲥ"/>
		<feat xlink:href="#sSpan4080" value="ⲡⲧⲟⲟⲩ"/>
		<feat xlink:href="#sSpan4086" value="ⲉⲧϫⲟⲥⲉ"/>
		<feat xlink:href="#sSpan4092" value="ⲡⲧⲟⲟⲩ"/>
		<feat xlink:href="#sSpan4098" value="ⲉⲧⲧⲏⲕ"/>
		<feat xlink:href="#sSpan4104" value="ⲡⲧⲟⲟⲩ"/>
		<feat xlink:href="#sSpan4110" value="ⲉⲧⲕⲓⲱⲟⲩ"/>
		<feat xlink:href="#sSpan4116" value="·"/>
		<feat xlink:href="#sSpan4121" value="ⲡⲧⲟⲟⲩ"/>
		<feat xlink:href="#sSpan4127" value="ⲡⲉ"/>
		<feat xlink:href="#sSpan4131" value="ⲡⲁⲓ"/>
		<feat xlink:href="#sSpan4136" value="ⲛⲧⲁⲡⲛⲟⲩⲧⲉ"/>
		<feat xlink:href="#sSpan4147" value="ⲟⲩⲉϣ"/>
		<feat xlink:href="#sSpan4151" value="ⲟⲩⲱϩ"/>
		<feat xlink:href="#sSpan4155" value="ⲛϩⲏⲧϥ"/>
		<feat xlink:href="#sSpan4161" value="ϣⲁⲃⲟⲗ"/>
		<feat xlink:href="#sSpan4165" value="·"/>
		<feat xlink:href="#sSpan4170" value="ⲡⲁⲓ"/>
		<feat xlink:href="#sSpan4174" value="ⲡⲉ"/>
		<feat xlink:href="#sSpan4178" value="ⲡⲏⲓ"/>
		<feat xlink:href="#sSpan4185" value="ⲙⲡⲛⲟⲩⲧⲉ"/>
		<feat xlink:href="#sSpan4194" value="ⲡⲙⲁ"/>
		<feat xlink:href="#sSpan4200" value="ⲛϣⲱⲡⲉ"/>
		<feat xlink:href="#sSpan4206" value="ⲛⲛⲇⲓⲕⲁⲓⲟⲥ"/>
		<feat xlink:href="#sSpan4216" value="·"/>
		<feat xlink:href="#sSpan4220" value="ⲛⲧⲉⲣⲛⲥⲱⲧⲙ"/>
		<feat xlink:href="#sSpan4231" value="ⲇⲉ"/>
		<feat xlink:href="#sSpan4235" value="ⲉⲛⲁⲓ"/>
		<feat xlink:href="#sSpan4242" value="ⲁⲛⲣϩⲟⲧⲉ"/>
		<feat xlink:href="#sSpan4252" value="ϩⲛⲟⲩⲛⲟϭ"/>
		<feat xlink:href="#sSpan4261" value="ⲛϩⲟⲧⲉ"/>
		<feat xlink:href="#sSpan4267" value="ⲁⲩⲱ"/>
		<feat xlink:href="#sSpan4271" value="ⲁⲛⲣⲧⲉⲩϣⲏ"/>
		<feat xlink:href="#sSpan4284" value="ⲧⲏⲣⲥ"/>
		<feat xlink:href="#sSpan4290" value="ⲉⲛⲥⲟⲟⲩϩ"/>
		<feat xlink:href="#sSpan4298" value="ⲉⲛⲉⲛⲉⲣⲏⲩ"/>
		<feat xlink:href="#sSpan4306" value="ϣⲁϩⲧⲟⲟⲩⲉ"/>
		<feat xlink:href="#sSpan4313" value="ⲉⲛⲥⲙⲟⲩ"/>
		<feat xlink:href="#sSpan4321" value="ⲉⲡⲛⲟⲩⲧⲉ"/>
		<feat xlink:href="#sSpan4330" value="ⲡⲉⲓⲱⲧ"/>
		<feat xlink:href="#sSpan4336" value="ⲙⲡⲉⲛϫⲟⲉⲓⲥ"/>
		<feat xlink:href="#sSpan4346" value="ⲓⲏⲥⲟⲩⲥ"/>
		<feat xlink:href="#sSpan4350" value="ⲡⲉⲭⲣⲓⲥⲧⲟⲥ"/>
		<feat xlink:href="#sSpan4357" value="ⲁⲩⲱ"/>
		<feat xlink:href="#sSpan4361" value="ⲉⲛⲣϣⲡⲏⲣⲉ"/>
		<feat xlink:href="#sSpan4371" value="ⲉϫⲛⲛⲉⲛⲧⲁⲛⲥⲟⲧⲙⲟⲩ"/>
		<feat xlink:href="#sSpan4388" value="·"/>
		<feat xlink:href="#sSpan4392" value="ⲧⲉⲛⲟⲩ"/>
		<feat xlink:href="#sSpan4398" value="ϭⲉ"/>
		<feat xlink:href="#sSpan4402" value="ⲡⲛⲟⲩⲧⲉ"/>
		<feat xlink:href="#sSpan4409" value="ⲡⲉⲛⲥⲱⲧⲏⲣ"/>
		<feat xlink:href="#sSpan4416" value="ⲡⲉⲛⲧⲁϥⲧⲛⲛⲟⲟⲩⲕ"/>
		<feat xlink:href="#sSpan4430" value="ϣⲁⲣⲟⲛ"/>
		<feat xlink:href="#sSpan4436" value="·"/>
		<feat xlink:href="#sSpan4440" value="ⲛⲧⲟⲕ"/>
		<feat xlink:href="#sSpan4446" value="ⲡⲉ"/>
		<feat xlink:href="#sSpan4450" value="ⲡϣⲱⲥ"/>
		<feat xlink:href="#sSpan4457" value="ⲉⲧⲙⲟⲟⲛⲉ"/>
		<feat xlink:href="#sSpan4463" value="ⲙⲙⲟⲛ"/>
		<feat xlink:href="#sSpan4469" value="ⲧⲏⲣⲛ"/>
		<feat xlink:href="#sSpan4476" value="ⲛⲕⲟⲩⲓ"/>
		<feat xlink:href="#sSpan4482" value="ⲙⲛⲛⲛⲟϭ"/>
		<feat xlink:href="#sSpan4491" value="ϩⲛⲟⲩⲙⲛⲧⲁⲅⲁⲑⲟⲥ"/>
		<feat xlink:href="#sSpan4503" value="·"/>
		<feat xlink:href="#sSpan4507" value="ⲉⲓⲥ"/>
		<feat xlink:href="#sSpan4512" value="ⲛⲉⲛⲥⲱⲙⲁ"/>
		<feat xlink:href="#sSpan4519" value="ⲙⲛⲛⲉⲛⲯⲩⲭⲏ"/>
		<feat xlink:href="#sSpan4529" value="ϩⲛⲛⲉⲕϭⲓϫ"/>
		<feat xlink:href="#sSpan4538" value="·"/>
		<feat xlink:href="#sSpan4542" value="ϣⲱⲡⲉ"/>
		<feat xlink:href="#sSpan4546" value="ⲛⲁⲛ"/>
		<feat xlink:href="#sSpan4552" value="ⲛⲉⲓⲱⲧ"/>
		<feat xlink:href="#sSpan4558" value="ⲁⲛⲟⲛ"/>
		<feat xlink:href="#sSpan4562" value="ϩⲱⲱⲛ"/>
		<feat xlink:href="#sSpan4568" value="ⲛⲧⲛϣⲱⲡⲉ"/>
		<feat xlink:href="#sSpan4576" value="ⲛⲁⲕ"/>
		<feat xlink:href="#sSpan4582" value="ⲛϣⲏⲣⲉ"/>
		<feat xlink:href="#sSpan4589" value="·"/>
		<feat xlink:href="#sSpan4593" value="ⲁϥⲟⲩⲱϣⲃ"/>
		<feat xlink:href="#sSpan4605" value="ⲛϭⲓⲡⲁⲉⲓⲱⲧ"/>
		<feat xlink:href="#sSpan4614" value="ⲉϥϫⲱ"/>
		<feat xlink:href="#sSpan4622" value="ⲙⲙⲟⲥ"/>
		<feat xlink:href="#sSpan4628" value="ϫⲉ"/>
		<feat xlink:href="#sSpan4632" value="·"/>
		<feat xlink:href="#sSpan4636" value="ⲉϣϫⲉ"/>
		<feat xlink:href="#sSpan4641" value="ⲡⲉⲕⲟⲩⲱϣ"/>
		<feat xlink:href="#sSpan4648" value="ⲡⲛⲟⲩⲧⲉ"/>
		<feat xlink:href="#sSpan4654" value="ⲡⲉ"/>
		<feat xlink:href="#sSpan4659" value="ⲡⲁⲓ"/>
		<feat xlink:href="#sSpan4663" value="ⲧⲛⲛⲁⲉⲓⲣⲉ"/>
		<feat xlink:href="#sSpan4672" value="ⲕⲁⲧⲁⲡⲉⲕϣⲁϫⲉ"/>
		<feat xlink:href="#sSpan4681" value="·"/>
		<feat xlink:href="#sSpan4685" value="ⲁⲩⲱ"/>
		<feat xlink:href="#sSpan4691" value="ⲁⲛⲥⲱⲟⲩϩ"/>
		<feat xlink:href="#sSpan4699" value="ⲉⲛⲉⲛⲉⲣⲏⲩ"/>
		<feat xlink:href="#sSpan4707" value="ϩⲓⲟⲩⲥⲟⲡ"/>
		<feat xlink:href="#sSpan4715" value="ⲉⲛⲉⲓⲣⲉ"/>
		<feat xlink:href="#sSpan4723" value="ⲛⲁϫⲟⲩⲱⲧ"/>
		<feat xlink:href="#sSpan4730" value="ⲛⲣⲱⲙⲉ"/>
		<feat xlink:href="#sSpan4736" value="ⲉⲛⲟⲩⲏϩ"/>
		<feat xlink:href="#sSpan4744" value="ϩⲁϩⲧⲛ"/>
		<feat xlink:href="#sSpan4749" value="ⲡⲁⲉⲓⲱⲧ"/>
		<feat xlink:href="#sSpan4755" value="·"/>
		<feat xlink:href="#sSpan4760" value="ⲡⲁⲉⲓⲱⲧ"/>
		<feat xlink:href="#sSpan4769" value="ⲇⲉ"/>
		<feat xlink:href="#sSpan4773" value="ⲛⲉϥⲥⲣⲟϥⲧ"/>
		<feat xlink:href="#sSpan4781" value="ⲉⲡϣⲁϫⲉ"/>
		<feat xlink:href="#sSpan4790" value="ⲙⲡⲛⲟⲩⲧⲉ"/>
		<feat xlink:href="#sSpan4799" value="ⲙⲛⲧⲉⲥⲃⲱ"/>
		<feat xlink:href="#sSpan4808" value="ⲙⲛⲛⲕⲁⲛⲱⲛ"/>
		<feat xlink:href="#sSpan4818" value="ⲛⲛⲉⲛⲉⲓⲟⲟⲧⲉ"/>
		<feat xlink:href="#sSpan4827" value="ⲉⲧⲟⲩⲁⲁⲃ"/>
		<feat xlink:href="#sSpan4833" value="ⲛⲁⲡⲟⲥⲧⲟⲗⲟⲥ"/>
		<feat xlink:href="#sSpan4841" value="·"/>
		<feat xlink:href="#sSpan4845" value="ⲁⲛⲟⲕ"/>
		<feat xlink:href="#sSpan4852" value="ⲇⲉ"/>
		<feat xlink:href="#sSpan4856" value="ϩⲱ"/>
		<feat xlink:href="#sSpan4860" value="ⲛⲉⲓⲣⲱϣⲉ"/>
		<feat xlink:href="#sSpan4868" value="ⲡⲉ"/>
		<feat xlink:href="#sSpan4872" value="ⲉⲧⲉⲭⲣⲉⲓⲁ"/>
		<feat xlink:href="#sSpan4882" value="ⲛⲛⲉⲥⲛⲏⲩ"/>
		<feat xlink:href="#sSpan4891" value="·"/>
		<feat xlink:href="#sSpan4896" value="ϩⲉⲛⲛⲟϭ"/>
		<feat xlink:href="#sSpan4905" value="ⲇⲉ"/>
		<feat xlink:href="#sSpan4910" value="ⲛϭⲟⲙ"/>
		<feat xlink:href="#sSpan4916" value="ⲙⲛϩⲉⲛϣⲡⲏⲣⲉ"/>
		<feat xlink:href="#sSpan4925" value="ⲛⲉⲩϣⲟⲟⲡ"/>
		<feat xlink:href="#sSpan4933" value="ⲉⲃⲟⲗ"/>
		<feat xlink:href="#sSpan4938" value="ϩⲓⲧⲟⲟⲧϥ"/>
		<feat xlink:href="#sSpan4944" value="ⲙⲡⲁⲉⲓⲱⲧ"/>
		<feat xlink:href="#sSpan4953" value="·"/>
		<feat xlink:href="#sSpan4957" value="ⲛⲉⲁⲡⲉϥⲣⲁⲛ"/>
		<feat xlink:href="#sSpan4972" value="ⲅⲁⲣ"/>
		<feat xlink:href="#sSpan4977" value="ⲣⲥⲟⲉⲓⲧ"/>
		<feat xlink:href="#sSpan4982" value="ϩⲙⲙⲁ"/>
		<feat xlink:href="#sSpan4989" value="ⲛⲓⲙ"/>
		<feat xlink:href="#sSpan4993" value="ⲉⲧⲕⲱⲧⲉ"/>
		<feat xlink:href="#sSpan4999" value="ⲉⲣⲟϥ"/>
		<feat xlink:href="#sSpan5005" value="ⲉⲩⲉⲓⲛⲉ"/>
		<feat xlink:href="#sSpan5013" value="ⲛⲁϥ"/>
		<feat xlink:href="#sSpan5019" value="ⲛⲟⲩⲟⲛ"/>
		<feat xlink:href="#sSpan5027" value="ⲛⲓⲙ"/>
		<feat xlink:href="#sSpan5031" value="ⲉⲧϣⲱⲛⲉ"/>
		<feat xlink:href="#sSpan5037" value="ⲉϥⲣⲡⲁϩⲣⲉ"/>
		<feat xlink:href="#sSpan5045" value="ⲉⲣⲟⲟⲩ"/>
		<feat xlink:href="#sSpan5051" value="ⲧⲏⲣⲟⲩ"/>
		<feat xlink:href="#sSpan5057" value="·"/>
		<feat xlink:href="#sSpan5061" value="ⲁⲛⲟⲩⲱⲥϣ"/>
		<feat xlink:href="#sSpan5072" value="ⲇⲉ"/>
		<feat xlink:href="#sSpan5076" value="ⲉⲃⲟⲗ"/>
		<feat xlink:href="#sSpan5080" value="ⲕⲟⲩⲓ"/>
		<feat xlink:href="#sSpan5085" value="ⲕⲟⲩⲓ"/>
		<feat xlink:href="#sSpan5089" value="ⲁⲛⲁⲁⲓ"/>
		<feat xlink:href="#sSpan5099" value="ϩⲙⲡⲛⲟⲩⲧⲉ"/>
		<feat xlink:href="#sSpan5108" value="·"/>
		<feat xlink:href="#sSpan5113" value="ϩⲉⲛⲛⲟϭ"/>
		<feat xlink:href="#sSpan5122" value="ⲇⲉ"/>
		<feat xlink:href="#sSpan5126" value="ⲙⲡⲉⲧⲛⲁⲛⲱⲟⲩ"/>
		<feat xlink:href="#sSpan5139" value="ⲉⲣⲉⲡⲛⲟⲩⲧⲉ"/>
		<feat xlink:href="#sSpan5148" value="ⲉⲓⲣⲉ"/>
		<feat xlink:href="#sSpan5152" value="ⲙⲙⲟⲟⲩ"/>
		<feat xlink:href="#sSpan5158" value="ⲉⲃⲟⲗ"/>
		<feat xlink:href="#sSpan5163" value="ϩⲓⲧⲟⲟⲧϥ"/>
		<feat xlink:href="#sSpan5169" value="ⲙⲡⲁⲉⲓⲱⲧ"/>
		<feat xlink:href="#sSpan5178" value="·"/>
		<feat xlink:href="#sSpan5182" value="ⲛⲧⲉⲣⲛⲱⲥⲕ"/>
		<feat xlink:href="#sSpan5195" value="ⲇⲉ"/>
		<feat xlink:href="#sSpan5199" value="ⲁⲛⲧⲁⲙⲓⲟ"/>
		<feat xlink:href="#sSpan5207" value="ⲛⲟⲩⲕⲟⲩⲓ"/>
		<feat xlink:href="#sSpan5218" value="ⲛⲉⲕⲕⲗⲏⲥⲓⲁ"/>
		<feat xlink:href="#sSpan5225" value="ϩⲓϫⲙⲡⲥⲱⲙⲁ"/>
		<feat xlink:href="#sSpan5235" value="ⲙⲡⲉⲛⲙⲁⲕⲁⲣⲓⲟⲥ"/>
		<feat xlink:href="#sSpan5245" value="ⲛⲥⲟⲛ"/>
		<feat xlink:href="#sSpan5252" value="ⲁⲡⲁ"/>
		<feat xlink:href="#sSpan5257" value="ⲫⲓϥ"/>
		<feat xlink:href="#sSpan5261" value="·"/>
		<feat xlink:href="#sSpan5265" value="ⲁⲛⲉⲥⲛⲏⲩ"/>
		<feat xlink:href="#sSpan5276" value="ϭⲱ"/>
		<feat xlink:href="#sSpan5281" value="ⲉⲩⲥⲩⲛⲁⲅⲉ"/>
		<feat xlink:href="#sSpan5290" value="ⲛϩⲏⲧⲥ"/>
		<feat xlink:href="#sSpan5296" value="ⲙⲙⲏⲏⲛⲉ"/>
		<feat xlink:href="#sSpan5303" value="ⲙⲡⲁⲧⲟⲩⲟⲩⲱⲙ"/>
		<feat xlink:href="#sSpan5311" value="ⲙⲡⲉⲩⲟⲉⲓⲕ"/>
		<feat xlink:href="#sSpan5320" value="·"/>
		<feat xlink:href="#sSpan5324" value="ⲙⲛⲛⲥⲱⲥ"/>
		<feat xlink:href="#sSpan5330" value="ⲁⲡⲥⲱⲧⲏⲣ"/>
		<feat xlink:href="#sSpan5340" value="ⲟⲩⲱⲛϩ"/>
		<feat xlink:href="#sSpan5344" value="ⲉⲡⲁⲉⲓⲱⲧ"/>
		<feat xlink:href="#sSpan5353" value="ⲁϥϣⲁϫⲉ"/>
		<feat xlink:href="#sSpan5361" value="ⲛⲙⲙⲁϥ"/>
		<feat xlink:href="#sSpan5367" value="ⲉϥϫⲱ"/>
		<feat xlink:href="#sSpan5375" value="ⲙⲙⲟⲥ"/>
		<feat xlink:href="#sSpan5381" value="ϫⲉ"/>
		<feat xlink:href="#sSpan5385" value="·"/>
		<feat xlink:href="#sSpan5389" value="ⲧⲉⲓⲣⲏⲛⲏ"/>
		<feat xlink:href="#sSpan5397" value="ⲛⲁⲕ"/>
		<feat xlink:href="#sSpan5403" value="ⲡⲁϣⲃⲏⲣ"/>
		<feat xlink:href="#sSpan5411" value="ⲙⲉⲗⲟⲥ"/>
		<feat xlink:href="#sSpan5415" value="ⲉⲧⲧⲁⲓⲏⲩ"/>
		<feat xlink:href="#sSpan5421" value="·"/>
		<feat xlink:href="#sSpan5425" value="ϯϣⲟⲟⲡ"/>
		<feat xlink:href="#sSpan5431" value="ⲛⲙⲙⲁⲕ"/>
		<feat xlink:href="#sSpan5437" value="·"/>
		<feat xlink:href="#sSpan5442" value="ⲉⲓⲥϩⲏⲏⲧⲉ"/>
		<feat xlink:href="#sSpan5451" value="ⲅⲁⲣ"/>
		<feat xlink:href="#sSpan5455" value="ϯⲛⲁⲥⲱⲟⲩϩ"/>
		<feat xlink:href="#sSpan5463" value="ⲉⲣⲟⲕ"/>
		<feat xlink:href="#sSpan5469" value="ⲛϩⲉⲛⲛⲟϭ"/>
		<feat xlink:href="#sSpan5478" value="ⲙⲙⲏⲏϣⲉ"/>
		<feat xlink:href="#sSpan5484" value="ⲁⲩⲱ"/>
		<feat xlink:href="#sSpan5488" value="ⲥⲉⲛⲁⲁϣⲁⲓ"/>
		<feat xlink:href="#sSpan5496" value="ⲉⲙⲁⲧⲉ"/>
		<feat xlink:href="#sSpan5500" value="ϩⲛⲧⲉⲩⲏⲡⲉ"/>
		<feat xlink:href="#sSpan5509" value="·"/>
		<feat xlink:href="#sSpan5513" value="ⲧⲱⲟⲩⲛ"/>
		<feat xlink:href="#sSpan5519" value="ϭⲉ"/>
		<feat xlink:href="#sSpan5523" value="ⲛⲅⲧⲁⲙⲓⲟ"/>
		<feat xlink:href="#sSpan5531" value="ⲛⲟⲩⲛⲟϭ"/>
		<feat xlink:href="#sSpan5542" value="ⲛⲉⲕⲕⲗⲏⲥⲓⲁ"/>
		<feat xlink:href="#sSpan5550" value="ⲕⲁⲧⲁⲧϩⲉ"/>
		<feat xlink:href="#sSpan5559" value="ⲉϯⲛⲁⲧⲥⲁⲃⲟⲕ"/>
		<feat xlink:href="#sSpan5571" value="ⲉⲣⲟⲥ"/>
		<feat xlink:href="#sSpan5577" value="ϫⲉⲕⲁⲥ"/>
		<feat xlink:href="#sSpan5581" value="ⲉⲣⲉⲛⲗⲁⲟⲥ"/>
		<feat xlink:href="#sSpan5591" value="ϭⲛⲙⲁ"/>
		<feat xlink:href="#sSpan5598" value="ⲛⲟⲩⲱϩ"/>
		<feat xlink:href="#sSpan5605" value="ⲛϩⲏⲧⲥ"/>
		<feat xlink:href="#sSpan5611" value="·"/>
		<feat xlink:href="#sSpan5615" value="ⲁϥ"/>
		<feat xlink:href="#sSpan5623" value="ⲙⲟⲟϣⲉ"/>
		<feat xlink:href="#sSpan5628" value="ⲇⲉ"/>
		<feat xlink:href="#sSpan5632" value="ⲛⲙⲙⲁϥ"/>
		<feat xlink:href="#sSpan5638" value="ⲁϥⲧⲥⲁⲃⲟϥ"/>
		<feat xlink:href="#sSpan5648" value="ⲉⲡⲧⲱϣ"/>
		<feat xlink:href="#sSpan5657" value="ⲧⲏⲣϥ"/>
		<feat xlink:href="#sSpan5663" value="ⲛⲧⲉⲕⲕⲗⲏⲥⲓⲁ"/>
		<feat xlink:href="#sSpan5673" value="ⲁϥⲧⲁⲙⲟϥ"/>
		<feat xlink:href="#sSpan5683" value="ⲉⲡⲉϥϣⲓⲏ"/>
		<feat xlink:href="#sSpan5692" value="ⲙⲛⲡⲉϥⲟⲩⲱⲥϣ"/>
		<feat xlink:href="#sSpan5701" value="·"/>
		<feat xlink:href="#sSpan5705" value="ⲡⲉϫⲉⲡⲥⲱⲧⲏⲣ"/>
		<feat xlink:href="#sSpan5717" value="ⲛⲁϥ"/>
		<feat xlink:href="#sSpan5723" value="ϫⲉ"/>
		<feat xlink:href="#sSpan5727" value="·"/>
		<feat xlink:href="#sSpan5732" value="ⲉⲓⲥϩⲏⲏⲧⲉ"/>
		<feat xlink:href="#sSpan5738" value="ⲁⲓⲧⲱϣ"/>
		<feat xlink:href="#sSpan5746" value="ⲛⲁⲕ"/>
		<feat xlink:href="#sSpan5752" value="ⲙⲙⲓⲭⲁⲏⲗ"/>
		<feat xlink:href="#sSpan5761" value="ⲡⲁⲣⲭⲁⲅⲅⲉⲗⲟⲥ"/>
		<feat xlink:href="#sSpan5768" value="·"/>
		<feat xlink:href="#sSpan5772" value="ⲛⲧⲟϥ"/>
		<feat xlink:href="#sSpan5779" value="ⲅⲁⲣ"/>
		<feat xlink:href="#sSpan5783" value="ⲡⲉⲧⲛⲁⲇⲓⲁⲕⲟⲛⲉⲓ"/>
		<feat xlink:href="#sSpan5796" value="ⲉⲡⲉⲕⲧⲟⲡⲟⲥ"/>
		<feat xlink:href="#sSpan5806" value="·"/>
		<feat xlink:href="#sSpan5810" value="ⲡⲱⲕ"/>
		<feat xlink:href="#sSpan5816" value="ⲙⲙⲁⲧⲉ"/>
		<feat xlink:href="#sSpan5820" value="ⲡⲉϣⲁϫⲉ"/>
		<feat xlink:href="#sSpan5826" value="ⲡⲁⲙⲓⲭⲁⲏⲗ"/>
		<feat xlink:href="#sSpan5835" value="ϩⲱⲱϥ"/>
		<feat xlink:href="#sSpan5841" value="ⲡⲉ"/>
		<feat xlink:href="#sSpan5845" value="ⲥⲱⲟⲩϩ"/>
		<feat xlink:href="#sSpan5849" value="ⲉϩⲟⲩⲛ"/>
		<feat xlink:href="#sSpan5853" value="ⲡⲁⲡⲁⲡⲟϩⲉ"/>
		<feat xlink:href="#sSpan5861" value="ϩⲱⲱϥ"/>
		<feat xlink:href="#sSpan5867" value="ⲡⲉ"/>
		<feat xlink:href="#sSpan5871" value="ⲇⲓⲁⲕⲟⲛⲉⲓ"/>
		<feat xlink:href="#sSpan5875" value="·"/>
		<feat xlink:href="#sSpan5879" value="ⲛⲧⲉⲣⲉϥϫⲉ"/>
		<feat xlink:href="#sSpan5890" value="ⲛⲁⲓ"/>
		<feat xlink:href="#sSpan5895" value="ⲇⲉ"/>
		<feat xlink:href="#sSpan5899" value="ⲛϭⲓⲡⲥⲱⲧⲏⲣ"/>
		<feat xlink:href="#sSpan5909" value="ⲁϥⲃⲱⲕ"/>
		<feat xlink:href="#sSpan5918" value="ⲉϩⲣⲁⲓ"/>
		<feat xlink:href="#sSpan5922" value="ⲉⲙⲡⲏⲩⲉ"/>
		<feat xlink:href="#sSpan5931" value="·"/>
		<feat xlink:href="#sSpan5935" value="ⲙⲛⲛⲥⲱⲥ"/>
		<feat xlink:href="#sSpan5946" value="ⲇⲉ"/>
		<feat xlink:href="#sSpan5950" value="ⲁⲡⲁⲉⲓⲱⲧ"/>
		<feat xlink:href="#sSpan5959" value="ⲙⲟⲩⲧⲉ"/>
		<feat xlink:href="#sSpan5963" value="ⲉⲣⲟⲓ"/>
		<feat xlink:href="#sSpan5969" value="ⲁϥϫⲱ"/>
		<feat xlink:href="#sSpan5977" value="ⲉⲣⲟⲓ"/>
		<feat xlink:href="#sSpan5983" value="ⲛⲛⲉⲓϣⲁϫⲉ"/>
		<feat xlink:href="#sSpan5992" value="ⲧⲏⲣⲟⲩ"/>
		<feat xlink:href="#sSpan5998" value="ⲁⲛⲧⲁⲙⲓⲟ"/>
		<feat xlink:href="#sSpan6007" value="ⲇⲉ"/>
		<feat xlink:href="#sSpan6011" value="ⲛⲧⲉⲕⲕⲗⲏⲥⲓⲁ"/>
		<feat xlink:href="#sSpan6022" value="ⲕⲁⲧⲁⲡⲧⲱϣ"/>
		<feat xlink:href="#sSpan6030" value="ⲛⲧⲁϥⲧⲥⲁⲃⲟⲛ"/>
		<feat xlink:href="#sSpan6042" value="ⲉⲣⲟϥ"/>
		<feat xlink:href="#sSpan6048" value="·"/>
		<feat xlink:href="#sSpan6052" value="ⲛⲧⲉⲣⲛⲟⲩⲱⲥϣ"/>
		<feat xlink:href="#sSpan6063" value="ⲇⲉ"/>
		<feat xlink:href="#sSpan6067" value="ⲉⲃⲟⲗ"/>
		<feat xlink:href="#sSpan6071" value="ⲁⲩⲱ"/>
		<feat xlink:href="#sSpan6075" value="ⲁⲛⲁⲓⲁⲓ"/>
		<feat xlink:href="#sSpan6083" value="ⲡⲉϫⲉⲡⲁⲉⲓⲱⲧ"/>
		<feat xlink:href="#sSpan6092" value="ⲛⲁⲓ"/>
		<feat xlink:href="#sSpan6098" value="ϫⲉ"/>
		<feat xlink:href="#sSpan6102" value="·"/>
		<feat xlink:href="#sSpan6107" value="ⲉⲓⲥϩⲏⲏⲧⲉ"/>
		<feat xlink:href="#sSpan6113" value="ⲁϥϩⲱⲛ"/>
		<feat xlink:href="#sSpan6121" value="ⲉϩⲟⲩⲛ"/>
		<feat xlink:href="#sSpan6125" value="ⲛϭⲓⲡⲉϩⲟⲟⲩ"/>
		<feat xlink:href="#sSpan6134" value="ⲡⲉⲛⲙⲁⲕⲁⲣⲓⲟⲥ"/>
		<feat xlink:href="#sSpan6142" value="ⲛⲥⲟⲛ"/>
		<feat xlink:href="#sSpan6149" value="ⲁⲡⲁ"/>
		<feat xlink:href="#sSpan6154" value="ⲫⲓϥ"/>
		<feat xlink:href="#sSpan6158" value="·"/>
		<feat xlink:href="#sSpan6162" value="ⲙⲁⲣⲛϫⲟⲟⲩ"/>
		<feat xlink:href="#sSpan6174" value="ⲛⲥⲁⲛⲉⲥⲛⲏⲩ"/>
		<feat xlink:href="#sSpan6183" value="ⲉⲧϩⲙⲡⲧⲟⲟⲩ"/>
		<feat xlink:href="#sSpan6194" value="ⲧⲏⲣⲟⲩ"/>
		<feat xlink:href="#sSpan6200" value="ⲛⲧⲛⲉⲓⲣⲉ"/>
		<feat xlink:href="#sSpan6208" value="ⲛⲙⲙⲁⲩ"/>
		<feat xlink:href="#sSpan6214" value="ⲛⲟⲩⲁⲅⲁⲡⲏ"/>
		<feat xlink:href="#sSpan6224" value="ϩⲛⲟⲩⲣⲁϣⲉ"/>
		<feat xlink:href="#sSpan6233" value="ⲙⲛⲟⲩⲧⲉⲗⲏⲗ"/>
		<feat xlink:href="#sSpan6242" value="ϫⲉⲛⲧⲟϥ"/>
		<feat xlink:href="#sSpan6248" value="ⲡⲉⲛⲧⲁⲡϫⲟⲉⲓⲥ"/>
		<feat xlink:href="#sSpan6261" value="ϫⲟⲟϥ"/>
		<feat xlink:href="#sSpan6267" value="ⲛⲁⲓ"/>
		<feat xlink:href="#sSpan6273" value="ⲉⲧⲃⲏⲏⲧϥ"/>
		<feat xlink:href="#sSpan6279" value="ϫⲉ"/>
		<feat xlink:href="#sSpan6283" value="·"/>
		<feat xlink:href="#sSpan6287" value="ϯⲛⲁⲟⲩⲱⲛϩ"/>
		<feat xlink:href="#sSpan6298" value="ⲉⲃⲟⲗ"/>
		<feat xlink:href="#sSpan6302" value="ⲙⲡⲁⲉⲟⲟⲩ"/>
		<feat xlink:href="#sSpan6311" value="ϩⲙⲡⲉϥϩⲟⲟⲩ"/>
		<feat xlink:href="#sSpan6320" value="ⲧⲉⲣⲟⲙⲡⲉ"/>
		<feat xlink:href="#sSpan6326" value="ⲛⲧⲉⲡⲁⲣⲁⲛ"/>
		<feat xlink:href="#sSpan6336" value="ϫⲓⲉⲟⲟⲩ"/>
		<feat xlink:href="#sSpan6341" value="ϩⲙⲡⲕⲁϩ"/>
		<feat xlink:href="#sSpan6350" value="ⲧⲏⲣϥ"/>
		<feat xlink:href="#sSpan6356" value="·"/>
		<feat xlink:href="#sSpan6360" value="ⲁⲛⲟⲕ"/>
		<feat xlink:href="#sSpan6367" value="ⲇⲉ"/>
		<feat xlink:href="#sSpan6371" value="ⲁⲓⲉⲓⲣⲉ"/>
		<feat xlink:href="#sSpan6380" value="ⲕⲁⲧⲁⲧϩⲉ"/>
		<feat xlink:href="#sSpan6388" value="ⲛⲧⲁϥϫⲟⲟⲥ"/>
		<feat xlink:href="#sSpan6400" value="ⲛⲁⲓ"/>
		<feat xlink:href="#sSpan6406" value="ⲛϭⲓⲡⲁⲉⲓⲱⲧ"/>
		<feat xlink:href="#sSpan6415" value="ⲁⲓϫⲟⲟⲩ"/>
		<feat xlink:href="#sSpan6423" value="ⲉⲃⲟⲗ"/>
		<feat xlink:href="#sSpan6428" value="ϩⲛⲛⲧⲟⲟⲩ"/>
		<feat xlink:href="#sSpan6437" value="ⲧⲏⲣⲟⲩ"/>
		<feat xlink:href="#sSpan6443" value="ⲁⲓⲥⲱⲟⲩϩ"/>
		<feat xlink:href="#sSpan6451" value="ⲉϩⲟⲩⲛ"/>
		<feat xlink:href="#sSpan6455" value="ⲛⲛⲛⲉⲥⲛⲏⲩ"/>
		<feat xlink:href="#sSpan6464" value="ⲧⲏⲣⲟⲩ"/>
		<feat xlink:href="#sSpan6470" value="ⲉⲡⲉϩⲟⲟⲩ"/>
		<feat xlink:href="#sSpan6479" value="ⲉⲧⲟⲩⲁⲁⲃ"/>
		<feat xlink:href="#sSpan6485" value="ⲛⲧⲁⲡϫⲟⲉⲓⲥ"/>
		<feat xlink:href="#sSpan6496" value="ⲧⲁⲙⲓⲟϥ"/>
		<feat xlink:href="#sSpan6502" value="ⲙⲡⲉⲛⲥⲟⲛ"/>
		<feat xlink:href="#sSpan6512" value="ⲁⲡⲁ"/>
		<feat xlink:href="#sSpan6517" value="ⲫⲓϥ"/>
		<feat xlink:href="#sSpan6521" value="·"/>
		<feat xlink:href="#sSpan6525" value="ⲛⲧⲉⲣⲛⲥⲱⲟⲩϩ"/>
		<feat xlink:href="#sSpan6536" value="ⲇⲉ"/>
		<feat xlink:href="#sSpan6540" value="ⲉⲛⲉⲛⲉⲣⲏⲩ"/>
		<feat xlink:href="#sSpan6548" value="ϩⲛⲥⲟⲩϫⲟⲩⲧⲁϥⲧⲉ"/>
		<feat xlink:href="#sSpan6558" value="ⲙⲡⲁⲟⲡⲉ"/>
		<feat xlink:href="#sSpan6565" value="ⲁⲛⲣⲧⲉⲩϣⲏ"/>
		<feat xlink:href="#sSpan6578" value="ⲧⲏⲣⲥ"/>
		<feat xlink:href="#sSpan6584" value="ⲛⲥⲟⲩϫⲟⲩⲧⲏ"/>
		<feat xlink:href="#sSpan6594" value="ⲙⲡⲁⲟⲡⲉ"/>
		<feat xlink:href="#sSpan6601" value="ⲉⲛϣⲟⲟⲡ"/>
		<feat xlink:href="#sSpan6609" value="ϩⲛⲟⲩⲣⲁϣⲉ"/>
		<feat xlink:href="#sSpan6618" value="ⲙⲛⲟⲩⲟⲩⲣⲟⲧ"/>
		<feat xlink:href="#sSpan6627" value="ⲉⲛⲉⲓⲣⲉ"/>
		<feat xlink:href="#sSpan6636" value="ⲛϩⲉⲛⲛⲟϭ"/>
		<feat xlink:href="#sSpan6645" value="ⲛⲥⲩⲛⲁⲝⲓⲥ"/>
		<feat xlink:href="#sSpan6653" value="ⲙⲛϩⲉⲛⲯⲁⲗⲙⲟⲥ"/>
		<feat xlink:href="#sSpan6663" value="ϩⲛⲟⲩⲟⲩⲣⲟⲧ"/>
		<feat xlink:href="#sSpan6672" value="ⲁⲩⲱ"/>
		<feat xlink:href="#sSpan6676" value="ⲉⲛⲧⲉⲗⲏⲗ"/>
		<feat xlink:href="#sSpan6684" value="ϩⲙⲡⲉⲛⲡⲛⲉⲩⲙⲁ"/>
		<feat xlink:href="#sSpan6694" value="ⲛⲧⲉⲣⲉϩⲧⲟⲟⲩⲉ"/>
		<feat xlink:href="#sSpan6706" value="ⲇⲉ"/>
		<feat xlink:href="#sSpan6710" value="ϣⲱⲡⲉ"/>
		<feat xlink:href="#sSpan6714" value="ⲁϥⲙⲧⲟⲛ"/>
		<feat xlink:href="#sSpan6722" value="ⲙⲙⲟϥ"/>
		<feat xlink:href="#sSpan6728" value="ⲛϭⲓⲟⲩⲕⲟⲩⲓ"/>
		<feat xlink:href="#sSpan6737" value="ⲛⲥⲟⲛ"/>
		<feat xlink:href="#sSpan6743" value="ϫⲉⲍⲁⲭⲁⲣⲓⲁⲥ"/>
		<feat xlink:href="#sSpan6751" value="·"/>
		<feat xlink:href="#sSpan6755" value="ⲁⲩⲱ"/>
		<feat xlink:href="#sSpan6760" value="ⲡⲁⲓ"/>
		<feat xlink:href="#sSpan6764" value="ⲛⲉⲟⲩϣⲏⲣⲉ"/>
		<feat xlink:href="#sSpan6773" value="ⲡⲉ"/>
		<feat xlink:href="#sSpan6777" value="ⲉϥϩⲟⲗϭ"/>
		<feat xlink:href="#sSpan6785" value="ⲛⲛⲁϩⲣⲛⲟⲩⲟⲛ"/>
		<feat xlink:href="#sSpan6793" value="ⲛⲓⲙ"/>
		<feat xlink:href="#sSpan6797" value="ⲁⲩⲱ"/>
		<feat xlink:href="#sSpan6801" value="ⲛⲉⲣⲉⲡⲁⲉⲓⲱⲧ"/>
		<feat xlink:href="#sSpan6810" value="ⲙⲉ"/>
		<feat xlink:href="#sSpan6814" value="ⲙⲙⲟϥ"/>
		<feat xlink:href="#sSpan6820" value="ⲉⲙⲁⲧⲉ"/>
		<feat xlink:href="#sSpan6824" value="ⲉⲧⲃⲉⲛⲉϩⲃⲏⲩⲉ"/>
		<feat xlink:href="#sSpan6833" value="ⲉⲧⲛⲁⲛⲱⲟⲩ"/>
		<feat xlink:href="#sSpan6841" value="ⲉⲧⲉϥⲉⲓⲣⲉⲙ"/>
		<feat xlink:href="#sSpan6849" value="ⲙⲙⲟⲟⲩ"/>
		<feat xlink:href="#sSpan6855" value="·"/>
		<feat xlink:href="#sSpan6859" value="ⲁⲛϫⲓⲧϥ"/>
		<feat xlink:href="#sSpan6869" value="ⲉϩⲟⲩⲛ"/>
		<feat xlink:href="#sSpan6873" value="ⲉⲧⲉⲕⲕⲗⲏⲥⲓⲁ"/>
		<feat xlink:href="#sSpan6883" value="ⲁⲛⲉⲥⲛⲏⲩ"/>
		<feat xlink:href="#sSpan6892" value="ϭⲱ"/>
		<feat xlink:href="#sSpan6897" value="ⲉⲩⲙⲉⲗⲏⲧⲁ"/>
		<feat xlink:href="#sSpan6906" value="ⲉⲣⲟϥ"/>
		<feat xlink:href="#sSpan6912" value="ϣⲁⲛⲧⲟⲩⲕⲟⲥϥ"/>
		<feat xlink:href="#sSpan6922" value="·"/>
		<feat xlink:href="#sSpan6926" value="ⲉⲛⲉⲡⲛⲁⲩ"/>
		<feat xlink:href="#sSpan6940" value="ⲅⲁⲣ"/>
		<feat xlink:href="#sSpan6944" value="ⲛⲧϫⲡⲥⲟ"/>
		<feat xlink:href="#sSpan6953" value="ⲡⲉ"/>
		<feat xlink:href="#sSpan6957" value="·"/>
		<feat xlink:href="#sSpan6961" value="ⲛⲧⲉⲣⲟⲩⲕⲟⲥϥ"/>
		<feat xlink:href="#sSpan6974" value="ⲇⲉ"/>
		<feat xlink:href="#sSpan6978" value="ⲛⲧⲉⲩⲛⲟⲩ"/>
		<feat xlink:href="#sSpan6986" value="ⲁⲛ"/>
		<feat xlink:href="#sSpan6990" value="ⲧⲱⲟⲩⲛ"/>
		<feat xlink:href="#sSpan6994" value="ⲁⲛϣⲗⲏⲗ"/>
		<feat xlink:href="#sSpan7002" value="ϩⲓⲟⲩⲥⲟⲡ"/>
		<feat xlink:href="#sSpan7010" value="ⲁⲩⲱ"/>
		<feat xlink:href="#sSpan7014" value="ⲁⲡⲁⲉⲓⲱⲧ"/>
		<feat xlink:href="#sSpan7023" value="ⲧⲣⲛⲡⲁϩⲧⲛ"/>
		<feat xlink:href="#sSpan7033" value="ⲛⲟⲩⲛⲟϭ"/>
		<feat xlink:href="#sSpan7042" value="ⲛⲛⲁⲩ"/>
		<feat xlink:href="#sSpan7048" value="ⲉϫⲙⲡⲉⲛϩⲟ"/>
		<feat xlink:href="#sSpan7057" value="·"/>
		<feat xlink:href="#sSpan7061" value="ⲙⲛⲛⲥⲱⲥ"/>
		<feat xlink:href="#sSpan7069" value="ⲁϥⲧⲱⲟⲩⲛ"/>
		<feat xlink:href="#sSpan7077" value="ⲛϭⲓⲡⲁⲉⲓⲱⲧ"/>
		<feat xlink:href="#sSpan7086" value="ⲁϥⲁϩⲉⲣⲁⲧϥ"/>
		<feat xlink:href="#sSpan7098" value="ⲁⲩⲱ"/>
		<feat xlink:href="#sSpan7102" value="ⲡⲉϫⲁϥ"/>
		<feat xlink:href="#sSpan7108" value="ⲛⲛⲉⲥⲛⲏⲩ"/>
		<feat xlink:href="#sSpan7117" value="ϫⲉ"/>
		<feat xlink:href="#sSpan7121" value="·"/>
		<feat xlink:href="#sSpan7126" value="ⲁⲗⲏⲑⲱⲥ"/>
		<feat xlink:href="#sSpan7130" value="ⲣⲱⲙⲉ"/>
		<feat xlink:href="#sSpan7135" value="ⲛⲓⲙ"/>
		<feat xlink:href="#sSpan7139" value="ⲛⲧⲁϥⲡⲁϩⲧϥ"/>
		<feat xlink:href="#sSpan7151" value="ⲙⲡⲉⲓⲙⲁ"/>
		<feat xlink:href="#sSpan7160" value="ⲙⲡϩⲟⲟⲩ"/>
		<feat xlink:href="#sSpan7169" value="ⲁⲡⲛⲟⲩⲧⲉ"/>
		<feat xlink:href="#sSpan7178" value="ⲕⲁⲛⲉⲩⲛⲟⲃⲉ"/>
		<feat xlink:href="#sSpan7187" value="ⲛⲁⲩ"/>
		<feat xlink:href="#sSpan7193" value="ⲉⲃⲟⲗ"/>
		<feat xlink:href="#sSpan7197" value="ⲛⲧϩⲉ"/>
		<feat xlink:href="#sSpan7205" value="ⲙⲡⲉϩⲟⲟⲩ"/>
		<feat xlink:href="#sSpan7214" value="ⲛⲧⲁⲩϫⲡⲟⲟⲩ"/>
		<feat xlink:href="#sSpan7226" value="ⲛϩⲏⲧϥ"/>
		<feat xlink:href="#sSpan7232" value="·"/>
		<feat xlink:href="#sSpan7237" value="ϩⲟⲓⲛⲉ"/>
		<feat xlink:href="#sSpan7244" value="ⲇⲉ"/>
		<feat xlink:href="#sSpan7248" value="ⲛⲛⲉⲥⲛⲏⲩ"/>
		<feat xlink:href="#sSpan7257" value="ⲁⲩⲇⲓⲥⲧⲁⲍⲉ"/>
		<feat xlink:href="#sSpan7267" value="ϩⲉⲛⲕⲟⲟⲩⲉ"/>
		<feat xlink:href="#sSpan7274" value="ⲇⲉ"/>
		<feat xlink:href="#sSpan7278" value="ⲁⲩⲡⲓⲥⲧⲉⲩⲉ"/>
		<feat xlink:href="#sSpan7287" value="ⲛⲁϥ"/>
		<feat xlink:href="#sSpan7293" value="·"/>
		<feat xlink:href="#sSpan7297" value="ⲁϥϥⲟϭϥ"/>
		<feat xlink:href="#sSpan7310" value="ⲇⲉ"/>
		<feat xlink:href="#sSpan7314" value="ⲉϩⲣⲁⲓ"/>
		<feat xlink:href="#sSpan7318" value="ⲉⲃⲟⲗ"/>
		<feat xlink:href="#sSpan7322" value="ⲙⲙⲟϥ"/>
		<feat xlink:href="#sSpan7328" value="·"/>
		<feat xlink:href="#sSpan7332" value="ⲁϥⲧⲱⲟⲩⲛ"/>
		<feat xlink:href="#sSpan7340" value="ⲁϥⲁϩⲉⲣⲁⲧϥ"/>
		<feat xlink:href="#sSpan7352" value="ⲁϥⲙⲟⲟϣⲉ"/>
		<feat xlink:href="#sSpan7361" value="ⲉⲡⲉⲓⲥⲁ"/>
		<feat xlink:href="#sSpan7370" value="ⲙⲛⲡⲁⲓ"/>
		<feat xlink:href="#sSpan7377" value="·"/>
		<feat xlink:href="#sSpan7381" value="ⲙⲙⲟⲛ"/>
		<feat xlink:href="#sSpan7389" value="ⲁϥⲱϣ"/>
		<feat xlink:href="#sSpan7398" value="ⲉⲃⲟⲗ"/>
		<feat xlink:href="#sSpan7402" value="ϫⲉ"/>
		<feat xlink:href="#sSpan7406" value="·"/>
		<feat xlink:href="#sSpan7411" value="ⲟⲩⲁ"/>
		<feat xlink:href="#sSpan7417" value="ⲡⲉⲡⲛⲟⲩⲧⲉ"/>
		<feat xlink:href="#sSpan7426" value="ⲡⲉⲭⲣⲓⲥⲧⲟⲥ"/>
		<feat xlink:href="#sSpan7434" value="ⲓⲏⲥⲟⲩⲥ"/>
		<feat xlink:href="#sSpan7438" value="ⲡⲉⲛϫⲟⲉⲓⲥ"/>
		<feat xlink:href="#sSpan7444" value="·"/>
		<feat xlink:href="#sSpan7448" value="ⲁⲩⲣϣⲡⲏⲣⲉ"/>
		<feat xlink:href="#sSpan7458" value="ⲛϭⲓⲟⲩⲟⲛ"/>
		<feat xlink:href="#sSpan7466" value="ⲛⲓⲙ"/>
		<feat xlink:href="#sSpan7470" value="ⲉⲧⲁϩⲉⲣⲁⲧⲟⲩ"/>
		<feat xlink:href="#sSpan7480" value="ⲁⲩⲱ"/>
		<feat xlink:href="#sSpan7484" value="ⲡⲉϫⲁϥ"/>
		<feat xlink:href="#sSpan7490" value="ϫⲉ"/>
		<feat xlink:href="#sSpan7494" value="·"/>
		<feat xlink:href="#sSpan7499" value="ⲡⲓⲥⲧⲉⲩⲉ"/>
		<feat xlink:href="#sSpan7503" value="ⲛⲁⲓ"/>
		<feat xlink:href="#sSpan7510" value="ⲱ"/>
		<feat xlink:href="#sSpan7514" value="ⲡⲗⲁⲟⲥ"/>
		<feat xlink:href="#sSpan7522" value="ⲙⲙⲁⲓⲛⲟⲩⲧⲉ"/>
		<feat xlink:href="#sSpan7531" value="ϫⲉⲟⲩⲟⲛ"/>
		<feat xlink:href="#sSpan7539" value="ⲛⲓⲙ"/>
		<feat xlink:href="#sSpan7543" value="ⲉⲧⲁϩⲉⲣⲁⲧⲟⲩ"/>
		<feat xlink:href="#sSpan7553" value="ⲙⲡⲉⲓⲙⲁ"/>
		<feat xlink:href="#sSpan7562" value="ⲙⲡϩⲟⲟⲩ"/>
		<feat xlink:href="#sSpan7571" value="ⲁⲡⲛⲟⲩⲧⲉ"/>
		<feat xlink:href="#sSpan7580" value="ⲕⲁⲛⲉⲩⲛⲟⲃⲉ"/>
		<feat xlink:href="#sSpan7589" value="ⲛⲁⲩ"/>
		<feat xlink:href="#sSpan7595" value="ⲉⲃⲟⲗ"/>
		<feat xlink:href="#sSpan7599" value="ⲛⲧϩⲉ"/>
		<feat xlink:href="#sSpan7607" value="ⲙⲡⲉϩⲟⲟⲩ"/>
		<feat xlink:href="#sSpan7616" value="ⲛⲧⲁⲩϫⲡⲟⲟⲩ"/>
		<feat xlink:href="#sSpan7628" value="ⲛϩⲏⲧϥ"/>
		<feat xlink:href="#sSpan7634" value="·"/>
		<feat xlink:href="#sSpan7638" value="ⲁⲩⲱ"/>
		<feat xlink:href="#sSpan7642" value="ⲡⲉⲧⲛⲁⲡⲁϩⲧϥ"/>
		<feat xlink:href="#sSpan7657" value="ⲙⲡⲉⲓⲙⲁ"/>
		<feat xlink:href="#sSpan7666" value="ⲙⲡϩⲟⲟⲩ"/>
		<feat xlink:href="#sSpan7675" value="ⲥⲉⲛⲁⲕⲁ"/>
		<feat xlink:href="#sSpan7684" value="ⲛⲉⲩⲛⲟⲃⲉ"/>
		<feat xlink:href="#sSpan7690" value="ⲛⲁⲩ"/>
		<feat xlink:href="#sSpan7696" value="ⲉⲃⲟⲗ"/>
		<feat xlink:href="#sSpan7700" value="ϩⲙⲡⲣⲁⲛ"/>
		<feat xlink:href="#sSpan7709" value="ⲙⲡⲉⲛⲥⲟⲛ"/>
		<feat xlink:href="#sSpan7719" value="ⲁⲡⲁ"/>
		<feat xlink:href="#sSpan7725" value="ⲫⲓϥ"/>
		<feat xlink:href="#sSpan7729" value="·"/>
		<feat xlink:href="#sSpan7734" value="ⲡⲉⲓⲙⲩⲥⲧⲏⲣⲓⲟⲛ"/>
		<feat xlink:href="#sSpan7742" value="ⲟⲩⲛⲟϭ"/>
		<feat xlink:href="#sSpan7748" value="ⲡⲉ"/>
		<feat xlink:href="#sSpan7753" value="ⲱ"/>
		<feat xlink:href="#sSpan7758" value="ⲛⲁⲥⲛⲏⲩ"/>
		<feat xlink:href="#sSpan7764" value="ⲁⲩⲱ"/>
		<feat xlink:href="#sSpan7768" value="ⲛⲁⲉⲓⲟⲟⲧⲉ"/>
		<feat xlink:href="#sSpan7775" value="ⲙⲙⲁⲓⲛⲟⲩⲧⲉ"/>
		<feat xlink:href="#sSpan7783" value="·"/>
		<feat xlink:href="#sSpan7787" value="ⲛⲧⲉⲣϥϫⲉⲛⲁⲓ"/>
		<feat xlink:href="#sSpan7801" value="ⲇⲉ"/>
		<feat xlink:href="#sSpan7805" value="ⲁϥⲛⲕⲟⲧⲕ"/>
		<feat xlink:href="#sSpan7813" value="ⲁⲩⲱ"/>
		<feat xlink:href="#sSpan7817" value="ⲛⲧⲉⲩⲛⲟⲩ"/>
		<feat xlink:href="#sSpan7826" value="ⲛⲉϩⲃⲟⲟⲥ"/>
		<feat xlink:href="#sSpan7832" value="ϭⲗⲟⲙⲗⲙ"/>
		<feat xlink:href="#sSpan7836" value="ⲉϩⲟⲩⲛ"/>
		<feat xlink:href="#sSpan7840" value="ⲉⲣⲟϥ"/>
		<feat xlink:href="#sSpan7846" value="ⲛⲕⲉⲥⲟⲡ"/>
		<feat xlink:href="#sSpan7855" value="·"/>
		<feat xlink:href="#sSpan7859" value="ⲁⲩⲣϣⲡⲏⲣⲉ"/>
		<feat xlink:href="#sSpan7872" value="ⲇⲉ"/>
		<feat xlink:href="#sSpan7876" value="ⲛϭⲓⲙⲙⲏⲏϣⲉ"/>
		<feat xlink:href="#sSpan7885" value="ⲉⲧⲛⲁⲩ"/>
		<feat xlink:href="#sSpan7891" value="ⲉⲣⲟϥ"/>
		<feat xlink:href="#sSpan7897" value="ⲁⲩⲱ"/>
		<feat xlink:href="#sSpan7901" value="ⲁⲡⲉⲩϩⲏⲧ"/>
		<feat xlink:href="#sSpan7910" value="ⲧⲁϫⲣⲟ"/>
		<feat xlink:href="#sSpan7914" value="ⲉⲣⲟⲟⲩ"/>
		<feat xlink:href="#sSpan7920" value="ⲁⲩⲉⲓⲙⲉ"/>
		<feat xlink:href="#sSpan7928" value="ⲉⲧⲃⲉⲧⲙⲉⲧⲁⲛⲟⲓⲁ"/>
		<feat xlink:href="#sSpan7939" value="ϫⲉⲟⲩⲉⲃⲟⲗ"/>
		<feat xlink:href="#sSpan7948" value="ϩⲓⲧⲙⲡⲛⲟⲩⲧⲉ"/>
		<feat xlink:href="#sSpan7956" value="ⲧⲉ"/>
		<feat xlink:href="#sSpan7960" value="ⲁⲩⲱ"/>
		<feat xlink:href="#sSpan7964" value="ϫⲉⲧⲇⲱⲣⲉⲁ"/>
		<feat xlink:href="#sSpan7975" value="ⲙⲡⲕⲁⲛⲟⲃⲉ"/>
		<feat xlink:href="#sSpan7986" value="ⲉⲃⲟⲗ"/>
		<feat xlink:href="#sSpan7990" value="ⲁⲡⲛⲟⲩⲧⲉ"/>
		<feat xlink:href="#sSpan8000" value="ⲭⲁⲣⲓⲍⲉ"/>
		<feat xlink:href="#sSpan8004" value="ⲙⲙⲟⲥ"/>
		<feat xlink:href="#sSpan8010" value="ⲙⲡⲉⲛⲥⲟⲛ"/>
		<feat xlink:href="#sSpan8020" value="ⲁⲡⲁ"/>
		<feat xlink:href="#sSpan8025" value="ⲫⲓϥ"/>
		<feat xlink:href="#sSpan8029" value="ⲉⲩⲉⲟⲟⲩ"/>
		<feat xlink:href="#sSpan8038" value="ⲛⲧⲉⲧⲣⲓⲁⲥ"/>
		<feat xlink:href="#sSpan8048" value="ⲉⲧⲟⲩⲁⲁⲃ"/>
		<feat xlink:href="#sSpan8054" value="ⲡⲉⲓⲱⲧ"/>
		<feat xlink:href="#sSpan8060" value="ⲙⲛⲡϣⲏⲣⲉ"/>
		<feat xlink:href="#sSpan8068" value="ⲙⲛⲡⲉⲡⲛⲉⲩⲙⲁ"/>
		<feat xlink:href="#sSpan8077" value="ⲉⲧⲟⲩⲁⲁⲃ"/>
		<feat xlink:href="#sSpan8083" value="ϣⲁⲉⲛⲉϩ"/>
		<feat xlink:href="#sSpan8090" value="ⲛⲉⲛⲉϩ"/>
		<feat xlink:href="#sSpan8096" value="ϥⲑ"/>
		<feat xlink:href="#sSpan8100" value="·"/></featList></paula>