<?xml version='1.0' encoding='UTF-8'?><!DOCTYPE paula SYSTEM "paula_feat.dtd">
<paula version="1.1">
	<header paula_id="scriptorium.life.phib.02.mark_persName_type"/>
	<featList xmlns:xlink="http://www.w3.org/1999/xlink" type="persName_type" xml:base="scriptorium.life.phib.02.mark.xml">
		<feat xlink:href="#sSpan66" value="monk"/>
		<feat xlink:href="#sSpan524" value="monk"/>
		<feat xlink:href="#sSpan826" value="monk"/>
		<feat xlink:href="#sSpan1137" value="biblical"/>
		<feat xlink:href="#sSpan1718" value="monk"/>
		<feat xlink:href="#sSpan1990" value="biblical"/>
		<feat xlink:href="#sSpan2062" value="biblical"/>
		<feat xlink:href="#sSpan2257" value="monk"/>
		<feat xlink:href="#sSpan3209" value="monk"/>
		<feat xlink:href="#sSpan3961" value="monk"/>
		<feat xlink:href="#sSpan5254" value="monk"/>
		<feat xlink:href="#sSpan5757" value="arch_angel"/>
		<feat xlink:href="#sSpan5828" value="arch_angel"/>
		<feat xlink:href="#sSpan5855" value="monk"/>
		<feat xlink:href="#sSpan6151" value="monk"/>
		<feat xlink:href="#sSpan6514" value="monk"/>
		<feat xlink:href="#sSpan6745" value="monk"/>
		<feat xlink:href="#sSpan7722" value="monk"/>
		<feat xlink:href="#sSpan8022" value="monk"/></featList></paula>