<?xml version='1.0' encoding='UTF-8'?><!DOCTYPE paula SYSTEM "paula_feat.dtd">
<paula version="1.1">
	<header paula_id="scriptorium.life.phib.02.mark_text"/>
	<featList xmlns:xlink="http://www.w3.org/1999/xlink" type="text" xml:base="scriptorium.life.phib.02.mark.xml">
		<feat xlink:href="#sSpan30" value="ⲡ ⲙⲁ ⲉⲧ ⲙⲙⲁⲩ"/>
		<feat xlink:href="#sSpan55" value="ⲡ ⲧⲟⲟⲩ ⲛ ⲁⲡⲁ ⲡⲁⲙⲓⲛ"/>
		<feat xlink:href="#sSpan65" value="ⲁⲡⲁ ⲡⲁⲙⲓⲛ"/>
		<feat xlink:href="#sSpan91" value="ϩⲉⲛ ⲕⲟⲩⲓ ⲛ ϩⲟⲟⲩ"/>
		<feat xlink:href="#sSpan106" value="ⲛⲉ ⲥⲛⲏⲩ"/>
		<feat xlink:href="#sSpan162" value="ⲡ ⲥⲱⲧⲏⲣ"/>
		<feat xlink:href="#sSpan181" value="ⲡⲉⲛ ⲉⲓⲱⲧ"/>
		<feat xlink:href="#sSpan222" value="ⲧ ⲉⲓⲣⲏⲛⲏ"/>
		<feat xlink:href="#sSpan243" value="ⲡⲁ ϣⲃⲏⲣ ⲙⲉⲗⲟⲥ ⲉⲧ ⲧⲁⲓⲏⲩ ⲡ ⲙⲉⲣⲓⲧ ⲙ ⲡⲁ ⲉⲓⲱⲧ"/>
		<feat xlink:href="#sSpan269" value="ⲡⲁ ⲉⲓⲱⲧ"/>
		<feat xlink:href="#sSpan289" value="ⲡⲉ ⲟⲩⲟⲉⲓϣ"/>
		<feat xlink:href="#sSpan317" value="ⲡⲁ ⲉⲟⲟⲩ"/>
		<feat xlink:href="#sSpan326" value="ⲡⲁ ⲣⲁⲛ"/>
		<feat xlink:href="#sSpan352" value="ⲡ ⲕⲁϩ"/>
		<feat xlink:href="#sSpan386" value="ⲡ ⲧⲟⲟⲩ"/>
		<feat xlink:href="#sSpan395" value="ⲧ ⲕⲟⲟϩ"/>
		<feat xlink:href="#sSpan412" value="ⲡ ⲙⲁ ⲉⲧ ⲙⲙⲁⲩ"/>
		<feat xlink:href="#sSpan446" value="ⲡⲁ ⲉⲓⲱⲧ"/>
		<feat xlink:href="#sSpan468" value="ⲕⲗⲏⲣⲟⲛⲟⲙⲓⲁ"/>
		<feat xlink:href="#sSpan480" value="ⲡⲁⲓ"/>
		<feat xlink:href="#sSpan502" value="ⲛ ⲕⲉⲉⲥ ⲙ ⲡⲉⲕ ϣⲃⲏⲣ ⲙⲉⲗⲟⲥ ⲁⲡⲁ ⲫⲓϥ"/>
		<feat xlink:href="#sSpan511" value="ⲡⲉⲕ ϣⲃⲏⲣ ⲙⲉⲗⲟⲥ ⲁⲡⲁ ⲫⲓϥ"/>
		<feat xlink:href="#sSpan551" value="ⲡ ⲙⲁ ⲉⲧ ⲙⲙⲁⲩ"/>
		<feat xlink:href="#sSpan586" value="ⲡ ⲥⲱⲧⲏⲣ"/>
		<feat xlink:href="#sSpan608" value="ⲩ ⲣⲱⲙⲉ"/>
		<feat xlink:href="#sSpan635" value="ⲡ ⲣⲟⲟⲩϣ ⲛ ϯ ⲟⲓⲕⲟⲛⲟⲙⲓⲁ ⲛ ϯ ⲙⲓⲛⲉ"/>
		<feat xlink:href="#sSpan644" value="ϯ ⲟⲓⲕⲟⲛⲟⲙⲓⲁ ⲛ ϯ ⲙⲓⲛⲉ"/>
		<feat xlink:href="#sSpan677" value="ⲟⲩ ⲣⲱⲙⲉ ⲉ ϥ ⲧⲥⲧⲏⲩ ⲉⲃⲟⲗ ϩⲛ ⲛⲁ ϩⲃⲏⲩⲉ ⲧⲏⲣ ⲟⲩ"/>
		<feat xlink:href="#sSpan699" value="ⲛⲁ ϩⲃⲏⲩⲉ ⲧⲏⲣ ⲟⲩ"/>
		<feat xlink:href="#sSpan728" value="ⲡⲁ ϫⲟⲉⲓⲥ"/>
		<feat xlink:href="#sSpan765" value="ⲡⲉⲓ ϩⲱⲃ"/>
		<feat xlink:href="#sSpan790" value="ⲡ ⲥⲱⲧⲏⲣ"/>
		<feat xlink:href="#sSpan823" value="ⲡⲁ ⲥⲱⲧⲡ ⲁⲡⲟⲗⲗⲱ"/>
		<feat xlink:href="#sSpan839" value="ⲡⲉⲓ ϩⲱⲃ ⲡⲁⲓ"/>
		<feat xlink:href="#sSpan852" value="ⲡⲁ ⲉⲓⲱⲧ"/>
		<feat xlink:href="#sSpan891" value="ⲡⲉⲕ ⲣⲁⲛ"/>
		<feat xlink:href="#sSpan900" value="ⲡ ⲙⲁ ⲉⲧ ⲙⲙⲁⲩ"/>
		<feat xlink:href="#sSpan942" value="ⲡⲉⲓ ⲕⲟⲥⲙⲟⲛ ⲉⲃⲟⲗ ϩⲓⲧⲙ ⲡⲁ ⲉⲓⲱⲧ"/>
		<feat xlink:href="#sSpan956" value="ⲡⲁ ⲉⲓⲱⲧ"/>
		<feat xlink:href="#sSpan979" value="ⲟⲩ ⲙⲛⲧϣⲁⲛϩⲧⲏϥ"/>
		<feat xlink:href="#sSpan996" value="ⲡⲁ ϣⲏⲣⲉ"/>
		<feat xlink:href="#sSpan1041" value="ⲡ ⲕⲟⲥⲙⲟⲥ ⲉⲧ ⲙⲏϩ ⲛ ϩⲓⲥⲉ ϩⲓ ⲁϣⲁϩⲟⲙ"/>
		<feat xlink:href="#sSpan1057" value="ϩⲓⲥⲉ"/>
		<feat xlink:href="#sSpan1065" value="ⲁϣⲁϩⲟⲙ"/>
		<feat xlink:href="#sSpan1077" value="ⲡ ϩⲓⲥⲉ ⲙ ⲡⲉⲕ ⲥⲕⲩⲗⲙⲟⲥ"/>
		<feat xlink:href="#sSpan1086" value="ⲡⲉⲕ ⲥⲕⲩⲗⲙⲟⲥ"/>
		<feat xlink:href="#sSpan1099" value="ⲡⲁ ϣⲏⲣⲉ ⲡⲉ ϩⲟⲟⲩ ⲉⲧ ⲟⲩ ⲛⲁ ϫⲡⲟ ⲕ ⲛϩⲏⲧ ϥ"/>
		<feat xlink:href="#sSpan1138" value="ⲧ ⲡⲁⲣⲑⲉⲛⲟⲥ ⲉⲧ ⲟⲩⲁⲁⲃ ⲙⲁⲣⲓⲁ"/>
		<feat xlink:href="#sSpan1171" value="ⲉⲗⲉⲩⲑⲉⲣⲓⲁ ⲛ ⲕⲁⲛⲟⲃⲉ"/>
		<feat xlink:href="#sSpan1179" value="ⲕⲁⲛⲟⲃⲉ"/>
		<feat xlink:href="#sSpan1191" value="ⲡ ⲕⲟⲥⲙⲟⲥ"/>
		<feat xlink:href="#sSpan1204" value="ⲟⲩⲟⲛ ⲛⲓⲙ ⲉⲧ ⲛⲁ ⲡⲓⲥⲧⲉⲩⲉ ⲉ ⲡⲉⲕ ⲥⲧⲁⲩⲣⲟⲥ ⲙⲛ ⲧ ⲁⲛⲁⲥⲧⲁⲥⲓⲥ ⲛ ⲧⲉⲕ ⲥⲁⲣⲝ"/>
		<feat xlink:href="#sSpan1224" value="ⲡⲉⲕ ⲥⲧⲁⲩⲣⲟⲥ"/>
		<feat xlink:href="#sSpan1234" value="ⲧ ⲁⲛⲁⲥⲧⲁⲥⲓⲥ ⲛ ⲧⲉⲕ ⲥⲁⲣⲝ"/>
		<feat xlink:href="#sSpan1244" value="ⲧⲉⲕ ⲥⲁⲣⲝ"/>
		<feat xlink:href="#sSpan1287" value="ⲡⲁ ⲙⲉⲣⲓⲧ ⲛ ϣⲏⲣⲉ"/>
		<feat xlink:href="#sSpan1296" value="ϣⲏⲣⲉ"/>
		<feat xlink:href="#sSpan1309" value="ⲡⲉ ϩⲟⲟⲩ ⲛ ⲧⲉⲕ ⲁⲛⲁⲥⲧⲁⲥⲓⲥ ⲉⲧ ϩⲁ ⲉⲟⲟⲩ"/>
		<feat xlink:href="#sSpan1318" value="ⲧⲉⲕ ⲁⲛⲁⲥⲧⲁⲥⲓⲥ ⲉⲧ ϩⲁ ⲉⲟⲟⲩ"/>
		<feat xlink:href="#sSpan1356" value="ⲉⲗⲉⲩⲑⲉⲣⲓⲁ"/>
		<feat xlink:href="#sSpan1363" value="ⲛ ⲟⲩϫⲁⲓ"/>
		<feat xlink:href="#sSpan1374" value="ⲛ ⲕⲁⲛⲟⲃⲉ"/>
		<feat xlink:href="#sSpan1392" value="ⲡ ⲕⲟⲥⲙⲟⲥ ⲧⲏⲣ ϥ"/>
		<feat xlink:href="#sSpan1423" value="ⲟⲩ ⲧⲟⲡⲟⲥ"/>
		<feat xlink:href="#sSpan1441" value="ⲡ ⲕⲁϩ"/>
		<feat xlink:href="#sSpan1450" value="ⲧ ϩⲁⲏ ⲛ ⲛⲉ ⲟⲩⲟⲉⲓϣ ⲛⲧ ⲁ ⲕⲱ ⲛϩⲏⲧ ϥ ⲛ ⲟⲩ ⲙⲉⲧⲁⲛⲟⲓⲁ ⲛ ⲟⲩϫⲁⲓ ⲙⲛ ⲟⲩ ϣⲁ ⲛ ⲛⲁ ⲡ ⲉⲧ ⲟⲩⲁⲁⲃ ϩⲙ ⲡ ⲕⲟⲥⲙⲟⲥ ⲧⲏⲣ ϥ ⲙⲛ ⲟⲩ ⲕⲁⲛⲟⲃⲉ ⲉⲃⲟⲗ ⲛ ⲟⲩⲟⲛ ⲛⲓⲙ ⲉⲧ ⲛⲁ ⲡⲓⲥⲧⲉⲩⲉ ⲉ ⲡⲉⲕ ⲣⲁⲛ"/>
		<feat xlink:href="#sSpan1459" value="ⲛⲉ ⲟⲩⲟⲉⲓϣ"/>
		<feat xlink:href="#sSpan1483" value="ⲟⲩ ⲙⲉⲧⲁⲛⲟⲓⲁ ⲛ ⲟⲩϫⲁⲓ"/>
		<feat xlink:href="#sSpan1493" value="ⲟⲩϫⲁⲓ"/>
		<feat xlink:href="#sSpan1500" value="ⲟⲩ ϣⲁ ⲛ ⲛⲁ ⲡ ⲉⲧ ⲟⲩⲁⲁⲃ"/>
		<feat xlink:href="#sSpan1509" value="ⲛⲁ ⲡ ⲉⲧ ⲟⲩⲁⲁⲃ"/>
		<feat xlink:href="#sSpan1512" value="ⲡ ⲉⲧ ⲟⲩⲁⲁⲃ"/>
		<feat xlink:href="#sSpan1523" value="ⲡ ⲕⲟⲥⲙⲟⲥ ⲧⲏⲣ ϥ"/>
		<feat xlink:href="#sSpan1539" value="ⲟⲩ ⲕⲁⲛⲟⲃⲉ"/>
		<feat xlink:href="#sSpan1555" value="ⲟⲩⲟⲛ ⲛⲓⲙ ⲉⲧ ⲛⲁ ⲡⲓⲥⲧⲉⲩⲉ ⲉ ⲡⲉⲕ ⲣⲁⲛ"/>
		<feat xlink:href="#sSpan1575" value="ⲡⲉⲕ ⲣⲁⲛ"/>
		<feat xlink:href="#sSpan1586" value="ⲧ ⲇⲱⲣⲉⲁ ϭⲉ ⲛⲧ ⲁ ⲡⲁ ⲉⲓⲱⲧ ⲧⲁⲁ ⲥ ⲛⲁ ⲓ"/>
		<feat xlink:href="#sSpan1604" value="ⲡⲁ ⲉⲓⲱⲧ"/>
		<feat xlink:href="#sSpan1669" value="ⲡ ⲙⲁ ⲉⲧ ⲙⲙⲁⲩ"/>
		<feat xlink:href="#sSpan1690" value="ⲡ ⲣⲁⲛ ⲙ ⲡⲉⲕ ϣⲃⲏⲣ ⲙⲉⲗⲟⲥ ⲉⲧ ⲟⲩⲁⲁⲃ ⲁⲡⲁ ⲫⲓϥ"/>
		<feat xlink:href="#sSpan1699" value="ⲡⲉⲕ ϣⲃⲏⲣ ⲙⲉⲗⲟⲥ ⲉⲧ ⲟⲩⲁⲁⲃ ⲁⲡⲁ ⲫⲓϥ"/>
		<feat xlink:href="#sSpan1767" value="ⲙⲁ ⲛⲓⲙ"/>
		<feat xlink:href="#sSpan1792" value="ⲟⲩ ⲛⲟϭ ⲛ ⲣⲁⲛ ⲛ ⲥⲟⲉⲓⲧ"/>
		<feat xlink:href="#sSpan1807" value="ⲥⲟⲉⲓⲧ"/>
		<feat xlink:href="#sSpan1822" value="ⲛ ⲗⲁⲟⲥ ⲧⲏⲣ ⲟⲩ"/>
		<feat xlink:href="#sSpan1848" value="ⲇⲱⲣⲟⲛ"/>
		<feat xlink:href="#sSpan1861" value="ⲡⲉⲕ ⲧⲟⲡⲟⲥ"/>
		<feat xlink:href="#sSpan1879" value="ⲡⲉⲕ ⲙⲁ ⲉⲧ ⲟⲩⲁⲁⲃ"/>
		<feat xlink:href="#sSpan1896" value="ⲛ ⲗⲁⲟⲥ ⲧⲏⲣ ⲟⲩ"/>
		<feat xlink:href="#sSpan1948" value="ⲡ ⲧⲟⲟⲩ ⲙ ⲡ ϫⲟⲉⲓⲥ"/>
		<feat xlink:href="#sSpan1957" value="ⲡ ϫⲟⲉⲓⲥ"/>
		<feat xlink:href="#sSpan1974" value="ⲡ ⲏⲓ ⲙ ⲡ ⲛⲟⲩⲧⲉ ⲛ ⲓⲁⲕⲱⲃ"/>
		<feat xlink:href="#sSpan1983" value="ⲡ ⲛⲟⲩⲧⲉ"/>
		<feat xlink:href="#sSpan1994" value="ⲓⲁⲕⲱⲃ"/>
		<feat xlink:href="#sSpan2017" value="ⲧⲉϥ ϩⲓⲏ"/>
		<feat xlink:href="#sSpan2063" value="ⲏⲥⲁⲓⲁⲥ ⲡⲉ ⲡⲣⲟⲫⲏⲧⲏⲥ"/>
		<feat xlink:href="#sSpan2108" value="ⲟⲩ ⲑⲩⲥⲓⲁⲥⲧⲏⲣⲓⲟⲛ"/>
		<feat xlink:href="#sSpan2124" value="ⲡ ϫⲟⲉⲓⲥ"/>
		<feat xlink:href="#sSpan2133" value="ⲧⲉ ⲭⲱⲣⲁ ⲛ ⲕⲏⲙⲉ"/>
		<feat xlink:href="#sSpan2143" value="ⲕⲏⲙⲉ"/>
		<feat xlink:href="#sSpan2152" value="ⲟⲩ ⲥⲧⲩⲗⲏ ϩⲁϩⲧⲛ ⲛⲉⲥ ⲧⲟϣ ⲙ ⲡ ϫⲟⲉⲓⲥ"/>
		<feat xlink:href="#sSpan2161" value="ⲛⲉⲥ ⲧⲟϣ ⲙ ⲡ ϫⲟⲉⲓⲥ"/>
		<feat xlink:href="#sSpan2170" value="ⲡ ϫⲟⲉⲓⲥ"/>
		<feat xlink:href="#sSpan2181" value="ⲡ ⲧⲟⲡⲟⲥ ϭⲉ ⲛⲧ ⲁ ⲓ ⲭⲁⲣⲓⲍⲉ ⲙⲙⲟ ϥ ⲛⲁ ⲕ"/>
		<feat xlink:href="#sSpan2221" value="ⲡⲉ ⲑⲩⲥⲓⲁⲥⲧⲏⲣⲓⲟⲛ"/>
		<feat xlink:href="#sSpan2234" value="ⲧⲉ ⲥⲧⲩⲗⲏ"/>
		<feat xlink:href="#sSpan2247" value="ⲡ ⲥⲱⲙⲁ ⲙ ⲡⲁ ϩⲙϩⲁⲗ ⲁⲛⲟⲩⲡ"/>
		<feat xlink:href="#sSpan2258" value="ⲡⲁ ϩⲙϩⲁⲗ ⲁⲛⲟⲩⲡ"/>
		<feat xlink:href="#sSpan2294" value="ⲛ ⲉⲧ ⲛⲁ ϣⲱⲡⲉ ⲧⲏⲣ ⲟⲩ ⲙⲙⲟ ⲕ"/>
		<feat xlink:href="#sSpan2319" value="ⲡ ϣⲟϫⲛⲉ ⲧⲏⲣ ϥ ⲙ ⲡⲁ ⲉⲓⲱⲧ"/>
		<feat xlink:href="#sSpan2334" value="ⲡⲁ ⲉⲓⲱⲧ"/>
		<feat xlink:href="#sSpan2363" value="ⲛ ⲉⲛⲧ ⲁ ⲓ ϫⲟⲟ ⲩ ⲛⲁ ⲕ"/>
		<feat xlink:href="#sSpan2393" value="ϩⲏⲧ ⲥⲛⲁⲩ"/>
		<feat xlink:href="#sSpan2416" value="ϩⲉⲛ ⲛⲟϭ ⲛ ⲥⲙⲟⲩ"/>
		<feat xlink:href="#sSpan2438" value="ⲡⲉⲕ ⲧⲟⲡⲟⲥ"/>
		<feat xlink:href="#sSpan2449" value="ⲥⲙⲟⲧ ⲛⲓⲙ"/>
		<feat xlink:href="#sSpan2476" value="ⲛⲉⲕ ϣⲏⲣⲉ"/>
		<feat xlink:href="#sSpan2485" value="ⲛ ϥⲁⲓⲗⲁⲙⲡⲁⲥ ⲙ ⲡⲉ ⲭⲣⲓⲥⲧⲟⲥ"/>
		<feat xlink:href="#sSpan2497" value="ⲡⲉ ⲭⲣⲓⲥⲧⲟⲥ"/>
		<feat xlink:href="#sSpan2510" value="ⲟⲩⲟⲛ ⲛⲓⲙ ⲉⲧ ⲛⲁ ϩⲁⲣⲉϩ ⲉ ⲛⲉⲕ ⲉⲛⲧⲟⲗⲏ"/>
		<feat xlink:href="#sSpan2529" value="ⲛⲉⲕ ⲉⲛⲧⲟⲗⲏ"/>
		<feat xlink:href="#sSpan2560" value="ϣⲏⲣⲉ"/>
		<feat xlink:href="#sSpan2567" value="ⲧⲁ ⲙⲛⲧⲣⲣⲟ"/>
		<feat xlink:href="#sSpan2581" value="ⲟⲩⲟⲛ ⲛⲓⲙ ⲉⲧ ⲛⲁ ϭⲱ"/>
		<feat xlink:href="#sSpan2614" value="ⲧ ϭⲓⲛⲣϩⲱⲃ"/>
		<feat xlink:href="#sSpan2626" value="ⲧⲉⲕ ϭⲓⲛϣⲙϣⲉ"/>
		<feat xlink:href="#sSpan2651" value="ϣⲏⲣⲉ"/>
		<feat xlink:href="#sSpan2658" value="ⲡ ⲏⲓ ⲙ ⲡⲁ ⲉⲓⲱⲧ"/>
		<feat xlink:href="#sSpan2667" value="ⲡⲁ ⲉⲓⲱⲧ"/>
		<feat xlink:href="#sSpan2697" value="ⲡⲁ ⲉⲓⲱⲧ"/>
		<feat xlink:href="#sSpan2730" value="ϣⲁϫⲉ ⲛⲓⲙ ⲛⲧ ⲁ ⲡ ⲥⲱⲧⲏⲣ ϫⲟⲟ ⲩ ⲛⲁ ϥ"/>
		<feat xlink:href="#sSpan2743" value="ⲡ ⲥⲱⲧⲏⲣ"/>
		<feat xlink:href="#sSpan2824" value="ⲡⲁ ⲉⲓⲱⲧ"/>
		<feat xlink:href="#sSpan2835" value="ⲧⲁⲓ"/>
		<feat xlink:href="#sSpan2864" value="ⲡ ϫⲟⲉⲓⲥ"/>
		<feat xlink:href="#sSpan2881" value="ⲛⲁⲓ"/>
		<feat xlink:href="#sSpan2902" value="ⲡ ϫⲟⲉⲓⲥ"/>
		<feat xlink:href="#sSpan2919" value="ⲛϥ ⲉⲛⲧⲟⲗⲏ"/>
		<feat xlink:href="#sSpan2932" value="ⲛ ϭⲓⲛⲣϩⲱⲃ ⲧⲏⲣ ⲟⲩ"/>
		<feat xlink:href="#sSpan2950" value="ⲡ ϫⲟⲉⲓⲥ"/>
		<feat xlink:href="#sSpan2995" value="ⲡ ⲏⲓ ⲙ ⲡ ϫⲟⲉⲓⲥ"/>
		<feat xlink:href="#sSpan3004" value="ⲡ ϫⲟⲉⲓⲥ"/>
		<feat xlink:href="#sSpan3065" value="ⲡⲉϥ ⲟⲩⲱϣ"/>
		<feat xlink:href="#sSpan3082" value="ⲛⲁⲓ"/>
		<feat xlink:href="#sSpan3134" value="ⲡ ⲧⲟⲟⲩ"/>
		<feat xlink:href="#sSpan3143" value="ⲧ ⲕⲟⲟϩ"/>
		<feat xlink:href="#sSpan3154" value="ⲡ ⲧⲟⲟⲩ ⲛⲧ ⲁ ⲡ ⲛⲟⲩⲧⲉ ϩⲱⲛ ⲙⲙⲟ ϥ ⲛⲁ ⲛ"/>
		<feat xlink:href="#sSpan3165" value="ⲡ ⲛⲟⲩⲧⲉ"/>
		<feat xlink:href="#sSpan3192" value="ⲡ ⲉⲛⲧ ⲁ ϥ ⲥⲃⲧⲱⲧ ϥ ⲙ ⲡⲁ ⲉⲓⲱⲧ ⲁⲡⲟⲗⲗⲱ"/>
		<feat xlink:href="#sSpan3210" value="ⲡⲁ ⲉⲓⲱⲧ ⲁⲡⲟⲗⲗⲱ"/>
		<feat xlink:href="#sSpan3245" value="ⲩ ⲧⲟⲟⲩ"/>
		<feat xlink:href="#sSpan3258" value="ⲡ ϩⲱⲧ ⲉⲃⲟⲗ ⲛ ⲟⲩ ϯⲙⲉ ϫⲉ ⲧⲁ ⲡ ⲁⲣⲟⲟⲩⲉ"/>
		<feat xlink:href="#sSpan3272" value="ⲟⲩ ϯⲙⲉ ϫⲉ ⲧⲁ ⲡ ⲁⲣⲟⲟⲩⲉ"/>
		<feat xlink:href="#sSpan3306" value="ϩⲉⲛ ⲥⲛⲏⲩ ⲛ ⲣⲉϥϣⲙϣⲉⲛⲟⲩⲧⲉ"/>
		<feat xlink:href="#sSpan3339" value="ϩⲉⲛ ⲛⲟϭ ⲙ ⲡⲉⲧⲛⲁⲛⲟⲩϥ"/>
		<feat xlink:href="#sSpan3364" value="ⲡ ⲙⲁ ⲉⲧ ⲙⲙⲁⲩ"/>
		<feat xlink:href="#sSpan3379" value="ϩⲧⲟⲟⲩⲉ"/>
		<feat xlink:href="#sSpan3392" value="ϩⲧⲟⲟⲩⲉ"/>
		<feat xlink:href="#sSpan3417" value="ϩⲏⲧ"/>
		<feat xlink:href="#sSpan3426" value="ⲧⲉ ⲧⲕⲟⲟϩ"/>
		<feat xlink:href="#sSpan3435" value="ⲛⲉ ⲥⲛⲏⲩ"/>
		<feat xlink:href="#sSpan3500" value="ⲟⲩ ⲛⲟϭ ⲛ ⲣⲁϣⲉ"/>
		<feat xlink:href="#sSpan3525" value="ⲡ ϩⲟⲟⲩ"/>
		<feat xlink:href="#sSpan3569" value="ⲡ ⲙⲩⲥⲧⲏⲣⲓⲟⲛ ⲛⲧ ⲁ ⲛ ⲛⲁⲩ ⲉⲣⲟ ϥ"/>
		<feat xlink:href="#sSpan3677" value="ⲧⲉ ⲩϣⲏ"/>
		<feat xlink:href="#sSpan3694" value="ⲡⲉ ϩⲣⲟⲟⲩ ⲛ ⲟⲩ ⲥⲁⲗⲡⲓⲅⲝ"/>
		<feat xlink:href="#sSpan3703" value="ⲟⲩ ⲥⲁⲗⲡⲓⲅⲝ"/>
		<feat xlink:href="#sSpan3748" value="ⲟⲩ ⲛⲟϭ ⲛ ⲥⲙⲏ"/>
		<feat xlink:href="#sSpan3763" value="ϣⲟⲙⲛⲧ ⲛ ⲥⲟⲡ"/>
		<feat xlink:href="#sSpan3801" value="ⲡ ϣⲱⲥ ⲉⲧ ⲛⲁⲛⲟⲩ ϥ ⲡ ⲉⲛⲧ ⲁ ϥ ⲙⲟⲟⲛⲉ ⲛ ⲛⲉϥ ⲉⲥⲟⲟⲩ ϩⲛ ⲙ ⲙⲁ ⲙ ⲙⲟⲟⲛⲉ ⲙ ⲡ ⲱⲛϩ"/>
		<feat xlink:href="#sSpan3830" value="ⲛⲉϥ ⲉⲥⲟⲟⲩ"/>
		<feat xlink:href="#sSpan3839" value="ⲙ ⲙⲁ ⲙ ⲙⲟⲟⲛⲉ ⲙ ⲡ ⲱⲛϩ"/>
		<feat xlink:href="#sSpan3854" value="ⲡ ⲱⲛϩ"/>
		<feat xlink:href="#sSpan3883" value="ⲟⲩ ⲭⲟⲣⲟⲥ ⲛ ⲁⲅⲅⲉⲗⲟⲥ"/>
		<feat xlink:href="#sSpan3894" value="ⲁⲅⲅⲉⲗⲟⲥ"/>
		<feat xlink:href="#sSpan3905" value="ⲧⲉ ⲩϣⲏ ⲧⲏⲣ ⲥ"/>
		<feat xlink:href="#sSpan3942" value="ⲡ ⲥⲱⲙⲁ ⲙ ⲡ ⲙⲁⲕⲁⲣⲓⲟⲥ ⲁⲡⲁ ⲫⲓϥ"/>
		<feat xlink:href="#sSpan3952" value="ⲡ ⲙⲁⲕⲁⲣⲓⲟⲥ ⲁⲡⲁ ⲫⲓϥ"/>
		<feat xlink:href="#sSpan3980" value="ⲡ ϩⲩⲙⲛⲟⲥ ⲉⲣⲉ ⲛ ⲁⲅⲅⲉⲗⲟⲥ ⲟⲩⲱϩⲙ ⲛⲥⲱ ⲟⲩ"/>
		<feat xlink:href="#sSpan3990" value="ⲛ ⲁⲅⲅⲉⲗⲟⲥ"/>
		<feat xlink:href="#sSpan4020" value="ⲡⲉⲓ ⲧⲟⲟⲩ"/>
		<feat xlink:href="#sSpan4034" value="ⲣⲁϣⲉ"/>
		<feat xlink:href="#sSpan4055" value="ⲡⲁⲓ"/>
		<feat xlink:href="#sSpan4066" value="ⲡ ⲧⲟⲟⲩ ⲙ ⲡ ϫⲟⲉⲓⲥ ⲡ ⲧⲟⲟⲩ ⲉⲧ ϫⲟⲥⲉ ⲡ ⲧⲟⲟⲩ ⲉⲧ ⲧⲏⲕ ⲡ ⲧⲟⲟⲩ ⲉⲧ ⲕⲓⲱⲟⲩ"/>
		<feat xlink:href="#sSpan4075" value="ⲡ ϫⲟⲉⲓⲥ"/>
		<feat xlink:href="#sSpan4120" value="ⲡ ⲧⲟⲟⲩ"/>
		<feat xlink:href="#sSpan4133" value="ⲡⲁⲓ ⲛⲧ ⲁ ⲡ ⲛⲟⲩⲧⲉ ⲟⲩⲉϣ ⲟⲩⲱϩ ⲛϩⲏⲧ ϥ ϣⲁⲃⲟⲗ"/>
		<feat xlink:href="#sSpan4142" value="ⲡ ⲛⲟⲩⲧⲉ"/>
		<feat xlink:href="#sSpan4169" value="ⲡⲁⲓ"/>
		<feat xlink:href="#sSpan4180" value="ⲡ ⲏⲓ ⲙ ⲡ ⲛⲟⲩⲧⲉ ⲡ ⲙⲁ ⲛ ϣⲱⲡⲉ ⲛ ⲛ ⲇⲓⲕⲁⲓⲟⲥ"/>
		<feat xlink:href="#sSpan4189" value="ⲡ ⲛⲟⲩⲧⲉ"/>
		<feat xlink:href="#sSpan4210" value="ⲛ ⲇⲓⲕⲁⲓⲟⲥ"/>
		<feat xlink:href="#sSpan4239" value="ⲛⲁⲓ"/>
		<feat xlink:href="#sSpan4256" value="ⲟⲩ ⲛⲟϭ ⲛ ϩⲟⲧⲉ"/>
		<feat xlink:href="#sSpan4279" value="ⲧⲉ ⲩϣⲏ ⲧⲏⲣ ⲥ"/>
		<feat xlink:href="#sSpan4310" value="ϩⲧⲟⲟⲩⲉ ⲉ ⲛ ⲥⲙⲟⲩ ⲉ ⲡ ⲛⲟⲩⲧⲉ ⲡ ⲉⲓⲱⲧ ⲙ ⲡⲉⲛ ϫⲟⲉⲓⲥ ⲓⲏⲥⲟⲩⲥ ⲡⲉ ⲭⲣⲓⲥⲧⲟⲥ"/>
		<feat xlink:href="#sSpan4325" value="ⲡ ⲛⲟⲩⲧⲉ"/>
		<feat xlink:href="#sSpan4340" value="ⲡⲉⲛ ϫⲟⲉⲓⲥ ⲓⲏⲥⲟⲩⲥ ⲡⲉ ⲭⲣⲓⲥⲧⲟⲥ"/>
		<feat xlink:href="#sSpan4375" value="ⲛ ⲉⲛⲧ ⲁ ⲛ ⲥⲟⲧⲙ ⲟⲩ"/>
		<feat xlink:href="#sSpan4404" value="ⲡ ⲛⲟⲩⲧⲉ ⲡⲉⲛ ⲥⲱⲧⲏⲣ"/>
		<feat xlink:href="#sSpan4452" value="ⲡ ϣⲱⲥ ⲉⲧ ⲙⲟⲟⲛⲉ ⲙⲙⲟ ⲛ ⲧⲏⲣ ⲛ ⲛ ⲕⲟⲩⲓ ⲙⲛ ⲛ ⲛⲟϭ ϩⲛ ⲟⲩ ⲙⲛⲧⲁⲅⲁⲑⲟⲥ"/>
		<feat xlink:href="#sSpan4475" value="ⲛ ⲕⲟⲩⲓ"/>
		<feat xlink:href="#sSpan4486" value="ⲛ ⲛⲟϭ"/>
		<feat xlink:href="#sSpan4495" value="ⲟⲩ ⲙⲛⲧⲁⲅⲁⲑⲟⲥ"/>
		<feat xlink:href="#sSpan4511" value="ⲛⲉⲛ ⲥⲱⲙⲁ"/>
		<feat xlink:href="#sSpan4523" value="ⲛⲉⲛ ⲯⲩⲭⲏ ϩⲛ ⲛⲉⲕ ϭⲓϫ"/>
		<feat xlink:href="#sSpan4533" value="ⲛⲉⲕ ϭⲓϫ"/>
		<feat xlink:href="#sSpan4586" value="ϣⲏⲣⲉ"/>
		<feat xlink:href="#sSpan4609" value="ⲡⲁ ⲉⲓⲱⲧ"/>
		<feat xlink:href="#sSpan4640" value="ⲡⲉⲕ ⲟⲩⲱϣ"/>
		<feat xlink:href="#sSpan4647" value="ⲡ ⲛⲟⲩⲧⲉ"/>
		<feat xlink:href="#sSpan4658" value="ⲡⲁⲓ"/>
		<feat xlink:href="#sSpan4676" value="ⲡⲉⲕ ϣⲁϫⲉ"/>
		<feat xlink:href="#sSpan4727" value="ϫⲟⲩⲱⲧ ⲛ ⲣⲱⲙⲉ"/>
		<feat xlink:href="#sSpan4748" value="ⲡⲁ ⲉⲓⲱⲧ"/>
		<feat xlink:href="#sSpan4759" value="ⲡⲁ ⲉⲓⲱⲧ"/>
		<feat xlink:href="#sSpan4785" value="ⲡ ϣⲁϫⲉ ⲙ ⲡ ⲛⲟⲩⲧⲉ"/>
		<feat xlink:href="#sSpan4794" value="ⲡ ⲛⲟⲩⲧⲉ"/>
		<feat xlink:href="#sSpan4803" value="ⲧⲉ ⲥⲃⲱ"/>
		<feat xlink:href="#sSpan4812" value="ⲛ ⲕⲁⲛⲱⲛ ⲛ ⲛⲉⲛ ⲉⲓⲟⲟⲧⲉ ⲉⲧ ⲟⲩⲁⲁⲃ ⲛ ⲁⲡⲟⲥⲧⲟⲗⲟⲥ"/>
		<feat xlink:href="#sSpan4822" value="ⲛⲉⲛ ⲉⲓⲟⲟⲧⲉ ⲉⲧ ⲟⲩⲁⲁⲃ ⲛ ⲁⲡⲟⲥⲧⲟⲗⲟⲥ"/>
		<feat xlink:href="#sSpan4838" value="ⲁⲡⲟⲥⲧⲟⲗⲟⲥ"/>
		<feat xlink:href="#sSpan4876" value="ⲧⲉ ⲭⲣⲉⲓⲁ ⲛ ⲛⲉ ⲥⲛⲏⲩ"/>
		<feat xlink:href="#sSpan4886" value="ⲛⲉ ⲥⲛⲏⲩ"/>
		<feat xlink:href="#sSpan4895" value="ϩⲉⲛ ⲛⲟϭ"/>
		<feat xlink:href="#sSpan4909" value="ⲛ ϭⲟⲙ"/>
		<feat xlink:href="#sSpan4920" value="ϩⲉⲛ ϣⲡⲏⲣⲉ"/>
		<feat xlink:href="#sSpan4948" value="ⲡⲁ ⲉⲓⲱⲧ"/>
		<feat xlink:href="#sSpan4965" value="ⲡⲉϥ ⲣⲁⲛ"/>
		<feat xlink:href="#sSpan4986" value="ⲙⲁ ⲛⲓⲙ ⲉⲧ ⲕⲱⲧⲉ ⲉⲣⲟ ϥ"/>
		<feat xlink:href="#sSpan5024" value="ⲟⲩⲟⲛ ⲛⲓⲙ ⲉⲧ ϣⲱⲛⲉ"/>
		<feat xlink:href="#sSpan5082" value="ⲕⲟⲩⲓ ⲕⲟⲩⲓ"/>
		<feat xlink:href="#sSpan5103" value="ⲡ ⲛⲟⲩⲧⲉ"/>
		<feat xlink:href="#sSpan5112" value="ϩⲉⲛ ⲛⲟϭ"/>
		<feat xlink:href="#sSpan5130" value="ⲡ ⲉⲧ ⲛⲁⲛⲱ ⲟⲩ ⲉⲣⲉ ⲡ ⲛⲟⲩⲧⲉ ⲉⲓⲣⲉ ⲙⲙⲟ ⲟⲩ ⲉⲃⲟⲗ ϩⲓⲧⲟⲟⲧ ϥ ⲙ ⲡⲁ ⲉⲓⲱⲧ"/>
		<feat xlink:href="#sSpan5143" value="ⲡ ⲛⲟⲩⲧⲉ"/>
		<feat xlink:href="#sSpan5173" value="ⲡⲁ ⲉⲓⲱⲧ"/>
		<feat xlink:href="#sSpan5211" value="ⲟⲩ ⲕⲟⲩⲓ ⲛ ⲉⲕⲕⲗⲏⲥⲓⲁ ϩⲓϫⲙ ⲡ ⲥⲱⲙⲁ ⲙ ⲡⲉⲛ ⲙⲁⲕⲁⲣⲓⲟⲥ ⲛ ⲥⲟⲛ ⲁⲡⲁ ⲫⲓϥ"/>
		<feat xlink:href="#sSpan5229" value="ⲡ ⲥⲱⲙⲁ ⲙ ⲡⲉⲛ ⲙⲁⲕⲁⲣⲓⲟⲥ ⲛ ⲥⲟⲛ ⲁⲡⲁ ⲫⲓϥ"/>
		<feat xlink:href="#sSpan5239" value="ⲡⲉⲛ ⲙⲁⲕⲁⲣⲓⲟⲥ ⲛ ⲥⲟⲛ ⲁⲡⲁ ⲫⲓϥ"/>
		<feat xlink:href="#sSpan5271" value="ⲛⲉ ⲥⲛⲏⲩ"/>
		<feat xlink:href="#sSpan5300" value="ⲙⲏⲏⲛⲉ"/>
		<feat xlink:href="#sSpan5315" value="ⲡⲉⲩ ⲟⲉⲓⲕ"/>
		<feat xlink:href="#sSpan5334" value="ⲡ ⲥⲱⲧⲏⲣ"/>
		<feat xlink:href="#sSpan5348" value="ⲡⲁ ⲉⲓⲱⲧ"/>
		<feat xlink:href="#sSpan5391" value="ⲧ ⲉⲓⲣⲏⲛⲏ ⲛⲁ ⲕ ⲡⲁ ϣⲃⲏⲣ ⲙⲉⲗⲟⲥ ⲉⲧ ⲧⲁⲓⲏⲩ"/>
		<feat xlink:href="#sSpan5407" value="ϣⲃⲏⲣ"/>
		<feat xlink:href="#sSpan5473" value="ϩⲉⲛ ⲛⲟϭ ⲙ ⲙⲏⲏϣⲉ"/>
		<feat xlink:href="#sSpan5504" value="ⲧⲉⲩ ⲏⲡⲉ"/>
		<feat xlink:href="#sSpan5535" value="ⲟⲩ ⲛⲟϭ ⲛ ⲉⲕⲕⲗⲏⲥⲓⲁ"/>
		<feat xlink:href="#sSpan5585" value="ⲛ ⲗⲁⲟⲥ"/>
		<feat xlink:href="#sSpan5595" value="ⲙⲁ ⲛ ⲟⲩⲱϩ"/>
		<feat xlink:href="#sSpan5602" value="ⲟⲩⲱϩ"/>
		<feat xlink:href="#sSpan5652" value="ⲡ ⲧⲱϣ ⲧⲏⲣ ϥ ⲛ ⲧ ⲉⲕⲕⲗⲏⲥⲓⲁ"/>
		<feat xlink:href="#sSpan5667" value="ⲧ ⲉⲕⲕⲗⲏⲥⲓⲁ"/>
		<feat xlink:href="#sSpan5687" value="ⲡⲉϥ ϣⲓⲏ"/>
		<feat xlink:href="#sSpan5696" value="ⲡⲉϥ ⲟⲩⲱⲥϣ"/>
		<feat xlink:href="#sSpan5711" value="ⲡ ⲥⲱⲧⲏⲣ"/>
		<feat xlink:href="#sSpan5758" value="ⲙⲓⲭⲁⲏⲗ ⲡ ⲁⲣⲭⲁⲅⲅⲉⲗⲟⲥ"/>
		<feat xlink:href="#sSpan5800" value="ⲡⲉⲕ ⲧⲟⲡⲟⲥ"/>
		<feat xlink:href="#sSpan5832" value="ⲙⲓⲭⲁⲏⲗ"/>
		<feat xlink:href="#sSpan5858" value="ⲡⲁⲡⲟϩⲉ"/>
		<feat xlink:href="#sSpan5889" value="ⲛⲁⲓ"/>
		<feat xlink:href="#sSpan5903" value="ⲡ ⲥⲱⲧⲏⲣ"/>
		<feat xlink:href="#sSpan5926" value="ⲙ ⲡⲏⲩⲉ"/>
		<feat xlink:href="#sSpan5954" value="ⲡⲁ ⲉⲓⲱⲧ"/>
		<feat xlink:href="#sSpan5987" value="ⲛⲉⲓ ϣⲁϫⲉ ⲧⲏⲣ ⲟⲩ"/>
		<feat xlink:href="#sSpan6015" value="ⲧ ⲉⲕⲕⲗⲏⲥⲓⲁ ⲕⲁⲧⲁ ⲡ ⲧⲱϣ ⲛⲧ ⲁ ϥ ⲧⲥⲁⲃⲟ ⲛ ⲉⲣⲟ ϥ"/>
		<feat xlink:href="#sSpan6087" value="ⲡⲁ ⲉⲓⲱⲧ"/>
		<feat xlink:href="#sSpan6129" value="ⲡⲉ ϩⲟⲟⲩ ⲡⲉⲛ ⲙⲁⲕⲁⲣⲓⲟⲥ ⲛ ⲥⲟⲛ ⲁⲡⲁ ⲫⲓϥ"/>
		<feat xlink:href="#sSpan6139" value="ⲙⲁⲕⲁⲣⲓⲟⲥ ⲛ ⲥⲟⲛ ⲁⲡⲁ ⲫⲓϥ"/>
		<feat xlink:href="#sSpan6178" value="ⲛⲉ ⲥⲛⲏⲩ ⲉⲧ ϩⲙ ⲡ ⲧⲟⲟⲩ ⲧⲏⲣ ⲟⲩ"/>
		<feat xlink:href="#sSpan6189" value="ⲡ ⲧⲟⲟⲩ ⲧⲏⲣ ⲟⲩ"/>
		<feat xlink:href="#sSpan6218" value="ⲟⲩ ⲁⲅⲁⲡⲏ ϩⲛ ⲟⲩ ⲣⲁϣⲉ"/>
		<feat xlink:href="#sSpan6228" value="ⲟⲩ ⲣⲁϣⲉ"/>
		<feat xlink:href="#sSpan6237" value="ⲟⲩ ⲧⲉⲗⲏⲗ"/>
		<feat xlink:href="#sSpan6256" value="ⲡ ϫⲟⲉⲓⲥ"/>
		<feat xlink:href="#sSpan6306" value="ⲡⲁ ⲉⲟⲟⲩ ϩⲙ ⲡⲉϥ ϩⲟⲟⲩ ⲧⲉ ⲣⲟⲙⲡⲉ ⲛⲧⲉ ⲡⲁ ⲣⲁⲛ"/>
		<feat xlink:href="#sSpan6315" value="ⲡⲉϥ ϩⲟⲟⲩ"/>
		<feat xlink:href="#sSpan6330" value="ⲡⲁ ⲣⲁⲛ"/>
		<feat xlink:href="#sSpan6345" value="ⲡ ⲕⲁϩ ⲧⲏⲣ ϥ"/>
		<feat xlink:href="#sSpan6410" value="ⲡⲁ ⲉⲓⲱⲧ"/>
		<feat xlink:href="#sSpan6432" value="ⲛ ⲧⲟⲟⲩ ⲧⲏⲣ ⲟⲩ"/>
		<feat xlink:href="#sSpan6459" value="ⲛⲉ ⲥⲛⲏⲩ ⲧⲏⲣ ⲟⲩ"/>
		<feat xlink:href="#sSpan6474" value="ⲡⲉ ϩⲟⲟⲩ ⲉⲧ ⲟⲩⲁⲁⲃ ⲛⲧ ⲁ ⲡ ϫⲟⲉⲓⲥ ⲧⲁⲙⲓⲟ ϥ ⲙ ⲡⲉⲛ ⲥⲟⲛ ⲁⲡⲁ ⲫⲓϥ"/>
		<feat xlink:href="#sSpan6491" value="ⲡ ϫⲟⲉⲓⲥ"/>
		<feat xlink:href="#sSpan6506" value="ⲡⲉⲛ ⲥⲟⲛ ⲁⲡⲁ ⲫⲓϥ"/>
		<feat xlink:href="#sSpan6552" value="ⲥⲟⲩ ϫⲟⲩⲧⲁϥⲧⲉ ⲙ ⲡⲁⲟⲡⲉ"/>
		<feat xlink:href="#sSpan6562" value="ⲡⲁⲟⲡⲉ"/>
		<feat xlink:href="#sSpan6573" value="ⲧⲉ ⲩϣⲏ ⲧⲏⲣ ⲥ ⲛ ⲥⲟⲩ ϫⲟⲩⲧⲏ ⲙ ⲡⲁⲟⲡⲉ"/>
		<feat xlink:href="#sSpan6589" value="ⲥⲟⲩ ϫⲟⲩⲧⲏ ⲙ ⲡⲁⲟⲡⲉ"/>
		<feat xlink:href="#sSpan6598" value="ⲡⲁⲟⲡⲉ"/>
		<feat xlink:href="#sSpan6613" value="ⲟⲩ ⲣⲁϣⲉ"/>
		<feat xlink:href="#sSpan6622" value="ⲟⲩ ⲟⲩⲣⲟⲧ"/>
		<feat xlink:href="#sSpan6640" value="ϩⲉⲛ ⲛⲟϭ ⲛ ⲥⲩⲛⲁⲝⲓⲥ"/>
		<feat xlink:href="#sSpan6657" value="ϩⲉⲛ ⲯⲁⲗⲙⲟⲥ"/>
		<feat xlink:href="#sSpan6667" value="ⲟⲩ ⲟⲩⲣⲟⲧ"/>
		<feat xlink:href="#sSpan6688" value="ⲡⲉⲛ ⲡⲛⲉⲩⲙⲁ"/>
		<feat xlink:href="#sSpan6702" value="ϩⲧⲟⲟⲩⲉ"/>
		<feat xlink:href="#sSpan6732" value="ⲟⲩ ⲕⲟⲩⲓ ⲛ ⲥⲟⲛ ϫⲉ ⲍⲁⲭⲁⲣⲓⲁⲥ"/>
		<feat xlink:href="#sSpan6759" value="ⲡⲁⲓ"/>
		<feat xlink:href="#sSpan6768" value="ⲟⲩ ϣⲏⲣⲉ"/>
		<feat xlink:href="#sSpan6790" value="ⲟⲩⲟⲛ ⲛⲓⲙ"/>
		<feat xlink:href="#sSpan6805" value="ⲡⲁ ⲉⲓⲱⲧ"/>
		<feat xlink:href="#sSpan6828" value="ⲛⲉ ϩⲃⲏⲩⲉ ⲉⲧ ⲛⲁⲛⲱ ⲟⲩ ⲉⲧⲉ ϥ ⲉⲓⲣⲉ ⲙⲙⲟ ⲟⲩ"/>
		<feat xlink:href="#sSpan6877" value="ⲧ ⲉⲕⲕⲗⲏⲥⲓⲁ"/>
		<feat xlink:href="#sSpan6887" value="ⲛⲉ ⲥⲛⲏⲩ"/>
		<feat xlink:href="#sSpan6934" value="ⲡ ⲛⲁⲩ ⲅⲁⲣ ⲛ ⲧ ϫⲡⲥⲟ"/>
		<feat xlink:href="#sSpan6948" value="ⲧ ϫⲡⲥⲟ"/>
		<feat xlink:href="#sSpan7018" value="ⲡⲁ ⲉⲓⲱⲧ"/>
		<feat xlink:href="#sSpan7037" value="ⲟⲩ ⲛⲟϭ ⲛ ⲛⲁⲩ"/>
		<feat xlink:href="#sSpan7052" value="ⲡⲉⲛ ϩⲟ"/>
		<feat xlink:href="#sSpan7081" value="ⲡⲁ ⲉⲓⲱⲧ"/>
		<feat xlink:href="#sSpan7112" value="ⲛⲉ ⲥⲛⲏⲩ"/>
		<feat xlink:href="#sSpan7132" value="ⲣⲱⲙⲉ ⲛⲓⲙ ⲛⲧ ⲁ ϥ ⲡⲁϩⲧ ϥ ⲙ ⲡⲉⲓ ⲙⲁ ⲙ ⲡ ϩⲟⲟⲩ"/>
		<feat xlink:href="#sSpan7155" value="ⲡⲉⲓ ⲙⲁ ⲙ ⲡ ϩⲟⲟⲩ"/>
		<feat xlink:href="#sSpan7164" value="ⲡ ϩⲟⲟⲩ"/>
		<feat xlink:href="#sSpan7173" value="ⲡ ⲛⲟⲩⲧⲉ"/>
		<feat xlink:href="#sSpan7182" value="ⲛⲉⲩ ⲛⲟⲃⲉ"/>
		<feat xlink:href="#sSpan7209" value="ⲡⲉ ϩⲟⲟⲩ"/>
		<feat xlink:href="#sSpan7236" value="ϩⲟⲓⲛⲉ"/>
		<feat xlink:href="#sSpan7252" value="ⲛⲉ ⲥⲛⲏⲩ"/>
		<feat xlink:href="#sSpan7266" value="ϩⲉⲛ ⲕⲟⲟⲩⲉ"/>
		<feat xlink:href="#sSpan7365" value="ⲡⲉⲓ ⲥⲁ"/>
		<feat xlink:href="#sSpan7374" value="ⲡⲁⲓ"/>
		<feat xlink:href="#sSpan7410" value="ⲟⲩⲁ"/>
		<feat xlink:href="#sSpan7421" value="ⲡ ⲛⲟⲩⲧⲉ ⲡⲉ ⲭⲣⲓⲥⲧⲟⲥ ⲓⲏⲥⲟⲩⲥ ⲡⲉⲛ ϫⲟⲉⲓⲥ"/>
		<feat xlink:href="#sSpan7463" value="ⲟⲩⲟⲛ ⲛⲓⲙ ⲉⲧ ⲁϩⲉ ⲣⲁⲧ ⲟⲩ"/>
		<feat xlink:href="#sSpan7516" value="ⲡ ⲗⲁⲟⲥ ⲙ ⲙⲁⲓⲛⲟⲩⲧⲉ"/>
		<feat xlink:href="#sSpan7527" value="ⲙⲁⲓⲛⲟⲩⲧⲉ"/>
		<feat xlink:href="#sSpan7536" value="ⲟⲩⲟⲛ ⲛⲓⲙ ⲉⲧ ⲁϩⲉ ⲣⲁⲧ ⲟⲩ ⲙ ⲡⲉⲓ ⲙⲁ ⲙ ⲡ ϩⲟⲟⲩ"/>
		<feat xlink:href="#sSpan7557" value="ⲡⲉⲓ ⲙⲁ"/>
		<feat xlink:href="#sSpan7566" value="ⲡ ϩⲟⲟⲩ"/>
		<feat xlink:href="#sSpan7575" value="ⲡ ⲛⲟⲩⲧⲉ"/>
		<feat xlink:href="#sSpan7584" value="ⲛⲉⲩ ⲛⲟⲃⲉ"/>
		<feat xlink:href="#sSpan7611" value="ⲡⲉ ϩⲟⲟⲩ"/>
		<feat xlink:href="#sSpan7644" value="ⲡ ⲉⲧ ⲛⲁ ⲡⲁϩⲧ ϥ ⲙ ⲡⲉⲓ ⲙⲁ ⲙ ⲡ ϩⲟⲟⲩ"/>
		<feat xlink:href="#sSpan7661" value="ⲡⲉⲓ ⲙⲁ"/>
		<feat xlink:href="#sSpan7670" value="ⲡ ϩⲟⲟⲩ"/>
		<feat xlink:href="#sSpan7683" value="ⲛⲉⲩ ⲛⲟⲃⲉ"/>
		<feat xlink:href="#sSpan7704" value="ⲡ ⲣⲁⲛ ⲙ ⲡⲉⲛ ⲥⲟⲛ"/>
		<feat xlink:href="#sSpan7713" value="ⲡⲉⲛ ⲥⲟⲛ"/>
		<feat xlink:href="#sSpan7721" value="ⲁⲡⲁ ⲫⲓϥ"/>
		<feat xlink:href="#sSpan7733" value="ⲡⲉⲓ ⲙⲩⲥⲧⲏⲣⲓⲟⲛ"/>
		<feat xlink:href="#sSpan7741" value="ⲟⲩ ⲛⲟϭ"/>
		<feat xlink:href="#sSpan7757" value="ⲛⲁ ⲥⲛⲏⲩ"/>
		<feat xlink:href="#sSpan7770" value="ⲛⲁ ⲉⲓⲟⲟⲧⲉ ⲙ ⲙⲁⲓⲛⲟⲩⲧⲉ"/>
		<feat xlink:href="#sSpan7797" value="ⲛⲁⲓ"/>
		<feat xlink:href="#sSpan7825" value="ⲛⲉ ϩⲃⲟⲟⲥ"/>
		<feat xlink:href="#sSpan7850" value="ⲕⲉ ⲥⲟⲡ"/>
		<feat xlink:href="#sSpan7880" value="ⲙ ⲙⲏⲏϣⲉ ⲉⲧ ⲛⲁⲩ ⲉⲣⲟ ϥ"/>
		<feat xlink:href="#sSpan7905" value="ⲡⲉⲩ ϩⲏⲧ"/>
		<feat xlink:href="#sSpan7933" value="ⲧ ⲙⲉⲧⲁⲛⲟⲓⲁ"/>
		<feat xlink:href="#sSpan7943" value="ⲟⲩ ⲉⲃⲟⲗ ϩⲓⲧⲙ ⲡ ⲛⲟⲩⲧⲉ"/>
		<feat xlink:href="#sSpan7969" value="ⲧ ⲇⲱⲣⲉⲁ ⲙ ⲡ ⲕⲁⲛⲟⲃⲉ ⲉⲃⲟⲗ"/>
		<feat xlink:href="#sSpan7979" value="ⲡ ⲕⲁⲛⲟⲃⲉ"/>
		<feat xlink:href="#sSpan7994" value="ⲡ ⲛⲟⲩⲧⲉ"/>
		<feat xlink:href="#sSpan8014" value="ⲡⲉⲛ ⲥⲟⲛ ⲁⲡⲁ ⲫⲓϥ"/>
		<feat xlink:href="#sSpan8033" value="ⲩ ⲉⲟⲟⲩ ⲛ ⲧⲉ ⲧⲣⲓⲁⲥ ⲉⲧ ⲟⲩⲁⲁⲃ"/>
		<feat xlink:href="#sSpan8042" value="ⲧⲉ ⲧⲣⲓⲁⲥ ⲉⲧ ⲟⲩⲁⲁⲃ"/>
		<feat xlink:href="#sSpan8087" value="ⲉⲛⲉϩ ⲛ ⲉⲛⲉϩ"/></featList></paula>