<?xml version='1.0' encoding='UTF-8'?><!DOCTYPE paula SYSTEM "paula_feat.dtd">
<paula version="1.1">
	<header paula_id="scriptorium.life.phib.02.mark_verse_n"/>
	<featList xmlns:xlink="http://www.w3.org/1999/xlink" type="verse_n" xml:base="scriptorium.life.phib.02.mark.xml">
		<feat xlink:href="#sSpan6" value="1"/>
		<feat xlink:href="#sSpan110" value="2"/>
		<feat xlink:href="#sSpan153" value="3"/>
		<feat xlink:href="#sSpan364" value="4"/>
		<feat xlink:href="#sSpan430" value="5"/>
		<feat xlink:href="#sSpan569" value="6"/>
		<feat xlink:href="#sSpan665" value="7"/>
		<feat xlink:href="#sSpan717" value="8"/>
		<feat xlink:href="#sSpan777" value="1"/>
		<feat xlink:href="#sSpan918" value="2"/>
		<feat xlink:href="#sSpan1010" value="3"/>
		<feat xlink:href="#sSpan1588" value="4"/>
		<feat xlink:href="#sSpan2080" value="5"/>
		<feat xlink:href="#sSpan2183" value="6"/>
		<feat xlink:href="#sSpan2407" value="7"/>
		<feat xlink:href="#sSpan2679" value="1"/>
		<feat xlink:href="#sSpan2768" value="2"/>
		<feat xlink:href="#sSpan3024" value="3"/>
		<feat xlink:href="#sSpan3077" value="1"/>
		<feat xlink:href="#sSpan3389" value="2"/>
		<feat xlink:href="#sSpan3439" value="3"/>
		<feat xlink:href="#sSpan3537" value="4"/>
		<feat xlink:href="#sSpan3598" value="5"/>
		<feat xlink:href="#sSpan3784" value="6"/>
		<feat xlink:href="#sSpan3866" value="7"/>
		<feat xlink:href="#sSpan4223" value="8"/>
		<feat xlink:href="#sSpan4395" value="9"/>
		<feat xlink:href="#sSpan4443" value="10"/>
		<feat xlink:href="#sSpan4596" value="1"/>
		<feat xlink:href="#sSpan4688" value="2"/>
		<feat xlink:href="#sSpan4763" value="3"/>
		<feat xlink:href="#sSpan4848" value="4"/>
		<feat xlink:href="#sSpan4899" value="5"/>
		<feat xlink:href="#sSpan4960" value="6"/>
		<feat xlink:href="#sSpan5064" value="7"/>
		<feat xlink:href="#sSpan5116" value="8"/>
		<feat xlink:href="#sSpan5185" value="1"/>
		<feat xlink:href="#sSpan5268" value="2"/>
		<feat xlink:href="#sSpan5445" value="3"/>
		<feat xlink:href="#sSpan5516" value="4"/>
		<feat xlink:href="#sSpan5618" value="5"/>
		<feat xlink:href="#sSpan5708" value="6"/>
		<feat xlink:href="#sSpan5775" value="7"/>
		<feat xlink:href="#sSpan5813" value="8"/>
		<feat xlink:href="#sSpan5882" value="9"/>
		<feat xlink:href="#sSpan5938" value="1"/>
		<feat xlink:href="#sSpan6055" value="2"/>
		<feat xlink:href="#sSpan6165" value="3"/>
		<feat xlink:href="#sSpan6290" value="4"/>
		<feat xlink:href="#sSpan6363" value="5"/>
		<feat xlink:href="#sSpan6528" value="6"/>
		<feat xlink:href="#sSpan6697" value="1"/>
		<feat xlink:href="#sSpan6929" value="2"/>
		<feat xlink:href="#sSpan6964" value="3"/>
		<feat xlink:href="#sSpan7064" value="4"/>
		<feat xlink:href="#sSpan7240" value="5"/>
		<feat xlink:href="#sSpan7300" value="6"/>
		<feat xlink:href="#sSpan7384" value="7"/>
		<feat xlink:href="#sSpan7414" value="8"/>
		<feat xlink:href="#sSpan7790" value="9"/>
		<feat xlink:href="#sSpan7862" value="10"/></featList></paula>