<?xml version='1.0' encoding='UTF-8'?><!DOCTYPE paula SYSTEM "paula_feat.dtd">
<paula version="1.1">
	<header paula_id="scriptorium.life.phib.02.mark_p_n"/>
	<featList xmlns:xlink="http://www.w3.org/1999/xlink" type="p_n" xml:base="scriptorium.life.phib.02.mark.xml">
		<feat xlink:href="#sSpan8" value="11"/>
		<feat xlink:href="#sSpan779" value="12"/>
		<feat xlink:href="#sSpan2681" value="13"/>
		<feat xlink:href="#sSpan3079" value="14"/>
		<feat xlink:href="#sSpan4598" value="15"/>
		<feat xlink:href="#sSpan5187" value="16"/>
		<feat xlink:href="#sSpan5940" value="17"/>
		<feat xlink:href="#sSpan6699" value="18"/></featList></paula>