<?xml version='1.0' encoding='UTF-8'?><!DOCTYPE paula SYSTEM "paula_feat.dtd">
<paula version="1.1">
	<header paula_id="scriptorium.life.phib.02.mark_morph"/>
	<featList xmlns:xlink="http://www.w3.org/1999/xlink" type="morph" xml:base="scriptorium.life.phib.02.mark.xml">
		<feat xlink:href="#sSpan329" value="ϫⲓ"/>
		<feat xlink:href="#sSpan334" value="ⲉⲟⲟⲩ"/>
		<feat xlink:href="#sSpan980" value="ⲙⲛⲧ"/>
		<feat xlink:href="#sSpan983" value="ϣⲁⲛ"/>
		<feat xlink:href="#sSpan984" value="ϩⲧⲏ"/>
		<feat xlink:href="#sSpan985" value="ϥ"/>
		<feat xlink:href="#sSpan1062" value="ⲁϣ"/>
		<feat xlink:href="#sSpan1066" value="ⲁϩⲟⲙ"/>
		<feat xlink:href="#sSpan1176" value="ⲕⲁ"/>
		<feat xlink:href="#sSpan1180" value="ⲛⲟⲃⲉ"/>
		<feat xlink:href="#sSpan1378" value="ⲕⲁ"/>
		<feat xlink:href="#sSpan1381" value="ⲛⲟⲃⲉ"/>
		<feat xlink:href="#sSpan1540" value="ⲕⲁ"/>
		<feat xlink:href="#sSpan1543" value="ⲛⲟⲃⲉ"/>
		<feat xlink:href="#sSpan1741" value="ⲣ"/>
		<feat xlink:href="#sSpan1744" value="ϩⲟⲧⲉ"/>
		<feat xlink:href="#sSpan2486" value="ϥⲁⲓ"/>
		<feat xlink:href="#sSpan2489" value="ⲗⲁⲙⲡⲁⲥ"/>
		<feat xlink:href="#sSpan2568" value="ⲙⲛⲧ"/>
		<feat xlink:href="#sSpan2571" value="ⲣⲣⲟ"/>
		<feat xlink:href="#sSpan2615" value="ϭⲓⲛ"/>
		<feat xlink:href="#sSpan2618" value="ⲣ"/>
		<feat xlink:href="#sSpan2619" value="ϩⲱⲃ"/>
		<feat xlink:href="#sSpan2627" value="ϭⲓⲛ"/>
		<feat xlink:href="#sSpan2630" value="ϣⲙϣⲉ"/>
		<feat xlink:href="#sSpan2790" value="ⲣ"/>
		<feat xlink:href="#sSpan2793" value="ϣⲡⲏⲣⲉ"/>
		<feat xlink:href="#sSpan2933" value="ϭⲓⲛ"/>
		<feat xlink:href="#sSpan2936" value="ⲣ"/>
		<feat xlink:href="#sSpan2937" value="ϩⲱⲃ"/>
		<feat xlink:href="#sSpan3273" value="ϯ"/>
		<feat xlink:href="#sSpan3276" value="ⲙⲉ"/>
		<feat xlink:href="#sSpan3314" value="ⲣⲉϥ"/>
		<feat xlink:href="#sSpan3317" value="ϣⲙϣⲉ"/>
		<feat xlink:href="#sSpan3318" value="ⲛⲟⲩⲧⲉ"/>
		<feat xlink:href="#sSpan3344" value="ⲡ"/>
		<feat xlink:href="#sSpan3347" value="ⲉⲧ"/>
		<feat xlink:href="#sSpan3348" value="ⲛⲁⲛⲟⲩ"/>
		<feat xlink:href="#sSpan3349" value="ϥ"/>
		<feat xlink:href="#sSpan3618" value="ⲣ"/>
		<feat xlink:href="#sSpan3621" value="ϣⲡⲏⲣⲉ"/>
		<feat xlink:href="#sSpan4045" value="ϫⲓ"/>
		<feat xlink:href="#sSpan4048" value="ⲉⲟⲟⲩ"/>
		<feat xlink:href="#sSpan4246" value="ⲣ"/>
		<feat xlink:href="#sSpan4249" value="ϩⲟⲧⲉ"/>
		<feat xlink:href="#sSpan4365" value="ⲣ"/>
		<feat xlink:href="#sSpan4368" value="ϣⲡⲏⲣⲉ"/>
		<feat xlink:href="#sSpan4496" value="ⲙⲛⲧ"/>
		<feat xlink:href="#sSpan4499" value="ⲁⲅⲁⲑⲟⲥ"/>
		<feat xlink:href="#sSpan4974" value="ⲣ"/>
		<feat xlink:href="#sSpan4979" value="ⲥⲟⲉⲓⲧ"/>
		<feat xlink:href="#sSpan6333" value="ϫⲓ"/>
		<feat xlink:href="#sSpan6338" value="ⲉⲟⲟⲩ"/>
		<feat xlink:href="#sSpan7452" value="ⲣ"/>
		<feat xlink:href="#sSpan7455" value="ϣⲡⲏⲣⲉ"/>
		<feat xlink:href="#sSpan7524" value="ⲙⲁⲓ"/>
		<feat xlink:href="#sSpan7528" value="ⲛⲟⲩⲧⲉ"/>
		<feat xlink:href="#sSpan7777" value="ⲙⲁⲓ"/>
		<feat xlink:href="#sSpan7780" value="ⲛⲟⲩⲧⲉ"/>
		<feat xlink:href="#sSpan7865" value="ⲣ"/>
		<feat xlink:href="#sSpan7868" value="ϣⲡⲏⲣⲉ"/>
		<feat xlink:href="#sSpan7980" value="ⲕⲁ"/>
		<feat xlink:href="#sSpan7983" value="ⲛⲟⲃⲉ"/></featList></paula>