<?xml version='1.0' encoding='UTF-8'?><!DOCTYPE paula SYSTEM "paula_feat.dtd">
<paula version="1.1">
	<header paula_id="scriptorium.40_Matthew_09.mark_orig_group"/>
	<featList xmlns:xlink="http://www.w3.org/1999/xlink" type="orig_group" xml:base="scriptorium.40_Matthew_09.mark.xml">
		<feat xlink:href="#sSpan2" value="ⲁϥⲁⲗⲉ"/>
		<feat xlink:href="#sSpan7" value="ⲇⲉ"/>
		<feat xlink:href="#sSpan9" value="ⲉⲡϫⲟⲓ"/>
		<feat xlink:href="#sSpan14" value="ⲁϥϫⲓⲟⲟⲣ"/>
		<feat xlink:href="#sSpan18" value="ⲁϥⲉⲓ"/>
		<feat xlink:href="#sSpan23" value="ⲉϩⲣⲁⲓ"/>
		<feat xlink:href="#sSpan25" value="ⲉⲧⲉϥⲡⲟⲗⲓⲥ"/>
		<feat xlink:href="#sSpan30" value="ⲙⲙⲓⲛⲙⲙⲟϥ"/>
		<feat xlink:href="#sSpan33" value="."/>
		<feat xlink:href="#sSpan35" value="ⲁⲩⲱ"/>
		<feat xlink:href="#sSpan38" value="ⲉⲓⲥ"/>
		<feat xlink:href="#sSpan41" value="ϩⲏⲏⲧⲉ"/>
		<feat xlink:href="#sSpan43" value="ⲁⲩⲉⲓⲛⲉ"/>
		<feat xlink:href="#sSpan47" value="ⲛⲁϥ"/>
		<feat xlink:href="#sSpan50" value="ⲛⲟⲩⲣⲱⲙⲉ"/>
		<feat xlink:href="#sSpan55" value="ⲉϥⲥⲏϭ"/>
		<feat xlink:href="#sSpan59" value="ⲉϥⲛⲏϫ"/>
		<feat xlink:href="#sSpan64" value="ϩⲓϫⲛⲟⲩⲙⲁ"/>
		<feat xlink:href="#sSpan69" value="ⲛⲛⲕⲟⲧⲕ"/>
		<feat xlink:href="#sSpan73" value="."/>
		<feat xlink:href="#sSpan76" value="ⲓⲏⲥⲟⲩⲥ"/>
		<feat xlink:href="#sSpan78" value="ⲇⲉ"/>
		<feat xlink:href="#sSpan80" value="ⲛⲧⲉⲣⲉϥⲛⲁⲩ"/>
		<feat xlink:href="#sSpan84" value="ⲉⲧⲉⲩⲡⲓⲥⲧⲓⲥ"/>
		<feat xlink:href="#sSpan89" value="ⲡⲉϫⲁϥ"/>
		<feat xlink:href="#sSpan92" value="ⲙⲡⲉⲧⲥⲏϭ"/>
		<feat xlink:href="#sSpan98" value="."/>
		<feat xlink:href="#sSpan100" value="ϫⲉⲧⲱⲕ"/>
		<feat xlink:href="#sSpan103" value="ⲙⲙⲟⲕ"/>
		<feat xlink:href="#sSpan106" value="ⲡⲁϣⲏⲣⲉ"/>
		<feat xlink:href="#sSpan110" value="ⲛⲉⲕⲛⲟⲃⲉ"/>
		<feat xlink:href="#sSpan113" value="ⲕⲏ"/>
		<feat xlink:href="#sSpan115" value="ⲛⲁⲕ"/>
		<feat xlink:href="#sSpan118" value="ⲉⲃⲟⲗ"/>
		<feat xlink:href="#sSpan120" value="."/>
		<feat xlink:href="#sSpan122" value="ⲁⲩⲱ"/>
		<feat xlink:href="#sSpan125" value="ⲉⲓⲥϩⲟⲓⲛⲉ"/>
		<feat xlink:href="#sSpan129" value="ⲛⲛⲉⲅⲣⲁⲙⲙⲁⲧⲉⲩⲥ"/>
		<feat xlink:href="#sSpan134" value="ⲡⲉϫⲁⲩ"/>
		<feat xlink:href="#sSpan137" value="ϩⲣⲁⲓ"/>
		<feat xlink:href="#sSpan140" value="ⲛϩⲏⲧⲟⲩ"/>
		<feat xlink:href="#sSpan143" value="."/>
		<feat xlink:href="#sSpan145" value="ϫⲉⲡⲁⲓ"/>
		<feat xlink:href="#sSpan149" value="ⲉϥϫⲓⲟⲩⲁ"/>
		<feat xlink:href="#sSpan155" value="."/>
		<feat xlink:href="#sSpan158" value="ⲓⲏⲥⲟⲩⲥ"/>
		<feat xlink:href="#sSpan161" value="ⲇⲉ"/>
		<feat xlink:href="#sSpan163" value="ⲉϥⲥⲟⲟⲩⲛ"/>
		<feat xlink:href="#sSpan167" value="ⲛⲛⲉⲩⲙⲉⲉⲩⲉ"/>
		<feat xlink:href="#sSpan172" value="ⲡⲉϫⲁϥ"/>
		<feat xlink:href="#sSpan175" value="ⲛⲁⲩ"/>
		<feat xlink:href="#sSpan178" value="ϫⲉⲁϩⲣⲱⲧⲛ"/>
		<feat xlink:href="#sSpan182" value="ⲧⲉⲧⲛⲙⲉⲉⲩⲉ"/>
		<feat xlink:href="#sSpan185" value="ⲉϩⲉⲛⲡⲉⲑⲟⲟⲩ"/>
		<feat xlink:href="#sSpan193" value="ϩⲣⲁⲓ"/>
		<feat xlink:href="#sSpan196" value="ϩⲛⲛⲉⲧⲛϩⲏⲧ"/>
		<feat xlink:href="#sSpan201" value="."/>
		<feat xlink:href="#sSpan203" value="ⲁϣ"/>
		<feat xlink:href="#sSpan206" value="ⲅⲁⲣ"/>
		<feat xlink:href="#sSpan208" value="ⲡⲉⲧⲙⲟⲧⲛ"/>
		<feat xlink:href="#sSpan212" value="."/>
		<feat xlink:href="#sSpan214" value="ⲉϫⲟⲟⲥ"/>
		<feat xlink:href="#sSpan218" value="ⲡⲉ"/>
		<feat xlink:href="#sSpan220" value="ϫⲉⲛⲉⲕⲛⲟⲃⲉ"/>
		<feat xlink:href="#sSpan225" value="ⲕⲏ"/>
		<feat xlink:href="#sSpan227" value="ⲛⲁⲕ"/>
		<feat xlink:href="#sSpan230" value="ⲉⲃⲟⲗ"/>
		<feat xlink:href="#sSpan232" value="ϫⲛⲉϫⲟⲟⲥ"/>
		<feat xlink:href="#sSpan236" value="ⲡⲉ"/>
		<feat xlink:href="#sSpan238" value="ϫⲉⲧⲱⲟⲩⲛ"/>
		<feat xlink:href="#sSpan241" value="ⲛⲅⲙⲟⲟϣⲉ"/>
		<feat xlink:href="#sSpan245" value="."/>
		<feat xlink:href="#sSpan247" value="ϫⲉⲕⲁⲁⲥ"/>
		<feat xlink:href="#sSpan250" value="ⲇⲉ"/>
		<feat xlink:href="#sSpan252" value="ⲉⲧⲉⲧⲛⲉⲉⲓⲙⲉ"/>
		<feat xlink:href="#sSpan255" value="ϫⲉⲟⲩⲛⲧⲉⲡϣⲏⲣⲉ"/>
		<feat xlink:href="#sSpan261" value="ⲙⲡⲣⲱⲙⲉ"/>
		<feat xlink:href="#sSpan265" value="ⲉⲝⲟⲩⲥⲓⲁ"/>
		<feat xlink:href="#sSpan268" value="ⲉϩⲣⲁⲓ"/>
		<feat xlink:href="#sSpan270" value="ϩⲓϫⲙⲡⲕⲁϩ"/>
		<feat xlink:href="#sSpan275" value="ⲉⲕⲁⲛⲟⲃⲉ"/>
		<feat xlink:href="#sSpan278" value="ⲉⲃⲟⲗ"/>
		<feat xlink:href="#sSpan280" value="ⲧⲟⲧⲉ"/>
		<feat xlink:href="#sSpan282" value="ⲡⲉϫⲁϥ"/>
		<feat xlink:href="#sSpan285" value="ⲙⲡⲉⲧⲥⲏϭ"/>
		<feat xlink:href="#sSpan291" value="ϫⲉⲧⲱⲟⲩⲛ"/>
		<feat xlink:href="#sSpan294" value="ⲛⲅϥⲓ"/>
		<feat xlink:href="#sSpan298" value="ⲙⲡⲉⲕϭⲗⲟϭ"/>
		<feat xlink:href="#sSpan303" value="ⲛⲅⲃⲱⲕ"/>
		<feat xlink:href="#sSpan308" value="ⲉϩⲣⲁⲓ"/>
		<feat xlink:href="#sSpan310" value="ⲉⲡⲉⲕⲏⲓ"/>
		<feat xlink:href="#sSpan315" value="."/>
		<feat xlink:href="#sSpan317" value="ⲁϥⲧⲱⲟⲩⲛ"/>
		<feat xlink:href="#sSpan322" value="ⲇⲉ"/>
		<feat xlink:href="#sSpan324" value="ⲁϥⲃⲱⲕ"/>
		<feat xlink:href="#sSpan329" value="ⲉϩⲣⲁⲓ"/>
		<feat xlink:href="#sSpan331" value="ⲉⲡⲉϥⲏⲓ"/>
		<feat xlink:href="#sSpan336" value="."/>
		<feat xlink:href="#sSpan338" value="ⲁⲩⲛⲁⲩ"/>
		<feat xlink:href="#sSpan343" value="ⲇⲉ"/>
		<feat xlink:href="#sSpan345" value="ⲛϭⲓⲙⲙⲏⲏϣⲉ"/>
		<feat xlink:href="#sSpan350" value="ⲁⲩⲣϩⲟⲧⲉ"/>
		<feat xlink:href="#sSpan356" value="ⲁⲩⲱ"/>
		<feat xlink:href="#sSpan358" value="ⲁⲩϯⲉⲟⲟⲩ"/>
		<feat xlink:href="#sSpan364" value="ⲙⲡⲛⲟⲩⲧⲉ"/>
		<feat xlink:href="#sSpan369" value="ⲡⲉⲛⲧⲁϥϯⲉⲝⲟⲩⲥⲓⲁ"/>
		<feat xlink:href="#sSpan375" value="ⲛⲧⲉⲓⲙⲓⲛⲉ"/>
		<feat xlink:href="#sSpan380" value="ⲛⲛⲣⲱⲙⲉ"/>
		<feat xlink:href="#sSpan384" value="."/>
		<feat xlink:href="#sSpan386" value="ⲛⲧⲉⲣⲉⲓⲏⲥⲟⲩⲥ"/>
		<feat xlink:href="#sSpan391" value="ⲇⲉ"/>
		<feat xlink:href="#sSpan393" value="ⲡⲁⲣⲁⲅⲉ"/>
		<feat xlink:href="#sSpan395" value="ⲉⲃⲟⲗ"/>
		<feat xlink:href="#sSpan398" value="ϩⲙⲡⲙⲁ"/>
		<feat xlink:href="#sSpan403" value="ⲉⲧⲙⲙⲁⲩ"/>
		<feat xlink:href="#sSpan406" value="ⲁϥⲛⲁⲩ"/>
		<feat xlink:href="#sSpan410" value="ⲉⲩⲣⲱⲙⲉ"/>
		<feat xlink:href="#sSpan415" value="ⲉϥϩⲙⲟⲟⲥ"/>
		<feat xlink:href="#sSpan419" value="ϩⲓⲡⲉϥⲧⲉⲗⲱⲛⲓⲟⲛ"/>
		<feat xlink:href="#sSpan424" value="ⲉⲡⲉϥⲣⲁⲛ"/>
		<feat xlink:href="#sSpan429" value="ⲡⲉ"/>
		<feat xlink:href="#sSpan432" value="ⲙⲁⲑⲑⲁⲓⲟⲥ"/>
		<feat xlink:href="#sSpan434" value="."/>
		<feat xlink:href="#sSpan436" value="ⲡⲉϫⲁϥ"/>
		<feat xlink:href="#sSpan439" value="ⲛⲁϥ"/>
		<feat xlink:href="#sSpan442" value="ϫⲉⲟⲩⲁϩⲕ"/>
		<feat xlink:href="#sSpan446" value="ⲛⲥⲱⲓ"/>
		<feat xlink:href="#sSpan449" value="."/>
		<feat xlink:href="#sSpan451" value="ⲁϥⲧⲱⲟⲩⲛ"/>
		<feat xlink:href="#sSpan455" value="ⲇⲉ"/>
		<feat xlink:href="#sSpan457" value="ⲁϥⲟⲩⲁϩϥ"/>
		<feat xlink:href="#sSpan462" value="ⲛⲥⲱϥ"/>
		<feat xlink:href="#sSpan465" value="."/>
		<feat xlink:href="#sSpan467" value="ⲁⲥϣⲱⲡⲉ"/>
		<feat xlink:href="#sSpan472" value="ⲇⲉ"/>
		<feat xlink:href="#sSpan474" value="ⲉϥⲛⲏϫ"/>
		<feat xlink:href="#sSpan478" value="ϩⲣⲁⲓ"/>
		<feat xlink:href="#sSpan481" value="ϩⲙⲡⲉϥⲏⲓ"/>
		<feat xlink:href="#sSpan486" value="ⲉⲓⲥ"/>
		<feat xlink:href="#sSpan489" value="ϩⲏⲏⲧⲉ"/>
		<feat xlink:href="#sSpan491" value="ⲛⲉⲩⲛϩⲁϩ"/>
		<feat xlink:href="#sSpan497" value="ⲛⲧⲉⲗⲱⲛⲏⲥ"/>
		<feat xlink:href="#sSpan500" value="ϩⲓⲣⲉϥⲣⲛⲟⲃⲉ"/>
		<feat xlink:href="#sSpan507" value="ⲉⲩⲛⲏⲩ"/>
		<feat xlink:href="#sSpan512" value="ⲉⲩⲛⲟⲩϫⲉ"/>
		<feat xlink:href="#sSpan517" value="ⲙⲙⲟⲟⲩ"/>
		<feat xlink:href="#sSpan520" value="ⲙⲛⲓⲏⲥⲟⲩⲥ"/>
		<feat xlink:href="#sSpan524" value="ⲁⲩⲱ"/>
		<feat xlink:href="#sSpan527" value="ⲛⲉϥⲙⲁⲑⲏⲧⲏⲥ"/>
		<feat xlink:href="#sSpan530" value="."/>
		<feat xlink:href="#sSpan532" value="ⲁⲩⲛⲁⲩ"/>
		<feat xlink:href="#sSpan537" value="ⲇⲉ"/>
		<feat xlink:href="#sSpan539" value="ⲛϭⲓⲛⲉⲫⲁⲣⲓⲥⲥⲁⲓⲟⲥ"/>
		<feat xlink:href="#sSpan544" value="ⲡⲉϫⲁⲩ"/>
		<feat xlink:href="#sSpan547" value="ⲛⲛⲉϥⲙⲁⲑⲏⲧⲏⲥ"/>
		<feat xlink:href="#sSpan552" value="."/>
		<feat xlink:href="#sSpan554" value="ϫⲉⲉⲧⲃⲉⲟⲩ"/>
		<feat xlink:href="#sSpan560" value="ⲡⲉⲧⲛⲥⲁϩ"/>
		<feat xlink:href="#sSpan563" value="ⲟⲩⲱⲙ"/>
		<feat xlink:href="#sSpan565" value="ⲙⲛⲛⲧⲉⲗⲱⲛⲏⲥ"/>
		<feat xlink:href="#sSpan570" value="ⲁⲩⲱ"/>
		<feat xlink:href="#sSpan573" value="ⲛⲣⲉϥⲣⲛⲟⲃⲉ"/>
		<feat xlink:href="#sSpan579" value="."/>
		<feat xlink:href="#sSpan581" value="ⲛⲧⲟϥ"/>
		<feat xlink:href="#sSpan584" value="ⲇⲉ"/>
		<feat xlink:href="#sSpan586" value="ⲁϥⲥⲱⲧⲙ"/>
		<feat xlink:href="#sSpan590" value="ⲡⲉϫⲁϥ"/>
		<feat xlink:href="#sSpan593" value="."/>
		<feat xlink:href="#sSpan595" value="ϫⲉⲛⲉⲧⲧⲏⲕ"/>
		<feat xlink:href="#sSpan601" value="ⲁⲛ"/>
		<feat xlink:href="#sSpan603" value="ⲛⲉⲧⲣⲭⲣⲓⲁ"/>
		<feat xlink:href="#sSpan609" value="ⲙⲡⲥⲁⲉⲓⲛ"/>
		<feat xlink:href="#sSpan614" value="."/>
		<feat xlink:href="#sSpan616" value="ⲁⲗⲗⲁ"/>
		<feat xlink:href="#sSpan619" value="ⲛⲉⲧⲙⲟⲕϩ"/>
		<feat xlink:href="#sSpan623" value="ⲛⲉ"/>
		<feat xlink:href="#sSpan625" value="."/>
		<feat xlink:href="#sSpan627" value="ⲃⲱⲕ"/>
		<feat xlink:href="#sSpan630" value="ⲇⲉ"/>
		<feat xlink:href="#sSpan632" value="ⲛⲧⲉⲧⲛⲉⲓⲙⲉ"/>
		<feat xlink:href="#sSpan636" value="ϫⲉⲟⲩ"/>
		<feat xlink:href="#sSpan639" value="ⲡⲉ"/>
		<feat xlink:href="#sSpan641" value="ⲉⲓⲟⲩⲉϣⲟⲩⲛⲁ"/>
		<feat xlink:href="#sSpan648" value="ⲉϩⲟⲩⲉⲟⲩⲑⲩⲥⲓⲁ"/>
		<feat xlink:href="#sSpan653" value="."/>
		<feat xlink:href="#sSpan655" value="ⲛⲧⲁⲓⲉⲓ"/>
		<feat xlink:href="#sSpan660" value="ⲅⲁⲣ"/>
		<feat xlink:href="#sSpan662" value="ⲁⲛ"/>
		<feat xlink:href="#sSpan664" value="ⲉⲧⲉϩⲙⲛⲇⲓⲕⲁⲓⲟⲥ"/>
		<feat xlink:href="#sSpan670" value="."/>
		<feat xlink:href="#sSpan672" value="ⲁⲗⲗⲁ"/>
		<feat xlink:href="#sSpan675" value="ⲛⲣⲉϥⲣⲛⲟⲃⲉ"/>
		<feat xlink:href="#sSpan681" value="ⲉⲩⲙⲉⲧⲁⲛⲟⲓⲁ"/>
		<feat xlink:href="#sSpan686" value="."/>
		<feat xlink:href="#sSpan688" value="ⲧⲟⲧⲉ"/>
		<feat xlink:href="#sSpan691" value="ⲁⲩϯⲡⲉⲩⲟⲩⲟⲓ"/>
		<feat xlink:href="#sSpan697" value="ⲉⲣⲟϥ"/>
		<feat xlink:href="#sSpan700" value="ⲛϭⲓⲙⲙⲁⲑⲏⲧⲏⲥ"/>
		<feat xlink:href="#sSpan705" value="ⲛⲓⲱϩⲁⲛⲛⲏⲥ"/>
		<feat xlink:href="#sSpan709" value="ⲉⲩϫⲱ"/>
		<feat xlink:href="#sSpan713" value="ⲙⲙⲟⲥ"/>
		<feat xlink:href="#sSpan716" value="ϫⲉⲉⲧⲃⲉⲟⲩ"/>
		<feat xlink:href="#sSpan721" value="ⲁⲛⲟⲛ"/>
		<feat xlink:href="#sSpan723" value="ⲙⲛⲛⲉⲫⲁⲣⲓⲥⲥⲁⲓⲟⲥ"/>
		<feat xlink:href="#sSpan728" value="ⲧⲛⲛⲏⲥⲧⲉⲩⲉ"/>
		<feat xlink:href="#sSpan731" value="ⲛϩⲁϩ"/>
		<feat xlink:href="#sSpan735" value="ⲛⲥⲟⲡ"/>
		<feat xlink:href="#sSpan738" value="."/>
		<feat xlink:href="#sSpan741" value="ⲛⲉⲕⲙⲁⲑⲏⲧⲏⲥ"/>
		<feat xlink:href="#sSpan744" value="ⲇⲉ"/>
		<feat xlink:href="#sSpan746" value="ⲛⲥⲉⲛⲏⲥⲧⲉⲩⲉ"/>
		<feat xlink:href="#sSpan750" value="ⲁⲛ"/>
		<feat xlink:href="#sSpan752" value="."/>
		<feat xlink:href="#sSpan754" value="ⲡⲉϫⲁϥ"/>
		<feat xlink:href="#sSpan758" value="ⲛⲁⲩ"/>
		<feat xlink:href="#sSpan761" value="ⲛϭⲓⲓⲏⲥⲟⲩⲥ"/>
		<feat xlink:href="#sSpan765" value="ϫⲉⲙⲏ"/>
		<feat xlink:href="#sSpan768" value="ⲟⲩⲛϭⲟⲙ"/>
		<feat xlink:href="#sSpan771" value="ⲛⲛⲉϣⲏⲣⲉ"/>
		<feat xlink:href="#sSpan775" value="ⲙⲡⲙⲁ"/>
		<feat xlink:href="#sSpan780" value="ⲧϣⲉⲗⲉⲉⲧ"/>
		<feat xlink:href="#sSpan784" value="ⲉⲛⲏⲥⲧⲉⲩⲉ"/>
		<feat xlink:href="#sSpan787" value="ⲉⲡϩⲟⲥⲟⲛ"/>
		<feat xlink:href="#sSpan791" value="ⲡⲁⲧϣⲉⲗⲉⲉⲧ"/>
		<feat xlink:href="#sSpan796" value="ϣⲟⲟⲡ"/>
		<feat xlink:href="#sSpan798" value="ⲛⲙⲙⲁⲩ"/>
		<feat xlink:href="#sSpan801" value="ⲥⲉⲛⲏⲩ"/>
		<feat xlink:href="#sSpan804" value="ⲇⲉ"/>
		<feat xlink:href="#sSpan806" value="ⲛϭⲓϩⲉⲛϩⲟⲟⲩ"/>
		<feat xlink:href="#sSpan811" value="ϩⲟⲧⲁⲛ"/>
		<feat xlink:href="#sSpan813" value="ⲉⲩϣⲁⲛϥⲓ"/>
		<feat xlink:href="#sSpan816" value="ⲙⲡⲁⲧϣⲉⲗⲉⲉⲧ"/>
		<feat xlink:href="#sSpan822" value="ⲛⲧⲟⲟⲧⲟⲩ"/>
		<feat xlink:href="#sSpan825" value="ⲧⲟⲧⲉ"/>
		<feat xlink:href="#sSpan827" value="ⲥⲉⲛⲁⲛⲏⲥⲧⲉⲩⲉ"/>
		<feat xlink:href="#sSpan831" value="."/>
		<feat xlink:href="#sSpan833" value="ⲙⲉⲣⲉⲗⲁⲁⲩ"/>
		<feat xlink:href="#sSpan838" value="ϩⲓⲟⲩⲧⲟⲉⲓⲥ"/>
		<feat xlink:href="#sSpan843" value="ⲛϣⲁⲓ"/>
		<feat xlink:href="#sSpan846" value="ⲉⲩϣⲧⲏⲛ"/>
		<feat xlink:href="#sSpan851" value="ⲙⲡⲗϭⲉ"/>
		<feat xlink:href="#sSpan855" value="."/>
		<feat xlink:href="#sSpan857" value="ⲥⲛⲁϥⲓ"/>
		<feat xlink:href="#sSpan861" value="ⲅⲁⲣ"/>
		<feat xlink:href="#sSpan863" value="ⲙⲡⲉⲥⲕⲱⲧⲉ"/>
		<feat xlink:href="#sSpan869" value="ⲉⲃⲟⲗ"/>
		<feat xlink:href="#sSpan871" value="ϩⲛⲧⲉϣⲧⲏⲛ"/>
		<feat xlink:href="#sSpan876" value="ⲛϥϣⲱⲡⲉ"/>
		<feat xlink:href="#sSpan880" value="ⲛϭⲓⲟⲩⲛⲟϭ"/>
		<feat xlink:href="#sSpan885" value="ⲙⲡⲱϩ"/>
		<feat xlink:href="#sSpan888" value="."/>
		<feat xlink:href="#sSpan890" value="ⲟⲩⲇⲉ"/>
		<feat xlink:href="#sSpan893" value="ⲙⲉⲩⲛⲉϫⲙⲣⲓⲥ"/>
		<feat xlink:href="#sSpan897" value="ⲉϩⲱⲧ"/>
		<feat xlink:href="#sSpan901" value="ⲛⲁⲥ"/>
		<feat xlink:href="#sSpan904" value="ⲉϣⲱⲡⲉ"/>
		<feat xlink:href="#sSpan907" value="ⲙⲙⲟⲛ"/>
		<feat xlink:href="#sSpan909" value="ϣⲁⲩⲡⲱϩ"/>
		<feat xlink:href="#sSpan913" value="ⲛϭⲓⲛϩⲱⲧ"/>
		<feat xlink:href="#sSpan918" value="ⲛⲧⲉⲡⲏⲣⲡ"/>
		<feat xlink:href="#sSpan923" value="ⲡⲱⲛ"/>
		<feat xlink:href="#sSpan925" value="ⲉⲃⲟⲗ"/>
		<feat xlink:href="#sSpan927" value="ⲛⲧⲉⲛⲕⲉϩⲱⲧ"/>
		<feat xlink:href="#sSpan933" value="ⲧⲁⲕⲟ"/>
		<feat xlink:href="#sSpan935" value="ⲁⲗⲗⲁ"/>
		<feat xlink:href="#sSpan937" value="ⲛϣⲁⲩⲛⲉϫⲏⲣⲡ"/>
		<feat xlink:href="#sSpan944" value="ⲛⲃⲣⲣⲉ"/>
		<feat xlink:href="#sSpan947" value="ⲉⲁⲥⲕⲟⲥ"/>
		<feat xlink:href="#sSpan951" value="ⲛⲃⲣⲣⲉ"/>
		<feat xlink:href="#sSpan954" value="ⲛⲥⲉϣⲱⲡⲉ"/>
		<feat xlink:href="#sSpan958" value="ⲉⲩⲟⲩⲟϫ"/>
		<feat xlink:href="#sSpan962" value="ⲙⲡⲉⲥⲛⲁⲩ"/>
		<feat xlink:href="#sSpan967" value="."/>
		<feat xlink:href="#sSpan970" value="ⲛⲁⲓ"/>
		<feat xlink:href="#sSpan973" value="ⲉϥϫⲱ"/>
		<feat xlink:href="#sSpan977" value="ⲙⲙⲟⲟⲩ"/>
		<feat xlink:href="#sSpan980" value="ⲛⲁⲩ"/>
		<feat xlink:href="#sSpan983" value="ⲉⲓⲥ"/>
		<feat xlink:href="#sSpan986" value="ϩⲏⲏⲧⲉ"/>
		<feat xlink:href="#sSpan988" value="ⲉⲓⲥⲟⲩⲁⲣⲭⲱⲛ"/>
		<feat xlink:href="#sSpan993" value="ⲁϥϯⲡⲉϥⲟⲩⲟⲓ"/>
		<feat xlink:href="#sSpan1000" value="ⲉⲣⲟϥ"/>
		<feat xlink:href="#sSpan1003" value="ⲁϥⲟⲩⲱϣⲧ"/>
		<feat xlink:href="#sSpan1007" value="ⲛⲁϥ"/>
		<feat xlink:href="#sSpan1010" value="ⲉϥϫⲱ"/>
		<feat xlink:href="#sSpan1014" value="ⲙⲙⲟⲥ"/>
		<feat xlink:href="#sSpan1017" value="ϫⲉⲁⲧⲁϣⲉⲉⲣⲉ"/>
		<feat xlink:href="#sSpan1023" value="ⲙⲟⲩ"/>
		<feat xlink:href="#sSpan1025" value="ⲧⲉⲛⲟⲩ"/>
		<feat xlink:href="#sSpan1027" value="ⲁⲗⲗⲁ"/>
		<feat xlink:href="#sSpan1029" value="ⲁⲙⲟⲩ"/>
		<feat xlink:href="#sSpan1031" value="ⲛⲅⲧⲁⲗⲟ"/>
		<feat xlink:href="#sSpan1035" value="ⲛⲧⲉⲕϭⲓϫ"/>
		<feat xlink:href="#sSpan1040" value="ⲉϩⲣⲁⲓ"/>
		<feat xlink:href="#sSpan1042" value="ⲉϫⲱⲥ"/>
		<feat xlink:href="#sSpan1045" value="ⲁⲩⲱ"/>
		<feat xlink:href="#sSpan1047" value="ⲥⲛⲁⲱⲛϩ"/>
		<feat xlink:href="#sSpan1051" value="."/>
		<feat xlink:href="#sSpan1053" value="ⲁϥⲧⲱⲟⲩⲛ"/>
		<feat xlink:href="#sSpan1058" value="ⲇⲉ"/>
		<feat xlink:href="#sSpan1060" value="ⲛϭⲓⲓⲏⲥⲟⲩⲥ"/>
		<feat xlink:href="#sSpan1064" value="ⲁϥⲟⲩⲁϩϥ"/>
		<feat xlink:href="#sSpan1069" value="ⲛⲥⲱϥ"/>
		<feat xlink:href="#sSpan1072" value="ⲙⲛⲛⲉϥⲙⲁⲑⲏⲧⲏⲥ"/>
		<feat xlink:href="#sSpan1077" value="."/>
		<feat xlink:href="#sSpan1079" value="ⲉⲓⲥⲟⲩⲥϩⲓⲙⲉ"/>
		<feat xlink:href="#sSpan1085" value="ⲇⲉ"/>
		<feat xlink:href="#sSpan1087" value="ⲉⲣⲉⲡⲉⲥⲛⲟϥ"/>
		<feat xlink:href="#sSpan1092" value="ϣⲟⲟⲡ"/>
		<feat xlink:href="#sSpan1094" value="ϩⲁⲣⲟⲥ"/>
		<feat xlink:href="#sSpan1097" value="ⲙⲙⲛⲧⲥⲛⲟⲟⲩⲥⲉ"/>
		<feat xlink:href="#sSpan1104" value="ⲛⲣⲟⲙⲡⲉ"/>
		<feat xlink:href="#sSpan1107" value="."/>
		<feat xlink:href="#sSpan1109" value="ⲁⲥϯⲡⲉⲥⲟⲩⲟⲓ"/>
		<feat xlink:href="#sSpan1115" value="ⲡⲁϩⲟⲩ"/>
		<feat xlink:href="#sSpan1118" value="ⲙⲙⲟϥ"/>
		<feat xlink:href="#sSpan1121" value="ⲁⲥϫⲱϩ"/>
		<feat xlink:href="#sSpan1125" value="ⲉⲡⲧⲟⲡ"/>
		<feat xlink:href="#sSpan1130" value="ⲙⲡⲉϥϩⲟⲓⲧⲉ"/>
		<feat xlink:href="#sSpan1135" value="."/>
		<feat xlink:href="#sSpan1137" value="ⲛⲉⲥϫⲱ"/>
		<feat xlink:href="#sSpan1142" value="ⲅⲁⲣ"/>
		<feat xlink:href="#sSpan1144" value="ⲙⲙⲟⲥ"/>
		<feat xlink:href="#sSpan1147" value="ϩⲣⲁⲓ"/>
		<feat xlink:href="#sSpan1150" value="ⲛϩⲏⲧⲥ"/>
		<feat xlink:href="#sSpan1153" value="."/>
		<feat xlink:href="#sSpan1155" value="ϫⲉⲉⲓϣⲁⲛϫⲱϩ"/>
		<feat xlink:href="#sSpan1159" value="ⲙⲙⲁⲧⲉ"/>
		<feat xlink:href="#sSpan1161" value="ⲉⲡⲧⲟⲡ"/>
		<feat xlink:href="#sSpan1166" value="ⲛⲧⲉϥϣⲧⲏⲛ"/>
		<feat xlink:href="#sSpan1171" value="ϯⲛⲁⲟⲩϫⲁⲓ"/>
		<feat xlink:href="#sSpan1175" value="."/>
		<feat xlink:href="#sSpan1178" value="ⲓⲏⲥⲟⲩⲥ"/>
		<feat xlink:href="#sSpan1181" value="ⲇⲉ"/>
		<feat xlink:href="#sSpan1183" value="ⲁϥⲕⲟⲧϥ"/>
		<feat xlink:href="#sSpan1188" value="ⲁϥⲛⲁⲩ"/>
		<feat xlink:href="#sSpan1192" value="ⲉⲣⲟⲥ"/>
		<feat xlink:href="#sSpan1195" value="ⲡⲉϫⲁϥ"/>
		<feat xlink:href="#sSpan1198" value="ⲛⲁⲥ"/>
		<feat xlink:href="#sSpan1201" value="."/>
		<feat xlink:href="#sSpan1203" value="ϫⲉⲧⲱⲕ"/>
		<feat xlink:href="#sSpan1206" value="ⲙⲙⲟⲧⲁϣⲉⲉⲣⲉ"/>
		<feat xlink:href="#sSpan1209" value="ⲧⲟⲩⲡⲓⲥⲧⲓⲥ"/>
		<feat xlink:href="#sSpan1212" value="ⲧⲉ"/>
		<feat xlink:href="#sSpan1214" value="ⲛⲧⲁⲥⲛⲁϩⲙⲉ"/>
		<feat xlink:href="#sSpan1219" value="."/>
		<feat xlink:href="#sSpan1221" value="ⲁⲩⲱ"/>
		<feat xlink:href="#sSpan1223" value="ⲁⲥⲟⲩϫⲁⲓ"/>
		<feat xlink:href="#sSpan1227" value="ⲛϭⲓⲧⲉⲥϩⲓⲙⲉ"/>
		<feat xlink:href="#sSpan1232" value="ϫⲓⲛⲧⲉⲩⲛⲟⲩ"/>
		<feat xlink:href="#sSpan1237" value="ⲉⲧⲙⲙⲁⲩ"/>
		<feat xlink:href="#sSpan1240" value="."/>
		<feat xlink:href="#sSpan1242" value="ⲛⲧⲉⲣⲉϥⲉⲓ"/>
		<feat xlink:href="#sSpan1247" value="ⲇⲉ"/>
		<feat xlink:href="#sSpan1249" value="ⲛϭⲓⲓⲏⲥⲟⲩⲥ"/>
		<feat xlink:href="#sSpan1253" value="ⲉϩⲣⲁⲓ"/>
		<feat xlink:href="#sSpan1255" value="ⲉⲡⲏⲓ"/>
		<feat xlink:href="#sSpan1260" value="ⲙⲡⲁⲣⲭⲱⲛ"/>
		<feat xlink:href="#sSpan1265" value="ⲁϥⲛⲁⲩ"/>
		<feat xlink:href="#sSpan1269" value="ⲉⲛⲣⲉϥϫⲟⲟⲩⲉ"/>
		<feat xlink:href="#sSpan1277" value="ⲙⲛⲡⲙⲏⲏϣⲉ"/>
		<feat xlink:href="#sSpan1282" value="ⲉⲩϣⲧⲣⲧⲱⲣ"/>
		<feat xlink:href="#sSpan1286" value="."/>
		<feat xlink:href="#sSpan1288" value="ⲡⲉϫⲁϥ"/>
		<feat xlink:href="#sSpan1292" value="ϫⲉⲁⲛⲁⲭⲱⲣⲉⲓ"/>
		<feat xlink:href="#sSpan1295" value="ⲛⲏⲧⲛ"/>
		<feat xlink:href="#sSpan1298" value="ⲙⲡⲉⲥⲙⲟⲩ"/>
		<feat xlink:href="#sSpan1303" value="ⲅⲁⲣ"/>
		<feat xlink:href="#sSpan1305" value="ⲛϭⲓⲧϣⲉⲉⲣⲉ"/>
		<feat xlink:href="#sSpan1311" value="ϣⲏⲙ"/>
		<feat xlink:href="#sSpan1313" value="."/>
		<feat xlink:href="#sSpan1315" value="ⲁⲗⲗⲁ"/>
		<feat xlink:href="#sSpan1317" value="ⲉⲥⲛⲕⲟⲧⲕ"/>
		<feat xlink:href="#sSpan1321" value="."/>
		<feat xlink:href="#sSpan1323" value="ⲛⲧⲟⲟⲩ"/>
		<feat xlink:href="#sSpan1325" value="ⲇⲉ"/>
		<feat xlink:href="#sSpan1327" value="ⲛⲉⲩⲥⲱⲃⲉ"/>
		<feat xlink:href="#sSpan1331" value="ⲛⲥⲱϥ"/>
		<feat xlink:href="#sSpan1334" value="ⲉⲩⲥⲟⲟⲩⲛ"/>
		<feat xlink:href="#sSpan1338" value="ϫⲉⲁⲥⲙⲟⲩ"/>
		<feat xlink:href="#sSpan1343" value="."/>
		<feat xlink:href="#sSpan1345" value="ⲛⲧⲉⲣⲟⲩⲛⲟⲩϫⲉ"/>
		<feat xlink:href="#sSpan1350" value="ⲇⲉ"/>
		<feat xlink:href="#sSpan1352" value="ⲉⲃⲟⲗ"/>
		<feat xlink:href="#sSpan1354" value="ⲙⲡⲙⲏⲏϣⲉ"/>
		<feat xlink:href="#sSpan1359" value="ⲁϥⲃⲱⲕ"/>
		<feat xlink:href="#sSpan1364" value="ⲉϩⲟⲩⲛ"/>
		<feat xlink:href="#sSpan1366" value="ⲁϥⲁⲙⲁϩⲧⲉ"/>
		<feat xlink:href="#sSpan1370" value="ⲛⲧⲉⲥϭⲓϫ"/>
		<feat xlink:href="#sSpan1375" value="."/>
		<feat xlink:href="#sSpan1377" value="ⲁⲥⲧⲱⲟⲩⲛ"/>
		<feat xlink:href="#sSpan1381" value="ⲛϭⲓⲧϣⲉⲉⲣⲉ"/>
		<feat xlink:href="#sSpan1387" value="ϣⲏⲙ"/>
		<feat xlink:href="#sSpan1389" value="."/>
		<feat xlink:href="#sSpan1392" value="ⲡⲉϥⲥⲟⲉⲓⲧ"/>
		<feat xlink:href="#sSpan1396" value="ⲁϥⲉⲓ"/>
		<feat xlink:href="#sSpan1401" value="ⲉⲃⲟⲗ"/>
		<feat xlink:href="#sSpan1403" value="ϩⲙⲡⲕⲁϩ"/>
		<feat xlink:href="#sSpan1408" value="ⲧⲏⲣϥ"/>
		<feat xlink:href="#sSpan1411" value="ⲉⲧⲙⲙⲁⲩ"/>
		<feat xlink:href="#sSpan1414" value="."/>
		<feat xlink:href="#sSpan1416" value="ⲉϥⲡⲁⲣⲁⲅⲉ"/>
		<feat xlink:href="#sSpan1421" value="ⲇⲉ"/>
		<feat xlink:href="#sSpan1423" value="ⲉⲃⲟⲗ"/>
		<feat xlink:href="#sSpan1426" value="ϩⲙⲡⲙⲁ"/>
		<feat xlink:href="#sSpan1431" value="ⲉⲧⲙⲙⲁⲩ"/>
		<feat xlink:href="#sSpan1434" value="ⲛϭⲓⲓⲏⲥⲟⲩⲥ"/>
		<feat xlink:href="#sSpan1438" value="ⲁⲩⲟⲩⲁϩⲟⲩ"/>
		<feat xlink:href="#sSpan1443" value="ⲛⲥⲱϥ"/>
		<feat xlink:href="#sSpan1446" value="ⲛϭⲓⲃⲗⲗⲉ"/>
		<feat xlink:href="#sSpan1451" value="ⲥⲛⲁⲩ"/>
		<feat xlink:href="#sSpan1453" value="ⲉⲩϫⲓϣⲕⲁⲕ"/>
		<feat xlink:href="#sSpan1459" value="ⲉⲃⲟⲗ"/>
		<feat xlink:href="#sSpan1461" value="ⲉⲩϫⲱ"/>
		<feat xlink:href="#sSpan1465" value="ⲙⲙⲟⲥ"/>
		<feat xlink:href="#sSpan1468" value="ϫⲉⲛⲁⲛⲁⲛ"/>
		<feat xlink:href="#sSpan1472" value="ⲓⲏⲥⲟⲩⲥ"/>
		<feat xlink:href="#sSpan1475" value="ⲡϣⲏⲣⲉ"/>
		<feat xlink:href="#sSpan1478" value="ⲛⲇⲁⲩⲉⲓⲇ"/>
		<feat xlink:href="#sSpan1482" value="."/>
		<feat xlink:href="#sSpan1484" value="ⲛⲧⲉⲣⲉϥⲉⲓ"/>
		<feat xlink:href="#sSpan1489" value="ⲇⲉ"/>
		<feat xlink:href="#sSpan1491" value="ⲉϩⲣⲁⲓ"/>
		<feat xlink:href="#sSpan1493" value="ⲉⲡⲏⲓ"/>
		<feat xlink:href="#sSpan1498" value="ⲁⲩϯⲡⲉⲩⲟⲩⲟⲓ"/>
		<feat xlink:href="#sSpan1504" value="ⲉⲣⲟϥ"/>
		<feat xlink:href="#sSpan1507" value="ⲛϭⲓⲛⲃⲗⲗⲉ"/>
		<feat xlink:href="#sSpan1512" value="ⲡⲉϫⲁϥ"/>
		<feat xlink:href="#sSpan1515" value="ⲛⲁⲩ"/>
		<feat xlink:href="#sSpan1518" value="ⲛϭⲓⲓⲏⲥⲟⲩⲥ"/>
		<feat xlink:href="#sSpan1522" value="."/>
		<feat xlink:href="#sSpan1524" value="ϫⲉⲧⲉⲧⲛⲡⲓⲥⲧⲉⲩⲉ"/>
		<feat xlink:href="#sSpan1528" value="ϫⲉⲟⲩⲛϭⲟⲙ"/>
		<feat xlink:href="#sSpan1532" value="ⲙⲙⲟⲓ"/>
		<feat xlink:href="#sSpan1535" value="ⲉⲣⲡⲁⲓ"/>
		<feat xlink:href="#sSpan1540" value="."/>
		<feat xlink:href="#sSpan1542" value="ⲡⲉϫⲁⲩ"/>
		<feat xlink:href="#sSpan1545" value="ⲛⲁϥ"/>
		<feat xlink:href="#sSpan1548" value="ϫⲉⲥⲉⲡϫⲟⲉⲓⲥ"/>
		<feat xlink:href="#sSpan1554" value="."/>
		<feat xlink:href="#sSpan1556" value="ⲧⲟⲧⲉ"/>
		<feat xlink:href="#sSpan1559" value="ⲁϥϫⲱϩ"/>
		<feat xlink:href="#sSpan1563" value="ⲉⲛⲉⲩⲃⲁⲗ"/>
		<feat xlink:href="#sSpan1568" value="ⲉϥϫⲱ"/>
		<feat xlink:href="#sSpan1572" value="ⲙⲙⲟⲥ"/>
		<feat xlink:href="#sSpan1575" value="ϫⲉⲕⲁⲧⲁⲧⲉⲧⲛⲡⲓⲥⲧⲓⲥ"/>
		<feat xlink:href="#sSpan1581" value="ⲙⲁⲣⲉⲥϣⲱⲡⲉ"/>
		<feat xlink:href="#sSpan1585" value="ⲛⲏⲧⲛ"/>
		<feat xlink:href="#sSpan1588" value="."/>
		<feat xlink:href="#sSpan1590" value="ⲁⲩⲱ"/>
		<feat xlink:href="#sSpan1593" value="ⲁⲩⲟⲩⲱⲛ"/>
		<feat xlink:href="#sSpan1597" value="ⲛϭⲓⲛⲉⲩⲃⲁⲗ"/>
		<feat xlink:href="#sSpan1602" value="."/>
		<feat xlink:href="#sSpan1604" value="ⲁϥϩⲱⲛ"/>
		<feat xlink:href="#sSpan1608" value="ⲉⲧⲟⲟⲧⲟⲩ"/>
		<feat xlink:href="#sSpan1611" value="ⲛϭⲓⲓⲏⲥⲟⲩⲥ"/>
		<feat xlink:href="#sSpan1615" value="ⲉϥϫⲱ"/>
		<feat xlink:href="#sSpan1619" value="ⲙⲙⲟⲥ"/>
		<feat xlink:href="#sSpan1622" value="ϫⲉϭⲱϣⲧ"/>
		<feat xlink:href="#sSpan1625" value="ⲙⲡⲣⲧⲣⲉⲗⲁⲁⲩ"/>
		<feat xlink:href="#sSpan1629" value="ⲉⲓⲙⲉ"/>
		<feat xlink:href="#sSpan1631" value="."/>
		<feat xlink:href="#sSpan1633" value="ⲛⲧⲟⲟⲩ"/>
		<feat xlink:href="#sSpan1636" value="ⲇⲉ"/>
		<feat xlink:href="#sSpan1638" value="ⲁⲩⲉⲓ"/>
		<feat xlink:href="#sSpan1643" value="ⲉⲃⲟⲗ"/>
		<feat xlink:href="#sSpan1645" value="ⲁⲩϯ"/>
		<feat xlink:href="#sSpan1649" value="ⲙⲡⲉϥⲥⲟⲉⲓⲧ"/>
		<feat xlink:href="#sSpan1654" value="ϩⲙⲡⲕⲁϩ"/>
		<feat xlink:href="#sSpan1659" value="ⲧⲏⲣϥ"/>
		<feat xlink:href="#sSpan1662" value="ⲉⲧⲙⲙⲁⲩ"/>
		<feat xlink:href="#sSpan1665" value="."/>
		<feat xlink:href="#sSpan1667" value="ⲉϥⲛⲏⲩ"/>
		<feat xlink:href="#sSpan1672" value="ⲇⲉ"/>
		<feat xlink:href="#sSpan1674" value="ⲉⲃⲟⲗ"/>
		<feat xlink:href="#sSpan1676" value="."/>
		<feat xlink:href="#sSpan1678" value="ⲉⲓⲥ"/>
		<feat xlink:href="#sSpan1681" value="ϩⲏⲏⲧⲉ"/>
		<feat xlink:href="#sSpan1683" value="ⲁⲩⲉⲓⲛⲉ"/>
		<feat xlink:href="#sSpan1687" value="ⲛⲁϥ"/>
		<feat xlink:href="#sSpan1690" value="ⲛⲟⲩⲙⲡⲟ"/>
		<feat xlink:href="#sSpan1695" value="ⲉⲣⲉⲟⲩⲇⲁⲓⲙⲱⲛⲓⲟⲛ"/>
		<feat xlink:href="#sSpan1700" value="ϩⲓⲱⲱϥ"/>
		<feat xlink:href="#sSpan1703" value="."/>
		<feat xlink:href="#sSpan1705" value="ⲁⲩⲱ"/>
		<feat xlink:href="#sSpan1708" value="ⲛⲧⲉⲣⲉϥⲛⲟⲩϫⲉ"/>
		<feat xlink:href="#sSpan1713" value="ⲉⲃⲟⲗ"/>
		<feat xlink:href="#sSpan1715" value="ⲙⲡⲇⲁⲓⲙⲱⲛⲓⲟⲛ"/>
		<feat xlink:href="#sSpan1720" value="ⲁϥϣⲁϫⲉ"/>
		<feat xlink:href="#sSpan1724" value="ⲛϭⲓⲡⲉⲙⲡⲟ"/>
		<feat xlink:href="#sSpan1729" value="."/>
		<feat xlink:href="#sSpan1731" value="ⲁⲩⲣϣⲡⲏⲣⲉ"/>
		<feat xlink:href="#sSpan1737" value="ⲛϭⲓⲙⲙⲏⲏϣⲉ"/>
		<feat xlink:href="#sSpan1742" value="ⲉⲩϫⲱ"/>
		<feat xlink:href="#sSpan1746" value="ⲙⲙⲟⲥ"/>
		<feat xlink:href="#sSpan1749" value="ϫⲉⲙⲡⲉⲟⲩⲟⲛ"/>
		<feat xlink:href="#sSpan1754" value="ⲛⲧⲉⲓϩⲉ"/>
		<feat xlink:href="#sSpan1758" value="ⲟⲩⲱⲛϩ"/>
		<feat xlink:href="#sSpan1762" value="ⲉⲃⲟⲗ"/>
		<feat xlink:href="#sSpan1764" value="ⲉⲛⲉϩ"/>
		<feat xlink:href="#sSpan1766" value="ϩⲙⲡⲓⲥⲣⲁⲏⲗ"/>
		<feat xlink:href="#sSpan1771" value="."/>
		<feat xlink:href="#sSpan1774" value="ⲛⲉⲫⲁⲣⲓⲥⲥⲁⲓⲟⲥ"/>
		<feat xlink:href="#sSpan1778" value="ⲇⲉ"/>
		<feat xlink:href="#sSpan1780" value="ⲛⲉⲩϫⲱ"/>
		<feat xlink:href="#sSpan1784" value="ⲙⲙⲟⲥ"/>
		<feat xlink:href="#sSpan1787" value="ϫⲉϩⲣⲁⲓ"/>
		<feat xlink:href="#sSpan1792" value="ϩⲙⲡⲁⲣⲭⲱⲛ"/>
		<feat xlink:href="#sSpan1797" value="ⲛⲛⲇⲁⲓⲙⲱⲛⲓⲟⲛ"/>
		<feat xlink:href="#sSpan1802" value="ⲉϥⲛⲟⲩϫⲉ"/>
		<feat xlink:href="#sSpan1807" value="ⲉⲃⲟⲗ"/>
		<feat xlink:href="#sSpan1809" value="ⲛⲛⲇⲁⲓⲙⲱⲛⲓⲟⲛ"/>
		<feat xlink:href="#sSpan1814" value="."/>
		<feat xlink:href="#sSpan1816" value="ⲁⲩⲱ"/>
		<feat xlink:href="#sSpan1819" value="ⲁϥⲙⲟⲩϣⲧ"/>
		<feat xlink:href="#sSpan1823" value="ⲛϭⲓⲓⲏⲥⲟⲩⲥ"/>
		<feat xlink:href="#sSpan1827" value="ⲛⲙⲡⲟⲗⲓⲥ"/>
		<feat xlink:href="#sSpan1832" value="ⲧⲏⲣⲟⲩ"/>
		<feat xlink:href="#sSpan1835" value="ⲙⲛⲛϯⲙⲉ"/>
		<feat xlink:href="#sSpan1840" value="ⲉϥϯⲥⲃⲱ"/>
		<feat xlink:href="#sSpan1846" value="ϩⲣⲁⲓ"/>
		<feat xlink:href="#sSpan1849" value="ϩⲛⲛⲉⲩⲥⲩⲛⲁⲅⲱⲅⲏ"/>
		<feat xlink:href="#sSpan1854" value="."/>
		<feat xlink:href="#sSpan1856" value="ⲁⲩⲱ"/>
		<feat xlink:href="#sSpan1858" value="ⲉϥⲧⲁϣⲉⲟⲉⲓϣ"/>
		<feat xlink:href="#sSpan1864" value="ⲙⲡⲉⲩⲁⲅⲅⲉⲗⲓⲟⲛ"/>
		<feat xlink:href="#sSpan1869" value="ⲛⲧⲙⲛⲧⲣⲣⲟ"/>
		<feat xlink:href="#sSpan1876" value="ⲉϥⲣⲡⲁϩⲣⲉ"/>
		<feat xlink:href="#sSpan1880" value="ⲉϣⲱⲛⲉ"/>
		<feat xlink:href="#sSpan1883" value="ⲛⲓⲙ"/>
		<feat xlink:href="#sSpan1885" value="ϩⲓⲗⲟϫⲗⲉϫ"/>
		<feat xlink:href="#sSpan1889" value="ⲛⲓⲙ"/>
		<feat xlink:href="#sSpan1891" value="."/>
		<feat xlink:href="#sSpan1893" value="ⲛⲧⲉⲣⲉϥⲛⲁⲩ"/>
		<feat xlink:href="#sSpan1898" value="ⲇⲉ"/>
		<feat xlink:href="#sSpan1900" value="ⲉⲙⲙⲏⲏϣⲉ"/>
		<feat xlink:href="#sSpan1905" value="ⲁϥϣⲛϩⲧⲏϥ"/>
		<feat xlink:href="#sSpan1911" value="ϩⲁⲣⲟⲟⲩ"/>
		<feat xlink:href="#sSpan1914" value="ϫⲉⲛⲉⲩⲥⲕⲩⲗⲗⲉⲓ"/>
		<feat xlink:href="#sSpan1919" value="ⲡⲉ"/>
		<feat xlink:href="#sSpan1921" value="."/>
		<feat xlink:href="#sSpan1923" value="ⲁⲩⲱ"/>
		<feat xlink:href="#sSpan1925" value="ⲛⲉⲩⲛⲏϫ"/>
		<feat xlink:href="#sSpan1930" value="ⲛⲧϩⲉ"/>
		<feat xlink:href="#sSpan1934" value="ⲛⲛⲓⲉⲥⲟⲟⲩ"/>
		<feat xlink:href="#sSpan1939" value="ⲉⲧⲉⲙⲛⲧⲟⲩϣⲱⲥ"/>
		<feat xlink:href="#sSpan1946" value="."/>
		<feat xlink:href="#sSpan1948" value="ⲧⲟⲧⲉ"/>
		<feat xlink:href="#sSpan1951" value="ⲡⲉϫⲁϥ"/>
		<feat xlink:href="#sSpan1954" value="ⲛⲛⲉϥⲙⲁⲑⲏⲧⲏⲥ"/>
		<feat xlink:href="#sSpan1959" value="ϫⲉⲡⲱϩⲥ"/>
		<feat xlink:href="#sSpan1964" value="ⲙⲉⲛ"/>
		<feat xlink:href="#sSpan1966" value="ⲛⲁϣⲱϥ"/>
		<feat xlink:href="#sSpan1969" value="."/>
		<feat xlink:href="#sSpan1971" value="ⲛⲉⲣⲅⲁⲧⲏⲥ"/>
		<feat xlink:href="#sSpan1975" value="ⲇⲉ"/>
		<feat xlink:href="#sSpan1977" value="ⲥⲟⲃⲕ"/>
		<feat xlink:href="#sSpan1979" value="."/>
		<feat xlink:href="#sSpan1981" value="ⲥⲉⲡⲥⲡϫⲟⲉⲓⲥ"/>
		<feat xlink:href="#sSpan1987" value="ϭⲉ"/>
		<feat xlink:href="#sSpan1989" value="ⲙⲡⲱϩⲥ"/>
		<feat xlink:href="#sSpan1994" value="."/>
		<feat xlink:href="#sSpan1996" value="ϫⲉⲕⲁⲁⲥ"/>
		<feat xlink:href="#sSpan1998" value="ⲉϥⲉⲛⲉϫⲉⲣⲅⲁⲧⲏⲥ"/>
		<feat xlink:href="#sSpan2003" value="ⲉⲃⲟⲗ"/>
		<feat xlink:href="#sSpan2005" value="ⲉⲡⲉϥⲱϩⲥ"/>
		<feat xlink:href="#sSpan2010" value="."/></featList></paula>