<?xml version='1.0' encoding='UTF-8'?><!DOCTYPE paula SYSTEM "paula_feat.dtd">
<paula version="1.1">
	<header paula_id="scriptorium.40_Matthew_09.mark_norm"/>
	<featList xmlns:xlink="http://www.w3.org/1999/xlink" type="norm" xml:base="scriptorium.40_Matthew_09.mark.xml">
		<feat xlink:href="#sSpan1" value="ⲁ"/>
		<feat xlink:href="#sSpan4" value="ϥ"/>
		<feat xlink:href="#sSpan5" value="ⲁⲗⲉ"/>
		<feat xlink:href="#sSpan6" value="ⲇⲉ"/>
		<feat xlink:href="#sSpan8" value="ⲉ"/>
		<feat xlink:href="#sSpan10" value="ⲡ"/>
		<feat xlink:href="#sSpan12" value="ϫⲟⲉⲓ"/>
		<feat xlink:href="#sSpan13" value="ⲁ"/>
		<feat xlink:href="#sSpan15" value="ϥ"/>
		<feat xlink:href="#sSpan16" value="ϫⲓⲟⲟⲣ"/>
		<feat xlink:href="#sSpan17" value="ⲁ"/>
		<feat xlink:href="#sSpan19" value="ϥ"/>
		<feat xlink:href="#sSpan20" value="ⲉⲓ"/>
		<feat xlink:href="#sSpan22" value="ⲉϩⲣⲁⲓ"/>
		<feat xlink:href="#sSpan24" value="ⲉ"/>
		<feat xlink:href="#sSpan26" value="ⲧⲉϥ"/>
		<feat xlink:href="#sSpan28" value="ⲡⲟⲗⲓⲥ"/>
		<feat xlink:href="#sSpan29" value="ⲙⲙⲓⲛⲙⲙⲟ"/>
		<feat xlink:href="#sSpan31" value="ϥ"/>
		<feat xlink:href="#sSpan32" value="."/>
		<feat xlink:href="#sSpan34" value="ⲁⲩⲱ"/>
		<feat xlink:href="#sSpan37" value="ⲉⲓⲥ"/>
		<feat xlink:href="#sSpan40" value="ϩⲏⲏⲧⲉ"/>
		<feat xlink:href="#sSpan42" value="ⲁ"/>
		<feat xlink:href="#sSpan44" value="ⲩ"/>
		<feat xlink:href="#sSpan45" value="ⲉⲓⲛⲉ"/>
		<feat xlink:href="#sSpan46" value="ⲛⲁ"/>
		<feat xlink:href="#sSpan48" value="ϥ"/>
		<feat xlink:href="#sSpan49" value="ⲛ"/>
		<feat xlink:href="#sSpan51" value="ⲟⲩ"/>
		<feat xlink:href="#sSpan53" value="ⲣⲱⲙⲉ"/>
		<feat xlink:href="#sSpan54" value="ⲉ"/>
		<feat xlink:href="#sSpan56" value="ϥ"/>
		<feat xlink:href="#sSpan57" value="ⲥⲏϭ"/>
		<feat xlink:href="#sSpan58" value="ⲉ"/>
		<feat xlink:href="#sSpan60" value="ϥ"/>
		<feat xlink:href="#sSpan61" value="ⲛⲏϫ"/>
		<feat xlink:href="#sSpan63" value="ϩⲓϫⲛ"/>
		<feat xlink:href="#sSpan65" value="ⲟⲩ"/>
		<feat xlink:href="#sSpan67" value="ⲙⲁ"/>
		<feat xlink:href="#sSpan68" value="ⲛ"/>
		<feat xlink:href="#sSpan70" value="ⲛⲕⲟⲧⲕ"/>
		<feat xlink:href="#sSpan72" value="."/>
		<feat xlink:href="#sSpan74" value="ⲓⲏⲥⲟⲩⲥ"/>
		<feat xlink:href="#sSpan77" value="ⲇⲉ"/>
		<feat xlink:href="#sSpan79" value="ⲛⲧⲉⲣⲉ"/>
		<feat xlink:href="#sSpan81" value="ϥ"/>
		<feat xlink:href="#sSpan82" value="ⲛⲁⲩ"/>
		<feat xlink:href="#sSpan83" value="ⲉ"/>
		<feat xlink:href="#sSpan85" value="ⲧⲉⲩ"/>
		<feat xlink:href="#sSpan87" value="ⲡⲓⲥⲧⲓⲥ"/>
		<feat xlink:href="#sSpan88" value="ⲡⲉϫⲁ"/>
		<feat xlink:href="#sSpan90" value="ϥ"/>
		<feat xlink:href="#sSpan91" value="ⲙ"/>
		<feat xlink:href="#sSpan93" value="ⲡ"/>
		<feat xlink:href="#sSpan95" value="ⲉⲧ"/>
		<feat xlink:href="#sSpan96" value="ⲥⲏϭ"/>
		<feat xlink:href="#sSpan97" value="."/>
		<feat xlink:href="#sSpan99" value="ϫⲉ"/>
		<feat xlink:href="#sSpan101" value="ⲧⲱⲕ"/>
		<feat xlink:href="#sSpan102" value="ⲙⲙⲟ"/>
		<feat xlink:href="#sSpan104" value="ⲕ"/>
		<feat xlink:href="#sSpan105" value="ⲡⲁ"/>
		<feat xlink:href="#sSpan108" value="ϣⲏⲣⲉ"/>
		<feat xlink:href="#sSpan109" value="ⲛⲉⲕ"/>
		<feat xlink:href="#sSpan111" value="ⲛⲟⲃⲉ"/>
		<feat xlink:href="#sSpan112" value="ⲕⲏ"/>
		<feat xlink:href="#sSpan114" value="ⲛⲁ"/>
		<feat xlink:href="#sSpan116" value="ⲕ"/>
		<feat xlink:href="#sSpan117" value="ⲉⲃⲟⲗ"/>
		<feat xlink:href="#sSpan119" value="."/>
		<feat xlink:href="#sSpan121" value="ⲁⲩⲱ"/>
		<feat xlink:href="#sSpan124" value="ⲉⲓⲥ"/>
		<feat xlink:href="#sSpan126" value="ϩⲟⲓⲛⲉ"/>
		<feat xlink:href="#sSpan128" value="ⲛ"/>
		<feat xlink:href="#sSpan130" value="ⲛⲉ"/>
		<feat xlink:href="#sSpan132" value="ⲅⲣⲁⲙⲙⲁⲧⲉⲩⲥ"/>
		<feat xlink:href="#sSpan133" value="ⲡⲉϫⲁ"/>
		<feat xlink:href="#sSpan135" value="ⲩ"/>
		<feat xlink:href="#sSpan136" value="ϩⲣⲁⲓ"/>
		<feat xlink:href="#sSpan139" value="ⲛϩⲏⲧ"/>
		<feat xlink:href="#sSpan141" value="ⲟⲩ"/>
		<feat xlink:href="#sSpan142" value="."/>
		<feat xlink:href="#sSpan144" value="ϫⲉ"/>
		<feat xlink:href="#sSpan146" value="ⲡⲁⲓ"/>
		<feat xlink:href="#sSpan148" value="ⲉ"/>
		<feat xlink:href="#sSpan150" value="ϥ"/>
		<feat xlink:href="#sSpan152" value="ϫⲓⲟⲩⲁ"/>
		<feat xlink:href="#sSpan154" value="."/>
		<feat xlink:href="#sSpan156" value="ⲓⲏⲥⲟⲩⲥ"/>
		<feat xlink:href="#sSpan160" value="ⲇⲉ"/>
		<feat xlink:href="#sSpan162" value="ⲉ"/>
		<feat xlink:href="#sSpan164" value="ϥ"/>
		<feat xlink:href="#sSpan165" value="ⲥⲟⲟⲩⲛ"/>
		<feat xlink:href="#sSpan166" value="ⲛ"/>
		<feat xlink:href="#sSpan168" value="ⲛⲉⲩ"/>
		<feat xlink:href="#sSpan170" value="ⲙⲉⲉⲩⲉ"/>
		<feat xlink:href="#sSpan171" value="ⲡⲉϫⲁ"/>
		<feat xlink:href="#sSpan173" value="ϥ"/>
		<feat xlink:href="#sSpan174" value="ⲛⲁ"/>
		<feat xlink:href="#sSpan176" value="ⲩ"/>
		<feat xlink:href="#sSpan177" value="ϫⲉ"/>
		<feat xlink:href="#sSpan179" value="ⲁϩⲣⲱ"/>
		<feat xlink:href="#sSpan180" value="ⲧⲛ"/>
		<feat xlink:href="#sSpan181" value="ⲧⲉⲧⲛ"/>
		<feat xlink:href="#sSpan183" value="ⲙⲉⲉⲩⲉ"/>
		<feat xlink:href="#sSpan184" value="ⲉ"/>
		<feat xlink:href="#sSpan186" value="ϩⲉⲛ"/>
		<feat xlink:href="#sSpan189" value="ⲡⲉⲧϩⲟⲟⲩ"/>
		<feat xlink:href="#sSpan192" value="ϩⲣⲁⲓ"/>
		<feat xlink:href="#sSpan195" value="ϩⲛ"/>
		<feat xlink:href="#sSpan197" value="ⲛⲉⲧⲛ"/>
		<feat xlink:href="#sSpan199" value="ϩⲏⲧ"/>
		<feat xlink:href="#sSpan200" value="."/>
		<feat xlink:href="#sSpan202" value="ⲁϣ"/>
		<feat xlink:href="#sSpan205" value="ⲅⲁⲣ"/>
		<feat xlink:href="#sSpan207" value="ⲡ"/>
		<feat xlink:href="#sSpan209" value="ⲉⲧ"/>
		<feat xlink:href="#sSpan210" value="ⲙⲟⲧⲛ"/>
		<feat xlink:href="#sSpan211" value="."/>
		<feat xlink:href="#sSpan213" value="ⲉ"/>
		<feat xlink:href="#sSpan215" value="ϫⲟⲟ"/>
		<feat xlink:href="#sSpan216" value="ⲥ"/>
		<feat xlink:href="#sSpan217" value="ⲡⲉ"/>
		<feat xlink:href="#sSpan219" value="ϫⲉ"/>
		<feat xlink:href="#sSpan221" value="ⲛⲉⲕ"/>
		<feat xlink:href="#sSpan223" value="ⲛⲟⲃⲉ"/>
		<feat xlink:href="#sSpan224" value="ⲕⲏ"/>
		<feat xlink:href="#sSpan226" value="ⲛⲁ"/>
		<feat xlink:href="#sSpan228" value="ⲕ"/>
		<feat xlink:href="#sSpan229" value="ⲉⲃⲟⲗ"/>
		<feat xlink:href="#sSpan231" value="ϫⲛⲉ"/>
		<feat xlink:href="#sSpan233" value="ϫⲟⲟ"/>
		<feat xlink:href="#sSpan234" value="ⲥ"/>
		<feat xlink:href="#sSpan235" value="ⲡⲉ"/>
		<feat xlink:href="#sSpan237" value="ϫⲉ"/>
		<feat xlink:href="#sSpan239" value="ⲧⲱⲟⲩⲛ"/>
		<feat xlink:href="#sSpan240" value="ⲛ"/>
		<feat xlink:href="#sSpan242" value="ⲅ"/>
		<feat xlink:href="#sSpan243" value="ⲙⲟⲟϣⲉ"/>
		<feat xlink:href="#sSpan244" value="."/>
		<feat xlink:href="#sSpan246" value="ϫⲉⲕⲁⲁⲥ"/>
		<feat xlink:href="#sSpan249" value="ⲇⲉ"/>
		<feat xlink:href="#sSpan251" value="ⲉⲧⲉⲧⲛⲉ"/>
		<feat xlink:href="#sSpan253" value="ⲉⲓⲙⲉ"/>
		<feat xlink:href="#sSpan254" value="ϫⲉ"/>
		<feat xlink:href="#sSpan256" value="ⲟⲩⲛⲧⲉ"/>
		<feat xlink:href="#sSpan257" value="ⲡ"/>
		<feat xlink:href="#sSpan259" value="ϣⲏⲣⲉ"/>
		<feat xlink:href="#sSpan260" value="ⲙ"/>
		<feat xlink:href="#sSpan262" value="ⲡ"/>
		<feat xlink:href="#sSpan263" value="ⲣⲱⲙⲉ"/>
		<feat xlink:href="#sSpan264" value="ⲉⲝⲟⲩⲥⲓⲁ"/>
		<feat xlink:href="#sSpan267" value="ⲉϩⲣⲁⲓ"/>
		<feat xlink:href="#sSpan269" value="ϩⲓϫⲙ"/>
		<feat xlink:href="#sSpan271" value="ⲡ"/>
		<feat xlink:href="#sSpan273" value="ⲕⲁϩ"/>
		<feat xlink:href="#sSpan274" value="ⲉ"/>
		<feat xlink:href="#sSpan276" value="ⲕⲁⲛⲟⲃⲉ"/>
		<feat xlink:href="#sSpan277" value="ⲉⲃⲟⲗ"/>
		<feat xlink:href="#sSpan279" value="ⲧⲟⲧⲉ"/>
		<feat xlink:href="#sSpan281" value="ⲡⲉϫⲁ"/>
		<feat xlink:href="#sSpan283" value="ϥ"/>
		<feat xlink:href="#sSpan284" value="ⲙ"/>
		<feat xlink:href="#sSpan286" value="ⲡ"/>
		<feat xlink:href="#sSpan288" value="ⲉⲧ"/>
		<feat xlink:href="#sSpan289" value="ⲥⲏϭ"/>
		<feat xlink:href="#sSpan290" value="ϫⲉ"/>
		<feat xlink:href="#sSpan292" value="ⲧⲱⲟⲩⲛ"/>
		<feat xlink:href="#sSpan293" value="ⲛ"/>
		<feat xlink:href="#sSpan295" value="ⲅ"/>
		<feat xlink:href="#sSpan296" value="ϥⲓ"/>
		<feat xlink:href="#sSpan297" value="ⲙ"/>
		<feat xlink:href="#sSpan299" value="ⲡⲉⲕ"/>
		<feat xlink:href="#sSpan301" value="ϭⲗⲟϭ"/>
		<feat xlink:href="#sSpan302" value="ⲛ"/>
		<feat xlink:href="#sSpan304" value="ⲅ"/>
		<feat xlink:href="#sSpan305" value="ⲃⲱⲕ"/>
		<feat xlink:href="#sSpan307" value="ⲉϩⲣⲁⲓ"/>
		<feat xlink:href="#sSpan309" value="ⲉ"/>
		<feat xlink:href="#sSpan311" value="ⲡⲉⲕ"/>
		<feat xlink:href="#sSpan313" value="ⲏⲓ"/>
		<feat xlink:href="#sSpan314" value="."/>
		<feat xlink:href="#sSpan316" value="ⲁ"/>
		<feat xlink:href="#sSpan319" value="ϥ"/>
		<feat xlink:href="#sSpan320" value="ⲧⲱⲟⲩⲛ"/>
		<feat xlink:href="#sSpan321" value="ⲇⲉ"/>
		<feat xlink:href="#sSpan323" value="ⲁ"/>
		<feat xlink:href="#sSpan325" value="ϥ"/>
		<feat xlink:href="#sSpan326" value="ⲃⲱⲕ"/>
		<feat xlink:href="#sSpan328" value="ⲉϩⲣⲁⲓ"/>
		<feat xlink:href="#sSpan330" value="ⲉ"/>
		<feat xlink:href="#sSpan332" value="ⲡⲉϥ"/>
		<feat xlink:href="#sSpan334" value="ⲏⲓ"/>
		<feat xlink:href="#sSpan335" value="."/>
		<feat xlink:href="#sSpan337" value="ⲁ"/>
		<feat xlink:href="#sSpan340" value="ⲩ"/>
		<feat xlink:href="#sSpan341" value="ⲛⲁⲩ"/>
		<feat xlink:href="#sSpan342" value="ⲇⲉ"/>
		<feat xlink:href="#sSpan344" value="ⲛϭⲓ"/>
		<feat xlink:href="#sSpan346" value="ⲙ"/>
		<feat xlink:href="#sSpan348" value="ⲙⲏⲏϣⲉ"/>
		<feat xlink:href="#sSpan349" value="ⲁ"/>
		<feat xlink:href="#sSpan351" value="ⲩ"/>
		<feat xlink:href="#sSpan353" value="ⲣϩⲟⲧⲉ"/>
		<feat xlink:href="#sSpan355" value="ⲁⲩⲱ"/>
		<feat xlink:href="#sSpan357" value="ⲁ"/>
		<feat xlink:href="#sSpan359" value="ⲩ"/>
		<feat xlink:href="#sSpan361" value="ϯⲉⲟⲟⲩ"/>
		<feat xlink:href="#sSpan363" value="ⲙ"/>
		<feat xlink:href="#sSpan365" value="ⲡ"/>
		<feat xlink:href="#sSpan367" value="ⲛⲟⲩⲧⲉ"/>
		<feat xlink:href="#sSpan368" value="ⲡ"/>
		<feat xlink:href="#sSpan370" value="ⲉⲛⲧ"/>
		<feat xlink:href="#sSpan371" value="ⲁ"/>
		<feat xlink:href="#sSpan372" value="ϥ"/>
		<feat xlink:href="#sSpan373" value="ϯⲉⲝⲟⲩⲥⲓⲁ"/>
		<feat xlink:href="#sSpan374" value="ⲛ"/>
		<feat xlink:href="#sSpan376" value="ⲧⲉⲓ"/>
		<feat xlink:href="#sSpan378" value="ⲙⲓⲛⲉ"/>
		<feat xlink:href="#sSpan379" value="ⲛ"/>
		<feat xlink:href="#sSpan381" value="ⲛ"/>
		<feat xlink:href="#sSpan382" value="ⲣⲱⲙⲉ"/>
		<feat xlink:href="#sSpan383" value="."/>
		<feat xlink:href="#sSpan385" value="ⲛⲧⲉⲣⲉ"/>
		<feat xlink:href="#sSpan388" value="ⲓⲏⲥⲟⲩⲥ"/>
		<feat xlink:href="#sSpan390" value="ⲇⲉ"/>
		<feat xlink:href="#sSpan392" value="ⲡⲁⲣⲁⲅⲉ"/>
		<feat xlink:href="#sSpan394" value="ⲉⲃⲟⲗ"/>
		<feat xlink:href="#sSpan397" value="ϩⲙ"/>
		<feat xlink:href="#sSpan399" value="ⲡ"/>
		<feat xlink:href="#sSpan401" value="ⲙⲁ"/>
		<feat xlink:href="#sSpan402" value="ⲉⲧ"/>
		<feat xlink:href="#sSpan404" value="ⲙⲙⲁⲩ"/>
		<feat xlink:href="#sSpan405" value="ⲁ"/>
		<feat xlink:href="#sSpan407" value="ϥ"/>
		<feat xlink:href="#sSpan408" value="ⲛⲁⲩ"/>
		<feat xlink:href="#sSpan409" value="ⲉ"/>
		<feat xlink:href="#sSpan411" value="ⲩ"/>
		<feat xlink:href="#sSpan413" value="ⲣⲱⲙⲉ"/>
		<feat xlink:href="#sSpan414" value="ⲉ"/>
		<feat xlink:href="#sSpan416" value="ϥ"/>
		<feat xlink:href="#sSpan417" value="ϩⲙⲟⲟⲥ"/>
		<feat xlink:href="#sSpan418" value="ϩⲓ"/>
		<feat xlink:href="#sSpan420" value="ⲡⲉϥ"/>
		<feat xlink:href="#sSpan422" value="ⲧⲉⲗⲱⲛⲓⲟⲛ"/>
		<feat xlink:href="#sSpan423" value="ⲉ"/>
		<feat xlink:href="#sSpan425" value="ⲡⲉϥ"/>
		<feat xlink:href="#sSpan427" value="ⲣⲁⲛ"/>
		<feat xlink:href="#sSpan428" value="ⲡⲉ"/>
		<feat xlink:href="#sSpan430" value="ⲙⲁⲑⲑⲁⲓⲟⲥ"/>
		<feat xlink:href="#sSpan433" value="."/>
		<feat xlink:href="#sSpan435" value="ⲡⲉϫⲁ"/>
		<feat xlink:href="#sSpan437" value="ϥ"/>
		<feat xlink:href="#sSpan438" value="ⲛⲁ"/>
		<feat xlink:href="#sSpan440" value="ϥ"/>
		<feat xlink:href="#sSpan441" value="ϫⲉ"/>
		<feat xlink:href="#sSpan443" value="ⲟⲩⲁϩ"/>
		<feat xlink:href="#sSpan444" value="ⲕ"/>
		<feat xlink:href="#sSpan445" value="ⲛⲥⲱ"/>
		<feat xlink:href="#sSpan447" value="ⲓ"/>
		<feat xlink:href="#sSpan448" value="."/>
		<feat xlink:href="#sSpan450" value="ⲁ"/>
		<feat xlink:href="#sSpan452" value="ϥ"/>
		<feat xlink:href="#sSpan453" value="ⲧⲱⲟⲩⲛ"/>
		<feat xlink:href="#sSpan454" value="ⲇⲉ"/>
		<feat xlink:href="#sSpan456" value="ⲁ"/>
		<feat xlink:href="#sSpan458" value="ϥ"/>
		<feat xlink:href="#sSpan459" value="ⲟⲩⲁϩ"/>
		<feat xlink:href="#sSpan460" value="ϥ"/>
		<feat xlink:href="#sSpan461" value="ⲛⲥⲱ"/>
		<feat xlink:href="#sSpan463" value="ϥ"/>
		<feat xlink:href="#sSpan464" value="."/>
		<feat xlink:href="#sSpan466" value="ⲁ"/>
		<feat xlink:href="#sSpan469" value="ⲥ"/>
		<feat xlink:href="#sSpan470" value="ϣⲱⲡⲉ"/>
		<feat xlink:href="#sSpan471" value="ⲇⲉ"/>
		<feat xlink:href="#sSpan473" value="ⲉ"/>
		<feat xlink:href="#sSpan475" value="ϥ"/>
		<feat xlink:href="#sSpan476" value="ⲛⲏϫ"/>
		<feat xlink:href="#sSpan477" value="ϩⲣⲁⲓ"/>
		<feat xlink:href="#sSpan480" value="ϩⲙ"/>
		<feat xlink:href="#sSpan482" value="ⲡⲉϥ"/>
		<feat xlink:href="#sSpan484" value="ⲏⲓ"/>
		<feat xlink:href="#sSpan485" value="ⲉⲓⲥ"/>
		<feat xlink:href="#sSpan488" value="ϩⲏⲏⲧⲉ"/>
		<feat xlink:href="#sSpan490" value="ⲛⲉ"/>
		<feat xlink:href="#sSpan492" value="ⲩ"/>
		<feat xlink:href="#sSpan493" value="ⲛ"/>
		<feat xlink:href="#sSpan494" value="ϩⲁϩ"/>
		<feat xlink:href="#sSpan496" value="ⲛ"/>
		<feat xlink:href="#sSpan498" value="ⲧⲉⲗⲱⲛⲏⲥ"/>
		<feat xlink:href="#sSpan499" value="ϩⲓ"/>
		<feat xlink:href="#sSpan502" value="ⲣⲉϥⲣⲛⲟⲃⲉ"/>
		<feat xlink:href="#sSpan506" value="ⲉ"/>
		<feat xlink:href="#sSpan508" value="ⲩ"/>
		<feat xlink:href="#sSpan509" value="ⲛⲏⲩ"/>
		<feat xlink:href="#sSpan511" value="ⲉ"/>
		<feat xlink:href="#sSpan513" value="ⲩ"/>
		<feat xlink:href="#sSpan514" value="ⲛⲟⲩϫⲉ"/>
		<feat xlink:href="#sSpan516" value="ⲙⲙⲟ"/>
		<feat xlink:href="#sSpan518" value="ⲟⲩ"/>
		<feat xlink:href="#sSpan519" value="ⲙⲛ"/>
		<feat xlink:href="#sSpan521" value="ⲓⲏⲥⲟⲩⲥ"/>
		<feat xlink:href="#sSpan523" value="ⲁⲩⲱ"/>
		<feat xlink:href="#sSpan525" value="ⲛⲉϥ"/>
		<feat xlink:href="#sSpan528" value="ⲙⲁⲑⲏⲧⲏⲥ"/>
		<feat xlink:href="#sSpan529" value="."/>
		<feat xlink:href="#sSpan531" value="ⲁ"/>
		<feat xlink:href="#sSpan534" value="ⲩ"/>
		<feat xlink:href="#sSpan535" value="ⲛⲁⲩ"/>
		<feat xlink:href="#sSpan536" value="ⲇⲉ"/>
		<feat xlink:href="#sSpan538" value="ⲛϭⲓ"/>
		<feat xlink:href="#sSpan540" value="ⲛⲉ"/>
		<feat xlink:href="#sSpan542" value="ⲫⲁⲣⲓⲥⲥⲁⲓⲟⲥ"/>
		<feat xlink:href="#sSpan543" value="ⲡⲉϫⲁ"/>
		<feat xlink:href="#sSpan545" value="ⲩ"/>
		<feat xlink:href="#sSpan546" value="ⲛ"/>
		<feat xlink:href="#sSpan548" value="ⲛⲉϥ"/>
		<feat xlink:href="#sSpan550" value="ⲙⲁⲑⲏⲧⲏⲥ"/>
		<feat xlink:href="#sSpan551" value="."/>
		<feat xlink:href="#sSpan553" value="ϫⲉ"/>
		<feat xlink:href="#sSpan555" value="ⲉⲧⲃⲉ"/>
		<feat xlink:href="#sSpan557" value="ⲟⲩ"/>
		<feat xlink:href="#sSpan558" value="ⲡⲉⲧⲛ"/>
		<feat xlink:href="#sSpan561" value="ⲥⲁϩ"/>
		<feat xlink:href="#sSpan562" value="ⲟⲩⲱⲙ"/>
		<feat xlink:href="#sSpan564" value="ⲙⲛ"/>
		<feat xlink:href="#sSpan566" value="ⲛ"/>
		<feat xlink:href="#sSpan568" value="ⲧⲉⲗⲱⲛⲏⲥ"/>
		<feat xlink:href="#sSpan569" value="ⲁⲩⲱ"/>
		<feat xlink:href="#sSpan571" value="ⲛ"/>
		<feat xlink:href="#sSpan575" value="ⲣⲉϥⲣⲛⲟⲃⲉ"/>
		<feat xlink:href="#sSpan578" value="."/>
		<feat xlink:href="#sSpan580" value="ⲛⲧⲟϥ"/>
		<feat xlink:href="#sSpan583" value="ⲇⲉ"/>
		<feat xlink:href="#sSpan585" value="ⲁ"/>
		<feat xlink:href="#sSpan587" value="ϥ"/>
		<feat xlink:href="#sSpan588" value="ⲥⲱⲧⲙ"/>
		<feat xlink:href="#sSpan589" value="ⲡⲉϫⲁ"/>
		<feat xlink:href="#sSpan591" value="ϥ"/>
		<feat xlink:href="#sSpan592" value="."/>
		<feat xlink:href="#sSpan594" value="ϫⲉ"/>
		<feat xlink:href="#sSpan596" value="ⲛ"/>
		<feat xlink:href="#sSpan598" value="ⲉⲧ"/>
		<feat xlink:href="#sSpan599" value="ⲧⲏⲕ"/>
		<feat xlink:href="#sSpan600" value="ⲁⲛ"/>
		<feat xlink:href="#sSpan602" value="ⲛ"/>
		<feat xlink:href="#sSpan604" value="ⲉⲧ"/>
		<feat xlink:href="#sSpan606" value="ⲣⲭⲣⲉⲓⲁ"/>
		<feat xlink:href="#sSpan608" value="ⲙ"/>
		<feat xlink:href="#sSpan610" value="ⲡ"/>
		<feat xlink:href="#sSpan612" value="ⲥⲁⲉⲓⲛ"/>
		<feat xlink:href="#sSpan613" value="."/>
		<feat xlink:href="#sSpan615" value="ⲁⲗⲗⲁ"/>
		<feat xlink:href="#sSpan617" value="ⲛ"/>
		<feat xlink:href="#sSpan620" value="ⲉⲧ"/>
		<feat xlink:href="#sSpan621" value="ⲙⲟⲕϩ"/>
		<feat xlink:href="#sSpan622" value="ⲛⲉ"/>
		<feat xlink:href="#sSpan624" value="."/>
		<feat xlink:href="#sSpan626" value="ⲃⲱⲕ"/>
		<feat xlink:href="#sSpan629" value="ⲇⲉ"/>
		<feat xlink:href="#sSpan631" value="ⲛ"/>
		<feat xlink:href="#sSpan633" value="ⲧⲉⲧⲛ"/>
		<feat xlink:href="#sSpan634" value="ⲉⲓⲙⲉ"/>
		<feat xlink:href="#sSpan635" value="ϫⲉ"/>
		<feat xlink:href="#sSpan637" value="ⲟⲩ"/>
		<feat xlink:href="#sSpan638" value="ⲡⲉ"/>
		<feat xlink:href="#sSpan640" value="ⲉ"/>
		<feat xlink:href="#sSpan642" value="ⲓ"/>
		<feat xlink:href="#sSpan643" value="ⲟⲩⲉϣ"/>
		<feat xlink:href="#sSpan644" value="ⲟⲩ"/>
		<feat xlink:href="#sSpan646" value="ⲛⲁ"/>
		<feat xlink:href="#sSpan647" value="ⲉϩⲟⲩⲉ"/>
		<feat xlink:href="#sSpan649" value="ⲟⲩ"/>
		<feat xlink:href="#sSpan651" value="ⲑⲩⲥⲓⲁ"/>
		<feat xlink:href="#sSpan652" value="."/>
		<feat xlink:href="#sSpan654" value="ⲛⲧ"/>
		<feat xlink:href="#sSpan656" value="ⲁ"/>
		<feat xlink:href="#sSpan657" value="ⲓ"/>
		<feat xlink:href="#sSpan658" value="ⲉⲓ"/>
		<feat xlink:href="#sSpan659" value="ⲅⲁⲣ"/>
		<feat xlink:href="#sSpan661" value="ⲁⲛ"/>
		<feat xlink:href="#sSpan663" value="ⲉ"/>
		<feat xlink:href="#sSpan665" value="ⲧⲉϩⲙ"/>
		<feat xlink:href="#sSpan666" value="ⲛ"/>
		<feat xlink:href="#sSpan667" value="ⲇⲓⲕⲁⲓⲟⲥ"/>
		<feat xlink:href="#sSpan669" value="."/>
		<feat xlink:href="#sSpan671" value="ⲁⲗⲗⲁ"/>
		<feat xlink:href="#sSpan673" value="ⲛ"/>
		<feat xlink:href="#sSpan677" value="ⲣⲉϥⲣⲛⲟⲃⲉ"/>
		<feat xlink:href="#sSpan680" value="ⲉ"/>
		<feat xlink:href="#sSpan682" value="ⲩ"/>
		<feat xlink:href="#sSpan684" value="ⲙⲉⲧⲁⲛⲟⲓⲁ"/>
		<feat xlink:href="#sSpan685" value="."/>
		<feat xlink:href="#sSpan687" value="ⲧⲟⲧⲉ"/>
		<feat xlink:href="#sSpan690" value="ⲁ"/>
		<feat xlink:href="#sSpan692" value="ⲩ"/>
		<feat xlink:href="#sSpan693" value="ϯ"/>
		<feat xlink:href="#sSpan694" value="ⲡⲉⲩ"/>
		<feat xlink:href="#sSpan695" value="ⲟⲩⲟⲓ"/>
		<feat xlink:href="#sSpan696" value="ⲉⲣⲟ"/>
		<feat xlink:href="#sSpan698" value="ϥ"/>
		<feat xlink:href="#sSpan699" value="ⲛϭⲓ"/>
		<feat xlink:href="#sSpan701" value="ⲙ"/>
		<feat xlink:href="#sSpan703" value="ⲙⲁⲑⲏⲧⲏⲥ"/>
		<feat xlink:href="#sSpan704" value="ⲛ"/>
		<feat xlink:href="#sSpan706" value="ⲓⲱϩⲁⲛⲛⲏⲥ"/>
		<feat xlink:href="#sSpan708" value="ⲉ"/>
		<feat xlink:href="#sSpan710" value="ⲩ"/>
		<feat xlink:href="#sSpan711" value="ϫⲱ"/>
		<feat xlink:href="#sSpan712" value="ⲙⲙⲟ"/>
		<feat xlink:href="#sSpan714" value="ⲥ"/>
		<feat xlink:href="#sSpan715" value="ϫⲉ"/>
		<feat xlink:href="#sSpan717" value="ⲉⲧⲃⲉ"/>
		<feat xlink:href="#sSpan719" value="ⲟⲩ"/>
		<feat xlink:href="#sSpan720" value="ⲁⲛⲟⲛ"/>
		<feat xlink:href="#sSpan722" value="ⲙⲛ"/>
		<feat xlink:href="#sSpan724" value="ⲛⲉ"/>
		<feat xlink:href="#sSpan726" value="ⲫⲁⲣⲓⲥⲥⲁⲓⲟⲥ"/>
		<feat xlink:href="#sSpan727" value="ⲧⲛ"/>
		<feat xlink:href="#sSpan729" value="ⲛⲏⲥⲧⲉⲩⲉ"/>
		<feat xlink:href="#sSpan730" value="ⲛ"/>
		<feat xlink:href="#sSpan732" value="ϩⲁϩ"/>
		<feat xlink:href="#sSpan734" value="ⲛ"/>
		<feat xlink:href="#sSpan736" value="ⲥⲟⲡ"/>
		<feat xlink:href="#sSpan737" value="."/>
		<feat xlink:href="#sSpan739" value="ⲛⲉⲕ"/>
		<feat xlink:href="#sSpan742" value="ⲙⲁⲑⲏⲧⲏⲥ"/>
		<feat xlink:href="#sSpan743" value="ⲇⲉ"/>
		<feat xlink:href="#sSpan745" value="ⲛ"/>
		<feat xlink:href="#sSpan747" value="ⲥⲉ"/>
		<feat xlink:href="#sSpan748" value="ⲛⲏⲥⲧⲉⲩⲉ"/>
		<feat xlink:href="#sSpan749" value="ⲁⲛ"/>
		<feat xlink:href="#sSpan751" value="."/>
		<feat xlink:href="#sSpan753" value="ⲡⲉϫⲁ"/>
		<feat xlink:href="#sSpan756" value="ϥ"/>
		<feat xlink:href="#sSpan757" value="ⲛⲁ"/>
		<feat xlink:href="#sSpan759" value="ⲩ"/>
		<feat xlink:href="#sSpan760" value="ⲛϭⲓ"/>
		<feat xlink:href="#sSpan762" value="ⲓⲏⲥⲟⲩⲥ"/>
		<feat xlink:href="#sSpan764" value="ϫⲉ"/>
		<feat xlink:href="#sSpan766" value="ⲙⲏ"/>
		<feat xlink:href="#sSpan767" value="ⲟⲩⲛ"/>
		<feat xlink:href="#sSpan769" value="ϭⲟⲙ"/>
		<feat xlink:href="#sSpan770" value="ⲛⲛⲉ"/>
		<feat xlink:href="#sSpan772" value="ϣⲏⲣⲉ"/>
		<feat xlink:href="#sSpan774" value="ⲙ"/>
		<feat xlink:href="#sSpan776" value="ⲡ"/>
		<feat xlink:href="#sSpan778" value="ⲙⲁ"/>
		<feat xlink:href="#sSpan779" value="ⲧ"/>
		<feat xlink:href="#sSpan782" value="ϣⲉⲗⲉⲉⲧ"/>
		<feat xlink:href="#sSpan783" value="ⲉ"/>
		<feat xlink:href="#sSpan785" value="ⲛⲏⲥⲧⲉⲩⲉ"/>
		<feat xlink:href="#sSpan786" value="ⲉ"/>
		<feat xlink:href="#sSpan788" value="ⲡ"/>
		<feat xlink:href="#sSpan789" value="ϩⲟⲥⲟⲛ"/>
		<feat xlink:href="#sSpan790" value="ⲡⲁ"/>
		<feat xlink:href="#sSpan792" value="ⲧ"/>
		<feat xlink:href="#sSpan794" value="ϣⲉⲗⲉⲉⲧ"/>
		<feat xlink:href="#sSpan795" value="ϣⲟⲟⲡ"/>
		<feat xlink:href="#sSpan797" value="ⲛⲙⲙⲁ"/>
		<feat xlink:href="#sSpan799" value="ⲩ"/>
		<feat xlink:href="#sSpan800" value="ⲥⲉ"/>
		<feat xlink:href="#sSpan802" value="ⲛⲏⲩ"/>
		<feat xlink:href="#sSpan803" value="ⲇⲉ"/>
		<feat xlink:href="#sSpan805" value="ⲛϭⲓ"/>
		<feat xlink:href="#sSpan807" value="ϩⲉⲛ"/>
		<feat xlink:href="#sSpan809" value="ϩⲟⲟⲩ"/>
		<feat xlink:href="#sSpan810" value="ϩⲟⲧⲁⲛ"/>
		<feat xlink:href="#sSpan812" value="ⲉⲩϣⲁⲛ"/>
		<feat xlink:href="#sSpan814" value="ϥⲓ"/>
		<feat xlink:href="#sSpan815" value="ⲙ"/>
		<feat xlink:href="#sSpan817" value="ⲡⲁ"/>
		<feat xlink:href="#sSpan818" value="ⲧ"/>
		<feat xlink:href="#sSpan820" value="ϣⲉⲗⲉⲉⲧ"/>
		<feat xlink:href="#sSpan821" value="ⲛⲧⲟⲟⲧ"/>
		<feat xlink:href="#sSpan823" value="ⲟⲩ"/>
		<feat xlink:href="#sSpan824" value="ⲧⲟⲧⲉ"/>
		<feat xlink:href="#sSpan826" value="ⲥⲉ"/>
		<feat xlink:href="#sSpan828" value="ⲛⲁ"/>
		<feat xlink:href="#sSpan829" value="ⲛⲏⲥⲧⲉⲩⲉ"/>
		<feat xlink:href="#sSpan830" value="."/>
		<feat xlink:href="#sSpan832" value="ⲙⲉⲣⲉ"/>
		<feat xlink:href="#sSpan835" value="ⲗⲁⲁⲩ"/>
		<feat xlink:href="#sSpan837" value="ϩⲓ"/>
		<feat xlink:href="#sSpan839" value="ⲟⲩ"/>
		<feat xlink:href="#sSpan841" value="ⲧⲟⲉⲓⲥ"/>
		<feat xlink:href="#sSpan842" value="ⲛ"/>
		<feat xlink:href="#sSpan844" value="ϣⲁⲓ"/>
		<feat xlink:href="#sSpan845" value="ⲉ"/>
		<feat xlink:href="#sSpan847" value="ⲩ"/>
		<feat xlink:href="#sSpan849" value="ϣⲧⲏⲛ"/>
		<feat xlink:href="#sSpan850" value="ⲙ"/>
		<feat xlink:href="#sSpan852" value="ⲡⲗϭⲉ"/>
		<feat xlink:href="#sSpan854" value="."/>
		<feat xlink:href="#sSpan856" value="ⲥ"/>
		<feat xlink:href="#sSpan858" value="ⲛⲁ"/>
		<feat xlink:href="#sSpan859" value="ϥⲓ"/>
		<feat xlink:href="#sSpan860" value="ⲅⲁⲣ"/>
		<feat xlink:href="#sSpan862" value="ⲙ"/>
		<feat xlink:href="#sSpan864" value="ⲡⲉⲥ"/>
		<feat xlink:href="#sSpan866" value="ⲕⲱⲧⲉ"/>
		<feat xlink:href="#sSpan868" value="ⲉⲃⲟⲗ"/>
		<feat xlink:href="#sSpan870" value="ϩⲛ"/>
		<feat xlink:href="#sSpan872" value="ⲧⲉ"/>
		<feat xlink:href="#sSpan874" value="ϣⲧⲏⲛ"/>
		<feat xlink:href="#sSpan875" value="ⲛ"/>
		<feat xlink:href="#sSpan877" value="ϥ"/>
		<feat xlink:href="#sSpan878" value="ϣⲱⲡⲉ"/>
		<feat xlink:href="#sSpan879" value="ⲛϭⲓ"/>
		<feat xlink:href="#sSpan881" value="ⲟⲩ"/>
		<feat xlink:href="#sSpan883" value="ⲛⲟϭ"/>
		<feat xlink:href="#sSpan884" value="ⲙ"/>
		<feat xlink:href="#sSpan886" value="ⲡⲱϩ"/>
		<feat xlink:href="#sSpan887" value="."/>
		<feat xlink:href="#sSpan889" value="ⲟⲩⲇⲉ"/>
		<feat xlink:href="#sSpan892" value="ⲙⲉ"/>
		<feat xlink:href="#sSpan894" value="ⲩ"/>
		<feat xlink:href="#sSpan895" value="ⲛⲉϫⲙⲣⲓⲥ"/>
		<feat xlink:href="#sSpan896" value="ⲉ"/>
		<feat xlink:href="#sSpan898" value="ϩⲱⲧ"/>
		<feat xlink:href="#sSpan900" value="ⲛⲁ"/>
		<feat xlink:href="#sSpan902" value="ⲥ"/>
		<feat xlink:href="#sSpan903" value="ⲉϣⲱⲡⲉ"/>
		<feat xlink:href="#sSpan906" value="ⲙⲙⲟⲛ"/>
		<feat xlink:href="#sSpan908" value="ϣⲁ"/>
		<feat xlink:href="#sSpan910" value="ⲩ"/>
		<feat xlink:href="#sSpan911" value="ⲡⲱϩ"/>
		<feat xlink:href="#sSpan912" value="ⲛϭⲓ"/>
		<feat xlink:href="#sSpan914" value="ⲛ"/>
		<feat xlink:href="#sSpan916" value="ϩⲱⲧ"/>
		<feat xlink:href="#sSpan917" value="ⲛⲧⲉ"/>
		<feat xlink:href="#sSpan919" value="ⲡ"/>
		<feat xlink:href="#sSpan921" value="ⲏⲣⲡ"/>
		<feat xlink:href="#sSpan922" value="ⲡⲱⲛ"/>
		<feat xlink:href="#sSpan924" value="ⲉⲃⲟⲗ"/>
		<feat xlink:href="#sSpan926" value="ⲛⲧⲉ"/>
		<feat xlink:href="#sSpan928" value="ⲛ"/>
		<feat xlink:href="#sSpan930" value="ⲕⲉ"/>
		<feat xlink:href="#sSpan931" value="ϩⲱⲧ"/>
		<feat xlink:href="#sSpan932" value="ⲧⲁⲕⲟ"/>
		<feat xlink:href="#sSpan934" value="ⲁⲗⲗⲁ"/>
		<feat xlink:href="#sSpan936" value="ⲛ"/>
		<feat xlink:href="#sSpan938" value="ϣⲁ"/>
		<feat xlink:href="#sSpan939" value="ⲩ"/>
		<feat xlink:href="#sSpan940" value="ⲛⲉϫ"/>
		<feat xlink:href="#sSpan941" value="ⲏⲣⲡ"/>
		<feat xlink:href="#sSpan943" value="ⲛ"/>
		<feat xlink:href="#sSpan945" value="ⲃⲣⲣⲉ"/>
		<feat xlink:href="#sSpan946" value="ⲉ"/>
		<feat xlink:href="#sSpan948" value="ⲁⲥⲕⲟⲥ"/>
		<feat xlink:href="#sSpan950" value="ⲛ"/>
		<feat xlink:href="#sSpan952" value="ⲃⲣⲣⲉ"/>
		<feat xlink:href="#sSpan953" value="ⲛ"/>
		<feat xlink:href="#sSpan955" value="ⲥⲉ"/>
		<feat xlink:href="#sSpan956" value="ϣⲱⲡⲉ"/>
		<feat xlink:href="#sSpan957" value="ⲉ"/>
		<feat xlink:href="#sSpan959" value="ⲩ"/>
		<feat xlink:href="#sSpan960" value="ⲟⲩⲟϫ"/>
		<feat xlink:href="#sSpan961" value="ⲙ"/>
		<feat xlink:href="#sSpan963" value="ⲡⲉ"/>
		<feat xlink:href="#sSpan965" value="ⲥⲛⲁⲩ"/>
		<feat xlink:href="#sSpan966" value="."/>
		<feat xlink:href="#sSpan968" value="ⲛⲁⲓ"/>
		<feat xlink:href="#sSpan972" value="ⲉ"/>
		<feat xlink:href="#sSpan974" value="ϥ"/>
		<feat xlink:href="#sSpan975" value="ϫⲱ"/>
		<feat xlink:href="#sSpan976" value="ⲙⲙⲟ"/>
		<feat xlink:href="#sSpan978" value="ⲟⲩ"/>
		<feat xlink:href="#sSpan979" value="ⲛⲁ"/>
		<feat xlink:href="#sSpan981" value="ⲩ"/>
		<feat xlink:href="#sSpan982" value="ⲉⲓⲥ"/>
		<feat xlink:href="#sSpan985" value="ϩⲏⲏⲧⲉ"/>
		<feat xlink:href="#sSpan987" value="ⲉⲓⲥ"/>
		<feat xlink:href="#sSpan989" value="ⲟⲩ"/>
		<feat xlink:href="#sSpan991" value="ⲁⲣⲭⲱⲛ"/>
		<feat xlink:href="#sSpan992" value="ⲁ"/>
		<feat xlink:href="#sSpan994" value="ϥ"/>
		<feat xlink:href="#sSpan995" value="ϯ"/>
		<feat xlink:href="#sSpan997" value="ⲡⲉϥ"/>
		<feat xlink:href="#sSpan998" value="ⲟⲩⲟⲓ"/>
		<feat xlink:href="#sSpan999" value="ⲉⲣⲟ"/>
		<feat xlink:href="#sSpan1001" value="ϥ"/>
		<feat xlink:href="#sSpan1002" value="ⲁ"/>
		<feat xlink:href="#sSpan1004" value="ϥ"/>
		<feat xlink:href="#sSpan1005" value="ⲟⲩⲱϣⲧ"/>
		<feat xlink:href="#sSpan1006" value="ⲛⲁ"/>
		<feat xlink:href="#sSpan1008" value="ϥ"/>
		<feat xlink:href="#sSpan1009" value="ⲉ"/>
		<feat xlink:href="#sSpan1011" value="ϥ"/>
		<feat xlink:href="#sSpan1012" value="ϫⲱ"/>
		<feat xlink:href="#sSpan1013" value="ⲙⲙⲟ"/>
		<feat xlink:href="#sSpan1015" value="ⲥ"/>
		<feat xlink:href="#sSpan1016" value="ϫⲉ"/>
		<feat xlink:href="#sSpan1018" value="ⲁ"/>
		<feat xlink:href="#sSpan1019" value="ⲧⲁ"/>
		<feat xlink:href="#sSpan1021" value="ϣⲉⲉⲣⲉ"/>
		<feat xlink:href="#sSpan1022" value="ⲙⲟⲩ"/>
		<feat xlink:href="#sSpan1024" value="ⲧⲉⲛⲟⲩ"/>
		<feat xlink:href="#sSpan1026" value="ⲁⲗⲗⲁ"/>
		<feat xlink:href="#sSpan1028" value="ⲁⲙⲟⲩ"/>
		<feat xlink:href="#sSpan1030" value="ⲛ"/>
		<feat xlink:href="#sSpan1032" value="ⲅ"/>
		<feat xlink:href="#sSpan1033" value="ⲧⲁⲗⲟ"/>
		<feat xlink:href="#sSpan1034" value="ⲛ"/>
		<feat xlink:href="#sSpan1036" value="ⲧⲉⲕ"/>
		<feat xlink:href="#sSpan1038" value="ϭⲓϫ"/>
		<feat xlink:href="#sSpan1039" value="ⲉϩⲣⲁⲓ"/>
		<feat xlink:href="#sSpan1041" value="ⲉϫⲱ"/>
		<feat xlink:href="#sSpan1043" value="ⲥ"/>
		<feat xlink:href="#sSpan1044" value="ⲁⲩⲱ"/>
		<feat xlink:href="#sSpan1046" value="ⲥ"/>
		<feat xlink:href="#sSpan1048" value="ⲛⲁ"/>
		<feat xlink:href="#sSpan1049" value="ⲱⲛϩ"/>
		<feat xlink:href="#sSpan1050" value="."/>
		<feat xlink:href="#sSpan1052" value="ⲁ"/>
		<feat xlink:href="#sSpan1055" value="ϥ"/>
		<feat xlink:href="#sSpan1056" value="ⲧⲱⲟⲩⲛ"/>
		<feat xlink:href="#sSpan1057" value="ⲇⲉ"/>
		<feat xlink:href="#sSpan1059" value="ⲛϭⲓ"/>
		<feat xlink:href="#sSpan1061" value="ⲓⲏⲥⲟⲩⲥ"/>
		<feat xlink:href="#sSpan1063" value="ⲁ"/>
		<feat xlink:href="#sSpan1065" value="ϥ"/>
		<feat xlink:href="#sSpan1066" value="ⲟⲩⲁϩ"/>
		<feat xlink:href="#sSpan1067" value="ϥ"/>
		<feat xlink:href="#sSpan1068" value="ⲛⲥⲱ"/>
		<feat xlink:href="#sSpan1070" value="ϥ"/>
		<feat xlink:href="#sSpan1071" value="ⲙⲛ"/>
		<feat xlink:href="#sSpan1073" value="ⲛⲉϥ"/>
		<feat xlink:href="#sSpan1075" value="ⲙⲁⲑⲏⲧⲏⲥ"/>
		<feat xlink:href="#sSpan1076" value="."/>
		<feat xlink:href="#sSpan1078" value="ⲉⲓⲥ"/>
		<feat xlink:href="#sSpan1081" value="ⲟⲩ"/>
		<feat xlink:href="#sSpan1083" value="ⲥϩⲓⲙⲉ"/>
		<feat xlink:href="#sSpan1084" value="ⲇⲉ"/>
		<feat xlink:href="#sSpan1086" value="ⲉⲣⲉ"/>
		<feat xlink:href="#sSpan1088" value="ⲡⲉ"/>
		<feat xlink:href="#sSpan1090" value="ⲥⲛⲟϥ"/>
		<feat xlink:href="#sSpan1091" value="ϣⲟⲟⲡ"/>
		<feat xlink:href="#sSpan1093" value="ϩⲁⲣⲟ"/>
		<feat xlink:href="#sSpan1095" value="ⲥ"/>
		<feat xlink:href="#sSpan1096" value="ⲙ"/>
		<feat xlink:href="#sSpan1099" value="ⲙⲛⲧⲥⲛⲟⲟⲩⲥⲉ"/>
		<feat xlink:href="#sSpan1103" value="ⲛ"/>
		<feat xlink:href="#sSpan1105" value="ⲣⲟⲙⲡⲉ"/>
		<feat xlink:href="#sSpan1106" value="."/>
		<feat xlink:href="#sSpan1108" value="ⲁ"/>
		<feat xlink:href="#sSpan1110" value="ⲥ"/>
		<feat xlink:href="#sSpan1111" value="ϯ"/>
		<feat xlink:href="#sSpan1112" value="ⲡⲉⲥ"/>
		<feat xlink:href="#sSpan1113" value="ⲟⲩⲟⲓ"/>
		<feat xlink:href="#sSpan1114" value="ⲡⲁϩ"/>
		<feat xlink:href="#sSpan1116" value="ⲟⲩ"/>
		<feat xlink:href="#sSpan1117" value="ⲙⲙⲟ"/>
		<feat xlink:href="#sSpan1119" value="ϥ"/>
		<feat xlink:href="#sSpan1120" value="ⲁ"/>
		<feat xlink:href="#sSpan1122" value="ⲥ"/>
		<feat xlink:href="#sSpan1123" value="ϫⲱϩ"/>
		<feat xlink:href="#sSpan1124" value="ⲉ"/>
		<feat xlink:href="#sSpan1126" value="ⲡ"/>
		<feat xlink:href="#sSpan1128" value="ⲧⲟⲡ"/>
		<feat xlink:href="#sSpan1129" value="ⲙ"/>
		<feat xlink:href="#sSpan1131" value="ⲡⲉϥ"/>
		<feat xlink:href="#sSpan1133" value="ϩⲟⲓⲧⲉ"/>
		<feat xlink:href="#sSpan1134" value="."/>
		<feat xlink:href="#sSpan1136" value="ⲛⲉ"/>
		<feat xlink:href="#sSpan1139" value="ⲥ"/>
		<feat xlink:href="#sSpan1140" value="ϫⲱ"/>
		<feat xlink:href="#sSpan1141" value="ⲅⲁⲣ"/>
		<feat xlink:href="#sSpan1143" value="ⲙⲙⲟ"/>
		<feat xlink:href="#sSpan1145" value="ⲥ"/>
		<feat xlink:href="#sSpan1146" value="ϩⲣⲁⲓ"/>
		<feat xlink:href="#sSpan1149" value="ⲛϩⲏⲧ"/>
		<feat xlink:href="#sSpan1151" value="ⲥ"/>
		<feat xlink:href="#sSpan1152" value="."/>
		<feat xlink:href="#sSpan1154" value="ϫⲉ"/>
		<feat xlink:href="#sSpan1156" value="ⲉⲓϣⲁⲛ"/>
		<feat xlink:href="#sSpan1157" value="ϫⲱϩ"/>
		<feat xlink:href="#sSpan1158" value="ⲙⲙⲁⲧⲉ"/>
		<feat xlink:href="#sSpan1160" value="ⲉ"/>
		<feat xlink:href="#sSpan1162" value="ⲡ"/>
		<feat xlink:href="#sSpan1164" value="ⲧⲟⲡ"/>
		<feat xlink:href="#sSpan1165" value="ⲛ"/>
		<feat xlink:href="#sSpan1167" value="ⲧⲉϥ"/>
		<feat xlink:href="#sSpan1169" value="ϣⲧⲏⲛ"/>
		<feat xlink:href="#sSpan1170" value="ϯ"/>
		<feat xlink:href="#sSpan1172" value="ⲛⲁ"/>
		<feat xlink:href="#sSpan1173" value="ⲟⲩϫⲁⲓ"/>
		<feat xlink:href="#sSpan1174" value="."/>
		<feat xlink:href="#sSpan1176" value="ⲓⲏⲥⲟⲩⲥ"/>
		<feat xlink:href="#sSpan1180" value="ⲇⲉ"/>
		<feat xlink:href="#sSpan1182" value="ⲁ"/>
		<feat xlink:href="#sSpan1184" value="ϥ"/>
		<feat xlink:href="#sSpan1185" value="ⲕⲟⲧ"/>
		<feat xlink:href="#sSpan1186" value="ϥ"/>
		<feat xlink:href="#sSpan1187" value="ⲁ"/>
		<feat xlink:href="#sSpan1189" value="ϥ"/>
		<feat xlink:href="#sSpan1190" value="ⲛⲁⲩ"/>
		<feat xlink:href="#sSpan1191" value="ⲉⲣⲟ"/>
		<feat xlink:href="#sSpan1193" value="ⲥ"/>
		<feat xlink:href="#sSpan1194" value="ⲡⲉϫⲁ"/>
		<feat xlink:href="#sSpan1196" value="ϥ"/>
		<feat xlink:href="#sSpan1197" value="ⲛⲁ"/>
		<feat xlink:href="#sSpan1199" value="ⲥ"/>
		<feat xlink:href="#sSpan1200" value="."/>
		<feat xlink:href="#sSpan1202" value="ϫⲉ"/>
		<feat xlink:href="#sSpan1204" value="ⲧⲱⲕ"/>
		<feat xlink:href="#sSpan1205" value="ⲙⲙⲟⲧⲁϣⲉⲉⲣⲉ"/>
		<feat xlink:href="#sSpan1207" value="ⲧⲟⲩ"/>
		<feat xlink:href="#sSpan1210" value="ⲡⲓⲥⲧⲓⲥ"/>
		<feat xlink:href="#sSpan1211" value="ⲧⲉ"/>
		<feat xlink:href="#sSpan1213" value="ⲛⲧ"/>
		<feat xlink:href="#sSpan1215" value="ⲁ"/>
		<feat xlink:href="#sSpan1216" value="ⲥ"/>
		<feat xlink:href="#sSpan1217" value="ⲛⲁϩⲙⲉ"/>
		<feat xlink:href="#sSpan1218" value="."/>
		<feat xlink:href="#sSpan1220" value="ⲁⲩⲱ"/>
		<feat xlink:href="#sSpan1222" value="ⲁ"/>
		<feat xlink:href="#sSpan1224" value="ⲥ"/>
		<feat xlink:href="#sSpan1225" value="ⲟⲩϫⲁⲓ"/>
		<feat xlink:href="#sSpan1226" value="ⲛϭⲓ"/>
		<feat xlink:href="#sSpan1228" value="ⲧⲉ"/>
		<feat xlink:href="#sSpan1230" value="ⲥϩⲓⲙⲉ"/>
		<feat xlink:href="#sSpan1231" value="ϫⲓⲛ"/>
		<feat xlink:href="#sSpan1233" value="ⲧ"/>
		<feat xlink:href="#sSpan1235" value="ⲉⲩⲛⲟⲩ"/>
		<feat xlink:href="#sSpan1236" value="ⲉⲧ"/>
		<feat xlink:href="#sSpan1238" value="ⲙⲙⲁⲩ"/>
		<feat xlink:href="#sSpan1239" value="."/>
		<feat xlink:href="#sSpan1241" value="ⲛⲧⲉⲣⲉ"/>
		<feat xlink:href="#sSpan1244" value="ϥ"/>
		<feat xlink:href="#sSpan1245" value="ⲉⲓ"/>
		<feat xlink:href="#sSpan1246" value="ⲇⲉ"/>
		<feat xlink:href="#sSpan1248" value="ⲛϭⲓ"/>
		<feat xlink:href="#sSpan1250" value="ⲓⲏⲥⲟⲩⲥ"/>
		<feat xlink:href="#sSpan1252" value="ⲉϩⲣⲁⲓ"/>
		<feat xlink:href="#sSpan1254" value="ⲉ"/>
		<feat xlink:href="#sSpan1256" value="ⲡ"/>
		<feat xlink:href="#sSpan1258" value="ⲏⲓ"/>
		<feat xlink:href="#sSpan1259" value="ⲙ"/>
		<feat xlink:href="#sSpan1261" value="ⲡ"/>
		<feat xlink:href="#sSpan1263" value="ⲁⲣⲭⲱⲛ"/>
		<feat xlink:href="#sSpan1264" value="ⲁ"/>
		<feat xlink:href="#sSpan1266" value="ϥ"/>
		<feat xlink:href="#sSpan1267" value="ⲛⲁⲩ"/>
		<feat xlink:href="#sSpan1268" value="ⲉ"/>
		<feat xlink:href="#sSpan1270" value="ⲛ"/>
		<feat xlink:href="#sSpan1273" value="ⲣⲉϥϫⲟ"/>
		<feat xlink:href="#sSpan1275" value="ⲟⲩⲉ"/>
		<feat xlink:href="#sSpan1276" value="ⲙⲛ"/>
		<feat xlink:href="#sSpan1278" value="ⲡ"/>
		<feat xlink:href="#sSpan1280" value="ⲙⲏⲏϣⲉ"/>
		<feat xlink:href="#sSpan1281" value="ⲉ"/>
		<feat xlink:href="#sSpan1283" value="ⲩ"/>
		<feat xlink:href="#sSpan1284" value="ϣⲧⲣⲧⲱⲣ"/>
		<feat xlink:href="#sSpan1285" value="."/>
		<feat xlink:href="#sSpan1287" value="ⲡⲉϫⲁ"/>
		<feat xlink:href="#sSpan1290" value="ϥ"/>
		<feat xlink:href="#sSpan1291" value="ϫⲉ"/>
		<feat xlink:href="#sSpan1293" value="ⲁⲛⲁⲭⲱⲣⲉⲓ"/>
		<feat xlink:href="#sSpan1294" value="ⲛⲏ"/>
		<feat xlink:href="#sSpan1296" value="ⲧⲛ"/>
		<feat xlink:href="#sSpan1297" value="ⲙ"/>
		<feat xlink:href="#sSpan1299" value="ⲡⲉ"/>
		<feat xlink:href="#sSpan1301" value="ⲥⲙⲟⲩ"/>
		<feat xlink:href="#sSpan1302" value="ⲅⲁⲣ"/>
		<feat xlink:href="#sSpan1304" value="ⲛϭⲓ"/>
		<feat xlink:href="#sSpan1306" value="ⲧ"/>
		<feat xlink:href="#sSpan1308" value="ϣⲉⲉⲣⲉ"/>
		<feat xlink:href="#sSpan1310" value="ϣⲏⲙ"/>
		<feat xlink:href="#sSpan1312" value="."/>
		<feat xlink:href="#sSpan1314" value="ⲁⲗⲗⲁ"/>
		<feat xlink:href="#sSpan1316" value="ⲉ"/>
		<feat xlink:href="#sSpan1318" value="ⲥ"/>
		<feat xlink:href="#sSpan1319" value="ⲛⲕⲟⲧⲕ"/>
		<feat xlink:href="#sSpan1320" value="."/>
		<feat xlink:href="#sSpan1322" value="ⲛⲧⲟⲟⲩ"/>
		<feat xlink:href="#sSpan1324" value="ⲇⲉ"/>
		<feat xlink:href="#sSpan1326" value="ⲛⲉ"/>
		<feat xlink:href="#sSpan1328" value="ⲩ"/>
		<feat xlink:href="#sSpan1329" value="ⲥⲱⲃⲉ"/>
		<feat xlink:href="#sSpan1330" value="ⲛⲥⲱ"/>
		<feat xlink:href="#sSpan1332" value="ϥ"/>
		<feat xlink:href="#sSpan1333" value="ⲉ"/>
		<feat xlink:href="#sSpan1335" value="ⲩ"/>
		<feat xlink:href="#sSpan1336" value="ⲥⲟⲟⲩⲛ"/>
		<feat xlink:href="#sSpan1337" value="ϫⲉ"/>
		<feat xlink:href="#sSpan1339" value="ⲁ"/>
		<feat xlink:href="#sSpan1340" value="ⲥ"/>
		<feat xlink:href="#sSpan1341" value="ⲙⲟⲩ"/>
		<feat xlink:href="#sSpan1342" value="."/>
		<feat xlink:href="#sSpan1344" value="ⲛⲧⲉⲣ"/>
		<feat xlink:href="#sSpan1347" value="ⲟⲩ"/>
		<feat xlink:href="#sSpan1348" value="ⲛⲟⲩϫⲉ"/>
		<feat xlink:href="#sSpan1349" value="ⲇⲉ"/>
		<feat xlink:href="#sSpan1351" value="ⲉⲃⲟⲗ"/>
		<feat xlink:href="#sSpan1353" value="ⲙ"/>
		<feat xlink:href="#sSpan1355" value="ⲡ"/>
		<feat xlink:href="#sSpan1357" value="ⲙⲏⲏϣⲉ"/>
		<feat xlink:href="#sSpan1358" value="ⲁ"/>
		<feat xlink:href="#sSpan1360" value="ϥ"/>
		<feat xlink:href="#sSpan1361" value="ⲃⲱⲕ"/>
		<feat xlink:href="#sSpan1363" value="ⲉϩⲟⲩⲛ"/>
		<feat xlink:href="#sSpan1365" value="ⲁ"/>
		<feat xlink:href="#sSpan1367" value="ϥ"/>
		<feat xlink:href="#sSpan1368" value="ⲁⲙⲁϩⲧⲉ"/>
		<feat xlink:href="#sSpan1369" value="ⲛ"/>
		<feat xlink:href="#sSpan1371" value="ⲧⲉⲥ"/>
		<feat xlink:href="#sSpan1373" value="ϭⲓϫ"/>
		<feat xlink:href="#sSpan1374" value="."/>
		<feat xlink:href="#sSpan1376" value="ⲁ"/>
		<feat xlink:href="#sSpan1378" value="ⲥ"/>
		<feat xlink:href="#sSpan1379" value="ⲧⲱⲟⲩⲛ"/>
		<feat xlink:href="#sSpan1380" value="ⲛϭⲓ"/>
		<feat xlink:href="#sSpan1382" value="ⲧ"/>
		<feat xlink:href="#sSpan1384" value="ϣⲉⲉⲣⲉ"/>
		<feat xlink:href="#sSpan1386" value="ϣⲏⲙ"/>
		<feat xlink:href="#sSpan1388" value="."/>
		<feat xlink:href="#sSpan1390" value="ⲡⲉϥ"/>
		<feat xlink:href="#sSpan1394" value="ⲥⲟⲉⲓⲧ"/>
		<feat xlink:href="#sSpan1395" value="ⲁ"/>
		<feat xlink:href="#sSpan1397" value="ϥ"/>
		<feat xlink:href="#sSpan1398" value="ⲉⲓ"/>
		<feat xlink:href="#sSpan1400" value="ⲉⲃⲟⲗ"/>
		<feat xlink:href="#sSpan1402" value="ϩⲙ"/>
		<feat xlink:href="#sSpan1404" value="ⲡ"/>
		<feat xlink:href="#sSpan1406" value="ⲕⲁϩ"/>
		<feat xlink:href="#sSpan1407" value="ⲧⲏⲣ"/>
		<feat xlink:href="#sSpan1409" value="ϥ"/>
		<feat xlink:href="#sSpan1410" value="ⲉⲧ"/>
		<feat xlink:href="#sSpan1412" value="ⲙⲙⲁⲩ"/>
		<feat xlink:href="#sSpan1413" value="."/>
		<feat xlink:href="#sSpan1415" value="ⲉ"/>
		<feat xlink:href="#sSpan1418" value="ϥ"/>
		<feat xlink:href="#sSpan1419" value="ⲡⲁⲣⲁⲅⲉ"/>
		<feat xlink:href="#sSpan1420" value="ⲇⲉ"/>
		<feat xlink:href="#sSpan1422" value="ⲉⲃⲟⲗ"/>
		<feat xlink:href="#sSpan1425" value="ϩⲙ"/>
		<feat xlink:href="#sSpan1427" value="ⲡ"/>
		<feat xlink:href="#sSpan1429" value="ⲙⲁ"/>
		<feat xlink:href="#sSpan1430" value="ⲉⲧ"/>
		<feat xlink:href="#sSpan1432" value="ⲙⲙⲁⲩ"/>
		<feat xlink:href="#sSpan1433" value="ⲛϭⲓ"/>
		<feat xlink:href="#sSpan1435" value="ⲓⲏⲥⲟⲩⲥ"/>
		<feat xlink:href="#sSpan1437" value="ⲁ"/>
		<feat xlink:href="#sSpan1439" value="ⲩ"/>
		<feat xlink:href="#sSpan1440" value="ⲟⲩⲁϩ"/>
		<feat xlink:href="#sSpan1441" value="ⲟⲩ"/>
		<feat xlink:href="#sSpan1442" value="ⲛⲥⲱ"/>
		<feat xlink:href="#sSpan1444" value="ϥ"/>
		<feat xlink:href="#sSpan1445" value="ⲛϭⲓ"/>
		<feat xlink:href="#sSpan1447" value="ⲃⲗⲗⲉ"/>
		<feat xlink:href="#sSpan1449" value="ⲥⲛⲁⲩ"/>
		<feat xlink:href="#sSpan1452" value="ⲉ"/>
		<feat xlink:href="#sSpan1454" value="ⲩ"/>
		<feat xlink:href="#sSpan1456" value="ϫⲓϣⲕⲁⲕ"/>
		<feat xlink:href="#sSpan1458" value="ⲉⲃⲟⲗ"/>
		<feat xlink:href="#sSpan1460" value="ⲉ"/>
		<feat xlink:href="#sSpan1462" value="ⲩ"/>
		<feat xlink:href="#sSpan1463" value="ϫⲱ"/>
		<feat xlink:href="#sSpan1464" value="ⲙⲙⲟ"/>
		<feat xlink:href="#sSpan1466" value="ⲥ"/>
		<feat xlink:href="#sSpan1467" value="ϫⲉⲛⲁ"/>
		<feat xlink:href="#sSpan1469" value="ⲛⲁ"/>
		<feat xlink:href="#sSpan1470" value="ⲛ"/>
		<feat xlink:href="#sSpan1471" value="ⲓⲏⲥⲟⲩⲥ"/>
		<feat xlink:href="#sSpan1474" value="ⲡ"/>
		<feat xlink:href="#sSpan1476" value="ϣⲏⲣⲉ"/>
		<feat xlink:href="#sSpan1477" value="ⲛ"/>
		<feat xlink:href="#sSpan1479" value="ⲇⲁⲩⲉⲓⲇ"/>
		<feat xlink:href="#sSpan1481" value="."/>
		<feat xlink:href="#sSpan1483" value="ⲛⲧⲉⲣⲉ"/>
		<feat xlink:href="#sSpan1486" value="ϥ"/>
		<feat xlink:href="#sSpan1487" value="ⲉⲓ"/>
		<feat xlink:href="#sSpan1488" value="ⲇⲉ"/>
		<feat xlink:href="#sSpan1490" value="ⲉϩⲣⲁⲓ"/>
		<feat xlink:href="#sSpan1492" value="ⲉ"/>
		<feat xlink:href="#sSpan1494" value="ⲡ"/>
		<feat xlink:href="#sSpan1496" value="ⲏⲓ"/>
		<feat xlink:href="#sSpan1497" value="ⲁ"/>
		<feat xlink:href="#sSpan1499" value="ⲩ"/>
		<feat xlink:href="#sSpan1500" value="ϯ"/>
		<feat xlink:href="#sSpan1501" value="ⲡⲉⲩ"/>
		<feat xlink:href="#sSpan1502" value="ⲟⲩⲟⲓ"/>
		<feat xlink:href="#sSpan1503" value="ⲉⲣⲟ"/>
		<feat xlink:href="#sSpan1505" value="ϥ"/>
		<feat xlink:href="#sSpan1506" value="ⲛϭⲓ"/>
		<feat xlink:href="#sSpan1508" value="ⲛ"/>
		<feat xlink:href="#sSpan1510" value="ⲃⲗⲗⲉ"/>
		<feat xlink:href="#sSpan1511" value="ⲡⲉϫⲁ"/>
		<feat xlink:href="#sSpan1513" value="ϥ"/>
		<feat xlink:href="#sSpan1514" value="ⲛⲁ"/>
		<feat xlink:href="#sSpan1516" value="ⲩ"/>
		<feat xlink:href="#sSpan1517" value="ⲛϭⲓ"/>
		<feat xlink:href="#sSpan1519" value="ⲓⲏⲥⲟⲩⲥ"/>
		<feat xlink:href="#sSpan1521" value="."/>
		<feat xlink:href="#sSpan1523" value="ϫⲉ"/>
		<feat xlink:href="#sSpan1525" value="ⲧⲉⲧⲛ"/>
		<feat xlink:href="#sSpan1526" value="ⲡⲓⲥⲧⲉⲩⲉ"/>
		<feat xlink:href="#sSpan1527" value="ϫⲉ"/>
		<feat xlink:href="#sSpan1529" value="ⲟⲩⲛ"/>
		<feat xlink:href="#sSpan1530" value="ϭⲟⲙ"/>
		<feat xlink:href="#sSpan1531" value="ⲙⲙⲟ"/>
		<feat xlink:href="#sSpan1533" value="ⲓ"/>
		<feat xlink:href="#sSpan1534" value="ⲉ"/>
		<feat xlink:href="#sSpan1536" value="ⲣ"/>
		<feat xlink:href="#sSpan1537" value="ⲡⲁⲓ"/>
		<feat xlink:href="#sSpan1539" value="."/>
		<feat xlink:href="#sSpan1541" value="ⲡⲉϫⲁ"/>
		<feat xlink:href="#sSpan1543" value="ⲩ"/>
		<feat xlink:href="#sSpan1544" value="ⲛⲁ"/>
		<feat xlink:href="#sSpan1546" value="ϥ"/>
		<feat xlink:href="#sSpan1547" value="ϫⲉ"/>
		<feat xlink:href="#sSpan1549" value="ⲥⲉ"/>
		<feat xlink:href="#sSpan1550" value="ⲡ"/>
		<feat xlink:href="#sSpan1552" value="ϫⲟⲉⲓⲥ"/>
		<feat xlink:href="#sSpan1553" value="."/>
		<feat xlink:href="#sSpan1555" value="ⲧⲟⲧⲉ"/>
		<feat xlink:href="#sSpan1558" value="ⲁ"/>
		<feat xlink:href="#sSpan1560" value="ϥ"/>
		<feat xlink:href="#sSpan1561" value="ϫⲱϩ"/>
		<feat xlink:href="#sSpan1562" value="ⲉ"/>
		<feat xlink:href="#sSpan1564" value="ⲛⲉⲩ"/>
		<feat xlink:href="#sSpan1566" value="ⲃⲁⲗ"/>
		<feat xlink:href="#sSpan1567" value="ⲉ"/>
		<feat xlink:href="#sSpan1569" value="ϥ"/>
		<feat xlink:href="#sSpan1570" value="ϫⲱ"/>
		<feat xlink:href="#sSpan1571" value="ⲙⲙⲟ"/>
		<feat xlink:href="#sSpan1573" value="ⲥ"/>
		<feat xlink:href="#sSpan1574" value="ϫⲉ"/>
		<feat xlink:href="#sSpan1576" value="ⲕⲁⲧⲁ"/>
		<feat xlink:href="#sSpan1577" value="ⲧⲉⲧⲛ"/>
		<feat xlink:href="#sSpan1579" value="ⲡⲓⲥⲧⲓⲥ"/>
		<feat xlink:href="#sSpan1580" value="ⲙⲁⲣⲉ"/>
		<feat xlink:href="#sSpan1582" value="ⲥ"/>
		<feat xlink:href="#sSpan1583" value="ϣⲱⲡⲉ"/>
		<feat xlink:href="#sSpan1584" value="ⲛⲏ"/>
		<feat xlink:href="#sSpan1586" value="ⲧⲛ"/>
		<feat xlink:href="#sSpan1587" value="."/>
		<feat xlink:href="#sSpan1589" value="ⲁⲩⲱ"/>
		<feat xlink:href="#sSpan1592" value="ⲁ"/>
		<feat xlink:href="#sSpan1594" value="ⲩ"/>
		<feat xlink:href="#sSpan1595" value="ⲟⲩⲱⲛ"/>
		<feat xlink:href="#sSpan1596" value="ⲛϭⲓ"/>
		<feat xlink:href="#sSpan1598" value="ⲛⲉⲩ"/>
		<feat xlink:href="#sSpan1600" value="ⲃⲁⲗ"/>
		<feat xlink:href="#sSpan1601" value="."/>
		<feat xlink:href="#sSpan1603" value="ⲁ"/>
		<feat xlink:href="#sSpan1605" value="ϥ"/>
		<feat xlink:href="#sSpan1606" value="ϩⲱⲛ"/>
		<feat xlink:href="#sSpan1607" value="ⲉⲧⲟⲟⲧ"/>
		<feat xlink:href="#sSpan1609" value="ⲟⲩ"/>
		<feat xlink:href="#sSpan1610" value="ⲛϭⲓ"/>
		<feat xlink:href="#sSpan1612" value="ⲓⲏⲥⲟⲩⲥ"/>
		<feat xlink:href="#sSpan1614" value="ⲉ"/>
		<feat xlink:href="#sSpan1616" value="ϥ"/>
		<feat xlink:href="#sSpan1617" value="ϫⲱ"/>
		<feat xlink:href="#sSpan1618" value="ⲙⲙⲟ"/>
		<feat xlink:href="#sSpan1620" value="ⲥ"/>
		<feat xlink:href="#sSpan1621" value="ϫⲉ"/>
		<feat xlink:href="#sSpan1623" value="ϭⲱϣⲧ"/>
		<feat xlink:href="#sSpan1624" value="ⲙⲡⲣⲧⲣⲉ"/>
		<feat xlink:href="#sSpan1626" value="ⲗⲁⲁⲩ"/>
		<feat xlink:href="#sSpan1628" value="ⲉⲓⲙⲉ"/>
		<feat xlink:href="#sSpan1630" value="."/>
		<feat xlink:href="#sSpan1632" value="ⲛⲧⲟⲟⲩ"/>
		<feat xlink:href="#sSpan1635" value="ⲇⲉ"/>
		<feat xlink:href="#sSpan1637" value="ⲁ"/>
		<feat xlink:href="#sSpan1639" value="ⲩ"/>
		<feat xlink:href="#sSpan1640" value="ⲉⲓ"/>
		<feat xlink:href="#sSpan1642" value="ⲉⲃⲟⲗ"/>
		<feat xlink:href="#sSpan1644" value="ⲁ"/>
		<feat xlink:href="#sSpan1646" value="ⲩ"/>
		<feat xlink:href="#sSpan1647" value="ϯ"/>
		<feat xlink:href="#sSpan1648" value="ⲙ"/>
		<feat xlink:href="#sSpan1650" value="ⲡⲉϥ"/>
		<feat xlink:href="#sSpan1652" value="ⲥⲟⲉⲓⲧ"/>
		<feat xlink:href="#sSpan1653" value="ϩⲙ"/>
		<feat xlink:href="#sSpan1655" value="ⲡ"/>
		<feat xlink:href="#sSpan1657" value="ⲕⲁϩ"/>
		<feat xlink:href="#sSpan1658" value="ⲧⲏⲣ"/>
		<feat xlink:href="#sSpan1660" value="ϥ"/>
		<feat xlink:href="#sSpan1661" value="ⲉⲧ"/>
		<feat xlink:href="#sSpan1663" value="ⲙⲙⲁⲩ"/>
		<feat xlink:href="#sSpan1664" value="."/>
		<feat xlink:href="#sSpan1666" value="ⲉ"/>
		<feat xlink:href="#sSpan1669" value="ϥ"/>
		<feat xlink:href="#sSpan1670" value="ⲛⲏⲩ"/>
		<feat xlink:href="#sSpan1671" value="ⲇⲉ"/>
		<feat xlink:href="#sSpan1673" value="ⲉⲃⲟⲗ"/>
		<feat xlink:href="#sSpan1675" value="."/>
		<feat xlink:href="#sSpan1677" value="ⲉⲓⲥ"/>
		<feat xlink:href="#sSpan1680" value="ϩⲏⲏⲧⲉ"/>
		<feat xlink:href="#sSpan1682" value="ⲁ"/>
		<feat xlink:href="#sSpan1684" value="ⲩ"/>
		<feat xlink:href="#sSpan1685" value="ⲉⲓⲛⲉ"/>
		<feat xlink:href="#sSpan1686" value="ⲛⲁ"/>
		<feat xlink:href="#sSpan1688" value="ϥ"/>
		<feat xlink:href="#sSpan1689" value="ⲛ"/>
		<feat xlink:href="#sSpan1691" value="ⲟⲩ"/>
		<feat xlink:href="#sSpan1693" value="ⲙⲡⲟ"/>
		<feat xlink:href="#sSpan1694" value="ⲉⲣⲉ"/>
		<feat xlink:href="#sSpan1696" value="ⲟⲩ"/>
		<feat xlink:href="#sSpan1698" value="ⲇⲁⲓⲙⲱⲛⲓⲟⲛ"/>
		<feat xlink:href="#sSpan1699" value="ϩⲓⲱⲱ"/>
		<feat xlink:href="#sSpan1701" value="ϥ"/>
		<feat xlink:href="#sSpan1702" value="."/>
		<feat xlink:href="#sSpan1704" value="ⲁⲩⲱ"/>
		<feat xlink:href="#sSpan1707" value="ⲛⲧⲉⲣⲉ"/>
		<feat xlink:href="#sSpan1709" value="ϥ"/>
		<feat xlink:href="#sSpan1710" value="ⲛⲟⲩϫⲉ"/>
		<feat xlink:href="#sSpan1712" value="ⲉⲃⲟⲗ"/>
		<feat xlink:href="#sSpan1714" value="ⲙ"/>
		<feat xlink:href="#sSpan1716" value="ⲡ"/>
		<feat xlink:href="#sSpan1718" value="ⲇⲁⲓⲙⲱⲛⲓⲟⲛ"/>
		<feat xlink:href="#sSpan1719" value="ⲁ"/>
		<feat xlink:href="#sSpan1721" value="ϥ"/>
		<feat xlink:href="#sSpan1722" value="ϣⲁϫⲉ"/>
		<feat xlink:href="#sSpan1723" value="ⲛϭⲓ"/>
		<feat xlink:href="#sSpan1725" value="ⲡ"/>
		<feat xlink:href="#sSpan1727" value="ⲉⲙⲡⲟ"/>
		<feat xlink:href="#sSpan1728" value="."/>
		<feat xlink:href="#sSpan1730" value="ⲁ"/>
		<feat xlink:href="#sSpan1732" value="ⲩ"/>
		<feat xlink:href="#sSpan1734" value="ⲣϣⲡⲏⲣⲉ"/>
		<feat xlink:href="#sSpan1736" value="ⲛϭⲓ"/>
		<feat xlink:href="#sSpan1738" value="ⲙ"/>
		<feat xlink:href="#sSpan1740" value="ⲙⲏⲏϣⲉ"/>
		<feat xlink:href="#sSpan1741" value="ⲉ"/>
		<feat xlink:href="#sSpan1743" value="ⲩ"/>
		<feat xlink:href="#sSpan1744" value="ϫⲱ"/>
		<feat xlink:href="#sSpan1745" value="ⲙⲙⲟ"/>
		<feat xlink:href="#sSpan1747" value="ⲥ"/>
		<feat xlink:href="#sSpan1748" value="ϫⲉ"/>
		<feat xlink:href="#sSpan1750" value="ⲙⲡⲉ"/>
		<feat xlink:href="#sSpan1751" value="ⲟⲩⲟⲛ"/>
		<feat xlink:href="#sSpan1753" value="ⲛ"/>
		<feat xlink:href="#sSpan1755" value="ⲧⲉⲓ"/>
		<feat xlink:href="#sSpan1756" value="ϩⲉ"/>
		<feat xlink:href="#sSpan1757" value="ⲟⲩ"/>
		<feat xlink:href="#sSpan1760" value="ⲱⲛϩ"/>
		<feat xlink:href="#sSpan1761" value="ⲉⲃⲟⲗ"/>
		<feat xlink:href="#sSpan1763" value="ⲉⲛⲉϩ"/>
		<feat xlink:href="#sSpan1765" value="ϩⲙ"/>
		<feat xlink:href="#sSpan1767" value="ⲡ"/>
		<feat xlink:href="#sSpan1769" value="ⲓⲥⲣⲁⲏⲗ"/>
		<feat xlink:href="#sSpan1770" value="."/>
		<feat xlink:href="#sSpan1772" value="ⲛⲉ"/>
		<feat xlink:href="#sSpan1776" value="ⲫⲁⲣⲓⲥⲥⲁⲓⲟⲥ"/>
		<feat xlink:href="#sSpan1777" value="ⲇⲉ"/>
		<feat xlink:href="#sSpan1779" value="ⲛⲉ"/>
		<feat xlink:href="#sSpan1781" value="ⲩ"/>
		<feat xlink:href="#sSpan1782" value="ϫⲱ"/>
		<feat xlink:href="#sSpan1783" value="ⲙⲙⲟ"/>
		<feat xlink:href="#sSpan1785" value="ⲥ"/>
		<feat xlink:href="#sSpan1786" value="ϫⲉ"/>
		<feat xlink:href="#sSpan1788" value="ϩⲣⲁ"/>
		<feat xlink:href="#sSpan1790" value="ⲓ"/>
		<feat xlink:href="#sSpan1791" value="ϩⲙ"/>
		<feat xlink:href="#sSpan1793" value="ⲡ"/>
		<feat xlink:href="#sSpan1795" value="ⲁⲣⲭⲱⲛ"/>
		<feat xlink:href="#sSpan1796" value="ⲛ"/>
		<feat xlink:href="#sSpan1798" value="ⲛ"/>
		<feat xlink:href="#sSpan1800" value="ⲇⲁⲓⲙⲱⲛⲓⲟⲛ"/>
		<feat xlink:href="#sSpan1801" value="ⲉ"/>
		<feat xlink:href="#sSpan1803" value="ϥ"/>
		<feat xlink:href="#sSpan1804" value="ⲛⲟⲩϫⲉ"/>
		<feat xlink:href="#sSpan1806" value="ⲉⲃⲟⲗ"/>
		<feat xlink:href="#sSpan1808" value="ⲛ"/>
		<feat xlink:href="#sSpan1810" value="ⲛ"/>
		<feat xlink:href="#sSpan1812" value="ⲇⲁⲓⲙⲱⲛⲓⲟⲛ"/>
		<feat xlink:href="#sSpan1813" value="."/>
		<feat xlink:href="#sSpan1815" value="ⲁⲩⲱ"/>
		<feat xlink:href="#sSpan1818" value="ⲁ"/>
		<feat xlink:href="#sSpan1820" value="ϥ"/>
		<feat xlink:href="#sSpan1821" value="ⲙⲟⲩϣⲧ"/>
		<feat xlink:href="#sSpan1822" value="ⲛϭⲓ"/>
		<feat xlink:href="#sSpan1824" value="ⲓⲏⲥⲟⲩⲥ"/>
		<feat xlink:href="#sSpan1826" value="ⲛ"/>
		<feat xlink:href="#sSpan1828" value="ⲙ"/>
		<feat xlink:href="#sSpan1830" value="ⲡⲟⲗⲓⲥ"/>
		<feat xlink:href="#sSpan1831" value="ⲧⲏⲣ"/>
		<feat xlink:href="#sSpan1833" value="ⲟⲩ"/>
		<feat xlink:href="#sSpan1834" value="ⲙⲛ"/>
		<feat xlink:href="#sSpan1836" value="ⲛ"/>
		<feat xlink:href="#sSpan1838" value="ϯⲙⲉ"/>
		<feat xlink:href="#sSpan1839" value="ⲉ"/>
		<feat xlink:href="#sSpan1841" value="ϥ"/>
		<feat xlink:href="#sSpan1843" value="ϯⲥⲃⲱ"/>
		<feat xlink:href="#sSpan1845" value="ϩⲣⲁⲓ"/>
		<feat xlink:href="#sSpan1848" value="ϩⲛ"/>
		<feat xlink:href="#sSpan1850" value="ⲛⲉⲩ"/>
		<feat xlink:href="#sSpan1852" value="ⲥⲩⲛⲁⲅⲱⲅⲏ"/>
		<feat xlink:href="#sSpan1853" value="."/>
		<feat xlink:href="#sSpan1855" value="ⲁⲩⲱ"/>
		<feat xlink:href="#sSpan1857" value="ⲉ"/>
		<feat xlink:href="#sSpan1859" value="ϥ"/>
		<feat xlink:href="#sSpan1861" value="ⲧⲁϣⲉⲟⲉⲓϣ"/>
		<feat xlink:href="#sSpan1863" value="ⲙ"/>
		<feat xlink:href="#sSpan1865" value="ⲡ"/>
		<feat xlink:href="#sSpan1867" value="ⲉⲩⲁⲅⲅⲉⲗⲓⲟⲛ"/>
		<feat xlink:href="#sSpan1868" value="ⲛ"/>
		<feat xlink:href="#sSpan1870" value="ⲧ"/>
		<feat xlink:href="#sSpan1873" value="ⲙⲛⲧⲣⲣⲟ"/>
		<feat xlink:href="#sSpan1875" value="ⲉ"/>
		<feat xlink:href="#sSpan1877" value="ϥ"/>
		<feat xlink:href="#sSpan1878" value="ⲣⲡⲁϩⲣⲉ"/>
		<feat xlink:href="#sSpan1879" value="ⲉ"/>
		<feat xlink:href="#sSpan1881" value="ϣⲱⲛⲉ"/>
		<feat xlink:href="#sSpan1882" value="ⲛⲓⲙ"/>
		<feat xlink:href="#sSpan1884" value="ϩⲓ"/>
		<feat xlink:href="#sSpan1886" value="ⲗⲟϫⲗⲉϫ"/>
		<feat xlink:href="#sSpan1888" value="ⲛⲓⲙ"/>
		<feat xlink:href="#sSpan1890" value="."/>
		<feat xlink:href="#sSpan1892" value="ⲛⲧⲉⲣⲉ"/>
		<feat xlink:href="#sSpan1895" value="ϥ"/>
		<feat xlink:href="#sSpan1896" value="ⲛⲁⲩ"/>
		<feat xlink:href="#sSpan1897" value="ⲇⲉ"/>
		<feat xlink:href="#sSpan1899" value="ⲉ"/>
		<feat xlink:href="#sSpan1901" value="ⲙ"/>
		<feat xlink:href="#sSpan1903" value="ⲙⲏⲏϣⲉ"/>
		<feat xlink:href="#sSpan1904" value="ⲁ"/>
		<feat xlink:href="#sSpan1906" value="ϥ"/>
		<feat xlink:href="#sSpan1907" value="ϣⲛ"/>
		<feat xlink:href="#sSpan1908" value="ϩⲧⲏ"/>
		<feat xlink:href="#sSpan1909" value="ϥ"/>
		<feat xlink:href="#sSpan1910" value="ϩⲁⲣⲟ"/>
		<feat xlink:href="#sSpan1912" value="ⲟⲩ"/>
		<feat xlink:href="#sSpan1913" value="ϫⲉ"/>
		<feat xlink:href="#sSpan1915" value="ⲛⲉ"/>
		<feat xlink:href="#sSpan1916" value="ⲩ"/>
		<feat xlink:href="#sSpan1917" value="ⲥⲕⲩⲗⲗⲉⲓ"/>
		<feat xlink:href="#sSpan1918" value="ⲡⲉ"/>
		<feat xlink:href="#sSpan1920" value="."/>
		<feat xlink:href="#sSpan1922" value="ⲁⲩⲱ"/>
		<feat xlink:href="#sSpan1924" value="ⲛⲉ"/>
		<feat xlink:href="#sSpan1926" value="ⲩ"/>
		<feat xlink:href="#sSpan1927" value="ⲛⲏϫ"/>
		<feat xlink:href="#sSpan1929" value="ⲛ"/>
		<feat xlink:href="#sSpan1931" value="ⲧ"/>
		<feat xlink:href="#sSpan1932" value="ϩⲉ"/>
		<feat xlink:href="#sSpan1933" value="ⲛ"/>
		<feat xlink:href="#sSpan1935" value="ⲛⲓ"/>
		<feat xlink:href="#sSpan1937" value="ⲉⲥⲟⲟⲩ"/>
		<feat xlink:href="#sSpan1938" value="ⲉⲧⲉ"/>
		<feat xlink:href="#sSpan1941" value="ⲙⲛⲧⲟⲩ"/>
		<feat xlink:href="#sSpan1943" value="ϣⲱⲥ"/>
		<feat xlink:href="#sSpan1945" value="."/>
		<feat xlink:href="#sSpan1947" value="ⲧⲟⲧⲉ"/>
		<feat xlink:href="#sSpan1950" value="ⲡⲉϫⲁ"/>
		<feat xlink:href="#sSpan1952" value="ϥ"/>
		<feat xlink:href="#sSpan1953" value="ⲛ"/>
		<feat xlink:href="#sSpan1955" value="ⲛⲉϥ"/>
		<feat xlink:href="#sSpan1957" value="ⲙⲁⲑⲏⲧⲏⲥ"/>
		<feat xlink:href="#sSpan1958" value="ϫⲉ"/>
		<feat xlink:href="#sSpan1960" value="ⲡ"/>
		<feat xlink:href="#sSpan1962" value="ⲱϩⲥ"/>
		<feat xlink:href="#sSpan1963" value="ⲙⲉⲛ"/>
		<feat xlink:href="#sSpan1965" value="ⲛⲁϣⲱ"/>
		<feat xlink:href="#sSpan1967" value="ϥ"/>
		<feat xlink:href="#sSpan1968" value="."/>
		<feat xlink:href="#sSpan1970" value="ⲛ"/>
		<feat xlink:href="#sSpan1972" value="ⲉⲣⲅⲁⲧⲏⲥ"/>
		<feat xlink:href="#sSpan1974" value="ⲇⲉ"/>
		<feat xlink:href="#sSpan1976" value="ⲥⲟⲃⲕ"/>
		<feat xlink:href="#sSpan1978" value="."/>
		<feat xlink:href="#sSpan1980" value="ⲥⲉⲡⲥⲡ"/>
		<feat xlink:href="#sSpan1983" value="ϫⲟⲉⲓ"/>
		<feat xlink:href="#sSpan1985" value="ⲥ"/>
		<feat xlink:href="#sSpan1986" value="ϭⲉ"/>
		<feat xlink:href="#sSpan1988" value="ⲙ"/>
		<feat xlink:href="#sSpan1990" value="ⲡ"/>
		<feat xlink:href="#sSpan1992" value="ⲱϩⲥ"/>
		<feat xlink:href="#sSpan1993" value="."/>
		<feat xlink:href="#sSpan1995" value="ϫⲉⲕⲁⲁⲥ"/>
		<feat xlink:href="#sSpan1997" value="ⲉϥⲉ"/>
		<feat xlink:href="#sSpan1999" value="ⲛⲉϫ"/>
		<feat xlink:href="#sSpan2000" value="ⲉⲣⲅⲁⲧⲏⲥ"/>
		<feat xlink:href="#sSpan2002" value="ⲉⲃⲟⲗ"/>
		<feat xlink:href="#sSpan2004" value="ⲉ"/>
		<feat xlink:href="#sSpan2006" value="ⲡⲉϥ"/>
		<feat xlink:href="#sSpan2008" value="ⲱϩⲥ"/>
		<feat xlink:href="#sSpan2009" value="."/></featList></paula>