<?xml version='1.0' encoding='UTF-8'?><!DOCTYPE paula SYSTEM "paula_feat.dtd">
<paula version="1.1">
	<header paula_id="scriptorium.40_Matthew_09.mark_lang"/>
	<featList xmlns:xlink="http://www.w3.org/1999/xlink" type="lang" xml:base="scriptorium.40_Matthew_09.mark.xml">
		<feat xlink:href="#sSpan6" value="Greek"/>
		<feat xlink:href="#sSpan28" value="Greek"/>
		<feat xlink:href="#sSpan74" value="Hebrew"/>
		<feat xlink:href="#sSpan77" value="Greek"/>
		<feat xlink:href="#sSpan87" value="Greek"/>
		<feat xlink:href="#sSpan132" value="Greek"/>
		<feat xlink:href="#sSpan156" value="Hebrew"/>
		<feat xlink:href="#sSpan160" value="Greek"/>
		<feat xlink:href="#sSpan205" value="Greek"/>
		<feat xlink:href="#sSpan249" value="Greek"/>
		<feat xlink:href="#sSpan264" value="Greek"/>
		<feat xlink:href="#sSpan279" value="Greek"/>
		<feat xlink:href="#sSpan321" value="Greek"/>
		<feat xlink:href="#sSpan342" value="Greek"/>
		<feat xlink:href="#sSpan373" value="Greek"/>
		<feat xlink:href="#sSpan388" value="Hebrew"/>
		<feat xlink:href="#sSpan390" value="Greek"/>
		<feat xlink:href="#sSpan392" value="Greek"/>
		<feat xlink:href="#sSpan422" value="Greek"/>
		<feat xlink:href="#sSpan454" value="Greek"/>
		<feat xlink:href="#sSpan471" value="Greek"/>
		<feat xlink:href="#sSpan498" value="Greek"/>
		<feat xlink:href="#sSpan521" value="Hebrew"/>
		<feat xlink:href="#sSpan528" value="Greek"/>
		<feat xlink:href="#sSpan536" value="Greek"/>
		<feat xlink:href="#sSpan542" value="Hebrew"/>
		<feat xlink:href="#sSpan550" value="Greek"/>
		<feat xlink:href="#sSpan568" value="Greek"/>
		<feat xlink:href="#sSpan583" value="Greek"/>
		<feat xlink:href="#sSpan607" value="Greek"/>
		<feat xlink:href="#sSpan615" value="Greek"/>
		<feat xlink:href="#sSpan629" value="Greek"/>
		<feat xlink:href="#sSpan651" value="Greek"/>
		<feat xlink:href="#sSpan659" value="Greek"/>
		<feat xlink:href="#sSpan667" value="Greek"/>
		<feat xlink:href="#sSpan671" value="Greek"/>
		<feat xlink:href="#sSpan684" value="Greek"/>
		<feat xlink:href="#sSpan687" value="Greek"/>
		<feat xlink:href="#sSpan703" value="Greek"/>
		<feat xlink:href="#sSpan706" value="Hebrew"/>
		<feat xlink:href="#sSpan726" value="Hebrew"/>
		<feat xlink:href="#sSpan729" value="Greek"/>
		<feat xlink:href="#sSpan742" value="Greek"/>
		<feat xlink:href="#sSpan743" value="Greek"/>
		<feat xlink:href="#sSpan748" value="Greek"/>
		<feat xlink:href="#sSpan762" value="Hebrew"/>
		<feat xlink:href="#sSpan766" value="Greek"/>
		<feat xlink:href="#sSpan785" value="Greek"/>
		<feat xlink:href="#sSpan789" value="Greek"/>
		<feat xlink:href="#sSpan803" value="Greek"/>
		<feat xlink:href="#sSpan810" value="Greek"/>
		<feat xlink:href="#sSpan824" value="Greek"/>
		<feat xlink:href="#sSpan829" value="Greek"/>
		<feat xlink:href="#sSpan860" value="Greek"/>
		<feat xlink:href="#sSpan889" value="Greek"/>
		<feat xlink:href="#sSpan934" value="Greek"/>
		<feat xlink:href="#sSpan948" value="Greek"/>
		<feat xlink:href="#sSpan991" value="Greek"/>
		<feat xlink:href="#sSpan1026" value="Greek"/>
		<feat xlink:href="#sSpan1057" value="Greek"/>
		<feat xlink:href="#sSpan1061" value="Hebrew"/>
		<feat xlink:href="#sSpan1075" value="Greek"/>
		<feat xlink:href="#sSpan1084" value="Greek"/>
		<feat xlink:href="#sSpan1141" value="Greek"/>
		<feat xlink:href="#sSpan1176" value="Hebrew"/>
		<feat xlink:href="#sSpan1180" value="Greek"/>
		<feat xlink:href="#sSpan1210" value="Greek"/>
		<feat xlink:href="#sSpan1246" value="Greek"/>
		<feat xlink:href="#sSpan1250" value="Hebrew"/>
		<feat xlink:href="#sSpan1263" value="Greek"/>
		<feat xlink:href="#sSpan1293" value="Greek"/>
		<feat xlink:href="#sSpan1302" value="Greek"/>
		<feat xlink:href="#sSpan1314" value="Greek"/>
		<feat xlink:href="#sSpan1324" value="Greek"/>
		<feat xlink:href="#sSpan1349" value="Greek"/>
		<feat xlink:href="#sSpan1419" value="Greek"/>
		<feat xlink:href="#sSpan1420" value="Greek"/>
		<feat xlink:href="#sSpan1435" value="Hebrew"/>
		<feat xlink:href="#sSpan1471" value="Hebrew"/>
		<feat xlink:href="#sSpan1479" value="Hebrew"/>
		<feat xlink:href="#sSpan1488" value="Greek"/>
		<feat xlink:href="#sSpan1519" value="Hebrew"/>
		<feat xlink:href="#sSpan1526" value="Greek"/>
		<feat xlink:href="#sSpan1555" value="Greek"/>
		<feat xlink:href="#sSpan1576" value="Greek"/>
		<feat xlink:href="#sSpan1579" value="Greek"/>
		<feat xlink:href="#sSpan1612" value="Hebrew"/>
		<feat xlink:href="#sSpan1635" value="Greek"/>
		<feat xlink:href="#sSpan1671" value="Greek"/>
		<feat xlink:href="#sSpan1698" value="Greek"/>
		<feat xlink:href="#sSpan1718" value="Greek"/>
		<feat xlink:href="#sSpan1769" value="Hebrew"/>
		<feat xlink:href="#sSpan1776" value="Hebrew"/>
		<feat xlink:href="#sSpan1777" value="Greek"/>
		<feat xlink:href="#sSpan1795" value="Greek"/>
		<feat xlink:href="#sSpan1800" value="Greek"/>
		<feat xlink:href="#sSpan1812" value="Greek"/>
		<feat xlink:href="#sSpan1824" value="Hebrew"/>
		<feat xlink:href="#sSpan1830" value="Greek"/>
		<feat xlink:href="#sSpan1852" value="Greek"/>
		<feat xlink:href="#sSpan1867" value="Greek"/>
		<feat xlink:href="#sSpan1897" value="Greek"/>
		<feat xlink:href="#sSpan1917" value="Greek"/>
		<feat xlink:href="#sSpan1947" value="Greek"/>
		<feat xlink:href="#sSpan1957" value="Greek"/>
		<feat xlink:href="#sSpan1963" value="Greek"/>
		<feat xlink:href="#sSpan1972" value="Greek"/>
		<feat xlink:href="#sSpan1974" value="Greek"/>
		<feat xlink:href="#sSpan2000" value="Greek"/></featList></paula>