<?xml version='1.0' encoding='UTF-8'?><!DOCTYPE paula SYSTEM "paula_feat.dtd">
<paula version="1.1">
	<header paula_id="scriptorium.40_Matthew_09.mark_func"/>
	<featList xmlns:xlink="http://www.w3.org/1999/xlink" type="func" xml:base="scriptorium.40_Matthew_09.mark.xml">
		<feat xlink:href="#sSpan1" value="aux"/>
		<feat xlink:href="#sSpan4" value="nsubj"/>
		<feat xlink:href="#sSpan5" value="root"/>
		<feat xlink:href="#sSpan6" value="advmod"/>
		<feat xlink:href="#sSpan8" value="case"/>
		<feat xlink:href="#sSpan10" value="det"/>
		<feat xlink:href="#sSpan12" value="obl"/>
		<feat xlink:href="#sSpan13" value="aux"/>
		<feat xlink:href="#sSpan15" value="nsubj"/>
		<feat xlink:href="#sSpan16" value="parataxis"/>
		<feat xlink:href="#sSpan17" value="aux"/>
		<feat xlink:href="#sSpan19" value="nsubj"/>
		<feat xlink:href="#sSpan20" value="parataxis"/>
		<feat xlink:href="#sSpan22" value="advmod"/>
		<feat xlink:href="#sSpan24" value="case"/>
		<feat xlink:href="#sSpan26" value="det"/>
		<feat xlink:href="#sSpan28" value="obl"/>
		<feat xlink:href="#sSpan29" value="advmod"/>
		<feat xlink:href="#sSpan31" value="det"/>
		<feat xlink:href="#sSpan32" value="punct"/>
		<feat xlink:href="#sSpan34" value="cc"/>
		<feat xlink:href="#sSpan37" value="advmod"/>
		<feat xlink:href="#sSpan40" value="fixed"/>
		<feat xlink:href="#sSpan42" value="aux"/>
		<feat xlink:href="#sSpan44" value="nsubj"/>
		<feat xlink:href="#sSpan45" value="root"/>
		<feat xlink:href="#sSpan46" value="case"/>
		<feat xlink:href="#sSpan48" value="obl"/>
		<feat xlink:href="#sSpan49" value="case"/>
		<feat xlink:href="#sSpan51" value="det"/>
		<feat xlink:href="#sSpan53" value="obj"/>
		<feat xlink:href="#sSpan54" value="mark"/>
		<feat xlink:href="#sSpan56" value="nsubj"/>
		<feat xlink:href="#sSpan57" value="acl"/>
		<feat xlink:href="#sSpan58" value="mark"/>
		<feat xlink:href="#sSpan60" value="nsubj"/>
		<feat xlink:href="#sSpan61" value="advcl"/>
		<feat xlink:href="#sSpan63" value="case"/>
		<feat xlink:href="#sSpan65" value="det"/>
		<feat xlink:href="#sSpan67" value="obl"/>
		<feat xlink:href="#sSpan68" value="case"/>
		<feat xlink:href="#sSpan70" value="nmod"/>
		<feat xlink:href="#sSpan72" value="punct"/>
		<feat xlink:href="#sSpan74" value="dislocated"/>
		<feat xlink:href="#sSpan77" value="advmod"/>
		<feat xlink:href="#sSpan79" value="aux"/>
		<feat xlink:href="#sSpan81" value="nsubj"/>
		<feat xlink:href="#sSpan82" value="advcl"/>
		<feat xlink:href="#sSpan83" value="case"/>
		<feat xlink:href="#sSpan85" value="det"/>
		<feat xlink:href="#sSpan87" value="obl"/>
		<feat xlink:href="#sSpan88" value="parataxis"/>
		<feat xlink:href="#sSpan90" value="nsubj"/>
		<feat xlink:href="#sSpan91" value="case"/>
		<feat xlink:href="#sSpan93" value="obl"/>
		<feat xlink:href="#sSpan95" value="mark"/>
		<feat xlink:href="#sSpan96" value="acl"/>
		<feat xlink:href="#sSpan97" value="punct"/>
		<feat xlink:href="#sSpan99" value="mark"/>
		<feat xlink:href="#sSpan101" value="ccomp"/>
		<feat xlink:href="#sSpan102" value="case"/>
		<feat xlink:href="#sSpan104" value="obl"/>
		<feat xlink:href="#sSpan105" value="det"/>
		<feat xlink:href="#sSpan108" value="vocative"/>
		<feat xlink:href="#sSpan109" value="det"/>
		<feat xlink:href="#sSpan111" value="appos"/>
		<feat xlink:href="#sSpan112" value="parataxis"/>
		<feat xlink:href="#sSpan114" value="case"/>
		<feat xlink:href="#sSpan116" value="obl"/>
		<feat xlink:href="#sSpan117" value="advmod"/>
		<feat xlink:href="#sSpan119" value="punct"/>
		<feat xlink:href="#sSpan121" value="cc"/>
		<feat xlink:href="#sSpan124" value="advmod"/>
		<feat xlink:href="#sSpan126" value="dislocated"/>
		<feat xlink:href="#sSpan128" value="case"/>
		<feat xlink:href="#sSpan130" value="det"/>
		<feat xlink:href="#sSpan132" value="nmod"/>
		<feat xlink:href="#sSpan133" value="root"/>
		<feat xlink:href="#sSpan135" value="nsubj"/>
		<feat xlink:href="#sSpan136" value="advmod"/>
		<feat xlink:href="#sSpan139" value="case"/>
		<feat xlink:href="#sSpan141" value="obl"/>
		<feat xlink:href="#sSpan142" value="punct"/>
		<feat xlink:href="#sSpan144" value="mark"/>
		<feat xlink:href="#sSpan146" value="ccomp"/>
		<feat xlink:href="#sSpan148" value="mark"/>
		<feat xlink:href="#sSpan150" value="nsubj"/>
		<feat xlink:href="#sSpan152" value="advcl"/>
		<feat xlink:href="#sSpan154" value="punct"/>
		<feat xlink:href="#sSpan156" value="dislocated"/>
		<feat xlink:href="#sSpan160" value="advmod"/>
		<feat xlink:href="#sSpan162" value="mark"/>
		<feat xlink:href="#sSpan164" value="nsubj"/>
		<feat xlink:href="#sSpan165" value="root"/>
		<feat xlink:href="#sSpan166" value="case"/>
		<feat xlink:href="#sSpan168" value="det"/>
		<feat xlink:href="#sSpan170" value="obj"/>
		<feat xlink:href="#sSpan171" value="parataxis"/>
		<feat xlink:href="#sSpan173" value="nsubj"/>
		<feat xlink:href="#sSpan174" value="case"/>
		<feat xlink:href="#sSpan176" value="obl"/>
		<feat xlink:href="#sSpan177" value="mark"/>
		<feat xlink:href="#sSpan179" value="ccomp"/>
		<feat xlink:href="#sSpan180" value="nsubj"/>
		<feat xlink:href="#sSpan181" value="nsubj"/>
		<feat xlink:href="#sSpan183" value="ccomp"/>
		<feat xlink:href="#sSpan184" value="case"/>
		<feat xlink:href="#sSpan186" value="det"/>
		<feat xlink:href="#sSpan189" value="obl"/>
		<feat xlink:href="#sSpan192" value="advmod"/>
		<feat xlink:href="#sSpan195" value="case"/>
		<feat xlink:href="#sSpan197" value="det"/>
		<feat xlink:href="#sSpan199" value="obl"/>
		<feat xlink:href="#sSpan200" value="punct"/>
		<feat xlink:href="#sSpan202" value="root"/>
		<feat xlink:href="#sSpan205" value="advmod"/>
		<feat xlink:href="#sSpan207" value="cop"/>
		<feat xlink:href="#sSpan209" value="mark"/>
		<feat xlink:href="#sSpan210" value="csubj"/>
		<feat xlink:href="#sSpan211" value="punct"/>
		<feat xlink:href="#sSpan213" value="mark"/>
		<feat xlink:href="#sSpan215" value="csubj"/>
		<feat xlink:href="#sSpan216" value="obj"/>
		<feat xlink:href="#sSpan217" value="cop"/>
		<feat xlink:href="#sSpan219" value="mark"/>
		<feat xlink:href="#sSpan221" value="det"/>
		<feat xlink:href="#sSpan223" value="nsubj"/>
		<feat xlink:href="#sSpan224" value="ccomp"/>
		<feat xlink:href="#sSpan226" value="case"/>
		<feat xlink:href="#sSpan228" value="obl"/>
		<feat xlink:href="#sSpan229" value="advmod"/>
		<feat xlink:href="#sSpan231" value="aux"/>
		<feat xlink:href="#sSpan233" value="ccomp"/>
		<feat xlink:href="#sSpan234" value="obj"/>
		<feat xlink:href="#sSpan235" value="cop"/>
		<feat xlink:href="#sSpan237" value="mark"/>
		<feat xlink:href="#sSpan239" value="ccomp"/>
		<feat xlink:href="#sSpan240" value="aux"/>
		<feat xlink:href="#sSpan242" value="nsubj"/>
		<feat xlink:href="#sSpan243" value="advcl"/>
		<feat xlink:href="#sSpan244" value="punct"/>
		<feat xlink:href="#sSpan246" value="mark"/>
		<feat xlink:href="#sSpan249" value="advmod"/>
		<feat xlink:href="#sSpan251" value="nsubj"/>
		<feat xlink:href="#sSpan253" value="advcl"/>
		<feat xlink:href="#sSpan254" value="mark"/>
		<feat xlink:href="#sSpan256" value="ccomp"/>
		<feat xlink:href="#sSpan257" value="det"/>
		<feat xlink:href="#sSpan259" value="nsubj"/>
		<feat xlink:href="#sSpan260" value="case"/>
		<feat xlink:href="#sSpan262" value="det"/>
		<feat xlink:href="#sSpan263" value="nmod"/>
		<feat xlink:href="#sSpan264" value="obj"/>
		<feat xlink:href="#sSpan267" value="advmod"/>
		<feat xlink:href="#sSpan269" value="case"/>
		<feat xlink:href="#sSpan271" value="det"/>
		<feat xlink:href="#sSpan273" value="obl"/>
		<feat xlink:href="#sSpan274" value="mark"/>
		<feat xlink:href="#sSpan276" value="xcomp"/>
		<feat xlink:href="#sSpan277" value="advmod"/>
		<feat xlink:href="#sSpan279" value="advmod"/>
		<feat xlink:href="#sSpan281" value="root"/>
		<feat xlink:href="#sSpan283" value="nsubj"/>
		<feat xlink:href="#sSpan284" value="case"/>
		<feat xlink:href="#sSpan286" value="obl"/>
		<feat xlink:href="#sSpan288" value="mark"/>
		<feat xlink:href="#sSpan289" value="acl"/>
		<feat xlink:href="#sSpan290" value="mark"/>
		<feat xlink:href="#sSpan292" value="ccomp"/>
		<feat xlink:href="#sSpan293" value="aux"/>
		<feat xlink:href="#sSpan295" value="nsubj"/>
		<feat xlink:href="#sSpan296" value="advcl"/>
		<feat xlink:href="#sSpan297" value="case"/>
		<feat xlink:href="#sSpan299" value="det"/>
		<feat xlink:href="#sSpan301" value="obj"/>
		<feat xlink:href="#sSpan302" value="aux"/>
		<feat xlink:href="#sSpan304" value="nsubj"/>
		<feat xlink:href="#sSpan305" value="advcl"/>
		<feat xlink:href="#sSpan307" value="advmod"/>
		<feat xlink:href="#sSpan309" value="case"/>
		<feat xlink:href="#sSpan311" value="det"/>
		<feat xlink:href="#sSpan313" value="obl"/>
		<feat xlink:href="#sSpan314" value="punct"/>
		<feat xlink:href="#sSpan316" value="aux"/>
		<feat xlink:href="#sSpan319" value="nsubj"/>
		<feat xlink:href="#sSpan320" value="root"/>
		<feat xlink:href="#sSpan321" value="advmod"/>
		<feat xlink:href="#sSpan323" value="aux"/>
		<feat xlink:href="#sSpan325" value="nsubj"/>
		<feat xlink:href="#sSpan326" value="parataxis"/>
		<feat xlink:href="#sSpan328" value="advmod"/>
		<feat xlink:href="#sSpan330" value="case"/>
		<feat xlink:href="#sSpan332" value="det"/>
		<feat xlink:href="#sSpan334" value="obl"/>
		<feat xlink:href="#sSpan335" value="punct"/>
		<feat xlink:href="#sSpan337" value="aux"/>
		<feat xlink:href="#sSpan340" value="nsubj"/>
		<feat xlink:href="#sSpan341" value="root"/>
		<feat xlink:href="#sSpan342" value="advmod"/>
		<feat xlink:href="#sSpan344" value="case"/>
		<feat xlink:href="#sSpan346" value="det"/>
		<feat xlink:href="#sSpan348" value="dislocated"/>
		<feat xlink:href="#sSpan349" value="aux"/>
		<feat xlink:href="#sSpan351" value="nsubj"/>
		<feat xlink:href="#sSpan353" value="parataxis"/>
		<feat xlink:href="#sSpan355" value="cc"/>
		<feat xlink:href="#sSpan357" value="aux"/>
		<feat xlink:href="#sSpan359" value="nsubj"/>
		<feat xlink:href="#sSpan361" value="conj"/>
		<feat xlink:href="#sSpan363" value="case"/>
		<feat xlink:href="#sSpan365" value="det"/>
		<feat xlink:href="#sSpan367" value="obl"/>
		<feat xlink:href="#sSpan368" value="cop"/>
		<feat xlink:href="#sSpan370" value="mark"/>
		<feat xlink:href="#sSpan371" value="aux"/>
		<feat xlink:href="#sSpan372" value="nsubj"/>
		<feat xlink:href="#sSpan373" value="acl"/>
		<feat xlink:href="#sSpan374" value="case"/>
		<feat xlink:href="#sSpan376" value="det"/>
		<feat xlink:href="#sSpan378" value="obj"/>
		<feat xlink:href="#sSpan379" value="case"/>
		<feat xlink:href="#sSpan381" value="det"/>
		<feat xlink:href="#sSpan382" value="nmod"/>
		<feat xlink:href="#sSpan383" value="punct"/>
		<feat xlink:href="#sSpan385" value="aux"/>
		<feat xlink:href="#sSpan388" value="nsubj"/>
		<feat xlink:href="#sSpan390" value="advmod"/>
		<feat xlink:href="#sSpan392" value="advcl"/>
		<feat xlink:href="#sSpan394" value="case"/>
		<feat xlink:href="#sSpan397" value="fixed"/>
		<feat xlink:href="#sSpan399" value="det"/>
		<feat xlink:href="#sSpan401" value="obl"/>
		<feat xlink:href="#sSpan402" value="mark"/>
		<feat xlink:href="#sSpan404" value="acl"/>
		<feat xlink:href="#sSpan405" value="aux"/>
		<feat xlink:href="#sSpan407" value="nsubj"/>
		<feat xlink:href="#sSpan408" value="root"/>
		<feat xlink:href="#sSpan409" value="case"/>
		<feat xlink:href="#sSpan411" value="det"/>
		<feat xlink:href="#sSpan413" value="obl"/>
		<feat xlink:href="#sSpan414" value="mark"/>
		<feat xlink:href="#sSpan416" value="nsubj"/>
		<feat xlink:href="#sSpan417" value="acl"/>
		<feat xlink:href="#sSpan418" value="case"/>
		<feat xlink:href="#sSpan420" value="det"/>
		<feat xlink:href="#sSpan422" value="obl"/>
		<feat xlink:href="#sSpan423" value="case"/>
		<feat xlink:href="#sSpan425" value="det"/>
		<feat xlink:href="#sSpan427" value="obl"/>
		<feat xlink:href="#sSpan428" value="cop"/>
		<feat xlink:href="#sSpan430" value="nsubj"/>
		<feat xlink:href="#sSpan433" value="punct"/>
		<feat xlink:href="#sSpan435" value="parataxis"/>
		<feat xlink:href="#sSpan437" value="nsubj"/>
		<feat xlink:href="#sSpan438" value="case"/>
		<feat xlink:href="#sSpan440" value="obl"/>
		<feat xlink:href="#sSpan441" value="mark"/>
		<feat xlink:href="#sSpan443" value="ccomp"/>
		<feat xlink:href="#sSpan444" value="obj"/>
		<feat xlink:href="#sSpan445" value="case"/>
		<feat xlink:href="#sSpan447" value="obl"/>
		<feat xlink:href="#sSpan448" value="punct"/>
		<feat xlink:href="#sSpan450" value="aux"/>
		<feat xlink:href="#sSpan452" value="nsubj"/>
		<feat xlink:href="#sSpan453" value="parataxis"/>
		<feat xlink:href="#sSpan454" value="advmod"/>
		<feat xlink:href="#sSpan456" value="aux"/>
		<feat xlink:href="#sSpan458" value="nsubj"/>
		<feat xlink:href="#sSpan459" value="parataxis"/>
		<feat xlink:href="#sSpan460" value="obj"/>
		<feat xlink:href="#sSpan461" value="case"/>
		<feat xlink:href="#sSpan463" value="obl"/>
		<feat xlink:href="#sSpan464" value="punct"/>
		<feat xlink:href="#sSpan466" value="aux"/>
		<feat xlink:href="#sSpan469" value="nsubj"/>
		<feat xlink:href="#sSpan470" value="root"/>
		<feat xlink:href="#sSpan471" value="advmod"/>
		<feat xlink:href="#sSpan473" value="mark"/>
		<feat xlink:href="#sSpan475" value="nsubj"/>
		<feat xlink:href="#sSpan476" value="advcl"/>
		<feat xlink:href="#sSpan477" value="advmod"/>
		<feat xlink:href="#sSpan480" value="case"/>
		<feat xlink:href="#sSpan482" value="det"/>
		<feat xlink:href="#sSpan484" value="obl"/>
		<feat xlink:href="#sSpan485" value="advmod"/>
		<feat xlink:href="#sSpan488" value="fixed"/>
		<feat xlink:href="#sSpan490" value="aux"/>
		<feat xlink:href="#sSpan492" value="nsubj"/>
		<feat xlink:href="#sSpan493" value="case"/>
		<feat xlink:href="#sSpan494" value="conj"/>
		<feat xlink:href="#sSpan496" value="case"/>
		<feat xlink:href="#sSpan498" value="nmod"/>
		<feat xlink:href="#sSpan499" value="cc"/>
		<feat xlink:href="#sSpan502" value="conj"/>
		<feat xlink:href="#sSpan506" value="mark"/>
		<feat xlink:href="#sSpan508" value="nsubj"/>
		<feat xlink:href="#sSpan509" value="advcl"/>
		<feat xlink:href="#sSpan511" value="mark"/>
		<feat xlink:href="#sSpan513" value="nsubj"/>
		<feat xlink:href="#sSpan514" value="advcl"/>
		<feat xlink:href="#sSpan516" value="case"/>
		<feat xlink:href="#sSpan518" value="obj"/>
		<feat xlink:href="#sSpan519" value="cc"/>
		<feat xlink:href="#sSpan521" value="obl"/>
		<feat xlink:href="#sSpan523" value="cc"/>
		<feat xlink:href="#sSpan525" value="det"/>
		<feat xlink:href="#sSpan528" value="conj"/>
		<feat xlink:href="#sSpan529" value="punct"/>
		<feat xlink:href="#sSpan531" value="aux"/>
		<feat xlink:href="#sSpan534" value="nsubj"/>
		<feat xlink:href="#sSpan535" value="root"/>
		<feat xlink:href="#sSpan536" value="advmod"/>
		<feat xlink:href="#sSpan538" value="case"/>
		<feat xlink:href="#sSpan540" value="det"/>
		<feat xlink:href="#sSpan542" value="dislocated"/>
		<feat xlink:href="#sSpan543" value="parataxis"/>
		<feat xlink:href="#sSpan545" value="nsubj"/>
		<feat xlink:href="#sSpan546" value="case"/>
		<feat xlink:href="#sSpan548" value="det"/>
		<feat xlink:href="#sSpan550" value="obl"/>
		<feat xlink:href="#sSpan551" value="punct"/>
		<feat xlink:href="#sSpan553" value="mark"/>
		<feat xlink:href="#sSpan555" value="case"/>
		<feat xlink:href="#sSpan557" value="obl"/>
		<feat xlink:href="#sSpan558" value="det"/>
		<feat xlink:href="#sSpan561" value="nsubj"/>
		<feat xlink:href="#sSpan562" value="ccomp"/>
		<feat xlink:href="#sSpan564" value="case"/>
		<feat xlink:href="#sSpan566" value="det"/>
		<feat xlink:href="#sSpan568" value="obl"/>
		<feat xlink:href="#sSpan569" value="cc"/>
		<feat xlink:href="#sSpan571" value="det"/>
		<feat xlink:href="#sSpan575" value="conj"/>
		<feat xlink:href="#sSpan578" value="punct"/>
		<feat xlink:href="#sSpan580" value="dislocated"/>
		<feat xlink:href="#sSpan583" value="advmod"/>
		<feat xlink:href="#sSpan585" value="aux"/>
		<feat xlink:href="#sSpan587" value="nsubj"/>
		<feat xlink:href="#sSpan588" value="root"/>
		<feat xlink:href="#sSpan589" value="parataxis"/>
		<feat xlink:href="#sSpan591" value="nsubj"/>
		<feat xlink:href="#sSpan592" value="punct"/>
		<feat xlink:href="#sSpan594" value="mark"/>
		<feat xlink:href="#sSpan596" value="ccomp"/>
		<feat xlink:href="#sSpan598" value="mark"/>
		<feat xlink:href="#sSpan599" value="acl"/>
		<feat xlink:href="#sSpan600" value="advmod"/>
		<feat xlink:href="#sSpan602" value="cop"/>
		<feat xlink:href="#sSpan604" value="mark"/>
		<feat xlink:href="#sSpan606" value="csubj"/>
		<feat xlink:href="#sSpan608" value="case"/>
		<feat xlink:href="#sSpan610" value="det"/>
		<feat xlink:href="#sSpan612" value="obj"/>
		<feat xlink:href="#sSpan613" value="punct"/>
		<feat xlink:href="#sSpan615" value="cc"/>
		<feat xlink:href="#sSpan617" value="conj"/>
		<feat xlink:href="#sSpan620" value="mark"/>
		<feat xlink:href="#sSpan621" value="acl"/>
		<feat xlink:href="#sSpan622" value="cop"/>
		<feat xlink:href="#sSpan624" value="punct"/>
		<feat xlink:href="#sSpan626" value="root"/>
		<feat xlink:href="#sSpan629" value="advmod"/>
		<feat xlink:href="#sSpan631" value="advmod"/>
		<feat xlink:href="#sSpan633" value="nsubj"/>
		<feat xlink:href="#sSpan634" value="parataxis"/>
		<feat xlink:href="#sSpan635" value="mark"/>
		<feat xlink:href="#sSpan637" value="ccomp"/>
		<feat xlink:href="#sSpan638" value="cop"/>
		<feat xlink:href="#sSpan640" value="mark"/>
		<feat xlink:href="#sSpan642" value="nsubj"/>
		<feat xlink:href="#sSpan643" value="csubj"/>
		<feat xlink:href="#sSpan644" value="det"/>
		<feat xlink:href="#sSpan646" value="obj"/>
		<feat xlink:href="#sSpan647" value="case"/>
		<feat xlink:href="#sSpan649" value="det"/>
		<feat xlink:href="#sSpan651" value="obl"/>
		<feat xlink:href="#sSpan652" value="punct"/>
		<feat xlink:href="#sSpan654" value="mark"/>
		<feat xlink:href="#sSpan656" value="aux"/>
		<feat xlink:href="#sSpan657" value="nsubj"/>
		<feat xlink:href="#sSpan658" value="acl"/>
		<feat xlink:href="#sSpan659" value="advmod"/>
		<feat xlink:href="#sSpan661" value="advmod"/>
		<feat xlink:href="#sSpan663" value="mark"/>
		<feat xlink:href="#sSpan665" value="xcomp"/>
		<feat xlink:href="#sSpan666" value="case"/>
		<feat xlink:href="#sSpan667" value="obl"/>
		<feat xlink:href="#sSpan669" value="punct"/>
		<feat xlink:href="#sSpan671" value="cc"/>
		<feat xlink:href="#sSpan673" value="det"/>
		<feat xlink:href="#sSpan677" value="conj"/>
		<feat xlink:href="#sSpan680" value="case"/>
		<feat xlink:href="#sSpan682" value="det"/>
		<feat xlink:href="#sSpan684" value="orphan"/>
		<feat xlink:href="#sSpan685" value="punct"/>
		<feat xlink:href="#sSpan687" value="advmod"/>
		<feat xlink:href="#sSpan690" value="aux"/>
		<feat xlink:href="#sSpan692" value="nsubj"/>
		<feat xlink:href="#sSpan693" value="root"/>
		<feat xlink:href="#sSpan694" value="det"/>
		<feat xlink:href="#sSpan695" value="obj"/>
		<feat xlink:href="#sSpan696" value="case"/>
		<feat xlink:href="#sSpan698" value="obl"/>
		<feat xlink:href="#sSpan699" value="case"/>
		<feat xlink:href="#sSpan701" value="det"/>
		<feat xlink:href="#sSpan703" value="dislocated"/>
		<feat xlink:href="#sSpan704" value="case"/>
		<feat xlink:href="#sSpan706" value="nmod"/>
		<feat xlink:href="#sSpan708" value="mark"/>
		<feat xlink:href="#sSpan710" value="nsubj"/>
		<feat xlink:href="#sSpan711" value="advcl"/>
		<feat xlink:href="#sSpan712" value="case"/>
		<feat xlink:href="#sSpan714" value="obj"/>
		<feat xlink:href="#sSpan715" value="mark"/>
		<feat xlink:href="#sSpan717" value="case"/>
		<feat xlink:href="#sSpan719" value="obl"/>
		<feat xlink:href="#sSpan720" value="dislocated"/>
		<feat xlink:href="#sSpan722" value="cc"/>
		<feat xlink:href="#sSpan724" value="det"/>
		<feat xlink:href="#sSpan726" value="conj"/>
		<feat xlink:href="#sSpan727" value="nsubj"/>
		<feat xlink:href="#sSpan729" value="ccomp"/>
		<feat xlink:href="#sSpan730" value="case"/>
		<feat xlink:href="#sSpan732" value="obl"/>
		<feat xlink:href="#sSpan734" value="case"/>
		<feat xlink:href="#sSpan736" value="nmod"/>
		<feat xlink:href="#sSpan737" value="punct"/>
		<feat xlink:href="#sSpan739" value="det"/>
		<feat xlink:href="#sSpan742" value="dislocated"/>
		<feat xlink:href="#sSpan743" value="advmod"/>
		<feat xlink:href="#sSpan745" value="aux"/>
		<feat xlink:href="#sSpan747" value="nsubj"/>
		<feat xlink:href="#sSpan748" value="parataxis"/>
		<feat xlink:href="#sSpan749" value="advmod"/>
		<feat xlink:href="#sSpan751" value="punct"/>
		<feat xlink:href="#sSpan753" value="root"/>
		<feat xlink:href="#sSpan756" value="nsubj"/>
		<feat xlink:href="#sSpan757" value="case"/>
		<feat xlink:href="#sSpan759" value="obl"/>
		<feat xlink:href="#sSpan760" value="case"/>
		<feat xlink:href="#sSpan762" value="dislocated"/>
		<feat xlink:href="#sSpan764" value="mark"/>
		<feat xlink:href="#sSpan766" value="advmod"/>
		<feat xlink:href="#sSpan767" value="ccomp"/>
		<feat xlink:href="#sSpan769" value="nsubj"/>
		<feat xlink:href="#sSpan770" value="aux"/>
		<feat xlink:href="#sSpan772" value="nsubj"/>
		<feat xlink:href="#sSpan774" value="case"/>
		<feat xlink:href="#sSpan776" value="det"/>
		<feat xlink:href="#sSpan778" value="nmod"/>
		<feat xlink:href="#sSpan779" value="det"/>
		<feat xlink:href="#sSpan782" value="obl"/>
		<feat xlink:href="#sSpan783" value="mark"/>
		<feat xlink:href="#sSpan785" value="xcomp"/>
		<feat xlink:href="#sSpan786" value="case"/>
		<feat xlink:href="#sSpan788" value="det"/>
		<feat xlink:href="#sSpan789" value="obl"/>
		<feat xlink:href="#sSpan790" value="nsubj"/>
		<feat xlink:href="#sSpan792" value="det"/>
		<feat xlink:href="#sSpan794" value="nmod"/>
		<feat xlink:href="#sSpan795" value="advcl"/>
		<feat xlink:href="#sSpan797" value="case"/>
		<feat xlink:href="#sSpan799" value="obl"/>
		<feat xlink:href="#sSpan800" value="nsubj"/>
		<feat xlink:href="#sSpan802" value="parataxis"/>
		<feat xlink:href="#sSpan803" value="advmod"/>
		<feat xlink:href="#sSpan805" value="case"/>
		<feat xlink:href="#sSpan807" value="det"/>
		<feat xlink:href="#sSpan809" value="dislocated"/>
		<feat xlink:href="#sSpan810" value="mark"/>
		<feat xlink:href="#sSpan812" value="nsubj"/>
		<feat xlink:href="#sSpan814" value="advcl"/>
		<feat xlink:href="#sSpan815" value="case"/>
		<feat xlink:href="#sSpan817" value="obj"/>
		<feat xlink:href="#sSpan818" value="det"/>
		<feat xlink:href="#sSpan820" value="nmod"/>
		<feat xlink:href="#sSpan821" value="case"/>
		<feat xlink:href="#sSpan823" value="obl"/>
		<feat xlink:href="#sSpan824" value="advmod"/>
		<feat xlink:href="#sSpan826" value="nsubj"/>
		<feat xlink:href="#sSpan828" value="aux"/>
		<feat xlink:href="#sSpan829" value="ccomp"/>
		<feat xlink:href="#sSpan830" value="punct"/>
		<feat xlink:href="#sSpan832" value="case"/>
		<feat xlink:href="#sSpan835" value="dislocated"/>
		<feat xlink:href="#sSpan837" value="case"/>
		<feat xlink:href="#sSpan839" value="det"/>
		<feat xlink:href="#sSpan841" value="nmod"/>
		<feat xlink:href="#sSpan842" value="case"/>
		<feat xlink:href="#sSpan844" value="nmod"/>
		<feat xlink:href="#sSpan845" value="case"/>
		<feat xlink:href="#sSpan847" value="det"/>
		<feat xlink:href="#sSpan849" value="nmod"/>
		<feat xlink:href="#sSpan850" value="case"/>
		<feat xlink:href="#sSpan852" value="nmod"/>
		<feat xlink:href="#sSpan854" value="punct"/>
		<feat xlink:href="#sSpan856" value="nsubj"/>
		<feat xlink:href="#sSpan858" value="aux"/>
		<feat xlink:href="#sSpan859" value="root"/>
		<feat xlink:href="#sSpan860" value="advmod"/>
		<feat xlink:href="#sSpan862" value="case"/>
		<feat xlink:href="#sSpan864" value="det"/>
		<feat xlink:href="#sSpan866" value="obj"/>
		<feat xlink:href="#sSpan868" value="advmod"/>
		<feat xlink:href="#sSpan870" value="fixed"/>
		<feat xlink:href="#sSpan872" value="det"/>
		<feat xlink:href="#sSpan874" value="nmod"/>
		<feat xlink:href="#sSpan875" value="aux"/>
		<feat xlink:href="#sSpan877" value="nsubj"/>
		<feat xlink:href="#sSpan878" value="advcl"/>
		<feat xlink:href="#sSpan879" value="case"/>
		<feat xlink:href="#sSpan881" value="det"/>
		<feat xlink:href="#sSpan883" value="dislocated"/>
		<feat xlink:href="#sSpan884" value="case"/>
		<feat xlink:href="#sSpan886" value="nmod"/>
		<feat xlink:href="#sSpan887" value="punct"/>
		<feat xlink:href="#sSpan889" value="cc"/>
		<feat xlink:href="#sSpan892" value="aux"/>
		<feat xlink:href="#sSpan894" value="nsubj"/>
		<feat xlink:href="#sSpan895" value="root"/>
		<feat xlink:href="#sSpan896" value="mark"/>
		<feat xlink:href="#sSpan898" value="xcomp"/>
		<feat xlink:href="#sSpan900" value="case"/>
		<feat xlink:href="#sSpan902" value="obl"/>
		<feat xlink:href="#sSpan903" value="mark"/>
		<feat xlink:href="#sSpan906" value="advmod"/>
		<feat xlink:href="#sSpan908" value="aux"/>
		<feat xlink:href="#sSpan910" value="nsubj"/>
		<feat xlink:href="#sSpan911" value="advcl"/>
		<feat xlink:href="#sSpan912" value="case"/>
		<feat xlink:href="#sSpan914" value="det"/>
		<feat xlink:href="#sSpan916" value="dislocated"/>
		<feat xlink:href="#sSpan917" value="case"/>
		<feat xlink:href="#sSpan919" value="det"/>
		<feat xlink:href="#sSpan921" value="nmod"/>
		<feat xlink:href="#sSpan922" value="parataxis"/>
		<feat xlink:href="#sSpan924" value="advmod"/>
		<feat xlink:href="#sSpan926" value="case"/>
		<feat xlink:href="#sSpan928" value="det"/>
		<feat xlink:href="#sSpan930" value="det"/>
		<feat xlink:href="#sSpan931" value="nsubj"/>
		<feat xlink:href="#sSpan932" value="parataxis"/>
		<feat xlink:href="#sSpan934" value="cc"/>
		<feat xlink:href="#sSpan936" value="advmod"/>
		<feat xlink:href="#sSpan938" value="aux"/>
		<feat xlink:href="#sSpan939" value="nsubj"/>
		<feat xlink:href="#sSpan940" value="conj"/>
		<feat xlink:href="#sSpan941" value="obj"/>
		<feat xlink:href="#sSpan943" value="case"/>
		<feat xlink:href="#sSpan945" value="nmod"/>
		<feat xlink:href="#sSpan946" value="case"/>
		<feat xlink:href="#sSpan948" value="obl"/>
		<feat xlink:href="#sSpan950" value="case"/>
		<feat xlink:href="#sSpan952" value="nmod"/>
		<feat xlink:href="#sSpan953" value="aux"/>
		<feat xlink:href="#sSpan955" value="nsubj"/>
		<feat xlink:href="#sSpan956" value="advcl"/>
		<feat xlink:href="#sSpan957" value="mark"/>
		<feat xlink:href="#sSpan959" value="nsubj"/>
		<feat xlink:href="#sSpan960" value="advcl"/>
		<feat xlink:href="#sSpan961" value="case"/>
		<feat xlink:href="#sSpan963" value="det"/>
		<feat xlink:href="#sSpan965" value="obl"/>
		<feat xlink:href="#sSpan966" value="punct"/>
		<feat xlink:href="#sSpan968" value="dislocated"/>
		<feat xlink:href="#sSpan972" value="mark"/>
		<feat xlink:href="#sSpan974" value="nsubj"/>
		<feat xlink:href="#sSpan975" value="advcl"/>
		<feat xlink:href="#sSpan976" value="case"/>
		<feat xlink:href="#sSpan978" value="obj"/>
		<feat xlink:href="#sSpan979" value="case"/>
		<feat xlink:href="#sSpan981" value="obl"/>
		<feat xlink:href="#sSpan982" value="advmod"/>
		<feat xlink:href="#sSpan985" value="fixed"/>
		<feat xlink:href="#sSpan987" value="advmod"/>
		<feat xlink:href="#sSpan989" value="det"/>
		<feat xlink:href="#sSpan991" value="dislocated"/>
		<feat xlink:href="#sSpan992" value="aux"/>
		<feat xlink:href="#sSpan994" value="nsubj"/>
		<feat xlink:href="#sSpan995" value="root"/>
		<feat xlink:href="#sSpan997" value="det"/>
		<feat xlink:href="#sSpan998" value="obj"/>
		<feat xlink:href="#sSpan999" value="case"/>
		<feat xlink:href="#sSpan1001" value="obl"/>
		<feat xlink:href="#sSpan1002" value="aux"/>
		<feat xlink:href="#sSpan1004" value="nsubj"/>
		<feat xlink:href="#sSpan1005" value="parataxis"/>
		<feat xlink:href="#sSpan1006" value="case"/>
		<feat xlink:href="#sSpan1008" value="obl"/>
		<feat xlink:href="#sSpan1009" value="mark"/>
		<feat xlink:href="#sSpan1011" value="nsubj"/>
		<feat xlink:href="#sSpan1012" value="advcl"/>
		<feat xlink:href="#sSpan1013" value="case"/>
		<feat xlink:href="#sSpan1015" value="obj"/>
		<feat xlink:href="#sSpan1016" value="mark"/>
		<feat xlink:href="#sSpan1018" value="aux"/>
		<feat xlink:href="#sSpan1019" value="det"/>
		<feat xlink:href="#sSpan1021" value="nsubj"/>
		<feat xlink:href="#sSpan1022" value="ccomp"/>
		<feat xlink:href="#sSpan1024" value="advmod"/>
		<feat xlink:href="#sSpan1026" value="cc"/>
		<feat xlink:href="#sSpan1028" value="conj"/>
		<feat xlink:href="#sSpan1030" value="aux"/>
		<feat xlink:href="#sSpan1032" value="nsubj"/>
		<feat xlink:href="#sSpan1033" value="advcl"/>
		<feat xlink:href="#sSpan1034" value="case"/>
		<feat xlink:href="#sSpan1036" value="det"/>
		<feat xlink:href="#sSpan1038" value="obj"/>
		<feat xlink:href="#sSpan1039" value="advmod"/>
		<feat xlink:href="#sSpan1041" value="case"/>
		<feat xlink:href="#sSpan1043" value="obl"/>
		<feat xlink:href="#sSpan1044" value="cc"/>
		<feat xlink:href="#sSpan1046" value="nsubj"/>
		<feat xlink:href="#sSpan1048" value="aux"/>
		<feat xlink:href="#sSpan1049" value="conj"/>
		<feat xlink:href="#sSpan1050" value="punct"/>
		<feat xlink:href="#sSpan1052" value="aux"/>
		<feat xlink:href="#sSpan1055" value="nsubj"/>
		<feat xlink:href="#sSpan1056" value="root"/>
		<feat xlink:href="#sSpan1057" value="advmod"/>
		<feat xlink:href="#sSpan1059" value="case"/>
		<feat xlink:href="#sSpan1061" value="dislocated"/>
		<feat xlink:href="#sSpan1063" value="aux"/>
		<feat xlink:href="#sSpan1065" value="nsubj"/>
		<feat xlink:href="#sSpan1066" value="parataxis"/>
		<feat xlink:href="#sSpan1067" value="obj"/>
		<feat xlink:href="#sSpan1068" value="case"/>
		<feat xlink:href="#sSpan1070" value="obl"/>
		<feat xlink:href="#sSpan1071" value="case"/>
		<feat xlink:href="#sSpan1073" value="det"/>
		<feat xlink:href="#sSpan1075" value="obl"/>
		<feat xlink:href="#sSpan1076" value="punct"/>
		<feat xlink:href="#sSpan1078" value="advmod"/>
		<feat xlink:href="#sSpan1081" value="det"/>
		<feat xlink:href="#sSpan1083" value="dislocated"/>
		<feat xlink:href="#sSpan1084" value="advmod"/>
		<feat xlink:href="#sSpan1086" value="mark"/>
		<feat xlink:href="#sSpan1088" value="det"/>
		<feat xlink:href="#sSpan1090" value="nsubj"/>
		<feat xlink:href="#sSpan1091" value="acl"/>
		<feat xlink:href="#sSpan1093" value="case"/>
		<feat xlink:href="#sSpan1095" value="obl"/>
		<feat xlink:href="#sSpan1096" value="case"/>
		<feat xlink:href="#sSpan1099" value="nummod"/>
		<feat xlink:href="#sSpan1103" value="case"/>
		<feat xlink:href="#sSpan1105" value="obl"/>
		<feat xlink:href="#sSpan1106" value="punct"/>
		<feat xlink:href="#sSpan1108" value="aux"/>
		<feat xlink:href="#sSpan1110" value="nsubj"/>
		<feat xlink:href="#sSpan1111" value="root"/>
		<feat xlink:href="#sSpan1112" value="det"/>
		<feat xlink:href="#sSpan1113" value="obj"/>
		<feat xlink:href="#sSpan1114" value="parataxis"/>
		<feat xlink:href="#sSpan1116" value="obj"/>
		<feat xlink:href="#sSpan1117" value="case"/>
		<feat xlink:href="#sSpan1119" value="obl"/>
		<feat xlink:href="#sSpan1120" value="aux"/>
		<feat xlink:href="#sSpan1122" value="nsubj"/>
		<feat xlink:href="#sSpan1123" value="parataxis"/>
		<feat xlink:href="#sSpan1124" value="case"/>
		<feat xlink:href="#sSpan1126" value="det"/>
		<feat xlink:href="#sSpan1128" value="obl"/>
		<feat xlink:href="#sSpan1129" value="case"/>
		<feat xlink:href="#sSpan1131" value="det"/>
		<feat xlink:href="#sSpan1133" value="nmod"/>
		<feat xlink:href="#sSpan1134" value="punct"/>
		<feat xlink:href="#sSpan1136" value="aux"/>
		<feat xlink:href="#sSpan1139" value="nsubj"/>
		<feat xlink:href="#sSpan1140" value="root"/>
		<feat xlink:href="#sSpan1141" value="advmod"/>
		<feat xlink:href="#sSpan1143" value="case"/>
		<feat xlink:href="#sSpan1145" value="obj"/>
		<feat xlink:href="#sSpan1146" value="advmod"/>
		<feat xlink:href="#sSpan1149" value="case"/>
		<feat xlink:href="#sSpan1151" value="obl"/>
		<feat xlink:href="#sSpan1152" value="punct"/>
		<feat xlink:href="#sSpan1154" value="mark"/>
		<feat xlink:href="#sSpan1156" value="nsubj"/>
		<feat xlink:href="#sSpan1157" value="advcl"/>
		<feat xlink:href="#sSpan1158" value="advmod"/>
		<feat xlink:href="#sSpan1160" value="case"/>
		<feat xlink:href="#sSpan1162" value="det"/>
		<feat xlink:href="#sSpan1164" value="obl"/>
		<feat xlink:href="#sSpan1165" value="case"/>
		<feat xlink:href="#sSpan1167" value="det"/>
		<feat xlink:href="#sSpan1169" value="nmod"/>
		<feat xlink:href="#sSpan1170" value="nsubj"/>
		<feat xlink:href="#sSpan1172" value="aux"/>
		<feat xlink:href="#sSpan1173" value="ccomp"/>
		<feat xlink:href="#sSpan1174" value="punct"/>
		<feat xlink:href="#sSpan1176" value="dislocated"/>
		<feat xlink:href="#sSpan1180" value="advmod"/>
		<feat xlink:href="#sSpan1182" value="aux"/>
		<feat xlink:href="#sSpan1184" value="nsubj"/>
		<feat xlink:href="#sSpan1185" value="root"/>
		<feat xlink:href="#sSpan1186" value="obj"/>
		<feat xlink:href="#sSpan1187" value="aux"/>
		<feat xlink:href="#sSpan1189" value="nsubj"/>
		<feat xlink:href="#sSpan1190" value="parataxis"/>
		<feat xlink:href="#sSpan1191" value="case"/>
		<feat xlink:href="#sSpan1193" value="obl"/>
		<feat xlink:href="#sSpan1194" value="parataxis"/>
		<feat xlink:href="#sSpan1196" value="nsubj"/>
		<feat xlink:href="#sSpan1197" value="case"/>
		<feat xlink:href="#sSpan1199" value="obl"/>
		<feat xlink:href="#sSpan1200" value="punct"/>
		<feat xlink:href="#sSpan1202" value="mark"/>
		<feat xlink:href="#sSpan1204" value="ccomp"/>
		<feat xlink:href="#sSpan1205" value="obl"/>
		<feat xlink:href="#sSpan1207" value="det"/>
		<feat xlink:href="#sSpan1210" value="parataxis"/>
		<feat xlink:href="#sSpan1211" value="cop"/>
		<feat xlink:href="#sSpan1213" value="mark"/>
		<feat xlink:href="#sSpan1215" value="aux"/>
		<feat xlink:href="#sSpan1216" value="nsubj"/>
		<feat xlink:href="#sSpan1217" value="csubj"/>
		<feat xlink:href="#sSpan1218" value="punct"/>
		<feat xlink:href="#sSpan1220" value="cc"/>
		<feat xlink:href="#sSpan1222" value="aux"/>
		<feat xlink:href="#sSpan1224" value="nsubj"/>
		<feat xlink:href="#sSpan1225" value="conj"/>
		<feat xlink:href="#sSpan1226" value="case"/>
		<feat xlink:href="#sSpan1228" value="det"/>
		<feat xlink:href="#sSpan1230" value="dislocated"/>
		<feat xlink:href="#sSpan1231" value="case"/>
		<feat xlink:href="#sSpan1233" value="det"/>
		<feat xlink:href="#sSpan1235" value="obl"/>
		<feat xlink:href="#sSpan1236" value="mark"/>
		<feat xlink:href="#sSpan1238" value="acl"/>
		<feat xlink:href="#sSpan1239" value="punct"/>
		<feat xlink:href="#sSpan1241" value="aux"/>
		<feat xlink:href="#sSpan1244" value="nsubj"/>
		<feat xlink:href="#sSpan1245" value="advcl"/>
		<feat xlink:href="#sSpan1246" value="advmod"/>
		<feat xlink:href="#sSpan1248" value="case"/>
		<feat xlink:href="#sSpan1250" value="dislocated"/>
		<feat xlink:href="#sSpan1252" value="advmod"/>
		<feat xlink:href="#sSpan1254" value="case"/>
		<feat xlink:href="#sSpan1256" value="det"/>
		<feat xlink:href="#sSpan1258" value="obl"/>
		<feat xlink:href="#sSpan1259" value="case"/>
		<feat xlink:href="#sSpan1261" value="det"/>
		<feat xlink:href="#sSpan1263" value="nmod"/>
		<feat xlink:href="#sSpan1264" value="aux"/>
		<feat xlink:href="#sSpan1266" value="nsubj"/>
		<feat xlink:href="#sSpan1267" value="root"/>
		<feat xlink:href="#sSpan1268" value="case"/>
		<feat xlink:href="#sSpan1270" value="det"/>
		<feat xlink:href="#sSpan1273" value="obl"/>
		<feat xlink:href="#sSpan1275" value="xcomp"/>
		<feat xlink:href="#sSpan1276" value="cc"/>
		<feat xlink:href="#sSpan1278" value="det"/>
		<feat xlink:href="#sSpan1280" value="obl"/>
		<feat xlink:href="#sSpan1281" value="mark"/>
		<feat xlink:href="#sSpan1283" value="nsubj"/>
		<feat xlink:href="#sSpan1284" value="advcl"/>
		<feat xlink:href="#sSpan1285" value="punct"/>
		<feat xlink:href="#sSpan1287" value="root"/>
		<feat xlink:href="#sSpan1290" value="nsubj"/>
		<feat xlink:href="#sSpan1291" value="mark"/>
		<feat xlink:href="#sSpan1293" value="ccomp"/>
		<feat xlink:href="#sSpan1294" value="case"/>
		<feat xlink:href="#sSpan1296" value="obl"/>
		<feat xlink:href="#sSpan1297" value="case"/>
		<feat xlink:href="#sSpan1299" value="det"/>
		<feat xlink:href="#sSpan1301" value="obj"/>
		<feat xlink:href="#sSpan1302" value="advmod"/>
		<feat xlink:href="#sSpan1304" value="case"/>
		<feat xlink:href="#sSpan1306" value="det"/>
		<feat xlink:href="#sSpan1308" value="dislocated"/>
		<feat xlink:href="#sSpan1310" value="amod"/>
		<feat xlink:href="#sSpan1312" value="punct"/>
		<feat xlink:href="#sSpan1314" value="cc"/>
		<feat xlink:href="#sSpan1316" value="mark"/>
		<feat xlink:href="#sSpan1318" value="nsubj"/>
		<feat xlink:href="#sSpan1319" value="conj"/>
		<feat xlink:href="#sSpan1320" value="punct"/>
		<feat xlink:href="#sSpan1322" value="dislocated"/>
		<feat xlink:href="#sSpan1324" value="advmod"/>
		<feat xlink:href="#sSpan1326" value="aux"/>
		<feat xlink:href="#sSpan1328" value="nsubj"/>
		<feat xlink:href="#sSpan1329" value="parataxis"/>
		<feat xlink:href="#sSpan1330" value="case"/>
		<feat xlink:href="#sSpan1332" value="obl"/>
		<feat xlink:href="#sSpan1333" value="mark"/>
		<feat xlink:href="#sSpan1335" value="nsubj"/>
		<feat xlink:href="#sSpan1336" value="advcl"/>
		<feat xlink:href="#sSpan1337" value="mark"/>
		<feat xlink:href="#sSpan1339" value="aux"/>
		<feat xlink:href="#sSpan1340" value="nsubj"/>
		<feat xlink:href="#sSpan1341" value="ccomp"/>
		<feat xlink:href="#sSpan1342" value="punct"/>
		<feat xlink:href="#sSpan1344" value="aux"/>
		<feat xlink:href="#sSpan1347" value="nsubj"/>
		<feat xlink:href="#sSpan1348" value="advcl"/>
		<feat xlink:href="#sSpan1349" value="advmod"/>
		<feat xlink:href="#sSpan1351" value="advmod"/>
		<feat xlink:href="#sSpan1353" value="case"/>
		<feat xlink:href="#sSpan1355" value="det"/>
		<feat xlink:href="#sSpan1357" value="obj"/>
		<feat xlink:href="#sSpan1358" value="aux"/>
		<feat xlink:href="#sSpan1360" value="nsubj"/>
		<feat xlink:href="#sSpan1361" value="root"/>
		<feat xlink:href="#sSpan1363" value="advmod"/>
		<feat xlink:href="#sSpan1365" value="aux"/>
		<feat xlink:href="#sSpan1367" value="nsubj"/>
		<feat xlink:href="#sSpan1368" value="parataxis"/>
		<feat xlink:href="#sSpan1369" value="case"/>
		<feat xlink:href="#sSpan1371" value="det"/>
		<feat xlink:href="#sSpan1373" value="obj"/>
		<feat xlink:href="#sSpan1374" value="punct"/>
		<feat xlink:href="#sSpan1376" value="aux"/>
		<feat xlink:href="#sSpan1378" value="nsubj"/>
		<feat xlink:href="#sSpan1379" value="parataxis"/>
		<feat xlink:href="#sSpan1380" value="case"/>
		<feat xlink:href="#sSpan1382" value="det"/>
		<feat xlink:href="#sSpan1384" value="dislocated"/>
		<feat xlink:href="#sSpan1386" value="amod"/>
		<feat xlink:href="#sSpan1388" value="punct"/>
		<feat xlink:href="#sSpan1390" value="det"/>
		<feat xlink:href="#sSpan1394" value="dislocated"/>
		<feat xlink:href="#sSpan1395" value="aux"/>
		<feat xlink:href="#sSpan1397" value="nsubj"/>
		<feat xlink:href="#sSpan1398" value="root"/>
		<feat xlink:href="#sSpan1400" value="advmod"/>
		<feat xlink:href="#sSpan1402" value="case"/>
		<feat xlink:href="#sSpan1404" value="det"/>
		<feat xlink:href="#sSpan1406" value="obl"/>
		<feat xlink:href="#sSpan1407" value="advmod"/>
		<feat xlink:href="#sSpan1409" value="det"/>
		<feat xlink:href="#sSpan1410" value="mark"/>
		<feat xlink:href="#sSpan1412" value="acl"/>
		<feat xlink:href="#sSpan1413" value="punct"/>
		<feat xlink:href="#sSpan1415" value="mark"/>
		<feat xlink:href="#sSpan1418" value="nsubj"/>
		<feat xlink:href="#sSpan1419" value="advcl"/>
		<feat xlink:href="#sSpan1420" value="advmod"/>
		<feat xlink:href="#sSpan1422" value="case"/>
		<feat xlink:href="#sSpan1425" value="fixed"/>
		<feat xlink:href="#sSpan1427" value="det"/>
		<feat xlink:href="#sSpan1429" value="obl"/>
		<feat xlink:href="#sSpan1430" value="mark"/>
		<feat xlink:href="#sSpan1432" value="acl"/>
		<feat xlink:href="#sSpan1433" value="case"/>
		<feat xlink:href="#sSpan1435" value="dislocated"/>
		<feat xlink:href="#sSpan1437" value="aux"/>
		<feat xlink:href="#sSpan1439" value="nsubj"/>
		<feat xlink:href="#sSpan1440" value="root"/>
		<feat xlink:href="#sSpan1441" value="obj"/>
		<feat xlink:href="#sSpan1442" value="case"/>
		<feat xlink:href="#sSpan1444" value="obl"/>
		<feat xlink:href="#sSpan1445" value="case"/>
		<feat xlink:href="#sSpan1447" value="dislocated"/>
		<feat xlink:href="#sSpan1449" value="amod"/>
		<feat xlink:href="#sSpan1452" value="mark"/>
		<feat xlink:href="#sSpan1454" value="nsubj"/>
		<feat xlink:href="#sSpan1456" value="advcl"/>
		<feat xlink:href="#sSpan1458" value="advmod"/>
		<feat xlink:href="#sSpan1460" value="mark"/>
		<feat xlink:href="#sSpan1462" value="nsubj"/>
		<feat xlink:href="#sSpan1463" value="advcl"/>
		<feat xlink:href="#sSpan1464" value="case"/>
		<feat xlink:href="#sSpan1466" value="obj"/>
		<feat xlink:href="#sSpan1467" value="ccomp"/>
		<feat xlink:href="#sSpan1469" value="case"/>
		<feat xlink:href="#sSpan1470" value="obl"/>
		<feat xlink:href="#sSpan1471" value="vocative"/>
		<feat xlink:href="#sSpan1474" value="det"/>
		<feat xlink:href="#sSpan1476" value="appos"/>
		<feat xlink:href="#sSpan1477" value="case"/>
		<feat xlink:href="#sSpan1479" value="nmod"/>
		<feat xlink:href="#sSpan1481" value="punct"/>
		<feat xlink:href="#sSpan1483" value="aux"/>
		<feat xlink:href="#sSpan1486" value="nsubj"/>
		<feat xlink:href="#sSpan1487" value="advcl"/>
		<feat xlink:href="#sSpan1488" value="advmod"/>
		<feat xlink:href="#sSpan1490" value="advmod"/>
		<feat xlink:href="#sSpan1492" value="case"/>
		<feat xlink:href="#sSpan1494" value="det"/>
		<feat xlink:href="#sSpan1496" value="obl"/>
		<feat xlink:href="#sSpan1497" value="aux"/>
		<feat xlink:href="#sSpan1499" value="nsubj"/>
		<feat xlink:href="#sSpan1500" value="root"/>
		<feat xlink:href="#sSpan1501" value="det"/>
		<feat xlink:href="#sSpan1502" value="obj"/>
		<feat xlink:href="#sSpan1503" value="case"/>
		<feat xlink:href="#sSpan1505" value="obl"/>
		<feat xlink:href="#sSpan1506" value="case"/>
		<feat xlink:href="#sSpan1508" value="det"/>
		<feat xlink:href="#sSpan1510" value="dislocated"/>
		<feat xlink:href="#sSpan1511" value="parataxis"/>
		<feat xlink:href="#sSpan1513" value="nsubj"/>
		<feat xlink:href="#sSpan1514" value="case"/>
		<feat xlink:href="#sSpan1516" value="obl"/>
		<feat xlink:href="#sSpan1517" value="case"/>
		<feat xlink:href="#sSpan1519" value="dislocated"/>
		<feat xlink:href="#sSpan1521" value="punct"/>
		<feat xlink:href="#sSpan1523" value="mark"/>
		<feat xlink:href="#sSpan1525" value="nsubj"/>
		<feat xlink:href="#sSpan1526" value="ccomp"/>
		<feat xlink:href="#sSpan1527" value="mark"/>
		<feat xlink:href="#sSpan1529" value="ccomp"/>
		<feat xlink:href="#sSpan1530" value="nsubj"/>
		<feat xlink:href="#sSpan1531" value="case"/>
		<feat xlink:href="#sSpan1533" value="obl"/>
		<feat xlink:href="#sSpan1534" value="mark"/>
		<feat xlink:href="#sSpan1536" value="xcomp"/>
		<feat xlink:href="#sSpan1537" value="obj"/>
		<feat xlink:href="#sSpan1539" value="punct"/>
		<feat xlink:href="#sSpan1541" value="parataxis"/>
		<feat xlink:href="#sSpan1543" value="nsubj"/>
		<feat xlink:href="#sSpan1544" value="case"/>
		<feat xlink:href="#sSpan1546" value="obl"/>
		<feat xlink:href="#sSpan1547" value="mark"/>
		<feat xlink:href="#sSpan1549" value="ccomp"/>
		<feat xlink:href="#sSpan1550" value="det"/>
		<feat xlink:href="#sSpan1552" value="nsubj"/>
		<feat xlink:href="#sSpan1553" value="punct"/>
		<feat xlink:href="#sSpan1555" value="advmod"/>
		<feat xlink:href="#sSpan1558" value="aux"/>
		<feat xlink:href="#sSpan1560" value="nsubj"/>
		<feat xlink:href="#sSpan1561" value="root"/>
		<feat xlink:href="#sSpan1562" value="case"/>
		<feat xlink:href="#sSpan1564" value="det"/>
		<feat xlink:href="#sSpan1566" value="obl"/>
		<feat xlink:href="#sSpan1567" value="mark"/>
		<feat xlink:href="#sSpan1569" value="nsubj"/>
		<feat xlink:href="#sSpan1570" value="advcl"/>
		<feat xlink:href="#sSpan1571" value="case"/>
		<feat xlink:href="#sSpan1573" value="obj"/>
		<feat xlink:href="#sSpan1574" value="mark"/>
		<feat xlink:href="#sSpan1576" value="case"/>
		<feat xlink:href="#sSpan1577" value="det"/>
		<feat xlink:href="#sSpan1579" value="obl"/>
		<feat xlink:href="#sSpan1580" value="aux"/>
		<feat xlink:href="#sSpan1582" value="nsubj"/>
		<feat xlink:href="#sSpan1583" value="ccomp"/>
		<feat xlink:href="#sSpan1584" value="case"/>
		<feat xlink:href="#sSpan1586" value="obl"/>
		<feat xlink:href="#sSpan1587" value="punct"/>
		<feat xlink:href="#sSpan1589" value="cc"/>
		<feat xlink:href="#sSpan1592" value="aux"/>
		<feat xlink:href="#sSpan1594" value="nsubj"/>
		<feat xlink:href="#sSpan1595" value="root"/>
		<feat xlink:href="#sSpan1596" value="case"/>
		<feat xlink:href="#sSpan1598" value="det"/>
		<feat xlink:href="#sSpan1600" value="dislocated"/>
		<feat xlink:href="#sSpan1601" value="punct"/>
		<feat xlink:href="#sSpan1603" value="aux"/>
		<feat xlink:href="#sSpan1605" value="nsubj"/>
		<feat xlink:href="#sSpan1606" value="parataxis"/>
		<feat xlink:href="#sSpan1607" value="case"/>
		<feat xlink:href="#sSpan1609" value="obl"/>
		<feat xlink:href="#sSpan1610" value="case"/>
		<feat xlink:href="#sSpan1612" value="dislocated"/>
		<feat xlink:href="#sSpan1614" value="mark"/>
		<feat xlink:href="#sSpan1616" value="nsubj"/>
		<feat xlink:href="#sSpan1617" value="advcl"/>
		<feat xlink:href="#sSpan1618" value="case"/>
		<feat xlink:href="#sSpan1620" value="obj"/>
		<feat xlink:href="#sSpan1621" value="mark"/>
		<feat xlink:href="#sSpan1623" value="ccomp"/>
		<feat xlink:href="#sSpan1624" value="aux"/>
		<feat xlink:href="#sSpan1626" value="nsubj"/>
		<feat xlink:href="#sSpan1628" value="advcl"/>
		<feat xlink:href="#sSpan1630" value="punct"/>
		<feat xlink:href="#sSpan1632" value="dislocated"/>
		<feat xlink:href="#sSpan1635" value="advmod"/>
		<feat xlink:href="#sSpan1637" value="aux"/>
		<feat xlink:href="#sSpan1639" value="nsubj"/>
		<feat xlink:href="#sSpan1640" value="root"/>
		<feat xlink:href="#sSpan1642" value="advmod"/>
		<feat xlink:href="#sSpan1644" value="aux"/>
		<feat xlink:href="#sSpan1646" value="nsubj"/>
		<feat xlink:href="#sSpan1647" value="parataxis"/>
		<feat xlink:href="#sSpan1648" value="case"/>
		<feat xlink:href="#sSpan1650" value="det"/>
		<feat xlink:href="#sSpan1652" value="obj"/>
		<feat xlink:href="#sSpan1653" value="case"/>
		<feat xlink:href="#sSpan1655" value="det"/>
		<feat xlink:href="#sSpan1657" value="obl"/>
		<feat xlink:href="#sSpan1658" value="advmod"/>
		<feat xlink:href="#sSpan1660" value="det"/>
		<feat xlink:href="#sSpan1661" value="mark"/>
		<feat xlink:href="#sSpan1663" value="acl"/>
		<feat xlink:href="#sSpan1664" value="punct"/>
		<feat xlink:href="#sSpan1666" value="mark"/>
		<feat xlink:href="#sSpan1669" value="nsubj"/>
		<feat xlink:href="#sSpan1670" value="advcl"/>
		<feat xlink:href="#sSpan1671" value="advmod"/>
		<feat xlink:href="#sSpan1673" value="advmod"/>
		<feat xlink:href="#sSpan1675" value="punct"/>
		<feat xlink:href="#sSpan1677" value="advmod"/>
		<feat xlink:href="#sSpan1680" value="fixed"/>
		<feat xlink:href="#sSpan1682" value="aux"/>
		<feat xlink:href="#sSpan1684" value="nsubj"/>
		<feat xlink:href="#sSpan1685" value="root"/>
		<feat xlink:href="#sSpan1686" value="case"/>
		<feat xlink:href="#sSpan1688" value="obl"/>
		<feat xlink:href="#sSpan1689" value="case"/>
		<feat xlink:href="#sSpan1691" value="det"/>
		<feat xlink:href="#sSpan1693" value="obj"/>
		<feat xlink:href="#sSpan1694" value="mark"/>
		<feat xlink:href="#sSpan1696" value="det"/>
		<feat xlink:href="#sSpan1698" value="nsubj"/>
		<feat xlink:href="#sSpan1699" value="case"/>
		<feat xlink:href="#sSpan1701" value="acl"/>
		<feat xlink:href="#sSpan1702" value="punct"/>
		<feat xlink:href="#sSpan1704" value="cc"/>
		<feat xlink:href="#sSpan1707" value="aux"/>
		<feat xlink:href="#sSpan1709" value="nsubj"/>
		<feat xlink:href="#sSpan1710" value="advcl"/>
		<feat xlink:href="#sSpan1712" value="advmod"/>
		<feat xlink:href="#sSpan1714" value="case"/>
		<feat xlink:href="#sSpan1716" value="det"/>
		<feat xlink:href="#sSpan1718" value="obj"/>
		<feat xlink:href="#sSpan1719" value="aux"/>
		<feat xlink:href="#sSpan1721" value="nsubj"/>
		<feat xlink:href="#sSpan1722" value="root"/>
		<feat xlink:href="#sSpan1723" value="case"/>
		<feat xlink:href="#sSpan1725" value="det"/>
		<feat xlink:href="#sSpan1727" value="dislocated"/>
		<feat xlink:href="#sSpan1728" value="punct"/>
		<feat xlink:href="#sSpan1730" value="aux"/>
		<feat xlink:href="#sSpan1732" value="nsubj"/>
		<feat xlink:href="#sSpan1734" value="parataxis"/>
		<feat xlink:href="#sSpan1736" value="case"/>
		<feat xlink:href="#sSpan1738" value="det"/>
		<feat xlink:href="#sSpan1740" value="dislocated"/>
		<feat xlink:href="#sSpan1741" value="mark"/>
		<feat xlink:href="#sSpan1743" value="nsubj"/>
		<feat xlink:href="#sSpan1744" value="advcl"/>
		<feat xlink:href="#sSpan1745" value="case"/>
		<feat xlink:href="#sSpan1747" value="obj"/>
		<feat xlink:href="#sSpan1748" value="mark"/>
		<feat xlink:href="#sSpan1750" value="aux"/>
		<feat xlink:href="#sSpan1751" value="nsubj"/>
		<feat xlink:href="#sSpan1753" value="case"/>
		<feat xlink:href="#sSpan1755" value="det"/>
		<feat xlink:href="#sSpan1756" value="nmod"/>
		<feat xlink:href="#sSpan1757" value="det"/>
		<feat xlink:href="#sSpan1760" value="ccomp"/>
		<feat xlink:href="#sSpan1761" value="advmod"/>
		<feat xlink:href="#sSpan1763" value="advmod"/>
		<feat xlink:href="#sSpan1765" value="fixed"/>
		<feat xlink:href="#sSpan1767" value="det"/>
		<feat xlink:href="#sSpan1769" value="obl"/>
		<feat xlink:href="#sSpan1770" value="punct"/>
		<feat xlink:href="#sSpan1772" value="det"/>
		<feat xlink:href="#sSpan1776" value="dislocated"/>
		<feat xlink:href="#sSpan1777" value="advmod"/>
		<feat xlink:href="#sSpan1779" value="aux"/>
		<feat xlink:href="#sSpan1781" value="nsubj"/>
		<feat xlink:href="#sSpan1782" value="root"/>
		<feat xlink:href="#sSpan1783" value="case"/>
		<feat xlink:href="#sSpan1785" value="obj"/>
		<feat xlink:href="#sSpan1786" value="mark"/>
		<feat xlink:href="#sSpan1788" value="ccomp"/>
		<feat xlink:href="#sSpan1790" value="obj"/>
		<feat xlink:href="#sSpan1791" value="case"/>
		<feat xlink:href="#sSpan1793" value="det"/>
		<feat xlink:href="#sSpan1795" value="obl"/>
		<feat xlink:href="#sSpan1796" value="case"/>
		<feat xlink:href="#sSpan1798" value="det"/>
		<feat xlink:href="#sSpan1800" value="nmod"/>
		<feat xlink:href="#sSpan1801" value="mark"/>
		<feat xlink:href="#sSpan1803" value="nsubj"/>
		<feat xlink:href="#sSpan1804" value="advcl"/>
		<feat xlink:href="#sSpan1806" value="advmod"/>
		<feat xlink:href="#sSpan1808" value="case"/>
		<feat xlink:href="#sSpan1810" value="det"/>
		<feat xlink:href="#sSpan1812" value="obj"/>
		<feat xlink:href="#sSpan1813" value="punct"/>
		<feat xlink:href="#sSpan1815" value="cc"/>
		<feat xlink:href="#sSpan1818" value="aux"/>
		<feat xlink:href="#sSpan1820" value="nsubj"/>
		<feat xlink:href="#sSpan1821" value="root"/>
		<feat xlink:href="#sSpan1822" value="case"/>
		<feat xlink:href="#sSpan1824" value="dislocated"/>
		<feat xlink:href="#sSpan1826" value="case"/>
		<feat xlink:href="#sSpan1828" value="det"/>
		<feat xlink:href="#sSpan1830" value="obj"/>
		<feat xlink:href="#sSpan1831" value="advmod"/>
		<feat xlink:href="#sSpan1833" value="det"/>
		<feat xlink:href="#sSpan1834" value="cc"/>
		<feat xlink:href="#sSpan1836" value="det"/>
		<feat xlink:href="#sSpan1838" value="conj"/>
		<feat xlink:href="#sSpan1839" value="mark"/>
		<feat xlink:href="#sSpan1841" value="nsubj"/>
		<feat xlink:href="#sSpan1843" value="advcl"/>
		<feat xlink:href="#sSpan1845" value="advmod"/>
		<feat xlink:href="#sSpan1848" value="case"/>
		<feat xlink:href="#sSpan1850" value="det"/>
		<feat xlink:href="#sSpan1852" value="obl"/>
		<feat xlink:href="#sSpan1853" value="punct"/>
		<feat xlink:href="#sSpan1855" value="cc"/>
		<feat xlink:href="#sSpan1857" value="mark"/>
		<feat xlink:href="#sSpan1859" value="nsubj"/>
		<feat xlink:href="#sSpan1861" value="conj"/>
		<feat xlink:href="#sSpan1863" value="case"/>
		<feat xlink:href="#sSpan1865" value="det"/>
		<feat xlink:href="#sSpan1867" value="obj"/>
		<feat xlink:href="#sSpan1868" value="case"/>
		<feat xlink:href="#sSpan1870" value="det"/>
		<feat xlink:href="#sSpan1873" value="nmod"/>
		<feat xlink:href="#sSpan1875" value="mark"/>
		<feat xlink:href="#sSpan1877" value="nsubj"/>
		<feat xlink:href="#sSpan1878" value="advcl"/>
		<feat xlink:href="#sSpan1879" value="case"/>
		<feat xlink:href="#sSpan1881" value="xcomp"/>
		<feat xlink:href="#sSpan1882" value="obj"/>
		<feat xlink:href="#sSpan1884" value="cc"/>
		<feat xlink:href="#sSpan1886" value="conj"/>
		<feat xlink:href="#sSpan1888" value="det"/>
		<feat xlink:href="#sSpan1890" value="punct"/>
		<feat xlink:href="#sSpan1892" value="aux"/>
		<feat xlink:href="#sSpan1895" value="nsubj"/>
		<feat xlink:href="#sSpan1896" value="advcl"/>
		<feat xlink:href="#sSpan1897" value="advmod"/>
		<feat xlink:href="#sSpan1899" value="case"/>
		<feat xlink:href="#sSpan1901" value="det"/>
		<feat xlink:href="#sSpan1903" value="obl"/>
		<feat xlink:href="#sSpan1904" value="aux"/>
		<feat xlink:href="#sSpan1906" value="nsubj"/>
		<feat xlink:href="#sSpan1907" value="root"/>
		<feat xlink:href="#sSpan1908" value="obj"/>
		<feat xlink:href="#sSpan1909" value="det"/>
		<feat xlink:href="#sSpan1910" value="case"/>
		<feat xlink:href="#sSpan1912" value="obl"/>
		<feat xlink:href="#sSpan1913" value="mark"/>
		<feat xlink:href="#sSpan1915" value="aux"/>
		<feat xlink:href="#sSpan1916" value="nsubj"/>
		<feat xlink:href="#sSpan1917" value="ccomp"/>
		<feat xlink:href="#sSpan1918" value="cop"/>
		<feat xlink:href="#sSpan1920" value="punct"/>
		<feat xlink:href="#sSpan1922" value="cc"/>
		<feat xlink:href="#sSpan1924" value="aux"/>
		<feat xlink:href="#sSpan1926" value="nsubj"/>
		<feat xlink:href="#sSpan1927" value="conj"/>
		<feat xlink:href="#sSpan1929" value="case"/>
		<feat xlink:href="#sSpan1931" value="det"/>
		<feat xlink:href="#sSpan1932" value="obl"/>
		<feat xlink:href="#sSpan1933" value="case"/>
		<feat xlink:href="#sSpan1935" value="det"/>
		<feat xlink:href="#sSpan1937" value="nmod"/>
		<feat xlink:href="#sSpan1938" value="mark"/>
		<feat xlink:href="#sSpan1941" value="acl"/>
		<feat xlink:href="#sSpan1943" value="nsubj"/>
		<feat xlink:href="#sSpan1945" value="punct"/>
		<feat xlink:href="#sSpan1947" value="advmod"/>
		<feat xlink:href="#sSpan1950" value="root"/>
		<feat xlink:href="#sSpan1952" value="nsubj"/>
		<feat xlink:href="#sSpan1953" value="case"/>
		<feat xlink:href="#sSpan1955" value="det"/>
		<feat xlink:href="#sSpan1957" value="obl"/>
		<feat xlink:href="#sSpan1958" value="mark"/>
		<feat xlink:href="#sSpan1960" value="det"/>
		<feat xlink:href="#sSpan1962" value="nsubj"/>
		<feat xlink:href="#sSpan1963" value="advmod"/>
		<feat xlink:href="#sSpan1965" value="ccomp"/>
		<feat xlink:href="#sSpan1967" value="nsubj"/>
		<feat xlink:href="#sSpan1968" value="punct"/>
		<feat xlink:href="#sSpan1970" value="case"/>
		<feat xlink:href="#sSpan1972" value="nsubj"/>
		<feat xlink:href="#sSpan1974" value="advmod"/>
		<feat xlink:href="#sSpan1976" value="parataxis"/>
		<feat xlink:href="#sSpan1978" value="punct"/>
		<feat xlink:href="#sSpan1980" value="root"/>
		<feat xlink:href="#sSpan1983" value="obj"/>
		<feat xlink:href="#sSpan1985" value="obj"/>
		<feat xlink:href="#sSpan1986" value="advmod"/>
		<feat xlink:href="#sSpan1988" value="case"/>
		<feat xlink:href="#sSpan1990" value="det"/>
		<feat xlink:href="#sSpan1992" value="obl"/>
		<feat xlink:href="#sSpan1993" value="punct"/>
		<feat xlink:href="#sSpan1995" value="mark"/>
		<feat xlink:href="#sSpan1997" value="nsubj"/>
		<feat xlink:href="#sSpan1999" value="advcl"/>
		<feat xlink:href="#sSpan2000" value="obj"/>
		<feat xlink:href="#sSpan2002" value="advmod"/>
		<feat xlink:href="#sSpan2004" value="case"/>
		<feat xlink:href="#sSpan2006" value="det"/>
		<feat xlink:href="#sSpan2008" value="obl"/>
		<feat xlink:href="#sSpan2009" value="punct"/></featList></paula>