<?xml version='1.0' encoding='UTF-8'?><!DOCTYPE paula SYSTEM "paula_feat.dtd">
<paula version="1.1">
	<header paula_id="scriptorium.40_Matthew_09.mark_entity"/>
	<featList xmlns:xlink="http://www.w3.org/1999/xlink" type="entity" xml:base="scriptorium.40_Matthew_09.mark.xml">
		<feat xlink:href="#sSpan11" value="object"/>
		<feat xlink:href="#sSpan27" value="place"/>
		<feat xlink:href="#sSpan52" value="person"/>
		<feat xlink:href="#sSpan66" value="place"/>
		<feat xlink:href="#sSpan71" value="abstract"/>
		<feat xlink:href="#sSpan75" value="person"/>
		<feat xlink:href="#sSpan86" value="abstract"/>
		<feat xlink:href="#sSpan94" value="person"/>
		<feat xlink:href="#sSpan107" value="person"/>
		<feat xlink:href="#sSpan127" value="person"/>
		<feat xlink:href="#sSpan131" value="person"/>
		<feat xlink:href="#sSpan147" value="person"/>
		<feat xlink:href="#sSpan157" value="person"/>
		<feat xlink:href="#sSpan169" value="abstract"/>
		<feat xlink:href="#sSpan187" value="abstract"/>
		<feat xlink:href="#sSpan198" value="abstract"/>
		<feat xlink:href="#sSpan222" value="abstract"/>
		<feat xlink:href="#sSpan258" value="person"/>
		<feat xlink:href="#sSpan266" value="abstract"/>
		<feat xlink:href="#sSpan272" value="place"/>
		<feat xlink:href="#sSpan287" value="person"/>
		<feat xlink:href="#sSpan300" value="object"/>
		<feat xlink:href="#sSpan312" value="place"/>
		<feat xlink:href="#sSpan333" value="place"/>
		<feat xlink:href="#sSpan347" value="person"/>
		<feat xlink:href="#sSpan366" value="person"/>
		<feat xlink:href="#sSpan377" value="person"/>
		<feat xlink:href="#sSpan389" value="person"/>
		<feat xlink:href="#sSpan400" value="place"/>
		<feat xlink:href="#sSpan412" value="person"/>
		<feat xlink:href="#sSpan421" value="place"/>
		<feat xlink:href="#sSpan426" value="abstract"/>
		<feat xlink:href="#sSpan431" value="person"/>
		<feat xlink:href="#sSpan483" value="place"/>
		<feat xlink:href="#sSpan495" value="person"/>
		<feat xlink:href="#sSpan503" value="person"/>
		<feat xlink:href="#sSpan522" value="person"/>
		<feat xlink:href="#sSpan526" value="person"/>
		<feat xlink:href="#sSpan541" value="person"/>
		<feat xlink:href="#sSpan549" value="person"/>
		<feat xlink:href="#sSpan559" value="person"/>
		<feat xlink:href="#sSpan567" value="person"/>
		<feat xlink:href="#sSpan572" value="person"/>
		<feat xlink:href="#sSpan597" value="person"/>
		<feat xlink:href="#sSpan611" value="person"/>
		<feat xlink:href="#sSpan618" value="person"/>
		<feat xlink:href="#sSpan645" value="abstract"/>
		<feat xlink:href="#sSpan650" value="abstract"/>
		<feat xlink:href="#sSpan668" value="person"/>
		<feat xlink:href="#sSpan674" value="person"/>
		<feat xlink:href="#sSpan683" value="abstract"/>
		<feat xlink:href="#sSpan702" value="person"/>
		<feat xlink:href="#sSpan707" value="person"/>
		<feat xlink:href="#sSpan725" value="person"/>
		<feat xlink:href="#sSpan733" value="time"/>
		<feat xlink:href="#sSpan740" value="person"/>
		<feat xlink:href="#sSpan763" value="person"/>
		<feat xlink:href="#sSpan773" value="person"/>
		<feat xlink:href="#sSpan777" value="place"/>
		<feat xlink:href="#sSpan781" value="event"/>
		<feat xlink:href="#sSpan793" value="event"/>
		<feat xlink:href="#sSpan808" value="time"/>
		<feat xlink:href="#sSpan819" value="event"/>
		<feat xlink:href="#sSpan836" value="abstract"/>
		<feat xlink:href="#sSpan840" value="object"/>
		<feat xlink:href="#sSpan848" value="object"/>
		<feat xlink:href="#sSpan853" value="object"/>
		<feat xlink:href="#sSpan865" value="abstract"/>
		<feat xlink:href="#sSpan873" value="object"/>
		<feat xlink:href="#sSpan882" value="event"/>
		<feat xlink:href="#sSpan899" value="object"/>
		<feat xlink:href="#sSpan915" value="object"/>
		<feat xlink:href="#sSpan920" value="substance"/>
		<feat xlink:href="#sSpan929" value="object"/>
		<feat xlink:href="#sSpan942" value="substance"/>
		<feat xlink:href="#sSpan949" value="abstract"/>
		<feat xlink:href="#sSpan964" value="person"/>
		<feat xlink:href="#sSpan969" value="abstract"/>
		<feat xlink:href="#sSpan990" value="person"/>
		<feat xlink:href="#sSpan1020" value="person"/>
		<feat xlink:href="#sSpan1037" value="object"/>
		<feat xlink:href="#sSpan1062" value="person"/>
		<feat xlink:href="#sSpan1074" value="person"/>
		<feat xlink:href="#sSpan1082" value="person"/>
		<feat xlink:href="#sSpan1089" value="substance"/>
		<feat xlink:href="#sSpan1100" value="abstract"/>
		<feat xlink:href="#sSpan1101" value="time"/>
		<feat xlink:href="#sSpan1127" value="object"/>
		<feat xlink:href="#sSpan1132" value="object"/>
		<feat xlink:href="#sSpan1163" value="object"/>
		<feat xlink:href="#sSpan1168" value="object"/>
		<feat xlink:href="#sSpan1177" value="person"/>
		<feat xlink:href="#sSpan1208" value="abstract"/>
		<feat xlink:href="#sSpan1229" value="person"/>
		<feat xlink:href="#sSpan1234" value="abstract"/>
		<feat xlink:href="#sSpan1251" value="person"/>
		<feat xlink:href="#sSpan1257" value="place"/>
		<feat xlink:href="#sSpan1262" value="person"/>
		<feat xlink:href="#sSpan1271" value="person"/>
		<feat xlink:href="#sSpan1279" value="person"/>
		<feat xlink:href="#sSpan1300" value="abstract"/>
		<feat xlink:href="#sSpan1307" value="person"/>
		<feat xlink:href="#sSpan1356" value="person"/>
		<feat xlink:href="#sSpan1372" value="object"/>
		<feat xlink:href="#sSpan1383" value="person"/>
		<feat xlink:href="#sSpan1391" value="abstract"/>
		<feat xlink:href="#sSpan1405" value="place"/>
		<feat xlink:href="#sSpan1428" value="place"/>
		<feat xlink:href="#sSpan1436" value="person"/>
		<feat xlink:href="#sSpan1448" value="person"/>
		<feat xlink:href="#sSpan1450" value="person"/>
		<feat xlink:href="#sSpan1473" value="person"/>
		<feat xlink:href="#sSpan1480" value="person"/>
		<feat xlink:href="#sSpan1495" value="place"/>
		<feat xlink:href="#sSpan1509" value="person"/>
		<feat xlink:href="#sSpan1520" value="person"/>
		<feat xlink:href="#sSpan1538" value="abstract"/>
		<feat xlink:href="#sSpan1551" value="person"/>
		<feat xlink:href="#sSpan1565" value="object"/>
		<feat xlink:href="#sSpan1578" value="abstract"/>
		<feat xlink:href="#sSpan1599" value="object"/>
		<feat xlink:href="#sSpan1613" value="person"/>
		<feat xlink:href="#sSpan1627" value="abstract"/>
		<feat xlink:href="#sSpan1651" value="abstract"/>
		<feat xlink:href="#sSpan1656" value="place"/>
		<feat xlink:href="#sSpan1692" value="person"/>
		<feat xlink:href="#sSpan1697" value="person"/>
		<feat xlink:href="#sSpan1717" value="person"/>
		<feat xlink:href="#sSpan1726" value="person"/>
		<feat xlink:href="#sSpan1739" value="person"/>
		<feat xlink:href="#sSpan1752" value="person"/>
		<feat xlink:href="#sSpan1759" value="abstract"/>
		<feat xlink:href="#sSpan1768" value="place"/>
		<feat xlink:href="#sSpan1773" value="person"/>
		<feat xlink:href="#sSpan1789" value="object"/>
		<feat xlink:href="#sSpan1794" value="person"/>
		<feat xlink:href="#sSpan1799" value="person"/>
		<feat xlink:href="#sSpan1811" value="person"/>
		<feat xlink:href="#sSpan1825" value="person"/>
		<feat xlink:href="#sSpan1829" value="place"/>
		<feat xlink:href="#sSpan1837" value="place"/>
		<feat xlink:href="#sSpan1851" value="place"/>
		<feat xlink:href="#sSpan1866" value="abstract"/>
		<feat xlink:href="#sSpan1871" value="place"/>
		<feat xlink:href="#sSpan1887" value="abstract"/>
		<feat xlink:href="#sSpan1902" value="person"/>
		<feat xlink:href="#sSpan1936" value="animal"/>
		<feat xlink:href="#sSpan1944" value="abstract"/>
		<feat xlink:href="#sSpan1956" value="person"/>
		<feat xlink:href="#sSpan1961" value="event"/>
		<feat xlink:href="#sSpan1973" value="person"/>
		<feat xlink:href="#sSpan1984" value="object"/>
		<feat xlink:href="#sSpan1991" value="event"/>
		<feat xlink:href="#sSpan2001" value="person"/>
		<feat xlink:href="#sSpan2007" value="event"/></featList></paula>