<?xml version='1.0' encoding='UTF-8'?><!DOCTYPE paula SYSTEM "paula_feat.dtd">
<paula version="1.1">
	<header paula_id="scriptorium.40_Matthew_09.mark_text"/>
	<featList xmlns:xlink="http://www.w3.org/1999/xlink" type="text" xml:base="scriptorium.40_Matthew_09.mark.xml">
		<feat xlink:href="#sSpan11" value="ⲡ ϫⲟⲉⲓ"/>
		<feat xlink:href="#sSpan27" value="ⲧⲉϥ ⲡⲟⲗⲓⲥ"/>
		<feat xlink:href="#sSpan52" value="ⲟⲩ ⲣⲱⲙⲉ ⲉ ϥ ⲥⲏϭ"/>
		<feat xlink:href="#sSpan66" value="ⲟⲩ ⲙⲁ ⲛ ⲛⲕⲟⲧⲕ"/>
		<feat xlink:href="#sSpan71" value="ⲛⲕⲟⲧⲕ"/>
		<feat xlink:href="#sSpan75" value="ⲓⲏⲥⲟⲩⲥ"/>
		<feat xlink:href="#sSpan86" value="ⲧⲉⲩ ⲡⲓⲥⲧⲓⲥ"/>
		<feat xlink:href="#sSpan94" value="ⲡ ⲉⲧ ⲥⲏϭ"/>
		<feat xlink:href="#sSpan107" value="ⲡⲁ ϣⲏⲣⲉ ⲛⲉⲕ ⲛⲟⲃⲉ"/>
		<feat xlink:href="#sSpan127" value="ϩⲟⲓⲛⲉ ⲛ ⲛⲉ ⲅⲣⲁⲙⲙⲁⲧⲉⲩⲥ"/>
		<feat xlink:href="#sSpan131" value="ⲛⲉ ⲅⲣⲁⲙⲙⲁⲧⲉⲩⲥ"/>
		<feat xlink:href="#sSpan147" value="ⲡⲁⲓ"/>
		<feat xlink:href="#sSpan157" value="ⲓⲏⲥⲟⲩⲥ"/>
		<feat xlink:href="#sSpan169" value="ⲛⲉⲩ ⲙⲉⲉⲩⲉ"/>
		<feat xlink:href="#sSpan187" value="ϩⲉⲛ ⲡⲉⲧϩⲟⲟⲩ"/>
		<feat xlink:href="#sSpan198" value="ⲛⲉⲧⲛ ϩⲏⲧ"/>
		<feat xlink:href="#sSpan222" value="ⲛⲉⲕ ⲛⲟⲃⲉ"/>
		<feat xlink:href="#sSpan258" value="ⲡ ϣⲏⲣⲉ ⲙ ⲡ ⲣⲱⲙⲉ"/>
		<feat xlink:href="#sSpan266" value="ⲉⲝⲟⲩⲥⲓⲁ ⲉϩⲣⲁⲓ ϩⲓϫⲙ ⲡ ⲕⲁϩ ⲉ ⲕⲁⲛⲟⲃⲉ ⲉⲃⲟⲗ"/>
		<feat xlink:href="#sSpan272" value="ⲡ ⲕⲁϩ"/>
		<feat xlink:href="#sSpan287" value="ⲡ ⲉⲧ ⲥⲏϭ"/>
		<feat xlink:href="#sSpan300" value="ⲡⲉⲕ ϭⲗⲟϭ"/>
		<feat xlink:href="#sSpan312" value="ⲡⲉⲕ ⲏⲓ"/>
		<feat xlink:href="#sSpan333" value="ⲡⲉϥ ⲏⲓ"/>
		<feat xlink:href="#sSpan347" value="ⲙ ⲙⲏⲏϣⲉ"/>
		<feat xlink:href="#sSpan366" value="ⲡ ⲛⲟⲩⲧⲉ ⲡ ⲉⲛⲧ ⲁ ϥ ϯⲉⲝⲟⲩⲥⲓⲁ ⲛ ⲧⲉⲓ ⲙⲓⲛⲉ ⲛ ⲛ ⲣⲱⲙⲉ"/>
		<feat xlink:href="#sSpan377" value="ⲧⲉⲓ ⲙⲓⲛⲉ ⲛ ⲛ ⲣⲱⲙⲉ"/>
		<feat xlink:href="#sSpan389" value="ⲓⲏⲥⲟⲩⲥ"/>
		<feat xlink:href="#sSpan400" value="ⲡ ⲙⲁ ⲉⲧ ⲙⲙⲁⲩ"/>
		<feat xlink:href="#sSpan412" value="ⲩ ⲣⲱⲙⲉ ⲉ ϥ ϩⲙⲟⲟⲥ ϩⲓ ⲡⲉϥ ⲧⲉⲗⲱⲛⲓⲟⲛ ⲉ ⲡⲉϥ ⲣⲁⲛ"/>
		<feat xlink:href="#sSpan421" value="ⲡⲉϥ ⲧⲉⲗⲱⲛⲓⲟⲛ"/>
		<feat xlink:href="#sSpan426" value="ⲡⲉϥ ⲣⲁⲛ"/>
		<feat xlink:href="#sSpan431" value="ⲙⲁⲑⲑⲁⲓⲟⲥ"/>
		<feat xlink:href="#sSpan483" value="ⲡⲉϥ ⲏⲓ"/>
		<feat xlink:href="#sSpan495" value="ϩⲁϩ ⲛ ⲧⲉⲗⲱⲛⲏⲥ"/>
		<feat xlink:href="#sSpan503" value="ⲣⲉϥⲣⲛⲟⲃⲉ"/>
		<feat xlink:href="#sSpan522" value="ⲓⲏⲥⲟⲩⲥ"/>
		<feat xlink:href="#sSpan526" value="ⲛⲉϥ ⲙⲁⲑⲏⲧⲏⲥ"/>
		<feat xlink:href="#sSpan541" value="ⲛⲉ ⲫⲁⲣⲓⲥⲥⲁⲓⲟⲥ"/>
		<feat xlink:href="#sSpan549" value="ⲛⲉϥ ⲙⲁⲑⲏⲧⲏⲥ"/>
		<feat xlink:href="#sSpan559" value="ⲡⲉⲧⲛ ⲥⲁϩ"/>
		<feat xlink:href="#sSpan567" value="ⲛ ⲧⲉⲗⲱⲛⲏⲥ"/>
		<feat xlink:href="#sSpan572" value="ⲛ ⲣⲉϥⲣⲛⲟⲃⲉ"/>
		<feat xlink:href="#sSpan597" value="ⲛ ⲉⲧ ⲧⲏⲕ"/>
		<feat xlink:href="#sSpan611" value="ⲡ ⲥⲁⲉⲓⲛ"/>
		<feat xlink:href="#sSpan618" value="ⲛ ⲉⲧ ⲙⲟⲕϩ"/>
		<feat xlink:href="#sSpan645" value="ⲟⲩ ⲛⲁ"/>
		<feat xlink:href="#sSpan650" value="ⲟⲩ ⲑⲩⲥⲓⲁ . ⲛⲧ ⲁ ⲓ ⲉⲓ ⲅⲁⲣ ⲁⲛ ⲉ ⲧⲉϩⲙ ⲛ ⲇⲓⲕⲁⲓⲟⲥ . ⲁⲗⲗⲁ ⲛ ⲣⲉϥⲣⲛⲟⲃⲉ"/>
		<feat xlink:href="#sSpan668" value="ⲇⲓⲕⲁⲓⲟⲥ"/>
		<feat xlink:href="#sSpan674" value="ⲛ ⲣⲉϥⲣⲛⲟⲃⲉ"/>
		<feat xlink:href="#sSpan683" value="ⲩ ⲙⲉⲧⲁⲛⲟⲓⲁ"/>
		<feat xlink:href="#sSpan702" value="ⲙ ⲙⲁⲑⲏⲧⲏⲥ ⲛ ⲓⲱϩⲁⲛⲛⲏⲥ"/>
		<feat xlink:href="#sSpan707" value="ⲓⲱϩⲁⲛⲛⲏⲥ"/>
		<feat xlink:href="#sSpan725" value="ⲛⲉ ⲫⲁⲣⲓⲥⲥⲁⲓⲟⲥ"/>
		<feat xlink:href="#sSpan733" value="ϩⲁϩ ⲛ ⲥⲟⲡ"/>
		<feat xlink:href="#sSpan740" value="ⲛⲉⲕ ⲙⲁⲑⲏⲧⲏⲥ"/>
		<feat xlink:href="#sSpan763" value="ⲓⲏⲥⲟⲩⲥ"/>
		<feat xlink:href="#sSpan773" value="ϣⲏⲣⲉ ⲙ ⲡ ⲙⲁ"/>
		<feat xlink:href="#sSpan777" value="ⲡ ⲙⲁ"/>
		<feat xlink:href="#sSpan781" value="ⲧ ϣⲉⲗⲉⲉⲧ ⲉ ⲛⲏⲥⲧⲉⲩⲉ ⲉ ⲡ ϩⲟⲥⲟⲛ"/>
		<feat xlink:href="#sSpan793" value="ⲧ ϣⲉⲗⲉⲉⲧ"/>
		<feat xlink:href="#sSpan808" value="ϩⲉⲛ ϩⲟⲟⲩ"/>
		<feat xlink:href="#sSpan819" value="ⲧ ϣⲉⲗⲉⲉⲧ"/>
		<feat xlink:href="#sSpan836" value="ⲗⲁⲁⲩ ϩⲓ ⲟⲩ ⲧⲟⲉⲓⲥ ⲛ ϣⲁⲓ ⲉ ⲩ ϣⲧⲏⲛ ⲙ ⲡⲗϭⲉ"/>
		<feat xlink:href="#sSpan840" value="ⲟⲩ ⲧⲟⲉⲓⲥ ⲛ ϣⲁⲓ"/>
		<feat xlink:href="#sSpan848" value="ⲩ ϣⲧⲏⲛ ⲙ ⲡⲗϭⲉ"/>
		<feat xlink:href="#sSpan853" value="ⲡⲗϭⲉ"/>
		<feat xlink:href="#sSpan865" value="ⲡⲉⲥ ⲕⲱⲧⲉ ⲉⲃⲟⲗ ϩⲛ ⲧⲉ ϣⲧⲏⲛ"/>
		<feat xlink:href="#sSpan873" value="ⲧⲉ ϣⲧⲏⲛ"/>
		<feat xlink:href="#sSpan882" value="ⲟⲩ ⲛⲟϭ ⲙ ⲡⲱϩ"/>
		<feat xlink:href="#sSpan899" value="ϩⲱⲧ ⲛⲁ ⲥ"/>
		<feat xlink:href="#sSpan915" value="ⲛ ϩⲱⲧ ⲛⲧⲉ ⲡ ⲏⲣⲡ"/>
		<feat xlink:href="#sSpan920" value="ⲡ ⲏⲣⲡ"/>
		<feat xlink:href="#sSpan929" value="ⲛ ⲕⲉ ϩⲱⲧ"/>
		<feat xlink:href="#sSpan942" value="ⲏⲣⲡ ⲛ ⲃⲣⲣⲉ"/>
		<feat xlink:href="#sSpan949" value="ⲁⲥⲕⲟⲥ ⲛ ⲃⲣⲣⲉ"/>
		<feat xlink:href="#sSpan964" value="ⲡⲉ ⲥⲛⲁⲩ"/>
		<feat xlink:href="#sSpan969" value="ⲛⲁⲓ"/>
		<feat xlink:href="#sSpan990" value="ⲟⲩ ⲁⲣⲭⲱⲛ"/>
		<feat xlink:href="#sSpan1020" value="ⲧⲁ ϣⲉⲉⲣⲉ"/>
		<feat xlink:href="#sSpan1037" value="ⲧⲉⲕ ϭⲓϫ"/>
		<feat xlink:href="#sSpan1062" value="ⲓⲏⲥⲟⲩⲥ"/>
		<feat xlink:href="#sSpan1074" value="ⲛⲉϥ ⲙⲁⲑⲏⲧⲏⲥ"/>
		<feat xlink:href="#sSpan1082" value="ⲟⲩ ⲥϩⲓⲙⲉ ⲇⲉ ⲉⲣⲉ ⲡⲉ ⲥⲛⲟϥ ϣⲟⲟⲡ ϩⲁⲣⲟ ⲥ ⲙ ⲙⲛⲧⲥⲛⲟⲟⲩⲥⲉ ⲛ ⲣⲟⲙⲡⲉ"/>
		<feat xlink:href="#sSpan1089" value="ⲡⲉ ⲥⲛⲟϥ"/>
		<feat xlink:href="#sSpan1100" value="ⲙⲛⲧⲥⲛⲟⲟⲩⲥⲉ"/>
		<feat xlink:href="#sSpan1101" value="ⲙⲛⲧⲥⲛⲟⲟⲩⲥⲉ ⲛ ⲣⲟⲙⲡⲉ"/>
		<feat xlink:href="#sSpan1127" value="ⲡ ⲧⲟⲡ ⲙ ⲡⲉϥ ϩⲟⲓⲧⲉ"/>
		<feat xlink:href="#sSpan1132" value="ⲡⲉϥ ϩⲟⲓⲧⲉ"/>
		<feat xlink:href="#sSpan1163" value="ⲡ ⲧⲟⲡ ⲛ ⲧⲉϥ ϣⲧⲏⲛ"/>
		<feat xlink:href="#sSpan1168" value="ⲧⲉϥ ϣⲧⲏⲛ"/>
		<feat xlink:href="#sSpan1177" value="ⲓⲏⲥⲟⲩⲥ"/>
		<feat xlink:href="#sSpan1208" value="ⲧⲟⲩ ⲡⲓⲥⲧⲓⲥ"/>
		<feat xlink:href="#sSpan1229" value="ⲧⲉ ⲥϩⲓⲙⲉ"/>
		<feat xlink:href="#sSpan1234" value="ⲧ ⲉⲩⲛⲟⲩ ⲉⲧ ⲙⲙⲁⲩ"/>
		<feat xlink:href="#sSpan1251" value="ⲓⲏⲥⲟⲩⲥ"/>
		<feat xlink:href="#sSpan1257" value="ⲡ ⲏⲓ ⲙ ⲡ ⲁⲣⲭⲱⲛ"/>
		<feat xlink:href="#sSpan1262" value="ⲡ ⲁⲣⲭⲱⲛ"/>
		<feat xlink:href="#sSpan1271" value="ⲛ ⲣⲉϥϫⲟ"/>
		<feat xlink:href="#sSpan1279" value="ⲡ ⲙⲏⲏϣⲉ"/>
		<feat xlink:href="#sSpan1300" value="ⲡⲉ ⲥⲙⲟⲩ"/>
		<feat xlink:href="#sSpan1307" value="ⲧ ϣⲉⲉⲣⲉ ϣⲏⲙ"/>
		<feat xlink:href="#sSpan1356" value="ⲡ ⲙⲏⲏϣⲉ"/>
		<feat xlink:href="#sSpan1372" value="ⲧⲉⲥ ϭⲓϫ"/>
		<feat xlink:href="#sSpan1383" value="ⲧ ϣⲉⲉⲣⲉ ϣⲏⲙ"/>
		<feat xlink:href="#sSpan1391" value="ⲡⲉϥ ⲥⲟⲉⲓⲧ"/>
		<feat xlink:href="#sSpan1405" value="ⲡ ⲕⲁϩ ⲧⲏⲣ ϥ ⲉⲧ ⲙⲙⲁⲩ"/>
		<feat xlink:href="#sSpan1428" value="ⲡ ⲙⲁ ⲉⲧ ⲙⲙⲁⲩ"/>
		<feat xlink:href="#sSpan1436" value="ⲓⲏⲥⲟⲩⲥ"/>
		<feat xlink:href="#sSpan1448" value="ⲃⲗⲗⲉ ⲥⲛⲁⲩ"/>
		<feat xlink:href="#sSpan1450" value="ⲥⲛⲁⲩ"/>
		<feat xlink:href="#sSpan1473" value="ⲓⲏⲥⲟⲩⲥ ⲡ ϣⲏⲣⲉ ⲛ ⲇⲁⲩⲉⲓⲇ"/>
		<feat xlink:href="#sSpan1480" value="ⲇⲁⲩⲉⲓⲇ"/>
		<feat xlink:href="#sSpan1495" value="ⲡ ⲏⲓ"/>
		<feat xlink:href="#sSpan1509" value="ⲛ ⲃⲗⲗⲉ"/>
		<feat xlink:href="#sSpan1520" value="ⲓⲏⲥⲟⲩⲥ"/>
		<feat xlink:href="#sSpan1538" value="ⲡⲁⲓ"/>
		<feat xlink:href="#sSpan1551" value="ⲡ ϫⲟⲉⲓⲥ"/>
		<feat xlink:href="#sSpan1565" value="ⲛⲉⲩ ⲃⲁⲗ"/>
		<feat xlink:href="#sSpan1578" value="ⲧⲉⲧⲛ ⲡⲓⲥⲧⲓⲥ"/>
		<feat xlink:href="#sSpan1599" value="ⲛⲉⲩ ⲃⲁⲗ"/>
		<feat xlink:href="#sSpan1613" value="ⲓⲏⲥⲟⲩⲥ"/>
		<feat xlink:href="#sSpan1627" value="ⲗⲁⲁⲩ"/>
		<feat xlink:href="#sSpan1651" value="ⲡⲉϥ ⲥⲟⲉⲓⲧ"/>
		<feat xlink:href="#sSpan1656" value="ⲡ ⲕⲁϩ ⲧⲏⲣ ϥ ⲉⲧ ⲙⲙⲁⲩ"/>
		<feat xlink:href="#sSpan1692" value="ⲟⲩ ⲙⲡⲟ ⲉⲣⲉ ⲟⲩ ⲇⲁⲓⲙⲱⲛⲓⲟⲛ ϩⲓⲱⲱ ϥ"/>
		<feat xlink:href="#sSpan1697" value="ⲟⲩ ⲇⲁⲓⲙⲱⲛⲓⲟⲛ"/>
		<feat xlink:href="#sSpan1717" value="ⲡ ⲇⲁⲓⲙⲱⲛⲓⲟⲛ"/>
		<feat xlink:href="#sSpan1726" value="ⲡ ⲉⲙⲡⲟ"/>
		<feat xlink:href="#sSpan1739" value="ⲙ ⲙⲏⲏϣⲉ"/>
		<feat xlink:href="#sSpan1752" value="ⲟⲩⲟⲛ ⲛ ⲧⲉⲓ ϩⲉ"/>
		<feat xlink:href="#sSpan1759" value="ⲟⲩ ⲱⲛϩ ⲉⲃⲟⲗ ⲉⲛⲉϩ ϩⲙ"/>
		<feat xlink:href="#sSpan1768" value="ⲡ ⲓⲥⲣⲁⲏⲗ"/>
		<feat xlink:href="#sSpan1773" value="ⲛⲉ ⲫⲁⲣⲓⲥⲥⲁⲓⲟⲥ"/>
		<feat xlink:href="#sSpan1789" value="ϩⲣⲁ ⲓ"/>
		<feat xlink:href="#sSpan1794" value="ⲡ ⲁⲣⲭⲱⲛ ⲛ ⲛ ⲇⲁⲓⲙⲱⲛⲓⲟⲛ"/>
		<feat xlink:href="#sSpan1799" value="ⲛ ⲇⲁⲓⲙⲱⲛⲓⲟⲛ"/>
		<feat xlink:href="#sSpan1811" value="ⲛ ⲇⲁⲓⲙⲱⲛⲓⲟⲛ"/>
		<feat xlink:href="#sSpan1825" value="ⲓⲏⲥⲟⲩⲥ"/>
		<feat xlink:href="#sSpan1829" value="ⲙ ⲡⲟⲗⲓⲥ ⲧⲏⲣ ⲟⲩ"/>
		<feat xlink:href="#sSpan1837" value="ⲛ ϯⲙⲉ"/>
		<feat xlink:href="#sSpan1851" value="ⲛⲉⲩ ⲥⲩⲛⲁⲅⲱⲅⲏ"/>
		<feat xlink:href="#sSpan1866" value="ⲡ ⲉⲩⲁⲅⲅⲉⲗⲓⲟⲛ ⲛ ⲧ ⲙⲛⲧⲣⲣⲟ"/>
		<feat xlink:href="#sSpan1871" value="ⲧ ⲙⲛⲧⲣⲣⲟ"/>
		<feat xlink:href="#sSpan1887" value="ⲗⲟϫⲗⲉϫ ⲛⲓⲙ"/>
		<feat xlink:href="#sSpan1902" value="ⲙ ⲙⲏⲏϣⲉ"/>
		<feat xlink:href="#sSpan1936" value="ⲛⲓ ⲉⲥⲟⲟⲩ ⲉⲧⲉ ⲙⲛⲧⲟⲩ ϣⲱⲥ"/>
		<feat xlink:href="#sSpan1944" value="ϣⲱⲥ"/>
		<feat xlink:href="#sSpan1956" value="ⲛⲉϥ ⲙⲁⲑⲏⲧⲏⲥ"/>
		<feat xlink:href="#sSpan1961" value="ⲡ ⲱϩⲥ"/>
		<feat xlink:href="#sSpan1973" value="ⲉⲣⲅⲁⲧⲏⲥ"/>
		<feat xlink:href="#sSpan1984" value="ϫⲟⲉⲓ ⲥ ϭⲉ ⲙ ⲡ ⲱϩⲥ"/>
		<feat xlink:href="#sSpan1991" value="ⲡ ⲱϩⲥ"/>
		<feat xlink:href="#sSpan2001" value="ⲉⲣⲅⲁⲧⲏⲥ"/>
		<feat xlink:href="#sSpan2007" value="ⲡⲉϥ ⲱϩⲥ"/></featList></paula>