<?xml version='1.0' encoding='UTF-8'?><!DOCTYPE paula SYSTEM "paula_feat.dtd">
<paula version="1.1">
	<header paula_id="scriptorium.40_Matthew_09.mark_pos"/>
	<featList xmlns:xlink="http://www.w3.org/1999/xlink" type="pos" xml:base="scriptorium.40_Matthew_09.mark.xml">
		<feat xlink:href="#sSpan1" value="APST"/>
		<feat xlink:href="#sSpan4" value="PPERS"/>
		<feat xlink:href="#sSpan5" value="V"/>
		<feat xlink:href="#sSpan6" value="PTC"/>
		<feat xlink:href="#sSpan8" value="PREP"/>
		<feat xlink:href="#sSpan10" value="ART"/>
		<feat xlink:href="#sSpan12" value="N"/>
		<feat xlink:href="#sSpan13" value="APST"/>
		<feat xlink:href="#sSpan15" value="PPERS"/>
		<feat xlink:href="#sSpan16" value="V"/>
		<feat xlink:href="#sSpan17" value="APST"/>
		<feat xlink:href="#sSpan19" value="PPERS"/>
		<feat xlink:href="#sSpan20" value="V"/>
		<feat xlink:href="#sSpan22" value="ADV"/>
		<feat xlink:href="#sSpan24" value="PREP"/>
		<feat xlink:href="#sSpan26" value="PPOS"/>
		<feat xlink:href="#sSpan28" value="N"/>
		<feat xlink:href="#sSpan29" value="IMOD"/>
		<feat xlink:href="#sSpan31" value="PPERO"/>
		<feat xlink:href="#sSpan32" value="PUNCT"/>
		<feat xlink:href="#sSpan34" value="CONJ"/>
		<feat xlink:href="#sSpan37" value="PTC"/>
		<feat xlink:href="#sSpan40" value="PTC"/>
		<feat xlink:href="#sSpan42" value="APST"/>
		<feat xlink:href="#sSpan44" value="PPERS"/>
		<feat xlink:href="#sSpan45" value="V"/>
		<feat xlink:href="#sSpan46" value="PREP"/>
		<feat xlink:href="#sSpan48" value="PPERO"/>
		<feat xlink:href="#sSpan49" value="PREP"/>
		<feat xlink:href="#sSpan51" value="ART"/>
		<feat xlink:href="#sSpan53" value="N"/>
		<feat xlink:href="#sSpan54" value="CCIRC"/>
		<feat xlink:href="#sSpan56" value="PPERS"/>
		<feat xlink:href="#sSpan57" value="VSTAT"/>
		<feat xlink:href="#sSpan58" value="CCIRC"/>
		<feat xlink:href="#sSpan60" value="PPERS"/>
		<feat xlink:href="#sSpan61" value="VSTAT"/>
		<feat xlink:href="#sSpan63" value="PREP"/>
		<feat xlink:href="#sSpan65" value="ART"/>
		<feat xlink:href="#sSpan67" value="N"/>
		<feat xlink:href="#sSpan68" value="PREP"/>
		<feat xlink:href="#sSpan70" value="N"/>
		<feat xlink:href="#sSpan72" value="PUNCT"/>
		<feat xlink:href="#sSpan74" value="NPROP"/>
		<feat xlink:href="#sSpan77" value="PTC"/>
		<feat xlink:href="#sSpan79" value="APREC"/>
		<feat xlink:href="#sSpan81" value="PPERS"/>
		<feat xlink:href="#sSpan82" value="V"/>
		<feat xlink:href="#sSpan83" value="PREP"/>
		<feat xlink:href="#sSpan85" value="PPOS"/>
		<feat xlink:href="#sSpan87" value="N"/>
		<feat xlink:href="#sSpan88" value="VBD"/>
		<feat xlink:href="#sSpan90" value="PPERS"/>
		<feat xlink:href="#sSpan91" value="PREP"/>
		<feat xlink:href="#sSpan93" value="ART"/>
		<feat xlink:href="#sSpan95" value="CREL"/>
		<feat xlink:href="#sSpan96" value="VSTAT"/>
		<feat xlink:href="#sSpan97" value="PUNCT"/>
		<feat xlink:href="#sSpan99" value="CONJ"/>
		<feat xlink:href="#sSpan101" value="V"/>
		<feat xlink:href="#sSpan102" value="PREP"/>
		<feat xlink:href="#sSpan104" value="PPERO"/>
		<feat xlink:href="#sSpan105" value="PPOS"/>
		<feat xlink:href="#sSpan108" value="N"/>
		<feat xlink:href="#sSpan109" value="PPOS"/>
		<feat xlink:href="#sSpan111" value="N"/>
		<feat xlink:href="#sSpan112" value="VSTAT"/>
		<feat xlink:href="#sSpan114" value="PREP"/>
		<feat xlink:href="#sSpan116" value="PPERO"/>
		<feat xlink:href="#sSpan117" value="ADV"/>
		<feat xlink:href="#sSpan119" value="PUNCT"/>
		<feat xlink:href="#sSpan121" value="CONJ"/>
		<feat xlink:href="#sSpan124" value="PTC"/>
		<feat xlink:href="#sSpan126" value="N"/>
		<feat xlink:href="#sSpan128" value="PREP"/>
		<feat xlink:href="#sSpan130" value="ART"/>
		<feat xlink:href="#sSpan132" value="N"/>
		<feat xlink:href="#sSpan133" value="VBD"/>
		<feat xlink:href="#sSpan135" value="PPERS"/>
		<feat xlink:href="#sSpan136" value="ADV"/>
		<feat xlink:href="#sSpan139" value="PREP"/>
		<feat xlink:href="#sSpan141" value="PPERO"/>
		<feat xlink:href="#sSpan142" value="PUNCT"/>
		<feat xlink:href="#sSpan144" value="CONJ"/>
		<feat xlink:href="#sSpan146" value="PDEM"/>
		<feat xlink:href="#sSpan148" value="CCIRC"/>
		<feat xlink:href="#sSpan150" value="PPERS"/>
		<feat xlink:href="#sSpan152" value="V"/>
		<feat xlink:href="#sSpan154" value="PUNCT"/>
		<feat xlink:href="#sSpan156" value="NPROP"/>
		<feat xlink:href="#sSpan160" value="PTC"/>
		<feat xlink:href="#sSpan162" value="CCIRC"/>
		<feat xlink:href="#sSpan164" value="PPERS"/>
		<feat xlink:href="#sSpan165" value="V"/>
		<feat xlink:href="#sSpan166" value="PREP"/>
		<feat xlink:href="#sSpan168" value="PPOS"/>
		<feat xlink:href="#sSpan170" value="N"/>
		<feat xlink:href="#sSpan171" value="VBD"/>
		<feat xlink:href="#sSpan173" value="PPERS"/>
		<feat xlink:href="#sSpan174" value="PREP"/>
		<feat xlink:href="#sSpan176" value="PPERO"/>
		<feat xlink:href="#sSpan177" value="CONJ"/>
		<feat xlink:href="#sSpan179" value="VBD"/>
		<feat xlink:href="#sSpan180" value="PPERS"/>
		<feat xlink:href="#sSpan181" value="PPERS"/>
		<feat xlink:href="#sSpan183" value="V"/>
		<feat xlink:href="#sSpan184" value="PREP"/>
		<feat xlink:href="#sSpan186" value="ART"/>
		<feat xlink:href="#sSpan189" value="N"/>
		<feat xlink:href="#sSpan192" value="ADV"/>
		<feat xlink:href="#sSpan195" value="PREP"/>
		<feat xlink:href="#sSpan197" value="PPOS"/>
		<feat xlink:href="#sSpan199" value="N"/>
		<feat xlink:href="#sSpan200" value="PUNCT"/>
		<feat xlink:href="#sSpan202" value="PINT"/>
		<feat xlink:href="#sSpan205" value="PTC"/>
		<feat xlink:href="#sSpan207" value="COP"/>
		<feat xlink:href="#sSpan209" value="CREL"/>
		<feat xlink:href="#sSpan210" value="VSTAT"/>
		<feat xlink:href="#sSpan211" value="PUNCT"/>
		<feat xlink:href="#sSpan213" value="PREP"/>
		<feat xlink:href="#sSpan215" value="V"/>
		<feat xlink:href="#sSpan216" value="PPERO"/>
		<feat xlink:href="#sSpan217" value="COP"/>
		<feat xlink:href="#sSpan219" value="CONJ"/>
		<feat xlink:href="#sSpan221" value="PPOS"/>
		<feat xlink:href="#sSpan223" value="N"/>
		<feat xlink:href="#sSpan224" value="VSTAT"/>
		<feat xlink:href="#sSpan226" value="PREP"/>
		<feat xlink:href="#sSpan228" value="PPERO"/>
		<feat xlink:href="#sSpan229" value="ADV"/>
		<feat xlink:href="#sSpan231" value="CONJ"/>
		<feat xlink:href="#sSpan233" value="V"/>
		<feat xlink:href="#sSpan234" value="PPERO"/>
		<feat xlink:href="#sSpan235" value="COP"/>
		<feat xlink:href="#sSpan237" value="CONJ"/>
		<feat xlink:href="#sSpan239" value="V"/>
		<feat xlink:href="#sSpan240" value="ACONJ"/>
		<feat xlink:href="#sSpan242" value="PPERS"/>
		<feat xlink:href="#sSpan243" value="V"/>
		<feat xlink:href="#sSpan244" value="PUNCT"/>
		<feat xlink:href="#sSpan246" value="CONJ"/>
		<feat xlink:href="#sSpan249" value="PTC"/>
		<feat xlink:href="#sSpan251" value="AOPT_PPERS"/>
		<feat xlink:href="#sSpan253" value="V"/>
		<feat xlink:href="#sSpan254" value="CONJ"/>
		<feat xlink:href="#sSpan256" value="EXIST"/>
		<feat xlink:href="#sSpan257" value="ART"/>
		<feat xlink:href="#sSpan259" value="N"/>
		<feat xlink:href="#sSpan260" value="PREP"/>
		<feat xlink:href="#sSpan262" value="ART"/>
		<feat xlink:href="#sSpan263" value="N"/>
		<feat xlink:href="#sSpan264" value="N"/>
		<feat xlink:href="#sSpan267" value="ADV"/>
		<feat xlink:href="#sSpan269" value="PREP"/>
		<feat xlink:href="#sSpan271" value="ART"/>
		<feat xlink:href="#sSpan273" value="N"/>
		<feat xlink:href="#sSpan274" value="PREP"/>
		<feat xlink:href="#sSpan276" value="V"/>
		<feat xlink:href="#sSpan277" value="ADV"/>
		<feat xlink:href="#sSpan279" value="ADV"/>
		<feat xlink:href="#sSpan281" value="VBD"/>
		<feat xlink:href="#sSpan283" value="PPERS"/>
		<feat xlink:href="#sSpan284" value="PREP"/>
		<feat xlink:href="#sSpan286" value="ART"/>
		<feat xlink:href="#sSpan288" value="CREL"/>
		<feat xlink:href="#sSpan289" value="VSTAT"/>
		<feat xlink:href="#sSpan290" value="CONJ"/>
		<feat xlink:href="#sSpan292" value="V"/>
		<feat xlink:href="#sSpan293" value="ACONJ"/>
		<feat xlink:href="#sSpan295" value="PPERS"/>
		<feat xlink:href="#sSpan296" value="V"/>
		<feat xlink:href="#sSpan297" value="PREP"/>
		<feat xlink:href="#sSpan299" value="PPOS"/>
		<feat xlink:href="#sSpan301" value="N"/>
		<feat xlink:href="#sSpan302" value="ACONJ"/>
		<feat xlink:href="#sSpan304" value="PPERS"/>
		<feat xlink:href="#sSpan305" value="V"/>
		<feat xlink:href="#sSpan307" value="ADV"/>
		<feat xlink:href="#sSpan309" value="PREP"/>
		<feat xlink:href="#sSpan311" value="PPOS"/>
		<feat xlink:href="#sSpan313" value="N"/>
		<feat xlink:href="#sSpan314" value="PUNCT"/>
		<feat xlink:href="#sSpan316" value="APST"/>
		<feat xlink:href="#sSpan319" value="PPERS"/>
		<feat xlink:href="#sSpan320" value="V"/>
		<feat xlink:href="#sSpan321" value="PTC"/>
		<feat xlink:href="#sSpan323" value="APST"/>
		<feat xlink:href="#sSpan325" value="PPERS"/>
		<feat xlink:href="#sSpan326" value="V"/>
		<feat xlink:href="#sSpan328" value="ADV"/>
		<feat xlink:href="#sSpan330" value="PREP"/>
		<feat xlink:href="#sSpan332" value="PPOS"/>
		<feat xlink:href="#sSpan334" value="N"/>
		<feat xlink:href="#sSpan335" value="PUNCT"/>
		<feat xlink:href="#sSpan337" value="APST"/>
		<feat xlink:href="#sSpan340" value="PPERS"/>
		<feat xlink:href="#sSpan341" value="V"/>
		<feat xlink:href="#sSpan342" value="PTC"/>
		<feat xlink:href="#sSpan344" value="PTC"/>
		<feat xlink:href="#sSpan346" value="ART"/>
		<feat xlink:href="#sSpan348" value="N"/>
		<feat xlink:href="#sSpan349" value="APST"/>
		<feat xlink:href="#sSpan351" value="PPERS"/>
		<feat xlink:href="#sSpan353" value="V"/>
		<feat xlink:href="#sSpan355" value="CONJ"/>
		<feat xlink:href="#sSpan357" value="APST"/>
		<feat xlink:href="#sSpan359" value="PPERS"/>
		<feat xlink:href="#sSpan361" value="V"/>
		<feat xlink:href="#sSpan363" value="PREP"/>
		<feat xlink:href="#sSpan365" value="ART"/>
		<feat xlink:href="#sSpan367" value="N"/>
		<feat xlink:href="#sSpan368" value="COP"/>
		<feat xlink:href="#sSpan370" value="CREL"/>
		<feat xlink:href="#sSpan371" value="APST"/>
		<feat xlink:href="#sSpan372" value="PPERS"/>
		<feat xlink:href="#sSpan373" value="V"/>
		<feat xlink:href="#sSpan374" value="PREP"/>
		<feat xlink:href="#sSpan376" value="PDEM"/>
		<feat xlink:href="#sSpan378" value="N"/>
		<feat xlink:href="#sSpan379" value="PREP"/>
		<feat xlink:href="#sSpan381" value="ART"/>
		<feat xlink:href="#sSpan382" value="N"/>
		<feat xlink:href="#sSpan383" value="PUNCT"/>
		<feat xlink:href="#sSpan385" value="APREC"/>
		<feat xlink:href="#sSpan388" value="NPROP"/>
		<feat xlink:href="#sSpan390" value="PTC"/>
		<feat xlink:href="#sSpan392" value="V"/>
		<feat xlink:href="#sSpan394" value="ADV"/>
		<feat xlink:href="#sSpan397" value="PREP"/>
		<feat xlink:href="#sSpan399" value="ART"/>
		<feat xlink:href="#sSpan401" value="N"/>
		<feat xlink:href="#sSpan402" value="CREL"/>
		<feat xlink:href="#sSpan404" value="ADV"/>
		<feat xlink:href="#sSpan405" value="APST"/>
		<feat xlink:href="#sSpan407" value="PPERS"/>
		<feat xlink:href="#sSpan408" value="V"/>
		<feat xlink:href="#sSpan409" value="PREP"/>
		<feat xlink:href="#sSpan411" value="ART"/>
		<feat xlink:href="#sSpan413" value="N"/>
		<feat xlink:href="#sSpan414" value="CCIRC"/>
		<feat xlink:href="#sSpan416" value="PPERS"/>
		<feat xlink:href="#sSpan417" value="V"/>
		<feat xlink:href="#sSpan418" value="PREP"/>
		<feat xlink:href="#sSpan420" value="PPOS"/>
		<feat xlink:href="#sSpan422" value="N"/>
		<feat xlink:href="#sSpan423" value="PREP"/>
		<feat xlink:href="#sSpan425" value="PPOS"/>
		<feat xlink:href="#sSpan427" value="N"/>
		<feat xlink:href="#sSpan428" value="COP"/>
		<feat xlink:href="#sSpan430" value="NPROP"/>
		<feat xlink:href="#sSpan433" value="PUNCT"/>
		<feat xlink:href="#sSpan435" value="VBD"/>
		<feat xlink:href="#sSpan437" value="PPERS"/>
		<feat xlink:href="#sSpan438" value="PREP"/>
		<feat xlink:href="#sSpan440" value="PPERO"/>
		<feat xlink:href="#sSpan441" value="CONJ"/>
		<feat xlink:href="#sSpan443" value="V"/>
		<feat xlink:href="#sSpan444" value="PPERO"/>
		<feat xlink:href="#sSpan445" value="PREP"/>
		<feat xlink:href="#sSpan447" value="PPERO"/>
		<feat xlink:href="#sSpan448" value="PUNCT"/>
		<feat xlink:href="#sSpan450" value="APST"/>
		<feat xlink:href="#sSpan452" value="PPERS"/>
		<feat xlink:href="#sSpan453" value="V"/>
		<feat xlink:href="#sSpan454" value="PTC"/>
		<feat xlink:href="#sSpan456" value="APST"/>
		<feat xlink:href="#sSpan458" value="PPERS"/>
		<feat xlink:href="#sSpan459" value="V"/>
		<feat xlink:href="#sSpan460" value="PPERO"/>
		<feat xlink:href="#sSpan461" value="PREP"/>
		<feat xlink:href="#sSpan463" value="PPERO"/>
		<feat xlink:href="#sSpan464" value="PUNCT"/>
		<feat xlink:href="#sSpan466" value="APST"/>
		<feat xlink:href="#sSpan469" value="PPERS"/>
		<feat xlink:href="#sSpan470" value="V"/>
		<feat xlink:href="#sSpan471" value="PTC"/>
		<feat xlink:href="#sSpan473" value="CCIRC"/>
		<feat xlink:href="#sSpan475" value="PPERS"/>
		<feat xlink:href="#sSpan476" value="VSTAT"/>
		<feat xlink:href="#sSpan477" value="ADV"/>
		<feat xlink:href="#sSpan480" value="PREP"/>
		<feat xlink:href="#sSpan482" value="PPOS"/>
		<feat xlink:href="#sSpan484" value="N"/>
		<feat xlink:href="#sSpan485" value="PTC"/>
		<feat xlink:href="#sSpan488" value="PTC"/>
		<feat xlink:href="#sSpan490" value="CPRET"/>
		<feat xlink:href="#sSpan492" value="PPERS"/>
		<feat xlink:href="#sSpan493" value="PREP"/>
		<feat xlink:href="#sSpan494" value="N"/>
		<feat xlink:href="#sSpan496" value="PREP"/>
		<feat xlink:href="#sSpan498" value="N"/>
		<feat xlink:href="#sSpan499" value="PREP"/>
		<feat xlink:href="#sSpan502" value="N"/>
		<feat xlink:href="#sSpan506" value="CCIRC"/>
		<feat xlink:href="#sSpan508" value="PPERS"/>
		<feat xlink:href="#sSpan509" value="VSTAT"/>
		<feat xlink:href="#sSpan511" value="CCIRC"/>
		<feat xlink:href="#sSpan513" value="PPERS"/>
		<feat xlink:href="#sSpan514" value="V"/>
		<feat xlink:href="#sSpan516" value="PREP"/>
		<feat xlink:href="#sSpan518" value="PPERO"/>
		<feat xlink:href="#sSpan519" value="PREP"/>
		<feat xlink:href="#sSpan521" value="NPROP"/>
		<feat xlink:href="#sSpan523" value="CONJ"/>
		<feat xlink:href="#sSpan525" value="PPOS"/>
		<feat xlink:href="#sSpan528" value="N"/>
		<feat xlink:href="#sSpan529" value="PUNCT"/>
		<feat xlink:href="#sSpan531" value="APST"/>
		<feat xlink:href="#sSpan534" value="PPERS"/>
		<feat xlink:href="#sSpan535" value="V"/>
		<feat xlink:href="#sSpan536" value="PTC"/>
		<feat xlink:href="#sSpan538" value="PTC"/>
		<feat xlink:href="#sSpan540" value="ART"/>
		<feat xlink:href="#sSpan542" value="N"/>
		<feat xlink:href="#sSpan543" value="VBD"/>
		<feat xlink:href="#sSpan545" value="PPERS"/>
		<feat xlink:href="#sSpan546" value="PREP"/>
		<feat xlink:href="#sSpan548" value="PPOS"/>
		<feat xlink:href="#sSpan550" value="N"/>
		<feat xlink:href="#sSpan551" value="PUNCT"/>
		<feat xlink:href="#sSpan553" value="CONJ"/>
		<feat xlink:href="#sSpan555" value="PREP"/>
		<feat xlink:href="#sSpan557" value="PINT"/>
		<feat xlink:href="#sSpan558" value="PPOS"/>
		<feat xlink:href="#sSpan561" value="N"/>
		<feat xlink:href="#sSpan562" value="V"/>
		<feat xlink:href="#sSpan564" value="PREP"/>
		<feat xlink:href="#sSpan566" value="ART"/>
		<feat xlink:href="#sSpan568" value="N"/>
		<feat xlink:href="#sSpan569" value="CONJ"/>
		<feat xlink:href="#sSpan571" value="ART"/>
		<feat xlink:href="#sSpan575" value="N"/>
		<feat xlink:href="#sSpan578" value="PUNCT"/>
		<feat xlink:href="#sSpan580" value="PPERI"/>
		<feat xlink:href="#sSpan583" value="PTC"/>
		<feat xlink:href="#sSpan585" value="APST"/>
		<feat xlink:href="#sSpan587" value="PPERS"/>
		<feat xlink:href="#sSpan588" value="V"/>
		<feat xlink:href="#sSpan589" value="VBD"/>
		<feat xlink:href="#sSpan591" value="PPERS"/>
		<feat xlink:href="#sSpan592" value="PUNCT"/>
		<feat xlink:href="#sSpan594" value="CONJ"/>
		<feat xlink:href="#sSpan596" value="ART"/>
		<feat xlink:href="#sSpan598" value="CREL"/>
		<feat xlink:href="#sSpan599" value="VSTAT"/>
		<feat xlink:href="#sSpan600" value="NEG"/>
		<feat xlink:href="#sSpan602" value="COP"/>
		<feat xlink:href="#sSpan604" value="CREL"/>
		<feat xlink:href="#sSpan606" value="V"/>
		<feat xlink:href="#sSpan608" value="PREP"/>
		<feat xlink:href="#sSpan610" value="ART"/>
		<feat xlink:href="#sSpan612" value="N"/>
		<feat xlink:href="#sSpan613" value="PUNCT"/>
		<feat xlink:href="#sSpan615" value="CONJ"/>
		<feat xlink:href="#sSpan617" value="ART"/>
		<feat xlink:href="#sSpan620" value="CREL"/>
		<feat xlink:href="#sSpan621" value="VSTAT"/>
		<feat xlink:href="#sSpan622" value="COP"/>
		<feat xlink:href="#sSpan624" value="PUNCT"/>
		<feat xlink:href="#sSpan626" value="V"/>
		<feat xlink:href="#sSpan629" value="PTC"/>
		<feat xlink:href="#sSpan631" value="NEG"/>
		<feat xlink:href="#sSpan633" value="PPERS"/>
		<feat xlink:href="#sSpan634" value="V"/>
		<feat xlink:href="#sSpan635" value="CONJ"/>
		<feat xlink:href="#sSpan637" value="PINT"/>
		<feat xlink:href="#sSpan638" value="COP"/>
		<feat xlink:href="#sSpan640" value="CCIRC"/>
		<feat xlink:href="#sSpan642" value="PPERS"/>
		<feat xlink:href="#sSpan643" value="V"/>
		<feat xlink:href="#sSpan644" value="ART"/>
		<feat xlink:href="#sSpan646" value="N"/>
		<feat xlink:href="#sSpan647" value="PREP"/>
		<feat xlink:href="#sSpan649" value="ART"/>
		<feat xlink:href="#sSpan651" value="N"/>
		<feat xlink:href="#sSpan652" value="PUNCT"/>
		<feat xlink:href="#sSpan654" value="CREL"/>
		<feat xlink:href="#sSpan656" value="APST"/>
		<feat xlink:href="#sSpan657" value="PPERS"/>
		<feat xlink:href="#sSpan658" value="V"/>
		<feat xlink:href="#sSpan659" value="PTC"/>
		<feat xlink:href="#sSpan661" value="NEG"/>
		<feat xlink:href="#sSpan663" value="PREP"/>
		<feat xlink:href="#sSpan665" value="V"/>
		<feat xlink:href="#sSpan666" value="PREP"/>
		<feat xlink:href="#sSpan667" value="N"/>
		<feat xlink:href="#sSpan669" value="PUNCT"/>
		<feat xlink:href="#sSpan671" value="CONJ"/>
		<feat xlink:href="#sSpan673" value="ART"/>
		<feat xlink:href="#sSpan677" value="N"/>
		<feat xlink:href="#sSpan680" value="PREP"/>
		<feat xlink:href="#sSpan682" value="ART"/>
		<feat xlink:href="#sSpan684" value="N"/>
		<feat xlink:href="#sSpan685" value="PUNCT"/>
		<feat xlink:href="#sSpan687" value="ADV"/>
		<feat xlink:href="#sSpan690" value="APST"/>
		<feat xlink:href="#sSpan692" value="PPERS"/>
		<feat xlink:href="#sSpan693" value="V"/>
		<feat xlink:href="#sSpan694" value="PPOS"/>
		<feat xlink:href="#sSpan695" value="N"/>
		<feat xlink:href="#sSpan696" value="PREP"/>
		<feat xlink:href="#sSpan698" value="PPERO"/>
		<feat xlink:href="#sSpan699" value="PTC"/>
		<feat xlink:href="#sSpan701" value="ART"/>
		<feat xlink:href="#sSpan703" value="N"/>
		<feat xlink:href="#sSpan704" value="PREP"/>
		<feat xlink:href="#sSpan706" value="NPROP"/>
		<feat xlink:href="#sSpan708" value="CCIRC"/>
		<feat xlink:href="#sSpan710" value="PPERS"/>
		<feat xlink:href="#sSpan711" value="V"/>
		<feat xlink:href="#sSpan712" value="PREP"/>
		<feat xlink:href="#sSpan714" value="PPERO"/>
		<feat xlink:href="#sSpan715" value="CONJ"/>
		<feat xlink:href="#sSpan717" value="PREP"/>
		<feat xlink:href="#sSpan719" value="PINT"/>
		<feat xlink:href="#sSpan720" value="PPERI"/>
		<feat xlink:href="#sSpan722" value="PREP"/>
		<feat xlink:href="#sSpan724" value="ART"/>
		<feat xlink:href="#sSpan726" value="N"/>
		<feat xlink:href="#sSpan727" value="PPERS"/>
		<feat xlink:href="#sSpan729" value="V"/>
		<feat xlink:href="#sSpan730" value="PREP"/>
		<feat xlink:href="#sSpan732" value="N"/>
		<feat xlink:href="#sSpan734" value="PREP"/>
		<feat xlink:href="#sSpan736" value="N"/>
		<feat xlink:href="#sSpan737" value="PUNCT"/>
		<feat xlink:href="#sSpan739" value="PPOS"/>
		<feat xlink:href="#sSpan742" value="N"/>
		<feat xlink:href="#sSpan743" value="PTC"/>
		<feat xlink:href="#sSpan745" value="ACONJ"/>
		<feat xlink:href="#sSpan747" value="PPERS"/>
		<feat xlink:href="#sSpan748" value="V"/>
		<feat xlink:href="#sSpan749" value="NEG"/>
		<feat xlink:href="#sSpan751" value="PUNCT"/>
		<feat xlink:href="#sSpan753" value="VBD"/>
		<feat xlink:href="#sSpan756" value="PPERS"/>
		<feat xlink:href="#sSpan757" value="PREP"/>
		<feat xlink:href="#sSpan759" value="PPERO"/>
		<feat xlink:href="#sSpan760" value="PTC"/>
		<feat xlink:href="#sSpan762" value="NPROP"/>
		<feat xlink:href="#sSpan764" value="CONJ"/>
		<feat xlink:href="#sSpan766" value="CONJ"/>
		<feat xlink:href="#sSpan767" value="EXIST"/>
		<feat xlink:href="#sSpan769" value="N"/>
		<feat xlink:href="#sSpan770" value="ANEGOPT"/>
		<feat xlink:href="#sSpan772" value="N"/>
		<feat xlink:href="#sSpan774" value="PREP"/>
		<feat xlink:href="#sSpan776" value="ART"/>
		<feat xlink:href="#sSpan778" value="N"/>
		<feat xlink:href="#sSpan779" value="ART"/>
		<feat xlink:href="#sSpan782" value="N"/>
		<feat xlink:href="#sSpan783" value="PREP"/>
		<feat xlink:href="#sSpan785" value="V"/>
		<feat xlink:href="#sSpan786" value="PREP"/>
		<feat xlink:href="#sSpan788" value="ART"/>
		<feat xlink:href="#sSpan789" value="N"/>
		<feat xlink:href="#sSpan790" value="PPOS"/>
		<feat xlink:href="#sSpan792" value="ART"/>
		<feat xlink:href="#sSpan794" value="N"/>
		<feat xlink:href="#sSpan795" value="VSTAT"/>
		<feat xlink:href="#sSpan797" value="PREP"/>
		<feat xlink:href="#sSpan799" value="PPERO"/>
		<feat xlink:href="#sSpan800" value="PPERS"/>
		<feat xlink:href="#sSpan802" value="VSTAT"/>
		<feat xlink:href="#sSpan803" value="PTC"/>
		<feat xlink:href="#sSpan805" value="PTC"/>
		<feat xlink:href="#sSpan807" value="ART"/>
		<feat xlink:href="#sSpan809" value="N"/>
		<feat xlink:href="#sSpan810" value="CONJ"/>
		<feat xlink:href="#sSpan812" value="ACOND_PPERS"/>
		<feat xlink:href="#sSpan814" value="V"/>
		<feat xlink:href="#sSpan815" value="PREP"/>
		<feat xlink:href="#sSpan817" value="PPOS"/>
		<feat xlink:href="#sSpan818" value="ART"/>
		<feat xlink:href="#sSpan820" value="N"/>
		<feat xlink:href="#sSpan821" value="PREP"/>
		<feat xlink:href="#sSpan823" value="PPERO"/>
		<feat xlink:href="#sSpan824" value="ADV"/>
		<feat xlink:href="#sSpan826" value="PPERS"/>
		<feat xlink:href="#sSpan828" value="FUT"/>
		<feat xlink:href="#sSpan829" value="V"/>
		<feat xlink:href="#sSpan830" value="PUNCT"/>
		<feat xlink:href="#sSpan832" value="ANEGAOR"/>
		<feat xlink:href="#sSpan835" value="N"/>
		<feat xlink:href="#sSpan837" value="PREP"/>
		<feat xlink:href="#sSpan839" value="ART"/>
		<feat xlink:href="#sSpan841" value="N"/>
		<feat xlink:href="#sSpan842" value="PREP"/>
		<feat xlink:href="#sSpan844" value="N"/>
		<feat xlink:href="#sSpan845" value="PREP"/>
		<feat xlink:href="#sSpan847" value="ART"/>
		<feat xlink:href="#sSpan849" value="N"/>
		<feat xlink:href="#sSpan850" value="PREP"/>
		<feat xlink:href="#sSpan852" value="N"/>
		<feat xlink:href="#sSpan854" value="PUNCT"/>
		<feat xlink:href="#sSpan856" value="PPERS"/>
		<feat xlink:href="#sSpan858" value="FUT"/>
		<feat xlink:href="#sSpan859" value="V"/>
		<feat xlink:href="#sSpan860" value="PTC"/>
		<feat xlink:href="#sSpan862" value="PREP"/>
		<feat xlink:href="#sSpan864" value="PPOS"/>
		<feat xlink:href="#sSpan866" value="N"/>
		<feat xlink:href="#sSpan868" value="ADV"/>
		<feat xlink:href="#sSpan870" value="PREP"/>
		<feat xlink:href="#sSpan872" value="ART"/>
		<feat xlink:href="#sSpan874" value="N"/>
		<feat xlink:href="#sSpan875" value="ACONJ"/>
		<feat xlink:href="#sSpan877" value="PPERS"/>
		<feat xlink:href="#sSpan878" value="V"/>
		<feat xlink:href="#sSpan879" value="PTC"/>
		<feat xlink:href="#sSpan881" value="ART"/>
		<feat xlink:href="#sSpan883" value="N"/>
		<feat xlink:href="#sSpan884" value="PREP"/>
		<feat xlink:href="#sSpan886" value="N"/>
		<feat xlink:href="#sSpan887" value="PUNCT"/>
		<feat xlink:href="#sSpan889" value="CONJ"/>
		<feat xlink:href="#sSpan892" value="ANEGAOR"/>
		<feat xlink:href="#sSpan894" value="PPERS"/>
		<feat xlink:href="#sSpan895" value="V"/>
		<feat xlink:href="#sSpan896" value="PREP"/>
		<feat xlink:href="#sSpan898" value="N"/>
		<feat xlink:href="#sSpan900" value="PREP"/>
		<feat xlink:href="#sSpan902" value="PPERO"/>
		<feat xlink:href="#sSpan903" value="CONJ"/>
		<feat xlink:href="#sSpan906" value="PTC"/>
		<feat xlink:href="#sSpan908" value="AAOR"/>
		<feat xlink:href="#sSpan910" value="PPERS"/>
		<feat xlink:href="#sSpan911" value="V"/>
		<feat xlink:href="#sSpan912" value="PTC"/>
		<feat xlink:href="#sSpan914" value="ART"/>
		<feat xlink:href="#sSpan916" value="N"/>
		<feat xlink:href="#sSpan917" value="PREP"/>
		<feat xlink:href="#sSpan919" value="ART"/>
		<feat xlink:href="#sSpan921" value="N"/>
		<feat xlink:href="#sSpan922" value="V"/>
		<feat xlink:href="#sSpan924" value="ADV"/>
		<feat xlink:href="#sSpan926" value="PREP"/>
		<feat xlink:href="#sSpan928" value="ART"/>
		<feat xlink:href="#sSpan930" value="ART"/>
		<feat xlink:href="#sSpan931" value="N"/>
		<feat xlink:href="#sSpan932" value="V"/>
		<feat xlink:href="#sSpan934" value="CONJ"/>
		<feat xlink:href="#sSpan936" value="NEG"/>
		<feat xlink:href="#sSpan938" value="AAOR"/>
		<feat xlink:href="#sSpan939" value="PPERS"/>
		<feat xlink:href="#sSpan940" value="V"/>
		<feat xlink:href="#sSpan941" value="N"/>
		<feat xlink:href="#sSpan943" value="PREP"/>
		<feat xlink:href="#sSpan945" value="N"/>
		<feat xlink:href="#sSpan946" value="PREP"/>
		<feat xlink:href="#sSpan948" value="N"/>
		<feat xlink:href="#sSpan950" value="PREP"/>
		<feat xlink:href="#sSpan952" value="N"/>
		<feat xlink:href="#sSpan953" value="ACONJ"/>
		<feat xlink:href="#sSpan955" value="PPERS"/>
		<feat xlink:href="#sSpan956" value="V"/>
		<feat xlink:href="#sSpan957" value="CCIRC"/>
		<feat xlink:href="#sSpan959" value="PPERS"/>
		<feat xlink:href="#sSpan960" value="VSTAT"/>
		<feat xlink:href="#sSpan961" value="PREP"/>
		<feat xlink:href="#sSpan963" value="ART"/>
		<feat xlink:href="#sSpan965" value="NUM"/>
		<feat xlink:href="#sSpan966" value="PUNCT"/>
		<feat xlink:href="#sSpan968" value="PDEM"/>
		<feat xlink:href="#sSpan972" value="CCIRC"/>
		<feat xlink:href="#sSpan974" value="PPERS"/>
		<feat xlink:href="#sSpan975" value="V"/>
		<feat xlink:href="#sSpan976" value="PREP"/>
		<feat xlink:href="#sSpan978" value="PPERO"/>
		<feat xlink:href="#sSpan979" value="PREP"/>
		<feat xlink:href="#sSpan981" value="PPERO"/>
		<feat xlink:href="#sSpan982" value="PTC"/>
		<feat xlink:href="#sSpan985" value="PTC"/>
		<feat xlink:href="#sSpan987" value="PTC"/>
		<feat xlink:href="#sSpan989" value="ART"/>
		<feat xlink:href="#sSpan991" value="N"/>
		<feat xlink:href="#sSpan992" value="APST"/>
		<feat xlink:href="#sSpan994" value="PPERS"/>
		<feat xlink:href="#sSpan995" value="V"/>
		<feat xlink:href="#sSpan997" value="PPOS"/>
		<feat xlink:href="#sSpan998" value="N"/>
		<feat xlink:href="#sSpan999" value="PREP"/>
		<feat xlink:href="#sSpan1001" value="PPERO"/>
		<feat xlink:href="#sSpan1002" value="APST"/>
		<feat xlink:href="#sSpan1004" value="PPERS"/>
		<feat xlink:href="#sSpan1005" value="V"/>
		<feat xlink:href="#sSpan1006" value="PREP"/>
		<feat xlink:href="#sSpan1008" value="PPERO"/>
		<feat xlink:href="#sSpan1009" value="CCIRC"/>
		<feat xlink:href="#sSpan1011" value="PPERS"/>
		<feat xlink:href="#sSpan1012" value="V"/>
		<feat xlink:href="#sSpan1013" value="PREP"/>
		<feat xlink:href="#sSpan1015" value="PPERO"/>
		<feat xlink:href="#sSpan1016" value="CONJ"/>
		<feat xlink:href="#sSpan1018" value="APST"/>
		<feat xlink:href="#sSpan1019" value="PPOS"/>
		<feat xlink:href="#sSpan1021" value="N"/>
		<feat xlink:href="#sSpan1022" value="V"/>
		<feat xlink:href="#sSpan1024" value="ADV"/>
		<feat xlink:href="#sSpan1026" value="CONJ"/>
		<feat xlink:href="#sSpan1028" value="VIMP"/>
		<feat xlink:href="#sSpan1030" value="ACONJ"/>
		<feat xlink:href="#sSpan1032" value="PPERS"/>
		<feat xlink:href="#sSpan1033" value="V"/>
		<feat xlink:href="#sSpan1034" value="PREP"/>
		<feat xlink:href="#sSpan1036" value="PPOS"/>
		<feat xlink:href="#sSpan1038" value="N"/>
		<feat xlink:href="#sSpan1039" value="ADV"/>
		<feat xlink:href="#sSpan1041" value="PREP"/>
		<feat xlink:href="#sSpan1043" value="PPERO"/>
		<feat xlink:href="#sSpan1044" value="CONJ"/>
		<feat xlink:href="#sSpan1046" value="PPERS"/>
		<feat xlink:href="#sSpan1048" value="FUT"/>
		<feat xlink:href="#sSpan1049" value="V"/>
		<feat xlink:href="#sSpan1050" value="PUNCT"/>
		<feat xlink:href="#sSpan1052" value="APST"/>
		<feat xlink:href="#sSpan1055" value="PPERS"/>
		<feat xlink:href="#sSpan1056" value="V"/>
		<feat xlink:href="#sSpan1057" value="PTC"/>
		<feat xlink:href="#sSpan1059" value="PTC"/>
		<feat xlink:href="#sSpan1061" value="NPROP"/>
		<feat xlink:href="#sSpan1063" value="APST"/>
		<feat xlink:href="#sSpan1065" value="PPERS"/>
		<feat xlink:href="#sSpan1066" value="V"/>
		<feat xlink:href="#sSpan1067" value="PPERO"/>
		<feat xlink:href="#sSpan1068" value="PREP"/>
		<feat xlink:href="#sSpan1070" value="PPERO"/>
		<feat xlink:href="#sSpan1071" value="PREP"/>
		<feat xlink:href="#sSpan1073" value="PPOS"/>
		<feat xlink:href="#sSpan1075" value="N"/>
		<feat xlink:href="#sSpan1076" value="PUNCT"/>
		<feat xlink:href="#sSpan1078" value="PTC"/>
		<feat xlink:href="#sSpan1081" value="ART"/>
		<feat xlink:href="#sSpan1083" value="N"/>
		<feat xlink:href="#sSpan1084" value="PTC"/>
		<feat xlink:href="#sSpan1086" value="CCIRC"/>
		<feat xlink:href="#sSpan1088" value="ART"/>
		<feat xlink:href="#sSpan1090" value="N"/>
		<feat xlink:href="#sSpan1091" value="VSTAT"/>
		<feat xlink:href="#sSpan1093" value="PREP"/>
		<feat xlink:href="#sSpan1095" value="PPERO"/>
		<feat xlink:href="#sSpan1096" value="PREP"/>
		<feat xlink:href="#sSpan1099" value="N"/>
		<feat xlink:href="#sSpan1103" value="PREP"/>
		<feat xlink:href="#sSpan1105" value="N"/>
		<feat xlink:href="#sSpan1106" value="PUNCT"/>
		<feat xlink:href="#sSpan1108" value="APST"/>
		<feat xlink:href="#sSpan1110" value="PPERS"/>
		<feat xlink:href="#sSpan1111" value="V"/>
		<feat xlink:href="#sSpan1112" value="PPOS"/>
		<feat xlink:href="#sSpan1113" value="N"/>
		<feat xlink:href="#sSpan1114" value="V"/>
		<feat xlink:href="#sSpan1116" value="PPERO"/>
		<feat xlink:href="#sSpan1117" value="PREP"/>
		<feat xlink:href="#sSpan1119" value="PPERO"/>
		<feat xlink:href="#sSpan1120" value="APST"/>
		<feat xlink:href="#sSpan1122" value="PPERS"/>
		<feat xlink:href="#sSpan1123" value="V"/>
		<feat xlink:href="#sSpan1124" value="PREP"/>
		<feat xlink:href="#sSpan1126" value="ART"/>
		<feat xlink:href="#sSpan1128" value="N"/>
		<feat xlink:href="#sSpan1129" value="PREP"/>
		<feat xlink:href="#sSpan1131" value="PPOS"/>
		<feat xlink:href="#sSpan1133" value="N"/>
		<feat xlink:href="#sSpan1134" value="PUNCT"/>
		<feat xlink:href="#sSpan1136" value="CPRET"/>
		<feat xlink:href="#sSpan1139" value="PPERS"/>
		<feat xlink:href="#sSpan1140" value="V"/>
		<feat xlink:href="#sSpan1141" value="PTC"/>
		<feat xlink:href="#sSpan1143" value="PREP"/>
		<feat xlink:href="#sSpan1145" value="PPERO"/>
		<feat xlink:href="#sSpan1146" value="ADV"/>
		<feat xlink:href="#sSpan1149" value="PREP"/>
		<feat xlink:href="#sSpan1151" value="PPERO"/>
		<feat xlink:href="#sSpan1152" value="PUNCT"/>
		<feat xlink:href="#sSpan1154" value="CONJ"/>
		<feat xlink:href="#sSpan1156" value="ACOND_PPERS"/>
		<feat xlink:href="#sSpan1157" value="V"/>
		<feat xlink:href="#sSpan1158" value="ADV"/>
		<feat xlink:href="#sSpan1160" value="PREP"/>
		<feat xlink:href="#sSpan1162" value="ART"/>
		<feat xlink:href="#sSpan1164" value="N"/>
		<feat xlink:href="#sSpan1165" value="PREP"/>
		<feat xlink:href="#sSpan1167" value="PPOS"/>
		<feat xlink:href="#sSpan1169" value="N"/>
		<feat xlink:href="#sSpan1170" value="PPERS"/>
		<feat xlink:href="#sSpan1172" value="FUT"/>
		<feat xlink:href="#sSpan1173" value="V"/>
		<feat xlink:href="#sSpan1174" value="PUNCT"/>
		<feat xlink:href="#sSpan1176" value="NPROP"/>
		<feat xlink:href="#sSpan1180" value="PTC"/>
		<feat xlink:href="#sSpan1182" value="APST"/>
		<feat xlink:href="#sSpan1184" value="PPERS"/>
		<feat xlink:href="#sSpan1185" value="V"/>
		<feat xlink:href="#sSpan1186" value="PPERO"/>
		<feat xlink:href="#sSpan1187" value="APST"/>
		<feat xlink:href="#sSpan1189" value="PPERS"/>
		<feat xlink:href="#sSpan1190" value="V"/>
		<feat xlink:href="#sSpan1191" value="PREP"/>
		<feat xlink:href="#sSpan1193" value="PPERO"/>
		<feat xlink:href="#sSpan1194" value="VBD"/>
		<feat xlink:href="#sSpan1196" value="PPERS"/>
		<feat xlink:href="#sSpan1197" value="PREP"/>
		<feat xlink:href="#sSpan1199" value="PPERO"/>
		<feat xlink:href="#sSpan1200" value="PUNCT"/>
		<feat xlink:href="#sSpan1202" value="CONJ"/>
		<feat xlink:href="#sSpan1204" value="V"/>
		<feat xlink:href="#sSpan1205" value="PREP"/>
		<feat xlink:href="#sSpan1207" value="PPOS"/>
		<feat xlink:href="#sSpan1210" value="N"/>
		<feat xlink:href="#sSpan1211" value="COP"/>
		<feat xlink:href="#sSpan1213" value="CREL"/>
		<feat xlink:href="#sSpan1215" value="APST"/>
		<feat xlink:href="#sSpan1216" value="PPERS"/>
		<feat xlink:href="#sSpan1217" value="V"/>
		<feat xlink:href="#sSpan1218" value="PUNCT"/>
		<feat xlink:href="#sSpan1220" value="CONJ"/>
		<feat xlink:href="#sSpan1222" value="APST"/>
		<feat xlink:href="#sSpan1224" value="PPERS"/>
		<feat xlink:href="#sSpan1225" value="V"/>
		<feat xlink:href="#sSpan1226" value="PTC"/>
		<feat xlink:href="#sSpan1228" value="ART"/>
		<feat xlink:href="#sSpan1230" value="N"/>
		<feat xlink:href="#sSpan1231" value="PREP"/>
		<feat xlink:href="#sSpan1233" value="ART"/>
		<feat xlink:href="#sSpan1235" value="N"/>
		<feat xlink:href="#sSpan1236" value="CREL"/>
		<feat xlink:href="#sSpan1238" value="ADV"/>
		<feat xlink:href="#sSpan1239" value="PUNCT"/>
		<feat xlink:href="#sSpan1241" value="APREC"/>
		<feat xlink:href="#sSpan1244" value="PPERS"/>
		<feat xlink:href="#sSpan1245" value="V"/>
		<feat xlink:href="#sSpan1246" value="PTC"/>
		<feat xlink:href="#sSpan1248" value="PTC"/>
		<feat xlink:href="#sSpan1250" value="NPROP"/>
		<feat xlink:href="#sSpan1252" value="ADV"/>
		<feat xlink:href="#sSpan1254" value="PREP"/>
		<feat xlink:href="#sSpan1256" value="ART"/>
		<feat xlink:href="#sSpan1258" value="N"/>
		<feat xlink:href="#sSpan1259" value="PREP"/>
		<feat xlink:href="#sSpan1261" value="ART"/>
		<feat xlink:href="#sSpan1263" value="N"/>
		<feat xlink:href="#sSpan1264" value="APST"/>
		<feat xlink:href="#sSpan1266" value="PPERS"/>
		<feat xlink:href="#sSpan1267" value="V"/>
		<feat xlink:href="#sSpan1268" value="PREP"/>
		<feat xlink:href="#sSpan1270" value="ART"/>
		<feat xlink:href="#sSpan1273" value="N"/>
		<feat xlink:href="#sSpan1275" value="V"/>
		<feat xlink:href="#sSpan1276" value="PREP"/>
		<feat xlink:href="#sSpan1278" value="ART"/>
		<feat xlink:href="#sSpan1280" value="N"/>
		<feat xlink:href="#sSpan1281" value="CCIRC"/>
		<feat xlink:href="#sSpan1283" value="PPERS"/>
		<feat xlink:href="#sSpan1284" value="VSTAT"/>
		<feat xlink:href="#sSpan1285" value="PUNCT"/>
		<feat xlink:href="#sSpan1287" value="VBD"/>
		<feat xlink:href="#sSpan1290" value="PPERS"/>
		<feat xlink:href="#sSpan1291" value="CONJ"/>
		<feat xlink:href="#sSpan1293" value="V"/>
		<feat xlink:href="#sSpan1294" value="PREP"/>
		<feat xlink:href="#sSpan1296" value="PPERO"/>
		<feat xlink:href="#sSpan1297" value="PREP"/>
		<feat xlink:href="#sSpan1299" value="ART"/>
		<feat xlink:href="#sSpan1301" value="N"/>
		<feat xlink:href="#sSpan1302" value="PTC"/>
		<feat xlink:href="#sSpan1304" value="PTC"/>
		<feat xlink:href="#sSpan1306" value="ART"/>
		<feat xlink:href="#sSpan1308" value="N"/>
		<feat xlink:href="#sSpan1310" value="N"/>
		<feat xlink:href="#sSpan1312" value="PUNCT"/>
		<feat xlink:href="#sSpan1314" value="CONJ"/>
		<feat xlink:href="#sSpan1316" value="CFOC"/>
		<feat xlink:href="#sSpan1318" value="PPERS"/>
		<feat xlink:href="#sSpan1319" value="V"/>
		<feat xlink:href="#sSpan1320" value="PUNCT"/>
		<feat xlink:href="#sSpan1322" value="PPERI"/>
		<feat xlink:href="#sSpan1324" value="PTC"/>
		<feat xlink:href="#sSpan1326" value="CPRET"/>
		<feat xlink:href="#sSpan1328" value="PPERS"/>
		<feat xlink:href="#sSpan1329" value="V"/>
		<feat xlink:href="#sSpan1330" value="PREP"/>
		<feat xlink:href="#sSpan1332" value="PPERO"/>
		<feat xlink:href="#sSpan1333" value="CCIRC"/>
		<feat xlink:href="#sSpan1335" value="PPERS"/>
		<feat xlink:href="#sSpan1336" value="V"/>
		<feat xlink:href="#sSpan1337" value="CONJ"/>
		<feat xlink:href="#sSpan1339" value="APST"/>
		<feat xlink:href="#sSpan1340" value="PPERS"/>
		<feat xlink:href="#sSpan1341" value="V"/>
		<feat xlink:href="#sSpan1342" value="PUNCT"/>
		<feat xlink:href="#sSpan1344" value="APREC"/>
		<feat xlink:href="#sSpan1347" value="PPERS"/>
		<feat xlink:href="#sSpan1348" value="V"/>
		<feat xlink:href="#sSpan1349" value="PTC"/>
		<feat xlink:href="#sSpan1351" value="ADV"/>
		<feat xlink:href="#sSpan1353" value="PREP"/>
		<feat xlink:href="#sSpan1355" value="ART"/>
		<feat xlink:href="#sSpan1357" value="N"/>
		<feat xlink:href="#sSpan1358" value="APST"/>
		<feat xlink:href="#sSpan1360" value="PPERS"/>
		<feat xlink:href="#sSpan1361" value="V"/>
		<feat xlink:href="#sSpan1363" value="ADV"/>
		<feat xlink:href="#sSpan1365" value="APST"/>
		<feat xlink:href="#sSpan1367" value="PPERS"/>
		<feat xlink:href="#sSpan1368" value="V"/>
		<feat xlink:href="#sSpan1369" value="PREP"/>
		<feat xlink:href="#sSpan1371" value="PPOS"/>
		<feat xlink:href="#sSpan1373" value="N"/>
		<feat xlink:href="#sSpan1374" value="PUNCT"/>
		<feat xlink:href="#sSpan1376" value="APST"/>
		<feat xlink:href="#sSpan1378" value="PPERS"/>
		<feat xlink:href="#sSpan1379" value="V"/>
		<feat xlink:href="#sSpan1380" value="PTC"/>
		<feat xlink:href="#sSpan1382" value="ART"/>
		<feat xlink:href="#sSpan1384" value="N"/>
		<feat xlink:href="#sSpan1386" value="N"/>
		<feat xlink:href="#sSpan1388" value="PUNCT"/>
		<feat xlink:href="#sSpan1390" value="PPOS"/>
		<feat xlink:href="#sSpan1394" value="N"/>
		<feat xlink:href="#sSpan1395" value="APST"/>
		<feat xlink:href="#sSpan1397" value="PPERS"/>
		<feat xlink:href="#sSpan1398" value="V"/>
		<feat xlink:href="#sSpan1400" value="ADV"/>
		<feat xlink:href="#sSpan1402" value="PREP"/>
		<feat xlink:href="#sSpan1404" value="ART"/>
		<feat xlink:href="#sSpan1406" value="N"/>
		<feat xlink:href="#sSpan1407" value="IMOD"/>
		<feat xlink:href="#sSpan1409" value="PPERO"/>
		<feat xlink:href="#sSpan1410" value="CREL"/>
		<feat xlink:href="#sSpan1412" value="ADV"/>
		<feat xlink:href="#sSpan1413" value="PUNCT"/>
		<feat xlink:href="#sSpan1415" value="CCIRC"/>
		<feat xlink:href="#sSpan1418" value="PPERS"/>
		<feat xlink:href="#sSpan1419" value="V"/>
		<feat xlink:href="#sSpan1420" value="PTC"/>
		<feat xlink:href="#sSpan1422" value="ADV"/>
		<feat xlink:href="#sSpan1425" value="PREP"/>
		<feat xlink:href="#sSpan1427" value="ART"/>
		<feat xlink:href="#sSpan1429" value="N"/>
		<feat xlink:href="#sSpan1430" value="CREL"/>
		<feat xlink:href="#sSpan1432" value="ADV"/>
		<feat xlink:href="#sSpan1433" value="PTC"/>
		<feat xlink:href="#sSpan1435" value="NPROP"/>
		<feat xlink:href="#sSpan1437" value="APST"/>
		<feat xlink:href="#sSpan1439" value="PPERS"/>
		<feat xlink:href="#sSpan1440" value="V"/>
		<feat xlink:href="#sSpan1441" value="PPERO"/>
		<feat xlink:href="#sSpan1442" value="PREP"/>
		<feat xlink:href="#sSpan1444" value="PPERO"/>
		<feat xlink:href="#sSpan1445" value="PTC"/>
		<feat xlink:href="#sSpan1447" value="N"/>
		<feat xlink:href="#sSpan1449" value="NUM"/>
		<feat xlink:href="#sSpan1452" value="CCIRC"/>
		<feat xlink:href="#sSpan1454" value="PPERS"/>
		<feat xlink:href="#sSpan1456" value="V"/>
		<feat xlink:href="#sSpan1458" value="ADV"/>
		<feat xlink:href="#sSpan1460" value="CCIRC"/>
		<feat xlink:href="#sSpan1462" value="PPERS"/>
		<feat xlink:href="#sSpan1463" value="V"/>
		<feat xlink:href="#sSpan1464" value="PREP"/>
		<feat xlink:href="#sSpan1466" value="PPERO"/>
		<feat xlink:href="#sSpan1467" value="V"/>
		<feat xlink:href="#sSpan1469" value="PREP"/>
		<feat xlink:href="#sSpan1470" value="PPERO"/>
		<feat xlink:href="#sSpan1471" value="NPROP"/>
		<feat xlink:href="#sSpan1474" value="ART"/>
		<feat xlink:href="#sSpan1476" value="N"/>
		<feat xlink:href="#sSpan1477" value="PREP"/>
		<feat xlink:href="#sSpan1479" value="NPROP"/>
		<feat xlink:href="#sSpan1481" value="PUNCT"/>
		<feat xlink:href="#sSpan1483" value="APREC"/>
		<feat xlink:href="#sSpan1486" value="PPERS"/>
		<feat xlink:href="#sSpan1487" value="V"/>
		<feat xlink:href="#sSpan1488" value="PTC"/>
		<feat xlink:href="#sSpan1490" value="ADV"/>
		<feat xlink:href="#sSpan1492" value="PREP"/>
		<feat xlink:href="#sSpan1494" value="ART"/>
		<feat xlink:href="#sSpan1496" value="N"/>
		<feat xlink:href="#sSpan1497" value="APST"/>
		<feat xlink:href="#sSpan1499" value="PPERS"/>
		<feat xlink:href="#sSpan1500" value="V"/>
		<feat xlink:href="#sSpan1501" value="PPOS"/>
		<feat xlink:href="#sSpan1502" value="N"/>
		<feat xlink:href="#sSpan1503" value="PREP"/>
		<feat xlink:href="#sSpan1505" value="PPERO"/>
		<feat xlink:href="#sSpan1506" value="PTC"/>
		<feat xlink:href="#sSpan1508" value="ART"/>
		<feat xlink:href="#sSpan1510" value="N"/>
		<feat xlink:href="#sSpan1511" value="VBD"/>
		<feat xlink:href="#sSpan1513" value="PPERS"/>
		<feat xlink:href="#sSpan1514" value="PREP"/>
		<feat xlink:href="#sSpan1516" value="PPERO"/>
		<feat xlink:href="#sSpan1517" value="PTC"/>
		<feat xlink:href="#sSpan1519" value="NPROP"/>
		<feat xlink:href="#sSpan1521" value="PUNCT"/>
		<feat xlink:href="#sSpan1523" value="CONJ"/>
		<feat xlink:href="#sSpan1525" value="PPERS"/>
		<feat xlink:href="#sSpan1526" value="V"/>
		<feat xlink:href="#sSpan1527" value="CONJ"/>
		<feat xlink:href="#sSpan1529" value="EXIST"/>
		<feat xlink:href="#sSpan1530" value="N"/>
		<feat xlink:href="#sSpan1531" value="PREP"/>
		<feat xlink:href="#sSpan1533" value="PPERO"/>
		<feat xlink:href="#sSpan1534" value="PREP"/>
		<feat xlink:href="#sSpan1536" value="V"/>
		<feat xlink:href="#sSpan1537" value="PDEM"/>
		<feat xlink:href="#sSpan1539" value="PUNCT"/>
		<feat xlink:href="#sSpan1541" value="VBD"/>
		<feat xlink:href="#sSpan1543" value="PPERS"/>
		<feat xlink:href="#sSpan1544" value="PREP"/>
		<feat xlink:href="#sSpan1546" value="PPERO"/>
		<feat xlink:href="#sSpan1547" value="CONJ"/>
		<feat xlink:href="#sSpan1549" value="PTC"/>
		<feat xlink:href="#sSpan1550" value="ART"/>
		<feat xlink:href="#sSpan1552" value="N"/>
		<feat xlink:href="#sSpan1553" value="PUNCT"/>
		<feat xlink:href="#sSpan1555" value="ADV"/>
		<feat xlink:href="#sSpan1558" value="APST"/>
		<feat xlink:href="#sSpan1560" value="PPERS"/>
		<feat xlink:href="#sSpan1561" value="V"/>
		<feat xlink:href="#sSpan1562" value="PREP"/>
		<feat xlink:href="#sSpan1564" value="PPOS"/>
		<feat xlink:href="#sSpan1566" value="N"/>
		<feat xlink:href="#sSpan1567" value="CCIRC"/>
		<feat xlink:href="#sSpan1569" value="PPERS"/>
		<feat xlink:href="#sSpan1570" value="V"/>
		<feat xlink:href="#sSpan1571" value="PREP"/>
		<feat xlink:href="#sSpan1573" value="PPERO"/>
		<feat xlink:href="#sSpan1574" value="CONJ"/>
		<feat xlink:href="#sSpan1576" value="PREP"/>
		<feat xlink:href="#sSpan1577" value="PPOS"/>
		<feat xlink:href="#sSpan1579" value="N"/>
		<feat xlink:href="#sSpan1580" value="AJUS"/>
		<feat xlink:href="#sSpan1582" value="PPERS"/>
		<feat xlink:href="#sSpan1583" value="V"/>
		<feat xlink:href="#sSpan1584" value="PREP"/>
		<feat xlink:href="#sSpan1586" value="PPERO"/>
		<feat xlink:href="#sSpan1587" value="PUNCT"/>
		<feat xlink:href="#sSpan1589" value="CONJ"/>
		<feat xlink:href="#sSpan1592" value="APST"/>
		<feat xlink:href="#sSpan1594" value="PPERS"/>
		<feat xlink:href="#sSpan1595" value="V"/>
		<feat xlink:href="#sSpan1596" value="PTC"/>
		<feat xlink:href="#sSpan1598" value="PPOS"/>
		<feat xlink:href="#sSpan1600" value="N"/>
		<feat xlink:href="#sSpan1601" value="PUNCT"/>
		<feat xlink:href="#sSpan1603" value="APST"/>
		<feat xlink:href="#sSpan1605" value="PPERS"/>
		<feat xlink:href="#sSpan1606" value="V"/>
		<feat xlink:href="#sSpan1607" value="PREP"/>
		<feat xlink:href="#sSpan1609" value="PPERO"/>
		<feat xlink:href="#sSpan1610" value="PTC"/>
		<feat xlink:href="#sSpan1612" value="NPROP"/>
		<feat xlink:href="#sSpan1614" value="CCIRC"/>
		<feat xlink:href="#sSpan1616" value="PPERS"/>
		<feat xlink:href="#sSpan1617" value="V"/>
		<feat xlink:href="#sSpan1618" value="PREP"/>
		<feat xlink:href="#sSpan1620" value="PPERO"/>
		<feat xlink:href="#sSpan1621" value="CONJ"/>
		<feat xlink:href="#sSpan1623" value="V"/>
		<feat xlink:href="#sSpan1624" value="ANEGJUS"/>
		<feat xlink:href="#sSpan1626" value="N"/>
		<feat xlink:href="#sSpan1628" value="V"/>
		<feat xlink:href="#sSpan1630" value="PUNCT"/>
		<feat xlink:href="#sSpan1632" value="PPERI"/>
		<feat xlink:href="#sSpan1635" value="PTC"/>
		<feat xlink:href="#sSpan1637" value="APST"/>
		<feat xlink:href="#sSpan1639" value="PPERS"/>
		<feat xlink:href="#sSpan1640" value="V"/>
		<feat xlink:href="#sSpan1642" value="ADV"/>
		<feat xlink:href="#sSpan1644" value="APST"/>
		<feat xlink:href="#sSpan1646" value="PPERS"/>
		<feat xlink:href="#sSpan1647" value="V"/>
		<feat xlink:href="#sSpan1648" value="PREP"/>
		<feat xlink:href="#sSpan1650" value="PPOS"/>
		<feat xlink:href="#sSpan1652" value="N"/>
		<feat xlink:href="#sSpan1653" value="PREP"/>
		<feat xlink:href="#sSpan1655" value="ART"/>
		<feat xlink:href="#sSpan1657" value="N"/>
		<feat xlink:href="#sSpan1658" value="IMOD"/>
		<feat xlink:href="#sSpan1660" value="PPERO"/>
		<feat xlink:href="#sSpan1661" value="CREL"/>
		<feat xlink:href="#sSpan1663" value="ADV"/>
		<feat xlink:href="#sSpan1664" value="PUNCT"/>
		<feat xlink:href="#sSpan1666" value="CCIRC"/>
		<feat xlink:href="#sSpan1669" value="PPERS"/>
		<feat xlink:href="#sSpan1670" value="VSTAT"/>
		<feat xlink:href="#sSpan1671" value="PTC"/>
		<feat xlink:href="#sSpan1673" value="ADV"/>
		<feat xlink:href="#sSpan1675" value="PUNCT"/>
		<feat xlink:href="#sSpan1677" value="PTC"/>
		<feat xlink:href="#sSpan1680" value="PTC"/>
		<feat xlink:href="#sSpan1682" value="APST"/>
		<feat xlink:href="#sSpan1684" value="PPERS"/>
		<feat xlink:href="#sSpan1685" value="V"/>
		<feat xlink:href="#sSpan1686" value="PREP"/>
		<feat xlink:href="#sSpan1688" value="PPERO"/>
		<feat xlink:href="#sSpan1689" value="PREP"/>
		<feat xlink:href="#sSpan1691" value="ART"/>
		<feat xlink:href="#sSpan1693" value="N"/>
		<feat xlink:href="#sSpan1694" value="CCIRC"/>
		<feat xlink:href="#sSpan1696" value="ART"/>
		<feat xlink:href="#sSpan1698" value="N"/>
		<feat xlink:href="#sSpan1699" value="PREP"/>
		<feat xlink:href="#sSpan1701" value="PPERO"/>
		<feat xlink:href="#sSpan1702" value="PUNCT"/>
		<feat xlink:href="#sSpan1704" value="CONJ"/>
		<feat xlink:href="#sSpan1707" value="APREC"/>
		<feat xlink:href="#sSpan1709" value="PPERS"/>
		<feat xlink:href="#sSpan1710" value="V"/>
		<feat xlink:href="#sSpan1712" value="ADV"/>
		<feat xlink:href="#sSpan1714" value="PREP"/>
		<feat xlink:href="#sSpan1716" value="ART"/>
		<feat xlink:href="#sSpan1718" value="N"/>
		<feat xlink:href="#sSpan1719" value="APST"/>
		<feat xlink:href="#sSpan1721" value="PPERS"/>
		<feat xlink:href="#sSpan1722" value="V"/>
		<feat xlink:href="#sSpan1723" value="PTC"/>
		<feat xlink:href="#sSpan1725" value="ART"/>
		<feat xlink:href="#sSpan1727" value="N"/>
		<feat xlink:href="#sSpan1728" value="PUNCT"/>
		<feat xlink:href="#sSpan1730" value="APST"/>
		<feat xlink:href="#sSpan1732" value="PPERS"/>
		<feat xlink:href="#sSpan1734" value="V"/>
		<feat xlink:href="#sSpan1736" value="PTC"/>
		<feat xlink:href="#sSpan1738" value="ART"/>
		<feat xlink:href="#sSpan1740" value="N"/>
		<feat xlink:href="#sSpan1741" value="CCIRC"/>
		<feat xlink:href="#sSpan1743" value="PPERS"/>
		<feat xlink:href="#sSpan1744" value="V"/>
		<feat xlink:href="#sSpan1745" value="PREP"/>
		<feat xlink:href="#sSpan1747" value="PPERO"/>
		<feat xlink:href="#sSpan1748" value="CONJ"/>
		<feat xlink:href="#sSpan1750" value="ANEGPST"/>
		<feat xlink:href="#sSpan1751" value="N"/>
		<feat xlink:href="#sSpan1753" value="PREP"/>
		<feat xlink:href="#sSpan1755" value="PDEM"/>
		<feat xlink:href="#sSpan1756" value="N"/>
		<feat xlink:href="#sSpan1757" value="ART"/>
		<feat xlink:href="#sSpan1760" value="N"/>
		<feat xlink:href="#sSpan1761" value="ADV"/>
		<feat xlink:href="#sSpan1763" value="ADV"/>
		<feat xlink:href="#sSpan1765" value="PREP"/>
		<feat xlink:href="#sSpan1767" value="ART"/>
		<feat xlink:href="#sSpan1769" value="NPROP"/>
		<feat xlink:href="#sSpan1770" value="PUNCT"/>
		<feat xlink:href="#sSpan1772" value="ART"/>
		<feat xlink:href="#sSpan1776" value="N"/>
		<feat xlink:href="#sSpan1777" value="PTC"/>
		<feat xlink:href="#sSpan1779" value="CPRET"/>
		<feat xlink:href="#sSpan1781" value="PPERS"/>
		<feat xlink:href="#sSpan1782" value="V"/>
		<feat xlink:href="#sSpan1783" value="PREP"/>
		<feat xlink:href="#sSpan1785" value="PPERO"/>
		<feat xlink:href="#sSpan1786" value="CONJ"/>
		<feat xlink:href="#sSpan1788" value="N"/>
		<feat xlink:href="#sSpan1790" value="PPERO"/>
		<feat xlink:href="#sSpan1791" value="PREP"/>
		<feat xlink:href="#sSpan1793" value="ART"/>
		<feat xlink:href="#sSpan1795" value="N"/>
		<feat xlink:href="#sSpan1796" value="PREP"/>
		<feat xlink:href="#sSpan1798" value="ART"/>
		<feat xlink:href="#sSpan1800" value="N"/>
		<feat xlink:href="#sSpan1801" value="CCIRC"/>
		<feat xlink:href="#sSpan1803" value="PPERS"/>
		<feat xlink:href="#sSpan1804" value="V"/>
		<feat xlink:href="#sSpan1806" value="ADV"/>
		<feat xlink:href="#sSpan1808" value="PREP"/>
		<feat xlink:href="#sSpan1810" value="ART"/>
		<feat xlink:href="#sSpan1812" value="N"/>
		<feat xlink:href="#sSpan1813" value="PUNCT"/>
		<feat xlink:href="#sSpan1815" value="CONJ"/>
		<feat xlink:href="#sSpan1818" value="APST"/>
		<feat xlink:href="#sSpan1820" value="PPERS"/>
		<feat xlink:href="#sSpan1821" value="V"/>
		<feat xlink:href="#sSpan1822" value="PTC"/>
		<feat xlink:href="#sSpan1824" value="NPROP"/>
		<feat xlink:href="#sSpan1826" value="PREP"/>
		<feat xlink:href="#sSpan1828" value="ART"/>
		<feat xlink:href="#sSpan1830" value="N"/>
		<feat xlink:href="#sSpan1831" value="IMOD"/>
		<feat xlink:href="#sSpan1833" value="PPERO"/>
		<feat xlink:href="#sSpan1834" value="PREP"/>
		<feat xlink:href="#sSpan1836" value="ART"/>
		<feat xlink:href="#sSpan1838" value="N"/>
		<feat xlink:href="#sSpan1839" value="CCIRC"/>
		<feat xlink:href="#sSpan1841" value="PPERS"/>
		<feat xlink:href="#sSpan1843" value="V"/>
		<feat xlink:href="#sSpan1845" value="ADV"/>
		<feat xlink:href="#sSpan1848" value="PREP"/>
		<feat xlink:href="#sSpan1850" value="PPOS"/>
		<feat xlink:href="#sSpan1852" value="N"/>
		<feat xlink:href="#sSpan1853" value="PUNCT"/>
		<feat xlink:href="#sSpan1855" value="CONJ"/>
		<feat xlink:href="#sSpan1857" value="CCIRC"/>
		<feat xlink:href="#sSpan1859" value="PPERS"/>
		<feat xlink:href="#sSpan1861" value="V"/>
		<feat xlink:href="#sSpan1863" value="PREP"/>
		<feat xlink:href="#sSpan1865" value="ART"/>
		<feat xlink:href="#sSpan1867" value="N"/>
		<feat xlink:href="#sSpan1868" value="PREP"/>
		<feat xlink:href="#sSpan1870" value="ART"/>
		<feat xlink:href="#sSpan1873" value="N"/>
		<feat xlink:href="#sSpan1875" value="CCIRC"/>
		<feat xlink:href="#sSpan1877" value="PPERS"/>
		<feat xlink:href="#sSpan1878" value="V"/>
		<feat xlink:href="#sSpan1879" value="PREP"/>
		<feat xlink:href="#sSpan1881" value="V"/>
		<feat xlink:href="#sSpan1882" value="PINT"/>
		<feat xlink:href="#sSpan1884" value="PREP"/>
		<feat xlink:href="#sSpan1886" value="N"/>
		<feat xlink:href="#sSpan1888" value="PINT"/>
		<feat xlink:href="#sSpan1890" value="PUNCT"/>
		<feat xlink:href="#sSpan1892" value="APREC"/>
		<feat xlink:href="#sSpan1895" value="PPERS"/>
		<feat xlink:href="#sSpan1896" value="V"/>
		<feat xlink:href="#sSpan1897" value="PTC"/>
		<feat xlink:href="#sSpan1899" value="PREP"/>
		<feat xlink:href="#sSpan1901" value="ART"/>
		<feat xlink:href="#sSpan1903" value="N"/>
		<feat xlink:href="#sSpan1904" value="APST"/>
		<feat xlink:href="#sSpan1906" value="PPERS"/>
		<feat xlink:href="#sSpan1907" value="V"/>
		<feat xlink:href="#sSpan1908" value="N"/>
		<feat xlink:href="#sSpan1909" value="PPERO"/>
		<feat xlink:href="#sSpan1910" value="PREP"/>
		<feat xlink:href="#sSpan1912" value="PPERO"/>
		<feat xlink:href="#sSpan1913" value="CONJ"/>
		<feat xlink:href="#sSpan1915" value="CPRET"/>
		<feat xlink:href="#sSpan1916" value="PPERS"/>
		<feat xlink:href="#sSpan1917" value="V"/>
		<feat xlink:href="#sSpan1918" value="COP"/>
		<feat xlink:href="#sSpan1920" value="PUNCT"/>
		<feat xlink:href="#sSpan1922" value="CONJ"/>
		<feat xlink:href="#sSpan1924" value="CPRET"/>
		<feat xlink:href="#sSpan1926" value="PPERS"/>
		<feat xlink:href="#sSpan1927" value="VSTAT"/>
		<feat xlink:href="#sSpan1929" value="PREP"/>
		<feat xlink:href="#sSpan1931" value="ART"/>
		<feat xlink:href="#sSpan1932" value="N"/>
		<feat xlink:href="#sSpan1933" value="PREP"/>
		<feat xlink:href="#sSpan1935" value="PDEM"/>
		<feat xlink:href="#sSpan1937" value="N"/>
		<feat xlink:href="#sSpan1938" value="CREL"/>
		<feat xlink:href="#sSpan1941" value="EXIST"/>
		<feat xlink:href="#sSpan1943" value="N"/>
		<feat xlink:href="#sSpan1945" value="PUNCT"/>
		<feat xlink:href="#sSpan1947" value="ADV"/>
		<feat xlink:href="#sSpan1950" value="VBD"/>
		<feat xlink:href="#sSpan1952" value="PPERS"/>
		<feat xlink:href="#sSpan1953" value="PREP"/>
		<feat xlink:href="#sSpan1955" value="PPOS"/>
		<feat xlink:href="#sSpan1957" value="N"/>
		<feat xlink:href="#sSpan1958" value="CONJ"/>
		<feat xlink:href="#sSpan1960" value="ART"/>
		<feat xlink:href="#sSpan1962" value="N"/>
		<feat xlink:href="#sSpan1963" value="PTC"/>
		<feat xlink:href="#sSpan1965" value="VBD"/>
		<feat xlink:href="#sSpan1967" value="PPERS"/>
		<feat xlink:href="#sSpan1968" value="PUNCT"/>
		<feat xlink:href="#sSpan1970" value="PREP"/>
		<feat xlink:href="#sSpan1972" value="N"/>
		<feat xlink:href="#sSpan1974" value="PTC"/>
		<feat xlink:href="#sSpan1976" value="V"/>
		<feat xlink:href="#sSpan1978" value="PUNCT"/>
		<feat xlink:href="#sSpan1980" value="V"/>
		<feat xlink:href="#sSpan1983" value="N"/>
		<feat xlink:href="#sSpan1985" value="PPERO"/>
		<feat xlink:href="#sSpan1986" value="PTC"/>
		<feat xlink:href="#sSpan1988" value="PREP"/>
		<feat xlink:href="#sSpan1990" value="ART"/>
		<feat xlink:href="#sSpan1992" value="N"/>
		<feat xlink:href="#sSpan1993" value="PUNCT"/>
		<feat xlink:href="#sSpan1995" value="CONJ"/>
		<feat xlink:href="#sSpan1997" value="AOPT_PPERS"/>
		<feat xlink:href="#sSpan1999" value="V"/>
		<feat xlink:href="#sSpan2000" value="N"/>
		<feat xlink:href="#sSpan2002" value="ADV"/>
		<feat xlink:href="#sSpan2004" value="PREP"/>
		<feat xlink:href="#sSpan2006" value="PPOS"/>
		<feat xlink:href="#sSpan2008" value="N"/>
		<feat xlink:href="#sSpan2009" value="PUNCT"/></featList></paula>