<?xml version='1.0' encoding='UTF-8'?><!DOCTYPE paula SYSTEM "paula_feat.dtd">
<paula version="1.1">
	<header paula_id="scriptorium.1Cor_06.dep_func"/>
	<featList xmlns:xlink="http://www.w3.org/1999/xlink" type="func" xml:base="scriptorium.1Cor_06.dep.xml">
		<feat xlink:href="#sPointingRel1" value="punct"/>
		<feat xlink:href="#sPointingRel3" value="punct"/>
		<feat xlink:href="#sPointingRel5" value="obl"/>
		<feat xlink:href="#sPointingRel7" value="nsubj"/>
		<feat xlink:href="#sPointingRel9" value="case"/>
		<feat xlink:href="#sPointingRel11" value="det"/>
		<feat xlink:href="#sPointingRel13" value="acl:relcl"/>
		<feat xlink:href="#sPointingRel15" value="punct"/>
		<feat xlink:href="#sPointingRel17" value="case"/>
		<feat xlink:href="#sPointingRel19" value="nmod"/>
		<feat xlink:href="#sPointingRel21" value="obj"/>
		<feat xlink:href="#sPointingRel23" value="cc"/>
		<feat xlink:href="#sPointingRel25" value="nmod"/>
		<feat xlink:href="#sPointingRel27" value="mark"/>
		<feat xlink:href="#sPointingRel29" value="conj"/>
		<feat xlink:href="#sPointingRel31" value="aux"/>
		<feat xlink:href="#sPointingRel33" value="nmod"/>
		<feat xlink:href="#sPointingRel35" value="case"/>
		<feat xlink:href="#sPointingRel37" value="advcl"/>
		<feat xlink:href="#sPointingRel39" value="obl"/>
		<feat xlink:href="#sPointingRel41" value="det"/>
		<feat xlink:href="#sPointingRel43" value="det"/>
		<feat xlink:href="#sPointingRel45" value="case"/>
		<feat xlink:href="#sPointingRel47" value="ccomp"/>
		<feat xlink:href="#sPointingRel49" value="aux"/>
		<feat xlink:href="#sPointingRel51" value="mark"/>
		<feat xlink:href="#sPointingRel53" value="det"/>
		<feat xlink:href="#sPointingRel55" value="case"/>
		<feat xlink:href="#sPointingRel57" value="nsubj"/>
		<feat xlink:href="#sPointingRel59" value="det"/>
		<feat xlink:href="#sPointingRel61" value="obj"/>
		<feat xlink:href="#sPointingRel63" value="orphan"/>
		<feat xlink:href="#sPointingRel65" value="obl"/>
		<feat xlink:href="#sPointingRel67" value="aux"/>
		<feat xlink:href="#sPointingRel69" value="det"/>
		<feat xlink:href="#sPointingRel71" value="nsubj"/>
		<feat xlink:href="#sPointingRel73" value="det"/>
		<feat xlink:href="#sPointingRel75" value="aux"/>
		<feat xlink:href="#sPointingRel77" value="aux"/>
		<feat xlink:href="#sPointingRel79" value="nsubj"/>
		<feat xlink:href="#sPointingRel81" value="obl"/>
		<feat xlink:href="#sPointingRel83" value="punct"/>
		<feat xlink:href="#sPointingRel85" value="det"/>
		<feat xlink:href="#sPointingRel87" value="det"/>
		<feat xlink:href="#sPointingRel89" value="cc"/>
		<feat xlink:href="#sPointingRel91" value="case"/>
		<feat xlink:href="#sPointingRel93" value="nsubj"/>
		<feat xlink:href="#sPointingRel95" value="advmod"/>
		<feat xlink:href="#sPointingRel97" value="det"/>
		<feat xlink:href="#sPointingRel99" value="advmod"/>
		<feat xlink:href="#sPointingRel101" value="det"/>
		<feat xlink:href="#sPointingRel103" value="punct"/>
		<feat xlink:href="#sPointingRel105" value="aux"/>
		<feat xlink:href="#sPointingRel107" value="mark"/>
		<feat xlink:href="#sPointingRel109" value="punct"/>
		<feat xlink:href="#sPointingRel111" value="mark"/>
		<feat xlink:href="#sPointingRel113" value="det"/>
		<feat xlink:href="#sPointingRel115" value="case"/>
		<feat xlink:href="#sPointingRel117" value="case"/>
		<feat xlink:href="#sPointingRel119" value="obl"/>
		<feat xlink:href="#sPointingRel121" value="obj"/>
		<feat xlink:href="#sPointingRel123" value="acl:relcl"/>
		<feat xlink:href="#sPointingRel125" value="advmod"/>
		<feat xlink:href="#sPointingRel127" value="case"/>
		<feat xlink:href="#sPointingRel129" value="case"/>
		<feat xlink:href="#sPointingRel131" value="obj"/>
		<feat xlink:href="#sPointingRel133" value="nsubj"/>
		<feat xlink:href="#sPointingRel135" value="advmod"/>
		<feat xlink:href="#sPointingRel137" value="nsubj"/>
		<feat xlink:href="#sPointingRel139" value="conj"/>
		<feat xlink:href="#sPointingRel141" value="cc"/>
		<feat xlink:href="#sPointingRel143" value="det"/>
		<feat xlink:href="#sPointingRel145" value="obj"/>
		<feat xlink:href="#sPointingRel147" value="det"/>
		<feat xlink:href="#sPointingRel149" value="cc"/>
		<feat xlink:href="#sPointingRel151" value="nsubj"/>
		<feat xlink:href="#sPointingRel153" value="aux"/>
		<feat xlink:href="#sPointingRel155" value="cop"/>
		<feat xlink:href="#sPointingRel157" value="mark"/>
		<feat xlink:href="#sPointingRel159" value="punct"/>
		<feat xlink:href="#sPointingRel161" value="nsubj"/>
		<feat xlink:href="#sPointingRel163" value="punct"/>
		<feat xlink:href="#sPointingRel165" value="obj"/>
		<feat xlink:href="#sPointingRel167" value="nsubj"/>
		<feat xlink:href="#sPointingRel169" value="advmod"/>
		<feat xlink:href="#sPointingRel171" value="mark"/>
		<feat xlink:href="#sPointingRel173" value="obl"/>
		<feat xlink:href="#sPointingRel175" value="det"/>
		<feat xlink:href="#sPointingRel177" value="conj"/>
		<feat xlink:href="#sPointingRel179" value="parataxis"/>
		<feat xlink:href="#sPointingRel181" value="conj"/>
		<feat xlink:href="#sPointingRel183" value="case"/>
		<feat xlink:href="#sPointingRel185" value="cop"/>
		<feat xlink:href="#sPointingRel187" value="det"/>
		<feat xlink:href="#sPointingRel189" value="nsubj"/>
		<feat xlink:href="#sPointingRel191" value="punct"/>
		<feat xlink:href="#sPointingRel193" value="parataxis"/>
		<feat xlink:href="#sPointingRel195" value="case"/>
		<feat xlink:href="#sPointingRel197" value="case"/>
		<feat xlink:href="#sPointingRel199" value="det"/>
		<feat xlink:href="#sPointingRel201" value="case"/>
		<feat xlink:href="#sPointingRel203" value="nmod"/>
		<feat xlink:href="#sPointingRel205" value="det"/>
		<feat xlink:href="#sPointingRel207" value="det"/>
		<feat xlink:href="#sPointingRel209" value="cc"/>
		<feat xlink:href="#sPointingRel211" value="obj"/>
		<feat xlink:href="#sPointingRel213" value="nmod"/>
		<feat xlink:href="#sPointingRel215" value="nsubj"/>
		<feat xlink:href="#sPointingRel217" value="case"/>
		<feat xlink:href="#sPointingRel219" value="aux"/>
		<feat xlink:href="#sPointingRel221" value="cc"/>
		<feat xlink:href="#sPointingRel223" value="case"/>
		<feat xlink:href="#sPointingRel225" value="nsubj"/>
		<feat xlink:href="#sPointingRel227" value="cc"/>
		<feat xlink:href="#sPointingRel229" value="advmod"/>
		<feat xlink:href="#sPointingRel231" value="cop"/>
		<feat xlink:href="#sPointingRel233" value="mark"/>
		<feat xlink:href="#sPointingRel235" value="xcomp"/>
		<feat xlink:href="#sPointingRel237" value="aux"/>
		<feat xlink:href="#sPointingRel239" value="conj"/>
		<feat xlink:href="#sPointingRel241" value="obj"/>
		<feat xlink:href="#sPointingRel243" value="obj"/>
		<feat xlink:href="#sPointingRel245" value="case"/>
		<feat xlink:href="#sPointingRel247" value="punct"/>
		<feat xlink:href="#sPointingRel249" value="acl:relcl"/>
		<feat xlink:href="#sPointingRel251" value="nsubj"/>
		<feat xlink:href="#sPointingRel253" value="case"/>
		<feat xlink:href="#sPointingRel255" value="obl:npmod"/>
		<feat xlink:href="#sPointingRel257" value="punct"/>
		<feat xlink:href="#sPointingRel259" value="det"/>
		<feat xlink:href="#sPointingRel261" value="cc"/>
		<feat xlink:href="#sPointingRel263" value="cop"/>
		<feat xlink:href="#sPointingRel265" value="obl"/>
		<feat xlink:href="#sPointingRel267" value="ccomp"/>
		<feat xlink:href="#sPointingRel269" value="cc"/>
		<feat xlink:href="#sPointingRel271" value="obl"/>
		<feat xlink:href="#sPointingRel273" value="det"/>
		<feat xlink:href="#sPointingRel275" value="acl:relcl"/>
		<feat xlink:href="#sPointingRel277" value="det"/>
		<feat xlink:href="#sPointingRel279" value="aux"/>
		<feat xlink:href="#sPointingRel281" value="appos"/>
		<feat xlink:href="#sPointingRel283" value="advmod"/>
		<feat xlink:href="#sPointingRel285" value="obl"/>
		<feat xlink:href="#sPointingRel287" value="conj"/>
		<feat xlink:href="#sPointingRel289" value="nmod"/>
		<feat xlink:href="#sPointingRel291" value="acl:relcl"/>
		<feat xlink:href="#sPointingRel293" value="det"/>
		<feat xlink:href="#sPointingRel295" value="punct"/>
		<feat xlink:href="#sPointingRel297" value="nsubj"/>
		<feat xlink:href="#sPointingRel299" value="conj"/>
		<feat xlink:href="#sPointingRel301" value="parataxis"/>
		<feat xlink:href="#sPointingRel303" value="iobj"/>
		<feat xlink:href="#sPointingRel305" value="punct"/>
		<feat xlink:href="#sPointingRel307" value="advmod"/>
		<feat xlink:href="#sPointingRel309" value="det"/>
		<feat xlink:href="#sPointingRel311" value="mark"/>
		<feat xlink:href="#sPointingRel313" value="aux"/>
		<feat xlink:href="#sPointingRel315" value="parataxis"/>
		<feat xlink:href="#sPointingRel317" value="advcl"/>
		<feat xlink:href="#sPointingRel319" value="case"/>
		<feat xlink:href="#sPointingRel321" value="obl"/>
		<feat xlink:href="#sPointingRel323" value="case"/>
		<feat xlink:href="#sPointingRel325" value="nsubj"/>
		<feat xlink:href="#sPointingRel327" value="nmod"/>
		<feat xlink:href="#sPointingRel329" value="punct"/>
		<feat xlink:href="#sPointingRel331" value="cc"/>
		<feat xlink:href="#sPointingRel333" value="nmod"/>
		<feat xlink:href="#sPointingRel335" value="case"/>
		<feat xlink:href="#sPointingRel337" value="case"/>
		<feat xlink:href="#sPointingRel339" value="dislocated"/>
		<feat xlink:href="#sPointingRel341" value="conj"/>
		<feat xlink:href="#sPointingRel343" value="advcl"/>
		<feat xlink:href="#sPointingRel345" value="case"/>
		<feat xlink:href="#sPointingRel347" value="case"/>
		<feat xlink:href="#sPointingRel349" value="ccomp"/>
		<feat xlink:href="#sPointingRel351" value="aux"/>
		<feat xlink:href="#sPointingRel353" value="conj"/>
		<feat xlink:href="#sPointingRel355" value="advmod"/>
		<feat xlink:href="#sPointingRel357" value="obl"/>
		<feat xlink:href="#sPointingRel359" value="cc"/>
		<feat xlink:href="#sPointingRel361" value="nmod"/>
		<feat xlink:href="#sPointingRel363" value="det"/>
		<feat xlink:href="#sPointingRel365" value="det"/>
		<feat xlink:href="#sPointingRel367" value="nsubj"/>
		<feat xlink:href="#sPointingRel369" value="xcomp"/>
		<feat xlink:href="#sPointingRel371" value="det"/>
		<feat xlink:href="#sPointingRel373" value="aux"/>
		<feat xlink:href="#sPointingRel375" value="conj"/>
		<feat xlink:href="#sPointingRel377" value="det"/>
		<feat xlink:href="#sPointingRel379" value="punct"/>
		<feat xlink:href="#sPointingRel381" value="advmod"/>
		<feat xlink:href="#sPointingRel383" value="cc"/>
		<feat xlink:href="#sPointingRel385" value="nsubj"/>
		<feat xlink:href="#sPointingRel387" value="advmod"/>
		<feat xlink:href="#sPointingRel389" value="nmod"/>
		<feat xlink:href="#sPointingRel391" value="cop"/>
		<feat xlink:href="#sPointingRel393" value="advmod"/>
		<feat xlink:href="#sPointingRel395" value="acl:relcl"/>
		<feat xlink:href="#sPointingRel397" value="punct"/>
		<feat xlink:href="#sPointingRel399" value="case"/>
		<feat xlink:href="#sPointingRel401" value="conj"/>
		<feat xlink:href="#sPointingRel403" value="nsubj"/>
		<feat xlink:href="#sPointingRel405" value="det"/>
		<feat xlink:href="#sPointingRel407" value="mark"/>
		<feat xlink:href="#sPointingRel409" value="aux"/>
		<feat xlink:href="#sPointingRel411" value="nmod"/>
		<feat xlink:href="#sPointingRel413" value="orphan"/>
		<feat xlink:href="#sPointingRel415" value="cc"/>
		<feat xlink:href="#sPointingRel417" value="obj"/>
		<feat xlink:href="#sPointingRel419" value="mark"/>
		<feat xlink:href="#sPointingRel421" value="det"/>
		<feat xlink:href="#sPointingRel423" value="det"/>
		<feat xlink:href="#sPointingRel425" value="acl:relcl"/>
		<feat xlink:href="#sPointingRel427" value="mark"/>
		<feat xlink:href="#sPointingRel429" value="nsubj"/>
		<feat xlink:href="#sPointingRel431" value="obj"/>
		<feat xlink:href="#sPointingRel433" value="case"/>
		<feat xlink:href="#sPointingRel435" value="nmod"/>
		<feat xlink:href="#sPointingRel437" value="det"/>
		<feat xlink:href="#sPointingRel439" value="case"/>
		<feat xlink:href="#sPointingRel441" value="appos"/>
		<feat xlink:href="#sPointingRel443" value="det"/>
		<feat xlink:href="#sPointingRel445" value="cc"/>
		<feat xlink:href="#sPointingRel447" value="punct"/>
		<feat xlink:href="#sPointingRel449" value="punct"/>
		<feat xlink:href="#sPointingRel451" value="advmod"/>
		<feat xlink:href="#sPointingRel453" value="det"/>
		<feat xlink:href="#sPointingRel455" value="case"/>
		<feat xlink:href="#sPointingRel457" value="mark"/>
		<feat xlink:href="#sPointingRel459" value="parataxis"/>
		<feat xlink:href="#sPointingRel461" value="advcl"/>
		<feat xlink:href="#sPointingRel463" value="nsubj"/>
		<feat xlink:href="#sPointingRel465" value="mark"/>
		<feat xlink:href="#sPointingRel467" value="nsubj"/>
		<feat xlink:href="#sPointingRel469" value="cc"/>
		<feat xlink:href="#sPointingRel471" value="cc"/>
		<feat xlink:href="#sPointingRel473" value="advmod"/>
		<feat xlink:href="#sPointingRel475" value="punct"/>
		<feat xlink:href="#sPointingRel477" value="case"/>
		<feat xlink:href="#sPointingRel479" value="nmod"/>
		<feat xlink:href="#sPointingRel481" value="case"/>
		<feat xlink:href="#sPointingRel483" value="cc"/>
		<feat xlink:href="#sPointingRel485" value="conj"/>
		<feat xlink:href="#sPointingRel487" value="obl"/>
		<feat xlink:href="#sPointingRel489" value="parataxis"/>
		<feat xlink:href="#sPointingRel491" value="case"/>
		<feat xlink:href="#sPointingRel493" value="conj"/>
		<feat xlink:href="#sPointingRel495" value="advmod"/>
		<feat xlink:href="#sPointingRel497" value="punct"/>
		<feat xlink:href="#sPointingRel499" value="nsubj"/>
		<feat xlink:href="#sPointingRel501" value="obl"/>
		<feat xlink:href="#sPointingRel503" value="obl"/>
		<feat xlink:href="#sPointingRel505" value="mark"/>
		<feat xlink:href="#sPointingRel507" value="case"/>
		<feat xlink:href="#sPointingRel509" value="det"/>
		<feat xlink:href="#sPointingRel511" value="nmod"/>
		<feat xlink:href="#sPointingRel513" value="obl"/>
		<feat xlink:href="#sPointingRel515" value="nsubj"/>
		<feat xlink:href="#sPointingRel517" value="acl:relcl"/>
		<feat xlink:href="#sPointingRel519" value="case"/>
		<feat xlink:href="#sPointingRel521" value="orphan"/>
		<feat xlink:href="#sPointingRel523" value="case"/>
		<feat xlink:href="#sPointingRel525" value="obl"/>
		<feat xlink:href="#sPointingRel527" value="case"/>
		<feat xlink:href="#sPointingRel529" value="det"/>
		<feat xlink:href="#sPointingRel531" value="punct"/>
		<feat xlink:href="#sPointingRel533" value="obj"/>
		<feat xlink:href="#sPointingRel535" value="advmod"/>
		<feat xlink:href="#sPointingRel537" value="conj"/>
		<feat xlink:href="#sPointingRel539" value="case"/>
		<feat xlink:href="#sPointingRel541" value="advmod"/>
		<feat xlink:href="#sPointingRel543" value="nsubj"/>
		<feat xlink:href="#sPointingRel545" value="det"/>
		<feat xlink:href="#sPointingRel547" value="advmod"/>
		<feat xlink:href="#sPointingRel549" value="mark"/>
		<feat xlink:href="#sPointingRel551" value="mark"/>
		<feat xlink:href="#sPointingRel553" value="case"/>
		<feat xlink:href="#sPointingRel555" value="obj"/>
		<feat xlink:href="#sPointingRel557" value="advmod"/>
		<feat xlink:href="#sPointingRel559" value="nsubj"/>
		<feat xlink:href="#sPointingRel561" value="obj"/>
		<feat xlink:href="#sPointingRel563" value="det"/>
		<feat xlink:href="#sPointingRel565" value="nmod"/>
		<feat xlink:href="#sPointingRel567" value="advmod"/>
		<feat xlink:href="#sPointingRel569" value="dislocated"/>
		<feat xlink:href="#sPointingRel571" value="obl"/>
		<feat xlink:href="#sPointingRel573" value="cc"/>
		<feat xlink:href="#sPointingRel575" value="dislocated"/>
		<feat xlink:href="#sPointingRel577" value="iobj"/>
		<feat xlink:href="#sPointingRel579" value="obj"/>
		<feat xlink:href="#sPointingRel581" value="nsubj"/>
		<feat xlink:href="#sPointingRel583" value="nsubj"/>
		<feat xlink:href="#sPointingRel585" value="parataxis"/>
		<feat xlink:href="#sPointingRel587" value="obj"/>
		<feat xlink:href="#sPointingRel589" value="dislocated"/>
		<feat xlink:href="#sPointingRel591" value="advmod"/>
		<feat xlink:href="#sPointingRel593" value="aux"/>
		<feat xlink:href="#sPointingRel595" value="advmod"/>
		<feat xlink:href="#sPointingRel597" value="det"/>
		<feat xlink:href="#sPointingRel599" value="advmod"/>
		<feat xlink:href="#sPointingRel601" value="nsubj"/>
		<feat xlink:href="#sPointingRel603" value="nsubj"/>
		<feat xlink:href="#sPointingRel605" value="aux"/>
		<feat xlink:href="#sPointingRel607" value="mark"/>
		<feat xlink:href="#sPointingRel609" value="obl"/>
		<feat xlink:href="#sPointingRel611" value="punct"/>
		<feat xlink:href="#sPointingRel613" value="advmod"/>
		<feat xlink:href="#sPointingRel615" value="det"/>
		<feat xlink:href="#sPointingRel617" value="advmod"/>
		<feat xlink:href="#sPointingRel619" value="nmod"/>
		<feat xlink:href="#sPointingRel621" value="det"/>
		<feat xlink:href="#sPointingRel623" value="advmod"/>
		<feat xlink:href="#sPointingRel625" value="det"/>
		<feat xlink:href="#sPointingRel627" value="cop"/>
		<feat xlink:href="#sPointingRel629" value="orphan"/>
		<feat xlink:href="#sPointingRel631" value="case"/>
		<feat xlink:href="#sPointingRel633" value="case"/>
		<feat xlink:href="#sPointingRel635" value="case"/>
		<feat xlink:href="#sPointingRel637" value="advmod"/>
		<feat xlink:href="#sPointingRel639" value="case"/>
		<feat xlink:href="#sPointingRel641" value="det"/>
		<feat xlink:href="#sPointingRel643" value="nsubj"/>
		<feat xlink:href="#sPointingRel645" value="case"/>
		<feat xlink:href="#sPointingRel647" value="case"/>
		<feat xlink:href="#sPointingRel649" value="case"/>
		<feat xlink:href="#sPointingRel651" value="mark"/>
		<feat xlink:href="#sPointingRel653" value="obl"/>
		<feat xlink:href="#sPointingRel655" value="nsubj"/>
		<feat xlink:href="#sPointingRel657" value="advcl"/>
		<feat xlink:href="#sPointingRel659" value="obl"/>
		<feat xlink:href="#sPointingRel661" value="det"/>
		<feat xlink:href="#sPointingRel663" value="parataxis"/>
		<feat xlink:href="#sPointingRel665" value="advmod"/>
		<feat xlink:href="#sPointingRel667" value="nsubj"/>
		<feat xlink:href="#sPointingRel669" value="nmod"/>
		<feat xlink:href="#sPointingRel671" value="iobj"/>
		<feat xlink:href="#sPointingRel673" value="mark"/>
		<feat xlink:href="#sPointingRel675" value="case"/>
		<feat xlink:href="#sPointingRel677" value="advmod"/>
		<feat xlink:href="#sPointingRel679" value="advmod"/>
		<feat xlink:href="#sPointingRel681" value="punct"/>
		<feat xlink:href="#sPointingRel683" value="advmod"/>
		<feat xlink:href="#sPointingRel685" value="obl"/>
		<feat xlink:href="#sPointingRel687" value="case"/>
		<feat xlink:href="#sPointingRel689" value="cc"/>
		<feat xlink:href="#sPointingRel691" value="acl:relcl"/>
		<feat xlink:href="#sPointingRel693" value="advmod"/>
		<feat xlink:href="#sPointingRel695" value="det"/>
		<feat xlink:href="#sPointingRel697" value="mark"/>
		<feat xlink:href="#sPointingRel699" value="advmod"/>
		<feat xlink:href="#sPointingRel701" value="advmod"/>
		<feat xlink:href="#sPointingRel703" value="case"/>
		<feat xlink:href="#sPointingRel705" value="advmod"/>
		<feat xlink:href="#sPointingRel707" value="nsubj"/>
		<feat xlink:href="#sPointingRel709" value="det"/>
		<feat xlink:href="#sPointingRel711" value="case"/>
		<feat xlink:href="#sPointingRel713" value="punct"/>
		<feat xlink:href="#sPointingRel715" value="advcl"/>
		<feat xlink:href="#sPointingRel717" value="obl"/>
		<feat xlink:href="#sPointingRel719" value="acl:relcl"/>
		<feat xlink:href="#sPointingRel721" value="mark"/>
		<feat xlink:href="#sPointingRel723" value="nsubj"/>
		<feat xlink:href="#sPointingRel725" value="cc"/>
		<feat xlink:href="#sPointingRel727" value="nsubj"/>
		<feat xlink:href="#sPointingRel729" value="aux"/>
		<feat xlink:href="#sPointingRel731" value="obj"/>
		<feat xlink:href="#sPointingRel733" value="acl:relcl"/>
		<feat xlink:href="#sPointingRel735" value="nsubj"/>
		<feat xlink:href="#sPointingRel737" value="advmod"/>
		<feat xlink:href="#sPointingRel739" value="punct"/>
		<feat xlink:href="#sPointingRel741" value="mark"/>
		<feat xlink:href="#sPointingRel743" value="punct"/>
		<feat xlink:href="#sPointingRel745" value="case"/>
		<feat xlink:href="#sPointingRel747" value="det"/>
		<feat xlink:href="#sPointingRel749" value="det"/>
		<feat xlink:href="#sPointingRel751" value="cc"/>
		<feat xlink:href="#sPointingRel753" value="advmod"/>
		<feat xlink:href="#sPointingRel755" value="obj"/>
		<feat xlink:href="#sPointingRel757" value="aux"/>
		<feat xlink:href="#sPointingRel759" value="punct"/>
		<feat xlink:href="#sPointingRel761" value="case"/>
		<feat xlink:href="#sPointingRel763" value="case"/>
		<feat xlink:href="#sPointingRel765" value="orphan"/>
		<feat xlink:href="#sPointingRel767" value="det"/>
		<feat xlink:href="#sPointingRel769" value="cc"/>
		<feat xlink:href="#sPointingRel771" value="mark"/>
		<feat xlink:href="#sPointingRel773" value="nsubj"/>
		<feat xlink:href="#sPointingRel775" value="case"/>
		<feat xlink:href="#sPointingRel777" value="nmod"/>
		<feat xlink:href="#sPointingRel779" value="case"/>
		<feat xlink:href="#sPointingRel781" value="cc"/>
		<feat xlink:href="#sPointingRel783" value="advcl"/>
		<feat xlink:href="#sPointingRel785" value="obl"/>
		<feat xlink:href="#sPointingRel787" value="det"/>
		<feat xlink:href="#sPointingRel789" value="nsubj"/>
		<feat xlink:href="#sPointingRel791" value="cc"/>
		<feat xlink:href="#sPointingRel793" value="case"/>
		<feat xlink:href="#sPointingRel795" value="nsubj"/>
		<feat xlink:href="#sPointingRel797" value="advmod"/>
		<feat xlink:href="#sPointingRel799" value="aux"/>
		<feat xlink:href="#sPointingRel801" value="nsubj"/>
		<feat xlink:href="#sPointingRel803" value="obl"/>
		<feat xlink:href="#sPointingRel805" value="advmod"/>
		<feat xlink:href="#sPointingRel807" value="det"/>
		<feat xlink:href="#sPointingRel809" value="ccomp"/>
		<feat xlink:href="#sPointingRel811" value="case"/>
		<feat xlink:href="#sPointingRel813" value="case"/>
		<feat xlink:href="#sPointingRel815" value="nmod"/>
		<feat xlink:href="#sPointingRel817" value="case"/>
		<feat xlink:href="#sPointingRel819" value="punct"/>
		<feat xlink:href="#sPointingRel821" value="det"/>
		<feat xlink:href="#sPointingRel823" value="advmod"/>
		<feat xlink:href="#sPointingRel825" value="punct"/>
		<feat xlink:href="#sPointingRel827" value="obj"/>
		<feat xlink:href="#sPointingRel829" value="cc"/>
		<feat xlink:href="#sPointingRel831" value="cop"/>
		<feat xlink:href="#sPointingRel833" value="nsubj"/>
		<feat xlink:href="#sPointingRel835" value="punct"/>
		<feat xlink:href="#sPointingRel837" value="parataxis"/>
		<feat xlink:href="#sPointingRel839" value="case"/>
		<feat xlink:href="#sPointingRel841" value="case"/>
		<feat xlink:href="#sPointingRel843" value="parataxis"/>
		<feat xlink:href="#sPointingRel845" value="cc"/>
		<feat xlink:href="#sPointingRel847" value="det"/>
		<feat xlink:href="#sPointingRel849" value="case"/>
		<feat xlink:href="#sPointingRel851" value="det"/>
		<feat xlink:href="#sPointingRel853" value="nsubj"/>
		<feat xlink:href="#sPointingRel855" value="det"/>
		<feat xlink:href="#sPointingRel857" value="det"/>
		<feat xlink:href="#sPointingRel859" value="case"/>
		<feat xlink:href="#sPointingRel861" value="cc"/>
		<feat xlink:href="#sPointingRel863" value="nsubj"/>
		<feat xlink:href="#sPointingRel865" value="dislocated"/>
		<feat xlink:href="#sPointingRel867" value="case"/>
		<feat xlink:href="#sPointingRel869" value="case"/>
		<feat xlink:href="#sPointingRel871" value="mark"/>
		<feat xlink:href="#sPointingRel873" value="mark"/>
		<feat xlink:href="#sPointingRel875" value="nsubj"/>
		<feat xlink:href="#sPointingRel877" value="case"/>
		<feat xlink:href="#sPointingRel879" value="nmod"/>
		<feat xlink:href="#sPointingRel881" value="xcomp"/>
		<feat xlink:href="#sPointingRel883" value="conj"/>
		<feat xlink:href="#sPointingRel885" value="det"/>
		<feat xlink:href="#sPointingRel887" value="nmod"/>
		<feat xlink:href="#sPointingRel889" value="case"/>
		<feat xlink:href="#sPointingRel891" value="obl"/>
		<feat xlink:href="#sPointingRel893" value="advmod"/>
		<feat xlink:href="#sPointingRel895" value="cop"/>
		<feat xlink:href="#sPointingRel897" value="nsubj"/>
		<feat xlink:href="#sPointingRel899" value="case"/>
		<feat xlink:href="#sPointingRel901" value="det"/>
		<feat xlink:href="#sPointingRel903" value="aux"/>
		<feat xlink:href="#sPointingRel905" value="conj"/>
		<feat xlink:href="#sPointingRel907" value="cc"/>
		<feat xlink:href="#sPointingRel909" value="punct"/>
		<feat xlink:href="#sPointingRel911" value="case"/>
		<feat xlink:href="#sPointingRel913" value="det"/>
		<feat xlink:href="#sPointingRel915" value="ccomp"/>
		<feat xlink:href="#sPointingRel917" value="acl:relcl"/>
		<feat xlink:href="#sPointingRel919" value="case"/>
		<feat xlink:href="#sPointingRel921" value="aux"/>
		<feat xlink:href="#sPointingRel923" value="nmod"/>
		<feat xlink:href="#sPointingRel925" value="cc"/>
		<feat xlink:href="#sPointingRel927" value="det"/>
		<feat xlink:href="#sPointingRel929" value="conj"/>
		<feat xlink:href="#sPointingRel931" value="xcomp"/>
		<feat xlink:href="#sPointingRel933" value="nsubj"/>
		<feat xlink:href="#sPointingRel935" value="case"/>
		<feat xlink:href="#sPointingRel937" value="cc"/>
		<feat xlink:href="#sPointingRel939" value="obj"/>
		<feat xlink:href="#sPointingRel941" value="punct"/>
		<feat xlink:href="#sPointingRel943" value="det"/>
		<feat xlink:href="#sPointingRel945" value="orphan"/>
		<feat xlink:href="#sPointingRel947" value="conj"/>
		<feat xlink:href="#sPointingRel949" value="det"/>
		<feat xlink:href="#sPointingRel951" value="nmod"/>
		<feat xlink:href="#sPointingRel953" value="nsubj"/>
		<feat xlink:href="#sPointingRel955" value="mark"/>
		<feat xlink:href="#sPointingRel957" value="det"/>
		<feat xlink:href="#sPointingRel959" value="nsubj"/>
		<feat xlink:href="#sPointingRel961" value="nmod"/>
		<feat xlink:href="#sPointingRel963" value="case"/>
		<feat xlink:href="#sPointingRel965" value="aux"/>
		<feat xlink:href="#sPointingRel967" value="aux"/>
		<feat xlink:href="#sPointingRel969" value="nsubj"/>
		<feat xlink:href="#sPointingRel971" value="case"/>
		<feat xlink:href="#sPointingRel973" value="mark"/>
		<feat xlink:href="#sPointingRel975" value="aux"/>
		<feat xlink:href="#sPointingRel977" value="case"/>
		<feat xlink:href="#sPointingRel979" value="det"/>
		<feat xlink:href="#sPointingRel981" value="nmod"/>
		<feat xlink:href="#sPointingRel983" value="nsubj"/>
		<feat xlink:href="#sPointingRel985" value="det"/>
		<feat xlink:href="#sPointingRel987" value="advmod"/>
		<feat xlink:href="#sPointingRel989" value="det"/>
		<feat xlink:href="#sPointingRel991" value="case"/>
		<feat xlink:href="#sPointingRel993" value="nsubj"/>
		<feat xlink:href="#sPointingRel995" value="conj"/>
		<feat xlink:href="#sPointingRel997" value="nsubj"/>
		<feat xlink:href="#sPointingRel999" value="obj"/>
		<feat xlink:href="#sPointingRel1001" value="cc"/>
		<feat xlink:href="#sPointingRel1003" value="parataxis"/>
		<feat xlink:href="#sPointingRel1005" value="det"/>
		<feat xlink:href="#sPointingRel1007" value="advmod"/>
		<feat xlink:href="#sPointingRel1009" value="nsubj"/>
		<feat xlink:href="#sPointingRel1011" value="parataxis"/>
		<feat xlink:href="#sPointingRel1013" value="dislocated"/>
		<feat xlink:href="#sPointingRel1015" value="det"/>
		<feat xlink:href="#sPointingRel1017" value="nsubj"/>
		<feat xlink:href="#sPointingRel1019" value="advmod"/>
		<feat xlink:href="#sPointingRel1021" value="conj"/>
		<feat xlink:href="#sPointingRel1023" value="case"/>
		<feat xlink:href="#sPointingRel1025" value="det"/>
		<feat xlink:href="#sPointingRel1027" value="obj"/>
		<feat xlink:href="#sPointingRel1029" value="conj"/>
		<feat xlink:href="#sPointingRel1031" value="conj"/>
		<feat xlink:href="#sPointingRel1033" value="advmod"/>
		<feat xlink:href="#sPointingRel1035" value="case"/>
		<feat xlink:href="#sPointingRel1037" value="obj"/>
		<feat xlink:href="#sPointingRel1039" value="aux"/>
		<feat xlink:href="#sPointingRel1041" value="nmod"/>
		<feat xlink:href="#sPointingRel1043" value="mark"/>
		<feat xlink:href="#sPointingRel1045" value="obl"/>
		<feat xlink:href="#sPointingRel1047" value="nmod"/>
		<feat xlink:href="#sPointingRel1049" value="mark"/>
		<feat xlink:href="#sPointingRel1051" value="punct"/>
		<feat xlink:href="#sPointingRel1053" value="ccomp"/>
		<feat xlink:href="#sPointingRel1055" value="ccomp"/>
		<feat xlink:href="#sPointingRel1057" value="obl"/>
		<feat xlink:href="#sPointingRel1059" value="csubj"/>
		<feat xlink:href="#sPointingRel1061" value="csubj"/>
		<feat xlink:href="#sPointingRel1063" value="conj"/>
		<feat xlink:href="#sPointingRel1065" value="cc"/>
		<feat xlink:href="#sPointingRel1067" value="nsubj"/>
		<feat xlink:href="#sPointingRel1069" value="nsubj"/>
		<feat xlink:href="#sPointingRel1071" value="parataxis"/>
		<feat xlink:href="#sPointingRel1073" value="case"/>
		<feat xlink:href="#sPointingRel1075" value="mark"/>
		<feat xlink:href="#sPointingRel1077" value="case"/>
		<feat xlink:href="#sPointingRel1079" value="mark"/>
		<feat xlink:href="#sPointingRel1081" value="aux"/>
		<feat xlink:href="#sPointingRel1083" value="det"/>
		<feat xlink:href="#sPointingRel1085" value="mark"/>
		<feat xlink:href="#sPointingRel1087" value="cc"/>
		<feat xlink:href="#sPointingRel1089" value="aux"/>
		<feat xlink:href="#sPointingRel1091" value="det"/>
		<feat xlink:href="#sPointingRel1093" value="obl"/>
		<feat xlink:href="#sPointingRel1095" value="punct"/>
		<feat xlink:href="#sPointingRel1097" value="mark"/>
		<feat xlink:href="#sPointingRel1099" value="nmod"/>
		<feat xlink:href="#sPointingRel1101" value="parataxis"/>
		<feat xlink:href="#sPointingRel1103" value="case"/>
		<feat xlink:href="#sPointingRel1105" value="parataxis"/>
		<feat xlink:href="#sPointingRel1107" value="obl"/>
		<feat xlink:href="#sPointingRel1109" value="conj"/>
		<feat xlink:href="#sPointingRel1111" value="case"/>
		<feat xlink:href="#sPointingRel1113" value="punct"/>
		<feat xlink:href="#sPointingRel1115" value="dislocated"/></featList></paula>