<?xml version='1.0' encoding='UTF-8'?><!DOCTYPE paula SYSTEM "paula_feat.dtd">
<paula version="1.1">
	<header paula_id="scriptorium.1Cor_06.mark_translation"/>
	<featList xmlns:xlink="http://www.w3.org/1999/xlink" type="translation" xml:base="scriptorium.1Cor_06.mark.xml">
		<feat xlink:href="#sSpan8" value="Dare any of you, having a matter against his neighbor, go to law before the unrighteous, and not before the saints?"/>
		<feat xlink:href="#sSpan115" value="Don&amp;apos;t you know that the saints will judge the world? And if the world is judged by you, are you unworthy to judge the smallest matters?"/>
		<feat xlink:href="#sSpan246" value="Don&amp;apos;t you know that we will judge angels? How much more, things that pertain to this life?"/>
		<feat xlink:href="#sSpan312" value="If then, you have to judge things pertaining to this life, do you set them to judge who are of no account in the assembly?"/>
		<feat xlink:href="#sSpan389" value="I say this to move you to shame. Isn&amp;apos;t there even one wise man among you who would be able to decide between his brothers?"/>
		<feat xlink:href="#sSpan508" value="But brother goes to law with brother, and that before unbelievers!"/>
		<feat xlink:href="#sSpan570" value="Therefore it is already altogether a defect in you, that you have lawsuits one with another. Why not rather be wronged? Why not rather be defrauded?"/>
		<feat xlink:href="#sSpan700" value="No, but you yourselves do wrong, and defraud, and that against your brothers."/>
		<feat xlink:href="#sSpan766" value="Or don&amp;apos;t you know that the unrighteous will not inherit the Kingdom of God? Don&amp;apos;t be deceived. Neither the sexually immoral, nor idolaters, nor adulterers, nor male prostitutes, nor homosexuals,"/>
		<feat xlink:href="#sSpan923" value="nor thieves, nor covetous, nor drunkards, nor slanderers, nor extortioners, will inherit the Kingdom of God."/>
		<feat xlink:href="#sSpan1035" value="Such were some of you, but you were washed. But you were sanctified. But you were justified in the name of the Lord Jesus, and in the Spirit of our God."/>
		<feat xlink:href="#sSpan1156" value="All things are lawful for me,&amp;apos; but not all things are expedient. &amp;apos;All things are lawful for me,&amp;apos; but I will not be brought under the power of anything."/>
		<feat xlink:href="#sSpan1277" value="Foods for the belly, and the belly for foods,&amp;apos; but God will bring to nothing both it and them. But the body is not for sexual immorality, but for the Lord; and the Lord for the body."/>
		<feat xlink:href="#sSpan1420" value="Now God raised up the Lord, and will also raise us up by his power."/>
		<feat xlink:href="#sSpan1479" value="Don&amp;apos;t you know that your bodies are members of Christ? Shall I then take the members of Christ, and make them members of a prostitute? May it never be!"/>
		<feat xlink:href="#sSpan1596" value="Or don&amp;apos;t you know that he who is joined to a prostitute is one body? For, &amp;apos;The two,&amp;apos; says he, &amp;apos;will become one flesh.&amp;apos;"/>
		<feat xlink:href="#sSpan1717" value="But he who is joined to the Lord is one spirit."/>
		<feat xlink:href="#sSpan1773" value="Flee sexual immorality! &amp;apos;Every sin that a man does is outside the body,&amp;apos; but he who commits sexual immorality sins against his own body."/>
		<feat xlink:href="#sSpan1901" value="Or don&amp;apos;t you know that your body is a temple of the Holy Spirit which is in you, which you have from God? You are not your own,"/>
		<feat xlink:href="#sSpan2027" value="for you were bought with a price. Therefore glorify God in your body and in your spirit, which are God&amp;apos;s."/></featList></paula>