<?xml version='1.0' encoding='UTF-8'?><!DOCTYPE paula SYSTEM "paula_feat.dtd">
<paula version="1.1">
	<header paula_id="scriptorium.1Cor_06.mark_verse_vid"/>
	<featList xmlns:xlink="http://www.w3.org/1999/xlink" type="verse_vid" xml:base="scriptorium.1Cor_06.mark.xml">
		<feat xlink:href="#sSpan6" value="46N 6:1"/>
		<feat xlink:href="#sSpan112" value="46N 6:2"/>
		<feat xlink:href="#sSpan244" value="46N 6:3"/>
		<feat xlink:href="#sSpan310" value="46N 6:4"/>
		<feat xlink:href="#sSpan386" value="46N 6:5"/>
		<feat xlink:href="#sSpan506" value="46N 6:6"/>
		<feat xlink:href="#sSpan567" value="46N 6:7"/>
		<feat xlink:href="#sSpan697" value="46N 6:8"/>
		<feat xlink:href="#sSpan763" value="46N 6:9"/>
		<feat xlink:href="#sSpan920" value="46N 6:10"/>
		<feat xlink:href="#sSpan1032" value="46N 6:11"/>
		<feat xlink:href="#sSpan1154" value="46N 6:12"/>
		<feat xlink:href="#sSpan1275" value="46N 6:13"/>
		<feat xlink:href="#sSpan1418" value="46N 6:14"/>
		<feat xlink:href="#sSpan1477" value="46N 6:15"/>
		<feat xlink:href="#sSpan1593" value="46N 6:16"/>
		<feat xlink:href="#sSpan1715" value="46N 6:17"/>
		<feat xlink:href="#sSpan1771" value="46N 6:18"/>
		<feat xlink:href="#sSpan1899" value="46N 6:19"/>
		<feat xlink:href="#sSpan2024" value="46N 6:20"/></featList></paula>