<?xml version='1.0' encoding='UTF-8'?><!DOCTYPE paula SYSTEM "paula_rel.dtd">
<paula version="1.1">
	<header paula_id="scriptorium.1Cor_06.head"/>
	<relList xmlns:xlink="http://www.w3.org/1999/xlink" type="head">
		<rel id="sPointingRel1117" xlink:href="scriptorium.1Cor_06.mark.xml#sSpan1808" target="scriptorium.1Cor_06.mark.xml#sSpan1809"/>
		<rel id="sPointingRel1119" xlink:href="scriptorium.1Cor_06.mark.xml#sSpan297" target="scriptorium.1Cor_06.mark.xml#sSpan299"/>
		<rel id="sPointingRel1121" xlink:href="scriptorium.1Cor_06.mark.xml#sSpan1298" target="scriptorium.1Cor_06.mark.xml#sSpan1299"/>
		<rel id="sPointingRel1123" xlink:href="scriptorium.1Cor_06.mark.xml#sSpan544" target="scriptorium.1Cor_06.mark.xml#sSpan542"/>
		<rel id="sPointingRel1125" xlink:href="scriptorium.1Cor_06.mark.xml#sSpan750" target="scriptorium.1Cor_06.mark.xml#sSpan751"/>
		<rel id="sPointingRel1127" xlink:href="scriptorium.1Cor_06.mark.xml#sSpan188" target="scriptorium.1Cor_06.mark.xml#sSpan190"/>
		<rel id="sPointingRel1129" xlink:href="scriptorium.1Cor_06.mark.xml#sSpan1616" target="scriptorium.1Cor_06.mark.xml#sSpan1614"/>
		<rel id="sPointingRel1131" xlink:href="scriptorium.1Cor_06.mark.xml#sSpan1244" target="scriptorium.1Cor_06.mark.xml#sSpan1242"/>
		<rel id="sPointingRel1133" xlink:href="scriptorium.1Cor_06.mark.xml#sSpan14" target="scriptorium.1Cor_06.mark.xml#sSpan12"/>
		<rel id="sPointingRel1135" xlink:href="scriptorium.1Cor_06.mark.xml#sSpan233" target="scriptorium.1Cor_06.mark.xml#sSpan231"/>
		<rel id="sPointingRel1137" xlink:href="scriptorium.1Cor_06.mark.xml#sSpan51" target="scriptorium.1Cor_06.mark.xml#sSpan49"/>
		<rel id="sPointingRel1139" xlink:href="scriptorium.1Cor_06.mark.xml#sSpan1394" target="scriptorium.1Cor_06.mark.xml#sSpan1397"/>
		<rel id="sPointingRel1141" xlink:href="scriptorium.1Cor_06.mark.xml#sSpan1695" target="scriptorium.1Cor_06.mark.xml#sSpan1697"/>
		<rel id="sPointingRel1143" xlink:href="scriptorium.1Cor_06.mark.xml#sSpan860" target="scriptorium.1Cor_06.mark.xml#sSpan858"/>
		<rel id="sPointingRel1145" xlink:href="scriptorium.1Cor_06.mark.xml#sSpan366" target="scriptorium.1Cor_06.mark.xml#sSpan364"/>
		<rel id="sPointingRel1147" xlink:href="scriptorium.1Cor_06.mark.xml#sSpan1990" target="scriptorium.1Cor_06.mark.xml#sSpan1991"/>
		<rel id="sPointingRel1149" xlink:href="scriptorium.1Cor_06.mark.xml#sSpan1335" target="scriptorium.1Cor_06.mark.xml#sSpan1336"/>
		<rel id="sPointingRel1151" xlink:href="scriptorium.1Cor_06.mark.xml#sSpan814" target="scriptorium.1Cor_06.mark.xml#sSpan816"/>
		<rel id="sPointingRel1153" xlink:href="scriptorium.1Cor_06.mark.xml#sSpan1140" target="scriptorium.1Cor_06.mark.xml#sSpan1141"/>
		<rel id="sPointingRel1155" xlink:href="scriptorium.1Cor_06.mark.xml#sSpan741" target="scriptorium.1Cor_06.mark.xml#sSpan739"/>
		<rel id="sPointingRel1157" xlink:href="scriptorium.1Cor_06.mark.xml#sSpan1713" target="scriptorium.1Cor_06.mark.xml#sSpan1709"/>
		<rel id="sPointingRel1159" xlink:href="scriptorium.1Cor_06.mark.xml#sSpan946" target="scriptorium.1Cor_06.mark.xml#sSpan944"/>
		<rel id="sPointingRel1161" xlink:href="scriptorium.1Cor_06.mark.xml#sSpan657" target="scriptorium.1Cor_06.mark.xml#sSpan655"/>
		<rel id="sPointingRel1163" xlink:href="scriptorium.1Cor_06.mark.xml#sSpan825" target="scriptorium.1Cor_06.mark.xml#sSpan826"/>
		<rel id="sPointingRel1165" xlink:href="scriptorium.1Cor_06.mark.xml#sSpan1039" target="scriptorium.1Cor_06.mark.xml#sSpan1037"/>
		<rel id="sPointingRel1167" xlink:href="scriptorium.1Cor_06.mark.xml#sSpan360" target="scriptorium.1Cor_06.mark.xml#sSpan362"/>
		<rel id="sPointingRel1169" xlink:href="scriptorium.1Cor_06.mark.xml#sSpan786" target="scriptorium.1Cor_06.mark.xml#sSpan788"/>
		<rel id="sPointingRel1171" xlink:href="scriptorium.1Cor_06.mark.xml#sSpan1506" target="scriptorium.1Cor_06.mark.xml#sSpan1504"/>
		<rel id="sPointingRel1173" xlink:href="scriptorium.1Cor_06.mark.xml#sSpan1307" target="scriptorium.1Cor_06.mark.xml#sSpan1309"/>
		<rel id="sPointingRel1175" xlink:href="scriptorium.1Cor_06.mark.xml#sSpan332" target="scriptorium.1Cor_06.mark.xml#sSpan333"/>
		<rel id="sPointingRel1177" xlink:href="scriptorium.1Cor_06.mark.xml#sSpan1827" target="scriptorium.1Cor_06.mark.xml#sSpan1828"/>
		<rel id="sPointingRel1179" xlink:href="scriptorium.1Cor_06.mark.xml#sSpan847" target="scriptorium.1Cor_06.mark.xml#sSpan845"/>
		<rel id="sPointingRel1181" xlink:href="scriptorium.1Cor_06.mark.xml#sSpan42" target="scriptorium.1Cor_06.mark.xml#sSpan43"/>
		<rel id="sPointingRel1183" xlink:href="scriptorium.1Cor_06.mark.xml#sSpan1921" target="scriptorium.1Cor_06.mark.xml#sSpan1923"/>
		<rel id="sPointingRel1185" xlink:href="scriptorium.1Cor_06.mark.xml#sSpan1152" target="scriptorium.1Cor_06.mark.xml#sSpan1147"/>
		<rel id="sPointingRel1187" xlink:href="scriptorium.1Cor_06.mark.xml#sSpan1747" target="scriptorium.1Cor_06.mark.xml#sSpan1749"/>
		<rel id="sPointingRel1189" xlink:href="scriptorium.1Cor_06.mark.xml#sSpan1273" target="scriptorium.1Cor_06.mark.xml#sSpan1279"/>
		<rel id="sPointingRel1191" xlink:href="scriptorium.1Cor_06.mark.xml#sSpan1287" target="scriptorium.1Cor_06.mark.xml#sSpan1288"/>
		<rel id="sPointingRel1193" xlink:href="scriptorium.1Cor_06.mark.xml#sSpan1366" target="scriptorium.1Cor_06.mark.xml#sSpan1368"/>
		<rel id="sPointingRel1195" xlink:href="scriptorium.1Cor_06.mark.xml#sSpan1314" target="scriptorium.1Cor_06.mark.xml#sSpan1317"/>
		<rel id="sPointingRel1197" xlink:href="scriptorium.1Cor_06.mark.xml#sSpan1385" target="scriptorium.1Cor_06.mark.xml#sSpan1386"/>
		<rel id="sPointingRel1199" xlink:href="scriptorium.1Cor_06.mark.xml#sSpan422" target="scriptorium.1Cor_06.mark.xml#sSpan420"/>
		<rel id="sPointingRel1201" xlink:href="scriptorium.1Cor_06.mark.xml#sSpan457" target="scriptorium.1Cor_06.mark.xml#sSpan455"/>
		<rel id="sPointingRel1203" xlink:href="scriptorium.1Cor_06.mark.xml#sSpan1495" target="scriptorium.1Cor_06.mark.xml#sSpan1497"/>
		<rel id="sPointingRel1205" xlink:href="scriptorium.1Cor_06.mark.xml#sSpan1846" target="scriptorium.1Cor_06.mark.xml#sSpan1844"/>
		<rel id="sPointingRel1207" xlink:href="scriptorium.1Cor_06.mark.xml#sSpan1551" target="scriptorium.1Cor_06.mark.xml#sSpan1553"/>
		<rel id="sPointingRel1209" xlink:href="scriptorium.1Cor_06.mark.xml#sSpan710" target="scriptorium.1Cor_06.mark.xml#sSpan706"/>
		<rel id="sPointingRel1211" xlink:href="scriptorium.1Cor_06.mark.xml#sSpan441" target="scriptorium.1Cor_06.mark.xml#sSpan439"/>
		<rel id="sPointingRel1213" xlink:href="scriptorium.1Cor_06.mark.xml#sSpan1465" target="scriptorium.1Cor_06.mark.xml#sSpan1466"/>
		<rel id="sPointingRel1215" xlink:href="scriptorium.1Cor_06.mark.xml#sSpan1211" target="scriptorium.1Cor_06.mark.xml#sSpan1206"/>
		<rel id="sPointingRel1217" xlink:href="scriptorium.1Cor_06.mark.xml#sSpan1797" target="scriptorium.1Cor_06.mark.xml#sSpan1793"/>
		<rel id="sPointingRel1219" xlink:href="scriptorium.1Cor_06.mark.xml#sSpan1187" target="scriptorium.1Cor_06.mark.xml#sSpan1182"/>
		<rel id="sPointingRel1221" xlink:href="scriptorium.1Cor_06.mark.xml#sSpan1103" target="scriptorium.1Cor_06.mark.xml#sSpan1104"/>
		<rel id="sPointingRel1223" xlink:href="scriptorium.1Cor_06.mark.xml#sSpan1009" target="scriptorium.1Cor_06.mark.xml#sSpan1011"/>
		<rel id="sPointingRel1225" xlink:href="scriptorium.1Cor_06.mark.xml#sSpan493" target="scriptorium.1Cor_06.mark.xml#sSpan494"/>
		<rel id="sPointingRel1227" xlink:href="scriptorium.1Cor_06.mark.xml#sSpan1740" target="scriptorium.1Cor_06.mark.xml#sSpan1741"/>
		<rel id="sPointingRel1229" xlink:href="scriptorium.1Cor_06.mark.xml#sSpan1130" target="scriptorium.1Cor_06.mark.xml#sSpan1132"/>
		<rel id="sPointingRel1231" xlink:href="scriptorium.1Cor_06.mark.xml#sSpan1641" target="scriptorium.1Cor_06.mark.xml#sSpan1643"/>
		<rel id="sPointingRel1233" xlink:href="scriptorium.1Cor_06.mark.xml#sSpan341" target="scriptorium.1Cor_06.mark.xml#sSpan343"/>
		<rel id="sPointingRel1235" xlink:href="scriptorium.1Cor_06.mark.xml#sSpan93" target="scriptorium.1Cor_06.mark.xml#sSpan91"/>
		<rel id="sPointingRel1237" xlink:href="scriptorium.1Cor_06.mark.xml#sSpan966" target="scriptorium.1Cor_06.mark.xml#sSpan964"/>
		<rel id="sPointingRel1239" xlink:href="scriptorium.1Cor_06.mark.xml#sSpan590" target="scriptorium.1Cor_06.mark.xml#sSpan591"/>
		<rel id="sPointingRel1241" xlink:href="scriptorium.1Cor_06.mark.xml#sSpan72" target="scriptorium.1Cor_06.mark.xml#sSpan74"/>
		<rel id="sPointingRel1243" xlink:href="scriptorium.1Cor_06.mark.xml#sSpan294" target="scriptorium.1Cor_06.mark.xml#sSpan292"/>
		<rel id="sPointingRel1245" xlink:href="scriptorium.1Cor_06.mark.xml#sSpan888" target="scriptorium.1Cor_06.mark.xml#sSpan886"/>
		<rel id="sPointingRel1247" xlink:href="scriptorium.1Cor_06.mark.xml#sSpan1567" target="scriptorium.1Cor_06.mark.xml#sSpan1569"/>
		<rel id="sPointingRel1249" xlink:href="scriptorium.1Cor_06.mark.xml#sSpan1836" target="scriptorium.1Cor_06.mark.xml#sSpan1838"/>
		<rel id="sPointingRel1251" xlink:href="scriptorium.1Cor_06.mark.xml#sSpan407" target="scriptorium.1Cor_06.mark.xml#sSpan408"/>
		<rel id="sPointingRel1253" xlink:href="scriptorium.1Cor_06.mark.xml#sSpan1112" target="scriptorium.1Cor_06.mark.xml#sSpan1116"/>
		<rel id="sPointingRel1255" xlink:href="scriptorium.1Cor_06.mark.xml#sSpan1438" target="scriptorium.1Cor_06.mark.xml#sSpan1439"/>
		<rel id="sPointingRel1257" xlink:href="scriptorium.1Cor_06.mark.xml#sSpan135" target="scriptorium.1Cor_06.mark.xml#sSpan133"/>
		<rel id="sPointingRel1259" xlink:href="scriptorium.1Cor_06.mark.xml#sSpan216" target="scriptorium.1Cor_06.mark.xml#sSpan217"/>
		<rel id="sPointingRel1261" xlink:href="scriptorium.1Cor_06.mark.xml#sSpan2046" target="scriptorium.1Cor_06.mark.xml#sSpan2047"/>
		<rel id="sPointingRel1263" xlink:href="scriptorium.1Cor_06.mark.xml#sSpan1578" target="scriptorium.1Cor_06.mark.xml#sSpan1576"/>
		<rel id="sPointingRel1265" xlink:href="scriptorium.1Cor_06.mark.xml#sSpan1020" target="scriptorium.1Cor_06.mark.xml#sSpan1021"/>
		<rel id="sPointingRel1267" xlink:href="scriptorium.1Cor_06.mark.xml#sSpan349" target="scriptorium.1Cor_06.mark.xml#sSpan345"/>
		<rel id="sPointingRel1269" xlink:href="scriptorium.1Cor_06.mark.xml#sSpan1929" target="scriptorium.1Cor_06.mark.xml#sSpan1930"/>
		<rel id="sPointingRel1271" xlink:href="scriptorium.1Cor_06.mark.xml#sSpan1785" target="scriptorium.1Cor_06.mark.xml#sSpan1787"/>
		<rel id="sPointingRel1273" xlink:href="scriptorium.1Cor_06.mark.xml#sSpan1942" target="scriptorium.1Cor_06.mark.xml#sSpan1944"/>
		<rel id="sPointingRel1275" xlink:href="scriptorium.1Cor_06.mark.xml#sSpan157" target="scriptorium.1Cor_06.mark.xml#sSpan159"/>
		<rel id="sPointingRel1277" xlink:href="scriptorium.1Cor_06.mark.xml#sSpan875" target="scriptorium.1Cor_06.mark.xml#sSpan873"/>
		<rel id="sPointingRel1279" xlink:href="scriptorium.1Cor_06.mark.xml#sSpan1424" target="scriptorium.1Cor_06.mark.xml#sSpan1425"/>
		<rel id="sPointingRel1281" xlink:href="scriptorium.1Cor_06.mark.xml#sSpan516" target="scriptorium.1Cor_06.mark.xml#sSpan517"/>
		<rel id="sPointingRel1283" xlink:href="scriptorium.1Cor_06.mark.xml#sSpan1686" target="scriptorium.1Cor_06.mark.xml#sSpan1687"/>
		<rel id="sPointingRel1285" xlink:href="scriptorium.1Cor_06.mark.xml#sSpan553" target="scriptorium.1Cor_06.mark.xml#sSpan555"/>
		<rel id="sPointingRel1287" xlink:href="scriptorium.1Cor_06.mark.xml#sSpan1326" target="scriptorium.1Cor_06.mark.xml#sSpan1324"/>
		<rel id="sPointingRel1289" xlink:href="scriptorium.1Cor_06.mark.xml#sSpan909" target="scriptorium.1Cor_06.mark.xml#sSpan907"/>
		<rel id="sPointingRel1291" xlink:href="scriptorium.1Cor_06.mark.xml#sSpan225" target="scriptorium.1Cor_06.mark.xml#sSpan223"/>
		<rel id="sPointingRel1293" xlink:href="scriptorium.1Cor_06.mark.xml#sSpan901" target="scriptorium.1Cor_06.mark.xml#sSpan899"/>
		<rel id="sPointingRel1295" xlink:href="scriptorium.1Cor_06.mark.xml#sSpan2078" target="scriptorium.1Cor_06.mark.xml#sSpan2080"/>
		<rel id="sPointingRel1297" xlink:href="scriptorium.1Cor_06.mark.xml#sSpan613" target="scriptorium.1Cor_06.mark.xml#sSpan611"/>
		<rel id="sPointingRel1299" xlink:href="scriptorium.1Cor_06.mark.xml#sSpan1405" target="scriptorium.1Cor_06.mark.xml#sSpan1407"/>
		<rel id="sPointingRel1301" xlink:href="scriptorium.1Cor_06.mark.xml#sSpan531" target="scriptorium.1Cor_06.mark.xml#sSpan532"/>
		<rel id="sPointingRel1303" xlink:href="scriptorium.1Cor_06.mark.xml#sSpan980" target="scriptorium.1Cor_06.mark.xml#sSpan978"/>
		<rel id="sPointingRel1305" xlink:href="scriptorium.1Cor_06.mark.xml#sSpan994" target="scriptorium.1Cor_06.mark.xml#sSpan992"/>
		<rel id="sPointingRel1307" xlink:href="scriptorium.1Cor_06.mark.xml#sSpan932" target="scriptorium.1Cor_06.mark.xml#sSpan930"/>
		<rel id="sPointingRel1309" xlink:href="scriptorium.1Cor_06.mark.xml#sSpan1350" target="scriptorium.1Cor_06.mark.xml#sSpan1354"/>
		<rel id="sPointingRel1311" xlink:href="scriptorium.1Cor_06.mark.xml#sSpan273" target="scriptorium.1Cor_06.mark.xml#sSpan275"/>
		<rel id="sPointingRel1313" xlink:href="scriptorium.1Cor_06.mark.xml#sSpan1541" target="scriptorium.1Cor_06.mark.xml#sSpan1543"/>
		<rel id="sPointingRel1315" xlink:href="scriptorium.1Cor_06.mark.xml#sSpan1633" target="scriptorium.1Cor_06.mark.xml#sSpan1635"/>
		<rel id="sPointingRel1317" xlink:href="scriptorium.1Cor_06.mark.xml#sSpan1879" target="scriptorium.1Cor_06.mark.xml#sSpan1881"/>
		<rel id="sPointingRel1319" xlink:href="scriptorium.1Cor_06.mark.xml#sSpan1513" target="scriptorium.1Cor_06.mark.xml#sSpan1515"/>
		<rel id="sPointingRel1321" xlink:href="scriptorium.1Cor_06.mark.xml#sSpan2069" target="scriptorium.1Cor_06.mark.xml#sSpan2070"/></relList></paula>