<?xml version='1.0' encoding='UTF-8'?><!DOCTYPE paula SYSTEM "paula_rel.dtd">
<paula version="1.1">
	<header paula_id="scriptorium.1Cor_06.dep"/>
	<relList xmlns:xlink="http://www.w3.org/1999/xlink" type="dep">
		<rel id="sPointingRel1" xlink:href="scriptorium.1Cor_06.mark.xml#sSpan520" target="scriptorium.1Cor_06.mark.xml#sSpan534"/>
		<rel id="sPointingRel3" xlink:href="scriptorium.1Cor_06.mark.xml#sSpan1432" target="scriptorium.1Cor_06.mark.xml#sSpan1441"/>
		<rel id="sPointingRel5" xlink:href="scriptorium.1Cor_06.mark.xml#sSpan520" target="scriptorium.1Cor_06.mark.xml#sSpan532"/>
		<rel id="sPointingRel7" xlink:href="scriptorium.1Cor_06.mark.xml#sSpan607" target="scriptorium.1Cor_06.mark.xml#sSpan611"/>
		<rel id="sPointingRel9" xlink:href="scriptorium.1Cor_06.mark.xml#sSpan1958" target="scriptorium.1Cor_06.mark.xml#sSpan1956"/>
		<rel id="sPointingRel11" xlink:href="scriptorium.1Cor_06.mark.xml#sSpan1749" target="scriptorium.1Cor_06.mark.xml#sSpan1743"/>
		<rel id="sPointingRel13" xlink:href="scriptorium.1Cor_06.mark.xml#sSpan706" target="scriptorium.1Cor_06.mark.xml#sSpan713"/>
		<rel id="sPointingRel15" xlink:href="scriptorium.1Cor_06.mark.xml#sSpan591" target="scriptorium.1Cor_06.mark.xml#sSpan687"/>
		<rel id="sPointingRel17" xlink:href="scriptorium.1Cor_06.mark.xml#sSpan555" target="scriptorium.1Cor_06.mark.xml#sSpan547"/>
		<rel id="sPointingRel19" xlink:href="scriptorium.1Cor_06.mark.xml#sSpan1543" target="scriptorium.1Cor_06.mark.xml#sSpan1553"/>
		<rel id="sPointingRel21" xlink:href="scriptorium.1Cor_06.mark.xml#sSpan1815" target="scriptorium.1Cor_06.mark.xml#sSpan1817"/>
		<rel id="sPointingRel23" xlink:href="scriptorium.1Cor_06.mark.xml#sSpan1240" target="scriptorium.1Cor_06.mark.xml#sSpan1228"/>
		<rel id="sPointingRel25" xlink:href="scriptorium.1Cor_06.mark.xml#sSpan485" target="scriptorium.1Cor_06.mark.xml#sSpan494"/>
		<rel id="sPointingRel27" xlink:href="scriptorium.1Cor_06.mark.xml#sSpan56" target="scriptorium.1Cor_06.mark.xml#sSpan52"/>
		<rel id="sPointingRel29" xlink:href="scriptorium.1Cor_06.mark.xml#sSpan1163" target="scriptorium.1Cor_06.mark.xml#sSpan1193"/>
		<rel id="sPointingRel31" xlink:href="scriptorium.1Cor_06.mark.xml#sSpan643" target="scriptorium.1Cor_06.mark.xml#sSpan641"/>
		<rel id="sPointingRel33" xlink:href="scriptorium.1Cor_06.mark.xml#sSpan788" target="scriptorium.1Cor_06.mark.xml#sSpan795"/>
		<rel id="sPointingRel35" xlink:href="scriptorium.1Cor_06.mark.xml#sSpan1881" target="scriptorium.1Cor_06.mark.xml#sSpan1873"/>
		<rel id="sPointingRel37" xlink:href="scriptorium.1Cor_06.mark.xml#sSpan204" target="scriptorium.1Cor_06.mark.xml#sSpan180"/>
		<rel id="sPointingRel39" xlink:href="scriptorium.1Cor_06.mark.xml#sSpan393" target="scriptorium.1Cor_06.mark.xml#sSpan408"/>
		<rel id="sPointingRel41" xlink:href="scriptorium.1Cor_06.mark.xml#sSpan1397" target="scriptorium.1Cor_06.mark.xml#sSpan1392"/>
		<rel id="sPointingRel43" xlink:href="scriptorium.1Cor_06.mark.xml#sSpan190" target="scriptorium.1Cor_06.mark.xml#sSpan186"/>
		<rel id="sPointingRel45" xlink:href="scriptorium.1Cor_06.mark.xml#sSpan1543" target="scriptorium.1Cor_06.mark.xml#sSpan1535"/>
		<rel id="sPointingRel47" xlink:href="scriptorium.1Cor_06.mark.xml#sSpan1659" target="scriptorium.1Cor_06.mark.xml#sSpan1678"/>
		<rel id="sPointingRel49" xlink:href="scriptorium.1Cor_06.mark.xml#sSpan2031" target="scriptorium.1Cor_06.mark.xml#sSpan2019"/>
		<rel id="sPointingRel51" xlink:href="scriptorium.1Cor_06.mark.xml#sSpan1930" target="scriptorium.1Cor_06.mark.xml#sSpan1915"/>
		<rel id="sPointingRel53" xlink:href="scriptorium.1Cor_06.mark.xml#sSpan1132" target="scriptorium.1Cor_06.mark.xml#sSpan1128"/>
		<rel id="sPointingRel55" xlink:href="scriptorium.1Cor_06.mark.xml#sSpan49" target="scriptorium.1Cor_06.mark.xml#sSpan45"/>
		<rel id="sPointingRel57" xlink:href="scriptorium.1Cor_06.mark.xml#sSpan679" target="scriptorium.1Cor_06.mark.xml#sSpan673"/>
		<rel id="sPointingRel59" xlink:href="scriptorium.1Cor_06.mark.xml#sSpan1439" target="scriptorium.1Cor_06.mark.xml#sSpan1436"/>
		<rel id="sPointingRel61" xlink:href="scriptorium.1Cor_06.mark.xml#sSpan802" target="scriptorium.1Cor_06.mark.xml#sSpan816"/>
		<rel id="sPointingRel63" xlink:href="scriptorium.1Cor_06.mark.xml#sSpan944" target="scriptorium.1Cor_06.mark.xml#sSpan939"/>
		<rel id="sPointingRel65" xlink:href="scriptorium.1Cor_06.mark.xml#sSpan1721" target="scriptorium.1Cor_06.mark.xml#sSpan1741"/>
		<rel id="sPointingRel67" xlink:href="scriptorium.1Cor_06.mark.xml#sSpan180" target="scriptorium.1Cor_06.mark.xml#sSpan177"/>
		<rel id="sPointingRel69" xlink:href="scriptorium.1Cor_06.mark.xml#sSpan408" target="scriptorium.1Cor_06.mark.xml#sSpan405"/>
		<rel id="sPointingRel71" xlink:href="scriptorium.1Cor_06.mark.xml#sSpan520" target="scriptorium.1Cor_06.mark.xml#sSpan517"/>
		<rel id="sPointingRel73" xlink:href="scriptorium.1Cor_06.mark.xml#sSpan620" target="scriptorium.1Cor_06.mark.xml#sSpan618"/>
		<rel id="sPointingRel75" xlink:href="scriptorium.1Cor_06.mark.xml#sSpan1455" target="scriptorium.1Cor_06.mark.xml#sSpan1453"/>
		<rel id="sPointingRel77" xlink:href="scriptorium.1Cor_06.mark.xml#sSpan1082" target="scriptorium.1Cor_06.mark.xml#sSpan1076"/>
		<rel id="sPointingRel79" xlink:href="scriptorium.1Cor_06.mark.xml#sSpan1870" target="scriptorium.1Cor_06.mark.xml#sSpan1867"/>
		<rel id="sPointingRel81" xlink:href="scriptorium.1Cor_06.mark.xml#sSpan2054" target="scriptorium.1Cor_06.mark.xml#sSpan2080"/>
		<rel id="sPointingRel83" xlink:href="scriptorium.1Cor_06.mark.xml#sSpan1944" target="scriptorium.1Cor_06.mark.xml#sSpan1960"/>
		<rel id="sPointingRel85" xlink:href="scriptorium.1Cor_06.mark.xml#sSpan1011" target="scriptorium.1Cor_06.mark.xml#sSpan1007"/>
		<rel id="sPointingRel87" xlink:href="scriptorium.1Cor_06.mark.xml#sSpan1206" target="scriptorium.1Cor_06.mark.xml#sSpan1212"/>
		<rel id="sPointingRel89" xlink:href="scriptorium.1Cor_06.mark.xml#sSpan1193" target="scriptorium.1Cor_06.mark.xml#sSpan1178"/>
		<rel id="sPointingRel91" xlink:href="scriptorium.1Cor_06.mark.xml#sSpan597" target="scriptorium.1Cor_06.mark.xml#sSpan593"/>
		<rel id="sPointingRel93" xlink:href="scriptorium.1Cor_06.mark.xml#sSpan1407" target="scriptorium.1Cor_06.mark.xml#sSpan1397"/>
		<rel id="sPointingRel95" xlink:href="scriptorium.1Cor_06.mark.xml#sSpan1870" target="scriptorium.1Cor_06.mark.xml#sSpan1855"/>
		<rel id="sPointingRel97" xlink:href="scriptorium.1Cor_06.mark.xml#sSpan217" target="scriptorium.1Cor_06.mark.xml#sSpan214"/>
		<rel id="sPointingRel99" xlink:href="scriptorium.1Cor_06.mark.xml#sSpan643" target="scriptorium.1Cor_06.mark.xml#sSpan647"/>
		<rel id="sPointingRel101" xlink:href="scriptorium.1Cor_06.mark.xml#sSpan1687" target="scriptorium.1Cor_06.mark.xml#sSpan1684"/>
		<rel id="sPointingRel103" xlink:href="scriptorium.1Cor_06.mark.xml#sSpan393" target="scriptorium.1Cor_06.mark.xml#sSpan496"/>
		<rel id="sPointingRel105" xlink:href="scriptorium.1Cor_06.mark.xml#sSpan1344" target="scriptorium.1Cor_06.mark.xml#sSpan1342"/>
		<rel id="sPointingRel107" xlink:href="scriptorium.1Cor_06.mark.xml#sSpan63" target="scriptorium.1Cor_06.mark.xml#sSpan58"/>
		<rel id="sPointingRel109" xlink:href="scriptorium.1Cor_06.mark.xml#sSpan123" target="scriptorium.1Cor_06.mark.xml#sSpan161"/>
		<rel id="sPointingRel111" xlink:href="scriptorium.1Cor_06.mark.xml#sSpan1721" target="scriptorium.1Cor_06.mark.xml#sSpan1719"/>
		<rel id="sPointingRel113" xlink:href="scriptorium.1Cor_06.mark.xml#sSpan1828" target="scriptorium.1Cor_06.mark.xml#sSpan1825"/>
		<rel id="sPointingRel115" xlink:href="scriptorium.1Cor_06.mark.xml#sSpan1649" target="scriptorium.1Cor_06.mark.xml#sSpan1645"/>
		<rel id="sPointingRel117" xlink:href="scriptorium.1Cor_06.mark.xml#sSpan81" target="scriptorium.1Cor_06.mark.xml#sSpan77"/>
		<rel id="sPointingRel119" xlink:href="scriptorium.1Cor_06.mark.xml#sSpan1163" target="scriptorium.1Cor_06.mark.xml#sSpan1171"/>
		<rel id="sPointingRel121" xlink:href="scriptorium.1Cor_06.mark.xml#sSpan1559" target="scriptorium.1Cor_06.mark.xml#sSpan1561"/>
		<rel id="sPointingRel123" xlink:href="scriptorium.1Cor_06.mark.xml#sSpan1709" target="scriptorium.1Cor_06.mark.xml#sSpan1721"/>
		<rel id="sPointingRel125" xlink:href="scriptorium.1Cor_06.mark.xml#sSpan1870" target="scriptorium.1Cor_06.mark.xml#sSpan1883"/>
		<rel id="sPointingRel127" xlink:href="scriptorium.1Cor_06.mark.xml#sSpan190" target="scriptorium.1Cor_06.mark.xml#sSpan182"/>
		<rel id="sPointingRel129" xlink:href="scriptorium.1Cor_06.mark.xml#sSpan196" target="scriptorium.1Cor_06.mark.xml#sSpan192"/>
		<rel id="sPointingRel131" xlink:href="scriptorium.1Cor_06.mark.xml#sSpan1721" target="scriptorium.1Cor_06.mark.xml#sSpan1732"/>
		<rel id="sPointingRel133" xlink:href="scriptorium.1Cor_06.mark.xml#sSpan420" target="scriptorium.1Cor_06.mark.xml#sSpan433"/>
		<rel id="sPointingRel135" xlink:href="scriptorium.1Cor_06.mark.xml#sSpan591" target="scriptorium.1Cor_06.mark.xml#sSpan578"/>
		<rel id="sPointingRel137" xlink:href="scriptorium.1Cor_06.mark.xml#sSpan285" target="scriptorium.1Cor_06.mark.xml#sSpan283"/>
		<rel id="sPointingRel139" xlink:href="scriptorium.1Cor_06.mark.xml#sSpan840" target="scriptorium.1Cor_06.mark.xml#sSpan869"/>
		<rel id="sPointingRel141" xlink:href="scriptorium.1Cor_06.mark.xml#sSpan869" target="scriptorium.1Cor_06.mark.xml#sSpan865"/>
		<rel id="sPointingRel143" xlink:href="scriptorium.1Cor_06.mark.xml#sSpan343" target="scriptorium.1Cor_06.mark.xml#sSpan339"/>
		<rel id="sPointingRel145" xlink:href="scriptorium.1Cor_06.mark.xml#sSpan1455" target="scriptorium.1Cor_06.mark.xml#sSpan1457"/>
		<rel id="sPointingRel147" xlink:href="scriptorium.1Cor_06.mark.xml#sSpan299" target="scriptorium.1Cor_06.mark.xml#sSpan295"/>
		<rel id="sPointingRel149" xlink:href="scriptorium.1Cor_06.mark.xml#sSpan1095" target="scriptorium.1Cor_06.mark.xml#sSpan1085"/>
		<rel id="sPointingRel151" xlink:href="scriptorium.1Cor_06.mark.xml#sSpan1930" target="scriptorium.1Cor_06.mark.xml#sSpan1923"/>
		<rel id="sPointingRel153" xlink:href="scriptorium.1Cor_06.mark.xml#sSpan1067" target="scriptorium.1Cor_06.mark.xml#sSpan1061"/>
		<rel id="sPointingRel155" xlink:href="scriptorium.1Cor_06.mark.xml#sSpan1050" target="scriptorium.1Cor_06.mark.xml#sSpan1052"/>
		<rel id="sPointingRel157" xlink:href="scriptorium.1Cor_06.mark.xml#sSpan607" target="scriptorium.1Cor_06.mark.xml#sSpan603"/>
		<rel id="sPointingRel159" xlink:href="scriptorium.1Cor_06.mark.xml#sSpan123" target="scriptorium.1Cor_06.mark.xml#sSpan235"/>
		<rel id="sPointingRel161" xlink:href="scriptorium.1Cor_06.mark.xml#sSpan1368" target="scriptorium.1Cor_06.mark.xml#sSpan1354"/>
		<rel id="sPointingRel163" xlink:href="scriptorium.1Cor_06.mark.xml#sSpan520" target="scriptorium.1Cor_06.mark.xml#sSpan557"/>
		<rel id="sPointingRel165" xlink:href="scriptorium.1Cor_06.mark.xml#sSpan1432" target="scriptorium.1Cor_06.mark.xml#sSpan1439"/>
		<rel id="sPointingRel167" xlink:href="scriptorium.1Cor_06.mark.xml#sSpan435" target="scriptorium.1Cor_06.mark.xml#sSpan439"/>
		<rel id="sPointingRel169" xlink:href="scriptorium.1Cor_06.mark.xml#sSpan1240" target="scriptorium.1Cor_06.mark.xml#sSpan1247"/>
		<rel id="sPointingRel171" xlink:href="scriptorium.1Cor_06.mark.xml#sSpan36" target="scriptorium.1Cor_06.mark.xml#sSpan32"/>
		<rel id="sPointingRel173" xlink:href="scriptorium.1Cor_06.mark.xml#sSpan180" target="scriptorium.1Cor_06.mark.xml#sSpan196"/>
		<rel id="sPointingRel175" xlink:href="scriptorium.1Cor_06.mark.xml#sSpan1787" target="scriptorium.1Cor_06.mark.xml#sSpan1783"/>
		<rel id="sPointingRel177" xlink:href="scriptorium.1Cor_06.mark.xml#sSpan1368" target="scriptorium.1Cor_06.mark.xml#sSpan1407"/>
		<rel id="sPointingRel179" xlink:href="scriptorium.1Cor_06.mark.xml#sSpan1765" target="scriptorium.1Cor_06.mark.xml#sSpan1828"/>
		<rel id="sPointingRel181" xlink:href="scriptorium.1Cor_06.mark.xml#sSpan1368" target="scriptorium.1Cor_06.mark.xml#sSpan1386"/>
		<rel id="sPointingRel183" xlink:href="scriptorium.1Cor_06.mark.xml#sSpan1225" target="scriptorium.1Cor_06.mark.xml#sSpan1221"/>
		<rel id="sPointingRel185" xlink:href="scriptorium.1Cor_06.mark.xml#sSpan1930" target="scriptorium.1Cor_06.mark.xml#sSpan1932"/>
		<rel id="sPointingRel187" xlink:href="scriptorium.1Cor_06.mark.xml#sSpan1923" target="scriptorium.1Cor_06.mark.xml#sSpan1919"/>
		<rel id="sPointingRel189" xlink:href="scriptorium.1Cor_06.mark.xml#sSpan1455" target="scriptorium.1Cor_06.mark.xml#sSpan1449"/>
		<rel id="sPointingRel191" xlink:href="scriptorium.1Cor_06.mark.xml#sSpan1001" target="scriptorium.1Cor_06.mark.xml#sSpan1023"/>
		<rel id="sPointingRel193" xlink:href="scriptorium.1Cor_06.mark.xml#sSpan774" target="scriptorium.1Cor_06.mark.xml#sSpan833"/>
		<rel id="sPointingRel195" xlink:href="scriptorium.1Cor_06.mark.xml#sSpan952" target="scriptorium.1Cor_06.mark.xml#sSpan948"/>
		<rel id="sPointingRel197" xlink:href="scriptorium.1Cor_06.mark.xml#sSpan1828" target="scriptorium.1Cor_06.mark.xml#sSpan1823"/>
		<rel id="sPointingRel199" xlink:href="scriptorium.1Cor_06.mark.xml#sSpan751" target="scriptorium.1Cor_06.mark.xml#sSpan748"/>
		<rel id="sPointingRel201" xlink:href="scriptorium.1Cor_06.mark.xml#sSpan1050" target="scriptorium.1Cor_06.mark.xml#sSpan1048"/>
		<rel id="sPointingRel203" xlink:href="scriptorium.1Cor_06.mark.xml#sSpan816" target="scriptorium.1Cor_06.mark.xml#sSpan826"/>
		<rel id="sPointingRel205" xlink:href="scriptorium.1Cor_06.mark.xml#sSpan1021" target="scriptorium.1Cor_06.mark.xml#sSpan1018"/>
		<rel id="sPointingRel207" xlink:href="scriptorium.1Cor_06.mark.xml#sSpan1883" target="scriptorium.1Cor_06.mark.xml#sSpan1887"/>
		<rel id="sPointingRel209" xlink:href="scriptorium.1Cor_06.mark.xml#sSpan1299" target="scriptorium.1Cor_06.mark.xml#sSpan1290"/>
		<rel id="sPointingRel211" xlink:href="scriptorium.1Cor_06.mark.xml#sSpan316" target="scriptorium.1Cor_06.mark.xml#sSpan333"/>
		<rel id="sPointingRel213" xlink:href="scriptorium.1Cor_06.mark.xml#sSpan1569" target="scriptorium.1Cor_06.mark.xml#sSpan1576"/>
		<rel id="sPointingRel215" xlink:href="scriptorium.1Cor_06.mark.xml#sSpan265" target="scriptorium.1Cor_06.mark.xml#sSpan260"/>
		<rel id="sPointingRel217" xlink:href="scriptorium.1Cor_06.mark.xml#sSpan907" target="scriptorium.1Cor_06.mark.xml#sSpan903"/>
		<rel id="sPointingRel219" xlink:href="scriptorium.1Cor_06.mark.xml#sSpan470" target="scriptorium.1Cor_06.mark.xml#sSpan468"/>
		<rel id="sPointingRel221" xlink:href="scriptorium.1Cor_06.mark.xml#sSpan1082" target="scriptorium.1Cor_06.mark.xml#sSpan1072"/>
		<rel id="sPointingRel223" xlink:href="scriptorium.1Cor_06.mark.xml#sSpan399" target="scriptorium.1Cor_06.mark.xml#sSpan395"/>
		<rel id="sPointingRel225" xlink:href="scriptorium.1Cor_06.mark.xml#sSpan869" target="scriptorium.1Cor_06.mark.xml#sSpan873"/>
		<rel id="sPointingRel227" xlink:href="scriptorium.1Cor_06.mark.xml#sSpan1604" target="scriptorium.1Cor_06.mark.xml#sSpan1588"/>
		<rel id="sPointingRel229" xlink:href="scriptorium.1Cor_06.mark.xml#sSpan2031" target="scriptorium.1Cor_06.mark.xml#sSpan2036"/>
		<rel id="sPointingRel231" xlink:href="scriptorium.1Cor_06.mark.xml#sSpan420" target="scriptorium.1Cor_06.mark.xml#sSpan425"/>
		<rel id="sPointingRel233" xlink:href="scriptorium.1Cor_06.mark.xml#sSpan265" target="scriptorium.1Cor_06.mark.xml#sSpan256"/>
		<rel id="sPointingRel235" xlink:href="scriptorium.1Cor_06.mark.xml#sSpan1559" target="scriptorium.1Cor_06.mark.xml#sSpan1569"/>
		<rel id="sPointingRel237" xlink:href="scriptorium.1Cor_06.mark.xml#sSpan1976" target="scriptorium.1Cor_06.mark.xml#sSpan1972"/>
		<rel id="sPointingRel239" xlink:href="scriptorium.1Cor_06.mark.xml#sSpan1050" target="scriptorium.1Cor_06.mark.xml#sSpan1067"/>
		<rel id="sPointingRel241" xlink:href="scriptorium.1Cor_06.mark.xml#sSpan1529" target="scriptorium.1Cor_06.mark.xml#sSpan1543"/>
		<rel id="sPointingRel243" xlink:href="scriptorium.1Cor_06.mark.xml#sSpan643" target="scriptorium.1Cor_06.mark.xml#sSpan645"/>
		<rel id="sPointingRel245" xlink:href="scriptorium.1Cor_06.mark.xml#sSpan1787" target="scriptorium.1Cor_06.mark.xml#sSpan1779"/>
		<rel id="sPointingRel247" xlink:href="scriptorium.1Cor_06.mark.xml#sSpan1930" target="scriptorium.1Cor_06.mark.xml#sSpan1993"/>
		<rel id="sPointingRel249" xlink:href="scriptorium.1Cor_06.mark.xml#sSpan345" target="scriptorium.1Cor_06.mark.xml#sSpan352"/>
		<rel id="sPointingRel251" xlink:href="scriptorium.1Cor_06.mark.xml#sSpan1344" target="scriptorium.1Cor_06.mark.xml#sSpan1338"/>
		<rel id="sPointingRel253" xlink:href="scriptorium.1Cor_06.mark.xml#sSpan414" target="scriptorium.1Cor_06.mark.xml#sSpan410"/>
		<rel id="sPointingRel255" xlink:href="scriptorium.1Cor_06.mark.xml#sSpan1368" target="scriptorium.1Cor_06.mark.xml#sSpan1356"/>
		<rel id="sPointingRel257" xlink:href="scriptorium.1Cor_06.mark.xml#sSpan1163" target="scriptorium.1Cor_06.mark.xml#sSpan1265"/>
		<rel id="sPointingRel259" xlink:href="scriptorium.1Cor_06.mark.xml#sSpan517" target="scriptorium.1Cor_06.mark.xml#sSpan514"/>
		<rel id="sPointingRel261" xlink:href="scriptorium.1Cor_06.mark.xml#sSpan853" target="scriptorium.1Cor_06.mark.xml#sSpan849"/>
		<rel id="sPointingRel263" xlink:href="scriptorium.1Cor_06.mark.xml#sSpan591" target="scriptorium.1Cor_06.mark.xml#sSpan599"/>
		<rel id="sPointingRel265" xlink:href="scriptorium.1Cor_06.mark.xml#sSpan1619" target="scriptorium.1Cor_06.mark.xml#sSpan1635"/>
		<rel id="sPointingRel267" xlink:href="scriptorium.1Cor_06.mark.xml#sSpan1483" target="scriptorium.1Cor_06.mark.xml#sSpan1504"/>
		<rel id="sPointingRel269" xlink:href="scriptorium.1Cor_06.mark.xml#sSpan881" target="scriptorium.1Cor_06.mark.xml#sSpan877"/>
		<rel id="sPointingRel271" xlink:href="scriptorium.1Cor_06.mark.xml#sSpan679" target="scriptorium.1Cor_06.mark.xml#sSpan667"/>
		<rel id="sPointingRel273" xlink:href="scriptorium.1Cor_06.mark.xml#sSpan1881" target="scriptorium.1Cor_06.mark.xml#sSpan1877"/>
		<rel id="sPointingRel275" xlink:href="scriptorium.1Cor_06.mark.xml#sSpan1844" target="scriptorium.1Cor_06.mark.xml#sSpan1852"/>
		<rel id="sPointingRel277" xlink:href="scriptorium.1Cor_06.mark.xml#sSpan74" target="scriptorium.1Cor_06.mark.xml#sSpan70"/>
		<rel id="sPointingRel279" xlink:href="scriptorium.1Cor_06.mark.xml#sSpan20" target="scriptorium.1Cor_06.mark.xml#sSpan1"/>
		<rel id="sPointingRel281" xlink:href="scriptorium.1Cor_06.mark.xml#sSpan1113" target="scriptorium.1Cor_06.mark.xml#sSpan1116"/>
		<rel id="sPointingRel283" xlink:href="scriptorium.1Cor_06.mark.xml#sSpan250" target="scriptorium.1Cor_06.mark.xml#sSpan252"/>
		<rel id="sPointingRel285" xlink:href="scriptorium.1Cor_06.mark.xml#sSpan1256" target="scriptorium.1Cor_06.mark.xml#sSpan1263"/>
		<rel id="sPointingRel287" xlink:href="scriptorium.1Cor_06.mark.xml#sSpan930" target="scriptorium.1Cor_06.mark.xml#sSpan964"/>
		<rel id="sPointingRel289" xlink:href="scriptorium.1Cor_06.mark.xml#sSpan591" target="scriptorium.1Cor_06.mark.xml#sSpan597"/>
		<rel id="sPointingRel291" xlink:href="scriptorium.1Cor_06.mark.xml#sSpan49" target="scriptorium.1Cor_06.mark.xml#sSpan56"/>
		<rel id="sPointingRel293" xlink:href="scriptorium.1Cor_06.mark.xml#sSpan1354" target="scriptorium.1Cor_06.mark.xml#sSpan1348"/>
		<rel id="sPointingRel295" xlink:href="scriptorium.1Cor_06.mark.xml#sSpan1483" target="scriptorium.1Cor_06.mark.xml#sSpan1521"/>
		<rel id="sPointingRel297" xlink:href="scriptorium.1Cor_06.mark.xml#sSpan1001" target="scriptorium.1Cor_06.mark.xml#sSpan930"/>
		<rel id="sPointingRel299" xlink:href="scriptorium.1Cor_06.mark.xml#sSpan123" target="scriptorium.1Cor_06.mark.xml#sSpan204"/>
		<rel id="sPointingRel301" xlink:href="scriptorium.1Cor_06.mark.xml#sSpan1604" target="scriptorium.1Cor_06.mark.xml#sSpan1659"/>
		<rel id="sPointingRel303" xlink:href="scriptorium.1Cor_06.mark.xml#sSpan36" target="scriptorium.1Cor_06.mark.xml#sSpan38"/>
		<rel id="sPointingRel305" xlink:href="scriptorium.1Cor_06.mark.xml#sSpan706" target="scriptorium.1Cor_06.mark.xml#sSpan753"/>
		<rel id="sPointingRel307" xlink:href="scriptorium.1Cor_06.mark.xml#sSpan1976" target="scriptorium.1Cor_06.mark.xml#sSpan1980"/>
		<rel id="sPointingRel309" xlink:href="scriptorium.1Cor_06.mark.xml#sSpan1497" target="scriptorium.1Cor_06.mark.xml#sSpan1493"/>
		<rel id="sPointingRel311" xlink:href="scriptorium.1Cor_06.mark.xml#sSpan138" target="scriptorium.1Cor_06.mark.xml#sSpan136"/>
		<rel id="sPointingRel313" xlink:href="scriptorium.1Cor_06.mark.xml#sSpan1001" target="scriptorium.1Cor_06.mark.xml#sSpan925"/>
		<rel id="sPointingRel315" xlink:href="scriptorium.1Cor_06.mark.xml#sSpan1344" target="scriptorium.1Cor_06.mark.xml#sSpan1368"/>
		<rel id="sPointingRel317" xlink:href="scriptorium.1Cor_06.mark.xml#sSpan20" target="scriptorium.1Cor_06.mark.xml#sSpan36"/>
		<rel id="sPointingRel319" xlink:href="scriptorium.1Cor_06.mark.xml#sSpan1553" target="scriptorium.1Cor_06.mark.xml#sSpan1545"/>
		<rel id="sPointingRel321" xlink:href="scriptorium.1Cor_06.mark.xml#sSpan1765" target="scriptorium.1Cor_06.mark.xml#sSpan1787"/>
		<rel id="sPointingRel323" xlink:href="scriptorium.1Cor_06.mark.xml#sSpan485" target="scriptorium.1Cor_06.mark.xml#sSpan479"/>
		<rel id="sPointingRel325" xlink:href="scriptorium.1Cor_06.mark.xml#sSpan802" target="scriptorium.1Cor_06.mark.xml#sSpan788"/>
		<rel id="sPointingRel327" xlink:href="scriptorium.1Cor_06.mark.xml#sSpan1697" target="scriptorium.1Cor_06.mark.xml#sSpan1703"/>
		<rel id="sPointingRel329" xlink:href="scriptorium.1Cor_06.mark.xml#sSpan1432" target="scriptorium.1Cor_06.mark.xml#sSpan1468"/>
		<rel id="sPointingRel331" xlink:href="scriptorium.1Cor_06.mark.xml#sSpan1397" target="scriptorium.1Cor_06.mark.xml#sSpan1388"/>
		<rel id="sPointingRel333" xlink:href="scriptorium.1Cor_06.mark.xml#sSpan1104" target="scriptorium.1Cor_06.mark.xml#sSpan1113"/>
		<rel id="sPointingRel335" xlink:href="scriptorium.1Cor_06.mark.xml#sSpan667" target="scriptorium.1Cor_06.mark.xml#sSpan662"/>
		<rel id="sPointingRel337" xlink:href="scriptorium.1Cor_06.mark.xml#sSpan1687" target="scriptorium.1Cor_06.mark.xml#sSpan1680"/>
		<rel id="sPointingRel339" xlink:href="scriptorium.1Cor_06.mark.xml#sSpan1870" target="scriptorium.1Cor_06.mark.xml#sSpan1844"/>
		<rel id="sPointingRel341" xlink:href="scriptorium.1Cor_06.mark.xml#sSpan1930" target="scriptorium.1Cor_06.mark.xml#sSpan2007"/>
		<rel id="sPointingRel343" xlink:href="scriptorium.1Cor_06.mark.xml#sSpan265" target="scriptorium.1Cor_06.mark.xml#sSpan285"/>
		<rel id="sPointingRel345" xlink:href="scriptorium.1Cor_06.mark.xml#sSpan1732" target="scriptorium.1Cor_06.mark.xml#sSpan1728"/>
		<rel id="sPointingRel347" xlink:href="scriptorium.1Cor_06.mark.xml#sSpan231" target="scriptorium.1Cor_06.mark.xml#sSpan226"/>
		<rel id="sPointingRel349" xlink:href="scriptorium.1Cor_06.mark.xml#sSpan250" target="scriptorium.1Cor_06.mark.xml#sSpan265"/>
		<rel id="sPointingRel351" xlink:href="scriptorium.1Cor_06.mark.xml#sSpan1432" target="scriptorium.1Cor_06.mark.xml#sSpan1413"/>
		<rel id="sPointingRel353" xlink:href="scriptorium.1Cor_06.mark.xml#sSpan840" target="scriptorium.1Cor_06.mark.xml#sSpan894"/>
		<rel id="sPointingRel355" xlink:href="scriptorium.1Cor_06.mark.xml#sSpan591" target="scriptorium.1Cor_06.mark.xml#sSpan573"/>
		<rel id="sPointingRel357" xlink:href="scriptorium.1Cor_06.mark.xml#sSpan2054" target="scriptorium.1Cor_06.mark.xml#sSpan2070"/>
		<rel id="sPointingRel359" xlink:href="scriptorium.1Cor_06.mark.xml#sSpan733" target="scriptorium.1Cor_06.mark.xml#sSpan725"/>
		<rel id="sPointingRel361" xlink:href="scriptorium.1Cor_06.mark.xml#sSpan1930" target="scriptorium.1Cor_06.mark.xml#sSpan1944"/>
		<rel id="sPointingRel363" xlink:href="scriptorium.1Cor_06.mark.xml#sSpan1930" target="scriptorium.1Cor_06.mark.xml#sSpan1925"/>
		<rel id="sPointingRel365" xlink:href="scriptorium.1Cor_06.mark.xml#sSpan1944" target="scriptorium.1Cor_06.mark.xml#sSpan1940"/>
		<rel id="sPointingRel367" xlink:href="scriptorium.1Cor_06.mark.xml#sSpan1828" target="scriptorium.1Cor_06.mark.xml#sSpan1819"/>
		<rel id="sPointingRel369" xlink:href="scriptorium.1Cor_06.mark.xml#sSpan1240" target="scriptorium.1Cor_06.mark.xml#sSpan1256"/>
		<rel id="sPointingRel371" xlink:href="scriptorium.1Cor_06.mark.xml#sSpan494" target="scriptorium.1Cor_06.mark.xml#sSpan491"/>
		<rel id="sPointingRel373" xlink:href="scriptorium.1Cor_06.mark.xml#sSpan20" target="scriptorium.1Cor_06.mark.xml#sSpan15"/>
		<rel id="sPointingRel375" xlink:href="scriptorium.1Cor_06.mark.xml#sSpan713" target="scriptorium.1Cor_06.mark.xml#sSpan733"/>
		<rel id="sPointingRel377" xlink:href="scriptorium.1Cor_06.mark.xml#sSpan1838" target="scriptorium.1Cor_06.mark.xml#sSpan1834"/>
		<rel id="sPointingRel379" xlink:href="scriptorium.1Cor_06.mark.xml#sSpan1828" target="scriptorium.1Cor_06.mark.xml#sSpan1840"/>
		<rel id="sPointingRel381" xlink:href="scriptorium.1Cor_06.mark.xml#sSpan1344" target="scriptorium.1Cor_06.mark.xml#sSpan1320"/>
		<rel id="sPointingRel383" xlink:href="scriptorium.1Cor_06.mark.xml#sSpan739" target="scriptorium.1Cor_06.mark.xml#sSpan735"/>
		<rel id="sPointingRel385" xlink:href="scriptorium.1Cor_06.mark.xml#sSpan1050" target="scriptorium.1Cor_06.mark.xml#sSpan1046"/>
		<rel id="sPointingRel387" xlink:href="scriptorium.1Cor_06.mark.xml#sSpan2054" target="scriptorium.1Cor_06.mark.xml#sSpan2059"/>
		<rel id="sPointingRel389" xlink:href="scriptorium.1Cor_06.mark.xml#sSpan217" target="scriptorium.1Cor_06.mark.xml#sSpan223"/>
		<rel id="sPointingRel391" xlink:href="scriptorium.1Cor_06.mark.xml#sSpan1643" target="scriptorium.1Cor_06.mark.xml#sSpan1651"/>
		<rel id="sPointingRel393" xlink:href="scriptorium.1Cor_06.mark.xml#sSpan204" target="scriptorium.1Cor_06.mark.xml#sSpan206"/>
		<rel id="sPointingRel395" xlink:href="scriptorium.1Cor_06.mark.xml#sSpan1944" target="scriptorium.1Cor_06.mark.xml#sSpan1950"/>
		<rel id="sPointingRel397" xlink:href="scriptorium.1Cor_06.mark.xml#sSpan591" target="scriptorium.1Cor_06.mark.xml#sSpan622"/>
		<rel id="sPointingRel399" xlink:href="scriptorium.1Cor_06.mark.xml#sSpan1838" target="scriptorium.1Cor_06.mark.xml#sSpan1830"/>
		<rel id="sPointingRel401" xlink:href="scriptorium.1Cor_06.mark.xml#sSpan1217" target="scriptorium.1Cor_06.mark.xml#sSpan1240"/>
		<rel id="sPointingRel403" xlink:href="scriptorium.1Cor_06.mark.xml#sSpan393" target="scriptorium.1Cor_06.mark.xml#sSpan391"/>
		<rel id="sPointingRel405" xlink:href="scriptorium.1Cor_06.mark.xml#sSpan1553" target="scriptorium.1Cor_06.mark.xml#sSpan1549"/>
		<rel id="sPointingRel407" xlink:href="scriptorium.1Cor_06.mark.xml#sSpan1256" target="scriptorium.1Cor_06.mark.xml#sSpan1251"/>
		<rel id="sPointingRel409" xlink:href="scriptorium.1Cor_06.mark.xml#sSpan265" target="scriptorium.1Cor_06.mark.xml#sSpan262"/>
		<rel id="sPointingRel411" xlink:href="scriptorium.1Cor_06.mark.xml#sSpan1299" target="scriptorium.1Cor_06.mark.xml#sSpan1309"/>
		<rel id="sPointingRel413" xlink:href="scriptorium.1Cor_06.mark.xml#sSpan978" target="scriptorium.1Cor_06.mark.xml#sSpan973"/>
		<rel id="sPointingRel415" xlink:href="scriptorium.1Cor_06.mark.xml#sSpan123" target="scriptorium.1Cor_06.mark.xml#sSpan107"/>
		<rel id="sPointingRel417" xlink:href="scriptorium.1Cor_06.mark.xml#sSpan1976" target="scriptorium.1Cor_06.mark.xml#sSpan1978"/>
		<rel id="sPointingRel419" xlink:href="scriptorium.1Cor_06.mark.xml#sSpan1950" target="scriptorium.1Cor_06.mark.xml#sSpan1946"/>
		<rel id="sPointingRel421" xlink:href="scriptorium.1Cor_06.mark.xml#sSpan333" target="scriptorium.1Cor_06.mark.xml#sSpan330"/>
		<rel id="sPointingRel423" xlink:href="scriptorium.1Cor_06.mark.xml#sSpan1141" target="scriptorium.1Cor_06.mark.xml#sSpan1138"/>
		<rel id="sPointingRel425" xlink:href="scriptorium.1Cor_06.mark.xml#sSpan1793" target="scriptorium.1Cor_06.mark.xml#sSpan1815"/>
		<rel id="sPointingRel427" xlink:href="scriptorium.1Cor_06.mark.xml#sSpan713" target="scriptorium.1Cor_06.mark.xml#sSpan711"/>
		<rel id="sPointingRel429" xlink:href="scriptorium.1Cor_06.mark.xml#sSpan894" target="scriptorium.1Cor_06.mark.xml#sSpan899"/>
		<rel id="sPointingRel431" xlink:href="scriptorium.1Cor_06.mark.xml#sSpan180" target="scriptorium.1Cor_06.mark.xml#sSpan190"/>
		<rel id="sPointingRel433" xlink:href="scriptorium.1Cor_06.mark.xml#sSpan1703" target="scriptorium.1Cor_06.mark.xml#sSpan1699"/>
		<rel id="sPointingRel435" xlink:href="scriptorium.1Cor_06.mark.xml#sSpan292" target="scriptorium.1Cor_06.mark.xml#sSpan299"/>
		<rel id="sPointingRel437" xlink:href="scriptorium.1Cor_06.mark.xml#sSpan275" target="scriptorium.1Cor_06.mark.xml#sSpan271"/>
		<rel id="sPointingRel439" xlink:href="scriptorium.1Cor_06.mark.xml#sSpan223" target="scriptorium.1Cor_06.mark.xml#sSpan219"/>
		<rel id="sPointingRel441" xlink:href="scriptorium.1Cor_06.mark.xml#sSpan1944" target="scriptorium.1Cor_06.mark.xml#sSpan1964"/>
		<rel id="sPointingRel443" xlink:href="scriptorium.1Cor_06.mark.xml#sSpan788" target="scriptorium.1Cor_06.mark.xml#sSpan784"/>
		<rel id="sPointingRel445" xlink:href="scriptorium.1Cor_06.mark.xml#sSpan706" target="scriptorium.1Cor_06.mark.xml#sSpan692"/>
		<rel id="sPointingRel447" xlink:href="scriptorium.1Cor_06.mark.xml#sSpan1765" target="scriptorium.1Cor_06.mark.xml#sSpan1789"/>
		<rel id="sPointingRel449" xlink:href="scriptorium.1Cor_06.mark.xml#sSpan1050" target="scriptorium.1Cor_06.mark.xml#sSpan1143"/>
		<rel id="sPointingRel451" xlink:href="scriptorium.1Cor_06.mark.xml#sSpan679" target="scriptorium.1Cor_06.mark.xml#sSpan669"/>
		<rel id="sPointingRel453" xlink:href="scriptorium.1Cor_06.mark.xml#sSpan1104" target="scriptorium.1Cor_06.mark.xml#sSpan1101"/>
		<rel id="sPointingRel455" xlink:href="scriptorium.1Cor_06.mark.xml#sSpan56" target="scriptorium.1Cor_06.mark.xml#sSpan54"/>
		<rel id="sPointingRel457" xlink:href="scriptorium.1Cor_06.mark.xml#sSpan1643" target="scriptorium.1Cor_06.mark.xml#sSpan1610"/>
		<rel id="sPointingRel459" xlink:href="scriptorium.1Cor_06.mark.xml#sSpan2031" target="scriptorium.1Cor_06.mark.xml#sSpan2054"/>
		<rel id="sPointingRel461" xlink:href="scriptorium.1Cor_06.mark.xml#sSpan1604" target="scriptorium.1Cor_06.mark.xml#sSpan1598"/>
		<rel id="sPointingRel463" xlink:href="scriptorium.1Cor_06.mark.xml#sSpan1976" target="scriptorium.1Cor_06.mark.xml#sSpan1974"/>
		<rel id="sPointingRel465" xlink:href="scriptorium.1Cor_06.mark.xml#sSpan1958" target="scriptorium.1Cor_06.mark.xml#sSpan1952"/>
		<rel id="sPointingRel467" xlink:href="scriptorium.1Cor_06.mark.xml#sSpan1678" target="scriptorium.1Cor_06.mark.xml#sSpan1674"/>
		<rel id="sPointingRel469" xlink:href="scriptorium.1Cor_06.mark.xml#sSpan1132" target="scriptorium.1Cor_06.mark.xml#sSpan1120"/>
		<rel id="sPointingRel471" xlink:href="scriptorium.1Cor_06.mark.xml#sSpan774" target="scriptorium.1Cor_06.mark.xml#sSpan758"/>
		<rel id="sPointingRel473" xlink:href="scriptorium.1Cor_06.mark.xml#sSpan123" target="scriptorium.1Cor_06.mark.xml#sSpan117"/>
		<rel id="sPointingRel475" xlink:href="scriptorium.1Cor_06.mark.xml#sSpan250" target="scriptorium.1Cor_06.mark.xml#sSpan301"/>
		<rel id="sPointingRel477" xlink:href="scriptorium.1Cor_06.mark.xml#sSpan1407" target="scriptorium.1Cor_06.mark.xml#sSpan1399"/>
		<rel id="sPointingRel479" xlink:href="scriptorium.1Cor_06.mark.xml#sSpan1132" target="scriptorium.1Cor_06.mark.xml#sSpan1141"/>
		<rel id="sPointingRel481" xlink:href="scriptorium.1Cor_06.mark.xml#sSpan1336" target="scriptorium.1Cor_06.mark.xml#sSpan1329"/>
		<rel id="sPointingRel483" xlink:href="scriptorium.1Cor_06.mark.xml#sSpan1067" target="scriptorium.1Cor_06.mark.xml#sSpan1057"/>
		<rel id="sPointingRel485" xlink:href="scriptorium.1Cor_06.mark.xml#sSpan840" target="scriptorium.1Cor_06.mark.xml#sSpan853"/>
		<rel id="sPointingRel487" xlink:href="scriptorium.1Cor_06.mark.xml#sSpan1678" target="scriptorium.1Cor_06.mark.xml#sSpan1687"/>
		<rel id="sPointingRel489" xlink:href="scriptorium.1Cor_06.mark.xml#sSpan420" target="scriptorium.1Cor_06.mark.xml#sSpan435"/>
		<rel id="sPointingRel491" xlink:href="scriptorium.1Cor_06.mark.xml#sSpan631" target="scriptorium.1Cor_06.mark.xml#sSpan626"/>
		<rel id="sPointingRel493" xlink:href="scriptorium.1Cor_06.mark.xml#sSpan74" target="scriptorium.1Cor_06.mark.xml#sSpan91"/>
		<rel id="sPointingRel495" xlink:href="scriptorium.1Cor_06.mark.xml#sSpan1909" target="scriptorium.1Cor_06.mark.xml#sSpan1911"/>
		<rel id="sPointingRel497" xlink:href="scriptorium.1Cor_06.mark.xml#sSpan2031" target="scriptorium.1Cor_06.mark.xml#sSpan2049"/>
		<rel id="sPointingRel499" xlink:href="scriptorium.1Cor_06.mark.xml#sSpan881" target="scriptorium.1Cor_06.mark.xml#sSpan886"/>
		<rel id="sPointingRel501" xlink:href="scriptorium.1Cor_06.mark.xml#sSpan1455" target="scriptorium.1Cor_06.mark.xml#sSpan1466"/>
		<rel id="sPointingRel503" xlink:href="scriptorium.1Cor_06.mark.xml#sSpan20" target="scriptorium.1Cor_06.mark.xml#sSpan30"/>
		<rel id="sPointingRel505" xlink:href="scriptorium.1Cor_06.mark.xml#sSpan470" target="scriptorium.1Cor_06.mark.xml#sSpan460"/>
		<rel id="sPointingRel507" xlink:href="scriptorium.1Cor_06.mark.xml#sSpan1309" target="scriptorium.1Cor_06.mark.xml#sSpan1301"/>
		<rel id="sPointingRel509" xlink:href="scriptorium.1Cor_06.mark.xml#sSpan485" target="scriptorium.1Cor_06.mark.xml#sSpan483"/>
		<rel id="sPointingRel511" xlink:href="scriptorium.1Cor_06.mark.xml#sSpan1324" target="scriptorium.1Cor_06.mark.xml#sSpan1336"/>
		<rel id="sPointingRel513" xlink:href="scriptorium.1Cor_06.mark.xml#sSpan408" target="scriptorium.1Cor_06.mark.xml#sSpan414"/>
		<rel id="sPointingRel515" xlink:href="scriptorium.1Cor_06.mark.xml#sSpan470" target="scriptorium.1Cor_06.mark.xml#sSpan464"/>
		<rel id="sPointingRel517" xlink:href="scriptorium.1Cor_06.mark.xml#sSpan1944" target="scriptorium.1Cor_06.mark.xml#sSpan1958"/>
		<rel id="sPointingRel519" xlink:href="scriptorium.1Cor_06.mark.xml#sSpan620" target="scriptorium.1Cor_06.mark.xml#sSpan614"/>
		<rel id="sPointingRel521" xlink:href="scriptorium.1Cor_06.mark.xml#sSpan992" target="scriptorium.1Cor_06.mark.xml#sSpan987"/>
		<rel id="sPointingRel523" xlink:href="scriptorium.1Cor_06.mark.xml#sSpan159" target="scriptorium.1Cor_06.mark.xml#sSpan151"/>
		<rel id="sPointingRel525" xlink:href="scriptorium.1Cor_06.mark.xml#sSpan285" target="scriptorium.1Cor_06.mark.xml#sSpan292"/>
		<rel id="sPointingRel527" xlink:href="scriptorium.1Cor_06.mark.xml#sSpan1991" target="scriptorium.1Cor_06.mark.xml#sSpan1984"/>
		<rel id="sPointingRel529" xlink:href="scriptorium.1Cor_06.mark.xml#sSpan1809" target="scriptorium.1Cor_06.mark.xml#sSpan1806"/>
		<rel id="sPointingRel531" xlink:href="scriptorium.1Cor_06.mark.xml#sSpan370" target="scriptorium.1Cor_06.mark.xml#sSpan377"/>
		<rel id="sPointingRel533" xlink:href="scriptorium.1Cor_06.mark.xml#sSpan1067" target="scriptorium.1Cor_06.mark.xml#sSpan1069"/>
		<rel id="sPointingRel535" xlink:href="scriptorium.1Cor_06.mark.xml#sSpan833" target="scriptorium.1Cor_06.mark.xml#sSpan828"/>
		<rel id="sPointingRel537" xlink:href="scriptorium.1Cor_06.mark.xml#sSpan840" target="scriptorium.1Cor_06.mark.xml#sSpan881"/>
		<rel id="sPointingRel539" xlink:href="scriptorium.1Cor_06.mark.xml#sSpan1263" target="scriptorium.1Cor_06.mark.xml#sSpan1259"/>
		<rel id="sPointingRel541" xlink:href="scriptorium.1Cor_06.mark.xml#sSpan1193" target="scriptorium.1Cor_06.mark.xml#sSpan1198"/>
		<rel id="sPointingRel543" xlink:href="scriptorium.1Cor_06.mark.xml#sSpan1749" target="scriptorium.1Cor_06.mark.xml#sSpan1709"/>
		<rel id="sPointingRel545" xlink:href="scriptorium.1Cor_06.mark.xml#sSpan159" target="scriptorium.1Cor_06.mark.xml#sSpan155"/>
		<rel id="sPointingRel547" xlink:href="scriptorium.1Cor_06.mark.xml#sSpan679" target="scriptorium.1Cor_06.mark.xml#sSpan683"/>
		<rel id="sPointingRel549" xlink:href="scriptorium.1Cor_06.mark.xml#sSpan1504" target="scriptorium.1Cor_06.mark.xml#sSpan1489"/>
		<rel id="sPointingRel551" xlink:href="scriptorium.1Cor_06.mark.xml#sSpan1678" target="scriptorium.1Cor_06.mark.xml#sSpan1670"/>
		<rel id="sPointingRel553" xlink:href="scriptorium.1Cor_06.mark.xml#sSpan30" target="scriptorium.1Cor_06.mark.xml#sSpan26"/>
		<rel id="sPointingRel555" xlink:href="scriptorium.1Cor_06.mark.xml#sSpan1240" target="scriptorium.1Cor_06.mark.xml#sSpan1242"/>
		<rel id="sPointingRel557" xlink:href="scriptorium.1Cor_06.mark.xml#sSpan1870" target="scriptorium.1Cor_06.mark.xml#sSpan1859"/>
		<rel id="sPointingRel559" xlink:href="scriptorium.1Cor_06.mark.xml#sSpan1240" target="scriptorium.1Cor_06.mark.xml#sSpan1236"/>
		<rel id="sPointingRel561" xlink:href="scriptorium.1Cor_06.mark.xml#sSpan713" target="scriptorium.1Cor_06.mark.xml#sSpan719"/>
		<rel id="sPointingRel563" xlink:href="scriptorium.1Cor_06.mark.xml#sSpan2070" target="scriptorium.1Cor_06.mark.xml#sSpan2067"/>
		<rel id="sPointingRel565" xlink:href="scriptorium.1Cor_06.mark.xml#sSpan1749" target="scriptorium.1Cor_06.mark.xml#sSpan1755"/>
		<rel id="sPointingRel567" xlink:href="scriptorium.1Cor_06.mark.xml#sSpan1721" target="scriptorium.1Cor_06.mark.xml#sSpan1724"/>
		<rel id="sPointingRel569" xlink:href="scriptorium.1Cor_06.mark.xml#sSpan1828" target="scriptorium.1Cor_06.mark.xml#sSpan1793"/>
		<rel id="sPointingRel571" xlink:href="scriptorium.1Cor_06.mark.xml#sSpan1095" target="scriptorium.1Cor_06.mark.xml#sSpan1104"/>
		<rel id="sPointingRel573" xlink:href="scriptorium.1Cor_06.mark.xml#sSpan992" target="scriptorium.1Cor_06.mark.xml#sSpan983"/>
		<rel id="sPointingRel575" xlink:href="scriptorium.1Cor_06.mark.xml#sSpan1050" target="scriptorium.1Cor_06.mark.xml#sSpan1037"/>
		<rel id="sPointingRel577" xlink:href="scriptorium.1Cor_06.mark.xml#sSpan607" target="scriptorium.1Cor_06.mark.xml#sSpan609"/>
		<rel id="sPointingRel579" xlink:href="scriptorium.1Cor_06.mark.xml#sSpan1619" target="scriptorium.1Cor_06.mark.xml#sSpan1625"/>
		<rel id="sPointingRel581" xlink:href="scriptorium.1Cor_06.mark.xml#sSpan204" target="scriptorium.1Cor_06.mark.xml#sSpan202"/>
		<rel id="sPointingRel583" xlink:href="scriptorium.1Cor_06.mark.xml#sSpan1504" target="scriptorium.1Cor_06.mark.xml#sSpan1497"/>
		<rel id="sPointingRel585" xlink:href="scriptorium.1Cor_06.mark.xml#sSpan1483" target="scriptorium.1Cor_06.mark.xml#sSpan1529"/>
		<rel id="sPointingRel587" xlink:href="scriptorium.1Cor_06.mark.xml#sSpan149" target="scriptorium.1Cor_06.mark.xml#sSpan159"/>
		<rel id="sPointingRel589" xlink:href="scriptorium.1Cor_06.mark.xml#sSpan1344" target="scriptorium.1Cor_06.mark.xml#sSpan1324"/>
		<rel id="sPointingRel591" xlink:href="scriptorium.1Cor_06.mark.xml#sSpan1659" target="scriptorium.1Cor_06.mark.xml#sSpan1666"/>
		<rel id="sPointingRel593" xlink:href="scriptorium.1Cor_06.mark.xml#sSpan1815" target="scriptorium.1Cor_06.mark.xml#sSpan1811"/>
		<rel id="sPointingRel595" xlink:href="scriptorium.1Cor_06.mark.xml#sSpan1483" target="scriptorium.1Cor_06.mark.xml#sSpan1472"/>
		<rel id="sPointingRel597" xlink:href="scriptorium.1Cor_06.mark.xml#sSpan1368" target="scriptorium.1Cor_06.mark.xml#sSpan1364"/>
		<rel id="sPointingRel599" xlink:href="scriptorium.1Cor_06.mark.xml#sSpan2007" target="scriptorium.1Cor_06.mark.xml#sSpan2011"/>
		<rel id="sPointingRel601" xlink:href="scriptorium.1Cor_06.mark.xml#sSpan774" target="scriptorium.1Cor_06.mark.xml#sSpan772"/>
		<rel id="sPointingRel603" xlink:href="scriptorium.1Cor_06.mark.xml#sSpan1643" target="scriptorium.1Cor_06.mark.xml#sSpan1614"/>
		<rel id="sPointingRel605" xlink:href="scriptorium.1Cor_06.mark.xml#sSpan1001" target="scriptorium.1Cor_06.mark.xml#sSpan996"/>
		<rel id="sPointingRel607" xlink:href="scriptorium.1Cor_06.mark.xml#sSpan316" target="scriptorium.1Cor_06.mark.xml#sSpan305"/>
		<rel id="sPointingRel609" xlink:href="scriptorium.1Cor_06.mark.xml#sSpan477" target="scriptorium.1Cor_06.mark.xml#sSpan485"/>
		<rel id="sPointingRel611" xlink:href="scriptorium.1Cor_06.mark.xml#sSpan2031" target="scriptorium.1Cor_06.mark.xml#sSpan2082"/>
		<rel id="sPointingRel613" xlink:href="scriptorium.1Cor_06.mark.xml#sSpan123" target="scriptorium.1Cor_06.mark.xml#sSpan125"/>
		<rel id="sPointingRel615" xlink:href="scriptorium.1Cor_06.mark.xml#sSpan1635" target="scriptorium.1Cor_06.mark.xml#sSpan1631"/>
		<rel id="sPointingRel617" xlink:href="scriptorium.1Cor_06.mark.xml#sSpan1909" target="scriptorium.1Cor_06.mark.xml#sSpan1903"/>
		<rel id="sPointingRel619" xlink:href="scriptorium.1Cor_06.mark.xml#sSpan74" target="scriptorium.1Cor_06.mark.xml#sSpan81"/>
		<rel id="sPointingRel621" xlink:href="scriptorium.1Cor_06.mark.xml#sSpan1697" target="scriptorium.1Cor_06.mark.xml#sSpan1693"/>
		<rel id="sPointingRel623" xlink:href="scriptorium.1Cor_06.mark.xml#sSpan591" target="scriptorium.1Cor_06.mark.xml#sSpan562"/>
		<rel id="sPointingRel625" xlink:href="scriptorium.1Cor_06.mark.xml#sSpan433" target="scriptorium.1Cor_06.mark.xml#sSpan429"/>
		<rel id="sPointingRel627" xlink:href="scriptorium.1Cor_06.mark.xml#sSpan1749" target="scriptorium.1Cor_06.mark.xml#sSpan1757"/>
		<rel id="sPointingRel629" xlink:href="scriptorium.1Cor_06.mark.xml#sSpan964" target="scriptorium.1Cor_06.mark.xml#sSpan959"/>
		<rel id="sPointingRel631" xlink:href="scriptorium.1Cor_06.mark.xml#sSpan1466" target="scriptorium.1Cor_06.mark.xml#sSpan1459"/>
		<rel id="sPointingRel633" xlink:href="scriptorium.1Cor_06.mark.xml#sSpan751" target="scriptorium.1Cor_06.mark.xml#sSpan744"/>
		<rel id="sPointingRel635" xlink:href="scriptorium.1Cor_06.mark.xml#sSpan1288" target="scriptorium.1Cor_06.mark.xml#sSpan1281"/>
		<rel id="sPointingRel637" xlink:href="scriptorium.1Cor_06.mark.xml#sSpan250" target="scriptorium.1Cor_06.mark.xml#sSpan239"/>
		<rel id="sPointingRel639" xlink:href="scriptorium.1Cor_06.mark.xml#sSpan1132" target="scriptorium.1Cor_06.mark.xml#sSpan1124"/>
		<rel id="sPointingRel641" xlink:href="scriptorium.1Cor_06.mark.xml#sSpan1407" target="scriptorium.1Cor_06.mark.xml#sSpan1403"/>
		<rel id="sPointingRel643" xlink:href="scriptorium.1Cor_06.mark.xml#sSpan1909" target="scriptorium.1Cor_06.mark.xml#sSpan1907"/>
		<rel id="sPointingRel645" xlink:href="scriptorium.1Cor_06.mark.xml#sSpan1386" target="scriptorium.1Cor_06.mark.xml#sSpan1379"/>
		<rel id="sPointingRel647" xlink:href="scriptorium.1Cor_06.mark.xml#sSpan1171" target="scriptorium.1Cor_06.mark.xml#sSpan1167"/>
		<rel id="sPointingRel649" xlink:href="scriptorium.1Cor_06.mark.xml#sSpan1104" target="scriptorium.1Cor_06.mark.xml#sSpan1097"/>
		<rel id="sPointingRel651" xlink:href="scriptorium.1Cor_06.mark.xml#sSpan285" target="scriptorium.1Cor_06.mark.xml#sSpan277"/>
		<rel id="sPointingRel653" xlink:href="scriptorium.1Cor_06.mark.xml#sSpan1976" target="scriptorium.1Cor_06.mark.xml#sSpan1991"/>
		<rel id="sPointingRel655" xlink:href="scriptorium.1Cor_06.mark.xml#sSpan180" target="scriptorium.1Cor_06.mark.xml#sSpan175"/>
		<rel id="sPointingRel657" xlink:href="scriptorium.1Cor_06.mark.xml#sSpan370" target="scriptorium.1Cor_06.mark.xml#sSpan316"/>
		<rel id="sPointingRel659" xlink:href="scriptorium.1Cor_06.mark.xml#sSpan435" target="scriptorium.1Cor_06.mark.xml#sSpan453"/>
		<rel id="sPointingRel661" xlink:href="scriptorium.1Cor_06.mark.xml#sSpan816" target="scriptorium.1Cor_06.mark.xml#sSpan812"/>
		<rel id="sPointingRel663" xlink:href="scriptorium.1Cor_06.mark.xml#sSpan833" target="scriptorium.1Cor_06.mark.xml#sSpan840"/>
		<rel id="sPointingRel665" xlink:href="scriptorium.1Cor_06.mark.xml#sSpan643" target="scriptorium.1Cor_06.mark.xml#sSpan633"/>
		<rel id="sPointingRel667" xlink:href="scriptorium.1Cor_06.mark.xml#sSpan1483" target="scriptorium.1Cor_06.mark.xml#sSpan1481"/>
		<rel id="sPointingRel669" xlink:href="scriptorium.1Cor_06.mark.xml#sSpan1828" target="scriptorium.1Cor_06.mark.xml#sSpan1838"/>
		<rel id="sPointingRel671" xlink:href="scriptorium.1Cor_06.mark.xml#sSpan316" target="scriptorium.1Cor_06.mark.xml#sSpan320"/>
		<rel id="sPointingRel673" xlink:href="scriptorium.1Cor_06.mark.xml#sSpan1976" target="scriptorium.1Cor_06.mark.xml#sSpan1968"/>
		<rel id="sPointingRel675" xlink:href="scriptorium.1Cor_06.mark.xml#sSpan655" target="scriptorium.1Cor_06.mark.xml#sSpan651"/>
		<rel id="sPointingRel677" xlink:href="scriptorium.1Cor_06.mark.xml#sSpan1240" target="scriptorium.1Cor_06.mark.xml#sSpan1232"/>
		<rel id="sPointingRel679" xlink:href="scriptorium.1Cor_06.mark.xml#sSpan1604" target="scriptorium.1Cor_06.mark.xml#sSpan1606"/>
		<rel id="sPointingRel681" xlink:href="scriptorium.1Cor_06.mark.xml#sSpan393" target="scriptorium.1Cor_06.mark.xml#sSpan416"/>
		<rel id="sPointingRel683" xlink:href="scriptorium.1Cor_06.mark.xml#sSpan2007" target="scriptorium.1Cor_06.mark.xml#sSpan2001"/>
		<rel id="sPointingRel685" xlink:href="scriptorium.1Cor_06.mark.xml#sSpan63" target="scriptorium.1Cor_06.mark.xml#sSpan74"/>
		<rel id="sPointingRel687" xlink:href="scriptorium.1Cor_06.mark.xml#sSpan1021" target="scriptorium.1Cor_06.mark.xml#sSpan1014"/>
		<rel id="sPointingRel689" xlink:href="scriptorium.1Cor_06.mark.xml#sSpan91" target="scriptorium.1Cor_06.mark.xml#sSpan83"/>
		<rel id="sPointingRel691" xlink:href="scriptorium.1Cor_06.mark.xml#sSpan1614" target="scriptorium.1Cor_06.mark.xml#sSpan1619"/>
		<rel id="sPointingRel693" xlink:href="scriptorium.1Cor_06.mark.xml#sSpan316" target="scriptorium.1Cor_06.mark.xml#sSpan314"/>
		<rel id="sPointingRel695" xlink:href="scriptorium.1Cor_06.mark.xml#sSpan555" target="scriptorium.1Cor_06.mark.xml#sSpan551"/>
		<rel id="sPointingRel697" xlink:href="scriptorium.1Cor_06.mark.xml#sSpan1815" target="scriptorium.1Cor_06.mark.xml#sSpan1802"/>
		<rel id="sPointingRel699" xlink:href="scriptorium.1Cor_06.mark.xml#sSpan1529" target="scriptorium.1Cor_06.mark.xml#sSpan1531"/>
		<rel id="sPointingRel701" xlink:href="scriptorium.1Cor_06.mark.xml#sSpan316" target="scriptorium.1Cor_06.mark.xml#sSpan322"/>
		<rel id="sPointingRel703" xlink:href="scriptorium.1Cor_06.mark.xml#sSpan1944" target="scriptorium.1Cor_06.mark.xml#sSpan1936"/>
		<rel id="sPointingRel705" xlink:href="scriptorium.1Cor_06.mark.xml#sSpan1483" target="scriptorium.1Cor_06.mark.xml#sSpan1485"/>
		<rel id="sPointingRel707" xlink:href="scriptorium.1Cor_06.mark.xml#sSpan1432" target="scriptorium.1Cor_06.mark.xml#sSpan1425"/>
		<rel id="sPointingRel709" xlink:href="scriptorium.1Cor_06.mark.xml#sSpan1466" target="scriptorium.1Cor_06.mark.xml#sSpan1463"/>
		<rel id="sPointingRel711" xlink:href="scriptorium.1Cor_06.mark.xml#sSpan719" target="scriptorium.1Cor_06.mark.xml#sSpan715"/>
		<rel id="sPointingRel713" xlink:href="scriptorium.1Cor_06.mark.xml#sSpan1163" target="scriptorium.1Cor_06.mark.xml#sSpan1202"/>
		<rel id="sPointingRel715" xlink:href="scriptorium.1Cor_06.mark.xml#sSpan455" target="scriptorium.1Cor_06.mark.xml#sSpan470"/>
		<rel id="sPointingRel717" xlink:href="scriptorium.1Cor_06.mark.xml#sSpan1870" target="scriptorium.1Cor_06.mark.xml#sSpan1881"/>
		<rel id="sPointingRel719" xlink:href="scriptorium.1Cor_06.mark.xml#sSpan91" target="scriptorium.1Cor_06.mark.xml#sSpan96"/>
		<rel id="sPointingRel721" xlink:href="scriptorium.1Cor_06.mark.xml#sSpan733" target="scriptorium.1Cor_06.mark.xml#sSpan729"/>
		<rel id="sPointingRel723" xlink:href="scriptorium.1Cor_06.mark.xml#sSpan1217" target="scriptorium.1Cor_06.mark.xml#sSpan1206"/>
		<rel id="sPointingRel725" xlink:href="scriptorium.1Cor_06.mark.xml#sSpan944" target="scriptorium.1Cor_06.mark.xml#sSpan935"/>
		<rel id="sPointingRel727" xlink:href="scriptorium.1Cor_06.mark.xml#sSpan2007" target="scriptorium.1Cor_06.mark.xml#sSpan2005"/>
		<rel id="sPointingRel729" xlink:href="scriptorium.1Cor_06.mark.xml#sSpan520" target="scriptorium.1Cor_06.mark.xml#sSpan510"/>
		<rel id="sPointingRel731" xlink:href="scriptorium.1Cor_06.mark.xml#sSpan393" target="scriptorium.1Cor_06.mark.xml#sSpan399"/>
		<rel id="sPointingRel733" xlink:href="scriptorium.1Cor_06.mark.xml#sSpan133" target="scriptorium.1Cor_06.mark.xml#sSpan138"/>
		<rel id="sPointingRel735" xlink:href="scriptorium.1Cor_06.mark.xml#sSpan2031" target="scriptorium.1Cor_06.mark.xml#sSpan2029"/>
		<rel id="sPointingRel737" xlink:href="scriptorium.1Cor_06.mark.xml#sSpan91" target="scriptorium.1Cor_06.mark.xml#sSpan98"/>
		<rel id="sPointingRel739" xlink:href="scriptorium.1Cor_06.mark.xml#sSpan774" target="scriptorium.1Cor_06.mark.xml#sSpan910"/>
		<rel id="sPointingRel741" xlink:href="scriptorium.1Cor_06.mark.xml#sSpan1619" target="scriptorium.1Cor_06.mark.xml#sSpan1617"/>
		<rel id="sPointingRel743" xlink:href="scriptorium.1Cor_06.mark.xml#sSpan1279" target="scriptorium.1Cor_06.mark.xml#sSpan1409"/>
		<rel id="sPointingRel745" xlink:href="scriptorium.1Cor_06.mark.xml#sSpan1368" target="scriptorium.1Cor_06.mark.xml#sSpan1360"/>
		<rel id="sPointingRel747" xlink:href="scriptorium.1Cor_06.mark.xml#sSpan1299" target="scriptorium.1Cor_06.mark.xml#sSpan1294"/>
		<rel id="sPointingRel749" xlink:href="scriptorium.1Cor_06.mark.xml#sSpan1425" target="scriptorium.1Cor_06.mark.xml#sSpan1422"/>
		<rel id="sPointingRel751" xlink:href="scriptorium.1Cor_06.mark.xml#sSpan520" target="scriptorium.1Cor_06.mark.xml#sSpan501"/>
		<rel id="sPointingRel753" xlink:href="scriptorium.1Cor_06.mark.xml#sSpan204" target="scriptorium.1Cor_06.mark.xml#sSpan198"/>
		<rel id="sPointingRel755" xlink:href="scriptorium.1Cor_06.mark.xml#sSpan679" target="scriptorium.1Cor_06.mark.xml#sSpan681"/>
		<rel id="sPointingRel757" xlink:href="scriptorium.1Cor_06.mark.xml#sSpan1095" target="scriptorium.1Cor_06.mark.xml#sSpan1089"/>
		<rel id="sPointingRel759" xlink:href="scriptorium.1Cor_06.mark.xml#sSpan643" target="scriptorium.1Cor_06.mark.xml#sSpan658"/>
		<rel id="sPointingRel761" xlink:href="scriptorium.1Cor_06.mark.xml#sSpan453" target="scriptorium.1Cor_06.mark.xml#sSpan449"/>
		<rel id="sPointingRel763" xlink:href="scriptorium.1Cor_06.mark.xml#sSpan1697" target="scriptorium.1Cor_06.mark.xml#sSpan1689"/>
		<rel id="sPointingRel765" xlink:href="scriptorium.1Cor_06.mark.xml#sSpan739" target="scriptorium.1Cor_06.mark.xml#sSpan751"/>
		<rel id="sPointingRel767" xlink:href="scriptorium.1Cor_06.mark.xml#sSpan591" target="scriptorium.1Cor_06.mark.xml#sSpan586"/>
		<rel id="sPointingRel769" xlink:href="scriptorium.1Cor_06.mark.xml#sSpan1455" target="scriptorium.1Cor_06.mark.xml#sSpan1445"/>
		<rel id="sPointingRel771" xlink:href="scriptorium.1Cor_06.mark.xml#sSpan802" target="scriptorium.1Cor_06.mark.xml#sSpan780"/>
		<rel id="sPointingRel773" xlink:href="scriptorium.1Cor_06.mark.xml#sSpan1559" target="scriptorium.1Cor_06.mark.xml#sSpan1555"/>
		<rel id="sPointingRel775" xlink:href="scriptorium.1Cor_06.mark.xml#sSpan275" target="scriptorium.1Cor_06.mark.xml#sSpan267"/>
		<rel id="sPointingRel777" xlink:href="scriptorium.1Cor_06.mark.xml#sSpan1504" target="scriptorium.1Cor_06.mark.xml#sSpan1515"/>
		<rel id="sPointingRel779" xlink:href="scriptorium.1Cor_06.mark.xml#sSpan217" target="scriptorium.1Cor_06.mark.xml#sSpan210"/>
		<rel id="sPointingRel781" xlink:href="scriptorium.1Cor_06.mark.xml#sSpan1909" target="scriptorium.1Cor_06.mark.xml#sSpan1894"/>
		<rel id="sPointingRel783" xlink:href="scriptorium.1Cor_06.mark.xml#sSpan1529" target="scriptorium.1Cor_06.mark.xml#sSpan1559"/>
		<rel id="sPointingRel785" xlink:href="scriptorium.1Cor_06.mark.xml#sSpan643" target="scriptorium.1Cor_06.mark.xml#sSpan631"/>
		<rel id="sPointingRel787" xlink:href="scriptorium.1Cor_06.mark.xml#sSpan1543" target="scriptorium.1Cor_06.mark.xml#sSpan1539"/>
		<rel id="sPointingRel789" xlink:href="scriptorium.1Cor_06.mark.xml#sSpan1082" target="scriptorium.1Cor_06.mark.xml#sSpan1080"/>
		<rel id="sPointingRel791" xlink:href="scriptorium.1Cor_06.mark.xml#sSpan978" target="scriptorium.1Cor_06.mark.xml#sSpan969"/>
		<rel id="sPointingRel793" xlink:href="scriptorium.1Cor_06.mark.xml#sSpan816" target="scriptorium.1Cor_06.mark.xml#sSpan808"/>
		<rel id="sPointingRel795" xlink:href="scriptorium.1Cor_06.mark.xml#sSpan250" target="scriptorium.1Cor_06.mark.xml#sSpan248"/>
		<rel id="sPointingRel797" xlink:href="scriptorium.1Cor_06.mark.xml#sSpan774" target="scriptorium.1Cor_06.mark.xml#sSpan768"/>
		<rel id="sPointingRel799" xlink:href="scriptorium.1Cor_06.mark.xml#sSpan1240" target="scriptorium.1Cor_06.mark.xml#sSpan1238"/>
		<rel id="sPointingRel801" xlink:href="scriptorium.1Cor_06.mark.xml#sSpan1585" target="scriptorium.1Cor_06.mark.xml#sSpan1583"/>
		<rel id="sPointingRel803" xlink:href="scriptorium.1Cor_06.mark.xml#sSpan1678" target="scriptorium.1Cor_06.mark.xml#sSpan1697"/>
		<rel id="sPointingRel805" xlink:href="scriptorium.1Cor_06.mark.xml#sSpan1432" target="scriptorium.1Cor_06.mark.xml#sSpan1428"/>
		<rel id="sPointingRel807" xlink:href="scriptorium.1Cor_06.mark.xml#sSpan1182" target="scriptorium.1Cor_06.mark.xml#sSpan1188"/>
		<rel id="sPointingRel809" xlink:href="scriptorium.1Cor_06.mark.xml#sSpan1604" target="scriptorium.1Cor_06.mark.xml#sSpan1643"/>
		<rel id="sPointingRel811" xlink:href="scriptorium.1Cor_06.mark.xml#sSpan1141" target="scriptorium.1Cor_06.mark.xml#sSpan1134"/>
		<rel id="sPointingRel813" xlink:href="scriptorium.1Cor_06.mark.xml#sSpan1113" target="scriptorium.1Cor_06.mark.xml#sSpan1106"/>
		<rel id="sPointingRel815" xlink:href="scriptorium.1Cor_06.mark.xml#sSpan1279" target="scriptorium.1Cor_06.mark.xml#sSpan1288"/>
		<rel id="sPointingRel817" xlink:href="scriptorium.1Cor_06.mark.xml#sSpan1504" target="scriptorium.1Cor_06.mark.xml#sSpan1499"/>
		<rel id="sPointingRel819" xlink:href="scriptorium.1Cor_06.mark.xml#sSpan1909" target="scriptorium.1Cor_06.mark.xml#sSpan2015"/>
		<rel id="sPointingRel821" xlink:href="scriptorium.1Cor_06.mark.xml#sSpan1288" target="scriptorium.1Cor_06.mark.xml#sSpan1285"/>
		<rel id="sPointingRel823" xlink:href="scriptorium.1Cor_06.mark.xml#sSpan802" target="scriptorium.1Cor_06.mark.xml#sSpan804"/>
		<rel id="sPointingRel825" xlink:href="scriptorium.1Cor_06.mark.xml#sSpan20" target="scriptorium.1Cor_06.mark.xml#sSpan102"/>
		<rel id="sPointingRel827" xlink:href="scriptorium.1Cor_06.mark.xml#sSpan370" target="scriptorium.1Cor_06.mark.xml#sSpan375"/>
		<rel id="sPointingRel829" xlink:href="scriptorium.1Cor_06.mark.xml#sSpan1386" target="scriptorium.1Cor_06.mark.xml#sSpan1375"/>
		<rel id="sPointingRel831" xlink:href="scriptorium.1Cor_06.mark.xml#sSpan1504" target="scriptorium.1Cor_06.mark.xml#sSpan1517"/>
		<rel id="sPointingRel833" xlink:href="scriptorium.1Cor_06.mark.xml#sSpan36" target="scriptorium.1Cor_06.mark.xml#sSpan43"/>
		<rel id="sPointingRel835" xlink:href="scriptorium.1Cor_06.mark.xml#sSpan1765" target="scriptorium.1Cor_06.mark.xml#sSpan1889"/>
		<rel id="sPointingRel837" xlink:href="scriptorium.1Cor_06.mark.xml#sSpan1529" target="scriptorium.1Cor_06.mark.xml#sSpan1585"/>
		<rel id="sPointingRel839" xlink:href="scriptorium.1Cor_06.mark.xml#sSpan362" target="scriptorium.1Cor_06.mark.xml#sSpan354"/>
		<rel id="sPointingRel841" xlink:href="scriptorium.1Cor_06.mark.xml#sSpan343" target="scriptorium.1Cor_06.mark.xml#sSpan335"/>
		<rel id="sPointingRel843" xlink:href="scriptorium.1Cor_06.mark.xml#sSpan393" target="scriptorium.1Cor_06.mark.xml#sSpan420"/>
		<rel id="sPointingRel845" xlink:href="scriptorium.1Cor_06.mark.xml#sSpan204" target="scriptorium.1Cor_06.mark.xml#sSpan165"/>
		<rel id="sPointingRel847" xlink:href="scriptorium.1Cor_06.mark.xml#sSpan1643" target="scriptorium.1Cor_06.mark.xml#sSpan1637"/>
		<rel id="sPointingRel849" xlink:href="scriptorium.1Cor_06.mark.xml#sSpan1755" target="scriptorium.1Cor_06.mark.xml#sSpan1751"/>
		<rel id="sPointingRel851" xlink:href="scriptorium.1Cor_06.mark.xml#sSpan1309" target="scriptorium.1Cor_06.mark.xml#sSpan1305"/>
		<rel id="sPointingRel853" xlink:href="scriptorium.1Cor_06.mark.xml#sSpan1067" target="scriptorium.1Cor_06.mark.xml#sSpan1065"/>
		<rel id="sPointingRel855" xlink:href="scriptorium.1Cor_06.mark.xml#sSpan1336" target="scriptorium.1Cor_06.mark.xml#sSpan1333"/>
		<rel id="sPointingRel857" xlink:href="scriptorium.1Cor_06.mark.xml#sSpan1741" target="scriptorium.1Cor_06.mark.xml#sSpan1738"/>
		<rel id="sPointingRel859" xlink:href="scriptorium.1Cor_06.mark.xml#sSpan292" target="scriptorium.1Cor_06.mark.xml#sSpan288"/>
		<rel id="sPointingRel861" xlink:href="scriptorium.1Cor_06.mark.xml#sSpan1001" target="scriptorium.1Cor_06.mark.xml#sSpan915"/>
		<rel id="sPointingRel863" xlink:href="scriptorium.1Cor_06.mark.xml#sSpan706" target="scriptorium.1Cor_06.mark.xml#sSpan702"/>
		<rel id="sPointingRel865" xlink:href="scriptorium.1Cor_06.mark.xml#sSpan1344" target="scriptorium.1Cor_06.mark.xml#sSpan1317"/>
		<rel id="sPointingRel867" xlink:href="scriptorium.1Cor_06.mark.xml#sSpan532" target="scriptorium.1Cor_06.mark.xml#sSpan525"/>
		<rel id="sPointingRel869" xlink:href="scriptorium.1Cor_06.mark.xml#sSpan74" target="scriptorium.1Cor_06.mark.xml#sSpan66"/>
		<rel id="sPointingRel871" xlink:href="scriptorium.1Cor_06.mark.xml#sSpan1852" target="scriptorium.1Cor_06.mark.xml#sSpan1849"/>
		<rel id="sPointingRel873" xlink:href="scriptorium.1Cor_06.mark.xml#sSpan133" target="scriptorium.1Cor_06.mark.xml#sSpan129"/>
		<rel id="sPointingRel875" xlink:href="scriptorium.1Cor_06.mark.xml#sSpan1163" target="scriptorium.1Cor_06.mark.xml#sSpan1147"/>
		<rel id="sPointingRel877" xlink:href="scriptorium.1Cor_06.mark.xml#sSpan826" target="scriptorium.1Cor_06.mark.xml#sSpan819"/>
		<rel id="sPointingRel879" xlink:href="scriptorium.1Cor_06.mark.xml#sSpan223" target="scriptorium.1Cor_06.mark.xml#sSpan231"/>
		<rel id="sPointingRel881" xlink:href="scriptorium.1Cor_06.mark.xml#sSpan20" target="scriptorium.1Cor_06.mark.xml#sSpan63"/>
		<rel id="sPointingRel883" xlink:href="scriptorium.1Cor_06.mark.xml#sSpan706" target="scriptorium.1Cor_06.mark.xml#sSpan739"/>
		<rel id="sPointingRel885" xlink:href="scriptorium.1Cor_06.mark.xml#sSpan1515" target="scriptorium.1Cor_06.mark.xml#sSpan1511"/>
		<rel id="sPointingRel887" xlink:href="scriptorium.1Cor_06.mark.xml#sSpan944" target="scriptorium.1Cor_06.mark.xml#sSpan952"/>
		<rel id="sPointingRel889" xlink:href="scriptorium.1Cor_06.mark.xml#sSpan91" target="scriptorium.1Cor_06.mark.xml#sSpan87"/>
		<rel id="sPointingRel891" xlink:href="scriptorium.1Cor_06.mark.xml#sSpan2031" target="scriptorium.1Cor_06.mark.xml#sSpan2047"/>
		<rel id="sPointingRel893" xlink:href="scriptorium.1Cor_06.mark.xml#sSpan591" target="scriptorium.1Cor_06.mark.xml#sSpan582"/>
		<rel id="sPointingRel895" xlink:href="scriptorium.1Cor_06.mark.xml#sSpan133" target="scriptorium.1Cor_06.mark.xml#sSpan140"/>
		<rel id="sPointingRel897" xlink:href="scriptorium.1Cor_06.mark.xml#sSpan840" target="scriptorium.1Cor_06.mark.xml#sSpan845"/>
		<rel id="sPointingRel899" xlink:href="scriptorium.1Cor_06.mark.xml#sSpan1635" target="scriptorium.1Cor_06.mark.xml#sSpan1627"/>
		<rel id="sPointingRel901" xlink:href="scriptorium.1Cor_06.mark.xml#sSpan1279" target="scriptorium.1Cor_06.mark.xml#sSpan1269"/>
		<rel id="sPointingRel903" xlink:href="scriptorium.1Cor_06.mark.xml#sSpan1050" target="scriptorium.1Cor_06.mark.xml#sSpan1042"/>
		<rel id="sPointingRel905" xlink:href="scriptorium.1Cor_06.mark.xml#sSpan520" target="scriptorium.1Cor_06.mark.xml#sSpan542"/>
		<rel id="sPointingRel907" xlink:href="scriptorium.1Cor_06.mark.xml#sSpan964" target="scriptorium.1Cor_06.mark.xml#sSpan955"/>
		<rel id="sPointingRel909" xlink:href="scriptorium.1Cor_06.mark.xml#sSpan1604" target="scriptorium.1Cor_06.mark.xml#sSpan1705"/>
		<rel id="sPointingRel911" xlink:href="scriptorium.1Cor_06.mark.xml#sSpan494" target="scriptorium.1Cor_06.mark.xml#sSpan487"/>
		<rel id="sPointingRel913" xlink:href="scriptorium.1Cor_06.mark.xml#sSpan362" target="scriptorium.1Cor_06.mark.xml#sSpan358"/>
		<rel id="sPointingRel915" xlink:href="scriptorium.1Cor_06.mark.xml#sSpan774" target="scriptorium.1Cor_06.mark.xml#sSpan802"/>
		<rel id="sPointingRel917" xlink:href="scriptorium.1Cor_06.mark.xml#sSpan1964" target="scriptorium.1Cor_06.mark.xml#sSpan1976"/>
		<rel id="sPointingRel919" xlink:href="scriptorium.1Cor_06.mark.xml#sSpan447" target="scriptorium.1Cor_06.mark.xml#sSpan442"/>
		<rel id="sPointingRel921" xlink:href="scriptorium.1Cor_06.mark.xml#sSpan149" target="scriptorium.1Cor_06.mark.xml#sSpan146"/>
		<rel id="sPointingRel923" xlink:href="scriptorium.1Cor_06.mark.xml#sSpan43" target="scriptorium.1Cor_06.mark.xml#sSpan49"/>
		<rel id="sPointingRel925" xlink:href="scriptorium.1Cor_06.mark.xml#sSpan542" target="scriptorium.1Cor_06.mark.xml#sSpan538"/>
		<rel id="sPointingRel927" xlink:href="scriptorium.1Cor_06.mark.xml#sSpan1793" target="scriptorium.1Cor_06.mark.xml#sSpan1798"/>
		<rel id="sPointingRel929" xlink:href="scriptorium.1Cor_06.mark.xml#sSpan1104" target="scriptorium.1Cor_06.mark.xml#sSpan1132"/>
		<rel id="sPointingRel931" xlink:href="scriptorium.1Cor_06.mark.xml#sSpan470" target="scriptorium.1Cor_06.mark.xml#sSpan477"/>
		<rel id="sPointingRel933" xlink:href="scriptorium.1Cor_06.mark.xml#sSpan20" target="scriptorium.1Cor_06.mark.xml#sSpan12"/>
		<rel id="sPointingRel935" xlink:href="scriptorium.1Cor_06.mark.xml#sSpan2080" target="scriptorium.1Cor_06.mark.xml#sSpan2072"/>
		<rel id="sPointingRel937" xlink:href="scriptorium.1Cor_06.mark.xml#sSpan2007" target="scriptorium.1Cor_06.mark.xml#sSpan1997"/>
		<rel id="sPointingRel939" xlink:href="scriptorium.1Cor_06.mark.xml#sSpan1001" target="scriptorium.1Cor_06.mark.xml#sSpan1011"/>
		<rel id="sPointingRel941" xlink:href="scriptorium.1Cor_06.mark.xml#sSpan1604" target="scriptorium.1Cor_06.mark.xml#sSpan1655"/>
		<rel id="sPointingRel943" xlink:href="scriptorium.1Cor_06.mark.xml#sSpan1113" target="scriptorium.1Cor_06.mark.xml#sSpan1110"/>
		<rel id="sPointingRel945" xlink:href="scriptorium.1Cor_06.mark.xml#sSpan542" target="scriptorium.1Cor_06.mark.xml#sSpan555"/>
		<rel id="sPointingRel947" xlink:href="scriptorium.1Cor_06.mark.xml#sSpan930" target="scriptorium.1Cor_06.mark.xml#sSpan944"/>
		<rel id="sPointingRel949" xlink:href="scriptorium.1Cor_06.mark.xml#sSpan1147" target="scriptorium.1Cor_06.mark.xml#sSpan1158"/>
		<rel id="sPointingRel951" xlink:href="scriptorium.1Cor_06.mark.xml#sSpan333" target="scriptorium.1Cor_06.mark.xml#sSpan343"/>
		<rel id="sPointingRel953" xlink:href="scriptorium.1Cor_06.mark.xml#sSpan1193" target="scriptorium.1Cor_06.mark.xml#sSpan1182"/>
		<rel id="sPointingRel955" xlink:href="scriptorium.1Cor_06.mark.xml#sSpan1870" target="scriptorium.1Cor_06.mark.xml#sSpan1863"/>
		<rel id="sPointingRel957" xlink:href="scriptorium.1Cor_06.mark.xml#sSpan1991" target="scriptorium.1Cor_06.mark.xml#sSpan1988"/>
		<rel id="sPointingRel959" xlink:href="scriptorium.1Cor_06.mark.xml#sSpan853" target="scriptorium.1Cor_06.mark.xml#sSpan858"/>
		<rel id="sPointingRel961" xlink:href="scriptorium.1Cor_06.mark.xml#sSpan1643" target="scriptorium.1Cor_06.mark.xml#sSpan1649"/>
		<rel id="sPointingRel963" xlink:href="scriptorium.1Cor_06.mark.xml#sSpan333" target="scriptorium.1Cor_06.mark.xml#sSpan326"/>
		<rel id="sPointingRel965" xlink:href="scriptorium.1Cor_06.mark.xml#sSpan679" target="scriptorium.1Cor_06.mark.xml#sSpan677"/>
		<rel id="sPointingRel967" xlink:href="scriptorium.1Cor_06.mark.xml#sSpan1585" target="scriptorium.1Cor_06.mark.xml#sSpan1579"/>
		<rel id="sPointingRel969" xlink:href="scriptorium.1Cor_06.mark.xml#sSpan1095" target="scriptorium.1Cor_06.mark.xml#sSpan1093"/>
		<rel id="sPointingRel971" xlink:href="scriptorium.1Cor_06.mark.xml#sSpan1625" target="scriptorium.1Cor_06.mark.xml#sSpan1621"/>
		<rel id="sPointingRel973" xlink:href="scriptorium.1Cor_06.mark.xml#sSpan149" target="scriptorium.1Cor_06.mark.xml#sSpan144"/>
		<rel id="sPointingRel975" xlink:href="scriptorium.1Cor_06.mark.xml#sSpan470" target="scriptorium.1Cor_06.mark.xml#sSpan466"/>
		<rel id="sPointingRel977" xlink:href="scriptorium.1Cor_06.mark.xml#sSpan1741" target="scriptorium.1Cor_06.mark.xml#sSpan1734"/>
		<rel id="sPointingRel979" xlink:href="scriptorium.1Cor_06.mark.xml#sSpan1569" target="scriptorium.1Cor_06.mark.xml#sSpan1563"/>
		<rel id="sPointingRel981" xlink:href="scriptorium.1Cor_06.mark.xml#sSpan611" target="scriptorium.1Cor_06.mark.xml#sSpan620"/>
		<rel id="sPointingRel983" xlink:href="scriptorium.1Cor_06.mark.xml#sSpan643" target="scriptorium.1Cor_06.mark.xml#sSpan637"/>
		<rel id="sPointingRel985" xlink:href="scriptorium.1Cor_06.mark.xml#sSpan1386" target="scriptorium.1Cor_06.mark.xml#sSpan1383"/>
		<rel id="sPointingRel987" xlink:href="scriptorium.1Cor_06.mark.xml#sSpan774" target="scriptorium.1Cor_06.mark.xml#sSpan776"/>
		<rel id="sPointingRel989" xlink:href="scriptorium.1Cor_06.mark.xml#sSpan826" target="scriptorium.1Cor_06.mark.xml#sSpan823"/>
		<rel id="sPointingRel991" xlink:href="scriptorium.1Cor_06.mark.xml#sSpan1011" target="scriptorium.1Cor_06.mark.xml#sSpan1003"/>
		<rel id="sPointingRel993" xlink:href="scriptorium.1Cor_06.mark.xml#sSpan123" target="scriptorium.1Cor_06.mark.xml#sSpan121"/>
		<rel id="sPointingRel995" xlink:href="scriptorium.1Cor_06.mark.xml#sSpan1432" target="scriptorium.1Cor_06.mark.xml#sSpan1455"/>
		<rel id="sPointingRel997" xlink:href="scriptorium.1Cor_06.mark.xml#sSpan1659" target="scriptorium.1Cor_06.mark.xml#sSpan1663"/>
		<rel id="sPointingRel999" xlink:href="scriptorium.1Cor_06.mark.xml#sSpan1344" target="scriptorium.1Cor_06.mark.xml#sSpan1346"/>
		<rel id="sPointingRel1001" xlink:href="scriptorium.1Cor_06.mark.xml#sSpan840" target="scriptorium.1Cor_06.mark.xml#sSpan836"/>
		<rel id="sPointingRel1003" xlink:href="scriptorium.1Cor_06.mark.xml#sSpan1163" target="scriptorium.1Cor_06.mark.xml#sSpan1217"/>
		<rel id="sPointingRel1005" xlink:href="scriptorium.1Cor_06.mark.xml#sSpan532" target="scriptorium.1Cor_06.mark.xml#sSpan529"/>
		<rel id="sPointingRel1007" xlink:href="scriptorium.1Cor_06.mark.xml#sSpan1765" target="scriptorium.1Cor_06.mark.xml#sSpan1775"/>
		<rel id="sPointingRel1009" xlink:href="scriptorium.1Cor_06.mark.xml#sSpan1815" target="scriptorium.1Cor_06.mark.xml#sSpan1809"/>
		<rel id="sPointingRel1011" xlink:href="scriptorium.1Cor_06.mark.xml#sSpan1279" target="scriptorium.1Cor_06.mark.xml#sSpan1344"/>
		<rel id="sPointingRel1013" xlink:href="scriptorium.1Cor_06.mark.xml#sSpan435" target="scriptorium.1Cor_06.mark.xml#sSpan455"/>
		<rel id="sPointingRel1015" xlink:href="scriptorium.1Cor_06.mark.xml#sSpan2080" target="scriptorium.1Cor_06.mark.xml#sSpan2076"/>
		<rel id="sPointingRel1017" xlink:href="scriptorium.1Cor_06.mark.xml#sSpan370" target="scriptorium.1Cor_06.mark.xml#sSpan364"/>
		<rel id="sPointingRel1019" xlink:href="scriptorium.1Cor_06.mark.xml#sSpan1368" target="scriptorium.1Cor_06.mark.xml#sSpan1370"/>
		<rel id="sPointingRel1021" xlink:href="scriptorium.1Cor_06.mark.xml#sSpan1050" target="scriptorium.1Cor_06.mark.xml#sSpan1082"/>
		<rel id="sPointingRel1023" xlink:href="scriptorium.1Cor_06.mark.xml#sSpan795" target="scriptorium.1Cor_06.mark.xml#sSpan791"/>
		<rel id="sPointingRel1025" xlink:href="scriptorium.1Cor_06.mark.xml#sSpan43" target="scriptorium.1Cor_06.mark.xml#sSpan40"/>
		<rel id="sPointingRel1027" xlink:href="scriptorium.1Cor_06.mark.xml#sSpan265" target="scriptorium.1Cor_06.mark.xml#sSpan275"/>
		<rel id="sPointingRel1029" xlink:href="scriptorium.1Cor_06.mark.xml#sSpan930" target="scriptorium.1Cor_06.mark.xml#sSpan992"/>
		<rel id="sPointingRel1031" xlink:href="scriptorium.1Cor_06.mark.xml#sSpan1279" target="scriptorium.1Cor_06.mark.xml#sSpan1299"/>
		<rel id="sPointingRel1033" xlink:href="scriptorium.1Cor_06.mark.xml#sSpan20" target="scriptorium.1Cor_06.mark.xml#sSpan22"/>
		<rel id="sPointingRel1035" xlink:href="scriptorium.1Cor_06.mark.xml#sSpan2070" target="scriptorium.1Cor_06.mark.xml#sSpan2063"/>
		<rel id="sPointingRel1037" xlink:href="scriptorium.1Cor_06.mark.xml#sSpan2031" target="scriptorium.1Cor_06.mark.xml#sSpan2033"/>
		<rel id="sPointingRel1039" xlink:href="scriptorium.1Cor_06.mark.xml#sSpan285" target="scriptorium.1Cor_06.mark.xml#sSpan281"/>
		<rel id="sPointingRel1041" xlink:href="scriptorium.1Cor_06.mark.xml#sSpan899" target="scriptorium.1Cor_06.mark.xml#sSpan907"/>
		<rel id="sPointingRel1043" xlink:href="scriptorium.1Cor_06.mark.xml#sSpan477" target="scriptorium.1Cor_06.mark.xml#sSpan472"/>
		<rel id="sPointingRel1045" xlink:href="scriptorium.1Cor_06.mark.xml#sSpan352" target="scriptorium.1Cor_06.mark.xml#sSpan362"/>
		<rel id="sPointingRel1047" xlink:href="scriptorium.1Cor_06.mark.xml#sSpan439" target="scriptorium.1Cor_06.mark.xml#sSpan447"/>
		<rel id="sPointingRel1049" xlink:href="scriptorium.1Cor_06.mark.xml#sSpan180" target="scriptorium.1Cor_06.mark.xml#sSpan169"/>
		<rel id="sPointingRel1051" xlink:href="scriptorium.1Cor_06.mark.xml#sSpan713" target="scriptorium.1Cor_06.mark.xml#sSpan721"/>
		<rel id="sPointingRel1053" xlink:href="scriptorium.1Cor_06.mark.xml#sSpan123" target="scriptorium.1Cor_06.mark.xml#sSpan133"/>
		<rel id="sPointingRel1055" xlink:href="scriptorium.1Cor_06.mark.xml#sSpan1909" target="scriptorium.1Cor_06.mark.xml#sSpan1930"/>
		<rel id="sPointingRel1057" xlink:href="scriptorium.1Cor_06.mark.xml#sSpan643" target="scriptorium.1Cor_06.mark.xml#sSpan655"/>
		<rel id="sPointingRel1059" xlink:href="scriptorium.1Cor_06.mark.xml#sSpan591" target="scriptorium.1Cor_06.mark.xml#sSpan607"/>
		<rel id="sPointingRel1061" xlink:href="scriptorium.1Cor_06.mark.xml#sSpan133" target="scriptorium.1Cor_06.mark.xml#sSpan149"/>
		<rel id="sPointingRel1063" xlink:href="scriptorium.1Cor_06.mark.xml#sSpan930" target="scriptorium.1Cor_06.mark.xml#sSpan978"/>
		<rel id="sPointingRel1065" xlink:href="scriptorium.1Cor_06.mark.xml#sSpan1050" target="scriptorium.1Cor_06.mark.xml#sSpan1027"/>
		<rel id="sPointingRel1067" xlink:href="scriptorium.1Cor_06.mark.xml#sSpan1604" target="scriptorium.1Cor_06.mark.xml#sSpan1602"/>
		<rel id="sPointingRel1069" xlink:href="scriptorium.1Cor_06.mark.xml#sSpan1529" target="scriptorium.1Cor_06.mark.xml#sSpan1525"/>
		<rel id="sPointingRel1071" xlink:href="scriptorium.1Cor_06.mark.xml#sSpan1828" target="scriptorium.1Cor_06.mark.xml#sSpan1870"/>
		<rel id="sPointingRel1073" xlink:href="scriptorium.1Cor_06.mark.xml#sSpan1576" target="scriptorium.1Cor_06.mark.xml#sSpan1571"/>
		<rel id="sPointingRel1075" xlink:href="scriptorium.1Cor_06.mark.xml#sSpan393" target="scriptorium.1Cor_06.mark.xml#sSpan381"/>
		<rel id="sPointingRel1077" xlink:href="scriptorium.1Cor_06.mark.xml#sSpan408" target="scriptorium.1Cor_06.mark.xml#sSpan401"/>
		<rel id="sPointingRel1079" xlink:href="scriptorium.1Cor_06.mark.xml#sSpan96" target="scriptorium.1Cor_06.mark.xml#sSpan94"/>
		<rel id="sPointingRel1081" xlink:href="scriptorium.1Cor_06.mark.xml#sSpan1678" target="scriptorium.1Cor_06.mark.xml#sSpan1676"/>
		<rel id="sPointingRel1083" xlink:href="scriptorium.1Cor_06.mark.xml#sSpan2047" target="scriptorium.1Cor_06.mark.xml#sSpan2044"/>
		<rel id="sPointingRel1085" xlink:href="scriptorium.1Cor_06.mark.xml#sSpan180" target="scriptorium.1Cor_06.mark.xml#sSpan173"/>
		<rel id="sPointingRel1087" xlink:href="scriptorium.1Cor_06.mark.xml#sSpan894" target="scriptorium.1Cor_06.mark.xml#sSpan890"/>
		<rel id="sPointingRel1089" xlink:href="scriptorium.1Cor_06.mark.xml#sSpan802" target="scriptorium.1Cor_06.mark.xml#sSpan797"/>
		<rel id="sPointingRel1091" xlink:href="scriptorium.1Cor_06.mark.xml#sSpan1317" target="scriptorium.1Cor_06.mark.xml#sSpan1312"/>
		<rel id="sPointingRel1093" xlink:href="scriptorium.1Cor_06.mark.xml#sSpan204" target="scriptorium.1Cor_06.mark.xml#sSpan217"/>
		<rel id="sPointingRel1095" xlink:href="scriptorium.1Cor_06.mark.xml#sSpan1163" target="scriptorium.1Cor_06.mark.xml#sSpan1173"/>
		<rel id="sPointingRel1097" xlink:href="scriptorium.1Cor_06.mark.xml#sSpan352" target="scriptorium.1Cor_06.mark.xml#sSpan350"/>
		<rel id="sPointingRel1099" xlink:href="scriptorium.1Cor_06.mark.xml#sSpan1011" target="scriptorium.1Cor_06.mark.xml#sSpan1021"/>
		<rel id="sPointingRel1101" xlink:href="scriptorium.1Cor_06.mark.xml#sSpan591" target="scriptorium.1Cor_06.mark.xml#sSpan643"/>
		<rel id="sPointingRel1103" xlink:href="scriptorium.1Cor_06.mark.xml#sSpan1515" target="scriptorium.1Cor_06.mark.xml#sSpan1507"/>
		<rel id="sPointingRel1105" xlink:href="scriptorium.1Cor_06.mark.xml#sSpan643" target="scriptorium.1Cor_06.mark.xml#sSpan679"/>
		<rel id="sPointingRel1107" xlink:href="scriptorium.1Cor_06.mark.xml#sSpan1217" target="scriptorium.1Cor_06.mark.xml#sSpan1225"/>
		<rel id="sPointingRel1109" xlink:href="scriptorium.1Cor_06.mark.xml#sSpan1050" target="scriptorium.1Cor_06.mark.xml#sSpan1095"/>
		<rel id="sPointingRel1111" xlink:href="scriptorium.1Cor_06.mark.xml#sSpan2047" target="scriptorium.1Cor_06.mark.xml#sSpan2040"/>
		<rel id="sPointingRel1113" xlink:href="scriptorium.1Cor_06.mark.xml#sSpan1749" target="scriptorium.1Cor_06.mark.xml#sSpan1761"/>
		<rel id="sPointingRel1115" xlink:href="scriptorium.1Cor_06.mark.xml#sSpan370" target="scriptorium.1Cor_06.mark.xml#sSpan345"/></relList></paula>