<?xml version='1.0' encoding='UTF-8'?><!DOCTYPE paula SYSTEM "paula_feat.dtd">
<paula version="1.1">
	<header paula_id="scriptorium.1Cor_06.mark_text"/>
	<featList xmlns:xlink="http://www.w3.org/1999/xlink" type="text" xml:base="scriptorium.1Cor_06.mark.xml">
		<feat xlink:href="#sSpan14" value="ⲟⲩⲁ"/>
		<feat xlink:href="#sSpan42" value="ⲟⲩ ϩⲱⲃ ⲙⲛ ⲡ ⲉⲧ ϩⲓⲧⲟⲩⲱ ϥ"/>
		<feat xlink:href="#sSpan51" value="ⲡ ⲉⲧ ϩⲓⲧⲟⲩⲱ ϥ"/>
		<feat xlink:href="#sSpan72" value="ⲛ ⲣⲉϥϫⲓ ⲛ ϭⲟⲛⲥ"/>
		<feat xlink:href="#sSpan93" value="ⲛ ⲉⲧ ⲟⲩⲁⲁⲃ"/>
		<feat xlink:href="#sSpan135" value="ⲛ ⲉⲧ ⲟⲩⲁⲁⲃ"/>
		<feat xlink:href="#sSpan157" value="ⲡ ⲕⲟⲥⲙⲟⲥ"/>
		<feat xlink:href="#sSpan188" value="ⲡ ⲕⲟⲥⲙⲟⲥ"/>
		<feat xlink:href="#sSpan216" value="ϩⲉⲛ ⲕⲟⲩⲓ ⲙ ⲙⲁ ⲛ ϯϩⲁⲡ"/>
		<feat xlink:href="#sSpan225" value="ⲙⲁ ⲛ ϯϩⲁⲡ"/>
		<feat xlink:href="#sSpan233" value="ϯϩⲁⲡ"/>
		<feat xlink:href="#sSpan273" value="ϩⲉⲛ ⲁⲅⲅⲉⲗⲟⲥ"/>
		<feat xlink:href="#sSpan294" value="ⲛⲁ ⲡ ⲕⲟⲥⲙⲟⲥ"/>
		<feat xlink:href="#sSpan297" value="ⲡ ⲕⲟⲥⲙⲟⲥ"/>
		<feat xlink:href="#sSpan332" value="ϩⲉⲛ ϩⲱⲃ ⲛⲧⲉ ⲡ ⲃⲓⲟⲥ"/>
		<feat xlink:href="#sSpan341" value="ⲡ ⲃⲓⲟⲥ"/>
		<feat xlink:href="#sSpan349" value="ⲛ ⲉⲧ ⲥⲟϣϥ ϩⲛ ⲧ ⲉⲕⲕⲗⲏⲥⲓⲁ"/>
		<feat xlink:href="#sSpan360" value="ⲧ ⲉⲕⲕⲗⲏⲥⲓⲁ"/>
		<feat xlink:href="#sSpan366" value="ⲛⲁⲓ"/>
		<feat xlink:href="#sSpan407" value="ⲩ ϣⲓⲡⲉ ⲛⲏ ⲧⲛ"/>
		<feat xlink:href="#sSpan422" value="ⲧⲁⲓ"/>
		<feat xlink:href="#sSpan441" value="ⲗⲁⲁⲩ ⲛ ⲥⲟⲫⲟⲥ"/>
		<feat xlink:href="#sSpan457" value="ⲡⲁⲓ"/>
		<feat xlink:href="#sSpan493" value="ⲡⲉϥ ⲥⲟⲛ"/>
		<feat xlink:href="#sSpan516" value="ⲟⲩ ⲥⲟⲛ"/>
		<feat xlink:href="#sSpan531" value="ⲡⲉϥ ⲥⲟⲛ"/>
		<feat xlink:href="#sSpan544" value="ⲡⲁⲓ"/>
		<feat xlink:href="#sSpan553" value="ⲛ ⲁⲡⲓⲥⲧⲟⲥ"/>
		<feat xlink:href="#sSpan590" value="ⲟⲩ ϣⲱⲱⲧ ⲛⲏ ⲧⲛ"/>
		<feat xlink:href="#sSpan613" value="ϩⲁⲡ ⲙⲛ ⲛⲉⲧⲛ ⲉⲣⲏⲩ"/>
		<feat xlink:href="#sSpan657" value="ϭⲟⲛⲥ"/>
		<feat xlink:href="#sSpan710" value="ⲛ ⲉⲧ ϫⲓ ⲛ ϭⲟⲛⲥ"/>
		<feat xlink:href="#sSpan741" value="ⲡⲁⲓ"/>
		<feat xlink:href="#sSpan750" value="ⲛⲉⲧⲛ ⲥⲛⲏⲩ"/>
		<feat xlink:href="#sSpan786" value="ⲛ ⲣⲉϥϫⲓ ⲛ ϭⲟⲛⲥ"/>
		<feat xlink:href="#sSpan814" value="ⲧ ⲙⲛⲧⲣⲣⲟ ⲙ ⲡ ⲛⲟⲩⲧⲉ"/>
		<feat xlink:href="#sSpan825" value="ⲡ ⲛⲟⲩⲧⲉ"/>
		<feat xlink:href="#sSpan847" value="ⲡⲟⲣⲛⲟⲥ"/>
		<feat xlink:href="#sSpan860" value="ⲣⲉϥϣⲙϣⲉⲉⲓⲇⲱⲗⲟⲛ"/>
		<feat xlink:href="#sSpan875" value="ⲛⲟⲉⲓⲕ"/>
		<feat xlink:href="#sSpan888" value="ⲙⲁⲗⲁⲕⲟⲥ"/>
		<feat xlink:href="#sSpan901" value="ⲣⲉϥⲛⲕⲟⲧⲕ ⲙⲛ ϩⲟⲟⲩⲧ"/>
		<feat xlink:href="#sSpan909" value="ϩⲟⲟⲩⲧ"/>
		<feat xlink:href="#sSpan932" value="ⲣⲉϥϩⲱϥⲧ"/>
		<feat xlink:href="#sSpan946" value="ⲙⲁⲓⲧⲟⲉ ⲛ ϩⲟⲩⲟ"/>
		<feat xlink:href="#sSpan966" value="ⲣⲉϥϯϩⲉ"/>
		<feat xlink:href="#sSpan980" value="ⲣⲉϥⲥⲁϩⲟⲩ"/>
		<feat xlink:href="#sSpan994" value="ⲣⲉϥⲧⲱⲣⲡ"/>
		<feat xlink:href="#sSpan1009" value="ⲧ ⲙⲛⲧⲣⲣⲟ ⲙ ⲡ ⲛⲟⲩⲧⲉ"/>
		<feat xlink:href="#sSpan1020" value="ⲡ ⲛⲟⲩⲧⲉ"/>
		<feat xlink:href="#sSpan1039" value="ⲛⲁⲓ"/>
		<feat xlink:href="#sSpan1103" value="ⲡ ⲣⲁⲛ ⲙ ⲡⲉⲛ ϫⲟⲉⲓⲥ ⲓⲏⲥⲟⲩⲥ"/>
		<feat xlink:href="#sSpan1112" value="ⲡⲉⲛ ϫⲟⲉⲓⲥ ⲓⲏⲥⲟⲩⲥ"/>
		<feat xlink:href="#sSpan1130" value="ⲡⲉ ⲡⲛⲉⲩⲙⲁ ⲙ ⲡⲉⲛ ⲛⲟⲩⲧⲉ"/>
		<feat xlink:href="#sSpan1140" value="ⲡⲉⲛ ⲛⲟⲩⲧⲉ"/>
		<feat xlink:href="#sSpan1152" value="ϩⲱⲃ ⲛⲓⲙ"/>
		<feat xlink:href="#sSpan1187" value="ϩⲱⲃ ⲛⲓⲙ"/>
		<feat xlink:href="#sSpan1211" value="ϩⲱⲃ ⲛⲓⲙ"/>
		<feat xlink:href="#sSpan1244" value="ⲗⲁⲁⲩ"/>
		<feat xlink:href="#sSpan1273" value="ⲛ ϭⲓⲛⲟⲩⲟⲟⲙ ⲛ ⲧ ϩⲏ"/>
		<feat xlink:href="#sSpan1287" value="ⲧ ϩⲏ"/>
		<feat xlink:href="#sSpan1298" value="ⲧ ϩⲏ ⲛ ⲛ ϭⲓⲛⲟⲩⲟⲟⲙ"/>
		<feat xlink:href="#sSpan1307" value="ⲛ ϭⲓⲛⲟⲩⲟⲟⲙ"/>
		<feat xlink:href="#sSpan1314" value="ⲡ ⲛⲟⲩⲧⲉ"/>
		<feat xlink:href="#sSpan1326" value="ⲧⲁⲓ"/>
		<feat xlink:href="#sSpan1335" value="ⲛⲉⲓ ⲕⲟⲟⲩⲉ"/>
		<feat xlink:href="#sSpan1350" value="ⲡ ⲥⲱⲙⲁ"/>
		<feat xlink:href="#sSpan1366" value="ⲧ ⲡⲟⲣⲛⲉⲓⲁ"/>
		<feat xlink:href="#sSpan1385" value="ⲡ ϫⲟⲉⲓⲥ"/>
		<feat xlink:href="#sSpan1394" value="ⲡ ϫⲟⲉⲓⲥ"/>
		<feat xlink:href="#sSpan1405" value="ⲡ ⲥⲱⲙⲁ"/>
		<feat xlink:href="#sSpan1424" value="ⲡ ⲛⲟⲩⲧⲉ"/>
		<feat xlink:href="#sSpan1438" value="ⲡⲉⲛ ϫⲟⲉⲓⲥ"/>
		<feat xlink:href="#sSpan1465" value="ⲧⲉϥ ϭⲟⲙ"/>
		<feat xlink:href="#sSpan1495" value="ⲛⲉⲧⲛ ⲥⲱⲙⲁ"/>
		<feat xlink:href="#sSpan1506" value="ⲙⲉⲗⲟⲥ ⲙ ⲡⲉ ⲭⲣⲓⲥⲧⲟⲥ"/>
		<feat xlink:href="#sSpan1513" value="ⲡⲉ ⲭⲣⲓⲥⲧⲟⲥ"/>
		<feat xlink:href="#sSpan1541" value="ⲙ ⲙⲉⲗⲟⲥ ⲙ ⲡⲉ ⲭⲣⲓⲥⲧⲟⲥ"/>
		<feat xlink:href="#sSpan1551" value="ⲡⲉ ⲭⲣⲓⲥⲧⲟⲥ"/>
		<feat xlink:href="#sSpan1567" value="ⲙ ⲙⲉⲗⲟⲥ ⲙ ⲡⲟⲣⲛⲏ"/>
		<feat xlink:href="#sSpan1578" value="ⲡⲟⲣⲛⲏ"/>
		<feat xlink:href="#sSpan1616" value="ⲡ ⲉⲧ ⲧⲱϭⲉ ⲙⲙⲟ ϥ ⲉ ⲧ ⲡⲟⲣⲛⲏ"/>
		<feat xlink:href="#sSpan1633" value="ⲧ ⲡⲟⲣⲛⲏ"/>
		<feat xlink:href="#sSpan1641" value="ⲟⲩ ⲥⲱⲙⲁ ⲛ ⲟⲩⲱⲧ"/>
		<feat xlink:href="#sSpan1686" value="ⲡⲉ ⲥⲛⲁⲩ"/>
		<feat xlink:href="#sSpan1695" value="ⲩ ⲥⲁⲣⲝ ⲛ ⲟⲩⲱⲧ"/>
		<feat xlink:href="#sSpan1713" value="ⲡ ⲉⲧ ⲧⲱϭⲉ ⲇⲉ ⲙⲙⲟ ϥ ⲉ ⲡ ϫⲟⲉⲓⲥ"/>
		<feat xlink:href="#sSpan1740" value="ⲡ ϫⲟⲉⲓⲥ"/>
		<feat xlink:href="#sSpan1747" value="ⲟⲩ ⲡⲛⲉⲩⲙⲁ ⲛ ⲟⲩⲱⲧ"/>
		<feat xlink:href="#sSpan1785" value="ⲧ ⲡⲟⲣⲛⲉⲓⲁ"/>
		<feat xlink:href="#sSpan1797" value="ⲛⲟⲃⲉ ⲛⲓⲙ ⲉⲧⲉⲣⲉ ⲡ ⲣⲱⲙⲉ ⲛⲁ ⲁⲁ ⲩ"/>
		<feat xlink:href="#sSpan1808" value="ⲡ ⲣⲱⲙⲉ"/>
		<feat xlink:href="#sSpan1827" value="ⲡ ⲃⲟⲗ ⲙ ⲡ ⲥⲱⲙⲁ"/>
		<feat xlink:href="#sSpan1836" value="ⲡ ⲥⲱⲙⲁ"/>
		<feat xlink:href="#sSpan1846" value="ⲡ ⲉⲧ ⲡⲟⲣⲛⲉⲩⲉ"/>
		<feat xlink:href="#sSpan1879" value="ⲡⲉϥ ⲥⲱⲙⲁ"/>
		<feat xlink:href="#sSpan1921" value="ⲡⲉⲧⲛ ⲥⲱⲙⲁ"/>
		<feat xlink:href="#sSpan1929" value="ⲡ ⲣⲡⲉ ⲡⲉ ⲙ ⲡⲉ ⲡⲛⲉⲩⲙⲁ ⲉⲧ ⲟⲩⲁⲁⲃ ⲉⲧ ⲛϩⲏⲧ ⲧⲏⲩⲧⲛ . ⲡⲁⲓ ⲉⲛⲧ ⲁ ⲧⲉⲧⲛ ϫⲓⲧ ϥ ⲉⲃⲟⲗ ϩⲓⲧⲙ ⲡ ⲛⲟⲩⲧⲉ"/>
		<feat xlink:href="#sSpan1942" value="ⲡⲉ ⲡⲛⲉⲩⲙⲁ ⲉⲧ ⲟⲩⲁⲁⲃ ⲉⲧ ⲛϩⲏⲧ ⲧⲏⲩⲧⲛ . ⲡⲁⲓ ⲉⲛⲧ ⲁ ⲧⲉⲧⲛ ϫⲓⲧ ϥ ⲉⲃⲟⲗ ϩⲓⲧⲙ ⲡ ⲛⲟⲩⲧⲉ"/>
		<feat xlink:href="#sSpan1990" value="ⲡ ⲛⲟⲩⲧⲉ"/>
		<feat xlink:href="#sSpan2046" value="ⲟⲩ ⲁⲥⲟⲩ"/>
		<feat xlink:href="#sSpan2069" value="ⲡ ⲛⲟⲩⲧⲉ"/>
		<feat xlink:href="#sSpan2078" value="ⲡⲉⲧⲛ ⲥⲱⲙⲁ"/></featList></paula>