<?xml version='1.0' encoding='UTF-8'?><!DOCTYPE paula SYSTEM "paula_feat.dtd">
<paula version="1.1">
	<header paula_id="scriptorium.a22.YA421-428.mark_identity"/>
	<featList xmlns:xlink="http://www.w3.org/1999/xlink" type="identity" xml:base="scriptorium.a22.YA421-428.mark.xml">
		<feat xlink:href="#sSpan2263" value="Jesus"/>
		<feat xlink:href="#sSpan3068" value="Jesus"/>
		<feat xlink:href="#sSpan4145" value="Satan"/>
		<feat xlink:href="#sSpan4486" value="Devil"/>
		<feat xlink:href="#sSpan6063" value="New Jerusalem"/>
		<feat xlink:href="#sSpan6198" value="Jesus"/></featList></paula>