<?xml version='1.0' encoding='UTF-8'?><!DOCTYPE paula SYSTEM "paula_feat.dtd">
<paula version="1.1">
	<header paula_id="scriptorium.a22.YA421-428.mark_chapter_n"/>
	<featList xmlns:xlink="http://www.w3.org/1999/xlink" type="chapter_n" xml:base="scriptorium.a22.YA421-428.mark.xml">
		<feat xlink:href="#sSpan12" value="1251"/>
		<feat xlink:href="#sSpan765" value="1252"/>
		<feat xlink:href="#sSpan1495" value="1253"/>
		<feat xlink:href="#sSpan2107" value="1254"/>
		<feat xlink:href="#sSpan3746" value="1255"/>
		<feat xlink:href="#sSpan4289" value="1256"/>
		<feat xlink:href="#sSpan5499" value="1257"/>
		<feat xlink:href="#sSpan5915" value="1258"/></featList></paula>