<?xml version='1.0' encoding='UTF-8'?><!DOCTYPE paula SYSTEM "paula_feat.dtd">
<paula version="1.1">
	<header paula_id="scriptorium.a22.YA421-428.mark_norm_group"/>
	<featList xmlns:xlink="http://www.w3.org/1999/xlink" type="norm_group" xml:base="scriptorium.a22.YA421-428.mark.xml">
		<feat xlink:href="#sSpan5" value="ⲣⲙⲏ"/>
		<feat xlink:href="#sSpan17" value="ⲉϩⲣⲁⲓ"/>
		<feat xlink:href="#sSpan22" value="ⲉⲩⲃⲁⲩⲕⲁⲗⲓⲟⲛ"/>
		<feat xlink:href="#sSpan34" value="ⲏ"/>
		<feat xlink:href="#sSpan39" value="ⲉϩⲣⲁⲓ"/>
		<feat xlink:href="#sSpan43" value="ⲉⲩϣⲟϣⲟⲩ"/>
		<feat xlink:href="#sSpan53" value="ⲉϩⲣⲁⲓ"/>
		<feat xlink:href="#sSpan57" value="ⲉϭⲉⲗⲁⲁⲩ"/>
		<feat xlink:href="#sSpan67" value="ⲛϩⲛⲁⲁⲩ"/>
		<feat xlink:href="#sSpan74" value="ⲉϥⲧⲛⲧⲱⲛ"/>
		<feat xlink:href="#sSpan82" value="ⲉⲛⲁⲓ"/>
		<feat xlink:href="#sSpan91" value="ⲉⲙⲡⲟⲩⲟⲩⲉϩⲥⲁϩⲛⲉ"/>
		<feat xlink:href="#sSpan104" value="ⲛⲁϥ"/>
		<feat xlink:href="#sSpan111" value="ϩⲓⲧⲙⲡϩⲗⲗⲱ"/>
		<feat xlink:href="#sSpan123" value="ⲉⲓⲙⲏⲧⲓ"/>
		<feat xlink:href="#sSpan127" value="ⲡⲙⲁ"/>
		<feat xlink:href="#sSpan135" value="ⲛⲛⲣⲱⲙⲉ"/>
		<feat xlink:href="#sSpan144" value="ⲉⲧϣⲱⲛⲉ"/>
		<feat xlink:href="#sSpan151" value="ⲙⲙⲁⲧⲉ"/>
		<feat xlink:href="#sSpan156" value="ⲙⲛⲛϩⲗⲗⲟ"/>
		<feat xlink:href="#sSpan166" value="ⲁⲩⲣϩⲁϩ"/>
		<feat xlink:href="#sSpan176" value="ⲛⲣⲟⲙⲡⲉ"/>
		<feat xlink:href="#sSpan185" value="ⲁⲩⲱ"/>
		<feat xlink:href="#sSpan190" value="ⲛⲉⲓⲕⲟⲟⲩⲉ"/>
		<feat xlink:href="#sSpan197" value="ⲉⲧⲣⲉⲩϣⲓⲛⲉ"/>
		<feat xlink:href="#sSpan208" value="ⲛⲧⲟⲟⲧϥ"/>
		<feat xlink:href="#sSpan215" value="ⲙⲡϩⲗⲗⲟ"/>
		<feat xlink:href="#sSpan226" value="ⲁⲩⲱ"/>
		<feat xlink:href="#sSpan233" value="ⲉⲣϣⲁⲛⲟⲩⲁⲛⲁⲅⲕⲏ"/>
		<feat xlink:href="#sSpan246" value="ϣⲱⲡⲉ"/>
		<feat xlink:href="#sSpan250" value="ⲉⲧⲣⲉϩⲓⲟⲛⲉ"/>
		<feat xlink:href="#sSpan261" value="ⲣⲭⲣⲉⲓⲁ"/>
		<feat xlink:href="#sSpan268" value="ⲛϩⲱⲃ"/>
		<feat xlink:href="#sSpan275" value="ⲛⲧⲉⲓϩⲉ"/>
		<feat xlink:href="#sSpan284" value="ϩⲣⲁⲓ"/>
		<feat xlink:href="#sSpan288" value="ⲛϩⲏⲧⲛ"/>
		<feat xlink:href="#sSpan295" value="ⲉⲧⲣⲉⲩⲥⲣⲣⲁⲧⲟⲩ"/>
		<feat xlink:href="#sSpan312" value="ⲉϩⲣⲁⲓ"/>
		<feat xlink:href="#sSpan316" value="ⲉⲗⲁⲁⲩ"/>
		<feat xlink:href="#sSpan324" value="ⲛϩⲛⲁⲁⲩ"/>
		<feat xlink:href="#sSpan330" value="ⲛⲧⲉⲓⲙⲓⲛⲉ"/>
		<feat xlink:href="#sSpan340" value="ⲉⲧⲃⲉⲧⲁⲛⲁⲅⲕⲏ"/>
		<feat xlink:href="#sSpan351" value="ⲛⲟⲩⲡⲗⲏⲅⲏ"/>
		<feat xlink:href="#sSpan364" value="·"/>
		<feat xlink:href="#sSpan369" value="ⲏ"/>
		<feat xlink:href="#sSpan373" value="ⲟⲩϫⲣⲟⲡ"/>
		<feat xlink:href="#sSpan382" value="ⲉⲁϥϣⲱⲡⲉ"/>
		<feat xlink:href="#sSpan394" value="ϩⲓⲧⲟⲩⲉⲣⲏⲧⲉ"/>
		<feat xlink:href="#sSpan405" value="ⲛⲟⲩⲁ"/>
		<feat xlink:href="#sSpan412" value="ⲉⲙⲛϭⲟⲙ"/>
		<feat xlink:href="#sSpan421" value="ⲙⲙⲟϥ"/>
		<feat xlink:href="#sSpan427" value="ⲉⲙⲟⲟϣⲉ"/>
		<feat xlink:href="#sSpan435" value="ⲉⲉⲓ"/>
		<feat xlink:href="#sSpan442" value="ⲉⲃⲟⲗ"/>
		<feat xlink:href="#sSpan447" value="ⲉⲩⲉϫⲛⲉⲡϩⲗⲗⲟ"/>
		<feat xlink:href="#sSpan461" value="ⲁⲩⲱ"/>
		<feat xlink:href="#sSpan470" value="ⲭⲱⲣⲓⲥⲛⲁⲓ"/>
		<feat xlink:href="#sSpan478" value="ϩⲉⲛϣⲏⲣⲉ"/>
		<feat xlink:href="#sSpan487" value="ϣⲏⲙ"/>
		<feat xlink:href="#sSpan492" value="ⲏ"/>
		<feat xlink:href="#sSpan497" value="ϭⲉⲗⲁⲁⲩ"/>
		<feat xlink:href="#sSpan504" value="ⲛⲣⲱⲙⲉ"/>
		<feat xlink:href="#sSpan511" value="ⲉⲩϣⲁⲛⲥⲣⲣⲁⲧⲟⲩ"/>
		<feat xlink:href="#sSpan524" value="ⲉϩⲣⲁⲓ"/>
		<feat xlink:href="#sSpan528" value="ϩⲛⲗⲁⲁⲩ"/>
		<feat xlink:href="#sSpan536" value="ⲛϩⲛⲁⲁⲩ"/>
		<feat xlink:href="#sSpan542" value="ⲛⲧⲉⲓⲙⲓⲛⲉ"/>
		<feat xlink:href="#sSpan551" value="ⲉⲩⲉϣⲱⲡⲉ"/>
		<feat xlink:href="#sSpan559" value="ⲉⲩⲥϩⲟⲩⲟⲣⲧ"/>
		<feat xlink:href="#sSpan569" value="ϥⲥϩⲟⲩⲟⲣⲧ"/>
		<feat xlink:href="#sSpan580" value="ⲛϭⲓⲡⲉⲧⲛⲁⲧⲱϣ"/>
		<feat xlink:href="#sSpan595" value="ⲛⲟⲩϩⲱⲃ"/>
		<feat xlink:href="#sSpan605" value="ⲉϥⲟ"/>
		<feat xlink:href="#sSpan613" value="ⲛⲛⲟⲃⲉ"/>
		<feat xlink:href="#sSpan621" value="ⲉⲡⲉⲧϩⲓⲧⲟⲩⲱϥ"/>
		<feat xlink:href="#sSpan635" value="ϩⲛⲟⲩⲙⲛⲧⲣⲉϥϩⲓⲗⲁ"/>
		<feat xlink:href="#sSpan649" value="ⲉⲙⲉϥⲉⲓⲙⲉ"/>
		<feat xlink:href="#sSpan663" value="ⲉⲡⲱⲣϫ"/>
		<feat xlink:href="#sSpan669" value="·"/>
		<feat xlink:href="#sSpan674" value="ⲁⲗⲗⲁ"/>
		<feat xlink:href="#sSpan680" value="ⲉⲧⲃⲉⲟⲩⲙⲟⲥⲧⲉ"/>
		<feat xlink:href="#sSpan690" value="ⲉϥϫⲱ"/>
		<feat xlink:href="#sSpan699" value="ⲙⲡⲉⲧⲉⲛϣⲟⲟⲡ"/>
		<feat xlink:href="#sSpan713" value="ⲁⲛ"/>
		<feat xlink:href="#sSpan717" value="ⲉϣⲱⲡⲉ"/>
		<feat xlink:href="#sSpan722" value="ⲉⲩϩⲟⲟⲩⲧ"/>
		<feat xlink:href="#sSpan732" value="ⲡⲉ"/>
		<feat xlink:href="#sSpan736" value="ⲉϣⲱⲡⲉ"/>
		<feat xlink:href="#sSpan741" value="ⲉⲩⲥϩⲓⲙⲉ"/>
		<feat xlink:href="#sSpan750" value="ⲧⲉ"/>
		<feat xlink:href="#sSpan756" value="·"/>
		<feat xlink:href="#sSpan760" value="ϥⲥϩⲟⲩⲟⲣⲧ"/>
		<feat xlink:href="#sSpan775" value="ⲛϭⲓⲡⲉⲧϫⲱ"/>
		<feat xlink:href="#sSpan786" value="ⲙⲙⲟⲥ"/>
		<feat xlink:href="#sSpan793" value="ϩⲛⲟⲩⲙⲛⲧⲣⲉϥⲧⲱϩ"/>
		<feat xlink:href="#sSpan806" value="ϫⲉⲁⲓⲛⲁⲩ"/>
		<feat xlink:href="#sSpan817" value="ⲉⲩⲣⲁⲥⲟⲩ"/>
		<feat xlink:href="#sSpan827" value="ⲉⲣⲉⲛⲓⲙ"/>
		<feat xlink:href="#sSpan833" value="ⲙⲛⲛⲓⲙ"/>
		<feat xlink:href="#sSpan840" value="ϣⲱⲗ"/>
		<feat xlink:href="#sSpan844" value="ⲙⲙⲟⲟⲩ"/>
		<feat xlink:href="#sSpan851" value="ⲉⲃⲟⲗ"/>
		<feat xlink:href="#sSpan855" value="ϩⲣⲁⲓ"/>
		<feat xlink:href="#sSpan861" value="ϩⲛϩⲱⲃ"/>
		<feat xlink:href="#sSpan869" value="ⲛⲓⲙ"/>
		<feat xlink:href="#sSpan873" value="ⲙⲡⲟⲛⲏⲣⲟⲛ"/>
		<feat xlink:href="#sSpan881" value="ⲉϣⲱⲡⲉ"/>
		<feat xlink:href="#sSpan886" value="ⲉⲩϩⲟⲟⲩⲧ"/>
		<feat xlink:href="#sSpan896" value="ⲡⲉ"/>
		<feat xlink:href="#sSpan900" value="ⲉϣⲱⲡⲉ"/>
		<feat xlink:href="#sSpan905" value="ⲉⲩⲥϩⲓⲙⲉ"/>
		<feat xlink:href="#sSpan915" value="ⲧⲉ"/>
		<feat xlink:href="#sSpan920" value="·"/>
		<feat xlink:href="#sSpan925" value="ⲥⲉ"/>
		<feat xlink:href="#sSpan934" value="ⲥϩⲟⲩⲟⲣⲧ"/>
		<feat xlink:href="#sSpan938" value="ⲛϭⲓⲟⲩⲟⲛ"/>
		<feat xlink:href="#sSpan947" value="ⲛⲓⲙ"/>
		<feat xlink:href="#sSpan951" value="ⲉⲧⲉⲓⲣⲉ"/>
		<feat xlink:href="#sSpan959" value="ⲛϩⲉⲛⲕⲣⲟϥ"/>
		<feat xlink:href="#sSpan969" value="ϩⲣⲁⲓ"/>
		<feat xlink:href="#sSpan974" value="ϩⲛⲥⲩⲛⲁⲅⲱⲅⲏ"/>
		<feat xlink:href="#sSpan983" value="ⲧⲏⲣⲟⲩ"/>
		<feat xlink:href="#sSpan990" value="ⲙⲡϫⲟⲉⲓⲥ"/>
		<feat xlink:href="#sSpan1002" value="·"/>
		<feat xlink:href="#sSpan1006" value="ⲉⲧⲣⲉⲡⲛⲟⲩⲧⲉ"/>
		<feat xlink:href="#sSpan1020" value="ϭⲱⲛⲧ"/>
		<feat xlink:href="#sSpan1025" value="ⲉⲩⲛⲟϭ"/>
		<feat xlink:href="#sSpan1035" value="ⲙⲙⲏⲏϣⲉ"/>
		<feat xlink:href="#sSpan1042" value="ⲛϥⲕⲧⲟ"/>
		<feat xlink:href="#sSpan1051" value="ⲙⲡⲉϥϩⲟ"/>
		<feat xlink:href="#sSpan1062" value="ⲉⲃⲟⲗ"/>
		<feat xlink:href="#sSpan1066" value="ⲙⲙⲟⲟⲩ"/>
		<feat xlink:href="#sSpan1073" value="ϩⲛⲟⲩⲟⲣⲅⲏ"/>
		<feat xlink:href="#sSpan1084" value="ⲉⲧⲃⲉⲧⲙⲛⲧϣⲁϥⲧⲉ"/>
		<feat xlink:href="#sSpan1096" value="ⲛⲛⲉⲧⲉⲓⲣⲉ"/>
		<feat xlink:href="#sSpan1110" value="ⲛⲧⲁⲛⲟⲙⲓⲁ"/>
		<feat xlink:href="#sSpan1121" value="ϩⲛⲟⲩϩⲱⲡ"/>
		<feat xlink:href="#sSpan1131" value="ⲏ"/>
		<feat xlink:href="#sSpan1136" value="ϩⲛⲟⲩⲱⲛϩ"/>
		<feat xlink:href="#sSpan1144" value="ⲉⲃⲟⲗ"/>
		<feat xlink:href="#sSpan1149" value="ϩⲣⲁⲓ"/>
		<feat xlink:href="#sSpan1153" value="ⲛϩⲏⲧⲛ"/>
		<feat xlink:href="#sSpan1161" value="·"/>
		<feat xlink:href="#sSpan1166" value="ⲁⲩⲱ"/>
		<feat xlink:href="#sSpan1176" value="ⲟⲩⲟⲓ"/>
		<feat xlink:href="#sSpan1180" value="ⲛⲛⲉⲧⲉⲣⲉⲡⲛⲟⲩⲧⲉ"/>
		<feat xlink:href="#sSpan1195" value="ⲛⲁϩⲟϫϩϫ"/>
		<feat xlink:href="#sSpan1202" value="ⲉⲃⲟⲗ"/>
		<feat xlink:href="#sSpan1207" value="ϩⲓⲧⲟⲟⲧⲟⲩ"/>
		<feat xlink:href="#sSpan1215" value="ⲁⲩⲱ"/>
		<feat xlink:href="#sSpan1220" value="ⲛϥⲕⲱⲧⲉ"/>
		<feat xlink:href="#sSpan1229" value="ⲛⲥⲁⲧϩⲉ"/>
		<feat xlink:href="#sSpan1238" value="ⲛⲉⲓ"/>
		<feat xlink:href="#sSpan1245" value="ⲉⲉⲃⲟⲗ"/>
		<feat xlink:href="#sSpan1253" value="ϩⲛⲧⲉⲩⲙⲏⲧⲉ"/>
		<feat xlink:href="#sSpan1264" value="·"/>
		<feat xlink:href="#sSpan1268" value="ⲛⲧϩⲉ"/>
		<feat xlink:href="#sSpan1277" value="ⲛⲟⲩⲣⲱⲙⲉ"/>
		<feat xlink:href="#sSpan1287" value="ⲛⲇⲓⲕⲁⲓⲟⲥ"/>
		<feat xlink:href="#sSpan1296" value="ⲉⲁϥⲕⲱⲧⲉ"/>
		<feat xlink:href="#sSpan1308" value="ⲛⲥⲁⲧϩⲉ"/>
		<feat xlink:href="#sSpan1316" value="ⲛⲕⲱ"/>
		<feat xlink:href="#sSpan1323" value="ⲛⲥⲱϥ"/>
		<feat xlink:href="#sSpan1330" value="ⲛⲟⲩⲗⲁⲟⲥ"/>
		<feat xlink:href="#sSpan1341" value="ⲉⲧⲃⲉⲛⲉⲩϩⲃⲏⲩⲉ"/>
		<feat xlink:href="#sSpan1351" value="ⲉⲧϩⲟⲟⲩ"/>
		<feat xlink:href="#sSpan1358" value="ⲕⲁⲧⲁⲡϣⲁϫⲉ"/>
		<feat xlink:href="#sSpan1369" value="ⲙⲡⲉⲡⲣⲟⲫⲏⲧⲏⲥ"/>
		<feat xlink:href="#sSpan1380" value="ϫⲉⲛⲓⲙ"/>
		<feat xlink:href="#sSpan1387" value="ⲡⲉⲧⲛⲁϯⲛⲁⲓ"/>
		<feat xlink:href="#sSpan1402" value="ϩⲙⲡϫⲁⲓⲉ"/>
		<feat xlink:href="#sSpan1412" value="ⲛⲟⲩⲙⲁ"/>
		<feat xlink:href="#sSpan1422" value="ⲛϣⲱⲡⲉ"/>
		<feat xlink:href="#sSpan1428" value="ⲉϥⲟⲩⲏⲩ"/>
		<feat xlink:href="#sSpan1437" value="ⲛⲧⲁⲕⲱ"/>
		<feat xlink:href="#sSpan1446" value="ⲛⲥⲱⲓ"/>
		<feat xlink:href="#sSpan1452" value="ⲙⲡⲉⲓⲗⲁⲟⲥ"/>
		<feat xlink:href="#sSpan1463" value="ⲛⲧⲁⲟⲩⲉ"/>
		<feat xlink:href="#sSpan1472" value="ⲉⲃⲟⲗ"/>
		<feat xlink:href="#sSpan1476" value="ⲙⲙⲟⲟⲩ"/>
		<feat xlink:href="#sSpan1483" value="·"/>
		<feat xlink:href="#sSpan1489" value="ⲛⲁⲉⲓⲁⲧⲟⲩ"/>
		<feat xlink:href="#sSpan1502" value="ⲇⲉ"/>
		<feat xlink:href="#sSpan1506" value="ⲛⲟⲩⲟⲛ"/>
		<feat xlink:href="#sSpan1515" value="ⲛⲓⲙ"/>
		<feat xlink:href="#sSpan1520" value="ⲉⲧⲉⲣⲉⲡⲛⲟⲩⲧⲉ"/>
		<feat xlink:href="#sSpan1530" value="ⲛⲁⲧⲱⲧ"/>
		<feat xlink:href="#sSpan1536" value="ⲛϩⲏⲧ"/>
		<feat xlink:href="#sSpan1543" value="ⲉⲃⲟⲗ"/>
		<feat xlink:href="#sSpan1548" value="ϩⲓⲧⲟⲟⲧⲟⲩ"/>
		<feat xlink:href="#sSpan1555" value="ⲉⲧⲣⲉϥⲣϩⲛⲁϥ"/>
		<feat xlink:href="#sSpan1573" value="ⲉϭⲱ"/>
		<feat xlink:href="#sSpan1580" value="ϩⲛⲧⲉⲩⲙⲏⲧⲉ"/>
		<feat xlink:href="#sSpan1590" value="·"/>
		<feat xlink:href="#sSpan1594" value="ⲛⲧϩⲉ"/>
		<feat xlink:href="#sSpan1602" value="ⲛⲟⲩⲣⲱⲙⲉ"/>
		<feat xlink:href="#sSpan1613" value="ⲛⲇⲓⲕⲁⲓⲟⲥ"/>
		<feat xlink:href="#sSpan1621" value="ⲉⲁϥⲧⲱⲧ"/>
		<feat xlink:href="#sSpan1632" value="ⲛϩⲏⲧ"/>
		<feat xlink:href="#sSpan1639" value="ⲛⲧⲟⲟⲧⲟⲩ"/>
		<feat xlink:href="#sSpan1646" value="ⲛϩⲉⲛⲣⲱⲙⲉ"/>
		<feat xlink:href="#sSpan1656" value="ⲙⲡⲓⲥⲧⲟⲥ"/>
		<feat xlink:href="#sSpan1664" value="ⲁⲩⲱ"/>
		<feat xlink:href="#sSpan1669" value="ⲉⲁϥⲣϩⲛⲁϥ"/>
		<feat xlink:href="#sSpan1684" value="ⲉϭⲱ"/>
		<feat xlink:href="#sSpan1690" value="ⲛⲟⲩⲟⲉⲓϣ"/>
		<feat xlink:href="#sSpan1698" value="ⲛⲓⲙ"/>
		<feat xlink:href="#sSpan1702" value="ϩⲛⲧⲉⲩⲙⲏⲧⲉ"/>
		<feat xlink:href="#sSpan1712" value="·"/>
		<feat xlink:href="#sSpan1717" value="ⲉⲧⲃⲉϫⲉⲛⲧⲟϥ"/>
		<feat xlink:href="#sSpan1726" value="ϩⲱⲱϥ"/>
		<feat xlink:href="#sSpan1734" value="ⲡϫⲟⲉⲓⲥ"/>
		<feat xlink:href="#sSpan1740" value="ϥⲱⲟⲟⲡ"/>
		<feat xlink:href="#sSpan1747" value="ϩⲛⲧⲉⲩⲙⲏⲧⲉ"/>
		<feat xlink:href="#sSpan1757" value="ⲛⲟⲩⲟⲉⲓϣ"/>
		<feat xlink:href="#sSpan1764" value="ⲛⲓⲙ"/>
		<feat xlink:href="#sSpan1769" value="ⲉⲧⲃⲉⲛⲉⲩϩⲃⲏⲩⲉ"/>
		<feat xlink:href="#sSpan1779" value="ⲙⲙⲉ"/>
		<feat xlink:href="#sSpan1785" value="ⲁⲩⲱ"/>
		<feat xlink:href="#sSpan1791" value="ⲛⲇⲓⲕⲁⲓⲟⲛ"/>
		<feat xlink:href="#sSpan1798" value="·"/>
		<feat xlink:href="#sSpan1803" value="ⲟⲩⲟⲛ"/>
		<feat xlink:href="#sSpan1813" value="ⲇⲉ"/>
		<feat xlink:href="#sSpan1817" value="ⲛⲓⲙ"/>
		<feat xlink:href="#sSpan1821" value="ϩⲣⲁⲓ"/>
		<feat xlink:href="#sSpan1825" value="ⲛϩⲏⲧⲛ"/>
		<feat xlink:href="#sSpan1832" value="ⲉⲧⲛⲁⲛⲁⲩ"/>
		<feat xlink:href="#sSpan1841" value="ⲉⲩϩⲱⲃ"/>
		<feat xlink:href="#sSpan1850" value="ⲛⲕⲣⲟϥ"/>
		<feat xlink:href="#sSpan1857" value="ϩⲛⲟⲩϫⲱϩⲙ"/>
		<feat xlink:href="#sSpan1866" value="·"/>
		<feat xlink:href="#sSpan1871" value="ⲏ"/>
		<feat xlink:href="#sSpan1875" value="ϩⲛⲟⲩϫⲓⲟⲩⲉ"/>
		<feat xlink:href="#sSpan1887" value="ⲏ"/>
		<feat xlink:href="#sSpan1891" value="ϩⲛϭⲉⲗⲁⲁⲩ"/>
		<feat xlink:href="#sSpan1901" value="ⲛⲛⲟⲃⲉ"/>
		<feat xlink:href="#sSpan1907" value="ⲉϥϫⲓ"/>
		<feat xlink:href="#sSpan1916" value="ⲉϩⲟⲩⲛ"/>
		<feat xlink:href="#sSpan1921" value="ⲉⲡⲙⲟⲩ"/>
		<feat xlink:href="#sSpan1930" value="ⲁⲩⲱ"/>
		<feat xlink:href="#sSpan1935" value="ⲛⲧⲟⲟⲩ"/>
		<feat xlink:href="#sSpan1939" value="ⲛⲥⲉⲧⲙⲧⲁⲙⲟⲓ"/>
		<feat xlink:href="#sSpan1952" value="ϫⲉⲛⲓⲙ"/>
		<feat xlink:href="#sSpan1960" value="ⲡⲉ"/>
		<feat xlink:href="#sSpan1965" value="ⲏ"/>
		<feat xlink:href="#sSpan1969" value="ϫⲉⲟⲩ"/>
		<feat xlink:href="#sSpan1976" value="ⲛⲉ"/>
		<feat xlink:href="#sSpan1980" value="ⲛⲉϩⲃⲏⲩⲉ"/>
		<feat xlink:href="#sSpan1988" value="ⲛⲡⲟⲛⲏⲣⲟⲛ"/>
		<feat xlink:href="#sSpan1998" value="ⲉⲧⲙⲙⲁⲩ"/>
		<feat xlink:href="#sSpan2004" value="·"/>
		<feat xlink:href="#sSpan2009" value="ⲉⲩⲉⲉⲓ"/>
		<feat xlink:href="#sSpan2017" value="ⲉϩⲣⲁⲓ"/>
		<feat xlink:href="#sSpan2021" value="ⲉϫⲱⲟⲩ"/>
		<feat xlink:href="#sSpan2029" value="ⲛϭⲓⲛⲉⲓⲥⲁϩⲟⲩ"/>
		<feat xlink:href="#sSpan2039" value="ⲧⲏⲣⲟⲩ"/>
		<feat xlink:href="#sSpan2045" value="ⲉⲃⲟⲗ"/>
		<feat xlink:href="#sSpan2050" value="ϩⲓⲧⲛⲡⲛⲟⲩⲧⲉ"/>
		<feat xlink:href="#sSpan2060" value="ⲉϣⲱⲡⲉ"/>
		<feat xlink:href="#sSpan2064" value="ⲉⲩϩⲟⲟⲩⲧ"/>
		<feat xlink:href="#sSpan2074" value="ⲡⲉ"/>
		<feat xlink:href="#sSpan2078" value="ⲉϣⲱⲡⲉ"/>
		<feat xlink:href="#sSpan2083" value="ⲉⲩⲥϩⲓⲙⲉ"/>
		<feat xlink:href="#sSpan2093" value="ⲧⲉ"/>
		<feat xlink:href="#sSpan2097" value="·"/>
		<feat xlink:href="#sSpan2101" value="ⲛⲕⲟⲟⲩⲉ"/>
		<feat xlink:href="#sSpan2115" value="ⲇⲉ"/>
		<feat xlink:href="#sSpan2119" value="ⲧⲏⲣⲟⲩ"/>
		<feat xlink:href="#sSpan2125" value="ⲉⲧⲉϣϣⲉ"/>
		<feat xlink:href="#sSpan2132" value="ⲉⲥⲁϩⲟⲩ"/>
		<feat xlink:href="#sSpan2141" value="ⲉϩⲣⲁⲓ"/>
		<feat xlink:href="#sSpan2145" value="ⲉⲧⲉⲓⲉⲡⲓⲥⲧⲟⲗⲏ"/>
		<feat xlink:href="#sSpan2156" value="·"/>
		<feat xlink:href="#sSpan2160" value="ⲁⲩⲱ"/>
		<feat xlink:href="#sSpan2165" value="ⲙⲡⲛⲥⲁϩⲟⲩ"/>
		<feat xlink:href="#sSpan2178" value="·"/>
		<feat xlink:href="#sSpan2183" value="ⲉⲓⲥϩⲏⲏⲛⲉ"/>
		<feat xlink:href="#sSpan2190" value="ⲥⲉⲥⲏϩ"/>
		<feat xlink:href="#sSpan2197" value="ⲧⲏⲣⲟⲩ"/>
		<feat xlink:href="#sSpan2204" value="ϩⲛⲛⲉⲭⲁⲣⲧⲏⲥ"/>
		<feat xlink:href="#sSpan2215" value="ⲉⲧⲥⲏϩ"/>
		<feat xlink:href="#sSpan2221" value="ϫⲓⲛⲛϣⲟⲣⲡ"/>
		<feat xlink:href="#sSpan2231" value="·"/>
		<feat xlink:href="#sSpan2236" value="ⲛϣⲁϫⲉ"/>
		<feat xlink:href="#sSpan2248" value="ⲇⲉ"/>
		<feat xlink:href="#sSpan2252" value="ⲉⲧⲟⲩⲁⲁⲃ"/>
		<feat xlink:href="#sSpan2259" value="ⲛⲧⲉⲡⲉⲛϫⲟⲉⲓⲥ"/>
		<feat xlink:href="#sSpan2270" value="ⲓⲏⲥⲟⲩⲥ"/>
		<feat xlink:href="#sSpan2274" value="ⲉⲧⲥⲏϩ"/>
		<feat xlink:href="#sSpan2281" value="ϩⲛⲛⲉⲅⲣⲁⲫⲏ"/>
		<feat xlink:href="#sSpan2292" value="·"/>
		<feat xlink:href="#sSpan2296" value="ⲁⲩⲱ"/>
		<feat xlink:href="#sSpan2300" value="ϩⲛϯⲉⲡⲓⲥⲧⲟⲗⲏ"/>
		<feat xlink:href="#sSpan2311" value="ϯⲛⲁⲧⲁⲙⲱⲧⲛ"/>
		<feat xlink:href="#sSpan2322" value="ϫⲉⲉⲩⲧⲛⲧⲱⲛ"/>
		<feat xlink:href="#sSpan2333" value="ⲉⲟⲩ"/>
		<feat xlink:href="#sSpan2341" value="·"/>
		<feat xlink:href="#sSpan2345" value="ⲉⲩⲧⲛⲧⲱⲛ"/>
		<feat xlink:href="#sSpan2358" value="ⲉϩⲉⲛϩⲏⲃⲥ"/>
		<feat xlink:href="#sSpan2369" value="ⲉⲁⲩϫⲉⲣⲱⲟⲩ"/>
		<feat xlink:href="#sSpan2384" value="ϩⲛϩⲉⲛⲙⲁ"/>
		<feat xlink:href="#sSpan2393" value="ⲛⲕⲁⲕⲉ"/>
		<feat xlink:href="#sSpan2405" value="·"/>
		<feat xlink:href="#sSpan2409" value="ⲁⲩⲱ"/>
		<feat xlink:href="#sSpan2416" value="ⲉⲩⲧⲛⲧⲱⲛ"/>
		<feat xlink:href="#sSpan2425" value="ⲉⲡⲟⲩⲟⲉⲓⲛ"/>
		<feat xlink:href="#sSpan2435" value="ⲙⲡⲉϩⲟⲟⲩ"/>
		<feat xlink:href="#sSpan2446" value="·"/>
		<feat xlink:href="#sSpan2450" value="ⲁⲩⲱ"/>
		<feat xlink:href="#sSpan2457" value="ⲛⲁⲧϩⲏⲧ"/>
		<feat xlink:href="#sSpan2468" value="ⲉⲧⲣϩⲟⲩⲟ"/>
		<feat xlink:href="#sSpan2476" value="ⲉⲙⲁⲧⲉ"/>
		<feat xlink:href="#sSpan2481" value="ϩⲛϩⲉⲛⲙⲛⲧⲥⲟϭ"/>
		<feat xlink:href="#sSpan2493" value="·"/>
		<feat xlink:href="#sSpan2497" value="ⲉⲩⲧⲛⲧⲱⲛ"/>
		<feat xlink:href="#sSpan2506" value="ⲉϩⲉⲛⲛⲩⲕⲧⲉⲣⲓⲥ"/>
		<feat xlink:href="#sSpan2517" value="·"/>
		<feat xlink:href="#sSpan2521" value="ⲁⲩⲱ"/>
		<feat xlink:href="#sSpan2529" value="ⲛⲧϩⲉ"/>
		<feat xlink:href="#sSpan2537" value="ⲉⲧⲉϣⲁⲩⲣⲱϩⲧ"/>
		<feat xlink:href="#sSpan2548" value="ⲉⲡⲉⲥⲏⲧ"/>
		<feat xlink:href="#sSpan2559" value="ⲏ"/>
		<feat xlink:href="#sSpan2563" value="ⲛⲥⲉⲡⲱⲧ"/>
		<feat xlink:href="#sSpan2572" value="ⲉϩⲟⲩⲛ"/>
		<feat xlink:href="#sSpan2576" value="ⲉⲡⲕⲁⲕⲉ"/>
		<feat xlink:href="#sSpan2586" value="·"/>
		<feat xlink:href="#sSpan2591" value="ⲏ"/>
		<feat xlink:href="#sSpan2595" value="ⲉϩⲣⲁⲓ"/>
		<feat xlink:href="#sSpan2600" value="ⲉϩⲉⲛⲙⲁ"/>
		<feat xlink:href="#sSpan2609" value="ⲉⲩϣⲟⲕϩ"/>
		<feat xlink:href="#sSpan2618" value="ⲛϭⲓϩⲉⲛⲛⲩⲕⲧⲉⲣⲓⲥ"/>
		<feat xlink:href="#sSpan2630" value="ⲉⲧⲉϭⲓⲛϭⲗⲱ"/>
		<feat xlink:href="#sSpan2638" value="ⲡⲉ"/>
		<feat xlink:href="#sSpan2643" value="·"/>
		<feat xlink:href="#sSpan2648" value="ϩⲟⲧⲁⲛ"/>
		<feat xlink:href="#sSpan2652" value="ⲉⲩϣⲁⲛⲛⲁⲩ"/>
		<feat xlink:href="#sSpan2659" value="ⲉⲡⲟⲩⲟⲉⲓⲛ"/>
		<feat xlink:href="#sSpan2669" value="ⲙⲡϣⲁϩ"/>
		<feat xlink:href="#sSpan2679" value="ⲛϩⲉⲛϩⲏⲃⲥ"/>
		<feat xlink:href="#sSpan2689" value="ⲙⲛⲡⲟⲩⲟⲉⲓⲛ"/>
		<feat xlink:href="#sSpan2699" value="ⲙⲡⲉϩⲟⲟⲩ"/>
		<feat xlink:href="#sSpan2709" value="·"/>
		<feat xlink:href="#sSpan2714" value="ⲧⲁⲓ"/>
		<feat xlink:href="#sSpan2721" value="ⲟⲛ"/>
		<feat xlink:href="#sSpan2726" value="ⲧⲉ"/>
		<feat xlink:href="#sSpan2731" value="ⲧϩⲉ"/>
		<feat xlink:href="#sSpan2737" value="ⲉⲧⲉⲣⲉⲛⲁⲧϩⲏⲧ"/>
		<feat xlink:href="#sSpan2749" value="ⲙⲛⲛⲉⲧⲣϩⲟⲩⲟ"/>
		<feat xlink:href="#sSpan2763" value="ⲉⲙⲁⲧⲉ"/>
		<feat xlink:href="#sSpan2768" value="ϩⲛϩⲉⲛⲙⲛⲧⲥⲟϭ"/>
		<feat xlink:href="#sSpan2780" value="ⲛⲁⲣⲱϩⲧ"/>
		<feat xlink:href="#sSpan2787" value="ⲉⲡⲉⲥⲏⲧ"/>
		<feat xlink:href="#sSpan2798" value="ⲏ"/>
		<feat xlink:href="#sSpan2802" value="ⲉϩⲣⲁⲓ"/>
		<feat xlink:href="#sSpan2806" value="ⲉⲛⲉⲩⲡⲁⲑⲟⲥ"/>
		<feat xlink:href="#sSpan2817" value="ⲙⲛⲛⲉⲩⲟⲩⲱϣ"/>
		<feat xlink:href="#sSpan2828" value="·"/>
		<feat xlink:href="#sSpan2832" value="ⲙⲛⲡⲕⲁⲕⲉ"/>
		<feat xlink:href="#sSpan2842" value="ⲙⲡⲉⲩⲥⲟⲟⲩⲛ"/>
		<feat xlink:href="#sSpan2853" value="ⲛⲛⲟⲩϫ"/>
		<feat xlink:href="#sSpan2860" value="ⲛⲛⲁϩⲣⲛⲛϣⲁϫⲉ"/>
		<feat xlink:href="#sSpan2870" value="ⲧⲏⲣⲟⲩ"/>
		<feat xlink:href="#sSpan2876" value="ⲙⲡⲉⲛϫⲟⲉⲓⲥ"/>
		<feat xlink:href="#sSpan2886" value="·"/>
		<feat xlink:href="#sSpan2891" value="ⲉⲓⲧⲉ"/>
		<feat xlink:href="#sSpan2896" value="ⲛⲉⲃⲟⲗ"/>
		<feat xlink:href="#sSpan2904" value="ϩⲛⲛⲉⲅⲣⲁⲫⲏ"/>
		<feat xlink:href="#sSpan2915" value="·"/>
		<feat xlink:href="#sSpan2920" value="ⲉⲓⲧⲉ"/>
		<feat xlink:href="#sSpan2928" value="ⲛⲉⲃⲟⲗ"/>
		<feat xlink:href="#sSpan2936" value="ϩⲛⲧⲉⲓⲉⲡⲓⲥⲧⲟⲗⲏ"/>
		<feat xlink:href="#sSpan2946" value="ⲙⲙⲁⲧⲉ"/>
		<feat xlink:href="#sSpan2951" value="ⲁⲛ"/>
		<feat xlink:href="#sSpan2955" value="·"/>
		<feat xlink:href="#sSpan2960" value="ⲁⲗⲗⲁ"/>
		<feat xlink:href="#sSpan2965" value="ⲛⲛⲁϩⲣⲛⲛⲕⲟⲟⲩⲉ"/>
		<feat xlink:href="#sSpan2975" value="ⲧⲏⲣⲟⲩ"/>
		<feat xlink:href="#sSpan2981" value="ⲉⲧⲥⲏϩ"/>
		<feat xlink:href="#sSpan2988" value="ϩⲣⲁⲓ"/>
		<feat xlink:href="#sSpan2993" value="ϩⲛⲛⲉⲓⲭⲁⲣⲧⲏⲥ"/>
		<feat xlink:href="#sSpan3004" value="ⲉⲧⲥⲏϩ"/>
		<feat xlink:href="#sSpan3011" value="ϫⲓⲛⲛϣⲟⲣⲡ"/>
		<feat xlink:href="#sSpan3021" value="ⲡⲁⲗⲓⲛ"/>
		<feat xlink:href="#sSpan3030" value="ⲇⲉ"/>
		<feat xlink:href="#sSpan3034" value="ⲟⲛ"/>
		<feat xlink:href="#sSpan3038" value="ⲉⲩⲧⲛⲧⲱⲛ"/>
		<feat xlink:href="#sSpan3047" value="ⲛϭⲓⲛϣⲁϫⲉ"/>
		<feat xlink:href="#sSpan3057" value="ⲉⲧⲟⲩⲁⲁⲃ"/>
		<feat xlink:href="#sSpan3064" value="ⲛⲧⲉⲡⲉⲛϫⲟⲉⲓⲥ"/>
		<feat xlink:href="#sSpan3075" value="ⲓⲏⲥⲟⲩⲥ"/>
		<feat xlink:href="#sSpan3079" value="ⲉⲡⲟⲩⲟⲉⲓⲛ"/>
		<feat xlink:href="#sSpan3089" value="ⲛϩⲉⲛϩⲏⲃⲥ"/>
		<feat xlink:href="#sSpan3099" value="ⲉⲩϩⲛⲛϭⲓϫ"/>
		<feat xlink:href="#sSpan3112" value="ⲛⲟⲩⲣⲱⲙⲉ"/>
		<feat xlink:href="#sSpan3122" value="ⲛⲥⲁⲃⲉ"/>
		<feat xlink:href="#sSpan3130" value="·"/>
		<feat xlink:href="#sSpan3134" value="ⲉⲩⲣⲟⲩⲟⲉⲓⲛ"/>
		<feat xlink:href="#sSpan3148" value="ⲉⲣⲟϥ"/>
		<feat xlink:href="#sSpan3154" value="ϩⲛϩⲉⲛⲙⲁ"/>
		<feat xlink:href="#sSpan3164" value="ⲛⲕⲁⲕⲉ"/>
		<feat xlink:href="#sSpan3171" value="ⲉϥⲉⲓⲣⲉ"/>
		<feat xlink:href="#sSpan3181" value="ⲛⲛⲉϥϩⲃⲏⲩⲉ"/>
		<feat xlink:href="#sSpan3191" value="·"/>
		<feat xlink:href="#sSpan3196" value="ⲕⲁⲧⲁⲧϩⲉ"/>
		<feat xlink:href="#sSpan3208" value="ⲉⲧⲥⲏϩ"/>
		<feat xlink:href="#sSpan3214" value="ϫⲉⲡϩⲏⲃⲥ"/>
		<feat xlink:href="#sSpan3228" value="ⲛⲛⲁⲟⲩⲉⲣⲏⲧⲉ"/>
		<feat xlink:href="#sSpan3238" value=":"/>
		<feat xlink:href="#sSpan3242" value="ⲉⲡⲉⲕϣⲁϫⲉ"/>
		<feat xlink:href="#sSpan3253" value="ⲁⲩⲱ"/>
		<feat xlink:href="#sSpan3261" value="ⲉⲩⲧⲛⲧⲱⲛ"/>
		<feat xlink:href="#sSpan3270" value="ⲉⲡⲟⲩⲟⲉⲓⲛ"/>
		<feat xlink:href="#sSpan3280" value="ⲙⲡⲉϩⲟⲟⲩ"/>
		<feat xlink:href="#sSpan3290" value="·"/>
		<feat xlink:href="#sSpan3294" value="ⲁⲩⲱ"/>
		<feat xlink:href="#sSpan3301" value="ⲡⲉⲧϯ"/>
		<feat xlink:href="#sSpan3311" value="ⲛϩⲧⲏϥ"/>
		<feat xlink:href="#sSpan3319" value="ⲉⲣⲟⲟⲩ"/>
		<feat xlink:href="#sSpan3326" value="ⲛϥⲛⲁϫⲓϫⲣⲟⲡ"/>
		<feat xlink:href="#sSpan3339" value="ⲁⲛ"/>
		<feat xlink:href="#sSpan3344" value="ⲕⲁⲧⲁⲛⲉⲅⲣⲁⲫⲏ"/>
		<feat xlink:href="#sSpan3355" value="ϫⲉⲡⲉⲧⲙⲟⲟϣⲉ"/>
		<feat xlink:href="#sSpan3372" value="ϩⲛⲡⲉϩⲟⲟⲩ"/>
		<feat xlink:href="#sSpan3383" value="·"/>
		<feat xlink:href="#sSpan3387" value="ⲙⲉϥϫⲓϫⲣⲟⲡ"/>
		<feat xlink:href="#sSpan3398" value="·"/>
		<feat xlink:href="#sSpan3405" value="ⲉⲧⲃⲉⲡⲁⲓ"/>
		<feat xlink:href="#sSpan3416" value="ⲛⲁⲓⲁⲧⲟⲩ"/>
		<feat xlink:href="#sSpan3423" value="ⲛⲛϣⲏⲣⲉ"/>
		<feat xlink:href="#sSpan3433" value="ⲙⲡⲟⲩⲟⲉⲓⲛ"/>
		<feat xlink:href="#sSpan3443" value="ⲉⲧⲉⲛⲉⲧⲙⲟⲟϣⲉ"/>
		<feat xlink:href="#sSpan3456" value="ⲛⲉ"/>
		<feat xlink:href="#sSpan3460" value="ϩⲛⲧⲡⲁⲣⲣⲏⲥⲓⲁ"/>
		<feat xlink:href="#sSpan3472" value="ⲛϩⲩⲡⲟⲧⲁⲅⲏ"/>
		<feat xlink:href="#sSpan3481" value="ⲛⲓⲙ"/>
		<feat xlink:href="#sSpan3485" value="ϩⲓⲙⲛⲧⲥⲧⲙⲏⲧ"/>
		<feat xlink:href="#sSpan3495" value="ⲛⲓⲙ"/>
		<feat xlink:href="#sSpan3500" value="ϩⲓϩⲱⲃ"/>
		<feat xlink:href="#sSpan3508" value="ⲛⲓⲙ"/>
		<feat xlink:href="#sSpan3512" value="ⲛⲁⲅⲁⲑⲟⲛ"/>
		<feat xlink:href="#sSpan3521" value="ⲟⲩⲟⲓ"/>
		<feat xlink:href="#sSpan3531" value="ⲇⲉ"/>
		<feat xlink:href="#sSpan3535" value="ⲛⲛϣⲏⲣⲉ"/>
		<feat xlink:href="#sSpan3545" value="ⲙⲡⲕⲁⲕⲉ"/>
		<feat xlink:href="#sSpan3555" value="ⲉⲧⲉⲛⲉⲧⲙⲟⲟϣⲉ"/>
		<feat xlink:href="#sSpan3567" value="ⲛⲉ"/>
		<feat xlink:href="#sSpan3571" value="ϩⲛⲙⲛⲧⲁⲧⲥⲱⲧⲙ"/>
		<feat xlink:href="#sSpan3582" value="ⲛⲓⲙ"/>
		<feat xlink:href="#sSpan3587" value="ϩⲓⲙⲛⲧⲁⲧⲥⲃⲱ"/>
		<feat xlink:href="#sSpan3598" value="ⲛⲓⲙ"/>
		<feat xlink:href="#sSpan3602" value="·"/>
		<feat xlink:href="#sSpan3606" value="ⲉⲩⲡⲏⲧ"/>
		<feat xlink:href="#sSpan3620" value="ⲉϩⲟⲩⲛ"/>
		<feat xlink:href="#sSpan3625" value="ⲏ"/>
		<feat xlink:href="#sSpan3629" value="ⲉϩⲣⲁⲓ"/>
		<feat xlink:href="#sSpan3634" value="ⲉⲡⲕⲁⲕⲉ"/>
		<feat xlink:href="#sSpan3643" value="ⲛϩⲱⲃ"/>
		<feat xlink:href="#sSpan3652" value="ⲛⲓⲙ"/>
		<feat xlink:href="#sSpan3656" value="ⲉϥϩⲟⲟⲩ"/>
		<feat xlink:href="#sSpan3665" value="ⲛⲧϩⲉ"/>
		<feat xlink:href="#sSpan3673" value="ⲛⲛⲛⲩⲕⲧⲉⲣⲓⲥ"/>
		<feat xlink:href="#sSpan3684" value="ⲉⲧⲡⲏⲧ"/>
		<feat xlink:href="#sSpan3691" value="ⲉϩⲟⲩⲛ"/>
		<feat xlink:href="#sSpan3696" value="ⲏ"/>
		<feat xlink:href="#sSpan3700" value="ⲉϩⲣⲁⲓ"/>
		<feat xlink:href="#sSpan3705" value="ⲉϩⲉⲛⲙⲁ"/>
		<feat xlink:href="#sSpan3714" value="ⲛⲕⲁⲕⲉ"/>
		<feat xlink:href="#sSpan3722" value="ⲉⲩϣⲟⲕϩ"/>
		<feat xlink:href="#sSpan3731" value="ⲉⲙⲁⲧⲉ"/>
		<feat xlink:href="#sSpan3735" value="·"/>
		<feat xlink:href="#sSpan3740" value="ⲁϩⲣⲟϥ"/>
		<feat xlink:href="#sSpan3751" value="ⲁϥϫⲟⲟⲥ"/>
		<feat xlink:href="#sSpan3761" value="ⲛϭⲓⲡϫⲟⲉⲓⲥ"/>
		<feat xlink:href="#sSpan3771" value="ⲡⲛⲟⲩⲧⲉ"/>
		<feat xlink:href="#sSpan3778" value="ⲉⲃⲟⲗ"/>
		<feat xlink:href="#sSpan3784" value="ϩⲓⲧⲟⲟⲧⲟⲩ"/>
		<feat xlink:href="#sSpan3791" value="ⲛⲛⲉϥⲡⲉⲧⲟⲩⲁⲁⲃ"/>
		<feat xlink:href="#sSpan3805" value="ϫⲉⲉⲣϣⲁⲛⲡⲉⲕϫⲁϫⲉ"/>
		<feat xlink:href="#sSpan3821" value="ϩⲕⲟ"/>
		<feat xlink:href="#sSpan3826" value="ⲙⲁⲧⲙⲙⲟϥ"/>
		<feat xlink:href="#sSpan3835" value="ⲁⲩⲱ"/>
		<feat xlink:href="#sSpan3840" value="ⲉϥϣⲁⲛⲉⲓⲃⲉ"/>
		<feat xlink:href="#sSpan3847" value="ⲙⲁⲧⲥⲟϥ"/>
		<feat xlink:href="#sSpan3857" value="ⲉⲧⲃⲉⲟⲩ"/>
		<feat xlink:href="#sSpan3867" value="ϩⲱⲱϥ"/>
		<feat xlink:href="#sSpan3873" value="ⲁϥϫⲟⲟⲥ"/>
		<feat xlink:href="#sSpan3884" value="ϫⲉⲉⲣϣⲁⲛⲧⲙⲡⲉⲕⲥⲟⲛ"/>
		<feat xlink:href="#sSpan3903" value="ⲥⲱⲧⲙ"/>
		<feat xlink:href="#sSpan3907" value="ⲛⲥⲱⲕ"/>
		<feat xlink:href="#sSpan3914" value="ⲙⲁⲣⲉϥϣⲱⲡⲉ"/>
		<feat xlink:href="#sSpan3923" value="ⲛⲁⲕ"/>
		<feat xlink:href="#sSpan3929" value="ⲛⲧϩⲉ"/>
		<feat xlink:href="#sSpan3938" value="ⲛⲟⲩϩⲉⲑⲛⲓⲕⲟⲥ"/>
		<feat xlink:href="#sSpan3949" value="ⲙⲛⲟⲩⲧⲉⲗⲱⲛⲏⲥ"/>
		<feat xlink:href="#sSpan3960" value="·"/>
		<feat xlink:href="#sSpan3966" value="ϩⲙⲡⲧⲣⲉϥϫⲟⲟⲥ"/>
		<feat xlink:href="#sSpan3986" value="ⲇⲉ"/>
		<feat xlink:href="#sSpan3990" value="ϫⲉⲣⲡⲉⲧⲛⲁⲛⲟⲩϥ"/>
		<feat xlink:href="#sSpan4004" value="ⲛⲓⲙ"/>
		<feat xlink:href="#sSpan4010" value="ⲛⲛⲉⲧⲛϫⲓϫⲉⲉⲩⲉ"/>
		<feat xlink:href="#sSpan4023" value="ⲕⲁⲧⲁⲧⲉⲛⲧⲟⲗⲏ"/>
		<feat xlink:href="#sSpan4034" value="·"/>
		<feat xlink:href="#sSpan4038" value="ⲉϥⲟⲩⲱϣ"/>
		<feat xlink:href="#sSpan4051" value="ⲉⲧⲣⲉⲡⲁⲅⲁⲑⲟⲥ"/>
		<feat xlink:href="#sSpan4064" value="ⲛⲣⲱⲙⲉ"/>
		<feat xlink:href="#sSpan4070" value="ⲛⲧⲉⲡⲛⲟⲩⲧⲉ"/>
		<feat xlink:href="#sSpan4081" value="ϫⲱⲕ"/>
		<feat xlink:href="#sSpan4086" value="ⲉⲃⲟⲗ"/>
		<feat xlink:href="#sSpan4090" value="ⲛⲟⲩⲙⲛⲧⲁⲅⲁⲑⲟⲥ"/>
		<feat xlink:href="#sSpan4104" value="ϩⲓⲧⲛⲧⲡⲟⲛⲏⲣⲓⲁ"/>
		<feat xlink:href="#sSpan4116" value="ⲙⲡⲡⲟⲛⲏⲣⲟⲥ"/>
		<feat xlink:href="#sSpan4127" value="ⲛⲣⲱⲙⲉ"/>
		<feat xlink:href="#sSpan4134" value="ⲉⲧⲏⲡ"/>
		<feat xlink:href="#sSpan4140" value="ⲉⲡⲣⲉϥⲣⲛⲟⲃⲉ"/>
		<feat xlink:href="#sSpan4153" value="ⲡⲥⲁⲧⲁⲛⲁⲥ"/>
		<feat xlink:href="#sSpan4163" value="ⲉⲡⲉⲓⲇⲏ"/>
		<feat xlink:href="#sSpan4171" value="ⲉⲡⲙⲁ"/>
		<feat xlink:href="#sSpan4180" value="ⲛⲧⲡⲟⲛⲏⲣⲓⲁ"/>
		<feat xlink:href="#sSpan4191" value="ⲙⲡⲡⲟⲛⲏⲣⲟⲥ"/>
		<feat xlink:href="#sSpan4202" value="ⲛⲣⲱⲙⲉ"/>
		<feat xlink:href="#sSpan4209" value="ϣⲁⲣⲉⲧⲙⲛⲧⲁⲅⲁⲑⲟⲥ"/>
		<feat xlink:href="#sSpan4223" value="ⲙⲡⲁⲅⲁⲑⲟⲥ"/>
		<feat xlink:href="#sSpan4234" value="ⲛⲣⲱⲙⲉ"/>
		<feat xlink:href="#sSpan4240" value="ϥⲓ"/>
		<feat xlink:href="#sSpan4246" value="ⲙⲙⲁⲩ"/>
		<feat xlink:href="#sSpan4250" value="ⲛⲧⲡⲟⲛⲏⲣⲓⲁ"/>
		<feat xlink:href="#sSpan4262" value="ⲙⲡⲣⲱⲙⲉ"/>
		<feat xlink:href="#sSpan4272" value="ⲛϫⲁϫⲉ"/>
		<feat xlink:href="#sSpan4278" value="·"/>
		<feat xlink:href="#sSpan4284" value="ϩⲙⲡⲧⲣⲉⲡⲣⲱⲙⲉ"/>
		<feat xlink:href="#sSpan4303" value="ⲧⲱⲱⲃⲉ"/>
		<feat xlink:href="#sSpan4308" value="ⲛⲟⲩⲡⲉⲧⲛⲁⲛⲟⲩϥ"/>
		<feat xlink:href="#sSpan4322" value="ⲉⲡⲙⲁ"/>
		<feat xlink:href="#sSpan4330" value="ⲛⲟⲩⲡⲉⲧϩⲟⲟⲩ"/>
		<feat xlink:href="#sSpan4343" value="ⲉϣⲁϥϫⲱⲕ"/>
		<feat xlink:href="#sSpan4354" value="ⲉⲃⲟⲗ"/>
		<feat xlink:href="#sSpan4359" value="ⲛⲧⲙⲛⲧⲛⲟⲩⲧⲉ"/>
		<feat xlink:href="#sSpan4372" value="ⲙⲡⲛⲟⲩⲧⲉ"/>
		<feat xlink:href="#sSpan4384" value="·"/>
		<feat xlink:href="#sSpan4388" value="ϩⲙⲡⲧⲣⲉⲡⲣⲱⲙⲉ"/>
		<feat xlink:href="#sSpan4408" value="ⲇⲉ"/>
		<feat xlink:href="#sSpan4412" value="ⲧⲱⲱⲃⲉ"/>
		<feat xlink:href="#sSpan4417" value="ⲛⲟⲩⲡⲉⲧϩⲟⲟⲩ"/>
		<feat xlink:href="#sSpan4430" value="ⲉⲡⲙⲁ"/>
		<feat xlink:href="#sSpan4438" value="ⲛⲟⲩⲡⲉⲧⲛⲁⲛⲟⲩϥ"/>
		<feat xlink:href="#sSpan4453" value="ⲉϣⲁϥϫⲱⲕ"/>
		<feat xlink:href="#sSpan4464" value="ⲉⲃⲟⲗ"/>
		<feat xlink:href="#sSpan4468" value="ⲛⲧⲙⲛⲧⲁⲧⲛⲟⲩⲧⲉ"/>
		<feat xlink:href="#sSpan4482" value="ⲙⲡⲁⲧⲛⲟⲩⲧⲉ"/>
		<feat xlink:href="#sSpan4494" value="ⲛⲇⲓⲁⲃⲟⲗⲟⲥ"/>
		<feat xlink:href="#sSpan4502" value="·"/>
		<feat xlink:href="#sSpan4508" value="ϩⲙⲡⲧⲣⲉϥϫⲟⲟⲥ"/>
		<feat xlink:href="#sSpan4528" value="ⲇⲉ"/>
		<feat xlink:href="#sSpan4532" value="ϫⲉⲉⲣϣⲁⲛⲧⲙⲡⲉⲕⲥⲟⲛ"/>
		<feat xlink:href="#sSpan4548" value="ⲥⲱⲧⲙ"/>
		<feat xlink:href="#sSpan4552" value="ⲛⲥⲱⲕ"/>
		<feat xlink:href="#sSpan4559" value="ⲙⲁⲣⲉϥϣⲱⲡⲉ"/>
		<feat xlink:href="#sSpan4568" value="ⲛⲁⲕ"/>
		<feat xlink:href="#sSpan4574" value="ⲉⲩϫⲁϫⲉ"/>
		<feat xlink:href="#sSpan4584" value="ⲛⲧϩⲉ"/>
		<feat xlink:href="#sSpan4593" value="ⲙⲡⲉⲧⲉⲙⲡⲕⲛⲁⲩ"/>
		<feat xlink:href="#sSpan4609" value="ⲉⲣⲟϥ"/>
		<feat xlink:href="#sSpan4615" value="ⲉⲛⲉϩ"/>
		<feat xlink:href="#sSpan4622" value="·"/>
		<feat xlink:href="#sSpan4626" value="ϣⲟⲣⲡ"/>
		<feat xlink:href="#sSpan4634" value="ⲙⲉⲛ"/>
		<feat xlink:href="#sSpan4639" value="ⲉϥⲟⲩⲱϣ"/>
		<feat xlink:href="#sSpan4647" value="ⲛϭⲓⲡϫⲟⲉⲓⲥ"/>
		<feat xlink:href="#sSpan4658" value="ⲉⲧⲣⲉⲛϣⲁⲁⲧϥ"/>
		<feat xlink:href="#sSpan4671" value="ⲉⲃⲟⲗ"/>
		<feat xlink:href="#sSpan4675" value="ⲙⲙⲟⲛ"/>
		<feat xlink:href="#sSpan4682" value="ⲙⲛⲛⲥⲁⲧⲣⲉⲛϫⲡⲓⲟϥ"/>
		<feat xlink:href="#sSpan4698" value="ϫⲉⲁⲣⲏⲩ"/>
		<feat xlink:href="#sSpan4705" value="ⲣⲱ"/>
		<feat xlink:href="#sSpan4709" value="ⲛϥⲣϩⲧⲏϥ"/>
		<feat xlink:href="#sSpan4723" value="ⲙⲛⲛⲥⲁⲧⲣⲉϥϣⲱⲡⲉ"/>
		<feat xlink:href="#sSpan4734" value="ⲛⲧϩⲉ"/>
		<feat xlink:href="#sSpan4742" value="ⲛⲟⲩϣⲙⲙⲟ"/>
		<feat xlink:href="#sSpan4755" value="ⲉⲧⲃⲉⲡⲛⲟⲩⲧⲉ"/>
		<feat xlink:href="#sSpan4765" value="ⲉⲡⲉⲛⲥⲟⲛ"/>
		<feat xlink:href="#sSpan4775" value="ⲡⲉ"/>
		<feat xlink:href="#sSpan4780" value="ⲁⲩⲱ"/>
		<feat xlink:href="#sSpan4789" value="ⲛϥⲕⲧⲟϥ"/>
		<feat xlink:href="#sSpan4799" value="ⲛϥⲙⲉⲧⲁⲛⲟⲉⲓ"/>
		<feat xlink:href="#sSpan4809" value="ⲛⲧⲛⲕⲱ"/>
		<feat xlink:href="#sSpan4818" value="ⲛⲁϥ"/>
		<feat xlink:href="#sSpan4824" value="ⲉⲃⲟⲗ"/>
		<feat xlink:href="#sSpan4829" value="ϣⲁⲥⲁϣϥ"/>
		<feat xlink:href="#sSpan4837" value="ⲛϣϥⲉ"/>
		<feat xlink:href="#sSpan4844" value="ⲛⲥⲟⲡ"/>
		<feat xlink:href="#sSpan4851" value="ϩⲟⲧⲁⲛ"/>
		<feat xlink:href="#sSpan4856" value="ⲉϥϣⲁⲛⲧⲙⲟⲩⲁϩⲙⲉϥ"/>
		<feat xlink:href="#sSpan4867" value="ⲉϩⲣⲁⲓ"/>
		<feat xlink:href="#sSpan4872" value="ⲉⲡⲛⲟⲃⲉ"/>
		<feat xlink:href="#sSpan4881" value="ⲉⲛⲧⲁⲛⲙⲉⲉⲩⲉ"/>
		<feat xlink:href="#sSpan4894" value="ⲉϣⲁⲁⲧϥ"/>
		<feat xlink:href="#sSpan4903" value="ⲉⲃⲟⲗ"/>
		<feat xlink:href="#sSpan4907" value="ⲙⲙⲟⲛ"/>
		<feat xlink:href="#sSpan4914" value="ⲉⲧⲃⲏⲏⲧϥ"/>
		<feat xlink:href="#sSpan4923" value="·"/>
		<feat xlink:href="#sSpan4928" value="ⲁⲗⲗⲁ"/>
		<feat xlink:href="#sSpan4936" value="ⲉϣⲱⲡⲉ"/>
		<feat xlink:href="#sSpan4941" value="ⲉϥϣⲁⲛⲧⲙⲣϩⲛⲁϥ"/>
		<feat xlink:href="#sSpan4954" value="ⲉⲕⲧⲟϥ"/>
		<feat xlink:href="#sSpan4963" value="ⲉⲃⲟⲗ"/>
		<feat xlink:href="#sSpan4968" value="ϩⲙⲡⲛⲟⲃⲉ"/>
		<feat xlink:href="#sSpan4978" value="ⲉⲛⲧⲁⲛⲙⲉⲉⲩⲉ"/>
		<feat xlink:href="#sSpan4989" value="ⲉϣⲁⲁⲧϥ"/>
		<feat xlink:href="#sSpan4997" value="ⲉⲃⲟⲗ"/>
		<feat xlink:href="#sSpan5002" value="ⲙⲙⲟⲛ"/>
		<feat xlink:href="#sSpan5008" value="ⲉⲧⲃⲏⲏⲧϥ"/>
		<feat xlink:href="#sSpan5015" value="ⲉⲛⲛⲁϣⲁⲁⲧϥ"/>
		<feat xlink:href="#sSpan5028" value="ⲉⲃⲟⲗ"/>
		<feat xlink:href="#sSpan5033" value="ⲙⲙⲟⲛ"/>
		<feat xlink:href="#sSpan5039" value="ⲁⲩⲱ"/>
		<feat xlink:href="#sSpan5044" value="ⲛⲛⲉϥⲕⲧⲟϥ"/>
		<feat xlink:href="#sSpan5055" value="ⲉⲣⲟⲛ"/>
		<feat xlink:href="#sSpan5061" value="ⲁⲩⲱ"/>
		<feat xlink:href="#sSpan5066" value="ⲛⲛⲉⲛⲙⲉⲣⲓⲧϥ"/>
		<feat xlink:href="#sSpan5078" value="ⲁⲗⲗⲁ"/>
		<feat xlink:href="#sSpan5085" value="ⲉϥⲉϣⲱⲡⲉ"/>
		<feat xlink:href="#sSpan5092" value="ⲛⲁⲛ"/>
		<feat xlink:href="#sSpan5098" value="ⲛⲟⲩϫⲁϫⲉ"/>
		<feat xlink:href="#sSpan5108" value="ⲉⲧⲃⲉⲡⲛⲟⲩⲧⲉⲉⲡⲉⲛⲥⲟⲛ"/>
		<feat xlink:href="#sSpan5129" value="ⲡⲉ"/>
		<feat xlink:href="#sSpan5134" value="ⲁⲩⲱ"/>
		<feat xlink:href="#sSpan5142" value="ⲛⲧⲉⲓϩⲉ"/>
		<feat xlink:href="#sSpan5150" value="ϣⲁⲣⲉⲡⲙⲁⲓⲛⲟⲩⲧⲉ"/>
		<feat xlink:href="#sSpan5163" value="ⲟⲩⲱⲛϩ"/>
		<feat xlink:href="#sSpan5168" value="ⲉⲃⲟⲗ"/>
		<feat xlink:href="#sSpan5173" value="ⲙⲡⲉϥⲟⲩⲱϣ"/>
		<feat xlink:href="#sSpan5183" value="ⲧⲏⲣϥ"/>
		<feat xlink:href="#sSpan5189" value="ⲉϩⲟⲩⲛ"/>
		<feat xlink:href="#sSpan5194" value="ⲉⲡϫⲟⲉⲓⲥ"/>
		<feat xlink:href="#sSpan5203" value="ϫⲉⲁϥⲙⲉⲣⲓⲧϥ"/>
		<feat xlink:href="#sSpan5217" value="ⲉϩⲟⲩo"/>
		<feat xlink:href="#sSpan5224" value="ⲉⲡⲉϥⲥⲟⲛ"/>
		<feat xlink:href="#sSpan5234" value="·"/>
		<feat xlink:href="#sSpan5238" value="ⲁⲩⲱ"/>
		<feat xlink:href="#sSpan5242" value="ⲛϩⲟⲩⲟ"/>
		<feat xlink:href="#sSpan5249" value="ⲉⲡⲉϥⲉⲓⲱⲧ"/>
		<feat xlink:href="#sSpan5259" value="ⲙⲛⲧⲉϥⲙⲁⲁⲩ"/>
		<feat xlink:href="#sSpan5270" value="·"/>
		<feat xlink:href="#sSpan5274" value="ⲟⲩⲛⲟϭ"/>
		<feat xlink:href="#sSpan5287" value="ⲅⲁⲣ"/>
		<feat xlink:href="#sSpan5292" value="ⲙⲙⲛⲧⲧⲉⲗⲓⲟⲥ"/>
		<feat xlink:href="#sSpan5302" value="ⲧⲉ"/>
		<feat xlink:href="#sSpan5306" value="ⲉⲧⲣⲉⲡⲣⲱⲙⲉ"/>
		<feat xlink:href="#sSpan5318" value="ϣⲱⲱⲧ"/>
		<feat xlink:href="#sSpan5324" value="ⲉⲃⲟⲗ"/>
		<feat xlink:href="#sSpan5328" value="ⲙⲙⲟϥ"/>
		<feat xlink:href="#sSpan5335" value="ⲙⲡⲉϥⲥⲟⲛ"/>
		<feat xlink:href="#sSpan5346" value="ⲏ"/>
		<feat xlink:href="#sSpan5351" value="ⲡⲉϥϣⲏⲣⲉ"/>
		<feat xlink:href="#sSpan5359" value="ⲏ"/>
		<feat xlink:href="#sSpan5364" value="ⲧⲉϥϣⲉⲉⲣⲉ"/>
		<feat xlink:href="#sSpan5372" value="ⲏ"/>
		<feat xlink:href="#sSpan5377" value="ⲡⲉϥⲉⲓⲱⲧ"/>
		<feat xlink:href="#sSpan5386" value="ⲏ"/>
		<feat xlink:href="#sSpan5391" value="ⲧⲉϥⲙⲁⲁⲩ"/>
		<feat xlink:href="#sSpan5399" value="ⲏ"/>
		<feat xlink:href="#sSpan5403" value="ϭⲉⲗⲁⲁⲩ"/>
		<feat xlink:href="#sSpan5411" value="ⲛⲣⲱⲙⲉ"/>
		<feat xlink:href="#sSpan5417" value="ⲛⲧⲁϥ"/>
		<feat xlink:href="#sSpan5424" value="ⲉⲧⲃⲉⲡⲛⲟⲩⲧⲉ"/>
		<feat xlink:href="#sSpan5437" value="·"/>
		<feat xlink:href="#sSpan5442" value="ϩⲟⲧⲁⲛ"/>
		<feat xlink:href="#sSpan5446" value="ⲉⲩϣⲁⲛⲣⲛⲟⲃⲉ"/>
		<feat xlink:href="#sSpan5456" value="ⲉⲡⲉⲛⲧⲁϥⲧⲁⲙⲓⲟⲟⲩ"/>
		<feat xlink:href="#sSpan5474" value="ⲉⲧⲉⲡⲛⲟⲩⲧⲉ"/>
		<feat xlink:href="#sSpan5484" value="ⲡⲉ"/>
		<feat xlink:href="#sSpan5488" value="·"/>
		<feat xlink:href="#sSpan5493" value="ⲁⲩⲱ"/>
		<feat xlink:href="#sSpan5502" value="ⲟⲩⲛⲟϭ"/>
		<feat xlink:href="#sSpan5509" value="ⲙⲙⲛⲧϫⲱⲱⲣⲉ"/>
		<feat xlink:href="#sSpan5521" value="ⲧⲉ"/>
		<feat xlink:href="#sSpan5526" value="ⲉⲧⲣⲉⲡⲣⲱⲙⲉ"/>
		<feat xlink:href="#sSpan5538" value="ⲙⲉⲣⲉⲛⲉϥϫⲓϫⲉⲉⲩⲉ"/>
		<feat xlink:href="#sSpan5548" value="ⲉⲧⲃⲉⲡⲛⲟⲩⲧⲉ"/>
		<feat xlink:href="#sSpan5559" value="ⲁⲩⲱ"/>
		<feat xlink:href="#sSpan5567" value="ⲛϥϣⲗⲏⲗ"/>
		<feat xlink:href="#sSpan5575" value="ⲉϫⲛⲛⲉⲧⲡⲏⲧ"/>
		<feat xlink:href="#sSpan5587" value="ⲛⲥⲱϥ"/>
		<feat xlink:href="#sSpan5594" value="ⲉⲧⲣⲡⲉⲧϩⲟⲟⲩ"/>
		<feat xlink:href="#sSpan5608" value="ⲛⲁϥ"/>
		<feat xlink:href="#sSpan5614" value="ⲁⲩⲱ"/>
		<feat xlink:href="#sSpan5619" value="ⲉⲧⲃⲉⲡⲛⲟⲩⲧⲉ"/>
		<feat xlink:href="#sSpan5630" value="ⲛϥⲥⲙⲟⲩ"/>
		<feat xlink:href="#sSpan5641" value="ⲉⲛⲉⲧⲥⲁϩⲟⲩ"/>
		<feat xlink:href="#sSpan5653" value="ⲙⲙⲟϥ"/>
		<feat xlink:href="#sSpan5660" value="ⲉⲧⲣⲛⲟⲃⲉ"/>
		<feat xlink:href="#sSpan5669" value="ⲉⲣⲟϥ"/>
		<feat xlink:href="#sSpan5675" value="·"/>
		<feat xlink:href="#sSpan5680" value="ⲁⲩⲱ"/>
		<feat xlink:href="#sSpan5689" value="ⲧⲁⲓ"/>
		<feat xlink:href="#sSpan5693" value="ⲧⲉ"/>
		<feat xlink:href="#sSpan5697" value="ⲧϩⲉ"/>
		<feat xlink:href="#sSpan5703" value="ⲛⲧⲁϥϫⲟⲟⲥ"/>
		<feat xlink:href="#sSpan5716" value="ϫⲉⲙⲁⲣⲉⲡⲉⲕⲥⲟⲛ"/>
		<feat xlink:href="#sSpan5730" value="ϣⲱⲡⲉ"/>
		<feat xlink:href="#sSpan5735" value="ⲛⲁⲕ"/>
		<feat xlink:href="#sSpan5742" value="ⲛⲟⲩϩⲉⲑⲛⲓⲕⲟⲥ"/>
		<feat xlink:href="#sSpan5753" value="ⲙⲛⲟⲩⲧⲉⲗⲱⲛⲏⲥ"/>
		<feat xlink:href="#sSpan5764" value="ⲉⲧⲃⲉⲡⲛⲟⲩⲧⲉ"/>
		<feat xlink:href="#sSpan5777" value="ϩⲟⲧⲁⲛ"/>
		<feat xlink:href="#sSpan5785" value="ⲉϥϣⲁⲛⲣⲛⲟⲃⲉ"/>
		<feat xlink:href="#sSpan5794" value="ⲙⲡⲙⲧⲟ"/>
		<feat xlink:href="#sSpan5804" value="ⲉⲃⲟⲗ"/>
		<feat xlink:href="#sSpan5808" value="ⲙⲡϫⲟⲉⲓⲥ"/>
		<feat xlink:href="#sSpan5819" value="·"/>
		<feat xlink:href="#sSpan5823" value="ⲡⲉⲕϫⲁϫⲉ"/>
		<feat xlink:href="#sSpan5835" value="ⲇⲉ"/>
		<feat xlink:href="#sSpan5839" value="ϩⲱⲱϥ"/>
		<feat xlink:href="#sSpan5845" value="ⲉⲧⲣⲛⲟⲃⲉ"/>
		<feat xlink:href="#sSpan5854" value="ⲉⲣⲟⲕ"/>
		<feat xlink:href="#sSpan5861" value="ⲛⲅⲙⲉⲣⲓⲧϥ"/>
		<feat xlink:href="#sSpan5872" value="ⲁⲩⲱ"/>
		<feat xlink:href="#sSpan5876" value="ⲛⲅⲥⲙⲟⲩ"/>
		<feat xlink:href="#sSpan5885" value="ⲉⲣⲟϥ"/>
		<feat xlink:href="#sSpan5893" value="ⲉⲧⲃⲉⲡⲛⲟⲩⲧⲉ"/>
		<feat xlink:href="#sSpan5904" value="·"/>
		<feat xlink:href="#sSpan5909" value="ⲁⲛⲟⲛ"/>
		<feat xlink:href="#sSpan5919" value="ⲇⲉ"/>
		<feat xlink:href="#sSpan5923" value="ϩⲱⲱⲛ"/>
		<feat xlink:href="#sSpan5930" value="ⲉⲥⲛⲏⲩ"/>
		<feat xlink:href="#sSpan5937" value="ⲉⲛϩⲟⲥⲟⲛ"/>
		<feat xlink:href="#sSpan5947" value="ⲉⲛⲟ"/>
		<feat xlink:href="#sSpan5955" value="ⲛⲕⲟⲓⲛⲱⲛⲟⲥ"/>
		<feat xlink:href="#sSpan5964" value="ⲙⲛⲛⲉⲛⲉⲣⲏⲩ"/>
		<feat xlink:href="#sSpan5973" value="ⲁⲛⲟⲛ"/>
		<feat xlink:href="#sSpan5978" value="ⲛϣⲏⲣⲉ"/>
		<feat xlink:href="#sSpan5985" value="ⲛⲟⲩⲣⲱⲙⲉ"/>
		<feat xlink:href="#sSpan5996" value="ⲛⲟⲩⲱⲧ"/>
		<feat xlink:href="#sSpan6003" value="ⲉⲧⲉⲡⲛⲟⲩⲧⲉ"/>
		<feat xlink:href="#sSpan6013" value="ⲡⲉ"/>
		<feat xlink:href="#sSpan6017" value="·"/>
		<feat xlink:href="#sSpan6022" value="ⲁⲩⲱ"/>
		<feat xlink:href="#sSpan6030" value="ⲁⲛⲟⲛ"/>
		<feat xlink:href="#sSpan6034" value="ⲛϣⲏⲣⲉ"/>
		<feat xlink:href="#sSpan6042" value="ⲛⲟⲩⲙⲁⲁⲩ"/>
		<feat xlink:href="#sSpan6052" value="ⲛⲟⲩⲱⲧ"/>
		<feat xlink:href="#sSpan6058" value="ⲉⲧⲉⲧϩⲓⲉⲣⲟⲩⲥⲁⲗⲏⲙ"/>
		<feat xlink:href="#sSpan6069" value="ⲛⲧⲡⲉ"/>
		<feat xlink:href="#sSpan6079" value="ⲧⲉ"/>
		<feat xlink:href="#sSpan6084" value="ⲕⲁⲧⲁⲛⲉⲅⲣⲁⲫⲏ"/>
		<feat xlink:href="#sSpan6095" value="·"/>
		<feat xlink:href="#sSpan6100" value="ⲙⲏ"/>
		<feat xlink:href="#sSpan6109" value="ⲁⲣⲁ"/>
		<feat xlink:href="#sSpan6113" value="ϭⲉ"/>
		<feat xlink:href="#sSpan6117" value="ⲉϥⲥⲟⲧⲡ"/>
		<feat xlink:href="#sSpan6126" value="ⲛϭⲓⲡⲉⲛⲉⲓⲱⲧ"/>
		<feat xlink:href="#sSpan6136" value="ⲙⲛⲧⲉⲛⲙⲁⲁⲩ"/>
		<feat xlink:href="#sSpan6146" value="ⲉⲛⲧⲁⲩϫⲡⲟⲛ"/>
		<feat xlink:href="#sSpan6159" value="ⲁⲩⲱ"/>
		<feat xlink:href="#sSpan6164" value="ⲉⲁⲩⲥⲁⲛⲟⲩϣⲛ"/>
		<feat xlink:href="#sSpan6178" value="ⲕⲁⲧⲁⲥⲁⲣⲝ"/>
		<feat xlink:href="#sSpan6187" value="ⲛϩⲟⲩⲟ"/>
		<feat xlink:href="#sSpan6194" value="ⲉⲡⲉⲛϫⲟⲉⲓⲥ"/>
		<feat xlink:href="#sSpan6205" value="ⲓⲏⲥⲟⲩⲥ"/>
		<feat xlink:href="#sSpan6209" value="ⲡⲉⲛⲉⲓⲱⲧ"/>
		<feat xlink:href="#sSpan6216" value="ⲁⲩⲱ"/>
		<feat xlink:href="#sSpan6221" value="ⲧⲉⲛⲙⲁⲁⲩ"/>
		<feat xlink:href="#sSpan6228" value="ⲛⲁⲙⲉ"/>
		<feat xlink:href="#sSpan6233" value="·"/>
		<feat xlink:href="#sSpan6237" value="ⲡⲁⲓ"/>
		<feat xlink:href="#sSpan6245" value="ⲉⲛⲧⲁϥϫⲡⲟⲛ"/>
		<feat xlink:href="#sSpan6259" value="ϩⲣⲁⲓ"/>
		<feat xlink:href="#sSpan6263" value="ϩⲙⲡⲉϥⲥⲛⲟϥ"/>
		<feat xlink:href="#sSpan6273" value="ⲉⲧⲟⲩⲁⲁⲃ"/></featList></paula>