<?xml version='1.0' encoding='UTF-8'?><!DOCTYPE paula SYSTEM "paula_feat.dtd">
<paula version="1.1">
	<header paula_id="scriptorium.a22.YA421-428.mark_new_sent"/>
	<featList xmlns:xlink="http://www.w3.org/1999/xlink" type="new_sent" xml:base="scriptorium.a22.YA421-428.mark.xml">
		<feat xlink:href="#sSpan3" value="true"/>
		<feat xlink:href="#sSpan224" value="true"/>
		<feat xlink:href="#sSpan459" value="true"/>
		<feat xlink:href="#sSpan567" value="true"/>
		<feat xlink:href="#sSpan647" value="true"/>
		<feat xlink:href="#sSpan758" value="true"/>
		<feat xlink:href="#sSpan923" value="true"/>
		<feat xlink:href="#sSpan1164" value="true"/>
		<feat xlink:href="#sSpan1487" value="true"/>
		<feat xlink:href="#sSpan1801" value="true"/>
		<feat xlink:href="#sSpan2099" value="true"/>
		<feat xlink:href="#sSpan2234" value="true"/>
		<feat xlink:href="#sSpan2343" value="true"/>
		<feat xlink:href="#sSpan2407" value="true"/>
		<feat xlink:href="#sSpan2448" value="true"/>
		<feat xlink:href="#sSpan2519" value="true"/>
		<feat xlink:href="#sSpan2711" value="true"/>
		<feat xlink:href="#sSpan3019" value="true"/>
		<feat xlink:href="#sSpan3132" value="true"/>
		<feat xlink:href="#sSpan3194" value="true"/>
		<feat xlink:href="#sSpan3251" value="true"/>
		<feat xlink:href="#sSpan3292" value="true"/>
		<feat xlink:href="#sSpan3402" value="true"/>
		<feat xlink:href="#sSpan3519" value="true"/>
		<feat xlink:href="#sSpan3604" value="true"/>
		<feat xlink:href="#sSpan3738" value="true"/>
		<feat xlink:href="#sSpan3854" value="true"/>
		<feat xlink:href="#sSpan3963" value="true"/>
		<feat xlink:href="#sSpan4161" value="true"/>
		<feat xlink:href="#sSpan4281" value="true"/>
		<feat xlink:href="#sSpan4386" value="true"/>
		<feat xlink:href="#sSpan4505" value="true"/>
		<feat xlink:href="#sSpan4926" value="true"/>
		<feat xlink:href="#sSpan5076" value="true"/>
		<feat xlink:href="#sSpan5132" value="true"/>
		<feat xlink:href="#sSpan5272" value="true"/>
		<feat xlink:href="#sSpan5440" value="true"/>
		<feat xlink:href="#sSpan5491" value="true"/>
		<feat xlink:href="#sSpan5678" value="true"/>
		<feat xlink:href="#sSpan5821" value="true"/>
		<feat xlink:href="#sSpan5907" value="true"/>
		<feat xlink:href="#sSpan6020" value="true"/>
		<feat xlink:href="#sSpan6098" value="true"/>
		<feat xlink:href="#sSpan6235" value="true"/></featList></paula>