<?xml version='1.0' encoding='UTF-8'?><!DOCTYPE paula SYSTEM "paula_feat.dtd">
<paula version="1.1">
	<header paula_id="scriptorium.cross.michbr295-297.dep_func"/>
	<featList xmlns:xlink="http://www.w3.org/1999/xlink" type="func" xml:base="scriptorium.cross.michbr295-297.dep.xml">
		<feat xlink:href="#sPointingRel1" value="det"/>
		<feat xlink:href="#sPointingRel3" value="dislocated"/>
		<feat xlink:href="#sPointingRel5" value="advmod"/>
		<feat xlink:href="#sPointingRel7" value="advmod"/>
		<feat xlink:href="#sPointingRel9" value="det"/>
		<feat xlink:href="#sPointingRel11" value="obl"/>
		<feat xlink:href="#sPointingRel13" value="case"/>
		<feat xlink:href="#sPointingRel15" value="det"/>
		<feat xlink:href="#sPointingRel17" value="obl"/>
		<feat xlink:href="#sPointingRel19" value="mark"/>
		<feat xlink:href="#sPointingRel21" value="acl:relcl"/>
		<feat xlink:href="#sPointingRel23" value="conj"/>
		<feat xlink:href="#sPointingRel25" value="aux"/>
		<feat xlink:href="#sPointingRel27" value="nmod"/>
		<feat xlink:href="#sPointingRel29" value="nsubj"/>
		<feat xlink:href="#sPointingRel31" value="det"/>
		<feat xlink:href="#sPointingRel33" value="det"/>
		<feat xlink:href="#sPointingRel35" value="advmod"/>
		<feat xlink:href="#sPointingRel37" value="nsubj"/>
		<feat xlink:href="#sPointingRel39" value="nmod"/>
		<feat xlink:href="#sPointingRel41" value="case"/>
		<feat xlink:href="#sPointingRel43" value="case"/>
		<feat xlink:href="#sPointingRel45" value="aux"/>
		<feat xlink:href="#sPointingRel47" value="case"/>
		<feat xlink:href="#sPointingRel49" value="nsubj"/>
		<feat xlink:href="#sPointingRel51" value="advmod"/>
		<feat xlink:href="#sPointingRel53" value="conj"/>
		<feat xlink:href="#sPointingRel55" value="det"/>
		<feat xlink:href="#sPointingRel57" value="case"/>
		<feat xlink:href="#sPointingRel59" value="obj"/>
		<feat xlink:href="#sPointingRel61" value="det"/>
		<feat xlink:href="#sPointingRel63" value="case"/>
		<feat xlink:href="#sPointingRel65" value="acl:relcl"/>
		<feat xlink:href="#sPointingRel67" value="advcl"/>
		<feat xlink:href="#sPointingRel69" value="det"/>
		<feat xlink:href="#sPointingRel71" value="cc"/>
		<feat xlink:href="#sPointingRel73" value="case"/>
		<feat xlink:href="#sPointingRel75" value="det"/>
		<feat xlink:href="#sPointingRel77" value="aux"/>
		<feat xlink:href="#sPointingRel79" value="nsubj"/>
		<feat xlink:href="#sPointingRel81" value="cop"/>
		<feat xlink:href="#sPointingRel83" value="det"/>
		<feat xlink:href="#sPointingRel85" value="det"/>
		<feat xlink:href="#sPointingRel87" value="det"/>
		<feat xlink:href="#sPointingRel89" value="nsubj"/>
		<feat xlink:href="#sPointingRel91" value="nsubj"/>
		<feat xlink:href="#sPointingRel93" value="conj"/>
		<feat xlink:href="#sPointingRel95" value="case"/>
		<feat xlink:href="#sPointingRel97" value="parataxis"/>
		<feat xlink:href="#sPointingRel99" value="det"/>
		<feat xlink:href="#sPointingRel101" value="det"/>
		<feat xlink:href="#sPointingRel103" value="cop"/>
		<feat xlink:href="#sPointingRel105" value="det"/>
		<feat xlink:href="#sPointingRel107" value="dislocated"/>
		<feat xlink:href="#sPointingRel109" value="case"/>
		<feat xlink:href="#sPointingRel111" value="det"/>
		<feat xlink:href="#sPointingRel113" value="nsubj"/>
		<feat xlink:href="#sPointingRel115" value="nsubj"/>
		<feat xlink:href="#sPointingRel117" value="case"/>
		<feat xlink:href="#sPointingRel119" value="aux"/>
		<feat xlink:href="#sPointingRel121" value="det"/>
		<feat xlink:href="#sPointingRel123" value="det"/>
		<feat xlink:href="#sPointingRel125" value="obl"/>
		<feat xlink:href="#sPointingRel127" value="det"/>
		<feat xlink:href="#sPointingRel129" value="cc"/>
		<feat xlink:href="#sPointingRel131" value="aux"/>
		<feat xlink:href="#sPointingRel133" value="case"/>
		<feat xlink:href="#sPointingRel135" value="det"/>
		<feat xlink:href="#sPointingRel137" value="acl:relcl"/>
		<feat xlink:href="#sPointingRel139" value="det"/>
		<feat xlink:href="#sPointingRel141" value="det"/>
		<feat xlink:href="#sPointingRel143" value="det"/>
		<feat xlink:href="#sPointingRel145" value="aux"/>
		<feat xlink:href="#sPointingRel147" value="det"/>
		<feat xlink:href="#sPointingRel149" value="nsubj"/>
		<feat xlink:href="#sPointingRel151" value="conj"/>
		<feat xlink:href="#sPointingRel153" value="cc"/>
		<feat xlink:href="#sPointingRel155" value="obj"/>
		<feat xlink:href="#sPointingRel157" value="case"/>
		<feat xlink:href="#sPointingRel159" value="obl"/>
		<feat xlink:href="#sPointingRel161" value="nsubj"/>
		<feat xlink:href="#sPointingRel163" value="parataxis"/>
		<feat xlink:href="#sPointingRel165" value="det"/>
		<feat xlink:href="#sPointingRel167" value="aux"/>
		<feat xlink:href="#sPointingRel169" value="advmod"/>
		<feat xlink:href="#sPointingRel171" value="obl"/>
		<feat xlink:href="#sPointingRel173" value="conj"/>
		<feat xlink:href="#sPointingRel175" value="det"/>
		<feat xlink:href="#sPointingRel177" value="advcl"/>
		<feat xlink:href="#sPointingRel179" value="case"/>
		<feat xlink:href="#sPointingRel181" value="aux"/>
		<feat xlink:href="#sPointingRel183" value="advcl"/>
		<feat xlink:href="#sPointingRel185" value="det"/>
		<feat xlink:href="#sPointingRel187" value="mark"/>
		<feat xlink:href="#sPointingRel189" value="case"/>
		<feat xlink:href="#sPointingRel191" value="nmod"/>
		<feat xlink:href="#sPointingRel193" value="aux"/>
		<feat xlink:href="#sPointingRel195" value="dislocated"/>
		<feat xlink:href="#sPointingRel197" value="case"/>
		<feat xlink:href="#sPointingRel199" value="advcl"/>
		<feat xlink:href="#sPointingRel201" value="nummod"/>
		<feat xlink:href="#sPointingRel203" value="mark"/>
		<feat xlink:href="#sPointingRel205" value="nsubj"/>
		<feat xlink:href="#sPointingRel207" value="nsubj"/>
		<feat xlink:href="#sPointingRel209" value="det"/>
		<feat xlink:href="#sPointingRel211" value="det"/>
		<feat xlink:href="#sPointingRel213" value="cop"/>
		<feat xlink:href="#sPointingRel215" value="obl"/>
		<feat xlink:href="#sPointingRel217" value="cop"/>
		<feat xlink:href="#sPointingRel219" value="case"/>
		<feat xlink:href="#sPointingRel221" value="case"/>
		<feat xlink:href="#sPointingRel223" value="det"/>
		<feat xlink:href="#sPointingRel225" value="det"/>
		<feat xlink:href="#sPointingRel227" value="obj"/>
		<feat xlink:href="#sPointingRel229" value="case"/>
		<feat xlink:href="#sPointingRel231" value="nsubj"/>
		<feat xlink:href="#sPointingRel233" value="det"/>
		<feat xlink:href="#sPointingRel235" value="parataxis"/>
		<feat xlink:href="#sPointingRel237" value="case"/>
		<feat xlink:href="#sPointingRel239" value="cc"/>
		<feat xlink:href="#sPointingRel241" value="obl"/>
		<feat xlink:href="#sPointingRel243" value="nsubj"/>
		<feat xlink:href="#sPointingRel245" value="ccomp"/>
		<feat xlink:href="#sPointingRel247" value="mark"/>
		<feat xlink:href="#sPointingRel249" value="case"/>
		<feat xlink:href="#sPointingRel251" value="nsubj"/>
		<feat xlink:href="#sPointingRel253" value="parataxis"/>
		<feat xlink:href="#sPointingRel255" value="nsubj"/>
		<feat xlink:href="#sPointingRel257" value="aux"/>
		<feat xlink:href="#sPointingRel259" value="case"/>
		<feat xlink:href="#sPointingRel261" value="det"/>
		<feat xlink:href="#sPointingRel263" value="mark"/>
		<feat xlink:href="#sPointingRel265" value="det"/>
		<feat xlink:href="#sPointingRel267" value="det"/>
		<feat xlink:href="#sPointingRel269" value="case"/>
		<feat xlink:href="#sPointingRel271" value="cc"/>
		<feat xlink:href="#sPointingRel273" value="case"/>
		<feat xlink:href="#sPointingRel275" value="case"/>
		<feat xlink:href="#sPointingRel277" value="cop"/>
		<feat xlink:href="#sPointingRel279" value="nsubj"/>
		<feat xlink:href="#sPointingRel281" value="appos"/>
		<feat xlink:href="#sPointingRel283" value="mark"/>
		<feat xlink:href="#sPointingRel285" value="cop"/>
		<feat xlink:href="#sPointingRel287" value="det"/>
		<feat xlink:href="#sPointingRel289" value="cop"/>
		<feat xlink:href="#sPointingRel291" value="obl"/>
		<feat xlink:href="#sPointingRel293" value="nmod"/>
		<feat xlink:href="#sPointingRel295" value="obl"/>
		<feat xlink:href="#sPointingRel297" value="det"/>
		<feat xlink:href="#sPointingRel299" value="nmod"/>
		<feat xlink:href="#sPointingRel301" value="advcl"/>
		<feat xlink:href="#sPointingRel303" value="aux"/>
		<feat xlink:href="#sPointingRel305" value="aux"/>
		<feat xlink:href="#sPointingRel307" value="advmod"/>
		<feat xlink:href="#sPointingRel309" value="obl"/>
		<feat xlink:href="#sPointingRel311" value="acl:relcl"/>
		<feat xlink:href="#sPointingRel313" value="nmod"/>
		<feat xlink:href="#sPointingRel315" value="case"/>
		<feat xlink:href="#sPointingRel317" value="conj"/>
		<feat xlink:href="#sPointingRel319" value="mark"/>
		<feat xlink:href="#sPointingRel321" value="dislocated"/>
		<feat xlink:href="#sPointingRel323" value="det"/>
		<feat xlink:href="#sPointingRel325" value="acl:relcl"/>
		<feat xlink:href="#sPointingRel327" value="nsubj"/>
		<feat xlink:href="#sPointingRel329" value="det"/>
		<feat xlink:href="#sPointingRel331" value="det"/>
		<feat xlink:href="#sPointingRel333" value="ccomp"/>
		<feat xlink:href="#sPointingRel335" value="conj"/>
		<feat xlink:href="#sPointingRel337" value="obj"/>
		<feat xlink:href="#sPointingRel339" value="nsubj"/>
		<feat xlink:href="#sPointingRel341" value="det"/>
		<feat xlink:href="#sPointingRel343" value="det"/>
		<feat xlink:href="#sPointingRel345" value="nsubj"/>
		<feat xlink:href="#sPointingRel347" value="dislocated"/>
		<feat xlink:href="#sPointingRel349" value="obl"/>
		<feat xlink:href="#sPointingRel351" value="obj"/>
		<feat xlink:href="#sPointingRel353" value="mark"/>
		<feat xlink:href="#sPointingRel355" value="cop"/>
		<feat xlink:href="#sPointingRel357" value="obl"/>
		<feat xlink:href="#sPointingRel359" value="det"/>
		<feat xlink:href="#sPointingRel361" value="case"/>
		<feat xlink:href="#sPointingRel363" value="det"/>
		<feat xlink:href="#sPointingRel365" value="case"/>
		<feat xlink:href="#sPointingRel367" value="det"/>
		<feat xlink:href="#sPointingRel369" value="case"/>
		<feat xlink:href="#sPointingRel371" value="det"/>
		<feat xlink:href="#sPointingRel373" value="det"/>
		<feat xlink:href="#sPointingRel375" value="obl"/>
		<feat xlink:href="#sPointingRel377" value="obl"/>
		<feat xlink:href="#sPointingRel379" value="conj"/>
		<feat xlink:href="#sPointingRel381" value="mark"/>
		<feat xlink:href="#sPointingRel383" value="case"/>
		<feat xlink:href="#sPointingRel385" value="case"/>
		<feat xlink:href="#sPointingRel387" value="nsubj"/>
		<feat xlink:href="#sPointingRel389" value="acl:relcl"/>
		<feat xlink:href="#sPointingRel391" value="obl"/>
		<feat xlink:href="#sPointingRel393" value="aux"/>
		<feat xlink:href="#sPointingRel395" value="acl:relcl"/>
		<feat xlink:href="#sPointingRel397" value="case"/>
		<feat xlink:href="#sPointingRel399" value="cc"/>
		<feat xlink:href="#sPointingRel401" value="det"/>
		<feat xlink:href="#sPointingRel403" value="acl:relcl"/>
		<feat xlink:href="#sPointingRel405" value="case"/>
		<feat xlink:href="#sPointingRel407" value="case"/>
		<feat xlink:href="#sPointingRel409" value="aux"/>
		<feat xlink:href="#sPointingRel411" value="case"/>
		<feat xlink:href="#sPointingRel413" value="det"/>
		<feat xlink:href="#sPointingRel415" value="case"/>
		<feat xlink:href="#sPointingRel417" value="det"/>
		<feat xlink:href="#sPointingRel419" value="mark"/>
		<feat xlink:href="#sPointingRel421" value="case"/>
		<feat xlink:href="#sPointingRel423" value="advmod"/>
		<feat xlink:href="#sPointingRel425" value="case"/>
		<feat xlink:href="#sPointingRel427" value="advcl"/>
		<feat xlink:href="#sPointingRel429" value="obl"/>
		<feat xlink:href="#sPointingRel431" value="nsubj"/>
		<feat xlink:href="#sPointingRel433" value="det"/>
		<feat xlink:href="#sPointingRel435" value="mark"/>
		<feat xlink:href="#sPointingRel437" value="det"/>
		<feat xlink:href="#sPointingRel439" value="case"/>
		<feat xlink:href="#sPointingRel441" value="parataxis"/>
		<feat xlink:href="#sPointingRel443" value="obl"/>
		<feat xlink:href="#sPointingRel445" value="obl"/>
		<feat xlink:href="#sPointingRel447" value="cc"/>
		<feat xlink:href="#sPointingRel449" value="case"/>
		<feat xlink:href="#sPointingRel451" value="det"/>
		<feat xlink:href="#sPointingRel453" value="aux"/>
		<feat xlink:href="#sPointingRel455" value="mark"/>
		<feat xlink:href="#sPointingRel457" value="case"/>
		<feat xlink:href="#sPointingRel459" value="nsubj"/>
		<feat xlink:href="#sPointingRel461" value="parataxis"/>
		<feat xlink:href="#sPointingRel463" value="dislocated"/>
		<feat xlink:href="#sPointingRel465" value="parataxis"/>
		<feat xlink:href="#sPointingRel467" value="parataxis"/>
		<feat xlink:href="#sPointingRel469" value="nsubj"/>
		<feat xlink:href="#sPointingRel471" value="nsubj"/>
		<feat xlink:href="#sPointingRel473" value="nmod"/>
		<feat xlink:href="#sPointingRel475" value="det"/>
		<feat xlink:href="#sPointingRel477" value="case"/>
		<feat xlink:href="#sPointingRel479" value="case"/>
		<feat xlink:href="#sPointingRel481" value="nmod"/>
		<feat xlink:href="#sPointingRel483" value="cop"/>
		<feat xlink:href="#sPointingRel485" value="obj"/>
		<feat xlink:href="#sPointingRel487" value="nmod"/>
		<feat xlink:href="#sPointingRel489" value="obl"/>
		<feat xlink:href="#sPointingRel491" value="det"/>
		<feat xlink:href="#sPointingRel493" value="cop"/>
		<feat xlink:href="#sPointingRel495" value="nsubj"/>
		<feat xlink:href="#sPointingRel497" value="parataxis"/>
		<feat xlink:href="#sPointingRel499" value="nsubj"/>
		<feat xlink:href="#sPointingRel501" value="nsubj"/>
		<feat xlink:href="#sPointingRel503" value="det"/>
		<feat xlink:href="#sPointingRel505" value="cc"/>
		<feat xlink:href="#sPointingRel507" value="det"/>
		<feat xlink:href="#sPointingRel509" value="advmod"/>
		<feat xlink:href="#sPointingRel511" value="case"/>
		<feat xlink:href="#sPointingRel513" value="aux"/>
		<feat xlink:href="#sPointingRel515" value="mark"/>
		<feat xlink:href="#sPointingRel517" value="det"/>
		<feat xlink:href="#sPointingRel519" value="nsubj"/>
		<feat xlink:href="#sPointingRel521" value="cop"/>
		<feat xlink:href="#sPointingRel523" value="acl:relcl"/>
		<feat xlink:href="#sPointingRel525" value="det"/>
		<feat xlink:href="#sPointingRel527" value="mark"/>
		<feat xlink:href="#sPointingRel529" value="det"/>
		<feat xlink:href="#sPointingRel531" value="aux"/>
		<feat xlink:href="#sPointingRel533" value="case"/>
		<feat xlink:href="#sPointingRel535" value="det"/>
		<feat xlink:href="#sPointingRel537" value="parataxis"/>
		<feat xlink:href="#sPointingRel539" value="nmod"/>
		<feat xlink:href="#sPointingRel541" value="det"/>
		<feat xlink:href="#sPointingRel543" value="det"/>
		<feat xlink:href="#sPointingRel545" value="case"/>
		<feat xlink:href="#sPointingRel547" value="nsubj"/>
		<feat xlink:href="#sPointingRel549" value="aux"/>
		<feat xlink:href="#sPointingRel551" value="obj"/>
		<feat xlink:href="#sPointingRel553" value="advmod"/>
		<feat xlink:href="#sPointingRel555" value="cop"/>
		<feat xlink:href="#sPointingRel557" value="obj"/>
		<feat xlink:href="#sPointingRel559" value="det"/>
		<feat xlink:href="#sPointingRel561" value="advmod"/>
		<feat xlink:href="#sPointingRel563" value="advcl"/>
		<feat xlink:href="#sPointingRel565" value="mark"/>
		<feat xlink:href="#sPointingRel567" value="det"/>
		<feat xlink:href="#sPointingRel569" value="case"/>
		<feat xlink:href="#sPointingRel571" value="case"/>
		<feat xlink:href="#sPointingRel573" value="acl:relcl"/>
		<feat xlink:href="#sPointingRel575" value="parataxis"/>
		<feat xlink:href="#sPointingRel577" value="det"/>
		<feat xlink:href="#sPointingRel579" value="det"/>
		<feat xlink:href="#sPointingRel581" value="aux"/>
		<feat xlink:href="#sPointingRel583" value="cc"/>
		<feat xlink:href="#sPointingRel585" value="conj"/>
		<feat xlink:href="#sPointingRel587" value="case"/>
		<feat xlink:href="#sPointingRel589" value="aux"/>
		<feat xlink:href="#sPointingRel591" value="case"/>
		<feat xlink:href="#sPointingRel593" value="advcl"/>
		<feat xlink:href="#sPointingRel595" value="acl:relcl"/>
		<feat xlink:href="#sPointingRel597" value="fixed"/>
		<feat xlink:href="#sPointingRel599" value="mark"/>
		<feat xlink:href="#sPointingRel601" value="obl"/>
		<feat xlink:href="#sPointingRel603" value="case"/>
		<feat xlink:href="#sPointingRel605" value="nsubj"/>
		<feat xlink:href="#sPointingRel607" value="case"/>
		<feat xlink:href="#sPointingRel609" value="case"/>
		<feat xlink:href="#sPointingRel611" value="xcomp"/>
		<feat xlink:href="#sPointingRel613" value="obl"/>
		<feat xlink:href="#sPointingRel615" value="obl"/>
		<feat xlink:href="#sPointingRel617" value="nsubj"/>
		<feat xlink:href="#sPointingRel619" value="nsubj"/>
		<feat xlink:href="#sPointingRel621" value="ccomp"/>
		<feat xlink:href="#sPointingRel623" value="nsubj"/>
		<feat xlink:href="#sPointingRel625" value="nsubj"/>
		<feat xlink:href="#sPointingRel627" value="nmod"/>
		<feat xlink:href="#sPointingRel629" value="mark"/>
		<feat xlink:href="#sPointingRel631" value="obl"/>
		<feat xlink:href="#sPointingRel633" value="det"/>
		<feat xlink:href="#sPointingRel635" value="cop"/>
		<feat xlink:href="#sPointingRel637" value="case"/>
		<feat xlink:href="#sPointingRel639" value="obl"/>
		<feat xlink:href="#sPointingRel641" value="advmod"/>
		<feat xlink:href="#sPointingRel643" value="case"/>
		<feat xlink:href="#sPointingRel645" value="det"/>
		<feat xlink:href="#sPointingRel647" value="nmod"/>
		<feat xlink:href="#sPointingRel649" value="case"/>
		<feat xlink:href="#sPointingRel651" value="nmod"/>
		<feat xlink:href="#sPointingRel653" value="nmod"/>
		<feat xlink:href="#sPointingRel655" value="det"/>
		<feat xlink:href="#sPointingRel657" value="case"/>
		<feat xlink:href="#sPointingRel659" value="aux"/>
		<feat xlink:href="#sPointingRel661" value="nsubj"/>
		<feat xlink:href="#sPointingRel663" value="acl:relcl"/>
		<feat xlink:href="#sPointingRel665" value="advcl"/>
		<feat xlink:href="#sPointingRel667" value="aux"/>
		<feat xlink:href="#sPointingRel669" value="nsubj"/>
		<feat xlink:href="#sPointingRel671" value="mark"/>
		<feat xlink:href="#sPointingRel673" value="det"/>
		<feat xlink:href="#sPointingRel675" value="nsubj"/>
		<feat xlink:href="#sPointingRel677" value="mark"/>
		<feat xlink:href="#sPointingRel679" value="nmod"/>
		<feat xlink:href="#sPointingRel681" value="parataxis"/>
		<feat xlink:href="#sPointingRel683" value="aux"/>
		<feat xlink:href="#sPointingRel685" value="nsubj"/>
		<feat xlink:href="#sPointingRel687" value="obl"/>
		<feat xlink:href="#sPointingRel689" value="aux"/>
		<feat xlink:href="#sPointingRel691" value="discourse"/>
		<feat xlink:href="#sPointingRel693" value="xcomp"/>
		<feat xlink:href="#sPointingRel695" value="case"/>
		<feat xlink:href="#sPointingRel697" value="obl"/>
		<feat xlink:href="#sPointingRel699" value="nsubj"/>
		<feat xlink:href="#sPointingRel701" value="parataxis"/>
		<feat xlink:href="#sPointingRel703" value="advcl"/>
		<feat xlink:href="#sPointingRel705" value="mark"/>
		<feat xlink:href="#sPointingRel707" value="acl:relcl"/>
		<feat xlink:href="#sPointingRel709" value="advmod"/>
		<feat xlink:href="#sPointingRel711" value="case"/>
		<feat xlink:href="#sPointingRel713" value="aux"/>
		<feat xlink:href="#sPointingRel715" value="obl"/>
		<feat xlink:href="#sPointingRel717" value="nmod"/>
		<feat xlink:href="#sPointingRel719" value="nmod"/>
		<feat xlink:href="#sPointingRel721" value="det"/>
		<feat xlink:href="#sPointingRel723" value="ccomp"/>
		<feat xlink:href="#sPointingRel725" value="aux"/>
		<feat xlink:href="#sPointingRel727" value="nsubj"/>
		<feat xlink:href="#sPointingRel729" value="nmod"/>
		<feat xlink:href="#sPointingRel731" value="case"/>
		<feat xlink:href="#sPointingRel733" value="case"/>
		<feat xlink:href="#sPointingRel735" value="det"/>
		<feat xlink:href="#sPointingRel737" value="det"/>
		<feat xlink:href="#sPointingRel739" value="nsubj"/>
		<feat xlink:href="#sPointingRel741" value="det"/>
		<feat xlink:href="#sPointingRel743" value="nsubj"/>
		<feat xlink:href="#sPointingRel745" value="obl"/>
		<feat xlink:href="#sPointingRel747" value="mark"/>
		<feat xlink:href="#sPointingRel749" value="case"/>
		<feat xlink:href="#sPointingRel751" value="case"/>
		<feat xlink:href="#sPointingRel753" value="obl"/>
		<feat xlink:href="#sPointingRel755" value="nmod"/>
		<feat xlink:href="#sPointingRel757" value="cc"/>
		<feat xlink:href="#sPointingRel759" value="nsubj"/>
		<feat xlink:href="#sPointingRel761" value="mark"/>
		<feat xlink:href="#sPointingRel763" value="mark"/>
		<feat xlink:href="#sPointingRel765" value="case"/>
		<feat xlink:href="#sPointingRel767" value="advmod"/>
		<feat xlink:href="#sPointingRel769" value="acl:relcl"/>
		<feat xlink:href="#sPointingRel771" value="dislocated"/>
		<feat xlink:href="#sPointingRel773" value="det"/>
		<feat xlink:href="#sPointingRel775" value="nsubj"/>
		<feat xlink:href="#sPointingRel777" value="obl"/>
		<feat xlink:href="#sPointingRel779" value="aux"/>
		<feat xlink:href="#sPointingRel781" value="det"/>
		<feat xlink:href="#sPointingRel783" value="mark"/>
		<feat xlink:href="#sPointingRel785" value="advmod"/>
		<feat xlink:href="#sPointingRel787" value="advmod"/>
		<feat xlink:href="#sPointingRel789" value="nsubj"/>
		<feat xlink:href="#sPointingRel791" value="acl:relcl"/>
		<feat xlink:href="#sPointingRel793" value="advcl"/>
		<feat xlink:href="#sPointingRel795" value="parataxis"/>
		<feat xlink:href="#sPointingRel797" value="parataxis"/>
		<feat xlink:href="#sPointingRel799" value="cc"/>
		<feat xlink:href="#sPointingRel801" value="det"/>
		<feat xlink:href="#sPointingRel803" value="nsubj"/>
		<feat xlink:href="#sPointingRel805" value="dislocated"/>
		<feat xlink:href="#sPointingRel807" value="dislocated"/>
		<feat xlink:href="#sPointingRel809" value="case"/>
		<feat xlink:href="#sPointingRel811" value="det"/>
		<feat xlink:href="#sPointingRel813" value="parataxis"/>
		<feat xlink:href="#sPointingRel815" value="parataxis"/>
		<feat xlink:href="#sPointingRel817" value="mark"/>
		<feat xlink:href="#sPointingRel819" value="case"/>
		<feat xlink:href="#sPointingRel821" value="det"/>
		<feat xlink:href="#sPointingRel823" value="det"/>
		<feat xlink:href="#sPointingRel825" value="nsubj"/>
		<feat xlink:href="#sPointingRel827" value="nsubj"/>
		<feat xlink:href="#sPointingRel829" value="obj"/>
		<feat xlink:href="#sPointingRel831" value="acl:relcl"/>
		<feat xlink:href="#sPointingRel833" value="case"/>
		<feat xlink:href="#sPointingRel835" value="nsubj"/>
		<feat xlink:href="#sPointingRel837" value="obl"/>
		<feat xlink:href="#sPointingRel839" value="det"/>
		<feat xlink:href="#sPointingRel841" value="parataxis"/>
		<feat xlink:href="#sPointingRel843" value="mark"/>
		<feat xlink:href="#sPointingRel845" value="nsubj"/>
		<feat xlink:href="#sPointingRel847" value="nsubj"/>
		<feat xlink:href="#sPointingRel849" value="nsubj"/>
		<feat xlink:href="#sPointingRel851" value="nsubj"/>
		<feat xlink:href="#sPointingRel853" value="nsubj"/>
		<feat xlink:href="#sPointingRel855" value="case"/>
		<feat xlink:href="#sPointingRel857" value="mark"/>
		<feat xlink:href="#sPointingRel859" value="mark"/>
		<feat xlink:href="#sPointingRel861" value="obl"/>
		<feat xlink:href="#sPointingRel863" value="case"/>
		<feat xlink:href="#sPointingRel865" value="nsubj"/>
		<feat xlink:href="#sPointingRel867" value="case"/>
		<feat xlink:href="#sPointingRel869" value="nsubj"/>
		<feat xlink:href="#sPointingRel871" value="obl"/>
		<feat xlink:href="#sPointingRel873" value="mark"/>
		<feat xlink:href="#sPointingRel875" value="nsubj"/>
		<feat xlink:href="#sPointingRel877" value="det"/>
		<feat xlink:href="#sPointingRel879" value="det"/>
		<feat xlink:href="#sPointingRel881" value="aux"/>
		<feat xlink:href="#sPointingRel883" value="cc"/>
		<feat xlink:href="#sPointingRel885" value="det"/>
		<feat xlink:href="#sPointingRel887" value="advcl"/>
		<feat xlink:href="#sPointingRel889" value="case"/>
		<feat xlink:href="#sPointingRel891" value="nmod"/>
		<feat xlink:href="#sPointingRel893" value="acl:relcl"/>
		<feat xlink:href="#sPointingRel895" value="obl"/>
		<feat xlink:href="#sPointingRel897" value="mark"/>
		<feat xlink:href="#sPointingRel899" value="cc"/>
		<feat xlink:href="#sPointingRel901" value="aux"/>
		<feat xlink:href="#sPointingRel903" value="case"/>
		<feat xlink:href="#sPointingRel905" value="advmod"/>
		<feat xlink:href="#sPointingRel907" value="det"/>
		<feat xlink:href="#sPointingRel909" value="case"/>
		<feat xlink:href="#sPointingRel911" value="aux"/>
		<feat xlink:href="#sPointingRel913" value="obj"/>
		<feat xlink:href="#sPointingRel915" value="nsubj"/>
		<feat xlink:href="#sPointingRel917" value="det"/>
		<feat xlink:href="#sPointingRel919" value="obj"/>
		<feat xlink:href="#sPointingRel921" value="nsubj"/>
		<feat xlink:href="#sPointingRel923" value="det"/>
		<feat xlink:href="#sPointingRel925" value="nsubj"/>
		<feat xlink:href="#sPointingRel927" value="nsubj"/>
		<feat xlink:href="#sPointingRel929" value="det"/>
		<feat xlink:href="#sPointingRel931" value="case"/>
		<feat xlink:href="#sPointingRel933" value="nsubj"/>
		<feat xlink:href="#sPointingRel935" value="nsubj"/>
		<feat xlink:href="#sPointingRel937" value="nsubj"/>
		<feat xlink:href="#sPointingRel939" value="mark"/>
		<feat xlink:href="#sPointingRel941" value="obl"/>
		<feat xlink:href="#sPointingRel943" value="case"/>
		<feat xlink:href="#sPointingRel945" value="nmod"/>
		<feat xlink:href="#sPointingRel947" value="det"/>
		<feat xlink:href="#sPointingRel949" value="det"/>
		<feat xlink:href="#sPointingRel951" value="aux"/>
		<feat xlink:href="#sPointingRel953" value="det"/>
		<feat xlink:href="#sPointingRel955" value="nsubj"/>
		<feat xlink:href="#sPointingRel957" value="det"/>
		<feat xlink:href="#sPointingRel959" value="aux"/>
		<feat xlink:href="#sPointingRel961" value="aux"/>
		<feat xlink:href="#sPointingRel963" value="mark"/>
		<feat xlink:href="#sPointingRel965" value="parataxis"/>
		<feat xlink:href="#sPointingRel967" value="fixed"/>
		<feat xlink:href="#sPointingRel969" value="parataxis"/>
		<feat xlink:href="#sPointingRel971" value="dislocated"/>
		<feat xlink:href="#sPointingRel973" value="nsubj"/>
		<feat xlink:href="#sPointingRel975" value="det"/>
		<feat xlink:href="#sPointingRel977" value="nsubj"/>
		<feat xlink:href="#sPointingRel979" value="case"/>
		<feat xlink:href="#sPointingRel981" value="mark"/>
		<feat xlink:href="#sPointingRel983" value="acl:relcl"/>
		<feat xlink:href="#sPointingRel985" value="nmod"/>
		<feat xlink:href="#sPointingRel987" value="advcl"/>
		<feat xlink:href="#sPointingRel989" value="det"/>
		<feat xlink:href="#sPointingRel991" value="det"/>
		<feat xlink:href="#sPointingRel993" value="acl:relcl"/>
		<feat xlink:href="#sPointingRel995" value="acl:relcl"/>
		<feat xlink:href="#sPointingRel997" value="mark"/>
		<feat xlink:href="#sPointingRel999" value="fixed"/>
		<feat xlink:href="#sPointingRel1001" value="parataxis"/>
		<feat xlink:href="#sPointingRel1003" value="conj"/>
		<feat xlink:href="#sPointingRel1005" value="parataxis"/>
		<feat xlink:href="#sPointingRel1007" value="parataxis"/>
		<feat xlink:href="#sPointingRel1009" value="cop"/>
		<feat xlink:href="#sPointingRel1011" value="nsubj"/>
		<feat xlink:href="#sPointingRel1013" value="parataxis"/>
		<feat xlink:href="#sPointingRel1015" value="case"/>
		<feat xlink:href="#sPointingRel1017" value="nsubj"/>
		<feat xlink:href="#sPointingRel1019" value="case"/>
		<feat xlink:href="#sPointingRel1021" value="obj"/>
		<feat xlink:href="#sPointingRel1023" value="aux"/>
		<feat xlink:href="#sPointingRel1025" value="det"/>
		<feat xlink:href="#sPointingRel1027" value="nmod"/>
		<feat xlink:href="#sPointingRel1029" value="det"/>
		<feat xlink:href="#sPointingRel1031" value="mark"/>
		<feat xlink:href="#sPointingRel1033" value="aux"/>
		<feat xlink:href="#sPointingRel1035" value="det"/>
		<feat xlink:href="#sPointingRel1037" value="advcl"/>
		<feat xlink:href="#sPointingRel1039" value="conj"/>
		<feat xlink:href="#sPointingRel1041" value="aux"/>
		<feat xlink:href="#sPointingRel1043" value="aux"/>
		<feat xlink:href="#sPointingRel1045" value="nmod"/>
		<feat xlink:href="#sPointingRel1047" value="nsubj"/>
		<feat xlink:href="#sPointingRel1049" value="case"/>
		<feat xlink:href="#sPointingRel1051" value="mark"/>
		<feat xlink:href="#sPointingRel1053" value="nsubj"/>
		<feat xlink:href="#sPointingRel1055" value="det"/>
		<feat xlink:href="#sPointingRel1057" value="advcl"/>
		<feat xlink:href="#sPointingRel1059" value="det"/>
		<feat xlink:href="#sPointingRel1061" value="det"/>
		<feat xlink:href="#sPointingRel1063" value="case"/>
		<feat xlink:href="#sPointingRel1065" value="det"/>
		<feat xlink:href="#sPointingRel1067" value="obl"/>
		<feat xlink:href="#sPointingRel1069" value="det"/>
		<feat xlink:href="#sPointingRel1071" value="parataxis"/>
		<feat xlink:href="#sPointingRel1073" value="det"/>
		<feat xlink:href="#sPointingRel1075" value="nsubj"/>
		<feat xlink:href="#sPointingRel1077" value="parataxis"/>
		<feat xlink:href="#sPointingRel1079" value="det"/>
		<feat xlink:href="#sPointingRel1081" value="mark"/>
		<feat xlink:href="#sPointingRel1083" value="advmod"/>
		<feat xlink:href="#sPointingRel1085" value="obl"/>
		<feat xlink:href="#sPointingRel1087" value="nsubj"/>
		<feat xlink:href="#sPointingRel1089" value="nsubj"/>
		<feat xlink:href="#sPointingRel1091" value="obl"/>
		<feat xlink:href="#sPointingRel1093" value="fixed"/>
		<feat xlink:href="#sPointingRel1095" value="case"/>
		<feat xlink:href="#sPointingRel1097" value="obl"/>
		<feat xlink:href="#sPointingRel1099" value="obl"/>
		<feat xlink:href="#sPointingRel1101" value="obl"/>
		<feat xlink:href="#sPointingRel1103" value="dislocated"/>
		<feat xlink:href="#sPointingRel1105" value="det"/>
		<feat xlink:href="#sPointingRel1107" value="aux"/>
		<feat xlink:href="#sPointingRel1109" value="nmod"/>
		<feat xlink:href="#sPointingRel1111" value="appos"/>
		<feat xlink:href="#sPointingRel1113" value="case"/>
		<feat xlink:href="#sPointingRel1115" value="case"/>
		<feat xlink:href="#sPointingRel1117" value="appos"/>
		<feat xlink:href="#sPointingRel1119" value="det"/>
		<feat xlink:href="#sPointingRel1121" value="obl"/>
		<feat xlink:href="#sPointingRel1123" value="case"/>
		<feat xlink:href="#sPointingRel1125" value="aux"/>
		<feat xlink:href="#sPointingRel1127" value="det"/>
		<feat xlink:href="#sPointingRel1129" value="aux"/>
		<feat xlink:href="#sPointingRel1131" value="obl"/>
		<feat xlink:href="#sPointingRel1133" value="aux"/>
		<feat xlink:href="#sPointingRel1135" value="obl"/>
		<feat xlink:href="#sPointingRel1137" value="obj"/>
		<feat xlink:href="#sPointingRel1139" value="obj"/>
		<feat xlink:href="#sPointingRel1141" value="advcl"/>
		<feat xlink:href="#sPointingRel1143" value="conj"/>
		<feat xlink:href="#sPointingRel1145" value="nsubj"/>
		<feat xlink:href="#sPointingRel1147" value="det"/>
		<feat xlink:href="#sPointingRel1149" value="case"/>
		<feat xlink:href="#sPointingRel1151" value="advmod"/>
		<feat xlink:href="#sPointingRel1153" value="case"/>
		<feat xlink:href="#sPointingRel1155" value="nsubj"/>
		<feat xlink:href="#sPointingRel1157" value="mark"/>
		<feat xlink:href="#sPointingRel1159" value="mark"/>
		<feat xlink:href="#sPointingRel1161" value="obl"/>
		<feat xlink:href="#sPointingRel1163" value="nsubj"/>
		<feat xlink:href="#sPointingRel1165" value="obl"/>
		<feat xlink:href="#sPointingRel1167" value="fixed"/>
		<feat xlink:href="#sPointingRel1169" value="advcl"/>
		<feat xlink:href="#sPointingRel1171" value="parataxis"/>
		<feat xlink:href="#sPointingRel1173" value="acl:relcl"/>
		<feat xlink:href="#sPointingRel1175" value="xcomp"/>
		<feat xlink:href="#sPointingRel1177" value="case"/>
		<feat xlink:href="#sPointingRel1179" value="case"/>
		<feat xlink:href="#sPointingRel1181" value="cop"/>
		<feat xlink:href="#sPointingRel1183" value="aux"/>
		<feat xlink:href="#sPointingRel1185" value="nsubj"/>
		<feat xlink:href="#sPointingRel1187" value="case"/>
		<feat xlink:href="#sPointingRel1189" value="obj"/>
		<feat xlink:href="#sPointingRel1191" value="aux"/>
		<feat xlink:href="#sPointingRel1193" value="cop"/>
		<feat xlink:href="#sPointingRel1195" value="cop"/></featList></paula>