<?xml version='1.0' encoding='UTF-8'?><!DOCTYPE paula SYSTEM "paula_feat.dtd">
<paula version="1.1">
	<header paula_id="scriptorium.cross.michbr295-297.mark_lb_n"/>
	<featList xmlns:xlink="http://www.w3.org/1999/xlink" type="lb_n" xml:base="scriptorium.cross.michbr295-297.mark.xml">
		<feat xlink:href="#sSpan7" value="1"/>
		<feat xlink:href="#sSpan33" value="2"/>
		<feat xlink:href="#sSpan50" value="3"/>
		<feat xlink:href="#sSpan67" value="4"/>
		<feat xlink:href="#sSpan82" value="5"/>
		<feat xlink:href="#sSpan104" value="6"/>
		<feat xlink:href="#sSpan119" value="7"/>
		<feat xlink:href="#sSpan135" value="8"/>
		<feat xlink:href="#sSpan154" value="9"/>
		<feat xlink:href="#sSpan169" value="10"/>
		<feat xlink:href="#sSpan188" value="11"/>
		<feat xlink:href="#sSpan199" value="12"/>
		<feat xlink:href="#sSpan211" value="13"/>
		<feat xlink:href="#sSpan233" value="14"/>
		<feat xlink:href="#sSpan251" value="15"/>
		<feat xlink:href="#sSpan273" value="16"/>
		<feat xlink:href="#sSpan288" value="17"/>
		<feat xlink:href="#sSpan300" value="18"/>
		<feat xlink:href="#sSpan319" value="19"/>
		<feat xlink:href="#sSpan330" value="20"/>
		<feat xlink:href="#sSpan346" value="21"/>
		<feat xlink:href="#sSpan365" value="22"/>
		<feat xlink:href="#sSpan387" value="23"/>
		<feat xlink:href="#sSpan406" value="24"/>
		<feat xlink:href="#sSpan425" value="25"/>
		<feat xlink:href="#sSpan440" value="26"/>
		<feat xlink:href="#sSpan458" value="27"/>
		<feat xlink:href="#sSpan468" value="28"/>
		<feat xlink:href="#sSpan487" value="29"/>
		<feat xlink:href="#sSpan508" value="30"/>
		<feat xlink:href="#sSpan524" value="31"/>
		<feat xlink:href="#sSpan534" value="32"/>
		<feat xlink:href="#sSpan546" value="33"/>
		<feat xlink:href="#sSpan562" value="34"/>
		<feat xlink:href="#sSpan585" value="1"/>
		<feat xlink:href="#sSpan602" value="2"/>
		<feat xlink:href="#sSpan621" value="3"/>
		<feat xlink:href="#sSpan633" value="4"/>
		<feat xlink:href="#sSpan655" value="5"/>
		<feat xlink:href="#sSpan666" value="6"/>
		<feat xlink:href="#sSpan679" value="7"/>
		<feat xlink:href="#sSpan692" value="8"/>
		<feat xlink:href="#sSpan708" value="9"/>
		<feat xlink:href="#sSpan721" value="10"/>
		<feat xlink:href="#sSpan739" value="11"/>
		<feat xlink:href="#sSpan756" value="12"/>
		<feat xlink:href="#sSpan780" value="13"/>
		<feat xlink:href="#sSpan792" value="14"/>
		<feat xlink:href="#sSpan807" value="15"/>
		<feat xlink:href="#sSpan820" value="16"/>
		<feat xlink:href="#sSpan835" value="17"/>
		<feat xlink:href="#sSpan848" value="18"/>
		<feat xlink:href="#sSpan869" value="19"/>
		<feat xlink:href="#sSpan892" value="20"/>
		<feat xlink:href="#sSpan907" value="21"/>
		<feat xlink:href="#sSpan920" value="22"/>
		<feat xlink:href="#sSpan938" value="23"/>
		<feat xlink:href="#sSpan953" value="24"/>
		<feat xlink:href="#sSpan970" value="25"/>
		<feat xlink:href="#sSpan984" value="26"/>
		<feat xlink:href="#sSpan993" value="27"/>
		<feat xlink:href="#sSpan1006" value="28"/>
		<feat xlink:href="#sSpan1021" value="29"/>
		<feat xlink:href="#sSpan1031" value="30"/>
		<feat xlink:href="#sSpan1050" value="31"/>
		<feat xlink:href="#sSpan1069" value="32"/>
		<feat xlink:href="#sSpan1084" value="33"/>
		<feat xlink:href="#sSpan1098" value="1"/>
		<feat xlink:href="#sSpan1114" value="2"/>
		<feat xlink:href="#sSpan1143" value="3"/>
		<feat xlink:href="#sSpan1155" value="4"/>
		<feat xlink:href="#sSpan1169" value="5"/>
		<feat xlink:href="#sSpan1190" value="6"/>
		<feat xlink:href="#sSpan1205" value="7"/>
		<feat xlink:href="#sSpan1220" value="8"/>
		<feat xlink:href="#sSpan1234" value="9"/>
		<feat xlink:href="#sSpan1253" value="10"/>
		<feat xlink:href="#sSpan1270" value="11"/>
		<feat xlink:href="#sSpan1290" value="12"/>
		<feat xlink:href="#sSpan1305" value="13"/>
		<feat xlink:href="#sSpan1326" value="14"/>
		<feat xlink:href="#sSpan1335" value="15"/>
		<feat xlink:href="#sSpan1357" value="16"/>
		<feat xlink:href="#sSpan1376" value="17"/>
		<feat xlink:href="#sSpan1397" value="18"/>
		<feat xlink:href="#sSpan1414" value="19"/>
		<feat xlink:href="#sSpan1432" value="20"/>
		<feat xlink:href="#sSpan1446" value="21"/>
		<feat xlink:href="#sSpan1463" value="22"/>
		<feat xlink:href="#sSpan1481" value="23"/>
		<feat xlink:href="#sSpan1500" value="24"/>
		<feat xlink:href="#sSpan1521" value="25"/>
		<feat xlink:href="#sSpan1538" value="26"/>
		<feat xlink:href="#sSpan1553" value="27"/>
		<feat xlink:href="#sSpan1572" value="28"/>
		<feat xlink:href="#sSpan1591" value="29"/>
		<feat xlink:href="#sSpan1611" value="30"/>
		<feat xlink:href="#sSpan1628" value="31"/>
		<feat xlink:href="#sSpan1641" value="32"/>
		<feat xlink:href="#sSpan1660" value="33"/>
		<feat xlink:href="#sSpan1686" value="34"/>
		<feat xlink:href="#sSpan1698" value="35"/>
		<feat xlink:href="#sSpan1710" value="36"/>
		<feat xlink:href="#sSpan1731" value="1"/>
		<feat xlink:href="#sSpan1743" value="2"/>
		<feat xlink:href="#sSpan1764" value="3"/>
		<feat xlink:href="#sSpan1784" value="4"/>
		<feat xlink:href="#sSpan1800" value="5"/>
		<feat xlink:href="#sSpan1812" value="6"/>
		<feat xlink:href="#sSpan1829" value="7"/>
		<feat xlink:href="#sSpan1843" value="8"/>
		<feat xlink:href="#sSpan1857" value="9"/>
		<feat xlink:href="#sSpan1874" value="10"/>
		<feat xlink:href="#sSpan1899" value="11"/>
		<feat xlink:href="#sSpan1909" value="12"/>
		<feat xlink:href="#sSpan1931" value="13"/>
		<feat xlink:href="#sSpan1946" value="14"/>
		<feat xlink:href="#sSpan1959" value="15"/>
		<feat xlink:href="#sSpan1974" value="16"/>
		<feat xlink:href="#sSpan1990" value="17"/>
		<feat xlink:href="#sSpan2008" value="18"/>
		<feat xlink:href="#sSpan2021" value="19"/>
		<feat xlink:href="#sSpan2036" value="20"/>
		<feat xlink:href="#sSpan2051" value="21"/>
		<feat xlink:href="#sSpan2067" value="22"/>
		<feat xlink:href="#sSpan2086" value="23"/>
		<feat xlink:href="#sSpan2098" value="24"/>
		<feat xlink:href="#sSpan2113" value="25"/>
		<feat xlink:href="#sSpan2123" value="26"/>
		<feat xlink:href="#sSpan2137" value="27"/>
		<feat xlink:href="#sSpan2152" value="28"/>
		<feat xlink:href="#sSpan2163" value="29"/>
		<feat xlink:href="#sSpan2188" value="30"/>
		<feat xlink:href="#sSpan2200" value="31"/>
		<feat xlink:href="#sSpan2220" value="32"/>
		<feat xlink:href="#sSpan2233" value="33"/>
		<feat xlink:href="#sSpan2254" value="34"/>
		<feat xlink:href="#sSpan2270" value="35"/>
		<feat xlink:href="#sSpan2291" value="36"/>
		<feat xlink:href="#sSpan2312" value="1"/>
		<feat xlink:href="#sSpan2329" value="2"/>
		<feat xlink:href="#sSpan2347" value="3"/>
		<feat xlink:href="#sSpan2361" value="4"/>
		<feat xlink:href="#sSpan2390" value="5"/>
		<feat xlink:href="#sSpan2405" value="6"/>
		<feat xlink:href="#sSpan2425" value="7"/>
		<feat xlink:href="#sSpan2438" value="8"/>
		<feat xlink:href="#sSpan2452" value="9"/>
		<feat xlink:href="#sSpan2467" value="10"/>
		<feat xlink:href="#sSpan2482" value="11"/></featList></paula>