<?xml version='1.0' encoding='UTF-8'?><!DOCTYPE paula SYSTEM "paula_feat.dtd">
<paula version="1.1">
	<header paula_id="scriptorium.cross.michbr295-297.mark_morph"/>
	<featList xmlns:xlink="http://www.w3.org/1999/xlink" type="morph" xml:base="scriptorium.cross.michbr295-297.mark.xml">
		<feat xlink:href="#sSpan185" value="ⲣ"/>
		<feat xlink:href="#sSpan189" value="ⲙⲉⲓⲟⲟⲩⲉ"/>
		<feat xlink:href="#sSpan237" value="ⲣⲙ"/>
		<feat xlink:href="#sSpan240" value="ⲛ"/>
		<feat xlink:href="#sSpan241" value="ϭⲟⲓⲗⲉ"/>
		<feat xlink:href="#sSpan495" value="ⲛⲁ"/>
		<feat xlink:href="#sSpan498" value="ϩⲏⲧ"/>
		<feat xlink:href="#sSpan729" value="ⲣ"/>
		<feat xlink:href="#sSpan734" value="ⲣⲣⲟ"/>
		<feat xlink:href="#sSpan997" value="ⲣⲉϥ"/>
		<feat xlink:href="#sSpan1000" value="ⲧⲁϣⲉ"/>
		<feat xlink:href="#sSpan1001" value="ⲟⲉⲓϣ"/>
		<feat xlink:href="#sSpan1017" value="ϣⲙ"/>
		<feat xlink:href="#sSpan1022" value="ⲛⲟⲩⲃⲉ"/>
		<feat xlink:href="#sSpan2257" value="ϯ"/>
		<feat xlink:href="#sSpan2260" value="ⲉⲟⲟⲩ"/>
		<feat xlink:href="#sSpan2308" value="ϯ"/>
		<feat xlink:href="#sSpan2315" value="ⲉⲟⲟⲩ"/></featList></paula>