<?xml version='1.0' encoding='UTF-8'?><!DOCTYPE paula SYSTEM "paula_feat.dtd">
<paula version="1.1">
	<header paula_id="scriptorium.cross.michbr295-297.mark_orig_group"/>
	<featList xmlns:xlink="http://www.w3.org/1999/xlink" type="orig_group" xml:base="scriptorium.cross.michbr295-297.mark.xml">
		<feat xlink:href="#sSpan5" value="ⲡⲉⲥ̄ⳁⲟ︤ⲥ︥"/>
		<feat xlink:href="#sSpan20" value="ⲡⲉ"/>
		<feat xlink:href="#sSpan24" value="ⲧⲗⲩⲭⲛⲓⲁ"/>
		<feat xlink:href="#sSpan32" value="ⲛ̄ⲛⲟⲩⲃ"/>
		<feat xlink:href="#sSpan40" value="."/>
		<feat xlink:href="#sSpan44" value="ⲉ̄ⲣⲉⲡϩⲏⲃⲥ̄"/>
		<feat xlink:href="#sSpan54" value="ⲉ̄ⲧⲟⲩⲁⲁⲃ"/>
		<feat xlink:href="#sSpan60" value="ϩⲓϫⲱⲥ"/>
		<feat xlink:href="#sSpan66" value="ⲉⲥⲗⲁⲙⲡⲉⲩⲉ̄"/>
		<feat xlink:href="#sSpan76" value="."/>
		<feat xlink:href="#sSpan81" value="ⲡⲉⲥ̄ⳁⲟ︤ⲥ︥"/>
		<feat xlink:href="#sSpan92" value="ⲡⲉ"/>
		<feat xlink:href="#sSpan96" value="ⲡⲉⲓⲱⲧ"/>
		<feat xlink:href="#sSpan103" value="ⲛ̄ⲛⲟⲣⲫⲁⲛⲟⲥ"/>
		<feat xlink:href="#sSpan114" value="ⲉϥⲣⲟⲉⲓⲥ"/>
		<feat xlink:href="#sSpan123" value="ⲉ̄ⲣⲟⲟⲩ"/>
		<feat xlink:href="#sSpan129" value="."/>
		<feat xlink:href="#sSpan134" value="ⲡⲉⲥ̄ⳁⲟ︤ⲥ︥"/>
		<feat xlink:href="#sSpan145" value="ⲡⲉ"/>
		<feat xlink:href="#sSpan149" value="ⲡⲉⲕⲣⲓⲧⲏⲥ"/>
		<feat xlink:href="#sSpan158" value="ⲛ̄ⲛⲉⲭⲏⲣⲁ"/>
		<feat xlink:href="#sSpan168" value="ⲉϥⲃⲱⲧⲉ"/>
		<feat xlink:href="#sSpan177" value="ⲉ̄ⲃⲟⲗ"/>
		<feat xlink:href="#sSpan181" value="ⲛ̄ⲛⲉⲣ̄ⲙⲉⲓⲟ̄ⲟⲩⲉ̄"/>
		<feat xlink:href="#sSpan193" value="ⲉⲧϩ︤ⲛ︥ⲛⲉⲩⲃⲁⲗ"/>
		<feat xlink:href="#sSpan205" value="."/>
		<feat xlink:href="#sSpan210" value="ⲡⲉⲥ̄ⳁⲟ︤ⲥ︥"/>
		<feat xlink:href="#sSpan221" value="ⲡⲉ"/>
		<feat xlink:href="#sSpan225" value="ⲡⲥⲟⲗⲥⲗ"/>
		<feat xlink:href="#sSpan232" value="ⲛⲛ̄ⲣ︤ⲙ︥ⲛ̄ϭⲟⲓ̈ⲗⲉ"/>
		<feat xlink:href="#sSpan245" value="."/>
		<feat xlink:href="#sSpan250" value="ⲡⲉⲥ̄ⳁⲟ︤ⲥ︥"/>
		<feat xlink:href="#sSpan261" value="ⲡⲉ"/>
		<feat xlink:href="#sSpan265" value="ⲡⲉϣⲃⲏⲣ"/>
		<feat xlink:href="#sSpan272" value="ⲛ̄ⲛⲉⲧϣⲟⲟⲡ"/>
		<feat xlink:href="#sSpan284" value="ϩ︤ⲙ︥ⲡϫⲁⲓ̈ⲉ"/>
		<feat xlink:href="#sSpan294" value="."/>
		<feat xlink:href="#sSpan299" value="ⲡⲉⲥ̄ⳁⲟ︤ⲥ︥"/>
		<feat xlink:href="#sSpan310" value="ⲡⲉ"/>
		<feat xlink:href="#sSpan314" value="ⲧⲕⲟⲥⲙⲏⲥⲓⲥ"/>
		<feat xlink:href="#sSpan323" value="ⲛ̄ⲛⲉⲑⲏⲥⲓⲁⲥⲧⲏⲣⲓⲟⲛ"/>
		<feat xlink:href="#sSpan334" value="ⲉ̄ⲧⲟⲩⲁⲁⲃ"/>
		<feat xlink:href="#sSpan340" value="."/>
		<feat xlink:href="#sSpan345" value="ⲡⲉⲥ̄ⳁⲟ︤ⲥ︥"/>
		<feat xlink:href="#sSpan353" value="ⲡⲉ"/>
		<feat xlink:href="#sSpan357" value="ⲡⲉϩⲗⲟϭ"/>
		<feat xlink:href="#sSpan364" value="ⲛ̄ⲛⲉⲛⲧⲁⲩⲥⲓϣⲉ"/>
		<feat xlink:href="#sSpan381" value="."/>
		<feat xlink:href="#sSpan386" value="ⲡⲉⲥ̄ⳁⲟ︤ⲥ︥"/>
		<feat xlink:href="#sSpan397" value="ⲡⲉ"/>
		<feat xlink:href="#sSpan401" value="ⲧⲃⲟⲏ̄ⲑⲓ"/>
		<feat xlink:href="#sSpan410" value="ⲉⲡⲣⲱⲙⲉ"/>
		<feat xlink:href="#sSpan419" value="ⲙⲡⲛⲁⲩ"/>
		<feat xlink:href="#sSpan429" value="ⲛ̄ⲧⲉϥⲁⲛⲁⲅⲕⲏ"/>
		<feat xlink:href="#sSpan439" value="ⲉϥⲛⲏⲩ"/>
		<feat xlink:href="#sSpan449" value="ⲉ̄ⲃⲟⲗ"/>
		<feat xlink:href="#sSpan453" value="ϩ︤ⲛ︥ⲥⲱⲙⲁ"/>
		<feat xlink:href="#sSpan462" value="."/>
		<feat xlink:href="#sSpan467" value="ⲡⲉⲥ̄ⳁⲟ︤ⲥ︥"/>
		<feat xlink:href="#sSpan478" value="ⲡⲉ"/>
		<feat xlink:href="#sSpan482" value="ⲡⲇⲓⲟⲓⲕⲏⲧⲏⲥ"/>
		<feat xlink:href="#sSpan491" value="ⲛ︤ⲛ︥ⲛⲁⲏⲧ"/>
		<feat xlink:href="#sSpan502" value="."/>
		<feat xlink:href="#sSpan507" value="ⲡⲉⲥ̄ⳁⲟ︤ⲥ︥"/>
		<feat xlink:href="#sSpan515" value="ⲡⲉ"/>
		<feat xlink:href="#sSpan519" value="ⲡⲟⲓⲕⲟⲛⲟⲙⲟⲥ"/>
		<feat xlink:href="#sSpan528" value="ⲛ̄ⲛⲉⲛⲧⲁⲩⲛⲉϫⲡⲉⲩⲣⲟⲟⲩϣ"/>
		<feat xlink:href="#sSpan550" value="ⲉ̄ⲣⲟϥ"/>
		<feat xlink:href="#sSpan556" value="."/>
		<feat xlink:href="#sSpan561" value="ⲡⲉⲥ̄ⳁⲟ︤ⲥ︥"/>
		<feat xlink:href="#sSpan572" value="ⲡⲉ"/>
		<feat xlink:href="#sSpan576" value="ⲧϩⲁⲅⲛⲓⲁ"/>
		<feat xlink:href="#sSpan584" value="ⲛ̄ⲛⲉⲙⲡⲁⲣⲑⲉⲛⲟⲥ"/>
		<feat xlink:href="#sSpan596" value="."/>
		<feat xlink:href="#sSpan601" value="ⲡⲉⲥ̄ⳁⲟ︤ⲥ︥"/>
		<feat xlink:href="#sSpan609" value="ⲡⲉ"/>
		<feat xlink:href="#sSpan613" value="ⲡⲥⲟⲃⲧ"/>
		<feat xlink:href="#sSpan620" value="ⲉⲧⲧⲁϫⲣⲏⲩ"/>
		<feat xlink:href="#sSpan627" value="."/>
		<feat xlink:href="#sSpan632" value="ⲡⲉⲥ̄ⳁⲟ︤ⲥ︥"/>
		<feat xlink:href="#sSpan643" value="ⲡⲉ"/>
		<feat xlink:href="#sSpan647" value="ⲡ̄ⲥⲁⲉⲓ⳯"/>
		<feat xlink:href="#sSpan654" value="ⲉⲧⲑⲉⲣⲁⲡⲉⲩⲉ"/>
		<feat xlink:href="#sSpan662" value="ⲛϣⲓⲛⲉ"/>
		<feat xlink:href="#sSpan670" value="ⲛⲓⲙ"/>
		<feat xlink:href="#sSpan674" value="."/>
		<feat xlink:href="#sSpan678" value="ⲁⲙⲏⲓ̈ⲧⲛ̄"/>
		<feat xlink:href="#sSpan683" value="ⲛⲉⲫⲩⲗⲏ"/>
		<feat xlink:href="#sSpan691" value="ⲧⲏⲣⲟⲩ"/>
		<feat xlink:href="#sSpan698" value="ⲙ̄ⲡ̄ⲕⲁϩ"/>
		<feat xlink:href="#sSpan707" value="ⲣⲁϣⲉ"/>
		<feat xlink:href="#sSpan712" value="ⲛ̄ⲧⲉⲧⲛ̄ⲧⲉⲗⲏⲗ"/>
		<feat xlink:href="#sSpan720" value="ϫⲉⲁⲡϫⲟⲉⲓⲥ"/>
		<feat xlink:href="#sSpan733" value="ⲣ̄ⲣⲣⲟ"/>
		<feat xlink:href="#sSpan738" value="ⲉⲃⲟⲗ"/>
		<feat xlink:href="#sSpan743" value="ϩⲙ̄ⲡϣⲉ"/>
		<feat xlink:href="#sSpan752" value="ⲙⲡⲉⲥ̄ⳁⲟ︤ⲥ︥"/>
		<feat xlink:href="#sSpan763" value="."/>
		<feat xlink:href="#sSpan767" value="ⲛⲉⲧⲕⲓⲙ"/>
		<feat xlink:href="#sSpan779" value="ⲧⲏⲣⲟⲩ"/>
		<feat xlink:href="#sSpan786" value="ϩ︤ⲛ︥ⲛⲉⲙⲙⲟⲩ"/>
		<feat xlink:href="#sSpan796" value="ⲛⲉⲓⲟⲟⲩⲉ"/>
		<feat xlink:href="#sSpan802" value="."/>
		<feat xlink:href="#sSpan806" value="ⲟⲩⲛⲟϥ"/>
		<feat xlink:href="#sSpan811" value="ⲙⲙⲱⲧⲛ"/>
		<feat xlink:href="#sSpan817" value="ϫⲉⲁⲩⲥ̄ⲛⲟϥ"/>
		<feat xlink:href="#sSpan829" value="ⲙⲛ̄ⲟⲩⲙⲟⲟⲩ"/>
		<feat xlink:href="#sSpan839" value="ϣⲟⲩⲟ̄"/>
		<feat xlink:href="#sSpan843" value="ⲉ̄ⲃⲟⲗ"/>
		<feat xlink:href="#sSpan847" value="ⲙⲙⲟϥ"/>
		<feat xlink:href="#sSpan854" value="."/>
		<feat xlink:href="#sSpan858" value="ⲛ̄ϩⲁⲗⲁⲧⲉ"/>
		<feat xlink:href="#sSpan868" value="ⲧⲏⲣⲟⲩ"/>
		<feat xlink:href="#sSpan875" value="ⲛⲧⲡⲉ"/>
		<feat xlink:href="#sSpan884" value="."/>
		<feat xlink:href="#sSpan888" value="ⲡⲉⲣ︤ϣ︥ⲛⲉⲧⲛ̄ⲧⲛ̄ϩ̄"/>
		<feat xlink:href="#sSpan898" value="ⲉ̄ⲃⲟⲗ"/>
		<feat xlink:href="#sSpan903" value="ϩ︤ⲛ︥ⲟⲩⲟⲩⲣⲟⲧ"/>
		<feat xlink:href="#sSpan913" value="ϫⲉⲁϥⲡⲱⲣ︤ϣ︥"/>
		<feat xlink:href="#sSpan924" value="ⲛ̄ⲛⲉⲧⲛ̄ϭⲓϫ"/>
		<feat xlink:href="#sSpan933" value="ⲉⲃⲟⲗ"/>
		<feat xlink:href="#sSpan937" value="ϩⲓϫⲙ̄ⲡⲉⲥ̄ⳁⲟ︤ⲥ︥"/>
		<feat xlink:href="#sSpan948" value="."/>
		<feat xlink:href="#sSpan952" value="ⲛⲉⲑⲏⲣⲓⲟⲛ"/>
		<feat xlink:href="#sSpan964" value="ⲉⲧϩ︤ⲛ︥ⲧⲉⲣⲏⲙⲟⲥ"/>
		<feat xlink:href="#sSpan977" value="ⲣⲁϣⲉ"/>
		<feat xlink:href="#sSpan981" value="ⲛ̄ⲧⲉⲧⲛ̄ⲟⲩⲛⲟϥ"/>
		<feat xlink:href="#sSpan990" value="ϫⲉⲁⲡⲣⲉϥⲧⲁϣⲉⲟ̄ⲉⲓϣ"/>
		<feat xlink:href="#sSpan1005" value="ϣⲱⲡⲉ"/>
		<feat xlink:href="#sSpan1010" value="ⲛⲏⲧⲛ̄"/>
		<feat xlink:href="#sSpan1016" value="ⲛϣⲙ̄ⲛⲟⲩⲃⲉ"/>
		<feat xlink:href="#sSpan1026" value="."/>
		<feat xlink:href="#sSpan1030" value="ⲁⲧⲉⲧⲛⲛⲁⲩ"/>
		<feat xlink:href="#sSpan1042" value="ϫⲉⲟⲩ"/>
		<feat xlink:href="#sSpan1049" value="ⲁϣ"/>
		<feat xlink:href="#sSpan1054" value="ⲛϭⲟⲧ"/>
		<feat xlink:href="#sSpan1060" value="ⲡⲉ"/>
		<feat xlink:href="#sSpan1064" value="ⲡⲙⲉⲅⲉⲑⲟⲥ"/>
		<feat xlink:href="#sSpan1073" value="ⲙ̄ⲡⲉⲥ̄ⳁⲟ︤ⲥ︥"/>
		<feat xlink:href="#sSpan1083" value="ⲙⲛ̄ⲧⲉϥⲛⲟϭ"/>
		<feat xlink:href="#sSpan1093" value="ⲛⲃⲟⲏⲑⲓⲁ"/>
		<feat xlink:href="#sSpan1104" value="ⲉ̄ϫⲙ̄ⲡⲥⲱⲛⲧ"/>
		<feat xlink:href="#sSpan1113" value="ⲧⲏⲣ︤ϥ︥"/>
		<feat xlink:href="#sSpan1120" value="."/>
		<feat xlink:href="#sSpan1124" value="ⲙⲡⲛⲁⲩ"/>
		<feat xlink:href="#sSpan1138" value="ⲅⲁⲣ"/>
		<feat xlink:href="#sSpan1142" value="ⲉⲧⲉⲣⲉⲡⲣⲱⲙⲉ"/>
		<feat xlink:href="#sSpan1152" value="ⲛⲁⲡⲉⲣ︤ϣ︥ⲛⲉϥϭⲓϫ"/>
		<feat xlink:href="#sSpan1164" value="ⲉⲃⲟⲗ"/>
		<feat xlink:href="#sSpan1168" value="ⲙ̄ⲡ̄ⲧⲩⲡⲟⲥ"/>
		<feat xlink:href="#sSpan1179" value="ⲙ̄ⲡⲉⲥ̄ⳁⲟ︤ⲥ︥"/>
		<feat xlink:href="#sSpan1189" value="ⲛϥ̄ϣⲗⲏⲗ"/>
		<feat xlink:href="#sSpan1198" value="ϩⲛ̄ⲟⲩⲡⲓⲥⲧⲓⲥ"/>
		<feat xlink:href="#sSpan1209" value="."/>
		<feat xlink:href="#sSpan1213" value="ϣⲁⲣⲉⲡⲉϥⲁⲅⲅⲉⲗⲟⲥ"/>
		<feat xlink:href="#sSpan1224" value="ⲥⲟⲡⲥ"/>
		<feat xlink:href="#sSpan1228" value="ⲙⲡⲛⲟⲩⲧⲉ"/>
		<feat xlink:href="#sSpan1238" value="ϣⲁⲛⲧⲉϥϯ"/>
		<feat xlink:href="#sSpan1246" value="ⲛⲁϥ"/>
		<feat xlink:href="#sSpan1252" value="ⲙ̄ⲡⲉϥⲁⲓⲧⲏⲙⲁ"/>
		<feat xlink:href="#sSpan1263" value="."/>
		<feat xlink:href="#sSpan1269" value="ⲍⲁⲭⲁⲣⲓⲁⲥ"/>
		<feat xlink:href="#sSpan1277" value="ⲁϥϣⲗⲏⲗ"/>
		<feat xlink:href="#sSpan1285" value="ⲁⲅⲁⲃⲣⲓⲏⲗ"/>
		<feat xlink:href="#sSpan1294" value="ⲉⲓ"/>
		<feat xlink:href="#sSpan1298" value="ϣⲁⲣⲟϥ"/>
		<feat xlink:href="#sSpan1304" value="ⲁϥϯ"/>
		<feat xlink:href="#sSpan1313" value="ⲛⲁϥ"/>
		<feat xlink:href="#sSpan1319" value="ⲙ̄ⲡⲉϥⲁⲓⲧⲏⲙⲁ"/>
		<feat xlink:href="#sSpan1330" value="ⲉ̄ⲧⲉⲓⲱϩⲁⲛⲛⲏⲥ"/>
		<feat xlink:href="#sSpan1339" value="ⲡⲉ"/>
		<feat xlink:href="#sSpan1343" value="."/>
		<feat xlink:href="#sSpan1349" value="ⲡⲉⲧⲣⲟⲥ"/>
		<feat xlink:href="#sSpan1356" value="ⲁϥϣⲗⲏⲗ"/>
		<feat xlink:href="#sSpan1365" value="ⲁⲡⲁⲅⲅⲉⲗⲟⲥ"/>
		<feat xlink:href="#sSpan1375" value="ⲉⲓ"/>
		<feat xlink:href="#sSpan1380" value="ϣⲁⲣⲟϥ"/>
		<feat xlink:href="#sSpan1386" value="ⲁϥⲧⲣⲉⲛϩⲁⲗⲏⲥⲓⲥ"/>
		<feat xlink:href="#sSpan1401" value="ⲙ̄ⲡⲉⲛⲓⲡⲉ"/>
		<feat xlink:href="#sSpan1408" value="ⲃⲱⲗ"/>
		<feat xlink:href="#sSpan1413" value="ⲉ̄ⲃⲟⲗ"/>
		<feat xlink:href="#sSpan1418" value="ⲙⲛ̄ⲧⲡⲩⲗⲏ"/>
		<feat xlink:href="#sSpan1428" value="ⲙ̄ⲡⲉⲛⲓⲡⲉ"/>
		<feat xlink:href="#sSpan1436" value="."/>
		<feat xlink:href="#sSpan1441" value="ϩⲟⲙⲟⲓⲱⲥ"/>
		<feat xlink:href="#sSpan1445" value="ⲟⲛ"/>
		<feat xlink:href="#sSpan1450" value="ⲁϥϣⲗⲏⲗ"/>
		<feat xlink:href="#sSpan1458" value="ⲁϥⲧⲟⲩⲛⲉⲥⲧⲁⲃⲓⲑⲁ"/>
		<feat xlink:href="#sSpan1471" value="."/>
		<feat xlink:href="#sSpan1477" value="ⲕⲟⲣⲛⲏⲗⲓⲟⲥ"/>
		<feat xlink:href="#sSpan1485" value="ⲁϥϣⲗⲏⲗ"/>
		<feat xlink:href="#sSpan1493" value="ⲁⲡⲁⲅⲅⲉⲗⲟⲥ"/>
		<feat xlink:href="#sSpan1504" value="ⲉⲓ"/>
		<feat xlink:href="#sSpan1508" value="ϣⲁⲣⲟϥ"/>
		<feat xlink:href="#sSpan1514" value="."/>
		<feat xlink:href="#sSpan1520" value="ⲡⲁⲩⲗⲟⲥ"/>
		<feat xlink:href="#sSpan1525" value="ⲙ︤ⲛ︥ⲥⲓⲗⲁⲥ"/>
		<feat xlink:href="#sSpan1533" value="ⲁⲩϣⲗⲏⲗ"/>
		<feat xlink:href="#sSpan1542" value="ⲁⲡⲁⲅⲅⲉⲗⲟⲥ"/>
		<feat xlink:href="#sSpan1552" value="ⲉⲓ"/>
		<feat xlink:href="#sSpan1557" value="ϣⲁⲣⲟⲟⲩ"/>
		<feat xlink:href="#sSpan1563" value="ⲁⲩⲕⲓⲙ"/>
		<feat xlink:href="#sSpan1571" value="ⲛ̄ϭⲓⲥⲛ̄ⲧⲉ"/>
		<feat xlink:href="#sSpan1579" value="ⲙ̄ⲡⲉϣⲧⲉⲕⲟ"/>
		<feat xlink:href="#sSpan1590" value="ⲙⲱⲩⲥⲏⲥ"/>
		<feat xlink:href="#sSpan1598" value="ⲁϥϣⲗⲏⲗ"/>
		<feat xlink:href="#sSpan1606" value="ⲁϥϭⲱⲧⲡ"/>
		<feat xlink:href="#sSpan1615" value="ⲙ̄ⲡⲁⲙⲁⲗⲉⲕ"/>
		<feat xlink:href="#sSpan1627" value="ⲧⲱⲃⲓⲁⲥ"/>
		<feat xlink:href="#sSpan1632" value="ⲁϥϣⲗⲏⲗ"/>
		<feat xlink:href="#sSpan1640" value="ⲁϩⲣⲁⲫⲁⲏⲗ"/>
		<feat xlink:href="#sSpan1649" value="ⲉⲓ"/>
		<feat xlink:href="#sSpan1653" value="ϣⲁⲣⲟϥ"/>
		<feat xlink:href="#sSpan1659" value="ⲁϥⲧⲁⲗϭⲟϥ"/>
		<feat xlink:href="#sSpan1670" value="."/>
		<feat xlink:href="#sSpan1675" value="ⲉⲧⲃⲉⲡⲁⲓ̈"/>
		<feat xlink:href="#sSpan1685" value="ⲙⲁⲣⲉⲛϣⲗⲏⲗ"/>
		<feat xlink:href="#sSpan1694" value="ⲛⲟⲩⲟⲉⲓϣ"/>
		<feat xlink:href="#sSpan1702" value="ⲛⲓⲙ"/>
		<feat xlink:href="#sSpan1706" value="ⲁϫⲛⲱϫⲛ̄"/>
		<feat xlink:href="#sSpan1714" value="."/>
		<feat xlink:href="#sSpan1718" value="ⲡⲉϫⲁϥ"/>
		<feat xlink:href="#sSpan1724" value="ⲛ̄ϭⲓⲡⲁⲡⲟⲥⲧⲟⲗⲟⲥ"/>
		<feat xlink:href="#sSpan1736" value="ϫⲉϣⲗⲏⲗ"/>
		<feat xlink:href="#sSpan1742" value="ⲁϫⲛ̄ⲱ̄ϫⲛ̄"/>
		<feat xlink:href="#sSpan1750" value="."/>
		<feat xlink:href="#sSpan1755" value="ⲛⲁⲓ̈"/>
		<feat xlink:href="#sSpan1763" value="ⲇⲉ"/>
		<feat xlink:href="#sSpan1768" value="ⲉ̄ⲧⲟ"/>
		<feat xlink:href="#sSpan1774" value="ⲛⲇⲁⲓⲙⲱⲛ"/>
		<feat xlink:href="#sSpan1783" value="ⲡⲉϣⲗⲏⲗ"/>
		<feat xlink:href="#sSpan1790" value="ⲡⲉ"/>
		<feat xlink:href="#sSpan1794" value="ϣⲁϥⲑⲉⲣⲁⲡⲉⲩⲉ"/>
		<feat xlink:href="#sSpan1804" value="ⲙⲙⲟⲩ"/>
		<feat xlink:href="#sSpan1811" value="ⲉⲧⲃⲉⲡⲁⲓ̈"/>
		<feat xlink:href="#sSpan1819" value="ⲉⲓⲥ"/>
		<feat xlink:href="#sSpan1823" value="ⲙ︤ⲛ︥ⲧⲏ"/>
		<feat xlink:href="#sSpan1828" value="ⲛ̄ϩⲟⲟⲩ"/>
		<feat xlink:href="#sSpan1835" value="ⲧ︤ⲛ︥ⲛⲉⲥⲧⲉⲩⲉ"/>
		<feat xlink:href="#sSpan1842" value="ⲁⲩⲱ"/>
		<feat xlink:href="#sSpan1847" value="ⲧⲛ̄ϣⲗⲏⲗ"/>
		<feat xlink:href="#sSpan1853" value="ϩ︤ⲙ︥ⲡⲙⲁ"/>
		<feat xlink:href="#sSpan1863" value="ⲉ̄ⲧⲟⲩⲁⲁⲃ"/>
		<feat xlink:href="#sSpan1869" value="."/>
		<feat xlink:href="#sSpan1873" value="ⲛⲧⲟⲕ"/>
		<feat xlink:href="#sSpan1881" value="ⲉⲕϩⲙ̄ⲙⲁ"/>
		<feat xlink:href="#sSpan1894" value="ⲛⲓⲙ"/>
		<feat xlink:href="#sSpan1898" value="ⲙⲁⲣⲉⲡⲉϣⲗⲏⲗ"/>
		<feat xlink:href="#sSpan1908" value="ϣⲱⲡⲉ"/>
		<feat xlink:href="#sSpan1913" value="ⲛⲁⲕ"/>
		<feat xlink:href="#sSpan1919" value="ⲛϣⲃⲏⲣ"/>
		<feat xlink:href="#sSpan1926" value="."/>
		<feat xlink:href="#sSpan1930" value="ϣⲗⲏⲗ"/>
		<feat xlink:href="#sSpan1935" value="ⲉⲕⲛⲁⲛ̄ⲕⲁⲧⲕ"/>
		<feat xlink:href="#sSpan1945" value="ⲧⲁⲣⲉⲕϣⲱⲡⲉ"/>
		<feat xlink:href="#sSpan1954" value="ⲉⲕⲟⲩⲟϫ"/>
		<feat xlink:href="#sSpan1963" value="ⲉ̄ⲡⲓⲣⲁⲥⲙⲟⲥ"/>
		<feat xlink:href="#sSpan1971" value="."/>
		<feat xlink:href="#sSpan1976" value="ⲉⲕϩⲙ̄ⲡⲇⲓⲕⲁⲥⲧⲏⲣⲓⲟⲛ"/>
		<feat xlink:href="#sSpan1994" value="ϣⲗⲏⲗ"/>
		<feat xlink:href="#sSpan1998" value="."/>
		<feat xlink:href="#sSpan2002" value="ⲁⲩⲱ"/>
		<feat xlink:href="#sSpan2007" value="ⲡⲛⲟⲩⲧⲉ"/>
		<feat xlink:href="#sSpan2014" value="ⲛⲁⲙⲓ̈ϣⲉ"/>
		<feat xlink:href="#sSpan2020" value="ⲉϩⲣⲁⲓ̈"/>
		<feat xlink:href="#sSpan2025" value="ⲉϫⲱⲕ"/>
		<feat xlink:href="#sSpan2031" value="."/>
		<feat xlink:href="#sSpan2035" value="ⲉⲕⲧⲁⲗⲏⲩ"/>
		<feat xlink:href="#sSpan2044" value="ⲉ̄ⲛⲉⲙⲟⲩ"/>
		<feat xlink:href="#sSpan2050" value="ⲛⲓⲟⲟⲩⲉ̄"/>
		<feat xlink:href="#sSpan2058" value="ϣⲗⲏⲗ"/>
		<feat xlink:href="#sSpan2062" value="ⲁⲩⲱ"/>
		<feat xlink:href="#sSpan2066" value="ⲕⲛⲁⲛⲟⲩϩⲙ̄"/>
		<feat xlink:href="#sSpan2075" value="ⲉⲱⲙⲥ̄"/>
		<feat xlink:href="#sSpan2081" value="."/>
		<feat xlink:href="#sSpan2085" value="ⲉⲩϣⲁⲛⲧⲁϩⲙⲉⲕ"/>
		<feat xlink:href="#sSpan2097" value="ⲉⲩⲇⲓⲡⲛⲟⲛ"/>
		<feat xlink:href="#sSpan2108" value="ϣⲗⲏⲗ"/>
		<feat xlink:href="#sSpan2112" value="ⲙ̄ⲡⲁⲧⲉⲕⲟⲩⲱⲙ"/>
		<feat xlink:href="#sSpan2122" value="ⲧⲁⲣⲉⲡⲛⲟⲩⲧⲉ"/>
		<feat xlink:href="#sSpan2132" value="ⲥⲙⲟⲩ"/>
		<feat xlink:href="#sSpan2136" value="ⲉ̄ⲡⲉⲕⲟ̄ⲉⲓⲕ"/>
		<feat xlink:href="#sSpan2146" value="ⲙⲛ̄ⲛⲉⲧⲉⲕⲛⲁⲥⲟⲟⲩⲧⲛ"/>
		<feat xlink:href="#sSpan2162" value="ⲉ̄ⲣⲟⲟⲩ"/>
		<feat xlink:href="#sSpan2169" value="ⲧⲏⲣⲟⲩ"/>
		<feat xlink:href="#sSpan2175" value="."/>
		<feat xlink:href="#sSpan2180" value="ⲉⲓⲧⲉ"/>
		<feat xlink:href="#sSpan2187" value="ⲧⲉⲧⲛ̄ⲟⲩⲱⲙ"/>
		<feat xlink:href="#sSpan2195" value="ⲉⲓⲧⲉ"/>
		<feat xlink:href="#sSpan2199" value="ⲉ̄ⲧⲉⲧⲛ̄ⲥⲱ"/>
		<feat xlink:href="#sSpan2208" value="."/>
		<feat xlink:href="#sSpan2213" value="ⲉⲓⲧⲉ"/>
		<feat xlink:href="#sSpan2217" value="ⲉ̄ⲧⲉⲧⲛⲉⲓⲣⲉ"/>
		<feat xlink:href="#sSpan2227" value="ⲛⲕⲉϩⲱⲃ"/>
		<feat xlink:href="#sSpan2237" value="."/>
		<feat xlink:href="#sSpan2241" value="ⲁⲣⲓϩⲱⲃ"/>
		<feat xlink:href="#sSpan2249" value="ⲛⲓⲙ"/>
		<feat xlink:href="#sSpan2253" value="ⲉⲧⲉⲧⲛ̄ϯⲉ̄ⲟⲟⲩ"/>
		<feat xlink:href="#sSpan2264" value="ⲙ̄ⲡⲛⲟⲩⲧⲉ"/>
		<feat xlink:href="#sSpan2274" value="."/>
		<feat xlink:href="#sSpan2278" value="ⲉ̄ϫⲛ̄ⲛⲁⲓ̈"/>
		<feat xlink:href="#sSpan2290" value="ⲇⲉ"/>
		<feat xlink:href="#sSpan2295" value="ⲧⲏⲣⲟⲩ"/>
		<feat xlink:href="#sSpan2301" value="."/>
		<feat xlink:href="#sSpan2305" value="ⲙⲁⲣⲉⲛϯⲉⲟⲟⲩ"/>
		<feat xlink:href="#sSpan2319" value="ⲙ̄ⲡⲉϥⲣⲁⲛ"/>
		<feat xlink:href="#sSpan2328" value="ⲉⲧⲟⲩⲁⲁⲃ"/>
		<feat xlink:href="#sSpan2335" value="."/>
		<feat xlink:href="#sSpan2339" value="ϩⲙ̄ⲡⲉⲧⲛⲁⲛⲟⲩϥ"/>
		<feat xlink:href="#sSpan2353" value="ⲛⲓⲙ"/>
		<feat xlink:href="#sSpan2357" value="ⲡⲉⲛϫⲟⲉⲓⲥ"/>
		<feat xlink:href="#sSpan2366" value="ⲓ︦ⲥ︦"/>
		<feat xlink:href="#sSpan2370" value="ⲡⲉⲭ︦ⲥ︦"/>
		<feat xlink:href="#sSpan2377" value="."/>
		<feat xlink:href="#sSpan2381" value="ⲡⲁⲓ̈"/>
		<feat xlink:href="#sSpan2389" value="ⲉⲧⲉⲣⲉⲡⲉⲟⲟⲩ"/>
		<feat xlink:href="#sSpan2400" value="ⲡⲣⲉⲡⲉⲓ"/>
		<feat xlink:href="#sSpan2404" value="ⲛⲁϥ"/>
		<feat xlink:href="#sSpan2411" value="."/>
		<feat xlink:href="#sSpan2415" value="ⲙⲛ̄ⲡⲧⲁⲓ̈ⲟ"/>
		<feat xlink:href="#sSpan2424" value="ⲙⲛ̄ⲡⲉⲥⲙⲟⲩ"/>
		<feat xlink:href="#sSpan2434" value="ϣⲁⲛⲅⲉⲛⲉⲁ"/>
		<feat xlink:href="#sSpan2445" value="ⲧⲏⲣⲟⲩ"/>
		<feat xlink:href="#sSpan2451" value="ⲁⲩⲱ"/>
		<feat xlink:href="#sSpan2456" value="ϣⲁⲛⲁⲓⲱⲛ"/>
		<feat xlink:href="#sSpan2466" value="ⲧⲏⲣⲟⲩ"/>
		<feat xlink:href="#sSpan2473" value="ⲛⲁⲓⲱⲛ"/>
		<feat xlink:href="#sSpan2481" value="ϩⲁⲙⲏⲛ"/></featList></paula>