<?xml version='1.0' encoding='UTF-8'?><!DOCTYPE paula SYSTEM "paula_feat.dtd">
<paula version="1.1">
	<header paula_id="scriptorium.cross.michbr295-297.mark_cb_n"/>
	<featList xmlns:xlink="http://www.w3.org/1999/xlink" type="cb_n" xml:base="scriptorium.cross.michbr295-297.mark.xml">
		<feat xlink:href="#sSpan11" value="1"/>
		<feat xlink:href="#sSpan586" value="2"/>
		<feat xlink:href="#sSpan1099" value="1"/>
		<feat xlink:href="#sSpan1732" value="2"/>
		<feat xlink:href="#sSpan2313" value="1"/></featList></paula>