<?xml version='1.0' encoding='UTF-8'?><!DOCTYPE paula SYSTEM "paula_feat.dtd">
<paula version="1.1">
	<header paula_id="scriptorium.cross.michbr295-297.mark_vid_n"/>
	<featList xmlns:xlink="http://www.w3.org/1999/xlink" type="vid_n" xml:base="scriptorium.cross.michbr295-297.mark.xml">
		<feat xlink:href="#sSpan8" value="urn:cts:copticLit:pstheophilus.cross.michbr:15.16"/>
		<feat xlink:href="#sSpan83" value="urn:cts:copticLit:pstheophilus.cross.michbr:15.17"/>
		<feat xlink:href="#sSpan136" value="urn:cts:copticLit:pstheophilus.cross.michbr:15.18"/>
		<feat xlink:href="#sSpan212" value="urn:cts:copticLit:pstheophilus.cross.michbr:15.19"/>
		<feat xlink:href="#sSpan252" value="urn:cts:copticLit:pstheophilus.cross.michbr:15.20"/>
		<feat xlink:href="#sSpan301" value="urn:cts:copticLit:pstheophilus.cross.michbr:15.21"/>
		<feat xlink:href="#sSpan388" value="urn:cts:copticLit:pstheophilus.cross.michbr:15.22"/>
		<feat xlink:href="#sSpan469" value="urn:cts:copticLit:pstheophilus.cross.michbr:15.23"/>
		<feat xlink:href="#sSpan563" value="urn:cts:copticLit:pstheophilus.cross.michbr:15.24"/>
		<feat xlink:href="#sSpan634" value="urn:cts:copticLit:pstheophilus.cross.michbr:15.25"/>
		<feat xlink:href="#sSpan769" value="urn:cts:copticLit:pstheophilus.cross.michbr:15.26"/>
		<feat xlink:href="#sSpan860" value="urn:cts:copticLit:pstheophilus.cross.michbr:15.27"/>
		<feat xlink:href="#sSpan955" value="urn:cts:copticLit:pstheophilus.cross.michbr:15.28"/>
		<feat xlink:href="#sSpan1032" value="urn:cts:copticLit:pstheophilus.cross.michbr:15.29"/>
		<feat xlink:href="#sSpan1125" value="urn:cts:copticLit:pstheophilus.cross.michbr:16.1"/>
		<feat xlink:href="#sSpan1271" value="urn:cts:copticLit:pstheophilus.cross.michbr:16.2"/>
		<feat xlink:href="#sSpan1350" value="urn:cts:copticLit:pstheophilus.cross.michbr:16.3"/>
		<feat xlink:href="#sSpan1478" value="urn:cts:copticLit:pstheophilus.cross.michbr:16.4"/>
		<feat xlink:href="#sSpan1592" value="urn:cts:copticLit:pstheophilus.cross.michbr:16.5"/>
		<feat xlink:href="#sSpan1676" value="urn:cts:copticLit:pstheophilus.cross.michbr:16.6"/>
		<feat xlink:href="#sSpan1756" value="urn:cts:copticLit:pstheophilus.cross.michbr:16.7"/>
		<feat xlink:href="#sSpan1875" value="urn:cts:copticLit:pstheophilus.cross.michbr:16.8"/>
		<feat xlink:href="#sSpan1977" value="urn:cts:copticLit:pstheophilus.cross.michbr:16.9"/>
		<feat xlink:href="#sSpan2087" value="urn:cts:copticLit:pstheophilus.cross.michbr:16.10"/>
		<feat xlink:href="#sSpan2181" value="urn:cts:copticLit:pstheophilus.cross.michbr:16.11"/>
		<feat xlink:href="#sSpan2279" value="urn:cts:copticLit:pstheophilus.cross.michbr:17.1"/>
		<feat xlink:href="#sSpan2383" value="urn:cts:copticLit:pstheophilus.cross.michbr:17.2"/></featList></paula>