<?xml version='1.0' encoding='UTF-8'?><!DOCTYPE paula SYSTEM "paula_feat.dtd">
<paula version="1.1">
	<header paula_id="scriptorium.cross.michbr295-297.mark_func"/>
	<featList xmlns:xlink="http://www.w3.org/1999/xlink" type="func" xml:base="scriptorium.cross.michbr295-297.mark.xml">
		<feat xlink:href="#sSpan1" value="det"/>
		<feat xlink:href="#sSpan15" value="root"/>
		<feat xlink:href="#sSpan17" value="cop"/>
		<feat xlink:href="#sSpan21" value="det"/>
		<feat xlink:href="#sSpan27" value="nsubj"/>
		<feat xlink:href="#sSpan29" value="case"/>
		<feat xlink:href="#sSpan34" value="nmod"/>
		<feat xlink:href="#sSpan37" value="punct"/>
		<feat xlink:href="#sSpan41" value="mark"/>
		<feat xlink:href="#sSpan45" value="det"/>
		<feat xlink:href="#sSpan48" value="nsubj"/>
		<feat xlink:href="#sSpan51" value="mark"/>
		<feat xlink:href="#sSpan55" value="acl:relcl"/>
		<feat xlink:href="#sSpan57" value="case"/>
		<feat xlink:href="#sSpan61" value="obl"/>
		<feat xlink:href="#sSpan63" value="mark"/>
		<feat xlink:href="#sSpan68" value="nsubj"/>
		<feat xlink:href="#sSpan71" value="acl:relcl"/>
		<feat xlink:href="#sSpan73" value="punct"/>
		<feat xlink:href="#sSpan77" value="det"/>
		<feat xlink:href="#sSpan87" value="root"/>
		<feat xlink:href="#sSpan89" value="cop"/>
		<feat xlink:href="#sSpan93" value="det"/>
		<feat xlink:href="#sSpan98" value="nsubj"/>
		<feat xlink:href="#sSpan100" value="case"/>
		<feat xlink:href="#sSpan105" value="det"/>
		<feat xlink:href="#sSpan109" value="nmod"/>
		<feat xlink:href="#sSpan111" value="mark"/>
		<feat xlink:href="#sSpan115" value="nsubj"/>
		<feat xlink:href="#sSpan117" value="acl:relcl"/>
		<feat xlink:href="#sSpan120" value="case"/>
		<feat xlink:href="#sSpan124" value="obl"/>
		<feat xlink:href="#sSpan126" value="punct"/>
		<feat xlink:href="#sSpan130" value="det"/>
		<feat xlink:href="#sSpan140" value="root"/>
		<feat xlink:href="#sSpan142" value="cop"/>
		<feat xlink:href="#sSpan146" value="det"/>
		<feat xlink:href="#sSpan152" value="nsubj"/>
		<feat xlink:href="#sSpan155" value="case"/>
		<feat xlink:href="#sSpan159" value="det"/>
		<feat xlink:href="#sSpan163" value="nmod"/>
		<feat xlink:href="#sSpan165" value="mark"/>
		<feat xlink:href="#sSpan170" value="nsubj"/>
		<feat xlink:href="#sSpan172" value="advcl"/>
		<feat xlink:href="#sSpan174" value="advmod"/>
		<feat xlink:href="#sSpan178" value="case"/>
		<feat xlink:href="#sSpan182" value="det"/>
		<feat xlink:href="#sSpan186" value="obj"/>
		<feat xlink:href="#sSpan190" value="mark"/>
		<feat xlink:href="#sSpan194" value="case"/>
		<feat xlink:href="#sSpan196" value="det"/>
		<feat xlink:href="#sSpan200" value="acl:relcl"/>
		<feat xlink:href="#sSpan202" value="punct"/>
		<feat xlink:href="#sSpan206" value="det"/>
		<feat xlink:href="#sSpan216" value="root"/>
		<feat xlink:href="#sSpan218" value="cop"/>
		<feat xlink:href="#sSpan222" value="det"/>
		<feat xlink:href="#sSpan227" value="nsubj"/>
		<feat xlink:href="#sSpan229" value="case"/>
		<feat xlink:href="#sSpan234" value="det"/>
		<feat xlink:href="#sSpan238" value="nmod"/>
		<feat xlink:href="#sSpan242" value="punct"/>
		<feat xlink:href="#sSpan246" value="det"/>
		<feat xlink:href="#sSpan256" value="root"/>
		<feat xlink:href="#sSpan258" value="cop"/>
		<feat xlink:href="#sSpan262" value="det"/>
		<feat xlink:href="#sSpan267" value="nsubj"/>
		<feat xlink:href="#sSpan269" value="case"/>
		<feat xlink:href="#sSpan274" value="nmod"/>
		<feat xlink:href="#sSpan277" value="mark"/>
		<feat xlink:href="#sSpan279" value="acl:relcl"/>
		<feat xlink:href="#sSpan281" value="case"/>
		<feat xlink:href="#sSpan285" value="det"/>
		<feat xlink:href="#sSpan289" value="obl"/>
		<feat xlink:href="#sSpan291" value="punct"/>
		<feat xlink:href="#sSpan295" value="det"/>
		<feat xlink:href="#sSpan305" value="root"/>
		<feat xlink:href="#sSpan307" value="cop"/>
		<feat xlink:href="#sSpan311" value="det"/>
		<feat xlink:href="#sSpan317" value="nsubj"/>
		<feat xlink:href="#sSpan320" value="case"/>
		<feat xlink:href="#sSpan324" value="det"/>
		<feat xlink:href="#sSpan328" value="nmod"/>
		<feat xlink:href="#sSpan331" value="mark"/>
		<feat xlink:href="#sSpan335" value="acl:relcl"/>
		<feat xlink:href="#sSpan337" value="punct"/>
		<feat xlink:href="#sSpan341" value="det"/>
		<feat xlink:href="#sSpan348" value="parataxis"/>
		<feat xlink:href="#sSpan350" value="cop"/>
		<feat xlink:href="#sSpan354" value="det"/>
		<feat xlink:href="#sSpan359" value="nsubj"/>
		<feat xlink:href="#sSpan361" value="case"/>
		<feat xlink:href="#sSpan366" value="nmod"/>
		<feat xlink:href="#sSpan369" value="mark"/>
		<feat xlink:href="#sSpan371" value="aux"/>
		<feat xlink:href="#sSpan373" value="nsubj"/>
		<feat xlink:href="#sSpan375" value="acl:relcl"/>
		<feat xlink:href="#sSpan378" value="punct"/>
		<feat xlink:href="#sSpan382" value="det"/>
		<feat xlink:href="#sSpan392" value="root"/>
		<feat xlink:href="#sSpan394" value="cop"/>
		<feat xlink:href="#sSpan398" value="det"/>
		<feat xlink:href="#sSpan404" value="nsubj"/>
		<feat xlink:href="#sSpan407" value="case"/>
		<feat xlink:href="#sSpan411" value="det"/>
		<feat xlink:href="#sSpan414" value="obl"/>
		<feat xlink:href="#sSpan416" value="case"/>
		<feat xlink:href="#sSpan420" value="det"/>
		<feat xlink:href="#sSpan423" value="nmod"/>
		<feat xlink:href="#sSpan426" value="case"/>
		<feat xlink:href="#sSpan430" value="det"/>
		<feat xlink:href="#sSpan434" value="nmod"/>
		<feat xlink:href="#sSpan436" value="mark"/>
		<feat xlink:href="#sSpan441" value="nsubj"/>
		<feat xlink:href="#sSpan443" value="acl:relcl"/>
		<feat xlink:href="#sSpan446" value="case"/>
		<feat xlink:href="#sSpan450" value="fixed"/>
		<feat xlink:href="#sSpan455" value="obl"/>
		<feat xlink:href="#sSpan459" value="punct"/>
		<feat xlink:href="#sSpan463" value="det"/>
		<feat xlink:href="#sSpan473" value="root"/>
		<feat xlink:href="#sSpan475" value="cop"/>
		<feat xlink:href="#sSpan479" value="det"/>
		<feat xlink:href="#sSpan485" value="nsubj"/>
		<feat xlink:href="#sSpan488" value="case"/>
		<feat xlink:href="#sSpan492" value="det"/>
		<feat xlink:href="#sSpan496" value="nmod"/>
		<feat xlink:href="#sSpan499" value="punct"/>
		<feat xlink:href="#sSpan503" value="det"/>
		<feat xlink:href="#sSpan510" value="parataxis"/>
		<feat xlink:href="#sSpan512" value="cop"/>
		<feat xlink:href="#sSpan516" value="det"/>
		<feat xlink:href="#sSpan522" value="nsubj"/>
		<feat xlink:href="#sSpan525" value="case"/>
		<feat xlink:href="#sSpan529" value="nmod"/>
		<feat xlink:href="#sSpan532" value="mark"/>
		<feat xlink:href="#sSpan535" value="aux"/>
		<feat xlink:href="#sSpan537" value="nsubj"/>
		<feat xlink:href="#sSpan539" value="acl:relcl"/>
		<feat xlink:href="#sSpan541" value="det"/>
		<feat xlink:href="#sSpan544" value="obj"/>
		<feat xlink:href="#sSpan547" value="case"/>
		<feat xlink:href="#sSpan551" value="obl"/>
		<feat xlink:href="#sSpan553" value="punct"/>
		<feat xlink:href="#sSpan557" value="det"/>
		<feat xlink:href="#sSpan567" value="root"/>
		<feat xlink:href="#sSpan569" value="cop"/>
		<feat xlink:href="#sSpan573" value="det"/>
		<feat xlink:href="#sSpan579" value="nsubj"/>
		<feat xlink:href="#sSpan581" value="case"/>
		<feat xlink:href="#sSpan587" value="det"/>
		<feat xlink:href="#sSpan591" value="nmod"/>
		<feat xlink:href="#sSpan593" value="punct"/>
		<feat xlink:href="#sSpan597" value="det"/>
		<feat xlink:href="#sSpan604" value="parataxis"/>
		<feat xlink:href="#sSpan606" value="cop"/>
		<feat xlink:href="#sSpan610" value="det"/>
		<feat xlink:href="#sSpan615" value="nsubj"/>
		<feat xlink:href="#sSpan617" value="mark"/>
		<feat xlink:href="#sSpan622" value="acl:relcl"/>
		<feat xlink:href="#sSpan624" value="punct"/>
		<feat xlink:href="#sSpan628" value="det"/>
		<feat xlink:href="#sSpan638" value="root"/>
		<feat xlink:href="#sSpan640" value="cop"/>
		<feat xlink:href="#sSpan644" value="det"/>
		<feat xlink:href="#sSpan649" value="nsubj"/>
		<feat xlink:href="#sSpan651" value="mark"/>
		<feat xlink:href="#sSpan657" value="acl:relcl"/>
		<feat xlink:href="#sSpan659" value="case"/>
		<feat xlink:href="#sSpan663" value="obl"/>
		<feat xlink:href="#sSpan667" value="det"/>
		<feat xlink:href="#sSpan671" value="punct"/>
		<feat xlink:href="#sSpan675" value="aux"/>
		<feat xlink:href="#sSpan680" value="det"/>
		<feat xlink:href="#sSpan686" value="nsubj"/>
		<feat xlink:href="#sSpan688" value="advmod"/>
		<feat xlink:href="#sSpan693" value="det"/>
		<feat xlink:href="#sSpan695" value="case"/>
		<feat xlink:href="#sSpan699" value="det"/>
		<feat xlink:href="#sSpan702" value="nmod"/>
		<feat xlink:href="#sSpan704" value="parataxis"/>
		<feat xlink:href="#sSpan709" value="aux"/>
		<feat xlink:href="#sSpan713" value="nsubj"/>
		<feat xlink:href="#sSpan715" value="advcl"/>
		<feat xlink:href="#sSpan717" value="mark"/>
		<feat xlink:href="#sSpan722" value="aux"/>
		<feat xlink:href="#sSpan724" value="det"/>
		<feat xlink:href="#sSpan727" value="nsubj"/>
		<feat xlink:href="#sSpan730" value="ccomp"/>
		<feat xlink:href="#sSpan735" value="case"/>
		<feat xlink:href="#sSpan740" value="fixed"/>
		<feat xlink:href="#sSpan744" value="det"/>
		<feat xlink:href="#sSpan747" value="obl"/>
		<feat xlink:href="#sSpan749" value="case"/>
		<feat xlink:href="#sSpan753" value="det"/>
		<feat xlink:href="#sSpan758" value="nmod"/>
		<feat xlink:href="#sSpan760" value="punct"/>
		<feat xlink:href="#sSpan764" value="dislocated"/>
		<feat xlink:href="#sSpan772" value="mark"/>
		<feat xlink:href="#sSpan774" value="acl:relcl"/>
		<feat xlink:href="#sSpan776" value="advmod"/>
		<feat xlink:href="#sSpan781" value="det"/>
		<feat xlink:href="#sSpan783" value="case"/>
		<feat xlink:href="#sSpan787" value="det"/>
		<feat xlink:href="#sSpan790" value="obl"/>
		<feat xlink:href="#sSpan793" value="case"/>
		<feat xlink:href="#sSpan797" value="nmod"/>
		<feat xlink:href="#sSpan799" value="punct"/>
		<feat xlink:href="#sSpan803" value="root"/>
		<feat xlink:href="#sSpan808" value="case"/>
		<feat xlink:href="#sSpan812" value="obj"/>
		<feat xlink:href="#sSpan814" value="mark"/>
		<feat xlink:href="#sSpan818" value="aux"/>
		<feat xlink:href="#sSpan821" value="det"/>
		<feat xlink:href="#sSpan824" value="nsubj"/>
		<feat xlink:href="#sSpan826" value="cc"/>
		<feat xlink:href="#sSpan830" value="det"/>
		<feat xlink:href="#sSpan833" value="conj"/>
		<feat xlink:href="#sSpan836" value="advcl"/>
		<feat xlink:href="#sSpan840" value="case"/>
		<feat xlink:href="#sSpan844" value="fixed"/>
		<feat xlink:href="#sSpan849" value="obl"/>
		<feat xlink:href="#sSpan851" value="punct"/>
		<feat xlink:href="#sSpan855" value="det"/>
		<feat xlink:href="#sSpan863" value="dislocated"/>
		<feat xlink:href="#sSpan865" value="advmod"/>
		<feat xlink:href="#sSpan870" value="det"/>
		<feat xlink:href="#sSpan872" value="case"/>
		<feat xlink:href="#sSpan876" value="det"/>
		<feat xlink:href="#sSpan879" value="nmod"/>
		<feat xlink:href="#sSpan881" value="punct"/>
		<feat xlink:href="#sSpan885" value="root"/>
		<feat xlink:href="#sSpan889" value="det"/>
		<feat xlink:href="#sSpan893" value="obj"/>
		<feat xlink:href="#sSpan895" value="case"/>
		<feat xlink:href="#sSpan900" value="fixed"/>
		<feat xlink:href="#sSpan904" value="det"/>
		<feat xlink:href="#sSpan908" value="obl"/>
		<feat xlink:href="#sSpan910" value="mark"/>
		<feat xlink:href="#sSpan914" value="aux"/>
		<feat xlink:href="#sSpan916" value="nsubj"/>
		<feat xlink:href="#sSpan918" value="advcl"/>
		<feat xlink:href="#sSpan921" value="case"/>
		<feat xlink:href="#sSpan925" value="det"/>
		<feat xlink:href="#sSpan928" value="obj"/>
		<feat xlink:href="#sSpan930" value="case"/>
		<feat xlink:href="#sSpan934" value="fixed"/>
		<feat xlink:href="#sSpan939" value="det"/>
		<feat xlink:href="#sSpan943" value="obl"/>
		<feat xlink:href="#sSpan945" value="punct"/>
		<feat xlink:href="#sSpan949" value="det"/>
		<feat xlink:href="#sSpan959" value="nsubj"/>
		<feat xlink:href="#sSpan961" value="mark"/>
		<feat xlink:href="#sSpan965" value="case"/>
		<feat xlink:href="#sSpan967" value="det"/>
		<feat xlink:href="#sSpan972" value="acl:relcl"/>
		<feat xlink:href="#sSpan974" value="root"/>
		<feat xlink:href="#sSpan978" value="aux"/>
		<feat xlink:href="#sSpan982" value="nsubj"/>
		<feat xlink:href="#sSpan985" value="advcl"/>
		<feat xlink:href="#sSpan987" value="mark"/>
		<feat xlink:href="#sSpan991" value="aux"/>
		<feat xlink:href="#sSpan994" value="det"/>
		<feat xlink:href="#sSpan998" value="nsubj"/>
		<feat xlink:href="#sSpan1002" value="ccomp"/>
		<feat xlink:href="#sSpan1007" value="case"/>
		<feat xlink:href="#sSpan1011" value="obl"/>
		<feat xlink:href="#sSpan1013" value="case"/>
		<feat xlink:href="#sSpan1018" value="obl"/>
		<feat xlink:href="#sSpan1023" value="punct"/>
		<feat xlink:href="#sSpan1027" value="aux"/>
		<feat xlink:href="#sSpan1035" value="nsubj"/>
		<feat xlink:href="#sSpan1037" value="root"/>
		<feat xlink:href="#sSpan1039" value="mark"/>
		<feat xlink:href="#sSpan1043" value="det"/>
		<feat xlink:href="#sSpan1046" value="ccomp"/>
		<feat xlink:href="#sSpan1051" value="case"/>
		<feat xlink:href="#sSpan1055" value="nmod"/>
		<feat xlink:href="#sSpan1057" value="cop"/>
		<feat xlink:href="#sSpan1061" value="det"/>
		<feat xlink:href="#sSpan1067" value="nsubj"/>
		<feat xlink:href="#sSpan1070" value="case"/>
		<feat xlink:href="#sSpan1074" value="det"/>
		<feat xlink:href="#sSpan1078" value="nmod"/>
		<feat xlink:href="#sSpan1080" value="cc"/>
		<feat xlink:href="#sSpan1085" value="det"/>
		<feat xlink:href="#sSpan1088" value="conj"/>
		<feat xlink:href="#sSpan1090" value="case"/>
		<feat xlink:href="#sSpan1095" value="nmod"/>
		<feat xlink:href="#sSpan1101" value="case"/>
		<feat xlink:href="#sSpan1105" value="det"/>
		<feat xlink:href="#sSpan1108" value="nmod"/>
		<feat xlink:href="#sSpan1110" value="advmod"/>
		<feat xlink:href="#sSpan1115" value="det"/>
		<feat xlink:href="#sSpan1117" value="punct"/>
		<feat xlink:href="#sSpan1121" value="case"/>
		<feat xlink:href="#sSpan1129" value="det"/>
		<feat xlink:href="#sSpan1132" value="root"/>
		<feat xlink:href="#sSpan1135" value="advmod"/>
		<feat xlink:href="#sSpan1139" value="mark"/>
		<feat xlink:href="#sSpan1144" value="det"/>
		<feat xlink:href="#sSpan1147" value="nsubj"/>
		<feat xlink:href="#sSpan1149" value="aux"/>
		<feat xlink:href="#sSpan1153" value="acl:relcl"/>
		<feat xlink:href="#sSpan1156" value="det"/>
		<feat xlink:href="#sSpan1159" value="obj"/>
		<feat xlink:href="#sSpan1161" value="advmod"/>
		<feat xlink:href="#sSpan1165" value="case"/>
		<feat xlink:href="#sSpan1170" value="det"/>
		<feat xlink:href="#sSpan1174" value="obl"/>
		<feat xlink:href="#sSpan1176" value="case"/>
		<feat xlink:href="#sSpan1180" value="det"/>
		<feat xlink:href="#sSpan1184" value="nmod"/>
		<feat xlink:href="#sSpan1186" value="aux"/>
		<feat xlink:href="#sSpan1191" value="nsubj"/>
		<feat xlink:href="#sSpan1193" value="advcl"/>
		<feat xlink:href="#sSpan1195" value="case"/>
		<feat xlink:href="#sSpan1199" value="det"/>
		<feat xlink:href="#sSpan1203" value="obl"/>
		<feat xlink:href="#sSpan1206" value="punct"/>
		<feat xlink:href="#sSpan1210" value="aux"/>
		<feat xlink:href="#sSpan1214" value="det"/>
		<feat xlink:href="#sSpan1218" value="nsubj"/>
		<feat xlink:href="#sSpan1221" value="parataxis"/>
		<feat xlink:href="#sSpan1225" value="case"/>
		<feat xlink:href="#sSpan1229" value="det"/>
		<feat xlink:href="#sSpan1232" value="obl"/>
		<feat xlink:href="#sSpan1235" value="aux"/>
		<feat xlink:href="#sSpan1239" value="nsubj"/>
		<feat xlink:href="#sSpan1241" value="advcl"/>
		<feat xlink:href="#sSpan1243" value="case"/>
		<feat xlink:href="#sSpan1247" value="obl"/>
		<feat xlink:href="#sSpan1249" value="case"/>
		<feat xlink:href="#sSpan1254" value="det"/>
		<feat xlink:href="#sSpan1258" value="obj"/>
		<feat xlink:href="#sSpan1260" value="punct"/>
		<feat xlink:href="#sSpan1265" value="dislocated"/>
		<feat xlink:href="#sSpan1274" value="aux"/>
		<feat xlink:href="#sSpan1278" value="nsubj"/>
		<feat xlink:href="#sSpan1280" value="root"/>
		<feat xlink:href="#sSpan1282" value="aux"/>
		<feat xlink:href="#sSpan1287" value="nsubj"/>
		<feat xlink:href="#sSpan1291" value="parataxis"/>
		<feat xlink:href="#sSpan1295" value="case"/>
		<feat xlink:href="#sSpan1299" value="obl"/>
		<feat xlink:href="#sSpan1301" value="aux"/>
		<feat xlink:href="#sSpan1306" value="nsubj"/>
		<feat xlink:href="#sSpan1308" value="parataxis"/>
		<feat xlink:href="#sSpan1310" value="case"/>
		<feat xlink:href="#sSpan1314" value="obl"/>
		<feat xlink:href="#sSpan1316" value="case"/>
		<feat xlink:href="#sSpan1320" value="det"/>
		<feat xlink:href="#sSpan1324" value="obj"/>
		<feat xlink:href="#sSpan1327" value="mark"/>
		<feat xlink:href="#sSpan1332" value="acl:relcl"/>
		<feat xlink:href="#sSpan1336" value="cop"/>
		<feat xlink:href="#sSpan1340" value="punct"/>
		<feat xlink:href="#sSpan1345" value="dislocated"/>
		<feat xlink:href="#sSpan1353" value="aux"/>
		<feat xlink:href="#sSpan1358" value="nsubj"/>
		<feat xlink:href="#sSpan1360" value="root"/>
		<feat xlink:href="#sSpan1362" value="aux"/>
		<feat xlink:href="#sSpan1366" value="det"/>
		<feat xlink:href="#sSpan1370" value="nsubj"/>
		<feat xlink:href="#sSpan1372" value="parataxis"/>
		<feat xlink:href="#sSpan1377" value="case"/>
		<feat xlink:href="#sSpan1381" value="obl"/>
		<feat xlink:href="#sSpan1383" value="aux"/>
		<feat xlink:href="#sSpan1387" value="nsubj"/>
		<feat xlink:href="#sSpan1389" value="parataxis"/>
		<feat xlink:href="#sSpan1391" value="det"/>
		<feat xlink:href="#sSpan1395" value="xcomp"/>
		<feat xlink:href="#sSpan1398" value="case"/>
		<feat xlink:href="#sSpan1402" value="nmod"/>
		<feat xlink:href="#sSpan1405" value="xcomp"/>
		<feat xlink:href="#sSpan1410" value="advmod"/>
		<feat xlink:href="#sSpan1415" value="case"/>
		<feat xlink:href="#sSpan1419" value="det"/>
		<feat xlink:href="#sSpan1423" value="obl"/>
		<feat xlink:href="#sSpan1425" value="case"/>
		<feat xlink:href="#sSpan1429" value="nmod"/>
		<feat xlink:href="#sSpan1433" value="punct"/>
		<feat xlink:href="#sSpan1438" value="advmod"/>
		<feat xlink:href="#sSpan1442" value="advmod"/>
		<feat xlink:href="#sSpan1447" value="aux"/>
		<feat xlink:href="#sSpan1451" value="nsubj"/>
		<feat xlink:href="#sSpan1453" value="parataxis"/>
		<feat xlink:href="#sSpan1455" value="aux"/>
		<feat xlink:href="#sSpan1459" value="nsubj"/>
		<feat xlink:href="#sSpan1461" value="parataxis"/>
		<feat xlink:href="#sSpan1465" value="obj"/>
		<feat xlink:href="#sSpan1468" value="punct"/>
		<feat xlink:href="#sSpan1473" value="dislocated"/>
		<feat xlink:href="#sSpan1482" value="aux"/>
		<feat xlink:href="#sSpan1486" value="nsubj"/>
		<feat xlink:href="#sSpan1488" value="root"/>
		<feat xlink:href="#sSpan1490" value="aux"/>
		<feat xlink:href="#sSpan1494" value="det"/>
		<feat xlink:href="#sSpan1498" value="nsubj"/>
		<feat xlink:href="#sSpan1501" value="parataxis"/>
		<feat xlink:href="#sSpan1505" value="case"/>
		<feat xlink:href="#sSpan1509" value="obl"/>
		<feat xlink:href="#sSpan1511" value="punct"/>
		<feat xlink:href="#sSpan1516" value="dislocated"/>
		<feat xlink:href="#sSpan1522" value="cc"/>
		<feat xlink:href="#sSpan1527" value="conj"/>
		<feat xlink:href="#sSpan1530" value="aux"/>
		<feat xlink:href="#sSpan1534" value="nsubj"/>
		<feat xlink:href="#sSpan1536" value="parataxis"/>
		<feat xlink:href="#sSpan1539" value="aux"/>
		<feat xlink:href="#sSpan1543" value="det"/>
		<feat xlink:href="#sSpan1547" value="nsubj"/>
		<feat xlink:href="#sSpan1549" value="parataxis"/>
		<feat xlink:href="#sSpan1554" value="case"/>
		<feat xlink:href="#sSpan1558" value="obl"/>
		<feat xlink:href="#sSpan1560" value="aux"/>
		<feat xlink:href="#sSpan1564" value="nsubj"/>
		<feat xlink:href="#sSpan1566" value="parataxis"/>
		<feat xlink:href="#sSpan1568" value="case"/>
		<feat xlink:href="#sSpan1573" value="dislocated"/>
		<feat xlink:href="#sSpan1576" value="case"/>
		<feat xlink:href="#sSpan1580" value="det"/>
		<feat xlink:href="#sSpan1583" value="nmod"/>
		<feat xlink:href="#sSpan1586" value="dislocated"/>
		<feat xlink:href="#sSpan1595" value="aux"/>
		<feat xlink:href="#sSpan1599" value="nsubj"/>
		<feat xlink:href="#sSpan1601" value="root"/>
		<feat xlink:href="#sSpan1603" value="aux"/>
		<feat xlink:href="#sSpan1607" value="nsubj"/>
		<feat xlink:href="#sSpan1609" value="parataxis"/>
		<feat xlink:href="#sSpan1612" value="case"/>
		<feat xlink:href="#sSpan1616" value="det"/>
		<feat xlink:href="#sSpan1620" value="obl"/>
		<feat xlink:href="#sSpan1623" value="dislocated"/>
		<feat xlink:href="#sSpan1629" value="aux"/>
		<feat xlink:href="#sSpan1633" value="nsubj"/>
		<feat xlink:href="#sSpan1635" value="parataxis"/>
		<feat xlink:href="#sSpan1637" value="aux"/>
		<feat xlink:href="#sSpan1643" value="nsubj"/>
		<feat xlink:href="#sSpan1646" value="parataxis"/>
		<feat xlink:href="#sSpan1650" value="case"/>
		<feat xlink:href="#sSpan1654" value="obl"/>
		<feat xlink:href="#sSpan1656" value="aux"/>
		<feat xlink:href="#sSpan1661" value="nsubj"/>
		<feat xlink:href="#sSpan1663" value="parataxis"/>
		<feat xlink:href="#sSpan1665" value="obj"/>
		<feat xlink:href="#sSpan1667" value="punct"/>
		<feat xlink:href="#sSpan1671" value="case"/>
		<feat xlink:href="#sSpan1679" value="obl"/>
		<feat xlink:href="#sSpan1682" value="aux"/>
		<feat xlink:href="#sSpan1687" value="nsubj"/>
		<feat xlink:href="#sSpan1689" value="root"/>
		<feat xlink:href="#sSpan1691" value="case"/>
		<feat xlink:href="#sSpan1695" value="obl"/>
		<feat xlink:href="#sSpan1699" value="det"/>
		<feat xlink:href="#sSpan1703" value="case"/>
		<feat xlink:href="#sSpan1707" value="obl"/>
		<feat xlink:href="#sSpan1711" value="punct"/>
		<feat xlink:href="#sSpan1715" value="parataxis"/>
		<feat xlink:href="#sSpan1719" value="nsubj"/>
		<feat xlink:href="#sSpan1721" value="case"/>
		<feat xlink:href="#sSpan1725" value="det"/>
		<feat xlink:href="#sSpan1729" value="dislocated"/>
		<feat xlink:href="#sSpan1733" value="mark"/>
		<feat xlink:href="#sSpan1737" value="ccomp"/>
		<feat xlink:href="#sSpan1739" value="case"/>
		<feat xlink:href="#sSpan1744" value="obl"/>
		<feat xlink:href="#sSpan1747" value="punct"/>
		<feat xlink:href="#sSpan1751" value="root"/>
		<feat xlink:href="#sSpan1760" value="advmod"/>
		<feat xlink:href="#sSpan1765" value="mark"/>
		<feat xlink:href="#sSpan1769" value="acl:relcl"/>
		<feat xlink:href="#sSpan1771" value="case"/>
		<feat xlink:href="#sSpan1776" value="obl"/>
		<feat xlink:href="#sSpan1779" value="cop"/>
		<feat xlink:href="#sSpan1785" value="parataxis"/>
		<feat xlink:href="#sSpan1787" value="cop"/>
		<feat xlink:href="#sSpan1791" value="aux"/>
		<feat xlink:href="#sSpan1795" value="nsubj"/>
		<feat xlink:href="#sSpan1798" value="parataxis"/>
		<feat xlink:href="#sSpan1801" value="case"/>
		<feat xlink:href="#sSpan1805" value="obj"/>
		<feat xlink:href="#sSpan1807" value="case"/>
		<feat xlink:href="#sSpan1813" value="obl"/>
		<feat xlink:href="#sSpan1816" value="advmod"/>
		<feat xlink:href="#sSpan1820" value="nummod"/>
		<feat xlink:href="#sSpan1825" value="case"/>
		<feat xlink:href="#sSpan1830" value="advcl"/>
		<feat xlink:href="#sSpan1832" value="nsubj"/>
		<feat xlink:href="#sSpan1837" value="parataxis"/>
		<feat xlink:href="#sSpan1839" value="cc"/>
		<feat xlink:href="#sSpan1844" value="nsubj"/>
		<feat xlink:href="#sSpan1848" value="conj"/>
		<feat xlink:href="#sSpan1850" value="case"/>
		<feat xlink:href="#sSpan1854" value="det"/>
		<feat xlink:href="#sSpan1858" value="obl"/>
		<feat xlink:href="#sSpan1860" value="mark"/>
		<feat xlink:href="#sSpan1864" value="acl:relcl"/>
		<feat xlink:href="#sSpan1866" value="punct"/>
		<feat xlink:href="#sSpan1870" value="dislocated"/>
		<feat xlink:href="#sSpan1878" value="mark"/>
		<feat xlink:href="#sSpan1882" value="nsubj"/>
		<feat xlink:href="#sSpan1884" value="case"/>
		<feat xlink:href="#sSpan1886" value="det"/>
		<feat xlink:href="#sSpan1889" value="advcl"/>
		<feat xlink:href="#sSpan1891" value="det"/>
		<feat xlink:href="#sSpan1895" value="aux"/>
		<feat xlink:href="#sSpan1900" value="det"/>
		<feat xlink:href="#sSpan1903" value="nsubj"/>
		<feat xlink:href="#sSpan1905" value="root"/>
		<feat xlink:href="#sSpan1910" value="case"/>
		<feat xlink:href="#sSpan1914" value="obl"/>
		<feat xlink:href="#sSpan1916" value="case"/>
		<feat xlink:href="#sSpan1920" value="obl"/>
		<feat xlink:href="#sSpan1923" value="punct"/>
		<feat xlink:href="#sSpan1927" value="parataxis"/>
		<feat xlink:href="#sSpan1932" value="mark"/>
		<feat xlink:href="#sSpan1936" value="nsubj"/>
		<feat xlink:href="#sSpan1938" value="aux"/>
		<feat xlink:href="#sSpan1940" value="advcl"/>
		<feat xlink:href="#sSpan1942" value="aux"/>
		<feat xlink:href="#sSpan1947" value="nsubj"/>
		<feat xlink:href="#sSpan1949" value="parataxis"/>
		<feat xlink:href="#sSpan1951" value="mark"/>
		<feat xlink:href="#sSpan1955" value="nsubj"/>
		<feat xlink:href="#sSpan1957" value="advcl"/>
		<feat xlink:href="#sSpan1960" value="case"/>
		<feat xlink:href="#sSpan1965" value="obl"/>
		<feat xlink:href="#sSpan1968" value="punct"/>
		<feat xlink:href="#sSpan1972" value="mark"/>
		<feat xlink:href="#sSpan1980" value="nsubj"/>
		<feat xlink:href="#sSpan1982" value="case"/>
		<feat xlink:href="#sSpan1984" value="det"/>
		<feat xlink:href="#sSpan1988" value="nsubj"/>
		<feat xlink:href="#sSpan1991" value="root"/>
		<feat xlink:href="#sSpan1995" value="punct"/>
		<feat xlink:href="#sSpan1999" value="cc"/>
		<feat xlink:href="#sSpan2003" value="det"/>
		<feat xlink:href="#sSpan2009" value="nsubj"/>
		<feat xlink:href="#sSpan2011" value="aux"/>
		<feat xlink:href="#sSpan2015" value="conj"/>
		<feat xlink:href="#sSpan2017" value="advmod"/>
		<feat xlink:href="#sSpan2022" value="case"/>
		<feat xlink:href="#sSpan2026" value="obl"/>
		<feat xlink:href="#sSpan2028" value="punct"/>
		<feat xlink:href="#sSpan2032" value="mark"/>
		<feat xlink:href="#sSpan2037" value="nsubj"/>
		<feat xlink:href="#sSpan2039" value="advcl"/>
		<feat xlink:href="#sSpan2041" value="mark"/>
		<feat xlink:href="#sSpan2045" value="advcl"/>
		<feat xlink:href="#sSpan2047" value="case"/>
		<feat xlink:href="#sSpan2052" value="obl"/>
		<feat xlink:href="#sSpan2055" value="advcl"/>
		<feat xlink:href="#sSpan2059" value="cc"/>
		<feat xlink:href="#sSpan2063" value="nsubj"/>
		<feat xlink:href="#sSpan2068" value="aux"/>
		<feat xlink:href="#sSpan2070" value="conj"/>
		<feat xlink:href="#sSpan2072" value="mark"/>
		<feat xlink:href="#sSpan2076" value="xcomp"/>
		<feat xlink:href="#sSpan2078" value="punct"/>
		<feat xlink:href="#sSpan2082" value="nsubj"/>
		<feat xlink:href="#sSpan2090" value="root"/>
		<feat xlink:href="#sSpan2092" value="obj"/>
		<feat xlink:href="#sSpan2094" value="case"/>
		<feat xlink:href="#sSpan2099" value="det"/>
		<feat xlink:href="#sSpan2103" value="obl"/>
		<feat xlink:href="#sSpan2105" value="advcl"/>
		<feat xlink:href="#sSpan2109" value="aux"/>
		<feat xlink:href="#sSpan2114" value="nsubj"/>
		<feat xlink:href="#sSpan2116" value="advcl"/>
		<feat xlink:href="#sSpan2119" value="aux"/>
		<feat xlink:href="#sSpan2124" value="det"/>
		<feat xlink:href="#sSpan2127" value="nsubj"/>
		<feat xlink:href="#sSpan2129" value="parataxis"/>
		<feat xlink:href="#sSpan2133" value="case"/>
		<feat xlink:href="#sSpan2138" value="det"/>
		<feat xlink:href="#sSpan2141" value="obl"/>
		<feat xlink:href="#sSpan2143" value="cc"/>
		<feat xlink:href="#sSpan2147" value="conj"/>
		<feat xlink:href="#sSpan2150" value="mark"/>
		<feat xlink:href="#sSpan2153" value="nsubj"/>
		<feat xlink:href="#sSpan2155" value="aux"/>
		<feat xlink:href="#sSpan2157" value="acl:relcl"/>
		<feat xlink:href="#sSpan2159" value="case"/>
		<feat xlink:href="#sSpan2164" value="obl"/>
		<feat xlink:href="#sSpan2166" value="advmod"/>
		<feat xlink:href="#sSpan2170" value="det"/>
		<feat xlink:href="#sSpan2172" value="punct"/>
		<feat xlink:href="#sSpan2177" value="cc"/>
		<feat xlink:href="#sSpan2184" value="nsubj"/>
		<feat xlink:href="#sSpan2189" value="root"/>
		<feat xlink:href="#sSpan2192" value="cc"/>
		<feat xlink:href="#sSpan2196" value="mark"/>
		<feat xlink:href="#sSpan2201" value="nsubj"/>
		<feat xlink:href="#sSpan2203" value="conj"/>
		<feat xlink:href="#sSpan2205" value="punct"/>
		<feat xlink:href="#sSpan2210" value="cc"/>
		<feat xlink:href="#sSpan2214" value="mark"/>
		<feat xlink:href="#sSpan2218" value="nsubj"/>
		<feat xlink:href="#sSpan2221" value="conj"/>
		<feat xlink:href="#sSpan2224" value="case"/>
		<feat xlink:href="#sSpan2228" value="det"/>
		<feat xlink:href="#sSpan2231" value="obj"/>
		<feat xlink:href="#sSpan2234" value="punct"/>
		<feat xlink:href="#sSpan2238" value="parataxis"/>
		<feat xlink:href="#sSpan2242" value="obj"/>
		<feat xlink:href="#sSpan2246" value="det"/>
		<feat xlink:href="#sSpan2250" value="mark"/>
		<feat xlink:href="#sSpan2255" value="nsubj"/>
		<feat xlink:href="#sSpan2258" value="advcl"/>
		<feat xlink:href="#sSpan2261" value="case"/>
		<feat xlink:href="#sSpan2265" value="det"/>
		<feat xlink:href="#sSpan2268" value="obl"/>
		<feat xlink:href="#sSpan2271" value="punct"/>
		<feat xlink:href="#sSpan2275" value="case"/>
		<feat xlink:href="#sSpan2283" value="obl"/>
		<feat xlink:href="#sSpan2287" value="advmod"/>
		<feat xlink:href="#sSpan2292" value="advmod"/>
		<feat xlink:href="#sSpan2296" value="det"/>
		<feat xlink:href="#sSpan2298" value="punct"/>
		<feat xlink:href="#sSpan2302" value="aux"/>
		<feat xlink:href="#sSpan2306" value="nsubj"/>
		<feat xlink:href="#sSpan2309" value="root"/>
		<feat xlink:href="#sSpan2316" value="case"/>
		<feat xlink:href="#sSpan2320" value="det"/>
		<feat xlink:href="#sSpan2323" value="obj"/>
		<feat xlink:href="#sSpan2325" value="mark"/>
		<feat xlink:href="#sSpan2330" value="acl:relcl"/>
		<feat xlink:href="#sSpan2332" value="punct"/>
		<feat xlink:href="#sSpan2336" value="case"/>
		<feat xlink:href="#sSpan2340" value="obl"/>
		<feat xlink:href="#sSpan2343" value="mark"/>
		<feat xlink:href="#sSpan2345" value="acl:relcl"/>
		<feat xlink:href="#sSpan2348" value="nsubj"/>
		<feat xlink:href="#sSpan2350" value="nsubj"/>
		<feat xlink:href="#sSpan2354" value="det"/>
		<feat xlink:href="#sSpan2359" value="appos"/>
		<feat xlink:href="#sSpan2363" value="appos"/>
		<feat xlink:href="#sSpan2367" value="det"/>
		<feat xlink:href="#sSpan2372" value="appos"/>
		<feat xlink:href="#sSpan2374" value="punct"/>
		<feat xlink:href="#sSpan2378" value="root"/>
		<feat xlink:href="#sSpan2386" value="mark"/>
		<feat xlink:href="#sSpan2391" value="det"/>
		<feat xlink:href="#sSpan2394" value="nsubj"/>
		<feat xlink:href="#sSpan2397" value="acl:relcl"/>
		<feat xlink:href="#sSpan2401" value="case"/>
		<feat xlink:href="#sSpan2406" value="obl"/>
		<feat xlink:href="#sSpan2408" value="punct"/>
		<feat xlink:href="#sSpan2412" value="cc"/>
		<feat xlink:href="#sSpan2416" value="det"/>
		<feat xlink:href="#sSpan2419" value="conj"/>
		<feat xlink:href="#sSpan2421" value="cc"/>
		<feat xlink:href="#sSpan2426" value="det"/>
		<feat xlink:href="#sSpan2429" value="conj"/>
		<feat xlink:href="#sSpan2431" value="case"/>
		<feat xlink:href="#sSpan2435" value="det"/>
		<feat xlink:href="#sSpan2440" value="obl"/>
		<feat xlink:href="#sSpan2442" value="advmod"/>
		<feat xlink:href="#sSpan2446" value="det"/>
		<feat xlink:href="#sSpan2448" value="cc"/>
		<feat xlink:href="#sSpan2453" value="case"/>
		<feat xlink:href="#sSpan2457" value="det"/>
		<feat xlink:href="#sSpan2461" value="conj"/>
		<feat xlink:href="#sSpan2463" value="advmod"/>
		<feat xlink:href="#sSpan2468" value="det"/>
		<feat xlink:href="#sSpan2470" value="case"/>
		<feat xlink:href="#sSpan2475" value="nmod"/>
		<feat xlink:href="#sSpan2478" value="discourse"/></featList></paula>