<?xml version='1.0' encoding='UTF-8'?><!DOCTYPE paula SYSTEM "paula_feat.dtd">
<paula version="1.1">
	<header paula_id="scriptorium.cross.michbr295-297.mark_multiword"/>
	<featList xmlns:xlink="http://www.w3.org/1999/xlink" type="multiword" xml:base="scriptorium.cross.michbr295-297.mark.xml">
		<feat xlink:href="#sSpan445" value="ⲛⲏⲩ ⲉⲃⲟⲗ"/>
		<feat xlink:href="#sSpan899" value="ⲉⲃⲟⲗ ϩⲛ"/>
		<feat xlink:href="#sSpan1409" value="ⲃⲱⲗ ⲉⲃⲟⲗ"/>
		<feat xlink:href="#sSpan1673" value="ⲉⲧⲃⲉ ⲡⲁⲓ"/>
		<feat xlink:href="#sSpan1809" value="ⲉⲧⲃⲉ ⲡⲁⲓ"/>
		<feat xlink:href="#sSpan2223" value="ⲉⲓⲣⲉ ⲛ"/>
		<feat xlink:href="#sSpan2244" value="ϩⲱⲃ ⲛⲓⲙ"/></featList></paula>