<?xml version='1.0' encoding='UTF-8'?><!DOCTYPE paula SYSTEM "paula_feat.dtd">
<paula version="1.1">
	<header paula_id="scriptorium.cross.michbr295-297.mark_lang"/>
	<featList xmlns:xlink="http://www.w3.org/1999/xlink" type="lang" xml:base="scriptorium.cross.michbr295-297.mark.xml">
		<feat xlink:href="#sSpan14" value="Greek"/>
		<feat xlink:href="#sSpan26" value="Greek"/>
		<feat xlink:href="#sSpan70" value="Greek"/>
		<feat xlink:href="#sSpan86" value="Greek"/>
		<feat xlink:href="#sSpan108" value="Greek"/>
		<feat xlink:href="#sSpan139" value="Greek"/>
		<feat xlink:href="#sSpan151" value="Greek"/>
		<feat xlink:href="#sSpan162" value="Greek"/>
		<feat xlink:href="#sSpan215" value="Greek"/>
		<feat xlink:href="#sSpan255" value="Greek"/>
		<feat xlink:href="#sSpan304" value="Greek"/>
		<feat xlink:href="#sSpan316" value="Greek"/>
		<feat xlink:href="#sSpan327" value="Greek"/>
		<feat xlink:href="#sSpan347" value="Greek"/>
		<feat xlink:href="#sSpan391" value="Greek"/>
		<feat xlink:href="#sSpan403" value="Greek"/>
		<feat xlink:href="#sSpan433" value="Greek"/>
		<feat xlink:href="#sSpan454" value="Greek"/>
		<feat xlink:href="#sSpan472" value="Greek"/>
		<feat xlink:href="#sSpan484" value="Greek"/>
		<feat xlink:href="#sSpan509" value="Greek"/>
		<feat xlink:href="#sSpan521" value="Greek"/>
		<feat xlink:href="#sSpan566" value="Greek"/>
		<feat xlink:href="#sSpan578" value="Greek"/>
		<feat xlink:href="#sSpan590" value="Greek"/>
		<feat xlink:href="#sSpan603" value="Greek"/>
		<feat xlink:href="#sSpan637" value="Greek"/>
		<feat xlink:href="#sSpan656" value="Greek"/>
		<feat xlink:href="#sSpan685" value="Greek"/>
		<feat xlink:href="#sSpan757" value="Greek"/>
		<feat xlink:href="#sSpan942" value="Greek"/>
		<feat xlink:href="#sSpan958" value="Greek"/>
		<feat xlink:href="#sSpan971" value="Greek"/>
		<feat xlink:href="#sSpan1066" value="Greek"/>
		<feat xlink:href="#sSpan1077" value="Greek"/>
		<feat xlink:href="#sSpan1094" value="Greek"/>
		<feat xlink:href="#sSpan1134" value="Greek"/>
		<feat xlink:href="#sSpan1173" value="Greek"/>
		<feat xlink:href="#sSpan1183" value="Greek"/>
		<feat xlink:href="#sSpan1202" value="Greek"/>
		<feat xlink:href="#sSpan1217" value="Greek"/>
		<feat xlink:href="#sSpan1257" value="Greek"/>
		<feat xlink:href="#sSpan1264" value="Hebrew"/>
		<feat xlink:href="#sSpan1286" value="Hebrew"/>
		<feat xlink:href="#sSpan1323" value="Greek"/>
		<feat xlink:href="#sSpan1331" value="Hebrew"/>
		<feat xlink:href="#sSpan1344" value="Greek"/>
		<feat xlink:href="#sSpan1369" value="Greek"/>
		<feat xlink:href="#sSpan1394" value="Greek"/>
		<feat xlink:href="#sSpan1422" value="Greek"/>
		<feat xlink:href="#sSpan1437" value="Greek"/>
		<feat xlink:href="#sSpan1464" value="Hebrew"/>
		<feat xlink:href="#sSpan1472" value="Latin"/>
		<feat xlink:href="#sSpan1497" value="Greek"/>
		<feat xlink:href="#sSpan1515" value="Greek"/>
		<feat xlink:href="#sSpan1526" value="Greek"/>
		<feat xlink:href="#sSpan1546" value="Greek"/>
		<feat xlink:href="#sSpan1585" value="Hebrew"/>
		<feat xlink:href="#sSpan1619" value="Hebrew"/>
		<feat xlink:href="#sSpan1622" value="Greek"/>
		<feat xlink:href="#sSpan1642" value="Hebrew"/>
		<feat xlink:href="#sSpan1728" value="Greek"/>
		<feat xlink:href="#sSpan1759" value="Greek"/>
		<feat xlink:href="#sSpan1775" value="Greek"/>
		<feat xlink:href="#sSpan1797" value="Greek"/>
		<feat xlink:href="#sSpan1836" value="Greek"/>
		<feat xlink:href="#sSpan1964" value="Greek"/>
		<feat xlink:href="#sSpan1987" value="Greek"/>
		<feat xlink:href="#sSpan2102" value="Greek"/>
		<feat xlink:href="#sSpan2176" value="Greek"/>
		<feat xlink:href="#sSpan2191" value="Greek"/>
		<feat xlink:href="#sSpan2209" value="Greek"/>
		<feat xlink:href="#sSpan2286" value="Greek"/>
		<feat xlink:href="#sSpan2362" value="Hebrew"/>
		<feat xlink:href="#sSpan2371" value="Greek"/>
		<feat xlink:href="#sSpan2396" value="Greek"/>
		<feat xlink:href="#sSpan2439" value="Greek"/>
		<feat xlink:href="#sSpan2460" value="Greek"/>
		<feat xlink:href="#sSpan2474" value="Greek"/>
		<feat xlink:href="#sSpan2477" value="Hebrew"/></featList></paula>