<?xml version='1.0' encoding='UTF-8'?><!DOCTYPE paula SYSTEM "paula_feat.dtd">
<paula version="1.1">
	<header paula_id="scriptorium.cross.michbr295-297.mark_entity"/>
	<featList xmlns:xlink="http://www.w3.org/1999/xlink" type="entity" xml:base="scriptorium.cross.michbr295-297.mark.xml">
		<feat xlink:href="#sSpan3" value="object"/>
		<feat xlink:href="#sSpan25" value="object"/>
		<feat xlink:href="#sSpan36" value="substance"/>
		<feat xlink:href="#sSpan47" value="object"/>
		<feat xlink:href="#sSpan79" value="object"/>
		<feat xlink:href="#sSpan97" value="person"/>
		<feat xlink:href="#sSpan107" value="person"/>
		<feat xlink:href="#sSpan132" value="object"/>
		<feat xlink:href="#sSpan150" value="person"/>
		<feat xlink:href="#sSpan161" value="person"/>
		<feat xlink:href="#sSpan184" value="object"/>
		<feat xlink:href="#sSpan198" value="object"/>
		<feat xlink:href="#sSpan208" value="object"/>
		<feat xlink:href="#sSpan226" value="abstract"/>
		<feat xlink:href="#sSpan236" value="person"/>
		<feat xlink:href="#sSpan248" value="object"/>
		<feat xlink:href="#sSpan266" value="person"/>
		<feat xlink:href="#sSpan276" value="person"/>
		<feat xlink:href="#sSpan287" value="place"/>
		<feat xlink:href="#sSpan297" value="object"/>
		<feat xlink:href="#sSpan315" value="abstract"/>
		<feat xlink:href="#sSpan326" value="place"/>
		<feat xlink:href="#sSpan343" value="object"/>
		<feat xlink:href="#sSpan358" value="abstract"/>
		<feat xlink:href="#sSpan368" value="abstract"/>
		<feat xlink:href="#sSpan377" value="abstract"/>
		<feat xlink:href="#sSpan384" value="object"/>
		<feat xlink:href="#sSpan402" value="abstract"/>
		<feat xlink:href="#sSpan413" value="person"/>
		<feat xlink:href="#sSpan422" value="time"/>
		<feat xlink:href="#sSpan432" value="abstract"/>
		<feat xlink:href="#sSpan457" value="object"/>
		<feat xlink:href="#sSpan465" value="object"/>
		<feat xlink:href="#sSpan483" value="person"/>
		<feat xlink:href="#sSpan494" value="abstract"/>
		<feat xlink:href="#sSpan505" value="object"/>
		<feat xlink:href="#sSpan520" value="person"/>
		<feat xlink:href="#sSpan531" value="person"/>
		<feat xlink:href="#sSpan543" value="abstract"/>
		<feat xlink:href="#sSpan559" value="object"/>
		<feat xlink:href="#sSpan577" value="abstract"/>
		<feat xlink:href="#sSpan589" value="person"/>
		<feat xlink:href="#sSpan599" value="object"/>
		<feat xlink:href="#sSpan614" value="object"/>
		<feat xlink:href="#sSpan630" value="object"/>
		<feat xlink:href="#sSpan648" value="person"/>
		<feat xlink:href="#sSpan665" value="abstract"/>
		<feat xlink:href="#sSpan684" value="organization"/>
		<feat xlink:href="#sSpan701" value="place"/>
		<feat xlink:href="#sSpan726" value="person"/>
		<feat xlink:href="#sSpan746" value="object"/>
		<feat xlink:href="#sSpan755" value="object"/>
		<feat xlink:href="#sSpan768" value="person"/>
		<feat xlink:href="#sSpan789" value="substance"/>
		<feat xlink:href="#sSpan823" value="substance"/>
		<feat xlink:href="#sSpan832" value="substance"/>
		<feat xlink:href="#sSpan859" value="animal"/>
		<feat xlink:href="#sSpan878" value="place"/>
		<feat xlink:href="#sSpan891" value="object"/>
		<feat xlink:href="#sSpan906" value="abstract"/>
		<feat xlink:href="#sSpan927" value="object"/>
		<feat xlink:href="#sSpan941" value="object"/>
		<feat xlink:href="#sSpan954" value="animal"/>
		<feat xlink:href="#sSpan969" value="place"/>
		<feat xlink:href="#sSpan996" value="person"/>
		<feat xlink:href="#sSpan1020" value="abstract"/>
		<feat xlink:href="#sSpan1045" value="abstract"/>
		<feat xlink:href="#sSpan1065" value="abstract"/>
		<feat xlink:href="#sSpan1076" value="object"/>
		<feat xlink:href="#sSpan1087" value="abstract"/>
		<feat xlink:href="#sSpan1107" value="abstract"/>
		<feat xlink:href="#sSpan1131" value="time"/>
		<feat xlink:href="#sSpan1146" value="person"/>
		<feat xlink:href="#sSpan1158" value="object"/>
		<feat xlink:href="#sSpan1172" value="abstract"/>
		<feat xlink:href="#sSpan1182" value="object"/>
		<feat xlink:href="#sSpan1201" value="abstract"/>
		<feat xlink:href="#sSpan1216" value="person"/>
		<feat xlink:href="#sSpan1231" value="person"/>
		<feat xlink:href="#sSpan1256" value="abstract"/>
		<feat xlink:href="#sSpan1267" value="person"/>
		<feat xlink:href="#sSpan1289" value="person"/>
		<feat xlink:href="#sSpan1322" value="abstract"/>
		<feat xlink:href="#sSpan1334" value="person"/>
		<feat xlink:href="#sSpan1347" value="person"/>
		<feat xlink:href="#sSpan1368" value="person"/>
		<feat xlink:href="#sSpan1393" value="abstract"/>
		<feat xlink:href="#sSpan1404" value="object"/>
		<feat xlink:href="#sSpan1421" value="place"/>
		<feat xlink:href="#sSpan1431" value="object"/>
		<feat xlink:href="#sSpan1467" value="person"/>
		<feat xlink:href="#sSpan1475" value="person"/>
		<feat xlink:href="#sSpan1496" value="person"/>
		<feat xlink:href="#sSpan1518" value="person"/>
		<feat xlink:href="#sSpan1529" value="person"/>
		<feat xlink:href="#sSpan1545" value="person"/>
		<feat xlink:href="#sSpan1575" value="object"/>
		<feat xlink:href="#sSpan1582" value="place"/>
		<feat xlink:href="#sSpan1588" value="person"/>
		<feat xlink:href="#sSpan1618" value="organization"/>
		<feat xlink:href="#sSpan1625" value="person"/>
		<feat xlink:href="#sSpan1645" value="person"/>
		<feat xlink:href="#sSpan1681" value="abstract"/>
		<feat xlink:href="#sSpan1697" value="time"/>
		<feat xlink:href="#sSpan1709" value="abstract"/>
		<feat xlink:href="#sSpan1727" value="person"/>
		<feat xlink:href="#sSpan1746" value="abstract"/>
		<feat xlink:href="#sSpan1753" value="abstract"/>
		<feat xlink:href="#sSpan1778" value="person"/>
		<feat xlink:href="#sSpan1781" value="abstract"/>
		<feat xlink:href="#sSpan1815" value="abstract"/>
		<feat xlink:href="#sSpan1824" value="time"/>
		<feat xlink:href="#sSpan1856" value="place"/>
		<feat xlink:href="#sSpan1888" value="place"/>
		<feat xlink:href="#sSpan1902" value="abstract"/>
		<feat xlink:href="#sSpan1922" value="person"/>
		<feat xlink:href="#sSpan1967" value="abstract"/>
		<feat xlink:href="#sSpan1986" value="place"/>
		<feat xlink:href="#sSpan2005" value="person"/>
		<feat xlink:href="#sSpan2054" value="person"/>
		<feat xlink:href="#sSpan2101" value="event"/>
		<feat xlink:href="#sSpan2118" value="object"/>
		<feat xlink:href="#sSpan2126" value="person"/>
		<feat xlink:href="#sSpan2140" value="object"/>
		<feat xlink:href="#sSpan2149" value="person"/>
		<feat xlink:href="#sSpan2230" value="abstract"/>
		<feat xlink:href="#sSpan2245" value="abstract"/>
		<feat xlink:href="#sSpan2267" value="person"/>
		<feat xlink:href="#sSpan2285" value="abstract"/>
		<feat xlink:href="#sSpan2322" value="abstract"/>
		<feat xlink:href="#sSpan2342" value="abstract"/>
		<feat xlink:href="#sSpan2358" value="person"/>
		<feat xlink:href="#sSpan2382" value="person"/>
		<feat xlink:href="#sSpan2393" value="abstract"/>
		<feat xlink:href="#sSpan2418" value="abstract"/>
		<feat xlink:href="#sSpan2428" value="abstract"/>
		<feat xlink:href="#sSpan2437" value="person"/>
		<feat xlink:href="#sSpan2459" value="time"/></featList></paula>