<?xml version='1.0' encoding='UTF-8'?><!DOCTYPE paula SYSTEM "paula_feat.dtd">
<paula version="1.1">
	<header paula_id="scriptorium.cross.michbr295-297.mark_orig"/>
	<featList xmlns:xlink="http://www.w3.org/1999/xlink" type="orig" xml:base="scriptorium.cross.michbr295-297.mark.xml">
		<feat xlink:href="#sSpan2" value="ⲡⲉ"/>
		<feat xlink:href="#sSpan16" value="ⲥ̄ⳁⲟ︤ⲥ︥"/>
		<feat xlink:href="#sSpan18" value="ⲡⲉ"/>
		<feat xlink:href="#sSpan22" value="ⲧ"/>
		<feat xlink:href="#sSpan28" value="ⲗⲩⲭⲛⲓⲁ"/>
		<feat xlink:href="#sSpan30" value="ⲛ̄"/>
		<feat xlink:href="#sSpan35" value="ⲛⲟⲩⲃ"/>
		<feat xlink:href="#sSpan38" value="."/>
		<feat xlink:href="#sSpan42" value="ⲉ̄ⲣⲉ"/>
		<feat xlink:href="#sSpan46" value="ⲡ"/>
		<feat xlink:href="#sSpan49" value="ϩⲏⲃⲥ̄"/>
		<feat xlink:href="#sSpan52" value="ⲉ̄ⲧ"/>
		<feat xlink:href="#sSpan56" value="ⲟⲩⲁⲁⲃ"/>
		<feat xlink:href="#sSpan58" value="ϩⲓϫⲱ"/>
		<feat xlink:href="#sSpan62" value="ⲥ"/>
		<feat xlink:href="#sSpan64" value="ⲉ"/>
		<feat xlink:href="#sSpan69" value="ⲥ"/>
		<feat xlink:href="#sSpan72" value="ⲗⲁⲙⲡⲉⲩⲉ̄"/>
		<feat xlink:href="#sSpan74" value="."/>
		<feat xlink:href="#sSpan78" value="ⲡⲉ"/>
		<feat xlink:href="#sSpan88" value="ⲥ̄ⳁⲟ︤ⲥ︥"/>
		<feat xlink:href="#sSpan90" value="ⲡⲉ"/>
		<feat xlink:href="#sSpan94" value="ⲡ"/>
		<feat xlink:href="#sSpan99" value="ⲉⲓⲱⲧ"/>
		<feat xlink:href="#sSpan101" value="ⲛ̄"/>
		<feat xlink:href="#sSpan106" value="ⲛ"/>
		<feat xlink:href="#sSpan110" value="ⲟⲣⲫⲁⲛⲟⲥ"/>
		<feat xlink:href="#sSpan112" value="ⲉ"/>
		<feat xlink:href="#sSpan116" value="ϥ"/>
		<feat xlink:href="#sSpan118" value="ⲣⲟⲉⲓⲥ"/>
		<feat xlink:href="#sSpan121" value="ⲉ̄ⲣⲟ"/>
		<feat xlink:href="#sSpan125" value="ⲟⲩ"/>
		<feat xlink:href="#sSpan127" value="."/>
		<feat xlink:href="#sSpan131" value="ⲡⲉ"/>
		<feat xlink:href="#sSpan141" value="ⲥ̄ⳁⲟ︤ⲥ︥"/>
		<feat xlink:href="#sSpan143" value="ⲡⲉ"/>
		<feat xlink:href="#sSpan147" value="ⲡⲉ"/>
		<feat xlink:href="#sSpan153" value="ⲕⲣⲓⲧⲏⲥ"/>
		<feat xlink:href="#sSpan156" value="ⲛ̄"/>
		<feat xlink:href="#sSpan160" value="ⲛⲉ"/>
		<feat xlink:href="#sSpan164" value="ⲭⲏⲣⲁ"/>
		<feat xlink:href="#sSpan166" value="ⲉ"/>
		<feat xlink:href="#sSpan171" value="ϥ"/>
		<feat xlink:href="#sSpan173" value="ⲃⲱⲧⲉ"/>
		<feat xlink:href="#sSpan175" value="ⲉ̄ⲃⲟⲗ"/>
		<feat xlink:href="#sSpan179" value="ⲛ̄"/>
		<feat xlink:href="#sSpan183" value="ⲛⲉ"/>
		<feat xlink:href="#sSpan187" value="ⲣ̄ⲙⲉⲓⲟ̄ⲟⲩⲉ̄"/>
		<feat xlink:href="#sSpan191" value="ⲉⲧ"/>
		<feat xlink:href="#sSpan195" value="ϩ︤ⲛ︥"/>
		<feat xlink:href="#sSpan197" value="ⲛⲉⲩ"/>
		<feat xlink:href="#sSpan201" value="ⲃⲁⲗ"/>
		<feat xlink:href="#sSpan203" value="."/>
		<feat xlink:href="#sSpan207" value="ⲡⲉ"/>
		<feat xlink:href="#sSpan217" value="ⲥ̄ⳁⲟ︤ⲥ︥"/>
		<feat xlink:href="#sSpan219" value="ⲡⲉ"/>
		<feat xlink:href="#sSpan223" value="ⲡ"/>
		<feat xlink:href="#sSpan228" value="ⲥⲟⲗⲥⲗ"/>
		<feat xlink:href="#sSpan230" value="ⲛ"/>
		<feat xlink:href="#sSpan235" value="ⲛ̄"/>
		<feat xlink:href="#sSpan239" value="ⲣ︤ⲙ︥ⲛ̄ϭⲟⲓ̈ⲗⲉ"/>
		<feat xlink:href="#sSpan243" value="."/>
		<feat xlink:href="#sSpan247" value="ⲡⲉ"/>
		<feat xlink:href="#sSpan257" value="ⲥ̄ⳁⲟ︤ⲥ︥"/>
		<feat xlink:href="#sSpan259" value="ⲡⲉ"/>
		<feat xlink:href="#sSpan263" value="ⲡⲉ"/>
		<feat xlink:href="#sSpan268" value="ϣⲃⲏⲣ"/>
		<feat xlink:href="#sSpan270" value="ⲛ̄"/>
		<feat xlink:href="#sSpan275" value="ⲛ"/>
		<feat xlink:href="#sSpan278" value="ⲉⲧ"/>
		<feat xlink:href="#sSpan280" value="ϣⲟⲟⲡ"/>
		<feat xlink:href="#sSpan282" value="ϩ︤ⲙ︥"/>
		<feat xlink:href="#sSpan286" value="ⲡ"/>
		<feat xlink:href="#sSpan290" value="ϫⲁⲓ̈ⲉ"/>
		<feat xlink:href="#sSpan292" value="."/>
		<feat xlink:href="#sSpan296" value="ⲡⲉ"/>
		<feat xlink:href="#sSpan306" value="ⲥ̄ⳁⲟ︤ⲥ︥"/>
		<feat xlink:href="#sSpan308" value="ⲡⲉ"/>
		<feat xlink:href="#sSpan312" value="ⲧ"/>
		<feat xlink:href="#sSpan318" value="ⲕⲟⲥⲙⲏⲥⲓⲥ"/>
		<feat xlink:href="#sSpan321" value="ⲛ̄"/>
		<feat xlink:href="#sSpan325" value="ⲛⲉ"/>
		<feat xlink:href="#sSpan329" value="ⲑⲏⲥⲓⲁⲥⲧⲏⲣⲓⲟⲛ"/>
		<feat xlink:href="#sSpan332" value="ⲉ̄ⲧ"/>
		<feat xlink:href="#sSpan336" value="ⲟⲩⲁⲁⲃ"/>
		<feat xlink:href="#sSpan338" value="."/>
		<feat xlink:href="#sSpan342" value="ⲡⲉ"/>
		<feat xlink:href="#sSpan349" value="ⲥ̄ⳁⲟ︤ⲥ︥"/>
		<feat xlink:href="#sSpan351" value="ⲡⲉ"/>
		<feat xlink:href="#sSpan355" value="ⲡⲉ"/>
		<feat xlink:href="#sSpan360" value="ϩⲗⲟϭ"/>
		<feat xlink:href="#sSpan362" value="ⲛ̄"/>
		<feat xlink:href="#sSpan367" value="ⲛ"/>
		<feat xlink:href="#sSpan370" value="ⲉⲛⲧ"/>
		<feat xlink:href="#sSpan372" value="ⲁ"/>
		<feat xlink:href="#sSpan374" value="ⲩ"/>
		<feat xlink:href="#sSpan376" value="ⲥⲓϣⲉ"/>
		<feat xlink:href="#sSpan379" value="."/>
		<feat xlink:href="#sSpan383" value="ⲡⲉ"/>
		<feat xlink:href="#sSpan393" value="ⲥ̄ⳁⲟ︤ⲥ︥"/>
		<feat xlink:href="#sSpan395" value="ⲡⲉ"/>
		<feat xlink:href="#sSpan399" value="ⲧ"/>
		<feat xlink:href="#sSpan405" value="ⲃⲟⲏ̄ⲑⲓ"/>
		<feat xlink:href="#sSpan408" value="ⲉ"/>
		<feat xlink:href="#sSpan412" value="ⲡ"/>
		<feat xlink:href="#sSpan415" value="ⲣⲱⲙⲉ"/>
		<feat xlink:href="#sSpan417" value="ⲙ"/>
		<feat xlink:href="#sSpan421" value="ⲡ"/>
		<feat xlink:href="#sSpan424" value="ⲛⲁⲩ"/>
		<feat xlink:href="#sSpan427" value="ⲛ̄"/>
		<feat xlink:href="#sSpan431" value="ⲧⲉϥ"/>
		<feat xlink:href="#sSpan435" value="ⲁⲛⲁⲅⲕⲏ"/>
		<feat xlink:href="#sSpan437" value="ⲉ"/>
		<feat xlink:href="#sSpan442" value="ϥ"/>
		<feat xlink:href="#sSpan444" value="ⲛⲏⲩ"/>
		<feat xlink:href="#sSpan447" value="ⲉ̄ⲃⲟⲗ"/>
		<feat xlink:href="#sSpan451" value="ϩ︤ⲛ︥"/>
		<feat xlink:href="#sSpan456" value="ⲥⲱⲙⲁ"/>
		<feat xlink:href="#sSpan460" value="."/>
		<feat xlink:href="#sSpan464" value="ⲡⲉ"/>
		<feat xlink:href="#sSpan474" value="ⲥ̄ⳁⲟ︤ⲥ︥"/>
		<feat xlink:href="#sSpan476" value="ⲡⲉ"/>
		<feat xlink:href="#sSpan480" value="ⲡ"/>
		<feat xlink:href="#sSpan486" value="ⲇⲓⲟⲓⲕⲏⲧⲏⲥ"/>
		<feat xlink:href="#sSpan489" value="ⲛ︤"/>
		<feat xlink:href="#sSpan493" value="ⲛ︥"/>
		<feat xlink:href="#sSpan497" value="ⲛⲁⲏⲧ"/>
		<feat xlink:href="#sSpan500" value="."/>
		<feat xlink:href="#sSpan504" value="ⲡⲉ"/>
		<feat xlink:href="#sSpan511" value="ⲥ̄ⳁⲟ︤ⲥ︥"/>
		<feat xlink:href="#sSpan513" value="ⲡⲉ"/>
		<feat xlink:href="#sSpan517" value="ⲡ"/>
		<feat xlink:href="#sSpan523" value="ⲟⲓⲕⲟⲛⲟⲙⲟⲥ"/>
		<feat xlink:href="#sSpan526" value="ⲛ̄"/>
		<feat xlink:href="#sSpan530" value="ⲛⲉ"/>
		<feat xlink:href="#sSpan533" value="ⲛⲧ"/>
		<feat xlink:href="#sSpan536" value="ⲁ"/>
		<feat xlink:href="#sSpan538" value="ⲩ"/>
		<feat xlink:href="#sSpan540" value="ⲛⲉϫ"/>
		<feat xlink:href="#sSpan542" value="ⲡⲉⲩ"/>
		<feat xlink:href="#sSpan545" value="ⲣⲟⲟⲩϣ"/>
		<feat xlink:href="#sSpan548" value="ⲉ̄ⲣⲟ"/>
		<feat xlink:href="#sSpan552" value="ϥ"/>
		<feat xlink:href="#sSpan554" value="."/>
		<feat xlink:href="#sSpan558" value="ⲡⲉ"/>
		<feat xlink:href="#sSpan568" value="ⲥ̄ⳁⲟ︤ⲥ︥"/>
		<feat xlink:href="#sSpan570" value="ⲡⲉ"/>
		<feat xlink:href="#sSpan574" value="ⲧ"/>
		<feat xlink:href="#sSpan580" value="ϩⲁⲅⲛⲓⲁ"/>
		<feat xlink:href="#sSpan582" value="ⲛ̄"/>
		<feat xlink:href="#sSpan588" value="ⲛⲉⲙ"/>
		<feat xlink:href="#sSpan592" value="ⲡⲁⲣⲑⲉⲛⲟⲥ"/>
		<feat xlink:href="#sSpan594" value="."/>
		<feat xlink:href="#sSpan598" value="ⲡⲉ"/>
		<feat xlink:href="#sSpan605" value="ⲥ̄ⳁⲟ︤ⲥ︥"/>
		<feat xlink:href="#sSpan607" value="ⲡⲉ"/>
		<feat xlink:href="#sSpan611" value="ⲡ"/>
		<feat xlink:href="#sSpan616" value="ⲥⲟⲃⲧ"/>
		<feat xlink:href="#sSpan618" value="ⲉⲧ"/>
		<feat xlink:href="#sSpan623" value="ⲧⲁϫⲣⲏⲩ"/>
		<feat xlink:href="#sSpan625" value="."/>
		<feat xlink:href="#sSpan629" value="ⲡⲉ"/>
		<feat xlink:href="#sSpan639" value="ⲥ̄ⳁⲟ︤ⲥ︥"/>
		<feat xlink:href="#sSpan641" value="ⲡⲉ"/>
		<feat xlink:href="#sSpan645" value="ⲡ̄"/>
		<feat xlink:href="#sSpan650" value="ⲥⲁⲉⲓ⳯"/>
		<feat xlink:href="#sSpan652" value="ⲉⲧ"/>
		<feat xlink:href="#sSpan658" value="ⲑⲉⲣⲁⲡⲉⲩⲉ"/>
		<feat xlink:href="#sSpan660" value="ⲛ"/>
		<feat xlink:href="#sSpan664" value="ϣⲓⲛⲉ"/>
		<feat xlink:href="#sSpan668" value="ⲛⲓⲙ"/>
		<feat xlink:href="#sSpan672" value="."/>
		<feat xlink:href="#sSpan676" value="ⲁⲙⲏⲓ̈ⲧⲛ̄"/>
		<feat xlink:href="#sSpan681" value="ⲛⲉ"/>
		<feat xlink:href="#sSpan687" value="ⲫⲩⲗⲏ"/>
		<feat xlink:href="#sSpan689" value="ⲧⲏⲣ"/>
		<feat xlink:href="#sSpan694" value="ⲟⲩ"/>
		<feat xlink:href="#sSpan696" value="ⲙ̄"/>
		<feat xlink:href="#sSpan700" value="ⲡ̄"/>
		<feat xlink:href="#sSpan703" value="ⲕⲁϩ"/>
		<feat xlink:href="#sSpan705" value="ⲣⲁϣⲉ"/>
		<feat xlink:href="#sSpan710" value="ⲛ̄"/>
		<feat xlink:href="#sSpan714" value="ⲧⲉⲧⲛ̄"/>
		<feat xlink:href="#sSpan716" value="ⲧⲉⲗⲏⲗ"/>
		<feat xlink:href="#sSpan718" value="ϫⲉ"/>
		<feat xlink:href="#sSpan723" value="ⲁ"/>
		<feat xlink:href="#sSpan725" value="ⲡ"/>
		<feat xlink:href="#sSpan728" value="ϫⲟⲉⲓⲥ"/>
		<feat xlink:href="#sSpan731" value="ⲣ̄ⲣⲣⲟ"/>
		<feat xlink:href="#sSpan736" value="ⲉⲃⲟⲗ"/>
		<feat xlink:href="#sSpan741" value="ϩⲙ̄"/>
		<feat xlink:href="#sSpan745" value="ⲡ"/>
		<feat xlink:href="#sSpan748" value="ϣⲉ"/>
		<feat xlink:href="#sSpan750" value="ⲙ"/>
		<feat xlink:href="#sSpan754" value="ⲡⲉ"/>
		<feat xlink:href="#sSpan759" value="ⲥ̄ⳁⲟ︤ⲥ︥"/>
		<feat xlink:href="#sSpan761" value="."/>
		<feat xlink:href="#sSpan765" value="ⲛ"/>
		<feat xlink:href="#sSpan773" value="ⲉⲧ"/>
		<feat xlink:href="#sSpan775" value="ⲕⲓⲙ"/>
		<feat xlink:href="#sSpan777" value="ⲧⲏⲣ"/>
		<feat xlink:href="#sSpan782" value="ⲟⲩ"/>
		<feat xlink:href="#sSpan784" value="ϩ︤ⲛ︥"/>
		<feat xlink:href="#sSpan788" value="ⲛⲉ"/>
		<feat xlink:href="#sSpan791" value="ⲙⲙⲟⲩ"/>
		<feat xlink:href="#sSpan794" value="ⲛ"/>
		<feat xlink:href="#sSpan798" value="ⲉⲓⲟⲟⲩⲉ"/>
		<feat xlink:href="#sSpan800" value="."/>
		<feat xlink:href="#sSpan804" value="ⲟⲩⲛⲟϥ"/>
		<feat xlink:href="#sSpan809" value="ⲙⲙⲱ"/>
		<feat xlink:href="#sSpan813" value="ⲧⲛ"/>
		<feat xlink:href="#sSpan815" value="ϫⲉ"/>
		<feat xlink:href="#sSpan819" value="ⲁ"/>
		<feat xlink:href="#sSpan822" value="ⲩ"/>
		<feat xlink:href="#sSpan825" value="ⲥ̄ⲛⲟϥ"/>
		<feat xlink:href="#sSpan827" value="ⲙⲛ̄"/>
		<feat xlink:href="#sSpan831" value="ⲟⲩ"/>
		<feat xlink:href="#sSpan834" value="ⲙⲟⲟⲩ"/>
		<feat xlink:href="#sSpan837" value="ϣⲟⲩⲟ̄"/>
		<feat xlink:href="#sSpan841" value="ⲉ̄ⲃⲟⲗ"/>
		<feat xlink:href="#sSpan845" value="ⲙⲙⲟ"/>
		<feat xlink:href="#sSpan850" value="ϥ"/>
		<feat xlink:href="#sSpan852" value="."/>
		<feat xlink:href="#sSpan856" value="ⲛ̄"/>
		<feat xlink:href="#sSpan864" value="ϩⲁⲗⲁⲧⲉ"/>
		<feat xlink:href="#sSpan866" value="ⲧⲏⲣ"/>
		<feat xlink:href="#sSpan871" value="ⲟⲩ"/>
		<feat xlink:href="#sSpan873" value="ⲛ"/>
		<feat xlink:href="#sSpan877" value="ⲧ"/>
		<feat xlink:href="#sSpan880" value="ⲡⲉ"/>
		<feat xlink:href="#sSpan882" value="."/>
		<feat xlink:href="#sSpan886" value="ⲡⲉⲣ︤ϣ︥"/>
		<feat xlink:href="#sSpan890" value="ⲛⲉⲧⲛ̄"/>
		<feat xlink:href="#sSpan894" value="ⲧⲛ̄ϩ̄"/>
		<feat xlink:href="#sSpan896" value="ⲉ̄ⲃⲟⲗ"/>
		<feat xlink:href="#sSpan901" value="ϩ︤ⲛ︥"/>
		<feat xlink:href="#sSpan905" value="ⲟⲩ"/>
		<feat xlink:href="#sSpan909" value="ⲟⲩⲣⲟⲧ"/>
		<feat xlink:href="#sSpan911" value="ϫⲉ"/>
		<feat xlink:href="#sSpan915" value="ⲁ"/>
		<feat xlink:href="#sSpan917" value="ϥ"/>
		<feat xlink:href="#sSpan919" value="ⲡⲱⲣ︤ϣ︥"/>
		<feat xlink:href="#sSpan922" value="ⲛ̄"/>
		<feat xlink:href="#sSpan926" value="ⲛⲉⲧⲛ̄"/>
		<feat xlink:href="#sSpan929" value="ϭⲓϫ"/>
		<feat xlink:href="#sSpan931" value="ⲉⲃⲟⲗ"/>
		<feat xlink:href="#sSpan935" value="ϩⲓϫⲙ̄"/>
		<feat xlink:href="#sSpan940" value="ⲡⲉ"/>
		<feat xlink:href="#sSpan944" value="ⲥ̄ⳁⲟ︤ⲥ︥"/>
		<feat xlink:href="#sSpan946" value="."/>
		<feat xlink:href="#sSpan950" value="ⲛⲉ"/>
		<feat xlink:href="#sSpan960" value="ⲑⲏⲣⲓⲟⲛ"/>
		<feat xlink:href="#sSpan962" value="ⲉⲧ"/>
		<feat xlink:href="#sSpan966" value="ϩ︤ⲛ︥"/>
		<feat xlink:href="#sSpan968" value="ⲧ"/>
		<feat xlink:href="#sSpan973" value="ⲉⲣⲏⲙⲟⲥ"/>
		<feat xlink:href="#sSpan975" value="ⲣⲁϣⲉ"/>
		<feat xlink:href="#sSpan979" value="ⲛ̄"/>
		<feat xlink:href="#sSpan983" value="ⲧⲉⲧⲛ̄"/>
		<feat xlink:href="#sSpan986" value="ⲟⲩⲛⲟϥ"/>
		<feat xlink:href="#sSpan988" value="ϫⲉ"/>
		<feat xlink:href="#sSpan992" value="ⲁ"/>
		<feat xlink:href="#sSpan995" value="ⲡ"/>
		<feat xlink:href="#sSpan999" value="ⲣⲉϥⲧⲁϣⲉⲟ̄ⲉⲓϣ"/>
		<feat xlink:href="#sSpan1003" value="ⲣⲉϥⲧⲁϣⲉⲟⲉⲓϣϣⲱⲡⲉ"/>
		<feat xlink:href="#sSpan1008" value="ⲛⲏ"/>
		<feat xlink:href="#sSpan1012" value="ⲧⲛ̄"/>
		<feat xlink:href="#sSpan1014" value="ⲛ"/>
		<feat xlink:href="#sSpan1019" value="ϣⲙ̄ⲛⲟⲩⲃⲉ"/>
		<feat xlink:href="#sSpan1024" value="."/>
		<feat xlink:href="#sSpan1028" value="ⲁ"/>
		<feat xlink:href="#sSpan1036" value="ⲧⲉⲧⲛ"/>
		<feat xlink:href="#sSpan1038" value="ⲛⲁⲩ"/>
		<feat xlink:href="#sSpan1040" value="ϫⲉ"/>
		<feat xlink:href="#sSpan1044" value="ⲟⲩ"/>
		<feat xlink:href="#sSpan1047" value="ⲁϣ"/>
		<feat xlink:href="#sSpan1052" value="ⲛ̄"/>
		<feat xlink:href="#sSpan1056" value="ϭⲟⲧ"/>
		<feat xlink:href="#sSpan1058" value="ⲡⲉ"/>
		<feat xlink:href="#sSpan1062" value="ⲡ"/>
		<feat xlink:href="#sSpan1068" value="ⲙⲉⲅⲉⲑⲟⲥ"/>
		<feat xlink:href="#sSpan1071" value="ⲙ̄"/>
		<feat xlink:href="#sSpan1075" value="ⲡⲉ"/>
		<feat xlink:href="#sSpan1079" value="ⲥ̄ⳁⲟ︤ⲥ︥"/>
		<feat xlink:href="#sSpan1081" value="ⲙⲛ̄"/>
		<feat xlink:href="#sSpan1086" value="ⲧⲉϥ"/>
		<feat xlink:href="#sSpan1089" value="ⲛⲟϭ"/>
		<feat xlink:href="#sSpan1091" value="ⲛ"/>
		<feat xlink:href="#sSpan1096" value="ⲃⲟⲏⲑⲓⲁ"/>
		<feat xlink:href="#sSpan1102" value="ⲉ̄ϫⲙ̄"/>
		<feat xlink:href="#sSpan1106" value="ⲡ"/>
		<feat xlink:href="#sSpan1109" value="ⲥⲱⲛⲧ"/>
		<feat xlink:href="#sSpan1111" value="ⲧⲏⲣ︤"/>
		<feat xlink:href="#sSpan1116" value="ϥ︥"/>
		<feat xlink:href="#sSpan1118" value="."/>
		<feat xlink:href="#sSpan1122" value="ⲙ"/>
		<feat xlink:href="#sSpan1130" value="ⲡ"/>
		<feat xlink:href="#sSpan1133" value="ⲛⲁⲩ"/>
		<feat xlink:href="#sSpan1136" value="ⲅⲁⲣ"/>
		<feat xlink:href="#sSpan1140" value="ⲉⲧⲉⲣⲉ"/>
		<feat xlink:href="#sSpan1145" value="ⲡ"/>
		<feat xlink:href="#sSpan1148" value="ⲣⲱⲙⲉ"/>
		<feat xlink:href="#sSpan1150" value="ⲛⲁ"/>
		<feat xlink:href="#sSpan1154" value="ⲡⲉⲣ︤ϣ︥"/>
		<feat xlink:href="#sSpan1157" value="ⲛⲉϥ"/>
		<feat xlink:href="#sSpan1160" value="ϭⲓϫ"/>
		<feat xlink:href="#sSpan1162" value="ⲉⲃⲟⲗ"/>
		<feat xlink:href="#sSpan1166" value="ⲙ̄"/>
		<feat xlink:href="#sSpan1171" value="ⲡ̄"/>
		<feat xlink:href="#sSpan1175" value="ⲧⲩⲡⲟⲥ"/>
		<feat xlink:href="#sSpan1177" value="ⲙ̄"/>
		<feat xlink:href="#sSpan1181" value="ⲡⲉ"/>
		<feat xlink:href="#sSpan1185" value="ⲥ̄ⳁⲟ︤ⲥ︥"/>
		<feat xlink:href="#sSpan1187" value="ⲛ"/>
		<feat xlink:href="#sSpan1192" value="ϥ̄"/>
		<feat xlink:href="#sSpan1194" value="ϣⲗⲏⲗ"/>
		<feat xlink:href="#sSpan1196" value="ϩⲛ̄"/>
		<feat xlink:href="#sSpan1200" value="ⲟⲩ"/>
		<feat xlink:href="#sSpan1204" value="ⲡⲓⲥⲧⲓⲥ"/>
		<feat xlink:href="#sSpan1207" value="."/>
		<feat xlink:href="#sSpan1211" value="ϣⲁⲣⲉ"/>
		<feat xlink:href="#sSpan1215" value="ⲡⲉϥ"/>
		<feat xlink:href="#sSpan1219" value="ⲁⲅⲅⲉⲗⲟⲥ"/>
		<feat xlink:href="#sSpan1222" value="ⲥⲟⲡⲥ"/>
		<feat xlink:href="#sSpan1226" value="ⲙ"/>
		<feat xlink:href="#sSpan1230" value="ⲡ"/>
		<feat xlink:href="#sSpan1233" value="ⲛⲟⲩⲧⲉ"/>
		<feat xlink:href="#sSpan1236" value="ϣⲁⲛⲧⲉ"/>
		<feat xlink:href="#sSpan1240" value="ϥ"/>
		<feat xlink:href="#sSpan1242" value="ϯ"/>
		<feat xlink:href="#sSpan1244" value="ⲛⲁ"/>
		<feat xlink:href="#sSpan1248" value="ϥ"/>
		<feat xlink:href="#sSpan1250" value="ⲙ̄"/>
		<feat xlink:href="#sSpan1255" value="ⲡⲉϥ"/>
		<feat xlink:href="#sSpan1259" value="ⲁⲓⲧⲏⲙⲁ"/>
		<feat xlink:href="#sSpan1261" value="."/>
		<feat xlink:href="#sSpan1266" value="ⲍⲁⲭⲁⲣⲓⲁⲥ"/>
		<feat xlink:href="#sSpan1275" value="ⲁ"/>
		<feat xlink:href="#sSpan1279" value="ϥ"/>
		<feat xlink:href="#sSpan1281" value="ϣⲗⲏⲗ"/>
		<feat xlink:href="#sSpan1283" value="ⲁ"/>
		<feat xlink:href="#sSpan1288" value="ⲅⲁⲃⲣⲓⲏⲗ"/>
		<feat xlink:href="#sSpan1292" value="ⲉⲓ"/>
		<feat xlink:href="#sSpan1296" value="ϣⲁⲣⲟ"/>
		<feat xlink:href="#sSpan1300" value="ϥ"/>
		<feat xlink:href="#sSpan1302" value="ⲁ"/>
		<feat xlink:href="#sSpan1307" value="ϥ"/>
		<feat xlink:href="#sSpan1309" value="ϯ"/>
		<feat xlink:href="#sSpan1311" value="ⲛⲁ"/>
		<feat xlink:href="#sSpan1315" value="ϥ"/>
		<feat xlink:href="#sSpan1317" value="ⲙ̄"/>
		<feat xlink:href="#sSpan1321" value="ⲡⲉϥ"/>
		<feat xlink:href="#sSpan1325" value="ⲁⲓⲧⲏⲙⲁ"/>
		<feat xlink:href="#sSpan1328" value="ⲉ̄ⲧⲉ"/>
		<feat xlink:href="#sSpan1333" value="ⲓⲱϩⲁⲛⲛⲏⲥ"/>
		<feat xlink:href="#sSpan1337" value="ⲡⲉ"/>
		<feat xlink:href="#sSpan1341" value="."/>
		<feat xlink:href="#sSpan1346" value="ⲡⲉⲧⲣⲟⲥ"/>
		<feat xlink:href="#sSpan1354" value="ⲁ"/>
		<feat xlink:href="#sSpan1359" value="ϥ"/>
		<feat xlink:href="#sSpan1361" value="ϣⲗⲏⲗ"/>
		<feat xlink:href="#sSpan1363" value="ⲁ"/>
		<feat xlink:href="#sSpan1367" value="ⲡ"/>
		<feat xlink:href="#sSpan1371" value="ⲁⲅⲅⲉⲗⲟⲥ"/>
		<feat xlink:href="#sSpan1373" value="ⲉⲓ"/>
		<feat xlink:href="#sSpan1378" value="ϣⲁⲣⲟ"/>
		<feat xlink:href="#sSpan1382" value="ϥ"/>
		<feat xlink:href="#sSpan1384" value="ⲁ"/>
		<feat xlink:href="#sSpan1388" value="ϥ"/>
		<feat xlink:href="#sSpan1390" value="ⲧⲣⲉ"/>
		<feat xlink:href="#sSpan1392" value="ⲛ"/>
		<feat xlink:href="#sSpan1396" value="ϩⲁⲗⲏⲥⲓⲥ"/>
		<feat xlink:href="#sSpan1399" value="ⲙ̄"/>
		<feat xlink:href="#sSpan1403" value="ⲡⲉⲛⲓⲡⲉ"/>
		<feat xlink:href="#sSpan1406" value="ⲃⲱⲗ"/>
		<feat xlink:href="#sSpan1411" value="ⲉ̄ⲃⲟⲗ"/>
		<feat xlink:href="#sSpan1416" value="ⲙⲛ̄"/>
		<feat xlink:href="#sSpan1420" value="ⲧ"/>
		<feat xlink:href="#sSpan1424" value="ⲡⲩⲗⲏ"/>
		<feat xlink:href="#sSpan1426" value="ⲙ̄"/>
		<feat xlink:href="#sSpan1430" value="ⲡⲉⲛⲓⲡⲉ"/>
		<feat xlink:href="#sSpan1434" value="."/>
		<feat xlink:href="#sSpan1439" value="ϩⲟⲙⲟⲓⲱⲥ"/>
		<feat xlink:href="#sSpan1443" value="ⲟⲛ"/>
		<feat xlink:href="#sSpan1448" value="ⲁ"/>
		<feat xlink:href="#sSpan1452" value="ϥ"/>
		<feat xlink:href="#sSpan1454" value="ϣⲗⲏⲗ"/>
		<feat xlink:href="#sSpan1456" value="ⲁ"/>
		<feat xlink:href="#sSpan1460" value="ϥ"/>
		<feat xlink:href="#sSpan1462" value="ⲧⲟⲩⲛⲉⲥ"/>
		<feat xlink:href="#sSpan1466" value="ⲧⲁⲃⲓⲑⲁ"/>
		<feat xlink:href="#sSpan1469" value="."/>
		<feat xlink:href="#sSpan1474" value="ⲕⲟⲣⲛⲏⲗⲓⲟⲥ"/>
		<feat xlink:href="#sSpan1483" value="ⲁ"/>
		<feat xlink:href="#sSpan1487" value="ϥ"/>
		<feat xlink:href="#sSpan1489" value="ϣⲗⲏⲗ"/>
		<feat xlink:href="#sSpan1491" value="ⲁ"/>
		<feat xlink:href="#sSpan1495" value="ⲡ"/>
		<feat xlink:href="#sSpan1499" value="ⲁⲅⲅⲉⲗⲟⲥ"/>
		<feat xlink:href="#sSpan1502" value="ⲉⲓ"/>
		<feat xlink:href="#sSpan1506" value="ϣⲁⲣⲟ"/>
		<feat xlink:href="#sSpan1510" value="ϥ"/>
		<feat xlink:href="#sSpan1512" value="."/>
		<feat xlink:href="#sSpan1517" value="ⲡⲁⲩⲗⲟⲥ"/>
		<feat xlink:href="#sSpan1523" value="ⲙ︤ⲛ︥"/>
		<feat xlink:href="#sSpan1528" value="ⲥⲓⲗⲁⲥ"/>
		<feat xlink:href="#sSpan1531" value="ⲁ"/>
		<feat xlink:href="#sSpan1535" value="ⲩ"/>
		<feat xlink:href="#sSpan1537" value="ϣⲗⲏⲗ"/>
		<feat xlink:href="#sSpan1540" value="ⲁ"/>
		<feat xlink:href="#sSpan1544" value="ⲡ"/>
		<feat xlink:href="#sSpan1548" value="ⲁⲅⲅⲉⲗⲟⲥ"/>
		<feat xlink:href="#sSpan1550" value="ⲉⲓ"/>
		<feat xlink:href="#sSpan1555" value="ϣⲁⲣⲟ"/>
		<feat xlink:href="#sSpan1559" value="ⲟⲩ"/>
		<feat xlink:href="#sSpan1561" value="ⲁ"/>
		<feat xlink:href="#sSpan1565" value="ⲩ"/>
		<feat xlink:href="#sSpan1567" value="ⲕⲓⲙ"/>
		<feat xlink:href="#sSpan1569" value="ⲛ̄ϭⲓ"/>
		<feat xlink:href="#sSpan1574" value="ⲥⲛ̄ⲧⲉ"/>
		<feat xlink:href="#sSpan1577" value="ⲙ̄"/>
		<feat xlink:href="#sSpan1581" value="ⲡⲉ"/>
		<feat xlink:href="#sSpan1584" value="ϣⲧⲉⲕⲟ"/>
		<feat xlink:href="#sSpan1587" value="ⲙⲱⲩⲥⲏⲥ"/>
		<feat xlink:href="#sSpan1596" value="ⲁ"/>
		<feat xlink:href="#sSpan1600" value="ϥ"/>
		<feat xlink:href="#sSpan1602" value="ϣⲗⲏⲗ"/>
		<feat xlink:href="#sSpan1604" value="ⲁ"/>
		<feat xlink:href="#sSpan1608" value="ϥ"/>
		<feat xlink:href="#sSpan1610" value="ϭⲱⲧⲡ"/>
		<feat xlink:href="#sSpan1613" value="ⲙ"/>
		<feat xlink:href="#sSpan1617" value="ⲡ"/>
		<feat xlink:href="#sSpan1621" value="ⲁⲙⲁⲗⲉⲕ"/>
		<feat xlink:href="#sSpan1624" value="ⲧⲱⲃⲓⲁⲥ"/>
		<feat xlink:href="#sSpan1630" value="ⲁ"/>
		<feat xlink:href="#sSpan1634" value="ϥ"/>
		<feat xlink:href="#sSpan1636" value="ϣⲗⲏⲗ"/>
		<feat xlink:href="#sSpan1638" value="ⲁ"/>
		<feat xlink:href="#sSpan1644" value="ϩⲣⲁⲫⲁⲏⲗ"/>
		<feat xlink:href="#sSpan1647" value="ⲉⲓ"/>
		<feat xlink:href="#sSpan1651" value="ϣⲁⲣⲟ"/>
		<feat xlink:href="#sSpan1655" value="ϥ"/>
		<feat xlink:href="#sSpan1657" value="ⲁ"/>
		<feat xlink:href="#sSpan1662" value="ϥ"/>
		<feat xlink:href="#sSpan1664" value="ⲧⲁⲗϭⲟ"/>
		<feat xlink:href="#sSpan1666" value="ϥ"/>
		<feat xlink:href="#sSpan1668" value="."/>
		<feat xlink:href="#sSpan1672" value="ⲉⲧⲃⲉ"/>
		<feat xlink:href="#sSpan1680" value="ⲡⲁⲓ̈"/>
		<feat xlink:href="#sSpan1683" value="ⲙⲁⲣⲉ"/>
		<feat xlink:href="#sSpan1688" value="ⲛ"/>
		<feat xlink:href="#sSpan1690" value="ϣⲗⲏⲗ"/>
		<feat xlink:href="#sSpan1692" value="ⲛ"/>
		<feat xlink:href="#sSpan1696" value="ⲟⲩⲟⲉⲓϣ"/>
		<feat xlink:href="#sSpan1700" value="ⲛⲓⲙ"/>
		<feat xlink:href="#sSpan1704" value="ⲁϫⲛ"/>
		<feat xlink:href="#sSpan1708" value="ⲱϫⲛ̄"/>
		<feat xlink:href="#sSpan1712" value="."/>
		<feat xlink:href="#sSpan1716" value="ⲡⲉϫⲁ"/>
		<feat xlink:href="#sSpan1720" value="ϥ"/>
		<feat xlink:href="#sSpan1722" value="ⲛ̄ϭⲓ"/>
		<feat xlink:href="#sSpan1726" value="ⲡ"/>
		<feat xlink:href="#sSpan1730" value="ⲁⲡⲟⲥⲧⲟⲗⲟⲥ"/>
		<feat xlink:href="#sSpan1734" value="ϫⲉ"/>
		<feat xlink:href="#sSpan1738" value="ϣⲗⲏⲗ"/>
		<feat xlink:href="#sSpan1740" value="ⲁϫⲛ̄"/>
		<feat xlink:href="#sSpan1745" value="ⲱ̄ϫⲛ̄"/>
		<feat xlink:href="#sSpan1748" value="."/>
		<feat xlink:href="#sSpan1752" value="ⲛⲁⲓ̈"/>
		<feat xlink:href="#sSpan1761" value="ⲇⲉ"/>
		<feat xlink:href="#sSpan1766" value="ⲉ̄ⲧ"/>
		<feat xlink:href="#sSpan1770" value="ⲟ"/>
		<feat xlink:href="#sSpan1772" value="ⲛ"/>
		<feat xlink:href="#sSpan1777" value="ⲇⲁⲓⲙⲱⲛ"/>
		<feat xlink:href="#sSpan1780" value="ⲡⲉ"/>
		<feat xlink:href="#sSpan1786" value="ϣⲗⲏⲗ"/>
		<feat xlink:href="#sSpan1788" value="ⲡⲉ"/>
		<feat xlink:href="#sSpan1792" value="ϣⲁ"/>
		<feat xlink:href="#sSpan1796" value="ϥ"/>
		<feat xlink:href="#sSpan1799" value="ⲑⲉⲣⲁⲡⲉⲩⲉ"/>
		<feat xlink:href="#sSpan1802" value="ⲙⲙⲟ"/>
		<feat xlink:href="#sSpan1806" value="ⲩ"/>
		<feat xlink:href="#sSpan1808" value="ⲉⲧⲃⲉ"/>
		<feat xlink:href="#sSpan1814" value="ⲡⲁⲓ̈"/>
		<feat xlink:href="#sSpan1817" value="ⲉⲓⲥ"/>
		<feat xlink:href="#sSpan1821" value="ⲙ︤ⲛ︥ⲧⲏ"/>
		<feat xlink:href="#sSpan1826" value="ⲛ̄"/>
		<feat xlink:href="#sSpan1831" value="ϩⲟⲟⲩ"/>
		<feat xlink:href="#sSpan1833" value="ⲧ︤ⲛ︥"/>
		<feat xlink:href="#sSpan1838" value="ⲛⲉⲥⲧⲉⲩⲉ"/>
		<feat xlink:href="#sSpan1840" value="ⲁⲩⲱ"/>
		<feat xlink:href="#sSpan1845" value="ⲧⲛ̄"/>
		<feat xlink:href="#sSpan1849" value="ϣⲗⲏⲗ"/>
		<feat xlink:href="#sSpan1851" value="ϩ︤ⲙ︥"/>
		<feat xlink:href="#sSpan1855" value="ⲡ"/>
		<feat xlink:href="#sSpan1859" value="ⲙⲁ"/>
		<feat xlink:href="#sSpan1861" value="ⲉ̄ⲧ"/>
		<feat xlink:href="#sSpan1865" value="ⲟⲩⲁⲁⲃ"/>
		<feat xlink:href="#sSpan1867" value="."/>
		<feat xlink:href="#sSpan1871" value="ⲛⲧⲟⲕ"/>
		<feat xlink:href="#sSpan1879" value="ⲉ"/>
		<feat xlink:href="#sSpan1883" value="ⲕ"/>
		<feat xlink:href="#sSpan1885" value="ϩ"/>
		<feat xlink:href="#sSpan1887" value="ⲙ̄"/>
		<feat xlink:href="#sSpan1890" value="ⲙⲁ"/>
		<feat xlink:href="#sSpan1892" value="ⲛⲓⲙ"/>
		<feat xlink:href="#sSpan1896" value="ⲙⲁⲣⲉ"/>
		<feat xlink:href="#sSpan1901" value="ⲡⲉ"/>
		<feat xlink:href="#sSpan1904" value="ϣⲗⲏⲗ"/>
		<feat xlink:href="#sSpan1906" value="ϣⲱⲡⲉ"/>
		<feat xlink:href="#sSpan1911" value="ⲛⲁ"/>
		<feat xlink:href="#sSpan1915" value="ⲕ"/>
		<feat xlink:href="#sSpan1917" value="ⲛ"/>
		<feat xlink:href="#sSpan1921" value="ϣⲃⲏⲣ"/>
		<feat xlink:href="#sSpan1924" value="."/>
		<feat xlink:href="#sSpan1928" value="ϣⲗⲏⲗ"/>
		<feat xlink:href="#sSpan1933" value="ⲉ"/>
		<feat xlink:href="#sSpan1937" value="ⲕ"/>
		<feat xlink:href="#sSpan1939" value="ⲛⲁ"/>
		<feat xlink:href="#sSpan1941" value="ⲛ̄ⲕⲁⲧⲕ"/>
		<feat xlink:href="#sSpan1943" value="ⲧⲁⲣⲉ"/>
		<feat xlink:href="#sSpan1948" value="ⲕ"/>
		<feat xlink:href="#sSpan1950" value="ϣⲱⲡⲉ"/>
		<feat xlink:href="#sSpan1952" value="ⲉ"/>
		<feat xlink:href="#sSpan1956" value="ⲕ"/>
		<feat xlink:href="#sSpan1958" value="ⲟⲩⲟϫ"/>
		<feat xlink:href="#sSpan1961" value="ⲉ̄"/>
		<feat xlink:href="#sSpan1966" value="ⲡⲓⲣⲁⲥⲙⲟⲥ"/>
		<feat xlink:href="#sSpan1969" value="."/>
		<feat xlink:href="#sSpan1973" value="ⲉ"/>
		<feat xlink:href="#sSpan1981" value="ⲕ"/>
		<feat xlink:href="#sSpan1983" value="ϩⲙ̄"/>
		<feat xlink:href="#sSpan1985" value="ⲡ"/>
		<feat xlink:href="#sSpan1989" value="ⲇⲓⲕⲁⲥⲧⲏⲣⲓⲟⲛ"/>
		<feat xlink:href="#sSpan1992" value="ϣⲗⲏⲗ"/>
		<feat xlink:href="#sSpan1996" value="."/>
		<feat xlink:href="#sSpan2000" value="ⲁⲩⲱ"/>
		<feat xlink:href="#sSpan2004" value="ⲡ"/>
		<feat xlink:href="#sSpan2010" value="ⲛⲟⲩⲧⲉ"/>
		<feat xlink:href="#sSpan2012" value="ⲛⲁ"/>
		<feat xlink:href="#sSpan2016" value="ⲙⲓ̈ϣⲉ"/>
		<feat xlink:href="#sSpan2018" value="ⲉϩⲣⲁⲓ̈"/>
		<feat xlink:href="#sSpan2023" value="ⲉϫⲱ"/>
		<feat xlink:href="#sSpan2027" value="ⲕ"/>
		<feat xlink:href="#sSpan2029" value="."/>
		<feat xlink:href="#sSpan2033" value="ⲉ"/>
		<feat xlink:href="#sSpan2038" value="ⲕ"/>
		<feat xlink:href="#sSpan2040" value="ⲧⲁⲗⲏⲩ"/>
		<feat xlink:href="#sSpan2042" value="ⲉ̄ⲛⲉ"/>
		<feat xlink:href="#sSpan2046" value="ⲙⲟⲩ"/>
		<feat xlink:href="#sSpan2048" value="ⲛ"/>
		<feat xlink:href="#sSpan2053" value="ⲓⲟⲟⲩⲉ̄"/>
		<feat xlink:href="#sSpan2056" value="ϣⲗⲏⲗ"/>
		<feat xlink:href="#sSpan2060" value="ⲁⲩⲱ"/>
		<feat xlink:href="#sSpan2064" value="ⲕ"/>
		<feat xlink:href="#sSpan2069" value="ⲛⲁ"/>
		<feat xlink:href="#sSpan2071" value="ⲛⲟⲩϩⲙ̄"/>
		<feat xlink:href="#sSpan2073" value="ⲉ"/>
		<feat xlink:href="#sSpan2077" value="ⲱⲙⲥ̄"/>
		<feat xlink:href="#sSpan2079" value="."/>
		<feat xlink:href="#sSpan2083" value="ⲉⲩϣⲁⲛ"/>
		<feat xlink:href="#sSpan2091" value="ⲧⲁϩⲙⲉ"/>
		<feat xlink:href="#sSpan2093" value="ⲕ"/>
		<feat xlink:href="#sSpan2095" value="ⲉ"/>
		<feat xlink:href="#sSpan2100" value="ⲩ"/>
		<feat xlink:href="#sSpan2104" value="ⲇⲓⲡⲛⲟⲛ"/>
		<feat xlink:href="#sSpan2106" value="ϣⲗⲏⲗ"/>
		<feat xlink:href="#sSpan2110" value="ⲙ̄ⲡⲁⲧⲉ"/>
		<feat xlink:href="#sSpan2115" value="ⲕ"/>
		<feat xlink:href="#sSpan2117" value="ⲟⲩⲱⲙ"/>
		<feat xlink:href="#sSpan2120" value="ⲧⲁⲣⲉ"/>
		<feat xlink:href="#sSpan2125" value="ⲡ"/>
		<feat xlink:href="#sSpan2128" value="ⲛⲟⲩⲧⲉ"/>
		<feat xlink:href="#sSpan2130" value="ⲥⲙⲟⲩ"/>
		<feat xlink:href="#sSpan2134" value="ⲉ̄"/>
		<feat xlink:href="#sSpan2139" value="ⲡⲉⲕ"/>
		<feat xlink:href="#sSpan2142" value="ⲟ̄ⲉⲓⲕ"/>
		<feat xlink:href="#sSpan2144" value="ⲙⲛ̄"/>
		<feat xlink:href="#sSpan2148" value="ⲛ"/>
		<feat xlink:href="#sSpan2151" value="ⲉⲧⲉ"/>
		<feat xlink:href="#sSpan2154" value="ⲕ"/>
		<feat xlink:href="#sSpan2156" value="ⲛⲁ"/>
		<feat xlink:href="#sSpan2158" value="ⲥⲟⲟⲩⲧⲛ"/>
		<feat xlink:href="#sSpan2160" value="ⲉ̄ⲣⲟ"/>
		<feat xlink:href="#sSpan2165" value="ⲟⲩ"/>
		<feat xlink:href="#sSpan2167" value="ⲧⲏⲣ"/>
		<feat xlink:href="#sSpan2171" value="ⲟⲩ"/>
		<feat xlink:href="#sSpan2173" value="."/>
		<feat xlink:href="#sSpan2178" value="ⲉⲓⲧⲉ"/>
		<feat xlink:href="#sSpan2185" value="ⲧⲉⲧⲛ̄"/>
		<feat xlink:href="#sSpan2190" value="ⲟⲩⲱⲙ"/>
		<feat xlink:href="#sSpan2193" value="ⲉⲓⲧⲉ"/>
		<feat xlink:href="#sSpan2197" value="ⲉ̄"/>
		<feat xlink:href="#sSpan2202" value="ⲧⲉⲧⲛ̄"/>
		<feat xlink:href="#sSpan2204" value="ⲥⲱ"/>
		<feat xlink:href="#sSpan2206" value="."/>
		<feat xlink:href="#sSpan2211" value="ⲉⲓⲧⲉ"/>
		<feat xlink:href="#sSpan2215" value="ⲉ̄"/>
		<feat xlink:href="#sSpan2219" value="ⲧⲉⲧⲛ"/>
		<feat xlink:href="#sSpan2222" value="ⲉⲓⲣⲉ"/>
		<feat xlink:href="#sSpan2225" value="ⲛ"/>
		<feat xlink:href="#sSpan2229" value="ⲕⲉ"/>
		<feat xlink:href="#sSpan2232" value="ϩⲱⲃ"/>
		<feat xlink:href="#sSpan2235" value="."/>
		<feat xlink:href="#sSpan2239" value="ⲁⲣⲓ"/>
		<feat xlink:href="#sSpan2243" value="ϩⲱⲃ"/>
		<feat xlink:href="#sSpan2247" value="ⲛⲓⲙ"/>
		<feat xlink:href="#sSpan2251" value="ⲉ"/>
		<feat xlink:href="#sSpan2256" value="ⲧⲉⲧⲛ̄"/>
		<feat xlink:href="#sSpan2259" value="ϯⲉ̄ⲟⲟⲩ"/>
		<feat xlink:href="#sSpan2262" value="ⲙ̄"/>
		<feat xlink:href="#sSpan2266" value="ⲡ"/>
		<feat xlink:href="#sSpan2269" value="ⲛⲟⲩⲧⲉ"/>
		<feat xlink:href="#sSpan2272" value="."/>
		<feat xlink:href="#sSpan2276" value="ⲉ̄ϫⲛ̄"/>
		<feat xlink:href="#sSpan2284" value="ⲛⲁⲓ̈"/>
		<feat xlink:href="#sSpan2288" value="ⲇⲉ"/>
		<feat xlink:href="#sSpan2293" value="ⲧⲏⲣ"/>
		<feat xlink:href="#sSpan2297" value="ⲟⲩ"/>
		<feat xlink:href="#sSpan2299" value="."/>
		<feat xlink:href="#sSpan2303" value="ⲙⲁⲣⲉ"/>
		<feat xlink:href="#sSpan2307" value="ⲛ"/>
		<feat xlink:href="#sSpan2310" value="ϯⲉⲟⲟⲩ"/>
		<feat xlink:href="#sSpan2317" value="ⲙ̄"/>
		<feat xlink:href="#sSpan2321" value="ⲡⲉϥ"/>
		<feat xlink:href="#sSpan2324" value="ⲣⲁⲛ"/>
		<feat xlink:href="#sSpan2326" value="ⲉⲧ"/>
		<feat xlink:href="#sSpan2331" value="ⲟⲩⲁⲁⲃ"/>
		<feat xlink:href="#sSpan2333" value="."/>
		<feat xlink:href="#sSpan2337" value="ϩⲙ̄"/>
		<feat xlink:href="#sSpan2341" value="ⲡ"/>
		<feat xlink:href="#sSpan2344" value="ⲉⲧ"/>
		<feat xlink:href="#sSpan2346" value="ⲛⲁⲛⲟⲩ"/>
		<feat xlink:href="#sSpan2349" value="ϥ"/>
		<feat xlink:href="#sSpan2351" value="ⲛⲓⲙ"/>
		<feat xlink:href="#sSpan2355" value="ⲡⲉⲛ"/>
		<feat xlink:href="#sSpan2360" value="ϫⲟⲉⲓⲥ"/>
		<feat xlink:href="#sSpan2364" value="ⲓ︦ⲥ︦"/>
		<feat xlink:href="#sSpan2368" value="ⲡⲉ"/>
		<feat xlink:href="#sSpan2373" value="ⲭ︦ⲥ︦"/>
		<feat xlink:href="#sSpan2375" value="."/>
		<feat xlink:href="#sSpan2379" value="ⲡⲁⲓ̈"/>
		<feat xlink:href="#sSpan2387" value="ⲉⲧⲉⲣⲉ"/>
		<feat xlink:href="#sSpan2392" value="ⲡ"/>
		<feat xlink:href="#sSpan2395" value="ⲉⲟⲟⲩ"/>
		<feat xlink:href="#sSpan2398" value="ⲡⲣⲉⲡⲉⲓ"/>
		<feat xlink:href="#sSpan2402" value="ⲛⲁ"/>
		<feat xlink:href="#sSpan2407" value="ϥ"/>
		<feat xlink:href="#sSpan2409" value="."/>
		<feat xlink:href="#sSpan2413" value="ⲙⲛ̄"/>
		<feat xlink:href="#sSpan2417" value="ⲡ"/>
		<feat xlink:href="#sSpan2420" value="ⲧⲁⲓ̈ⲟ"/>
		<feat xlink:href="#sSpan2422" value="ⲙⲛ̄"/>
		<feat xlink:href="#sSpan2427" value="ⲡⲉ"/>
		<feat xlink:href="#sSpan2430" value="ⲥⲙⲟⲩ"/>
		<feat xlink:href="#sSpan2432" value="ϣⲁ"/>
		<feat xlink:href="#sSpan2436" value="ⲛ"/>
		<feat xlink:href="#sSpan2441" value="ⲅⲉⲛⲉⲁ"/>
		<feat xlink:href="#sSpan2443" value="ⲧⲏⲣ"/>
		<feat xlink:href="#sSpan2447" value="ⲟⲩ"/>
		<feat xlink:href="#sSpan2449" value="ⲁⲩⲱ"/>
		<feat xlink:href="#sSpan2454" value="ϣⲁ"/>
		<feat xlink:href="#sSpan2458" value="ⲛ"/>
		<feat xlink:href="#sSpan2462" value="ⲁⲓⲱⲛ"/>
		<feat xlink:href="#sSpan2464" value="ⲧⲏⲣ"/>
		<feat xlink:href="#sSpan2469" value="ⲟⲩ"/>
		<feat xlink:href="#sSpan2471" value="ⲛ"/>
		<feat xlink:href="#sSpan2476" value="ⲁⲓⲱⲛ"/>
		<feat xlink:href="#sSpan2479" value="ϩⲁⲙⲏⲛ"/></featList></paula>