<?xml version='1.0' encoding='UTF-8'?><!DOCTYPE paula SYSTEM "paula_feat.dtd">
<paula version="1.1">
	<header paula_id="scriptorium.cross.michbr295-297.mark_verse_n"/>
	<featList xmlns:xlink="http://www.w3.org/1999/xlink" type="verse_n" xml:base="scriptorium.cross.michbr295-297.mark.xml">
		<feat xlink:href="#sSpan10" value="16"/>
		<feat xlink:href="#sSpan85" value="17"/>
		<feat xlink:href="#sSpan138" value="18"/>
		<feat xlink:href="#sSpan214" value="19"/>
		<feat xlink:href="#sSpan254" value="20"/>
		<feat xlink:href="#sSpan303" value="21"/>
		<feat xlink:href="#sSpan390" value="22"/>
		<feat xlink:href="#sSpan471" value="23"/>
		<feat xlink:href="#sSpan565" value="24"/>
		<feat xlink:href="#sSpan636" value="25"/>
		<feat xlink:href="#sSpan771" value="26"/>
		<feat xlink:href="#sSpan862" value="27"/>
		<feat xlink:href="#sSpan957" value="28"/>
		<feat xlink:href="#sSpan1034" value="29"/>
		<feat xlink:href="#sSpan1127" value="1"/>
		<feat xlink:href="#sSpan1273" value="2"/>
		<feat xlink:href="#sSpan1352" value="3"/>
		<feat xlink:href="#sSpan1480" value="4"/>
		<feat xlink:href="#sSpan1594" value="5"/>
		<feat xlink:href="#sSpan1678" value="6"/>
		<feat xlink:href="#sSpan1758" value="7"/>
		<feat xlink:href="#sSpan1877" value="8"/>
		<feat xlink:href="#sSpan1979" value="9"/>
		<feat xlink:href="#sSpan2089" value="10"/>
		<feat xlink:href="#sSpan2183" value="11"/>
		<feat xlink:href="#sSpan2281" value="1"/>
		<feat xlink:href="#sSpan2385" value="2"/></featList></paula>