<?xml version='1.0' encoding='UTF-8'?><!DOCTYPE paula SYSTEM "paula_feat.dtd">
<paula version="1.1">
	<header paula_id="scriptorium.cross.michbr295-297.mark_text"/>
	<featList xmlns:xlink="http://www.w3.org/1999/xlink" type="text" xml:base="scriptorium.cross.michbr295-297.mark.xml">
		<feat xlink:href="#sSpan3" value="ⲡⲉ ⲥⲧⲁⲩⲣⲟⲥ"/>
		<feat xlink:href="#sSpan25" value="ⲧ ⲗⲩⲭⲛⲉⲓⲁ ⲛ ⲛⲟⲩⲃ"/>
		<feat xlink:href="#sSpan36" value="ⲛⲟⲩⲃ"/>
		<feat xlink:href="#sSpan47" value="ⲡ ϩⲏⲃⲥ ⲉⲧ ⲟⲩⲁⲁⲃ"/>
		<feat xlink:href="#sSpan79" value="ⲡⲉ ⲥⲧⲁⲩⲣⲟⲥ"/>
		<feat xlink:href="#sSpan97" value="ⲡ ⲉⲓⲱⲧ ⲛ ⲛ ⲟⲣⲫⲁⲛⲟⲥ"/>
		<feat xlink:href="#sSpan107" value="ⲛ ⲟⲣⲫⲁⲛⲟⲥ"/>
		<feat xlink:href="#sSpan132" value="ⲡⲉ ⲥⲧⲁⲩⲣⲟⲥ"/>
		<feat xlink:href="#sSpan150" value="ⲡⲉ ⲕⲣⲓⲧⲏⲥ ⲛ ⲛⲉ ⲭⲏⲣⲁ"/>
		<feat xlink:href="#sSpan161" value="ⲛⲉ ⲭⲏⲣⲁ"/>
		<feat xlink:href="#sSpan184" value="ⲛⲉ ⲣⲙⲉⲓⲟⲟⲩⲉ ⲉⲧ ϩⲛ ⲛⲉⲩ ⲃⲁⲗ"/>
		<feat xlink:href="#sSpan198" value="ⲛⲉⲩ ⲃⲁⲗ"/>
		<feat xlink:href="#sSpan208" value="ⲡⲉ ⲥⲧⲁⲩⲣⲟⲥ"/>
		<feat xlink:href="#sSpan226" value="ⲡ ⲥⲟⲗⲥⲗ ⲛ ⲛ ⲣⲙⲛϭⲟⲓⲗⲉ"/>
		<feat xlink:href="#sSpan236" value="ⲛ ⲣⲙⲛϭⲟⲓⲗⲉ"/>
		<feat xlink:href="#sSpan248" value="ⲡⲉ ⲥⲧⲁⲩⲣⲟⲥ"/>
		<feat xlink:href="#sSpan266" value="ⲡⲉ ϣⲃⲏⲣ ⲛ ⲛ ⲉⲧ ϣⲟⲟⲡ ϩⲙ ⲡ ϫⲁⲓⲉ"/>
		<feat xlink:href="#sSpan276" value="ⲛ ⲉⲧ ϣⲟⲟⲡ ϩⲙ ⲡ ϫⲁⲓⲉ"/>
		<feat xlink:href="#sSpan287" value="ⲡ ϫⲁⲓⲉ"/>
		<feat xlink:href="#sSpan297" value="ⲡⲉ ⲥⲧⲁⲩⲣⲟⲥ"/>
		<feat xlink:href="#sSpan315" value="ⲧ ⲕⲟⲥⲙⲏⲥⲓⲥ ⲛ ⲛⲉ ⲑⲩⲥⲓⲁⲥⲧⲏⲣⲓⲟⲛ ⲉⲧ ⲟⲩⲁⲁⲃ"/>
		<feat xlink:href="#sSpan326" value="ⲛⲉ ⲑⲩⲥⲓⲁⲥⲧⲏⲣⲓⲟⲛ ⲉⲧ ⲟⲩⲁⲁⲃ"/>
		<feat xlink:href="#sSpan343" value="ⲡⲉ ⲥⲧⲁⲩⲣⲟⲥ"/>
		<feat xlink:href="#sSpan358" value="ⲡⲉ ϩⲗⲟϭ ⲛ ⲛ ⲉⲛⲧ ⲁ ⲩ ⲥⲓϣⲉ"/>
		<feat xlink:href="#sSpan368" value="ⲛ ⲉⲛⲧ ⲁ ⲩ ⲥⲓϣⲉ"/>
		<feat xlink:href="#sSpan377" value="ⲥⲓϣⲉ"/>
		<feat xlink:href="#sSpan384" value="ⲡⲉ ⲥⲧⲁⲩⲣⲟⲥ"/>
		<feat xlink:href="#sSpan402" value="ⲧ ⲃⲟⲏⲑⲉⲓ ⲉ ⲡ ⲣⲱⲙⲉ ⲙ ⲡ ⲛⲁⲩ ⲛ ⲧⲉϥ ⲁⲛⲁⲅⲕⲏ ⲉ ϥ ⲛⲏⲩ ⲉⲃⲟⲗ ϩⲛ ⲥⲱⲙⲁ"/>
		<feat xlink:href="#sSpan413" value="ⲡ ⲣⲱⲙⲉ ⲙ ⲡ ⲛⲁⲩ ⲛ ⲧⲉϥ ⲁⲛⲁⲅⲕⲏ"/>
		<feat xlink:href="#sSpan422" value="ⲡ ⲛⲁⲩ ⲛ ⲧⲉϥ ⲁⲛⲁⲅⲕⲏ"/>
		<feat xlink:href="#sSpan432" value="ⲧⲉϥ ⲁⲛⲁⲅⲕⲏ"/>
		<feat xlink:href="#sSpan457" value="ⲥⲱⲙⲁ"/>
		<feat xlink:href="#sSpan465" value="ⲡⲉ ⲥⲧⲁⲩⲣⲟⲥ"/>
		<feat xlink:href="#sSpan483" value="ⲡ ⲇⲓⲟⲓⲕⲏⲧⲏⲥ ⲛ ⲛ ⲛⲁϩⲏⲧ"/>
		<feat xlink:href="#sSpan494" value="ⲛ ⲛⲁϩⲏⲧ"/>
		<feat xlink:href="#sSpan505" value="ⲡⲉ ⲥⲧⲁⲩⲣⲟⲥ"/>
		<feat xlink:href="#sSpan520" value="ⲡ ⲟⲓⲕⲟⲛⲟⲙⲟⲥ ⲛ ⲛⲉ ⲛⲧ ⲁ ⲩ ⲛⲉϫ ⲡⲉⲩ ⲣⲟⲟⲩϣ ⲉⲣⲟ ϥ"/>
		<feat xlink:href="#sSpan531" value="ⲛⲉ ⲛⲧ ⲁ ⲩ ⲛⲉϫ ⲡⲉⲩ ⲣⲟⲟⲩϣ ⲉⲣⲟ ϥ"/>
		<feat xlink:href="#sSpan543" value="ⲡⲉⲩ ⲣⲟⲟⲩϣ"/>
		<feat xlink:href="#sSpan559" value="ⲡⲉ ⲥⲧⲁⲩⲣⲟⲥ"/>
		<feat xlink:href="#sSpan577" value="ⲧⲉ ϩⲁⲅⲛⲉⲓⲁ ⲛ ⲛⲉⲛ ⲡⲁⲣⲑⲉⲛⲟⲥ"/>
		<feat xlink:href="#sSpan589" value="ⲛⲉⲛ ⲡⲁⲣⲑⲉⲛⲟⲥ"/>
		<feat xlink:href="#sSpan599" value="ⲡⲉ ⲥⲧⲁⲩⲣⲟⲥ"/>
		<feat xlink:href="#sSpan614" value="ⲡ ⲥⲟⲃⲧ ⲉⲧ ⲧⲁϫⲣⲏⲩ"/>
		<feat xlink:href="#sSpan630" value="ⲡⲉ ⲥⲧⲁⲩⲣⲟⲥ"/>
		<feat xlink:href="#sSpan648" value="ⲡ ⲥⲁⲉⲓⲛ ⲉⲧ ⲑⲉⲣⲁⲡⲉⲩⲉ ⲛ ϣⲓⲛⲉ ⲛⲓⲙ"/>
		<feat xlink:href="#sSpan665" value="ϣⲓⲛⲉ ⲛⲓⲙ"/>
		<feat xlink:href="#sSpan684" value="ⲛⲉ ⲫⲩⲗⲏ ⲧⲏⲣ ⲟⲩ ⲙ ⲡ ⲕⲁϩ"/>
		<feat xlink:href="#sSpan701" value="ⲡ ⲕⲁϩ"/>
		<feat xlink:href="#sSpan726" value="ⲡ ϫⲟⲉⲓⲥ"/>
		<feat xlink:href="#sSpan746" value="ⲡ ϣⲉ ⲙ ⲡⲉ ⲥⲧⲁⲩⲣⲟⲥ"/>
		<feat xlink:href="#sSpan755" value="ⲡⲉ ⲥⲧⲁⲩⲣⲟⲥ"/>
		<feat xlink:href="#sSpan768" value="ⲛ ⲉⲧ ⲕⲓⲙ ⲧⲏⲣ ⲟⲩ ϩⲛ ⲛⲉ ⲙⲟⲟⲩ ⲛ ⲉⲓⲟⲟⲩⲉ"/>
		<feat xlink:href="#sSpan789" value="ⲛⲉ ⲙⲟⲟⲩ ⲛ ⲉⲓⲟⲟⲩⲉ"/>
		<feat xlink:href="#sSpan823" value="ⲩ ⲥⲛⲟϥ"/>
		<feat xlink:href="#sSpan832" value="ⲟⲩ ⲙⲟⲟⲩ"/>
		<feat xlink:href="#sSpan859" value="ⲛ ϩⲁⲗⲁⲧⲉ ⲧⲏⲣ ⲟⲩ ⲛ ⲧ ⲡⲉ"/>
		<feat xlink:href="#sSpan878" value="ⲧ ⲡⲉ"/>
		<feat xlink:href="#sSpan891" value="ⲛⲉⲧⲛ ⲧⲛϩ"/>
		<feat xlink:href="#sSpan906" value="ⲟⲩ ⲟⲩⲣⲟⲧ"/>
		<feat xlink:href="#sSpan927" value="ⲛⲉⲧⲛ ϭⲓϫ"/>
		<feat xlink:href="#sSpan941" value="ⲡⲉ ⲥⲧⲁⲩⲣⲟⲥ"/>
		<feat xlink:href="#sSpan954" value="ⲛⲉ ⲑⲏⲣⲓⲟⲛ ⲉⲧ ϩⲛ ⲧ ⲉⲣⲏⲙⲟⲥ"/>
		<feat xlink:href="#sSpan969" value="ⲧ ⲉⲣⲏⲙⲟⲥ"/>
		<feat xlink:href="#sSpan996" value="ⲡ ⲣⲉϥⲧⲁϣⲉⲟⲉⲓϣ"/>
		<feat xlink:href="#sSpan1020" value="ϣⲙⲛⲟⲩⲃⲉ"/>
		<feat xlink:href="#sSpan1045" value="ⲟⲩ ⲁϣ ⲛ ϭⲟⲧ"/>
		<feat xlink:href="#sSpan1065" value="ⲡ ⲙⲉⲅⲉⲑⲟⲥ ⲙ ⲡⲉ ⲥⲧⲁⲩⲣⲟⲥ"/>
		<feat xlink:href="#sSpan1076" value="ⲡⲉ ⲥⲧⲁⲩⲣⲟⲥ"/>
		<feat xlink:href="#sSpan1087" value="ⲧⲉϥ ⲛⲟϭ ⲛ ⲃⲟⲏⲑⲉⲓⲁ ⲉϫⲙ ⲡ ⲥⲱⲛⲧ ⲧⲏⲣ ϥ"/>
		<feat xlink:href="#sSpan1107" value="ⲡ ⲥⲱⲛⲧ ⲧⲏⲣ ϥ"/>
		<feat xlink:href="#sSpan1131" value="ⲡ ⲛⲁⲩ ⲅⲁⲣ ⲉⲧⲉⲣⲉ ⲡ ⲣⲱⲙⲉ ⲛⲁ ⲡⲱⲣϣ ⲛⲉϥ ϭⲓϫ ⲉⲃⲟⲗ ⲙ ⲡ ⲧⲩⲡⲟⲥ ⲙ ⲡⲉ ⲥⲧⲁⲩⲣⲟⲥ"/>
		<feat xlink:href="#sSpan1146" value="ⲡ ⲣⲱⲙⲉ"/>
		<feat xlink:href="#sSpan1158" value="ⲛⲉϥ ϭⲓϫ"/>
		<feat xlink:href="#sSpan1172" value="ⲡ ⲧⲩⲡⲟⲥ ⲙ ⲡⲉ ⲥⲧⲁⲩⲣⲟⲥ"/>
		<feat xlink:href="#sSpan1182" value="ⲡⲉ ⲥⲧⲁⲩⲣⲟⲥ"/>
		<feat xlink:href="#sSpan1201" value="ⲟⲩ ⲡⲓⲥⲧⲓⲥ"/>
		<feat xlink:href="#sSpan1216" value="ⲡⲉϥ ⲁⲅⲅⲉⲗⲟⲥ"/>
		<feat xlink:href="#sSpan1231" value="ⲡ ⲛⲟⲩⲧⲉ"/>
		<feat xlink:href="#sSpan1256" value="ⲡⲉϥ ⲁⲓⲧⲏⲙⲁ"/>
		<feat xlink:href="#sSpan1267" value="ⲍⲁⲭⲁⲣⲓⲁⲥ"/>
		<feat xlink:href="#sSpan1289" value="ⲅⲁⲃⲣⲓⲏⲗ"/>
		<feat xlink:href="#sSpan1322" value="ⲡⲉϥ ⲁⲓⲧⲏⲙⲁ ⲉⲧⲉ ⲓⲱϩⲁⲛⲛⲏⲥ ⲡⲉ"/>
		<feat xlink:href="#sSpan1334" value="ⲓⲱϩⲁⲛⲛⲏⲥ"/>
		<feat xlink:href="#sSpan1347" value="ⲡⲉⲧⲣⲟⲥ"/>
		<feat xlink:href="#sSpan1368" value="ⲡ ⲁⲅⲅⲉⲗⲟⲥ"/>
		<feat xlink:href="#sSpan1393" value="ⲛ ϩⲁⲗⲏⲥⲓⲥ ⲛ ⲃⲉⲛⲓⲡⲉ"/>
		<feat xlink:href="#sSpan1404" value="ⲃⲉⲛⲓⲡⲉ"/>
		<feat xlink:href="#sSpan1421" value="ⲧ ⲡⲩⲗⲏ ⲛ ⲃⲉⲛⲓⲡⲉ"/>
		<feat xlink:href="#sSpan1431" value="ⲃⲉⲛⲓⲡⲉ"/>
		<feat xlink:href="#sSpan1467" value="ⲧⲁⲃⲓⲑⲁ"/>
		<feat xlink:href="#sSpan1475" value="ⲕⲟⲣⲛⲏⲗⲓⲟⲥ"/>
		<feat xlink:href="#sSpan1496" value="ⲡ ⲁⲅⲅⲉⲗⲟⲥ"/>
		<feat xlink:href="#sSpan1518" value="ⲡⲁⲩⲗⲟⲥ"/>
		<feat xlink:href="#sSpan1529" value="ⲥⲓⲗⲁⲥ"/>
		<feat xlink:href="#sSpan1545" value="ⲡ ⲁⲅⲅⲉⲗⲟⲥ"/>
		<feat xlink:href="#sSpan1575" value="ⲥⲛⲧⲉ"/>
		<feat xlink:href="#sSpan1582" value="ⲡⲉ ϣⲧⲉⲕⲟ"/>
		<feat xlink:href="#sSpan1588" value="ⲙⲱⲩⲥⲏⲥ"/>
		<feat xlink:href="#sSpan1618" value="ⲡ ⲁⲙⲁⲗⲉⲕ"/>
		<feat xlink:href="#sSpan1625" value="ⲧⲱⲃⲓⲁⲥ"/>
		<feat xlink:href="#sSpan1645" value="ϩⲣⲁⲫⲁⲏⲗ"/>
		<feat xlink:href="#sSpan1681" value="ⲡⲁⲓ"/>
		<feat xlink:href="#sSpan1697" value="ⲟⲩⲟⲉⲓϣ ⲛⲓⲙ"/>
		<feat xlink:href="#sSpan1709" value="ⲱϫⲛ"/>
		<feat xlink:href="#sSpan1727" value="ⲡ ⲁⲡⲟⲥⲧⲟⲗⲟⲥ"/>
		<feat xlink:href="#sSpan1746" value="ⲱϫⲛ"/>
		<feat xlink:href="#sSpan1753" value="ⲛⲁⲓ"/>
		<feat xlink:href="#sSpan1778" value="ⲇⲁⲓⲙⲱⲛ"/>
		<feat xlink:href="#sSpan1781" value="ⲡⲉ ϣⲗⲏⲗ"/>
		<feat xlink:href="#sSpan1815" value="ⲡⲁⲓ"/>
		<feat xlink:href="#sSpan1824" value="ⲙⲛⲧⲏ ⲛ ϩⲟⲟⲩ"/>
		<feat xlink:href="#sSpan1856" value="ⲡ ⲙⲁ ⲉⲧ ⲟⲩⲁⲁⲃ"/>
		<feat xlink:href="#sSpan1888" value="ⲙ ⲙⲁ ⲛⲓⲙ"/>
		<feat xlink:href="#sSpan1902" value="ⲡⲉ ϣⲗⲏⲗ"/>
		<feat xlink:href="#sSpan1922" value="ϣⲃⲏⲣ"/>
		<feat xlink:href="#sSpan1967" value="ⲡⲉⲓⲣⲁⲥⲙⲟⲥ"/>
		<feat xlink:href="#sSpan1986" value="ⲡ ⲇⲓⲕⲁⲥⲧⲏⲣⲓⲟⲛ"/>
		<feat xlink:href="#sSpan2005" value="ⲡ ⲛⲟⲩⲧⲉ"/>
		<feat xlink:href="#sSpan2054" value="ⲓⲟⲟⲩⲉ"/>
		<feat xlink:href="#sSpan2101" value="ⲩ ⲇⲓⲡⲛⲟⲛ"/>
		<feat xlink:href="#sSpan2118" value="ⲟⲩⲱⲙ"/>
		<feat xlink:href="#sSpan2126" value="ⲡ ⲛⲟⲩⲧⲉ"/>
		<feat xlink:href="#sSpan2140" value="ⲡⲉⲕ ⲟⲉⲓⲕ"/>
		<feat xlink:href="#sSpan2149" value="ⲛ ⲉⲧⲉ ⲕ ⲛⲁ ⲥⲟⲟⲩⲧⲛ ⲉⲣⲟ ⲟⲩ ⲧⲏⲣ ⲟⲩ"/>
		<feat xlink:href="#sSpan2230" value="ⲕⲉ ϩⲱⲃ"/>
		<feat xlink:href="#sSpan2245" value="ϩⲱⲃ ⲛⲓⲙ"/>
		<feat xlink:href="#sSpan2267" value="ⲡ ⲛⲟⲩⲧⲉ"/>
		<feat xlink:href="#sSpan2285" value="ⲛⲁⲓ"/>
		<feat xlink:href="#sSpan2322" value="ⲡⲉϥ ⲣⲁⲛ ⲉⲧ ⲟⲩⲁⲁⲃ"/>
		<feat xlink:href="#sSpan2342" value="ⲡ ⲉⲧ ⲛⲁⲛⲟⲩ ϥ"/>
		<feat xlink:href="#sSpan2358" value="ⲡⲉⲛ ϫⲟⲉⲓⲥ ⲓⲏⲥⲟⲩⲥ ⲡⲉ ⲭⲣⲓⲥⲧⲟⲥ"/>
		<feat xlink:href="#sSpan2382" value="ⲡⲁⲓ ⲉⲧⲉⲣⲉ ⲡ ⲉⲟⲟⲩ ⲡⲣⲉⲡⲉⲓ ⲛⲁ ϥ . ⲙⲛ ⲡ ⲧⲁⲓⲟ ⲙⲛ ⲡⲉ ⲥⲙⲟⲩ ϣⲁ ⲛ ⲅⲉⲛⲉⲁ ⲧⲏⲣ ⲟⲩ ⲁⲩⲱ ϣⲁ ⲛ ⲁⲓⲱⲛ ⲧⲏⲣ ⲟⲩ ⲛ ⲁⲓⲱⲛ"/>
		<feat xlink:href="#sSpan2393" value="ⲡ ⲉⲟⲟⲩ"/>
		<feat xlink:href="#sSpan2418" value="ⲡ ⲧⲁⲓⲟ"/>
		<feat xlink:href="#sSpan2428" value="ⲡⲉ ⲥⲙⲟⲩ"/>
		<feat xlink:href="#sSpan2437" value="ⲛ ⲅⲉⲛⲉⲁ ⲧⲏⲣ ⲟⲩ"/>
		<feat xlink:href="#sSpan2459" value="ⲛ ⲁⲓⲱⲛ ⲧⲏⲣ ⲟⲩ ⲛ ⲁⲓⲱⲛ"/></featList></paula>