<?xml version='1.0' encoding='UTF-8'?><!DOCTYPE paula SYSTEM "paula_feat.dtd">
<paula version="1.1">
	<header paula_id="scriptorium.cross.michbr295-297.mark_norm"/>
	<featList xmlns:xlink="http://www.w3.org/1999/xlink" type="norm" xml:base="scriptorium.cross.michbr295-297.mark.xml">
		<feat xlink:href="#sSpan1" value="ⲡⲉ"/>
		<feat xlink:href="#sSpan15" value="ⲥⲧⲁⲩⲣⲟⲥ"/>
		<feat xlink:href="#sSpan17" value="ⲡⲉ"/>
		<feat xlink:href="#sSpan21" value="ⲧ"/>
		<feat xlink:href="#sSpan27" value="ⲗⲩⲭⲛⲉⲓⲁ"/>
		<feat xlink:href="#sSpan29" value="ⲛ"/>
		<feat xlink:href="#sSpan34" value="ⲛⲟⲩⲃ"/>
		<feat xlink:href="#sSpan37" value="."/>
		<feat xlink:href="#sSpan41" value="ⲉⲣⲉ"/>
		<feat xlink:href="#sSpan45" value="ⲡ"/>
		<feat xlink:href="#sSpan48" value="ϩⲏⲃⲥ"/>
		<feat xlink:href="#sSpan51" value="ⲉⲧ"/>
		<feat xlink:href="#sSpan55" value="ⲟⲩⲁⲁⲃ"/>
		<feat xlink:href="#sSpan57" value="ϩⲓϫⲱ"/>
		<feat xlink:href="#sSpan61" value="ⲥ"/>
		<feat xlink:href="#sSpan63" value="ⲉ"/>
		<feat xlink:href="#sSpan68" value="ⲥ"/>
		<feat xlink:href="#sSpan71" value="ⲗⲁⲙⲡⲉⲩⲉ"/>
		<feat xlink:href="#sSpan73" value="."/>
		<feat xlink:href="#sSpan77" value="ⲡⲉ"/>
		<feat xlink:href="#sSpan87" value="ⲥⲧⲁⲩⲣⲟⲥ"/>
		<feat xlink:href="#sSpan89" value="ⲡⲉ"/>
		<feat xlink:href="#sSpan93" value="ⲡ"/>
		<feat xlink:href="#sSpan98" value="ⲉⲓⲱⲧ"/>
		<feat xlink:href="#sSpan100" value="ⲛ"/>
		<feat xlink:href="#sSpan105" value="ⲛ"/>
		<feat xlink:href="#sSpan109" value="ⲟⲣⲫⲁⲛⲟⲥ"/>
		<feat xlink:href="#sSpan111" value="ⲉ"/>
		<feat xlink:href="#sSpan115" value="ϥ"/>
		<feat xlink:href="#sSpan117" value="ⲣⲟⲉⲓⲥ"/>
		<feat xlink:href="#sSpan120" value="ⲉⲣⲟ"/>
		<feat xlink:href="#sSpan124" value="ⲟⲩ"/>
		<feat xlink:href="#sSpan126" value="."/>
		<feat xlink:href="#sSpan130" value="ⲡⲉ"/>
		<feat xlink:href="#sSpan140" value="ⲥⲧⲁⲩⲣⲟⲥ"/>
		<feat xlink:href="#sSpan142" value="ⲡⲉ"/>
		<feat xlink:href="#sSpan146" value="ⲡⲉ"/>
		<feat xlink:href="#sSpan152" value="ⲕⲣⲓⲧⲏⲥ"/>
		<feat xlink:href="#sSpan155" value="ⲛ"/>
		<feat xlink:href="#sSpan159" value="ⲛⲉ"/>
		<feat xlink:href="#sSpan163" value="ⲭⲏⲣⲁ"/>
		<feat xlink:href="#sSpan165" value="ⲉ"/>
		<feat xlink:href="#sSpan170" value="ϥ"/>
		<feat xlink:href="#sSpan172" value="ⲃⲱⲧⲉ"/>
		<feat xlink:href="#sSpan174" value="ⲉⲃⲟⲗ"/>
		<feat xlink:href="#sSpan178" value="ⲛ"/>
		<feat xlink:href="#sSpan182" value="ⲛⲉ"/>
		<feat xlink:href="#sSpan186" value="ⲣⲙⲉⲓⲟⲟⲩⲉ"/>
		<feat xlink:href="#sSpan190" value="ⲉⲧ"/>
		<feat xlink:href="#sSpan194" value="ϩⲛ"/>
		<feat xlink:href="#sSpan196" value="ⲛⲉⲩ"/>
		<feat xlink:href="#sSpan200" value="ⲃⲁⲗ"/>
		<feat xlink:href="#sSpan202" value="."/>
		<feat xlink:href="#sSpan206" value="ⲡⲉ"/>
		<feat xlink:href="#sSpan216" value="ⲥⲧⲁⲩⲣⲟⲥ"/>
		<feat xlink:href="#sSpan218" value="ⲡⲉ"/>
		<feat xlink:href="#sSpan222" value="ⲡ"/>
		<feat xlink:href="#sSpan227" value="ⲥⲟⲗⲥⲗ"/>
		<feat xlink:href="#sSpan229" value="ⲛ"/>
		<feat xlink:href="#sSpan234" value="ⲛ"/>
		<feat xlink:href="#sSpan238" value="ⲣⲙⲛϭⲟⲓⲗⲉ"/>
		<feat xlink:href="#sSpan242" value="."/>
		<feat xlink:href="#sSpan246" value="ⲡⲉ"/>
		<feat xlink:href="#sSpan256" value="ⲥⲧⲁⲩⲣⲟⲥ"/>
		<feat xlink:href="#sSpan258" value="ⲡⲉ"/>
		<feat xlink:href="#sSpan262" value="ⲡⲉ"/>
		<feat xlink:href="#sSpan267" value="ϣⲃⲏⲣ"/>
		<feat xlink:href="#sSpan269" value="ⲛ"/>
		<feat xlink:href="#sSpan274" value="ⲛ"/>
		<feat xlink:href="#sSpan277" value="ⲉⲧ"/>
		<feat xlink:href="#sSpan279" value="ϣⲟⲟⲡ"/>
		<feat xlink:href="#sSpan281" value="ϩⲙ"/>
		<feat xlink:href="#sSpan285" value="ⲡ"/>
		<feat xlink:href="#sSpan289" value="ϫⲁⲓⲉ"/>
		<feat xlink:href="#sSpan291" value="."/>
		<feat xlink:href="#sSpan295" value="ⲡⲉ"/>
		<feat xlink:href="#sSpan305" value="ⲥⲧⲁⲩⲣⲟⲥ"/>
		<feat xlink:href="#sSpan307" value="ⲡⲉ"/>
		<feat xlink:href="#sSpan311" value="ⲧ"/>
		<feat xlink:href="#sSpan317" value="ⲕⲟⲥⲙⲏⲥⲓⲥ"/>
		<feat xlink:href="#sSpan320" value="ⲛ"/>
		<feat xlink:href="#sSpan324" value="ⲛⲉ"/>
		<feat xlink:href="#sSpan328" value="ⲑⲩⲥⲓⲁⲥⲧⲏⲣⲓⲟⲛ"/>
		<feat xlink:href="#sSpan331" value="ⲉⲧ"/>
		<feat xlink:href="#sSpan335" value="ⲟⲩⲁⲁⲃ"/>
		<feat xlink:href="#sSpan337" value="."/>
		<feat xlink:href="#sSpan341" value="ⲡⲉ"/>
		<feat xlink:href="#sSpan348" value="ⲥⲧⲁⲩⲣⲟⲥ"/>
		<feat xlink:href="#sSpan350" value="ⲡⲉ"/>
		<feat xlink:href="#sSpan354" value="ⲡⲉ"/>
		<feat xlink:href="#sSpan359" value="ϩⲗⲟϭ"/>
		<feat xlink:href="#sSpan361" value="ⲛ"/>
		<feat xlink:href="#sSpan366" value="ⲛ"/>
		<feat xlink:href="#sSpan369" value="ⲉⲛⲧ"/>
		<feat xlink:href="#sSpan371" value="ⲁ"/>
		<feat xlink:href="#sSpan373" value="ⲩ"/>
		<feat xlink:href="#sSpan375" value="ⲥⲓϣⲉ"/>
		<feat xlink:href="#sSpan378" value="."/>
		<feat xlink:href="#sSpan382" value="ⲡⲉ"/>
		<feat xlink:href="#sSpan392" value="ⲥⲧⲁⲩⲣⲟⲥ"/>
		<feat xlink:href="#sSpan394" value="ⲡⲉ"/>
		<feat xlink:href="#sSpan398" value="ⲧ"/>
		<feat xlink:href="#sSpan404" value="ⲃⲟⲏⲑⲉⲓ"/>
		<feat xlink:href="#sSpan407" value="ⲉ"/>
		<feat xlink:href="#sSpan411" value="ⲡ"/>
		<feat xlink:href="#sSpan414" value="ⲣⲱⲙⲉ"/>
		<feat xlink:href="#sSpan416" value="ⲙ"/>
		<feat xlink:href="#sSpan420" value="ⲡ"/>
		<feat xlink:href="#sSpan423" value="ⲛⲁⲩ"/>
		<feat xlink:href="#sSpan426" value="ⲛ"/>
		<feat xlink:href="#sSpan430" value="ⲧⲉϥ"/>
		<feat xlink:href="#sSpan434" value="ⲁⲛⲁⲅⲕⲏ"/>
		<feat xlink:href="#sSpan436" value="ⲉ"/>
		<feat xlink:href="#sSpan441" value="ϥ"/>
		<feat xlink:href="#sSpan443" value="ⲛⲏⲩ"/>
		<feat xlink:href="#sSpan446" value="ⲉⲃⲟⲗ"/>
		<feat xlink:href="#sSpan450" value="ϩⲛ"/>
		<feat xlink:href="#sSpan455" value="ⲥⲱⲙⲁ"/>
		<feat xlink:href="#sSpan459" value="."/>
		<feat xlink:href="#sSpan463" value="ⲡⲉ"/>
		<feat xlink:href="#sSpan473" value="ⲥⲧⲁⲩⲣⲟⲥ"/>
		<feat xlink:href="#sSpan475" value="ⲡⲉ"/>
		<feat xlink:href="#sSpan479" value="ⲡ"/>
		<feat xlink:href="#sSpan485" value="ⲇⲓⲟⲓⲕⲏⲧⲏⲥ"/>
		<feat xlink:href="#sSpan488" value="ⲛ"/>
		<feat xlink:href="#sSpan492" value="ⲛ"/>
		<feat xlink:href="#sSpan496" value="ⲛⲁϩⲏⲧ"/>
		<feat xlink:href="#sSpan499" value="."/>
		<feat xlink:href="#sSpan503" value="ⲡⲉ"/>
		<feat xlink:href="#sSpan510" value="ⲥⲧⲁⲩⲣⲟⲥ"/>
		<feat xlink:href="#sSpan512" value="ⲡⲉ"/>
		<feat xlink:href="#sSpan516" value="ⲡ"/>
		<feat xlink:href="#sSpan522" value="ⲟⲓⲕⲟⲛⲟⲙⲟⲥ"/>
		<feat xlink:href="#sSpan525" value="ⲛ"/>
		<feat xlink:href="#sSpan529" value="ⲛⲉ"/>
		<feat xlink:href="#sSpan532" value="ⲛⲧ"/>
		<feat xlink:href="#sSpan535" value="ⲁ"/>
		<feat xlink:href="#sSpan537" value="ⲩ"/>
		<feat xlink:href="#sSpan539" value="ⲛⲉϫ"/>
		<feat xlink:href="#sSpan541" value="ⲡⲉⲩ"/>
		<feat xlink:href="#sSpan544" value="ⲣⲟⲟⲩϣ"/>
		<feat xlink:href="#sSpan547" value="ⲉⲣⲟ"/>
		<feat xlink:href="#sSpan551" value="ϥ"/>
		<feat xlink:href="#sSpan553" value="."/>
		<feat xlink:href="#sSpan557" value="ⲡⲉ"/>
		<feat xlink:href="#sSpan567" value="ⲥⲧⲁⲩⲣⲟⲥ"/>
		<feat xlink:href="#sSpan569" value="ⲡⲉ"/>
		<feat xlink:href="#sSpan573" value="ⲧⲉ"/>
		<feat xlink:href="#sSpan579" value="ϩⲁⲅⲛⲉⲓⲁ"/>
		<feat xlink:href="#sSpan581" value="ⲛ"/>
		<feat xlink:href="#sSpan587" value="ⲛⲉⲛ"/>
		<feat xlink:href="#sSpan591" value="ⲡⲁⲣⲑⲉⲛⲟⲥ"/>
		<feat xlink:href="#sSpan593" value="."/>
		<feat xlink:href="#sSpan597" value="ⲡⲉ"/>
		<feat xlink:href="#sSpan604" value="ⲥⲧⲁⲩⲣⲟⲥ"/>
		<feat xlink:href="#sSpan606" value="ⲡⲉ"/>
		<feat xlink:href="#sSpan610" value="ⲡ"/>
		<feat xlink:href="#sSpan615" value="ⲥⲟⲃⲧ"/>
		<feat xlink:href="#sSpan617" value="ⲉⲧ"/>
		<feat xlink:href="#sSpan622" value="ⲧⲁϫⲣⲏⲩ"/>
		<feat xlink:href="#sSpan624" value="."/>
		<feat xlink:href="#sSpan628" value="ⲡⲉ"/>
		<feat xlink:href="#sSpan638" value="ⲥⲧⲁⲩⲣⲟⲥ"/>
		<feat xlink:href="#sSpan640" value="ⲡⲉ"/>
		<feat xlink:href="#sSpan644" value="ⲡ"/>
		<feat xlink:href="#sSpan649" value="ⲥⲁⲉⲓⲛ"/>
		<feat xlink:href="#sSpan651" value="ⲉⲧ"/>
		<feat xlink:href="#sSpan657" value="ⲑⲉⲣⲁⲡⲉⲩⲉ"/>
		<feat xlink:href="#sSpan659" value="ⲛ"/>
		<feat xlink:href="#sSpan663" value="ϣⲓⲛⲉ"/>
		<feat xlink:href="#sSpan667" value="ⲛⲓⲙ"/>
		<feat xlink:href="#sSpan671" value="."/>
		<feat xlink:href="#sSpan675" value="ⲁⲙⲏⲓⲧⲛ"/>
		<feat xlink:href="#sSpan680" value="ⲛⲉ"/>
		<feat xlink:href="#sSpan686" value="ⲫⲩⲗⲏ"/>
		<feat xlink:href="#sSpan688" value="ⲧⲏⲣ"/>
		<feat xlink:href="#sSpan693" value="ⲟⲩ"/>
		<feat xlink:href="#sSpan695" value="ⲙ"/>
		<feat xlink:href="#sSpan699" value="ⲡ"/>
		<feat xlink:href="#sSpan702" value="ⲕⲁϩ"/>
		<feat xlink:href="#sSpan704" value="ⲣⲁϣⲉ"/>
		<feat xlink:href="#sSpan709" value="ⲛ"/>
		<feat xlink:href="#sSpan713" value="ⲧⲉⲧⲛ"/>
		<feat xlink:href="#sSpan715" value="ⲧⲉⲗⲏⲗ"/>
		<feat xlink:href="#sSpan717" value="ϫⲉ"/>
		<feat xlink:href="#sSpan722" value="ⲁ"/>
		<feat xlink:href="#sSpan724" value="ⲡ"/>
		<feat xlink:href="#sSpan727" value="ϫⲟⲉⲓⲥ"/>
		<feat xlink:href="#sSpan730" value="ⲣⲣⲣⲟ"/>
		<feat xlink:href="#sSpan735" value="ⲉⲃⲟⲗ"/>
		<feat xlink:href="#sSpan740" value="ϩⲙ"/>
		<feat xlink:href="#sSpan744" value="ⲡ"/>
		<feat xlink:href="#sSpan747" value="ϣⲉ"/>
		<feat xlink:href="#sSpan749" value="ⲙ"/>
		<feat xlink:href="#sSpan753" value="ⲡⲉ"/>
		<feat xlink:href="#sSpan758" value="ⲥⲧⲁⲩⲣⲟⲥ"/>
		<feat xlink:href="#sSpan760" value="."/>
		<feat xlink:href="#sSpan764" value="ⲛ"/>
		<feat xlink:href="#sSpan772" value="ⲉⲧ"/>
		<feat xlink:href="#sSpan774" value="ⲕⲓⲙ"/>
		<feat xlink:href="#sSpan776" value="ⲧⲏⲣ"/>
		<feat xlink:href="#sSpan781" value="ⲟⲩ"/>
		<feat xlink:href="#sSpan783" value="ϩⲛ"/>
		<feat xlink:href="#sSpan787" value="ⲛⲉ"/>
		<feat xlink:href="#sSpan790" value="ⲙⲟⲟⲩ"/>
		<feat xlink:href="#sSpan793" value="ⲛ"/>
		<feat xlink:href="#sSpan797" value="ⲉⲓⲟⲟⲩⲉ"/>
		<feat xlink:href="#sSpan799" value="."/>
		<feat xlink:href="#sSpan803" value="ⲟⲩⲛⲟϥ"/>
		<feat xlink:href="#sSpan808" value="ⲙⲙⲱ"/>
		<feat xlink:href="#sSpan812" value="ⲧⲛ"/>
		<feat xlink:href="#sSpan814" value="ϫⲉ"/>
		<feat xlink:href="#sSpan818" value="ⲁ"/>
		<feat xlink:href="#sSpan821" value="ⲩ"/>
		<feat xlink:href="#sSpan824" value="ⲥⲛⲟϥ"/>
		<feat xlink:href="#sSpan826" value="ⲙⲛ"/>
		<feat xlink:href="#sSpan830" value="ⲟⲩ"/>
		<feat xlink:href="#sSpan833" value="ⲙⲟⲟⲩ"/>
		<feat xlink:href="#sSpan836" value="ϣⲟⲩⲟ"/>
		<feat xlink:href="#sSpan840" value="ⲉⲃⲟⲗ"/>
		<feat xlink:href="#sSpan844" value="ⲙⲙⲟ"/>
		<feat xlink:href="#sSpan849" value="ϥ"/>
		<feat xlink:href="#sSpan851" value="."/>
		<feat xlink:href="#sSpan855" value="ⲛ"/>
		<feat xlink:href="#sSpan863" value="ϩⲁⲗⲁⲧⲉ"/>
		<feat xlink:href="#sSpan865" value="ⲧⲏⲣ"/>
		<feat xlink:href="#sSpan870" value="ⲟⲩ"/>
		<feat xlink:href="#sSpan872" value="ⲛ"/>
		<feat xlink:href="#sSpan876" value="ⲧ"/>
		<feat xlink:href="#sSpan879" value="ⲡⲉ"/>
		<feat xlink:href="#sSpan881" value="."/>
		<feat xlink:href="#sSpan885" value="ⲡⲱⲣϣ"/>
		<feat xlink:href="#sSpan889" value="ⲛⲉⲧⲛ"/>
		<feat xlink:href="#sSpan893" value="ⲧⲛϩ"/>
		<feat xlink:href="#sSpan895" value="ⲉⲃⲟⲗ"/>
		<feat xlink:href="#sSpan900" value="ϩⲛ"/>
		<feat xlink:href="#sSpan904" value="ⲟⲩ"/>
		<feat xlink:href="#sSpan908" value="ⲟⲩⲣⲟⲧ"/>
		<feat xlink:href="#sSpan910" value="ϫⲉ"/>
		<feat xlink:href="#sSpan914" value="ⲁ"/>
		<feat xlink:href="#sSpan916" value="ϥ"/>
		<feat xlink:href="#sSpan918" value="ⲡⲱⲣϣ"/>
		<feat xlink:href="#sSpan921" value="ⲛ"/>
		<feat xlink:href="#sSpan925" value="ⲛⲉⲧⲛ"/>
		<feat xlink:href="#sSpan928" value="ϭⲓϫ"/>
		<feat xlink:href="#sSpan930" value="ⲉⲃⲟⲗ"/>
		<feat xlink:href="#sSpan934" value="ϩⲓϫⲙ"/>
		<feat xlink:href="#sSpan939" value="ⲡⲉ"/>
		<feat xlink:href="#sSpan943" value="ⲥⲧⲁⲩⲣⲟⲥ"/>
		<feat xlink:href="#sSpan945" value="."/>
		<feat xlink:href="#sSpan949" value="ⲛⲉ"/>
		<feat xlink:href="#sSpan959" value="ⲑⲏⲣⲓⲟⲛ"/>
		<feat xlink:href="#sSpan961" value="ⲉⲧ"/>
		<feat xlink:href="#sSpan965" value="ϩⲛ"/>
		<feat xlink:href="#sSpan967" value="ⲧ"/>
		<feat xlink:href="#sSpan972" value="ⲉⲣⲏⲙⲟⲥ"/>
		<feat xlink:href="#sSpan974" value="ⲣⲁϣⲉ"/>
		<feat xlink:href="#sSpan978" value="ⲛ"/>
		<feat xlink:href="#sSpan982" value="ⲧⲉⲧⲛ"/>
		<feat xlink:href="#sSpan985" value="ⲟⲩⲛⲟϥ"/>
		<feat xlink:href="#sSpan987" value="ϫⲉ"/>
		<feat xlink:href="#sSpan991" value="ⲁ"/>
		<feat xlink:href="#sSpan994" value="ⲡ"/>
		<feat xlink:href="#sSpan998" value="ⲣⲉϥⲧⲁϣⲉⲟⲉⲓϣ"/>
		<feat xlink:href="#sSpan1002" value="ϣⲱⲡⲉ"/>
		<feat xlink:href="#sSpan1007" value="ⲛⲏ"/>
		<feat xlink:href="#sSpan1011" value="ⲧⲛ"/>
		<feat xlink:href="#sSpan1013" value="ⲛ"/>
		<feat xlink:href="#sSpan1018" value="ϣⲙⲛⲟⲩⲃⲉ"/>
		<feat xlink:href="#sSpan1023" value="."/>
		<feat xlink:href="#sSpan1027" value="ⲁ"/>
		<feat xlink:href="#sSpan1035" value="ⲧⲉⲧⲛ"/>
		<feat xlink:href="#sSpan1037" value="ⲛⲁⲩ"/>
		<feat xlink:href="#sSpan1039" value="ϫⲉ"/>
		<feat xlink:href="#sSpan1043" value="ⲟⲩ"/>
		<feat xlink:href="#sSpan1046" value="ⲁϣ"/>
		<feat xlink:href="#sSpan1051" value="ⲛ"/>
		<feat xlink:href="#sSpan1055" value="ϭⲟⲧ"/>
		<feat xlink:href="#sSpan1057" value="ⲡⲉ"/>
		<feat xlink:href="#sSpan1061" value="ⲡ"/>
		<feat xlink:href="#sSpan1067" value="ⲙⲉⲅⲉⲑⲟⲥ"/>
		<feat xlink:href="#sSpan1070" value="ⲙ"/>
		<feat xlink:href="#sSpan1074" value="ⲡⲉ"/>
		<feat xlink:href="#sSpan1078" value="ⲥⲧⲁⲩⲣⲟⲥ"/>
		<feat xlink:href="#sSpan1080" value="ⲙⲛ"/>
		<feat xlink:href="#sSpan1085" value="ⲧⲉϥ"/>
		<feat xlink:href="#sSpan1088" value="ⲛⲟϭ"/>
		<feat xlink:href="#sSpan1090" value="ⲛ"/>
		<feat xlink:href="#sSpan1095" value="ⲃⲟⲏⲑⲉⲓⲁ"/>
		<feat xlink:href="#sSpan1101" value="ⲉϫⲙ"/>
		<feat xlink:href="#sSpan1105" value="ⲡ"/>
		<feat xlink:href="#sSpan1108" value="ⲥⲱⲛⲧ"/>
		<feat xlink:href="#sSpan1110" value="ⲧⲏⲣ"/>
		<feat xlink:href="#sSpan1115" value="ϥ"/>
		<feat xlink:href="#sSpan1117" value="."/>
		<feat xlink:href="#sSpan1121" value="ⲙ"/>
		<feat xlink:href="#sSpan1129" value="ⲡ"/>
		<feat xlink:href="#sSpan1132" value="ⲛⲁⲩ"/>
		<feat xlink:href="#sSpan1135" value="ⲅⲁⲣ"/>
		<feat xlink:href="#sSpan1139" value="ⲉⲧⲉⲣⲉ"/>
		<feat xlink:href="#sSpan1144" value="ⲡ"/>
		<feat xlink:href="#sSpan1147" value="ⲣⲱⲙⲉ"/>
		<feat xlink:href="#sSpan1149" value="ⲛⲁ"/>
		<feat xlink:href="#sSpan1153" value="ⲡⲱⲣϣ"/>
		<feat xlink:href="#sSpan1156" value="ⲛⲉϥ"/>
		<feat xlink:href="#sSpan1159" value="ϭⲓϫ"/>
		<feat xlink:href="#sSpan1161" value="ⲉⲃⲟⲗ"/>
		<feat xlink:href="#sSpan1165" value="ⲙ"/>
		<feat xlink:href="#sSpan1170" value="ⲡ"/>
		<feat xlink:href="#sSpan1174" value="ⲧⲩⲡⲟⲥ"/>
		<feat xlink:href="#sSpan1176" value="ⲙ"/>
		<feat xlink:href="#sSpan1180" value="ⲡⲉ"/>
		<feat xlink:href="#sSpan1184" value="ⲥⲧⲁⲩⲣⲟⲥ"/>
		<feat xlink:href="#sSpan1186" value="ⲛ"/>
		<feat xlink:href="#sSpan1191" value="ϥ"/>
		<feat xlink:href="#sSpan1193" value="ϣⲗⲏⲗ"/>
		<feat xlink:href="#sSpan1195" value="ϩⲛ"/>
		<feat xlink:href="#sSpan1199" value="ⲟⲩ"/>
		<feat xlink:href="#sSpan1203" value="ⲡⲓⲥⲧⲓⲥ"/>
		<feat xlink:href="#sSpan1206" value="."/>
		<feat xlink:href="#sSpan1210" value="ϣⲁⲣⲉ"/>
		<feat xlink:href="#sSpan1214" value="ⲡⲉϥ"/>
		<feat xlink:href="#sSpan1218" value="ⲁⲅⲅⲉⲗⲟⲥ"/>
		<feat xlink:href="#sSpan1221" value="ⲥⲟⲡⲥ"/>
		<feat xlink:href="#sSpan1225" value="ⲙ"/>
		<feat xlink:href="#sSpan1229" value="ⲡ"/>
		<feat xlink:href="#sSpan1232" value="ⲛⲟⲩⲧⲉ"/>
		<feat xlink:href="#sSpan1235" value="ϣⲁⲛⲧⲉ"/>
		<feat xlink:href="#sSpan1239" value="ϥ"/>
		<feat xlink:href="#sSpan1241" value="ϯ"/>
		<feat xlink:href="#sSpan1243" value="ⲛⲁ"/>
		<feat xlink:href="#sSpan1247" value="ϥ"/>
		<feat xlink:href="#sSpan1249" value="ⲙ"/>
		<feat xlink:href="#sSpan1254" value="ⲡⲉϥ"/>
		<feat xlink:href="#sSpan1258" value="ⲁⲓⲧⲏⲙⲁ"/>
		<feat xlink:href="#sSpan1260" value="."/>
		<feat xlink:href="#sSpan1265" value="ⲍⲁⲭⲁⲣⲓⲁⲥ"/>
		<feat xlink:href="#sSpan1274" value="ⲁ"/>
		<feat xlink:href="#sSpan1278" value="ϥ"/>
		<feat xlink:href="#sSpan1280" value="ϣⲗⲏⲗ"/>
		<feat xlink:href="#sSpan1282" value="ⲁ"/>
		<feat xlink:href="#sSpan1287" value="ⲅⲁⲃⲣⲓⲏⲗ"/>
		<feat xlink:href="#sSpan1291" value="ⲉⲓ"/>
		<feat xlink:href="#sSpan1295" value="ϣⲁⲣⲟ"/>
		<feat xlink:href="#sSpan1299" value="ϥ"/>
		<feat xlink:href="#sSpan1301" value="ⲁ"/>
		<feat xlink:href="#sSpan1306" value="ϥ"/>
		<feat xlink:href="#sSpan1308" value="ϯ"/>
		<feat xlink:href="#sSpan1310" value="ⲛⲁ"/>
		<feat xlink:href="#sSpan1314" value="ϥ"/>
		<feat xlink:href="#sSpan1316" value="ⲙ"/>
		<feat xlink:href="#sSpan1320" value="ⲡⲉϥ"/>
		<feat xlink:href="#sSpan1324" value="ⲁⲓⲧⲏⲙⲁ"/>
		<feat xlink:href="#sSpan1327" value="ⲉⲧⲉ"/>
		<feat xlink:href="#sSpan1332" value="ⲓⲱϩⲁⲛⲛⲏⲥ"/>
		<feat xlink:href="#sSpan1336" value="ⲡⲉ"/>
		<feat xlink:href="#sSpan1340" value="."/>
		<feat xlink:href="#sSpan1345" value="ⲡⲉⲧⲣⲟⲥ"/>
		<feat xlink:href="#sSpan1353" value="ⲁ"/>
		<feat xlink:href="#sSpan1358" value="ϥ"/>
		<feat xlink:href="#sSpan1360" value="ϣⲗⲏⲗ"/>
		<feat xlink:href="#sSpan1362" value="ⲁ"/>
		<feat xlink:href="#sSpan1366" value="ⲡ"/>
		<feat xlink:href="#sSpan1370" value="ⲁⲅⲅⲉⲗⲟⲥ"/>
		<feat xlink:href="#sSpan1372" value="ⲉⲓ"/>
		<feat xlink:href="#sSpan1377" value="ϣⲁⲣⲟ"/>
		<feat xlink:href="#sSpan1381" value="ϥ"/>
		<feat xlink:href="#sSpan1383" value="ⲁ"/>
		<feat xlink:href="#sSpan1387" value="ϥ"/>
		<feat xlink:href="#sSpan1389" value="ⲧⲣⲉ"/>
		<feat xlink:href="#sSpan1391" value="ⲛ"/>
		<feat xlink:href="#sSpan1395" value="ϩⲁⲗⲏⲥⲓⲥ"/>
		<feat xlink:href="#sSpan1398" value="ⲛ"/>
		<feat xlink:href="#sSpan1402" value="ⲃⲉⲛⲓⲡⲉ"/>
		<feat xlink:href="#sSpan1405" value="ⲃⲱⲗ"/>
		<feat xlink:href="#sSpan1410" value="ⲉⲃⲟⲗ"/>
		<feat xlink:href="#sSpan1415" value="ⲙⲛ"/>
		<feat xlink:href="#sSpan1419" value="ⲧ"/>
		<feat xlink:href="#sSpan1423" value="ⲡⲩⲗⲏ"/>
		<feat xlink:href="#sSpan1425" value="ⲛ"/>
		<feat xlink:href="#sSpan1429" value="ⲃⲉⲛⲓⲡⲉ"/>
		<feat xlink:href="#sSpan1433" value="."/>
		<feat xlink:href="#sSpan1438" value="ϩⲟⲙⲟⲓⲱⲥ"/>
		<feat xlink:href="#sSpan1442" value="ⲟⲛ"/>
		<feat xlink:href="#sSpan1447" value="ⲁ"/>
		<feat xlink:href="#sSpan1451" value="ϥ"/>
		<feat xlink:href="#sSpan1453" value="ϣⲗⲏⲗ"/>
		<feat xlink:href="#sSpan1455" value="ⲁ"/>
		<feat xlink:href="#sSpan1459" value="ϥ"/>
		<feat xlink:href="#sSpan1461" value="ⲧⲟⲩⲛⲉⲥ"/>
		<feat xlink:href="#sSpan1465" value="ⲧⲁⲃⲓⲑⲁ"/>
		<feat xlink:href="#sSpan1468" value="."/>
		<feat xlink:href="#sSpan1473" value="ⲕⲟⲣⲛⲏⲗⲓⲟⲥ"/>
		<feat xlink:href="#sSpan1482" value="ⲁ"/>
		<feat xlink:href="#sSpan1486" value="ϥ"/>
		<feat xlink:href="#sSpan1488" value="ϣⲗⲏⲗ"/>
		<feat xlink:href="#sSpan1490" value="ⲁ"/>
		<feat xlink:href="#sSpan1494" value="ⲡ"/>
		<feat xlink:href="#sSpan1498" value="ⲁⲅⲅⲉⲗⲟⲥ"/>
		<feat xlink:href="#sSpan1501" value="ⲉⲓ"/>
		<feat xlink:href="#sSpan1505" value="ϣⲁⲣⲟ"/>
		<feat xlink:href="#sSpan1509" value="ϥ"/>
		<feat xlink:href="#sSpan1511" value="."/>
		<feat xlink:href="#sSpan1516" value="ⲡⲁⲩⲗⲟⲥ"/>
		<feat xlink:href="#sSpan1522" value="ⲙⲛ"/>
		<feat xlink:href="#sSpan1527" value="ⲥⲓⲗⲁⲥ"/>
		<feat xlink:href="#sSpan1530" value="ⲁ"/>
		<feat xlink:href="#sSpan1534" value="ⲩ"/>
		<feat xlink:href="#sSpan1536" value="ϣⲗⲏⲗ"/>
		<feat xlink:href="#sSpan1539" value="ⲁ"/>
		<feat xlink:href="#sSpan1543" value="ⲡ"/>
		<feat xlink:href="#sSpan1547" value="ⲁⲅⲅⲉⲗⲟⲥ"/>
		<feat xlink:href="#sSpan1549" value="ⲉⲓ"/>
		<feat xlink:href="#sSpan1554" value="ϣⲁⲣⲟ"/>
		<feat xlink:href="#sSpan1558" value="ⲟⲩ"/>
		<feat xlink:href="#sSpan1560" value="ⲁ"/>
		<feat xlink:href="#sSpan1564" value="ⲩ"/>
		<feat xlink:href="#sSpan1566" value="ⲕⲓⲙ"/>
		<feat xlink:href="#sSpan1568" value="ⲛϭⲓ"/>
		<feat xlink:href="#sSpan1573" value="ⲥⲛⲧⲉ"/>
		<feat xlink:href="#sSpan1576" value="ⲙ"/>
		<feat xlink:href="#sSpan1580" value="ⲡⲉ"/>
		<feat xlink:href="#sSpan1583" value="ϣⲧⲉⲕⲟ"/>
		<feat xlink:href="#sSpan1586" value="ⲙⲱⲩⲥⲏⲥ"/>
		<feat xlink:href="#sSpan1595" value="ⲁ"/>
		<feat xlink:href="#sSpan1599" value="ϥ"/>
		<feat xlink:href="#sSpan1601" value="ϣⲗⲏⲗ"/>
		<feat xlink:href="#sSpan1603" value="ⲁ"/>
		<feat xlink:href="#sSpan1607" value="ϥ"/>
		<feat xlink:href="#sSpan1609" value="ϭⲱⲧⲡ"/>
		<feat xlink:href="#sSpan1612" value="ⲙ"/>
		<feat xlink:href="#sSpan1616" value="ⲡ"/>
		<feat xlink:href="#sSpan1620" value="ⲁⲙⲁⲗⲉⲕ"/>
		<feat xlink:href="#sSpan1623" value="ⲧⲱⲃⲓⲁⲥ"/>
		<feat xlink:href="#sSpan1629" value="ⲁ"/>
		<feat xlink:href="#sSpan1633" value="ϥ"/>
		<feat xlink:href="#sSpan1635" value="ϣⲗⲏⲗ"/>
		<feat xlink:href="#sSpan1637" value="ⲁ"/>
		<feat xlink:href="#sSpan1643" value="ϩⲣⲁⲫⲁⲏⲗ"/>
		<feat xlink:href="#sSpan1646" value="ⲉⲓ"/>
		<feat xlink:href="#sSpan1650" value="ϣⲁⲣⲟ"/>
		<feat xlink:href="#sSpan1654" value="ϥ"/>
		<feat xlink:href="#sSpan1656" value="ⲁ"/>
		<feat xlink:href="#sSpan1661" value="ϥ"/>
		<feat xlink:href="#sSpan1663" value="ⲧⲁⲗϭⲟ"/>
		<feat xlink:href="#sSpan1665" value="ϥ"/>
		<feat xlink:href="#sSpan1667" value="."/>
		<feat xlink:href="#sSpan1671" value="ⲉⲧⲃⲉ"/>
		<feat xlink:href="#sSpan1679" value="ⲡⲁⲓ"/>
		<feat xlink:href="#sSpan1682" value="ⲙⲁⲣⲉ"/>
		<feat xlink:href="#sSpan1687" value="ⲛ"/>
		<feat xlink:href="#sSpan1689" value="ϣⲗⲏⲗ"/>
		<feat xlink:href="#sSpan1691" value="ⲛ"/>
		<feat xlink:href="#sSpan1695" value="ⲟⲩⲟⲉⲓϣ"/>
		<feat xlink:href="#sSpan1699" value="ⲛⲓⲙ"/>
		<feat xlink:href="#sSpan1703" value="ⲁϫⲛ"/>
		<feat xlink:href="#sSpan1707" value="ⲱϫⲛ"/>
		<feat xlink:href="#sSpan1711" value="."/>
		<feat xlink:href="#sSpan1715" value="ⲡⲉϫⲁ"/>
		<feat xlink:href="#sSpan1719" value="ϥ"/>
		<feat xlink:href="#sSpan1721" value="ⲛϭⲓ"/>
		<feat xlink:href="#sSpan1725" value="ⲡ"/>
		<feat xlink:href="#sSpan1729" value="ⲁⲡⲟⲥⲧⲟⲗⲟⲥ"/>
		<feat xlink:href="#sSpan1733" value="ϫⲉ"/>
		<feat xlink:href="#sSpan1737" value="ϣⲗⲏⲗ"/>
		<feat xlink:href="#sSpan1739" value="ⲁϫⲛ"/>
		<feat xlink:href="#sSpan1744" value="ⲱϫⲛ"/>
		<feat xlink:href="#sSpan1747" value="."/>
		<feat xlink:href="#sSpan1751" value="ⲛⲁⲓ"/>
		<feat xlink:href="#sSpan1760" value="ⲇⲉ"/>
		<feat xlink:href="#sSpan1765" value="ⲉⲧ"/>
		<feat xlink:href="#sSpan1769" value="ⲟ"/>
		<feat xlink:href="#sSpan1771" value="ⲛ"/>
		<feat xlink:href="#sSpan1776" value="ⲇⲁⲓⲙⲱⲛ"/>
		<feat xlink:href="#sSpan1779" value="ⲡⲉ"/>
		<feat xlink:href="#sSpan1785" value="ϣⲗⲏⲗ"/>
		<feat xlink:href="#sSpan1787" value="ⲡⲉ"/>
		<feat xlink:href="#sSpan1791" value="ϣⲁ"/>
		<feat xlink:href="#sSpan1795" value="ϥ"/>
		<feat xlink:href="#sSpan1798" value="ⲑⲉⲣⲁⲡⲉⲩⲉ"/>
		<feat xlink:href="#sSpan1801" value="ⲙⲙⲟ"/>
		<feat xlink:href="#sSpan1805" value="ⲩ"/>
		<feat xlink:href="#sSpan1807" value="ⲉⲧⲃⲉ"/>
		<feat xlink:href="#sSpan1813" value="ⲡⲁⲓ"/>
		<feat xlink:href="#sSpan1816" value="ⲉⲓⲥ"/>
		<feat xlink:href="#sSpan1820" value="ⲙⲛⲧⲏ"/>
		<feat xlink:href="#sSpan1825" value="ⲛ"/>
		<feat xlink:href="#sSpan1830" value="ϩⲟⲟⲩ"/>
		<feat xlink:href="#sSpan1832" value="ⲧⲛ"/>
		<feat xlink:href="#sSpan1837" value="ⲛⲏⲥⲧⲉⲩⲉ"/>
		<feat xlink:href="#sSpan1839" value="ⲁⲩⲱ"/>
		<feat xlink:href="#sSpan1844" value="ⲧⲛ"/>
		<feat xlink:href="#sSpan1848" value="ϣⲗⲏⲗ"/>
		<feat xlink:href="#sSpan1850" value="ϩⲙ"/>
		<feat xlink:href="#sSpan1854" value="ⲡ"/>
		<feat xlink:href="#sSpan1858" value="ⲙⲁ"/>
		<feat xlink:href="#sSpan1860" value="ⲉⲧ"/>
		<feat xlink:href="#sSpan1864" value="ⲟⲩⲁⲁⲃ"/>
		<feat xlink:href="#sSpan1866" value="."/>
		<feat xlink:href="#sSpan1870" value="ⲛⲧⲟⲕ"/>
		<feat xlink:href="#sSpan1878" value="ⲉ"/>
		<feat xlink:href="#sSpan1882" value="ⲕ"/>
		<feat xlink:href="#sSpan1884" value="ϩⲙ"/>
		<feat xlink:href="#sSpan1886" value="ⲙ"/>
		<feat xlink:href="#sSpan1889" value="ⲙⲁ"/>
		<feat xlink:href="#sSpan1891" value="ⲛⲓⲙ"/>
		<feat xlink:href="#sSpan1895" value="ⲙⲁⲣⲉ"/>
		<feat xlink:href="#sSpan1900" value="ⲡⲉ"/>
		<feat xlink:href="#sSpan1903" value="ϣⲗⲏⲗ"/>
		<feat xlink:href="#sSpan1905" value="ϣⲱⲡⲉ"/>
		<feat xlink:href="#sSpan1910" value="ⲛⲁ"/>
		<feat xlink:href="#sSpan1914" value="ⲕ"/>
		<feat xlink:href="#sSpan1916" value="ⲛ"/>
		<feat xlink:href="#sSpan1920" value="ϣⲃⲏⲣ"/>
		<feat xlink:href="#sSpan1923" value="."/>
		<feat xlink:href="#sSpan1927" value="ϣⲗⲏⲗ"/>
		<feat xlink:href="#sSpan1932" value="ⲉ"/>
		<feat xlink:href="#sSpan1936" value="ⲕ"/>
		<feat xlink:href="#sSpan1938" value="ⲛⲁ"/>
		<feat xlink:href="#sSpan1940" value="ⲛⲕⲟⲧⲕ"/>
		<feat xlink:href="#sSpan1942" value="ⲧⲁⲣⲉ"/>
		<feat xlink:href="#sSpan1947" value="ⲕ"/>
		<feat xlink:href="#sSpan1949" value="ϣⲱⲡⲉ"/>
		<feat xlink:href="#sSpan1951" value="ⲉ"/>
		<feat xlink:href="#sSpan1955" value="ⲕ"/>
		<feat xlink:href="#sSpan1957" value="ⲟⲩⲟϫ"/>
		<feat xlink:href="#sSpan1960" value="ⲉ"/>
		<feat xlink:href="#sSpan1965" value="ⲡⲉⲓⲣⲁⲥⲙⲟⲥ"/>
		<feat xlink:href="#sSpan1968" value="."/>
		<feat xlink:href="#sSpan1972" value="ⲉ"/>
		<feat xlink:href="#sSpan1980" value="ⲕ"/>
		<feat xlink:href="#sSpan1982" value="ϩⲙ"/>
		<feat xlink:href="#sSpan1984" value="ⲡ"/>
		<feat xlink:href="#sSpan1988" value="ⲇⲓⲕⲁⲥⲧⲏⲣⲓⲟⲛ"/>
		<feat xlink:href="#sSpan1991" value="ϣⲗⲏⲗ"/>
		<feat xlink:href="#sSpan1995" value="."/>
		<feat xlink:href="#sSpan1999" value="ⲁⲩⲱ"/>
		<feat xlink:href="#sSpan2003" value="ⲡ"/>
		<feat xlink:href="#sSpan2009" value="ⲛⲟⲩⲧⲉ"/>
		<feat xlink:href="#sSpan2011" value="ⲛⲁ"/>
		<feat xlink:href="#sSpan2015" value="ⲙⲓϣⲉ"/>
		<feat xlink:href="#sSpan2017" value="ⲉϩⲣⲁⲓ"/>
		<feat xlink:href="#sSpan2022" value="ⲉϫⲱ"/>
		<feat xlink:href="#sSpan2026" value="ⲕ"/>
		<feat xlink:href="#sSpan2028" value="."/>
		<feat xlink:href="#sSpan2032" value="ⲉ"/>
		<feat xlink:href="#sSpan2037" value="ⲕ"/>
		<feat xlink:href="#sSpan2039" value="ⲧⲁⲗⲏⲩ"/>
		<feat xlink:href="#sSpan2041" value="ⲉⲛⲉ"/>
		<feat xlink:href="#sSpan2045" value="ⲙⲟⲩ"/>
		<feat xlink:href="#sSpan2047" value="ⲛ"/>
		<feat xlink:href="#sSpan2052" value="ⲓⲟⲟⲩⲉ"/>
		<feat xlink:href="#sSpan2055" value="ϣⲗⲏⲗ"/>
		<feat xlink:href="#sSpan2059" value="ⲁⲩⲱ"/>
		<feat xlink:href="#sSpan2063" value="ⲕ"/>
		<feat xlink:href="#sSpan2068" value="ⲛⲁ"/>
		<feat xlink:href="#sSpan2070" value="ⲛⲟⲩϩⲙ"/>
		<feat xlink:href="#sSpan2072" value="ⲉ"/>
		<feat xlink:href="#sSpan2076" value="ⲱⲙⲥ"/>
		<feat xlink:href="#sSpan2078" value="."/>
		<feat xlink:href="#sSpan2082" value="ⲉⲩϣⲁⲛ"/>
		<feat xlink:href="#sSpan2090" value="ⲧⲁϩⲙⲉ"/>
		<feat xlink:href="#sSpan2092" value="ⲕ"/>
		<feat xlink:href="#sSpan2094" value="ⲉ"/>
		<feat xlink:href="#sSpan2099" value="ⲩ"/>
		<feat xlink:href="#sSpan2103" value="ⲇⲓⲡⲛⲟⲛ"/>
		<feat xlink:href="#sSpan2105" value="ϣⲗⲏⲗ"/>
		<feat xlink:href="#sSpan2109" value="ⲙⲡⲁⲧⲉ"/>
		<feat xlink:href="#sSpan2114" value="ⲕ"/>
		<feat xlink:href="#sSpan2116" value="ⲟⲩⲱⲙ"/>
		<feat xlink:href="#sSpan2119" value="ⲧⲁⲣⲉ"/>
		<feat xlink:href="#sSpan2124" value="ⲡ"/>
		<feat xlink:href="#sSpan2127" value="ⲛⲟⲩⲧⲉ"/>
		<feat xlink:href="#sSpan2129" value="ⲥⲙⲟⲩ"/>
		<feat xlink:href="#sSpan2133" value="ⲉ"/>
		<feat xlink:href="#sSpan2138" value="ⲡⲉⲕ"/>
		<feat xlink:href="#sSpan2141" value="ⲟⲉⲓⲕ"/>
		<feat xlink:href="#sSpan2143" value="ⲙⲛ"/>
		<feat xlink:href="#sSpan2147" value="ⲛ"/>
		<feat xlink:href="#sSpan2150" value="ⲉⲧⲉ"/>
		<feat xlink:href="#sSpan2153" value="ⲕ"/>
		<feat xlink:href="#sSpan2155" value="ⲛⲁ"/>
		<feat xlink:href="#sSpan2157" value="ⲥⲟⲟⲩⲧⲛ"/>
		<feat xlink:href="#sSpan2159" value="ⲉⲣⲟ"/>
		<feat xlink:href="#sSpan2164" value="ⲟⲩ"/>
		<feat xlink:href="#sSpan2166" value="ⲧⲏⲣ"/>
		<feat xlink:href="#sSpan2170" value="ⲟⲩ"/>
		<feat xlink:href="#sSpan2172" value="."/>
		<feat xlink:href="#sSpan2177" value="ⲉⲓⲧⲉ"/>
		<feat xlink:href="#sSpan2184" value="ⲧⲉⲧⲛ"/>
		<feat xlink:href="#sSpan2189" value="ⲟⲩⲱⲙ"/>
		<feat xlink:href="#sSpan2192" value="ⲉⲓⲧⲉ"/>
		<feat xlink:href="#sSpan2196" value="ⲉ"/>
		<feat xlink:href="#sSpan2201" value="ⲧⲉⲧⲛ"/>
		<feat xlink:href="#sSpan2203" value="ⲥⲱ"/>
		<feat xlink:href="#sSpan2205" value="."/>
		<feat xlink:href="#sSpan2210" value="ⲉⲓⲧⲉ"/>
		<feat xlink:href="#sSpan2214" value="ⲉ"/>
		<feat xlink:href="#sSpan2218" value="ⲧⲉⲧⲛ"/>
		<feat xlink:href="#sSpan2221" value="ⲉⲓⲣⲉ"/>
		<feat xlink:href="#sSpan2224" value="ⲛ"/>
		<feat xlink:href="#sSpan2228" value="ⲕⲉ"/>
		<feat xlink:href="#sSpan2231" value="ϩⲱⲃ"/>
		<feat xlink:href="#sSpan2234" value="."/>
		<feat xlink:href="#sSpan2238" value="ⲁⲣⲓ"/>
		<feat xlink:href="#sSpan2242" value="ϩⲱⲃ"/>
		<feat xlink:href="#sSpan2246" value="ⲛⲓⲙ"/>
		<feat xlink:href="#sSpan2250" value="ⲉ"/>
		<feat xlink:href="#sSpan2255" value="ⲧⲉⲧⲛ"/>
		<feat xlink:href="#sSpan2258" value="ϯⲉⲟⲟⲩ"/>
		<feat xlink:href="#sSpan2261" value="ⲙ"/>
		<feat xlink:href="#sSpan2265" value="ⲡ"/>
		<feat xlink:href="#sSpan2268" value="ⲛⲟⲩⲧⲉ"/>
		<feat xlink:href="#sSpan2271" value="."/>
		<feat xlink:href="#sSpan2275" value="ⲉϫⲛ"/>
		<feat xlink:href="#sSpan2283" value="ⲛⲁⲓ"/>
		<feat xlink:href="#sSpan2287" value="ⲇⲉ"/>
		<feat xlink:href="#sSpan2292" value="ⲧⲏⲣ"/>
		<feat xlink:href="#sSpan2296" value="ⲟⲩ"/>
		<feat xlink:href="#sSpan2298" value="."/>
		<feat xlink:href="#sSpan2302" value="ⲙⲁⲣⲉ"/>
		<feat xlink:href="#sSpan2306" value="ⲛ"/>
		<feat xlink:href="#sSpan2309" value="ϯⲉⲟⲟⲩ"/>
		<feat xlink:href="#sSpan2316" value="ⲙ"/>
		<feat xlink:href="#sSpan2320" value="ⲡⲉϥ"/>
		<feat xlink:href="#sSpan2323" value="ⲣⲁⲛ"/>
		<feat xlink:href="#sSpan2325" value="ⲉⲧ"/>
		<feat xlink:href="#sSpan2330" value="ⲟⲩⲁⲁⲃ"/>
		<feat xlink:href="#sSpan2332" value="."/>
		<feat xlink:href="#sSpan2336" value="ϩⲙ"/>
		<feat xlink:href="#sSpan2340" value="ⲡ"/>
		<feat xlink:href="#sSpan2343" value="ⲉⲧ"/>
		<feat xlink:href="#sSpan2345" value="ⲛⲁⲛⲟⲩ"/>
		<feat xlink:href="#sSpan2348" value="ϥ"/>
		<feat xlink:href="#sSpan2350" value="ⲛⲓⲙ"/>
		<feat xlink:href="#sSpan2354" value="ⲡⲉⲛ"/>
		<feat xlink:href="#sSpan2359" value="ϫⲟⲉⲓⲥ"/>
		<feat xlink:href="#sSpan2363" value="ⲓⲏⲥⲟⲩⲥ"/>
		<feat xlink:href="#sSpan2367" value="ⲡⲉ"/>
		<feat xlink:href="#sSpan2372" value="ⲭⲣⲓⲥⲧⲟⲥ"/>
		<feat xlink:href="#sSpan2374" value="."/>
		<feat xlink:href="#sSpan2378" value="ⲡⲁⲓ"/>
		<feat xlink:href="#sSpan2386" value="ⲉⲧⲉⲣⲉ"/>
		<feat xlink:href="#sSpan2391" value="ⲡ"/>
		<feat xlink:href="#sSpan2394" value="ⲉⲟⲟⲩ"/>
		<feat xlink:href="#sSpan2397" value="ⲡⲣⲉⲡⲉⲓ"/>
		<feat xlink:href="#sSpan2401" value="ⲛⲁ"/>
		<feat xlink:href="#sSpan2406" value="ϥ"/>
		<feat xlink:href="#sSpan2408" value="."/>
		<feat xlink:href="#sSpan2412" value="ⲙⲛ"/>
		<feat xlink:href="#sSpan2416" value="ⲡ"/>
		<feat xlink:href="#sSpan2419" value="ⲧⲁⲓⲟ"/>
		<feat xlink:href="#sSpan2421" value="ⲙⲛ"/>
		<feat xlink:href="#sSpan2426" value="ⲡⲉ"/>
		<feat xlink:href="#sSpan2429" value="ⲥⲙⲟⲩ"/>
		<feat xlink:href="#sSpan2431" value="ϣⲁ"/>
		<feat xlink:href="#sSpan2435" value="ⲛ"/>
		<feat xlink:href="#sSpan2440" value="ⲅⲉⲛⲉⲁ"/>
		<feat xlink:href="#sSpan2442" value="ⲧⲏⲣ"/>
		<feat xlink:href="#sSpan2446" value="ⲟⲩ"/>
		<feat xlink:href="#sSpan2448" value="ⲁⲩⲱ"/>
		<feat xlink:href="#sSpan2453" value="ϣⲁ"/>
		<feat xlink:href="#sSpan2457" value="ⲛ"/>
		<feat xlink:href="#sSpan2461" value="ⲁⲓⲱⲛ"/>
		<feat xlink:href="#sSpan2463" value="ⲧⲏⲣ"/>
		<feat xlink:href="#sSpan2468" value="ⲟⲩ"/>
		<feat xlink:href="#sSpan2470" value="ⲛ"/>
		<feat xlink:href="#sSpan2475" value="ⲁⲓⲱⲛ"/>
		<feat xlink:href="#sSpan2478" value="ϩⲁⲙⲏⲛ"/></featList></paula>