<?xml version='1.0' encoding='UTF-8'?><!DOCTYPE paula SYSTEM "paula_feat.dtd">
<paula version="1.1">
	<header paula_id="scriptorium.cross.michbr295-297.mark_identity"/>
	<featList xmlns:xlink="http://www.w3.org/1999/xlink" type="identity" xml:base="scriptorium.cross.michbr295-297.mark.xml">
		<feat xlink:href="#sSpan1267" value="Zechariah ben Jehoiada"/>
		<feat xlink:href="#sSpan1289" value="Gabriel"/>
		<feat xlink:href="#sSpan1334" value="John the Baptist"/>
		<feat xlink:href="#sSpan1347" value="Saint Peter"/>
		<feat xlink:href="#sSpan1518" value="Paul the Apostle"/>
		<feat xlink:href="#sSpan1529" value="Silas"/>
		<feat xlink:href="#sSpan1588" value="Moses"/>
		<feat xlink:href="#sSpan1618" value="Amalek"/>
		<feat xlink:href="#sSpan1645" value="Raphael (archangel)"/>
		<feat xlink:href="#sSpan2358" value="Jesus"/></featList></paula>