<?xml version='1.0' encoding='UTF-8'?><!DOCTYPE paula SYSTEM "paula_feat.dtd">
<paula version="1.1">
	<header paula_id="scriptorium.cross.michbr295-297.mark_pos"/>
	<featList xmlns:xlink="http://www.w3.org/1999/xlink" type="pos" xml:base="scriptorium.cross.michbr295-297.mark.xml">
		<feat xlink:href="#sSpan1" value="ART"/>
		<feat xlink:href="#sSpan15" value="N"/>
		<feat xlink:href="#sSpan17" value="COP"/>
		<feat xlink:href="#sSpan21" value="ART"/>
		<feat xlink:href="#sSpan27" value="N"/>
		<feat xlink:href="#sSpan29" value="PREP"/>
		<feat xlink:href="#sSpan34" value="N"/>
		<feat xlink:href="#sSpan37" value="PUNCT"/>
		<feat xlink:href="#sSpan41" value="CCIRC"/>
		<feat xlink:href="#sSpan45" value="ART"/>
		<feat xlink:href="#sSpan48" value="N"/>
		<feat xlink:href="#sSpan51" value="CREL"/>
		<feat xlink:href="#sSpan55" value="VSTAT"/>
		<feat xlink:href="#sSpan57" value="PREP"/>
		<feat xlink:href="#sSpan61" value="PPERO"/>
		<feat xlink:href="#sSpan63" value="CCIRC"/>
		<feat xlink:href="#sSpan68" value="PPERS"/>
		<feat xlink:href="#sSpan71" value="V"/>
		<feat xlink:href="#sSpan73" value="PUNCT"/>
		<feat xlink:href="#sSpan77" value="ART"/>
		<feat xlink:href="#sSpan87" value="N"/>
		<feat xlink:href="#sSpan89" value="COP"/>
		<feat xlink:href="#sSpan93" value="ART"/>
		<feat xlink:href="#sSpan98" value="N"/>
		<feat xlink:href="#sSpan100" value="PREP"/>
		<feat xlink:href="#sSpan105" value="ART"/>
		<feat xlink:href="#sSpan109" value="N"/>
		<feat xlink:href="#sSpan111" value="CCIRC"/>
		<feat xlink:href="#sSpan115" value="PPERS"/>
		<feat xlink:href="#sSpan117" value="V"/>
		<feat xlink:href="#sSpan120" value="PREP"/>
		<feat xlink:href="#sSpan124" value="PPERO"/>
		<feat xlink:href="#sSpan126" value="PUNCT"/>
		<feat xlink:href="#sSpan130" value="ART"/>
		<feat xlink:href="#sSpan140" value="N"/>
		<feat xlink:href="#sSpan142" value="COP"/>
		<feat xlink:href="#sSpan146" value="ART"/>
		<feat xlink:href="#sSpan152" value="N"/>
		<feat xlink:href="#sSpan155" value="PREP"/>
		<feat xlink:href="#sSpan159" value="ART"/>
		<feat xlink:href="#sSpan163" value="N"/>
		<feat xlink:href="#sSpan165" value="CCIRC"/>
		<feat xlink:href="#sSpan170" value="PPERS"/>
		<feat xlink:href="#sSpan172" value="V"/>
		<feat xlink:href="#sSpan174" value="ADV"/>
		<feat xlink:href="#sSpan178" value="PREP"/>
		<feat xlink:href="#sSpan182" value="ART"/>
		<feat xlink:href="#sSpan186" value="N"/>
		<feat xlink:href="#sSpan190" value="CREL"/>
		<feat xlink:href="#sSpan194" value="PREP"/>
		<feat xlink:href="#sSpan196" value="PPOS"/>
		<feat xlink:href="#sSpan200" value="N"/>
		<feat xlink:href="#sSpan202" value="PUNCT"/>
		<feat xlink:href="#sSpan206" value="ART"/>
		<feat xlink:href="#sSpan216" value="N"/>
		<feat xlink:href="#sSpan218" value="COP"/>
		<feat xlink:href="#sSpan222" value="ART"/>
		<feat xlink:href="#sSpan227" value="N"/>
		<feat xlink:href="#sSpan229" value="PREP"/>
		<feat xlink:href="#sSpan234" value="ART"/>
		<feat xlink:href="#sSpan238" value="N"/>
		<feat xlink:href="#sSpan242" value="PUNCT"/>
		<feat xlink:href="#sSpan246" value="ART"/>
		<feat xlink:href="#sSpan256" value="N"/>
		<feat xlink:href="#sSpan258" value="COP"/>
		<feat xlink:href="#sSpan262" value="ART"/>
		<feat xlink:href="#sSpan267" value="N"/>
		<feat xlink:href="#sSpan269" value="PREP"/>
		<feat xlink:href="#sSpan274" value="ART"/>
		<feat xlink:href="#sSpan277" value="CREL"/>
		<feat xlink:href="#sSpan279" value="VSTAT"/>
		<feat xlink:href="#sSpan281" value="PREP"/>
		<feat xlink:href="#sSpan285" value="ART"/>
		<feat xlink:href="#sSpan289" value="N"/>
		<feat xlink:href="#sSpan291" value="PUNCT"/>
		<feat xlink:href="#sSpan295" value="ART"/>
		<feat xlink:href="#sSpan305" value="N"/>
		<feat xlink:href="#sSpan307" value="COP"/>
		<feat xlink:href="#sSpan311" value="ART"/>
		<feat xlink:href="#sSpan317" value="N"/>
		<feat xlink:href="#sSpan320" value="PREP"/>
		<feat xlink:href="#sSpan324" value="ART"/>
		<feat xlink:href="#sSpan328" value="N"/>
		<feat xlink:href="#sSpan331" value="CREL"/>
		<feat xlink:href="#sSpan335" value="VSTAT"/>
		<feat xlink:href="#sSpan337" value="PUNCT"/>
		<feat xlink:href="#sSpan341" value="ART"/>
		<feat xlink:href="#sSpan348" value="N"/>
		<feat xlink:href="#sSpan350" value="COP"/>
		<feat xlink:href="#sSpan354" value="ART"/>
		<feat xlink:href="#sSpan359" value="N"/>
		<feat xlink:href="#sSpan361" value="PREP"/>
		<feat xlink:href="#sSpan366" value="ART"/>
		<feat xlink:href="#sSpan369" value="CREL"/>
		<feat xlink:href="#sSpan371" value="APST"/>
		<feat xlink:href="#sSpan373" value="PPERS"/>
		<feat xlink:href="#sSpan375" value="N"/>
		<feat xlink:href="#sSpan378" value="PUNCT"/>
		<feat xlink:href="#sSpan382" value="ART"/>
		<feat xlink:href="#sSpan392" value="N"/>
		<feat xlink:href="#sSpan394" value="COP"/>
		<feat xlink:href="#sSpan398" value="ART"/>
		<feat xlink:href="#sSpan404" value="N"/>
		<feat xlink:href="#sSpan407" value="PREP"/>
		<feat xlink:href="#sSpan411" value="ART"/>
		<feat xlink:href="#sSpan414" value="N"/>
		<feat xlink:href="#sSpan416" value="PREP"/>
		<feat xlink:href="#sSpan420" value="ART"/>
		<feat xlink:href="#sSpan423" value="N"/>
		<feat xlink:href="#sSpan426" value="PREP"/>
		<feat xlink:href="#sSpan430" value="PPOS"/>
		<feat xlink:href="#sSpan434" value="N"/>
		<feat xlink:href="#sSpan436" value="CCIRC"/>
		<feat xlink:href="#sSpan441" value="PPERS"/>
		<feat xlink:href="#sSpan443" value="VSTAT"/>
		<feat xlink:href="#sSpan446" value="ADV"/>
		<feat xlink:href="#sSpan450" value="PREP"/>
		<feat xlink:href="#sSpan455" value="N"/>
		<feat xlink:href="#sSpan459" value="PUNCT"/>
		<feat xlink:href="#sSpan463" value="ART"/>
		<feat xlink:href="#sSpan473" value="N"/>
		<feat xlink:href="#sSpan475" value="COP"/>
		<feat xlink:href="#sSpan479" value="ART"/>
		<feat xlink:href="#sSpan485" value="N"/>
		<feat xlink:href="#sSpan488" value="PREP"/>
		<feat xlink:href="#sSpan492" value="ART"/>
		<feat xlink:href="#sSpan496" value="N"/>
		<feat xlink:href="#sSpan499" value="PUNCT"/>
		<feat xlink:href="#sSpan503" value="ART"/>
		<feat xlink:href="#sSpan510" value="N"/>
		<feat xlink:href="#sSpan512" value="COP"/>
		<feat xlink:href="#sSpan516" value="ART"/>
		<feat xlink:href="#sSpan522" value="N"/>
		<feat xlink:href="#sSpan525" value="PREP"/>
		<feat xlink:href="#sSpan529" value="ART"/>
		<feat xlink:href="#sSpan532" value="CREL"/>
		<feat xlink:href="#sSpan535" value="APST"/>
		<feat xlink:href="#sSpan537" value="PPERS"/>
		<feat xlink:href="#sSpan539" value="V"/>
		<feat xlink:href="#sSpan541" value="PPOS"/>
		<feat xlink:href="#sSpan544" value="N"/>
		<feat xlink:href="#sSpan547" value="PREP"/>
		<feat xlink:href="#sSpan551" value="PPERO"/>
		<feat xlink:href="#sSpan553" value="PUNCT"/>
		<feat xlink:href="#sSpan557" value="ART"/>
		<feat xlink:href="#sSpan567" value="N"/>
		<feat xlink:href="#sSpan569" value="COP"/>
		<feat xlink:href="#sSpan573" value="ART"/>
		<feat xlink:href="#sSpan579" value="N"/>
		<feat xlink:href="#sSpan581" value="PREP"/>
		<feat xlink:href="#sSpan587" value="PPOS"/>
		<feat xlink:href="#sSpan591" value="N"/>
		<feat xlink:href="#sSpan593" value="PUNCT"/>
		<feat xlink:href="#sSpan597" value="ART"/>
		<feat xlink:href="#sSpan604" value="N"/>
		<feat xlink:href="#sSpan606" value="COP"/>
		<feat xlink:href="#sSpan610" value="ART"/>
		<feat xlink:href="#sSpan615" value="N"/>
		<feat xlink:href="#sSpan617" value="CREL"/>
		<feat xlink:href="#sSpan622" value="VSTAT"/>
		<feat xlink:href="#sSpan624" value="PUNCT"/>
		<feat xlink:href="#sSpan628" value="ART"/>
		<feat xlink:href="#sSpan638" value="N"/>
		<feat xlink:href="#sSpan640" value="COP"/>
		<feat xlink:href="#sSpan644" value="ART"/>
		<feat xlink:href="#sSpan649" value="N"/>
		<feat xlink:href="#sSpan651" value="CREL"/>
		<feat xlink:href="#sSpan657" value="V"/>
		<feat xlink:href="#sSpan659" value="PREP"/>
		<feat xlink:href="#sSpan663" value="N"/>
		<feat xlink:href="#sSpan667" value="PINT"/>
		<feat xlink:href="#sSpan671" value="PUNCT"/>
		<feat xlink:href="#sSpan675" value="VIMP"/>
		<feat xlink:href="#sSpan680" value="ART"/>
		<feat xlink:href="#sSpan686" value="N"/>
		<feat xlink:href="#sSpan688" value="IMOD"/>
		<feat xlink:href="#sSpan693" value="PPERO"/>
		<feat xlink:href="#sSpan695" value="PREP"/>
		<feat xlink:href="#sSpan699" value="ART"/>
		<feat xlink:href="#sSpan702" value="N"/>
		<feat xlink:href="#sSpan704" value="V"/>
		<feat xlink:href="#sSpan709" value="ACONJ"/>
		<feat xlink:href="#sSpan713" value="PPERS"/>
		<feat xlink:href="#sSpan715" value="V"/>
		<feat xlink:href="#sSpan717" value="CONJ"/>
		<feat xlink:href="#sSpan722" value="APST"/>
		<feat xlink:href="#sSpan724" value="ART"/>
		<feat xlink:href="#sSpan727" value="N"/>
		<feat xlink:href="#sSpan730" value="V"/>
		<feat xlink:href="#sSpan735" value="ADV"/>
		<feat xlink:href="#sSpan740" value="PREP"/>
		<feat xlink:href="#sSpan744" value="ART"/>
		<feat xlink:href="#sSpan747" value="N"/>
		<feat xlink:href="#sSpan749" value="PREP"/>
		<feat xlink:href="#sSpan753" value="ART"/>
		<feat xlink:href="#sSpan758" value="N"/>
		<feat xlink:href="#sSpan760" value="PUNCT"/>
		<feat xlink:href="#sSpan764" value="ART"/>
		<feat xlink:href="#sSpan772" value="CREL"/>
		<feat xlink:href="#sSpan774" value="V"/>
		<feat xlink:href="#sSpan776" value="IMOD"/>
		<feat xlink:href="#sSpan781" value="PPERO"/>
		<feat xlink:href="#sSpan783" value="PREP"/>
		<feat xlink:href="#sSpan787" value="ART"/>
		<feat xlink:href="#sSpan790" value="N"/>
		<feat xlink:href="#sSpan793" value="PREP"/>
		<feat xlink:href="#sSpan797" value="N"/>
		<feat xlink:href="#sSpan799" value="PUNCT"/>
		<feat xlink:href="#sSpan803" value="V"/>
		<feat xlink:href="#sSpan808" value="PREP"/>
		<feat xlink:href="#sSpan812" value="PPERO"/>
		<feat xlink:href="#sSpan814" value="CONJ"/>
		<feat xlink:href="#sSpan818" value="APST"/>
		<feat xlink:href="#sSpan821" value="ART"/>
		<feat xlink:href="#sSpan824" value="N"/>
		<feat xlink:href="#sSpan826" value="PREP"/>
		<feat xlink:href="#sSpan830" value="ART"/>
		<feat xlink:href="#sSpan833" value="N"/>
		<feat xlink:href="#sSpan836" value="V"/>
		<feat xlink:href="#sSpan840" value="ADV"/>
		<feat xlink:href="#sSpan844" value="PREP"/>
		<feat xlink:href="#sSpan849" value="PPERO"/>
		<feat xlink:href="#sSpan851" value="PUNCT"/>
		<feat xlink:href="#sSpan855" value="ART"/>
		<feat xlink:href="#sSpan863" value="N"/>
		<feat xlink:href="#sSpan865" value="IMOD"/>
		<feat xlink:href="#sSpan870" value="PPERO"/>
		<feat xlink:href="#sSpan872" value="PREP"/>
		<feat xlink:href="#sSpan876" value="ART"/>
		<feat xlink:href="#sSpan879" value="N"/>
		<feat xlink:href="#sSpan881" value="PUNCT"/>
		<feat xlink:href="#sSpan885" value="V"/>
		<feat xlink:href="#sSpan889" value="PPOS"/>
		<feat xlink:href="#sSpan893" value="N"/>
		<feat xlink:href="#sSpan895" value="ADV"/>
		<feat xlink:href="#sSpan900" value="PREP"/>
		<feat xlink:href="#sSpan904" value="ART"/>
		<feat xlink:href="#sSpan908" value="N"/>
		<feat xlink:href="#sSpan910" value="CONJ"/>
		<feat xlink:href="#sSpan914" value="APST"/>
		<feat xlink:href="#sSpan916" value="PPERS"/>
		<feat xlink:href="#sSpan918" value="V"/>
		<feat xlink:href="#sSpan921" value="PREP"/>
		<feat xlink:href="#sSpan925" value="PPOS"/>
		<feat xlink:href="#sSpan928" value="N"/>
		<feat xlink:href="#sSpan930" value="ADV"/>
		<feat xlink:href="#sSpan934" value="PREP"/>
		<feat xlink:href="#sSpan939" value="ART"/>
		<feat xlink:href="#sSpan943" value="N"/>
		<feat xlink:href="#sSpan945" value="PUNCT"/>
		<feat xlink:href="#sSpan949" value="ART"/>
		<feat xlink:href="#sSpan959" value="N"/>
		<feat xlink:href="#sSpan961" value="CREL"/>
		<feat xlink:href="#sSpan965" value="PREP"/>
		<feat xlink:href="#sSpan967" value="ART"/>
		<feat xlink:href="#sSpan972" value="N"/>
		<feat xlink:href="#sSpan974" value="V"/>
		<feat xlink:href="#sSpan978" value="ACONJ"/>
		<feat xlink:href="#sSpan982" value="PPERS"/>
		<feat xlink:href="#sSpan985" value="V"/>
		<feat xlink:href="#sSpan987" value="CONJ"/>
		<feat xlink:href="#sSpan991" value="APST"/>
		<feat xlink:href="#sSpan994" value="ART"/>
		<feat xlink:href="#sSpan998" value="N"/>
		<feat xlink:href="#sSpan1002" value="V"/>
		<feat xlink:href="#sSpan1007" value="PREP"/>
		<feat xlink:href="#sSpan1011" value="PPERO"/>
		<feat xlink:href="#sSpan1013" value="PREP"/>
		<feat xlink:href="#sSpan1018" value="N"/>
		<feat xlink:href="#sSpan1023" value="PUNCT"/>
		<feat xlink:href="#sSpan1027" value="APST"/>
		<feat xlink:href="#sSpan1035" value="PPERS"/>
		<feat xlink:href="#sSpan1037" value="V"/>
		<feat xlink:href="#sSpan1039" value="CONJ"/>
		<feat xlink:href="#sSpan1043" value="ART"/>
		<feat xlink:href="#sSpan1046" value="PINT"/>
		<feat xlink:href="#sSpan1051" value="PREP"/>
		<feat xlink:href="#sSpan1055" value="N"/>
		<feat xlink:href="#sSpan1057" value="COP"/>
		<feat xlink:href="#sSpan1061" value="ART"/>
		<feat xlink:href="#sSpan1067" value="N"/>
		<feat xlink:href="#sSpan1070" value="PREP"/>
		<feat xlink:href="#sSpan1074" value="ART"/>
		<feat xlink:href="#sSpan1078" value="N"/>
		<feat xlink:href="#sSpan1080" value="PREP"/>
		<feat xlink:href="#sSpan1085" value="PPOS"/>
		<feat xlink:href="#sSpan1088" value="N"/>
		<feat xlink:href="#sSpan1090" value="PREP"/>
		<feat xlink:href="#sSpan1095" value="N"/>
		<feat xlink:href="#sSpan1101" value="PREP"/>
		<feat xlink:href="#sSpan1105" value="ART"/>
		<feat xlink:href="#sSpan1108" value="N"/>
		<feat xlink:href="#sSpan1110" value="IMOD"/>
		<feat xlink:href="#sSpan1115" value="PPERO"/>
		<feat xlink:href="#sSpan1117" value="PUNCT"/>
		<feat xlink:href="#sSpan1121" value="PREP"/>
		<feat xlink:href="#sSpan1129" value="ART"/>
		<feat xlink:href="#sSpan1132" value="N"/>
		<feat xlink:href="#sSpan1135" value="PTC"/>
		<feat xlink:href="#sSpan1139" value="CREL"/>
		<feat xlink:href="#sSpan1144" value="ART"/>
		<feat xlink:href="#sSpan1147" value="N"/>
		<feat xlink:href="#sSpan1149" value="FUT"/>
		<feat xlink:href="#sSpan1153" value="V"/>
		<feat xlink:href="#sSpan1156" value="PPOS"/>
		<feat xlink:href="#sSpan1159" value="N"/>
		<feat xlink:href="#sSpan1161" value="ADV"/>
		<feat xlink:href="#sSpan1165" value="PREP"/>
		<feat xlink:href="#sSpan1170" value="ART"/>
		<feat xlink:href="#sSpan1174" value="N"/>
		<feat xlink:href="#sSpan1176" value="PREP"/>
		<feat xlink:href="#sSpan1180" value="ART"/>
		<feat xlink:href="#sSpan1184" value="N"/>
		<feat xlink:href="#sSpan1186" value="ACONJ"/>
		<feat xlink:href="#sSpan1191" value="PPERS"/>
		<feat xlink:href="#sSpan1193" value="V"/>
		<feat xlink:href="#sSpan1195" value="PREP"/>
		<feat xlink:href="#sSpan1199" value="ART"/>
		<feat xlink:href="#sSpan1203" value="N"/>
		<feat xlink:href="#sSpan1206" value="PUNCT"/>
		<feat xlink:href="#sSpan1210" value="AAOR"/>
		<feat xlink:href="#sSpan1214" value="PPOS"/>
		<feat xlink:href="#sSpan1218" value="N"/>
		<feat xlink:href="#sSpan1221" value="V"/>
		<feat xlink:href="#sSpan1225" value="PREP"/>
		<feat xlink:href="#sSpan1229" value="ART"/>
		<feat xlink:href="#sSpan1232" value="N"/>
		<feat xlink:href="#sSpan1235" value="ALIM"/>
		<feat xlink:href="#sSpan1239" value="PPERS"/>
		<feat xlink:href="#sSpan1241" value="V"/>
		<feat xlink:href="#sSpan1243" value="PREP"/>
		<feat xlink:href="#sSpan1247" value="PPERO"/>
		<feat xlink:href="#sSpan1249" value="PREP"/>
		<feat xlink:href="#sSpan1254" value="PPOS"/>
		<feat xlink:href="#sSpan1258" value="N"/>
		<feat xlink:href="#sSpan1260" value="PUNCT"/>
		<feat xlink:href="#sSpan1265" value="NPROP"/>
		<feat xlink:href="#sSpan1274" value="APST"/>
		<feat xlink:href="#sSpan1278" value="PPERS"/>
		<feat xlink:href="#sSpan1280" value="V"/>
		<feat xlink:href="#sSpan1282" value="APST"/>
		<feat xlink:href="#sSpan1287" value="NPROP"/>
		<feat xlink:href="#sSpan1291" value="V"/>
		<feat xlink:href="#sSpan1295" value="PREP"/>
		<feat xlink:href="#sSpan1299" value="PPERO"/>
		<feat xlink:href="#sSpan1301" value="APST"/>
		<feat xlink:href="#sSpan1306" value="PPERS"/>
		<feat xlink:href="#sSpan1308" value="V"/>
		<feat xlink:href="#sSpan1310" value="PREP"/>
		<feat xlink:href="#sSpan1314" value="PPERO"/>
		<feat xlink:href="#sSpan1316" value="PREP"/>
		<feat xlink:href="#sSpan1320" value="PPOS"/>
		<feat xlink:href="#sSpan1324" value="N"/>
		<feat xlink:href="#sSpan1327" value="CREL"/>
		<feat xlink:href="#sSpan1332" value="NPROP"/>
		<feat xlink:href="#sSpan1336" value="COP"/>
		<feat xlink:href="#sSpan1340" value="PUNCT"/>
		<feat xlink:href="#sSpan1345" value="NPROP"/>
		<feat xlink:href="#sSpan1353" value="APST"/>
		<feat xlink:href="#sSpan1358" value="PPERS"/>
		<feat xlink:href="#sSpan1360" value="V"/>
		<feat xlink:href="#sSpan1362" value="APST"/>
		<feat xlink:href="#sSpan1366" value="ART"/>
		<feat xlink:href="#sSpan1370" value="N"/>
		<feat xlink:href="#sSpan1372" value="V"/>
		<feat xlink:href="#sSpan1377" value="PREP"/>
		<feat xlink:href="#sSpan1381" value="PPERO"/>
		<feat xlink:href="#sSpan1383" value="APST"/>
		<feat xlink:href="#sSpan1387" value="PPERS"/>
		<feat xlink:href="#sSpan1389" value="ACAUS"/>
		<feat xlink:href="#sSpan1391" value="ART"/>
		<feat xlink:href="#sSpan1395" value="N"/>
		<feat xlink:href="#sSpan1398" value="PREP"/>
		<feat xlink:href="#sSpan1402" value="N"/>
		<feat xlink:href="#sSpan1405" value="V"/>
		<feat xlink:href="#sSpan1410" value="ADV"/>
		<feat xlink:href="#sSpan1415" value="PREP"/>
		<feat xlink:href="#sSpan1419" value="ART"/>
		<feat xlink:href="#sSpan1423" value="N"/>
		<feat xlink:href="#sSpan1425" value="PREP"/>
		<feat xlink:href="#sSpan1429" value="N"/>
		<feat xlink:href="#sSpan1433" value="PUNCT"/>
		<feat xlink:href="#sSpan1438" value="ADV"/>
		<feat xlink:href="#sSpan1442" value="ADV"/>
		<feat xlink:href="#sSpan1447" value="APST"/>
		<feat xlink:href="#sSpan1451" value="PPERS"/>
		<feat xlink:href="#sSpan1453" value="V"/>
		<feat xlink:href="#sSpan1455" value="APST"/>
		<feat xlink:href="#sSpan1459" value="PPERS"/>
		<feat xlink:href="#sSpan1461" value="V"/>
		<feat xlink:href="#sSpan1465" value="NPROP"/>
		<feat xlink:href="#sSpan1468" value="PUNCT"/>
		<feat xlink:href="#sSpan1473" value="N"/>
		<feat xlink:href="#sSpan1482" value="APST"/>
		<feat xlink:href="#sSpan1486" value="PPERS"/>
		<feat xlink:href="#sSpan1488" value="V"/>
		<feat xlink:href="#sSpan1490" value="APST"/>
		<feat xlink:href="#sSpan1494" value="ART"/>
		<feat xlink:href="#sSpan1498" value="N"/>
		<feat xlink:href="#sSpan1501" value="V"/>
		<feat xlink:href="#sSpan1505" value="PREP"/>
		<feat xlink:href="#sSpan1509" value="PPERO"/>
		<feat xlink:href="#sSpan1511" value="PUNCT"/>
		<feat xlink:href="#sSpan1516" value="NPROP"/>
		<feat xlink:href="#sSpan1522" value="PREP"/>
		<feat xlink:href="#sSpan1527" value="NPROP"/>
		<feat xlink:href="#sSpan1530" value="APST"/>
		<feat xlink:href="#sSpan1534" value="PPERS"/>
		<feat xlink:href="#sSpan1536" value="V"/>
		<feat xlink:href="#sSpan1539" value="APST"/>
		<feat xlink:href="#sSpan1543" value="ART"/>
		<feat xlink:href="#sSpan1547" value="N"/>
		<feat xlink:href="#sSpan1549" value="V"/>
		<feat xlink:href="#sSpan1554" value="PREP"/>
		<feat xlink:href="#sSpan1558" value="PPERO"/>
		<feat xlink:href="#sSpan1560" value="APST"/>
		<feat xlink:href="#sSpan1564" value="PPERS"/>
		<feat xlink:href="#sSpan1566" value="V"/>
		<feat xlink:href="#sSpan1568" value="PTC"/>
		<feat xlink:href="#sSpan1573" value="N"/>
		<feat xlink:href="#sSpan1576" value="PREP"/>
		<feat xlink:href="#sSpan1580" value="ART"/>
		<feat xlink:href="#sSpan1583" value="N"/>
		<feat xlink:href="#sSpan1586" value="NPROP"/>
		<feat xlink:href="#sSpan1595" value="APST"/>
		<feat xlink:href="#sSpan1599" value="PPERS"/>
		<feat xlink:href="#sSpan1601" value="V"/>
		<feat xlink:href="#sSpan1603" value="APST"/>
		<feat xlink:href="#sSpan1607" value="PPERS"/>
		<feat xlink:href="#sSpan1609" value="V"/>
		<feat xlink:href="#sSpan1612" value="PREP"/>
		<feat xlink:href="#sSpan1616" value="ART"/>
		<feat xlink:href="#sSpan1620" value="NPROP"/>
		<feat xlink:href="#sSpan1623" value="NPROP"/>
		<feat xlink:href="#sSpan1629" value="APST"/>
		<feat xlink:href="#sSpan1633" value="PPERS"/>
		<feat xlink:href="#sSpan1635" value="V"/>
		<feat xlink:href="#sSpan1637" value="APST"/>
		<feat xlink:href="#sSpan1643" value="NPROP"/>
		<feat xlink:href="#sSpan1646" value="V"/>
		<feat xlink:href="#sSpan1650" value="PREP"/>
		<feat xlink:href="#sSpan1654" value="PPERO"/>
		<feat xlink:href="#sSpan1656" value="APST"/>
		<feat xlink:href="#sSpan1661" value="PPERS"/>
		<feat xlink:href="#sSpan1663" value="V"/>
		<feat xlink:href="#sSpan1665" value="PPERO"/>
		<feat xlink:href="#sSpan1667" value="PUNCT"/>
		<feat xlink:href="#sSpan1671" value="PREP"/>
		<feat xlink:href="#sSpan1679" value="PDEM"/>
		<feat xlink:href="#sSpan1682" value="AJUS"/>
		<feat xlink:href="#sSpan1687" value="PPERS"/>
		<feat xlink:href="#sSpan1689" value="V"/>
		<feat xlink:href="#sSpan1691" value="PREP"/>
		<feat xlink:href="#sSpan1695" value="N"/>
		<feat xlink:href="#sSpan1699" value="PINT"/>
		<feat xlink:href="#sSpan1703" value="PREP"/>
		<feat xlink:href="#sSpan1707" value="N"/>
		<feat xlink:href="#sSpan1711" value="PUNCT"/>
		<feat xlink:href="#sSpan1715" value="VBD"/>
		<feat xlink:href="#sSpan1719" value="PPERS"/>
		<feat xlink:href="#sSpan1721" value="PTC"/>
		<feat xlink:href="#sSpan1725" value="ART"/>
		<feat xlink:href="#sSpan1729" value="N"/>
		<feat xlink:href="#sSpan1733" value="CONJ"/>
		<feat xlink:href="#sSpan1737" value="V"/>
		<feat xlink:href="#sSpan1739" value="PREP"/>
		<feat xlink:href="#sSpan1744" value="N"/>
		<feat xlink:href="#sSpan1747" value="PUNCT"/>
		<feat xlink:href="#sSpan1751" value="PDEM"/>
		<feat xlink:href="#sSpan1760" value="PTC"/>
		<feat xlink:href="#sSpan1765" value="CREL"/>
		<feat xlink:href="#sSpan1769" value="VSTAT"/>
		<feat xlink:href="#sSpan1771" value="PREP"/>
		<feat xlink:href="#sSpan1776" value="N"/>
		<feat xlink:href="#sSpan1779" value="ART"/>
		<feat xlink:href="#sSpan1785" value="N"/>
		<feat xlink:href="#sSpan1787" value="COP"/>
		<feat xlink:href="#sSpan1791" value="AAOR"/>
		<feat xlink:href="#sSpan1795" value="PPERS"/>
		<feat xlink:href="#sSpan1798" value="V"/>
		<feat xlink:href="#sSpan1801" value="PREP"/>
		<feat xlink:href="#sSpan1805" value="PPERO"/>
		<feat xlink:href="#sSpan1807" value="PREP"/>
		<feat xlink:href="#sSpan1813" value="PDEM"/>
		<feat xlink:href="#sSpan1816" value="PTC"/>
		<feat xlink:href="#sSpan1820" value="NUM"/>
		<feat xlink:href="#sSpan1825" value="PREP"/>
		<feat xlink:href="#sSpan1830" value="N"/>
		<feat xlink:href="#sSpan1832" value="PPERS"/>
		<feat xlink:href="#sSpan1837" value="V"/>
		<feat xlink:href="#sSpan1839" value="CONJ"/>
		<feat xlink:href="#sSpan1844" value="PPERS"/>
		<feat xlink:href="#sSpan1848" value="V"/>
		<feat xlink:href="#sSpan1850" value="PREP"/>
		<feat xlink:href="#sSpan1854" value="ART"/>
		<feat xlink:href="#sSpan1858" value="N"/>
		<feat xlink:href="#sSpan1860" value="CREL"/>
		<feat xlink:href="#sSpan1864" value="VSTAT"/>
		<feat xlink:href="#sSpan1866" value="PUNCT"/>
		<feat xlink:href="#sSpan1870" value="PPERI"/>
		<feat xlink:href="#sSpan1878" value="CCIRC"/>
		<feat xlink:href="#sSpan1882" value="PPERS"/>
		<feat xlink:href="#sSpan1884" value="PREP"/>
		<feat xlink:href="#sSpan1886" value="ART"/>
		<feat xlink:href="#sSpan1889" value="N"/>
		<feat xlink:href="#sSpan1891" value="PINT"/>
		<feat xlink:href="#sSpan1895" value="AJUS"/>
		<feat xlink:href="#sSpan1900" value="ART"/>
		<feat xlink:href="#sSpan1903" value="N"/>
		<feat xlink:href="#sSpan1905" value="V"/>
		<feat xlink:href="#sSpan1910" value="PREP"/>
		<feat xlink:href="#sSpan1914" value="PPERO"/>
		<feat xlink:href="#sSpan1916" value="PREP"/>
		<feat xlink:href="#sSpan1920" value="N"/>
		<feat xlink:href="#sSpan1923" value="PUNCT"/>
		<feat xlink:href="#sSpan1927" value="V"/>
		<feat xlink:href="#sSpan1932" value="CCIRC"/>
		<feat xlink:href="#sSpan1936" value="PPERS"/>
		<feat xlink:href="#sSpan1938" value="FUT"/>
		<feat xlink:href="#sSpan1940" value="V"/>
		<feat xlink:href="#sSpan1942" value="AFUTCONJ"/>
		<feat xlink:href="#sSpan1947" value="PPERS"/>
		<feat xlink:href="#sSpan1949" value="V"/>
		<feat xlink:href="#sSpan1951" value="CCIRC"/>
		<feat xlink:href="#sSpan1955" value="PPERS"/>
		<feat xlink:href="#sSpan1957" value="VSTAT"/>
		<feat xlink:href="#sSpan1960" value="PREP"/>
		<feat xlink:href="#sSpan1965" value="N"/>
		<feat xlink:href="#sSpan1968" value="PUNCT"/>
		<feat xlink:href="#sSpan1972" value="PREP"/>
		<feat xlink:href="#sSpan1980" value="PPERO"/>
		<feat xlink:href="#sSpan1982" value="PREP"/>
		<feat xlink:href="#sSpan1984" value="ART"/>
		<feat xlink:href="#sSpan1988" value="N"/>
		<feat xlink:href="#sSpan1991" value="V"/>
		<feat xlink:href="#sSpan1995" value="PUNCT"/>
		<feat xlink:href="#sSpan1999" value="CONJ"/>
		<feat xlink:href="#sSpan2003" value="ART"/>
		<feat xlink:href="#sSpan2009" value="N"/>
		<feat xlink:href="#sSpan2011" value="FUT"/>
		<feat xlink:href="#sSpan2015" value="V"/>
		<feat xlink:href="#sSpan2017" value="ADV"/>
		<feat xlink:href="#sSpan2022" value="PREP"/>
		<feat xlink:href="#sSpan2026" value="PPERO"/>
		<feat xlink:href="#sSpan2028" value="PUNCT"/>
		<feat xlink:href="#sSpan2032" value="CCIRC"/>
		<feat xlink:href="#sSpan2037" value="PPERS"/>
		<feat xlink:href="#sSpan2039" value="VSTAT"/>
		<feat xlink:href="#sSpan2041" value="CONJ"/>
		<feat xlink:href="#sSpan2045" value="V"/>
		<feat xlink:href="#sSpan2047" value="PREP"/>
		<feat xlink:href="#sSpan2052" value="N"/>
		<feat xlink:href="#sSpan2055" value="V"/>
		<feat xlink:href="#sSpan2059" value="CONJ"/>
		<feat xlink:href="#sSpan2063" value="PPERS"/>
		<feat xlink:href="#sSpan2068" value="FUT"/>
		<feat xlink:href="#sSpan2070" value="V"/>
		<feat xlink:href="#sSpan2072" value="PREP"/>
		<feat xlink:href="#sSpan2076" value="V"/>
		<feat xlink:href="#sSpan2078" value="PUNCT"/>
		<feat xlink:href="#sSpan2082" value="ACOND_PPERS"/>
		<feat xlink:href="#sSpan2090" value="V"/>
		<feat xlink:href="#sSpan2092" value="PPERO"/>
		<feat xlink:href="#sSpan2094" value="PREP"/>
		<feat xlink:href="#sSpan2099" value="ART"/>
		<feat xlink:href="#sSpan2103" value="N"/>
		<feat xlink:href="#sSpan2105" value="V"/>
		<feat xlink:href="#sSpan2109" value="ANY"/>
		<feat xlink:href="#sSpan2114" value="PPERS"/>
		<feat xlink:href="#sSpan2116" value="N"/>
		<feat xlink:href="#sSpan2119" value="AFUTCONJ"/>
		<feat xlink:href="#sSpan2124" value="ART"/>
		<feat xlink:href="#sSpan2127" value="N"/>
		<feat xlink:href="#sSpan2129" value="V"/>
		<feat xlink:href="#sSpan2133" value="PREP"/>
		<feat xlink:href="#sSpan2138" value="PPOS"/>
		<feat xlink:href="#sSpan2141" value="N"/>
		<feat xlink:href="#sSpan2143" value="PREP"/>
		<feat xlink:href="#sSpan2147" value="ART"/>
		<feat xlink:href="#sSpan2150" value="CREL"/>
		<feat xlink:href="#sSpan2153" value="PPERS"/>
		<feat xlink:href="#sSpan2155" value="FUT"/>
		<feat xlink:href="#sSpan2157" value="V"/>
		<feat xlink:href="#sSpan2159" value="PREP"/>
		<feat xlink:href="#sSpan2164" value="PPERO"/>
		<feat xlink:href="#sSpan2166" value="IMOD"/>
		<feat xlink:href="#sSpan2170" value="PPERO"/>
		<feat xlink:href="#sSpan2172" value="PUNCT"/>
		<feat xlink:href="#sSpan2177" value="CONJ"/>
		<feat xlink:href="#sSpan2184" value="PPERS"/>
		<feat xlink:href="#sSpan2189" value="V"/>
		<feat xlink:href="#sSpan2192" value="CONJ"/>
		<feat xlink:href="#sSpan2196" value="CFOC"/>
		<feat xlink:href="#sSpan2201" value="PPERS"/>
		<feat xlink:href="#sSpan2203" value="V"/>
		<feat xlink:href="#sSpan2205" value="PUNCT"/>
		<feat xlink:href="#sSpan2210" value="CONJ"/>
		<feat xlink:href="#sSpan2214" value="CFOC"/>
		<feat xlink:href="#sSpan2218" value="PPERS"/>
		<feat xlink:href="#sSpan2221" value="V"/>
		<feat xlink:href="#sSpan2224" value="PREP"/>
		<feat xlink:href="#sSpan2228" value="ART"/>
		<feat xlink:href="#sSpan2231" value="N"/>
		<feat xlink:href="#sSpan2234" value="PUNCT"/>
		<feat xlink:href="#sSpan2238" value="VIMP"/>
		<feat xlink:href="#sSpan2242" value="N"/>
		<feat xlink:href="#sSpan2246" value="PINT"/>
		<feat xlink:href="#sSpan2250" value="CCIRC"/>
		<feat xlink:href="#sSpan2255" value="PPERS"/>
		<feat xlink:href="#sSpan2258" value="V"/>
		<feat xlink:href="#sSpan2261" value="PREP"/>
		<feat xlink:href="#sSpan2265" value="ART"/>
		<feat xlink:href="#sSpan2268" value="N"/>
		<feat xlink:href="#sSpan2271" value="PUNCT"/>
		<feat xlink:href="#sSpan2275" value="PREP"/>
		<feat xlink:href="#sSpan2283" value="PDEM"/>
		<feat xlink:href="#sSpan2287" value="PTC"/>
		<feat xlink:href="#sSpan2292" value="IMOD"/>
		<feat xlink:href="#sSpan2296" value="PPERO"/>
		<feat xlink:href="#sSpan2298" value="PUNCT"/>
		<feat xlink:href="#sSpan2302" value="AJUS"/>
		<feat xlink:href="#sSpan2306" value="PPERS"/>
		<feat xlink:href="#sSpan2309" value="V"/>
		<feat xlink:href="#sSpan2316" value="PREP"/>
		<feat xlink:href="#sSpan2320" value="PPOS"/>
		<feat xlink:href="#sSpan2323" value="N"/>
		<feat xlink:href="#sSpan2325" value="CREL"/>
		<feat xlink:href="#sSpan2330" value="VSTAT"/>
		<feat xlink:href="#sSpan2332" value="PUNCT"/>
		<feat xlink:href="#sSpan2336" value="PREP"/>
		<feat xlink:href="#sSpan2340" value="ART"/>
		<feat xlink:href="#sSpan2343" value="CREL"/>
		<feat xlink:href="#sSpan2345" value="VBD"/>
		<feat xlink:href="#sSpan2348" value="PPERS"/>
		<feat xlink:href="#sSpan2350" value="PINT"/>
		<feat xlink:href="#sSpan2354" value="PPOS"/>
		<feat xlink:href="#sSpan2359" value="N"/>
		<feat xlink:href="#sSpan2363" value="NPROP"/>
		<feat xlink:href="#sSpan2367" value="ART"/>
		<feat xlink:href="#sSpan2372" value="N"/>
		<feat xlink:href="#sSpan2374" value="PUNCT"/>
		<feat xlink:href="#sSpan2378" value="PDEM"/>
		<feat xlink:href="#sSpan2386" value="CREL"/>
		<feat xlink:href="#sSpan2391" value="ART"/>
		<feat xlink:href="#sSpan2394" value="N"/>
		<feat xlink:href="#sSpan2397" value="V"/>
		<feat xlink:href="#sSpan2401" value="PREP"/>
		<feat xlink:href="#sSpan2406" value="PPERO"/>
		<feat xlink:href="#sSpan2408" value="PUNCT"/>
		<feat xlink:href="#sSpan2412" value="PREP"/>
		<feat xlink:href="#sSpan2416" value="ART"/>
		<feat xlink:href="#sSpan2419" value="N"/>
		<feat xlink:href="#sSpan2421" value="PREP"/>
		<feat xlink:href="#sSpan2426" value="ART"/>
		<feat xlink:href="#sSpan2429" value="N"/>
		<feat xlink:href="#sSpan2431" value="PREP"/>
		<feat xlink:href="#sSpan2435" value="ART"/>
		<feat xlink:href="#sSpan2440" value="N"/>
		<feat xlink:href="#sSpan2442" value="IMOD"/>
		<feat xlink:href="#sSpan2446" value="PPERO"/>
		<feat xlink:href="#sSpan2448" value="CONJ"/>
		<feat xlink:href="#sSpan2453" value="PREP"/>
		<feat xlink:href="#sSpan2457" value="ART"/>
		<feat xlink:href="#sSpan2461" value="N"/>
		<feat xlink:href="#sSpan2463" value="IMOD"/>
		<feat xlink:href="#sSpan2468" value="PPERO"/>
		<feat xlink:href="#sSpan2470" value="PREP"/>
		<feat xlink:href="#sSpan2475" value="N"/>
		<feat xlink:href="#sSpan2478" value="PTC"/></featList></paula>