<?xml version='1.0' encoding='UTF-8'?><!DOCTYPE paula SYSTEM "paula_feat.dtd">
<paula version="1.1">
	<header paula_id="scriptorium.cross.michbr295-297.mark_translation"/>
	<featList xmlns:xlink="http://www.w3.org/1999/xlink" type="translation" xml:base="scriptorium.cross.michbr295-297.mark.xml">
		<feat xlink:href="#sSpan9" value="..."/>
		<feat xlink:href="#sSpan84" value="..."/>
		<feat xlink:href="#sSpan137" value="..."/>
		<feat xlink:href="#sSpan213" value="..."/>
		<feat xlink:href="#sSpan253" value="..."/>
		<feat xlink:href="#sSpan302" value="..."/>
		<feat xlink:href="#sSpan389" value="..."/>
		<feat xlink:href="#sSpan470" value="..."/>
		<feat xlink:href="#sSpan564" value="..."/>
		<feat xlink:href="#sSpan635" value="..."/>
		<feat xlink:href="#sSpan770" value="..."/>
		<feat xlink:href="#sSpan861" value="..."/>
		<feat xlink:href="#sSpan956" value="..."/>
		<feat xlink:href="#sSpan1033" value="..."/>
		<feat xlink:href="#sSpan1126" value="..."/>
		<feat xlink:href="#sSpan1272" value="..."/>
		<feat xlink:href="#sSpan1351" value="..."/>
		<feat xlink:href="#sSpan1479" value="..."/>
		<feat xlink:href="#sSpan1593" value="..."/>
		<feat xlink:href="#sSpan1677" value="..."/>
		<feat xlink:href="#sSpan1757" value="..."/>
		<feat xlink:href="#sSpan1876" value="..."/>
		<feat xlink:href="#sSpan1978" value="..."/>
		<feat xlink:href="#sSpan2088" value="..."/>
		<feat xlink:href="#sSpan2182" value="..."/>
		<feat xlink:href="#sSpan2280" value="..."/>
		<feat xlink:href="#sSpan2384" value="..."/></featList></paula>