<?xml version='1.0' encoding='UTF-8'?><!DOCTYPE paula SYSTEM "paula_rel.dtd">
<paula version="1.1">
	<header paula_id="scriptorium.cross.michbr295-297.dep"/>
	<relList xmlns:xlink="http://www.w3.org/1999/xlink" type="dep">
		<rel id="sPointingRel1" xlink:href="scriptorium.cross.michbr295-297.mark.xml#sSpan1583" target="scriptorium.cross.michbr295-297.mark.xml#sSpan1580"/>
		<rel id="sPointingRel3" xlink:href="scriptorium.cross.michbr295-297.mark.xml#sSpan1715" target="scriptorium.cross.michbr295-297.mark.xml#sSpan1729"/>
		<rel id="sPointingRel5" xlink:href="scriptorium.cross.michbr295-297.mark.xml#sSpan172" target="scriptorium.cross.michbr295-297.mark.xml#sSpan174"/>
		<rel id="sPointingRel7" xlink:href="scriptorium.cross.michbr295-297.mark.xml#sSpan1153" target="scriptorium.cross.michbr295-297.mark.xml#sSpan1161"/>
		<rel id="sPointingRel9" xlink:href="scriptorium.cross.michbr295-297.mark.xml#sSpan928" target="scriptorium.cross.michbr295-297.mark.xml#sSpan925"/>
		<rel id="sPointingRel11" xlink:href="scriptorium.cross.michbr295-297.mark.xml#sSpan836" target="scriptorium.cross.michbr295-297.mark.xml#sSpan849"/>
		<rel id="sPointingRel13" xlink:href="scriptorium.cross.michbr295-297.mark.xml#sSpan2164" target="scriptorium.cross.michbr295-297.mark.xml#sSpan2159"/>
		<rel id="sPointingRel15" xlink:href="scriptorium.cross.michbr295-297.mark.xml#sSpan2103" target="scriptorium.cross.michbr295-297.mark.xml#sSpan2099"/>
		<rel id="sPointingRel17" xlink:href="scriptorium.cross.michbr295-297.mark.xml#sSpan539" target="scriptorium.cross.michbr295-297.mark.xml#sSpan551"/>
		<rel id="sPointingRel19" xlink:href="scriptorium.cross.michbr295-297.mark.xml#sSpan1991" target="scriptorium.cross.michbr295-297.mark.xml#sSpan1972"/>
		<rel id="sPointingRel21" xlink:href="scriptorium.cross.michbr295-297.mark.xml#sSpan48" target="scriptorium.cross.michbr295-297.mark.xml#sSpan55"/>
		<rel id="sPointingRel23" xlink:href="scriptorium.cross.michbr295-297.mark.xml#sSpan824" target="scriptorium.cross.michbr295-297.mark.xml#sSpan833"/>
		<rel id="sPointingRel25" xlink:href="scriptorium.cross.michbr295-297.mark.xml#sSpan1241" target="scriptorium.cross.michbr295-297.mark.xml#sSpan1235"/>
		<rel id="sPointingRel27" xlink:href="scriptorium.cross.michbr295-297.mark.xml#sSpan686" target="scriptorium.cross.michbr295-297.mark.xml#sSpan702"/>
		<rel id="sPointingRel29" xlink:href="scriptorium.cross.michbr295-297.mark.xml#sSpan2345" target="scriptorium.cross.michbr295-297.mark.xml#sSpan2348"/>
		<rel id="sPointingRel31" xlink:href="scriptorium.cross.michbr295-297.mark.xml#sSpan392" target="scriptorium.cross.michbr295-297.mark.xml#sSpan382"/>
		<rel id="sPointingRel33" xlink:href="scriptorium.cross.michbr295-297.mark.xml#sSpan328" target="scriptorium.cross.michbr295-297.mark.xml#sSpan324"/>
		<rel id="sPointingRel35" xlink:href="scriptorium.cross.michbr295-297.mark.xml#sSpan2283" target="scriptorium.cross.michbr295-297.mark.xml#sSpan2292"/>
		<rel id="sPointingRel37" xlink:href="scriptorium.cross.michbr295-297.mark.xml#sSpan348" target="scriptorium.cross.michbr295-297.mark.xml#sSpan359"/>
		<rel id="sPointingRel39" xlink:href="scriptorium.cross.michbr295-297.mark.xml#sSpan227" target="scriptorium.cross.michbr295-297.mark.xml#sSpan238"/>
		<rel id="sPointingRel41" xlink:href="scriptorium.cross.michbr295-297.mark.xml#sSpan1299" target="scriptorium.cross.michbr295-297.mark.xml#sSpan1295"/>
		<rel id="sPointingRel43" xlink:href="scriptorium.cross.michbr295-297.mark.xml#sSpan1018" target="scriptorium.cross.michbr295-297.mark.xml#sSpan1013"/>
		<rel id="sPointingRel45" xlink:href="scriptorium.cross.michbr295-297.mark.xml#sSpan1501" target="scriptorium.cross.michbr295-297.mark.xml#sSpan1490"/>
		<rel id="sPointingRel47" xlink:href="scriptorium.cross.michbr295-297.mark.xml#sSpan1729" target="scriptorium.cross.michbr295-297.mark.xml#sSpan1721"/>
		<rel id="sPointingRel49" xlink:href="scriptorium.cross.michbr295-297.mark.xml#sSpan1461" target="scriptorium.cross.michbr295-297.mark.xml#sSpan1459"/>
		<rel id="sPointingRel51" xlink:href="scriptorium.cross.michbr295-297.mark.xml#sSpan2309" target="scriptorium.cross.michbr295-297.mark.xml#sSpan2287"/>
		<rel id="sPointingRel53" xlink:href="scriptorium.cross.michbr295-297.mark.xml#sSpan1067" target="scriptorium.cross.michbr295-297.mark.xml#sSpan1088"/>
		<rel id="sPointingRel55" xlink:href="scriptorium.cross.michbr295-297.mark.xml#sSpan1147" target="scriptorium.cross.michbr295-297.mark.xml#sSpan1144"/>
		<rel id="sPointingRel57" xlink:href="scriptorium.cross.michbr295-297.mark.xml#sSpan1423" target="scriptorium.cross.michbr295-297.mark.xml#sSpan1415"/>
		<rel id="sPointingRel59" xlink:href="scriptorium.cross.michbr295-297.mark.xml#sSpan885" target="scriptorium.cross.michbr295-297.mark.xml#sSpan893"/>
		<rel id="sPointingRel61" xlink:href="scriptorium.cross.michbr295-297.mark.xml#sSpan1110" target="scriptorium.cross.michbr295-297.mark.xml#sSpan1115"/>
		<rel id="sPointingRel63" xlink:href="scriptorium.cross.michbr295-297.mark.xml#sSpan1889" target="scriptorium.cross.michbr295-297.mark.xml#sSpan1884"/>
		<rel id="sPointingRel65" xlink:href="scriptorium.cross.michbr295-297.mark.xml#sSpan328" target="scriptorium.cross.michbr295-297.mark.xml#sSpan335"/>
		<rel id="sPointingRel67" xlink:href="scriptorium.cross.michbr295-297.mark.xml#sSpan704" target="scriptorium.cross.michbr295-297.mark.xml#sSpan715"/>
		<rel id="sPointingRel69" xlink:href="scriptorium.cross.michbr295-297.mark.xml#sSpan893" target="scriptorium.cross.michbr295-297.mark.xml#sSpan889"/>
		<rel id="sPointingRel71" xlink:href="scriptorium.cross.michbr295-297.mark.xml#sSpan1088" target="scriptorium.cross.michbr295-297.mark.xml#sSpan1080"/>
		<rel id="sPointingRel73" xlink:href="scriptorium.cross.michbr295-297.mark.xml#sSpan423" target="scriptorium.cross.michbr295-297.mark.xml#sSpan416"/>
		<rel id="sPointingRel75" xlink:href="scriptorium.cross.michbr295-297.mark.xml#sSpan1903" target="scriptorium.cross.michbr295-297.mark.xml#sSpan1900"/>
		<rel id="sPointingRel77" xlink:href="scriptorium.cross.michbr295-297.mark.xml#sSpan1549" target="scriptorium.cross.michbr295-297.mark.xml#sSpan1539"/>
		<rel id="sPointingRel79" xlink:href="scriptorium.cross.michbr295-297.mark.xml#sSpan836" target="scriptorium.cross.michbr295-297.mark.xml#sSpan824"/>
		<rel id="sPointingRel81" xlink:href="scriptorium.cross.michbr295-297.mark.xml#sSpan1332" target="scriptorium.cross.michbr295-297.mark.xml#sSpan1336"/>
		<rel id="sPointingRel83" xlink:href="scriptorium.cross.michbr295-297.mark.xml#sSpan758" target="scriptorium.cross.michbr295-297.mark.xml#sSpan753"/>
		<rel id="sPointingRel85" xlink:href="scriptorium.cross.michbr295-297.mark.xml#sSpan727" target="scriptorium.cross.michbr295-297.mark.xml#sSpan724"/>
		<rel id="sPointingRel87" xlink:href="scriptorium.cross.michbr295-297.mark.xml#sSpan2359" target="scriptorium.cross.michbr295-297.mark.xml#sSpan2354"/>
		<rel id="sPointingRel89" xlink:href="scriptorium.cross.michbr295-297.mark.xml#sSpan1601" target="scriptorium.cross.michbr295-297.mark.xml#sSpan1599"/>
		<rel id="sPointingRel91" xlink:href="scriptorium.cross.michbr295-297.mark.xml#sSpan704" target="scriptorium.cross.michbr295-297.mark.xml#sSpan686"/>
		<rel id="sPointingRel93" xlink:href="scriptorium.cross.michbr295-297.mark.xml#sSpan2039" target="scriptorium.cross.michbr295-297.mark.xml#sSpan2070"/>
		<rel id="sPointingRel95" xlink:href="scriptorium.cross.michbr295-297.mark.xml#sSpan1232" target="scriptorium.cross.michbr295-297.mark.xml#sSpan1225"/>
		<rel id="sPointingRel97" xlink:href="scriptorium.cross.michbr295-297.mark.xml#sSpan2189" target="scriptorium.cross.michbr295-297.mark.xml#sSpan2238"/>
		<rel id="sPointingRel99" xlink:href="scriptorium.cross.michbr295-297.mark.xml#sSpan2394" target="scriptorium.cross.michbr295-297.mark.xml#sSpan2391"/>
		<rel id="sPointingRel101" xlink:href="scriptorium.cross.michbr295-297.mark.xml#sSpan865" target="scriptorium.cross.michbr295-297.mark.xml#sSpan870"/>
		<rel id="sPointingRel103" xlink:href="scriptorium.cross.michbr295-297.mark.xml#sSpan256" target="scriptorium.cross.michbr295-297.mark.xml#sSpan258"/>
		<rel id="sPointingRel105" xlink:href="scriptorium.cross.michbr295-297.mark.xml#sSpan1858" target="scriptorium.cross.michbr295-297.mark.xml#sSpan1854"/>
		<rel id="sPointingRel107" xlink:href="scriptorium.cross.michbr295-297.mark.xml#sSpan1601" target="scriptorium.cross.michbr295-297.mark.xml#sSpan1586"/>
		<rel id="sPointingRel109" xlink:href="scriptorium.cross.michbr295-297.mark.xml#sSpan1324" target="scriptorium.cross.michbr295-297.mark.xml#sSpan1316"/>
		<rel id="sPointingRel111" xlink:href="scriptorium.cross.michbr295-297.mark.xml#sSpan908" target="scriptorium.cross.michbr295-297.mark.xml#sSpan904"/>
		<rel id="sPointingRel113" xlink:href="scriptorium.cross.michbr295-297.mark.xml#sSpan1037" target="scriptorium.cross.michbr295-297.mark.xml#sSpan1035"/>
		<rel id="sPointingRel115" xlink:href="scriptorium.cross.michbr295-297.mark.xml#sSpan1646" target="scriptorium.cross.michbr295-297.mark.xml#sSpan1643"/>
		<rel id="sPointingRel117" xlink:href="scriptorium.cross.michbr295-297.mark.xml#sSpan1965" target="scriptorium.cross.michbr295-297.mark.xml#sSpan1960"/>
		<rel id="sPointingRel119" xlink:href="scriptorium.cross.michbr295-297.mark.xml#sSpan1193" target="scriptorium.cross.michbr295-297.mark.xml#sSpan1186"/>
		<rel id="sPointingRel121" xlink:href="scriptorium.cross.michbr295-297.mark.xml#sSpan2323" target="scriptorium.cross.michbr295-297.mark.xml#sSpan2320"/>
		<rel id="sPointingRel123" xlink:href="scriptorium.cross.michbr295-297.mark.xml#sSpan186" target="scriptorium.cross.michbr295-297.mark.xml#sSpan182"/>
		<rel id="sPointingRel125" xlink:href="scriptorium.cross.michbr295-297.mark.xml#sSpan1372" target="scriptorium.cross.michbr295-297.mark.xml#sSpan1381"/>
		<rel id="sPointingRel127" xlink:href="scriptorium.cross.michbr295-297.mark.xml#sSpan604" target="scriptorium.cross.michbr295-297.mark.xml#sSpan597"/>
		<rel id="sPointingRel129" xlink:href="scriptorium.cross.michbr295-297.mark.xml#sSpan1848" target="scriptorium.cross.michbr295-297.mark.xml#sSpan1839"/>
		<rel id="sPointingRel131" xlink:href="scriptorium.cross.michbr295-297.mark.xml#sSpan704" target="scriptorium.cross.michbr295-297.mark.xml#sSpan675"/>
		<rel id="sPointingRel133" xlink:href="scriptorium.cross.michbr295-297.mark.xml#sSpan943" target="scriptorium.cross.michbr295-297.mark.xml#sSpan930"/>
		<rel id="sPointingRel135" xlink:href="scriptorium.cross.michbr295-297.mark.xml#sSpan544" target="scriptorium.cross.michbr295-297.mark.xml#sSpan541"/>
		<rel id="sPointingRel137" xlink:href="scriptorium.cross.michbr295-297.mark.xml#sSpan615" target="scriptorium.cross.michbr295-297.mark.xml#sSpan622"/>
		<rel id="sPointingRel139" xlink:href="scriptorium.cross.michbr295-297.mark.xml#sSpan2440" target="scriptorium.cross.michbr295-297.mark.xml#sSpan2435"/>
		<rel id="sPointingRel141" xlink:href="scriptorium.cross.michbr295-297.mark.xml#sSpan496" target="scriptorium.cross.michbr295-297.mark.xml#sSpan492"/>
		<rel id="sPointingRel143" xlink:href="scriptorium.cross.michbr295-297.mark.xml#sSpan972" target="scriptorium.cross.michbr295-297.mark.xml#sSpan967"/>
		<rel id="sPointingRel145" xlink:href="scriptorium.cross.michbr295-297.mark.xml#sSpan1536" target="scriptorium.cross.michbr295-297.mark.xml#sSpan1530"/>
		<rel id="sPointingRel147" xlink:href="scriptorium.cross.michbr295-297.mark.xml#sSpan2463" target="scriptorium.cross.michbr295-297.mark.xml#sSpan2468"/>
		<rel id="sPointingRel149" xlink:href="scriptorium.cross.michbr295-297.mark.xml#sSpan117" target="scriptorium.cross.michbr295-297.mark.xml#sSpan115"/>
		<rel id="sPointingRel151" xlink:href="scriptorium.cross.michbr295-297.mark.xml#sSpan2394" target="scriptorium.cross.michbr295-297.mark.xml#sSpan2419"/>
		<rel id="sPointingRel153" xlink:href="scriptorium.cross.michbr295-297.mark.xml#sSpan2221" target="scriptorium.cross.michbr295-297.mark.xml#sSpan2210"/>
		<rel id="sPointingRel155" xlink:href="scriptorium.cross.michbr295-297.mark.xml#sSpan2238" target="scriptorium.cross.michbr295-297.mark.xml#sSpan2242"/>
		<rel id="sPointingRel157" xlink:href="scriptorium.cross.michbr295-297.mark.xml#sSpan2475" target="scriptorium.cross.michbr295-297.mark.xml#sSpan2470"/>
		<rel id="sPointingRel159" xlink:href="scriptorium.cross.michbr295-297.mark.xml#sSpan2309" target="scriptorium.cross.michbr295-297.mark.xml#sSpan2283"/>
		<rel id="sPointingRel161" xlink:href="scriptorium.cross.michbr295-297.mark.xml#sSpan2258" target="scriptorium.cross.michbr295-297.mark.xml#sSpan2255"/>
		<rel id="sPointingRel163" xlink:href="scriptorium.cross.michbr295-297.mark.xml#sSpan1280" target="scriptorium.cross.michbr295-297.mark.xml#sSpan1291"/>
		<rel id="sPointingRel165" xlink:href="scriptorium.cross.michbr295-297.mark.xml#sSpan510" target="scriptorium.cross.michbr295-297.mark.xml#sSpan503"/>
		<rel id="sPointingRel167" xlink:href="scriptorium.cross.michbr295-297.mark.xml#sSpan1488" target="scriptorium.cross.michbr295-297.mark.xml#sSpan1482"/>
		<rel id="sPointingRel169" xlink:href="scriptorium.cross.michbr295-297.mark.xml#sSpan1453" target="scriptorium.cross.michbr295-297.mark.xml#sSpan1438"/>
		<rel id="sPointingRel171" xlink:href="scriptorium.cross.michbr295-297.mark.xml#sSpan1769" target="scriptorium.cross.michbr295-297.mark.xml#sSpan1776"/>
		<rel id="sPointingRel173" xlink:href="scriptorium.cross.michbr295-297.mark.xml#sSpan2141" target="scriptorium.cross.michbr295-297.mark.xml#sSpan2147"/>
		<rel id="sPointingRel175" xlink:href="scriptorium.cross.michbr295-297.mark.xml#sSpan1088" target="scriptorium.cross.michbr295-297.mark.xml#sSpan1085"/>
		<rel id="sPointingRel177" xlink:href="scriptorium.cross.michbr295-297.mark.xml#sSpan1905" target="scriptorium.cross.michbr295-297.mark.xml#sSpan1889"/>
		<rel id="sPointingRel179" xlink:href="scriptorium.cross.michbr295-297.mark.xml#sSpan1813" target="scriptorium.cross.michbr295-297.mark.xml#sSpan1807"/>
		<rel id="sPointingRel181" xlink:href="scriptorium.cross.michbr295-297.mark.xml#sSpan1291" target="scriptorium.cross.michbr295-297.mark.xml#sSpan1282"/>
		<rel id="sPointingRel183" xlink:href="scriptorium.cross.michbr295-297.mark.xml#sSpan2039" target="scriptorium.cross.michbr295-297.mark.xml#sSpan2055"/>
		<rel id="sPointingRel185" xlink:href="scriptorium.cross.michbr295-297.mark.xml#sSpan1258" target="scriptorium.cross.michbr295-297.mark.xml#sSpan1254"/>
		<rel id="sPointingRel187" xlink:href="scriptorium.cross.michbr295-297.mark.xml#sSpan1002" target="scriptorium.cross.michbr295-297.mark.xml#sSpan987"/>
		<rel id="sPointingRel189" xlink:href="scriptorium.cross.michbr295-297.mark.xml#sSpan1573" target="scriptorium.cross.michbr295-297.mark.xml#sSpan1568"/>
		<rel id="sPointingRel191" xlink:href="scriptorium.cross.michbr295-297.mark.xml#sSpan317" target="scriptorium.cross.michbr295-297.mark.xml#sSpan328"/>
		<rel id="sPointingRel193" xlink:href="scriptorium.cross.michbr295-297.mark.xml#sSpan1566" target="scriptorium.cross.michbr295-297.mark.xml#sSpan1560"/>
		<rel id="sPointingRel195" xlink:href="scriptorium.cross.michbr295-297.mark.xml#sSpan1566" target="scriptorium.cross.michbr295-297.mark.xml#sSpan1573"/>
		<rel id="sPointingRel197" xlink:href="scriptorium.cross.michbr295-297.mark.xml#sSpan551" target="scriptorium.cross.michbr295-297.mark.xml#sSpan547"/>
		<rel id="sPointingRel199" xlink:href="scriptorium.cross.michbr295-297.mark.xml#sSpan2105" target="scriptorium.cross.michbr295-297.mark.xml#sSpan2116"/>
		<rel id="sPointingRel201" xlink:href="scriptorium.cross.michbr295-297.mark.xml#sSpan1830" target="scriptorium.cross.michbr295-297.mark.xml#sSpan1820"/>
		<rel id="sPointingRel203" xlink:href="scriptorium.cross.michbr295-297.mark.xml#sSpan200" target="scriptorium.cross.michbr295-297.mark.xml#sSpan190"/>
		<rel id="sPointingRel205" xlink:href="scriptorium.cross.michbr295-297.mark.xml#sSpan2221" target="scriptorium.cross.michbr295-297.mark.xml#sSpan2218"/>
		<rel id="sPointingRel207" xlink:href="scriptorium.cross.michbr295-297.mark.xml#sSpan1940" target="scriptorium.cross.michbr295-297.mark.xml#sSpan1936"/>
		<rel id="sPointingRel209" xlink:href="scriptorium.cross.michbr295-297.mark.xml#sSpan2141" target="scriptorium.cross.michbr295-297.mark.xml#sSpan2138"/>
		<rel id="sPointingRel211" xlink:href="scriptorium.cross.michbr295-297.mark.xml#sSpan1695" target="scriptorium.cross.michbr295-297.mark.xml#sSpan1699"/>
		<rel id="sPointingRel213" xlink:href="scriptorium.cross.michbr295-297.mark.xml#sSpan1046" target="scriptorium.cross.michbr295-297.mark.xml#sSpan1057"/>
		<rel id="sPointingRel215" xlink:href="scriptorium.cross.michbr295-297.mark.xml#sSpan2090" target="scriptorium.cross.michbr295-297.mark.xml#sSpan2103"/>
		<rel id="sPointingRel217" xlink:href="scriptorium.cross.michbr295-297.mark.xml#sSpan392" target="scriptorium.cross.michbr295-297.mark.xml#sSpan394"/>
		<rel id="sPointingRel219" xlink:href="scriptorium.cross.michbr295-297.mark.xml#sSpan879" target="scriptorium.cross.michbr295-297.mark.xml#sSpan872"/>
		<rel id="sPointingRel221" xlink:href="scriptorium.cross.michbr295-297.mark.xml#sSpan797" target="scriptorium.cross.michbr295-297.mark.xml#sSpan793"/>
		<rel id="sPointingRel223" xlink:href="scriptorium.cross.michbr295-297.mark.xml#sSpan305" target="scriptorium.cross.michbr295-297.mark.xml#sSpan295"/>
		<rel id="sPointingRel225" xlink:href="scriptorium.cross.michbr295-297.mark.xml#sSpan824" target="scriptorium.cross.michbr295-297.mark.xml#sSpan821"/>
		<rel id="sPointingRel227" xlink:href="scriptorium.cross.michbr295-297.mark.xml#sSpan1241" target="scriptorium.cross.michbr295-297.mark.xml#sSpan1258"/>
		<rel id="sPointingRel229" xlink:href="scriptorium.cross.michbr295-297.mark.xml#sSpan434" target="scriptorium.cross.michbr295-297.mark.xml#sSpan426"/>
		<rel id="sPointingRel231" xlink:href="scriptorium.cross.michbr295-297.mark.xml#sSpan1798" target="scriptorium.cross.michbr295-297.mark.xml#sSpan1795"/>
		<rel id="sPointingRel233" xlink:href="scriptorium.cross.michbr295-297.mark.xml#sSpan1108" target="scriptorium.cross.michbr295-297.mark.xml#sSpan1105"/>
		<rel id="sPointingRel235" xlink:href="scriptorium.cross.michbr295-297.mark.xml#sSpan1601" target="scriptorium.cross.michbr295-297.mark.xml#sSpan1609"/>
		<rel id="sPointingRel237" xlink:href="scriptorium.cross.michbr295-297.mark.xml#sSpan186" target="scriptorium.cross.michbr295-297.mark.xml#sSpan178"/>
		<rel id="sPointingRel239" xlink:href="scriptorium.cross.michbr295-297.mark.xml#sSpan1527" target="scriptorium.cross.michbr295-297.mark.xml#sSpan1522"/>
		<rel id="sPointingRel241" xlink:href="scriptorium.cross.michbr295-297.mark.xml#sSpan2397" target="scriptorium.cross.michbr295-297.mark.xml#sSpan2440"/>
		<rel id="sPointingRel243" xlink:href="scriptorium.cross.michbr295-297.mark.xml#sSpan2116" target="scriptorium.cross.michbr295-297.mark.xml#sSpan2114"/>
		<rel id="sPointingRel245" xlink:href="scriptorium.cross.michbr295-297.mark.xml#sSpan985" target="scriptorium.cross.michbr295-297.mark.xml#sSpan1002"/>
		<rel id="sPointingRel247" xlink:href="scriptorium.cross.michbr295-297.mark.xml#sSpan1332" target="scriptorium.cross.michbr295-297.mark.xml#sSpan1327"/>
		<rel id="sPointingRel249" xlink:href="scriptorium.cross.michbr295-297.mark.xml#sSpan1203" target="scriptorium.cross.michbr295-297.mark.xml#sSpan1195"/>
		<rel id="sPointingRel251" xlink:href="scriptorium.cross.michbr295-297.mark.xml#sSpan1291" target="scriptorium.cross.michbr295-297.mark.xml#sSpan1287"/>
		<rel id="sPointingRel253" xlink:href="scriptorium.cross.michbr295-297.mark.xml#sSpan1360" target="scriptorium.cross.michbr295-297.mark.xml#sSpan1389"/>
		<rel id="sPointingRel255" xlink:href="scriptorium.cross.michbr295-297.mark.xml#sSpan256" target="scriptorium.cross.michbr295-297.mark.xml#sSpan267"/>
		<rel id="sPointingRel257" xlink:href="scriptorium.cross.michbr295-297.mark.xml#sSpan1798" target="scriptorium.cross.michbr295-297.mark.xml#sSpan1791"/>
		<rel id="sPointingRel259" xlink:href="scriptorium.cross.michbr295-297.mark.xml#sSpan1184" target="scriptorium.cross.michbr295-297.mark.xml#sSpan1176"/>
		<rel id="sPointingRel261" xlink:href="scriptorium.cross.michbr295-297.mark.xml#sSpan998" target="scriptorium.cross.michbr295-297.mark.xml#sSpan994"/>
		<rel id="sPointingRel263" xlink:href="scriptorium.cross.michbr295-297.mark.xml#sSpan71" target="scriptorium.cross.michbr295-297.mark.xml#sSpan63"/>
		<rel id="sPointingRel265" xlink:href="scriptorium.cross.michbr295-297.mark.xml#sSpan649" target="scriptorium.cross.michbr295-297.mark.xml#sSpan644"/>
		<rel id="sPointingRel267" xlink:href="scriptorium.cross.michbr295-297.mark.xml#sSpan1370" target="scriptorium.cross.michbr295-297.mark.xml#sSpan1366"/>
		<rel id="sPointingRel269" xlink:href="scriptorium.cross.michbr295-297.mark.xml#sSpan1429" target="scriptorium.cross.michbr295-297.mark.xml#sSpan1425"/>
		<rel id="sPointingRel271" xlink:href="scriptorium.cross.michbr295-297.mark.xml#sSpan2147" target="scriptorium.cross.michbr295-297.mark.xml#sSpan2143"/>
		<rel id="sPointingRel273" xlink:href="scriptorium.cross.michbr295-297.mark.xml#sSpan2103" target="scriptorium.cross.michbr295-297.mark.xml#sSpan2094"/>
		<rel id="sPointingRel275" xlink:href="scriptorium.cross.michbr295-297.mark.xml#sSpan1620" target="scriptorium.cross.michbr295-297.mark.xml#sSpan1612"/>
		<rel id="sPointingRel277" xlink:href="scriptorium.cross.michbr295-297.mark.xml#sSpan473" target="scriptorium.cross.michbr295-297.mark.xml#sSpan475"/>
		<rel id="sPointingRel279" xlink:href="scriptorium.cross.michbr295-297.mark.xml#sSpan567" target="scriptorium.cross.michbr295-297.mark.xml#sSpan579"/>
		<rel id="sPointingRel281" xlink:href="scriptorium.cross.michbr295-297.mark.xml#sSpan2359" target="scriptorium.cross.michbr295-297.mark.xml#sSpan2372"/>
		<rel id="sPointingRel283" xlink:href="scriptorium.cross.michbr295-297.mark.xml#sSpan622" target="scriptorium.cross.michbr295-297.mark.xml#sSpan617"/>
		<rel id="sPointingRel285" xlink:href="scriptorium.cross.michbr295-297.mark.xml#sSpan567" target="scriptorium.cross.michbr295-297.mark.xml#sSpan569"/>
		<rel id="sPointingRel287" xlink:href="scriptorium.cross.michbr295-297.mark.xml#sSpan359" target="scriptorium.cross.michbr295-297.mark.xml#sSpan354"/>
		<rel id="sPointingRel289" xlink:href="scriptorium.cross.michbr295-297.mark.xml#sSpan510" target="scriptorium.cross.michbr295-297.mark.xml#sSpan512"/>
		<rel id="sPointingRel291" xlink:href="scriptorium.cross.michbr295-297.mark.xml#sSpan2129" target="scriptorium.cross.michbr295-297.mark.xml#sSpan2141"/>
		<rel id="sPointingRel293" xlink:href="scriptorium.cross.michbr295-297.mark.xml#sSpan579" target="scriptorium.cross.michbr295-297.mark.xml#sSpan591"/>
		<rel id="sPointingRel295" xlink:href="scriptorium.cross.michbr295-297.mark.xml#sSpan1291" target="scriptorium.cross.michbr295-297.mark.xml#sSpan1299"/>
		<rel id="sPointingRel297" xlink:href="scriptorium.cross.michbr295-297.mark.xml#sSpan702" target="scriptorium.cross.michbr295-297.mark.xml#sSpan699"/>
		<rel id="sPointingRel299" xlink:href="scriptorium.cross.michbr295-297.mark.xml#sSpan152" target="scriptorium.cross.michbr295-297.mark.xml#sSpan163"/>
		<rel id="sPointingRel301" xlink:href="scriptorium.cross.michbr295-297.mark.xml#sSpan1927" target="scriptorium.cross.michbr295-297.mark.xml#sSpan1940"/>
		<rel id="sPointingRel303" xlink:href="scriptorium.cross.michbr295-297.mark.xml#sSpan2070" target="scriptorium.cross.michbr295-297.mark.xml#sSpan2068"/>
		<rel id="sPointingRel305" xlink:href="scriptorium.cross.michbr295-297.mark.xml#sSpan2116" target="scriptorium.cross.michbr295-297.mark.xml#sSpan2109"/>
		<rel id="sPointingRel307" xlink:href="scriptorium.cross.michbr295-297.mark.xml#sSpan1453" target="scriptorium.cross.michbr295-297.mark.xml#sSpan1442"/>
		<rel id="sPointingRel309" xlink:href="scriptorium.cross.michbr295-297.mark.xml#sSpan1848" target="scriptorium.cross.michbr295-297.mark.xml#sSpan1858"/>
		<rel id="sPointingRel311" xlink:href="scriptorium.cross.michbr295-297.mark.xml#sSpan764" target="scriptorium.cross.michbr295-297.mark.xml#sSpan774"/>
		<rel id="sPointingRel313" xlink:href="scriptorium.cross.michbr295-297.mark.xml#sSpan1046" target="scriptorium.cross.michbr295-297.mark.xml#sSpan1055"/>
		<rel id="sPointingRel315" xlink:href="scriptorium.cross.michbr295-297.mark.xml#sSpan758" target="scriptorium.cross.michbr295-297.mark.xml#sSpan749"/>
		<rel id="sPointingRel317" xlink:href="scriptorium.cross.michbr295-297.mark.xml#sSpan2189" target="scriptorium.cross.michbr295-297.mark.xml#sSpan2221"/>
		<rel id="sPointingRel319" xlink:href="scriptorium.cross.michbr295-297.mark.xml#sSpan2203" target="scriptorium.cross.michbr295-297.mark.xml#sSpan2196"/>
		<rel id="sPointingRel321" xlink:href="scriptorium.cross.michbr295-297.mark.xml#sSpan885" target="scriptorium.cross.michbr295-297.mark.xml#sSpan863"/>
		<rel id="sPointingRel323" xlink:href="scriptorium.cross.michbr295-297.mark.xml#sSpan140" target="scriptorium.cross.michbr295-297.mark.xml#sSpan130"/>
		<rel id="sPointingRel325" xlink:href="scriptorium.cross.michbr295-297.mark.xml#sSpan649" target="scriptorium.cross.michbr295-297.mark.xml#sSpan657"/>
		<rel id="sPointingRel327" xlink:href="scriptorium.cross.michbr295-297.mark.xml#sSpan1663" target="scriptorium.cross.michbr295-297.mark.xml#sSpan1661"/>
		<rel id="sPointingRel329" xlink:href="scriptorium.cross.michbr295-297.mark.xml#sSpan317" target="scriptorium.cross.michbr295-297.mark.xml#sSpan311"/>
		<rel id="sPointingRel331" xlink:href="scriptorium.cross.michbr295-297.mark.xml#sSpan348" target="scriptorium.cross.michbr295-297.mark.xml#sSpan341"/>
		<rel id="sPointingRel333" xlink:href="scriptorium.cross.michbr295-297.mark.xml#sSpan715" target="scriptorium.cross.michbr295-297.mark.xml#sSpan730"/>
		<rel id="sPointingRel335" xlink:href="scriptorium.cross.michbr295-297.mark.xml#sSpan2189" target="scriptorium.cross.michbr295-297.mark.xml#sSpan2203"/>
		<rel id="sPointingRel337" xlink:href="scriptorium.cross.michbr295-297.mark.xml#sSpan1461" target="scriptorium.cross.michbr295-297.mark.xml#sSpan1465"/>
		<rel id="sPointingRel339" xlink:href="scriptorium.cross.michbr295-297.mark.xml#sSpan604" target="scriptorium.cross.michbr295-297.mark.xml#sSpan615"/>
		<rel id="sPointingRel341" xlink:href="scriptorium.cross.michbr295-297.mark.xml#sSpan216" target="scriptorium.cross.michbr295-297.mark.xml#sSpan206"/>
		<rel id="sPointingRel343" xlink:href="scriptorium.cross.michbr295-297.mark.xml#sSpan1078" target="scriptorium.cross.michbr295-297.mark.xml#sSpan1074"/>
		<rel id="sPointingRel345" xlink:href="scriptorium.cross.michbr295-297.mark.xml#sSpan1837" target="scriptorium.cross.michbr295-297.mark.xml#sSpan1832"/>
		<rel id="sPointingRel347" xlink:href="scriptorium.cross.michbr295-297.mark.xml#sSpan1360" target="scriptorium.cross.michbr295-297.mark.xml#sSpan1345"/>
		<rel id="sPointingRel349" xlink:href="scriptorium.cross.michbr295-297.mark.xml#sSpan1002" target="scriptorium.cross.michbr295-297.mark.xml#sSpan1011"/>
		<rel id="sPointingRel351" xlink:href="scriptorium.cross.michbr295-297.mark.xml#sSpan539" target="scriptorium.cross.michbr295-297.mark.xml#sSpan544"/>
		<rel id="sPointingRel353" xlink:href="scriptorium.cross.michbr295-297.mark.xml#sSpan1153" target="scriptorium.cross.michbr295-297.mark.xml#sSpan1139"/>
		<rel id="sPointingRel355" xlink:href="scriptorium.cross.michbr295-297.mark.xml#sSpan305" target="scriptorium.cross.michbr295-297.mark.xml#sSpan307"/>
		<rel id="sPointingRel357" xlink:href="scriptorium.cross.michbr295-297.mark.xml#sSpan774" target="scriptorium.cross.michbr295-297.mark.xml#sSpan790"/>
		<rel id="sPointingRel359" xlink:href="scriptorium.cross.michbr295-297.mark.xml#sSpan1184" target="scriptorium.cross.michbr295-297.mark.xml#sSpan1180"/>
		<rel id="sPointingRel361" xlink:href="scriptorium.cross.michbr295-297.mark.xml#sSpan1108" target="scriptorium.cross.michbr295-297.mark.xml#sSpan1101"/>
		<rel id="sPointingRel363" xlink:href="scriptorium.cross.michbr295-297.mark.xml#sSpan1620" target="scriptorium.cross.michbr295-297.mark.xml#sSpan1616"/>
		<rel id="sPointingRel365" xlink:href="scriptorium.cross.michbr295-297.mark.xml#sSpan1744" target="scriptorium.cross.michbr295-297.mark.xml#sSpan1739"/>
		<rel id="sPointingRel367" xlink:href="scriptorium.cross.michbr295-297.mark.xml#sSpan98" target="scriptorium.cross.michbr295-297.mark.xml#sSpan93"/>
		<rel id="sPointingRel369" xlink:href="scriptorium.cross.michbr295-297.mark.xml#sSpan2406" target="scriptorium.cross.michbr295-297.mark.xml#sSpan2401"/>
		<rel id="sPointingRel371" xlink:href="scriptorium.cross.michbr295-297.mark.xml#sSpan579" target="scriptorium.cross.michbr295-297.mark.xml#sSpan573"/>
		<rel id="sPointingRel373" xlink:href="scriptorium.cross.michbr295-297.mark.xml#sSpan2292" target="scriptorium.cross.michbr295-297.mark.xml#sSpan2296"/>
		<rel id="sPointingRel375" xlink:href="scriptorium.cross.michbr295-297.mark.xml#sSpan730" target="scriptorium.cross.michbr295-297.mark.xml#sSpan747"/>
		<rel id="sPointingRel377" xlink:href="scriptorium.cross.michbr295-297.mark.xml#sSpan1193" target="scriptorium.cross.michbr295-297.mark.xml#sSpan1203"/>
		<rel id="sPointingRel379" xlink:href="scriptorium.cross.michbr295-297.mark.xml#sSpan1837" target="scriptorium.cross.michbr295-297.mark.xml#sSpan1848"/>
		<rel id="sPointingRel381" xlink:href="scriptorium.cross.michbr295-297.mark.xml#sSpan335" target="scriptorium.cross.michbr295-297.mark.xml#sSpan331"/>
		<rel id="sPointingRel383" xlink:href="scriptorium.cross.michbr295-297.mark.xml#sSpan849" target="scriptorium.cross.michbr295-297.mark.xml#sSpan840"/>
		<rel id="sPointingRel385" xlink:href="scriptorium.cross.michbr295-297.mark.xml#sSpan1920" target="scriptorium.cross.michbr295-297.mark.xml#sSpan1916"/>
		<rel id="sPointingRel387" xlink:href="scriptorium.cross.michbr295-297.mark.xml#sSpan1957" target="scriptorium.cross.michbr295-297.mark.xml#sSpan1955"/>
		<rel id="sPointingRel389" xlink:href="scriptorium.cross.michbr295-297.mark.xml#sSpan1324" target="scriptorium.cross.michbr295-297.mark.xml#sSpan1332"/>
		<rel id="sPointingRel391" xlink:href="scriptorium.cross.michbr295-297.mark.xml#sSpan2045" target="scriptorium.cross.michbr295-297.mark.xml#sSpan2052"/>
		<rel id="sPointingRel393" xlink:href="scriptorium.cross.michbr295-297.mark.xml#sSpan1646" target="scriptorium.cross.michbr295-297.mark.xml#sSpan1637"/>
		<rel id="sPointingRel395" xlink:href="scriptorium.cross.michbr295-297.mark.xml#sSpan959" target="scriptorium.cross.michbr295-297.mark.xml#sSpan972"/>
		<rel id="sPointingRel397" xlink:href="scriptorium.cross.michbr295-297.mark.xml#sSpan1055" target="scriptorium.cross.michbr295-297.mark.xml#sSpan1051"/>
		<rel id="sPointingRel399" xlink:href="scriptorium.cross.michbr295-297.mark.xml#sSpan2015" target="scriptorium.cross.michbr295-297.mark.xml#sSpan1999"/>
		<rel id="sPointingRel401" xlink:href="scriptorium.cross.michbr295-297.mark.xml#sSpan1203" target="scriptorium.cross.michbr295-297.mark.xml#sSpan1199"/>
		<rel id="sPointingRel403" xlink:href="scriptorium.cross.michbr295-297.mark.xml#sSpan2340" target="scriptorium.cross.michbr295-297.mark.xml#sSpan2345"/>
		<rel id="sPointingRel405" xlink:href="scriptorium.cross.michbr295-297.mark.xml#sSpan812" target="scriptorium.cross.michbr295-297.mark.xml#sSpan808"/>
		<rel id="sPointingRel407" xlink:href="scriptorium.cross.michbr295-297.mark.xml#sSpan2323" target="scriptorium.cross.michbr295-297.mark.xml#sSpan2316"/>
		<rel id="sPointingRel409" xlink:href="scriptorium.cross.michbr295-297.mark.xml#sSpan2157" target="scriptorium.cross.michbr295-297.mark.xml#sSpan2155"/>
		<rel id="sPointingRel411" xlink:href="scriptorium.cross.michbr295-297.mark.xml#sSpan2461" target="scriptorium.cross.michbr295-297.mark.xml#sSpan2453"/>
		<rel id="sPointingRel413" xlink:href="scriptorium.cross.michbr295-297.mark.xml#sSpan959" target="scriptorium.cross.michbr295-297.mark.xml#sSpan949"/>
		<rel id="sPointingRel415" xlink:href="scriptorium.cross.michbr295-297.mark.xml#sSpan1654" target="scriptorium.cross.michbr295-297.mark.xml#sSpan1650"/>
		<rel id="sPointingRel417" xlink:href="scriptorium.cross.michbr295-297.mark.xml#sSpan2166" target="scriptorium.cross.michbr295-297.mark.xml#sSpan2170"/>
		<rel id="sPointingRel419" xlink:href="scriptorium.cross.michbr295-297.mark.xml#sSpan1940" target="scriptorium.cross.michbr295-297.mark.xml#sSpan1932"/>
		<rel id="sPointingRel421" xlink:href="scriptorium.cross.michbr295-297.mark.xml#sSpan1314" target="scriptorium.cross.michbr295-297.mark.xml#sSpan1310"/>
		<rel id="sPointingRel423" xlink:href="scriptorium.cross.michbr295-297.mark.xml#sSpan1751" target="scriptorium.cross.michbr295-297.mark.xml#sSpan1760"/>
		<rel id="sPointingRel425" xlink:href="scriptorium.cross.michbr295-297.mark.xml#sSpan2231" target="scriptorium.cross.michbr295-297.mark.xml#sSpan2224"/>
		<rel id="sPointingRel427" xlink:href="scriptorium.cross.michbr295-297.mark.xml#sSpan140" target="scriptorium.cross.michbr295-297.mark.xml#sSpan172"/>
		<rel id="sPointingRel429" xlink:href="scriptorium.cross.michbr295-297.mark.xml#sSpan1837" target="scriptorium.cross.michbr295-297.mark.xml#sSpan1813"/>
		<rel id="sPointingRel431" xlink:href="scriptorium.cross.michbr295-297.mark.xml#sSpan1153" target="scriptorium.cross.michbr295-297.mark.xml#sSpan1147"/>
		<rel id="sPointingRel433" xlink:href="scriptorium.cross.michbr295-297.mark.xml#sSpan790" target="scriptorium.cross.michbr295-297.mark.xml#sSpan787"/>
		<rel id="sPointingRel435" xlink:href="scriptorium.cross.michbr295-297.mark.xml#sSpan2157" target="scriptorium.cross.michbr295-297.mark.xml#sSpan2150"/>
		<rel id="sPointingRel437" xlink:href="scriptorium.cross.michbr295-297.mark.xml#sSpan27" target="scriptorium.cross.michbr295-297.mark.xml#sSpan21"/>
		<rel id="sPointingRel439" xlink:href="scriptorium.cross.michbr295-297.mark.xml#sSpan591" target="scriptorium.cross.michbr295-297.mark.xml#sSpan581"/>
		<rel id="sPointingRel441" xlink:href="scriptorium.cross.michbr295-297.mark.xml#sSpan1360" target="scriptorium.cross.michbr295-297.mark.xml#sSpan1372"/>
		<rel id="sPointingRel443" xlink:href="scriptorium.cross.michbr295-297.mark.xml#sSpan2309" target="scriptorium.cross.michbr295-297.mark.xml#sSpan2340"/>
		<rel id="sPointingRel445" xlink:href="scriptorium.cross.michbr295-297.mark.xml#sSpan1609" target="scriptorium.cross.michbr295-297.mark.xml#sSpan1620"/>
		<rel id="sPointingRel447" xlink:href="scriptorium.cross.michbr295-297.mark.xml#sSpan2203" target="scriptorium.cross.michbr295-297.mark.xml#sSpan2192"/>
		<rel id="sPointingRel449" xlink:href="scriptorium.cross.michbr295-297.mark.xml#sSpan1830" target="scriptorium.cross.michbr295-297.mark.xml#sSpan1825"/>
		<rel id="sPointingRel451" xlink:href="scriptorium.cross.michbr295-297.mark.xml#sSpan2429" target="scriptorium.cross.michbr295-297.mark.xml#sSpan2426"/>
		<rel id="sPointingRel453" xlink:href="scriptorium.cross.michbr295-297.mark.xml#sSpan539" target="scriptorium.cross.michbr295-297.mark.xml#sSpan535"/>
		<rel id="sPointingRel455" xlink:href="scriptorium.cross.michbr295-297.mark.xml#sSpan2076" target="scriptorium.cross.michbr295-297.mark.xml#sSpan2072"/>
		<rel id="sPointingRel457" xlink:href="scriptorium.cross.michbr295-297.mark.xml#sSpan200" target="scriptorium.cross.michbr295-297.mark.xml#sSpan194"/>
		<rel id="sPointingRel459" xlink:href="scriptorium.cross.michbr295-297.mark.xml#sSpan974" target="scriptorium.cross.michbr295-297.mark.xml#sSpan959"/>
		<rel id="sPointingRel461" xlink:href="scriptorium.cross.michbr295-297.mark.xml#sSpan1905" target="scriptorium.cross.michbr295-297.mark.xml#sSpan1927"/>
		<rel id="sPointingRel463" xlink:href="scriptorium.cross.michbr295-297.mark.xml#sSpan1280" target="scriptorium.cross.michbr295-297.mark.xml#sSpan1265"/>
		<rel id="sPointingRel465" xlink:href="scriptorium.cross.michbr295-297.mark.xml#sSpan1453" target="scriptorium.cross.michbr295-297.mark.xml#sSpan1461"/>
		<rel id="sPointingRel467" xlink:href="scriptorium.cross.michbr295-297.mark.xml#sSpan2116" target="scriptorium.cross.michbr295-297.mark.xml#sSpan2129"/>
		<rel id="sPointingRel469" xlink:href="scriptorium.cross.michbr295-297.mark.xml#sSpan1889" target="scriptorium.cross.michbr295-297.mark.xml#sSpan1882"/>
		<rel id="sPointingRel471" xlink:href="scriptorium.cross.michbr295-297.mark.xml#sSpan2157" target="scriptorium.cross.michbr295-297.mark.xml#sSpan2153"/>
		<rel id="sPointingRel473" xlink:href="scriptorium.cross.michbr295-297.mark.xml#sSpan98" target="scriptorium.cross.michbr295-297.mark.xml#sSpan109"/>
		<rel id="sPointingRel475" xlink:href="scriptorium.cross.michbr295-297.mark.xml#sSpan2231" target="scriptorium.cross.michbr295-297.mark.xml#sSpan2228"/>
		<rel id="sPointingRel477" xlink:href="scriptorium.cross.michbr295-297.mark.xml#sSpan289" target="scriptorium.cross.michbr295-297.mark.xml#sSpan281"/>
		<rel id="sPointingRel479" xlink:href="scriptorium.cross.michbr295-297.mark.xml#sSpan2283" target="scriptorium.cross.michbr295-297.mark.xml#sSpan2275"/>
		<rel id="sPointingRel481" xlink:href="scriptorium.cross.michbr295-297.mark.xml#sSpan1395" target="scriptorium.cross.michbr295-297.mark.xml#sSpan1402"/>
		<rel id="sPointingRel483" xlink:href="scriptorium.cross.michbr295-297.mark.xml#sSpan604" target="scriptorium.cross.michbr295-297.mark.xml#sSpan606"/>
		<rel id="sPointingRel485" xlink:href="scriptorium.cross.michbr295-297.mark.xml#sSpan2309" target="scriptorium.cross.michbr295-297.mark.xml#sSpan2323"/>
		<rel id="sPointingRel487" xlink:href="scriptorium.cross.michbr295-297.mark.xml#sSpan485" target="scriptorium.cross.michbr295-297.mark.xml#sSpan496"/>
		<rel id="sPointingRel489" xlink:href="scriptorium.cross.michbr295-297.mark.xml#sSpan1905" target="scriptorium.cross.michbr295-297.mark.xml#sSpan1914"/>
		<rel id="sPointingRel491" xlink:href="scriptorium.cross.michbr295-297.mark.xml#sSpan2442" target="scriptorium.cross.michbr295-297.mark.xml#sSpan2446"/>
		<rel id="sPointingRel493" xlink:href="scriptorium.cross.michbr295-297.mark.xml#sSpan1785" target="scriptorium.cross.michbr295-297.mark.xml#sSpan1779"/>
		<rel id="sPointingRel495" xlink:href="scriptorium.cross.michbr295-297.mark.xml#sSpan1689" target="scriptorium.cross.michbr295-297.mark.xml#sSpan1687"/>
		<rel id="sPointingRel497" xlink:href="scriptorium.cross.michbr295-297.mark.xml#sSpan567" target="scriptorium.cross.michbr295-297.mark.xml#sSpan604"/>
		<rel id="sPointingRel499" xlink:href="scriptorium.cross.michbr295-297.mark.xml#sSpan1566" target="scriptorium.cross.michbr295-297.mark.xml#sSpan1564"/>
		<rel id="sPointingRel501" xlink:href="scriptorium.cross.michbr295-297.mark.xml#sSpan61" target="scriptorium.cross.michbr295-297.mark.xml#sSpan48"/>
		<rel id="sPointingRel503" xlink:href="scriptorium.cross.michbr295-297.mark.xml#sSpan1174" target="scriptorium.cross.michbr295-297.mark.xml#sSpan1170"/>
		<rel id="sPointingRel505" xlink:href="scriptorium.cross.michbr295-297.mark.xml#sSpan2419" target="scriptorium.cross.michbr295-297.mark.xml#sSpan2412"/>
		<rel id="sPointingRel507" xlink:href="scriptorium.cross.michbr295-297.mark.xml#sSpan833" target="scriptorium.cross.michbr295-297.mark.xml#sSpan830"/>
		<rel id="sPointingRel509" xlink:href="scriptorium.cross.michbr295-297.mark.xml#sSpan1830" target="scriptorium.cross.michbr295-297.mark.xml#sSpan1816"/>
		<rel id="sPointingRel511" xlink:href="scriptorium.cross.michbr295-297.mark.xml#sSpan2268" target="scriptorium.cross.michbr295-297.mark.xml#sSpan2261"/>
		<rel id="sPointingRel513" xlink:href="scriptorium.cross.michbr295-297.mark.xml#sSpan715" target="scriptorium.cross.michbr295-297.mark.xml#sSpan709"/>
		<rel id="sPointingRel515" xlink:href="scriptorium.cross.michbr295-297.mark.xml#sSpan2045" target="scriptorium.cross.michbr295-297.mark.xml#sSpan2041"/>
		<rel id="sPointingRel517" xlink:href="scriptorium.cross.michbr295-297.mark.xml#sSpan567" target="scriptorium.cross.michbr295-297.mark.xml#sSpan557"/>
		<rel id="sPointingRel519" xlink:href="scriptorium.cross.michbr295-297.mark.xml#sSpan1453" target="scriptorium.cross.michbr295-297.mark.xml#sSpan1451"/>
		<rel id="sPointingRel521" xlink:href="scriptorium.cross.michbr295-297.mark.xml#sSpan1785" target="scriptorium.cross.michbr295-297.mark.xml#sSpan1787"/>
		<rel id="sPointingRel523" xlink:href="scriptorium.cross.michbr295-297.mark.xml#sSpan98" target="scriptorium.cross.michbr295-297.mark.xml#sSpan117"/>
		<rel id="sPointingRel525" xlink:href="scriptorium.cross.michbr295-297.mark.xml#sSpan414" target="scriptorium.cross.michbr295-297.mark.xml#sSpan411"/>
		<rel id="sPointingRel527" xlink:href="scriptorium.cross.michbr295-297.mark.xml#sSpan1737" target="scriptorium.cross.michbr295-297.mark.xml#sSpan1733"/>
		<rel id="sPointingRel529" xlink:href="scriptorium.cross.michbr295-297.mark.xml#sSpan1218" target="scriptorium.cross.michbr295-297.mark.xml#sSpan1214"/>
		<rel id="sPointingRel531" xlink:href="scriptorium.cross.michbr295-297.mark.xml#sSpan1609" target="scriptorium.cross.michbr295-297.mark.xml#sSpan1603"/>
		<rel id="sPointingRel533" xlink:href="scriptorium.cross.michbr295-297.mark.xml#sSpan1247" target="scriptorium.cross.michbr295-297.mark.xml#sSpan1243"/>
		<rel id="sPointingRel535" xlink:href="scriptorium.cross.michbr295-297.mark.xml#sSpan485" target="scriptorium.cross.michbr295-297.mark.xml#sSpan479"/>
		<rel id="sPointingRel537" xlink:href="scriptorium.cross.michbr295-297.mark.xml#sSpan638" target="scriptorium.cross.michbr295-297.mark.xml#sSpan704"/>
		<rel id="sPointingRel539" xlink:href="scriptorium.cross.michbr295-297.mark.xml#sSpan1088" target="scriptorium.cross.michbr295-297.mark.xml#sSpan1095"/>
		<rel id="sPointingRel541" xlink:href="scriptorium.cross.michbr295-297.mark.xml#sSpan238" target="scriptorium.cross.michbr295-297.mark.xml#sSpan234"/>
		<rel id="sPointingRel543" xlink:href="scriptorium.cross.michbr295-297.mark.xml#sSpan1324" target="scriptorium.cross.michbr295-297.mark.xml#sSpan1320"/>
		<rel id="sPointingRel545" xlink:href="scriptorium.cross.michbr295-297.mark.xml#sSpan1707" target="scriptorium.cross.michbr295-297.mark.xml#sSpan1703"/>
		<rel id="sPointingRel547" xlink:href="scriptorium.cross.michbr295-297.mark.xml#sSpan2039" target="scriptorium.cross.michbr295-297.mark.xml#sSpan2037"/>
		<rel id="sPointingRel549" xlink:href="scriptorium.cross.michbr295-297.mark.xml#sSpan1037" target="scriptorium.cross.michbr295-297.mark.xml#sSpan1027"/>
		<rel id="sPointingRel551" xlink:href="scriptorium.cross.michbr295-297.mark.xml#sSpan1798" target="scriptorium.cross.michbr295-297.mark.xml#sSpan1805"/>
		<rel id="sPointingRel553" xlink:href="scriptorium.cross.michbr295-297.mark.xml#sSpan2015" target="scriptorium.cross.michbr295-297.mark.xml#sSpan2017"/>
		<rel id="sPointingRel555" xlink:href="scriptorium.cross.michbr295-297.mark.xml#sSpan15" target="scriptorium.cross.michbr295-297.mark.xml#sSpan17"/>
		<rel id="sPointingRel557" xlink:href="scriptorium.cross.michbr295-297.mark.xml#sSpan2090" target="scriptorium.cross.michbr295-297.mark.xml#sSpan2092"/>
		<rel id="sPointingRel559" xlink:href="scriptorium.cross.michbr295-297.mark.xml#sSpan1067" target="scriptorium.cross.michbr295-297.mark.xml#sSpan1061"/>
		<rel id="sPointingRel561" xlink:href="scriptorium.cross.michbr295-297.mark.xml#sSpan774" target="scriptorium.cross.michbr295-297.mark.xml#sSpan776"/>
		<rel id="sPointingRel563" xlink:href="scriptorium.cross.michbr295-297.mark.xml#sSpan2090" target="scriptorium.cross.michbr295-297.mark.xml#sSpan2105"/>
		<rel id="sPointingRel565" xlink:href="scriptorium.cross.michbr295-297.mark.xml#sSpan172" target="scriptorium.cross.michbr295-297.mark.xml#sSpan165"/>
		<rel id="sPointingRel567" xlink:href="scriptorium.cross.michbr295-297.mark.xml#sSpan163" target="scriptorium.cross.michbr295-297.mark.xml#sSpan159"/>
		<rel id="sPointingRel569" xlink:href="scriptorium.cross.michbr295-297.mark.xml#sSpan2440" target="scriptorium.cross.michbr295-297.mark.xml#sSpan2431"/>
		<rel id="sPointingRel571" xlink:href="scriptorium.cross.michbr295-297.mark.xml#sSpan1174" target="scriptorium.cross.michbr295-297.mark.xml#sSpan1165"/>
		<rel id="sPointingRel573" xlink:href="scriptorium.cross.michbr295-297.mark.xml#sSpan274" target="scriptorium.cross.michbr295-297.mark.xml#sSpan279"/>
		<rel id="sPointingRel575" xlink:href="scriptorium.cross.michbr295-297.mark.xml#sSpan1549" target="scriptorium.cross.michbr295-297.mark.xml#sSpan1566"/>
		<rel id="sPointingRel577" xlink:href="scriptorium.cross.michbr295-297.mark.xml#sSpan688" target="scriptorium.cross.michbr295-297.mark.xml#sSpan693"/>
		<rel id="sPointingRel579" xlink:href="scriptorium.cross.michbr295-297.mark.xml#sSpan747" target="scriptorium.cross.michbr295-297.mark.xml#sSpan744"/>
		<rel id="sPointingRel581" xlink:href="scriptorium.cross.michbr295-297.mark.xml#sSpan1601" target="scriptorium.cross.michbr295-297.mark.xml#sSpan1595"/>
		<rel id="sPointingRel583" xlink:href="scriptorium.cross.michbr295-297.mark.xml#sSpan2070" target="scriptorium.cross.michbr295-297.mark.xml#sSpan2059"/>
		<rel id="sPointingRel585" xlink:href="scriptorium.cross.michbr295-297.mark.xml#sSpan2419" target="scriptorium.cross.michbr295-297.mark.xml#sSpan2429"/>
		<rel id="sPointingRel587" xlink:href="scriptorium.cross.michbr295-297.mark.xml#sSpan1509" target="scriptorium.cross.michbr295-297.mark.xml#sSpan1505"/>
		<rel id="sPointingRel589" xlink:href="scriptorium.cross.michbr295-297.mark.xml#sSpan730" target="scriptorium.cross.michbr295-297.mark.xml#sSpan722"/>
		<rel id="sPointingRel591" xlink:href="scriptorium.cross.michbr295-297.mark.xml#sSpan2340" target="scriptorium.cross.michbr295-297.mark.xml#sSpan2336"/>
		<rel id="sPointingRel593" xlink:href="scriptorium.cross.michbr295-297.mark.xml#sSpan1837" target="scriptorium.cross.michbr295-297.mark.xml#sSpan1830"/>
		<rel id="sPointingRel595" xlink:href="scriptorium.cross.michbr295-297.mark.xml#sSpan2147" target="scriptorium.cross.michbr295-297.mark.xml#sSpan2157"/>
		<rel id="sPointingRel597" xlink:href="scriptorium.cross.michbr295-297.mark.xml#sSpan895" target="scriptorium.cross.michbr295-297.mark.xml#sSpan900"/>
		<rel id="sPointingRel599" xlink:href="scriptorium.cross.michbr295-297.mark.xml#sSpan1769" target="scriptorium.cross.michbr295-297.mark.xml#sSpan1765"/>
		<rel id="sPointingRel601" xlink:href="scriptorium.cross.michbr295-297.mark.xml#sSpan2258" target="scriptorium.cross.michbr295-297.mark.xml#sSpan2268"/>
		<rel id="sPointingRel603" xlink:href="scriptorium.cross.michbr295-297.mark.xml#sSpan790" target="scriptorium.cross.michbr295-297.mark.xml#sSpan783"/>
		<rel id="sPointingRel605" xlink:href="scriptorium.cross.michbr295-297.mark.xml#sSpan375" target="scriptorium.cross.michbr295-297.mark.xml#sSpan373"/>
		<rel id="sPointingRel607" xlink:href="scriptorium.cross.michbr295-297.mark.xml#sSpan1011" target="scriptorium.cross.michbr295-297.mark.xml#sSpan1007"/>
		<rel id="sPointingRel609" xlink:href="scriptorium.cross.michbr295-297.mark.xml#sSpan238" target="scriptorium.cross.michbr295-297.mark.xml#sSpan229"/>
		<rel id="sPointingRel611" xlink:href="scriptorium.cross.michbr295-297.mark.xml#sSpan1389" target="scriptorium.cross.michbr295-297.mark.xml#sSpan1405"/>
		<rel id="sPointingRel613" xlink:href="scriptorium.cross.michbr295-297.mark.xml#sSpan2015" target="scriptorium.cross.michbr295-297.mark.xml#sSpan2026"/>
		<rel id="sPointingRel615" xlink:href="scriptorium.cross.michbr295-297.mark.xml#sSpan1002" target="scriptorium.cross.michbr295-297.mark.xml#sSpan1018"/>
		<rel id="sPointingRel617" xlink:href="scriptorium.cross.michbr295-297.mark.xml#sSpan1949" target="scriptorium.cross.michbr295-297.mark.xml#sSpan1947"/>
		<rel id="sPointingRel619" xlink:href="scriptorium.cross.michbr295-297.mark.xml#sSpan2309" target="scriptorium.cross.michbr295-297.mark.xml#sSpan2306"/>
		<rel id="sPointingRel621" xlink:href="scriptorium.cross.michbr295-297.mark.xml#sSpan1037" target="scriptorium.cross.michbr295-297.mark.xml#sSpan1046"/>
		<rel id="sPointingRel623" xlink:href="scriptorium.cross.michbr295-297.mark.xml#sSpan172" target="scriptorium.cross.michbr295-297.mark.xml#sSpan170"/>
		<rel id="sPointingRel625" xlink:href="scriptorium.cross.michbr295-297.mark.xml#sSpan730" target="scriptorium.cross.michbr295-297.mark.xml#sSpan727"/>
		<rel id="sPointingRel627" xlink:href="scriptorium.cross.michbr295-297.mark.xml#sSpan359" target="scriptorium.cross.michbr295-297.mark.xml#sSpan366"/>
		<rel id="sPointingRel629" xlink:href="scriptorium.cross.michbr295-297.mark.xml#sSpan2345" target="scriptorium.cross.michbr295-297.mark.xml#sSpan2343"/>
		<rel id="sPointingRel631" xlink:href="scriptorium.cross.michbr295-297.mark.xml#sSpan1405" target="scriptorium.cross.michbr295-297.mark.xml#sSpan1423"/>
		<rel id="sPointingRel633" xlink:href="scriptorium.cross.michbr295-297.mark.xml#sSpan1159" target="scriptorium.cross.michbr295-297.mark.xml#sSpan1156"/>
		<rel id="sPointingRel635" xlink:href="scriptorium.cross.michbr295-297.mark.xml#sSpan348" target="scriptorium.cross.michbr295-297.mark.xml#sSpan350"/>
		<rel id="sPointingRel637" xlink:href="scriptorium.cross.michbr295-297.mark.xml#sSpan702" target="scriptorium.cross.michbr295-297.mark.xml#sSpan695"/>
		<rel id="sPointingRel639" xlink:href="scriptorium.cross.michbr295-297.mark.xml#sSpan885" target="scriptorium.cross.michbr295-297.mark.xml#sSpan908"/>
		<rel id="sPointingRel641" xlink:href="scriptorium.cross.michbr295-297.mark.xml#sSpan686" target="scriptorium.cross.michbr295-297.mark.xml#sSpan688"/>
		<rel id="sPointingRel643" xlink:href="scriptorium.cross.michbr295-297.mark.xml#sSpan1988" target="scriptorium.cross.michbr295-297.mark.xml#sSpan1982"/>
		<rel id="sPointingRel645" xlink:href="scriptorium.cross.michbr295-297.mark.xml#sSpan2461" target="scriptorium.cross.michbr295-297.mark.xml#sSpan2457"/>
		<rel id="sPointingRel647" xlink:href="scriptorium.cross.michbr295-297.mark.xml#sSpan1067" target="scriptorium.cross.michbr295-297.mark.xml#sSpan1078"/>
		<rel id="sPointingRel649" xlink:href="scriptorium.cross.michbr295-297.mark.xml#sSpan1402" target="scriptorium.cross.michbr295-297.mark.xml#sSpan1398"/>
		<rel id="sPointingRel651" xlink:href="scriptorium.cross.michbr295-297.mark.xml#sSpan423" target="scriptorium.cross.michbr295-297.mark.xml#sSpan434"/>
		<rel id="sPointingRel653" xlink:href="scriptorium.cross.michbr295-297.mark.xml#sSpan2461" target="scriptorium.cross.michbr295-297.mark.xml#sSpan2475"/>
		<rel id="sPointingRel655" xlink:href="scriptorium.cross.michbr295-297.mark.xml#sSpan473" target="scriptorium.cross.michbr295-297.mark.xml#sSpan463"/>
		<rel id="sPointingRel657" xlink:href="scriptorium.cross.michbr295-297.mark.xml#sSpan1679" target="scriptorium.cross.michbr295-297.mark.xml#sSpan1671"/>
		<rel id="sPointingRel659" xlink:href="scriptorium.cross.michbr295-297.mark.xml#sSpan1663" target="scriptorium.cross.michbr295-297.mark.xml#sSpan1656"/>
		<rel id="sPointingRel661" xlink:href="scriptorium.cross.michbr295-297.mark.xml#sSpan1360" target="scriptorium.cross.michbr295-297.mark.xml#sSpan1358"/>
		<rel id="sPointingRel663" xlink:href="scriptorium.cross.michbr295-297.mark.xml#sSpan434" target="scriptorium.cross.michbr295-297.mark.xml#sSpan443"/>
		<rel id="sPointingRel665" xlink:href="scriptorium.cross.michbr295-297.mark.xml#sSpan1949" target="scriptorium.cross.michbr295-297.mark.xml#sSpan1957"/>
		<rel id="sPointingRel667" xlink:href="scriptorium.cross.michbr295-297.mark.xml#sSpan2129" target="scriptorium.cross.michbr295-297.mark.xml#sSpan2119"/>
		<rel id="sPointingRel669" xlink:href="scriptorium.cross.michbr295-297.mark.xml#sSpan985" target="scriptorium.cross.michbr295-297.mark.xml#sSpan982"/>
		<rel id="sPointingRel671" xlink:href="scriptorium.cross.michbr295-297.mark.xml#sSpan730" target="scriptorium.cross.michbr295-297.mark.xml#sSpan717"/>
		<rel id="sPointingRel673" xlink:href="scriptorium.cross.michbr295-297.mark.xml#sSpan1498" target="scriptorium.cross.michbr295-297.mark.xml#sSpan1494"/>
		<rel id="sPointingRel675" xlink:href="scriptorium.cross.michbr295-297.mark.xml#sSpan1988" target="scriptorium.cross.michbr295-297.mark.xml#sSpan1980"/>
		<rel id="sPointingRel677" xlink:href="scriptorium.cross.michbr295-297.mark.xml#sSpan1046" target="scriptorium.cross.michbr295-297.mark.xml#sSpan1039"/>
		<rel id="sPointingRel679" xlink:href="scriptorium.cross.michbr295-297.mark.xml#sSpan1423" target="scriptorium.cross.michbr295-297.mark.xml#sSpan1429"/>
		<rel id="sPointingRel681" xlink:href="scriptorium.cross.michbr295-297.mark.xml#sSpan1291" target="scriptorium.cross.michbr295-297.mark.xml#sSpan1308"/>
		<rel id="sPointingRel683" xlink:href="scriptorium.cross.michbr295-297.mark.xml#sSpan2015" target="scriptorium.cross.michbr295-297.mark.xml#sSpan2011"/>
		<rel id="sPointingRel685" xlink:href="scriptorium.cross.michbr295-297.mark.xml#sSpan1193" target="scriptorium.cross.michbr295-297.mark.xml#sSpan1191"/>
		<rel id="sPointingRel687" xlink:href="scriptorium.cross.michbr295-297.mark.xml#sSpan1308" target="scriptorium.cross.michbr295-297.mark.xml#sSpan1314"/>
		<rel id="sPointingRel689" xlink:href="scriptorium.cross.michbr295-297.mark.xml#sSpan375" target="scriptorium.cross.michbr295-297.mark.xml#sSpan371"/>
		<rel id="sPointingRel691" xlink:href="scriptorium.cross.michbr295-297.mark.xml#sSpan2378" target="scriptorium.cross.michbr295-297.mark.xml#sSpan2478"/>
		<rel id="sPointingRel693" xlink:href="scriptorium.cross.michbr295-297.mark.xml#sSpan2070" target="scriptorium.cross.michbr295-297.mark.xml#sSpan2076"/>
		<rel id="sPointingRel695" xlink:href="scriptorium.cross.michbr295-297.mark.xml#sSpan972" target="scriptorium.cross.michbr295-297.mark.xml#sSpan965"/>
		<rel id="sPointingRel697" xlink:href="scriptorium.cross.michbr295-297.mark.xml#sSpan1549" target="scriptorium.cross.michbr295-297.mark.xml#sSpan1558"/>
		<rel id="sPointingRel699" xlink:href="scriptorium.cross.michbr295-297.mark.xml#sSpan1635" target="scriptorium.cross.michbr295-297.mark.xml#sSpan1633"/>
		<rel id="sPointingRel701" xlink:href="scriptorium.cross.michbr295-297.mark.xml#sSpan1193" target="scriptorium.cross.michbr295-297.mark.xml#sSpan1221"/>
		<rel id="sPointingRel703" xlink:href="scriptorium.cross.michbr295-297.mark.xml#sSpan803" target="scriptorium.cross.michbr295-297.mark.xml#sSpan836"/>
		<rel id="sPointingRel705" xlink:href="scriptorium.cross.michbr295-297.mark.xml#sSpan55" target="scriptorium.cross.michbr295-297.mark.xml#sSpan51"/>
		<rel id="sPointingRel707" xlink:href="scriptorium.cross.michbr295-297.mark.xml#sSpan529" target="scriptorium.cross.michbr295-297.mark.xml#sSpan539"/>
		<rel id="sPointingRel709" xlink:href="scriptorium.cross.michbr295-297.mark.xml#sSpan2147" target="scriptorium.cross.michbr295-297.mark.xml#sSpan2166"/>
		<rel id="sPointingRel711" xlink:href="scriptorium.cross.michbr295-297.mark.xml#sSpan328" target="scriptorium.cross.michbr295-297.mark.xml#sSpan320"/>
		<rel id="sPointingRel713" xlink:href="scriptorium.cross.michbr295-297.mark.xml#sSpan836" target="scriptorium.cross.michbr295-297.mark.xml#sSpan818"/>
		<rel id="sPointingRel715" xlink:href="scriptorium.cross.michbr295-297.mark.xml#sSpan2397" target="scriptorium.cross.michbr295-297.mark.xml#sSpan2406"/>
		<rel id="sPointingRel717" xlink:href="scriptorium.cross.michbr295-297.mark.xml#sSpan1573" target="scriptorium.cross.michbr295-297.mark.xml#sSpan1583"/>
		<rel id="sPointingRel719" xlink:href="scriptorium.cross.michbr295-297.mark.xml#sSpan863" target="scriptorium.cross.michbr295-297.mark.xml#sSpan879"/>
		<rel id="sPointingRel721" xlink:href="scriptorium.cross.michbr295-297.mark.xml#sSpan863" target="scriptorium.cross.michbr295-297.mark.xml#sSpan855"/>
		<rel id="sPointingRel723" xlink:href="scriptorium.cross.michbr295-297.mark.xml#sSpan1715" target="scriptorium.cross.michbr295-297.mark.xml#sSpan1737"/>
		<rel id="sPointingRel725" xlink:href="scriptorium.cross.michbr295-297.mark.xml#sSpan1940" target="scriptorium.cross.michbr295-297.mark.xml#sSpan1938"/>
		<rel id="sPointingRel727" xlink:href="scriptorium.cross.michbr295-297.mark.xml#sSpan87" target="scriptorium.cross.michbr295-297.mark.xml#sSpan98"/>
		<rel id="sPointingRel729" xlink:href="scriptorium.cross.michbr295-297.mark.xml#sSpan267" target="scriptorium.cross.michbr295-297.mark.xml#sSpan274"/>
		<rel id="sPointingRel731" xlink:href="scriptorium.cross.michbr295-297.mark.xml#sSpan1914" target="scriptorium.cross.michbr295-297.mark.xml#sSpan1910"/>
		<rel id="sPointingRel733" xlink:href="scriptorium.cross.michbr295-297.mark.xml#sSpan1078" target="scriptorium.cross.michbr295-297.mark.xml#sSpan1070"/>
		<rel id="sPointingRel735" xlink:href="scriptorium.cross.michbr295-297.mark.xml#sSpan1232" target="scriptorium.cross.michbr295-297.mark.xml#sSpan1229"/>
		<rel id="sPointingRel737" xlink:href="scriptorium.cross.michbr295-297.mark.xml#sSpan879" target="scriptorium.cross.michbr295-297.mark.xml#sSpan876"/>
		<rel id="sPointingRel739" xlink:href="scriptorium.cross.michbr295-297.mark.xml#sSpan1002" target="scriptorium.cross.michbr295-297.mark.xml#sSpan998"/>
		<rel id="sPointingRel741" xlink:href="scriptorium.cross.michbr295-297.mark.xml#sSpan15" target="scriptorium.cross.michbr295-297.mark.xml#sSpan1"/>
		<rel id="sPointingRel743" xlink:href="scriptorium.cross.michbr295-297.mark.xml#sSpan473" target="scriptorium.cross.michbr295-297.mark.xml#sSpan485"/>
		<rel id="sPointingRel745" xlink:href="scriptorium.cross.michbr295-297.mark.xml#sSpan117" target="scriptorium.cross.michbr295-297.mark.xml#sSpan124"/>
		<rel id="sPointingRel747" xlink:href="scriptorium.cross.michbr295-297.mark.xml#sSpan1957" target="scriptorium.cross.michbr295-297.mark.xml#sSpan1951"/>
		<rel id="sPointingRel749" xlink:href="scriptorium.cross.michbr295-297.mark.xml#sSpan928" target="scriptorium.cross.michbr295-297.mark.xml#sSpan921"/>
		<rel id="sPointingRel751" xlink:href="scriptorium.cross.michbr295-297.mark.xml#sSpan163" target="scriptorium.cross.michbr295-297.mark.xml#sSpan155"/>
		<rel id="sPointingRel753" xlink:href="scriptorium.cross.michbr295-297.mark.xml#sSpan1241" target="scriptorium.cross.michbr295-297.mark.xml#sSpan1247"/>
		<rel id="sPointingRel755" xlink:href="scriptorium.cross.michbr295-297.mark.xml#sSpan1067" target="scriptorium.cross.michbr295-297.mark.xml#sSpan1108"/>
		<rel id="sPointingRel757" xlink:href="scriptorium.cross.michbr295-297.mark.xml#sSpan833" target="scriptorium.cross.michbr295-297.mark.xml#sSpan826"/>
		<rel id="sPointingRel759" xlink:href="scriptorium.cross.michbr295-297.mark.xml#sSpan1848" target="scriptorium.cross.michbr295-297.mark.xml#sSpan1844"/>
		<rel id="sPointingRel761" xlink:href="scriptorium.cross.michbr295-297.mark.xml#sSpan1864" target="scriptorium.cross.michbr295-297.mark.xml#sSpan1860"/>
		<rel id="sPointingRel763" xlink:href="scriptorium.cross.michbr295-297.mark.xml#sSpan2397" target="scriptorium.cross.michbr295-297.mark.xml#sSpan2386"/>
		<rel id="sPointingRel765" xlink:href="scriptorium.cross.michbr295-297.mark.xml#sSpan1258" target="scriptorium.cross.michbr295-297.mark.xml#sSpan1249"/>
		<rel id="sPointingRel767" xlink:href="scriptorium.cross.michbr295-297.mark.xml#sSpan1405" target="scriptorium.cross.michbr295-297.mark.xml#sSpan1410"/>
		<rel id="sPointingRel769" xlink:href="scriptorium.cross.michbr295-297.mark.xml#sSpan1132" target="scriptorium.cross.michbr295-297.mark.xml#sSpan1153"/>
		<rel id="sPointingRel771" xlink:href="scriptorium.cross.michbr295-297.mark.xml#sSpan1488" target="scriptorium.cross.michbr295-297.mark.xml#sSpan1473"/>
		<rel id="sPointingRel773" xlink:href="scriptorium.cross.michbr295-297.mark.xml#sSpan2372" target="scriptorium.cross.michbr295-297.mark.xml#sSpan2367"/>
		<rel id="sPointingRel775" xlink:href="scriptorium.cross.michbr295-297.mark.xml#sSpan1372" target="scriptorium.cross.michbr295-297.mark.xml#sSpan1370"/>
		<rel id="sPointingRel777" xlink:href="scriptorium.cross.michbr295-297.mark.xml#sSpan1905" target="scriptorium.cross.michbr295-297.mark.xml#sSpan1920"/>
		<rel id="sPointingRel779" xlink:href="scriptorium.cross.michbr295-297.mark.xml#sSpan1002" target="scriptorium.cross.michbr295-297.mark.xml#sSpan991"/>
		<rel id="sPointingRel781" xlink:href="scriptorium.cross.michbr295-297.mark.xml#sSpan152" target="scriptorium.cross.michbr295-297.mark.xml#sSpan146"/>
		<rel id="sPointingRel783" xlink:href="scriptorium.cross.michbr295-297.mark.xml#sSpan2330" target="scriptorium.cross.michbr295-297.mark.xml#sSpan2325"/>
		<rel id="sPointingRel785" xlink:href="scriptorium.cross.michbr295-297.mark.xml#sSpan1108" target="scriptorium.cross.michbr295-297.mark.xml#sSpan1110"/>
		<rel id="sPointingRel787" xlink:href="scriptorium.cross.michbr295-297.mark.xml#sSpan2440" target="scriptorium.cross.michbr295-297.mark.xml#sSpan2442"/>
		<rel id="sPointingRel789" xlink:href="scriptorium.cross.michbr295-297.mark.xml#sSpan1609" target="scriptorium.cross.michbr295-297.mark.xml#sSpan1607"/>
		<rel id="sPointingRel791" xlink:href="scriptorium.cross.michbr295-297.mark.xml#sSpan27" target="scriptorium.cross.michbr295-297.mark.xml#sSpan71"/>
		<rel id="sPointingRel793" xlink:href="scriptorium.cross.michbr295-297.mark.xml#sSpan974" target="scriptorium.cross.michbr295-297.mark.xml#sSpan985"/>
		<rel id="sPointingRel795" xlink:href="scriptorium.cross.michbr295-297.mark.xml#sSpan1646" target="scriptorium.cross.michbr295-297.mark.xml#sSpan1663"/>
		<rel id="sPointingRel797" xlink:href="scriptorium.cross.michbr295-297.mark.xml#sSpan1635" target="scriptorium.cross.michbr295-297.mark.xml#sSpan1646"/>
		<rel id="sPointingRel799" xlink:href="scriptorium.cross.michbr295-297.mark.xml#sSpan2429" target="scriptorium.cross.michbr295-297.mark.xml#sSpan2421"/>
		<rel id="sPointingRel801" xlink:href="scriptorium.cross.michbr295-297.mark.xml#sSpan200" target="scriptorium.cross.michbr295-297.mark.xml#sSpan196"/>
		<rel id="sPointingRel803" xlink:href="scriptorium.cross.michbr295-297.mark.xml#sSpan1308" target="scriptorium.cross.michbr295-297.mark.xml#sSpan1306"/>
		<rel id="sPointingRel805" xlink:href="scriptorium.cross.michbr295-297.mark.xml#sSpan1635" target="scriptorium.cross.michbr295-297.mark.xml#sSpan1623"/>
		<rel id="sPointingRel807" xlink:href="scriptorium.cross.michbr295-297.mark.xml#sSpan803" target="scriptorium.cross.michbr295-297.mark.xml#sSpan764"/>
		<rel id="sPointingRel809" xlink:href="scriptorium.cross.michbr295-297.mark.xml#sSpan34" target="scriptorium.cross.michbr295-297.mark.xml#sSpan29"/>
		<rel id="sPointingRel811" xlink:href="scriptorium.cross.michbr295-297.mark.xml#sSpan1132" target="scriptorium.cross.michbr295-297.mark.xml#sSpan1129"/>
		<rel id="sPointingRel813" xlink:href="scriptorium.cross.michbr295-297.mark.xml#sSpan473" target="scriptorium.cross.michbr295-297.mark.xml#sSpan510"/>
		<rel id="sPointingRel815" xlink:href="scriptorium.cross.michbr295-297.mark.xml#sSpan1488" target="scriptorium.cross.michbr295-297.mark.xml#sSpan1536"/>
		<rel id="sPointingRel817" xlink:href="scriptorium.cross.michbr295-297.mark.xml#sSpan1889" target="scriptorium.cross.michbr295-297.mark.xml#sSpan1878"/>
		<rel id="sPointingRel819" xlink:href="scriptorium.cross.michbr295-297.mark.xml#sSpan414" target="scriptorium.cross.michbr295-297.mark.xml#sSpan407"/>
		<rel id="sPointingRel821" xlink:href="scriptorium.cross.michbr295-297.mark.xml#sSpan2268" target="scriptorium.cross.michbr295-297.mark.xml#sSpan2265"/>
		<rel id="sPointingRel823" xlink:href="scriptorium.cross.michbr295-297.mark.xml#sSpan404" target="scriptorium.cross.michbr295-297.mark.xml#sSpan398"/>
		<rel id="sPointingRel825" xlink:href="scriptorium.cross.michbr295-297.mark.xml#sSpan305" target="scriptorium.cross.michbr295-297.mark.xml#sSpan317"/>
		<rel id="sPointingRel827" xlink:href="scriptorium.cross.michbr295-297.mark.xml#sSpan2090" target="scriptorium.cross.michbr295-297.mark.xml#sSpan2082"/>
		<rel id="sPointingRel829" xlink:href="scriptorium.cross.michbr295-297.mark.xml#sSpan1663" target="scriptorium.cross.michbr295-297.mark.xml#sSpan1665"/>
		<rel id="sPointingRel831" xlink:href="scriptorium.cross.michbr295-297.mark.xml#sSpan366" target="scriptorium.cross.michbr295-297.mark.xml#sSpan375"/>
		<rel id="sPointingRel833" xlink:href="scriptorium.cross.michbr295-297.mark.xml#sSpan61" target="scriptorium.cross.michbr295-297.mark.xml#sSpan57"/>
		<rel id="sPointingRel835" xlink:href="scriptorium.cross.michbr295-297.mark.xml#sSpan443" target="scriptorium.cross.michbr295-297.mark.xml#sSpan441"/>
		<rel id="sPointingRel837" xlink:href="scriptorium.cross.michbr295-297.mark.xml#sSpan1501" target="scriptorium.cross.michbr295-297.mark.xml#sSpan1509"/>
		<rel id="sPointingRel839" xlink:href="scriptorium.cross.michbr295-297.mark.xml#sSpan48" target="scriptorium.cross.michbr295-297.mark.xml#sSpan45"/>
		<rel id="sPointingRel841" xlink:href="scriptorium.cross.michbr295-297.mark.xml#sSpan1689" target="scriptorium.cross.michbr295-297.mark.xml#sSpan1715"/>
		<rel id="sPointingRel843" xlink:href="scriptorium.cross.michbr295-297.mark.xml#sSpan657" target="scriptorium.cross.michbr295-297.mark.xml#sSpan651"/>
		<rel id="sPointingRel845" xlink:href="scriptorium.cross.michbr295-297.mark.xml#sSpan1905" target="scriptorium.cross.michbr295-297.mark.xml#sSpan1903"/>
		<rel id="sPointingRel847" xlink:href="scriptorium.cross.michbr295-297.mark.xml#sSpan1991" target="scriptorium.cross.michbr295-297.mark.xml#sSpan1988"/>
		<rel id="sPointingRel849" xlink:href="scriptorium.cross.michbr295-297.mark.xml#sSpan1046" target="scriptorium.cross.michbr295-297.mark.xml#sSpan1067"/>
		<rel id="sPointingRel851" xlink:href="scriptorium.cross.michbr295-297.mark.xml#sSpan1488" target="scriptorium.cross.michbr295-297.mark.xml#sSpan1486"/>
		<rel id="sPointingRel853" xlink:href="scriptorium.cross.michbr295-297.mark.xml#sSpan1501" target="scriptorium.cross.michbr295-297.mark.xml#sSpan1498"/>
		<rel id="sPointingRel855" xlink:href="scriptorium.cross.michbr295-297.mark.xml#sSpan1132" target="scriptorium.cross.michbr295-297.mark.xml#sSpan1121"/>
		<rel id="sPointingRel857" xlink:href="scriptorium.cross.michbr295-297.mark.xml#sSpan2258" target="scriptorium.cross.michbr295-297.mark.xml#sSpan2250"/>
		<rel id="sPointingRel859" xlink:href="scriptorium.cross.michbr295-297.mark.xml#sSpan61" target="scriptorium.cross.michbr295-297.mark.xml#sSpan41"/>
		<rel id="sPointingRel861" xlink:href="scriptorium.cross.michbr295-297.mark.xml#sSpan1689" target="scriptorium.cross.michbr295-297.mark.xml#sSpan1695"/>
		<rel id="sPointingRel863" xlink:href="scriptorium.cross.michbr295-297.mark.xml#sSpan529" target="scriptorium.cross.michbr295-297.mark.xml#sSpan525"/>
		<rel id="sPointingRel865" xlink:href="scriptorium.cross.michbr295-297.mark.xml#sSpan638" target="scriptorium.cross.michbr295-297.mark.xml#sSpan649"/>
		<rel id="sPointingRel867" xlink:href="scriptorium.cross.michbr295-297.mark.xml#sSpan1381" target="scriptorium.cross.michbr295-297.mark.xml#sSpan1377"/>
		<rel id="sPointingRel869" xlink:href="scriptorium.cross.michbr295-297.mark.xml#sSpan216" target="scriptorium.cross.michbr295-297.mark.xml#sSpan227"/>
		<rel id="sPointingRel871" xlink:href="scriptorium.cross.michbr295-297.mark.xml#sSpan1646" target="scriptorium.cross.michbr295-297.mark.xml#sSpan1654"/>
		<rel id="sPointingRel873" xlink:href="scriptorium.cross.michbr295-297.mark.xml#sSpan918" target="scriptorium.cross.michbr295-297.mark.xml#sSpan910"/>
		<rel id="sPointingRel875" xlink:href="scriptorium.cross.michbr295-297.mark.xml#sSpan15" target="scriptorium.cross.michbr295-297.mark.xml#sSpan27"/>
		<rel id="sPointingRel877" xlink:href="scriptorium.cross.michbr295-297.mark.xml#sSpan227" target="scriptorium.cross.michbr295-297.mark.xml#sSpan222"/>
		<rel id="sPointingRel879" xlink:href="scriptorium.cross.michbr295-297.mark.xml#sSpan943" target="scriptorium.cross.michbr295-297.mark.xml#sSpan939"/>
		<rel id="sPointingRel881" xlink:href="scriptorium.cross.michbr295-297.mark.xml#sSpan1372" target="scriptorium.cross.michbr295-297.mark.xml#sSpan1362"/>
		<rel id="sPointingRel883" xlink:href="scriptorium.cross.michbr295-297.mark.xml#sSpan2461" target="scriptorium.cross.michbr295-297.mark.xml#sSpan2448"/>
		<rel id="sPointingRel885" xlink:href="scriptorium.cross.michbr295-297.mark.xml#sSpan1046" target="scriptorium.cross.michbr295-297.mark.xml#sSpan1043"/>
		<rel id="sPointingRel887" xlink:href="scriptorium.cross.michbr295-297.mark.xml#sSpan1153" target="scriptorium.cross.michbr295-297.mark.xml#sSpan1193"/>
		<rel id="sPointingRel889" xlink:href="scriptorium.cross.michbr295-297.mark.xml#sSpan455" target="scriptorium.cross.michbr295-297.mark.xml#sSpan446"/>
		<rel id="sPointingRel891" xlink:href="scriptorium.cross.michbr295-297.mark.xml#sSpan1174" target="scriptorium.cross.michbr295-297.mark.xml#sSpan1184"/>
		<rel id="sPointingRel893" xlink:href="scriptorium.cross.michbr295-297.mark.xml#sSpan1751" target="scriptorium.cross.michbr295-297.mark.xml#sSpan1769"/>
		<rel id="sPointingRel895" xlink:href="scriptorium.cross.michbr295-297.mark.xml#sSpan1689" target="scriptorium.cross.michbr295-297.mark.xml#sSpan1707"/>
		<rel id="sPointingRel897" xlink:href="scriptorium.cross.michbr295-297.mark.xml#sSpan117" target="scriptorium.cross.michbr295-297.mark.xml#sSpan111"/>
		<rel id="sPointingRel899" xlink:href="scriptorium.cross.michbr295-297.mark.xml#sSpan2189" target="scriptorium.cross.michbr295-297.mark.xml#sSpan2177"/>
		<rel id="sPointingRel901" xlink:href="scriptorium.cross.michbr295-297.mark.xml#sSpan985" target="scriptorium.cross.michbr295-297.mark.xml#sSpan978"/>
		<rel id="sPointingRel903" xlink:href="scriptorium.cross.michbr295-297.mark.xml#sSpan124" target="scriptorium.cross.michbr295-297.mark.xml#sSpan120"/>
		<rel id="sPointingRel905" xlink:href="scriptorium.cross.michbr295-297.mark.xml#sSpan863" target="scriptorium.cross.michbr295-297.mark.xml#sSpan865"/>
		<rel id="sPointingRel907" xlink:href="scriptorium.cross.michbr295-297.mark.xml#sSpan2419" target="scriptorium.cross.michbr295-297.mark.xml#sSpan2416"/>
		<rel id="sPointingRel909" xlink:href="scriptorium.cross.michbr295-297.mark.xml#sSpan274" target="scriptorium.cross.michbr295-297.mark.xml#sSpan269"/>
		<rel id="sPointingRel911" xlink:href="scriptorium.cross.michbr295-297.mark.xml#sSpan1221" target="scriptorium.cross.michbr295-297.mark.xml#sSpan1210"/>
		<rel id="sPointingRel913" xlink:href="scriptorium.cross.michbr295-297.mark.xml#sSpan803" target="scriptorium.cross.michbr295-297.mark.xml#sSpan812"/>
		<rel id="sPointingRel915" xlink:href="scriptorium.cross.michbr295-297.mark.xml#sSpan2189" target="scriptorium.cross.michbr295-297.mark.xml#sSpan2184"/>
		<rel id="sPointingRel917" xlink:href="scriptorium.cross.michbr295-297.mark.xml#sSpan591" target="scriptorium.cross.michbr295-297.mark.xml#sSpan587"/>
		<rel id="sPointingRel919" xlink:href="scriptorium.cross.michbr295-297.mark.xml#sSpan918" target="scriptorium.cross.michbr295-297.mark.xml#sSpan928"/>
		<rel id="sPointingRel921" xlink:href="scriptorium.cross.michbr295-297.mark.xml#sSpan2129" target="scriptorium.cross.michbr295-297.mark.xml#sSpan2127"/>
		<rel id="sPointingRel923" xlink:href="scriptorium.cross.michbr295-297.mark.xml#sSpan2242" target="scriptorium.cross.michbr295-297.mark.xml#sSpan2246"/>
		<rel id="sPointingRel925" xlink:href="scriptorium.cross.michbr295-297.mark.xml#sSpan2397" target="scriptorium.cross.michbr295-297.mark.xml#sSpan2394"/>
		<rel id="sPointingRel927" xlink:href="scriptorium.cross.michbr295-297.mark.xml#sSpan2345" target="scriptorium.cross.michbr295-297.mark.xml#sSpan2350"/>
		<rel id="sPointingRel929" xlink:href="scriptorium.cross.michbr295-297.mark.xml#sSpan1547" target="scriptorium.cross.michbr295-297.mark.xml#sSpan1543"/>
		<rel id="sPointingRel931" xlink:href="scriptorium.cross.michbr295-297.mark.xml#sSpan1776" target="scriptorium.cross.michbr295-297.mark.xml#sSpan1771"/>
		<rel id="sPointingRel933" xlink:href="scriptorium.cross.michbr295-297.mark.xml#sSpan140" target="scriptorium.cross.michbr295-297.mark.xml#sSpan152"/>
		<rel id="sPointingRel935" xlink:href="scriptorium.cross.michbr295-297.mark.xml#sSpan1389" target="scriptorium.cross.michbr295-297.mark.xml#sSpan1387"/>
		<rel id="sPointingRel937" xlink:href="scriptorium.cross.michbr295-297.mark.xml#sSpan1715" target="scriptorium.cross.michbr295-297.mark.xml#sSpan1719"/>
		<rel id="sPointingRel939" xlink:href="scriptorium.cross.michbr295-297.mark.xml#sSpan774" target="scriptorium.cross.michbr295-297.mark.xml#sSpan772"/>
		<rel id="sPointingRel941" xlink:href="scriptorium.cross.michbr295-297.mark.xml#sSpan1689" target="scriptorium.cross.michbr295-297.mark.xml#sSpan1679"/>
		<rel id="sPointingRel943" xlink:href="scriptorium.cross.michbr295-297.mark.xml#sSpan2052" target="scriptorium.cross.michbr295-297.mark.xml#sSpan2047"/>
		<rel id="sPointingRel945" xlink:href="scriptorium.cross.michbr295-297.mark.xml#sSpan522" target="scriptorium.cross.michbr295-297.mark.xml#sSpan529"/>
		<rel id="sPointingRel947" xlink:href="scriptorium.cross.michbr295-297.mark.xml#sSpan638" target="scriptorium.cross.michbr295-297.mark.xml#sSpan628"/>
		<rel id="sPointingRel949" xlink:href="scriptorium.cross.michbr295-297.mark.xml#sSpan2127" target="scriptorium.cross.michbr295-297.mark.xml#sSpan2124"/>
		<rel id="sPointingRel951" xlink:href="scriptorium.cross.michbr295-297.mark.xml#sSpan1949" target="scriptorium.cross.michbr295-297.mark.xml#sSpan1942"/>
		<rel id="sPointingRel953" xlink:href="scriptorium.cross.michbr295-297.mark.xml#sSpan1423" target="scriptorium.cross.michbr295-297.mark.xml#sSpan1419"/>
		<rel id="sPointingRel955" xlink:href="scriptorium.cross.michbr295-297.mark.xml#sSpan2070" target="scriptorium.cross.michbr295-297.mark.xml#sSpan2063"/>
		<rel id="sPointingRel957" xlink:href="scriptorium.cross.michbr295-297.mark.xml#sSpan686" target="scriptorium.cross.michbr295-297.mark.xml#sSpan680"/>
		<rel id="sPointingRel959" xlink:href="scriptorium.cross.michbr295-297.mark.xml#sSpan2309" target="scriptorium.cross.michbr295-297.mark.xml#sSpan2302"/>
		<rel id="sPointingRel961" xlink:href="scriptorium.cross.michbr295-297.mark.xml#sSpan1389" target="scriptorium.cross.michbr295-297.mark.xml#sSpan1383"/>
		<rel id="sPointingRel963" xlink:href="scriptorium.cross.michbr295-297.mark.xml#sSpan2039" target="scriptorium.cross.michbr295-297.mark.xml#sSpan2032"/>
		<rel id="sPointingRel965" xlink:href="scriptorium.cross.michbr295-297.mark.xml#sSpan1609" target="scriptorium.cross.michbr295-297.mark.xml#sSpan1635"/>
		<rel id="sPointingRel967" xlink:href="scriptorium.cross.michbr295-297.mark.xml#sSpan930" target="scriptorium.cross.michbr295-297.mark.xml#sSpan934"/>
		<rel id="sPointingRel969" xlink:href="scriptorium.cross.michbr295-297.mark.xml#sSpan1536" target="scriptorium.cross.michbr295-297.mark.xml#sSpan1549"/>
		<rel id="sPointingRel971" xlink:href="scriptorium.cross.michbr295-297.mark.xml#sSpan1536" target="scriptorium.cross.michbr295-297.mark.xml#sSpan1516"/>
		<rel id="sPointingRel973" xlink:href="scriptorium.cross.michbr295-297.mark.xml#sSpan715" target="scriptorium.cross.michbr295-297.mark.xml#sSpan713"/>
		<rel id="sPointingRel975" xlink:href="scriptorium.cross.michbr295-297.mark.xml#sSpan109" target="scriptorium.cross.michbr295-297.mark.xml#sSpan105"/>
		<rel id="sPointingRel977" xlink:href="scriptorium.cross.michbr295-297.mark.xml#sSpan539" target="scriptorium.cross.michbr295-297.mark.xml#sSpan537"/>
		<rel id="sPointingRel979" xlink:href="scriptorium.cross.michbr295-297.mark.xml#sSpan1858" target="scriptorium.cross.michbr295-297.mark.xml#sSpan1850"/>
		<rel id="sPointingRel981" xlink:href="scriptorium.cross.michbr295-297.mark.xml#sSpan2221" target="scriptorium.cross.michbr295-297.mark.xml#sSpan2214"/>
		<rel id="sPointingRel983" xlink:href="scriptorium.cross.michbr295-297.mark.xml#sSpan186" target="scriptorium.cross.michbr295-297.mark.xml#sSpan200"/>
		<rel id="sPointingRel985" xlink:href="scriptorium.cross.michbr295-297.mark.xml#sSpan27" target="scriptorium.cross.michbr295-297.mark.xml#sSpan34"/>
		<rel id="sPointingRel987" xlink:href="scriptorium.cross.michbr295-297.mark.xml#sSpan885" target="scriptorium.cross.michbr295-297.mark.xml#sSpan918"/>
		<rel id="sPointingRel989" xlink:href="scriptorium.cross.michbr295-297.mark.xml#sSpan615" target="scriptorium.cross.michbr295-297.mark.xml#sSpan610"/>
		<rel id="sPointingRel991" xlink:href="scriptorium.cross.michbr295-297.mark.xml#sSpan1889" target="scriptorium.cross.michbr295-297.mark.xml#sSpan1886"/>
		<rel id="sPointingRel993" xlink:href="scriptorium.cross.michbr295-297.mark.xml#sSpan2378" target="scriptorium.cross.michbr295-297.mark.xml#sSpan2397"/>
		<rel id="sPointingRel995" xlink:href="scriptorium.cross.michbr295-297.mark.xml#sSpan2323" target="scriptorium.cross.michbr295-297.mark.xml#sSpan2330"/>
		<rel id="sPointingRel997" xlink:href="scriptorium.cross.michbr295-297.mark.xml#sSpan375" target="scriptorium.cross.michbr295-297.mark.xml#sSpan369"/>
		<rel id="sPointingRel999" xlink:href="scriptorium.cross.michbr295-297.mark.xml#sSpan840" target="scriptorium.cross.michbr295-297.mark.xml#sSpan844"/>
		<rel id="sPointingRel1001" xlink:href="scriptorium.cross.michbr295-297.mark.xml#sSpan1389" target="scriptorium.cross.michbr295-297.mark.xml#sSpan1453"/>
		<rel id="sPointingRel1003" xlink:href="scriptorium.cross.michbr295-297.mark.xml#sSpan2440" target="scriptorium.cross.michbr295-297.mark.xml#sSpan2461"/>
		<rel id="sPointingRel1005" xlink:href="scriptorium.cross.michbr295-297.mark.xml#sSpan1798" target="scriptorium.cross.michbr295-297.mark.xml#sSpan1837"/>
		<rel id="sPointingRel1007" xlink:href="scriptorium.cross.michbr295-297.mark.xml#sSpan1927" target="scriptorium.cross.michbr295-297.mark.xml#sSpan1949"/>
		<rel id="sPointingRel1009" xlink:href="scriptorium.cross.michbr295-297.mark.xml#sSpan87" target="scriptorium.cross.michbr295-297.mark.xml#sSpan89"/>
		<rel id="sPointingRel1011" xlink:href="scriptorium.cross.michbr295-297.mark.xml#sSpan1280" target="scriptorium.cross.michbr295-297.mark.xml#sSpan1278"/>
		<rel id="sPointingRel1013" xlink:href="scriptorium.cross.michbr295-297.mark.xml#sSpan1488" target="scriptorium.cross.michbr295-297.mark.xml#sSpan1501"/>
		<rel id="sPointingRel1015" xlink:href="scriptorium.cross.michbr295-297.mark.xml#sSpan109" target="scriptorium.cross.michbr295-297.mark.xml#sSpan100"/>
		<rel id="sPointingRel1017" xlink:href="scriptorium.cross.michbr295-297.mark.xml#sSpan1549" target="scriptorium.cross.michbr295-297.mark.xml#sSpan1547"/>
		<rel id="sPointingRel1019" xlink:href="scriptorium.cross.michbr295-297.mark.xml#sSpan2026" target="scriptorium.cross.michbr295-297.mark.xml#sSpan2022"/>
		<rel id="sPointingRel1021" xlink:href="scriptorium.cross.michbr295-297.mark.xml#sSpan2221" target="scriptorium.cross.michbr295-297.mark.xml#sSpan2231"/>
		<rel id="sPointingRel1023" xlink:href="scriptorium.cross.michbr295-297.mark.xml#sSpan918" target="scriptorium.cross.michbr295-297.mark.xml#sSpan914"/>
		<rel id="sPointingRel1025" xlink:href="scriptorium.cross.michbr295-297.mark.xml#sSpan256" target="scriptorium.cross.michbr295-297.mark.xml#sSpan246"/>
		<rel id="sPointingRel1027" xlink:href="scriptorium.cross.michbr295-297.mark.xml#sSpan790" target="scriptorium.cross.michbr295-297.mark.xml#sSpan797"/>
		<rel id="sPointingRel1029" xlink:href="scriptorium.cross.michbr295-297.mark.xml#sSpan1988" target="scriptorium.cross.michbr295-297.mark.xml#sSpan1984"/>
		<rel id="sPointingRel1031" xlink:href="scriptorium.cross.michbr295-297.mark.xml#sSpan539" target="scriptorium.cross.michbr295-297.mark.xml#sSpan532"/>
		<rel id="sPointingRel1033" xlink:href="scriptorium.cross.michbr295-297.mark.xml#sSpan1905" target="scriptorium.cross.michbr295-297.mark.xml#sSpan1895"/>
		<rel id="sPointingRel1035" xlink:href="scriptorium.cross.michbr295-297.mark.xml#sSpan87" target="scriptorium.cross.michbr295-297.mark.xml#sSpan77"/>
		<rel id="sPointingRel1037" xlink:href="scriptorium.cross.michbr295-297.mark.xml#sSpan2238" target="scriptorium.cross.michbr295-297.mark.xml#sSpan2258"/>
		<rel id="sPointingRel1039" xlink:href="scriptorium.cross.michbr295-297.mark.xml#sSpan1516" target="scriptorium.cross.michbr295-297.mark.xml#sSpan1527"/>
		<rel id="sPointingRel1041" xlink:href="scriptorium.cross.michbr295-297.mark.xml#sSpan1689" target="scriptorium.cross.michbr295-297.mark.xml#sSpan1682"/>
		<rel id="sPointingRel1043" xlink:href="scriptorium.cross.michbr295-297.mark.xml#sSpan1308" target="scriptorium.cross.michbr295-297.mark.xml#sSpan1301"/>
		<rel id="sPointingRel1045" xlink:href="scriptorium.cross.michbr295-297.mark.xml#sSpan392" target="scriptorium.cross.michbr295-297.mark.xml#sSpan423"/>
		<rel id="sPointingRel1047" xlink:href="scriptorium.cross.michbr295-297.mark.xml#sSpan918" target="scriptorium.cross.michbr295-297.mark.xml#sSpan916"/>
		<rel id="sPointingRel1049" xlink:href="scriptorium.cross.michbr295-297.mark.xml#sSpan747" target="scriptorium.cross.michbr295-297.mark.xml#sSpan735"/>
		<rel id="sPointingRel1051" xlink:href="scriptorium.cross.michbr295-297.mark.xml#sSpan836" target="scriptorium.cross.michbr295-297.mark.xml#sSpan814"/>
		<rel id="sPointingRel1053" xlink:href="scriptorium.cross.michbr295-297.mark.xml#sSpan510" target="scriptorium.cross.michbr295-297.mark.xml#sSpan522"/>
		<rel id="sPointingRel1055" xlink:href="scriptorium.cross.michbr295-297.mark.xml#sSpan1729" target="scriptorium.cross.michbr295-297.mark.xml#sSpan1725"/>
		<rel id="sPointingRel1057" xlink:href="scriptorium.cross.michbr295-297.mark.xml#sSpan2015" target="scriptorium.cross.michbr295-297.mark.xml#sSpan2039"/>
		<rel id="sPointingRel1059" xlink:href="scriptorium.cross.michbr295-297.mark.xml#sSpan267" target="scriptorium.cross.michbr295-297.mark.xml#sSpan262"/>
		<rel id="sPointingRel1061" xlink:href="scriptorium.cross.michbr295-297.mark.xml#sSpan434" target="scriptorium.cross.michbr295-297.mark.xml#sSpan430"/>
		<rel id="sPointingRel1063" xlink:href="scriptorium.cross.michbr295-297.mark.xml#sSpan1583" target="scriptorium.cross.michbr295-297.mark.xml#sSpan1576"/>
		<rel id="sPointingRel1065" xlink:href="scriptorium.cross.michbr295-297.mark.xml#sSpan423" target="scriptorium.cross.michbr295-297.mark.xml#sSpan420"/>
		<rel id="sPointingRel1067" xlink:href="scriptorium.cross.michbr295-297.mark.xml#sSpan392" target="scriptorium.cross.michbr295-297.mark.xml#sSpan414"/>
		<rel id="sPointingRel1069" xlink:href="scriptorium.cross.michbr295-297.mark.xml#sSpan1889" target="scriptorium.cross.michbr295-297.mark.xml#sSpan1891"/>
		<rel id="sPointingRel1071" xlink:href="scriptorium.cross.michbr295-297.mark.xml#sSpan1785" target="scriptorium.cross.michbr295-297.mark.xml#sSpan1798"/>
		<rel id="sPointingRel1073" xlink:href="scriptorium.cross.michbr295-297.mark.xml#sSpan289" target="scriptorium.cross.michbr295-297.mark.xml#sSpan285"/>
		<rel id="sPointingRel1075" xlink:href="scriptorium.cross.michbr295-297.mark.xml#sSpan2203" target="scriptorium.cross.michbr295-297.mark.xml#sSpan2201"/>
		<rel id="sPointingRel1077" xlink:href="scriptorium.cross.michbr295-297.mark.xml#sSpan305" target="scriptorium.cross.michbr295-297.mark.xml#sSpan348"/>
		<rel id="sPointingRel1079" xlink:href="scriptorium.cross.michbr295-297.mark.xml#sSpan776" target="scriptorium.cross.michbr295-297.mark.xml#sSpan781"/>
		<rel id="sPointingRel1081" xlink:href="scriptorium.cross.michbr295-297.mark.xml#sSpan443" target="scriptorium.cross.michbr295-297.mark.xml#sSpan436"/>
		<rel id="sPointingRel1083" xlink:href="scriptorium.cross.michbr295-297.mark.xml#sSpan2461" target="scriptorium.cross.michbr295-297.mark.xml#sSpan2463"/>
		<rel id="sPointingRel1085" xlink:href="scriptorium.cross.michbr295-297.mark.xml#sSpan2157" target="scriptorium.cross.michbr295-297.mark.xml#sSpan2164"/>
		<rel id="sPointingRel1087" xlink:href="scriptorium.cross.michbr295-297.mark.xml#sSpan1221" target="scriptorium.cross.michbr295-297.mark.xml#sSpan1218"/>
		<rel id="sPointingRel1089" xlink:href="scriptorium.cross.michbr295-297.mark.xml#sSpan2015" target="scriptorium.cross.michbr295-297.mark.xml#sSpan2009"/>
		<rel id="sPointingRel1091" xlink:href="scriptorium.cross.michbr295-297.mark.xml#sSpan1153" target="scriptorium.cross.michbr295-297.mark.xml#sSpan1174"/>
		<rel id="sPointingRel1093" xlink:href="scriptorium.cross.michbr295-297.mark.xml#sSpan735" target="scriptorium.cross.michbr295-297.mark.xml#sSpan740"/>
		<rel id="sPointingRel1095" xlink:href="scriptorium.cross.michbr295-297.mark.xml#sSpan366" target="scriptorium.cross.michbr295-297.mark.xml#sSpan361"/>
		<rel id="sPointingRel1097" xlink:href="scriptorium.cross.michbr295-297.mark.xml#sSpan443" target="scriptorium.cross.michbr295-297.mark.xml#sSpan455"/>
		<rel id="sPointingRel1099" xlink:href="scriptorium.cross.michbr295-297.mark.xml#sSpan918" target="scriptorium.cross.michbr295-297.mark.xml#sSpan943"/>
		<rel id="sPointingRel1101" xlink:href="scriptorium.cross.michbr295-297.mark.xml#sSpan1221" target="scriptorium.cross.michbr295-297.mark.xml#sSpan1232"/>
		<rel id="sPointingRel1103" xlink:href="scriptorium.cross.michbr295-297.mark.xml#sSpan1905" target="scriptorium.cross.michbr295-297.mark.xml#sSpan1870"/>
		<rel id="sPointingRel1105" xlink:href="scriptorium.cross.michbr295-297.mark.xml#sSpan2009" target="scriptorium.cross.michbr295-297.mark.xml#sSpan2003"/>
		<rel id="sPointingRel1107" xlink:href="scriptorium.cross.michbr295-297.mark.xml#sSpan1153" target="scriptorium.cross.michbr295-297.mark.xml#sSpan1149"/>
		<rel id="sPointingRel1109" xlink:href="scriptorium.cross.michbr295-297.mark.xml#sSpan747" target="scriptorium.cross.michbr295-297.mark.xml#sSpan758"/>
		<rel id="sPointingRel1111" xlink:href="scriptorium.cross.michbr295-297.mark.xml#sSpan2340" target="scriptorium.cross.michbr295-297.mark.xml#sSpan2359"/>
		<rel id="sPointingRel1113" xlink:href="scriptorium.cross.michbr295-297.mark.xml#sSpan663" target="scriptorium.cross.michbr295-297.mark.xml#sSpan659"/>
		<rel id="sPointingRel1115" xlink:href="scriptorium.cross.michbr295-297.mark.xml#sSpan908" target="scriptorium.cross.michbr295-297.mark.xml#sSpan895"/>
		<rel id="sPointingRel1117" xlink:href="scriptorium.cross.michbr295-297.mark.xml#sSpan2359" target="scriptorium.cross.michbr295-297.mark.xml#sSpan2363"/>
		<rel id="sPointingRel1119" xlink:href="scriptorium.cross.michbr295-297.mark.xml#sSpan663" target="scriptorium.cross.michbr295-297.mark.xml#sSpan667"/>
		<rel id="sPointingRel1121" xlink:href="scriptorium.cross.michbr295-297.mark.xml#sSpan71" target="scriptorium.cross.michbr295-297.mark.xml#sSpan61"/>
		<rel id="sPointingRel1123" xlink:href="scriptorium.cross.michbr295-297.mark.xml#sSpan2141" target="scriptorium.cross.michbr295-297.mark.xml#sSpan2133"/>
		<rel id="sPointingRel1125" xlink:href="scriptorium.cross.michbr295-297.mark.xml#sSpan1461" target="scriptorium.cross.michbr295-297.mark.xml#sSpan1455"/>
		<rel id="sPointingRel1127" xlink:href="scriptorium.cross.michbr295-297.mark.xml#sSpan1395" target="scriptorium.cross.michbr295-297.mark.xml#sSpan1391"/>
		<rel id="sPointingRel1129" xlink:href="scriptorium.cross.michbr295-297.mark.xml#sSpan1453" target="scriptorium.cross.michbr295-297.mark.xml#sSpan1447"/>
		<rel id="sPointingRel1131" xlink:href="scriptorium.cross.michbr295-297.mark.xml#sSpan279" target="scriptorium.cross.michbr295-297.mark.xml#sSpan289"/>
		<rel id="sPointingRel1133" xlink:href="scriptorium.cross.michbr295-297.mark.xml#sSpan1635" target="scriptorium.cross.michbr295-297.mark.xml#sSpan1629"/>
		<rel id="sPointingRel1135" xlink:href="scriptorium.cross.michbr295-297.mark.xml#sSpan657" target="scriptorium.cross.michbr295-297.mark.xml#sSpan663"/>
		<rel id="sPointingRel1137" xlink:href="scriptorium.cross.michbr295-297.mark.xml#sSpan1308" target="scriptorium.cross.michbr295-297.mark.xml#sSpan1324"/>
		<rel id="sPointingRel1139" xlink:href="scriptorium.cross.michbr295-297.mark.xml#sSpan172" target="scriptorium.cross.michbr295-297.mark.xml#sSpan186"/>
		<rel id="sPointingRel1141" xlink:href="scriptorium.cross.michbr295-297.mark.xml#sSpan2039" target="scriptorium.cross.michbr295-297.mark.xml#sSpan2045"/>
		<rel id="sPointingRel1143" xlink:href="scriptorium.cross.michbr295-297.mark.xml#sSpan1991" target="scriptorium.cross.michbr295-297.mark.xml#sSpan2015"/>
		<rel id="sPointingRel1145" xlink:href="scriptorium.cross.michbr295-297.mark.xml#sSpan1536" target="scriptorium.cross.michbr295-297.mark.xml#sSpan1534"/>
		<rel id="sPointingRel1147" xlink:href="scriptorium.cross.michbr295-297.mark.xml#sSpan522" target="scriptorium.cross.michbr295-297.mark.xml#sSpan516"/>
		<rel id="sPointingRel1149" xlink:href="scriptorium.cross.michbr295-297.mark.xml#sSpan1558" target="scriptorium.cross.michbr295-297.mark.xml#sSpan1554"/>
		<rel id="sPointingRel1151" xlink:href="scriptorium.cross.michbr295-297.mark.xml#sSpan1132" target="scriptorium.cross.michbr295-297.mark.xml#sSpan1135"/>
		<rel id="sPointingRel1153" xlink:href="scriptorium.cross.michbr295-297.mark.xml#sSpan1095" target="scriptorium.cross.michbr295-297.mark.xml#sSpan1090"/>
		<rel id="sPointingRel1155" xlink:href="scriptorium.cross.michbr295-297.mark.xml#sSpan71" target="scriptorium.cross.michbr295-297.mark.xml#sSpan68"/>
		<rel id="sPointingRel1157" xlink:href="scriptorium.cross.michbr295-297.mark.xml#sSpan279" target="scriptorium.cross.michbr295-297.mark.xml#sSpan277"/>
		<rel id="sPointingRel1159" xlink:href="scriptorium.cross.michbr295-297.mark.xml#sSpan972" target="scriptorium.cross.michbr295-297.mark.xml#sSpan961"/>
		<rel id="sPointingRel1161" xlink:href="scriptorium.cross.michbr295-297.mark.xml#sSpan1957" target="scriptorium.cross.michbr295-297.mark.xml#sSpan1965"/>
		<rel id="sPointingRel1163" xlink:href="scriptorium.cross.michbr295-297.mark.xml#sSpan392" target="scriptorium.cross.michbr295-297.mark.xml#sSpan404"/>
		<rel id="sPointingRel1165" xlink:href="scriptorium.cross.michbr295-297.mark.xml#sSpan1737" target="scriptorium.cross.michbr295-297.mark.xml#sSpan1744"/>
		<rel id="sPointingRel1167" xlink:href="scriptorium.cross.michbr295-297.mark.xml#sSpan446" target="scriptorium.cross.michbr295-297.mark.xml#sSpan450"/>
		<rel id="sPointingRel1169" xlink:href="scriptorium.cross.michbr295-297.mark.xml#sSpan1221" target="scriptorium.cross.michbr295-297.mark.xml#sSpan1241"/>
		<rel id="sPointingRel1171" xlink:href="scriptorium.cross.michbr295-297.mark.xml#sSpan1751" target="scriptorium.cross.michbr295-297.mark.xml#sSpan1785"/>
		<rel id="sPointingRel1173" xlink:href="scriptorium.cross.michbr295-297.mark.xml#sSpan1858" target="scriptorium.cross.michbr295-297.mark.xml#sSpan1864"/>
		<rel id="sPointingRel1175" xlink:href="scriptorium.cross.michbr295-297.mark.xml#sSpan1389" target="scriptorium.cross.michbr295-297.mark.xml#sSpan1395"/>
		<rel id="sPointingRel1177" xlink:href="scriptorium.cross.michbr295-297.mark.xml#sSpan496" target="scriptorium.cross.michbr295-297.mark.xml#sSpan488"/>
		<rel id="sPointingRel1179" xlink:href="scriptorium.cross.michbr295-297.mark.xml#sSpan1695" target="scriptorium.cross.michbr295-297.mark.xml#sSpan1691"/>
		<rel id="sPointingRel1181" xlink:href="scriptorium.cross.michbr295-297.mark.xml#sSpan216" target="scriptorium.cross.michbr295-297.mark.xml#sSpan218"/>
		<rel id="sPointingRel1183" xlink:href="scriptorium.cross.michbr295-297.mark.xml#sSpan1360" target="scriptorium.cross.michbr295-297.mark.xml#sSpan1353"/>
		<rel id="sPointingRel1185" xlink:href="scriptorium.cross.michbr295-297.mark.xml#sSpan1241" target="scriptorium.cross.michbr295-297.mark.xml#sSpan1239"/>
		<rel id="sPointingRel1187" xlink:href="scriptorium.cross.michbr295-297.mark.xml#sSpan1805" target="scriptorium.cross.michbr295-297.mark.xml#sSpan1801"/>
		<rel id="sPointingRel1189" xlink:href="scriptorium.cross.michbr295-297.mark.xml#sSpan1153" target="scriptorium.cross.michbr295-297.mark.xml#sSpan1159"/>
		<rel id="sPointingRel1191" xlink:href="scriptorium.cross.michbr295-297.mark.xml#sSpan1280" target="scriptorium.cross.michbr295-297.mark.xml#sSpan1274"/>
		<rel id="sPointingRel1193" xlink:href="scriptorium.cross.michbr295-297.mark.xml#sSpan638" target="scriptorium.cross.michbr295-297.mark.xml#sSpan640"/>
		<rel id="sPointingRel1195" xlink:href="scriptorium.cross.michbr295-297.mark.xml#sSpan140" target="scriptorium.cross.michbr295-297.mark.xml#sSpan142"/></relList></paula>