<?xml version='1.0' encoding='UTF-8'?><!DOCTYPE paula SYSTEM "paula_mark.dtd">
<paula version="1.1">
	<header paula_id="40_Matthew_07.tok"/>
	<markList xmlns:xlink="http://www.w3.org/1999/xlink" type="tok" xml:base="40_Matthew_07.text.xml">
		<!--ⲙⲡⲣ-->
		<mark id="sTok1" xlink:href="#xpointer(string-range(//body,'',1,3))"/>
		<!--ⲕⲣⲓⲛⲉ-->
		<mark id="sTok2" xlink:href="#xpointer(string-range(//body,'',5,5))"/>
		<!--ϫⲉⲕⲁⲁⲥ-->
		<mark id="sTok3" xlink:href="#xpointer(string-range(//body,'',11,6))"/>
		<!--ⲛⲛⲉ-->
		<mark id="sTok4" xlink:href="#xpointer(string-range(//body,'',18,3))"/>
		<!--ⲩ-->
		<mark id="sTok5" xlink:href="#xpointer(string-range(//body,'',22,1))"/>
		<!--ⲕⲣⲓⲛⲉ-->
		<mark id="sTok6" xlink:href="#xpointer(string-range(//body,'',24,5))"/>
		<!--ⲙⲙⲱ-->
		<mark id="sTok7" xlink:href="#xpointer(string-range(//body,'',30,3))"/>
		<!--ⲧⲛ-->
		<mark id="sTok8" xlink:href="#xpointer(string-range(//body,'',34,2))"/>
		<!--.-->
		<mark id="sTok9" xlink:href="#xpointer(string-range(//body,'',37,1))"/>
		<!--ϩⲙ-->
		<mark id="sTok10" xlink:href="#xpointer(string-range(//body,'',39,2))"/>
		<!--ⲡ-->
		<mark id="sTok11" xlink:href="#xpointer(string-range(//body,'',42,1))"/>
		<!--ϩⲁⲡ-->
		<mark id="sTok12" xlink:href="#xpointer(string-range(//body,'',44,3))"/>
		<!--ⲅⲁⲣ-->
		<mark id="sTok13" xlink:href="#xpointer(string-range(//body,'',48,3))"/>
		<!--ⲉ-->
		<mark id="sTok14" xlink:href="#xpointer(string-range(//body,'',52,1))"/>
		<!--ⲧ-->
		<mark id="sTok15" xlink:href="#xpointer(string-range(//body,'',54,1))"/>
		<!--ⲉⲧ-->
		<mark id="sTok16" xlink:href="#xpointer(string-range(//body,'',56,2))"/>
		<!--ⲛⲁ-->
		<mark id="sTok17" xlink:href="#xpointer(string-range(//body,'',59,2))"/>
		<!--ϯ-->
		<mark id="sTok18" xlink:href="#xpointer(string-range(//body,'',62,1))"/>
		<!--ϩⲁⲡ-->
		<mark id="sTok19" xlink:href="#xpointer(string-range(//body,'',64,3))"/>
		<!--ⲛϩⲏⲧ-->
		<mark id="sTok20" xlink:href="#xpointer(string-range(//body,'',68,4))"/>
		<!--ϥ-->
		<mark id="sTok21" xlink:href="#xpointer(string-range(//body,'',73,1))"/>
		<!--ⲉ-->
		<mark id="sTok22" xlink:href="#xpointer(string-range(//body,'',75,1))"/>
		<!--ⲩ-->
		<mark id="sTok23" xlink:href="#xpointer(string-range(//body,'',77,1))"/>
		<!--ⲛⲁ-->
		<mark id="sTok24" xlink:href="#xpointer(string-range(//body,'',79,2))"/>
		<!--ⲕⲣⲓⲛⲉ-->
		<mark id="sTok25" xlink:href="#xpointer(string-range(//body,'',82,5))"/>
		<!--ⲙⲙⲱ-->
		<mark id="sTok26" xlink:href="#xpointer(string-range(//body,'',88,3))"/>
		<!--ⲧⲛ-->
		<mark id="sTok27" xlink:href="#xpointer(string-range(//body,'',92,2))"/>
		<!--ⲛϩⲏⲧ-->
		<mark id="sTok28" xlink:href="#xpointer(string-range(//body,'',95,4))"/>
		<!--ϥ-->
		<mark id="sTok29" xlink:href="#xpointer(string-range(//body,'',100,1))"/>
		<!--.-->
		<mark id="sTok30" xlink:href="#xpointer(string-range(//body,'',102,1))"/>
		<!--ⲁⲩⲱ-->
		<mark id="sTok31" xlink:href="#xpointer(string-range(//body,'',104,3))"/>
		<!--ϩⲙ-->
		<mark id="sTok32" xlink:href="#xpointer(string-range(//body,'',108,2))"/>
		<!--ⲡ-->
		<mark id="sTok33" xlink:href="#xpointer(string-range(//body,'',111,1))"/>
		<!--ϣⲓ-->
		<mark id="sTok34" xlink:href="#xpointer(string-range(//body,'',113,2))"/>
		<!--ⲉ-->
		<mark id="sTok35" xlink:href="#xpointer(string-range(//body,'',116,1))"/>
		<!--ⲧⲉⲧ-->
		<mark id="sTok36" xlink:href="#xpointer(string-range(//body,'',118,3))"/>
		<!--ⲛⲁ-->
		<mark id="sTok37" xlink:href="#xpointer(string-range(//body,'',122,2))"/>
		<!--ϣⲓ-->
		<mark id="sTok38" xlink:href="#xpointer(string-range(//body,'',125,2))"/>
		<!--ⲙⲙⲟ-->
		<mark id="sTok39" xlink:href="#xpointer(string-range(//body,'',128,3))"/>
		<!--ϥ-->
		<mark id="sTok40" xlink:href="#xpointer(string-range(//body,'',132,1))"/>
		<!--ⲉ-->
		<mark id="sTok41" xlink:href="#xpointer(string-range(//body,'',134,1))"/>
		<!--ⲩ-->
		<mark id="sTok42" xlink:href="#xpointer(string-range(//body,'',136,1))"/>
		<!--ⲛⲁ-->
		<mark id="sTok43" xlink:href="#xpointer(string-range(//body,'',138,2))"/>
		<!--ϣ-->
		<mark id="sTok44" xlink:href="#xpointer(string-range(//body,'',141,1))"/>
		<!--ⲓ-->
		<mark id="sTok45" xlink:href="#xpointer(string-range(//body,'',143,1))"/>
		<!--ⲛⲏ-->
		<mark id="sTok46" xlink:href="#xpointer(string-range(//body,'',145,2))"/>
		<!--ⲧⲛ-->
		<mark id="sTok47" xlink:href="#xpointer(string-range(//body,'',148,2))"/>
		<!--ⲙⲙⲟ-->
		<mark id="sTok48" xlink:href="#xpointer(string-range(//body,'',151,3))"/>
		<!--ϥ-->
		<mark id="sTok49" xlink:href="#xpointer(string-range(//body,'',155,1))"/>
		<!--.-->
		<mark id="sTok50" xlink:href="#xpointer(string-range(//body,'',157,1))"/>
		<!--ⲁϩⲣⲟ-->
		<mark id="sTok51" xlink:href="#xpointer(string-range(//body,'',159,4))"/>
		<!--ⲕ-->
		<mark id="sTok52" xlink:href="#xpointer(string-range(//body,'',164,1))"/>
		<!--ⲇⲉ-->
		<mark id="sTok53" xlink:href="#xpointer(string-range(//body,'',166,2))"/>
		<!--ⲕ-->
		<mark id="sTok54" xlink:href="#xpointer(string-range(//body,'',169,1))"/>
		<!--ϭⲱϣⲧ-->
		<mark id="sTok55" xlink:href="#xpointer(string-range(//body,'',171,4))"/>
		<!--ⲉ-->
		<mark id="sTok56" xlink:href="#xpointer(string-range(//body,'',176,1))"/>
		<!--ⲡ-->
		<mark id="sTok57" xlink:href="#xpointer(string-range(//body,'',178,1))"/>
		<!--ϫⲏ-->
		<mark id="sTok58" xlink:href="#xpointer(string-range(//body,'',180,2))"/>
		<!--ⲉⲧ-->
		<mark id="sTok59" xlink:href="#xpointer(string-range(//body,'',183,2))"/>
		<!--ϩⲙ-->
		<mark id="sTok60" xlink:href="#xpointer(string-range(//body,'',186,2))"/>
		<!--ⲡ-->
		<mark id="sTok61" xlink:href="#xpointer(string-range(//body,'',189,1))"/>
		<!--ⲃⲁⲗ-->
		<mark id="sTok62" xlink:href="#xpointer(string-range(//body,'',191,3))"/>
		<!--ⲙ-->
		<mark id="sTok63" xlink:href="#xpointer(string-range(//body,'',195,1))"/>
		<!--ⲡⲉⲕ-->
		<mark id="sTok64" xlink:href="#xpointer(string-range(//body,'',197,3))"/>
		<!--ⲥⲟⲛ-->
		<mark id="sTok65" xlink:href="#xpointer(string-range(//body,'',201,3))"/>
		<!--.-->
		<mark id="sTok66" xlink:href="#xpointer(string-range(//body,'',205,1))"/>
		<!--ⲡⲥⲟⲓ-->
		<mark id="sTok67" xlink:href="#xpointer(string-range(//body,'',207,4))"/>
		<!--ⲇⲉ-->
		<mark id="sTok68" xlink:href="#xpointer(string-range(//body,'',212,2))"/>
		<!--ⲉⲧ-->
		<mark id="sTok69" xlink:href="#xpointer(string-range(//body,'',215,2))"/>
		<!--ϩⲙ-->
		<mark id="sTok70" xlink:href="#xpointer(string-range(//body,'',218,2))"/>
		<!--ⲡⲉⲕ-->
		<mark id="sTok71" xlink:href="#xpointer(string-range(//body,'',221,3))"/>
		<!--ⲃⲁⲗ-->
		<mark id="sTok72" xlink:href="#xpointer(string-range(//body,'',225,3))"/>
		<!--ⲛ-->
		<mark id="sTok73" xlink:href="#xpointer(string-range(//body,'',229,1))"/>
		<!--ⲅ-->
		<mark id="sTok74" xlink:href="#xpointer(string-range(//body,'',231,1))"/>
		<!--ⲛⲁⲩ-->
		<mark id="sTok75" xlink:href="#xpointer(string-range(//body,'',233,3))"/>
		<!--ⲉⲣⲟ-->
		<mark id="sTok76" xlink:href="#xpointer(string-range(//body,'',237,3))"/>
		<!--ϥ-->
		<mark id="sTok77" xlink:href="#xpointer(string-range(//body,'',241,1))"/>
		<!--ⲁⲛ-->
		<mark id="sTok78" xlink:href="#xpointer(string-range(//body,'',243,2))"/>
		<!--.-->
		<mark id="sTok79" xlink:href="#xpointer(string-range(//body,'',246,1))"/>
		<!--ⲏ-->
		<mark id="sTok80" xlink:href="#xpointer(string-range(//body,'',248,1))"/>
		<!--ⲛⲁϣ-->
		<mark id="sTok81" xlink:href="#xpointer(string-range(//body,'',250,3))"/>
		<!--ⲛ-->
		<mark id="sTok82" xlink:href="#xpointer(string-range(//body,'',254,1))"/>
		<!--ϩⲉ-->
		<mark id="sTok83" xlink:href="#xpointer(string-range(//body,'',256,2))"/>
		<!--ⲕ-->
		<mark id="sTok84" xlink:href="#xpointer(string-range(//body,'',259,1))"/>
		<!--ⲛⲁ-->
		<mark id="sTok85" xlink:href="#xpointer(string-range(//body,'',261,2))"/>
		<!--ϫⲟⲟ-->
		<mark id="sTok86" xlink:href="#xpointer(string-range(//body,'',264,3))"/>
		<!--ⲥ-->
		<mark id="sTok87" xlink:href="#xpointer(string-range(//body,'',268,1))"/>
		<!--ⲙ-->
		<mark id="sTok88" xlink:href="#xpointer(string-range(//body,'',270,1))"/>
		<!--ⲡⲉⲕ-->
		<mark id="sTok89" xlink:href="#xpointer(string-range(//body,'',272,3))"/>
		<!--ⲥⲟⲛ-->
		<mark id="sTok90" xlink:href="#xpointer(string-range(//body,'',276,3))"/>
		<!--ϫⲉ-->
		<mark id="sTok91" xlink:href="#xpointer(string-range(//body,'',280,2))"/>
		<!--ⲡⲁ-->
		<mark id="sTok92" xlink:href="#xpointer(string-range(//body,'',283,2))"/>
		<!--ⲥⲟⲛ-->
		<mark id="sTok93" xlink:href="#xpointer(string-range(//body,'',286,3))"/>
		<!--.-->
		<mark id="sTok94" xlink:href="#xpointer(string-range(//body,'',290,1))"/>
		<!--ϭⲱ-->
		<mark id="sTok95" xlink:href="#xpointer(string-range(//body,'',292,2))"/>
		<!--ⲧⲁⲛⲉϫⲡ-->
		<mark id="sTok96" xlink:href="#xpointer(string-range(//body,'',295,6))"/>
		<!--ϫⲏ-->
		<mark id="sTok97" xlink:href="#xpointer(string-range(//body,'',302,2))"/>
		<!--ⲉⲃⲟⲗ-->
		<mark id="sTok98" xlink:href="#xpointer(string-range(//body,'',305,4))"/>
		<!--ϩⲙ-->
		<mark id="sTok99" xlink:href="#xpointer(string-range(//body,'',310,2))"/>
		<!--ⲡⲉⲕ-->
		<mark id="sTok100" xlink:href="#xpointer(string-range(//body,'',313,3))"/>
		<!--ⲃⲁⲗ-->
		<mark id="sTok101" xlink:href="#xpointer(string-range(//body,'',317,3))"/>
		<!--ⲁⲩⲱ-->
		<mark id="sTok102" xlink:href="#xpointer(string-range(//body,'',321,3))"/>
		<!--ⲉⲓⲥ-->
		<mark id="sTok103" xlink:href="#xpointer(string-range(//body,'',325,3))"/>
		<!--ϩⲏⲏⲧⲉ-->
		<mark id="sTok104" xlink:href="#xpointer(string-range(//body,'',329,5))"/>
		<!--ⲡⲥⲟⲓ-->
		<mark id="sTok105" xlink:href="#xpointer(string-range(//body,'',335,4))"/>
		<!--ϩⲙ-->
		<mark id="sTok106" xlink:href="#xpointer(string-range(//body,'',340,2))"/>
		<!--ⲡⲉⲕ-->
		<mark id="sTok107" xlink:href="#xpointer(string-range(//body,'',343,3))"/>
		<!--ⲃⲁⲗ-->
		<mark id="sTok108" xlink:href="#xpointer(string-range(//body,'',347,3))"/>
		<!--.-->
		<mark id="sTok109" xlink:href="#xpointer(string-range(//body,'',351,1))"/>
		<!--ⲡ-->
		<mark id="sTok110" xlink:href="#xpointer(string-range(//body,'',353,1))"/>
		<!--ϩⲩⲡⲟⲕⲣⲓⲧⲏⲥ-->
		<mark id="sTok111" xlink:href="#xpointer(string-range(//body,'',355,10))"/>
		<!--ⲛⲟⲩϫⲉ-->
		<mark id="sTok112" xlink:href="#xpointer(string-range(//body,'',366,5))"/>
		<!--ⲛ-->
		<mark id="sTok113" xlink:href="#xpointer(string-range(//body,'',372,1))"/>
		<!--ϣⲟⲣⲡ-->
		<mark id="sTok114" xlink:href="#xpointer(string-range(//body,'',374,4))"/>
		<!--ⲙ-->
		<mark id="sTok115" xlink:href="#xpointer(string-range(//body,'',379,1))"/>
		<!--ⲡⲥⲟⲓ-->
		<mark id="sTok116" xlink:href="#xpointer(string-range(//body,'',381,4))"/>
		<!--ⲉⲃⲟⲗ-->
		<mark id="sTok117" xlink:href="#xpointer(string-range(//body,'',386,4))"/>
		<!--ϩⲙ-->
		<mark id="sTok118" xlink:href="#xpointer(string-range(//body,'',391,2))"/>
		<!--ⲡⲉⲕ-->
		<mark id="sTok119" xlink:href="#xpointer(string-range(//body,'',394,3))"/>
		<!--ⲃⲁⲗ-->
		<mark id="sTok120" xlink:href="#xpointer(string-range(//body,'',398,3))"/>
		<!--ⲁⲩⲱ-->
		<mark id="sTok121" xlink:href="#xpointer(string-range(//body,'',402,3))"/>
		<!--ⲕ-->
		<mark id="sTok122" xlink:href="#xpointer(string-range(//body,'',406,1))"/>
		<!--ⲛⲁ-->
		<mark id="sTok123" xlink:href="#xpointer(string-range(//body,'',408,2))"/>
		<!--ⲛⲁⲩ-->
		<mark id="sTok124" xlink:href="#xpointer(string-range(//body,'',411,3))"/>
		<!--ⲉⲃⲟⲗ-->
		<mark id="sTok125" xlink:href="#xpointer(string-range(//body,'',415,4))"/>
		<!--ⲉ-->
		<mark id="sTok126" xlink:href="#xpointer(string-range(//body,'',420,1))"/>
		<!--ⲛⲉϫ-->
		<mark id="sTok127" xlink:href="#xpointer(string-range(//body,'',422,3))"/>
		<!--ⲡ-->
		<mark id="sTok128" xlink:href="#xpointer(string-range(//body,'',426,1))"/>
		<!--ϫⲏ-->
		<mark id="sTok129" xlink:href="#xpointer(string-range(//body,'',428,2))"/>
		<!--ⲉⲃⲟⲗ-->
		<mark id="sTok130" xlink:href="#xpointer(string-range(//body,'',431,4))"/>
		<!--ϩⲙ-->
		<mark id="sTok131" xlink:href="#xpointer(string-range(//body,'',436,2))"/>
		<!--ⲡ-->
		<mark id="sTok132" xlink:href="#xpointer(string-range(//body,'',439,1))"/>
		<!--ⲃⲁⲗ-->
		<mark id="sTok133" xlink:href="#xpointer(string-range(//body,'',441,3))"/>
		<!--ⲙ-->
		<mark id="sTok134" xlink:href="#xpointer(string-range(//body,'',445,1))"/>
		<!--ⲡⲉⲕ-->
		<mark id="sTok135" xlink:href="#xpointer(string-range(//body,'',447,3))"/>
		<!--ⲥⲟⲛ-->
		<mark id="sTok136" xlink:href="#xpointer(string-range(//body,'',451,3))"/>
		<!--.-->
		<mark id="sTok137" xlink:href="#xpointer(string-range(//body,'',455,1))"/>
		<!--ⲙⲡⲣ-->
		<mark id="sTok138" xlink:href="#xpointer(string-range(//body,'',457,3))"/>
		<!--ϯ-->
		<mark id="sTok139" xlink:href="#xpointer(string-range(//body,'',461,1))"/>
		<!--ⲛ-->
		<mark id="sTok140" xlink:href="#xpointer(string-range(//body,'',463,1))"/>
		<!--ⲛ-->
		<mark id="sTok141" xlink:href="#xpointer(string-range(//body,'',465,1))"/>
		<!--ⲉⲧ-->
		<mark id="sTok142" xlink:href="#xpointer(string-range(//body,'',467,2))"/>
		<!--ⲙ-->
		<mark id="sTok143" xlink:href="#xpointer(string-range(//body,'',470,1))"/>
		<!--ⲡ-->
		<mark id="sTok144" xlink:href="#xpointer(string-range(//body,'',472,1))"/>
		<!--ⲉⲧⲟⲩⲁⲁⲃ-->
		<mark id="sTok145" xlink:href="#xpointer(string-range(//body,'',474,7))"/>
		<!--ⲛ-->
		<mark id="sTok146" xlink:href="#xpointer(string-range(//body,'',482,1))"/>
		<!--ⲛⲉ-->
		<mark id="sTok147" xlink:href="#xpointer(string-range(//body,'',484,2))"/>
		<!--ⲩϩⲟⲟⲣ-->
		<mark id="sTok148" xlink:href="#xpointer(string-range(//body,'',487,5))"/>
		<!--ⲟⲩⲇⲉ-->
		<mark id="sTok149" xlink:href="#xpointer(string-range(//body,'',493,4))"/>
		<!--ⲙⲡⲣ-->
		<mark id="sTok150" xlink:href="#xpointer(string-range(//body,'',498,3))"/>
		<!--ⲛⲟⲩϫⲉ-->
		<mark id="sTok151" xlink:href="#xpointer(string-range(//body,'',502,5))"/>
		<!--ⲛ-->
		<mark id="sTok152" xlink:href="#xpointer(string-range(//body,'',508,1))"/>
		<!--ⲛ-->
		<mark id="sTok153" xlink:href="#xpointer(string-range(//body,'',510,1))"/>
		<!--ⲉⲧ-->
		<mark id="sTok154" xlink:href="#xpointer(string-range(//body,'',512,2))"/>
		<!--ⲛⲉⲛⲉⲙⲙⲉ-->
		<mark id="sTok155" xlink:href="#xpointer(string-range(//body,'',515,7))"/>
		<!--ϩⲁⲣⲱ-->
		<mark id="sTok156" xlink:href="#xpointer(string-range(//body,'',523,4))"/>
		<!--ⲟⲩ-->
		<mark id="sTok157" xlink:href="#xpointer(string-range(//body,'',528,2))"/>
		<!--ⲛ-->
		<mark id="sTok158" xlink:href="#xpointer(string-range(//body,'',531,1))"/>
		<!--ⲛ-->
		<mark id="sTok159" xlink:href="#xpointer(string-range(//body,'',533,1))"/>
		<!--ⲉϣⲁⲩ-->
		<mark id="sTok160" xlink:href="#xpointer(string-range(//body,'',535,4))"/>
		<!--ⲙⲏⲡⲟⲧⲉ-->
		<mark id="sTok161" xlink:href="#xpointer(string-range(//body,'',540,6))"/>
		<!--ⲛ-->
		<mark id="sTok162" xlink:href="#xpointer(string-range(//body,'',547,1))"/>
		<!--ⲥⲉ-->
		<mark id="sTok163" xlink:href="#xpointer(string-range(//body,'',549,2))"/>
		<!--ϩⲟⲙⲟⲩ-->
		<mark id="sTok164" xlink:href="#xpointer(string-range(//body,'',552,5))"/>
		<!--ⲛ-->
		<mark id="sTok165" xlink:href="#xpointer(string-range(//body,'',558,1))"/>
		<!--ⲛⲉⲩ-->
		<mark id="sTok166" xlink:href="#xpointer(string-range(//body,'',560,3))"/>
		<!--ⲟⲩⲉⲣⲏⲧⲉ-->
		<mark id="sTok167" xlink:href="#xpointer(string-range(//body,'',564,7))"/>
		<!--ⲛ-->
		<mark id="sTok168" xlink:href="#xpointer(string-range(//body,'',572,1))"/>
		<!--ⲥⲉ-->
		<mark id="sTok169" xlink:href="#xpointer(string-range(//body,'',574,2))"/>
		<!--ⲕⲟⲧ-->
		<mark id="sTok170" xlink:href="#xpointer(string-range(//body,'',577,3))"/>
		<!--ⲟⲩ-->
		<mark id="sTok171" xlink:href="#xpointer(string-range(//body,'',581,2))"/>
		<!--ⲛ-->
		<mark id="sTok172" xlink:href="#xpointer(string-range(//body,'',584,1))"/>
		<!--ⲥⲉ-->
		<mark id="sTok173" xlink:href="#xpointer(string-range(//body,'',586,2))"/>
		<!--ⲡⲉϩ-->
		<mark id="sTok174" xlink:href="#xpointer(string-range(//body,'',589,3))"/>
		<!--ⲧⲏⲩⲧⲛ-->
		<mark id="sTok175" xlink:href="#xpointer(string-range(//body,'',593,5))"/>
		<!--.-->
		<mark id="sTok176" xlink:href="#xpointer(string-range(//body,'',599,1))"/>
		<!--ⲁⲓⲧⲉⲓ-->
		<mark id="sTok177" xlink:href="#xpointer(string-range(//body,'',601,5))"/>
		<!--ⲧⲁⲣ-->
		<mark id="sTok178" xlink:href="#xpointer(string-range(//body,'',607,3))"/>
		<!--ⲟⲩ-->
		<mark id="sTok179" xlink:href="#xpointer(string-range(//body,'',611,2))"/>
		<!--ϯ-->
		<mark id="sTok180" xlink:href="#xpointer(string-range(//body,'',614,1))"/>
		<!--ⲛⲏ-->
		<mark id="sTok181" xlink:href="#xpointer(string-range(//body,'',616,2))"/>
		<!--ⲧⲛ-->
		<mark id="sTok182" xlink:href="#xpointer(string-range(//body,'',619,2))"/>
		<!--.-->
		<mark id="sTok183" xlink:href="#xpointer(string-range(//body,'',622,1))"/>
		<!--ϣⲓⲛⲉ-->
		<mark id="sTok184" xlink:href="#xpointer(string-range(//body,'',624,4))"/>
		<!--ⲧⲁⲣⲉ-->
		<mark id="sTok185" xlink:href="#xpointer(string-range(//body,'',629,4))"/>
		<!--ⲧⲉⲧⲛ-->
		<mark id="sTok186" xlink:href="#xpointer(string-range(//body,'',634,4))"/>
		<!--ϭⲓⲛⲉ-->
		<mark id="sTok187" xlink:href="#xpointer(string-range(//body,'',639,4))"/>
		<!--.-->
		<mark id="sTok188" xlink:href="#xpointer(string-range(//body,'',644,1))"/>
		<!--ⲧⲱϩⲙ-->
		<mark id="sTok189" xlink:href="#xpointer(string-range(//body,'',646,4))"/>
		<!--ⲧⲁⲣ-->
		<mark id="sTok190" xlink:href="#xpointer(string-range(//body,'',651,3))"/>
		<!--ⲟⲩ-->
		<mark id="sTok191" xlink:href="#xpointer(string-range(//body,'',655,2))"/>
		<!--ⲟⲩⲱⲛ-->
		<mark id="sTok192" xlink:href="#xpointer(string-range(//body,'',658,4))"/>
		<!--ⲛⲏ-->
		<mark id="sTok193" xlink:href="#xpointer(string-range(//body,'',663,2))"/>
		<!--ⲧⲛ-->
		<mark id="sTok194" xlink:href="#xpointer(string-range(//body,'',666,2))"/>
		<!--.-->
		<mark id="sTok195" xlink:href="#xpointer(string-range(//body,'',669,1))"/>
		<!--ⲟⲩⲟⲛ-->
		<mark id="sTok196" xlink:href="#xpointer(string-range(//body,'',671,4))"/>
		<!--ⲅⲁⲣ-->
		<mark id="sTok197" xlink:href="#xpointer(string-range(//body,'',676,3))"/>
		<!--ⲛⲓⲙ-->
		<mark id="sTok198" xlink:href="#xpointer(string-range(//body,'',680,3))"/>
		<!--ⲉ-->
		<mark id="sTok199" xlink:href="#xpointer(string-range(//body,'',684,1))"/>
		<!--ⲧ-->
		<mark id="sTok200" xlink:href="#xpointer(string-range(//body,'',686,1))"/>
		<!--ⲁⲓⲧⲉⲓ-->
		<mark id="sTok201" xlink:href="#xpointer(string-range(//body,'',688,5))"/>
		<!--ϥ-->
		<mark id="sTok202" xlink:href="#xpointer(string-range(//body,'',694,1))"/>
		<!--ⲛⲁ-->
		<mark id="sTok203" xlink:href="#xpointer(string-range(//body,'',696,2))"/>
		<!--ϫⲓ-->
		<mark id="sTok204" xlink:href="#xpointer(string-range(//body,'',699,2))"/>
		<!--.-->
		<mark id="sTok205" xlink:href="#xpointer(string-range(//body,'',702,1))"/>
		<!--ⲁⲩⲱ-->
		<mark id="sTok206" xlink:href="#xpointer(string-range(//body,'',704,3))"/>
		<!--ⲡ-->
		<mark id="sTok207" xlink:href="#xpointer(string-range(//body,'',708,1))"/>
		<!--ⲉⲧ-->
		<mark id="sTok208" xlink:href="#xpointer(string-range(//body,'',710,2))"/>
		<!--ϣⲓⲛⲉ-->
		<mark id="sTok209" xlink:href="#xpointer(string-range(//body,'',713,4))"/>
		<!--ϥ-->
		<mark id="sTok210" xlink:href="#xpointer(string-range(//body,'',718,1))"/>
		<!--ⲛⲁ-->
		<mark id="sTok211" xlink:href="#xpointer(string-range(//body,'',720,2))"/>
		<!--ϩⲉ-->
		<mark id="sTok212" xlink:href="#xpointer(string-range(//body,'',723,2))"/>
		<!--ⲉ-->
		<mark id="sTok213" xlink:href="#xpointer(string-range(//body,'',726,1))"/>
		<!--ⲟⲩⲟⲛ-->
		<mark id="sTok214" xlink:href="#xpointer(string-range(//body,'',728,4))"/>
		<!--.-->
		<mark id="sTok215" xlink:href="#xpointer(string-range(//body,'',733,1))"/>
		<!--ⲁⲩⲱ-->
		<mark id="sTok216" xlink:href="#xpointer(string-range(//body,'',735,3))"/>
		<!--ⲡ-->
		<mark id="sTok217" xlink:href="#xpointer(string-range(//body,'',739,1))"/>
		<!--ⲉⲧ-->
		<mark id="sTok218" xlink:href="#xpointer(string-range(//body,'',741,2))"/>
		<!--ⲧⲱϩⲙ-->
		<mark id="sTok219" xlink:href="#xpointer(string-range(//body,'',744,4))"/>
		<!--ⲥⲉ-->
		<mark id="sTok220" xlink:href="#xpointer(string-range(//body,'',749,2))"/>
		<!--ⲛⲁ-->
		<mark id="sTok221" xlink:href="#xpointer(string-range(//body,'',752,2))"/>
		<!--ⲟⲩⲱⲛ-->
		<mark id="sTok222" xlink:href="#xpointer(string-range(//body,'',755,4))"/>
		<!--ⲛⲁ-->
		<mark id="sTok223" xlink:href="#xpointer(string-range(//body,'',760,2))"/>
		<!--ϥ-->
		<mark id="sTok224" xlink:href="#xpointer(string-range(//body,'',763,1))"/>
		<!--.-->
		<mark id="sTok225" xlink:href="#xpointer(string-range(//body,'',765,1))"/>
		<!--ⲏ-->
		<mark id="sTok226" xlink:href="#xpointer(string-range(//body,'',767,1))"/>
		<!--ⲛⲓⲙ-->
		<mark id="sTok227" xlink:href="#xpointer(string-range(//body,'',769,3))"/>
		<!--ⲛ-->
		<mark id="sTok228" xlink:href="#xpointer(string-range(//body,'',773,1))"/>
		<!--ⲣⲱⲙⲉ-->
		<mark id="sTok229" xlink:href="#xpointer(string-range(//body,'',775,4))"/>
		<!--ⲉⲃⲟⲗ-->
		<mark id="sTok230" xlink:href="#xpointer(string-range(//body,'',780,4))"/>
		<!--ⲛϩⲏⲧ-->
		<mark id="sTok231" xlink:href="#xpointer(string-range(//body,'',785,4))"/>
		<!--ⲧⲏⲩⲧⲛ-->
		<mark id="sTok232" xlink:href="#xpointer(string-range(//body,'',790,5))"/>
		<!--.-->
		<mark id="sTok233" xlink:href="#xpointer(string-range(//body,'',796,1))"/>
		<!--ⲡ-->
		<mark id="sTok234" xlink:href="#xpointer(string-range(//body,'',798,1))"/>
		<!--ⲉⲧⲉⲣⲉ-->
		<mark id="sTok235" xlink:href="#xpointer(string-range(//body,'',800,5))"/>
		<!--ⲡⲉϥ-->
		<mark id="sTok236" xlink:href="#xpointer(string-range(//body,'',806,3))"/>
		<!--ϣⲏⲣⲉ-->
		<mark id="sTok237" xlink:href="#xpointer(string-range(//body,'',810,4))"/>
		<!--ⲛⲁ-->
		<mark id="sTok238" xlink:href="#xpointer(string-range(//body,'',815,2))"/>
		<!--ⲁⲓⲧⲉⲓ-->
		<mark id="sTok239" xlink:href="#xpointer(string-range(//body,'',818,5))"/>
		<!--ⲙⲙⲟ-->
		<mark id="sTok240" xlink:href="#xpointer(string-range(//body,'',824,3))"/>
		<!--ϥ-->
		<mark id="sTok241" xlink:href="#xpointer(string-range(//body,'',828,1))"/>
		<!--ⲛ-->
		<mark id="sTok242" xlink:href="#xpointer(string-range(//body,'',830,1))"/>
		<!--ⲟⲩ-->
		<mark id="sTok243" xlink:href="#xpointer(string-range(//body,'',832,2))"/>
		<!--ⲟⲉⲓⲕ-->
		<mark id="sTok244" xlink:href="#xpointer(string-range(//body,'',835,4))"/>
		<!--.-->
		<mark id="sTok245" xlink:href="#xpointer(string-range(//body,'',840,1))"/>
		<!--ⲙⲏ-->
		<mark id="sTok246" xlink:href="#xpointer(string-range(//body,'',842,2))"/>
		<!--ϥ-->
		<mark id="sTok247" xlink:href="#xpointer(string-range(//body,'',845,1))"/>
		<!--ⲛⲁ-->
		<mark id="sTok248" xlink:href="#xpointer(string-range(//body,'',847,2))"/>
		<!--ϯ-->
		<mark id="sTok249" xlink:href="#xpointer(string-range(//body,'',850,1))"/>
		<!--ⲛⲁ-->
		<mark id="sTok250" xlink:href="#xpointer(string-range(//body,'',852,2))"/>
		<!--ϥ-->
		<mark id="sTok251" xlink:href="#xpointer(string-range(//body,'',855,1))"/>
		<!--ⲛ-->
		<mark id="sTok252" xlink:href="#xpointer(string-range(//body,'',857,1))"/>
		<!--ⲟⲩ-->
		<mark id="sTok253" xlink:href="#xpointer(string-range(//body,'',859,2))"/>
		<!--ⲱⲛⲉ-->
		<mark id="sTok254" xlink:href="#xpointer(string-range(//body,'',862,3))"/>
		<!--.-->
		<mark id="sTok255" xlink:href="#xpointer(string-range(//body,'',866,1))"/>
		<!--ⲏ-->
		<mark id="sTok256" xlink:href="#xpointer(string-range(//body,'',868,1))"/>
		<!--ⲛ-->
		<mark id="sTok257" xlink:href="#xpointer(string-range(//body,'',870,1))"/>
		<!--ϥ-->
		<mark id="sTok258" xlink:href="#xpointer(string-range(//body,'',872,1))"/>
		<!--ⲁⲓⲧⲉⲓ-->
		<mark id="sTok259" xlink:href="#xpointer(string-range(//body,'',874,5))"/>
		<!--ⲙⲙⲟ-->
		<mark id="sTok260" xlink:href="#xpointer(string-range(//body,'',880,3))"/>
		<!--ϥ-->
		<mark id="sTok261" xlink:href="#xpointer(string-range(//body,'',884,1))"/>
		<!--ⲛ-->
		<mark id="sTok262" xlink:href="#xpointer(string-range(//body,'',886,1))"/>
		<!--ⲟⲩ-->
		<mark id="sTok263" xlink:href="#xpointer(string-range(//body,'',888,2))"/>
		<!--ⲧⲏⲃⲧ-->
		<mark id="sTok264" xlink:href="#xpointer(string-range(//body,'',891,4))"/>
		<!--.-->
		<mark id="sTok265" xlink:href="#xpointer(string-range(//body,'',896,1))"/>
		<!--ⲙⲏ-->
		<mark id="sTok266" xlink:href="#xpointer(string-range(//body,'',898,2))"/>
		<!--ϥ-->
		<mark id="sTok267" xlink:href="#xpointer(string-range(//body,'',901,1))"/>
		<!--ⲛⲁ-->
		<mark id="sTok268" xlink:href="#xpointer(string-range(//body,'',903,2))"/>
		<!--ϯ-->
		<mark id="sTok269" xlink:href="#xpointer(string-range(//body,'',906,1))"/>
		<!--ⲛⲁ-->
		<mark id="sTok270" xlink:href="#xpointer(string-range(//body,'',908,2))"/>
		<!--ϥ-->
		<mark id="sTok271" xlink:href="#xpointer(string-range(//body,'',911,1))"/>
		<!--ⲛ-->
		<mark id="sTok272" xlink:href="#xpointer(string-range(//body,'',913,1))"/>
		<!--ⲟⲩ-->
		<mark id="sTok273" xlink:href="#xpointer(string-range(//body,'',915,2))"/>
		<!--ϩⲟϥ-->
		<mark id="sTok274" xlink:href="#xpointer(string-range(//body,'',918,3))"/>
		<!--.-->
		<mark id="sTok275" xlink:href="#xpointer(string-range(//body,'',922,1))"/>
		<!--ⲉϣϫⲉ-->
		<mark id="sTok276" xlink:href="#xpointer(string-range(//body,'',924,4))"/>
		<!--ⲛⲧⲱⲧⲛ-->
		<mark id="sTok277" xlink:href="#xpointer(string-range(//body,'',929,5))"/>
		<!--ϭⲉ-->
		<mark id="sTok278" xlink:href="#xpointer(string-range(//body,'',935,2))"/>
		<!--ⲛ-->
		<mark id="sTok279" xlink:href="#xpointer(string-range(//body,'',938,1))"/>
		<!--ⲧⲉⲧⲛ-->
		<mark id="sTok280" xlink:href="#xpointer(string-range(//body,'',940,4))"/>
		<!--ϩⲉ-->
		<mark id="sTok281" xlink:href="#xpointer(string-range(//body,'',945,2))"/>
		<!--ⲛ-->
		<mark id="sTok282" xlink:href="#xpointer(string-range(//body,'',948,1))"/>
		<!--ⲡⲟⲛⲏⲣⲟⲥ-->
		<mark id="sTok283" xlink:href="#xpointer(string-range(//body,'',950,7))"/>
		<!--ⲧⲉⲧⲛ-->
		<mark id="sTok284" xlink:href="#xpointer(string-range(//body,'',958,4))"/>
		<!--ⲥⲟⲟⲩⲛ-->
		<mark id="sTok285" xlink:href="#xpointer(string-range(//body,'',963,5))"/>
		<!--ⲉ-->
		<mark id="sTok286" xlink:href="#xpointer(string-range(//body,'',969,1))"/>
		<!--ϯ-->
		<mark id="sTok287" xlink:href="#xpointer(string-range(//body,'',971,1))"/>
		<!--ⲛ-->
		<mark id="sTok288" xlink:href="#xpointer(string-range(//body,'',973,1))"/>
		<!--ϩⲉⲛ-->
		<mark id="sTok289" xlink:href="#xpointer(string-range(//body,'',975,3))"/>
		<!--ϯ-->
		<mark id="sTok290" xlink:href="#xpointer(string-range(//body,'',979,1))"/>
		<!--ⲉ-->
		<mark id="sTok291" xlink:href="#xpointer(string-range(//body,'',981,1))"/>
		<!--ⲛⲁⲛⲟⲩ-->
		<mark id="sTok292" xlink:href="#xpointer(string-range(//body,'',983,5))"/>
		<!--ⲟⲩ-->
		<mark id="sTok293" xlink:href="#xpointer(string-range(//body,'',989,2))"/>
		<!--ⲛ-->
		<mark id="sTok294" xlink:href="#xpointer(string-range(//body,'',992,1))"/>
		<!--ⲛⲉⲧⲛ-->
		<mark id="sTok295" xlink:href="#xpointer(string-range(//body,'',994,4))"/>
		<!--ϣⲏⲣⲉ-->
		<mark id="sTok296" xlink:href="#xpointer(string-range(//body,'',999,4))"/>
		<!--.-->
		<mark id="sTok297" xlink:href="#xpointer(string-range(//body,'',1004,1))"/>
		<!--ⲡ-->
		<mark id="sTok298" xlink:href="#xpointer(string-range(//body,'',1006,1))"/>
		<!--ⲟⲥⲟ-->
		<mark id="sTok299" xlink:href="#xpointer(string-range(//body,'',1008,3))"/>
		<!--ⲙⲁⲗⲗⲟⲛ-->
		<mark id="sTok300" xlink:href="#xpointer(string-range(//body,'',1012,6))"/>
		<!--ⲡⲉⲧⲛ-->
		<mark id="sTok301" xlink:href="#xpointer(string-range(//body,'',1019,4))"/>
		<!--ⲉⲓⲱⲧ-->
		<mark id="sTok302" xlink:href="#xpointer(string-range(//body,'',1024,4))"/>
		<!--ⲉⲧ-->
		<mark id="sTok303" xlink:href="#xpointer(string-range(//body,'',1029,2))"/>
		<!--ϩⲛ-->
		<mark id="sTok304" xlink:href="#xpointer(string-range(//body,'',1032,2))"/>
		<!--ⲙ-->
		<mark id="sTok305" xlink:href="#xpointer(string-range(//body,'',1035,1))"/>
		<!--ⲡⲏⲩⲉ-->
		<mark id="sTok306" xlink:href="#xpointer(string-range(//body,'',1037,4))"/>
		<!--ϥ-->
		<mark id="sTok307" xlink:href="#xpointer(string-range(//body,'',1042,1))"/>
		<!--ⲛⲁ-->
		<mark id="sTok308" xlink:href="#xpointer(string-range(//body,'',1044,2))"/>
		<!--ϯ-->
		<mark id="sTok309" xlink:href="#xpointer(string-range(//body,'',1047,1))"/>
		<!--ⲛ-->
		<mark id="sTok310" xlink:href="#xpointer(string-range(//body,'',1049,1))"/>
		<!--ϩⲉⲛ-->
		<mark id="sTok311" xlink:href="#xpointer(string-range(//body,'',1051,3))"/>
		<!--ⲁⲅⲁⲑⲟⲛ-->
		<mark id="sTok312" xlink:href="#xpointer(string-range(//body,'',1055,6))"/>
		<!--ⲛ-->
		<mark id="sTok313" xlink:href="#xpointer(string-range(//body,'',1062,1))"/>
		<!--ⲛ-->
		<mark id="sTok314" xlink:href="#xpointer(string-range(//body,'',1064,1))"/>
		<!--ⲉⲧ-->
		<mark id="sTok315" xlink:href="#xpointer(string-range(//body,'',1066,2))"/>
		<!--ⲁⲓⲧⲉⲓ-->
		<mark id="sTok316" xlink:href="#xpointer(string-range(//body,'',1069,5))"/>
		<!--ⲙⲙⲟ-->
		<mark id="sTok317" xlink:href="#xpointer(string-range(//body,'',1075,3))"/>
		<!--ϥ-->
		<mark id="sTok318" xlink:href="#xpointer(string-range(//body,'',1079,1))"/>
		<!--.-->
		<mark id="sTok319" xlink:href="#xpointer(string-range(//body,'',1081,1))"/>
		<!--ϩⲱⲃ-->
		<mark id="sTok320" xlink:href="#xpointer(string-range(//body,'',1083,3))"/>
		<!--ϭⲉ-->
		<mark id="sTok321" xlink:href="#xpointer(string-range(//body,'',1087,2))"/>
		<!--ⲛⲓⲙ-->
		<mark id="sTok322" xlink:href="#xpointer(string-range(//body,'',1090,3))"/>
		<!--ⲉ-->
		<mark id="sTok323" xlink:href="#xpointer(string-range(//body,'',1094,1))"/>
		<!--ⲧⲉⲧⲛ-->
		<mark id="sTok324" xlink:href="#xpointer(string-range(//body,'',1096,4))"/>
		<!--ⲟⲩⲁϣⲟⲩ-->
		<mark id="sTok325" xlink:href="#xpointer(string-range(//body,'',1101,6))"/>
		<!--ϫⲉⲕⲁⲁⲥ-->
		<mark id="sTok326" xlink:href="#xpointer(string-range(//body,'',1108,6))"/>
		<!--ⲉⲣⲉ-->
		<mark id="sTok327" xlink:href="#xpointer(string-range(//body,'',1115,3))"/>
		<!--ⲛ-->
		<mark id="sTok328" xlink:href="#xpointer(string-range(//body,'',1119,1))"/>
		<!--ⲣⲱⲙⲉ-->
		<mark id="sTok329" xlink:href="#xpointer(string-range(//body,'',1121,4))"/>
		<!--ⲁⲁ-->
		<mark id="sTok330" xlink:href="#xpointer(string-range(//body,'',1126,2))"/>
		<!--ⲩ-->
		<mark id="sTok331" xlink:href="#xpointer(string-range(//body,'',1129,1))"/>
		<!--ⲛⲏ-->
		<mark id="sTok332" xlink:href="#xpointer(string-range(//body,'',1131,2))"/>
		<!--ⲧⲛ-->
		<mark id="sTok333" xlink:href="#xpointer(string-range(//body,'',1134,2))"/>
		<!--.-->
		<mark id="sTok334" xlink:href="#xpointer(string-range(//body,'',1137,1))"/>
		<!--ⲛⲧⲱⲧⲛ-->
		<mark id="sTok335" xlink:href="#xpointer(string-range(//body,'',1139,5))"/>
		<!--ϩⲱⲧ-->
		<mark id="sTok336" xlink:href="#xpointer(string-range(//body,'',1145,3))"/>
		<!--ⲧⲏⲩⲧⲛ-->
		<mark id="sTok337" xlink:href="#xpointer(string-range(//body,'',1149,5))"/>
		<!--ⲁⲣⲓ-->
		<mark id="sTok338" xlink:href="#xpointer(string-range(//body,'',1155,3))"/>
		<!--ⲥⲟ-->
		<mark id="sTok339" xlink:href="#xpointer(string-range(//body,'',1159,2))"/>
		<!--ⲩ-->
		<mark id="sTok340" xlink:href="#xpointer(string-range(//body,'',1162,1))"/>
		<!--ⲛⲁ-->
		<mark id="sTok341" xlink:href="#xpointer(string-range(//body,'',1164,2))"/>
		<!--ⲩ-->
		<mark id="sTok342" xlink:href="#xpointer(string-range(//body,'',1167,1))"/>
		<!--ⲛ-->
		<mark id="sTok343" xlink:href="#xpointer(string-range(//body,'',1169,1))"/>
		<!--ⲧⲉⲓ-->
		<mark id="sTok344" xlink:href="#xpointer(string-range(//body,'',1171,3))"/>
		<!--ϩⲉ-->
		<mark id="sTok345" xlink:href="#xpointer(string-range(//body,'',1175,2))"/>
		<!--.-->
		<mark id="sTok346" xlink:href="#xpointer(string-range(//body,'',1178,1))"/>
		<!--ⲡⲁⲓ-->
		<mark id="sTok347" xlink:href="#xpointer(string-range(//body,'',1180,3))"/>
		<!--ⲅⲁⲣ-->
		<mark id="sTok348" xlink:href="#xpointer(string-range(//body,'',1184,3))"/>
		<!--ⲡⲉ-->
		<mark id="sTok349" xlink:href="#xpointer(string-range(//body,'',1188,2))"/>
		<!--ⲡ-->
		<mark id="sTok350" xlink:href="#xpointer(string-range(//body,'',1191,1))"/>
		<!--ⲛⲟⲙⲟⲥ-->
		<mark id="sTok351" xlink:href="#xpointer(string-range(//body,'',1193,5))"/>
		<!--ⲁⲩⲱ-->
		<mark id="sTok352" xlink:href="#xpointer(string-range(//body,'',1199,3))"/>
		<!--ⲛⲉ-->
		<mark id="sTok353" xlink:href="#xpointer(string-range(//body,'',1203,2))"/>
		<!--ⲡⲣⲟⲫⲏⲧⲏⲥ-->
		<mark id="sTok354" xlink:href="#xpointer(string-range(//body,'',1206,8))"/>
		<!--.-->
		<mark id="sTok355" xlink:href="#xpointer(string-range(//body,'',1215,1))"/>
		<!--ⲃⲱⲕ-->
		<mark id="sTok356" xlink:href="#xpointer(string-range(//body,'',1217,3))"/>
		<!--ⲉϩⲟⲩⲛ-->
		<mark id="sTok357" xlink:href="#xpointer(string-range(//body,'',1221,5))"/>
		<!--ϩⲓⲧⲛ-->
		<mark id="sTok358" xlink:href="#xpointer(string-range(//body,'',1227,4))"/>
		<!--ⲧ-->
		<mark id="sTok359" xlink:href="#xpointer(string-range(//body,'',1232,1))"/>
		<!--ⲡⲩⲗⲏ-->
		<mark id="sTok360" xlink:href="#xpointer(string-range(//body,'',1234,4))"/>
		<!--ⲉⲧ-->
		<mark id="sTok361" xlink:href="#xpointer(string-range(//body,'',1239,2))"/>
		<!--ϭⲏⲩ-->
		<mark id="sTok362" xlink:href="#xpointer(string-range(//body,'',1242,3))"/>
		<!--.-->
		<mark id="sTok363" xlink:href="#xpointer(string-range(//body,'',1246,1))"/>
		<!--ϫⲉ-->
		<mark id="sTok364" xlink:href="#xpointer(string-range(//body,'',1248,2))"/>
		<!--ⲥ-->
		<mark id="sTok365" xlink:href="#xpointer(string-range(//body,'',1251,1))"/>
		<!--ⲟⲩⲟϣⲥ-->
		<mark id="sTok366" xlink:href="#xpointer(string-range(//body,'',1253,5))"/>
		<!--ⲛϭⲓ-->
		<mark id="sTok367" xlink:href="#xpointer(string-range(//body,'',1259,3))"/>
		<!--ⲧ-->
		<mark id="sTok368" xlink:href="#xpointer(string-range(//body,'',1263,1))"/>
		<!--ⲡⲩⲗⲏ-->
		<mark id="sTok369" xlink:href="#xpointer(string-range(//body,'',1265,4))"/>
		<!--ⲁⲩⲱ-->
		<mark id="sTok370" xlink:href="#xpointer(string-range(//body,'',1270,3))"/>
		<!--ⲥⲟⲩⲉⲥⲧⲱⲛ-->
		<mark id="sTok371" xlink:href="#xpointer(string-range(//body,'',1274,8))"/>
		<!--ⲛϭⲓ-->
		<mark id="sTok372" xlink:href="#xpointer(string-range(//body,'',1283,3))"/>
		<!--ⲧⲉ-->
		<mark id="sTok373" xlink:href="#xpointer(string-range(//body,'',1287,2))"/>
		<!--ϩⲓⲏ-->
		<mark id="sTok374" xlink:href="#xpointer(string-range(//body,'',1290,3))"/>
		<!--ⲉⲧ-->
		<mark id="sTok375" xlink:href="#xpointer(string-range(//body,'',1294,2))"/>
		<!--ϫⲓⲙⲟⲉⲓⲧ-->
		<mark id="sTok376" xlink:href="#xpointer(string-range(//body,'',1297,7))"/>
		<!--ⲉϩⲟⲩⲛ-->
		<mark id="sTok377" xlink:href="#xpointer(string-range(//body,'',1305,5))"/>
		<!--ⲉ-->
		<mark id="sTok378" xlink:href="#xpointer(string-range(//body,'',1311,1))"/>
		<!--ⲡ-->
		<mark id="sTok379" xlink:href="#xpointer(string-range(//body,'',1313,1))"/>
		<!--ⲧⲁⲕⲟ-->
		<mark id="sTok380" xlink:href="#xpointer(string-range(//body,'',1315,4))"/>
		<!--.-->
		<mark id="sTok381" xlink:href="#xpointer(string-range(//body,'',1320,1))"/>
		<!--ⲁⲩⲱ-->
		<mark id="sTok382" xlink:href="#xpointer(string-range(//body,'',1322,3))"/>
		<!--ϩⲁϩ-->
		<mark id="sTok383" xlink:href="#xpointer(string-range(//body,'',1326,3))"/>
		<!--ⲛ-->
		<mark id="sTok384" xlink:href="#xpointer(string-range(//body,'',1330,1))"/>
		<!--ⲉⲧ-->
		<mark id="sTok385" xlink:href="#xpointer(string-range(//body,'',1332,2))"/>
		<!--ⲛⲁ-->
		<mark id="sTok386" xlink:href="#xpointer(string-range(//body,'',1335,2))"/>
		<!--ⲃⲱⲕ-->
		<mark id="sTok387" xlink:href="#xpointer(string-range(//body,'',1338,3))"/>
		<!--ⲉϩⲟⲩⲛ-->
		<mark id="sTok388" xlink:href="#xpointer(string-range(//body,'',1342,5))"/>
		<!--ϩⲓⲧⲟⲟⲧ-->
		<mark id="sTok389" xlink:href="#xpointer(string-range(//body,'',1348,6))"/>
		<!--ⲥ-->
		<mark id="sTok390" xlink:href="#xpointer(string-range(//body,'',1355,1))"/>
		<!--.-->
		<mark id="sTok391" xlink:href="#xpointer(string-range(//body,'',1357,1))"/>
		<!--ϫⲉ-->
		<mark id="sTok392" xlink:href="#xpointer(string-range(//body,'',1359,2))"/>
		<!--ⲥ-->
		<mark id="sTok393" xlink:href="#xpointer(string-range(//body,'',1362,1))"/>
		<!--ϭⲏⲩ-->
		<mark id="sTok394" xlink:href="#xpointer(string-range(//body,'',1364,3))"/>
		<!--ⲇⲉ-->
		<mark id="sTok395" xlink:href="#xpointer(string-range(//body,'',1368,2))"/>
		<!--ⲛϭⲓ-->
		<mark id="sTok396" xlink:href="#xpointer(string-range(//body,'',1371,3))"/>
		<!--ⲧ-->
		<mark id="sTok397" xlink:href="#xpointer(string-range(//body,'',1375,1))"/>
		<!--ⲡⲩⲗⲏ-->
		<mark id="sTok398" xlink:href="#xpointer(string-range(//body,'',1377,4))"/>
		<!--ⲁⲩⲱ-->
		<mark id="sTok399" xlink:href="#xpointer(string-range(//body,'',1382,3))"/>
		<!--ⲥ-->
		<mark id="sTok400" xlink:href="#xpointer(string-range(//body,'',1386,1))"/>
		<!--ϩⲉϫϩⲱϫ-->
		<mark id="sTok401" xlink:href="#xpointer(string-range(//body,'',1388,6))"/>
		<!--ⲛϭⲓ-->
		<mark id="sTok402" xlink:href="#xpointer(string-range(//body,'',1395,3))"/>
		<!--ⲧⲉ-->
		<mark id="sTok403" xlink:href="#xpointer(string-range(//body,'',1399,2))"/>
		<!--ϩⲓⲏ-->
		<mark id="sTok404" xlink:href="#xpointer(string-range(//body,'',1402,3))"/>
		<!--ⲉⲧ-->
		<mark id="sTok405" xlink:href="#xpointer(string-range(//body,'',1406,2))"/>
		<!--ϫⲓⲙⲟⲉⲓⲧ-->
		<mark id="sTok406" xlink:href="#xpointer(string-range(//body,'',1409,7))"/>
		<!--ⲉϩⲟⲩⲛ-->
		<mark id="sTok407" xlink:href="#xpointer(string-range(//body,'',1417,5))"/>
		<!--ⲉ-->
		<mark id="sTok408" xlink:href="#xpointer(string-range(//body,'',1423,1))"/>
		<!--ⲡ-->
		<mark id="sTok409" xlink:href="#xpointer(string-range(//body,'',1425,1))"/>
		<!--ⲱⲛϩ-->
		<mark id="sTok410" xlink:href="#xpointer(string-range(//body,'',1427,3))"/>
		<!--.-->
		<mark id="sTok411" xlink:href="#xpointer(string-range(//body,'',1431,1))"/>
		<!--ⲁⲩⲱ-->
		<mark id="sTok412" xlink:href="#xpointer(string-range(//body,'',1433,3))"/>
		<!--ϩⲉⲛ-->
		<mark id="sTok413" xlink:href="#xpointer(string-range(//body,'',1437,3))"/>
		<!--ⲕⲟⲩⲓ-->
		<mark id="sTok414" xlink:href="#xpointer(string-range(//body,'',1441,4))"/>
		<!--ⲛ-->
		<mark id="sTok415" xlink:href="#xpointer(string-range(//body,'',1446,1))"/>
		<!--ⲉⲧ-->
		<mark id="sTok416" xlink:href="#xpointer(string-range(//body,'',1448,2))"/>
		<!--ⲛⲁ-->
		<mark id="sTok417" xlink:href="#xpointer(string-range(//body,'',1451,2))"/>
		<!--ϩⲉ-->
		<mark id="sTok418" xlink:href="#xpointer(string-range(//body,'',1454,2))"/>
		<!--ⲉⲣⲟ-->
		<mark id="sTok419" xlink:href="#xpointer(string-range(//body,'',1457,3))"/>
		<!--ⲥ-->
		<mark id="sTok420" xlink:href="#xpointer(string-range(//body,'',1461,1))"/>
		<!--.-->
		<mark id="sTok421" xlink:href="#xpointer(string-range(//body,'',1463,1))"/>
		<!--ϯ-->
		<mark id="sTok422" xlink:href="#xpointer(string-range(//body,'',1465,1))"/>
		<!--ϩⲧⲏ-->
		<mark id="sTok423" xlink:href="#xpointer(string-range(//body,'',1467,3))"/>
		<!--ⲧⲛ-->
		<mark id="sTok424" xlink:href="#xpointer(string-range(//body,'',1471,2))"/>
		<!--ⲇⲉ-->
		<mark id="sTok425" xlink:href="#xpointer(string-range(//body,'',1474,2))"/>
		<!--ⲉⲣⲱ-->
		<mark id="sTok426" xlink:href="#xpointer(string-range(//body,'',1477,3))"/>
		<!--ⲧⲛ-->
		<mark id="sTok427" xlink:href="#xpointer(string-range(//body,'',1481,2))"/>
		<!--ⲉ-->
		<mark id="sTok428" xlink:href="#xpointer(string-range(//body,'',1484,1))"/>
		<!--ⲛⲉ-->
		<mark id="sTok429" xlink:href="#xpointer(string-range(//body,'',1486,2))"/>
		<!--ⲡⲣⲟⲫⲏⲧⲏⲥ-->
		<mark id="sTok430" xlink:href="#xpointer(string-range(//body,'',1489,8))"/>
		<!--ⲛ-->
		<mark id="sTok431" xlink:href="#xpointer(string-range(//body,'',1498,1))"/>
		<!--ⲛⲟⲩϫ-->
		<mark id="sTok432" xlink:href="#xpointer(string-range(//body,'',1500,4))"/>
		<!--.-->
		<mark id="sTok433" xlink:href="#xpointer(string-range(//body,'',1505,1))"/>
		<!--ⲛⲁⲓ-->
		<mark id="sTok434" xlink:href="#xpointer(string-range(//body,'',1507,3))"/>
		<!--ⲉⲧ-->
		<mark id="sTok435" xlink:href="#xpointer(string-range(//body,'',1511,2))"/>
		<!--ⲛⲏⲩ-->
		<mark id="sTok436" xlink:href="#xpointer(string-range(//body,'',1514,3))"/>
		<!--ϣⲁⲣⲱ-->
		<mark id="sTok437" xlink:href="#xpointer(string-range(//body,'',1518,4))"/>
		<!--ⲧⲛ-->
		<mark id="sTok438" xlink:href="#xpointer(string-range(//body,'',1523,2))"/>
		<!--ϩⲛ-->
		<mark id="sTok439" xlink:href="#xpointer(string-range(//body,'',1526,2))"/>
		<!--ϩⲉⲛ-->
		<mark id="sTok440" xlink:href="#xpointer(string-range(//body,'',1529,3))"/>
		<!--ϩⲃⲥⲱ-->
		<mark id="sTok441" xlink:href="#xpointer(string-range(//body,'',1533,4))"/>
		<!--ⲛ-->
		<mark id="sTok442" xlink:href="#xpointer(string-range(//body,'',1538,1))"/>
		<!--ⲉⲥⲟⲟⲩ-->
		<mark id="sTok443" xlink:href="#xpointer(string-range(//body,'',1540,5))"/>
		<!--.-->
		<mark id="sTok444" xlink:href="#xpointer(string-range(//body,'',1546,1))"/>
		<!--ⲡⲉⲩ-->
		<mark id="sTok445" xlink:href="#xpointer(string-range(//body,'',1548,3))"/>
		<!--ϩⲟⲩⲛ-->
		<mark id="sTok446" xlink:href="#xpointer(string-range(//body,'',1552,4))"/>
		<!--ⲇⲉ-->
		<mark id="sTok447" xlink:href="#xpointer(string-range(//body,'',1557,2))"/>
		<!--ϩⲉⲛ-->
		<mark id="sTok448" xlink:href="#xpointer(string-range(//body,'',1560,3))"/>
		<!--ⲟⲩⲱⲛϣ-->
		<mark id="sTok449" xlink:href="#xpointer(string-range(//body,'',1564,5))"/>
		<!--ⲛ-->
		<mark id="sTok450" xlink:href="#xpointer(string-range(//body,'',1570,1))"/>
		<!--ⲣⲉϥ-->
		<mark id="sTok451" xlink:href="#xpointer(string-range(//body,'',1572,3))"/>
		<!--ⲧⲱⲣⲡ-->
		<mark id="sTok452" xlink:href="#xpointer(string-range(//body,'',1576,4))"/>
		<!--ⲛⲉ-->
		<mark id="sTok453" xlink:href="#xpointer(string-range(//body,'',1581,2))"/>
		<!--.-->
		<mark id="sTok454" xlink:href="#xpointer(string-range(//body,'',1584,1))"/>
		<!--ⲉⲃⲟⲗ-->
		<mark id="sTok455" xlink:href="#xpointer(string-range(//body,'',1586,4))"/>
		<!--ϩⲛ-->
		<mark id="sTok456" xlink:href="#xpointer(string-range(//body,'',1591,2))"/>
		<!--ⲛⲉⲩ-->
		<mark id="sTok457" xlink:href="#xpointer(string-range(//body,'',1594,3))"/>
		<!--ⲕⲁⲣⲡⲟⲥ-->
		<mark id="sTok458" xlink:href="#xpointer(string-range(//body,'',1598,6))"/>
		<!--ⲉ-->
		<mark id="sTok459" xlink:href="#xpointer(string-range(//body,'',1605,1))"/>
		<!--ⲧⲉⲧⲛⲁ-->
		<mark id="sTok460" xlink:href="#xpointer(string-range(//body,'',1607,5))"/>
		<!--ⲥⲟⲩⲱⲛ-->
		<mark id="sTok461" xlink:href="#xpointer(string-range(//body,'',1613,5))"/>
		<!--ⲟⲩ-->
		<mark id="sTok462" xlink:href="#xpointer(string-range(//body,'',1619,2))"/>
		<!--.-->
		<mark id="sTok463" xlink:href="#xpointer(string-range(//body,'',1622,1))"/>
		<!--ⲙⲏⲧⲓ-->
		<mark id="sTok464" xlink:href="#xpointer(string-range(//body,'',1624,4))"/>
		<!--ϣⲁ-->
		<mark id="sTok465" xlink:href="#xpointer(string-range(//body,'',1629,2))"/>
		<!--ⲩ-->
		<mark id="sTok466" xlink:href="#xpointer(string-range(//body,'',1632,1))"/>
		<!--ϫⲉⲉⲗⲉ-->
		<mark id="sTok467" xlink:href="#xpointer(string-range(//body,'',1634,5))"/>
		<!--ⲉ-->
		<mark id="sTok468" xlink:href="#xpointer(string-range(//body,'',1640,1))"/>
		<!--ⲗⲟⲟⲗⲉ-->
		<mark id="sTok469" xlink:href="#xpointer(string-range(//body,'',1642,5))"/>
		<!--ⲉⲃⲟⲗ-->
		<mark id="sTok470" xlink:href="#xpointer(string-range(//body,'',1648,4))"/>
		<!--ϩⲛ-->
		<mark id="sTok471" xlink:href="#xpointer(string-range(//body,'',1653,2))"/>
		<!--ϣⲟⲛⲧⲉ-->
		<mark id="sTok472" xlink:href="#xpointer(string-range(//body,'',1656,5))"/>
		<!--.-->
		<mark id="sTok473" xlink:href="#xpointer(string-range(//body,'',1662,1))"/>
		<!--ⲏ-->
		<mark id="sTok474" xlink:href="#xpointer(string-range(//body,'',1664,1))"/>
		<!--ϣⲁ-->
		<mark id="sTok475" xlink:href="#xpointer(string-range(//body,'',1666,2))"/>
		<!--ⲩ-->
		<mark id="sTok476" xlink:href="#xpointer(string-range(//body,'',1669,1))"/>
		<!--ⲕⲉⲧ-->
		<mark id="sTok477" xlink:href="#xpointer(string-range(//body,'',1671,3))"/>
		<!--ϥ-->
		<mark id="sTok478" xlink:href="#xpointer(string-range(//body,'',1675,1))"/>
		<!--ⲕⲛⲧⲉ-->
		<mark id="sTok479" xlink:href="#xpointer(string-range(//body,'',1677,4))"/>
		<!--ⲉⲃⲟⲗ-->
		<mark id="sTok480" xlink:href="#xpointer(string-range(//body,'',1682,4))"/>
		<!--ϩⲛ-->
		<mark id="sTok481" xlink:href="#xpointer(string-range(//body,'',1687,2))"/>
		<!--ⲁⲣⲟⲟⲩⲉ-->
		<mark id="sTok482" xlink:href="#xpointer(string-range(//body,'',1690,6))"/>
		<!--.-->
		<mark id="sTok483" xlink:href="#xpointer(string-range(//body,'',1697,1))"/>
		<!--ⲧⲁⲓ-->
		<mark id="sTok484" xlink:href="#xpointer(string-range(//body,'',1699,3))"/>
		<!--ⲧⲉ-->
		<mark id="sTok485" xlink:href="#xpointer(string-range(//body,'',1703,2))"/>
		<!--ⲧ-->
		<mark id="sTok486" xlink:href="#xpointer(string-range(//body,'',1706,1))"/>
		<!--ϩⲉ-->
		<mark id="sTok487" xlink:href="#xpointer(string-range(//body,'',1708,2))"/>
		<!--ⲛ-->
		<mark id="sTok488" xlink:href="#xpointer(string-range(//body,'',1711,1))"/>
		<!--ϣⲏⲛ-->
		<mark id="sTok489" xlink:href="#xpointer(string-range(//body,'',1713,3))"/>
		<!--ⲛⲓⲙ-->
		<mark id="sTok490" xlink:href="#xpointer(string-range(//body,'',1717,3))"/>
		<!--ⲉ-->
		<mark id="sTok491" xlink:href="#xpointer(string-range(//body,'',1721,1))"/>
		<!--ⲛⲁ-->
		<mark id="sTok492" xlink:href="#xpointer(string-range(//body,'',1723,2))"/>
		<!--ⲛⲟⲩϥ-->
		<mark id="sTok493" xlink:href="#xpointer(string-range(//body,'',1726,4))"/>
		<!--ⲛ-->
		<mark id="sTok494" xlink:href="#xpointer(string-range(//body,'',1731,1))"/>
		<!--ϣⲁ-->
		<mark id="sTok495" xlink:href="#xpointer(string-range(//body,'',1733,2))"/>
		<!--ϥ-->
		<mark id="sTok496" xlink:href="#xpointer(string-range(//body,'',1736,1))"/>
		<!--ⲧⲁⲩⲉ-->
		<mark id="sTok497" xlink:href="#xpointer(string-range(//body,'',1738,4))"/>
		<!--ⲕⲁⲣⲡⲟⲥ-->
		<mark id="sTok498" xlink:href="#xpointer(string-range(//body,'',1743,6))"/>
		<!--ⲉⲃⲟⲗ-->
		<mark id="sTok499" xlink:href="#xpointer(string-range(//body,'',1750,4))"/>
		<!--ⲉ-->
		<mark id="sTok500" xlink:href="#xpointer(string-range(//body,'',1755,1))"/>
		<!--ⲛⲁ-->
		<mark id="sTok501" xlink:href="#xpointer(string-range(//body,'',1757,2))"/>
		<!--ⲛⲟⲩϥ-->
		<mark id="sTok502" xlink:href="#xpointer(string-range(//body,'',1760,4))"/>
		<!--.-->
		<mark id="sTok503" xlink:href="#xpointer(string-range(//body,'',1765,1))"/>
		<!--ⲡ-->
		<mark id="sTok504" xlink:href="#xpointer(string-range(//body,'',1767,1))"/>
		<!--ϣⲏⲛ-->
		<mark id="sTok505" xlink:href="#xpointer(string-range(//body,'',1769,3))"/>
		<!--ⲇⲉ-->
		<mark id="sTok506" xlink:href="#xpointer(string-range(//body,'',1773,2))"/>
		<!--ⲉⲧ-->
		<mark id="sTok507" xlink:href="#xpointer(string-range(//body,'',1776,2))"/>
		<!--ϩⲟⲟⲩ-->
		<mark id="sTok508" xlink:href="#xpointer(string-range(//body,'',1779,4))"/>
		<!--ⲛ-->
		<mark id="sTok509" xlink:href="#xpointer(string-range(//body,'',1784,1))"/>
		<!--ϣⲁ-->
		<mark id="sTok510" xlink:href="#xpointer(string-range(//body,'',1786,2))"/>
		<!--ϥ-->
		<mark id="sTok511" xlink:href="#xpointer(string-range(//body,'',1789,1))"/>
		<!--ⲧⲁⲩⲉ-->
		<mark id="sTok512" xlink:href="#xpointer(string-range(//body,'',1791,4))"/>
		<!--ⲕⲁⲣⲡⲟⲥ-->
		<mark id="sTok513" xlink:href="#xpointer(string-range(//body,'',1796,6))"/>
		<!--ⲉⲃⲟⲗ-->
		<mark id="sTok514" xlink:href="#xpointer(string-range(//body,'',1803,4))"/>
		<!--ⲉ-->
		<mark id="sTok515" xlink:href="#xpointer(string-range(//body,'',1808,1))"/>
		<!--ϥ-->
		<mark id="sTok516" xlink:href="#xpointer(string-range(//body,'',1810,1))"/>
		<!--ϩⲟⲟⲩ-->
		<mark id="sTok517" xlink:href="#xpointer(string-range(//body,'',1812,4))"/>
		<!--.-->
		<mark id="sTok518" xlink:href="#xpointer(string-range(//body,'',1817,1))"/>
		<!--ⲙⲛ-->
		<mark id="sTok519" xlink:href="#xpointer(string-range(//body,'',1819,2))"/>
		<!--ϣ-->
		<mark id="sTok520" xlink:href="#xpointer(string-range(//body,'',1822,1))"/>
		<!--ϭⲟⲙ-->
		<mark id="sTok521" xlink:href="#xpointer(string-range(//body,'',1824,3))"/>
		<!--ⲛ-->
		<mark id="sTok522" xlink:href="#xpointer(string-range(//body,'',1828,1))"/>
		<!--ⲟⲩ-->
		<mark id="sTok523" xlink:href="#xpointer(string-range(//body,'',1830,2))"/>
		<!--ϣⲏⲛ-->
		<mark id="sTok524" xlink:href="#xpointer(string-range(//body,'',1833,3))"/>
		<!--ⲉ-->
		<mark id="sTok525" xlink:href="#xpointer(string-range(//body,'',1837,1))"/>
		<!--ⲛⲁ-->
		<mark id="sTok526" xlink:href="#xpointer(string-range(//body,'',1839,2))"/>
		<!--ⲛⲟⲩϥ-->
		<mark id="sTok527" xlink:href="#xpointer(string-range(//body,'',1842,4))"/>
		<!--ⲉ-->
		<mark id="sTok528" xlink:href="#xpointer(string-range(//body,'',1847,1))"/>
		<!--ⲧⲁⲩⲉ-->
		<mark id="sTok529" xlink:href="#xpointer(string-range(//body,'',1849,4))"/>
		<!--ⲕⲁⲣⲡⲟⲥ-->
		<mark id="sTok530" xlink:href="#xpointer(string-range(//body,'',1854,6))"/>
		<!--ⲉⲃⲟⲗ-->
		<mark id="sTok531" xlink:href="#xpointer(string-range(//body,'',1861,4))"/>
		<!--ⲉ-->
		<mark id="sTok532" xlink:href="#xpointer(string-range(//body,'',1866,1))"/>
		<!--ϥ-->
		<mark id="sTok533" xlink:href="#xpointer(string-range(//body,'',1868,1))"/>
		<!--ϩⲟⲟⲩ-->
		<mark id="sTok534" xlink:href="#xpointer(string-range(//body,'',1870,4))"/>
		<!--.-->
		<mark id="sTok535" xlink:href="#xpointer(string-range(//body,'',1875,1))"/>
		<!--ⲟⲩⲇⲉ-->
		<mark id="sTok536" xlink:href="#xpointer(string-range(//body,'',1877,4))"/>
		<!--ϣⲏⲛ-->
		<mark id="sTok537" xlink:href="#xpointer(string-range(//body,'',1882,3))"/>
		<!--ⲉ-->
		<mark id="sTok538" xlink:href="#xpointer(string-range(//body,'',1886,1))"/>
		<!--ϥ-->
		<mark id="sTok539" xlink:href="#xpointer(string-range(//body,'',1888,1))"/>
		<!--ϩⲟⲟⲩ-->
		<mark id="sTok540" xlink:href="#xpointer(string-range(//body,'',1890,4))"/>
		<!--ⲉ-->
		<mark id="sTok541" xlink:href="#xpointer(string-range(//body,'',1895,1))"/>
		<!--ⲧⲁⲩⲉ-->
		<mark id="sTok542" xlink:href="#xpointer(string-range(//body,'',1897,4))"/>
		<!--ⲕⲁⲣⲡⲟⲥ-->
		<mark id="sTok543" xlink:href="#xpointer(string-range(//body,'',1902,6))"/>
		<!--ⲉⲃⲟⲗ-->
		<mark id="sTok544" xlink:href="#xpointer(string-range(//body,'',1909,4))"/>
		<!--ⲉ-->
		<mark id="sTok545" xlink:href="#xpointer(string-range(//body,'',1914,1))"/>
		<!--ⲛⲁ-->
		<mark id="sTok546" xlink:href="#xpointer(string-range(//body,'',1916,2))"/>
		<!--ⲛⲟⲩϥ-->
		<mark id="sTok547" xlink:href="#xpointer(string-range(//body,'',1919,4))"/>
		<!--.-->
		<mark id="sTok548" xlink:href="#xpointer(string-range(//body,'',1924,1))"/>
		<!--ϣⲏⲛ-->
		<mark id="sTok549" xlink:href="#xpointer(string-range(//body,'',1926,3))"/>
		<!--ϭⲉ-->
		<mark id="sTok550" xlink:href="#xpointer(string-range(//body,'',1930,2))"/>
		<!--ⲛⲓⲙ-->
		<mark id="sTok551" xlink:href="#xpointer(string-range(//body,'',1933,3))"/>
		<!--ⲉⲧⲉ-->
		<mark id="sTok552" xlink:href="#xpointer(string-range(//body,'',1937,3))"/>
		<!--ⲛ-->
		<mark id="sTok553" xlink:href="#xpointer(string-range(//body,'',1941,1))"/>
		<!--ϥ-->
		<mark id="sTok554" xlink:href="#xpointer(string-range(//body,'',1943,1))"/>
		<!--ⲛⲁ-->
		<mark id="sTok555" xlink:href="#xpointer(string-range(//body,'',1945,2))"/>
		<!--ⲧⲁⲩⲉ-->
		<mark id="sTok556" xlink:href="#xpointer(string-range(//body,'',1948,4))"/>
		<!--ⲕⲁⲣⲡⲟⲥ-->
		<mark id="sTok557" xlink:href="#xpointer(string-range(//body,'',1953,6))"/>
		<!--ⲁⲛ-->
		<mark id="sTok558" xlink:href="#xpointer(string-range(//body,'',1960,2))"/>
		<!--ⲉ-->
		<mark id="sTok559" xlink:href="#xpointer(string-range(//body,'',1963,1))"/>
		<!--ⲛⲁ-->
		<mark id="sTok560" xlink:href="#xpointer(string-range(//body,'',1965,2))"/>
		<!--ⲛⲟⲩϥ-->
		<mark id="sTok561" xlink:href="#xpointer(string-range(//body,'',1968,4))"/>
		<!--.-->
		<mark id="sTok562" xlink:href="#xpointer(string-range(//body,'',1973,1))"/>
		<!--ⲥⲉ-->
		<mark id="sTok563" xlink:href="#xpointer(string-range(//body,'',1975,2))"/>
		<!--ⲛⲁ-->
		<mark id="sTok564" xlink:href="#xpointer(string-range(//body,'',1978,2))"/>
		<!--ⲕⲟⲟⲣⲉ-->
		<mark id="sTok565" xlink:href="#xpointer(string-range(//body,'',1981,5))"/>
		<!--ϥ-->
		<mark id="sTok566" xlink:href="#xpointer(string-range(//body,'',1987,1))"/>
		<!--ⲛ-->
		<mark id="sTok567" xlink:href="#xpointer(string-range(//body,'',1989,1))"/>
		<!--ⲥⲉ-->
		<mark id="sTok568" xlink:href="#xpointer(string-range(//body,'',1991,2))"/>
		<!--ⲛⲟϫ-->
		<mark id="sTok569" xlink:href="#xpointer(string-range(//body,'',1994,3))"/>
		<!--ϥ-->
		<mark id="sTok570" xlink:href="#xpointer(string-range(//body,'',1998,1))"/>
		<!--ⲉ-->
		<mark id="sTok571" xlink:href="#xpointer(string-range(//body,'',2000,1))"/>
		<!--ⲧ-->
		<mark id="sTok572" xlink:href="#xpointer(string-range(//body,'',2002,1))"/>
		<!--ⲥⲁⲧⲉ-->
		<mark id="sTok573" xlink:href="#xpointer(string-range(//body,'',2004,4))"/>
		<!--.-->
		<mark id="sTok574" xlink:href="#xpointer(string-range(//body,'',2009,1))"/>
		<!--ⲁⲣⲁ-->
		<mark id="sTok575" xlink:href="#xpointer(string-range(//body,'',2011,3))"/>
		<!--ϭⲉ-->
		<mark id="sTok576" xlink:href="#xpointer(string-range(//body,'',2015,2))"/>
		<!--ⲉⲃⲟⲗ-->
		<mark id="sTok577" xlink:href="#xpointer(string-range(//body,'',2018,4))"/>
		<!--ϩⲛ-->
		<mark id="sTok578" xlink:href="#xpointer(string-range(//body,'',2023,2))"/>
		<!--ⲛⲉⲩ-->
		<mark id="sTok579" xlink:href="#xpointer(string-range(//body,'',2026,3))"/>
		<!--ⲕⲁⲣⲡⲟⲥ-->
		<mark id="sTok580" xlink:href="#xpointer(string-range(//body,'',2030,6))"/>
		<!--ⲉ-->
		<mark id="sTok581" xlink:href="#xpointer(string-range(//body,'',2037,1))"/>
		<!--ⲧⲉⲧⲛⲁ-->
		<mark id="sTok582" xlink:href="#xpointer(string-range(//body,'',2039,5))"/>
		<!--ⲥⲟⲩⲱⲛ-->
		<mark id="sTok583" xlink:href="#xpointer(string-range(//body,'',2045,5))"/>
		<!--ⲟⲩ-->
		<mark id="sTok584" xlink:href="#xpointer(string-range(//body,'',2051,2))"/>
		<!--.-->
		<mark id="sTok585" xlink:href="#xpointer(string-range(//body,'',2054,1))"/>
		<!--ⲟⲩⲟⲛ-->
		<mark id="sTok586" xlink:href="#xpointer(string-range(//body,'',2056,4))"/>
		<!--ⲛⲓⲙ-->
		<mark id="sTok587" xlink:href="#xpointer(string-range(//body,'',2061,3))"/>
		<!--ⲁⲛ-->
		<mark id="sTok588" xlink:href="#xpointer(string-range(//body,'',2065,2))"/>
		<!--ⲉⲧ-->
		<mark id="sTok589" xlink:href="#xpointer(string-range(//body,'',2068,2))"/>
		<!--ϫⲱ-->
		<mark id="sTok590" xlink:href="#xpointer(string-range(//body,'',2071,2))"/>
		<!--ⲙⲙⲟ-->
		<mark id="sTok591" xlink:href="#xpointer(string-range(//body,'',2074,3))"/>
		<!--ⲥ-->
		<mark id="sTok592" xlink:href="#xpointer(string-range(//body,'',2078,1))"/>
		<!--ⲛⲁ-->
		<mark id="sTok593" xlink:href="#xpointer(string-range(//body,'',2080,2))"/>
		<!--ⲓ-->
		<mark id="sTok594" xlink:href="#xpointer(string-range(//body,'',2083,1))"/>
		<!--ϫⲉ-->
		<mark id="sTok595" xlink:href="#xpointer(string-range(//body,'',2085,2))"/>
		<!--ⲡ-->
		<mark id="sTok596" xlink:href="#xpointer(string-range(//body,'',2088,1))"/>
		<!--ϫⲟⲉⲓⲥ-->
		<mark id="sTok597" xlink:href="#xpointer(string-range(//body,'',2090,5))"/>
		<!--ⲡ-->
		<mark id="sTok598" xlink:href="#xpointer(string-range(//body,'',2096,1))"/>
		<!--ϫⲟⲉⲓⲥ-->
		<mark id="sTok599" xlink:href="#xpointer(string-range(//body,'',2098,5))"/>
		<!--ⲡ-->
		<mark id="sTok600" xlink:href="#xpointer(string-range(//body,'',2104,1))"/>
		<!--ⲉⲧ-->
		<mark id="sTok601" xlink:href="#xpointer(string-range(//body,'',2106,2))"/>
		<!--ⲛⲁ-->
		<mark id="sTok602" xlink:href="#xpointer(string-range(//body,'',2109,2))"/>
		<!--ⲃⲱⲕ-->
		<mark id="sTok603" xlink:href="#xpointer(string-range(//body,'',2112,3))"/>
		<!--ⲉϩⲟⲩⲛ-->
		<mark id="sTok604" xlink:href="#xpointer(string-range(//body,'',2116,5))"/>
		<!--ⲉ-->
		<mark id="sTok605" xlink:href="#xpointer(string-range(//body,'',2122,1))"/>
		<!--ⲧ-->
		<mark id="sTok606" xlink:href="#xpointer(string-range(//body,'',2124,1))"/>
		<!--ⲙⲛⲧ-->
		<mark id="sTok607" xlink:href="#xpointer(string-range(//body,'',2126,3))"/>
		<!--ⲣⲣⲟ-->
		<mark id="sTok608" xlink:href="#xpointer(string-range(//body,'',2130,3))"/>
		<!--ⲛ-->
		<mark id="sTok609" xlink:href="#xpointer(string-range(//body,'',2134,1))"/>
		<!--ⲙ-->
		<mark id="sTok610" xlink:href="#xpointer(string-range(//body,'',2136,1))"/>
		<!--ⲡⲏⲩⲉ-->
		<mark id="sTok611" xlink:href="#xpointer(string-range(//body,'',2138,4))"/>
		<!--.-->
		<mark id="sTok612" xlink:href="#xpointer(string-range(//body,'',2143,1))"/>
		<!--ⲁⲗⲗⲁ-->
		<mark id="sTok613" xlink:href="#xpointer(string-range(//body,'',2145,4))"/>
		<!--ⲡ-->
		<mark id="sTok614" xlink:href="#xpointer(string-range(//body,'',2150,1))"/>
		<!--ⲉⲧ-->
		<mark id="sTok615" xlink:href="#xpointer(string-range(//body,'',2152,2))"/>
		<!--ⲉⲓⲣⲉ-->
		<mark id="sTok616" xlink:href="#xpointer(string-range(//body,'',2155,4))"/>
		<!--ⲡⲉ-->
		<mark id="sTok617" xlink:href="#xpointer(string-range(//body,'',2160,2))"/>
		<!--ⲙ-->
		<mark id="sTok618" xlink:href="#xpointer(string-range(//body,'',2163,1))"/>
		<!--ⲡ-->
		<mark id="sTok619" xlink:href="#xpointer(string-range(//body,'',2165,1))"/>
		<!--ⲟⲩⲱϣ-->
		<mark id="sTok620" xlink:href="#xpointer(string-range(//body,'',2167,4))"/>
		<!--ⲙ-->
		<mark id="sTok621" xlink:href="#xpointer(string-range(//body,'',2172,1))"/>
		<!--ⲡⲁ-->
		<mark id="sTok622" xlink:href="#xpointer(string-range(//body,'',2174,2))"/>
		<!--ⲉⲓⲱⲧ-->
		<mark id="sTok623" xlink:href="#xpointer(string-range(//body,'',2177,4))"/>
		<!--ⲉⲧ-->
		<mark id="sTok624" xlink:href="#xpointer(string-range(//body,'',2182,2))"/>
		<!--ϩⲛ-->
		<mark id="sTok625" xlink:href="#xpointer(string-range(//body,'',2185,2))"/>
		<!--ⲙ-->
		<mark id="sTok626" xlink:href="#xpointer(string-range(//body,'',2188,1))"/>
		<!--ⲡⲏⲩⲉ-->
		<mark id="sTok627" xlink:href="#xpointer(string-range(//body,'',2190,4))"/>
		<!--.-->
		<mark id="sTok628" xlink:href="#xpointer(string-range(//body,'',2195,1))"/>
		<!--ⲟⲩⲛ-->
		<mark id="sTok629" xlink:href="#xpointer(string-range(//body,'',2197,3))"/>
		<!--ϩⲁϩ-->
		<mark id="sTok630" xlink:href="#xpointer(string-range(//body,'',2201,3))"/>
		<!--ⲅⲁⲣ-->
		<mark id="sTok631" xlink:href="#xpointer(string-range(//body,'',2205,3))"/>
		<!--ⲛⲁ-->
		<mark id="sTok632" xlink:href="#xpointer(string-range(//body,'',2209,2))"/>
		<!--ϫⲟⲟ-->
		<mark id="sTok633" xlink:href="#xpointer(string-range(//body,'',2212,3))"/>
		<!--ⲥ-->
		<mark id="sTok634" xlink:href="#xpointer(string-range(//body,'',2216,1))"/>
		<!--ⲛⲁ-->
		<mark id="sTok635" xlink:href="#xpointer(string-range(//body,'',2218,2))"/>
		<!--ⲓ-->
		<mark id="sTok636" xlink:href="#xpointer(string-range(//body,'',2221,1))"/>
		<!--ϩⲙ-->
		<mark id="sTok637" xlink:href="#xpointer(string-range(//body,'',2223,2))"/>
		<!--ⲡⲉ-->
		<mark id="sTok638" xlink:href="#xpointer(string-range(//body,'',2226,2))"/>
		<!--ϩⲟⲟⲩ-->
		<mark id="sTok639" xlink:href="#xpointer(string-range(//body,'',2229,4))"/>
		<!--ⲉⲧ-->
		<mark id="sTok640" xlink:href="#xpointer(string-range(//body,'',2234,2))"/>
		<!--ⲙⲙⲁⲩ-->
		<mark id="sTok641" xlink:href="#xpointer(string-range(//body,'',2237,4))"/>
		<!--ϫⲉ-->
		<mark id="sTok642" xlink:href="#xpointer(string-range(//body,'',2242,2))"/>
		<!--ⲡ-->
		<mark id="sTok643" xlink:href="#xpointer(string-range(//body,'',2245,1))"/>
		<!--ϫⲟⲉⲓⲥ-->
		<mark id="sTok644" xlink:href="#xpointer(string-range(//body,'',2247,5))"/>
		<!--ⲡ-->
		<mark id="sTok645" xlink:href="#xpointer(string-range(//body,'',2253,1))"/>
		<!--ϫⲟⲉⲓⲥ-->
		<mark id="sTok646" xlink:href="#xpointer(string-range(//body,'',2255,5))"/>
		<!--ⲙⲏ-->
		<mark id="sTok647" xlink:href="#xpointer(string-range(//body,'',2261,2))"/>
		<!--ϩⲣⲁⲓ-->
		<mark id="sTok648" xlink:href="#xpointer(string-range(//body,'',2264,4))"/>
		<!--ⲁⲛ-->
		<mark id="sTok649" xlink:href="#xpointer(string-range(//body,'',2269,2))"/>
		<!--ϩⲙ-->
		<mark id="sTok650" xlink:href="#xpointer(string-range(//body,'',2272,2))"/>
		<!--ⲡⲉⲕ-->
		<mark id="sTok651" xlink:href="#xpointer(string-range(//body,'',2275,3))"/>
		<!--ⲣⲁⲛ-->
		<mark id="sTok652" xlink:href="#xpointer(string-range(//body,'',2279,3))"/>
		<!--ⲁ-->
		<mark id="sTok653" xlink:href="#xpointer(string-range(//body,'',2283,1))"/>
		<!--ⲛ-->
		<mark id="sTok654" xlink:href="#xpointer(string-range(//body,'',2285,1))"/>
		<!--ⲡⲣⲟⲫⲏⲧⲉⲩⲉ-->
		<mark id="sTok655" xlink:href="#xpointer(string-range(//body,'',2287,9))"/>
		<!--.-->
		<mark id="sTok656" xlink:href="#xpointer(string-range(//body,'',2297,1))"/>
		<!--ⲁⲩⲱ-->
		<mark id="sTok657" xlink:href="#xpointer(string-range(//body,'',2299,3))"/>
		<!--ϩⲣⲁⲓ-->
		<mark id="sTok658" xlink:href="#xpointer(string-range(//body,'',2303,4))"/>
		<!--ϩⲙ-->
		<mark id="sTok659" xlink:href="#xpointer(string-range(//body,'',2308,2))"/>
		<!--ⲡⲉⲕ-->
		<mark id="sTok660" xlink:href="#xpointer(string-range(//body,'',2311,3))"/>
		<!--ⲣⲁⲛ-->
		<mark id="sTok661" xlink:href="#xpointer(string-range(//body,'',2315,3))"/>
		<!--ⲁ-->
		<mark id="sTok662" xlink:href="#xpointer(string-range(//body,'',2319,1))"/>
		<!--ⲛ-->
		<mark id="sTok663" xlink:href="#xpointer(string-range(//body,'',2321,1))"/>
		<!--ⲛⲉϫ-->
		<mark id="sTok664" xlink:href="#xpointer(string-range(//body,'',2323,3))"/>
		<!--ⲇⲁⲓⲙⲱⲛⲓⲟⲛ-->
		<mark id="sTok665" xlink:href="#xpointer(string-range(//body,'',2327,9))"/>
		<!--ⲉⲃⲟⲗ-->
		<mark id="sTok666" xlink:href="#xpointer(string-range(//body,'',2337,4))"/>
		<!--.-->
		<mark id="sTok667" xlink:href="#xpointer(string-range(//body,'',2342,1))"/>
		<!--ⲙⲏ-->
		<mark id="sTok668" xlink:href="#xpointer(string-range(//body,'',2344,2))"/>
		<!--ϩⲣⲁⲓ-->
		<mark id="sTok669" xlink:href="#xpointer(string-range(//body,'',2347,4))"/>
		<!--ⲁⲛ-->
		<mark id="sTok670" xlink:href="#xpointer(string-range(//body,'',2352,2))"/>
		<!--ϩⲙ-->
		<mark id="sTok671" xlink:href="#xpointer(string-range(//body,'',2355,2))"/>
		<!--ⲡⲉⲕ-->
		<mark id="sTok672" xlink:href="#xpointer(string-range(//body,'',2358,3))"/>
		<!--ⲣⲁⲛ-->
		<mark id="sTok673" xlink:href="#xpointer(string-range(//body,'',2362,3))"/>
		<!--ⲁ-->
		<mark id="sTok674" xlink:href="#xpointer(string-range(//body,'',2366,1))"/>
		<!--ⲛ-->
		<mark id="sTok675" xlink:href="#xpointer(string-range(//body,'',2368,1))"/>
		<!--ⲣ-->
		<mark id="sTok676" xlink:href="#xpointer(string-range(//body,'',2370,1))"/>
		<!--ϩⲁϩ-->
		<mark id="sTok677" xlink:href="#xpointer(string-range(//body,'',2372,3))"/>
		<!--ⲛ-->
		<mark id="sTok678" xlink:href="#xpointer(string-range(//body,'',2376,1))"/>
		<!--ϭⲟⲙ-->
		<mark id="sTok679" xlink:href="#xpointer(string-range(//body,'',2378,3))"/>
		<!--.-->
		<mark id="sTok680" xlink:href="#xpointer(string-range(//body,'',2382,1))"/>
		<!--ⲁⲩⲱ-->
		<mark id="sTok681" xlink:href="#xpointer(string-range(//body,'',2384,3))"/>
		<!--ⲧⲟⲧⲉ-->
		<mark id="sTok682" xlink:href="#xpointer(string-range(//body,'',2388,4))"/>
		<!--ϯ-->
		<mark id="sTok683" xlink:href="#xpointer(string-range(//body,'',2393,1))"/>
		<!--ⲛⲁ-->
		<mark id="sTok684" xlink:href="#xpointer(string-range(//body,'',2395,2))"/>
		<!--ϩⲟⲙⲟⲗⲟⲅⲉⲓ-->
		<mark id="sTok685" xlink:href="#xpointer(string-range(//body,'',2398,9))"/>
		<!--ⲛⲁ-->
		<mark id="sTok686" xlink:href="#xpointer(string-range(//body,'',2408,2))"/>
		<!--ⲩ-->
		<mark id="sTok687" xlink:href="#xpointer(string-range(//body,'',2411,1))"/>
		<!--ϫⲉ-->
		<mark id="sTok688" xlink:href="#xpointer(string-range(//body,'',2413,2))"/>
		<!--ⲙⲡⲉ-->
		<mark id="sTok689" xlink:href="#xpointer(string-range(//body,'',2416,3))"/>
		<!--ⲓ-->
		<mark id="sTok690" xlink:href="#xpointer(string-range(//body,'',2420,1))"/>
		<!--ⲥⲟⲩⲛ-->
		<mark id="sTok691" xlink:href="#xpointer(string-range(//body,'',2422,4))"/>
		<!--ⲧⲏⲩⲧⲛ-->
		<mark id="sTok692" xlink:href="#xpointer(string-range(//body,'',2427,5))"/>
		<!--ⲉⲛⲉϩ-->
		<mark id="sTok693" xlink:href="#xpointer(string-range(//body,'',2433,4))"/>
		<!--.-->
		<mark id="sTok694" xlink:href="#xpointer(string-range(//body,'',2438,1))"/>
		<!--ⲥⲁϩⲉ-->
		<mark id="sTok695" xlink:href="#xpointer(string-range(//body,'',2440,4))"/>
		<!--ⲧⲏⲩⲧⲛ-->
		<mark id="sTok696" xlink:href="#xpointer(string-range(//body,'',2445,5))"/>
		<!--ⲉⲃⲟⲗ-->
		<mark id="sTok697" xlink:href="#xpointer(string-range(//body,'',2451,4))"/>
		<!--ⲙⲙⲟ-->
		<mark id="sTok698" xlink:href="#xpointer(string-range(//body,'',2456,3))"/>
		<!--ⲓ-->
		<mark id="sTok699" xlink:href="#xpointer(string-range(//body,'',2460,1))"/>
		<!--ⲛ-->
		<mark id="sTok700" xlink:href="#xpointer(string-range(//body,'',2462,1))"/>
		<!--ⲉⲧ-->
		<mark id="sTok701" xlink:href="#xpointer(string-range(//body,'',2464,2))"/>
		<!--ⲣ-->
		<mark id="sTok702" xlink:href="#xpointer(string-range(//body,'',2467,1))"/>
		<!--ϩⲱⲃ-->
		<mark id="sTok703" xlink:href="#xpointer(string-range(//body,'',2469,3))"/>
		<!--ⲉ-->
		<mark id="sTok704" xlink:href="#xpointer(string-range(//body,'',2473,1))"/>
		<!--ⲧ-->
		<mark id="sTok705" xlink:href="#xpointer(string-range(//body,'',2475,1))"/>
		<!--ⲁⲛⲟⲙⲓⲁ-->
		<mark id="sTok706" xlink:href="#xpointer(string-range(//body,'',2477,6))"/>
		<!--.-->
		<mark id="sTok707" xlink:href="#xpointer(string-range(//body,'',2484,1))"/>
		<!--ⲟⲩⲟⲛ-->
		<mark id="sTok708" xlink:href="#xpointer(string-range(//body,'',2486,4))"/>
		<!--ϭⲉ-->
		<mark id="sTok709" xlink:href="#xpointer(string-range(//body,'',2491,2))"/>
		<!--ⲛⲓⲙ-->
		<mark id="sTok710" xlink:href="#xpointer(string-range(//body,'',2494,3))"/>
		<!--ⲉ-->
		<mark id="sTok711" xlink:href="#xpointer(string-range(//body,'',2498,1))"/>
		<!--ⲧ-->
		<mark id="sTok712" xlink:href="#xpointer(string-range(//body,'',2500,1))"/>
		<!--ⲥⲱⲧⲙ-->
		<mark id="sTok713" xlink:href="#xpointer(string-range(//body,'',2502,4))"/>
		<!--ⲉ-->
		<mark id="sTok714" xlink:href="#xpointer(string-range(//body,'',2507,1))"/>
		<!--ⲛⲁ-->
		<mark id="sTok715" xlink:href="#xpointer(string-range(//body,'',2509,2))"/>
		<!--ϣⲁϫⲉ-->
		<mark id="sTok716" xlink:href="#xpointer(string-range(//body,'',2512,4))"/>
		<!--ⲉⲧⲉ-->
		<mark id="sTok717" xlink:href="#xpointer(string-range(//body,'',2517,3))"/>
		<!--ⲛⲁⲓ-->
		<mark id="sTok718" xlink:href="#xpointer(string-range(//body,'',2521,3))"/>
		<!--ⲛⲉ-->
		<mark id="sTok719" xlink:href="#xpointer(string-range(//body,'',2525,2))"/>
		<!--ⲉ-->
		<mark id="sTok720" xlink:href="#xpointer(string-range(//body,'',2528,1))"/>
		<!--ϥ-->
		<mark id="sTok721" xlink:href="#xpointer(string-range(//body,'',2530,1))"/>
		<!--ⲉⲓⲣⲉ-->
		<mark id="sTok722" xlink:href="#xpointer(string-range(//body,'',2532,4))"/>
		<!--ⲙⲙⲟ-->
		<mark id="sTok723" xlink:href="#xpointer(string-range(//body,'',2537,3))"/>
		<!--ⲟⲩ-->
		<mark id="sTok724" xlink:href="#xpointer(string-range(//body,'',2541,2))"/>
		<!--.-->
		<mark id="sTok725" xlink:href="#xpointer(string-range(//body,'',2544,1))"/>
		<!--ⲉ-->
		<mark id="sTok726" xlink:href="#xpointer(string-range(//body,'',2546,1))"/>
		<!--ϥ-->
		<mark id="sTok727" xlink:href="#xpointer(string-range(//body,'',2548,1))"/>
		<!--ⲛⲁ-->
		<mark id="sTok728" xlink:href="#xpointer(string-range(//body,'',2550,2))"/>
		<!--ⲉⲓⲛⲉ-->
		<mark id="sTok729" xlink:href="#xpointer(string-range(//body,'',2553,4))"/>
		<!--ⲛ-->
		<mark id="sTok730" xlink:href="#xpointer(string-range(//body,'',2558,1))"/>
		<!--ⲟⲩ-->
		<mark id="sTok731" xlink:href="#xpointer(string-range(//body,'',2560,2))"/>
		<!--ⲣⲱⲙⲉ-->
		<mark id="sTok732" xlink:href="#xpointer(string-range(//body,'',2563,4))"/>
		<!--ⲛ-->
		<mark id="sTok733" xlink:href="#xpointer(string-range(//body,'',2568,1))"/>
		<!--ⲥⲁⲃⲉ-->
		<mark id="sTok734" xlink:href="#xpointer(string-range(//body,'',2570,4))"/>
		<!--.-->
		<mark id="sTok735" xlink:href="#xpointer(string-range(//body,'',2575,1))"/>
		<!--ⲡⲁⲓ-->
		<mark id="sTok736" xlink:href="#xpointer(string-range(//body,'',2577,3))"/>
		<!--ⲛⲧ-->
		<mark id="sTok737" xlink:href="#xpointer(string-range(//body,'',2581,2))"/>
		<!--ⲁ-->
		<mark id="sTok738" xlink:href="#xpointer(string-range(//body,'',2584,1))"/>
		<!--ϥ-->
		<mark id="sTok739" xlink:href="#xpointer(string-range(//body,'',2586,1))"/>
		<!--ⲕⲱⲧ-->
		<mark id="sTok740" xlink:href="#xpointer(string-range(//body,'',2588,3))"/>
		<!--ⲙ-->
		<mark id="sTok741" xlink:href="#xpointer(string-range(//body,'',2592,1))"/>
		<!--ⲡⲉϥ-->
		<mark id="sTok742" xlink:href="#xpointer(string-range(//body,'',2594,3))"/>
		<!--ⲏⲓ-->
		<mark id="sTok743" xlink:href="#xpointer(string-range(//body,'',2598,2))"/>
		<!--ⲉϩⲣⲁⲓ-->
		<mark id="sTok744" xlink:href="#xpointer(string-range(//body,'',2601,5))"/>
		<!--ⲉϫⲛ-->
		<mark id="sTok745" xlink:href="#xpointer(string-range(//body,'',2607,3))"/>
		<!--ⲧ-->
		<mark id="sTok746" xlink:href="#xpointer(string-range(//body,'',2611,1))"/>
		<!--ⲡⲉⲧⲣⲁ-->
		<mark id="sTok747" xlink:href="#xpointer(string-range(//body,'',2613,5))"/>
		<!--.-->
		<mark id="sTok748" xlink:href="#xpointer(string-range(//body,'',2619,1))"/>
		<!--ⲁ-->
		<mark id="sTok749" xlink:href="#xpointer(string-range(//body,'',2621,1))"/>
		<!--ϥ-->
		<mark id="sTok750" xlink:href="#xpointer(string-range(//body,'',2623,1))"/>
		<!--ⲉⲓ-->
		<mark id="sTok751" xlink:href="#xpointer(string-range(//body,'',2625,2))"/>
		<!--ⲉ-->
		<mark id="sTok752" xlink:href="#xpointer(string-range(//body,'',2628,1))"/>
		<!--ⲡ-->
		<mark id="sTok753" xlink:href="#xpointer(string-range(//body,'',2630,1))"/>
		<!--ⲉⲥⲏⲧ-->
		<mark id="sTok754" xlink:href="#xpointer(string-range(//body,'',2632,4))"/>
		<!--ⲛϭⲓ-->
		<mark id="sTok755" xlink:href="#xpointer(string-range(//body,'',2637,3))"/>
		<!--ⲡ-->
		<mark id="sTok756" xlink:href="#xpointer(string-range(//body,'',2641,1))"/>
		<!--ϩⲱⲟⲩ-->
		<mark id="sTok757" xlink:href="#xpointer(string-range(//body,'',2643,4))"/>
		<!--ⲁ-->
		<mark id="sTok758" xlink:href="#xpointer(string-range(//body,'',2648,1))"/>
		<!--ⲩ-->
		<mark id="sTok759" xlink:href="#xpointer(string-range(//body,'',2650,1))"/>
		<!--ⲉⲓ-->
		<mark id="sTok760" xlink:href="#xpointer(string-range(//body,'',2652,2))"/>
		<!--ⲛϭⲓ-->
		<mark id="sTok761" xlink:href="#xpointer(string-range(//body,'',2655,3))"/>
		<!--ⲛⲉⲓ-->
		<mark id="sTok762" xlink:href="#xpointer(string-range(//body,'',2659,3))"/>
		<!--ⲉⲣⲱⲟⲩ-->
		<mark id="sTok763" xlink:href="#xpointer(string-range(//body,'',2663,5))"/>
		<!--ⲁ-->
		<mark id="sTok764" xlink:href="#xpointer(string-range(//body,'',2669,1))"/>
		<!--ⲩ-->
		<mark id="sTok765" xlink:href="#xpointer(string-range(//body,'',2671,1))"/>
		<!--ⲛⲉⲓϥⲉ-->
		<mark id="sTok766" xlink:href="#xpointer(string-range(//body,'',2673,5))"/>
		<!--ⲛϭⲓ-->
		<mark id="sTok767" xlink:href="#xpointer(string-range(//body,'',2679,3))"/>
		<!--ⲛ-->
		<mark id="sTok768" xlink:href="#xpointer(string-range(//body,'',2683,1))"/>
		<!--ⲧⲏⲩ-->
		<mark id="sTok769" xlink:href="#xpointer(string-range(//body,'',2685,3))"/>
		<!--ⲁ-->
		<mark id="sTok770" xlink:href="#xpointer(string-range(//body,'',2689,1))"/>
		<!--ⲩ-->
		<mark id="sTok771" xlink:href="#xpointer(string-range(//body,'',2691,1))"/>
		<!--ϩⲓⲟⲩⲉ-->
		<mark id="sTok772" xlink:href="#xpointer(string-range(//body,'',2693,5))"/>
		<!--ⲉϩⲟⲩⲛ-->
		<mark id="sTok773" xlink:href="#xpointer(string-range(//body,'',2699,5))"/>
		<!--ϩⲙ-->
		<mark id="sTok774" xlink:href="#xpointer(string-range(//body,'',2705,2))"/>
		<!--ⲡ-->
		<mark id="sTok775" xlink:href="#xpointer(string-range(//body,'',2708,1))"/>
		<!--ⲏⲓ-->
		<mark id="sTok776" xlink:href="#xpointer(string-range(//body,'',2710,2))"/>
		<!--ⲉⲧ-->
		<mark id="sTok777" xlink:href="#xpointer(string-range(//body,'',2713,2))"/>
		<!--ⲙⲙⲁⲩ-->
		<mark id="sTok778" xlink:href="#xpointer(string-range(//body,'',2716,4))"/>
		<!--ⲁⲩⲱ-->
		<mark id="sTok779" xlink:href="#xpointer(string-range(//body,'',2721,3))"/>
		<!--ⲙⲡⲉ-->
		<mark id="sTok780" xlink:href="#xpointer(string-range(//body,'',2725,3))"/>
		<!--ϥ-->
		<mark id="sTok781" xlink:href="#xpointer(string-range(//body,'',2729,1))"/>
		<!--ϩⲉ-->
		<mark id="sTok782" xlink:href="#xpointer(string-range(//body,'',2731,2))"/>
		<!--ϫⲉ-->
		<mark id="sTok783" xlink:href="#xpointer(string-range(//body,'',2734,2))"/>
		<!--ⲛⲉ-->
		<mark id="sTok784" xlink:href="#xpointer(string-range(//body,'',2737,2))"/>
		<!--ϥ-->
		<mark id="sTok785" xlink:href="#xpointer(string-range(//body,'',2740,1))"/>
		<!--ⲧⲁϫⲣⲏⲩ-->
		<mark id="sTok786" xlink:href="#xpointer(string-range(//body,'',2742,6))"/>
		<!--ⲅⲁⲣ-->
		<mark id="sTok787" xlink:href="#xpointer(string-range(//body,'',2749,3))"/>
		<!--ⲉϩⲣⲁⲓ-->
		<mark id="sTok788" xlink:href="#xpointer(string-range(//body,'',2753,5))"/>
		<!--ⲉϫⲛ-->
		<mark id="sTok789" xlink:href="#xpointer(string-range(//body,'',2759,3))"/>
		<!--ⲧ-->
		<mark id="sTok790" xlink:href="#xpointer(string-range(//body,'',2763,1))"/>
		<!--ⲡⲉⲧⲣⲁ-->
		<mark id="sTok791" xlink:href="#xpointer(string-range(//body,'',2765,5))"/>
		<!--.-->
		<mark id="sTok792" xlink:href="#xpointer(string-range(//body,'',2771,1))"/>
		<!--ⲁⲩⲱ-->
		<mark id="sTok793" xlink:href="#xpointer(string-range(//body,'',2773,3))"/>
		<!--ⲟⲩⲟⲛ-->
		<mark id="sTok794" xlink:href="#xpointer(string-range(//body,'',2777,4))"/>
		<!--ⲛⲓⲙ-->
		<mark id="sTok795" xlink:href="#xpointer(string-range(//body,'',2782,3))"/>
		<!--ⲉ-->
		<mark id="sTok796" xlink:href="#xpointer(string-range(//body,'',2786,1))"/>
		<!--ⲧ-->
		<mark id="sTok797" xlink:href="#xpointer(string-range(//body,'',2788,1))"/>
		<!--ⲥⲱⲧⲙ-->
		<mark id="sTok798" xlink:href="#xpointer(string-range(//body,'',2790,4))"/>
		<!--ⲉ-->
		<mark id="sTok799" xlink:href="#xpointer(string-range(//body,'',2795,1))"/>
		<!--ⲛⲁ-->
		<mark id="sTok800" xlink:href="#xpointer(string-range(//body,'',2797,2))"/>
		<!--ϣⲁϫⲉ-->
		<mark id="sTok801" xlink:href="#xpointer(string-range(//body,'',2800,4))"/>
		<!--ⲉⲧⲉ-->
		<mark id="sTok802" xlink:href="#xpointer(string-range(//body,'',2805,3))"/>
		<!--ⲛⲁⲓ-->
		<mark id="sTok803" xlink:href="#xpointer(string-range(//body,'',2809,3))"/>
		<!--ⲛⲉ-->
		<mark id="sTok804" xlink:href="#xpointer(string-range(//body,'',2813,2))"/>
		<!--ⲛ-->
		<mark id="sTok805" xlink:href="#xpointer(string-range(//body,'',2816,1))"/>
		<!--ϥ-->
		<mark id="sTok806" xlink:href="#xpointer(string-range(//body,'',2818,1))"/>
		<!--ⲉⲓⲣⲉ-->
		<mark id="sTok807" xlink:href="#xpointer(string-range(//body,'',2820,4))"/>
		<!--ⲙⲙⲟ-->
		<mark id="sTok808" xlink:href="#xpointer(string-range(//body,'',2825,3))"/>
		<!--ⲟⲩ-->
		<mark id="sTok809" xlink:href="#xpointer(string-range(//body,'',2829,2))"/>
		<!--ⲁⲛ-->
		<mark id="sTok810" xlink:href="#xpointer(string-range(//body,'',2832,2))"/>
		<!--.-->
		<mark id="sTok811" xlink:href="#xpointer(string-range(//body,'',2835,1))"/>
		<!--ⲉ-->
		<mark id="sTok812" xlink:href="#xpointer(string-range(//body,'',2837,1))"/>
		<!--ϥ-->
		<mark id="sTok813" xlink:href="#xpointer(string-range(//body,'',2839,1))"/>
		<!--ⲛⲁ-->
		<mark id="sTok814" xlink:href="#xpointer(string-range(//body,'',2841,2))"/>
		<!--ⲉⲓⲛⲉ-->
		<mark id="sTok815" xlink:href="#xpointer(string-range(//body,'',2844,4))"/>
		<!--ⲛ-->
		<mark id="sTok816" xlink:href="#xpointer(string-range(//body,'',2849,1))"/>
		<!--ⲟⲩ-->
		<mark id="sTok817" xlink:href="#xpointer(string-range(//body,'',2851,2))"/>
		<!--ⲣⲱⲙⲉ-->
		<mark id="sTok818" xlink:href="#xpointer(string-range(//body,'',2854,4))"/>
		<!--ⲛ-->
		<mark id="sTok819" xlink:href="#xpointer(string-range(//body,'',2859,1))"/>
		<!--ⲥⲟϭ-->
		<mark id="sTok820" xlink:href="#xpointer(string-range(//body,'',2861,3))"/>
		<!--.-->
		<mark id="sTok821" xlink:href="#xpointer(string-range(//body,'',2865,1))"/>
		<!--ⲡⲁⲓ-->
		<mark id="sTok822" xlink:href="#xpointer(string-range(//body,'',2867,3))"/>
		<!--ⲛⲧ-->
		<mark id="sTok823" xlink:href="#xpointer(string-range(//body,'',2871,2))"/>
		<!--ⲁ-->
		<mark id="sTok824" xlink:href="#xpointer(string-range(//body,'',2874,1))"/>
		<!--ϥ-->
		<mark id="sTok825" xlink:href="#xpointer(string-range(//body,'',2876,1))"/>
		<!--ⲕⲱⲧ-->
		<mark id="sTok826" xlink:href="#xpointer(string-range(//body,'',2878,3))"/>
		<!--ⲙ-->
		<mark id="sTok827" xlink:href="#xpointer(string-range(//body,'',2882,1))"/>
		<!--ⲡⲉϥ-->
		<mark id="sTok828" xlink:href="#xpointer(string-range(//body,'',2884,3))"/>
		<!--ⲏⲓ-->
		<mark id="sTok829" xlink:href="#xpointer(string-range(//body,'',2888,2))"/>
		<!--ϩⲓϫⲙ-->
		<mark id="sTok830" xlink:href="#xpointer(string-range(//body,'',2891,4))"/>
		<!--ⲡ-->
		<mark id="sTok831" xlink:href="#xpointer(string-range(//body,'',2896,1))"/>
		<!--ϣⲱ-->
		<mark id="sTok832" xlink:href="#xpointer(string-range(//body,'',2898,2))"/>
		<!--.-->
		<mark id="sTok833" xlink:href="#xpointer(string-range(//body,'',2901,1))"/>
		<!--ⲁ-->
		<mark id="sTok834" xlink:href="#xpointer(string-range(//body,'',2903,1))"/>
		<!--ϥ-->
		<mark id="sTok835" xlink:href="#xpointer(string-range(//body,'',2905,1))"/>
		<!--ⲉⲓ-->
		<mark id="sTok836" xlink:href="#xpointer(string-range(//body,'',2907,2))"/>
		<!--ⲉ-->
		<mark id="sTok837" xlink:href="#xpointer(string-range(//body,'',2910,1))"/>
		<!--ⲡ-->
		<mark id="sTok838" xlink:href="#xpointer(string-range(//body,'',2912,1))"/>
		<!--ⲉⲥⲏⲧ-->
		<mark id="sTok839" xlink:href="#xpointer(string-range(//body,'',2914,4))"/>
		<!--ⲛϭⲓ-->
		<mark id="sTok840" xlink:href="#xpointer(string-range(//body,'',2919,3))"/>
		<!--ⲡ-->
		<mark id="sTok841" xlink:href="#xpointer(string-range(//body,'',2923,1))"/>
		<!--ϩⲱⲟⲩ-->
		<mark id="sTok842" xlink:href="#xpointer(string-range(//body,'',2925,4))"/>
		<!--ⲁ-->
		<mark id="sTok843" xlink:href="#xpointer(string-range(//body,'',2930,1))"/>
		<!--ⲩ-->
		<mark id="sTok844" xlink:href="#xpointer(string-range(//body,'',2932,1))"/>
		<!--ⲉⲓ-->
		<mark id="sTok845" xlink:href="#xpointer(string-range(//body,'',2934,2))"/>
		<!--ⲛϭⲓ-->
		<mark id="sTok846" xlink:href="#xpointer(string-range(//body,'',2937,3))"/>
		<!--ⲛⲉⲓ-->
		<mark id="sTok847" xlink:href="#xpointer(string-range(//body,'',2941,3))"/>
		<!--ⲉⲣⲱⲟⲩ-->
		<mark id="sTok848" xlink:href="#xpointer(string-range(//body,'',2945,5))"/>
		<!--ⲁ-->
		<mark id="sTok849" xlink:href="#xpointer(string-range(//body,'',2951,1))"/>
		<!--ⲩ-->
		<mark id="sTok850" xlink:href="#xpointer(string-range(//body,'',2953,1))"/>
		<!--ⲛⲉⲓϥⲉ-->
		<mark id="sTok851" xlink:href="#xpointer(string-range(//body,'',2955,5))"/>
		<!--ⲛϭⲓ-->
		<mark id="sTok852" xlink:href="#xpointer(string-range(//body,'',2961,3))"/>
		<!--ⲛ-->
		<mark id="sTok853" xlink:href="#xpointer(string-range(//body,'',2965,1))"/>
		<!--ⲧⲏⲩ-->
		<mark id="sTok854" xlink:href="#xpointer(string-range(//body,'',2967,3))"/>
		<!--ⲁ-->
		<mark id="sTok855" xlink:href="#xpointer(string-range(//body,'',2971,1))"/>
		<!--ⲩ-->
		<mark id="sTok856" xlink:href="#xpointer(string-range(//body,'',2973,1))"/>
		<!--ϩⲓⲟⲩⲉ-->
		<mark id="sTok857" xlink:href="#xpointer(string-range(//body,'',2975,5))"/>
		<!--ⲉϩⲟⲩⲛ-->
		<mark id="sTok858" xlink:href="#xpointer(string-range(//body,'',2981,5))"/>
		<!--ϩⲙ-->
		<mark id="sTok859" xlink:href="#xpointer(string-range(//body,'',2987,2))"/>
		<!--ⲡ-->
		<mark id="sTok860" xlink:href="#xpointer(string-range(//body,'',2990,1))"/>
		<!--ⲏⲓ-->
		<mark id="sTok861" xlink:href="#xpointer(string-range(//body,'',2992,2))"/>
		<!--ⲉⲧ-->
		<mark id="sTok862" xlink:href="#xpointer(string-range(//body,'',2995,2))"/>
		<!--ⲙⲙⲁⲩ-->
		<mark id="sTok863" xlink:href="#xpointer(string-range(//body,'',2998,4))"/>
		<!--ⲁ-->
		<mark id="sTok864" xlink:href="#xpointer(string-range(//body,'',3003,1))"/>
		<!--ϥ-->
		<mark id="sTok865" xlink:href="#xpointer(string-range(//body,'',3005,1))"/>
		<!--ϩⲉ-->
		<mark id="sTok866" xlink:href="#xpointer(string-range(//body,'',3007,2))"/>
		<!--ⲁⲩⲱ-->
		<mark id="sTok867" xlink:href="#xpointer(string-range(//body,'',3010,3))"/>
		<!--ⲡⲉϥ-->
		<mark id="sTok868" xlink:href="#xpointer(string-range(//body,'',3014,3))"/>
		<!--ϩⲉ-->
		<mark id="sTok869" xlink:href="#xpointer(string-range(//body,'',3018,2))"/>
		<!--ⲛⲉ-->
		<mark id="sTok870" xlink:href="#xpointer(string-range(//body,'',3021,2))"/>
		<!--ϥ-->
		<mark id="sTok871" xlink:href="#xpointer(string-range(//body,'',3024,1))"/>
		<!--ⲟ-->
		<mark id="sTok872" xlink:href="#xpointer(string-range(//body,'',3026,1))"/>
		<!--ⲛ-->
		<mark id="sTok873" xlink:href="#xpointer(string-range(//body,'',3028,1))"/>
		<!--ⲟⲩ-->
		<mark id="sTok874" xlink:href="#xpointer(string-range(//body,'',3030,2))"/>
		<!--ⲛⲟϭ-->
		<mark id="sTok875" xlink:href="#xpointer(string-range(//body,'',3033,3))"/>
		<!--.-->
		<mark id="sTok876" xlink:href="#xpointer(string-range(//body,'',3037,1))"/>
		<!--ⲁ-->
		<mark id="sTok877" xlink:href="#xpointer(string-range(//body,'',3039,1))"/>
		<!--ⲥ-->
		<mark id="sTok878" xlink:href="#xpointer(string-range(//body,'',3041,1))"/>
		<!--ϣⲱⲡⲉ-->
		<mark id="sTok879" xlink:href="#xpointer(string-range(//body,'',3043,4))"/>
		<!--ⲇⲉ-->
		<mark id="sTok880" xlink:href="#xpointer(string-range(//body,'',3048,2))"/>
		<!--ⲛⲧⲉⲣⲉ-->
		<mark id="sTok881" xlink:href="#xpointer(string-range(//body,'',3051,5))"/>
		<!--ⲓⲏⲥⲟⲩⲥ-->
		<mark id="sTok882" xlink:href="#xpointer(string-range(//body,'',3057,6))"/>
		<!--ⲟⲩⲱ-->
		<mark id="sTok883" xlink:href="#xpointer(string-range(//body,'',3064,3))"/>
		<!--ⲛ-->
		<mark id="sTok884" xlink:href="#xpointer(string-range(//body,'',3068,1))"/>
		<!--ⲛⲉⲓ-->
		<mark id="sTok885" xlink:href="#xpointer(string-range(//body,'',3070,3))"/>
		<!--ϣⲁϫⲉ-->
		<mark id="sTok886" xlink:href="#xpointer(string-range(//body,'',3074,4))"/>
		<!--.-->
		<mark id="sTok887" xlink:href="#xpointer(string-range(//body,'',3079,1))"/>
		<!--ⲁ-->
		<mark id="sTok888" xlink:href="#xpointer(string-range(//body,'',3081,1))"/>
		<!--ⲩ-->
		<mark id="sTok889" xlink:href="#xpointer(string-range(//body,'',3083,1))"/>
		<!--ⲣ-->
		<mark id="sTok890" xlink:href="#xpointer(string-range(//body,'',3085,1))"/>
		<!--ϣⲡⲏⲣⲉ-->
		<mark id="sTok891" xlink:href="#xpointer(string-range(//body,'',3087,5))"/>
		<!--ⲛϭⲓ-->
		<mark id="sTok892" xlink:href="#xpointer(string-range(//body,'',3093,3))"/>
		<!--ⲙ-->
		<mark id="sTok893" xlink:href="#xpointer(string-range(//body,'',3097,1))"/>
		<!--ⲙⲏⲏϣⲉ-->
		<mark id="sTok894" xlink:href="#xpointer(string-range(//body,'',3099,5))"/>
		<!--ⲉϩⲣⲁⲓ-->
		<mark id="sTok895" xlink:href="#xpointer(string-range(//body,'',3105,5))"/>
		<!--ⲉϫⲛ-->
		<mark id="sTok896" xlink:href="#xpointer(string-range(//body,'',3111,3))"/>
		<!--ⲧⲉϥ-->
		<mark id="sTok897" xlink:href="#xpointer(string-range(//body,'',3115,3))"/>
		<!--ⲥⲃⲱ-->
		<mark id="sTok898" xlink:href="#xpointer(string-range(//body,'',3119,3))"/>
		<!--.-->
		<mark id="sTok899" xlink:href="#xpointer(string-range(//body,'',3123,1))"/>
		<!--ⲛⲉ-->
		<mark id="sTok900" xlink:href="#xpointer(string-range(//body,'',3125,2))"/>
		<!--ϥ-->
		<mark id="sTok901" xlink:href="#xpointer(string-range(//body,'',3128,1))"/>
		<!--ϯ-->
		<mark id="sTok902" xlink:href="#xpointer(string-range(//body,'',3130,1))"/>
		<!--ⲥⲃⲱ-->
		<mark id="sTok903" xlink:href="#xpointer(string-range(//body,'',3132,3))"/>
		<!--ⲅⲁⲣ-->
		<mark id="sTok904" xlink:href="#xpointer(string-range(//body,'',3136,3))"/>
		<!--ⲛⲁ-->
		<mark id="sTok905" xlink:href="#xpointer(string-range(//body,'',3140,2))"/>
		<!--ⲩ-->
		<mark id="sTok906" xlink:href="#xpointer(string-range(//body,'',3143,1))"/>
		<!--ⲡⲉ-->
		<mark id="sTok907" xlink:href="#xpointer(string-range(//body,'',3145,2))"/>
		<!--ϩⲱⲥ-->
		<mark id="sTok908" xlink:href="#xpointer(string-range(//body,'',3148,3))"/>
		<!--ⲉ-->
		<mark id="sTok909" xlink:href="#xpointer(string-range(//body,'',3152,1))"/>
		<!--ⲩ-->
		<mark id="sTok910" xlink:href="#xpointer(string-range(//body,'',3154,1))"/>
		<!--ⲛ-->
		<mark id="sTok911" xlink:href="#xpointer(string-range(//body,'',3156,1))"/>
		<!--ⲧϥ-->
		<mark id="sTok912" xlink:href="#xpointer(string-range(//body,'',3158,2))"/>
		<!--ⲉⲝⲟⲩⲥⲓⲁ-->
		<mark id="sTok913" xlink:href="#xpointer(string-range(//body,'',3161,7))"/>
		<!--ⲙⲙⲁⲩ-->
		<mark id="sTok914" xlink:href="#xpointer(string-range(//body,'',3169,4))"/>
		<!--ⲁⲩⲱ-->
		<mark id="sTok915" xlink:href="#xpointer(string-range(//body,'',3174,3))"/>
		<!--ⲛ-->
		<mark id="sTok916" xlink:href="#xpointer(string-range(//body,'',3178,1))"/>
		<!--ⲧ-->
		<mark id="sTok917" xlink:href="#xpointer(string-range(//body,'',3180,1))"/>
		<!--ϩⲉ-->
		<mark id="sTok918" xlink:href="#xpointer(string-range(//body,'',3182,2))"/>
		<!--ⲁⲛ-->
		<mark id="sTok919" xlink:href="#xpointer(string-range(//body,'',3185,2))"/>
		<!--ⲛ-->
		<mark id="sTok920" xlink:href="#xpointer(string-range(//body,'',3188,1))"/>
		<!--ⲛⲉⲩ-->
		<mark id="sTok921" xlink:href="#xpointer(string-range(//body,'',3190,3))"/>
		<!--ⲅⲣⲁⲙⲙⲁⲧⲉⲩⲥ-->
		<mark id="sTok922" xlink:href="#xpointer(string-range(//body,'',3194,10))"/>
		<!--.-->
		<mark id="sTok923" xlink:href="#xpointer(string-range(//body,'',3205,1))"/></markList></paula>