<?xml version='1.0' encoding='UTF-8'?><!DOCTYPE paula SYSTEM "paula_feat.dtd">
<paula version="1.1">
	<header paula_id="scriptorium.40_Matthew_07.mark_lang"/>
	<featList xmlns:xlink="http://www.w3.org/1999/xlink" type="lang" xml:base="scriptorium.40_Matthew_07.mark.xml">
		<feat xlink:href="#sSpan4" value="Greek"/>
		<feat xlink:href="#sSpan10" value="Greek"/>
		<feat xlink:href="#sSpan22" value="Greek"/>
		<feat xlink:href="#sSpan40" value="Greek"/>
		<feat xlink:href="#sSpan82" value="Greek"/>
		<feat xlink:href="#sSpan108" value="Greek"/>
		<feat xlink:href="#sSpan127" value="Greek"/>
		<feat xlink:href="#sSpan185" value="Greek"/>
		<feat xlink:href="#sSpan251" value="Greek"/>
		<feat xlink:href="#sSpan271" value="Greek"/>
		<feat xlink:href="#sSpan294" value="Greek"/>
		<feat xlink:href="#sSpan329" value="Greek"/>
		<feat xlink:href="#sSpan337" value="Greek"/>
		<feat xlink:href="#sSpan378" value="Greek"/>
		<feat xlink:href="#sSpan404" value="Greek"/>
		<feat xlink:href="#sSpan415" value="Greek"/>
		<feat xlink:href="#sSpan431" value="Greek"/>
		<feat xlink:href="#sSpan436" value="Greek"/>
		<feat xlink:href="#sSpan447" value="Greek"/>
		<feat xlink:href="#sSpan475" value="Greek"/>
		<feat xlink:href="#sSpan503" value="Greek"/>
		<feat xlink:href="#sSpan523" value="Greek"/>
		<feat xlink:href="#sSpan529" value="Greek"/>
		<feat xlink:href="#sSpan583" value="Greek"/>
		<feat xlink:href="#sSpan590" value="Greek"/>
		<feat xlink:href="#sSpan596" value="Greek"/>
		<feat xlink:href="#sSpan609" value="Greek"/>
		<feat xlink:href="#sSpan623" value="Greek"/>
		<feat xlink:href="#sSpan669" value="Greek"/>
		<feat xlink:href="#sSpan675" value="Greek"/>
		<feat xlink:href="#sSpan721" value="Greek"/>
		<feat xlink:href="#sSpan730" value="Greek"/>
		<feat xlink:href="#sSpan761" value="Greek"/>
		<feat xlink:href="#sSpan785" value="Greek"/>
		<feat xlink:href="#sSpan793" value="Greek"/>
		<feat xlink:href="#sSpan811" value="Greek"/>
		<feat xlink:href="#sSpan854" value="Greek"/>
		<feat xlink:href="#sSpan870" value="Greek"/>
		<feat xlink:href="#sSpan880" value="Greek"/>
		<feat xlink:href="#sSpan910" value="Greek"/>
		<feat xlink:href="#sSpan921" value="Greek"/>
		<feat xlink:href="#sSpan933" value="Greek"/>
		<feat xlink:href="#sSpan959" value="Greek"/>
		<feat xlink:href="#sSpan988" value="Greek"/>
		<feat xlink:href="#sSpan1000" value="Greek"/>
		<feat xlink:href="#sSpan1057" value="Greek"/>
		<feat xlink:href="#sSpan1089" value="Greek"/>
		<feat xlink:href="#sSpan1114" value="Greek"/>
		<feat xlink:href="#sSpan1128" value="Greek"/>
		<feat xlink:href="#sSpan1145" value="Greek"/>
		<feat xlink:href="#sSpan1151" value="Greek"/>
		<feat xlink:href="#sSpan1178" value="Greek"/>
		<feat xlink:href="#sSpan1183" value="Greek"/>
		<feat xlink:href="#sSpan1216" value="Greek"/>
		<feat xlink:href="#sSpan1286" value="Greek"/>
		<feat xlink:href="#sSpan1347" value="Greek"/>
		<feat xlink:href="#sSpan1355" value="Greek"/>
		<feat xlink:href="#sSpan1503" value="Greek"/>
		<feat xlink:href="#sSpan1507" value="Hebrew"/>
		<feat xlink:href="#sSpan1545" value="Greek"/>
		<feat xlink:href="#sSpan1552" value="Greek"/>
		<feat xlink:href="#sSpan1560" value="Greek"/>
		<feat xlink:href="#sSpan1575" value="Greek"/></featList></paula>