<?xml version='1.0' encoding='UTF-8'?><!DOCTYPE paula SYSTEM "paula_rel.dtd">
<paula version="1.1">
	<header paula_id="scriptorium.40_Matthew_07.head"/>
	<relList xmlns:xlink="http://www.w3.org/1999/xlink" type="head">
		<rel id="sPointingRel1649" xlink:href="scriptorium.40_Matthew_07.mark.xml#sSpan771" target="scriptorium.40_Matthew_07.mark.xml#sSpan770"/>
		<rel id="sPointingRel1651" xlink:href="scriptorium.40_Matthew_07.mark.xml#sSpan1032" target="scriptorium.40_Matthew_07.mark.xml#sSpan1034"/>
		<rel id="sPointingRel1653" xlink:href="scriptorium.40_Matthew_07.mark.xml#sSpan411" target="scriptorium.40_Matthew_07.mark.xml#sSpan412"/>
		<rel id="sPointingRel1655" xlink:href="scriptorium.40_Matthew_07.mark.xml#sSpan967" target="scriptorium.40_Matthew_07.mark.xml#sSpan968"/>
		<rel id="sPointingRel1657" xlink:href="scriptorium.40_Matthew_07.mark.xml#sSpan244" target="scriptorium.40_Matthew_07.mark.xml#sSpan245"/>
		<rel id="sPointingRel1659" xlink:href="scriptorium.40_Matthew_07.mark.xml#sSpan868" target="scriptorium.40_Matthew_07.mark.xml#sSpan869"/>
		<rel id="sPointingRel1661" xlink:href="scriptorium.40_Matthew_07.mark.xml#sSpan1426" target="scriptorium.40_Matthew_07.mark.xml#sSpan1427"/>
		<rel id="sPointingRel1663" xlink:href="scriptorium.40_Matthew_07.mark.xml#sSpan1261" target="scriptorium.40_Matthew_07.mark.xml#sSpan1262"/>
		<rel id="sPointingRel1665" xlink:href="scriptorium.40_Matthew_07.mark.xml#sSpan459" target="scriptorium.40_Matthew_07.mark.xml#sSpan460"/>
		<rel id="sPointingRel1667" xlink:href="scriptorium.40_Matthew_07.mark.xml#sSpan476" target="scriptorium.40_Matthew_07.mark.xml#sSpan475"/>
		<rel id="sPointingRel1669" xlink:href="scriptorium.40_Matthew_07.mark.xml#sSpan581" target="scriptorium.40_Matthew_07.mark.xml#sSpan580"/>
		<rel id="sPointingRel1671" xlink:href="scriptorium.40_Matthew_07.mark.xml#sSpan54" target="scriptorium.40_Matthew_07.mark.xml#sSpan55"/>
		<rel id="sPointingRel1673" xlink:href="scriptorium.40_Matthew_07.mark.xml#sSpan385" target="scriptorium.40_Matthew_07.mark.xml#sSpan384"/>
		<rel id="sPointingRel1675" xlink:href="scriptorium.40_Matthew_07.mark.xml#sSpan1046" target="scriptorium.40_Matthew_07.mark.xml#sSpan1048"/>
		<rel id="sPointingRel1677" xlink:href="scriptorium.40_Matthew_07.mark.xml#sSpan507" target="scriptorium.40_Matthew_07.mark.xml#sSpan508"/>
		<rel id="sPointingRel1679" xlink:href="scriptorium.40_Matthew_07.mark.xml#sSpan674" target="scriptorium.40_Matthew_07.mark.xml#sSpan675"/>
		<rel id="sPointingRel1681" xlink:href="scriptorium.40_Matthew_07.mark.xml#sSpan163" target="scriptorium.40_Matthew_07.mark.xml#sSpan164"/>
		<rel id="sPointingRel1683" xlink:href="scriptorium.40_Matthew_07.mark.xml#sSpan841" target="scriptorium.40_Matthew_07.mark.xml#sSpan840"/>
		<rel id="sPointingRel1685" xlink:href="scriptorium.40_Matthew_07.mark.xml#sSpan240" target="scriptorium.40_Matthew_07.mark.xml#sSpan239"/>
		<rel id="sPointingRel1687" xlink:href="scriptorium.40_Matthew_07.mark.xml#sSpan1101" target="scriptorium.40_Matthew_07.mark.xml#sSpan1102"/>
		<rel id="sPointingRel1689" xlink:href="scriptorium.40_Matthew_07.mark.xml#sSpan1011" target="scriptorium.40_Matthew_07.mark.xml#sSpan1008"/>
		<rel id="sPointingRel1691" xlink:href="scriptorium.40_Matthew_07.mark.xml#sSpan147" target="scriptorium.40_Matthew_07.mark.xml#sSpan148"/>
		<rel id="sPointingRel1693" xlink:href="scriptorium.40_Matthew_07.mark.xml#sSpan754" target="scriptorium.40_Matthew_07.mark.xml#sSpan753"/>
		<rel id="sPointingRel1695" xlink:href="scriptorium.40_Matthew_07.mark.xml#sSpan260" target="scriptorium.40_Matthew_07.mark.xml#sSpan259"/>
		<rel id="sPointingRel1697" xlink:href="scriptorium.40_Matthew_07.mark.xml#sSpan862" target="scriptorium.40_Matthew_07.mark.xml#sSpan863"/>
		<rel id="sPointingRel1699" xlink:href="scriptorium.40_Matthew_07.mark.xml#sSpan552" target="scriptorium.40_Matthew_07.mark.xml#sSpan553"/>
		<rel id="sPointingRel1701" xlink:href="scriptorium.40_Matthew_07.mark.xml#sSpan1074" target="scriptorium.40_Matthew_07.mark.xml#sSpan1075"/>
		<rel id="sPointingRel1703" xlink:href="scriptorium.40_Matthew_07.mark.xml#sSpan1053" target="scriptorium.40_Matthew_07.mark.xml#sSpan1054"/>
		<rel id="sPointingRel1705" xlink:href="scriptorium.40_Matthew_07.mark.xml#sSpan396" target="scriptorium.40_Matthew_07.mark.xml#sSpan394"/>
		<rel id="sPointingRel1707" xlink:href="scriptorium.40_Matthew_07.mark.xml#sSpan1514" target="scriptorium.40_Matthew_07.mark.xml#sSpan1515"/>
		<rel id="sPointingRel1709" xlink:href="scriptorium.40_Matthew_07.mark.xml#sSpan1508" target="scriptorium.40_Matthew_07.mark.xml#sSpan1507"/>
		<rel id="sPointingRel1711" xlink:href="scriptorium.40_Matthew_07.mark.xml#sSpan1320" target="scriptorium.40_Matthew_07.mark.xml#sSpan1321"/>
		<rel id="sPointingRel1713" xlink:href="scriptorium.40_Matthew_07.mark.xml#sSpan527" target="scriptorium.40_Matthew_07.mark.xml#sSpan526"/>
		<rel id="sPointingRel1715" xlink:href="scriptorium.40_Matthew_07.mark.xml#sSpan1146" target="scriptorium.40_Matthew_07.mark.xml#sSpan1145"/>
		<rel id="sPointingRel1717" xlink:href="scriptorium.40_Matthew_07.mark.xml#sSpan97" target="scriptorium.40_Matthew_07.mark.xml#sSpan98"/>
		<rel id="sPointingRel1719" xlink:href="scriptorium.40_Matthew_07.mark.xml#sSpan934" target="scriptorium.40_Matthew_07.mark.xml#sSpan933"/>
		<rel id="sPointingRel1721" xlink:href="scriptorium.40_Matthew_07.mark.xml#sSpan1139" target="scriptorium.40_Matthew_07.mark.xml#sSpan1140"/>
		<rel id="sPointingRel1723" xlink:href="scriptorium.40_Matthew_07.mark.xml#sSpan947" target="scriptorium.40_Matthew_07.mark.xml#sSpan945"/>
		<rel id="sPointingRel1725" xlink:href="scriptorium.40_Matthew_07.mark.xml#sSpan1364" target="scriptorium.40_Matthew_07.mark.xml#sSpan1361"/>
		<rel id="sPointingRel1727" xlink:href="scriptorium.40_Matthew_07.mark.xml#sSpan1061" target="scriptorium.40_Matthew_07.mark.xml#sSpan1059"/>
		<rel id="sPointingRel1729" xlink:href="scriptorium.40_Matthew_07.mark.xml#sSpan632" target="scriptorium.40_Matthew_07.mark.xml#sSpan633"/>
		<rel id="sPointingRel1731" xlink:href="scriptorium.40_Matthew_07.mark.xml#sSpan1302" target="scriptorium.40_Matthew_07.mark.xml#sSpan1303"/>
		<rel id="sPointingRel1733" xlink:href="scriptorium.40_Matthew_07.mark.xml#sSpan500" target="scriptorium.40_Matthew_07.mark.xml#sSpan502"/>
		<rel id="sPointingRel1735" xlink:href="scriptorium.40_Matthew_07.mark.xml#sSpan594" target="scriptorium.40_Matthew_07.mark.xml#sSpan596"/>
		<rel id="sPointingRel1737" xlink:href="scriptorium.40_Matthew_07.mark.xml#sSpan1080" target="scriptorium.40_Matthew_07.mark.xml#sSpan1081"/>
		<rel id="sPointingRel1739" xlink:href="scriptorium.40_Matthew_07.mark.xml#sSpan201" target="scriptorium.40_Matthew_07.mark.xml#sSpan202"/>
		<rel id="sPointingRel1741" xlink:href="scriptorium.40_Matthew_07.mark.xml#sSpan1285" target="scriptorium.40_Matthew_07.mark.xml#sSpan1286"/>
		<rel id="sPointingRel1743" xlink:href="scriptorium.40_Matthew_07.mark.xml#sSpan855" target="scriptorium.40_Matthew_07.mark.xml#sSpan854"/>
		<rel id="sPointingRel1745" xlink:href="scriptorium.40_Matthew_07.mark.xml#sSpan280" target="scriptorium.40_Matthew_07.mark.xml#sSpan281"/>
		<rel id="sPointingRel1747" xlink:href="scriptorium.40_Matthew_07.mark.xml#sSpan1375" target="scriptorium.40_Matthew_07.mark.xml#sSpan1376"/>
		<rel id="sPointingRel1749" xlink:href="scriptorium.40_Matthew_07.mark.xml#sSpan1559" target="scriptorium.40_Matthew_07.mark.xml#sSpan1560"/>
		<rel id="sPointingRel1751" xlink:href="scriptorium.40_Matthew_07.mark.xml#sSpan649" target="scriptorium.40_Matthew_07.mark.xml#sSpan648"/>
		<rel id="sPointingRel1753" xlink:href="scriptorium.40_Matthew_07.mark.xml#sSpan182" target="scriptorium.40_Matthew_07.mark.xml#sSpan185"/>
		<rel id="sPointingRel1755" xlink:href="scriptorium.40_Matthew_07.mark.xml#sSpan1160" target="scriptorium.40_Matthew_07.mark.xml#sSpan1161"/>
		<rel id="sPointingRel1757" xlink:href="scriptorium.40_Matthew_07.mark.xml#sSpan1452" target="scriptorium.40_Matthew_07.mark.xml#sSpan1453"/>
		<rel id="sPointingRel1759" xlink:href="scriptorium.40_Matthew_07.mark.xml#sSpan224" target="scriptorium.40_Matthew_07.mark.xml#sSpan225"/>
		<rel id="sPointingRel1761" xlink:href="scriptorium.40_Matthew_07.mark.xml#sSpan925" target="scriptorium.40_Matthew_07.mark.xml#sSpan923"/>
		<rel id="sPointingRel1763" xlink:href="scriptorium.40_Matthew_07.mark.xml#sSpan784" target="scriptorium.40_Matthew_07.mark.xml#sSpan785"/>
		<rel id="sPointingRel1765" xlink:href="scriptorium.40_Matthew_07.mark.xml#sSpan1380" target="scriptorium.40_Matthew_07.mark.xml#sSpan1379"/>
		<rel id="sPointingRel1767" xlink:href="scriptorium.40_Matthew_07.mark.xml#sSpan347" target="scriptorium.40_Matthew_07.mark.xml#sSpan346"/>
		<rel id="sPointingRel1769" xlink:href="scriptorium.40_Matthew_07.mark.xml#sSpan216" target="scriptorium.40_Matthew_07.mark.xml#sSpan217"/>
		<rel id="sPointingRel1771" xlink:href="scriptorium.40_Matthew_07.mark.xml#sSpan1171" target="scriptorium.40_Matthew_07.mark.xml#sSpan1170"/>
		<rel id="sPointingRel1773" xlink:href="scriptorium.40_Matthew_07.mark.xml#sSpan905" target="scriptorium.40_Matthew_07.mark.xml#sSpan906"/>
		<rel id="sPointingRel1775" xlink:href="scriptorium.40_Matthew_07.mark.xml#sSpan588" target="scriptorium.40_Matthew_07.mark.xml#sSpan590"/>
		<rel id="sPointingRel1777" xlink:href="scriptorium.40_Matthew_07.mark.xml#sSpan1494" target="scriptorium.40_Matthew_07.mark.xml#sSpan1495"/>
		<rel id="sPointingRel1779" xlink:href="scriptorium.40_Matthew_07.mark.xml#sSpan818" target="scriptorium.40_Matthew_07.mark.xml#sSpan817"/>
		<rel id="sPointingRel1781" xlink:href="scriptorium.40_Matthew_07.mark.xml#sSpan177" target="scriptorium.40_Matthew_07.mark.xml#sSpan178"/>
		<rel id="sPointingRel1783" xlink:href="scriptorium.40_Matthew_07.mark.xml#sSpan90" target="scriptorium.40_Matthew_07.mark.xml#sSpan91"/>
		<rel id="sPointingRel1785" xlink:href="scriptorium.40_Matthew_07.mark.xml#sSpan336" target="scriptorium.40_Matthew_07.mark.xml#sSpan337"/>
		<rel id="sPointingRel1787" xlink:href="scriptorium.40_Matthew_07.mark.xml#sSpan808" target="scriptorium.40_Matthew_07.mark.xml#sSpan807"/>
		<rel id="sPointingRel1789" xlink:href="scriptorium.40_Matthew_07.mark.xml#sSpan269" target="scriptorium.40_Matthew_07.mark.xml#sSpan270"/>
		<rel id="sPointingRel1791" xlink:href="scriptorium.40_Matthew_07.mark.xml#sSpan999" target="scriptorium.40_Matthew_07.mark.xml#sSpan1000"/>
		<rel id="sPointingRel1793" xlink:href="scriptorium.40_Matthew_07.mark.xml#sSpan881" target="scriptorium.40_Matthew_07.mark.xml#sSpan880"/>
		<rel id="sPointingRel1795" xlink:href="scriptorium.40_Matthew_07.mark.xml#sSpan427" target="scriptorium.40_Matthew_07.mark.xml#sSpan428"/>
		<rel id="sPointingRel1797" xlink:href="scriptorium.40_Matthew_07.mark.xml#sSpan443" target="scriptorium.40_Matthew_07.mark.xml#sSpan444"/>
		<rel id="sPointingRel1799" xlink:href="scriptorium.40_Matthew_07.mark.xml#sSpan1534" target="scriptorium.40_Matthew_07.mark.xml#sSpan1535"/>
		<rel id="sPointingRel1801" xlink:href="scriptorium.40_Matthew_07.mark.xml#sSpan1069" target="scriptorium.40_Matthew_07.mark.xml#sSpan1070"/>
		<rel id="sPointingRel1803" xlink:href="scriptorium.40_Matthew_07.mark.xml#sSpan749" target="scriptorium.40_Matthew_07.mark.xml#sSpan750"/>
		<rel id="sPointingRel1805" xlink:href="scriptorium.40_Matthew_07.mark.xml#sSpan1215" target="scriptorium.40_Matthew_07.mark.xml#sSpan1216"/>
		<rel id="sPointingRel1807" xlink:href="scriptorium.40_Matthew_07.mark.xml#sSpan1472" target="scriptorium.40_Matthew_07.mark.xml#sSpan1473"/>
		<rel id="sPointingRel1809" xlink:href="scriptorium.40_Matthew_07.mark.xml#sSpan249" target="scriptorium.40_Matthew_07.mark.xml#sSpan250"/>
		<rel id="sPointingRel1811" xlink:href="scriptorium.40_Matthew_07.mark.xml#sSpan830" target="scriptorium.40_Matthew_07.mark.xml#sSpan829"/>
		<rel id="sPointingRel1813" xlink:href="scriptorium.40_Matthew_07.mark.xml#sSpan627" target="scriptorium.40_Matthew_07.mark.xml#sSpan626"/>
		<rel id="sPointingRel1815" xlink:href="scriptorium.40_Matthew_07.mark.xml#sSpan359" target="scriptorium.40_Matthew_07.mark.xml#sSpan358"/>
		<rel id="sPointingRel1817" xlink:href="scriptorium.40_Matthew_07.mark.xml#sSpan522" target="scriptorium.40_Matthew_07.mark.xml#sSpan523"/>
		<rel id="sPointingRel1819" xlink:href="scriptorium.40_Matthew_07.mark.xml#sSpan1404" target="scriptorium.40_Matthew_07.mark.xml#sSpan1405"/>
		<rel id="sPointingRel1821" xlink:href="scriptorium.40_Matthew_07.mark.xml#sSpan758" target="scriptorium.40_Matthew_07.mark.xml#sSpan760"/>
		<rel id="sPointingRel1823" xlink:href="scriptorium.40_Matthew_07.mark.xml#sSpan729" target="scriptorium.40_Matthew_07.mark.xml#sSpan730"/>
		<rel id="sPointingRel1825" xlink:href="scriptorium.40_Matthew_07.mark.xml#sSpan1088" target="scriptorium.40_Matthew_07.mark.xml#sSpan1087"/>
		<rel id="sPointingRel1827" xlink:href="scriptorium.40_Matthew_07.mark.xml#sSpan1234" target="scriptorium.40_Matthew_07.mark.xml#sSpan1235"/>
		<rel id="sPointingRel1829" xlink:href="scriptorium.40_Matthew_07.mark.xml#sSpan27" target="scriptorium.40_Matthew_07.mark.xml#sSpan26"/>
		<rel id="sPointingRel1831" xlink:href="scriptorium.40_Matthew_07.mark.xml#sSpan1278" target="scriptorium.40_Matthew_07.mark.xml#sSpan1279"/>
		<rel id="sPointingRel1833" xlink:href="scriptorium.40_Matthew_07.mark.xml#sSpan960" target="scriptorium.40_Matthew_07.mark.xml#sSpan959"/>
		<rel id="sPointingRel1835" xlink:href="scriptorium.40_Matthew_07.mark.xml#sSpan1207" target="scriptorium.40_Matthew_07.mark.xml#sSpan1205"/>
		<rel id="sPointingRel1837" xlink:href="scriptorium.40_Matthew_07.mark.xml#sSpan1229" target="scriptorium.40_Matthew_07.mark.xml#sSpan1230"/>
		<rel id="sPointingRel1839" xlink:href="scriptorium.40_Matthew_07.mark.xml#sSpan156" target="scriptorium.40_Matthew_07.mark.xml#sSpan155"/>
		<rel id="sPointingRel1841" xlink:href="scriptorium.40_Matthew_07.mark.xml#sSpan694" target="scriptorium.40_Matthew_07.mark.xml#sSpan695"/>
		<rel id="sPointingRel1843" xlink:href="scriptorium.40_Matthew_07.mark.xml#sSpan765" target="scriptorium.40_Matthew_07.mark.xml#sSpan766"/>
		<rel id="sPointingRel1845" xlink:href="scriptorium.40_Matthew_07.mark.xml#sSpan114" target="scriptorium.40_Matthew_07.mark.xml#sSpan115"/>
		<rel id="sPointingRel1847" xlink:href="scriptorium.40_Matthew_07.mark.xml#sSpan20" target="scriptorium.40_Matthew_07.mark.xml#sSpan21"/>
		<rel id="sPointingRel1849" xlink:href="scriptorium.40_Matthew_07.mark.xml#sSpan1574" target="scriptorium.40_Matthew_07.mark.xml#sSpan1575"/>
		<rel id="sPointingRel1851" xlink:href="scriptorium.40_Matthew_07.mark.xml#sSpan495" target="scriptorium.40_Matthew_07.mark.xml#sSpan496"/>
		<rel id="sPointingRel1853" xlink:href="scriptorium.40_Matthew_07.mark.xml#sSpan327" target="scriptorium.40_Matthew_07.mark.xml#sSpan325"/>
		<rel id="sPointingRel1855" xlink:href="scriptorium.40_Matthew_07.mark.xml#sSpan1443" target="scriptorium.40_Matthew_07.mark.xml#sSpan1444"/>
		<rel id="sPointingRel1857" xlink:href="scriptorium.40_Matthew_07.mark.xml#sSpan622" target="scriptorium.40_Matthew_07.mark.xml#sSpan623"/>
		<rel id="sPointingRel1859" xlink:href="scriptorium.40_Matthew_07.mark.xml#sSpan142" target="scriptorium.40_Matthew_07.mark.xml#sSpan143"/>
		<rel id="sPointingRel1861" xlink:href="scriptorium.40_Matthew_07.mark.xml#sSpan826" target="scriptorium.40_Matthew_07.mark.xml#sSpan825"/>
		<rel id="sPointingRel1863" xlink:href="scriptorium.40_Matthew_07.mark.xml#sSpan399" target="scriptorium.40_Matthew_07.mark.xml#sSpan401"/>
		<rel id="sPointingRel1865" xlink:href="scriptorium.40_Matthew_07.mark.xml#sSpan1354" target="scriptorium.40_Matthew_07.mark.xml#sSpan1355"/>
		<rel id="sPointingRel1867" xlink:href="scriptorium.40_Matthew_07.mark.xml#sSpan513" target="scriptorium.40_Matthew_07.mark.xml#sSpan514"/>
		<rel id="sPointingRel1869" xlink:href="scriptorium.40_Matthew_07.mark.xml#sSpan642" target="scriptorium.40_Matthew_07.mark.xml#sSpan643"/>
		<rel id="sPointingRel1871" xlink:href="scriptorium.40_Matthew_07.mark.xml#sSpan1461" target="scriptorium.40_Matthew_07.mark.xml#sSpan1462"/>
		<rel id="sPointingRel1873" xlink:href="scriptorium.40_Matthew_07.mark.xml#sSpan1109" target="scriptorium.40_Matthew_07.mark.xml#sSpan1110"/>
		<rel id="sPointingRel1875" xlink:href="scriptorium.40_Matthew_07.mark.xml#sSpan229" target="scriptorium.40_Matthew_07.mark.xml#sSpan230"/>
		<rel id="sPointingRel1877" xlink:href="scriptorium.40_Matthew_07.mark.xml#sSpan941" target="scriptorium.40_Matthew_07.mark.xml#sSpan942"/>
		<rel id="sPointingRel1879" xlink:href="scriptorium.40_Matthew_07.mark.xml#sSpan1123" target="scriptorium.40_Matthew_07.mark.xml#sSpan1124"/>
		<rel id="sPointingRel1881" xlink:href="scriptorium.40_Matthew_07.mark.xml#sSpan684" target="scriptorium.40_Matthew_07.mark.xml#sSpan685"/>
		<rel id="sPointingRel1883" xlink:href="scriptorium.40_Matthew_07.mark.xml#sSpan1527" target="scriptorium.40_Matthew_07.mark.xml#sSpan1528"/>
		<rel id="sPointingRel1885" xlink:href="scriptorium.40_Matthew_07.mark.xml#sSpan1331" target="scriptorium.40_Matthew_07.mark.xml#sSpan1332"/>
		<rel id="sPointingRel1887" xlink:href="scriptorium.40_Matthew_07.mark.xml#sSpan912" target="scriptorium.40_Matthew_07.mark.xml#sSpan910"/>
		<rel id="sPointingRel1889" xlink:href="scriptorium.40_Matthew_07.mark.xml#sSpan537" target="scriptorium.40_Matthew_07.mark.xml#sSpan535"/>
		<rel id="sPointingRel1891" xlink:href="scriptorium.40_Matthew_07.mark.xml#sSpan102" target="scriptorium.40_Matthew_07.mark.xml#sSpan103"/>
		<rel id="sPointingRel1893" xlink:href="scriptorium.40_Matthew_07.mark.xml#sSpan701" target="scriptorium.40_Matthew_07.mark.xml#sSpan703"/>
		<rel id="sPointingRel1895" xlink:href="scriptorium.40_Matthew_07.mark.xml#sSpan984" target="scriptorium.40_Matthew_07.mark.xml#sSpan985"/>
		<rel id="sPointingRel1897" xlink:href="scriptorium.40_Matthew_07.mark.xml#sSpan1029" target="scriptorium.40_Matthew_07.mark.xml#sSpan1030"/>
		<rel id="sPointingRel1899" xlink:href="scriptorium.40_Matthew_07.mark.xml#sSpan1311" target="scriptorium.40_Matthew_07.mark.xml#sSpan1312"/>
		<rel id="sPointingRel1901" xlink:href="scriptorium.40_Matthew_07.mark.xml#sSpan1421" target="scriptorium.40_Matthew_07.mark.xml#sSpan1422"/>
		<rel id="sPointingRel1903" xlink:href="scriptorium.40_Matthew_07.mark.xml#sSpan608" target="scriptorium.40_Matthew_07.mark.xml#sSpan609"/>
		<rel id="sPointingRel1905" xlink:href="scriptorium.40_Matthew_07.mark.xml#sSpan1370" target="scriptorium.40_Matthew_07.mark.xml#sSpan1371"/>
		<rel id="sPointingRel1907" xlink:href="scriptorium.40_Matthew_07.mark.xml#sSpan847" target="scriptorium.40_Matthew_07.mark.xml#sSpan848"/>
		<rel id="sPointingRel1909" xlink:href="scriptorium.40_Matthew_07.mark.xml#sSpan738" target="scriptorium.40_Matthew_07.mark.xml#sSpan736"/>
		<rel id="sPointingRel1911" xlink:href="scriptorium.40_Matthew_07.mark.xml#sSpan1239" target="scriptorium.40_Matthew_07.mark.xml#sSpan1238"/>
		<rel id="sPointingRel1913" xlink:href="scriptorium.40_Matthew_07.mark.xml#sSpan365" target="scriptorium.40_Matthew_07.mark.xml#sSpan364"/>
		<rel id="sPointingRel1915" xlink:href="scriptorium.40_Matthew_07.mark.xml#sSpan900" target="scriptorium.40_Matthew_07.mark.xml#sSpan901"/></relList></paula>