<?xml version='1.0' encoding='UTF-8'?><!DOCTYPE paula SYSTEM "paula_feat.dtd">
<paula version="1.1">
	<header paula_id="scriptorium.40_Matthew_07.dep_func"/>
	<featList xmlns:xlink="http://www.w3.org/1999/xlink" type="func" xml:base="scriptorium.40_Matthew_07.dep.xml">
		<feat xlink:href="#sPointingRel1" value="dislocated"/>
		<feat xlink:href="#sPointingRel3" value="case"/>
		<feat xlink:href="#sPointingRel5" value="det"/>
		<feat xlink:href="#sPointingRel7" value="case"/>
		<feat xlink:href="#sPointingRel9" value="det"/>
		<feat xlink:href="#sPointingRel11" value="fixed"/>
		<feat xlink:href="#sPointingRel13" value="case"/>
		<feat xlink:href="#sPointingRel15" value="det"/>
		<feat xlink:href="#sPointingRel17" value="obl"/>
		<feat xlink:href="#sPointingRel19" value="case"/>
		<feat xlink:href="#sPointingRel21" value="aux"/>
		<feat xlink:href="#sPointingRel23" value="nmod"/>
		<feat xlink:href="#sPointingRel25" value="case"/>
		<feat xlink:href="#sPointingRel27" value="det"/>
		<feat xlink:href="#sPointingRel29" value="case"/>
		<feat xlink:href="#sPointingRel31" value="det"/>
		<feat xlink:href="#sPointingRel33" value="case"/>
		<feat xlink:href="#sPointingRel35" value="nsubj"/>
		<feat xlink:href="#sPointingRel37" value="obj"/>
		<feat xlink:href="#sPointingRel39" value="advmod"/>
		<feat xlink:href="#sPointingRel41" value="aux"/>
		<feat xlink:href="#sPointingRel43" value="dislocated"/>
		<feat xlink:href="#sPointingRel45" value="aux"/>
		<feat xlink:href="#sPointingRel47" value="dislocated"/>
		<feat xlink:href="#sPointingRel49" value="dislocated"/>
		<feat xlink:href="#sPointingRel51" value="case"/>
		<feat xlink:href="#sPointingRel53" value="mark"/>
		<feat xlink:href="#sPointingRel55" value="det"/>
		<feat xlink:href="#sPointingRel57" value="aux"/>
		<feat xlink:href="#sPointingRel59" value="mark"/>
		<feat xlink:href="#sPointingRel61" value="case"/>
		<feat xlink:href="#sPointingRel63" value="nsubj"/>
		<feat xlink:href="#sPointingRel65" value="aux"/>
		<feat xlink:href="#sPointingRel67" value="det"/>
		<feat xlink:href="#sPointingRel69" value="mark"/>
		<feat xlink:href="#sPointingRel71" value="obl"/>
		<feat xlink:href="#sPointingRel73" value="case"/>
		<feat xlink:href="#sPointingRel75" value="det"/>
		<feat xlink:href="#sPointingRel77" value="advcl"/>
		<feat xlink:href="#sPointingRel79" value="obj"/>
		<feat xlink:href="#sPointingRel81" value="obl"/>
		<feat xlink:href="#sPointingRel83" value="aux"/>
		<feat xlink:href="#sPointingRel85" value="obj"/>
		<feat xlink:href="#sPointingRel87" value="mark"/>
		<feat xlink:href="#sPointingRel89" value="obj"/>
		<feat xlink:href="#sPointingRel91" value="obl"/>
		<feat xlink:href="#sPointingRel93" value="nsubj"/>
		<feat xlink:href="#sPointingRel95" value="mark"/>
		<feat xlink:href="#sPointingRel97" value="cc"/>
		<feat xlink:href="#sPointingRel99" value="nsubj"/>
		<feat xlink:href="#sPointingRel101" value="case"/>
		<feat xlink:href="#sPointingRel103" value="aux"/>
		<feat xlink:href="#sPointingRel105" value="case"/>
		<feat xlink:href="#sPointingRel107" value="aux"/>
		<feat xlink:href="#sPointingRel109" value="obl"/>
		<feat xlink:href="#sPointingRel111" value="advmod"/>
		<feat xlink:href="#sPointingRel113" value="case"/>
		<feat xlink:href="#sPointingRel115" value="aux"/>
		<feat xlink:href="#sPointingRel117" value="conj"/>
		<feat xlink:href="#sPointingRel119" value="acl"/>
		<feat xlink:href="#sPointingRel121" value="det"/>
		<feat xlink:href="#sPointingRel123" value="case"/>
		<feat xlink:href="#sPointingRel125" value="nsubj"/>
		<feat xlink:href="#sPointingRel127" value="obl"/>
		<feat xlink:href="#sPointingRel129" value="aux"/>
		<feat xlink:href="#sPointingRel131" value="aux"/>
		<feat xlink:href="#sPointingRel133" value="obj"/>
		<feat xlink:href="#sPointingRel135" value="nsubj"/>
		<feat xlink:href="#sPointingRel137" value="det"/>
		<feat xlink:href="#sPointingRel139" value="case"/>
		<feat xlink:href="#sPointingRel141" value="advmod"/>
		<feat xlink:href="#sPointingRel143" value="nsubj"/>
		<feat xlink:href="#sPointingRel145" value="det"/>
		<feat xlink:href="#sPointingRel147" value="advmod"/>
		<feat xlink:href="#sPointingRel149" value="advmod"/>
		<feat xlink:href="#sPointingRel151" value="nsubj"/>
		<feat xlink:href="#sPointingRel153" value="nsubj"/>
		<feat xlink:href="#sPointingRel155" value="det"/>
		<feat xlink:href="#sPointingRel157" value="obj"/>
		<feat xlink:href="#sPointingRel159" value="nsubj"/>
		<feat xlink:href="#sPointingRel161" value="obl"/>
		<feat xlink:href="#sPointingRel163" value="case"/>
		<feat xlink:href="#sPointingRel165" value="case"/>
		<feat xlink:href="#sPointingRel167" value="det"/>
		<feat xlink:href="#sPointingRel169" value="case"/>
		<feat xlink:href="#sPointingRel171" value="advmod"/>
		<feat xlink:href="#sPointingRel173" value="obl"/>
		<feat xlink:href="#sPointingRel175" value="case"/>
		<feat xlink:href="#sPointingRel177" value="fixed"/>
		<feat xlink:href="#sPointingRel179" value="case"/>
		<feat xlink:href="#sPointingRel181" value="parataxis"/>
		<feat xlink:href="#sPointingRel183" value="acl"/>
		<feat xlink:href="#sPointingRel185" value="det"/>
		<feat xlink:href="#sPointingRel187" value="aux"/>
		<feat xlink:href="#sPointingRel189" value="nsubj"/>
		<feat xlink:href="#sPointingRel191" value="nmod"/>
		<feat xlink:href="#sPointingRel193" value="nsubj"/>
		<feat xlink:href="#sPointingRel195" value="parataxis"/>
		<feat xlink:href="#sPointingRel197" value="det"/>
		<feat xlink:href="#sPointingRel199" value="det"/>
		<feat xlink:href="#sPointingRel201" value="mark"/>
		<feat xlink:href="#sPointingRel203" value="mark"/>
		<feat xlink:href="#sPointingRel205" value="acl"/>
		<feat xlink:href="#sPointingRel207" value="obj"/>
		<feat xlink:href="#sPointingRel209" value="case"/>
		<feat xlink:href="#sPointingRel211" value="case"/>
		<feat xlink:href="#sPointingRel213" value="parataxis"/>
		<feat xlink:href="#sPointingRel215" value="obj"/>
		<feat xlink:href="#sPointingRel217" value="aux"/>
		<feat xlink:href="#sPointingRel219" value="nmod"/>
		<feat xlink:href="#sPointingRel221" value="advmod"/>
		<feat xlink:href="#sPointingRel223" value="aux"/>
		<feat xlink:href="#sPointingRel225" value="acl"/>
		<feat xlink:href="#sPointingRel227" value="obj"/>
		<feat xlink:href="#sPointingRel229" value="parataxis"/>
		<feat xlink:href="#sPointingRel231" value="case"/>
		<feat xlink:href="#sPointingRel233" value="case"/>
		<feat xlink:href="#sPointingRel235" value="mark"/>
		<feat xlink:href="#sPointingRel237" value="appos"/>
		<feat xlink:href="#sPointingRel239" value="obl"/>
		<feat xlink:href="#sPointingRel241" value="det"/>
		<feat xlink:href="#sPointingRel243" value="case"/>
		<feat xlink:href="#sPointingRel245" value="aux"/>
		<feat xlink:href="#sPointingRel247" value="acl"/>
		<feat xlink:href="#sPointingRel249" value="det"/>
		<feat xlink:href="#sPointingRel251" value="nmod"/>
		<feat xlink:href="#sPointingRel253" value="case"/>
		<feat xlink:href="#sPointingRel255" value="cc"/>
		<feat xlink:href="#sPointingRel257" value="case"/>
		<feat xlink:href="#sPointingRel259" value="obj"/>
		<feat xlink:href="#sPointingRel261" value="case"/>
		<feat xlink:href="#sPointingRel263" value="det"/>
		<feat xlink:href="#sPointingRel265" value="parataxis"/>
		<feat xlink:href="#sPointingRel267" value="aux"/>
		<feat xlink:href="#sPointingRel269" value="case"/>
		<feat xlink:href="#sPointingRel271" value="nsubj"/>
		<feat xlink:href="#sPointingRel273" value="mark"/>
		<feat xlink:href="#sPointingRel275" value="case"/>
		<feat xlink:href="#sPointingRel277" value="nsubj"/>
		<feat xlink:href="#sPointingRel279" value="ccomp"/>
		<feat xlink:href="#sPointingRel281" value="nmod"/>
		<feat xlink:href="#sPointingRel283" value="csubj"/>
		<feat xlink:href="#sPointingRel285" value="case"/>
		<feat xlink:href="#sPointingRel287" value="case"/>
		<feat xlink:href="#sPointingRel289" value="advcl"/>
		<feat xlink:href="#sPointingRel291" value="mark"/>
		<feat xlink:href="#sPointingRel293" value="det"/>
		<feat xlink:href="#sPointingRel295" value="aux"/>
		<feat xlink:href="#sPointingRel297" value="cc"/>
		<feat xlink:href="#sPointingRel299" value="aux"/>
		<feat xlink:href="#sPointingRel301" value="case"/>
		<feat xlink:href="#sPointingRel303" value="det"/>
		<feat xlink:href="#sPointingRel305" value="advcl"/>
		<feat xlink:href="#sPointingRel307" value="nsubj"/>
		<feat xlink:href="#sPointingRel309" value="aux"/>
		<feat xlink:href="#sPointingRel311" value="det"/>
		<feat xlink:href="#sPointingRel313" value="acl"/>
		<feat xlink:href="#sPointingRel315" value="case"/>
		<feat xlink:href="#sPointingRel317" value="mark"/>
		<feat xlink:href="#sPointingRel319" value="case"/>
		<feat xlink:href="#sPointingRel321" value="nsubj"/>
		<feat xlink:href="#sPointingRel323" value="mark"/>
		<feat xlink:href="#sPointingRel325" value="obl"/>
		<feat xlink:href="#sPointingRel327" value="aux"/>
		<feat xlink:href="#sPointingRel329" value="det"/>
		<feat xlink:href="#sPointingRel331" value="cop"/>
		<feat xlink:href="#sPointingRel333" value="case"/>
		<feat xlink:href="#sPointingRel335" value="advcl"/>
		<feat xlink:href="#sPointingRel337" value="advmod"/>
		<feat xlink:href="#sPointingRel339" value="fixed"/>
		<feat xlink:href="#sPointingRel341" value="advmod"/>
		<feat xlink:href="#sPointingRel343" value="parataxis"/>
		<feat xlink:href="#sPointingRel345" value="mark"/>
		<feat xlink:href="#sPointingRel347" value="advmod"/>
		<feat xlink:href="#sPointingRel349" value="advmod"/>
		<feat xlink:href="#sPointingRel351" value="case"/>
		<feat xlink:href="#sPointingRel353" value="dislocated"/>
		<feat xlink:href="#sPointingRel355" value="case"/>
		<feat xlink:href="#sPointingRel357" value="obj"/>
		<feat xlink:href="#sPointingRel359" value="dislocated"/>
		<feat xlink:href="#sPointingRel361" value="cop"/>
		<feat xlink:href="#sPointingRel363" value="obl"/>
		<feat xlink:href="#sPointingRel365" value="mark"/>
		<feat xlink:href="#sPointingRel367" value="case"/>
		<feat xlink:href="#sPointingRel369" value="obj"/>
		<feat xlink:href="#sPointingRel371" value="mark"/>
		<feat xlink:href="#sPointingRel373" value="cc"/>
		<feat xlink:href="#sPointingRel375" value="case"/>
		<feat xlink:href="#sPointingRel377" value="det"/>
		<feat xlink:href="#sPointingRel379" value="det"/>
		<feat xlink:href="#sPointingRel381" value="advcl"/>
		<feat xlink:href="#sPointingRel383" value="dislocated"/>
		<feat xlink:href="#sPointingRel385" value="mark"/>
		<feat xlink:href="#sPointingRel387" value="case"/>
		<feat xlink:href="#sPointingRel389" value="case"/>
		<feat xlink:href="#sPointingRel391" value="case"/>
		<feat xlink:href="#sPointingRel393" value="case"/>
		<feat xlink:href="#sPointingRel395" value="acl"/>
		<feat xlink:href="#sPointingRel397" value="det"/>
		<feat xlink:href="#sPointingRel399" value="case"/>
		<feat xlink:href="#sPointingRel401" value="advmod"/>
		<feat xlink:href="#sPointingRel403" value="obl"/>
		<feat xlink:href="#sPointingRel405" value="case"/>
		<feat xlink:href="#sPointingRel407" value="acl"/>
		<feat xlink:href="#sPointingRel409" value="parataxis"/>
		<feat xlink:href="#sPointingRel411" value="cc"/>
		<feat xlink:href="#sPointingRel413" value="case"/>
		<feat xlink:href="#sPointingRel415" value="det"/>
		<feat xlink:href="#sPointingRel417" value="conj"/>
		<feat xlink:href="#sPointingRel419" value="det"/>
		<feat xlink:href="#sPointingRel421" value="nsubj"/>
		<feat xlink:href="#sPointingRel423" value="obj"/>
		<feat xlink:href="#sPointingRel425" value="mark"/>
		<feat xlink:href="#sPointingRel427" value="nsubj"/>
		<feat xlink:href="#sPointingRel429" value="conj"/>
		<feat xlink:href="#sPointingRel431" value="dislocated"/>
		<feat xlink:href="#sPointingRel433" value="aux"/>
		<feat xlink:href="#sPointingRel435" value="cc"/>
		<feat xlink:href="#sPointingRel437" value="obj"/>
		<feat xlink:href="#sPointingRel439" value="nsubj"/>
		<feat xlink:href="#sPointingRel441" value="obl"/>
		<feat xlink:href="#sPointingRel443" value="mark"/>
		<feat xlink:href="#sPointingRel445" value="xcomp"/>
		<feat xlink:href="#sPointingRel447" value="case"/>
		<feat xlink:href="#sPointingRel449" value="obl"/>
		<feat xlink:href="#sPointingRel451" value="acl"/>
		<feat xlink:href="#sPointingRel453" value="det"/>
		<feat xlink:href="#sPointingRel455" value="det"/>
		<feat xlink:href="#sPointingRel457" value="det"/>
		<feat xlink:href="#sPointingRel459" value="advmod"/>
		<feat xlink:href="#sPointingRel461" value="det"/>
		<feat xlink:href="#sPointingRel463" value="case"/>
		<feat xlink:href="#sPointingRel465" value="case"/>
		<feat xlink:href="#sPointingRel467" value="obl"/>
		<feat xlink:href="#sPointingRel469" value="nsubj"/>
		<feat xlink:href="#sPointingRel471" value="parataxis"/>
		<feat xlink:href="#sPointingRel473" value="case"/>
		<feat xlink:href="#sPointingRel475" value="case"/>
		<feat xlink:href="#sPointingRel477" value="advmod"/>
		<feat xlink:href="#sPointingRel479" value="obl"/>
		<feat xlink:href="#sPointingRel481" value="mark"/>
		<feat xlink:href="#sPointingRel483" value="nmod"/>
		<feat xlink:href="#sPointingRel485" value="nsubj"/>
		<feat xlink:href="#sPointingRel487" value="cop"/>
		<feat xlink:href="#sPointingRel489" value="nsubj"/>
		<feat xlink:href="#sPointingRel491" value="aux"/>
		<feat xlink:href="#sPointingRel493" value="obj"/>
		<feat xlink:href="#sPointingRel495" value="mark"/>
		<feat xlink:href="#sPointingRel497" value="advcl"/>
		<feat xlink:href="#sPointingRel499" value="mark"/>
		<feat xlink:href="#sPointingRel501" value="advmod"/>
		<feat xlink:href="#sPointingRel503" value="mark"/>
		<feat xlink:href="#sPointingRel505" value="fixed"/>
		<feat xlink:href="#sPointingRel507" value="nsubj"/>
		<feat xlink:href="#sPointingRel509" value="det"/>
		<feat xlink:href="#sPointingRel511" value="advcl"/>
		<feat xlink:href="#sPointingRel513" value="advmod"/>
		<feat xlink:href="#sPointingRel515" value="det"/>
		<feat xlink:href="#sPointingRel517" value="obj"/>
		<feat xlink:href="#sPointingRel519" value="nsubj"/>
		<feat xlink:href="#sPointingRel521" value="case"/>
		<feat xlink:href="#sPointingRel523" value="mark"/>
		<feat xlink:href="#sPointingRel525" value="nmod"/>
		<feat xlink:href="#sPointingRel527" value="mark"/>
		<feat xlink:href="#sPointingRel529" value="aux"/>
		<feat xlink:href="#sPointingRel531" value="obl"/>
		<feat xlink:href="#sPointingRel533" value="nsubj"/>
		<feat xlink:href="#sPointingRel535" value="obj"/>
		<feat xlink:href="#sPointingRel537" value="case"/>
		<feat xlink:href="#sPointingRel539" value="fixed"/>
		<feat xlink:href="#sPointingRel541" value="obj"/>
		<feat xlink:href="#sPointingRel543" value="nmod"/>
		<feat xlink:href="#sPointingRel545" value="obl"/>
		<feat xlink:href="#sPointingRel547" value="mark"/>
		<feat xlink:href="#sPointingRel549" value="case"/>
		<feat xlink:href="#sPointingRel551" value="case"/>
		<feat xlink:href="#sPointingRel553" value="det"/>
		<feat xlink:href="#sPointingRel555" value="ccomp"/>
		<feat xlink:href="#sPointingRel557" value="dislocated"/>
		<feat xlink:href="#sPointingRel559" value="mark"/>
		<feat xlink:href="#sPointingRel561" value="case"/>
		<feat xlink:href="#sPointingRel563" value="nmod"/>
		<feat xlink:href="#sPointingRel565" value="acl"/>
		<feat xlink:href="#sPointingRel567" value="dislocated"/>
		<feat xlink:href="#sPointingRel569" value="case"/>
		<feat xlink:href="#sPointingRel571" value="nmod"/>
		<feat xlink:href="#sPointingRel573" value="case"/>
		<feat xlink:href="#sPointingRel575" value="aux"/>
		<feat xlink:href="#sPointingRel577" value="aux"/>
		<feat xlink:href="#sPointingRel579" value="mark"/>
		<feat xlink:href="#sPointingRel581" value="det"/>
		<feat xlink:href="#sPointingRel583" value="case"/>
		<feat xlink:href="#sPointingRel585" value="case"/>
		<feat xlink:href="#sPointingRel587" value="case"/>
		<feat xlink:href="#sPointingRel589" value="nsubj"/>
		<feat xlink:href="#sPointingRel591" value="det"/>
		<feat xlink:href="#sPointingRel593" value="conj"/>
		<feat xlink:href="#sPointingRel595" value="mark"/>
		<feat xlink:href="#sPointingRel597" value="nsubj"/>
		<feat xlink:href="#sPointingRel599" value="advmod"/>
		<feat xlink:href="#sPointingRel601" value="det"/>
		<feat xlink:href="#sPointingRel603" value="obl"/>
		<feat xlink:href="#sPointingRel605" value="det"/>
		<feat xlink:href="#sPointingRel607" value="fixed"/>
		<feat xlink:href="#sPointingRel609" value="cop"/>
		<feat xlink:href="#sPointingRel611" value="mark"/>
		<feat xlink:href="#sPointingRel613" value="det"/>
		<feat xlink:href="#sPointingRel615" value="aux"/>
		<feat xlink:href="#sPointingRel617" value="dislocated"/>
		<feat xlink:href="#sPointingRel619" value="cop"/>
		<feat xlink:href="#sPointingRel621" value="cop"/>
		<feat xlink:href="#sPointingRel623" value="det"/>
		<feat xlink:href="#sPointingRel625" value="csubj"/>
		<feat xlink:href="#sPointingRel627" value="nmod"/>
		<feat xlink:href="#sPointingRel629" value="advmod"/>
		<feat xlink:href="#sPointingRel631" value="det"/>
		<feat xlink:href="#sPointingRel633" value="aux"/>
		<feat xlink:href="#sPointingRel635" value="aux"/>
		<feat xlink:href="#sPointingRel637" value="det"/>
		<feat xlink:href="#sPointingRel639" value="nsubj"/>
		<feat xlink:href="#sPointingRel641" value="case"/>
		<feat xlink:href="#sPointingRel643" value="nmod"/>
		<feat xlink:href="#sPointingRel645" value="nsubj"/>
		<feat xlink:href="#sPointingRel647" value="mark"/>
		<feat xlink:href="#sPointingRel649" value="det"/>
		<feat xlink:href="#sPointingRel651" value="det"/>
		<feat xlink:href="#sPointingRel653" value="det"/>
		<feat xlink:href="#sPointingRel655" value="nsubj"/>
		<feat xlink:href="#sPointingRel657" value="nsubj"/>
		<feat xlink:href="#sPointingRel659" value="acl"/>
		<feat xlink:href="#sPointingRel661" value="mark"/>
		<feat xlink:href="#sPointingRel663" value="obj"/>
		<feat xlink:href="#sPointingRel665" value="parataxis"/>
		<feat xlink:href="#sPointingRel667" value="mark"/>
		<feat xlink:href="#sPointingRel669" value="mark"/>
		<feat xlink:href="#sPointingRel671" value="case"/>
		<feat xlink:href="#sPointingRel673" value="obl"/>
		<feat xlink:href="#sPointingRel675" value="det"/>
		<feat xlink:href="#sPointingRel677" value="nsubj"/>
		<feat xlink:href="#sPointingRel679" value="advmod"/>
		<feat xlink:href="#sPointingRel681" value="conj"/>
		<feat xlink:href="#sPointingRel683" value="mark"/>
		<feat xlink:href="#sPointingRel685" value="case"/>
		<feat xlink:href="#sPointingRel687" value="det"/>
		<feat xlink:href="#sPointingRel689" value="aux"/>
		<feat xlink:href="#sPointingRel691" value="aux"/>
		<feat xlink:href="#sPointingRel693" value="obl"/>
		<feat xlink:href="#sPointingRel695" value="det"/>
		<feat xlink:href="#sPointingRel697" value="conj"/>
		<feat xlink:href="#sPointingRel699" value="obj"/>
		<feat xlink:href="#sPointingRel701" value="cc"/>
		<feat xlink:href="#sPointingRel703" value="mark"/>
		<feat xlink:href="#sPointingRel705" value="case"/>
		<feat xlink:href="#sPointingRel707" value="det"/>
		<feat xlink:href="#sPointingRel709" value="case"/>
		<feat xlink:href="#sPointingRel711" value="nsubj"/>
		<feat xlink:href="#sPointingRel713" value="obl"/>
		<feat xlink:href="#sPointingRel715" value="obl"/>
		<feat xlink:href="#sPointingRel717" value="aux"/>
		<feat xlink:href="#sPointingRel719" value="case"/>
		<feat xlink:href="#sPointingRel721" value="acl"/>
		<feat xlink:href="#sPointingRel723" value="nsubj"/>
		<feat xlink:href="#sPointingRel725" value="cc"/>
		<feat xlink:href="#sPointingRel727" value="aux"/>
		<feat xlink:href="#sPointingRel729" value="parataxis"/>
		<feat xlink:href="#sPointingRel731" value="advmod"/>
		<feat xlink:href="#sPointingRel733" value="advmod"/>
		<feat xlink:href="#sPointingRel735" value="nsubj"/>
		<feat xlink:href="#sPointingRel737" value="cop"/>
		<feat xlink:href="#sPointingRel739" value="obl"/>
		<feat xlink:href="#sPointingRel741" value="det"/>
		<feat xlink:href="#sPointingRel743" value="appos"/>
		<feat xlink:href="#sPointingRel745" value="xcomp"/>
		<feat xlink:href="#sPointingRel747" value="nummod"/>
		<feat xlink:href="#sPointingRel749" value="det"/>
		<feat xlink:href="#sPointingRel751" value="obl"/>
		<feat xlink:href="#sPointingRel753" value="det"/>
		<feat xlink:href="#sPointingRel755" value="advcl"/>
		<feat xlink:href="#sPointingRel757" value="mark"/>
		<feat xlink:href="#sPointingRel759" value="mark"/>
		<feat xlink:href="#sPointingRel761" value="obl"/>
		<feat xlink:href="#sPointingRel763" value="advmod"/>
		<feat xlink:href="#sPointingRel765" value="obj"/>
		<feat xlink:href="#sPointingRel767" value="det"/>
		<feat xlink:href="#sPointingRel769" value="parataxis"/>
		<feat xlink:href="#sPointingRel771" value="det"/>
		<feat xlink:href="#sPointingRel773" value="case"/>
		<feat xlink:href="#sPointingRel775" value="parataxis"/>
		<feat xlink:href="#sPointingRel777" value="obj"/>
		<feat xlink:href="#sPointingRel779" value="conj"/>
		<feat xlink:href="#sPointingRel781" value="det"/>
		<feat xlink:href="#sPointingRel783" value="cc"/>
		<feat xlink:href="#sPointingRel785" value="cop"/>
		<feat xlink:href="#sPointingRel787" value="case"/>
		<feat xlink:href="#sPointingRel789" value="det"/>
		<feat xlink:href="#sPointingRel791" value="acl"/>
		<feat xlink:href="#sPointingRel793" value="case"/>
		<feat xlink:href="#sPointingRel795" value="nsubj"/>
		<feat xlink:href="#sPointingRel797" value="xcomp"/>
		<feat xlink:href="#sPointingRel799" value="det"/>
		<feat xlink:href="#sPointingRel801" value="case"/>
		<feat xlink:href="#sPointingRel803" value="conj"/>
		<feat xlink:href="#sPointingRel805" value="case"/>
		<feat xlink:href="#sPointingRel807" value="cop"/>
		<feat xlink:href="#sPointingRel809" value="case"/>
		<feat xlink:href="#sPointingRel811" value="nsubj"/>
		<feat xlink:href="#sPointingRel813" value="parataxis"/>
		<feat xlink:href="#sPointingRel815" value="nsubj"/>
		<feat xlink:href="#sPointingRel817" value="advmod"/>
		<feat xlink:href="#sPointingRel819" value="case"/>
		<feat xlink:href="#sPointingRel821" value="case"/>
		<feat xlink:href="#sPointingRel823" value="advmod"/>
		<feat xlink:href="#sPointingRel825" value="advmod"/>
		<feat xlink:href="#sPointingRel827" value="mark"/>
		<feat xlink:href="#sPointingRel829" value="obl"/>
		<feat xlink:href="#sPointingRel831" value="acl"/>
		<feat xlink:href="#sPointingRel833" value="det"/>
		<feat xlink:href="#sPointingRel835" value="advcl"/>
		<feat xlink:href="#sPointingRel837" value="nsubj"/>
		<feat xlink:href="#sPointingRel839" value="mark"/>
		<feat xlink:href="#sPointingRel841" value="det"/>
		<feat xlink:href="#sPointingRel843" value="det"/>
		<feat xlink:href="#sPointingRel845" value="aux"/>
		<feat xlink:href="#sPointingRel847" value="advmod"/>
		<feat xlink:href="#sPointingRel849" value="nsubj"/>
		<feat xlink:href="#sPointingRel851" value="case"/>
		<feat xlink:href="#sPointingRel853" value="dislocated"/>
		<feat xlink:href="#sPointingRel855" value="case"/>
		<feat xlink:href="#sPointingRel857" value="obl"/>
		<feat xlink:href="#sPointingRel859" value="aux"/>
		<feat xlink:href="#sPointingRel861" value="aux"/>
		<feat xlink:href="#sPointingRel863" value="aux"/>
		<feat xlink:href="#sPointingRel865" value="csubj"/>
		<feat xlink:href="#sPointingRel867" value="obj"/>
		<feat xlink:href="#sPointingRel869" value="conj"/>
		<feat xlink:href="#sPointingRel871" value="obj"/>
		<feat xlink:href="#sPointingRel873" value="advmod"/>
		<feat xlink:href="#sPointingRel875" value="parataxis"/>
		<feat xlink:href="#sPointingRel877" value="case"/>
		<feat xlink:href="#sPointingRel879" value="det"/>
		<feat xlink:href="#sPointingRel881" value="case"/>
		<feat xlink:href="#sPointingRel883" value="obl"/>
		<feat xlink:href="#sPointingRel885" value="advmod"/>
		<feat xlink:href="#sPointingRel887" value="fixed"/>
		<feat xlink:href="#sPointingRel889" value="case"/>
		<feat xlink:href="#sPointingRel891" value="det"/>
		<feat xlink:href="#sPointingRel893" value="case"/>
		<feat xlink:href="#sPointingRel895" value="aux"/>
		<feat xlink:href="#sPointingRel897" value="aux"/>
		<feat xlink:href="#sPointingRel899" value="mark"/>
		<feat xlink:href="#sPointingRel901" value="det"/>
		<feat xlink:href="#sPointingRel903" value="obl"/>
		<feat xlink:href="#sPointingRel905" value="fixed"/>
		<feat xlink:href="#sPointingRel907" value="parataxis"/>
		<feat xlink:href="#sPointingRel909" value="dislocated"/>
		<feat xlink:href="#sPointingRel911" value="aux"/>
		<feat xlink:href="#sPointingRel913" value="advmod"/>
		<feat xlink:href="#sPointingRel915" value="det"/>
		<feat xlink:href="#sPointingRel917" value="case"/>
		<feat xlink:href="#sPointingRel919" value="case"/>
		<feat xlink:href="#sPointingRel921" value="case"/>
		<feat xlink:href="#sPointingRel923" value="nsubj"/>
		<feat xlink:href="#sPointingRel925" value="dislocated"/>
		<feat xlink:href="#sPointingRel927" value="parataxis"/>
		<feat xlink:href="#sPointingRel929" value="advmod"/>
		<feat xlink:href="#sPointingRel931" value="obl"/>
		<feat xlink:href="#sPointingRel933" value="dislocated"/>
		<feat xlink:href="#sPointingRel935" value="aux"/>
		<feat xlink:href="#sPointingRel937" value="mark"/>
		<feat xlink:href="#sPointingRel939" value="det"/>
		<feat xlink:href="#sPointingRel941" value="mark"/>
		<feat xlink:href="#sPointingRel943" value="parataxis"/>
		<feat xlink:href="#sPointingRel945" value="nmod"/>
		<feat xlink:href="#sPointingRel947" value="case"/>
		<feat xlink:href="#sPointingRel949" value="nmod"/>
		<feat xlink:href="#sPointingRel951" value="acl"/>
		<feat xlink:href="#sPointingRel953" value="obl"/>
		<feat xlink:href="#sPointingRel955" value="case"/>
		<feat xlink:href="#sPointingRel957" value="advmod"/>
		<feat xlink:href="#sPointingRel959" value="aux"/>
		<feat xlink:href="#sPointingRel961" value="obl"/>
		<feat xlink:href="#sPointingRel963" value="case"/>
		<feat xlink:href="#sPointingRel965" value="aux"/>
		<feat xlink:href="#sPointingRel967" value="nsubj"/>
		<feat xlink:href="#sPointingRel969" value="advmod"/>
		<feat xlink:href="#sPointingRel971" value="det"/>
		<feat xlink:href="#sPointingRel973" value="nmod"/>
		<feat xlink:href="#sPointingRel975" value="mark"/>
		<feat xlink:href="#sPointingRel977" value="aux"/>
		<feat xlink:href="#sPointingRel979" value="nmod"/>
		<feat xlink:href="#sPointingRel981" value="acl"/>
		<feat xlink:href="#sPointingRel983" value="advmod"/>
		<feat xlink:href="#sPointingRel985" value="det"/>
		<feat xlink:href="#sPointingRel987" value="case"/>
		<feat xlink:href="#sPointingRel989" value="cc"/>
		<feat xlink:href="#sPointingRel991" value="case"/>
		<feat xlink:href="#sPointingRel993" value="dislocated"/>
		<feat xlink:href="#sPointingRel995" value="ccomp"/>
		<feat xlink:href="#sPointingRel997" value="nsubj"/>
		<feat xlink:href="#sPointingRel999" value="aux"/>
		<feat xlink:href="#sPointingRel1001" value="fixed"/>
		<feat xlink:href="#sPointingRel1003" value="mark"/>
		<feat xlink:href="#sPointingRel1005" value="mark"/>
		<feat xlink:href="#sPointingRel1007" value="mark"/>
		<feat xlink:href="#sPointingRel1009" value="aux"/>
		<feat xlink:href="#sPointingRel1011" value="obl"/>
		<feat xlink:href="#sPointingRel1013" value="cc"/>
		<feat xlink:href="#sPointingRel1015" value="nsubj"/>
		<feat xlink:href="#sPointingRel1017" value="advmod"/>
		<feat xlink:href="#sPointingRel1019" value="case"/>
		<feat xlink:href="#sPointingRel1021" value="det"/>
		<feat xlink:href="#sPointingRel1023" value="parataxis"/>
		<feat xlink:href="#sPointingRel1025" value="acl"/>
		<feat xlink:href="#sPointingRel1027" value="obl"/>
		<feat xlink:href="#sPointingRel1029" value="nsubj"/>
		<feat xlink:href="#sPointingRel1031" value="det"/>
		<feat xlink:href="#sPointingRel1033" value="ccomp"/>
		<feat xlink:href="#sPointingRel1035" value="nsubj"/>
		<feat xlink:href="#sPointingRel1037" value="aux"/>
		<feat xlink:href="#sPointingRel1039" value="det"/>
		<feat xlink:href="#sPointingRel1041" value="parataxis"/>
		<feat xlink:href="#sPointingRel1043" value="acl"/>
		<feat xlink:href="#sPointingRel1045" value="advcl"/>
		<feat xlink:href="#sPointingRel1047" value="obj"/>
		<feat xlink:href="#sPointingRel1049" value="advcl"/>
		<feat xlink:href="#sPointingRel1051" value="nsubj"/>
		<feat xlink:href="#sPointingRel1053" value="case"/>
		<feat xlink:href="#sPointingRel1055" value="nsubj"/>
		<feat xlink:href="#sPointingRel1057" value="obl"/>
		<feat xlink:href="#sPointingRel1059" value="cc"/>
		<feat xlink:href="#sPointingRel1061" value="case"/>
		<feat xlink:href="#sPointingRel1063" value="cc"/>
		<feat xlink:href="#sPointingRel1065" value="case"/>
		<feat xlink:href="#sPointingRel1067" value="aux"/>
		<feat xlink:href="#sPointingRel1069" value="advcl"/>
		<feat xlink:href="#sPointingRel1071" value="obl"/>
		<feat xlink:href="#sPointingRel1073" value="obl"/>
		<feat xlink:href="#sPointingRel1075" value="case"/>
		<feat xlink:href="#sPointingRel1077" value="obj"/>
		<feat xlink:href="#sPointingRel1079" value="obj"/>
		<feat xlink:href="#sPointingRel1081" value="obl"/>
		<feat xlink:href="#sPointingRel1083" value="case"/>
		<feat xlink:href="#sPointingRel1085" value="det"/>
		<feat xlink:href="#sPointingRel1087" value="det"/>
		<feat xlink:href="#sPointingRel1089" value="det"/>
		<feat xlink:href="#sPointingRel1091" value="case"/>
		<feat xlink:href="#sPointingRel1093" value="obl"/>
		<feat xlink:href="#sPointingRel1095" value="det"/>
		<feat xlink:href="#sPointingRel1097" value="nsubj"/>
		<feat xlink:href="#sPointingRel1099" value="aux"/>
		<feat xlink:href="#sPointingRel1101" value="obl"/>
		<feat xlink:href="#sPointingRel1103" value="obl"/>
		<feat xlink:href="#sPointingRel1105" value="nsubj"/>
		<feat xlink:href="#sPointingRel1107" value="case"/>
		<feat xlink:href="#sPointingRel1109" value="nsubj"/>
		<feat xlink:href="#sPointingRel1111" value="det"/>
		<feat xlink:href="#sPointingRel1113" value="nsubj"/>
		<feat xlink:href="#sPointingRel1115" value="vocative"/>
		<feat xlink:href="#sPointingRel1117" value="mark"/>
		<feat xlink:href="#sPointingRel1119" value="mark"/>
		<feat xlink:href="#sPointingRel1121" value="aux"/>
		<feat xlink:href="#sPointingRel1123" value="obj"/>
		<feat xlink:href="#sPointingRel1125" value="obl"/>
		<feat xlink:href="#sPointingRel1127" value="case"/>
		<feat xlink:href="#sPointingRel1129" value="cc"/>
		<feat xlink:href="#sPointingRel1131" value="advmod"/>
		<feat xlink:href="#sPointingRel1133" value="det"/>
		<feat xlink:href="#sPointingRel1135" value="advmod"/>
		<feat xlink:href="#sPointingRel1137" value="case"/>
		<feat xlink:href="#sPointingRel1139" value="advmod"/>
		<feat xlink:href="#sPointingRel1141" value="aux"/>
		<feat xlink:href="#sPointingRel1143" value="det"/>
		<feat xlink:href="#sPointingRel1145" value="aux"/>
		<feat xlink:href="#sPointingRel1147" value="det"/>
		<feat xlink:href="#sPointingRel1149" value="case"/>
		<feat xlink:href="#sPointingRel1151" value="conj"/>
		<feat xlink:href="#sPointingRel1153" value="xcomp"/>
		<feat xlink:href="#sPointingRel1155" value="case"/>
		<feat xlink:href="#sPointingRel1157" value="advmod"/>
		<feat xlink:href="#sPointingRel1159" value="mark"/>
		<feat xlink:href="#sPointingRel1161" value="det"/>
		<feat xlink:href="#sPointingRel1163" value="obj"/>
		<feat xlink:href="#sPointingRel1165" value="ccomp"/>
		<feat xlink:href="#sPointingRel1167" value="mark"/>
		<feat xlink:href="#sPointingRel1169" value="obj"/>
		<feat xlink:href="#sPointingRel1171" value="advmod"/>
		<feat xlink:href="#sPointingRel1173" value="case"/>
		<feat xlink:href="#sPointingRel1175" value="aux"/>
		<feat xlink:href="#sPointingRel1177" value="conj"/>
		<feat xlink:href="#sPointingRel1179" value="advmod"/>
		<feat xlink:href="#sPointingRel1181" value="nsubj"/>
		<feat xlink:href="#sPointingRel1183" value="advmod"/>
		<feat xlink:href="#sPointingRel1185" value="nmod"/>
		<feat xlink:href="#sPointingRel1187" value="advcl"/>
		<feat xlink:href="#sPointingRel1189" value="obl"/>
		<feat xlink:href="#sPointingRel1191" value="obj"/>
		<feat xlink:href="#sPointingRel1193" value="mark"/>
		<feat xlink:href="#sPointingRel1195" value="mark"/>
		<feat xlink:href="#sPointingRel1197" value="advcl"/>
		<feat xlink:href="#sPointingRel1199" value="cc"/>
		<feat xlink:href="#sPointingRel1201" value="advmod"/>
		<feat xlink:href="#sPointingRel1203" value="obj"/>
		<feat xlink:href="#sPointingRel1205" value="mark"/>
		<feat xlink:href="#sPointingRel1207" value="cc"/>
		<feat xlink:href="#sPointingRel1209" value="obl"/>
		<feat xlink:href="#sPointingRel1211" value="conj"/>
		<feat xlink:href="#sPointingRel1213" value="acl"/>
		<feat xlink:href="#sPointingRel1215" value="obl"/>
		<feat xlink:href="#sPointingRel1217" value="advmod"/>
		<feat xlink:href="#sPointingRel1219" value="nsubj"/>
		<feat xlink:href="#sPointingRel1221" value="nsubj"/>
		<feat xlink:href="#sPointingRel1223" value="case"/>
		<feat xlink:href="#sPointingRel1225" value="case"/>
		<feat xlink:href="#sPointingRel1227" value="case"/>
		<feat xlink:href="#sPointingRel1229" value="advmod"/>
		<feat xlink:href="#sPointingRel1231" value="dislocated"/>
		<feat xlink:href="#sPointingRel1233" value="aux"/>
		<feat xlink:href="#sPointingRel1235" value="obl"/>
		<feat xlink:href="#sPointingRel1237" value="obl"/>
		<feat xlink:href="#sPointingRel1239" value="obj"/>
		<feat xlink:href="#sPointingRel1241" value="acl"/>
		<feat xlink:href="#sPointingRel1243" value="aux"/>
		<feat xlink:href="#sPointingRel1245" value="case"/>
		<feat xlink:href="#sPointingRel1247" value="nsubj"/>
		<feat xlink:href="#sPointingRel1249" value="advmod"/>
		<feat xlink:href="#sPointingRel1251" value="det"/>
		<feat xlink:href="#sPointingRel1253" value="conj"/>
		<feat xlink:href="#sPointingRel1255" value="csubj"/>
		<feat xlink:href="#sPointingRel1257" value="obl"/>
		<feat xlink:href="#sPointingRel1259" value="mark"/>
		<feat xlink:href="#sPointingRel1261" value="nsubj"/>
		<feat xlink:href="#sPointingRel1263" value="case"/>
		<feat xlink:href="#sPointingRel1265" value="obj"/>
		<feat xlink:href="#sPointingRel1267" value="obj"/>
		<feat xlink:href="#sPointingRel1269" value="advmod"/>
		<feat xlink:href="#sPointingRel1271" value="obl"/>
		<feat xlink:href="#sPointingRel1273" value="obj"/>
		<feat xlink:href="#sPointingRel1275" value="det"/>
		<feat xlink:href="#sPointingRel1277" value="det"/>
		<feat xlink:href="#sPointingRel1279" value="advmod"/>
		<feat xlink:href="#sPointingRel1281" value="advmod"/>
		<feat xlink:href="#sPointingRel1283" value="advmod"/>
		<feat xlink:href="#sPointingRel1285" value="case"/>
		<feat xlink:href="#sPointingRel1287" value="obj"/>
		<feat xlink:href="#sPointingRel1289" value="dislocated"/>
		<feat xlink:href="#sPointingRel1291" value="ccomp"/>
		<feat xlink:href="#sPointingRel1293" value="det"/>
		<feat xlink:href="#sPointingRel1295" value="nsubj"/>
		<feat xlink:href="#sPointingRel1297" value="case"/>
		<feat xlink:href="#sPointingRel1299" value="obj"/>
		<feat xlink:href="#sPointingRel1301" value="advmod"/>
		<feat xlink:href="#sPointingRel1303" value="det"/>
		<feat xlink:href="#sPointingRel1305" value="mark"/>
		<feat xlink:href="#sPointingRel1307" value="cc"/>
		<feat xlink:href="#sPointingRel1309" value="obl"/>
		<feat xlink:href="#sPointingRel1311" value="parataxis"/>
		<feat xlink:href="#sPointingRel1313" value="obl"/>
		<feat xlink:href="#sPointingRel1315" value="obl"/>
		<feat xlink:href="#sPointingRel1317" value="case"/>
		<feat xlink:href="#sPointingRel1319" value="det"/>
		<feat xlink:href="#sPointingRel1321" value="conj"/>
		<feat xlink:href="#sPointingRel1323" value="obl"/>
		<feat xlink:href="#sPointingRel1325" value="aux"/>
		<feat xlink:href="#sPointingRel1327" value="nmod"/>
		<feat xlink:href="#sPointingRel1329" value="acl"/>
		<feat xlink:href="#sPointingRel1331" value="obl"/>
		<feat xlink:href="#sPointingRel1333" value="advmod"/>
		<feat xlink:href="#sPointingRel1335" value="xcomp"/>
		<feat xlink:href="#sPointingRel1337" value="nsubj"/>
		<feat xlink:href="#sPointingRel1339" value="case"/>
		<feat xlink:href="#sPointingRel1341" value="mark"/>
		<feat xlink:href="#sPointingRel1343" value="case"/>
		<feat xlink:href="#sPointingRel1345" value="advmod"/>
		<feat xlink:href="#sPointingRel1347" value="advmod"/>
		<feat xlink:href="#sPointingRel1349" value="case"/>
		<feat xlink:href="#sPointingRel1351" value="csubj"/>
		<feat xlink:href="#sPointingRel1353" value="obl"/>
		<feat xlink:href="#sPointingRel1355" value="mark"/>
		<feat xlink:href="#sPointingRel1357" value="det"/>
		<feat xlink:href="#sPointingRel1359" value="case"/>
		<feat xlink:href="#sPointingRel1361" value="mark"/>
		<feat xlink:href="#sPointingRel1363" value="dislocated"/>
		<feat xlink:href="#sPointingRel1365" value="acl"/>
		<feat xlink:href="#sPointingRel1367" value="obl"/>
		<feat xlink:href="#sPointingRel1369" value="dislocated"/>
		<feat xlink:href="#sPointingRel1371" value="advmod"/>
		<feat xlink:href="#sPointingRel1373" value="aux"/>
		<feat xlink:href="#sPointingRel1375" value="det"/>
		<feat xlink:href="#sPointingRel1377" value="det"/>
		<feat xlink:href="#sPointingRel1379" value="det"/>
		<feat xlink:href="#sPointingRel1381" value="nsubj"/>
		<feat xlink:href="#sPointingRel1383" value="case"/>
		<feat xlink:href="#sPointingRel1385" value="case"/>
		<feat xlink:href="#sPointingRel1387" value="nsubj"/>
		<feat xlink:href="#sPointingRel1389" value="parataxis"/>
		<feat xlink:href="#sPointingRel1391" value="advcl"/>
		<feat xlink:href="#sPointingRel1393" value="advmod"/>
		<feat xlink:href="#sPointingRel1395" value="nmod"/>
		<feat xlink:href="#sPointingRel1397" value="ccomp"/>
		<feat xlink:href="#sPointingRel1399" value="case"/>
		<feat xlink:href="#sPointingRel1401" value="cc"/>
		<feat xlink:href="#sPointingRel1403" value="case"/>
		<feat xlink:href="#sPointingRel1405" value="case"/>
		<feat xlink:href="#sPointingRel1407" value="obj"/>
		<feat xlink:href="#sPointingRel1409" value="conj"/>
		<feat xlink:href="#sPointingRel1411" value="dislocated"/>
		<feat xlink:href="#sPointingRel1413" value="advmod"/>
		<feat xlink:href="#sPointingRel1415" value="acl"/>
		<feat xlink:href="#sPointingRel1417" value="cc"/>
		<feat xlink:href="#sPointingRel1419" value="nsubj"/>
		<feat xlink:href="#sPointingRel1421" value="det"/>
		<feat xlink:href="#sPointingRel1423" value="aux"/>
		<feat xlink:href="#sPointingRel1425" value="det"/>
		<feat xlink:href="#sPointingRel1427" value="nmod"/>
		<feat xlink:href="#sPointingRel1429" value="obl"/>
		<feat xlink:href="#sPointingRel1431" value="aux"/>
		<feat xlink:href="#sPointingRel1433" value="fixed"/>
		<feat xlink:href="#sPointingRel1435" value="nmod"/>
		<feat xlink:href="#sPointingRel1437" value="case"/>
		<feat xlink:href="#sPointingRel1439" value="nsubj"/>
		<feat xlink:href="#sPointingRel1441" value="dislocated"/>
		<feat xlink:href="#sPointingRel1443" value="acl"/>
		<feat xlink:href="#sPointingRel1445" value="case"/>
		<feat xlink:href="#sPointingRel1447" value="obl"/>
		<feat xlink:href="#sPointingRel1449" value="aux"/>
		<feat xlink:href="#sPointingRel1451" value="acl"/>
		<feat xlink:href="#sPointingRel1453" value="acl"/>
		<feat xlink:href="#sPointingRel1455" value="nmod"/>
		<feat xlink:href="#sPointingRel1457" value="det"/>
		<feat xlink:href="#sPointingRel1459" value="case"/>
		<feat xlink:href="#sPointingRel1461" value="case"/>
		<feat xlink:href="#sPointingRel1463" value="parataxis"/>
		<feat xlink:href="#sPointingRel1465" value="nmod"/>
		<feat xlink:href="#sPointingRel1467" value="parataxis"/>
		<feat xlink:href="#sPointingRel1469" value="parataxis"/>
		<feat xlink:href="#sPointingRel1471" value="case"/>
		<feat xlink:href="#sPointingRel1473" value="det"/>
		<feat xlink:href="#sPointingRel1475" value="dislocated"/>
		<feat xlink:href="#sPointingRel1477" value="csubj"/>
		<feat xlink:href="#sPointingRel1479" value="det"/>
		<feat xlink:href="#sPointingRel1481" value="cc"/>
		<feat xlink:href="#sPointingRel1483" value="nmod"/>
		<feat xlink:href="#sPointingRel1485" value="cc"/>
		<feat xlink:href="#sPointingRel1487" value="case"/>
		<feat xlink:href="#sPointingRel1489" value="det"/>
		<feat xlink:href="#sPointingRel1491" value="obl"/>
		<feat xlink:href="#sPointingRel1493" value="parataxis"/>
		<feat xlink:href="#sPointingRel1495" value="cc"/>
		<feat xlink:href="#sPointingRel1497" value="nsubj"/>
		<feat xlink:href="#sPointingRel1499" value="nsubj"/>
		<feat xlink:href="#sPointingRel1501" value="case"/>
		<feat xlink:href="#sPointingRel1503" value="nsubj"/>
		<feat xlink:href="#sPointingRel1505" value="conj"/>
		<feat xlink:href="#sPointingRel1507" value="mark"/>
		<feat xlink:href="#sPointingRel1509" value="mark"/>
		<feat xlink:href="#sPointingRel1511" value="acl"/>
		<feat xlink:href="#sPointingRel1513" value="obl"/>
		<feat xlink:href="#sPointingRel1515" value="det"/>
		<feat xlink:href="#sPointingRel1517" value="aux"/>
		<feat xlink:href="#sPointingRel1519" value="advmod"/>
		<feat xlink:href="#sPointingRel1521" value="det"/>
		<feat xlink:href="#sPointingRel1523" value="obl"/>
		<feat xlink:href="#sPointingRel1525" value="nsubj"/>
		<feat xlink:href="#sPointingRel1527" value="appos"/>
		<feat xlink:href="#sPointingRel1529" value="mark"/>
		<feat xlink:href="#sPointingRel1531" value="det"/>
		<feat xlink:href="#sPointingRel1533" value="det"/>
		<feat xlink:href="#sPointingRel1535" value="obl"/>
		<feat xlink:href="#sPointingRel1537" value="obl"/>
		<feat xlink:href="#sPointingRel1539" value="advmod"/>
		<feat xlink:href="#sPointingRel1541" value="mark"/>
		<feat xlink:href="#sPointingRel1543" value="nsubj"/>
		<feat xlink:href="#sPointingRel1545" value="det"/>
		<feat xlink:href="#sPointingRel1547" value="conj"/>
		<feat xlink:href="#sPointingRel1549" value="conj"/>
		<feat xlink:href="#sPointingRel1551" value="advmod"/>
		<feat xlink:href="#sPointingRel1553" value="cc"/>
		<feat xlink:href="#sPointingRel1555" value="acl"/>
		<feat xlink:href="#sPointingRel1557" value="obl"/>
		<feat xlink:href="#sPointingRel1559" value="nsubj"/>
		<feat xlink:href="#sPointingRel1561" value="acl"/>
		<feat xlink:href="#sPointingRel1563" value="dislocated"/>
		<feat xlink:href="#sPointingRel1565" value="case"/>
		<feat xlink:href="#sPointingRel1567" value="nsubj"/>
		<feat xlink:href="#sPointingRel1569" value="nsubj"/>
		<feat xlink:href="#sPointingRel1571" value="nsubj"/>
		<feat xlink:href="#sPointingRel1573" value="case"/>
		<feat xlink:href="#sPointingRel1575" value="case"/>
		<feat xlink:href="#sPointingRel1577" value="nsubj"/>
		<feat xlink:href="#sPointingRel1579" value="advmod"/>
		<feat xlink:href="#sPointingRel1581" value="nmod"/>
		<feat xlink:href="#sPointingRel1583" value="det"/>
		<feat xlink:href="#sPointingRel1585" value="cop"/>
		<feat xlink:href="#sPointingRel1587" value="det"/>
		<feat xlink:href="#sPointingRel1589" value="nsubj"/>
		<feat xlink:href="#sPointingRel1591" value="det"/>
		<feat xlink:href="#sPointingRel1593" value="acl"/>
		<feat xlink:href="#sPointingRel1595" value="obl"/>
		<feat xlink:href="#sPointingRel1597" value="nsubj"/>
		<feat xlink:href="#sPointingRel1599" value="det"/>
		<feat xlink:href="#sPointingRel1601" value="obj"/>
		<feat xlink:href="#sPointingRel1603" value="nsubj"/>
		<feat xlink:href="#sPointingRel1605" value="aux"/>
		<feat xlink:href="#sPointingRel1607" value="case"/>
		<feat xlink:href="#sPointingRel1609" value="advmod"/>
		<feat xlink:href="#sPointingRel1611" value="det"/>
		<feat xlink:href="#sPointingRel1613" value="obl"/>
		<feat xlink:href="#sPointingRel1615" value="obj"/>
		<feat xlink:href="#sPointingRel1617" value="det"/>
		<feat xlink:href="#sPointingRel1619" value="acl"/>
		<feat xlink:href="#sPointingRel1621" value="advcl"/>
		<feat xlink:href="#sPointingRel1623" value="obj"/>
		<feat xlink:href="#sPointingRel1625" value="advcl"/>
		<feat xlink:href="#sPointingRel1627" value="case"/>
		<feat xlink:href="#sPointingRel1629" value="aux"/>
		<feat xlink:href="#sPointingRel1631" value="obl"/>
		<feat xlink:href="#sPointingRel1633" value="case"/>
		<feat xlink:href="#sPointingRel1635" value="det"/>
		<feat xlink:href="#sPointingRel1637" value="advmod"/>
		<feat xlink:href="#sPointingRel1639" value="nsubj"/>
		<feat xlink:href="#sPointingRel1641" value="nsubj"/>
		<feat xlink:href="#sPointingRel1643" value="nsubj"/>
		<feat xlink:href="#sPointingRel1645" value="nsubj"/>
		<feat xlink:href="#sPointingRel1647" value="obj"/></featList></paula>