<?xml version='1.0' encoding='UTF-8'?><!DOCTYPE paula SYSTEM "paula_feat.dtd">
<paula version="1.1">
	<header paula_id="scriptorium.40_Matthew_07.mark_morph"/>
	<featList xmlns:xlink="http://www.w3.org/1999/xlink" type="morph" xml:base="scriptorium.40_Matthew_07.mark.xml">
		<feat xlink:href="#sSpan30" value="ϯ"/>
		<feat xlink:href="#sSpan32" value="ϩⲁⲡ"/>
		<feat xlink:href="#sSpan715" value="ϯ"/>
		<feat xlink:href="#sSpan719" value="ϩⲧⲏ"/>
		<feat xlink:href="#sSpan769" value="ⲣⲉϥ"/>
		<feat xlink:href="#sSpan772" value="ⲧⲱⲣⲡ"/>
		<feat xlink:href="#sSpan894" value="ϣ"/>
		<feat xlink:href="#sSpan896" value="ϭⲟⲙ"/>
		<feat xlink:href="#sSpan1047" value="ⲙⲛⲧ"/>
		<feat xlink:href="#sSpan1049" value="ⲣⲣⲟ"/>
		<feat xlink:href="#sSpan1165" value="ⲣ"/>
		<feat xlink:href="#sSpan1167" value="ϩⲁϩ"/>
		<feat xlink:href="#sSpan1209" value="ⲣ"/>
		<feat xlink:href="#sSpan1211" value="ϩⲱⲃ"/>
		<feat xlink:href="#sSpan1521" value="ⲣ"/>
		<feat xlink:href="#sSpan1523" value="ϣⲡⲏⲣⲉ"/>
		<feat xlink:href="#sSpan1542" value="ϯ"/>
		<feat xlink:href="#sSpan1544" value="ⲥⲃⲱ"/></featList></paula>