<?xml version='1.0' encoding='UTF-8'?><!DOCTYPE paula SYSTEM "paula_feat.dtd">
<paula version="1.1">
	<header paula_id="scriptorium.40_Matthew_07.mark_translation"/>
	<featList xmlns:xlink="http://www.w3.org/1999/xlink" type="translation" xml:base="scriptorium.40_Matthew_07.mark.xml">
		<feat xlink:href="#sSpan3" value="'Don't judge, so that you won't be judged."/>
		<feat xlink:href="#sSpan18" value="For with whatever judgment you judge, you will be judged; and with whatever measure you measure, it will be measured to you."/>
		<feat xlink:href="#sSpan80" value="Why do you see the speck that is in your brother's eye, but don't consider the beam that is in your own eye?"/>
		<feat xlink:href="#sSpan129" value="Or how will you tell your brother, 'Let me remove the speck from your eye;' and behold, the beam is in your own eye?"/>
		<feat xlink:href="#sSpan184" value="You hypocrite! First remove the beam out of your own eye, and then you can see clearly to remove the speck out of your brother's eye."/>
		<feat xlink:href="#sSpan235" value="'Don't give that which is holy to the dogs, neither throw your pearls before the pigs, lest perhaps they trample them under their feet, and turn and tear you to pieces."/>
		<feat xlink:href="#sSpan296" value="'Ask, and it will be given you. Seek, and you will find. Knock, and it will be opened for you."/>
		<feat xlink:href="#sSpan328" value="For everyone who asks receives. He who seeks finds. To him who knocks it will be opened."/>
		<feat xlink:href="#sSpan380" value="Or who is there among you, who, if his son asks him for bread, will give him a stone?"/>
		<feat xlink:href="#sSpan433" value="Or if he asks for a fish, who will give him a serpent?"/>
		<feat xlink:href="#sSpan465" value="If you then, being evil, know how to give good gifts to your children, how much more will your Father who is in heaven give good things to those who ask him!"/>
		<feat xlink:href="#sSpan538" value="Therefore whatever you desire for men to do to you, you shall also do to them; for this is the law and the prophets."/>
		<feat xlink:href="#sSpan602" value="'Enter in by the narrow gate; for wide is the gate and broad is the way that leads to destruction, and many are those who enter in by it."/>
		<feat xlink:href="#sSpan666" value="How narrow is the gate, and restricted is the way that leads to life! Few are those who find it."/>
		<feat xlink:href="#sSpan718" value="'Beware of false prophets, who come to you in sheep's clothing, but inwardly are ravening wolves."/>
		<feat xlink:href="#sSpan780" value="By their fruits you will know them. Do you gather grapes from thorns, or figs from thistles?"/>
		<feat xlink:href="#sSpan832" value="Even so, every good tree produces good fruit; but the corrupt tree produces evil fruit."/>
		<feat xlink:href="#sSpan893" value="A good tree can't produce evil fruit, neither can a corrupt tree produce good fruit."/>
		<feat xlink:href="#sSpan948" value="Every tree that doesn't grow good fruit is cut down, and thrown into the fire."/>
		<feat xlink:href="#sSpan990" value="Therefore, by their fruits you will know them."/>
		<feat xlink:href="#sSpan1012" value="Not everyone who says to me, 'Lord, Lord,' will enter into the Kingdom of Heaven; but he who does the will of my Father who is in heaven."/>
		<feat xlink:href="#sSpan1086" value="Many will tell me in that day, 'Lord, Lord, didn't we prophesy in your name, in your name cast out demons, and in your name do many mighty works?'"/>
		<feat xlink:href="#sSpan1177" value="Then I will tell them, 'I never knew you. Depart from me, you who work iniquity.'"/>
		<feat xlink:href="#sSpan1221" value="'Everyone therefore who hears these words of mine, and does them, I will liken him to a wise man, who built his house on a rock."/>
		<feat xlink:href="#sSpan1291" value="The rain came down, the floods came, and the winds blew, and beat on that house; and it didn't fall, for it was founded on the rock."/>
		<feat xlink:href="#sSpan1360" value="Everyone who hears these words of mine, and doesn't do them will be like a foolish man, who built his house on the sand."/>
		<feat xlink:href="#sSpan1432" value="The rain came down, the floods came, and the winds blew, and beat on that house; and it fell--and great was its fall.'"/>
		<feat xlink:href="#sSpan1500" value="It happened, when Jesus had finished saying these things, that the multitudes were astonished at his teaching,"/>
		<feat xlink:href="#sSpan1540" value="for he taught them with authority, and not like the scribes."/></featList></paula>