<?xml version='1.0' encoding='UTF-8'?><!DOCTYPE paula SYSTEM "paula_feat.dtd">
<paula version="1.1">
	<header paula_id="scriptorium.40_Matthew_07.mark_orig_group"/>
	<featList xmlns:xlink="http://www.w3.org/1999/xlink" type="orig_group" xml:base="scriptorium.40_Matthew_07.mark.xml">
		<feat xlink:href="#sSpan2" value="ⲙⲡⲣⲕⲣⲓⲛⲉ"/>
		<feat xlink:href="#sSpan6" value="ϫⲉⲕⲁⲁⲥ"/>
		<feat xlink:href="#sSpan8" value="ⲛⲛⲉⲩⲕⲣⲓⲛⲉ"/>
		<feat xlink:href="#sSpan12" value="ⲙⲙⲱⲧⲛ"/>
		<feat xlink:href="#sSpan15" value="."/>
		<feat xlink:href="#sSpan17" value="ϩⲙⲡϩⲁⲡ"/>
		<feat xlink:href="#sSpan23" value="ⲅⲁⲣ"/>
		<feat xlink:href="#sSpan25" value="ⲉⲧⲉⲧⲛⲁϯϩⲁⲡ"/>
		<feat xlink:href="#sSpan34" value="ⲛϩⲏⲧϥ"/>
		<feat xlink:href="#sSpan37" value="ⲉⲩⲛⲁⲕⲣⲓⲛⲉ"/>
		<feat xlink:href="#sSpan42" value="ⲙⲙⲱⲧⲛ"/>
		<feat xlink:href="#sSpan45" value="ⲛϩⲏⲧϥ"/>
		<feat xlink:href="#sSpan48" value="."/>
		<feat xlink:href="#sSpan50" value="ⲁⲩⲱ"/>
		<feat xlink:href="#sSpan52" value="ϩⲙⲡϣⲓ"/>
		<feat xlink:href="#sSpan57" value="ⲉⲧⲉⲧⲛⲁϣⲓ"/>
		<feat xlink:href="#sSpan62" value="ⲙⲙⲟϥ"/>
		<feat xlink:href="#sSpan65" value="ⲉⲩⲛⲁϣⲓ"/>
		<feat xlink:href="#sSpan71" value="ⲛⲏⲧⲛ"/>
		<feat xlink:href="#sSpan74" value="ⲙⲙⲟϥ"/>
		<feat xlink:href="#sSpan77" value="."/>
		<feat xlink:href="#sSpan79" value="ⲁϩⲣⲟⲕ"/>
		<feat xlink:href="#sSpan83" value="ⲇⲉ"/>
		<feat xlink:href="#sSpan85" value="ⲕϭⲱϣⲧ"/>
		<feat xlink:href="#sSpan88" value="ⲉⲡϫⲏ"/>
		<feat xlink:href="#sSpan93" value="ⲉⲧ"/>
		<feat xlink:href="#sSpan95" value="ϩⲙⲡⲃⲁⲗ"/>
		<feat xlink:href="#sSpan100" value="ⲙⲡⲉⲕⲥⲟⲛ"/>
		<feat xlink:href="#sSpan105" value="."/>
		<feat xlink:href="#sSpan107" value="ⲡⲥⲟⲓ"/>
		<feat xlink:href="#sSpan109" value="ⲇⲉ"/>
		<feat xlink:href="#sSpan111" value="ⲉⲧϩⲙⲡⲉⲕⲃⲁⲗ"/>
		<feat xlink:href="#sSpan117" value="ⲛⲅⲛⲁⲩ"/>
		<feat xlink:href="#sSpan121" value="ⲉⲣⲟϥ"/>
		<feat xlink:href="#sSpan124" value="ⲁⲛ"/>
		<feat xlink:href="#sSpan126" value="."/>
		<feat xlink:href="#sSpan128" value="ⲏⲛⲁϣ"/>
		<feat xlink:href="#sSpan132" value="ⲛϩⲉ"/>
		<feat xlink:href="#sSpan135" value="ⲕⲛⲁϫⲟⲟⲥ"/>
		<feat xlink:href="#sSpan140" value="ⲙⲡⲉⲕⲥⲟⲛ"/>
		<feat xlink:href="#sSpan145" value="ϫⲉⲡⲁⲥⲟⲛ"/>
		<feat xlink:href="#sSpan150" value="."/>
		<feat xlink:href="#sSpan152" value="ϭⲱ"/>
		<feat xlink:href="#sSpan154" value="ⲧⲁⲛⲉϫⲡϫⲏ"/>
		<feat xlink:href="#sSpan158" value="ⲉⲃⲟⲗ"/>
		<feat xlink:href="#sSpan161" value="ϩⲙⲡⲉⲕⲃⲁⲗ"/>
		<feat xlink:href="#sSpan166" value="ⲁⲩⲱ"/>
		<feat xlink:href="#sSpan168" value="ⲉⲓⲥ"/>
		<feat xlink:href="#sSpan171" value="ϩⲏⲏⲧⲉ"/>
		<feat xlink:href="#sSpan173" value="ⲡⲥⲟⲓ"/>
		<feat xlink:href="#sSpan175" value="ϩⲙⲡⲉⲕⲃⲁⲗ"/>
		<feat xlink:href="#sSpan180" value="."/>
		<feat xlink:href="#sSpan183" value="ⲡϩⲩⲡⲟⲕⲣⲓⲧⲏⲥ"/>
		<feat xlink:href="#sSpan187" value="ⲛⲟⲩϫⲉ"/>
		<feat xlink:href="#sSpan190" value="ⲛϣⲟⲣⲡ"/>
		<feat xlink:href="#sSpan193" value="ⲙⲡⲥⲟⲓ"/>
		<feat xlink:href="#sSpan196" value="ⲉⲃⲟⲗ"/>
		<feat xlink:href="#sSpan199" value="ϩⲙⲡⲉⲕⲃⲁⲗ"/>
		<feat xlink:href="#sSpan204" value="ⲁⲩⲱ"/>
		<feat xlink:href="#sSpan206" value="ⲕⲛⲁⲛⲁⲩ"/>
		<feat xlink:href="#sSpan211" value="ⲉⲃⲟⲗ"/>
		<feat xlink:href="#sSpan213" value="ⲉⲛⲉϫⲡϫⲏ"/>
		<feat xlink:href="#sSpan219" value="ⲉⲃⲟⲗ"/>
		<feat xlink:href="#sSpan222" value="ϩⲙⲡⲃⲁⲗ"/>
		<feat xlink:href="#sSpan227" value="ⲙⲡⲉⲕⲥⲟⲛ"/>
		<feat xlink:href="#sSpan232" value="."/>
		<feat xlink:href="#sSpan234" value="ⲙⲡⲣϯ"/>
		<feat xlink:href="#sSpan238" value="ⲛⲛⲉⲧⲙⲡⲉⲧⲟⲩⲁⲁⲃ"/>
		<feat xlink:href="#sSpan247" value="ⲛⲛⲉⲩϩⲟⲟⲣ"/>
		<feat xlink:href="#sSpan252" value="ⲟⲩⲇⲉ"/>
		<feat xlink:href="#sSpan254" value="ⲙⲡⲣⲛⲟⲩϫⲉ"/>
		<feat xlink:href="#sSpan258" value="ⲛⲛⲉⲧⲛⲉⲛⲉⲙⲙⲉ"/>
		<feat xlink:href="#sSpan264" value="ϩⲁⲣⲱⲟⲩ"/>
		<feat xlink:href="#sSpan267" value="ⲛⲛⲉϣⲁⲩ"/>
		<feat xlink:href="#sSpan272" value="ⲙⲏⲡⲟⲧⲉ"/>
		<feat xlink:href="#sSpan274" value="ⲛⲥⲉϩⲟⲙⲟⲩ"/>
		<feat xlink:href="#sSpan278" value="ⲛⲛⲉⲩⲟⲩⲉⲣⲏⲧⲉ"/>
		<feat xlink:href="#sSpan283" value="ⲛⲥⲉⲕⲟⲧⲟⲩ"/>
		<feat xlink:href="#sSpan288" value="ⲛⲥⲉⲡⲉϩⲧⲏⲩⲧⲛ"/>
		<feat xlink:href="#sSpan293" value="."/>
		<feat xlink:href="#sSpan295" value="ⲁⲓⲧⲉⲓ"/>
		<feat xlink:href="#sSpan298" value="ⲧⲁⲣⲟⲩϯ"/>
		<feat xlink:href="#sSpan302" value="ⲛⲏⲧⲛ"/>
		<feat xlink:href="#sSpan305" value="."/>
		<feat xlink:href="#sSpan307" value="ϣⲓⲛⲉ"/>
		<feat xlink:href="#sSpan309" value="ⲧⲁⲣⲉⲧⲉⲧⲛϭⲓⲛⲉ"/>
		<feat xlink:href="#sSpan313" value="."/>
		<feat xlink:href="#sSpan315" value="ⲧⲱϩⲙ"/>
		<feat xlink:href="#sSpan317" value="ⲧⲁⲣⲟⲩⲟⲩⲱⲛ"/>
		<feat xlink:href="#sSpan321" value="ⲛⲏⲧⲛ"/>
		<feat xlink:href="#sSpan324" value="."/>
		<feat xlink:href="#sSpan326" value="ⲟⲩⲟⲛ"/>
		<feat xlink:href="#sSpan330" value="ⲅⲁⲣ"/>
		<feat xlink:href="#sSpan332" value="ⲛⲓⲙ"/>
		<feat xlink:href="#sSpan334" value="ⲉⲧⲁⲓⲧⲉⲓ"/>
		<feat xlink:href="#sSpan339" value="ϥⲛⲁϫⲓ"/>
		<feat xlink:href="#sSpan343" value="."/>
		<feat xlink:href="#sSpan345" value="ⲁⲩⲱ"/>
		<feat xlink:href="#sSpan348" value="ⲡⲉⲧϣⲓⲛⲉ"/>
		<feat xlink:href="#sSpan352" value="ϥⲛⲁϩⲉ"/>
		<feat xlink:href="#sSpan357" value="ⲉⲟⲩⲟⲛ"/>
		<feat xlink:href="#sSpan361" value="."/>
		<feat xlink:href="#sSpan363" value="ⲁⲩⲱ"/>
		<feat xlink:href="#sSpan366" value="ⲡⲉⲧⲧⲱϩⲙ"/>
		<feat xlink:href="#sSpan370" value="ⲥⲉⲛⲁⲟⲩⲱⲛ"/>
		<feat xlink:href="#sSpan374" value="ⲛⲁϥ"/>
		<feat xlink:href="#sSpan377" value="."/>
		<feat xlink:href="#sSpan379" value="ⲏⲛⲓⲙ"/>
		<feat xlink:href="#sSpan383" value="ⲛⲣⲱⲙⲉ"/>
		<feat xlink:href="#sSpan387" value="ⲉⲃⲟⲗ"/>
		<feat xlink:href="#sSpan390" value="ⲛϩⲏⲧⲧⲏⲩⲧⲛ"/>
		<feat xlink:href="#sSpan393" value="."/>
		<feat xlink:href="#sSpan395" value="ⲡⲉⲧⲉⲣⲉ"/>
		<feat xlink:href="#sSpan400" value="ⲡⲉϥϣⲏⲣⲉ"/>
		<feat xlink:href="#sSpan403" value="ⲛⲁⲁⲓⲧⲉⲓ"/>
		<feat xlink:href="#sSpan406" value="ⲙⲙⲟϥ"/>
		<feat xlink:href="#sSpan409" value="ⲛⲟⲩⲟⲉⲓⲕ"/>
		<feat xlink:href="#sSpan414" value="."/>
		<feat xlink:href="#sSpan416" value="ⲙⲏ"/>
		<feat xlink:href="#sSpan418" value="ϥⲛⲁϯ"/>
		<feat xlink:href="#sSpan422" value="ⲛⲁϥ"/>
		<feat xlink:href="#sSpan425" value="ⲛⲟⲩⲱⲛⲉ"/>
		<feat xlink:href="#sSpan430" value="."/>
		<feat xlink:href="#sSpan432" value="ⲏⲛϥⲁⲓⲧⲉⲓ"/>
		<feat xlink:href="#sSpan438" value="ⲙⲙⲟϥ"/>
		<feat xlink:href="#sSpan441" value="ⲛⲟⲩⲧⲏⲃⲧ"/>
		<feat xlink:href="#sSpan446" value="."/>
		<feat xlink:href="#sSpan448" value="ⲙⲏ"/>
		<feat xlink:href="#sSpan450" value="ϥⲛⲁϯ"/>
		<feat xlink:href="#sSpan454" value="ⲛⲁϥ"/>
		<feat xlink:href="#sSpan457" value="ⲛⲟⲩϩⲟϥ"/>
		<feat xlink:href="#sSpan462" value="."/>
		<feat xlink:href="#sSpan464" value="ⲉϣϫⲉ"/>
		<feat xlink:href="#sSpan467" value="ⲛⲧⲱⲧⲛ"/>
		<feat xlink:href="#sSpan469" value="ϭⲉ"/>
		<feat xlink:href="#sSpan471" value="ⲛⲧⲉⲧⲛϩⲉⲛⲡⲟⲛⲏⲣⲟⲥ"/>
		<feat xlink:href="#sSpan478" value="ⲧⲉⲧⲛⲥⲟⲟⲩⲛ"/>
		<feat xlink:href="#sSpan481" value="ⲉϯ"/>
		<feat xlink:href="#sSpan484" value="ⲛϩⲉⲛϯ"/>
		<feat xlink:href="#sSpan489" value="ⲉⲛⲁⲛⲟⲩⲟⲩ"/>
		<feat xlink:href="#sSpan493" value="ⲛⲛⲉⲧⲛϣⲏⲣⲉ"/>
		<feat xlink:href="#sSpan498" value="."/>
		<feat xlink:href="#sSpan501" value="ⲡⲟⲥⲟ"/>
		<feat xlink:href="#sSpan504" value="ⲙⲁⲗⲗⲟⲛ"/>
		<feat xlink:href="#sSpan506" value="ⲡⲉⲧⲛⲉⲓⲱⲧ"/>
		<feat xlink:href="#sSpan510" value="ⲉⲧϩⲛⲙⲡⲏⲩⲉ"/>
		<feat xlink:href="#sSpan516" value="ϥⲛⲁϯ"/>
		<feat xlink:href="#sSpan520" value="ⲛϩⲉⲛⲁⲅⲁⲑⲟⲛ"/>
		<feat xlink:href="#sSpan525" value="ⲛⲛⲉⲧⲁⲓⲧⲉⲓ"/>
		<feat xlink:href="#sSpan531" value="ⲙⲙⲟϥ"/>
		<feat xlink:href="#sSpan534" value="."/>
		<feat xlink:href="#sSpan536" value="ϩⲱⲃ"/>
		<feat xlink:href="#sSpan540" value="ϭⲉ"/>
		<feat xlink:href="#sSpan542" value="ⲛⲓⲙ"/>
		<feat xlink:href="#sSpan544" value="ⲉⲧⲉⲧⲛⲟⲩⲁϣⲟⲩ"/>
		<feat xlink:href="#sSpan548" value="ϫⲉⲕⲁⲁⲥ"/>
		<feat xlink:href="#sSpan550" value="ⲉⲣⲉⲛⲣⲱⲙⲉ"/>
		<feat xlink:href="#sSpan555" value="ⲁⲁⲩ"/>
		<feat xlink:href="#sSpan558" value="ⲛⲏⲧⲛ"/>
		<feat xlink:href="#sSpan561" value="."/>
		<feat xlink:href="#sSpan563" value="ⲛⲧⲱⲧⲛ"/>
		<feat xlink:href="#sSpan565" value="ϩⲱⲧⲧⲏⲩⲧⲛ"/>
		<feat xlink:href="#sSpan568" value="ⲁⲣⲓⲥⲟⲩ"/>
		<feat xlink:href="#sSpan572" value="ⲛⲁⲩ"/>
		<feat xlink:href="#sSpan575" value="ⲛⲧⲉⲓϩⲉ"/>
		<feat xlink:href="#sSpan579" value="."/>
		<feat xlink:href="#sSpan582" value="ⲡⲁⲓ"/>
		<feat xlink:href="#sSpan584" value="ⲅⲁⲣ"/>
		<feat xlink:href="#sSpan586" value="ⲡⲉ"/>
		<feat xlink:href="#sSpan589" value="ⲡⲛⲟⲙⲟⲥ"/>
		<feat xlink:href="#sSpan592" value="ⲁⲩⲱ"/>
		<feat xlink:href="#sSpan595" value="ⲛⲉⲡⲣⲟⲫⲏⲧⲏⲥ"/>
		<feat xlink:href="#sSpan598" value="."/>
		<feat xlink:href="#sSpan600" value="ⲃⲱⲕ"/>
		<feat xlink:href="#sSpan604" value="ⲉϩⲟⲩⲛ"/>
		<feat xlink:href="#sSpan606" value="ϩⲓⲧⲛⲧⲡⲩⲗⲏ"/>
		<feat xlink:href="#sSpan611" value="ⲉⲧϭⲏⲩ"/>
		<feat xlink:href="#sSpan614" value="."/>
		<feat xlink:href="#sSpan616" value="ϫⲉⲥⲟⲩⲟϣⲥ"/>
		<feat xlink:href="#sSpan620" value="ⲛϭⲓⲧⲡⲩⲗⲏ"/>
		<feat xlink:href="#sSpan625" value="ⲁⲩⲱ"/>
		<feat xlink:href="#sSpan628" value="ⲥⲟⲩⲉⲥⲧⲱⲛ"/>
		<feat xlink:href="#sSpan630" value="ⲛϭⲓⲧⲉϩⲓⲏ"/>
		<feat xlink:href="#sSpan635" value="ⲉⲧϫⲓⲙⲟⲉⲓⲧ"/>
		<feat xlink:href="#sSpan638" value="ⲉϩⲟⲩⲛ"/>
		<feat xlink:href="#sSpan640" value="ⲉⲡⲧⲁⲕⲟ"/>
		<feat xlink:href="#sSpan645" value="."/>
		<feat xlink:href="#sSpan647" value="ⲁⲩⲱ"/>
		<feat xlink:href="#sSpan650" value="ϩⲁϩ"/>
		<feat xlink:href="#sSpan652" value="ⲛⲉⲧⲛⲁⲃⲱⲕ"/>
		<feat xlink:href="#sSpan658" value="ⲉϩⲟⲩⲛ"/>
		<feat xlink:href="#sSpan660" value="ϩⲓⲧⲟⲟⲧⲥ"/>
		<feat xlink:href="#sSpan663" value="."/>
		<feat xlink:href="#sSpan665" value="ϫⲉⲥϭⲏⲩ"/>
		<feat xlink:href="#sSpan670" value="ⲇⲉ"/>
		<feat xlink:href="#sSpan672" value="ⲛϭⲓⲧⲡⲩⲗⲏ"/>
		<feat xlink:href="#sSpan677" value="ⲁⲩⲱ"/>
		<feat xlink:href="#sSpan679" value="ⲥϩⲉϫϩⲱϫ"/>
		<feat xlink:href="#sSpan682" value="ⲛϭⲓⲧⲉϩⲓⲏ"/>
		<feat xlink:href="#sSpan687" value="ⲉⲧϫⲓⲙⲟⲉⲓⲧ"/>
		<feat xlink:href="#sSpan690" value="ⲉϩⲟⲩⲛ"/>
		<feat xlink:href="#sSpan692" value="ⲉⲡⲱⲛϩ"/>
		<feat xlink:href="#sSpan697" value="."/>
		<feat xlink:href="#sSpan699" value="ⲁⲩⲱ"/>
		<feat xlink:href="#sSpan702" value="ϩⲉⲛⲕⲟⲩⲓ"/>
		<feat xlink:href="#sSpan705" value="ⲛⲉⲧⲛⲁϩⲉ"/>
		<feat xlink:href="#sSpan711" value="ⲉⲣⲟⲥ"/>
		<feat xlink:href="#sSpan714" value="."/>
		<feat xlink:href="#sSpan717" value="ϯϩⲧⲏⲧⲛ"/>
		<feat xlink:href="#sSpan722" value="ⲇⲉ"/>
		<feat xlink:href="#sSpan724" value="ⲉⲣⲱⲧⲛ"/>
		<feat xlink:href="#sSpan727" value="ⲉⲛⲉⲡⲣⲟⲫⲏⲧⲏⲥ"/>
		<feat xlink:href="#sSpan732" value="ⲛⲛⲟⲩϫ"/>
		<feat xlink:href="#sSpan735" value="."/>
		<feat xlink:href="#sSpan737" value="ⲛⲁⲓ"/>
		<feat xlink:href="#sSpan740" value="ⲉⲧⲛⲏⲩ"/>
		<feat xlink:href="#sSpan744" value="ϣⲁⲣⲱⲧⲛ"/>
		<feat xlink:href="#sSpan747" value="ϩⲛϩⲉⲛϩⲃⲥⲱ"/>
		<feat xlink:href="#sSpan752" value="ⲛⲉⲥⲟⲟⲩ"/>
		<feat xlink:href="#sSpan756" value="."/>
		<feat xlink:href="#sSpan759" value="ⲡⲉⲩϩⲟⲩⲛ"/>
		<feat xlink:href="#sSpan762" value="ⲇⲉ"/>
		<feat xlink:href="#sSpan764" value="ϩⲉⲛⲟⲩⲱⲛϣ"/>
		<feat xlink:href="#sSpan768" value="ⲛⲣⲉϥⲧⲱⲣⲡ"/>
		<feat xlink:href="#sSpan774" value="ⲛⲉ"/>
		<feat xlink:href="#sSpan776" value="."/>
		<feat xlink:href="#sSpan778" value="ⲉⲃⲟⲗ"/>
		<feat xlink:href="#sSpan782" value="ϩⲛⲛⲉⲩⲕⲁⲣⲡⲟⲥ"/>
		<feat xlink:href="#sSpan787" value="ⲉⲧⲉⲧⲛⲁⲥⲟⲩⲱⲛⲟⲩ"/>
		<feat xlink:href="#sSpan792" value="."/>
		<feat xlink:href="#sSpan794" value="ⲙⲏⲧⲓ"/>
		<feat xlink:href="#sSpan796" value="ϣⲁⲩϫⲉⲉⲗⲉ"/>
		<feat xlink:href="#sSpan800" value="ⲉⲗⲟⲟⲗⲉ"/>
		<feat xlink:href="#sSpan803" value="ⲉⲃⲟⲗ"/>
		<feat xlink:href="#sSpan806" value="ϩⲛϣⲟⲛⲧⲉ"/>
		<feat xlink:href="#sSpan810" value="."/>
		<feat xlink:href="#sSpan812" value="ⲏϣⲁⲩⲕⲉⲧϥ"/>
		<feat xlink:href="#sSpan819" value="ⲕⲛⲧⲉ"/>
		<feat xlink:href="#sSpan821" value="ⲉⲃⲟⲗ"/>
		<feat xlink:href="#sSpan824" value="ϩⲛⲁⲣⲟⲟⲩⲉ"/>
		<feat xlink:href="#sSpan828" value="."/>
		<feat xlink:href="#sSpan831" value="ⲧⲁⲓ"/>
		<feat xlink:href="#sSpan834" value="ⲧⲉ"/>
		<feat xlink:href="#sSpan836" value="ⲧϩⲉ"/>
		<feat xlink:href="#sSpan839" value="ⲛϣⲏⲛ"/>
		<feat xlink:href="#sSpan843" value="ⲛⲓⲙ"/>
		<feat xlink:href="#sSpan845" value="ⲉⲛⲁⲛⲟⲩϥ"/>
		<feat xlink:href="#sSpan850" value="ⲛϣⲁϥⲧⲁⲩⲉ"/>
		<feat xlink:href="#sSpan856" value="ⲕⲁⲣⲡⲟⲥ"/>
		<feat xlink:href="#sSpan858" value="ⲉⲃⲟⲗ"/>
		<feat xlink:href="#sSpan860" value="ⲉⲛⲁⲛⲟⲩϥ"/>
		<feat xlink:href="#sSpan865" value="."/>
		<feat xlink:href="#sSpan867" value="ⲡϣⲏⲛ"/>
		<feat xlink:href="#sSpan871" value="ⲇⲉ"/>
		<feat xlink:href="#sSpan873" value="ⲉⲧϩⲟⲟⲩ"/>
		<feat xlink:href="#sSpan876" value="ⲛϣⲁϥⲧⲁⲩⲉ"/>
		<feat xlink:href="#sSpan882" value="ⲕⲁⲣⲡⲟⲥ"/>
		<feat xlink:href="#sSpan884" value="ⲉⲃⲟⲗ"/>
		<feat xlink:href="#sSpan886" value="ⲉϥϩⲟⲟⲩ"/>
		<feat xlink:href="#sSpan890" value="."/>
		<feat xlink:href="#sSpan892" value="ⲙⲛϣϭⲟⲙ"/>
		<feat xlink:href="#sSpan898" value="ⲛⲟⲩϣⲏⲛ"/>
		<feat xlink:href="#sSpan903" value="ⲉⲛⲁⲛⲟⲩϥ"/>
		<feat xlink:href="#sSpan908" value="ⲉⲧⲁⲩⲉ"/>
		<feat xlink:href="#sSpan911" value="ⲕⲁⲣⲡⲟⲥ"/>
		<feat xlink:href="#sSpan914" value="ⲉⲃⲟⲗ"/>
		<feat xlink:href="#sSpan916" value="ⲉϥϩⲟⲟⲩ"/>
		<feat xlink:href="#sSpan920" value="."/>
		<feat xlink:href="#sSpan922" value="ⲟⲩⲇⲉ"/>
		<feat xlink:href="#sSpan924" value="ϣⲏⲛ"/>
		<feat xlink:href="#sSpan927" value="ⲉϥϩⲟⲟⲩ"/>
		<feat xlink:href="#sSpan931" value="ⲉⲧⲁⲩⲉ"/>
		<feat xlink:href="#sSpan935" value="ⲕⲁⲣⲡⲟⲥ"/>
		<feat xlink:href="#sSpan937" value="ⲉⲃⲟⲗ"/>
		<feat xlink:href="#sSpan939" value="ⲉⲛⲁⲛⲟⲩϥ"/>
		<feat xlink:href="#sSpan944" value="."/>
		<feat xlink:href="#sSpan946" value="ϣⲏⲛ"/>
		<feat xlink:href="#sSpan950" value="ϭⲉ"/>
		<feat xlink:href="#sSpan952" value="ⲛⲓⲙ"/>
		<feat xlink:href="#sSpan954" value="ⲉⲧⲉⲛϥⲛⲁⲧⲁⲩⲉ"/>
		<feat xlink:href="#sSpan961" value="ⲕⲁⲣⲡⲟⲥ"/>
		<feat xlink:href="#sSpan963" value="ⲁⲛ"/>
		<feat xlink:href="#sSpan965" value="ⲉⲛⲁⲛⲟⲩϥ"/>
		<feat xlink:href="#sSpan970" value="."/>
		<feat xlink:href="#sSpan972" value="ⲥⲉⲛⲁⲕⲟⲟⲣⲉϥ"/>
		<feat xlink:href="#sSpan977" value="ⲛⲥⲉⲛⲟϫϥ"/>
		<feat xlink:href="#sSpan982" value="ⲉⲧⲥⲁⲧⲉ"/>
		<feat xlink:href="#sSpan987" value="."/>
		<feat xlink:href="#sSpan989" value="ⲁⲣⲁ"/>
		<feat xlink:href="#sSpan992" value="ϭⲉ"/>
		<feat xlink:href="#sSpan994" value="ⲉⲃⲟⲗ"/>
		<feat xlink:href="#sSpan997" value="ϩⲛⲛⲉⲩⲕⲁⲣⲡⲟⲥ"/>
		<feat xlink:href="#sSpan1002" value="ⲉⲧⲉⲧⲛⲁⲥⲟⲩⲱⲛⲟⲩ"/>
		<feat xlink:href="#sSpan1007" value="."/>
		<feat xlink:href="#sSpan1009" value="ⲟⲩⲟⲛ"/>
		<feat xlink:href="#sSpan1014" value="ⲛⲓⲙ"/>
		<feat xlink:href="#sSpan1016" value="ⲁⲛ"/>
		<feat xlink:href="#sSpan1018" value="ⲉⲧϫⲱ"/>
		<feat xlink:href="#sSpan1021" value="ⲙⲙⲟⲥ"/>
		<feat xlink:href="#sSpan1024" value="ⲛⲁⲓ"/>
		<feat xlink:href="#sSpan1027" value="ϫⲉⲡϫⲟⲉⲓⲥ"/>
		<feat xlink:href="#sSpan1033" value="ⲡϫⲟⲉⲓⲥ"/>
		<feat xlink:href="#sSpan1036" value="ⲡⲉⲧⲛⲁⲃⲱⲕ"/>
		<feat xlink:href="#sSpan1042" value="ⲉϩⲟⲩⲛ"/>
		<feat xlink:href="#sSpan1044" value="ⲉⲧⲙⲛⲧⲣⲣⲟ"/>
		<feat xlink:href="#sSpan1051" value="ⲛⲙⲡⲏⲩⲉ"/>
		<feat xlink:href="#sSpan1056" value="."/>
		<feat xlink:href="#sSpan1058" value="ⲁⲗⲗⲁ"/>
		<feat xlink:href="#sSpan1060" value="ⲡⲉⲧⲉⲓⲣⲉ"/>
		<feat xlink:href="#sSpan1065" value="ⲡⲉ"/>
		<feat xlink:href="#sSpan1067" value="ⲙⲡⲟⲩⲱϣ"/>
		<feat xlink:href="#sSpan1072" value="ⲙⲡⲁⲉⲓⲱⲧ"/>
		<feat xlink:href="#sSpan1077" value="ⲉⲧϩⲛⲙⲡⲏⲩⲉ"/>
		<feat xlink:href="#sSpan1083" value="."/>
		<feat xlink:href="#sSpan1085" value="ⲟⲩⲛϩⲁϩ"/>
		<feat xlink:href="#sSpan1090" value="ⲅⲁⲣ"/>
		<feat xlink:href="#sSpan1092" value="ⲛⲁϫⲟⲟⲥ"/>
		<feat xlink:href="#sSpan1096" value="ⲛⲁⲓ"/>
		<feat xlink:href="#sSpan1099" value="ϩⲙⲡⲉϩⲟⲟⲩ"/>
		<feat xlink:href="#sSpan1104" value="ⲉⲧⲙⲙⲁⲩ"/>
		<feat xlink:href="#sSpan1107" value="ϫⲉⲡϫⲟⲉⲓⲥ"/>
		<feat xlink:href="#sSpan1112" value="ⲡϫⲟⲉⲓⲥ"/>
		<feat xlink:href="#sSpan1115" value="ⲙⲏ"/>
		<feat xlink:href="#sSpan1117" value="ϩⲣⲁⲓ"/>
		<feat xlink:href="#sSpan1119" value="ⲁⲛ"/>
		<feat xlink:href="#sSpan1121" value="ϩⲙⲡⲉⲕⲣⲁⲛ"/>
		<feat xlink:href="#sSpan1126" value="ⲁⲛⲡⲣⲟⲫⲏⲧⲉⲩⲉ"/>
		<feat xlink:href="#sSpan1130" value="."/>
		<feat xlink:href="#sSpan1132" value="ⲁⲩⲱ"/>
		<feat xlink:href="#sSpan1134" value="ϩⲣⲁⲓ"/>
		<feat xlink:href="#sSpan1137" value="ϩⲙⲡⲉⲕⲣⲁⲛ"/>
		<feat xlink:href="#sSpan1142" value="ⲁⲛⲛⲉϫⲇⲁⲓⲙⲱⲛⲓⲟⲛ"/>
		<feat xlink:href="#sSpan1148" value="ⲉⲃⲟⲗ"/>
		<feat xlink:href="#sSpan1150" value="."/>
		<feat xlink:href="#sSpan1152" value="ⲙⲏ"/>
		<feat xlink:href="#sSpan1154" value="ϩⲣⲁⲓ"/>
		<feat xlink:href="#sSpan1156" value="ⲁⲛ"/>
		<feat xlink:href="#sSpan1158" value="ϩⲙⲡⲉⲕⲣⲁⲛ"/>
		<feat xlink:href="#sSpan1163" value="ⲁⲛⲣϩⲁϩ"/>
		<feat xlink:href="#sSpan1169" value="ⲛϭⲟⲙ"/>
		<feat xlink:href="#sSpan1173" value="."/>
		<feat xlink:href="#sSpan1175" value="ⲁⲩⲱ"/>
		<feat xlink:href="#sSpan1179" value="ⲧⲟⲧⲉ"/>
		<feat xlink:href="#sSpan1181" value="ϯⲛⲁϩⲟⲙⲟⲗⲟⲅⲉⲓ"/>
		<feat xlink:href="#sSpan1185" value="ⲛⲁⲩ"/>
		<feat xlink:href="#sSpan1188" value="ϫⲉⲙⲡⲉⲓⲥⲟⲩⲛⲧⲏⲩⲧⲛ"/>
		<feat xlink:href="#sSpan1194" value="ⲉⲛⲉϩ"/>
		<feat xlink:href="#sSpan1196" value="."/>
		<feat xlink:href="#sSpan1198" value="ⲥⲁϩⲉⲧⲏⲩⲧⲛ"/>
		<feat xlink:href="#sSpan1201" value="ⲉⲃⲟⲗ"/>
		<feat xlink:href="#sSpan1203" value="ⲙⲙⲟⲓ"/>
		<feat xlink:href="#sSpan1206" value="ⲛⲉⲧⲣϩⲱⲃ"/>
		<feat xlink:href="#sSpan1213" value="ⲉⲧⲁⲛⲟⲙⲓⲁ"/>
		<feat xlink:href="#sSpan1218" value="."/>
		<feat xlink:href="#sSpan1220" value="ⲟⲩⲟⲛ"/>
		<feat xlink:href="#sSpan1223" value="ϭⲉ"/>
		<feat xlink:href="#sSpan1225" value="ⲛⲓⲙ"/>
		<feat xlink:href="#sSpan1227" value="ⲉⲧⲥⲱⲧⲙ"/>
		<feat xlink:href="#sSpan1232" value="ⲉⲛⲁϣⲁϫⲉ"/>
		<feat xlink:href="#sSpan1237" value="ⲉⲧⲉⲛⲁⲓ"/>
		<feat xlink:href="#sSpan1241" value="ⲛⲉ"/>
		<feat xlink:href="#sSpan1243" value="ⲉϥⲉⲓⲣⲉ"/>
		<feat xlink:href="#sSpan1248" value="ⲙⲙⲟⲟⲩ"/>
		<feat xlink:href="#sSpan1251" value="."/>
		<feat xlink:href="#sSpan1253" value="ⲉϥⲛⲁⲉⲓⲛⲉ"/>
		<feat xlink:href="#sSpan1259" value="ⲛⲟⲩⲣⲱⲙⲉ"/>
		<feat xlink:href="#sSpan1264" value="ⲛⲥⲁⲃⲉ"/>
		<feat xlink:href="#sSpan1267" value="."/>
		<feat xlink:href="#sSpan1269" value="ⲡⲁⲓ"/>
		<feat xlink:href="#sSpan1271" value="ⲛⲧⲁϥⲕⲱⲧ"/>
		<feat xlink:href="#sSpan1276" value="ⲙⲡⲉϥⲏⲓ"/>
		<feat xlink:href="#sSpan1281" value="ⲉϩⲣⲁⲓ"/>
		<feat xlink:href="#sSpan1283" value="ⲉϫⲛⲧⲡⲉⲧⲣⲁ"/>
		<feat xlink:href="#sSpan1288" value="."/>
		<feat xlink:href="#sSpan1290" value="ⲁϥⲉⲓ"/>
		<feat xlink:href="#sSpan1296" value="ⲉⲡⲉⲥⲏⲧ"/>
		<feat xlink:href="#sSpan1300" value="ⲛϭⲓⲡϩⲱⲟⲩ"/>
		<feat xlink:href="#sSpan1305" value="ⲁⲩⲉⲓ"/>
		<feat xlink:href="#sSpan1309" value="ⲛϭⲓⲛⲉⲓⲉⲣⲱⲟⲩ"/>
		<feat xlink:href="#sSpan1314" value="ⲁⲩⲛⲉⲓϥⲉ"/>
		<feat xlink:href="#sSpan1318" value="ⲛϭⲓⲛⲧⲏⲩ"/>
		<feat xlink:href="#sSpan1323" value="ⲁⲩϩⲓⲟⲩⲉ"/>
		<feat xlink:href="#sSpan1327" value="ⲉϩⲟⲩⲛ"/>
		<feat xlink:href="#sSpan1329" value="ϩⲙⲡⲏⲓ"/>
		<feat xlink:href="#sSpan1334" value="ⲉⲧⲙⲙⲁⲩ"/>
		<feat xlink:href="#sSpan1337" value="ⲁⲩⲱ"/>
		<feat xlink:href="#sSpan1339" value="ⲙⲡⲉϥϩⲉ"/>
		<feat xlink:href="#sSpan1343" value="ϫⲉⲛⲉϥⲧⲁϫⲣⲏⲩ"/>
		<feat xlink:href="#sSpan1348" value="ⲅⲁⲣ"/>
		<feat xlink:href="#sSpan1350" value="ⲉϩⲣⲁⲓ"/>
		<feat xlink:href="#sSpan1352" value="ⲉϫⲛⲧⲡⲉⲧⲣⲁ"/>
		<feat xlink:href="#sSpan1357" value="."/>
		<feat xlink:href="#sSpan1359" value="ⲁⲩⲱ"/>
		<feat xlink:href="#sSpan1362" value="ⲟⲩⲟⲛ"/>
		<feat xlink:href="#sSpan1366" value="ⲛⲓⲙ"/>
		<feat xlink:href="#sSpan1368" value="ⲉⲧⲥⲱⲧⲙ"/>
		<feat xlink:href="#sSpan1373" value="ⲉⲛⲁϣⲁϫⲉ"/>
		<feat xlink:href="#sSpan1378" value="ⲉⲧⲉⲛⲁⲓ"/>
		<feat xlink:href="#sSpan1382" value="ⲛⲉ"/>
		<feat xlink:href="#sSpan1384" value="ⲛϥⲉⲓⲣⲉ"/>
		<feat xlink:href="#sSpan1389" value="ⲙⲙⲟⲟⲩ"/>
		<feat xlink:href="#sSpan1392" value="ⲁⲛ"/>
		<feat xlink:href="#sSpan1394" value="."/>
		<feat xlink:href="#sSpan1396" value="ⲉϥⲛⲁⲉⲓⲛⲉ"/>
		<feat xlink:href="#sSpan1402" value="ⲛⲟⲩⲣⲱⲙⲉ"/>
		<feat xlink:href="#sSpan1407" value="ⲛⲥⲟϭ"/>
		<feat xlink:href="#sSpan1410" value="."/>
		<feat xlink:href="#sSpan1412" value="ⲡⲁⲓ"/>
		<feat xlink:href="#sSpan1414" value="ⲛⲧⲁϥⲕⲱⲧ"/>
		<feat xlink:href="#sSpan1419" value="ⲙⲡⲉϥⲏⲓ"/>
		<feat xlink:href="#sSpan1424" value="ϩⲓϫⲙⲡϣⲱ"/>
		<feat xlink:href="#sSpan1429" value="."/>
		<feat xlink:href="#sSpan1431" value="ⲁϥⲉⲓ"/>
		<feat xlink:href="#sSpan1437" value="ⲉⲡⲉⲥⲏⲧ"/>
		<feat xlink:href="#sSpan1441" value="ⲛϭⲓⲡϩⲱⲟⲩ"/>
		<feat xlink:href="#sSpan1446" value="ⲁⲩⲉⲓ"/>
		<feat xlink:href="#sSpan1450" value="ⲛϭⲓⲛⲉⲓⲉⲣⲱⲟⲩ"/>
		<feat xlink:href="#sSpan1455" value="ⲁⲩⲛⲉⲓϥⲉ"/>
		<feat xlink:href="#sSpan1459" value="ⲛϭⲓⲛⲧⲏⲩ"/>
		<feat xlink:href="#sSpan1464" value="ⲁⲩϩⲓⲟⲩⲉ"/>
		<feat xlink:href="#sSpan1468" value="ⲉϩⲟⲩⲛ"/>
		<feat xlink:href="#sSpan1470" value="ϩⲙⲡⲏⲓ"/>
		<feat xlink:href="#sSpan1475" value="ⲉⲧⲙⲙⲁⲩ"/>
		<feat xlink:href="#sSpan1478" value="ⲁϥϩⲉ"/>
		<feat xlink:href="#sSpan1482" value="ⲁⲩⲱ"/>
		<feat xlink:href="#sSpan1484" value="ⲡⲉϥϩⲉ"/>
		<feat xlink:href="#sSpan1487" value="ⲛⲉϥⲟ"/>
		<feat xlink:href="#sSpan1492" value="ⲛⲟⲩⲛⲟϭ"/>
		<feat xlink:href="#sSpan1497" value="."/>
		<feat xlink:href="#sSpan1499" value="ⲁⲥϣⲱⲡⲉ"/>
		<feat xlink:href="#sSpan1504" value="ⲇⲉ"/>
		<feat xlink:href="#sSpan1506" value="ⲛⲧⲉⲣⲉⲓⲏⲥⲟⲩⲥ"/>
		<feat xlink:href="#sSpan1510" value="ⲟⲩⲱ"/>
		<feat xlink:href="#sSpan1512" value="ⲛⲛⲉⲓϣⲁϫⲉ"/>
		<feat xlink:href="#sSpan1517" value="."/>
		<feat xlink:href="#sSpan1519" value="ⲁⲩⲣϣⲡⲏⲣⲉ"/>
		<feat xlink:href="#sSpan1525" value="ⲛϭⲓⲙⲙⲏⲏϣⲉ"/>
		<feat xlink:href="#sSpan1530" value="ⲉϩⲣⲁⲓ"/>
		<feat xlink:href="#sSpan1532" value="ⲉϫⲛⲧⲉϥⲥⲃⲱ"/>
		<feat xlink:href="#sSpan1537" value="."/>
		<feat xlink:href="#sSpan1539" value="ⲛⲉϥϯⲥⲃⲱ"/>
		<feat xlink:href="#sSpan1546" value="ⲅⲁⲣ"/>
		<feat xlink:href="#sSpan1548" value="ⲛⲁⲩ"/>
		<feat xlink:href="#sSpan1551" value="ⲡⲉ"/>
		<feat xlink:href="#sSpan1553" value="ϩⲱⲥ"/>
		<feat xlink:href="#sSpan1555" value="ⲉⲩⲛⲧϥⲉⲝⲟⲩⲥⲓⲁ"/>
		<feat xlink:href="#sSpan1562" value="ⲙⲙⲁⲩ"/>
		<feat xlink:href="#sSpan1564" value="ⲁⲩⲱ"/>
		<feat xlink:href="#sSpan1566" value="ⲛⲧϩⲉ"/>
		<feat xlink:href="#sSpan1570" value="ⲁⲛ"/>
		<feat xlink:href="#sSpan1572" value="ⲛⲛⲉⲩⲅⲣⲁⲙⲙⲁⲧⲉⲩⲥ"/>
		<feat xlink:href="#sSpan1577" value="."/></featList></paula>