<?xml version='1.0' encoding='UTF-8'?><!DOCTYPE paula SYSTEM "paula_feat.dtd">
<paula version="1.1">
	<header paula_id="scriptorium.life.onnophrius.02.mark_func"/>
	<featList xmlns:xlink="http://www.w3.org/1999/xlink" type="func" xml:base="scriptorium.life.onnophrius.02.mark.xml">
		<feat xlink:href="#sSpan1" value="mark"/>
		<feat xlink:href="#sSpan11" value="nsubj"/>
		<feat xlink:href="#sSpan14" value="mark"/>
		<feat xlink:href="#sSpan16" value="acl"/>
		<feat xlink:href="#sSpan18" value="case"/>
		<feat xlink:href="#sSpan22" value="det"/>
		<feat xlink:href="#sSpan25" value="obl"/>
		<feat xlink:href="#sSpan27" value="case"/>
		<feat xlink:href="#sSpan31" value="det"/>
		<feat xlink:href="#sSpan34" value="obl"/>
		<feat xlink:href="#sSpan36" value="aux"/>
		<feat xlink:href="#sSpan40" value="root"/>
		<feat xlink:href="#sSpan43" value="case"/>
		<feat xlink:href="#sSpan47" value="obl"/>
		<feat xlink:href="#sSpan50" value="advmod"/>
		<feat xlink:href="#sSpan55" value="punct"/>
		<feat xlink:href="#sSpan59" value="aux"/>
		<feat xlink:href="#sSpan63" value="det"/>
		<feat xlink:href="#sSpan67" value="nsubj"/>
		<feat xlink:href="#sSpan70" value="advcl"/>
		<feat xlink:href="#sSpan74" value="obj"/>
		<feat xlink:href="#sSpan76" value="punct"/>
		<feat xlink:href="#sSpan81" value="cc"/>
		<feat xlink:href="#sSpan87" value="nsubj"/>
		<feat xlink:href="#sSpan91" value="root"/>
		<feat xlink:href="#sSpan93" value="mark"/>
		<feat xlink:href="#sSpan98" value="nsubj"/>
		<feat xlink:href="#sSpan100" value="aux"/>
		<feat xlink:href="#sSpan102" value="advcl"/>
		<feat xlink:href="#sSpan105" value="case"/>
		<feat xlink:href="#sSpan110" value="obl"/>
		<feat xlink:href="#sSpan113" value="advmod"/>
		<feat xlink:href="#sSpan117" value="punct"/>
		<feat xlink:href="#sSpan121" value="nsubj"/>
		<feat xlink:href="#sSpan127" value="advcl"/>
		<feat xlink:href="#sSpan129" value="mark"/>
		<feat xlink:href="#sSpan133" value="nsubj"/>
		<feat xlink:href="#sSpan135" value="aux"/>
		<feat xlink:href="#sSpan137" value="root"/>
		<feat xlink:href="#sSpan140" value="case"/>
		<feat xlink:href="#sSpan144" value="obl"/>
		<feat xlink:href="#sSpan147" value="advmod"/>
		<feat xlink:href="#sSpan152" value="mark"/>
		<feat xlink:href="#sSpan156" value="xcomp"/>
		<feat xlink:href="#sSpan158" value="punct"/>
		<feat xlink:href="#sSpan162" value="det"/>
		<feat xlink:href="#sSpan170" value="dislocated"/>
		<feat xlink:href="#sSpan173" value="advmod"/>
		<feat xlink:href="#sSpan177" value="mark"/>
		<feat xlink:href="#sSpan181" value="nsubj"/>
		<feat xlink:href="#sSpan183" value="aux"/>
		<feat xlink:href="#sSpan185" value="acl"/>
		<feat xlink:href="#sSpan187" value="punct"/>
		<feat xlink:href="#sSpan191" value="case"/>
		<feat xlink:href="#sSpan195" value="det"/>
		<feat xlink:href="#sSpan198" value="obl"/>
		<feat xlink:href="#sSpan201" value="punct"/>
		<feat xlink:href="#sSpan205" value="aux"/>
		<feat xlink:href="#sSpan209" value="nsubj"/>
		<feat xlink:href="#sSpan211" value="root"/>
		<feat xlink:href="#sSpan213" value="advmod"/>
		<feat xlink:href="#sSpan217" value="punct"/>
		<feat xlink:href="#sSpan221" value="case"/>
		<feat xlink:href="#sSpan225" value="det"/>
		<feat xlink:href="#sSpan228" value="obl"/>
		<feat xlink:href="#sSpan230" value="cc"/>
		<feat xlink:href="#sSpan234" value="det"/>
		<feat xlink:href="#sSpan237" value="conj"/>
		<feat xlink:href="#sSpan239" value="punct"/>
		<feat xlink:href="#sSpan243" value="cc"/>
		<feat xlink:href="#sSpan248" value="det"/>
		<feat xlink:href="#sSpan252" value="conj"/>
		<feat xlink:href="#sSpan254" value="punct"/>
		<feat xlink:href="#sSpan258" value="mark"/>
		<feat xlink:href="#sSpan262" value="acl"/>
		<feat xlink:href="#sSpan264" value="punct"/>
		<feat xlink:href="#sSpan268" value="aux"/>
		<feat xlink:href="#sSpan274" value="det"/>
		<feat xlink:href="#sSpan278" value="root"/>
		<feat xlink:href="#sSpan280" value="punct"/>
		<feat xlink:href="#sSpan284" value="mark"/>
		<feat xlink:href="#sSpan289" value="acl"/>
		<feat xlink:href="#sSpan291" value="case"/>
		<feat xlink:href="#sSpan295" value="obl"/>
		<feat xlink:href="#sSpan297" value="punct"/>
		<feat xlink:href="#sSpan301" value="mark"/>
		<feat xlink:href="#sSpan305" value="xcomp"/>
		<feat xlink:href="#sSpan307" value="nsubj"/>
		<feat xlink:href="#sSpan309" value="xcomp"/>
		<feat xlink:href="#sSpan311" value="case"/>
		<feat xlink:href="#sSpan315" value="obj"/>
		<feat xlink:href="#sSpan317" value="case"/>
		<feat xlink:href="#sSpan321" value="obl"/>
		<feat xlink:href="#sSpan323" value="punct"/>
		<feat xlink:href="#sSpan327" value="mark"/>
		<feat xlink:href="#sSpan332" value="aux"/>
		<feat xlink:href="#sSpan334" value="nsubj"/>
		<feat xlink:href="#sSpan336" value="advcl"/>
		<feat xlink:href="#sSpan338" value="advmod"/>
		<feat xlink:href="#sSpan342" value="mark"/>
		<feat xlink:href="#sSpan346" value="xcomp"/>
		<feat xlink:href="#sSpan348" value="nsubj"/>
		<feat xlink:href="#sSpan350" value="xcomp"/>
		<feat xlink:href="#sSpan352" value="case"/>
		<feat xlink:href="#sSpan356" value="det"/>
		<feat xlink:href="#sSpan359" value="obl"/>
		<feat xlink:href="#sSpan361" value="punct"/>
		<feat xlink:href="#sSpan365" value="mark"/>
		<feat xlink:href="#sSpan369" value="nsubj"/>
		<feat xlink:href="#sSpan371" value="advcl"/>
		<feat xlink:href="#sSpan374" value="mark"/>
		<feat xlink:href="#sSpan378" value="det"/>
		<feat xlink:href="#sSpan381" value="ccomp"/>
		<feat xlink:href="#sSpan383" value="cop"/>
		<feat xlink:href="#sSpan387" value="det"/>
		<feat xlink:href="#sSpan392" value="nsubj"/>
		<feat xlink:href="#sSpan394" value="punct"/>
		<feat xlink:href="#sSpan398" value="mark"/>
		<feat xlink:href="#sSpan402" value="nsubj"/>
		<feat xlink:href="#sSpan404" value="aux"/>
		<feat xlink:href="#sSpan406" value="acl"/>
		<feat xlink:href="#sSpan408" value="obj"/>
		<feat xlink:href="#sSpan410" value="case"/>
		<feat xlink:href="#sSpan415" value="obl"/>
		<feat xlink:href="#sSpan417" value="case"/>
		<feat xlink:href="#sSpan421" value="det"/>
		<feat xlink:href="#sSpan424" value="nmod"/>
		<feat xlink:href="#sSpan426" value="punct"/>
		<feat xlink:href="#sSpan430" value="nsubj"/>
		<feat xlink:href="#sSpan434" value="advcl"/>
		<feat xlink:href="#sSpan437" value="case"/>
		<feat xlink:href="#sSpan441" value="fixed"/>
		<feat xlink:href="#sSpan446" value="obl"/>
		<feat xlink:href="#sSpan449" value="punct"/>
		<feat xlink:href="#sSpan453" value="case"/>
		<feat xlink:href="#sSpan459" value="det"/>
		<feat xlink:href="#sSpan463" value="root"/>
		<feat xlink:href="#sSpan465" value="advmod"/>
		<feat xlink:href="#sSpan469" value="mark"/>
		<feat xlink:href="#sSpan473" value="nsubj"/>
		<feat xlink:href="#sSpan475" value="aux"/>
		<feat xlink:href="#sSpan478" value="acl"/>
		<feat xlink:href="#sSpan480" value="punct"/>
		<feat xlink:href="#sSpan484" value="aux"/>
		<feat xlink:href="#sSpan488" value="case"/>
		<feat xlink:href="#sSpan491" value="nsubj"/>
		<feat xlink:href="#sSpan499" value="case"/>
		<feat xlink:href="#sSpan503" value="det"/>
		<feat xlink:href="#sSpan506" value="nmod"/>
		<feat xlink:href="#sSpan508" value="parataxis"/>
		<feat xlink:href="#sSpan512" value="obj"/>
		<feat xlink:href="#sSpan514" value="punct"/>
		<feat xlink:href="#sSpan518" value="aux"/>
		<feat xlink:href="#sSpan522" value="nsubj"/>
		<feat xlink:href="#sSpan524" value="parataxis"/>
		<feat xlink:href="#sSpan526" value="det"/>
		<feat xlink:href="#sSpan530" value="nsubj"/>
		<feat xlink:href="#sSpan533" value="punct"/>
		<feat xlink:href="#sSpan537" value="xcomp"/>
		<feat xlink:href="#sSpan541" value="case"/>
		<feat xlink:href="#sSpan545" value="obl"/>
		<feat xlink:href="#sSpan547" value="case"/>
		<feat xlink:href="#sSpan551" value="det"/>
		<feat xlink:href="#sSpan555" value="obj"/>
		<feat xlink:href="#sSpan557" value="punct"/>
		<feat xlink:href="#sSpan561" value="aux"/>
		<feat xlink:href="#sSpan565" value="nsubj"/>
		<feat xlink:href="#sSpan567" value="advcl"/>
		<feat xlink:href="#sSpan569" value="case"/>
		<feat xlink:href="#sSpan573" value="obl"/>
		<feat xlink:href="#sSpan575" value="case"/>
		<feat xlink:href="#sSpan580" value="det"/>
		<feat xlink:href="#sSpan583" value="obj"/>
		<feat xlink:href="#sSpan585" value="advmod"/>
		<feat xlink:href="#sSpan589" value="punct"/>
		<feat xlink:href="#sSpan593" value="case"/>
		<feat xlink:href="#sSpan597" value="det"/>
		<feat xlink:href="#sSpan601" value="obl"/>
		<feat xlink:href="#sSpan603" value="punct"/>
		<feat xlink:href="#sSpan607" value="nsubj"/>
		<feat xlink:href="#sSpan615" value="root"/>
		<feat xlink:href="#sSpan618" value="advmod"/>
		<feat xlink:href="#sSpan622" value="case"/>
		<feat xlink:href="#sSpan627" value="obl"/>
		<feat xlink:href="#sSpan630" value="punct"/>
		<feat xlink:href="#sSpan634" value="mark"/>
		<feat xlink:href="#sSpan638" value="dislocated"/>
		<feat xlink:href="#sSpan641" value="mark"/>
		<feat xlink:href="#sSpan644" value="acl"/>
		<feat xlink:href="#sSpan646" value="punct"/>
		<feat xlink:href="#sSpan650" value="case"/>
		<feat xlink:href="#sSpan654" value="det"/>
		<feat xlink:href="#sSpan657" value="nmod"/>
		<feat xlink:href="#sSpan659" value="aux"/>
		<feat xlink:href="#sSpan664" value="ccomp"/>
		<feat xlink:href="#sSpan666" value="case"/>
		<feat xlink:href="#sSpan670" value="det"/>
		<feat xlink:href="#sSpan673" value="obl"/>
		<feat xlink:href="#sSpan675" value="punct"/>
		<feat xlink:href="#sSpan679" value="nsubj"/>
		<feat xlink:href="#sSpan685" value="aux"/>
		<feat xlink:href="#sSpan688" value="root"/>
		<feat xlink:href="#sSpan691" value="case"/>
		<feat xlink:href="#sSpan695" value="det"/>
		<feat xlink:href="#sSpan697" value="obl"/>
		<feat xlink:href="#sSpan699" value="case"/>
		<feat xlink:href="#sSpan704" value="det"/>
		<feat xlink:href="#sSpan708" value="nmod"/>
		<feat xlink:href="#sSpan711" value="punct"/>
		<feat xlink:href="#sSpan715" value="nsubj"/>
		<feat xlink:href="#sSpan721" value="aux"/>
		<feat xlink:href="#sSpan723" value="root"/>
		<feat xlink:href="#sSpan725" value="aux"/>
		<feat xlink:href="#sSpan729" value="nsubj"/>
		<feat xlink:href="#sSpan731" value="advmod"/>
		<feat xlink:href="#sSpan733" value="advcl"/>
		<feat xlink:href="#sSpan735" value="punct"/>
		<feat xlink:href="#sSpan739" value="nsubj"/>
		<feat xlink:href="#sSpan745" value="aux"/>
		<feat xlink:href="#sSpan747" value="root"/>
		<feat xlink:href="#sSpan749" value="aux"/>
		<feat xlink:href="#sSpan753" value="nsubj"/>
		<feat xlink:href="#sSpan755" value="advmod"/>
		<feat xlink:href="#sSpan757" value="advcl"/>
		<feat xlink:href="#sSpan760" value="punct"/>
		<feat xlink:href="#sSpan764" value="aux"/>
		<feat xlink:href="#sSpan770" value="nsubj"/>
		<feat xlink:href="#sSpan772" value="root"/>
		<feat xlink:href="#sSpan774" value="obj"/>
		<feat xlink:href="#sSpan776" value="mark"/>
		<feat xlink:href="#sSpan780" value="nsubj"/>
		<feat xlink:href="#sSpan782" value="ccomp"/>
		<feat xlink:href="#sSpan784" value="case"/>
		<feat xlink:href="#sSpan786" value="det"/>
		<feat xlink:href="#sSpan789" value="obl"/>
		<feat xlink:href="#sSpan791" value="case"/>
		<feat xlink:href="#sSpan795" value="obl"/>
		<feat xlink:href="#sSpan797" value="case"/>
		<feat xlink:href="#sSpan802" value="fixed"/>
		<feat xlink:href="#sSpan806" value="det"/>
		<feat xlink:href="#sSpan811" value="obl"/>
		<feat xlink:href="#sSpan813" value="punct"/>
		<feat xlink:href="#sSpan817" value="nsubj"/>
		<feat xlink:href="#sSpan823" value="advcl"/>
		<feat xlink:href="#sSpan825" value="punct"/>
		<feat xlink:href="#sSpan830" value="advmod"/>
		<feat xlink:href="#sSpan834" value="advmod"/>
		<feat xlink:href="#sSpan838" value="aux"/>
		<feat xlink:href="#sSpan842" value="nsubj"/>
		<feat xlink:href="#sSpan844" value="root"/>
		<feat xlink:href="#sSpan846" value="det"/>
		<feat xlink:href="#sSpan850" value="nsubj"/>
		<feat xlink:href="#sSpan852" value="mark"/>
		<feat xlink:href="#sSpan857" value="case"/>
		<feat xlink:href="#sSpan859" value="det"/>
		<feat xlink:href="#sSpan862" value="acl"/>
		<feat xlink:href="#sSpan864" value="punct"/>
		<feat xlink:href="#sSpan868" value="parataxis"/>
		<feat xlink:href="#sSpan872" value="case"/>
		<feat xlink:href="#sSpan876" value="det"/>
		<feat xlink:href="#sSpan879" value="obl"/>
		<feat xlink:href="#sSpan881" value="punct"/>
		<feat xlink:href="#sSpan885" value="case"/>
		<feat xlink:href="#sSpan889" value="det"/>
		<feat xlink:href="#sSpan891" value="obl"/>
		<feat xlink:href="#sSpan893" value="case"/>
		<feat xlink:href="#sSpan897" value="det"/>
		<feat xlink:href="#sSpan900" value="nmod"/>
		<feat xlink:href="#sSpan902" value="punct"/>
		<feat xlink:href="#sSpan906" value="mark"/>
		<feat xlink:href="#sSpan911" value="nsubj"/>
		<feat xlink:href="#sSpan913" value="advcl"/>
		<feat xlink:href="#sSpan915" value="aux"/>
		<feat xlink:href="#sSpan921" value="det"/>
		<feat xlink:href="#sSpan925" value="nsubj"/>
		<feat xlink:href="#sSpan927" value="punct"/>
		<feat xlink:href="#sSpan931" value="advcl"/>
		<feat xlink:href="#sSpan935" value="obj"/>
		<feat xlink:href="#sSpan938" value="cc"/>
		<feat xlink:href="#sSpan942" value="aux"/>
		<feat xlink:href="#sSpan946" value="det"/>
		<feat xlink:href="#sSpan950" value="conj"/>
		<feat xlink:href="#sSpan953" value="punct"/>
		<feat xlink:href="#sSpan957" value="root"/>
		<feat xlink:href="#sSpan961" value="case"/>
		<feat xlink:href="#sSpan965" value="obl"/>
		<feat xlink:href="#sSpan967" value="punct"/>
		<feat xlink:href="#sSpan971" value="case"/>
		<feat xlink:href="#sSpan975" value="det"/>
		<feat xlink:href="#sSpan977" value="obl"/>
		<feat xlink:href="#sSpan979" value="aux"/>
		<feat xlink:href="#sSpan983" value="nsubj"/>
		<feat xlink:href="#sSpan985" value="parataxis"/>
		<feat xlink:href="#sSpan987" value="case"/>
		<feat xlink:href="#sSpan991" value="det"/>
		<feat xlink:href="#sSpan995" value="obj"/>
		<feat xlink:href="#sSpan997" value="advmod"/>
		<feat xlink:href="#sSpan1001" value="aux"/>
		<feat xlink:href="#sSpan1005" value="nsubj"/>
		<feat xlink:href="#sSpan1007" value="advcl"/>
		<feat xlink:href="#sSpan1009" value="punct"/>
		<feat xlink:href="#sSpan1013" value="case"/>
		<feat xlink:href="#sSpan1017" value="det"/>
		<feat xlink:href="#sSpan1020" value="obl"/>
		<feat xlink:href="#sSpan1023" value="appos"/>
		<feat xlink:href="#sSpan1027" value="punct"/>
		<feat xlink:href="#sSpan1031" value="aux"/>
		<feat xlink:href="#sSpan1035" value="det"/>
		<feat xlink:href="#sSpan1039" value="nsubj"/>
		<feat xlink:href="#sSpan1042" value="advcl"/>
		<feat xlink:href="#sSpan1046" value="obj"/>
		<feat xlink:href="#sSpan1048" value="case"/>
		<feat xlink:href="#sSpan1052" value="det"/>
		<feat xlink:href="#sSpan1054" value="obl"/>
		<feat xlink:href="#sSpan1056" value="punct"/>
		<feat xlink:href="#sSpan1060" value="aux"/>
		<feat xlink:href="#sSpan1064" value="nsubj"/>
		<feat xlink:href="#sSpan1066" value="advcl"/>
		<feat xlink:href="#sSpan1068" value="advmod"/>
		<feat xlink:href="#sSpan1072" value="case"/>
		<feat xlink:href="#sSpan1076" value="det"/>
		<feat xlink:href="#sSpan1078" value="obl"/>
		<feat xlink:href="#sSpan1082" value="aux"/>
		<feat xlink:href="#sSpan1086" value="nsubj"/>
		<feat xlink:href="#sSpan1088" value="advcl"/>
		<feat xlink:href="#sSpan1090" value="obj"/>
		<feat xlink:href="#sSpan1092" value="case"/>
		<feat xlink:href="#sSpan1096" value="fixed"/>
		<feat xlink:href="#sSpan1100" value="det"/>
		<feat xlink:href="#sSpan1103" value="obl"/>
		<feat xlink:href="#sSpan1105" value="case"/>
		<feat xlink:href="#sSpan1109" value="det"/>
		<feat xlink:href="#sSpan1112" value="nmod"/>
		<feat xlink:href="#sSpan1114" value="punct"/>
		<feat xlink:href="#sSpan1118" value="case"/>
		<feat xlink:href="#sSpan1123" value="fixed"/>
		<feat xlink:href="#sSpan1127" value="obl"/>
		<feat xlink:href="#sSpan1129" value="punct"/>
		<feat xlink:href="#sSpan1133" value="aux"/>
		<feat xlink:href="#sSpan1141" value="nsubj"/>
		<feat xlink:href="#sSpan1143" value="root"/>
		<feat xlink:href="#sSpan1145" value="dislocated"/>
		<feat xlink:href="#sSpan1149" value="case"/>
		<feat xlink:href="#sSpan1153" value="obl"/>
		<feat xlink:href="#sSpan1156" value="mark"/>
		<feat xlink:href="#sSpan1158" value="acl"/>
		<feat xlink:href="#sSpan1160" value="punct"/>
		<feat xlink:href="#sSpan1164" value="mark"/>
		<feat xlink:href="#sSpan1168" value="det"/>
		<feat xlink:href="#sSpan1171" value="nsubj"/>
		<feat xlink:href="#sSpan1173" value="aux"/>
		<feat xlink:href="#sSpan1177" value="ccomp"/>
		<feat xlink:href="#sSpan1179" value="case"/>
		<feat xlink:href="#sSpan1183" value="obl"/>
		<feat xlink:href="#sSpan1185" value="advmod"/>
		<feat xlink:href="#sSpan1190" value="punct"/>
		<feat xlink:href="#sSpan1194" value="case"/>
		<feat xlink:href="#sSpan1198" value="det"/>
		<feat xlink:href="#sSpan1202" value="obl"/>
		<feat xlink:href="#sSpan1204" value="punct"/>
		<feat xlink:href="#sSpan1208" value="cc"/>
		<feat xlink:href="#sSpan1212" value="mark"/>
		<feat xlink:href="#sSpan1216" value="det"/>
		<feat xlink:href="#sSpan1220" value="nsubj"/>
		<feat xlink:href="#sSpan1222" value="punct"/>
		<feat xlink:href="#sSpan1226" value="case"/>
		<feat xlink:href="#sSpan1230" value="det"/>
		<feat xlink:href="#sSpan1233" value="nmod"/>
		<feat xlink:href="#sSpan1236" value="aux"/>
		<feat xlink:href="#sSpan1240" value="conj"/>
		<feat xlink:href="#sSpan1243" value="advmod"/>
		<feat xlink:href="#sSpan1247" value="advmod"/>
		<feat xlink:href="#sSpan1251" value="case"/>
		<feat xlink:href="#sSpan1255" value="det"/>
		<feat xlink:href="#sSpan1259" value="obl"/>
		<feat xlink:href="#sSpan1262" value="punct"/>
		<feat xlink:href="#sSpan1266" value="cc"/>
		<feat xlink:href="#sSpan1272" value="advmod"/>
		<feat xlink:href="#sSpan1276" value="mark"/>
		<feat xlink:href="#sSpan1280" value="aux"/>
		<feat xlink:href="#sSpan1282" value="det"/>
		<feat xlink:href="#sSpan1286" value="nsubj"/>
		<feat xlink:href="#sSpan1288" value="root"/>
		<feat xlink:href="#sSpan1293" value="advmod"/>
		<feat xlink:href="#sSpan1297" value="punct"/>
		<feat xlink:href="#sSpan1301" value="aux"/>
		<feat xlink:href="#sSpan1307" value="det"/>
		<feat xlink:href="#sSpan1310" value="nsubj"/>
		<feat xlink:href="#sSpan1312" value="root"/>
		<feat xlink:href="#sSpan1316" value="case"/>
		<feat xlink:href="#sSpan1320" value="obl"/>
		<feat xlink:href="#sSpan1322" value="aux"/>
		<feat xlink:href="#sSpan1328" value="nsubj"/>
		<feat xlink:href="#sSpan1330" value="root"/>
		<feat xlink:href="#sSpan1332" value="obj"/>
		<feat xlink:href="#sSpan1334" value="case"/>
		<feat xlink:href="#sSpan1340" value="fixed"/>
		<feat xlink:href="#sSpan1344" value="det"/>
		<feat xlink:href="#sSpan1349" value="obl"/>
		<feat xlink:href="#sSpan1351" value="advmod"/>
		<feat xlink:href="#sSpan1355" value="det"/>
		<feat xlink:href="#sSpan1357" value="punct"/>
		<feat xlink:href="#sSpan1361" value="mark"/>
		<feat xlink:href="#sSpan1367" value="det"/>
		<feat xlink:href="#sSpan1370" value="nsubj"/>
		<feat xlink:href="#sSpan1372" value="punct"/>
		<feat xlink:href="#sSpan1376" value="root"/>
		<feat xlink:href="#sSpan1380" value="case"/>
		<feat xlink:href="#sSpan1384" value="det"/>
		<feat xlink:href="#sSpan1388" value="obj"/>
		<feat xlink:href="#sSpan1390" value="det"/>
		<feat xlink:href="#sSpan1394" value="obl:npmod"/>
		<feat xlink:href="#sSpan1397" value="case"/>
		<feat xlink:href="#sSpan1401" value="det"/>
		<feat xlink:href="#sSpan1404" value="obl"/>
		<feat xlink:href="#sSpan1406" value="punct"/>
		<feat xlink:href="#sSpan1410" value="mark"/>
		<feat xlink:href="#sSpan1414" value="nsubj"/>
		<feat xlink:href="#sSpan1416" value="aux"/>
		<feat xlink:href="#sSpan1418" value="acl"/>
		<feat xlink:href="#sSpan1420" value="obj"/>
		<feat xlink:href="#sSpan1422" value="punct"/>
		<feat xlink:href="#sSpan1426" value="root"/>
		<feat xlink:href="#sSpan1432" value="nsubj"/>
		<feat xlink:href="#sSpan1434" value="case"/>
		<feat xlink:href="#sSpan1439" value="obl"/>
		<feat xlink:href="#sSpan1442" value="mark"/>
		<feat xlink:href="#sSpan1444" value="aux"/>
		<feat xlink:href="#sSpan1446" value="acl"/>
		<feat xlink:href="#sSpan1448" value="case"/>
		<feat xlink:href="#sSpan1452" value="det"/>
		<feat xlink:href="#sSpan1455" value="obj"/>
		<feat xlink:href="#sSpan1457" value="case"/>
		<feat xlink:href="#sSpan1461" value="det"/>
		<feat xlink:href="#sSpan1464" value="nmod"/>
		<feat xlink:href="#sSpan1466" value="punct"/>
		<feat xlink:href="#sSpan1470" value="case"/>
		<feat xlink:href="#sSpan1474" value="det"/>
		<feat xlink:href="#sSpan1477" value="obl"/>
		<feat xlink:href="#sSpan1479" value="punct"/>
		<feat xlink:href="#sSpan1483" value="nsubj"/>
		<feat xlink:href="#sSpan1490" value="root"/>
		<feat xlink:href="#sSpan1492" value="case"/>
		<feat xlink:href="#sSpan1496" value="obj"/>
		<feat xlink:href="#sSpan1498" value="case"/>
		<feat xlink:href="#sSpan1502" value="obl"/>
		<feat xlink:href="#sSpan1504" value="mark"/>
		<feat xlink:href="#sSpan1508" value="det"/>
		<feat xlink:href="#sSpan1512" value="nsubj"/>
		<feat xlink:href="#sSpan1514" value="aux"/>
		<feat xlink:href="#sSpan1518" value="ccomp"/>
		<feat xlink:href="#sSpan1520" value="case"/>
		<feat xlink:href="#sSpan1525" value="obl"/>
		<feat xlink:href="#sSpan1527" value="punct"/>
		<feat xlink:href="#sSpan1531" value="case"/>
		<feat xlink:href="#sSpan1535" value="obl"/>
		<feat xlink:href="#sSpan1537" value="case"/>
		<feat xlink:href="#sSpan1539" value="det"/>
		<feat xlink:href="#sSpan1543" value="obl"/>
		<feat xlink:href="#sSpan1545" value="punct"/>
		<feat xlink:href="#sSpan1549" value="aux"/>
		<feat xlink:href="#sSpan1553" value="nsubj"/>
		<feat xlink:href="#sSpan1555" value="advcl"/>
		<feat xlink:href="#sSpan1558" value="mark"/>
		<feat xlink:href="#sSpan1562" value="nsubj"/>
		<feat xlink:href="#sSpan1564" value="advcl"/>
		<feat xlink:href="#sSpan1566" value="case"/>
		<feat xlink:href="#sSpan1571" value="obl"/>
		<feat xlink:href="#sSpan1573" value="punct"/>
		<feat xlink:href="#sSpan1577" value="case"/>
		<feat xlink:href="#sSpan1581" value="obl"/>
		<feat xlink:href="#sSpan1584" value="det"/>
		<feat xlink:href="#sSpan1588" value="punct"/>
		<feat xlink:href="#sSpan1592" value="case"/>
		<feat xlink:href="#sSpan1596" value="det"/>
		<feat xlink:href="#sSpan1600" value="obl"/>
		<feat xlink:href="#sSpan1602" value="punct"/>
		<feat xlink:href="#sSpan1606" value="dislocated"/>
		<feat xlink:href="#sSpan1613" value="advmod"/>
		<feat xlink:href="#sSpan1617" value="det"/>
		<feat xlink:href="#sSpan1623" value="appos"/>
		<feat xlink:href="#sSpan1625" value="aux"/>
		<feat xlink:href="#sSpan1629" value="nsubj"/>
		<feat xlink:href="#sSpan1631" value="advcl"/>
		<feat xlink:href="#sSpan1633" value="case"/>
		<feat xlink:href="#sSpan1637" value="obl"/>
		<feat xlink:href="#sSpan1640" value="case"/>
		<feat xlink:href="#sSpan1645" value="fixed"/>
		<feat xlink:href="#sSpan1649" value="obl"/>
		<feat xlink:href="#sSpan1651" value="case"/>
		<feat xlink:href="#sSpan1655" value="det"/>
		<feat xlink:href="#sSpan1659" value="obl"/>
		<feat xlink:href="#sSpan1662" value="case"/>
		<feat xlink:href="#sSpan1666" value="det"/>
		<feat xlink:href="#sSpan1669" value="nmod"/>
		<feat xlink:href="#sSpan1671" value="punct"/>
		<feat xlink:href="#sSpan1675" value="aux"/>
		<feat xlink:href="#sSpan1679" value="nsubj"/>
		<feat xlink:href="#sSpan1681" value="root"/>
		<feat xlink:href="#sSpan1684" value="det"/>
		<feat xlink:href="#sSpan1686" value="obj"/>
		<feat xlink:href="#sSpan1688" value="case"/>
		<feat xlink:href="#sSpan1692" value="det"/>
		<feat xlink:href="#sSpan1695" value="nmod"/>
		<feat xlink:href="#sSpan1697" value="punct"/>
		<feat xlink:href="#sSpan1701" value="mark"/>
		<feat xlink:href="#sSpan1705" value="nsubj"/>
		<feat xlink:href="#sSpan1707" value="advcl"/>
		<feat xlink:href="#sSpan1709" value="case"/>
		<feat xlink:href="#sSpan1714" value="det"/>
		<feat xlink:href="#sSpan1717" value="obl"/>
		<feat xlink:href="#sSpan1719" value="punct"/>
		<feat xlink:href="#sSpan1723" value="cc"/>
		<feat xlink:href="#sSpan1729" value="aux"/>
		<feat xlink:href="#sSpan1733" value="det"/>
		<feat xlink:href="#sSpan1736" value="nsubj"/>
		<feat xlink:href="#sSpan1738" value="case"/>
		<feat xlink:href="#sSpan1743" value="nmod"/>
		<feat xlink:href="#sSpan1745" value="punct"/>
		<feat xlink:href="#sSpan1749" value="root"/>
		<feat xlink:href="#sSpan1753" value="case"/>
		<feat xlink:href="#sSpan1757" value="det"/>
		<feat xlink:href="#sSpan1761" value="obl"/>
		<feat xlink:href="#sSpan1764" value="advmod"/>
		<feat xlink:href="#sSpan1768" value="punct"/>
		<feat xlink:href="#sSpan1772" value="aux"/>
		<feat xlink:href="#sSpan1778" value="nsubj"/>
		<feat xlink:href="#sSpan1780" value="root"/>
		<feat xlink:href="#sSpan1783" value="det"/>
		<feat xlink:href="#sSpan1785" value="obj"/>
		<feat xlink:href="#sSpan1787" value="case"/>
		<feat xlink:href="#sSpan1791" value="nmod"/>
		<feat xlink:href="#sSpan1794" value="mark"/>
		<feat xlink:href="#sSpan1796" value="case"/>
		<feat xlink:href="#sSpan1798" value="det"/>
		<feat xlink:href="#sSpan1802" value="acl"/>
		<feat xlink:href="#sSpan1804" value="punct"/>
		<feat xlink:href="#sSpan1808" value="parataxis"/>
		<feat xlink:href="#sSpan1813" value="case"/>
		<feat xlink:href="#sSpan1818" value="det"/>
		<feat xlink:href="#sSpan1821" value="det"/>
		<feat xlink:href="#sSpan1824" value="obl"/>
		<feat xlink:href="#sSpan1826" value="punct"/>
		<feat xlink:href="#sSpan1830" value="aux"/>
		<feat xlink:href="#sSpan1836" value="nsubj"/>
		<feat xlink:href="#sSpan1838" value="root"/>
		<feat xlink:href="#sSpan1840" value="case"/>
		<feat xlink:href="#sSpan1844" value="det"/>
		<feat xlink:href="#sSpan1846" value="obl"/>
		<feat xlink:href="#sSpan1848" value="aux"/>
		<feat xlink:href="#sSpan1854" value="nsubj"/>
		<feat xlink:href="#sSpan1856" value="root"/>
		<feat xlink:href="#sSpan1858" value="case"/>
		<feat xlink:href="#sSpan1862" value="det"/>
		<feat xlink:href="#sSpan1865" value="obj"/>
		<feat xlink:href="#sSpan1867" value="case"/>
		<feat xlink:href="#sSpan1872" value="nmod"/>
		<feat xlink:href="#sSpan1874" value="punct"/>
		<feat xlink:href="#sSpan1878" value="case"/>
		<feat xlink:href="#sSpan1882" value="obl"/>
		<feat xlink:href="#sSpan1884" value="case"/>
		<feat xlink:href="#sSpan1888" value="case"/>
		<feat xlink:href="#sSpan1890" value="det"/>
		<feat xlink:href="#sSpan1892" value="obj"/>
		<feat xlink:href="#sSpan1894" value="case"/>
		<feat xlink:href="#sSpan1898" value="nummod"/>
		<feat xlink:href="#sSpan1901" value="case"/>
		<feat xlink:href="#sSpan1905" value="obl"/>
		<feat xlink:href="#sSpan1907" value="case"/>
		<feat xlink:href="#sSpan1911" value="nmod"/>
		<feat xlink:href="#sSpan1914" value="punct"/>
		<feat xlink:href="#sSpan1918" value="mark"/>
		<feat xlink:href="#sSpan1922" value="xcomp"/>
		<feat xlink:href="#sSpan1924" value="nsubj"/>
		<feat xlink:href="#sSpan1926" value="xcomp"/>
		<feat xlink:href="#sSpan1928" value="case"/>
		<feat xlink:href="#sSpan1932" value="obl"/>
		<feat xlink:href="#sSpan1934" value="punct"/>
		<feat xlink:href="#sSpan1938" value="case"/>
		<feat xlink:href="#sSpan1942" value="det"/>
		<feat xlink:href="#sSpan1945" value="obl"/>
		<feat xlink:href="#sSpan1947" value="mark"/>
		<feat xlink:href="#sSpan1951" value="det"/>
		<feat xlink:href="#sSpan1955" value="nsubj"/>
		<feat xlink:href="#sSpan1957" value="aux"/>
		<feat xlink:href="#sSpan1961" value="acl"/>
		<feat xlink:href="#sSpan1963" value="obj"/>
		<feat xlink:href="#sSpan1965" value="case"/>
		<feat xlink:href="#sSpan1969" value="obl"/>
		<feat xlink:href="#sSpan1971" value="punct"/>
		<feat xlink:href="#sSpan1975" value="aux"/>
		<feat xlink:href="#sSpan1983" value="nsubj"/>
		<feat xlink:href="#sSpan1985" value="advcl"/>
		<feat xlink:href="#sSpan1988" value="advmod"/>
		<feat xlink:href="#sSpan1992" value="case"/>
		<feat xlink:href="#sSpan1997" value="fixed"/>
		<feat xlink:href="#sSpan2001" value="det"/>
		<feat xlink:href="#sSpan2004" value="obl"/>
		<feat xlink:href="#sSpan2006" value="punct"/>
		<feat xlink:href="#sSpan2010" value="aux"/>
		<feat xlink:href="#sSpan2014" value="nsubj"/>
		<feat xlink:href="#sSpan2016" value="root"/>
		<feat xlink:href="#sSpan2018" value="aux"/>
		<feat xlink:href="#sSpan2024" value="nsubj"/>
		<feat xlink:href="#sSpan2026" value="root"/>
		<feat xlink:href="#sSpan2028" value="case"/>
		<feat xlink:href="#sSpan2033" value="det"/>
		<feat xlink:href="#sSpan2036" value="obl"/>
		<feat xlink:href="#sSpan2038" value="case"/>
		<feat xlink:href="#sSpan2042" value="det"/>
		<feat xlink:href="#sSpan2045" value="nmod"/>
		<feat xlink:href="#sSpan2048" value="advmod"/>
		<feat xlink:href="#sSpan2052" value="punct"/>
		<feat xlink:href="#sSpan2056" value="aux"/>
		<feat xlink:href="#sSpan2062" value="nsubj"/>
		<feat xlink:href="#sSpan2065" value="root"/>
		<feat xlink:href="#sSpan2068" value="aux"/>
		<feat xlink:href="#sSpan2074" value="nsubj"/>
		<feat xlink:href="#sSpan2076" value="root"/>
		<feat xlink:href="#sSpan2078" value="case"/>
		<feat xlink:href="#sSpan2082" value="det"/>
		<feat xlink:href="#sSpan2086" value="obl"/>
		<feat xlink:href="#sSpan2088" value="punct"/>
		<feat xlink:href="#sSpan2092" value="mark"/>
		<feat xlink:href="#sSpan2096" value="advcl"/>
		<feat xlink:href="#sSpan2098" value="nsubj"/>
		<feat xlink:href="#sSpan2100" value="xcomp"/>
		<feat xlink:href="#sSpan2102" value="obj"/>
		<feat xlink:href="#sSpan2104" value="case"/>
		<feat xlink:href="#sSpan2108" value="obl"/>
		<feat xlink:href="#sSpan2110" value="punct"/>
		<feat xlink:href="#sSpan2114" value="case"/>
		<feat xlink:href="#sSpan2118" value="det"/>
		<feat xlink:href="#sSpan2122" value="obl"/>
		<feat xlink:href="#sSpan2124" value="mark"/>
		<feat xlink:href="#sSpan2128" value="aux"/>
		<feat xlink:href="#sSpan2130" value="nsubj"/>
		<feat xlink:href="#sSpan2132" value="case"/>
		<feat xlink:href="#sSpan2137" value="acl"/>
		<feat xlink:href="#sSpan2139" value="case"/>
		<feat xlink:href="#sSpan2143" value="obl"/>
		<feat xlink:href="#sSpan2145" value="punct"/>
		<feat xlink:href="#sSpan2149" value="nsubj"/>
		<feat xlink:href="#sSpan2153" value="advcl"/>
		<feat xlink:href="#sSpan2155" value="case"/>
		<feat xlink:href="#sSpan2159" value="det"/>
		<feat xlink:href="#sSpan2161" value="obl"/>
		<feat xlink:href="#sSpan2164" value="mark"/>
		<feat xlink:href="#sSpan2168" value="aux"/>
		<feat xlink:href="#sSpan2170" value="nsubj"/>
		<feat xlink:href="#sSpan2172" value="acl"/>
		<feat xlink:href="#sSpan2174" value="case"/>
		<feat xlink:href="#sSpan2178" value="obl"/>
		<feat xlink:href="#sSpan2180" value="punct"/>
		<feat xlink:href="#sSpan2184" value="aux"/>
		<feat xlink:href="#sSpan2190" value="nsubj"/>
		<feat xlink:href="#sSpan2193" value="advcl"/>
		<feat xlink:href="#sSpan2196" value="advmod"/>
		<feat xlink:href="#sSpan2200" value="mark"/>
		<feat xlink:href="#sSpan2204" value="aux"/>
		<feat xlink:href="#sSpan2206" value="nsubj"/>
		<feat xlink:href="#sSpan2209" value="ccomp"/>
		<feat xlink:href="#sSpan2212" value="punct"/>
		<feat xlink:href="#sSpan2216" value="root"/>
		<feat xlink:href="#sSpan2220" value="nsubj"/>
		<feat xlink:href="#sSpan2222" value="case"/>
		<feat xlink:href="#sSpan2226" value="obl"/>
		<feat xlink:href="#sSpan2228" value="mark"/>
		<feat xlink:href="#sSpan2232" value="advmod"/>
		<feat xlink:href="#sSpan2234" value="ccomp"/>
		<feat xlink:href="#sSpan2236" value="punct"/>
		<feat xlink:href="#sSpan2240" value="root"/>
		<feat xlink:href="#sSpan2247" value="cop"/>
		<feat xlink:href="#sSpan2251" value="det"/>
		<feat xlink:href="#sSpan2257" value="nsubj"/>
		<feat xlink:href="#sSpan2259" value="mark"/>
		<feat xlink:href="#sSpan2263" value="acl"/>
		<feat xlink:href="#sSpan2265" value="case"/>
		<feat xlink:href="#sSpan2269" value="obl"/>
		<feat xlink:href="#sSpan2271" value="punct"/>
		<feat xlink:href="#sSpan2275" value="mark"/>
		<feat xlink:href="#sSpan2279" value="acl"/>
		<feat xlink:href="#sSpan2281" value="case"/>
		<feat xlink:href="#sSpan2286" value="obl"/>
		<feat xlink:href="#sSpan2288" value="punct"/>
		<feat xlink:href="#sSpan2292" value="case"/>
		<feat xlink:href="#sSpan2296" value="det"/>
		<feat xlink:href="#sSpan2300" value="obl"/>
		<feat xlink:href="#sSpan2303" value="punct"/>
		<feat xlink:href="#sSpan2307" value="det"/>
		<feat xlink:href="#sSpan2315" value="dislocated"/>
		<feat xlink:href="#sSpan2317" value="appos"/>
		<feat xlink:href="#sSpan2321" value="mark"/>
		<feat xlink:href="#sSpan2326" value="aux"/>
		<feat xlink:href="#sSpan2328" value="det"/>
		<feat xlink:href="#sSpan2331" value="nsubj"/>
		<feat xlink:href="#sSpan2333" value="punct"/>
		<feat xlink:href="#sSpan2337" value="acl"/>
		<feat xlink:href="#sSpan2341" value="obj"/>
		<feat xlink:href="#sSpan2343" value="case"/>
		<feat xlink:href="#sSpan2347" value="obl"/>
		<feat xlink:href="#sSpan2349" value="punct"/>
		<feat xlink:href="#sSpan2353" value="nsubj"/>
		<feat xlink:href="#sSpan2357" value="aux"/>
		<feat xlink:href="#sSpan2359" value="aux"/>
		<feat xlink:href="#sSpan2361" value="root"/>
		<feat xlink:href="#sSpan2365" value="obj"/>
		<feat xlink:href="#sSpan2367" value="advmod"/>
		<feat xlink:href="#sSpan2371" value="punct"/>
		<feat xlink:href="#sSpan2375" value="aux"/>
		<feat xlink:href="#sSpan2382" value="nsubj"/>
		<feat xlink:href="#sSpan2384" value="advcl"/>
		<feat xlink:href="#sSpan2387" value="advmod"/>
		<feat xlink:href="#sSpan2391" value="advmod"/>
		<feat xlink:href="#sSpan2395" value="case"/>
		<feat xlink:href="#sSpan2399" value="det"/>
		<feat xlink:href="#sSpan2402" value="obl"/>
		<feat xlink:href="#sSpan2404" value="punct"/>
		<feat xlink:href="#sSpan2408" value="aux"/>
		<feat xlink:href="#sSpan2412" value="nsubj"/>
		<feat xlink:href="#sSpan2414" value="root"/>
		<feat xlink:href="#sSpan2416" value="case"/>
		<feat xlink:href="#sSpan2420" value="det"/>
		<feat xlink:href="#sSpan2423" value="obl"/>
		<feat xlink:href="#sSpan2425" value="mark"/>
		<feat xlink:href="#sSpan2430" value="nsubj"/>
		<feat xlink:href="#sSpan2432" value="aux"/>
		<feat xlink:href="#sSpan2435" value="advcl"/>
		<feat xlink:href="#sSpan2437" value="case"/>
		<feat xlink:href="#sSpan2441" value="obl"/>
		<feat xlink:href="#sSpan2443" value="case"/>
		<feat xlink:href="#sSpan2447" value="nmod"/>
		<feat xlink:href="#sSpan2449" value="aux"/>
		<feat xlink:href="#sSpan2455" value="nsubj"/>
		<feat xlink:href="#sSpan2457" value="root"/>
		<feat xlink:href="#sSpan2459" value="case"/>
		<feat xlink:href="#sSpan2463" value="det"/>
		<feat xlink:href="#sSpan2466" value="obl"/>
		<feat xlink:href="#sSpan2468" value="aux"/>
		<feat xlink:href="#sSpan2475" value="nsubj"/>
		<feat xlink:href="#sSpan2477" value="root"/>
		<feat xlink:href="#sSpan2479" value="obj"/>
		<feat xlink:href="#sSpan2481" value="case"/>
		<feat xlink:href="#sSpan2485" value="obl"/>
		<feat xlink:href="#sSpan2487" value="punct"/>
		<feat xlink:href="#sSpan2491" value="mark"/>
		<feat xlink:href="#sSpan2495" value="nsubj"/>
		<feat xlink:href="#sSpan2497" value="ccomp"/>
		<feat xlink:href="#sSpan2499" value="mark"/>
		<feat xlink:href="#sSpan2503" value="ccomp"/>
		<feat xlink:href="#sSpan2505" value="nsubj"/>
		<feat xlink:href="#sSpan2508" value="case"/>
		<feat xlink:href="#sSpan2513" value="obl"/>
		<feat xlink:href="#sSpan2515" value="punct"/>
		<feat xlink:href="#sSpan2519" value="aux"/>
		<feat xlink:href="#sSpan2525" value="nsubj"/>
		<feat xlink:href="#sSpan2527" value="root"/>
		<feat xlink:href="#sSpan2529" value="case"/>
		<feat xlink:href="#sSpan2533" value="obl"/>
		<feat xlink:href="#sSpan2535" value="advmod"/>
		<feat xlink:href="#sSpan2539" value="case"/>
		<feat xlink:href="#sSpan2543" value="det"/>
		<feat xlink:href="#sSpan2546" value="dislocated"/>
		<feat xlink:href="#sSpan2548" value="case"/>
		<feat xlink:href="#sSpan2553" value="nmod"/>
		<feat xlink:href="#sSpan2555" value="punct"/>
		<feat xlink:href="#sSpan2559" value="case"/>
		<feat xlink:href="#sSpan2563" value="det"/>
		<feat xlink:href="#sSpan2567" value="nmod"/>
		<feat xlink:href="#sSpan2569" value="punct"/>
		<feat xlink:href="#sSpan2573" value="mark"/>
		<feat xlink:href="#sSpan2577" value="acl"/>
		<feat xlink:href="#sSpan2579" value="nsubj"/>
		<feat xlink:href="#sSpan2581" value="case"/>
		<feat xlink:href="#sSpan2585" value="det"/>
		<feat xlink:href="#sSpan2588" value="obl"/>
		<feat xlink:href="#sSpan2590" value="punct"/>
		<feat xlink:href="#sSpan2594" value="mark"/>
		<feat xlink:href="#sSpan2598" value="det"/>
		<feat xlink:href="#sSpan2601" value="nsubj"/>
		<feat xlink:href="#sSpan2603" value="case"/>
		<feat xlink:href="#sSpan2608" value="nmod"/>
		<feat xlink:href="#sSpan2611" value="case"/>
		<feat xlink:href="#sSpan2615" value="det"/>
		<feat xlink:href="#sSpan2618" value="obl"/>
		<feat xlink:href="#sSpan2620" value="punct"/>
		<feat xlink:href="#sSpan2624" value="aux"/>
		<feat xlink:href="#sSpan2633" value="nsubj"/>
		<feat xlink:href="#sSpan2635" value="advcl"/>
		<feat xlink:href="#sSpan2638" value="advmod"/>
		<feat xlink:href="#sSpan2642" value="case"/>
		<feat xlink:href="#sSpan2646" value="obl"/>
		<feat xlink:href="#sSpan2648" value="aux"/>
		<feat xlink:href="#sSpan2652" value="nsubj"/>
		<feat xlink:href="#sSpan2654" value="root"/>
		<feat xlink:href="#sSpan2656" value="case"/>
		<feat xlink:href="#sSpan2660" value="obl"/>
		<feat xlink:href="#sSpan2662" value="punct"/>
		<feat xlink:href="#sSpan2666" value="dislocated"/>
		<feat xlink:href="#sSpan2673" value="advmod"/>
		<feat xlink:href="#sSpan2677" value="aux"/>
		<feat xlink:href="#sSpan2682" value="nsubj"/>
		<feat xlink:href="#sSpan2684" value="root"/>
		<feat xlink:href="#sSpan2686" value="obj"/>
		<feat xlink:href="#sSpan2688" value="aux"/>
		<feat xlink:href="#sSpan2694" value="nsubj"/>
		<feat xlink:href="#sSpan2697" value="root"/>
		<feat xlink:href="#sSpan2699" value="case"/>
		<feat xlink:href="#sSpan2703" value="obj"/>
		<feat xlink:href="#sSpan2705" value="punct"/>
		<feat xlink:href="#sSpan2709" value="root"/>
		<feat xlink:href="#sSpan2715" value="nsubj"/>
		<feat xlink:href="#sSpan2717" value="case"/>
		<feat xlink:href="#sSpan2721" value="obl"/>
		<feat xlink:href="#sSpan2723" value="mark"/>
		<feat xlink:href="#sSpan2727" value="ccomp"/>
		<feat xlink:href="#sSpan2730" value="cop"/>
		<feat xlink:href="#sSpan2734" value="nsubj"/>
		<feat xlink:href="#sSpan2739" value="det"/>
		<feat xlink:href="#sSpan2744" value="appos"/>
		<feat xlink:href="#sSpan2749" value="case"/>
		<feat xlink:href="#sSpan2753" value="det"/>
		<feat xlink:href="#sSpan2756" value="nmod"/>
		<feat xlink:href="#sSpan2758" value="punct"/>
		<feat xlink:href="#sSpan2762" value="root"/>
		<feat xlink:href="#sSpan2769" value="advmod"/>
		<feat xlink:href="#sSpan2773" value="det"/>
		<feat xlink:href="#sSpan2780" value="dislocated"/>
		<feat xlink:href="#sSpan2782" value="case"/>
		<feat xlink:href="#sSpan2786" value="obl"/>
		<feat xlink:href="#sSpan2788" value="punct"/>
		<feat xlink:href="#sSpan2792" value="aux"/>
		<feat xlink:href="#sSpan2796" value="nsubj"/>
		<feat xlink:href="#sSpan2798" value="root"/>
		<feat xlink:href="#sSpan2800" value="case"/>
		<feat xlink:href="#sSpan2804" value="det"/>
		<feat xlink:href="#sSpan2807" value="obj"/>
		<feat xlink:href="#sSpan2809" value="mark"/>
		<feat xlink:href="#sSpan2814" value="acl"/>
		<feat xlink:href="#sSpan2816" value="nsubj"/>
		<feat xlink:href="#sSpan2818" value="punct"/>
		<feat xlink:href="#sSpan2822" value="mark"/>
		<feat xlink:href="#sSpan2826" value="aux"/>
		<feat xlink:href="#sSpan2828" value="nsubj"/>
		<feat xlink:href="#sSpan2830" value="acl"/>
		<feat xlink:href="#sSpan2832" value="obj"/>
		<feat xlink:href="#sSpan2834" value="case"/>
		<feat xlink:href="#sSpan2838" value="obl"/>
		<feat xlink:href="#sSpan2840" value="punct"/>
		<feat xlink:href="#sSpan2844" value="aux"/>
		<feat xlink:href="#sSpan2850" value="nsubj"/>
		<feat xlink:href="#sSpan2852" value="root"/>
		<feat xlink:href="#sSpan2855" value="advmod"/>
		<feat xlink:href="#sSpan2859" value="advmod"/>
		<feat xlink:href="#sSpan2864" value="aux"/>
		<feat xlink:href="#sSpan2870" value="nsubj"/>
		<feat xlink:href="#sSpan2872" value="root"/>
		<feat xlink:href="#sSpan2874" value="case"/>
		<feat xlink:href="#sSpan2878" value="obl"/>
		<feat xlink:href="#sSpan2880" value="punct"/>
		<feat xlink:href="#sSpan2884" value="case"/>
		<feat xlink:href="#sSpan2888" value="det"/>
		<feat xlink:href="#sSpan2891" value="obl"/>
		<feat xlink:href="#sSpan2893" value="case"/>
		<feat xlink:href="#sSpan2897" value="nmod"/>
		<feat xlink:href="#sSpan2899" value="punct"/>
		<feat xlink:href="#sSpan2903" value="aux"/>
		<feat xlink:href="#sSpan2910" value="nsubj"/>
		<feat xlink:href="#sSpan2913" value="root"/>
		<feat xlink:href="#sSpan2916" value="case"/>
		<feat xlink:href="#sSpan2920" value="obj"/>
		<feat xlink:href="#sSpan2923" value="case"/>
		<feat xlink:href="#sSpan2927" value="det"/>
		<feat xlink:href="#sSpan2931" value="nmod"/>
		<feat xlink:href="#sSpan2934" value="punct"/>
		<feat xlink:href="#sSpan2938" value="case"/>
		<feat xlink:href="#sSpan2943" value="fixed"/>
		<feat xlink:href="#sSpan2947" value="obl"/>
		<feat xlink:href="#sSpan2949" value="punct"/>
		<feat xlink:href="#sSpan2953" value="cc"/>
		<feat xlink:href="#sSpan2960" value="aux"/>
		<feat xlink:href="#sSpan2964" value="nsubj"/>
		<feat xlink:href="#sSpan2966" value="root"/>
		<feat xlink:href="#sSpan2968" value="obj"/>
		<feat xlink:href="#sSpan2970" value="case"/>
		<feat xlink:href="#sSpan2974" value="det"/>
		<feat xlink:href="#sSpan2978" value="obl"/>
		<feat xlink:href="#sSpan2982" value="case"/>
		<feat xlink:href="#sSpan2986" value="det"/>
		<feat xlink:href="#sSpan2989" value="nmod"/>
		<feat xlink:href="#sSpan2991" value="punct"/>
		<feat xlink:href="#sSpan2995" value="aux"/>
		<feat xlink:href="#sSpan3001" value="nsubj"/>
		<feat xlink:href="#sSpan3004" value="advcl"/>
		<feat xlink:href="#sSpan3007" value="advmod"/>
		<feat xlink:href="#sSpan3011" value="mark"/>
		<feat xlink:href="#sSpan3015" value="aux"/>
		<feat xlink:href="#sSpan3017" value="nsubj"/>
		<feat xlink:href="#sSpan3019" value="ccomp"/>
		<feat xlink:href="#sSpan3021" value="case"/>
		<feat xlink:href="#sSpan3025" value="det"/>
		<feat xlink:href="#sSpan3029" value="obl"/>
		<feat xlink:href="#sSpan3031" value="mark"/>
		<feat xlink:href="#sSpan3035" value="acl"/>
		<feat xlink:href="#sSpan3037" value="case"/>
		<feat xlink:href="#sSpan3041" value="det"/>
		<feat xlink:href="#sSpan3045" value="conj"/>
		<feat xlink:href="#sSpan3047" value="mark"/>
		<feat xlink:href="#sSpan3051" value="acl"/>
		<feat xlink:href="#sSpan3053" value="case"/>
		<feat xlink:href="#sSpan3057" value="det"/>
		<feat xlink:href="#sSpan3060" value="obl"/>
		<feat xlink:href="#sSpan3062" value="punct"/>
		<feat xlink:href="#sSpan3066" value="aux"/>
		<feat xlink:href="#sSpan3070" value="nsubj"/>
		<feat xlink:href="#sSpan3072" value="root"/>
		<feat xlink:href="#sSpan3074" value="obj"/>
		<feat xlink:href="#sSpan3076" value="case"/>
		<feat xlink:href="#sSpan3080" value="obl"/>
		<feat xlink:href="#sSpan3082" value="mark"/>
		<feat xlink:href="#sSpan3086" value="ccomp"/>
		<feat xlink:href="#sSpan3089" value="parataxis"/>
		<feat xlink:href="#sSpan3093" value="case"/>
		<feat xlink:href="#sSpan3095" value="det"/>
		<feat xlink:href="#sSpan3100" value="obj"/>
		<feat xlink:href="#sSpan3102" value="punct"/>
		<feat xlink:href="#sSpan3106" value="nsubj"/>
		<feat xlink:href="#sSpan3110" value="acl"/>
		<feat xlink:href="#sSpan3112" value="obj"/>
		<feat xlink:href="#sSpan3114" value="punct"/>
		<feat xlink:href="#sSpan3118" value="case"/>
		<feat xlink:href="#sSpan3122" value="det"/>
		<feat xlink:href="#sSpan3125" value="obl"/>
		<feat xlink:href="#sSpan3127" value="case"/>
		<feat xlink:href="#sSpan3131" value="nmod"/>
		<feat xlink:href="#sSpan3134" value="punct"/>
		<feat xlink:href="#sSpan3138" value="case"/>
		<feat xlink:href="#sSpan3142" value="det"/>
		<feat xlink:href="#sSpan3146" value="obl"/>
		<feat xlink:href="#sSpan3148" value="mark"/>
		<feat xlink:href="#sSpan3152" value="acl"/>
		<feat xlink:href="#sSpan3154" value="punct"/>
		<feat xlink:href="#sSpan3158" value="aux"/>
		<feat xlink:href="#sSpan3162" value="nsubj"/>
		<feat xlink:href="#sSpan3164" value="advcl"/>
		<feat xlink:href="#sSpan3166" value="case"/>
		<feat xlink:href="#sSpan3171" value="obl"/>
		<feat xlink:href="#sSpan3173" value="advmod"/>
		<feat xlink:href="#sSpan3177" value="det"/>
		<feat xlink:href="#sSpan3179" value="case"/>
		<feat xlink:href="#sSpan3183" value="det"/>
		<feat xlink:href="#sSpan3186" value="obl"/>
		<feat xlink:href="#sSpan3188" value="punct"/>
		<feat xlink:href="#sSpan3193" value="advmod"/>
		<feat xlink:href="#sSpan3199" value="mark"/>
		<feat xlink:href="#sSpan3203" value="aux"/>
		<feat xlink:href="#sSpan3205" value="det"/>
		<feat xlink:href="#sSpan3208" value="nsubj"/>
		<feat xlink:href="#sSpan3210" value="det"/>
		<feat xlink:href="#sSpan3215" value="nsubj"/>
		<feat xlink:href="#sSpan3217" value="root"/>
		<feat xlink:href="#sSpan3221" value="obj"/>
		<feat xlink:href="#sSpan3223" value="case"/>
		<feat xlink:href="#sSpan3227" value="det"/>
		<feat xlink:href="#sSpan3230" value="obl"/>
		<feat xlink:href="#sSpan3232" value="mark"/>
		<feat xlink:href="#sSpan3236" value="xcomp"/>
		<feat xlink:href="#sSpan3238" value="nsubj"/>
		<feat xlink:href="#sSpan3240" value="xcomp"/>
		<feat xlink:href="#sSpan3242" value="case"/>
		<feat xlink:href="#sSpan3246" value="det"/>
		<feat xlink:href="#sSpan3249" value="obl"/>
		<feat xlink:href="#sSpan3251" value="punct"/>
		<feat xlink:href="#sSpan3255" value="case"/>
		<feat xlink:href="#sSpan3262" value="det"/>
		<feat xlink:href="#sSpan3264" value="obl"/>
		<feat xlink:href="#sSpan3266" value="aux"/>
		<feat xlink:href="#sSpan3270" value="nsubj"/>
		<feat xlink:href="#sSpan3272" value="root"/>
		<feat xlink:href="#sSpan3274" value="aux"/>
		<feat xlink:href="#sSpan3278" value="nsubj"/>
		<feat xlink:href="#sSpan3280" value="parataxis"/>
		<feat xlink:href="#sSpan3282" value="case"/>
		<feat xlink:href="#sSpan3286" value="obl"/>
		<feat xlink:href="#sSpan3288" value="advmod"/>
		<feat xlink:href="#sSpan3292" value="case"/>
		<feat xlink:href="#sSpan3296" value="det"/>
		<feat xlink:href="#sSpan3300" value="obl"/>
		<feat xlink:href="#sSpan3302" value="case"/>
		<feat xlink:href="#sSpan3306" value="nmod"/>
		<feat xlink:href="#sSpan3309" value="nummod"/>
		<feat xlink:href="#sSpan3311" value="case"/>
		<feat xlink:href="#sSpan3315" value="obl"/>
		<feat xlink:href="#sSpan3317" value="case"/>
		<feat xlink:href="#sSpan3321" value="nmod"/>
		<feat xlink:href="#sSpan3323" value="punct"/>
		<feat xlink:href="#sSpan3327" value="case"/>
		<feat xlink:href="#sSpan3333" value="det"/>
		<feat xlink:href="#sSpan3336" value="obl"/>
		<feat xlink:href="#sSpan3339" value="advmod"/>
		<feat xlink:href="#sSpan3344" value="case"/>
		<feat xlink:href="#sSpan3348" value="nummod"/>
		<feat xlink:href="#sSpan3351" value="case"/>
		<feat xlink:href="#sSpan3355" value="nmod"/>
		<feat xlink:href="#sSpan3357" value="punct"/>
		<feat xlink:href="#sSpan3361" value="aux"/>
		<feat xlink:href="#sSpan3365" value="nsubj"/>
		<feat xlink:href="#sSpan3367" value="root"/>
		<feat xlink:href="#sSpan3370" value="case"/>
		<feat xlink:href="#sSpan3374" value="det"/>
		<feat xlink:href="#sSpan3377" value="obl"/>
		<feat xlink:href="#sSpan3379" value="case"/>
		<feat xlink:href="#sSpan3383" value="nmod"/>
		<feat xlink:href="#sSpan3386" value="punct"/>
		<feat xlink:href="#sSpan3390" value="root"/>
		<feat xlink:href="#sSpan3396" value="nsubj"/>
		<feat xlink:href="#sSpan3398" value="case"/>
		<feat xlink:href="#sSpan3402" value="obl"/>
		<feat xlink:href="#sSpan3404" value="mark"/>
		<feat xlink:href="#sSpan3408" value="ccomp"/>
		<feat xlink:href="#sSpan3411" value="cop"/>
		<feat xlink:href="#sSpan3415" value="det"/>
		<feat xlink:href="#sSpan3420" value="nsubj"/>
		<feat xlink:href="#sSpan3422" value="mark"/>
		<feat xlink:href="#sSpan3426" value="aux"/>
		<feat xlink:href="#sSpan3428" value="det"/>
		<feat xlink:href="#sSpan3431" value="nsubj"/>
		<feat xlink:href="#sSpan3433" value="acl"/>
		<feat xlink:href="#sSpan3438" value="obj"/>
		<feat xlink:href="#sSpan3440" value="case"/>
		<feat xlink:href="#sSpan3444" value="obl"/>
		<feat xlink:href="#sSpan3446" value="punct"/>
		<feat xlink:href="#sSpan3450" value="mark"/>
		<feat xlink:href="#sSpan3454" value="xcomp"/>
		<feat xlink:href="#sSpan3456" value="nsubj"/>
		<feat xlink:href="#sSpan3458" value="xcomp"/>
		<feat xlink:href="#sSpan3460" value="case"/>
		<feat xlink:href="#sSpan3464" value="obl"/>
		<feat xlink:href="#sSpan3466" value="aux"/>
		<feat xlink:href="#sSpan3472" value="nsubj"/>
		<feat xlink:href="#sSpan3474" value="root"/>
		<feat xlink:href="#sSpan3477" value="advmod"/>
		<feat xlink:href="#sSpan3482" value="case"/>
		<feat xlink:href="#sSpan3487" value="obl"/>
		<feat xlink:href="#sSpan3489" value="case"/>
		<feat xlink:href="#sSpan3493" value="det"/>
		<feat xlink:href="#sSpan3496" value="obl"/>
		<feat xlink:href="#sSpan3498" value="case"/>
		<feat xlink:href="#sSpan3502" value="nmod"/>
		<feat xlink:href="#sSpan3504" value="aux"/>
		<feat xlink:href="#sSpan3508" value="nsubj"/>
		<feat xlink:href="#sSpan3511" value="advcl"/>
		<feat xlink:href="#sSpan3513" value="case"/>
		<feat xlink:href="#sSpan3517" value="det"/>
		<feat xlink:href="#sSpan3520" value="obj"/>
		<feat xlink:href="#sSpan3522" value="mark"/>
		<feat xlink:href="#sSpan3526" value="acl"/>
		<feat xlink:href="#sSpan3529" value="nsubj"/>
		<feat xlink:href="#sSpan3531" value="mark"/>
		<feat xlink:href="#sSpan3535" value="acl"/>
		<feat xlink:href="#sSpan3537" value="case"/>
		<feat xlink:href="#sSpan3541" value="obl"/>
		<feat xlink:href="#sSpan3543" value="mark"/>
		<feat xlink:href="#sSpan3547" value="xcomp"/>
		<feat xlink:href="#sSpan3549" value="obj"/>
		<feat xlink:href="#sSpan3551" value="punct"/>
		<feat xlink:href="#sSpan3555" value="case"/>
		<feat xlink:href="#sSpan3563" value="obl"/>
		<feat xlink:href="#sSpan3565" value="aux"/>
		<feat xlink:href="#sSpan3569" value="nsubj"/>
		<feat xlink:href="#sSpan3571" value="root"/>
		<feat xlink:href="#sSpan3574" value="case"/>
		<feat xlink:href="#sSpan3578" value="fixed"/>
		<feat xlink:href="#sSpan3582" value="punct"/>
		<feat xlink:href="#sSpan3586" value="cc"/>
		<feat xlink:href="#sSpan3592" value="det"/>
		<feat xlink:href="#sSpan3596" value="root"/>
		<feat xlink:href="#sSpan3598" value="case"/>
		<feat xlink:href="#sSpan3602" value="det"/>
		<feat xlink:href="#sSpan3605" value="obl"/>
		<feat xlink:href="#sSpan3607" value="punct"/>
		<feat xlink:href="#sSpan3611" value="case"/>
		<feat xlink:href="#sSpan3615" value="det"/>
		<feat xlink:href="#sSpan3618" value="obl"/>
		<feat xlink:href="#sSpan3620" value="det"/>
		<feat xlink:href="#sSpan3625" value="appos"/>
		<feat xlink:href="#sSpan3627" value="punct"/>
		<feat xlink:href="#sSpan3631" value="case"/>
		<feat xlink:href="#sSpan3635" value="det"/>
		<feat xlink:href="#sSpan3638" value="nmod"/>
		<feat xlink:href="#sSpan3640" value="punct"/>
		<feat xlink:href="#sSpan3644" value="mark"/>
		<feat xlink:href="#sSpan3649" value="aux"/>
		<feat xlink:href="#sSpan3651" value="nsubj"/>
		<feat xlink:href="#sSpan3653" value="acl"/>
		<feat xlink:href="#sSpan3656" value="obj"/>
		<feat xlink:href="#sSpan3659" value="advmod"/>
		<feat xlink:href="#sSpan3663" value="punct"/>
		<feat xlink:href="#sSpan3667" value="cc"/>
		<feat xlink:href="#sSpan3673" value="aux"/>
		<feat xlink:href="#sSpan3677" value="nsubj"/>
		<feat xlink:href="#sSpan3679" value="root"/>
		<feat xlink:href="#sSpan3681" value="case"/>
		<feat xlink:href="#sSpan3685" value="obj"/>
		<feat xlink:href="#sSpan3687" value="case"/>
		<feat xlink:href="#sSpan3691" value="det"/>
		<feat xlink:href="#sSpan3696" value="obl"/>
		<feat xlink:href="#sSpan3698" value="mark"/>
		<feat xlink:href="#sSpan3702" value="nsubj"/>
		<feat xlink:href="#sSpan3704" value="case"/>
		<feat xlink:href="#sSpan3708" value="acl"/>
		<feat xlink:href="#sSpan3710" value="punct"/>
		<feat xlink:href="#sSpan3714" value="root"/>
		<feat xlink:href="#sSpan3720" value="nsubj"/>
		<feat xlink:href="#sSpan3723" value="advmod"/>
		<feat xlink:href="#sSpan3727" value="case"/>
		<feat xlink:href="#sSpan3731" value="obl"/>
		<feat xlink:href="#sSpan3733" value="mark"/>
		<feat xlink:href="#sSpan3737" value="det"/>
		<feat xlink:href="#sSpan3740" value="ccomp"/>
		<feat xlink:href="#sSpan3742" value="case"/>
		<feat xlink:href="#sSpan3747" value="nmod"/>
		<feat xlink:href="#sSpan3749" value="mark"/>
		<feat xlink:href="#sSpan3753" value="acl"/>
		<feat xlink:href="#sSpan3755" value="nsubj"/>
		<feat xlink:href="#sSpan3757" value="punct"/>
		<feat xlink:href="#sSpan3762" value="advmod"/>
		<feat xlink:href="#sSpan3766" value="case"/>
		<feat xlink:href="#sSpan3770" value="det"/>
		<feat xlink:href="#sSpan3774" value="nmod"/>
		<feat xlink:href="#sSpan3776" value="punct"/>
		<feat xlink:href="#sSpan3780" value="mark"/>
		<feat xlink:href="#sSpan3784" value="aux"/>
		<feat xlink:href="#sSpan3786" value="nsubj"/>
		<feat xlink:href="#sSpan3788" value="acl"/>
		<feat xlink:href="#sSpan3791" value="case"/>
		<feat xlink:href="#sSpan3795" value="det"/>
		<feat xlink:href="#sSpan3798" value="obl"/>
		<feat xlink:href="#sSpan3801" value="punct"/>
		<feat xlink:href="#sSpan3805" value="aux"/>
		<feat xlink:href="#sSpan3809" value="nsubj"/>
		<feat xlink:href="#sSpan3811" value="ccomp"/>
		<feat xlink:href="#sSpan3813" value="case"/>
		<feat xlink:href="#sSpan3817" value="det"/>
		<feat xlink:href="#sSpan3820" value="obl"/>
		<feat xlink:href="#sSpan3822" value="punct"/>
		<feat xlink:href="#sSpan3826" value="root"/>
		<feat xlink:href="#sSpan3832" value="nsubj"/>
		<feat xlink:href="#sSpan3834" value="case"/>
		<feat xlink:href="#sSpan3838" value="obl"/>
		<feat xlink:href="#sSpan3840" value="case"/>
		<feat xlink:href="#sSpan3844" value="det"/>
		<feat xlink:href="#sSpan3847" value="dislocated"/>
		<feat xlink:href="#sSpan3849" value="case"/>
		<feat xlink:href="#sSpan3855" value="nmod"/>
		<feat xlink:href="#sSpan3857" value="punct"/>
		<feat xlink:href="#sSpan3861" value="mark"/>
		<feat xlink:href="#sSpan3865" value="aux"/>
		<feat xlink:href="#sSpan3867" value="nsubj"/>
		<feat xlink:href="#sSpan3869" value="ccomp"/>
		<feat xlink:href="#sSpan3871" value="advmod"/>
		<feat xlink:href="#sSpan3875" value="punct"/>
		<feat xlink:href="#sSpan3879" value="case"/>
		<feat xlink:href="#sSpan3883" value="det"/>
		<feat xlink:href="#sSpan3886" value="obj"/>
		<feat xlink:href="#sSpan3889" value="case"/>
		<feat xlink:href="#sSpan3894" value="nmod"/>
		<feat xlink:href="#sSpan3896" value="case"/>
		<feat xlink:href="#sSpan3900" value="det"/>
		<feat xlink:href="#sSpan3903" value="obl"/>
		<feat xlink:href="#sSpan3905" value="punct"/>
		<feat xlink:href="#sSpan3909" value="cc"/>
		<feat xlink:href="#sSpan3913" value="det"/>
		<feat xlink:href="#sSpan3916" value="conj"/>
		<feat xlink:href="#sSpan3918" value="punct"/>
		<feat xlink:href="#sSpan3922" value="cc"/>
		<feat xlink:href="#sSpan3926" value="case"/>
		<feat xlink:href="#sSpan3930" value="det"/>
		<feat xlink:href="#sSpan3933" value="conj"/>
		<feat xlink:href="#sSpan3935" value="mark"/>
		<feat xlink:href="#sSpan3940" value="nsubj"/>
		<feat xlink:href="#sSpan3942" value="acl"/>
		<feat xlink:href="#sSpan3944" value="case"/>
		<feat xlink:href="#sSpan3948" value="det"/>
		<feat xlink:href="#sSpan3951" value="obl"/>
		<feat xlink:href="#sSpan3953" value="punct"/>
		<feat xlink:href="#sSpan3957" value="cc"/>
		<feat xlink:href="#sSpan3961" value="det"/>
		<feat xlink:href="#sSpan3964" value="conj"/>
		<feat xlink:href="#sSpan3966" value="case"/>
		<feat xlink:href="#sSpan3970" value="nmod"/>
		<feat xlink:href="#sSpan3972" value="case"/>
		<feat xlink:href="#sSpan3976" value="det"/>
		<feat xlink:href="#sSpan3979" value="nmod"/>
		<feat xlink:href="#sSpan3981" value="punct"/>
		<feat xlink:href="#sSpan3985" value="aux"/>
		<feat xlink:href="#sSpan3992" value="det"/>
		<feat xlink:href="#sSpan3996" value="nsubj"/>
		<feat xlink:href="#sSpan3998" value="root"/>
		<feat xlink:href="#sSpan4002" value="advmod"/>
		<feat xlink:href="#sSpan4007" value="case"/>
		<feat xlink:href="#sSpan4011" value="det"/>
		<feat xlink:href="#sSpan4014" value="obl"/>
		<feat xlink:href="#sSpan4016" value="case"/>
		<feat xlink:href="#sSpan4020" value="det"/>
		<feat xlink:href="#sSpan4023" value="nmod"/>
		<feat xlink:href="#sSpan4025" value="punct"/>
		<feat xlink:href="#sSpan4029" value="aux"/>
		<feat xlink:href="#sSpan4035" value="det"/>
		<feat xlink:href="#sSpan4039" value="dislocated"/>
		<feat xlink:href="#sSpan4042" value="advmod"/>
		<feat xlink:href="#sSpan4046" value="mark"/>
		<feat xlink:href="#sSpan4050" value="aux"/>
		<feat xlink:href="#sSpan4052" value="nsubj"/>
		<feat xlink:href="#sSpan4055" value="root"/>
		<feat xlink:href="#sSpan4057" value="case"/>
		<feat xlink:href="#sSpan4061" value="det"/>
		<feat xlink:href="#sSpan4065" value="obl"/>
		<feat xlink:href="#sSpan4067" value="punct"/>
		<feat xlink:href="#sSpan4071" value="mark"/>
		<feat xlink:href="#sSpan4075" value="acl"/>
		<feat xlink:href="#sSpan4078" value="nsubj"/>
		<feat xlink:href="#sSpan4080" value="punct"/>
		<feat xlink:href="#sSpan4084" value="case"/>
		<feat xlink:href="#sSpan4088" value="det"/>
		<feat xlink:href="#sSpan4092" value="obl"/>
		<feat xlink:href="#sSpan4094" value="punct"/>
		<feat xlink:href="#sSpan4098" value="cc"/>
		<feat xlink:href="#sSpan4102" value="mark"/>
		<feat xlink:href="#sSpan4106" value="aux"/>
		<feat xlink:href="#sSpan4108" value="nsubj"/>
		<feat xlink:href="#sSpan4110" value="conj"/>
		<feat xlink:href="#sSpan4112" value="case"/>
		<feat xlink:href="#sSpan4116" value="det"/>
		<feat xlink:href="#sSpan4119" value="obj"/>
		<feat xlink:href="#sSpan4121" value="punct"/>
		<feat xlink:href="#sSpan4125" value="case"/>
		<feat xlink:href="#sSpan4129" value="det"/>
		<feat xlink:href="#sSpan4134" value="obl"/>
		<feat xlink:href="#sSpan4136" value="punct"/>
		<feat xlink:href="#sSpan4140" value="aux"/>
		<feat xlink:href="#sSpan4144" value="nsubj"/>
		<feat xlink:href="#sSpan4146" value="parataxis"/>
		<feat xlink:href="#sSpan4148" value="det"/>
		<feat xlink:href="#sSpan4152" value="nsubj"/>
		<feat xlink:href="#sSpan4154" value="mark"/>
		<feat xlink:href="#sSpan4158" value="acl"/>
		<feat xlink:href="#sSpan4160" value="parataxis"/>
		<feat xlink:href="#sSpan4165" value="case"/>
		<feat xlink:href="#sSpan4171" value="obl"/>
		<feat xlink:href="#sSpan4173" value="punct"/>
		<feat xlink:href="#sSpan4177" value="case"/>
		<feat xlink:href="#sSpan4181" value="det"/>
		<feat xlink:href="#sSpan4185" value="obj"/>
		<feat xlink:href="#sSpan4187" value="case"/>
		<feat xlink:href="#sSpan4191" value="nmod"/>
		<feat xlink:href="#sSpan4193" value="punct"/>
		<feat xlink:href="#sSpan4197" value="mark"/>
		<feat xlink:href="#sSpan4201" value="nsubj"/>
		<feat xlink:href="#sSpan4203" value="advcl"/>
		<feat xlink:href="#sSpan4205" value="case"/>
		<feat xlink:href="#sSpan4209" value="obj"/>
		<feat xlink:href="#sSpan4211" value="case"/>
		<feat xlink:href="#sSpan4215" value="obl"/>
		<feat xlink:href="#sSpan4217" value="case"/>
		<feat xlink:href="#sSpan4221" value="det"/>
		<feat xlink:href="#sSpan4225" value="obl"/>
		<feat xlink:href="#sSpan4227" value="punct"/>
		<feat xlink:href="#sSpan4231" value="mark"/>
		<feat xlink:href="#sSpan4235" value="nsubj"/>
		<feat xlink:href="#sSpan4237" value="advcl"/>
		<feat xlink:href="#sSpan4240" value="case"/>
		<feat xlink:href="#sSpan4244" value="obl"/>
		<feat xlink:href="#sSpan4246" value="case"/>
		<feat xlink:href="#sSpan4250" value="det"/>
		<feat xlink:href="#sSpan4254" value="obj"/>
		<feat xlink:href="#sSpan4256" value="punct"/>
		<feat xlink:href="#sSpan4260" value="cc"/>
		<feat xlink:href="#sSpan4266" value="aux"/>
		<feat xlink:href="#sSpan4270" value="det"/>
		<feat xlink:href="#sSpan4274" value="nsubj"/>
		<feat xlink:href="#sSpan4276" value="punct"/>
		<feat xlink:href="#sSpan4280" value="root"/>
		<feat xlink:href="#sSpan4285" value="advmod"/>
		<feat xlink:href="#sSpan4289" value="punct"/>
		<feat xlink:href="#sSpan4293" value="case"/>
		<feat xlink:href="#sSpan4297" value="obl"/>
		<feat xlink:href="#sSpan4299" value="case"/>
		<feat xlink:href="#sSpan4304" value="obl"/>
		<feat xlink:href="#sSpan4308" value="punct"/>
		<feat xlink:href="#sSpan4312" value="det"/>
		<feat xlink:href="#sSpan4316" value="appos"/>
		<feat xlink:href="#sSpan4318" value="det"/>
		<feat xlink:href="#sSpan4324" value="appos"/>
		<feat xlink:href="#sSpan4327" value="case"/>
		<feat xlink:href="#sSpan4331" value="nmod"/>
		<feat xlink:href="#sSpan4335" value="advmod"/>
		<feat xlink:href="#sSpan4339" value="aux"/>
		<feat xlink:href="#sSpan4343" value="nsubj"/>
		<feat xlink:href="#sSpan4345" value="parataxis"/>
		<feat xlink:href="#sSpan4347" value="case"/>
		<feat xlink:href="#sSpan4351" value="det"/>
		<feat xlink:href="#sSpan4354" value="obj"/>
		<feat xlink:href="#sSpan4356" value="punct"/>
		<feat xlink:href="#sSpan4360" value="cc"/>
		<feat xlink:href="#sSpan4367" value="advmod"/>
		<feat xlink:href="#sSpan4371" value="case"/>
		<feat xlink:href="#sSpan4375" value="det"/>
		<feat xlink:href="#sSpan4379" value="obl"/>
		<feat xlink:href="#sSpan4381" value="mark"/>
		<feat xlink:href="#sSpan4385" value="acl"/>
		<feat xlink:href="#sSpan4387" value="case"/>
		<feat xlink:href="#sSpan4391" value="det"/>
		<feat xlink:href="#sSpan4394" value="obl"/>
		<feat xlink:href="#sSpan4396" value="punct"/>
		<feat xlink:href="#sSpan4400" value="aux"/>
		<feat xlink:href="#sSpan4404" value="nsubj"/>
		<feat xlink:href="#sSpan4406" value="root"/>
		<feat xlink:href="#sSpan4408" value="nsubj"/>
		<feat xlink:href="#sSpan4410" value="xcomp"/>
		<feat xlink:href="#sSpan4413" value="case"/>
		<feat xlink:href="#sSpan4417" value="det"/>
		<feat xlink:href="#sSpan4420" value="obl"/>
		<feat xlink:href="#sSpan4422" value="punct"/>
		<feat xlink:href="#sSpan4426" value="case"/>
		<feat xlink:href="#sSpan4430" value="det"/>
		<feat xlink:href="#sSpan4432" value="obl"/>
		<feat xlink:href="#sSpan4434" value="case"/>
		<feat xlink:href="#sSpan4438" value="det"/>
		<feat xlink:href="#sSpan4442" value="nmod"/>
		<feat xlink:href="#sSpan4444" value="punct"/>
		<feat xlink:href="#sSpan4448" value="nsubj"/>
		<feat xlink:href="#sSpan4456" value="root"/>
		<feat xlink:href="#sSpan4459" value="advmod"/>
		<feat xlink:href="#sSpan4463" value="mark"/>
		<feat xlink:href="#sSpan4467" value="aux"/>
		<feat xlink:href="#sSpan4469" value="det"/>
		<feat xlink:href="#sSpan4472" value="nsubj"/>
		<feat xlink:href="#sSpan4474" value="aux"/>
		<feat xlink:href="#sSpan4478" value="ccomp"/>
		<feat xlink:href="#sSpan4480" value="advmod"/>
		<feat xlink:href="#sSpan4484" value="case"/>
		<feat xlink:href="#sSpan4488" value="obl"/>
		<feat xlink:href="#sSpan4491" value="advmod"/>
		<feat xlink:href="#sSpan4496" value="det"/>
		<feat xlink:href="#sSpan4499" value="cc"/>
		<feat xlink:href="#sSpan4503" value="case"/>
		<feat xlink:href="#sSpan4507" value="conj"/>
		<feat xlink:href="#sSpan4510" value="det"/>
		<feat xlink:href="#sSpan4514" value="mark"/>
		<feat xlink:href="#sSpan4518" value="acl"/>
		<feat xlink:href="#sSpan4521" value="case"/>
		<feat xlink:href="#sSpan4525" value="fixed"/>
		<feat xlink:href="#sSpan4529" value="det"/>
		<feat xlink:href="#sSpan4533" value="obl"/>
		<feat xlink:href="#sSpan4535" value="case"/>
		<feat xlink:href="#sSpan4539" value="det"/>
		<feat xlink:href="#sSpan4542" value="nmod"/>
		<feat xlink:href="#sSpan4544" value="punct"/>
		<feat xlink:href="#sSpan4548" value="mark"/>
		<feat xlink:href="#sSpan4552" value="det"/>
		<feat xlink:href="#sSpan4555" value="nsubj"/>
		<feat xlink:href="#sSpan4557" value="aux"/>
		<feat xlink:href="#sSpan4561" value="acl"/>
		<feat xlink:href="#sSpan4563" value="case"/>
		<feat xlink:href="#sSpan4567" value="obl"/>
		<feat xlink:href="#sSpan4569" value="punct"/>
		<feat xlink:href="#sSpan4573" value="nsubj"/>
		<feat xlink:href="#sSpan4580" value="advcl"/>
		<feat xlink:href="#sSpan4582" value="det"/>
		<feat xlink:href="#sSpan4585" value="obj"/>
		<feat xlink:href="#sSpan4587" value="case"/>
		<feat xlink:href="#sSpan4591" value="det"/>
		<feat xlink:href="#sSpan4594" value="nmod"/>
		<feat xlink:href="#sSpan4596" value="nsubj"/>
		<feat xlink:href="#sSpan4600" value="aux"/>
		<feat xlink:href="#sSpan4602" value="root"/>
		<feat xlink:href="#sSpan4604" value="case"/>
		<feat xlink:href="#sSpan4608" value="det"/>
		<feat xlink:href="#sSpan4611" value="obj"/>
		<feat xlink:href="#sSpan4613" value="punct"/>
		<feat xlink:href="#sSpan4617" value="case"/>
		<feat xlink:href="#sSpan4622" value="obl"/>
		<feat xlink:href="#sSpan4625" value="det"/>
		<feat xlink:href="#sSpan4629" value="punct"/>
		<feat xlink:href="#sSpan4633" value="root"/>
		<feat xlink:href="#sSpan4639" value="nsubj"/>
		<feat xlink:href="#sSpan4642" value="advmod"/>
		<feat xlink:href="#sSpan4646" value="case"/>
		<feat xlink:href="#sSpan4650" value="det"/>
		<feat xlink:href="#sSpan4654" value="obl"/>
		<feat xlink:href="#sSpan4656" value="mark"/>
		<feat xlink:href="#sSpan4661" value="acl"/>
		<feat xlink:href="#sSpan4663" value="punct"/>
		<feat xlink:href="#sSpan4667" value="mark"/>
		<feat xlink:href="#sSpan4671" value="advmod"/>
		<feat xlink:href="#sSpan4674" value="ccomp"/>
		<feat xlink:href="#sSpan4677" value="mark"/>
		<feat xlink:href="#sSpan4681" value="ccomp"/>
		<feat xlink:href="#sSpan4683" value="cop"/>
		<feat xlink:href="#sSpan4687" value="nsubj"/>
		<feat xlink:href="#sSpan4692" value="nsubj"/>
		<feat xlink:href="#sSpan4695" value="csubj"/>
		<feat xlink:href="#sSpan4697" value="obj"/>
		<feat xlink:href="#sSpan4699" value="punct"/>
		<feat xlink:href="#sSpan4704" value="cc"/>
		<feat xlink:href="#sSpan4708" value="conj"/>
		<feat xlink:href="#sSpan4712" value="cop"/>
		<feat xlink:href="#sSpan4716" value="det"/>
		<feat xlink:href="#sSpan4721" value="nsubj"/>
		<feat xlink:href="#sSpan4723" value="nsubj"/>
		<feat xlink:href="#sSpan4725" value="obj"/>
		<feat xlink:href="#sSpan4727" value="punct"/>
		<feat xlink:href="#sSpan4732" value="cc"/>
		<feat xlink:href="#sSpan4736" value="conj"/>
		<feat xlink:href="#sSpan4740" value="cop"/>
		<feat xlink:href="#sSpan4744" value="aux"/>
		<feat xlink:href="#sSpan4750" value="nsubj"/>
		<feat xlink:href="#sSpan4752" value="nsubj"/>
		<feat xlink:href="#sSpan4754" value="obj"/>
		<feat xlink:href="#sSpan4756" value="case"/>
		<feat xlink:href="#sSpan4760" value="obl"/>
		<feat xlink:href="#sSpan4762" value="punct"/>
		<feat xlink:href="#sSpan4766" value="det"/>
		<feat xlink:href="#sSpan4771" value="dislocated"/>
		<feat xlink:href="#sSpan4773" value="mark"/>
		<feat xlink:href="#sSpan4777" value="case"/>
		<feat xlink:href="#sSpan4779" value="det"/>
		<feat xlink:href="#sSpan4783" value="acl"/>
		<feat xlink:href="#sSpan4785" value="punct"/>
		<feat xlink:href="#sSpan4789" value="parataxis"/>
		<feat xlink:href="#sSpan4793" value="aux"/>
		<feat xlink:href="#sSpan4797" value="nsubj"/>
		<feat xlink:href="#sSpan4800" value="parataxis"/>
		<feat xlink:href="#sSpan4804" value="case"/>
		<feat xlink:href="#sSpan4808" value="obj"/>
		<feat xlink:href="#sSpan4810" value="aux"/>
		<feat xlink:href="#sSpan4816" value="nsubj"/>
		<feat xlink:href="#sSpan4819" value="advcl"/>
		<feat xlink:href="#sSpan4821" value="case"/>
		<feat xlink:href="#sSpan4825" value="obj"/>
		<feat xlink:href="#sSpan4827" value="punct"/>
		<feat xlink:href="#sSpan4831" value="root"/>
		<feat xlink:href="#sSpan4837" value="obl:npmod"/>
		<feat xlink:href="#sSpan4841" value="case"/>
		<feat xlink:href="#sSpan4845" value="det"/>
		<feat xlink:href="#sSpan4849" value="obl"/>
		<feat xlink:href="#sSpan4852" value="cc"/>
		<feat xlink:href="#sSpan4857" value="det"/>
		<feat xlink:href="#sSpan4861" value="conj"/>
		<feat xlink:href="#sSpan4863" value="punct"/>
		<feat xlink:href="#sSpan4867" value="cc"/>
		<feat xlink:href="#sSpan4873" value="dislocated"/>
		<feat xlink:href="#sSpan4878" value="nsubj"/>
		<feat xlink:href="#sSpan4882" value="aux"/>
		<feat xlink:href="#sSpan4884" value="root"/>
		<feat xlink:href="#sSpan4886" value="obj"/>
		<feat xlink:href="#sSpan4888" value="case"/>
		<feat xlink:href="#sSpan4893" value="obl"/>
		<feat xlink:href="#sSpan4895" value="punct"/>
		<feat xlink:href="#sSpan4899" value="dislocated"/>
		<feat xlink:href="#sSpan4907" value="advmod"/>
		<feat xlink:href="#sSpan4911" value="aux"/>
		<feat xlink:href="#sSpan4915" value="nsubj"/>
		<feat xlink:href="#sSpan4917" value="advcl"/>
		<feat xlink:href="#sSpan4919" value="case"/>
		<feat xlink:href="#sSpan4923" value="obl"/>
		<feat xlink:href="#sSpan4925" value="punct"/>
		<feat xlink:href="#sSpan4929" value="aux"/>
		<feat xlink:href="#sSpan4933" value="nsubj"/>
		<feat xlink:href="#sSpan4936" value="root"/>
		<feat xlink:href="#sSpan4939" value="advmod"/>
		<feat xlink:href="#sSpan4944" value="punct"/>
		<feat xlink:href="#sSpan4948" value="advcl"/>
		<feat xlink:href="#sSpan4952" value="nsubj"/>
		<feat xlink:href="#sSpan4954" value="case"/>
		<feat xlink:href="#sSpan4958" value="obl"/>
		<feat xlink:href="#sSpan4960" value="mark"/>
		<feat xlink:href="#sSpan4965" value="discourse"/>
		<feat xlink:href="#sSpan4967" value="det"/>
		<feat xlink:href="#sSpan4972" value="vocative"/>
		<feat xlink:href="#sSpan4974" value="mark"/>
		<feat xlink:href="#sSpan4978" value="acl"/>
		<feat xlink:href="#sSpan4980" value="punct"/>
		<feat xlink:href="#sSpan4984" value="mark"/>
		<feat xlink:href="#sSpan4989" value="aux"/>
		<feat xlink:href="#sSpan4991" value="nsubj"/>
		<feat xlink:href="#sSpan4994" value="ccomp"/>
		<feat xlink:href="#sSpan4996" value="advmod"/>
		<feat xlink:href="#sSpan5000" value="case"/>
		<feat xlink:href="#sSpan5004" value="det"/>
		<feat xlink:href="#sSpan5008" value="obl"/>
		<feat xlink:href="#sSpan5010" value="cc"/>
		<feat xlink:href="#sSpan5014" value="det"/>
		<feat xlink:href="#sSpan5018" value="conj"/>
		<feat xlink:href="#sSpan5020" value="punct"/>
		<feat xlink:href="#sSpan5024" value="dislocated"/>
		<feat xlink:href="#sSpan5032" value="advmod"/>
		<feat xlink:href="#sSpan5036" value="root"/>
		<feat xlink:href="#sSpan5040" value="nsubj"/>
		<feat xlink:href="#sSpan5042" value="case"/>
		<feat xlink:href="#sSpan5046" value="obl"/>
		<feat xlink:href="#sSpan5048" value="mark"/>
		<feat xlink:href="#sSpan5053" value="discourse"/>
		<feat xlink:href="#sSpan5055" value="det"/>
		<feat xlink:href="#sSpan5060" value="vocative"/>
		<feat xlink:href="#sSpan5062" value="mark"/>
		<feat xlink:href="#sSpan5066" value="acl"/>
		<feat xlink:href="#sSpan5068" value="punct"/>
		<feat xlink:href="#sSpan5072" value="nsubj"/>
		<feat xlink:href="#sSpan5079" value="root"/>
		<feat xlink:href="#sSpan5081" value="case"/>
		<feat xlink:href="#sSpan5085" value="det"/>
		<feat xlink:href="#sSpan5089" value="dislocated"/>
		<feat xlink:href="#sSpan5091" value="punct"/>
		<feat xlink:href="#sSpan5095" value="case"/>
		<feat xlink:href="#sSpan5099" value="det"/>
		<feat xlink:href="#sSpan5102" value="obl"/>
		<feat xlink:href="#sSpan5104" value="punct"/>
		<feat xlink:href="#sSpan5108" value="mark"/>
		<feat xlink:href="#sSpan5112" value="nsubj"/>
		<feat xlink:href="#sSpan5115" value="advcl"/>
		<feat xlink:href="#sSpan5118" value="case"/>
		<feat xlink:href="#sSpan5122" value="obj"/>
		<feat xlink:href="#sSpan5124" value="case"/>
		<feat xlink:href="#sSpan5128" value="det"/>
		<feat xlink:href="#sSpan5132" value="obl"/>
		<feat xlink:href="#sSpan5134" value="cc"/>
		<feat xlink:href="#sSpan5138" value="det"/>
		<feat xlink:href="#sSpan5142" value="conj"/>
		<feat xlink:href="#sSpan5144" value="punct"/>
		<feat xlink:href="#sSpan5148" value="cc"/>
		<feat xlink:href="#sSpan5152" value="conj"/>
		<feat xlink:href="#sSpan5159" value="det"/>
		<feat xlink:href="#sSpan5163" value="mark"/>
		<feat xlink:href="#sSpan5167" value="nsubj"/>
		<feat xlink:href="#sSpan5169" value="case"/>
		<feat xlink:href="#sSpan5171" value="det"/>
		<feat xlink:href="#sSpan5174" value="acl"/>
		<feat xlink:href="#sSpan5176" value="punct"/>
		<feat xlink:href="#sSpan5180" value="mark"/>
		<feat xlink:href="#sSpan5184" value="acl"/>
		<feat xlink:href="#sSpan5186" value="case"/>
		<feat xlink:href="#sSpan5190" value="det"/>
		<feat xlink:href="#sSpan5194" value="obl"/>
		<feat xlink:href="#sSpan5196" value="punct"/>
		<feat xlink:href="#sSpan5200" value="cc"/>
		<feat xlink:href="#sSpan5204" value="mark"/>
		<feat xlink:href="#sSpan5208" value="advmod"/>
		<feat xlink:href="#sSpan5210" value="xcomp"/>
		<feat xlink:href="#sSpan5212" value="case"/>
		<feat xlink:href="#sSpan5217" value="obl"/>
		<feat xlink:href="#sSpan5219" value="punct"/>
		<feat xlink:href="#sSpan5223" value="nsubj"/>
		<feat xlink:href="#sSpan5229" value="root"/>
		<feat xlink:href="#sSpan5231" value="case"/>
		<feat xlink:href="#sSpan5235" value="det"/>
		<feat xlink:href="#sSpan5240" value="dislocated"/>
		<feat xlink:href="#sSpan5242" value="punct"/>
		<feat xlink:href="#sSpan5246" value="aux"/>
		<feat xlink:href="#sSpan5250" value="nsubj"/>
		<feat xlink:href="#sSpan5253" value="advcl"/>
		<feat xlink:href="#sSpan5255" value="case"/>
		<feat xlink:href="#sSpan5259" value="obj"/>
		<feat xlink:href="#sSpan5261" value="punct"/>
		<feat xlink:href="#sSpan5265" value="cc"/>
		<feat xlink:href="#sSpan5269" value="aux"/>
		<feat xlink:href="#sSpan5273" value="nsubj"/>
		<feat xlink:href="#sSpan5275" value="conj"/>
		<feat xlink:href="#sSpan5278" value="obj"/>
		<feat xlink:href="#sSpan5280" value="punct"/>
		<feat xlink:href="#sSpan5284" value="nsubj"/>
		<feat xlink:href="#sSpan5293" value="advcl"/>
		<feat xlink:href="#sSpan5296" value="advmod"/>
		<feat xlink:href="#sSpan5300" value="advmod"/>
		<feat xlink:href="#sSpan5304" value="mark"/>
		<feat xlink:href="#sSpan5308" value="xcomp"/>
		<feat xlink:href="#sSpan5310" value="case"/>
		<feat xlink:href="#sSpan5314" value="obl"/>
		<feat xlink:href="#sSpan5317" value="punct"/>
		<feat xlink:href="#sSpan5321" value="aux"/>
		<feat xlink:href="#sSpan5325" value="nsubj"/>
		<feat xlink:href="#sSpan5328" value="root"/>
		<feat xlink:href="#sSpan5331" value="case"/>
		<feat xlink:href="#sSpan5335" value="obj"/>
		<feat xlink:href="#sSpan5337" value="punct"/>
		<feat xlink:href="#sSpan5341" value="mark"/>
		<feat xlink:href="#sSpan5345" value="nsubj"/>
		<feat xlink:href="#sSpan5348" value="advcl"/>
		<feat xlink:href="#sSpan5350" value="punct"/>
		<feat xlink:href="#sSpan5354" value="aux"/>
		<feat xlink:href="#sSpan5358" value="nsubj"/>
		<feat xlink:href="#sSpan5360" value="advcl"/>
		<feat xlink:href="#sSpan5362" value="case"/>
		<feat xlink:href="#sSpan5366" value="obl"/>
		<feat xlink:href="#sSpan5370" value="mark"/>
		<feat xlink:href="#sSpan5372" value="acl"/>
		<feat xlink:href="#sSpan5374" value="advmod"/>
		<feat xlink:href="#sSpan5378" value="det"/>
		<feat xlink:href="#sSpan5380" value="punct"/>
		<feat xlink:href="#sSpan5384" value="aux"/>
		<feat xlink:href="#sSpan5388" value="nsubj"/>
		<feat xlink:href="#sSpan5391" value="advcl"/>
		<feat xlink:href="#sSpan5393" value="case"/>
		<feat xlink:href="#sSpan5397" value="obj"/>
		<feat xlink:href="#sSpan5399" value="case"/>
		<feat xlink:href="#sSpan5403" value="det"/>
		<feat xlink:href="#sSpan5407" value="obl"/>
		<feat xlink:href="#sSpan5410" value="punct"/>
		<feat xlink:href="#sSpan5414" value="parataxis"/>
		<feat xlink:href="#sSpan5418" value="obj"/>
		<feat xlink:href="#sSpan5421" value="aux"/>
		<feat xlink:href="#sSpan5425" value="nsubj"/>
		<feat xlink:href="#sSpan5427" value="advcl"/>
		<feat xlink:href="#sSpan5429" value="cc"/>
		<feat xlink:href="#sSpan5433" value="aux"/>
		<feat xlink:href="#sSpan5437" value="nsubj"/>
		<feat xlink:href="#sSpan5440" value="conj"/>
		<feat xlink:href="#sSpan5443" value="case"/>
		<feat xlink:href="#sSpan5447" value="obj"/>
		<feat xlink:href="#sSpan5449" value="punct"/>
		<feat xlink:href="#sSpan5453" value="cc"/>
		<feat xlink:href="#sSpan5457" value="det"/>
		<feat xlink:href="#sSpan5460" value="obl"/>
		<feat xlink:href="#sSpan5462" value="case"/>
		<feat xlink:href="#sSpan5466" value="det"/>
		<feat xlink:href="#sSpan5470" value="obl"/>
		<feat xlink:href="#sSpan5472" value="mark"/>
		<feat xlink:href="#sSpan5476" value="acl"/>
		<feat xlink:href="#sSpan5479" value="punct"/>
		<feat xlink:href="#sSpan5483" value="nsubj"/>
		<feat xlink:href="#sSpan5489" value="advcl"/>
		<feat xlink:href="#sSpan5492" value="advmod"/>
		<feat xlink:href="#sSpan5496" value="case"/>
		<feat xlink:href="#sSpan5500" value="obl"/>
		<feat xlink:href="#sSpan5502" value="aux"/>
		<feat xlink:href="#sSpan5506" value="nsubj"/>
		<feat xlink:href="#sSpan5508" value="root"/>
		<feat xlink:href="#sSpan5510" value="aux"/>
		<feat xlink:href="#sSpan5514" value="nsubj"/>
		<feat xlink:href="#sSpan5516" value="advcl"/>
		<feat xlink:href="#sSpan5519" value="det"/>
		<feat xlink:href="#sSpan5522" value="obj"/>
		<feat xlink:href="#sSpan5524" value="mark"/>
		<feat xlink:href="#sSpan5528" value="aux"/>
		<feat xlink:href="#sSpan5530" value="nsubj"/>
		<feat xlink:href="#sSpan5532" value="ccomp"/>
		<feat xlink:href="#sSpan5534" value="obj"/>
		<feat xlink:href="#sSpan5539" value="case"/>
		<feat xlink:href="#sSpan5543" value="det"/>
		<feat xlink:href="#sSpan5546" value="obl"/>
		<feat xlink:href="#sSpan5549" value="punct"/>
		<feat xlink:href="#sSpan5553" value="case"/>
		<feat xlink:href="#sSpan5557" value="obl"/>
		<feat xlink:href="#sSpan5559" value="advmod"/>
		<feat xlink:href="#sSpan5563" value="aux"/>
		<feat xlink:href="#sSpan5567" value="nsubj"/>
		<feat xlink:href="#sSpan5571" value="advcl"/>
		<feat xlink:href="#sSpan5573" value="obj"/>
		<feat xlink:href="#sSpan5575" value="case"/>
		<feat xlink:href="#sSpan5579" value="det"/>
		<feat xlink:href="#sSpan5583" value="obl"/>
		<feat xlink:href="#sSpan5585" value="punct"/>
		<feat xlink:href="#sSpan5589" value="aux"/>
		<feat xlink:href="#sSpan5593" value="nsubj"/>
		<feat xlink:href="#sSpan5595" value="advcl"/>
		<feat xlink:href="#sSpan5598" value="mark"/>
		<feat xlink:href="#sSpan5602" value="nsubj"/>
		<feat xlink:href="#sSpan5604" value="advcl"/>
		<feat xlink:href="#sSpan5606" value="case"/>
		<feat xlink:href="#sSpan5610" value="det"/>
		<feat xlink:href="#sSpan5613" value="obl"/>
		<feat xlink:href="#sSpan5617" value="case"/>
		<feat xlink:href="#sSpan5621" value="nmod"/>
		<feat xlink:href="#sSpan5623" value="punct"/>
		<feat xlink:href="#sSpan5627" value="mark"/>
		<feat xlink:href="#sSpan5633" value="mark"/>
		<feat xlink:href="#sSpan5637" value="aux"/>
		<feat xlink:href="#sSpan5639" value="nsubj"/>
		<feat xlink:href="#sSpan5641" value="advcl"/>
		<feat xlink:href="#sSpan5644" value="case"/>
		<feat xlink:href="#sSpan5648" value="det"/>
		<feat xlink:href="#sSpan5651" value="det"/>
		<feat xlink:href="#sSpan5654" value="obl"/>
		<feat xlink:href="#sSpan5657" value="case"/>
		<feat xlink:href="#sSpan5661" value="det"/>
		<feat xlink:href="#sSpan5664" value="obl"/>
		<feat xlink:href="#sSpan5666" value="mark"/>
		<feat xlink:href="#sSpan5670" value="aux"/>
		<feat xlink:href="#sSpan5672" value="nsubj"/>
		<feat xlink:href="#sSpan5674" value="acl"/>
		<feat xlink:href="#sSpan5676" value="case"/>
		<feat xlink:href="#sSpan5680" value="obl"/>
		<feat xlink:href="#sSpan5682" value="punct"/>
		<feat xlink:href="#sSpan5686" value="aux"/>
		<feat xlink:href="#sSpan5690" value="nsubj"/>
		<feat xlink:href="#sSpan5692" value="root"/>
		<feat xlink:href="#sSpan5694" value="det"/>
		<feat xlink:href="#sSpan5697" value="obj"/>
		<feat xlink:href="#sSpan5699" value="advmod"/>
		<feat xlink:href="#sSpan5703" value="mark"/>
		<feat xlink:href="#sSpan5707" value="ccomp"/>
		<feat xlink:href="#sSpan5710" value="nsubj"/>
		<feat xlink:href="#sSpan5713" value="punct"/>
		<feat xlink:href="#sSpan5717" value="ccomp"/>
		<feat xlink:href="#sSpan5721" value="punct"/>
		<feat xlink:href="#sSpan5725" value="aux"/>
		<feat xlink:href="#sSpan5731" value="nsubj"/>
		<feat xlink:href="#sSpan5734" value="advcl"/>
		<feat xlink:href="#sSpan5737" value="advmod"/>
		<feat xlink:href="#sSpan5741" value="aux"/>
		<feat xlink:href="#sSpan5745" value="nsubj"/>
		<feat xlink:href="#sSpan5747" value="root"/>
		<feat xlink:href="#sSpan5749" value="advmod"/>
		<feat xlink:href="#sSpan5753" value="mark"/>
		<feat xlink:href="#sSpan5757" value="aux"/>
		<feat xlink:href="#sSpan5759" value="nsubj"/>
		<feat xlink:href="#sSpan5761" value="ccomp"/>
		<feat xlink:href="#sSpan5763" value="det"/>
		<feat xlink:href="#sSpan5766" value="obj"/>
		<feat xlink:href="#sSpan5768" value="case"/>
		<feat xlink:href="#sSpan5772" value="nmod"/>
		<feat xlink:href="#sSpan5776" value="case"/>
		<feat xlink:href="#sSpan5780" value="obl"/>
		<feat xlink:href="#sSpan5783" value="case"/>
		<feat xlink:href="#sSpan5788" value="fixed"/>
		<feat xlink:href="#sSpan5792" value="obl"/>
		<feat xlink:href="#sSpan5794" value="punct"/>
		<feat xlink:href="#sSpan5798" value="cc"/>
		<feat xlink:href="#sSpan5804" value="aux"/>
		<feat xlink:href="#sSpan5808" value="nsubj"/>
		<feat xlink:href="#sSpan5810" value="root"/>
		<feat xlink:href="#sSpan5813" value="det"/>
		<feat xlink:href="#sSpan5815" value="obj"/>
		<feat xlink:href="#sSpan5817" value="case"/>
		<feat xlink:href="#sSpan5821" value="det"/>
		<feat xlink:href="#sSpan5825" value="nmod"/>
		<feat xlink:href="#sSpan5827" value="advmod"/>
		<feat xlink:href="#sSpan5831" value="det"/>
		<feat xlink:href="#sSpan5833" value="mark"/>
		<feat xlink:href="#sSpan5837" value="aux"/>
		<feat xlink:href="#sSpan5839" value="nsubj"/>
		<feat xlink:href="#sSpan5841" value="acl"/>
		<feat xlink:href="#sSpan5843" value="obj"/>
		<feat xlink:href="#sSpan5845" value="punct"/>
		<feat xlink:href="#sSpan5849" value="mark"/>
		<feat xlink:href="#sSpan5853" value="nsubj"/>
		<feat xlink:href="#sSpan5855" value="advcl"/>
		<feat xlink:href="#sSpan5858" value="case"/>
		<feat xlink:href="#sSpan5862" value="det"/>
		<feat xlink:href="#sSpan5865" value="obl"/>
		<feat xlink:href="#sSpan5867" value="punct"/>
		<feat xlink:href="#sSpan5871" value="aux"/>
		<feat xlink:href="#sSpan5878" value="det"/>
		<feat xlink:href="#sSpan5881" value="nsubj"/>
		<feat xlink:href="#sSpan5883" value="root"/>
		<feat xlink:href="#sSpan5888" value="case"/>
		<feat xlink:href="#sSpan5892" value="det"/>
		<feat xlink:href="#sSpan5896" value="obl"/>
		<feat xlink:href="#sSpan5898" value="punct"/>
		<feat xlink:href="#sSpan5902" value="cc"/>
		<feat xlink:href="#sSpan5908" value="aux"/>
		<feat xlink:href="#sSpan5912" value="det"/>
		<feat xlink:href="#sSpan5916" value="nsubj"/>
		<feat xlink:href="#sSpan5919" value="root"/>
		<feat xlink:href="#sSpan5924" value="case"/>
		<feat xlink:href="#sSpan5928" value="det"/>
		<feat xlink:href="#sSpan5933" value="obl"/>
		<feat xlink:href="#sSpan5935" value="cc"/>
		<feat xlink:href="#sSpan5939" value="det"/>
		<feat xlink:href="#sSpan5943" value="conj"/>
		<feat xlink:href="#sSpan5945" value="punct"/>
		<feat xlink:href="#sSpan5949" value="root"/>
		<feat xlink:href="#sSpan5955" value="nsubj"/>
		<feat xlink:href="#sSpan5958" value="advmod"/>
		<feat xlink:href="#sSpan5962" value="case"/>
		<feat xlink:href="#sSpan5966" value="obl"/>
		<feat xlink:href="#sSpan5969" value="advmod"/>
		<feat xlink:href="#sSpan5974" value="parataxis"/>
		<feat xlink:href="#sSpan5980" value="flat"/>
		<feat xlink:href="#sSpan5984" value="mark"/>
		<feat xlink:href="#sSpan5988" value="aux"/>
		<feat xlink:href="#sSpan5990" value="nsubj"/>
		<feat xlink:href="#sSpan5992" value="ccomp"/>
		<feat xlink:href="#sSpan5994" value="case"/>
		<feat xlink:href="#sSpan5998" value="obl"/>
		<feat xlink:href="#sSpan6001" value="case"/>
		<feat xlink:href="#sSpan6005" value="det"/>
		<feat xlink:href="#sSpan6008" value="obl"/>
		<feat xlink:href="#sSpan6010" value="mark"/>
		<feat xlink:href="#sSpan6014" value="acl"/>
		<feat xlink:href="#sSpan6016" value="punct"/>
		<feat xlink:href="#sSpan6020" value="cc"/>
		<feat xlink:href="#sSpan6025" value="aux"/>
		<feat xlink:href="#sSpan6029" value="nsubj"/>
		<feat xlink:href="#sSpan6031" value="conj"/>
		<feat xlink:href="#sSpan6033" value="case"/>
		<feat xlink:href="#sSpan6037" value="obl"/>
		<feat xlink:href="#sSpan6040" value="case"/>
		<feat xlink:href="#sSpan6044" value="det"/>
		<feat xlink:href="#sSpan6047" value="obl"/>
		<feat xlink:href="#sSpan6049" value="mark"/>
		<feat xlink:href="#sSpan6053" value="acl"/>
		<feat xlink:href="#sSpan6055" value="punct"/>
		<feat xlink:href="#sSpan6059" value="root"/>
		<feat xlink:href="#sSpan6066" value="nsubj"/>
		<feat xlink:href="#sSpan6068" value="advmod"/>
		<feat xlink:href="#sSpan6072" value="case"/>
		<feat xlink:href="#sSpan6077" value="obl"/>
		<feat xlink:href="#sSpan6079" value="punct"/>
		<feat xlink:href="#sSpan6083" value="mark"/>
		<feat xlink:href="#sSpan6087" value="ccomp"/>
		<feat xlink:href="#sSpan6089" value="det"/>
		<feat xlink:href="#sSpan6093" value="obj"/>
		<feat xlink:href="#sSpan6096" value="punct"/>
		<feat xlink:href="#sSpan6100" value="aux"/>
		<feat xlink:href="#sSpan6104" value="nsubj"/>
		<feat xlink:href="#sSpan6106" value="advcl"/>
		<feat xlink:href="#sSpan6109" value="case"/>
		<feat xlink:href="#sSpan6114" value="det"/>
		<feat xlink:href="#sSpan6117" value="obl"/>
		<feat xlink:href="#sSpan6119" value="mark"/>
		<feat xlink:href="#sSpan6123" value="nsubj"/>
		<feat xlink:href="#sSpan6125" value="case"/>
		<feat xlink:href="#sSpan6127" value="acl"/>
		<feat xlink:href="#sSpan6129" value="punct"/>
		<feat xlink:href="#sSpan6133" value="aux"/>
		<feat xlink:href="#sSpan6139" value="nsubj"/>
		<feat xlink:href="#sSpan6141" value="root"/>
		<feat xlink:href="#sSpan6143" value="punct"/>
		<feat xlink:href="#sSpan6147" value="aux"/>
		<feat xlink:href="#sSpan6153" value="nsubj"/>
		<feat xlink:href="#sSpan6155" value="root"/>
		<feat xlink:href="#sSpan6158" value="case"/>
		<feat xlink:href="#sSpan6162" value="det"/>
		<feat xlink:href="#sSpan6165" value="obl"/>
		<feat xlink:href="#sSpan6167" value="punct"/>
		<feat xlink:href="#sSpan6171" value="case"/>
		<feat xlink:href="#sSpan6175" value="obl"/>
		<feat xlink:href="#sSpan6178" value="nummod"/>
		<feat xlink:href="#sSpan6183" value="cc"/>
		<feat xlink:href="#sSpan6187" value="conj"/>
		<feat xlink:href="#sSpan6191" value="punct"/>
		<feat xlink:href="#sSpan6195" value="det"/>
		<feat xlink:href="#sSpan6200" value="conj"/>
		<feat xlink:href="#sSpan6202" value="advmod"/>
		<feat xlink:href="#sSpan6207" value="punct"/>
		<feat xlink:href="#sSpan6211" value="cop"/>
		<feat xlink:href="#sSpan6215" value="det"/>
		<feat xlink:href="#sSpan6220" value="nsubj"/>
		<feat xlink:href="#sSpan6222" value="case"/>
		<feat xlink:href="#sSpan6226" value="det"/>
		<feat xlink:href="#sSpan6229" value="nmod"/>
		<feat xlink:href="#sSpan6231" value="case"/>
		<feat xlink:href="#sSpan6236" value="nmod"/>
		<feat xlink:href="#sSpan6238" value="punct"/>
		<feat xlink:href="#sSpan6242" value="cc"/>
		<feat xlink:href="#sSpan6247" value="det"/>
		<feat xlink:href="#sSpan6252" value="conj"/>
		<feat xlink:href="#sSpan6254" value="case"/>
		<feat xlink:href="#sSpan6258" value="nmod"/>
		<feat xlink:href="#sSpan6261" value="advmod"/>
		<feat xlink:href="#sSpan6265" value="punct"/>
		<feat xlink:href="#sSpan6269" value="aux"/>
		<feat xlink:href="#sSpan6273" value="nsubj"/>
		<feat xlink:href="#sSpan6275" value="parataxis"/>
		<feat xlink:href="#sSpan6278" value="case"/>
		<feat xlink:href="#sSpan6282" value="det"/>
		<feat xlink:href="#sSpan6285" value="obl"/>
		<feat xlink:href="#sSpan6288" value="punct"/>
		<feat xlink:href="#sSpan6292" value="aux"/>
		<feat xlink:href="#sSpan6298" value="nsubj"/>
		<feat xlink:href="#sSpan6300" value="advcl"/>
		<feat xlink:href="#sSpan6303" value="advmod"/>
		<feat xlink:href="#sSpan6307" value="advmod"/>
		<feat xlink:href="#sSpan6311" value="case"/>
		<feat xlink:href="#sSpan6315" value="det"/>
		<feat xlink:href="#sSpan6318" value="obl"/>
		<feat xlink:href="#sSpan6320" value="aux"/>
		<feat xlink:href="#sSpan6324" value="nsubj"/>
		<feat xlink:href="#sSpan6326" value="root"/>
		<feat xlink:href="#sSpan6328" value="obj"/>
		<feat xlink:href="#sSpan6331" value="det"/>
		<feat xlink:href="#sSpan6333" value="aux"/>
		<feat xlink:href="#sSpan6337" value="nsubj"/>
		<feat xlink:href="#sSpan6339" value="parataxis"/>
		<feat xlink:href="#sSpan6341" value="case"/>
		<feat xlink:href="#sSpan6345" value="obl"/>
		<feat xlink:href="#sSpan6347" value="punct"/></featList></paula>