<?xml version='1.0' encoding='UTF-8'?><!DOCTYPE paula SYSTEM "paula_feat.dtd">
<paula version="1.1">
	<header paula_id="scriptorium.life.onnophrius.02.mark_verse_n"/>
	<featList xmlns:xlink="http://www.w3.org/1999/xlink" type="verse_n" xml:base="scriptorium.life.onnophrius.02.mark.xml">
		<feat xlink:href="#sSpan8" value="17"/>
		<feat xlink:href="#sSpan86" value="18"/>
		<feat xlink:href="#sSpan126" value="19"/>
		<feat xlink:href="#sSpan168" value="20"/>
		<feat xlink:href="#sSpan273" value="21"/>
		<feat xlink:href="#sSpan458" value="22"/>
		<feat xlink:href="#sSpan613" value="1"/>
		<feat xlink:href="#sSpan684" value="2"/>
		<feat xlink:href="#sSpan720" value="3"/>
		<feat xlink:href="#sSpan744" value="4"/>
		<feat xlink:href="#sSpan769" value="5"/>
		<feat xlink:href="#sSpan822" value="6"/>
		<feat xlink:href="#sSpan920" value="7"/>
		<feat xlink:href="#sSpan1139" value="1"/>
		<feat xlink:href="#sSpan1271" value="2"/>
		<feat xlink:href="#sSpan1306" value="3"/>
		<feat xlink:href="#sSpan1327" value="4"/>
		<feat xlink:href="#sSpan1366" value="5"/>
		<feat xlink:href="#sSpan1431" value="6"/>
		<feat xlink:href="#sSpan1489" value="7"/>
		<feat xlink:href="#sSpan1611" value="8"/>
		<feat xlink:href="#sSpan1728" value="9"/>
		<feat xlink:href="#sSpan1777" value="10"/>
		<feat xlink:href="#sSpan1835" value="11"/>
		<feat xlink:href="#sSpan1853" value="12"/>
		<feat xlink:href="#sSpan1980" value="1"/>
		<feat xlink:href="#sSpan2023" value="2"/>
		<feat xlink:href="#sSpan2061" value="3"/>
		<feat xlink:href="#sSpan2073" value="4"/>
		<feat xlink:href="#sSpan2189" value="5"/>
		<feat xlink:href="#sSpan2246" value="6"/>
		<feat xlink:href="#sSpan2313" value="7"/>
		<feat xlink:href="#sSpan2380" value="8"/>
		<feat xlink:href="#sSpan2454" value="9"/>
		<feat xlink:href="#sSpan2474" value="10"/>
		<feat xlink:href="#sSpan2524" value="11"/>
		<feat xlink:href="#sSpan2629" value="1"/>
		<feat xlink:href="#sSpan2671" value="2"/>
		<feat xlink:href="#sSpan2693" value="3"/>
		<feat xlink:href="#sSpan2714" value="4"/>
		<feat xlink:href="#sSpan2767" value="5"/>
		<feat xlink:href="#sSpan2779" value="6"/>
		<feat xlink:href="#sSpan2849" value="7"/>
		<feat xlink:href="#sSpan2869" value="8"/>
		<feat xlink:href="#sSpan2909" value="9"/>
		<feat xlink:href="#sSpan2958" value="10"/>
		<feat xlink:href="#sSpan3000" value="11"/>
		<feat xlink:href="#sSpan3198" value="12"/>
		<feat xlink:href="#sSpan3261" value="13"/>
		<feat xlink:href="#sSpan3332" value="14"/>
		<feat xlink:href="#sSpan3395" value="15"/>
		<feat xlink:href="#sSpan3471" value="16"/>
		<feat xlink:href="#sSpan3560" value="1"/>
		<feat xlink:href="#sSpan3591" value="2"/>
		<feat xlink:href="#sSpan3672" value="3"/>
		<feat xlink:href="#sSpan3719" value="4"/>
		<feat xlink:href="#sSpan3831" value="5"/>
		<feat xlink:href="#sSpan3990" value="6"/>
		<feat xlink:href="#sSpan4034" value="7"/>
		<feat xlink:href="#sSpan4265" value="8"/>
		<feat xlink:href="#sSpan4366" value="9"/>
		<feat xlink:href="#sSpan4454" value="1"/>
		<feat xlink:href="#sSpan4579" value="2"/>
		<feat xlink:href="#sSpan4638" value="3"/>
		<feat xlink:href="#sSpan4836" value="4"/>
		<feat xlink:href="#sSpan4872" value="5"/>
		<feat xlink:href="#sSpan4905" value="6"/>
		<feat xlink:href="#sSpan5030" value="7"/>
		<feat xlink:href="#sSpan5078" value="8"/>
		<feat xlink:href="#sSpan5228" value="9"/>
		<feat xlink:href="#sSpan5290" value="1"/>
		<feat xlink:href="#sSpan5488" value="2"/>
		<feat xlink:href="#sSpan5632" value="3"/>
		<feat xlink:href="#sSpan5730" value="4"/>
		<feat xlink:href="#sSpan5803" value="5"/>
		<feat xlink:href="#sSpan5876" value="6"/>
		<feat xlink:href="#sSpan5907" value="7"/>
		<feat xlink:href="#sSpan5954" value="8"/>
		<feat xlink:href="#sSpan6065" value="9"/>
		<feat xlink:href="#sSpan6138" value="10"/>
		<feat xlink:href="#sSpan6152" value="11"/>
		<feat xlink:href="#sSpan6297" value="12"/></featList></paula>