<?xml version='1.0' encoding='UTF-8'?><!DOCTYPE paula SYSTEM "paula_feat.dtd">
<paula version="1.1">
	<header paula_id="scriptorium.life.onnophrius.02.mark_entity"/>
	<featList xmlns:xlink="http://www.w3.org/1999/xlink" type="entity" xml:base="scriptorium.life.onnophrius.02.mark.xml">
		<feat xlink:href="#sSpan13" value="person"/>
		<feat xlink:href="#sSpan24" value="place"/>
		<feat xlink:href="#sSpan33" value="person"/>
		<feat xlink:href="#sSpan49" value="person"/>
		<feat xlink:href="#sSpan65" value="event"/>
		<feat xlink:href="#sSpan112" value="substance"/>
		<feat xlink:href="#sSpan146" value="substance"/>
		<feat xlink:href="#sSpan164" value="time"/>
		<feat xlink:href="#sSpan197" value="abstract"/>
		<feat xlink:href="#sSpan227" value="abstract"/>
		<feat xlink:href="#sSpan236" value="abstract"/>
		<feat xlink:href="#sSpan250" value="abstract"/>
		<feat xlink:href="#sSpan276" value="person"/>
		<feat xlink:href="#sSpan358" value="abstract"/>
		<feat xlink:href="#sSpan380" value="abstract"/>
		<feat xlink:href="#sSpan391" value="abstract"/>
		<feat xlink:href="#sSpan423" value="person"/>
		<feat xlink:href="#sSpan448" value="object"/>
		<feat xlink:href="#sSpan461" value="time"/>
		<feat xlink:href="#sSpan493" value="abstract"/>
		<feat xlink:href="#sSpan505" value="person"/>
		<feat xlink:href="#sSpan528" value="person"/>
		<feat xlink:href="#sSpan553" value="substance"/>
		<feat xlink:href="#sSpan582" value="substance"/>
		<feat xlink:href="#sSpan599" value="object"/>
		<feat xlink:href="#sSpan629" value="person"/>
		<feat xlink:href="#sSpan640" value="person"/>
		<feat xlink:href="#sSpan656" value="person"/>
		<feat xlink:href="#sSpan672" value="abstract"/>
		<feat xlink:href="#sSpan706" value="animal"/>
		<feat xlink:href="#sSpan788" value="substance"/>
		<feat xlink:href="#sSpan808" value="object"/>
		<feat xlink:href="#sSpan848" value="plant"/>
		<feat xlink:href="#sSpan861" value="place"/>
		<feat xlink:href="#sSpan878" value="object"/>
		<feat xlink:href="#sSpan899" value="substance"/>
		<feat xlink:href="#sSpan923" value="event"/>
		<feat xlink:href="#sSpan948" value="event"/>
		<feat xlink:href="#sSpan993" value="object"/>
		<feat xlink:href="#sSpan1019" value="person"/>
		<feat xlink:href="#sSpan1037" value="abstract"/>
		<feat xlink:href="#sSpan1102" value="abstract"/>
		<feat xlink:href="#sSpan1111" value="abstract"/>
		<feat xlink:href="#sSpan1155" value="abstract"/>
		<feat xlink:href="#sSpan1170" value="person"/>
		<feat xlink:href="#sSpan1200" value="organization"/>
		<feat xlink:href="#sSpan1218" value="abstract"/>
		<feat xlink:href="#sSpan1232" value="person"/>
		<feat xlink:href="#sSpan1257" value="abstract"/>
		<feat xlink:href="#sSpan1284" value="person"/>
		<feat xlink:href="#sSpan1309" value="person"/>
		<feat xlink:href="#sSpan1346" value="event"/>
		<feat xlink:href="#sSpan1369" value="person"/>
		<feat xlink:href="#sSpan1386" value="person"/>
		<feat xlink:href="#sSpan1403" value="abstract"/>
		<feat xlink:href="#sSpan1441" value="person"/>
		<feat xlink:href="#sSpan1454" value="abstract"/>
		<feat xlink:href="#sSpan1463" value="person"/>
		<feat xlink:href="#sSpan1476" value="place"/>
		<feat xlink:href="#sSpan1510" value="person"/>
		<feat xlink:href="#sSpan1541" value="object"/>
		<feat xlink:href="#sSpan1583" value="time"/>
		<feat xlink:href="#sSpan1598" value="abstract"/>
		<feat xlink:href="#sSpan1619" value="person"/>
		<feat xlink:href="#sSpan1639" value="abstract"/>
		<feat xlink:href="#sSpan1657" value="person"/>
		<feat xlink:href="#sSpan1668" value="person"/>
		<feat xlink:href="#sSpan1694" value="substance"/>
		<feat xlink:href="#sSpan1716" value="abstract"/>
		<feat xlink:href="#sSpan1735" value="abstract"/>
		<feat xlink:href="#sSpan1759" value="place"/>
		<feat xlink:href="#sSpan1793" value="person"/>
		<feat xlink:href="#sSpan1800" value="abstract"/>
		<feat xlink:href="#sSpan1820" value="time"/>
		<feat xlink:href="#sSpan1864" value="object"/>
		<feat xlink:href="#sSpan1900" value="time"/>
		<feat xlink:href="#sSpan1944" value="place"/>
		<feat xlink:href="#sSpan1953" value="person"/>
		<feat xlink:href="#sSpan2003" value="place"/>
		<feat xlink:href="#sSpan2035" value="abstract"/>
		<feat xlink:href="#sSpan2044" value="abstract"/>
		<feat xlink:href="#sSpan2084" value="abstract"/>
		<feat xlink:href="#sSpan2120" value="place"/>
		<feat xlink:href="#sSpan2255" value="person"/>
		<feat xlink:href="#sSpan2298" value="time"/>
		<feat xlink:href="#sSpan2311" value="abstract"/>
		<feat xlink:href="#sSpan2330" value="person"/>
		<feat xlink:href="#sSpan2401" value="place"/>
		<feat xlink:href="#sSpan2422" value="place"/>
		<feat xlink:href="#sSpan2434" value="abstract"/>
		<feat xlink:href="#sSpan2465" value="place"/>
		<feat xlink:href="#sSpan2507" value="person"/>
		<feat xlink:href="#sSpan2545" value="person"/>
		<feat xlink:href="#sSpan2565" value="person"/>
		<feat xlink:href="#sSpan2587" value="abstract"/>
		<feat xlink:href="#sSpan2600" value="abstract"/>
		<feat xlink:href="#sSpan2617" value="object"/>
		<feat xlink:href="#sSpan2738" value="person"/>
		<feat xlink:href="#sSpan2755" value="person"/>
		<feat xlink:href="#sSpan2775" value="person"/>
		<feat xlink:href="#sSpan2806" value="abstract"/>
		<feat xlink:href="#sSpan2890" value="time"/>
		<feat xlink:href="#sSpan2922" value="abstract"/>
		<feat xlink:href="#sSpan2929" value="abstract"/>
		<feat xlink:href="#sSpan2976" value="abstract"/>
		<feat xlink:href="#sSpan2988" value="place"/>
		<feat xlink:href="#sSpan3027" value="event"/>
		<feat xlink:href="#sSpan3043" value="abstract"/>
		<feat xlink:href="#sSpan3059" value="place"/>
		<feat xlink:href="#sSpan3097" value="person"/>
		<feat xlink:href="#sSpan3124" value="place"/>
		<feat xlink:href="#sSpan3144" value="place"/>
		<feat xlink:href="#sSpan3185" value="person"/>
		<feat xlink:href="#sSpan3207" value="person"/>
		<feat xlink:href="#sSpan3229" value="abstract"/>
		<feat xlink:href="#sSpan3248" value="place"/>
		<feat xlink:href="#sSpan3298" value="place"/>
		<feat xlink:href="#sSpan3308" value="time"/>
		<feat xlink:href="#sSpan3335" value="time"/>
		<feat xlink:href="#sSpan3350" value="time"/>
		<feat xlink:href="#sSpan3376" value="place"/>
		<feat xlink:href="#sSpan3410" value="place"/>
		<feat xlink:href="#sSpan3419" value="place"/>
		<feat xlink:href="#sSpan3430" value="person"/>
		<feat xlink:href="#sSpan3495" value="time"/>
		<feat xlink:href="#sSpan3519" value="abstract"/>
		<feat xlink:href="#sSpan3617" value="time"/>
		<feat xlink:href="#sSpan3622" value="time"/>
		<feat xlink:href="#sSpan3637" value="time"/>
		<feat xlink:href="#sSpan3658" value="object"/>
		<feat xlink:href="#sSpan3693" value="place"/>
		<feat xlink:href="#sSpan3739" value="person"/>
		<feat xlink:href="#sSpan3772" value="time"/>
		<feat xlink:href="#sSpan3797" value="place"/>
		<feat xlink:href="#sSpan3819" value="abstract"/>
		<feat xlink:href="#sSpan3846" value="person"/>
		<feat xlink:href="#sSpan3885" value="time"/>
		<feat xlink:href="#sSpan3902" value="abstract"/>
		<feat xlink:href="#sSpan3915" value="abstract"/>
		<feat xlink:href="#sSpan3932" value="abstract"/>
		<feat xlink:href="#sSpan3950" value="time"/>
		<feat xlink:href="#sSpan3963" value="abstract"/>
		<feat xlink:href="#sSpan3978" value="time"/>
		<feat xlink:href="#sSpan3994" value="object"/>
		<feat xlink:href="#sSpan4013" value="abstract"/>
		<feat xlink:href="#sSpan4022" value="abstract"/>
		<feat xlink:href="#sSpan4037" value="person"/>
		<feat xlink:href="#sSpan4063" value="abstract"/>
		<feat xlink:href="#sSpan4090" value="abstract"/>
		<feat xlink:href="#sSpan4118" value="abstract"/>
		<feat xlink:href="#sSpan4131" value="abstract"/>
		<feat xlink:href="#sSpan4150" value="person"/>
		<feat xlink:href="#sSpan4183" value="object"/>
		<feat xlink:href="#sSpan4223" value="time"/>
		<feat xlink:href="#sSpan4252" value="object"/>
		<feat xlink:href="#sSpan4272" value="plant"/>
		<feat xlink:href="#sSpan4306" value="plant"/>
		<feat xlink:href="#sSpan4320" value="time"/>
		<feat xlink:href="#sSpan4333" value="time"/>
		<feat xlink:href="#sSpan4353" value="plant"/>
		<feat xlink:href="#sSpan4377" value="plant"/>
		<feat xlink:href="#sSpan4393" value="place"/>
		<feat xlink:href="#sSpan4419" value="object"/>
		<feat xlink:href="#sSpan4441" value="substance"/>
		<feat xlink:href="#sSpan4471" value="person"/>
		<feat xlink:href="#sSpan4490" value="object"/>
		<feat xlink:href="#sSpan4509" value="abstract"/>
		<feat xlink:href="#sSpan4531" value="object"/>
		<feat xlink:href="#sSpan4541" value="person"/>
		<feat xlink:href="#sSpan4554" value="person"/>
		<feat xlink:href="#sSpan4584" value="abstract"/>
		<feat xlink:href="#sSpan4593" value="person"/>
		<feat xlink:href="#sSpan4610" value="abstract"/>
		<feat xlink:href="#sSpan4624" value="place"/>
		<feat xlink:href="#sSpan4652" value="abstract"/>
		<feat xlink:href="#sSpan4689" value="object"/>
		<feat xlink:href="#sSpan4718" value="substance"/>
		<feat xlink:href="#sSpan4748" value="object"/>
		<feat xlink:href="#sSpan4770" value="person"/>
		<feat xlink:href="#sSpan4781" value="place"/>
		<feat xlink:href="#sSpan4847" value="abstract"/>
		<feat xlink:href="#sSpan4859" value="abstract"/>
		<feat xlink:href="#sSpan4875" value="abstract"/>
		<feat xlink:href="#sSpan4901" value="abstract"/>
		<feat xlink:href="#sSpan4971" value="person"/>
		<feat xlink:href="#sSpan5006" value="time"/>
		<feat xlink:href="#sSpan5016" value="time"/>
		<feat xlink:href="#sSpan5059" value="person"/>
		<feat xlink:href="#sSpan5087" value="person"/>
		<feat xlink:href="#sSpan5101" value="person"/>
		<feat xlink:href="#sSpan5130" value="time"/>
		<feat xlink:href="#sSpan5140" value="time"/>
		<feat xlink:href="#sSpan5158" value="person"/>
		<feat xlink:href="#sSpan5173" value="place"/>
		<feat xlink:href="#sSpan5192" value="person"/>
		<feat xlink:href="#sSpan5214" value="person"/>
		<feat xlink:href="#sSpan5237" value="person"/>
		<feat xlink:href="#sSpan5316" value="person"/>
		<feat xlink:href="#sSpan5368" value="person"/>
		<feat xlink:href="#sSpan5405" value="abstract"/>
		<feat xlink:href="#sSpan5420" value="abstract"/>
		<feat xlink:href="#sSpan5459" value="person"/>
		<feat xlink:href="#sSpan5468" value="abstract"/>
		<feat xlink:href="#sSpan5536" value="abstract"/>
		<feat xlink:href="#sSpan5581" value="object"/>
		<feat xlink:href="#sSpan5612" value="time"/>
		<feat xlink:href="#sSpan5650" value="time"/>
		<feat xlink:href="#sSpan5663" value="abstract"/>
		<feat xlink:href="#sSpan5712" value="place"/>
		<feat xlink:href="#sSpan5765" value="abstract"/>
		<feat xlink:href="#sSpan5774" value="event"/>
		<feat xlink:href="#sSpan5782" value="abstract"/>
		<feat xlink:href="#sSpan5823" value="abstract"/>
		<feat xlink:href="#sSpan5864" value="place"/>
		<feat xlink:href="#sSpan5880" value="abstract"/>
		<feat xlink:href="#sSpan5894" value="object"/>
		<feat xlink:href="#sSpan5914" value="abstract"/>
		<feat xlink:href="#sSpan5930" value="object"/>
		<feat xlink:href="#sSpan5941" value="abstract"/>
		<feat xlink:href="#sSpan6000" value="event"/>
		<feat xlink:href="#sSpan6007" value="object"/>
		<feat xlink:href="#sSpan6039" value="event"/>
		<feat xlink:href="#sSpan6046" value="abstract"/>
		<feat xlink:href="#sSpan6095" value="person"/>
		<feat xlink:href="#sSpan6116" value="place"/>
		<feat xlink:href="#sSpan6177" value="abstract"/>
		<feat xlink:href="#sSpan6197" value="abstract"/>
		<feat xlink:href="#sSpan6219" value="abstract"/>
		<feat xlink:href="#sSpan6228" value="person"/>
		<feat xlink:href="#sSpan6284" value="place"/>
		<feat xlink:href="#sSpan6317" value="place"/></featList></paula>