<?xml version='1.0' encoding='UTF-8'?><!DOCTYPE paula SYSTEM "paula_feat.dtd">
<paula version="1.1">
	<header paula_id="scriptorium.life.onnophrius.02.mark_pos"/>
	<featList xmlns:xlink="http://www.w3.org/1999/xlink" type="pos" xml:base="scriptorium.life.onnophrius.02.mark.xml">
		<feat xlink:href="#sSpan1" value="CCIRC"/>
		<feat xlink:href="#sSpan11" value="ART"/>
		<feat xlink:href="#sSpan14" value="CREL"/>
		<feat xlink:href="#sSpan16" value="VSTAT"/>
		<feat xlink:href="#sSpan18" value="PREP"/>
		<feat xlink:href="#sSpan22" value="ART"/>
		<feat xlink:href="#sSpan25" value="N"/>
		<feat xlink:href="#sSpan27" value="PREP"/>
		<feat xlink:href="#sSpan31" value="ART"/>
		<feat xlink:href="#sSpan34" value="N"/>
		<feat xlink:href="#sSpan36" value="FUT"/>
		<feat xlink:href="#sSpan40" value="V"/>
		<feat xlink:href="#sSpan43" value="PREP"/>
		<feat xlink:href="#sSpan47" value="N"/>
		<feat xlink:href="#sSpan50" value="PINT"/>
		<feat xlink:href="#sSpan55" value="PUNCT"/>
		<feat xlink:href="#sSpan59" value="ACOND"/>
		<feat xlink:href="#sSpan63" value="ART"/>
		<feat xlink:href="#sSpan67" value="N"/>
		<feat xlink:href="#sSpan70" value="V"/>
		<feat xlink:href="#sSpan74" value="PPERO"/>
		<feat xlink:href="#sSpan76" value="PUNCT"/>
		<feat xlink:href="#sSpan81" value="CONJ"/>
		<feat xlink:href="#sSpan87" value="ACOND_PPERS"/>
		<feat xlink:href="#sSpan91" value="V"/>
		<feat xlink:href="#sSpan93" value="CCIRC"/>
		<feat xlink:href="#sSpan98" value="PPERS"/>
		<feat xlink:href="#sSpan100" value="FUT"/>
		<feat xlink:href="#sSpan102" value="V"/>
		<feat xlink:href="#sSpan105" value="PREP"/>
		<feat xlink:href="#sSpan110" value="N"/>
		<feat xlink:href="#sSpan113" value="PINT"/>
		<feat xlink:href="#sSpan117" value="PUNCT"/>
		<feat xlink:href="#sSpan121" value="ACOND_PPERS"/>
		<feat xlink:href="#sSpan127" value="V"/>
		<feat xlink:href="#sSpan129" value="CCIRC"/>
		<feat xlink:href="#sSpan133" value="PPERS"/>
		<feat xlink:href="#sSpan135" value="FUT"/>
		<feat xlink:href="#sSpan137" value="V"/>
		<feat xlink:href="#sSpan140" value="PREP"/>
		<feat xlink:href="#sSpan144" value="N"/>
		<feat xlink:href="#sSpan147" value="PINT"/>
		<feat xlink:href="#sSpan152" value="PREP"/>
		<feat xlink:href="#sSpan156" value="V"/>
		<feat xlink:href="#sSpan158" value="PUNCT"/>
		<feat xlink:href="#sSpan162" value="ART"/>
		<feat xlink:href="#sSpan170" value="N"/>
		<feat xlink:href="#sSpan173" value="PTC"/>
		<feat xlink:href="#sSpan177" value="CCIRC"/>
		<feat xlink:href="#sSpan181" value="PPERS"/>
		<feat xlink:href="#sSpan183" value="FUT"/>
		<feat xlink:href="#sSpan185" value="V"/>
		<feat xlink:href="#sSpan187" value="PUNCT"/>
		<feat xlink:href="#sSpan191" value="PREP"/>
		<feat xlink:href="#sSpan195" value="ART"/>
		<feat xlink:href="#sSpan198" value="N"/>
		<feat xlink:href="#sSpan201" value="PUNCT"/>
		<feat xlink:href="#sSpan205" value="AAOR"/>
		<feat xlink:href="#sSpan209" value="PPERS"/>
		<feat xlink:href="#sSpan211" value="V"/>
		<feat xlink:href="#sSpan213" value="ADV"/>
		<feat xlink:href="#sSpan217" value="PUNCT"/>
		<feat xlink:href="#sSpan221" value="PREP"/>
		<feat xlink:href="#sSpan225" value="ART"/>
		<feat xlink:href="#sSpan228" value="N"/>
		<feat xlink:href="#sSpan230" value="PREP"/>
		<feat xlink:href="#sSpan234" value="ART"/>
		<feat xlink:href="#sSpan237" value="N"/>
		<feat xlink:href="#sSpan239" value="PUNCT"/>
		<feat xlink:href="#sSpan243" value="PREP"/>
		<feat xlink:href="#sSpan248" value="ART"/>
		<feat xlink:href="#sSpan252" value="N"/>
		<feat xlink:href="#sSpan254" value="PUNCT"/>
		<feat xlink:href="#sSpan258" value="CREL"/>
		<feat xlink:href="#sSpan262" value="VSTAT"/>
		<feat xlink:href="#sSpan264" value="PUNCT"/>
		<feat xlink:href="#sSpan268" value="ACONJ"/>
		<feat xlink:href="#sSpan274" value="ART"/>
		<feat xlink:href="#sSpan278" value="N"/>
		<feat xlink:href="#sSpan280" value="PUNCT"/>
		<feat xlink:href="#sSpan284" value="CREL"/>
		<feat xlink:href="#sSpan289" value="V"/>
		<feat xlink:href="#sSpan291" value="PREP"/>
		<feat xlink:href="#sSpan295" value="PPERO"/>
		<feat xlink:href="#sSpan297" value="PUNCT"/>
		<feat xlink:href="#sSpan301" value="PREP"/>
		<feat xlink:href="#sSpan305" value="ACAUS"/>
		<feat xlink:href="#sSpan307" value="PPERS"/>
		<feat xlink:href="#sSpan309" value="V"/>
		<feat xlink:href="#sSpan311" value="PREP"/>
		<feat xlink:href="#sSpan315" value="PPERO"/>
		<feat xlink:href="#sSpan317" value="PREP"/>
		<feat xlink:href="#sSpan321" value="PPERO"/>
		<feat xlink:href="#sSpan323" value="PUNCT"/>
		<feat xlink:href="#sSpan327" value="CCIRC"/>
		<feat xlink:href="#sSpan332" value="ACONJ"/>
		<feat xlink:href="#sSpan334" value="PPERS"/>
		<feat xlink:href="#sSpan336" value="V"/>
		<feat xlink:href="#sSpan338" value="NEG"/>
		<feat xlink:href="#sSpan342" value="PREP"/>
		<feat xlink:href="#sSpan346" value="ACAUS"/>
		<feat xlink:href="#sSpan348" value="PPERS"/>
		<feat xlink:href="#sSpan350" value="V"/>
		<feat xlink:href="#sSpan352" value="PREP"/>
		<feat xlink:href="#sSpan356" value="ART"/>
		<feat xlink:href="#sSpan359" value="N"/>
		<feat xlink:href="#sSpan361" value="PUNCT"/>
		<feat xlink:href="#sSpan365" value="CCIRC"/>
		<feat xlink:href="#sSpan369" value="PPERS"/>
		<feat xlink:href="#sSpan371" value="V"/>
		<feat xlink:href="#sSpan374" value="CONJ"/>
		<feat xlink:href="#sSpan378" value="ART"/>
		<feat xlink:href="#sSpan381" value="N"/>
		<feat xlink:href="#sSpan383" value="COP"/>
		<feat xlink:href="#sSpan387" value="ART"/>
		<feat xlink:href="#sSpan392" value="N"/>
		<feat xlink:href="#sSpan394" value="PUNCT"/>
		<feat xlink:href="#sSpan398" value="CREL"/>
		<feat xlink:href="#sSpan402" value="PPERS"/>
		<feat xlink:href="#sSpan404" value="FUT"/>
		<feat xlink:href="#sSpan406" value="V"/>
		<feat xlink:href="#sSpan408" value="PPERO"/>
		<feat xlink:href="#sSpan410" value="PREP"/>
		<feat xlink:href="#sSpan415" value="PPERO"/>
		<feat xlink:href="#sSpan417" value="PREP"/>
		<feat xlink:href="#sSpan421" value="ART"/>
		<feat xlink:href="#sSpan424" value="N"/>
		<feat xlink:href="#sSpan426" value="PUNCT"/>
		<feat xlink:href="#sSpan430" value="ACOND_PPERS"/>
		<feat xlink:href="#sSpan434" value="V"/>
		<feat xlink:href="#sSpan437" value="ADV"/>
		<feat xlink:href="#sSpan441" value="PREP"/>
		<feat xlink:href="#sSpan446" value="N"/>
		<feat xlink:href="#sSpan449" value="PUNCT"/>
		<feat xlink:href="#sSpan453" value="PREP"/>
		<feat xlink:href="#sSpan459" value="ART"/>
		<feat xlink:href="#sSpan463" value="N"/>
		<feat xlink:href="#sSpan465" value="ADV"/>
		<feat xlink:href="#sSpan469" value="CREL"/>
		<feat xlink:href="#sSpan473" value="PPERS"/>
		<feat xlink:href="#sSpan475" value="FUT"/>
		<feat xlink:href="#sSpan478" value="V"/>
		<feat xlink:href="#sSpan480" value="PUNCT"/>
		<feat xlink:href="#sSpan484" value="AAOR"/>
		<feat xlink:href="#sSpan488" value="PREP"/>
		<feat xlink:href="#sSpan491" value="N"/>
		<feat xlink:href="#sSpan499" value="PREP"/>
		<feat xlink:href="#sSpan503" value="ART"/>
		<feat xlink:href="#sSpan506" value="N"/>
		<feat xlink:href="#sSpan508" value="V"/>
		<feat xlink:href="#sSpan512" value="PPERO"/>
		<feat xlink:href="#sSpan514" value="PUNCT"/>
		<feat xlink:href="#sSpan518" value="AAOR"/>
		<feat xlink:href="#sSpan522" value="PPERS"/>
		<feat xlink:href="#sSpan524" value="ACAUS"/>
		<feat xlink:href="#sSpan526" value="ART"/>
		<feat xlink:href="#sSpan530" value="N"/>
		<feat xlink:href="#sSpan533" value="PUNCT"/>
		<feat xlink:href="#sSpan537" value="V"/>
		<feat xlink:href="#sSpan541" value="PREP"/>
		<feat xlink:href="#sSpan545" value="PPERO"/>
		<feat xlink:href="#sSpan547" value="PREP"/>
		<feat xlink:href="#sSpan551" value="PPOS"/>
		<feat xlink:href="#sSpan555" value="N"/>
		<feat xlink:href="#sSpan557" value="PUNCT"/>
		<feat xlink:href="#sSpan561" value="ACONJ"/>
		<feat xlink:href="#sSpan565" value="PPERS"/>
		<feat xlink:href="#sSpan567" value="V"/>
		<feat xlink:href="#sSpan569" value="PREP"/>
		<feat xlink:href="#sSpan573" value="PPERO"/>
		<feat xlink:href="#sSpan575" value="PREP"/>
		<feat xlink:href="#sSpan580" value="ART"/>
		<feat xlink:href="#sSpan583" value="N"/>
		<feat xlink:href="#sSpan585" value="ADV"/>
		<feat xlink:href="#sSpan589" value="PUNCT"/>
		<feat xlink:href="#sSpan593" value="PREP"/>
		<feat xlink:href="#sSpan597" value="ART"/>
		<feat xlink:href="#sSpan601" value="N"/>
		<feat xlink:href="#sSpan603" value="PUNCT"/>
		<feat xlink:href="#sSpan607" value="PPERS"/>
		<feat xlink:href="#sSpan615" value="VSTAT"/>
		<feat xlink:href="#sSpan618" value="PTC"/>
		<feat xlink:href="#sSpan622" value="PREP"/>
		<feat xlink:href="#sSpan627" value="NPROP"/>
		<feat xlink:href="#sSpan630" value="PUNCT"/>
		<feat xlink:href="#sSpan634" value="CONJ"/>
		<feat xlink:href="#sSpan638" value="ART"/>
		<feat xlink:href="#sSpan641" value="CREL"/>
		<feat xlink:href="#sSpan644" value="V"/>
		<feat xlink:href="#sSpan646" value="PUNCT"/>
		<feat xlink:href="#sSpan650" value="PREP"/>
		<feat xlink:href="#sSpan654" value="ART"/>
		<feat xlink:href="#sSpan657" value="N"/>
		<feat xlink:href="#sSpan659" value="FUT"/>
		<feat xlink:href="#sSpan664" value="V"/>
		<feat xlink:href="#sSpan666" value="PREP"/>
		<feat xlink:href="#sSpan670" value="PPOS"/>
		<feat xlink:href="#sSpan673" value="N"/>
		<feat xlink:href="#sSpan675" value="PUNCT"/>
		<feat xlink:href="#sSpan679" value="PPERS"/>
		<feat xlink:href="#sSpan685" value="FUT"/>
		<feat xlink:href="#sSpan688" value="V"/>
		<feat xlink:href="#sSpan691" value="PREP"/>
		<feat xlink:href="#sSpan695" value="ART"/>
		<feat xlink:href="#sSpan697" value="N"/>
		<feat xlink:href="#sSpan699" value="PREP"/>
		<feat xlink:href="#sSpan704" value="PDEM"/>
		<feat xlink:href="#sSpan708" value="N"/>
		<feat xlink:href="#sSpan711" value="PUNCT"/>
		<feat xlink:href="#sSpan715" value="PPERS"/>
		<feat xlink:href="#sSpan721" value="FUT"/>
		<feat xlink:href="#sSpan723" value="V"/>
		<feat xlink:href="#sSpan725" value="ACONJ"/>
		<feat xlink:href="#sSpan729" value="PPERS"/>
		<feat xlink:href="#sSpan731" value="NEG"/>
		<feat xlink:href="#sSpan733" value="V"/>
		<feat xlink:href="#sSpan735" value="PUNCT"/>
		<feat xlink:href="#sSpan739" value="PPERS"/>
		<feat xlink:href="#sSpan745" value="FUT"/>
		<feat xlink:href="#sSpan747" value="V"/>
		<feat xlink:href="#sSpan749" value="ACONJ"/>
		<feat xlink:href="#sSpan753" value="PPERS"/>
		<feat xlink:href="#sSpan755" value="NEG"/>
		<feat xlink:href="#sSpan757" value="V"/>
		<feat xlink:href="#sSpan760" value="PUNCT"/>
		<feat xlink:href="#sSpan764" value="APST"/>
		<feat xlink:href="#sSpan770" value="PPERS"/>
		<feat xlink:href="#sSpan772" value="V"/>
		<feat xlink:href="#sSpan774" value="PPERO"/>
		<feat xlink:href="#sSpan776" value="CONJ"/>
		<feat xlink:href="#sSpan780" value="PPERS"/>
		<feat xlink:href="#sSpan782" value="VSTAT"/>
		<feat xlink:href="#sSpan784" value="PREP"/>
		<feat xlink:href="#sSpan786" value="ART"/>
		<feat xlink:href="#sSpan789" value="N"/>
		<feat xlink:href="#sSpan791" value="PREP"/>
		<feat xlink:href="#sSpan795" value="PPERO"/>
		<feat xlink:href="#sSpan797" value="ADV"/>
		<feat xlink:href="#sSpan802" value="PREP"/>
		<feat xlink:href="#sSpan806" value="ART"/>
		<feat xlink:href="#sSpan811" value="N"/>
		<feat xlink:href="#sSpan813" value="PUNCT"/>
		<feat xlink:href="#sSpan817" value="ACOND_PPERS"/>
		<feat xlink:href="#sSpan823" value="V"/>
		<feat xlink:href="#sSpan825" value="PUNCT"/>
		<feat xlink:href="#sSpan830" value="PTC"/>
		<feat xlink:href="#sSpan834" value="ADV"/>
		<feat xlink:href="#sSpan838" value="AAOR"/>
		<feat xlink:href="#sSpan842" value="PPERS"/>
		<feat xlink:href="#sSpan844" value="ACAUS"/>
		<feat xlink:href="#sSpan846" value="ART"/>
		<feat xlink:href="#sSpan850" value="N"/>
		<feat xlink:href="#sSpan852" value="CREL"/>
		<feat xlink:href="#sSpan857" value="PREP"/>
		<feat xlink:href="#sSpan859" value="ART"/>
		<feat xlink:href="#sSpan862" value="N"/>
		<feat xlink:href="#sSpan864" value="PUNCT"/>
		<feat xlink:href="#sSpan868" value="V"/>
		<feat xlink:href="#sSpan872" value="PREP"/>
		<feat xlink:href="#sSpan876" value="PPOS"/>
		<feat xlink:href="#sSpan879" value="N"/>
		<feat xlink:href="#sSpan881" value="PUNCT"/>
		<feat xlink:href="#sSpan885" value="PREP"/>
		<feat xlink:href="#sSpan889" value="ART"/>
		<feat xlink:href="#sSpan891" value="N"/>
		<feat xlink:href="#sSpan893" value="PREP"/>
		<feat xlink:href="#sSpan897" value="ART"/>
		<feat xlink:href="#sSpan900" value="N"/>
		<feat xlink:href="#sSpan902" value="PUNCT"/>
		<feat xlink:href="#sSpan906" value="CCIRC"/>
		<feat xlink:href="#sSpan911" value="PPERS"/>
		<feat xlink:href="#sSpan913" value="VSTAT"/>
		<feat xlink:href="#sSpan915" value="ACOND"/>
		<feat xlink:href="#sSpan921" value="ART"/>
		<feat xlink:href="#sSpan925" value="N"/>
		<feat xlink:href="#sSpan927" value="PUNCT"/>
		<feat xlink:href="#sSpan931" value="V"/>
		<feat xlink:href="#sSpan935" value="PPERO"/>
		<feat xlink:href="#sSpan938" value="CONJ"/>
		<feat xlink:href="#sSpan942" value="ACONJ"/>
		<feat xlink:href="#sSpan946" value="ART"/>
		<feat xlink:href="#sSpan950" value="N"/>
		<feat xlink:href="#sSpan953" value="PUNCT"/>
		<feat xlink:href="#sSpan957" value="V"/>
		<feat xlink:href="#sSpan961" value="PREP"/>
		<feat xlink:href="#sSpan965" value="PPERO"/>
		<feat xlink:href="#sSpan967" value="PUNCT"/>
		<feat xlink:href="#sSpan971" value="PREP"/>
		<feat xlink:href="#sSpan975" value="ART"/>
		<feat xlink:href="#sSpan977" value="N"/>
		<feat xlink:href="#sSpan979" value="AAOR"/>
		<feat xlink:href="#sSpan983" value="PPERS"/>
		<feat xlink:href="#sSpan985" value="V"/>
		<feat xlink:href="#sSpan987" value="PREP"/>
		<feat xlink:href="#sSpan991" value="PPOS"/>
		<feat xlink:href="#sSpan995" value="N"/>
		<feat xlink:href="#sSpan997" value="ADV"/>
		<feat xlink:href="#sSpan1001" value="ACONJ"/>
		<feat xlink:href="#sSpan1005" value="PPERS"/>
		<feat xlink:href="#sSpan1007" value="V"/>
		<feat xlink:href="#sSpan1009" value="PUNCT"/>
		<feat xlink:href="#sSpan1013" value="PREP"/>
		<feat xlink:href="#sSpan1017" value="ART"/>
		<feat xlink:href="#sSpan1020" value="N"/>
		<feat xlink:href="#sSpan1023" value="NPROP"/>
		<feat xlink:href="#sSpan1027" value="PUNCT"/>
		<feat xlink:href="#sSpan1031" value="ALIM"/>
		<feat xlink:href="#sSpan1035" value="PPOS"/>
		<feat xlink:href="#sSpan1039" value="N"/>
		<feat xlink:href="#sSpan1042" value="V"/>
		<feat xlink:href="#sSpan1046" value="PPERO"/>
		<feat xlink:href="#sSpan1048" value="PREP"/>
		<feat xlink:href="#sSpan1052" value="ART"/>
		<feat xlink:href="#sSpan1054" value="N"/>
		<feat xlink:href="#sSpan1056" value="PUNCT"/>
		<feat xlink:href="#sSpan1060" value="ACONJ"/>
		<feat xlink:href="#sSpan1064" value="PPERS"/>
		<feat xlink:href="#sSpan1066" value="V"/>
		<feat xlink:href="#sSpan1068" value="ADV"/>
		<feat xlink:href="#sSpan1072" value="PREP"/>
		<feat xlink:href="#sSpan1076" value="ART"/>
		<feat xlink:href="#sSpan1078" value="N"/>
		<feat xlink:href="#sSpan1082" value="ACONJ"/>
		<feat xlink:href="#sSpan1086" value="PPERS"/>
		<feat xlink:href="#sSpan1088" value="V"/>
		<feat xlink:href="#sSpan1090" value="PPERO"/>
		<feat xlink:href="#sSpan1092" value="ADV"/>
		<feat xlink:href="#sSpan1096" value="PREP"/>
		<feat xlink:href="#sSpan1100" value="ART"/>
		<feat xlink:href="#sSpan1103" value="N"/>
		<feat xlink:href="#sSpan1105" value="PREP"/>
		<feat xlink:href="#sSpan1109" value="PPOS"/>
		<feat xlink:href="#sSpan1112" value="N"/>
		<feat xlink:href="#sSpan1114" value="PUNCT"/>
		<feat xlink:href="#sSpan1118" value="ADV"/>
		<feat xlink:href="#sSpan1123" value="PREP"/>
		<feat xlink:href="#sSpan1127" value="PPERO"/>
		<feat xlink:href="#sSpan1129" value="PUNCT"/>
		<feat xlink:href="#sSpan1133" value="ANEGPST"/>
		<feat xlink:href="#sSpan1141" value="PPERS"/>
		<feat xlink:href="#sSpan1143" value="N"/>
		<feat xlink:href="#sSpan1145" value="PPERI"/>
		<feat xlink:href="#sSpan1149" value="PREP"/>
		<feat xlink:href="#sSpan1153" value="ART"/>
		<feat xlink:href="#sSpan1156" value="CREL"/>
		<feat xlink:href="#sSpan1158" value="VSTAT"/>
		<feat xlink:href="#sSpan1160" value="PUNCT"/>
		<feat xlink:href="#sSpan1164" value="CONJ"/>
		<feat xlink:href="#sSpan1168" value="ART"/>
		<feat xlink:href="#sSpan1171" value="N"/>
		<feat xlink:href="#sSpan1173" value="FUT"/>
		<feat xlink:href="#sSpan1177" value="V"/>
		<feat xlink:href="#sSpan1179" value="PREP"/>
		<feat xlink:href="#sSpan1183" value="PPERO"/>
		<feat xlink:href="#sSpan1185" value="NEG"/>
		<feat xlink:href="#sSpan1190" value="PUNCT"/>
		<feat xlink:href="#sSpan1194" value="PREP"/>
		<feat xlink:href="#sSpan1198" value="PPOS"/>
		<feat xlink:href="#sSpan1202" value="N"/>
		<feat xlink:href="#sSpan1204" value="PUNCT"/>
		<feat xlink:href="#sSpan1208" value="CONJ"/>
		<feat xlink:href="#sSpan1212" value="CONJ"/>
		<feat xlink:href="#sSpan1216" value="ART"/>
		<feat xlink:href="#sSpan1220" value="N"/>
		<feat xlink:href="#sSpan1222" value="PUNCT"/>
		<feat xlink:href="#sSpan1226" value="PREP"/>
		<feat xlink:href="#sSpan1230" value="ART"/>
		<feat xlink:href="#sSpan1233" value="N"/>
		<feat xlink:href="#sSpan1236" value="FUT"/>
		<feat xlink:href="#sSpan1240" value="V"/>
		<feat xlink:href="#sSpan1243" value="ADV"/>
		<feat xlink:href="#sSpan1247" value="NEG"/>
		<feat xlink:href="#sSpan1251" value="PREP"/>
		<feat xlink:href="#sSpan1255" value="ART"/>
		<feat xlink:href="#sSpan1259" value="N"/>
		<feat xlink:href="#sSpan1262" value="PUNCT"/>
		<feat xlink:href="#sSpan1266" value="CONJ"/>
		<feat xlink:href="#sSpan1272" value="ADV"/>
		<feat xlink:href="#sSpan1276" value="CONJ"/>
		<feat xlink:href="#sSpan1280" value="APST"/>
		<feat xlink:href="#sSpan1282" value="ART"/>
		<feat xlink:href="#sSpan1286" value="N"/>
		<feat xlink:href="#sSpan1288" value="V"/>
		<feat xlink:href="#sSpan1293" value="ADV"/>
		<feat xlink:href="#sSpan1297" value="PUNCT"/>
		<feat xlink:href="#sSpan1301" value="APST"/>
		<feat xlink:href="#sSpan1307" value="ART"/>
		<feat xlink:href="#sSpan1310" value="N"/>
		<feat xlink:href="#sSpan1312" value="V"/>
		<feat xlink:href="#sSpan1316" value="PREP"/>
		<feat xlink:href="#sSpan1320" value="PPERO"/>
		<feat xlink:href="#sSpan1322" value="APST"/>
		<feat xlink:href="#sSpan1328" value="PPERS"/>
		<feat xlink:href="#sSpan1330" value="V"/>
		<feat xlink:href="#sSpan1332" value="PPERO"/>
		<feat xlink:href="#sSpan1334" value="ADV"/>
		<feat xlink:href="#sSpan1340" value="PREP"/>
		<feat xlink:href="#sSpan1344" value="PPOS"/>
		<feat xlink:href="#sSpan1349" value="N"/>
		<feat xlink:href="#sSpan1351" value="IMOD"/>
		<feat xlink:href="#sSpan1355" value="PPERO"/>
		<feat xlink:href="#sSpan1357" value="PUNCT"/>
		<feat xlink:href="#sSpan1361" value="CCIRC"/>
		<feat xlink:href="#sSpan1367" value="ART"/>
		<feat xlink:href="#sSpan1370" value="N"/>
		<feat xlink:href="#sSpan1372" value="PUNCT"/>
		<feat xlink:href="#sSpan1376" value="V"/>
		<feat xlink:href="#sSpan1380" value="PREP"/>
		<feat xlink:href="#sSpan1384" value="ART"/>
		<feat xlink:href="#sSpan1388" value="NUM"/>
		<feat xlink:href="#sSpan1390" value="ART"/>
		<feat xlink:href="#sSpan1394" value="NUM"/>
		<feat xlink:href="#sSpan1397" value="PREP"/>
		<feat xlink:href="#sSpan1401" value="ART"/>
		<feat xlink:href="#sSpan1404" value="N"/>
		<feat xlink:href="#sSpan1406" value="PUNCT"/>
		<feat xlink:href="#sSpan1410" value="CREL"/>
		<feat xlink:href="#sSpan1414" value="PPERS"/>
		<feat xlink:href="#sSpan1416" value="FUT"/>
		<feat xlink:href="#sSpan1418" value="V"/>
		<feat xlink:href="#sSpan1420" value="PPERO"/>
		<feat xlink:href="#sSpan1422" value="PUNCT"/>
		<feat xlink:href="#sSpan1426" value="VBD"/>
		<feat xlink:href="#sSpan1432" value="PPERS"/>
		<feat xlink:href="#sSpan1434" value="PREP"/>
		<feat xlink:href="#sSpan1439" value="ART"/>
		<feat xlink:href="#sSpan1442" value="CREL"/>
		<feat xlink:href="#sSpan1444" value="FUT"/>
		<feat xlink:href="#sSpan1446" value="V"/>
		<feat xlink:href="#sSpan1448" value="PREP"/>
		<feat xlink:href="#sSpan1452" value="ART"/>
		<feat xlink:href="#sSpan1455" value="N"/>
		<feat xlink:href="#sSpan1457" value="PREP"/>
		<feat xlink:href="#sSpan1461" value="ART"/>
		<feat xlink:href="#sSpan1464" value="N"/>
		<feat xlink:href="#sSpan1466" value="PUNCT"/>
		<feat xlink:href="#sSpan1470" value="PREP"/>
		<feat xlink:href="#sSpan1474" value="ART"/>
		<feat xlink:href="#sSpan1477" value="N"/>
		<feat xlink:href="#sSpan1479" value="PUNCT"/>
		<feat xlink:href="#sSpan1483" value="PPERS"/>
		<feat xlink:href="#sSpan1490" value="V"/>
		<feat xlink:href="#sSpan1492" value="PREP"/>
		<feat xlink:href="#sSpan1496" value="PPERO"/>
		<feat xlink:href="#sSpan1498" value="PREP"/>
		<feat xlink:href="#sSpan1502" value="PPERO"/>
		<feat xlink:href="#sSpan1504" value="CONJ"/>
		<feat xlink:href="#sSpan1508" value="ART"/>
		<feat xlink:href="#sSpan1512" value="N"/>
		<feat xlink:href="#sSpan1514" value="FUT"/>
		<feat xlink:href="#sSpan1518" value="V"/>
		<feat xlink:href="#sSpan1520" value="PREP"/>
		<feat xlink:href="#sSpan1525" value="PPERO"/>
		<feat xlink:href="#sSpan1527" value="PUNCT"/>
		<feat xlink:href="#sSpan1531" value="PREP"/>
		<feat xlink:href="#sSpan1535" value="PPERO"/>
		<feat xlink:href="#sSpan1537" value="PREP"/>
		<feat xlink:href="#sSpan1539" value="ART"/>
		<feat xlink:href="#sSpan1543" value="N"/>
		<feat xlink:href="#sSpan1545" value="PUNCT"/>
		<feat xlink:href="#sSpan1549" value="ACONJ"/>
		<feat xlink:href="#sSpan1553" value="PPERS"/>
		<feat xlink:href="#sSpan1555" value="V"/>
		<feat xlink:href="#sSpan1558" value="CCIRC"/>
		<feat xlink:href="#sSpan1562" value="PPERS"/>
		<feat xlink:href="#sSpan1564" value="V"/>
		<feat xlink:href="#sSpan1566" value="PREP"/>
		<feat xlink:href="#sSpan1571" value="PPERO"/>
		<feat xlink:href="#sSpan1573" value="PUNCT"/>
		<feat xlink:href="#sSpan1577" value="PREP"/>
		<feat xlink:href="#sSpan1581" value="N"/>
		<feat xlink:href="#sSpan1584" value="PINT"/>
		<feat xlink:href="#sSpan1588" value="PUNCT"/>
		<feat xlink:href="#sSpan1592" value="PREP"/>
		<feat xlink:href="#sSpan1596" value="PPOS"/>
		<feat xlink:href="#sSpan1600" value="N"/>
		<feat xlink:href="#sSpan1602" value="PUNCT"/>
		<feat xlink:href="#sSpan1606" value="PPERI"/>
		<feat xlink:href="#sSpan1613" value="PTC"/>
		<feat xlink:href="#sSpan1617" value="ART"/>
		<feat xlink:href="#sSpan1623" value="N"/>
		<feat xlink:href="#sSpan1625" value="APREC"/>
		<feat xlink:href="#sSpan1629" value="PPERS"/>
		<feat xlink:href="#sSpan1631" value="V"/>
		<feat xlink:href="#sSpan1633" value="PREP"/>
		<feat xlink:href="#sSpan1637" value="PDEM"/>
		<feat xlink:href="#sSpan1640" value="ADV"/>
		<feat xlink:href="#sSpan1645" value="PREP"/>
		<feat xlink:href="#sSpan1649" value="PPERO"/>
		<feat xlink:href="#sSpan1651" value="PREP"/>
		<feat xlink:href="#sSpan1655" value="PDEM"/>
		<feat xlink:href="#sSpan1659" value="N"/>
		<feat xlink:href="#sSpan1662" value="PREP"/>
		<feat xlink:href="#sSpan1666" value="ART"/>
		<feat xlink:href="#sSpan1669" value="N"/>
		<feat xlink:href="#sSpan1671" value="PUNCT"/>
		<feat xlink:href="#sSpan1675" value="APST"/>
		<feat xlink:href="#sSpan1679" value="PPERS"/>
		<feat xlink:href="#sSpan1681" value="V"/>
		<feat xlink:href="#sSpan1684" value="ART"/>
		<feat xlink:href="#sSpan1686" value="N"/>
		<feat xlink:href="#sSpan1688" value="PREP"/>
		<feat xlink:href="#sSpan1692" value="ART"/>
		<feat xlink:href="#sSpan1695" value="N"/>
		<feat xlink:href="#sSpan1697" value="PUNCT"/>
		<feat xlink:href="#sSpan1701" value="CCIRC"/>
		<feat xlink:href="#sSpan1705" value="PPERS"/>
		<feat xlink:href="#sSpan1707" value="VSTAT"/>
		<feat xlink:href="#sSpan1709" value="PREP"/>
		<feat xlink:href="#sSpan1714" value="PPOS"/>
		<feat xlink:href="#sSpan1717" value="N"/>
		<feat xlink:href="#sSpan1719" value="PUNCT"/>
		<feat xlink:href="#sSpan1723" value="CONJ"/>
		<feat xlink:href="#sSpan1729" value="APST"/>
		<feat xlink:href="#sSpan1733" value="ART"/>
		<feat xlink:href="#sSpan1736" value="N"/>
		<feat xlink:href="#sSpan1738" value="PREP"/>
		<feat xlink:href="#sSpan1743" value="N"/>
		<feat xlink:href="#sSpan1745" value="PUNCT"/>
		<feat xlink:href="#sSpan1749" value="V"/>
		<feat xlink:href="#sSpan1753" value="PREP"/>
		<feat xlink:href="#sSpan1757" value="PPOS"/>
		<feat xlink:href="#sSpan1761" value="N"/>
		<feat xlink:href="#sSpan1764" value="ADV"/>
		<feat xlink:href="#sSpan1768" value="PUNCT"/>
		<feat xlink:href="#sSpan1772" value="APST"/>
		<feat xlink:href="#sSpan1778" value="PPERS"/>
		<feat xlink:href="#sSpan1780" value="V"/>
		<feat xlink:href="#sSpan1783" value="ART"/>
		<feat xlink:href="#sSpan1785" value="N"/>
		<feat xlink:href="#sSpan1787" value="PREP"/>
		<feat xlink:href="#sSpan1791" value="ART"/>
		<feat xlink:href="#sSpan1794" value="CREL"/>
		<feat xlink:href="#sSpan1796" value="APST"/>
		<feat xlink:href="#sSpan1798" value="PPOS"/>
		<feat xlink:href="#sSpan1802" value="N"/>
		<feat xlink:href="#sSpan1804" value="PUNCT"/>
		<feat xlink:href="#sSpan1808" value="V"/>
		<feat xlink:href="#sSpan1813" value="PREP"/>
		<feat xlink:href="#sSpan1818" value="ART"/>
		<feat xlink:href="#sSpan1821" value="ART"/>
		<feat xlink:href="#sSpan1824" value="N"/>
		<feat xlink:href="#sSpan1826" value="PUNCT"/>
		<feat xlink:href="#sSpan1830" value="APST"/>
		<feat xlink:href="#sSpan1836" value="PPERS"/>
		<feat xlink:href="#sSpan1838" value="V"/>
		<feat xlink:href="#sSpan1840" value="PREP"/>
		<feat xlink:href="#sSpan1844" value="ART"/>
		<feat xlink:href="#sSpan1846" value="N"/>
		<feat xlink:href="#sSpan1848" value="APST"/>
		<feat xlink:href="#sSpan1854" value="PPERS"/>
		<feat xlink:href="#sSpan1856" value="V"/>
		<feat xlink:href="#sSpan1858" value="PREP"/>
		<feat xlink:href="#sSpan1862" value="ART"/>
		<feat xlink:href="#sSpan1865" value="N"/>
		<feat xlink:href="#sSpan1867" value="PREP"/>
		<feat xlink:href="#sSpan1872" value="N"/>
		<feat xlink:href="#sSpan1874" value="PUNCT"/>
		<feat xlink:href="#sSpan1878" value="PREP"/>
		<feat xlink:href="#sSpan1882" value="PPERO"/>
		<feat xlink:href="#sSpan1884" value="PREP"/>
		<feat xlink:href="#sSpan1888" value="ADV"/>
		<feat xlink:href="#sSpan1890" value="ART"/>
		<feat xlink:href="#sSpan1892" value="N"/>
		<feat xlink:href="#sSpan1894" value="PREP"/>
		<feat xlink:href="#sSpan1898" value="NUM"/>
		<feat xlink:href="#sSpan1901" value="PREP"/>
		<feat xlink:href="#sSpan1905" value="N"/>
		<feat xlink:href="#sSpan1907" value="PREP"/>
		<feat xlink:href="#sSpan1911" value="V"/>
		<feat xlink:href="#sSpan1914" value="PUNCT"/>
		<feat xlink:href="#sSpan1918" value="CCIRC"/>
		<feat xlink:href="#sSpan1922" value="ACAUS"/>
		<feat xlink:href="#sSpan1924" value="PPERS"/>
		<feat xlink:href="#sSpan1926" value="V"/>
		<feat xlink:href="#sSpan1928" value="PREP"/>
		<feat xlink:href="#sSpan1932" value="PPERO"/>
		<feat xlink:href="#sSpan1934" value="PUNCT"/>
		<feat xlink:href="#sSpan1938" value="PREP"/>
		<feat xlink:href="#sSpan1942" value="ART"/>
		<feat xlink:href="#sSpan1945" value="N"/>
		<feat xlink:href="#sSpan1947" value="CREL"/>
		<feat xlink:href="#sSpan1951" value="ART"/>
		<feat xlink:href="#sSpan1955" value="N"/>
		<feat xlink:href="#sSpan1957" value="FUT"/>
		<feat xlink:href="#sSpan1961" value="V"/>
		<feat xlink:href="#sSpan1963" value="PPERO"/>
		<feat xlink:href="#sSpan1965" value="PREP"/>
		<feat xlink:href="#sSpan1969" value="PPERO"/>
		<feat xlink:href="#sSpan1971" value="PUNCT"/>
		<feat xlink:href="#sSpan1975" value="APREC"/>
		<feat xlink:href="#sSpan1983" value="PPERS"/>
		<feat xlink:href="#sSpan1985" value="V"/>
		<feat xlink:href="#sSpan1988" value="PTC"/>
		<feat xlink:href="#sSpan1992" value="ADV"/>
		<feat xlink:href="#sSpan1997" value="PREP"/>
		<feat xlink:href="#sSpan2001" value="PPOS"/>
		<feat xlink:href="#sSpan2004" value="N"/>
		<feat xlink:href="#sSpan2006" value="PUNCT"/>
		<feat xlink:href="#sSpan2010" value="APST"/>
		<feat xlink:href="#sSpan2014" value="PPERS"/>
		<feat xlink:href="#sSpan2016" value="V"/>
		<feat xlink:href="#sSpan2018" value="APST"/>
		<feat xlink:href="#sSpan2024" value="PPERS"/>
		<feat xlink:href="#sSpan2026" value="V"/>
		<feat xlink:href="#sSpan2028" value="PREP"/>
		<feat xlink:href="#sSpan2033" value="ART"/>
		<feat xlink:href="#sSpan2036" value="N"/>
		<feat xlink:href="#sSpan2038" value="PREP"/>
		<feat xlink:href="#sSpan2042" value="PPOS"/>
		<feat xlink:href="#sSpan2045" value="N"/>
		<feat xlink:href="#sSpan2048" value="ADV"/>
		<feat xlink:href="#sSpan2052" value="PUNCT"/>
		<feat xlink:href="#sSpan2056" value="APST"/>
		<feat xlink:href="#sSpan2062" value="PPERS"/>
		<feat xlink:href="#sSpan2065" value="V"/>
		<feat xlink:href="#sSpan2068" value="APST"/>
		<feat xlink:href="#sSpan2074" value="PPERS"/>
		<feat xlink:href="#sSpan2076" value="V"/>
		<feat xlink:href="#sSpan2078" value="PREP"/>
		<feat xlink:href="#sSpan2082" value="PPOS"/>
		<feat xlink:href="#sSpan2086" value="N"/>
		<feat xlink:href="#sSpan2088" value="PUNCT"/>
		<feat xlink:href="#sSpan2092" value="CCIRC"/>
		<feat xlink:href="#sSpan2096" value="ACAUS"/>
		<feat xlink:href="#sSpan2098" value="PPERS"/>
		<feat xlink:href="#sSpan2100" value="V"/>
		<feat xlink:href="#sSpan2102" value="PPERO"/>
		<feat xlink:href="#sSpan2104" value="PREP"/>
		<feat xlink:href="#sSpan2108" value="N"/>
		<feat xlink:href="#sSpan2110" value="PUNCT"/>
		<feat xlink:href="#sSpan2114" value="PREP"/>
		<feat xlink:href="#sSpan2118" value="ART"/>
		<feat xlink:href="#sSpan2122" value="N"/>
		<feat xlink:href="#sSpan2124" value="CCIRC"/>
		<feat xlink:href="#sSpan2128" value="CPRET"/>
		<feat xlink:href="#sSpan2130" value="PPERS"/>
		<feat xlink:href="#sSpan2132" value="PREP"/>
		<feat xlink:href="#sSpan2137" value="PPERO"/>
		<feat xlink:href="#sSpan2139" value="PREP"/>
		<feat xlink:href="#sSpan2143" value="N"/>
		<feat xlink:href="#sSpan2145" value="PUNCT"/>
		<feat xlink:href="#sSpan2149" value="ACONJ_PPERS"/>
		<feat xlink:href="#sSpan2153" value="V"/>
		<feat xlink:href="#sSpan2155" value="PREP"/>
		<feat xlink:href="#sSpan2159" value="ART"/>
		<feat xlink:href="#sSpan2161" value="N"/>
		<feat xlink:href="#sSpan2164" value="CCIRC"/>
		<feat xlink:href="#sSpan2168" value="CPRET"/>
		<feat xlink:href="#sSpan2170" value="PPERS"/>
		<feat xlink:href="#sSpan2172" value="VSTAT"/>
		<feat xlink:href="#sSpan2174" value="PREP"/>
		<feat xlink:href="#sSpan2178" value="PPERO"/>
		<feat xlink:href="#sSpan2180" value="PUNCT"/>
		<feat xlink:href="#sSpan2184" value="APREC"/>
		<feat xlink:href="#sSpan2190" value="PPERS"/>
		<feat xlink:href="#sSpan2193" value="V"/>
		<feat xlink:href="#sSpan2196" value="PTC"/>
		<feat xlink:href="#sSpan2200" value="CONJ"/>
		<feat xlink:href="#sSpan2204" value="APST"/>
		<feat xlink:href="#sSpan2206" value="PPERS"/>
		<feat xlink:href="#sSpan2209" value="V"/>
		<feat xlink:href="#sSpan2212" value="PUNCT"/>
		<feat xlink:href="#sSpan2216" value="VBD"/>
		<feat xlink:href="#sSpan2220" value="PPERS"/>
		<feat xlink:href="#sSpan2222" value="PREP"/>
		<feat xlink:href="#sSpan2226" value="PPERO"/>
		<feat xlink:href="#sSpan2228" value="CONJ"/>
		<feat xlink:href="#sSpan2232" value="NEG"/>
		<feat xlink:href="#sSpan2234" value="N"/>
		<feat xlink:href="#sSpan2236" value="PUNCT"/>
		<feat xlink:href="#sSpan2240" value="PPERI"/>
		<feat xlink:href="#sSpan2247" value="COP"/>
		<feat xlink:href="#sSpan2251" value="ART"/>
		<feat xlink:href="#sSpan2257" value="N"/>
		<feat xlink:href="#sSpan2259" value="CREL"/>
		<feat xlink:href="#sSpan2263" value="VSTAT"/>
		<feat xlink:href="#sSpan2265" value="PREP"/>
		<feat xlink:href="#sSpan2269" value="PPERO"/>
		<feat xlink:href="#sSpan2271" value="PUNCT"/>
		<feat xlink:href="#sSpan2275" value="CREL"/>
		<feat xlink:href="#sSpan2279" value="V"/>
		<feat xlink:href="#sSpan2281" value="PREP"/>
		<feat xlink:href="#sSpan2286" value="PPERO"/>
		<feat xlink:href="#sSpan2288" value="PUNCT"/>
		<feat xlink:href="#sSpan2292" value="PREP"/>
		<feat xlink:href="#sSpan2296" value="PPOS"/>
		<feat xlink:href="#sSpan2300" value="N"/>
		<feat xlink:href="#sSpan2303" value="PUNCT"/>
		<feat xlink:href="#sSpan2307" value="PDEM"/>
		<feat xlink:href="#sSpan2315" value="N"/>
		<feat xlink:href="#sSpan2317" value="PDEM"/>
		<feat xlink:href="#sSpan2321" value="CREL"/>
		<feat xlink:href="#sSpan2326" value="APST"/>
		<feat xlink:href="#sSpan2328" value="ART"/>
		<feat xlink:href="#sSpan2331" value="N"/>
		<feat xlink:href="#sSpan2333" value="PUNCT"/>
		<feat xlink:href="#sSpan2337" value="V"/>
		<feat xlink:href="#sSpan2341" value="PPERO"/>
		<feat xlink:href="#sSpan2343" value="PREP"/>
		<feat xlink:href="#sSpan2347" value="PPERO"/>
		<feat xlink:href="#sSpan2349" value="PUNCT"/>
		<feat xlink:href="#sSpan2353" value="PPERS"/>
		<feat xlink:href="#sSpan2357" value="FUT"/>
		<feat xlink:href="#sSpan2359" value="V"/>
		<feat xlink:href="#sSpan2361" value="V"/>
		<feat xlink:href="#sSpan2365" value="PPERO"/>
		<feat xlink:href="#sSpan2367" value="ADV"/>
		<feat xlink:href="#sSpan2371" value="PUNCT"/>
		<feat xlink:href="#sSpan2375" value="APREC"/>
		<feat xlink:href="#sSpan2382" value="PPERS"/>
		<feat xlink:href="#sSpan2384" value="V"/>
		<feat xlink:href="#sSpan2387" value="PTC"/>
		<feat xlink:href="#sSpan2391" value="ADV"/>
		<feat xlink:href="#sSpan2395" value="PREP"/>
		<feat xlink:href="#sSpan2399" value="ART"/>
		<feat xlink:href="#sSpan2402" value="N"/>
		<feat xlink:href="#sSpan2404" value="PUNCT"/>
		<feat xlink:href="#sSpan2408" value="APST"/>
		<feat xlink:href="#sSpan2412" value="PPERS"/>
		<feat xlink:href="#sSpan2414" value="V"/>
		<feat xlink:href="#sSpan2416" value="PREP"/>
		<feat xlink:href="#sSpan2420" value="ART"/>
		<feat xlink:href="#sSpan2423" value="N"/>
		<feat xlink:href="#sSpan2425" value="CCIRC"/>
		<feat xlink:href="#sSpan2430" value="PPERS"/>
		<feat xlink:href="#sSpan2432" value="FUT"/>
		<feat xlink:href="#sSpan2435" value="V"/>
		<feat xlink:href="#sSpan2437" value="PREP"/>
		<feat xlink:href="#sSpan2441" value="N"/>
		<feat xlink:href="#sSpan2443" value="PREP"/>
		<feat xlink:href="#sSpan2447" value="N"/>
		<feat xlink:href="#sSpan2449" value="APST"/>
		<feat xlink:href="#sSpan2455" value="PPERS"/>
		<feat xlink:href="#sSpan2457" value="V"/>
		<feat xlink:href="#sSpan2459" value="PREP"/>
		<feat xlink:href="#sSpan2463" value="ART"/>
		<feat xlink:href="#sSpan2466" value="N"/>
		<feat xlink:href="#sSpan2468" value="APST"/>
		<feat xlink:href="#sSpan2475" value="PPERS"/>
		<feat xlink:href="#sSpan2477" value="V"/>
		<feat xlink:href="#sSpan2479" value="PPERO"/>
		<feat xlink:href="#sSpan2481" value="PREP"/>
		<feat xlink:href="#sSpan2485" value="PPERO"/>
		<feat xlink:href="#sSpan2487" value="PUNCT"/>
		<feat xlink:href="#sSpan2491" value="CONJ"/>
		<feat xlink:href="#sSpan2495" value="AOPT_PPERS"/>
		<feat xlink:href="#sSpan2497" value="V"/>
		<feat xlink:href="#sSpan2499" value="CONJ"/>
		<feat xlink:href="#sSpan2503" value="EXIST"/>
		<feat xlink:href="#sSpan2505" value="N"/>
		<feat xlink:href="#sSpan2508" value="PREP"/>
		<feat xlink:href="#sSpan2513" value="PPERO"/>
		<feat xlink:href="#sSpan2515" value="PUNCT"/>
		<feat xlink:href="#sSpan2519" value="APST"/>
		<feat xlink:href="#sSpan2525" value="PPERS"/>
		<feat xlink:href="#sSpan2527" value="V"/>
		<feat xlink:href="#sSpan2529" value="PREP"/>
		<feat xlink:href="#sSpan2533" value="PPERO"/>
		<feat xlink:href="#sSpan2535" value="ADV"/>
		<feat xlink:href="#sSpan2539" value="PTC"/>
		<feat xlink:href="#sSpan2543" value="ART"/>
		<feat xlink:href="#sSpan2546" value="N"/>
		<feat xlink:href="#sSpan2548" value="PREP"/>
		<feat xlink:href="#sSpan2553" value="N"/>
		<feat xlink:href="#sSpan2555" value="PUNCT"/>
		<feat xlink:href="#sSpan2559" value="PREP"/>
		<feat xlink:href="#sSpan2563" value="ART"/>
		<feat xlink:href="#sSpan2567" value="N"/>
		<feat xlink:href="#sSpan2569" value="PUNCT"/>
		<feat xlink:href="#sSpan2573" value="CCIRC"/>
		<feat xlink:href="#sSpan2577" value="VBD"/>
		<feat xlink:href="#sSpan2579" value="PPERS"/>
		<feat xlink:href="#sSpan2581" value="PREP"/>
		<feat xlink:href="#sSpan2585" value="PPOS"/>
		<feat xlink:href="#sSpan2588" value="N"/>
		<feat xlink:href="#sSpan2590" value="PUNCT"/>
		<feat xlink:href="#sSpan2594" value="CCIRC"/>
		<feat xlink:href="#sSpan2598" value="ART"/>
		<feat xlink:href="#sSpan2601" value="N"/>
		<feat xlink:href="#sSpan2603" value="PREP"/>
		<feat xlink:href="#sSpan2608" value="N"/>
		<feat xlink:href="#sSpan2611" value="PREP"/>
		<feat xlink:href="#sSpan2615" value="PPOS"/>
		<feat xlink:href="#sSpan2618" value="N"/>
		<feat xlink:href="#sSpan2620" value="PUNCT"/>
		<feat xlink:href="#sSpan2624" value="APREC"/>
		<feat xlink:href="#sSpan2633" value="PPERS"/>
		<feat xlink:href="#sSpan2635" value="V"/>
		<feat xlink:href="#sSpan2638" value="PTC"/>
		<feat xlink:href="#sSpan2642" value="PREP"/>
		<feat xlink:href="#sSpan2646" value="PPERO"/>
		<feat xlink:href="#sSpan2648" value="APST"/>
		<feat xlink:href="#sSpan2652" value="PPERS"/>
		<feat xlink:href="#sSpan2654" value="V"/>
		<feat xlink:href="#sSpan2656" value="PREP"/>
		<feat xlink:href="#sSpan2660" value="PPERO"/>
		<feat xlink:href="#sSpan2662" value="PUNCT"/>
		<feat xlink:href="#sSpan2666" value="PPERI"/>
		<feat xlink:href="#sSpan2673" value="PTC"/>
		<feat xlink:href="#sSpan2677" value="APST"/>
		<feat xlink:href="#sSpan2682" value="PPERS"/>
		<feat xlink:href="#sSpan2684" value="V"/>
		<feat xlink:href="#sSpan2686" value="PPERO"/>
		<feat xlink:href="#sSpan2688" value="APST"/>
		<feat xlink:href="#sSpan2694" value="PPERS"/>
		<feat xlink:href="#sSpan2697" value="V"/>
		<feat xlink:href="#sSpan2699" value="PREP"/>
		<feat xlink:href="#sSpan2703" value="PPERO"/>
		<feat xlink:href="#sSpan2705" value="PUNCT"/>
		<feat xlink:href="#sSpan2709" value="VBD"/>
		<feat xlink:href="#sSpan2715" value="PPERS"/>
		<feat xlink:href="#sSpan2717" value="PREP"/>
		<feat xlink:href="#sSpan2721" value="PPERO"/>
		<feat xlink:href="#sSpan2723" value="CONJ"/>
		<feat xlink:href="#sSpan2727" value="PPERI"/>
		<feat xlink:href="#sSpan2730" value="COP"/>
		<feat xlink:href="#sSpan2734" value="NPROP"/>
		<feat xlink:href="#sSpan2739" value="PPOS"/>
		<feat xlink:href="#sSpan2744" value="N"/>
		<feat xlink:href="#sSpan2749" value="PREP"/>
		<feat xlink:href="#sSpan2753" value="ART"/>
		<feat xlink:href="#sSpan2756" value="N"/>
		<feat xlink:href="#sSpan2758" value="PUNCT"/>
		<feat xlink:href="#sSpan2762" value="VIMP"/>
		<feat xlink:href="#sSpan2769" value="ADV"/>
		<feat xlink:href="#sSpan2773" value="ART"/>
		<feat xlink:href="#sSpan2780" value="N"/>
		<feat xlink:href="#sSpan2782" value="PREP"/>
		<feat xlink:href="#sSpan2786" value="PPERO"/>
		<feat xlink:href="#sSpan2788" value="PUNCT"/>
		<feat xlink:href="#sSpan2792" value="ACONJ"/>
		<feat xlink:href="#sSpan2796" value="PPERS"/>
		<feat xlink:href="#sSpan2798" value="V"/>
		<feat xlink:href="#sSpan2800" value="PREP"/>
		<feat xlink:href="#sSpan2804" value="ART"/>
		<feat xlink:href="#sSpan2807" value="N"/>
		<feat xlink:href="#sSpan2809" value="CREL"/>
		<feat xlink:href="#sSpan2814" value="VBD"/>
		<feat xlink:href="#sSpan2816" value="PPERS"/>
		<feat xlink:href="#sSpan2818" value="PUNCT"/>
		<feat xlink:href="#sSpan2822" value="CREL"/>
		<feat xlink:href="#sSpan2826" value="APST"/>
		<feat xlink:href="#sSpan2828" value="PPERS"/>
		<feat xlink:href="#sSpan2830" value="V"/>
		<feat xlink:href="#sSpan2832" value="PPERO"/>
		<feat xlink:href="#sSpan2834" value="PREP"/>
		<feat xlink:href="#sSpan2838" value="PPERO"/>
		<feat xlink:href="#sSpan2840" value="PUNCT"/>
		<feat xlink:href="#sSpan2844" value="APST"/>
		<feat xlink:href="#sSpan2850" value="PPERS"/>
		<feat xlink:href="#sSpan2852" value="V"/>
		<feat xlink:href="#sSpan2855" value="PTC"/>
		<feat xlink:href="#sSpan2859" value="ADV"/>
		<feat xlink:href="#sSpan2864" value="APST"/>
		<feat xlink:href="#sSpan2870" value="PPERS"/>
		<feat xlink:href="#sSpan2872" value="V"/>
		<feat xlink:href="#sSpan2874" value="PREP"/>
		<feat xlink:href="#sSpan2878" value="PPERO"/>
		<feat xlink:href="#sSpan2880" value="PUNCT"/>
		<feat xlink:href="#sSpan2884" value="PREP"/>
		<feat xlink:href="#sSpan2888" value="ART"/>
		<feat xlink:href="#sSpan2891" value="N"/>
		<feat xlink:href="#sSpan2893" value="PREP"/>
		<feat xlink:href="#sSpan2897" value="N"/>
		<feat xlink:href="#sSpan2899" value="PUNCT"/>
		<feat xlink:href="#sSpan2903" value="APST"/>
		<feat xlink:href="#sSpan2910" value="PPERS"/>
		<feat xlink:href="#sSpan2913" value="V"/>
		<feat xlink:href="#sSpan2916" value="PREP"/>
		<feat xlink:href="#sSpan2920" value="N"/>
		<feat xlink:href="#sSpan2923" value="PREP"/>
		<feat xlink:href="#sSpan2927" value="ART"/>
		<feat xlink:href="#sSpan2931" value="N"/>
		<feat xlink:href="#sSpan2934" value="PUNCT"/>
		<feat xlink:href="#sSpan2938" value="ADV"/>
		<feat xlink:href="#sSpan2943" value="PREP"/>
		<feat xlink:href="#sSpan2947" value="PPERO"/>
		<feat xlink:href="#sSpan2949" value="PUNCT"/>
		<feat xlink:href="#sSpan2953" value="CONJ"/>
		<feat xlink:href="#sSpan2960" value="APST"/>
		<feat xlink:href="#sSpan2964" value="PPERS"/>
		<feat xlink:href="#sSpan2966" value="V"/>
		<feat xlink:href="#sSpan2968" value="PPERO"/>
		<feat xlink:href="#sSpan2970" value="PREP"/>
		<feat xlink:href="#sSpan2974" value="ART"/>
		<feat xlink:href="#sSpan2978" value="N"/>
		<feat xlink:href="#sSpan2982" value="PREP"/>
		<feat xlink:href="#sSpan2986" value="ART"/>
		<feat xlink:href="#sSpan2989" value="N"/>
		<feat xlink:href="#sSpan2991" value="PUNCT"/>
		<feat xlink:href="#sSpan2995" value="APREC"/>
		<feat xlink:href="#sSpan3001" value="PPERS"/>
		<feat xlink:href="#sSpan3004" value="V"/>
		<feat xlink:href="#sSpan3007" value="PTC"/>
		<feat xlink:href="#sSpan3011" value="CONJ"/>
		<feat xlink:href="#sSpan3015" value="APST"/>
		<feat xlink:href="#sSpan3017" value="PPERS"/>
		<feat xlink:href="#sSpan3019" value="V"/>
		<feat xlink:href="#sSpan3021" value="PREP"/>
		<feat xlink:href="#sSpan3025" value="ART"/>
		<feat xlink:href="#sSpan3029" value="N"/>
		<feat xlink:href="#sSpan3031" value="CREL"/>
		<feat xlink:href="#sSpan3035" value="VSTAT"/>
		<feat xlink:href="#sSpan3037" value="PREP"/>
		<feat xlink:href="#sSpan3041" value="ART"/>
		<feat xlink:href="#sSpan3045" value="N"/>
		<feat xlink:href="#sSpan3047" value="CREL"/>
		<feat xlink:href="#sSpan3051" value="VSTAT"/>
		<feat xlink:href="#sSpan3053" value="PREP"/>
		<feat xlink:href="#sSpan3057" value="ART"/>
		<feat xlink:href="#sSpan3060" value="N"/>
		<feat xlink:href="#sSpan3062" value="PUNCT"/>
		<feat xlink:href="#sSpan3066" value="APST"/>
		<feat xlink:href="#sSpan3070" value="PPERS"/>
		<feat xlink:href="#sSpan3072" value="V"/>
		<feat xlink:href="#sSpan3074" value="PPERO"/>
		<feat xlink:href="#sSpan3076" value="PREP"/>
		<feat xlink:href="#sSpan3080" value="PPERO"/>
		<feat xlink:href="#sSpan3082" value="CONJ"/>
		<feat xlink:href="#sSpan3086" value="V"/>
		<feat xlink:href="#sSpan3089" value="VBD"/>
		<feat xlink:href="#sSpan3093" value="PREP"/>
		<feat xlink:href="#sSpan3095" value="PPOS"/>
		<feat xlink:href="#sSpan3100" value="N"/>
		<feat xlink:href="#sSpan3102" value="PUNCT"/>
		<feat xlink:href="#sSpan3106" value="ACONJ_PPERS"/>
		<feat xlink:href="#sSpan3110" value="V"/>
		<feat xlink:href="#sSpan3112" value="PPERO"/>
		<feat xlink:href="#sSpan3114" value="PUNCT"/>
		<feat xlink:href="#sSpan3118" value="PREP"/>
		<feat xlink:href="#sSpan3122" value="ART"/>
		<feat xlink:href="#sSpan3125" value="N"/>
		<feat xlink:href="#sSpan3127" value="PREP"/>
		<feat xlink:href="#sSpan3131" value="N"/>
		<feat xlink:href="#sSpan3134" value="PUNCT"/>
		<feat xlink:href="#sSpan3138" value="PREP"/>
		<feat xlink:href="#sSpan3142" value="ART"/>
		<feat xlink:href="#sSpan3146" value="N"/>
		<feat xlink:href="#sSpan3148" value="CREL"/>
		<feat xlink:href="#sSpan3152" value="ADV"/>
		<feat xlink:href="#sSpan3154" value="PUNCT"/>
		<feat xlink:href="#sSpan3158" value="ACONJ"/>
		<feat xlink:href="#sSpan3162" value="PPERS"/>
		<feat xlink:href="#sSpan3164" value="V"/>
		<feat xlink:href="#sSpan3166" value="PREP"/>
		<feat xlink:href="#sSpan3171" value="PPERO"/>
		<feat xlink:href="#sSpan3173" value="IMOD"/>
		<feat xlink:href="#sSpan3177" value="PPERO"/>
		<feat xlink:href="#sSpan3179" value="PREP"/>
		<feat xlink:href="#sSpan3183" value="ART"/>
		<feat xlink:href="#sSpan3186" value="N"/>
		<feat xlink:href="#sSpan3188" value="PUNCT"/>
		<feat xlink:href="#sSpan3193" value="CONJ"/>
		<feat xlink:href="#sSpan3199" value="CREL"/>
		<feat xlink:href="#sSpan3203" value="APST"/>
		<feat xlink:href="#sSpan3205" value="ART"/>
		<feat xlink:href="#sSpan3208" value="N"/>
		<feat xlink:href="#sSpan3210" value="ART"/>
		<feat xlink:href="#sSpan3215" value="N"/>
		<feat xlink:href="#sSpan3217" value="V"/>
		<feat xlink:href="#sSpan3221" value="PPERO"/>
		<feat xlink:href="#sSpan3223" value="PREP"/>
		<feat xlink:href="#sSpan3227" value="PDEM"/>
		<feat xlink:href="#sSpan3230" value="N"/>
		<feat xlink:href="#sSpan3232" value="PREP"/>
		<feat xlink:href="#sSpan3236" value="ACAUS"/>
		<feat xlink:href="#sSpan3238" value="PPERS"/>
		<feat xlink:href="#sSpan3240" value="V"/>
		<feat xlink:href="#sSpan3242" value="PREP"/>
		<feat xlink:href="#sSpan3246" value="ART"/>
		<feat xlink:href="#sSpan3249" value="N"/>
		<feat xlink:href="#sSpan3251" value="PUNCT"/>
		<feat xlink:href="#sSpan3255" value="PREP"/>
		<feat xlink:href="#sSpan3262" value="ART"/>
		<feat xlink:href="#sSpan3264" value="N"/>
		<feat xlink:href="#sSpan3266" value="APST"/>
		<feat xlink:href="#sSpan3270" value="PPERS"/>
		<feat xlink:href="#sSpan3272" value="V"/>
		<feat xlink:href="#sSpan3274" value="APST"/>
		<feat xlink:href="#sSpan3278" value="PPERS"/>
		<feat xlink:href="#sSpan3280" value="V"/>
		<feat xlink:href="#sSpan3282" value="PREP"/>
		<feat xlink:href="#sSpan3286" value="PPERO"/>
		<feat xlink:href="#sSpan3288" value="ADV"/>
		<feat xlink:href="#sSpan3292" value="PREP"/>
		<feat xlink:href="#sSpan3296" value="ART"/>
		<feat xlink:href="#sSpan3300" value="N"/>
		<feat xlink:href="#sSpan3302" value="PREP"/>
		<feat xlink:href="#sSpan3306" value="N"/>
		<feat xlink:href="#sSpan3309" value="NUM"/>
		<feat xlink:href="#sSpan3311" value="PREP"/>
		<feat xlink:href="#sSpan3315" value="N"/>
		<feat xlink:href="#sSpan3317" value="PREP"/>
		<feat xlink:href="#sSpan3321" value="V"/>
		<feat xlink:href="#sSpan3323" value="PUNCT"/>
		<feat xlink:href="#sSpan3327" value="PREP"/>
		<feat xlink:href="#sSpan3333" value="ART"/>
		<feat xlink:href="#sSpan3336" value="N"/>
		<feat xlink:href="#sSpan3339" value="PTC"/>
		<feat xlink:href="#sSpan3344" value="PREP"/>
		<feat xlink:href="#sSpan3348" value="NUM"/>
		<feat xlink:href="#sSpan3351" value="PREP"/>
		<feat xlink:href="#sSpan3355" value="N"/>
		<feat xlink:href="#sSpan3357" value="PUNCT"/>
		<feat xlink:href="#sSpan3361" value="APST"/>
		<feat xlink:href="#sSpan3365" value="PPERS"/>
		<feat xlink:href="#sSpan3367" value="V"/>
		<feat xlink:href="#sSpan3370" value="PREP"/>
		<feat xlink:href="#sSpan3374" value="ART"/>
		<feat xlink:href="#sSpan3377" value="N"/>
		<feat xlink:href="#sSpan3379" value="PREP"/>
		<feat xlink:href="#sSpan3383" value="N"/>
		<feat xlink:href="#sSpan3386" value="PUNCT"/>
		<feat xlink:href="#sSpan3390" value="VBD"/>
		<feat xlink:href="#sSpan3396" value="PPERS"/>
		<feat xlink:href="#sSpan3398" value="PREP"/>
		<feat xlink:href="#sSpan3402" value="PPERO"/>
		<feat xlink:href="#sSpan3404" value="CONJ"/>
		<feat xlink:href="#sSpan3408" value="PDEM"/>
		<feat xlink:href="#sSpan3411" value="COP"/>
		<feat xlink:href="#sSpan3415" value="ART"/>
		<feat xlink:href="#sSpan3420" value="N"/>
		<feat xlink:href="#sSpan3422" value="CREL"/>
		<feat xlink:href="#sSpan3426" value="APST"/>
		<feat xlink:href="#sSpan3428" value="ART"/>
		<feat xlink:href="#sSpan3431" value="N"/>
		<feat xlink:href="#sSpan3433" value="V"/>
		<feat xlink:href="#sSpan3438" value="PPERO"/>
		<feat xlink:href="#sSpan3440" value="PREP"/>
		<feat xlink:href="#sSpan3444" value="PPERO"/>
		<feat xlink:href="#sSpan3446" value="PUNCT"/>
		<feat xlink:href="#sSpan3450" value="PREP"/>
		<feat xlink:href="#sSpan3454" value="ACAUS"/>
		<feat xlink:href="#sSpan3456" value="PPERS"/>
		<feat xlink:href="#sSpan3458" value="V"/>
		<feat xlink:href="#sSpan3460" value="PREP"/>
		<feat xlink:href="#sSpan3464" value="PPERO"/>
		<feat xlink:href="#sSpan3466" value="APST"/>
		<feat xlink:href="#sSpan3472" value="PPERS"/>
		<feat xlink:href="#sSpan3474" value="V"/>
		<feat xlink:href="#sSpan3477" value="PTC"/>
		<feat xlink:href="#sSpan3482" value="PREP"/>
		<feat xlink:href="#sSpan3487" value="PPERO"/>
		<feat xlink:href="#sSpan3489" value="PREP"/>
		<feat xlink:href="#sSpan3493" value="ART"/>
		<feat xlink:href="#sSpan3496" value="N"/>
		<feat xlink:href="#sSpan3498" value="PREP"/>
		<feat xlink:href="#sSpan3502" value="N"/>
		<feat xlink:href="#sSpan3504" value="ALIM"/>
		<feat xlink:href="#sSpan3508" value="PPERS"/>
		<feat xlink:href="#sSpan3511" value="V"/>
		<feat xlink:href="#sSpan3513" value="PREP"/>
		<feat xlink:href="#sSpan3517" value="ART"/>
		<feat xlink:href="#sSpan3520" value="N"/>
		<feat xlink:href="#sSpan3522" value="CREL"/>
		<feat xlink:href="#sSpan3526" value="VBD"/>
		<feat xlink:href="#sSpan3529" value="PPERS"/>
		<feat xlink:href="#sSpan3531" value="CREL"/>
		<feat xlink:href="#sSpan3535" value="V"/>
		<feat xlink:href="#sSpan3537" value="PREP"/>
		<feat xlink:href="#sSpan3541" value="PPERO"/>
		<feat xlink:href="#sSpan3543" value="CCIRC"/>
		<feat xlink:href="#sSpan3547" value="V"/>
		<feat xlink:href="#sSpan3549" value="PPERO"/>
		<feat xlink:href="#sSpan3551" value="PUNCT"/>
		<feat xlink:href="#sSpan3555" value="PREP"/>
		<feat xlink:href="#sSpan3563" value="PPERO"/>
		<feat xlink:href="#sSpan3565" value="APST"/>
		<feat xlink:href="#sSpan3569" value="PPERS"/>
		<feat xlink:href="#sSpan3571" value="V"/>
		<feat xlink:href="#sSpan3574" value="ADV"/>
		<feat xlink:href="#sSpan3578" value="PREP"/>
		<feat xlink:href="#sSpan3582" value="PUNCT"/>
		<feat xlink:href="#sSpan3586" value="CONJ"/>
		<feat xlink:href="#sSpan3592" value="ART"/>
		<feat xlink:href="#sSpan3596" value="N"/>
		<feat xlink:href="#sSpan3598" value="PREP"/>
		<feat xlink:href="#sSpan3602" value="PPOS"/>
		<feat xlink:href="#sSpan3605" value="N"/>
		<feat xlink:href="#sSpan3607" value="PUNCT"/>
		<feat xlink:href="#sSpan3611" value="PREP"/>
		<feat xlink:href="#sSpan3615" value="ART"/>
		<feat xlink:href="#sSpan3618" value="N"/>
		<feat xlink:href="#sSpan3620" value="ART"/>
		<feat xlink:href="#sSpan3625" value="N"/>
		<feat xlink:href="#sSpan3627" value="PUNCT"/>
		<feat xlink:href="#sSpan3631" value="PREP"/>
		<feat xlink:href="#sSpan3635" value="ART"/>
		<feat xlink:href="#sSpan3638" value="N"/>
		<feat xlink:href="#sSpan3640" value="PUNCT"/>
		<feat xlink:href="#sSpan3644" value="CREL"/>
		<feat xlink:href="#sSpan3649" value="APST"/>
		<feat xlink:href="#sSpan3651" value="PPERS"/>
		<feat xlink:href="#sSpan3653" value="V"/>
		<feat xlink:href="#sSpan3656" value="N"/>
		<feat xlink:href="#sSpan3659" value="ADV"/>
		<feat xlink:href="#sSpan3663" value="PUNCT"/>
		<feat xlink:href="#sSpan3667" value="CONJ"/>
		<feat xlink:href="#sSpan3673" value="APST"/>
		<feat xlink:href="#sSpan3677" value="PPERS"/>
		<feat xlink:href="#sSpan3679" value="V"/>
		<feat xlink:href="#sSpan3681" value="PREP"/>
		<feat xlink:href="#sSpan3685" value="PPERO"/>
		<feat xlink:href="#sSpan3687" value="PREP"/>
		<feat xlink:href="#sSpan3691" value="ART"/>
		<feat xlink:href="#sSpan3696" value="N"/>
		<feat xlink:href="#sSpan3698" value="CREL"/>
		<feat xlink:href="#sSpan3702" value="PPERS"/>
		<feat xlink:href="#sSpan3704" value="PREP"/>
		<feat xlink:href="#sSpan3708" value="PPERO"/>
		<feat xlink:href="#sSpan3710" value="PUNCT"/>
		<feat xlink:href="#sSpan3714" value="VBD"/>
		<feat xlink:href="#sSpan3720" value="PPERS"/>
		<feat xlink:href="#sSpan3723" value="PTC"/>
		<feat xlink:href="#sSpan3727" value="PREP"/>
		<feat xlink:href="#sSpan3731" value="PPERO"/>
		<feat xlink:href="#sSpan3733" value="CONJ"/>
		<feat xlink:href="#sSpan3737" value="PPOS"/>
		<feat xlink:href="#sSpan3740" value="N"/>
		<feat xlink:href="#sSpan3742" value="PREP"/>
		<feat xlink:href="#sSpan3747" value="N"/>
		<feat xlink:href="#sSpan3749" value="CREL"/>
		<feat xlink:href="#sSpan3753" value="VBD"/>
		<feat xlink:href="#sSpan3755" value="PPERS"/>
		<feat xlink:href="#sSpan3757" value="PUNCT"/>
		<feat xlink:href="#sSpan3762" value="PTC"/>
		<feat xlink:href="#sSpan3766" value="PREP"/>
		<feat xlink:href="#sSpan3770" value="ART"/>
		<feat xlink:href="#sSpan3774" value="N"/>
		<feat xlink:href="#sSpan3776" value="PUNCT"/>
		<feat xlink:href="#sSpan3780" value="CREL"/>
		<feat xlink:href="#sSpan3784" value="APST"/>
		<feat xlink:href="#sSpan3786" value="PPERS"/>
		<feat xlink:href="#sSpan3788" value="V"/>
		<feat xlink:href="#sSpan3791" value="PREP"/>
		<feat xlink:href="#sSpan3795" value="PDEM"/>
		<feat xlink:href="#sSpan3798" value="N"/>
		<feat xlink:href="#sSpan3801" value="PUNCT"/>
		<feat xlink:href="#sSpan3805" value="APST"/>
		<feat xlink:href="#sSpan3809" value="PPERS"/>
		<feat xlink:href="#sSpan3811" value="V"/>
		<feat xlink:href="#sSpan3813" value="PREP"/>
		<feat xlink:href="#sSpan3817" value="ART"/>
		<feat xlink:href="#sSpan3820" value="N"/>
		<feat xlink:href="#sSpan3822" value="PUNCT"/>
		<feat xlink:href="#sSpan3826" value="VBD"/>
		<feat xlink:href="#sSpan3832" value="PPERS"/>
		<feat xlink:href="#sSpan3834" value="PREP"/>
		<feat xlink:href="#sSpan3838" value="PPERO"/>
		<feat xlink:href="#sSpan3840" value="PTC"/>
		<feat xlink:href="#sSpan3844" value="ART"/>
		<feat xlink:href="#sSpan3847" value="N"/>
		<feat xlink:href="#sSpan3849" value="PREP"/>
		<feat xlink:href="#sSpan3855" value="N"/>
		<feat xlink:href="#sSpan3857" value="PUNCT"/>
		<feat xlink:href="#sSpan3861" value="CONJ"/>
		<feat xlink:href="#sSpan3865" value="APST"/>
		<feat xlink:href="#sSpan3867" value="PPERS"/>
		<feat xlink:href="#sSpan3869" value="V"/>
		<feat xlink:href="#sSpan3871" value="ADV"/>
		<feat xlink:href="#sSpan3875" value="PUNCT"/>
		<feat xlink:href="#sSpan3879" value="PREP"/>
		<feat xlink:href="#sSpan3883" value="ART"/>
		<feat xlink:href="#sSpan3886" value="N"/>
		<feat xlink:href="#sSpan3889" value="PREP"/>
		<feat xlink:href="#sSpan3894" value="N"/>
		<feat xlink:href="#sSpan3896" value="PREP"/>
		<feat xlink:href="#sSpan3900" value="ART"/>
		<feat xlink:href="#sSpan3903" value="N"/>
		<feat xlink:href="#sSpan3905" value="PUNCT"/>
		<feat xlink:href="#sSpan3909" value="PREP"/>
		<feat xlink:href="#sSpan3913" value="ART"/>
		<feat xlink:href="#sSpan3916" value="N"/>
		<feat xlink:href="#sSpan3918" value="PUNCT"/>
		<feat xlink:href="#sSpan3922" value="CONJ"/>
		<feat xlink:href="#sSpan3926" value="PREP"/>
		<feat xlink:href="#sSpan3930" value="ART"/>
		<feat xlink:href="#sSpan3933" value="N"/>
		<feat xlink:href="#sSpan3935" value="CREL"/>
		<feat xlink:href="#sSpan3940" value="PPERS"/>
		<feat xlink:href="#sSpan3942" value="V"/>
		<feat xlink:href="#sSpan3944" value="PREP"/>
		<feat xlink:href="#sSpan3948" value="ART"/>
		<feat xlink:href="#sSpan3951" value="N"/>
		<feat xlink:href="#sSpan3953" value="PUNCT"/>
		<feat xlink:href="#sSpan3957" value="PREP"/>
		<feat xlink:href="#sSpan3961" value="ART"/>
		<feat xlink:href="#sSpan3964" value="N"/>
		<feat xlink:href="#sSpan3966" value="PREP"/>
		<feat xlink:href="#sSpan3970" value="N"/>
		<feat xlink:href="#sSpan3972" value="PREP"/>
		<feat xlink:href="#sSpan3976" value="ART"/>
		<feat xlink:href="#sSpan3979" value="N"/>
		<feat xlink:href="#sSpan3981" value="PUNCT"/>
		<feat xlink:href="#sSpan3985" value="APST"/>
		<feat xlink:href="#sSpan3992" value="PPOS"/>
		<feat xlink:href="#sSpan3996" value="N"/>
		<feat xlink:href="#sSpan3998" value="V"/>
		<feat xlink:href="#sSpan4002" value="ADV"/>
		<feat xlink:href="#sSpan4007" value="PREP"/>
		<feat xlink:href="#sSpan4011" value="ART"/>
		<feat xlink:href="#sSpan4014" value="N"/>
		<feat xlink:href="#sSpan4016" value="PREP"/>
		<feat xlink:href="#sSpan4020" value="ART"/>
		<feat xlink:href="#sSpan4023" value="N"/>
		<feat xlink:href="#sSpan4025" value="PUNCT"/>
		<feat xlink:href="#sSpan4029" value="APREC"/>
		<feat xlink:href="#sSpan4035" value="ART"/>
		<feat xlink:href="#sSpan4039" value="N"/>
		<feat xlink:href="#sSpan4042" value="PTC"/>
		<feat xlink:href="#sSpan4046" value="CONJ"/>
		<feat xlink:href="#sSpan4050" value="APST"/>
		<feat xlink:href="#sSpan4052" value="PPERS"/>
		<feat xlink:href="#sSpan4055" value="V"/>
		<feat xlink:href="#sSpan4057" value="PREP"/>
		<feat xlink:href="#sSpan4061" value="ART"/>
		<feat xlink:href="#sSpan4065" value="N"/>
		<feat xlink:href="#sSpan4067" value="PUNCT"/>
		<feat xlink:href="#sSpan4071" value="CREL"/>
		<feat xlink:href="#sSpan4075" value="VBD"/>
		<feat xlink:href="#sSpan4078" value="PPERS"/>
		<feat xlink:href="#sSpan4080" value="PUNCT"/>
		<feat xlink:href="#sSpan4084" value="PREP"/>
		<feat xlink:href="#sSpan4088" value="ART"/>
		<feat xlink:href="#sSpan4092" value="N"/>
		<feat xlink:href="#sSpan4094" value="PUNCT"/>
		<feat xlink:href="#sSpan4098" value="CONJ"/>
		<feat xlink:href="#sSpan4102" value="CONJ"/>
		<feat xlink:href="#sSpan4106" value="APST"/>
		<feat xlink:href="#sSpan4108" value="PPERS"/>
		<feat xlink:href="#sSpan4110" value="V"/>
		<feat xlink:href="#sSpan4112" value="PREP"/>
		<feat xlink:href="#sSpan4116" value="PPOS"/>
		<feat xlink:href="#sSpan4119" value="N"/>
		<feat xlink:href="#sSpan4121" value="PUNCT"/>
		<feat xlink:href="#sSpan4125" value="PREP"/>
		<feat xlink:href="#sSpan4129" value="ART"/>
		<feat xlink:href="#sSpan4134" value="N"/>
		<feat xlink:href="#sSpan4136" value="PUNCT"/>
		<feat xlink:href="#sSpan4140" value="APST"/>
		<feat xlink:href="#sSpan4144" value="PPERS"/>
		<feat xlink:href="#sSpan4146" value="ACAUS"/>
		<feat xlink:href="#sSpan4148" value="ART"/>
		<feat xlink:href="#sSpan4152" value="N"/>
		<feat xlink:href="#sSpan4154" value="CREL"/>
		<feat xlink:href="#sSpan4158" value="VSTAT"/>
		<feat xlink:href="#sSpan4160" value="V"/>
		<feat xlink:href="#sSpan4165" value="PREP"/>
		<feat xlink:href="#sSpan4171" value="PPERO"/>
		<feat xlink:href="#sSpan4173" value="PUNCT"/>
		<feat xlink:href="#sSpan4177" value="PREP"/>
		<feat xlink:href="#sSpan4181" value="PPOS"/>
		<feat xlink:href="#sSpan4185" value="N"/>
		<feat xlink:href="#sSpan4187" value="PREP"/>
		<feat xlink:href="#sSpan4191" value="N"/>
		<feat xlink:href="#sSpan4193" value="PUNCT"/>
		<feat xlink:href="#sSpan4197" value="CCIRC"/>
		<feat xlink:href="#sSpan4201" value="PPERS"/>
		<feat xlink:href="#sSpan4203" value="V"/>
		<feat xlink:href="#sSpan4205" value="PREP"/>
		<feat xlink:href="#sSpan4209" value="PPERO"/>
		<feat xlink:href="#sSpan4211" value="PREP"/>
		<feat xlink:href="#sSpan4215" value="PPERO"/>
		<feat xlink:href="#sSpan4217" value="PREP"/>
		<feat xlink:href="#sSpan4221" value="ART"/>
		<feat xlink:href="#sSpan4225" value="N"/>
		<feat xlink:href="#sSpan4227" value="PUNCT"/>
		<feat xlink:href="#sSpan4231" value="CCIRC"/>
		<feat xlink:href="#sSpan4235" value="PPERS"/>
		<feat xlink:href="#sSpan4237" value="V"/>
		<feat xlink:href="#sSpan4240" value="PREP"/>
		<feat xlink:href="#sSpan4244" value="PPERO"/>
		<feat xlink:href="#sSpan4246" value="PREP"/>
		<feat xlink:href="#sSpan4250" value="PPOS"/>
		<feat xlink:href="#sSpan4254" value="N"/>
		<feat xlink:href="#sSpan4256" value="PUNCT"/>
		<feat xlink:href="#sSpan4260" value="CONJ"/>
		<feat xlink:href="#sSpan4266" value="CPRET"/>
		<feat xlink:href="#sSpan4270" value="PDEM"/>
		<feat xlink:href="#sSpan4274" value="N"/>
		<feat xlink:href="#sSpan4276" value="PUNCT"/>
		<feat xlink:href="#sSpan4280" value="V"/>
		<feat xlink:href="#sSpan4285" value="ADV"/>
		<feat xlink:href="#sSpan4289" value="PUNCT"/>
		<feat xlink:href="#sSpan4293" value="PREP"/>
		<feat xlink:href="#sSpan4297" value="PPERO"/>
		<feat xlink:href="#sSpan4299" value="PREP"/>
		<feat xlink:href="#sSpan4304" value="N"/>
		<feat xlink:href="#sSpan4308" value="PUNCT"/>
		<feat xlink:href="#sSpan4312" value="ART"/>
		<feat xlink:href="#sSpan4316" value="N"/>
		<feat xlink:href="#sSpan4318" value="ART"/>
		<feat xlink:href="#sSpan4324" value="N"/>
		<feat xlink:href="#sSpan4327" value="PREP"/>
		<feat xlink:href="#sSpan4331" value="N"/>
		<feat xlink:href="#sSpan4335" value="PTC"/>
		<feat xlink:href="#sSpan4339" value="CPRET"/>
		<feat xlink:href="#sSpan4343" value="PPERS"/>
		<feat xlink:href="#sSpan4345" value="V"/>
		<feat xlink:href="#sSpan4347" value="PREP"/>
		<feat xlink:href="#sSpan4351" value="ART"/>
		<feat xlink:href="#sSpan4354" value="N"/>
		<feat xlink:href="#sSpan4356" value="PUNCT"/>
		<feat xlink:href="#sSpan4360" value="CONJ"/>
		<feat xlink:href="#sSpan4367" value="ADV"/>
		<feat xlink:href="#sSpan4371" value="PREP"/>
		<feat xlink:href="#sSpan4375" value="ART"/>
		<feat xlink:href="#sSpan4379" value="N"/>
		<feat xlink:href="#sSpan4381" value="CREL"/>
		<feat xlink:href="#sSpan4385" value="VSTAT"/>
		<feat xlink:href="#sSpan4387" value="PREP"/>
		<feat xlink:href="#sSpan4391" value="ART"/>
		<feat xlink:href="#sSpan4394" value="N"/>
		<feat xlink:href="#sSpan4396" value="PUNCT"/>
		<feat xlink:href="#sSpan4400" value="APST"/>
		<feat xlink:href="#sSpan4404" value="PPERS"/>
		<feat xlink:href="#sSpan4406" value="ACAUS"/>
		<feat xlink:href="#sSpan4408" value="PPERS"/>
		<feat xlink:href="#sSpan4410" value="V"/>
		<feat xlink:href="#sSpan4413" value="PREP"/>
		<feat xlink:href="#sSpan4417" value="PPOS"/>
		<feat xlink:href="#sSpan4420" value="N"/>
		<feat xlink:href="#sSpan4422" value="PUNCT"/>
		<feat xlink:href="#sSpan4426" value="PREP"/>
		<feat xlink:href="#sSpan4430" value="ART"/>
		<feat xlink:href="#sSpan4432" value="N"/>
		<feat xlink:href="#sSpan4434" value="PREP"/>
		<feat xlink:href="#sSpan4438" value="ART"/>
		<feat xlink:href="#sSpan4442" value="N"/>
		<feat xlink:href="#sSpan4444" value="PUNCT"/>
		<feat xlink:href="#sSpan4448" value="PPERS"/>
		<feat xlink:href="#sSpan4456" value="VSTAT"/>
		<feat xlink:href="#sSpan4459" value="PTC"/>
		<feat xlink:href="#sSpan4463" value="CONJ"/>
		<feat xlink:href="#sSpan4467" value="CPRET"/>
		<feat xlink:href="#sSpan4469" value="ART"/>
		<feat xlink:href="#sSpan4472" value="N"/>
		<feat xlink:href="#sSpan4474" value="FUT"/>
		<feat xlink:href="#sSpan4478" value="V"/>
		<feat xlink:href="#sSpan4480" value="NEG"/>
		<feat xlink:href="#sSpan4484" value="PREP"/>
		<feat xlink:href="#sSpan4488" value="N"/>
		<feat xlink:href="#sSpan4491" value="IMOD"/>
		<feat xlink:href="#sSpan4496" value="PPERO"/>
		<feat xlink:href="#sSpan4499" value="CONJ"/>
		<feat xlink:href="#sSpan4503" value="PREP"/>
		<feat xlink:href="#sSpan4507" value="N"/>
		<feat xlink:href="#sSpan4510" value="PINT"/>
		<feat xlink:href="#sSpan4514" value="CREL"/>
		<feat xlink:href="#sSpan4518" value="VSTAT"/>
		<feat xlink:href="#sSpan4521" value="ADV"/>
		<feat xlink:href="#sSpan4525" value="PREP"/>
		<feat xlink:href="#sSpan4529" value="ART"/>
		<feat xlink:href="#sSpan4533" value="N"/>
		<feat xlink:href="#sSpan4535" value="PREP"/>
		<feat xlink:href="#sSpan4539" value="ART"/>
		<feat xlink:href="#sSpan4542" value="N"/>
		<feat xlink:href="#sSpan4544" value="PUNCT"/>
		<feat xlink:href="#sSpan4548" value="CCIRC"/>
		<feat xlink:href="#sSpan4552" value="ART"/>
		<feat xlink:href="#sSpan4555" value="N"/>
		<feat xlink:href="#sSpan4557" value="FUT"/>
		<feat xlink:href="#sSpan4561" value="V"/>
		<feat xlink:href="#sSpan4563" value="PREP"/>
		<feat xlink:href="#sSpan4567" value="PPERO"/>
		<feat xlink:href="#sSpan4569" value="PUNCT"/>
		<feat xlink:href="#sSpan4573" value="ACOND_PPERS"/>
		<feat xlink:href="#sSpan4580" value="V"/>
		<feat xlink:href="#sSpan4582" value="ART"/>
		<feat xlink:href="#sSpan4585" value="N"/>
		<feat xlink:href="#sSpan4587" value="PREP"/>
		<feat xlink:href="#sSpan4591" value="ART"/>
		<feat xlink:href="#sSpan4594" value="N"/>
		<feat xlink:href="#sSpan4596" value="PPERS"/>
		<feat xlink:href="#sSpan4600" value="FUT"/>
		<feat xlink:href="#sSpan4602" value="V"/>
		<feat xlink:href="#sSpan4604" value="PREP"/>
		<feat xlink:href="#sSpan4608" value="PPOS"/>
		<feat xlink:href="#sSpan4611" value="N"/>
		<feat xlink:href="#sSpan4613" value="PUNCT"/>
		<feat xlink:href="#sSpan4617" value="PREP"/>
		<feat xlink:href="#sSpan4622" value="N"/>
		<feat xlink:href="#sSpan4625" value="PINT"/>
		<feat xlink:href="#sSpan4629" value="PUNCT"/>
		<feat xlink:href="#sSpan4633" value="VBD"/>
		<feat xlink:href="#sSpan4639" value="PPERS"/>
		<feat xlink:href="#sSpan4642" value="PTC"/>
		<feat xlink:href="#sSpan4646" value="PREP"/>
		<feat xlink:href="#sSpan4650" value="ART"/>
		<feat xlink:href="#sSpan4654" value="N"/>
		<feat xlink:href="#sSpan4656" value="CREL"/>
		<feat xlink:href="#sSpan4661" value="VSTAT"/>
		<feat xlink:href="#sSpan4663" value="PUNCT"/>
		<feat xlink:href="#sSpan4667" value="CONJ"/>
		<feat xlink:href="#sSpan4671" value="NEG"/>
		<feat xlink:href="#sSpan4674" value="V"/>
		<feat xlink:href="#sSpan4677" value="CONJ"/>
		<feat xlink:href="#sSpan4681" value="PINT"/>
		<feat xlink:href="#sSpan4683" value="COP"/>
		<feat xlink:href="#sSpan4687" value="ART"/>
		<feat xlink:href="#sSpan4692" value="AOPT_PPERS"/>
		<feat xlink:href="#sSpan4695" value="V"/>
		<feat xlink:href="#sSpan4697" value="PPERO"/>
		<feat xlink:href="#sSpan4699" value="PUNCT"/>
		<feat xlink:href="#sSpan4704" value="CONJ"/>
		<feat xlink:href="#sSpan4708" value="PINT"/>
		<feat xlink:href="#sSpan4712" value="COP"/>
		<feat xlink:href="#sSpan4716" value="ART"/>
		<feat xlink:href="#sSpan4721" value="AOPT_PPERS"/>
		<feat xlink:href="#sSpan4723" value="V"/>
		<feat xlink:href="#sSpan4725" value="PPERO"/>
		<feat xlink:href="#sSpan4727" value="PUNCT"/>
		<feat xlink:href="#sSpan4732" value="CONJ"/>
		<feat xlink:href="#sSpan4736" value="PINT"/>
		<feat xlink:href="#sSpan4740" value="COP"/>
		<feat xlink:href="#sSpan4744" value="ART"/>
		<feat xlink:href="#sSpan4750" value="AOPT_PPERS"/>
		<feat xlink:href="#sSpan4752" value="V"/>
		<feat xlink:href="#sSpan4754" value="PPERO"/>
		<feat xlink:href="#sSpan4756" value="PREP"/>
		<feat xlink:href="#sSpan4760" value="PPERO"/>
		<feat xlink:href="#sSpan4762" value="PUNCT"/>
		<feat xlink:href="#sSpan4766" value="PPOS"/>
		<feat xlink:href="#sSpan4771" value="N"/>
		<feat xlink:href="#sSpan4773" value="CREL"/>
		<feat xlink:href="#sSpan4777" value="PREP"/>
		<feat xlink:href="#sSpan4779" value="ART"/>
		<feat xlink:href="#sSpan4783" value="N"/>
		<feat xlink:href="#sSpan4785" value="PUNCT"/>
		<feat xlink:href="#sSpan4789" value="V"/>
		<feat xlink:href="#sSpan4793" value="ANEGPST"/>
		<feat xlink:href="#sSpan4797" value="PPERS"/>
		<feat xlink:href="#sSpan4800" value="V"/>
		<feat xlink:href="#sSpan4804" value="PREP"/>
		<feat xlink:href="#sSpan4808" value="PPERO"/>
		<feat xlink:href="#sSpan4810" value="ANY"/>
		<feat xlink:href="#sSpan4816" value="PPERS"/>
		<feat xlink:href="#sSpan4819" value="V"/>
		<feat xlink:href="#sSpan4821" value="PREP"/>
		<feat xlink:href="#sSpan4825" value="PPERO"/>
		<feat xlink:href="#sSpan4827" value="PUNCT"/>
		<feat xlink:href="#sSpan4831" value="V"/>
		<feat xlink:href="#sSpan4837" value="PPERI"/>
		<feat xlink:href="#sSpan4841" value="PREP"/>
		<feat xlink:href="#sSpan4845" value="PPOS"/>
		<feat xlink:href="#sSpan4849" value="N"/>
		<feat xlink:href="#sSpan4852" value="PREP"/>
		<feat xlink:href="#sSpan4857" value="PPOS"/>
		<feat xlink:href="#sSpan4861" value="N"/>
		<feat xlink:href="#sSpan4863" value="PUNCT"/>
		<feat xlink:href="#sSpan4867" value="CONJ"/>
		<feat xlink:href="#sSpan4873" value="PDEM"/>
		<feat xlink:href="#sSpan4878" value="PPERS"/>
		<feat xlink:href="#sSpan4882" value="FUT"/>
		<feat xlink:href="#sSpan4884" value="V"/>
		<feat xlink:href="#sSpan4886" value="PPERO"/>
		<feat xlink:href="#sSpan4888" value="PREP"/>
		<feat xlink:href="#sSpan4893" value="PPOS"/>
		<feat xlink:href="#sSpan4895" value="PUNCT"/>
		<feat xlink:href="#sSpan4899" value="PDEM"/>
		<feat xlink:href="#sSpan4907" value="PTC"/>
		<feat xlink:href="#sSpan4911" value="APREC"/>
		<feat xlink:href="#sSpan4915" value="PPERS"/>
		<feat xlink:href="#sSpan4917" value="V"/>
		<feat xlink:href="#sSpan4919" value="PREP"/>
		<feat xlink:href="#sSpan4923" value="PPERO"/>
		<feat xlink:href="#sSpan4925" value="PUNCT"/>
		<feat xlink:href="#sSpan4929" value="APST"/>
		<feat xlink:href="#sSpan4933" value="PPERS"/>
		<feat xlink:href="#sSpan4936" value="V"/>
		<feat xlink:href="#sSpan4939" value="ADV"/>
		<feat xlink:href="#sSpan4944" value="PUNCT"/>
		<feat xlink:href="#sSpan4948" value="VBD"/>
		<feat xlink:href="#sSpan4952" value="PPERS"/>
		<feat xlink:href="#sSpan4954" value="PREP"/>
		<feat xlink:href="#sSpan4958" value="PPERO"/>
		<feat xlink:href="#sSpan4960" value="CONJ"/>
		<feat xlink:href="#sSpan4965" value="PTC"/>
		<feat xlink:href="#sSpan4967" value="PPOS"/>
		<feat xlink:href="#sSpan4972" value="N"/>
		<feat xlink:href="#sSpan4974" value="CREL"/>
		<feat xlink:href="#sSpan4978" value="VSTAT"/>
		<feat xlink:href="#sSpan4980" value="PUNCT"/>
		<feat xlink:href="#sSpan4984" value="CCIRC"/>
		<feat xlink:href="#sSpan4989" value="AAOR"/>
		<feat xlink:href="#sSpan4991" value="PPERS"/>
		<feat xlink:href="#sSpan4994" value="V"/>
		<feat xlink:href="#sSpan4996" value="ADV"/>
		<feat xlink:href="#sSpan5000" value="PREP"/>
		<feat xlink:href="#sSpan5004" value="ART"/>
		<feat xlink:href="#sSpan5008" value="N"/>
		<feat xlink:href="#sSpan5010" value="PREP"/>
		<feat xlink:href="#sSpan5014" value="ART"/>
		<feat xlink:href="#sSpan5018" value="N"/>
		<feat xlink:href="#sSpan5020" value="PUNCT"/>
		<feat xlink:href="#sSpan5024" value="PPERI"/>
		<feat xlink:href="#sSpan5032" value="PTC"/>
		<feat xlink:href="#sSpan5036" value="VBD"/>
		<feat xlink:href="#sSpan5040" value="PPERS"/>
		<feat xlink:href="#sSpan5042" value="PREP"/>
		<feat xlink:href="#sSpan5046" value="PPERO"/>
		<feat xlink:href="#sSpan5048" value="CONJ"/>
		<feat xlink:href="#sSpan5053" value="PTC"/>
		<feat xlink:href="#sSpan5055" value="PPOS"/>
		<feat xlink:href="#sSpan5060" value="N"/>
		<feat xlink:href="#sSpan5062" value="CREL"/>
		<feat xlink:href="#sSpan5066" value="VSTAT"/>
		<feat xlink:href="#sSpan5068" value="PUNCT"/>
		<feat xlink:href="#sSpan5072" value="PPERS"/>
		<feat xlink:href="#sSpan5079" value="VSTAT"/>
		<feat xlink:href="#sSpan5081" value="PTC"/>
		<feat xlink:href="#sSpan5085" value="ART"/>
		<feat xlink:href="#sSpan5089" value="N"/>
		<feat xlink:href="#sSpan5091" value="PUNCT"/>
		<feat xlink:href="#sSpan5095" value="PREP"/>
		<feat xlink:href="#sSpan5099" value="ART"/>
		<feat xlink:href="#sSpan5102" value="N"/>
		<feat xlink:href="#sSpan5104" value="PUNCT"/>
		<feat xlink:href="#sSpan5108" value="CCIRC"/>
		<feat xlink:href="#sSpan5112" value="PPERS"/>
		<feat xlink:href="#sSpan5115" value="V"/>
		<feat xlink:href="#sSpan5118" value="PREP"/>
		<feat xlink:href="#sSpan5122" value="PPERO"/>
		<feat xlink:href="#sSpan5124" value="PREP"/>
		<feat xlink:href="#sSpan5128" value="ART"/>
		<feat xlink:href="#sSpan5132" value="N"/>
		<feat xlink:href="#sSpan5134" value="PREP"/>
		<feat xlink:href="#sSpan5138" value="ART"/>
		<feat xlink:href="#sSpan5142" value="N"/>
		<feat xlink:href="#sSpan5144" value="PUNCT"/>
		<feat xlink:href="#sSpan5148" value="CONJ"/>
		<feat xlink:href="#sSpan5152" value="N"/>
		<feat xlink:href="#sSpan5159" value="PINT"/>
		<feat xlink:href="#sSpan5163" value="CCIRC"/>
		<feat xlink:href="#sSpan5167" value="PPERS"/>
		<feat xlink:href="#sSpan5169" value="PREP"/>
		<feat xlink:href="#sSpan5171" value="ART"/>
		<feat xlink:href="#sSpan5174" value="N"/>
		<feat xlink:href="#sSpan5176" value="PUNCT"/>
		<feat xlink:href="#sSpan5180" value="CREL"/>
		<feat xlink:href="#sSpan5184" value="V"/>
		<feat xlink:href="#sSpan5186" value="PREP"/>
		<feat xlink:href="#sSpan5190" value="ART"/>
		<feat xlink:href="#sSpan5194" value="N"/>
		<feat xlink:href="#sSpan5196" value="PUNCT"/>
		<feat xlink:href="#sSpan5200" value="CONJ"/>
		<feat xlink:href="#sSpan5204" value="CCIRC"/>
		<feat xlink:href="#sSpan5208" value="NEG"/>
		<feat xlink:href="#sSpan5210" value="V"/>
		<feat xlink:href="#sSpan5212" value="PREP"/>
		<feat xlink:href="#sSpan5217" value="N"/>
		<feat xlink:href="#sSpan5219" value="PUNCT"/>
		<feat xlink:href="#sSpan5223" value="PPERS"/>
		<feat xlink:href="#sSpan5229" value="VSTAT"/>
		<feat xlink:href="#sSpan5231" value="PTC"/>
		<feat xlink:href="#sSpan5235" value="ART"/>
		<feat xlink:href="#sSpan5240" value="N"/>
		<feat xlink:href="#sSpan5242" value="PUNCT"/>
		<feat xlink:href="#sSpan5246" value="ACONJ"/>
		<feat xlink:href="#sSpan5250" value="PPERS"/>
		<feat xlink:href="#sSpan5253" value="V"/>
		<feat xlink:href="#sSpan5255" value="PREP"/>
		<feat xlink:href="#sSpan5259" value="PPERO"/>
		<feat xlink:href="#sSpan5261" value="PUNCT"/>
		<feat xlink:href="#sSpan5265" value="CONJ"/>
		<feat xlink:href="#sSpan5269" value="ACONJ"/>
		<feat xlink:href="#sSpan5273" value="PPERS"/>
		<feat xlink:href="#sSpan5275" value="V"/>
		<feat xlink:href="#sSpan5278" value="PPERO"/>
		<feat xlink:href="#sSpan5280" value="PUNCT"/>
		<feat xlink:href="#sSpan5284" value="ACOND_PPERS"/>
		<feat xlink:href="#sSpan5293" value="V"/>
		<feat xlink:href="#sSpan5296" value="PTC"/>
		<feat xlink:href="#sSpan5300" value="ADV"/>
		<feat xlink:href="#sSpan5304" value="PREP"/>
		<feat xlink:href="#sSpan5308" value="V"/>
		<feat xlink:href="#sSpan5310" value="PREP"/>
		<feat xlink:href="#sSpan5314" value="N"/>
		<feat xlink:href="#sSpan5317" value="PUNCT"/>
		<feat xlink:href="#sSpan5321" value="AAOR"/>
		<feat xlink:href="#sSpan5325" value="PPERS"/>
		<feat xlink:href="#sSpan5328" value="V"/>
		<feat xlink:href="#sSpan5331" value="PREP"/>
		<feat xlink:href="#sSpan5335" value="PPERO"/>
		<feat xlink:href="#sSpan5337" value="PUNCT"/>
		<feat xlink:href="#sSpan5341" value="CCIRC"/>
		<feat xlink:href="#sSpan5345" value="PPERS"/>
		<feat xlink:href="#sSpan5348" value="V"/>
		<feat xlink:href="#sSpan5350" value="PUNCT"/>
		<feat xlink:href="#sSpan5354" value="ACONJ"/>
		<feat xlink:href="#sSpan5358" value="PPERS"/>
		<feat xlink:href="#sSpan5360" value="V"/>
		<feat xlink:href="#sSpan5362" value="PREP"/>
		<feat xlink:href="#sSpan5366" value="ART"/>
		<feat xlink:href="#sSpan5370" value="CREL"/>
		<feat xlink:href="#sSpan5372" value="VSTAT"/>
		<feat xlink:href="#sSpan5374" value="IMOD"/>
		<feat xlink:href="#sSpan5378" value="PPERO"/>
		<feat xlink:href="#sSpan5380" value="PUNCT"/>
		<feat xlink:href="#sSpan5384" value="ACONJ"/>
		<feat xlink:href="#sSpan5388" value="PPERS"/>
		<feat xlink:href="#sSpan5391" value="V"/>
		<feat xlink:href="#sSpan5393" value="PREP"/>
		<feat xlink:href="#sSpan5397" value="PPERO"/>
		<feat xlink:href="#sSpan5399" value="PREP"/>
		<feat xlink:href="#sSpan5403" value="PPOS"/>
		<feat xlink:href="#sSpan5407" value="N"/>
		<feat xlink:href="#sSpan5410" value="PUNCT"/>
		<feat xlink:href="#sSpan5414" value="V"/>
		<feat xlink:href="#sSpan5418" value="N"/>
		<feat xlink:href="#sSpan5421" value="ACONJ"/>
		<feat xlink:href="#sSpan5425" value="PPERS"/>
		<feat xlink:href="#sSpan5427" value="V"/>
		<feat xlink:href="#sSpan5429" value="CONJ"/>
		<feat xlink:href="#sSpan5433" value="ACONJ"/>
		<feat xlink:href="#sSpan5437" value="PPERS"/>
		<feat xlink:href="#sSpan5440" value="V"/>
		<feat xlink:href="#sSpan5443" value="PREP"/>
		<feat xlink:href="#sSpan5447" value="PPERO"/>
		<feat xlink:href="#sSpan5449" value="PUNCT"/>
		<feat xlink:href="#sSpan5453" value="PREP"/>
		<feat xlink:href="#sSpan5457" value="ART"/>
		<feat xlink:href="#sSpan5460" value="N"/>
		<feat xlink:href="#sSpan5462" value="PREP"/>
		<feat xlink:href="#sSpan5466" value="ART"/>
		<feat xlink:href="#sSpan5470" value="N"/>
		<feat xlink:href="#sSpan5472" value="CREL"/>
		<feat xlink:href="#sSpan5476" value="ADV"/>
		<feat xlink:href="#sSpan5479" value="PUNCT"/>
		<feat xlink:href="#sSpan5483" value="ACOND_PPERS"/>
		<feat xlink:href="#sSpan5489" value="V"/>
		<feat xlink:href="#sSpan5492" value="PTC"/>
		<feat xlink:href="#sSpan5496" value="PREP"/>
		<feat xlink:href="#sSpan5500" value="PPERO"/>
		<feat xlink:href="#sSpan5502" value="AAOR"/>
		<feat xlink:href="#sSpan5506" value="PPERS"/>
		<feat xlink:href="#sSpan5508" value="V"/>
		<feat xlink:href="#sSpan5510" value="ACONJ"/>
		<feat xlink:href="#sSpan5514" value="PPERS"/>
		<feat xlink:href="#sSpan5516" value="V"/>
		<feat xlink:href="#sSpan5519" value="ART"/>
		<feat xlink:href="#sSpan5522" value="N"/>
		<feat xlink:href="#sSpan5524" value="CONJ"/>
		<feat xlink:href="#sSpan5528" value="APST"/>
		<feat xlink:href="#sSpan5530" value="PPERS"/>
		<feat xlink:href="#sSpan5532" value="V"/>
		<feat xlink:href="#sSpan5534" value="N"/>
		<feat xlink:href="#sSpan5539" value="PREP"/>
		<feat xlink:href="#sSpan5543" value="ART"/>
		<feat xlink:href="#sSpan5546" value="N"/>
		<feat xlink:href="#sSpan5549" value="PUNCT"/>
		<feat xlink:href="#sSpan5553" value="PREP"/>
		<feat xlink:href="#sSpan5557" value="PPERO"/>
		<feat xlink:href="#sSpan5559" value="ADV"/>
		<feat xlink:href="#sSpan5563" value="ACONJ"/>
		<feat xlink:href="#sSpan5567" value="PPERS"/>
		<feat xlink:href="#sSpan5571" value="V"/>
		<feat xlink:href="#sSpan5573" value="PPERO"/>
		<feat xlink:href="#sSpan5575" value="PREP"/>
		<feat xlink:href="#sSpan5579" value="PPOS"/>
		<feat xlink:href="#sSpan5583" value="N"/>
		<feat xlink:href="#sSpan5585" value="PUNCT"/>
		<feat xlink:href="#sSpan5589" value="ACONJ"/>
		<feat xlink:href="#sSpan5593" value="PPERS"/>
		<feat xlink:href="#sSpan5595" value="V"/>
		<feat xlink:href="#sSpan5598" value="CCIRC"/>
		<feat xlink:href="#sSpan5602" value="PPERS"/>
		<feat xlink:href="#sSpan5604" value="V"/>
		<feat xlink:href="#sSpan5606" value="PREP"/>
		<feat xlink:href="#sSpan5610" value="ART"/>
		<feat xlink:href="#sSpan5613" value="N"/>
		<feat xlink:href="#sSpan5617" value="PREP"/>
		<feat xlink:href="#sSpan5621" value="N"/>
		<feat xlink:href="#sSpan5623" value="PUNCT"/>
		<feat xlink:href="#sSpan5627" value="CONJ"/>
		<feat xlink:href="#sSpan5633" value="CFOC"/>
		<feat xlink:href="#sSpan5637" value="APST"/>
		<feat xlink:href="#sSpan5639" value="PPERS"/>
		<feat xlink:href="#sSpan5641" value="V"/>
		<feat xlink:href="#sSpan5644" value="PREP"/>
		<feat xlink:href="#sSpan5648" value="ART"/>
		<feat xlink:href="#sSpan5651" value="ART"/>
		<feat xlink:href="#sSpan5654" value="N"/>
		<feat xlink:href="#sSpan5657" value="PREP"/>
		<feat xlink:href="#sSpan5661" value="ART"/>
		<feat xlink:href="#sSpan5664" value="N"/>
		<feat xlink:href="#sSpan5666" value="CREL"/>
		<feat xlink:href="#sSpan5670" value="APST"/>
		<feat xlink:href="#sSpan5672" value="PPERS"/>
		<feat xlink:href="#sSpan5674" value="V"/>
		<feat xlink:href="#sSpan5676" value="PREP"/>
		<feat xlink:href="#sSpan5680" value="PPERO"/>
		<feat xlink:href="#sSpan5682" value="PUNCT"/>
		<feat xlink:href="#sSpan5686" value="ANEGAOR"/>
		<feat xlink:href="#sSpan5690" value="PPERS"/>
		<feat xlink:href="#sSpan5692" value="V"/>
		<feat xlink:href="#sSpan5694" value="ART"/>
		<feat xlink:href="#sSpan5697" value="N"/>
		<feat xlink:href="#sSpan5699" value="ADV"/>
		<feat xlink:href="#sSpan5703" value="CONJ"/>
		<feat xlink:href="#sSpan5707" value="EXIST"/>
		<feat xlink:href="#sSpan5710" value="N"/>
		<feat xlink:href="#sSpan5713" value="PUNCT"/>
		<feat xlink:href="#sSpan5717" value="VSTAT"/>
		<feat xlink:href="#sSpan5721" value="PUNCT"/>
		<feat xlink:href="#sSpan5725" value="APREC"/>
		<feat xlink:href="#sSpan5731" value="PPERS"/>
		<feat xlink:href="#sSpan5734" value="V"/>
		<feat xlink:href="#sSpan5737" value="PTC"/>
		<feat xlink:href="#sSpan5741" value="APST"/>
		<feat xlink:href="#sSpan5745" value="PPERS"/>
		<feat xlink:href="#sSpan5747" value="V"/>
		<feat xlink:href="#sSpan5749" value="ADV"/>
		<feat xlink:href="#sSpan5753" value="CONJ"/>
		<feat xlink:href="#sSpan5757" value="APST"/>
		<feat xlink:href="#sSpan5759" value="PPERS"/>
		<feat xlink:href="#sSpan5761" value="V"/>
		<feat xlink:href="#sSpan5763" value="ART"/>
		<feat xlink:href="#sSpan5766" value="N"/>
		<feat xlink:href="#sSpan5768" value="PREP"/>
		<feat xlink:href="#sSpan5772" value="N"/>
		<feat xlink:href="#sSpan5776" value="PREP"/>
		<feat xlink:href="#sSpan5780" value="PDEM"/>
		<feat xlink:href="#sSpan5783" value="ADV"/>
		<feat xlink:href="#sSpan5788" value="PREP"/>
		<feat xlink:href="#sSpan5792" value="PPERO"/>
		<feat xlink:href="#sSpan5794" value="PUNCT"/>
		<feat xlink:href="#sSpan5798" value="CONJ"/>
		<feat xlink:href="#sSpan5804" value="APST"/>
		<feat xlink:href="#sSpan5808" value="PPERS"/>
		<feat xlink:href="#sSpan5810" value="V"/>
		<feat xlink:href="#sSpan5813" value="ART"/>
		<feat xlink:href="#sSpan5815" value="N"/>
		<feat xlink:href="#sSpan5817" value="PREP"/>
		<feat xlink:href="#sSpan5821" value="PPOS"/>
		<feat xlink:href="#sSpan5825" value="N"/>
		<feat xlink:href="#sSpan5827" value="IMOD"/>
		<feat xlink:href="#sSpan5831" value="PPERO"/>
		<feat xlink:href="#sSpan5833" value="CREL"/>
		<feat xlink:href="#sSpan5837" value="APST"/>
		<feat xlink:href="#sSpan5839" value="PPERS"/>
		<feat xlink:href="#sSpan5841" value="V"/>
		<feat xlink:href="#sSpan5843" value="PPERO"/>
		<feat xlink:href="#sSpan5845" value="PUNCT"/>
		<feat xlink:href="#sSpan5849" value="CCIRC"/>
		<feat xlink:href="#sSpan5853" value="PPERS"/>
		<feat xlink:href="#sSpan5855" value="V"/>
		<feat xlink:href="#sSpan5858" value="PREP"/>
		<feat xlink:href="#sSpan5862" value="ART"/>
		<feat xlink:href="#sSpan5865" value="N"/>
		<feat xlink:href="#sSpan5867" value="PUNCT"/>
		<feat xlink:href="#sSpan5871" value="APST"/>
		<feat xlink:href="#sSpan5878" value="ART"/>
		<feat xlink:href="#sSpan5881" value="N"/>
		<feat xlink:href="#sSpan5883" value="V"/>
		<feat xlink:href="#sSpan5888" value="PREP"/>
		<feat xlink:href="#sSpan5892" value="PPOS"/>
		<feat xlink:href="#sSpan5896" value="N"/>
		<feat xlink:href="#sSpan5898" value="PUNCT"/>
		<feat xlink:href="#sSpan5902" value="CONJ"/>
		<feat xlink:href="#sSpan5908" value="APST"/>
		<feat xlink:href="#sSpan5912" value="ART"/>
		<feat xlink:href="#sSpan5916" value="N"/>
		<feat xlink:href="#sSpan5919" value="V"/>
		<feat xlink:href="#sSpan5924" value="PREP"/>
		<feat xlink:href="#sSpan5928" value="PPOS"/>
		<feat xlink:href="#sSpan5933" value="N"/>
		<feat xlink:href="#sSpan5935" value="PREP"/>
		<feat xlink:href="#sSpan5939" value="PPOS"/>
		<feat xlink:href="#sSpan5943" value="N"/>
		<feat xlink:href="#sSpan5945" value="PUNCT"/>
		<feat xlink:href="#sSpan5949" value="VBD"/>
		<feat xlink:href="#sSpan5955" value="PPERS"/>
		<feat xlink:href="#sSpan5958" value="PTC"/>
		<feat xlink:href="#sSpan5962" value="PREP"/>
		<feat xlink:href="#sSpan5966" value="PPERO"/>
		<feat xlink:href="#sSpan5969" value="PTC"/>
		<feat xlink:href="#sSpan5974" value="VBD"/>
		<feat xlink:href="#sSpan5980" value="PPERI"/>
		<feat xlink:href="#sSpan5984" value="CONJ"/>
		<feat xlink:href="#sSpan5988" value="APST"/>
		<feat xlink:href="#sSpan5990" value="PPERS"/>
		<feat xlink:href="#sSpan5992" value="V"/>
		<feat xlink:href="#sSpan5994" value="PREP"/>
		<feat xlink:href="#sSpan5998" value="N"/>
		<feat xlink:href="#sSpan6001" value="PREP"/>
		<feat xlink:href="#sSpan6005" value="PPOS"/>
		<feat xlink:href="#sSpan6008" value="N"/>
		<feat xlink:href="#sSpan6010" value="CREL"/>
		<feat xlink:href="#sSpan6014" value="VSTAT"/>
		<feat xlink:href="#sSpan6016" value="PUNCT"/>
		<feat xlink:href="#sSpan6020" value="CONJ"/>
		<feat xlink:href="#sSpan6025" value="APST"/>
		<feat xlink:href="#sSpan6029" value="PPERS"/>
		<feat xlink:href="#sSpan6031" value="V"/>
		<feat xlink:href="#sSpan6033" value="PREP"/>
		<feat xlink:href="#sSpan6037" value="N"/>
		<feat xlink:href="#sSpan6040" value="PREP"/>
		<feat xlink:href="#sSpan6044" value="PPOS"/>
		<feat xlink:href="#sSpan6047" value="N"/>
		<feat xlink:href="#sSpan6049" value="CREL"/>
		<feat xlink:href="#sSpan6053" value="VSTAT"/>
		<feat xlink:href="#sSpan6055" value="PUNCT"/>
		<feat xlink:href="#sSpan6059" value="VBD"/>
		<feat xlink:href="#sSpan6066" value="PPERS"/>
		<feat xlink:href="#sSpan6068" value="PTC"/>
		<feat xlink:href="#sSpan6072" value="PREP"/>
		<feat xlink:href="#sSpan6077" value="PPERO"/>
		<feat xlink:href="#sSpan6079" value="PUNCT"/>
		<feat xlink:href="#sSpan6083" value="CONJ"/>
		<feat xlink:href="#sSpan6087" value="V"/>
		<feat xlink:href="#sSpan6089" value="PPOS"/>
		<feat xlink:href="#sSpan6093" value="N"/>
		<feat xlink:href="#sSpan6096" value="PUNCT"/>
		<feat xlink:href="#sSpan6100" value="ACONJ"/>
		<feat xlink:href="#sSpan6104" value="PPERS"/>
		<feat xlink:href="#sSpan6106" value="V"/>
		<feat xlink:href="#sSpan6109" value="PREP"/>
		<feat xlink:href="#sSpan6114" value="ART"/>
		<feat xlink:href="#sSpan6117" value="N"/>
		<feat xlink:href="#sSpan6119" value="CCIRC"/>
		<feat xlink:href="#sSpan6123" value="PPERS"/>
		<feat xlink:href="#sSpan6125" value="PREP"/>
		<feat xlink:href="#sSpan6127" value="PPERO"/>
		<feat xlink:href="#sSpan6129" value="PUNCT"/>
		<feat xlink:href="#sSpan6133" value="APST"/>
		<feat xlink:href="#sSpan6139" value="PPERS"/>
		<feat xlink:href="#sSpan6141" value="V"/>
		<feat xlink:href="#sSpan6143" value="PUNCT"/>
		<feat xlink:href="#sSpan6147" value="APST"/>
		<feat xlink:href="#sSpan6153" value="PPERS"/>
		<feat xlink:href="#sSpan6155" value="V"/>
		<feat xlink:href="#sSpan6158" value="PREP"/>
		<feat xlink:href="#sSpan6162" value="PPOS"/>
		<feat xlink:href="#sSpan6165" value="N"/>
		<feat xlink:href="#sSpan6167" value="PUNCT"/>
		<feat xlink:href="#sSpan6171" value="PREP"/>
		<feat xlink:href="#sSpan6175" value="N"/>
		<feat xlink:href="#sSpan6178" value="NUM"/>
		<feat xlink:href="#sSpan6183" value="CONJ"/>
		<feat xlink:href="#sSpan6187" value="NUM"/>
		<feat xlink:href="#sSpan6191" value="PUNCT"/>
		<feat xlink:href="#sSpan6195" value="ART"/>
		<feat xlink:href="#sSpan6200" value="N"/>
		<feat xlink:href="#sSpan6202" value="ADV"/>
		<feat xlink:href="#sSpan6207" value="PUNCT"/>
		<feat xlink:href="#sSpan6211" value="COP"/>
		<feat xlink:href="#sSpan6215" value="ART"/>
		<feat xlink:href="#sSpan6220" value="N"/>
		<feat xlink:href="#sSpan6222" value="PREP"/>
		<feat xlink:href="#sSpan6226" value="PDEM"/>
		<feat xlink:href="#sSpan6229" value="N"/>
		<feat xlink:href="#sSpan6231" value="PREP"/>
		<feat xlink:href="#sSpan6236" value="N"/>
		<feat xlink:href="#sSpan6238" value="PUNCT"/>
		<feat xlink:href="#sSpan6242" value="CONJ"/>
		<feat xlink:href="#sSpan6247" value="ART"/>
		<feat xlink:href="#sSpan6252" value="N"/>
		<feat xlink:href="#sSpan6254" value="PREP"/>
		<feat xlink:href="#sSpan6258" value="N"/>
		<feat xlink:href="#sSpan6261" value="PTC"/>
		<feat xlink:href="#sSpan6265" value="PUNCT"/>
		<feat xlink:href="#sSpan6269" value="APST"/>
		<feat xlink:href="#sSpan6273" value="PPERS"/>
		<feat xlink:href="#sSpan6275" value="V"/>
		<feat xlink:href="#sSpan6278" value="PREP"/>
		<feat xlink:href="#sSpan6282" value="ART"/>
		<feat xlink:href="#sSpan6285" value="N"/>
		<feat xlink:href="#sSpan6288" value="PUNCT"/>
		<feat xlink:href="#sSpan6292" value="APREC"/>
		<feat xlink:href="#sSpan6298" value="PPERS"/>
		<feat xlink:href="#sSpan6300" value="V"/>
		<feat xlink:href="#sSpan6303" value="PTC"/>
		<feat xlink:href="#sSpan6307" value="ADV"/>
		<feat xlink:href="#sSpan6311" value="PREP"/>
		<feat xlink:href="#sSpan6315" value="ART"/>
		<feat xlink:href="#sSpan6318" value="N"/>
		<feat xlink:href="#sSpan6320" value="APST"/>
		<feat xlink:href="#sSpan6324" value="PPERS"/>
		<feat xlink:href="#sSpan6326" value="V"/>
		<feat xlink:href="#sSpan6328" value="N"/>
		<feat xlink:href="#sSpan6331" value="PPERO"/>
		<feat xlink:href="#sSpan6333" value="APST"/>
		<feat xlink:href="#sSpan6337" value="PPERS"/>
		<feat xlink:href="#sSpan6339" value="V"/>
		<feat xlink:href="#sSpan6341" value="PREP"/>
		<feat xlink:href="#sSpan6345" value="PPERO"/>
		<feat xlink:href="#sSpan6347" value="PUNCT"/></featList></paula>