<?xml version='1.0' encoding='UTF-8'?><!DOCTYPE paula SYSTEM "paula_mark.dtd">
<paula version="1.1">
	<header paula_id="40_Matthew_03.tok"/>
	<markList xmlns:xlink="http://www.w3.org/1999/xlink" type="tok" xml:base="40_Matthew_03.text.xml">
		<!--ϩⲣⲁⲓ-->
		<mark id="sTok1" xlink:href="#xpointer(string-range(//body,'',1,4))"/>
		<!--ⲇⲉ-->
		<mark id="sTok2" xlink:href="#xpointer(string-range(//body,'',6,2))"/>
		<!--ϩⲛ-->
		<mark id="sTok3" xlink:href="#xpointer(string-range(//body,'',9,2))"/>
		<!--ⲛⲉ-->
		<mark id="sTok4" xlink:href="#xpointer(string-range(//body,'',12,2))"/>
		<!--ϩⲟⲟⲩ-->
		<mark id="sTok5" xlink:href="#xpointer(string-range(//body,'',15,4))"/>
		<!--ⲉⲧ-->
		<mark id="sTok6" xlink:href="#xpointer(string-range(//body,'',20,2))"/>
		<!--ⲙⲙⲁⲩ-->
		<mark id="sTok7" xlink:href="#xpointer(string-range(//body,'',23,4))"/>
		<!--ⲁ-->
		<mark id="sTok8" xlink:href="#xpointer(string-range(//body,'',28,1))"/>
		<!--ϥ-->
		<mark id="sTok9" xlink:href="#xpointer(string-range(//body,'',30,1))"/>
		<!--ⲉⲓ-->
		<mark id="sTok10" xlink:href="#xpointer(string-range(//body,'',32,2))"/>
		<!--ⲛϭⲓ-->
		<mark id="sTok11" xlink:href="#xpointer(string-range(//body,'',35,3))"/>
		<!--ⲓⲱϩⲁⲛⲛⲏⲥ-->
		<mark id="sTok12" xlink:href="#xpointer(string-range(//body,'',39,8))"/>
		<!--ⲡ-->
		<mark id="sTok13" xlink:href="#xpointer(string-range(//body,'',48,1))"/>
		<!--ⲃⲁⲡⲧⲓⲥⲧⲏⲥ-->
		<mark id="sTok14" xlink:href="#xpointer(string-range(//body,'',50,9))"/>
		<!--ⲉ-->
		<mark id="sTok15" xlink:href="#xpointer(string-range(//body,'',60,1))"/>
		<!--ϥ-->
		<mark id="sTok16" xlink:href="#xpointer(string-range(//body,'',62,1))"/>
		<!--ⲧⲁϣⲉ-->
		<mark id="sTok17" xlink:href="#xpointer(string-range(//body,'',64,4))"/>
		<!--ⲟⲉⲓϣ-->
		<mark id="sTok18" xlink:href="#xpointer(string-range(//body,'',69,4))"/>
		<!--ϩⲣⲁⲓ-->
		<mark id="sTok19" xlink:href="#xpointer(string-range(//body,'',74,4))"/>
		<!--ϩⲙ-->
		<mark id="sTok20" xlink:href="#xpointer(string-range(//body,'',79,2))"/>
		<!--ⲡ-->
		<mark id="sTok21" xlink:href="#xpointer(string-range(//body,'',82,1))"/>
		<!--ϫⲁⲓⲉ-->
		<mark id="sTok22" xlink:href="#xpointer(string-range(//body,'',84,4))"/>
		<!--ⲛ-->
		<mark id="sTok23" xlink:href="#xpointer(string-range(//body,'',89,1))"/>
		<!--ⲧ-->
		<mark id="sTok24" xlink:href="#xpointer(string-range(//body,'',91,1))"/>
		<!--ⲓⲟⲩⲇⲁⲓⲁ-->
		<mark id="sTok25" xlink:href="#xpointer(string-range(//body,'',93,7))"/>
		<!--ⲉ-->
		<mark id="sTok26" xlink:href="#xpointer(string-range(//body,'',101,1))"/>
		<!--ϥ-->
		<mark id="sTok27" xlink:href="#xpointer(string-range(//body,'',103,1))"/>
		<!--ϫⲱ-->
		<mark id="sTok28" xlink:href="#xpointer(string-range(//body,'',105,2))"/>
		<!--ⲙⲙⲟ-->
		<mark id="sTok29" xlink:href="#xpointer(string-range(//body,'',108,3))"/>
		<!--ⲥ-->
		<mark id="sTok30" xlink:href="#xpointer(string-range(//body,'',112,1))"/>
		<!--ϫⲉ-->
		<mark id="sTok31" xlink:href="#xpointer(string-range(//body,'',114,2))"/>
		<!--ⲙⲉⲧⲁⲛⲟⲓ-->
		<mark id="sTok32" xlink:href="#xpointer(string-range(//body,'',117,7))"/>
		<!--.-->
		<mark id="sTok33" xlink:href="#xpointer(string-range(//body,'',125,1))"/>
		<!--ⲁ-->
		<mark id="sTok34" xlink:href="#xpointer(string-range(//body,'',127,1))"/>
		<!--ⲥ-->
		<mark id="sTok35" xlink:href="#xpointer(string-range(//body,'',129,1))"/>
		<!--ϩⲱⲛ-->
		<mark id="sTok36" xlink:href="#xpointer(string-range(//body,'',131,3))"/>
		<!--ⲅⲁⲣ-->
		<mark id="sTok37" xlink:href="#xpointer(string-range(//body,'',135,3))"/>
		<!--ⲉϩⲟⲩⲛ-->
		<mark id="sTok38" xlink:href="#xpointer(string-range(//body,'',139,5))"/>
		<!--ⲛϭⲓ-->
		<mark id="sTok39" xlink:href="#xpointer(string-range(//body,'',145,3))"/>
		<!--ⲧ-->
		<mark id="sTok40" xlink:href="#xpointer(string-range(//body,'',149,1))"/>
		<!--ⲙⲛⲧ-->
		<mark id="sTok41" xlink:href="#xpointer(string-range(//body,'',151,3))"/>
		<!--ⲣⲣⲟ-->
		<mark id="sTok42" xlink:href="#xpointer(string-range(//body,'',155,3))"/>
		<!--ⲛ-->
		<mark id="sTok43" xlink:href="#xpointer(string-range(//body,'',159,1))"/>
		<!--ⲙ-->
		<mark id="sTok44" xlink:href="#xpointer(string-range(//body,'',161,1))"/>
		<!--ⲡⲏⲩⲉ-->
		<mark id="sTok45" xlink:href="#xpointer(string-range(//body,'',163,4))"/>
		<!--.-->
		<mark id="sTok46" xlink:href="#xpointer(string-range(//body,'',168,1))"/>
		<!--ⲡⲁⲓ-->
		<mark id="sTok47" xlink:href="#xpointer(string-range(//body,'',170,3))"/>
		<!--ⲅⲁⲣ-->
		<mark id="sTok48" xlink:href="#xpointer(string-range(//body,'',174,3))"/>
		<!--ⲡ-->
		<mark id="sTok49" xlink:href="#xpointer(string-range(//body,'',178,1))"/>
		<!--ⲉⲛⲧ-->
		<mark id="sTok50" xlink:href="#xpointer(string-range(//body,'',180,3))"/>
		<!--ⲁ-->
		<mark id="sTok51" xlink:href="#xpointer(string-range(//body,'',184,1))"/>
		<!--ⲩ-->
		<mark id="sTok52" xlink:href="#xpointer(string-range(//body,'',186,1))"/>
		<!--ϫⲟⲟ-->
		<mark id="sTok53" xlink:href="#xpointer(string-range(//body,'',188,3))"/>
		<!--ϥ-->
		<mark id="sTok54" xlink:href="#xpointer(string-range(//body,'',192,1))"/>
		<!--ϩⲓⲧⲛ-->
		<mark id="sTok55" xlink:href="#xpointer(string-range(//body,'',194,4))"/>
		<!--ⲏⲥⲁⲓⲁⲥ-->
		<mark id="sTok56" xlink:href="#xpointer(string-range(//body,'',199,6))"/>
		<!--ⲡⲉ-->
		<mark id="sTok57" xlink:href="#xpointer(string-range(//body,'',206,2))"/>
		<!--ⲡⲣⲟⲫⲏⲧⲏⲥ-->
		<mark id="sTok58" xlink:href="#xpointer(string-range(//body,'',209,8))"/>
		<!--ⲉ-->
		<mark id="sTok59" xlink:href="#xpointer(string-range(//body,'',218,1))"/>
		<!--ϥ-->
		<mark id="sTok60" xlink:href="#xpointer(string-range(//body,'',220,1))"/>
		<!--ϫⲱ-->
		<mark id="sTok61" xlink:href="#xpointer(string-range(//body,'',222,2))"/>
		<!--ⲙⲙⲟ-->
		<mark id="sTok62" xlink:href="#xpointer(string-range(//body,'',225,3))"/>
		<!--ⲥ-->
		<mark id="sTok63" xlink:href="#xpointer(string-range(//body,'',229,1))"/>
		<!--ϫⲉ-->
		<mark id="sTok64" xlink:href="#xpointer(string-range(//body,'',231,2))"/>
		<!--ⲧⲉ-->
		<mark id="sTok65" xlink:href="#xpointer(string-range(//body,'',234,2))"/>
		<!--ⲥⲙⲏ-->
		<mark id="sTok66" xlink:href="#xpointer(string-range(//body,'',237,3))"/>
		<!--ⲙ-->
		<mark id="sTok67" xlink:href="#xpointer(string-range(//body,'',241,1))"/>
		<!--ⲡ-->
		<mark id="sTok68" xlink:href="#xpointer(string-range(//body,'',243,1))"/>
		<!--ⲉⲧ-->
		<mark id="sTok69" xlink:href="#xpointer(string-range(//body,'',245,2))"/>
		<!--ⲱϣ-->
		<mark id="sTok70" xlink:href="#xpointer(string-range(//body,'',248,2))"/>
		<!--ⲉⲃⲟⲗ-->
		<mark id="sTok71" xlink:href="#xpointer(string-range(//body,'',251,4))"/>
		<!--ϩⲓ-->
		<mark id="sTok72" xlink:href="#xpointer(string-range(//body,'',256,2))"/>
		<!--ⲡ-->
		<mark id="sTok73" xlink:href="#xpointer(string-range(//body,'',259,1))"/>
		<!--ϫⲁⲓⲉ-->
		<mark id="sTok74" xlink:href="#xpointer(string-range(//body,'',261,4))"/>
		<!--ϫⲉ-->
		<mark id="sTok75" xlink:href="#xpointer(string-range(//body,'',266,2))"/>
		<!--ⲥⲃⲧⲉ-->
		<mark id="sTok76" xlink:href="#xpointer(string-range(//body,'',269,4))"/>
		<!--ⲧⲉ-->
		<mark id="sTok77" xlink:href="#xpointer(string-range(//body,'',274,2))"/>
		<!--ϩⲓⲏ-->
		<mark id="sTok78" xlink:href="#xpointer(string-range(//body,'',277,3))"/>
		<!--ⲙ-->
		<mark id="sTok79" xlink:href="#xpointer(string-range(//body,'',281,1))"/>
		<!--ⲡ-->
		<mark id="sTok80" xlink:href="#xpointer(string-range(//body,'',283,1))"/>
		<!--ϫⲟⲉⲓⲥ-->
		<mark id="sTok81" xlink:href="#xpointer(string-range(//body,'',285,5))"/>
		<!--ⲛ-->
		<mark id="sTok82" xlink:href="#xpointer(string-range(//body,'',291,1))"/>
		<!--ⲧⲉⲧⲛ-->
		<mark id="sTok83" xlink:href="#xpointer(string-range(//body,'',293,4))"/>
		<!--ⲥⲟⲟⲩⲧⲛ-->
		<mark id="sTok84" xlink:href="#xpointer(string-range(//body,'',298,6))"/>
		<!--ⲛ-->
		<mark id="sTok85" xlink:href="#xpointer(string-range(//body,'',305,1))"/>
		<!--ⲛⲉϥ-->
		<mark id="sTok86" xlink:href="#xpointer(string-range(//body,'',307,3))"/>
		<!--ⲙⲁ-->
		<mark id="sTok87" xlink:href="#xpointer(string-range(//body,'',311,2))"/>
		<!--ⲛ-->
		<mark id="sTok88" xlink:href="#xpointer(string-range(//body,'',314,1))"/>
		<!--ⲙⲟⲟϣⲉ-->
		<mark id="sTok89" xlink:href="#xpointer(string-range(//body,'',316,5))"/>
		<!--.-->
		<mark id="sTok90" xlink:href="#xpointer(string-range(//body,'',322,1))"/>
		<!--ⲛⲧⲟϥ-->
		<mark id="sTok91" xlink:href="#xpointer(string-range(//body,'',324,4))"/>
		<!--ⲇⲉ-->
		<mark id="sTok92" xlink:href="#xpointer(string-range(//body,'',329,2))"/>
		<!--ⲓⲱϩⲁⲛⲛⲏⲥ-->
		<mark id="sTok93" xlink:href="#xpointer(string-range(//body,'',332,8))"/>
		<!--ⲛⲉⲣⲉ-->
		<mark id="sTok94" xlink:href="#xpointer(string-range(//body,'',341,4))"/>
		<!--ⲧⲉϥ-->
		<mark id="sTok95" xlink:href="#xpointer(string-range(//body,'',346,3))"/>
		<!--ϩⲃⲥⲱ-->
		<mark id="sTok96" xlink:href="#xpointer(string-range(//body,'',350,4))"/>
		<!--ϣⲟⲟⲡ-->
		<mark id="sTok97" xlink:href="#xpointer(string-range(//body,'',355,4))"/>
		<!--ⲉⲃⲟⲗ-->
		<mark id="sTok98" xlink:href="#xpointer(string-range(//body,'',360,4))"/>
		<!--ϩⲛ-->
		<mark id="sTok99" xlink:href="#xpointer(string-range(//body,'',365,2))"/>
		<!--ϩⲉⲛ-->
		<mark id="sTok100" xlink:href="#xpointer(string-range(//body,'',368,3))"/>
		<!--ⲃⲱ-->
		<mark id="sTok101" xlink:href="#xpointer(string-range(//body,'',372,2))"/>
		<!--ⲛ-->
		<mark id="sTok102" xlink:href="#xpointer(string-range(//body,'',375,1))"/>
		<!--ϭⲁⲙⲟⲩⲗ-->
		<mark id="sTok103" xlink:href="#xpointer(string-range(//body,'',377,6))"/>
		<!--.-->
		<mark id="sTok104" xlink:href="#xpointer(string-range(//body,'',384,1))"/>
		<!--ⲉⲣⲉ-->
		<mark id="sTok105" xlink:href="#xpointer(string-range(//body,'',386,3))"/>
		<!--ⲟⲩ-->
		<mark id="sTok106" xlink:href="#xpointer(string-range(//body,'',390,2))"/>
		<!--ⲙⲟϫϩ-->
		<mark id="sTok107" xlink:href="#xpointer(string-range(//body,'',393,4))"/>
		<!--ⲛ-->
		<mark id="sTok108" xlink:href="#xpointer(string-range(//body,'',398,1))"/>
		<!--ϣⲁⲁⲣ-->
		<mark id="sTok109" xlink:href="#xpointer(string-range(//body,'',400,4))"/>
		<!--ϭⲟⲟⲗⲉ-->
		<mark id="sTok110" xlink:href="#xpointer(string-range(//body,'',405,5))"/>
		<!--ⲉ-->
		<mark id="sTok111" xlink:href="#xpointer(string-range(//body,'',411,1))"/>
		<!--ⲧⲉϥ-->
		<mark id="sTok112" xlink:href="#xpointer(string-range(//body,'',413,3))"/>
		<!--ϯⲡⲉ-->
		<mark id="sTok113" xlink:href="#xpointer(string-range(//body,'',417,3))"/>
		<!--.-->
		<mark id="sTok114" xlink:href="#xpointer(string-range(//body,'',421,1))"/>
		<!--ⲧⲉϥ-->
		<mark id="sTok115" xlink:href="#xpointer(string-range(//body,'',423,3))"/>
		<!--ϩⲣⲉ-->
		<mark id="sTok116" xlink:href="#xpointer(string-range(//body,'',427,3))"/>
		<!--ⲇⲉ-->
		<mark id="sTok117" xlink:href="#xpointer(string-range(//body,'',431,2))"/>
		<!--ⲛⲉ-->
		<mark id="sTok118" xlink:href="#xpointer(string-range(//body,'',434,2))"/>
		<!--ϩⲉⲛ-->
		<mark id="sTok119" xlink:href="#xpointer(string-range(//body,'',437,3))"/>
		<!--ϣϫⲉ-->
		<mark id="sTok120" xlink:href="#xpointer(string-range(//body,'',441,3))"/>
		<!--ⲛⲉ-->
		<mark id="sTok121" xlink:href="#xpointer(string-range(//body,'',445,2))"/>
		<!--ⲙⲛ-->
		<mark id="sTok122" xlink:href="#xpointer(string-range(//body,'',448,2))"/>
		<!--ⲟⲩ-->
		<mark id="sTok123" xlink:href="#xpointer(string-range(//body,'',451,2))"/>
		<!--ⲉⲃⲓⲉ-->
		<mark id="sTok124" xlink:href="#xpointer(string-range(//body,'',454,4))"/>
		<!--ϩⲟⲟⲩ-->
		<mark id="sTok125" xlink:href="#xpointer(string-range(//body,'',459,4))"/>
		<!--ⲧ-->
		<mark id="sTok126" xlink:href="#xpointer(string-range(//body,'',464,1))"/>
		<!--.-->
		<mark id="sTok127" xlink:href="#xpointer(string-range(//body,'',466,1))"/>
		<!--ⲧⲟⲧⲉ-->
		<mark id="sTok128" xlink:href="#xpointer(string-range(//body,'',468,4))"/>
		<!--ⲛⲉ-->
		<mark id="sTok129" xlink:href="#xpointer(string-range(//body,'',473,2))"/>
		<!--ⲥⲛⲏⲩ-->
		<mark id="sTok130" xlink:href="#xpointer(string-range(//body,'',476,4))"/>
		<!--ⲉⲃⲟⲗ-->
		<mark id="sTok131" xlink:href="#xpointer(string-range(//body,'',481,4))"/>
		<!--ⲉⲣⲁⲧ-->
		<mark id="sTok132" xlink:href="#xpointer(string-range(//body,'',486,4))"/>
		<!--ϥ-->
		<mark id="sTok133" xlink:href="#xpointer(string-range(//body,'',491,1))"/>
		<!--ⲛϭⲓ-->
		<mark id="sTok134" xlink:href="#xpointer(string-range(//body,'',493,3))"/>
		<!--ⲧ-->
		<mark id="sTok135" xlink:href="#xpointer(string-range(//body,'',497,1))"/>
		<!--ϩⲓⲉⲣⲟⲥⲟⲗⲩⲙⲁ-->
		<mark id="sTok136" xlink:href="#xpointer(string-range(//body,'',499,11))"/>
		<!--ⲧⲏⲣ-->
		<mark id="sTok137" xlink:href="#xpointer(string-range(//body,'',511,3))"/>
		<!--ⲥ-->
		<mark id="sTok138" xlink:href="#xpointer(string-range(//body,'',515,1))"/>
		<!--.-->
		<mark id="sTok139" xlink:href="#xpointer(string-range(//body,'',517,1))"/>
		<!--ⲙⲛ-->
		<mark id="sTok140" xlink:href="#xpointer(string-range(//body,'',519,2))"/>
		<!--ⲧ-->
		<mark id="sTok141" xlink:href="#xpointer(string-range(//body,'',522,1))"/>
		<!--ⲓⲟⲩⲇⲁⲓⲁ-->
		<mark id="sTok142" xlink:href="#xpointer(string-range(//body,'',524,7))"/>
		<!--ⲙⲛ-->
		<mark id="sTok143" xlink:href="#xpointer(string-range(//body,'',532,2))"/>
		<!--ⲧ-->
		<mark id="sTok144" xlink:href="#xpointer(string-range(//body,'',535,1))"/>
		<!--ⲡⲉⲣⲓⲭⲱⲣⲟⲥ-->
		<mark id="sTok145" xlink:href="#xpointer(string-range(//body,'',537,9))"/>
		<!--ⲧⲏⲣ-->
		<mark id="sTok146" xlink:href="#xpointer(string-range(//body,'',547,3))"/>
		<!--ⲥ-->
		<mark id="sTok147" xlink:href="#xpointer(string-range(//body,'',551,1))"/>
		<!--ⲙ-->
		<mark id="sTok148" xlink:href="#xpointer(string-range(//body,'',553,1))"/>
		<!--ⲡⲉ-->
		<mark id="sTok149" xlink:href="#xpointer(string-range(//body,'',555,2))"/>
		<!--ⲓⲟⲣⲇⲁⲛⲏⲥ-->
		<mark id="sTok150" xlink:href="#xpointer(string-range(//body,'',558,8))"/>
		<!--.-->
		<mark id="sTok151" xlink:href="#xpointer(string-range(//body,'',567,1))"/>
		<!--ⲉ-->
		<mark id="sTok152" xlink:href="#xpointer(string-range(//body,'',569,1))"/>
		<!--ⲩ-->
		<mark id="sTok153" xlink:href="#xpointer(string-range(//body,'',571,1))"/>
		<!--ϫⲓ-->
		<mark id="sTok154" xlink:href="#xpointer(string-range(//body,'',573,2))"/>
		<!--ⲃⲁⲡⲧⲓⲥⲙⲁ-->
		<mark id="sTok155" xlink:href="#xpointer(string-range(//body,'',576,8))"/>
		<!--ⲉⲃⲟⲗ-->
		<mark id="sTok156" xlink:href="#xpointer(string-range(//body,'',585,4))"/>
		<!--ϩⲓⲧⲟⲟⲧ-->
		<mark id="sTok157" xlink:href="#xpointer(string-range(//body,'',590,6))"/>
		<!--ϥ-->
		<mark id="sTok158" xlink:href="#xpointer(string-range(//body,'',597,1))"/>
		<!--ϩⲙ-->
		<mark id="sTok159" xlink:href="#xpointer(string-range(//body,'',599,2))"/>
		<!--ⲡⲉ-->
		<mark id="sTok160" xlink:href="#xpointer(string-range(//body,'',602,2))"/>
		<!--ⲓⲟⲣⲇⲁⲛⲏⲥ-->
		<mark id="sTok161" xlink:href="#xpointer(string-range(//body,'',605,8))"/>
		<!--ⲡ-->
		<mark id="sTok162" xlink:href="#xpointer(string-range(//body,'',614,1))"/>
		<!--ⲉⲓⲉⲣⲟ-->
		<mark id="sTok163" xlink:href="#xpointer(string-range(//body,'',616,5))"/>
		<!--ⲉ-->
		<mark id="sTok164" xlink:href="#xpointer(string-range(//body,'',622,1))"/>
		<!--ⲩ-->
		<mark id="sTok165" xlink:href="#xpointer(string-range(//body,'',624,1))"/>
		<!--ⲉⲝⲟⲙⲟⲗⲟⲅⲉⲓ-->
		<mark id="sTok166" xlink:href="#xpointer(string-range(//body,'',626,10))"/>
		<!--ⲛ-->
		<mark id="sTok167" xlink:href="#xpointer(string-range(//body,'',637,1))"/>
		<!--ⲛⲉⲩ-->
		<mark id="sTok168" xlink:href="#xpointer(string-range(//body,'',639,3))"/>
		<!--ⲛⲟⲃⲉ-->
		<mark id="sTok169" xlink:href="#xpointer(string-range(//body,'',643,4))"/>
		<!--.-->
		<mark id="sTok170" xlink:href="#xpointer(string-range(//body,'',648,1))"/>
		<!--ⲛⲧⲉⲣⲉ-->
		<mark id="sTok171" xlink:href="#xpointer(string-range(//body,'',650,5))"/>
		<!--ϥ-->
		<mark id="sTok172" xlink:href="#xpointer(string-range(//body,'',656,1))"/>
		<!--ⲛⲁⲩ-->
		<mark id="sTok173" xlink:href="#xpointer(string-range(//body,'',658,3))"/>
		<!--ⲇⲉ-->
		<mark id="sTok174" xlink:href="#xpointer(string-range(//body,'',662,2))"/>
		<!--ⲉ-->
		<mark id="sTok175" xlink:href="#xpointer(string-range(//body,'',665,1))"/>
		<!--ϩⲁϩ-->
		<mark id="sTok176" xlink:href="#xpointer(string-range(//body,'',667,3))"/>
		<!--ϩⲛ-->
		<mark id="sTok177" xlink:href="#xpointer(string-range(//body,'',671,2))"/>
		<!--ⲛⲉ-->
		<mark id="sTok178" xlink:href="#xpointer(string-range(//body,'',674,2))"/>
		<!--ⲫⲁⲣⲓⲥⲥⲁⲓⲟⲥ-->
		<mark id="sTok179" xlink:href="#xpointer(string-range(//body,'',677,10))"/>
		<!--ⲙⲛ-->
		<mark id="sTok180" xlink:href="#xpointer(string-range(//body,'',688,2))"/>
		<!--ⲛ-->
		<mark id="sTok181" xlink:href="#xpointer(string-range(//body,'',691,1))"/>
		<!--ⲥⲁⲇⲇⲟⲩⲕⲁⲓⲟⲥ-->
		<mark id="sTok182" xlink:href="#xpointer(string-range(//body,'',693,11))"/>
		<!--ⲉ-->
		<mark id="sTok183" xlink:href="#xpointer(string-range(//body,'',705,1))"/>
		<!--ⲩ-->
		<mark id="sTok184" xlink:href="#xpointer(string-range(//body,'',707,1))"/>
		<!--ⲛⲏⲩ-->
		<mark id="sTok185" xlink:href="#xpointer(string-range(//body,'',709,3))"/>
		<!--ⲉϫⲙ-->
		<mark id="sTok186" xlink:href="#xpointer(string-range(//body,'',713,3))"/>
		<!--ⲡ-->
		<mark id="sTok187" xlink:href="#xpointer(string-range(//body,'',717,1))"/>
		<!--ⲃⲁⲡⲧⲓⲥⲙⲁ-->
		<mark id="sTok188" xlink:href="#xpointer(string-range(//body,'',719,8))"/>
		<!--ⲡⲉϫⲁ-->
		<mark id="sTok189" xlink:href="#xpointer(string-range(//body,'',728,4))"/>
		<!--ϥ-->
		<mark id="sTok190" xlink:href="#xpointer(string-range(//body,'',733,1))"/>
		<!--ⲛⲁ-->
		<mark id="sTok191" xlink:href="#xpointer(string-range(//body,'',735,2))"/>
		<!--ⲩ-->
		<mark id="sTok192" xlink:href="#xpointer(string-range(//body,'',738,1))"/>
		<!--.-->
		<mark id="sTok193" xlink:href="#xpointer(string-range(//body,'',740,1))"/>
		<!--ϫⲉ-->
		<mark id="sTok194" xlink:href="#xpointer(string-range(//body,'',742,2))"/>
		<!--ⲛⲉ-->
		<mark id="sTok195" xlink:href="#xpointer(string-range(//body,'',745,2))"/>
		<!--ϫⲡⲟ-->
		<mark id="sTok196" xlink:href="#xpointer(string-range(//body,'',748,3))"/>
		<!--ⲛ-->
		<mark id="sTok197" xlink:href="#xpointer(string-range(//body,'',752,1))"/>
		<!--ⲛⲉϩⲃⲟⲩⲓ-->
		<mark id="sTok198" xlink:href="#xpointer(string-range(//body,'',754,7))"/>
		<!--.-->
		<mark id="sTok199" xlink:href="#xpointer(string-range(//body,'',762,1))"/>
		<!--ⲛⲓⲙ-->
		<mark id="sTok200" xlink:href="#xpointer(string-range(//body,'',764,3))"/>
		<!--ⲡ-->
		<mark id="sTok201" xlink:href="#xpointer(string-range(//body,'',768,1))"/>
		<!--ⲉⲛⲧ-->
		<mark id="sTok202" xlink:href="#xpointer(string-range(//body,'',770,3))"/>
		<!--ⲁ-->
		<mark id="sTok203" xlink:href="#xpointer(string-range(//body,'',774,1))"/>
		<!--ϥ-->
		<mark id="sTok204" xlink:href="#xpointer(string-range(//body,'',776,1))"/>
		<!--ⲧⲥⲁⲃⲉ-->
		<mark id="sTok205" xlink:href="#xpointer(string-range(//body,'',778,5))"/>
		<!--ⲧⲏⲩⲧⲛ-->
		<mark id="sTok206" xlink:href="#xpointer(string-range(//body,'',784,5))"/>
		<!--ⲉ-->
		<mark id="sTok207" xlink:href="#xpointer(string-range(//body,'',790,1))"/>
		<!--ⲡⲱⲧ-->
		<mark id="sTok208" xlink:href="#xpointer(string-range(//body,'',792,3))"/>
		<!--ⲉⲃⲟⲗ-->
		<mark id="sTok209" xlink:href="#xpointer(string-range(//body,'',796,4))"/>
		<!--ϩⲏⲧ-->
		<mark id="sTok210" xlink:href="#xpointer(string-range(//body,'',801,3))"/>
		<!--ⲥ-->
		<mark id="sTok211" xlink:href="#xpointer(string-range(//body,'',805,1))"/>
		<!--ⲛ-->
		<mark id="sTok212" xlink:href="#xpointer(string-range(//body,'',807,1))"/>
		<!--ⲧ-->
		<mark id="sTok213" xlink:href="#xpointer(string-range(//body,'',809,1))"/>
		<!--ⲟⲣⲅⲏ-->
		<mark id="sTok214" xlink:href="#xpointer(string-range(//body,'',811,4))"/>
		<!--ⲉⲧ-->
		<mark id="sTok215" xlink:href="#xpointer(string-range(//body,'',816,2))"/>
		<!--ⲛⲏⲩ-->
		<mark id="sTok216" xlink:href="#xpointer(string-range(//body,'',819,3))"/>
		<!--.-->
		<mark id="sTok217" xlink:href="#xpointer(string-range(//body,'',823,1))"/>
		<!--ⲁⲣ-->
		<mark id="sTok218" xlink:href="#xpointer(string-range(//body,'',825,2))"/>
		<!--ⲓⲣⲉ-->
		<mark id="sTok219" xlink:href="#xpointer(string-range(//body,'',828,3))"/>
		<!--ϭⲉ-->
		<mark id="sTok220" xlink:href="#xpointer(string-range(//body,'',832,2))"/>
		<!--ⲛ-->
		<mark id="sTok221" xlink:href="#xpointer(string-range(//body,'',835,1))"/>
		<!--ⲟⲩ-->
		<mark id="sTok222" xlink:href="#xpointer(string-range(//body,'',837,2))"/>
		<!--ⲕⲁⲣⲡⲟⲥ-->
		<mark id="sTok223" xlink:href="#xpointer(string-range(//body,'',840,6))"/>
		<!--ⲉ-->
		<mark id="sTok224" xlink:href="#xpointer(string-range(//body,'',847,1))"/>
		<!--ϥ-->
		<mark id="sTok225" xlink:href="#xpointer(string-range(//body,'',849,1))"/>
		<!--ⲙⲡϣⲁ-->
		<mark id="sTok226" xlink:href="#xpointer(string-range(//body,'',851,4))"/>
		<!--ⲛ-->
		<mark id="sTok227" xlink:href="#xpointer(string-range(//body,'',856,1))"/>
		<!--ⲧ-->
		<mark id="sTok228" xlink:href="#xpointer(string-range(//body,'',858,1))"/>
		<!--ⲙⲉⲧⲁⲛⲟⲓⲁ-->
		<mark id="sTok229" xlink:href="#xpointer(string-range(//body,'',860,8))"/>
		<!--.-->
		<mark id="sTok230" xlink:href="#xpointer(string-range(//body,'',869,1))"/>
		<!--ⲛ-->
		<mark id="sTok231" xlink:href="#xpointer(string-range(//body,'',871,1))"/>
		<!--ⲧⲉⲧⲛ-->
		<mark id="sTok232" xlink:href="#xpointer(string-range(//body,'',873,4))"/>
		<!--ⲧⲙ-->
		<mark id="sTok233" xlink:href="#xpointer(string-range(//body,'',878,2))"/>
		<!--ⲙⲉⲉⲩⲉ-->
		<mark id="sTok234" xlink:href="#xpointer(string-range(//body,'',881,5))"/>
		<!--ⲉ-->
		<mark id="sTok235" xlink:href="#xpointer(string-range(//body,'',887,1))"/>
		<!--ϫⲟⲟ-->
		<mark id="sTok236" xlink:href="#xpointer(string-range(//body,'',889,3))"/>
		<!--ⲥ-->
		<mark id="sTok237" xlink:href="#xpointer(string-range(//body,'',893,1))"/>
		<!--ⲛϩⲏⲧ-->
		<mark id="sTok238" xlink:href="#xpointer(string-range(//body,'',895,4))"/>
		<!--ⲧⲏⲩⲧⲛ-->
		<mark id="sTok239" xlink:href="#xpointer(string-range(//body,'',900,5))"/>
		<!--.-->
		<mark id="sTok240" xlink:href="#xpointer(string-range(//body,'',906,1))"/>
		<!--ϫⲉ-->
		<mark id="sTok241" xlink:href="#xpointer(string-range(//body,'',908,2))"/>
		<!--ⲟⲩⲛⲧⲁ-->
		<mark id="sTok242" xlink:href="#xpointer(string-range(//body,'',911,5))"/>
		<!--ⲛ-->
		<mark id="sTok243" xlink:href="#xpointer(string-range(//body,'',917,1))"/>
		<!--ⲙⲙⲁⲩ-->
		<mark id="sTok244" xlink:href="#xpointer(string-range(//body,'',919,4))"/>
		<!--ⲙ-->
		<mark id="sTok245" xlink:href="#xpointer(string-range(//body,'',924,1))"/>
		<!--ⲡⲉⲛ-->
		<mark id="sTok246" xlink:href="#xpointer(string-range(//body,'',926,3))"/>
		<!--ⲉⲓⲱⲧ-->
		<mark id="sTok247" xlink:href="#xpointer(string-range(//body,'',930,4))"/>
		<!--ⲁⲃⲣⲁϩⲁⲙ-->
		<mark id="sTok248" xlink:href="#xpointer(string-range(//body,'',935,7))"/>
		<!--.-->
		<mark id="sTok249" xlink:href="#xpointer(string-range(//body,'',943,1))"/>
		<!--ϯ-->
		<mark id="sTok250" xlink:href="#xpointer(string-range(//body,'',945,1))"/>
		<!--ϫⲱ-->
		<mark id="sTok251" xlink:href="#xpointer(string-range(//body,'',947,2))"/>
		<!--ⲅⲁⲣ-->
		<mark id="sTok252" xlink:href="#xpointer(string-range(//body,'',950,3))"/>
		<!--ⲙⲙⲟ-->
		<mark id="sTok253" xlink:href="#xpointer(string-range(//body,'',954,3))"/>
		<!--ⲥ-->
		<mark id="sTok254" xlink:href="#xpointer(string-range(//body,'',958,1))"/>
		<!--ⲛⲏ-->
		<mark id="sTok255" xlink:href="#xpointer(string-range(//body,'',960,2))"/>
		<!--ⲧⲛ-->
		<mark id="sTok256" xlink:href="#xpointer(string-range(//body,'',963,2))"/>
		<!--ϫⲉ-->
		<mark id="sTok257" xlink:href="#xpointer(string-range(//body,'',966,2))"/>
		<!--ⲟⲩⲛ-->
		<mark id="sTok258" xlink:href="#xpointer(string-range(//body,'',969,3))"/>
		<!--ϭⲟⲙ-->
		<mark id="sTok259" xlink:href="#xpointer(string-range(//body,'',973,3))"/>
		<!--ⲙ-->
		<mark id="sTok260" xlink:href="#xpointer(string-range(//body,'',977,1))"/>
		<!--ⲡ-->
		<mark id="sTok261" xlink:href="#xpointer(string-range(//body,'',979,1))"/>
		<!--ⲛⲟⲩⲧⲉ-->
		<mark id="sTok262" xlink:href="#xpointer(string-range(//body,'',981,5))"/>
		<!--ⲉ-->
		<mark id="sTok263" xlink:href="#xpointer(string-range(//body,'',987,1))"/>
		<!--ⲧⲟⲩⲛⲉⲥ-->
		<mark id="sTok264" xlink:href="#xpointer(string-range(//body,'',989,6))"/>
		<!--ϩⲉⲛ-->
		<mark id="sTok265" xlink:href="#xpointer(string-range(//body,'',996,3))"/>
		<!--ϣⲏⲣⲉ-->
		<mark id="sTok266" xlink:href="#xpointer(string-range(//body,'',1000,4))"/>
		<!--ⲛ-->
		<mark id="sTok267" xlink:href="#xpointer(string-range(//body,'',1005,1))"/>
		<!--ⲁⲃⲣⲁϩⲁⲙ-->
		<mark id="sTok268" xlink:href="#xpointer(string-range(//body,'',1007,7))"/>
		<!--ⲉⲃⲟⲗ-->
		<mark id="sTok269" xlink:href="#xpointer(string-range(//body,'',1015,4))"/>
		<!--ϩⲛ-->
		<mark id="sTok270" xlink:href="#xpointer(string-range(//body,'',1020,2))"/>
		<!--ⲛⲉⲓ-->
		<mark id="sTok271" xlink:href="#xpointer(string-range(//body,'',1023,3))"/>
		<!--ⲱⲛⲉ-->
		<mark id="sTok272" xlink:href="#xpointer(string-range(//body,'',1027,3))"/>
		<!--.-->
		<mark id="sTok273" xlink:href="#xpointer(string-range(//body,'',1031,1))"/>
		<!--ϫⲓⲛ-->
		<mark id="sTok274" xlink:href="#xpointer(string-range(//body,'',1033,3))"/>
		<!--ⲧⲉⲛⲟⲩ-->
		<mark id="sTok275" xlink:href="#xpointer(string-range(//body,'',1037,5))"/>
		<!--ⲇⲉ-->
		<mark id="sTok276" xlink:href="#xpointer(string-range(//body,'',1043,2))"/>
		<!--ⲡ-->
		<mark id="sTok277" xlink:href="#xpointer(string-range(//body,'',1046,1))"/>
		<!--ⲕⲉⲗⲉⲃⲓⲛ-->
		<mark id="sTok278" xlink:href="#xpointer(string-range(//body,'',1048,7))"/>
		<!--ⲕⲏ-->
		<mark id="sTok279" xlink:href="#xpointer(string-range(//body,'',1056,2))"/>
		<!--ϩⲁ-->
		<mark id="sTok280" xlink:href="#xpointer(string-range(//body,'',1059,2))"/>
		<!--ⲧ-->
		<mark id="sTok281" xlink:href="#xpointer(string-range(//body,'',1062,1))"/>
		<!--ⲛⲟⲩⲛⲉ-->
		<mark id="sTok282" xlink:href="#xpointer(string-range(//body,'',1064,5))"/>
		<!--ⲛ-->
		<mark id="sTok283" xlink:href="#xpointer(string-range(//body,'',1070,1))"/>
		<!--ⲛ-->
		<mark id="sTok284" xlink:href="#xpointer(string-range(//body,'',1072,1))"/>
		<!--ϣⲏⲛ-->
		<mark id="sTok285" xlink:href="#xpointer(string-range(//body,'',1074,3))"/>
		<!--.-->
		<mark id="sTok286" xlink:href="#xpointer(string-range(//body,'',1078,1))"/>
		<!--ϣⲏⲛ-->
		<mark id="sTok287" xlink:href="#xpointer(string-range(//body,'',1080,3))"/>
		<!--ϭⲉ-->
		<mark id="sTok288" xlink:href="#xpointer(string-range(//body,'',1084,2))"/>
		<!--ⲛⲓⲙ-->
		<mark id="sTok289" xlink:href="#xpointer(string-range(//body,'',1087,3))"/>
		<!--ⲉⲧⲉ-->
		<mark id="sTok290" xlink:href="#xpointer(string-range(//body,'',1091,3))"/>
		<!--ⲛ-->
		<mark id="sTok291" xlink:href="#xpointer(string-range(//body,'',1095,1))"/>
		<!--ϥ-->
		<mark id="sTok292" xlink:href="#xpointer(string-range(//body,'',1097,1))"/>
		<!--ⲛⲁ-->
		<mark id="sTok293" xlink:href="#xpointer(string-range(//body,'',1099,2))"/>
		<!--ⲉⲓⲣⲉ-->
		<mark id="sTok294" xlink:href="#xpointer(string-range(//body,'',1102,4))"/>
		<!--ⲁⲛ-->
		<mark id="sTok295" xlink:href="#xpointer(string-range(//body,'',1107,2))"/>
		<!--ⲛ-->
		<mark id="sTok296" xlink:href="#xpointer(string-range(//body,'',1110,1))"/>
		<!--ⲟⲩ-->
		<mark id="sTok297" xlink:href="#xpointer(string-range(//body,'',1112,2))"/>
		<!--ⲕⲁⲣⲡⲟⲥ-->
		<mark id="sTok298" xlink:href="#xpointer(string-range(//body,'',1115,6))"/>
		<!--ⲉ-->
		<mark id="sTok299" xlink:href="#xpointer(string-range(//body,'',1122,1))"/>
		<!--ⲛⲁ-->
		<mark id="sTok300" xlink:href="#xpointer(string-range(//body,'',1124,2))"/>
		<!--ⲛⲟⲩϥ-->
		<mark id="sTok301" xlink:href="#xpointer(string-range(//body,'',1127,4))"/>
		<!--ⲥⲉ-->
		<mark id="sTok302" xlink:href="#xpointer(string-range(//body,'',1132,2))"/>
		<!--ⲛⲁ-->
		<mark id="sTok303" xlink:href="#xpointer(string-range(//body,'',1135,2))"/>
		<!--ⲕⲟⲟⲣⲉ-->
		<mark id="sTok304" xlink:href="#xpointer(string-range(//body,'',1138,5))"/>
		<!--ϥ-->
		<mark id="sTok305" xlink:href="#xpointer(string-range(//body,'',1144,1))"/>
		<!--ⲛ-->
		<mark id="sTok306" xlink:href="#xpointer(string-range(//body,'',1146,1))"/>
		<!--ⲥⲉ-->
		<mark id="sTok307" xlink:href="#xpointer(string-range(//body,'',1148,2))"/>
		<!--ⲛⲟϫ-->
		<mark id="sTok308" xlink:href="#xpointer(string-range(//body,'',1151,3))"/>
		<!--ϥ-->
		<mark id="sTok309" xlink:href="#xpointer(string-range(//body,'',1155,1))"/>
		<!--ⲉ-->
		<mark id="sTok310" xlink:href="#xpointer(string-range(//body,'',1157,1))"/>
		<!--ⲧ-->
		<mark id="sTok311" xlink:href="#xpointer(string-range(//body,'',1159,1))"/>
		<!--ⲥⲁⲧⲉ-->
		<mark id="sTok312" xlink:href="#xpointer(string-range(//body,'',1161,4))"/>
		<!--.-->
		<mark id="sTok313" xlink:href="#xpointer(string-range(//body,'',1166,1))"/>
		<!--ⲁⲛⲟⲕ-->
		<mark id="sTok314" xlink:href="#xpointer(string-range(//body,'',1168,4))"/>
		<!--ⲙⲉⲛ-->
		<mark id="sTok315" xlink:href="#xpointer(string-range(//body,'',1173,3))"/>
		<!--ⲉ-->
		<mark id="sTok316" xlink:href="#xpointer(string-range(//body,'',1177,1))"/>
		<!--ⲓ-->
		<mark id="sTok317" xlink:href="#xpointer(string-range(//body,'',1179,1))"/>
		<!--ⲃⲁⲡⲧⲓⲍⲉ-->
		<mark id="sTok318" xlink:href="#xpointer(string-range(//body,'',1181,7))"/>
		<!--ⲙⲙⲱ-->
		<mark id="sTok319" xlink:href="#xpointer(string-range(//body,'',1189,3))"/>
		<!--ⲧⲛ-->
		<mark id="sTok320" xlink:href="#xpointer(string-range(//body,'',1193,2))"/>
		<!--ϩⲛ-->
		<mark id="sTok321" xlink:href="#xpointer(string-range(//body,'',1196,2))"/>
		<!--ⲟⲩ-->
		<mark id="sTok322" xlink:href="#xpointer(string-range(//body,'',1199,2))"/>
		<!--ⲙⲟⲟⲩ-->
		<mark id="sTok323" xlink:href="#xpointer(string-range(//body,'',1202,4))"/>
		<!--ⲉ-->
		<mark id="sTok324" xlink:href="#xpointer(string-range(//body,'',1207,1))"/>
		<!--ⲩ-->
		<mark id="sTok325" xlink:href="#xpointer(string-range(//body,'',1209,1))"/>
		<!--ⲙⲉⲧⲁⲛⲟⲓⲁ-->
		<mark id="sTok326" xlink:href="#xpointer(string-range(//body,'',1211,8))"/>
		<!--.-->
		<mark id="sTok327" xlink:href="#xpointer(string-range(//body,'',1220,1))"/>
		<!--ⲡ-->
		<mark id="sTok328" xlink:href="#xpointer(string-range(//body,'',1222,1))"/>
		<!--ⲉⲧ-->
		<mark id="sTok329" xlink:href="#xpointer(string-range(//body,'',1224,2))"/>
		<!--ⲛⲏⲩ-->
		<mark id="sTok330" xlink:href="#xpointer(string-range(//body,'',1227,3))"/>
		<!--ⲇⲉ-->
		<mark id="sTok331" xlink:href="#xpointer(string-range(//body,'',1231,2))"/>
		<!--ϥ-->
		<mark id="sTok332" xlink:href="#xpointer(string-range(//body,'',1234,1))"/>
		<!--ϫⲟⲟⲣ-->
		<mark id="sTok333" xlink:href="#xpointer(string-range(//body,'',1236,4))"/>
		<!--ⲉⲣⲟ-->
		<mark id="sTok334" xlink:href="#xpointer(string-range(//body,'',1241,3))"/>
		<!--ⲓ-->
		<mark id="sTok335" xlink:href="#xpointer(string-range(//body,'',1245,1))"/>
		<!--ⲡⲁⲓ-->
		<mark id="sTok336" xlink:href="#xpointer(string-range(//body,'',1247,3))"/>
		<!--ⲛ-->
		<mark id="sTok337" xlink:href="#xpointer(string-range(//body,'',1251,1))"/>
		<!--ϯ-->
		<mark id="sTok338" xlink:href="#xpointer(string-range(//body,'',1253,1))"/>
		<!--ⲙⲡϣⲁ-->
		<mark id="sTok339" xlink:href="#xpointer(string-range(//body,'',1255,4))"/>
		<!--ⲁⲛ-->
		<mark id="sTok340" xlink:href="#xpointer(string-range(//body,'',1260,2))"/>
		<!--ⲛ-->
		<mark id="sTok341" xlink:href="#xpointer(string-range(//body,'',1263,1))"/>
		<!--ϥ-->
		<mark id="sTok342" xlink:href="#xpointer(string-range(//body,'',1265,1))"/>
		<!--ⲓ-->
		<mark id="sTok343" xlink:href="#xpointer(string-range(//body,'',1267,1))"/>
		<!--ϩⲁ-->
		<mark id="sTok344" xlink:href="#xpointer(string-range(//body,'',1269,2))"/>
		<!--ⲡⲉϥ-->
		<mark id="sTok345" xlink:href="#xpointer(string-range(//body,'',1272,3))"/>
		<!--ⲧⲟⲟⲩⲉ-->
		<mark id="sTok346" xlink:href="#xpointer(string-range(//body,'',1276,5))"/>
		<!--.-->
		<mark id="sTok347" xlink:href="#xpointer(string-range(//body,'',1282,1))"/>
		<!--ⲛⲧⲟϥ-->
		<mark id="sTok348" xlink:href="#xpointer(string-range(//body,'',1284,4))"/>
		<!--ⲡ-->
		<mark id="sTok349" xlink:href="#xpointer(string-range(//body,'',1289,1))"/>
		<!--ⲉⲧ-->
		<mark id="sTok350" xlink:href="#xpointer(string-range(//body,'',1291,2))"/>
		<!--ⲛⲁ-->
		<mark id="sTok351" xlink:href="#xpointer(string-range(//body,'',1294,2))"/>
		<!--ⲃⲁⲡⲧⲓⲍⲉ-->
		<mark id="sTok352" xlink:href="#xpointer(string-range(//body,'',1297,7))"/>
		<!--ⲙⲙⲱ-->
		<mark id="sTok353" xlink:href="#xpointer(string-range(//body,'',1305,3))"/>
		<!--ⲧⲛ-->
		<mark id="sTok354" xlink:href="#xpointer(string-range(//body,'',1309,2))"/>
		<!--ϩⲛ-->
		<mark id="sTok355" xlink:href="#xpointer(string-range(//body,'',1312,2))"/>
		<!--ⲟⲩ-->
		<mark id="sTok356" xlink:href="#xpointer(string-range(//body,'',1315,2))"/>
		<!--ⲡⲛⲁ-->
		<mark id="sTok357" xlink:href="#xpointer(string-range(//body,'',1318,3))"/>
		<!--ⲉ-->
		<mark id="sTok358" xlink:href="#xpointer(string-range(//body,'',1322,1))"/>
		<!--ϥ-->
		<mark id="sTok359" xlink:href="#xpointer(string-range(//body,'',1324,1))"/>
		<!--ⲟⲩⲁⲁⲃ-->
		<mark id="sTok360" xlink:href="#xpointer(string-range(//body,'',1326,5))"/>
		<!--ⲙⲛ-->
		<mark id="sTok361" xlink:href="#xpointer(string-range(//body,'',1332,2))"/>
		<!--ⲟⲩ-->
		<mark id="sTok362" xlink:href="#xpointer(string-range(//body,'',1335,2))"/>
		<!--ⲥⲁⲧⲉ-->
		<mark id="sTok363" xlink:href="#xpointer(string-range(//body,'',1338,4))"/>
		<!--.-->
		<mark id="sTok364" xlink:href="#xpointer(string-range(//body,'',1343,1))"/>
		<!--ⲡⲁⲓ-->
		<mark id="sTok365" xlink:href="#xpointer(string-range(//body,'',1345,3))"/>
		<!--ⲉⲧⲉⲣⲉ-->
		<mark id="sTok366" xlink:href="#xpointer(string-range(//body,'',1349,5))"/>
		<!--ⲡⲉϥ-->
		<mark id="sTok367" xlink:href="#xpointer(string-range(//body,'',1355,3))"/>
		<!--ϩⲁ-->
		<mark id="sTok368" xlink:href="#xpointer(string-range(//body,'',1359,2))"/>
		<!--ϩⲛ-->
		<mark id="sTok369" xlink:href="#xpointer(string-range(//body,'',1362,2))"/>
		<!--ⲧⲉϥ-->
		<mark id="sTok370" xlink:href="#xpointer(string-range(//body,'',1365,3))"/>
		<!--ϭⲓϫ-->
		<mark id="sTok371" xlink:href="#xpointer(string-range(//body,'',1369,3))"/>
		<!--ⲉ-->
		<mark id="sTok372" xlink:href="#xpointer(string-range(//body,'',1373,1))"/>
		<!--ϥ-->
		<mark id="sTok373" xlink:href="#xpointer(string-range(//body,'',1375,1))"/>
		<!--ⲛⲁ-->
		<mark id="sTok374" xlink:href="#xpointer(string-range(//body,'',1377,2))"/>
		<!--ⲧⲃⲃⲟ-->
		<mark id="sTok375" xlink:href="#xpointer(string-range(//body,'',1380,4))"/>
		<!--ⲙ-->
		<mark id="sTok376" xlink:href="#xpointer(string-range(//body,'',1385,1))"/>
		<!--ⲡⲉϥ-->
		<mark id="sTok377" xlink:href="#xpointer(string-range(//body,'',1387,3))"/>
		<!--ϫⲛⲟⲟⲩ-->
		<mark id="sTok378" xlink:href="#xpointer(string-range(//body,'',1391,5))"/>
		<!--.-->
		<mark id="sTok379" xlink:href="#xpointer(string-range(//body,'',1397,1))"/>
		<!--ⲛ-->
		<mark id="sTok380" xlink:href="#xpointer(string-range(//body,'',1399,1))"/>
		<!--ϥ-->
		<mark id="sTok381" xlink:href="#xpointer(string-range(//body,'',1401,1))"/>
		<!--ⲥⲱⲟⲩϩ-->
		<mark id="sTok382" xlink:href="#xpointer(string-range(//body,'',1403,5))"/>
		<!--ⲉϩⲟⲩⲛ-->
		<mark id="sTok383" xlink:href="#xpointer(string-range(//body,'',1409,5))"/>
		<!--ⲙ-->
		<mark id="sTok384" xlink:href="#xpointer(string-range(//body,'',1415,1))"/>
		<!--ⲡⲉϥ-->
		<mark id="sTok385" xlink:href="#xpointer(string-range(//body,'',1417,3))"/>
		<!--ⲥⲟⲩⲟ-->
		<mark id="sTok386" xlink:href="#xpointer(string-range(//body,'',1421,4))"/>
		<!--ⲉ-->
		<mark id="sTok387" xlink:href="#xpointer(string-range(//body,'',1426,1))"/>
		<!--ⲧ-->
		<mark id="sTok388" xlink:href="#xpointer(string-range(//body,'',1428,1))"/>
		<!--ⲁⲡⲟⲑⲏⲕⲏ-->
		<mark id="sTok389" xlink:href="#xpointer(string-range(//body,'',1430,7))"/>
		<!--.-->
		<mark id="sTok390" xlink:href="#xpointer(string-range(//body,'',1438,1))"/>
		<!--ⲡ-->
		<mark id="sTok391" xlink:href="#xpointer(string-range(//body,'',1440,1))"/>
		<!--ⲧⲱϩ-->
		<mark id="sTok392" xlink:href="#xpointer(string-range(//body,'',1442,3))"/>
		<!--ⲇⲉ-->
		<mark id="sTok393" xlink:href="#xpointer(string-range(//body,'',1446,2))"/>
		<!--ⲛ-->
		<mark id="sTok394" xlink:href="#xpointer(string-range(//body,'',1449,1))"/>
		<!--ϥ-->
		<mark id="sTok395" xlink:href="#xpointer(string-range(//body,'',1451,1))"/>
		<!--ⲣⲟⲕϩ-->
		<mark id="sTok396" xlink:href="#xpointer(string-range(//body,'',1453,4))"/>
		<!--ϥ-->
		<mark id="sTok397" xlink:href="#xpointer(string-range(//body,'',1458,1))"/>
		<!--ϩⲛ-->
		<mark id="sTok398" xlink:href="#xpointer(string-range(//body,'',1460,2))"/>
		<!--ⲟⲩ-->
		<mark id="sTok399" xlink:href="#xpointer(string-range(//body,'',1463,2))"/>
		<!--ⲥⲁⲧⲉ-->
		<mark id="sTok400" xlink:href="#xpointer(string-range(//body,'',1466,4))"/>
		<!--ⲉ-->
		<mark id="sTok401" xlink:href="#xpointer(string-range(//body,'',1471,1))"/>
		<!--ⲙⲉ-->
		<mark id="sTok402" xlink:href="#xpointer(string-range(//body,'',1473,2))"/>
		<!--ⲥ-->
		<mark id="sTok403" xlink:href="#xpointer(string-range(//body,'',1476,1))"/>
		<!--ⲱϣⲙ-->
		<mark id="sTok404" xlink:href="#xpointer(string-range(//body,'',1478,3))"/>
		<!--.-->
		<mark id="sTok405" xlink:href="#xpointer(string-range(//body,'',1482,1))"/>
		<!--ⲧⲟⲧⲉ-->
		<mark id="sTok406" xlink:href="#xpointer(string-range(//body,'',1484,4))"/>
		<!--ⲁ-->
		<mark id="sTok407" xlink:href="#xpointer(string-range(//body,'',1489,1))"/>
		<!--ϥ-->
		<mark id="sTok408" xlink:href="#xpointer(string-range(//body,'',1491,1))"/>
		<!--ⲉⲓ-->
		<mark id="sTok409" xlink:href="#xpointer(string-range(//body,'',1493,2))"/>
		<!--ⲛϭⲓ-->
		<mark id="sTok410" xlink:href="#xpointer(string-range(//body,'',1496,3))"/>
		<!--ⲓⲏⲥⲟⲩⲥ-->
		<mark id="sTok411" xlink:href="#xpointer(string-range(//body,'',1500,6))"/>
		<!--ⲉⲃⲟⲗ-->
		<mark id="sTok412" xlink:href="#xpointer(string-range(//body,'',1507,4))"/>
		<!--ϩⲛ-->
		<mark id="sTok413" xlink:href="#xpointer(string-range(//body,'',1512,2))"/>
		<!--ⲧ-->
		<mark id="sTok414" xlink:href="#xpointer(string-range(//body,'',1515,1))"/>
		<!--ⲅⲁⲗⲓⲗⲁⲓⲁ-->
		<mark id="sTok415" xlink:href="#xpointer(string-range(//body,'',1517,8))"/>
		<!--ⲉϩⲣⲁⲓ-->
		<mark id="sTok416" xlink:href="#xpointer(string-range(//body,'',1526,5))"/>
		<!--ⲉϫⲙ-->
		<mark id="sTok417" xlink:href="#xpointer(string-range(//body,'',1532,3))"/>
		<!--ⲡ-->
		<mark id="sTok418" xlink:href="#xpointer(string-range(//body,'',1536,1))"/>
		<!--ⲓⲟⲣⲇⲁⲛⲏⲥ-->
		<mark id="sTok419" xlink:href="#xpointer(string-range(//body,'',1538,8))"/>
		<!--ϣⲁ-->
		<mark id="sTok420" xlink:href="#xpointer(string-range(//body,'',1547,2))"/>
		<!--ⲓⲱϩⲁⲛⲛⲏⲥ-->
		<mark id="sTok421" xlink:href="#xpointer(string-range(//body,'',1550,8))"/>
		<!--ⲉ-->
		<mark id="sTok422" xlink:href="#xpointer(string-range(//body,'',1559,1))"/>
		<!--ⲧⲣⲉ-->
		<mark id="sTok423" xlink:href="#xpointer(string-range(//body,'',1561,3))"/>
		<!--ϥ-->
		<mark id="sTok424" xlink:href="#xpointer(string-range(//body,'',1565,1))"/>
		<!--ⲃⲁⲡⲧⲓⲍⲉ-->
		<mark id="sTok425" xlink:href="#xpointer(string-range(//body,'',1567,7))"/>
		<!--ⲉⲃⲟⲗ-->
		<mark id="sTok426" xlink:href="#xpointer(string-range(//body,'',1575,4))"/>
		<!--ϩⲓⲧⲟⲟⲧ-->
		<mark id="sTok427" xlink:href="#xpointer(string-range(//body,'',1580,6))"/>
		<!--ϥ-->
		<mark id="sTok428" xlink:href="#xpointer(string-range(//body,'',1587,1))"/>
		<!--.-->
		<mark id="sTok429" xlink:href="#xpointer(string-range(//body,'',1589,1))"/>
		<!--ⲛⲧⲟϥ-->
		<mark id="sTok430" xlink:href="#xpointer(string-range(//body,'',1591,4))"/>
		<!--ⲇⲉ-->
		<mark id="sTok431" xlink:href="#xpointer(string-range(//body,'',1596,2))"/>
		<!--ⲁ-->
		<mark id="sTok432" xlink:href="#xpointer(string-range(//body,'',1599,1))"/>
		<!--ϥ-->
		<mark id="sTok433" xlink:href="#xpointer(string-range(//body,'',1601,1))"/>
		<!--ⲕⲱⲗⲩ-->
		<mark id="sTok434" xlink:href="#xpointer(string-range(//body,'',1603,4))"/>
		<!--ⲙⲙⲟ-->
		<mark id="sTok435" xlink:href="#xpointer(string-range(//body,'',1608,3))"/>
		<!--ϥ-->
		<mark id="sTok436" xlink:href="#xpointer(string-range(//body,'',1612,1))"/>
		<!--ⲉ-->
		<mark id="sTok437" xlink:href="#xpointer(string-range(//body,'',1614,1))"/>
		<!--ϥ-->
		<mark id="sTok438" xlink:href="#xpointer(string-range(//body,'',1616,1))"/>
		<!--ϫⲱ-->
		<mark id="sTok439" xlink:href="#xpointer(string-range(//body,'',1618,2))"/>
		<!--ⲙⲙⲟ-->
		<mark id="sTok440" xlink:href="#xpointer(string-range(//body,'',1621,3))"/>
		<!--ⲥ-->
		<mark id="sTok441" xlink:href="#xpointer(string-range(//body,'',1625,1))"/>
		<!--ϫⲉ-->
		<mark id="sTok442" xlink:href="#xpointer(string-range(//body,'',1627,2))"/>
		<!--ⲁⲛⲟⲕ-->
		<mark id="sTok443" xlink:href="#xpointer(string-range(//body,'',1630,4))"/>
		<!--ⲉⲧ-->
		<mark id="sTok444" xlink:href="#xpointer(string-range(//body,'',1635,2))"/>
		<!--ⲣ-->
		<mark id="sTok445" xlink:href="#xpointer(string-range(//body,'',1638,1))"/>
		<!--ⲭⲣⲓⲁ-->
		<mark id="sTok446" xlink:href="#xpointer(string-range(//body,'',1640,4))"/>
		<!--ⲛ-->
		<mark id="sTok447" xlink:href="#xpointer(string-range(//body,'',1645,1))"/>
		<!--ⲃⲁⲡⲧⲓⲍⲉ-->
		<mark id="sTok448" xlink:href="#xpointer(string-range(//body,'',1647,7))"/>
		<!--ⲉⲃⲟⲗ-->
		<mark id="sTok449" xlink:href="#xpointer(string-range(//body,'',1655,4))"/>
		<!--ϩⲓ-->
		<mark id="sTok450" xlink:href="#xpointer(string-range(//body,'',1660,2))"/>
		<!--ⲧⲟⲟⲧ-->
		<mark id="sTok451" xlink:href="#xpointer(string-range(//body,'',1663,4))"/>
		<!--ⲕ-->
		<mark id="sTok452" xlink:href="#xpointer(string-range(//body,'',1668,1))"/>
		<!--ⲁⲩⲱ-->
		<mark id="sTok453" xlink:href="#xpointer(string-range(//body,'',1670,3))"/>
		<!--ⲛⲧⲟⲕ-->
		<mark id="sTok454" xlink:href="#xpointer(string-range(//body,'',1674,4))"/>
		<!--ⲉⲧ-->
		<mark id="sTok455" xlink:href="#xpointer(string-range(//body,'',1679,2))"/>
		<!--ⲛⲏⲩ-->
		<mark id="sTok456" xlink:href="#xpointer(string-range(//body,'',1682,3))"/>
		<!--ϣⲁⲣⲟ-->
		<mark id="sTok457" xlink:href="#xpointer(string-range(//body,'',1686,4))"/>
		<!--ⲓ-->
		<mark id="sTok458" xlink:href="#xpointer(string-range(//body,'',1691,1))"/>
		<!--.-->
		<mark id="sTok459" xlink:href="#xpointer(string-range(//body,'',1693,1))"/>
		<!--ⲁ-->
		<mark id="sTok460" xlink:href="#xpointer(string-range(//body,'',1695,1))"/>
		<!--ⲩ-->
		<mark id="sTok461" xlink:href="#xpointer(string-range(//body,'',1697,1))"/>
		<!--ⲟⲩⲱϣⲃ-->
		<mark id="sTok462" xlink:href="#xpointer(string-range(//body,'',1699,5))"/>
		<!--ⲇⲉ-->
		<mark id="sTok463" xlink:href="#xpointer(string-range(//body,'',1705,2))"/>
		<!--ⲛϭⲓ-->
		<mark id="sTok464" xlink:href="#xpointer(string-range(//body,'',1708,3))"/>
		<!--ⲓⲏⲥⲟⲩⲥ-->
		<mark id="sTok465" xlink:href="#xpointer(string-range(//body,'',1712,6))"/>
		<!--ⲉ-->
		<mark id="sTok466" xlink:href="#xpointer(string-range(//body,'',1719,1))"/>
		<!--ϥ-->
		<mark id="sTok467" xlink:href="#xpointer(string-range(//body,'',1721,1))"/>
		<!--ϫⲱ-->
		<mark id="sTok468" xlink:href="#xpointer(string-range(//body,'',1723,2))"/>
		<!--ⲙⲙⲟ-->
		<mark id="sTok469" xlink:href="#xpointer(string-range(//body,'',1726,3))"/>
		<!--ⲥ-->
		<mark id="sTok470" xlink:href="#xpointer(string-range(//body,'',1730,1))"/>
		<!--ⲛⲁ-->
		<mark id="sTok471" xlink:href="#xpointer(string-range(//body,'',1732,2))"/>
		<!--ϥ-->
		<mark id="sTok472" xlink:href="#xpointer(string-range(//body,'',1735,1))"/>
		<!--ϫⲉ-->
		<mark id="sTok473" xlink:href="#xpointer(string-range(//body,'',1737,2))"/>
		<!--ϭⲱ-->
		<mark id="sTok474" xlink:href="#xpointer(string-range(//body,'',1740,2))"/>
		<!--ⲧⲉⲛⲟⲩ-->
		<mark id="sTok475" xlink:href="#xpointer(string-range(//body,'',1743,5))"/>
		<!--ⲧⲁⲓ-->
		<mark id="sTok476" xlink:href="#xpointer(string-range(//body,'',1749,3))"/>
		<!--ⲅⲁⲣ-->
		<mark id="sTok477" xlink:href="#xpointer(string-range(//body,'',1753,3))"/>
		<!--ⲧⲉ-->
		<mark id="sTok478" xlink:href="#xpointer(string-range(//body,'',1757,2))"/>
		<!--ⲧ-->
		<mark id="sTok479" xlink:href="#xpointer(string-range(//body,'',1760,1))"/>
		<!--ϩⲉ-->
		<mark id="sTok480" xlink:href="#xpointer(string-range(//body,'',1762,2))"/>
		<!--ⲉⲧ-->
		<mark id="sTok481" xlink:href="#xpointer(string-range(//body,'',1765,2))"/>
		<!--ⲉϣϣⲉ-->
		<mark id="sTok482" xlink:href="#xpointer(string-range(//body,'',1768,4))"/>
		<!--ⲉⲣⲟ-->
		<mark id="sTok483" xlink:href="#xpointer(string-range(//body,'',1773,3))"/>
		<!--ⲛ-->
		<mark id="sTok484" xlink:href="#xpointer(string-range(//body,'',1777,1))"/>
		<!--ⲉϫⲱ-->
		<mark id="sTok485" xlink:href="#xpointer(string-range(//body,'',1779,3))"/>
		<!--ⲕ-->
		<mark id="sTok486" xlink:href="#xpointer(string-range(//body,'',1783,1))"/>
		<!--ⲉⲃⲟⲗ-->
		<mark id="sTok487" xlink:href="#xpointer(string-range(//body,'',1785,4))"/>
		<!--ⲛ-->
		<mark id="sTok488" xlink:href="#xpointer(string-range(//body,'',1790,1))"/>
		<!--ⲇⲓⲕⲁⲓⲟⲥⲩⲛⲏ-->
		<mark id="sTok489" xlink:href="#xpointer(string-range(//body,'',1792,10))"/>
		<!--ⲛⲓⲙ-->
		<mark id="sTok490" xlink:href="#xpointer(string-range(//body,'',1803,3))"/>
		<!--ⲧⲟⲧⲉ-->
		<mark id="sTok491" xlink:href="#xpointer(string-range(//body,'',1807,4))"/>
		<!--ⲁ-->
		<mark id="sTok492" xlink:href="#xpointer(string-range(//body,'',1812,1))"/>
		<!--ϥ-->
		<mark id="sTok493" xlink:href="#xpointer(string-range(//body,'',1814,1))"/>
		<!--ⲕⲁⲁ-->
		<mark id="sTok494" xlink:href="#xpointer(string-range(//body,'',1816,3))"/>
		<!--ϥ-->
		<mark id="sTok495" xlink:href="#xpointer(string-range(//body,'',1820,1))"/>
		<!--.-->
		<mark id="sTok496" xlink:href="#xpointer(string-range(//body,'',1822,1))"/>
		<!--ⲛⲧⲉⲣⲉ-->
		<mark id="sTok497" xlink:href="#xpointer(string-range(//body,'',1824,5))"/>
		<!--ϥ-->
		<mark id="sTok498" xlink:href="#xpointer(string-range(//body,'',1830,1))"/>
		<!--ⲃⲁⲡⲧⲓⲍⲉ-->
		<mark id="sTok499" xlink:href="#xpointer(string-range(//body,'',1832,7))"/>
		<!--ϭⲉ-->
		<mark id="sTok500" xlink:href="#xpointer(string-range(//body,'',1840,2))"/>
		<!--ⲛϭⲓ-->
		<mark id="sTok501" xlink:href="#xpointer(string-range(//body,'',1843,3))"/>
		<!--ⲓⲏⲥⲟⲩⲥ-->
		<mark id="sTok502" xlink:href="#xpointer(string-range(//body,'',1847,6))"/>
		<!--ⲛ-->
		<mark id="sTok503" xlink:href="#xpointer(string-range(//body,'',1854,1))"/>
		<!--ⲧⲉ-->
		<mark id="sTok504" xlink:href="#xpointer(string-range(//body,'',1856,2))"/>
		<!--ⲩⲛⲟⲩ-->
		<mark id="sTok505" xlink:href="#xpointer(string-range(//body,'',1859,4))"/>
		<!--ⲁ-->
		<mark id="sTok506" xlink:href="#xpointer(string-range(//body,'',1864,1))"/>
		<!--ϥ-->
		<mark id="sTok507" xlink:href="#xpointer(string-range(//body,'',1866,1))"/>
		<!--ⲉⲓ-->
		<mark id="sTok508" xlink:href="#xpointer(string-range(//body,'',1868,2))"/>
		<!--ⲉϩⲣⲁⲓ-->
		<mark id="sTok509" xlink:href="#xpointer(string-range(//body,'',1871,5))"/>
		<!--ϩⲙ-->
		<mark id="sTok510" xlink:href="#xpointer(string-range(//body,'',1877,2))"/>
		<!--ⲡ-->
		<mark id="sTok511" xlink:href="#xpointer(string-range(//body,'',1880,1))"/>
		<!--ⲙⲟⲟⲩ-->
		<mark id="sTok512" xlink:href="#xpointer(string-range(//body,'',1882,4))"/>
		<!--.-->
		<mark id="sTok513" xlink:href="#xpointer(string-range(//body,'',1887,1))"/>
		<!--ⲁⲩⲱ-->
		<mark id="sTok514" xlink:href="#xpointer(string-range(//body,'',1889,3))"/>
		<!--ⲉⲓⲥ-->
		<mark id="sTok515" xlink:href="#xpointer(string-range(//body,'',1893,3))"/>
		<!--ϩⲏⲏⲧⲉ-->
		<mark id="sTok516" xlink:href="#xpointer(string-range(//body,'',1897,5))"/>
		<!--ⲁ-->
		<mark id="sTok517" xlink:href="#xpointer(string-range(//body,'',1903,1))"/>
		<!--ⲩ-->
		<mark id="sTok518" xlink:href="#xpointer(string-range(//body,'',1905,1))"/>
		<!--ⲟⲩⲱⲛ-->
		<mark id="sTok519" xlink:href="#xpointer(string-range(//body,'',1907,4))"/>
		<!--ⲛϭⲓ-->
		<mark id="sTok520" xlink:href="#xpointer(string-range(//body,'',1912,3))"/>
		<!--ⲙ-->
		<mark id="sTok521" xlink:href="#xpointer(string-range(//body,'',1916,1))"/>
		<!--ⲡⲏⲩⲉ-->
		<mark id="sTok522" xlink:href="#xpointer(string-range(//body,'',1918,4))"/>
		<!--.-->
		<mark id="sTok523" xlink:href="#xpointer(string-range(//body,'',1923,1))"/>
		<!--ⲁ-->
		<mark id="sTok524" xlink:href="#xpointer(string-range(//body,'',1925,1))"/>
		<!--ϥ-->
		<mark id="sTok525" xlink:href="#xpointer(string-range(//body,'',1927,1))"/>
		<!--ⲛⲁⲩ-->
		<mark id="sTok526" xlink:href="#xpointer(string-range(//body,'',1929,3))"/>
		<!--ⲉ-->
		<mark id="sTok527" xlink:href="#xpointer(string-range(//body,'',1933,1))"/>
		<!--ⲡⲉ-->
		<mark id="sTok528" xlink:href="#xpointer(string-range(//body,'',1935,2))"/>
		<!--ⲡⲛⲉⲩⲙⲁ-->
		<mark id="sTok529" xlink:href="#xpointer(string-range(//body,'',1938,6))"/>
		<!--ⲙ-->
		<mark id="sTok530" xlink:href="#xpointer(string-range(//body,'',1945,1))"/>
		<!--ⲡ-->
		<mark id="sTok531" xlink:href="#xpointer(string-range(//body,'',1947,1))"/>
		<!--ⲛⲟⲩⲧⲉ-->
		<mark id="sTok532" xlink:href="#xpointer(string-range(//body,'',1949,5))"/>
		<!--ⲉ-->
		<mark id="sTok533" xlink:href="#xpointer(string-range(//body,'',1955,1))"/>
		<!--ϥ-->
		<mark id="sTok534" xlink:href="#xpointer(string-range(//body,'',1957,1))"/>
		<!--ⲛⲏⲩ-->
		<mark id="sTok535" xlink:href="#xpointer(string-range(//body,'',1959,3))"/>
		<!--ⲉ-->
		<mark id="sTok536" xlink:href="#xpointer(string-range(//body,'',1963,1))"/>
		<!--ⲡ-->
		<mark id="sTok537" xlink:href="#xpointer(string-range(//body,'',1965,1))"/>
		<!--ⲉⲥⲏⲧ-->
		<mark id="sTok538" xlink:href="#xpointer(string-range(//body,'',1967,4))"/>
		<!--ⲛ-->
		<mark id="sTok539" xlink:href="#xpointer(string-range(//body,'',1972,1))"/>
		<!--ⲧ-->
		<mark id="sTok540" xlink:href="#xpointer(string-range(//body,'',1974,1))"/>
		<!--ϩⲉ-->
		<mark id="sTok541" xlink:href="#xpointer(string-range(//body,'',1976,2))"/>
		<!--ⲛ-->
		<mark id="sTok542" xlink:href="#xpointer(string-range(//body,'',1979,1))"/>
		<!--ⲟⲩ-->
		<mark id="sTok543" xlink:href="#xpointer(string-range(//body,'',1981,2))"/>
		<!--ϭⲣⲟⲟⲙⲡⲉ-->
		<mark id="sTok544" xlink:href="#xpointer(string-range(//body,'',1984,7))"/>
		<!--ⲉϩⲣⲁⲓ-->
		<mark id="sTok545" xlink:href="#xpointer(string-range(//body,'',1992,5))"/>
		<!--ⲉϫⲱ-->
		<mark id="sTok546" xlink:href="#xpointer(string-range(//body,'',1998,3))"/>
		<!--ϥ-->
		<mark id="sTok547" xlink:href="#xpointer(string-range(//body,'',2002,1))"/>
		<!--.-->
		<mark id="sTok548" xlink:href="#xpointer(string-range(//body,'',2004,1))"/>
		<!--ⲁⲩⲱ-->
		<mark id="sTok549" xlink:href="#xpointer(string-range(//body,'',2006,3))"/>
		<!--ⲉⲓⲥ-->
		<mark id="sTok550" xlink:href="#xpointer(string-range(//body,'',2010,3))"/>
		<!--ϩⲏⲏⲧⲉ-->
		<mark id="sTok551" xlink:href="#xpointer(string-range(//body,'',2014,5))"/>
		<!--ⲉⲓⲥ-->
		<mark id="sTok552" xlink:href="#xpointer(string-range(//body,'',2020,3))"/>
		<!--ⲟⲩ-->
		<mark id="sTok553" xlink:href="#xpointer(string-range(//body,'',2024,2))"/>
		<!--ⲥⲙⲏ-->
		<mark id="sTok554" xlink:href="#xpointer(string-range(//body,'',2027,3))"/>
		<!--ⲉⲃⲟⲗ-->
		<mark id="sTok555" xlink:href="#xpointer(string-range(//body,'',2031,4))"/>
		<!--ϩⲛ-->
		<mark id="sTok556" xlink:href="#xpointer(string-range(//body,'',2036,2))"/>
		<!--ⲙ-->
		<mark id="sTok557" xlink:href="#xpointer(string-range(//body,'',2039,1))"/>
		<!--ⲡⲏⲩⲉ-->
		<mark id="sTok558" xlink:href="#xpointer(string-range(//body,'',2041,4))"/>
		<!--ⲉ-->
		<mark id="sTok559" xlink:href="#xpointer(string-range(//body,'',2046,1))"/>
		<!--ⲥ-->
		<mark id="sTok560" xlink:href="#xpointer(string-range(//body,'',2048,1))"/>
		<!--ϫⲱ-->
		<mark id="sTok561" xlink:href="#xpointer(string-range(//body,'',2050,2))"/>
		<!--ⲙⲙⲟ-->
		<mark id="sTok562" xlink:href="#xpointer(string-range(//body,'',2053,3))"/>
		<!--ⲥ-->
		<mark id="sTok563" xlink:href="#xpointer(string-range(//body,'',2057,1))"/>
		<!--ϫⲉ-->
		<mark id="sTok564" xlink:href="#xpointer(string-range(//body,'',2059,2))"/>
		<!--ⲡⲁⲓ-->
		<mark id="sTok565" xlink:href="#xpointer(string-range(//body,'',2062,3))"/>
		<!--ⲡⲉ-->
		<mark id="sTok566" xlink:href="#xpointer(string-range(//body,'',2066,2))"/>
		<!--ⲡⲁ-->
		<mark id="sTok567" xlink:href="#xpointer(string-range(//body,'',2069,2))"/>
		<!--ϣⲏⲣⲉ-->
		<mark id="sTok568" xlink:href="#xpointer(string-range(//body,'',2072,4))"/>
		<!--ⲡⲁ-->
		<mark id="sTok569" xlink:href="#xpointer(string-range(//body,'',2077,2))"/>
		<!--ⲙⲉⲣⲓⲧ-->
		<mark id="sTok570" xlink:href="#xpointer(string-range(//body,'',2080,5))"/>
		<!--ⲡ-->
		<mark id="sTok571" xlink:href="#xpointer(string-range(//body,'',2086,1))"/>
		<!--ⲉⲛⲧ-->
		<mark id="sTok572" xlink:href="#xpointer(string-range(//body,'',2088,3))"/>
		<!--ⲁ-->
		<mark id="sTok573" xlink:href="#xpointer(string-range(//body,'',2092,1))"/>
		<!--ⲡⲁ-->
		<mark id="sTok574" xlink:href="#xpointer(string-range(//body,'',2094,2))"/>
		<!--ⲟⲩⲱϣ-->
		<mark id="sTok575" xlink:href="#xpointer(string-range(//body,'',2097,4))"/>
		<!--ϣⲱⲡⲉ-->
		<mark id="sTok576" xlink:href="#xpointer(string-range(//body,'',2102,4))"/>
		<!--ϩⲣⲁⲓ-->
		<mark id="sTok577" xlink:href="#xpointer(string-range(//body,'',2107,4))"/>
		<!--ⲛϩⲏⲧ-->
		<mark id="sTok578" xlink:href="#xpointer(string-range(//body,'',2112,4))"/>
		<!--ϥ-->
		<mark id="sTok579" xlink:href="#xpointer(string-range(//body,'',2117,1))"/>
		<!--.-->
		<mark id="sTok580" xlink:href="#xpointer(string-range(//body,'',2119,1))"/></markList></paula>