<?xml version='1.0' encoding='UTF-8'?><!DOCTYPE paula SYSTEM "paula_feat.dtd">
<paula version="1.1">
	<header paula_id="scriptorium.40_Matthew_03.mark_lemma"/>
	<featList xmlns:xlink="http://www.w3.org/1999/xlink" type="lemma" xml:base="scriptorium.40_Matthew_03.mark.xml">
		<feat xlink:href="#sSpan1" value="ϩⲣⲁⲓ"/>
		<feat xlink:href="#sSpan4" value="ⲇⲉ"/>
		<feat xlink:href="#sSpan6" value="ϩⲛ"/>
		<feat xlink:href="#sSpan8" value="ⲡ"/>
		<feat xlink:href="#sSpan10" value="ϩⲟⲟⲩ"/>
		<feat xlink:href="#sSpan11" value="ⲉⲧⲉⲣⲉ"/>
		<feat xlink:href="#sSpan13" value="ⲙⲙⲁⲩ"/>
		<feat xlink:href="#sSpan14" value="ⲁ"/>
		<feat xlink:href="#sSpan16" value="ⲛⲧⲟϥ"/>
		<feat xlink:href="#sSpan17" value="ⲉⲓ"/>
		<feat xlink:href="#sSpan18" value="ⲛϭⲓ"/>
		<feat xlink:href="#sSpan20" value="ⲓⲱϩⲁⲛⲛⲏⲥ"/>
		<feat xlink:href="#sSpan22" value="ⲡ"/>
		<feat xlink:href="#sSpan24" value="ⲃⲁⲡⲧⲓⲥⲧⲏⲥ"/>
		<feat xlink:href="#sSpan25" value="ⲉⲣⲉ"/>
		<feat xlink:href="#sSpan27" value="ⲛⲧⲟϥ"/>
		<feat xlink:href="#sSpan29" value="ⲧⲁϣⲉⲟⲉⲓϣ"/>
		<feat xlink:href="#sSpan31" value="ϩⲣⲁⲓ"/>
		<feat xlink:href="#sSpan34" value="ϩⲛ"/>
		<feat xlink:href="#sSpan36" value="ⲡ"/>
		<feat xlink:href="#sSpan38" value="ϫⲁⲉⲓⲉ"/>
		<feat xlink:href="#sSpan39" value="ⲛ"/>
		<feat xlink:href="#sSpan41" value="ⲡ"/>
		<feat xlink:href="#sSpan43" value="ⲓⲟⲩⲇⲁⲓⲁ"/>
		<feat xlink:href="#sSpan44" value="ⲉⲣⲉ"/>
		<feat xlink:href="#sSpan47" value="ⲛⲧⲟϥ"/>
		<feat xlink:href="#sSpan48" value="ϫⲱ"/>
		<feat xlink:href="#sSpan49" value="ⲛ"/>
		<feat xlink:href="#sSpan51" value="ⲛⲧⲟⲥ"/>
		<feat xlink:href="#sSpan52" value="ϫⲉ"/>
		<feat xlink:href="#sSpan54" value="ⲙⲉⲧⲁⲛⲟⲉⲓ"/>
		<feat xlink:href="#sSpan55" value="."/>
		<feat xlink:href="#sSpan57" value="ⲁ"/>
		<feat xlink:href="#sSpan59" value="ⲛⲧⲟⲥ"/>
		<feat xlink:href="#sSpan60" value="ϩⲱⲛ"/>
		<feat xlink:href="#sSpan61" value="ⲅⲁⲣ"/>
		<feat xlink:href="#sSpan63" value="ⲉϩⲟⲩⲛ"/>
		<feat xlink:href="#sSpan65" value="ⲛϭⲓ"/>
		<feat xlink:href="#sSpan67" value="ⲡ"/>
		<feat xlink:href="#sSpan70" value="ⲙⲛⲧⲣⲣⲟ"/>
		<feat xlink:href="#sSpan72" value="ⲛ"/>
		<feat xlink:href="#sSpan74" value="ⲡ"/>
		<feat xlink:href="#sSpan76" value="ⲡⲉ"/>
		<feat xlink:href="#sSpan77" value="."/>
		<feat xlink:href="#sSpan79" value="ⲡⲁⲓ"/>
		<feat xlink:href="#sSpan83" value="ⲅⲁⲣ"/>
		<feat xlink:href="#sSpan85" value="ⲡ"/>
		<feat xlink:href="#sSpan87" value="ⲉⲧⲉⲣⲉ"/>
		<feat xlink:href="#sSpan88" value="ⲁ"/>
		<feat xlink:href="#sSpan89" value="ⲛⲧⲟⲟⲩ"/>
		<feat xlink:href="#sSpan90" value="ϫⲱ"/>
		<feat xlink:href="#sSpan91" value="ⲛⲧⲟϥ"/>
		<feat xlink:href="#sSpan92" value="ϩⲓⲧⲛ"/>
		<feat xlink:href="#sSpan94" value="ⲏⲥⲁⲓⲁⲥ"/>
		<feat xlink:href="#sSpan96" value="ⲡ"/>
		<feat xlink:href="#sSpan98" value="ⲡⲣⲟⲫⲏⲧⲏⲥ"/>
		<feat xlink:href="#sSpan99" value="ⲉⲣⲉ"/>
		<feat xlink:href="#sSpan101" value="ⲛⲧⲟϥ"/>
		<feat xlink:href="#sSpan102" value="ϫⲱ"/>
		<feat xlink:href="#sSpan103" value="ⲛ"/>
		<feat xlink:href="#sSpan105" value="ⲛⲧⲟⲥ"/>
		<feat xlink:href="#sSpan106" value="ϫⲉ"/>
		<feat xlink:href="#sSpan108" value="ⲡ"/>
		<feat xlink:href="#sSpan110" value="ⲥⲙⲏ"/>
		<feat xlink:href="#sSpan111" value="ⲛ"/>
		<feat xlink:href="#sSpan113" value="ⲡ"/>
		<feat xlink:href="#sSpan115" value="ⲉⲧⲉⲣⲉ"/>
		<feat xlink:href="#sSpan116" value="ⲱϣ"/>
		<feat xlink:href="#sSpan118" value="ⲉⲃⲟⲗ"/>
		<feat xlink:href="#sSpan120" value="ϩⲓ"/>
		<feat xlink:href="#sSpan122" value="ⲡ"/>
		<feat xlink:href="#sSpan124" value="ϫⲁⲉⲓⲉ"/>
		<feat xlink:href="#sSpan125" value="ϫⲉ"/>
		<feat xlink:href="#sSpan127" value="ⲥⲃⲧⲉ"/>
		<feat xlink:href="#sSpan128" value="ⲡ"/>
		<feat xlink:href="#sSpan130" value="ϩⲓⲏ"/>
		<feat xlink:href="#sSpan131" value="ⲛ"/>
		<feat xlink:href="#sSpan133" value="ⲡ"/>
		<feat xlink:href="#sSpan135" value="ϫⲟⲉⲓⲥ"/>
		<feat xlink:href="#sSpan136" value="ⲛⲧⲉ"/>
		<feat xlink:href="#sSpan138" value="ⲛⲧⲱⲧⲛ"/>
		<feat xlink:href="#sSpan139" value="ⲥⲟⲟⲩⲧⲛ"/>
		<feat xlink:href="#sSpan140" value="ⲛ"/>
		<feat xlink:href="#sSpan142" value="ⲡⲉϥ"/>
		<feat xlink:href="#sSpan144" value="ⲙⲁ"/>
		<feat xlink:href="#sSpan145" value="ⲛ"/>
		<feat xlink:href="#sSpan147" value="ⲙⲟⲟϣⲉ"/>
		<feat xlink:href="#sSpan148" value="."/>
		<feat xlink:href="#sSpan150" value="ⲛⲧⲟϥ"/>
		<feat xlink:href="#sSpan153" value="ⲇⲉ"/>
		<feat xlink:href="#sSpan155" value="ⲓⲱϩⲁⲛⲛⲏⲥ"/>
		<feat xlink:href="#sSpan158" value="ⲛⲉⲣⲉ"/>
		<feat xlink:href="#sSpan160" value="ⲡⲉϥ"/>
		<feat xlink:href="#sSpan162" value="ϩⲃⲥⲱ"/>
		<feat xlink:href="#sSpan163" value="ϣⲱⲡⲉ"/>
		<feat xlink:href="#sSpan165" value="ⲉⲃⲟⲗ"/>
		<feat xlink:href="#sSpan168" value="ϩⲛ"/>
		<feat xlink:href="#sSpan170" value="ⲟⲩ"/>
		<feat xlink:href="#sSpan172" value="ⲃⲱ"/>
		<feat xlink:href="#sSpan173" value="ⲛ"/>
		<feat xlink:href="#sSpan175" value="ϭⲁⲙⲟⲩⲗ"/>
		<feat xlink:href="#sSpan177" value="."/>
		<feat xlink:href="#sSpan179" value="ⲉⲣⲉ"/>
		<feat xlink:href="#sSpan181" value="ⲟⲩ"/>
		<feat xlink:href="#sSpan183" value="ⲙⲟϫϩ"/>
		<feat xlink:href="#sSpan184" value="ⲛ"/>
		<feat xlink:href="#sSpan186" value="ϣⲁⲁⲣ"/>
		<feat xlink:href="#sSpan188" value="ϭⲱⲱⲗⲉ"/>
		<feat xlink:href="#sSpan190" value="ⲉ"/>
		<feat xlink:href="#sSpan192" value="ⲡⲉϥ"/>
		<feat xlink:href="#sSpan194" value="ϯⲡⲉ"/>
		<feat xlink:href="#sSpan195" value="."/>
		<feat xlink:href="#sSpan197" value="ⲡⲉϥ"/>
		<feat xlink:href="#sSpan200" value="ϩⲣⲉ"/>
		<feat xlink:href="#sSpan201" value="ⲇⲉ"/>
		<feat xlink:href="#sSpan203" value="ⲛⲉⲣⲉ"/>
		<feat xlink:href="#sSpan205" value="ⲟⲩ"/>
		<feat xlink:href="#sSpan207" value="ϣϫⲉ"/>
		<feat xlink:href="#sSpan208" value="ⲡⲉ"/>
		<feat xlink:href="#sSpan210" value="ⲙⲛ"/>
		<feat xlink:href="#sSpan212" value="ⲟⲩ"/>
		<feat xlink:href="#sSpan214" value="ⲉⲃⲓⲉ"/>
		<feat xlink:href="#sSpan215" value="ϩⲟⲟⲩ"/>
		<feat xlink:href="#sSpan217" value="ⲁⲛⲟⲕ"/>
		<feat xlink:href="#sSpan218" value="."/>
		<feat xlink:href="#sSpan220" value="ⲧⲟⲧⲉ"/>
		<feat xlink:href="#sSpan223" value="ⲡ"/>
		<feat xlink:href="#sSpan226" value="ⲥⲟⲛ"/>
		<feat xlink:href="#sSpan227" value="ⲉⲃⲟⲗ"/>
		<feat xlink:href="#sSpan229" value="ⲉⲣⲁⲧ"/>
		<feat xlink:href="#sSpan231" value="ⲛⲧⲟϥ"/>
		<feat xlink:href="#sSpan232" value="ⲛϭⲓ"/>
		<feat xlink:href="#sSpan234" value="ⲡ"/>
		<feat xlink:href="#sSpan236" value="ϩⲓⲉⲣⲟⲩⲥⲁⲗⲏⲙ"/>
		<feat xlink:href="#sSpan237" value="ⲧⲏⲣ"/>
		<feat xlink:href="#sSpan239" value="ⲛⲧⲟⲥ"/>
		<feat xlink:href="#sSpan240" value="."/>
		<feat xlink:href="#sSpan242" value="ⲙⲛ"/>
		<feat xlink:href="#sSpan244" value="ⲡ"/>
		<feat xlink:href="#sSpan246" value="ⲓⲟⲩⲇⲁⲓⲁ"/>
		<feat xlink:href="#sSpan247" value="ⲙⲛ"/>
		<feat xlink:href="#sSpan249" value="ⲡ"/>
		<feat xlink:href="#sSpan251" value="ⲡⲉⲣⲓⲭⲱⲣⲟⲥ"/>
		<feat xlink:href="#sSpan252" value="ⲧⲏⲣ"/>
		<feat xlink:href="#sSpan254" value="ⲛⲧⲟⲥ"/>
		<feat xlink:href="#sSpan255" value="ⲛ"/>
		<feat xlink:href="#sSpan257" value="ⲡ"/>
		<feat xlink:href="#sSpan259" value="ⲓⲟⲣⲇⲁⲛⲏⲥ"/>
		<feat xlink:href="#sSpan260" value="."/>
		<feat xlink:href="#sSpan262" value="ⲉⲣⲉ"/>
		<feat xlink:href="#sSpan265" value="ⲛⲧⲟⲟⲩ"/>
		<feat xlink:href="#sSpan266" value="ϫⲓ"/>
		<feat xlink:href="#sSpan267" value="ⲃⲁⲡⲧⲓⲥⲙⲁ"/>
		<feat xlink:href="#sSpan270" value="ⲉⲃⲟⲗ"/>
		<feat xlink:href="#sSpan273" value="ϩⲓⲧⲟⲟⲧ"/>
		<feat xlink:href="#sSpan275" value="ⲛⲧⲟϥ"/>
		<feat xlink:href="#sSpan276" value="ϩⲛ"/>
		<feat xlink:href="#sSpan278" value="ⲡ"/>
		<feat xlink:href="#sSpan280" value="ⲓⲟⲣⲇⲁⲛⲏⲥ"/>
		<feat xlink:href="#sSpan281" value="ⲡ"/>
		<feat xlink:href="#sSpan283" value="ⲓⲉⲣⲟ"/>
		<feat xlink:href="#sSpan284" value="ⲉⲣⲉ"/>
		<feat xlink:href="#sSpan286" value="ⲛⲧⲟⲟⲩ"/>
		<feat xlink:href="#sSpan287" value="ⲉⲝⲟⲙⲟⲗⲟⲅⲉⲓ"/>
		<feat xlink:href="#sSpan288" value="ⲛ"/>
		<feat xlink:href="#sSpan290" value="ⲡⲉⲩ"/>
		<feat xlink:href="#sSpan292" value="ⲛⲟⲃⲉ"/>
		<feat xlink:href="#sSpan293" value="."/>
		<feat xlink:href="#sSpan295" value="ⲛⲧⲉⲣⲉ"/>
		<feat xlink:href="#sSpan298" value="ⲛⲧⲟϥ"/>
		<feat xlink:href="#sSpan299" value="ⲛⲁⲩ"/>
		<feat xlink:href="#sSpan300" value="ⲇⲉ"/>
		<feat xlink:href="#sSpan302" value="ⲉ"/>
		<feat xlink:href="#sSpan304" value="ϩⲁϩ"/>
		<feat xlink:href="#sSpan306" value="ϩⲛ"/>
		<feat xlink:href="#sSpan308" value="ⲡ"/>
		<feat xlink:href="#sSpan310" value="ⲫⲁⲣⲓⲥⲥⲁⲓⲟⲥ"/>
		<feat xlink:href="#sSpan311" value="ⲙⲛ"/>
		<feat xlink:href="#sSpan313" value="ⲡ"/>
		<feat xlink:href="#sSpan315" value="ⲥⲁⲇⲇⲟⲩⲕⲁⲓⲟⲥ"/>
		<feat xlink:href="#sSpan316" value="ⲉⲣⲉ"/>
		<feat xlink:href="#sSpan318" value="ⲛⲧⲟⲟⲩ"/>
		<feat xlink:href="#sSpan319" value="ⲉⲓ"/>
		<feat xlink:href="#sSpan321" value="ⲉϫⲛ"/>
		<feat xlink:href="#sSpan323" value="ⲡ"/>
		<feat xlink:href="#sSpan325" value="ⲃⲁⲡⲧⲓⲥⲙⲁ"/>
		<feat xlink:href="#sSpan326" value="ⲡⲉϫⲉ"/>
		<feat xlink:href="#sSpan328" value="ⲛⲧⲟϥ"/>
		<feat xlink:href="#sSpan329" value="ⲛⲁ"/>
		<feat xlink:href="#sSpan331" value="ⲛⲧⲟⲟⲩ"/>
		<feat xlink:href="#sSpan332" value="."/>
		<feat xlink:href="#sSpan334" value="ϫⲉ"/>
		<feat xlink:href="#sSpan336" value="ⲡ"/>
		<feat xlink:href="#sSpan338" value="ϫⲡⲟ"/>
		<feat xlink:href="#sSpan339" value="ⲛ"/>
		<feat xlink:href="#sSpan341" value="ⲛⲉϩⲃⲟⲩⲓ"/>
		<feat xlink:href="#sSpan343" value="."/>
		<feat xlink:href="#sSpan345" value="ⲛⲓⲙ"/>
		<feat xlink:href="#sSpan347" value="ⲡ"/>
		<feat xlink:href="#sSpan349" value="ⲉⲧⲉⲣⲉ"/>
		<feat xlink:href="#sSpan350" value="ⲁ"/>
		<feat xlink:href="#sSpan351" value="ⲛⲧⲟϥ"/>
		<feat xlink:href="#sSpan352" value="ⲧⲥⲁⲃⲟ"/>
		<feat xlink:href="#sSpan353" value="ⲛⲧⲱⲧⲛ"/>
		<feat xlink:href="#sSpan355" value="ⲉ"/>
		<feat xlink:href="#sSpan357" value="ⲡⲱⲧ"/>
		<feat xlink:href="#sSpan359" value="ⲉⲃⲟⲗ"/>
		<feat xlink:href="#sSpan361" value="ϩⲏⲧ"/>
		<feat xlink:href="#sSpan364" value="ⲛⲧⲟⲥ"/>
		<feat xlink:href="#sSpan365" value="ⲛ"/>
		<feat xlink:href="#sSpan367" value="ⲡ"/>
		<feat xlink:href="#sSpan369" value="ⲟⲣⲅⲏ"/>
		<feat xlink:href="#sSpan370" value="ⲉⲧⲉⲣⲉ"/>
		<feat xlink:href="#sSpan372" value="ⲉⲓ"/>
		<feat xlink:href="#sSpan373" value="."/>
		<feat xlink:href="#sSpan375" value="ⲁ_ⲛⲧⲟ"/>
		<feat xlink:href="#sSpan378" value="ⲓⲣⲉ"/>
		<feat xlink:href="#sSpan379" value="ϭⲉ"/>
		<feat xlink:href="#sSpan381" value="ⲛ"/>
		<feat xlink:href="#sSpan383" value="ⲟⲩ"/>
		<feat xlink:href="#sSpan385" value="ⲕⲁⲣⲡⲟⲥ"/>
		<feat xlink:href="#sSpan386" value="ⲉⲣⲉ"/>
		<feat xlink:href="#sSpan388" value="ⲛⲧⲟϥ"/>
		<feat xlink:href="#sSpan389" value="ⲙⲡϣⲁ"/>
		<feat xlink:href="#sSpan390" value="ⲛ"/>
		<feat xlink:href="#sSpan392" value="ⲡ"/>
		<feat xlink:href="#sSpan394" value="ⲙⲉⲧⲁⲛⲟⲓⲁ"/>
		<feat xlink:href="#sSpan395" value="."/>
		<feat xlink:href="#sSpan397" value="ⲛⲧⲉ"/>
		<feat xlink:href="#sSpan400" value="ⲛⲧⲱⲧⲛ"/>
		<feat xlink:href="#sSpan401" value="ⲧⲙ"/>
		<feat xlink:href="#sSpan402" value="ⲙⲉⲉⲩⲉ"/>
		<feat xlink:href="#sSpan403" value="ⲉ"/>
		<feat xlink:href="#sSpan405" value="ϫⲱ"/>
		<feat xlink:href="#sSpan406" value="ⲛⲧⲟⲥ"/>
		<feat xlink:href="#sSpan407" value="ϩⲛ"/>
		<feat xlink:href="#sSpan409" value="ⲛⲧⲱⲧⲛ"/>
		<feat xlink:href="#sSpan410" value="."/>
		<feat xlink:href="#sSpan412" value="ϫⲉ"/>
		<feat xlink:href="#sSpan414" value="ⲟⲩⲛⲧⲉ"/>
		<feat xlink:href="#sSpan415" value="ⲁⲛⲟⲛ"/>
		<feat xlink:href="#sSpan416" value="ⲙⲙⲁⲩ"/>
		<feat xlink:href="#sSpan418" value="ⲛ"/>
		<feat xlink:href="#sSpan420" value="ⲡⲉⲛ"/>
		<feat xlink:href="#sSpan422" value="ⲉⲓⲱⲧ"/>
		<feat xlink:href="#sSpan423" value="ⲁⲃⲣⲁϩⲁⲙ"/>
		<feat xlink:href="#sSpan425" value="."/>
		<feat xlink:href="#sSpan427" value="ⲁⲛⲟⲕ"/>
		<feat xlink:href="#sSpan429" value="ϫⲱ"/>
		<feat xlink:href="#sSpan430" value="ⲅⲁⲣ"/>
		<feat xlink:href="#sSpan432" value="ⲛ"/>
		<feat xlink:href="#sSpan434" value="ⲛⲧⲟⲥ"/>
		<feat xlink:href="#sSpan435" value="ⲛⲁ"/>
		<feat xlink:href="#sSpan437" value="ⲛⲧⲱⲧⲛ"/>
		<feat xlink:href="#sSpan438" value="ϫⲉ"/>
		<feat xlink:href="#sSpan440" value="ⲟⲩⲛ"/>
		<feat xlink:href="#sSpan441" value="ϭⲟⲙ"/>
		<feat xlink:href="#sSpan442" value="ⲛ"/>
		<feat xlink:href="#sSpan444" value="ⲡ"/>
		<feat xlink:href="#sSpan446" value="ⲛⲟⲩⲧⲉ"/>
		<feat xlink:href="#sSpan447" value="ⲉ"/>
		<feat xlink:href="#sSpan449" value="ⲧⲟⲩⲛⲟⲥ"/>
		<feat xlink:href="#sSpan450" value="ⲟⲩ"/>
		<feat xlink:href="#sSpan453" value="ϣⲏⲣⲉ"/>
		<feat xlink:href="#sSpan454" value="ⲛ"/>
		<feat xlink:href="#sSpan456" value="ⲁⲃⲣⲁϩⲁⲙ"/>
		<feat xlink:href="#sSpan458" value="ⲉⲃⲟⲗ"/>
		<feat xlink:href="#sSpan461" value="ϩⲛ"/>
		<feat xlink:href="#sSpan463" value="ⲡⲉⲓ"/>
		<feat xlink:href="#sSpan465" value="ⲱⲛⲉ"/>
		<feat xlink:href="#sSpan466" value="."/>
		<feat xlink:href="#sSpan468" value="ϫⲓⲛ"/>
		<feat xlink:href="#sSpan472" value="ⲧⲉⲛⲟⲩ"/>
		<feat xlink:href="#sSpan473" value="ⲇⲉ"/>
		<feat xlink:href="#sSpan475" value="ⲡ"/>
		<feat xlink:href="#sSpan478" value="ⲕⲉⲗⲉⲃⲓⲛ"/>
		<feat xlink:href="#sSpan479" value="ⲕⲱ"/>
		<feat xlink:href="#sSpan482" value="ϩⲁ"/>
		<feat xlink:href="#sSpan484" value="ⲡ"/>
		<feat xlink:href="#sSpan486" value="ⲛⲟⲩⲛⲉ"/>
		<feat xlink:href="#sSpan487" value="ⲛ"/>
		<feat xlink:href="#sSpan489" value="ⲡ"/>
		<feat xlink:href="#sSpan491" value="ϣⲏⲛ"/>
		<feat xlink:href="#sSpan492" value="."/>
		<feat xlink:href="#sSpan494" value="ϣⲏⲛ"/>
		<feat xlink:href="#sSpan497" value="ϭⲉ"/>
		<feat xlink:href="#sSpan499" value="ⲛⲓⲙ"/>
		<feat xlink:href="#sSpan501" value="ⲉⲧⲉⲣⲉ"/>
		<feat xlink:href="#sSpan503" value="ⲛ"/>
		<feat xlink:href="#sSpan504" value="ⲛⲧⲟϥ"/>
		<feat xlink:href="#sSpan505" value="ⲛⲁ"/>
		<feat xlink:href="#sSpan506" value="ⲉⲓⲣⲉ"/>
		<feat xlink:href="#sSpan507" value="ⲁⲛ"/>
		<feat xlink:href="#sSpan509" value="ⲛ"/>
		<feat xlink:href="#sSpan511" value="ⲟⲩ"/>
		<feat xlink:href="#sSpan513" value="ⲕⲁⲣⲡⲟⲥ"/>
		<feat xlink:href="#sSpan514" value="ⲉ"/>
		<feat xlink:href="#sSpan516" value="ⲡⲁ"/>
		<feat xlink:href="#sSpan518" value="ⲛⲟⲩϥ"/>
		<feat xlink:href="#sSpan519" value="ⲛⲧⲟⲟⲩ"/>
		<feat xlink:href="#sSpan521" value="ⲛⲁ"/>
		<feat xlink:href="#sSpan522" value="ⲕⲱⲱⲣⲉ"/>
		<feat xlink:href="#sSpan523" value="ⲛⲧⲟϥ"/>
		<feat xlink:href="#sSpan524" value="ⲛⲧⲉ"/>
		<feat xlink:href="#sSpan526" value="ⲛⲧⲟⲟⲩ"/>
		<feat xlink:href="#sSpan527" value="ⲛⲟⲩϫⲉ"/>
		<feat xlink:href="#sSpan528" value="ⲛⲧⲟϥ"/>
		<feat xlink:href="#sSpan529" value="ⲉ"/>
		<feat xlink:href="#sSpan531" value="ⲡ"/>
		<feat xlink:href="#sSpan533" value="ⲥⲁⲧⲉ"/>
		<feat xlink:href="#sSpan534" value="."/>
		<feat xlink:href="#sSpan536" value="ⲁⲛⲟⲕ"/>
		<feat xlink:href="#sSpan539" value="ⲙⲉⲛ"/>
		<feat xlink:href="#sSpan541" value="ⲉⲣⲉ"/>
		<feat xlink:href="#sSpan543" value="ⲁⲛⲟⲕ"/>
		<feat xlink:href="#sSpan544" value="ⲃⲁⲡⲧⲓⲍⲉ"/>
		<feat xlink:href="#sSpan545" value="ⲛ"/>
		<feat xlink:href="#sSpan547" value="ⲛⲧⲱⲧⲛ"/>
		<feat xlink:href="#sSpan548" value="ϩⲛ"/>
		<feat xlink:href="#sSpan550" value="ⲟⲩ"/>
		<feat xlink:href="#sSpan552" value="ⲙⲟⲟⲩ"/>
		<feat xlink:href="#sSpan553" value="ⲉ"/>
		<feat xlink:href="#sSpan555" value="ⲟⲩ"/>
		<feat xlink:href="#sSpan557" value="ⲙⲉⲧⲁⲛⲟⲓⲁ"/>
		<feat xlink:href="#sSpan558" value="."/>
		<feat xlink:href="#sSpan560" value="ⲡ"/>
		<feat xlink:href="#sSpan563" value="ⲉⲧⲉⲣⲉ"/>
		<feat xlink:href="#sSpan564" value="ⲉⲓ"/>
		<feat xlink:href="#sSpan565" value="ⲇⲉ"/>
		<feat xlink:href="#sSpan567" value="ⲛⲧⲟϥ"/>
		<feat xlink:href="#sSpan569" value="ϫⲣⲟ"/>
		<feat xlink:href="#sSpan570" value="ⲉ"/>
		<feat xlink:href="#sSpan572" value="ⲁⲛⲟⲕ"/>
		<feat xlink:href="#sSpan573" value="ⲡⲁⲓ"/>
		<feat xlink:href="#sSpan576" value="ⲛ"/>
		<feat xlink:href="#sSpan578" value="ⲁⲛⲟⲕ"/>
		<feat xlink:href="#sSpan579" value="ⲙⲡϣⲁ"/>
		<feat xlink:href="#sSpan580" value="ⲁⲛ"/>
		<feat xlink:href="#sSpan582" value="ⲛⲧⲉ"/>
		<feat xlink:href="#sSpan584" value="ⲛⲧⲟϥ"/>
		<feat xlink:href="#sSpan585" value="ⲉⲓ"/>
		<feat xlink:href="#sSpan586" value="ϩⲁ"/>
		<feat xlink:href="#sSpan588" value="ⲡⲉϥ"/>
		<feat xlink:href="#sSpan590" value="ⲧⲟⲟⲩⲉ"/>
		<feat xlink:href="#sSpan591" value="."/>
		<feat xlink:href="#sSpan593" value="ⲛⲧⲟϥ"/>
		<feat xlink:href="#sSpan595" value="ⲡ"/>
		<feat xlink:href="#sSpan597" value="ⲉⲧⲉⲣⲉ"/>
		<feat xlink:href="#sSpan598" value="ⲛⲁ"/>
		<feat xlink:href="#sSpan599" value="ⲃⲁⲡⲧⲓⲍⲉ"/>
		<feat xlink:href="#sSpan600" value="ⲛ"/>
		<feat xlink:href="#sSpan602" value="ⲛⲧⲱⲧⲛ"/>
		<feat xlink:href="#sSpan603" value="ϩⲛ"/>
		<feat xlink:href="#sSpan605" value="ⲟⲩ"/>
		<feat xlink:href="#sSpan607" value="ⲡⲛⲉⲩⲙⲁ"/>
		<feat xlink:href="#sSpan608" value="ⲉⲣⲉ"/>
		<feat xlink:href="#sSpan610" value="ⲛⲧⲟϥ"/>
		<feat xlink:href="#sSpan611" value="ⲟⲩⲟⲡ"/>
		<feat xlink:href="#sSpan612" value="ⲙⲛ"/>
		<feat xlink:href="#sSpan614" value="ⲟⲩ"/>
		<feat xlink:href="#sSpan616" value="ⲥⲁⲧⲉ"/>
		<feat xlink:href="#sSpan617" value="."/>
		<feat xlink:href="#sSpan619" value="ⲡⲁⲓ"/>
		<feat xlink:href="#sSpan623" value="ⲉⲧⲉⲣⲉ"/>
		<feat xlink:href="#sSpan625" value="ⲡⲉϥ"/>
		<feat xlink:href="#sSpan627" value="ϩⲁ"/>
		<feat xlink:href="#sSpan629" value="ϩⲛ"/>
		<feat xlink:href="#sSpan631" value="ⲡⲉϥ"/>
		<feat xlink:href="#sSpan632" value="ϭⲓϫ"/>
		<feat xlink:href="#sSpan633" value="ⲉⲣⲉ"/>
		<feat xlink:href="#sSpan635" value="ⲛⲧⲟϥ"/>
		<feat xlink:href="#sSpan636" value="ⲛⲁ"/>
		<feat xlink:href="#sSpan637" value="ⲧⲃⲃⲟ"/>
		<feat xlink:href="#sSpan638" value="ⲛ"/>
		<feat xlink:href="#sSpan640" value="ⲡⲉϥ"/>
		<feat xlink:href="#sSpan642" value="ϫⲛⲟⲟⲩ"/>
		<feat xlink:href="#sSpan643" value="."/>
		<feat xlink:href="#sSpan645" value="ⲛⲧⲉ"/>
		<feat xlink:href="#sSpan647" value="ⲛⲧⲟϥ"/>
		<feat xlink:href="#sSpan648" value="ⲥⲱⲟⲩϩ"/>
		<feat xlink:href="#sSpan649" value="ⲉϩⲟⲩⲛ"/>
		<feat xlink:href="#sSpan651" value="ⲛ"/>
		<feat xlink:href="#sSpan653" value="ⲡⲉϥ"/>
		<feat xlink:href="#sSpan655" value="ⲥⲟⲩⲟ"/>
		<feat xlink:href="#sSpan656" value="ⲉ"/>
		<feat xlink:href="#sSpan658" value="ⲡ"/>
		<feat xlink:href="#sSpan660" value="ⲁⲡⲟⲑⲏⲕⲏ"/>
		<feat xlink:href="#sSpan661" value="."/>
		<feat xlink:href="#sSpan663" value="ⲡ"/>
		<feat xlink:href="#sSpan666" value="ⲧⲱϩ"/>
		<feat xlink:href="#sSpan667" value="ⲇⲉ"/>
		<feat xlink:href="#sSpan669" value="ⲛⲧⲉ"/>
		<feat xlink:href="#sSpan671" value="ⲛⲧⲟϥ"/>
		<feat xlink:href="#sSpan672" value="ⲣⲱⲕϩ"/>
		<feat xlink:href="#sSpan673" value="ⲛⲧⲟϥ"/>
		<feat xlink:href="#sSpan674" value="ϩⲛ"/>
		<feat xlink:href="#sSpan676" value="ⲟⲩ"/>
		<feat xlink:href="#sSpan678" value="ⲥⲁⲧⲉ"/>
		<feat xlink:href="#sSpan679" value="ⲉⲣⲉ"/>
		<feat xlink:href="#sSpan681" value="ⲙⲉⲣⲉ"/>
		<feat xlink:href="#sSpan682" value="ⲛⲧⲟⲥ"/>
		<feat xlink:href="#sSpan683" value="ⲱϣⲙ"/>
		<feat xlink:href="#sSpan684" value="."/>
		<feat xlink:href="#sSpan686" value="ⲧⲟⲧⲉ"/>
		<feat xlink:href="#sSpan689" value="ⲁ"/>
		<feat xlink:href="#sSpan691" value="ⲛⲧⲟϥ"/>
		<feat xlink:href="#sSpan692" value="ⲉⲓ"/>
		<feat xlink:href="#sSpan693" value="ⲛϭⲓ"/>
		<feat xlink:href="#sSpan695" value="ⲓⲏⲥⲟⲩⲥ"/>
		<feat xlink:href="#sSpan697" value="ⲉⲃⲟⲗ"/>
		<feat xlink:href="#sSpan700" value="ϩⲛ"/>
		<feat xlink:href="#sSpan702" value="ⲡ"/>
		<feat xlink:href="#sSpan704" value="ⲅⲁⲗⲓⲗⲁⲓⲁ"/>
		<feat xlink:href="#sSpan705" value="ⲉϩⲣⲁⲓ"/>
		<feat xlink:href="#sSpan707" value="ⲉϫⲛ"/>
		<feat xlink:href="#sSpan709" value="ⲡ"/>
		<feat xlink:href="#sSpan711" value="ⲓⲟⲣⲇⲁⲛⲏⲥ"/>
		<feat xlink:href="#sSpan712" value="ϣⲁ"/>
		<feat xlink:href="#sSpan714" value="ⲓⲱϩⲁⲛⲛⲏⲥ"/>
		<feat xlink:href="#sSpan716" value="ⲉ"/>
		<feat xlink:href="#sSpan718" value="ⲧⲣⲉ"/>
		<feat xlink:href="#sSpan719" value="ⲛⲧⲟϥ"/>
		<feat xlink:href="#sSpan720" value="ⲃⲁⲡⲧⲓⲍⲉ"/>
		<feat xlink:href="#sSpan721" value="ⲉⲃⲟⲗ"/>
		<feat xlink:href="#sSpan724" value="ϩⲓⲧⲟⲟⲧ"/>
		<feat xlink:href="#sSpan726" value="ⲛⲧⲟϥ"/>
		<feat xlink:href="#sSpan727" value="."/>
		<feat xlink:href="#sSpan729" value="ⲛⲧⲟϥ"/>
		<feat xlink:href="#sSpan732" value="ⲇⲉ"/>
		<feat xlink:href="#sSpan734" value="ⲁ"/>
		<feat xlink:href="#sSpan736" value="ⲛⲧⲟϥ"/>
		<feat xlink:href="#sSpan737" value="ⲕⲱⲗⲩ"/>
		<feat xlink:href="#sSpan738" value="ⲛ"/>
		<feat xlink:href="#sSpan740" value="ⲛⲧⲟϥ"/>
		<feat xlink:href="#sSpan741" value="ⲉⲣⲉ"/>
		<feat xlink:href="#sSpan743" value="ⲛⲧⲟϥ"/>
		<feat xlink:href="#sSpan744" value="ϫⲱ"/>
		<feat xlink:href="#sSpan745" value="ⲛ"/>
		<feat xlink:href="#sSpan747" value="ⲛⲧⲟⲥ"/>
		<feat xlink:href="#sSpan748" value="ϫⲉ"/>
		<feat xlink:href="#sSpan750" value="ⲁⲛⲟⲕ"/>
		<feat xlink:href="#sSpan751" value="ⲉⲧⲉⲣⲉ"/>
		<feat xlink:href="#sSpan754" value="ⲣⲭⲣⲉⲓⲁ"/>
		<feat xlink:href="#sSpan756" value="ⲛ"/>
		<feat xlink:href="#sSpan758" value="ⲃⲁⲡⲧⲓⲍⲉ"/>
		<feat xlink:href="#sSpan759" value="ⲉⲃⲟⲗ"/>
		<feat xlink:href="#sSpan762" value="ϩⲓⲧⲟⲟⲧ"/>
		<feat xlink:href="#sSpan764" value="ⲛⲧⲟⲕ"/>
		<feat xlink:href="#sSpan765" value="ⲁⲩⲱ"/>
		<feat xlink:href="#sSpan767" value="ⲛⲧⲟⲕ"/>
		<feat xlink:href="#sSpan769" value="ⲉⲧⲉⲣⲉ"/>
		<feat xlink:href="#sSpan771" value="ⲉⲓ"/>
		<feat xlink:href="#sSpan773" value="ϣⲁ"/>
		<feat xlink:href="#sSpan775" value="ⲁⲛⲟⲕ"/>
		<feat xlink:href="#sSpan776" value="."/>
		<feat xlink:href="#sSpan778" value="ⲁ"/>
		<feat xlink:href="#sSpan781" value="ⲛⲧⲟⲟⲩ"/>
		<feat xlink:href="#sSpan782" value="ⲟⲩⲱϣⲃ"/>
		<feat xlink:href="#sSpan783" value="ⲇⲉ"/>
		<feat xlink:href="#sSpan785" value="ⲛϭⲓ"/>
		<feat xlink:href="#sSpan787" value="ⲓⲏⲥⲟⲩⲥ"/>
		<feat xlink:href="#sSpan789" value="ⲉⲣⲉ"/>
		<feat xlink:href="#sSpan791" value="ⲛⲧⲟϥ"/>
		<feat xlink:href="#sSpan792" value="ϫⲱ"/>
		<feat xlink:href="#sSpan793" value="ⲛ"/>
		<feat xlink:href="#sSpan795" value="ⲛⲧⲟⲥ"/>
		<feat xlink:href="#sSpan796" value="ⲛⲁ"/>
		<feat xlink:href="#sSpan798" value="ⲛⲧⲟϥ"/>
		<feat xlink:href="#sSpan799" value="ϫⲉ"/>
		<feat xlink:href="#sSpan801" value="ϭⲱ"/>
		<feat xlink:href="#sSpan802" value="ⲧⲉⲛⲟⲩ"/>
		<feat xlink:href="#sSpan804" value="ⲡⲁⲓ"/>
		<feat xlink:href="#sSpan807" value="ⲅⲁⲣ"/>
		<feat xlink:href="#sSpan809" value="ⲡⲉ"/>
		<feat xlink:href="#sSpan811" value="ⲡ"/>
		<feat xlink:href="#sSpan813" value="ϩⲉ"/>
		<feat xlink:href="#sSpan814" value="ⲉⲧⲉⲣⲉ"/>
		<feat xlink:href="#sSpan816" value="ϣϣⲉ"/>
		<feat xlink:href="#sSpan817" value="ⲉ"/>
		<feat xlink:href="#sSpan819" value="ⲁⲛⲟⲛ"/>
		<feat xlink:href="#sSpan820" value="ⲉϫⲛ"/>
		<feat xlink:href="#sSpan822" value="ⲛⲧⲟⲕ"/>
		<feat xlink:href="#sSpan823" value="ⲉⲃⲟⲗ"/>
		<feat xlink:href="#sSpan825" value="ⲛ"/>
		<feat xlink:href="#sSpan827" value="ⲇⲓⲕⲁⲓⲟⲥⲩⲛⲏ"/>
		<feat xlink:href="#sSpan829" value="ⲛⲓⲙ"/>
		<feat xlink:href="#sSpan831" value="ⲧⲟⲧⲉ"/>
		<feat xlink:href="#sSpan833" value="ⲁ"/>
		<feat xlink:href="#sSpan835" value="ⲛⲧⲟϥ"/>
		<feat xlink:href="#sSpan836" value="ⲕⲱ"/>
		<feat xlink:href="#sSpan837" value="ⲛⲧⲟϥ"/>
		<feat xlink:href="#sSpan838" value="."/>
		<feat xlink:href="#sSpan840" value="ⲛⲧⲉⲣⲉ"/>
		<feat xlink:href="#sSpan843" value="ⲛⲧⲟϥ"/>
		<feat xlink:href="#sSpan844" value="ⲃⲁⲡⲧⲓⲍⲉ"/>
		<feat xlink:href="#sSpan845" value="ϭⲉ"/>
		<feat xlink:href="#sSpan847" value="ⲛϭⲓ"/>
		<feat xlink:href="#sSpan849" value="ⲓⲏⲥⲟⲩⲥ"/>
		<feat xlink:href="#sSpan851" value="ⲛ"/>
		<feat xlink:href="#sSpan853" value="ⲡ"/>
		<feat xlink:href="#sSpan854" value="ⲟⲩⲛⲟⲩ"/>
		<feat xlink:href="#sSpan855" value="ⲁ"/>
		<feat xlink:href="#sSpan857" value="ⲛⲧⲟϥ"/>
		<feat xlink:href="#sSpan858" value="ⲉⲓ"/>
		<feat xlink:href="#sSpan860" value="ⲉϩⲣⲁⲓ"/>
		<feat xlink:href="#sSpan862" value="ϩⲛ"/>
		<feat xlink:href="#sSpan864" value="ⲡ"/>
		<feat xlink:href="#sSpan866" value="ⲙⲟⲟⲩ"/>
		<feat xlink:href="#sSpan867" value="."/>
		<feat xlink:href="#sSpan869" value="ⲁⲩⲱ"/>
		<feat xlink:href="#sSpan871" value="ⲉⲓⲥ"/>
		<feat xlink:href="#sSpan874" value="ϩⲏⲏⲧⲉ"/>
		<feat xlink:href="#sSpan876" value="ⲁ"/>
		<feat xlink:href="#sSpan878" value="ⲛⲧⲟⲟⲩ"/>
		<feat xlink:href="#sSpan879" value="ⲟⲩⲱⲛ"/>
		<feat xlink:href="#sSpan880" value="ⲛϭⲓ"/>
		<feat xlink:href="#sSpan882" value="ⲡ"/>
		<feat xlink:href="#sSpan884" value="ⲡⲉ"/>
		<feat xlink:href="#sSpan885" value="."/>
		<feat xlink:href="#sSpan887" value="ⲁ"/>
		<feat xlink:href="#sSpan889" value="ⲛⲧⲟϥ"/>
		<feat xlink:href="#sSpan890" value="ⲛⲁⲩ"/>
		<feat xlink:href="#sSpan891" value="ⲉ"/>
		<feat xlink:href="#sSpan893" value="ⲡ"/>
		<feat xlink:href="#sSpan895" value="ⲡⲛⲉⲩⲙⲁ"/>
		<feat xlink:href="#sSpan896" value="ⲛ"/>
		<feat xlink:href="#sSpan898" value="ⲡ"/>
		<feat xlink:href="#sSpan900" value="ⲛⲟⲩⲧⲉ"/>
		<feat xlink:href="#sSpan901" value="ⲉⲣⲉ"/>
		<feat xlink:href="#sSpan903" value="ⲛⲧⲟϥ"/>
		<feat xlink:href="#sSpan904" value="ⲉⲓ"/>
		<feat xlink:href="#sSpan906" value="ⲉ"/>
		<feat xlink:href="#sSpan908" value="ⲡ"/>
		<feat xlink:href="#sSpan909" value="ⲉⲥⲏⲧ"/>
		<feat xlink:href="#sSpan910" value="ⲛ"/>
		<feat xlink:href="#sSpan912" value="ⲡ"/>
		<feat xlink:href="#sSpan913" value="ϩⲉ"/>
		<feat xlink:href="#sSpan914" value="ⲛ"/>
		<feat xlink:href="#sSpan916" value="ⲟⲩ"/>
		<feat xlink:href="#sSpan918" value="ϭⲣⲟⲟⲙⲡⲉ"/>
		<feat xlink:href="#sSpan919" value="ⲉϩⲣⲁⲓ"/>
		<feat xlink:href="#sSpan921" value="ⲉϫⲛ"/>
		<feat xlink:href="#sSpan923" value="ⲛⲧⲟϥ"/>
		<feat xlink:href="#sSpan924" value="."/>
		<feat xlink:href="#sSpan926" value="ⲁⲩⲱ"/>
		<feat xlink:href="#sSpan929" value="ⲉⲓⲥ"/>
		<feat xlink:href="#sSpan932" value="ϩⲏⲏⲧⲉ"/>
		<feat xlink:href="#sSpan934" value="ⲉⲓⲥ"/>
		<feat xlink:href="#sSpan936" value="ⲟⲩ"/>
		<feat xlink:href="#sSpan938" value="ⲥⲙⲏ"/>
		<feat xlink:href="#sSpan939" value="ⲉⲃⲟⲗ"/>
		<feat xlink:href="#sSpan942" value="ϩⲛ"/>
		<feat xlink:href="#sSpan944" value="ⲡ"/>
		<feat xlink:href="#sSpan946" value="ⲡⲉ"/>
		<feat xlink:href="#sSpan947" value="ⲉⲣⲉ"/>
		<feat xlink:href="#sSpan949" value="ⲛⲧⲟⲥ"/>
		<feat xlink:href="#sSpan950" value="ϫⲱ"/>
		<feat xlink:href="#sSpan951" value="ⲛ"/>
		<feat xlink:href="#sSpan953" value="ⲛⲧⲟⲥ"/>
		<feat xlink:href="#sSpan954" value="ϫⲉ"/>
		<feat xlink:href="#sSpan956" value="ⲡⲁⲓ"/>
		<feat xlink:href="#sSpan958" value="ⲡⲉ"/>
		<feat xlink:href="#sSpan960" value="ⲡⲁ"/>
		<feat xlink:href="#sSpan963" value="ϣⲏⲣⲉ"/>
		<feat xlink:href="#sSpan964" value="ⲡⲁ"/>
		<feat xlink:href="#sSpan967" value="ⲙⲉⲣⲓⲧ"/>
		<feat xlink:href="#sSpan968" value="ⲡ"/>
		<feat xlink:href="#sSpan970" value="ⲉⲧⲉⲣⲉ"/>
		<feat xlink:href="#sSpan971" value="ⲁ"/>
		<feat xlink:href="#sSpan972" value="ⲡⲁ"/>
		<feat xlink:href="#sSpan974" value="ⲟⲩⲱϣ"/>
		<feat xlink:href="#sSpan975" value="ϣⲱⲡⲉ"/>
		<feat xlink:href="#sSpan977" value="ϩⲣⲁⲓ"/>
		<feat xlink:href="#sSpan980" value="ϩⲛ"/>
		<feat xlink:href="#sSpan982" value="ⲛⲧⲟϥ"/>
		<feat xlink:href="#sSpan983" value="."/></featList></paula>