<?xml version='1.0' encoding='UTF-8'?><!DOCTYPE paula SYSTEM "paula_feat.dtd">
<paula version="1.1">
	<header paula_id="scriptorium.40_Matthew_03.mark_lang"/>
	<featList xmlns:xlink="http://www.w3.org/1999/xlink" type="lang" xml:base="scriptorium.40_Matthew_03.mark.xml">
		<feat xlink:href="#sSpan4" value="Greek"/>
		<feat xlink:href="#sSpan20" value="Hebrew"/>
		<feat xlink:href="#sSpan24" value="Greek"/>
		<feat xlink:href="#sSpan43" value="Hebrew"/>
		<feat xlink:href="#sSpan54" value="Greek"/>
		<feat xlink:href="#sSpan61" value="Greek"/>
		<feat xlink:href="#sSpan83" value="Greek"/>
		<feat xlink:href="#sSpan94" value="Hebrew"/>
		<feat xlink:href="#sSpan98" value="Greek"/>
		<feat xlink:href="#sSpan153" value="Greek"/>
		<feat xlink:href="#sSpan155" value="Hebrew"/>
		<feat xlink:href="#sSpan201" value="Greek"/>
		<feat xlink:href="#sSpan220" value="Greek"/>
		<feat xlink:href="#sSpan236" value="Hebrew"/>
		<feat xlink:href="#sSpan246" value="Hebrew"/>
		<feat xlink:href="#sSpan251" value="Greek"/>
		<feat xlink:href="#sSpan259" value="Hebrew"/>
		<feat xlink:href="#sSpan267" value="Greek"/>
		<feat xlink:href="#sSpan280" value="Hebrew"/>
		<feat xlink:href="#sSpan287" value="Greek"/>
		<feat xlink:href="#sSpan300" value="Greek"/>
		<feat xlink:href="#sSpan310" value="Hebrew"/>
		<feat xlink:href="#sSpan315" value="Hebrew"/>
		<feat xlink:href="#sSpan325" value="Greek"/>
		<feat xlink:href="#sSpan369" value="Greek"/>
		<feat xlink:href="#sSpan385" value="Greek"/>
		<feat xlink:href="#sSpan394" value="Greek"/>
		<feat xlink:href="#sSpan423" value="Hebrew"/>
		<feat xlink:href="#sSpan430" value="Greek"/>
		<feat xlink:href="#sSpan456" value="Hebrew"/>
		<feat xlink:href="#sSpan473" value="Greek"/>
		<feat xlink:href="#sSpan513" value="Greek"/>
		<feat xlink:href="#sSpan539" value="Greek"/>
		<feat xlink:href="#sSpan544" value="Greek"/>
		<feat xlink:href="#sSpan557" value="Greek"/>
		<feat xlink:href="#sSpan565" value="Greek"/>
		<feat xlink:href="#sSpan599" value="Greek"/>
		<feat xlink:href="#sSpan607" value="Greek"/>
		<feat xlink:href="#sSpan660" value="Greek"/>
		<feat xlink:href="#sSpan667" value="Greek"/>
		<feat xlink:href="#sSpan686" value="Greek"/>
		<feat xlink:href="#sSpan695" value="Hebrew"/>
		<feat xlink:href="#sSpan704" value="Hebrew"/>
		<feat xlink:href="#sSpan711" value="Hebrew"/>
		<feat xlink:href="#sSpan714" value="Hebrew"/>
		<feat xlink:href="#sSpan720" value="Greek"/>
		<feat xlink:href="#sSpan732" value="Greek"/>
		<feat xlink:href="#sSpan737" value="Greek"/>
		<feat xlink:href="#sSpan755" value="Greek"/>
		<feat xlink:href="#sSpan758" value="Greek"/>
		<feat xlink:href="#sSpan783" value="Greek"/>
		<feat xlink:href="#sSpan787" value="Hebrew"/>
		<feat xlink:href="#sSpan807" value="Greek"/>
		<feat xlink:href="#sSpan827" value="Greek"/>
		<feat xlink:href="#sSpan831" value="Greek"/>
		<feat xlink:href="#sSpan844" value="Greek"/>
		<feat xlink:href="#sSpan849" value="Hebrew"/>
		<feat xlink:href="#sSpan895" value="Greek"/></featList></paula>