<?xml version='1.0' encoding='UTF-8'?><!DOCTYPE paula SYSTEM "paula_feat.dtd">
<paula version="1.1">
	<header paula_id="scriptorium.40_Matthew_03.mark_verse_n"/>
	<featList xmlns:xlink="http://www.w3.org/1999/xlink" type="verse_n" xml:base="scriptorium.40_Matthew_03.mark.xml">
		<feat xlink:href="#sSpan3" value="1"/>
		<feat xlink:href="#sSpan46" value="2"/>
		<feat xlink:href="#sSpan82" value="3"/>
		<feat xlink:href="#sSpan152" value="4"/>
		<feat xlink:href="#sSpan222" value="5"/>
		<feat xlink:href="#sSpan264" value="6"/>
		<feat xlink:href="#sSpan297" value="7"/>
		<feat xlink:href="#sSpan377" value="8"/>
		<feat xlink:href="#sSpan399" value="9"/>
		<feat xlink:href="#sSpan471" value="10"/>
		<feat xlink:href="#sSpan538" value="11"/>
		<feat xlink:href="#sSpan622" value="12"/>
		<feat xlink:href="#sSpan688" value="13"/>
		<feat xlink:href="#sSpan731" value="14"/>
		<feat xlink:href="#sSpan780" value="15"/>
		<feat xlink:href="#sSpan842" value="16"/>
		<feat xlink:href="#sSpan928" value="17"/></featList></paula>