<?xml version='1.0' encoding='UTF-8'?><!DOCTYPE paula SYSTEM "paula_feat.dtd">
<paula version="1.1">
	<header paula_id="scriptorium.40_Matthew_03.mark_translation"/>
	<featList xmlns:xlink="http://www.w3.org/1999/xlink" type="translation" xml:base="scriptorium.40_Matthew_03.mark.xml">
		<feat xlink:href="#sSpan3" value="In those days, John the Baptizer came, preaching in the wilderness of Judea, saying,"/>
		<feat xlink:href="#sSpan46" value="'Repent, for the Kingdom of Heaven is at hand!'"/>
		<feat xlink:href="#sSpan82" value="For this is he who was spoken of by Isaiah the prophet, saying, 'The voice of one crying in the wilderness, make ready the way of the Lord. Make his paths straight.'"/>
		<feat xlink:href="#sSpan152" value="Now John himself wore clothing made of camel's hair, with a leather belt around his waist. His food was locusts and wild honey."/>
		<feat xlink:href="#sSpan222" value="Then people from Jerusalem, all of Judea, and all the region around the Jordan went out to him."/>
		<feat xlink:href="#sSpan264" value="They were baptized by him in the Jordan, confessing their sins."/>
		<feat xlink:href="#sSpan297" value="But when he saw many of the Pharisees and Sadducees coming for his baptism, he said to them, 'You offspring of vipers, who warned you to flee from the wrath to come?"/>
		<feat xlink:href="#sSpan377" value="Therefore bring forth fruit worthy of repentance!"/>
		<feat xlink:href="#sSpan399" value="Don't think to yourselves, 'We have Abraham for our father,' for I tell you that God is able to raise up children to Abraham from these stones."/>
		<feat xlink:href="#sSpan471" value="'Even now the axe lies at the root of the trees. Therefore, every tree that doesn't bring forth good fruit is cut down, and cast into the fire."/>
		<feat xlink:href="#sSpan538" value="I indeed baptize"/>
		<feat xlink:href="#sSpan622" value="His winnowing fork is in his hand, and he will thoroughly cleanse his threshing floor. He will gather his wheat into the barn, but the chaff he will burn up with unquenchable fire.'"/>
		<feat xlink:href="#sSpan688" value="Then Jesus came from Galilee to the Jordan to John, to be baptized by him."/>
		<feat xlink:href="#sSpan731" value="But John would have hindered him, saying, 'I need to be baptized by you, and you come to me?'"/>
		<feat xlink:href="#sSpan780" value="But Jesus, answering, said to him, 'Allow it now, for this is the fitting way for us to fulfill all righteousness.' Then he allowed him."/>
		<feat xlink:href="#sSpan842" value="Jesus, when he was baptized, went up directly from the water: and behold, the heavens were opened to him. He saw the Spirit of God descending as a dove, and coming on him."/>
		<feat xlink:href="#sSpan928" value="Behold, a voice out of the heavens said, 'This is my beloved Son, with whom I am well pleased.'"/></featList></paula>