<?xml version='1.0' encoding='UTF-8'?><!DOCTYPE paula SYSTEM "paula_feat.dtd">
<paula version="1.1">
	<header paula_id="scriptorium.40_Matthew_03.mark_pos"/>
	<featList xmlns:xlink="http://www.w3.org/1999/xlink" type="pos" xml:base="scriptorium.40_Matthew_03.mark.xml">
		<feat xlink:href="#sSpan1" value="ADV"/>
		<feat xlink:href="#sSpan4" value="PTC"/>
		<feat xlink:href="#sSpan6" value="PREP"/>
		<feat xlink:href="#sSpan8" value="ART"/>
		<feat xlink:href="#sSpan10" value="N"/>
		<feat xlink:href="#sSpan11" value="CREL"/>
		<feat xlink:href="#sSpan13" value="ADV"/>
		<feat xlink:href="#sSpan14" value="APST"/>
		<feat xlink:href="#sSpan16" value="PPERS"/>
		<feat xlink:href="#sSpan17" value="V"/>
		<feat xlink:href="#sSpan18" value="PTC"/>
		<feat xlink:href="#sSpan20" value="NPROP"/>
		<feat xlink:href="#sSpan22" value="ART"/>
		<feat xlink:href="#sSpan24" value="N"/>
		<feat xlink:href="#sSpan25" value="CCIRC"/>
		<feat xlink:href="#sSpan27" value="PPERS"/>
		<feat xlink:href="#sSpan29" value="V"/>
		<feat xlink:href="#sSpan31" value="ADV"/>
		<feat xlink:href="#sSpan34" value="PREP"/>
		<feat xlink:href="#sSpan36" value="ART"/>
		<feat xlink:href="#sSpan38" value="N"/>
		<feat xlink:href="#sSpan39" value="PREP"/>
		<feat xlink:href="#sSpan41" value="ART"/>
		<feat xlink:href="#sSpan43" value="NPROP"/>
		<feat xlink:href="#sSpan44" value="CCIRC"/>
		<feat xlink:href="#sSpan47" value="PPERS"/>
		<feat xlink:href="#sSpan48" value="V"/>
		<feat xlink:href="#sSpan49" value="PREP"/>
		<feat xlink:href="#sSpan51" value="PPERO"/>
		<feat xlink:href="#sSpan52" value="CONJ"/>
		<feat xlink:href="#sSpan54" value="V"/>
		<feat xlink:href="#sSpan55" value="PUNCT"/>
		<feat xlink:href="#sSpan57" value="APST"/>
		<feat xlink:href="#sSpan59" value="PPERS"/>
		<feat xlink:href="#sSpan60" value="V"/>
		<feat xlink:href="#sSpan61" value="PTC"/>
		<feat xlink:href="#sSpan63" value="ADV"/>
		<feat xlink:href="#sSpan65" value="PTC"/>
		<feat xlink:href="#sSpan67" value="ART"/>
		<feat xlink:href="#sSpan70" value="N"/>
		<feat xlink:href="#sSpan72" value="PREP"/>
		<feat xlink:href="#sSpan74" value="ART"/>
		<feat xlink:href="#sSpan76" value="N"/>
		<feat xlink:href="#sSpan77" value="PUNCT"/>
		<feat xlink:href="#sSpan79" value="PDEM"/>
		<feat xlink:href="#sSpan83" value="PTC"/>
		<feat xlink:href="#sSpan85" value="COP"/>
		<feat xlink:href="#sSpan87" value="CREL"/>
		<feat xlink:href="#sSpan88" value="APST"/>
		<feat xlink:href="#sSpan89" value="PPERS"/>
		<feat xlink:href="#sSpan90" value="V"/>
		<feat xlink:href="#sSpan91" value="PPERO"/>
		<feat xlink:href="#sSpan92" value="PREP"/>
		<feat xlink:href="#sSpan94" value="NPROP"/>
		<feat xlink:href="#sSpan96" value="ART"/>
		<feat xlink:href="#sSpan98" value="N"/>
		<feat xlink:href="#sSpan99" value="CCIRC"/>
		<feat xlink:href="#sSpan101" value="PPERS"/>
		<feat xlink:href="#sSpan102" value="V"/>
		<feat xlink:href="#sSpan103" value="PREP"/>
		<feat xlink:href="#sSpan105" value="PPERO"/>
		<feat xlink:href="#sSpan106" value="CONJ"/>
		<feat xlink:href="#sSpan108" value="ART"/>
		<feat xlink:href="#sSpan110" value="N"/>
		<feat xlink:href="#sSpan111" value="PREP"/>
		<feat xlink:href="#sSpan113" value="ART"/>
		<feat xlink:href="#sSpan115" value="CREL"/>
		<feat xlink:href="#sSpan116" value="V"/>
		<feat xlink:href="#sSpan118" value="ADV"/>
		<feat xlink:href="#sSpan120" value="PREP"/>
		<feat xlink:href="#sSpan122" value="ART"/>
		<feat xlink:href="#sSpan124" value="N"/>
		<feat xlink:href="#sSpan125" value="CONJ"/>
		<feat xlink:href="#sSpan127" value="V"/>
		<feat xlink:href="#sSpan128" value="ART"/>
		<feat xlink:href="#sSpan130" value="N"/>
		<feat xlink:href="#sSpan131" value="PREP"/>
		<feat xlink:href="#sSpan133" value="ART"/>
		<feat xlink:href="#sSpan135" value="N"/>
		<feat xlink:href="#sSpan136" value="ACONJ"/>
		<feat xlink:href="#sSpan138" value="PPERS"/>
		<feat xlink:href="#sSpan139" value="V"/>
		<feat xlink:href="#sSpan140" value="PREP"/>
		<feat xlink:href="#sSpan142" value="PPOS"/>
		<feat xlink:href="#sSpan144" value="N"/>
		<feat xlink:href="#sSpan145" value="PREP"/>
		<feat xlink:href="#sSpan147" value="V"/>
		<feat xlink:href="#sSpan148" value="PUNCT"/>
		<feat xlink:href="#sSpan150" value="PPERI"/>
		<feat xlink:href="#sSpan153" value="PTC"/>
		<feat xlink:href="#sSpan155" value="NPROP"/>
		<feat xlink:href="#sSpan158" value="CPRET"/>
		<feat xlink:href="#sSpan160" value="PPOS"/>
		<feat xlink:href="#sSpan162" value="N"/>
		<feat xlink:href="#sSpan163" value="VSTAT"/>
		<feat xlink:href="#sSpan165" value="ADV"/>
		<feat xlink:href="#sSpan168" value="PREP"/>
		<feat xlink:href="#sSpan170" value="ART"/>
		<feat xlink:href="#sSpan172" value="N"/>
		<feat xlink:href="#sSpan173" value="PREP"/>
		<feat xlink:href="#sSpan175" value="N"/>
		<feat xlink:href="#sSpan177" value="PUNCT"/>
		<feat xlink:href="#sSpan179" value="CCIRC"/>
		<feat xlink:href="#sSpan181" value="ART"/>
		<feat xlink:href="#sSpan183" value="N"/>
		<feat xlink:href="#sSpan184" value="PREP"/>
		<feat xlink:href="#sSpan186" value="N"/>
		<feat xlink:href="#sSpan188" value="VSTAT"/>
		<feat xlink:href="#sSpan190" value="PREP"/>
		<feat xlink:href="#sSpan192" value="PPOS"/>
		<feat xlink:href="#sSpan194" value="N"/>
		<feat xlink:href="#sSpan195" value="PUNCT"/>
		<feat xlink:href="#sSpan197" value="PPOS"/>
		<feat xlink:href="#sSpan200" value="N"/>
		<feat xlink:href="#sSpan201" value="PTC"/>
		<feat xlink:href="#sSpan203" value="CPRET"/>
		<feat xlink:href="#sSpan205" value="ART"/>
		<feat xlink:href="#sSpan207" value="N"/>
		<feat xlink:href="#sSpan208" value="COP"/>
		<feat xlink:href="#sSpan210" value="PREP"/>
		<feat xlink:href="#sSpan212" value="ART"/>
		<feat xlink:href="#sSpan214" value="N"/>
		<feat xlink:href="#sSpan215" value="V"/>
		<feat xlink:href="#sSpan217" value="PPERO"/>
		<feat xlink:href="#sSpan218" value="PUNCT"/>
		<feat xlink:href="#sSpan220" value="ADV"/>
		<feat xlink:href="#sSpan223" value="ART"/>
		<feat xlink:href="#sSpan226" value="N"/>
		<feat xlink:href="#sSpan227" value="ADV"/>
		<feat xlink:href="#sSpan229" value="PREP"/>
		<feat xlink:href="#sSpan231" value="PPERO"/>
		<feat xlink:href="#sSpan232" value="PTC"/>
		<feat xlink:href="#sSpan234" value="ART"/>
		<feat xlink:href="#sSpan236" value="NPROP"/>
		<feat xlink:href="#sSpan237" value="IMOD"/>
		<feat xlink:href="#sSpan239" value="PPERO"/>
		<feat xlink:href="#sSpan240" value="PUNCT"/>
		<feat xlink:href="#sSpan242" value="PREP"/>
		<feat xlink:href="#sSpan244" value="ART"/>
		<feat xlink:href="#sSpan246" value="NPROP"/>
		<feat xlink:href="#sSpan247" value="PREP"/>
		<feat xlink:href="#sSpan249" value="ART"/>
		<feat xlink:href="#sSpan251" value="N"/>
		<feat xlink:href="#sSpan252" value="IMOD"/>
		<feat xlink:href="#sSpan254" value="PPERO"/>
		<feat xlink:href="#sSpan255" value="PREP"/>
		<feat xlink:href="#sSpan257" value="ART"/>
		<feat xlink:href="#sSpan259" value="NPROP"/>
		<feat xlink:href="#sSpan260" value="PUNCT"/>
		<feat xlink:href="#sSpan262" value="CCIRC"/>
		<feat xlink:href="#sSpan265" value="PPERS"/>
		<feat xlink:href="#sSpan266" value="V"/>
		<feat xlink:href="#sSpan267" value="N"/>
		<feat xlink:href="#sSpan270" value="ADV"/>
		<feat xlink:href="#sSpan273" value="PREP"/>
		<feat xlink:href="#sSpan275" value="PPERO"/>
		<feat xlink:href="#sSpan276" value="PREP"/>
		<feat xlink:href="#sSpan278" value="ART"/>
		<feat xlink:href="#sSpan280" value="NPROP"/>
		<feat xlink:href="#sSpan281" value="ART"/>
		<feat xlink:href="#sSpan283" value="N"/>
		<feat xlink:href="#sSpan284" value="CCIRC"/>
		<feat xlink:href="#sSpan286" value="PPERS"/>
		<feat xlink:href="#sSpan287" value="V"/>
		<feat xlink:href="#sSpan288" value="PREP"/>
		<feat xlink:href="#sSpan290" value="PPOS"/>
		<feat xlink:href="#sSpan292" value="N"/>
		<feat xlink:href="#sSpan293" value="PUNCT"/>
		<feat xlink:href="#sSpan295" value="APREC"/>
		<feat xlink:href="#sSpan298" value="PPERS"/>
		<feat xlink:href="#sSpan299" value="V"/>
		<feat xlink:href="#sSpan300" value="PTC"/>
		<feat xlink:href="#sSpan302" value="PREP"/>
		<feat xlink:href="#sSpan304" value="N"/>
		<feat xlink:href="#sSpan306" value="PREP"/>
		<feat xlink:href="#sSpan308" value="ART"/>
		<feat xlink:href="#sSpan310" value="N"/>
		<feat xlink:href="#sSpan311" value="PREP"/>
		<feat xlink:href="#sSpan313" value="ART"/>
		<feat xlink:href="#sSpan315" value="NPROP"/>
		<feat xlink:href="#sSpan316" value="CCIRC"/>
		<feat xlink:href="#sSpan318" value="PPERS"/>
		<feat xlink:href="#sSpan319" value="VSTAT"/>
		<feat xlink:href="#sSpan321" value="PREP"/>
		<feat xlink:href="#sSpan323" value="ART"/>
		<feat xlink:href="#sSpan325" value="N"/>
		<feat xlink:href="#sSpan326" value="VBD"/>
		<feat xlink:href="#sSpan328" value="PPERS"/>
		<feat xlink:href="#sSpan329" value="PREP"/>
		<feat xlink:href="#sSpan331" value="PPERO"/>
		<feat xlink:href="#sSpan332" value="PUNCT"/>
		<feat xlink:href="#sSpan334" value="CONJ"/>
		<feat xlink:href="#sSpan336" value="ART"/>
		<feat xlink:href="#sSpan338" value="N"/>
		<feat xlink:href="#sSpan339" value="PREP"/>
		<feat xlink:href="#sSpan341" value="N"/>
		<feat xlink:href="#sSpan343" value="PUNCT"/>
		<feat xlink:href="#sSpan345" value="PINT"/>
		<feat xlink:href="#sSpan347" value="COP"/>
		<feat xlink:href="#sSpan349" value="CREL"/>
		<feat xlink:href="#sSpan350" value="APST"/>
		<feat xlink:href="#sSpan351" value="PPERS"/>
		<feat xlink:href="#sSpan352" value="V"/>
		<feat xlink:href="#sSpan353" value="PPERO"/>
		<feat xlink:href="#sSpan355" value="PREP"/>
		<feat xlink:href="#sSpan357" value="V"/>
		<feat xlink:href="#sSpan359" value="ADV"/>
		<feat xlink:href="#sSpan361" value="N"/>
		<feat xlink:href="#sSpan364" value="PPERO"/>
		<feat xlink:href="#sSpan365" value="PREP"/>
		<feat xlink:href="#sSpan367" value="ART"/>
		<feat xlink:href="#sSpan369" value="N"/>
		<feat xlink:href="#sSpan370" value="CREL"/>
		<feat xlink:href="#sSpan372" value="VSTAT"/>
		<feat xlink:href="#sSpan373" value="PUNCT"/>
		<feat xlink:href="#sSpan375" value="APST_PPERS"/>
		<feat xlink:href="#sSpan378" value="V"/>
		<feat xlink:href="#sSpan379" value="PTC"/>
		<feat xlink:href="#sSpan381" value="PREP"/>
		<feat xlink:href="#sSpan383" value="ART"/>
		<feat xlink:href="#sSpan385" value="N"/>
		<feat xlink:href="#sSpan386" value="CCIRC"/>
		<feat xlink:href="#sSpan388" value="PPERS"/>
		<feat xlink:href="#sSpan389" value="V"/>
		<feat xlink:href="#sSpan390" value="PREP"/>
		<feat xlink:href="#sSpan392" value="ART"/>
		<feat xlink:href="#sSpan394" value="N"/>
		<feat xlink:href="#sSpan395" value="PUNCT"/>
		<feat xlink:href="#sSpan397" value="ACONJ"/>
		<feat xlink:href="#sSpan400" value="PPERS"/>
		<feat xlink:href="#sSpan401" value="NEG"/>
		<feat xlink:href="#sSpan402" value="V"/>
		<feat xlink:href="#sSpan403" value="PREP"/>
		<feat xlink:href="#sSpan405" value="V"/>
		<feat xlink:href="#sSpan406" value="PPERO"/>
		<feat xlink:href="#sSpan407" value="PREP"/>
		<feat xlink:href="#sSpan409" value="PPERO"/>
		<feat xlink:href="#sSpan410" value="PUNCT"/>
		<feat xlink:href="#sSpan412" value="CONJ"/>
		<feat xlink:href="#sSpan414" value="EXIST"/>
		<feat xlink:href="#sSpan415" value="PPERO"/>
		<feat xlink:href="#sSpan416" value="ADV"/>
		<feat xlink:href="#sSpan418" value="PREP"/>
		<feat xlink:href="#sSpan420" value="PPOS"/>
		<feat xlink:href="#sSpan422" value="N"/>
		<feat xlink:href="#sSpan423" value="NPROP"/>
		<feat xlink:href="#sSpan425" value="PUNCT"/>
		<feat xlink:href="#sSpan427" value="PPERS"/>
		<feat xlink:href="#sSpan429" value="V"/>
		<feat xlink:href="#sSpan430" value="PTC"/>
		<feat xlink:href="#sSpan432" value="PREP"/>
		<feat xlink:href="#sSpan434" value="PPERO"/>
		<feat xlink:href="#sSpan435" value="PREP"/>
		<feat xlink:href="#sSpan437" value="PPERO"/>
		<feat xlink:href="#sSpan438" value="CONJ"/>
		<feat xlink:href="#sSpan440" value="EXIST"/>
		<feat xlink:href="#sSpan441" value="N"/>
		<feat xlink:href="#sSpan442" value="PREP"/>
		<feat xlink:href="#sSpan444" value="ART"/>
		<feat xlink:href="#sSpan446" value="N"/>
		<feat xlink:href="#sSpan447" value="PREP"/>
		<feat xlink:href="#sSpan449" value="V"/>
		<feat xlink:href="#sSpan450" value="ART"/>
		<feat xlink:href="#sSpan453" value="N"/>
		<feat xlink:href="#sSpan454" value="PREP"/>
		<feat xlink:href="#sSpan456" value="NPROP"/>
		<feat xlink:href="#sSpan458" value="ADV"/>
		<feat xlink:href="#sSpan461" value="PREP"/>
		<feat xlink:href="#sSpan463" value="PDEM"/>
		<feat xlink:href="#sSpan465" value="N"/>
		<feat xlink:href="#sSpan466" value="PUNCT"/>
		<feat xlink:href="#sSpan468" value="PREP"/>
		<feat xlink:href="#sSpan472" value="ADV"/>
		<feat xlink:href="#sSpan473" value="PTC"/>
		<feat xlink:href="#sSpan475" value="ART"/>
		<feat xlink:href="#sSpan478" value="N"/>
		<feat xlink:href="#sSpan479" value="VSTAT"/>
		<feat xlink:href="#sSpan482" value="PREP"/>
		<feat xlink:href="#sSpan484" value="ART"/>
		<feat xlink:href="#sSpan486" value="N"/>
		<feat xlink:href="#sSpan487" value="PREP"/>
		<feat xlink:href="#sSpan489" value="ART"/>
		<feat xlink:href="#sSpan491" value="N"/>
		<feat xlink:href="#sSpan492" value="PUNCT"/>
		<feat xlink:href="#sSpan494" value="N"/>
		<feat xlink:href="#sSpan497" value="PTC"/>
		<feat xlink:href="#sSpan499" value="PINT"/>
		<feat xlink:href="#sSpan501" value="CREL"/>
		<feat xlink:href="#sSpan503" value="NEG"/>
		<feat xlink:href="#sSpan504" value="PPERS"/>
		<feat xlink:href="#sSpan505" value="FUT"/>
		<feat xlink:href="#sSpan506" value="V"/>
		<feat xlink:href="#sSpan507" value="NEG"/>
		<feat xlink:href="#sSpan509" value="PREP"/>
		<feat xlink:href="#sSpan511" value="ART"/>
		<feat xlink:href="#sSpan513" value="N"/>
		<feat xlink:href="#sSpan514" value="PREP"/>
		<feat xlink:href="#sSpan516" value="PPOS"/>
		<feat xlink:href="#sSpan518" value="N"/>
		<feat xlink:href="#sSpan519" value="PPERS"/>
		<feat xlink:href="#sSpan521" value="FUT"/>
		<feat xlink:href="#sSpan522" value="V"/>
		<feat xlink:href="#sSpan523" value="PPERO"/>
		<feat xlink:href="#sSpan524" value="ACONJ"/>
		<feat xlink:href="#sSpan526" value="PPERS"/>
		<feat xlink:href="#sSpan527" value="V"/>
		<feat xlink:href="#sSpan528" value="PPERO"/>
		<feat xlink:href="#sSpan529" value="PREP"/>
		<feat xlink:href="#sSpan531" value="ART"/>
		<feat xlink:href="#sSpan533" value="N"/>
		<feat xlink:href="#sSpan534" value="PUNCT"/>
		<feat xlink:href="#sSpan536" value="PPERI"/>
		<feat xlink:href="#sSpan539" value="PTC"/>
		<feat xlink:href="#sSpan541" value="CFOC"/>
		<feat xlink:href="#sSpan543" value="PPERS"/>
		<feat xlink:href="#sSpan544" value="V"/>
		<feat xlink:href="#sSpan545" value="PREP"/>
		<feat xlink:href="#sSpan547" value="PPERO"/>
		<feat xlink:href="#sSpan548" value="PREP"/>
		<feat xlink:href="#sSpan550" value="ART"/>
		<feat xlink:href="#sSpan552" value="N"/>
		<feat xlink:href="#sSpan553" value="PREP"/>
		<feat xlink:href="#sSpan555" value="ART"/>
		<feat xlink:href="#sSpan557" value="N"/>
		<feat xlink:href="#sSpan558" value="PUNCT"/>
		<feat xlink:href="#sSpan560" value="ART"/>
		<feat xlink:href="#sSpan563" value="CREL"/>
		<feat xlink:href="#sSpan564" value="VSTAT"/>
		<feat xlink:href="#sSpan565" value="PTC"/>
		<feat xlink:href="#sSpan567" value="PPERS"/>
		<feat xlink:href="#sSpan569" value="VSTAT"/>
		<feat xlink:href="#sSpan570" value="PREP"/>
		<feat xlink:href="#sSpan572" value="PPERO"/>
		<feat xlink:href="#sSpan573" value="PDEM"/>
		<feat xlink:href="#sSpan576" value="NEG"/>
		<feat xlink:href="#sSpan578" value="PPERS"/>
		<feat xlink:href="#sSpan579" value="V"/>
		<feat xlink:href="#sSpan580" value="NEG"/>
		<feat xlink:href="#sSpan582" value="ACONJ"/>
		<feat xlink:href="#sSpan584" value="PPERS"/>
		<feat xlink:href="#sSpan585" value="V"/>
		<feat xlink:href="#sSpan586" value="PREP"/>
		<feat xlink:href="#sSpan588" value="PPOS"/>
		<feat xlink:href="#sSpan590" value="N"/>
		<feat xlink:href="#sSpan591" value="PUNCT"/>
		<feat xlink:href="#sSpan593" value="PPERI"/>
		<feat xlink:href="#sSpan595" value="COP"/>
		<feat xlink:href="#sSpan597" value="CREL"/>
		<feat xlink:href="#sSpan598" value="FUT"/>
		<feat xlink:href="#sSpan599" value="V"/>
		<feat xlink:href="#sSpan600" value="PREP"/>
		<feat xlink:href="#sSpan602" value="PPERO"/>
		<feat xlink:href="#sSpan603" value="PREP"/>
		<feat xlink:href="#sSpan605" value="ART"/>
		<feat xlink:href="#sSpan607" value="N"/>
		<feat xlink:href="#sSpan608" value="CCIRC"/>
		<feat xlink:href="#sSpan610" value="PPERS"/>
		<feat xlink:href="#sSpan611" value="VSTAT"/>
		<feat xlink:href="#sSpan612" value="PREP"/>
		<feat xlink:href="#sSpan614" value="ART"/>
		<feat xlink:href="#sSpan616" value="N"/>
		<feat xlink:href="#sSpan617" value="PUNCT"/>
		<feat xlink:href="#sSpan619" value="PDEM"/>
		<feat xlink:href="#sSpan623" value="CREL"/>
		<feat xlink:href="#sSpan625" value="PPOS"/>
		<feat xlink:href="#sSpan627" value="N"/>
		<feat xlink:href="#sSpan629" value="PREP"/>
		<feat xlink:href="#sSpan631" value="PPOS"/>
		<feat xlink:href="#sSpan632" value="N"/>
		<feat xlink:href="#sSpan633" value="CCIRC"/>
		<feat xlink:href="#sSpan635" value="PPERS"/>
		<feat xlink:href="#sSpan636" value="FUT"/>
		<feat xlink:href="#sSpan637" value="V"/>
		<feat xlink:href="#sSpan638" value="PREP"/>
		<feat xlink:href="#sSpan640" value="PPOS"/>
		<feat xlink:href="#sSpan642" value="N"/>
		<feat xlink:href="#sSpan643" value="PUNCT"/>
		<feat xlink:href="#sSpan645" value="ACONJ"/>
		<feat xlink:href="#sSpan647" value="PPERS"/>
		<feat xlink:href="#sSpan648" value="V"/>
		<feat xlink:href="#sSpan649" value="ADV"/>
		<feat xlink:href="#sSpan651" value="PREP"/>
		<feat xlink:href="#sSpan653" value="PPOS"/>
		<feat xlink:href="#sSpan655" value="N"/>
		<feat xlink:href="#sSpan656" value="PREP"/>
		<feat xlink:href="#sSpan658" value="ART"/>
		<feat xlink:href="#sSpan660" value="N"/>
		<feat xlink:href="#sSpan661" value="PUNCT"/>
		<feat xlink:href="#sSpan663" value="ART"/>
		<feat xlink:href="#sSpan666" value="N"/>
		<feat xlink:href="#sSpan667" value="PTC"/>
		<feat xlink:href="#sSpan669" value="ACONJ"/>
		<feat xlink:href="#sSpan671" value="PPERS"/>
		<feat xlink:href="#sSpan672" value="V"/>
		<feat xlink:href="#sSpan673" value="PPERO"/>
		<feat xlink:href="#sSpan674" value="PREP"/>
		<feat xlink:href="#sSpan676" value="ART"/>
		<feat xlink:href="#sSpan678" value="N"/>
		<feat xlink:href="#sSpan679" value="CCIRC"/>
		<feat xlink:href="#sSpan681" value="ANEGAOR"/>
		<feat xlink:href="#sSpan682" value="PPERS"/>
		<feat xlink:href="#sSpan683" value="V"/>
		<feat xlink:href="#sSpan684" value="PUNCT"/>
		<feat xlink:href="#sSpan686" value="ADV"/>
		<feat xlink:href="#sSpan689" value="APST"/>
		<feat xlink:href="#sSpan691" value="PPERS"/>
		<feat xlink:href="#sSpan692" value="V"/>
		<feat xlink:href="#sSpan693" value="PTC"/>
		<feat xlink:href="#sSpan695" value="NPROP"/>
		<feat xlink:href="#sSpan697" value="ADV"/>
		<feat xlink:href="#sSpan700" value="PREP"/>
		<feat xlink:href="#sSpan702" value="ART"/>
		<feat xlink:href="#sSpan704" value="NPROP"/>
		<feat xlink:href="#sSpan705" value="ADV"/>
		<feat xlink:href="#sSpan707" value="PREP"/>
		<feat xlink:href="#sSpan709" value="ART"/>
		<feat xlink:href="#sSpan711" value="NPROP"/>
		<feat xlink:href="#sSpan712" value="PREP"/>
		<feat xlink:href="#sSpan714" value="NPROP"/>
		<feat xlink:href="#sSpan716" value="PREP"/>
		<feat xlink:href="#sSpan718" value="ACAUS"/>
		<feat xlink:href="#sSpan719" value="PPERS"/>
		<feat xlink:href="#sSpan720" value="V"/>
		<feat xlink:href="#sSpan721" value="ADV"/>
		<feat xlink:href="#sSpan724" value="PREP"/>
		<feat xlink:href="#sSpan726" value="PPERO"/>
		<feat xlink:href="#sSpan727" value="PUNCT"/>
		<feat xlink:href="#sSpan729" value="PPERI"/>
		<feat xlink:href="#sSpan732" value="PTC"/>
		<feat xlink:href="#sSpan734" value="APST"/>
		<feat xlink:href="#sSpan736" value="PPERS"/>
		<feat xlink:href="#sSpan737" value="V"/>
		<feat xlink:href="#sSpan738" value="PREP"/>
		<feat xlink:href="#sSpan740" value="PPERO"/>
		<feat xlink:href="#sSpan741" value="CCIRC"/>
		<feat xlink:href="#sSpan743" value="PPERS"/>
		<feat xlink:href="#sSpan744" value="V"/>
		<feat xlink:href="#sSpan745" value="PREP"/>
		<feat xlink:href="#sSpan747" value="PPERO"/>
		<feat xlink:href="#sSpan748" value="CONJ"/>
		<feat xlink:href="#sSpan750" value="PPERI"/>
		<feat xlink:href="#sSpan751" value="CREL"/>
		<feat xlink:href="#sSpan754" value="V"/>
		<feat xlink:href="#sSpan756" value="PREP"/>
		<feat xlink:href="#sSpan758" value="V"/>
		<feat xlink:href="#sSpan759" value="ADV"/>
		<feat xlink:href="#sSpan762" value="PREP"/>
		<feat xlink:href="#sSpan764" value="PPERO"/>
		<feat xlink:href="#sSpan765" value="CONJ"/>
		<feat xlink:href="#sSpan767" value="PPERI"/>
		<feat xlink:href="#sSpan769" value="CREL"/>
		<feat xlink:href="#sSpan771" value="VSTAT"/>
		<feat xlink:href="#sSpan773" value="PREP"/>
		<feat xlink:href="#sSpan775" value="PPERO"/>
		<feat xlink:href="#sSpan776" value="PUNCT"/>
		<feat xlink:href="#sSpan778" value="APST"/>
		<feat xlink:href="#sSpan781" value="PPERS"/>
		<feat xlink:href="#sSpan782" value="V"/>
		<feat xlink:href="#sSpan783" value="PTC"/>
		<feat xlink:href="#sSpan785" value="PTC"/>
		<feat xlink:href="#sSpan787" value="NPROP"/>
		<feat xlink:href="#sSpan789" value="CCIRC"/>
		<feat xlink:href="#sSpan791" value="PPERS"/>
		<feat xlink:href="#sSpan792" value="V"/>
		<feat xlink:href="#sSpan793" value="PREP"/>
		<feat xlink:href="#sSpan795" value="PPERO"/>
		<feat xlink:href="#sSpan796" value="PREP"/>
		<feat xlink:href="#sSpan798" value="PPERO"/>
		<feat xlink:href="#sSpan799" value="CONJ"/>
		<feat xlink:href="#sSpan801" value="V"/>
		<feat xlink:href="#sSpan802" value="ADV"/>
		<feat xlink:href="#sSpan804" value="PDEM"/>
		<feat xlink:href="#sSpan807" value="PTC"/>
		<feat xlink:href="#sSpan809" value="COP"/>
		<feat xlink:href="#sSpan811" value="ART"/>
		<feat xlink:href="#sSpan813" value="N"/>
		<feat xlink:href="#sSpan814" value="CREL"/>
		<feat xlink:href="#sSpan816" value="V"/>
		<feat xlink:href="#sSpan817" value="PREP"/>
		<feat xlink:href="#sSpan819" value="PPERO"/>
		<feat xlink:href="#sSpan820" value="PREP"/>
		<feat xlink:href="#sSpan822" value="PPERO"/>
		<feat xlink:href="#sSpan823" value="ADV"/>
		<feat xlink:href="#sSpan825" value="PREP"/>
		<feat xlink:href="#sSpan827" value="N"/>
		<feat xlink:href="#sSpan829" value="PINT"/>
		<feat xlink:href="#sSpan831" value="ADV"/>
		<feat xlink:href="#sSpan833" value="APST"/>
		<feat xlink:href="#sSpan835" value="PPERS"/>
		<feat xlink:href="#sSpan836" value="V"/>
		<feat xlink:href="#sSpan837" value="PPERO"/>
		<feat xlink:href="#sSpan838" value="PUNCT"/>
		<feat xlink:href="#sSpan840" value="APREC"/>
		<feat xlink:href="#sSpan843" value="PPERS"/>
		<feat xlink:href="#sSpan844" value="V"/>
		<feat xlink:href="#sSpan845" value="PTC"/>
		<feat xlink:href="#sSpan847" value="PTC"/>
		<feat xlink:href="#sSpan849" value="NPROP"/>
		<feat xlink:href="#sSpan851" value="PREP"/>
		<feat xlink:href="#sSpan853" value="ART"/>
		<feat xlink:href="#sSpan854" value="N"/>
		<feat xlink:href="#sSpan855" value="APST"/>
		<feat xlink:href="#sSpan857" value="PPERS"/>
		<feat xlink:href="#sSpan858" value="V"/>
		<feat xlink:href="#sSpan860" value="ADV"/>
		<feat xlink:href="#sSpan862" value="PREP"/>
		<feat xlink:href="#sSpan864" value="ART"/>
		<feat xlink:href="#sSpan866" value="N"/>
		<feat xlink:href="#sSpan867" value="PUNCT"/>
		<feat xlink:href="#sSpan869" value="CONJ"/>
		<feat xlink:href="#sSpan871" value="PTC"/>
		<feat xlink:href="#sSpan874" value="PTC"/>
		<feat xlink:href="#sSpan876" value="APST"/>
		<feat xlink:href="#sSpan878" value="PPERS"/>
		<feat xlink:href="#sSpan879" value="V"/>
		<feat xlink:href="#sSpan880" value="PTC"/>
		<feat xlink:href="#sSpan882" value="ART"/>
		<feat xlink:href="#sSpan884" value="N"/>
		<feat xlink:href="#sSpan885" value="PUNCT"/>
		<feat xlink:href="#sSpan887" value="APST"/>
		<feat xlink:href="#sSpan889" value="PPERS"/>
		<feat xlink:href="#sSpan890" value="V"/>
		<feat xlink:href="#sSpan891" value="PREP"/>
		<feat xlink:href="#sSpan893" value="ART"/>
		<feat xlink:href="#sSpan895" value="N"/>
		<feat xlink:href="#sSpan896" value="PREP"/>
		<feat xlink:href="#sSpan898" value="ART"/>
		<feat xlink:href="#sSpan900" value="N"/>
		<feat xlink:href="#sSpan901" value="CCIRC"/>
		<feat xlink:href="#sSpan903" value="PPERS"/>
		<feat xlink:href="#sSpan904" value="VSTAT"/>
		<feat xlink:href="#sSpan906" value="PREP"/>
		<feat xlink:href="#sSpan908" value="ART"/>
		<feat xlink:href="#sSpan909" value="N"/>
		<feat xlink:href="#sSpan910" value="PREP"/>
		<feat xlink:href="#sSpan912" value="ART"/>
		<feat xlink:href="#sSpan913" value="N"/>
		<feat xlink:href="#sSpan914" value="PREP"/>
		<feat xlink:href="#sSpan916" value="ART"/>
		<feat xlink:href="#sSpan918" value="N"/>
		<feat xlink:href="#sSpan919" value="ADV"/>
		<feat xlink:href="#sSpan921" value="PREP"/>
		<feat xlink:href="#sSpan923" value="PPERO"/>
		<feat xlink:href="#sSpan924" value="PUNCT"/>
		<feat xlink:href="#sSpan926" value="CONJ"/>
		<feat xlink:href="#sSpan929" value="PTC"/>
		<feat xlink:href="#sSpan932" value="PTC"/>
		<feat xlink:href="#sSpan934" value="PTC"/>
		<feat xlink:href="#sSpan936" value="ART"/>
		<feat xlink:href="#sSpan938" value="N"/>
		<feat xlink:href="#sSpan939" value="ADV"/>
		<feat xlink:href="#sSpan942" value="PREP"/>
		<feat xlink:href="#sSpan944" value="ART"/>
		<feat xlink:href="#sSpan946" value="N"/>
		<feat xlink:href="#sSpan947" value="CCIRC"/>
		<feat xlink:href="#sSpan949" value="PPERS"/>
		<feat xlink:href="#sSpan950" value="V"/>
		<feat xlink:href="#sSpan951" value="PREP"/>
		<feat xlink:href="#sSpan953" value="PPERO"/>
		<feat xlink:href="#sSpan954" value="CONJ"/>
		<feat xlink:href="#sSpan956" value="PDEM"/>
		<feat xlink:href="#sSpan958" value="COP"/>
		<feat xlink:href="#sSpan960" value="PPOS"/>
		<feat xlink:href="#sSpan963" value="N"/>
		<feat xlink:href="#sSpan964" value="PPOS"/>
		<feat xlink:href="#sSpan967" value="N"/>
		<feat xlink:href="#sSpan968" value="COP"/>
		<feat xlink:href="#sSpan970" value="CREL"/>
		<feat xlink:href="#sSpan971" value="APST"/>
		<feat xlink:href="#sSpan972" value="PPOS"/>
		<feat xlink:href="#sSpan974" value="N"/>
		<feat xlink:href="#sSpan975" value="V"/>
		<feat xlink:href="#sSpan977" value="ADV"/>
		<feat xlink:href="#sSpan980" value="PREP"/>
		<feat xlink:href="#sSpan982" value="PPERO"/>
		<feat xlink:href="#sSpan983" value="PUNCT"/></featList></paula>