<?xml version='1.0' encoding='UTF-8'?><!DOCTYPE paula SYSTEM "paula_feat.dtd">
<paula version="1.1">
	<header paula_id="scriptorium.40_Matthew_03.mark_text"/>
	<featList xmlns:xlink="http://www.w3.org/1999/xlink" type="text" xml:base="scriptorium.40_Matthew_03.mark.xml">
		<feat xlink:href="#sSpan9" value="ⲛⲉ ϩⲟⲟⲩ ⲉⲧ ⲙⲙⲁⲩ"/>
		<feat xlink:href="#sSpan21" value="ⲓⲱϩⲁⲛⲛⲏⲥ ⲡ ⲃⲁⲡⲧⲓⲥⲧⲏⲥ ⲉ ϥ ⲧⲁϣⲉⲟⲉⲓϣ ϩⲣⲁⲓ ϩⲙ ⲡ ϫⲁⲓⲉ ⲛ ⲧ ⲓⲟⲩⲇⲁⲓⲁ"/>
		<feat xlink:href="#sSpan37" value="ⲡ ϫⲁⲓⲉ ⲛ ⲧ ⲓⲟⲩⲇⲁⲓⲁ"/>
		<feat xlink:href="#sSpan42" value="ⲧ ⲓⲟⲩⲇⲁⲓⲁ"/>
		<feat xlink:href="#sSpan68" value="ⲧ ⲙⲛⲧⲣⲣⲟ ⲛ ⲙ ⲡⲏⲩⲉ"/>
		<feat xlink:href="#sSpan75" value="ⲙ ⲡⲏⲩⲉ"/>
		<feat xlink:href="#sSpan80" value="ⲡⲁⲓ"/>
		<feat xlink:href="#sSpan95" value="ⲏⲥⲁⲓⲁⲥ ⲡⲉ ⲡⲣⲟⲫⲏⲧⲏⲥ ⲉ ϥ ϫⲱ ⲙⲙⲟ ⲥ"/>
		<feat xlink:href="#sSpan109" value="ⲧⲉ ⲥⲙⲏ ⲙ ⲡ ⲉⲧ ⲱϣ ⲉⲃⲟⲗ ϩⲓ ⲡ ϫⲁⲓⲉ"/>
		<feat xlink:href="#sSpan114" value="ⲡ ⲉⲧ ⲱϣ ⲉⲃⲟⲗ ϩⲓ ⲡ ϫⲁⲓⲉ"/>
		<feat xlink:href="#sSpan123" value="ⲡ ϫⲁⲓⲉ"/>
		<feat xlink:href="#sSpan129" value="ⲧⲉ ϩⲓⲏ ⲙ ⲡ ϫⲟⲉⲓⲥ"/>
		<feat xlink:href="#sSpan134" value="ⲡ ϫⲟⲉⲓⲥ"/>
		<feat xlink:href="#sSpan143" value="ⲛⲉϥ ⲙⲁ ⲛ ⲙⲟⲟϣⲉ"/>
		<feat xlink:href="#sSpan156" value="ⲓⲱϩⲁⲛⲛⲏⲥ"/>
		<feat xlink:href="#sSpan161" value="ⲧⲉϥ ϩⲃⲥⲱ"/>
		<feat xlink:href="#sSpan171" value="ϩⲉⲛ ⲃⲱ ⲛ ϭⲁⲙⲟⲩⲗ"/>
		<feat xlink:href="#sSpan176" value="ϭⲁⲙⲟⲩⲗ"/>
		<feat xlink:href="#sSpan182" value="ⲟⲩ ⲙⲟϫϩ ⲛ ϣⲁⲁⲣ"/>
		<feat xlink:href="#sSpan187" value="ϣⲁⲁⲣ"/>
		<feat xlink:href="#sSpan193" value="ⲧⲉϥ ϯⲡⲉ"/>
		<feat xlink:href="#sSpan198" value="ⲧⲉϥ ϩⲣⲉ"/>
		<feat xlink:href="#sSpan206" value="ϩⲉⲛ ϣϫⲉ ⲛⲉ ⲙⲛ ⲟⲩ ⲉⲃⲓⲉ ϩⲟⲟⲩ ⲧ"/>
		<feat xlink:href="#sSpan213" value="ⲟⲩ ⲉⲃⲓⲉ"/>
		<feat xlink:href="#sSpan224" value="ⲛⲉ ⲥⲛⲏⲩ"/>
		<feat xlink:href="#sSpan235" value="ⲧ ϩⲓⲉⲣⲟⲩⲥⲁⲗⲏⲙ ⲧⲏⲣ ⲥ"/>
		<feat xlink:href="#sSpan245" value="ⲧ ⲓⲟⲩⲇⲁⲓⲁ"/>
		<feat xlink:href="#sSpan250" value="ⲧ ⲡⲉⲣⲓⲭⲱⲣⲟⲥ ⲧⲏⲣ ⲥ ⲙ ⲡⲉ ⲓⲟⲣⲇⲁⲛⲏⲥ"/>
		<feat xlink:href="#sSpan258" value="ⲡⲉ ⲓⲟⲣⲇⲁⲛⲏⲥ"/>
		<feat xlink:href="#sSpan268" value="ⲃⲁⲡⲧⲓⲥⲙⲁ"/>
		<feat xlink:href="#sSpan279" value="ⲡⲉ ⲓⲟⲣⲇⲁⲛⲏⲥ ⲡ ⲓⲉⲣⲟ"/>
		<feat xlink:href="#sSpan291" value="ⲛⲉⲩ ⲛⲟⲃⲉ"/>
		<feat xlink:href="#sSpan305" value="ϩⲁϩ"/>
		<feat xlink:href="#sSpan309" value="ⲛⲉ ⲫⲁⲣⲓⲥⲥⲁⲓⲟⲥ"/>
		<feat xlink:href="#sSpan314" value="ⲛ ⲥⲁⲇⲇⲟⲩⲕⲁⲓⲟⲥ"/>
		<feat xlink:href="#sSpan324" value="ⲡ ⲃⲁⲡⲧⲓⲥⲙⲁ"/>
		<feat xlink:href="#sSpan337" value="ⲛⲉ ϫⲡⲟ ⲛ ⲛⲉϩⲃⲟⲩⲓ"/>
		<feat xlink:href="#sSpan342" value="ⲛⲉϩⲃⲟⲩⲓ"/>
		<feat xlink:href="#sSpan362" value="ϩⲏⲧ ⲥ"/>
		<feat xlink:href="#sSpan368" value="ⲧ ⲟⲣⲅⲏ ⲉⲧ ⲛⲏⲩ"/>
		<feat xlink:href="#sSpan384" value="ⲟⲩ ⲕⲁⲣⲡⲟⲥ ⲉ ϥ ⲙⲡϣⲁ ⲛ ⲧ ⲙⲉⲧⲁⲛⲟⲓⲁ"/>
		<feat xlink:href="#sSpan393" value="ⲧ ⲙⲉⲧⲁⲛⲟⲓⲁ"/>
		<feat xlink:href="#sSpan421" value="ⲡⲉⲛ ⲉⲓⲱⲧ ⲁⲃⲣⲁϩⲁⲙ"/>
		<feat xlink:href="#sSpan445" value="ⲡ ⲛⲟⲩⲧⲉ"/>
		<feat xlink:href="#sSpan452" value="ϩⲉⲛ ϣⲏⲣⲉ ⲛ ⲁⲃⲣⲁϩⲁⲙ"/>
		<feat xlink:href="#sSpan457" value="ⲁⲃⲣⲁϩⲁⲙ"/>
		<feat xlink:href="#sSpan464" value="ⲛⲉⲓ ⲱⲛⲉ"/>
		<feat xlink:href="#sSpan476" value="ⲡ ⲕⲉⲗⲉⲃⲓⲛ"/>
		<feat xlink:href="#sSpan485" value="ⲧ ⲛⲟⲩⲛⲉ ⲛ ⲛ ϣⲏⲛ"/>
		<feat xlink:href="#sSpan490" value="ⲛ ϣⲏⲛ"/>
		<feat xlink:href="#sSpan496" value="ϣⲏⲛ ϭⲉ ⲛⲓⲙ ⲉⲧⲉ ⲛ ϥ ⲛⲁ ⲉⲓⲣⲉ ⲁⲛ ⲛ ⲟⲩ ⲕⲁⲣⲡⲟⲥ ⲉ ⲛⲁ ⲛⲟⲩϥ"/>
		<feat xlink:href="#sSpan512" value="ⲟⲩ ⲕⲁⲣⲡⲟⲥ"/>
		<feat xlink:href="#sSpan517" value="ⲛⲁ ⲛⲟⲩϥ"/>
		<feat xlink:href="#sSpan532" value="ⲧ ⲥⲁⲧⲉ"/>
		<feat xlink:href="#sSpan551" value="ⲟⲩ ⲙⲟⲟⲩ"/>
		<feat xlink:href="#sSpan556" value="ⲩ ⲙⲉⲧⲁⲛⲟⲓⲁ"/>
		<feat xlink:href="#sSpan561" value="ⲡ ⲉⲧ ⲛⲏⲩ"/>
		<feat xlink:href="#sSpan574" value="ⲡⲁⲓ"/>
		<feat xlink:href="#sSpan589" value="ⲡⲉϥ ⲧⲟⲟⲩⲉ"/>
		<feat xlink:href="#sSpan606" value="ⲟⲩ ⲡⲛⲉⲩⲙⲁ ⲉ ϥ ⲟⲩⲁⲁⲃ"/>
		<feat xlink:href="#sSpan615" value="ⲟⲩ ⲥⲁⲧⲉ"/>
		<feat xlink:href="#sSpan621" value="ⲡⲁⲓ ⲉⲧⲉⲣⲉ ⲡⲉϥ ϩⲁ ϩⲛ ⲧⲉϥ ϭⲓϫ"/>
		<feat xlink:href="#sSpan626" value="ⲡⲉϥ ϩⲁ ϩⲛ ⲧⲉϥ ϭⲓϫ"/>
		<feat xlink:href="#sSpan628" value="ϩⲁ"/>
		<feat xlink:href="#sSpan641" value="ⲡⲉϥ ϫⲛⲟⲟⲩ"/>
		<feat xlink:href="#sSpan654" value="ⲡⲉϥ ⲥⲟⲩⲟ"/>
		<feat xlink:href="#sSpan659" value="ⲧ ⲁⲡⲟⲑⲏⲕⲏ"/>
		<feat xlink:href="#sSpan664" value="ⲡ ⲧⲱϩ"/>
		<feat xlink:href="#sSpan677" value="ⲟⲩ ⲥⲁⲧⲉ ⲉ ⲙⲉ ⲥ ⲱϣⲙ"/>
		<feat xlink:href="#sSpan696" value="ⲓⲏⲥⲟⲩⲥ"/>
		<feat xlink:href="#sSpan703" value="ⲧ ⲅⲁⲗⲓⲗⲁⲓⲁ"/>
		<feat xlink:href="#sSpan710" value="ⲡ ⲓⲟⲣⲇⲁⲛⲏⲥ"/>
		<feat xlink:href="#sSpan715" value="ⲓⲱϩⲁⲛⲛⲏⲥ"/>
		<feat xlink:href="#sSpan788" value="ⲓⲏⲥⲟⲩⲥ"/>
		<feat xlink:href="#sSpan805" value="ⲧⲁⲓ"/>
		<feat xlink:href="#sSpan828" value="ⲇⲓⲕⲁⲓⲟⲥⲩⲛⲏ ⲛⲓⲙ"/>
		<feat xlink:href="#sSpan850" value="ⲓⲏⲥⲟⲩⲥ"/>
		<feat xlink:href="#sSpan865" value="ⲡ ⲙⲟⲟⲩ"/>
		<feat xlink:href="#sSpan883" value="ⲙ ⲡⲏⲩⲉ"/>
		<feat xlink:href="#sSpan894" value="ⲡⲉ ⲡⲛⲉⲩⲙⲁ ⲙ ⲡ ⲛⲟⲩⲧⲉ"/>
		<feat xlink:href="#sSpan899" value="ⲡ ⲛⲟⲩⲧⲉ"/>
		<feat xlink:href="#sSpan917" value="ⲟⲩ ϭⲣⲟⲟⲙⲡⲉ ⲉϩⲣⲁⲓ ⲉϫⲱ ϥ"/>
		<feat xlink:href="#sSpan937" value="ⲟⲩ ⲥⲙⲏ ⲉⲃⲟⲗ ϩⲛ ⲙ ⲡⲏⲩⲉ ⲉ ⲥ ϫⲱ ⲙⲙⲟ ⲥ"/>
		<feat xlink:href="#sSpan945" value="ⲙ ⲡⲏⲩⲉ"/>
		<feat xlink:href="#sSpan957" value="ⲡⲁⲓ"/>
		<feat xlink:href="#sSpan961" value="ⲡⲁ ϣⲏⲣⲉ"/>
		<feat xlink:href="#sSpan965" value="ⲡⲁ ⲙⲉⲣⲓⲧ"/>
		<feat xlink:href="#sSpan973" value="ⲡⲁ ⲟⲩⲱϣ"/></featList></paula>