<?xml version='1.0' encoding='UTF-8'?><!DOCTYPE paula SYSTEM "paula_feat.dtd">
<paula version="1.1">
	<header paula_id="scriptorium.penitence.02.mark_cb_n"/>
	<featList xmlns:xlink="http://www.w3.org/1999/xlink" type="cb_n" xml:base="scriptorium.penitence.02.mark.xml">
		<feat xlink:href="#sSpan9" value="2"/>
		<feat xlink:href="#sSpan217" value="1"/>
		<feat xlink:href="#sSpan458" value="2"/>
		<feat xlink:href="#sSpan704" value="1"/>
		<feat xlink:href="#sSpan911" value="2"/>
		<feat xlink:href="#sSpan1160" value="1"/>
		<feat xlink:href="#sSpan1439" value="2"/>
		<feat xlink:href="#sSpan1644" value="1"/>
		<feat xlink:href="#sSpan1908" value="2"/>
		<feat xlink:href="#sSpan2143" value="1"/>
		<feat xlink:href="#sSpan2424" value="2"/>
		<feat xlink:href="#sSpan2678" value="1"/>
		<feat xlink:href="#sSpan2924" value="2"/>
		<feat xlink:href="#sSpan3207" value="1"/>
		<feat xlink:href="#sSpan3440" value="2"/>
		<feat xlink:href="#sSpan3637" value="1"/>
		<feat xlink:href="#sSpan3848" value="2"/>
		<feat xlink:href="#sSpan4088" value="1"/>
		<feat xlink:href="#sSpan4401" value="2"/>
		<feat xlink:href="#sSpan4612" value="1"/>
		<feat xlink:href="#sSpan4876" value="2"/>
		<feat xlink:href="#sSpan5106" value="1"/>
		<feat xlink:href="#sSpan5361" value="2"/>
		<feat xlink:href="#sSpan5616" value="1"/>
		<feat xlink:href="#sSpan5798" value="2"/>
		<feat xlink:href="#sSpan5999" value="1"/>
		<feat xlink:href="#sSpan6294" value="2"/>
		<feat xlink:href="#sSpan6476" value="1"/>
		<feat xlink:href="#sSpan6704" value="2"/>
		<feat xlink:href="#sSpan6942" value="1"/>
		<feat xlink:href="#sSpan7194" value="2"/>
		<feat xlink:href="#sSpan7404" value="1"/>
		<feat xlink:href="#sSpan7635" value="2"/>
		<feat xlink:href="#sSpan7915" value="1"/>
		<feat xlink:href="#sSpan8143" value="2"/>
		<feat xlink:href="#sSpan8393" value="1"/>
		<feat xlink:href="#sSpan8620" value="2"/>
		<feat xlink:href="#sSpan8841" value="1"/>
		<feat xlink:href="#sSpan9114" value="2"/>
		<feat xlink:href="#sSpan9297" value="1"/>
		<feat xlink:href="#sSpan9528" value="2"/>
		<feat xlink:href="#sSpan9735" value="1"/>
		<feat xlink:href="#sSpan9978" value="2"/>
		<feat xlink:href="#sSpan10234" value="1"/>
		<feat xlink:href="#sSpan10510" value="2"/>
		<feat xlink:href="#sSpan10762" value="1"/>
		<feat xlink:href="#sSpan11030" value="2"/>
		<feat xlink:href="#sSpan11260" value="1"/>
		<feat xlink:href="#sSpan11501" value="2"/>
		<feat xlink:href="#sSpan11806" value="1"/>
		<feat xlink:href="#sSpan12080" value="2"/>
		<feat xlink:href="#sSpan12280" value="1"/>
		<feat xlink:href="#sSpan12491" value="2"/>
		<feat xlink:href="#sSpan12719" value="1"/>
		<feat xlink:href="#sSpan13035" value="2"/>
		<feat xlink:href="#sSpan13270" value="1"/>
		<feat xlink:href="#sSpan13504" value="2"/>
		<feat xlink:href="#sSpan13703" value="1"/>
		<feat xlink:href="#sSpan13998" value="2"/>
		<feat xlink:href="#sSpan14242" value="1"/>
		<feat xlink:href="#sSpan14498" value="2"/>
		<feat xlink:href="#sSpan14742" value="1"/>
		<feat xlink:href="#sSpan14998" value="2"/>
		<feat xlink:href="#sSpan15249" value="1"/>
		<feat xlink:href="#sSpan15491" value="2"/>
		<feat xlink:href="#sSpan15741" value="1"/>
		<feat xlink:href="#sSpan15999" value="2"/>
		<feat xlink:href="#sSpan16226" value="1"/>
		<feat xlink:href="#sSpan16492" value="2"/>
		<feat xlink:href="#sSpan16745" value="1"/>
		<feat xlink:href="#sSpan17037" value="2"/>
		<feat xlink:href="#sSpan17266" value="1"/>
		<feat xlink:href="#sSpan17525" value="2"/>
		<feat xlink:href="#sSpan17788" value="1"/>
		<feat xlink:href="#sSpan18059" value="2"/>
		<feat xlink:href="#sSpan18325" value="1"/>
		<feat xlink:href="#sSpan18548" value="2"/>
		<feat xlink:href="#sSpan18793" value="1"/>
		<feat xlink:href="#sSpan19075" value="2"/>
		<feat xlink:href="#sSpan19249" value="1"/>
		<feat xlink:href="#sSpan19508" value="2"/>
		<feat xlink:href="#sSpan19759" value="1"/>
		<feat xlink:href="#sSpan20045" value="2"/>
		<feat xlink:href="#sSpan20246" value="1"/>
		<feat xlink:href="#sSpan20533" value="2"/>
		<feat xlink:href="#sSpan20776" value="1"/>
		<feat xlink:href="#sSpan21035" value="2"/>
		<feat xlink:href="#sSpan21268" value="1"/>
		<feat xlink:href="#sSpan21484" value="2"/>
		<feat xlink:href="#sSpan21662" value="1"/>
		<feat xlink:href="#sSpan21922" value="2"/>
		<feat xlink:href="#sSpan22111" value="1"/>
		<feat xlink:href="#sSpan22370" value="2"/>
		<feat xlink:href="#sSpan22581" value="1"/>
		<feat xlink:href="#sSpan22867" value="2"/>
		<feat xlink:href="#sSpan23055" value="1"/>
		<feat xlink:href="#sSpan23278" value="2"/>
		<feat xlink:href="#sSpan23488" value="1"/>
		<feat xlink:href="#sSpan23745" value="2"/>
		<feat xlink:href="#sSpan24028" value="1"/>
		<feat xlink:href="#sSpan24274" value="2"/>
		<feat xlink:href="#sSpan24499" value="1"/>
		<feat xlink:href="#sSpan24757" value="2"/>
		<feat xlink:href="#sSpan24977" value="1"/>
		<feat xlink:href="#sSpan25221" value="2"/>
		<feat xlink:href="#sSpan25466" value="1"/>
		<feat xlink:href="#sSpan25738" value="2"/>
		<feat xlink:href="#sSpan25950" value="1"/>
		<feat xlink:href="#sSpan26197" value="2"/>
		<feat xlink:href="#sSpan26456" value="1"/>
		<feat xlink:href="#sSpan26738" value="2"/>
		<feat xlink:href="#sSpan26983" value="1"/>
		<feat xlink:href="#sSpan27194" value="2"/>
		<feat xlink:href="#sSpan27484" value="1"/>
		<feat xlink:href="#sSpan27778" value="2"/>
		<feat xlink:href="#sSpan28013" value="1"/>
		<feat xlink:href="#sSpan28281" value="2"/>
		<feat xlink:href="#sSpan28502" value="1"/></featList></paula>