<?xml version='1.0' encoding='UTF-8'?><!DOCTYPE paula SYSTEM "paula_feat.dtd">
<paula version="1.1">
	<header paula_id="scriptorium.penitence.02.mark_hi_rend"/>
	<featList xmlns:xlink="http://www.w3.org/1999/xlink" type="hi_rend" xml:base="scriptorium.penitence.02.mark.xml">
		<feat xlink:href="#sSpan1" value="ekthetic"/>
		<feat xlink:href="#sSpan451" value="ekthetic"/>
		<feat xlink:href="#sSpan623" value="ekthetic"/>
		<feat xlink:href="#sSpan865" value="ekthetic"/>
		<feat xlink:href="#sSpan1114" value="ekthetic"/>
		<feat xlink:href="#sSpan1341" value="ekthetic"/>
		<feat xlink:href="#sSpan1469" value="ekthetic"/>
		<feat xlink:href="#sSpan1856" value="ekthetic"/>
		<feat xlink:href="#sSpan2135" value="ekthetic"/>
		<feat xlink:href="#sSpan2542" value="ekthetic"/>
		<feat xlink:href="#sSpan2779" value="ekthetic"/>
		<feat xlink:href="#sSpan3110" value="ekthetic"/>
		<feat xlink:href="#sSpan3395" value="ekthetic"/>
		<feat xlink:href="#sSpan3470" value="ekthetic"/>
		<feat xlink:href="#sSpan3551" value="ekthetic"/>
		<feat xlink:href="#sSpan4081" value="ekthetic"/>
		<feat xlink:href="#sSpan4348" value="ekthetic"/>
		<feat xlink:href="#sSpan4563" value="ekthetic"/>
		<feat xlink:href="#sSpan4733" value="ekthetic"/>
		<feat xlink:href="#sSpan5016" value="ekthetic"/>
		<feat xlink:href="#sSpan5136" value="ekthetic"/>
		<feat xlink:href="#sSpan5318" value="ekthetic"/>
		<feat xlink:href="#sSpan5492" value="ekthetic"/>
		<feat xlink:href="#sSpan5756" value="ekthetic"/>
		<feat xlink:href="#sSpan5904" value="ekthetic"/>
		<feat xlink:href="#sSpan6201" value="ekthetic"/>
		<feat xlink:href="#sSpan6430" value="ekthetic"/>
		<feat xlink:href="#sSpan6620" value="ekthetic"/>
		<feat xlink:href="#sSpan6900" value="ekthetic"/>
		<feat xlink:href="#sSpan7149" value="ekthetic"/>
		<feat xlink:href="#sSpan7243" value="ekthetic"/>
		<feat xlink:href="#sSpan7590" value="ekthetic"/>
		<feat xlink:href="#sSpan7699" value="ekthetic"/>
		<feat xlink:href="#sSpan8020" value="ekthetic"/>
		<feat xlink:href="#sSpan8267" value="ekthetic"/>
		<feat xlink:href="#sSpan8572" value="ekthetic"/>
		<feat xlink:href="#sSpan8790" value="ekthetic"/>
		<feat xlink:href="#sSpan8933" value="ekthetic"/>
		<feat xlink:href="#sSpan9255" value="ekthetic"/>
		<feat xlink:href="#sSpan9431" value="ekthetic"/>
		<feat xlink:href="#sSpan9693" value="ekthetic"/>
		<feat xlink:href="#sSpan9969" value="ekthetic"/>
		<feat xlink:href="#sSpan10066" value="ekthetic"/>
		<feat xlink:href="#sSpan10229" value="ekthetic"/>
		<feat xlink:href="#sSpan10365" value="ekthetic"/>
		<feat xlink:href="#sSpan10457" value="ekthetic"/>
		<feat xlink:href="#sSpan10677" value="ekthetic"/>
		<feat xlink:href="#sSpan10854" value="ekthetic"/>
		<feat xlink:href="#sSpan11177" value="ekthetic"/>
		<feat xlink:href="#sSpan11416" value="ekthetic"/>
		<feat xlink:href="#sSpan11663" value="ekthetic"/>
		<feat xlink:href="#sSpan11755" value="ekthetic"/>
		<feat xlink:href="#sSpan11937" value="ekthetic"/>
		<feat xlink:href="#sSpan12241" value="ekthetic"/>
		<feat xlink:href="#sSpan12449" value="ekthetic"/>
		<feat xlink:href="#sSpan12634" value="ekthetic"/>
		<feat xlink:href="#sSpan12991" value="ekthetic"/>
		<feat xlink:href="#sSpan13226" value="ekthetic"/>
		<feat xlink:href="#sSpan13467" value="ekthetic"/>
		<feat xlink:href="#sSpan13587" value="ekthetic"/>
		<feat xlink:href="#sSpan13811" value="ekthetic"/>
		<feat xlink:href="#sSpan14151" value="ekthetic"/>
		<feat xlink:href="#sSpan14233" value="ekthetic"/>
		<feat xlink:href="#sSpan14445" value="ekthetic"/>
		<feat xlink:href="#sSpan14653" value="ekthetic"/>
		<feat xlink:href="#sSpan14820" value="ekthetic"/>
		<feat xlink:href="#sSpan15201" value="ekthetic"/>
		<feat xlink:href="#sSpan15443" value="ekthetic"/>
		<feat xlink:href="#sSpan15649" value="ekthetic"/>
		<feat xlink:href="#sSpan15875" value="ekthetic"/>
		<feat xlink:href="#sSpan16217" value="ekthetic"/>
		<feat xlink:href="#sSpan16319" value="ekthetic"/>
		<feat xlink:href="#sSpan16654" value="ekthetic"/>
		<feat xlink:href="#sSpan16852" value="ekthetic"/>
		<feat xlink:href="#sSpan17093" value="ekthetic"/>
		<feat xlink:href="#sSpan17617" value="ekthetic"/>
		<feat xlink:href="#sSpan17698" value="ekthetic"/>
		<feat xlink:href="#sSpan18017" value="ekthetic"/>
		<feat xlink:href="#sSpan18191" value="ekthetic"/>
		<feat xlink:href="#sSpan18422" value="ekthetic"/>
		<feat xlink:href="#sSpan18713" value="ekthetic"/>
		<feat xlink:href="#sSpan18892" value="ekthetic"/>
		<feat xlink:href="#sSpan19208" value="ekthetic"/>
		<feat xlink:href="#sSpan19353" value="ekthetic"/>
		<feat xlink:href="#sSpan19580" value="ekthetic"/>
		<feat xlink:href="#sSpan20070" value="ekthetic"/>
		<feat xlink:href="#sSpan20236" value="ekthetic"/>
		<feat xlink:href="#sSpan20407" value="ekthetic"/>
		<feat xlink:href="#sSpan20686" value="ekthetic"/>
		<feat xlink:href="#sSpan20985" value="ekthetic"/>
		<feat xlink:href="#sSpan21122" value="ekthetic"/>
		<feat xlink:href="#sSpan21179" value="ekthetic"/>
		<feat xlink:href="#sSpan21354" value="ekthetic"/>
		<feat xlink:href="#sSpan21507" value="ekthetic"/>
		<feat xlink:href="#sSpan21841" value="ekthetic"/>
		<feat xlink:href="#sSpan22024" value="ekthetic"/>
		<feat xlink:href="#sSpan22360" value="ekthetic"/>
		<feat xlink:href="#sSpan22530" value="ekthetic"/>
		<feat xlink:href="#sSpan22701" value="ekthetic"/>
		<feat xlink:href="#sSpan22973" value="ekthetic"/>
		<feat xlink:href="#sSpan23162" value="ekthetic"/>
		<feat xlink:href="#sSpan23356" value="ekthetic"/>
		<feat xlink:href="#sSpan23479" value="ekthetic"/>
		<feat xlink:href="#sSpan23698" value="ekthetic"/>
		<feat xlink:href="#sSpan23853" value="ekthetic"/>
		<feat xlink:href="#sSpan24221" value="ekthetic"/>
		<feat xlink:href="#sSpan24399" value="ekthetic"/>
		<feat xlink:href="#sSpan24747" value="ekthetic"/>
		<feat xlink:href="#sSpan24853" value="ekthetic"/>
		<feat xlink:href="#sSpan25061" value="ekthetic"/>
		<feat xlink:href="#sSpan25456" value="ekthetic"/>
		<feat xlink:href="#sSpan25689" value="ekthetic"/>
		<feat xlink:href="#sSpan26146" value="ekthetic"/>
		<feat xlink:href="#sSpan26278" value="ekthetic"/>
		<feat xlink:href="#sSpan26688" value="ekthetic"/>
		<feat xlink:href="#sSpan26976" value="ekthetic"/>
		<feat xlink:href="#sSpan27154" value="ekthetic"/>
		<feat xlink:href="#sSpan27390" value="ekthetic"/>
		<feat xlink:href="#sSpan27587" value="ekthetic"/>
		<feat xlink:href="#sSpan27974" value="ekthetic"/>
		<feat xlink:href="#sSpan28238" value="ekthetic"/>
		<feat xlink:href="#sSpan28339" value="ekthetic"/></featList></paula>