<?xml version='1.0' encoding='UTF-8'?><!DOCTYPE paula SYSTEM "paula_feat.dtd">
<paula version="1.1">
	<header paula_id="scriptorium.penitence.02.mark_morph"/>
	<featList xmlns:xlink="http://www.w3.org/1999/xlink" type="morph" xml:base="scriptorium.penitence.02.mark.xml">
		<feat xlink:href="#sSpan41" value="ϫⲓ"/>
		<feat xlink:href="#sSpan44" value="ϩⲁⲡ"/>
		<feat xlink:href="#sSpan171" value="ϫⲓ"/>
		<feat xlink:href="#sSpan175" value="ϩⲁⲡ"/>
		<feat xlink:href="#sSpan202" value="ⲣⲉϥ"/>
		<feat xlink:href="#sSpan205" value="ϯ"/>
		<feat xlink:href="#sSpan206" value="ϩⲁⲡ"/>
		<feat xlink:href="#sSpan222" value="ⲣⲉϥ"/>
		<feat xlink:href="#sSpan225" value="ϯ"/>
		<feat xlink:href="#sSpan226" value="ϩⲁⲡ"/>
		<feat xlink:href="#sSpan274" value="ⲁⲧ"/>
		<feat xlink:href="#sSpan278" value="ⲛⲁ"/>
		<feat xlink:href="#sSpan686" value="ⲛⲁ"/>
		<feat xlink:href="#sSpan689" value="ϩⲏⲧ"/>
		<feat xlink:href="#sSpan762" value="ⲡ"/>
		<feat xlink:href="#sSpan765" value="ⲉⲧ"/>
		<feat xlink:href="#sSpan766" value="ⲟⲩⲁⲁⲃ"/>
		<feat xlink:href="#sSpan1064" value="ⲙⲛⲧ"/>
		<feat xlink:href="#sSpan1067" value="ⲣⲉϥ"/>
		<feat xlink:href="#sSpan1068" value="ϭⲱⲛⲧ"/>
		<feat xlink:href="#sSpan1081" value="ⲙⲛⲧ"/>
		<feat xlink:href="#sSpan1084" value="ⲙⲁⲓ"/>
		<feat xlink:href="#sSpan1085" value="ⲉⲟⲟⲩ"/>
		<feat xlink:href="#sSpan1123" value="ⲣ"/>
		<feat xlink:href="#sSpan1126" value="ϩⲟⲧⲉ"/>
		<feat xlink:href="#sSpan1461" value="ⲙⲛⲧ"/>
		<feat xlink:href="#sSpan1464" value="ⲣⲣⲟ"/>
		<feat xlink:href="#sSpan1513" value="ⲙⲛⲧ"/>
		<feat xlink:href="#sSpan1516" value="ⲣⲉϥ"/>
		<feat xlink:href="#sSpan1517" value="ⲣ"/>
		<feat xlink:href="#sSpan1518" value="ⲡ"/>
		<feat xlink:href="#sSpan1519" value="ⲉⲧ"/>
		<feat xlink:href="#sSpan1520" value="ⲛⲁⲛⲟⲩ"/>
		<feat xlink:href="#sSpan1717" value="ⲣⲉϥ"/>
		<feat xlink:href="#sSpan1720" value="ⲣ"/>
		<feat xlink:href="#sSpan1721" value="ⲡ"/>
		<feat xlink:href="#sSpan1722" value="ⲉⲧ"/>
		<feat xlink:href="#sSpan1723" value="ⲛⲁⲛⲟⲩ"/>
		<feat xlink:href="#sSpan2427" value="ϫⲓ"/>
		<feat xlink:href="#sSpan2430" value="ⲧⲛϩ"/>
		<feat xlink:href="#sSpan2596" value="ⲙⲛⲧ"/>
		<feat xlink:href="#sSpan2599" value="ⲣⲣⲟ"/>
		<feat xlink:href="#sSpan2621" value="ϭⲓⲛ"/>
		<feat xlink:href="#sSpan2624" value="ⲭⲟⲣⲉⲩⲉ"/>
		<feat xlink:href="#sSpan2661" value="ⲙⲛⲧ"/>
		<feat xlink:href="#sSpan2664" value="ⲁⲧ"/>
		<feat xlink:href="#sSpan2665" value="ⲧⲁⲕⲟ"/>
		<feat xlink:href="#sSpan2771" value="ⲁϣ"/>
		<feat xlink:href="#sSpan2774" value="ⲁϩⲟⲙ"/>
		<feat xlink:href="#sSpan2910" value="ⲙⲛⲧ"/>
		<feat xlink:href="#sSpan2914" value="ϩⲗⲗⲟ"/>
		<feat xlink:href="#sSpan2995" value="ⲙⲛⲧ"/>
		<feat xlink:href="#sSpan2998" value="ⲣⲉϥ"/>
		<feat xlink:href="#sSpan2999" value="ϩⲓⲗⲁ"/>
		<feat xlink:href="#sSpan3016" value="ⲙⲛⲧ"/>
		<feat xlink:href="#sSpan3019" value="ⲭⲏⲣⲁ"/>
		<feat xlink:href="#sSpan3130" value="ⲣ"/>
		<feat xlink:href="#sSpan3133" value="ⲃⲟⲗ"/>
		<feat xlink:href="#sSpan3304" value="ⲙⲛⲧ"/>
		<feat xlink:href="#sSpan3307" value="ⲗⲁⲙⲡⲣⲟⲥ"/>
		<feat xlink:href="#sSpan3320" value="ⲙⲛⲧ"/>
		<feat xlink:href="#sSpan3323" value="ⲁⲧ"/>
		<feat xlink:href="#sSpan3324" value="ⲣⲟⲟⲩϣ"/>
		<feat xlink:href="#sSpan3849" value="ⲣ"/>
		<feat xlink:href="#sSpan3852" value="ⲭⲣⲉⲓⲁ"/>
		<feat xlink:href="#sSpan3930" value="ⲣ"/>
		<feat xlink:href="#sSpan3933" value="ⲟⲩϣⲏ"/>
		<feat xlink:href="#sSpan4102" value="ⲣ"/>
		<feat xlink:href="#sSpan4105" value="ⲟⲩϣⲏ"/>
		<feat xlink:href="#sSpan4169" value="ⲣ"/>
		<feat xlink:href="#sSpan4172" value="ⲟⲩϣⲏ"/>
		<feat xlink:href="#sSpan4448" value="ϥⲓ"/>
		<feat xlink:href="#sSpan4451" value="ⲣⲟⲟⲩϣ"/>
		<feat xlink:href="#sSpan4497" value="ϥⲓ"/>
		<feat xlink:href="#sSpan4500" value="ⲣⲟⲟⲩϣ"/>
		<feat xlink:href="#sSpan4607" value="ϩⲁ"/>
		<feat xlink:href="#sSpan4610" value="ϩⲟⲧⲉ"/>
		<feat xlink:href="#sSpan4723" value="ϯ"/>
		<feat xlink:href="#sSpan4727" value="ϩⲁⲡ"/>
		<feat xlink:href="#sSpan4813" value="ϭⲓⲛ"/>
		<feat xlink:href="#sSpan4816" value="ⲉⲓ"/>
		<feat xlink:href="#sSpan4867" value="ϩⲁ"/>
		<feat xlink:href="#sSpan4870" value="ϩⲟⲧⲉ"/>
		<feat xlink:href="#sSpan5619" value="ϭⲛ"/>
		<feat xlink:href="#sSpan5624" value="ⲁⲣⲓⲕⲉ"/>
		<feat xlink:href="#sSpan5779" value="ⲣⲙ"/>
		<feat xlink:href="#sSpan5782" value="ⲙⲁⲟ"/>
		<feat xlink:href="#sSpan5850" value="ⲙⲛⲧ"/>
		<feat xlink:href="#sSpan5853" value="ⲙⲁⲣⲑⲉⲛⲟⲥ"/>
		<feat xlink:href="#sSpan6091" value="ϥⲓ"/>
		<feat xlink:href="#sSpan6094" value="ⲣⲟⲟⲩϣ"/>
		<feat xlink:href="#sSpan6359" value="ϯ"/>
		<feat xlink:href="#sSpan6362" value="ϩⲏⲩ"/>
		<feat xlink:href="#sSpan6413" value="ϯ"/>
		<feat xlink:href="#sSpan6418" value="ϩⲁⲡ"/>
		<feat xlink:href="#sSpan6444" value="ⲣ"/>
		<feat xlink:href="#sSpan6449" value="ϫⲟⲉⲓⲥ"/>
		<feat xlink:href="#sSpan6763" value="ⲣⲉϥ"/>
		<feat xlink:href="#sSpan6767" value="ϫⲓ"/>
		<feat xlink:href="#sSpan6768" value="ϣⲟϫⲛⲉ"/>
		<feat xlink:href="#sSpan6829" value="ⲙⲛⲧ"/>
		<feat xlink:href="#sSpan6833" value="ⲣⲙⲙⲁⲟ"/>
		<feat xlink:href="#sSpan6919" value="ϭⲓⲛ"/>
		<feat xlink:href="#sSpan6922" value="ⲟⲩⲟⲟⲙ"/>
		<feat xlink:href="#sSpan6975" value="ⲣ"/>
		<feat xlink:href="#sSpan6980" value="ⲡⲁⲣⲧⲩⲣⲟⲥ"/>
		<feat xlink:href="#sSpan7617" value="ⲣ"/>
		<feat xlink:href="#sSpan7620" value="ϣⲉⲗⲉⲉⲧ"/>
		<feat xlink:href="#sSpan7830" value="ⲣ"/>
		<feat xlink:href="#sSpan7833" value="ⲡ"/>
		<feat xlink:href="#sSpan7834" value="ⲙⲉⲉⲩⲉ"/>
		<feat xlink:href="#sSpan8189" value="ⲣ"/>
		<feat xlink:href="#sSpan8192" value="ⲭⲣⲉⲓⲁ"/>
		<feat xlink:href="#sSpan8350" value="ⲣ"/>
		<feat xlink:href="#sSpan8353" value="ⲭⲣⲉⲓⲁ"/>
		<feat xlink:href="#sSpan8562" value="ⲁⲧ"/>
		<feat xlink:href="#sSpan8567" value="ⲣⲟⲟⲩϣ"/>
		<feat xlink:href="#sSpan8633" value="ⲙⲛⲧ"/>
		<feat xlink:href="#sSpan8636" value="ⲣⲣⲟ"/>
		<feat xlink:href="#sSpan9087" value="ϯ"/>
		<feat xlink:href="#sSpan9092" value="ⲥⲃⲱ"/>
		<feat xlink:href="#sSpan9187" value="ⲣⲉϥ"/>
		<feat xlink:href="#sSpan9191" value="ϯϩⲉ"/>
		<feat xlink:href="#sSpan9197" value="ϥⲓ"/>
		<feat xlink:href="#sSpan9200" value="ⲣⲟⲟⲩϣ"/>
		<feat xlink:href="#sSpan9222" value="ⲣ"/>
		<feat xlink:href="#sSpan9225" value="ⲃⲟⲗ"/>
		<feat xlink:href="#sSpan9243" value="ⲙⲛⲧ"/>
		<feat xlink:href="#sSpan9246" value="ⲣⲉϥ"/>
		<feat xlink:href="#sSpan9247" value="ⲥⲁⲛϣ"/>
		<feat xlink:href="#sSpan9248" value="ϣⲏⲣⲉ"/>
		<feat xlink:href="#sSpan9281" value="ϫⲓ"/>
		<feat xlink:href="#sSpan9284" value="ⲙⲟⲉⲓⲧ"/>
		<feat xlink:href="#sSpan9306" value="ⲙⲛⲧ"/>
		<feat xlink:href="#sSpan9309" value="ⲣⲣⲟ"/>
		<feat xlink:href="#sSpan9600" value="ⲣ"/>
		<feat xlink:href="#sSpan9603" value="ϩⲏⲃⲉ"/>
		<feat xlink:href="#sSpan9982" value="ϭⲓⲛ"/>
		<feat xlink:href="#sSpan9985" value="ⲡⲱⲧ"/>
		<feat xlink:href="#sSpan10197" value="ⲣ"/>
		<feat xlink:href="#sSpan10200" value="ⲧ"/>
		<feat xlink:href="#sSpan10201" value="ϩⲉ"/>
		<feat xlink:href="#sSpan10476" value="ⲣ"/>
		<feat xlink:href="#sSpan10479" value="ⲭⲣⲉⲓⲁ"/>
		<feat xlink:href="#sSpan10655" value="ⲙⲛⲧ"/>
		<feat xlink:href="#sSpan10658" value="ϩⲁⲣϣ"/>
		<feat xlink:href="#sSpan10659" value="ϩⲏⲧ"/>
		<feat xlink:href="#sSpan10826" value="ⲁⲧ"/>
		<feat xlink:href="#sSpan10830" value="ⲣⲟⲟⲩϣ"/>
		<feat xlink:href="#sSpan10844" value="ⲁⲧ"/>
		<feat xlink:href="#sSpan10847" value="ϣⲧⲟⲣⲧⲣ"/>
		<feat xlink:href="#sSpan10997" value="ϯ"/>
		<feat xlink:href="#sSpan11000" value="ⲥⲃⲱ"/>
		<feat xlink:href="#sSpan11020" value="ϯ"/>
		<feat xlink:href="#sSpan11023" value="ⲥⲃⲱ"/>
		<feat xlink:href="#sSpan11145" value="ⲁⲧ"/>
		<feat xlink:href="#sSpan11148" value="ϫⲃⲓⲛ"/>
		<feat xlink:href="#sSpan11168" value="ⲙⲛⲧ"/>
		<feat xlink:href="#sSpan11171" value="ⲣⲉϥ"/>
		<feat xlink:href="#sSpan11172" value="ϣⲓⲡⲉ"/>
		<feat xlink:href="#sSpan11187" value="ⲙⲛⲧ"/>
		<feat xlink:href="#sSpan11190" value="ⲁⲧ"/>
		<feat xlink:href="#sSpan11191" value="ϣⲧⲟⲣⲧⲣ"/>
		<feat xlink:href="#sSpan11210" value="ϭⲓⲛ"/>
		<feat xlink:href="#sSpan11213" value="ⲟⲩⲟⲟⲙ"/>
		<feat xlink:href="#sSpan11243" value="ⲙⲛⲧ"/>
		<feat xlink:href="#sSpan11246" value="ⲙⲁⲓ"/>
		<feat xlink:href="#sSpan11247" value="ϩⲓⲥⲉ"/>
		<feat xlink:href="#sSpan11271" value="ⲙⲛⲧ"/>
		<feat xlink:href="#sSpan11274" value="ⲙⲁⲓ"/>
		<feat xlink:href="#sSpan11275" value="ⲥⲟⲛ"/>
		<feat xlink:href="#sSpan11285" value="ⲙⲛⲧ"/>
		<feat xlink:href="#sSpan11288" value="ⲕⲟⲓⲛⲱⲛⲓⲕⲟⲥ"/>
		<feat xlink:href="#sSpan11375" value="ⲣ"/>
		<feat xlink:href="#sSpan11378" value="ⲭⲣⲉⲓⲁ"/>
		<feat xlink:href="#sSpan11432" value="ⲙⲛⲧ"/>
		<feat xlink:href="#sSpan11435" value="ⲣⲣⲟ"/>
		<feat xlink:href="#sSpan11746" value="ⲁⲧ"/>
		<feat xlink:href="#sSpan11750" value="ⲣⲟⲟⲩϣ"/>
		<feat xlink:href="#sSpan12264" value="ⲙⲛⲧ"/>
		<feat xlink:href="#sSpan12267" value="ⲥⲩⲙⲛⲟⲥ"/>
		<feat xlink:href="#sSpan13238" value="ⲣ"/>
		<feat xlink:href="#sSpan13241" value="ⲡ"/>
		<feat xlink:href="#sSpan13242" value="ⲙⲉⲉⲩⲉ"/>
		<feat xlink:href="#sSpan13476" value="ϯ"/>
		<feat xlink:href="#sSpan13479" value="ⲉⲟⲟⲩ"/>
		<feat xlink:href="#sSpan13621" value="ⲣ"/>
		<feat xlink:href="#sSpan13626" value="ⲙⲛⲧⲣⲉ"/>
		<feat xlink:href="#sSpan13690" value="ϯ"/>
		<feat xlink:href="#sSpan13697" value="ⲉⲟⲟⲩ"/>
		<feat xlink:href="#sSpan13768" value="ϯ"/>
		<feat xlink:href="#sSpan13771" value="ⲉⲟⲟⲩ"/>
		<feat xlink:href="#sSpan13839" value="ϯ"/>
		<feat xlink:href="#sSpan13844" value="ⲉⲟⲟⲩ"/>
		<feat xlink:href="#sSpan14112" value="ϣ"/>
		<feat xlink:href="#sSpan14115" value="ϭⲙϭⲟⲙ"/>
		<feat xlink:href="#sSpan14121" value="ϯ"/>
		<feat xlink:href="#sSpan14124" value="ⲉⲟⲟⲩ"/>
		<feat xlink:href="#sSpan14339" value="ⲟⲩⲉϩ"/>
		<feat xlink:href="#sSpan14342" value="ⲥⲁϩⲛⲉ"/>
		<feat xlink:href="#sSpan14482" value="ⲣ"/>
		<feat xlink:href="#sSpan14485" value="ⲛⲟⲃⲉ"/>
		<feat xlink:href="#sSpan14518" value="ϯ"/>
		<feat xlink:href="#sSpan14521" value="ⲉⲟⲟⲩ"/>
		<feat xlink:href="#sSpan14606" value="ⲙⲛⲧ"/>
		<feat xlink:href="#sSpan14609" value="ϩⲏⲕⲉ"/>
		<feat xlink:href="#sSpan15093" value="ⲁⲧ"/>
		<feat xlink:href="#sSpan15097" value="ⲙⲟⲩ"/>
		<feat xlink:href="#sSpan15328" value="ⲁⲧ"/>
		<feat xlink:href="#sSpan15332" value="ϯ"/>
		<feat xlink:href="#sSpan15333" value="ϩⲧⲏ"/>
		<feat xlink:href="#sSpan15425" value="ϭⲓⲛ"/>
		<feat xlink:href="#sSpan15428" value="ⲕⲓⲙ"/>
		<feat xlink:href="#sSpan15635" value="ⲣ"/>
		<feat xlink:href="#sSpan15638" value="ϩⲁⲗ"/>
		<feat xlink:href="#sSpan16197" value="ⲣⲉϥ"/>
		<feat xlink:href="#sSpan16200" value="ϯ"/>
		<feat xlink:href="#sSpan16622" value="ⲁⲧ"/>
		<feat xlink:href="#sSpan16626" value="ⲛⲕⲟⲧⲕ"/>
		<feat xlink:href="#sSpan17000" value="ⲙⲛⲧ"/>
		<feat xlink:href="#sSpan17003" value="ⲣⲣⲟ"/>
		<feat xlink:href="#sSpan17068" value="ⲁⲧ"/>
		<feat xlink:href="#sSpan17072" value="ⲧⲁⲗϭⲟ"/>
		<feat xlink:href="#sSpan17081" value="ⲙⲛⲧ"/>
		<feat xlink:href="#sSpan17084" value="ⲣⲉϥ"/>
		<feat xlink:href="#sSpan17085" value="ⲙⲉⲥⲧ"/>
		<feat xlink:href="#sSpan17086" value="ⲡ"/>
		<feat xlink:href="#sSpan17087" value="ⲉⲧ"/>
		<feat xlink:href="#sSpan17088" value="ϩⲟⲟⲩ"/>
		<feat xlink:href="#sSpan17243" value="ⲉⲃⲟⲗ"/>
		<feat xlink:href="#sSpan17246" value="ⲧⲱⲛ"/>
		<feat xlink:href="#sSpan17573" value="ϣ"/>
		<feat xlink:href="#sSpan17576" value="ϭⲙϭⲟⲙ"/>
		<feat xlink:href="#sSpan17626" value="ⲣ"/>
		<feat xlink:href="#sSpan17629" value="ϣⲟⲣⲡ"/>
		<feat xlink:href="#sSpan17671" value="ϯ"/>
		<feat xlink:href="#sSpan17675" value="ϩⲁⲡ"/>
		<feat xlink:href="#sSpan17717" value="ⲙⲛⲧ"/>
		<feat xlink:href="#sSpan17720" value="ϣⲁⲛⲁ"/>
		<feat xlink:href="#sSpan17721" value="ϩⲧⲏ"/>
		<feat xlink:href="#sSpan17800" value="ϣ"/>
		<feat xlink:href="#sSpan17803" value="ⲟⲩⲱⲛϩ"/>
		<feat xlink:href="#sSpan18378" value="ⲣⲉϥ"/>
		<feat xlink:href="#sSpan18381" value="ϯ"/>
		<feat xlink:href="#sSpan18382" value="ϩⲁⲡ"/>
		<feat xlink:href="#sSpan18509" value="ϯ"/>
		<feat xlink:href="#sSpan18512" value="ϩⲏⲩ"/>
		<feat xlink:href="#sSpan18523" value="ϯ"/>
		<feat xlink:href="#sSpan18526" value="ϩⲏⲩ"/>
		<feat xlink:href="#sSpan18551" value="ϯ"/>
		<feat xlink:href="#sSpan18554" value="ⲟⲥⲉ"/>
		<feat xlink:href="#sSpan18654" value="ϯ"/>
		<feat xlink:href="#sSpan18659" value="ϩⲏⲩ"/>
		<feat xlink:href="#sSpan18699" value="ⲣ"/>
		<feat xlink:href="#sSpan18702" value="ϩⲁⲗ"/>
		<feat xlink:href="#sSpan18813" value="ϯ"/>
		<feat xlink:href="#sSpan18816" value="ⲉⲟⲟⲩ"/>
		<feat xlink:href="#sSpan18961" value="ϣ"/>
		<feat xlink:href="#sSpan18964" value="ϩⲩⲡⲟⲙⲓⲛⲉ"/>
		<feat xlink:href="#sSpan19160" value="ⲣ"/>
		<feat xlink:href="#sSpan19163" value="ⲃⲟⲗ"/>
		<feat xlink:href="#sSpan19209" value="ⲙⲡⲣ"/>
		<feat xlink:href="#sSpan19218" value="ⲙⲉⲉⲩⲉ"/>
		<feat xlink:href="#sSpan19269" value="ⲣ"/>
		<feat xlink:href="#sSpan19272" value="ⲃⲟⲗ"/>
		<feat xlink:href="#sSpan19304" value="ⲡ"/>
		<feat xlink:href="#sSpan19307" value="ⲉⲧ"/>
		<feat xlink:href="#sSpan19308" value="ϩⲟⲟⲩ"/>
		<feat xlink:href="#sSpan19326" value="ⲡ"/>
		<feat xlink:href="#sSpan19329" value="ⲉⲧ"/>
		<feat xlink:href="#sSpan19330" value="ⲛⲁⲛⲟⲩ"/>
		<feat xlink:href="#sSpan19945" value="ⲁϣ"/>
		<feat xlink:href="#sSpan19948" value="ϣⲕⲁⲕ"/>
		<feat xlink:href="#sSpan20035" value="ⲣ"/>
		<feat xlink:href="#sSpan20038" value="ⲁⲧ"/>
		<feat xlink:href="#sSpan20039" value="ⲥⲱⲧⲙ"/>
		<feat xlink:href="#sSpan20195" value="ⲁⲧ"/>
		<feat xlink:href="#sSpan20200" value="ⲱϫⲛ"/>
		<feat xlink:href="#sSpan21153" value="ⲙⲛⲧ"/>
		<feat xlink:href="#sSpan21156" value="ⲙⲁⲓ"/>
		<feat xlink:href="#sSpan21157" value="ⲣⲱⲙⲉ"/>
		<feat xlink:href="#sSpan21262" value="ⲁⲧ"/>
		<feat xlink:href="#sSpan21265" value="ⲕⲁⲣⲡⲟⲥ"/>
		<feat xlink:href="#sSpan21344" value="ⲙⲛⲧ"/>
		<feat xlink:href="#sSpan21347" value="ⲣⲣⲟ"/>
		<feat xlink:href="#sSpan21532" value="ⲣⲙ"/>
		<feat xlink:href="#sSpan21535" value="ⲙⲁⲟ"/>
		<feat xlink:href="#sSpan21556" value="ⲣ"/>
		<feat xlink:href="#sSpan21559" value="ⲟⲩⲁϩⲉⲓ"/>
		<feat xlink:href="#sSpan21560" value="ⲏⲧ"/>
		<feat xlink:href="#sSpan21764" value="ϯ"/>
		<feat xlink:href="#sSpan21767" value="ⲉⲟⲟⲩ"/>
		<feat xlink:href="#sSpan21970" value="ⲣ"/>
		<feat xlink:href="#sSpan21973" value="ⲣⲙϩⲉ"/>
		<feat xlink:href="#sSpan22129" value="ⲣⲉϥ"/>
		<feat xlink:href="#sSpan22132" value="ϯ"/>
		<feat xlink:href="#sSpan22133" value="ϩⲁⲡ"/>
		<feat xlink:href="#sSpan22219" value="ϯ"/>
		<feat xlink:href="#sSpan22223" value="ϩⲁⲡ"/>
		<feat xlink:href="#sSpan22291" value="ϯ"/>
		<feat xlink:href="#sSpan22295" value="ϩⲁⲡ"/>
		<feat xlink:href="#sSpan22351" value="ⲁⲧ"/>
		<feat xlink:href="#sSpan22355" value="ⲱϫⲛ"/>
		<feat xlink:href="#sSpan22617" value="ⲙⲛⲧ"/>
		<feat xlink:href="#sSpan22620" value="ϩⲗⲗⲟ"/>
		<feat xlink:href="#sSpan22997" value="ⲡ"/>
		<feat xlink:href="#sSpan23000" value="ⲉⲧ"/>
		<feat xlink:href="#sSpan23001" value="ⲟⲩⲁⲁⲃ"/>
		<feat xlink:href="#sSpan23238" value="ⲙⲛⲧ"/>
		<feat xlink:href="#sSpan23241" value="ⲥⲱⲧⲡ"/>
		<feat xlink:href="#sSpan23325" value="ⲣ"/>
		<feat xlink:href="#sSpan23328" value="ⲛⲟⲃⲉ"/>
		<feat xlink:href="#sSpan23575" value="ⲣⲉϥ"/>
		<feat xlink:href="#sSpan23578" value="ϫⲓⲟⲩⲉ"/>
		<feat xlink:href="#sSpan23679" value="ⲣ"/>
		<feat xlink:href="#sSpan23682" value="ⲙⲛⲧ"/>
		<feat xlink:href="#sSpan23683" value="ⲛⲁ"/>
		<feat xlink:href="#sSpan23776" value="ⲙⲛⲧ"/>
		<feat xlink:href="#sSpan23779" value="ⲣⲣⲟ"/>
		<feat xlink:href="#sSpan23927" value="ⲣ"/>
		<feat xlink:href="#sSpan23930" value="ϩⲱⲃ"/>
		<feat xlink:href="#sSpan23939" value="ⲡ"/>
		<feat xlink:href="#sSpan23942" value="ⲉⲧ"/>
		<feat xlink:href="#sSpan23943" value="ⲛⲁⲛⲟⲩ"/>
		<feat xlink:href="#sSpan23944" value="ϥ"/>
		<feat xlink:href="#sSpan23970" value="ⲣ"/>
		<feat xlink:href="#sSpan23973" value="ⲭⲣⲉⲓⲁ"/>
		<feat xlink:href="#sSpan24016" value="ⲣ"/>
		<feat xlink:href="#sSpan24021" value="ⲭⲣⲉⲓⲁ"/>
		<feat xlink:href="#sSpan24061" value="ϯ"/>
		<feat xlink:href="#sSpan24064" value="ϩⲏⲩ"/>
		<feat xlink:href="#sSpan24132" value="ⲙⲛⲧ"/>
		<feat xlink:href="#sSpan24135" value="ⲣⲣⲟ"/>
		<feat xlink:href="#sSpan24230" value="ϫⲓ"/>
		<feat xlink:href="#sSpan24233" value="ϭⲟⲗ"/>
		<feat xlink:href="#sSpan24312" value="ϯ"/>
		<feat xlink:href="#sSpan24315" value="ⲥⲃⲱ"/>
		<feat xlink:href="#sSpan24351" value="ϯ"/>
		<feat xlink:href="#sSpan24354" value="ⲥⲃⲱ"/>
		<feat xlink:href="#sSpan24501" value="ⲣⲉϥ"/>
		<feat xlink:href="#sSpan24504" value="ϫⲓⲟⲩⲉ"/>
		<feat xlink:href="#sSpan24972" value="ϯ"/>
		<feat xlink:href="#sSpan24975" value="ϩⲏⲩ"/>
		<feat xlink:href="#sSpan25018" value="ϯ"/>
		<feat xlink:href="#sSpan25021" value="ϩⲏⲩ"/>
		<feat xlink:href="#sSpan25160" value="ϫⲓ"/>
		<feat xlink:href="#sSpan25163" value="ϯⲡⲉ"/>
		<feat xlink:href="#sSpan25194" value="ⲙⲛⲧ"/>
		<feat xlink:href="#sSpan25197" value="ⲁⲛⲁⲓⲥⲑⲏⲧⲟⲥ"/>
		<feat xlink:href="#sSpan25375" value="ⲣ"/>
		<feat xlink:href="#sSpan25378" value="ϫⲟⲉⲓⲥ"/>
		<feat xlink:href="#sSpan25572" value="ϯ"/>
		<feat xlink:href="#sSpan25575" value="ⲗⲟⲅⲟⲥ"/>
		<feat xlink:href="#sSpan25806" value="ⲣ"/>
		<feat xlink:href="#sSpan25809" value="ϣⲡⲏⲣⲉ"/>
		<feat xlink:href="#sSpan25826" value="ⲙⲛⲧ"/>
		<feat xlink:href="#sSpan25829" value="ⲣⲙⲙⲁⲟ"/>
		<feat xlink:href="#sSpan26022" value="ⲡⲣⲟⲥ"/>
		<feat xlink:href="#sSpan26026" value="ⲟⲩⲟⲉⲓϣ"/>
		<feat xlink:href="#sSpan26096" value="ⲁⲧ"/>
		<feat xlink:href="#sSpan26099" value="ϩⲱϭⲃ"/>
		<feat xlink:href="#sSpan26109" value="ⲁⲧ"/>
		<feat xlink:href="#sSpan26112" value="ⲧⲁⲕⲟ"/>
		<feat xlink:href="#sSpan26299" value="ϫⲓ"/>
		<feat xlink:href="#sSpan26304" value="ⲕⲗⲟⲙ"/>
		<feat xlink:href="#sSpan26369" value="ⲣ"/>
		<feat xlink:href="#sSpan26372" value="ⲃⲟⲗ"/>
		<feat xlink:href="#sSpan26435" value="ϯ"/>
		<feat xlink:href="#sSpan26438" value="ⲟⲥⲉ"/>
		<feat xlink:href="#sSpan26999" value="ⲡ"/>
		<feat xlink:href="#sSpan27002" value="ⲉⲧ"/>
		<feat xlink:href="#sSpan27003" value="ⲟⲩⲁⲁⲃ"/>
		<feat xlink:href="#sSpan27291" value="ⲣ"/>
		<feat xlink:href="#sSpan27296" value="ⲥⲧⲟⲓ"/>
		<feat xlink:href="#sSpan27367" value="ϫⲓ"/>
		<feat xlink:href="#sSpan27370" value="ϯⲡⲉ"/>
		<feat xlink:href="#sSpan27446" value="ⲣ"/>
		<feat xlink:href="#sSpan27449" value="ⲧ"/>
		<feat xlink:href="#sSpan27450" value="ϩⲉ"/>
		<feat xlink:href="#sSpan27575" value="ϣⲁ"/>
		<feat xlink:href="#sSpan27578" value="ⲉⲛⲉϩ"/>
		<feat xlink:href="#sSpan27649" value="ⲣ"/>
		<feat xlink:href="#sSpan27652" value="ϩⲱⲃ"/>
		<feat xlink:href="#sSpan27712" value="ϫⲓ"/>
		<feat xlink:href="#sSpan27715" value="ϣⲓⲡⲉ"/>
		<feat xlink:href="#sSpan27795" value="ϣⲁ"/>
		<feat xlink:href="#sSpan27798" value="ⲉⲛⲉϩ"/>
		<feat xlink:href="#sSpan28138" value="ϭⲓⲛ"/>
		<feat xlink:href="#sSpan28141" value="ϩⲉ"/>
		<feat xlink:href="#sSpan28162" value="ϯ"/>
		<feat xlink:href="#sSpan28167" value="ⲥⲟ"/>
		<feat xlink:href="#sSpan28205" value="ϯ"/>
		<feat xlink:href="#sSpan28208" value="ⲥⲟ"/>
		<feat xlink:href="#sSpan28229" value="ⲣ"/>
		<feat xlink:href="#sSpan28232" value="ⲁⲙⲉⲗⲏⲥ"/>
		<feat xlink:href="#sSpan28444" value="ϫⲓ"/>
		<feat xlink:href="#sSpan28449" value="ⲉⲟⲟⲩ"/></featList></paula>