<?xml version='1.0' encoding='UTF-8'?><!DOCTYPE paula SYSTEM "paula_feat.dtd">
<paula version="1.1">
	<header paula_id="scriptorium.penitence.02.mark_ed_line_n"/>
	<featList xmlns:xlink="http://www.w3.org/1999/xlink" type="ed_line_n" xml:base="scriptorium.penitence.02.mark.xml">
		<feat xlink:href="#sSpan6" value="28"/>
		<feat xlink:href="#sSpan50" value="29"/>
		<feat xlink:href="#sSpan94" value="30"/>
		<feat xlink:href="#sSpan138" value="31"/>
		<feat xlink:href="#sSpan174" value="32"/>
		<feat xlink:href="#sSpan216" value="33"/>
		<feat xlink:href="#sSpan254" value="34"/>
		<feat xlink:href="#sSpan291" value="1"/>
		<feat xlink:href="#sSpan335" value="2"/>
		<feat xlink:href="#sSpan380" value="3"/>
		<feat xlink:href="#sSpan425" value="4"/>
		<feat xlink:href="#sSpan454" value="5"/>
		<feat xlink:href="#sSpan505" value="6"/>
		<feat xlink:href="#sSpan544" value="7"/>
		<feat xlink:href="#sSpan583" value="8"/>
		<feat xlink:href="#sSpan628" value="9"/>
		<feat xlink:href="#sSpan671" value="10"/>
		<feat xlink:href="#sSpan703" value="11"/>
		<feat xlink:href="#sSpan746" value="12"/>
		<feat xlink:href="#sSpan780" value="13"/>
		<feat xlink:href="#sSpan832" value="14"/>
		<feat xlink:href="#sSpan870" value="15"/>
		<feat xlink:href="#sSpan910" value="16"/>
		<feat xlink:href="#sSpan958" value="17"/>
		<feat xlink:href="#sSpan988" value="18"/>
		<feat xlink:href="#sSpan1038" value="19"/>
		<feat xlink:href="#sSpan1077" value="20"/>
		<feat xlink:href="#sSpan1117" value="21"/>
		<feat xlink:href="#sSpan1158" value="22"/>
		<feat xlink:href="#sSpan1186" value="23"/>
		<feat xlink:href="#sSpan1226" value="24"/>
		<feat xlink:href="#sSpan1269" value="25"/>
		<feat xlink:href="#sSpan1312" value="26"/>
		<feat xlink:href="#sSpan1347" value="27"/>
		<feat xlink:href="#sSpan1397" value="28"/>
		<feat xlink:href="#sSpan1438" value="29"/>
		<feat xlink:href="#sSpan1474" value="30"/>
		<feat xlink:href="#sSpan1511" value="1"/>
		<feat xlink:href="#sSpan1550" value="2"/>
		<feat xlink:href="#sSpan1604" value="3"/>
		<feat xlink:href="#sSpan1643" value="4"/>
		<feat xlink:href="#sSpan1685" value="5"/>
		<feat xlink:href="#sSpan1730" value="6"/>
		<feat xlink:href="#sSpan1777" value="7"/>
		<feat xlink:href="#sSpan1816" value="8"/>
		<feat xlink:href="#sSpan1861" value="9"/>
		<feat xlink:href="#sSpan1907" value="10"/>
		<feat xlink:href="#sSpan1948" value="11"/>
		<feat xlink:href="#sSpan1995" value="12"/>
		<feat xlink:href="#sSpan2038" value="13"/>
		<feat xlink:href="#sSpan2082" value="14"/>
		<feat xlink:href="#sSpan2119" value="15"/>
		<feat xlink:href="#sSpan2140" value="16"/>
		<feat xlink:href="#sSpan2175" value="17"/>
		<feat xlink:href="#sSpan2216" value="18"/>
		<feat xlink:href="#sSpan2260" value="19"/>
		<feat xlink:href="#sSpan2297" value="20"/>
		<feat xlink:href="#sSpan2339" value="21"/>
		<feat xlink:href="#sSpan2388" value="22"/>
		<feat xlink:href="#sSpan2423" value="23"/>
		<feat xlink:href="#sSpan2475" value="24"/>
		<feat xlink:href="#sSpan2517" value="25"/>
		<feat xlink:href="#sSpan2547" value="26"/>
		<feat xlink:href="#sSpan2593" value="27"/>
		<feat xlink:href="#sSpan2637" value="28"/>
		<feat xlink:href="#sSpan2677" value="29"/>
		<feat xlink:href="#sSpan2715" value="30"/>
		<feat xlink:href="#sSpan2757" value="31"/>
		<feat xlink:href="#sSpan2785" value="32"/>
		<feat xlink:href="#sSpan2824" value="33"/>
		<feat xlink:href="#sSpan2876" value="34"/>
		<feat xlink:href="#sSpan2923" value="1"/>
		<feat xlink:href="#sSpan2972" value="2"/>
		<feat xlink:href="#sSpan3015" value="3"/>
		<feat xlink:href="#sSpan3049" value="4"/>
		<feat xlink:href="#sSpan3095" value="5"/>
		<feat xlink:href="#sSpan3118" value="6"/>
		<feat xlink:href="#sSpan3163" value="7"/>
		<feat xlink:href="#sSpan3206" value="8"/>
		<feat xlink:href="#sSpan3254" value="9"/>
		<feat xlink:href="#sSpan3293" value="10"/>
		<feat xlink:href="#sSpan3329" value="11"/>
		<feat xlink:href="#sSpan3371" value="12"/>
		<feat xlink:href="#sSpan3401" value="13"/>
		<feat xlink:href="#sSpan3439" value="14"/>
		<feat xlink:href="#sSpan3476" value="15"/>
		<feat xlink:href="#sSpan3509" value="16"/>
		<feat xlink:href="#sSpan3546" value="17"/>
		<feat xlink:href="#sSpan3556" value="18"/>
		<feat xlink:href="#sSpan3590" value="19"/>
		<feat xlink:href="#sSpan3636" value="20"/>
		<feat xlink:href="#sSpan3674" value="21"/>
		<feat xlink:href="#sSpan3709" value="22"/>
		<feat xlink:href="#sSpan3760" value="23"/>
		<feat xlink:href="#sSpan3795" value="24"/>
		<feat xlink:href="#sSpan3847" value="25"/>
		<feat xlink:href="#sSpan3888" value="26"/>
		<feat xlink:href="#sSpan3934" value="27"/>
		<feat xlink:href="#sSpan3979" value="28"/>
		<feat xlink:href="#sSpan4024" value="29"/>
		<feat xlink:href="#sSpan4064" value="30"/>
		<feat xlink:href="#sSpan4084" value="31"/>
		<feat xlink:href="#sSpan4122" value="32"/>
		<feat xlink:href="#sSpan4166" value="33"/>
		<feat xlink:href="#sSpan4212" value="34"/>
		<feat xlink:href="#sSpan4254" value="1"/>
		<feat xlink:href="#sSpan4300" value="2"/>
		<feat xlink:href="#sSpan4343" value="3"/>
		<feat xlink:href="#sSpan4353" value="4"/>
		<feat xlink:href="#sSpan4400" value="5"/>
		<feat xlink:href="#sSpan4433" value="6"/>
		<feat xlink:href="#sSpan4474" value="7"/>
		<feat xlink:href="#sSpan4507" value="8"/>
		<feat xlink:href="#sSpan4546" value="9"/>
		<feat xlink:href="#sSpan4569" value="10"/>
		<feat xlink:href="#sSpan4611" value="11"/>
		<feat xlink:href="#sSpan4657" value="12"/>
		<feat xlink:href="#sSpan4698" value="13"/>
		<feat xlink:href="#sSpan4739" value="14"/>
		<feat xlink:href="#sSpan4783" value="15"/>
		<feat xlink:href="#sSpan4830" value="16"/>
		<feat xlink:href="#sSpan4875" value="17"/>
		<feat xlink:href="#sSpan4916" value="18"/>
		<feat xlink:href="#sSpan4959" value="19"/>
		<feat xlink:href="#sSpan4998" value="20"/>
		<feat xlink:href="#sSpan5021" value="21"/>
		<feat xlink:href="#sSpan5057" value="22"/>
		<feat xlink:href="#sSpan5105" value="23"/>
		<feat xlink:href="#sSpan5141" value="24"/>
		<feat xlink:href="#sSpan5181" value="25"/>
		<feat xlink:href="#sSpan5222" value="26"/>
		<feat xlink:href="#sSpan5269" value="27"/>
		<feat xlink:href="#sSpan5321" value="28"/>
		<feat xlink:href="#sSpan5360" value="29"/>
		<feat xlink:href="#sSpan5407" value="30"/>
		<feat xlink:href="#sSpan5455" value="31"/>
		<feat xlink:href="#sSpan5497" value="32"/>
		<feat xlink:href="#sSpan5530" value="33"/>
		<feat xlink:href="#sSpan5577" value="34"/>
		<feat xlink:href="#sSpan5615" value="1"/>
		<feat xlink:href="#sSpan5652" value="2"/>
		<feat xlink:href="#sSpan5690" value="3"/>
		<feat xlink:href="#sSpan5732" value="4"/>
		<feat xlink:href="#sSpan5761" value="5"/>
		<feat xlink:href="#sSpan5797" value="6"/>
		<feat xlink:href="#sSpan5838" value="7"/>
		<feat xlink:href="#sSpan5870" value="8"/>
		<feat xlink:href="#sSpan5909" value="9"/>
		<feat xlink:href="#sSpan5947" value="10"/>
		<feat xlink:href="#sSpan5998" value="11"/>
		<feat xlink:href="#sSpan6034" value="12"/>
		<feat xlink:href="#sSpan6077" value="13"/>
		<feat xlink:href="#sSpan6119" value="14"/>
		<feat xlink:href="#sSpan6165" value="15"/>
		<feat xlink:href="#sSpan6206" value="16"/>
		<feat xlink:href="#sSpan6254" value="17"/>
		<feat xlink:href="#sSpan6293" value="18"/>
		<feat xlink:href="#sSpan6332" value="19"/>
		<feat xlink:href="#sSpan6371" value="20"/>
		<feat xlink:href="#sSpan6417" value="21"/>
		<feat xlink:href="#sSpan6435" value="22"/>
		<feat xlink:href="#sSpan6475" value="23"/>
		<feat xlink:href="#sSpan6512" value="24"/>
		<feat xlink:href="#sSpan6547" value="25"/>
		<feat xlink:href="#sSpan6582" value="26"/>
		<feat xlink:href="#sSpan6625" value="27"/>
		<feat xlink:href="#sSpan6660" value="28"/>
		<feat xlink:href="#sSpan6703" value="29"/>
		<feat xlink:href="#sSpan6748" value="30"/>
		<feat xlink:href="#sSpan6790" value="31"/>
		<feat xlink:href="#sSpan6832" value="32"/>
		<feat xlink:href="#sSpan6870" value="33"/>
		<feat xlink:href="#sSpan6903" value="34"/>
		<feat xlink:href="#sSpan6941" value="1"/>
		<feat xlink:href="#sSpan6981" value="2"/>
		<feat xlink:href="#sSpan7024" value="3"/>
		<feat xlink:href="#sSpan7064" value="4"/>
		<feat xlink:href="#sSpan7106" value="5"/>
		<feat xlink:href="#sSpan7139" value="6"/>
		<feat xlink:href="#sSpan7155" value="7"/>
		<feat xlink:href="#sSpan7193" value="8"/>
		<feat xlink:href="#sSpan7236" value="9"/>
		<feat xlink:href="#sSpan7248" value="10"/>
		<feat xlink:href="#sSpan7274" value="11"/>
		<feat xlink:href="#sSpan7320" value="12"/>
		<feat xlink:href="#sSpan7366" value="13"/>
		<feat xlink:href="#sSpan7403" value="14"/>
		<feat xlink:href="#sSpan7454" value="15"/>
		<feat xlink:href="#sSpan7498" value="16"/>
		<feat xlink:href="#sSpan7538" value="17"/>
		<feat xlink:href="#sSpan7594" value="18"/>
		<feat xlink:href="#sSpan7634" value="19"/>
		<feat xlink:href="#sSpan7678" value="20"/>
		<feat xlink:href="#sSpan7704" value="21"/>
		<feat xlink:href="#sSpan7745" value="22"/>
		<feat xlink:href="#sSpan7785" value="23"/>
		<feat xlink:href="#sSpan7826" value="24"/>
		<feat xlink:href="#sSpan7868" value="25"/>
		<feat xlink:href="#sSpan7914" value="26"/>
		<feat xlink:href="#sSpan7960" value="27"/>
		<feat xlink:href="#sSpan8005" value="28"/>
		<feat xlink:href="#sSpan8026" value="29"/>
		<feat xlink:href="#sSpan8064" value="30"/>
		<feat xlink:href="#sSpan8097" value="31"/>
		<feat xlink:href="#sSpan8142" value="32"/>
		<feat xlink:href="#sSpan8178" value="33"/>
		<feat xlink:href="#sSpan8225" value="34"/>
		<feat xlink:href="#sSpan8272" value="1"/>
		<feat xlink:href="#sSpan8309" value="2"/>
		<feat xlink:href="#sSpan8355" value="3"/>
		<feat xlink:href="#sSpan8392" value="4"/>
		<feat xlink:href="#sSpan8437" value="5"/>
		<feat xlink:href="#sSpan8478" value="6"/>
		<feat xlink:href="#sSpan8531" value="7"/>
		<feat xlink:href="#sSpan8566" value="8"/>
		<feat xlink:href="#sSpan8577" value="9"/>
		<feat xlink:href="#sSpan8619" value="10"/>
		<feat xlink:href="#sSpan8660" value="11"/>
		<feat xlink:href="#sSpan8704" value="12"/>
		<feat xlink:href="#sSpan8739" value="13"/>
		<feat xlink:href="#sSpan8783" value="14"/>
		<feat xlink:href="#sSpan8796" value="15"/>
		<feat xlink:href="#sSpan8840" value="16"/>
		<feat xlink:href="#sSpan8878" value="17"/>
		<feat xlink:href="#sSpan8916" value="18"/>
		<feat xlink:href="#sSpan8938" value="19"/>
		<feat xlink:href="#sSpan8980" value="20"/>
		<feat xlink:href="#sSpan9023" value="21"/>
		<feat xlink:href="#sSpan9066" value="22"/>
		<feat xlink:href="#sSpan9113" value="23"/>
		<feat xlink:href="#sSpan9150" value="24"/>
		<feat xlink:href="#sSpan9192" value="25"/>
		<feat xlink:href="#sSpan9239" value="26"/>
		<feat xlink:href="#sSpan9258" value="27"/>
		<feat xlink:href="#sSpan9296" value="28"/>
		<feat xlink:href="#sSpan9338" value="29"/>
		<feat xlink:href="#sSpan9372" value="30"/>
		<feat xlink:href="#sSpan9413" value="31"/>
		<feat xlink:href="#sSpan9434" value="32"/>
		<feat xlink:href="#sSpan9481" value="33"/>
		<feat xlink:href="#sSpan9527" value="34"/>
		<feat xlink:href="#sSpan9564" value="1"/>
		<feat xlink:href="#sSpan9604" value="2"/>
		<feat xlink:href="#sSpan9642" value="3"/>
		<feat xlink:href="#sSpan9683" value="4"/>
		<feat xlink:href="#sSpan9700" value="5"/>
		<feat xlink:href="#sSpan9734" value="6"/>
		<feat xlink:href="#sSpan9778" value="7"/>
		<feat xlink:href="#sSpan9812" value="8"/>
		<feat xlink:href="#sSpan9865" value="9"/>
		<feat xlink:href="#sSpan9910" value="10"/>
		<feat xlink:href="#sSpan9952" value="11"/>
		<feat xlink:href="#sSpan9976" value="12"/>
		<feat xlink:href="#sSpan10022" value="13"/>
		<feat xlink:href="#sSpan10069" value="14"/>
		<feat xlink:href="#sSpan10116" value="15"/>
		<feat xlink:href="#sSpan10164" value="16"/>
		<feat xlink:href="#sSpan10209" value="17"/>
		<feat xlink:href="#sSpan10230" value="18"/>
		<feat xlink:href="#sSpan10272" value="19"/>
		<feat xlink:href="#sSpan10318" value="20"/>
		<feat xlink:href="#sSpan10358" value="21"/>
		<feat xlink:href="#sSpan10368" value="22"/>
		<feat xlink:href="#sSpan10409" value="23"/>
		<feat xlink:href="#sSpan10463" value="24"/>
		<feat xlink:href="#sSpan10509" value="25"/>
		<feat xlink:href="#sSpan10552" value="26"/>
		<feat xlink:href="#sSpan10583" value="27"/>
		<feat xlink:href="#sSpan10633" value="28"/>
		<feat xlink:href="#sSpan10664" value="29"/>
		<feat xlink:href="#sSpan10680" value="30"/>
		<feat xlink:href="#sSpan10719" value="31"/>
		<feat xlink:href="#sSpan10761" value="32"/>
		<feat xlink:href="#sSpan10809" value="33"/>
		<feat xlink:href="#sSpan10857" value="34"/>
		<feat xlink:href="#sSpan10896" value="1"/>
		<feat xlink:href="#sSpan10941" value="2"/>
		<feat xlink:href="#sSpan10985" value="3"/>
		<feat xlink:href="#sSpan11029" value="4"/>
		<feat xlink:href="#sSpan11079" value="5"/>
		<feat xlink:href="#sSpan11116" value="6"/>
		<feat xlink:href="#sSpan11158" value="7"/>
		<feat xlink:href="#sSpan11182" value="8"/>
		<feat xlink:href="#sSpan11223" value="9"/>
		<feat xlink:href="#sSpan11259" value="10"/>
		<feat xlink:href="#sSpan11298" value="11"/>
		<feat xlink:href="#sSpan11350" value="12"/>
		<feat xlink:href="#sSpan11393" value="13"/>
		<feat xlink:href="#sSpan11419" value="14"/>
		<feat xlink:href="#sSpan11460" value="15"/>
		<feat xlink:href="#sSpan11500" value="16"/>
		<feat xlink:href="#sSpan11547" value="17"/>
		<feat xlink:href="#sSpan11602" value="18"/>
		<feat xlink:href="#sSpan11654" value="19"/>
		<feat xlink:href="#sSpan11668" value="20"/>
		<feat xlink:href="#sSpan11705" value="21"/>
		<feat xlink:href="#sSpan11741" value="22"/>
		<feat xlink:href="#sSpan11761" value="23"/>
		<feat xlink:href="#sSpan11805" value="24"/>
		<feat xlink:href="#sSpan11840" value="25"/>
		<feat xlink:href="#sSpan11887" value="26"/>
		<feat xlink:href="#sSpan11930" value="27"/>
		<feat xlink:href="#sSpan11942" value="28"/>
		<feat xlink:href="#sSpan11986" value="29"/>
		<feat xlink:href="#sSpan12032" value="30"/>
		<feat xlink:href="#sSpan12079" value="31"/>
		<feat xlink:href="#sSpan12118" value="32"/>
		<feat xlink:href="#sSpan12165" value="33"/>
		<feat xlink:href="#sSpan12201" value="34"/>
		<feat xlink:href="#sSpan12246" value="1"/>
		<feat xlink:href="#sSpan12279" value="2"/>
		<feat xlink:href="#sSpan12313" value="3"/>
		<feat xlink:href="#sSpan12351" value="4"/>
		<feat xlink:href="#sSpan12391" value="5"/>
		<feat xlink:href="#sSpan12431" value="6"/>
		<feat xlink:href="#sSpan12452" value="7"/>
		<feat xlink:href="#sSpan12490" value="8"/>
		<feat xlink:href="#sSpan12524" value="9"/>
		<feat xlink:href="#sSpan12567" value="10"/>
		<feat xlink:href="#sSpan12601" value="11"/>
		<feat xlink:href="#sSpan12640" value="12"/>
		<feat xlink:href="#sSpan12674" value="13"/>
		<feat xlink:href="#sSpan12716" value="14"/>
		<feat xlink:href="#sSpan12769" value="15"/>
		<feat xlink:href="#sSpan12822" value="16"/>
		<feat xlink:href="#sSpan12861" value="17"/>
		<feat xlink:href="#sSpan12904" value="18"/>
		<feat xlink:href="#sSpan12937" value="19"/>
		<feat xlink:href="#sSpan12980" value="20"/>
		<feat xlink:href="#sSpan12997" value="21"/>
		<feat xlink:href="#sSpan13034" value="22"/>
		<feat xlink:href="#sSpan13084" value="23"/>
		<feat xlink:href="#sSpan13134" value="24"/>
		<feat xlink:href="#sSpan13178" value="25"/>
		<feat xlink:href="#sSpan13217" value="26"/>
		<feat xlink:href="#sSpan13231" value="27"/>
		<feat xlink:href="#sSpan13269" value="28"/>
		<feat xlink:href="#sSpan13315" value="29"/>
		<feat xlink:href="#sSpan13357" value="30"/>
		<feat xlink:href="#sSpan13400" value="31"/>
		<feat xlink:href="#sSpan13440" value="32"/>
		<feat xlink:href="#sSpan13472" value="33"/>
		<feat xlink:href="#sSpan13503" value="34"/>
		<feat xlink:href="#sSpan13541" value="1"/>
		<feat xlink:href="#sSpan13576" value="2"/>
		<feat xlink:href="#sSpan13593" value="3"/>
		<feat xlink:href="#sSpan13635" value="4"/>
		<feat xlink:href="#sSpan13661" value="5"/>
		<feat xlink:href="#sSpan13702" value="6"/>
		<feat xlink:href="#sSpan13749" value="7"/>
		<feat xlink:href="#sSpan13795" value="8"/>
		<feat xlink:href="#sSpan13817" value="9"/>
		<feat xlink:href="#sSpan13863" value="10"/>
		<feat xlink:href="#sSpan13904" value="11"/>
		<feat xlink:href="#sSpan13946" value="12"/>
		<feat xlink:href="#sSpan13995" value="13"/>
		<feat xlink:href="#sSpan14034" value="14"/>
		<feat xlink:href="#sSpan14074" value="15"/>
		<feat xlink:href="#sSpan14116" value="16"/>
		<feat xlink:href="#sSpan14155" value="17"/>
		<feat xlink:href="#sSpan14195" value="18"/>
		<feat xlink:href="#sSpan14238" value="19"/>
		<feat xlink:href="#sSpan14291" value="20"/>
		<feat xlink:href="#sSpan14334" value="21"/>
		<feat xlink:href="#sSpan14375" value="22"/>
		<feat xlink:href="#sSpan14418" value="23"/>
		<feat xlink:href="#sSpan14451" value="24"/>
		<feat xlink:href="#sSpan14497" value="25"/>
		<feat xlink:href="#sSpan14538" value="26"/>
		<feat xlink:href="#sSpan14576" value="27"/>
		<feat xlink:href="#sSpan14624" value="28"/>
		<feat xlink:href="#sSpan14659" value="29"/>
		<feat xlink:href="#sSpan14697" value="30"/>
		<feat xlink:href="#sSpan14741" value="31"/>
		<feat xlink:href="#sSpan14785" value="32"/>
		<feat xlink:href="#sSpan14825" value="33"/>
		<feat xlink:href="#sSpan14868" value="34"/>
		<feat xlink:href="#sSpan14905" value="1"/>
		<feat xlink:href="#sSpan14952" value="2"/>
		<feat xlink:href="#sSpan14997" value="3"/>
		<feat xlink:href="#sSpan15034" value="4"/>
		<feat xlink:href="#sSpan15080" value="5"/>
		<feat xlink:href="#sSpan15121" value="6"/>
		<feat xlink:href="#sSpan15160" value="7"/>
		<feat xlink:href="#sSpan15196" value="8"/>
		<feat xlink:href="#sSpan15206" value="9"/>
		<feat xlink:href="#sSpan15248" value="10"/>
		<feat xlink:href="#sSpan15295" value="11"/>
		<feat xlink:href="#sSpan15340" value="12"/>
		<feat xlink:href="#sSpan15388" value="13"/>
		<feat xlink:href="#sSpan15433" value="14"/>
		<feat xlink:href="#sSpan15448" value="15"/>
		<feat xlink:href="#sSpan15490" value="16"/>
		<feat xlink:href="#sSpan15530" value="17"/>
		<feat xlink:href="#sSpan15566" value="18"/>
		<feat xlink:href="#sSpan15608" value="19"/>
		<feat xlink:href="#sSpan15655" value="20"/>
		<feat xlink:href="#sSpan15700" value="21"/>
		<feat xlink:href="#sSpan15740" value="22"/>
		<feat xlink:href="#sSpan15773" value="23"/>
		<feat xlink:href="#sSpan15817" value="24"/>
		<feat xlink:href="#sSpan15855" value="25"/>
		<feat xlink:href="#sSpan15880" value="26"/>
		<feat xlink:href="#sSpan15921" value="27"/>
		<feat xlink:href="#sSpan15959" value="28"/>
		<feat xlink:href="#sSpan15998" value="29"/>
		<feat xlink:href="#sSpan16045" value="30"/>
		<feat xlink:href="#sSpan16089" value="31"/>
		<feat xlink:href="#sSpan16123" value="32"/>
		<feat xlink:href="#sSpan16156" value="33"/>
		<feat xlink:href="#sSpan16196" value="34"/>
		<feat xlink:href="#sSpan16222" value="1"/>
		<feat xlink:href="#sSpan16267" value="2"/>
		<feat xlink:href="#sSpan16312" value="3"/>
		<feat xlink:href="#sSpan16323" value="4"/>
		<feat xlink:href="#sSpan16361" value="5"/>
		<feat xlink:href="#sSpan16408" value="6"/>
		<feat xlink:href="#sSpan16450" value="7"/>
		<feat xlink:href="#sSpan16491" value="8"/>
		<feat xlink:href="#sSpan16536" value="9"/>
		<feat xlink:href="#sSpan16566" value="10"/>
		<feat xlink:href="#sSpan16606" value="11"/>
		<feat xlink:href="#sSpan16647" value="12"/>
		<feat xlink:href="#sSpan16660" value="13"/>
		<feat xlink:href="#sSpan16705" value="14"/>
		<feat xlink:href="#sSpan16744" value="15"/>
		<feat xlink:href="#sSpan16788" value="16"/>
		<feat xlink:href="#sSpan16839" value="17"/>
		<feat xlink:href="#sSpan16857" value="18"/>
		<feat xlink:href="#sSpan16896" value="19"/>
		<feat xlink:href="#sSpan16940" value="20"/>
		<feat xlink:href="#sSpan16981" value="21"/>
		<feat xlink:href="#sSpan17033" value="22"/>
		<feat xlink:href="#sSpan17077" value="23"/>
		<feat xlink:href="#sSpan17099" value="24"/>
		<feat xlink:href="#sSpan17143" value="25"/>
		<feat xlink:href="#sSpan17188" value="26"/>
		<feat xlink:href="#sSpan17225" value="27"/>
		<feat xlink:href="#sSpan17265" value="28"/>
		<feat xlink:href="#sSpan17317" value="29"/>
		<feat xlink:href="#sSpan17357" value="30"/>
		<feat xlink:href="#sSpan17395" value="31"/>
		<feat xlink:href="#sSpan17440" value="32"/>
		<feat xlink:href="#sSpan17476" value="33"/>
		<feat xlink:href="#sSpan17522" value="34"/>
		<feat xlink:href="#sSpan17565" value="1"/>
		<feat xlink:href="#sSpan17606" value="2"/>
		<feat xlink:href="#sSpan17620" value="3"/>
		<feat xlink:href="#sSpan17655" value="4"/>
		<feat xlink:href="#sSpan17701" value="5"/>
		<feat xlink:href="#sSpan17741" value="6"/>
		<feat xlink:href="#sSpan17787" value="7"/>
		<feat xlink:href="#sSpan17830" value="8"/>
		<feat xlink:href="#sSpan17870" value="9"/>
		<feat xlink:href="#sSpan17912" value="10"/>
		<feat xlink:href="#sSpan17968" value="11"/>
		<feat xlink:href="#sSpan18020" value="12"/>
		<feat xlink:href="#sSpan18058" value="13"/>
		<feat xlink:href="#sSpan18092" value="14"/>
		<feat xlink:href="#sSpan18144" value="15"/>
		<feat xlink:href="#sSpan18182" value="16"/>
		<feat xlink:href="#sSpan18194" value="17"/>
		<feat xlink:href="#sSpan18241" value="18"/>
		<feat xlink:href="#sSpan18286" value="19"/>
		<feat xlink:href="#sSpan18324" value="20"/>
		<feat xlink:href="#sSpan18368" value="21"/>
		<feat xlink:href="#sSpan18402" value="22"/>
		<feat xlink:href="#sSpan18425" value="23"/>
		<feat xlink:href="#sSpan18461" value="24"/>
		<feat xlink:href="#sSpan18508" value="25"/>
		<feat xlink:href="#sSpan18547" value="26"/>
		<feat xlink:href="#sSpan18595" value="27"/>
		<feat xlink:href="#sSpan18645" value="28"/>
		<feat xlink:href="#sSpan18681" value="29"/>
		<feat xlink:href="#sSpan18718" value="30"/>
		<feat xlink:href="#sSpan18764" value="31"/>
		<feat xlink:href="#sSpan18792" value="32"/>
		<feat xlink:href="#sSpan18833" value="33"/>
		<feat xlink:href="#sSpan18871" value="34"/>
		<feat xlink:href="#sSpan18898" value="1"/>
		<feat xlink:href="#sSpan18936" value="2"/>
		<feat xlink:href="#sSpan18979" value="3"/>
		<feat xlink:href="#sSpan19027" value="4"/>
		<feat xlink:href="#sSpan19074" value="5"/>
		<feat xlink:href="#sSpan19113" value="6"/>
		<feat xlink:href="#sSpan19153" value="7"/>
		<feat xlink:href="#sSpan19197" value="8"/>
		<feat xlink:href="#sSpan19214" value="9"/>
		<feat xlink:href="#sSpan19248" value="10"/>
		<feat xlink:href="#sSpan19293" value="11"/>
		<feat xlink:href="#sSpan19337" value="12"/>
		<feat xlink:href="#sSpan19359" value="13"/>
		<feat xlink:href="#sSpan19394" value="14"/>
		<feat xlink:href="#sSpan19426" value="15"/>
		<feat xlink:href="#sSpan19465" value="16"/>
		<feat xlink:href="#sSpan19507" value="17"/>
		<feat xlink:href="#sSpan19552" value="18"/>
		<feat xlink:href="#sSpan19585" value="19"/>
		<feat xlink:href="#sSpan19623" value="20"/>
		<feat xlink:href="#sSpan19671" value="21"/>
		<feat xlink:href="#sSpan19713" value="22"/>
		<feat xlink:href="#sSpan19758" value="23"/>
		<feat xlink:href="#sSpan19802" value="24"/>
		<feat xlink:href="#sSpan19843" value="25"/>
		<feat xlink:href="#sSpan19886" value="26"/>
		<feat xlink:href="#sSpan19925" value="27"/>
		<feat xlink:href="#sSpan19969" value="28"/>
		<feat xlink:href="#sSpan20006" value="29"/>
		<feat xlink:href="#sSpan20044" value="30"/>
		<feat xlink:href="#sSpan20075" value="31"/>
		<feat xlink:href="#sSpan20110" value="32"/>
		<feat xlink:href="#sSpan20155" value="33"/>
		<feat xlink:href="#sSpan20199" value="34"/>
		<feat xlink:href="#sSpan20242" value="1"/>
		<feat xlink:href="#sSpan20281" value="2"/>
		<feat xlink:href="#sSpan20324" value="3"/>
		<feat xlink:href="#sSpan20367" value="4"/>
		<feat xlink:href="#sSpan20413" value="5"/>
		<feat xlink:href="#sSpan20452" value="6"/>
		<feat xlink:href="#sSpan20490" value="7"/>
		<feat xlink:href="#sSpan20532" value="8"/>
		<feat xlink:href="#sSpan20574" value="9"/>
		<feat xlink:href="#sSpan20610" value="10"/>
		<feat xlink:href="#sSpan20655" value="11"/>
		<feat xlink:href="#sSpan20691" value="12"/>
		<feat xlink:href="#sSpan20728" value="13"/>
		<feat xlink:href="#sSpan20775" value="14"/>
		<feat xlink:href="#sSpan20812" value="15"/>
		<feat xlink:href="#sSpan20855" value="16"/>
		<feat xlink:href="#sSpan20894" value="17"/>
		<feat xlink:href="#sSpan20931" value="18"/>
		<feat xlink:href="#sSpan20964" value="19"/>
		<feat xlink:href="#sSpan20991" value="20"/>
		<feat xlink:href="#sSpan21034" value="21"/>
		<feat xlink:href="#sSpan21072" value="22"/>
		<feat xlink:href="#sSpan21113" value="23"/>
		<feat xlink:href="#sSpan21126" value="24"/>
		<feat xlink:href="#sSpan21172" value="25"/>
		<feat xlink:href="#sSpan21185" value="26"/>
		<feat xlink:href="#sSpan21225" value="27"/>
		<feat xlink:href="#sSpan21267" value="28"/>
		<feat xlink:href="#sSpan21312" value="29"/>
		<feat xlink:href="#sSpan21343" value="30"/>
		<feat xlink:href="#sSpan21358" value="31"/>
		<feat xlink:href="#sSpan21402" value="32"/>
		<feat xlink:href="#sSpan21436" value="33"/>
		<feat xlink:href="#sSpan21483" value="34"/>
		<feat xlink:href="#sSpan21512" value="1"/>
		<feat xlink:href="#sSpan21551" value="2"/>
		<feat xlink:href="#sSpan21584" value="3"/>
		<feat xlink:href="#sSpan21622" value="4"/>
		<feat xlink:href="#sSpan21661" value="5"/>
		<feat xlink:href="#sSpan21699" value="6"/>
		<feat xlink:href="#sSpan21740" value="7"/>
		<feat xlink:href="#sSpan21781" value="8"/>
		<feat xlink:href="#sSpan21816" value="9"/>
		<feat xlink:href="#sSpan21844" value="10"/>
		<feat xlink:href="#sSpan21881" value="11"/>
		<feat xlink:href="#sSpan21921" value="12"/>
		<feat xlink:href="#sSpan21965" value="13"/>
		<feat xlink:href="#sSpan22002" value="14"/>
		<feat xlink:href="#sSpan22029" value="15"/>
		<feat xlink:href="#sSpan22063" value="16"/>
		<feat xlink:href="#sSpan22110" value="17"/>
		<feat xlink:href="#sSpan22149" value="18"/>
		<feat xlink:href="#sSpan22185" value="19"/>
		<feat xlink:href="#sSpan22229" value="20"/>
		<feat xlink:href="#sSpan22281" value="21"/>
		<feat xlink:href="#sSpan22328" value="22"/>
		<feat xlink:href="#sSpan22366" value="23"/>
		<feat xlink:href="#sSpan22401" value="24"/>
		<feat xlink:href="#sSpan22439" value="25"/>
		<feat xlink:href="#sSpan22479" value="26"/>
		<feat xlink:href="#sSpan22514" value="27"/>
		<feat xlink:href="#sSpan22536" value="28"/>
		<feat xlink:href="#sSpan22580" value="29"/>
		<feat xlink:href="#sSpan22629" value="30"/>
		<feat xlink:href="#sSpan22666" value="31"/>
		<feat xlink:href="#sSpan22706" value="32"/>
		<feat xlink:href="#sSpan22747" value="33"/>
		<feat xlink:href="#sSpan22793" value="34"/>
		<feat xlink:href="#sSpan22834" value="1"/>
		<feat xlink:href="#sSpan22866" value="2"/>
		<feat xlink:href="#sSpan22911" value="3"/>
		<feat xlink:href="#sSpan22949" value="4"/>
		<feat xlink:href="#sSpan22978" value="5"/>
		<feat xlink:href="#sSpan23011" value="6"/>
		<feat xlink:href="#sSpan23054" value="7"/>
		<feat xlink:href="#sSpan23092" value="8"/>
		<feat xlink:href="#sSpan23135" value="9"/>
		<feat xlink:href="#sSpan23167" value="10"/>
		<feat xlink:href="#sSpan23200" value="11"/>
		<feat xlink:href="#sSpan23234" value="12"/>
		<feat xlink:href="#sSpan23277" value="13"/>
		<feat xlink:href="#sSpan23320" value="14"/>
		<feat xlink:href="#sSpan23362" value="15"/>
		<feat xlink:href="#sSpan23405" value="16"/>
		<feat xlink:href="#sSpan23445" value="17"/>
		<feat xlink:href="#sSpan23484" value="18"/>
		<feat xlink:href="#sSpan23520" value="19"/>
		<feat xlink:href="#sSpan23559" value="20"/>
		<feat xlink:href="#sSpan23606" value="21"/>
		<feat xlink:href="#sSpan23650" value="22"/>
		<feat xlink:href="#sSpan23688" value="23"/>
		<feat xlink:href="#sSpan23701" value="24"/>
		<feat xlink:href="#sSpan23744" value="25"/>
		<feat xlink:href="#sSpan23787" value="26"/>
		<feat xlink:href="#sSpan23834" value="27"/>
		<feat xlink:href="#sSpan23858" value="28"/>
		<feat xlink:href="#sSpan23899" value="29"/>
		<feat xlink:href="#sSpan23935" value="30"/>
		<feat xlink:href="#sSpan23979" value="31"/>
		<feat xlink:href="#sSpan24027" value="32"/>
		<feat xlink:href="#sSpan24069" value="33"/>
		<feat xlink:href="#sSpan24107" value="34"/>
		<feat xlink:href="#sSpan24143" value="1"/>
		<feat xlink:href="#sSpan24197" value="2"/>
		<feat xlink:href="#sSpan24226" value="3"/>
		<feat xlink:href="#sSpan24273" value="4"/>
		<feat xlink:href="#sSpan24311" value="5"/>
		<feat xlink:href="#sSpan24355" value="6"/>
		<feat xlink:href="#sSpan24392" value="7"/>
		<feat xlink:href="#sSpan24405" value="8"/>
		<feat xlink:href="#sSpan24454" value="9"/>
		<feat xlink:href="#sSpan24498" value="10"/>
		<feat xlink:href="#sSpan24537" value="11"/>
		<feat xlink:href="#sSpan24588" value="12"/>
		<feat xlink:href="#sSpan24626" value="13"/>
		<feat xlink:href="#sSpan24671" value="14"/>
		<feat xlink:href="#sSpan24704" value="15"/>
		<feat xlink:href="#sSpan24753" value="16"/>
		<feat xlink:href="#sSpan24795" value="17"/>
		<feat xlink:href="#sSpan24836" value="18"/>
		<feat xlink:href="#sSpan24859" value="19"/>
		<feat xlink:href="#sSpan24901" value="20"/>
		<feat xlink:href="#sSpan24937" value="21"/>
		<feat xlink:href="#sSpan24976" value="22"/>
		<feat xlink:href="#sSpan25026" value="23"/>
		<feat xlink:href="#sSpan25066" value="24"/>
		<feat xlink:href="#sSpan25105" value="25"/>
		<feat xlink:href="#sSpan25145" value="26"/>
		<feat xlink:href="#sSpan25190" value="27"/>
		<feat xlink:href="#sSpan25220" value="28"/>
		<feat xlink:href="#sSpan25272" value="29"/>
		<feat xlink:href="#sSpan25309" value="30"/>
		<feat xlink:href="#sSpan25368" value="31"/>
		<feat xlink:href="#sSpan25409" value="32"/>
		<feat xlink:href="#sSpan25462" value="33"/>
		<feat xlink:href="#sSpan25506" value="1"/>
		<feat xlink:href="#sSpan25551" value="2"/>
		<feat xlink:href="#sSpan25593" value="3"/>
		<feat xlink:href="#sSpan25634" value="4"/>
		<feat xlink:href="#sSpan25676" value="5"/>
		<feat xlink:href="#sSpan25693" value="6"/>
		<feat xlink:href="#sSpan25737" value="7"/>
		<feat xlink:href="#sSpan25785" value="8"/>
		<feat xlink:href="#sSpan25825" value="9"/>
		<feat xlink:href="#sSpan25864" value="10"/>
		<feat xlink:href="#sSpan25908" value="11"/>
		<feat xlink:href="#sSpan25949" value="12"/>
		<feat xlink:href="#sSpan25994" value="13"/>
		<feat xlink:href="#sSpan26027" value="14"/>
		<feat xlink:href="#sSpan26075" value="15"/>
		<feat xlink:href="#sSpan26125" value="16"/>
		<feat xlink:href="#sSpan26151" value="17"/>
		<feat xlink:href="#sSpan26196" value="18"/>
		<feat xlink:href="#sSpan26239" value="19"/>
		<feat xlink:href="#sSpan26284" value="20"/>
		<feat xlink:href="#sSpan26314" value="21"/>
		<feat xlink:href="#sSpan26356" value="22"/>
		<feat xlink:href="#sSpan26408" value="23"/>
		<feat xlink:href="#sSpan26455" value="24"/>
		<feat xlink:href="#sSpan26510" value="25"/>
		<feat xlink:href="#sSpan26556" value="26"/>
		<feat xlink:href="#sSpan26608" value="27"/>
		<feat xlink:href="#sSpan26648" value="28"/>
		<feat xlink:href="#sSpan26681" value="29"/>
		<feat xlink:href="#sSpan26694" value="30"/>
		<feat xlink:href="#sSpan26737" value="31"/>
		<feat xlink:href="#sSpan26778" value="32"/>
		<feat xlink:href="#sSpan26821" value="33"/>
		<feat xlink:href="#sSpan26857" value="34"/>
		<feat xlink:href="#sSpan26908" value="1"/>
		<feat xlink:href="#sSpan26950" value="2"/>
		<feat xlink:href="#sSpan26979" value="3"/>
		<feat xlink:href="#sSpan27019" value="4"/>
		<feat xlink:href="#sSpan27070" value="5"/>
		<feat xlink:href="#sSpan27104" value="6"/>
		<feat xlink:href="#sSpan27146" value="7"/>
		<feat xlink:href="#sSpan27159" value="8"/>
		<feat xlink:href="#sSpan27193" value="9"/>
		<feat xlink:href="#sSpan27230" value="10"/>
		<feat xlink:href="#sSpan27279" value="11"/>
		<feat xlink:href="#sSpan27316" value="12"/>
		<feat xlink:href="#sSpan27364" value="13"/>
		<feat xlink:href="#sSpan27396" value="14"/>
		<feat xlink:href="#sSpan27443" value="15"/>
		<feat xlink:href="#sSpan27483" value="16"/>
		<feat xlink:href="#sSpan27518" value="17"/>
		<feat xlink:href="#sSpan27560" value="18"/>
		<feat xlink:href="#sSpan27594" value="19"/>
		<feat xlink:href="#sSpan27639" value="20"/>
		<feat xlink:href="#sSpan27685" value="21"/>
		<feat xlink:href="#sSpan27735" value="22"/>
		<feat xlink:href="#sSpan27777" value="23"/>
		<feat xlink:href="#sSpan27826" value="24"/>
		<feat xlink:href="#sSpan27875" value="25"/>
		<feat xlink:href="#sSpan27914" value="26"/>
		<feat xlink:href="#sSpan27948" value="27"/>
		<feat xlink:href="#sSpan27977" value="28"/>
		<feat xlink:href="#sSpan28012" value="29"/>
		<feat xlink:href="#sSpan28058" value="30"/>
		<feat xlink:href="#sSpan28113" value="31"/>
		<feat xlink:href="#sSpan28159" value="32"/>
		<feat xlink:href="#sSpan28202" value="33"/>
		<feat xlink:href="#sSpan28243" value="34"/>
		<feat xlink:href="#sSpan28280" value="1"/>
		<feat xlink:href="#sSpan28323" value="2"/>
		<feat xlink:href="#sSpan28345" value="3"/>
		<feat xlink:href="#sSpan28383" value="4"/>
		<feat xlink:href="#sSpan28427" value="5"/>
		<feat xlink:href="#sSpan28465" value="6"/>
		<feat xlink:href="#sSpan28501" value="7"/>
		<feat xlink:href="#sSpan28539" value="8"/>
		<feat xlink:href="#sSpan28556" value="9"/>
		<feat xlink:href="#sSpan28589" value="10"/>
		<feat xlink:href="#sSpan28624" value="11"/>
		<feat xlink:href="#sSpan28645" value="12"/></featList></paula>