<?xml version='1.0' encoding='UTF-8'?><!DOCTYPE paula SYSTEM "paula_feat.dtd">
<paula version="1.1">
	<header paula_id="scriptorium.penitence.02.mark_note"/>
	<featList xmlns:xlink="http://www.w3.org/1999/xlink" type="note" xml:base="scriptorium.penitence.02.mark.xml">
		<feat xlink:href="#sSpan4323" value="sic"/>
		<feat xlink:href="#sSpan7578" value="sic"/>
		<feat xlink:href="#sSpan7621" value="sic"/>
		<feat xlink:href="#sSpan8377" value="sic"/>
		<feat xlink:href="#sSpan10223" value="277 is skipped"/>
		<feat xlink:href="#sSpan12616" value="sic"/>
		<feat xlink:href="#sSpan15085" value="sic"/>
		<feat xlink:href="#sSpan17262" value="Number 290 is skipped"/>
		<feat xlink:href="#sSpan19785" value="sic"/>
		<feat xlink:href="#sSpan24494" value="Page 306 is skipped"/>
		<feat xlink:href="#sSpan28174" value="sic"/></featList></paula>