<?xml version='1.0' encoding='UTF-8'?><!DOCTYPE paula SYSTEM "paula_feat.dtd">
<paula version="1.1">
	<header paula_id="scriptorium.penitence.02.mark_new_sent"/>
	<featList xmlns:xlink="http://www.w3.org/1999/xlink" type="new_sent" xml:base="scriptorium.penitence.02.mark.xml">
		<feat xlink:href="#sSpan2" value="true"/>
		<feat xlink:href="#sSpan85" value="true"/>
		<feat xlink:href="#sSpan151" value="true"/>
		<feat xlink:href="#sSpan369" value="true"/>
		<feat xlink:href="#sSpan448" value="true"/>
		<feat xlink:href="#sSpan513" value="true"/>
		<feat xlink:href="#sSpan624" value="true"/>
		<feat xlink:href="#sSpan732" value="true"/>
		<feat xlink:href="#sSpan812" value="true"/>
		<feat xlink:href="#sSpan866" value="true"/>
		<feat xlink:href="#sSpan928" value="true"/>
		<feat xlink:href="#sSpan1112" value="true"/>
		<feat xlink:href="#sSpan1301" value="true"/>
		<feat xlink:href="#sSpan1343" value="true"/>
		<feat xlink:href="#sSpan1470" value="true"/>
		<feat xlink:href="#sSpan1575" value="true"/>
		<feat xlink:href="#sSpan1621" value="true"/>
		<feat xlink:href="#sSpan1698" value="true"/>
		<feat xlink:href="#sSpan1857" value="true"/>
		<feat xlink:href="#sSpan1870" value="true"/>
		<feat xlink:href="#sSpan1926" value="true"/>
		<feat xlink:href="#sSpan1983" value="true"/>
		<feat xlink:href="#sSpan2046" value="true"/>
		<feat xlink:href="#sSpan2136" value="true"/>
		<feat xlink:href="#sSpan2252" value="true"/>
		<feat xlink:href="#sSpan2357" value="true"/>
		<feat xlink:href="#sSpan2452" value="true"/>
		<feat xlink:href="#sSpan2543" value="true"/>
		<feat xlink:href="#sSpan2588" value="true"/>
		<feat xlink:href="#sSpan2780" value="true"/>
		<feat xlink:href="#sSpan2933" value="true"/>
		<feat xlink:href="#sSpan3111" value="true"/>
		<feat xlink:href="#sSpan3151" value="true"/>
		<feat xlink:href="#sSpan3209" value="true"/>
		<feat xlink:href="#sSpan3396" value="true"/>
		<feat xlink:href="#sSpan3472" value="true"/>
		<feat xlink:href="#sSpan3552" value="true"/>
		<feat xlink:href="#sSpan3606" value="true"/>
		<feat xlink:href="#sSpan3662" value="true"/>
		<feat xlink:href="#sSpan3728" value="true"/>
		<feat xlink:href="#sSpan3817" value="true"/>
		<feat xlink:href="#sSpan3906" value="true"/>
		<feat xlink:href="#sSpan4079" value="true"/>
		<feat xlink:href="#sSpan4208" value="true"/>
		<feat xlink:href="#sSpan4349" value="true"/>
		<feat xlink:href="#sSpan4438" value="true"/>
		<feat xlink:href="#sSpan4564" value="true"/>
		<feat xlink:href="#sSpan4652" value="true"/>
		<feat xlink:href="#sSpan4735" value="true"/>
		<feat xlink:href="#sSpan4788" value="true"/>
		<feat xlink:href="#sSpan4888" value="true"/>
		<feat xlink:href="#sSpan5017" value="true"/>
		<feat xlink:href="#sSpan5137" value="true"/>
		<feat xlink:href="#sSpan5248" value="true"/>
		<feat xlink:href="#sSpan5316" value="true"/>
		<feat xlink:href="#sSpan5402" value="true"/>
		<feat xlink:href="#sSpan5451" value="true"/>
		<feat xlink:href="#sSpan5493" value="true"/>
		<feat xlink:href="#sSpan5587" value="true"/>
		<feat xlink:href="#sSpan5707" value="true"/>
		<feat xlink:href="#sSpan5757" value="true"/>
		<feat xlink:href="#sSpan5833" value="true"/>
		<feat xlink:href="#sSpan5905" value="true"/>
		<feat xlink:href="#sSpan6058" value="true"/>
		<feat xlink:href="#sSpan6202" value="true"/>
		<feat xlink:href="#sSpan6302" value="true"/>
		<feat xlink:href="#sSpan6431" value="true"/>
		<feat xlink:href="#sSpan6524" value="true"/>
		<feat xlink:href="#sSpan6621" value="true"/>
		<feat xlink:href="#sSpan6667" value="true"/>
		<feat xlink:href="#sSpan6774" value="true"/>
		<feat xlink:href="#sSpan6898" value="true"/>
		<feat xlink:href="#sSpan6959" value="true"/>
		<feat xlink:href="#sSpan7035" value="true"/>
		<feat xlink:href="#sSpan7091" value="true"/>
		<feat xlink:href="#sSpan7151" value="true"/>
		<feat xlink:href="#sSpan7200" value="true"/>
		<feat xlink:href="#sSpan7244" value="true"/>
		<feat xlink:href="#sSpan7300" value="true"/>
		<feat xlink:href="#sSpan7356" value="true"/>
		<feat xlink:href="#sSpan7419" value="true"/>
		<feat xlink:href="#sSpan7506" value="true"/>
		<feat xlink:href="#sSpan7588" value="true"/>
		<feat xlink:href="#sSpan7700" value="true"/>
		<feat xlink:href="#sSpan7750" value="true"/>
		<feat xlink:href="#sSpan7902" value="true"/>
		<feat xlink:href="#sSpan8022" value="true"/>
		<feat xlink:href="#sSpan8112" value="true"/>
		<feat xlink:href="#sSpan8183" value="true"/>
		<feat xlink:href="#sSpan8268" value="true"/>
		<feat xlink:href="#sSpan8344" value="true"/>
		<feat xlink:href="#sSpan8414" value="true"/>
		<feat xlink:href="#sSpan8514" value="true"/>
		<feat xlink:href="#sSpan8573" value="true"/>
		<feat xlink:href="#sSpan8656" value="true"/>
		<feat xlink:href="#sSpan8792" value="true"/>
		<feat xlink:href="#sSpan8934" value="true"/>
		<feat xlink:href="#sSpan9036" value="true"/>
		<feat xlink:href="#sSpan9162" value="true"/>
		<feat xlink:href="#sSpan9253" value="true"/>
		<feat xlink:href="#sSpan9323" value="true"/>
		<feat xlink:href="#sSpan9429" value="true"/>
		<feat xlink:href="#sSpan9477" value="true"/>
		<feat xlink:href="#sSpan9543" value="true"/>
		<feat xlink:href="#sSpan9619" value="true"/>
		<feat xlink:href="#sSpan9695" value="true"/>
		<feat xlink:href="#sSpan9789" value="true"/>
		<feat xlink:href="#sSpan9840" value="true"/>
		<feat xlink:href="#sSpan9888" value="true"/>
		<feat xlink:href="#sSpan9970" value="true"/>
		<feat xlink:href="#sSpan10008" value="true"/>
		<feat xlink:href="#sSpan10064" value="true"/>
		<feat xlink:href="#sSpan10150" value="true"/>
		<feat xlink:href="#sSpan10224" value="true"/>
		<feat xlink:href="#sSpan10314" value="true"/>
		<feat xlink:href="#sSpan10363" value="true"/>
		<feat xlink:href="#sSpan10459" value="true"/>
		<feat xlink:href="#sSpan10538" value="true"/>
		<feat xlink:href="#sSpan10675" value="true"/>
		<feat xlink:href="#sSpan10730" value="true"/>
		<feat xlink:href="#sSpan10779" value="true"/>
		<feat xlink:href="#sSpan10852" value="true"/>
		<feat xlink:href="#sSpan10902" value="true"/>
		<feat xlink:href="#sSpan10980" value="true"/>
		<feat xlink:href="#sSpan11106" value="true"/>
		<feat xlink:href="#sSpan11178" value="true"/>
		<feat xlink:href="#sSpan11314" value="true"/>
		<feat xlink:href="#sSpan11414" value="true"/>
		<feat xlink:href="#sSpan11609" value="true"/>
		<feat xlink:href="#sSpan11664" value="true"/>
		<feat xlink:href="#sSpan11756" value="true"/>
		<feat xlink:href="#sSpan11861" value="true"/>
		<feat xlink:href="#sSpan11938" value="true"/>
		<feat xlink:href="#sSpan12015" value="true"/>
		<feat xlink:href="#sSpan12064" value="true"/>
		<feat xlink:href="#sSpan12138" value="true"/>
		<feat xlink:href="#sSpan12242" value="true"/>
		<feat xlink:href="#sSpan12297" value="true"/>
		<feat xlink:href="#sSpan12346" value="true"/>
		<feat xlink:href="#sSpan12447" value="true"/>
		<feat xlink:href="#sSpan12636" value="true"/>
		<feat xlink:href="#sSpan12712" value="true"/>
		<feat xlink:href="#sSpan12886" value="true"/>
		<feat xlink:href="#sSpan12993" value="true"/>
		<feat xlink:href="#sSpan13042" value="true"/>
		<feat xlink:href="#sSpan13227" value="true"/>
		<feat xlink:href="#sSpan13391" value="true"/>
		<feat xlink:href="#sSpan13468" value="true"/>
		<feat xlink:href="#sSpan13522" value="true"/>
		<feat xlink:href="#sSpan13588" value="true"/>
		<feat xlink:href="#sSpan13691" value="true"/>
		<feat xlink:href="#sSpan13762" value="true"/>
		<feat xlink:href="#sSpan13812" value="true"/>
		<feat xlink:href="#sSpan13991" value="true"/>
		<feat xlink:href="#sSpan14059" value="true"/>
		<feat xlink:href="#sSpan14149" value="true"/>
		<feat xlink:href="#sSpan14234" value="true"/>
		<feat xlink:href="#sSpan14311" value="true"/>
		<feat xlink:href="#sSpan14446" value="true"/>
		<feat xlink:href="#sSpan14505" value="true"/>
		<feat xlink:href="#sSpan14554" value="true"/>
		<feat xlink:href="#sSpan14655" value="true"/>
		<feat xlink:href="#sSpan14751" value="true"/>
		<feat xlink:href="#sSpan14821" value="true"/>
		<feat xlink:href="#sSpan14987" value="true"/>
		<feat xlink:href="#sSpan15039" value="true"/>
		<feat xlink:href="#sSpan15102" value="true"/>
		<feat xlink:href="#sSpan15202" value="true"/>
		<feat xlink:href="#sSpan15354" value="true"/>
		<feat xlink:href="#sSpan15444" value="true"/>
		<feat xlink:href="#sSpan15550" value="true"/>
		<feat xlink:href="#sSpan15650" value="true"/>
		<feat xlink:href="#sSpan15780" value="true"/>
		<feat xlink:href="#sSpan15876" value="true"/>
		<feat xlink:href="#sSpan15951" value="true"/>
		<feat xlink:href="#sSpan16040" value="true"/>
		<feat xlink:href="#sSpan16130" value="true"/>
		<feat xlink:href="#sSpan16218" value="true"/>
		<feat xlink:href="#sSpan16262" value="true"/>
		<feat xlink:href="#sSpan16317" value="true"/>
		<feat xlink:href="#sSpan16425" value="true"/>
		<feat xlink:href="#sSpan16506" value="true"/>
		<feat xlink:href="#sSpan16586" value="true"/>
		<feat xlink:href="#sSpan16655" value="true"/>
		<feat xlink:href="#sSpan16724" value="true"/>
		<feat xlink:href="#sSpan16796" value="true"/>
		<feat xlink:href="#sSpan16853" value="true"/>
		<feat xlink:href="#sSpan16922" value="true"/>
		<feat xlink:href="#sSpan16967" value="true"/>
		<feat xlink:href="#sSpan17029" value="true"/>
		<feat xlink:href="#sSpan17094" value="true"/>
		<feat xlink:href="#sSpan17151" value="true"/>
		<feat xlink:href="#sSpan17251" value="true"/>
		<feat xlink:href="#sSpan17313" value="true"/>
		<feat xlink:href="#sSpan17518" value="true"/>
		<feat xlink:href="#sSpan17615" value="true"/>
		<feat xlink:href="#sSpan17696" value="true"/>
		<feat xlink:href="#sSpan17770" value="true"/>
		<feat xlink:href="#sSpan17826" value="true"/>
		<feat xlink:href="#sSpan17929" value="true"/>
		<feat xlink:href="#sSpan18015" value="true"/>
		<feat xlink:href="#sSpan18097" value="true"/>
		<feat xlink:href="#sSpan18189" value="true"/>
		<feat xlink:href="#sSpan18340" value="true"/>
		<feat xlink:href="#sSpan18420" value="true"/>
		<feat xlink:href="#sSpan18570" value="true"/>
		<feat xlink:href="#sSpan18621" value="true"/>
		<feat xlink:href="#sSpan18714" value="true"/>
		<feat xlink:href="#sSpan18760" value="true"/>
		<feat xlink:href="#sSpan18801" value="true"/>
		<feat xlink:href="#sSpan18893" value="true"/>
		<feat xlink:href="#sSpan18947" value="true"/>
		<feat xlink:href="#sSpan18992" value="true"/>
		<feat xlink:href="#sSpan19123" value="true"/>
		<feat xlink:href="#sSpan19181" value="true"/>
		<feat xlink:href="#sSpan19210" value="true"/>
		<feat xlink:href="#sSpan19278" value="true"/>
		<feat xlink:href="#sSpan19355" value="true"/>
		<feat xlink:href="#sSpan19400" value="true"/>
		<feat xlink:href="#sSpan19448" value="true"/>
		<feat xlink:href="#sSpan19581" value="true"/>
		<feat xlink:href="#sSpan19619" value="true"/>
		<feat xlink:href="#sSpan19697" value="true"/>
		<feat xlink:href="#sSpan19861" value="true"/>
		<feat xlink:href="#sSpan20071" value="true"/>
		<feat xlink:href="#sSpan20151" value="true"/>
		<feat xlink:href="#sSpan20238" value="true"/>
		<feat xlink:href="#sSpan20291" value="true"/>
		<feat xlink:href="#sSpan20339" value="true"/>
		<feat xlink:href="#sSpan20409" value="true"/>
		<feat xlink:href="#sSpan20469" value="true"/>
		<feat xlink:href="#sSpan20554" value="true"/>
		<feat xlink:href="#sSpan20585" value="true"/>
		<feat xlink:href="#sSpan20662" value="true"/>
		<feat xlink:href="#sSpan20687" value="true"/>
		<feat xlink:href="#sSpan20760" value="true"/>
		<feat xlink:href="#sSpan20842" value="true"/>
		<feat xlink:href="#sSpan20987" value="true"/>
		<feat xlink:href="#sSpan21120" value="true"/>
		<feat xlink:href="#sSpan21180" value="true"/>
		<feat xlink:href="#sSpan21352" value="true"/>
		<feat xlink:href="#sSpan21456" value="true"/>
		<feat xlink:href="#sSpan21508" value="true"/>
		<feat xlink:href="#sSpan21639" value="true"/>
		<feat xlink:href="#sSpan21711" value="true"/>
		<feat xlink:href="#sSpan21839" value="true"/>
		<feat xlink:href="#sSpan21954" value="true"/>
		<feat xlink:href="#sSpan22025" value="true"/>
		<feat xlink:href="#sSpan22240" value="true"/>
		<feat xlink:href="#sSpan22362" value="true"/>
		<feat xlink:href="#sSpan22532" value="true"/>
		<feat xlink:href="#sSpan22625" value="true"/>
		<feat xlink:href="#sSpan22702" value="true"/>
		<feat xlink:href="#sSpan22779" value="true"/>
		<feat xlink:href="#sSpan22879" value="true"/>
		<feat xlink:href="#sSpan22974" value="true"/>
		<feat xlink:href="#sSpan23097" value="true"/>
		<feat xlink:href="#sSpan23163" value="true"/>
		<feat xlink:href="#sSpan23306" value="true"/>
		<feat xlink:href="#sSpan23358" value="true"/>
		<feat xlink:href="#sSpan23480" value="true"/>
		<feat xlink:href="#sSpan23584" value="true"/>
		<feat xlink:href="#sSpan23696" value="true"/>
		<feat xlink:href="#sSpan23794" value="true"/>
		<feat xlink:href="#sSpan23854" value="true"/>
		<feat xlink:href="#sSpan23949" value="true"/>
		<feat xlink:href="#sSpan23995" value="true"/>
		<feat xlink:href="#sSpan24080" value="true"/>
		<feat xlink:href="#sSpan24151" value="true"/>
		<feat xlink:href="#sSpan24222" value="true"/>
		<feat xlink:href="#sSpan24401" value="true"/>
		<feat xlink:href="#sSpan24557" value="true"/>
		<feat xlink:href="#sSpan24709" value="true"/>
		<feat xlink:href="#sSpan24748" value="true"/>
		<feat xlink:href="#sSpan24854" value="true"/>
		<feat xlink:href="#sSpan24991" value="true"/>
		<feat xlink:href="#sSpan25062" value="true"/>
		<feat xlink:href="#sSpan25136" value="true"/>
		<feat xlink:href="#sSpan25244" value="true"/>
		<feat xlink:href="#sSpan25318" value="true"/>
		<feat xlink:href="#sSpan25457" value="true"/>
		<feat xlink:href="#sSpan25560" value="true"/>
		<feat xlink:href="#sSpan25641" value="true"/>
		<feat xlink:href="#sSpan25687" value="true"/>
		<feat xlink:href="#sSpan25800" value="true"/>
		<feat xlink:href="#sSpan25915" value="true"/>
		<feat xlink:href="#sSpan25958" value="true"/>
		<feat xlink:href="#sSpan26080" value="true"/>
		<feat xlink:href="#sSpan26144" value="true"/>
		<feat xlink:href="#sSpan26185" value="true"/>
		<feat xlink:href="#sSpan26280" value="true"/>
		<feat xlink:href="#sSpan26395" value="true"/>
		<feat xlink:href="#sSpan26444" value="true"/>
		<feat xlink:href="#sSpan26491" value="true"/>
		<feat xlink:href="#sSpan26533" value="true"/>
		<feat xlink:href="#sSpan26595" value="true"/>
		<feat xlink:href="#sSpan26690" value="true"/>
		<feat xlink:href="#sSpan26786" value="true"/>
		<feat xlink:href="#sSpan26837" value="true"/>
		<feat xlink:href="#sSpan26893" value="true"/>
		<feat xlink:href="#sSpan26974" value="true"/>
		<feat xlink:href="#sSpan27060" value="true"/>
		<feat xlink:href="#sSpan27114" value="true"/>
		<feat xlink:href="#sSpan27155" value="true"/>
		<feat xlink:href="#sSpan27211" value="true"/>
		<feat xlink:href="#sSpan27275" value="true"/>
		<feat xlink:href="#sSpan27392" value="true"/>
		<feat xlink:href="#sSpan27488" value="true"/>
		<feat xlink:href="#sSpan27588" value="true"/>
		<feat xlink:href="#sSpan27619" value="true"/>
		<feat xlink:href="#sSpan27720" value="true"/>
		<feat xlink:href="#sSpan27807" value="true"/>
		<feat xlink:href="#sSpan27871" value="true"/>
		<feat xlink:href="#sSpan27972" value="true"/>
		<feat xlink:href="#sSpan28091" value="true"/>
		<feat xlink:href="#sSpan28146" value="true"/>
		<feat xlink:href="#sSpan28239" value="true"/>
		<feat xlink:href="#sSpan28341" value="true"/>
		<feat xlink:href="#sSpan28619" value="true"/></featList></paula>