<?xml version='1.0' encoding='UTF-8'?><!DOCTYPE paula SYSTEM "paula_feat.dtd">
<paula version="1.1">
	<header paula_id="scriptorium.penitence.02.mark_pb_xml_id"/>
	<featList xmlns:xlink="http://www.w3.org/1999/xlink" type="pb_xml_id" xml:base="scriptorium.penitence.02.mark.xml">
		<feat xlink:href="#sSpan10" value="CMCL.AW255"/>
		<feat xlink:href="#sSpan218" value="CMCL.AW256"/>
		<feat xlink:href="#sSpan705" value="CMCL.AW257"/>
		<feat xlink:href="#sSpan1161" value="CMCL.AW258"/>
		<feat xlink:href="#sSpan1645" value="CMCL.AW259"/>
		<feat xlink:href="#sSpan2145" value="CMCL.AW260"/>
		<feat xlink:href="#sSpan2679" value="CMCL.AW261"/>
		<feat xlink:href="#sSpan3208" value="CMCL.AW262"/>
		<feat xlink:href="#sSpan3638" value="CMCL.AW263"/>
		<feat xlink:href="#sSpan4089" value="CMCL.AW264"/>
		<feat xlink:href="#sSpan4613" value="CMCL.AW265"/>
		<feat xlink:href="#sSpan5107" value="CMCL.AW266"/>
		<feat xlink:href="#sSpan5617" value="CMCL.AW267"/>
		<feat xlink:href="#sSpan6000" value="CMCL.AW268"/>
		<feat xlink:href="#sSpan6477" value="CMCL.AW269"/>
		<feat xlink:href="#sSpan6943" value="CMCL.AW270"/>
		<feat xlink:href="#sSpan7405" value="CMCL.AW271"/>
		<feat xlink:href="#sSpan7916" value="CMCL.AW272"/>
		<feat xlink:href="#sSpan8394" value="CMCL.AW273"/>
		<feat xlink:href="#sSpan8842" value="CMCL.AW273.b"/>
		<feat xlink:href="#sSpan9298" value="CMCL.AW274"/>
		<feat xlink:href="#sSpan9736" value="CMCL.AW275"/>
		<feat xlink:href="#sSpan10235" value="CMCL.AW277"/>
		<feat xlink:href="#sSpan10763" value="CMCL.AW278"/>
		<feat xlink:href="#sSpan11261" value="CMCL.AW279"/>
		<feat xlink:href="#sSpan11807" value="CMCL.AW280"/>
		<feat xlink:href="#sSpan12281" value="CMCL.AW281"/>
		<feat xlink:href="#sSpan12720" value="CMCL.AW282"/>
		<feat xlink:href="#sSpan13271" value="CMCL.AW283"/>
		<feat xlink:href="#sSpan13704" value="CMCL.AW283.b"/>
		<feat xlink:href="#sSpan14243" value="CMCL.AW284"/>
		<feat xlink:href="#sSpan14743" value="CMCL.AW285"/>
		<feat xlink:href="#sSpan15250" value="CMCL.AW286"/>
		<feat xlink:href="#sSpan15742" value="CMCL.AW287"/>
		<feat xlink:href="#sSpan16227" value="CMCL.AW288"/>
		<feat xlink:href="#sSpan16746" value="CMCL.AW289"/>
		<feat xlink:href="#sSpan17267" value="CMCL.AW291"/>
		<feat xlink:href="#sSpan17789" value="CMCL.AW292"/>
		<feat xlink:href="#sSpan18326" value="CMCL.AW293"/>
		<feat xlink:href="#sSpan18794" value="CMCL.AW294"/>
		<feat xlink:href="#sSpan19250" value="CMCL.AW295"/>
		<feat xlink:href="#sSpan19760" value="CMCL.AW296"/>
		<feat xlink:href="#sSpan20247" value="CMCL.AW297"/>
		<feat xlink:href="#sSpan20777" value="CMCL.AW298"/>
		<feat xlink:href="#sSpan21269" value="CMCL.AW299"/>
		<feat xlink:href="#sSpan21663" value="CMCL.AW300"/>
		<feat xlink:href="#sSpan22112" value="CMCL.AW301"/>
		<feat xlink:href="#sSpan22582" value="CMCL.AW302"/>
		<feat xlink:href="#sSpan23056" value="CMCL.AW303"/>
		<feat xlink:href="#sSpan23489" value="CMCL.AW304"/>
		<feat xlink:href="#sSpan24029" value="CMCL.AW305"/>
		<feat xlink:href="#sSpan24500" value="CMCL.AW307"/>
		<feat xlink:href="#sSpan24978" value="CMCL.AW308"/>
		<feat xlink:href="#sSpan25467" value="CMCL.AW308.b"/>
		<feat xlink:href="#sSpan25951" value="CMCL.AW309"/>
		<feat xlink:href="#sSpan26457" value="CMCL.AW310"/>
		<feat xlink:href="#sSpan26984" value="CMCL.AW311"/>
		<feat xlink:href="#sSpan27485" value="CMCL.AW312"/>
		<feat xlink:href="#sSpan28014" value="CMCL.AW313"/>
		<feat xlink:href="#sSpan28503" value="CMCL.AW314"/></featList></paula>