<?xml version='1.0' encoding='UTF-8'?><!DOCTYPE paula SYSTEM "paula_feat.dtd">
<paula version="1.1">
	<header paula_id="scriptorium.penitence.02.mark_verse_n"/>
	<featList xmlns:xlink="http://www.w3.org/1999/xlink" type="verse_n" xml:base="scriptorium.penitence.02.mark.xml">
		<feat xlink:href="#sSpan8" value="1"/>
		<feat xlink:href="#sSpan90" value="2"/>
		<feat xlink:href="#sSpan156" value="3"/>
		<feat xlink:href="#sSpan374" value="4"/>
		<feat xlink:href="#sSpan456" value="1"/>
		<feat xlink:href="#sSpan518" value="2"/>
		<feat xlink:href="#sSpan630" value="1"/>
		<feat xlink:href="#sSpan737" value="2"/>
		<feat xlink:href="#sSpan817" value="3"/>
		<feat xlink:href="#sSpan872" value="1"/>
		<feat xlink:href="#sSpan934" value="2"/>
		<feat xlink:href="#sSpan1119" value="1"/>
		<feat xlink:href="#sSpan1306" value="2"/>
		<feat xlink:href="#sSpan1350" value="1"/>
		<feat xlink:href="#sSpan1476" value="1"/>
		<feat xlink:href="#sSpan1580" value="2"/>
		<feat xlink:href="#sSpan1626" value="3"/>
		<feat xlink:href="#sSpan1703" value="4"/>
		<feat xlink:href="#sSpan1863" value="1"/>
		<feat xlink:href="#sSpan1931" value="2"/>
		<feat xlink:href="#sSpan1988" value="3"/>
		<feat xlink:href="#sSpan2051" value="4"/>
		<feat xlink:href="#sSpan2142" value="1"/>
		<feat xlink:href="#sSpan2257" value="2"/>
		<feat xlink:href="#sSpan2362" value="3"/>
		<feat xlink:href="#sSpan2457" value="4"/>
		<feat xlink:href="#sSpan2549" value="1"/>
		<feat xlink:href="#sSpan2595" value="2"/>
		<feat xlink:href="#sSpan2787" value="1"/>
		<feat xlink:href="#sSpan2938" value="2"/>
		<feat xlink:href="#sSpan3117" value="1"/>
		<feat xlink:href="#sSpan3156" value="2"/>
		<feat xlink:href="#sSpan3214" value="3"/>
		<feat xlink:href="#sSpan3404" value="1"/>
		<feat xlink:href="#sSpan3479" value="1"/>
		<feat xlink:href="#sSpan3558" value="1"/>
		<feat xlink:href="#sSpan3611" value="2"/>
		<feat xlink:href="#sSpan3667" value="3"/>
		<feat xlink:href="#sSpan3733" value="4"/>
		<feat xlink:href="#sSpan3822" value="5"/>
		<feat xlink:href="#sSpan3911" value="6"/>
		<feat xlink:href="#sSpan4086" value="1"/>
		<feat xlink:href="#sSpan4214" value="2"/>
		<feat xlink:href="#sSpan4355" value="1"/>
		<feat xlink:href="#sSpan4443" value="2"/>
		<feat xlink:href="#sSpan4571" value="1"/>
		<feat xlink:href="#sSpan4659" value="2"/>
		<feat xlink:href="#sSpan4741" value="1"/>
		<feat xlink:href="#sSpan4794" value="2"/>
		<feat xlink:href="#sSpan4893" value="3"/>
		<feat xlink:href="#sSpan5024" value="1"/>
		<feat xlink:href="#sSpan5143" value="1"/>
		<feat xlink:href="#sSpan5253" value="2"/>
		<feat xlink:href="#sSpan5323" value="1"/>
		<feat xlink:href="#sSpan5409" value="2"/>
		<feat xlink:href="#sSpan5457" value="3"/>
		<feat xlink:href="#sSpan5499" value="1"/>
		<feat xlink:href="#sSpan5593" value="2"/>
		<feat xlink:href="#sSpan5712" value="3"/>
		<feat xlink:href="#sSpan5763" value="1"/>
		<feat xlink:href="#sSpan5840" value="2"/>
		<feat xlink:href="#sSpan5911" value="1"/>
		<feat xlink:href="#sSpan6063" value="2"/>
		<feat xlink:href="#sSpan6208" value="1"/>
		<feat xlink:href="#sSpan6307" value="2"/>
		<feat xlink:href="#sSpan6437" value="1"/>
		<feat xlink:href="#sSpan6529" value="2"/>
		<feat xlink:href="#sSpan6627" value="1"/>
		<feat xlink:href="#sSpan6672" value="2"/>
		<feat xlink:href="#sSpan6779" value="3"/>
		<feat xlink:href="#sSpan6905" value="1"/>
		<feat xlink:href="#sSpan6964" value="2"/>
		<feat xlink:href="#sSpan7040" value="3"/>
		<feat xlink:href="#sSpan7096" value="4"/>
		<feat xlink:href="#sSpan7157" value="1"/>
		<feat xlink:href="#sSpan7206" value="2"/>
		<feat xlink:href="#sSpan7250" value="1"/>
		<feat xlink:href="#sSpan7305" value="2"/>
		<feat xlink:href="#sSpan7361" value="3"/>
		<feat xlink:href="#sSpan7424" value="4"/>
		<feat xlink:href="#sSpan7512" value="5"/>
		<feat xlink:href="#sSpan7597" value="1"/>
		<feat xlink:href="#sSpan7706" value="1"/>
		<feat xlink:href="#sSpan7755" value="2"/>
		<feat xlink:href="#sSpan7907" value="3"/>
		<feat xlink:href="#sSpan8028" value="1"/>
		<feat xlink:href="#sSpan8118" value="2"/>
		<feat xlink:href="#sSpan8188" value="3"/>
		<feat xlink:href="#sSpan8274" value="1"/>
		<feat xlink:href="#sSpan8349" value="2"/>
		<feat xlink:href="#sSpan8419" value="3"/>
		<feat xlink:href="#sSpan8519" value="4"/>
		<feat xlink:href="#sSpan8579" value="1"/>
		<feat xlink:href="#sSpan8662" value="2"/>
		<feat xlink:href="#sSpan8799" value="1"/>
		<feat xlink:href="#sSpan8940" value="1"/>
		<feat xlink:href="#sSpan9042" value="2"/>
		<feat xlink:href="#sSpan9167" value="3"/>
		<feat xlink:href="#sSpan9260" value="1"/>
		<feat xlink:href="#sSpan9328" value="2"/>
		<feat xlink:href="#sSpan9436" value="1"/>
		<feat xlink:href="#sSpan9483" value="2"/>
		<feat xlink:href="#sSpan9548" value="3"/>
		<feat xlink:href="#sSpan9624" value="4"/>
		<feat xlink:href="#sSpan9702" value="1"/>
		<feat xlink:href="#sSpan9794" value="2"/>
		<feat xlink:href="#sSpan9845" value="3"/>
		<feat xlink:href="#sSpan9893" value="4"/>
		<feat xlink:href="#sSpan9975" value="1"/>
		<feat xlink:href="#sSpan10014" value="2"/>
		<feat xlink:href="#sSpan10071" value="1"/>
		<feat xlink:href="#sSpan10156" value="2"/>
		<feat xlink:href="#sSpan10232" value="1"/>
		<feat xlink:href="#sSpan10320" value="2"/>
		<feat xlink:href="#sSpan10371" value="1"/>
		<feat xlink:href="#sSpan10465" value="1"/>
		<feat xlink:href="#sSpan10544" value="2"/>
		<feat xlink:href="#sSpan10682" value="1"/>
		<feat xlink:href="#sSpan10735" value="2"/>
		<feat xlink:href="#sSpan10785" value="3"/>
		<feat xlink:href="#sSpan10859" value="1"/>
		<feat xlink:href="#sSpan10907" value="2"/>
		<feat xlink:href="#sSpan10987" value="3"/>
		<feat xlink:href="#sSpan11111" value="4"/>
		<feat xlink:href="#sSpan11185" value="1"/>
		<feat xlink:href="#sSpan11320" value="2"/>
		<feat xlink:href="#sSpan11421" value="1"/>
		<feat xlink:href="#sSpan11614" value="2"/>
		<feat xlink:href="#sSpan11672" value="1"/>
		<feat xlink:href="#sSpan11763" value="1"/>
		<feat xlink:href="#sSpan11867" value="2"/>
		<feat xlink:href="#sSpan11944" value="1"/>
		<feat xlink:href="#sSpan12020" value="2"/>
		<feat xlink:href="#sSpan12069" value="3"/>
		<feat xlink:href="#sSpan12144" value="4"/>
		<feat xlink:href="#sSpan12248" value="1"/>
		<feat xlink:href="#sSpan12302" value="2"/>
		<feat xlink:href="#sSpan12353" value="3"/>
		<feat xlink:href="#sSpan12455" value="1"/>
		<feat xlink:href="#sSpan12642" value="1"/>
		<feat xlink:href="#sSpan12718" value="2"/>
		<feat xlink:href="#sSpan12891" value="3"/>
		<feat xlink:href="#sSpan12999" value="1"/>
		<feat xlink:href="#sSpan13047" value="2"/>
		<feat xlink:href="#sSpan13233" value="1"/>
		<feat xlink:href="#sSpan13396" value="2"/>
		<feat xlink:href="#sSpan13474" value="1"/>
		<feat xlink:href="#sSpan13527" value="2"/>
		<feat xlink:href="#sSpan13595" value="1"/>
		<feat xlink:href="#sSpan13696" value="2"/>
		<feat xlink:href="#sSpan13767" value="3"/>
		<feat xlink:href="#sSpan13819" value="1"/>
		<feat xlink:href="#sSpan13997" value="2"/>
		<feat xlink:href="#sSpan14064" value="3"/>
		<feat xlink:href="#sSpan14158" value="1"/>
		<feat xlink:href="#sSpan14240" value="1"/>
		<feat xlink:href="#sSpan14317" value="2"/>
		<feat xlink:href="#sSpan14453" value="1"/>
		<feat xlink:href="#sSpan14511" value="2"/>
		<feat xlink:href="#sSpan14560" value="3"/>
		<feat xlink:href="#sSpan14661" value="1"/>
		<feat xlink:href="#sSpan14756" value="2"/>
		<feat xlink:href="#sSpan14827" value="1"/>
		<feat xlink:href="#sSpan14992" value="2"/>
		<feat xlink:href="#sSpan15044" value="3"/>
		<feat xlink:href="#sSpan15107" value="4"/>
		<feat xlink:href="#sSpan15208" value="1"/>
		<feat xlink:href="#sSpan15360" value="2"/>
		<feat xlink:href="#sSpan15450" value="1"/>
		<feat xlink:href="#sSpan15555" value="2"/>
		<feat xlink:href="#sSpan15657" value="1"/>
		<feat xlink:href="#sSpan15785" value="2"/>
		<feat xlink:href="#sSpan15882" value="1"/>
		<feat xlink:href="#sSpan15956" value="2"/>
		<feat xlink:href="#sSpan16047" value="3"/>
		<feat xlink:href="#sSpan16135" value="4"/>
		<feat xlink:href="#sSpan16224" value="1"/>
		<feat xlink:href="#sSpan16269" value="2"/>
		<feat xlink:href="#sSpan16325" value="1"/>
		<feat xlink:href="#sSpan16430" value="2"/>
		<feat xlink:href="#sSpan16512" value="3"/>
		<feat xlink:href="#sSpan16592" value="4"/>
		<feat xlink:href="#sSpan16662" value="1"/>
		<feat xlink:href="#sSpan16730" value="2"/>
		<feat xlink:href="#sSpan16801" value="3"/>
		<feat xlink:href="#sSpan16860" value="1"/>
		<feat xlink:href="#sSpan16928" value="2"/>
		<feat xlink:href="#sSpan16972" value="3"/>
		<feat xlink:href="#sSpan17036" value="4"/>
		<feat xlink:href="#sSpan17101" value="1"/>
		<feat xlink:href="#sSpan17157" value="2"/>
		<feat xlink:href="#sSpan17257" value="3"/>
		<feat xlink:href="#sSpan17319" value="4"/>
		<feat xlink:href="#sSpan17524" value="5"/>
		<feat xlink:href="#sSpan17623" value="1"/>
		<feat xlink:href="#sSpan17703" value="1"/>
		<feat xlink:href="#sSpan17775" value="2"/>
		<feat xlink:href="#sSpan17832" value="3"/>
		<feat xlink:href="#sSpan17934" value="4"/>
		<feat xlink:href="#sSpan18022" value="1"/>
		<feat xlink:href="#sSpan18103" value="2"/>
		<feat xlink:href="#sSpan18196" value="1"/>
		<feat xlink:href="#sSpan18345" value="2"/>
		<feat xlink:href="#sSpan18427" value="1"/>
		<feat xlink:href="#sSpan18575" value="2"/>
		<feat xlink:href="#sSpan18626" value="3"/>
		<feat xlink:href="#sSpan18720" value="1"/>
		<feat xlink:href="#sSpan18766" value="2"/>
		<feat xlink:href="#sSpan18806" value="3"/>
		<feat xlink:href="#sSpan18900" value="1"/>
		<feat xlink:href="#sSpan18952" value="2"/>
		<feat xlink:href="#sSpan18998" value="3"/>
		<feat xlink:href="#sSpan19128" value="4"/>
		<feat xlink:href="#sSpan19186" value="5"/>
		<feat xlink:href="#sSpan19216" value="1"/>
		<feat xlink:href="#sSpan19283" value="2"/>
		<feat xlink:href="#sSpan19361" value="1"/>
		<feat xlink:href="#sSpan19405" value="2"/>
		<feat xlink:href="#sSpan19453" value="3"/>
		<feat xlink:href="#sSpan19587" value="1"/>
		<feat xlink:href="#sSpan19625" value="2"/>
		<feat xlink:href="#sSpan19702" value="3"/>
		<feat xlink:href="#sSpan19866" value="4"/>
		<feat xlink:href="#sSpan20077" value="1"/>
		<feat xlink:href="#sSpan20157" value="2"/>
		<feat xlink:href="#sSpan20244" value="1"/>
		<feat xlink:href="#sSpan20296" value="2"/>
		<feat xlink:href="#sSpan20344" value="3"/>
		<feat xlink:href="#sSpan20415" value="1"/>
		<feat xlink:href="#sSpan20474" value="2"/>
		<feat xlink:href="#sSpan20559" value="3"/>
		<feat xlink:href="#sSpan20590" value="4"/>
		<feat xlink:href="#sSpan20667" value="5"/>
		<feat xlink:href="#sSpan20693" value="1"/>
		<feat xlink:href="#sSpan20765" value="2"/>
		<feat xlink:href="#sSpan20848" value="3"/>
		<feat xlink:href="#sSpan20994" value="1"/>
		<feat xlink:href="#sSpan21129" value="1"/>
		<feat xlink:href="#sSpan21188" value="1"/>
		<feat xlink:href="#sSpan21360" value="1"/>
		<feat xlink:href="#sSpan21462" value="2"/>
		<feat xlink:href="#sSpan21514" value="1"/>
		<feat xlink:href="#sSpan21644" value="2"/>
		<feat xlink:href="#sSpan21716" value="3"/>
		<feat xlink:href="#sSpan21846" value="1"/>
		<feat xlink:href="#sSpan21959" value="2"/>
		<feat xlink:href="#sSpan22031" value="1"/>
		<feat xlink:href="#sSpan22245" value="2"/>
		<feat xlink:href="#sSpan22369" value="1"/>
		<feat xlink:href="#sSpan22538" value="1"/>
		<feat xlink:href="#sSpan22631" value="2"/>
		<feat xlink:href="#sSpan22708" value="1"/>
		<feat xlink:href="#sSpan22784" value="2"/>
		<feat xlink:href="#sSpan22884" value="3"/>
		<feat xlink:href="#sSpan22980" value="1"/>
		<feat xlink:href="#sSpan23103" value="2"/>
		<feat xlink:href="#sSpan23169" value="1"/>
		<feat xlink:href="#sSpan23311" value="2"/>
		<feat xlink:href="#sSpan23365" value="1"/>
		<feat xlink:href="#sSpan23486" value="1"/>
		<feat xlink:href="#sSpan23589" value="2"/>
		<feat xlink:href="#sSpan23703" value="1"/>
		<feat xlink:href="#sSpan23799" value="2"/>
		<feat xlink:href="#sSpan23860" value="1"/>
		<feat xlink:href="#sSpan23955" value="2"/>
		<feat xlink:href="#sSpan24000" value="3"/>
		<feat xlink:href="#sSpan24085" value="4"/>
		<feat xlink:href="#sSpan24157" value="5"/>
		<feat xlink:href="#sSpan24229" value="1"/>
		<feat xlink:href="#sSpan24407" value="1"/>
		<feat xlink:href="#sSpan24562" value="2"/>
		<feat xlink:href="#sSpan24714" value="3"/>
		<feat xlink:href="#sSpan24756" value="1"/>
		<feat xlink:href="#sSpan24861" value="1"/>
		<feat xlink:href="#sSpan24996" value="2"/>
		<feat xlink:href="#sSpan25068" value="1"/>
		<feat xlink:href="#sSpan25141" value="2"/>
		<feat xlink:href="#sSpan25249" value="3"/>
		<feat xlink:href="#sSpan25324" value="4"/>
		<feat xlink:href="#sSpan25464" value="1"/>
		<feat xlink:href="#sSpan25565" value="2"/>
		<feat xlink:href="#sSpan25646" value="3"/>
		<feat xlink:href="#sSpan25695" value="1"/>
		<feat xlink:href="#sSpan25805" value="2"/>
		<feat xlink:href="#sSpan25921" value="3"/>
		<feat xlink:href="#sSpan25963" value="4"/>
		<feat xlink:href="#sSpan26086" value="5"/>
		<feat xlink:href="#sSpan26150" value="1"/>
		<feat xlink:href="#sSpan26190" value="2"/>
		<feat xlink:href="#sSpan26286" value="1"/>
		<feat xlink:href="#sSpan26400" value="2"/>
		<feat xlink:href="#sSpan26449" value="3"/>
		<feat xlink:href="#sSpan26496" value="4"/>
		<feat xlink:href="#sSpan26538" value="5"/>
		<feat xlink:href="#sSpan26600" value="6"/>
		<feat xlink:href="#sSpan26696" value="1"/>
		<feat xlink:href="#sSpan26791" value="2"/>
		<feat xlink:href="#sSpan26842" value="3"/>
		<feat xlink:href="#sSpan26898" value="4"/>
		<feat xlink:href="#sSpan26981" value="1"/>
		<feat xlink:href="#sSpan27065" value="2"/>
		<feat xlink:href="#sSpan27119" value="3"/>
		<feat xlink:href="#sSpan27161" value="1"/>
		<feat xlink:href="#sSpan27216" value="2"/>
		<feat xlink:href="#sSpan27281" value="3"/>
		<feat xlink:href="#sSpan27398" value="1"/>
		<feat xlink:href="#sSpan27493" value="2"/>
		<feat xlink:href="#sSpan27593" value="1"/>
		<feat xlink:href="#sSpan27624" value="2"/>
		<feat xlink:href="#sSpan27726" value="3"/>
		<feat xlink:href="#sSpan27812" value="4"/>
		<feat xlink:href="#sSpan27877" value="5"/>
		<feat xlink:href="#sSpan27979" value="1"/>
		<feat xlink:href="#sSpan28096" value="2"/>
		<feat xlink:href="#sSpan28151" value="3"/>
		<feat xlink:href="#sSpan28246" value="1"/>
		<feat xlink:href="#sSpan28347" value="1"/>
		<feat xlink:href="#sSpan28626" value="2"/></featList></paula>