<?xml version='1.0' encoding='UTF-8'?><!DOCTYPE paula SYSTEM "paula_feat.dtd">
<paula version="1.1">
	<header paula_id="scriptorium.penitence.02.mark_lang"/>
	<featList xmlns:xlink="http://www.w3.org/1999/xlink" type="lang" xml:base="scriptorium.penitence.02.mark.xml">
		<feat xlink:href="#sSpan13" value="Greek"/>
		<feat xlink:href="#sSpan45" value="Greek"/>
		<feat xlink:href="#sSpan57" value="Greek"/>
		<feat xlink:href="#sSpan97" value="Greek"/>
		<feat xlink:href="#sSpan114" value="Greek"/>
		<feat xlink:href="#sSpan143" value="Greek"/>
		<feat xlink:href="#sSpan157" value="Greek"/>
		<feat xlink:href="#sSpan176" value="Greek"/>
		<feat xlink:href="#sSpan207" value="Greek"/>
		<feat xlink:href="#sSpan227" value="Greek"/>
		<feat xlink:href="#sSpan247" value="Greek"/>
		<feat xlink:href="#sSpan267" value="Greek"/>
		<feat xlink:href="#sSpan288" value="Greek"/>
		<feat xlink:href="#sSpan368" value="Greek"/>
		<feat xlink:href="#sSpan375" value="Greek"/>
		<feat xlink:href="#sSpan389" value="Greek"/>
		<feat xlink:href="#sSpan409" value="Greek"/>
		<feat xlink:href="#sSpan420" value="Greek"/>
		<feat xlink:href="#sSpan492" value="Greek"/>
		<feat xlink:href="#sSpan512" value="Greek"/>
		<feat xlink:href="#sSpan525" value="Greek"/>
		<feat xlink:href="#sSpan536" value="Greek"/>
		<feat xlink:href="#sSpan539" value="Greek"/>
		<feat xlink:href="#sSpan568" value="Greek"/>
		<feat xlink:href="#sSpan668" value="Greek"/>
		<feat xlink:href="#sSpan700" value="Greek"/>
		<feat xlink:href="#sSpan725" value="Greek"/>
		<feat xlink:href="#sSpan767" value="Hebrew"/>
		<feat xlink:href="#sSpan811" value="Greek"/>
		<feat xlink:href="#sSpan818" value="Greek"/>
		<feat xlink:href="#sSpan835" value="Greek"/>
		<feat xlink:href="#sSpan900" value="Greek"/>
		<feat xlink:href="#sSpan921" value="Greek"/>
		<feat xlink:href="#sSpan935" value="Greek"/>
		<feat xlink:href="#sSpan938" value="Greek"/>
		<feat xlink:href="#sSpan953" value="Greek"/>
		<feat xlink:href="#sSpan966" value="Greek"/>
		<feat xlink:href="#sSpan981" value="Greek"/>
		<feat xlink:href="#sSpan1009" value="Greek"/>
		<feat xlink:href="#sSpan1039" value="Greek"/>
		<feat xlink:href="#sSpan1050" value="Greek"/>
		<feat xlink:href="#sSpan1105" value="Greek"/>
		<feat xlink:href="#sSpan1171" value="Greek"/>
		<feat xlink:href="#sSpan1200" value="Greek"/>
		<feat xlink:href="#sSpan1294" value="Greek"/>
		<feat xlink:href="#sSpan1309" value="Greek"/>
		<feat xlink:href="#sSpan1342" value="Greek"/>
		<feat xlink:href="#sSpan1351" value="Greek"/>
		<feat xlink:href="#sSpan1367" value="Greek"/>
		<feat xlink:href="#sSpan1374" value="Greek"/>
		<feat xlink:href="#sSpan1392" value="Greek"/>
		<feat xlink:href="#sSpan1421" value="Greek"/>
		<feat xlink:href="#sSpan1499" value="Greek"/>
		<feat xlink:href="#sSpan1527" value="Greek"/>
		<feat xlink:href="#sSpan1557" value="Greek"/>
		<feat xlink:href="#sSpan1620" value="Greek"/>
		<feat xlink:href="#sSpan1635" value="Hebrew"/>
		<feat xlink:href="#sSpan1675" value="Greek"/>
		<feat xlink:href="#sSpan1774" value="Greek"/>
		<feat xlink:href="#sSpan1945" value="Greek"/>
		<feat xlink:href="#sSpan1982" value="Greek"/>
		<feat xlink:href="#sSpan2019" value="Greek"/>
		<feat xlink:href="#sSpan2045" value="Greek"/>
		<feat xlink:href="#sSpan2059" value="Greek"/>
		<feat xlink:href="#sSpan2099" value="Greek"/>
		<feat xlink:href="#sSpan2153" value="Greek"/>
		<feat xlink:href="#sSpan2156" value="Hebrew"/>
		<feat xlink:href="#sSpan2276" value="Greek"/>
		<feat xlink:href="#sSpan2292" value="Greek"/>
		<feat xlink:href="#sSpan2356" value="Greek"/>
		<feat xlink:href="#sSpan2370" value="Greek"/>
		<feat xlink:href="#sSpan2402" value="Greek"/>
		<feat xlink:href="#sSpan2492" value="Greek"/>
		<feat xlink:href="#sSpan2518" value="Greek"/>
		<feat xlink:href="#sSpan2625" value="Greek"/>
		<feat xlink:href="#sSpan2638" value="Greek"/>
		<feat xlink:href="#sSpan2691" value="Greek"/>
		<feat xlink:href="#sSpan2761" value="Greek"/>
		<feat xlink:href="#sSpan2800" value="Greek"/>
		<feat xlink:href="#sSpan2825" value="Greek"/>
		<feat xlink:href="#sSpan2939" value="Hebrew"/>
		<feat xlink:href="#sSpan2947" value="Greek"/>
		<feat xlink:href="#sSpan3020" value="Greek"/>
		<feat xlink:href="#sSpan3080" value="Greek"/>
		<feat xlink:href="#sSpan3092" value="Greek"/>
		<feat xlink:href="#sSpan3103" value="Greek"/>
		<feat xlink:href="#sSpan3294" value="Greek"/>
		<feat xlink:href="#sSpan3308" value="Greek"/>
		<feat xlink:href="#sSpan3349" value="Greek"/>
		<feat xlink:href="#sSpan3380" value="Greek"/>
		<feat xlink:href="#sSpan3418" value="Greek"/>
		<feat xlink:href="#sSpan3429" value="Greek"/>
		<feat xlink:href="#sSpan3436" value="Greek"/>
		<feat xlink:href="#sSpan3448" value="Greek"/>
		<feat xlink:href="#sSpan3463" value="Greek"/>
		<feat xlink:href="#sSpan3471" value="Greek"/>
		<feat xlink:href="#sSpan3487" value="Greek"/>
		<feat xlink:href="#sSpan3534" value="Greek"/>
		<feat xlink:href="#sSpan3680" value="Greek"/>
		<feat xlink:href="#sSpan3698" value="Greek"/>
		<feat xlink:href="#sSpan3719" value="Hebrew"/>
		<feat xlink:href="#sSpan3745" value="Greek"/>
		<feat xlink:href="#sSpan3773" value="Greek"/>
		<feat xlink:href="#sSpan3804" value="Greek"/>
		<feat xlink:href="#sSpan3853" value="Greek"/>
		<feat xlink:href="#sSpan3898" value="Greek"/>
		<feat xlink:href="#sSpan3905" value="Greek"/>
		<feat xlink:href="#sSpan3912" value="Greek"/>
		<feat xlink:href="#sSpan3999" value="Greek"/>
		<feat xlink:href="#sSpan4142" value="Greek"/>
		<feat xlink:href="#sSpan4226" value="Greek"/>
		<feat xlink:href="#sSpan4229" value="Hebrew"/>
		<feat xlink:href="#sSpan4269" value="Greek"/>
		<feat xlink:href="#sSpan4415" value="Greek"/>
		<feat xlink:href="#sSpan4515" value="Greek"/>
		<feat xlink:href="#sSpan4522" value="Greek"/>
		<feat xlink:href="#sSpan4598" value="Greek"/>
		<feat xlink:href="#sSpan4622" value="Greek"/>
		<feat xlink:href="#sSpan4728" value="Greek"/>
		<feat xlink:href="#sSpan4734" value="Greek"/>
		<feat xlink:href="#sSpan4743" value="Greek"/>
		<feat xlink:href="#sSpan4765" value="Greek"/>
		<feat xlink:href="#sSpan4826" value="Greek"/>
		<feat xlink:href="#sSpan4899" value="Greek"/>
		<feat xlink:href="#sSpan4911" value="Greek"/>
		<feat xlink:href="#sSpan4939" value="Greek"/>
		<feat xlink:href="#sSpan4977" value="Greek"/>
		<feat xlink:href="#sSpan5025" value="Greek"/>
		<feat xlink:href="#sSpan5067" value="Greek"/>
		<feat xlink:href="#sSpan5129" value="Greek"/>
		<feat xlink:href="#sSpan5152" value="Greek"/>
		<feat xlink:href="#sSpan5155" value="Hebrew"/>
		<feat xlink:href="#sSpan5259" value="Greek"/>
		<feat xlink:href="#sSpan5329" value="Greek"/>
		<feat xlink:href="#sSpan5366" value="Greek"/>
		<feat xlink:href="#sSpan5384" value="Greek"/>
		<feat xlink:href="#sSpan5437" value="Greek"/>
		<feat xlink:href="#sSpan5450" value="Greek"/>
		<feat xlink:href="#sSpan5458" value="Greek"/>
		<feat xlink:href="#sSpan5539" value="Greek"/>
		<feat xlink:href="#sSpan5596" value="Greek"/>
		<feat xlink:href="#sSpan5612" value="Greek"/>
		<feat xlink:href="#sSpan5667" value="Greek"/>
		<feat xlink:href="#sSpan5672" value="Greek"/>
		<feat xlink:href="#sSpan5691" value="Greek"/>
		<feat xlink:href="#sSpan5706" value="Greek"/>
		<feat xlink:href="#sSpan5867" value="Greek"/>
		<feat xlink:href="#sSpan5917" value="Greek"/>
		<feat xlink:href="#sSpan6025" value="Greek"/>
		<feat xlink:href="#sSpan6057" value="Greek"/>
		<feat xlink:href="#sSpan6078" value="Greek"/>
		<feat xlink:href="#sSpan6108" value="Greek"/>
		<feat xlink:href="#sSpan6214" value="Greek"/>
		<feat xlink:href="#sSpan6286" value="Greek"/>
		<feat xlink:href="#sSpan6336" value="Greek"/>
		<feat xlink:href="#sSpan6419" value="Greek"/>
		<feat xlink:href="#sSpan6463" value="Greek"/>
		<feat xlink:href="#sSpan6470" value="Greek"/>
		<feat xlink:href="#sSpan6489" value="Greek"/>
		<feat xlink:href="#sSpan6523" value="Greek"/>
		<feat xlink:href="#sSpan6537" value="Greek"/>
		<feat xlink:href="#sSpan6642" value="Greek"/>
		<feat xlink:href="#sSpan6650" value="Greek"/>
		<feat xlink:href="#sSpan6676" value="Greek"/>
		<feat xlink:href="#sSpan6773" value="Greek"/>
		<feat xlink:href="#sSpan6800" value="Greek"/>
		<feat xlink:href="#sSpan6813" value="Greek"/>
		<feat xlink:href="#sSpan6882" value="Greek"/>
		<feat xlink:href="#sSpan6909" value="Greek"/>
		<feat xlink:href="#sSpan6972" value="Greek"/>
		<feat xlink:href="#sSpan7090" value="Greek"/>
		<feat xlink:href="#sSpan7107" value="Greek"/>
		<feat xlink:href="#sSpan7150" value="Greek"/>
		<feat xlink:href="#sSpan7186" value="Greek"/>
		<feat xlink:href="#sSpan7259" value="Greek"/>
		<feat xlink:href="#sSpan7262" value="Greek"/>
		<feat xlink:href="#sSpan7267" value="Greek"/>
		<feat xlink:href="#sSpan7293" value="Greek"/>
		<feat xlink:href="#sSpan7355" value="Greek"/>
		<feat xlink:href="#sSpan7505" value="Hebrew"/>
		<feat xlink:href="#sSpan7513" value="Greek"/>
		<feat xlink:href="#sSpan7527" value="Greek"/>
		<feat xlink:href="#sSpan7598" value="Greek"/>
		<feat xlink:href="#sSpan7631" value="Greek"/>
		<feat xlink:href="#sSpan7692" value="Greek"/>
		<feat xlink:href="#sSpan7711" value="Greek"/>
		<feat xlink:href="#sSpan7714" value="Greek"/>
		<feat xlink:href="#sSpan7730" value="Greek"/>
		<feat xlink:href="#sSpan7778" value="Greek"/>
		<feat xlink:href="#sSpan7789" value="Greek"/>
		<feat xlink:href="#sSpan7861" value="Greek"/>
		<feat xlink:href="#sSpan7886" value="Greek"/>
		<feat xlink:href="#sSpan7941" value="Greek"/>
		<feat xlink:href="#sSpan7966" value="Greek"/>
		<feat xlink:href="#sSpan7969" value="Greek"/>
		<feat xlink:href="#sSpan7987" value="Greek"/>
		<feat xlink:href="#sSpan8021" value="Greek"/>
		<feat xlink:href="#sSpan8038" value="Greek"/>
		<feat xlink:href="#sSpan8123" value="Greek"/>
		<feat xlink:href="#sSpan8144" value="Greek"/>
		<feat xlink:href="#sSpan8174" value="Greek"/>
		<feat xlink:href="#sSpan8193" value="Greek"/>
		<feat xlink:href="#sSpan8220" value="Greek"/>
		<feat xlink:href="#sSpan8354" value="Greek"/>
		<feat xlink:href="#sSpan8383" value="Greek"/>
		<feat xlink:href="#sSpan8411" value="Greek"/>
		<feat xlink:href="#sSpan8438" value="Greek"/>
		<feat xlink:href="#sSpan8697" value="Greek"/>
		<feat xlink:href="#sSpan8729" value="Greek"/>
		<feat xlink:href="#sSpan8740" value="Greek"/>
		<feat xlink:href="#sSpan8791" value="Greek"/>
		<feat xlink:href="#sSpan8800" value="Greek"/>
		<feat xlink:href="#sSpan8835" value="Greek"/>
		<feat xlink:href="#sSpan8861" value="Greek"/>
		<feat xlink:href="#sSpan8864" value="Greek"/>
		<feat xlink:href="#sSpan8875" value="Greek"/>
		<feat xlink:href="#sSpan8896" value="Hebrew"/>
		<feat xlink:href="#sSpan9013" value="Greek"/>
		<feat xlink:href="#sSpan9052" value="Greek"/>
		<feat xlink:href="#sSpan9059" value="Greek"/>
		<feat xlink:href="#sSpan9078" value="Greek"/>
		<feat xlink:href="#sSpan9455" value="Greek"/>
		<feat xlink:href="#sSpan9493" value="Greek"/>
		<feat xlink:href="#sSpan9515" value="Greek"/>
		<feat xlink:href="#sSpan9556" value="Greek"/>
		<feat xlink:href="#sSpan9559" value="Hebrew"/>
		<feat xlink:href="#sSpan9586" value="Hebrew"/>
		<feat xlink:href="#sSpan9616" value="Greek"/>
		<feat xlink:href="#sSpan9694" value="Hebrew"/>
		<feat xlink:href="#sSpan9719" value="Greek"/>
		<feat xlink:href="#sSpan9887" value="Greek"/>
		<feat xlink:href="#sSpan9901" value="Greek"/>
		<feat xlink:href="#sSpan9920" value="Greek"/>
		<feat xlink:href="#sSpan9962" value="Greek"/>
		<feat xlink:href="#sSpan10017" value="Greek"/>
		<feat xlink:href="#sSpan10088" value="Greek"/>
		<feat xlink:href="#sSpan10107" value="Greek"/>
		<feat xlink:href="#sSpan10138" value="Greek"/>
		<feat xlink:href="#sSpan10141" value="Greek"/>
		<feat xlink:href="#sSpan10159" value="Greek"/>
		<feat xlink:href="#sSpan10180" value="Greek"/>
		<feat xlink:href="#sSpan10307" value="Greek"/>
		<feat xlink:href="#sSpan10436" value="Greek"/>
		<feat xlink:href="#sSpan10450" value="Greek"/>
		<feat xlink:href="#sSpan10458" value="Greek"/>
		<feat xlink:href="#sSpan10467" value="Greek"/>
		<feat xlink:href="#sSpan10480" value="Greek"/>
		<feat xlink:href="#sSpan10531" value="Greek"/>
		<feat xlink:href="#sSpan10576" value="Greek"/>
		<feat xlink:href="#sSpan10643" value="Greek"/>
		<feat xlink:href="#sSpan10668" value="Greek"/>
		<feat xlink:href="#sSpan10686" value="Greek"/>
		<feat xlink:href="#sSpan10702" value="Greek"/>
		<feat xlink:href="#sSpan10789" value="Greek"/>
		<feat xlink:href="#sSpan10819" value="Greek"/>
		<feat xlink:href="#sSpan10865" value="Greek"/>
		<feat xlink:href="#sSpan10913" value="Greek"/>
		<feat xlink:href="#sSpan10926" value="Greek"/>
		<feat xlink:href="#sSpan10942" value="Greek"/>
		<feat xlink:href="#sSpan10952" value="Greek"/>
		<feat xlink:href="#sSpan11299" value="Greek"/>
		<feat xlink:href="#sSpan11321" value="Greek"/>
		<feat xlink:href="#sSpan11332" value="Greek"/>
		<feat xlink:href="#sSpan11379" value="Greek"/>
		<feat xlink:href="#sSpan11394" value="Greek"/>
		<feat xlink:href="#sSpan11401" value="Greek"/>
		<feat xlink:href="#sSpan11461" value="Greek"/>
		<feat xlink:href="#sSpan11511" value="Greek"/>
		<feat xlink:href="#sSpan11535" value="Greek"/>
		<feat xlink:href="#sSpan11562" value="Greek"/>
		<feat xlink:href="#sSpan11588" value="Greek"/>
		<feat xlink:href="#sSpan11622" value="Greek"/>
		<feat xlink:href="#sSpan11679" value="Greek"/>
		<feat xlink:href="#sSpan11726" value="Greek"/>
		<feat xlink:href="#sSpan11817" value="Greek"/>
		<feat xlink:href="#sSpan11829" value="Greek"/>
		<feat xlink:href="#sSpan11872" value="Greek"/>
		<feat xlink:href="#sSpan12006" value="Greek"/>
		<feat xlink:href="#sSpan12033" value="Greek"/>
		<feat xlink:href="#sSpan12063" value="Greek"/>
		<feat xlink:href="#sSpan12088" value="Greek"/>
		<feat xlink:href="#sSpan12099" value="Greek"/>
		<feat xlink:href="#sSpan12145" value="Greek"/>
		<feat xlink:href="#sSpan12171" value="Greek"/>
		<feat xlink:href="#sSpan12254" value="Greek"/>
		<feat xlink:href="#sSpan12306" value="Greek"/>
		<feat xlink:href="#sSpan12329" value="Greek"/>
		<feat xlink:href="#sSpan12339" value="Greek"/>
		<feat xlink:href="#sSpan12408" value="Greek"/>
		<feat xlink:href="#sSpan12475" value="Greek"/>
		<feat xlink:href="#sSpan12594" value="Greek"/>
		<feat xlink:href="#sSpan12635" value="Greek"/>
		<feat xlink:href="#sSpan12696" value="Greek"/>
		<feat xlink:href="#sSpan12723" value="Greek"/>
		<feat xlink:href="#sSpan12744" value="Greek"/>
		<feat xlink:href="#sSpan12885" value="Greek"/>
		<feat xlink:href="#sSpan12966" value="Greek"/>
		<feat xlink:href="#sSpan12992" value="Greek"/>
		<feat xlink:href="#sSpan13001" value="Greek"/>
		<feat xlink:href="#sSpan13027" value="Greek"/>
		<feat xlink:href="#sSpan13052" value="Greek"/>
		<feat xlink:href="#sSpan13101" value="Greek"/>
		<feat xlink:href="#sSpan13169" value="Greek"/>
		<feat xlink:href="#sSpan13190" value="Greek"/>
		<feat xlink:href="#sSpan13210" value="Greek"/>
		<feat xlink:href="#sSpan13307" value="Hebrew"/>
		<feat xlink:href="#sSpan13496" value="Greek"/>
		<feat xlink:href="#sSpan13532" value="Greek"/>
		<feat xlink:href="#sSpan13552" value="Greek"/>
		<feat xlink:href="#sSpan13560" value="Greek"/>
		<feat xlink:href="#sSpan13597" value="Greek"/>
		<feat xlink:href="#sSpan13631" value="Hebrew"/>
		<feat xlink:href="#sSpan13648" value="Greek"/>
		<feat xlink:href="#sSpan13662" value="Greek"/>
		<feat xlink:href="#sSpan13835" value="Hebrew"/>
		<feat xlink:href="#sSpan13934" value="Greek"/>
		<feat xlink:href="#sSpan13951" value="Greek"/>
		<feat xlink:href="#sSpan13967" value="Greek"/>
		<feat xlink:href="#sSpan14001" value="Greek"/>
		<feat xlink:href="#sSpan14029" value="Greek"/>
		<feat xlink:href="#sSpan14041" value="Greek"/>
		<feat xlink:href="#sSpan14051" value="Greek"/>
		<feat xlink:href="#sSpan14058" value="Greek"/>
		<feat xlink:href="#sSpan14065" value="Greek"/>
		<feat xlink:href="#sSpan14183" value="Greek"/>
		<feat xlink:href="#sSpan14186" value="Greek"/>
		<feat xlink:href="#sSpan14260" value="Hebrew"/>
		<feat xlink:href="#sSpan14368" value="Greek"/>
		<feat xlink:href="#sSpan14571" value="Greek"/>
		<feat xlink:href="#sSpan14596" value="Greek"/>
		<feat xlink:href="#sSpan14614" value="Greek"/>
		<feat xlink:href="#sSpan14654" value="Greek"/>
		<feat xlink:href="#sSpan14683" value="Greek"/>
		<feat xlink:href="#sSpan14713" value="Greek"/>
		<feat xlink:href="#sSpan14855" value="Greek"/>
		<feat xlink:href="#sSpan14873" value="Greek"/>
		<feat xlink:href="#sSpan15187" value="Greek"/>
		<feat xlink:href="#sSpan15378" value="Greek"/>
		<feat xlink:href="#sSpan15389" value="Greek"/>
		<feat xlink:href="#sSpan15474" value="Greek"/>
		<feat xlink:href="#sSpan15622" value="Greek"/>
		<feat xlink:href="#sSpan15745" value="Greek"/>
		<feat xlink:href="#sSpan15814" value="Greek"/>
		<feat xlink:href="#sSpan15961" value="Greek"/>
		<feat xlink:href="#sSpan16011" value="Greek"/>
		<feat xlink:href="#sSpan16086" value="Greek"/>
		<feat xlink:href="#sSpan16107" value="Greek"/>
		<feat xlink:href="#sSpan16164" value="Greek"/>
		<feat xlink:href="#sSpan16201" value="Greek"/>
		<feat xlink:href="#sSpan16238" value="Greek"/>
		<feat xlink:href="#sSpan16270" value="Greek"/>
		<feat xlink:href="#sSpan16329" value="Greek"/>
		<feat xlink:href="#sSpan16362" value="Greek"/>
		<feat xlink:href="#sSpan16424" value="Greek"/>
		<feat xlink:href="#sSpan16599" value="Greek"/>
		<feat xlink:href="#sSpan16664" value="Greek"/>
		<feat xlink:href="#sSpan16700" value="Greek"/>
		<feat xlink:href="#sSpan16710" value="Greek"/>
		<feat xlink:href="#sSpan16741" value="Greek"/>
		<feat xlink:href="#sSpan16760" value="Greek"/>
		<feat xlink:href="#sSpan16808" value="Greek"/>
		<feat xlink:href="#sSpan16870" value="Greek"/>
		<feat xlink:href="#sSpan16880" value="Greek"/>
		<feat xlink:href="#sSpan16903" value="Greek"/>
		<feat xlink:href="#sSpan16937" value="Greek"/>
		<feat xlink:href="#sSpan16954" value="Greek"/>
		<feat xlink:href="#sSpan17061" value="Greek"/>
		<feat xlink:href="#sSpan17189" value="Greek"/>
		<feat xlink:href="#sSpan17306" value="Greek"/>
		<feat xlink:href="#sSpan17444" value="Greek"/>
		<feat xlink:href="#sSpan17495" value="Greek"/>
		<feat xlink:href="#sSpan17595" value="Greek"/>
		<feat xlink:href="#sSpan17636" value="Greek"/>
		<feat xlink:href="#sSpan17676" value="Greek"/>
		<feat xlink:href="#sSpan17707" value="Greek"/>
		<feat xlink:href="#sSpan17744" value="Greek"/>
		<feat xlink:href="#sSpan17778" value="Greek"/>
		<feat xlink:href="#sSpan17844" value="Greek"/>
		<feat xlink:href="#sSpan17863" value="Greek"/>
		<feat xlink:href="#sSpan17880" value="Greek"/>
		<feat xlink:href="#sSpan17890" value="Greek"/>
		<feat xlink:href="#sSpan17928" value="Greek"/>
		<feat xlink:href="#sSpan17935" value="Greek"/>
		<feat xlink:href="#sSpan17946" value="Greek"/>
		<feat xlink:href="#sSpan18026" value="Greek"/>
		<feat xlink:href="#sSpan18068" value="Greek"/>
		<feat xlink:href="#sSpan18078" value="Greek"/>
		<feat xlink:href="#sSpan18104" value="Greek"/>
		<feat xlink:href="#sSpan18107" value="Greek"/>
		<feat xlink:href="#sSpan18149" value="Greek"/>
		<feat xlink:href="#sSpan18293" value="Greek"/>
		<feat xlink:href="#sSpan18314" value="Greek"/>
		<feat xlink:href="#sSpan18327" value="Greek"/>
		<feat xlink:href="#sSpan18350" value="Greek"/>
		<feat xlink:href="#sSpan18383" value="Greek"/>
		<feat xlink:href="#sSpan18391" value="Greek"/>
		<feat xlink:href="#sSpan18407" value="Greek"/>
		<feat xlink:href="#sSpan18446" value="Greek"/>
		<feat xlink:href="#sSpan18534" value="Greek"/>
		<feat xlink:href="#sSpan18562" value="Greek"/>
		<feat xlink:href="#sSpan18569" value="Greek"/>
		<feat xlink:href="#sSpan18614" value="Greek"/>
		<feat xlink:href="#sSpan18912" value="Greek"/>
		<feat xlink:href="#sSpan18965" value="Greek"/>
		<feat xlink:href="#sSpan19114" value="Greek"/>
		<feat xlink:href="#sSpan19122" value="Greek"/>
		<feat xlink:href="#sSpan19221" value="Greek"/>
		<feat xlink:href="#sSpan19241" value="Greek"/>
		<feat xlink:href="#sSpan19277" value="Greek"/>
		<feat xlink:href="#sSpan19284" value="Greek"/>
		<feat xlink:href="#sSpan19354" value="Greek"/>
		<feat xlink:href="#sSpan19367" value="Greek"/>
		<feat xlink:href="#sSpan19399" value="Greek"/>
		<feat xlink:href="#sSpan19447" value="Greek"/>
		<feat xlink:href="#sSpan19458" value="Greek"/>
		<feat xlink:href="#sSpan19482" value="Greek"/>
		<feat xlink:href="#sSpan19488" value="Greek"/>
		<feat xlink:href="#sSpan19529" value="Greek"/>
		<feat xlink:href="#sSpan19542" value="Greek"/>
		<feat xlink:href="#sSpan19612" value="Greek"/>
		<feat xlink:href="#sSpan19630" value="Greek"/>
		<feat xlink:href="#sSpan19655" value="Greek"/>
		<feat xlink:href="#sSpan19672" value="Greek"/>
		<feat xlink:href="#sSpan19710" value="Greek"/>
		<feat xlink:href="#sSpan19772" value="Greek"/>
		<feat xlink:href="#sSpan19836" value="Greek"/>
		<feat xlink:href="#sSpan19893" value="Hebrew"/>
		<feat xlink:href="#sSpan19987" value="Greek"/>
		<feat xlink:href="#sSpan19996" value="Greek"/>
		<feat xlink:href="#sSpan20048" value="Greek"/>
		<feat xlink:href="#sSpan20086" value="Greek"/>
		<feat xlink:href="#sSpan20118" value="Greek"/>
		<feat xlink:href="#sSpan20138" value="Greek"/>
		<feat xlink:href="#sSpan20188" value="Greek"/>
		<feat xlink:href="#sSpan20220" value="Greek"/>
		<feat xlink:href="#sSpan20237" value="Greek"/>
		<feat xlink:href="#sSpan20265" value="Greek"/>
		<feat xlink:href="#sSpan20329" value="Greek"/>
		<feat xlink:href="#sSpan20338" value="Greek"/>
		<feat xlink:href="#sSpan20345" value="Greek"/>
		<feat xlink:href="#sSpan20359" value="Hebrew"/>
		<feat xlink:href="#sSpan20368" value="Hebrew"/>
		<feat xlink:href="#sSpan20393" value="Greek"/>
		<feat xlink:href="#sSpan20408" value="Greek"/>
		<feat xlink:href="#sSpan20417" value="Greek"/>
		<feat xlink:href="#sSpan20453" value="Greek"/>
		<feat xlink:href="#sSpan20671" value="Greek"/>
		<feat xlink:href="#sSpan20710" value="Greek"/>
		<feat xlink:href="#sSpan20771" value="Greek"/>
		<feat xlink:href="#sSpan20778" value="Greek"/>
		<feat xlink:href="#sSpan20790" value="Greek"/>
		<feat xlink:href="#sSpan20818" value="Greek"/>
		<feat xlink:href="#sSpan20860" value="Greek"/>
		<feat xlink:href="#sSpan20879" value="Greek"/>
		<feat xlink:href="#sSpan20928" value="Greek"/>
		<feat xlink:href="#sSpan20986" value="Greek"/>
		<feat xlink:href="#sSpan21024" value="Greek"/>
		<feat xlink:href="#sSpan21029" value="Greek"/>
		<feat xlink:href="#sSpan21078" value="Greek"/>
		<feat xlink:href="#sSpan21097" value="Greek"/>
		<feat xlink:href="#sSpan21106" value="Greek"/>
		<feat xlink:href="#sSpan21132" value="Greek"/>
		<feat xlink:href="#sSpan21200" value="Greek"/>
		<feat xlink:href="#sSpan21252" value="Greek"/>
		<feat xlink:href="#sSpan21266" value="Greek"/>
		<feat xlink:href="#sSpan21369" value="Greek"/>
		<feat xlink:href="#sSpan21443" value="Greek"/>
		<feat xlink:href="#sSpan21632" value="Greek"/>
		<feat xlink:href="#sSpan21653" value="Hebrew"/>
		<feat xlink:href="#sSpan21688" value="Greek"/>
		<feat xlink:href="#sSpan21710" value="Greek"/>
		<feat xlink:href="#sSpan21727" value="Greek"/>
		<feat xlink:href="#sSpan21817" value="Greek"/>
		<feat xlink:href="#sSpan21882" value="Greek"/>
		<feat xlink:href="#sSpan21962" value="Greek"/>
		<feat xlink:href="#sSpan21992" value="Greek"/>
		<feat xlink:href="#sSpan22113" value="Greek"/>
		<feat xlink:href="#sSpan22134" value="Greek"/>
		<feat xlink:href="#sSpan22142" value="Greek"/>
		<feat xlink:href="#sSpan22203" value="Greek"/>
		<feat xlink:href="#sSpan22224" value="Greek"/>
		<feat xlink:href="#sSpan22239" value="Greek"/>
		<feat xlink:href="#sSpan22274" value="Greek"/>
		<feat xlink:href="#sSpan22296" value="Greek"/>
		<feat xlink:href="#sSpan22321" value="Greek"/>
		<feat xlink:href="#sSpan22344" value="Greek"/>
		<feat xlink:href="#sSpan22361" value="Greek"/>
		<feat xlink:href="#sSpan22402" value="Greek"/>
		<feat xlink:href="#sSpan22452" value="Greek"/>
		<feat xlink:href="#sSpan22480" value="Greek"/>
		<feat xlink:href="#sSpan22531" value="Greek"/>
		<feat xlink:href="#sSpan22540" value="Greek"/>
		<feat xlink:href="#sSpan22559" value="Greek"/>
		<feat xlink:href="#sSpan22571" value="Greek"/>
		<feat xlink:href="#sSpan22632" value="Greek"/>
		<feat xlink:href="#sSpan22641" value="Greek"/>
		<feat xlink:href="#sSpan22651" value="Greek"/>
		<feat xlink:href="#sSpan22694" value="Greek"/>
		<feat xlink:href="#sSpan22714" value="Greek"/>
		<feat xlink:href="#sSpan22717" value="Greek"/>
		<feat xlink:href="#sSpan22778" value="Greek"/>
		<feat xlink:href="#sSpan22797" value="Greek"/>
		<feat xlink:href="#sSpan22800" value="Greek"/>
		<feat xlink:href="#sSpan22816" value="Greek"/>
		<feat xlink:href="#sSpan22845" value="Greek"/>
		<feat xlink:href="#sSpan22855" value="Greek"/>
		<feat xlink:href="#sSpan22878" value="Greek"/>
		<feat xlink:href="#sSpan22903" value="Hebrew"/>
		<feat xlink:href="#sSpan22966" value="Greek"/>
		<feat xlink:href="#sSpan23002" value="Hebrew"/>
		<feat xlink:href="#sSpan23079" value="Greek"/>
		<feat xlink:href="#sSpan23089" value="Greek"/>
		<feat xlink:href="#sSpan23106" value="Greek"/>
		<feat xlink:href="#sSpan23180" value="Greek"/>
		<feat xlink:href="#sSpan23250" value="Greek"/>
		<feat xlink:href="#sSpan23357" value="Greek"/>
		<feat xlink:href="#sSpan23490" value="Greek"/>
		<feat xlink:href="#sSpan23517" value="Greek"/>
		<feat xlink:href="#sSpan23583" value="Greek"/>
		<feat xlink:href="#sSpan23623" value="Greek"/>
		<feat xlink:href="#sSpan23668" value="Greek"/>
		<feat xlink:href="#sSpan23689" value="Greek"/>
		<feat xlink:href="#sSpan23874" value="Greek"/>
		<feat xlink:href="#sSpan23896" value="Greek"/>
		<feat xlink:href="#sSpan23974" value="Greek"/>
		<feat xlink:href="#sSpan23987" value="Greek"/>
		<feat xlink:href="#sSpan23994" value="Greek"/>
		<feat xlink:href="#sSpan24001" value="Greek"/>
		<feat xlink:href="#sSpan24013" value="Greek"/>
		<feat xlink:href="#sSpan24022" value="Greek"/>
		<feat xlink:href="#sSpan24033" value="Greek"/>
		<feat xlink:href="#sSpan24048" value="Greek"/>
		<feat xlink:href="#sSpan24073" value="Greek"/>
		<feat xlink:href="#sSpan24091" value="Greek"/>
		<feat xlink:href="#sSpan24122" value="Greek"/>
		<feat xlink:href="#sSpan24162" value="Greek"/>
		<feat xlink:href="#sSpan24192" value="Greek"/>
		<feat xlink:href="#sSpan24302" value="Greek"/>
		<feat xlink:href="#sSpan24329" value="Greek"/>
		<feat xlink:href="#sSpan24342" value="Greek"/>
		<feat xlink:href="#sSpan24373" value="Greek"/>
		<feat xlink:href="#sSpan24400" value="Greek"/>
		<feat xlink:href="#sSpan24409" value="Greek"/>
		<feat xlink:href="#sSpan24460" value="Greek"/>
		<feat xlink:href="#sSpan24478" value="Greek"/>
		<feat xlink:href="#sSpan24487" value="Greek"/>
		<feat xlink:href="#sSpan24601" value="Greek"/>
		<feat xlink:href="#sSpan24623" value="Greek"/>
		<feat xlink:href="#sSpan24635" value="Greek"/>
		<feat xlink:href="#sSpan24646" value="Greek"/>
		<feat xlink:href="#sSpan24660" value="Greek"/>
		<feat xlink:href="#sSpan24672" value="Greek"/>
		<feat xlink:href="#sSpan24718" value="Greek"/>
		<feat xlink:href="#sSpan24760" value="Greek"/>
		<feat xlink:href="#sSpan24816" value="Greek"/>
		<feat xlink:href="#sSpan24827" value="Greek"/>
		<feat xlink:href="#sSpan24896" value="Greek"/>
		<feat xlink:href="#sSpan24921" value="Greek"/>
		<feat xlink:href="#sSpan24959" value="Greek"/>
		<feat xlink:href="#sSpan25001" value="Greek"/>
		<feat xlink:href="#sSpan25113" value="Greek"/>
		<feat xlink:href="#sSpan25129" value="Greek"/>
		<feat xlink:href="#sSpan25146" value="Greek"/>
		<feat xlink:href="#sSpan25149" value="Greek"/>
		<feat xlink:href="#sSpan25198" value="Greek"/>
		<feat xlink:href="#sSpan25254" value="Greek"/>
		<feat xlink:href="#sSpan25348" value="Greek"/>
		<feat xlink:href="#sSpan25386" value="Greek"/>
		<feat xlink:href="#sSpan25396" value="Greek"/>
		<feat xlink:href="#sSpan25419" value="Greek"/>
		<feat xlink:href="#sSpan25443" value="Greek"/>
		<feat xlink:href="#sSpan25493" value="Greek"/>
		<feat xlink:href="#sSpan25517" value="Greek"/>
		<feat xlink:href="#sSpan25552" value="Greek"/>
		<feat xlink:href="#sSpan25576" value="Greek"/>
		<feat xlink:href="#sSpan25602" value="Greek"/>
		<feat xlink:href="#sSpan25668" value="Greek"/>
		<feat xlink:href="#sSpan25671" value="Greek"/>
		<feat xlink:href="#sSpan25699" value="Greek"/>
		<feat xlink:href="#sSpan25815" value="Greek"/>
		<feat xlink:href="#sSpan25834" value="Greek"/>
		<feat xlink:href="#sSpan25942" value="Greek"/>
		<feat xlink:href="#sSpan25966" value="Greek"/>
		<feat xlink:href="#sSpan26023" value="Greek"/>
		<feat xlink:href="#sSpan26047" value="Greek"/>
		<feat xlink:href="#sSpan26136" value="Greek"/>
		<feat xlink:href="#sSpan26155" value="Greek"/>
		<feat xlink:href="#sSpan26193" value="Greek"/>
		<feat xlink:href="#sSpan26217" value="Greek"/>
		<feat xlink:href="#sSpan26271" value="Greek"/>
		<feat xlink:href="#sSpan26279" value="Greek"/>
		<feat xlink:href="#sSpan26288" value="Greek"/>
		<feat xlink:href="#sSpan26315" value="Greek"/>
		<feat xlink:href="#sSpan26340" value="Greek"/>
		<feat xlink:href="#sSpan26403" value="Greek"/>
		<feat xlink:href="#sSpan26443" value="Greek"/>
		<feat xlink:href="#sSpan26490" value="Greek"/>
		<feat xlink:href="#sSpan26532" value="Greek"/>
		<feat xlink:href="#sSpan26641" value="Greek"/>
		<feat xlink:href="#sSpan26657" value="Greek"/>
		<feat xlink:href="#sSpan26689" value="Greek"/>
		<feat xlink:href="#sSpan26725" value="Greek"/>
		<feat xlink:href="#sSpan26779" value="Greek"/>
		<feat xlink:href="#sSpan26846" value="Greek"/>
		<feat xlink:href="#sSpan26892" value="Greek"/>
		<feat xlink:href="#sSpan26935" value="Greek"/>
		<feat xlink:href="#sSpan26967" value="Greek"/>
		<feat xlink:href="#sSpan26987" value="Greek"/>
		<feat xlink:href="#sSpan27066" value="Greek"/>
		<feat xlink:href="#sSpan27082" value="Greek"/>
		<feat xlink:href="#sSpan27147" value="Greek"/>
		<feat xlink:href="#sSpan27204" value="Greek"/>
		<feat xlink:href="#sSpan27317" value="Greek"/>
		<feat xlink:href="#sSpan27324" value="Greek"/>
		<feat xlink:href="#sSpan27391" value="Greek"/>
		<feat xlink:href="#sSpan27434" value="Greek"/>
		<feat xlink:href="#sSpan27455" value="Greek"/>
		<feat xlink:href="#sSpan27496" value="Greek"/>
		<feat xlink:href="#sSpan27561" value="Greek"/>
		<feat xlink:href="#sSpan27612" value="Greek"/>
		<feat xlink:href="#sSpan27627" value="Greek"/>
		<feat xlink:href="#sSpan27640" value="Greek"/>
		<feat xlink:href="#sSpan27660" value="Greek"/>
		<feat xlink:href="#sSpan27672" value="Greek"/>
		<feat xlink:href="#sSpan27675" value="Greek"/>
		<feat xlink:href="#sSpan27686" value="Greek"/>
		<feat xlink:href="#sSpan27698" value="Greek"/>
		<feat xlink:href="#sSpan27701" value="Greek"/>
		<feat xlink:href="#sSpan27739" value="Greek"/>
		<feat xlink:href="#sSpan27742" value="Greek"/>
		<feat xlink:href="#sSpan27751" value="Greek"/>
		<feat xlink:href="#sSpan27774" value="Greek"/>
		<feat xlink:href="#sSpan27779" value="Greek"/>
		<feat xlink:href="#sSpan27830" value="Greek"/>
		<feat xlink:href="#sSpan27864" value="Greek"/>
		<feat xlink:href="#sSpan27881" value="Greek"/>
		<feat xlink:href="#sSpan27884" value="Greek"/>
		<feat xlink:href="#sSpan27896" value="Greek"/>
		<feat xlink:href="#sSpan27983" value="Greek"/>
		<feat xlink:href="#sSpan27999" value="Greek"/>
		<feat xlink:href="#sSpan28015" value="Greek"/>
		<feat xlink:href="#sSpan28035" value="Hebrew"/>
		<feat xlink:href="#sSpan28041" value="Greek"/>
		<feat xlink:href="#sSpan28176" value="Greek"/>
		<feat xlink:href="#sSpan28233" value="Greek"/>
		<feat xlink:href="#sSpan28247" value="Greek"/>
		<feat xlink:href="#sSpan28283" value="Greek"/>
		<feat xlink:href="#sSpan28304" value="Greek"/>
		<feat xlink:href="#sSpan28340" value="Greek"/>
		<feat xlink:href="#sSpan28435" value="Greek"/>
		<feat xlink:href="#sSpan28484" value="Greek"/>
		<feat xlink:href="#sSpan28526" value="Greek"/>
		<feat xlink:href="#sSpan28540" value="Greek"/>
		<feat xlink:href="#sSpan28543" value="Hebrew"/>
		<feat xlink:href="#sSpan28618" value="Hebrew"/>
		<feat xlink:href="#sSpan28627" value="Hebrew"/>
		<feat xlink:href="#sSpan28632" value="Greek"/></featList></paula>