<?xml version='1.0' encoding='UTF-8'?><!DOCTYPE paula SYSTEM "paula_feat.dtd">
<paula version="1.1">
	<header paula_id="scriptorium.penitence.02.mark_chapter_n"/>
	<featList xmlns:xlink="http://www.w3.org/1999/xlink" type="chapter_n" xml:base="scriptorium.penitence.02.mark.xml">
		<feat xlink:href="#sSpan12" value="120"/>
		<feat xlink:href="#sSpan457" value="121"/>
		<feat xlink:href="#sSpan631" value="122"/>
		<feat xlink:href="#sSpan873" value="123"/>
		<feat xlink:href="#sSpan1120" value="124"/>
		<feat xlink:href="#sSpan1348" value="125"/>
		<feat xlink:href="#sSpan1477" value="126"/>
		<feat xlink:href="#sSpan1864" value="127"/>
		<feat xlink:href="#sSpan2144" value="128"/>
		<feat xlink:href="#sSpan2550" value="129"/>
		<feat xlink:href="#sSpan2788" value="130"/>
		<feat xlink:href="#sSpan3119" value="131"/>
		<feat xlink:href="#sSpan3402" value="132"/>
		<feat xlink:href="#sSpan3477" value="133"/>
		<feat xlink:href="#sSpan3559" value="134"/>
		<feat xlink:href="#sSpan4087" value="135"/>
		<feat xlink:href="#sSpan4356" value="136"/>
		<feat xlink:href="#sSpan4572" value="137"/>
		<feat xlink:href="#sSpan4742" value="138"/>
		<feat xlink:href="#sSpan5022" value="139"/>
		<feat xlink:href="#sSpan5144" value="140"/>
		<feat xlink:href="#sSpan5324" value="141"/>
		<feat xlink:href="#sSpan5500" value="142"/>
		<feat xlink:href="#sSpan5764" value="143"/>
		<feat xlink:href="#sSpan5912" value="144"/>
		<feat xlink:href="#sSpan6209" value="145"/>
		<feat xlink:href="#sSpan6438" value="146"/>
		<feat xlink:href="#sSpan6628" value="147"/>
		<feat xlink:href="#sSpan6906" value="148"/>
		<feat xlink:href="#sSpan7158" value="149"/>
		<feat xlink:href="#sSpan7251" value="150"/>
		<feat xlink:href="#sSpan7595" value="151"/>
		<feat xlink:href="#sSpan7707" value="152"/>
		<feat xlink:href="#sSpan8029" value="153"/>
		<feat xlink:href="#sSpan8275" value="154"/>
		<feat xlink:href="#sSpan8580" value="155"/>
		<feat xlink:href="#sSpan8797" value="156"/>
		<feat xlink:href="#sSpan8941" value="157"/>
		<feat xlink:href="#sSpan9261" value="158"/>
		<feat xlink:href="#sSpan9437" value="159"/>
		<feat xlink:href="#sSpan9703" value="160"/>
		<feat xlink:href="#sSpan9977" value="161"/>
		<feat xlink:href="#sSpan10072" value="162"/>
		<feat xlink:href="#sSpan10233" value="163"/>
		<feat xlink:href="#sSpan10369" value="164"/>
		<feat xlink:href="#sSpan10466" value="165"/>
		<feat xlink:href="#sSpan10683" value="166"/>
		<feat xlink:href="#sSpan10860" value="167"/>
		<feat xlink:href="#sSpan11186" value="168"/>
		<feat xlink:href="#sSpan11422" value="169"/>
		<feat xlink:href="#sSpan11670" value="170"/>
		<feat xlink:href="#sSpan11764" value="171"/>
		<feat xlink:href="#sSpan11945" value="172"/>
		<feat xlink:href="#sSpan12249" value="173"/>
		<feat xlink:href="#sSpan12453" value="174"/>
		<feat xlink:href="#sSpan12643" value="175"/>
		<feat xlink:href="#sSpan13000" value="176"/>
		<feat xlink:href="#sSpan13234" value="177"/>
		<feat xlink:href="#sSpan13475" value="178"/>
		<feat xlink:href="#sSpan13596" value="179"/>
		<feat xlink:href="#sSpan13820" value="180"/>
		<feat xlink:href="#sSpan14156" value="181"/>
		<feat xlink:href="#sSpan14241" value="182"/>
		<feat xlink:href="#sSpan14454" value="183"/>
		<feat xlink:href="#sSpan14662" value="184"/>
		<feat xlink:href="#sSpan14828" value="185"/>
		<feat xlink:href="#sSpan15209" value="186"/>
		<feat xlink:href="#sSpan15451" value="187"/>
		<feat xlink:href="#sSpan15658" value="188"/>
		<feat xlink:href="#sSpan15883" value="189"/>
		<feat xlink:href="#sSpan16225" value="190"/>
		<feat xlink:href="#sSpan16326" value="191"/>
		<feat xlink:href="#sSpan16663" value="192"/>
		<feat xlink:href="#sSpan16861" value="193"/>
		<feat xlink:href="#sSpan17102" value="194"/>
		<feat xlink:href="#sSpan17621" value="195"/>
		<feat xlink:href="#sSpan17704" value="196"/>
		<feat xlink:href="#sSpan18023" value="197"/>
		<feat xlink:href="#sSpan18197" value="198"/>
		<feat xlink:href="#sSpan18428" value="199"/>
		<feat xlink:href="#sSpan18721" value="200"/>
		<feat xlink:href="#sSpan18901" value="201"/>
		<feat xlink:href="#sSpan19217" value="202"/>
		<feat xlink:href="#sSpan19362" value="203"/>
		<feat xlink:href="#sSpan19588" value="204"/>
		<feat xlink:href="#sSpan20078" value="205"/>
		<feat xlink:href="#sSpan20245" value="206"/>
		<feat xlink:href="#sSpan20416" value="207"/>
		<feat xlink:href="#sSpan20694" value="208"/>
		<feat xlink:href="#sSpan20992" value="209"/>
		<feat xlink:href="#sSpan21127" value="210"/>
		<feat xlink:href="#sSpan21186" value="211"/>
		<feat xlink:href="#sSpan21361" value="212"/>
		<feat xlink:href="#sSpan21515" value="213"/>
		<feat xlink:href="#sSpan21847" value="214"/>
		<feat xlink:href="#sSpan22032" value="215"/>
		<feat xlink:href="#sSpan22367" value="216"/>
		<feat xlink:href="#sSpan22539" value="217"/>
		<feat xlink:href="#sSpan22709" value="218"/>
		<feat xlink:href="#sSpan22981" value="219"/>
		<feat xlink:href="#sSpan23170" value="220"/>
		<feat xlink:href="#sSpan23363" value="221"/>
		<feat xlink:href="#sSpan23487" value="222"/>
		<feat xlink:href="#sSpan23704" value="223"/>
		<feat xlink:href="#sSpan23861" value="224"/>
		<feat xlink:href="#sSpan24227" value="225"/>
		<feat xlink:href="#sSpan24408" value="226"/>
		<feat xlink:href="#sSpan24754" value="227"/>
		<feat xlink:href="#sSpan24862" value="228"/>
		<feat xlink:href="#sSpan25069" value="229"/>
		<feat xlink:href="#sSpan25465" value="230"/>
		<feat xlink:href="#sSpan25696" value="231"/>
		<feat xlink:href="#sSpan26152" value="232"/>
		<feat xlink:href="#sSpan26287" value="233"/>
		<feat xlink:href="#sSpan26697" value="234"/>
		<feat xlink:href="#sSpan26982" value="235"/>
		<feat xlink:href="#sSpan27162" value="236"/>
		<feat xlink:href="#sSpan27399" value="237"/>
		<feat xlink:href="#sSpan27595" value="238"/>
		<feat xlink:href="#sSpan27980" value="239"/>
		<feat xlink:href="#sSpan28244" value="240"/>
		<feat xlink:href="#sSpan28348" value="241"/></featList></paula>