<?xml version='1.0' encoding='UTF-8'?><!DOCTYPE paula SYSTEM "paula_feat.dtd">
<paula version="1.1">
	<header paula_id="scriptorium.penitence.02.mark_ed_page_n"/>
	<featList xmlns:xlink="http://www.w3.org/1999/xlink" type="ed_page_n" xml:base="scriptorium.penitence.02.mark.xml">
		<feat xlink:href="#sSpan11" value="23"/>
		<feat xlink:href="#sSpan292" value="24"/>
		<feat xlink:href="#sSpan1512" value="25"/>
		<feat xlink:href="#sSpan2925" value="26"/>
		<feat xlink:href="#sSpan4255" value="27"/>
		<feat xlink:href="#sSpan5618" value="28"/>
		<feat xlink:href="#sSpan6944" value="29"/>
		<feat xlink:href="#sSpan8276" value="30"/>
		<feat xlink:href="#sSpan9565" value="31"/>
		<feat xlink:href="#sSpan10897" value="32"/>
		<feat xlink:href="#sSpan12250" value="33"/>
		<feat xlink:href="#sSpan13542" value="34"/>
		<feat xlink:href="#sSpan14907" value="35"/>
		<feat xlink:href="#sSpan16228" value="36"/>
		<feat xlink:href="#sSpan17566" value="37"/>
		<feat xlink:href="#sSpan18902" value="38"/>
		<feat xlink:href="#sSpan20248" value="39"/>
		<feat xlink:href="#sSpan21516" value="40"/>
		<feat xlink:href="#sSpan22835" value="41"/>
		<feat xlink:href="#sSpan24144" value="42"/>
		<feat xlink:href="#sSpan25507" value="43"/>
		<feat xlink:href="#sSpan26909" value="44"/>
		<feat xlink:href="#sSpan28282" value="45"/></featList></paula>