<?xml version='1.0' encoding='UTF-8'?><!DOCTYPE paula SYSTEM "paula_feat.dtd">
<paula version="1.1">
	<header paula_id="scriptorium.penitence.02.mark_entity"/>
	<featList xmlns:xlink="http://www.w3.org/1999/xlink" type="entity" xml:base="scriptorium.penitence.02.mark.xml">
		<feat xlink:href="#sSpan38" value="person"/>
		<feat xlink:href="#sSpan82" value="place"/>
		<feat xlink:href="#sSpan93" value="place"/>
		<feat xlink:href="#sSpan137" value="plant"/>
		<feat xlink:href="#sSpan146" value="abstract"/>
		<feat xlink:href="#sSpan168" value="person"/>
		<feat xlink:href="#sSpan201" value="person"/>
		<feat xlink:href="#sSpan221" value="person"/>
		<feat xlink:href="#sSpan246" value="person"/>
		<feat xlink:href="#sSpan257" value="abstract"/>
		<feat xlink:href="#sSpan266" value="abstract"/>
		<feat xlink:href="#sSpan277" value="person"/>
		<feat xlink:href="#sSpan287" value="abstract"/>
		<feat xlink:href="#sSpan309" value="place"/>
		<feat xlink:href="#sSpan322" value="abstract"/>
		<feat xlink:href="#sSpan354" value="time"/>
		<feat xlink:href="#sSpan363" value="person"/>
		<feat xlink:href="#sSpan408" value="abstract"/>
		<feat xlink:href="#sSpan432" value="abstract"/>
		<feat xlink:href="#sSpan441" value="abstract"/>
		<feat xlink:href="#sSpan475" value="abstract"/>
		<feat xlink:href="#sSpan528" value="object"/>
		<feat xlink:href="#sSpan535" value="abstract"/>
		<feat xlink:href="#sSpan567" value="abstract"/>
		<feat xlink:href="#sSpan590" value="abstract"/>
		<feat xlink:href="#sSpan603" value="abstract"/>
		<feat xlink:href="#sSpan612" value="abstract"/>
		<feat xlink:href="#sSpan634" value="abstract"/>
		<feat xlink:href="#sSpan657" value="person"/>
		<feat xlink:href="#sSpan678" value="person"/>
		<feat xlink:href="#sSpan685" value="abstract"/>
		<feat xlink:href="#sSpan724" value="person"/>
		<feat xlink:href="#sSpan761" value="person"/>
		<feat xlink:href="#sSpan789" value="person"/>
		<feat xlink:href="#sSpan806" value="abstract"/>
		<feat xlink:href="#sSpan831" value="person"/>
		<feat xlink:href="#sSpan854" value="abstract"/>
		<feat xlink:href="#sSpan882" value="person"/>
		<feat xlink:href="#sSpan895" value="person"/>
		<feat xlink:href="#sSpan909" value="time"/>
		<feat xlink:href="#sSpan920" value="abstract"/>
		<feat xlink:href="#sSpan930" value="person"/>
		<feat xlink:href="#sSpan965" value="person"/>
		<feat xlink:href="#sSpan1042" value="person"/>
		<feat xlink:href="#sSpan1049" value="abstract"/>
		<feat xlink:href="#sSpan1063" value="abstract"/>
		<feat xlink:href="#sSpan1080" value="abstract"/>
		<feat xlink:href="#sSpan1104" value="abstract"/>
		<feat xlink:href="#sSpan1139" value="time"/>
		<feat xlink:href="#sSpan1159" value="time"/>
		<feat xlink:href="#sSpan1170" value="abstract"/>
		<feat xlink:href="#sSpan1199" value="person"/>
		<feat xlink:href="#sSpan1225" value="person"/>
		<feat xlink:href="#sSpan1272" value="abstract"/>
		<feat xlink:href="#sSpan1293" value="abstract"/>
		<feat xlink:href="#sSpan1319" value="person"/>
		<feat xlink:href="#sSpan1328" value="abstract"/>
		<feat xlink:href="#sSpan1366" value="object"/>
		<feat xlink:href="#sSpan1377" value="person"/>
		<feat xlink:href="#sSpan1400" value="person"/>
		<feat xlink:href="#sSpan1460" value="abstract"/>
		<feat xlink:href="#sSpan1488" value="abstract"/>
		<feat xlink:href="#sSpan1510" value="abstract"/>
		<feat xlink:href="#sSpan1568" value="abstract"/>
		<feat xlink:href="#sSpan1593" value="place"/>
		<feat xlink:href="#sSpan1613" value="person"/>
		<feat xlink:href="#sSpan1638" value="person"/>
		<feat xlink:href="#sSpan1668" value="place"/>
		<feat xlink:href="#sSpan1684" value="person"/>
		<feat xlink:href="#sSpan1714" value="person"/>
		<feat xlink:href="#sSpan1756" value="abstract"/>
		<feat xlink:href="#sSpan1773" value="abstract"/>
		<feat xlink:href="#sSpan1786" value="object"/>
		<feat xlink:href="#sSpan1811" value="object"/>
		<feat xlink:href="#sSpan1842" value="abstract"/>
		<feat xlink:href="#sSpan1851" value="person"/>
		<feat xlink:href="#sSpan1906" value="person"/>
		<feat xlink:href="#sSpan1917" value="person"/>
		<feat xlink:href="#sSpan1955" value="person"/>
		<feat xlink:href="#sSpan1975" value="person"/>
		<feat xlink:href="#sSpan1998" value="event"/>
		<feat xlink:href="#sSpan2018" value="place"/>
		<feat xlink:href="#sSpan2058" value="person"/>
		<feat xlink:href="#sSpan2079" value="abstract"/>
		<feat xlink:href="#sSpan2118" value="abstract"/>
		<feat xlink:href="#sSpan2128" value="person"/>
		<feat xlink:href="#sSpan2152" value="person"/>
		<feat xlink:href="#sSpan2188" value="person"/>
		<feat xlink:href="#sSpan2213" value="time"/>
		<feat xlink:href="#sSpan2236" value="object"/>
		<feat xlink:href="#sSpan2245" value="person"/>
		<feat xlink:href="#sSpan2275" value="abstract"/>
		<feat xlink:href="#sSpan2285" value="abstract"/>
		<feat xlink:href="#sSpan2321" value="place"/>
		<feat xlink:href="#sSpan2338" value="person"/>
		<feat xlink:href="#sSpan2365" value="abstract"/>
		<feat xlink:href="#sSpan2379" value="abstract"/>
		<feat xlink:href="#sSpan2401" value="abstract"/>
		<feat xlink:href="#sSpan2415" value="person"/>
		<feat xlink:href="#sSpan2445" value="place"/>
		<feat xlink:href="#sSpan2474" value="person"/>
		<feat xlink:href="#sSpan2501" value="abstract"/>
		<feat xlink:href="#sSpan2516" value="abstract"/>
		<feat xlink:href="#sSpan2535" value="abstract"/>
		<feat xlink:href="#sSpan2561" value="time"/>
		<feat xlink:href="#sSpan2572" value="abstract"/>
		<feat xlink:href="#sSpan2581" value="event"/>
		<feat xlink:href="#sSpan2592" value="abstract"/>
		<feat xlink:href="#sSpan2620" value="abstract"/>
		<feat xlink:href="#sSpan2636" value="person"/>
		<feat xlink:href="#sSpan2651" value="abstract"/>
		<feat xlink:href="#sSpan2660" value="abstract"/>
		<feat xlink:href="#sSpan2676" value="abstract"/>
		<feat xlink:href="#sSpan2690" value="person"/>
		<feat xlink:href="#sSpan2702" value="abstract"/>
		<feat xlink:href="#sSpan2740" value="abstract"/>
		<feat xlink:href="#sSpan2760" value="abstract"/>
		<feat xlink:href="#sSpan2770" value="abstract"/>
		<feat xlink:href="#sSpan2799" value="abstract"/>
		<feat xlink:href="#sSpan2813" value="abstract"/>
		<feat xlink:href="#sSpan2828" value="abstract"/>
		<feat xlink:href="#sSpan2839" value="event"/>
		<feat xlink:href="#sSpan2850" value="abstract"/>
		<feat xlink:href="#sSpan2867" value="abstract"/>
		<feat xlink:href="#sSpan2879" value="abstract"/>
		<feat xlink:href="#sSpan2890" value="abstract"/>
		<feat xlink:href="#sSpan2901" value="abstract"/>
		<feat xlink:href="#sSpan2913" value="abstract"/>
		<feat xlink:href="#sSpan2928" value="event"/>
		<feat xlink:href="#sSpan2942" value="person"/>
		<feat xlink:href="#sSpan2958" value="abstract"/>
		<feat xlink:href="#sSpan2969" value="person"/>
		<feat xlink:href="#sSpan2987" value="abstract"/>
		<feat xlink:href="#sSpan2994" value="abstract"/>
		<feat xlink:href="#sSpan3014" value="abstract"/>
		<feat xlink:href="#sSpan3031" value="abstract"/>
		<feat xlink:href="#sSpan3048" value="abstract"/>
		<feat xlink:href="#sSpan3060" value="object"/>
		<feat xlink:href="#sSpan3069" value="abstract"/>
		<feat xlink:href="#sSpan3083" value="event"/>
		<feat xlink:href="#sSpan3102" value="abstract"/>
		<feat xlink:href="#sSpan3140" value="abstract"/>
		<feat xlink:href="#sSpan3172" value="time"/>
		<feat xlink:href="#sSpan3194" value="object"/>
		<feat xlink:href="#sSpan3203" value="person"/>
		<feat xlink:href="#sSpan3225" value="object"/>
		<feat xlink:href="#sSpan3238" value="place"/>
		<feat xlink:href="#sSpan3257" value="place"/>
		<feat xlink:href="#sSpan3276" value="abstract"/>
		<feat xlink:href="#sSpan3283" value="abstract"/>
		<feat xlink:href="#sSpan3292" value="abstract"/>
		<feat xlink:href="#sSpan3303" value="abstract"/>
		<feat xlink:href="#sSpan3319" value="abstract"/>
		<feat xlink:href="#sSpan3332" value="object"/>
		<feat xlink:href="#sSpan3352" value="abstract"/>
		<feat xlink:href="#sSpan3355" value="abstract"/>
		<feat xlink:href="#sSpan3366" value="abstract"/>
		<feat xlink:href="#sSpan3407" value="abstract"/>
		<feat xlink:href="#sSpan3447" value="abstract"/>
		<feat xlink:href="#sSpan3486" value="object"/>
		<feat xlink:href="#sSpan3508" value="abstract"/>
		<feat xlink:href="#sSpan3543" value="person"/>
		<feat xlink:href="#sSpan3589" value="abstract"/>
		<feat xlink:href="#sSpan3599" value="person"/>
		<feat xlink:href="#sSpan3653" value="time"/>
		<feat xlink:href="#sSpan3677" value="person"/>
		<feat xlink:href="#sSpan3697" value="person"/>
		<feat xlink:href="#sSpan3716" value="person"/>
		<feat xlink:href="#sSpan3786" value="person"/>
		<feat xlink:href="#sSpan3860" value="time"/>
		<feat xlink:href="#sSpan3887" value="abstract"/>
		<feat xlink:href="#sSpan3897" value="abstract"/>
		<feat xlink:href="#sSpan3919" value="person"/>
		<feat xlink:href="#sSpan3941" value="event"/>
		<feat xlink:href="#sSpan3948" value="time"/>
		<feat xlink:href="#sSpan3961" value="place"/>
		<feat xlink:href="#sSpan3970" value="person"/>
		<feat xlink:href="#sSpan3982" value="person"/>
		<feat xlink:href="#sSpan4027" value="time"/>
		<feat xlink:href="#sSpan4034" value="event"/>
		<feat xlink:href="#sSpan4041" value="time"/>
		<feat xlink:href="#sSpan4068" value="animal"/>
		<feat xlink:href="#sSpan4112" value="event"/>
		<feat xlink:href="#sSpan4119" value="person"/>
		<feat xlink:href="#sSpan4129" value="place"/>
		<feat xlink:href="#sSpan4157" value="abstract"/>
		<feat xlink:href="#sSpan4179" value="event"/>
		<feat xlink:href="#sSpan4194" value="abstract"/>
		<feat xlink:href="#sSpan4203" value="animal"/>
		<feat xlink:href="#sSpan4225" value="person"/>
		<feat xlink:href="#sSpan4268" value="abstract"/>
		<feat xlink:href="#sSpan4278" value="time"/>
		<feat xlink:href="#sSpan4291" value="abstract"/>
		<feat xlink:href="#sSpan4303" value="time"/>
		<feat xlink:href="#sSpan4316" value="abstract"/>
		<feat xlink:href="#sSpan4340" value="object"/>
		<feat xlink:href="#sSpan4363" value="abstract"/>
		<feat xlink:href="#sSpan4374" value="time"/>
		<feat xlink:href="#sSpan4383" value="event"/>
		<feat xlink:href="#sSpan4414" value="animal"/>
		<feat xlink:href="#sSpan4424" value="animal"/>
		<feat xlink:href="#sSpan4458" value="abstract"/>
		<feat xlink:href="#sSpan4473" value="animal"/>
		<feat xlink:href="#sSpan4514" value="abstract"/>
		<feat xlink:href="#sSpan4525" value="abstract"/>
		<feat xlink:href="#sSpan4554" value="abstract"/>
		<feat xlink:href="#sSpan4568" value="abstract"/>
		<feat xlink:href="#sSpan4597" value="object"/>
		<feat xlink:href="#sSpan4629" value="abstract"/>
		<feat xlink:href="#sSpan4662" value="abstract"/>
		<feat xlink:href="#sSpan4688" value="abstract"/>
		<feat xlink:href="#sSpan4697" value="abstract"/>
		<feat xlink:href="#sSpan4707" value="abstract"/>
		<feat xlink:href="#sSpan4716" value="place"/>
		<feat xlink:href="#sSpan4726" value="abstract"/>
		<feat xlink:href="#sSpan4774" value="place"/>
		<feat xlink:href="#sSpan4797" value="abstract"/>
		<feat xlink:href="#sSpan4812" value="event"/>
		<feat xlink:href="#sSpan4829" value="object"/>
		<feat xlink:href="#sSpan4879" value="time"/>
		<feat xlink:href="#sSpan4898" value="place"/>
		<feat xlink:href="#sSpan4908" value="place"/>
		<feat xlink:href="#sSpan4929" value="abstract"/>
		<feat xlink:href="#sSpan4938" value="place"/>
		<feat xlink:href="#sSpan4966" value="person"/>
		<feat xlink:href="#sSpan5009" value="abstract"/>
		<feat xlink:href="#sSpan5032" value="person"/>
		<feat xlink:href="#sSpan5066" value="object"/>
		<feat xlink:href="#sSpan5078" value="abstract"/>
		<feat xlink:href="#sSpan5089" value="place"/>
		<feat xlink:href="#sSpan5098" value="person"/>
		<feat xlink:href="#sSpan5116" value="person"/>
		<feat xlink:href="#sSpan5151" value="person"/>
		<feat xlink:href="#sSpan5172" value="object"/>
		<feat xlink:href="#sSpan5206" value="object"/>
		<feat xlink:href="#sSpan5215" value="place"/>
		<feat xlink:href="#sSpan5241" value="place"/>
		<feat xlink:href="#sSpan5256" value="person"/>
		<feat xlink:href="#sSpan5268" value="person"/>
		<feat xlink:href="#sSpan5340" value="abstract"/>
		<feat xlink:href="#sSpan5353" value="person"/>
		<feat xlink:href="#sSpan5383" value="abstract"/>
		<feat xlink:href="#sSpan5404" value="abstract"/>
		<feat xlink:href="#sSpan5414" value="abstract"/>
		<feat xlink:href="#sSpan5477" value="abstract"/>
		<feat xlink:href="#sSpan5507" value="abstract"/>
		<feat xlink:href="#sSpan5572" value="abstract"/>
		<feat xlink:href="#sSpan5580" value="abstract"/>
		<feat xlink:href="#sSpan5591" value="time"/>
		<feat xlink:href="#sSpan5611" value="abstract"/>
		<feat xlink:href="#sSpan5651" value="person"/>
		<feat xlink:href="#sSpan5689" value="abstract"/>
		<feat xlink:href="#sSpan5719" value="abstract"/>
		<feat xlink:href="#sSpan5741" value="abstract"/>
		<feat xlink:href="#sSpan5771" value="abstract"/>
		<feat xlink:href="#sSpan5778" value="person"/>
		<feat xlink:href="#sSpan5807" value="object"/>
		<feat xlink:href="#sSpan5816" value="object"/>
		<feat xlink:href="#sSpan5837" value="event"/>
		<feat xlink:href="#sSpan5849" value="abstract"/>
		<feat xlink:href="#sSpan5866" value="abstract"/>
		<feat xlink:href="#sSpan5877" value="person"/>
		<feat xlink:href="#sSpan5944" value="person"/>
		<feat xlink:href="#sSpan5964" value="abstract"/>
		<feat xlink:href="#sSpan5973" value="object"/>
		<feat xlink:href="#sSpan6015" value="abstract"/>
		<feat xlink:href="#sSpan6024" value="abstract"/>
		<feat xlink:href="#sSpan6043" value="abstract"/>
		<feat xlink:href="#sSpan6052" value="object"/>
		<feat xlink:href="#sSpan6076" value="abstract"/>
		<feat xlink:href="#sSpan6107" value="abstract"/>
		<feat xlink:href="#sSpan6138" value="abstract"/>
		<feat xlink:href="#sSpan6174" value="person"/>
		<feat xlink:href="#sSpan6187" value="abstract"/>
		<feat xlink:href="#sSpan6194" value="object"/>
		<feat xlink:href="#sSpan6221" value="person"/>
		<feat xlink:href="#sSpan6236" value="object"/>
		<feat xlink:href="#sSpan6247" value="abstract"/>
		<feat xlink:href="#sSpan6285" value="object"/>
		<feat xlink:href="#sSpan6297" value="substance"/>
		<feat xlink:href="#sSpan6310" value="object"/>
		<feat xlink:href="#sSpan6323" value="time"/>
		<feat xlink:href="#sSpan6335" value="abstract"/>
		<feat xlink:href="#sSpan6378" value="person"/>
		<feat xlink:href="#sSpan6397" value="abstract"/>
		<feat xlink:href="#sSpan6406" value="place"/>
		<feat xlink:href="#sSpan6416" value="abstract"/>
		<feat xlink:href="#sSpan6441" value="abstract"/>
		<feat xlink:href="#sSpan6462" value="abstract"/>
		<feat xlink:href="#sSpan6482" value="person"/>
		<feat xlink:href="#sSpan6492" value="abstract"/>
		<feat xlink:href="#sSpan6503" value="abstract"/>
		<feat xlink:href="#sSpan6536" value="abstract"/>
		<feat xlink:href="#sSpan6546" value="person"/>
		<feat xlink:href="#sSpan6560" value="time"/>
		<feat xlink:href="#sSpan6571" value="object"/>
		<feat xlink:href="#sSpan6589" value="object"/>
		<feat xlink:href="#sSpan6609" value="abstract"/>
		<feat xlink:href="#sSpan6635" value="abstract"/>
		<feat xlink:href="#sSpan6649" value="abstract"/>
		<feat xlink:href="#sSpan6659" value="person"/>
		<feat xlink:href="#sSpan6675" value="person"/>
		<feat xlink:href="#sSpan6685" value="time"/>
		<feat xlink:href="#sSpan6696" value="abstract"/>
		<feat xlink:href="#sSpan6711" value="object"/>
		<feat xlink:href="#sSpan6766" value="person"/>
		<feat xlink:href="#sSpan6793" value="person"/>
		<feat xlink:href="#sSpan6822" value="abstract"/>
		<feat xlink:href="#sSpan6881" value="plant"/>
		<feat xlink:href="#sSpan6887" value="person"/>
		<feat xlink:href="#sSpan6918" value="object"/>
		<feat xlink:href="#sSpan6947" value="abstract"/>
		<feat xlink:href="#sSpan6956" value="person"/>
		<feat xlink:href="#sSpan6967" value="person"/>
		<feat xlink:href="#sSpan7010" value="event"/>
		<feat xlink:href="#sSpan7023" value="person"/>
		<feat xlink:href="#sSpan7053" value="person"/>
		<feat xlink:href="#sSpan7083" value="abstract"/>
		<feat xlink:href="#sSpan7105" value="abstract"/>
		<feat xlink:href="#sSpan7116" value="object"/>
		<feat xlink:href="#sSpan7142" value="abstract"/>
		<feat xlink:href="#sSpan7185" value="abstract"/>
		<feat xlink:href="#sSpan7197" value="abstract"/>
		<feat xlink:href="#sSpan7202" value="object"/>
		<feat xlink:href="#sSpan7235" value="plant"/>
		<feat xlink:href="#sSpan7258" value="abstract"/>
		<feat xlink:href="#sSpan7283" value="abstract"/>
		<feat xlink:href="#sSpan7292" value="event"/>
		<feat xlink:href="#sSpan7342" value="abstract"/>
		<feat xlink:href="#sSpan7375" value="person"/>
		<feat xlink:href="#sSpan7400" value="place"/>
		<feat xlink:href="#sSpan7412" value="abstract"/>
		<feat xlink:href="#sSpan7447" value="place"/>
		<feat xlink:href="#sSpan7467" value="place"/>
		<feat xlink:href="#sSpan7476" value="person"/>
		<feat xlink:href="#sSpan7491" value="person"/>
		<feat xlink:href="#sSpan7508" value="person"/>
		<feat xlink:href="#sSpan7526" value="person"/>
		<feat xlink:href="#sSpan7554" value="abstract"/>
		<feat xlink:href="#sSpan7571" value="abstract"/>
		<feat xlink:href="#sSpan7583" value="person"/>
		<feat xlink:href="#sSpan7591" value="abstract"/>
		<feat xlink:href="#sSpan7628" value="person"/>
		<feat xlink:href="#sSpan7654" value="abstract"/>
		<feat xlink:href="#sSpan7677" value="plant"/>
		<feat xlink:href="#sSpan7691" value="plant"/>
		<feat xlink:href="#sSpan7710" value="person"/>
		<feat xlink:href="#sSpan7729" value="abstract"/>
		<feat xlink:href="#sSpan7766" value="time"/>
		<feat xlink:href="#sSpan7777" value="abstract"/>
		<feat xlink:href="#sSpan7788" value="person"/>
		<feat xlink:href="#sSpan7819" value="abstract"/>
		<feat xlink:href="#sSpan7829" value="abstract"/>
		<feat xlink:href="#sSpan7841" value="time"/>
		<feat xlink:href="#sSpan7850" value="time"/>
		<feat xlink:href="#sSpan7877" value="place"/>
		<feat xlink:href="#sSpan7893" value="object"/>
		<feat xlink:href="#sSpan7919" value="object"/>
		<feat xlink:href="#sSpan7940" value="object"/>
		<feat xlink:href="#sSpan7965" value="object"/>
		<feat xlink:href="#sSpan7984" value="abstract"/>
		<feat xlink:href="#sSpan8002" value="abstract"/>
		<feat xlink:href="#sSpan8041" value="person"/>
		<feat xlink:href="#sSpan8054" value="person"/>
		<feat xlink:href="#sSpan8063" value="abstract"/>
		<feat xlink:href="#sSpan8081" value="abstract"/>
		<feat xlink:href="#sSpan8096" value="abstract"/>
		<feat xlink:href="#sSpan8126" value="person"/>
		<feat xlink:href="#sSpan8141" value="person"/>
		<feat xlink:href="#sSpan8167" value="abstract"/>
		<feat xlink:href="#sSpan8177" value="person"/>
		<feat xlink:href="#sSpan8200" value="object"/>
		<feat xlink:href="#sSpan8219" value="object"/>
		<feat xlink:href="#sSpan8260" value="abstract"/>
		<feat xlink:href="#sSpan8279" value="object"/>
		<feat xlink:href="#sSpan8308" value="abstract"/>
		<feat xlink:href="#sSpan8328" value="abstract"/>
		<feat xlink:href="#sSpan8337" value="place"/>
		<feat xlink:href="#sSpan8362" value="abstract"/>
		<feat xlink:href="#sSpan8378" value="person"/>
		<feat xlink:href="#sSpan8436" value="place"/>
		<feat xlink:href="#sSpan8449" value="place"/>
		<feat xlink:href="#sSpan8493" value="place"/>
		<feat xlink:href="#sSpan8526" value="person"/>
		<feat xlink:href="#sSpan8565" value="abstract"/>
		<feat xlink:href="#sSpan8585" value="person"/>
		<feat xlink:href="#sSpan8592" value="abstract"/>
		<feat xlink:href="#sSpan8623" value="abstract"/>
		<feat xlink:href="#sSpan8632" value="abstract"/>
		<feat xlink:href="#sSpan8643" value="place"/>
		<feat xlink:href="#sSpan8667" value="abstract"/>
		<feat xlink:href="#sSpan8687" value="place"/>
		<feat xlink:href="#sSpan8696" value="object"/>
		<feat xlink:href="#sSpan8715" value="place"/>
		<feat xlink:href="#sSpan8728" value="object"/>
		<feat xlink:href="#sSpan8738" value="abstract"/>
		<feat xlink:href="#sSpan8773" value="place"/>
		<feat xlink:href="#sSpan8782" value="person"/>
		<feat xlink:href="#sSpan8807" value="person"/>
		<feat xlink:href="#sSpan8810" value="animal"/>
		<feat xlink:href="#sSpan8860" value="abstract"/>
		<feat xlink:href="#sSpan8895" value="organization"/>
		<feat xlink:href="#sSpan8915" value="object"/>
		<feat xlink:href="#sSpan8944" value="object"/>
		<feat xlink:href="#sSpan8957" value="place"/>
		<feat xlink:href="#sSpan8983" value="person"/>
		<feat xlink:href="#sSpan9012" value="abstract"/>
		<feat xlink:href="#sSpan9022" value="abstract"/>
		<feat xlink:href="#sSpan9038" value="abstract"/>
		<feat xlink:href="#sSpan9051" value="abstract"/>
		<feat xlink:href="#sSpan9077" value="abstract"/>
		<feat xlink:href="#sSpan9123" value="place"/>
		<feat xlink:href="#sSpan9132" value="abstract"/>
		<feat xlink:href="#sSpan9141" value="abstract"/>
		<feat xlink:href="#sSpan9155" value="place"/>
		<feat xlink:href="#sSpan9180" value="person"/>
		<feat xlink:href="#sSpan9190" value="person"/>
		<feat xlink:href="#sSpan9211" value="person"/>
		<feat xlink:href="#sSpan9232" value="abstract"/>
		<feat xlink:href="#sSpan9242" value="abstract"/>
		<feat xlink:href="#sSpan9270" value="person"/>
		<feat xlink:href="#sSpan9287" value="abstract"/>
		<feat xlink:href="#sSpan9305" value="abstract"/>
		<feat xlink:href="#sSpan9316" value="place"/>
		<feat xlink:href="#sSpan9337" value="person"/>
		<feat xlink:href="#sSpan9381" value="abstract"/>
		<feat xlink:href="#sSpan9422" value="abstract"/>
		<feat xlink:href="#sSpan9454" value="person"/>
		<feat xlink:href="#sSpan9470" value="object"/>
		<feat xlink:href="#sSpan9492" value="place"/>
		<feat xlink:href="#sSpan9514" value="person"/>
		<feat xlink:href="#sSpan9555" value="person"/>
		<feat xlink:href="#sSpan9589" value="person"/>
		<feat xlink:href="#sSpan9611" value="person"/>
		<feat xlink:href="#sSpan9635" value="object"/>
		<feat xlink:href="#sSpan9645" value="abstract"/>
		<feat xlink:href="#sSpan9652" value="substance"/>
		<feat xlink:href="#sSpan9663" value="substance"/>
		<feat xlink:href="#sSpan9686" value="object"/>
		<feat xlink:href="#sSpan9697" value="person"/>
		<feat xlink:href="#sSpan9718" value="place"/>
		<feat xlink:href="#sSpan9745" value="place"/>
		<feat xlink:href="#sSpan9754" value="plant"/>
		<feat xlink:href="#sSpan9777" value="person"/>
		<feat xlink:href="#sSpan9807" value="abstract"/>
		<feat xlink:href="#sSpan9833" value="abstract"/>
		<feat xlink:href="#sSpan9862" value="abstract"/>
		<feat xlink:href="#sSpan9880" value="place"/>
		<feat xlink:href="#sSpan9900" value="abstract"/>
		<feat xlink:href="#sSpan9919" value="abstract"/>
		<feat xlink:href="#sSpan9951" value="object"/>
		<feat xlink:href="#sSpan9961" value="abstract"/>
		<feat xlink:href="#sSpan9981" value="abstract"/>
		<feat xlink:href="#sSpan10010" value="abstract"/>
		<feat xlink:href="#sSpan10042" value="object"/>
		<feat xlink:href="#sSpan10051" value="person"/>
		<feat xlink:href="#sSpan10087" value="abstract"/>
		<feat xlink:href="#sSpan10097" value="person"/>
		<feat xlink:href="#sSpan10106" value="person"/>
		<feat xlink:href="#sSpan10125" value="abstract"/>
		<feat xlink:href="#sSpan10152" value="person"/>
		<feat xlink:href="#sSpan10179" value="time"/>
		<feat xlink:href="#sSpan10208" value="abstract"/>
		<feat xlink:href="#sSpan10218" value="abstract"/>
		<feat xlink:href="#sSpan10226" value="abstract"/>
		<feat xlink:href="#sSpan10252" value="abstract"/>
		<feat xlink:href="#sSpan10279" value="place"/>
		<feat xlink:href="#sSpan10306" value="abstract"/>
		<feat xlink:href="#sSpan10342" value="abstract"/>
		<feat xlink:href="#sSpan10357" value="time"/>
		<feat xlink:href="#sSpan10398" value="person"/>
		<feat xlink:href="#sSpan10449" value="abstract"/>
		<feat xlink:href="#sSpan10491" value="abstract"/>
		<feat xlink:href="#sSpan10498" value="object"/>
		<feat xlink:href="#sSpan10517" value="abstract"/>
		<feat xlink:href="#sSpan10530" value="abstract"/>
		<feat xlink:href="#sSpan10547" value="abstract"/>
		<feat xlink:href="#sSpan10575" value="abstract"/>
		<feat xlink:href="#sSpan10640" value="object"/>
		<feat xlink:href="#sSpan10654" value="abstract"/>
		<feat xlink:href="#sSpan10667" value="abstract"/>
		<feat xlink:href="#sSpan10697" value="person"/>
		<feat xlink:href="#sSpan10756" value="time"/>
		<feat xlink:href="#sSpan10774" value="place"/>
		<feat xlink:href="#sSpan10788" value="abstract"/>
		<feat xlink:href="#sSpan10818" value="abstract"/>
		<feat xlink:href="#sSpan10829" value="abstract"/>
		<feat xlink:href="#sSpan10841" value="abstract"/>
		<feat xlink:href="#sSpan10910" value="abstract"/>
		<feat xlink:href="#sSpan10951" value="abstract"/>
		<feat xlink:href="#sSpan10973" value="person"/>
		<feat xlink:href="#sSpan10990" value="abstract"/>
		<feat xlink:href="#sSpan11007" value="object"/>
		<feat xlink:href="#sSpan11026" value="object"/>
		<feat xlink:href="#sSpan11055" value="object"/>
		<feat xlink:href="#sSpan11076" value="object"/>
		<feat xlink:href="#sSpan11099" value="abstract"/>
		<feat xlink:href="#sSpan11125" value="abstract"/>
		<feat xlink:href="#sSpan11142" value="person"/>
		<feat xlink:href="#sSpan11155" value="abstract"/>
		<feat xlink:href="#sSpan11167" value="abstract"/>
		<feat xlink:href="#sSpan11183" value="abstract"/>
		<feat xlink:href="#sSpan11198" value="abstract"/>
		<feat xlink:href="#sSpan11209" value="object"/>
		<feat xlink:href="#sSpan11222" value="abstract"/>
		<feat xlink:href="#sSpan11240" value="abstract"/>
		<feat xlink:href="#sSpan11254" value="abstract"/>
		<feat xlink:href="#sSpan11268" value="abstract"/>
		<feat xlink:href="#sSpan11282" value="abstract"/>
		<feat xlink:href="#sSpan11295" value="abstract"/>
		<feat xlink:href="#sSpan11318" value="abstract"/>
		<feat xlink:href="#sSpan11343" value="abstract"/>
		<feat xlink:href="#sSpan11386" value="abstract"/>
		<feat xlink:href="#sSpan11431" value="abstract"/>
		<feat xlink:href="#sSpan11442" value="place"/>
		<feat xlink:href="#sSpan11459" value="person"/>
		<feat xlink:href="#sSpan11490" value="object"/>
		<feat xlink:href="#sSpan11499" value="object"/>
		<feat xlink:href="#sSpan11510" value="person"/>
		<feat xlink:href="#sSpan11528" value="object"/>
		<feat xlink:href="#sSpan11546" value="substance"/>
		<feat xlink:href="#sSpan11571" value="place"/>
		<feat xlink:href="#sSpan11599" value="place"/>
		<feat xlink:href="#sSpan11621" value="person"/>
		<feat xlink:href="#sSpan11631" value="abstract"/>
		<feat xlink:href="#sSpan11653" value="object"/>
		<feat xlink:href="#sSpan11669" value="person"/>
		<feat xlink:href="#sSpan11682" value="person"/>
		<feat xlink:href="#sSpan11749" value="abstract"/>
		<feat xlink:href="#sSpan11767" value="abstract"/>
		<feat xlink:href="#sSpan11772" value="person"/>
		<feat xlink:href="#sSpan11810" value="person"/>
		<feat xlink:href="#sSpan11828" value="person"/>
		<feat xlink:href="#sSpan11854" value="abstract"/>
		<feat xlink:href="#sSpan11865" value="person"/>
		<feat xlink:href="#sSpan11890" value="person"/>
		<feat xlink:href="#sSpan11910" value="abstract"/>
		<feat xlink:href="#sSpan11929" value="abstract"/>
		<feat xlink:href="#sSpan11970" value="abstract"/>
		<feat xlink:href="#sSpan11993" value="object"/>
		<feat xlink:href="#sSpan12031" value="abstract"/>
		<feat xlink:href="#sSpan12054" value="abstract"/>
		<feat xlink:href="#sSpan12076" value="place"/>
		<feat xlink:href="#sSpan12087" value="abstract"/>
		<feat xlink:href="#sSpan12104" value="object"/>
		<feat xlink:href="#sSpan12115" value="object"/>
		<feat xlink:href="#sSpan12131" value="object"/>
		<feat xlink:href="#sSpan12140" value="abstract"/>
		<feat xlink:href="#sSpan12158" value="object"/>
		<feat xlink:href="#sSpan12170" value="person"/>
		<feat xlink:href="#sSpan12216" value="event"/>
		<feat xlink:href="#sSpan12234" value="place"/>
		<feat xlink:href="#sSpan12253" value="abstract"/>
		<feat xlink:href="#sSpan12263" value="abstract"/>
		<feat xlink:href="#sSpan12278" value="object"/>
		<feat xlink:href="#sSpan12290" value="object"/>
		<feat xlink:href="#sSpan12305" value="abstract"/>
		<feat xlink:href="#sSpan12320" value="object"/>
		<feat xlink:href="#sSpan12338" value="abstract"/>
		<feat xlink:href="#sSpan12348" value="abstract"/>
		<feat xlink:href="#sSpan12388" value="object"/>
		<feat xlink:href="#sSpan12398" value="person"/>
		<feat xlink:href="#sSpan12407" value="abstract"/>
		<feat xlink:href="#sSpan12440" value="person"/>
		<feat xlink:href="#sSpan12474" value="abstract"/>
		<feat xlink:href="#sSpan12508" value="plant"/>
		<feat xlink:href="#sSpan12523" value="place"/>
		<feat xlink:href="#sSpan12543" value="abstract"/>
		<feat xlink:href="#sSpan12564" value="abstract"/>
		<feat xlink:href="#sSpan12578" value="place"/>
		<feat xlink:href="#sSpan12593" value="abstract"/>
		<feat xlink:href="#sSpan12627" value="place"/>
		<feat xlink:href="#sSpan12660" value="plant"/>
		<feat xlink:href="#sSpan12667" value="abstract"/>
		<feat xlink:href="#sSpan12681" value="abstract"/>
		<feat xlink:href="#sSpan12705" value="abstract"/>
		<feat xlink:href="#sSpan12734" value="abstract"/>
		<feat xlink:href="#sSpan12743" value="person"/>
		<feat xlink:href="#sSpan12780" value="animal"/>
		<feat xlink:href="#sSpan12803" value="object"/>
		<feat xlink:href="#sSpan12829" value="event"/>
		<feat xlink:href="#sSpan12834" value="person"/>
		<feat xlink:href="#sSpan12854" value="abstract"/>
		<feat xlink:href="#sSpan12876" value="abstract"/>
		<feat xlink:href="#sSpan12911" value="place"/>
		<feat xlink:href="#sSpan12936" value="place"/>
		<feat xlink:href="#sSpan12965" value="event"/>
		<feat xlink:href="#sSpan13004" value="time"/>
		<feat xlink:href="#sSpan13015" value="time"/>
		<feat xlink:href="#sSpan13026" value="abstract"/>
		<feat xlink:href="#sSpan13063" value="substance"/>
		<feat xlink:href="#sSpan13093" value="object"/>
		<feat xlink:href="#sSpan13100" value="event"/>
		<feat xlink:href="#sSpan13122" value="abstract"/>
		<feat xlink:href="#sSpan13133" value="abstract"/>
		<feat xlink:href="#sSpan13143" value="abstract"/>
		<feat xlink:href="#sSpan13162" value="substance"/>
		<feat xlink:href="#sSpan13189" value="abstract"/>
		<feat xlink:href="#sSpan13209" value="abstract"/>
		<feat xlink:href="#sSpan13237" value="abstract"/>
		<feat xlink:href="#sSpan13249" value="person"/>
		<feat xlink:href="#sSpan13262" value="abstract"/>
		<feat xlink:href="#sSpan13274" value="time"/>
		<feat xlink:href="#sSpan13310" value="person"/>
		<feat xlink:href="#sSpan13330" value="person"/>
		<feat xlink:href="#sSpan13339" value="abstract"/>
		<feat xlink:href="#sSpan13352" value="time"/>
		<feat xlink:href="#sSpan13368" value="place"/>
		<feat xlink:href="#sSpan13399" value="abstract"/>
		<feat xlink:href="#sSpan13421" value="object"/>
		<feat xlink:href="#sSpan13447" value="abstract"/>
		<feat xlink:href="#sSpan13460" value="object"/>
		<feat xlink:href="#sSpan13486" value="person"/>
		<feat xlink:href="#sSpan13495" value="abstract"/>
		<feat xlink:href="#sSpan13515" value="place"/>
		<feat xlink:href="#sSpan13551" value="abstract"/>
		<feat xlink:href="#sSpan13557" value="person"/>
		<feat xlink:href="#sSpan13575" value="place"/>
		<feat xlink:href="#sSpan13590" value="abstract"/>
		<feat xlink:href="#sSpan13618" value="person"/>
		<feat xlink:href="#sSpan13634" value="person"/>
		<feat xlink:href="#sSpan13651" value="person"/>
		<feat xlink:href="#sSpan13660" value="person"/>
		<feat xlink:href="#sSpan13679" value="place"/>
		<feat xlink:href="#sSpan13707" value="person"/>
		<feat xlink:href="#sSpan13748" value="person"/>
		<feat xlink:href="#sSpan13784" value="abstract"/>
		<feat xlink:href="#sSpan13798" value="abstract"/>
		<feat xlink:href="#sSpan13814" value="abstract"/>
		<feat xlink:href="#sSpan13838" value="person"/>
		<feat xlink:href="#sSpan13888" value="time"/>
		<feat xlink:href="#sSpan13903" value="time"/>
		<feat xlink:href="#sSpan13921" value="time"/>
		<feat xlink:href="#sSpan13941" value="time"/>
		<feat xlink:href="#sSpan13958" value="time"/>
		<feat xlink:href="#sSpan13978" value="time"/>
		<feat xlink:href="#sSpan14014" value="person"/>
		<feat xlink:href="#sSpan14050" value="abstract"/>
		<feat xlink:href="#sSpan14103" value="abstract"/>
		<feat xlink:href="#sSpan14131" value="person"/>
		<feat xlink:href="#sSpan14140" value="time"/>
		<feat xlink:href="#sSpan14152" value="abstract"/>
		<feat xlink:href="#sSpan14179" value="abstract"/>
		<feat xlink:href="#sSpan14182" value="person"/>
		<feat xlink:href="#sSpan14218" value="abstract"/>
		<feat xlink:href="#sSpan14263" value="person"/>
		<feat xlink:href="#sSpan14290" value="person"/>
		<feat xlink:href="#sSpan14302" value="person"/>
		<feat xlink:href="#sSpan14315" value="abstract"/>
		<feat xlink:href="#sSpan14367" value="person"/>
		<feat xlink:href="#sSpan14400" value="person"/>
		<feat xlink:href="#sSpan14411" value="abstract"/>
		<feat xlink:href="#sSpan14425" value="person"/>
		<feat xlink:href="#sSpan14438" value="person"/>
		<feat xlink:href="#sSpan14448" value="abstract"/>
		<feat xlink:href="#sSpan14471" value="person"/>
		<feat xlink:href="#sSpan14496" value="person"/>
		<feat xlink:href="#sSpan14509" value="person"/>
		<feat xlink:href="#sSpan14528" value="person"/>
		<feat xlink:href="#sSpan14537" value="abstract"/>
		<feat xlink:href="#sSpan14547" value="abstract"/>
		<feat xlink:href="#sSpan14558" value="person"/>
		<feat xlink:href="#sSpan14583" value="abstract"/>
		<feat xlink:href="#sSpan14603" value="abstract"/>
		<feat xlink:href="#sSpan14621" value="animal"/>
		<feat xlink:href="#sSpan14686" value="person"/>
		<feat xlink:href="#sSpan14712" value="abstract"/>
		<feat xlink:href="#sSpan14722" value="person"/>
		<feat xlink:href="#sSpan14731" value="person"/>
		<feat xlink:href="#sSpan14746" value="abstract"/>
		<feat xlink:href="#sSpan14767" value="time"/>
		<feat xlink:href="#sSpan14778" value="time"/>
		<feat xlink:href="#sSpan14796" value="abstract"/>
		<feat xlink:href="#sSpan14813" value="abstract"/>
		<feat xlink:href="#sSpan14831" value="time"/>
		<feat xlink:href="#sSpan14854" value="abstract"/>
		<feat xlink:href="#sSpan14882" value="person"/>
		<feat xlink:href="#sSpan14906" value="place"/>
		<feat xlink:href="#sSpan14933" value="abstract"/>
		<feat xlink:href="#sSpan14955" value="abstract"/>
		<feat xlink:href="#sSpan14968" value="object"/>
		<feat xlink:href="#sSpan14978" value="person"/>
		<feat xlink:href="#sSpan15015" value="person"/>
		<feat xlink:href="#sSpan15047" value="place"/>
		<feat xlink:href="#sSpan15070" value="place"/>
		<feat xlink:href="#sSpan15079" value="object"/>
		<feat xlink:href="#sSpan15088" value="abstract"/>
		<feat xlink:href="#sSpan15096" value="abstract"/>
		<feat xlink:href="#sSpan15110" value="time"/>
		<feat xlink:href="#sSpan15130" value="object"/>
		<feat xlink:href="#sSpan15139" value="abstract"/>
		<feat xlink:href="#sSpan15177" value="place"/>
		<feat xlink:href="#sSpan15186" value="abstract"/>
		<feat xlink:href="#sSpan15212" value="abstract"/>
		<feat xlink:href="#sSpan15221" value="abstract"/>
		<feat xlink:href="#sSpan15247" value="person"/>
		<feat xlink:href="#sSpan15265" value="person"/>
		<feat xlink:href="#sSpan15280" value="time"/>
		<feat xlink:href="#sSpan15298" value="time"/>
		<feat xlink:href="#sSpan15309" value="person"/>
		<feat xlink:href="#sSpan15331" value="abstract"/>
		<feat xlink:href="#sSpan15358" value="person"/>
		<feat xlink:href="#sSpan15377" value="abstract"/>
		<feat xlink:href="#sSpan15387" value="object"/>
		<feat xlink:href="#sSpan15402" value="person"/>
		<feat xlink:href="#sSpan15424" value="abstract"/>
		<feat xlink:href="#sSpan15436" value="abstract"/>
		<feat xlink:href="#sSpan15454" value="time"/>
		<feat xlink:href="#sSpan15473" value="object"/>
		<feat xlink:href="#sSpan15483" value="abstract"/>
		<feat xlink:href="#sSpan15494" value="person"/>
		<feat xlink:href="#sSpan15513" value="abstract"/>
		<feat xlink:href="#sSpan15537" value="time"/>
		<feat xlink:href="#sSpan15592" value="place"/>
		<feat xlink:href="#sSpan15621" value="person"/>
		<feat xlink:href="#sSpan15652" value="person"/>
		<feat xlink:href="#sSpan15678" value="abstract"/>
		<feat xlink:href="#sSpan15689" value="abstract"/>
		<feat xlink:href="#sSpan15720" value="abstract"/>
		<feat xlink:href="#sSpan15729" value="abstract"/>
		<feat xlink:href="#sSpan15754" value="abstract"/>
		<feat xlink:href="#sSpan15763" value="abstract"/>
		<feat xlink:href="#sSpan15772" value="abstract"/>
		<feat xlink:href="#sSpan15788" value="time"/>
		<feat xlink:href="#sSpan15807" value="abstract"/>
		<feat xlink:href="#sSpan15824" value="abstract"/>
		<feat xlink:href="#sSpan15864" value="abstract"/>
		<feat xlink:href="#sSpan15894" value="time"/>
		<feat xlink:href="#sSpan15920" value="abstract"/>
		<feat xlink:href="#sSpan15934" value="object"/>
		<feat xlink:href="#sSpan15960" value="person"/>
		<feat xlink:href="#sSpan15970" value="time"/>
		<feat xlink:href="#sSpan15977" value="abstract"/>
		<feat xlink:href="#sSpan15990" value="object"/>
		<feat xlink:href="#sSpan15997" value="person"/>
		<feat xlink:href="#sSpan16020" value="person"/>
		<feat xlink:href="#sSpan16031" value="person"/>
		<feat xlink:href="#sSpan16058" value="person"/>
		<feat xlink:href="#sSpan16073" value="person"/>
		<feat xlink:href="#sSpan16106" value="person"/>
		<feat xlink:href="#sSpan16116" value="time"/>
		<feat xlink:href="#sSpan16138" value="object"/>
		<feat xlink:href="#sSpan16153" value="abstract"/>
		<feat xlink:href="#sSpan16163" value="object"/>
		<feat xlink:href="#sSpan16177" value="abstract"/>
		<feat xlink:href="#sSpan16188" value="abstract"/>
		<feat xlink:href="#sSpan16195" value="person"/>
		<feat xlink:href="#sSpan16206" value="abstract"/>
		<feat xlink:href="#sSpan16231" value="object"/>
		<feat xlink:href="#sSpan16247" value="person"/>
		<feat xlink:href="#sSpan16264" value="person"/>
		<feat xlink:href="#sSpan16303" value="abstract"/>
		<feat xlink:href="#sSpan16320" value="person"/>
		<feat xlink:href="#sSpan16342" value="abstract"/>
		<feat xlink:href="#sSpan16351" value="abstract"/>
		<feat xlink:href="#sSpan16360" value="abstract"/>
		<feat xlink:href="#sSpan16389" value="object"/>
		<feat xlink:href="#sSpan16398" value="place"/>
		<feat xlink:href="#sSpan16407" value="event"/>
		<feat xlink:href="#sSpan16417" value="place"/>
		<feat xlink:href="#sSpan16437" value="person"/>
		<feat xlink:href="#sSpan16467" value="plant"/>
		<feat xlink:href="#sSpan16490" value="object"/>
		<feat xlink:href="#sSpan16501" value="object"/>
		<feat xlink:href="#sSpan16510" value="person"/>
		<feat xlink:href="#sSpan16535" value="object"/>
		<feat xlink:href="#sSpan16545" value="object"/>
		<feat xlink:href="#sSpan16573" value="abstract"/>
		<feat xlink:href="#sSpan16590" value="person"/>
		<feat xlink:href="#sSpan16615" value="animal"/>
		<feat xlink:href="#sSpan16625" value="abstract"/>
		<feat xlink:href="#sSpan16637" value="person"/>
		<feat xlink:href="#sSpan16646" value="object"/>
		<feat xlink:href="#sSpan16657" value="person"/>
		<feat xlink:href="#sSpan16717" value="time"/>
		<feat xlink:href="#sSpan16728" value="person"/>
		<feat xlink:href="#sSpan16753" value="person"/>
		<feat xlink:href="#sSpan16777" value="person"/>
		<feat xlink:href="#sSpan16791" value="abstract"/>
		<feat xlink:href="#sSpan16823" value="abstract"/>
		<feat xlink:href="#sSpan16858" value="person"/>
		<feat xlink:href="#sSpan16879" value="abstract"/>
		<feat xlink:href="#sSpan16895" value="abstract"/>
		<feat xlink:href="#sSpan16906" value="abstract"/>
		<feat xlink:href="#sSpan16926" value="person"/>
		<feat xlink:href="#sSpan16953" value="abstract"/>
		<feat xlink:href="#sSpan16990" value="object"/>
		<feat xlink:href="#sSpan16999" value="abstract"/>
		<feat xlink:href="#sSpan17014" value="abstract"/>
		<feat xlink:href="#sSpan17034" value="person"/>
		<feat xlink:href="#sSpan17060" value="abstract"/>
		<feat xlink:href="#sSpan17071" value="abstract"/>
		<feat xlink:href="#sSpan17080" value="abstract"/>
		<feat xlink:href="#sSpan17098" value="person"/>
		<feat xlink:href="#sSpan17136" value="abstract"/>
		<feat xlink:href="#sSpan17146" value="time"/>
		<feat xlink:href="#sSpan17155" value="person"/>
		<feat xlink:href="#sSpan17187" value="abstract"/>
		<feat xlink:href="#sSpan17198" value="person"/>
		<feat xlink:href="#sSpan17240" value="abstract"/>
		<feat xlink:href="#sSpan17274" value="abstract"/>
		<feat xlink:href="#sSpan17283" value="abstract"/>
		<feat xlink:href="#sSpan17298" value="abstract"/>
		<feat xlink:href="#sSpan17305" value="person"/>
		<feat xlink:href="#sSpan17322" value="abstract"/>
		<feat xlink:href="#sSpan17366" value="abstract"/>
		<feat xlink:href="#sSpan17402" value="event"/>
		<feat xlink:href="#sSpan17419" value="object"/>
		<feat xlink:href="#sSpan17443" value="person"/>
		<feat xlink:href="#sSpan17469" value="substance"/>
		<feat xlink:href="#sSpan17479" value="object"/>
		<feat xlink:href="#sSpan17494" value="object"/>
		<feat xlink:href="#sSpan17504" value="abstract"/>
		<feat xlink:href="#sSpan17511" value="object"/>
		<feat xlink:href="#sSpan17536" value="abstract"/>
		<feat xlink:href="#sSpan17545" value="time"/>
		<feat xlink:href="#sSpan17554" value="time"/>
		<feat xlink:href="#sSpan17594" value="abstract"/>
		<feat xlink:href="#sSpan17645" value="abstract"/>
		<feat xlink:href="#sSpan17654" value="abstract"/>
		<feat xlink:href="#sSpan17664" value="place"/>
		<feat xlink:href="#sSpan17674" value="abstract"/>
		<feat xlink:href="#sSpan17691" value="abstract"/>
		<feat xlink:href="#sSpan17716" value="abstract"/>
		<feat xlink:href="#sSpan17730" value="person"/>
		<feat xlink:href="#sSpan17757" value="place"/>
		<feat xlink:href="#sSpan17821" value="place"/>
		<feat xlink:href="#sSpan17843" value="abstract"/>
		<feat xlink:href="#sSpan17851" value="person"/>
		<feat xlink:href="#sSpan17862" value="abstract"/>
		<feat xlink:href="#sSpan17879" value="abstract"/>
		<feat xlink:href="#sSpan17889" value="object"/>
		<feat xlink:href="#sSpan17899" value="person"/>
		<feat xlink:href="#sSpan17961" value="object"/>
		<feat xlink:href="#sSpan17977" value="person"/>
		<feat xlink:href="#sSpan17984" value="object"/>
		<feat xlink:href="#sSpan17993" value="object"/>
		<feat xlink:href="#sSpan18006" value="object"/>
		<feat xlink:href="#sSpan18039" value="person"/>
		<feat xlink:href="#sSpan18046" value="person"/>
		<feat xlink:href="#sSpan18057" value="abstract"/>
		<feat xlink:href="#sSpan18077" value="abstract"/>
		<feat xlink:href="#sSpan18087" value="person"/>
		<feat xlink:href="#sSpan18099" value="abstract"/>
		<feat xlink:href="#sSpan18160" value="abstract"/>
		<feat xlink:href="#sSpan18169" value="abstract"/>
		<feat xlink:href="#sSpan18204" value="abstract"/>
		<feat xlink:href="#sSpan18217" value="abstract"/>
		<feat xlink:href="#sSpan18234" value="person"/>
		<feat xlink:href="#sSpan18244" value="place"/>
		<feat xlink:href="#sSpan18253" value="abstract"/>
		<feat xlink:href="#sSpan18267" value="abstract"/>
		<feat xlink:href="#sSpan18323" value="object"/>
		<feat xlink:href="#sSpan18361" value="time"/>
		<feat xlink:href="#sSpan18377" value="person"/>
		<feat xlink:href="#sSpan18390" value="abstract"/>
		<feat xlink:href="#sSpan18445" value="person"/>
		<feat xlink:href="#sSpan18501" value="person"/>
		<feat xlink:href="#sSpan18533" value="place"/>
		<feat xlink:href="#sSpan18561" value="abstract"/>
		<feat xlink:href="#sSpan18588" value="person"/>
		<feat xlink:href="#sSpan18606" value="abstract"/>
		<feat xlink:href="#sSpan18613" value="abstract"/>
		<feat xlink:href="#sSpan18666" value="person"/>
		<feat xlink:href="#sSpan18684" value="animal"/>
		<feat xlink:href="#sSpan18728" value="person"/>
		<feat xlink:href="#sSpan18746" value="abstract"/>
		<feat xlink:href="#sSpan18753" value="abstract"/>
		<feat xlink:href="#sSpan18785" value="abstract"/>
		<feat xlink:href="#sSpan18823" value="person"/>
		<feat xlink:href="#sSpan18832" value="abstract"/>
		<feat xlink:href="#sSpan18862" value="time"/>
		<feat xlink:href="#sSpan18897" value="person"/>
		<feat xlink:href="#sSpan18911" value="person"/>
		<feat xlink:href="#sSpan18933" value="person"/>
		<feat xlink:href="#sSpan18972" value="time"/>
		<feat xlink:href="#sSpan18994" value="abstract"/>
		<feat xlink:href="#sSpan19009" value="time"/>
		<feat xlink:href="#sSpan19024" value="time"/>
		<feat xlink:href="#sSpan19036" value="abstract"/>
		<feat xlink:href="#sSpan19039" value="abstract"/>
		<feat xlink:href="#sSpan19058" value="time"/>
		<feat xlink:href="#sSpan19069" value="object"/>
		<feat xlink:href="#sSpan19086" value="abstract"/>
		<feat xlink:href="#sSpan19093" value="time"/>
		<feat xlink:href="#sSpan19104" value="abstract"/>
		<feat xlink:href="#sSpan19117" value="object"/>
		<feat xlink:href="#sSpan19170" value="abstract"/>
		<feat xlink:href="#sSpan19240" value="object"/>
		<feat xlink:href="#sSpan19296" value="person"/>
		<feat xlink:href="#sSpan19303" value="abstract"/>
		<feat xlink:href="#sSpan19325" value="abstract"/>
		<feat xlink:href="#sSpan19346" value="place"/>
		<feat xlink:href="#sSpan19487" value="plant"/>
		<feat xlink:href="#sSpan19513" value="abstract"/>
		<feat xlink:href="#sSpan19528" value="abstract"/>
		<feat xlink:href="#sSpan19551" value="person"/>
		<feat xlink:href="#sSpan19573" value="abstract"/>
		<feat xlink:href="#sSpan19611" value="abstract"/>
		<feat xlink:href="#sSpan19641" value="object"/>
		<feat xlink:href="#sSpan19650" value="object"/>
		<feat xlink:href="#sSpan19658" value="abstract"/>
		<feat xlink:href="#sSpan19661" value="person"/>
		<feat xlink:href="#sSpan19670" value="person"/>
		<feat xlink:href="#sSpan19707" value="object"/>
		<feat xlink:href="#sSpan19750" value="abstract"/>
		<feat xlink:href="#sSpan19767" value="person"/>
		<feat xlink:href="#sSpan19786" value="abstract"/>
		<feat xlink:href="#sSpan19795" value="abstract"/>
		<feat xlink:href="#sSpan19805" value="place"/>
		<feat xlink:href="#sSpan19816" value="object"/>
		<feat xlink:href="#sSpan19825" value="object"/>
		<feat xlink:href="#sSpan19852" value="place"/>
		<feat xlink:href="#sSpan19869" value="abstract"/>
		<feat xlink:href="#sSpan19896" value="person"/>
		<feat xlink:href="#sSpan19913" value="abstract"/>
		<feat xlink:href="#sSpan19924" value="person"/>
		<feat xlink:href="#sSpan19934" value="object"/>
		<feat xlink:href="#sSpan19960" value="person"/>
		<feat xlink:href="#sSpan19972" value="person"/>
		<feat xlink:href="#sSpan19986" value="abstract"/>
		<feat xlink:href="#sSpan20005" value="abstract"/>
		<feat xlink:href="#sSpan20015" value="abstract"/>
		<feat xlink:href="#sSpan20028" value="person"/>
		<feat xlink:href="#sSpan20063" value="object"/>
		<feat xlink:href="#sSpan20085" value="abstract"/>
		<feat xlink:href="#sSpan20117" value="place"/>
		<feat xlink:href="#sSpan20131" value="person"/>
		<feat xlink:href="#sSpan20160" value="person"/>
		<feat xlink:href="#sSpan20173" value="person"/>
		<feat xlink:href="#sSpan20187" value="abstract"/>
		<feat xlink:href="#sSpan20198" value="person"/>
		<feat xlink:href="#sSpan20211" value="person"/>
		<feat xlink:href="#sSpan20229" value="person"/>
		<feat xlink:href="#sSpan20253" value="person"/>
		<feat xlink:href="#sSpan20262" value="person"/>
		<feat xlink:href="#sSpan20274" value="person"/>
		<feat xlink:href="#sSpan20284" value="person"/>
		<feat xlink:href="#sSpan20317" value="person"/>
		<feat xlink:href="#sSpan20352" value="person"/>
		<feat xlink:href="#sSpan20362" value="person"/>
		<feat xlink:href="#sSpan20371" value="person"/>
		<feat xlink:href="#sSpan20388" value="person"/>
		<feat xlink:href="#sSpan20400" value="person"/>
		<feat xlink:href="#sSpan20434" value="abstract"/>
		<feat xlink:href="#sSpan20451" value="abstract"/>
		<feat xlink:href="#sSpan20462" value="abstract"/>
		<feat xlink:href="#sSpan20481" value="person"/>
		<feat xlink:href="#sSpan20493" value="object"/>
		<feat xlink:href="#sSpan20500" value="place"/>
		<feat xlink:href="#sSpan20507" value="event"/>
		<feat xlink:href="#sSpan20540" value="place"/>
		<feat xlink:href="#sSpan20549" value="event"/>
		<feat xlink:href="#sSpan20562" value="abstract"/>
		<feat xlink:href="#sSpan20569" value="object"/>
		<feat xlink:href="#sSpan20601" value="person"/>
		<feat xlink:href="#sSpan20627" value="abstract"/>
		<feat xlink:href="#sSpan20648" value="abstract"/>
		<feat xlink:href="#sSpan20670" value="person"/>
		<feat xlink:href="#sSpan20705" value="event"/>
		<feat xlink:href="#sSpan20713" value="person"/>
		<feat xlink:href="#sSpan20737" value="object"/>
		<feat xlink:href="#sSpan20746" value="place"/>
		<feat xlink:href="#sSpan20755" value="event"/>
		<feat xlink:href="#sSpan20770" value="person"/>
		<feat xlink:href="#sSpan20774" value="person"/>
		<feat xlink:href="#sSpan20789" value="person"/>
		<feat xlink:href="#sSpan20807" value="abstract"/>
		<feat xlink:href="#sSpan20817" value="person"/>
		<feat xlink:href="#sSpan20837" value="abstract"/>
		<feat xlink:href="#sSpan20869" value="abstract"/>
		<feat xlink:href="#sSpan20878" value="abstract"/>
		<feat xlink:href="#sSpan20905" value="object"/>
		<feat xlink:href="#sSpan20914" value="abstract"/>
		<feat xlink:href="#sSpan20927" value="abstract"/>
		<feat xlink:href="#sSpan20946" value="time"/>
		<feat xlink:href="#sSpan20963" value="abstract"/>
		<feat xlink:href="#sSpan20978" value="place"/>
		<feat xlink:href="#sSpan21015" value="abstract"/>
		<feat xlink:href="#sSpan21056" value="abstract"/>
		<feat xlink:href="#sSpan21075" value="person"/>
		<feat xlink:href="#sSpan21087" value="abstract"/>
		<feat xlink:href="#sSpan21096" value="abstract"/>
		<feat xlink:href="#sSpan21123" value="person"/>
		<feat xlink:href="#sSpan21143" value="abstract"/>
		<feat xlink:href="#sSpan21152" value="abstract"/>
		<feat xlink:href="#sSpan21199" value="person"/>
		<feat xlink:href="#sSpan21224" value="animal"/>
		<feat xlink:href="#sSpan21234" value="place"/>
		<feat xlink:href="#sSpan21247" value="animal"/>
		<feat xlink:href="#sSpan21259" value="person"/>
		<feat xlink:href="#sSpan21276" value="object"/>
		<feat xlink:href="#sSpan21307" value="person"/>
		<feat xlink:href="#sSpan21315" value="place"/>
		<feat xlink:href="#sSpan21342" value="abstract"/>
		<feat xlink:href="#sSpan21355" value="person"/>
		<feat xlink:href="#sSpan21368" value="object"/>
		<feat xlink:href="#sSpan21405" value="abstract"/>
		<feat xlink:href="#sSpan21420" value="abstract"/>
		<feat xlink:href="#sSpan21427" value="abstract"/>
		<feat xlink:href="#sSpan21458" value="abstract"/>
		<feat xlink:href="#sSpan21489" value="person"/>
		<feat xlink:href="#sSpan21500" value="abstract"/>
		<feat xlink:href="#sSpan21531" value="person"/>
		<feat xlink:href="#sSpan21546" value="abstract"/>
		<feat xlink:href="#sSpan21571" value="person"/>
		<feat xlink:href="#sSpan21591" value="abstract"/>
		<feat xlink:href="#sSpan21600" value="substance"/>
		<feat xlink:href="#sSpan21621" value="place"/>
		<feat xlink:href="#sSpan21631" value="abstract"/>
		<feat xlink:href="#sSpan21656" value="person"/>
		<feat xlink:href="#sSpan21678" value="place"/>
		<feat xlink:href="#sSpan21687" value="abstract"/>
		<feat xlink:href="#sSpan21751" value="place"/>
		<feat xlink:href="#sSpan21774" value="person"/>
		<feat xlink:href="#sSpan21784" value="abstract"/>
		<feat xlink:href="#sSpan21801" value="person"/>
		<feat xlink:href="#sSpan21832" value="abstract"/>
		<feat xlink:href="#sSpan21858" value="object"/>
		<feat xlink:href="#sSpan21871" value="place"/>
		<feat xlink:href="#sSpan21880" value="abstract"/>
		<feat xlink:href="#sSpan21911" value="abstract"/>
		<feat xlink:href="#sSpan21920" value="substance"/>
		<feat xlink:href="#sSpan21929" value="place"/>
		<feat xlink:href="#sSpan21985" value="abstract"/>
		<feat xlink:href="#sSpan22001" value="abstract"/>
		<feat xlink:href="#sSpan22017" value="place"/>
		<feat xlink:href="#sSpan22045" value="abstract"/>
		<feat xlink:href="#sSpan22054" value="abstract"/>
		<feat xlink:href="#sSpan22076" value="time"/>
		<feat xlink:href="#sSpan22105" value="person"/>
		<feat xlink:href="#sSpan22128" value="person"/>
		<feat xlink:href="#sSpan22141" value="place"/>
		<feat xlink:href="#sSpan22152" value="abstract"/>
		<feat xlink:href="#sSpan22167" value="abstract"/>
		<feat xlink:href="#sSpan22184" value="person"/>
		<feat xlink:href="#sSpan22200" value="abstract"/>
		<feat xlink:href="#sSpan22212" value="place"/>
		<feat xlink:href="#sSpan22222" value="abstract"/>
		<feat xlink:href="#sSpan22232" value="place"/>
		<feat xlink:href="#sSpan22248" value="abstract"/>
		<feat xlink:href="#sSpan22273" value="abstract"/>
		<feat xlink:href="#sSpan22284" value="place"/>
		<feat xlink:href="#sSpan22294" value="abstract"/>
		<feat xlink:href="#sSpan22343" value="time"/>
		<feat xlink:href="#sSpan22354" value="abstract"/>
		<feat xlink:href="#sSpan22400" value="place"/>
		<feat xlink:href="#sSpan22434" value="object"/>
		<feat xlink:href="#sSpan22463" value="abstract"/>
		<feat xlink:href="#sSpan22478" value="place"/>
		<feat xlink:href="#sSpan22497" value="abstract"/>
		<feat xlink:href="#sSpan22523" value="abstract"/>
		<feat xlink:href="#sSpan22549" value="abstract"/>
		<feat xlink:href="#sSpan22558" value="object"/>
		<feat xlink:href="#sSpan22568" value="abstract"/>
		<feat xlink:href="#sSpan22593" value="place"/>
		<feat xlink:href="#sSpan22616" value="abstract"/>
		<feat xlink:href="#sSpan22650" value="object"/>
		<feat xlink:href="#sSpan22669" value="time"/>
		<feat xlink:href="#sSpan22693" value="abstract"/>
		<feat xlink:href="#sSpan22727" value="abstract"/>
		<feat xlink:href="#sSpan22740" value="place"/>
		<feat xlink:href="#sSpan22796" value="person"/>
		<feat xlink:href="#sSpan22811" value="person"/>
		<feat xlink:href="#sSpan22844" value="abstract"/>
		<feat xlink:href="#sSpan22854" value="place"/>
		<feat xlink:href="#sSpan22906" value="person"/>
		<feat xlink:href="#sSpan22928" value="place"/>
		<feat xlink:href="#sSpan22965" value="abstract"/>
		<feat xlink:href="#sSpan22996" value="person"/>
		<feat xlink:href="#sSpan23028" value="person"/>
		<feat xlink:href="#sSpan23053" value="time"/>
		<feat xlink:href="#sSpan23069" value="time"/>
		<feat xlink:href="#sSpan23078" value="abstract"/>
		<feat xlink:href="#sSpan23088" value="abstract"/>
		<feat xlink:href="#sSpan23099" value="abstract"/>
		<feat xlink:href="#sSpan23123" value="abstract"/>
		<feat xlink:href="#sSpan23134" value="person"/>
		<feat xlink:href="#sSpan23144" value="time"/>
		<feat xlink:href="#sSpan23155" value="abstract"/>
		<feat xlink:href="#sSpan23177" value="abstract"/>
		<feat xlink:href="#sSpan23191" value="person"/>
		<feat xlink:href="#sSpan23213" value="person"/>
		<feat xlink:href="#sSpan23237" value="abstract"/>
		<feat xlink:href="#sSpan23259" value="person"/>
		<feat xlink:href="#sSpan23270" value="person"/>
		<feat xlink:href="#sSpan23281" value="time"/>
		<feat xlink:href="#sSpan23290" value="time"/>
		<feat xlink:href="#sSpan23299" value="abstract"/>
		<feat xlink:href="#sSpan23343" value="person"/>
		<feat xlink:href="#sSpan23388" value="person"/>
		<feat xlink:href="#sSpan23412" value="time"/>
		<feat xlink:href="#sSpan23431" value="abstract"/>
		<feat xlink:href="#sSpan23440" value="abstract"/>
		<feat xlink:href="#sSpan23459" value="abstract"/>
		<feat xlink:href="#sSpan23499" value="event"/>
		<feat xlink:href="#sSpan23516" value="abstract"/>
		<feat xlink:href="#sSpan23529" value="place"/>
		<feat xlink:href="#sSpan23542" value="animal"/>
		<feat xlink:href="#sSpan23551" value="person"/>
		<feat xlink:href="#sSpan23574" value="person"/>
		<feat xlink:href="#sSpan23609" value="person"/>
		<feat xlink:href="#sSpan23622" value="abstract"/>
		<feat xlink:href="#sSpan23653" value="abstract"/>
		<feat xlink:href="#sSpan23737" value="person"/>
		<feat xlink:href="#sSpan23775" value="abstract"/>
		<feat xlink:href="#sSpan23786" value="place"/>
		<feat xlink:href="#sSpan23877" value="person"/>
		<feat xlink:href="#sSpan23918" value="time"/>
		<feat xlink:href="#sSpan23938" value="abstract"/>
		<feat xlink:href="#sSpan23953" value="person"/>
		<feat xlink:href="#sSpan23986" value="time"/>
		<feat xlink:href="#sSpan24012" value="person"/>
		<feat xlink:href="#sSpan24032" value="time"/>
		<feat xlink:href="#sSpan24072" value="place"/>
		<feat xlink:href="#sSpan24090" value="person"/>
		<feat xlink:href="#sSpan24106" value="abstract"/>
		<feat xlink:href="#sSpan24131" value="abstract"/>
		<feat xlink:href="#sSpan24142" value="place"/>
		<feat xlink:href="#sSpan24153" value="person"/>
		<feat xlink:href="#sSpan24181" value="substance"/>
		<feat xlink:href="#sSpan24214" value="object"/>
		<feat xlink:href="#sSpan24246" value="abstract"/>
		<feat xlink:href="#sSpan24277" value="person"/>
		<feat xlink:href="#sSpan24297" value="abstract"/>
		<feat xlink:href="#sSpan24328" value="abstract"/>
		<feat xlink:href="#sSpan24372" value="object"/>
		<feat xlink:href="#sSpan24382" value="abstract"/>
		<feat xlink:href="#sSpan24391" value="person"/>
		<feat xlink:href="#sSpan24426" value="person"/>
		<feat xlink:href="#sSpan24443" value="person"/>
		<feat xlink:href="#sSpan24459" value="person"/>
		<feat xlink:href="#sSpan24477" value="abstract"/>
		<feat xlink:href="#sSpan24497" value="person"/>
		<feat xlink:href="#sSpan24521" value="abstract"/>
		<feat xlink:href="#sSpan24530" value="person"/>
		<feat xlink:href="#sSpan24550" value="abstract"/>
		<feat xlink:href="#sSpan24571" value="person"/>
		<feat xlink:href="#sSpan24587" value="plant"/>
		<feat xlink:href="#sSpan24600" value="abstract"/>
		<feat xlink:href="#sSpan24622" value="abstract"/>
		<feat xlink:href="#sSpan24659" value="abstract"/>
		<feat xlink:href="#sSpan24683" value="abstract"/>
		<feat xlink:href="#sSpan24690" value="abstract"/>
		<feat xlink:href="#sSpan24701" value="place"/>
		<feat xlink:href="#sSpan24717" value="abstract"/>
		<feat xlink:href="#sSpan24750" value="person"/>
		<feat xlink:href="#sSpan24773" value="animal"/>
		<feat xlink:href="#sSpan24788" value="time"/>
		<feat xlink:href="#sSpan24802" value="abstract"/>
		<feat xlink:href="#sSpan24811" value="animal"/>
		<feat xlink:href="#sSpan24830" value="animal"/>
		<feat xlink:href="#sSpan24833" value="animal"/>
		<feat xlink:href="#sSpan24865" value="abstract"/>
		<feat xlink:href="#sSpan24878" value="abstract"/>
		<feat xlink:href="#sSpan24887" value="time"/>
		<feat xlink:href="#sSpan24910" value="abstract"/>
		<feat xlink:href="#sSpan24928" value="abstract"/>
		<feat xlink:href="#sSpan24948" value="person"/>
		<feat xlink:href="#sSpan25041" value="time"/>
		<feat xlink:href="#sSpan25054" value="abstract"/>
		<feat xlink:href="#sSpan25094" value="abstract"/>
		<feat xlink:href="#sSpan25112" value="abstract"/>
		<feat xlink:href="#sSpan25128" value="abstract"/>
		<feat xlink:href="#sSpan25144" value="abstract"/>
		<feat xlink:href="#sSpan25170" value="abstract"/>
		<feat xlink:href="#sSpan25193" value="abstract"/>
		<feat xlink:href="#sSpan25211" value="abstract"/>
		<feat xlink:href="#sSpan25228" value="abstract"/>
		<feat xlink:href="#sSpan25237" value="abstract"/>
		<feat xlink:href="#sSpan25265" value="abstract"/>
		<feat xlink:href="#sSpan25275" value="object"/>
		<feat xlink:href="#sSpan25288" value="object"/>
		<feat xlink:href="#sSpan25322" value="abstract"/>
		<feat xlink:href="#sSpan25347" value="abstract"/>
		<feat xlink:href="#sSpan25357" value="abstract"/>
		<feat xlink:href="#sSpan25385" value="abstract"/>
		<feat xlink:href="#sSpan25395" value="abstract"/>
		<feat xlink:href="#sSpan25418" value="abstract"/>
		<feat xlink:href="#sSpan25440" value="object"/>
		<feat xlink:href="#sSpan25470" value="abstract"/>
		<feat xlink:href="#sSpan25473" value="abstract"/>
		<feat xlink:href="#sSpan25516" value="time"/>
		<feat xlink:href="#sSpan25526" value="abstract"/>
		<feat xlink:href="#sSpan25535" value="abstract"/>
		<feat xlink:href="#sSpan25544" value="animal"/>
		<feat xlink:href="#sSpan25555" value="abstract"/>
		<feat xlink:href="#sSpan25583" value="abstract"/>
		<feat xlink:href="#sSpan25592" value="abstract"/>
		<feat xlink:href="#sSpan25613" value="abstract"/>
		<feat xlink:href="#sSpan25633" value="event"/>
		<feat xlink:href="#sSpan25649" value="abstract"/>
		<feat xlink:href="#sSpan25658" value="abstract"/>
		<feat xlink:href="#sSpan25667" value="abstract"/>
		<feat xlink:href="#sSpan25690" value="abstract"/>
		<feat xlink:href="#sSpan25710" value="person"/>
		<feat xlink:href="#sSpan25721" value="abstract"/>
		<feat xlink:href="#sSpan25734" value="abstract"/>
		<feat xlink:href="#sSpan25745" value="abstract"/>
		<feat xlink:href="#sSpan25778" value="event"/>
		<feat xlink:href="#sSpan25812" value="object"/>
		<feat xlink:href="#sSpan25824" value="abstract"/>
		<feat xlink:href="#sSpan25871" value="abstract"/>
		<feat xlink:href="#sSpan25878" value="abstract"/>
		<feat xlink:href="#sSpan25905" value="person"/>
		<feat xlink:href="#sSpan25924" value="abstract"/>
		<feat xlink:href="#sSpan25927" value="abstract"/>
		<feat xlink:href="#sSpan25981" value="abstract"/>
		<feat xlink:href="#sSpan26019" value="abstract"/>
		<feat xlink:href="#sSpan26038" value="person"/>
		<feat xlink:href="#sSpan26064" value="time"/>
		<feat xlink:href="#sSpan26082" value="person"/>
		<feat xlink:href="#sSpan26095" value="person"/>
		<feat xlink:href="#sSpan26106" value="person"/>
		<feat xlink:href="#sSpan26139" value="abstract"/>
		<feat xlink:href="#sSpan26180" value="abstract"/>
		<feat xlink:href="#sSpan26204" value="abstract"/>
		<feat xlink:href="#sSpan26234" value="abstract"/>
		<feat xlink:href="#sSpan26248" value="abstract"/>
		<feat xlink:href="#sSpan26270" value="abstract"/>
		<feat xlink:href="#sSpan26313" value="abstract"/>
		<feat xlink:href="#sSpan26333" value="abstract"/>
		<feat xlink:href="#sSpan26355" value="object"/>
		<feat xlink:href="#sSpan26379" value="abstract"/>
		<feat xlink:href="#sSpan26388" value="abstract"/>
		<feat xlink:href="#sSpan26415" value="person"/>
		<feat xlink:href="#sSpan26420" value="abstract"/>
		<feat xlink:href="#sSpan26454" value="abstract"/>
		<feat xlink:href="#sSpan26474" value="abstract"/>
		<feat xlink:href="#sSpan26481" value="object"/>
		<feat xlink:href="#sSpan26501" value="abstract"/>
		<feat xlink:href="#sSpan26519" value="abstract"/>
		<feat xlink:href="#sSpan26543" value="abstract"/>
		<feat xlink:href="#sSpan26561" value="abstract"/>
		<feat xlink:href="#sSpan26570" value="event"/>
		<feat xlink:href="#sSpan26579" value="person"/>
		<feat xlink:href="#sSpan26588" value="object"/>
		<feat xlink:href="#sSpan26607" value="abstract"/>
		<feat xlink:href="#sSpan26619" value="abstract"/>
		<feat xlink:href="#sSpan26640" value="abstract"/>
		<feat xlink:href="#sSpan26660" value="person"/>
		<feat xlink:href="#sSpan26667" value="person"/>
		<feat xlink:href="#sSpan26680" value="abstract"/>
		<feat xlink:href="#sSpan26724" value="abstract"/>
		<feat xlink:href="#sSpan26734" value="object"/>
		<feat xlink:href="#sSpan26745" value="time"/>
		<feat xlink:href="#sSpan26777" value="abstract"/>
		<feat xlink:href="#sSpan26820" value="abstract"/>
		<feat xlink:href="#sSpan26830" value="object"/>
		<feat xlink:href="#sSpan26845" value="object"/>
		<feat xlink:href="#sSpan26905" value="abstract"/>
		<feat xlink:href="#sSpan26928" value="time"/>
		<feat xlink:href="#sSpan26953" value="abstract"/>
		<feat xlink:href="#sSpan26966" value="abstract"/>
		<feat xlink:href="#sSpan26998" value="person"/>
		<feat xlink:href="#sSpan27012" value="abstract"/>
		<feat xlink:href="#sSpan27026" value="object"/>
		<feat xlink:href="#sSpan27053" value="object"/>
		<feat xlink:href="#sSpan27069" value="person"/>
		<feat xlink:href="#sSpan27081" value="abstract"/>
		<feat xlink:href="#sSpan27097" value="abstract"/>
		<feat xlink:href="#sSpan27107" value="person"/>
		<feat xlink:href="#sSpan27145" value="abstract"/>
		<feat xlink:href="#sSpan27179" value="object"/>
		<feat xlink:href="#sSpan27188" value="object"/>
		<feat xlink:href="#sSpan27203" value="person"/>
		<feat xlink:href="#sSpan27229" value="abstract"/>
		<feat xlink:href="#sSpan27268" value="place"/>
		<feat xlink:href="#sSpan27288" value="object"/>
		<feat xlink:href="#sSpan27315" value="abstract"/>
		<feat xlink:href="#sSpan27333" value="person"/>
		<feat xlink:href="#sSpan27344" value="abstract"/>
		<feat xlink:href="#sSpan27353" value="substance"/>
		<feat xlink:href="#sSpan27377" value="abstract"/>
		<feat xlink:href="#sSpan27418" value="time"/>
		<feat xlink:href="#sSpan27427" value="abstract"/>
		<feat xlink:href="#sSpan27458" value="person"/>
		<feat xlink:href="#sSpan27473" value="abstract"/>
		<feat xlink:href="#sSpan27482" value="person"/>
		<feat xlink:href="#sSpan27517" value="abstract"/>
		<feat xlink:href="#sSpan27531" value="time"/>
		<feat xlink:href="#sSpan27546" value="abstract"/>
		<feat xlink:href="#sSpan27559" value="event"/>
		<feat xlink:href="#sSpan27572" value="time"/>
		<feat xlink:href="#sSpan27602" value="abstract"/>
		<feat xlink:href="#sSpan27611" value="abstract"/>
		<feat xlink:href="#sSpan27638" value="abstract"/>
		<feat xlink:href="#sSpan27659" value="abstract"/>
		<feat xlink:href="#sSpan27669" value="abstract"/>
		<feat xlink:href="#sSpan27682" value="abstract"/>
		<feat xlink:href="#sSpan27695" value="abstract"/>
		<feat xlink:href="#sSpan27738" value="abstract"/>
		<feat xlink:href="#sSpan27758" value="abstract"/>
		<feat xlink:href="#sSpan27773" value="abstract"/>
		<feat xlink:href="#sSpan27792" value="abstract"/>
		<feat xlink:href="#sSpan27819" value="abstract"/>
		<feat xlink:href="#sSpan27829" value="abstract"/>
		<feat xlink:href="#sSpan27845" value="abstract"/>
		<feat xlink:href="#sSpan27856" value="abstract"/>
		<feat xlink:href="#sSpan27863" value="abstract"/>
		<feat xlink:href="#sSpan27880" value="person"/>
		<feat xlink:href="#sSpan27895" value="abstract"/>
		<feat xlink:href="#sSpan27913" value="plant"/>
		<feat xlink:href="#sSpan27947" value="abstract"/>
		<feat xlink:href="#sSpan27965" value="abstract"/>
		<feat xlink:href="#sSpan27998" value="organization"/>
		<feat xlink:href="#sSpan28018" value="place"/>
		<feat xlink:href="#sSpan28038" value="person"/>
		<feat xlink:href="#sSpan28067" value="place"/>
		<feat xlink:href="#sSpan28084" value="abstract"/>
		<feat xlink:href="#sSpan28103" value="abstract"/>
		<feat xlink:href="#sSpan28112" value="person"/>
		<feat xlink:href="#sSpan28137" value="abstract"/>
		<feat xlink:href="#sSpan28158" value="person"/>
		<feat xlink:href="#sSpan28175" value="organization"/>
		<feat xlink:href="#sSpan28185" value="person"/>
		<feat xlink:href="#sSpan28260" value="abstract"/>
		<feat xlink:href="#sSpan28279" value="abstract"/>
		<feat xlink:href="#sSpan28313" value="abstract"/>
		<feat xlink:href="#sSpan28322" value="abstract"/>
		<feat xlink:href="#sSpan28332" value="event"/>
		<feat xlink:href="#sSpan28363" value="time"/>
		<feat xlink:href="#sSpan28374" value="abstract"/>
		<feat xlink:href="#sSpan28390" value="abstract"/>
		<feat xlink:href="#sSpan28434" value="abstract"/>
		<feat xlink:href="#sSpan28462" value="person"/>
		<feat xlink:href="#sSpan28474" value="person"/>
		<feat xlink:href="#sSpan28483" value="abstract"/>
		<feat xlink:href="#sSpan28514" value="time"/>
		<feat xlink:href="#sSpan28525" value="time"/>
		<feat xlink:href="#sSpan28623" value="person"/></featList></paula>