<?xml version='1.0' encoding='UTF-8'?><!DOCTYPE paula SYSTEM "paula_feat.dtd">
<paula version="1.1">
	<header paula_id="scriptorium.40_Matthew_12.mark_norm_group"/>
	<featList xmlns:xlink="http://www.w3.org/1999/xlink" type="norm_group" xml:base="scriptorium.40_Matthew_12.mark.xml">
		<feat xlink:href="#sSpan2" value="ϩⲙⲡⲉⲟⲩⲟⲉⲓϣ"/>
		<feat xlink:href="#sSpan8" value="ⲉⲧⲙⲙⲁⲩ"/>
		<feat xlink:href="#sSpan11" value="ⲁϥⲉⲓ"/>
		<feat xlink:href="#sSpan16" value="ⲉⲃⲟⲗ"/>
		<feat xlink:href="#sSpan18" value="ⲛϭⲓⲓⲏⲥⲟⲩⲥ"/>
		<feat xlink:href="#sSpan22" value="ϩⲓⲧⲛⲙⲙⲁ"/>
		<feat xlink:href="#sSpan27" value="ⲉⲧϫⲏⲩ"/>
		<feat xlink:href="#sSpan30" value="ⲙⲡⲥⲁⲃⲃⲁⲧⲟⲛ"/>
		<feat xlink:href="#sSpan35" value="."/>
		<feat xlink:href="#sSpan38" value="ⲛⲉϥⲙⲁⲑⲏⲧⲏⲥ"/>
		<feat xlink:href="#sSpan41" value="ⲇⲉ"/>
		<feat xlink:href="#sSpan43" value="ⲁⲩϩⲕⲟ"/>
		<feat xlink:href="#sSpan47" value="ⲁⲩⲁⲣⲭⲉⲓ"/>
		<feat xlink:href="#sSpan51" value="ⲛⲧⲱⲗⲕ"/>
		<feat xlink:href="#sSpan54" value="ⲛⲛϩⲙⲥ"/>
		<feat xlink:href="#sSpan59" value="ⲉⲩⲟⲩⲱⲙ"/>
		<feat xlink:href="#sSpan63" value="."/>
		<feat xlink:href="#sSpan66" value="ⲛⲉⲫⲁⲣⲓⲥⲥⲁⲓⲟⲥ"/>
		<feat xlink:href="#sSpan70" value="ⲇⲉ"/>
		<feat xlink:href="#sSpan72" value="ⲛⲧⲉⲣⲟⲩⲛⲁⲩ"/>
		<feat xlink:href="#sSpan76" value="ⲡⲉϫⲁⲩ"/>
		<feat xlink:href="#sSpan79" value="ⲛⲁϥ"/>
		<feat xlink:href="#sSpan82" value="."/>
		<feat xlink:href="#sSpan84" value="ϫⲉⲉⲓⲥϩⲏⲏⲧⲉ"/>
		<feat xlink:href="#sSpan90" value="ⲛⲉⲕⲙⲁⲑⲏⲧⲏⲥ"/>
		<feat xlink:href="#sSpan93" value="ⲥⲉⲉⲓⲣⲉ"/>
		<feat xlink:href="#sSpan97" value="ⲙⲡⲉⲧⲉⲙⲉϣϣⲉ"/>
		<feat xlink:href="#sSpan105" value="ⲉⲁⲁϥ"/>
		<feat xlink:href="#sSpan109" value="ϩⲙⲡⲥⲁⲃⲃⲁⲧⲟⲛ"/>
		<feat xlink:href="#sSpan114" value="."/>
		<feat xlink:href="#sSpan116" value="ⲛⲧⲟϥ"/>
		<feat xlink:href="#sSpan119" value="ⲇⲉ"/>
		<feat xlink:href="#sSpan121" value="ⲡⲉϫⲁϥ"/>
		<feat xlink:href="#sSpan124" value="ⲛⲁⲩ"/>
		<feat xlink:href="#sSpan127" value="."/>
		<feat xlink:href="#sSpan129" value="ϫⲉⲙⲡⲉⲧⲛⲟϣϥ"/>
		<feat xlink:href="#sSpan135" value="ϫⲉⲛⲧⲁⲇⲁⲩⲉⲓⲇ"/>
		<feat xlink:href="#sSpan141" value="ⲣⲟⲩ"/>
		<feat xlink:href="#sSpan144" value="ⲛⲧⲉⲣⲉϥϩⲕⲟ"/>
		<feat xlink:href="#sSpan148" value="ⲙⲛⲛⲉⲧⲛⲙⲙⲁϥ"/>
		<feat xlink:href="#sSpan155" value="."/>
		<feat xlink:href="#sSpan157" value="ⲛⲧϩⲉ"/>
		<feat xlink:href="#sSpan162" value="ⲛⲧⲁϥⲃⲱⲕ"/>
		<feat xlink:href="#sSpan168" value="ⲉϩⲟⲩⲛ"/>
		<feat xlink:href="#sSpan170" value="ⲉⲡⲏⲓ"/>
		<feat xlink:href="#sSpan175" value="ⲙⲡⲛⲟⲩⲧⲉ"/>
		<feat xlink:href="#sSpan180" value="ⲁϥⲟⲩⲱⲙ"/>
		<feat xlink:href="#sSpan184" value="ⲛⲛⲟⲉⲓⲕ"/>
		<feat xlink:href="#sSpan188" value="ⲛⲧⲉⲡⲣⲟⲑⲉⲥⲓⲥ"/>
		<feat xlink:href="#sSpan193" value="."/>
		<feat xlink:href="#sSpan195" value="ⲛⲁⲓ"/>
		<feat xlink:href="#sSpan198" value="ⲉⲧⲉⲙⲉϣϣⲉ"/>
		<feat xlink:href="#sSpan203" value="ⲉⲣⲟϥ"/>
		<feat xlink:href="#sSpan206" value="ⲉⲟⲩⲟⲙⲟⲩ"/>
		<feat xlink:href="#sSpan210" value="ⲟⲩⲇⲉ"/>
		<feat xlink:href="#sSpan213" value="ⲛⲉⲧⲛⲙⲙⲁϥ"/>
		<feat xlink:href="#sSpan218" value="."/>
		<feat xlink:href="#sSpan220" value="ⲉⲓⲙⲏⲧⲓ"/>
		<feat xlink:href="#sSpan223" value="ⲛⲟⲩⲏⲏⲃ"/>
		<feat xlink:href="#sSpan227" value="ⲙⲁⲩⲁⲁⲩ"/>
		<feat xlink:href="#sSpan230" value="."/>
		<feat xlink:href="#sSpan232" value="ⲏⲙⲡⲉⲧⲛⲟϣϥ"/>
		<feat xlink:href="#sSpan238" value="ϩⲣⲁⲓ"/>
		<feat xlink:href="#sSpan241" value="ϩⲙⲡⲛⲟⲙⲟⲥ"/>
		<feat xlink:href="#sSpan246" value="ϫⲉϩⲣⲁⲓ"/>
		<feat xlink:href="#sSpan251" value="ϩⲙⲡⲥⲁⲃⲃⲁⲧⲟⲛ"/>
		<feat xlink:href="#sSpan256" value="ⲛⲟⲩⲏⲏⲃ"/>
		<feat xlink:href="#sSpan260" value="ⲃⲱⲗ"/>
		<feat xlink:href="#sSpan263" value="ⲉⲃⲟⲗ"/>
		<feat xlink:href="#sSpan265" value="ⲙⲡⲥⲁⲃⲃⲁⲧⲟⲛ"/>
		<feat xlink:href="#sSpan270" value="ϩⲣⲁⲓ"/>
		<feat xlink:href="#sSpan273" value="ϩⲙⲡⲣⲡⲉ"/>
		<feat xlink:href="#sSpan278" value="ⲁⲩⲱ"/>
		<feat xlink:href="#sSpan280" value="ⲙⲛⲛⲟⲃⲉ"/>
		<feat xlink:href="#sSpan284" value="ⲉⲣⲟϥ"/>
		<feat xlink:href="#sSpan287" value="."/>
		<feat xlink:href="#sSpan289" value="ϯϫⲱ"/>
		<feat xlink:href="#sSpan293" value="ⲇⲉ"/>
		<feat xlink:href="#sSpan295" value="ⲙⲙⲟⲥ"/>
		<feat xlink:href="#sSpan298" value="ⲛⲏⲧⲛ"/>
		<feat xlink:href="#sSpan301" value="."/>
		<feat xlink:href="#sSpan303" value="ϫⲉⲡⲉⲧⲟ"/>
		<feat xlink:href="#sSpan310" value="ⲛⲛⲟϭ"/>
		<feat xlink:href="#sSpan314" value="ⲉⲡⲣⲡⲉ"/>
		<feat xlink:href="#sSpan319" value="ⲙⲡⲉⲓⲙⲁ"/>
		<feat xlink:href="#sSpan324" value="."/>
		<feat xlink:href="#sSpan326" value="ⲉⲛⲉⲛⲧⲁⲧⲉⲧⲛⲉⲓⲙⲉ"/>
		<feat xlink:href="#sSpan335" value="ⲇⲉ"/>
		<feat xlink:href="#sSpan337" value="ϫⲉⲟⲩ"/>
		<feat xlink:href="#sSpan340" value="ⲡⲉ"/>
		<feat xlink:href="#sSpan342" value="ⲉⲓⲟⲩⲉϣⲟⲩⲛⲁ"/>
		<feat xlink:href="#sSpan349" value="ⲉϩⲟⲩⲉⲟⲩⲑⲩⲥⲓⲁ"/>
		<feat xlink:href="#sSpan354" value="."/>
		<feat xlink:href="#sSpan356" value="ⲛⲉⲧⲉⲧⲛⲁⲧϭⲁⲓⲟ"/>
		<feat xlink:href="#sSpan360" value="ⲁⲛ"/>
		<feat xlink:href="#sSpan362" value="ⲡⲉ"/>
		<feat xlink:href="#sSpan364" value="ⲛⲛⲉⲧⲉⲙⲛⲛⲟⲃⲉ"/>
		<feat xlink:href="#sSpan372" value="ⲉⲣⲟⲟⲩ"/>
		<feat xlink:href="#sSpan375" value="."/>
		<feat xlink:href="#sSpan377" value="ⲡϫⲟⲉⲓⲥ"/>
		<feat xlink:href="#sSpan382" value="ⲅⲁⲣ"/>
		<feat xlink:href="#sSpan384" value="ⲙⲡⲥⲁⲃⲃⲁⲧⲟⲛ"/>
		<feat xlink:href="#sSpan389" value="ⲡⲉ"/>
		<feat xlink:href="#sSpan391" value="ⲡϣⲏⲣⲉ"/>
		<feat xlink:href="#sSpan395" value="ⲙⲡⲣⲱⲙⲉ"/>
		<feat xlink:href="#sSpan399" value="."/>
		<feat xlink:href="#sSpan401" value="ⲁϥⲡⲱⲱⲛⲉ"/>
		<feat xlink:href="#sSpan406" value="ⲇⲉ"/>
		<feat xlink:href="#sSpan408" value="ⲉⲃⲟⲗ"/>
		<feat xlink:href="#sSpan411" value="ϩⲙⲡⲙⲁ"/>
		<feat xlink:href="#sSpan416" value="ⲉⲧⲙⲙⲁⲩ"/>
		<feat xlink:href="#sSpan419" value="ⲁϥⲉⲓ"/>
		<feat xlink:href="#sSpan424" value="ⲉϩⲣⲁⲓ"/>
		<feat xlink:href="#sSpan426" value="ⲉⲧⲉⲩⲥⲩⲛⲁⲅⲱⲅⲏ"/>
		<feat xlink:href="#sSpan431" value="."/>
		<feat xlink:href="#sSpan433" value="ⲁⲩⲱ"/>
		<feat xlink:href="#sSpan436" value="ⲉⲓⲥ"/>
		<feat xlink:href="#sSpan439" value="ϩⲏⲏⲧⲉ"/>
		<feat xlink:href="#sSpan441" value="ⲉⲓⲥⲟⲩⲣⲱⲙⲉ"/>
		<feat xlink:href="#sSpan446" value="ⲉⲣⲉⲧⲉϥϭⲓϫ"/>
		<feat xlink:href="#sSpan451" value="ϣⲟⲩⲱⲟⲩ"/>
		<feat xlink:href="#sSpan454" value="ⲁⲩϫⲛⲟⲩϥ"/>
		<feat xlink:href="#sSpan459" value="ⲉⲧⲃⲏⲏⲧϥ"/>
		<feat xlink:href="#sSpan462" value="ⲉⲩϫⲱ"/>
		<feat xlink:href="#sSpan466" value="ⲙⲙⲟⲥ"/>
		<feat xlink:href="#sSpan469" value="ϫⲉⲉⲛⲉⲉⲝⲉⲥⲧⲉⲓ"/>
		<feat xlink:href="#sSpan473" value="ⲉⲣⲡⲁϩⲣⲉ"/>
		<feat xlink:href="#sSpan476" value="ⲉⲣⲟϥ"/>
		<feat xlink:href="#sSpan479" value="ϩⲙⲡⲥⲁⲃⲃⲁⲧⲟⲛ"/>
		<feat xlink:href="#sSpan484" value="ϫⲉⲕⲁⲁⲥ"/>
		<feat xlink:href="#sSpan486" value="ⲉⲩⲉⲕⲁⲧⲟⲓⲅⲟⲣⲉⲓ"/>
		<feat xlink:href="#sSpan489" value="ⲙⲙⲟϥ"/>
		<feat xlink:href="#sSpan492" value="."/>
		<feat xlink:href="#sSpan494" value="ⲛⲧⲟϥ"/>
		<feat xlink:href="#sSpan497" value="ⲇⲉ"/>
		<feat xlink:href="#sSpan499" value="ⲡⲉϫⲁϥ"/>
		<feat xlink:href="#sSpan502" value="ⲛⲁⲩ"/>
		<feat xlink:href="#sSpan505" value="ϫⲉⲛⲓⲙ"/>
		<feat xlink:href="#sSpan508" value="ⲛⲣⲱⲙⲉ"/>
		<feat xlink:href="#sSpan512" value="ⲛϩⲏⲧⲧⲏⲩⲧⲛ"/>
		<feat xlink:href="#sSpan515" value="ⲡⲉⲧⲛⲁⲕⲱ"/>
		<feat xlink:href="#sSpan521" value="ⲛⲁϥ"/>
		<feat xlink:href="#sSpan524" value="ⲛⲟⲩⲉⲥⲟⲟⲩ"/>
		<feat xlink:href="#sSpan529" value="ⲛⲟⲩⲱⲧ"/>
		<feat xlink:href="#sSpan532" value="ⲛⲧⲉⲡⲁⲓ"/>
		<feat xlink:href="#sSpan536" value="ϩⲉ"/>
		<feat xlink:href="#sSpan538" value="ϩⲙⲡⲥⲁⲃⲃⲁⲧⲟⲛ"/>
		<feat xlink:href="#sSpan543" value="ⲉⲩϩⲓⲉⲓⲧ"/>
		<feat xlink:href="#sSpan548" value="ⲙⲏ"/>
		<feat xlink:href="#sSpan550" value="ⲛϥⲛⲁⲁⲙⲁϩⲧⲉ"/>
		<feat xlink:href="#sSpan555" value="ⲙⲙⲟϥ"/>
		<feat xlink:href="#sSpan558" value="ⲁⲛ"/>
		<feat xlink:href="#sSpan560" value="ⲛϥⲧⲟⲩⲛⲟⲥϥ"/>
		<feat xlink:href="#sSpan565" value="."/>
		<feat xlink:href="#sSpan568" value="ⲡⲣⲱⲙⲉ"/>
		<feat xlink:href="#sSpan572" value="ϭⲉ"/>
		<feat xlink:href="#sSpan574" value="ϣⲟⲃⲉ"/>
		<feat xlink:href="#sSpan576" value="ⲛⲟⲩⲏⲣ"/>
		<feat xlink:href="#sSpan579" value="ⲉⲡⲉⲥⲟⲟⲩ"/>
		<feat xlink:href="#sSpan584" value="."/>
		<feat xlink:href="#sSpan586" value="ϩⲱⲥⲧⲉ"/>
		<feat xlink:href="#sSpan588" value="ⲉⲝⲉⲥⲧⲉⲓ"/>
		<feat xlink:href="#sSpan590" value="ϩⲙⲡⲥⲁⲃⲃⲁⲧⲟⲛ"/>
		<feat xlink:href="#sSpan595" value="ⲉⲣⲡⲉⲧⲛⲁⲛⲟⲩϥ"/>
		<feat xlink:href="#sSpan603" value="."/>
		<feat xlink:href="#sSpan605" value="ⲧⲟⲧⲉ"/>
		<feat xlink:href="#sSpan608" value="ⲡⲉϫⲁϥ"/>
		<feat xlink:href="#sSpan611" value="ⲙⲡⲣⲱⲙⲉ"/>
		<feat xlink:href="#sSpan616" value="ϫⲉⲥⲟⲟⲩⲧⲛ"/>
		<feat xlink:href="#sSpan619" value="ⲉⲃⲟⲗ"/>
		<feat xlink:href="#sSpan621" value="ⲛⲧⲉⲕϭⲓϫ"/>
		<feat xlink:href="#sSpan626" value="ⲛⲧⲟϥ"/>
		<feat xlink:href="#sSpan628" value="ⲇⲉ"/>
		<feat xlink:href="#sSpan630" value="ⲁϥⲥⲟⲩⲧⲱⲛⲥ"/>
		<feat xlink:href="#sSpan635" value="ⲁⲥϣⲱⲡⲉ"/>
		<feat xlink:href="#sSpan639" value="ⲉⲥⲟⲩⲟϫ"/>
		<feat xlink:href="#sSpan643" value="ⲛⲧϩⲉ"/>
		<feat xlink:href="#sSpan647" value="ⲛⲧⲕⲉⲟⲩⲉⲓ"/>
		<feat xlink:href="#sSpan653" value="."/>
		<feat xlink:href="#sSpan656" value="ⲛⲉⲫⲁⲣⲓⲥⲥⲁⲓⲟⲥ"/>
		<feat xlink:href="#sSpan660" value="ⲇⲉ"/>
		<feat xlink:href="#sSpan662" value="ⲁⲩⲉⲓ"/>
		<feat xlink:href="#sSpan667" value="ⲉⲃⲟⲗ"/>
		<feat xlink:href="#sSpan669" value="ⲁⲩϫⲓϣⲟϫⲛⲉ"/>
		<feat xlink:href="#sSpan675" value="ⲉⲣⲟϥ"/>
		<feat xlink:href="#sSpan678" value="ϫⲉⲕⲁⲁⲥ"/>
		<feat xlink:href="#sSpan680" value="ⲉⲩⲉⲙⲟⲟⲩⲧϥ"/>
		<feat xlink:href="#sSpan684" value="."/>
		<feat xlink:href="#sSpan687" value="ⲓⲏⲥⲟⲩⲥ"/>
		<feat xlink:href="#sSpan690" value="ⲇⲉ"/>
		<feat xlink:href="#sSpan692" value="ⲛⲧⲉⲣⲉϥⲉⲓⲙⲉ"/>
		<feat xlink:href="#sSpan696" value="ⲁϥⲁⲛⲁⲭⲱⲣⲉⲓ"/>
		<feat xlink:href="#sSpan700" value="ⲉⲃⲟⲗ"/>
		<feat xlink:href="#sSpan703" value="ϩⲙⲡⲙⲁ"/>
		<feat xlink:href="#sSpan708" value="ⲉⲧⲙⲙⲁⲩ"/>
		<feat xlink:href="#sSpan711" value="."/>
		<feat xlink:href="#sSpan713" value="ⲁⲩⲟⲩⲁϩⲟⲩ"/>
		<feat xlink:href="#sSpan718" value="ⲛⲥⲱϥ"/>
		<feat xlink:href="#sSpan721" value="ⲛϭⲓⲟⲩⲙⲏⲏϣⲉ"/>
		<feat xlink:href="#sSpan726" value="ⲉⲛⲁϣⲱϥ"/>
		<feat xlink:href="#sSpan730" value="."/>
		<feat xlink:href="#sSpan732" value="ⲁⲩⲱ"/>
		<feat xlink:href="#sSpan734" value="ⲁϥⲣⲡⲁϩⲣⲉ"/>
		<feat xlink:href="#sSpan738" value="ⲉⲣⲟⲟⲩ"/>
		<feat xlink:href="#sSpan741" value="ⲧⲏⲣⲟⲩ"/>
		<feat xlink:href="#sSpan744" value="."/>
		<feat xlink:href="#sSpan746" value="ⲁϥⲉⲡⲓⲧⲓⲙⲁ"/>
		<feat xlink:href="#sSpan751" value="ⲛⲁⲩ"/>
		<feat xlink:href="#sSpan754" value="ϫⲉⲕⲁⲁⲥ"/>
		<feat xlink:href="#sSpan756" value="ⲛⲛⲉⲩⲟⲩⲟⲛϩϥ"/>
		<feat xlink:href="#sSpan761" value="ⲉⲃⲟⲗ"/>
		<feat xlink:href="#sSpan763" value="."/>
		<feat xlink:href="#sSpan765" value="ϫⲉⲕⲁⲁⲥ"/>
		<feat xlink:href="#sSpan768" value="ⲉϥⲉϫⲱⲕ"/>
		<feat xlink:href="#sSpan771" value="ⲉⲃⲟⲗ"/>
		<feat xlink:href="#sSpan773" value="ⲛϭⲓⲡⲉⲛⲧⲁⲩϫⲟⲟϥ"/>
		<feat xlink:href="#sSpan782" value="ϩⲓⲧⲛⲏⲥⲁⲓⲁⲥ"/>
		<feat xlink:href="#sSpan786" value="ⲡⲉⲡⲣⲟⲫⲏⲧⲏⲥ"/>
		<feat xlink:href="#sSpan789" value="ⲉϥϫⲱ"/>
		<feat xlink:href="#sSpan793" value="ⲙⲙⲟⲥ"/>
		<feat xlink:href="#sSpan796" value="."/>
		<feat xlink:href="#sSpan798" value="ϫⲉⲉⲓⲥϩⲏⲏⲧⲉ"/>
		<feat xlink:href="#sSpan804" value="ⲉⲓⲥⲡⲁϣⲏⲣⲉ"/>
		<feat xlink:href="#sSpan809" value="ⲛⲧⲁⲓⲟⲩⲁϣϥ"/>
		<feat xlink:href="#sSpan815" value="ⲡⲁⲙⲉⲣⲓⲧ"/>
		<feat xlink:href="#sSpan819" value="ⲡⲉⲛⲧⲁⲧⲁⲯⲩⲭⲏ"/>
		<feat xlink:href="#sSpan826" value="ⲟⲩⲱϣ"/>
		<feat xlink:href="#sSpan828" value="ϩⲣⲁⲓ"/>
		<feat xlink:href="#sSpan831" value="ⲛϩⲏⲧϥ"/>
		<feat xlink:href="#sSpan834" value="."/>
		<feat xlink:href="#sSpan836" value="ϯⲛⲁⲕⲱ"/>
		<feat xlink:href="#sSpan840" value="ⲙⲡⲁⲡⲛⲉⲩⲙⲁ"/>
		<feat xlink:href="#sSpan845" value="ⲉϩⲣⲁⲓ"/>
		<feat xlink:href="#sSpan847" value="ⲉϫⲱϥ"/>
		<feat xlink:href="#sSpan850" value="ⲛϥⲕⲱ"/>
		<feat xlink:href="#sSpan854" value="ⲛⲟⲩⲕⲣⲓⲥⲓⲥ"/>
		<feat xlink:href="#sSpan859" value="ⲛⲛϩⲉⲑⲛⲟⲥ"/>
		<feat xlink:href="#sSpan864" value="."/>
		<feat xlink:href="#sSpan866" value="ⲛϥⲛⲁϯⲧⲱⲛ"/>
		<feat xlink:href="#sSpan873" value="ⲁⲛ"/>
		<feat xlink:href="#sSpan875" value="."/>
		<feat xlink:href="#sSpan877" value="ⲟⲩⲇⲉ"/>
		<feat xlink:href="#sSpan879" value="ⲛϥⲛⲁⲱϣ"/>
		<feat xlink:href="#sSpan885" value="ⲉⲃⲟⲗ"/>
		<feat xlink:href="#sSpan887" value="ⲁⲛ"/>
		<feat xlink:href="#sSpan889" value="."/>
		<feat xlink:href="#sSpan891" value="ⲙⲛⲗⲁⲁⲩ"/>
		<feat xlink:href="#sSpan895" value="ⲛⲁⲥⲱⲧⲙ"/>
		<feat xlink:href="#sSpan898" value="ⲉⲧⲉϥⲥⲙⲏ"/>
		<feat xlink:href="#sSpan903" value="ϩⲛⲛⲉⲡⲗⲁⲧⲓⲁ"/>
		<feat xlink:href="#sSpan908" value="."/>
		<feat xlink:href="#sSpan910" value="ⲟⲩⲕⲁϣ"/>
		<feat xlink:href="#sSpan915" value="ⲉϥⲟⲩⲟϣϥ"/>
		<feat xlink:href="#sSpan919" value="ⲛϥⲛⲁⲟⲩⲟϭⲡϥ"/>
		<feat xlink:href="#sSpan925" value="ⲁⲛ"/>
		<feat xlink:href="#sSpan927" value="."/>
		<feat xlink:href="#sSpan929" value="ⲁⲩⲱ"/>
		<feat xlink:href="#sSpan931" value="ⲟⲩⲥⲟⲗ"/>
		<feat xlink:href="#sSpan935" value="ⲉϥϩⲧⲙⲧⲱⲙ"/>
		<feat xlink:href="#sSpan939" value="ⲛϥⲛⲁϫⲉⲛⲁϥ"/>
		<feat xlink:href="#sSpan945" value="ⲁⲛ"/>
		<feat xlink:href="#sSpan947" value="."/>
		<feat xlink:href="#sSpan949" value="ϣⲁⲛⲧⲉϥⲉⲓⲛⲉ"/>
		<feat xlink:href="#sSpan954" value="ⲉⲃⲟⲗ"/>
		<feat xlink:href="#sSpan956" value="ⲙⲡⲉϥϩⲁⲡ"/>
		<feat xlink:href="#sSpan961" value="ϩⲛⲟⲩⲧⲁϫⲣⲟ"/>
		<feat xlink:href="#sSpan965" value="."/>
		<feat xlink:href="#sSpan967" value="ⲛⲧⲉⲛϩⲉⲑⲛⲟⲥ"/>
		<feat xlink:href="#sSpan973" value="ϩⲉⲗⲡⲓⲍⲉ"/>
		<feat xlink:href="#sSpan975" value="ⲉⲡⲉϥⲣⲁⲛ"/>
		<feat xlink:href="#sSpan980" value="."/>
		<feat xlink:href="#sSpan982" value="ⲧⲟⲧⲉ"/>
		<feat xlink:href="#sSpan985" value="ⲁⲩⲉⲓⲛⲉ"/>
		<feat xlink:href="#sSpan989" value="ⲛⲁϥ"/>
		<feat xlink:href="#sSpan992" value="ⲛⲟⲩⲃⲗⲗⲉ"/>
		<feat xlink:href="#sSpan997" value="ⲛⲙⲡⲟ"/>
		<feat xlink:href="#sSpan1001" value="ⲉⲣⲉⲟⲩⲇⲁⲓⲙⲱⲛⲓⲟⲛ"/>
		<feat xlink:href="#sSpan1006" value="ϩⲓⲱⲱϥ"/>
		<feat xlink:href="#sSpan1009" value="."/>
		<feat xlink:href="#sSpan1011" value="ⲁϥⲣⲡⲁϩⲣⲉ"/>
		<feat xlink:href="#sSpan1015" value="ⲉⲣⲟϥ"/>
		<feat xlink:href="#sSpan1018" value="ϩⲱⲥⲧⲉ"/>
		<feat xlink:href="#sSpan1020" value="ⲉⲧⲣⲉⲡⲉⲙⲡⲟ"/>
		<feat xlink:href="#sSpan1026" value="ϣⲁϫⲉ"/>
		<feat xlink:href="#sSpan1028" value="ⲛϥⲛⲁⲩ"/>
		<feat xlink:href="#sSpan1033" value="ⲉⲃⲟⲗ"/>
		<feat xlink:href="#sSpan1035" value="."/>
		<feat xlink:href="#sSpan1037" value="ⲁⲩⲣϣⲡⲏⲣⲉ"/>
		<feat xlink:href="#sSpan1044" value="ⲛϭⲓⲙⲙⲏⲏϣⲉ"/>
		<feat xlink:href="#sSpan1049" value="ⲧⲏⲣⲟⲩ"/>
		<feat xlink:href="#sSpan1052" value="ⲉⲩϫⲱ"/>
		<feat xlink:href="#sSpan1056" value="ⲙⲙⲟⲥ"/>
		<feat xlink:href="#sSpan1059" value="ϫⲉⲙⲏⲧⲓ"/>
		<feat xlink:href="#sSpan1065" value="ⲡⲁⲓ"/>
		<feat xlink:href="#sSpan1067" value="ⲡⲉ"/>
		<feat xlink:href="#sSpan1069" value="ⲡϣⲏⲣⲉ"/>
		<feat xlink:href="#sSpan1073" value="ⲛⲇⲁⲩⲉⲓⲇ"/>
		<feat xlink:href="#sSpan1077" value="."/>
		<feat xlink:href="#sSpan1079" value="ⲛⲧⲉⲣⲟⲩⲥⲱⲧⲙ"/>
		<feat xlink:href="#sSpan1084" value="ⲇⲉ"/>
		<feat xlink:href="#sSpan1086" value="ⲛϭⲓⲛⲉⲫⲁⲣⲓⲥⲥⲁⲓⲟⲥ"/>
		<feat xlink:href="#sSpan1091" value="ⲡⲉϫⲁⲩ"/>
		<feat xlink:href="#sSpan1094" value="."/>
		<feat xlink:href="#sSpan1096" value="ϫⲉⲛⲉⲣⲉⲡⲁⲓ"/>
		<feat xlink:href="#sSpan1102" value="ⲛⲉϫⲇⲁⲓⲙⲱⲛⲓⲟⲛ"/>
		<feat xlink:href="#sSpan1106" value="ⲉⲃⲟⲗ"/>
		<feat xlink:href="#sSpan1108" value="ⲁⲛ"/>
		<feat xlink:href="#sSpan1110" value="."/>
		<feat xlink:href="#sSpan1112" value="ⲉⲓⲙⲏⲧⲓ"/>
		<feat xlink:href="#sSpan1114" value="ϩⲣⲁⲓ"/>
		<feat xlink:href="#sSpan1117" value="ϩⲛⲃⲉⲉⲗⲍⲉⲃⲟⲩⲗ"/>
		<feat xlink:href="#sSpan1121" value="ⲡⲁⲣⲭⲱⲛ"/>
		<feat xlink:href="#sSpan1124" value="ⲛⲛⲇⲁⲓⲙⲱⲛⲓⲟⲛ"/>
		<feat xlink:href="#sSpan1129" value="."/>
		<feat xlink:href="#sSpan1131" value="ⲉϥⲥⲟⲟⲩⲛ"/>
		<feat xlink:href="#sSpan1136" value="ⲇⲉ"/>
		<feat xlink:href="#sSpan1138" value="ⲛⲛⲉⲩⲙⲉⲉⲩⲉ"/>
		<feat xlink:href="#sSpan1143" value="ⲡⲉϫⲁϥ"/>
		<feat xlink:href="#sSpan1146" value="ⲛⲁⲩ"/>
		<feat xlink:href="#sSpan1149" value="."/>
		<feat xlink:href="#sSpan1151" value="ϫⲉⲙⲛⲧⲣⲣⲟ"/>
		<feat xlink:href="#sSpan1157" value="ⲛⲓⲙ"/>
		<feat xlink:href="#sSpan1159" value="ⲉⲥϣⲁⲛⲡⲱϣ"/>
		<feat xlink:href="#sSpan1162" value="ⲉϩⲣⲁⲓ"/>
		<feat xlink:href="#sSpan1164" value="ⲉϫⲱⲥ"/>
		<feat xlink:href="#sSpan1167" value="ϣⲁⲥⲣϫⲁⲓⲉ"/>
		<feat xlink:href="#sSpan1171" value="."/>
		<feat xlink:href="#sSpan1173" value="ⲁⲩⲱ"/>
		<feat xlink:href="#sSpan1175" value="ⲡⲟⲗⲓⲥ"/>
		<feat xlink:href="#sSpan1178" value="ⲛⲓⲙ"/>
		<feat xlink:href="#sSpan1180" value="ϩⲓⲏⲓ"/>
		<feat xlink:href="#sSpan1184" value="ⲛⲓⲙ"/>
		<feat xlink:href="#sSpan1186" value="ⲉϥϣⲁⲛⲡⲱϣ"/>
		<feat xlink:href="#sSpan1189" value="ⲉϩⲣⲁⲓ"/>
		<feat xlink:href="#sSpan1191" value="ⲉϫⲱϥ"/>
		<feat xlink:href="#sSpan1194" value="ⲙⲉϥⲁϩⲉⲣⲁⲧϥ"/>
		<feat xlink:href="#sSpan1200" value="."/>
		<feat xlink:href="#sSpan1202" value="ⲉϣϫⲉ"/>
		<feat xlink:href="#sSpan1206" value="ⲡⲕⲉⲥⲁⲧⲁⲛⲁⲥ"/>
		<feat xlink:href="#sSpan1210" value="ⲉϥⲛⲟⲩϫⲉ"/>
		<feat xlink:href="#sSpan1215" value="ⲉⲃⲟⲗ"/>
		<feat xlink:href="#sSpan1217" value="ⲙⲡⲥⲁⲧⲁⲛⲁⲥ"/>
		<feat xlink:href="#sSpan1222" value="ⲉⲓⲉ"/>
		<feat xlink:href="#sSpan1224" value="ⲁϥⲡⲱϣ"/>
		<feat xlink:href="#sSpan1228" value="ⲉϩⲣⲁⲓ"/>
		<feat xlink:href="#sSpan1230" value="ⲉϫⲱϥ"/>
		<feat xlink:href="#sSpan1233" value="ⲛⲁϣ"/>
		<feat xlink:href="#sSpan1236" value="ϭⲉ"/>
		<feat xlink:href="#sSpan1238" value="ⲛϩⲉ"/>
		<feat xlink:href="#sSpan1242" value="ⲧⲉϥⲙⲛⲧⲣⲣⲟ"/>
		<feat xlink:href="#sSpan1247" value="ⲛⲁⲁϩⲉⲣⲁⲧⲥ"/>
		<feat xlink:href="#sSpan1252" value="."/>
		<feat xlink:href="#sSpan1254" value="ⲁⲩⲱ"/>
		<feat xlink:href="#sSpan1257" value="ⲉϣϫⲉ"/>
		<feat xlink:href="#sSpan1259" value="ⲁⲛⲟⲕ"/>
		<feat xlink:href="#sSpan1261" value="ⲉⲓⲛⲟⲩϫⲉ"/>
		<feat xlink:href="#sSpan1266" value="ⲉⲃⲟⲗ"/>
		<feat xlink:href="#sSpan1268" value="ⲛⲛⲇⲁⲓⲙⲱⲛⲓⲟⲛ"/>
		<feat xlink:href="#sSpan1273" value="ϩⲛⲃⲉⲉⲗⲍⲉⲃⲟⲩⲗ"/>
		<feat xlink:href="#sSpan1277" value="ⲉⲉⲓⲉⲛⲉⲧⲛϣⲏⲣⲉ"/>
		<feat xlink:href="#sSpan1282" value="ⲉⲩⲛⲟⲩϫⲉ"/>
		<feat xlink:href="#sSpan1287" value="ⲉⲃⲟⲗ"/>
		<feat xlink:href="#sSpan1289" value="ϩⲛⲛⲓⲙ"/>
		<feat xlink:href="#sSpan1292" value="."/>
		<feat xlink:href="#sSpan1295" value="ⲉⲧⲃⲉⲡⲁⲓ"/>
		<feat xlink:href="#sSpan1299" value="ⲥⲉⲛⲁϣⲱⲡⲉ"/>
		<feat xlink:href="#sSpan1303" value="ⲛⲏⲧⲛ"/>
		<feat xlink:href="#sSpan1306" value="ⲛⲣⲉϥϯϩⲁⲡ"/>
		<feat xlink:href="#sSpan1313" value="."/>
		<feat xlink:href="#sSpan1315" value="ⲉϣϫⲉ"/>
		<feat xlink:href="#sSpan1318" value="ⲁⲛⲟⲕ"/>
		<feat xlink:href="#sSpan1320" value="ⲇⲉ"/>
		<feat xlink:href="#sSpan1322" value="ⲉⲓⲛⲟⲩϫⲉ"/>
		<feat xlink:href="#sSpan1327" value="ⲉⲃⲟⲗ"/>
		<feat xlink:href="#sSpan1329" value="ⲛⲛⲇⲁⲓⲙⲱⲛⲓⲟⲛ"/>
		<feat xlink:href="#sSpan1334" value="ϩⲙⲡⲉⲡⲛⲉⲩⲙⲁ"/>
		<feat xlink:href="#sSpan1339" value="ⲙⲡⲛⲟⲩⲧⲉ"/>
		<feat xlink:href="#sSpan1344" value="ⲉⲓⲉ"/>
		<feat xlink:href="#sSpan1346" value="ⲁⲥⲡⲱϩ"/>
		<feat xlink:href="#sSpan1350" value="ⲉϩⲣⲁⲓ"/>
		<feat xlink:href="#sSpan1352" value="ⲉϫⲱⲧⲛ"/>
		<feat xlink:href="#sSpan1355" value="ⲛϭⲓⲧⲙⲛⲧⲣⲣⲟ"/>
		<feat xlink:href="#sSpan1362" value="ⲙⲡⲛⲟⲩⲧⲉ"/>
		<feat xlink:href="#sSpan1367" value="."/>
		<feat xlink:href="#sSpan1369" value="ⲏⲛⲓⲙ"/>
		<feat xlink:href="#sSpan1373" value="ⲡⲉⲧⲉⲟⲩⲛϭⲟⲙ"/>
		<feat xlink:href="#sSpan1379" value="ⲙⲙⲟϥ"/>
		<feat xlink:href="#sSpan1382" value="ⲉⲃⲱⲕ"/>
		<feat xlink:href="#sSpan1386" value="ⲉϩⲟⲩⲛ"/>
		<feat xlink:href="#sSpan1388" value="ⲉⲡⲏⲓ"/>
		<feat xlink:href="#sSpan1393" value="ⲙⲡϫⲱⲱⲣⲉ"/>
		<feat xlink:href="#sSpan1398" value="ⲉⲧⲱⲣⲡ"/>
		<feat xlink:href="#sSpan1401" value="ⲛⲛⲉϥϩⲛⲁⲁⲩ"/>
		<feat xlink:href="#sSpan1406" value="ⲉⲓⲙⲏⲧⲓ"/>
		<feat xlink:href="#sSpan1409" value="ⲛϣⲟⲣⲡ"/>
		<feat xlink:href="#sSpan1412" value="ⲛϥⲙⲟⲩⲣ"/>
		<feat xlink:href="#sSpan1416" value="ⲙⲡϫⲱⲱⲣⲉ"/>
		<feat xlink:href="#sSpan1421" value="."/>
		<feat xlink:href="#sSpan1423" value="ⲧⲟⲧⲉ"/>
		<feat xlink:href="#sSpan1425" value="ⲛϥⲧⲱⲣⲡ"/>
		<feat xlink:href="#sSpan1429" value="ⲙⲡⲉϥⲏⲓ"/>
		<feat xlink:href="#sSpan1434" value="."/>
		<feat xlink:href="#sSpan1436" value="ⲡⲉⲧⲉⲛϥϣⲟⲟⲡ"/>
		<feat xlink:href="#sSpan1444" value="ⲛⲙⲙⲁⲓ"/>
		<feat xlink:href="#sSpan1447" value="ⲁⲛ"/>
		<feat xlink:href="#sSpan1449" value="ⲉϥϯ"/>
		<feat xlink:href="#sSpan1454" value="ⲟⲩⲃⲏⲓ"/>
		<feat xlink:href="#sSpan1457" value="."/>
		<feat xlink:href="#sSpan1459" value="ⲁⲩⲱ"/>
		<feat xlink:href="#sSpan1461" value="ⲡⲉⲧⲉⲛϥⲥⲩⲛⲁⲅⲉ"/>
		<feat xlink:href="#sSpan1468" value="ⲛⲙⲙⲁⲓ"/>
		<feat xlink:href="#sSpan1471" value="ⲁⲛ"/>
		<feat xlink:href="#sSpan1473" value="ⲉϥϫⲱⲱⲣⲉ"/>
		<feat xlink:href="#sSpan1478" value="ⲉⲃⲟⲗ"/>
		<feat xlink:href="#sSpan1480" value="."/>
		<feat xlink:href="#sSpan1483" value="ⲉⲧⲃⲉⲡⲁⲓ"/>
		<feat xlink:href="#sSpan1488" value="ϯϫⲱ"/>
		<feat xlink:href="#sSpan1491" value="ⲙⲙⲟⲥ"/>
		<feat xlink:href="#sSpan1494" value="ⲛⲏⲧⲛ"/>
		<feat xlink:href="#sSpan1497" value="ϫⲉⲛⲟⲃⲉ"/>
		<feat xlink:href="#sSpan1501" value="ⲛⲓⲙ"/>
		<feat xlink:href="#sSpan1503" value="ϩⲓⲟⲩⲁ"/>
		<feat xlink:href="#sSpan1507" value="ⲛⲓⲙ"/>
		<feat xlink:href="#sSpan1509" value="ⲥⲉⲛⲁⲕⲁⲁⲩ"/>
		<feat xlink:href="#sSpan1514" value="ⲛⲏⲧⲛ"/>
		<feat xlink:href="#sSpan1517" value="ⲉⲃⲟⲗ"/>
		<feat xlink:href="#sSpan1519" value="ⲛⲣⲱⲙⲉ"/>
		<feat xlink:href="#sSpan1523" value="."/>
		<feat xlink:href="#sSpan1526" value="ⲡϫⲓⲟⲩⲁ"/>
		<feat xlink:href="#sSpan1531" value="ⲇⲉ"/>
		<feat xlink:href="#sSpan1533" value="ⲛⲧⲟϥ"/>
		<feat xlink:href="#sSpan1535" value="ⲉⲡⲉⲡⲛⲉⲩⲙⲁ"/>
		<feat xlink:href="#sSpan1540" value="ⲉⲧⲟⲩⲁⲁⲃ"/>
		<feat xlink:href="#sSpan1543" value="ⲛⲥⲉⲛⲁⲕⲁⲁϥ"/>
		<feat xlink:href="#sSpan1549" value="ⲉⲃⲟⲗ"/>
		<feat xlink:href="#sSpan1551" value="ⲁⲛ"/>
		<feat xlink:href="#sSpan1553" value="."/>
		<feat xlink:href="#sSpan1555" value="ⲁⲩⲱ"/>
		<feat xlink:href="#sSpan1558" value="ⲡⲉⲧⲛⲁϫⲱ"/>
		<feat xlink:href="#sSpan1564" value="ⲛⲟⲩϣⲁϫⲉ"/>
		<feat xlink:href="#sSpan1569" value="ⲉϩⲟⲩⲛ"/>
		<feat xlink:href="#sSpan1571" value="ⲉⲡϣⲏⲣⲉ"/>
		<feat xlink:href="#sSpan1576" value="ⲙⲡⲣⲱⲙⲉ"/>
		<feat xlink:href="#sSpan1580" value="ⲥⲉⲛⲁⲕⲁⲁϥ"/>
		<feat xlink:href="#sSpan1585" value="ⲛⲁϥ"/>
		<feat xlink:href="#sSpan1588" value="ⲉⲃⲟⲗ"/>
		<feat xlink:href="#sSpan1590" value="ⲡⲉⲧⲛⲁϫⲱ"/>
		<feat xlink:href="#sSpan1596" value="ⲇⲉ"/>
		<feat xlink:href="#sSpan1598" value="ⲛⲟⲩϣⲁϫⲉ"/>
		<feat xlink:href="#sSpan1603" value="ⲉϩⲟⲩⲛ"/>
		<feat xlink:href="#sSpan1605" value="ⲉⲡⲉⲡⲛⲉⲩⲙⲁ"/>
		<feat xlink:href="#sSpan1610" value="ⲉⲧⲟⲩⲁⲁⲃ"/>
		<feat xlink:href="#sSpan1613" value="ⲛⲥⲉⲛⲁⲕⲁⲁⲥ"/>
		<feat xlink:href="#sSpan1619" value="ⲛⲁϥ"/>
		<feat xlink:href="#sSpan1622" value="ⲉⲃⲟⲗ"/>
		<feat xlink:href="#sSpan1624" value="ⲁⲛ"/>
		<feat xlink:href="#sSpan1626" value="ⲟⲩⲇⲉ"/>
		<feat xlink:href="#sSpan1628" value="ϩⲙⲡⲉⲓⲁⲓⲱⲛ"/>
		<feat xlink:href="#sSpan1633" value="ⲟⲩⲇⲉ"/>
		<feat xlink:href="#sSpan1635" value="ϩⲙⲡⲉⲧⲛⲏⲩ"/>
		<feat xlink:href="#sSpan1641" value="."/>
		<feat xlink:href="#sSpan1643" value="ⲏⲛⲧⲉⲧⲛ"/>
		<feat xlink:href="#sSpan1647" value="ⲉⲓⲣⲉ"/>
		<feat xlink:href="#sSpan1650" value="ⲙⲡϣⲏⲛ"/>
		<feat xlink:href="#sSpan1655" value="ⲉⲧⲛⲁⲛⲟⲩϥ"/>
		<feat xlink:href="#sSpan1659" value="ⲙⲛⲡⲉϥⲕⲁⲣⲡⲟⲥ"/>
		<feat xlink:href="#sSpan1664" value="ⲉⲧⲛⲁⲛⲟⲩϥ"/>
		<feat xlink:href="#sSpan1668" value="."/>
		<feat xlink:href="#sSpan1670" value="ⲏⲛⲧⲉⲧⲛ"/>
		<feat xlink:href="#sSpan1673" value="ⲉⲓⲣⲉ"/>
		<feat xlink:href="#sSpan1676" value="ⲙⲡϣⲏⲛ"/>
		<feat xlink:href="#sSpan1681" value="ⲉⲧϩⲟⲟⲩ"/>
		<feat xlink:href="#sSpan1684" value="ⲙⲛⲡⲉϥⲕⲁⲣⲡⲟⲥ"/>
		<feat xlink:href="#sSpan1689" value="ⲉⲧϩⲟⲟⲩ"/>
		<feat xlink:href="#sSpan1692" value="."/>
		<feat xlink:href="#sSpan1694" value="ⲉⲃⲟⲗ"/>
		<feat xlink:href="#sSpan1696" value="ⲅⲁⲣ"/>
		<feat xlink:href="#sSpan1698" value="ϩⲙⲡⲕⲁⲣⲡⲟⲥ"/>
		<feat xlink:href="#sSpan1703" value="ⲛϣⲁⲩⲥⲟⲩⲛⲡϣⲏⲛ"/>
		<feat xlink:href="#sSpan1711" value="."/>
		<feat xlink:href="#sSpan1713" value="ⲛⲉϫⲡⲟ"/>
		<feat xlink:href="#sSpan1718" value="ⲛⲛⲉϩⲃⲟⲩⲓ"/>
		<feat xlink:href="#sSpan1722" value="."/>
		<feat xlink:href="#sSpan1724" value="ⲛⲁϣ"/>
		<feat xlink:href="#sSpan1727" value="ⲛϩⲉ"/>
		<feat xlink:href="#sSpan1730" value="ⲟⲩⲛϭⲟⲙ"/>
		<feat xlink:href="#sSpan1733" value="ⲙⲙⲱⲧⲛ"/>
		<feat xlink:href="#sSpan1736" value="ⲉϫⲉⲡⲉⲧⲛⲁⲛⲟⲩϥ"/>
		<feat xlink:href="#sSpan1744" value="ⲛⲧⲉⲧⲛϩⲉⲛⲥⲁ"/>
		<feat xlink:href="#sSpan1752" value="ⲙⲡⲉⲧϩⲟⲟⲩ"/>
		<feat xlink:href="#sSpan1758" value="."/>
		<feat xlink:href="#sSpan1760" value="ⲉⲃⲟⲗ"/>
		<feat xlink:href="#sSpan1762" value="ⲅⲁⲣ"/>
		<feat xlink:href="#sSpan1764" value="ϩⲙⲡⲉϩⲟⲩⲟ"/>
		<feat xlink:href="#sSpan1768" value="ⲙⲡϩⲏⲧ"/>
		<feat xlink:href="#sSpan1773" value="ⲉⲣⲉⲧⲧⲁⲡⲣⲟ"/>
		<feat xlink:href="#sSpan1778" value="ϣⲁϫⲉ"/>
		<feat xlink:href="#sSpan1780" value="."/>
		<feat xlink:href="#sSpan1782" value="ⲡⲣⲱⲙⲉ"/>
		<feat xlink:href="#sSpan1787" value="ⲛⲁⲅⲁⲑⲟⲥ"/>
		<feat xlink:href="#sSpan1790" value="ⲉⲃⲟⲗ"/>
		<feat xlink:href="#sSpan1793" value="ϩⲙⲡⲉϥⲁϩⲟ"/>
		<feat xlink:href="#sSpan1798" value="ⲉⲧⲛⲁⲛⲟⲩϥ"/>
		<feat xlink:href="#sSpan1802" value="ⲛϣⲁϥⲧⲁⲩⲟ"/>
		<feat xlink:href="#sSpan1808" value="ⲉⲃⲟⲗ"/>
		<feat xlink:href="#sSpan1810" value="ⲙⲡⲡⲉⲧⲛⲁⲛⲟⲩϥ"/>
		<feat xlink:href="#sSpan1819" value="."/>
		<feat xlink:href="#sSpan1821" value="ⲁⲩⲱ"/>
		<feat xlink:href="#sSpan1823" value="ⲡⲣⲱⲙⲉ"/>
		<feat xlink:href="#sSpan1827" value="ⲙⲡⲟⲛⲏⲣⲟⲥ"/>
		<feat xlink:href="#sSpan1830" value="ⲉⲃⲟⲗ"/>
		<feat xlink:href="#sSpan1833" value="ϩⲙⲡⲉϥⲁϩⲟ"/>
		<feat xlink:href="#sSpan1838" value="ⲉⲧϩⲟⲟⲩ"/>
		<feat xlink:href="#sSpan1841" value="ⲛϣⲁϥⲧⲁⲩⲟ"/>
		<feat xlink:href="#sSpan1847" value="ⲉⲃⲟⲗ"/>
		<feat xlink:href="#sSpan1849" value="ⲛⲙⲡⲉⲧϩⲟⲟⲩ"/>
		<feat xlink:href="#sSpan1857" value="."/>
		<feat xlink:href="#sSpan1859" value="ϯϫⲱ"/>
		<feat xlink:href="#sSpan1863" value="ⲙⲙⲟⲥ"/>
		<feat xlink:href="#sSpan1866" value="ⲛⲏⲧⲛ"/>
		<feat xlink:href="#sSpan1869" value="ϫⲉϣⲁϫⲉ"/>
		<feat xlink:href="#sSpan1873" value="ⲛⲓⲙ"/>
		<feat xlink:href="#sSpan1875" value="ⲛⲁⲣⲅⲟⲛ"/>
		<feat xlink:href="#sSpan1879" value="ⲉⲧⲉⲣⲉⲛⲣⲱⲙⲉ"/>
		<feat xlink:href="#sSpan1884" value="ⲛⲁϫⲟⲟⲩ"/>
		<feat xlink:href="#sSpan1888" value="ⲥⲉⲛⲁϯⲗⲟⲅⲟⲥ"/>
		<feat xlink:href="#sSpan1894" value="ϩⲁⲣⲟⲟⲩ"/>
		<feat xlink:href="#sSpan1897" value="ⲙⲡⲉϩⲟⲟⲩ"/>
		<feat xlink:href="#sSpan1902" value="ⲛⲧⲉⲕⲣⲓⲥⲓⲥ"/>
		<feat xlink:href="#sSpan1907" value="."/>
		<feat xlink:href="#sSpan1909" value="ⲉⲃⲟⲗ"/>
		<feat xlink:href="#sSpan1912" value="ⲅⲁⲣ"/>
		<feat xlink:href="#sSpan1914" value="ϩⲛⲛⲉⲕϣⲁϫⲉ"/>
		<feat xlink:href="#sSpan1919" value="ⲉⲩⲛⲁⲧⲙⲁⲓⲟⲕ"/>
		<feat xlink:href="#sSpan1924" value="."/>
		<feat xlink:href="#sSpan1926" value="ⲁⲩⲱ"/>
		<feat xlink:href="#sSpan1928" value="ⲉⲃⲟⲗ"/>
		<feat xlink:href="#sSpan1931" value="ϩⲛⲛⲉⲕϣⲁϫⲉ"/>
		<feat xlink:href="#sSpan1936" value="ⲉⲩⲛⲁⲧϭⲁⲓⲟⲕ"/>
		<feat xlink:href="#sSpan1942" value="."/>
		<feat xlink:href="#sSpan1944" value="ⲧⲟⲧⲉ"/>
		<feat xlink:href="#sSpan1947" value="ⲁⲩⲟⲩⲱϣⲃ"/>
		<feat xlink:href="#sSpan1951" value="ⲛⲁϥ"/>
		<feat xlink:href="#sSpan1954" value="ⲛϭⲓϩⲟⲓⲛⲉ"/>
		<feat xlink:href="#sSpan1958" value="ⲛⲛⲉⲅⲣⲁⲙⲙⲁⲧⲉⲩⲥ"/>
		<feat xlink:href="#sSpan1963" value="ⲙⲛⲛⲉⲫⲁⲣⲓⲥⲥⲁⲓⲟⲥ"/>
		<feat xlink:href="#sSpan1968" value="ⲉⲩϫⲱ"/>
		<feat xlink:href="#sSpan1972" value="ⲙⲙⲟⲥ"/>
		<feat xlink:href="#sSpan1975" value="ϫⲉⲡⲥⲁϩ"/>
		<feat xlink:href="#sSpan1980" value="ⲧⲛⲟⲩⲱϣ"/>
		<feat xlink:href="#sSpan1983" value="ⲉⲛⲁⲩ"/>
		<feat xlink:href="#sSpan1986" value="ⲉⲩⲙⲁⲉⲓⲛ"/>
		<feat xlink:href="#sSpan1991" value="ⲉⲃⲟⲗ"/>
		<feat xlink:href="#sSpan1994" value="ϩⲓⲧⲟⲟⲧⲕ"/>
		<feat xlink:href="#sSpan1997" value="."/>
		<feat xlink:href="#sSpan1999" value="ⲛⲧⲟϥ"/>
		<feat xlink:href="#sSpan2002" value="ⲇⲉ"/>
		<feat xlink:href="#sSpan2004" value="ⲁϥⲟⲩⲱϣⲃ"/>
		<feat xlink:href="#sSpan2008" value="ⲡⲉϫⲁϥ"/>
		<feat xlink:href="#sSpan2011" value="ⲛⲁⲩ"/>
		<feat xlink:href="#sSpan2014" value="ϫⲉⲧⲅⲉⲛⲉⲁ"/>
		<feat xlink:href="#sSpan2019" value="ⲙⲡⲟⲛⲏⲣⲟⲛ"/>
		<feat xlink:href="#sSpan2022" value="ⲁⲩⲱ"/>
		<feat xlink:href="#sSpan2024" value="ⲛⲛⲟⲉⲓⲕ"/>
		<feat xlink:href="#sSpan2028" value="ⲥϣⲓⲛⲉ"/>
		<feat xlink:href="#sSpan2032" value="ⲛⲥⲁⲟⲩⲙⲁⲉⲓⲛ"/>
		<feat xlink:href="#sSpan2037" value="ⲁⲩⲱ"/>
		<feat xlink:href="#sSpan2039" value="ⲛⲛⲉⲩϯⲙⲁⲉⲓⲛ"/>
		<feat xlink:href="#sSpan2045" value="ⲛⲁⲥ"/>
		<feat xlink:href="#sSpan2048" value="ⲉⲓⲙⲏⲧⲓ"/>
		<feat xlink:href="#sSpan2050" value="ⲡⲙⲁⲉⲓⲛ"/>
		<feat xlink:href="#sSpan2054" value="ⲛⲓⲱⲛⲁⲥ"/>
		<feat xlink:href="#sSpan2058" value="ⲡⲉⲡⲣⲟⲫⲏⲧⲏⲥ"/>
		<feat xlink:href="#sSpan2061" value="."/>
		<feat xlink:href="#sSpan2063" value="ⲛⲧϩⲉ"/>
		<feat xlink:href="#sSpan2068" value="ⲅⲁⲣ"/>
		<feat xlink:href="#sSpan2070" value="ⲉⲛⲉⲣⲉⲓⲱⲛⲁⲥ"/>
		<feat xlink:href="#sSpan2074" value="ϣⲟⲟⲡ"/>
		<feat xlink:href="#sSpan2076" value="ⲛϩⲏⲧϥ"/>
		<feat xlink:href="#sSpan2079" value="ⲙⲡⲕⲏⲧⲟⲥ"/>
		<feat xlink:href="#sSpan2084" value="ⲛϣⲟⲙⲛⲧ"/>
		<feat xlink:href="#sSpan2088" value="ⲛϩⲟⲟⲩ"/>
		<feat xlink:href="#sSpan2091" value="ⲙⲛϣⲟⲙⲧⲉ"/>
		<feat xlink:href="#sSpan2095" value="ⲛⲟⲩϣⲏ"/>
		<feat xlink:href="#sSpan2099" value="."/>
		<feat xlink:href="#sSpan2102" value="ⲧⲁⲓ"/>
		<feat xlink:href="#sSpan2104" value="ⲧⲉ"/>
		<feat xlink:href="#sSpan2106" value="ⲧϩⲉ"/>
		<feat xlink:href="#sSpan2109" value="ⲉⲧⲉⲣⲉⲡϣⲏⲣⲉ"/>
		<feat xlink:href="#sSpan2114" value="ⲙⲡⲣⲱⲙⲉ"/>
		<feat xlink:href="#sSpan2118" value="ⲛⲁϣⲱⲡⲉ"/>
		<feat xlink:href="#sSpan2121" value="ⲙⲙⲟⲥ"/>
		<feat xlink:href="#sSpan2124" value="ϩⲙⲡϩⲏⲧ"/>
		<feat xlink:href="#sSpan2129" value="ⲙⲡⲕⲁϩ"/>
		<feat xlink:href="#sSpan2134" value="ⲛϣⲟⲙⲛⲧ"/>
		<feat xlink:href="#sSpan2138" value="ⲛϩⲟⲟⲩ"/>
		<feat xlink:href="#sSpan2141" value="ⲙⲛϣⲟⲙⲧⲉ"/>
		<feat xlink:href="#sSpan2145" value="ⲛⲟⲩϣⲏ"/>
		<feat xlink:href="#sSpan2149" value="."/>
		<feat xlink:href="#sSpan2151" value="ⲛⲣⲱⲙⲉ"/>
		<feat xlink:href="#sSpan2156" value="ⲛⲛⲓⲛⲉⲩⲏ"/>
		<feat xlink:href="#sSpan2160" value="ⲛⲁⲧⲱⲟⲩⲛ"/>
		<feat xlink:href="#sSpan2163" value="ϩⲛⲧⲉⲕⲣⲓⲥⲓⲥ"/>
		<feat xlink:href="#sSpan2168" value="ⲙⲛⲧⲉⲓⲅⲉⲛⲉⲁ"/>
		<feat xlink:href="#sSpan2173" value="ⲛⲥⲉⲧϭⲁⲓⲟⲥ"/>
		<feat xlink:href="#sSpan2178" value="ϫⲉⲁⲩⲙⲉⲧⲁⲛⲟⲉⲓ"/>
		<feat xlink:href="#sSpan2183" value="ⲉⲡⲧⲁϣⲉⲟⲉⲓϣ"/>
		<feat xlink:href="#sSpan2190" value="ⲛⲓⲱⲛⲁⲥ"/>
		<feat xlink:href="#sSpan2194" value="."/>
		<feat xlink:href="#sSpan2196" value="ⲁⲩⲱ"/>
		<feat xlink:href="#sSpan2198" value="ⲉⲓⲥⲡⲉϩⲟⲩⲟ"/>
		<feat xlink:href="#sSpan2202" value="ⲉⲓⲱⲛⲁⲥ"/>
		<feat xlink:href="#sSpan2209" value="ⲙⲡⲉⲓⲙⲁ"/>
		<feat xlink:href="#sSpan2214" value="."/>
		<feat xlink:href="#sSpan2216" value="ⲧⲣⲧⲣⲱ"/>
		<feat xlink:href="#sSpan2219" value="ⲙⲡⲣⲏⲥ"/>
		<feat xlink:href="#sSpan2224" value="ⲛⲁⲧⲱⲟⲩⲛ"/>
		<feat xlink:href="#sSpan2227" value="ϩⲛⲧⲉⲕⲣⲓⲥⲓⲥ"/>
		<feat xlink:href="#sSpan2232" value="ⲙⲛⲧⲉⲓⲅⲉⲛⲉⲁ"/>
		<feat xlink:href="#sSpan2237" value="ⲛⲥⲧϭⲁⲓⲟⲥ"/>
		<feat xlink:href="#sSpan2242" value="ϫⲉⲁⲥⲉⲓ"/>
		<feat xlink:href="#sSpan2247" value="ϫⲓⲛⲉⲁⲣⲏϫϥ"/>
		<feat xlink:href="#sSpan2252" value="ⲙⲡⲕⲁϩ"/>
		<feat xlink:href="#sSpan2257" value="ⲉⲥⲱⲧⲙ"/>
		<feat xlink:href="#sSpan2260" value="ⲉⲧⲥⲟⲫⲓⲁ"/>
		<feat xlink:href="#sSpan2265" value="ⲛⲥⲟⲗⲟⲙⲱⲛ"/>
		<feat xlink:href="#sSpan2269" value="ⲁⲩⲱ"/>
		<feat xlink:href="#sSpan2271" value="ⲉⲓⲥ"/>
		<feat xlink:href="#sSpan2274" value="ϩⲏⲏⲧⲉ"/>
		<feat xlink:href="#sSpan2276" value="ⲉⲓⲥⲡⲉϩⲟⲩⲟ"/>
		<feat xlink:href="#sSpan2280" value="ⲉⲥⲟⲗⲟⲙⲱⲛ"/>
		<feat xlink:href="#sSpan2284" value="ⲙⲡⲉⲓⲙⲁ"/>
		<feat xlink:href="#sSpan2289" value="."/>
		<feat xlink:href="#sSpan2291" value="ϩⲟⲧⲁⲛ"/>
		<feat xlink:href="#sSpan2294" value="ⲇⲉ"/>
		<feat xlink:href="#sSpan2296" value="ⲡⲁⲕⲁⲑⲁⲣⲧⲟⲛ"/>
		<feat xlink:href="#sSpan2300" value="ⲙⲡⲛⲉⲩⲙⲁ"/>
		<feat xlink:href="#sSpan2304" value="ⲉϥϣⲁⲛⲉⲓ"/>
		<feat xlink:href="#sSpan2308" value="ⲉⲃⲟⲗ"/>
		<feat xlink:href="#sSpan2310" value="ϩⲙⲡⲣⲱⲙⲉ"/>
		<feat xlink:href="#sSpan2315" value="."/>
		<feat xlink:href="#sSpan2317" value="ϣⲁϥⲉⲓ"/>
		<feat xlink:href="#sSpan2322" value="ⲉⲃⲟⲗ"/>
		<feat xlink:href="#sSpan2324" value="ϩⲓⲧⲛϩⲉⲛⲙⲁ"/>
		<feat xlink:href="#sSpan2329" value="ⲉⲙⲛⲙⲟⲟⲩ"/>
		<feat xlink:href="#sSpan2334" value="ⲛϩⲏⲧⲟⲩ"/>
		<feat xlink:href="#sSpan2337" value="ⲉϥϣⲓⲛⲉ"/>
		<feat xlink:href="#sSpan2342" value="ⲛⲥⲁⲟⲩⲙⲁ"/>
		<feat xlink:href="#sSpan2347" value="ⲛⲙⲧⲟⲛ"/>
		<feat xlink:href="#sSpan2350" value="."/>
		<feat xlink:href="#sSpan2352" value="ⲁⲩⲱ"/>
		<feat xlink:href="#sSpan2354" value="ⲙⲉϥϩⲉ"/>
		<feat xlink:href="#sSpan2359" value="ⲉⲟⲩⲟⲛ"/>
		<feat xlink:href="#sSpan2363" value="."/>
		<feat xlink:href="#sSpan2365" value="ⲧⲟⲧⲉ"/>
		<feat xlink:href="#sSpan2368" value="ϣⲁϥϫⲟⲟⲥ"/>
		<feat xlink:href="#sSpan2373" value="ϫⲉϯⲛⲁⲕⲧⲟⲓ"/>
		<feat xlink:href="#sSpan2379" value="ⲉⲡⲁⲏⲓ"/>
		<feat xlink:href="#sSpan2384" value="ⲡⲙⲁ"/>
		<feat xlink:href="#sSpan2387" value="ⲛⲧⲁⲓⲉⲓ"/>
		<feat xlink:href="#sSpan2393" value="ⲉⲃⲟⲗ"/>
		<feat xlink:href="#sSpan2395" value="ⲛϩⲏⲧϥ"/>
		<feat xlink:href="#sSpan2398" value="."/>
		<feat xlink:href="#sSpan2400" value="ⲁⲩⲱ"/>
		<feat xlink:href="#sSpan2402" value="ⲉϥϣⲁⲛⲉⲓ"/>
		<feat xlink:href="#sSpan2406" value="ⲛϥϩⲉ"/>
		<feat xlink:href="#sSpan2411" value="ⲉⲣⲟϥ"/>
		<feat xlink:href="#sSpan2414" value="ⲉϥⲥⲁϩⲣ"/>
		<feat xlink:href="#sSpan2418" value="ⲁⲩⲱ"/>
		<feat xlink:href="#sSpan2420" value="ⲉϥⲧⲥⲁⲛⲏⲩⲧ"/>
		<feat xlink:href="#sSpan2424" value="."/>
		<feat xlink:href="#sSpan2426" value="ⲧⲟⲧⲉ"/>
		<feat xlink:href="#sSpan2429" value="ϣⲁϥⲃⲱⲕ"/>
		<feat xlink:href="#sSpan2433" value="ⲛϥϫⲓ"/>
		<feat xlink:href="#sSpan2438" value="ⲛⲙⲙⲁϥ"/>
		<feat xlink:href="#sSpan2441" value="ⲛⲕⲉⲥⲁϣϥ"/>
		<feat xlink:href="#sSpan2446" value="ⲙⲡⲛⲉⲩⲙⲁ"/>
		<feat xlink:href="#sSpan2449" value="ⲉⲩϩⲟⲟⲩ"/>
		<feat xlink:href="#sSpan2453" value="ⲉⲣⲟϥ"/>
		<feat xlink:href="#sSpan2456" value="ⲛⲥⲉⲃⲱⲕ"/>
		<feat xlink:href="#sSpan2461" value="ⲉϩⲟⲩⲛ"/>
		<feat xlink:href="#sSpan2463" value="ⲛⲥⲉⲟⲩⲱϩ"/>
		<feat xlink:href="#sSpan2467" value="ϩⲙⲡⲙⲁ"/>
		<feat xlink:href="#sSpan2472" value="ⲉⲧⲙⲙⲁⲩ"/>
		<feat xlink:href="#sSpan2475" value="ⲛⲧⲉⲧϩⲁⲏ"/>
		<feat xlink:href="#sSpan2480" value="ⲙⲡⲣⲱⲙⲉ"/>
		<feat xlink:href="#sSpan2485" value="ⲉⲧⲙⲙⲁⲩ"/>
		<feat xlink:href="#sSpan2488" value="ϣⲱⲡⲉ"/>
		<feat xlink:href="#sSpan2490" value="ⲉⲥϩⲟⲟⲩ"/>
		<feat xlink:href="#sSpan2494" value="ⲉⲧⲉϥϩⲟⲩⲉⲓⲧⲉ"/>
		<feat xlink:href="#sSpan2500" value="ⲧⲁⲓ"/>
		<feat xlink:href="#sSpan2502" value="ⲧⲉ"/>
		<feat xlink:href="#sSpan2504" value="ⲧϩⲉ"/>
		<feat xlink:href="#sSpan2507" value="ⲉⲧⲛⲁϣⲱⲡⲉ"/>
		<feat xlink:href="#sSpan2511" value="ⲛⲧⲉⲓⲅⲉⲛⲉⲁ"/>
		<feat xlink:href="#sSpan2516" value="ⲙⲡⲟⲛⲏⲣⲟⲛ"/>
		<feat xlink:href="#sSpan2519" value="."/>
		<feat xlink:href="#sSpan2521" value="ⲉⲧⲓ"/>
		<feat xlink:href="#sSpan2524" value="ⲇⲉ"/>
		<feat xlink:href="#sSpan2526" value="ⲉϥϣⲁϫⲉ"/>
		<feat xlink:href="#sSpan2530" value="ⲙⲛⲙⲙⲏⲏϣⲉ"/>
		<feat xlink:href="#sSpan2535" value="ⲉⲓⲥ"/>
		<feat xlink:href="#sSpan2538" value="ϩⲏⲏⲧⲉ"/>
		<feat xlink:href="#sSpan2540" value="ⲉⲓⲥⲧⲉϥⲙⲁⲁⲩ"/>
		<feat xlink:href="#sSpan2545" value="ⲙⲛⲛⲉϥⲥⲛⲏⲩ"/>
		<feat xlink:href="#sSpan2550" value="ⲛⲉⲩⲁϩⲉⲣⲁⲧⲟⲩ"/>
		<feat xlink:href="#sSpan2556" value="ⲡⲉ"/>
		<feat xlink:href="#sSpan2558" value="ϩⲓⲡⲥⲁⲙⲃⲟⲗ"/>
		<feat xlink:href="#sSpan2563" value="ⲉⲩϣⲓⲛⲉ"/>
		<feat xlink:href="#sSpan2568" value="ⲛⲥⲁϣⲁϫⲉ"/>
		<feat xlink:href="#sSpan2571" value="ⲛⲙⲙⲁϥ"/>
		<feat xlink:href="#sSpan2574" value="."/>
		<feat xlink:href="#sSpan2577" value="_warn:empty_norm_"/>
		<feat xlink:href="#sSpan2579" value="ⲛⲧⲟϥ"/>
		<feat xlink:href="#sSpan2582" value="ⲇⲉ"/>
		<feat xlink:href="#sSpan2584" value="ⲁϥⲟⲩⲱϣⲃ"/>
		<feat xlink:href="#sSpan2588" value="ⲡⲉϫⲁϥ"/>
		<feat xlink:href="#sSpan2591" value="ⲙⲡⲉⲧϫⲱ"/>
		<feat xlink:href="#sSpan2597" value="ⲙⲙⲟⲥ"/>
		<feat xlink:href="#sSpan2600" value="ⲛⲁϥ"/>
		<feat xlink:href="#sSpan2603" value="."/>
		<feat xlink:href="#sSpan2605" value="ϫⲉⲛⲓⲙ"/>
		<feat xlink:href="#sSpan2608" value="ⲧⲉ"/>
		<feat xlink:href="#sSpan2611" value="ⲧⲁⲙⲁⲁⲩ"/>
		<feat xlink:href="#sSpan2614" value="ⲁⲩⲱ"/>
		<feat xlink:href="#sSpan2616" value="ⲛⲓⲙ"/>
		<feat xlink:href="#sSpan2618" value="ⲛⲉ"/>
		<feat xlink:href="#sSpan2621" value="ⲛⲁⲥⲛⲏⲩ"/>
		<feat xlink:href="#sSpan2624" value="."/>
		<feat xlink:href="#sSpan2626" value="ⲁϥⲥⲟⲩⲧⲛⲧⲉϥϭⲓϫ"/>
		<feat xlink:href="#sSpan2634" value="ⲉⲃⲟⲗ"/>
		<feat xlink:href="#sSpan2636" value="ⲉϫⲛⲛⲉϥⲙⲁⲑⲏⲧⲏⲥ"/>
		<feat xlink:href="#sSpan2641" value="ⲉϥϫⲱ"/>
		<feat xlink:href="#sSpan2645" value="ⲙⲙⲟⲥ"/>
		<feat xlink:href="#sSpan2648" value="ϫⲉⲉⲓⲥϩⲏⲏⲧⲉ"/>
		<feat xlink:href="#sSpan2653" value="ⲉⲓⲥⲧⲁⲙⲁⲁⲩ"/>
		<feat xlink:href="#sSpan2658" value="ⲁⲩⲱ"/>
		<feat xlink:href="#sSpan2661" value="ⲛⲁⲥⲛⲏⲩ"/>
		<feat xlink:href="#sSpan2664" value="."/>
		<feat xlink:href="#sSpan2666" value="ⲡⲉⲓⲧⲉⲓⲣⲉ"/>
		<feat xlink:href="#sSpan2671" value="ⲅⲁⲣ"/>
		<feat xlink:href="#sSpan2673" value="ⲙⲡⲟⲩⲱϣ"/>
		<feat xlink:href="#sSpan2678" value="ⲙⲡⲁⲉⲓⲱⲧ"/>
		<feat xlink:href="#sSpan2683" value="ⲉⲧϩⲛⲙⲡⲏⲩⲉ"/>
		<feat xlink:href="#sSpan2689" value="ⲡⲁⲓ"/>
		<feat xlink:href="#sSpan2691" value="ⲡⲉ"/>
		<feat xlink:href="#sSpan2694" value="ⲡⲁⲥⲟⲛ"/>
		<feat xlink:href="#sSpan2697" value="ⲁⲩⲱ"/>
		<feat xlink:href="#sSpan2700" value="ⲧⲁⲥⲱⲛⲉ"/>
		<feat xlink:href="#sSpan2703" value="ⲁⲩⲱ"/>
		<feat xlink:href="#sSpan2706" value="ⲧⲁⲙⲁⲁⲩ"/>
		<feat xlink:href="#sSpan2709" value="."/></featList></paula>