<?xml version='1.0' encoding='UTF-8'?><!DOCTYPE paula SYSTEM "paula_feat.dtd">
<paula version="1.1">
	<header paula_id="scriptorium.40_Matthew_12.mark_lang"/>
	<featList xmlns:xlink="http://www.w3.org/1999/xlink" type="lang" xml:base="scriptorium.40_Matthew_12.mark.xml">
		<feat xlink:href="#sSpan19" value="Hebrew"/>
		<feat xlink:href="#sSpan33" value="Hebrew"/>
		<feat xlink:href="#sSpan39" value="Greek"/>
		<feat xlink:href="#sSpan40" value="Greek"/>
		<feat xlink:href="#sSpan49" value="Greek"/>
		<feat xlink:href="#sSpan68" value="Hebrew"/>
		<feat xlink:href="#sSpan69" value="Greek"/>
		<feat xlink:href="#sSpan91" value="Greek"/>
		<feat xlink:href="#sSpan112" value="Hebrew"/>
		<feat xlink:href="#sSpan118" value="Greek"/>
		<feat xlink:href="#sSpan138" value="Hebrew"/>
		<feat xlink:href="#sSpan191" value="Greek"/>
		<feat xlink:href="#sSpan209" value="Greek"/>
		<feat xlink:href="#sSpan219" value="Greek"/>
		<feat xlink:href="#sSpan231" value="Greek"/>
		<feat xlink:href="#sSpan244" value="Greek"/>
		<feat xlink:href="#sSpan254" value="Hebrew"/>
		<feat xlink:href="#sSpan268" value="Hebrew"/>
		<feat xlink:href="#sSpan292" value="Greek"/>
		<feat xlink:href="#sSpan334" value="Greek"/>
		<feat xlink:href="#sSpan352" value="Greek"/>
		<feat xlink:href="#sSpan381" value="Greek"/>
		<feat xlink:href="#sSpan387" value="Hebrew"/>
		<feat xlink:href="#sSpan405" value="Greek"/>
		<feat xlink:href="#sSpan429" value="Greek"/>
		<feat xlink:href="#sSpan471" value="Greek"/>
		<feat xlink:href="#sSpan482" value="Hebrew"/>
		<feat xlink:href="#sSpan496" value="Greek"/>
		<feat xlink:href="#sSpan541" value="Hebrew"/>
		<feat xlink:href="#sSpan547" value="Greek"/>
		<feat xlink:href="#sSpan585" value="Greek"/>
		<feat xlink:href="#sSpan587" value="Greek"/>
		<feat xlink:href="#sSpan593" value="Hebrew"/>
		<feat xlink:href="#sSpan604" value="Greek"/>
		<feat xlink:href="#sSpan627" value="Greek"/>
		<feat xlink:href="#sSpan658" value="Hebrew"/>
		<feat xlink:href="#sSpan659" value="Greek"/>
		<feat xlink:href="#sSpan685" value="Hebrew"/>
		<feat xlink:href="#sSpan689" value="Greek"/>
		<feat xlink:href="#sSpan698" value="Greek"/>
		<feat xlink:href="#sSpan749" value="Greek"/>
		<feat xlink:href="#sSpan783" value="Hebrew"/>
		<feat xlink:href="#sSpan787" value="Greek"/>
		<feat xlink:href="#sSpan824" value="Greek"/>
		<feat xlink:href="#sSpan843" value="Greek"/>
		<feat xlink:href="#sSpan857" value="Greek"/>
		<feat xlink:href="#sSpan862" value="Greek"/>
		<feat xlink:href="#sSpan876" value="Greek"/>
		<feat xlink:href="#sSpan971" value="Greek"/>
		<feat xlink:href="#sSpan972" value="Greek"/>
		<feat xlink:href="#sSpan981" value="Greek"/>
		<feat xlink:href="#sSpan1004" value="Greek"/>
		<feat xlink:href="#sSpan1017" value="Greek"/>
		<feat xlink:href="#sSpan1074" value="Hebrew"/>
		<feat xlink:href="#sSpan1083" value="Greek"/>
		<feat xlink:href="#sSpan1089" value="Hebrew"/>
		<feat xlink:href="#sSpan1103" value="Greek"/>
		<feat xlink:href="#sSpan1111" value="Greek"/>
		<feat xlink:href="#sSpan1118" value="Hebrew"/>
		<feat xlink:href="#sSpan1122" value="Greek"/>
		<feat xlink:href="#sSpan1127" value="Greek"/>
		<feat xlink:href="#sSpan1135" value="Greek"/>
		<feat xlink:href="#sSpan1174" value="Greek"/>
		<feat xlink:href="#sSpan1208" value="Hebrew"/>
		<feat xlink:href="#sSpan1220" value="Hebrew"/>
		<feat xlink:href="#sSpan1271" value="Greek"/>
		<feat xlink:href="#sSpan1274" value="Hebrew"/>
		<feat xlink:href="#sSpan1319" value="Greek"/>
		<feat xlink:href="#sSpan1332" value="Greek"/>
		<feat xlink:href="#sSpan1337" value="Greek"/>
		<feat xlink:href="#sSpan1368" value="Greek"/>
		<feat xlink:href="#sSpan1405" value="Greek"/>
		<feat xlink:href="#sSpan1422" value="Greek"/>
		<feat xlink:href="#sSpan1466" value="Greek"/>
		<feat xlink:href="#sSpan1530" value="Greek"/>
		<feat xlink:href="#sSpan1538" value="Greek"/>
		<feat xlink:href="#sSpan1595" value="Greek"/>
		<feat xlink:href="#sSpan1608" value="Greek"/>
		<feat xlink:href="#sSpan1625" value="Greek"/>
		<feat xlink:href="#sSpan1631" value="Greek"/>
		<feat xlink:href="#sSpan1632" value="Greek"/>
		<feat xlink:href="#sSpan1642" value="Greek"/>
		<feat xlink:href="#sSpan1662" value="Greek"/>
		<feat xlink:href="#sSpan1669" value="Greek"/>
		<feat xlink:href="#sSpan1687" value="Greek"/>
		<feat xlink:href="#sSpan1695" value="Greek"/>
		<feat xlink:href="#sSpan1701" value="Greek"/>
		<feat xlink:href="#sSpan1761" value="Greek"/>
		<feat xlink:href="#sSpan1788" value="Greek"/>
		<feat xlink:href="#sSpan1828" value="Greek"/>
		<feat xlink:href="#sSpan1876" value="Greek"/>
		<feat xlink:href="#sSpan1892" value="Greek"/>
		<feat xlink:href="#sSpan1905" value="Greek"/>
		<feat xlink:href="#sSpan1911" value="Greek"/>
		<feat xlink:href="#sSpan1943" value="Greek"/>
		<feat xlink:href="#sSpan1961" value="Greek"/>
		<feat xlink:href="#sSpan1966" value="Hebrew"/>
		<feat xlink:href="#sSpan2001" value="Greek"/>
		<feat xlink:href="#sSpan2017" value="Greek"/>
		<feat xlink:href="#sSpan2020" value="Greek"/>
		<feat xlink:href="#sSpan2047" value="Greek"/>
		<feat xlink:href="#sSpan2059" value="Greek"/>
		<feat xlink:href="#sSpan2067" value="Greek"/>
		<feat xlink:href="#sSpan2082" value="Greek"/>
		<feat xlink:href="#sSpan2166" value="Greek"/>
		<feat xlink:href="#sSpan2171" value="Greek"/>
		<feat xlink:href="#sSpan2181" value="Greek"/>
		<feat xlink:href="#sSpan2204" value="Greek"/>
		<feat xlink:href="#sSpan2230" value="Greek"/>
		<feat xlink:href="#sSpan2235" value="Greek"/>
		<feat xlink:href="#sSpan2263" value="Greek"/>
		<feat xlink:href="#sSpan2290" value="Greek"/>
		<feat xlink:href="#sSpan2293" value="Greek"/>
		<feat xlink:href="#sSpan2298" value="Greek"/>
		<feat xlink:href="#sSpan2301" value="Greek"/>
		<feat xlink:href="#sSpan2364" value="Greek"/>
		<feat xlink:href="#sSpan2425" value="Greek"/>
		<feat xlink:href="#sSpan2447" value="Greek"/>
		<feat xlink:href="#sSpan2514" value="Greek"/>
		<feat xlink:href="#sSpan2517" value="Greek"/>
		<feat xlink:href="#sSpan2520" value="Greek"/>
		<feat xlink:href="#sSpan2523" value="Greek"/>
		<feat xlink:href="#sSpan2581" value="Greek"/>
		<feat xlink:href="#sSpan2639" value="Greek"/>
		<feat xlink:href="#sSpan2670" value="Greek"/></featList></paula>