<?xml version='1.0' encoding='UTF-8'?><!DOCTYPE paula SYSTEM "paula_feat.dtd">
<paula version="1.1">
	<header paula_id="scriptorium.40_Matthew_12.mark_lemma"/>
	<featList xmlns:xlink="http://www.w3.org/1999/xlink" type="lemma" xml:base="scriptorium.40_Matthew_12.mark.xml">
		<feat xlink:href="#sSpan1" value="ϩⲛ"/>
		<feat xlink:href="#sSpan4" value="ⲡ"/>
		<feat xlink:href="#sSpan6" value="ⲟⲩⲟⲉⲓϣ"/>
		<feat xlink:href="#sSpan7" value="ⲉⲧⲉⲣⲉ"/>
		<feat xlink:href="#sSpan9" value="ⲙⲙⲁⲩ"/>
		<feat xlink:href="#sSpan10" value="ⲁ"/>
		<feat xlink:href="#sSpan12" value="ⲛⲧⲟϥ"/>
		<feat xlink:href="#sSpan13" value="ⲉⲓ"/>
		<feat xlink:href="#sSpan15" value="ⲉⲃⲟⲗ"/>
		<feat xlink:href="#sSpan17" value="ⲛϭⲓ"/>
		<feat xlink:href="#sSpan19" value="ⲓⲏⲥⲟⲩⲥ"/>
		<feat xlink:href="#sSpan21" value="ϩⲓⲧⲛ"/>
		<feat xlink:href="#sSpan23" value="ⲡ"/>
		<feat xlink:href="#sSpan25" value="ⲙⲁ"/>
		<feat xlink:href="#sSpan26" value="ⲉⲧⲉⲣⲉ"/>
		<feat xlink:href="#sSpan28" value="ϫⲏⲩ"/>
		<feat xlink:href="#sSpan29" value="ⲛ"/>
		<feat xlink:href="#sSpan31" value="ⲡ"/>
		<feat xlink:href="#sSpan33" value="ⲥⲁⲃⲃⲁⲧⲟⲛ"/>
		<feat xlink:href="#sSpan34" value="."/>
		<feat xlink:href="#sSpan36" value="ⲡⲉϥ"/>
		<feat xlink:href="#sSpan39" value="ⲙⲁⲑⲏⲧⲏⲥ"/>
		<feat xlink:href="#sSpan40" value="ⲇⲉ"/>
		<feat xlink:href="#sSpan42" value="ⲁ"/>
		<feat xlink:href="#sSpan44" value="ⲛⲧⲟⲟⲩ"/>
		<feat xlink:href="#sSpan45" value="ϩⲕⲟ"/>
		<feat xlink:href="#sSpan46" value="ⲁ"/>
		<feat xlink:href="#sSpan48" value="ⲛⲧⲟⲟⲩ"/>
		<feat xlink:href="#sSpan49" value="ⲁⲣⲭⲉⲓ"/>
		<feat xlink:href="#sSpan50" value="ⲛ"/>
		<feat xlink:href="#sSpan52" value="ⲧⲱⲗⲕ"/>
		<feat xlink:href="#sSpan53" value="ⲛ"/>
		<feat xlink:href="#sSpan55" value="ⲡ"/>
		<feat xlink:href="#sSpan57" value="ϩⲙⲥ"/>
		<feat xlink:href="#sSpan58" value="ⲉⲣⲉ"/>
		<feat xlink:href="#sSpan60" value="ⲛⲧⲟⲟⲩ"/>
		<feat xlink:href="#sSpan61" value="ⲟⲩⲱⲙ"/>
		<feat xlink:href="#sSpan62" value="."/>
		<feat xlink:href="#sSpan64" value="ⲡ"/>
		<feat xlink:href="#sSpan68" value="ⲫⲁⲣⲓⲥⲥⲁⲓⲟⲥ"/>
		<feat xlink:href="#sSpan69" value="ⲇⲉ"/>
		<feat xlink:href="#sSpan71" value="ⲛⲧⲉⲣⲉ"/>
		<feat xlink:href="#sSpan73" value="ⲛⲧⲟⲟⲩ"/>
		<feat xlink:href="#sSpan74" value="ⲛⲁⲩ"/>
		<feat xlink:href="#sSpan75" value="ⲡⲉϫⲉ"/>
		<feat xlink:href="#sSpan77" value="ⲛⲧⲟⲟⲩ"/>
		<feat xlink:href="#sSpan78" value="ⲛⲁ"/>
		<feat xlink:href="#sSpan80" value="ⲛⲧⲟϥ"/>
		<feat xlink:href="#sSpan81" value="."/>
		<feat xlink:href="#sSpan83" value="ϫⲉ"/>
		<feat xlink:href="#sSpan85" value="ⲉⲓⲥ"/>
		<feat xlink:href="#sSpan87" value="ϩⲏⲏⲧⲉ"/>
		<feat xlink:href="#sSpan88" value="ⲡⲉⲕ"/>
		<feat xlink:href="#sSpan91" value="ⲙⲁⲑⲏⲧⲏⲥ"/>
		<feat xlink:href="#sSpan92" value="ⲛⲧⲟⲟⲩ"/>
		<feat xlink:href="#sSpan94" value="ⲉⲓⲣⲉ"/>
		<feat xlink:href="#sSpan96" value="ⲛ"/>
		<feat xlink:href="#sSpan98" value="ⲡ"/>
		<feat xlink:href="#sSpan100" value="ⲉⲧⲉⲣⲉ"/>
		<feat xlink:href="#sSpan102" value="ⲙⲉϣϣⲉ"/>
		<feat xlink:href="#sSpan104" value="ⲉ"/>
		<feat xlink:href="#sSpan106" value="ⲉⲓⲣⲉ"/>
		<feat xlink:href="#sSpan107" value="ⲛⲧⲟϥ"/>
		<feat xlink:href="#sSpan108" value="ϩⲛ"/>
		<feat xlink:href="#sSpan110" value="ⲡ"/>
		<feat xlink:href="#sSpan112" value="ⲥⲁⲃⲃⲁⲧⲟⲛ"/>
		<feat xlink:href="#sSpan113" value="."/>
		<feat xlink:href="#sSpan115" value="ⲛⲧⲟϥ"/>
		<feat xlink:href="#sSpan118" value="ⲇⲉ"/>
		<feat xlink:href="#sSpan120" value="ⲡⲉϫⲉ"/>
		<feat xlink:href="#sSpan122" value="ⲛⲧⲟϥ"/>
		<feat xlink:href="#sSpan123" value="ⲛⲁ"/>
		<feat xlink:href="#sSpan125" value="ⲛⲧⲟⲟⲩ"/>
		<feat xlink:href="#sSpan126" value="."/>
		<feat xlink:href="#sSpan128" value="ϫⲉ"/>
		<feat xlink:href="#sSpan130" value="ⲙⲡⲉ"/>
		<feat xlink:href="#sSpan131" value="ⲁⲛⲟⲛ"/>
		<feat xlink:href="#sSpan132" value="ⲱϣ"/>
		<feat xlink:href="#sSpan133" value="ⲛⲧⲟϥ"/>
		<feat xlink:href="#sSpan134" value="ϫⲉ"/>
		<feat xlink:href="#sSpan136" value="ⲉⲣⲉ"/>
		<feat xlink:href="#sSpan137" value="ⲁ"/>
		<feat xlink:href="#sSpan138" value="ⲇⲁⲩⲉⲓⲇ"/>
		<feat xlink:href="#sSpan140" value="ⲉⲓⲣⲉ"/>
		<feat xlink:href="#sSpan142" value="ⲟⲩ"/>
		<feat xlink:href="#sSpan143" value="ⲛⲧⲉⲣⲉ"/>
		<feat xlink:href="#sSpan145" value="ⲛⲧⲟϥ"/>
		<feat xlink:href="#sSpan146" value="ϩⲕⲟ"/>
		<feat xlink:href="#sSpan147" value="ⲙⲛ"/>
		<feat xlink:href="#sSpan149" value="ⲡ"/>
		<feat xlink:href="#sSpan151" value="ⲉⲧⲉⲣⲉ"/>
		<feat xlink:href="#sSpan152" value="ⲙⲛ"/>
		<feat xlink:href="#sSpan153" value="ⲛⲧⲟϥ"/>
		<feat xlink:href="#sSpan154" value="."/>
		<feat xlink:href="#sSpan156" value="ⲛ"/>
		<feat xlink:href="#sSpan159" value="ⲡ"/>
		<feat xlink:href="#sSpan160" value="ϩⲉ"/>
		<feat xlink:href="#sSpan161" value="ⲉⲧⲉⲣⲉ"/>
		<feat xlink:href="#sSpan163" value="ⲁ"/>
		<feat xlink:href="#sSpan164" value="ⲛⲧⲟϥ"/>
		<feat xlink:href="#sSpan165" value="ⲃⲱⲕ"/>
		<feat xlink:href="#sSpan167" value="ⲉϩⲟⲩⲛ"/>
		<feat xlink:href="#sSpan169" value="ⲉ"/>
		<feat xlink:href="#sSpan171" value="ⲡ"/>
		<feat xlink:href="#sSpan173" value="ⲏⲓ"/>
		<feat xlink:href="#sSpan174" value="ⲛ"/>
		<feat xlink:href="#sSpan176" value="ⲡ"/>
		<feat xlink:href="#sSpan178" value="ⲛⲟⲩⲧⲉ"/>
		<feat xlink:href="#sSpan179" value="ⲁ"/>
		<feat xlink:href="#sSpan181" value="ⲛⲧⲟϥ"/>
		<feat xlink:href="#sSpan182" value="ⲟⲩⲱⲙ"/>
		<feat xlink:href="#sSpan183" value="ⲛ"/>
		<feat xlink:href="#sSpan185" value="ⲛⲟⲉⲓⲕ"/>
		<feat xlink:href="#sSpan187" value="ⲛ"/>
		<feat xlink:href="#sSpan189" value="ⲡ"/>
		<feat xlink:href="#sSpan191" value="ⲡⲣⲟⲑⲉⲥⲓⲥ"/>
		<feat xlink:href="#sSpan192" value="."/>
		<feat xlink:href="#sSpan194" value="ⲡⲁⲓ"/>
		<feat xlink:href="#sSpan197" value="ⲉⲧⲉⲣⲉ"/>
		<feat xlink:href="#sSpan200" value="ⲙⲉϣϣⲉ"/>
		<feat xlink:href="#sSpan202" value="ⲉ"/>
		<feat xlink:href="#sSpan204" value="ⲛⲧⲟϥ"/>
		<feat xlink:href="#sSpan205" value="ⲉ"/>
		<feat xlink:href="#sSpan207" value="ⲟⲩⲱⲙ"/>
		<feat xlink:href="#sSpan208" value="ⲛⲧⲟⲟⲩ"/>
		<feat xlink:href="#sSpan209" value="ⲟⲩⲇⲉ"/>
		<feat xlink:href="#sSpan211" value="ⲡ"/>
		<feat xlink:href="#sSpan214" value="ⲉⲧⲉⲣⲉ"/>
		<feat xlink:href="#sSpan215" value="ⲙⲛ"/>
		<feat xlink:href="#sSpan216" value="ⲛⲧⲟϥ"/>
		<feat xlink:href="#sSpan217" value="."/>
		<feat xlink:href="#sSpan219" value="ⲉⲓⲙⲏⲧⲓ"/>
		<feat xlink:href="#sSpan222" value="ⲡ"/>
		<feat xlink:href="#sSpan225" value="ⲟⲩⲏⲏⲃ"/>
		<feat xlink:href="#sSpan226" value="ⲙⲁⲩⲁⲁ"/>
		<feat xlink:href="#sSpan228" value="ⲛⲧⲟⲟⲩ"/>
		<feat xlink:href="#sSpan229" value="."/>
		<feat xlink:href="#sSpan231" value="ⲏ"/>
		<feat xlink:href="#sSpan234" value="ⲙⲡⲉⲧⲛ"/>
		<feat xlink:href="#sSpan235" value="ⲱϣ"/>
		<feat xlink:href="#sSpan236" value="ⲛⲧⲟϥ"/>
		<feat xlink:href="#sSpan237" value="ϩⲣⲁⲓ"/>
		<feat xlink:href="#sSpan240" value="ϩⲛ"/>
		<feat xlink:href="#sSpan242" value="ⲡ"/>
		<feat xlink:href="#sSpan244" value="ⲛⲟⲙⲟⲥ"/>
		<feat xlink:href="#sSpan245" value="ϫⲉ"/>
		<feat xlink:href="#sSpan247" value="ϩⲣⲟⲟⲩ"/>
		<feat xlink:href="#sSpan249" value="ⲁⲛⲟⲕ"/>
		<feat xlink:href="#sSpan250" value="ϩⲛ"/>
		<feat xlink:href="#sSpan252" value="ⲡ"/>
		<feat xlink:href="#sSpan254" value="ⲥⲁⲃⲃⲁⲧⲟⲛ"/>
		<feat xlink:href="#sSpan255" value="ⲛ"/>
		<feat xlink:href="#sSpan257" value="ⲟⲩⲏⲏⲃ"/>
		<feat xlink:href="#sSpan259" value="ⲃⲱⲗ"/>
		<feat xlink:href="#sSpan262" value="ⲉⲃⲟⲗ"/>
		<feat xlink:href="#sSpan264" value="ⲛ"/>
		<feat xlink:href="#sSpan266" value="ⲡ"/>
		<feat xlink:href="#sSpan268" value="ⲥⲁⲃⲃⲁⲧⲟⲛ"/>
		<feat xlink:href="#sSpan269" value="ϩⲣⲁⲓ"/>
		<feat xlink:href="#sSpan272" value="ϩⲛ"/>
		<feat xlink:href="#sSpan274" value="ⲡ"/>
		<feat xlink:href="#sSpan276" value="ⲣⲡⲉ"/>
		<feat xlink:href="#sSpan277" value="ⲁⲩⲱ"/>
		<feat xlink:href="#sSpan279" value="ⲙⲛ"/>
		<feat xlink:href="#sSpan281" value="ⲛⲟⲃⲉ"/>
		<feat xlink:href="#sSpan283" value="ⲉ"/>
		<feat xlink:href="#sSpan285" value="ⲛⲧⲟϥ"/>
		<feat xlink:href="#sSpan286" value="."/>
		<feat xlink:href="#sSpan288" value="ⲁⲛⲟⲕ"/>
		<feat xlink:href="#sSpan291" value="ϫⲱ"/>
		<feat xlink:href="#sSpan292" value="ⲇⲉ"/>
		<feat xlink:href="#sSpan294" value="ⲛ"/>
		<feat xlink:href="#sSpan296" value="ⲛⲧⲟⲥ"/>
		<feat xlink:href="#sSpan297" value="ⲛⲁ"/>
		<feat xlink:href="#sSpan299" value="ⲛⲧⲱⲧⲛ"/>
		<feat xlink:href="#sSpan300" value="."/>
		<feat xlink:href="#sSpan302" value="ϫⲉ"/>
		<feat xlink:href="#sSpan304" value="ⲡ"/>
		<feat xlink:href="#sSpan306" value="ⲉⲧⲉⲣⲉ"/>
		<feat xlink:href="#sSpan307" value="ⲉⲓⲣⲉ"/>
		<feat xlink:href="#sSpan309" value="ⲛ"/>
		<feat xlink:href="#sSpan311" value="ⲛⲟϭ"/>
		<feat xlink:href="#sSpan313" value="ⲉ"/>
		<feat xlink:href="#sSpan315" value="ⲡ"/>
		<feat xlink:href="#sSpan317" value="ⲣⲡⲉ"/>
		<feat xlink:href="#sSpan318" value="ⲛ"/>
		<feat xlink:href="#sSpan320" value="ⲡⲉⲓ"/>
		<feat xlink:href="#sSpan322" value="ⲙⲁ"/>
		<feat xlink:href="#sSpan323" value="."/>
		<feat xlink:href="#sSpan325" value="ⲉ"/>
		<feat xlink:href="#sSpan328" value="ⲡ"/>
		<feat xlink:href="#sSpan330" value="ⲉⲧⲉⲣⲉ"/>
		<feat xlink:href="#sSpan331" value="ⲁ"/>
		<feat xlink:href="#sSpan332" value="ⲛⲧⲱⲧⲛ"/>
		<feat xlink:href="#sSpan333" value="ⲉⲓⲙⲉ"/>
		<feat xlink:href="#sSpan334" value="ⲇⲉ"/>
		<feat xlink:href="#sSpan336" value="ϫⲉ"/>
		<feat xlink:href="#sSpan338" value="ⲟⲩ"/>
		<feat xlink:href="#sSpan339" value="ⲡⲉ"/>
		<feat xlink:href="#sSpan341" value="ⲉⲣⲉ"/>
		<feat xlink:href="#sSpan343" value="ⲁⲛⲟⲕ"/>
		<feat xlink:href="#sSpan344" value="ⲟⲩⲱϣ"/>
		<feat xlink:href="#sSpan345" value="ⲟⲩ"/>
		<feat xlink:href="#sSpan347" value="ⲛⲁ"/>
		<feat xlink:href="#sSpan348" value="ⲉϩⲟⲩⲉ"/>
		<feat xlink:href="#sSpan350" value="ⲟⲩ"/>
		<feat xlink:href="#sSpan352" value="ⲑⲩⲥⲓⲁ"/>
		<feat xlink:href="#sSpan353" value="."/>
		<feat xlink:href="#sSpan355" value="ⲛ"/>
		<feat xlink:href="#sSpan357" value="ⲉⲧⲉⲧⲛⲁ"/>
		<feat xlink:href="#sSpan358" value="ⲧϭⲁⲉⲓⲟ"/>
		<feat xlink:href="#sSpan359" value="ⲁⲛ"/>
		<feat xlink:href="#sSpan361" value="ⲡⲉ"/>
		<feat xlink:href="#sSpan363" value="ⲛ"/>
		<feat xlink:href="#sSpan365" value="ⲡ"/>
		<feat xlink:href="#sSpan367" value="ⲉⲧⲉⲣⲉ"/>
		<feat xlink:href="#sSpan368" value="ⲙⲛ"/>
		<feat xlink:href="#sSpan369" value="ⲛⲟⲃⲉ"/>
		<feat xlink:href="#sSpan371" value="ⲉ"/>
		<feat xlink:href="#sSpan373" value="ⲛⲧⲟⲟⲩ"/>
		<feat xlink:href="#sSpan374" value="."/>
		<feat xlink:href="#sSpan376" value="ⲡ"/>
		<feat xlink:href="#sSpan380" value="ϫⲟⲉⲓⲥ"/>
		<feat xlink:href="#sSpan381" value="ⲅⲁⲣ"/>
		<feat xlink:href="#sSpan383" value="ⲛ"/>
		<feat xlink:href="#sSpan385" value="ⲡ"/>
		<feat xlink:href="#sSpan387" value="ⲥⲁⲃⲃⲁⲧⲟⲛ"/>
		<feat xlink:href="#sSpan388" value="ⲡⲉ"/>
		<feat xlink:href="#sSpan390" value="ⲡ"/>
		<feat xlink:href="#sSpan393" value="ϣⲏⲣⲉ"/>
		<feat xlink:href="#sSpan394" value="ⲛ"/>
		<feat xlink:href="#sSpan396" value="ⲡ"/>
		<feat xlink:href="#sSpan397" value="ⲣⲱⲙⲉ"/>
		<feat xlink:href="#sSpan398" value="."/>
		<feat xlink:href="#sSpan400" value="ⲁ"/>
		<feat xlink:href="#sSpan403" value="ⲛⲧⲟϥ"/>
		<feat xlink:href="#sSpan404" value="ⲡⲱⲱⲛⲉ"/>
		<feat xlink:href="#sSpan405" value="ⲇⲉ"/>
		<feat xlink:href="#sSpan407" value="ⲉⲃⲟⲗ"/>
		<feat xlink:href="#sSpan410" value="ϩⲛ"/>
		<feat xlink:href="#sSpan412" value="ⲡ"/>
		<feat xlink:href="#sSpan414" value="ⲙⲁ"/>
		<feat xlink:href="#sSpan415" value="ⲉⲧⲉⲣⲉ"/>
		<feat xlink:href="#sSpan417" value="ⲙⲙⲁⲩ"/>
		<feat xlink:href="#sSpan418" value="ⲁ"/>
		<feat xlink:href="#sSpan420" value="ⲛⲧⲟϥ"/>
		<feat xlink:href="#sSpan421" value="ⲉⲓ"/>
		<feat xlink:href="#sSpan423" value="ⲉϩⲣⲁⲓ"/>
		<feat xlink:href="#sSpan425" value="ⲉ"/>
		<feat xlink:href="#sSpan427" value="ⲡⲉⲩ"/>
		<feat xlink:href="#sSpan429" value="ⲥⲩⲛⲁⲅⲱⲅⲏ"/>
		<feat xlink:href="#sSpan430" value="."/>
		<feat xlink:href="#sSpan432" value="ⲁⲩⲱ"/>
		<feat xlink:href="#sSpan435" value="ⲉⲓⲥ"/>
		<feat xlink:href="#sSpan438" value="ϩⲏⲏⲧⲉ"/>
		<feat xlink:href="#sSpan440" value="ⲉⲓⲥ"/>
		<feat xlink:href="#sSpan442" value="ⲟⲩ"/>
		<feat xlink:href="#sSpan444" value="ⲣⲱⲙⲉ"/>
		<feat xlink:href="#sSpan445" value="ⲉⲣⲉ"/>
		<feat xlink:href="#sSpan447" value="ⲡⲉϥ"/>
		<feat xlink:href="#sSpan449" value="ϭⲓϫ"/>
		<feat xlink:href="#sSpan450" value="ϣⲟⲩⲟ"/>
		<feat xlink:href="#sSpan452" value="ⲛⲧⲟⲟⲩ"/>
		<feat xlink:href="#sSpan453" value="ⲁ"/>
		<feat xlink:href="#sSpan455" value="ⲛⲧⲟⲟⲩ"/>
		<feat xlink:href="#sSpan456" value="ϫⲛⲟⲩ"/>
		<feat xlink:href="#sSpan457" value="ⲛⲧⲟϥ"/>
		<feat xlink:href="#sSpan458" value="ⲉⲧⲃⲉ"/>
		<feat xlink:href="#sSpan460" value="ⲛⲧⲟϥ"/>
		<feat xlink:href="#sSpan461" value="ⲉⲣⲉ"/>
		<feat xlink:href="#sSpan463" value="ⲛⲧⲟⲟⲩ"/>
		<feat xlink:href="#sSpan464" value="ϫⲱ"/>
		<feat xlink:href="#sSpan465" value="ⲛ"/>
		<feat xlink:href="#sSpan467" value="ⲛⲧⲟⲥ"/>
		<feat xlink:href="#sSpan468" value="ϫⲉ"/>
		<feat xlink:href="#sSpan470" value="ⲉⲣⲉ_ⲁⲛⲟⲛ"/>
		<feat xlink:href="#sSpan471" value="ⲉⲝⲉⲥⲧⲉⲓ"/>
		<feat xlink:href="#sSpan472" value="ⲉ"/>
		<feat xlink:href="#sSpan474" value="ⲣⲡⲁϩⲣⲉ"/>
		<feat xlink:href="#sSpan475" value="ⲉ"/>
		<feat xlink:href="#sSpan477" value="ⲛⲧⲟϥ"/>
		<feat xlink:href="#sSpan478" value="ϩⲛ"/>
		<feat xlink:href="#sSpan480" value="ⲡ"/>
		<feat xlink:href="#sSpan482" value="ⲥⲁⲃⲃⲁⲧⲟⲛ"/>
		<feat xlink:href="#sSpan483" value="ϫⲉⲕⲁⲁⲥ"/>
		<feat xlink:href="#sSpan485" value="ⲉⲣⲉ_ⲛⲧⲟⲟⲩ"/>
		<feat xlink:href="#sSpan487" value="ⲕⲁⲧⲟⲓⲅⲟⲣⲉⲓ"/>
		<feat xlink:href="#sSpan488" value="ⲛ"/>
		<feat xlink:href="#sSpan490" value="ⲛⲧⲟϥ"/>
		<feat xlink:href="#sSpan491" value="."/>
		<feat xlink:href="#sSpan493" value="ⲛⲧⲟϥ"/>
		<feat xlink:href="#sSpan496" value="ⲇⲉ"/>
		<feat xlink:href="#sSpan498" value="ⲡⲉϫⲉ"/>
		<feat xlink:href="#sSpan500" value="ⲛⲧⲟϥ"/>
		<feat xlink:href="#sSpan501" value="ⲛⲁ"/>
		<feat xlink:href="#sSpan503" value="ⲛⲧⲟⲟⲩ"/>
		<feat xlink:href="#sSpan504" value="ϫⲉ"/>
		<feat xlink:href="#sSpan506" value="ⲛⲓⲙ"/>
		<feat xlink:href="#sSpan507" value="ⲛ"/>
		<feat xlink:href="#sSpan509" value="ⲣⲱⲙⲉ"/>
		<feat xlink:href="#sSpan511" value="ϩⲛ"/>
		<feat xlink:href="#sSpan513" value="ⲛⲧⲱⲧⲛ"/>
		<feat xlink:href="#sSpan514" value="ⲡ"/>
		<feat xlink:href="#sSpan517" value="ⲉⲧⲉⲣⲉ"/>
		<feat xlink:href="#sSpan518" value="ⲛⲁ"/>
		<feat xlink:href="#sSpan519" value="ⲕⲱ"/>
		<feat xlink:href="#sSpan520" value="ⲛⲁ"/>
		<feat xlink:href="#sSpan522" value="ⲛⲧⲟϥ"/>
		<feat xlink:href="#sSpan523" value="ⲛ"/>
		<feat xlink:href="#sSpan525" value="ⲟⲩ"/>
		<feat xlink:href="#sSpan527" value="ⲉⲥⲟⲟⲩ"/>
		<feat xlink:href="#sSpan528" value="ⲛ"/>
		<feat xlink:href="#sSpan530" value="ⲟⲩⲱⲧ"/>
		<feat xlink:href="#sSpan531" value="ⲛⲧⲉ"/>
		<feat xlink:href="#sSpan533" value="ⲡⲁⲓ"/>
		<feat xlink:href="#sSpan535" value="ϩⲉ"/>
		<feat xlink:href="#sSpan537" value="ϩⲛ"/>
		<feat xlink:href="#sSpan539" value="ⲡ"/>
		<feat xlink:href="#sSpan541" value="ⲥⲁⲃⲃⲁⲧⲟⲛ"/>
		<feat xlink:href="#sSpan542" value="ⲉ"/>
		<feat xlink:href="#sSpan544" value="ⲟⲩ"/>
		<feat xlink:href="#sSpan546" value="ϩⲓⲉⲓⲧ"/>
		<feat xlink:href="#sSpan547" value="ⲙⲏ"/>
		<feat xlink:href="#sSpan549" value="ⲛ"/>
		<feat xlink:href="#sSpan551" value="ⲛⲧⲟϥ"/>
		<feat xlink:href="#sSpan552" value="ⲛⲁ"/>
		<feat xlink:href="#sSpan553" value="ⲁⲙⲁϩⲧⲉ"/>
		<feat xlink:href="#sSpan554" value="ⲛ"/>
		<feat xlink:href="#sSpan556" value="ⲛⲧⲟϥ"/>
		<feat xlink:href="#sSpan557" value="ⲁⲛ"/>
		<feat xlink:href="#sSpan559" value="ⲛⲧⲉ"/>
		<feat xlink:href="#sSpan561" value="ⲛⲧⲟϥ"/>
		<feat xlink:href="#sSpan562" value="ⲧⲟⲩⲛⲟⲥ"/>
		<feat xlink:href="#sSpan563" value="ⲛⲧⲟϥ"/>
		<feat xlink:href="#sSpan564" value="."/>
		<feat xlink:href="#sSpan566" value="ⲡ"/>
		<feat xlink:href="#sSpan570" value="ⲣⲱⲙⲉ"/>
		<feat xlink:href="#sSpan571" value="ϭⲉ"/>
		<feat xlink:href="#sSpan573" value="ϣⲓⲃⲉ"/>
		<feat xlink:href="#sSpan575" value="ⲛ"/>
		<feat xlink:href="#sSpan577" value="ⲟⲩⲏⲣ"/>
		<feat xlink:href="#sSpan578" value="ⲉ"/>
		<feat xlink:href="#sSpan580" value="ⲡ"/>
		<feat xlink:href="#sSpan582" value="ⲉⲥⲟⲟⲩ"/>
		<feat xlink:href="#sSpan583" value="."/>
		<feat xlink:href="#sSpan585" value="ϩⲱⲥⲧⲉ"/>
		<feat xlink:href="#sSpan587" value="ⲉⲝⲉⲥⲧⲉⲓ"/>
		<feat xlink:href="#sSpan589" value="ϩⲛ"/>
		<feat xlink:href="#sSpan591" value="ⲡ"/>
		<feat xlink:href="#sSpan593" value="ⲥⲁⲃⲃⲁⲧⲟⲛ"/>
		<feat xlink:href="#sSpan594" value="ⲉ"/>
		<feat xlink:href="#sSpan596" value="ⲉⲓⲣⲉ"/>
		<feat xlink:href="#sSpan597" value="ⲡ"/>
		<feat xlink:href="#sSpan599" value="ⲉⲧⲉⲣⲉ"/>
		<feat xlink:href="#sSpan600" value="ⲛⲁⲛⲟⲩ"/>
		<feat xlink:href="#sSpan601" value="ⲛⲧⲟϥ"/>
		<feat xlink:href="#sSpan602" value="."/>
		<feat xlink:href="#sSpan604" value="ⲧⲟⲧⲉ"/>
		<feat xlink:href="#sSpan607" value="ⲡⲉϫⲉ"/>
		<feat xlink:href="#sSpan609" value="ⲛⲧⲟϥ"/>
		<feat xlink:href="#sSpan610" value="ⲛ"/>
		<feat xlink:href="#sSpan612" value="ⲡ"/>
		<feat xlink:href="#sSpan614" value="ⲣⲱⲙⲉ"/>
		<feat xlink:href="#sSpan615" value="ϫⲉ"/>
		<feat xlink:href="#sSpan617" value="ⲥⲟⲟⲩⲧⲛ"/>
		<feat xlink:href="#sSpan618" value="ⲉⲃⲟⲗ"/>
		<feat xlink:href="#sSpan620" value="ⲛ"/>
		<feat xlink:href="#sSpan622" value="ⲡⲉⲕ"/>
		<feat xlink:href="#sSpan624" value="ϭⲓϫ"/>
		<feat xlink:href="#sSpan625" value="ⲛⲧⲟϥ"/>
		<feat xlink:href="#sSpan627" value="ⲇⲉ"/>
		<feat xlink:href="#sSpan629" value="ⲁ"/>
		<feat xlink:href="#sSpan631" value="ⲛⲧⲟϥ"/>
		<feat xlink:href="#sSpan632" value="ⲥⲟⲟⲩⲧⲛ"/>
		<feat xlink:href="#sSpan633" value="ⲛⲧⲟⲥ"/>
		<feat xlink:href="#sSpan634" value="ⲁ"/>
		<feat xlink:href="#sSpan636" value="ⲛⲧⲟⲥ"/>
		<feat xlink:href="#sSpan637" value="ϣⲱⲡⲉ"/>
		<feat xlink:href="#sSpan638" value="ⲉⲣⲉ"/>
		<feat xlink:href="#sSpan640" value="ⲛⲧⲟⲥ"/>
		<feat xlink:href="#sSpan641" value="ⲟⲩⲱϫⲉ"/>
		<feat xlink:href="#sSpan642" value="ⲛ"/>
		<feat xlink:href="#sSpan644" value="ⲡ"/>
		<feat xlink:href="#sSpan645" value="ϩⲉ"/>
		<feat xlink:href="#sSpan646" value="ⲛ"/>
		<feat xlink:href="#sSpan648" value="ⲡ"/>
		<feat xlink:href="#sSpan650" value="ⲕⲉ"/>
		<feat xlink:href="#sSpan651" value="ⲟⲩⲁ"/>
		<feat xlink:href="#sSpan652" value="."/>
		<feat xlink:href="#sSpan654" value="ⲡ"/>
		<feat xlink:href="#sSpan658" value="ⲫⲁⲣⲓⲥⲥⲁⲓⲟⲥ"/>
		<feat xlink:href="#sSpan659" value="ⲇⲉ"/>
		<feat xlink:href="#sSpan661" value="ⲁ"/>
		<feat xlink:href="#sSpan663" value="ⲛⲧⲟⲟⲩ"/>
		<feat xlink:href="#sSpan664" value="ⲉⲓ"/>
		<feat xlink:href="#sSpan666" value="ⲉⲃⲟⲗ"/>
		<feat xlink:href="#sSpan668" value="ⲁ"/>
		<feat xlink:href="#sSpan670" value="ⲛⲧⲟⲟⲩ"/>
		<feat xlink:href="#sSpan672" value="ϫⲓϣⲟϫⲛⲉ"/>
		<feat xlink:href="#sSpan674" value="ⲉ"/>
		<feat xlink:href="#sSpan676" value="ⲛⲧⲟϥ"/>
		<feat xlink:href="#sSpan677" value="ϫⲉⲕⲁⲁⲥ"/>
		<feat xlink:href="#sSpan679" value="ⲉⲣⲉ_ⲛⲧⲟⲟⲩ"/>
		<feat xlink:href="#sSpan681" value="ⲙⲟⲩⲟⲩⲧ"/>
		<feat xlink:href="#sSpan682" value="ⲛⲧⲟϥ"/>
		<feat xlink:href="#sSpan683" value="."/>
		<feat xlink:href="#sSpan685" value="ⲓⲏⲥⲟⲩⲥ"/>
		<feat xlink:href="#sSpan689" value="ⲇⲉ"/>
		<feat xlink:href="#sSpan691" value="ⲛⲧⲉⲣⲉ"/>
		<feat xlink:href="#sSpan693" value="ⲛⲧⲟϥ"/>
		<feat xlink:href="#sSpan694" value="ⲉⲓⲙⲉ"/>
		<feat xlink:href="#sSpan695" value="ⲁ"/>
		<feat xlink:href="#sSpan697" value="ⲛⲧⲟϥ"/>
		<feat xlink:href="#sSpan698" value="ⲁⲛⲁⲭⲱⲣⲉⲓ"/>
		<feat xlink:href="#sSpan699" value="ⲉⲃⲟⲗ"/>
		<feat xlink:href="#sSpan702" value="ϩⲛ"/>
		<feat xlink:href="#sSpan704" value="ⲡ"/>
		<feat xlink:href="#sSpan706" value="ⲙⲁ"/>
		<feat xlink:href="#sSpan707" value="ⲉⲧⲉⲣⲉ"/>
		<feat xlink:href="#sSpan709" value="ⲙⲙⲁⲩ"/>
		<feat xlink:href="#sSpan710" value="."/>
		<feat xlink:href="#sSpan712" value="ⲁ"/>
		<feat xlink:href="#sSpan714" value="ⲛⲧⲟⲟⲩ"/>
		<feat xlink:href="#sSpan715" value="ⲟⲩⲱϩ"/>
		<feat xlink:href="#sSpan716" value="ⲛⲧⲟⲟⲩ"/>
		<feat xlink:href="#sSpan717" value="ⲛⲥⲁ"/>
		<feat xlink:href="#sSpan719" value="ⲛⲧⲟϥ"/>
		<feat xlink:href="#sSpan720" value="ⲛϭⲓ"/>
		<feat xlink:href="#sSpan722" value="ⲟⲩ"/>
		<feat xlink:href="#sSpan724" value="ⲙⲏⲏϣⲉ"/>
		<feat xlink:href="#sSpan725" value="ⲉⲣⲉ"/>
		<feat xlink:href="#sSpan727" value="ⲛⲁϣⲉ"/>
		<feat xlink:href="#sSpan728" value="ⲛⲧⲟϥ"/>
		<feat xlink:href="#sSpan729" value="."/>
		<feat xlink:href="#sSpan731" value="ⲁⲩⲱ"/>
		<feat xlink:href="#sSpan733" value="ⲁ"/>
		<feat xlink:href="#sSpan735" value="ⲛⲧⲟϥ"/>
		<feat xlink:href="#sSpan736" value="ⲣⲡⲁϩⲣⲉ"/>
		<feat xlink:href="#sSpan737" value="ⲉ"/>
		<feat xlink:href="#sSpan739" value="ⲛⲧⲟⲟⲩ"/>
		<feat xlink:href="#sSpan740" value="ⲧⲏⲣ"/>
		<feat xlink:href="#sSpan742" value="ⲛⲧⲟⲟⲩ"/>
		<feat xlink:href="#sSpan743" value="."/>
		<feat xlink:href="#sSpan745" value="ⲁ"/>
		<feat xlink:href="#sSpan748" value="ⲛⲧⲟϥ"/>
		<feat xlink:href="#sSpan749" value="ⲉⲡⲓⲧⲓⲙⲁ"/>
		<feat xlink:href="#sSpan750" value="ⲛⲁ"/>
		<feat xlink:href="#sSpan752" value="ⲛⲧⲟⲟⲩ"/>
		<feat xlink:href="#sSpan753" value="ϫⲉⲕⲁⲁⲥ"/>
		<feat xlink:href="#sSpan755" value="ⲛⲛⲉ"/>
		<feat xlink:href="#sSpan757" value="ⲛⲧⲟⲟⲩ"/>
		<feat xlink:href="#sSpan758" value="ⲟⲩⲱⲛϩ"/>
		<feat xlink:href="#sSpan759" value="ⲛⲧⲟϥ"/>
		<feat xlink:href="#sSpan760" value="ⲉⲃⲟⲗ"/>
		<feat xlink:href="#sSpan762" value="."/>
		<feat xlink:href="#sSpan764" value="ϫⲉⲕⲁⲁⲥ"/>
		<feat xlink:href="#sSpan767" value="ⲉⲣⲉ_ⲛⲧⲟϥ"/>
		<feat xlink:href="#sSpan769" value="ϫⲱⲕ"/>
		<feat xlink:href="#sSpan770" value="ⲉⲃⲟⲗ"/>
		<feat xlink:href="#sSpan772" value="ⲛϭⲓ"/>
		<feat xlink:href="#sSpan774" value="ⲡ"/>
		<feat xlink:href="#sSpan776" value="ⲉⲧⲉⲣⲉ"/>
		<feat xlink:href="#sSpan777" value="ⲁ"/>
		<feat xlink:href="#sSpan778" value="ⲛⲧⲟⲟⲩ"/>
		<feat xlink:href="#sSpan779" value="ϫⲱ"/>
		<feat xlink:href="#sSpan780" value="ⲛⲧⲟϥ"/>
		<feat xlink:href="#sSpan781" value="ϩⲓⲧⲛ"/>
		<feat xlink:href="#sSpan783" value="ⲏⲥⲁⲓⲁⲥ"/>
		<feat xlink:href="#sSpan785" value="ⲡ"/>
		<feat xlink:href="#sSpan787" value="ⲡⲣⲟⲫⲏⲧⲏⲥ"/>
		<feat xlink:href="#sSpan788" value="ⲉⲣⲉ"/>
		<feat xlink:href="#sSpan790" value="ⲛⲧⲟϥ"/>
		<feat xlink:href="#sSpan791" value="ϫⲱ"/>
		<feat xlink:href="#sSpan792" value="ⲛ"/>
		<feat xlink:href="#sSpan794" value="ⲛⲧⲟⲥ"/>
		<feat xlink:href="#sSpan795" value="."/>
		<feat xlink:href="#sSpan797" value="ϫⲉ"/>
		<feat xlink:href="#sSpan800" value="ⲉⲓⲥ"/>
		<feat xlink:href="#sSpan802" value="ϩⲏⲏⲧⲉ"/>
		<feat xlink:href="#sSpan803" value="ⲉⲓⲥ"/>
		<feat xlink:href="#sSpan805" value="ⲡⲁ"/>
		<feat xlink:href="#sSpan807" value="ϣⲏⲣⲉ"/>
		<feat xlink:href="#sSpan808" value="ⲉⲧⲉⲣⲉ"/>
		<feat xlink:href="#sSpan810" value="ⲁ"/>
		<feat xlink:href="#sSpan811" value="ⲁⲛⲟⲕ"/>
		<feat xlink:href="#sSpan812" value="ⲟⲩⲱϣ"/>
		<feat xlink:href="#sSpan813" value="ⲛⲧⲟϥ"/>
		<feat xlink:href="#sSpan814" value="ⲡⲁ"/>
		<feat xlink:href="#sSpan817" value="ⲙⲉⲣⲓⲧ"/>
		<feat xlink:href="#sSpan818" value="ⲡ"/>
		<feat xlink:href="#sSpan820" value="ⲉⲧⲉⲣⲉ"/>
		<feat xlink:href="#sSpan821" value="ⲁ"/>
		<feat xlink:href="#sSpan822" value="ⲡⲁ"/>
		<feat xlink:href="#sSpan824" value="ⲯⲩⲭⲏ"/>
		<feat xlink:href="#sSpan825" value="ⲟⲩⲱϣ"/>
		<feat xlink:href="#sSpan827" value="ϩⲣⲁⲓ"/>
		<feat xlink:href="#sSpan830" value="ϩⲛ"/>
		<feat xlink:href="#sSpan832" value="ⲛⲧⲟϥ"/>
		<feat xlink:href="#sSpan833" value="."/>
		<feat xlink:href="#sSpan835" value="ⲁⲛⲟⲕ"/>
		<feat xlink:href="#sSpan837" value="ⲛⲁ"/>
		<feat xlink:href="#sSpan838" value="ⲕⲱ"/>
		<feat xlink:href="#sSpan839" value="ⲛ"/>
		<feat xlink:href="#sSpan841" value="ⲡⲁ"/>
		<feat xlink:href="#sSpan843" value="ⲡⲛⲉⲩⲙⲁ"/>
		<feat xlink:href="#sSpan844" value="ⲉϩⲣⲁⲓ"/>
		<feat xlink:href="#sSpan846" value="ⲉϫⲛ"/>
		<feat xlink:href="#sSpan848" value="ⲛⲧⲟϥ"/>
		<feat xlink:href="#sSpan849" value="ⲛⲧⲉ"/>
		<feat xlink:href="#sSpan851" value="ⲛⲧⲟϥ"/>
		<feat xlink:href="#sSpan852" value="ⲕⲱ"/>
		<feat xlink:href="#sSpan853" value="ⲛ"/>
		<feat xlink:href="#sSpan855" value="ⲟⲩ"/>
		<feat xlink:href="#sSpan857" value="ⲕⲣⲓⲥⲓⲥ"/>
		<feat xlink:href="#sSpan858" value="ⲛ"/>
		<feat xlink:href="#sSpan860" value="ⲡ"/>
		<feat xlink:href="#sSpan862" value="ϩⲉⲑⲛⲟⲥ"/>
		<feat xlink:href="#sSpan863" value="."/>
		<feat xlink:href="#sSpan865" value="ⲛⲧⲉ"/>
		<feat xlink:href="#sSpan868" value="ⲛⲧⲟϥ"/>
		<feat xlink:href="#sSpan869" value="ⲛⲁ"/>
		<feat xlink:href="#sSpan870" value="ϯ"/>
		<feat xlink:href="#sSpan871" value="ⲧⲱⲛ"/>
		<feat xlink:href="#sSpan872" value="ⲁⲛ"/>
		<feat xlink:href="#sSpan874" value="."/>
		<feat xlink:href="#sSpan876" value="ⲟⲩⲇⲉ"/>
		<feat xlink:href="#sSpan878" value="ⲛ"/>
		<feat xlink:href="#sSpan880" value="ⲛⲧⲟϥ"/>
		<feat xlink:href="#sSpan881" value="ⲛⲁ"/>
		<feat xlink:href="#sSpan882" value="ⲱϣ"/>
		<feat xlink:href="#sSpan884" value="ⲉⲃⲟⲗ"/>
		<feat xlink:href="#sSpan886" value="ⲁⲛ"/>
		<feat xlink:href="#sSpan888" value="."/>
		<feat xlink:href="#sSpan890" value="ⲙⲛ"/>
		<feat xlink:href="#sSpan892" value="ⲗⲁⲁⲩ"/>
		<feat xlink:href="#sSpan894" value="ⲛⲁ"/>
		<feat xlink:href="#sSpan896" value="ⲥⲱⲧⲙ"/>
		<feat xlink:href="#sSpan897" value="ⲉ"/>
		<feat xlink:href="#sSpan899" value="ⲡⲉϥ"/>
		<feat xlink:href="#sSpan901" value="ⲥⲙⲏ"/>
		<feat xlink:href="#sSpan902" value="ϩⲛ"/>
		<feat xlink:href="#sSpan904" value="ⲡ"/>
		<feat xlink:href="#sSpan906" value="ⲡⲗⲁⲧⲓⲁ"/>
		<feat xlink:href="#sSpan907" value="."/>
		<feat xlink:href="#sSpan909" value="ⲟⲩ"/>
		<feat xlink:href="#sSpan913" value="ⲕⲁϣ"/>
		<feat xlink:href="#sSpan914" value="ⲉⲣⲉ"/>
		<feat xlink:href="#sSpan916" value="ⲛⲧⲟϥ"/>
		<feat xlink:href="#sSpan917" value="ⲟⲩⲟϣϥ"/>
		<feat xlink:href="#sSpan918" value="ⲛ"/>
		<feat xlink:href="#sSpan920" value="ⲛⲧⲟϥ"/>
		<feat xlink:href="#sSpan921" value="ⲛⲁ"/>
		<feat xlink:href="#sSpan922" value="ⲟⲩⲟϭⲡ"/>
		<feat xlink:href="#sSpan923" value="ⲛⲧⲟϥ"/>
		<feat xlink:href="#sSpan924" value="ⲁⲛ"/>
		<feat xlink:href="#sSpan926" value="."/>
		<feat xlink:href="#sSpan928" value="ⲁⲩⲱ"/>
		<feat xlink:href="#sSpan930" value="ⲟⲩ"/>
		<feat xlink:href="#sSpan933" value="ⲥⲟⲗ"/>
		<feat xlink:href="#sSpan934" value="ⲉⲣⲉ"/>
		<feat xlink:href="#sSpan936" value="ⲛⲧⲟϥ"/>
		<feat xlink:href="#sSpan937" value="ϩⲧⲟⲙⲧⲙ"/>
		<feat xlink:href="#sSpan938" value="ⲛ"/>
		<feat xlink:href="#sSpan940" value="ⲛⲧⲟϥ"/>
		<feat xlink:href="#sSpan941" value="ⲛⲁ"/>
		<feat xlink:href="#sSpan942" value="ϫⲉⲛⲁ"/>
		<feat xlink:href="#sSpan943" value="ⲛⲧⲟϥ"/>
		<feat xlink:href="#sSpan944" value="ⲁⲛ"/>
		<feat xlink:href="#sSpan946" value="."/>
		<feat xlink:href="#sSpan948" value="ϣⲁⲛⲧⲉ"/>
		<feat xlink:href="#sSpan950" value="ⲛⲧⲟϥ"/>
		<feat xlink:href="#sSpan951" value="ⲉⲓⲛⲉ"/>
		<feat xlink:href="#sSpan953" value="ⲉⲃⲟⲗ"/>
		<feat xlink:href="#sSpan955" value="ⲛ"/>
		<feat xlink:href="#sSpan957" value="ⲡⲉϥ"/>
		<feat xlink:href="#sSpan959" value="ϩⲁⲡ"/>
		<feat xlink:href="#sSpan960" value="ϩⲛ"/>
		<feat xlink:href="#sSpan962" value="ⲟⲩ"/>
		<feat xlink:href="#sSpan963" value="ⲧⲁϫⲣⲟ"/>
		<feat xlink:href="#sSpan964" value="."/>
		<feat xlink:href="#sSpan966" value="ⲛ"/>
		<feat xlink:href="#sSpan969" value="ⲡⲉⲛ"/>
		<feat xlink:href="#sSpan971" value="ϩⲉⲑⲛⲟⲥ"/>
		<feat xlink:href="#sSpan972" value="ϩⲉⲗⲡⲓⲍⲉ"/>
		<feat xlink:href="#sSpan974" value="ⲉ"/>
		<feat xlink:href="#sSpan976" value="ⲡⲉϥ"/>
		<feat xlink:href="#sSpan978" value="ⲣⲁⲛ"/>
		<feat xlink:href="#sSpan979" value="."/>
		<feat xlink:href="#sSpan981" value="ⲧⲟⲧⲉ"/>
		<feat xlink:href="#sSpan984" value="ⲁ"/>
		<feat xlink:href="#sSpan986" value="ⲛⲧⲟⲟⲩ"/>
		<feat xlink:href="#sSpan987" value="ⲉⲓⲛⲉ"/>
		<feat xlink:href="#sSpan988" value="ⲛⲁ"/>
		<feat xlink:href="#sSpan990" value="ⲛⲧⲟϥ"/>
		<feat xlink:href="#sSpan991" value="ⲛ"/>
		<feat xlink:href="#sSpan993" value="ⲟⲩ"/>
		<feat xlink:href="#sSpan995" value="ⲃⲗⲗⲉ"/>
		<feat xlink:href="#sSpan996" value="ⲛ"/>
		<feat xlink:href="#sSpan998" value="ⲙⲡⲟ"/>
		<feat xlink:href="#sSpan1000" value="ⲉⲣⲉ"/>
		<feat xlink:href="#sSpan1002" value="ⲟⲩ"/>
		<feat xlink:href="#sSpan1004" value="ⲇⲁⲓⲙⲱⲛⲓⲟⲛ"/>
		<feat xlink:href="#sSpan1005" value="ϩⲓ"/>
		<feat xlink:href="#sSpan1007" value="ⲛⲧⲟϥ"/>
		<feat xlink:href="#sSpan1008" value="."/>
		<feat xlink:href="#sSpan1010" value="ⲁ"/>
		<feat xlink:href="#sSpan1012" value="ⲛⲧⲟϥ"/>
		<feat xlink:href="#sSpan1013" value="ⲣⲡⲁϩⲣⲉ"/>
		<feat xlink:href="#sSpan1014" value="ⲉ"/>
		<feat xlink:href="#sSpan1016" value="ⲛⲧⲟϥ"/>
		<feat xlink:href="#sSpan1017" value="ϩⲱⲥⲧⲉ"/>
		<feat xlink:href="#sSpan1019" value="ⲉ"/>
		<feat xlink:href="#sSpan1021" value="ⲧⲣⲉ"/>
		<feat xlink:href="#sSpan1022" value="ⲡ"/>
		<feat xlink:href="#sSpan1024" value="ⲙⲡⲟ"/>
		<feat xlink:href="#sSpan1025" value="ϣⲁϫⲉ"/>
		<feat xlink:href="#sSpan1027" value="ⲛⲧⲉ"/>
		<feat xlink:href="#sSpan1029" value="ⲛⲧⲟϥ"/>
		<feat xlink:href="#sSpan1030" value="ⲛⲁⲩ"/>
		<feat xlink:href="#sSpan1032" value="ⲉⲃⲟⲗ"/>
		<feat xlink:href="#sSpan1034" value="."/>
		<feat xlink:href="#sSpan1036" value="ⲁ"/>
		<feat xlink:href="#sSpan1039" value="ⲛⲧⲟⲟⲩ"/>
		<feat xlink:href="#sSpan1041" value="ⲣϣⲡⲏⲣⲉ"/>
		<feat xlink:href="#sSpan1043" value="ⲛϭⲓ"/>
		<feat xlink:href="#sSpan1045" value="ⲡ"/>
		<feat xlink:href="#sSpan1047" value="ⲙⲏⲏϣⲉ"/>
		<feat xlink:href="#sSpan1048" value="ⲧⲏⲣ"/>
		<feat xlink:href="#sSpan1050" value="ⲛⲧⲟⲟⲩ"/>
		<feat xlink:href="#sSpan1051" value="ⲉⲣⲉ"/>
		<feat xlink:href="#sSpan1053" value="ⲛⲧⲟⲟⲩ"/>
		<feat xlink:href="#sSpan1054" value="ϫⲱ"/>
		<feat xlink:href="#sSpan1055" value="ⲛ"/>
		<feat xlink:href="#sSpan1057" value="ⲛⲧⲟⲥ"/>
		<feat xlink:href="#sSpan1058" value="ϫⲉ"/>
		<feat xlink:href="#sSpan1060" value="ⲙⲏⲧ"/>
		<feat xlink:href="#sSpan1062" value="ⲁⲛⲟⲕ"/>
		<feat xlink:href="#sSpan1063" value="ⲡⲁⲓ"/>
		<feat xlink:href="#sSpan1066" value="ⲡⲉ"/>
		<feat xlink:href="#sSpan1068" value="ⲡ"/>
		<feat xlink:href="#sSpan1071" value="ϣⲏⲣⲉ"/>
		<feat xlink:href="#sSpan1072" value="ⲛ"/>
		<feat xlink:href="#sSpan1074" value="ⲇⲁⲩⲉⲓⲇ"/>
		<feat xlink:href="#sSpan1076" value="."/>
		<feat xlink:href="#sSpan1078" value="ⲛⲧⲉⲣⲉ"/>
		<feat xlink:href="#sSpan1081" value="ⲛⲧⲟⲟⲩ"/>
		<feat xlink:href="#sSpan1082" value="ⲥⲱⲧⲙ"/>
		<feat xlink:href="#sSpan1083" value="ⲇⲉ"/>
		<feat xlink:href="#sSpan1085" value="ⲛϭⲓ"/>
		<feat xlink:href="#sSpan1087" value="ⲡ"/>
		<feat xlink:href="#sSpan1089" value="ⲫⲁⲣⲓⲥⲥⲁⲓⲟⲥ"/>
		<feat xlink:href="#sSpan1090" value="ⲡⲉϫⲉ"/>
		<feat xlink:href="#sSpan1092" value="ⲛⲧⲟⲟⲩ"/>
		<feat xlink:href="#sSpan1093" value="."/>
		<feat xlink:href="#sSpan1095" value="ϫⲉ"/>
		<feat xlink:href="#sSpan1097" value="ⲛⲉⲣⲉ"/>
		<feat xlink:href="#sSpan1098" value="ⲡ"/>
		<feat xlink:href="#sSpan1100" value="ⲁⲓ"/>
		<feat xlink:href="#sSpan1101" value="ⲛⲟⲩϫⲉ"/>
		<feat xlink:href="#sSpan1103" value="ⲇⲁⲓⲙⲱⲛⲓⲟⲛ"/>
		<feat xlink:href="#sSpan1105" value="ⲉⲃⲟⲗ"/>
		<feat xlink:href="#sSpan1107" value="ⲁⲛ"/>
		<feat xlink:href="#sSpan1109" value="."/>
		<feat xlink:href="#sSpan1111" value="ⲉⲓⲙⲏⲧⲓ"/>
		<feat xlink:href="#sSpan1113" value="ϩⲣⲁⲓ"/>
		<feat xlink:href="#sSpan1116" value="ϩⲛ"/>
		<feat xlink:href="#sSpan1118" value="ⲃⲉⲉⲗⲍⲉⲃⲟⲩⲗ"/>
		<feat xlink:href="#sSpan1120" value="ⲡ"/>
		<feat xlink:href="#sSpan1122" value="ⲁⲣⲭⲱⲛ"/>
		<feat xlink:href="#sSpan1123" value="ⲛ"/>
		<feat xlink:href="#sSpan1125" value="ⲡ"/>
		<feat xlink:href="#sSpan1127" value="ⲇⲁⲓⲙⲱⲛⲓⲟⲛ"/>
		<feat xlink:href="#sSpan1128" value="."/>
		<feat xlink:href="#sSpan1130" value="ⲉⲣⲉ"/>
		<feat xlink:href="#sSpan1133" value="ⲛⲧⲟϥ"/>
		<feat xlink:href="#sSpan1134" value="ⲥⲟⲟⲩⲛ"/>
		<feat xlink:href="#sSpan1135" value="ⲇⲉ"/>
		<feat xlink:href="#sSpan1137" value="ⲛ"/>
		<feat xlink:href="#sSpan1139" value="ⲡⲉⲩ"/>
		<feat xlink:href="#sSpan1141" value="ⲙⲉⲉⲩⲉ"/>
		<feat xlink:href="#sSpan1142" value="ⲡⲉϫⲉ"/>
		<feat xlink:href="#sSpan1144" value="ⲛⲧⲟϥ"/>
		<feat xlink:href="#sSpan1145" value="ⲛⲁ"/>
		<feat xlink:href="#sSpan1147" value="ⲛⲧⲟⲟⲩ"/>
		<feat xlink:href="#sSpan1148" value="."/>
		<feat xlink:href="#sSpan1150" value="ϫⲉ"/>
		<feat xlink:href="#sSpan1153" value="ⲙⲛⲧⲣⲣⲟ"/>
		<feat xlink:href="#sSpan1156" value="ⲛⲓⲙ"/>
		<feat xlink:href="#sSpan1158" value="ⲉⲣϣⲁⲛ_ⲛⲧⲟⲥ"/>
		<feat xlink:href="#sSpan1160" value="ⲡⲱϣ"/>
		<feat xlink:href="#sSpan1161" value="ⲉϩⲣⲁⲓ"/>
		<feat xlink:href="#sSpan1163" value="ⲉϫⲛ"/>
		<feat xlink:href="#sSpan1165" value="ⲛⲧⲟⲥ"/>
		<feat xlink:href="#sSpan1166" value="ϣⲁⲣⲉ"/>
		<feat xlink:href="#sSpan1168" value="ⲛⲧⲟⲥ"/>
		<feat xlink:href="#sSpan1169" value="ⲣϫⲁⲉⲓⲉ"/>
		<feat xlink:href="#sSpan1170" value="."/>
		<feat xlink:href="#sSpan1172" value="ⲁⲩⲱ"/>
		<feat xlink:href="#sSpan1174" value="ⲡⲟⲗⲓⲥ"/>
		<feat xlink:href="#sSpan1177" value="ⲛⲓⲙ"/>
		<feat xlink:href="#sSpan1179" value="ϩⲓ"/>
		<feat xlink:href="#sSpan1181" value="ⲏⲓ"/>
		<feat xlink:href="#sSpan1183" value="ⲛⲓⲙ"/>
		<feat xlink:href="#sSpan1185" value="ⲉⲣϣⲁⲛ_ⲛⲧⲟϥ"/>
		<feat xlink:href="#sSpan1187" value="ⲡⲱϣ"/>
		<feat xlink:href="#sSpan1188" value="ⲉϩⲣⲁⲓ"/>
		<feat xlink:href="#sSpan1190" value="ⲉϫⲛ"/>
		<feat xlink:href="#sSpan1192" value="ⲛⲧⲟϥ"/>
		<feat xlink:href="#sSpan1193" value="ⲙⲉⲣⲉ"/>
		<feat xlink:href="#sSpan1195" value="ⲛⲧⲟϥ"/>
		<feat xlink:href="#sSpan1196" value="ⲱϩⲉ"/>
		<feat xlink:href="#sSpan1197" value="ⲣⲁⲧ"/>
		<feat xlink:href="#sSpan1198" value="ⲛⲧⲟϥ"/>
		<feat xlink:href="#sSpan1199" value="."/>
		<feat xlink:href="#sSpan1201" value="ⲉϣϫⲉ"/>
		<feat xlink:href="#sSpan1204" value="ⲡ"/>
		<feat xlink:href="#sSpan1207" value="ⲕⲉ"/>
		<feat xlink:href="#sSpan1208" value="ⲥⲁⲧⲁⲛⲁⲥ"/>
		<feat xlink:href="#sSpan1209" value="ⲉⲣⲉ"/>
		<feat xlink:href="#sSpan1211" value="ⲛⲧⲟϥ"/>
		<feat xlink:href="#sSpan1212" value="ⲛⲟⲩϫⲉ"/>
		<feat xlink:href="#sSpan1214" value="ⲉⲃⲟⲗ"/>
		<feat xlink:href="#sSpan1216" value="ⲛ"/>
		<feat xlink:href="#sSpan1218" value="ⲡ"/>
		<feat xlink:href="#sSpan1220" value="ⲥⲁⲧⲁⲛⲁⲥ"/>
		<feat xlink:href="#sSpan1221" value="ⲉⲓⲉ"/>
		<feat xlink:href="#sSpan1223" value="ⲁ"/>
		<feat xlink:href="#sSpan1225" value="ⲛⲧⲟϥ"/>
		<feat xlink:href="#sSpan1226" value="ⲡⲱϣ"/>
		<feat xlink:href="#sSpan1227" value="ⲉϩⲣⲁⲓ"/>
		<feat xlink:href="#sSpan1229" value="ⲉϫⲛ"/>
		<feat xlink:href="#sSpan1231" value="ⲛⲧⲟϥ"/>
		<feat xlink:href="#sSpan1232" value="ⲛ"/>
		<feat xlink:href="#sSpan1234" value="ⲁϣ"/>
		<feat xlink:href="#sSpan1235" value="ϭⲉ"/>
		<feat xlink:href="#sSpan1237" value="ⲡ"/>
		<feat xlink:href="#sSpan1239" value="ϩⲉ"/>
		<feat xlink:href="#sSpan1240" value="ⲡⲉϥ"/>
		<feat xlink:href="#sSpan1244" value="ⲙⲛⲧⲣⲣⲟ"/>
		<feat xlink:href="#sSpan1246" value="ⲛⲁ"/>
		<feat xlink:href="#sSpan1248" value="ⲱϩⲉ"/>
		<feat xlink:href="#sSpan1249" value="ⲣⲁⲧ"/>
		<feat xlink:href="#sSpan1250" value="ⲛⲧⲟⲥ"/>
		<feat xlink:href="#sSpan1251" value="."/>
		<feat xlink:href="#sSpan1253" value="ⲁⲩⲱ"/>
		<feat xlink:href="#sSpan1256" value="ⲉϣϫⲉ"/>
		<feat xlink:href="#sSpan1258" value="ⲁⲛⲟⲕ"/>
		<feat xlink:href="#sSpan1260" value="ⲉⲣⲉ"/>
		<feat xlink:href="#sSpan1262" value="ⲁⲛⲟⲕ"/>
		<feat xlink:href="#sSpan1263" value="ⲛⲟⲩϫⲉ"/>
		<feat xlink:href="#sSpan1265" value="ⲉⲃⲟⲗ"/>
		<feat xlink:href="#sSpan1267" value="ⲛ"/>
		<feat xlink:href="#sSpan1269" value="ⲡ"/>
		<feat xlink:href="#sSpan1271" value="ⲇⲁⲓⲙⲱⲛⲓⲟⲛ"/>
		<feat xlink:href="#sSpan1272" value="ϩⲛ"/>
		<feat xlink:href="#sSpan1274" value="ⲃⲉⲉⲗⲍⲉⲃⲟⲩⲗ"/>
		<feat xlink:href="#sSpan1276" value="ⲉⲣⲉ"/>
		<feat xlink:href="#sSpan1278" value="ⲉⲓⲉⲛⲉⲧⲛ"/>
		<feat xlink:href="#sSpan1279" value="ϣⲏⲣⲉ"/>
		<feat xlink:href="#sSpan1281" value="ⲉⲣⲉ"/>
		<feat xlink:href="#sSpan1283" value="ⲛⲧⲟⲟⲩ"/>
		<feat xlink:href="#sSpan1284" value="ⲛⲟⲩϫⲉ"/>
		<feat xlink:href="#sSpan1286" value="ⲉⲃⲟⲗ"/>
		<feat xlink:href="#sSpan1288" value="ϩⲛ"/>
		<feat xlink:href="#sSpan1290" value="ⲛⲓⲙ"/>
		<feat xlink:href="#sSpan1291" value="."/>
		<feat xlink:href="#sSpan1293" value="ⲉⲧⲃⲉ"/>
		<feat xlink:href="#sSpan1296" value="ⲡⲁⲓ"/>
		<feat xlink:href="#sSpan1298" value="ⲛⲧⲟⲟⲩ"/>
		<feat xlink:href="#sSpan1300" value="ⲛⲁ"/>
		<feat xlink:href="#sSpan1301" value="ϣⲱⲡⲉ"/>
		<feat xlink:href="#sSpan1302" value="ⲛⲁ"/>
		<feat xlink:href="#sSpan1304" value="ⲛⲧⲱⲧⲛ"/>
		<feat xlink:href="#sSpan1305" value="ⲛ"/>
		<feat xlink:href="#sSpan1308" value="ⲣⲉϥϯϩⲁⲡ"/>
		<feat xlink:href="#sSpan1312" value="."/>
		<feat xlink:href="#sSpan1314" value="ⲉϣϫⲉ"/>
		<feat xlink:href="#sSpan1317" value="ⲁⲛⲟⲕ"/>
		<feat xlink:href="#sSpan1319" value="ⲇⲉ"/>
		<feat xlink:href="#sSpan1321" value="ⲉⲣⲉ"/>
		<feat xlink:href="#sSpan1323" value="ⲁⲛⲟⲕ"/>
		<feat xlink:href="#sSpan1324" value="ⲛⲟⲩϫⲉ"/>
		<feat xlink:href="#sSpan1326" value="ⲉⲃⲟⲗ"/>
		<feat xlink:href="#sSpan1328" value="ⲛ"/>
		<feat xlink:href="#sSpan1330" value="ⲡ"/>
		<feat xlink:href="#sSpan1332" value="ⲇⲁⲓⲙⲱⲛⲓⲟⲛ"/>
		<feat xlink:href="#sSpan1333" value="ϩⲛ"/>
		<feat xlink:href="#sSpan1335" value="ⲡ"/>
		<feat xlink:href="#sSpan1337" value="ⲡⲛⲉⲩⲙⲁ"/>
		<feat xlink:href="#sSpan1338" value="ⲛ"/>
		<feat xlink:href="#sSpan1340" value="ⲡ"/>
		<feat xlink:href="#sSpan1342" value="ⲛⲟⲩⲧⲉ"/>
		<feat xlink:href="#sSpan1343" value="ⲉⲓⲉ"/>
		<feat xlink:href="#sSpan1345" value="ⲁ"/>
		<feat xlink:href="#sSpan1347" value="ⲛⲧⲟⲥ"/>
		<feat xlink:href="#sSpan1348" value="ⲡⲱϩ"/>
		<feat xlink:href="#sSpan1349" value="ⲉϩⲣⲁⲓ"/>
		<feat xlink:href="#sSpan1351" value="ⲉϫⲛ"/>
		<feat xlink:href="#sSpan1353" value="ⲛⲧⲱⲧⲛ"/>
		<feat xlink:href="#sSpan1354" value="ⲛϭⲓ"/>
		<feat xlink:href="#sSpan1356" value="ⲡ"/>
		<feat xlink:href="#sSpan1359" value="ⲙⲛⲧⲣⲣⲟ"/>
		<feat xlink:href="#sSpan1361" value="ⲛ"/>
		<feat xlink:href="#sSpan1363" value="ⲡ"/>
		<feat xlink:href="#sSpan1365" value="ⲛⲟⲩⲧⲉ"/>
		<feat xlink:href="#sSpan1366" value="."/>
		<feat xlink:href="#sSpan1368" value="ⲏ"/>
		<feat xlink:href="#sSpan1371" value="ⲛⲓⲙ"/>
		<feat xlink:href="#sSpan1372" value="ⲡ"/>
		<feat xlink:href="#sSpan1375" value="ⲉⲧⲉⲣⲉ"/>
		<feat xlink:href="#sSpan1376" value="ⲟⲩⲛ"/>
		<feat xlink:href="#sSpan1377" value="ϭⲟⲙ"/>
		<feat xlink:href="#sSpan1378" value="ⲛ"/>
		<feat xlink:href="#sSpan1380" value="ⲛⲧⲟϥ"/>
		<feat xlink:href="#sSpan1381" value="ⲉ"/>
		<feat xlink:href="#sSpan1383" value="ⲃⲱⲕ"/>
		<feat xlink:href="#sSpan1385" value="ⲉϩⲟⲩⲛ"/>
		<feat xlink:href="#sSpan1387" value="ⲉ"/>
		<feat xlink:href="#sSpan1389" value="ⲡ"/>
		<feat xlink:href="#sSpan1391" value="ⲏⲓ"/>
		<feat xlink:href="#sSpan1392" value="ⲛ"/>
		<feat xlink:href="#sSpan1394" value="ⲡ"/>
		<feat xlink:href="#sSpan1396" value="ϫⲱⲱⲣⲉ"/>
		<feat xlink:href="#sSpan1397" value="ⲉ"/>
		<feat xlink:href="#sSpan1399" value="ⲧⲱⲣⲡ"/>
		<feat xlink:href="#sSpan1400" value="ⲛ"/>
		<feat xlink:href="#sSpan1402" value="ⲡⲉϥ"/>
		<feat xlink:href="#sSpan1404" value="ϩⲛⲁⲁⲩ"/>
		<feat xlink:href="#sSpan1405" value="ⲉⲓⲙⲏⲧⲓ"/>
		<feat xlink:href="#sSpan1408" value="ⲛ"/>
		<feat xlink:href="#sSpan1410" value="ϣⲟⲣⲡ"/>
		<feat xlink:href="#sSpan1411" value="ⲛⲧⲉ"/>
		<feat xlink:href="#sSpan1413" value="ⲛⲧⲟϥ"/>
		<feat xlink:href="#sSpan1414" value="ⲙⲟⲩⲣ"/>
		<feat xlink:href="#sSpan1415" value="ⲛ"/>
		<feat xlink:href="#sSpan1417" value="ⲡ"/>
		<feat xlink:href="#sSpan1419" value="ϫⲱⲱⲣⲉ"/>
		<feat xlink:href="#sSpan1420" value="."/>
		<feat xlink:href="#sSpan1422" value="ⲧⲟⲧⲉ"/>
		<feat xlink:href="#sSpan1424" value="ⲛⲧⲉ"/>
		<feat xlink:href="#sSpan1426" value="ⲛⲧⲟϥ"/>
		<feat xlink:href="#sSpan1427" value="ⲧⲱⲣⲡ"/>
		<feat xlink:href="#sSpan1428" value="ⲛ"/>
		<feat xlink:href="#sSpan1430" value="ⲡⲉϥ"/>
		<feat xlink:href="#sSpan1432" value="ⲏⲓ"/>
		<feat xlink:href="#sSpan1433" value="."/>
		<feat xlink:href="#sSpan1435" value="ⲡ"/>
		<feat xlink:href="#sSpan1439" value="ⲉⲧⲉⲣⲉ"/>
		<feat xlink:href="#sSpan1440" value="ⲛ"/>
		<feat xlink:href="#sSpan1441" value="ⲛⲧⲟϥ"/>
		<feat xlink:href="#sSpan1442" value="ϣⲱⲡⲉ"/>
		<feat xlink:href="#sSpan1443" value="ⲙⲛ"/>
		<feat xlink:href="#sSpan1445" value="ⲁⲛⲟⲕ"/>
		<feat xlink:href="#sSpan1446" value="ⲁⲛ"/>
		<feat xlink:href="#sSpan1448" value="ⲉⲣⲉ"/>
		<feat xlink:href="#sSpan1450" value="ⲛⲧⲟϥ"/>
		<feat xlink:href="#sSpan1451" value="ϯ"/>
		<feat xlink:href="#sSpan1453" value="ⲟⲩⲃⲉ"/>
		<feat xlink:href="#sSpan1455" value="ⲁⲛⲟⲕ"/>
		<feat xlink:href="#sSpan1456" value="."/>
		<feat xlink:href="#sSpan1458" value="ⲁⲩⲱ"/>
		<feat xlink:href="#sSpan1460" value="ⲡ"/>
		<feat xlink:href="#sSpan1463" value="ⲉⲧⲉⲣⲉ"/>
		<feat xlink:href="#sSpan1464" value="ⲛ"/>
		<feat xlink:href="#sSpan1465" value="ⲛⲧⲟϥ"/>
		<feat xlink:href="#sSpan1466" value="ⲥⲩⲛⲁⲅⲉ"/>
		<feat xlink:href="#sSpan1467" value="ⲙⲛ"/>
		<feat xlink:href="#sSpan1469" value="ⲁⲛⲟⲕ"/>
		<feat xlink:href="#sSpan1470" value="ⲁⲛ"/>
		<feat xlink:href="#sSpan1472" value="ⲉⲣⲉ"/>
		<feat xlink:href="#sSpan1474" value="ⲛⲧⲟϥ"/>
		<feat xlink:href="#sSpan1475" value="ϫⲱⲱⲣⲉ"/>
		<feat xlink:href="#sSpan1477" value="ⲉⲃⲟⲗ"/>
		<feat xlink:href="#sSpan1479" value="."/>
		<feat xlink:href="#sSpan1481" value="ⲉⲧⲃⲉ"/>
		<feat xlink:href="#sSpan1485" value="ⲡⲁⲓ"/>
		<feat xlink:href="#sSpan1487" value="ⲁⲛⲟⲕ"/>
		<feat xlink:href="#sSpan1489" value="ϫⲱ"/>
		<feat xlink:href="#sSpan1490" value="ⲛ"/>
		<feat xlink:href="#sSpan1492" value="ⲛⲧⲟⲥ"/>
		<feat xlink:href="#sSpan1493" value="ⲛⲁ"/>
		<feat xlink:href="#sSpan1495" value="ⲛⲧⲱⲧⲛ"/>
		<feat xlink:href="#sSpan1496" value="ϫⲉ"/>
		<feat xlink:href="#sSpan1498" value="ⲛⲟⲃⲉ"/>
		<feat xlink:href="#sSpan1500" value="ⲛⲓⲙ"/>
		<feat xlink:href="#sSpan1502" value="ϩⲓ"/>
		<feat xlink:href="#sSpan1504" value="ⲟⲩⲁ"/>
		<feat xlink:href="#sSpan1506" value="ⲛⲓⲙ"/>
		<feat xlink:href="#sSpan1508" value="ⲛⲧⲟⲟⲩ"/>
		<feat xlink:href="#sSpan1510" value="ⲛⲁ"/>
		<feat xlink:href="#sSpan1511" value="ⲕⲱ"/>
		<feat xlink:href="#sSpan1512" value="ⲛⲧⲟⲟⲩ"/>
		<feat xlink:href="#sSpan1513" value="ⲛⲁ"/>
		<feat xlink:href="#sSpan1515" value="ⲛⲧⲱⲧⲛ"/>
		<feat xlink:href="#sSpan1516" value="ⲉⲃⲟⲗ"/>
		<feat xlink:href="#sSpan1518" value="ⲛ"/>
		<feat xlink:href="#sSpan1520" value="ⲣⲱⲙⲉ"/>
		<feat xlink:href="#sSpan1522" value="."/>
		<feat xlink:href="#sSpan1524" value="ⲡ"/>
		<feat xlink:href="#sSpan1528" value="ϫⲓⲟⲩⲁ"/>
		<feat xlink:href="#sSpan1530" value="ⲇⲉ"/>
		<feat xlink:href="#sSpan1532" value="ⲛⲧⲟϥ"/>
		<feat xlink:href="#sSpan1534" value="ⲉ"/>
		<feat xlink:href="#sSpan1536" value="ⲡ"/>
		<feat xlink:href="#sSpan1538" value="ⲡⲛⲉⲩⲙⲁ"/>
		<feat xlink:href="#sSpan1539" value="ⲉⲧⲉⲣⲉ"/>
		<feat xlink:href="#sSpan1541" value="ⲟⲩⲟⲡ"/>
		<feat xlink:href="#sSpan1542" value="ⲛ"/>
		<feat xlink:href="#sSpan1544" value="ⲛⲧⲟⲟⲩ"/>
		<feat xlink:href="#sSpan1545" value="ⲛⲁ"/>
		<feat xlink:href="#sSpan1546" value="ⲕⲱ"/>
		<feat xlink:href="#sSpan1547" value="ⲛⲧⲟϥ"/>
		<feat xlink:href="#sSpan1548" value="ⲉⲃⲟⲗ"/>
		<feat xlink:href="#sSpan1550" value="ⲁⲛ"/>
		<feat xlink:href="#sSpan1552" value="."/>
		<feat xlink:href="#sSpan1554" value="ⲁⲩⲱ"/>
		<feat xlink:href="#sSpan1557" value="ⲡ"/>
		<feat xlink:href="#sSpan1560" value="ⲉⲧⲉⲣⲉ"/>
		<feat xlink:href="#sSpan1561" value="ⲛⲁ"/>
		<feat xlink:href="#sSpan1562" value="ϫⲱ"/>
		<feat xlink:href="#sSpan1563" value="ⲛ"/>
		<feat xlink:href="#sSpan1565" value="ⲟⲩ"/>
		<feat xlink:href="#sSpan1567" value="ϣⲁϫⲉ"/>
		<feat xlink:href="#sSpan1568" value="ⲉϩⲟⲩⲛ"/>
		<feat xlink:href="#sSpan1570" value="ⲉ"/>
		<feat xlink:href="#sSpan1572" value="ⲡ"/>
		<feat xlink:href="#sSpan1574" value="ϣⲏⲣⲉ"/>
		<feat xlink:href="#sSpan1575" value="ⲛ"/>
		<feat xlink:href="#sSpan1577" value="ⲡ"/>
		<feat xlink:href="#sSpan1578" value="ⲣⲱⲙⲉ"/>
		<feat xlink:href="#sSpan1579" value="ⲛⲧⲟⲟⲩ"/>
		<feat xlink:href="#sSpan1581" value="ⲛⲁ"/>
		<feat xlink:href="#sSpan1582" value="ⲕⲱ"/>
		<feat xlink:href="#sSpan1583" value="ⲛⲧⲟϥ"/>
		<feat xlink:href="#sSpan1584" value="ⲛⲁ"/>
		<feat xlink:href="#sSpan1586" value="ⲛⲧⲟϥ"/>
		<feat xlink:href="#sSpan1587" value="ⲉⲃⲟⲗ"/>
		<feat xlink:href="#sSpan1589" value="ⲡ"/>
		<feat xlink:href="#sSpan1592" value="ⲉⲧⲉⲣⲉ"/>
		<feat xlink:href="#sSpan1593" value="ⲛⲁ"/>
		<feat xlink:href="#sSpan1594" value="ϫⲱ"/>
		<feat xlink:href="#sSpan1595" value="ⲇⲉ"/>
		<feat xlink:href="#sSpan1597" value="ⲛ"/>
		<feat xlink:href="#sSpan1599" value="ⲟⲩ"/>
		<feat xlink:href="#sSpan1601" value="ϣⲁϫⲉ"/>
		<feat xlink:href="#sSpan1602" value="ⲉϩⲟⲩⲛ"/>
		<feat xlink:href="#sSpan1604" value="ⲉ"/>
		<feat xlink:href="#sSpan1606" value="ⲡ"/>
		<feat xlink:href="#sSpan1608" value="ⲡⲛⲉⲩⲙⲁ"/>
		<feat xlink:href="#sSpan1609" value="ⲉⲧⲉⲣⲉ"/>
		<feat xlink:href="#sSpan1611" value="ⲟⲩⲟⲡ"/>
		<feat xlink:href="#sSpan1612" value="ⲛ"/>
		<feat xlink:href="#sSpan1614" value="ⲛⲧⲟⲟⲩ"/>
		<feat xlink:href="#sSpan1615" value="ⲛⲁ"/>
		<feat xlink:href="#sSpan1616" value="ⲕⲱ"/>
		<feat xlink:href="#sSpan1617" value="ⲛⲧⲟⲥ"/>
		<feat xlink:href="#sSpan1618" value="ⲛⲁ"/>
		<feat xlink:href="#sSpan1620" value="ⲛⲧⲟϥ"/>
		<feat xlink:href="#sSpan1621" value="ⲉⲃⲟⲗ"/>
		<feat xlink:href="#sSpan1623" value="ⲁⲛ"/>
		<feat xlink:href="#sSpan1625" value="ⲟⲩⲇⲉ"/>
		<feat xlink:href="#sSpan1627" value="ϩⲛ"/>
		<feat xlink:href="#sSpan1629" value="ⲡⲉⲓ"/>
		<feat xlink:href="#sSpan1631" value="ⲁⲓⲱⲛ"/>
		<feat xlink:href="#sSpan1632" value="ⲟⲩⲇⲉ"/>
		<feat xlink:href="#sSpan1634" value="ϩⲛ"/>
		<feat xlink:href="#sSpan1636" value="ⲡ"/>
		<feat xlink:href="#sSpan1638" value="ⲉⲧⲉⲣⲉ"/>
		<feat xlink:href="#sSpan1639" value="ⲉⲓ"/>
		<feat xlink:href="#sSpan1640" value="."/>
		<feat xlink:href="#sSpan1642" value="ⲏ"/>
		<feat xlink:href="#sSpan1645" value="ⲛⲧⲱⲧⲛ"/>
		<feat xlink:href="#sSpan1646" value="ⲉⲓⲣⲉ"/>
		<feat xlink:href="#sSpan1649" value="ⲛ"/>
		<feat xlink:href="#sSpan1651" value="ⲡ"/>
		<feat xlink:href="#sSpan1653" value="ϣⲏⲛ"/>
		<feat xlink:href="#sSpan1654" value="ⲉⲧⲉⲣⲉ"/>
		<feat xlink:href="#sSpan1656" value="ⲛⲁⲛⲟⲩ"/>
		<feat xlink:href="#sSpan1657" value="ⲛⲧⲟϥ"/>
		<feat xlink:href="#sSpan1658" value="ⲙⲛ"/>
		<feat xlink:href="#sSpan1660" value="ⲡⲉϥ"/>
		<feat xlink:href="#sSpan1662" value="ⲕⲁⲣⲡⲟⲥ"/>
		<feat xlink:href="#sSpan1663" value="ⲉⲧⲉⲣⲉ"/>
		<feat xlink:href="#sSpan1665" value="ⲛⲁⲛⲟⲩ"/>
		<feat xlink:href="#sSpan1666" value="ⲛⲧⲟϥ"/>
		<feat xlink:href="#sSpan1667" value="."/>
		<feat xlink:href="#sSpan1669" value="ⲏ"/>
		<feat xlink:href="#sSpan1671" value="ⲛⲧⲱⲧⲛ"/>
		<feat xlink:href="#sSpan1672" value="ⲉⲓⲣⲉ"/>
		<feat xlink:href="#sSpan1675" value="ⲛ"/>
		<feat xlink:href="#sSpan1677" value="ⲡ"/>
		<feat xlink:href="#sSpan1679" value="ϣⲏⲛ"/>
		<feat xlink:href="#sSpan1680" value="ⲉⲧⲉⲣⲉ"/>
		<feat xlink:href="#sSpan1682" value="ϩⲟⲟⲩ"/>
		<feat xlink:href="#sSpan1683" value="ⲙⲛ"/>
		<feat xlink:href="#sSpan1685" value="ⲡⲉϥ"/>
		<feat xlink:href="#sSpan1687" value="ⲕⲁⲣⲡⲟⲥ"/>
		<feat xlink:href="#sSpan1688" value="ⲉⲧⲉⲣⲉ"/>
		<feat xlink:href="#sSpan1690" value="ϩⲟⲟⲩ"/>
		<feat xlink:href="#sSpan1691" value="."/>
		<feat xlink:href="#sSpan1693" value="ⲉⲃⲟⲗ"/>
		<feat xlink:href="#sSpan1695" value="ⲅⲁⲣ"/>
		<feat xlink:href="#sSpan1697" value="ϩⲛ"/>
		<feat xlink:href="#sSpan1699" value="ⲡ"/>
		<feat xlink:href="#sSpan1701" value="ⲕⲁⲣⲡⲟⲥ"/>
		<feat xlink:href="#sSpan1702" value="ⲛ"/>
		<feat xlink:href="#sSpan1704" value="ϣⲁⲩ"/>
		<feat xlink:href="#sSpan1706" value="ⲥⲟⲟⲩⲛ"/>
		<feat xlink:href="#sSpan1707" value="ⲡ"/>
		<feat xlink:href="#sSpan1709" value="ϣⲏⲛ"/>
		<feat xlink:href="#sSpan1710" value="."/>
		<feat xlink:href="#sSpan1712" value="ⲡ"/>
		<feat xlink:href="#sSpan1716" value="ϫⲡⲟ"/>
		<feat xlink:href="#sSpan1717" value="ⲛ"/>
		<feat xlink:href="#sSpan1719" value="ⲛⲉϩⲃⲟⲩⲓ"/>
		<feat xlink:href="#sSpan1721" value="."/>
		<feat xlink:href="#sSpan1723" value="ⲛ"/>
		<feat xlink:href="#sSpan1725" value="ⲁϣ"/>
		<feat xlink:href="#sSpan1726" value="ⲛ"/>
		<feat xlink:href="#sSpan1728" value="ϩⲉ"/>
		<feat xlink:href="#sSpan1729" value="ⲟⲩⲛ"/>
		<feat xlink:href="#sSpan1731" value="ϭⲟⲙ"/>
		<feat xlink:href="#sSpan1732" value="ⲛ"/>
		<feat xlink:href="#sSpan1734" value="ⲛⲧⲱⲧⲛ"/>
		<feat xlink:href="#sSpan1735" value="ⲉ"/>
		<feat xlink:href="#sSpan1737" value="ϫⲉ"/>
		<feat xlink:href="#sSpan1738" value="ⲡ"/>
		<feat xlink:href="#sSpan1740" value="ⲉⲧⲉⲣⲉ"/>
		<feat xlink:href="#sSpan1741" value="ⲛⲁⲛⲟⲩ"/>
		<feat xlink:href="#sSpan1742" value="ⲛⲧⲟϥ"/>
		<feat xlink:href="#sSpan1743" value="ⲛ"/>
		<feat xlink:href="#sSpan1745" value="ⲡⲉⲧⲛ"/>
		<feat xlink:href="#sSpan1746" value="ϩⲉ"/>
		<feat xlink:href="#sSpan1747" value="ⲛ"/>
		<feat xlink:href="#sSpan1748" value="ⲥⲁ"/>
		<feat xlink:href="#sSpan1751" value="ⲛ"/>
		<feat xlink:href="#sSpan1753" value="ⲡ"/>
		<feat xlink:href="#sSpan1755" value="ⲉⲧⲉⲣⲉ"/>
		<feat xlink:href="#sSpan1756" value="ϩⲟⲟⲩ"/>
		<feat xlink:href="#sSpan1757" value="."/>
		<feat xlink:href="#sSpan1759" value="ⲉⲃⲟⲗ"/>
		<feat xlink:href="#sSpan1761" value="ⲅⲁⲣ"/>
		<feat xlink:href="#sSpan1763" value="ϩⲛ"/>
		<feat xlink:href="#sSpan1765" value="ⲡ"/>
		<feat xlink:href="#sSpan1766" value="ϩⲟⲩⲟ"/>
		<feat xlink:href="#sSpan1767" value="ⲛ"/>
		<feat xlink:href="#sSpan1769" value="ⲡ"/>
		<feat xlink:href="#sSpan1771" value="ϩⲏⲧ"/>
		<feat xlink:href="#sSpan1772" value="ⲉⲣⲉ"/>
		<feat xlink:href="#sSpan1774" value="ⲡ"/>
		<feat xlink:href="#sSpan1776" value="ⲧⲁⲡⲣⲟ"/>
		<feat xlink:href="#sSpan1777" value="ϣⲁϫⲉ"/>
		<feat xlink:href="#sSpan1779" value="."/>
		<feat xlink:href="#sSpan1781" value="ⲡ"/>
		<feat xlink:href="#sSpan1785" value="ⲣⲱⲙⲉ"/>
		<feat xlink:href="#sSpan1786" value="ⲛ"/>
		<feat xlink:href="#sSpan1788" value="ⲁⲅⲁⲑⲟⲥ"/>
		<feat xlink:href="#sSpan1789" value="ⲉⲃⲟⲗ"/>
		<feat xlink:href="#sSpan1792" value="ϩⲛ"/>
		<feat xlink:href="#sSpan1794" value="ⲡⲉϥ"/>
		<feat xlink:href="#sSpan1796" value="ⲁϩⲟ"/>
		<feat xlink:href="#sSpan1797" value="ⲉⲧⲉⲣⲉ"/>
		<feat xlink:href="#sSpan1799" value="ⲛⲁⲛⲟⲩ"/>
		<feat xlink:href="#sSpan1800" value="ⲛⲧⲟϥ"/>
		<feat xlink:href="#sSpan1801" value="ⲛ"/>
		<feat xlink:href="#sSpan1803" value="ϣⲁⲣⲉ"/>
		<feat xlink:href="#sSpan1804" value="ⲛⲧⲟϥ"/>
		<feat xlink:href="#sSpan1805" value="ⲧⲁⲟⲩⲟ"/>
		<feat xlink:href="#sSpan1807" value="ⲉⲃⲟⲗ"/>
		<feat xlink:href="#sSpan1809" value="ⲛ"/>
		<feat xlink:href="#sSpan1811" value="ⲡ"/>
		<feat xlink:href="#sSpan1814" value="ⲡⲉⲧⲛⲁⲛⲟⲩϥ"/>
		<feat xlink:href="#sSpan1818" value="."/>
		<feat xlink:href="#sSpan1820" value="ⲁⲩⲱ"/>
		<feat xlink:href="#sSpan1822" value="ⲡ"/>
		<feat xlink:href="#sSpan1825" value="ⲣⲱⲙⲉ"/>
		<feat xlink:href="#sSpan1826" value="ⲛ"/>
		<feat xlink:href="#sSpan1828" value="ⲡⲟⲛⲏⲣⲟⲥ"/>
		<feat xlink:href="#sSpan1829" value="ⲉⲃⲟⲗ"/>
		<feat xlink:href="#sSpan1832" value="ϩⲛ"/>
		<feat xlink:href="#sSpan1834" value="ⲡⲉϥ"/>
		<feat xlink:href="#sSpan1836" value="ⲁϩⲟ"/>
		<feat xlink:href="#sSpan1837" value="ⲉⲧⲉⲣⲉ"/>
		<feat xlink:href="#sSpan1839" value="ϩⲟⲟⲩ"/>
		<feat xlink:href="#sSpan1840" value="ⲛ"/>
		<feat xlink:href="#sSpan1842" value="ϣⲁⲣⲉ"/>
		<feat xlink:href="#sSpan1843" value="ⲛⲧⲟϥ"/>
		<feat xlink:href="#sSpan1844" value="ⲧⲁⲟⲩⲟ"/>
		<feat xlink:href="#sSpan1846" value="ⲉⲃⲟⲗ"/>
		<feat xlink:href="#sSpan1848" value="ⲛ"/>
		<feat xlink:href="#sSpan1850" value="ⲡ"/>
		<feat xlink:href="#sSpan1853" value="ⲡⲉⲑⲟⲟⲩ"/>
		<feat xlink:href="#sSpan1856" value="."/>
		<feat xlink:href="#sSpan1858" value="ⲁⲛⲟⲕ"/>
		<feat xlink:href="#sSpan1861" value="ϫⲱ"/>
		<feat xlink:href="#sSpan1862" value="ⲛ"/>
		<feat xlink:href="#sSpan1864" value="ⲛⲧⲟⲥ"/>
		<feat xlink:href="#sSpan1865" value="ⲛⲁ"/>
		<feat xlink:href="#sSpan1867" value="ⲛⲧⲱⲧⲛ"/>
		<feat xlink:href="#sSpan1868" value="ϫⲉ"/>
		<feat xlink:href="#sSpan1870" value="ϣⲁϫⲉ"/>
		<feat xlink:href="#sSpan1872" value="ⲛⲓⲙ"/>
		<feat xlink:href="#sSpan1874" value="ⲛ"/>
		<feat xlink:href="#sSpan1876" value="ⲁⲣⲅⲟⲛ"/>
		<feat xlink:href="#sSpan1878" value="ⲉⲧⲉⲣⲉ"/>
		<feat xlink:href="#sSpan1880" value="ⲡ"/>
		<feat xlink:href="#sSpan1882" value="ⲣⲱⲙⲉ"/>
		<feat xlink:href="#sSpan1883" value="ⲛⲁ"/>
		<feat xlink:href="#sSpan1885" value="ϫⲟ"/>
		<feat xlink:href="#sSpan1886" value="ⲛⲧⲟⲟⲩ"/>
		<feat xlink:href="#sSpan1887" value="ⲛⲧⲟⲟⲩ"/>
		<feat xlink:href="#sSpan1889" value="ⲛⲁ"/>
		<feat xlink:href="#sSpan1891" value="ϯⲗⲟⲅⲟⲥ"/>
		<feat xlink:href="#sSpan1893" value="ϩⲁ"/>
		<feat xlink:href="#sSpan1895" value="ⲛⲧⲟⲟⲩ"/>
		<feat xlink:href="#sSpan1896" value="ⲛ"/>
		<feat xlink:href="#sSpan1898" value="ⲡ"/>
		<feat xlink:href="#sSpan1900" value="ϩⲟⲟⲩ"/>
		<feat xlink:href="#sSpan1901" value="ⲛ"/>
		<feat xlink:href="#sSpan1903" value="ⲡ"/>
		<feat xlink:href="#sSpan1905" value="ⲕⲣⲓⲥⲓⲥ"/>
		<feat xlink:href="#sSpan1906" value="."/>
		<feat xlink:href="#sSpan1908" value="ⲉⲃⲟⲗ"/>
		<feat xlink:href="#sSpan1911" value="ⲅⲁⲣ"/>
		<feat xlink:href="#sSpan1913" value="ϩⲛ"/>
		<feat xlink:href="#sSpan1915" value="ⲡⲉⲕ"/>
		<feat xlink:href="#sSpan1917" value="ϣⲁϫⲉ"/>
		<feat xlink:href="#sSpan1918" value="ⲉⲣⲉ"/>
		<feat xlink:href="#sSpan1920" value="ⲛⲧⲟⲟⲩ"/>
		<feat xlink:href="#sSpan1921" value="ⲛⲁ"/>
		<feat xlink:href="#sSpan1922" value="ⲧⲙⲁⲉⲓⲟ"/>
		<feat xlink:href="#sSpan1923" value="."/>
		<feat xlink:href="#sSpan1925" value="ⲁⲩⲱ"/>
		<feat xlink:href="#sSpan1927" value="ⲉⲃⲟⲗ"/>
		<feat xlink:href="#sSpan1930" value="ϩⲛ"/>
		<feat xlink:href="#sSpan1932" value="ⲡⲉⲕ"/>
		<feat xlink:href="#sSpan1934" value="ϣⲁϫⲉ"/>
		<feat xlink:href="#sSpan1935" value="ⲉⲣⲉ"/>
		<feat xlink:href="#sSpan1937" value="ⲛⲧⲟⲟⲩ"/>
		<feat xlink:href="#sSpan1938" value="ⲛⲁ"/>
		<feat xlink:href="#sSpan1939" value="ⲧϭⲁⲉⲓⲟ"/>
		<feat xlink:href="#sSpan1940" value="ⲛⲧⲟⲕ"/>
		<feat xlink:href="#sSpan1941" value="."/>
		<feat xlink:href="#sSpan1943" value="ⲧⲟⲧⲉ"/>
		<feat xlink:href="#sSpan1946" value="ⲁ"/>
		<feat xlink:href="#sSpan1948" value="ⲛⲧⲟⲟⲩ"/>
		<feat xlink:href="#sSpan1949" value="ⲟⲩⲱϣⲃ"/>
		<feat xlink:href="#sSpan1950" value="ⲛⲁ"/>
		<feat xlink:href="#sSpan1952" value="ⲛⲧⲟϥ"/>
		<feat xlink:href="#sSpan1953" value="ⲛϭⲓ"/>
		<feat xlink:href="#sSpan1955" value="ϩⲟⲉⲓⲛⲉ"/>
		<feat xlink:href="#sSpan1957" value="ⲛ"/>
		<feat xlink:href="#sSpan1959" value="ⲡ"/>
		<feat xlink:href="#sSpan1961" value="ⲅⲣⲁⲙⲙⲁⲧⲉⲩⲥ"/>
		<feat xlink:href="#sSpan1962" value="ⲙⲛ"/>
		<feat xlink:href="#sSpan1964" value="ⲡ"/>
		<feat xlink:href="#sSpan1966" value="ⲫⲁⲣⲓⲥⲥⲁⲓⲟⲥ"/>
		<feat xlink:href="#sSpan1967" value="ⲉⲣⲉ"/>
		<feat xlink:href="#sSpan1969" value="ⲛⲧⲟⲟⲩ"/>
		<feat xlink:href="#sSpan1970" value="ϫⲱ"/>
		<feat xlink:href="#sSpan1971" value="ⲛ"/>
		<feat xlink:href="#sSpan1973" value="ⲛⲧⲟⲥ"/>
		<feat xlink:href="#sSpan1974" value="ϫⲉ"/>
		<feat xlink:href="#sSpan1976" value="ⲡ"/>
		<feat xlink:href="#sSpan1978" value="ⲥⲁϩ"/>
		<feat xlink:href="#sSpan1979" value="ⲁⲛⲟⲛ"/>
		<feat xlink:href="#sSpan1981" value="ⲟⲩⲱϣ"/>
		<feat xlink:href="#sSpan1982" value="ⲉ"/>
		<feat xlink:href="#sSpan1984" value="ⲛⲁⲩ"/>
		<feat xlink:href="#sSpan1985" value="ⲉ"/>
		<feat xlink:href="#sSpan1987" value="ⲟⲩ"/>
		<feat xlink:href="#sSpan1989" value="ⲙⲁⲉⲓⲛ"/>
		<feat xlink:href="#sSpan1990" value="ⲉⲃⲟⲗ"/>
		<feat xlink:href="#sSpan1993" value="ϩⲓⲧⲟⲟⲧ"/>
		<feat xlink:href="#sSpan1995" value="ⲛⲧⲟⲕ"/>
		<feat xlink:href="#sSpan1996" value="."/>
		<feat xlink:href="#sSpan1998" value="ⲛⲧⲟϥ"/>
		<feat xlink:href="#sSpan2001" value="ⲇⲉ"/>
		<feat xlink:href="#sSpan2003" value="ⲁ"/>
		<feat xlink:href="#sSpan2005" value="ⲛⲧⲟϥ"/>
		<feat xlink:href="#sSpan2006" value="ⲟⲩⲱϣⲃ"/>
		<feat xlink:href="#sSpan2007" value="ⲡⲉϫⲉ"/>
		<feat xlink:href="#sSpan2009" value="ⲛⲧⲟϥ"/>
		<feat xlink:href="#sSpan2010" value="ⲛⲁ"/>
		<feat xlink:href="#sSpan2012" value="ⲛⲧⲟⲟⲩ"/>
		<feat xlink:href="#sSpan2013" value="ϫⲉ"/>
		<feat xlink:href="#sSpan2015" value="ⲡ"/>
		<feat xlink:href="#sSpan2017" value="ⲅⲉⲛⲉⲁ"/>
		<feat xlink:href="#sSpan2018" value="ⲛ"/>
		<feat xlink:href="#sSpan2020" value="ⲡⲟⲛⲏⲣⲟⲛ"/>
		<feat xlink:href="#sSpan2021" value="ⲁⲩⲱ"/>
		<feat xlink:href="#sSpan2023" value="ⲛ"/>
		<feat xlink:href="#sSpan2025" value="ⲛⲟⲉⲓⲕ"/>
		<feat xlink:href="#sSpan2027" value="ⲛⲧⲟⲥ"/>
		<feat xlink:href="#sSpan2029" value="ϣⲓⲛⲉ"/>
		<feat xlink:href="#sSpan2031" value="ⲛⲥⲁ"/>
		<feat xlink:href="#sSpan2033" value="ⲟⲩ"/>
		<feat xlink:href="#sSpan2035" value="ⲙⲁⲉⲓⲛ"/>
		<feat xlink:href="#sSpan2036" value="ⲁⲩⲱ"/>
		<feat xlink:href="#sSpan2038" value="ⲛⲛⲉ"/>
		<feat xlink:href="#sSpan2040" value="ⲛⲧⲟⲟⲩ"/>
		<feat xlink:href="#sSpan2042" value="ϯⲙⲁⲉⲓⲛ"/>
		<feat xlink:href="#sSpan2044" value="ⲛⲁ"/>
		<feat xlink:href="#sSpan2046" value="ⲛⲧⲟⲥ"/>
		<feat xlink:href="#sSpan2047" value="ⲉⲓⲙⲏⲧⲓ"/>
		<feat xlink:href="#sSpan2049" value="ⲡ"/>
		<feat xlink:href="#sSpan2052" value="ⲙⲁⲉⲓⲛ"/>
		<feat xlink:href="#sSpan2053" value="ⲛ"/>
		<feat xlink:href="#sSpan2055" value="ⲓⲱⲛⲁⲥ"/>
		<feat xlink:href="#sSpan2057" value="ⲡ"/>
		<feat xlink:href="#sSpan2059" value="ⲡⲣⲟⲫⲏⲧⲏⲥ"/>
		<feat xlink:href="#sSpan2060" value="."/>
		<feat xlink:href="#sSpan2062" value="ⲛ"/>
		<feat xlink:href="#sSpan2065" value="ⲡ"/>
		<feat xlink:href="#sSpan2066" value="ϩⲉ"/>
		<feat xlink:href="#sSpan2067" value="ⲅⲁⲣ"/>
		<feat xlink:href="#sSpan2069" value="ⲉⲛⲉⲣⲉ"/>
		<feat xlink:href="#sSpan2071" value="ⲓⲱⲛⲁⲥ"/>
		<feat xlink:href="#sSpan2073" value="ϣⲱⲡⲉ"/>
		<feat xlink:href="#sSpan2075" value="ϩⲛ"/>
		<feat xlink:href="#sSpan2077" value="ⲛⲧⲟϥ"/>
		<feat xlink:href="#sSpan2078" value="ⲛ"/>
		<feat xlink:href="#sSpan2080" value="ⲡ"/>
		<feat xlink:href="#sSpan2082" value="ⲕⲏⲧⲟⲥ"/>
		<feat xlink:href="#sSpan2083" value="ⲛ"/>
		<feat xlink:href="#sSpan2085" value="ϣⲟⲙⲛⲧ"/>
		<feat xlink:href="#sSpan2087" value="ⲛ"/>
		<feat xlink:href="#sSpan2089" value="ϩⲟⲟⲩ"/>
		<feat xlink:href="#sSpan2090" value="ⲙⲛ"/>
		<feat xlink:href="#sSpan2092" value="ϣⲟⲙⲧⲉ"/>
		<feat xlink:href="#sSpan2094" value="ⲛ"/>
		<feat xlink:href="#sSpan2096" value="ⲟⲩ"/>
		<feat xlink:href="#sSpan2097" value="ϣⲏ"/>
		<feat xlink:href="#sSpan2098" value="."/>
		<feat xlink:href="#sSpan2100" value="ⲡⲁⲓ"/>
		<feat xlink:href="#sSpan2103" value="ⲡⲉ"/>
		<feat xlink:href="#sSpan2105" value="ⲡ"/>
		<feat xlink:href="#sSpan2107" value="ϩⲉ"/>
		<feat xlink:href="#sSpan2108" value="ⲉⲧⲉⲣⲉ"/>
		<feat xlink:href="#sSpan2110" value="ⲡ"/>
		<feat xlink:href="#sSpan2112" value="ϣⲏⲣⲉ"/>
		<feat xlink:href="#sSpan2113" value="ⲛ"/>
		<feat xlink:href="#sSpan2115" value="ⲡ"/>
		<feat xlink:href="#sSpan2116" value="ⲣⲱⲙⲉ"/>
		<feat xlink:href="#sSpan2117" value="ⲛⲁ"/>
		<feat xlink:href="#sSpan2119" value="ϣⲱⲡⲉ"/>
		<feat xlink:href="#sSpan2120" value="ⲛ"/>
		<feat xlink:href="#sSpan2122" value="ⲛⲧⲟⲥ"/>
		<feat xlink:href="#sSpan2123" value="ϩⲛ"/>
		<feat xlink:href="#sSpan2125" value="ⲡ"/>
		<feat xlink:href="#sSpan2127" value="ϩⲏⲧ"/>
		<feat xlink:href="#sSpan2128" value="ⲛ"/>
		<feat xlink:href="#sSpan2130" value="ⲡ"/>
		<feat xlink:href="#sSpan2132" value="ⲕⲁϩ"/>
		<feat xlink:href="#sSpan2133" value="ⲛ"/>
		<feat xlink:href="#sSpan2135" value="ϣⲟⲙⲛⲧ"/>
		<feat xlink:href="#sSpan2137" value="ⲛ"/>
		<feat xlink:href="#sSpan2139" value="ϩⲟⲟⲩ"/>
		<feat xlink:href="#sSpan2140" value="ⲙⲛ"/>
		<feat xlink:href="#sSpan2142" value="ϣⲟⲙⲧⲉ"/>
		<feat xlink:href="#sSpan2144" value="ⲛ"/>
		<feat xlink:href="#sSpan2146" value="ⲟⲩ"/>
		<feat xlink:href="#sSpan2147" value="ϣⲏ"/>
		<feat xlink:href="#sSpan2148" value="."/>
		<feat xlink:href="#sSpan2150" value="ⲡ"/>
		<feat xlink:href="#sSpan2154" value="ⲣⲱⲙⲉ"/>
		<feat xlink:href="#sSpan2155" value="ⲛ"/>
		<feat xlink:href="#sSpan2157" value="ⲛⲓⲛⲉⲩⲏ"/>
		<feat xlink:href="#sSpan2159" value="ⲛⲁ"/>
		<feat xlink:href="#sSpan2161" value="ⲧⲱⲟⲩⲛ"/>
		<feat xlink:href="#sSpan2162" value="ϩⲛ"/>
		<feat xlink:href="#sSpan2164" value="ⲡ"/>
		<feat xlink:href="#sSpan2166" value="ⲕⲣⲓⲥⲓⲥ"/>
		<feat xlink:href="#sSpan2167" value="ⲙⲛ"/>
		<feat xlink:href="#sSpan2169" value="ⲡⲉⲓ"/>
		<feat xlink:href="#sSpan2171" value="ⲅⲉⲛⲉⲁ"/>
		<feat xlink:href="#sSpan2172" value="ⲛⲧⲉ"/>
		<feat xlink:href="#sSpan2174" value="ⲛⲧⲟⲟⲩ"/>
		<feat xlink:href="#sSpan2175" value="ⲧϭⲁⲉⲓⲟ"/>
		<feat xlink:href="#sSpan2176" value="ⲛⲧⲟⲥ"/>
		<feat xlink:href="#sSpan2177" value="ϫⲉ"/>
		<feat xlink:href="#sSpan2179" value="ⲁ"/>
		<feat xlink:href="#sSpan2180" value="ⲛⲧⲟⲟⲩ"/>
		<feat xlink:href="#sSpan2181" value="ⲙⲉⲧⲁⲛⲟⲉⲓ"/>
		<feat xlink:href="#sSpan2182" value="ⲉ"/>
		<feat xlink:href="#sSpan2184" value="ⲡ"/>
		<feat xlink:href="#sSpan2187" value="ⲧⲁϣⲉⲟⲉⲓϣ"/>
		<feat xlink:href="#sSpan2189" value="ⲛ"/>
		<feat xlink:href="#sSpan2191" value="ⲓⲱⲛⲁⲥ"/>
		<feat xlink:href="#sSpan2193" value="."/>
		<feat xlink:href="#sSpan2195" value="ⲁⲩⲱ"/>
		<feat xlink:href="#sSpan2197" value="ⲉⲓⲥ"/>
		<feat xlink:href="#sSpan2199" value="ⲡ"/>
		<feat xlink:href="#sSpan2200" value="ϩⲟⲩⲟ"/>
		<feat xlink:href="#sSpan2201" value="ⲉⲣⲉ"/>
		<feat xlink:href="#sSpan2203" value="ⲁⲛⲟⲕ"/>
		<feat xlink:href="#sSpan2204" value="ⲱⲱ"/>
		<feat xlink:href="#sSpan2205" value="ⲛ"/>
		<feat xlink:href="#sSpan2206" value="ⲁⲥ"/>
		<feat xlink:href="#sSpan2208" value="ⲛ"/>
		<feat xlink:href="#sSpan2210" value="ⲡⲉⲓ"/>
		<feat xlink:href="#sSpan2212" value="ⲙⲁ"/>
		<feat xlink:href="#sSpan2213" value="."/>
		<feat xlink:href="#sSpan2215" value="ⲧⲣⲧⲣⲱ"/>
		<feat xlink:href="#sSpan2218" value="ⲛ"/>
		<feat xlink:href="#sSpan2220" value="ⲡ"/>
		<feat xlink:href="#sSpan2222" value="ⲣⲏⲥ"/>
		<feat xlink:href="#sSpan2223" value="ⲛⲁ"/>
		<feat xlink:href="#sSpan2225" value="ⲧⲱⲟⲩⲛ"/>
		<feat xlink:href="#sSpan2226" value="ϩⲛ"/>
		<feat xlink:href="#sSpan2228" value="ⲡ"/>
		<feat xlink:href="#sSpan2230" value="ⲕⲣⲓⲥⲓⲥ"/>
		<feat xlink:href="#sSpan2231" value="ⲙⲛ"/>
		<feat xlink:href="#sSpan2233" value="ⲡⲉⲓ"/>
		<feat xlink:href="#sSpan2235" value="ⲅⲉⲛⲉⲁ"/>
		<feat xlink:href="#sSpan2236" value="ⲛⲧⲉ"/>
		<feat xlink:href="#sSpan2238" value="ⲛⲧⲟⲥ"/>
		<feat xlink:href="#sSpan2239" value="ⲧϭⲁⲉⲓⲟ"/>
		<feat xlink:href="#sSpan2240" value="ⲛⲧⲟⲥ"/>
		<feat xlink:href="#sSpan2241" value="ϫⲉ"/>
		<feat xlink:href="#sSpan2243" value="ⲁ"/>
		<feat xlink:href="#sSpan2244" value="ⲛⲧⲟⲥ"/>
		<feat xlink:href="#sSpan2245" value="ⲉⲓ"/>
		<feat xlink:href="#sSpan2246" value="ϫⲓⲛ"/>
		<feat xlink:href="#sSpan2248" value="ⲉⲁⲣⲏϫ"/>
		<feat xlink:href="#sSpan2250" value="ⲛⲧⲟϥ"/>
		<feat xlink:href="#sSpan2251" value="ⲛ"/>
		<feat xlink:href="#sSpan2253" value="ⲡ"/>
		<feat xlink:href="#sSpan2255" value="ⲕⲁϩ"/>
		<feat xlink:href="#sSpan2256" value="ⲉ"/>
		<feat xlink:href="#sSpan2258" value="ⲥⲱⲧⲙ"/>
		<feat xlink:href="#sSpan2259" value="ⲉ"/>
		<feat xlink:href="#sSpan2261" value="ⲡ"/>
		<feat xlink:href="#sSpan2263" value="ⲥⲟⲫⲓⲁ"/>
		<feat xlink:href="#sSpan2264" value="ⲛ"/>
		<feat xlink:href="#sSpan2266" value="ⲥⲟⲗⲟⲙⲱⲛ"/>
		<feat xlink:href="#sSpan2268" value="ⲁⲩⲱ"/>
		<feat xlink:href="#sSpan2270" value="ⲉⲓⲥ"/>
		<feat xlink:href="#sSpan2273" value="ϩⲏⲏⲧⲉ"/>
		<feat xlink:href="#sSpan2275" value="ⲉⲓⲥ"/>
		<feat xlink:href="#sSpan2277" value="ⲡ"/>
		<feat xlink:href="#sSpan2278" value="ϩⲟⲩⲟ"/>
		<feat xlink:href="#sSpan2279" value="ⲉ"/>
		<feat xlink:href="#sSpan2281" value="ⲥⲟⲗⲟⲙⲱⲛ"/>
		<feat xlink:href="#sSpan2283" value="ⲛ"/>
		<feat xlink:href="#sSpan2285" value="ⲡⲉⲓ"/>
		<feat xlink:href="#sSpan2287" value="ⲙⲁ"/>
		<feat xlink:href="#sSpan2288" value="."/>
		<feat xlink:href="#sSpan2290" value="ϩⲟⲧⲁⲛ"/>
		<feat xlink:href="#sSpan2293" value="ⲇⲉ"/>
		<feat xlink:href="#sSpan2295" value="ⲡ"/>
		<feat xlink:href="#sSpan2298" value="ⲁⲕⲁⲑⲁⲣⲧⲟⲛ"/>
		<feat xlink:href="#sSpan2299" value="ⲛ"/>
		<feat xlink:href="#sSpan2301" value="ⲡⲛⲉⲩⲙⲁ"/>
		<feat xlink:href="#sSpan2303" value="ⲉⲣϣⲁⲛ_ⲛⲧⲟϥ"/>
		<feat xlink:href="#sSpan2305" value="ⲉⲓ"/>
		<feat xlink:href="#sSpan2307" value="ⲉⲃⲟⲗ"/>
		<feat xlink:href="#sSpan2309" value="ϩⲛ"/>
		<feat xlink:href="#sSpan2311" value="ⲡ"/>
		<feat xlink:href="#sSpan2313" value="ⲣⲱⲙⲉ"/>
		<feat xlink:href="#sSpan2314" value="."/>
		<feat xlink:href="#sSpan2316" value="ϣⲁⲣⲉ"/>
		<feat xlink:href="#sSpan2318" value="ⲛⲧⲟϥ"/>
		<feat xlink:href="#sSpan2319" value="ⲉⲓ"/>
		<feat xlink:href="#sSpan2321" value="ⲉⲃⲟⲗ"/>
		<feat xlink:href="#sSpan2323" value="ϩⲓⲧⲛ"/>
		<feat xlink:href="#sSpan2325" value="ⲟⲩ"/>
		<feat xlink:href="#sSpan2327" value="ⲙⲁ"/>
		<feat xlink:href="#sSpan2328" value="ⲉⲣⲉ"/>
		<feat xlink:href="#sSpan2330" value="ⲙⲛ"/>
		<feat xlink:href="#sSpan2331" value="ⲙⲟⲟⲩ"/>
		<feat xlink:href="#sSpan2333" value="ϩⲛ"/>
		<feat xlink:href="#sSpan2335" value="ⲛⲧⲟⲟⲩ"/>
		<feat xlink:href="#sSpan2336" value="ⲉⲣⲉ"/>
		<feat xlink:href="#sSpan2338" value="ⲛⲧⲟϥ"/>
		<feat xlink:href="#sSpan2339" value="ϣⲓⲛⲉ"/>
		<feat xlink:href="#sSpan2341" value="ⲛⲥⲁ"/>
		<feat xlink:href="#sSpan2343" value="ⲟⲩ"/>
		<feat xlink:href="#sSpan2345" value="ⲙⲁ"/>
		<feat xlink:href="#sSpan2346" value="ⲛ"/>
		<feat xlink:href="#sSpan2348" value="ⲙⲧⲟⲛ"/>
		<feat xlink:href="#sSpan2349" value="."/>
		<feat xlink:href="#sSpan2351" value="ⲁⲩⲱ"/>
		<feat xlink:href="#sSpan2353" value="ⲙⲉⲣⲉ"/>
		<feat xlink:href="#sSpan2355" value="ⲛⲧⲟϥ"/>
		<feat xlink:href="#sSpan2356" value="ϩⲉ"/>
		<feat xlink:href="#sSpan2358" value="ⲉ"/>
		<feat xlink:href="#sSpan2360" value="ⲟⲩⲟⲛ"/>
		<feat xlink:href="#sSpan2362" value="."/>
		<feat xlink:href="#sSpan2364" value="ⲧⲟⲧⲉ"/>
		<feat xlink:href="#sSpan2367" value="ϣⲁⲣⲉ"/>
		<feat xlink:href="#sSpan2369" value="ⲛⲧⲟϥ"/>
		<feat xlink:href="#sSpan2370" value="ϫⲱ"/>
		<feat xlink:href="#sSpan2371" value="ⲛⲧⲟⲥ"/>
		<feat xlink:href="#sSpan2372" value="ϫⲉ"/>
		<feat xlink:href="#sSpan2374" value="ⲁⲛⲟⲕ"/>
		<feat xlink:href="#sSpan2375" value="ⲛⲁ"/>
		<feat xlink:href="#sSpan2376" value="ⲕⲧⲟ"/>
		<feat xlink:href="#sSpan2377" value="ⲁⲛⲟⲕ"/>
		<feat xlink:href="#sSpan2378" value="ⲉ"/>
		<feat xlink:href="#sSpan2380" value="ⲡⲁ"/>
		<feat xlink:href="#sSpan2382" value="ⲏⲓ"/>
		<feat xlink:href="#sSpan2383" value="ⲡ"/>
		<feat xlink:href="#sSpan2385" value="ⲙⲁ"/>
		<feat xlink:href="#sSpan2386" value="ⲉⲧⲉⲣⲉ"/>
		<feat xlink:href="#sSpan2388" value="ⲁ"/>
		<feat xlink:href="#sSpan2389" value="ⲁⲛⲟⲕ"/>
		<feat xlink:href="#sSpan2390" value="ⲉⲓ"/>
		<feat xlink:href="#sSpan2392" value="ⲉⲃⲟⲗ"/>
		<feat xlink:href="#sSpan2394" value="ϩⲛ"/>
		<feat xlink:href="#sSpan2396" value="ⲛⲧⲟϥ"/>
		<feat xlink:href="#sSpan2397" value="."/>
		<feat xlink:href="#sSpan2399" value="ⲁⲩⲱ"/>
		<feat xlink:href="#sSpan2401" value="ⲉⲣϣⲁⲛ_ⲛⲧⲟϥ"/>
		<feat xlink:href="#sSpan2403" value="ⲉⲓ"/>
		<feat xlink:href="#sSpan2405" value="ⲛⲧⲉ"/>
		<feat xlink:href="#sSpan2407" value="ⲛⲧⲟϥ"/>
		<feat xlink:href="#sSpan2408" value="ϩⲉ"/>
		<feat xlink:href="#sSpan2410" value="ⲉ"/>
		<feat xlink:href="#sSpan2412" value="ⲛⲧⲟϥ"/>
		<feat xlink:href="#sSpan2413" value="ⲉⲣⲉ"/>
		<feat xlink:href="#sSpan2415" value="ⲛⲧⲟϥ"/>
		<feat xlink:href="#sSpan2416" value="ⲥⲁϩⲣ"/>
		<feat xlink:href="#sSpan2417" value="ⲁⲩⲱ"/>
		<feat xlink:href="#sSpan2419" value="ⲉⲣⲉ"/>
		<feat xlink:href="#sSpan2421" value="ⲛⲧⲟϥ"/>
		<feat xlink:href="#sSpan2422" value="ⲧⲥⲁⲛⲏⲩⲧ"/>
		<feat xlink:href="#sSpan2423" value="."/>
		<feat xlink:href="#sSpan2425" value="ⲧⲟⲧⲉ"/>
		<feat xlink:href="#sSpan2428" value="ϣⲁⲣⲉ"/>
		<feat xlink:href="#sSpan2430" value="ⲛⲧⲟϥ"/>
		<feat xlink:href="#sSpan2431" value="ⲃⲱⲕ"/>
		<feat xlink:href="#sSpan2432" value="ⲛⲧⲉ"/>
		<feat xlink:href="#sSpan2434" value="ⲛⲧⲟϥ"/>
		<feat xlink:href="#sSpan2435" value="ϫⲓ"/>
		<feat xlink:href="#sSpan2437" value="ⲙⲛ"/>
		<feat xlink:href="#sSpan2439" value="ⲛⲧⲟϥ"/>
		<feat xlink:href="#sSpan2440" value="ⲛ"/>
		<feat xlink:href="#sSpan2442" value="ⲕⲉ"/>
		<feat xlink:href="#sSpan2444" value="ⲥⲁϣϥ"/>
		<feat xlink:href="#sSpan2445" value="ⲛ"/>
		<feat xlink:href="#sSpan2447" value="ⲡⲛⲉⲩⲙⲁ"/>
		<feat xlink:href="#sSpan2448" value="ⲉⲣⲉ"/>
		<feat xlink:href="#sSpan2450" value="ⲛⲧⲟⲟⲩ"/>
		<feat xlink:href="#sSpan2451" value="ϩⲟⲟⲩ"/>
		<feat xlink:href="#sSpan2452" value="ⲉ"/>
		<feat xlink:href="#sSpan2454" value="ⲛⲧⲟϥ"/>
		<feat xlink:href="#sSpan2455" value="ⲛⲧⲉ"/>
		<feat xlink:href="#sSpan2457" value="ⲛⲧⲟⲟⲩ"/>
		<feat xlink:href="#sSpan2458" value="ⲃⲱⲕ"/>
		<feat xlink:href="#sSpan2460" value="ⲉϩⲟⲩⲛ"/>
		<feat xlink:href="#sSpan2462" value="ⲛⲧⲉ"/>
		<feat xlink:href="#sSpan2464" value="ⲛⲧⲟⲟⲩ"/>
		<feat xlink:href="#sSpan2465" value="ⲟⲩⲱϩ"/>
		<feat xlink:href="#sSpan2466" value="ϩⲛ"/>
		<feat xlink:href="#sSpan2468" value="ⲡ"/>
		<feat xlink:href="#sSpan2470" value="ⲙⲁ"/>
		<feat xlink:href="#sSpan2471" value="ⲉⲧⲉⲣⲉ"/>
		<feat xlink:href="#sSpan2473" value="ⲙⲙⲁⲩ"/>
		<feat xlink:href="#sSpan2474" value="ⲛⲧⲉ"/>
		<feat xlink:href="#sSpan2476" value="ⲡ"/>
		<feat xlink:href="#sSpan2478" value="ϩⲁⲏ"/>
		<feat xlink:href="#sSpan2479" value="ⲛ"/>
		<feat xlink:href="#sSpan2481" value="ⲡ"/>
		<feat xlink:href="#sSpan2483" value="ⲣⲱⲙⲉ"/>
		<feat xlink:href="#sSpan2484" value="ⲉⲧⲉⲣⲉ"/>
		<feat xlink:href="#sSpan2486" value="ⲙⲙⲁⲩ"/>
		<feat xlink:href="#sSpan2487" value="ϣⲱⲡⲉ"/>
		<feat xlink:href="#sSpan2489" value="ⲉⲣⲉ"/>
		<feat xlink:href="#sSpan2491" value="ⲛⲧⲟⲥ"/>
		<feat xlink:href="#sSpan2492" value="ϩⲟⲟⲩ"/>
		<feat xlink:href="#sSpan2493" value="ⲉ"/>
		<feat xlink:href="#sSpan2495" value="ⲡⲉϥ"/>
		<feat xlink:href="#sSpan2497" value="ϩⲟⲩⲉⲓⲧⲉ"/>
		<feat xlink:href="#sSpan2498" value="ⲡⲁⲓ"/>
		<feat xlink:href="#sSpan2501" value="ⲡⲉ"/>
		<feat xlink:href="#sSpan2503" value="ⲡ"/>
		<feat xlink:href="#sSpan2505" value="ϩⲉ"/>
		<feat xlink:href="#sSpan2506" value="ⲉⲧⲉⲣⲉ"/>
		<feat xlink:href="#sSpan2508" value="ⲛⲁ"/>
		<feat xlink:href="#sSpan2509" value="ϣⲱⲡⲉ"/>
		<feat xlink:href="#sSpan2510" value="ⲛ"/>
		<feat xlink:href="#sSpan2512" value="ⲡⲉⲓ"/>
		<feat xlink:href="#sSpan2514" value="ⲅⲉⲛⲉⲁ"/>
		<feat xlink:href="#sSpan2515" value="ⲛ"/>
		<feat xlink:href="#sSpan2517" value="ⲡⲟⲛⲏⲣⲟⲛ"/>
		<feat xlink:href="#sSpan2518" value="."/>
		<feat xlink:href="#sSpan2520" value="ⲉⲧⲓ"/>
		<feat xlink:href="#sSpan2523" value="ⲇⲉ"/>
		<feat xlink:href="#sSpan2525" value="ⲉⲣⲉ"/>
		<feat xlink:href="#sSpan2527" value="ⲛⲧⲟϥ"/>
		<feat xlink:href="#sSpan2528" value="ϣⲁϫⲉ"/>
		<feat xlink:href="#sSpan2529" value="ⲙⲛ"/>
		<feat xlink:href="#sSpan2531" value="ⲡ"/>
		<feat xlink:href="#sSpan2533" value="ⲙⲏⲏϣⲉ"/>
		<feat xlink:href="#sSpan2534" value="ⲉⲓⲥ"/>
		<feat xlink:href="#sSpan2537" value="ϩⲏⲏⲧⲉ"/>
		<feat xlink:href="#sSpan2539" value="ⲉⲓⲥ"/>
		<feat xlink:href="#sSpan2541" value="ⲡⲉϥ"/>
		<feat xlink:href="#sSpan2543" value="ⲙⲁⲁⲩ"/>
		<feat xlink:href="#sSpan2544" value="ⲙⲛ"/>
		<feat xlink:href="#sSpan2546" value="ⲡⲉϥ"/>
		<feat xlink:href="#sSpan2548" value="ⲥⲟⲛ"/>
		<feat xlink:href="#sSpan2549" value="ⲛⲉⲣⲉ"/>
		<feat xlink:href="#sSpan2551" value="ⲛⲧⲟⲟⲩ"/>
		<feat xlink:href="#sSpan2552" value="ⲱϩⲉ"/>
		<feat xlink:href="#sSpan2553" value="ⲣⲁⲧ"/>
		<feat xlink:href="#sSpan2554" value="ⲛⲧⲟⲟⲩ"/>
		<feat xlink:href="#sSpan2555" value="ⲡⲉ"/>
		<feat xlink:href="#sSpan2557" value="ϩⲓ"/>
		<feat xlink:href="#sSpan2559" value="ⲡ"/>
		<feat xlink:href="#sSpan2561" value="ⲥⲁⲙⲃⲟⲗ"/>
		<feat xlink:href="#sSpan2562" value="ⲉⲣⲉ"/>
		<feat xlink:href="#sSpan2564" value="ⲛⲧⲟⲟⲩ"/>
		<feat xlink:href="#sSpan2565" value="ϣⲓⲛⲉ"/>
		<feat xlink:href="#sSpan2567" value="ⲛⲥⲁ"/>
		<feat xlink:href="#sSpan2569" value="ϣⲁϫⲉ"/>
		<feat xlink:href="#sSpan2570" value="ⲙⲛ"/>
		<feat xlink:href="#sSpan2572" value="ⲛⲧⲟϥ"/>
		<feat xlink:href="#sSpan2573" value="."/>
		<feat xlink:href="#sSpan2576" value="_warn:empty_norm_"/>
		<feat xlink:href="#sSpan2578" value="ⲛⲧⲟϥ"/>
		<feat xlink:href="#sSpan2581" value="ⲇⲉ"/>
		<feat xlink:href="#sSpan2583" value="ⲁ"/>
		<feat xlink:href="#sSpan2585" value="ⲛⲧⲟϥ"/>
		<feat xlink:href="#sSpan2586" value="ⲟⲩⲱϣⲃ"/>
		<feat xlink:href="#sSpan2587" value="ⲡⲉϫⲉ"/>
		<feat xlink:href="#sSpan2589" value="ⲛⲧⲟϥ"/>
		<feat xlink:href="#sSpan2590" value="ⲛ"/>
		<feat xlink:href="#sSpan2592" value="ⲡ"/>
		<feat xlink:href="#sSpan2594" value="ⲉⲧⲉⲣⲉ"/>
		<feat xlink:href="#sSpan2595" value="ϫⲱ"/>
		<feat xlink:href="#sSpan2596" value="ⲛ"/>
		<feat xlink:href="#sSpan2598" value="ⲛⲧⲟⲥ"/>
		<feat xlink:href="#sSpan2599" value="ⲛⲁ"/>
		<feat xlink:href="#sSpan2601" value="ⲛⲧⲟϥ"/>
		<feat xlink:href="#sSpan2602" value="."/>
		<feat xlink:href="#sSpan2604" value="ϫⲉ"/>
		<feat xlink:href="#sSpan2606" value="ⲛⲓⲙ"/>
		<feat xlink:href="#sSpan2607" value="ⲡⲉ"/>
		<feat xlink:href="#sSpan2609" value="ⲡⲁ"/>
		<feat xlink:href="#sSpan2612" value="ⲙⲁⲁⲩ"/>
		<feat xlink:href="#sSpan2613" value="ⲁⲩⲱ"/>
		<feat xlink:href="#sSpan2615" value="ⲛⲓⲙ"/>
		<feat xlink:href="#sSpan2617" value="ⲡⲉ"/>
		<feat xlink:href="#sSpan2619" value="ⲡⲁ"/>
		<feat xlink:href="#sSpan2622" value="ⲥⲟⲛ"/>
		<feat xlink:href="#sSpan2623" value="."/>
		<feat xlink:href="#sSpan2625" value="ⲁ"/>
		<feat xlink:href="#sSpan2628" value="ⲛⲧⲟϥ"/>
		<feat xlink:href="#sSpan2629" value="ⲥⲟⲟⲩⲧⲛ"/>
		<feat xlink:href="#sSpan2630" value="ⲡⲉϥ"/>
		<feat xlink:href="#sSpan2632" value="ϭⲓϫ"/>
		<feat xlink:href="#sSpan2633" value="ⲉⲃⲟⲗ"/>
		<feat xlink:href="#sSpan2635" value="ⲉϫⲛ"/>
		<feat xlink:href="#sSpan2637" value="ⲡⲉϥ"/>
		<feat xlink:href="#sSpan2639" value="ⲙⲁⲑⲏⲧⲏⲥ"/>
		<feat xlink:href="#sSpan2640" value="ⲉⲣⲉ"/>
		<feat xlink:href="#sSpan2642" value="ⲛⲧⲟϥ"/>
		<feat xlink:href="#sSpan2643" value="ϫⲱ"/>
		<feat xlink:href="#sSpan2644" value="ⲛ"/>
		<feat xlink:href="#sSpan2646" value="ⲛⲧⲟⲥ"/>
		<feat xlink:href="#sSpan2647" value="ϫⲉ"/>
		<feat xlink:href="#sSpan2649" value="ⲉⲓⲥ"/>
		<feat xlink:href="#sSpan2651" value="ϩⲏⲏⲧⲉ"/>
		<feat xlink:href="#sSpan2652" value="ⲉⲓⲥ"/>
		<feat xlink:href="#sSpan2654" value="ⲡⲁ"/>
		<feat xlink:href="#sSpan2656" value="ⲙⲁⲁⲩ"/>
		<feat xlink:href="#sSpan2657" value="ⲁⲩⲱ"/>
		<feat xlink:href="#sSpan2659" value="ⲡⲁ"/>
		<feat xlink:href="#sSpan2662" value="ⲥⲟⲛ"/>
		<feat xlink:href="#sSpan2663" value="."/>
		<feat xlink:href="#sSpan2665" value="ⲡⲉⲓ"/>
		<feat xlink:href="#sSpan2669" value="ⲧⲉⲓⲣⲉ"/>
		<feat xlink:href="#sSpan2670" value="ⲅⲁⲣ"/>
		<feat xlink:href="#sSpan2672" value="ⲛ"/>
		<feat xlink:href="#sSpan2674" value="ⲡ"/>
		<feat xlink:href="#sSpan2676" value="ⲟⲩⲱϣ"/>
		<feat xlink:href="#sSpan2677" value="ⲛ"/>
		<feat xlink:href="#sSpan2679" value="ⲡⲁ"/>
		<feat xlink:href="#sSpan2681" value="ⲉⲓⲱⲧ"/>
		<feat xlink:href="#sSpan2682" value="ⲉⲧⲉⲣⲉ"/>
		<feat xlink:href="#sSpan2684" value="ϩⲛ"/>
		<feat xlink:href="#sSpan2685" value="ⲡ"/>
		<feat xlink:href="#sSpan2687" value="ⲡⲉ"/>
		<feat xlink:href="#sSpan2688" value="ⲡⲁⲓ"/>
		<feat xlink:href="#sSpan2690" value="ⲡⲉ"/>
		<feat xlink:href="#sSpan2692" value="ⲡⲁ"/>
		<feat xlink:href="#sSpan2695" value="ⲥⲟⲛ"/>
		<feat xlink:href="#sSpan2696" value="ⲁⲩⲱ"/>
		<feat xlink:href="#sSpan2698" value="ⲡⲁ"/>
		<feat xlink:href="#sSpan2701" value="ⲥⲱⲛⲉ"/>
		<feat xlink:href="#sSpan2702" value="ⲁⲩⲱ"/>
		<feat xlink:href="#sSpan2704" value="ⲡⲁ"/>
		<feat xlink:href="#sSpan2707" value="ⲙⲁⲁⲩ"/>
		<feat xlink:href="#sSpan2708" value="."/></featList></paula>