<?xml version='1.0' encoding='UTF-8'?><!DOCTYPE paula SYSTEM "paula_feat.dtd">
<paula version="1.1">
	<header paula_id="scriptorium.shenoute.those.GF259-262.mark_verse_n"/>
	<featList xmlns:xlink="http://www.w3.org/1999/xlink" type="verse_n" xml:base="scriptorium.shenoute.those.GF259-262.mark.xml">
		<feat xlink:href="#sSpan8" value="1"/>
		<feat xlink:href="#sSpan48" value="2"/>
		<feat xlink:href="#sSpan108" value="3"/>
		<feat xlink:href="#sSpan161" value="4"/>
		<feat xlink:href="#sSpan204" value="5"/>
		<feat xlink:href="#sSpan308" value="6"/>
		<feat xlink:href="#sSpan484" value="7"/>
		<feat xlink:href="#sSpan604" value="8"/>
		<feat xlink:href="#sSpan742" value="1"/>
		<feat xlink:href="#sSpan840" value="2"/>
		<feat xlink:href="#sSpan1023" value="3"/>
		<feat xlink:href="#sSpan1157" value="1"/>
		<feat xlink:href="#sSpan1248" value="2"/>
		<feat xlink:href="#sSpan1312" value="3"/>
		<feat xlink:href="#sSpan1411" value="4"/>
		<feat xlink:href="#sSpan1509" value="5"/>
		<feat xlink:href="#sSpan1700" value="6"/>
		<feat xlink:href="#sSpan1833" value="1"/>
		<feat xlink:href="#sSpan1904" value="2"/>
		<feat xlink:href="#sSpan1989" value="3"/>
		<feat xlink:href="#sSpan2086" value="4"/>
		<feat xlink:href="#sSpan2258" value="4a"/>
		<feat xlink:href="#sSpan2310" value="5"/>
		<feat xlink:href="#sSpan2392" value="1"/>
		<feat xlink:href="#sSpan2518" value="2"/>
		<feat xlink:href="#sSpan2625" value="3"/>
		<feat xlink:href="#sSpan2678" value="4"/></featList></paula>