<?xml version='1.0' encoding='UTF-8'?><!DOCTYPE paula SYSTEM "paula_feat.dtd">
<paula version="1.1">
	<header paula_id="scriptorium.shenoute.those.GF259-262.dep_func"/>
	<featList xmlns:xlink="http://www.w3.org/1999/xlink" type="func" xml:base="scriptorium.shenoute.those.GF259-262.dep.xml">
		<feat xlink:href="#sPointingRel1" value="obl"/>
		<feat xlink:href="#sPointingRel3" value="nsubj"/>
		<feat xlink:href="#sPointingRel5" value="det"/>
		<feat xlink:href="#sPointingRel7" value="obl"/>
		<feat xlink:href="#sPointingRel9" value="case"/>
		<feat xlink:href="#sPointingRel11" value="nmod"/>
		<feat xlink:href="#sPointingRel13" value="advmod"/>
		<feat xlink:href="#sPointingRel15" value="obl"/>
		<feat xlink:href="#sPointingRel17" value="mark"/>
		<feat xlink:href="#sPointingRel19" value="obl"/>
		<feat xlink:href="#sPointingRel21" value="det"/>
		<feat xlink:href="#sPointingRel23" value="det"/>
		<feat xlink:href="#sPointingRel25" value="mark"/>
		<feat xlink:href="#sPointingRel27" value="obl"/>
		<feat xlink:href="#sPointingRel29" value="nmod"/>
		<feat xlink:href="#sPointingRel31" value="mark"/>
		<feat xlink:href="#sPointingRel33" value="conj"/>
		<feat xlink:href="#sPointingRel35" value="acl"/>
		<feat xlink:href="#sPointingRel37" value="mark"/>
		<feat xlink:href="#sPointingRel39" value="obl"/>
		<feat xlink:href="#sPointingRel41" value="case"/>
		<feat xlink:href="#sPointingRel43" value="obj"/>
		<feat xlink:href="#sPointingRel45" value="mark"/>
		<feat xlink:href="#sPointingRel47" value="conj"/>
		<feat xlink:href="#sPointingRel49" value="nmod"/>
		<feat xlink:href="#sPointingRel51" value="nsubj"/>
		<feat xlink:href="#sPointingRel53" value="obl"/>
		<feat xlink:href="#sPointingRel55" value="conj"/>
		<feat xlink:href="#sPointingRel57" value="det"/>
		<feat xlink:href="#sPointingRel59" value="case"/>
		<feat xlink:href="#sPointingRel61" value="aux"/>
		<feat xlink:href="#sPointingRel63" value="parataxis"/>
		<feat xlink:href="#sPointingRel65" value="xcomp"/>
		<feat xlink:href="#sPointingRel67" value="cc"/>
		<feat xlink:href="#sPointingRel69" value="det"/>
		<feat xlink:href="#sPointingRel71" value="advmod"/>
		<feat xlink:href="#sPointingRel73" value="case"/>
		<feat xlink:href="#sPointingRel75" value="obl"/>
		<feat xlink:href="#sPointingRel77" value="nsubj"/>
		<feat xlink:href="#sPointingRel79" value="det"/>
		<feat xlink:href="#sPointingRel81" value="vocative"/>
		<feat xlink:href="#sPointingRel83" value="ccomp"/>
		<feat xlink:href="#sPointingRel85" value="case"/>
		<feat xlink:href="#sPointingRel87" value="nsubj"/>
		<feat xlink:href="#sPointingRel89" value="det"/>
		<feat xlink:href="#sPointingRel91" value="case"/>
		<feat xlink:href="#sPointingRel93" value="cc"/>
		<feat xlink:href="#sPointingRel95" value="cc"/>
		<feat xlink:href="#sPointingRel97" value="obl"/>
		<feat xlink:href="#sPointingRel99" value="acl"/>
		<feat xlink:href="#sPointingRel101" value="det"/>
		<feat xlink:href="#sPointingRel103" value="acl"/>
		<feat xlink:href="#sPointingRel105" value="nsubj"/>
		<feat xlink:href="#sPointingRel107" value="case"/>
		<feat xlink:href="#sPointingRel109" value="parataxis"/>
		<feat xlink:href="#sPointingRel111" value="case"/>
		<feat xlink:href="#sPointingRel113" value="case"/>
		<feat xlink:href="#sPointingRel115" value="dislocated"/>
		<feat xlink:href="#sPointingRel117" value="obj"/>
		<feat xlink:href="#sPointingRel119" value="det"/>
		<feat xlink:href="#sPointingRel121" value="det"/>
		<feat xlink:href="#sPointingRel123" value="obj"/>
		<feat xlink:href="#sPointingRel125" value="case"/>
		<feat xlink:href="#sPointingRel127" value="nsubj"/>
		<feat xlink:href="#sPointingRel129" value="advmod"/>
		<feat xlink:href="#sPointingRel131" value="det"/>
		<feat xlink:href="#sPointingRel133" value="case"/>
		<feat xlink:href="#sPointingRel135" value="ccomp"/>
		<feat xlink:href="#sPointingRel137" value="det"/>
		<feat xlink:href="#sPointingRel139" value="acl"/>
		<feat xlink:href="#sPointingRel141" value="acl"/>
		<feat xlink:href="#sPointingRel143" value="csubj"/>
		<feat xlink:href="#sPointingRel145" value="case"/>
		<feat xlink:href="#sPointingRel147" value="nsubj"/>
		<feat xlink:href="#sPointingRel149" value="case"/>
		<feat xlink:href="#sPointingRel151" value="aux"/>
		<feat xlink:href="#sPointingRel153" value="aux"/>
		<feat xlink:href="#sPointingRel155" value="obj"/>
		<feat xlink:href="#sPointingRel157" value="det"/>
		<feat xlink:href="#sPointingRel159" value="advmod"/>
		<feat xlink:href="#sPointingRel161" value="case"/>
		<feat xlink:href="#sPointingRel163" value="advcl"/>
		<feat xlink:href="#sPointingRel165" value="mark"/>
		<feat xlink:href="#sPointingRel167" value="cop"/>
		<feat xlink:href="#sPointingRel169" value="advmod"/>
		<feat xlink:href="#sPointingRel171" value="case"/>
		<feat xlink:href="#sPointingRel173" value="obl"/>
		<feat xlink:href="#sPointingRel175" value="det"/>
		<feat xlink:href="#sPointingRel177" value="conj"/>
		<feat xlink:href="#sPointingRel179" value="obl"/>
		<feat xlink:href="#sPointingRel181" value="conj"/>
		<feat xlink:href="#sPointingRel183" value="nsubj"/>
		<feat xlink:href="#sPointingRel185" value="case"/>
		<feat xlink:href="#sPointingRel187" value="det"/>
		<feat xlink:href="#sPointingRel189" value="nsubj"/>
		<feat xlink:href="#sPointingRel191" value="det"/>
		<feat xlink:href="#sPointingRel193" value="nmod"/>
		<feat xlink:href="#sPointingRel195" value="nmod"/>
		<feat xlink:href="#sPointingRel197" value="case"/>
		<feat xlink:href="#sPointingRel199" value="nmod"/>
		<feat xlink:href="#sPointingRel201" value="mark"/>
		<feat xlink:href="#sPointingRel203" value="acl"/>
		<feat xlink:href="#sPointingRel205" value="advmod"/>
		<feat xlink:href="#sPointingRel207" value="conj"/>
		<feat xlink:href="#sPointingRel209" value="parataxis"/>
		<feat xlink:href="#sPointingRel211" value="obj"/>
		<feat xlink:href="#sPointingRel213" value="nsubj"/>
		<feat xlink:href="#sPointingRel215" value="advmod"/>
		<feat xlink:href="#sPointingRel217" value="cc"/>
		<feat xlink:href="#sPointingRel219" value="nmod"/>
		<feat xlink:href="#sPointingRel221" value="aux"/>
		<feat xlink:href="#sPointingRel223" value="aux"/>
		<feat xlink:href="#sPointingRel225" value="acl"/>
		<feat xlink:href="#sPointingRel227" value="acl"/>
		<feat xlink:href="#sPointingRel229" value="mark"/>
		<feat xlink:href="#sPointingRel231" value="acl"/>
		<feat xlink:href="#sPointingRel233" value="advmod"/>
		<feat xlink:href="#sPointingRel235" value="nmod"/>
		<feat xlink:href="#sPointingRel237" value="case"/>
		<feat xlink:href="#sPointingRel239" value="det"/>
		<feat xlink:href="#sPointingRel241" value="det"/>
		<feat xlink:href="#sPointingRel243" value="det"/>
		<feat xlink:href="#sPointingRel245" value="advmod"/>
		<feat xlink:href="#sPointingRel247" value="conj"/>
		<feat xlink:href="#sPointingRel249" value="advmod"/>
		<feat xlink:href="#sPointingRel251" value="aux"/>
		<feat xlink:href="#sPointingRel253" value="conj"/>
		<feat xlink:href="#sPointingRel255" value="det"/>
		<feat xlink:href="#sPointingRel257" value="advcl"/>
		<feat xlink:href="#sPointingRel259" value="case"/>
		<feat xlink:href="#sPointingRel261" value="nmod"/>
		<feat xlink:href="#sPointingRel263" value="case"/>
		<feat xlink:href="#sPointingRel265" value="xcomp"/>
		<feat xlink:href="#sPointingRel267" value="cc"/>
		<feat xlink:href="#sPointingRel269" value="nsubj"/>
		<feat xlink:href="#sPointingRel271" value="mark"/>
		<feat xlink:href="#sPointingRel273" value="obl"/>
		<feat xlink:href="#sPointingRel275" value="advmod"/>
		<feat xlink:href="#sPointingRel277" value="mark"/>
		<feat xlink:href="#sPointingRel279" value="case"/>
		<feat xlink:href="#sPointingRel281" value="case"/>
		<feat xlink:href="#sPointingRel283" value="advmod"/>
		<feat xlink:href="#sPointingRel285" value="mark"/>
		<feat xlink:href="#sPointingRel287" value="aux"/>
		<feat xlink:href="#sPointingRel289" value="acl"/>
		<feat xlink:href="#sPointingRel291" value="case"/>
		<feat xlink:href="#sPointingRel293" value="det"/>
		<feat xlink:href="#sPointingRel295" value="xcomp"/>
		<feat xlink:href="#sPointingRel297" value="advmod"/>
		<feat xlink:href="#sPointingRel299" value="obj"/>
		<feat xlink:href="#sPointingRel301" value="det"/>
		<feat xlink:href="#sPointingRel303" value="mark"/>
		<feat xlink:href="#sPointingRel305" value="nmod"/>
		<feat xlink:href="#sPointingRel307" value="mark"/>
		<feat xlink:href="#sPointingRel309" value="obl"/>
		<feat xlink:href="#sPointingRel311" value="case"/>
		<feat xlink:href="#sPointingRel313" value="cc"/>
		<feat xlink:href="#sPointingRel315" value="obl"/>
		<feat xlink:href="#sPointingRel317" value="case"/>
		<feat xlink:href="#sPointingRel319" value="aux"/>
		<feat xlink:href="#sPointingRel321" value="cc"/>
		<feat xlink:href="#sPointingRel323" value="advmod"/>
		<feat xlink:href="#sPointingRel325" value="det"/>
		<feat xlink:href="#sPointingRel327" value="case"/>
		<feat xlink:href="#sPointingRel329" value="nsubj"/>
		<feat xlink:href="#sPointingRel331" value="det"/>
		<feat xlink:href="#sPointingRel333" value="nsubj"/>
		<feat xlink:href="#sPointingRel335" value="dislocated"/>
		<feat xlink:href="#sPointingRel337" value="det"/>
		<feat xlink:href="#sPointingRel339" value="mark"/>
		<feat xlink:href="#sPointingRel341" value="conj"/>
		<feat xlink:href="#sPointingRel343" value="obl"/>
		<feat xlink:href="#sPointingRel345" value="det"/>
		<feat xlink:href="#sPointingRel347" value="conj"/>
		<feat xlink:href="#sPointingRel349" value="mark"/>
		<feat xlink:href="#sPointingRel351" value="mark"/>
		<feat xlink:href="#sPointingRel353" value="case"/>
		<feat xlink:href="#sPointingRel355" value="conj"/>
		<feat xlink:href="#sPointingRel357" value="advcl"/>
		<feat xlink:href="#sPointingRel359" value="det"/>
		<feat xlink:href="#sPointingRel361" value="acl"/>
		<feat xlink:href="#sPointingRel363" value="obl"/>
		<feat xlink:href="#sPointingRel365" value="advmod"/>
		<feat xlink:href="#sPointingRel367" value="obl"/>
		<feat xlink:href="#sPointingRel369" value="advmod"/>
		<feat xlink:href="#sPointingRel371" value="obl"/>
		<feat xlink:href="#sPointingRel373" value="mark"/>
		<feat xlink:href="#sPointingRel375" value="case"/>
		<feat xlink:href="#sPointingRel377" value="nmod"/>
		<feat xlink:href="#sPointingRel379" value="case"/>
		<feat xlink:href="#sPointingRel381" value="nsubj"/>
		<feat xlink:href="#sPointingRel383" value="advmod"/>
		<feat xlink:href="#sPointingRel385" value="obl"/>
		<feat xlink:href="#sPointingRel387" value="nsubj"/>
		<feat xlink:href="#sPointingRel389" value="obl"/>
		<feat xlink:href="#sPointingRel391" value="nsubj"/>
		<feat xlink:href="#sPointingRel393" value="advmod"/>
		<feat xlink:href="#sPointingRel395" value="det"/>
		<feat xlink:href="#sPointingRel397" value="obl"/>
		<feat xlink:href="#sPointingRel399" value="acl"/>
		<feat xlink:href="#sPointingRel401" value="nmod"/>
		<feat xlink:href="#sPointingRel403" value="det"/>
		<feat xlink:href="#sPointingRel405" value="case"/>
		<feat xlink:href="#sPointingRel407" value="case"/>
		<feat xlink:href="#sPointingRel409" value="nsubj"/>
		<feat xlink:href="#sPointingRel411" value="case"/>
		<feat xlink:href="#sPointingRel413" value="aux"/>
		<feat xlink:href="#sPointingRel415" value="det"/>
		<feat xlink:href="#sPointingRel417" value="nmod"/>
		<feat xlink:href="#sPointingRel419" value="advmod"/>
		<feat xlink:href="#sPointingRel421" value="det"/>
		<feat xlink:href="#sPointingRel423" value="obl"/>
		<feat xlink:href="#sPointingRel425" value="obj"/>
		<feat xlink:href="#sPointingRel427" value="nsubj"/>
		<feat xlink:href="#sPointingRel429" value="case"/>
		<feat xlink:href="#sPointingRel431" value="acl"/>
		<feat xlink:href="#sPointingRel433" value="cc"/>
		<feat xlink:href="#sPointingRel435" value="cc"/>
		<feat xlink:href="#sPointingRel437" value="dislocated"/>
		<feat xlink:href="#sPointingRel439" value="nmod"/>
		<feat xlink:href="#sPointingRel441" value="obj"/>
		<feat xlink:href="#sPointingRel443" value="nsubj"/>
		<feat xlink:href="#sPointingRel445" value="cc"/>
		<feat xlink:href="#sPointingRel447" value="case"/>
		<feat xlink:href="#sPointingRel449" value="nsubj"/>
		<feat xlink:href="#sPointingRel451" value="nmod"/>
		<feat xlink:href="#sPointingRel453" value="xcomp"/>
		<feat xlink:href="#sPointingRel455" value="case"/>
		<feat xlink:href="#sPointingRel457" value="mark"/>
		<feat xlink:href="#sPointingRel459" value="obl"/>
		<feat xlink:href="#sPointingRel461" value="obl"/>
		<feat xlink:href="#sPointingRel463" value="aux"/>
		<feat xlink:href="#sPointingRel465" value="nsubj"/>
		<feat xlink:href="#sPointingRel467" value="det"/>
		<feat xlink:href="#sPointingRel469" value="nsubj"/>
		<feat xlink:href="#sPointingRel471" value="nmod"/>
		<feat xlink:href="#sPointingRel473" value="nsubj"/>
		<feat xlink:href="#sPointingRel475" value="nsubj"/>
		<feat xlink:href="#sPointingRel477" value="case"/>
		<feat xlink:href="#sPointingRel479" value="cc"/>
		<feat xlink:href="#sPointingRel481" value="fixed"/>
		<feat xlink:href="#sPointingRel483" value="cc"/>
		<feat xlink:href="#sPointingRel485" value="nsubj"/>
		<feat xlink:href="#sPointingRel487" value="obl"/>
		<feat xlink:href="#sPointingRel489" value="det"/>
		<feat xlink:href="#sPointingRel491" value="mark"/>
		<feat xlink:href="#sPointingRel493" value="nmod"/>
		<feat xlink:href="#sPointingRel495" value="det"/>
		<feat xlink:href="#sPointingRel497" value="obl"/>
		<feat xlink:href="#sPointingRel499" value="aux"/>
		<feat xlink:href="#sPointingRel501" value="case"/>
		<feat xlink:href="#sPointingRel503" value="aux"/>
		<feat xlink:href="#sPointingRel505" value="case"/>
		<feat xlink:href="#sPointingRel507" value="case"/>
		<feat xlink:href="#sPointingRel509" value="det"/>
		<feat xlink:href="#sPointingRel511" value="conj"/>
		<feat xlink:href="#sPointingRel513" value="advmod"/>
		<feat xlink:href="#sPointingRel515" value="cc"/>
		<feat xlink:href="#sPointingRel517" value="mark"/>
		<feat xlink:href="#sPointingRel519" value="nsubj"/>
		<feat xlink:href="#sPointingRel521" value="cc"/>
		<feat xlink:href="#sPointingRel523" value="nsubj"/>
		<feat xlink:href="#sPointingRel525" value="obl"/>
		<feat xlink:href="#sPointingRel527" value="cc"/>
		<feat xlink:href="#sPointingRel529" value="obj"/>
		<feat xlink:href="#sPointingRel531" value="advmod"/>
		<feat xlink:href="#sPointingRel533" value="aux"/>
		<feat xlink:href="#sPointingRel535" value="conj"/>
		<feat xlink:href="#sPointingRel537" value="case"/>
		<feat xlink:href="#sPointingRel539" value="nmod"/>
		<feat xlink:href="#sPointingRel541" value="obl"/>
		<feat xlink:href="#sPointingRel543" value="det"/>
		<feat xlink:href="#sPointingRel545" value="advcl"/>
		<feat xlink:href="#sPointingRel547" value="aux"/>
		<feat xlink:href="#sPointingRel549" value="case"/>
		<feat xlink:href="#sPointingRel551" value="obl"/>
		<feat xlink:href="#sPointingRel553" value="case"/>
		<feat xlink:href="#sPointingRel555" value="obj"/>
		<feat xlink:href="#sPointingRel557" value="case"/>
		<feat xlink:href="#sPointingRel559" value="det"/>
		<feat xlink:href="#sPointingRel561" value="obl"/>
		<feat xlink:href="#sPointingRel563" value="mark"/>
		<feat xlink:href="#sPointingRel565" value="case"/>
		<feat xlink:href="#sPointingRel567" value="det"/>
		<feat xlink:href="#sPointingRel569" value="nsubj"/>
		<feat xlink:href="#sPointingRel571" value="appos"/>
		<feat xlink:href="#sPointingRel573" value="nsubj"/>
		<feat xlink:href="#sPointingRel575" value="case"/>
		<feat xlink:href="#sPointingRel577" value="obj"/>
		<feat xlink:href="#sPointingRel579" value="obj"/>
		<feat xlink:href="#sPointingRel581" value="case"/>
		<feat xlink:href="#sPointingRel583" value="nmod"/>
		<feat xlink:href="#sPointingRel585" value="nsubj"/>
		<feat xlink:href="#sPointingRel587" value="conj"/>
		<feat xlink:href="#sPointingRel589" value="case"/>
		<feat xlink:href="#sPointingRel591" value="mark"/>
		<feat xlink:href="#sPointingRel593" value="advmod"/>
		<feat xlink:href="#sPointingRel595" value="case"/>
		<feat xlink:href="#sPointingRel597" value="mark"/>
		<feat xlink:href="#sPointingRel599" value="mark"/>
		<feat xlink:href="#sPointingRel601" value="mark"/>
		<feat xlink:href="#sPointingRel603" value="obl"/>
		<feat xlink:href="#sPointingRel605" value="det"/>
		<feat xlink:href="#sPointingRel607" value="obj"/>
		<feat xlink:href="#sPointingRel609" value="nsubj"/>
		<feat xlink:href="#sPointingRel611" value="advmod"/>
		<feat xlink:href="#sPointingRel613" value="aux"/>
		<feat xlink:href="#sPointingRel615" value="acl"/>
		<feat xlink:href="#sPointingRel617" value="det"/>
		<feat xlink:href="#sPointingRel619" value="aux"/>
		<feat xlink:href="#sPointingRel621" value="obj"/>
		<feat xlink:href="#sPointingRel623" value="det"/>
		<feat xlink:href="#sPointingRel625" value="conj"/>
		<feat xlink:href="#sPointingRel627" value="dislocated"/>
		<feat xlink:href="#sPointingRel629" value="dislocated"/>
		<feat xlink:href="#sPointingRel631" value="det"/>
		<feat xlink:href="#sPointingRel633" value="case"/>
		<feat xlink:href="#sPointingRel635" value="mark"/>
		<feat xlink:href="#sPointingRel637" value="advmod"/>
		<feat xlink:href="#sPointingRel639" value="case"/>
		<feat xlink:href="#sPointingRel641" value="nsubj"/>
		<feat xlink:href="#sPointingRel643" value="appos"/>
		<feat xlink:href="#sPointingRel645" value="nsubj"/>
		<feat xlink:href="#sPointingRel647" value="aux"/>
		<feat xlink:href="#sPointingRel649" value="mark"/>
		<feat xlink:href="#sPointingRel651" value="conj"/>
		<feat xlink:href="#sPointingRel653" value="det"/>
		<feat xlink:href="#sPointingRel655" value="det"/>
		<feat xlink:href="#sPointingRel657" value="case"/>
		<feat xlink:href="#sPointingRel659" value="nmod"/>
		<feat xlink:href="#sPointingRel661" value="advmod"/>
		<feat xlink:href="#sPointingRel663" value="cc"/>
		<feat xlink:href="#sPointingRel665" value="acl"/>
		<feat xlink:href="#sPointingRel667" value="nmod"/>
		<feat xlink:href="#sPointingRel669" value="obl"/>
		<feat xlink:href="#sPointingRel671" value="nsubj"/>
		<feat xlink:href="#sPointingRel673" value="det"/>
		<feat xlink:href="#sPointingRel675" value="aux"/>
		<feat xlink:href="#sPointingRel677" value="mark"/>
		<feat xlink:href="#sPointingRel679" value="mark"/>
		<feat xlink:href="#sPointingRel681" value="aux"/>
		<feat xlink:href="#sPointingRel683" value="case"/>
		<feat xlink:href="#sPointingRel685" value="case"/>
		<feat xlink:href="#sPointingRel687" value="acl"/>
		<feat xlink:href="#sPointingRel689" value="det"/>
		<feat xlink:href="#sPointingRel691" value="mark"/>
		<feat xlink:href="#sPointingRel693" value="ccomp"/>
		<feat xlink:href="#sPointingRel695" value="case"/>
		<feat xlink:href="#sPointingRel697" value="appos"/>
		<feat xlink:href="#sPointingRel699" value="xcomp"/>
		<feat xlink:href="#sPointingRel701" value="obl"/>
		<feat xlink:href="#sPointingRel703" value="nmod"/>
		<feat xlink:href="#sPointingRel705" value="case"/>
		<feat xlink:href="#sPointingRel707" value="obl"/>
		<feat xlink:href="#sPointingRel709" value="nsubj"/>
		<feat xlink:href="#sPointingRel711" value="det"/>
		<feat xlink:href="#sPointingRel713" value="nsubj"/>
		<feat xlink:href="#sPointingRel715" value="advmod"/>
		<feat xlink:href="#sPointingRel717" value="case"/>
		<feat xlink:href="#sPointingRel719" value="obj"/>
		<feat xlink:href="#sPointingRel721" value="nmod"/>
		<feat xlink:href="#sPointingRel723" value="mark"/>
		<feat xlink:href="#sPointingRel725" value="nsubj"/>
		<feat xlink:href="#sPointingRel727" value="det"/>
		<feat xlink:href="#sPointingRel729" value="mark"/>
		<feat xlink:href="#sPointingRel731" value="case"/>
		<feat xlink:href="#sPointingRel733" value="nsubj"/>
		<feat xlink:href="#sPointingRel735" value="obl"/>
		<feat xlink:href="#sPointingRel737" value="obj"/>
		<feat xlink:href="#sPointingRel739" value="obl"/>
		<feat xlink:href="#sPointingRel741" value="obj"/>
		<feat xlink:href="#sPointingRel743" value="conj"/>
		<feat xlink:href="#sPointingRel745" value="cc"/>
		<feat xlink:href="#sPointingRel747" value="cc"/>
		<feat xlink:href="#sPointingRel749" value="det"/>
		<feat xlink:href="#sPointingRel751" value="fixed"/>
		<feat xlink:href="#sPointingRel753" value="nsubj"/>
		<feat xlink:href="#sPointingRel755" value="case"/>
		<feat xlink:href="#sPointingRel757" value="advmod"/>
		<feat xlink:href="#sPointingRel759" value="mark"/>
		<feat xlink:href="#sPointingRel761" value="det"/>
		<feat xlink:href="#sPointingRel763" value="det"/>
		<feat xlink:href="#sPointingRel765" value="xcomp"/>
		<feat xlink:href="#sPointingRel767" value="case"/>
		<feat xlink:href="#sPointingRel769" value="ccomp"/>
		<feat xlink:href="#sPointingRel771" value="advcl"/>
		<feat xlink:href="#sPointingRel773" value="obl"/>
		<feat xlink:href="#sPointingRel775" value="nsubj"/>
		<feat xlink:href="#sPointingRel777" value="mark"/>
		<feat xlink:href="#sPointingRel779" value="det"/>
		<feat xlink:href="#sPointingRel781" value="advcl"/>
		<feat xlink:href="#sPointingRel783" value="obj"/>
		<feat xlink:href="#sPointingRel785" value="cc"/>
		<feat xlink:href="#sPointingRel787" value="nsubj"/>
		<feat xlink:href="#sPointingRel789" value="case"/>
		<feat xlink:href="#sPointingRel791" value="iobj"/>
		<feat xlink:href="#sPointingRel793" value="det"/>
		<feat xlink:href="#sPointingRel795" value="aux"/>
		<feat xlink:href="#sPointingRel797" value="aux"/>
		<feat xlink:href="#sPointingRel799" value="cc"/>
		<feat xlink:href="#sPointingRel801" value="nmod"/>
		<feat xlink:href="#sPointingRel803" value="conj"/>
		<feat xlink:href="#sPointingRel805" value="mark"/>
		<feat xlink:href="#sPointingRel807" value="aux"/>
		<feat xlink:href="#sPointingRel809" value="nsubj"/>
		<feat xlink:href="#sPointingRel811" value="case"/>
		<feat xlink:href="#sPointingRel813" value="conj"/>
		<feat xlink:href="#sPointingRel815" value="nsubj"/>
		<feat xlink:href="#sPointingRel817" value="obl"/>
		<feat xlink:href="#sPointingRel819" value="det"/>
		<feat xlink:href="#sPointingRel821" value="acl"/>
		<feat xlink:href="#sPointingRel823" value="nsubj"/>
		<feat xlink:href="#sPointingRel825" value="nsubj"/>
		<feat xlink:href="#sPointingRel827" value="obj"/>
		<feat xlink:href="#sPointingRel829" value="obl"/>
		<feat xlink:href="#sPointingRel831" value="det"/>
		<feat xlink:href="#sPointingRel833" value="mark"/>
		<feat xlink:href="#sPointingRel835" value="nsubj"/>
		<feat xlink:href="#sPointingRel837" value="det"/>
		<feat xlink:href="#sPointingRel839" value="case"/>
		<feat xlink:href="#sPointingRel841" value="case"/>
		<feat xlink:href="#sPointingRel843" value="aux"/>
		<feat xlink:href="#sPointingRel845" value="det"/>
		<feat xlink:href="#sPointingRel847" value="advmod"/>
		<feat xlink:href="#sPointingRel849" value="obl"/>
		<feat xlink:href="#sPointingRel851" value="case"/>
		<feat xlink:href="#sPointingRel853" value="det"/>
		<feat xlink:href="#sPointingRel855" value="fixed"/>
		<feat xlink:href="#sPointingRel857" value="case"/>
		<feat xlink:href="#sPointingRel859" value="det"/>
		<feat xlink:href="#sPointingRel861" value="conj"/>
		<feat xlink:href="#sPointingRel863" value="dislocated"/>
		<feat xlink:href="#sPointingRel865" value="det"/>
		<feat xlink:href="#sPointingRel867" value="appos"/>
		<feat xlink:href="#sPointingRel869" value="obj"/>
		<feat xlink:href="#sPointingRel871" value="aux"/>
		<feat xlink:href="#sPointingRel873" value="ccomp"/>
		<feat xlink:href="#sPointingRel875" value="aux"/>
		<feat xlink:href="#sPointingRel877" value="cc"/>
		<feat xlink:href="#sPointingRel879" value="obj"/>
		<feat xlink:href="#sPointingRel881" value="nsubj"/>
		<feat xlink:href="#sPointingRel883" value="det"/>
		<feat xlink:href="#sPointingRel885" value="nmod"/>
		<feat xlink:href="#sPointingRel887" value="nsubj"/>
		<feat xlink:href="#sPointingRel889" value="det"/>
		<feat xlink:href="#sPointingRel891" value="case"/>
		<feat xlink:href="#sPointingRel893" value="cc"/>
		<feat xlink:href="#sPointingRel895" value="mark"/>
		<feat xlink:href="#sPointingRel897" value="ccomp"/>
		<feat xlink:href="#sPointingRel899" value="advmod"/>
		<feat xlink:href="#sPointingRel901" value="nsubj"/>
		<feat xlink:href="#sPointingRel903" value="advmod"/>
		<feat xlink:href="#sPointingRel905" value="case"/>
		<feat xlink:href="#sPointingRel907" value="cop"/>
		<feat xlink:href="#sPointingRel909" value="obj"/>
		<feat xlink:href="#sPointingRel911" value="obj"/>
		<feat xlink:href="#sPointingRel913" value="nsubj"/>
		<feat xlink:href="#sPointingRel915" value="aux"/>
		<feat xlink:href="#sPointingRel917" value="advmod"/>
		<feat xlink:href="#sPointingRel919" value="obl"/>
		<feat xlink:href="#sPointingRel921" value="obj"/>
		<feat xlink:href="#sPointingRel923" value="det"/>
		<feat xlink:href="#sPointingRel925" value="case"/>
		<feat xlink:href="#sPointingRel927" value="det"/>
		<feat xlink:href="#sPointingRel929" value="det"/>
		<feat xlink:href="#sPointingRel931" value="obl"/>
		<feat xlink:href="#sPointingRel933" value="acl"/>
		<feat xlink:href="#sPointingRel935" value="cc"/>
		<feat xlink:href="#sPointingRel937" value="advcl"/>
		<feat xlink:href="#sPointingRel939" value="conj"/>
		<feat xlink:href="#sPointingRel941" value="mark"/>
		<feat xlink:href="#sPointingRel943" value="det"/>
		<feat xlink:href="#sPointingRel945" value="nsubj"/>
		<feat xlink:href="#sPointingRel947" value="aux"/>
		<feat xlink:href="#sPointingRel949" value="obl"/>
		<feat xlink:href="#sPointingRel951" value="acl"/>
		<feat xlink:href="#sPointingRel953" value="case"/>
		<feat xlink:href="#sPointingRel955" value="mark"/>
		<feat xlink:href="#sPointingRel957" value="case"/>
		<feat xlink:href="#sPointingRel959" value="cc"/>
		<feat xlink:href="#sPointingRel961" value="mark"/>
		<feat xlink:href="#sPointingRel963" value="det"/>
		<feat xlink:href="#sPointingRel965" value="obl"/>
		<feat xlink:href="#sPointingRel967" value="cc"/>
		<feat xlink:href="#sPointingRel969" value="case"/>
		<feat xlink:href="#sPointingRel971" value="obl"/>
		<feat xlink:href="#sPointingRel973" value="nsubj"/>
		<feat xlink:href="#sPointingRel975" value="nsubj"/>
		<feat xlink:href="#sPointingRel977" value="obj"/>
		<feat xlink:href="#sPointingRel979" value="nsubj"/>
		<feat xlink:href="#sPointingRel981" value="det"/>
		<feat xlink:href="#sPointingRel983" value="advmod"/>
		<feat xlink:href="#sPointingRel985" value="obl"/>
		<feat xlink:href="#sPointingRel987" value="det"/>
		<feat xlink:href="#sPointingRel989" value="case"/>
		<feat xlink:href="#sPointingRel991" value="nmod"/>
		<feat xlink:href="#sPointingRel993" value="mark"/>
		<feat xlink:href="#sPointingRel995" value="case"/>
		<feat xlink:href="#sPointingRel997" value="cc"/>
		<feat xlink:href="#sPointingRel999" value="xcomp"/>
		<feat xlink:href="#sPointingRel1001" value="advmod"/>
		<feat xlink:href="#sPointingRel1003" value="mark"/>
		<feat xlink:href="#sPointingRel1005" value="acl"/>
		<feat xlink:href="#sPointingRel1007" value="nsubj"/>
		<feat xlink:href="#sPointingRel1009" value="cc"/>
		<feat xlink:href="#sPointingRel1011" value="case"/>
		<feat xlink:href="#sPointingRel1013" value="cc"/>
		<feat xlink:href="#sPointingRel1015" value="obj"/>
		<feat xlink:href="#sPointingRel1017" value="case"/>
		<feat xlink:href="#sPointingRel1019" value="obl"/>
		<feat xlink:href="#sPointingRel1021" value="cc"/>
		<feat xlink:href="#sPointingRel1023" value="case"/>
		<feat xlink:href="#sPointingRel1025" value="advcl"/>
		<feat xlink:href="#sPointingRel1027" value="aux"/>
		<feat xlink:href="#sPointingRel1029" value="advmod"/>
		<feat xlink:href="#sPointingRel1031" value="case"/>
		<feat xlink:href="#sPointingRel1033" value="xcomp"/>
		<feat xlink:href="#sPointingRel1035" value="det"/>
		<feat xlink:href="#sPointingRel1037" value="nsubj"/>
		<feat xlink:href="#sPointingRel1039" value="cc"/>
		<feat xlink:href="#sPointingRel1041" value="case"/>
		<feat xlink:href="#sPointingRel1043" value="case"/>
		<feat xlink:href="#sPointingRel1045" value="ccomp"/>
		<feat xlink:href="#sPointingRel1047" value="obl"/>
		<feat xlink:href="#sPointingRel1049" value="aux"/>
		<feat xlink:href="#sPointingRel1051" value="mark"/>
		<feat xlink:href="#sPointingRel1053" value="nsubj"/>
		<feat xlink:href="#sPointingRel1055" value="case"/>
		<feat xlink:href="#sPointingRel1057" value="nmod"/>
		<feat xlink:href="#sPointingRel1059" value="case"/>
		<feat xlink:href="#sPointingRel1061" value="case"/>
		<feat xlink:href="#sPointingRel1063" value="obj"/>
		<feat xlink:href="#sPointingRel1065" value="case"/>
		<feat xlink:href="#sPointingRel1067" value="aux"/>
		<feat xlink:href="#sPointingRel1069" value="advmod"/>
		<feat xlink:href="#sPointingRel1071" value="obl"/>
		<feat xlink:href="#sPointingRel1073" value="nsubj"/>
		<feat xlink:href="#sPointingRel1075" value="aux"/>
		<feat xlink:href="#sPointingRel1077" value="obl"/>
		<feat xlink:href="#sPointingRel1079" value="det"/>
		<feat xlink:href="#sPointingRel1081" value="case"/>
		<feat xlink:href="#sPointingRel1083" value="obj"/>
		<feat xlink:href="#sPointingRel1085" value="cc"/>
		<feat xlink:href="#sPointingRel1087" value="obj"/>
		<feat xlink:href="#sPointingRel1089" value="obl"/>
		<feat xlink:href="#sPointingRel1091" value="det"/>
		<feat xlink:href="#sPointingRel1093" value="advmod"/>
		<feat xlink:href="#sPointingRel1095" value="ccomp"/>
		<feat xlink:href="#sPointingRel1097" value="cc"/>
		<feat xlink:href="#sPointingRel1099" value="obj"/>
		<feat xlink:href="#sPointingRel1101" value="mark"/>
		<feat xlink:href="#sPointingRel1103" value="nsubj"/>
		<feat xlink:href="#sPointingRel1105" value="obj"/>
		<feat xlink:href="#sPointingRel1107" value="ccomp"/>
		<feat xlink:href="#sPointingRel1109" value="case"/>
		<feat xlink:href="#sPointingRel1111" value="det"/>
		<feat xlink:href="#sPointingRel1113" value="cc"/>
		<feat xlink:href="#sPointingRel1115" value="mark"/>
		<feat xlink:href="#sPointingRel1117" value="det"/>
		<feat xlink:href="#sPointingRel1119" value="mark"/>
		<feat xlink:href="#sPointingRel1121" value="obl"/>
		<feat xlink:href="#sPointingRel1123" value="conj"/>
		<feat xlink:href="#sPointingRel1125" value="advmod"/>
		<feat xlink:href="#sPointingRel1127" value="mark"/>
		<feat xlink:href="#sPointingRel1129" value="acl"/>
		<feat xlink:href="#sPointingRel1131" value="det"/>
		<feat xlink:href="#sPointingRel1133" value="advmod"/>
		<feat xlink:href="#sPointingRel1135" value="mark"/>
		<feat xlink:href="#sPointingRel1137" value="mark"/>
		<feat xlink:href="#sPointingRel1139" value="mark"/>
		<feat xlink:href="#sPointingRel1141" value="obj"/>
		<feat xlink:href="#sPointingRel1143" value="det"/>
		<feat xlink:href="#sPointingRel1145" value="nsubj"/>
		<feat xlink:href="#sPointingRel1147" value="case"/>
		<feat xlink:href="#sPointingRel1149" value="cc"/>
		<feat xlink:href="#sPointingRel1151" value="case"/>
		<feat xlink:href="#sPointingRel1153" value="obj"/>
		<feat xlink:href="#sPointingRel1155" value="nsubj"/>
		<feat xlink:href="#sPointingRel1157" value="mark"/>
		<feat xlink:href="#sPointingRel1159" value="obl"/>
		<feat xlink:href="#sPointingRel1161" value="dislocated"/>
		<feat xlink:href="#sPointingRel1163" value="det"/>
		<feat xlink:href="#sPointingRel1165" value="det"/>
		<feat xlink:href="#sPointingRel1167" value="nmod"/>
		<feat xlink:href="#sPointingRel1169" value="case"/>
		<feat xlink:href="#sPointingRel1171" value="nsubj"/>
		<feat xlink:href="#sPointingRel1173" value="obl"/>
		<feat xlink:href="#sPointingRel1175" value="mark"/>
		<feat xlink:href="#sPointingRel1177" value="acl"/>
		<feat xlink:href="#sPointingRel1179" value="det"/>
		<feat xlink:href="#sPointingRel1181" value="advcl"/>
		<feat xlink:href="#sPointingRel1183" value="conj"/>
		<feat xlink:href="#sPointingRel1185" value="advmod"/>
		<feat xlink:href="#sPointingRel1187" value="nmod"/>
		<feat xlink:href="#sPointingRel1189" value="mark"/>
		<feat xlink:href="#sPointingRel1191" value="parataxis"/>
		<feat xlink:href="#sPointingRel1193" value="acl"/>
		<feat xlink:href="#sPointingRel1195" value="case"/>
		<feat xlink:href="#sPointingRel1197" value="aux"/>
		<feat xlink:href="#sPointingRel1199" value="xcomp"/>
		<feat xlink:href="#sPointingRel1201" value="aux"/>
		<feat xlink:href="#sPointingRel1203" value="case"/>
		<feat xlink:href="#sPointingRel1205" value="case"/>
		<feat xlink:href="#sPointingRel1207" value="nsubj"/>
		<feat xlink:href="#sPointingRel1209" value="xcomp"/>
		<feat xlink:href="#sPointingRel1211" value="nsubj"/>
		<feat xlink:href="#sPointingRel1213" value="case"/>
		<feat xlink:href="#sPointingRel1215" value="case"/>
		<feat xlink:href="#sPointingRel1217" value="nsubj"/>
		<feat xlink:href="#sPointingRel1219" value="obl"/>
		<feat xlink:href="#sPointingRel1221" value="mark"/>
		<feat xlink:href="#sPointingRel1223" value="det"/>
		<feat xlink:href="#sPointingRel1225" value="aux"/>
		<feat xlink:href="#sPointingRel1227" value="xcomp"/>
		<feat xlink:href="#sPointingRel1229" value="acl"/>
		<feat xlink:href="#sPointingRel1231" value="case"/>
		<feat xlink:href="#sPointingRel1233" value="det"/>
		<feat xlink:href="#sPointingRel1235" value="det"/>
		<feat xlink:href="#sPointingRel1237" value="advmod"/>
		<feat xlink:href="#sPointingRel1239" value="mark"/>
		<feat xlink:href="#sPointingRel1241" value="xcomp"/>
		<feat xlink:href="#sPointingRel1243" value="case"/>
		<feat xlink:href="#sPointingRel1245" value="obl:npmod"/>
		<feat xlink:href="#sPointingRel1247" value="case"/>
		<feat xlink:href="#sPointingRel1249" value="obl"/>
		<feat xlink:href="#sPointingRel1251" value="det"/>
		<feat xlink:href="#sPointingRel1253" value="ccomp"/>
		<feat xlink:href="#sPointingRel1255" value="case"/>
		<feat xlink:href="#sPointingRel1257" value="cc"/>
		<feat xlink:href="#sPointingRel1259" value="cc"/>
		<feat xlink:href="#sPointingRel1261" value="case"/>
		<feat xlink:href="#sPointingRel1263" value="det"/>
		<feat xlink:href="#sPointingRel1265" value="conj"/>
		<feat xlink:href="#sPointingRel1267" value="cop"/>
		<feat xlink:href="#sPointingRel1269" value="case"/>
		<feat xlink:href="#sPointingRel1271" value="mark"/>
		<feat xlink:href="#sPointingRel1273" value="case"/>
		<feat xlink:href="#sPointingRel1275" value="mark"/>
		<feat xlink:href="#sPointingRel1277" value="advmod"/>
		<feat xlink:href="#sPointingRel1279" value="case"/>
		<feat xlink:href="#sPointingRel1281" value="obj"/>
		<feat xlink:href="#sPointingRel1283" value="parataxis"/>
		<feat xlink:href="#sPointingRel1285" value="cop"/>
		<feat xlink:href="#sPointingRel1287" value="case"/>
		<feat xlink:href="#sPointingRel1289" value="det"/>
		<feat xlink:href="#sPointingRel1291" value="det"/>
		<feat xlink:href="#sPointingRel1293" value="det"/>
		<feat xlink:href="#sPointingRel1295" value="nsubj"/>
		<feat xlink:href="#sPointingRel1297" value="acl"/>
		<feat xlink:href="#sPointingRel1299" value="aux"/>
		<feat xlink:href="#sPointingRel1301" value="advmod"/>
		<feat xlink:href="#sPointingRel1303" value="obj"/>
		<feat xlink:href="#sPointingRel1305" value="det"/>
		<feat xlink:href="#sPointingRel1307" value="nmod"/>
		<feat xlink:href="#sPointingRel1309" value="advmod"/>
		<feat xlink:href="#sPointingRel1311" value="case"/>
		<feat xlink:href="#sPointingRel1313" value="obl"/>
		<feat xlink:href="#sPointingRel1315" value="case"/>
		<feat xlink:href="#sPointingRel1317" value="case"/>
		<feat xlink:href="#sPointingRel1319" value="det"/>
		<feat xlink:href="#sPointingRel1321" value="obl"/>
		<feat xlink:href="#sPointingRel1323" value="obl"/>
		<feat xlink:href="#sPointingRel1325" value="mark"/>
		<feat xlink:href="#sPointingRel1327" value="case"/>
		<feat xlink:href="#sPointingRel1329" value="mark"/>
		<feat xlink:href="#sPointingRel1331" value="aux"/>
		<feat xlink:href="#sPointingRel1333" value="conj"/>
		<feat xlink:href="#sPointingRel1335" value="conj"/>
		<feat xlink:href="#sPointingRel1337" value="det"/>
		<feat xlink:href="#sPointingRel1339" value="nsubj"/>
		<feat xlink:href="#sPointingRel1341" value="acl"/>
		<feat xlink:href="#sPointingRel1343" value="nsubj"/>
		<feat xlink:href="#sPointingRel1345" value="advmod"/>
		<feat xlink:href="#sPointingRel1347" value="det"/>
		<feat xlink:href="#sPointingRel1349" value="case"/>
		<feat xlink:href="#sPointingRel1351" value="obj"/>
		<feat xlink:href="#sPointingRel1353" value="acl"/>
		<feat xlink:href="#sPointingRel1355" value="conj"/>
		<feat xlink:href="#sPointingRel1357" value="det"/>
		<feat xlink:href="#sPointingRel1359" value="aux"/>
		<feat xlink:href="#sPointingRel1361" value="det"/>
		<feat xlink:href="#sPointingRel1363" value="det"/>
		<feat xlink:href="#sPointingRel1365" value="det"/>
		<feat xlink:href="#sPointingRel1367" value="advmod"/>
		<feat xlink:href="#sPointingRel1369" value="det"/>
		<feat xlink:href="#sPointingRel1371" value="obj"/>
		<feat xlink:href="#sPointingRel1373" value="advcl"/>
		<feat xlink:href="#sPointingRel1375" value="aux"/>
		<feat xlink:href="#sPointingRel1377" value="case"/>
		<feat xlink:href="#sPointingRel1379" value="det"/>
		<feat xlink:href="#sPointingRel1381" value="det"/>
		<feat xlink:href="#sPointingRel1383" value="case"/>
		<feat xlink:href="#sPointingRel1385" value="advmod"/>
		<feat xlink:href="#sPointingRel1387" value="mark"/>
		<feat xlink:href="#sPointingRel1389" value="advmod"/>
		<feat xlink:href="#sPointingRel1391" value="det"/>
		<feat xlink:href="#sPointingRel1393" value="nmod"/>
		<feat xlink:href="#sPointingRel1395" value="obl"/>
		<feat xlink:href="#sPointingRel1397" value="mark"/>
		<feat xlink:href="#sPointingRel1399" value="obl"/>
		<feat xlink:href="#sPointingRel1401" value="obl"/>
		<feat xlink:href="#sPointingRel1403" value="case"/>
		<feat xlink:href="#sPointingRel1405" value="obl"/>
		<feat xlink:href="#sPointingRel1407" value="aux"/>
		<feat xlink:href="#sPointingRel1409" value="det"/>
		<feat xlink:href="#sPointingRel1411" value="mark"/>
		<feat xlink:href="#sPointingRel1413" value="obj"/>
		<feat xlink:href="#sPointingRel1415" value="obl"/>
		<feat xlink:href="#sPointingRel1417" value="case"/>
		<feat xlink:href="#sPointingRel1419" value="obl"/>
		<feat xlink:href="#sPointingRel1421" value="case"/>
		<feat xlink:href="#sPointingRel1423" value="obl"/>
		<feat xlink:href="#sPointingRel1425" value="cc"/>
		<feat xlink:href="#sPointingRel1427" value="acl"/>
		<feat xlink:href="#sPointingRel1429" value="mark"/>
		<feat xlink:href="#sPointingRel1431" value="conj"/>
		<feat xlink:href="#sPointingRel1433" value="ccomp"/>
		<feat xlink:href="#sPointingRel1435" value="cc"/>
		<feat xlink:href="#sPointingRel1437" value="case"/>
		<feat xlink:href="#sPointingRel1439" value="nsubj"/>
		<feat xlink:href="#sPointingRel1441" value="det"/>
		<feat xlink:href="#sPointingRel1443" value="amod"/>
		<feat xlink:href="#sPointingRel1445" value="acl"/>
		<feat xlink:href="#sPointingRel1447" value="case"/>
		<feat xlink:href="#sPointingRel1449" value="dislocated"/>
		<feat xlink:href="#sPointingRel1451" value="det"/></featList></paula>