<?xml version='1.0' encoding='UTF-8'?><!DOCTYPE paula SYSTEM "paula_feat.dtd">
<paula version="1.1">
	<header paula_id="scriptorium.shenoute.those.GF259-262.mark_hi_rend"/>
	<featList xmlns:xlink="http://www.w3.org/1999/xlink" type="hi_rend" xml:base="scriptorium.shenoute.those.GF259-262.mark.xml">
		<feat xlink:href="#sSpan301" value="ekthetic large"/>
		<feat xlink:href="#sSpan477" value="ekthetic large"/>
		<feat xlink:href="#sSpan597" value="ekthetic large"/>
		<feat xlink:href="#sSpan735" value="ekthetic large"/>
		<feat xlink:href="#sSpan792" value="ekthetic large"/>
		<feat xlink:href="#sSpan832" value="ekthetic large"/>
		<feat xlink:href="#sSpan1024" value="ekthetic large"/>
		<feat xlink:href="#sSpan1150" value="ekthetic large"/>
		<feat xlink:href="#sSpan1404" value="ekthetic large"/>
		<feat xlink:href="#sSpan1837" value="ekthetic large"/>
		<feat xlink:href="#sSpan1896" value="ekthetic large"/>
		<feat xlink:href="#sSpan1933" value="ekthetic large"/>
		<feat xlink:href="#sSpan2079" value="ekthetic large"/>
		<feat xlink:href="#sSpan2385" value="ekthetic large"/>
		<feat xlink:href="#sSpan2670" value="ekthetic large"/></featList></paula>