<?xml version='1.0' encoding='UTF-8'?><!DOCTYPE paula SYSTEM "paula_feat.dtd">
<paula version="1.1">
	<header paula_id="scriptorium.shenoute.those.GF259-262.mark_lang"/>
	<featList xmlns:xlink="http://www.w3.org/1999/xlink" type="lang" xml:base="scriptorium.shenoute.those.GF259-262.mark.xml">
		<feat xlink:href="#sSpan59" value="Greek"/>
		<feat xlink:href="#sSpan81" value="Greek"/>
		<feat xlink:href="#sSpan205" value="Greek"/>
		<feat xlink:href="#sSpan216" value="Greek"/>
		<feat xlink:href="#sSpan258" value="Greek"/>
		<feat xlink:href="#sSpan286" value="Greek"/>
		<feat xlink:href="#sSpan396" value="Greek"/>
		<feat xlink:href="#sSpan497" value="Greek"/>
		<feat xlink:href="#sSpan624" value="Greek"/>
		<feat xlink:href="#sSpan638" value="Greek"/>
		<feat xlink:href="#sSpan750" value="Greek"/>
		<feat xlink:href="#sSpan764" value="Greek"/>
		<feat xlink:href="#sSpan772" value="Hebrew"/>
		<feat xlink:href="#sSpan833" value="Greek"/>
		<feat xlink:href="#sSpan1003" value="Greek"/>
		<feat xlink:href="#sSpan1064" value="Greek"/>
		<feat xlink:href="#sSpan1137" value="Greek"/>
		<feat xlink:href="#sSpan1159" value="Greek"/>
		<feat xlink:href="#sSpan1175" value="Greek"/>
		<feat xlink:href="#sSpan1195" value="Greek"/>
		<feat xlink:href="#sSpan1230" value="Greek"/>
		<feat xlink:href="#sSpan1242" value="Greek"/>
		<feat xlink:href="#sSpan1271" value="Greek"/>
		<feat xlink:href="#sSpan1306" value="Greek"/>
		<feat xlink:href="#sSpan1529" value="Greek"/>
		<feat xlink:href="#sSpan1633" value="Greek"/>
		<feat xlink:href="#sSpan1694" value="Greek"/>
		<feat xlink:href="#sSpan1767" value="Greek"/>
		<feat xlink:href="#sSpan1789" value="Hebrew"/>
		<feat xlink:href="#sSpan1838" value="Greek"/>
		<feat xlink:href="#sSpan1939" value="Greek"/>
		<feat xlink:href="#sSpan1947" value="Greek"/>
		<feat xlink:href="#sSpan1976" value="Greek"/>
		<feat xlink:href="#sSpan1996" value="Greek"/>
		<feat xlink:href="#sSpan2094" value="Greek"/>
		<feat xlink:href="#sSpan2201" value="Hebrew"/>
		<feat xlink:href="#sSpan2217" value="Greek"/>
		<feat xlink:href="#sSpan2270" value="Greek"/>
		<feat xlink:href="#sSpan2322" value="Greek"/>
		<feat xlink:href="#sSpan2340" value="Greek"/>
		<feat xlink:href="#sSpan2363" value="Greek"/>
		<feat xlink:href="#sSpan2378" value="Hebrew"/>
		<feat xlink:href="#sSpan2433" value="Greek"/>
		<feat xlink:href="#sSpan2572" value="Greek"/>
		<feat xlink:href="#sSpan2781" value="Greek"/></featList></paula>