<?xml version='1.0' encoding='UTF-8'?><!DOCTYPE paula SYSTEM "paula_feat.dtd">
<paula version="1.1">
	<header paula_id="scriptorium.shenoute.those.GF259-262.mark_translation"/>
	<featList xmlns:xlink="http://www.w3.org/1999/xlink" type="translation" xml:base="scriptorium.shenoute.those.GF259-262.mark.xml">
		<feat xlink:href="#sSpan7" value="..."/>
		<feat xlink:href="#sSpan47" value="..."/>
		<feat xlink:href="#sSpan107" value="..."/>
		<feat xlink:href="#sSpan160" value="..."/>
		<feat xlink:href="#sSpan203" value="..."/>
		<feat xlink:href="#sSpan307" value="..."/>
		<feat xlink:href="#sSpan483" value="..."/>
		<feat xlink:href="#sSpan603" value="..."/>
		<feat xlink:href="#sSpan741" value="..."/>
		<feat xlink:href="#sSpan839" value="..."/>
		<feat xlink:href="#sSpan1022" value="..."/>
		<feat xlink:href="#sSpan1156" value="..."/>
		<feat xlink:href="#sSpan1247" value="..."/>
		<feat xlink:href="#sSpan1311" value="..."/>
		<feat xlink:href="#sSpan1410" value="..."/>
		<feat xlink:href="#sSpan1508" value="..."/>
		<feat xlink:href="#sSpan1699" value="..."/>
		<feat xlink:href="#sSpan1832" value="..."/>
		<feat xlink:href="#sSpan1903" value="..."/>
		<feat xlink:href="#sSpan1988" value="..."/>
		<feat xlink:href="#sSpan2085" value="..."/>
		<feat xlink:href="#sSpan2257" value="..."/>
		<feat xlink:href="#sSpan2309" value="..."/>
		<feat xlink:href="#sSpan2391" value="..."/>
		<feat xlink:href="#sSpan2517" value="..."/>
		<feat xlink:href="#sSpan2624" value="..."/>
		<feat xlink:href="#sSpan2677" value="..."/></featList></paula>