<?xml version='1.0' encoding='UTF-8'?><!DOCTYPE paula SYSTEM "paula_feat.dtd">
<paula version="1.1">
	<header paula_id="scriptorium.1Cor_03.mark_norm_group"/>
	<featList xmlns:xlink="http://www.w3.org/1999/xlink" type="norm_group" xml:base="scriptorium.1Cor_03.mark.xml">
		<feat xlink:href="#sSpan3" value="ⲁⲛⲟⲕ"/>
		<feat xlink:href="#sSpan14" value="ϩⲱ"/>
		<feat xlink:href="#sSpan19" value="ⲛⲁⲥⲛⲏⲩ"/>
		<feat xlink:href="#sSpan25" value="ⲙⲡⲓϣϭⲙϭⲟⲙ"/>
		<feat xlink:href="#sSpan35" value="ⲉϣⲁϫⲉ"/>
		<feat xlink:href="#sSpan41" value="ⲛⲙⲙⲏⲧⲛ"/>
		<feat xlink:href="#sSpan48" value="ϩⲱⲥ"/>
		<feat xlink:href="#sSpan54" value="ⲡⲛⲉⲩⲙⲁⲧⲓⲕⲟⲥ"/>
		<feat xlink:href="#sSpan58" value="."/>
		<feat xlink:href="#sSpan63" value="ⲁⲗⲗⲁ"/>
		<feat xlink:href="#sSpan68" value="ϩⲱⲥ"/>
		<feat xlink:href="#sSpan74" value="ⲥⲁⲣⲕⲓⲕⲟⲥ"/>
		<feat xlink:href="#sSpan79" value="ϩⲱⲥ"/>
		<feat xlink:href="#sSpan83" value="ⲕⲟⲩⲓ"/>
		<feat xlink:href="#sSpan88" value="ϩⲙⲡⲉⲭⲣⲓⲥⲧⲟⲥ"/>
		<feat xlink:href="#sSpan98" value="."/>
		<feat xlink:href="#sSpan102" value="ⲁⲓⲧⲥⲉⲧⲛ"/>
		<feat xlink:href="#sSpan119" value="ⲉⲣⲱⲧⲉ"/>
		<feat xlink:href="#sSpan123" value="ⲛⲟⲩϩⲣⲉ"/>
		<feat xlink:href="#sSpan132" value="ⲁⲛ"/>
		<feat xlink:href="#sSpan136" value="."/>
		<feat xlink:href="#sSpan140" value="ⲛⲉⲙⲡⲁⲧⲉⲧⲛⲉϣϭⲙϭⲟⲙ"/>
		<feat xlink:href="#sSpan154" value="ⲅⲁⲣ"/>
		<feat xlink:href="#sSpan158" value="ⲡⲉ"/>
		<feat xlink:href="#sSpan162" value="."/>
		<feat xlink:href="#sSpan167" value="ⲁⲗⲗⲁ"/>
		<feat xlink:href="#sSpan171" value="ⲧⲉⲛⲟⲩ"/>
		<feat xlink:href="#sSpan175" value="ⲟⲛ"/>
		<feat xlink:href="#sSpan179" value="ⲉⲙⲡⲁⲧⲉⲧⲛⲉϣϭⲙϭⲟⲙ"/>
		<feat xlink:href="#sSpan191" value="."/>
		<feat xlink:href="#sSpan196" value="ⲉⲧⲓ"/>
		<feat xlink:href="#sSpan207" value="ⲅⲁⲣ"/>
		<feat xlink:href="#sSpan211" value="ⲛⲧⲉⲧⲛ"/>
		<feat xlink:href="#sSpan216" value="ϩⲉⲛⲥⲁⲣⲕⲓⲕⲟⲥ"/>
		<feat xlink:href="#sSpan224" value="ϩⲟⲡⲟⲩ"/>
		<feat xlink:href="#sSpan229" value="ⲅⲁⲣ"/>
		<feat xlink:href="#sSpan234" value="ⲟⲩⲛⲕⲱϩ"/>
		<feat xlink:href="#sSpan241" value="ϩⲓϯⲧⲱⲛ"/>
		<feat xlink:href="#sSpan250" value="ⲛϩⲏⲧⲧⲏⲩⲧⲛ"/>
		<feat xlink:href="#sSpan256" value="."/>
		<feat xlink:href="#sSpan260" value="ⲙⲏ"/>
		<feat xlink:href="#sSpan264" value="ⲛⲧⲉⲧⲛ"/>
		<feat xlink:href="#sSpan269" value="ϩⲉⲛⲥⲁⲣⲕⲓⲕⲟⲥ"/>
		<feat xlink:href="#sSpan276" value="ⲁⲛ"/>
		<feat xlink:href="#sSpan280" value="."/>
		<feat xlink:href="#sSpan284" value="ⲁⲩⲱ"/>
		<feat xlink:href="#sSpan288" value="ⲉⲧⲉⲧⲛⲙⲟⲟϣⲉ"/>
		<feat xlink:href="#sSpan297" value="ⲕⲁⲧⲁⲣⲱⲙⲉ"/>
		<feat xlink:href="#sSpan303" value="."/>
		<feat xlink:href="#sSpan308" value="ϩⲟⲧⲁⲛ"/>
		<feat xlink:href="#sSpan319" value="ⲅⲁⲣ"/>
		<feat xlink:href="#sSpan323" value="ⲉⲣϣⲁⲛⲟⲩⲁ"/>
		<feat xlink:href="#sSpan330" value="ϫⲟⲟⲥ"/>
		<feat xlink:href="#sSpan336" value="ϫⲉⲁⲛⲟⲕ"/>
		<feat xlink:href="#sSpan343" value="ⲙⲉⲛ"/>
		<feat xlink:href="#sSpan347" value="ⲁⲛⲅⲡⲁⲡⲁⲩⲗⲟⲥ"/>
		<feat xlink:href="#sSpan358" value="."/>
		<feat xlink:href="#sSpan362" value="ⲕⲉⲟⲩⲁ"/>
		<feat xlink:href="#sSpan370" value="ⲇⲉ"/>
		<feat xlink:href="#sSpan374" value="ϫⲉⲁⲛⲅⲡⲁⲁⲡⲟⲗⲗⲱ"/>
		<feat xlink:href="#sSpan387" value="."/>
		<feat xlink:href="#sSpan391" value="ⲙⲏ"/>
		<feat xlink:href="#sSpan395" value="ⲛⲧⲉⲧⲛ"/>
		<feat xlink:href="#sSpan400" value="ϩⲉⲛⲣⲱⲙⲉ"/>
		<feat xlink:href="#sSpan406" value="ⲁⲛ"/>
		<feat xlink:href="#sSpan410" value="."/>
		<feat xlink:href="#sSpan414" value="ⲟⲩ"/>
		<feat xlink:href="#sSpan424" value="ϭⲉ"/>
		<feat xlink:href="#sSpan428" value="ⲡⲉ"/>
		<feat xlink:href="#sSpan434" value="ⲁⲡⲟⲗⲗⲱ"/>
		<feat xlink:href="#sSpan438" value="ⲟⲩ"/>
		<feat xlink:href="#sSpan443" value="ⲇⲉ"/>
		<feat xlink:href="#sSpan447" value="ⲡⲉ"/>
		<feat xlink:href="#sSpan453" value="ⲡⲁⲩⲗⲟⲥ"/>
		<feat xlink:href="#sSpan458" value="ⲁⲗⲗⲁ"/>
		<feat xlink:href="#sSpan463" value="ϩⲉⲛⲇⲓⲁⲕⲱⲛ"/>
		<feat xlink:href="#sSpan470" value="ⲛⲉ"/>
		<feat xlink:href="#sSpan475" value="ⲉⲁⲧⲉⲧⲛⲡⲓⲥⲧⲉⲩⲉ"/>
		<feat xlink:href="#sSpan486" value="ⲉⲃⲟⲗ"/>
		<feat xlink:href="#sSpan491" value="ϩⲓⲧⲟⲟⲧⲟⲩ"/>
		<feat xlink:href="#sSpan497" value="ⲁⲩⲱ"/>
		<feat xlink:href="#sSpan501" value="ⲡⲟⲩⲁ"/>
		<feat xlink:href="#sSpan508" value="ⲡⲟⲩⲁ"/>
		<feat xlink:href="#sSpan514" value="ⲛⲧϩⲉ"/>
		<feat xlink:href="#sSpan522" value="ⲉⲛⲧⲁⲡϫⲟⲉⲓⲥ"/>
		<feat xlink:href="#sSpan533" value="ϯ"/>
		<feat xlink:href="#sSpan537" value="ⲛⲁϥ"/>
		<feat xlink:href="#sSpan543" value="."/>
		<feat xlink:href="#sSpan547" value="ⲁⲛⲟⲕ"/>
		<feat xlink:href="#sSpan556" value="ⲁⲓⲧⲱϭⲉ"/>
		<feat xlink:href="#sSpan566" value="ⲁⲡⲟⲗⲗⲱ"/>
		<feat xlink:href="#sSpan570" value="ⲡⲉⲛⲧⲁϥⲧⲥⲟ"/>
		<feat xlink:href="#sSpan582" value="."/>
		<feat xlink:href="#sSpan587" value="ⲁⲗⲗⲁ"/>
		<feat xlink:href="#sSpan592" value="ⲡⲛⲟⲩⲧⲉ"/>
		<feat xlink:href="#sSpan598" value="ⲡⲉⲛⲧⲁϥⲁⲩⲝⲁⲛⲉ"/>
		<feat xlink:href="#sSpan611" value="."/>
		<feat xlink:href="#sSpan616" value="ϩⲱⲥⲧⲉ"/>
		<feat xlink:href="#sSpan625" value="ϭⲉ"/>
		<feat xlink:href="#sSpan629" value="ⲙⲡⲁⲡⲉⲧⲧⲱϭⲉ"/>
		<feat xlink:href="#sSpan643" value="ⲁⲛ"/>
		<feat xlink:href="#sSpan647" value="ⲡⲉ"/>
		<feat xlink:href="#sSpan652" value="ⲟⲩⲇⲉ"/>
		<feat xlink:href="#sSpan656" value="ⲙⲡⲁⲡⲉⲧⲧⲥⲟ"/>
		<feat xlink:href="#sSpan670" value="ⲁⲛ"/>
		<feat xlink:href="#sSpan674" value="ⲡⲉ"/>
		<feat xlink:href="#sSpan678" value="."/>
		<feat xlink:href="#sSpan683" value="ⲁⲗⲗⲁ"/>
		<feat xlink:href="#sSpan688" value="ⲡⲛⲟⲩⲧⲉ"/>
		<feat xlink:href="#sSpan694" value="ⲡⲉ"/>
		<feat xlink:href="#sSpan698" value="ⲉⲧⲁⲩⲝⲁⲛⲉ"/>
		<feat xlink:href="#sSpan705" value="."/>
		<feat xlink:href="#sSpan710" value="ⲡⲉⲧⲧⲱϭⲉ"/>
		<feat xlink:href="#sSpan724" value="ⲇⲉ"/>
		<feat xlink:href="#sSpan728" value="ⲙⲛⲡⲉⲧⲧⲥⲟ"/>
		<feat xlink:href="#sSpan740" value="ⲟⲩⲁ"/>
		<feat xlink:href="#sSpan744" value="ⲛⲉ"/>
		<feat xlink:href="#sSpan748" value="."/>
		<feat xlink:href="#sSpan752" value="ⲡⲟⲩⲁ"/>
		<feat xlink:href="#sSpan760" value="ⲇⲉ"/>
		<feat xlink:href="#sSpan764" value="ⲡⲟⲩⲁⲛⲁϫⲓ"/>
		<feat xlink:href="#sSpan774" value="ⲙⲡⲉϥⲃⲉⲕⲉ"/>
		<feat xlink:href="#sSpan784" value="ⲕⲁⲧⲁⲡⲉϥϩⲓⲥⲉ"/>
		<feat xlink:href="#sSpan793" value="."/>
		<feat xlink:href="#sSpan797" value="ⲁⲛⲟⲛ"/>
		<feat xlink:href="#sSpan806" value="ϩⲉⲛϣⲃⲣⲣϩⲱⲃ"/>
		<feat xlink:href="#sSpan817" value="ⲅⲁⲣ"/>
		<feat xlink:href="#sSpan821" value="ⲛⲧⲉⲡⲛⲟⲩⲧⲉ"/>
		<feat xlink:href="#sSpan830" value="ⲟⲩⲙⲁ"/>
		<feat xlink:href="#sSpan837" value="ⲛⲟⲩⲟⲉⲓⲉ"/>
		<feat xlink:href="#sSpan843" value="ⲛⲧⲉⲡⲛⲟⲩⲧⲉ"/>
		<feat xlink:href="#sSpan852" value="ⲡⲉ"/>
		<feat xlink:href="#sSpan856" value="."/>
		<feat xlink:href="#sSpan860" value="ⲛⲧⲉⲧⲛⲟⲩⲕⲱⲧ"/>
		<feat xlink:href="#sSpan869" value="ⲛⲧⲉⲡⲛⲟⲩⲧⲉ"/>
		<feat xlink:href="#sSpan878" value="."/>
		<feat xlink:href="#sSpan883" value="ⲕⲁⲧⲁⲡⲉϩⲙⲟⲧ"/>
		<feat xlink:href="#sSpan898" value="ⲛⲧⲉⲡⲛⲟⲩⲧⲉ"/>
		<feat xlink:href="#sSpan907" value="ⲉⲛⲧⲁⲩⲧⲁⲁϥ"/>
		<feat xlink:href="#sSpan919" value="ⲛⲁⲓ"/>
		<feat xlink:href="#sSpan926" value="ϩⲱⲥ"/>
		<feat xlink:href="#sSpan931" value="ⲥⲟⲫⲟⲥ"/>
		<feat xlink:href="#sSpan936" value="ⲛⲁⲣⲭⲓⲧⲉⲕⲧⲱⲛ"/>
		<feat xlink:href="#sSpan943" value="."/>
		<feat xlink:href="#sSpan947" value="ⲁⲓⲕⲱ"/>
		<feat xlink:href="#sSpan956" value="ⲉϩⲣⲁⲓ"/>
		<feat xlink:href="#sSpan960" value="ⲛⲧⲥⲛⲧⲉ"/>
		<feat xlink:href="#sSpan969" value="ⲟⲩⲛϭⲉ"/>
		<feat xlink:href="#sSpan977" value="ⲇⲉ"/>
		<feat xlink:href="#sSpan981" value="ⲕⲱⲧ"/>
		<feat xlink:href="#sSpan985" value="ⲉϫⲱⲥ"/>
		<feat xlink:href="#sSpan991" value="."/>
		<feat xlink:href="#sSpan995" value="ⲡⲟⲩⲁ"/>
		<feat xlink:href="#sSpan1003" value="ⲇⲉ"/>
		<feat xlink:href="#sSpan1007" value="ⲡⲟⲩⲁ"/>
		<feat xlink:href="#sSpan1013" value="ⲙⲁⲣⲉϥϭⲱϣⲧ"/>
		<feat xlink:href="#sSpan1021" value="ϫⲉⲉϥⲕⲱⲧ"/>
		<feat xlink:href="#sSpan1031" value="ⲛⲁϣ"/>
		<feat xlink:href="#sSpan1037" value="ⲛϩⲉ"/>
		<feat xlink:href="#sSpan1043" value="."/>
		<feat xlink:href="#sSpan1047" value="ⲙⲛϭⲟⲙ"/>
		<feat xlink:href="#sSpan1060" value="ⲅⲁⲣ"/>
		<feat xlink:href="#sSpan1065" value="ⲛⲗⲁⲁⲩ"/>
		<feat xlink:href="#sSpan1071" value="ⲉⲕⲁⲕⲉⲥⲛⲧⲉ"/>
		<feat xlink:href="#sSpan1082" value="ⲉϩⲣⲁⲓ"/>
		<feat xlink:href="#sSpan1087" value="ⲡⲁⲣⲁⲧⲉⲧⲕⲏ"/>
		<feat xlink:href="#sSpan1098" value="ⲉϩⲣⲁⲓ"/>
		<feat xlink:href="#sSpan1102" value="ⲉⲧⲉⲡⲁⲓ"/>
		<feat xlink:href="#sSpan1108" value="ⲡⲉ"/>
		<feat xlink:href="#sSpan1113" value="ⲓⲏⲥⲟⲩⲥ"/>
		<feat xlink:href="#sSpan1118" value="ⲡⲉⲭⲣⲓⲥⲧⲟⲥ"/>
		<feat xlink:href="#sSpan1125" value="."/>
		<feat xlink:href="#sSpan1129" value="ⲉϣϫⲉⲟⲩⲛⲟⲩⲁ"/>
		<feat xlink:href="#sSpan1146" value="ⲇⲉ"/>
		<feat xlink:href="#sSpan1150" value="ⲛⲁⲕⲱⲧ"/>
		<feat xlink:href="#sSpan1156" value="ⲉϫⲛⲧⲉⲓⲥⲛⲧⲉ"/>
		<feat xlink:href="#sSpan1166" value="ⲟⲩⲛⲟⲩⲃ"/>
		<feat xlink:href="#sSpan1173" value="ⲟⲩϩⲁⲧ"/>
		<feat xlink:href="#sSpan1179" value="ϩⲉⲛⲉⲛⲉ"/>
		<feat xlink:href="#sSpan1186" value="ⲙⲙⲉ"/>
		<feat xlink:href="#sSpan1193" value="ϩⲉⲛϣⲉ"/>
		<feat xlink:href="#sSpan1200" value="ⲟⲩⲭⲟⲣⲧⲟⲥ"/>
		<feat xlink:href="#sSpan1208" value="ⲟⲩⲣⲟⲟⲩⲉ"/>
		<feat xlink:href="#sSpan1214" value="."/>
		<feat xlink:href="#sSpan1218" value="ⲡϩⲱⲃ"/>
		<feat xlink:href="#sSpan1231" value="ⲙⲡⲟⲩⲁ"/>
		<feat xlink:href="#sSpan1240" value="ⲡⲟⲩⲁ"/>
		<feat xlink:href="#sSpan1246" value="ⲛⲁⲟⲩⲱⲛϩ"/>
		<feat xlink:href="#sSpan1253" value="ⲉⲃⲟⲗ"/>
		<feat xlink:href="#sSpan1258" value="ⲡⲉϩⲟⲟⲩ"/>
		<feat xlink:href="#sSpan1265" value="ⲅⲁⲣ"/>
		<feat xlink:href="#sSpan1269" value="ⲛⲁⲟⲩⲟⲛϩϥ"/>
		<feat xlink:href="#sSpan1277" value="ⲉⲃⲟⲗ"/>
		<feat xlink:href="#sSpan1282" value="ϫⲉⲉϥⲛⲁϭⲱⲗⲡ"/>
		<feat xlink:href="#sSpan1295" value="ⲉⲃⲟⲗ"/>
		<feat xlink:href="#sSpan1299" value="ϩⲛⲧⲥⲁⲧⲉ"/>
		<feat xlink:href="#sSpan1308" value="ⲁⲩⲱ"/>
		<feat xlink:href="#sSpan1312" value="ⲡϩⲱⲃ"/>
		<feat xlink:href="#sSpan1319" value="ⲙⲡⲟⲩⲁ"/>
		<feat xlink:href="#sSpan1328" value="ⲡⲟⲩⲁ"/>
		<feat xlink:href="#sSpan1334" value="ⲛⲧϩⲉ"/>
		<feat xlink:href="#sSpan1342" value="ⲉⲧϥⲟ"/>
		<feat xlink:href="#sSpan1350" value="ⲙⲙⲟⲥ"/>
		<feat xlink:href="#sSpan1356" value="ⲡⲕⲱϩⲧ"/>
		<feat xlink:href="#sSpan1363" value="ⲡⲉⲧⲛⲁⲇⲟⲕⲓⲙⲁⲍⲉ"/>
		<feat xlink:href="#sSpan1374" value="ⲙⲙⲟϥ"/>
		<feat xlink:href="#sSpan1380" value="."/>
		<feat xlink:href="#sSpan1384" value="ⲡⲉⲧⲉⲣⲉⲡⲉϥϩⲱⲃ"/>
		<feat xlink:href="#sSpan1401" value="ⲛⲁϭⲱ"/>
		<feat xlink:href="#sSpan1407" value="ⲡⲁⲓ"/>
		<feat xlink:href="#sSpan1412" value="ⲉⲛⲧⲁϥⲕⲟⲧϥ"/>
		<feat xlink:href="#sSpan1424" value="ϥⲛⲁϫⲓ"/>
		<feat xlink:href="#sSpan1432" value="ⲛⲟⲩⲃⲉⲕⲉ"/>
		<feat xlink:href="#sSpan1441" value="."/>
		<feat xlink:href="#sSpan1445" value="ⲡⲉⲧⲉⲣⲉⲡⲉϥϩⲱⲃ"/>
		<feat xlink:href="#sSpan1462" value="ⲛⲁⲣⲱⲕϩ"/>
		<feat xlink:href="#sSpan1468" value="ϥⲛⲁϯⲟⲥⲉ"/>
		<feat xlink:href="#sSpan1478" value="."/>
		<feat xlink:href="#sSpan1482" value="ⲛⲧⲟϥ"/>
		<feat xlink:href="#sSpan1487" value="ⲇⲉ"/>
		<feat xlink:href="#sSpan1491" value="ϥⲛⲁⲟⲩϫⲁⲓ"/>
		<feat xlink:href="#sSpan1499" value="."/>
		<feat xlink:href="#sSpan1503" value="ⲛⲧⲉⲓϩⲉ"/>
		<feat xlink:href="#sSpan1512" value="ⲇⲉ"/>
		<feat xlink:href="#sSpan1517" value="ϩⲱⲥ"/>
		<feat xlink:href="#sSpan1521" value="ⲉⲃⲟⲗ"/>
		<feat xlink:href="#sSpan1525" value="ϩⲓⲧⲙⲡⲕⲱϩⲧ"/>
		<feat xlink:href="#sSpan1534" value="."/>
		<feat xlink:href="#sSpan1538" value="ⲛⲧⲉⲧⲛⲥⲟⲟⲩⲛ"/>
		<feat xlink:href="#sSpan1552" value="ⲁⲛ"/>
		<feat xlink:href="#sSpan1556" value="ϫⲉⲛⲧⲉⲧⲛⲡⲣⲡⲉ"/>
		<feat xlink:href="#sSpan1567" value="ⲙⲡⲛⲟⲩⲧⲉ"/>
		<feat xlink:href="#sSpan1576" value="."/>
		<feat xlink:href="#sSpan1580" value="ⲁⲩⲱ"/>
		<feat xlink:href="#sSpan1584" value="ⲡⲉⲡⲛⲉⲩⲙⲁ"/>
		<feat xlink:href="#sSpan1592" value="ⲙⲡⲛⲟⲩⲧⲉ"/>
		<feat xlink:href="#sSpan1601" value="ⲟⲩⲏϩ"/>
		<feat xlink:href="#sSpan1605" value="ⲛϩⲏⲧⲧⲏⲩⲧⲛ"/>
		<feat xlink:href="#sSpan1611" value="."/>
		<feat xlink:href="#sSpan1615" value="ⲡⲉⲧⲛⲁⲥⲱⲱϥ"/>
		<feat xlink:href="#sSpan1631" value="ⲙⲡⲣⲡⲉ"/>
		<feat xlink:href="#sSpan1640" value="ⲙⲡⲛⲟⲩⲧⲉ"/>
		<feat xlink:href="#sSpan1650" value="ⲡⲁⲓ"/>
		<feat xlink:href="#sSpan1655" value="ⲡⲛⲟⲩⲧⲉ"/>
		<feat xlink:href="#sSpan1661" value="ⲛⲁⲧⲁⲕⲟϥ"/>
		<feat xlink:href="#sSpan1669" value="ⲡⲣⲡⲉ"/>
		<feat xlink:href="#sSpan1677" value="ⲅⲁⲣ"/>
		<feat xlink:href="#sSpan1681" value="ⲙⲡⲛⲟⲩⲧⲉ"/>
		<feat xlink:href="#sSpan1690" value="ⲟⲩⲁⲁⲃ"/>
		<feat xlink:href="#sSpan1694" value="ⲉⲧⲉⲛⲧⲱⲧⲛ"/>
		<feat xlink:href="#sSpan1700" value="ⲡⲉ"/>
		<feat xlink:href="#sSpan1704" value="."/>
		<feat xlink:href="#sSpan1708" value="ⲙⲡⲣⲧⲣⲉⲗⲁⲁⲩ"/>
		<feat xlink:href="#sSpan1721" value="ⲉⲝⲁⲡⲁⲧⲁ"/>
		<feat xlink:href="#sSpan1725" value="ⲙⲙⲟϥ"/>
		<feat xlink:href="#sSpan1731" value="."/>
		<feat xlink:href="#sSpan1736" value="ⲡⲉⲧϫⲱ"/>
		<feat xlink:href="#sSpan1744" value="ⲙⲙⲟⲥ"/>
		<feat xlink:href="#sSpan1750" value="ϫⲉⲁⲛⲅⲟⲩⲥⲟⲫⲟⲥ"/>
		<feat xlink:href="#sSpan1762" value="ⲛϩⲏⲧⲧⲏⲩⲧⲛ"/>
		<feat xlink:href="#sSpan1768" value="ⲙⲁⲣⲉϥⲣⲥⲟϭ"/>
		<feat xlink:href="#sSpan1778" value="ϩⲙⲡⲉⲓⲁⲓⲱⲛ"/>
		<feat xlink:href="#sSpan1788" value="ϫⲉⲕⲁⲁⲥ"/>
		<feat xlink:href="#sSpan1792" value="ⲉϥⲉϣⲱⲡⲉ"/>
		<feat xlink:href="#sSpan1798" value="ⲛⲥⲟⲫⲟⲥ"/>
		<feat xlink:href="#sSpan1806" value="."/>
		<feat xlink:href="#sSpan1810" value="ⲧⲥⲟⲫⲓⲁ"/>
		<feat xlink:href="#sSpan1824" value="ⲅⲁⲣ"/>
		<feat xlink:href="#sSpan1828" value="ⲙⲡⲉⲓⲕⲟⲥⲙⲟⲥ"/>
		<feat xlink:href="#sSpan1839" value="ⲟⲩⲙⲛⲧⲥⲟϭ"/>
		<feat xlink:href="#sSpan1847" value="ⲧⲉ"/>
		<feat xlink:href="#sSpan1851" value="ⲛⲛⲁϩⲣⲙⲡⲛⲟⲩⲧⲉ"/>
		<feat xlink:href="#sSpan1860" value="."/>
		<feat xlink:href="#sSpan1864" value="ϥⲥⲏϩ"/>
		<feat xlink:href="#sSpan1871" value="ⲅⲁⲣ"/>
		<feat xlink:href="#sSpan1875" value="ϫⲉⲡⲉⲧϭⲱⲡⲉ"/>
		<feat xlink:href="#sSpan1886" value="ⲛⲛⲥⲟⲫⲟⲥ"/>
		<feat xlink:href="#sSpan1896" value="ϩⲛ"/>
		<feat xlink:href="#sSpan1901" value="ⲛⲉⲩⲕⲟⲧⲥ"/>
		<feat xlink:href="#sSpan1907" value="."/>
		<feat xlink:href="#sSpan1911" value="ⲁⲩⲱ"/>
		<feat xlink:href="#sSpan1920" value="ⲟⲛ"/>
		<feat xlink:href="#sSpan1924" value="ϫⲉⲡϫⲟⲉⲓⲥ"/>
		<feat xlink:href="#sSpan1933" value="ⲥⲟⲟⲩⲛ"/>
		<feat xlink:href="#sSpan1937" value="ⲛⲙⲙⲟⲕⲙⲉⲕ"/>
		<feat xlink:href="#sSpan1946" value="ⲛⲛⲥⲟⲫⲟⲥ"/>
		<feat xlink:href="#sSpan1956" value="ϫⲉ"/>
		<feat xlink:href="#sSpan1960" value="ⲥⲉϣⲟⲩⲉⲓⲧ"/>
		<feat xlink:href="#sSpan1967" value="ϩⲱⲥⲧⲉ"/>
		<feat xlink:href="#sSpan1976" value="ⲙⲡⲣⲧⲣⲉⲗⲁⲁⲩ"/>
		<feat xlink:href="#sSpan1983" value="ϣⲟⲩϣⲟⲩ"/>
		<feat xlink:href="#sSpan1987" value="ⲙⲙⲟϥ"/>
		<feat xlink:href="#sSpan1993" value="ϩⲛⲛⲣⲱⲙⲉ"/>
		<feat xlink:href="#sSpan2002" value="ⲡⲧⲏⲣϥ"/>
		<feat xlink:href="#sSpan2017" value="ⲅⲁⲣ"/>
		<feat xlink:href="#sSpan2021" value="ⲡⲱⲧⲛ"/>
		<feat xlink:href="#sSpan2025" value="ⲡⲉ"/>
		<feat xlink:href="#sSpan2030" value="ⲉⲓⲧⲉ"/>
		<feat xlink:href="#sSpan2036" value="ⲡⲁⲩⲗⲟⲥ"/>
		<feat xlink:href="#sSpan2041" value="ⲉⲓⲧⲉ"/>
		<feat xlink:href="#sSpan2047" value="ⲁⲡⲟⲗⲗⲱ"/>
		<feat xlink:href="#sSpan2052" value="ⲉⲓⲧⲉ"/>
		<feat xlink:href="#sSpan2058" value="ⲕⲏⲫⲁⲥ"/>
		<feat xlink:href="#sSpan2063" value="ⲉⲓⲧⲉ"/>
		<feat xlink:href="#sSpan2069" value="ⲕⲟⲥⲙⲟⲥ"/>
		<feat xlink:href="#sSpan2074" value="ⲉⲓⲧⲉ"/>
		<feat xlink:href="#sSpan2079" value="ⲱⲛϩ"/>
		<feat xlink:href="#sSpan2084" value="ⲉⲓⲧⲉ"/>
		<feat xlink:href="#sSpan2089" value="ⲙⲟⲩ"/>
		<feat xlink:href="#sSpan2094" value="ⲉⲓⲧⲉ"/>
		<feat xlink:href="#sSpan2099" value="ⲛⲉⲧϣⲟⲟⲡ"/>
		<feat xlink:href="#sSpan2108" value="ⲉⲓⲧⲉ"/>
		<feat xlink:href="#sSpan2113" value="ⲛⲉⲧⲛⲁϣⲱⲡⲉ"/>
		<feat xlink:href="#sSpan2123" value="ⲡⲧⲏⲣϥ"/>
		<feat xlink:href="#sSpan2131" value="ⲡⲱⲧⲛ"/>
		<feat xlink:href="#sSpan2135" value="ⲡⲉ"/>
		<feat xlink:href="#sSpan2139" value="."/>
		<feat xlink:href="#sSpan2143" value="ⲛⲧⲱⲧⲛ"/>
		<feat xlink:href="#sSpan2153" value="ⲇⲉ"/>
		<feat xlink:href="#sSpan2157" value="ⲛⲧⲉⲧⲛ"/>
		<feat xlink:href="#sSpan2162" value="ⲛⲁⲡⲉⲭⲣⲓⲥⲧⲟⲥ"/>
		<feat xlink:href="#sSpan2172" value="."/>
		<feat xlink:href="#sSpan2177" value="ⲡⲉⲭⲣⲓⲥⲧⲟⲥ"/>
		<feat xlink:href="#sSpan2185" value="ⲇⲉ"/>
		<feat xlink:href="#sSpan2190" value="ⲡⲁⲡⲛⲟⲩⲧⲉ"/>
		<feat xlink:href="#sSpan2199" value="ⲡⲉ"/>
		<feat xlink:href="#sSpan2203" value="."/></featList></paula>