<?xml version='1.0' encoding='UTF-8'?><!DOCTYPE paula SYSTEM "paula_rel.dtd">
<paula version="1.1">
	<header paula_id="scriptorium.1Cor_03.dep"/>
	<relList xmlns:xlink="http://www.w3.org/1999/xlink" type="dep">
		<rel id="sPointingRel1" xlink:href="scriptorium.1Cor_03.mark.xml#sSpan1248" target="scriptorium.1Cor_03.mark.xml#sSpan1244"/>
		<rel id="sPointingRel3" xlink:href="scriptorium.1Cor_03.mark.xml#sSpan382" target="scriptorium.1Cor_03.mark.xml#sSpan378"/>
		<rel id="sPointingRel5" xlink:href="scriptorium.1Cor_03.mark.xml#sSpan149" target="scriptorium.1Cor_03.mark.xml#sSpan138"/>
		<rel id="sPointingRel7" xlink:href="scriptorium.1Cor_03.mark.xml#sSpan1027" target="scriptorium.1Cor_03.mark.xml#sSpan1019"/>
		<rel id="sPointingRel9" xlink:href="scriptorium.1Cor_03.mark.xml#sSpan1324" target="scriptorium.1Cor_03.mark.xml#sSpan1321"/>
		<rel id="sPointingRel11" xlink:href="scriptorium.1Cor_03.mark.xml#sSpan730" target="scriptorium.1Cor_03.mark.xml#sSpan735"/>
		<rel id="sPointingRel13" xlink:href="scriptorium.1Cor_03.mark.xml#sSpan112" target="scriptorium.1Cor_03.mark.xml#sSpan100"/>
		<rel id="sPointingRel15" xlink:href="scriptorium.1Cor_03.mark.xml#sSpan1382" target="scriptorium.1Cor_03.mark.xml#sSpan1403"/>
		<rel id="sPointingRel17" xlink:href="scriptorium.1Cor_03.mark.xml#sSpan1473" target="scriptorium.1Cor_03.mark.xml#sSpan1443"/>
		<rel id="sPointingRel19" xlink:href="scriptorium.1Cor_03.mark.xml#sSpan1572" target="scriptorium.1Cor_03.mark.xml#sSpan1569"/>
		<rel id="sPointingRel21" xlink:href="scriptorium.1Cor_03.mark.xml#sSpan149" target="scriptorium.1Cor_03.mark.xml#sSpan187"/>
		<rel id="sPointingRel23" xlink:href="scriptorium.1Cor_03.mark.xml#sSpan1989" target="scriptorium.1Cor_03.mark.xml#sSpan1985"/>
		<rel id="sPointingRel25" xlink:href="scriptorium.1Cor_03.mark.xml#sSpan1195" target="scriptorium.1Cor_03.mark.xml#sSpan1190"/>
		<rel id="sPointingRel27" xlink:href="scriptorium.1Cor_03.mark.xml#sSpan594" target="scriptorium.1Cor_03.mark.xml#sSpan585"/>
		<rel id="sPointingRel29" xlink:href="scriptorium.1Cor_03.mark.xml#sSpan951" target="scriptorium.1Cor_03.mark.xml#sSpan894"/>
		<rel id="sPointingRel31" xlink:href="scriptorium.1Cor_03.mark.xml#sSpan112" target="scriptorium.1Cor_03.mark.xml#sSpan110"/>
		<rel id="sPointingRel33" xlink:href="scriptorium.1Cor_03.mark.xml#sSpan1397" target="scriptorium.1Cor_03.mark.xml#sSpan1394"/>
		<rel id="sPointingRel35" xlink:href="scriptorium.1Cor_03.mark.xml#sSpan661" target="scriptorium.1Cor_03.mark.xml#sSpan666"/>
		<rel id="sPointingRel37" xlink:href="scriptorium.1Cor_03.mark.xml#sSpan1152" target="scriptorium.1Cor_03.mark.xml#sSpan1127"/>
		<rel id="sPointingRel39" xlink:href="scriptorium.1Cor_03.mark.xml#sSpan484" target="scriptorium.1Cor_03.mark.xml#sSpan489"/>
		<rel id="sPointingRel41" xlink:href="scriptorium.1Cor_03.mark.xml#sSpan51" target="scriptorium.1Cor_03.mark.xml#sSpan56"/>
		<rel id="sPointingRel43" xlink:href="scriptorium.1Cor_03.mark.xml#sSpan789" target="scriptorium.1Cor_03.mark.xml#sSpan782"/>
		<rel id="sPointingRel45" xlink:href="scriptorium.1Cor_03.mark.xml#sSpan987" target="scriptorium.1Cor_03.mark.xml#sSpan983"/>
		<rel id="sPointingRel47" xlink:href="scriptorium.1Cor_03.mark.xml#sSpan1073" target="scriptorium.1Cor_03.mark.xml#sSpan1080"/>
		<rel id="sPointingRel49" xlink:href="scriptorium.1Cor_03.mark.xml#sSpan1290" target="scriptorium.1Cor_03.mark.xml#sSpan1286"/>
		<rel id="sPointingRel51" xlink:href="scriptorium.1Cor_03.mark.xml#sSpan1636" target="scriptorium.1Cor_03.mark.xml#sSpan1633"/>
		<rel id="sPointingRel53" xlink:href="scriptorium.1Cor_03.mark.xml#sSpan1727" target="scriptorium.1Cor_03.mark.xml#sSpan1723"/>
		<rel id="sPointingRel55" xlink:href="scriptorium.1Cor_03.mark.xml#sSpan1719" target="scriptorium.1Cor_03.mark.xml#sSpan1729"/>
		<rel id="sPointingRel57" xlink:href="scriptorium.1Cor_03.mark.xml#sSpan1175" target="scriptorium.1Cor_03.mark.xml#sSpan1170"/>
		<rel id="sPointingRel59" xlink:href="scriptorium.1Cor_03.mark.xml#sSpan1188" target="scriptorium.1Cor_03.mark.xml#sSpan1184"/>
		<rel id="sPointingRel61" xlink:href="scriptorium.1Cor_03.mark.xml#sSpan412" target="scriptorium.1Cor_03.mark.xml#sSpan436"/>
		<rel id="sPointingRel63" xlink:href="scriptorium.1Cor_03.mark.xml#sSpan482" target="scriptorium.1Cor_03.mark.xml#sSpan472"/>
		<rel id="sPointingRel65" xlink:href="scriptorium.1Cor_03.mark.xml#sSpan1330" target="scriptorium.1Cor_03.mark.xml#sSpan1326"/>
		<rel id="sPointingRel67" xlink:href="scriptorium.1Cor_03.mark.xml#sSpan1304" target="scriptorium.1Cor_03.mark.xml#sSpan1297"/>
		<rel id="sPointingRel69" xlink:href="scriptorium.1Cor_03.mark.xml#sSpan1998" target="scriptorium.1Cor_03.mark.xml#sSpan1995"/>
		<rel id="sPointingRel71" xlink:href="scriptorium.1Cor_03.mark.xml#sSpan1315" target="scriptorium.1Cor_03.mark.xml#sSpan1310"/>
		<rel id="sPointingRel73" xlink:href="scriptorium.1Cor_03.mark.xml#sSpan31" target="scriptorium.1Cor_03.mark.xml#sSpan27"/>
		<rel id="sPointingRel75" xlink:href="scriptorium.1Cor_03.mark.xml#sSpan1073" target="scriptorium.1Cor_03.mark.xml#sSpan1069"/>
		<rel id="sPointingRel77" xlink:href="scriptorium.1Cor_03.mark.xml#sSpan951" target="scriptorium.1Cor_03.mark.xml#sSpan979"/>
		<rel id="sPointingRel79" xlink:href="scriptorium.1Cor_03.mark.xml#sSpan1597" target="scriptorium.1Cor_03.mark.xml#sSpan1590"/>
		<rel id="sPointingRel81" xlink:href="scriptorium.1Cor_03.mark.xml#sSpan299" target="scriptorium.1Cor_03.mark.xml#sSpan295"/>
		<rel id="sPointingRel83" xlink:href="scriptorium.1Cor_03.mark.xml#sSpan149" target="scriptorium.1Cor_03.mark.xml#sSpan144"/>
		<rel id="sPointingRel85" xlink:href="scriptorium.1Cor_03.mark.xml#sSpan951" target="scriptorium.1Cor_03.mark.xml#sSpan965"/>
		<rel id="sPointingRel87" xlink:href="scriptorium.1Cor_03.mark.xml#sSpan1764" target="scriptorium.1Cor_03.mark.xml#sSpan1760"/>
		<rel id="sPointingRel89" xlink:href="scriptorium.1Cor_03.mark.xml#sSpan1073" target="scriptorium.1Cor_03.mark.xml#sSpan1078"/>
		<rel id="sPointingRel91" xlink:href="scriptorium.1Cor_03.mark.xml#sSpan1271" target="scriptorium.1Cor_03.mark.xml#sSpan1273"/>
		<rel id="sPointingRel93" xlink:href="scriptorium.1Cor_03.mark.xml#sSpan353" target="scriptorium.1Cor_03.mark.xml#sSpan382"/>
		<rel id="sPointingRel95" xlink:href="scriptorium.1Cor_03.mark.xml#sSpan1952" target="scriptorium.1Cor_03.mark.xml#sSpan1944"/>
		<rel id="sPointingRel97" xlink:href="scriptorium.1Cor_03.mark.xml#sSpan1882" target="scriptorium.1Cor_03.mark.xml#sSpan1880"/>
		<rel id="sPointingRel99" xlink:href="scriptorium.1Cor_03.mark.xml#sSpan2019" target="scriptorium.1Cor_03.mark.xml#sSpan2011"/>
		<rel id="sPointingRel101" xlink:href="scriptorium.1Cor_03.mark.xml#sSpan94" target="scriptorium.1Cor_03.mark.xml#sSpan90"/>
		<rel id="sPointingRel103" xlink:href="scriptorium.1Cor_03.mark.xml#sSpan1271" target="scriptorium.1Cor_03.mark.xml#sSpan1275"/>
		<rel id="sPointingRel105" xlink:href="scriptorium.1Cor_03.mark.xml#sSpan1688" target="scriptorium.1Cor_03.mark.xml#sSpan1675"/>
		<rel id="sPointingRel107" xlink:href="scriptorium.1Cor_03.mark.xml#sSpan31" target="scriptorium.1Cor_03.mark.xml#sSpan1"/>
		<rel id="sPointingRel109" xlink:href="scriptorium.1Cor_03.mark.xml#sSpan1962" target="scriptorium.1Cor_03.mark.xml#sSpan1954"/>
		<rel id="sPointingRel111" xlink:href="scriptorium.1Cor_03.mark.xml#sSpan1495" target="scriptorium.1Cor_03.mark.xml#sSpan1493"/>
		<rel id="sPointingRel113" xlink:href="scriptorium.1Cor_03.mark.xml#sSpan1203" target="scriptorium.1Cor_03.mark.xml#sSpan1197"/>
		<rel id="sPointingRel115" xlink:href="scriptorium.1Cor_03.mark.xml#sSpan1315" target="scriptorium.1Cor_03.mark.xml#sSpan1338"/>
		<rel id="sPointingRel117" xlink:href="scriptorium.1Cor_03.mark.xml#sSpan1931" target="scriptorium.1Cor_03.mark.xml#sSpan1929"/>
		<rel id="sPointingRel119" xlink:href="scriptorium.1Cor_03.mark.xml#sSpan560" target="scriptorium.1Cor_03.mark.xml#sSpan594"/>
		<rel id="sPointingRel121" xlink:href="scriptorium.1Cor_03.mark.xml#sSpan482" target="scriptorium.1Cor_03.mark.xml#sSpan479"/>
		<rel id="sPointingRel123" xlink:href="scriptorium.1Cor_03.mark.xml#sSpan1359" target="scriptorium.1Cor_03.mark.xml#sSpan1306"/>
		<rel id="sPointingRel125" xlink:href="scriptorium.1Cor_03.mark.xml#sSpan2119" target="scriptorium.1Cor_03.mark.xml#sSpan2117"/>
		<rel id="sPointingRel127" xlink:href="scriptorium.1Cor_03.mark.xml#sSpan412" target="scriptorium.1Cor_03.mark.xml#sSpan466"/>
		<rel id="sPointingRel129" xlink:href="scriptorium.1Cor_03.mark.xml#sSpan529" target="scriptorium.1Cor_03.mark.xml#sSpan526"/>
		<rel id="sPointingRel131" xlink:href="scriptorium.1Cor_03.mark.xml#sSpan1260" target="scriptorium.1Cor_03.mark.xml#sSpan1255"/>
		<rel id="sPointingRel133" xlink:href="scriptorium.1Cor_03.mark.xml#sSpan2187" target="scriptorium.1Cor_03.mark.xml#sSpan2195"/>
		<rel id="sPointingRel135" xlink:href="scriptorium.1Cor_03.mark.xml#sSpan1017" target="scriptorium.1Cor_03.mark.xml#sSpan1015"/>
		<rel id="sPointingRel137" xlink:href="scriptorium.1Cor_03.mark.xml#sSpan607" target="scriptorium.1Cor_03.mark.xml#sSpan602"/>
		<rel id="sPointingRel139" xlink:href="scriptorium.1Cor_03.mark.xml#sSpan1588" target="scriptorium.1Cor_03.mark.xml#sSpan1582"/>
		<rel id="sPointingRel141" xlink:href="scriptorium.1Cor_03.mark.xml#sSpan328" target="scriptorium.1Cor_03.mark.xml#sSpan317"/>
		<rel id="sPointingRel143" xlink:href="scriptorium.1Cor_03.mark.xml#sSpan578" target="scriptorium.1Cor_03.mark.xml#sSpan572"/>
		<rel id="sPointingRel145" xlink:href="scriptorium.1Cor_03.mark.xml#sSpan1530" target="scriptorium.1Cor_03.mark.xml#sSpan1519"/>
		<rel id="sPointingRel147" xlink:href="scriptorium.1Cor_03.mark.xml#sSpan998" target="scriptorium.1Cor_03.mark.xml#sSpan1009"/>
		<rel id="sPointingRel149" xlink:href="scriptorium.1Cor_03.mark.xml#sSpan1017" target="scriptorium.1Cor_03.mark.xml#sSpan1027"/>
		<rel id="sPointingRel151" xlink:href="scriptorium.1Cor_03.mark.xml#sSpan1089" target="scriptorium.1Cor_03.mark.xml#sSpan1085"/>
		<rel id="sPointingRel153" xlink:href="scriptorium.1Cor_03.mark.xml#sSpan531" target="scriptorium.1Cor_03.mark.xml#sSpan504"/>
		<rel id="sPointingRel155" xlink:href="scriptorium.1Cor_03.mark.xml#sSpan232" target="scriptorium.1Cor_03.mark.xml#sSpan222"/>
		<rel id="sPointingRel157" xlink:href="scriptorium.1Cor_03.mark.xml#sSpan1227" target="scriptorium.1Cor_03.mark.xml#sSpan1236"/>
		<rel id="sPointingRel159" xlink:href="scriptorium.1Cor_03.mark.xml#sSpan1111" target="scriptorium.1Cor_03.mark.xml#sSpan1121"/>
		<rel id="sPointingRel161" xlink:href="scriptorium.1Cor_03.mark.xml#sSpan292" target="scriptorium.1Cor_03.mark.xml#sSpan282"/>
		<rel id="sPointingRel163" xlink:href="scriptorium.1Cor_03.mark.xml#sSpan1794" target="scriptorium.1Cor_03.mark.xml#sSpan1786"/>
		<rel id="sPointingRel165" xlink:href="scriptorium.1Cor_03.mark.xml#sSpan2159" target="scriptorium.1Cor_03.mark.xml#sSpan2151"/>
		<rel id="sPointingRel167" xlink:href="scriptorium.1Cor_03.mark.xml#sSpan631" target="scriptorium.1Cor_03.mark.xml#sSpan641"/>
		<rel id="sPointingRel169" xlink:href="scriptorium.1Cor_03.mark.xml#sSpan1773" target="scriptorium.1Cor_03.mark.xml#sSpan1794"/>
		<rel id="sPointingRel171" xlink:href="scriptorium.1Cor_03.mark.xml#sSpan2159" target="scriptorium.1Cor_03.mark.xml#sSpan2187"/>
		<rel id="sPointingRel173" xlink:href="scriptorium.1Cor_03.mark.xml#sSpan1338" target="scriptorium.1Cor_03.mark.xml#sSpan1346"/>
		<rel id="sPointingRel175" xlink:href="scriptorium.1Cor_03.mark.xml#sSpan1168" target="scriptorium.1Cor_03.mark.xml#sSpan1195"/>
		<rel id="sPointingRel177" xlink:href="scriptorium.1Cor_03.mark.xml#sSpan112" target="scriptorium.1Cor_03.mark.xml#sSpan149"/>
		<rel id="sPointingRel179" xlink:href="scriptorium.1Cor_03.mark.xml#sSpan232" target="scriptorium.1Cor_03.mark.xml#sSpan227"/>
		<rel id="sPointingRel181" xlink:href="scriptorium.1Cor_03.mark.xml#sSpan1338" target="scriptorium.1Cor_03.mark.xml#sSpan1336"/>
		<rel id="sPointingRel183" xlink:href="scriptorium.1Cor_03.mark.xml#sSpan2103" target="scriptorium.1Cor_03.mark.xml#sSpan2101"/>
		<rel id="sPointingRel185" xlink:href="scriptorium.1Cor_03.mark.xml#sSpan1370" target="scriptorium.1Cor_03.mark.xml#sSpan1315"/>
		<rel id="sPointingRel187" xlink:href="scriptorium.1Cor_03.mark.xml#sSpan848" target="scriptorium.1Cor_03.mark.xml#sSpan845"/>
		<rel id="sPointingRel189" xlink:href="scriptorium.1Cor_03.mark.xml#sSpan1464" target="scriptorium.1Cor_03.mark.xml#sSpan1453"/>
		<rel id="sPointingRel191" xlink:href="scriptorium.1Cor_03.mark.xml#sSpan1104" target="scriptorium.1Cor_03.mark.xml#sSpan1111"/>
		<rel id="sPointingRel193" xlink:href="scriptorium.1Cor_03.mark.xml#sSpan187" target="scriptorium.1Cor_03.mark.xml#sSpan183"/>
		<rel id="sPointingRel195" xlink:href="scriptorium.1Cor_03.mark.xml#sSpan2033" target="scriptorium.1Cor_03.mark.xml#sSpan2066"/>
		<rel id="sPointingRel197" xlink:href="scriptorium.1Cor_03.mark.xml#sSpan1359" target="scriptorium.1Cor_03.mark.xml#sSpan1370"/>
		<rel id="sPointingRel199" xlink:href="scriptorium.1Cor_03.mark.xml#sSpan1161" target="scriptorium.1Cor_03.mark.xml#sSpan1154"/>
		<rel id="sPointingRel201" xlink:href="scriptorium.1Cor_03.mark.xml#sSpan594" target="scriptorium.1Cor_03.mark.xml#sSpan596"/>
		<rel id="sPointingRel203" xlink:href="scriptorium.1Cor_03.mark.xml#sSpan1290" target="scriptorium.1Cor_03.mark.xml#sSpan1304"/>
		<rel id="sPointingRel205" xlink:href="scriptorium.1Cor_03.mark.xml#sSpan1428" target="scriptorium.1Cor_03.mark.xml#sSpan1422"/>
		<rel id="sPointingRel207" xlink:href="scriptorium.1Cor_03.mark.xml#sSpan539" target="scriptorium.1Cor_03.mark.xml#sSpan535"/>
		<rel id="sPointingRel209" xlink:href="scriptorium.1Cor_03.mark.xml#sSpan402" target="scriptorium.1Cor_03.mark.xml#sSpan397"/>
		<rel id="sPointingRel211" xlink:href="scriptorium.1Cor_03.mark.xml#sSpan631" target="scriptorium.1Cor_03.mark.xml#sSpan690"/>
		<rel id="sPointingRel213" xlink:href="scriptorium.1Cor_03.mark.xml#sSpan116" target="scriptorium.1Cor_03.mark.xml#sSpan128"/>
		<rel id="sPointingRel215" xlink:href="scriptorium.1Cor_03.mark.xml#sSpan1758" target="scriptorium.1Cor_03.mark.xml#sSpan1764"/>
		<rel id="sPointingRel217" xlink:href="scriptorium.1Cor_03.mark.xml#sSpan1931" target="scriptorium.1Cor_03.mark.xml#sSpan1942"/>
		<rel id="sPointingRel219" xlink:href="scriptorium.1Cor_03.mark.xml#sSpan929" target="scriptorium.1Cor_03.mark.xml#sSpan939"/>
		<rel id="sPointingRel221" xlink:href="scriptorium.1Cor_03.mark.xml#sSpan328" target="scriptorium.1Cor_03.mark.xml#sSpan353"/>
		<rel id="sPointingRel223" xlink:href="scriptorium.1Cor_03.mark.xml#sSpan1359" target="scriptorium.1Cor_03.mark.xml#sSpan1361"/>
		<rel id="sPointingRel225" xlink:href="scriptorium.1Cor_03.mark.xml#sSpan1182" target="scriptorium.1Cor_03.mark.xml#sSpan1188"/>
		<rel id="sPointingRel227" xlink:href="scriptorium.1Cor_03.mark.xml#sSpan149" target="scriptorium.1Cor_03.mark.xml#sSpan146"/>
		<rel id="sPointingRel229" xlink:href="scriptorium.1Cor_03.mark.xml#sSpan1236" target="scriptorium.1Cor_03.mark.xml#sSpan1242"/>
		<rel id="sPointingRel231" xlink:href="scriptorium.1Cor_03.mark.xml#sSpan1607" target="scriptorium.1Cor_03.mark.xml#sSpan1603"/>
		<rel id="sPointingRel233" xlink:href="scriptorium.1Cor_03.mark.xml#sSpan1495" target="scriptorium.1Cor_03.mark.xml#sSpan1480"/>
		<rel id="sPointingRel235" xlink:href="scriptorium.1Cor_03.mark.xml#sSpan578" target="scriptorium.1Cor_03.mark.xml#sSpan576"/>
		<rel id="sPointingRel237" xlink:href="scriptorium.1Cor_03.mark.xml#sSpan31" target="scriptorium.1Cor_03.mark.xml#sSpan21"/>
		<rel id="sPointingRel239" xlink:href="scriptorium.1Cor_03.mark.xml#sSpan2066" target="scriptorium.1Cor_03.mark.xml#sSpan2061"/>
		<rel id="sPointingRel241" xlink:href="scriptorium.1Cor_03.mark.xml#sSpan436" target="scriptorium.1Cor_03.mark.xml#sSpan450"/>
		<rel id="sPointingRel243" xlink:href="scriptorium.1Cor_03.mark.xml#sSpan1271" target="scriptorium.1Cor_03.mark.xml#sSpan1267"/>
		<rel id="sPointingRel245" xlink:href="scriptorium.1Cor_03.mark.xml#sSpan865" target="scriptorium.1Cor_03.mark.xml#sSpan862"/>
		<rel id="sPointingRel247" xlink:href="scriptorium.1Cor_03.mark.xml#sSpan1636" target="scriptorium.1Cor_03.mark.xml#sSpan1645"/>
		<rel id="sPointingRel249" xlink:href="scriptorium.1Cor_03.mark.xml#sSpan979" target="scriptorium.1Cor_03.mark.xml#sSpan975"/>
		<rel id="sPointingRel251" xlink:href="scriptorium.1Cor_03.mark.xml#sSpan1290" target="scriptorium.1Cor_03.mark.xml#sSpan1288"/>
		<rel id="sPointingRel253" xlink:href="scriptorium.1Cor_03.mark.xml#sSpan1271" target="scriptorium.1Cor_03.mark.xml#sSpan1260"/>
		<rel id="sPointingRel255" xlink:href="scriptorium.1Cor_03.mark.xml#sSpan810" target="scriptorium.1Cor_03.mark.xml#sSpan795"/>
		<rel id="sPointingRel257" xlink:href="scriptorium.1Cor_03.mark.xml#sSpan518" target="scriptorium.1Cor_03.mark.xml#sSpan495"/>
		<rel id="sPointingRel259" xlink:href="scriptorium.1Cor_03.mark.xml#sSpan1842" target="scriptorium.1Cor_03.mark.xml#sSpan1822"/>
		<rel id="sPointingRel261" xlink:href="scriptorium.1Cor_03.mark.xml#sSpan1073" target="scriptorium.1Cor_03.mark.xml#sSpan1089"/>
		<rel id="sPointingRel263" xlink:href="scriptorium.1Cor_03.mark.xml#sSpan1834" target="scriptorium.1Cor_03.mark.xml#sSpan1830"/>
		<rel id="sPointingRel265" xlink:href="scriptorium.1Cor_03.mark.xml#sSpan1324" target="scriptorium.1Cor_03.mark.xml#sSpan1317"/>
		<rel id="sPointingRel267" xlink:href="scriptorium.1Cor_03.mark.xml#sSpan2011" target="scriptorium.1Cor_03.mark.xml#sSpan2000"/>
		<rel id="sPointingRel269" xlink:href="scriptorium.1Cor_03.mark.xml#sSpan1464" target="scriptorium.1Cor_03.mark.xml#sSpan1458"/>
		<rel id="sPointingRel271" xlink:href="scriptorium.1Cor_03.mark.xml#sSpan2033" target="scriptorium.1Cor_03.mark.xml#sSpan2076"/>
		<rel id="sPointingRel273" xlink:href="scriptorium.1Cor_03.mark.xml#sSpan328" target="scriptorium.1Cor_03.mark.xml#sSpan321"/>
		<rel id="sPointingRel275" xlink:href="scriptorium.1Cor_03.mark.xml#sSpan272" target="scriptorium.1Cor_03.mark.xml#sSpan232"/>
		<rel id="sPointingRel277" xlink:href="scriptorium.1Cor_03.mark.xml#sSpan219" target="scriptorium.1Cor_03.mark.xml#sSpan301"/>
		<rel id="sPointingRel279" xlink:href="scriptorium.1Cor_03.mark.xml#sSpan2119" target="scriptorium.1Cor_03.mark.xml#sSpan2115"/>
		<rel id="sPointingRel281" xlink:href="scriptorium.1Cor_03.mark.xml#sSpan1686" target="scriptorium.1Cor_03.mark.xml#sSpan1683"/>
		<rel id="sPointingRel283" xlink:href="scriptorium.1Cor_03.mark.xml#sSpan219" target="scriptorium.1Cor_03.mark.xml#sSpan194"/>
		<rel id="sPointingRel285" xlink:href="scriptorium.1Cor_03.mark.xml#sSpan1663" target="scriptorium.1Cor_03.mark.xml#sSpan1659"/>
		<rel id="sPointingRel287" xlink:href="scriptorium.1Cor_03.mark.xml#sSpan1290" target="scriptorium.1Cor_03.mark.xml#sSpan1293"/>
		<rel id="sPointingRel289" xlink:href="scriptorium.1Cor_03.mark.xml#sSpan1403" target="scriptorium.1Cor_03.mark.xml#sSpan1405"/>
		<rel id="sPointingRel291" xlink:href="scriptorium.1Cor_03.mark.xml#sSpan560" target="scriptorium.1Cor_03.mark.xml#sSpan580"/>
		<rel id="sPointingRel293" xlink:href="scriptorium.1Cor_03.mark.xml#sSpan328" target="scriptorium.1Cor_03.mark.xml#sSpan325"/>
		<rel id="sPointingRel295" xlink:href="scriptorium.1Cor_03.mark.xml#sSpan1045" target="scriptorium.1Cor_03.mark.xml#sSpan1054"/>
		<rel id="sPointingRel297" xlink:href="scriptorium.1Cor_03.mark.xml#sSpan1067" target="scriptorium.1Cor_03.mark.xml#sSpan1062"/>
		<rel id="sPointingRel299" xlink:href="scriptorium.1Cor_03.mark.xml#sSpan789" target="scriptorium.1Cor_03.mark.xml#sSpan786"/>
		<rel id="sPointingRel301" xlink:href="scriptorium.1Cor_03.mark.xml#sSpan1376" target="scriptorium.1Cor_03.mark.xml#sSpan1372"/>
		<rel id="sPointingRel303" xlink:href="scriptorium.1Cor_03.mark.xml#sSpan518" target="scriptorium.1Cor_03.mark.xml#sSpan512"/>
		<rel id="sPointingRel305" xlink:href="scriptorium.1Cor_03.mark.xml#sSpan1819" target="scriptorium.1Cor_03.mark.xml#sSpan1808"/>
		<rel id="sPointingRel307" xlink:href="scriptorium.1Cor_03.mark.xml#sSpan737" target="scriptorium.1Cor_03.mark.xml#sSpan722"/>
		<rel id="sPointingRel309" xlink:href="scriptorium.1Cor_03.mark.xml#sSpan1672" target="scriptorium.1Cor_03.mark.xml#sSpan1686"/>
		<rel id="sPointingRel311" xlink:href="scriptorium.1Cor_03.mark.xml#sSpan1370" target="scriptorium.1Cor_03.mark.xml#sSpan1365"/>
		<rel id="sPointingRel313" xlink:href="scriptorium.1Cor_03.mark.xml#sSpan402" target="scriptorium.1Cor_03.mark.xml#sSpan389"/>
		<rel id="sPointingRel315" xlink:href="scriptorium.1Cor_03.mark.xml#sSpan1039" target="scriptorium.1Cor_03.mark.xml#sSpan1035"/>
		<rel id="sPointingRel317" xlink:href="scriptorium.1Cor_03.mark.xml#sSpan402" target="scriptorium.1Cor_03.mark.xml#sSpan404"/>
		<rel id="sPointingRel319" xlink:href="scriptorium.1Cor_03.mark.xml#sSpan770" target="scriptorium.1Cor_03.mark.xml#sSpan758"/>
		<rel id="sPointingRel321" xlink:href="scriptorium.1Cor_03.mark.xml#sSpan998" target="scriptorium.1Cor_03.mark.xml#sSpan993"/>
		<rel id="sPointingRel323" xlink:href="scriptorium.1Cor_03.mark.xml#sSpan353" target="scriptorium.1Cor_03.mark.xml#sSpan341"/>
		<rel id="sPointingRel325" xlink:href="scriptorium.1Cor_03.mark.xml#sSpan1089" target="scriptorium.1Cor_03.mark.xml#sSpan1094"/>
		<rel id="sPointingRel327" xlink:href="scriptorium.1Cor_03.mark.xml#sSpan1437" target="scriptorium.1Cor_03.mark.xml#sSpan1434"/>
		<rel id="sPointingRel329" xlink:href="scriptorium.1Cor_03.mark.xml#sSpan1696" target="scriptorium.1Cor_03.mark.xml#sSpan1692"/>
		<rel id="sPointingRel331" xlink:href="scriptorium.1Cor_03.mark.xml#sSpan2033" target="scriptorium.1Cor_03.mark.xml#sSpan2028"/>
		<rel id="sPointingRel333" xlink:href="scriptorium.1Cor_03.mark.xml#sSpan826" target="scriptorium.1Cor_03.mark.xml#sSpan823"/>
		<rel id="sPointingRel335" xlink:href="scriptorium.1Cor_03.mark.xml#sSpan1346" target="scriptorium.1Cor_03.mark.xml#sSpan1352"/>
		<rel id="sPointingRel337" xlink:href="scriptorium.1Cor_03.mark.xml#sSpan737" target="scriptorium.1Cor_03.mark.xml#sSpan770"/>
		<rel id="sPointingRel339" xlink:href="scriptorium.1Cor_03.mark.xml#sSpan690" target="scriptorium.1Cor_03.mark.xml#sSpan701"/>
		<rel id="sPointingRel341" xlink:href="scriptorium.1Cor_03.mark.xml#sSpan1248" target="scriptorium.1Cor_03.mark.xml#sSpan1378"/>
		<rel id="sPointingRel343" xlink:href="scriptorium.1Cor_03.mark.xml#sSpan466" target="scriptorium.1Cor_03.mark.xml#sSpan468"/>
		<rel id="sPointingRel345" xlink:href="scriptorium.1Cor_03.mark.xml#sSpan1403" target="scriptorium.1Cor_03.mark.xml#sSpan1399"/>
		<rel id="sPointingRel347" xlink:href="scriptorium.1Cor_03.mark.xml#sSpan2110" target="scriptorium.1Cor_03.mark.xml#sSpan2106"/>
		<rel id="sPointingRel349" xlink:href="scriptorium.1Cor_03.mark.xml#sSpan1548" target="scriptorium.1Cor_03.mark.xml#sSpan1536"/>
		<rel id="sPointingRel351" xlink:href="scriptorium.1Cor_03.mark.xml#sSpan2159" target="scriptorium.1Cor_03.mark.xml#sSpan2168"/>
		<rel id="sPointingRel353" xlink:href="scriptorium.1Cor_03.mark.xml#sSpan1045" target="scriptorium.1Cor_03.mark.xml#sSpan1058"/>
		<rel id="sPointingRel355" xlink:href="scriptorium.1Cor_03.mark.xml#sSpan1027" target="scriptorium.1Cor_03.mark.xml#sSpan1025"/>
		<rel id="sPointingRel357" xlink:href="scriptorium.1Cor_03.mark.xml#sSpan1403" target="scriptorium.1Cor_03.mark.xml#sSpan1397"/>
		<rel id="sPointingRel359" xlink:href="scriptorium.1Cor_03.mark.xml#sSpan37" target="scriptorium.1Cor_03.mark.xml#sSpan51"/>
		<rel id="sPointingRel361" xlink:href="scriptorium.1Cor_03.mark.xml#sSpan560" target="scriptorium.1Cor_03.mark.xml#sSpan563"/>
		<rel id="sPointingRel363" xlink:href="scriptorium.1Cor_03.mark.xml#sSpan1719" target="scriptorium.1Cor_03.mark.xml#sSpan1804"/>
		<rel id="sPointingRel365" xlink:href="scriptorium.1Cor_03.mark.xml#sSpan1758" target="scriptorium.1Cor_03.mark.xml#sSpan1752"/>
		<rel id="sPointingRel367" xlink:href="scriptorium.1Cor_03.mark.xml#sSpan1599" target="scriptorium.1Cor_03.mark.xml#sSpan1578"/>
		<rel id="sPointingRel369" xlink:href="scriptorium.1Cor_03.mark.xml#sSpan735" target="scriptorium.1Cor_03.mark.xml#sSpan733"/>
		<rel id="sPointingRel371" xlink:href="scriptorium.1Cor_03.mark.xml#sSpan1290" target="scriptorium.1Cor_03.mark.xml#sSpan1359"/>
		<rel id="sPointingRel373" xlink:href="scriptorium.1Cor_03.mark.xml#sSpan1773" target="scriptorium.1Cor_03.mark.xml#sSpan1733"/>
		<rel id="sPointingRel375" xlink:href="scriptorium.1Cor_03.mark.xml#sSpan1033" target="scriptorium.1Cor_03.mark.xml#sSpan1039"/>
		<rel id="sPointingRel377" xlink:href="scriptorium.1Cor_03.mark.xml#sSpan1271" target="scriptorium.1Cor_03.mark.xml#sSpan1263"/>
		<rel id="sPointingRel379" xlink:href="scriptorium.1Cor_03.mark.xml#sSpan1696" target="scriptorium.1Cor_03.mark.xml#sSpan1698"/>
		<rel id="sPointingRel381" xlink:href="scriptorium.1Cor_03.mark.xml#sSpan2180" target="scriptorium.1Cor_03.mark.xml#sSpan2174"/>
		<rel id="sPointingRel383" xlink:href="scriptorium.1Cor_03.mark.xml#sSpan2019" target="scriptorium.1Cor_03.mark.xml#sSpan2033"/>
		<rel id="sPointingRel385" xlink:href="scriptorium.1Cor_03.mark.xml#sSpan1352" target="scriptorium.1Cor_03.mark.xml#sSpan1348"/>
		<rel id="sPointingRel387" xlink:href="scriptorium.1Cor_03.mark.xml#sSpan81" target="scriptorium.1Cor_03.mark.xml#sSpan77"/>
		<rel id="sPointingRel389" xlink:href="scriptorium.1Cor_03.mark.xml#sSpan1168" target="scriptorium.1Cor_03.mark.xml#sSpan1210"/>
		<rel id="sPointingRel391" xlink:href="scriptorium.1Cor_03.mark.xml#sSpan252" target="scriptorium.1Cor_03.mark.xml#sSpan248"/>
		<rel id="sPointingRel393" xlink:href="scriptorium.1Cor_03.mark.xml#sSpan412" target="scriptorium.1Cor_03.mark.xml#sSpan541"/>
		<rel id="sPointingRel395" xlink:href="scriptorium.1Cor_03.mark.xml#sSpan1931" target="scriptorium.1Cor_03.mark.xml#sSpan1922"/>
		<rel id="sPointingRel397" xlink:href="scriptorium.1Cor_03.mark.xml#sSpan631" target="scriptorium.1Cor_03.mark.xml#sSpan627"/>
		<rel id="sPointingRel399" xlink:href="scriptorium.1Cor_03.mark.xml#sSpan1428" target="scriptorium.1Cor_03.mark.xml#sSpan1382"/>
		<rel id="sPointingRel401" xlink:href="scriptorium.1Cor_03.mark.xml#sSpan1458" target="scriptorium.1Cor_03.mark.xml#sSpan1455"/>
		<rel id="sPointingRel403" xlink:href="scriptorium.1Cor_03.mark.xml#sSpan219" target="scriptorium.1Cor_03.mark.xml#sSpan213"/>
		<rel id="sPointingRel405" xlink:href="scriptorium.1Cor_03.mark.xml#sSpan1866" target="scriptorium.1Cor_03.mark.xml#sSpan1877"/>
		<rel id="sPointingRel407" xlink:href="scriptorium.1Cor_03.mark.xml#sSpan1236" target="scriptorium.1Cor_03.mark.xml#sSpan1229"/>
		<rel id="sPointingRel409" xlink:href="scriptorium.1Cor_03.mark.xml#sSpan436" target="scriptorium.1Cor_03.mark.xml#sSpan445"/>
		<rel id="sPointingRel411" xlink:href="scriptorium.1Cor_03.mark.xml#sSpan1740" target="scriptorium.1Cor_03.mark.xml#sSpan1738"/>
		<rel id="sPointingRel413" xlink:href="scriptorium.1Cor_03.mark.xml#sSpan1645" target="scriptorium.1Cor_03.mark.xml#sSpan1642"/>
		<rel id="sPointingRel415" xlink:href="scriptorium.1Cor_03.mark.xml#sSpan1572" target="scriptorium.1Cor_03.mark.xml#sSpan1565"/>
		<rel id="sPointingRel417" xlink:href="scriptorium.1Cor_03.mark.xml#sSpan31" target="scriptorium.1Cor_03.mark.xml#sSpan37"/>
		<rel id="sPointingRel419" xlink:href="scriptorium.1Cor_03.mark.xml#sSpan1842" target="scriptorium.1Cor_03.mark.xml#sSpan1858"/>
		<rel id="sPointingRel421" xlink:href="scriptorium.1Cor_03.mark.xml#sSpan51" target="scriptorium.1Cor_03.mark.xml#sSpan46"/>
		<rel id="sPointingRel423" xlink:href="scriptorium.1Cor_03.mark.xml#sSpan737" target="scriptorium.1Cor_03.mark.xml#sSpan791"/>
		<rel id="sPointingRel425" xlink:href="scriptorium.1Cor_03.mark.xml#sSpan2019" target="scriptorium.1Cor_03.mark.xml#sSpan2129"/>
		<rel id="sPointingRel427" xlink:href="scriptorium.1Cor_03.mark.xml#sSpan272" target="scriptorium.1Cor_03.mark.xml#sSpan278"/>
		<rel id="sPointingRel429" xlink:href="scriptorium.1Cor_03.mark.xml#sSpan1104" target="scriptorium.1Cor_03.mark.xml#sSpan1106"/>
		<rel id="sPointingRel431" xlink:href="scriptorium.1Cor_03.mark.xml#sSpan382" target="scriptorium.1Cor_03.mark.xml#sSpan368"/>
		<rel id="sPointingRel433" xlink:href="scriptorium.1Cor_03.mark.xml#sSpan1403" target="scriptorium.1Cor_03.mark.xml#sSpan1392"/>
		<rel id="sPointingRel435" xlink:href="scriptorium.1Cor_03.mark.xml#sSpan1168" target="scriptorium.1Cor_03.mark.xml#sSpan1182"/>
		<rel id="sPointingRel437" xlink:href="scriptorium.1Cor_03.mark.xml#sSpan292" target="scriptorium.1Cor_03.mark.xml#sSpan290"/>
		<rel id="sPointingRel439" xlink:href="scriptorium.1Cor_03.mark.xml#sSpan1719" target="scriptorium.1Cor_03.mark.xml#sSpan1715"/>
		<rel id="sPointingRel441" xlink:href="scriptorium.1Cor_03.mark.xml#sSpan482" target="scriptorium.1Cor_03.mark.xml#sSpan477"/>
		<rel id="sPointingRel443" xlink:href="scriptorium.1Cor_03.mark.xml#sSpan2187" target="scriptorium.1Cor_03.mark.xml#sSpan2183"/>
		<rel id="sPointingRel445" xlink:href="scriptorium.1Cor_03.mark.xml#sSpan1495" target="scriptorium.1Cor_03.mark.xml#sSpan1497"/>
		<rel id="sPointingRel447" xlink:href="scriptorium.1Cor_03.mark.xml#sSpan1210" target="scriptorium.1Cor_03.mark.xml#sSpan1205"/>
		<rel id="sPointingRel449" xlink:href="scriptorium.1Cor_03.mark.xml#sSpan810" target="scriptorium.1Cor_03.mark.xml#sSpan815"/>
		<rel id="sPointingRel451" xlink:href="scriptorium.1Cor_03.mark.xml#sSpan1473" target="scriptorium.1Cor_03.mark.xml#sSpan1495"/>
		<rel id="sPointingRel453" xlink:href="scriptorium.1Cor_03.mark.xml#sSpan1856" target="scriptorium.1Cor_03.mark.xml#sSpan1849"/>
		<rel id="sPointingRel455" xlink:href="scriptorium.1Cor_03.mark.xml#sSpan1613" target="scriptorium.1Cor_03.mark.xml#sSpan1627"/>
		<rel id="sPointingRel457" xlink:href="scriptorium.1Cor_03.mark.xml#sSpan1842" target="scriptorium.1Cor_03.mark.xml#sSpan1836"/>
		<rel id="sPointingRel459" xlink:href="scriptorium.1Cor_03.mark.xml#sSpan1152" target="scriptorium.1Cor_03.mark.xml#sSpan1212"/>
		<rel id="sPointingRel461" xlink:href="scriptorium.1Cor_03.mark.xml#sSpan466" target="scriptorium.1Cor_03.mark.xml#sSpan482"/>
		<rel id="sPointingRel463" xlink:href="scriptorium.1Cor_03.mark.xml#sSpan1495" target="scriptorium.1Cor_03.mark.xml#sSpan1489"/>
		<rel id="sPointingRel465" xlink:href="scriptorium.1Cor_03.mark.xml#sSpan1473" target="scriptorium.1Cor_03.mark.xml#sSpan1476"/>
		<rel id="sPointingRel467" xlink:href="scriptorium.1Cor_03.mark.xml#sSpan894" target="scriptorium.1Cor_03.mark.xml#sSpan891"/>
		<rel id="sPointingRel469" xlink:href="scriptorium.1Cor_03.mark.xml#sSpan1242" target="scriptorium.1Cor_03.mark.xml#sSpan1238"/>
		<rel id="sPointingRel471" xlink:href="scriptorium.1Cor_03.mark.xml#sSpan1981" target="scriptorium.1Cor_03.mark.xml#sSpan1974"/>
		<rel id="sPointingRel473" xlink:href="scriptorium.1Cor_03.mark.xml#sSpan382" target="scriptorium.1Cor_03.mark.xml#sSpan376"/>
		<rel id="sPointingRel475" xlink:href="scriptorium.1Cor_03.mark.xml#sSpan951" target="scriptorium.1Cor_03.mark.xml#sSpan954"/>
		<rel id="sPointingRel477" xlink:href="scriptorium.1Cor_03.mark.xml#sSpan1507" target="scriptorium.1Cor_03.mark.xml#sSpan1510"/>
		<rel id="sPointingRel479" xlink:href="scriptorium.1Cor_03.mark.xml#sSpan1686" target="scriptorium.1Cor_03.mark.xml#sSpan1679"/>
		<rel id="sPointingRel481" xlink:href="scriptorium.1Cor_03.mark.xml#sSpan839" target="scriptorium.1Cor_03.mark.xml#sSpan835"/>
		<rel id="sPointingRel483" xlink:href="scriptorium.1Cor_03.mark.xml#sSpan658" target="scriptorium.1Cor_03.mark.xml#sSpan650"/>
		<rel id="sPointingRel485" xlink:href="scriptorium.1Cor_03.mark.xml#sSpan1152" target="scriptorium.1Cor_03.mark.xml#sSpan1144"/>
		<rel id="sPointingRel487" xlink:href="scriptorium.1Cor_03.mark.xml#sSpan1942" target="scriptorium.1Cor_03.mark.xml#sSpan1935"/>
		<rel id="sPointingRel489" xlink:href="scriptorium.1Cor_03.mark.xml#sSpan1428" target="scriptorium.1Cor_03.mark.xml#sSpan1439"/>
		<rel id="sPointingRel491" xlink:href="scriptorium.1Cor_03.mark.xml#sSpan833" target="scriptorium.1Cor_03.mark.xml#sSpan854"/>
		<rel id="sPointingRel493" xlink:href="scriptorium.1Cor_03.mark.xml#sSpan810" target="scriptorium.1Cor_03.mark.xml#sSpan826"/>
		<rel id="sPointingRel495" xlink:href="scriptorium.1Cor_03.mark.xml#sSpan1758" target="scriptorium.1Cor_03.mark.xml#sSpan1754"/>
		<rel id="sPointingRel497" xlink:href="scriptorium.1Cor_03.mark.xml#sSpan1942" target="scriptorium.1Cor_03.mark.xml#sSpan1939"/>
		<rel id="sPointingRel499" xlink:href="scriptorium.1Cor_03.mark.xml#sSpan1346" target="scriptorium.1Cor_03.mark.xml#sSpan1340"/>
		<rel id="sPointingRel501" xlink:href="scriptorium.1Cor_03.mark.xml#sSpan1152" target="scriptorium.1Cor_03.mark.xml#sSpan1138"/>
		<rel id="sPointingRel503" xlink:href="scriptorium.1Cor_03.mark.xml#sSpan2159" target="scriptorium.1Cor_03.mark.xml#sSpan2201"/>
		<rel id="sPointingRel505" xlink:href="scriptorium.1Cor_03.mark.xml#sSpan402" target="scriptorium.1Cor_03.mark.xml#sSpan328"/>
		<rel id="sPointingRel507" xlink:href="scriptorium.1Cor_03.mark.xml#sSpan81" target="scriptorium.1Cor_03.mark.xml#sSpan94"/>
		<rel id="sPointingRel509" xlink:href="scriptorium.1Cor_03.mark.xml#sSpan1507" target="scriptorium.1Cor_03.mark.xml#sSpan1530"/>
		<rel id="sPointingRel511" xlink:href="scriptorium.1Cor_03.mark.xml#sSpan921" target="scriptorium.1Cor_03.mark.xml#sSpan917"/>
		<rel id="sPointingRel513" xlink:href="scriptorium.1Cor_03.mark.xml#sSpan531" target="scriptorium.1Cor_03.mark.xml#sSpan520"/>
		<rel id="sPointingRel515" xlink:href="scriptorium.1Cor_03.mark.xml#sSpan51" target="scriptorium.1Cor_03.mark.xml#sSpan71"/>
		<rel id="sPointingRel517" xlink:href="scriptorium.1Cor_03.mark.xml#sSpan353" target="scriptorium.1Cor_03.mark.xml#sSpan349"/>
		<rel id="sPointingRel519" xlink:href="scriptorium.1Cor_03.mark.xml#sSpan1834" target="scriptorium.1Cor_03.mark.xml#sSpan1826"/>
		<rel id="sPointingRel521" xlink:href="scriptorium.1Cor_03.mark.xml#sSpan707" target="scriptorium.1Cor_03.mark.xml#sSpan719"/>
		<rel id="sPointingRel523" xlink:href="scriptorium.1Cor_03.mark.xml#sSpan1663" target="scriptorium.1Cor_03.mark.xml#sSpan1665"/>
		<rel id="sPointingRel525" xlink:href="scriptorium.1Cor_03.mark.xml#sSpan1563" target="scriptorium.1Cor_03.mark.xml#sSpan1560"/>
		<rel id="sPointingRel527" xlink:href="scriptorium.1Cor_03.mark.xml#sSpan894" target="scriptorium.1Cor_03.mark.xml#sSpan913"/>
		<rel id="sPointingRel529" xlink:href="scriptorium.1Cor_03.mark.xml#sSpan1248" target="scriptorium.1Cor_03.mark.xml#sSpan1251"/>
		<rel id="sPointingRel531" xlink:href="scriptorium.1Cor_03.mark.xml#sSpan1877" target="scriptorium.1Cor_03.mark.xml#sSpan1873"/>
		<rel id="sPointingRel533" xlink:href="scriptorium.1Cor_03.mark.xml#sSpan1027" target="scriptorium.1Cor_03.mark.xml#sSpan1033"/>
		<rel id="sPointingRel535" xlink:href="scriptorium.1Cor_03.mark.xml#sSpan2019" target="scriptorium.1Cor_03.mark.xml#sSpan2137"/>
		<rel id="sPointingRel537" xlink:href="scriptorium.1Cor_03.mark.xml#sSpan2033" target="scriptorium.1Cor_03.mark.xml#sSpan2096"/>
		<rel id="sPointingRel539" xlink:href="scriptorium.1Cor_03.mark.xml#sSpan874" target="scriptorium.1Cor_03.mark.xml#sSpan867"/>
		<rel id="sPointingRel541" xlink:href="scriptorium.1Cor_03.mark.xml#sSpan1903" target="scriptorium.1Cor_03.mark.xml#sSpan1898"/>
		<rel id="sPointingRel543" xlink:href="scriptorium.1Cor_03.mark.xml#sSpan402" target="scriptorium.1Cor_03.mark.xml#sSpan408"/>
		<rel id="sPointingRel545" xlink:href="scriptorium.1Cor_03.mark.xml#sSpan730" target="scriptorium.1Cor_03.mark.xml#sSpan726"/>
		<rel id="sPointingRel547" xlink:href="scriptorium.1Cor_03.mark.xml#sSpan1315" target="scriptorium.1Cor_03.mark.xml#sSpan1324"/>
		<rel id="sPointingRel549" xlink:href="scriptorium.1Cor_03.mark.xml#sSpan1866" target="scriptorium.1Cor_03.mark.xml#sSpan1869"/>
		<rel id="sPointingRel551" xlink:href="scriptorium.1Cor_03.mark.xml#sSpan826" target="scriptorium.1Cor_03.mark.xml#sSpan819"/>
		<rel id="sPointingRel553" xlink:href="scriptorium.1Cor_03.mark.xml#sSpan770" target="scriptorium.1Cor_03.mark.xml#sSpan755"/>
		<rel id="sPointingRel555" xlink:href="scriptorium.1Cor_03.mark.xml#sSpan1495" target="scriptorium.1Cor_03.mark.xml#sSpan1507"/>
		<rel id="sPointingRel557" xlink:href="scriptorium.1Cor_03.mark.xml#sSpan979" target="scriptorium.1Cor_03.mark.xml#sSpan987"/>
		<rel id="sPointingRel559" xlink:href="scriptorium.1Cor_03.mark.xml#sSpan1746" target="scriptorium.1Cor_03.mark.xml#sSpan1742"/>
		<rel id="sPointingRel561" xlink:href="scriptorium.1Cor_03.mark.xml#sSpan112" target="scriptorium.1Cor_03.mark.xml#sSpan114"/>
		<rel id="sPointingRel563" xlink:href="scriptorium.1Cor_03.mark.xml#sSpan1563" target="scriptorium.1Cor_03.mark.xml#sSpan1599"/>
		<rel id="sPointingRel565" xlink:href="scriptorium.1Cor_03.mark.xml#sSpan1346" target="scriptorium.1Cor_03.mark.xml#sSpan1344"/>
		<rel id="sPointingRel567" xlink:href="scriptorium.1Cor_03.mark.xml#sSpan1530" target="scriptorium.1Cor_03.mark.xml#sSpan1527"/>
		<rel id="sPointingRel569" xlink:href="scriptorium.1Cor_03.mark.xml#sSpan31" target="scriptorium.1Cor_03.mark.xml#sSpan96"/>
		<rel id="sPointingRel571" xlink:href="scriptorium.1Cor_03.mark.xml#sSpan1507" target="scriptorium.1Cor_03.mark.xml#sSpan1501"/>
		<rel id="sPointingRel573" xlink:href="scriptorium.1Cor_03.mark.xml#sSpan560" target="scriptorium.1Cor_03.mark.xml#sSpan554"/>
		<rel id="sPointingRel575" xlink:href="scriptorium.1Cor_03.mark.xml#sSpan1981" target="scriptorium.1Cor_03.mark.xml#sSpan1989"/>
		<rel id="sPointingRel577" xlink:href="scriptorium.1Cor_03.mark.xml#sSpan466" target="scriptorium.1Cor_03.mark.xml#sSpan456"/>
		<rel id="sPointingRel579" xlink:href="scriptorium.1Cor_03.mark.xml#sSpan187" target="scriptorium.1Cor_03.mark.xml#sSpan181"/>
		<rel id="sPointingRel581" xlink:href="scriptorium.1Cor_03.mark.xml#sSpan1168" target="scriptorium.1Cor_03.mark.xml#sSpan1163"/>
		<rel id="sPointingRel583" xlink:href="scriptorium.1Cor_03.mark.xml#sSpan1663" target="scriptorium.1Cor_03.mark.xml#sSpan1613"/>
		<rel id="sPointingRel585" xlink:href="scriptorium.1Cor_03.mark.xml#sSpan1627" target="scriptorium.1Cor_03.mark.xml#sSpan1623"/>
		<rel id="sPointingRel587" xlink:href="scriptorium.1Cor_03.mark.xml#sSpan1882" target="scriptorium.1Cor_03.mark.xml#sSpan1892"/>
		<rel id="sPointingRel589" xlink:href="scriptorium.1Cor_03.mark.xml#sSpan833" target="scriptorium.1Cor_03.mark.xml#sSpan828"/>
		<rel id="sPointingRel591" xlink:href="scriptorium.1Cor_03.mark.xml#sSpan466" target="scriptorium.1Cor_03.mark.xml#sSpan460"/>
		<rel id="sPointingRel593" xlink:href="scriptorium.1Cor_03.mark.xml#sSpan737" target="scriptorium.1Cor_03.mark.xml#sSpan746"/>
		<rel id="sPointingRel595" xlink:href="scriptorium.1Cor_03.mark.xml#sSpan1688" target="scriptorium.1Cor_03.mark.xml#sSpan1672"/>
		<rel id="sPointingRel597" xlink:href="scriptorium.1Cor_03.mark.xml#sSpan1801" target="scriptorium.1Cor_03.mark.xml#sSpan1796"/>
		<rel id="sPointingRel599" xlink:href="scriptorium.1Cor_03.mark.xml#sSpan1495" target="scriptorium.1Cor_03.mark.xml#sSpan1485"/>
		<rel id="sPointingRel601" xlink:href="scriptorium.1Cor_03.mark.xml#sSpan219" target="scriptorium.1Cor_03.mark.xml#sSpan209"/>
		<rel id="sPointingRel603" xlink:href="scriptorium.1Cor_03.mark.xml#sSpan1663" target="scriptorium.1Cor_03.mark.xml#sSpan1702"/>
		<rel id="sPointingRel605" xlink:href="scriptorium.1Cor_03.mark.xml#sSpan913" target="scriptorium.1Cor_03.mark.xml#sSpan921"/>
		<rel id="sPointingRel607" xlink:href="scriptorium.1Cor_03.mark.xml#sSpan2033" target="scriptorium.1Cor_03.mark.xml#sSpan2055"/>
		<rel id="sPointingRel609" xlink:href="scriptorium.1Cor_03.mark.xml#sSpan965" target="scriptorium.1Cor_03.mark.xml#sSpan962"/>
		<rel id="sPointingRel611" xlink:href="scriptorium.1Cor_03.mark.xml#sSpan2076" target="scriptorium.1Cor_03.mark.xml#sSpan2072"/>
		<rel id="sPointingRel613" xlink:href="scriptorium.1Cor_03.mark.xml#sSpan2126" target="scriptorium.1Cor_03.mark.xml#sSpan2121"/>
		<rel id="sPointingRel615" xlink:href="scriptorium.1Cor_03.mark.xml#sSpan482" target="scriptorium.1Cor_03.mark.xml#sSpan493"/>
		<rel id="sPointingRel617" xlink:href="scriptorium.1Cor_03.mark.xml#sSpan965" target="scriptorium.1Cor_03.mark.xml#sSpan958"/>
		<rel id="sPointingRel619" xlink:href="scriptorium.1Cor_03.mark.xml#sSpan1563" target="scriptorium.1Cor_03.mark.xml#sSpan1572"/>
		<rel id="sPointingRel621" xlink:href="scriptorium.1Cor_03.mark.xml#sSpan1672" target="scriptorium.1Cor_03.mark.xml#sSpan1696"/>
		<rel id="sPointingRel623" xlink:href="scriptorium.1Cor_03.mark.xml#sSpan1248" target="scriptorium.1Cor_03.mark.xml#sSpan1227"/>
		<rel id="sPointingRel625" xlink:href="scriptorium.1Cor_03.mark.xml#sSpan2129" target="scriptorium.1Cor_03.mark.xml#sSpan2126"/>
		<rel id="sPointingRel627" xlink:href="scriptorium.1Cor_03.mark.xml#sSpan149" target="scriptorium.1Cor_03.mark.xml#sSpan156"/>
		<rel id="sPointingRel629" xlink:href="scriptorium.1Cor_03.mark.xml#sSpan1663" target="scriptorium.1Cor_03.mark.xml#sSpan1688"/>
		<rel id="sPointingRel631" xlink:href="scriptorium.1Cor_03.mark.xml#sSpan1892" target="scriptorium.1Cor_03.mark.xml#sSpan1888"/>
		<rel id="sPointingRel633" xlink:href="scriptorium.1Cor_03.mark.xml#sSpan865" target="scriptorium.1Cor_03.mark.xml#sSpan874"/>
		<rel id="sPointingRel635" xlink:href="scriptorium.1Cor_03.mark.xml#sSpan1464" target="scriptorium.1Cor_03.mark.xml#sSpan1460"/>
		<rel id="sPointingRel637" xlink:href="scriptorium.1Cor_03.mark.xml#sSpan1842" target="scriptorium.1Cor_03.mark.xml#sSpan1845"/>
		<rel id="sPointingRel639" xlink:href="scriptorium.1Cor_03.mark.xml#sSpan1733" target="scriptorium.1Cor_03.mark.xml#sSpan1740"/>
		<rel id="sPointingRel641" xlink:href="scriptorium.1Cor_03.mark.xml#sSpan1161" target="scriptorium.1Cor_03.mark.xml#sSpan1158"/>
		<rel id="sPointingRel643" xlink:href="scriptorium.1Cor_03.mark.xml#sSpan1370" target="scriptorium.1Cor_03.mark.xml#sSpan1367"/>
		<rel id="sPointingRel645" xlink:href="scriptorium.1Cor_03.mark.xml#sSpan382" target="scriptorium.1Cor_03.mark.xml#sSpan372"/>
		<rel id="sPointingRel647" xlink:href="scriptorium.1Cor_03.mark.xml#sSpan2187" target="scriptorium.1Cor_03.mark.xml#sSpan2197"/>
		<rel id="sPointingRel649" xlink:href="scriptorium.1Cor_03.mark.xml#sSpan1168" target="scriptorium.1Cor_03.mark.xml#sSpan1203"/>
		<rel id="sPointingRel651" xlink:href="scriptorium.1Cor_03.mark.xml#sSpan833" target="scriptorium.1Cor_03.mark.xml#sSpan839"/>
		<rel id="sPointingRel653" xlink:href="scriptorium.1Cor_03.mark.xml#sSpan1773" target="scriptorium.1Cor_03.mark.xml#sSpan1766"/>
		<rel id="sPointingRel655" xlink:href="scriptorium.1Cor_03.mark.xml#sSpan779" target="scriptorium.1Cor_03.mark.xml#sSpan772"/>
		<rel id="sPointingRel657" xlink:href="scriptorium.1Cor_03.mark.xml#sSpan236" target="scriptorium.1Cor_03.mark.xml#sSpan244"/>
		<rel id="sPointingRel659" xlink:href="scriptorium.1Cor_03.mark.xml#sSpan531" target="scriptorium.1Cor_03.mark.xml#sSpan539"/>
		<rel id="sPointingRel661" xlink:href="scriptorium.1Cor_03.mark.xml#sSpan1078" target="scriptorium.1Cor_03.mark.xml#sSpan1075"/>
		<rel id="sPointingRel663" xlink:href="scriptorium.1Cor_03.mark.xml#sSpan951" target="scriptorium.1Cor_03.mark.xml#sSpan945"/>
		<rel id="sPointingRel665" xlink:href="scriptorium.1Cor_03.mark.xml#sSpan1152" target="scriptorium.1Cor_03.mark.xml#sSpan1168"/>
		<rel id="sPointingRel667" xlink:href="scriptorium.1Cor_03.mark.xml#sSpan658" target="scriptorium.1Cor_03.mark.xml#sSpan661"/>
		<rel id="sPointingRel669" xlink:href="scriptorium.1Cor_03.mark.xml#sSpan1182" target="scriptorium.1Cor_03.mark.xml#sSpan1177"/>
		<rel id="sPointingRel671" xlink:href="scriptorium.1Cor_03.mark.xml#sSpan518" target="scriptorium.1Cor_03.mark.xml#sSpan516"/>
		<rel id="sPointingRel673" xlink:href="scriptorium.1Cor_03.mark.xml#sSpan1794" target="scriptorium.1Cor_03.mark.xml#sSpan1801"/>
		<rel id="sPointingRel675" xlink:href="scriptorium.1Cor_03.mark.xml#sSpan1548" target="scriptorium.1Cor_03.mark.xml#sSpan1609"/>
		<rel id="sPointingRel677" xlink:href="scriptorium.1Cor_03.mark.xml#sSpan1152" target="scriptorium.1Cor_03.mark.xml#sSpan1148"/>
		<rel id="sPointingRel679" xlink:href="scriptorium.1Cor_03.mark.xml#sSpan21" target="scriptorium.1Cor_03.mark.xml#sSpan16"/>
		<rel id="sPointingRel681" xlink:href="scriptorium.1Cor_03.mark.xml#sSpan1657" target="scriptorium.1Cor_03.mark.xml#sSpan1652"/>
		<rel id="sPointingRel683" xlink:href="scriptorium.1Cor_03.mark.xml#sSpan810" target="scriptorium.1Cor_03.mark.xml#sSpan804"/>
		<rel id="sPointingRel685" xlink:href="scriptorium.1Cor_03.mark.xml#sSpan690" target="scriptorium.1Cor_03.mark.xml#sSpan681"/>
		<rel id="sPointingRel687" xlink:href="scriptorium.1Cor_03.mark.xml#sSpan149" target="scriptorium.1Cor_03.mark.xml#sSpan142"/>
		<rel id="sPointingRel689" xlink:href="scriptorium.1Cor_03.mark.xml#sSpan1405" target="scriptorium.1Cor_03.mark.xml#sSpan1418"/>
		<rel id="sPointingRel691" xlink:href="scriptorium.1Cor_03.mark.xml#sSpan1981" target="scriptorium.1Cor_03.mark.xml#sSpan1965"/>
		<rel id="sPointingRel693" xlink:href="scriptorium.1Cor_03.mark.xml#sSpan1636" target="scriptorium.1Cor_03.mark.xml#sSpan1629"/>
		<rel id="sPointingRel695" xlink:href="scriptorium.1Cor_03.mark.xml#sSpan1842" target="scriptorium.1Cor_03.mark.xml#sSpan1856"/>
		<rel id="sPointingRel697" xlink:href="scriptorium.1Cor_03.mark.xml#sSpan1437" target="scriptorium.1Cor_03.mark.xml#sSpan1430"/>
		<rel id="sPointingRel699" xlink:href="scriptorium.1Cor_03.mark.xml#sSpan690" target="scriptorium.1Cor_03.mark.xml#sSpan685"/>
		<rel id="sPointingRel701" xlink:href="scriptorium.1Cor_03.mark.xml#sSpan292" target="scriptorium.1Cor_03.mark.xml#sSpan286"/>
		<rel id="sPointingRel703" xlink:href="scriptorium.1Cor_03.mark.xml#sSpan244" target="scriptorium.1Cor_03.mark.xml#sSpan239"/>
		<rel id="sPointingRel705" xlink:href="scriptorium.1Cor_03.mark.xml#sSpan894" target="scriptorium.1Cor_03.mark.xml#sSpan881"/>
		<rel id="sPointingRel707" xlink:href="scriptorium.1Cor_03.mark.xml#sSpan766" target="scriptorium.1Cor_03.mark.xml#sSpan762"/>
		<rel id="sPointingRel709" xlink:href="scriptorium.1Cor_03.mark.xml#sSpan1304" target="scriptorium.1Cor_03.mark.xml#sSpan1301"/>
		<rel id="sPointingRel711" xlink:href="scriptorium.1Cor_03.mark.xml#sSpan1588" target="scriptorium.1Cor_03.mark.xml#sSpan1597"/>
		<rel id="sPointingRel713" xlink:href="scriptorium.1Cor_03.mark.xml#sSpan1152" target="scriptorium.1Cor_03.mark.xml#sSpan1140"/>
		<rel id="sPointingRel715" xlink:href="scriptorium.1Cor_03.mark.xml#sSpan1563" target="scriptorium.1Cor_03.mark.xml#sSpan1558"/>
		<rel id="sPointingRel717" xlink:href="scriptorium.1Cor_03.mark.xml#sSpan979" target="scriptorium.1Cor_03.mark.xml#sSpan971"/>
		<rel id="sPointingRel719" xlink:href="scriptorium.1Cor_03.mark.xml#sSpan1094" target="scriptorium.1Cor_03.mark.xml#sSpan1096"/>
		<rel id="sPointingRel721" xlink:href="scriptorium.1Cor_03.mark.xml#sSpan658" target="scriptorium.1Cor_03.mark.xml#sSpan668"/>
		<rel id="sPointingRel723" xlink:href="scriptorium.1Cor_03.mark.xml#sSpan770" target="scriptorium.1Cor_03.mark.xml#sSpan768"/>
		<rel id="sPointingRel725" xlink:href="scriptorium.1Cor_03.mark.xml#sSpan1931" target="scriptorium.1Cor_03.mark.xml#sSpan1962"/>
		<rel id="sPointingRel727" xlink:href="scriptorium.1Cor_03.mark.xml#sSpan631" target="scriptorium.1Cor_03.mark.xml#sSpan658"/>
		<rel id="sPointingRel729" xlink:href="scriptorium.1Cor_03.mark.xml#sSpan1418" target="scriptorium.1Cor_03.mark.xml#sSpan1416"/>
		<rel id="sPointingRel731" xlink:href="scriptorium.1Cor_03.mark.xml#sSpan31" target="scriptorium.1Cor_03.mark.xml#sSpan29"/>
		<rel id="sPointingRel733" xlink:href="scriptorium.1Cor_03.mark.xml#sSpan187" target="scriptorium.1Cor_03.mark.xml#sSpan185"/>
		<rel id="sPointingRel735" xlink:href="scriptorium.1Cor_03.mark.xml#sSpan1773" target="scriptorium.1Cor_03.mark.xml#sSpan1770"/>
		<rel id="sPointingRel737" xlink:href="scriptorium.1Cor_03.mark.xml#sSpan353" target="scriptorium.1Cor_03.mark.xml#sSpan345"/>
		<rel id="sPointingRel739" xlink:href="scriptorium.1Cor_03.mark.xml#sSpan1877" target="scriptorium.1Cor_03.mark.xml#sSpan1882"/>
		<rel id="sPointingRel741" xlink:href="scriptorium.1Cor_03.mark.xml#sSpan1563" target="scriptorium.1Cor_03.mark.xml#sSpan1574"/>
		<rel id="sPointingRel743" xlink:href="scriptorium.1Cor_03.mark.xml#sSpan272" target="scriptorium.1Cor_03.mark.xml#sSpan274"/>
		<rel id="sPointingRel745" xlink:href="scriptorium.1Cor_03.mark.xml#sSpan1428" target="scriptorium.1Cor_03.mark.xml#sSpan1426"/>
		<rel id="sPointingRel747" xlink:href="scriptorium.1Cor_03.mark.xml#sSpan560" target="scriptorium.1Cor_03.mark.xml#sSpan609"/>
		<rel id="sPointingRel749" xlink:href="scriptorium.1Cor_03.mark.xml#sSpan1168" target="scriptorium.1Cor_03.mark.xml#sSpan1175"/>
		<rel id="sPointingRel751" xlink:href="scriptorium.1Cor_03.mark.xml#sSpan1794" target="scriptorium.1Cor_03.mark.xml#sSpan1790"/>
		<rel id="sPointingRel753" xlink:href="scriptorium.1Cor_03.mark.xml#sSpan755" target="scriptorium.1Cor_03.mark.xml#sSpan750"/>
		<rel id="sPointingRel755" xlink:href="scriptorium.1Cor_03.mark.xml#sSpan1819" target="scriptorium.1Cor_03.mark.xml#sSpan1834"/>
		<rel id="sPointingRel757" xlink:href="scriptorium.1Cor_03.mark.xml#sSpan382" target="scriptorium.1Cor_03.mark.xml#sSpan364"/>
		<rel id="sPointingRel759" xlink:href="scriptorium.1Cor_03.mark.xml#sSpan1597" target="scriptorium.1Cor_03.mark.xml#sSpan1594"/>
		<rel id="sPointingRel761" xlink:href="scriptorium.1Cor_03.mark.xml#sSpan1017" target="scriptorium.1Cor_03.mark.xml#sSpan998"/>
		<rel id="sPointingRel763" xlink:href="scriptorium.1Cor_03.mark.xml#sSpan37" target="scriptorium.1Cor_03.mark.xml#sSpan33"/>
		<rel id="sPointingRel765" xlink:href="scriptorium.1Cor_03.mark.xml#sSpan2044" target="scriptorium.1Cor_03.mark.xml#sSpan2039"/>
		<rel id="sPointingRel767" xlink:href="scriptorium.1Cor_03.mark.xml#sSpan518" target="scriptorium.1Cor_03.mark.xml#sSpan531"/>
		<rel id="sPointingRel769" xlink:href="scriptorium.1Cor_03.mark.xml#sSpan1089" target="scriptorium.1Cor_03.mark.xml#sSpan1104"/>
		<rel id="sPointingRel771" xlink:href="scriptorium.1Cor_03.mark.xml#sSpan2110" target="scriptorium.1Cor_03.mark.xml#sSpan2119"/>
		<rel id="sPointingRel773" xlink:href="scriptorium.1Cor_03.mark.xml#sSpan631" target="scriptorium.1Cor_03.mark.xml#sSpan614"/>
		<rel id="sPointingRel775" xlink:href="scriptorium.1Cor_03.mark.xml#sSpan1519" target="scriptorium.1Cor_03.mark.xml#sSpan1523"/>
		<rel id="sPointingRel777" xlink:href="scriptorium.1Cor_03.mark.xml#sSpan1856" target="scriptorium.1Cor_03.mark.xml#sSpan1853"/>
		<rel id="sPointingRel779" xlink:href="scriptorium.1Cor_03.mark.xml#sSpan1962" target="scriptorium.1Cor_03.mark.xml#sSpan1958"/>
		<rel id="sPointingRel781" xlink:href="scriptorium.1Cor_03.mark.xml#sSpan1017" target="scriptorium.1Cor_03.mark.xml#sSpan1001"/>
		<rel id="sPointingRel783" xlink:href="scriptorium.1Cor_03.mark.xml#sSpan755" target="scriptorium.1Cor_03.mark.xml#sSpan766"/>
		<rel id="sPointingRel785" xlink:href="scriptorium.1Cor_03.mark.xml#sSpan2033" target="scriptorium.1Cor_03.mark.xml#sSpan2086"/>
		<rel id="sPointingRel787" xlink:href="scriptorium.1Cor_03.mark.xml#sSpan913" target="scriptorium.1Cor_03.mark.xml#sSpan905"/>
		<rel id="sPointingRel789" xlink:href="scriptorium.1Cor_03.mark.xml#sSpan1981" target="scriptorium.1Cor_03.mark.xml#sSpan1998"/>
		<rel id="sPointingRel791" xlink:href="scriptorium.1Cor_03.mark.xml#sSpan71" target="scriptorium.1Cor_03.mark.xml#sSpan66"/>
		<rel id="sPointingRel793" xlink:href="scriptorium.1Cor_03.mark.xml#sSpan510" target="scriptorium.1Cor_03.mark.xml#sSpan506"/>
		<rel id="sPointingRel795" xlink:href="scriptorium.1Cor_03.mark.xml#sSpan903" target="scriptorium.1Cor_03.mark.xml#sSpan900"/>
		<rel id="sPointingRel797" xlink:href="scriptorium.1Cor_03.mark.xml#sSpan1548" target="scriptorium.1Cor_03.mark.xml#sSpan1546"/>
		<rel id="sPointingRel799" xlink:href="scriptorium.1Cor_03.mark.xml#sSpan1017" target="scriptorium.1Cor_03.mark.xml#sSpan1011"/>
		<rel id="sPointingRel801" xlink:href="scriptorium.1Cor_03.mark.xml#sSpan1473" target="scriptorium.1Cor_03.mark.xml#sSpan1532"/>
		<rel id="sPointingRel803" xlink:href="scriptorium.1Cor_03.mark.xml#sSpan719" target="scriptorium.1Cor_03.mark.xml#sSpan717"/>
		<rel id="sPointingRel805" xlink:href="scriptorium.1Cor_03.mark.xml#sSpan504" target="scriptorium.1Cor_03.mark.xml#sSpan499"/>
		<rel id="sPointingRel807" xlink:href="scriptorium.1Cor_03.mark.xml#sSpan865" target="scriptorium.1Cor_03.mark.xml#sSpan858"/>
		<rel id="sPointingRel809" xlink:href="scriptorium.1Cor_03.mark.xml#sSpan810" target="scriptorium.1Cor_03.mark.xml#sSpan876"/>
		<rel id="sPointingRel811" xlink:href="scriptorium.1Cor_03.mark.xml#sSpan833" target="scriptorium.1Cor_03.mark.xml#sSpan850"/>
		<rel id="sPointingRel813" xlink:href="scriptorium.1Cor_03.mark.xml#sSpan631" target="scriptorium.1Cor_03.mark.xml#sSpan623"/>
		<rel id="sPointingRel815" xlink:href="scriptorium.1Cor_03.mark.xml#sSpan128" target="scriptorium.1Cor_03.mark.xml#sSpan125"/>
		<rel id="sPointingRel817" xlink:href="scriptorium.1Cor_03.mark.xml#sSpan1548" target="scriptorium.1Cor_03.mark.xml#sSpan1563"/>
		<rel id="sPointingRel819" xlink:href="scriptorium.1Cor_03.mark.xml#sSpan894" target="scriptorium.1Cor_03.mark.xml#sSpan903"/>
		<rel id="sPointingRel821" xlink:href="scriptorium.1Cor_03.mark.xml#sSpan2096" target="scriptorium.1Cor_03.mark.xml#sSpan2103"/>
		<rel id="sPointingRel823" xlink:href="scriptorium.1Cor_03.mark.xml#sSpan1645" target="scriptorium.1Cor_03.mark.xml#sSpan1638"/>
		<rel id="sPointingRel825" xlink:href="scriptorium.1Cor_03.mark.xml#sSpan1931" target="scriptorium.1Cor_03.mark.xml#sSpan1918"/>
		<rel id="sPointingRel827" xlink:href="scriptorium.1Cor_03.mark.xml#sSpan1443" target="scriptorium.1Cor_03.mark.xml#sSpan1464"/>
		<rel id="sPointingRel829" xlink:href="scriptorium.1Cor_03.mark.xml#sSpan1740" target="scriptorium.1Cor_03.mark.xml#sSpan1746"/>
		<rel id="sPointingRel831" xlink:href="scriptorium.1Cor_03.mark.xml#sSpan939" target="scriptorium.1Cor_03.mark.xml#sSpan934"/>
		<rel id="sPointingRel833" xlink:href="scriptorium.1Cor_03.mark.xml#sSpan272" target="scriptorium.1Cor_03.mark.xml#sSpan292"/>
		<rel id="sPointingRel835" xlink:href="scriptorium.1Cor_03.mark.xml#sSpan1" target="scriptorium.1Cor_03.mark.xml#sSpan12"/>
		<rel id="sPointingRel837" xlink:href="scriptorium.1Cor_03.mark.xml#sSpan979" target="scriptorium.1Cor_03.mark.xml#sSpan1017"/>
		<rel id="sPointingRel839" xlink:href="scriptorium.1Cor_03.mark.xml#sSpan402" target="scriptorium.1Cor_03.mark.xml#sSpan393"/>
		<rel id="sPointingRel841" xlink:href="scriptorium.1Cor_03.mark.xml#sSpan1045" target="scriptorium.1Cor_03.mark.xml#sSpan1123"/>
		<rel id="sPointingRel843" xlink:href="scriptorium.1Cor_03.mark.xml#sSpan1784" target="scriptorium.1Cor_03.mark.xml#sSpan1776"/>
		<rel id="sPointingRel845" xlink:href="scriptorium.1Cor_03.mark.xml#sSpan894" target="scriptorium.1Cor_03.mark.xml#sSpan941"/>
		<rel id="sPointingRel847" xlink:href="scriptorium.1Cor_03.mark.xml#sSpan631" target="scriptorium.1Cor_03.mark.xml#sSpan645"/>
		<rel id="sPointingRel849" xlink:href="scriptorium.1Cor_03.mark.xml#sSpan639" target="scriptorium.1Cor_03.mark.xml#sSpan637"/>
		<rel id="sPointingRel851" xlink:href="scriptorium.1Cor_03.mark.xml#sSpan328" target="scriptorium.1Cor_03.mark.xml#sSpan385"/>
		<rel id="sPointingRel853" xlink:href="scriptorium.1Cor_03.mark.xml#sSpan560" target="scriptorium.1Cor_03.mark.xml#sSpan558"/>
		<rel id="sPointingRel855" xlink:href="scriptorium.1Cor_03.mark.xml#sSpan37" target="scriptorium.1Cor_03.mark.xml#sSpan43"/>
		<rel id="sPointingRel857" xlink:href="scriptorium.1Cor_03.mark.xml#sSpan874" target="scriptorium.1Cor_03.mark.xml#sSpan871"/>
		<rel id="sPointingRel859" xlink:href="scriptorium.1Cor_03.mark.xml#sSpan364" target="scriptorium.1Cor_03.mark.xml#sSpan360"/>
		<rel id="sPointingRel861" xlink:href="scriptorium.1Cor_03.mark.xml#sSpan2159" target="scriptorium.1Cor_03.mark.xml#sSpan2170"/>
		<rel id="sPointingRel863" xlink:href="scriptorium.1Cor_03.mark.xml#sSpan531" target="scriptorium.1Cor_03.mark.xml#sSpan524"/>
		<rel id="sPointingRel865" xlink:href="scriptorium.1Cor_03.mark.xml#sSpan563" target="scriptorium.1Cor_03.mark.xml#sSpan568"/>
		<rel id="sPointingRel867" xlink:href="scriptorium.1Cor_03.mark.xml#sSpan1359" target="scriptorium.1Cor_03.mark.xml#sSpan1354"/>
		<rel id="sPointingRel869" xlink:href="scriptorium.1Cor_03.mark.xml#sSpan1663" target="scriptorium.1Cor_03.mark.xml#sSpan1657"/>
		<rel id="sPointingRel871" xlink:href="scriptorium.1Cor_03.mark.xml#sSpan1842" target="scriptorium.1Cor_03.mark.xml#sSpan1819"/>
		<rel id="sPointingRel873" xlink:href="scriptorium.1Cor_03.mark.xml#sSpan929" target="scriptorium.1Cor_03.mark.xml#sSpan924"/>
		<rel id="sPointingRel875" xlink:href="scriptorium.1Cor_03.mark.xml#sSpan2159" target="scriptorium.1Cor_03.mark.xml#sSpan2141"/>
		<rel id="sPointingRel877" xlink:href="scriptorium.1Cor_03.mark.xml#sSpan690" target="scriptorium.1Cor_03.mark.xml#sSpan692"/>
		<rel id="sPointingRel879" xlink:href="scriptorium.1Cor_03.mark.xml#sSpan1866" target="scriptorium.1Cor_03.mark.xml#sSpan1862"/>
		<rel id="sPointingRel881" xlink:href="scriptorium.1Cor_03.mark.xml#sSpan594" target="scriptorium.1Cor_03.mark.xml#sSpan589"/>
		<rel id="sPointingRel883" xlink:href="scriptorium.1Cor_03.mark.xml#sSpan232" target="scriptorium.1Cor_03.mark.xml#sSpan254"/>
		<rel id="sPointingRel885" xlink:href="scriptorium.1Cor_03.mark.xml#sSpan1121" target="scriptorium.1Cor_03.mark.xml#sSpan1116"/>
		<rel id="sPointingRel887" xlink:href="scriptorium.1Cor_03.mark.xml#sSpan1473" target="scriptorium.1Cor_03.mark.xml#sSpan1466"/>
		<rel id="sPointingRel889" xlink:href="scriptorium.1Cor_03.mark.xml#sSpan94" target="scriptorium.1Cor_03.mark.xml#sSpan86"/>
		<rel id="sPointingRel891" xlink:href="scriptorium.1Cor_03.mark.xml#sSpan2096" target="scriptorium.1Cor_03.mark.xml#sSpan2092"/>
		<rel id="sPointingRel893" xlink:href="scriptorium.1Cor_03.mark.xml#sSpan607" target="scriptorium.1Cor_03.mark.xml#sSpan604"/>
		<rel id="sPointingRel895" xlink:href="scriptorium.1Cor_03.mark.xml#sSpan1418" target="scriptorium.1Cor_03.mark.xml#sSpan1414"/>
		<rel id="sPointingRel897" xlink:href="scriptorium.1Cor_03.mark.xml#sSpan1719" target="scriptorium.1Cor_03.mark.xml#sSpan1706"/>
		<rel id="sPointingRel899" xlink:href="scriptorium.1Cor_03.mark.xml#sSpan128" target="scriptorium.1Cor_03.mark.xml#sSpan121"/>
		<rel id="sPointingRel901" xlink:href="scriptorium.1Cor_03.mark.xml#sSpan353" target="scriptorium.1Cor_03.mark.xml#sSpan334"/>
		<rel id="sPointingRel903" xlink:href="scriptorium.1Cor_03.mark.xml#sSpan112" target="scriptorium.1Cor_03.mark.xml#sSpan116"/>
		<rel id="sPointingRel905" xlink:href="scriptorium.1Cor_03.mark.xml#sSpan1248" target="scriptorium.1Cor_03.mark.xml#sSpan1271"/>
		<rel id="sPointingRel907" xlink:href="scriptorium.1Cor_03.mark.xml#sSpan1719" target="scriptorium.1Cor_03.mark.xml#sSpan1727"/>
		<rel id="sPointingRel909" xlink:href="scriptorium.1Cor_03.mark.xml#sSpan31" target="scriptorium.1Cor_03.mark.xml#sSpan23"/>
		<rel id="sPointingRel911" xlink:href="scriptorium.1Cor_03.mark.xml#sSpan1271" target="scriptorium.1Cor_03.mark.xml#sSpan1290"/>
		<rel id="sPointingRel913" xlink:href="scriptorium.1Cor_03.mark.xml#sSpan493" target="scriptorium.1Cor_03.mark.xml#sSpan484"/>
		<rel id="sPointingRel915" xlink:href="scriptorium.1Cor_03.mark.xml#sSpan272" target="scriptorium.1Cor_03.mark.xml#sSpan262"/>
		<rel id="sPointingRel917" xlink:href="scriptorium.1Cor_03.mark.xml#sSpan2055" target="scriptorium.1Cor_03.mark.xml#sSpan2050"/>
		<rel id="sPointingRel919" xlink:href="scriptorium.1Cor_03.mark.xml#sSpan1418" target="scriptorium.1Cor_03.mark.xml#sSpan1420"/>
		<rel id="sPointingRel921" xlink:href="scriptorium.1Cor_03.mark.xml#sSpan187" target="scriptorium.1Cor_03.mark.xml#sSpan165"/>
		<rel id="sPointingRel923" xlink:href="scriptorium.1Cor_03.mark.xml#sSpan560" target="scriptorium.1Cor_03.mark.xml#sSpan545"/>
		<rel id="sPointingRel925" xlink:href="scriptorium.1Cor_03.mark.xml#sSpan658" target="scriptorium.1Cor_03.mark.xml#sSpan672"/>
		<rel id="sPointingRel927" xlink:href="scriptorium.1Cor_03.mark.xml#sSpan531" target="scriptorium.1Cor_03.mark.xml#sSpan529"/>
		<rel id="sPointingRel929" xlink:href="scriptorium.1Cor_03.mark.xml#sSpan951" target="scriptorium.1Cor_03.mark.xml#sSpan949"/>
		<rel id="sPointingRel931" xlink:href="scriptorium.1Cor_03.mark.xml#sSpan1473" target="scriptorium.1Cor_03.mark.xml#sSpan1470"/>
		<rel id="sPointingRel933" xlink:href="scriptorium.1Cor_03.mark.xml#sSpan1324" target="scriptorium.1Cor_03.mark.xml#sSpan1330"/>
		<rel id="sPointingRel935" xlink:href="scriptorium.1Cor_03.mark.xml#sSpan1152" target="scriptorium.1Cor_03.mark.xml#sSpan1161"/>
		<rel id="sPointingRel937" xlink:href="scriptorium.1Cor_03.mark.xml#sSpan1903" target="scriptorium.1Cor_03.mark.xml#sSpan1894"/>
		<rel id="sPointingRel939" xlink:href="scriptorium.1Cor_03.mark.xml#sSpan833" target="scriptorium.1Cor_03.mark.xml#sSpan865"/>
		<rel id="sPointingRel941" xlink:href="scriptorium.1Cor_03.mark.xml#sSpan1842" target="scriptorium.1Cor_03.mark.xml#sSpan1905"/>
		<rel id="sPointingRel943" xlink:href="scriptorium.1Cor_03.mark.xml#sSpan1530" target="scriptorium.1Cor_03.mark.xml#sSpan1515"/>
		<rel id="sPointingRel945" xlink:href="scriptorium.1Cor_03.mark.xml#sSpan149" target="scriptorium.1Cor_03.mark.xml#sSpan160"/>
		<rel id="sPointingRel947" xlink:href="scriptorium.1Cor_03.mark.xml#sSpan1719" target="scriptorium.1Cor_03.mark.xml#sSpan1773"/>
		<rel id="sPointingRel949" xlink:href="scriptorium.1Cor_03.mark.xml#sSpan1033" target="scriptorium.1Cor_03.mark.xml#sSpan1029"/>
		<rel id="sPointingRel951" xlink:href="scriptorium.1Cor_03.mark.xml#sSpan1290" target="scriptorium.1Cor_03.mark.xml#sSpan1280"/>
		<rel id="sPointingRel953" xlink:href="scriptorium.1Cor_03.mark.xml#sSpan1627" target="scriptorium.1Cor_03.mark.xml#sSpan1625"/>
		<rel id="sPointingRel955" xlink:href="scriptorium.1Cor_03.mark.xml#sSpan1672" target="scriptorium.1Cor_03.mark.xml#sSpan1667"/>
		<rel id="sPointingRel957" xlink:href="scriptorium.1Cor_03.mark.xml#sSpan51" target="scriptorium.1Cor_03.mark.xml#sSpan81"/>
		<rel id="sPointingRel959" xlink:href="scriptorium.1Cor_03.mark.xml#sSpan2195" target="scriptorium.1Cor_03.mark.xml#sSpan2192"/>
		<rel id="sPointingRel961" xlink:href="scriptorium.1Cor_03.mark.xml#sSpan631" target="scriptorium.1Cor_03.mark.xml#sSpan676"/>
		<rel id="sPointingRel963" xlink:href="scriptorium.1Cor_03.mark.xml#sSpan43" target="scriptorium.1Cor_03.mark.xml#sSpan39"/>
		<rel id="sPointingRel965" xlink:href="scriptorium.1Cor_03.mark.xml#sSpan232" target="scriptorium.1Cor_03.mark.xml#sSpan236"/>
		<rel id="sPointingRel967" xlink:href="scriptorium.1Cor_03.mark.xml#sSpan2187" target="scriptorium.1Cor_03.mark.xml#sSpan2180"/>
		<rel id="sPointingRel969" xlink:href="scriptorium.1Cor_03.mark.xml#sSpan1981" target="scriptorium.1Cor_03.mark.xml#sSpan1978"/>
		<rel id="sPointingRel971" xlink:href="scriptorium.1Cor_03.mark.xml#sSpan607" target="scriptorium.1Cor_03.mark.xml#sSpan600"/>
		<rel id="sPointingRel973" xlink:href="scriptorium.1Cor_03.mark.xml#sSpan353" target="scriptorium.1Cor_03.mark.xml#sSpan338"/>
		<rel id="sPointingRel975" xlink:href="scriptorium.1Cor_03.mark.xml#sSpan839" target="scriptorium.1Cor_03.mark.xml#sSpan848"/>
		<rel id="sPointingRel977" xlink:href="scriptorium.1Cor_03.mark.xml#sSpan2033" target="scriptorium.1Cor_03.mark.xml#sSpan2110"/>
		<rel id="sPointingRel979" xlink:href="scriptorium.1Cor_03.mark.xml#sSpan328" target="scriptorium.1Cor_03.mark.xml#sSpan332"/>
		<rel id="sPointingRel981" xlink:href="scriptorium.1Cor_03.mark.xml#sSpan292" target="scriptorium.1Cor_03.mark.xml#sSpan299"/>
		<rel id="sPointingRel983" xlink:href="scriptorium.1Cor_03.mark.xml#sSpan1931" target="scriptorium.1Cor_03.mark.xml#sSpan1909"/>
		<rel id="sPointingRel985" xlink:href="scriptorium.1Cor_03.mark.xml#sSpan1418" target="scriptorium.1Cor_03.mark.xml#sSpan1410"/>
		<rel id="sPointingRel987" xlink:href="scriptorium.1Cor_03.mark.xml#sSpan913" target="scriptorium.1Cor_03.mark.xml#sSpan909"/>
		<rel id="sPointingRel989" xlink:href="scriptorium.1Cor_03.mark.xml#sSpan1507" target="scriptorium.1Cor_03.mark.xml#sSpan1505"/>
		<rel id="sPointingRel991" xlink:href="scriptorium.1Cor_03.mark.xml#sSpan810" target="scriptorium.1Cor_03.mark.xml#sSpan833"/>
		<rel id="sPointingRel993" xlink:href="scriptorium.1Cor_03.mark.xml#sSpan719" target="scriptorium.1Cor_03.mark.xml#sSpan730"/>
		<rel id="sPointingRel995" xlink:href="scriptorium.1Cor_03.mark.xml#sSpan1882" target="scriptorium.1Cor_03.mark.xml#sSpan1903"/>
		<rel id="sPointingRel997" xlink:href="scriptorium.1Cor_03.mark.xml#sSpan412" target="scriptorium.1Cor_03.mark.xml#sSpan422"/>
		<rel id="sPointingRel999" xlink:href="scriptorium.1Cor_03.mark.xml#sSpan903" target="scriptorium.1Cor_03.mark.xml#sSpan896"/>
		<rel id="sPointingRel1001" xlink:href="scriptorium.1Cor_03.mark.xml#sSpan1045" target="scriptorium.1Cor_03.mark.xml#sSpan1073"/>
		<rel id="sPointingRel1003" xlink:href="scriptorium.1Cor_03.mark.xml#sSpan128" target="scriptorium.1Cor_03.mark.xml#sSpan130"/>
		<rel id="sPointingRel1005" xlink:href="scriptorium.1Cor_03.mark.xml#sSpan219" target="scriptorium.1Cor_03.mark.xml#sSpan205"/>
		<rel id="sPointingRel1007" xlink:href="scriptorium.1Cor_03.mark.xml#sSpan1236" target="scriptorium.1Cor_03.mark.xml#sSpan1233"/>
		<rel id="sPointingRel1009" xlink:href="scriptorium.1Cor_03.mark.xml#sSpan666" target="scriptorium.1Cor_03.mark.xml#sSpan664"/>
		<rel id="sPointingRel1011" xlink:href="scriptorium.1Cor_03.mark.xml#sSpan112" target="scriptorium.1Cor_03.mark.xml#sSpan189"/>
		<rel id="sPointingRel1013" xlink:href="scriptorium.1Cor_03.mark.xml#sSpan412" target="scriptorium.1Cor_03.mark.xml#sSpan431"/>
		<rel id="sPointingRel1015" xlink:href="scriptorium.1Cor_03.mark.xml#sSpan1599" target="scriptorium.1Cor_03.mark.xml#sSpan1607"/>
		<rel id="sPointingRel1017" xlink:href="scriptorium.1Cor_03.mark.xml#sSpan1563" target="scriptorium.1Cor_03.mark.xml#sSpan1554"/>
		<rel id="sPointingRel1019" xlink:href="scriptorium.1Cor_03.mark.xml#sSpan2033" target="scriptorium.1Cor_03.mark.xml#sSpan2044"/>
		<rel id="sPointingRel1021" xlink:href="scriptorium.1Cor_03.mark.xml#sSpan328" target="scriptorium.1Cor_03.mark.xml#sSpan306"/>
		<rel id="sPointingRel1023" xlink:href="scriptorium.1Cor_03.mark.xml#sSpan1094" target="scriptorium.1Cor_03.mark.xml#sSpan1092"/>
		<rel id="sPointingRel1025" xlink:href="scriptorium.1Cor_03.mark.xml#sSpan737" target="scriptorium.1Cor_03.mark.xml#sSpan742"/>
		<rel id="sPointingRel1027" xlink:href="scriptorium.1Cor_03.mark.xml#sSpan1227" target="scriptorium.1Cor_03.mark.xml#sSpan1216"/>
		<rel id="sPointingRel1029" xlink:href="scriptorium.1Cor_03.mark.xml#sSpan979" target="scriptorium.1Cor_03.mark.xml#sSpan989"/>
		<rel id="sPointingRel1031" xlink:href="scriptorium.1Cor_03.mark.xml#sSpan1428" target="scriptorium.1Cor_03.mark.xml#sSpan1437"/>
		<rel id="sPointingRel1033" xlink:href="scriptorium.1Cor_03.mark.xml#sSpan187" target="scriptorium.1Cor_03.mark.xml#sSpan169"/>
		<rel id="sPointingRel1035" xlink:href="scriptorium.1Cor_03.mark.xml#sSpan631" target="scriptorium.1Cor_03.mark.xml#sSpan703"/>
		<rel id="sPointingRel1037" xlink:href="scriptorium.1Cor_03.mark.xml#sSpan353" target="scriptorium.1Cor_03.mark.xml#sSpan356"/>
		<rel id="sPointingRel1039" xlink:href="scriptorium.1Cor_03.mark.xml#sSpan1892" target="scriptorium.1Cor_03.mark.xml#sSpan1884"/>
		<rel id="sPointingRel1041" xlink:href="scriptorium.1Cor_03.mark.xml#sSpan2019" target="scriptorium.1Cor_03.mark.xml#sSpan2015"/>
		<rel id="sPointingRel1043" xlink:href="scriptorium.1Cor_03.mark.xml#sSpan1548" target="scriptorium.1Cor_03.mark.xml#sSpan1550"/>
		<rel id="sPointingRel1045" xlink:href="scriptorium.1Cor_03.mark.xml#sSpan979" target="scriptorium.1Cor_03.mark.xml#sSpan967"/>
		<rel id="sPointingRel1047" xlink:href="scriptorium.1Cor_03.mark.xml#sSpan634" target="scriptorium.1Cor_03.mark.xml#sSpan639"/>
		<rel id="sPointingRel1049" xlink:href="scriptorium.1Cor_03.mark.xml#sSpan2159" target="scriptorium.1Cor_03.mark.xml#sSpan2155"/>
		<rel id="sPointingRel1051" xlink:href="scriptorium.1Cor_03.mark.xml#sSpan631" target="scriptorium.1Cor_03.mark.xml#sSpan634"/>
		<rel id="sPointingRel1053" xlink:href="scriptorium.1Cor_03.mark.xml#sSpan272" target="scriptorium.1Cor_03.mark.xml#sSpan266"/>
		<rel id="sPointingRel1055" xlink:href="scriptorium.1Cor_03.mark.xml#sSpan1842" target="scriptorium.1Cor_03.mark.xml#sSpan1866"/>
		<rel id="sPointingRel1057" xlink:href="scriptorium.1Cor_03.mark.xml#sSpan1290" target="scriptorium.1Cor_03.mark.xml#sSpan1284"/>
		<rel id="sPointingRel1059" xlink:href="scriptorium.1Cor_03.mark.xml#sSpan1998" target="scriptorium.1Cor_03.mark.xml#sSpan1991"/>
		<rel id="sPointingRel1061" xlink:href="scriptorium.1Cor_03.mark.xml#sSpan2129" target="scriptorium.1Cor_03.mark.xml#sSpan2133"/>
		<rel id="sPointingRel1063" xlink:href="scriptorium.1Cor_03.mark.xml#sSpan232" target="scriptorium.1Cor_03.mark.xml#sSpan252"/>
		<rel id="sPointingRel1065" xlink:href="scriptorium.1Cor_03.mark.xml#sSpan658" target="scriptorium.1Cor_03.mark.xml#sSpan654"/>
		<rel id="sPointingRel1067" xlink:href="scriptorium.1Cor_03.mark.xml#sSpan913" target="scriptorium.1Cor_03.mark.xml#sSpan911"/>
		<rel id="sPointingRel1069" xlink:href="scriptorium.1Cor_03.mark.xml#sSpan504" target="scriptorium.1Cor_03.mark.xml#sSpan510"/>
		<rel id="sPointingRel1071" xlink:href="scriptorium.1Cor_03.mark.xml#sSpan412" target="scriptorium.1Cor_03.mark.xml#sSpan426"/>
		<rel id="sPointingRel1073" xlink:href="scriptorium.1Cor_03.mark.xml#sSpan2019" target="scriptorium.1Cor_03.mark.xml#sSpan2023"/>
		<rel id="sPointingRel1075" xlink:href="scriptorium.1Cor_03.mark.xml#sSpan1773" target="scriptorium.1Cor_03.mark.xml#sSpan1784"/>
		<rel id="sPointingRel1077" xlink:href="scriptorium.1Cor_03.mark.xml#sSpan770" target="scriptorium.1Cor_03.mark.xml#sSpan789"/>
		<rel id="sPointingRel1079" xlink:href="scriptorium.1Cor_03.mark.xml#sSpan2086" target="scriptorium.1Cor_03.mark.xml#sSpan2082"/>
		<rel id="sPointingRel1081" xlink:href="scriptorium.1Cor_03.mark.xml#sSpan951" target="scriptorium.1Cor_03.mark.xml#sSpan1041"/>
		<rel id="sPointingRel1083" xlink:href="scriptorium.1Cor_03.mark.xml#sSpan913" target="scriptorium.1Cor_03.mark.xml#sSpan915"/>
		<rel id="sPointingRel1085" xlink:href="scriptorium.1Cor_03.mark.xml#sSpan563" target="scriptorium.1Cor_03.mark.xml#sSpan578"/>
		<rel id="sPointingRel1087" xlink:href="scriptorium.1Cor_03.mark.xml#sSpan272" target="scriptorium.1Cor_03.mark.xml#sSpan258"/>
		<rel id="sPointingRel1089" xlink:href="scriptorium.1Cor_03.mark.xml#sSpan848" target="scriptorium.1Cor_03.mark.xml#sSpan841"/>
		<rel id="sPointingRel1091" xlink:href="scriptorium.1Cor_03.mark.xml#sSpan594" target="scriptorium.1Cor_03.mark.xml#sSpan607"/>
		<rel id="sPointingRel1093" xlink:href="scriptorium.1Cor_03.mark.xml#sSpan1338" target="scriptorium.1Cor_03.mark.xml#sSpan1332"/>
		<rel id="sPointingRel1095" xlink:href="scriptorium.1Cor_03.mark.xml#sSpan187" target="scriptorium.1Cor_03.mark.xml#sSpan173"/>
		<rel id="sPointingRel1097" xlink:href="scriptorium.1Cor_03.mark.xml#sSpan149" target="scriptorium.1Cor_03.mark.xml#sSpan152"/>
		<rel id="sPointingRel1099" xlink:href="scriptorium.1Cor_03.mark.xml#sSpan2168" target="scriptorium.1Cor_03.mark.xml#sSpan2164"/>
		<rel id="sPointingRel1101" xlink:href="scriptorium.1Cor_03.mark.xml#sSpan219" target="scriptorium.1Cor_03.mark.xml#sSpan272"/>
		<rel id="sPointingRel1103" xlink:href="scriptorium.1Cor_03.mark.xml#sSpan770" target="scriptorium.1Cor_03.mark.xml#sSpan779"/>
		<rel id="sPointingRel1105" xlink:href="scriptorium.1Cor_03.mark.xml#sSpan1929" target="scriptorium.1Cor_03.mark.xml#sSpan1926"/>
		<rel id="sPointingRel1107" xlink:href="scriptorium.1Cor_03.mark.xml#sSpan1952" target="scriptorium.1Cor_03.mark.xml#sSpan1948"/>
		<rel id="sPointingRel1109" xlink:href="scriptorium.1Cor_03.mark.xml#sSpan1599" target="scriptorium.1Cor_03.mark.xml#sSpan1588"/>
		<rel id="sPointingRel1111" xlink:href="scriptorium.1Cor_03.mark.xml#sSpan71" target="scriptorium.1Cor_03.mark.xml#sSpan61"/>
		<rel id="sPointingRel1113" xlink:href="scriptorium.1Cor_03.mark.xml#sSpan701" target="scriptorium.1Cor_03.mark.xml#sSpan696"/>
		<rel id="sPointingRel1115" xlink:href="scriptorium.1Cor_03.mark.xml#sSpan1009" target="scriptorium.1Cor_03.mark.xml#sSpan1005"/>
		<rel id="sPointingRel1117" xlink:href="scriptorium.1Cor_03.mark.xml#sSpan1784" target="scriptorium.1Cor_03.mark.xml#sSpan1780"/>
		<rel id="sPointingRel1119" xlink:href="scriptorium.1Cor_03.mark.xml#sSpan1027" target="scriptorium.1Cor_03.mark.xml#sSpan1023"/>
		<rel id="sPointingRel1121" xlink:href="scriptorium.1Cor_03.mark.xml#sSpan112" target="scriptorium.1Cor_03.mark.xml#sSpan134"/>
		<rel id="sPointingRel1123" xlink:href="scriptorium.1Cor_03.mark.xml#sSpan1733" target="scriptorium.1Cor_03.mark.xml#sSpan1758"/>
		<rel id="sPointingRel1125" xlink:href="scriptorium.1Cor_03.mark.xml#sSpan1627" target="scriptorium.1Cor_03.mark.xml#sSpan1636"/>
		<rel id="sPointingRel1127" xlink:href="scriptorium.1Cor_03.mark.xml#sSpan737" target="scriptorium.1Cor_03.mark.xml#sSpan707"/>
		<rel id="sPointingRel1129" xlink:href="scriptorium.1Cor_03.mark.xml#sSpan1663" target="scriptorium.1Cor_03.mark.xml#sSpan1647"/>
		<rel id="sPointingRel1131" xlink:href="scriptorium.1Cor_03.mark.xml#sSpan436" target="scriptorium.1Cor_03.mark.xml#sSpan441"/>
		<rel id="sPointingRel1133" xlink:href="scriptorium.1Cor_03.mark.xml#sSpan1104" target="scriptorium.1Cor_03.mark.xml#sSpan1100"/>
		<rel id="sPointingRel1135" xlink:href="scriptorium.1Cor_03.mark.xml#sSpan482" target="scriptorium.1Cor_03.mark.xml#sSpan518"/>
		<rel id="sPointingRel1137" xlink:href="scriptorium.1Cor_03.mark.xml#sSpan1045" target="scriptorium.1Cor_03.mark.xml#sSpan1067"/>
		<rel id="sPointingRel1139" xlink:href="scriptorium.1Cor_03.mark.xml#sSpan578" target="scriptorium.1Cor_03.mark.xml#sSpan574"/>
		<rel id="sPointingRel1141" xlink:href="scriptorium.1Cor_03.mark.xml#sSpan1758" target="scriptorium.1Cor_03.mark.xml#sSpan1748"/>
		<rel id="sPointingRel1143" xlink:href="scriptorium.1Cor_03.mark.xml#sSpan913" target="scriptorium.1Cor_03.mark.xml#sSpan929"/>
		<rel id="sPointingRel1145" xlink:href="scriptorium.1Cor_03.mark.xml#sSpan779" target="scriptorium.1Cor_03.mark.xml#sSpan776"/>
		<rel id="sPointingRel1147" xlink:href="scriptorium.1Cor_03.mark.xml#sSpan187" target="scriptorium.1Cor_03.mark.xml#sSpan177"/>
		<rel id="sPointingRel1149" xlink:href="scriptorium.1Cor_03.mark.xml#sSpan1370" target="scriptorium.1Cor_03.mark.xml#sSpan1376"/>
		<rel id="sPointingRel1151" xlink:href="scriptorium.1Cor_03.mark.xml#sSpan1942" target="scriptorium.1Cor_03.mark.xml#sSpan1952"/></relList></paula>