<?xml version='1.0' encoding='UTF-8'?><!DOCTYPE paula SYSTEM "paula_feat.dtd">
<paula version="1.1">
	<header paula_id="scriptorium.1Cor_03.dep_func"/>
	<featList xmlns:xlink="http://www.w3.org/1999/xlink" type="func" xml:base="scriptorium.1Cor_03.dep.xml">
		<feat xlink:href="#sPointingRel1" value="aux"/>
		<feat xlink:href="#sPointingRel3" value="det"/>
		<feat xlink:href="#sPointingRel5" value="aux"/>
		<feat xlink:href="#sPointingRel7" value="mark"/>
		<feat xlink:href="#sPointingRel9" value="det"/>
		<feat xlink:href="#sPointingRel11" value="acl:relcl"/>
		<feat xlink:href="#sPointingRel13" value="aux"/>
		<feat xlink:href="#sPointingRel15" value="acl:relcl"/>
		<feat xlink:href="#sPointingRel17" value="dislocated"/>
		<feat xlink:href="#sPointingRel19" value="det"/>
		<feat xlink:href="#sPointingRel21" value="conj"/>
		<feat xlink:href="#sPointingRel23" value="case"/>
		<feat xlink:href="#sPointingRel25" value="det"/>
		<feat xlink:href="#sPointingRel27" value="cc"/>
		<feat xlink:href="#sPointingRel29" value="obl"/>
		<feat xlink:href="#sPointingRel31" value="nsubj"/>
		<feat xlink:href="#sPointingRel33" value="det"/>
		<feat xlink:href="#sPointingRel35" value="acl:relcl"/>
		<feat xlink:href="#sPointingRel37" value="mark"/>
		<feat xlink:href="#sPointingRel39" value="fixed"/>
		<feat xlink:href="#sPointingRel41" value="punct"/>
		<feat xlink:href="#sPointingRel43" value="case"/>
		<feat xlink:href="#sPointingRel45" value="case"/>
		<feat xlink:href="#sPointingRel47" value="advmod"/>
		<feat xlink:href="#sPointingRel49" value="nsubj"/>
		<feat xlink:href="#sPointingRel51" value="det"/>
		<feat xlink:href="#sPointingRel53" value="case"/>
		<feat xlink:href="#sPointingRel55" value="punct"/>
		<feat xlink:href="#sPointingRel57" value="det"/>
		<feat xlink:href="#sPointingRel59" value="case"/>
		<feat xlink:href="#sPointingRel61" value="parataxis"/>
		<feat xlink:href="#sPointingRel63" value="mark"/>
		<feat xlink:href="#sPointingRel65" value="det"/>
		<feat xlink:href="#sPointingRel67" value="case"/>
		<feat xlink:href="#sPointingRel69" value="det"/>
		<feat xlink:href="#sPointingRel71" value="det"/>
		<feat xlink:href="#sPointingRel73" value="nsubj"/>
		<feat xlink:href="#sPointingRel75" value="mark"/>
		<feat xlink:href="#sPointingRel77" value="parataxis"/>
		<feat xlink:href="#sPointingRel79" value="case"/>
		<feat xlink:href="#sPointingRel81" value="case"/>
		<feat xlink:href="#sPointingRel83" value="nsubj"/>
		<feat xlink:href="#sPointingRel85" value="obj"/>
		<feat xlink:href="#sPointingRel87" value="case"/>
		<feat xlink:href="#sPointingRel89" value="obj"/>
		<feat xlink:href="#sPointingRel91" value="obj"/>
		<feat xlink:href="#sPointingRel93" value="parataxis"/>
		<feat xlink:href="#sPointingRel95" value="case"/>
		<feat xlink:href="#sPointingRel97" value="mark"/>
		<feat xlink:href="#sPointingRel99" value="nsubj"/>
		<feat xlink:href="#sPointingRel101" value="det"/>
		<feat xlink:href="#sPointingRel103" value="advmod"/>
		<feat xlink:href="#sPointingRel105" value="advmod"/>
		<feat xlink:href="#sPointingRel107" value="dislocated"/>
		<feat xlink:href="#sPointingRel109" value="mark"/>
		<feat xlink:href="#sPointingRel111" value="aux"/>
		<feat xlink:href="#sPointingRel113" value="det"/>
		<feat xlink:href="#sPointingRel115" value="nmod"/>
		<feat xlink:href="#sPointingRel117" value="nsubj"/>
		<feat xlink:href="#sPointingRel119" value="conj"/>
		<feat xlink:href="#sPointingRel121" value="nsubj"/>
		<feat xlink:href="#sPointingRel123" value="cc"/>
		<feat xlink:href="#sPointingRel125" value="aux"/>
		<feat xlink:href="#sPointingRel127" value="conj"/>
		<feat xlink:href="#sPointingRel129" value="det"/>
		<feat xlink:href="#sPointingRel131" value="det"/>
		<feat xlink:href="#sPointingRel133" value="nmod"/>
		<feat xlink:href="#sPointingRel135" value="nsubj"/>
		<feat xlink:href="#sPointingRel137" value="aux"/>
		<feat xlink:href="#sPointingRel139" value="det"/>
		<feat xlink:href="#sPointingRel141" value="advmod"/>
		<feat xlink:href="#sPointingRel143" value="mark"/>
		<feat xlink:href="#sPointingRel145" value="case"/>
		<feat xlink:href="#sPointingRel147" value="conj"/>
		<feat xlink:href="#sPointingRel149" value="ccomp"/>
		<feat xlink:href="#sPointingRel151" value="case"/>
		<feat xlink:href="#sPointingRel153" value="dislocated"/>
		<feat xlink:href="#sPointingRel155" value="mark"/>
		<feat xlink:href="#sPointingRel157" value="nmod"/>
		<feat xlink:href="#sPointingRel159" value="appos"/>
		<feat xlink:href="#sPointingRel161" value="cc"/>
		<feat xlink:href="#sPointingRel163" value="mark"/>
		<feat xlink:href="#sPointingRel165" value="advmod"/>
		<feat xlink:href="#sPointingRel167" value="advmod"/>
		<feat xlink:href="#sPointingRel169" value="advcl"/>
		<feat xlink:href="#sPointingRel171" value="parataxis"/>
		<feat xlink:href="#sPointingRel173" value="acl:relcl"/>
		<feat xlink:href="#sPointingRel175" value="conj"/>
		<feat xlink:href="#sPointingRel177" value="parataxis"/>
		<feat xlink:href="#sPointingRel179" value="advmod"/>
		<feat xlink:href="#sPointingRel181" value="det"/>
		<feat xlink:href="#sPointingRel183" value="mark"/>
		<feat xlink:href="#sPointingRel185" value="dislocated"/>
		<feat xlink:href="#sPointingRel187" value="det"/>
		<feat xlink:href="#sPointingRel189" value="mark"/>
		<feat xlink:href="#sPointingRel191" value="nsubj"/>
		<feat xlink:href="#sPointingRel193" value="nsubj"/>
		<feat xlink:href="#sPointingRel195" value="conj"/>
		<feat xlink:href="#sPointingRel197" value="csubj"/>
		<feat xlink:href="#sPointingRel199" value="case"/>
		<feat xlink:href="#sPointingRel201" value="cop"/>
		<feat xlink:href="#sPointingRel203" value="obl"/>
		<feat xlink:href="#sPointingRel205" value="nsubj"/>
		<feat xlink:href="#sPointingRel207" value="case"/>
		<feat xlink:href="#sPointingRel209" value="det"/>
		<feat xlink:href="#sPointingRel211" value="conj"/>
		<feat xlink:href="#sPointingRel213" value="conj"/>
		<feat xlink:href="#sPointingRel215" value="nmod"/>
		<feat xlink:href="#sPointingRel217" value="obj"/>
		<feat xlink:href="#sPointingRel219" value="nmod"/>
		<feat xlink:href="#sPointingRel221" value="ccomp"/>
		<feat xlink:href="#sPointingRel223" value="cop"/>
		<feat xlink:href="#sPointingRel225" value="nmod"/>
		<feat xlink:href="#sPointingRel227" value="aux"/>
		<feat xlink:href="#sPointingRel229" value="obl:npmod"/>
		<feat xlink:href="#sPointingRel231" value="case"/>
		<feat xlink:href="#sPointingRel233" value="dislocated"/>
		<feat xlink:href="#sPointingRel235" value="nsubj"/>
		<feat xlink:href="#sPointingRel237" value="vocative"/>
		<feat xlink:href="#sPointingRel239" value="cc"/>
		<feat xlink:href="#sPointingRel241" value="nsubj"/>
		<feat xlink:href="#sPointingRel243" value="aux"/>
		<feat xlink:href="#sPointingRel245" value="det"/>
		<feat xlink:href="#sPointingRel247" value="nmod"/>
		<feat xlink:href="#sPointingRel249" value="advmod"/>
		<feat xlink:href="#sPointingRel251" value="aux"/>
		<feat xlink:href="#sPointingRel253" value="nsubj"/>
		<feat xlink:href="#sPointingRel255" value="nsubj"/>
		<feat xlink:href="#sPointingRel257" value="cc"/>
		<feat xlink:href="#sPointingRel259" value="advmod"/>
		<feat xlink:href="#sPointingRel261" value="obl"/>
		<feat xlink:href="#sPointingRel263" value="det"/>
		<feat xlink:href="#sPointingRel265" value="case"/>
		<feat xlink:href="#sPointingRel267" value="det"/>
		<feat xlink:href="#sPointingRel269" value="nsubj"/>
		<feat xlink:href="#sPointingRel271" value="conj"/>
		<feat xlink:href="#sPointingRel273" value="aux"/>
		<feat xlink:href="#sPointingRel275" value="advcl"/>
		<feat xlink:href="#sPointingRel277" value="punct"/>
		<feat xlink:href="#sPointingRel279" value="mark"/>
		<feat xlink:href="#sPointingRel281" value="det"/>
		<feat xlink:href="#sPointingRel283" value="advmod"/>
		<feat xlink:href="#sPointingRel285" value="aux"/>
		<feat xlink:href="#sPointingRel287" value="advmod"/>
		<feat xlink:href="#sPointingRel289" value="xcomp"/>
		<feat xlink:href="#sPointingRel291" value="punct"/>
		<feat xlink:href="#sPointingRel293" value="nsubj"/>
		<feat xlink:href="#sPointingRel295" value="nsubj"/>
		<feat xlink:href="#sPointingRel297" value="det"/>
		<feat xlink:href="#sPointingRel299" value="det"/>
		<feat xlink:href="#sPointingRel301" value="case"/>
		<feat xlink:href="#sPointingRel303" value="case"/>
		<feat xlink:href="#sPointingRel305" value="det"/>
		<feat xlink:href="#sPointingRel307" value="advmod"/>
		<feat xlink:href="#sPointingRel309" value="nmod"/>
		<feat xlink:href="#sPointingRel311" value="mark"/>
		<feat xlink:href="#sPointingRel313" value="advmod"/>
		<feat xlink:href="#sPointingRel315" value="case"/>
		<feat xlink:href="#sPointingRel317" value="advmod"/>
		<feat xlink:href="#sPointingRel319" value="advmod"/>
		<feat xlink:href="#sPointingRel321" value="det"/>
		<feat xlink:href="#sPointingRel323" value="advmod"/>
		<feat xlink:href="#sPointingRel325" value="acl:relcl"/>
		<feat xlink:href="#sPointingRel327" value="det"/>
		<feat xlink:href="#sPointingRel329" value="mark"/>
		<feat xlink:href="#sPointingRel331" value="cc"/>
		<feat xlink:href="#sPointingRel333" value="det"/>
		<feat xlink:href="#sPointingRel335" value="obl"/>
		<feat xlink:href="#sPointingRel337" value="parataxis"/>
		<feat xlink:href="#sPointingRel339" value="csubj"/>
		<feat xlink:href="#sPointingRel341" value="punct"/>
		<feat xlink:href="#sPointingRel343" value="cop"/>
		<feat xlink:href="#sPointingRel345" value="aux"/>
		<feat xlink:href="#sPointingRel347" value="cc"/>
		<feat xlink:href="#sPointingRel349" value="advmod"/>
		<feat xlink:href="#sPointingRel351" value="nmod"/>
		<feat xlink:href="#sPointingRel353" value="advmod"/>
		<feat xlink:href="#sPointingRel355" value="nsubj"/>
		<feat xlink:href="#sPointingRel357" value="nsubj"/>
		<feat xlink:href="#sPointingRel359" value="advcl"/>
		<feat xlink:href="#sPointingRel361" value="conj"/>
		<feat xlink:href="#sPointingRel363" value="punct"/>
		<feat xlink:href="#sPointingRel365" value="nsubj"/>
		<feat xlink:href="#sPointingRel367" value="cc"/>
		<feat xlink:href="#sPointingRel369" value="mark"/>
		<feat xlink:href="#sPointingRel371" value="conj"/>
		<feat xlink:href="#sPointingRel373" value="dislocated"/>
		<feat xlink:href="#sPointingRel375" value="nmod"/>
		<feat xlink:href="#sPointingRel377" value="advmod"/>
		<feat xlink:href="#sPointingRel379" value="cop"/>
		<feat xlink:href="#sPointingRel381" value="det"/>
		<feat xlink:href="#sPointingRel383" value="advcl"/>
		<feat xlink:href="#sPointingRel385" value="case"/>
		<feat xlink:href="#sPointingRel387" value="mark"/>
		<feat xlink:href="#sPointingRel389" value="conj"/>
		<feat xlink:href="#sPointingRel391" value="case"/>
		<feat xlink:href="#sPointingRel393" value="punct"/>
		<feat xlink:href="#sPointingRel395" value="mark"/>
		<feat xlink:href="#sPointingRel397" value="advmod"/>
		<feat xlink:href="#sPointingRel399" value="dislocated"/>
		<feat xlink:href="#sPointingRel401" value="det"/>
		<feat xlink:href="#sPointingRel403" value="det"/>
		<feat xlink:href="#sPointingRel405" value="ccomp"/>
		<feat xlink:href="#sPointingRel407" value="case"/>
		<feat xlink:href="#sPointingRel409" value="cop"/>
		<feat xlink:href="#sPointingRel411" value="mark"/>
		<feat xlink:href="#sPointingRel413" value="det"/>
		<feat xlink:href="#sPointingRel415" value="case"/>
		<feat xlink:href="#sPointingRel417" value="xcomp"/>
		<feat xlink:href="#sPointingRel419" value="punct"/>
		<feat xlink:href="#sPointingRel421" value="mark"/>
		<feat xlink:href="#sPointingRel423" value="punct"/>
		<feat xlink:href="#sPointingRel425" value="parataxis"/>
		<feat xlink:href="#sPointingRel427" value="punct"/>
		<feat xlink:href="#sPointingRel429" value="cop"/>
		<feat xlink:href="#sPointingRel431" value="advmod"/>
		<feat xlink:href="#sPointingRel433" value="mark"/>
		<feat xlink:href="#sPointingRel435" value="conj"/>
		<feat xlink:href="#sPointingRel437" value="nsubj"/>
		<feat xlink:href="#sPointingRel439" value="nsubj"/>
		<feat xlink:href="#sPointingRel441" value="aux"/>
		<feat xlink:href="#sPointingRel443" value="advmod"/>
		<feat xlink:href="#sPointingRel445" value="punct"/>
		<feat xlink:href="#sPointingRel447" value="det"/>
		<feat xlink:href="#sPointingRel449" value="advmod"/>
		<feat xlink:href="#sPointingRel451" value="parataxis"/>
		<feat xlink:href="#sPointingRel453" value="case"/>
		<feat xlink:href="#sPointingRel455" value="acl:relcl"/>
		<feat xlink:href="#sPointingRel457" value="det"/>
		<feat xlink:href="#sPointingRel459" value="punct"/>
		<feat xlink:href="#sPointingRel461" value="acl:relcl"/>
		<feat xlink:href="#sPointingRel463" value="nsubj"/>
		<feat xlink:href="#sPointingRel465" value="punct"/>
		<feat xlink:href="#sPointingRel467" value="det"/>
		<feat xlink:href="#sPointingRel469" value="det"/>
		<feat xlink:href="#sPointingRel471" value="aux"/>
		<feat xlink:href="#sPointingRel473" value="nsubj"/>
		<feat xlink:href="#sPointingRel475" value="advmod"/>
		<feat xlink:href="#sPointingRel477" value="advmod"/>
		<feat xlink:href="#sPointingRel479" value="case"/>
		<feat xlink:href="#sPointingRel481" value="case"/>
		<feat xlink:href="#sPointingRel483" value="cc"/>
		<feat xlink:href="#sPointingRel485" value="advmod"/>
		<feat xlink:href="#sPointingRel487" value="case"/>
		<feat xlink:href="#sPointingRel489" value="punct"/>
		<feat xlink:href="#sPointingRel491" value="punct"/>
		<feat xlink:href="#sPointingRel493" value="nmod"/>
		<feat xlink:href="#sPointingRel495" value="det"/>
		<feat xlink:href="#sPointingRel497" value="det"/>
		<feat xlink:href="#sPointingRel499" value="mark"/>
		<feat xlink:href="#sPointingRel501" value="aux"/>
		<feat xlink:href="#sPointingRel503" value="punct"/>
		<feat xlink:href="#sPointingRel505" value="advcl"/>
		<feat xlink:href="#sPointingRel507" value="nmod"/>
		<feat xlink:href="#sPointingRel509" value="advcl"/>
		<feat xlink:href="#sPointingRel511" value="case"/>
		<feat xlink:href="#sPointingRel513" value="mark"/>
		<feat xlink:href="#sPointingRel515" value="conj"/>
		<feat xlink:href="#sPointingRel517" value="det"/>
		<feat xlink:href="#sPointingRel519" value="case"/>
		<feat xlink:href="#sPointingRel521" value="acl:relcl"/>
		<feat xlink:href="#sPointingRel523" value="obj"/>
		<feat xlink:href="#sPointingRel525" value="det"/>
		<feat xlink:href="#sPointingRel527" value="acl:relcl"/>
		<feat xlink:href="#sPointingRel529" value="advmod"/>
		<feat xlink:href="#sPointingRel531" value="mark"/>
		<feat xlink:href="#sPointingRel533" value="obl"/>
		<feat xlink:href="#sPointingRel535" value="punct"/>
		<feat xlink:href="#sPointingRel537" value="conj"/>
		<feat xlink:href="#sPointingRel539" value="case"/>
		<feat xlink:href="#sPointingRel541" value="det"/>
		<feat xlink:href="#sPointingRel543" value="punct"/>
		<feat xlink:href="#sPointingRel545" value="cc"/>
		<feat xlink:href="#sPointingRel547" value="nmod"/>
		<feat xlink:href="#sPointingRel549" value="advmod"/>
		<feat xlink:href="#sPointingRel551" value="case"/>
		<feat xlink:href="#sPointingRel553" value="nsubj"/>
		<feat xlink:href="#sPointingRel555" value="obl"/>
		<feat xlink:href="#sPointingRel557" value="obl"/>
		<feat xlink:href="#sPointingRel559" value="case"/>
		<feat xlink:href="#sPointingRel561" value="iobj"/>
		<feat xlink:href="#sPointingRel563" value="conj"/>
		<feat xlink:href="#sPointingRel565" value="nsubj"/>
		<feat xlink:href="#sPointingRel567" value="det"/>
		<feat xlink:href="#sPointingRel569" value="punct"/>
		<feat xlink:href="#sPointingRel571" value="case"/>
		<feat xlink:href="#sPointingRel573" value="aux"/>
		<feat xlink:href="#sPointingRel575" value="obj"/>
		<feat xlink:href="#sPointingRel577" value="cc"/>
		<feat xlink:href="#sPointingRel579" value="aux"/>
		<feat xlink:href="#sPointingRel581" value="det"/>
		<feat xlink:href="#sPointingRel583" value="dislocated"/>
		<feat xlink:href="#sPointingRel585" value="mark"/>
		<feat xlink:href="#sPointingRel587" value="obj"/>
		<feat xlink:href="#sPointingRel589" value="det"/>
		<feat xlink:href="#sPointingRel591" value="det"/>
		<feat xlink:href="#sPointingRel593" value="punct"/>
		<feat xlink:href="#sPointingRel595" value="nsubj"/>
		<feat xlink:href="#sPointingRel597" value="case"/>
		<feat xlink:href="#sPointingRel599" value="advmod"/>
		<feat xlink:href="#sPointingRel601" value="nsubj"/>
		<feat xlink:href="#sPointingRel603" value="punct"/>
		<feat xlink:href="#sPointingRel605" value="obl"/>
		<feat xlink:href="#sPointingRel607" value="conj"/>
		<feat xlink:href="#sPointingRel609" value="det"/>
		<feat xlink:href="#sPointingRel611" value="cc"/>
		<feat xlink:href="#sPointingRel613" value="det"/>
		<feat xlink:href="#sPointingRel615" value="obl"/>
		<feat xlink:href="#sPointingRel617" value="case"/>
		<feat xlink:href="#sPointingRel619" value="nmod"/>
		<feat xlink:href="#sPointingRel621" value="acl:relcl"/>
		<feat xlink:href="#sPointingRel623" value="nsubj"/>
		<feat xlink:href="#sPointingRel625" value="nsubj"/>
		<feat xlink:href="#sPointingRel627" value="cop"/>
		<feat xlink:href="#sPointingRel629" value="parataxis"/>
		<feat xlink:href="#sPointingRel631" value="det"/>
		<feat xlink:href="#sPointingRel633" value="nmod"/>
		<feat xlink:href="#sPointingRel635" value="aux"/>
		<feat xlink:href="#sPointingRel637" value="cop"/>
		<feat xlink:href="#sPointingRel639" value="acl:relcl"/>
		<feat xlink:href="#sPointingRel641" value="det"/>
		<feat xlink:href="#sPointingRel643" value="aux"/>
		<feat xlink:href="#sPointingRel645" value="mark"/>
		<feat xlink:href="#sPointingRel647" value="cop"/>
		<feat xlink:href="#sPointingRel649" value="conj"/>
		<feat xlink:href="#sPointingRel651" value="nmod"/>
		<feat xlink:href="#sPointingRel653" value="aux"/>
		<feat xlink:href="#sPointingRel655" value="case"/>
		<feat xlink:href="#sPointingRel657" value="conj"/>
		<feat xlink:href="#sPointingRel659" value="obl"/>
		<feat xlink:href="#sPointingRel661" value="det"/>
		<feat xlink:href="#sPointingRel663" value="aux"/>
		<feat xlink:href="#sPointingRel665" value="obj"/>
		<feat xlink:href="#sPointingRel667" value="nmod"/>
		<feat xlink:href="#sPointingRel669" value="det"/>
		<feat xlink:href="#sPointingRel671" value="det"/>
		<feat xlink:href="#sPointingRel673" value="xcomp"/>
		<feat xlink:href="#sPointingRel675" value="punct"/>
		<feat xlink:href="#sPointingRel677" value="aux"/>
		<feat xlink:href="#sPointingRel679" value="det"/>
		<feat xlink:href="#sPointingRel681" value="det"/>
		<feat xlink:href="#sPointingRel683" value="det"/>
		<feat xlink:href="#sPointingRel685" value="cc"/>
		<feat xlink:href="#sPointingRel687" value="aux"/>
		<feat xlink:href="#sPointingRel689" value="acl:relcl"/>
		<feat xlink:href="#sPointingRel691" value="mark"/>
		<feat xlink:href="#sPointingRel693" value="case"/>
		<feat xlink:href="#sPointingRel695" value="nmod"/>
		<feat xlink:href="#sPointingRel697" value="case"/>
		<feat xlink:href="#sPointingRel699" value="det"/>
		<feat xlink:href="#sPointingRel701" value="mark"/>
		<feat xlink:href="#sPointingRel703" value="cc"/>
		<feat xlink:href="#sPointingRel705" value="case"/>
		<feat xlink:href="#sPointingRel707" value="det"/>
		<feat xlink:href="#sPointingRel709" value="det"/>
		<feat xlink:href="#sPointingRel711" value="nmod"/>
		<feat xlink:href="#sPointingRel713" value="nsubj"/>
		<feat xlink:href="#sPointingRel715" value="nsubj"/>
		<feat xlink:href="#sPointingRel717" value="nsubj"/>
		<feat xlink:href="#sPointingRel719" value="advmod"/>
		<feat xlink:href="#sPointingRel721" value="advmod"/>
		<feat xlink:href="#sPointingRel723" value="aux"/>
		<feat xlink:href="#sPointingRel725" value="ccomp"/>
		<feat xlink:href="#sPointingRel727" value="conj"/>
		<feat xlink:href="#sPointingRel729" value="nsubj"/>
		<feat xlink:href="#sPointingRel731" value="aux"/>
		<feat xlink:href="#sPointingRel733" value="aux"/>
		<feat xlink:href="#sPointingRel735" value="nsubj"/>
		<feat xlink:href="#sPointingRel737" value="nsubj"/>
		<feat xlink:href="#sPointingRel739" value="acl:relcl"/>
		<feat xlink:href="#sPointingRel741" value="punct"/>
		<feat xlink:href="#sPointingRel743" value="advmod"/>
		<feat xlink:href="#sPointingRel745" value="aux"/>
		<feat xlink:href="#sPointingRel747" value="punct"/>
		<feat xlink:href="#sPointingRel749" value="conj"/>
		<feat xlink:href="#sPointingRel751" value="nsubj"/>
		<feat xlink:href="#sPointingRel753" value="det"/>
		<feat xlink:href="#sPointingRel755" value="nmod"/>
		<feat xlink:href="#sPointingRel757" value="nsubj"/>
		<feat xlink:href="#sPointingRel759" value="det"/>
		<feat xlink:href="#sPointingRel761" value="dislocated"/>
		<feat xlink:href="#sPointingRel763" value="mark"/>
		<feat xlink:href="#sPointingRel765" value="cc"/>
		<feat xlink:href="#sPointingRel767" value="acl:relcl"/>
		<feat xlink:href="#sPointingRel769" value="acl:relcl"/>
		<feat xlink:href="#sPointingRel771" value="acl:relcl"/>
		<feat xlink:href="#sPointingRel773" value="mark"/>
		<feat xlink:href="#sPointingRel775" value="fixed"/>
		<feat xlink:href="#sPointingRel777" value="det"/>
		<feat xlink:href="#sPointingRel779" value="nsubj"/>
		<feat xlink:href="#sPointingRel781" value="advmod"/>
		<feat xlink:href="#sPointingRel783" value="conj"/>
		<feat xlink:href="#sPointingRel785" value="conj"/>
		<feat xlink:href="#sPointingRel787" value="mark"/>
		<feat xlink:href="#sPointingRel789" value="obl"/>
		<feat xlink:href="#sPointingRel791" value="mark"/>
		<feat xlink:href="#sPointingRel793" value="det"/>
		<feat xlink:href="#sPointingRel795" value="det"/>
		<feat xlink:href="#sPointingRel797" value="nsubj"/>
		<feat xlink:href="#sPointingRel799" value="aux"/>
		<feat xlink:href="#sPointingRel801" value="punct"/>
		<feat xlink:href="#sPointingRel803" value="mark"/>
		<feat xlink:href="#sPointingRel805" value="det"/>
		<feat xlink:href="#sPointingRel807" value="nsubj"/>
		<feat xlink:href="#sPointingRel809" value="punct"/>
		<feat xlink:href="#sPointingRel811" value="cop"/>
		<feat xlink:href="#sPointingRel813" value="advmod"/>
		<feat xlink:href="#sPointingRel815" value="det"/>
		<feat xlink:href="#sPointingRel817" value="ccomp"/>
		<feat xlink:href="#sPointingRel819" value="nmod"/>
		<feat xlink:href="#sPointingRel821" value="acl:relcl"/>
		<feat xlink:href="#sPointingRel823" value="case"/>
		<feat xlink:href="#sPointingRel825" value="advmod"/>
		<feat xlink:href="#sPointingRel827" value="acl:relcl"/>
		<feat xlink:href="#sPointingRel829" value="obj"/>
		<feat xlink:href="#sPointingRel831" value="case"/>
		<feat xlink:href="#sPointingRel833" value="conj"/>
		<feat xlink:href="#sPointingRel835" value="obl:npmod"/>
		<feat xlink:href="#sPointingRel837" value="parataxis"/>
		<feat xlink:href="#sPointingRel839" value="nsubj"/>
		<feat xlink:href="#sPointingRel841" value="punct"/>
		<feat xlink:href="#sPointingRel843" value="case"/>
		<feat xlink:href="#sPointingRel845" value="punct"/>
		<feat xlink:href="#sPointingRel847" value="cop"/>
		<feat xlink:href="#sPointingRel849" value="mark"/>
		<feat xlink:href="#sPointingRel851" value="punct"/>
		<feat xlink:href="#sPointingRel853" value="nsubj"/>
		<feat xlink:href="#sPointingRel855" value="obl"/>
		<feat xlink:href="#sPointingRel857" value="det"/>
		<feat xlink:href="#sPointingRel859" value="det"/>
		<feat xlink:href="#sPointingRel861" value="punct"/>
		<feat xlink:href="#sPointingRel863" value="aux"/>
		<feat xlink:href="#sPointingRel865" value="cop"/>
		<feat xlink:href="#sPointingRel867" value="det"/>
		<feat xlink:href="#sPointingRel869" value="nsubj"/>
		<feat xlink:href="#sPointingRel871" value="nsubj"/>
		<feat xlink:href="#sPointingRel873" value="mark"/>
		<feat xlink:href="#sPointingRel875" value="dislocated"/>
		<feat xlink:href="#sPointingRel877" value="cop"/>
		<feat xlink:href="#sPointingRel879" value="nsubj"/>
		<feat xlink:href="#sPointingRel881" value="det"/>
		<feat xlink:href="#sPointingRel883" value="punct"/>
		<feat xlink:href="#sPointingRel885" value="det"/>
		<feat xlink:href="#sPointingRel887" value="nsubj"/>
		<feat xlink:href="#sPointingRel889" value="case"/>
		<feat xlink:href="#sPointingRel891" value="cc"/>
		<feat xlink:href="#sPointingRel893" value="nsubj"/>
		<feat xlink:href="#sPointingRel895" value="aux"/>
		<feat xlink:href="#sPointingRel897" value="aux"/>
		<feat xlink:href="#sPointingRel899" value="case"/>
		<feat xlink:href="#sPointingRel901" value="mark"/>
		<feat xlink:href="#sPointingRel903" value="obj"/>
		<feat xlink:href="#sPointingRel905" value="parataxis"/>
		<feat xlink:href="#sPointingRel907" value="obj"/>
		<feat xlink:href="#sPointingRel909" value="aux"/>
		<feat xlink:href="#sPointingRel911" value="advcl"/>
		<feat xlink:href="#sPointingRel913" value="case"/>
		<feat xlink:href="#sPointingRel915" value="nsubj"/>
		<feat xlink:href="#sPointingRel917" value="cc"/>
		<feat xlink:href="#sPointingRel919" value="obj"/>
		<feat xlink:href="#sPointingRel921" value="cc"/>
		<feat xlink:href="#sPointingRel923" value="dislocated"/>
		<feat xlink:href="#sPointingRel925" value="cop"/>
		<feat xlink:href="#sPointingRel927" value="nsubj"/>
		<feat xlink:href="#sPointingRel929" value="nsubj"/>
		<feat xlink:href="#sPointingRel931" value="aux"/>
		<feat xlink:href="#sPointingRel933" value="obl:npmod"/>
		<feat xlink:href="#sPointingRel935" value="obl"/>
		<feat xlink:href="#sPointingRel937" value="case"/>
		<feat xlink:href="#sPointingRel939" value="parataxis"/>
		<feat xlink:href="#sPointingRel941" value="punct"/>
		<feat xlink:href="#sPointingRel943" value="mark"/>
		<feat xlink:href="#sPointingRel945" value="punct"/>
		<feat xlink:href="#sPointingRel947" value="parataxis"/>
		<feat xlink:href="#sPointingRel949" value="case"/>
		<feat xlink:href="#sPointingRel951" value="mark"/>
		<feat xlink:href="#sPointingRel953" value="aux"/>
		<feat xlink:href="#sPointingRel955" value="det"/>
		<feat xlink:href="#sPointingRel957" value="conj"/>
		<feat xlink:href="#sPointingRel959" value="det"/>
		<feat xlink:href="#sPointingRel961" value="punct"/>
		<feat xlink:href="#sPointingRel963" value="case"/>
		<feat xlink:href="#sPointingRel965" value="nsubj"/>
		<feat xlink:href="#sPointingRel967" value="nsubj"/>
		<feat xlink:href="#sPointingRel969" value="nsubj"/>
		<feat xlink:href="#sPointingRel971" value="mark"/>
		<feat xlink:href="#sPointingRel973" value="dislocated"/>
		<feat xlink:href="#sPointingRel975" value="nmod"/>
		<feat xlink:href="#sPointingRel977" value="conj"/>
		<feat xlink:href="#sPointingRel979" value="obj"/>
		<feat xlink:href="#sPointingRel981" value="obl"/>
		<feat xlink:href="#sPointingRel983" value="cc"/>
		<feat xlink:href="#sPointingRel985" value="mark"/>
		<feat xlink:href="#sPointingRel987" value="aux"/>
		<feat xlink:href="#sPointingRel989" value="det"/>
		<feat xlink:href="#sPointingRel991" value="parataxis"/>
		<feat xlink:href="#sPointingRel993" value="conj"/>
		<feat xlink:href="#sPointingRel995" value="obl"/>
		<feat xlink:href="#sPointingRel997" value="advmod"/>
		<feat xlink:href="#sPointingRel999" value="case"/>
		<feat xlink:href="#sPointingRel1001" value="xcomp"/>
		<feat xlink:href="#sPointingRel1003" value="advmod"/>
		<feat xlink:href="#sPointingRel1005" value="advmod"/>
		<feat xlink:href="#sPointingRel1007" value="det"/>
		<feat xlink:href="#sPointingRel1009" value="mark"/>
		<feat xlink:href="#sPointingRel1011" value="punct"/>
		<feat xlink:href="#sPointingRel1013" value="nsubj"/>
		<feat xlink:href="#sPointingRel1015" value="obl"/>
		<feat xlink:href="#sPointingRel1017" value="mark"/>
		<feat xlink:href="#sPointingRel1019" value="conj"/>
		<feat xlink:href="#sPointingRel1021" value="mark"/>
		<feat xlink:href="#sPointingRel1023" value="mark"/>
		<feat xlink:href="#sPointingRel1025" value="cop"/>
		<feat xlink:href="#sPointingRel1027" value="det"/>
		<feat xlink:href="#sPointingRel1029" value="punct"/>
		<feat xlink:href="#sPointingRel1031" value="obj"/>
		<feat xlink:href="#sPointingRel1033" value="advmod"/>
		<feat xlink:href="#sPointingRel1035" value="punct"/>
		<feat xlink:href="#sPointingRel1037" value="punct"/>
		<feat xlink:href="#sPointingRel1039" value="case"/>
		<feat xlink:href="#sPointingRel1041" value="advmod"/>
		<feat xlink:href="#sPointingRel1043" value="advmod"/>
		<feat xlink:href="#sPointingRel1045" value="aux"/>
		<feat xlink:href="#sPointingRel1047" value="acl:relcl"/>
		<feat xlink:href="#sPointingRel1049" value="nsubj"/>
		<feat xlink:href="#sPointingRel1051" value="nmod"/>
		<feat xlink:href="#sPointingRel1053" value="det"/>
		<feat xlink:href="#sPointingRel1055" value="parataxis"/>
		<feat xlink:href="#sPointingRel1057" value="mark"/>
		<feat xlink:href="#sPointingRel1059" value="case"/>
		<feat xlink:href="#sPointingRel1061" value="cop"/>
		<feat xlink:href="#sPointingRel1063" value="obl"/>
		<feat xlink:href="#sPointingRel1065" value="advmod"/>
		<feat xlink:href="#sPointingRel1067" value="nsubj"/>
		<feat xlink:href="#sPointingRel1069" value="obl:npmod"/>
		<feat xlink:href="#sPointingRel1071" value="cop"/>
		<feat xlink:href="#sPointingRel1073" value="cop"/>
		<feat xlink:href="#sPointingRel1075" value="obl"/>
		<feat xlink:href="#sPointingRel1077" value="obl"/>
		<feat xlink:href="#sPointingRel1079" value="cc"/>
		<feat xlink:href="#sPointingRel1081" value="punct"/>
		<feat xlink:href="#sPointingRel1083" value="obj"/>
		<feat xlink:href="#sPointingRel1085" value="csubj"/>
		<feat xlink:href="#sPointingRel1087" value="mark"/>
		<feat xlink:href="#sPointingRel1089" value="case"/>
		<feat xlink:href="#sPointingRel1091" value="csubj"/>
		<feat xlink:href="#sPointingRel1093" value="case"/>
		<feat xlink:href="#sPointingRel1095" value="advmod"/>
		<feat xlink:href="#sPointingRel1097" value="advmod"/>
		<feat xlink:href="#sPointingRel1099" value="det"/>
		<feat xlink:href="#sPointingRel1101" value="parataxis"/>
		<feat xlink:href="#sPointingRel1103" value="obj"/>
		<feat xlink:href="#sPointingRel1105" value="det"/>
		<feat xlink:href="#sPointingRel1107" value="det"/>
		<feat xlink:href="#sPointingRel1109" value="nsubj"/>
		<feat xlink:href="#sPointingRel1111" value="cc"/>
		<feat xlink:href="#sPointingRel1113" value="mark"/>
		<feat xlink:href="#sPointingRel1115" value="det"/>
		<feat xlink:href="#sPointingRel1117" value="det"/>
		<feat xlink:href="#sPointingRel1119" value="mark"/>
		<feat xlink:href="#sPointingRel1121" value="punct"/>
		<feat xlink:href="#sPointingRel1123" value="ccomp"/>
		<feat xlink:href="#sPointingRel1125" value="obj"/>
		<feat xlink:href="#sPointingRel1127" value="nsubj"/>
		<feat xlink:href="#sPointingRel1129" value="dislocated"/>
		<feat xlink:href="#sPointingRel1131" value="advmod"/>
		<feat xlink:href="#sPointingRel1133" value="mark"/>
		<feat xlink:href="#sPointingRel1135" value="obl"/>
		<feat xlink:href="#sPointingRel1137" value="iobj"/>
		<feat xlink:href="#sPointingRel1139" value="aux"/>
		<feat xlink:href="#sPointingRel1141" value="mark"/>
		<feat xlink:href="#sPointingRel1143" value="advcl"/>
		<feat xlink:href="#sPointingRel1145" value="det"/>
		<feat xlink:href="#sPointingRel1147" value="mark"/>
		<feat xlink:href="#sPointingRel1149" value="obj"/>
		<feat xlink:href="#sPointingRel1151" value="nmod"/></featList></paula>