<?xml version='1.0' encoding='UTF-8'?><!DOCTYPE paula SYSTEM "paula_rel.dtd">
<paula version="1.1">
	<header paula_id="scriptorium.1Cor_03.head"/>
	<relList xmlns:xlink="http://www.w3.org/1999/xlink" type="head">
		<rel id="sPointingRel1153" xlink:href="scriptorium.1Cor_03.mark.xml#sSpan528" target="scriptorium.1Cor_03.mark.xml#sSpan529"/>
		<rel id="sPointingRel1155" xlink:href="scriptorium.1Cor_03.mark.xml#sSpan2098" target="scriptorium.1Cor_03.mark.xml#sSpan2096"/>
		<rel id="sPointingRel1157" xlink:href="scriptorium.1Cor_03.mark.xml#sSpan709" target="scriptorium.1Cor_03.mark.xml#sSpan707"/>
		<rel id="sPointingRel1159" xlink:href="scriptorium.1Cor_03.mark.xml#sSpan1890" target="scriptorium.1Cor_03.mark.xml#sSpan1892"/>
		<rel id="sPointingRel1161" xlink:href="scriptorium.1Cor_03.mark.xml#sSpan732" target="scriptorium.1Cor_03.mark.xml#sSpan730"/>
		<rel id="sPointingRel1163" xlink:href="scriptorium.1Cor_03.mark.xml#sSpan452" target="scriptorium.1Cor_03.mark.xml#sSpan450"/>
		<rel id="sPointingRel1165" xlink:href="scriptorium.1Cor_03.mark.xml#sSpan1735" target="scriptorium.1Cor_03.mark.xml#sSpan1733"/>
		<rel id="sPointingRel1167" xlink:href="scriptorium.1Cor_03.mark.xml#sSpan1386" target="scriptorium.1Cor_03.mark.xml#sSpan1382"/>
		<rel id="sPointingRel1169" xlink:href="scriptorium.1Cor_03.mark.xml#sSpan2046" target="scriptorium.1Cor_03.mark.xml#sSpan2044"/>
		<rel id="sPointingRel1171" xlink:href="scriptorium.1Cor_03.mark.xml#sSpan1812" target="scriptorium.1Cor_03.mark.xml#sSpan1819"/>
		<rel id="sPointingRel1173" xlink:href="scriptorium.1Cor_03.mark.xml#sSpan636" target="scriptorium.1Cor_03.mark.xml#sSpan634"/>
		<rel id="sPointingRel1175" xlink:href="scriptorium.1Cor_03.mark.xml#sSpan1950" target="scriptorium.1Cor_03.mark.xml#sSpan1952"/>
		<rel id="sPointingRel1177" xlink:href="scriptorium.1Cor_03.mark.xml#sSpan1756" target="scriptorium.1Cor_03.mark.xml#sSpan1758"/>
		<rel id="sPointingRel1179" xlink:href="scriptorium.1Cor_03.mark.xml#sSpan2035" target="scriptorium.1Cor_03.mark.xml#sSpan2033"/>
		<rel id="sPointingRel1181" xlink:href="scriptorium.1Cor_03.mark.xml#sSpan1900" target="scriptorium.1Cor_03.mark.xml#sSpan1903"/>
		<rel id="sPointingRel1183" xlink:href="scriptorium.1Cor_03.mark.xml#sSpan1571" target="scriptorium.1Cor_03.mark.xml#sSpan1572"/>
		<rel id="sPointingRel1185" xlink:href="scriptorium.1Cor_03.mark.xml#sSpan964" target="scriptorium.1Cor_03.mark.xml#sSpan965"/>
		<rel id="sPointingRel1187" xlink:href="scriptorium.1Cor_03.mark.xml#sSpan1303" target="scriptorium.1Cor_03.mark.xml#sSpan1304"/>
		<rel id="sPointingRel1189" xlink:href="scriptorium.1Cor_03.mark.xml#sSpan127" target="scriptorium.1Cor_03.mark.xml#sSpan128"/>
		<rel id="sPointingRel1191" xlink:href="scriptorium.1Cor_03.mark.xml#sSpan1997" target="scriptorium.1Cor_03.mark.xml#sSpan1998"/>
		<rel id="sPointingRel1193" xlink:href="scriptorium.1Cor_03.mark.xml#sSpan462" target="scriptorium.1Cor_03.mark.xml#sSpan466"/>
		<rel id="sPointingRel1195" xlink:href="scriptorium.1Cor_03.mark.xml#sSpan384" target="scriptorium.1Cor_03.mark.xml#sSpan382"/>
		<rel id="sPointingRel1197" xlink:href="scriptorium.1Cor_03.mark.xml#sSpan1782" target="scriptorium.1Cor_03.mark.xml#sSpan1784"/>
		<rel id="sPointingRel1199" xlink:href="scriptorium.1Cor_03.mark.xml#sSpan355" target="scriptorium.1Cor_03.mark.xml#sSpan353"/>
		<rel id="sPointingRel1201" xlink:href="scriptorium.1Cor_03.mark.xml#sSpan1562" target="scriptorium.1Cor_03.mark.xml#sSpan1563"/>
		<rel id="sPointingRel1203" xlink:href="scriptorium.1Cor_03.mark.xml#sSpan1832" target="scriptorium.1Cor_03.mark.xml#sSpan1834"/>
		<rel id="sPointingRel1205" xlink:href="scriptorium.1Cor_03.mark.xml#sSpan1941" target="scriptorium.1Cor_03.mark.xml#sSpan1942"/>
		<rel id="sPointingRel1207" xlink:href="scriptorium.1Cor_03.mark.xml#sSpan380" target="scriptorium.1Cor_03.mark.xml#sSpan382"/>
		<rel id="sPointingRel1209" xlink:href="scriptorium.1Cor_03.mark.xml#sSpan2112" target="scriptorium.1Cor_03.mark.xml#sSpan2110"/>
		<rel id="sPointingRel1211" xlink:href="scriptorium.1Cor_03.mark.xml#sSpan2194" target="scriptorium.1Cor_03.mark.xml#sSpan2195"/>
		<rel id="sPointingRel1213" xlink:href="scriptorium.1Cor_03.mark.xml#sSpan902" target="scriptorium.1Cor_03.mark.xml#sSpan903"/>
		<rel id="sPointingRel1215" xlink:href="scriptorium.1Cor_03.mark.xml#sSpan1529" target="scriptorium.1Cor_03.mark.xml#sSpan1530"/>
		<rel id="sPointingRel1217" xlink:href="scriptorium.1Cor_03.mark.xml#sSpan351" target="scriptorium.1Cor_03.mark.xml#sSpan353"/>
		<rel id="sPointingRel1219" xlink:href="scriptorium.1Cor_03.mark.xml#sSpan2088" target="scriptorium.1Cor_03.mark.xml#sSpan2086"/>
		<rel id="sPointingRel1221" xlink:href="scriptorium.1Cor_03.mark.xml#sSpan832" target="scriptorium.1Cor_03.mark.xml#sSpan833"/>
		<rel id="sPointingRel1223" xlink:href="scriptorium.1Cor_03.mark.xml#sSpan1855" target="scriptorium.1Cor_03.mark.xml#sSpan1856"/>
		<rel id="sPointingRel1225" xlink:href="scriptorium.1Cor_03.mark.xml#sSpan565" target="scriptorium.1Cor_03.mark.xml#sSpan563"/>
		<rel id="sPointingRel1227" xlink:href="scriptorium.1Cor_03.mark.xml#sSpan1838" target="scriptorium.1Cor_03.mark.xml#sSpan1842"/>
		<rel id="sPointingRel1229" xlink:href="scriptorium.1Cor_03.mark.xml#sSpan1207" target="scriptorium.1Cor_03.mark.xml#sSpan1210"/>
		<rel id="sPointingRel1231" xlink:href="scriptorium.1Cor_03.mark.xml#sSpan1358" target="scriptorium.1Cor_03.mark.xml#sSpan1359"/>
		<rel id="sPointingRel1233" xlink:href="scriptorium.1Cor_03.mark.xml#sSpan2161" target="scriptorium.1Cor_03.mark.xml#sSpan2159"/>
		<rel id="sPointingRel1235" xlink:href="scriptorium.1Cor_03.mark.xml#sSpan85" target="scriptorium.1Cor_03.mark.xml#sSpan81"/>
		<rel id="sPointingRel1237" xlink:href="scriptorium.1Cor_03.mark.xml#sSpan268" target="scriptorium.1Cor_03.mark.xml#sSpan272"/>
		<rel id="sPointingRel1239" xlink:href="scriptorium.1Cor_03.mark.xml#sSpan825" target="scriptorium.1Cor_03.mark.xml#sSpan826"/>
		<rel id="sPointingRel1241" xlink:href="scriptorium.1Cor_03.mark.xml#sSpan2189" target="scriptorium.1Cor_03.mark.xml#sSpan2187"/>
		<rel id="sPointingRel1243" xlink:href="scriptorium.1Cor_03.mark.xml#sSpan1323" target="scriptorium.1Cor_03.mark.xml#sSpan1324"/>
		<rel id="sPointingRel1245" xlink:href="scriptorium.1Cor_03.mark.xml#sSpan1160" target="scriptorium.1Cor_03.mark.xml#sSpan1161"/>
		<rel id="sPointingRel1247" xlink:href="scriptorium.1Cor_03.mark.xml#sSpan1077" target="scriptorium.1Cor_03.mark.xml#sSpan1078"/>
		<rel id="sPointingRel1249" xlink:href="scriptorium.1Cor_03.mark.xml#sSpan1635" target="scriptorium.1Cor_03.mark.xml#sSpan1636"/>
		<rel id="sPointingRel1251" xlink:href="scriptorium.1Cor_03.mark.xml#sSpan118" target="scriptorium.1Cor_03.mark.xml#sSpan116"/>
		<rel id="sPointingRel1253" xlink:href="scriptorium.1Cor_03.mark.xml#sSpan1928" target="scriptorium.1Cor_03.mark.xml#sSpan1929"/>
		<rel id="sPointingRel1255" xlink:href="scriptorium.1Cor_03.mark.xml#sSpan1617" target="scriptorium.1Cor_03.mark.xml#sSpan1613"/>
		<rel id="sPointingRel1257" xlink:href="scriptorium.1Cor_03.mark.xml#sSpan687" target="scriptorium.1Cor_03.mark.xml#sSpan690"/>
		<rel id="sPointingRel1259" xlink:href="scriptorium.1Cor_03.mark.xml#sSpan238" target="scriptorium.1Cor_03.mark.xml#sSpan236"/>
		<rel id="sPointingRel1261" xlink:href="scriptorium.1Cor_03.mark.xml#sSpan1980" target="scriptorium.1Cor_03.mark.xml#sSpan1978"/>
		<rel id="sPointingRel1263" xlink:href="scriptorium.1Cor_03.mark.xml#sSpan754" target="scriptorium.1Cor_03.mark.xml#sSpan755"/>
		<rel id="sPointingRel1265" xlink:href="scriptorium.1Cor_03.mark.xml#sSpan2057" target="scriptorium.1Cor_03.mark.xml#sSpan2055"/>
		<rel id="sPointingRel1267" xlink:href="scriptorium.1Cor_03.mark.xml#sSpan1142" target="scriptorium.1Cor_03.mark.xml#sSpan1140"/>
		<rel id="sPointingRel1269" xlink:href="scriptorium.1Cor_03.mark.xml#sSpan1115" target="scriptorium.1Cor_03.mark.xml#sSpan1111"/>
		<rel id="sPointingRel1271" xlink:href="scriptorium.1Cor_03.mark.xml#sSpan1257" target="scriptorium.1Cor_03.mark.xml#sSpan1260"/>
		<rel id="sPointingRel1273" xlink:href="scriptorium.1Cor_03.mark.xml#sSpan739" target="scriptorium.1Cor_03.mark.xml#sSpan737"/>
		<rel id="sPointingRel1275" xlink:href="scriptorium.1Cor_03.mark.xml#sSpan503" target="scriptorium.1Cor_03.mark.xml#sSpan504"/>
		<rel id="sPointingRel1277" xlink:href="scriptorium.1Cor_03.mark.xml#sSpan246" target="scriptorium.1Cor_03.mark.xml#sSpan244"/>
		<rel id="sPointingRel1279" xlink:href="scriptorium.1Cor_03.mark.xml#sSpan433" target="scriptorium.1Cor_03.mark.xml#sSpan431"/>
		<rel id="sPointingRel1281" xlink:href="scriptorium.1Cor_03.mark.xml#sSpan1064" target="scriptorium.1Cor_03.mark.xml#sSpan1067"/>
		<rel id="sPointingRel1283" xlink:href="scriptorium.1Cor_03.mark.xml#sSpan1671" target="scriptorium.1Cor_03.mark.xml#sSpan1672"/>
		<rel id="sPointingRel1285" xlink:href="scriptorium.1Cor_03.mark.xml#sSpan2176" target="scriptorium.1Cor_03.mark.xml#sSpan2180"/>
		<rel id="sPointingRel1287" xlink:href="scriptorium.1Cor_03.mark.xml#sSpan1396" target="scriptorium.1Cor_03.mark.xml#sSpan1397"/>
		<rel id="sPointingRel1289" xlink:href="scriptorium.1Cor_03.mark.xml#sSpan1717" target="scriptorium.1Cor_03.mark.xml#sSpan1715"/>
		<rel id="sPointingRel1291" xlink:href="scriptorium.1Cor_03.mark.xml#sSpan1199" target="scriptorium.1Cor_03.mark.xml#sSpan1203"/>
		<rel id="sPointingRel1293" xlink:href="scriptorium.1Cor_03.mark.xml#sSpan808" target="scriptorium.1Cor_03.mark.xml#sSpan810"/>
		<rel id="sPointingRel1295" xlink:href="scriptorium.1Cor_03.mark.xml#sSpan1685" target="scriptorium.1Cor_03.mark.xml#sSpan1686"/>
		<rel id="sPointingRel1297" xlink:href="scriptorium.1Cor_03.mark.xml#sSpan1457" target="scriptorium.1Cor_03.mark.xml#sSpan1458"/>
		<rel id="sPointingRel1299" xlink:href="scriptorium.1Cor_03.mark.xml#sSpan1649" target="scriptorium.1Cor_03.mark.xml#sSpan1647"/>
		<rel id="sPointingRel1301" xlink:href="scriptorium.1Cor_03.mark.xml#sSpan1220" target="scriptorium.1Cor_03.mark.xml#sSpan1227"/>
		<rel id="sPointingRel1303" xlink:href="scriptorium.1Cor_03.mark.xml#sSpan366" target="scriptorium.1Cor_03.mark.xml#sSpan364"/>
		<rel id="sPointingRel1305" xlink:href="scriptorium.1Cor_03.mark.xml#sSpan2078" target="scriptorium.1Cor_03.mark.xml#sSpan2076"/>
		<rel id="sPointingRel1307" xlink:href="scriptorium.1Cor_03.mark.xml#sSpan1644" target="scriptorium.1Cor_03.mark.xml#sSpan1645"/>
		<rel id="sPointingRel1309" xlink:href="scriptorium.1Cor_03.mark.xml#sSpan327" target="scriptorium.1Cor_03.mark.xml#sSpan325"/>
		<rel id="sPointingRel1311" xlink:href="scriptorium.1Cor_03.mark.xml#sSpan933" target="scriptorium.1Cor_03.mark.xml#sSpan929"/>
		<rel id="sPointingRel1313" xlink:href="scriptorium.1Cor_03.mark.xml#sSpan1596" target="scriptorium.1Cor_03.mark.xml#sSpan1597"/>
		<rel id="sPointingRel1315" xlink:href="scriptorium.1Cor_03.mark.xml#sSpan399" target="scriptorium.1Cor_03.mark.xml#sSpan402"/>
		<rel id="sPointingRel1317" xlink:href="scriptorium.1Cor_03.mark.xml#sSpan1654" target="scriptorium.1Cor_03.mark.xml#sSpan1657"/>
		<rel id="sPointingRel1319" xlink:href="scriptorium.1Cor_03.mark.xml#sSpan53" target="scriptorium.1Cor_03.mark.xml#sSpan51"/>
		<rel id="sPointingRel1321" xlink:href="scriptorium.1Cor_03.mark.xml#sSpan1879" target="scriptorium.1Cor_03.mark.xml#sSpan1877"/>
		<rel id="sPointingRel1323" xlink:href="scriptorium.1Cor_03.mark.xml#sSpan973" target="scriptorium.1Cor_03.mark.xml#sSpan971"/>
		<rel id="sPointingRel1325" xlink:href="scriptorium.1Cor_03.mark.xml#sSpan591" target="scriptorium.1Cor_03.mark.xml#sSpan594"/>
		<rel id="sPointingRel1327" xlink:href="scriptorium.1Cor_03.mark.xml#sSpan847" target="scriptorium.1Cor_03.mark.xml#sSpan848"/>
		<rel id="sPointingRel1329" xlink:href="scriptorium.1Cor_03.mark.xml#sSpan2068" target="scriptorium.1Cor_03.mark.xml#sSpan2066"/>
		<rel id="sPointingRel1331" xlink:href="scriptorium.1Cor_03.mark.xml#sSpan660" target="scriptorium.1Cor_03.mark.xml#sSpan658"/>
		<rel id="sPointingRel1333" xlink:href="scriptorium.1Cor_03.mark.xml#sSpan18" target="scriptorium.1Cor_03.mark.xml#sSpan21"/>
		<rel id="sPointingRel1335" xlink:href="scriptorium.1Cor_03.mark.xml#sSpan1314" target="scriptorium.1Cor_03.mark.xml#sSpan1315"/>
		<rel id="sPointingRel1337" xlink:href="scriptorium.1Cor_03.mark.xml#sSpan778" target="scriptorium.1Cor_03.mark.xml#sSpan779"/>
		<rel id="sPointingRel1339" xlink:href="scriptorium.1Cor_03.mark.xml#sSpan1165" target="scriptorium.1Cor_03.mark.xml#sSpan1168"/>
		<rel id="sPointingRel1341" xlink:href="scriptorium.1Cor_03.mark.xml#sSpan92" target="scriptorium.1Cor_03.mark.xml#sSpan94"/>
		<rel id="sPointingRel1343" xlink:href="scriptorium.1Cor_03.mark.xml#sSpan1181" target="scriptorium.1Cor_03.mark.xml#sSpan1182"/>
		<rel id="sPointingRel1345" xlink:href="scriptorium.1Cor_03.mark.xml#sSpan997" target="scriptorium.1Cor_03.mark.xml#sSpan998"/>
		<rel id="sPointingRel1347" xlink:href="scriptorium.1Cor_03.mark.xml#sSpan73" target="scriptorium.1Cor_03.mark.xml#sSpan71"/>
		<rel id="sPointingRel1349" xlink:href="scriptorium.1Cor_03.mark.xml#sSpan2166" target="scriptorium.1Cor_03.mark.xml#sSpan2168"/>
		<rel id="sPointingRel1351" xlink:href="scriptorium.1Cor_03.mark.xml#sSpan1586" target="scriptorium.1Cor_03.mark.xml#sSpan1588"/>
		<rel id="sPointingRel1353" xlink:href="scriptorium.1Cor_03.mark.xml#sSpan788" target="scriptorium.1Cor_03.mark.xml#sSpan789"/>
		<rel id="sPointingRel1355" xlink:href="scriptorium.1Cor_03.mark.xml#sSpan1803" target="scriptorium.1Cor_03.mark.xml#sSpan1801"/>
		<rel id="sPointingRel1357" xlink:href="scriptorium.1Cor_03.mark.xml#sSpan633" target="scriptorium.1Cor_03.mark.xml#sSpan631"/>
		<rel id="sPointingRel1359" xlink:href="scriptorium.1Cor_03.mark.xml#sSpan1436" target="scriptorium.1Cor_03.mark.xml#sSpan1437"/>
		<rel id="sPointingRel1361" xlink:href="scriptorium.1Cor_03.mark.xml#sSpan1056" target="scriptorium.1Cor_03.mark.xml#sSpan1054"/>
		<rel id="sPointingRel1363" xlink:href="scriptorium.1Cor_03.mark.xml#sSpan1192" target="scriptorium.1Cor_03.mark.xml#sSpan1195"/>
		<rel id="sPointingRel1365" xlink:href="scriptorium.1Cor_03.mark.xml#sSpan893" target="scriptorium.1Cor_03.mark.xml#sSpan894"/>
		<rel id="sPointingRel1367" xlink:href="scriptorium.1Cor_03.mark.xml#sSpan1447" target="scriptorium.1Cor_03.mark.xml#sSpan1443"/>
		<rel id="sPointingRel1369" xlink:href="scriptorium.1Cor_03.mark.xml#sSpan215" target="scriptorium.1Cor_03.mark.xml#sSpan219"/>
		<rel id="sPointingRel1371" xlink:href="scriptorium.1Cor_03.mark.xml#sSpan1409" target="scriptorium.1Cor_03.mark.xml#sSpan1405"/>
		<rel id="sPointingRel1373" xlink:href="scriptorium.1Cor_03.mark.xml#sSpan1091" target="scriptorium.1Cor_03.mark.xml#sSpan1089"/>
		<rel id="sPointingRel1375" xlink:href="scriptorium.1Cor_03.mark.xml#sSpan864" target="scriptorium.1Cor_03.mark.xml#sSpan865"/>
		<rel id="sPointingRel1377" xlink:href="scriptorium.1Cor_03.mark.xml#sSpan663" target="scriptorium.1Cor_03.mark.xml#sSpan661"/>
		<rel id="sPointingRel1379" xlink:href="scriptorium.1Cor_03.mark.xml#sSpan1172" target="scriptorium.1Cor_03.mark.xml#sSpan1175"/>
		<rel id="sPointingRel1381" xlink:href="scriptorium.1Cor_03.mark.xml#sSpan1235" target="scriptorium.1Cor_03.mark.xml#sSpan1236"/>
		<rel id="sPointingRel1383" xlink:href="scriptorium.1Cor_03.mark.xml#sSpan873" target="scriptorium.1Cor_03.mark.xml#sSpan874"/></relList></paula>