<?xml version='1.0' encoding='UTF-8'?><!DOCTYPE paula SYSTEM "paula_feat.dtd">
<paula version="1.1">
	<header paula_id="scriptorium.1Cor_03.mark_translation"/>
	<featList xmlns:xlink="http://www.w3.org/1999/xlink" type="translation" xml:base="scriptorium.1Cor_03.mark.xml">
		<feat xlink:href="#sSpan9" value="Brothers, I couldn&amp;apos;t speak to you as to spiritual, but as to fleshly, as to babies in Christ."/>
		<feat xlink:href="#sSpan108" value="I fed you with milk, not with meat; for you weren&amp;apos;t yet ready. Indeed, not even now are you ready,"/>
		<feat xlink:href="#sSpan202" value="for you are still fleshly. For insofar as there is jealousy, strife, and factions among you, aren&amp;apos;t you fleshly, and don&amp;apos;t you walk in the ways of men?"/>
		<feat xlink:href="#sSpan314" value="For when one says, &amp;apos;I follow Paul,&amp;apos; and another, &amp;apos;I follow Apollos,&amp;apos; aren&amp;apos;t you fleshly?"/>
		<feat xlink:href="#sSpan420" value="Who then is Apollos, and who is Paul, but servants through whom you believed; and each as the Lord gave to him?"/>
		<feat xlink:href="#sSpan552" value="I planted. Apollos watered. But God gave the increase."/>
		<feat xlink:href="#sSpan621" value="So then neither he who plants is anything, nor he who waters, but God who gives the increase."/>
		<feat xlink:href="#sSpan715" value="Now he who plants and he who waters are the same, but each will receive his own reward according to his own labor."/>
		<feat xlink:href="#sSpan802" value="For we are God&amp;apos;s fellow workers. You are God&amp;apos;s farming, God&amp;apos;s building."/>
		<feat xlink:href="#sSpan889" value="According to the grace of God which was given to me, as a wise master builder I laid a foundation, and another builds on it. But let each man be careful how he builds on it."/>
		<feat xlink:href="#sSpan1052" value="For no one can lay any other foundation than that which has been laid, which is Jesus Christ."/>
		<feat xlink:href="#sSpan1135" value="But if anyone builds on the foundation with gold, silver, costly stones, wood, hay, or stubble;"/>
		<feat xlink:href="#sSpan1225" value="each man&amp;apos;s work will be revealed. For the Day will declare it, because it is revealed in fire; and the fire itself will test what sort of work each man&amp;apos;s work is."/>
		<feat xlink:href="#sSpan1390" value="If any man&amp;apos;s work remains which he built on it, he will receive a reward."/>
		<feat xlink:href="#sSpan1451" value="If any man&amp;apos;s work is burned, he will suffer loss, but he himself will be saved, but as through fire."/>
		<feat xlink:href="#sSpan1544" value="Don&amp;apos;t you know that you are a temple of God, and that God&amp;apos;s Spirit lives in you?"/>
		<feat xlink:href="#sSpan1621" value="If anyone destroys the temple of God, God will destroy him; for God&amp;apos;s temple is holy, which you are."/>
		<feat xlink:href="#sSpan1713" value="Let no one deceive himself. If anyone thinks that he is wise among you in this world, let him become a fool, that he may become wise."/>
		<feat xlink:href="#sSpan1816" value="For the wisdom of this world is foolishness with God. For it is written, &amp;apos;He has taken the wise in their craftiness.&amp;apos;"/>
		<feat xlink:href="#sSpan1916" value="And again, &amp;apos;The Lord knows the reasoning of the wise, that it is worthless.&amp;apos;"/>
		<feat xlink:href="#sSpan1972" value="Therefore let no one boast in men. For all things are yours,"/>
		<feat xlink:href="#sSpan2008" value="whether Paul, or Apollos, or Cephas, or the world, or life, or death, or things present, or things to come. All are yours,"/>
		<feat xlink:href="#sSpan2148" value="and you are Christ&amp;apos;s, and Christ is God&amp;apos;s."/></featList></paula>