<?xml version='1.0' encoding='UTF-8'?><!DOCTYPE paula SYSTEM "paula_feat.dtd">
<paula version="1.1">
	<header paula_id="scriptorium.1Cor_03.mark_sbl_apparatus"/>
	<featList xmlns:xlink="http://www.w3.org/1999/xlink" type="sbl_apparatus" xml:base="scriptorium.1Cor_03.mark.xml">
		<feat xlink:href="#sSpan8" value="λαλῆσαι ὑμῖν WH Treg NIV ] ὑμῖν λαλῆσαι RP • σαρκίνοις WH Treg NIV ] σαρκικοῖς RP"/>
		<feat xlink:href="#sSpan107" value="οὐ WH Treg NIV ] καὶ οὐ RP • οὐδὲ WH Treg NIV ] οὖτε RP"/>
		<feat xlink:href="#sSpan201" value="ἔρις WH Treg NIV ] + καὶ διχοστασίαι RP"/>
		<feat xlink:href="#sSpan313" value="οὐκ ἄνθρωποί WH Treg NIV ] οὐχὶ σαρκικοί RP"/>
		<feat xlink:href="#sSpan419" value="Τί WH Treg NIV ] Τίς RP • Ἀπολλῶς τί δέ ἐστιν Παῦλος WH Treg NIV] Παῦλος τίς δὲ Ἀπολλώς RP • διάκονοι WH Treg NIV ] ἀλλ᾽ ἢ διάκονοι RP"/>
		<feat xlink:href="#sSpan888" value="ἔθηκα WH Treg NIV ] τέθεικα RP"/>
		<feat xlink:href="#sSpan1134" value="θεμέλιον WH Treg NIV ] + τοῦτον RP • χρυσόν ἄργυρον WH NIV RP ] χρυσίον ἀργύριον Treg"/>
		<feat xlink:href="#sSpan1224" value="αὐτὸ WH Treg NA ] – NIV RP"/>
		<feat xlink:href="#sSpan1543" value="οἰκεῖ ἐν ὑμῖν Treg NIV RP ] ἐν ὑμῖν οἰκεῖ WH"/>
		<feat xlink:href="#sSpan2007" value="ὑμῶν WH Treg NIV ] + ἐστιν RP"/></featList></paula>