<?xml version='1.0' encoding='UTF-8'?><!DOCTYPE paula SYSTEM "paula_feat.dtd">
<paula version="1.1">
	<header paula_id="scriptorium.life.onnophrius.03.mark_pos"/>
	<featList xmlns:xlink="http://www.w3.org/1999/xlink" type="pos" xml:base="scriptorium.life.onnophrius.03.mark.xml">
		<feat xlink:href="#sSpan1" value="APREC"/>
		<feat xlink:href="#sSpan11" value="PPERS"/>
		<feat xlink:href="#sSpan13" value="V"/>
		<feat xlink:href="#sSpan16" value="PTC"/>
		<feat xlink:href="#sSpan20" value="ADV"/>
		<feat xlink:href="#sSpan24" value="PREP"/>
		<feat xlink:href="#sSpan28" value="ART"/>
		<feat xlink:href="#sSpan31" value="N"/>
		<feat xlink:href="#sSpan33" value="PUNCT"/>
		<feat xlink:href="#sSpan37" value="APST"/>
		<feat xlink:href="#sSpan41" value="PPERS"/>
		<feat xlink:href="#sSpan43" value="V"/>
		<feat xlink:href="#sSpan45" value="PREP"/>
		<feat xlink:href="#sSpan49" value="ART"/>
		<feat xlink:href="#sSpan53" value="N"/>
		<feat xlink:href="#sSpan55" value="PUNCT"/>
		<feat xlink:href="#sSpan59" value="APST"/>
		<feat xlink:href="#sSpan66" value="PPERS"/>
		<feat xlink:href="#sSpan68" value="V"/>
		<feat xlink:href="#sSpan71" value="PTC"/>
		<feat xlink:href="#sSpan75" value="PREP"/>
		<feat xlink:href="#sSpan79" value="ART"/>
		<feat xlink:href="#sSpan81" value="N"/>
		<feat xlink:href="#sSpan83" value="APST"/>
		<feat xlink:href="#sSpan89" value="PPERS"/>
		<feat xlink:href="#sSpan91" value="V"/>
		<feat xlink:href="#sSpan93" value="PREP"/>
		<feat xlink:href="#sSpan97" value="N"/>
		<feat xlink:href="#sSpan100" value="PREP"/>
		<feat xlink:href="#sSpan105" value="N"/>
		<feat xlink:href="#sSpan109" value="PREP"/>
		<feat xlink:href="#sSpan114" value="ART"/>
		<feat xlink:href="#sSpan117" value="N"/>
		<feat xlink:href="#sSpan119" value="PUNCT"/>
		<feat xlink:href="#sSpan123" value="CONJ"/>
		<feat xlink:href="#sSpan129" value="PREP"/>
		<feat xlink:href="#sSpan133" value="ART"/>
		<feat xlink:href="#sSpan136" value="N"/>
		<feat xlink:href="#sSpan138" value="PREP"/>
		<feat xlink:href="#sSpan142" value="ART"/>
		<feat xlink:href="#sSpan145" value="N"/>
		<feat xlink:href="#sSpan147" value="CCIRC"/>
		<feat xlink:href="#sSpan151" value="PPERS"/>
		<feat xlink:href="#sSpan153" value="FUT"/>
		<feat xlink:href="#sSpan155" value="V"/>
		<feat xlink:href="#sSpan157" value="PUNCT"/>
		<feat xlink:href="#sSpan161" value="APST"/>
		<feat xlink:href="#sSpan166" value="PPERS"/>
		<feat xlink:href="#sSpan168" value="V"/>
		<feat xlink:href="#sSpan170" value="APST"/>
		<feat xlink:href="#sSpan176" value="PPERS"/>
		<feat xlink:href="#sSpan178" value="V"/>
		<feat xlink:href="#sSpan180" value="PREP"/>
		<feat xlink:href="#sSpan184" value="ART"/>
		<feat xlink:href="#sSpan187" value="N"/>
		<feat xlink:href="#sSpan189" value="CCIRC"/>
		<feat xlink:href="#sSpan193" value="PPERS"/>
		<feat xlink:href="#sSpan195" value="VSTAT"/>
		<feat xlink:href="#sSpan197" value="ADV"/>
		<feat xlink:href="#sSpan201" value="PREP"/>
		<feat xlink:href="#sSpan205" value="ART"/>
		<feat xlink:href="#sSpan208" value="N"/>
		<feat xlink:href="#sSpan210" value="PREP"/>
		<feat xlink:href="#sSpan215" value="N"/>
		<feat xlink:href="#sSpan218" value="PUNCT"/>
		<feat xlink:href="#sSpan222" value="VBD"/>
		<feat xlink:href="#sSpan229" value="PPERS"/>
		<feat xlink:href="#sSpan231" value="PREP"/>
		<feat xlink:href="#sSpan235" value="PPERO"/>
		<feat xlink:href="#sSpan237" value="CONJ"/>
		<feat xlink:href="#sSpan241" value="V"/>
		<feat xlink:href="#sSpan243" value="PPOS"/>
		<feat xlink:href="#sSpan248" value="N"/>
		<feat xlink:href="#sSpan250" value="ACONJ"/>
		<feat xlink:href="#sSpan254" value="PPERS"/>
		<feat xlink:href="#sSpan256" value="V"/>
		<feat xlink:href="#sSpan259" value="PUNCT"/>
		<feat xlink:href="#sSpan263" value="CONJ"/>
		<feat xlink:href="#sSpan267" value="ACONJ"/>
		<feat xlink:href="#sSpan271" value="PPERS"/>
		<feat xlink:href="#sSpan273" value="V"/>
		<feat xlink:href="#sSpan275" value="PREP"/>
		<feat xlink:href="#sSpan279" value="PDEM"/>
		<feat xlink:href="#sSpan282" value="N"/>
		<feat xlink:href="#sSpan284" value="PREP"/>
		<feat xlink:href="#sSpan288" value="N"/>
		<feat xlink:href="#sSpan290" value="PUNCT"/>
		<feat xlink:href="#sSpan294" value="CONJ"/>
		<feat xlink:href="#sSpan298" value="PPERS"/>
		<feat xlink:href="#sSpan300" value="V"/>
		<feat xlink:href="#sSpan303" value="PREP"/>
		<feat xlink:href="#sSpan307" value="PPERO"/>
		<feat xlink:href="#sSpan309" value="CONJ"/>
		<feat xlink:href="#sSpan313" value="CFOC"/>
		<feat xlink:href="#sSpan315" value="PPERS"/>
		<feat xlink:href="#sSpan318" value="V"/>
		<feat xlink:href="#sSpan320" value="PUNCT"/>
		<feat xlink:href="#sSpan324" value="PREP"/>
		<feat xlink:href="#sSpan328" value="ART"/>
		<feat xlink:href="#sSpan331" value="N"/>
		<feat xlink:href="#sSpan333" value="PUNCT"/>
		<feat xlink:href="#sSpan337" value="PREP"/>
		<feat xlink:href="#sSpan341" value="ART"/>
		<feat xlink:href="#sSpan345" value="N"/>
		<feat xlink:href="#sSpan347" value="PREP"/>
		<feat xlink:href="#sSpan351" value="ART"/>
		<feat xlink:href="#sSpan354" value="N"/>
		<feat xlink:href="#sSpan356" value="PREP"/>
		<feat xlink:href="#sSpan360" value="ART"/>
		<feat xlink:href="#sSpan363" value="N"/>
		<feat xlink:href="#sSpan365" value="PUNCT"/>
		<feat xlink:href="#sSpan369" value="PPERI"/>
		<feat xlink:href="#sSpan376" value="PTC"/>
		<feat xlink:href="#sSpan380" value="VBD"/>
		<feat xlink:href="#sSpan384" value="PPERS"/>
		<feat xlink:href="#sSpan386" value="PREP"/>
		<feat xlink:href="#sSpan392" value="PPERO"/>
		<feat xlink:href="#sSpan394" value="CONJ"/>
		<feat xlink:href="#sSpan398" value="PPERS"/>
		<feat xlink:href="#sSpan400" value="VSTAT"/>
		<feat xlink:href="#sSpan402" value="PTC"/>
		<feat xlink:href="#sSpan406" value="ART"/>
		<feat xlink:href="#sSpan409" value="N"/>
		<feat xlink:href="#sSpan411" value="ART"/>
		<feat xlink:href="#sSpan416" value="N"/>
		<feat xlink:href="#sSpan418" value="PUNCT"/>
		<feat xlink:href="#sSpan422" value="CONJ"/>
		<feat xlink:href="#sSpan426" value="NEG"/>
		<feat xlink:href="#sSpan429" value="PPERS"/>
		<feat xlink:href="#sSpan431" value="FUT"/>
		<feat xlink:href="#sSpan433" value="V"/>
		<feat xlink:href="#sSpan435" value="NEG"/>
		<feat xlink:href="#sSpan440" value="CONJ"/>
		<feat xlink:href="#sSpan444" value="NEG"/>
		<feat xlink:href="#sSpan448" value="PPERS"/>
		<feat xlink:href="#sSpan450" value="FUT"/>
		<feat xlink:href="#sSpan452" value="V"/>
		<feat xlink:href="#sSpan454" value="NEG"/>
		<feat xlink:href="#sSpan458" value="ALIM"/>
		<feat xlink:href="#sSpan462" value="PPERS"/>
		<feat xlink:href="#sSpan464" value="V"/>
		<feat xlink:href="#sSpan467" value="ADV"/>
		<feat xlink:href="#sSpan471" value="ACONJ"/>
		<feat xlink:href="#sSpan475" value="PPERS"/>
		<feat xlink:href="#sSpan477" value="V"/>
		<feat xlink:href="#sSpan479" value="PREP"/>
		<feat xlink:href="#sSpan483" value="PPOS"/>
		<feat xlink:href="#sSpan485" value="N"/>
		<feat xlink:href="#sSpan487" value="PUNCT"/>
		<feat xlink:href="#sSpan491" value="APREC"/>
		<feat xlink:href="#sSpan497" value="PPERS"/>
		<feat xlink:href="#sSpan500" value="V"/>
		<feat xlink:href="#sSpan503" value="PTC"/>
		<feat xlink:href="#sSpan507" value="CCIRC"/>
		<feat xlink:href="#sSpan511" value="PPERS"/>
		<feat xlink:href="#sSpan513" value="V"/>
		<feat xlink:href="#sSpan515" value="PREP"/>
		<feat xlink:href="#sSpan519" value="PPERO"/>
		<feat xlink:href="#sSpan522" value="ADV"/>
		<feat xlink:href="#sSpan526" value="APST"/>
		<feat xlink:href="#sSpan530" value="PPERS"/>
		<feat xlink:href="#sSpan532" value="V"/>
		<feat xlink:href="#sSpan534" value="ADV"/>
		<feat xlink:href="#sSpan538" value="PUNCT"/>
		<feat xlink:href="#sSpan542" value="PREP"/>
		<feat xlink:href="#sSpan547" value="PPOS"/>
		<feat xlink:href="#sSpan549" value="N"/>
		<feat xlink:href="#sSpan551" value="PUNCT"/>
		<feat xlink:href="#sSpan555" value="APST"/>
		<feat xlink:href="#sSpan561" value="PPERS"/>
		<feat xlink:href="#sSpan563" value="V"/>
		<feat xlink:href="#sSpan565" value="PREP"/>
		<feat xlink:href="#sSpan569" value="ART"/>
		<feat xlink:href="#sSpan572" value="N"/>
		<feat xlink:href="#sSpan574" value="APST"/>
		<feat xlink:href="#sSpan580" value="PPERS"/>
		<feat xlink:href="#sSpan582" value="V"/>
		<feat xlink:href="#sSpan584" value="PUNCT"/>
		<feat xlink:href="#sSpan588" value="APST"/>
		<feat xlink:href="#sSpan594" value="PPERS"/>
		<feat xlink:href="#sSpan596" value="V"/>
		<feat xlink:href="#sSpan599" value="PREP"/>
		<feat xlink:href="#sSpan604" value="N"/>
		<feat xlink:href="#sSpan606" value="PREP"/>
		<feat xlink:href="#sSpan610" value="PPERO"/>
		<feat xlink:href="#sSpan612" value="PUNCT"/>
		<feat xlink:href="#sSpan616" value="APST"/>
		<feat xlink:href="#sSpan622" value="PPERS"/>
		<feat xlink:href="#sSpan624" value="V"/>
		<feat xlink:href="#sSpan627" value="PTC"/>
		<feat xlink:href="#sSpan631" value="ADV"/>
		<feat xlink:href="#sSpan635" value="PREP"/>
		<feat xlink:href="#sSpan639" value="ART"/>
		<feat xlink:href="#sSpan642" value="N"/>
		<feat xlink:href="#sSpan644" value="PREP"/>
		<feat xlink:href="#sSpan648" value="ART"/>
		<feat xlink:href="#sSpan652" value="N"/>
		<feat xlink:href="#sSpan654" value="PREP"/>
		<feat xlink:href="#sSpan658" value="N"/>
		<feat xlink:href="#sSpan661" value="PUNCT"/>
		<feat xlink:href="#sSpan665" value="APST"/>
		<feat xlink:href="#sSpan671" value="PPERS"/>
		<feat xlink:href="#sSpan673" value="V"/>
		<feat xlink:href="#sSpan675" value="CONJ"/>
		<feat xlink:href="#sSpan679" value="APST"/>
		<feat xlink:href="#sSpan683" value="PPERS"/>
		<feat xlink:href="#sSpan685" value="V"/>
		<feat xlink:href="#sSpan688" value="PREP"/>
		<feat xlink:href="#sSpan692" value="N"/>
		<feat xlink:href="#sSpan694" value="PREP"/>
		<feat xlink:href="#sSpan699" value="PPERO"/>
		<feat xlink:href="#sSpan701" value="PUNCT"/>
		<feat xlink:href="#sSpan705" value="CONJ"/>
		<feat xlink:href="#sSpan711" value="APST"/>
		<feat xlink:href="#sSpan715" value="PPERS"/>
		<feat xlink:href="#sSpan717" value="V"/>
		<feat xlink:href="#sSpan719" value="ART"/>
		<feat xlink:href="#sSpan722" value="N"/>
		<feat xlink:href="#sSpan724" value="IMOD"/>
		<feat xlink:href="#sSpan728" value="PPERO"/>
		<feat xlink:href="#sSpan730" value="PREP"/>
		<feat xlink:href="#sSpan734" value="N"/>
		<feat xlink:href="#sSpan737" value="PUNCT"/>
		<feat xlink:href="#sSpan741" value="PREP"/>
		<feat xlink:href="#sSpan745" value="ART"/>
		<feat xlink:href="#sSpan748" value="N"/>
		<feat xlink:href="#sSpan750" value="PREP"/>
		<feat xlink:href="#sSpan756" value="N"/>
		<feat xlink:href="#sSpan759" value="PUNCT"/>
		<feat xlink:href="#sSpan763" value="APREC"/>
		<feat xlink:href="#sSpan769" value="N"/>
		<feat xlink:href="#sSpan773" value="PTC"/>
		<feat xlink:href="#sSpan777" value="V"/>
		<feat xlink:href="#sSpan781" value="APST"/>
		<feat xlink:href="#sSpan785" value="PPERS"/>
		<feat xlink:href="#sSpan787" value="V"/>
		<feat xlink:href="#sSpan789" value="PREP"/>
		<feat xlink:href="#sSpan793" value="PPOS"/>
		<feat xlink:href="#sSpan797" value="N"/>
		<feat xlink:href="#sSpan799" value="CREL"/>
		<feat xlink:href="#sSpan803" value="APST"/>
		<feat xlink:href="#sSpan805" value="PPERS"/>
		<feat xlink:href="#sSpan807" value="V"/>
		<feat xlink:href="#sSpan809" value="APST"/>
		<feat xlink:href="#sSpan815" value="PPERS"/>
		<feat xlink:href="#sSpan817" value="V"/>
		<feat xlink:href="#sSpan819" value="PUNCT"/>
		<feat xlink:href="#sSpan824" value="CONJ"/>
		<feat xlink:href="#sSpan828" value="ACONJ"/>
		<feat xlink:href="#sSpan832" value="PPERS"/>
		<feat xlink:href="#sSpan834" value="V"/>
		<feat xlink:href="#sSpan837" value="ART"/>
		<feat xlink:href="#sSpan839" value="N"/>
		<feat xlink:href="#sSpan841" value="PREP"/>
		<feat xlink:href="#sSpan845" value="ART"/>
		<feat xlink:href="#sSpan848" value="N"/>
		<feat xlink:href="#sSpan851" value="APST"/>
		<feat xlink:href="#sSpan857" value="PPERS"/>
		<feat xlink:href="#sSpan859" value="V"/>
		<feat xlink:href="#sSpan862" value="ART"/>
		<feat xlink:href="#sSpan864" value="N"/>
		<feat xlink:href="#sSpan866" value="PREP"/>
		<feat xlink:href="#sSpan870" value="ART"/>
		<feat xlink:href="#sSpan873" value="N"/>
		<feat xlink:href="#sSpan875" value="IMOD"/>
		<feat xlink:href="#sSpan879" value="PPERO"/>
		<feat xlink:href="#sSpan881" value="PUNCT"/>
		<feat xlink:href="#sSpan885" value="CONJ"/>
		<feat xlink:href="#sSpan891" value="APST"/>
		<feat xlink:href="#sSpan895" value="PPOS"/>
		<feat xlink:href="#sSpan899" value="N"/>
		<feat xlink:href="#sSpan903" value="V"/>
		<feat xlink:href="#sSpan908" value="PREP"/>
		<feat xlink:href="#sSpan912" value="PPERO"/>
		<feat xlink:href="#sSpan914" value="ADV"/>
		<feat xlink:href="#sSpan918" value="PUNCT"/>
		<feat xlink:href="#sSpan922" value="PPERI"/>
		<feat xlink:href="#sSpan929" value="PTC"/>
		<feat xlink:href="#sSpan933" value="VBD"/>
		<feat xlink:href="#sSpan937" value="PPERS"/>
		<feat xlink:href="#sSpan939" value="PREP"/>
		<feat xlink:href="#sSpan943" value="PPERO"/>
		<feat xlink:href="#sSpan945" value="PUNCT"/>
		<feat xlink:href="#sSpan949" value="CONJ"/>
		<feat xlink:href="#sSpan954" value="NEG"/>
		<feat xlink:href="#sSpan957" value="V"/>
		<feat xlink:href="#sSpan960" value="PPOS"/>
		<feat xlink:href="#sSpan965" value="N"/>
		<feat xlink:href="#sSpan967" value="PUNCT"/>
		<feat xlink:href="#sSpan971" value="PPOS"/>
		<feat xlink:href="#sSpan975" value="ART"/>
		<feat xlink:href="#sSpan978" value="N"/>
		<feat xlink:href="#sSpan980" value="PUNCT"/>
		<feat xlink:href="#sSpan984" value="CREL"/>
		<feat xlink:href="#sSpan988" value="APST"/>
		<feat xlink:href="#sSpan990" value="ART"/>
		<feat xlink:href="#sSpan993" value="N"/>
		<feat xlink:href="#sSpan996" value="PTC"/>
		<feat xlink:href="#sSpan1000" value="V"/>
		<feat xlink:href="#sSpan1005" value="PPERO"/>
		<feat xlink:href="#sSpan1007" value="PREP"/>
		<feat xlink:href="#sSpan1011" value="V"/>
		<feat xlink:href="#sSpan1013" value="ART"/>
		<feat xlink:href="#sSpan1018" value="N"/>
		<feat xlink:href="#sSpan1020" value="PREP"/>
		<feat xlink:href="#sSpan1024" value="PPOS"/>
		<feat xlink:href="#sSpan1028" value="N"/>
		<feat xlink:href="#sSpan1030" value="ACONJ"/>
		<feat xlink:href="#sSpan1034" value="PPERS"/>
		<feat xlink:href="#sSpan1036" value="V"/>
		<feat xlink:href="#sSpan1038" value="PPERO"/>
		<feat xlink:href="#sSpan1040" value="ADV"/>
		<feat xlink:href="#sSpan1049" value="PTC"/>
		<feat xlink:href="#sSpan1053" value="PREP"/>
		<feat xlink:href="#sSpan1057" value="ART"/>
		<feat xlink:href="#sSpan1060" value="N"/>
		<feat xlink:href="#sSpan1062" value="PREP"/>
		<feat xlink:href="#sSpan1066" value="N"/>
		<feat xlink:href="#sSpan1068" value="PPERS"/>
		<feat xlink:href="#sSpan1072" value="FUT"/>
		<feat xlink:href="#sSpan1074" value="V"/>
		<feat xlink:href="#sSpan1076" value="ADV"/>
		<feat xlink:href="#sSpan1080" value="PREP"/>
		<feat xlink:href="#sSpan1084" value="PPOS"/>
		<feat xlink:href="#sSpan1089" value="N"/>
		<feat xlink:href="#sSpan1091" value="ACONJ_PPERS"/>
		<feat xlink:href="#sSpan1095" value="V"/>
		<feat xlink:href="#sSpan1098" value="PREP"/>
		<feat xlink:href="#sSpan1102" value="ART"/>
		<feat xlink:href="#sSpan1105" value="N"/>
		<feat xlink:href="#sSpan1107" value="PREP"/>
		<feat xlink:href="#sSpan1111" value="N"/>
		<feat xlink:href="#sSpan1114" value="PREP"/>
		<feat xlink:href="#sSpan1118" value="N"/>
		<feat xlink:href="#sSpan1121" value="PUNCT"/>
		<feat xlink:href="#sSpan1125" value="CPRET"/>
		<feat xlink:href="#sSpan1133" value="NUM"/>
		<feat xlink:href="#sSpan1139" value="PTC"/>
		<feat xlink:href="#sSpan1143" value="PREP"/>
		<feat xlink:href="#sSpan1147" value="ART"/>
		<feat xlink:href="#sSpan1150" value="N"/>
		<feat xlink:href="#sSpan1152" value="NPROP"/>
		<feat xlink:href="#sSpan1156" value="COP"/>
		<feat xlink:href="#sSpan1160" value="ART"/>
		<feat xlink:href="#sSpan1165" value="N"/>
		<feat xlink:href="#sSpan1167" value="CREL"/>
		<feat xlink:href="#sSpan1172" value="ADV"/>
		<feat xlink:href="#sSpan1174" value="PUNCT"/>
		<feat xlink:href="#sSpan1178" value="VBD"/>
		<feat xlink:href="#sSpan1184" value="PPERS"/>
		<feat xlink:href="#sSpan1186" value="ADV"/>
		<feat xlink:href="#sSpan1190" value="PREP"/>
		<feat xlink:href="#sSpan1194" value="PPERO"/>
		<feat xlink:href="#sSpan1196" value="CONJ"/>
		<feat xlink:href="#sSpan1200" value="ACOND_PPERS"/>
		<feat xlink:href="#sSpan1202" value="V"/>
		<feat xlink:href="#sSpan1205" value="PREP"/>
		<feat xlink:href="#sSpan1209" value="NPROP"/>
		<feat xlink:href="#sSpan1213" value="V"/>
		<feat xlink:href="#sSpan1219" value="PREP"/>
		<feat xlink:href="#sSpan1223" value="PPOS"/>
		<feat xlink:href="#sSpan1227" value="N"/>
		<feat xlink:href="#sSpan1231" value="PUNCT"/>
		<feat xlink:href="#sSpan1235" value="PREP"/>
		<feat xlink:href="#sSpan1239" value="PPERS"/>
		<feat xlink:href="#sSpan1242" value="N"/>
		<feat xlink:href="#sSpan1246" value="PREP"/>
		<feat xlink:href="#sSpan1250" value="ART"/>
		<feat xlink:href="#sSpan1254" value="N"/>
		<feat xlink:href="#sSpan1256" value="PUNCT"/>
		<feat xlink:href="#sSpan1260" value="ART"/>
		<feat xlink:href="#sSpan1267" value="CREL"/>
		<feat xlink:href="#sSpan1269" value="FUT"/>
		<feat xlink:href="#sSpan1271" value="V"/>
		<feat xlink:href="#sSpan1273" value="PREP"/>
		<feat xlink:href="#sSpan1277" value="ART"/>
		<feat xlink:href="#sSpan1281" value="N"/>
		<feat xlink:href="#sSpan1283" value="PUNCT"/>
		<feat xlink:href="#sSpan1287" value="PREP"/>
		<feat xlink:href="#sSpan1291" value="PPOS"/>
		<feat xlink:href="#sSpan1294" value="N"/>
		<feat xlink:href="#sSpan1296" value="CCIRC"/>
		<feat xlink:href="#sSpan1301" value="PPERS"/>
		<feat xlink:href="#sSpan1303" value="V"/>
		<feat xlink:href="#sSpan1305" value="ART"/>
		<feat xlink:href="#sSpan1307" value="N"/>
		<feat xlink:href="#sSpan1309" value="PREP"/>
		<feat xlink:href="#sSpan1313" value="PPERO"/>
		<feat xlink:href="#sSpan1315" value="PUNCT"/>
		<feat xlink:href="#sSpan1320" value="NPROP"/>
		<feat xlink:href="#sSpan1325" value="IMOD"/>
		<feat xlink:href="#sSpan1329" value="PPERO"/>
		<feat xlink:href="#sSpan1331" value="FUT"/>
		<feat xlink:href="#sSpan1335" value="V"/>
		<feat xlink:href="#sSpan1337" value="PPERO"/>
		<feat xlink:href="#sSpan1339" value="PREP"/>
		<feat xlink:href="#sSpan1343" value="ART"/>
		<feat xlink:href="#sSpan1346" value="N"/>
		<feat xlink:href="#sSpan1348" value="PREP"/>
		<feat xlink:href="#sSpan1353" value="N"/>
		<feat xlink:href="#sSpan1355" value="PREP"/>
		<feat xlink:href="#sSpan1359" value="ART"/>
		<feat xlink:href="#sSpan1362" value="NUM"/>
		<feat xlink:href="#sSpan1364" value="PREP"/>
		<feat xlink:href="#sSpan1368" value="N"/>
		<feat xlink:href="#sSpan1370" value="PUNCT"/>
		<feat xlink:href="#sSpan1374" value="PPERI"/>
		<feat xlink:href="#sSpan1381" value="PTC"/>
		<feat xlink:href="#sSpan1385" value="VBD"/>
		<feat xlink:href="#sSpan1389" value="PPERS"/>
		<feat xlink:href="#sSpan1391" value="PREP"/>
		<feat xlink:href="#sSpan1395" value="PPERO"/>
		<feat xlink:href="#sSpan1397" value="PUNCT"/>
		<feat xlink:href="#sSpan1401" value="CONJ"/>
		<feat xlink:href="#sSpan1406" value="CONJ"/>
		<feat xlink:href="#sSpan1408" value="ART"/>
		<feat xlink:href="#sSpan1413" value="N"/>
		<feat xlink:href="#sSpan1415" value="COP"/>
		<feat xlink:href="#sSpan1419" value="CCIRC"/>
		<feat xlink:href="#sSpan1423" value="EXIST"/>
		<feat xlink:href="#sSpan1426" value="N"/>
		<feat xlink:href="#sSpan1429" value="PREP"/>
		<feat xlink:href="#sSpan1433" value="PPERO"/>
		<feat xlink:href="#sSpan1435" value="PUNCT"/>
		<feat xlink:href="#sSpan1439" value="PREP"/>
		<feat xlink:href="#sSpan1443" value="V"/>
		<feat xlink:href="#sSpan1445" value="PREP"/>
		<feat xlink:href="#sSpan1448" value="ART"/>
		<feat xlink:href="#sSpan1452" value="N"/>
		<feat xlink:href="#sSpan1454" value="PREP"/>
		<feat xlink:href="#sSpan1458" value="PPOS"/>
		<feat xlink:href="#sSpan1461" value="N"/>
		<feat xlink:href="#sSpan1463" value="PUNCT"/>
		<feat xlink:href="#sSpan1467" value="VBD"/>
		<feat xlink:href="#sSpan1473" value="PPERS"/>
		<feat xlink:href="#sSpan1475" value="PREP"/>
		<feat xlink:href="#sSpan1479" value="PPERO"/>
		<feat xlink:href="#sSpan1481" value="CONJ"/>
		<feat xlink:href="#sSpan1485" value="AJUS"/>
		<feat xlink:href="#sSpan1488" value="PPERS"/>
		<feat xlink:href="#sSpan1490" value="V"/>
		<feat xlink:href="#sSpan1492" value="ART"/>
		<feat xlink:href="#sSpan1497" value="N"/>
		<feat xlink:href="#sSpan1499" value="PREP"/>
		<feat xlink:href="#sSpan1503" value="N"/>
		<feat xlink:href="#sSpan1505" value="PREP"/>
		<feat xlink:href="#sSpan1509" value="PPOS"/>
		<feat xlink:href="#sSpan1512" value="N"/>
		<feat xlink:href="#sSpan1514" value="PUNCT"/>
		<feat xlink:href="#sSpan1518" value="VBD"/>
		<feat xlink:href="#sSpan1526" value="PPERS"/>
		<feat xlink:href="#sSpan1528" value="PREP"/>
		<feat xlink:href="#sSpan1533" value="PPERO"/>
		<feat xlink:href="#sSpan1535" value="CONJ"/>
		<feat xlink:href="#sSpan1539" value="CONJ"/>
		<feat xlink:href="#sSpan1541" value="ART"/>
		<feat xlink:href="#sSpan1546" value="N"/>
		<feat xlink:href="#sSpan1548" value="COP"/>
		<feat xlink:href="#sSpan1552" value="PREP"/>
		<feat xlink:href="#sSpan1557" value="N"/>
		<feat xlink:href="#sSpan1560" value="PREP"/>
		<feat xlink:href="#sSpan1565" value="PPERO"/>
		<feat xlink:href="#sSpan1567" value="PREP"/>
		<feat xlink:href="#sSpan1571" value="V"/>
		<feat xlink:href="#sSpan1573" value="PPERO"/>
		<feat xlink:href="#sSpan1575" value="PUNCT"/>
		<feat xlink:href="#sSpan1579" value="PPERS"/>
		<feat xlink:href="#sSpan1583" value="FUT"/>
		<feat xlink:href="#sSpan1585" value="V"/>
		<feat xlink:href="#sSpan1587" value="PPERO"/>
		<feat xlink:href="#sSpan1589" value="NEG"/>
		<feat xlink:href="#sSpan1593" value="PREP"/>
		<feat xlink:href="#sSpan1597" value="ART"/>
		<feat xlink:href="#sSpan1601" value="N"/>
		<feat xlink:href="#sSpan1603" value="PREP"/>
		<feat xlink:href="#sSpan1607" value="ART"/>
		<feat xlink:href="#sSpan1611" value="N"/>
		<feat xlink:href="#sSpan1613" value="PREP"/>
		<feat xlink:href="#sSpan1617" value="N"/>
		<feat xlink:href="#sSpan1619" value="PREP"/>
		<feat xlink:href="#sSpan1623" value="ART"/>
		<feat xlink:href="#sSpan1626" value="NUM"/>
		<feat xlink:href="#sSpan1628" value="PREP"/>
		<feat xlink:href="#sSpan1632" value="N"/>
		<feat xlink:href="#sSpan1634" value="PUNCT"/>
		<feat xlink:href="#sSpan1638" value="VBD"/>
		<feat xlink:href="#sSpan1644" value="PPERS"/>
		<feat xlink:href="#sSpan1646" value="PREP"/>
		<feat xlink:href="#sSpan1650" value="PPERO"/>
		<feat xlink:href="#sSpan1652" value="CONJ"/>
		<feat xlink:href="#sSpan1657" value="AJUS"/>
		<feat xlink:href="#sSpan1659" value="PPERS"/>
		<feat xlink:href="#sSpan1661" value="V"/>
		<feat xlink:href="#sSpan1663" value="ART"/>
		<feat xlink:href="#sSpan1668" value="N"/>
		<feat xlink:href="#sSpan1670" value="PREP"/>
		<feat xlink:href="#sSpan1674" value="N"/>
		<feat xlink:href="#sSpan1676" value="PREP"/>
		<feat xlink:href="#sSpan1680" value="PPOS"/>
		<feat xlink:href="#sSpan1683" value="N"/>
		<feat xlink:href="#sSpan1685" value="PUNCT"/>
		<feat xlink:href="#sSpan1689" value="PPERI"/>
		<feat xlink:href="#sSpan1696" value="PTC"/>
		<feat xlink:href="#sSpan1700" value="VBD"/>
		<feat xlink:href="#sSpan1705" value="PPERS"/>
		<feat xlink:href="#sSpan1707" value="PREP"/>
		<feat xlink:href="#sSpan1712" value="PPERO"/>
		<feat xlink:href="#sSpan1714" value="PUNCT"/>
		<feat xlink:href="#sSpan1718" value="CONJ"/>
		<feat xlink:href="#sSpan1722" value="CONJ"/>
		<feat xlink:href="#sSpan1724" value="PUNCT"/>
		<feat xlink:href="#sSpan1728" value="ART"/>
		<feat xlink:href="#sSpan1733" value="N"/>
		<feat xlink:href="#sSpan1735" value="COP"/>
		<feat xlink:href="#sSpan1739" value="PREP"/>
		<feat xlink:href="#sSpan1743" value="N"/>
		<feat xlink:href="#sSpan1746" value="PREP"/>
		<feat xlink:href="#sSpan1751" value="PPERO"/>
		<feat xlink:href="#sSpan1753" value="PREP"/>
		<feat xlink:href="#sSpan1758" value="V"/>
		<feat xlink:href="#sSpan1761" value="PUNCT"/>
		<feat xlink:href="#sSpan1765" value="ADV"/>
		<feat xlink:href="#sSpan1769" value="PREP"/>
		<feat xlink:href="#sSpan1773" value="PPOS"/>
		<feat xlink:href="#sSpan1776" value="N"/>
		<feat xlink:href="#sSpan1778" value="PUNCT"/>
		<feat xlink:href="#sSpan1782" value="PREP"/>
		<feat xlink:href="#sSpan1786" value="ART"/>
		<feat xlink:href="#sSpan1790" value="N"/>
		<feat xlink:href="#sSpan1794" value="PUNCT"/>
		<feat xlink:href="#sSpan1798" value="APST"/>
		<feat xlink:href="#sSpan1804" value="PPERS"/>
		<feat xlink:href="#sSpan1806" value="V"/>
		<feat xlink:href="#sSpan1808" value="PPOS"/>
		<feat xlink:href="#sSpan1813" value="N"/>
		<feat xlink:href="#sSpan1815" value="CREL"/>
		<feat xlink:href="#sSpan1819" value="VBD"/>
		<feat xlink:href="#sSpan1821" value="PPERS"/>
		<feat xlink:href="#sSpan1823" value="AJUS"/>
		<feat xlink:href="#sSpan1827" value="PPOS"/>
		<feat xlink:href="#sSpan1830" value="N"/>
		<feat xlink:href="#sSpan1832" value="V"/>
		<feat xlink:href="#sSpan1836" value="PPERO"/>
		<feat xlink:href="#sSpan1838" value="IMOD"/>
		<feat xlink:href="#sSpan1843" value="PPERO"/>
		<feat xlink:href="#sSpan1845" value="CONJ"/>
		<feat xlink:href="#sSpan1849" value="ART"/>
		<feat xlink:href="#sSpan1852" value="CREL"/>
		<feat xlink:href="#sSpan1854" value="PPERS"/>
		<feat xlink:href="#sSpan1856" value="FUT"/>
		<feat xlink:href="#sSpan1859" value="V"/>
		<feat xlink:href="#sSpan1861" value="PREP"/>
		<feat xlink:href="#sSpan1865" value="PPERO"/>
		<feat xlink:href="#sSpan1867" value="PREP"/>
		<feat xlink:href="#sSpan1871" value="ART"/>
		<feat xlink:href="#sSpan1874" value="N"/>
		<feat xlink:href="#sSpan1876" value="PUNCT"/>
		<feat xlink:href="#sSpan1880" value="ART"/>
		<feat xlink:href="#sSpan1886" value="N"/>
		<feat xlink:href="#sSpan1888" value="FUT"/>
		<feat xlink:href="#sSpan1892" value="V"/>
		<feat xlink:href="#sSpan1894" value="PPERO"/>
		<feat xlink:href="#sSpan1896" value="PREP"/>
		<feat xlink:href="#sSpan1900" value="PPERO"/>
		<feat xlink:href="#sSpan1902" value="PUNCT"/>
		<feat xlink:href="#sSpan1906" value="VBD"/>
		<feat xlink:href="#sSpan1912" value="PPERS"/>
		<feat xlink:href="#sSpan1914" value="PREP"/>
		<feat xlink:href="#sSpan1918" value="PPERO"/>
		<feat xlink:href="#sSpan1920" value="CONJ"/>
		<feat xlink:href="#sSpan1924" value="AJUS"/>
		<feat xlink:href="#sSpan1926" value="PPERS"/>
		<feat xlink:href="#sSpan1928" value="V"/>
		<feat xlink:href="#sSpan1930" value="N"/>
		<feat xlink:href="#sSpan1933" value="PPERO"/>
		<feat xlink:href="#sSpan1935" value="ACONJ"/>
		<feat xlink:href="#sSpan1939" value="PPERS"/>
		<feat xlink:href="#sSpan1941" value="V"/>
		<feat xlink:href="#sSpan1943" value="NUM"/>
		<feat xlink:href="#sSpan1946" value="PREP"/>
		<feat xlink:href="#sSpan1950" value="N"/>
		<feat xlink:href="#sSpan1952" value="PREP"/>
		<feat xlink:href="#sSpan1956" value="N"/>
		<feat xlink:href="#sSpan1959" value="PREP"/>
		<feat xlink:href="#sSpan1963" value="ART"/>
		<feat xlink:href="#sSpan1966" value="N"/>
		<feat xlink:href="#sSpan1968" value="PUNCT"/>
		<feat xlink:href="#sSpan1972" value="PREP"/>
		<feat xlink:href="#sSpan1977" value="PPOS"/>
		<feat xlink:href="#sSpan1980" value="N"/>
		<feat xlink:href="#sSpan1982" value="CONJ"/>
		<feat xlink:href="#sSpan1986" value="ART"/>
		<feat xlink:href="#sSpan1991" value="N"/>
		<feat xlink:href="#sSpan1994" value="NPROP"/>
		<feat xlink:href="#sSpan1998" value="FUT"/>
		<feat xlink:href="#sSpan2002" value="V"/>
		<feat xlink:href="#sSpan2004" value="PPERO"/>
		<feat xlink:href="#sSpan2006" value="PREP"/>
		<feat xlink:href="#sSpan2010" value="ART"/>
		<feat xlink:href="#sSpan2013" value="NUM"/>
		<feat xlink:href="#sSpan2015" value="PREP"/>
		<feat xlink:href="#sSpan2019" value="N"/>
		<feat xlink:href="#sSpan2021" value="PUNCT"/>
		<feat xlink:href="#sSpan2025" value="ACONJ"/>
		<feat xlink:href="#sSpan2030" value="PPERS"/>
		<feat xlink:href="#sSpan2033" value="V"/>
		<feat xlink:href="#sSpan2035" value="PREP"/>
		<feat xlink:href="#sSpan2039" value="ART"/>
		<feat xlink:href="#sSpan2042" value="CREL"/>
		<feat xlink:href="#sSpan2044" value="VSTAT"/>
		<feat xlink:href="#sSpan2046" value="IMOD"/>
		<feat xlink:href="#sSpan2050" value="PPERO"/>
		<feat xlink:href="#sSpan2052" value="PUNCT"/>
		<feat xlink:href="#sSpan2056" value="PPERI"/>
		<feat xlink:href="#sSpan2063" value="PTC"/>
		<feat xlink:href="#sSpan2067" value="VBD"/>
		<feat xlink:href="#sSpan2072" value="PPERS"/>
		<feat xlink:href="#sSpan2074" value="PREP"/>
		<feat xlink:href="#sSpan2078" value="PPERO"/>
		<feat xlink:href="#sSpan2080" value="CONJ"/>
		<feat xlink:href="#sSpan2085" value="PTC"/>
		<feat xlink:href="#sSpan2087" value="PPOS"/>
		<feat xlink:href="#sSpan2092" value="N"/>
		<feat xlink:href="#sSpan2094" value="CREL"/>
		<feat xlink:href="#sSpan2098" value="VSTAT"/>
		<feat xlink:href="#sSpan2100" value="PUNCT"/>
		<feat xlink:href="#sSpan2104" value="CONJ"/>
		<feat xlink:href="#sSpan2108" value="PPERS"/>
		<feat xlink:href="#sSpan2112" value="V"/>
		<feat xlink:href="#sSpan2115" value="PUNCT"/>
		<feat xlink:href="#sSpan2119" value="PPERS"/>
		<feat xlink:href="#sSpan2123" value="V"/>
		<feat xlink:href="#sSpan2125" value="PREP"/>
		<feat xlink:href="#sSpan2129" value="ACAUS"/>
		<feat xlink:href="#sSpan2131" value="PPERS"/>
		<feat xlink:href="#sSpan2133" value="V"/>
		<feat xlink:href="#sSpan2135" value="PUNCT"/>
		<feat xlink:href="#sSpan2139" value="PREP"/>
		<feat xlink:href="#sSpan2143" value="PPOS"/>
		<feat xlink:href="#sSpan2147" value="N"/>
		<feat xlink:href="#sSpan2149" value="PUNCT"/>
		<feat xlink:href="#sSpan2153" value="CREL"/>
		<feat xlink:href="#sSpan2157" value="VSTAT"/>
		<feat xlink:href="#sSpan2160" value="ACOND_PPERS"/>
		<feat xlink:href="#sSpan2164" value="V"/>
		<feat xlink:href="#sSpan2166" value="PREP"/>
		<feat xlink:href="#sSpan2170" value="PDEM"/>
		<feat xlink:href="#sSpan2174" value="N"/>
		<feat xlink:href="#sSpan2176" value="PUNCT"/>
		<feat xlink:href="#sSpan2180" value="VBD"/>
		<feat xlink:href="#sSpan2186" value="PPERS"/>
		<feat xlink:href="#sSpan2188" value="PREP"/>
		<feat xlink:href="#sSpan2192" value="PPERO"/>
		<feat xlink:href="#sSpan2194" value="CONJ"/>
		<feat xlink:href="#sSpan2198" value="VIMP"/>
		<feat xlink:href="#sSpan2201" value="PPOS"/>
		<feat xlink:href="#sSpan2206" value="N"/>
		<feat xlink:href="#sSpan2208" value="PUNCT"/>
		<feat xlink:href="#sSpan2212" value="ANEGPST"/>
		<feat xlink:href="#sSpan2218" value="PPERS"/>
		<feat xlink:href="#sSpan2220" value="V"/>
		<feat xlink:href="#sSpan2222" value="PPERO"/>
		<feat xlink:href="#sSpan2225" value="PTC"/>
		<feat xlink:href="#sSpan2229" value="PREP"/>
		<feat xlink:href="#sSpan2233" value="PDEM"/>
		<feat xlink:href="#sSpan2237" value="N"/>
		<feat xlink:href="#sSpan2240" value="PUNCT"/>
		<feat xlink:href="#sSpan2245" value="CONJ"/>
		<feat xlink:href="#sSpan2249" value="CFOC"/>
		<feat xlink:href="#sSpan2253" value="APST"/>
		<feat xlink:href="#sSpan2255" value="ART"/>
		<feat xlink:href="#sSpan2258" value="N"/>
		<feat xlink:href="#sSpan2260" value="V"/>
		<feat xlink:href="#sSpan2264" value="PPERO"/>
		<feat xlink:href="#sSpan2266" value="PREP"/>
		<feat xlink:href="#sSpan2270" value="ART"/>
		<feat xlink:href="#sSpan2273" value="N"/>
		<feat xlink:href="#sSpan2275" value="PREP"/>
		<feat xlink:href="#sSpan2279" value="ART"/>
		<feat xlink:href="#sSpan2282" value="N"/>
		<feat xlink:href="#sSpan2286" value="CREL"/>
		<feat xlink:href="#sSpan2290" value="VSTAT"/>
		<feat xlink:href="#sSpan2292" value="PUNCT"/>
		<feat xlink:href="#sSpan2296" value="CREL"/>
		<feat xlink:href="#sSpan2300" value="VSTAT"/>
		<feat xlink:href="#sSpan2302" value="PREP"/>
		<feat xlink:href="#sSpan2306" value="ART"/>
		<feat xlink:href="#sSpan2309" value="N"/>
		<feat xlink:href="#sSpan2311" value="PUNCT"/>
		<feat xlink:href="#sSpan2315" value="PREP"/>
		<feat xlink:href="#sSpan2319" value="ACAUS"/>
		<feat xlink:href="#sSpan2321" value="PPERS"/>
		<feat xlink:href="#sSpan2324" value="V"/>
		<feat xlink:href="#sSpan2328" value="PREP"/>
		<feat xlink:href="#sSpan2332" value="PPERO"/>
		<feat xlink:href="#sSpan2334" value="PREP"/>
		<feat xlink:href="#sSpan2338" value="PPOS"/>
		<feat xlink:href="#sSpan2342" value="N"/>
		<feat xlink:href="#sSpan2345" value="PUNCT"/>
		<feat xlink:href="#sSpan2349" value="PREP"/>
		<feat xlink:href="#sSpan2353" value="ART"/>
		<feat xlink:href="#sSpan2356" value="N"/>
		<feat xlink:href="#sSpan2358" value="PREP"/>
		<feat xlink:href="#sSpan2363" value="ART"/>
		<feat xlink:href="#sSpan2366" value="N"/>
		<feat xlink:href="#sSpan2368" value="PUNCT"/>
		<feat xlink:href="#sSpan2372" value="ART"/>
		<feat xlink:href="#sSpan2378" value="N"/>
		<feat xlink:href="#sSpan2382" value="PREP"/>
		<feat xlink:href="#sSpan2387" value="ART"/>
		<feat xlink:href="#sSpan2390" value="N"/>
		<feat xlink:href="#sSpan2392" value="PREP"/>
		<feat xlink:href="#sSpan2396" value="ART"/>
		<feat xlink:href="#sSpan2399" value="CREL"/>
		<feat xlink:href="#sSpan2401" value="V"/>
		<feat xlink:href="#sSpan2404" value="V"/>
		<feat xlink:href="#sSpan2410" value="PREP"/>
		<feat xlink:href="#sSpan2414" value="PPERO"/>
		<feat xlink:href="#sSpan2416" value="ADV"/>
		<feat xlink:href="#sSpan2420" value="PREP"/>
		<feat xlink:href="#sSpan2424" value="NPROP"/>
		<feat xlink:href="#sSpan2428" value="PTC"/>
		<feat xlink:href="#sSpan2432" value="PPOS"/>
		<feat xlink:href="#sSpan2437" value="N"/>
		<feat xlink:href="#sSpan2439" value="ACONJ"/>
		<feat xlink:href="#sSpan2443" value="PPERS"/>
		<feat xlink:href="#sSpan2445" value="V"/>
		<feat xlink:href="#sSpan2448" value="PUNCT"/>
		<feat xlink:href="#sSpan2452" value="CCIRC"/>
		<feat xlink:href="#sSpan2456" value="PPERS"/>
		<feat xlink:href="#sSpan2458" value="VSTAT"/>
		<feat xlink:href="#sSpan2460" value="ADV"/>
		<feat xlink:href="#sSpan2464" value="PREP"/>
		<feat xlink:href="#sSpan2468" value="ART"/>
		<feat xlink:href="#sSpan2471" value="N"/>
		<feat xlink:href="#sSpan2473" value="CREL"/>
		<feat xlink:href="#sSpan2477" value="VBD"/>
		<feat xlink:href="#sSpan2479" value="PPERS"/>
		<feat xlink:href="#sSpan2481" value="PUNCT"/>
		<feat xlink:href="#sSpan2485" value="PPERI"/>
		<feat xlink:href="#sSpan2492" value="PTC"/>
		<feat xlink:href="#sSpan2497" value="PREP"/>
		<feat xlink:href="#sSpan2501" value="ART"/>
		<feat xlink:href="#sSpan2503" value="N"/>
		<feat xlink:href="#sSpan2505" value="APST"/>
		<feat xlink:href="#sSpan2509" value="PPERS"/>
		<feat xlink:href="#sSpan2511" value="V"/>
		<feat xlink:href="#sSpan2513" value="PREP"/>
		<feat xlink:href="#sSpan2517" value="ART"/>
		<feat xlink:href="#sSpan2520" value="N"/>
		<feat xlink:href="#sSpan2522" value="PUNCT"/>
		<feat xlink:href="#sSpan2526" value="VBD"/>
		<feat xlink:href="#sSpan2532" value="PPERS"/>
		<feat xlink:href="#sSpan2534" value="PREP"/>
		<feat xlink:href="#sSpan2538" value="PPERO"/>
		<feat xlink:href="#sSpan2540" value="CONJ"/>
		<feat xlink:href="#sSpan2545" value="V"/>
		<feat xlink:href="#sSpan2547" value="PREP"/>
		<feat xlink:href="#sSpan2551" value="PPERO"/>
		<feat xlink:href="#sSpan2553" value="PPOS"/>
		<feat xlink:href="#sSpan2558" value="N"/>
		<feat xlink:href="#sSpan2560" value="PUNCT"/>
		<feat xlink:href="#sSpan2564" value="ACONJ"/>
		<feat xlink:href="#sSpan2568" value="ART"/>
		<feat xlink:href="#sSpan2571" value="N"/>
		<feat xlink:href="#sSpan2573" value="V"/>
		<feat xlink:href="#sSpan2577" value="PPERO"/>
		<feat xlink:href="#sSpan2579" value="PREP"/>
		<feat xlink:href="#sSpan2583" value="ART"/>
		<feat xlink:href="#sSpan2587" value="N"/>
		<feat xlink:href="#sSpan2589" value="PUNCT"/>
		<feat xlink:href="#sSpan2593" value="PREP"/>
		<feat xlink:href="#sSpan2597" value="ART"/>
		<feat xlink:href="#sSpan2599" value="N"/>
		<feat xlink:href="#sSpan2601" value="CREL"/>
		<feat xlink:href="#sSpan2605" value="APST"/>
		<feat xlink:href="#sSpan2607" value="PPERS"/>
		<feat xlink:href="#sSpan2609" value="V"/>
		<feat xlink:href="#sSpan2611" value="PREP"/>
		<feat xlink:href="#sSpan2615" value="V"/>
		<feat xlink:href="#sSpan2617" value="PREP"/>
		<feat xlink:href="#sSpan2621" value="PPERO"/>
		<feat xlink:href="#sSpan2623" value="PREP"/>
		<feat xlink:href="#sSpan2627" value="ART"/>
		<feat xlink:href="#sSpan2630" value="N"/>
		<feat xlink:href="#sSpan2632" value="ACONJ"/>
		<feat xlink:href="#sSpan2637" value="PPERS"/>
		<feat xlink:href="#sSpan2639" value="V"/>
		<feat xlink:href="#sSpan2641" value="ADV"/>
		<feat xlink:href="#sSpan2645" value="PREP"/>
		<feat xlink:href="#sSpan2649" value="V"/>
		<feat xlink:href="#sSpan2651" value="PREP"/>
		<feat xlink:href="#sSpan2655" value="PPERO"/>
		<feat xlink:href="#sSpan2657" value="PREP"/>
		<feat xlink:href="#sSpan2661" value="ART"/>
		<feat xlink:href="#sSpan2664" value="ART"/>
		<feat xlink:href="#sSpan2667" value="N"/>
		<feat xlink:href="#sSpan2669" value="PUNCT"/>
		<feat xlink:href="#sSpan2673" value="PREP"/>
		<feat xlink:href="#sSpan2678" value="ART"/>
		<feat xlink:href="#sSpan2681" value="N"/>
		<feat xlink:href="#sSpan2684" value="NPROP"/>
		<feat xlink:href="#sSpan2688" value="ART"/>
		<feat xlink:href="#sSpan2693" value="N"/>
		<feat xlink:href="#sSpan2695" value="PUNCT"/>
		<feat xlink:href="#sSpan2699" value="PPERI"/>
		<feat xlink:href="#sSpan2708" value="PTC"/>
		<feat xlink:href="#sSpan2712" value="VBD"/>
		<feat xlink:href="#sSpan2716" value="PPERS"/>
		<feat xlink:href="#sSpan2718" value="PREP"/>
		<feat xlink:href="#sSpan2722" value="PPERO"/>
		<feat xlink:href="#sSpan2724" value="PUNCT"/>
		<feat xlink:href="#sSpan2728" value="CONJ"/>
		<feat xlink:href="#sSpan2732" value="PPOS"/>
		<feat xlink:href="#sSpan2735" value="N"/>
		<feat xlink:href="#sSpan2737" value="NEG"/>
		<feat xlink:href="#sSpan2741" value="ART"/>
		<feat xlink:href="#sSpan2744" value="N"/>
		<feat xlink:href="#sSpan2746" value="FUT"/>
		<feat xlink:href="#sSpan2752" value="V"/>
		<feat xlink:href="#sSpan2754" value="PREP"/>
		<feat xlink:href="#sSpan2758" value="PPERO"/>
		<feat xlink:href="#sSpan2760" value="NEG"/>
		<feat xlink:href="#sSpan2764" value="PREP"/>
		<feat xlink:href="#sSpan2768" value="N"/>
		<feat xlink:href="#sSpan2771" value="PREP"/>
		<feat xlink:href="#sSpan2775" value="N"/>
		<feat xlink:href="#sSpan2777" value="AOPT_PPERS"/>
		<feat xlink:href="#sSpan2781" value="V"/>
		<feat xlink:href="#sSpan2783" value="PPERO"/>
		<feat xlink:href="#sSpan2785" value="PREP"/>
		<feat xlink:href="#sSpan2790" value="PPOS"/>
		<feat xlink:href="#sSpan2794" value="N"/>
		<feat xlink:href="#sSpan2796" value="PUNCT"/>
		<feat xlink:href="#sSpan2800" value="PREP"/>
		<feat xlink:href="#sSpan2804" value="PPOS"/>
		<feat xlink:href="#sSpan2807" value="N"/>
		<feat xlink:href="#sSpan2810" value="V"/>
		<feat xlink:href="#sSpan2815" value="PUNCT"/>
		<feat xlink:href="#sSpan2819" value="PREP"/>
		<feat xlink:href="#sSpan2823" value="PPOS"/>
		<feat xlink:href="#sSpan2827" value="N"/>
		<feat xlink:href="#sSpan2831" value="PUNCT"/>
		<feat xlink:href="#sSpan2835" value="PREP"/>
		<feat xlink:href="#sSpan2839" value="PPOS"/>
		<feat xlink:href="#sSpan2842" value="N"/>
		<feat xlink:href="#sSpan2845" value="CONJ"/>
		<feat xlink:href="#sSpan2849" value="PREP"/>
		<feat xlink:href="#sSpan2853" value="PPOS"/>
		<feat xlink:href="#sSpan2856" value="N"/>
		<feat xlink:href="#sSpan2858" value="PUNCT"/>
		<feat xlink:href="#sSpan2863" value="CONJ"/>
		<feat xlink:href="#sSpan2867" value="CFOC"/>
		<feat xlink:href="#sSpan2872" value="PPERS"/>
		<feat xlink:href="#sSpan2874" value="FUT"/>
		<feat xlink:href="#sSpan2876" value="V"/>
		<feat xlink:href="#sSpan2878" value="PREP"/>
		<feat xlink:href="#sSpan2882" value="ART"/>
		<feat xlink:href="#sSpan2885" value="N"/>
		<feat xlink:href="#sSpan2887" value="PUNCT"/>
		<feat xlink:href="#sSpan2891" value="CREL"/>
		<feat xlink:href="#sSpan2895" value="APST"/>
		<feat xlink:href="#sSpan2897" value="PPERS"/>
		<feat xlink:href="#sSpan2899" value="PREP"/>
		<feat xlink:href="#sSpan2901" value="PPERO"/>
		<feat xlink:href="#sSpan2903" value="PREP"/>
		<feat xlink:href="#sSpan2907" value="PPERO"/>
		<feat xlink:href="#sSpan2909" value="PUNCT"/>
		<feat xlink:href="#sSpan2913" value="AOPT"/>
		<feat xlink:href="#sSpan2920" value="ART"/>
		<feat xlink:href="#sSpan2924" value="N"/>
		<feat xlink:href="#sSpan2927" value="V"/>
		<feat xlink:href="#sSpan2931" value="PREP"/>
		<feat xlink:href="#sSpan2935" value="PPERO"/>
		<feat xlink:href="#sSpan2937" value="PUNCT"/>
		<feat xlink:href="#sSpan2941" value="ACONJ"/>
		<feat xlink:href="#sSpan2945" value="PPERS"/>
		<feat xlink:href="#sSpan2947" value="V"/>
		<feat xlink:href="#sSpan2949" value="PPERO"/>
		<feat xlink:href="#sSpan2951" value="PREP"/>
		<feat xlink:href="#sSpan2956" value="ART"/>
		<feat xlink:href="#sSpan2960" value="N"/>
		<feat xlink:href="#sSpan2962" value="PREP"/>
		<feat xlink:href="#sSpan2966" value="ART"/>
		<feat xlink:href="#sSpan2970" value="NPROP"/>
		<feat xlink:href="#sSpan2972" value="ANEGOPT"/>
		<feat xlink:href="#sSpan2976" value="PPERS"/>
		<feat xlink:href="#sSpan2978" value="V"/>
		<feat xlink:href="#sSpan2981" value="PREP"/>
		<feat xlink:href="#sSpan2985" value="N"/>
		<feat xlink:href="#sSpan2988" value="PREP"/>
		<feat xlink:href="#sSpan2993" value="N"/>
		<feat xlink:href="#sSpan2996" value="ADV"/>
		<feat xlink:href="#sSpan3000" value="PREP"/>
		<feat xlink:href="#sSpan3004" value="PPERO"/>
		<feat xlink:href="#sSpan3006" value="PUNCT"/>
		<feat xlink:href="#sSpan3010" value="PREP"/>
		<feat xlink:href="#sSpan3014" value="PPOS"/>
		<feat xlink:href="#sSpan3018" value="N"/>
		<feat xlink:href="#sSpan3022" value="PREP"/>
		<feat xlink:href="#sSpan3026" value="ART"/>
		<feat xlink:href="#sSpan3030" value="N"/>
		<feat xlink:href="#sSpan3032" value="PUNCT"/>
		<feat xlink:href="#sSpan3036" value="APREC"/>
		<feat xlink:href="#sSpan3044" value="PPERS"/>
		<feat xlink:href="#sSpan3046" value="V"/>
		<feat xlink:href="#sSpan3049" value="PTC"/>
		<feat xlink:href="#sSpan3053" value="CCIRC"/>
		<feat xlink:href="#sSpan3057" value="PPERS"/>
		<feat xlink:href="#sSpan3059" value="V"/>
		<feat xlink:href="#sSpan3061" value="PREP"/>
		<feat xlink:href="#sSpan3065" value="PDEM"/>
		<feat xlink:href="#sSpan3068" value="APST"/>
		<feat xlink:href="#sSpan3073" value="PPERS"/>
		<feat xlink:href="#sSpan3075" value="V"/>
		<feat xlink:href="#sSpan3077" value="APST"/>
		<feat xlink:href="#sSpan3083" value="PPERS"/>
		<feat xlink:href="#sSpan3085" value="V"/>
		<feat xlink:href="#sSpan3087" value="PREP"/>
		<feat xlink:href="#sSpan3092" value="ART"/>
		<feat xlink:href="#sSpan3095" value="N"/>
		<feat xlink:href="#sSpan3097" value="PREP"/>
		<feat xlink:href="#sSpan3101" value="ART"/>
		<feat xlink:href="#sSpan3105" value="N"/>
		<feat xlink:href="#sSpan3108" value="PREP"/>
		<feat xlink:href="#sSpan3112" value="ART"/>
		<feat xlink:href="#sSpan3115" value="N"/>
		<feat xlink:href="#sSpan3117" value="CCIRC"/>
		<feat xlink:href="#sSpan3122" value="PPERS"/>
		<feat xlink:href="#sSpan3124" value="VSTAT"/>
		<feat xlink:href="#sSpan3126" value="PUNCT"/>
		<feat xlink:href="#sSpan3130" value="PREP"/>
		<feat xlink:href="#sSpan3136" value="PPERO"/>
		<feat xlink:href="#sSpan3138" value="APST"/>
		<feat xlink:href="#sSpan3142" value="PPERS"/>
		<feat xlink:href="#sSpan3144" value="V"/>
		<feat xlink:href="#sSpan3147" value="PREP"/>
		<feat xlink:href="#sSpan3151" value="ART"/>
		<feat xlink:href="#sSpan3154" value="N"/>
		<feat xlink:href="#sSpan3156" value="PUNCT"/>
		<feat xlink:href="#sSpan3160" value="APST"/>
		<feat xlink:href="#sSpan3166" value="PPERS"/>
		<feat xlink:href="#sSpan3168" value="V"/>
		<feat xlink:href="#sSpan3170" value="ADV"/>
		<feat xlink:href="#sSpan3174" value="PREP"/>
		<feat xlink:href="#sSpan3179" value="PPOS"/>
		<feat xlink:href="#sSpan3183" value="N"/>
		<feat xlink:href="#sSpan3185" value="PREP"/>
		<feat xlink:href="#sSpan3189" value="ART"/>
		<feat xlink:href="#sSpan3192" value="N"/>
		<feat xlink:href="#sSpan3194" value="PUNCT"/>
		<feat xlink:href="#sSpan3198" value="CONJ"/>
		<feat xlink:href="#sSpan3202" value="APST"/>
		<feat xlink:href="#sSpan3206" value="PPERS"/>
		<feat xlink:href="#sSpan3208" value="V"/>
		<feat xlink:href="#sSpan3210" value="PREP"/>
		<feat xlink:href="#sSpan3214" value="PPOS"/>
		<feat xlink:href="#sSpan3218" value="N"/>
		<feat xlink:href="#sSpan3221" value="PREP"/>
		<feat xlink:href="#sSpan3225" value="N"/>
		<feat xlink:href="#sSpan3228" value="PREP"/>
		<feat xlink:href="#sSpan3232" value="ART"/>
		<feat xlink:href="#sSpan3235" value="N"/>
		<feat xlink:href="#sSpan3237" value="PREP"/>
		<feat xlink:href="#sSpan3242" value="N"/>
		<feat xlink:href="#sSpan3247" value="PREP"/>
		<feat xlink:href="#sSpan3251" value="ART"/>
		<feat xlink:href="#sSpan3254" value="N"/>
		<feat xlink:href="#sSpan3256" value="NPROP"/>
		<feat xlink:href="#sSpan3261" value="PUNCT"/>
		<feat xlink:href="#sSpan3265" value="PPERI"/>
		<feat xlink:href="#sSpan3272" value="PTC"/>
		<feat xlink:href="#sSpan3276" value="APST"/>
		<feat xlink:href="#sSpan3280" value="PPERS"/>
		<feat xlink:href="#sSpan3282" value="V"/>
		<feat xlink:href="#sSpan3284" value="PREP"/>
		<feat xlink:href="#sSpan3288" value="ART"/>
		<feat xlink:href="#sSpan3292" value="N"/>
		<feat xlink:href="#sSpan3294" value="PREP"/>
		<feat xlink:href="#sSpan3299" value="N"/>
		<feat xlink:href="#sSpan3303" value="CCIRC"/>
		<feat xlink:href="#sSpan3307" value="PPERS"/>
		<feat xlink:href="#sSpan3310" value="V"/>
		<feat xlink:href="#sSpan3312" value="ADV"/>
		<feat xlink:href="#sSpan3316" value="PREP"/>
		<feat xlink:href="#sSpan3320" value="ART"/>
		<feat xlink:href="#sSpan3324" value="N"/>
		<feat xlink:href="#sSpan3327" value="N"/>
		<feat xlink:href="#sSpan3331" value="NPROP"/>
		<feat xlink:href="#sSpan3336" value="PUNCT"/>
		<feat xlink:href="#sSpan3340" value="CONJ"/>
		<feat xlink:href="#sSpan3344" value="CPRET"/>
		<feat xlink:href="#sSpan3348" value="ART"/>
		<feat xlink:href="#sSpan3351" value="N"/>
		<feat xlink:href="#sSpan3353" value="PREP"/>
		<feat xlink:href="#sSpan3357" value="N"/>
		<feat xlink:href="#sSpan3359" value="VSTAT"/>
		<feat xlink:href="#sSpan3363" value="PREP"/>
		<feat xlink:href="#sSpan3367" value="PPOS"/>
		<feat xlink:href="#sSpan3372" value="N"/>
		<feat xlink:href="#sSpan3376" value="PREP"/>
		<feat xlink:href="#sSpan3380" value="ART"/>
		<feat xlink:href="#sSpan3383" value="N"/>
		<feat xlink:href="#sSpan3385" value="PUNCT"/>
		<feat xlink:href="#sSpan3389" value="PPERI"/>
		<feat xlink:href="#sSpan3396" value="PTC"/>
		<feat xlink:href="#sSpan3400" value="APST"/>
		<feat xlink:href="#sSpan3404" value="PPERS"/>
		<feat xlink:href="#sSpan3406" value="V"/>
		<feat xlink:href="#sSpan3408" value="PPERO"/>
		<feat xlink:href="#sSpan3411" value="ADV"/>
		<feat xlink:href="#sSpan3417" value="PREP"/>
		<feat xlink:href="#sSpan3421" value="ART"/>
		<feat xlink:href="#sSpan3424" value="N"/>
		<feat xlink:href="#sSpan3426" value="CREL"/>
		<feat xlink:href="#sSpan3430" value="VSTAT"/>
		<feat xlink:href="#sSpan3432" value="PREP"/>
		<feat xlink:href="#sSpan3436" value="PPERO"/>
		<feat xlink:href="#sSpan3438" value="APST"/>
		<feat xlink:href="#sSpan3444" value="PPERS"/>
		<feat xlink:href="#sSpan3446" value="V"/>
		<feat xlink:href="#sSpan3448" value="PREP"/>
		<feat xlink:href="#sSpan3450" value="PPOS"/>
		<feat xlink:href="#sSpan3453" value="N"/>
		<feat xlink:href="#sSpan3455" value="PUNCT"/>
		<feat xlink:href="#sSpan3459" value="PREP"/>
		<feat xlink:href="#sSpan3464" value="ART"/>
		<feat xlink:href="#sSpan3467" value="N"/>
		<feat xlink:href="#sSpan3469" value="PUNCT"/>
		<feat xlink:href="#sSpan3473" value="ART"/>
		<feat xlink:href="#sSpan3478" value="ART"/>
		<feat xlink:href="#sSpan3480" value="N"/>
		<feat xlink:href="#sSpan3483" value="PTC"/>
		<feat xlink:href="#sSpan3487" value="APST"/>
		<feat xlink:href="#sSpan3491" value="PPERS"/>
		<feat xlink:href="#sSpan3493" value="N"/>
		<feat xlink:href="#sSpan3495" value="PPERO"/>
		<feat xlink:href="#sSpan3497" value="PREP"/>
		<feat xlink:href="#sSpan3501" value="PPERO"/>
		<feat xlink:href="#sSpan3503" value="CONJ"/>
		<feat xlink:href="#sSpan3507" value="ANEGOPT"/>
		<feat xlink:href="#sSpan3510" value="PPERS"/>
		<feat xlink:href="#sSpan3512" value="V"/>
		<feat xlink:href="#sSpan3515" value="CCIRC"/>
		<feat xlink:href="#sSpan3519" value="PPERS"/>
		<feat xlink:href="#sSpan3522" value="VSTAT"/>
		<feat xlink:href="#sSpan3525" value="PUNCT"/>
		<feat xlink:href="#sSpan3529" value="APST"/>
		<feat xlink:href="#sSpan3535" value="PPERS"/>
		<feat xlink:href="#sSpan3537" value="V"/>
		<feat xlink:href="#sSpan3540" value="PTC"/>
		<feat xlink:href="#sSpan3544" value="PREP"/>
		<feat xlink:href="#sSpan3548" value="PPOS"/>
		<feat xlink:href="#sSpan3552" value="N"/>
		<feat xlink:href="#sSpan3554" value="PREP"/>
		<feat xlink:href="#sSpan3558" value="ART"/>
		<feat xlink:href="#sSpan3561" value="N"/>
		<feat xlink:href="#sSpan3563" value="PREP"/>
		<feat xlink:href="#sSpan3567" value="ART"/>
		<feat xlink:href="#sSpan3570" value="N"/>
		<feat xlink:href="#sSpan3572" value="PREP"/>
		<feat xlink:href="#sSpan3576" value="ART"/>
		<feat xlink:href="#sSpan3579" value="N"/>
		<feat xlink:href="#sSpan3581" value="APST"/>
		<feat xlink:href="#sSpan3587" value="PPERS"/>
		<feat xlink:href="#sSpan3589" value="V"/>
		<feat xlink:href="#sSpan3591" value="PREP"/>
		<feat xlink:href="#sSpan3595" value="ART"/>
		<feat xlink:href="#sSpan3598" value="N"/>
		<feat xlink:href="#sSpan3600" value="PREP"/>
		<feat xlink:href="#sSpan3605" value="ART"/>
		<feat xlink:href="#sSpan3608" value="N"/>
		<feat xlink:href="#sSpan3611" value="PREP"/>
		<feat xlink:href="#sSpan3616" value="N"/>
		<feat xlink:href="#sSpan3618" value="CCIRC"/>
		<feat xlink:href="#sSpan3622" value="PPERS"/>
		<feat xlink:href="#sSpan3624" value="V"/>
		<feat xlink:href="#sSpan3626" value="CONJ"/>
		<feat xlink:href="#sSpan3630" value="CCIRC"/>
		<feat xlink:href="#sSpan3634" value="PPERS"/>
		<feat xlink:href="#sSpan3636" value="V"/>
		<feat xlink:href="#sSpan3639" value="ADV"/>
		<feat xlink:href="#sSpan3643" value="CONJ"/>
		<feat xlink:href="#sSpan3649" value="PTC"/>
		<feat xlink:href="#sSpan3651" value="PUNCT"/>
		<feat xlink:href="#sSpan3655" value="APST"/>
		<feat xlink:href="#sSpan3664" value="PPERS"/>
		<feat xlink:href="#sSpan3666" value="V"/>
		<feat xlink:href="#sSpan3669" value="PTC"/>
		<feat xlink:href="#sSpan3673" value="PREP"/>
		<feat xlink:href="#sSpan3677" value="PPOS"/>
		<feat xlink:href="#sSpan3680" value="N"/>
		<feat xlink:href="#sSpan3682" value="ADV"/>
		<feat xlink:href="#sSpan3686" value="PREP"/>
		<feat xlink:href="#sSpan3690" value="PPERO"/>
		<feat xlink:href="#sSpan3692" value="PUNCT"/>
		<feat xlink:href="#sSpan3696" value="CONJ"/>
		<feat xlink:href="#sSpan3700" value="APST"/>
		<feat xlink:href="#sSpan3704" value="PPERS"/>
		<feat xlink:href="#sSpan3706" value="V"/>
		<feat xlink:href="#sSpan3708" value="PREP"/>
		<feat xlink:href="#sSpan3712" value="ART"/>
		<feat xlink:href="#sSpan3716" value="N"/>
		<feat xlink:href="#sSpan3718" value="PREP"/>
		<feat xlink:href="#sSpan3722" value="N"/>
		<feat xlink:href="#sSpan3724" value="PUNCT"/>
		<feat xlink:href="#sSpan3728" value="ADV"/>
		<feat xlink:href="#sSpan3732" value="PREP"/>
		<feat xlink:href="#sSpan3736" value="PPERO"/>
		<feat xlink:href="#sSpan3738" value="APST"/>
		<feat xlink:href="#sSpan3744" value="PPERS"/>
		<feat xlink:href="#sSpan3746" value="V"/>
		<feat xlink:href="#sSpan3749" value="N_PPERO"/>
		<feat xlink:href="#sSpan3751" value="APST"/>
		<feat xlink:href="#sSpan3757" value="PPERS"/>
		<feat xlink:href="#sSpan3759" value="V"/>
		<feat xlink:href="#sSpan3761" value="PUNCT"/>
		<feat xlink:href="#sSpan3765" value="ART"/>
		<feat xlink:href="#sSpan3772" value="N"/>
		<feat xlink:href="#sSpan3776" value="PUNCT"/>
		<feat xlink:href="#sSpan3780" value="CONJ"/>
		<feat xlink:href="#sSpan3784" value="PREP"/>
		<feat xlink:href="#sSpan3788" value="ART"/>
		<feat xlink:href="#sSpan3790" value="N"/>
		<feat xlink:href="#sSpan3792" value="APST"/>
		<feat xlink:href="#sSpan3796" value="ART"/>
		<feat xlink:href="#sSpan3799" value="N"/>
		<feat xlink:href="#sSpan3801" value="V"/>
		<feat xlink:href="#sSpan3805" value="PUNCT"/>
		<feat xlink:href="#sSpan3809" value="PPERI"/>
		<feat xlink:href="#sSpan3817" value="PTC"/>
		<feat xlink:href="#sSpan3821" value="APST"/>
		<feat xlink:href="#sSpan3825" value="PPERS"/>
		<feat xlink:href="#sSpan3828" value="V"/>
		<feat xlink:href="#sSpan3831" value="ADV"/>
		<feat xlink:href="#sSpan3835" value="PUNCT"/>
		<feat xlink:href="#sSpan3839" value="PREP"/>
		<feat xlink:href="#sSpan3843" value="ART"/>
		<feat xlink:href="#sSpan3846" value="CREL"/>
		<feat xlink:href="#sSpan3848" value="APST"/>
		<feat xlink:href="#sSpan3850" value="PPERS"/>
		<feat xlink:href="#sSpan3852" value="V"/>
		<feat xlink:href="#sSpan3854" value="PUNCT"/>
		<feat xlink:href="#sSpan3858" value="APST"/>
		<feat xlink:href="#sSpan3865" value="PPERS"/>
		<feat xlink:href="#sSpan3867" value="V"/>
		<feat xlink:href="#sSpan3869" value="PREP"/>
		<feat xlink:href="#sSpan3873" value="ART"/>
		<feat xlink:href="#sSpan3876" value="CREL"/>
		<feat xlink:href="#sSpan3878" value="APST"/>
		<feat xlink:href="#sSpan3880" value="PPERS"/>
		<feat xlink:href="#sSpan3882" value="V"/>
		<feat xlink:href="#sSpan3884" value="PREP"/>
		<feat xlink:href="#sSpan3888" value="ART"/>
		<feat xlink:href="#sSpan3891" value="N"/>
		<feat xlink:href="#sSpan3893" value="PUNCT"/>
		<feat xlink:href="#sSpan3897" value="CONJ"/>
		<feat xlink:href="#sSpan3901" value="APST"/>
		<feat xlink:href="#sSpan3905" value="PPERS"/>
		<feat xlink:href="#sSpan3907" value="V"/>
		<feat xlink:href="#sSpan3909" value="PREP"/>
		<feat xlink:href="#sSpan3914" value="ART"/>
		<feat xlink:href="#sSpan3917" value="N"/>
		<feat xlink:href="#sSpan3919" value="CREL"/>
		<feat xlink:href="#sSpan3923" value="APST"/>
		<feat xlink:href="#sSpan3925" value="PPERS"/>
		<feat xlink:href="#sSpan3927" value="V"/>
		<feat xlink:href="#sSpan3929" value="PREP"/>
		<feat xlink:href="#sSpan3933" value="PPERO"/>
		<feat xlink:href="#sSpan3935" value="PUNCT"/>
		<feat xlink:href="#sSpan3939" value="APREC"/>
		<feat xlink:href="#sSpan3945" value="PPERS"/>
		<feat xlink:href="#sSpan3947" value="V"/>
		<feat xlink:href="#sSpan3950" value="PTC"/>
		<feat xlink:href="#sSpan3954" value="CONJ"/>
		<feat xlink:href="#sSpan3958" value="NEG"/>
		<feat xlink:href="#sSpan3961" value="ART"/>
		<feat xlink:href="#sSpan3964" value="N"/>
		<feat xlink:href="#sSpan3966" value="NEG"/>
		<feat xlink:href="#sSpan3970" value="PREP"/>
		<feat xlink:href="#sSpan3974" value="ART"/>
		<feat xlink:href="#sSpan3977" value="N"/>
		<feat xlink:href="#sSpan3979" value="COP"/>
		<feat xlink:href="#sSpan3983" value="PREP"/>
		<feat xlink:href="#sSpan3987" value="ACAUS"/>
		<feat xlink:href="#sSpan3989" value="PPERS"/>
		<feat xlink:href="#sSpan3991" value="V"/>
		<feat xlink:href="#sSpan3993" value="PREP"/>
		<feat xlink:href="#sSpan3997" value="PDEM"/>
		<feat xlink:href="#sSpan4000" value="N"/>
		<feat xlink:href="#sSpan4002" value="PUNCT"/>
		<feat xlink:href="#sSpan4006" value="APST"/>
		<feat xlink:href="#sSpan4011" value="PPERS"/>
		<feat xlink:href="#sSpan4013" value="V"/>
		<feat xlink:href="#sSpan4015" value="N_PPERO"/>
		<feat xlink:href="#sSpan4018" value="ADV"/>
		<feat xlink:href="#sSpan4022" value="APST"/>
		<feat xlink:href="#sSpan4028" value="PPERS"/>
		<feat xlink:href="#sSpan4030" value="V"/>
		<feat xlink:href="#sSpan4032" value="ADV"/>
		<feat xlink:href="#sSpan4036" value="PREP"/>
		<feat xlink:href="#sSpan4040" value="ART"/>
		<feat xlink:href="#sSpan4043" value="N"/>
		<feat xlink:href="#sSpan4045" value="PUNCT"/>
		<feat xlink:href="#sSpan4049" value="CONJ"/>
		<feat xlink:href="#sSpan4053" value="PTC"/>
		<feat xlink:href="#sSpan4058" value="ART"/>
		<feat xlink:href="#sSpan4061" value="N"/>
		<feat xlink:href="#sSpan4063" value="CREL"/>
		<feat xlink:href="#sSpan4067" value="APST"/>
		<feat xlink:href="#sSpan4069" value="PPERS"/>
		<feat xlink:href="#sSpan4071" value="V"/>
		<feat xlink:href="#sSpan4073" value="PREP"/>
		<feat xlink:href="#sSpan4077" value="PPERO"/>
		<feat xlink:href="#sSpan4079" value="PREP"/>
		<feat xlink:href="#sSpan4083" value="N"/>
		<feat xlink:href="#sSpan4085" value="APST"/>
		<feat xlink:href="#sSpan4089" value="PPERS"/>
		<feat xlink:href="#sSpan4092" value="V"/>
		<feat xlink:href="#sSpan4095" value="PREP"/>
		<feat xlink:href="#sSpan4100" value="PPERO"/>
		<feat xlink:href="#sSpan4102" value="PUNCT"/>
		<feat xlink:href="#sSpan4106" value="APST"/>
		<feat xlink:href="#sSpan4110" value="PPERS"/>
		<feat xlink:href="#sSpan4112" value="V"/>
		<feat xlink:href="#sSpan4114" value="ADV"/>
		<feat xlink:href="#sSpan4118" value="PREP"/>
		<feat xlink:href="#sSpan4122" value="PPERO"/>
		<feat xlink:href="#sSpan4124" value="PREP"/>
		<feat xlink:href="#sSpan4128" value="ART"/>
		<feat xlink:href="#sSpan4130" value="N"/>
		<feat xlink:href="#sSpan4132" value="PREP"/>
		<feat xlink:href="#sSpan4136" value="ART"/>
		<feat xlink:href="#sSpan4139" value="N"/>
		<feat xlink:href="#sSpan4141" value="PUNCT"/>
		<feat xlink:href="#sSpan4145" value="VBD"/>
		<feat xlink:href="#sSpan4151" value="PPERS"/>
		<feat xlink:href="#sSpan4153" value="PREP"/>
		<feat xlink:href="#sSpan4158" value="PPERO"/>
		<feat xlink:href="#sSpan4160" value="PUNCT"/>
		<feat xlink:href="#sSpan4164" value="CONJ"/>
		<feat xlink:href="#sSpan4168" value="PPOS"/>
		<feat xlink:href="#sSpan4171" value="ART"/>
		<feat xlink:href="#sSpan4174" value="N"/>
		<feat xlink:href="#sSpan4176" value="APST"/>
		<feat xlink:href="#sSpan4180" value="PPOS"/>
		<feat xlink:href="#sSpan4183" value="N"/>
		<feat xlink:href="#sSpan4185" value="V"/>
		<feat xlink:href="#sSpan4189" value="PPERO"/>
		<feat xlink:href="#sSpan4191" value="PREP"/>
		<feat xlink:href="#sSpan4195" value="ART"/>
		<feat xlink:href="#sSpan4198" value="N"/>
		<feat xlink:href="#sSpan4200" value="CONJ"/>
		<feat xlink:href="#sSpan4204" value="PPERS"/>
		<feat xlink:href="#sSpan4207" value="VSTAT"/>
		<feat xlink:href="#sSpan4209" value="PREP"/>
		<feat xlink:href="#sSpan4213" value="PPERO"/>
		<feat xlink:href="#sSpan4215" value="PREP"/>
		<feat xlink:href="#sSpan4219" value="PDEM"/>
		<feat xlink:href="#sSpan4222" value="N"/>
		<feat xlink:href="#sSpan4224" value="PUNCT"/>
		<feat xlink:href="#sSpan4228" value="PTC"/>
		<feat xlink:href="#sSpan4234" value="NUM"/>
		<feat xlink:href="#sSpan4237" value="PREP"/>
		<feat xlink:href="#sSpan4241" value="N"/>
		<feat xlink:href="#sSpan4243" value="ANEGPST"/>
		<feat xlink:href="#sSpan4247" value="PPERS"/>
		<feat xlink:href="#sSpan4249" value="V"/>
		<feat xlink:href="#sSpan4252" value="PREP"/>
		<feat xlink:href="#sSpan4256" value="N"/>
		<feat xlink:href="#sSpan4260" value="CONJ"/>
		<feat xlink:href="#sSpan4264" value="PPERI"/>
		<feat xlink:href="#sSpan4268" value="IMOD"/>
		<feat xlink:href="#sSpan4272" value="PPERO"/>
		<feat xlink:href="#sSpan4274" value="PUNCT"/>
		<feat xlink:href="#sSpan4278" value="APREC"/>
		<feat xlink:href="#sSpan4284" value="PPERS"/>
		<feat xlink:href="#sSpan4286" value="V"/>
		<feat xlink:href="#sSpan4289" value="PTC"/>
		<feat xlink:href="#sSpan4294" value="PREP"/>
		<feat xlink:href="#sSpan4298" value="V"/>
		<feat xlink:href="#sSpan4300" value="PREP"/>
		<feat xlink:href="#sSpan4304" value="PPOS"/>
		<feat xlink:href="#sSpan4306" value="N"/>
		<feat xlink:href="#sSpan4308" value="PUNCT"/>
		<feat xlink:href="#sSpan4313" value="ADV"/>
		<feat xlink:href="#sSpan4321" value="VBD"/>
		<feat xlink:href="#sSpan4325" value="PPERS"/>
		<feat xlink:href="#sSpan4327" value="PREP"/>
		<feat xlink:href="#sSpan4331" value="PPERO"/>
		<feat xlink:href="#sSpan4333" value="CONJ"/>
		<feat xlink:href="#sSpan4338" value="PTC"/>
		<feat xlink:href="#sSpan4340" value="PPOS"/>
		<feat xlink:href="#sSpan4345" value="N"/>
		<feat xlink:href="#sSpan4347" value="PUNCT"/>
		<feat xlink:href="#sSpan4351" value="V"/>
		<feat xlink:href="#sSpan4355" value="PPOS"/>
		<feat xlink:href="#sSpan4358" value="N"/>
		<feat xlink:href="#sSpan4360" value="PREP"/>
		<feat xlink:href="#sSpan4364" value="ART"/>
		<feat xlink:href="#sSpan4367" value="N"/>
		<feat xlink:href="#sSpan4369" value="PREP"/>
		<feat xlink:href="#sSpan4373" value="N"/>
		<feat xlink:href="#sSpan4376" value="CONJ"/>
		<feat xlink:href="#sSpan4380" value="CFOC"/>
		<feat xlink:href="#sSpan4382" value="APST"/>
		<feat xlink:href="#sSpan4384" value="PPERS"/>
		<feat xlink:href="#sSpan4386" value="V"/>
		<feat xlink:href="#sSpan4388" value="PREP"/>
		<feat xlink:href="#sSpan4392" value="ART"/>
		<feat xlink:href="#sSpan4395" value="N"/>
		<feat xlink:href="#sSpan4397" value="CCIRC"/>
		<feat xlink:href="#sSpan4401" value="PPERS"/>
		<feat xlink:href="#sSpan4403" value="VSTAT"/>
		<feat xlink:href="#sSpan4405" value="PUNCT"/>
		<feat xlink:href="#sSpan4409" value="APST"/>
		<feat xlink:href="#sSpan4416" value="ART"/>
		<feat xlink:href="#sSpan4419" value="N"/>
		<feat xlink:href="#sSpan4422" value="PTC"/>
		<feat xlink:href="#sSpan4426" value="V"/>
		<feat xlink:href="#sSpan4430" value="PPERO"/>
		<feat xlink:href="#sSpan4432" value="PREP"/>
		<feat xlink:href="#sSpan4436" value="ACAUS"/>
		<feat xlink:href="#sSpan4438" value="PPERS"/>
		<feat xlink:href="#sSpan4440" value="V"/>
		<feat xlink:href="#sSpan4442" value="PREP"/>
		<feat xlink:href="#sSpan4446" value="PPOS"/>
		<feat xlink:href="#sSpan4448" value="N"/>
		<feat xlink:href="#sSpan4451" value="PUNCT"/>
		<feat xlink:href="#sSpan4455" value="PREP"/>
		<feat xlink:href="#sSpan4459" value="ART"/>
		<feat xlink:href="#sSpan4463" value="N"/>
		<feat xlink:href="#sSpan4465" value="PUNCT"/>
		<feat xlink:href="#sSpan4469" value="PPERS"/>
		<feat xlink:href="#sSpan4475" value="V"/>
		<feat xlink:href="#sSpan4478" value="PTC"/>
		<feat xlink:href="#sSpan4482" value="PREP"/>
		<feat xlink:href="#sSpan4486" value="PPERO"/>
		<feat xlink:href="#sSpan4488" value="PUNCT"/>
		<feat xlink:href="#sSpan4493" value="PTC"/>
		<feat xlink:href="#sSpan4497" value="PPOS"/>
		<feat xlink:href="#sSpan4502" value="N"/>
		<feat xlink:href="#sSpan4504" value="PREP"/>
		<feat xlink:href="#sSpan4508" value="N"/>
		<feat xlink:href="#sSpan4511" value="PUNCT"/>
		<feat xlink:href="#sSpan4515" value="ART"/>
		<feat xlink:href="#sSpan4523" value="N"/>
		<feat xlink:href="#sSpan4526" value="PTC"/>
		<feat xlink:href="#sSpan4530" value="ART"/>
		<feat xlink:href="#sSpan4534" value="N"/>
		<feat xlink:href="#sSpan4536" value="PREP"/>
		<feat xlink:href="#sSpan4540" value="PPOS"/>
		<feat xlink:href="#sSpan4542" value="N"/>
		<feat xlink:href="#sSpan4544" value="PUNCT"/>
		<feat xlink:href="#sSpan4548" value="PTC"/>
		<feat xlink:href="#sSpan4553" value="N"/>
		<feat xlink:href="#sSpan4556" value="PUNCT"/>
		<feat xlink:href="#sSpan4560" value="APST"/>
		<feat xlink:href="#sSpan4564" value="PPERS"/>
		<feat xlink:href="#sSpan4566" value="V"/>
		<feat xlink:href="#sSpan4569" value="ADV"/>
		<feat xlink:href="#sSpan4573" value="PREP"/>
		<feat xlink:href="#sSpan4577" value="NUM"/>
		<feat xlink:href="#sSpan4580" value="PREP"/>
		<feat xlink:href="#sSpan4584" value="N"/>
		<feat xlink:href="#sSpan4586" value="PUNCT"/>
		<feat xlink:href="#sSpan4590" value="CCIRC"/>
		<feat xlink:href="#sSpan4594" value="PPERS"/>
		<feat xlink:href="#sSpan4596" value="VSTAT"/>
		<feat xlink:href="#sSpan4598" value="CONJ"/>
		<feat xlink:href="#sSpan4603" value="CCIRC"/>
		<feat xlink:href="#sSpan4607" value="PPERS"/>
		<feat xlink:href="#sSpan4609" value="VSTAT"/>
		<feat xlink:href="#sSpan4612" value="CONJ"/>
		<feat xlink:href="#sSpan4616" value="CONJ"/>
		<feat xlink:href="#sSpan4620" value="CREL"/>
		<feat xlink:href="#sSpan4622" value="APST"/>
		<feat xlink:href="#sSpan4624" value="PPERS"/>
		<feat xlink:href="#sSpan4626" value="V"/>
		<feat xlink:href="#sSpan4628" value="PPERO"/>
		<feat xlink:href="#sSpan4630" value="PREP"/>
		<feat xlink:href="#sSpan4634" value="ART"/>
		<feat xlink:href="#sSpan4637" value="N"/>
		<feat xlink:href="#sSpan4639" value="PUNCT"/>
		<feat xlink:href="#sSpan4643" value="PREP"/>
		<feat xlink:href="#sSpan4650" value="ART"/>
		<feat xlink:href="#sSpan4652" value="N"/>
		<feat xlink:href="#sSpan4654" value="APST"/>
		<feat xlink:href="#sSpan4658" value="PPERS"/>
		<feat xlink:href="#sSpan4660" value="V"/>
		<feat xlink:href="#sSpan4663" value="PTC"/>
		<feat xlink:href="#sSpan4667" value="ADV"/>
		<feat xlink:href="#sSpan4671" value="PREP"/>
		<feat xlink:href="#sSpan4675" value="ART"/>
		<feat xlink:href="#sSpan4678" value="N"/>
		<feat xlink:href="#sSpan4680" value="CCIRC"/>
		<feat xlink:href="#sSpan4684" value="AAOR"/>
		<feat xlink:href="#sSpan4686" value="PPERS"/>
		<feat xlink:href="#sSpan4688" value="V"/>
		<feat xlink:href="#sSpan4690" value="PPERO"/>
		<feat xlink:href="#sSpan4692" value="APST"/>
		<feat xlink:href="#sSpan4699" value="PPERS"/>
		<feat xlink:href="#sSpan4701" value="V"/>
		<feat xlink:href="#sSpan4704" value="PTC"/>
		<feat xlink:href="#sSpan4708" value="APST"/>
		<feat xlink:href="#sSpan4712" value="PPERS"/>
		<feat xlink:href="#sSpan4714" value="V"/>
		<feat xlink:href="#sSpan4716" value="PREP"/>
		<feat xlink:href="#sSpan4720" value="PPOS"/>
		<feat xlink:href="#sSpan4722" value="N"/>
		<feat xlink:href="#sSpan4724" value="PUNCT"/>
		<feat xlink:href="#sSpan4728" value="CONJ"/>
		<feat xlink:href="#sSpan4734" value="VBD"/>
		<feat xlink:href="#sSpan4738" value="PPERS"/>
		<feat xlink:href="#sSpan4740" value="PREP"/>
		<feat xlink:href="#sSpan4745" value="PPERO"/>
		<feat xlink:href="#sSpan4747" value="CONJ"/>
		<feat xlink:href="#sSpan4751" value="PTC"/>
		<feat xlink:href="#sSpan4753" value="ART"/>
		<feat xlink:href="#sSpan4759" value="NUM"/>
		<feat xlink:href="#sSpan4762" value="PREP"/>
		<feat xlink:href="#sSpan4766" value="N"/>
		<feat xlink:href="#sSpan4768" value="CONJ"/>
		<feat xlink:href="#sSpan4772" value="CREL"/>
		<feat xlink:href="#sSpan4774" value="APST"/>
		<feat xlink:href="#sSpan4776" value="PPERS"/>
		<feat xlink:href="#sSpan4778" value="V"/>
		<feat xlink:href="#sSpan4781" value="PREP"/>
		<feat xlink:href="#sSpan4785" value="PDEM"/>
		<feat xlink:href="#sSpan4788" value="N"/>
		<feat xlink:href="#sSpan4791" value="NUM"/>
		<feat xlink:href="#sSpan4798" value="PREP"/>
		<feat xlink:href="#sSpan4802" value="N"/>
		<feat xlink:href="#sSpan4804" value="ART"/>
		<feat xlink:href="#sSpan4808" value="CREL"/>
		<feat xlink:href="#sSpan4810" value="VSTAT"/>
		<feat xlink:href="#sSpan4812" value="PREP"/>
		<feat xlink:href="#sSpan4816" value="PPERO"/>
		<feat xlink:href="#sSpan4818" value="PREP"/>
		<feat xlink:href="#sSpan4822" value="N"/>
		<feat xlink:href="#sSpan4825" value="PUNCT"/>
		<feat xlink:href="#sSpan4829" value="CCIRC"/>
		<feat xlink:href="#sSpan4834" value="PPERS"/>
		<feat xlink:href="#sSpan4836" value="V"/>
		<feat xlink:href="#sSpan4839" value="PREP"/>
		<feat xlink:href="#sSpan4843" value="PPERO"/>
		<feat xlink:href="#sSpan4845" value="PREP"/>
		<feat xlink:href="#sSpan4849" value="PPERO"/>
		<feat xlink:href="#sSpan4851" value="ADV"/>
		<feat xlink:href="#sSpan4855" value="PREP"/>
		<feat xlink:href="#sSpan4859" value="ART"/>
		<feat xlink:href="#sSpan4862" value="N"/>
		<feat xlink:href="#sSpan4864" value="PUNCT"/>
		<feat xlink:href="#sSpan4868" value="APREC"/>
		<feat xlink:href="#sSpan4874" value="PPERS"/>
		<feat xlink:href="#sSpan4877" value="V"/>
		<feat xlink:href="#sSpan4880" value="PTC"/>
		<feat xlink:href="#sSpan4884" value="PREP"/>
		<feat xlink:href="#sSpan4888" value="PPERO"/>
		<feat xlink:href="#sSpan4890" value="PREP"/>
		<feat xlink:href="#sSpan4894" value="ART"/>
		<feat xlink:href="#sSpan4897" value="N"/>
		<feat xlink:href="#sSpan4899" value="PREP"/>
		<feat xlink:href="#sSpan4903" value="N"/>
		<feat xlink:href="#sSpan4906" value="APST"/>
		<feat xlink:href="#sSpan4910" value="PPERS"/>
		<feat xlink:href="#sSpan4912" value="V"/>
		<feat xlink:href="#sSpan4914" value="PPERO"/>
		<feat xlink:href="#sSpan4916" value="PREP"/>
		<feat xlink:href="#sSpan4920" value="PPERO"/>
		<feat xlink:href="#sSpan4922" value="PUNCT"/>
		<feat xlink:href="#sSpan4926" value="CONJ"/>
		<feat xlink:href="#sSpan4932" value="CCIRC"/>
		<feat xlink:href="#sSpan4937" value="EXIST"/>
		<feat xlink:href="#sSpan4939" value="V"/>
		<feat xlink:href="#sSpan4941" value="ADV"/>
		<feat xlink:href="#sSpan4945" value="CONJ"/>
		<feat xlink:href="#sSpan4949" value="CFOC"/>
		<feat xlink:href="#sSpan4951" value="APST"/>
		<feat xlink:href="#sSpan4953" value="PPERS"/>
		<feat xlink:href="#sSpan4955" value="V"/>
		<feat xlink:href="#sSpan4957" value="ADV"/>
		<feat xlink:href="#sSpan4962" value="CONJ"/>
		<feat xlink:href="#sSpan4966" value="PPERS"/>
		<feat xlink:href="#sSpan4970" value="VSTAT"/>
		<feat xlink:href="#sSpan4973" value="ADV"/>
		<feat xlink:href="#sSpan4978" value="PREP"/>
		<feat xlink:href="#sSpan4982" value="N"/>
		<feat xlink:href="#sSpan4984" value="PREP"/>
		<feat xlink:href="#sSpan4988" value="PPERO"/>
		<feat xlink:href="#sSpan4990" value="CCIRC"/>
		<feat xlink:href="#sSpan4994" value="PPERS"/>
		<feat xlink:href="#sSpan4996" value="VSTAT"/>
		<feat xlink:href="#sSpan4998" value="ADV"/>
		<feat xlink:href="#sSpan5002" value="PUNCT"/>
		<feat xlink:href="#sSpan5006" value="APREC"/>
		<feat xlink:href="#sSpan5012" value="PPERS"/>
		<feat xlink:href="#sSpan5014" value="V"/>
		<feat xlink:href="#sSpan5017" value="PTC"/>
		<feat xlink:href="#sSpan5021" value="PREP"/>
		<feat xlink:href="#sSpan5026" value="V"/>
		<feat xlink:href="#sSpan5028" value="PREP"/>
		<feat xlink:href="#sSpan5032" value="PPOS"/>
		<feat xlink:href="#sSpan5034" value="N"/>
		<feat xlink:href="#sSpan5036" value="APST"/>
		<feat xlink:href="#sSpan5040" value="PPERS"/>
		<feat xlink:href="#sSpan5042" value="V"/>
		<feat xlink:href="#sSpan5044" value="ART"/>
		<feat xlink:href="#sSpan5047" value="N"/>
		<feat xlink:href="#sSpan5049" value="IMOD"/>
		<feat xlink:href="#sSpan5053" value="PPERO"/>
		<feat xlink:href="#sSpan5055" value="PREP"/>
		<feat xlink:href="#sSpan5059" value="N"/>
		<feat xlink:href="#sSpan5062" value="PREP"/>
		<feat xlink:href="#sSpan5067" value="N"/>
		<feat xlink:href="#sSpan5070" value="PUNCT"/>
		<feat xlink:href="#sSpan5074" value="N"/>
		<feat xlink:href="#sSpan5082" value="PTC"/>
		<feat xlink:href="#sSpan5086" value="APREC"/>
		<feat xlink:href="#sSpan5090" value="PPERS"/>
		<feat xlink:href="#sSpan5092" value="V"/>
		<feat xlink:href="#sSpan5094" value="PUNCT"/>
		<feat xlink:href="#sSpan5098" value="APST"/>
		<feat xlink:href="#sSpan5102" value="PPERS"/>
		<feat xlink:href="#sSpan5105" value="V"/>
		<feat xlink:href="#sSpan5108" value="PREP"/>
		<feat xlink:href="#sSpan5113" value="PPERO"/>
		<feat xlink:href="#sSpan5115" value="PREP"/>
		<feat xlink:href="#sSpan5119" value="ACAUS"/>
		<feat xlink:href="#sSpan5121" value="PPERS"/>
		<feat xlink:href="#sSpan5123" value="V"/>
		<feat xlink:href="#sSpan5125" value="PPERO"/>
		<feat xlink:href="#sSpan5127" value="PREP"/>
		<feat xlink:href="#sSpan5131" value="PPERO"/>
		<feat xlink:href="#sSpan5133" value="PREP"/>
		<feat xlink:href="#sSpan5137" value="ART"/>
		<feat xlink:href="#sSpan5140" value="N"/>
		<feat xlink:href="#sSpan5142" value="PREP"/>
		<feat xlink:href="#sSpan5147" value="PPOS"/>
		<feat xlink:href="#sSpan5150" value="N"/>
		<feat xlink:href="#sSpan5152" value="PUNCT"/>
		<feat xlink:href="#sSpan5156" value="VBD"/>
		<feat xlink:href="#sSpan5164" value="PPERS"/>
		<feat xlink:href="#sSpan5166" value="PREP"/>
		<feat xlink:href="#sSpan5170" value="PPERO"/>
		<feat xlink:href="#sSpan5172" value="CONJ"/>
		<feat xlink:href="#sSpan5177" value="PTC"/>
		<feat xlink:href="#sSpan5179" value="PPOS"/>
		<feat xlink:href="#sSpan5184" value="N"/>
		<feat xlink:href="#sSpan5186" value="PREP"/>
		<feat xlink:href="#sSpan5190" value="ART"/>
		<feat xlink:href="#sSpan5193" value="N"/>
		<feat xlink:href="#sSpan5195" value="PUNCT"/>
		<feat xlink:href="#sSpan5199" value="V"/>
		<feat xlink:href="#sSpan5203" value="PREP"/>
		<feat xlink:href="#sSpan5207" value="PPERO"/>
		<feat xlink:href="#sSpan5209" value="NEG"/>
		<feat xlink:href="#sSpan5213" value="ADV"/>
		<feat xlink:href="#sSpan5219" value="PREP"/>
		<feat xlink:href="#sSpan5223" value="ACAUS"/>
		<feat xlink:href="#sSpan5225" value="PPERS"/>
		<feat xlink:href="#sSpan5227" value="V"/>
		<feat xlink:href="#sSpan5229" value="PREP"/>
		<feat xlink:href="#sSpan5233" value="PDEM"/>
		<feat xlink:href="#sSpan5236" value="N"/>
		<feat xlink:href="#sSpan5238" value="PUNCT"/>
		<feat xlink:href="#sSpan5243" value="CONJ"/>
		<feat xlink:href="#sSpan5249" value="V"/>
		<feat xlink:href="#sSpan5253" value="ACONJ"/>
		<feat xlink:href="#sSpan5257" value="PPERS"/>
		<feat xlink:href="#sSpan5259" value="V"/>
		<feat xlink:href="#sSpan5262" value="PREP"/>
		<feat xlink:href="#sSpan5267" value="NPROP"/>
		<feat xlink:href="#sSpan5270" value="PUNCT"/>
		<feat xlink:href="#sSpan5274" value="ACONJ"/>
		<feat xlink:href="#sSpan5278" value="PPERS"/>
		<feat xlink:href="#sSpan5280" value="V"/>
		<feat xlink:href="#sSpan5282" value="PREP"/>
		<feat xlink:href="#sSpan5286" value="ART"/>
		<feat xlink:href="#sSpan5289" value="CREL"/>
		<feat xlink:href="#sSpan5291" value="APST"/>
		<feat xlink:href="#sSpan5293" value="PPERS"/>
		<feat xlink:href="#sSpan5295" value="V"/>
		<feat xlink:href="#sSpan5297" value="PREP"/>
		<feat xlink:href="#sSpan5301" value="PPERO"/>
		<feat xlink:href="#sSpan5303" value="PUNCT"/>
		<feat xlink:href="#sSpan5307" value="PREP"/>
		<feat xlink:href="#sSpan5311" value="ART"/>
		<feat xlink:href="#sSpan5314" value="N"/>
		<feat xlink:href="#sSpan5316" value="PREP"/>
		<feat xlink:href="#sSpan5321" value="ART"/>
		<feat xlink:href="#sSpan5325" value="N"/>
		<feat xlink:href="#sSpan5329" value="PREP"/>
		<feat xlink:href="#sSpan5333" value="PPERO"/>
		<feat xlink:href="#sSpan5335" value="PUNCT"/>
		<feat xlink:href="#sSpan5339" value="CONJ"/>
		<feat xlink:href="#sSpan5343" value="PREP"/>
		<feat xlink:href="#sSpan5347" value="ART"/>
		<feat xlink:href="#sSpan5350" value="N"/>
		<feat xlink:href="#sSpan5352" value="PREP"/>
		<feat xlink:href="#sSpan5356" value="ART"/>
		<feat xlink:href="#sSpan5359" value="CREL"/>
		<feat xlink:href="#sSpan5361" value="V"/>
		<feat xlink:href="#sSpan5363" value="PUNCT"/>
		<feat xlink:href="#sSpan5367" value="PPERI"/>
		<feat xlink:href="#sSpan5374" value="PTC"/>
		<feat xlink:href="#sSpan5379" value="APST"/>
		<feat xlink:href="#sSpan5383" value="PPERS"/>
		<feat xlink:href="#sSpan5386" value="V"/>
		<feat xlink:href="#sSpan5388" value="PREP"/>
		<feat xlink:href="#sSpan5392" value="PPERO"/>
		<feat xlink:href="#sSpan5394" value="PREP"/>
		<feat xlink:href="#sSpan5398" value="ACAUS"/>
		<feat xlink:href="#sSpan5400" value="PPERS"/>
		<feat xlink:href="#sSpan5402" value="V"/>
		<feat xlink:href="#sSpan5404" value="PREP"/>
		<feat xlink:href="#sSpan5408" value="PPERO"/>
		<feat xlink:href="#sSpan5410" value="PREP"/>
		<feat xlink:href="#sSpan5414" value="PPOS"/>
		<feat xlink:href="#sSpan5417" value="N"/>
		<feat xlink:href="#sSpan5420" value="PPERI"/>
		<feat xlink:href="#sSpan5425" value="PTC"/>
		<feat xlink:href="#sSpan5429" value="ANEGPST"/>
		<feat xlink:href="#sSpan5433" value="PPERS"/>
		<feat xlink:href="#sSpan5436" value="V"/>
		<feat xlink:href="#sSpan5438" value="PREP"/>
		<feat xlink:href="#sSpan5442" value="V"/>
		<feat xlink:href="#sSpan5444" value="PPERO"/>
		<feat xlink:href="#sSpan5446" value="PREP"/>
		<feat xlink:href="#sSpan5450" value="PPERO"/>
		<feat xlink:href="#sSpan5452" value="PUNCT"/>
		<feat xlink:href="#sSpan5456" value="APST"/>
		<feat xlink:href="#sSpan5463" value="PPERS"/>
		<feat xlink:href="#sSpan5466" value="V"/>
		<feat xlink:href="#sSpan5468" value="PREP"/>
		<feat xlink:href="#sSpan5472" value="PPERO"/>
		<feat xlink:href="#sSpan5474" value="CONJ"/>
		<feat xlink:href="#sSpan5478" value="ADV"/>
		<feat xlink:href="#sSpan5482" value="ANEGPST"/>
		<feat xlink:href="#sSpan5486" value="PPERS"/>
		<feat xlink:href="#sSpan5488" value="V"/>
		<feat xlink:href="#sSpan5490" value="PREP"/>
		<feat xlink:href="#sSpan5494" value="PPERO"/>
		<feat xlink:href="#sSpan5496" value="PREP"/>
		<feat xlink:href="#sSpan5500" value="PPOS"/>
		<feat xlink:href="#sSpan5504" value="N"/>
		<feat xlink:href="#sSpan5506" value="PUNCT"/>
		<feat xlink:href="#sSpan5510" value="APST"/>
		<feat xlink:href="#sSpan5516" value="PPERS"/>
		<feat xlink:href="#sSpan5518" value="V"/>
		<feat xlink:href="#sSpan5520" value="VBD"/>
		<feat xlink:href="#sSpan5524" value="PPERS"/>
		<feat xlink:href="#sSpan5526" value="CONJ"/>
		<feat xlink:href="#sSpan5530" value="ART"/>
		<feat xlink:href="#sSpan5533" value="CREL"/>
		<feat xlink:href="#sSpan5535" value="APST"/>
		<feat xlink:href="#sSpan5537" value="PPERS"/>
		<feat xlink:href="#sSpan5540" value="V"/>
		<feat xlink:href="#sSpan5543" value="PREP"/>
		<feat xlink:href="#sSpan5547" value="N"/>
		<feat xlink:href="#sSpan5551" value="PINT"/>
		<feat xlink:href="#sSpan5555" value="PUNCT"/>
		<feat xlink:href="#sSpan5559" value="CONJ"/>
		<feat xlink:href="#sSpan5563" value="CREL"/>
		<feat xlink:href="#sSpan5567" value="V"/>
		<feat xlink:href="#sSpan5569" value="PREP"/>
		<feat xlink:href="#sSpan5573" value="N"/>
		<feat xlink:href="#sSpan5577" value="PINT"/>
		<feat xlink:href="#sSpan5581" value="PPERI"/>
		<feat xlink:href="#sSpan5585" value="CREL"/>
		<feat xlink:href="#sSpan5589" value="V"/>
		<feat xlink:href="#sSpan5592" value="PREP"/>
		<feat xlink:href="#sSpan5596" value="PPOS"/>
		<feat xlink:href="#sSpan5599" value="N"/>
		<feat xlink:href="#sSpan5601" value="PUNCT"/>
		<feat xlink:href="#sSpan5605" value="ADV"/>
		<feat xlink:href="#sSpan5611" value="PTC"/>
		<feat xlink:href="#sSpan5615" value="PPOS"/>
		<feat xlink:href="#sSpan5620" value="N"/>
		<feat xlink:href="#sSpan5622" value="VIMP"/>
		<feat xlink:href="#sSpan5626" value="PPOS"/>
		<feat xlink:href="#sSpan5628" value="N"/>
		<feat xlink:href="#sSpan5631" value="ALIM"/>
		<feat xlink:href="#sSpan5635" value="PPERS"/>
		<feat xlink:href="#sSpan5637" value="V"/>
		<feat xlink:href="#sSpan5639" value="PREP"/>
		<feat xlink:href="#sSpan5643" value="PPERO"/>
		<feat xlink:href="#sSpan5645" value="PREP"/>
		<feat xlink:href="#sSpan5649" value="ART"/>
		<feat xlink:href="#sSpan5652" value="N"/>
		<feat xlink:href="#sSpan5654" value="PREP"/>
		<feat xlink:href="#sSpan5658" value="ART"/>
		<feat xlink:href="#sSpan5661" value="N"/>
		<feat xlink:href="#sSpan5663" value="PUNCT"/>
		<feat xlink:href="#sSpan5668" value="V"/>
		<feat xlink:href="#sSpan5676" value="PTC"/>
		<feat xlink:href="#sSpan5680" value="NEG"/>
		<feat xlink:href="#sSpan5684" value="V"/>
		<feat xlink:href="#sSpan5686" value="ART"/>
		<feat xlink:href="#sSpan5690" value="N"/>
		<feat xlink:href="#sSpan5692" value="PREP"/>
		<feat xlink:href="#sSpan5697" value="V"/>
		<feat xlink:href="#sSpan5700" value="PREP"/>
		<feat xlink:href="#sSpan5705" value="PPERO"/>
		<feat xlink:href="#sSpan5707" value="PUNCT"/>
		<feat xlink:href="#sSpan5711" value="CONJ"/>
		<feat xlink:href="#sSpan5715" value="APST"/>
		<feat xlink:href="#sSpan5717" value="PPERS"/>
		<feat xlink:href="#sSpan5720" value="V"/>
		<feat xlink:href="#sSpan5723" value="PREP"/>
		<feat xlink:href="#sSpan5727" value="ART"/>
		<feat xlink:href="#sSpan5730" value="N"/>
		<feat xlink:href="#sSpan5732" value="PUNCT"/>
		<feat xlink:href="#sSpan5736" value="APREC"/>
		<feat xlink:href="#sSpan5742" value="PPERS"/>
		<feat xlink:href="#sSpan5744" value="V"/>
		<feat xlink:href="#sSpan5747" value="PTC"/>
		<feat xlink:href="#sSpan5752" value="PREP"/>
		<feat xlink:href="#sSpan5757" value="PDEM"/>
		<feat xlink:href="#sSpan5760" value="PUNCT"/>
		<feat xlink:href="#sSpan5764" value="APST"/>
		<feat xlink:href="#sSpan5768" value="PPERS"/>
		<feat xlink:href="#sSpan5770" value="V"/>
		<feat xlink:href="#sSpan5772" value="PREP"/>
		<feat xlink:href="#sSpan5776" value="PPERO"/>
		<feat xlink:href="#sSpan5778" value="CONJ"/>
		<feat xlink:href="#sSpan5782" value="APST"/>
		<feat xlink:href="#sSpan5786" value="PPERS"/>
		<feat xlink:href="#sSpan5789" value="V"/>
		<feat xlink:href="#sSpan5791" value="PREP"/>
		<feat xlink:href="#sSpan5795" value="PPERO"/>
		<feat xlink:href="#sSpan5797" value="PUNCT"/>
		<feat xlink:href="#sSpan5801" value="APST"/>
		<feat xlink:href="#sSpan5808" value="PPERS"/>
		<feat xlink:href="#sSpan5810" value="V"/>
		<feat xlink:href="#sSpan5813" value="ADV"/>
		<feat xlink:href="#sSpan5817" value="PREP"/>
		<feat xlink:href="#sSpan5821" value="N"/>
		<feat xlink:href="#sSpan5824" value="PPERO"/>
		<feat xlink:href="#sSpan5826" value="PUNCT"/>
		<feat xlink:href="#sSpan5830" value="APREC"/>
		<feat xlink:href="#sSpan5838" value="PPERS"/>
		<feat xlink:href="#sSpan5840" value="V"/>
		<feat xlink:href="#sSpan5842" value="PREP"/>
		<feat xlink:href="#sSpan5846" value="PPERO"/>
		<feat xlink:href="#sSpan5848" value="PREP"/>
		<feat xlink:href="#sSpan5852" value="ART"/>
		<feat xlink:href="#sSpan5855" value="N"/>
		<feat xlink:href="#sSpan5857" value="PREP"/>
		<feat xlink:href="#sSpan5861" value="N"/>
		<feat xlink:href="#sSpan5864" value="PUNCT"/>
		<feat xlink:href="#sSpan5868" value="APST"/>
		<feat xlink:href="#sSpan5872" value="PPERS"/>
		<feat xlink:href="#sSpan5874" value="V"/>
		<feat xlink:href="#sSpan5877" value="ADV"/>
		<feat xlink:href="#sSpan5881" value="ADV"/>
		<feat xlink:href="#sSpan5885" value="PREP"/>
		<feat xlink:href="#sSpan5889" value="ART"/>
		<feat xlink:href="#sSpan5894" value="N"/>
		<feat xlink:href="#sSpan5896" value="PREP"/>
		<feat xlink:href="#sSpan5900" value="N"/>
		<feat xlink:href="#sSpan5903" value="PUNCT"/>
		<feat xlink:href="#sSpan5907" value="PPERI"/>
		<feat xlink:href="#sSpan5914" value="PTC"/>
		<feat xlink:href="#sSpan5918" value="APST"/>
		<feat xlink:href="#sSpan5922" value="PPERS"/>
		<feat xlink:href="#sSpan5924" value="V"/>
		<feat xlink:href="#sSpan5926" value="PREP"/>
		<feat xlink:href="#sSpan5930" value="ART"/>
		<feat xlink:href="#sSpan5932" value="N"/>
		<feat xlink:href="#sSpan5934" value="PREP"/>
		<feat xlink:href="#sSpan5939" value="ART"/>
		<feat xlink:href="#sSpan5942" value="N"/>
		<feat xlink:href="#sSpan5944" value="PUNCT"/>
		<feat xlink:href="#sSpan5948" value="CONJ"/>
		<feat xlink:href="#sSpan5952" value="CPRET"/>
		<feat xlink:href="#sSpan5956" value="EXIST"/>
		<feat xlink:href="#sSpan5958" value="ART"/>
		<feat xlink:href="#sSpan5961" value="N"/>
		<feat xlink:href="#sSpan5963" value="PREP"/>
		<feat xlink:href="#sSpan5967" value="N"/>
		<feat xlink:href="#sSpan5969" value="VSTAT"/>
		<feat xlink:href="#sSpan5973" value="PREP"/>
		<feat xlink:href="#sSpan5976" value="ART"/>
		<feat xlink:href="#sSpan5980" value="N"/>
		<feat xlink:href="#sSpan5982" value="PUNCT"/>
		<feat xlink:href="#sSpan5986" value="APREC"/>
		<feat xlink:href="#sSpan5992" value="PPERS"/>
		<feat xlink:href="#sSpan5994" value="V"/>
		<feat xlink:href="#sSpan5996" value="CONJ"/>
		<feat xlink:href="#sSpan6000" value="ACONJ"/>
		<feat xlink:href="#sSpan6004" value="PPERS"/>
		<feat xlink:href="#sSpan6006" value="V"/>
		<feat xlink:href="#sSpan6008" value="PREP"/>
		<feat xlink:href="#sSpan6012" value="ART"/>
		<feat xlink:href="#sSpan6015" value="N"/>
		<feat xlink:href="#sSpan6017" value="PUNCT"/>
		<feat xlink:href="#sSpan6021" value="APST"/>
		<feat xlink:href="#sSpan6025" value="PPERS"/>
		<feat xlink:href="#sSpan6027" value="V"/>
		<feat xlink:href="#sSpan6030" value="CCIRC"/>
		<feat xlink:href="#sSpan6034" value="PPERS"/>
		<feat xlink:href="#sSpan6036" value="V"/>
		<feat xlink:href="#sSpan6038" value="PTC"/>
		<feat xlink:href="#sSpan6040" value="PREP"/>
		<feat xlink:href="#sSpan6044" value="ART"/>
		<feat xlink:href="#sSpan6047" value="N"/>
		<feat xlink:href="#sSpan6049" value="PUNCT"/>
		<feat xlink:href="#sSpan6053" value="CCIRC"/>
		<feat xlink:href="#sSpan6057" value="PPERS"/>
		<feat xlink:href="#sSpan6060" value="V"/>
		<feat xlink:href="#sSpan6063" value="PUNCT"/>
		<feat xlink:href="#sSpan6067" value="CONJ"/>
		<feat xlink:href="#sSpan6074" value="CFOC"/>
		<feat xlink:href="#sSpan6078" value="PPERS"/>
		<feat xlink:href="#sSpan6080" value="V"/>
		<feat xlink:href="#sSpan6083" value="ADV"/>
		<feat xlink:href="#sSpan6087" value="CONJ"/>
		<feat xlink:href="#sSpan6091" value="PINT"/>
		<feat xlink:href="#sSpan6093" value="COP"/>
		<feat xlink:href="#sSpan6097" value="CREL"/>
		<feat xlink:href="#sSpan6101" value="APST"/>
		<feat xlink:href="#sSpan6103" value="PPERS"/>
		<feat xlink:href="#sSpan6105" value="V"/>
		<feat xlink:href="#sSpan6107" value="PREP"/>
		<feat xlink:href="#sSpan6112" value="PPERO"/>
		<feat xlink:href="#sSpan6114" value="PREP"/>
		<feat xlink:href="#sSpan6118" value="PDEM"/>
		<feat xlink:href="#sSpan6121" value="N"/>
		<feat xlink:href="#sSpan6123" value="PUNCT"/>
		<feat xlink:href="#sSpan6127" value="CONJ"/>
		<feat xlink:href="#sSpan6133" value="ADV"/>
		<feat xlink:href="#sSpan6137" value="EXIST"/>
		<feat xlink:href="#sSpan6141" value="ART"/>
		<feat xlink:href="#sSpan6144" value="N"/>
		<feat xlink:href="#sSpan6146" value="PREP"/>
		<feat xlink:href="#sSpan6150" value="PPERO"/>
		<feat xlink:href="#sSpan6152" value="CCIRC"/>
		<feat xlink:href="#sSpan6157" value="PPERS"/>
		<feat xlink:href="#sSpan6159" value="VSTAT"/>
		<feat xlink:href="#sSpan6161" value="PREP"/>
		<feat xlink:href="#sSpan6166" value="N"/>
		<feat xlink:href="#sSpan6169" value="PUNCT"/>
		<feat xlink:href="#sSpan6173" value="PREP"/>
		<feat xlink:href="#sSpan6177" value="ART"/>
		<feat xlink:href="#sSpan6180" value="N"/>
		<feat xlink:href="#sSpan6182" value="CONJ"/>
		<feat xlink:href="#sSpan6186" value="ART"/>
		<feat xlink:href="#sSpan6191" value="N"/>
		<feat xlink:href="#sSpan6193" value="PUNCT"/>
		<feat xlink:href="#sSpan6197" value="PREP"/>
		<feat xlink:href="#sSpan6202" value="ART"/>
		<feat xlink:href="#sSpan6205" value="N"/>
		<feat xlink:href="#sSpan6207" value="PUNCT"/>
		<feat xlink:href="#sSpan6211" value="PREP"/>
		<feat xlink:href="#sSpan6215" value="ART"/>
		<feat xlink:href="#sSpan6218" value="N"/>
		<feat xlink:href="#sSpan6220" value="PUNCT"/>
		<feat xlink:href="#sSpan6224" value="PREP"/>
		<feat xlink:href="#sSpan6228" value="ART"/>
		<feat xlink:href="#sSpan6231" value="N"/>
		<feat xlink:href="#sSpan6233" value="PUNCT"/>
		<feat xlink:href="#sSpan6237" value="CONJ"/>
		<feat xlink:href="#sSpan6242" value="ART"/>
		<feat xlink:href="#sSpan6248" value="N"/>
		<feat xlink:href="#sSpan6250" value="PUNCT"/>
		<feat xlink:href="#sSpan6254" value="PREP"/>
		<feat xlink:href="#sSpan6258" value="ART"/>
		<feat xlink:href="#sSpan6261" value="N"/>
		<feat xlink:href="#sSpan6263" value="PUNCT"/>
		<feat xlink:href="#sSpan6267" value="PREP"/>
		<feat xlink:href="#sSpan6271" value="ART"/>
		<feat xlink:href="#sSpan6274" value="ART"/>
		<feat xlink:href="#sSpan6276" value="N"/>
		<feat xlink:href="#sSpan6279" value="CCIRC"/>
		<feat xlink:href="#sSpan6283" value="PPERS"/>
		<feat xlink:href="#sSpan6285" value="V"/>
		<feat xlink:href="#sSpan6288" value="N"/>
		<feat xlink:href="#sSpan6292" value="ADV"/>
		<feat xlink:href="#sSpan6296" value="PUNCT"/>
		<feat xlink:href="#sSpan6300" value="ART"/>
		<feat xlink:href="#sSpan6308" value="N"/>
		<feat xlink:href="#sSpan6310" value="CPRET"/>
		<feat xlink:href="#sSpan6314" value="PPERS"/>
		<feat xlink:href="#sSpan6316" value="V"/>
		<feat xlink:href="#sSpan6318" value="PREP"/>
		<feat xlink:href="#sSpan6323" value="N"/>
		<feat xlink:href="#sSpan6326" value="ADV"/>
		<feat xlink:href="#sSpan6330" value="CCIRC"/>
		<feat xlink:href="#sSpan6334" value="PPERS"/>
		<feat xlink:href="#sSpan6336" value="V"/>
		<feat xlink:href="#sSpan6338" value="PREP"/>
		<feat xlink:href="#sSpan6342" value="ART"/>
		<feat xlink:href="#sSpan6345" value="N"/>
		<feat xlink:href="#sSpan6347" value="IMOD"/>
		<feat xlink:href="#sSpan6351" value="PPERO"/>
		<feat xlink:href="#sSpan6353" value="CREL"/>
		<feat xlink:href="#sSpan6357" value="VSTAT"/>
		<feat xlink:href="#sSpan6359" value="PREP"/>
		<feat xlink:href="#sSpan6363" value="ART"/>
		<feat xlink:href="#sSpan6367" value="N"/>
		<feat xlink:href="#sSpan6369" value="CREL"/>
		<feat xlink:href="#sSpan6373" value="ADV"/>
		<feat xlink:href="#sSpan6375" value="PUNCT"/>
		<feat xlink:href="#sSpan6379" value="ART"/>
		<feat xlink:href="#sSpan6386" value="N"/>
		<feat xlink:href="#sSpan6389" value="PTC"/>
		<feat xlink:href="#sSpan6394" value="CCIRC"/>
		<feat xlink:href="#sSpan6398" value="PPERS"/>
		<feat xlink:href="#sSpan6401" value="V"/>
		<feat xlink:href="#sSpan6404" value="PUNCT"/>
		<feat xlink:href="#sSpan6408" value="PREP"/>
		<feat xlink:href="#sSpan6412" value="ART"/>
		<feat xlink:href="#sSpan6416" value="N"/>
		<feat xlink:href="#sSpan6418" value="PUNCT"/>
		<feat xlink:href="#sSpan6422" value="CONJ"/>
		<feat xlink:href="#sSpan6426" value="CFOC"/>
		<feat xlink:href="#sSpan6430" value="PPERS"/>
		<feat xlink:href="#sSpan6433" value="V"/>
		<feat xlink:href="#sSpan6435" value="PREP"/>
		<feat xlink:href="#sSpan6439" value="PPERO"/>
		<feat xlink:href="#sSpan6441" value="PREP"/>
		<feat xlink:href="#sSpan6445" value="PPOS"/>
		<feat xlink:href="#sSpan6449" value="N"/>
		<feat xlink:href="#sSpan6451" value="PUNCT"/>
		<feat xlink:href="#sSpan6455" value="PTC"/>
		<feat xlink:href="#sSpan6460" value="NUM"/>
		<feat xlink:href="#sSpan6463" value="PREP"/>
		<feat xlink:href="#sSpan6467" value="N"/>
		<feat xlink:href="#sSpan6470" value="N"/>
		<feat xlink:href="#sSpan6474" value="APST"/>
		<feat xlink:href="#sSpan6478" value="PPERS"/>
		<feat xlink:href="#sSpan6480" value="V"/>
		<feat xlink:href="#sSpan6482" value="PREP"/>
		<feat xlink:href="#sSpan6486" value="ART"/>
		<feat xlink:href="#sSpan6489" value="N"/>
		<feat xlink:href="#sSpan6491" value="CCIRC"/>
		<feat xlink:href="#sSpan6495" value="VBD"/>
		<feat xlink:href="#sSpan6497" value="PPERS"/>
		<feat xlink:href="#sSpan6499" value="PREP"/>
		<feat xlink:href="#sSpan6504" value="PPOS"/>
		<feat xlink:href="#sSpan6508" value="N"/>
		<feat xlink:href="#sSpan6510" value="PUNCT"/>
		<feat xlink:href="#sSpan6514" value="CCIRC"/>
		<feat xlink:href="#sSpan6518" value="ART"/>
		<feat xlink:href="#sSpan6521" value="N"/>
		<feat xlink:href="#sSpan6523" value="CCIRC"/>
		<feat xlink:href="#sSpan6527" value="VBD"/>
		<feat xlink:href="#sSpan6529" value="PPERS"/>
		<feat xlink:href="#sSpan6531" value="VSTAT"/>
		<feat xlink:href="#sSpan6535" value="PREP"/>
		<feat xlink:href="#sSpan6539" value="PPERO"/>
		<feat xlink:href="#sSpan6541" value="PUNCT"/>
		<feat xlink:href="#sSpan6545" value="PREP"/>
		<feat xlink:href="#sSpan6550" value="ART"/>
		<feat xlink:href="#sSpan6553" value="N"/>
		<feat xlink:href="#sSpan6555" value="PREP"/>
		<feat xlink:href="#sSpan6559" value="ART"/>
		<feat xlink:href="#sSpan6563" value="N"/>
		<feat xlink:href="#sSpan6565" value="PUNCT"/>
		<feat xlink:href="#sSpan6569" value="APREC"/>
		<feat xlink:href="#sSpan6575" value="PPERS"/>
		<feat xlink:href="#sSpan6577" value="V"/>
		<feat xlink:href="#sSpan6580" value="PTC"/>
		<feat xlink:href="#sSpan6584" value="PREP"/>
		<feat xlink:href="#sSpan6589" value="PPERO"/>
		<feat xlink:href="#sSpan6591" value="VBD"/>
		<feat xlink:href="#sSpan6595" value="PPERS"/>
		<feat xlink:href="#sSpan6597" value="PREP"/>
		<feat xlink:href="#sSpan6601" value="PPERO"/>
		<feat xlink:href="#sSpan6603" value="CONJ"/>
		<feat xlink:href="#sSpan6608" value="PTC"/>
		<feat xlink:href="#sSpan6610" value="PPOS"/>
		<feat xlink:href="#sSpan6615" value="ART"/>
		<feat xlink:href="#sSpan6618" value="N"/>
		<feat xlink:href="#sSpan6620" value="PPOS"/>
		<feat xlink:href="#sSpan6624" value="N"/>
		<feat xlink:href="#sSpan6626" value="PREP"/>
		<feat xlink:href="#sSpan6631" value="N"/>
		<feat xlink:href="#sSpan6633" value="PUNCT"/></featList></paula>