<?xml version='1.0' encoding='UTF-8'?><!DOCTYPE paula SYSTEM "paula_feat.dtd">
<paula version="1.1">
	<header paula_id="scriptorium.life.onnophrius.03.mark_identity"/>
	<featList xmlns:xlink="http://www.w3.org/1999/xlink" type="identity" xml:base="scriptorium.life.onnophrius.03.mark.xml">
		<feat xlink:href="#sSpan1149" value="Paoni"/>
		<feat xlink:href="#sSpan1211" value="Egypt"/>
		<feat xlink:href="#sSpan1324" value="Jesus"/>
		<feat xlink:href="#sSpan1990" value="Jesus"/>
		<feat xlink:href="#sSpan2426" value="Egypt"/>
		<feat xlink:href="#sSpan2680" value="Jesus"/>
		<feat xlink:href="#sSpan2968" value="Jews"/>
		<feat xlink:href="#sSpan3253" value="Paoni"/>
		<feat xlink:href="#sSpan3322" value="Onuphrius"/>
		<feat xlink:href="#sSpan5269" value="Egypt"/></featList></paula>