<?xml version='1.0' encoding='UTF-8'?><!DOCTYPE paula SYSTEM "paula_feat.dtd">
<paula version="1.1">
	<header paula_id="scriptorium.life.onnophrius.03.mark_ed_page_n"/>
	<featList xmlns:xlink="http://www.w3.org/1999/xlink" type="ed_page_n" xml:base="scriptorium.life.onnophrius.03.mark.xml">
		<feat xlink:href="#sSpan10" value="11"/>
		<feat xlink:href="#sSpan755" value="12"/>
		<feat xlink:href="#sSpan2285" value="13"/>
		<feat xlink:href="#sSpan3663" value="14"/>
		<feat xlink:href="#sSpan5218" value="15"/></featList></paula>