<?xml version='1.0' encoding='UTF-8'?><!DOCTYPE paula SYSTEM "paula_feat.dtd">
<paula version="1.1">
	<header paula_id="scriptorium.life.onnophrius.03.mark_func"/>
	<featList xmlns:xlink="http://www.w3.org/1999/xlink" type="func" xml:base="scriptorium.life.onnophrius.03.mark.xml">
		<feat xlink:href="#sSpan1" value="aux"/>
		<feat xlink:href="#sSpan11" value="nsubj"/>
		<feat xlink:href="#sSpan13" value="advcl"/>
		<feat xlink:href="#sSpan16" value="advmod"/>
		<feat xlink:href="#sSpan20" value="advmod"/>
		<feat xlink:href="#sSpan24" value="case"/>
		<feat xlink:href="#sSpan28" value="det"/>
		<feat xlink:href="#sSpan31" value="obj"/>
		<feat xlink:href="#sSpan33" value="punct"/>
		<feat xlink:href="#sSpan37" value="aux"/>
		<feat xlink:href="#sSpan41" value="nsubj"/>
		<feat xlink:href="#sSpan43" value="root"/>
		<feat xlink:href="#sSpan45" value="case"/>
		<feat xlink:href="#sSpan49" value="det"/>
		<feat xlink:href="#sSpan53" value="obj"/>
		<feat xlink:href="#sSpan55" value="punct"/>
		<feat xlink:href="#sSpan59" value="aux"/>
		<feat xlink:href="#sSpan66" value="nsubj"/>
		<feat xlink:href="#sSpan68" value="root"/>
		<feat xlink:href="#sSpan71" value="advmod"/>
		<feat xlink:href="#sSpan75" value="case"/>
		<feat xlink:href="#sSpan79" value="det"/>
		<feat xlink:href="#sSpan81" value="obl"/>
		<feat xlink:href="#sSpan83" value="aux"/>
		<feat xlink:href="#sSpan89" value="nsubj"/>
		<feat xlink:href="#sSpan91" value="root"/>
		<feat xlink:href="#sSpan93" value="case"/>
		<feat xlink:href="#sSpan97" value="obl"/>
		<feat xlink:href="#sSpan100" value="case"/>
		<feat xlink:href="#sSpan105" value="nmod"/>
		<feat xlink:href="#sSpan109" value="case"/>
		<feat xlink:href="#sSpan114" value="det"/>
		<feat xlink:href="#sSpan117" value="nmod"/>
		<feat xlink:href="#sSpan119" value="punct"/>
		<feat xlink:href="#sSpan123" value="cc"/>
		<feat xlink:href="#sSpan129" value="case"/>
		<feat xlink:href="#sSpan133" value="det"/>
		<feat xlink:href="#sSpan136" value="obl"/>
		<feat xlink:href="#sSpan138" value="case"/>
		<feat xlink:href="#sSpan142" value="det"/>
		<feat xlink:href="#sSpan145" value="nmod"/>
		<feat xlink:href="#sSpan147" value="mark"/>
		<feat xlink:href="#sSpan151" value="nsubj"/>
		<feat xlink:href="#sSpan153" value="aux"/>
		<feat xlink:href="#sSpan155" value="acl"/>
		<feat xlink:href="#sSpan157" value="punct"/>
		<feat xlink:href="#sSpan161" value="aux"/>
		<feat xlink:href="#sSpan166" value="nsubj"/>
		<feat xlink:href="#sSpan168" value="root"/>
		<feat xlink:href="#sSpan170" value="aux"/>
		<feat xlink:href="#sSpan176" value="nsubj"/>
		<feat xlink:href="#sSpan178" value="root"/>
		<feat xlink:href="#sSpan180" value="case"/>
		<feat xlink:href="#sSpan184" value="det"/>
		<feat xlink:href="#sSpan187" value="obl"/>
		<feat xlink:href="#sSpan189" value="mark"/>
		<feat xlink:href="#sSpan193" value="nsubj"/>
		<feat xlink:href="#sSpan195" value="acl"/>
		<feat xlink:href="#sSpan197" value="advmod"/>
		<feat xlink:href="#sSpan201" value="case"/>
		<feat xlink:href="#sSpan205" value="det"/>
		<feat xlink:href="#sSpan208" value="obl"/>
		<feat xlink:href="#sSpan210" value="case"/>
		<feat xlink:href="#sSpan215" value="nmod"/>
		<feat xlink:href="#sSpan218" value="punct"/>
		<feat xlink:href="#sSpan222" value="root"/>
		<feat xlink:href="#sSpan229" value="nsubj"/>
		<feat xlink:href="#sSpan231" value="case"/>
		<feat xlink:href="#sSpan235" value="obl"/>
		<feat xlink:href="#sSpan237" value="mark"/>
		<feat xlink:href="#sSpan241" value="ccomp"/>
		<feat xlink:href="#sSpan243" value="det"/>
		<feat xlink:href="#sSpan248" value="obj"/>
		<feat xlink:href="#sSpan250" value="aux"/>
		<feat xlink:href="#sSpan254" value="nsubj"/>
		<feat xlink:href="#sSpan256" value="advcl"/>
		<feat xlink:href="#sSpan259" value="punct"/>
		<feat xlink:href="#sSpan263" value="cc"/>
		<feat xlink:href="#sSpan267" value="aux"/>
		<feat xlink:href="#sSpan271" value="nsubj"/>
		<feat xlink:href="#sSpan273" value="conj"/>
		<feat xlink:href="#sSpan275" value="case"/>
		<feat xlink:href="#sSpan279" value="det"/>
		<feat xlink:href="#sSpan282" value="obl"/>
		<feat xlink:href="#sSpan284" value="case"/>
		<feat xlink:href="#sSpan288" value="nmod"/>
		<feat xlink:href="#sSpan290" value="punct"/>
		<feat xlink:href="#sSpan294" value="mark"/>
		<feat xlink:href="#sSpan298" value="nsubj"/>
		<feat xlink:href="#sSpan300" value="ccomp"/>
		<feat xlink:href="#sSpan303" value="case"/>
		<feat xlink:href="#sSpan307" value="obl"/>
		<feat xlink:href="#sSpan309" value="mark"/>
		<feat xlink:href="#sSpan313" value="mark"/>
		<feat xlink:href="#sSpan315" value="nsubj"/>
		<feat xlink:href="#sSpan318" value="ccomp"/>
		<feat xlink:href="#sSpan320" value="punct"/>
		<feat xlink:href="#sSpan324" value="case"/>
		<feat xlink:href="#sSpan328" value="det"/>
		<feat xlink:href="#sSpan331" value="obl"/>
		<feat xlink:href="#sSpan333" value="punct"/>
		<feat xlink:href="#sSpan337" value="cc"/>
		<feat xlink:href="#sSpan341" value="det"/>
		<feat xlink:href="#sSpan345" value="conj"/>
		<feat xlink:href="#sSpan347" value="cc"/>
		<feat xlink:href="#sSpan351" value="det"/>
		<feat xlink:href="#sSpan354" value="conj"/>
		<feat xlink:href="#sSpan356" value="case"/>
		<feat xlink:href="#sSpan360" value="det"/>
		<feat xlink:href="#sSpan363" value="nmod"/>
		<feat xlink:href="#sSpan365" value="punct"/>
		<feat xlink:href="#sSpan369" value="dislocated"/>
		<feat xlink:href="#sSpan376" value="advmod"/>
		<feat xlink:href="#sSpan380" value="root"/>
		<feat xlink:href="#sSpan384" value="nsubj"/>
		<feat xlink:href="#sSpan386" value="case"/>
		<feat xlink:href="#sSpan392" value="obl"/>
		<feat xlink:href="#sSpan394" value="mark"/>
		<feat xlink:href="#sSpan398" value="nsubj"/>
		<feat xlink:href="#sSpan400" value="ccomp"/>
		<feat xlink:href="#sSpan402" value="case"/>
		<feat xlink:href="#sSpan406" value="det"/>
		<feat xlink:href="#sSpan409" value="dislocated"/>
		<feat xlink:href="#sSpan411" value="det"/>
		<feat xlink:href="#sSpan416" value="appos"/>
		<feat xlink:href="#sSpan418" value="punct"/>
		<feat xlink:href="#sSpan422" value="mark"/>
		<feat xlink:href="#sSpan426" value="advmod"/>
		<feat xlink:href="#sSpan429" value="nsubj"/>
		<feat xlink:href="#sSpan431" value="aux"/>
		<feat xlink:href="#sSpan433" value="ccomp"/>
		<feat xlink:href="#sSpan435" value="advmod"/>
		<feat xlink:href="#sSpan440" value="cc"/>
		<feat xlink:href="#sSpan444" value="advmod"/>
		<feat xlink:href="#sSpan448" value="nsubj"/>
		<feat xlink:href="#sSpan450" value="aux"/>
		<feat xlink:href="#sSpan452" value="conj"/>
		<feat xlink:href="#sSpan454" value="advmod"/>
		<feat xlink:href="#sSpan458" value="aux"/>
		<feat xlink:href="#sSpan462" value="nsubj"/>
		<feat xlink:href="#sSpan464" value="advcl"/>
		<feat xlink:href="#sSpan467" value="advmod"/>
		<feat xlink:href="#sSpan471" value="aux"/>
		<feat xlink:href="#sSpan475" value="nsubj"/>
		<feat xlink:href="#sSpan477" value="advcl"/>
		<feat xlink:href="#sSpan479" value="case"/>
		<feat xlink:href="#sSpan483" value="det"/>
		<feat xlink:href="#sSpan485" value="obl"/>
		<feat xlink:href="#sSpan487" value="punct"/>
		<feat xlink:href="#sSpan491" value="aux"/>
		<feat xlink:href="#sSpan497" value="nsubj"/>
		<feat xlink:href="#sSpan500" value="advcl"/>
		<feat xlink:href="#sSpan503" value="advmod"/>
		<feat xlink:href="#sSpan507" value="mark"/>
		<feat xlink:href="#sSpan511" value="nsubj"/>
		<feat xlink:href="#sSpan513" value="advcl"/>
		<feat xlink:href="#sSpan515" value="case"/>
		<feat xlink:href="#sSpan519" value="obl"/>
		<feat xlink:href="#sSpan522" value="advmod"/>
		<feat xlink:href="#sSpan526" value="aux"/>
		<feat xlink:href="#sSpan530" value="nsubj"/>
		<feat xlink:href="#sSpan532" value="root"/>
		<feat xlink:href="#sSpan534" value="advmod"/>
		<feat xlink:href="#sSpan538" value="punct"/>
		<feat xlink:href="#sSpan542" value="case"/>
		<feat xlink:href="#sSpan547" value="det"/>
		<feat xlink:href="#sSpan549" value="obl"/>
		<feat xlink:href="#sSpan551" value="punct"/>
		<feat xlink:href="#sSpan555" value="aux"/>
		<feat xlink:href="#sSpan561" value="nsubj"/>
		<feat xlink:href="#sSpan563" value="root"/>
		<feat xlink:href="#sSpan565" value="case"/>
		<feat xlink:href="#sSpan569" value="det"/>
		<feat xlink:href="#sSpan572" value="obl"/>
		<feat xlink:href="#sSpan574" value="aux"/>
		<feat xlink:href="#sSpan580" value="nsubj"/>
		<feat xlink:href="#sSpan582" value="root"/>
		<feat xlink:href="#sSpan584" value="punct"/>
		<feat xlink:href="#sSpan588" value="aux"/>
		<feat xlink:href="#sSpan594" value="nsubj"/>
		<feat xlink:href="#sSpan596" value="root"/>
		<feat xlink:href="#sSpan599" value="case"/>
		<feat xlink:href="#sSpan604" value="obl"/>
		<feat xlink:href="#sSpan606" value="case"/>
		<feat xlink:href="#sSpan610" value="obl"/>
		<feat xlink:href="#sSpan612" value="punct"/>
		<feat xlink:href="#sSpan616" value="aux"/>
		<feat xlink:href="#sSpan622" value="nsubj"/>
		<feat xlink:href="#sSpan624" value="root"/>
		<feat xlink:href="#sSpan627" value="advmod"/>
		<feat xlink:href="#sSpan631" value="advmod"/>
		<feat xlink:href="#sSpan635" value="case"/>
		<feat xlink:href="#sSpan639" value="det"/>
		<feat xlink:href="#sSpan642" value="obl"/>
		<feat xlink:href="#sSpan644" value="case"/>
		<feat xlink:href="#sSpan648" value="det"/>
		<feat xlink:href="#sSpan652" value="obl"/>
		<feat xlink:href="#sSpan654" value="case"/>
		<feat xlink:href="#sSpan658" value="nmod"/>
		<feat xlink:href="#sSpan661" value="punct"/>
		<feat xlink:href="#sSpan665" value="aux"/>
		<feat xlink:href="#sSpan671" value="nsubj"/>
		<feat xlink:href="#sSpan673" value="root"/>
		<feat xlink:href="#sSpan675" value="cc"/>
		<feat xlink:href="#sSpan679" value="aux"/>
		<feat xlink:href="#sSpan683" value="nsubj"/>
		<feat xlink:href="#sSpan685" value="conj"/>
		<feat xlink:href="#sSpan688" value="case"/>
		<feat xlink:href="#sSpan692" value="obl"/>
		<feat xlink:href="#sSpan694" value="case"/>
		<feat xlink:href="#sSpan699" value="obl"/>
		<feat xlink:href="#sSpan701" value="punct"/>
		<feat xlink:href="#sSpan705" value="cc"/>
		<feat xlink:href="#sSpan711" value="aux"/>
		<feat xlink:href="#sSpan715" value="nsubj"/>
		<feat xlink:href="#sSpan717" value="root"/>
		<feat xlink:href="#sSpan719" value="det"/>
		<feat xlink:href="#sSpan722" value="obj"/>
		<feat xlink:href="#sSpan724" value="advmod"/>
		<feat xlink:href="#sSpan728" value="det"/>
		<feat xlink:href="#sSpan730" value="case"/>
		<feat xlink:href="#sSpan734" value="nmod"/>
		<feat xlink:href="#sSpan737" value="punct"/>
		<feat xlink:href="#sSpan741" value="case"/>
		<feat xlink:href="#sSpan745" value="det"/>
		<feat xlink:href="#sSpan748" value="obl"/>
		<feat xlink:href="#sSpan750" value="case"/>
		<feat xlink:href="#sSpan756" value="obl"/>
		<feat xlink:href="#sSpan759" value="punct"/>
		<feat xlink:href="#sSpan763" value="aux"/>
		<feat xlink:href="#sSpan769" value="nsubj"/>
		<feat xlink:href="#sSpan773" value="advmod"/>
		<feat xlink:href="#sSpan777" value="advcl"/>
		<feat xlink:href="#sSpan781" value="aux"/>
		<feat xlink:href="#sSpan785" value="nsubj"/>
		<feat xlink:href="#sSpan787" value="root"/>
		<feat xlink:href="#sSpan789" value="case"/>
		<feat xlink:href="#sSpan793" value="det"/>
		<feat xlink:href="#sSpan797" value="obl"/>
		<feat xlink:href="#sSpan799" value="mark"/>
		<feat xlink:href="#sSpan803" value="aux"/>
		<feat xlink:href="#sSpan805" value="nsubj"/>
		<feat xlink:href="#sSpan807" value="acl"/>
		<feat xlink:href="#sSpan809" value="aux"/>
		<feat xlink:href="#sSpan815" value="nsubj"/>
		<feat xlink:href="#sSpan817" value="root"/>
		<feat xlink:href="#sSpan819" value="punct"/>
		<feat xlink:href="#sSpan824" value="mark"/>
		<feat xlink:href="#sSpan828" value="aux"/>
		<feat xlink:href="#sSpan832" value="nsubj"/>
		<feat xlink:href="#sSpan834" value="advcl"/>
		<feat xlink:href="#sSpan837" value="det"/>
		<feat xlink:href="#sSpan839" value="obj"/>
		<feat xlink:href="#sSpan841" value="case"/>
		<feat xlink:href="#sSpan845" value="det"/>
		<feat xlink:href="#sSpan848" value="nmod"/>
		<feat xlink:href="#sSpan851" value="aux"/>
		<feat xlink:href="#sSpan857" value="nsubj"/>
		<feat xlink:href="#sSpan859" value="root"/>
		<feat xlink:href="#sSpan862" value="det"/>
		<feat xlink:href="#sSpan864" value="obj"/>
		<feat xlink:href="#sSpan866" value="case"/>
		<feat xlink:href="#sSpan870" value="det"/>
		<feat xlink:href="#sSpan873" value="nmod"/>
		<feat xlink:href="#sSpan875" value="advmod"/>
		<feat xlink:href="#sSpan879" value="det"/>
		<feat xlink:href="#sSpan881" value="punct"/>
		<feat xlink:href="#sSpan885" value="cc"/>
		<feat xlink:href="#sSpan891" value="aux"/>
		<feat xlink:href="#sSpan895" value="det"/>
		<feat xlink:href="#sSpan899" value="nsubj"/>
		<feat xlink:href="#sSpan903" value="root"/>
		<feat xlink:href="#sSpan908" value="case"/>
		<feat xlink:href="#sSpan912" value="obl"/>
		<feat xlink:href="#sSpan914" value="advmod"/>
		<feat xlink:href="#sSpan918" value="punct"/>
		<feat xlink:href="#sSpan922" value="dislocated"/>
		<feat xlink:href="#sSpan929" value="advmod"/>
		<feat xlink:href="#sSpan933" value="root"/>
		<feat xlink:href="#sSpan937" value="nsubj"/>
		<feat xlink:href="#sSpan939" value="case"/>
		<feat xlink:href="#sSpan943" value="obl"/>
		<feat xlink:href="#sSpan945" value="punct"/>
		<feat xlink:href="#sSpan949" value="mark"/>
		<feat xlink:href="#sSpan954" value="advmod"/>
		<feat xlink:href="#sSpan957" value="ccomp"/>
		<feat xlink:href="#sSpan960" value="det"/>
		<feat xlink:href="#sSpan965" value="obj"/>
		<feat xlink:href="#sSpan967" value="punct"/>
		<feat xlink:href="#sSpan971" value="parataxis"/>
		<feat xlink:href="#sSpan975" value="det"/>
		<feat xlink:href="#sSpan978" value="nmod"/>
		<feat xlink:href="#sSpan980" value="punct"/>
		<feat xlink:href="#sSpan984" value="mark"/>
		<feat xlink:href="#sSpan988" value="aux"/>
		<feat xlink:href="#sSpan990" value="det"/>
		<feat xlink:href="#sSpan993" value="nsubj"/>
		<feat xlink:href="#sSpan996" value="advmod"/>
		<feat xlink:href="#sSpan1000" value="acl"/>
		<feat xlink:href="#sSpan1005" value="obj"/>
		<feat xlink:href="#sSpan1007" value="mark"/>
		<feat xlink:href="#sSpan1011" value="xcomp"/>
		<feat xlink:href="#sSpan1013" value="det"/>
		<feat xlink:href="#sSpan1018" value="obj"/>
		<feat xlink:href="#sSpan1020" value="case"/>
		<feat xlink:href="#sSpan1024" value="det"/>
		<feat xlink:href="#sSpan1028" value="nmod"/>
		<feat xlink:href="#sSpan1030" value="aux"/>
		<feat xlink:href="#sSpan1034" value="nsubj"/>
		<feat xlink:href="#sSpan1036" value="advcl"/>
		<feat xlink:href="#sSpan1038" value="obj"/>
		<feat xlink:href="#sSpan1040" value="advmod"/>
		<feat xlink:href="#sSpan1049" value="advmod"/>
		<feat xlink:href="#sSpan1053" value="case"/>
		<feat xlink:href="#sSpan1057" value="det"/>
		<feat xlink:href="#sSpan1060" value="obl"/>
		<feat xlink:href="#sSpan1062" value="case"/>
		<feat xlink:href="#sSpan1066" value="nmod"/>
		<feat xlink:href="#sSpan1068" value="nsubj"/>
		<feat xlink:href="#sSpan1072" value="aux"/>
		<feat xlink:href="#sSpan1074" value="root"/>
		<feat xlink:href="#sSpan1076" value="advmod"/>
		<feat xlink:href="#sSpan1080" value="case"/>
		<feat xlink:href="#sSpan1084" value="det"/>
		<feat xlink:href="#sSpan1089" value="obj"/>
		<feat xlink:href="#sSpan1091" value="nsubj"/>
		<feat xlink:href="#sSpan1095" value="advcl"/>
		<feat xlink:href="#sSpan1098" value="case"/>
		<feat xlink:href="#sSpan1102" value="det"/>
		<feat xlink:href="#sSpan1105" value="obl"/>
		<feat xlink:href="#sSpan1107" value="case"/>
		<feat xlink:href="#sSpan1111" value="nmod"/>
		<feat xlink:href="#sSpan1114" value="case"/>
		<feat xlink:href="#sSpan1118" value="obl"/>
		<feat xlink:href="#sSpan1121" value="punct"/>
		<feat xlink:href="#sSpan1125" value="aux"/>
		<feat xlink:href="#sSpan1133" value="dislocated"/>
		<feat xlink:href="#sSpan1139" value="advmod"/>
		<feat xlink:href="#sSpan1143" value="case"/>
		<feat xlink:href="#sSpan1147" value="det"/>
		<feat xlink:href="#sSpan1150" value="obl"/>
		<feat xlink:href="#sSpan1152" value="root"/>
		<feat xlink:href="#sSpan1156" value="cop"/>
		<feat xlink:href="#sSpan1160" value="det"/>
		<feat xlink:href="#sSpan1165" value="nsubj"/>
		<feat xlink:href="#sSpan1167" value="mark"/>
		<feat xlink:href="#sSpan1172" value="acl"/>
		<feat xlink:href="#sSpan1174" value="punct"/>
		<feat xlink:href="#sSpan1178" value="root"/>
		<feat xlink:href="#sSpan1184" value="nsubj"/>
		<feat xlink:href="#sSpan1186" value="advmod"/>
		<feat xlink:href="#sSpan1190" value="case"/>
		<feat xlink:href="#sSpan1194" value="obl"/>
		<feat xlink:href="#sSpan1196" value="mark"/>
		<feat xlink:href="#sSpan1200" value="nsubj"/>
		<feat xlink:href="#sSpan1202" value="advcl"/>
		<feat xlink:href="#sSpan1205" value="case"/>
		<feat xlink:href="#sSpan1209" value="obl"/>
		<feat xlink:href="#sSpan1213" value="ccomp"/>
		<feat xlink:href="#sSpan1219" value="case"/>
		<feat xlink:href="#sSpan1223" value="det"/>
		<feat xlink:href="#sSpan1227" value="obj"/>
		<feat xlink:href="#sSpan1231" value="punct"/>
		<feat xlink:href="#sSpan1235" value="case"/>
		<feat xlink:href="#sSpan1239" value="det"/>
		<feat xlink:href="#sSpan1242" value="obl"/>
		<feat xlink:href="#sSpan1246" value="case"/>
		<feat xlink:href="#sSpan1250" value="det"/>
		<feat xlink:href="#sSpan1254" value="nmod"/>
		<feat xlink:href="#sSpan1256" value="punct"/>
		<feat xlink:href="#sSpan1260" value="dislocated"/>
		<feat xlink:href="#sSpan1267" value="mark"/>
		<feat xlink:href="#sSpan1269" value="aux"/>
		<feat xlink:href="#sSpan1271" value="acl"/>
		<feat xlink:href="#sSpan1273" value="case"/>
		<feat xlink:href="#sSpan1277" value="det"/>
		<feat xlink:href="#sSpan1281" value="obj"/>
		<feat xlink:href="#sSpan1283" value="punct"/>
		<feat xlink:href="#sSpan1287" value="case"/>
		<feat xlink:href="#sSpan1291" value="det"/>
		<feat xlink:href="#sSpan1294" value="obl"/>
		<feat xlink:href="#sSpan1296" value="mark"/>
		<feat xlink:href="#sSpan1301" value="nsubj"/>
		<feat xlink:href="#sSpan1303" value="advcl"/>
		<feat xlink:href="#sSpan1305" value="det"/>
		<feat xlink:href="#sSpan1307" value="obj"/>
		<feat xlink:href="#sSpan1309" value="case"/>
		<feat xlink:href="#sSpan1313" value="obl"/>
		<feat xlink:href="#sSpan1315" value="punct"/>
		<feat xlink:href="#sSpan1320" value="dislocated"/>
		<feat xlink:href="#sSpan1325" value="advmod"/>
		<feat xlink:href="#sSpan1329" value="det"/>
		<feat xlink:href="#sSpan1331" value="aux"/>
		<feat xlink:href="#sSpan1335" value="root"/>
		<feat xlink:href="#sSpan1337" value="obj"/>
		<feat xlink:href="#sSpan1339" value="case"/>
		<feat xlink:href="#sSpan1343" value="det"/>
		<feat xlink:href="#sSpan1346" value="obl"/>
		<feat xlink:href="#sSpan1348" value="case"/>
		<feat xlink:href="#sSpan1353" value="nmod"/>
		<feat xlink:href="#sSpan1355" value="case"/>
		<feat xlink:href="#sSpan1359" value="det"/>
		<feat xlink:href="#sSpan1362" value="nummod"/>
		<feat xlink:href="#sSpan1364" value="case"/>
		<feat xlink:href="#sSpan1368" value="obl"/>
		<feat xlink:href="#sSpan1370" value="punct"/>
		<feat xlink:href="#sSpan1374" value="dislocated"/>
		<feat xlink:href="#sSpan1381" value="advmod"/>
		<feat xlink:href="#sSpan1385" value="root"/>
		<feat xlink:href="#sSpan1389" value="nsubj"/>
		<feat xlink:href="#sSpan1391" value="case"/>
		<feat xlink:href="#sSpan1395" value="obl"/>
		<feat xlink:href="#sSpan1397" value="punct"/>
		<feat xlink:href="#sSpan1401" value="mark"/>
		<feat xlink:href="#sSpan1406" value="mark"/>
		<feat xlink:href="#sSpan1408" value="det"/>
		<feat xlink:href="#sSpan1413" value="advcl"/>
		<feat xlink:href="#sSpan1415" value="cop"/>
		<feat xlink:href="#sSpan1419" value="mark"/>
		<feat xlink:href="#sSpan1423" value="acl"/>
		<feat xlink:href="#sSpan1426" value="nsubj"/>
		<feat xlink:href="#sSpan1429" value="case"/>
		<feat xlink:href="#sSpan1433" value="obl"/>
		<feat xlink:href="#sSpan1435" value="punct"/>
		<feat xlink:href="#sSpan1439" value="mark"/>
		<feat xlink:href="#sSpan1443" value="ccomp"/>
		<feat xlink:href="#sSpan1445" value="case"/>
		<feat xlink:href="#sSpan1448" value="det"/>
		<feat xlink:href="#sSpan1452" value="obj"/>
		<feat xlink:href="#sSpan1454" value="case"/>
		<feat xlink:href="#sSpan1458" value="det"/>
		<feat xlink:href="#sSpan1461" value="nmod"/>
		<feat xlink:href="#sSpan1463" value="punct"/>
		<feat xlink:href="#sSpan1467" value="root"/>
		<feat xlink:href="#sSpan1473" value="nsubj"/>
		<feat xlink:href="#sSpan1475" value="case"/>
		<feat xlink:href="#sSpan1479" value="obl"/>
		<feat xlink:href="#sSpan1481" value="mark"/>
		<feat xlink:href="#sSpan1485" value="aux"/>
		<feat xlink:href="#sSpan1488" value="nsubj"/>
		<feat xlink:href="#sSpan1490" value="ccomp"/>
		<feat xlink:href="#sSpan1492" value="det"/>
		<feat xlink:href="#sSpan1497" value="obj"/>
		<feat xlink:href="#sSpan1499" value="case"/>
		<feat xlink:href="#sSpan1503" value="nmod"/>
		<feat xlink:href="#sSpan1505" value="case"/>
		<feat xlink:href="#sSpan1509" value="det"/>
		<feat xlink:href="#sSpan1512" value="obl"/>
		<feat xlink:href="#sSpan1514" value="punct"/>
		<feat xlink:href="#sSpan1518" value="root"/>
		<feat xlink:href="#sSpan1526" value="nsubj"/>
		<feat xlink:href="#sSpan1528" value="case"/>
		<feat xlink:href="#sSpan1533" value="obl"/>
		<feat xlink:href="#sSpan1535" value="mark"/>
		<feat xlink:href="#sSpan1539" value="mark"/>
		<feat xlink:href="#sSpan1541" value="det"/>
		<feat xlink:href="#sSpan1546" value="advcl"/>
		<feat xlink:href="#sSpan1548" value="cop"/>
		<feat xlink:href="#sSpan1552" value="cc"/>
		<feat xlink:href="#sSpan1557" value="conj"/>
		<feat xlink:href="#sSpan1560" value="case"/>
		<feat xlink:href="#sSpan1565" value="nmod"/>
		<feat xlink:href="#sSpan1567" value="mark"/>
		<feat xlink:href="#sSpan1571" value="xcomp"/>
		<feat xlink:href="#sSpan1573" value="obj"/>
		<feat xlink:href="#sSpan1575" value="punct"/>
		<feat xlink:href="#sSpan1579" value="nsubj"/>
		<feat xlink:href="#sSpan1583" value="aux"/>
		<feat xlink:href="#sSpan1585" value="ccomp"/>
		<feat xlink:href="#sSpan1587" value="obj"/>
		<feat xlink:href="#sSpan1589" value="advmod"/>
		<feat xlink:href="#sSpan1593" value="case"/>
		<feat xlink:href="#sSpan1597" value="det"/>
		<feat xlink:href="#sSpan1601" value="obl"/>
		<feat xlink:href="#sSpan1603" value="case"/>
		<feat xlink:href="#sSpan1607" value="det"/>
		<feat xlink:href="#sSpan1611" value="nmod"/>
		<feat xlink:href="#sSpan1613" value="case"/>
		<feat xlink:href="#sSpan1617" value="nmod"/>
		<feat xlink:href="#sSpan1619" value="case"/>
		<feat xlink:href="#sSpan1623" value="det"/>
		<feat xlink:href="#sSpan1626" value="nummod"/>
		<feat xlink:href="#sSpan1628" value="case"/>
		<feat xlink:href="#sSpan1632" value="nmod"/>
		<feat xlink:href="#sSpan1634" value="punct"/>
		<feat xlink:href="#sSpan1638" value="root"/>
		<feat xlink:href="#sSpan1644" value="nsubj"/>
		<feat xlink:href="#sSpan1646" value="case"/>
		<feat xlink:href="#sSpan1650" value="obl"/>
		<feat xlink:href="#sSpan1652" value="mark"/>
		<feat xlink:href="#sSpan1657" value="aux"/>
		<feat xlink:href="#sSpan1659" value="nsubj"/>
		<feat xlink:href="#sSpan1661" value="ccomp"/>
		<feat xlink:href="#sSpan1663" value="det"/>
		<feat xlink:href="#sSpan1668" value="obj"/>
		<feat xlink:href="#sSpan1670" value="case"/>
		<feat xlink:href="#sSpan1674" value="nmod"/>
		<feat xlink:href="#sSpan1676" value="case"/>
		<feat xlink:href="#sSpan1680" value="det"/>
		<feat xlink:href="#sSpan1683" value="obl"/>
		<feat xlink:href="#sSpan1685" value="punct"/>
		<feat xlink:href="#sSpan1689" value="dislocated"/>
		<feat xlink:href="#sSpan1696" value="advmod"/>
		<feat xlink:href="#sSpan1700" value="root"/>
		<feat xlink:href="#sSpan1705" value="nsubj"/>
		<feat xlink:href="#sSpan1707" value="case"/>
		<feat xlink:href="#sSpan1712" value="obl"/>
		<feat xlink:href="#sSpan1714" value="punct"/>
		<feat xlink:href="#sSpan1718" value="mark"/>
		<feat xlink:href="#sSpan1722" value="mark"/>
		<feat xlink:href="#sSpan1724" value="punct"/>
		<feat xlink:href="#sSpan1728" value="det"/>
		<feat xlink:href="#sSpan1733" value="ccomp"/>
		<feat xlink:href="#sSpan1735" value="cop"/>
		<feat xlink:href="#sSpan1739" value="cc"/>
		<feat xlink:href="#sSpan1743" value="conj"/>
		<feat xlink:href="#sSpan1746" value="case"/>
		<feat xlink:href="#sSpan1751" value="nmod"/>
		<feat xlink:href="#sSpan1753" value="mark"/>
		<feat xlink:href="#sSpan1758" value="xcomp"/>
		<feat xlink:href="#sSpan1761" value="punct"/>
		<feat xlink:href="#sSpan1765" value="advmod"/>
		<feat xlink:href="#sSpan1769" value="case"/>
		<feat xlink:href="#sSpan1773" value="det"/>
		<feat xlink:href="#sSpan1776" value="obl"/>
		<feat xlink:href="#sSpan1778" value="punct"/>
		<feat xlink:href="#sSpan1782" value="case"/>
		<feat xlink:href="#sSpan1786" value="det"/>
		<feat xlink:href="#sSpan1790" value="obl"/>
		<feat xlink:href="#sSpan1794" value="punct"/>
		<feat xlink:href="#sSpan1798" value="aux"/>
		<feat xlink:href="#sSpan1804" value="nsubj"/>
		<feat xlink:href="#sSpan1806" value="root"/>
		<feat xlink:href="#sSpan1808" value="det"/>
		<feat xlink:href="#sSpan1813" value="obj"/>
		<feat xlink:href="#sSpan1815" value="mark"/>
		<feat xlink:href="#sSpan1819" value="acl"/>
		<feat xlink:href="#sSpan1821" value="nsubj"/>
		<feat xlink:href="#sSpan1823" value="aux"/>
		<feat xlink:href="#sSpan1827" value="det"/>
		<feat xlink:href="#sSpan1830" value="aux"/>
		<feat xlink:href="#sSpan1832" value="parataxis"/>
		<feat xlink:href="#sSpan1836" value="obj"/>
		<feat xlink:href="#sSpan1838" value="advmod"/>
		<feat xlink:href="#sSpan1843" value="det"/>
		<feat xlink:href="#sSpan1845" value="mark"/>
		<feat xlink:href="#sSpan1849" value="dislocated"/>
		<feat xlink:href="#sSpan1852" value="mark"/>
		<feat xlink:href="#sSpan1854" value="nsubj"/>
		<feat xlink:href="#sSpan1856" value="aux"/>
		<feat xlink:href="#sSpan1859" value="acl"/>
		<feat xlink:href="#sSpan1861" value="case"/>
		<feat xlink:href="#sSpan1865" value="obj"/>
		<feat xlink:href="#sSpan1867" value="case"/>
		<feat xlink:href="#sSpan1871" value="det"/>
		<feat xlink:href="#sSpan1874" value="obl"/>
		<feat xlink:href="#sSpan1876" value="punct"/>
		<feat xlink:href="#sSpan1880" value="det"/>
		<feat xlink:href="#sSpan1886" value="nsubj"/>
		<feat xlink:href="#sSpan1888" value="aux"/>
		<feat xlink:href="#sSpan1892" value="ccomp"/>
		<feat xlink:href="#sSpan1894" value="obj"/>
		<feat xlink:href="#sSpan1896" value="case"/>
		<feat xlink:href="#sSpan1900" value="obl"/>
		<feat xlink:href="#sSpan1902" value="punct"/>
		<feat xlink:href="#sSpan1906" value="root"/>
		<feat xlink:href="#sSpan1912" value="nsubj"/>
		<feat xlink:href="#sSpan1914" value="case"/>
		<feat xlink:href="#sSpan1918" value="obl"/>
		<feat xlink:href="#sSpan1920" value="mark"/>
		<feat xlink:href="#sSpan1924" value="aux"/>
		<feat xlink:href="#sSpan1926" value="nsubj"/>
		<feat xlink:href="#sSpan1928" value="ccomp"/>
		<feat xlink:href="#sSpan1930" value="obj"/>
		<feat xlink:href="#sSpan1933" value="det"/>
		<feat xlink:href="#sSpan1935" value="aux"/>
		<feat xlink:href="#sSpan1939" value="nsubj"/>
		<feat xlink:href="#sSpan1941" value="advcl"/>
		<feat xlink:href="#sSpan1943" value="nummod"/>
		<feat xlink:href="#sSpan1946" value="case"/>
		<feat xlink:href="#sSpan1950" value="obj"/>
		<feat xlink:href="#sSpan1952" value="case"/>
		<feat xlink:href="#sSpan1956" value="nmod"/>
		<feat xlink:href="#sSpan1959" value="case"/>
		<feat xlink:href="#sSpan1963" value="det"/>
		<feat xlink:href="#sSpan1966" value="obl"/>
		<feat xlink:href="#sSpan1968" value="punct"/>
		<feat xlink:href="#sSpan1972" value="case"/>
		<feat xlink:href="#sSpan1977" value="det"/>
		<feat xlink:href="#sSpan1980" value="obl"/>
		<feat xlink:href="#sSpan1982" value="cc"/>
		<feat xlink:href="#sSpan1986" value="det"/>
		<feat xlink:href="#sSpan1991" value="dislocated"/>
		<feat xlink:href="#sSpan1994" value="appos"/>
		<feat xlink:href="#sSpan1998" value="aux"/>
		<feat xlink:href="#sSpan2002" value="conj"/>
		<feat xlink:href="#sSpan2004" value="obj"/>
		<feat xlink:href="#sSpan2006" value="case"/>
		<feat xlink:href="#sSpan2010" value="det"/>
		<feat xlink:href="#sSpan2013" value="nummod"/>
		<feat xlink:href="#sSpan2015" value="case"/>
		<feat xlink:href="#sSpan2019" value="obl"/>
		<feat xlink:href="#sSpan2021" value="punct"/>
		<feat xlink:href="#sSpan2025" value="aux"/>
		<feat xlink:href="#sSpan2030" value="nsubj"/>
		<feat xlink:href="#sSpan2033" value="advcl"/>
		<feat xlink:href="#sSpan2035" value="case"/>
		<feat xlink:href="#sSpan2039" value="obl"/>
		<feat xlink:href="#sSpan2042" value="mark"/>
		<feat xlink:href="#sSpan2044" value="acl"/>
		<feat xlink:href="#sSpan2046" value="advmod"/>
		<feat xlink:href="#sSpan2050" value="det"/>
		<feat xlink:href="#sSpan2052" value="punct"/>
		<feat xlink:href="#sSpan2056" value="dislocated"/>
		<feat xlink:href="#sSpan2063" value="advmod"/>
		<feat xlink:href="#sSpan2067" value="root"/>
		<feat xlink:href="#sSpan2072" value="nsubj"/>
		<feat xlink:href="#sSpan2074" value="case"/>
		<feat xlink:href="#sSpan2078" value="obl"/>
		<feat xlink:href="#sSpan2080" value="mark"/>
		<feat xlink:href="#sSpan2085" value="discourse"/>
		<feat xlink:href="#sSpan2087" value="det"/>
		<feat xlink:href="#sSpan2092" value="vocative"/>
		<feat xlink:href="#sSpan2094" value="mark"/>
		<feat xlink:href="#sSpan2098" value="acl"/>
		<feat xlink:href="#sSpan2100" value="punct"/>
		<feat xlink:href="#sSpan2104" value="mark"/>
		<feat xlink:href="#sSpan2108" value="nsubj"/>
		<feat xlink:href="#sSpan2112" value="advcl"/>
		<feat xlink:href="#sSpan2115" value="punct"/>
		<feat xlink:href="#sSpan2119" value="nsubj"/>
		<feat xlink:href="#sSpan2123" value="ccomp"/>
		<feat xlink:href="#sSpan2125" value="mark"/>
		<feat xlink:href="#sSpan2129" value="xcomp"/>
		<feat xlink:href="#sSpan2131" value="nsubj"/>
		<feat xlink:href="#sSpan2133" value="xcomp"/>
		<feat xlink:href="#sSpan2135" value="punct"/>
		<feat xlink:href="#sSpan2139" value="case"/>
		<feat xlink:href="#sSpan2143" value="det"/>
		<feat xlink:href="#sSpan2147" value="obl"/>
		<feat xlink:href="#sSpan2149" value="punct"/>
		<feat xlink:href="#sSpan2153" value="mark"/>
		<feat xlink:href="#sSpan2157" value="acl"/>
		<feat xlink:href="#sSpan2160" value="nsubj"/>
		<feat xlink:href="#sSpan2164" value="advcl"/>
		<feat xlink:href="#sSpan2166" value="case"/>
		<feat xlink:href="#sSpan2170" value="det"/>
		<feat xlink:href="#sSpan2174" value="obl"/>
		<feat xlink:href="#sSpan2176" value="punct"/>
		<feat xlink:href="#sSpan2180" value="root"/>
		<feat xlink:href="#sSpan2186" value="nsubj"/>
		<feat xlink:href="#sSpan2188" value="case"/>
		<feat xlink:href="#sSpan2192" value="obl"/>
		<feat xlink:href="#sSpan2194" value="mark"/>
		<feat xlink:href="#sSpan2198" value="ccomp"/>
		<feat xlink:href="#sSpan2201" value="det"/>
		<feat xlink:href="#sSpan2206" value="obj"/>
		<feat xlink:href="#sSpan2208" value="punct"/>
		<feat xlink:href="#sSpan2212" value="aux"/>
		<feat xlink:href="#sSpan2218" value="nsubj"/>
		<feat xlink:href="#sSpan2220" value="root"/>
		<feat xlink:href="#sSpan2222" value="obj"/>
		<feat xlink:href="#sSpan2225" value="advmod"/>
		<feat xlink:href="#sSpan2229" value="case"/>
		<feat xlink:href="#sSpan2233" value="det"/>
		<feat xlink:href="#sSpan2237" value="obl"/>
		<feat xlink:href="#sSpan2240" value="punct"/>
		<feat xlink:href="#sSpan2245" value="cc"/>
		<feat xlink:href="#sSpan2249" value="mark"/>
		<feat xlink:href="#sSpan2253" value="aux"/>
		<feat xlink:href="#sSpan2255" value="det"/>
		<feat xlink:href="#sSpan2258" value="nsubj"/>
		<feat xlink:href="#sSpan2260" value="conj"/>
		<feat xlink:href="#sSpan2264" value="obj"/>
		<feat xlink:href="#sSpan2266" value="case"/>
		<feat xlink:href="#sSpan2270" value="det"/>
		<feat xlink:href="#sSpan2273" value="obl"/>
		<feat xlink:href="#sSpan2275" value="case"/>
		<feat xlink:href="#sSpan2279" value="det"/>
		<feat xlink:href="#sSpan2282" value="nmod"/>
		<feat xlink:href="#sSpan2286" value="mark"/>
		<feat xlink:href="#sSpan2290" value="acl"/>
		<feat xlink:href="#sSpan2292" value="punct"/>
		<feat xlink:href="#sSpan2296" value="mark"/>
		<feat xlink:href="#sSpan2300" value="acl"/>
		<feat xlink:href="#sSpan2302" value="case"/>
		<feat xlink:href="#sSpan2306" value="det"/>
		<feat xlink:href="#sSpan2309" value="obl"/>
		<feat xlink:href="#sSpan2311" value="punct"/>
		<feat xlink:href="#sSpan2315" value="mark"/>
		<feat xlink:href="#sSpan2319" value="xcomp"/>
		<feat xlink:href="#sSpan2321" value="nsubj"/>
		<feat xlink:href="#sSpan2324" value="xcomp"/>
		<feat xlink:href="#sSpan2328" value="case"/>
		<feat xlink:href="#sSpan2332" value="obj"/>
		<feat xlink:href="#sSpan2334" value="cc"/>
		<feat xlink:href="#sSpan2338" value="det"/>
		<feat xlink:href="#sSpan2342" value="obl"/>
		<feat xlink:href="#sSpan2345" value="punct"/>
		<feat xlink:href="#sSpan2349" value="case"/>
		<feat xlink:href="#sSpan2353" value="det"/>
		<feat xlink:href="#sSpan2356" value="obl"/>
		<feat xlink:href="#sSpan2358" value="case"/>
		<feat xlink:href="#sSpan2363" value="det"/>
		<feat xlink:href="#sSpan2366" value="nmod"/>
		<feat xlink:href="#sSpan2368" value="punct"/>
		<feat xlink:href="#sSpan2372" value="det"/>
		<feat xlink:href="#sSpan2378" value="appos"/>
		<feat xlink:href="#sSpan2382" value="case"/>
		<feat xlink:href="#sSpan2387" value="det"/>
		<feat xlink:href="#sSpan2390" value="nmod"/>
		<feat xlink:href="#sSpan2392" value="case"/>
		<feat xlink:href="#sSpan2396" value="nmod"/>
		<feat xlink:href="#sSpan2399" value="mark"/>
		<feat xlink:href="#sSpan2401" value="acl"/>
		<feat xlink:href="#sSpan2404" value="root"/>
		<feat xlink:href="#sSpan2410" value="case"/>
		<feat xlink:href="#sSpan2414" value="obl"/>
		<feat xlink:href="#sSpan2416" value="advmod"/>
		<feat xlink:href="#sSpan2420" value="case"/>
		<feat xlink:href="#sSpan2424" value="obl"/>
		<feat xlink:href="#sSpan2428" value="discourse"/>
		<feat xlink:href="#sSpan2432" value="det"/>
		<feat xlink:href="#sSpan2437" value="vocative"/>
		<feat xlink:href="#sSpan2439" value="aux"/>
		<feat xlink:href="#sSpan2443" value="nsubj"/>
		<feat xlink:href="#sSpan2445" value="advcl"/>
		<feat xlink:href="#sSpan2448" value="punct"/>
		<feat xlink:href="#sSpan2452" value="mark"/>
		<feat xlink:href="#sSpan2456" value="nsubj"/>
		<feat xlink:href="#sSpan2458" value="advcl"/>
		<feat xlink:href="#sSpan2460" value="advmod"/>
		<feat xlink:href="#sSpan2464" value="case"/>
		<feat xlink:href="#sSpan2468" value="det"/>
		<feat xlink:href="#sSpan2471" value="obl"/>
		<feat xlink:href="#sSpan2473" value="mark"/>
		<feat xlink:href="#sSpan2477" value="acl"/>
		<feat xlink:href="#sSpan2479" value="nsubj"/>
		<feat xlink:href="#sSpan2481" value="punct"/>
		<feat xlink:href="#sSpan2485" value="dislocated"/>
		<feat xlink:href="#sSpan2492" value="advmod"/>
		<feat xlink:href="#sSpan2497" value="case"/>
		<feat xlink:href="#sSpan2501" value="det"/>
		<feat xlink:href="#sSpan2503" value="obl"/>
		<feat xlink:href="#sSpan2505" value="aux"/>
		<feat xlink:href="#sSpan2509" value="nsubj"/>
		<feat xlink:href="#sSpan2511" value="root"/>
		<feat xlink:href="#sSpan2513" value="case"/>
		<feat xlink:href="#sSpan2517" value="det"/>
		<feat xlink:href="#sSpan2520" value="obl"/>
		<feat xlink:href="#sSpan2522" value="punct"/>
		<feat xlink:href="#sSpan2526" value="root"/>
		<feat xlink:href="#sSpan2532" value="nsubj"/>
		<feat xlink:href="#sSpan2534" value="case"/>
		<feat xlink:href="#sSpan2538" value="obl"/>
		<feat xlink:href="#sSpan2540" value="mark"/>
		<feat xlink:href="#sSpan2545" value="ccomp"/>
		<feat xlink:href="#sSpan2547" value="case"/>
		<feat xlink:href="#sSpan2551" value="obl"/>
		<feat xlink:href="#sSpan2553" value="det"/>
		<feat xlink:href="#sSpan2558" value="vocative"/>
		<feat xlink:href="#sSpan2560" value="punct"/>
		<feat xlink:href="#sSpan2564" value="aux"/>
		<feat xlink:href="#sSpan2568" value="nsubj"/>
		<feat xlink:href="#sSpan2571" value="aux"/>
		<feat xlink:href="#sSpan2573" value="advcl"/>
		<feat xlink:href="#sSpan2577" value="obj"/>
		<feat xlink:href="#sSpan2579" value="case"/>
		<feat xlink:href="#sSpan2583" value="det"/>
		<feat xlink:href="#sSpan2587" value="obl"/>
		<feat xlink:href="#sSpan2589" value="punct"/>
		<feat xlink:href="#sSpan2593" value="case"/>
		<feat xlink:href="#sSpan2597" value="det"/>
		<feat xlink:href="#sSpan2599" value="obl"/>
		<feat xlink:href="#sSpan2601" value="mark"/>
		<feat xlink:href="#sSpan2605" value="aux"/>
		<feat xlink:href="#sSpan2607" value="nsubj"/>
		<feat xlink:href="#sSpan2609" value="acl"/>
		<feat xlink:href="#sSpan2611" value="case"/>
		<feat xlink:href="#sSpan2615" value="obl"/>
		<feat xlink:href="#sSpan2617" value="case"/>
		<feat xlink:href="#sSpan2621" value="obl"/>
		<feat xlink:href="#sSpan2623" value="case"/>
		<feat xlink:href="#sSpan2627" value="det"/>
		<feat xlink:href="#sSpan2630" value="obl"/>
		<feat xlink:href="#sSpan2632" value="aux"/>
		<feat xlink:href="#sSpan2637" value="nsubj"/>
		<feat xlink:href="#sSpan2639" value="advcl"/>
		<feat xlink:href="#sSpan2641" value="advmod"/>
		<feat xlink:href="#sSpan2645" value="case"/>
		<feat xlink:href="#sSpan2649" value="xcomp"/>
		<feat xlink:href="#sSpan2651" value="case"/>
		<feat xlink:href="#sSpan2655" value="obl"/>
		<feat xlink:href="#sSpan2657" value="case"/>
		<feat xlink:href="#sSpan2661" value="det"/>
		<feat xlink:href="#sSpan2664" value="det"/>
		<feat xlink:href="#sSpan2667" value="obl"/>
		<feat xlink:href="#sSpan2669" value="punct"/>
		<feat xlink:href="#sSpan2673" value="case"/>
		<feat xlink:href="#sSpan2678" value="det"/>
		<feat xlink:href="#sSpan2681" value="obl"/>
		<feat xlink:href="#sSpan2684" value="appos"/>
		<feat xlink:href="#sSpan2688" value="det"/>
		<feat xlink:href="#sSpan2693" value="appos"/>
		<feat xlink:href="#sSpan2695" value="punct"/>
		<feat xlink:href="#sSpan2699" value="dislocated"/>
		<feat xlink:href="#sSpan2708" value="advmod"/>
		<feat xlink:href="#sSpan2712" value="root"/>
		<feat xlink:href="#sSpan2716" value="nsubj"/>
		<feat xlink:href="#sSpan2718" value="case"/>
		<feat xlink:href="#sSpan2722" value="obl"/>
		<feat xlink:href="#sSpan2724" value="punct"/>
		<feat xlink:href="#sSpan2728" value="mark"/>
		<feat xlink:href="#sSpan2732" value="det"/>
		<feat xlink:href="#sSpan2735" value="vocative"/>
		<feat xlink:href="#sSpan2737" value="advmod"/>
		<feat xlink:href="#sSpan2741" value="det"/>
		<feat xlink:href="#sSpan2744" value="nmod"/>
		<feat xlink:href="#sSpan2746" value="aux"/>
		<feat xlink:href="#sSpan2752" value="ccomp"/>
		<feat xlink:href="#sSpan2754" value="case"/>
		<feat xlink:href="#sSpan2758" value="obj"/>
		<feat xlink:href="#sSpan2760" value="advmod"/>
		<feat xlink:href="#sSpan2764" value="case"/>
		<feat xlink:href="#sSpan2768" value="obl"/>
		<feat xlink:href="#sSpan2771" value="case"/>
		<feat xlink:href="#sSpan2775" value="nmod"/>
		<feat xlink:href="#sSpan2777" value="nsubj"/>
		<feat xlink:href="#sSpan2781" value="advcl"/>
		<feat xlink:href="#sSpan2783" value="obj"/>
		<feat xlink:href="#sSpan2785" value="case"/>
		<feat xlink:href="#sSpan2790" value="det"/>
		<feat xlink:href="#sSpan2794" value="obl"/>
		<feat xlink:href="#sSpan2796" value="punct"/>
		<feat xlink:href="#sSpan2800" value="case"/>
		<feat xlink:href="#sSpan2804" value="det"/>
		<feat xlink:href="#sSpan2807" value="nmod"/>
		<feat xlink:href="#sSpan2810" value="advcl"/>
		<feat xlink:href="#sSpan2815" value="punct"/>
		<feat xlink:href="#sSpan2819" value="case"/>
		<feat xlink:href="#sSpan2823" value="det"/>
		<feat xlink:href="#sSpan2827" value="obl"/>
		<feat xlink:href="#sSpan2831" value="punct"/>
		<feat xlink:href="#sSpan2835" value="case"/>
		<feat xlink:href="#sSpan2839" value="det"/>
		<feat xlink:href="#sSpan2842" value="obl"/>
		<feat xlink:href="#sSpan2845" value="cc"/>
		<feat xlink:href="#sSpan2849" value="case"/>
		<feat xlink:href="#sSpan2853" value="det"/>
		<feat xlink:href="#sSpan2856" value="conj"/>
		<feat xlink:href="#sSpan2858" value="punct"/>
		<feat xlink:href="#sSpan2863" value="cc"/>
		<feat xlink:href="#sSpan2867" value="mark"/>
		<feat xlink:href="#sSpan2872" value="nsubj"/>
		<feat xlink:href="#sSpan2874" value="aux"/>
		<feat xlink:href="#sSpan2876" value="conj"/>
		<feat xlink:href="#sSpan2878" value="case"/>
		<feat xlink:href="#sSpan2882" value="det"/>
		<feat xlink:href="#sSpan2885" value="obj"/>
		<feat xlink:href="#sSpan2887" value="punct"/>
		<feat xlink:href="#sSpan2891" value="mark"/>
		<feat xlink:href="#sSpan2895" value="aux"/>
		<feat xlink:href="#sSpan2897" value="nsubj"/>
		<feat xlink:href="#sSpan2899" value="case"/>
		<feat xlink:href="#sSpan2901" value="acl"/>
		<feat xlink:href="#sSpan2903" value="case"/>
		<feat xlink:href="#sSpan2907" value="obl"/>
		<feat xlink:href="#sSpan2909" value="punct"/>
		<feat xlink:href="#sSpan2913" value="mark"/>
		<feat xlink:href="#sSpan2920" value="det"/>
		<feat xlink:href="#sSpan2924" value="nsubj"/>
		<feat xlink:href="#sSpan2927" value="root"/>
		<feat xlink:href="#sSpan2931" value="case"/>
		<feat xlink:href="#sSpan2935" value="obj"/>
		<feat xlink:href="#sSpan2937" value="punct"/>
		<feat xlink:href="#sSpan2941" value="aux"/>
		<feat xlink:href="#sSpan2945" value="nsubj"/>
		<feat xlink:href="#sSpan2947" value="advcl"/>
		<feat xlink:href="#sSpan2949" value="obj"/>
		<feat xlink:href="#sSpan2951" value="case"/>
		<feat xlink:href="#sSpan2956" value="det"/>
		<feat xlink:href="#sSpan2960" value="obl"/>
		<feat xlink:href="#sSpan2962" value="case"/>
		<feat xlink:href="#sSpan2966" value="det"/>
		<feat xlink:href="#sSpan2970" value="nmod"/>
		<feat xlink:href="#sSpan2972" value="aux"/>
		<feat xlink:href="#sSpan2976" value="nsubj"/>
		<feat xlink:href="#sSpan2978" value="parataxis"/>
		<feat xlink:href="#sSpan2981" value="case"/>
		<feat xlink:href="#sSpan2985" value="obl"/>
		<feat xlink:href="#sSpan2988" value="case"/>
		<feat xlink:href="#sSpan2993" value="nmod"/>
		<feat xlink:href="#sSpan2996" value="case"/>
		<feat xlink:href="#sSpan3000" value="case"/>
		<feat xlink:href="#sSpan3004" value="obl"/>
		<feat xlink:href="#sSpan3006" value="punct"/>
		<feat xlink:href="#sSpan3010" value="case"/>
		<feat xlink:href="#sSpan3014" value="det"/>
		<feat xlink:href="#sSpan3018" value="obl"/>
		<feat xlink:href="#sSpan3022" value="case"/>
		<feat xlink:href="#sSpan3026" value="det"/>
		<feat xlink:href="#sSpan3030" value="nmod"/>
		<feat xlink:href="#sSpan3032" value="punct"/>
		<feat xlink:href="#sSpan3036" value="aux"/>
		<feat xlink:href="#sSpan3044" value="nsubj"/>
		<feat xlink:href="#sSpan3046" value="advcl"/>
		<feat xlink:href="#sSpan3049" value="advmod"/>
		<feat xlink:href="#sSpan3053" value="mark"/>
		<feat xlink:href="#sSpan3057" value="nsubj"/>
		<feat xlink:href="#sSpan3059" value="advcl"/>
		<feat xlink:href="#sSpan3061" value="case"/>
		<feat xlink:href="#sSpan3065" value="obj"/>
		<feat xlink:href="#sSpan3068" value="aux"/>
		<feat xlink:href="#sSpan3073" value="nsubj"/>
		<feat xlink:href="#sSpan3075" value="root"/>
		<feat xlink:href="#sSpan3077" value="aux"/>
		<feat xlink:href="#sSpan3083" value="nsubj"/>
		<feat xlink:href="#sSpan3085" value="root"/>
		<feat xlink:href="#sSpan3087" value="case"/>
		<feat xlink:href="#sSpan3092" value="det"/>
		<feat xlink:href="#sSpan3095" value="obl"/>
		<feat xlink:href="#sSpan3097" value="case"/>
		<feat xlink:href="#sSpan3101" value="det"/>
		<feat xlink:href="#sSpan3105" value="obl"/>
		<feat xlink:href="#sSpan3108" value="cc"/>
		<feat xlink:href="#sSpan3112" value="det"/>
		<feat xlink:href="#sSpan3115" value="conj"/>
		<feat xlink:href="#sSpan3117" value="mark"/>
		<feat xlink:href="#sSpan3122" value="nsubj"/>
		<feat xlink:href="#sSpan3124" value="acl"/>
		<feat xlink:href="#sSpan3126" value="punct"/>
		<feat xlink:href="#sSpan3130" value="case"/>
		<feat xlink:href="#sSpan3136" value="obl"/>
		<feat xlink:href="#sSpan3138" value="aux"/>
		<feat xlink:href="#sSpan3142" value="nsubj"/>
		<feat xlink:href="#sSpan3144" value="root"/>
		<feat xlink:href="#sSpan3147" value="case"/>
		<feat xlink:href="#sSpan3151" value="det"/>
		<feat xlink:href="#sSpan3154" value="obl"/>
		<feat xlink:href="#sSpan3156" value="punct"/>
		<feat xlink:href="#sSpan3160" value="aux"/>
		<feat xlink:href="#sSpan3166" value="nsubj"/>
		<feat xlink:href="#sSpan3168" value="root"/>
		<feat xlink:href="#sSpan3170" value="advmod"/>
		<feat xlink:href="#sSpan3174" value="case"/>
		<feat xlink:href="#sSpan3179" value="det"/>
		<feat xlink:href="#sSpan3183" value="obj"/>
		<feat xlink:href="#sSpan3185" value="case"/>
		<feat xlink:href="#sSpan3189" value="det"/>
		<feat xlink:href="#sSpan3192" value="nmod"/>
		<feat xlink:href="#sSpan3194" value="punct"/>
		<feat xlink:href="#sSpan3198" value="cc"/>
		<feat xlink:href="#sSpan3202" value="aux"/>
		<feat xlink:href="#sSpan3206" value="nsubj"/>
		<feat xlink:href="#sSpan3208" value="conj"/>
		<feat xlink:href="#sSpan3210" value="case"/>
		<feat xlink:href="#sSpan3214" value="det"/>
		<feat xlink:href="#sSpan3218" value="obj"/>
		<feat xlink:href="#sSpan3221" value="case"/>
		<feat xlink:href="#sSpan3225" value="nmod"/>
		<feat xlink:href="#sSpan3228" value="case"/>
		<feat xlink:href="#sSpan3232" value="det"/>
		<feat xlink:href="#sSpan3235" value="nmod"/>
		<feat xlink:href="#sSpan3237" value="case"/>
		<feat xlink:href="#sSpan3242" value="obl"/>
		<feat xlink:href="#sSpan3247" value="case"/>
		<feat xlink:href="#sSpan3251" value="det"/>
		<feat xlink:href="#sSpan3254" value="nmod"/>
		<feat xlink:href="#sSpan3256" value="appos"/>
		<feat xlink:href="#sSpan3261" value="punct"/>
		<feat xlink:href="#sSpan3265" value="dislocated"/>
		<feat xlink:href="#sSpan3272" value="advmod"/>
		<feat xlink:href="#sSpan3276" value="aux"/>
		<feat xlink:href="#sSpan3280" value="nsubj"/>
		<feat xlink:href="#sSpan3282" value="root"/>
		<feat xlink:href="#sSpan3284" value="case"/>
		<feat xlink:href="#sSpan3288" value="det"/>
		<feat xlink:href="#sSpan3292" value="obl"/>
		<feat xlink:href="#sSpan3294" value="case"/>
		<feat xlink:href="#sSpan3299" value="nmod"/>
		<feat xlink:href="#sSpan3303" value="mark"/>
		<feat xlink:href="#sSpan3307" value="nsubj"/>
		<feat xlink:href="#sSpan3310" value="acl"/>
		<feat xlink:href="#sSpan3312" value="advmod"/>
		<feat xlink:href="#sSpan3316" value="case"/>
		<feat xlink:href="#sSpan3320" value="det"/>
		<feat xlink:href="#sSpan3324" value="obl"/>
		<feat xlink:href="#sSpan3327" value="appos"/>
		<feat xlink:href="#sSpan3331" value="flat"/>
		<feat xlink:href="#sSpan3336" value="punct"/>
		<feat xlink:href="#sSpan3340" value="cc"/>
		<feat xlink:href="#sSpan3344" value="aux"/>
		<feat xlink:href="#sSpan3348" value="det"/>
		<feat xlink:href="#sSpan3351" value="nsubj"/>
		<feat xlink:href="#sSpan3353" value="case"/>
		<feat xlink:href="#sSpan3357" value="nmod"/>
		<feat xlink:href="#sSpan3359" value="conj"/>
		<feat xlink:href="#sSpan3363" value="case"/>
		<feat xlink:href="#sSpan3367" value="det"/>
		<feat xlink:href="#sSpan3372" value="obl"/>
		<feat xlink:href="#sSpan3376" value="case"/>
		<feat xlink:href="#sSpan3380" value="det"/>
		<feat xlink:href="#sSpan3383" value="nmod"/>
		<feat xlink:href="#sSpan3385" value="punct"/>
		<feat xlink:href="#sSpan3389" value="dislocated"/>
		<feat xlink:href="#sSpan3396" value="advmod"/>
		<feat xlink:href="#sSpan3400" value="aux"/>
		<feat xlink:href="#sSpan3404" value="nsubj"/>
		<feat xlink:href="#sSpan3406" value="root"/>
		<feat xlink:href="#sSpan3408" value="obj"/>
		<feat xlink:href="#sSpan3411" value="advmod"/>
		<feat xlink:href="#sSpan3417" value="case"/>
		<feat xlink:href="#sSpan3421" value="det"/>
		<feat xlink:href="#sSpan3424" value="nmod"/>
		<feat xlink:href="#sSpan3426" value="case"/>
		<feat xlink:href="#sSpan3430" value="acl"/>
		<feat xlink:href="#sSpan3432" value="case"/>
		<feat xlink:href="#sSpan3436" value="obl"/>
		<feat xlink:href="#sSpan3438" value="aux"/>
		<feat xlink:href="#sSpan3444" value="nsubj"/>
		<feat xlink:href="#sSpan3446" value="root"/>
		<feat xlink:href="#sSpan3448" value="case"/>
		<feat xlink:href="#sSpan3450" value="det"/>
		<feat xlink:href="#sSpan3453" value="obj"/>
		<feat xlink:href="#sSpan3455" value="punct"/>
		<feat xlink:href="#sSpan3459" value="case"/>
		<feat xlink:href="#sSpan3464" value="det"/>
		<feat xlink:href="#sSpan3467" value="obl"/>
		<feat xlink:href="#sSpan3469" value="punct"/>
		<feat xlink:href="#sSpan3473" value="det"/>
		<feat xlink:href="#sSpan3478" value="det"/>
		<feat xlink:href="#sSpan3480" value="dislocated"/>
		<feat xlink:href="#sSpan3483" value="advmod"/>
		<feat xlink:href="#sSpan3487" value="aux"/>
		<feat xlink:href="#sSpan3491" value="nsubj"/>
		<feat xlink:href="#sSpan3493" value="parataxis"/>
		<feat xlink:href="#sSpan3495" value="det"/>
		<feat xlink:href="#sSpan3497" value="case"/>
		<feat xlink:href="#sSpan3501" value="obl"/>
		<feat xlink:href="#sSpan3503" value="mark"/>
		<feat xlink:href="#sSpan3507" value="aux"/>
		<feat xlink:href="#sSpan3510" value="nsubj"/>
		<feat xlink:href="#sSpan3512" value="ccomp"/>
		<feat xlink:href="#sSpan3515" value="mark"/>
		<feat xlink:href="#sSpan3519" value="nsubj"/>
		<feat xlink:href="#sSpan3522" value="advcl"/>
		<feat xlink:href="#sSpan3525" value="punct"/>
		<feat xlink:href="#sSpan3529" value="aux"/>
		<feat xlink:href="#sSpan3535" value="nsubj"/>
		<feat xlink:href="#sSpan3537" value="root"/>
		<feat xlink:href="#sSpan3540" value="advmod"/>
		<feat xlink:href="#sSpan3544" value="case"/>
		<feat xlink:href="#sSpan3548" value="det"/>
		<feat xlink:href="#sSpan3552" value="obj"/>
		<feat xlink:href="#sSpan3554" value="case"/>
		<feat xlink:href="#sSpan3558" value="det"/>
		<feat xlink:href="#sSpan3561" value="obl"/>
		<feat xlink:href="#sSpan3563" value="case"/>
		<feat xlink:href="#sSpan3567" value="det"/>
		<feat xlink:href="#sSpan3570" value="obl"/>
		<feat xlink:href="#sSpan3572" value="case"/>
		<feat xlink:href="#sSpan3576" value="det"/>
		<feat xlink:href="#sSpan3579" value="nmod"/>
		<feat xlink:href="#sSpan3581" value="aux"/>
		<feat xlink:href="#sSpan3587" value="nsubj"/>
		<feat xlink:href="#sSpan3589" value="root"/>
		<feat xlink:href="#sSpan3591" value="case"/>
		<feat xlink:href="#sSpan3595" value="det"/>
		<feat xlink:href="#sSpan3598" value="obl"/>
		<feat xlink:href="#sSpan3600" value="case"/>
		<feat xlink:href="#sSpan3605" value="det"/>
		<feat xlink:href="#sSpan3608" value="obj"/>
		<feat xlink:href="#sSpan3611" value="case"/>
		<feat xlink:href="#sSpan3616" value="nmod"/>
		<feat xlink:href="#sSpan3618" value="mark"/>
		<feat xlink:href="#sSpan3622" value="nsubj"/>
		<feat xlink:href="#sSpan3624" value="acl"/>
		<feat xlink:href="#sSpan3626" value="cc"/>
		<feat xlink:href="#sSpan3630" value="mark"/>
		<feat xlink:href="#sSpan3634" value="nsubj"/>
		<feat xlink:href="#sSpan3636" value="conj"/>
		<feat xlink:href="#sSpan3639" value="advmod"/>
		<feat xlink:href="#sSpan3643" value="mark"/>
		<feat xlink:href="#sSpan3649" value="advmod"/>
		<feat xlink:href="#sSpan3651" value="punct"/>
		<feat xlink:href="#sSpan3655" value="aux"/>
		<feat xlink:href="#sSpan3664" value="nsubj"/>
		<feat xlink:href="#sSpan3666" value="root"/>
		<feat xlink:href="#sSpan3669" value="advmod"/>
		<feat xlink:href="#sSpan3673" value="case"/>
		<feat xlink:href="#sSpan3677" value="det"/>
		<feat xlink:href="#sSpan3680" value="obj"/>
		<feat xlink:href="#sSpan3682" value="advmod"/>
		<feat xlink:href="#sSpan3686" value="case"/>
		<feat xlink:href="#sSpan3690" value="obl"/>
		<feat xlink:href="#sSpan3692" value="punct"/>
		<feat xlink:href="#sSpan3696" value="cc"/>
		<feat xlink:href="#sSpan3700" value="aux"/>
		<feat xlink:href="#sSpan3704" value="nsubj"/>
		<feat xlink:href="#sSpan3706" value="conj"/>
		<feat xlink:href="#sSpan3708" value="case"/>
		<feat xlink:href="#sSpan3712" value="det"/>
		<feat xlink:href="#sSpan3716" value="obj"/>
		<feat xlink:href="#sSpan3718" value="case"/>
		<feat xlink:href="#sSpan3722" value="nmod"/>
		<feat xlink:href="#sSpan3724" value="punct"/>
		<feat xlink:href="#sSpan3728" value="case"/>
		<feat xlink:href="#sSpan3732" value="fixed"/>
		<feat xlink:href="#sSpan3736" value="obl"/>
		<feat xlink:href="#sSpan3738" value="aux"/>
		<feat xlink:href="#sSpan3744" value="nsubj"/>
		<feat xlink:href="#sSpan3746" value="root"/>
		<feat xlink:href="#sSpan3749" value="obj"/>
		<feat xlink:href="#sSpan3751" value="aux"/>
		<feat xlink:href="#sSpan3757" value="nsubj"/>
		<feat xlink:href="#sSpan3759" value="root"/>
		<feat xlink:href="#sSpan3761" value="punct"/>
		<feat xlink:href="#sSpan3765" value="det"/>
		<feat xlink:href="#sSpan3772" value="dislocated"/>
		<feat xlink:href="#sSpan3776" value="punct"/>
		<feat xlink:href="#sSpan3780" value="cc"/>
		<feat xlink:href="#sSpan3784" value="case"/>
		<feat xlink:href="#sSpan3788" value="det"/>
		<feat xlink:href="#sSpan3790" value="conj"/>
		<feat xlink:href="#sSpan3792" value="aux"/>
		<feat xlink:href="#sSpan3796" value="det"/>
		<feat xlink:href="#sSpan3799" value="nsubj"/>
		<feat xlink:href="#sSpan3801" value="conj"/>
		<feat xlink:href="#sSpan3805" value="punct"/>
		<feat xlink:href="#sSpan3809" value="dislocated"/>
		<feat xlink:href="#sSpan3817" value="advmod"/>
		<feat xlink:href="#sSpan3821" value="aux"/>
		<feat xlink:href="#sSpan3825" value="nsubj"/>
		<feat xlink:href="#sSpan3828" value="root"/>
		<feat xlink:href="#sSpan3831" value="advmod"/>
		<feat xlink:href="#sSpan3835" value="punct"/>
		<feat xlink:href="#sSpan3839" value="case"/>
		<feat xlink:href="#sSpan3843" value="obj"/>
		<feat xlink:href="#sSpan3846" value="mark"/>
		<feat xlink:href="#sSpan3848" value="aux"/>
		<feat xlink:href="#sSpan3850" value="nsubj"/>
		<feat xlink:href="#sSpan3852" value="acl"/>
		<feat xlink:href="#sSpan3854" value="punct"/>
		<feat xlink:href="#sSpan3858" value="aux"/>
		<feat xlink:href="#sSpan3865" value="nsubj"/>
		<feat xlink:href="#sSpan3867" value="root"/>
		<feat xlink:href="#sSpan3869" value="case"/>
		<feat xlink:href="#sSpan3873" value="obj"/>
		<feat xlink:href="#sSpan3876" value="mark"/>
		<feat xlink:href="#sSpan3878" value="aux"/>
		<feat xlink:href="#sSpan3880" value="nsubj"/>
		<feat xlink:href="#sSpan3882" value="acl"/>
		<feat xlink:href="#sSpan3884" value="case"/>
		<feat xlink:href="#sSpan3888" value="det"/>
		<feat xlink:href="#sSpan3891" value="obl"/>
		<feat xlink:href="#sSpan3893" value="punct"/>
		<feat xlink:href="#sSpan3897" value="cc"/>
		<feat xlink:href="#sSpan3901" value="aux"/>
		<feat xlink:href="#sSpan3905" value="nsubj"/>
		<feat xlink:href="#sSpan3907" value="conj"/>
		<feat xlink:href="#sSpan3909" value="case"/>
		<feat xlink:href="#sSpan3914" value="det"/>
		<feat xlink:href="#sSpan3917" value="obj"/>
		<feat xlink:href="#sSpan3919" value="mark"/>
		<feat xlink:href="#sSpan3923" value="aux"/>
		<feat xlink:href="#sSpan3925" value="nsubj"/>
		<feat xlink:href="#sSpan3927" value="acl"/>
		<feat xlink:href="#sSpan3929" value="case"/>
		<feat xlink:href="#sSpan3933" value="obl"/>
		<feat xlink:href="#sSpan3935" value="punct"/>
		<feat xlink:href="#sSpan3939" value="aux"/>
		<feat xlink:href="#sSpan3945" value="nsubj"/>
		<feat xlink:href="#sSpan3947" value="advcl"/>
		<feat xlink:href="#sSpan3950" value="advmod"/>
		<feat xlink:href="#sSpan3954" value="mark"/>
		<feat xlink:href="#sSpan3958" value="advmod"/>
		<feat xlink:href="#sSpan3961" value="det"/>
		<feat xlink:href="#sSpan3964" value="ccomp"/>
		<feat xlink:href="#sSpan3966" value="advmod"/>
		<feat xlink:href="#sSpan3970" value="case"/>
		<feat xlink:href="#sSpan3974" value="det"/>
		<feat xlink:href="#sSpan3977" value="nmod"/>
		<feat xlink:href="#sSpan3979" value="cop"/>
		<feat xlink:href="#sSpan3983" value="mark"/>
		<feat xlink:href="#sSpan3987" value="csubj"/>
		<feat xlink:href="#sSpan3989" value="nsubj"/>
		<feat xlink:href="#sSpan3991" value="xcomp"/>
		<feat xlink:href="#sSpan3993" value="case"/>
		<feat xlink:href="#sSpan3997" value="det"/>
		<feat xlink:href="#sSpan4000" value="obl"/>
		<feat xlink:href="#sSpan4002" value="punct"/>
		<feat xlink:href="#sSpan4006" value="aux"/>
		<feat xlink:href="#sSpan4011" value="nsubj"/>
		<feat xlink:href="#sSpan4013" value="root"/>
		<feat xlink:href="#sSpan4015" value="obj"/>
		<feat xlink:href="#sSpan4018" value="advmod"/>
		<feat xlink:href="#sSpan4022" value="aux"/>
		<feat xlink:href="#sSpan4028" value="nsubj"/>
		<feat xlink:href="#sSpan4030" value="root"/>
		<feat xlink:href="#sSpan4032" value="advmod"/>
		<feat xlink:href="#sSpan4036" value="case"/>
		<feat xlink:href="#sSpan4040" value="det"/>
		<feat xlink:href="#sSpan4043" value="obl"/>
		<feat xlink:href="#sSpan4045" value="punct"/>
		<feat xlink:href="#sSpan4049" value="cc"/>
		<feat xlink:href="#sSpan4053" value="advmod"/>
		<feat xlink:href="#sSpan4058" value="det"/>
		<feat xlink:href="#sSpan4061" value="conj"/>
		<feat xlink:href="#sSpan4063" value="mark"/>
		<feat xlink:href="#sSpan4067" value="aux"/>
		<feat xlink:href="#sSpan4069" value="nsubj"/>
		<feat xlink:href="#sSpan4071" value="acl"/>
		<feat xlink:href="#sSpan4073" value="case"/>
		<feat xlink:href="#sSpan4077" value="obl"/>
		<feat xlink:href="#sSpan4079" value="case"/>
		<feat xlink:href="#sSpan4083" value="obl"/>
		<feat xlink:href="#sSpan4085" value="aux"/>
		<feat xlink:href="#sSpan4089" value="nsubj"/>
		<feat xlink:href="#sSpan4092" value="conj"/>
		<feat xlink:href="#sSpan4095" value="case"/>
		<feat xlink:href="#sSpan4100" value="obl"/>
		<feat xlink:href="#sSpan4102" value="punct"/>
		<feat xlink:href="#sSpan4106" value="aux"/>
		<feat xlink:href="#sSpan4110" value="nsubj"/>
		<feat xlink:href="#sSpan4112" value="parataxis"/>
		<feat xlink:href="#sSpan4114" value="advmod"/>
		<feat xlink:href="#sSpan4118" value="case"/>
		<feat xlink:href="#sSpan4122" value="obl"/>
		<feat xlink:href="#sSpan4124" value="case"/>
		<feat xlink:href="#sSpan4128" value="det"/>
		<feat xlink:href="#sSpan4130" value="obl"/>
		<feat xlink:href="#sSpan4132" value="case"/>
		<feat xlink:href="#sSpan4136" value="det"/>
		<feat xlink:href="#sSpan4139" value="nmod"/>
		<feat xlink:href="#sSpan4141" value="punct"/>
		<feat xlink:href="#sSpan4145" value="root"/>
		<feat xlink:href="#sSpan4151" value="nsubj"/>
		<feat xlink:href="#sSpan4153" value="case"/>
		<feat xlink:href="#sSpan4158" value="obl"/>
		<feat xlink:href="#sSpan4160" value="punct"/>
		<feat xlink:href="#sSpan4164" value="mark"/>
		<feat xlink:href="#sSpan4168" value="dislocated"/>
		<feat xlink:href="#sSpan4171" value="det"/>
		<feat xlink:href="#sSpan4174" value="vocative"/>
		<feat xlink:href="#sSpan4176" value="aux"/>
		<feat xlink:href="#sSpan4180" value="det"/>
		<feat xlink:href="#sSpan4183" value="nsubj"/>
		<feat xlink:href="#sSpan4185" value="ccomp"/>
		<feat xlink:href="#sSpan4189" value="obj"/>
		<feat xlink:href="#sSpan4191" value="case"/>
		<feat xlink:href="#sSpan4195" value="det"/>
		<feat xlink:href="#sSpan4198" value="obl"/>
		<feat xlink:href="#sSpan4200" value="mark"/>
		<feat xlink:href="#sSpan4204" value="nsubj"/>
		<feat xlink:href="#sSpan4207" value="ccomp"/>
		<feat xlink:href="#sSpan4209" value="case"/>
		<feat xlink:href="#sSpan4213" value="obl"/>
		<feat xlink:href="#sSpan4215" value="case"/>
		<feat xlink:href="#sSpan4219" value="det"/>
		<feat xlink:href="#sSpan4222" value="obl"/>
		<feat xlink:href="#sSpan4224" value="punct"/>
		<feat xlink:href="#sSpan4228" value="advmod"/>
		<feat xlink:href="#sSpan4234" value="nummod"/>
		<feat xlink:href="#sSpan4237" value="case"/>
		<feat xlink:href="#sSpan4241" value="obl"/>
		<feat xlink:href="#sSpan4243" value="aux"/>
		<feat xlink:href="#sSpan4247" value="nsubj"/>
		<feat xlink:href="#sSpan4249" value="root"/>
		<feat xlink:href="#sSpan4252" value="case"/>
		<feat xlink:href="#sSpan4256" value="obl"/>
		<feat xlink:href="#sSpan4260" value="mark"/>
		<feat xlink:href="#sSpan4264" value="advcl"/>
		<feat xlink:href="#sSpan4268" value="advmod"/>
		<feat xlink:href="#sSpan4272" value="det"/>
		<feat xlink:href="#sSpan4274" value="punct"/>
		<feat xlink:href="#sSpan4278" value="aux"/>
		<feat xlink:href="#sSpan4284" value="nsubj"/>
		<feat xlink:href="#sSpan4286" value="root"/>
		<feat xlink:href="#sSpan4289" value="advmod"/>
		<feat xlink:href="#sSpan4294" value="case"/>
		<feat xlink:href="#sSpan4298" value="xcomp"/>
		<feat xlink:href="#sSpan4300" value="case"/>
		<feat xlink:href="#sSpan4304" value="det"/>
		<feat xlink:href="#sSpan4306" value="obl"/>
		<feat xlink:href="#sSpan4308" value="punct"/>
		<feat xlink:href="#sSpan4313" value="advmod"/>
		<feat xlink:href="#sSpan4321" value="root"/>
		<feat xlink:href="#sSpan4325" value="nsubj"/>
		<feat xlink:href="#sSpan4327" value="case"/>
		<feat xlink:href="#sSpan4331" value="obl"/>
		<feat xlink:href="#sSpan4333" value="mark"/>
		<feat xlink:href="#sSpan4338" value="discourse"/>
		<feat xlink:href="#sSpan4340" value="det"/>
		<feat xlink:href="#sSpan4345" value="vocative"/>
		<feat xlink:href="#sSpan4347" value="punct"/>
		<feat xlink:href="#sSpan4351" value="ccomp"/>
		<feat xlink:href="#sSpan4355" value="det"/>
		<feat xlink:href="#sSpan4358" value="obj"/>
		<feat xlink:href="#sSpan4360" value="case"/>
		<feat xlink:href="#sSpan4364" value="det"/>
		<feat xlink:href="#sSpan4367" value="obl"/>
		<feat xlink:href="#sSpan4369" value="case"/>
		<feat xlink:href="#sSpan4373" value="nmod"/>
		<feat xlink:href="#sSpan4376" value="mark"/>
		<feat xlink:href="#sSpan4380" value="mark"/>
		<feat xlink:href="#sSpan4382" value="aux"/>
		<feat xlink:href="#sSpan4384" value="nsubj"/>
		<feat xlink:href="#sSpan4386" value="advcl"/>
		<feat xlink:href="#sSpan4388" value="case"/>
		<feat xlink:href="#sSpan4392" value="det"/>
		<feat xlink:href="#sSpan4395" value="obl"/>
		<feat xlink:href="#sSpan4397" value="mark"/>
		<feat xlink:href="#sSpan4401" value="nsubj"/>
		<feat xlink:href="#sSpan4403" value="acl"/>
		<feat xlink:href="#sSpan4405" value="punct"/>
		<feat xlink:href="#sSpan4409" value="aux"/>
		<feat xlink:href="#sSpan4416" value="det"/>
		<feat xlink:href="#sSpan4419" value="nsubj"/>
		<feat xlink:href="#sSpan4422" value="advmod"/>
		<feat xlink:href="#sSpan4426" value="root"/>
		<feat xlink:href="#sSpan4430" value="obj"/>
		<feat xlink:href="#sSpan4432" value="mark"/>
		<feat xlink:href="#sSpan4436" value="xcomp"/>
		<feat xlink:href="#sSpan4438" value="nsubj"/>
		<feat xlink:href="#sSpan4440" value="xcomp"/>
		<feat xlink:href="#sSpan4442" value="case"/>
		<feat xlink:href="#sSpan4446" value="det"/>
		<feat xlink:href="#sSpan4448" value="obl"/>
		<feat xlink:href="#sSpan4451" value="punct"/>
		<feat xlink:href="#sSpan4455" value="case"/>
		<feat xlink:href="#sSpan4459" value="det"/>
		<feat xlink:href="#sSpan4463" value="obl"/>
		<feat xlink:href="#sSpan4465" value="punct"/>
		<feat xlink:href="#sSpan4469" value="nsubj"/>
		<feat xlink:href="#sSpan4475" value="root"/>
		<feat xlink:href="#sSpan4478" value="advmod"/>
		<feat xlink:href="#sSpan4482" value="case"/>
		<feat xlink:href="#sSpan4486" value="obl"/>
		<feat xlink:href="#sSpan4488" value="punct"/>
		<feat xlink:href="#sSpan4493" value="discourse"/>
		<feat xlink:href="#sSpan4497" value="det"/>
		<feat xlink:href="#sSpan4502" value="vocative"/>
		<feat xlink:href="#sSpan4504" value="case"/>
		<feat xlink:href="#sSpan4508" value="nmod"/>
		<feat xlink:href="#sSpan4511" value="punct"/>
		<feat xlink:href="#sSpan4515" value="det"/>
		<feat xlink:href="#sSpan4523" value="dislocated"/>
		<feat xlink:href="#sSpan4526" value="advmod"/>
		<feat xlink:href="#sSpan4530" value="det"/>
		<feat xlink:href="#sSpan4534" value="nmod"/>
		<feat xlink:href="#sSpan4536" value="cc"/>
		<feat xlink:href="#sSpan4540" value="det"/>
		<feat xlink:href="#sSpan4542" value="conj"/>
		<feat xlink:href="#sSpan4544" value="punct"/>
		<feat xlink:href="#sSpan4548" value="advmod"/>
		<feat xlink:href="#sSpan4553" value="fixed"/>
		<feat xlink:href="#sSpan4556" value="punct"/>
		<feat xlink:href="#sSpan4560" value="aux"/>
		<feat xlink:href="#sSpan4564" value="nsubj"/>
		<feat xlink:href="#sSpan4566" value="root"/>
		<feat xlink:href="#sSpan4569" value="advmod"/>
		<feat xlink:href="#sSpan4573" value="case"/>
		<feat xlink:href="#sSpan4577" value="nummod"/>
		<feat xlink:href="#sSpan4580" value="case"/>
		<feat xlink:href="#sSpan4584" value="obj"/>
		<feat xlink:href="#sSpan4586" value="punct"/>
		<feat xlink:href="#sSpan4590" value="mark"/>
		<feat xlink:href="#sSpan4594" value="nsubj"/>
		<feat xlink:href="#sSpan4596" value="acl"/>
		<feat xlink:href="#sSpan4598" value="cc"/>
		<feat xlink:href="#sSpan4603" value="mark"/>
		<feat xlink:href="#sSpan4607" value="nsubj"/>
		<feat xlink:href="#sSpan4609" value="conj"/>
		<feat xlink:href="#sSpan4612" value="mark"/>
		<feat xlink:href="#sSpan4616" value="mark"/>
		<feat xlink:href="#sSpan4620" value="mark"/>
		<feat xlink:href="#sSpan4622" value="aux"/>
		<feat xlink:href="#sSpan4624" value="nsubj"/>
		<feat xlink:href="#sSpan4626" value="ccomp"/>
		<feat xlink:href="#sSpan4628" value="obj"/>
		<feat xlink:href="#sSpan4630" value="case"/>
		<feat xlink:href="#sSpan4634" value="det"/>
		<feat xlink:href="#sSpan4637" value="obl"/>
		<feat xlink:href="#sSpan4639" value="punct"/>
		<feat xlink:href="#sSpan4643" value="case"/>
		<feat xlink:href="#sSpan4650" value="det"/>
		<feat xlink:href="#sSpan4652" value="obl"/>
		<feat xlink:href="#sSpan4654" value="aux"/>
		<feat xlink:href="#sSpan4658" value="nsubj"/>
		<feat xlink:href="#sSpan4660" value="root"/>
		<feat xlink:href="#sSpan4663" value="advmod"/>
		<feat xlink:href="#sSpan4667" value="advmod"/>
		<feat xlink:href="#sSpan4671" value="case"/>
		<feat xlink:href="#sSpan4675" value="det"/>
		<feat xlink:href="#sSpan4678" value="obj"/>
		<feat xlink:href="#sSpan4680" value="mark"/>
		<feat xlink:href="#sSpan4684" value="aux"/>
		<feat xlink:href="#sSpan4686" value="nsubj"/>
		<feat xlink:href="#sSpan4688" value="acl"/>
		<feat xlink:href="#sSpan4690" value="obj"/>
		<feat xlink:href="#sSpan4692" value="aux"/>
		<feat xlink:href="#sSpan4699" value="nsubj"/>
		<feat xlink:href="#sSpan4701" value="root"/>
		<feat xlink:href="#sSpan4704" value="advmod"/>
		<feat xlink:href="#sSpan4708" value="aux"/>
		<feat xlink:href="#sSpan4712" value="nsubj"/>
		<feat xlink:href="#sSpan4714" value="parataxis"/>
		<feat xlink:href="#sSpan4716" value="case"/>
		<feat xlink:href="#sSpan4720" value="det"/>
		<feat xlink:href="#sSpan4722" value="obl"/>
		<feat xlink:href="#sSpan4724" value="punct"/>
		<feat xlink:href="#sSpan4728" value="cc"/>
		<feat xlink:href="#sSpan4734" value="root"/>
		<feat xlink:href="#sSpan4738" value="nsubj"/>
		<feat xlink:href="#sSpan4740" value="case"/>
		<feat xlink:href="#sSpan4745" value="obl"/>
		<feat xlink:href="#sSpan4747" value="mark"/>
		<feat xlink:href="#sSpan4751" value="advmod"/>
		<feat xlink:href="#sSpan4753" value="det"/>
		<feat xlink:href="#sSpan4759" value="nummod"/>
		<feat xlink:href="#sSpan4762" value="case"/>
		<feat xlink:href="#sSpan4766" value="ccomp"/>
		<feat xlink:href="#sSpan4768" value="mark"/>
		<feat xlink:href="#sSpan4772" value="mark"/>
		<feat xlink:href="#sSpan4774" value="aux"/>
		<feat xlink:href="#sSpan4776" value="nsubj"/>
		<feat xlink:href="#sSpan4778" value="advcl"/>
		<feat xlink:href="#sSpan4781" value="case"/>
		<feat xlink:href="#sSpan4785" value="det"/>
		<feat xlink:href="#sSpan4788" value="obl"/>
		<feat xlink:href="#sSpan4791" value="nummod"/>
		<feat xlink:href="#sSpan4798" value="case"/>
		<feat xlink:href="#sSpan4802" value="root"/>
		<feat xlink:href="#sSpan4804" value="appos"/>
		<feat xlink:href="#sSpan4808" value="mark"/>
		<feat xlink:href="#sSpan4810" value="acl"/>
		<feat xlink:href="#sSpan4812" value="case"/>
		<feat xlink:href="#sSpan4816" value="obl"/>
		<feat xlink:href="#sSpan4818" value="case"/>
		<feat xlink:href="#sSpan4822" value="obl"/>
		<feat xlink:href="#sSpan4825" value="punct"/>
		<feat xlink:href="#sSpan4829" value="mark"/>
		<feat xlink:href="#sSpan4834" value="nsubj"/>
		<feat xlink:href="#sSpan4836" value="advcl"/>
		<feat xlink:href="#sSpan4839" value="case"/>
		<feat xlink:href="#sSpan4843" value="obj"/>
		<feat xlink:href="#sSpan4845" value="case"/>
		<feat xlink:href="#sSpan4849" value="obl"/>
		<feat xlink:href="#sSpan4851" value="case"/>
		<feat xlink:href="#sSpan4855" value="fixed"/>
		<feat xlink:href="#sSpan4859" value="det"/>
		<feat xlink:href="#sSpan4862" value="obl"/>
		<feat xlink:href="#sSpan4864" value="punct"/>
		<feat xlink:href="#sSpan4868" value="aux"/>
		<feat xlink:href="#sSpan4874" value="nsubj"/>
		<feat xlink:href="#sSpan4877" value="advcl"/>
		<feat xlink:href="#sSpan4880" value="advmod"/>
		<feat xlink:href="#sSpan4884" value="case"/>
		<feat xlink:href="#sSpan4888" value="obl"/>
		<feat xlink:href="#sSpan4890" value="case"/>
		<feat xlink:href="#sSpan4894" value="det"/>
		<feat xlink:href="#sSpan4897" value="obl"/>
		<feat xlink:href="#sSpan4899" value="advmod"/>
		<feat xlink:href="#sSpan4903" value="dislocated"/>
		<feat xlink:href="#sSpan4906" value="aux"/>
		<feat xlink:href="#sSpan4910" value="nsubj"/>
		<feat xlink:href="#sSpan4912" value="root"/>
		<feat xlink:href="#sSpan4914" value="obj"/>
		<feat xlink:href="#sSpan4916" value="case"/>
		<feat xlink:href="#sSpan4920" value="obl"/>
		<feat xlink:href="#sSpan4922" value="punct"/>
		<feat xlink:href="#sSpan4926" value="cc"/>
		<feat xlink:href="#sSpan4932" value="mark"/>
		<feat xlink:href="#sSpan4937" value="root"/>
		<feat xlink:href="#sSpan4939" value="nsubj"/>
		<feat xlink:href="#sSpan4941" value="advmod"/>
		<feat xlink:href="#sSpan4945" value="mark"/>
		<feat xlink:href="#sSpan4949" value="mark"/>
		<feat xlink:href="#sSpan4951" value="aux"/>
		<feat xlink:href="#sSpan4953" value="nsubj"/>
		<feat xlink:href="#sSpan4955" value="ccomp"/>
		<feat xlink:href="#sSpan4957" value="advmod"/>
		<feat xlink:href="#sSpan4962" value="cc"/>
		<feat xlink:href="#sSpan4966" value="nsubj"/>
		<feat xlink:href="#sSpan4970" value="conj"/>
		<feat xlink:href="#sSpan4973" value="advmod"/>
		<feat xlink:href="#sSpan4978" value="case"/>
		<feat xlink:href="#sSpan4982" value="obl"/>
		<feat xlink:href="#sSpan4984" value="case"/>
		<feat xlink:href="#sSpan4988" value="nmod"/>
		<feat xlink:href="#sSpan4990" value="mark"/>
		<feat xlink:href="#sSpan4994" value="nsubj"/>
		<feat xlink:href="#sSpan4996" value="advcl"/>
		<feat xlink:href="#sSpan4998" value="advmod"/>
		<feat xlink:href="#sSpan5002" value="punct"/>
		<feat xlink:href="#sSpan5006" value="aux"/>
		<feat xlink:href="#sSpan5012" value="nsubj"/>
		<feat xlink:href="#sSpan5014" value="advcl"/>
		<feat xlink:href="#sSpan5017" value="advmod"/>
		<feat xlink:href="#sSpan5021" value="case"/>
		<feat xlink:href="#sSpan5026" value="xcomp"/>
		<feat xlink:href="#sSpan5028" value="case"/>
		<feat xlink:href="#sSpan5032" value="det"/>
		<feat xlink:href="#sSpan5034" value="obl"/>
		<feat xlink:href="#sSpan5036" value="aux"/>
		<feat xlink:href="#sSpan5040" value="nsubj"/>
		<feat xlink:href="#sSpan5042" value="root"/>
		<feat xlink:href="#sSpan5044" value="det"/>
		<feat xlink:href="#sSpan5047" value="obj"/>
		<feat xlink:href="#sSpan5049" value="advmod"/>
		<feat xlink:href="#sSpan5053" value="det"/>
		<feat xlink:href="#sSpan5055" value="case"/>
		<feat xlink:href="#sSpan5059" value="nmod"/>
		<feat xlink:href="#sSpan5062" value="case"/>
		<feat xlink:href="#sSpan5067" value="obl"/>
		<feat xlink:href="#sSpan5070" value="punct"/>
		<feat xlink:href="#sSpan5074" value="dislocated"/>
		<feat xlink:href="#sSpan5082" value="advmod"/>
		<feat xlink:href="#sSpan5086" value="aux"/>
		<feat xlink:href="#sSpan5090" value="nsubj"/>
		<feat xlink:href="#sSpan5092" value="advcl"/>
		<feat xlink:href="#sSpan5094" value="punct"/>
		<feat xlink:href="#sSpan5098" value="aux"/>
		<feat xlink:href="#sSpan5102" value="nsubj"/>
		<feat xlink:href="#sSpan5105" value="root"/>
		<feat xlink:href="#sSpan5108" value="case"/>
		<feat xlink:href="#sSpan5113" value="obj"/>
		<feat xlink:href="#sSpan5115" value="mark"/>
		<feat xlink:href="#sSpan5119" value="xcomp"/>
		<feat xlink:href="#sSpan5121" value="nsubj"/>
		<feat xlink:href="#sSpan5123" value="xcomp"/>
		<feat xlink:href="#sSpan5125" value="obj"/>
		<feat xlink:href="#sSpan5127" value="case"/>
		<feat xlink:href="#sSpan5131" value="obl"/>
		<feat xlink:href="#sSpan5133" value="case"/>
		<feat xlink:href="#sSpan5137" value="det"/>
		<feat xlink:href="#sSpan5140" value="obl"/>
		<feat xlink:href="#sSpan5142" value="case"/>
		<feat xlink:href="#sSpan5147" value="det"/>
		<feat xlink:href="#sSpan5150" value="nmod"/>
		<feat xlink:href="#sSpan5152" value="punct"/>
		<feat xlink:href="#sSpan5156" value="root"/>
		<feat xlink:href="#sSpan5164" value="nsubj"/>
		<feat xlink:href="#sSpan5166" value="case"/>
		<feat xlink:href="#sSpan5170" value="obl"/>
		<feat xlink:href="#sSpan5172" value="mark"/>
		<feat xlink:href="#sSpan5177" value="discourse"/>
		<feat xlink:href="#sSpan5179" value="det"/>
		<feat xlink:href="#sSpan5184" value="vocative"/>
		<feat xlink:href="#sSpan5186" value="case"/>
		<feat xlink:href="#sSpan5190" value="det"/>
		<feat xlink:href="#sSpan5193" value="nmod"/>
		<feat xlink:href="#sSpan5195" value="punct"/>
		<feat xlink:href="#sSpan5199" value="ccomp"/>
		<feat xlink:href="#sSpan5203" value="case"/>
		<feat xlink:href="#sSpan5207" value="obl"/>
		<feat xlink:href="#sSpan5209" value="advmod"/>
		<feat xlink:href="#sSpan5213" value="advmod"/>
		<feat xlink:href="#sSpan5219" value="mark"/>
		<feat xlink:href="#sSpan5223" value="xcomp"/>
		<feat xlink:href="#sSpan5225" value="nsubj"/>
		<feat xlink:href="#sSpan5227" value="xcomp"/>
		<feat xlink:href="#sSpan5229" value="case"/>
		<feat xlink:href="#sSpan5233" value="det"/>
		<feat xlink:href="#sSpan5236" value="obl"/>
		<feat xlink:href="#sSpan5238" value="punct"/>
		<feat xlink:href="#sSpan5243" value="cc"/>
		<feat xlink:href="#sSpan5249" value="root"/>
		<feat xlink:href="#sSpan5253" value="aux"/>
		<feat xlink:href="#sSpan5257" value="nsubj"/>
		<feat xlink:href="#sSpan5259" value="advcl"/>
		<feat xlink:href="#sSpan5262" value="case"/>
		<feat xlink:href="#sSpan5267" value="obl"/>
		<feat xlink:href="#sSpan5270" value="punct"/>
		<feat xlink:href="#sSpan5274" value="aux"/>
		<feat xlink:href="#sSpan5278" value="nsubj"/>
		<feat xlink:href="#sSpan5280" value="advcl"/>
		<feat xlink:href="#sSpan5282" value="case"/>
		<feat xlink:href="#sSpan5286" value="obj"/>
		<feat xlink:href="#sSpan5289" value="mark"/>
		<feat xlink:href="#sSpan5291" value="aux"/>
		<feat xlink:href="#sSpan5293" value="nsubj"/>
		<feat xlink:href="#sSpan5295" value="acl"/>
		<feat xlink:href="#sSpan5297" value="case"/>
		<feat xlink:href="#sSpan5301" value="obl"/>
		<feat xlink:href="#sSpan5303" value="punct"/>
		<feat xlink:href="#sSpan5307" value="case"/>
		<feat xlink:href="#sSpan5311" value="det"/>
		<feat xlink:href="#sSpan5314" value="obl"/>
		<feat xlink:href="#sSpan5316" value="case"/>
		<feat xlink:href="#sSpan5321" value="det"/>
		<feat xlink:href="#sSpan5325" value="obl"/>
		<feat xlink:href="#sSpan5329" value="case"/>
		<feat xlink:href="#sSpan5333" value="obl"/>
		<feat xlink:href="#sSpan5335" value="punct"/>
		<feat xlink:href="#sSpan5339" value="cc"/>
		<feat xlink:href="#sSpan5343" value="case"/>
		<feat xlink:href="#sSpan5347" value="det"/>
		<feat xlink:href="#sSpan5350" value="conj"/>
		<feat xlink:href="#sSpan5352" value="case"/>
		<feat xlink:href="#sSpan5356" value="nmod"/>
		<feat xlink:href="#sSpan5359" value="mark"/>
		<feat xlink:href="#sSpan5361" value="acl"/>
		<feat xlink:href="#sSpan5363" value="punct"/>
		<feat xlink:href="#sSpan5367" value="dislocated"/>
		<feat xlink:href="#sSpan5374" value="advmod"/>
		<feat xlink:href="#sSpan5379" value="aux"/>
		<feat xlink:href="#sSpan5383" value="nsubj"/>
		<feat xlink:href="#sSpan5386" value="root"/>
		<feat xlink:href="#sSpan5388" value="case"/>
		<feat xlink:href="#sSpan5392" value="obj"/>
		<feat xlink:href="#sSpan5394" value="mark"/>
		<feat xlink:href="#sSpan5398" value="xcomp"/>
		<feat xlink:href="#sSpan5400" value="nsubj"/>
		<feat xlink:href="#sSpan5402" value="xcomp"/>
		<feat xlink:href="#sSpan5404" value="case"/>
		<feat xlink:href="#sSpan5408" value="obl"/>
		<feat xlink:href="#sSpan5410" value="case"/>
		<feat xlink:href="#sSpan5414" value="det"/>
		<feat xlink:href="#sSpan5417" value="obj"/>
		<feat xlink:href="#sSpan5420" value="dislocated"/>
		<feat xlink:href="#sSpan5425" value="advmod"/>
		<feat xlink:href="#sSpan5429" value="aux"/>
		<feat xlink:href="#sSpan5433" value="nsubj"/>
		<feat xlink:href="#sSpan5436" value="parataxis"/>
		<feat xlink:href="#sSpan5438" value="case"/>
		<feat xlink:href="#sSpan5442" value="obl"/>
		<feat xlink:href="#sSpan5444" value="obj"/>
		<feat xlink:href="#sSpan5446" value="case"/>
		<feat xlink:href="#sSpan5450" value="obl"/>
		<feat xlink:href="#sSpan5452" value="punct"/>
		<feat xlink:href="#sSpan5456" value="aux"/>
		<feat xlink:href="#sSpan5463" value="nsubj"/>
		<feat xlink:href="#sSpan5466" value="root"/>
		<feat xlink:href="#sSpan5468" value="case"/>
		<feat xlink:href="#sSpan5472" value="obj"/>
		<feat xlink:href="#sSpan5474" value="cc"/>
		<feat xlink:href="#sSpan5478" value="advmod"/>
		<feat xlink:href="#sSpan5482" value="aux"/>
		<feat xlink:href="#sSpan5486" value="nsubj"/>
		<feat xlink:href="#sSpan5488" value="conj"/>
		<feat xlink:href="#sSpan5490" value="case"/>
		<feat xlink:href="#sSpan5494" value="obl"/>
		<feat xlink:href="#sSpan5496" value="case"/>
		<feat xlink:href="#sSpan5500" value="det"/>
		<feat xlink:href="#sSpan5504" value="obj"/>
		<feat xlink:href="#sSpan5506" value="punct"/>
		<feat xlink:href="#sSpan5510" value="aux"/>
		<feat xlink:href="#sSpan5516" value="nsubj"/>
		<feat xlink:href="#sSpan5518" value="root"/>
		<feat xlink:href="#sSpan5520" value="parataxis"/>
		<feat xlink:href="#sSpan5524" value="nsubj"/>
		<feat xlink:href="#sSpan5526" value="mark"/>
		<feat xlink:href="#sSpan5530" value="ccomp"/>
		<feat xlink:href="#sSpan5533" value="mark"/>
		<feat xlink:href="#sSpan5535" value="aux"/>
		<feat xlink:href="#sSpan5537" value="nsubj"/>
		<feat xlink:href="#sSpan5540" value="acl"/>
		<feat xlink:href="#sSpan5543" value="case"/>
		<feat xlink:href="#sSpan5547" value="obl"/>
		<feat xlink:href="#sSpan5551" value="det"/>
		<feat xlink:href="#sSpan5555" value="punct"/>
		<feat xlink:href="#sSpan5559" value="cc"/>
		<feat xlink:href="#sSpan5563" value="mark"/>
		<feat xlink:href="#sSpan5567" value="conj"/>
		<feat xlink:href="#sSpan5569" value="case"/>
		<feat xlink:href="#sSpan5573" value="obj"/>
		<feat xlink:href="#sSpan5577" value="det"/>
		<feat xlink:href="#sSpan5581" value="appos"/>
		<feat xlink:href="#sSpan5585" value="mark"/>
		<feat xlink:href="#sSpan5589" value="acl"/>
		<feat xlink:href="#sSpan5592" value="case"/>
		<feat xlink:href="#sSpan5596" value="det"/>
		<feat xlink:href="#sSpan5599" value="obj"/>
		<feat xlink:href="#sSpan5601" value="punct"/>
		<feat xlink:href="#sSpan5605" value="advmod"/>
		<feat xlink:href="#sSpan5611" value="advmod"/>
		<feat xlink:href="#sSpan5615" value="det"/>
		<feat xlink:href="#sSpan5620" value="nsubj"/>
		<feat xlink:href="#sSpan5622" value="root"/>
		<feat xlink:href="#sSpan5626" value="det"/>
		<feat xlink:href="#sSpan5628" value="obj"/>
		<feat xlink:href="#sSpan5631" value="aux"/>
		<feat xlink:href="#sSpan5635" value="nsubj"/>
		<feat xlink:href="#sSpan5637" value="advcl"/>
		<feat xlink:href="#sSpan5639" value="case"/>
		<feat xlink:href="#sSpan5643" value="obl"/>
		<feat xlink:href="#sSpan5645" value="case"/>
		<feat xlink:href="#sSpan5649" value="det"/>
		<feat xlink:href="#sSpan5652" value="obl"/>
		<feat xlink:href="#sSpan5654" value="case"/>
		<feat xlink:href="#sSpan5658" value="det"/>
		<feat xlink:href="#sSpan5661" value="nmod"/>
		<feat xlink:href="#sSpan5663" value="punct"/>
		<feat xlink:href="#sSpan5668" value="root"/>
		<feat xlink:href="#sSpan5676" value="advmod"/>
		<feat xlink:href="#sSpan5680" value="advmod"/>
		<feat xlink:href="#sSpan5684" value="parataxis"/>
		<feat xlink:href="#sSpan5686" value="det"/>
		<feat xlink:href="#sSpan5690" value="obj"/>
		<feat xlink:href="#sSpan5692" value="mark"/>
		<feat xlink:href="#sSpan5697" value="xcomp"/>
		<feat xlink:href="#sSpan5700" value="case"/>
		<feat xlink:href="#sSpan5705" value="obj"/>
		<feat xlink:href="#sSpan5707" value="punct"/>
		<feat xlink:href="#sSpan5711" value="mark"/>
		<feat xlink:href="#sSpan5715" value="aux"/>
		<feat xlink:href="#sSpan5717" value="nsubj"/>
		<feat xlink:href="#sSpan5720" value="advcl"/>
		<feat xlink:href="#sSpan5723" value="case"/>
		<feat xlink:href="#sSpan5727" value="det"/>
		<feat xlink:href="#sSpan5730" value="obj"/>
		<feat xlink:href="#sSpan5732" value="punct"/>
		<feat xlink:href="#sSpan5736" value="aux"/>
		<feat xlink:href="#sSpan5742" value="nsubj"/>
		<feat xlink:href="#sSpan5744" value="advcl"/>
		<feat xlink:href="#sSpan5747" value="advmod"/>
		<feat xlink:href="#sSpan5752" value="case"/>
		<feat xlink:href="#sSpan5757" value="obl"/>
		<feat xlink:href="#sSpan5760" value="punct"/>
		<feat xlink:href="#sSpan5764" value="aux"/>
		<feat xlink:href="#sSpan5768" value="nsubj"/>
		<feat xlink:href="#sSpan5770" value="root"/>
		<feat xlink:href="#sSpan5772" value="case"/>
		<feat xlink:href="#sSpan5776" value="obl"/>
		<feat xlink:href="#sSpan5778" value="cc"/>
		<feat xlink:href="#sSpan5782" value="aux"/>
		<feat xlink:href="#sSpan5786" value="nsubj"/>
		<feat xlink:href="#sSpan5789" value="conj"/>
		<feat xlink:href="#sSpan5791" value="case"/>
		<feat xlink:href="#sSpan5795" value="obj"/>
		<feat xlink:href="#sSpan5797" value="punct"/>
		<feat xlink:href="#sSpan5801" value="aux"/>
		<feat xlink:href="#sSpan5808" value="nsubj"/>
		<feat xlink:href="#sSpan5810" value="root"/>
		<feat xlink:href="#sSpan5813" value="case"/>
		<feat xlink:href="#sSpan5817" value="case"/>
		<feat xlink:href="#sSpan5821" value="obl"/>
		<feat xlink:href="#sSpan5824" value="det"/>
		<feat xlink:href="#sSpan5826" value="punct"/>
		<feat xlink:href="#sSpan5830" value="aux"/>
		<feat xlink:href="#sSpan5838" value="nsubj"/>
		<feat xlink:href="#sSpan5840" value="advcl"/>
		<feat xlink:href="#sSpan5842" value="case"/>
		<feat xlink:href="#sSpan5846" value="obj"/>
		<feat xlink:href="#sSpan5848" value="case"/>
		<feat xlink:href="#sSpan5852" value="det"/>
		<feat xlink:href="#sSpan5855" value="obl"/>
		<feat xlink:href="#sSpan5857" value="case"/>
		<feat xlink:href="#sSpan5861" value="nmod"/>
		<feat xlink:href="#sSpan5864" value="punct"/>
		<feat xlink:href="#sSpan5868" value="aux"/>
		<feat xlink:href="#sSpan5872" value="nsubj"/>
		<feat xlink:href="#sSpan5874" value="root"/>
		<feat xlink:href="#sSpan5877" value="advmod"/>
		<feat xlink:href="#sSpan5881" value="advmod"/>
		<feat xlink:href="#sSpan5885" value="case"/>
		<feat xlink:href="#sSpan5889" value="det"/>
		<feat xlink:href="#sSpan5894" value="obl"/>
		<feat xlink:href="#sSpan5896" value="case"/>
		<feat xlink:href="#sSpan5900" value="nmod"/>
		<feat xlink:href="#sSpan5903" value="punct"/>
		<feat xlink:href="#sSpan5907" value="dislocated"/>
		<feat xlink:href="#sSpan5914" value="advmod"/>
		<feat xlink:href="#sSpan5918" value="aux"/>
		<feat xlink:href="#sSpan5922" value="nsubj"/>
		<feat xlink:href="#sSpan5924" value="root"/>
		<feat xlink:href="#sSpan5926" value="case"/>
		<feat xlink:href="#sSpan5930" value="det"/>
		<feat xlink:href="#sSpan5932" value="obl"/>
		<feat xlink:href="#sSpan5934" value="case"/>
		<feat xlink:href="#sSpan5939" value="det"/>
		<feat xlink:href="#sSpan5942" value="obl"/>
		<feat xlink:href="#sSpan5944" value="punct"/>
		<feat xlink:href="#sSpan5948" value="cc"/>
		<feat xlink:href="#sSpan5952" value="aux"/>
		<feat xlink:href="#sSpan5956" value="aux"/>
		<feat xlink:href="#sSpan5958" value="det"/>
		<feat xlink:href="#sSpan5961" value="nsubj"/>
		<feat xlink:href="#sSpan5963" value="case"/>
		<feat xlink:href="#sSpan5967" value="nmod"/>
		<feat xlink:href="#sSpan5969" value="conj"/>
		<feat xlink:href="#sSpan5973" value="case"/>
		<feat xlink:href="#sSpan5976" value="det"/>
		<feat xlink:href="#sSpan5980" value="obl"/>
		<feat xlink:href="#sSpan5982" value="punct"/>
		<feat xlink:href="#sSpan5986" value="aux"/>
		<feat xlink:href="#sSpan5992" value="nsubj"/>
		<feat xlink:href="#sSpan5994" value="advcl"/>
		<feat xlink:href="#sSpan5996" value="cc"/>
		<feat xlink:href="#sSpan6000" value="aux"/>
		<feat xlink:href="#sSpan6004" value="nsubj"/>
		<feat xlink:href="#sSpan6006" value="conj"/>
		<feat xlink:href="#sSpan6008" value="case"/>
		<feat xlink:href="#sSpan6012" value="det"/>
		<feat xlink:href="#sSpan6015" value="obj"/>
		<feat xlink:href="#sSpan6017" value="punct"/>
		<feat xlink:href="#sSpan6021" value="aux"/>
		<feat xlink:href="#sSpan6025" value="nsubj"/>
		<feat xlink:href="#sSpan6027" value="root"/>
		<feat xlink:href="#sSpan6030" value="mark"/>
		<feat xlink:href="#sSpan6034" value="nsubj"/>
		<feat xlink:href="#sSpan6036" value="advcl"/>
		<feat xlink:href="#sSpan6038" value="advmod"/>
		<feat xlink:href="#sSpan6040" value="case"/>
		<feat xlink:href="#sSpan6044" value="det"/>
		<feat xlink:href="#sSpan6047" value="obl"/>
		<feat xlink:href="#sSpan6049" value="punct"/>
		<feat xlink:href="#sSpan6053" value="mark"/>
		<feat xlink:href="#sSpan6057" value="nsubj"/>
		<feat xlink:href="#sSpan6060" value="advcl"/>
		<feat xlink:href="#sSpan6063" value="punct"/>
		<feat xlink:href="#sSpan6067" value="cc"/>
		<feat xlink:href="#sSpan6074" value="mark"/>
		<feat xlink:href="#sSpan6078" value="nsubj"/>
		<feat xlink:href="#sSpan6080" value="root"/>
		<feat xlink:href="#sSpan6083" value="advmod"/>
		<feat xlink:href="#sSpan6087" value="fixed"/>
		<feat xlink:href="#sSpan6091" value="ccomp"/>
		<feat xlink:href="#sSpan6093" value="cop"/>
		<feat xlink:href="#sSpan6097" value="mark"/>
		<feat xlink:href="#sSpan6101" value="aux"/>
		<feat xlink:href="#sSpan6103" value="nsubj"/>
		<feat xlink:href="#sSpan6105" value="csubj"/>
		<feat xlink:href="#sSpan6107" value="case"/>
		<feat xlink:href="#sSpan6112" value="obj"/>
		<feat xlink:href="#sSpan6114" value="case"/>
		<feat xlink:href="#sSpan6118" value="det"/>
		<feat xlink:href="#sSpan6121" value="obl"/>
		<feat xlink:href="#sSpan6123" value="punct"/>
		<feat xlink:href="#sSpan6127" value="cc"/>
		<feat xlink:href="#sSpan6133" value="advmod"/>
		<feat xlink:href="#sSpan6137" value="root"/>
		<feat xlink:href="#sSpan6141" value="det"/>
		<feat xlink:href="#sSpan6144" value="nsubj"/>
		<feat xlink:href="#sSpan6146" value="case"/>
		<feat xlink:href="#sSpan6150" value="obl"/>
		<feat xlink:href="#sSpan6152" value="mark"/>
		<feat xlink:href="#sSpan6157" value="nsubj"/>
		<feat xlink:href="#sSpan6159" value="advcl"/>
		<feat xlink:href="#sSpan6161" value="case"/>
		<feat xlink:href="#sSpan6166" value="obl"/>
		<feat xlink:href="#sSpan6169" value="punct"/>
		<feat xlink:href="#sSpan6173" value="cc"/>
		<feat xlink:href="#sSpan6177" value="det"/>
		<feat xlink:href="#sSpan6180" value="conj"/>
		<feat xlink:href="#sSpan6182" value="cc"/>
		<feat xlink:href="#sSpan6186" value="det"/>
		<feat xlink:href="#sSpan6191" value="conj"/>
		<feat xlink:href="#sSpan6193" value="punct"/>
		<feat xlink:href="#sSpan6197" value="cc"/>
		<feat xlink:href="#sSpan6202" value="det"/>
		<feat xlink:href="#sSpan6205" value="conj"/>
		<feat xlink:href="#sSpan6207" value="punct"/>
		<feat xlink:href="#sSpan6211" value="cc"/>
		<feat xlink:href="#sSpan6215" value="det"/>
		<feat xlink:href="#sSpan6218" value="conj"/>
		<feat xlink:href="#sSpan6220" value="punct"/>
		<feat xlink:href="#sSpan6224" value="cc"/>
		<feat xlink:href="#sSpan6228" value="det"/>
		<feat xlink:href="#sSpan6231" value="conj"/>
		<feat xlink:href="#sSpan6233" value="punct"/>
		<feat xlink:href="#sSpan6237" value="cc"/>
		<feat xlink:href="#sSpan6242" value="det"/>
		<feat xlink:href="#sSpan6248" value="conj"/>
		<feat xlink:href="#sSpan6250" value="punct"/>
		<feat xlink:href="#sSpan6254" value="cc"/>
		<feat xlink:href="#sSpan6258" value="det"/>
		<feat xlink:href="#sSpan6261" value="conj"/>
		<feat xlink:href="#sSpan6263" value="punct"/>
		<feat xlink:href="#sSpan6267" value="cc"/>
		<feat xlink:href="#sSpan6271" value="det"/>
		<feat xlink:href="#sSpan6274" value="det"/>
		<feat xlink:href="#sSpan6276" value="conj"/>
		<feat xlink:href="#sSpan6279" value="mark"/>
		<feat xlink:href="#sSpan6283" value="nsubj"/>
		<feat xlink:href="#sSpan6285" value="acl"/>
		<feat xlink:href="#sSpan6288" value="obj"/>
		<feat xlink:href="#sSpan6292" value="advmod"/>
		<feat xlink:href="#sSpan6296" value="punct"/>
		<feat xlink:href="#sSpan6300" value="det"/>
		<feat xlink:href="#sSpan6308" value="dislocated"/>
		<feat xlink:href="#sSpan6310" value="aux"/>
		<feat xlink:href="#sSpan6314" value="nsubj"/>
		<feat xlink:href="#sSpan6316" value="root"/>
		<feat xlink:href="#sSpan6318" value="case"/>
		<feat xlink:href="#sSpan6323" value="obl"/>
		<feat xlink:href="#sSpan6326" value="advmod"/>
		<feat xlink:href="#sSpan6330" value="mark"/>
		<feat xlink:href="#sSpan6334" value="nsubj"/>
		<feat xlink:href="#sSpan6336" value="advcl"/>
		<feat xlink:href="#sSpan6338" value="case"/>
		<feat xlink:href="#sSpan6342" value="det"/>
		<feat xlink:href="#sSpan6345" value="obl"/>
		<feat xlink:href="#sSpan6347" value="advmod"/>
		<feat xlink:href="#sSpan6351" value="det"/>
		<feat xlink:href="#sSpan6353" value="mark"/>
		<feat xlink:href="#sSpan6357" value="acl"/>
		<feat xlink:href="#sSpan6359" value="case"/>
		<feat xlink:href="#sSpan6363" value="det"/>
		<feat xlink:href="#sSpan6367" value="obl"/>
		<feat xlink:href="#sSpan6369" value="mark"/>
		<feat xlink:href="#sSpan6373" value="acl"/>
		<feat xlink:href="#sSpan6375" value="punct"/>
		<feat xlink:href="#sSpan6379" value="det"/>
		<feat xlink:href="#sSpan6386" value="dislocated"/>
		<feat xlink:href="#sSpan6389" value="advmod"/>
		<feat xlink:href="#sSpan6394" value="mark"/>
		<feat xlink:href="#sSpan6398" value="nsubj"/>
		<feat xlink:href="#sSpan6401" value="acl"/>
		<feat xlink:href="#sSpan6404" value="punct"/>
		<feat xlink:href="#sSpan6408" value="case"/>
		<feat xlink:href="#sSpan6412" value="det"/>
		<feat xlink:href="#sSpan6416" value="obl"/>
		<feat xlink:href="#sSpan6418" value="punct"/>
		<feat xlink:href="#sSpan6422" value="cc"/>
		<feat xlink:href="#sSpan6426" value="mark"/>
		<feat xlink:href="#sSpan6430" value="nsubj"/>
		<feat xlink:href="#sSpan6433" value="conj"/>
		<feat xlink:href="#sSpan6435" value="case"/>
		<feat xlink:href="#sSpan6439" value="obj"/>
		<feat xlink:href="#sSpan6441" value="case"/>
		<feat xlink:href="#sSpan6445" value="det"/>
		<feat xlink:href="#sSpan6449" value="obl"/>
		<feat xlink:href="#sSpan6451" value="punct"/>
		<feat xlink:href="#sSpan6455" value="advmod"/>
		<feat xlink:href="#sSpan6460" value="nummod"/>
		<feat xlink:href="#sSpan6463" value="case"/>
		<feat xlink:href="#sSpan6467" value="obl"/>
		<feat xlink:href="#sSpan6470" value="amod"/>
		<feat xlink:href="#sSpan6474" value="aux"/>
		<feat xlink:href="#sSpan6478" value="nsubj"/>
		<feat xlink:href="#sSpan6480" value="root"/>
		<feat xlink:href="#sSpan6482" value="case"/>
		<feat xlink:href="#sSpan6486" value="det"/>
		<feat xlink:href="#sSpan6489" value="obl"/>
		<feat xlink:href="#sSpan6491" value="mark"/>
		<feat xlink:href="#sSpan6495" value="acl"/>
		<feat xlink:href="#sSpan6497" value="nsubj"/>
		<feat xlink:href="#sSpan6499" value="case"/>
		<feat xlink:href="#sSpan6504" value="det"/>
		<feat xlink:href="#sSpan6508" value="advcl"/>
		<feat xlink:href="#sSpan6510" value="punct"/>
		<feat xlink:href="#sSpan6514" value="mark"/>
		<feat xlink:href="#sSpan6518" value="det"/>
		<feat xlink:href="#sSpan6521" value="nsubj"/>
		<feat xlink:href="#sSpan6523" value="mark"/>
		<feat xlink:href="#sSpan6527" value="acl"/>
		<feat xlink:href="#sSpan6529" value="nsubj"/>
		<feat xlink:href="#sSpan6531" value="acl"/>
		<feat xlink:href="#sSpan6535" value="case"/>
		<feat xlink:href="#sSpan6539" value="obl"/>
		<feat xlink:href="#sSpan6541" value="punct"/>
		<feat xlink:href="#sSpan6545" value="case"/>
		<feat xlink:href="#sSpan6550" value="det"/>
		<feat xlink:href="#sSpan6553" value="obl"/>
		<feat xlink:href="#sSpan6555" value="case"/>
		<feat xlink:href="#sSpan6559" value="det"/>
		<feat xlink:href="#sSpan6563" value="nmod"/>
		<feat xlink:href="#sSpan6565" value="punct"/>
		<feat xlink:href="#sSpan6569" value="aux"/>
		<feat xlink:href="#sSpan6575" value="nsubj"/>
		<feat xlink:href="#sSpan6577" value="advcl"/>
		<feat xlink:href="#sSpan6580" value="advmod"/>
		<feat xlink:href="#sSpan6584" value="case"/>
		<feat xlink:href="#sSpan6589" value="obl"/>
		<feat xlink:href="#sSpan6591" value="root"/>
		<feat xlink:href="#sSpan6595" value="nsubj"/>
		<feat xlink:href="#sSpan6597" value="case"/>
		<feat xlink:href="#sSpan6601" value="obl"/>
		<feat xlink:href="#sSpan6603" value="mark"/>
		<feat xlink:href="#sSpan6608" value="advmod"/>
		<feat xlink:href="#sSpan6610" value="ccomp"/>
		<feat xlink:href="#sSpan6615" value="det"/>
		<feat xlink:href="#sSpan6618" value="vocative"/>
		<feat xlink:href="#sSpan6620" value="det"/>
		<feat xlink:href="#sSpan6624" value="vocative"/>
		<feat xlink:href="#sSpan6626" value="case"/>
		<feat xlink:href="#sSpan6631" value="nmod"/>
		<feat xlink:href="#sSpan6633" value="punct"/></featList></paula>