<?xml version='1.0' encoding='UTF-8'?><!DOCTYPE paula SYSTEM "paula_feat.dtd">
<paula version="1.1">
	<header paula_id="scriptorium.life.onnophrius.03.mark_norm_group"/>
	<featList xmlns:xlink="http://www.w3.org/1999/xlink" type="norm_group" xml:base="scriptorium.life.onnophrius.03.mark.xml">
		<feat xlink:href="#sSpan3" value="ⲛⲧⲉⲣⲛϫⲱⲕ"/>
		<feat xlink:href="#sSpan18" value="ⲇⲉ"/>
		<feat xlink:href="#sSpan22" value="ⲉⲃⲟⲗ"/>
		<feat xlink:href="#sSpan26" value="ⲙⲡⲉϣⲗⲏⲗ"/>
		<feat xlink:href="#sSpan35" value="·"/>
		<feat xlink:href="#sSpan39" value="ⲁⲛϯ"/>
		<feat xlink:href="#sSpan47" value="ⲙⲡϩⲁⲙⲏⲛ"/>
		<feat xlink:href="#sSpan57" value="·"/>
		<feat xlink:href="#sSpan61" value="ⲁⲛϩⲙⲟⲟⲥ"/>
		<feat xlink:href="#sSpan73" value="ⲇⲉ"/>
		<feat xlink:href="#sSpan77" value="ϩⲓⲟⲩⲥⲟⲡ"/>
		<feat xlink:href="#sSpan85" value="ⲁⲛϭⲱ"/>
		<feat xlink:href="#sSpan95" value="ⲛϣⲁϫⲉ"/>
		<feat xlink:href="#sSpan102" value="ⲙⲙⲛⲧⲛⲟϭ"/>
		<feat xlink:href="#sSpan111" value="ⲙⲡⲛⲟⲩⲧⲉ"/>
		<feat xlink:href="#sSpan121" value="·"/>
		<feat xlink:href="#sSpan125" value="ⲁⲩⲱ"/>
		<feat xlink:href="#sSpan131" value="ⲙⲡⲛⲁⲩ"/>
		<feat xlink:href="#sSpan140" value="ⲙⲡⲣⲏ"/>
		<feat xlink:href="#sSpan149" value="ⲉϥⲛⲁϩⲱⲧⲡ"/>
		<feat xlink:href="#sSpan159" value="·"/>
		<feat xlink:href="#sSpan163" value="ⲁⲓϭⲱϣⲧ"/>
		<feat xlink:href="#sSpan172" value="ⲁⲓⲛⲁⲩ"/>
		<feat xlink:href="#sSpan182" value="ⲉⲩⲟⲉⲓⲕ"/>
		<feat xlink:href="#sSpan191" value="ⲉϥⲕⲏ"/>
		<feat xlink:href="#sSpan199" value="ⲉϩⲣⲁⲓ"/>
		<feat xlink:href="#sSpan203" value="ⲙⲛⲟⲩϩⲛⲁⲩ"/>
		<feat xlink:href="#sSpan212" value="ⲙⲙⲟⲟⲩ"/>
		<feat xlink:href="#sSpan220" value="·"/>
		<feat xlink:href="#sSpan224" value="ⲡⲉϫⲁϥ"/>
		<feat xlink:href="#sSpan233" value="ⲛⲁⲓ"/>
		<feat xlink:href="#sSpan239" value="ϫⲉⲧⲱⲟⲩⲛ"/>
		<feat xlink:href="#sSpan246" value="ⲡⲁⲥⲟⲛ"/>
		<feat xlink:href="#sSpan252" value="ⲛⲅⲟⲩⲱⲙ"/>
		<feat xlink:href="#sSpan261" value="·"/>
		<feat xlink:href="#sSpan265" value="ⲁⲩⲱ"/>
		<feat xlink:href="#sSpan269" value="ⲛⲅⲥⲱ"/>
		<feat xlink:href="#sSpan277" value="ⲙⲡⲉⲓⲕⲟⲩⲓ"/>
		<feat xlink:href="#sSpan286" value="ⲙⲙⲟⲟⲩ"/>
		<feat xlink:href="#sSpan292" value="·"/>
		<feat xlink:href="#sSpan296" value="ϫⲉϯⲛⲁⲩ"/>
		<feat xlink:href="#sSpan305" value="ⲉⲣⲟⲕ"/>
		<feat xlink:href="#sSpan311" value="ϫⲉⲉⲕⲕⲓⲛⲇⲩⲛⲉⲩⲉ"/>
		<feat xlink:href="#sSpan322" value="·"/>
		<feat xlink:href="#sSpan326" value="ϩⲁⲡⲉϩⲕⲟ"/>
		<feat xlink:href="#sSpan335" value="·"/>
		<feat xlink:href="#sSpan339" value="ⲙⲛⲡⲉⲓⲃⲉ"/>
		<feat xlink:href="#sSpan349" value="ⲙⲛⲡϩⲓⲥⲉ"/>
		<feat xlink:href="#sSpan358" value="ⲛⲛⲉϩⲓⲟⲟⲩⲉ"/>
		<feat xlink:href="#sSpan367" value="·"/>
		<feat xlink:href="#sSpan371" value="ⲁⲛⲟⲕ"/>
		<feat xlink:href="#sSpan378" value="ⲇⲉ"/>
		<feat xlink:href="#sSpan382" value="ⲡⲉϫⲁⲓ"/>
		<feat xlink:href="#sSpan388" value="ⲛⲁϥ"/>
		<feat xlink:href="#sSpan396" value="ϫⲉϥⲟⲛϩ"/>
		<feat xlink:href="#sSpan404" value="ⲛϭⲓⲡⲛⲟⲩⲧⲉ"/>
		<feat xlink:href="#sSpan413" value="ⲡⲡⲁⲛⲧⲟⲕⲣⲁⲧⲱⲣ"/>
		<feat xlink:href="#sSpan420" value="·"/>
		<feat xlink:href="#sSpan424" value="ϫⲉⲛϯⲛⲁⲟⲩⲱⲙ"/>
		<feat xlink:href="#sSpan437" value="ⲁⲛ"/>
		<feat xlink:href="#sSpan442" value="ⲟⲩⲇⲉ"/>
		<feat xlink:href="#sSpan446" value="ⲛϯⲛⲁⲥⲱ"/>
		<feat xlink:href="#sSpan456" value="ⲁⲛ"/>
		<feat xlink:href="#sSpan460" value="ϣⲁⲛⲧⲛⲥⲟⲟⲩⲧⲛ"/>
		<feat xlink:href="#sSpan469" value="ⲉⲃⲟⲗ"/>
		<feat xlink:href="#sSpan473" value="ⲛⲧⲛⲟⲩⲱⲙ"/>
		<feat xlink:href="#sSpan481" value="ⲙⲛⲛⲉⲛⲉⲣⲏⲩ"/>
		<feat xlink:href="#sSpan489" value="·"/>
		<feat xlink:href="#sSpan493" value="ⲛⲧⲉⲣⲓϭⲱ"/>
		<feat xlink:href="#sSpan505" value="ⲇⲉ"/>
		<feat xlink:href="#sSpan509" value="ⲉⲓϭⲱⲣϣ"/>
		<feat xlink:href="#sSpan517" value="ⲉⲣⲟϥ"/>
		<feat xlink:href="#sSpan524" value="ⲙⲟⲅⲓⲥ"/>
		<feat xlink:href="#sSpan528" value="ⲁⲛⲥⲟⲟⲩⲧⲛ"/>
		<feat xlink:href="#sSpan536" value="ⲉⲃⲟⲗ"/>
		<feat xlink:href="#sSpan540" value="·"/>
		<feat xlink:href="#sSpan544" value="ⲙⲛⲛⲉⲛⲉⲣⲏⲩ"/>
		<feat xlink:href="#sSpan553" value="·"/>
		<feat xlink:href="#sSpan557" value="ⲁⲛⲡⲱϣ"/>
		<feat xlink:href="#sSpan567" value="ⲙⲡⲟⲉⲓⲕ"/>
		<feat xlink:href="#sSpan576" value="ⲁⲛⲟⲩⲱⲙ"/>
		<feat xlink:href="#sSpan586" value="·"/>
		<feat xlink:href="#sSpan590" value="ⲁⲛⲕⲱ"/>
		<feat xlink:href="#sSpan601" value="ⲉⲡⲁϩⲟⲩ"/>
		<feat xlink:href="#sSpan608" value="ⲛϩⲏⲧϥ"/>
		<feat xlink:href="#sSpan614" value="·"/>
		<feat xlink:href="#sSpan618" value="ⲁⲛⲥⲱ"/>
		<feat xlink:href="#sSpan629" value="ⲇⲉ"/>
		<feat xlink:href="#sSpan633" value="ⲟⲛ"/>
		<feat xlink:href="#sSpan637" value="ⲙⲡⲉⲥⲛⲁⲩ"/>
		<feat xlink:href="#sSpan646" value="ϩⲙⲡⲉϩⲛⲁⲩ"/>
		<feat xlink:href="#sSpan656" value="ⲙⲙⲟⲟⲩ"/>
		<feat xlink:href="#sSpan663" value="·"/>
		<feat xlink:href="#sSpan667" value="ⲁⲛⲥⲉⲓ"/>
		<feat xlink:href="#sSpan677" value="ⲁⲩⲱ"/>
		<feat xlink:href="#sSpan681" value="ⲁⲛⲕⲱ"/>
		<feat xlink:href="#sSpan690" value="ⲉⲡⲁϩⲟⲩ"/>
		<feat xlink:href="#sSpan696" value="ⲛϩⲏⲧϥ"/>
		<feat xlink:href="#sSpan703" value="·"/>
		<feat xlink:href="#sSpan707" value="ⲁⲩⲱ"/>
		<feat xlink:href="#sSpan713" value="ⲁⲛⲣⲧⲉⲩϣⲏ"/>
		<feat xlink:href="#sSpan726" value="ⲧⲏⲣⲥ"/>
		<feat xlink:href="#sSpan732" value="ⲛϣⲗⲏⲗ"/>
		<feat xlink:href="#sSpan739" value="·"/>
		<feat xlink:href="#sSpan743" value="ⲉⲡⲛⲟⲩⲧⲉ"/>
		<feat xlink:href="#sSpan752" value="ϣⲁϩⲧⲟⲟⲩⲉ"/>
		<feat xlink:href="#sSpan761" value="·"/>
		<feat xlink:href="#sSpan765" value="ⲛⲧⲉⲣⲉϩⲧⲟⲟⲩⲉ"/>
		<feat xlink:href="#sSpan775" value="ⲇⲉ"/>
		<feat xlink:href="#sSpan779" value="ϣⲱⲡⲉ"/>
		<feat xlink:href="#sSpan783" value="ⲁⲓⲛⲁⲩ"/>
		<feat xlink:href="#sSpan791" value="ⲉⲡⲉϥϩⲟ"/>
		<feat xlink:href="#sSpan801" value="ⲛⲧⲁϥϣⲓⲃⲉ"/>
		<feat xlink:href="#sSpan811" value="ⲁϥⲡⲱⲛⲉ"/>
		<feat xlink:href="#sSpan821" value="·"/>
		<feat xlink:href="#sSpan826" value="ϩⲱⲥ"/>
		<feat xlink:href="#sSpan830" value="ⲛϥⲣⲧϩⲉ"/>
		<feat xlink:href="#sSpan843" value="ⲛⲕⲉⲣⲱⲙⲉ"/>
		<feat xlink:href="#sSpan853" value="ⲁϥⲣⲧϩⲉ"/>
		<feat xlink:href="#sSpan868" value="ⲛⲟⲩⲕⲱϩⲧ"/>
		<feat xlink:href="#sSpan877" value="ⲧⲏⲣϥ"/>
		<feat xlink:href="#sSpan883" value="·"/>
		<feat xlink:href="#sSpan887" value="ⲁⲩⲱ"/>
		<feat xlink:href="#sSpan893" value="ⲁⲧⲉϥⲙⲟⲣⲫⲏ"/>
		<feat xlink:href="#sSpan905" value="ϯϩⲟⲧⲉ"/>
		<feat xlink:href="#sSpan910" value="ⲛⲁⲓ"/>
		<feat xlink:href="#sSpan916" value="ⲉⲙⲁⲧⲉ"/>
		<feat xlink:href="#sSpan920" value="·"/>
		<feat xlink:href="#sSpan924" value="ⲛⲧⲟϥ"/>
		<feat xlink:href="#sSpan931" value="ⲇⲉ"/>
		<feat xlink:href="#sSpan935" value="ⲡⲉϫⲁϥ"/>
		<feat xlink:href="#sSpan941" value="ⲛⲁⲓ"/>
		<feat xlink:href="#sSpan947" value="·"/>
		<feat xlink:href="#sSpan951" value="ϫⲉⲙⲡⲣⲣϩⲟⲧⲉ"/>
		<feat xlink:href="#sSpan962" value="ⲡⲁⲥⲟⲛ"/>
		<feat xlink:href="#sSpan969" value="·"/>
		<feat xlink:href="#sSpan973" value="ⲡⲁⲡⲛⲟⲩⲧⲉ"/>
		<feat xlink:href="#sSpan982" value="·"/>
		<feat xlink:href="#sSpan986" value="ⲛⲧⲁⲡϫⲟⲉⲓⲥ"/>
		<feat xlink:href="#sSpan998" value="ⲅⲁⲣ"/>
		<feat xlink:href="#sSpan1002" value="ⲧⲛⲛⲟⲟⲩⲕ"/>
		<feat xlink:href="#sSpan1009" value="ⲉϥⲓ"/>
		<feat xlink:href="#sSpan1015" value="ⲡⲣⲟⲟⲩϣ"/>
		<feat xlink:href="#sSpan1022" value="ⲙⲡⲁⲥⲱⲙⲁ"/>
		<feat xlink:href="#sSpan1032" value="ⲛⲅⲧⲟⲙⲥϥ"/>
		<feat xlink:href="#sSpan1042" value="ϩⲣⲁⲓ"/>
		<feat xlink:href="#sSpan1051" value="ⲅⲁⲣ"/>
		<feat xlink:href="#sSpan1055" value="ϩⲙⲡϩⲟⲟⲩ"/>
		<feat xlink:href="#sSpan1064" value="ⲛϩⲟⲟⲩ"/>
		<feat xlink:href="#sSpan1070" value="ϯⲛⲁϫⲱⲕ"/>
		<feat xlink:href="#sSpan1078" value="ⲉⲃⲟⲗ"/>
		<feat xlink:href="#sSpan1082" value="ⲛⲧⲁⲟⲓⲕⲟⲛⲟⲙⲓⲁ"/>
		<feat xlink:href="#sSpan1093" value="ⲧⲁⲃⲱⲕ"/>
		<feat xlink:href="#sSpan1100" value="ⲉⲡⲙⲁ"/>
		<feat xlink:href="#sSpan1109" value="ⲛⲙⲧⲟⲛ"/>
		<feat xlink:href="#sSpan1116" value="ϣⲁⲉⲛⲉϩ"/>
		<feat xlink:href="#sSpan1123" value="·"/>
		<feat xlink:href="#sSpan1127" value="ⲛⲉⲥⲟⲩⲙⲛⲧⲁⲥⲉ"/>
		<feat xlink:href="#sSpan1141" value="ⲅⲁⲣ"/>
		<feat xlink:href="#sSpan1145" value="ⲙⲡⲉⲃⲟⲧ"/>
		<feat xlink:href="#sSpan1154" value="ⲡⲁⲱⲛⲉ"/>
		<feat xlink:href="#sSpan1158" value="ⲡⲉ"/>
		<feat xlink:href="#sSpan1162" value="ⲡⲉϩⲟⲟⲩ"/>
		<feat xlink:href="#sSpan1169" value="ⲉⲧⲙⲙⲁⲩ"/>
		<feat xlink:href="#sSpan1176" value="·"/>
		<feat xlink:href="#sSpan1180" value="ⲡⲉϫⲁϥ"/>
		<feat xlink:href="#sSpan1188" value="ⲟⲛ"/>
		<feat xlink:href="#sSpan1192" value="ⲛⲁⲓ"/>
		<feat xlink:href="#sSpan1198" value="ϫⲉⲉⲕϣⲁⲛⲃⲱⲕ"/>
		<feat xlink:href="#sSpan1207" value="ⲉⲕⲏⲙⲉ"/>
		<feat xlink:href="#sSpan1215" value="ⲧⲁϣⲉⲟⲉⲓϣ"/>
		<feat xlink:href="#sSpan1221" value="ⲙⲡⲁⲣⲡⲙⲉⲉⲩⲉ"/>
		<feat xlink:href="#sSpan1233" value="·"/>
		<feat xlink:href="#sSpan1237" value="ⲉⲩⲥϯⲛⲟⲩϥⲉ"/>
		<feat xlink:href="#sSpan1248" value="ⲛⲛⲉⲥⲛⲏⲩ"/>
		<feat xlink:href="#sSpan1258" value="·"/>
		<feat xlink:href="#sSpan1262" value="ⲡⲉⲧⲛⲁϯ"/>
		<feat xlink:href="#sSpan1275" value="ⲛⲟⲩⲡⲣⲟⲥⲫⲟⲣⲁ"/>
		<feat xlink:href="#sSpan1285" value="·"/>
		<feat xlink:href="#sSpan1289" value="ϩⲙⲡⲁⲣⲁⲛ"/>
		<feat xlink:href="#sSpan1298" value="ⲉⲩⲣⲡⲙⲉⲉⲩⲉ"/>
		<feat xlink:href="#sSpan1311" value="ⲛⲁⲓ"/>
		<feat xlink:href="#sSpan1317" value="·"/>
		<feat xlink:href="#sSpan1322" value="ⲓⲏⲥⲟⲩⲥ"/>
		<feat xlink:href="#sSpan1327" value="ϩⲱⲱϥ"/>
		<feat xlink:href="#sSpan1333" value="ⲛⲁⲛⲧϥ"/>
		<feat xlink:href="#sSpan1341" value="ϩⲛⲧϣⲟⲣⲡ"/>
		<feat xlink:href="#sSpan1350" value="ⲛⲟⲩⲛⲟⲩ"/>
		<feat xlink:href="#sSpan1357" value="ⲙⲡϣⲟ"/>
		<feat xlink:href="#sSpan1366" value="ⲛⲣⲟⲙⲡⲉ"/>
		<feat xlink:href="#sSpan1372" value="·"/>
		<feat xlink:href="#sSpan1376" value="ⲁⲛⲟⲕ"/>
		<feat xlink:href="#sSpan1383" value="ⲇⲉ"/>
		<feat xlink:href="#sSpan1387" value="ⲡⲉϫⲁⲓ"/>
		<feat xlink:href="#sSpan1393" value="ⲛⲁϥ"/>
		<feat xlink:href="#sSpan1399" value="·"/>
		<feat xlink:href="#sSpan1403" value="ϫⲉⲉϣⲱⲡⲉ"/>
		<feat xlink:href="#sSpan1410" value="ⲟⲩϩⲏⲕⲉ"/>
		<feat xlink:href="#sSpan1417" value="ⲡⲉ"/>
		<feat xlink:href="#sSpan1421" value="ⲉⲙⲛϣϭⲟⲙ"/>
		<feat xlink:href="#sSpan1431" value="ⲙⲙⲟϥ"/>
		<feat xlink:href="#sSpan1437" value="·"/>
		<feat xlink:href="#sSpan1441" value="ⲉϯⲛⲟⲩⲡⲣⲟⲥⲫⲟⲣⲁ"/>
		<feat xlink:href="#sSpan1456" value="ⲙⲡⲉⲕⲣⲁⲛ"/>
		<feat xlink:href="#sSpan1465" value="·"/>
		<feat xlink:href="#sSpan1469" value="ⲡⲉϫⲁϥ"/>
		<feat xlink:href="#sSpan1477" value="ⲛⲁⲓ"/>
		<feat xlink:href="#sSpan1483" value="ϫⲉⲙⲁⲣⲉϥⲧⲙⲉ"/>
		<feat xlink:href="#sSpan1494" value="ⲟⲩⲥⲟⲛ"/>
		<feat xlink:href="#sSpan1501" value="ⲛϩⲏⲕⲉ"/>
		<feat xlink:href="#sSpan1507" value="ϩⲙⲡⲁⲣⲁⲛ"/>
		<feat xlink:href="#sSpan1516" value="·"/>
		<feat xlink:href="#sSpan1521" value="ⲡⲉϫⲁϥ"/>
		<feat xlink:href="#sSpan1531" value="ⲛⲁⲓ"/>
		<feat xlink:href="#sSpan1537" value="ϫⲉⲉϣⲱⲡⲉ"/>
		<feat xlink:href="#sSpan1544" value="ⲟⲩϩⲏⲕⲉ"/>
		<feat xlink:href="#sSpan1550" value="ⲡⲉ"/>
		<feat xlink:href="#sSpan1554" value="ⲙⲛϣϭⲟⲙ"/>
		<feat xlink:href="#sSpan1562" value="ⲙⲙⲟϥ"/>
		<feat xlink:href="#sSpan1569" value="ⲉⲧⲙⲙⲟϥ"/>
		<feat xlink:href="#sSpan1577" value="·"/>
		<feat xlink:href="#sSpan1581" value="ⲕⲛⲁⲛⲧϥ"/>
		<feat xlink:href="#sSpan1591" value="ⲁⲛ"/>
		<feat xlink:href="#sSpan1595" value="ⲉⲡⲇⲉⲓⲡⲛⲟⲛ"/>
		<feat xlink:href="#sSpan1605" value="ⲛⲧϣⲟⲣⲡ"/>
		<feat xlink:href="#sSpan1615" value="ⲛⲟⲩⲛⲟⲩ"/>
		<feat xlink:href="#sSpan1621" value="ⲙⲡϣⲟ"/>
		<feat xlink:href="#sSpan1630" value="ⲛⲣⲟⲙⲡⲉ"/>
		<feat xlink:href="#sSpan1636" value="·"/>
		<feat xlink:href="#sSpan1640" value="ⲡⲉϫⲁϥ"/>
		<feat xlink:href="#sSpan1648" value="ⲛⲁⲓ"/>
		<feat xlink:href="#sSpan1654" value="ϫⲉⲙⲁⲣⲉϥϯ"/>
		<feat xlink:href="#sSpan1665" value="ⲟⲩⲕⲟⲩⲓ"/>
		<feat xlink:href="#sSpan1672" value="ⲛⲥⲧⲟⲓ"/>
		<feat xlink:href="#sSpan1678" value="ϩⲙⲡⲁⲣⲁⲛ"/>
		<feat xlink:href="#sSpan1687" value="·"/>
		<feat xlink:href="#sSpan1691" value="ⲁⲛⲟⲕ"/>
		<feat xlink:href="#sSpan1698" value="ⲇⲉ"/>
		<feat xlink:href="#sSpan1702" value="ⲡⲉϫⲁⲓ"/>
		<feat xlink:href="#sSpan1709" value="ⲛⲁϥ"/>
		<feat xlink:href="#sSpan1716" value="·"/>
		<feat xlink:href="#sSpan1720" value="ϫⲉⲉϣⲱⲡⲉ"/>
		<feat xlink:href="#sSpan1726" value="·"/>
		<feat xlink:href="#sSpan1731" value="ⲟⲩϩⲏⲕⲉ"/>
		<feat xlink:href="#sSpan1737" value="ⲡⲉ"/>
		<feat xlink:href="#sSpan1741" value="ⲙⲛϣϭⲟⲙ"/>
		<feat xlink:href="#sSpan1748" value="ⲙⲙⲟϥ"/>
		<feat xlink:href="#sSpan1755" value="ⲉϯⲥⲧⲟⲓ"/>
		<feat xlink:href="#sSpan1763" value="·"/>
		<feat xlink:href="#sSpan1767" value="ⲉϩⲣⲁⲓ"/>
		<feat xlink:href="#sSpan1771" value="ⲙⲡⲉⲕⲣⲁⲛ"/>
		<feat xlink:href="#sSpan1780" value="·"/>
		<feat xlink:href="#sSpan1784" value="ⲉⲧⲃⲉⲧⲙⲛⲧϩⲏⲕⲉ"/>
		<feat xlink:href="#sSpan1796" value="·"/>
		<feat xlink:href="#sSpan1800" value="ⲁⲓⲟ"/>
		<feat xlink:href="#sSpan1810" value="ⲡⲁⲉⲓⲱⲧ"/>
		<feat xlink:href="#sSpan1817" value="ⲉⲧⲛⲁⲛⲟⲩϥ"/>
		<feat xlink:href="#sSpan1825" value="ⲙⲁⲣⲉⲡⲉⲕⲛⲁ"/>
		<feat xlink:href="#sSpan1834" value="ⲧⲁϩⲟⲛ"/>
		<feat xlink:href="#sSpan1840" value="ⲧⲏⲣⲛ"/>
		<feat xlink:href="#sSpan1847" value="ϫⲉⲡⲉⲧⲕⲛⲁⲁⲓⲧⲉⲓ"/>
		<feat xlink:href="#sSpan1863" value="ⲙⲙⲟϥ"/>
		<feat xlink:href="#sSpan1869" value="ⲛⲧⲙⲡⲛⲟⲩⲧⲉ"/>
		<feat xlink:href="#sSpan1878" value="·"/>
		<feat xlink:href="#sSpan1883" value="ⲡⲛⲟⲩⲧⲉ"/>
		<feat xlink:href="#sSpan1890" value="ⲛⲁⲧⲁⲁϥ"/>
		<feat xlink:href="#sSpan1898" value="ⲛⲁⲕ"/>
		<feat xlink:href="#sSpan1904" value="·"/>
		<feat xlink:href="#sSpan1908" value="ⲡⲉϫⲁϥ"/>
		<feat xlink:href="#sSpan1916" value="ⲛⲁⲓ"/>
		<feat xlink:href="#sSpan1922" value="ϫⲉⲙⲁⲣⲉϥⲁϩⲉⲣⲁⲧϥ"/>
		<feat xlink:href="#sSpan1937" value="ⲛϥϫⲉϣⲟⲙⲛⲧ"/>
		<feat xlink:href="#sSpan1948" value="ⲛⲥⲟⲡ"/>
		<feat xlink:href="#sSpan1954" value="ⲛϣⲗⲏⲗ"/>
		<feat xlink:href="#sSpan1961" value="ⲉⲡⲛⲟⲩⲧⲉ"/>
		<feat xlink:href="#sSpan1970" value="·"/>
		<feat xlink:href="#sSpan1974" value="ϩⲙⲡⲁⲣⲁⲛ"/>
		<feat xlink:href="#sSpan1984" value="ⲁⲩⲱ"/>
		<feat xlink:href="#sSpan1988" value="ⲡϫⲟⲉⲓⲥ"/>
		<feat xlink:href="#sSpan1996" value="ⲓⲏⲥⲟⲩⲥ"/>
		<feat xlink:href="#sSpan2000" value="ⲛⲁⲛⲧϥ"/>
		<feat xlink:href="#sSpan2008" value="ⲉⲡϣⲟ"/>
		<feat xlink:href="#sSpan2017" value="ⲛⲣⲟⲙⲡⲉ"/>
		<feat xlink:href="#sSpan2023" value="·"/>
		<feat xlink:href="#sSpan2027" value="ⲛϥⲕⲗⲏⲣⲟⲛⲟⲙⲉⲓ"/>
		<feat xlink:href="#sSpan2037" value="ⲙⲛⲛⲉⲧⲟⲩⲁⲁⲃ"/>
		<feat xlink:href="#sSpan2048" value="ⲧⲏⲣⲟⲩ"/>
		<feat xlink:href="#sSpan2054" value="·"/>
		<feat xlink:href="#sSpan2058" value="ⲁⲛⲟⲕ"/>
		<feat xlink:href="#sSpan2065" value="ⲇⲉ"/>
		<feat xlink:href="#sSpan2069" value="ⲡⲉϫⲁⲓ"/>
		<feat xlink:href="#sSpan2076" value="ⲛⲁϥ"/>
		<feat xlink:href="#sSpan2082" value="ϫⲉⲱ"/>
		<feat xlink:href="#sSpan2089" value="ⲡⲁⲉⲓⲱⲧ"/>
		<feat xlink:href="#sSpan2096" value="ⲉⲧⲟⲩⲁⲁⲃ"/>
		<feat xlink:href="#sSpan2102" value="·"/>
		<feat xlink:href="#sSpan2106" value="ⲉϣⲱⲡⲉ"/>
		<feat xlink:href="#sSpan2110" value="ϯⲙⲡϣⲁ"/>
		<feat xlink:href="#sSpan2117" value="·"/>
		<feat xlink:href="#sSpan2121" value="ϯⲟⲩⲱϣ"/>
		<feat xlink:href="#sSpan2127" value="ⲉⲧⲣⲁϣⲱⲡⲉ"/>
		<feat xlink:href="#sSpan2137" value="·"/>
		<feat xlink:href="#sSpan2141" value="ϩⲙⲡⲉⲕⲧⲟⲡⲟⲥ"/>
		<feat xlink:href="#sSpan2151" value="·"/>
		<feat xlink:href="#sSpan2155" value="ⲉⲧⲟⲩⲁⲁⲃ"/>
		<feat xlink:href="#sSpan2162" value="ⲉⲕϣⲁⲛⲗⲟ"/>
		<feat xlink:href="#sSpan2168" value="ϩⲙⲡⲉⲓⲥⲱⲙⲁ"/>
		<feat xlink:href="#sSpan2178" value="·"/>
		<feat xlink:href="#sSpan2182" value="ⲡⲉϫⲁϥ"/>
		<feat xlink:href="#sSpan2190" value="ⲛⲁⲓ"/>
		<feat xlink:href="#sSpan2196" value="ϫⲉⲙⲡⲱⲣ"/>
		<feat xlink:href="#sSpan2204" value="ⲡⲁϣⲏⲣⲉ"/>
		<feat xlink:href="#sSpan2210" value="·"/>
		<feat xlink:href="#sSpan2214" value="ⲙⲡⲟⲩⲧⲟϣⲕ"/>
		<feat xlink:href="#sSpan2227" value="ⲅⲁⲣ"/>
		<feat xlink:href="#sSpan2231" value="ⲉϯⲟⲓⲕⲟⲛⲟⲙⲓⲁ"/>
		<feat xlink:href="#sSpan2242" value="·"/>
		<feat xlink:href="#sSpan2247" value="ⲁⲗⲗⲁ"/>
		<feat xlink:href="#sSpan2251" value="ⲛⲧⲁⲡϫⲟⲉⲓⲥ"/>
		<feat xlink:href="#sSpan2262" value="ⲧⲟϣⲕ"/>
		<feat xlink:href="#sSpan2268" value="ⲉⲩⲥⲟⲗⲥⲗ"/>
		<feat xlink:href="#sSpan2277" value="ⲛⲛⲉⲥⲛⲏⲩ"/>
		<feat xlink:href="#sSpan2288" value="ⲉⲧⲟⲩⲁⲁⲃ"/>
		<feat xlink:href="#sSpan2294" value="·"/>
		<feat xlink:href="#sSpan2298" value="ⲉⲧϣⲟⲟⲡ"/>
		<feat xlink:href="#sSpan2304" value="ϩⲙⲡϫⲁⲓⲉ"/>
		<feat xlink:href="#sSpan2313" value="·"/>
		<feat xlink:href="#sSpan2317" value="ⲉⲧⲣⲉⲕⲧⲁϣⲉⲟⲉⲓϣ"/>
		<feat xlink:href="#sSpan2330" value="ⲙⲙⲟⲟⲩ"/>
		<feat xlink:href="#sSpan2336" value="ⲙⲛⲡⲉⲩⲥϯⲛⲟⲩϥⲉ"/>
		<feat xlink:href="#sSpan2347" value="·"/>
		<feat xlink:href="#sSpan2351" value="ϩⲛⲧⲙⲏⲏⲧⲉ"/>
		<feat xlink:href="#sSpan2360" value="ⲛⲛⲉⲥⲛⲏⲩ"/>
		<feat xlink:href="#sSpan2370" value="·"/>
		<feat xlink:href="#sSpan2374" value="ⲛⲣⲉϥϣⲙϣⲉⲛⲟⲩⲧⲉ"/>
		<feat xlink:href="#sSpan2384" value="ⲉⲩϩⲏⲩ"/>
		<feat xlink:href="#sSpan2394" value="ⲛⲛⲉⲧⲥⲱⲧⲙ"/>
		<feat xlink:href="#sSpan2406" value="ⲃⲱⲕ"/>
		<feat xlink:href="#sSpan2412" value="ⲛⲁⲕ"/>
		<feat xlink:href="#sSpan2418" value="ⲉⲃⲟⲗ"/>
		<feat xlink:href="#sSpan2422" value="ⲉⲕⲏⲙⲉ"/>
		<feat xlink:href="#sSpan2430" value="ⲱ"/>
		<feat xlink:href="#sSpan2435" value="ⲡⲁϣⲏⲣⲉ"/>
		<feat xlink:href="#sSpan2441" value="ⲛⲅϣⲱⲡⲉ"/>
		<feat xlink:href="#sSpan2450" value="·"/>
		<feat xlink:href="#sSpan2454" value="ⲉⲕⲙⲏⲛ"/>
		<feat xlink:href="#sSpan2462" value="ⲉⲃⲟⲗ"/>
		<feat xlink:href="#sSpan2466" value="ϩⲙⲡϩⲱⲃ"/>
		<feat xlink:href="#sSpan2475" value="ⲉⲧⲛⲁⲛⲟⲩϥ"/>
		<feat xlink:href="#sSpan2483" value="·"/>
		<feat xlink:href="#sSpan2487" value="ⲁⲛⲟⲕ"/>
		<feat xlink:href="#sSpan2494" value="ⲇⲉ"/>
		<feat xlink:href="#sSpan2499" value="ⲛⲧⲉⲩⲛⲟⲩ"/>
		<feat xlink:href="#sSpan2507" value="ⲁⲓⲡⲁϩⲧ"/>
		<feat xlink:href="#sSpan2515" value="ⲉϫⲙⲡⲕⲁϩ"/>
		<feat xlink:href="#sSpan2524" value="·"/>
		<feat xlink:href="#sSpan2528" value="ⲡⲉϫⲁⲓ"/>
		<feat xlink:href="#sSpan2536" value="ⲛⲁϥ"/>
		<feat xlink:href="#sSpan2542" value="ϫⲉⲥⲙⲟⲩ"/>
		<feat xlink:href="#sSpan2549" value="ⲉⲣⲟⲓ"/>
		<feat xlink:href="#sSpan2556" value="ⲡⲁⲉⲓⲱⲧ"/>
		<feat xlink:href="#sSpan2562" value="·"/>
		<feat xlink:href="#sSpan2566" value="ⲛⲧⲉⲟⲩⲛⲁ"/>
		<feat xlink:href="#sSpan2575" value="ⲧⲁϩⲟⲓ"/>
		<feat xlink:href="#sSpan2581" value="ϩⲁϩⲧⲙⲡⲛⲟⲩⲧⲉ"/>
		<feat xlink:href="#sSpan2591" value="·"/>
		<feat xlink:href="#sSpan2595" value="ⲛⲧϩⲉ"/>
		<feat xlink:href="#sSpan2603" value="ⲛⲧⲁⲓⲙⲡϣⲁ"/>
		<feat xlink:href="#sSpan2613" value="ⲛⲛⲁⲩ"/>
		<feat xlink:href="#sSpan2619" value="ⲉⲣⲟⲕ"/>
		<feat xlink:href="#sSpan2625" value="ϩⲓϫⲙⲡⲕⲁϩ"/>
		<feat xlink:href="#sSpan2634" value="ⲛⲧⲁⲙⲡϣⲁ"/>
		<feat xlink:href="#sSpan2643" value="ⲟⲛ"/>
		<feat xlink:href="#sSpan2647" value="ⲛⲛⲁⲩ"/>
		<feat xlink:href="#sSpan2653" value="ⲉⲣⲟⲕ"/>
		<feat xlink:href="#sSpan2659" value="ϩⲙⲡⲕⲉⲁⲓⲱⲛ"/>
		<feat xlink:href="#sSpan2671" value="·"/>
		<feat xlink:href="#sSpan2675" value="ϩⲁϩⲧⲙⲡϫⲟⲉⲓⲥ"/>
		<feat xlink:href="#sSpan2686" value="ⲓⲏⲥⲟⲩⲥ"/>
		<feat xlink:href="#sSpan2690" value="ⲡⲉⲭⲣⲓⲥⲧⲟⲥ"/>
		<feat xlink:href="#sSpan2697" value="·"/>
		<feat xlink:href="#sSpan2701" value="ⲛⲧⲟϥ"/>
		<feat xlink:href="#sSpan2710" value="ⲇⲉ"/>
		<feat xlink:href="#sSpan2714" value="ⲡⲉϫⲁϥ"/>
		<feat xlink:href="#sSpan2720" value="ⲛⲁⲓ"/>
		<feat xlink:href="#sSpan2726" value="·"/>
		<feat xlink:href="#sSpan2730" value="ϫⲉⲡⲁϣⲏⲣⲉ"/>
		<feat xlink:href="#sSpan2739" value="ⲙⲡⲛⲟⲩⲧⲉ"/>
		<feat xlink:href="#sSpan2748" value="ⲛⲁⲗⲩⲡⲉⲓ"/>
		<feat xlink:href="#sSpan2756" value="ⲙⲙⲟⲕ"/>
		<feat xlink:href="#sSpan2762" value="ⲁⲛ"/>
		<feat xlink:href="#sSpan2766" value="ϩⲛⲗⲁⲁⲩ"/>
		<feat xlink:href="#sSpan2773" value="ⲛϩⲱⲃ"/>
		<feat xlink:href="#sSpan2779" value="ⲉϥⲉⲧⲁϫⲣⲟⲕ"/>
		<feat xlink:href="#sSpan2787" value="ϩⲛⲧⲉϥⲁⲅⲁⲡⲏ"/>
		<feat xlink:href="#sSpan2798" value="·"/>
		<feat xlink:href="#sSpan2802" value="ⲛⲧⲉⲛⲉⲕⲃⲁⲗ"/>
		<feat xlink:href="#sSpan2812" value="ϫⲓⲟⲩⲟⲉⲓⲛ"/>
		<feat xlink:href="#sSpan2817" value="·"/>
		<feat xlink:href="#sSpan2821" value="ϩⲛⲧⲉϥⲙⲛⲧⲛⲟⲩⲧⲉ"/>
		<feat xlink:href="#sSpan2833" value="·"/>
		<feat xlink:href="#sSpan2837" value="ⲛⲛⲉⲕⲣⲓⲕⲉ"/>
		<feat xlink:href="#sSpan2847" value="ⲟⲩⲇⲉ"/>
		<feat xlink:href="#sSpan2851" value="ⲛⲛⲉⲕϩⲉ"/>
		<feat xlink:href="#sSpan2860" value="·"/>
		<feat xlink:href="#sSpan2865" value="ⲁⲗⲗⲁ"/>
		<feat xlink:href="#sSpan2869" value="ⲉⲕⲛⲁⲙⲁⲧⲉ"/>
		<feat xlink:href="#sSpan2880" value="ⲙⲡϩⲱⲃ"/>
		<feat xlink:href="#sSpan2889" value="·"/>
		<feat xlink:href="#sSpan2893" value="ⲛⲧⲁⲕϩⲓⲧⲟⲟⲧⲕ"/>
		<feat xlink:href="#sSpan2905" value="ⲉⲣⲟϥ"/>
		<feat xlink:href="#sSpan2911" value="·"/>
		<feat xlink:href="#sSpan2915" value="ⲉⲣⲉⲛⲁⲅⲅⲉⲗⲟⲥ"/>
		<feat xlink:href="#sSpan2929" value="ⲥⲕⲉⲡⲁⲍⲉ"/>
		<feat xlink:href="#sSpan2933" value="ⲙⲙⲟⲕ"/>
		<feat xlink:href="#sSpan2939" value="·"/>
		<feat xlink:href="#sSpan2943" value="ⲛⲥⲉⲛⲁϩⲙⲉⲕ"/>
		<feat xlink:href="#sSpan2953" value="ⲉⲛⲉⲡⲓⲃⲟⲩⲗⲏ"/>
		<feat xlink:href="#sSpan2964" value="ⲛⲛⲓⲟⲩⲇⲁⲓ"/>
		<feat xlink:href="#sSpan2974" value="ⲛⲛⲉⲩϩⲉ"/>
		<feat xlink:href="#sSpan2983" value="ⲉⲗⲁⲁⲩ"/>
		<feat xlink:href="#sSpan2990" value="ⲛⲕⲁⲧⲏⲅⲟⲣⲓⲁ"/>
		<feat xlink:href="#sSpan2998" value="ⲉϩⲟⲩⲛ"/>
		<feat xlink:href="#sSpan3002" value="ⲉⲣⲟⲕ"/>
		<feat xlink:href="#sSpan3008" value="·"/>
		<feat xlink:href="#sSpan3012" value="ϩⲛⲧⲉⲕϭⲓⲛⲁⲡⲁⲛⲧⲁ"/>
		<feat xlink:href="#sSpan3024" value="ⲉⲡⲛⲟⲩⲧⲉ"/>
		<feat xlink:href="#sSpan3034" value="·"/>
		<feat xlink:href="#sSpan3038" value="ⲛⲧⲉⲣⲉϥⲟⲩⲱ"/>
		<feat xlink:href="#sSpan3051" value="ⲇⲉ"/>
		<feat xlink:href="#sSpan3055" value="ⲉϥϫⲱ"/>
		<feat xlink:href="#sSpan3063" value="ⲛⲛⲁⲓ"/>
		<feat xlink:href="#sSpan3070" value="ⲁϥⲧⲱⲟⲩⲛ"/>
		<feat xlink:href="#sSpan3079" value="ⲁϥϣⲗⲏⲗ"/>
		<feat xlink:href="#sSpan3089" value="ⲉⲡⲛⲟⲩⲧⲉ"/>
		<feat xlink:href="#sSpan3099" value="ϩⲛϩⲉⲛⲁϣⲁϩⲟⲙ"/>
		<feat xlink:href="#sSpan3110" value="ⲙⲛϩⲉⲛⲣⲙⲉⲓⲟⲟⲩⲉ"/>
		<feat xlink:href="#sSpan3119" value="ⲉⲩⲟϣ"/>
		<feat xlink:href="#sSpan3128" value="·"/>
		<feat xlink:href="#sSpan3132" value="ⲙⲛⲛⲥⲱⲥ"/>
		<feat xlink:href="#sSpan3140" value="ⲁϥⲛⲕⲟⲧⲕ"/>
		<feat xlink:href="#sSpan3149" value="ⲉⲡⲕⲁϩ"/>
		<feat xlink:href="#sSpan3158" value="·"/>
		<feat xlink:href="#sSpan3162" value="ⲁϥϫⲱⲕ"/>
		<feat xlink:href="#sSpan3172" value="ⲉⲃⲟⲗ"/>
		<feat xlink:href="#sSpan3176" value="ⲛⲧⲉϥⲟⲓⲕⲟⲛⲟⲙⲓⲁ"/>
		<feat xlink:href="#sSpan3187" value="ⲛⲧⲉⲡⲛⲟⲩⲧⲉ"/>
		<feat xlink:href="#sSpan3196" value="·"/>
		<feat xlink:href="#sSpan3200" value="ⲁⲩⲱ"/>
		<feat xlink:href="#sSpan3204" value="ⲁϥϯ"/>
		<feat xlink:href="#sSpan3212" value="ⲙⲡⲉϥⲡⲛⲉⲩⲙⲁ"/>
		<feat xlink:href="#sSpan3223" value="ⲛϭⲓϫ"/>
		<feat xlink:href="#sSpan3230" value="ⲙⲡⲛⲟⲩⲧⲉ"/>
		<feat xlink:href="#sSpan3239" value="ϩⲛⲥⲟⲩⲙⲛⲧⲁⲥⲉ"/>
		<feat xlink:href="#sSpan3249" value="ⲙⲡⲉⲃⲟⲧ"/>
		<feat xlink:href="#sSpan3258" value="ⲡⲁⲱⲛⲉ"/>
		<feat xlink:href="#sSpan3263" value="·"/>
		<feat xlink:href="#sSpan3267" value="ⲁⲛⲟⲕ"/>
		<feat xlink:href="#sSpan3274" value="ⲇⲉ"/>
		<feat xlink:href="#sSpan3278" value="ⲁⲓⲥⲱⲧⲙ"/>
		<feat xlink:href="#sSpan3286" value="ⲉϩⲉⲛⲫⲱⲛⲏ"/>
		<feat xlink:href="#sSpan3296" value="ⲛⲁⲅⲅⲉⲗⲟⲥ"/>
		<feat xlink:href="#sSpan3305" value="ⲉⲩϩⲩⲙⲛⲉⲩⲉ"/>
		<feat xlink:href="#sSpan3314" value="ϩⲓⲑⲏ"/>
		<feat xlink:href="#sSpan3318" value="ⲙⲡⲙⲁⲕⲁⲣⲓⲟⲥ"/>
		<feat xlink:href="#sSpan3329" value="ⲁⲡⲁ"/>
		<feat xlink:href="#sSpan3333" value="ⲟⲛⲛⲟϥⲣⲓⲟⲥ"/>
		<feat xlink:href="#sSpan3338" value="·"/>
		<feat xlink:href="#sSpan3342" value="ⲁⲩⲱ"/>
		<feat xlink:href="#sSpan3346" value="ⲛⲉⲣⲉⲟⲩⲛⲟϭ"/>
		<feat xlink:href="#sSpan3355" value="ⲛⲟⲩⲣⲟⲧ"/>
		<feat xlink:href="#sSpan3361" value="ϣⲟⲟⲡ"/>
		<feat xlink:href="#sSpan3365" value="ϩⲛⲧⲉϥϭⲓⲛⲁⲡⲁⲛⲧⲁ"/>
		<feat xlink:href="#sSpan3378" value="ⲉⲡⲛⲟⲩⲧⲉ"/>
		<feat xlink:href="#sSpan3387" value="·"/>
		<feat xlink:href="#sSpan3391" value="ⲁⲛⲟⲕ"/>
		<feat xlink:href="#sSpan3398" value="ⲇⲉ"/>
		<feat xlink:href="#sSpan3402" value="ⲁⲓⲕⲁⲧ"/>
		<feat xlink:href="#sSpan3413" value="ⲕⲁϩⲏⲩ"/>
		<feat xlink:href="#sSpan3419" value="ⲛⲧⲁⲗⲟⲃⲏⲧⲉ"/>
		<feat xlink:href="#sSpan3428" value="ⲉⲧⲧⲟ"/>
		<feat xlink:href="#sSpan3434" value="ϩⲓⲱⲱⲧ"/>
		<feat xlink:href="#sSpan3440" value="ⲁⲓϯⲛⲧⲉⲥⲡⲁϣⲉ"/>
		<feat xlink:href="#sSpan3457" value="·"/>
		<feat xlink:href="#sSpan3461" value="ⲉⲧⲕⲁⲓⲥⲉ"/>
		<feat xlink:href="#sSpan3471" value="·"/>
		<feat xlink:href="#sSpan3476" value="ⲧⲕⲉⲡⲁϣⲉ"/>
		<feat xlink:href="#sSpan3485" value="ⲇⲉ"/>
		<feat xlink:href="#sSpan3489" value="ⲁⲓϭⲟⲗⲧ"/>
		<feat xlink:href="#sSpan3499" value="ⲙⲙⲟⲥ"/>
		<feat xlink:href="#sSpan3505" value="ϫⲉⲛⲛⲉⲓϭⲱ"/>
		<feat xlink:href="#sSpan3517" value="ⲉⲓⲕⲏⲕⲁϩⲏⲩ"/>
		<feat xlink:href="#sSpan3527" value="·"/>
		<feat xlink:href="#sSpan3531" value="ⲁⲓϯ"/>
		<feat xlink:href="#sSpan3542" value="ⲇⲉ"/>
		<feat xlink:href="#sSpan3546" value="ⲙⲡⲉϥⲥⲱⲙⲁ"/>
		<feat xlink:href="#sSpan3556" value="ⲉⲡⲉⲥⲏⲧ"/>
		<feat xlink:href="#sSpan3565" value="ⲉⲡⲟⲩⲱϣ"/>
		<feat xlink:href="#sSpan3574" value="ⲛⲟⲩⲡⲉⲧⲣⲁ"/>
		<feat xlink:href="#sSpan3583" value="ⲁⲓⲥⲱⲧⲙ"/>
		<feat xlink:href="#sSpan3593" value="ⲉⲡⲉϩⲣⲟⲟⲩ"/>
		<feat xlink:href="#sSpan3602" value="ⲛⲟⲩⲙⲏⲏϣⲉ"/>
		<feat xlink:href="#sSpan3613" value="ⲛⲁⲅⲅⲉⲗⲟⲥ"/>
		<feat xlink:href="#sSpan3620" value="ⲉⲩⲣⲁϣⲉ"/>
		<feat xlink:href="#sSpan3628" value="ⲁⲩⲱ"/>
		<feat xlink:href="#sSpan3632" value="ⲉⲩⲱϣ"/>
		<feat xlink:href="#sSpan3641" value="ⲉⲃⲟⲗ"/>
		<feat xlink:href="#sSpan3645" value="ϫⲉⲁⲗⲗⲏⲗⲟⲩⲓⲁ"/>
		<feat xlink:href="#sSpan3653" value="·"/>
		<feat xlink:href="#sSpan3657" value="ⲁⲓϯ"/>
		<feat xlink:href="#sSpan3671" value="ⲇⲉ"/>
		<feat xlink:href="#sSpan3675" value="ⲙⲡⲁϣⲗⲏⲗ"/>
		<feat xlink:href="#sSpan3684" value="ⲉϩⲣⲁⲓ"/>
		<feat xlink:href="#sSpan3688" value="ⲉϫⲱϥ"/>
		<feat xlink:href="#sSpan3694" value="·"/>
		<feat xlink:href="#sSpan3698" value="ⲁⲩⲱ"/>
		<feat xlink:href="#sSpan3702" value="ⲁⲓϭⲱⲗ"/>
		<feat xlink:href="#sSpan3710" value="ⲛⲟⲩⲁϣⲏ"/>
		<feat xlink:href="#sSpan3720" value="ⲛⲱⲛⲉ"/>
		<feat xlink:href="#sSpan3726" value="·"/>
		<feat xlink:href="#sSpan3730" value="ⲉϩⲣⲁⲓ"/>
		<feat xlink:href="#sSpan3734" value="ⲉϫⲱϥ"/>
		<feat xlink:href="#sSpan3740" value="ⲁⲓⲁϩⲉⲣⲁⲧ"/>
		<feat xlink:href="#sSpan3753" value="ⲁⲓϣⲗⲏⲗ"/>
		<feat xlink:href="#sSpan3763" value="·"/>
		<feat xlink:href="#sSpan3768" value="ⲡⲙⲉϩⲥⲡⲥⲛⲁⲩ"/>
		<feat xlink:href="#sSpan3778" value="·"/>
		<feat xlink:href="#sSpan3782" value="ⲁⲩⲱ"/>
		<feat xlink:href="#sSpan3786" value="ⲛⲧⲉⲩⲛⲟⲩ"/>
		<feat xlink:href="#sSpan3794" value="ⲁⲧⲃⲛⲛⲉ"/>
		<feat xlink:href="#sSpan3803" value="ϩⲉ"/>
		<feat xlink:href="#sSpan3807" value="·"/>
		<feat xlink:href="#sSpan3811" value="ⲁⲛⲟⲕ"/>
		<feat xlink:href="#sSpan3819" value="ⲇⲉ"/>
		<feat xlink:href="#sSpan3823" value="ⲁⲓⲣϣⲡⲏⲣⲉ"/>
		<feat xlink:href="#sSpan3833" value="ⲉⲙⲁⲧⲉ"/>
		<feat xlink:href="#sSpan3837" value="·"/>
		<feat xlink:href="#sSpan3841" value="ⲙⲡⲉⲛⲧⲁϥϣⲱⲡⲉ"/>
		<feat xlink:href="#sSpan3856" value="·"/>
		<feat xlink:href="#sSpan3860" value="ⲁⲓⲟⲩⲱⲙ"/>
		<feat xlink:href="#sSpan3871" value="ⲙⲡⲉⲛⲧⲁϥⲥⲉⲉⲡⲉ"/>
		<feat xlink:href="#sSpan3886" value="ⲙⲡⲟⲉⲓⲕ"/>
		<feat xlink:href="#sSpan3895" value="·"/>
		<feat xlink:href="#sSpan3899" value="ⲁⲩⲱ"/>
		<feat xlink:href="#sSpan3903" value="ⲁⲓⲥⲱ"/>
		<feat xlink:href="#sSpan3911" value="ⲙⲡⲙⲟⲟⲩ"/>
		<feat xlink:href="#sSpan3921" value="ⲛⲧⲁϥⲥⲉⲉⲡⲉ"/>
		<feat xlink:href="#sSpan3931" value="ⲉⲣⲟⲛ"/>
		<feat xlink:href="#sSpan3937" value="·"/>
		<feat xlink:href="#sSpan3941" value="ⲛⲧⲉⲣⲓⲛⲁⲩ"/>
		<feat xlink:href="#sSpan3952" value="ⲇⲉ"/>
		<feat xlink:href="#sSpan3956" value="ϫⲉⲙⲡⲟⲩⲱϣ"/>
		<feat xlink:href="#sSpan3968" value="ⲁⲛ"/>
		<feat xlink:href="#sSpan3972" value="ⲙⲡⲛⲟⲩⲧⲉ"/>
		<feat xlink:href="#sSpan3981" value="ⲡⲉ"/>
		<feat xlink:href="#sSpan3985" value="ⲉⲧⲣⲁϭⲱ"/>
		<feat xlink:href="#sSpan3995" value="ⲙⲡⲉⲓⲙⲁ"/>
		<feat xlink:href="#sSpan4004" value="·"/>
		<feat xlink:href="#sSpan4008" value="ⲁⲓⲡⲉⲣϣⲧⲟⲟⲧ"/>
		<feat xlink:href="#sSpan4020" value="ⲉⲃⲟⲗ"/>
		<feat xlink:href="#sSpan4024" value="ⲁⲓϣⲗⲏⲗ"/>
		<feat xlink:href="#sSpan4034" value="ⲉϩⲣⲁⲓ"/>
		<feat xlink:href="#sSpan4038" value="ⲉⲡϫⲟⲉⲓⲥ"/>
		<feat xlink:href="#sSpan4047" value="·"/>
		<feat xlink:href="#sSpan4051" value="ⲁⲩⲱ"/>
		<feat xlink:href="#sSpan4055" value="ⲉⲓⲥⲡⲣⲱⲙⲉ"/>
		<feat xlink:href="#sSpan4065" value="ⲛⲧⲁϥⲉⲓ"/>
		<feat xlink:href="#sSpan4075" value="ϣⲁⲣⲟⲓ"/>
		<feat xlink:href="#sSpan4081" value="ⲛϣⲟⲣⲡ"/>
		<feat xlink:href="#sSpan4087" value="ⲁϥϯϭⲟⲙ"/>
		<feat xlink:href="#sSpan4097" value="ⲛⲁⲓ"/>
		<feat xlink:href="#sSpan4104" value="·"/>
		<feat xlink:href="#sSpan4108" value="ⲁϥⲉⲓ"/>
		<feat xlink:href="#sSpan4116" value="ⲟⲛ"/>
		<feat xlink:href="#sSpan4120" value="ϣⲁⲣⲟⲓ"/>
		<feat xlink:href="#sSpan4126" value="ⲛⲧϩⲉ"/>
		<feat xlink:href="#sSpan4134" value="ⲛⲧⲉϩⲟⲩⲉⲓⲧⲉ"/>
		<feat xlink:href="#sSpan4143" value="·"/>
		<feat xlink:href="#sSpan4147" value="ⲡⲉϫⲁϥ"/>
		<feat xlink:href="#sSpan4155" value="ⲛⲁⲓ"/>
		<feat xlink:href="#sSpan4162" value="·"/>
		<feat xlink:href="#sSpan4166" value="ϫⲉⲡⲁⲡⲛⲟⲩⲧⲉ"/>
		<feat xlink:href="#sSpan4178" value="ⲁⲡⲉⲛϫⲟⲉⲓⲥ"/>
		<feat xlink:href="#sSpan4187" value="ⲧⲁⲙⲟⲛ"/>
		<feat xlink:href="#sSpan4193" value="ⲙⲡϩⲟⲟⲩ"/>
		<feat xlink:href="#sSpan4202" value="ϫⲉⲕⲛⲏⲩ"/>
		<feat xlink:href="#sSpan4211" value="ϣⲁⲣⲟⲛ"/>
		<feat xlink:href="#sSpan4217" value="ⲉⲡⲉⲓⲙⲁ"/>
		<feat xlink:href="#sSpan4226" value="·"/>
		<feat xlink:href="#sSpan4230" value="ⲉⲓⲥⲥⲉ"/>
		<feat xlink:href="#sSpan4239" value="ⲛⲣⲟⲙⲡⲉ"/>
		<feat xlink:href="#sSpan4245" value="ⲙⲡⲉⲛⲛⲁⲩ"/>
		<feat xlink:href="#sSpan4254" value="ⲉⲣⲱⲙⲉ"/>
		<feat xlink:href="#sSpan4262" value="ⲉⲓⲙⲏⲧⲓ"/>
		<feat xlink:href="#sSpan4266" value="ⲛⲧⲟⲕ"/>
		<feat xlink:href="#sSpan4270" value="ⲙⲁⲩⲁⲁⲕ"/>
		<feat xlink:href="#sSpan4276" value="·"/>
		<feat xlink:href="#sSpan4280" value="ⲛⲧⲉⲣⲛⲱⲥⲕ"/>
		<feat xlink:href="#sSpan4291" value="ⲇⲉ"/>
		<feat xlink:href="#sSpan4296" value="ⲛϣⲁϫⲉ"/>
		<feat xlink:href="#sSpan4302" value="ⲙⲛⲛⲉⲛⲉⲣⲏⲩ"/>
		<feat xlink:href="#sSpan4310" value="·"/>
		<feat xlink:href="#sSpan4315" value="ⲗⲟⲓⲡⲟⲛ"/>
		<feat xlink:href="#sSpan4323" value="ⲡⲉϫⲁⲛ"/>
		<feat xlink:href="#sSpan4329" value="ⲛⲁϥ"/>
		<feat xlink:href="#sSpan4335" value="ϫⲉⲱ"/>
		<feat xlink:href="#sSpan4343" value="ⲡⲉⲛⲥⲟⲛ"/>
		<feat xlink:href="#sSpan4349" value="·"/>
		<feat xlink:href="#sSpan4353" value="ⲥⲙⲛⲡⲉⲕϩⲏⲧ"/>
		<feat xlink:href="#sSpan4362" value="ⲛⲟⲩⲕⲟⲩⲓ"/>
		<feat xlink:href="#sSpan4371" value="ⲛⲟⲉⲓⲕ"/>
		<feat xlink:href="#sSpan4378" value="ϫⲉⲛⲧⲁⲕⲉⲓ"/>
		<feat xlink:href="#sSpan4390" value="ϩⲛⲟⲩϩⲓⲏ"/>
		<feat xlink:href="#sSpan4399" value="ⲉⲥⲟⲩⲏⲩ"/>
		<feat xlink:href="#sSpan4407" value="·"/>
		<feat xlink:href="#sSpan4411" value="ⲁⲡϫⲟⲉⲓⲥ"/>
		<feat xlink:href="#sSpan4424" value="ⲇⲉ"/>
		<feat xlink:href="#sSpan4428" value="ⲧⲟϣⲛ"/>
		<feat xlink:href="#sSpan4434" value="ⲉⲧⲣⲉⲛϭⲱ"/>
		<feat xlink:href="#sSpan4444" value="ⲙⲛⲛⲉⲛⲉⲣⲏⲩ"/>
		<feat xlink:href="#sSpan4453" value="·"/>
		<feat xlink:href="#sSpan4457" value="ⲛⲟⲩϩⲟⲟⲩ"/>
		<feat xlink:href="#sSpan4467" value="·"/>
		<feat xlink:href="#sSpan4471" value="ⲧⲛⲣⲁϣⲉ"/>
		<feat xlink:href="#sSpan4480" value="ⲇⲉ"/>
		<feat xlink:href="#sSpan4484" value="ⲛⲙⲙⲁⲕ"/>
		<feat xlink:href="#sSpan4490" value="·"/>
		<feat xlink:href="#sSpan4495" value="ⲱ"/>
		<feat xlink:href="#sSpan4499" value="ⲡⲉⲛⲥⲟⲛ"/>
		<feat xlink:href="#sSpan4506" value="ⲙⲙⲉⲣⲓⲧ"/>
		<feat xlink:href="#sSpan4513" value="·"/>
		<feat xlink:href="#sSpan4517" value="ⲛϩⲟⲥⲟⲛ"/>
		<feat xlink:href="#sSpan4528" value="ⲇⲉ"/>
		<feat xlink:href="#sSpan4532" value="ⲛϣⲁϫⲉ"/>
		<feat xlink:href="#sSpan4538" value="ⲙⲛⲛⲉⲛⲉⲣⲏⲩ"/>
		<feat xlink:href="#sSpan4546" value="·"/>
		<feat xlink:href="#sSpan4551" value="ⲉⲓⲥϩⲏⲏⲧⲉ"/>
		<feat xlink:href="#sSpan4558" value="·"/>
		<feat xlink:href="#sSpan4562" value="ⲁⲩⲉⲓⲛⲉ"/>
		<feat xlink:href="#sSpan4571" value="ⲉϩⲟⲩⲛ"/>
		<feat xlink:href="#sSpan4575" value="ⲛϯⲟⲩ"/>
		<feat xlink:href="#sSpan4582" value="ⲛⲟⲉⲓⲕ"/>
		<feat xlink:href="#sSpan4588" value="·"/>
		<feat xlink:href="#sSpan4592" value="ⲉⲩϩⲏⲙ"/>
		<feat xlink:href="#sSpan4600" value="ⲁⲩⲱ"/>
		<feat xlink:href="#sSpan4605" value="ⲉⲩⲣⲟⲟⲩⲧ"/>
		<feat xlink:href="#sSpan4614" value="ϩⲱⲥ"/>
		<feat xlink:href="#sSpan4618" value="ϫⲉⲛⲧⲁⲩϣⲁⲧⲟⲩ"/>
		<feat xlink:href="#sSpan4632" value="ϩⲛⲧⲉⲧⲣⲓⲣ"/>
		<feat xlink:href="#sSpan4641" value="·"/>
		<feat xlink:href="#sSpan4645" value="ⲛⲧⲉⲩⲛⲟⲩ"/>
		<feat xlink:href="#sSpan4656" value="ⲁⲩⲉⲓⲛⲉ"/>
		<feat xlink:href="#sSpan4665" value="ⲇⲉ"/>
		<feat xlink:href="#sSpan4669" value="ⲟⲛ"/>
		<feat xlink:href="#sSpan4673" value="ⲛⲟⲩⲛⲕⲁ"/>
		<feat xlink:href="#sSpan4682" value="ⲉϣⲁⲩⲟⲩⲟⲙϥ"/>
		<feat xlink:href="#sSpan4694" value="ⲁⲛϩⲙⲟⲟⲥ"/>
		<feat xlink:href="#sSpan4706" value="ⲇⲉ"/>
		<feat xlink:href="#sSpan4710" value="ⲁⲛⲟⲩⲱⲙ"/>
		<feat xlink:href="#sSpan4718" value="ⲙⲛⲛⲉⲛⲉⲣⲏⲩ"/>
		<feat xlink:href="#sSpan4726" value="·"/>
		<feat xlink:href="#sSpan4730" value="ⲁⲩⲱ"/>
		<feat xlink:href="#sSpan4736" value="ⲡⲉϫⲁϥ"/>
		<feat xlink:href="#sSpan4742" value="ⲛⲁⲓ"/>
		<feat xlink:href="#sSpan4749" value="ϫⲉⲉⲓⲥ"/>
		<feat xlink:href="#sSpan4755" value="ⲧⲙⲉϩⲥⲟ"/>
		<feat xlink:href="#sSpan4764" value="ⲛⲣⲟⲙⲡⲉ"/>
		<feat xlink:href="#sSpan4770" value="ϫⲓⲛⲛⲧⲁⲛⲉⲓ"/>
		<feat xlink:href="#sSpan4783" value="ⲉⲡⲉⲓⲙⲁ"/>
		<feat xlink:href="#sSpan4793" value="ϥⲧⲟⲟⲩ"/>
		<feat xlink:href="#sSpan4800" value="ⲛⲟⲉⲓⲕ"/>
		<feat xlink:href="#sSpan4806" value="ⲛⲉⲧⲧⲏϣ"/>
		<feat xlink:href="#sSpan4814" value="ⲛⲁⲛ"/>
		<feat xlink:href="#sSpan4820" value="ⲙⲙⲏⲏⲛⲉ"/>
		<feat xlink:href="#sSpan4827" value="·"/>
		<feat xlink:href="#sSpan4831" value="ⲉⲩⲉⲓⲛⲉ"/>
		<feat xlink:href="#sSpan4841" value="ⲙⲙⲟⲟⲩ"/>
		<feat xlink:href="#sSpan4847" value="ⲛⲁⲛ"/>
		<feat xlink:href="#sSpan4853" value="ⲉⲃⲟⲗ"/>
		<feat xlink:href="#sSpan4857" value="ϩⲓⲧⲙⲡⲛⲟⲩⲧⲉ"/>
		<feat xlink:href="#sSpan4866" value="·"/>
		<feat xlink:href="#sSpan4870" value="ⲛⲧⲉⲣⲕⲉⲓ"/>
		<feat xlink:href="#sSpan4882" value="ⲇⲉ"/>
		<feat xlink:href="#sSpan4886" value="ϣⲁⲣⲟⲛ"/>
		<feat xlink:href="#sSpan4892" value="ⲙⲡϩⲟⲟⲩ"/>
		<feat xlink:href="#sSpan4901" value="ⲉⲓⲥⲧⲕⲧⲟ"/>
		<feat xlink:href="#sSpan4908" value="ⲁⲩⲛⲧⲥ"/>
		<feat xlink:href="#sSpan4918" value="ⲛⲁⲕ"/>
		<feat xlink:href="#sSpan4924" value="·"/>
		<feat xlink:href="#sSpan4928" value="ⲁⲩⲱ"/>
		<feat xlink:href="#sSpan4934" value="ⲉⲙⲛⲉⲓⲙⲉ"/>
		<feat xlink:href="#sSpan4943" value="ⲉⲛⲉϩ"/>
		<feat xlink:href="#sSpan4947" value="ϫⲉⲛⲧⲁⲩⲉⲓ"/>
		<feat xlink:href="#sSpan4959" value="ⲧⲱⲛ"/>
		<feat xlink:href="#sSpan4964" value="ⲁⲗⲗⲁ"/>
		<feat xlink:href="#sSpan4968" value="ⲛⲛⲏⲩ"/>
		<feat xlink:href="#sSpan4975" value="ⲉϩⲟⲩⲛ"/>
		<feat xlink:href="#sSpan4980" value="ⲛϩⲉ"/>
		<feat xlink:href="#sSpan4986" value="ⲉⲣⲟⲟⲩ"/>
		<feat xlink:href="#sSpan4992" value="ⲉⲩⲕⲏ"/>
		<feat xlink:href="#sSpan5000" value="ⲉϩⲣⲁⲓ"/>
		<feat xlink:href="#sSpan5004" value="·"/>
		<feat xlink:href="#sSpan5008" value="ⲛⲧⲉⲣⲛⲟⲩⲱ"/>
		<feat xlink:href="#sSpan5019" value="ⲇⲉ"/>
		<feat xlink:href="#sSpan5023" value="ⲛⲟⲩⲱⲙ"/>
		<feat xlink:href="#sSpan5030" value="ⲙⲛⲛⲉⲛⲉⲣⲏⲩ"/>
		<feat xlink:href="#sSpan5038" value="ⲁⲛⲣⲧⲉⲩϣⲏ"/>
		<feat xlink:href="#sSpan5051" value="ⲧⲏⲣⲥ"/>
		<feat xlink:href="#sSpan5057" value="ⲛϣⲗⲏⲗ"/>
		<feat xlink:href="#sSpan5064" value="ϣⲁϩⲧⲟⲟⲩⲉ"/>
		<feat xlink:href="#sSpan5072" value="·"/>
		<feat xlink:href="#sSpan5077" value="ϩⲧⲟⲟⲩⲉ"/>
		<feat xlink:href="#sSpan5084" value="ⲇⲉ"/>
		<feat xlink:href="#sSpan5088" value="ⲛⲧⲉⲣⲉϥϣⲱⲡⲉ"/>
		<feat xlink:href="#sSpan5096" value="·"/>
		<feat xlink:href="#sSpan5100" value="ⲁⲓⲡⲁⲣⲁⲕⲁⲗⲉⲓ"/>
		<feat xlink:href="#sSpan5110" value="ⲙⲙⲟⲟⲩ"/>
		<feat xlink:href="#sSpan5117" value="ⲉⲧⲣⲉⲩⲕⲁⲁⲧ"/>
		<feat xlink:href="#sSpan5129" value="ϩⲁϩⲧⲏⲩ"/>
		<feat xlink:href="#sSpan5135" value="ϣⲁⲡⲉϩⲟⲟⲩ"/>
		<feat xlink:href="#sSpan5144" value="ⲙⲡⲁⲙⲟⲩ"/>
		<feat xlink:href="#sSpan5154" value="·"/>
		<feat xlink:href="#sSpan5158" value="ⲡⲉϫⲁⲩ"/>
		<feat xlink:href="#sSpan5168" value="ⲛⲁⲓ"/>
		<feat xlink:href="#sSpan5174" value="ϫⲉⲱ"/>
		<feat xlink:href="#sSpan5181" value="ⲡⲉⲛⲥⲟⲛ"/>
		<feat xlink:href="#sSpan5188" value="ⲙⲡϩⲱⲃ"/>
		<feat xlink:href="#sSpan5197" value="·"/>
		<feat xlink:href="#sSpan5201" value="ⲧⲏϣ"/>
		<feat xlink:href="#sSpan5205" value="ⲛⲁⲕ"/>
		<feat xlink:href="#sSpan5211" value="ⲁⲛ"/>
		<feat xlink:href="#sSpan5215" value="ⲉⲃⲟⲗ"/>
		<feat xlink:href="#sSpan5221" value="ⲉⲧⲣⲉⲕϭⲱ"/>
		<feat xlink:href="#sSpan5231" value="ⲙⲡⲉⲓⲙⲁ"/>
		<feat xlink:href="#sSpan5240" value="·"/>
		<feat xlink:href="#sSpan5245" value="ⲁⲗⲗⲁ"/>
		<feat xlink:href="#sSpan5251" value="ⲧⲱⲟⲩⲛ"/>
		<feat xlink:href="#sSpan5255" value="ⲛⲅⲃⲱⲕ"/>
		<feat xlink:href="#sSpan5264" value="ⲉⲕⲏⲙⲉ"/>
		<feat xlink:href="#sSpan5272" value="·"/>
		<feat xlink:href="#sSpan5276" value="ⲛⲅϫⲱ"/>
		<feat xlink:href="#sSpan5284" value="ⲛⲛⲉⲛⲧⲁⲕⲛⲁⲩ"/>
		<feat xlink:href="#sSpan5299" value="ⲉⲣⲟⲟⲩ"/>
		<feat xlink:href="#sSpan5305" value="·"/>
		<feat xlink:href="#sSpan5309" value="ⲉⲛⲉⲥⲛⲏⲩ"/>
		<feat xlink:href="#sSpan5318" value="ⲉⲩⲣⲡⲙⲉⲉⲩⲉ"/>
		<feat xlink:href="#sSpan5331" value="ⲛⲁⲩ"/>
		<feat xlink:href="#sSpan5337" value="·"/>
		<feat xlink:href="#sSpan5341" value="ⲁⲩⲱ"/>
		<feat xlink:href="#sSpan5345" value="ⲉⲩϩⲏⲩ"/>
		<feat xlink:href="#sSpan5354" value="ⲛⲛⲉⲧⲥⲱⲧⲙ"/>
		<feat xlink:href="#sSpan5365" value="·"/>
		<feat xlink:href="#sSpan5369" value="ⲁⲛⲟⲕ"/>
		<feat xlink:href="#sSpan5376" value="ⲇⲉ"/>
		<feat xlink:href="#sSpan5381" value="ⲁⲓⲡⲁⲣⲁⲕⲁⲗⲉⲓ"/>
		<feat xlink:href="#sSpan5390" value="ⲙⲙⲟⲟⲩ"/>
		<feat xlink:href="#sSpan5396" value="ⲉⲧⲣⲉⲩϫⲱ"/>
		<feat xlink:href="#sSpan5406" value="ⲉⲣⲟⲓ"/>
		<feat xlink:href="#sSpan5412" value="ⲛⲛⲉⲩⲣⲁⲛ"/>
		<feat xlink:href="#sSpan5422" value="ⲛⲧⲟⲟⲩ"/>
		<feat xlink:href="#sSpan5427" value="ⲇⲉ"/>
		<feat xlink:href="#sSpan5431" value="ⲙⲡⲟⲩⲡⲉⲓⲑⲉ"/>
		<feat xlink:href="#sSpan5440" value="ⲛϫⲟⲟⲩ"/>
		<feat xlink:href="#sSpan5448" value="ⲉⲣⲟⲟⲩ"/>
		<feat xlink:href="#sSpan5454" value="·"/>
		<feat xlink:href="#sSpan5458" value="ⲁⲓⲁⲛⲁⲅⲕⲁⲍⲉ"/>
		<feat xlink:href="#sSpan5470" value="ⲙⲙⲟⲟⲩ"/>
		<feat xlink:href="#sSpan5476" value="ⲁⲩⲱ"/>
		<feat xlink:href="#sSpan5480" value="ⲟⲛ"/>
		<feat xlink:href="#sSpan5484" value="ⲙⲡⲟⲩϫⲱ"/>
		<feat xlink:href="#sSpan5492" value="ⲉⲣⲟⲓ"/>
		<feat xlink:href="#sSpan5498" value="ⲛⲛⲉⲩⲣⲁⲛ"/>
		<feat xlink:href="#sSpan5508" value="·"/>
		<feat xlink:href="#sSpan5512" value="ⲁⲩⲟⲩⲱϣⲃ"/>
		<feat xlink:href="#sSpan5522" value="ⲡⲉϫⲁⲩ"/>
		<feat xlink:href="#sSpan5528" value="ϫⲉⲡⲉⲛⲧⲁϥϯⲣⲁⲛ"/>
		<feat xlink:href="#sSpan5545" value="ⲉⲗⲁⲁⲩ"/>
		<feat xlink:href="#sSpan5553" value="ⲛⲓⲙ"/>
		<feat xlink:href="#sSpan5557" value="·"/>
		<feat xlink:href="#sSpan5561" value="ⲁⲩⲱ"/>
		<feat xlink:href="#sSpan5565" value="ⲉⲧⲥⲟⲟⲩⲛ"/>
		<feat xlink:href="#sSpan5571" value="ⲛϩⲱⲃ"/>
		<feat xlink:href="#sSpan5579" value="ⲛⲓⲙ"/>
		<feat xlink:href="#sSpan5583" value="ⲛⲧⲟϥ"/>
		<feat xlink:href="#sSpan5587" value="ⲉⲧⲥⲟⲟⲩⲛ"/>
		<feat xlink:href="#sSpan5594" value="ⲛⲛⲉⲛⲣⲁⲛ"/>
		<feat xlink:href="#sSpan5603" value="·"/>
		<feat xlink:href="#sSpan5607" value="ⲧⲉⲛⲟⲩ"/>
		<feat xlink:href="#sSpan5613" value="ϭⲉ"/>
		<feat xlink:href="#sSpan5618" value="ⲡⲉⲛⲥⲟⲛ"/>
		<feat xlink:href="#sSpan5624" value="ⲁⲣⲓⲡⲉⲛⲙⲉⲉⲩⲉ"/>
		<feat xlink:href="#sSpan5633" value="ϣⲁⲛⲧⲛⲛⲁⲩ"/>
		<feat xlink:href="#sSpan5641" value="ⲉⲣⲟⲕ"/>
		<feat xlink:href="#sSpan5647" value="ϩⲙⲡⲏⲓ"/>
		<feat xlink:href="#sSpan5656" value="ⲙⲡⲛⲟⲩⲧⲉ"/>
		<feat xlink:href="#sSpan5665" value="·"/>
		<feat xlink:href="#sSpan5670" value="ⲥⲡⲟⲩⲇⲁⲍⲉ"/>
		<feat xlink:href="#sSpan5678" value="ⲇⲉ"/>
		<feat xlink:href="#sSpan5682" value="ⲙⲡⲣⲕⲁⲡⲕⲟⲥⲙⲟⲥ"/>
		<feat xlink:href="#sSpan5694" value="ⲉⲣϩⲁⲗ"/>
		<feat xlink:href="#sSpan5702" value="ⲙⲙⲟⲕ"/>
		<feat xlink:href="#sSpan5709" value="·"/>
		<feat xlink:href="#sSpan5713" value="ϫⲉⲁϥⲣϩⲁⲗ"/>
		<feat xlink:href="#sSpan5725" value="ⲛⲟⲩⲙⲏⲏϣⲉ"/>
		<feat xlink:href="#sSpan5734" value="·"/>
		<feat xlink:href="#sSpan5738" value="ⲛⲧⲉⲣⲟⲩⲟⲩⲱ"/>
		<feat xlink:href="#sSpan5749" value="ⲇⲉ"/>
		<feat xlink:href="#sSpan5754" value="ⲛⲛⲁⲓ"/>
		<feat xlink:href="#sSpan5762" value="·"/>
		<feat xlink:href="#sSpan5766" value="ⲁⲩⲥⲙⲟⲩ"/>
		<feat xlink:href="#sSpan5774" value="ⲉⲣⲟⲓ"/>
		<feat xlink:href="#sSpan5780" value="ⲁⲩⲱ"/>
		<feat xlink:href="#sSpan5784" value="ⲁⲩⲁⲥⲡⲁⲍⲉ"/>
		<feat xlink:href="#sSpan5793" value="ⲙⲙⲟⲓ"/>
		<feat xlink:href="#sSpan5799" value="·"/>
		<feat xlink:href="#sSpan5803" value="ⲁⲓⲉⲓ"/>
		<feat xlink:href="#sSpan5815" value="ⲉⲃⲟⲗ"/>
		<feat xlink:href="#sSpan5819" value="ϩⲓⲧⲟⲟⲩⲟⲩ"/>
		<feat xlink:href="#sSpan5828" value="·"/>
		<feat xlink:href="#sSpan5832" value="ⲛⲧⲉⲣⲓⲟⲩⲉ"/>
		<feat xlink:href="#sSpan5844" value="ⲙⲙⲟⲟⲩ"/>
		<feat xlink:href="#sSpan5850" value="ⲛⲁⲩϩⲟⲟⲩ"/>
		<feat xlink:href="#sSpan5859" value="ⲙⲙⲟⲟϣⲉ"/>
		<feat xlink:href="#sSpan5866" value="·"/>
		<feat xlink:href="#sSpan5870" value="ⲁⲓⲉⲓ"/>
		<feat xlink:href="#sSpan5879" value="ⲉⲃⲟⲗ"/>
		<feat xlink:href="#sSpan5883" value="ⲉϩⲣⲁⲓ"/>
		<feat xlink:href="#sSpan5887" value="ⲉϫⲛⲟⲩⲡⲏⲅⲏ"/>
		<feat xlink:href="#sSpan5898" value="ⲙⲙⲟⲟⲩ"/>
		<feat xlink:href="#sSpan5905" value="·"/>
		<feat xlink:href="#sSpan5909" value="ⲁⲛⲟⲕ"/>
		<feat xlink:href="#sSpan5916" value="ⲇⲉ"/>
		<feat xlink:href="#sSpan5920" value="ⲁⲓϩⲙⲟⲟⲥ"/>
		<feat xlink:href="#sSpan5928" value="ⲛⲟⲩⲕⲟⲩⲓ"/>
		<feat xlink:href="#sSpan5936" value="ⲉⲧⲃⲉⲡϩⲓⲥⲉ"/>
		<feat xlink:href="#sSpan5946" value="·"/>
		<feat xlink:href="#sSpan5950" value="ⲁⲩⲱ"/>
		<feat xlink:href="#sSpan5954" value="ⲛⲉⲩⲛϩⲉⲛⲛⲟϭ"/>
		<feat xlink:href="#sSpan5965" value="ⲛϣⲏⲛ"/>
		<feat xlink:href="#sSpan5971" value="ⲣⲏⲧϩⲓϫⲛⲧⲡⲏⲅⲏ"/>
		<feat xlink:href="#sSpan5984" value="·"/>
		<feat xlink:href="#sSpan5988" value="ⲛⲧⲉⲣⲓⲙⲓⲕⲉ"/>
		<feat xlink:href="#sSpan5998" value="ⲁⲩⲱ"/>
		<feat xlink:href="#sSpan6002" value="ⲛⲧⲁⲙⲧⲟⲛ"/>
		<feat xlink:href="#sSpan6010" value="ⲛⲟⲩⲕⲟⲩⲓ"/>
		<feat xlink:href="#sSpan6019" value="·"/>
		<feat xlink:href="#sSpan6023" value="ⲁⲓϭⲱ"/>
		<feat xlink:href="#sSpan6032" value="ⲉⲓϯⲟⲩⲟⲓ"/>
		<feat xlink:href="#sSpan6042" value="ϩⲛⲛϣⲏⲛ"/>
		<feat xlink:href="#sSpan6051" value="·"/>
		<feat xlink:href="#sSpan6055" value="ⲉⲓⲣϣⲡⲏⲣⲉ"/>
		<feat xlink:href="#sSpan6065" value="·"/>
		<feat xlink:href="#sSpan6069" value="ⲁⲩⲱ"/>
		<feat xlink:href="#sSpan6076" value="ⲉⲓⲙⲉⲉⲩⲉ"/>
		<feat xlink:href="#sSpan6085" value="ⲉⲃⲟⲗ"/>
		<feat xlink:href="#sSpan6089" value="ϫⲉⲛⲓⲙ"/>
		<feat xlink:href="#sSpan6095" value="ⲡⲉ"/>
		<feat xlink:href="#sSpan6099" value="ⲛⲧⲁϥⲧⲱⲱϭⲉ"/>
		<feat xlink:href="#sSpan6109" value="ⲙⲙⲟⲟⲩ"/>
		<feat xlink:href="#sSpan6116" value="ⲙⲡⲉⲓⲙⲁ"/>
		<feat xlink:href="#sSpan6125" value="·"/>
		<feat xlink:href="#sSpan6129" value="ⲁⲩⲱ"/>
		<feat xlink:href="#sSpan6135" value="ⲟⲛ"/>
		<feat xlink:href="#sSpan6139" value="ⲟⲩⲛϩⲉⲛⲃⲛⲛⲉ"/>
		<feat xlink:href="#sSpan6148" value="ⲛϩⲏⲧⲟⲩ"/>
		<feat xlink:href="#sSpan6154" value="ⲉⲩⲟⲧⲡ"/>
		<feat xlink:href="#sSpan6163" value="ⲛⲕⲁⲣⲡⲟⲥ"/>
		<feat xlink:href="#sSpan6171" value="·"/>
		<feat xlink:href="#sSpan6175" value="ⲙⲛϩⲉⲛⲕⲓⲧⲣⲉ"/>
		<feat xlink:href="#sSpan6184" value="ⲁⲩⲱ"/>
		<feat xlink:href="#sSpan6189" value="ϩⲉⲛϩⲣⲙⲁⲛ"/>
		<feat xlink:href="#sSpan6195" value="·"/>
		<feat xlink:href="#sSpan6199" value="ⲙⲛϩⲉⲛⲕⲛⲧⲉ"/>
		<feat xlink:href="#sSpan6209" value="·"/>
		<feat xlink:href="#sSpan6213" value="ⲙⲛϩⲉⲛϫⲙⲡⲉϩ"/>
		<feat xlink:href="#sSpan6222" value="·"/>
		<feat xlink:href="#sSpan6226" value="ⲙⲛϩⲉⲛⲉⲗⲟⲟⲗⲉ"/>
		<feat xlink:href="#sSpan6235" value="·"/>
		<feat xlink:href="#sSpan6239" value="ⲁⲩⲱ"/>
		<feat xlink:href="#sSpan6245" value="ϩⲉⲛⲇⲟⲣⲁⲕⲓⲟⲛ"/>
		<feat xlink:href="#sSpan6252" value="·"/>
		<feat xlink:href="#sSpan6256" value="ⲙⲛϩⲉⲛⲕⲓⲥⲙⲁ"/>
		<feat xlink:href="#sSpan6265" value="·"/>
		<feat xlink:href="#sSpan6269" value="ⲙⲛϩⲉⲛⲕⲉϣⲏⲛ"/>
		<feat xlink:href="#sSpan6281" value="ⲉⲩϣⲉϣⲥϯⲛⲟⲩϥⲉ"/>
		<feat xlink:href="#sSpan6294" value="ⲉⲃⲟⲗ"/>
		<feat xlink:href="#sSpan6298" value="·"/>
		<feat xlink:href="#sSpan6303" value="ⲧⲡⲏⲅⲏ"/>
		<feat xlink:href="#sSpan6312" value="ⲛⲉⲥⲧⲁⲩⲉ"/>
		<feat xlink:href="#sSpan6320" value="ⲙϩⲟⲟⲩ"/>
		<feat xlink:href="#sSpan6328" value="ⲉⲃⲟⲗ"/>
		<feat xlink:href="#sSpan6332" value="ⲉⲥⲧⲥⲟ"/>
		<feat xlink:href="#sSpan6340" value="ⲛⲛϣⲏⲛ"/>
		<feat xlink:href="#sSpan6349" value="ⲧⲏⲣⲟⲩ"/>
		<feat xlink:href="#sSpan6355" value="ⲉⲧⲣⲏⲧ"/>
		<feat xlink:href="#sSpan6361" value="ϩⲙⲡⲙⲁ"/>
		<feat xlink:href="#sSpan6371" value="ⲉⲧⲙⲙⲁⲩ"/>
		<feat xlink:href="#sSpan6377" value="·"/>
		<feat xlink:href="#sSpan6381" value="ⲛϩⲟⲥⲟⲛ"/>
		<feat xlink:href="#sSpan6391" value="ⲇⲉ"/>
		<feat xlink:href="#sSpan6396" value="ⲉⲓⲣϣⲡⲏⲣⲉ"/>
		<feat xlink:href="#sSpan6406" value="·"/>
		<feat xlink:href="#sSpan6410" value="ⲛⲛϣⲏⲛ"/>
		<feat xlink:href="#sSpan6420" value="·"/>
		<feat xlink:href="#sSpan6424" value="ⲁⲩⲱ"/>
		<feat xlink:href="#sSpan6428" value="ⲉⲓⲑⲉⲱⲣⲉⲓ"/>
		<feat xlink:href="#sSpan6437" value="ⲙⲙⲟⲟⲩ"/>
		<feat xlink:href="#sSpan6443" value="ⲙⲛⲛⲉⲩⲕⲁⲣⲡⲟⲥ"/>
		<feat xlink:href="#sSpan6453" value="·"/>
		<feat xlink:href="#sSpan6457" value="ⲉⲓⲥϥⲧⲟⲟⲩ"/>
		<feat xlink:href="#sSpan6465" value="ⲛϣⲏⲣⲉ"/>
		<feat xlink:href="#sSpan6472" value="ϣⲏⲙ"/>
		<feat xlink:href="#sSpan6476" value="ⲁⲩⲉⲓ"/>
		<feat xlink:href="#sSpan6484" value="ⲙⲡⲟⲩⲉ"/>
		<feat xlink:href="#sSpan6493" value="ⲉⲛⲉⲥⲱⲟⲩ"/>
		<feat xlink:href="#sSpan6501" value="ϩⲛⲧⲉⲩϩⲓⲕⲱⲛ"/>
		<feat xlink:href="#sSpan6512" value="·"/>
		<feat xlink:href="#sSpan6516" value="ⲉⲣⲉϩⲉⲛⲃⲁⲗⲟⲧ"/>
		<feat xlink:href="#sSpan6525" value="ⲉⲛⲉⲥⲟⲟⲩ"/>
		<feat xlink:href="#sSpan6533" value="ⲧⲟ"/>
		<feat xlink:href="#sSpan6537" value="ϩⲓⲱⲟⲩ"/>
		<feat xlink:href="#sSpan6543" value="·"/>
		<feat xlink:href="#sSpan6547" value="ⲙⲡⲉⲥⲙⲟⲧ"/>
		<feat xlink:href="#sSpan6557" value="ⲛϩⲉⲛⲡⲉⲣⲓⲥⲱⲙⲁ"/>
		<feat xlink:href="#sSpan6567" value="·"/>
		<feat xlink:href="#sSpan6571" value="ⲛⲧⲉⲣⲟⲩⲡⲱϩ"/>
		<feat xlink:href="#sSpan6582" value="ⲇⲉ"/>
		<feat xlink:href="#sSpan6586" value="ⲉⲣⲟⲓ"/>
		<feat xlink:href="#sSpan6593" value="ⲡⲉϫⲁⲩ"/>
		<feat xlink:href="#sSpan6599" value="ⲛⲁⲓ"/>
		<feat xlink:href="#sSpan6605" value="ϫⲉⲭⲁⲓⲣⲉ"/>
		<feat xlink:href="#sSpan6612" value="ⲡⲁⲡⲛⲟⲩⲧⲉ"/>
		<feat xlink:href="#sSpan6622" value="ⲡⲉⲛⲙⲉⲣⲓⲧ"/>
		<feat xlink:href="#sSpan6628" value="ⲛⲥⲟⲛ"/>
		<feat xlink:href="#sSpan6635" value="·"/></featList></paula>