<?xml version='1.0' encoding='UTF-8'?><!DOCTYPE paula SYSTEM "paula_feat.dtd">
<paula version="1.1">
	<header paula_id="scriptorium.life.onnophrius.03.mark_text"/>
	<featList xmlns:xlink="http://www.w3.org/1999/xlink" type="text" xml:base="scriptorium.life.onnophrius.03.mark.xml">
		<feat xlink:href="#sSpan30" value="ⲡⲉ ϣⲗⲏⲗ"/>
		<feat xlink:href="#sSpan51" value="ⲡ ϩⲁⲙⲏⲛ"/>
		<feat xlink:href="#sSpan99" value="ϣⲁϫⲉ ⲙ ⲙⲛⲧⲛⲟϭ ⲙ ⲡ ⲛⲟⲩⲧⲉ"/>
		<feat xlink:href="#sSpan107" value="ⲙⲛⲧⲛⲟϭ ⲙ ⲡ ⲛⲟⲩⲧⲉ"/>
		<feat xlink:href="#sSpan116" value="ⲡ ⲛⲟⲩⲧⲉ"/>
		<feat xlink:href="#sSpan135" value="ⲡ ⲛⲁⲩ ⲙ ⲡ ⲣⲏ"/>
		<feat xlink:href="#sSpan144" value="ⲡ ⲣⲏ"/>
		<feat xlink:href="#sSpan186" value="ⲩ ⲟⲉⲓⲕ ⲉ ϥ ⲕⲏ ⲉϩⲣⲁⲓ"/>
		<feat xlink:href="#sSpan207" value="ⲟⲩ ϩⲛⲁⲩ ⲙ ⲙⲟⲟⲩ"/>
		<feat xlink:href="#sSpan217" value="ⲙⲟⲟⲩ"/>
		<feat xlink:href="#sSpan245" value="ⲡⲁ ⲥⲟⲛ"/>
		<feat xlink:href="#sSpan281" value="ⲡⲉⲓ ⲕⲟⲩⲓ ⲙ ⲙⲟⲟⲩ"/>
		<feat xlink:href="#sSpan330" value="ⲡⲉ ϩⲕⲟ"/>
		<feat xlink:href="#sSpan343" value="ⲡ ⲉⲓⲃⲉ"/>
		<feat xlink:href="#sSpan353" value="ⲡ ϩⲓⲥⲉ ⲛ ⲛⲉ ϩⲓⲟⲟⲩⲉ"/>
		<feat xlink:href="#sSpan362" value="ⲛⲉ ϩⲓⲟⲟⲩⲉ"/>
		<feat xlink:href="#sSpan408" value="ⲡ ⲛⲟⲩⲧⲉ ⲡ ⲡⲁⲛⲧⲟⲕⲣⲁⲧⲱⲣ"/>
		<feat xlink:href="#sSpan571" value="ⲡ ⲟⲉⲓⲕ"/>
		<feat xlink:href="#sSpan641" value="ⲡⲉ ⲥⲛⲁⲩ"/>
		<feat xlink:href="#sSpan650" value="ⲡⲉ ϩⲛⲁⲩ ⲙ ⲙⲟⲟⲩ"/>
		<feat xlink:href="#sSpan660" value="ⲙⲟⲟⲩ"/>
		<feat xlink:href="#sSpan721" value="ⲧⲉ ⲩϣⲏ ⲧⲏⲣ ⲥ"/>
		<feat xlink:href="#sSpan736" value="ϣⲗⲏⲗ · ⲉ ⲡ ⲛⲟⲩⲧⲉ"/>
		<feat xlink:href="#sSpan747" value="ⲡ ⲛⲟⲩⲧⲉ"/>
		<feat xlink:href="#sSpan758" value="ϩⲧⲟⲟⲩⲉ"/>
		<feat xlink:href="#sSpan771" value="ϩⲧⲟⲟⲩⲉ"/>
		<feat xlink:href="#sSpan795" value="ⲡⲉϥ ϩⲟ ⲛⲧ ⲁ ϥ ϣⲓⲃⲉ"/>
		<feat xlink:href="#sSpan847" value="ⲕⲉ ⲣⲱⲙⲉ"/>
		<feat xlink:href="#sSpan872" value="ⲟⲩ ⲕⲱϩⲧ"/>
		<feat xlink:href="#sSpan897" value="ⲧⲉϥ ⲙⲟⲣⲫⲏ"/>
		<feat xlink:href="#sSpan964" value="ⲡⲁ ⲥⲟⲛ · ⲡⲁ ⲡ ⲛⲟⲩⲧⲉ"/>
		<feat xlink:href="#sSpan977" value="ⲡ ⲛⲟⲩⲧⲉ"/>
		<feat xlink:href="#sSpan992" value="ⲡ ϫⲟⲉⲓⲥ"/>
		<feat xlink:href="#sSpan1017" value="ⲡ ⲣⲟⲟⲩϣ ⲙ ⲡⲁ ⲥⲱⲙⲁ"/>
		<feat xlink:href="#sSpan1026" value="ⲡⲁ ⲥⲱⲙⲁ"/>
		<feat xlink:href="#sSpan1059" value="ⲡ ϩⲟⲟⲩ ⲛ ϩⲟⲟⲩ"/>
		<feat xlink:href="#sSpan1086" value="ⲧⲁ ⲟⲓⲕⲟⲛⲟⲙⲓⲁ"/>
		<feat xlink:href="#sSpan1104" value="ⲡ ⲙⲁ ⲛ ⲙⲧⲟⲛ ϣⲁ ⲉⲛⲉϩ"/>
		<feat xlink:href="#sSpan1113" value="ⲙⲧⲟⲛ ϣⲁ ⲉⲛⲉϩ"/>
		<feat xlink:href="#sSpan1120" value="ⲉⲛⲉϩ"/>
		<feat xlink:href="#sSpan1135" value="ⲥⲟⲩⲙⲛⲧⲁⲥⲉ ⲅⲁⲣ ⲙ ⲡ ⲉⲃⲟⲧ ⲡⲁⲱⲛⲉ"/>
		<feat xlink:href="#sSpan1149" value="ⲡ ⲉⲃⲟⲧ ⲡⲁⲱⲛⲉ"/>
		<feat xlink:href="#sSpan1164" value="ⲡⲉ ϩⲟⲟⲩ ⲉⲧ ⲙⲙⲁⲩ"/>
		<feat xlink:href="#sSpan1211" value="ⲕⲏⲙⲉ"/>
		<feat xlink:href="#sSpan1225" value="ⲡⲁ ⲣⲡⲙⲉⲉⲩⲉ"/>
		<feat xlink:href="#sSpan1244" value="ⲥϯⲛⲟⲩϥⲉ ⲛ ⲛⲉ ⲥⲛⲏⲩ"/>
		<feat xlink:href="#sSpan1252" value="ⲛⲉ ⲥⲛⲏⲩ"/>
		<feat xlink:href="#sSpan1264" value="ⲡ ⲉⲧ ⲛⲁ ϯ ⲛ ⲟⲩ ⲡⲣⲟⲥⲫⲟⲣⲁ · ϩⲙ ⲡⲁ ⲣⲁⲛ"/>
		<feat xlink:href="#sSpan1279" value="ⲟⲩ ⲡⲣⲟⲥⲫⲟⲣⲁ"/>
		<feat xlink:href="#sSpan1293" value="ⲡⲁ ⲣⲁⲛ"/>
		<feat xlink:href="#sSpan1324" value="ⲓⲏⲥⲟⲩⲥ ϩⲱⲱ ϥ"/>
		<feat xlink:href="#sSpan1345" value="ⲧ ϣⲟⲣⲡ ⲛ ⲟⲩⲛⲟⲩ ⲙ ⲡ ϣⲟ ⲛ ⲣⲟⲙⲡⲉ"/>
		<feat xlink:href="#sSpan1361" value="ⲡ ϣⲟ ⲛ ⲣⲟⲙⲡⲉ"/>
		<feat xlink:href="#sSpan1412" value="ⲟⲩ ϩⲏⲕⲉ ⲡⲉ ⲉ ⲙⲛ ϣϭⲟⲙ ⲙⲙⲟ ϥ · ⲉ ϯ ⲛ ⲟⲩ ⲡⲣⲟⲥⲫⲟⲣⲁ ⲙ ⲡⲉⲕ ⲣⲁⲛ"/>
		<feat xlink:href="#sSpan1450" value="ⲟⲩ ⲡⲣⲟⲥⲫⲟⲣⲁ ⲙ ⲡⲉⲕ ⲣⲁⲛ"/>
		<feat xlink:href="#sSpan1460" value="ⲡⲉⲕ ⲣⲁⲛ"/>
		<feat xlink:href="#sSpan1496" value="ⲟⲩ ⲥⲟⲛ ⲛ ϩⲏⲕⲉ"/>
		<feat xlink:href="#sSpan1511" value="ⲡⲁ ⲣⲁⲛ"/>
		<feat xlink:href="#sSpan1543" value="ⲟⲩ ϩⲏⲕⲉ"/>
		<feat xlink:href="#sSpan1599" value="ⲡ ⲇⲉⲓⲡⲛⲟⲛ ⲛ ⲧ ϣⲟⲣⲡ ⲛ ⲟⲩⲛⲟⲩ ⲙ ⲡ ϣⲟ ⲛ ⲣⲟⲙⲡⲉ"/>
		<feat xlink:href="#sSpan1609" value="ⲧ ϣⲟⲣⲡ ⲛ ⲟⲩⲛⲟⲩ ⲙ ⲡ ϣⲟ ⲛ ⲣⲟⲙⲡⲉ"/>
		<feat xlink:href="#sSpan1625" value="ⲡ ϣⲟ ⲛ ⲣⲟⲙⲡⲉ"/>
		<feat xlink:href="#sSpan1667" value="ⲟⲩ ⲕⲟⲩⲓ ⲛ ⲥⲧⲟⲓ"/>
		<feat xlink:href="#sSpan1682" value="ⲡⲁ ⲣⲁⲛ"/>
		<feat xlink:href="#sSpan1730" value="ⲟⲩ ϩⲏⲕⲉ"/>
		<feat xlink:href="#sSpan1745" value="ϣϭⲟⲙ ⲙⲙⲟ ϥ"/>
		<feat xlink:href="#sSpan1775" value="ⲡⲉⲕ ⲣⲁⲛ"/>
		<feat xlink:href="#sSpan1788" value="ⲧ ⲙⲛⲧϩⲏⲕⲉ"/>
		<feat xlink:href="#sSpan1812" value="ⲡⲁ ⲉⲓⲱⲧ ⲉⲧ ⲛⲁⲛⲟⲩ ϥ"/>
		<feat xlink:href="#sSpan1829" value="ⲡⲉⲕ ⲛⲁ"/>
		<feat xlink:href="#sSpan1851" value="ⲡ ⲉⲧ ⲕ ⲛⲁ ⲁⲓⲧⲉⲓ ⲙⲙⲟ ϥ ⲛⲧⲙ ⲡ ⲛⲟⲩⲧⲉ"/>
		<feat xlink:href="#sSpan1873" value="ⲡ ⲛⲟⲩⲧⲉ"/>
		<feat xlink:href="#sSpan1882" value="ⲡ ⲛⲟⲩⲧⲉ"/>
		<feat xlink:href="#sSpan1945" value="ϣⲟⲙⲛⲧ ⲛ ⲥⲟⲡ"/>
		<feat xlink:href="#sSpan1958" value="ϣⲗⲏⲗ ⲉ ⲡ ⲛⲟⲩⲧⲉ"/>
		<feat xlink:href="#sSpan1965" value="ⲡ ⲛⲟⲩⲧⲉ"/>
		<feat xlink:href="#sSpan1979" value="ⲡⲁ ⲣⲁⲛ"/>
		<feat xlink:href="#sSpan1990" value="ⲡ ϫⲟⲉⲓⲥ ⲓⲏⲥⲟⲩⲥ"/>
		<feat xlink:href="#sSpan2012" value="ⲡ ϣⲟ ⲛ ⲣⲟⲙⲡⲉ"/>
		<feat xlink:href="#sSpan2041" value="ⲛ ⲉⲧ ⲟⲩⲁⲁⲃ ⲧⲏⲣ ⲟⲩ"/>
		<feat xlink:href="#sSpan2091" value="ⲡⲁ ⲉⲓⲱⲧ ⲉⲧ ⲟⲩⲁⲁⲃ"/>
		<feat xlink:href="#sSpan2145" value="ⲡⲉⲕ ⲧⲟⲡⲟⲥ · ⲉⲧ ⲟⲩⲁⲁⲃ"/>
		<feat xlink:href="#sSpan2172" value="ⲡⲉⲓ ⲥⲱⲙⲁ"/>
		<feat xlink:href="#sSpan2203" value="ⲡⲁ ϣⲏⲣⲉ"/>
		<feat xlink:href="#sSpan2235" value="ϯ ⲟⲓⲕⲟⲛⲟⲙⲓⲁ"/>
		<feat xlink:href="#sSpan2257" value="ⲡ ϫⲟⲉⲓⲥ"/>
		<feat xlink:href="#sSpan2272" value="ⲩ ⲥⲟⲗⲥⲗ ⲛ ⲛⲉ ⲥⲛⲏⲩ ⲉⲧ ⲟⲩⲁⲁⲃ · ⲉⲧ ϣⲟⲟⲡ ϩⲙ ⲡ ϫⲁⲓⲉ"/>
		<feat xlink:href="#sSpan2281" value="ⲛⲉ ⲥⲛⲏⲩ ⲉⲧ ⲟⲩⲁⲁⲃ · ⲉⲧ ϣⲟⲟⲡ ϩⲙ ⲡ ϫⲁⲓⲉ"/>
		<feat xlink:href="#sSpan2308" value="ⲡ ϫⲁⲓⲉ"/>
		<feat xlink:href="#sSpan2340" value="ⲡⲉⲩ ⲥϯⲛⲟⲩϥⲉ"/>
		<feat xlink:href="#sSpan2355" value="ⲧ ⲙⲏⲏⲧⲉ ⲛ ⲛⲉ ⲥⲛⲏⲩ"/>
		<feat xlink:href="#sSpan2365" value="ⲛⲉ ⲥⲛⲏⲩ"/>
		<feat xlink:href="#sSpan2376" value="ⲛ ⲣⲉϥϣⲙϣⲉⲛⲟⲩⲧⲉ ⲉ ⲩ ϩⲏⲩ ⲛ ⲛ ⲉⲧ ⲥⲱⲧⲙ"/>
		<feat xlink:href="#sSpan2389" value="ⲩ ϩⲏⲩ ⲛ ⲛ ⲉⲧ ⲥⲱⲧⲙ"/>
		<feat xlink:href="#sSpan2398" value="ⲛ ⲉⲧ ⲥⲱⲧⲙ"/>
		<feat xlink:href="#sSpan2426" value="ⲕⲏⲙⲉ"/>
		<feat xlink:href="#sSpan2434" value="ⲡⲁ ϣⲏⲣⲉ"/>
		<feat xlink:href="#sSpan2470" value="ⲡ ϩⲱⲃ ⲉⲧ ⲛⲁⲛⲟⲩ ϥ"/>
		<feat xlink:href="#sSpan2519" value="ⲡ ⲕⲁϩ"/>
		<feat xlink:href="#sSpan2555" value="ⲡⲁ ⲉⲓⲱⲧ"/>
		<feat xlink:href="#sSpan2570" value="ⲟⲩ ⲛⲁ"/>
		<feat xlink:href="#sSpan2585" value="ⲡ ⲛⲟⲩⲧⲉ"/>
		<feat xlink:href="#sSpan2629" value="ⲡ ⲕⲁϩ"/>
		<feat xlink:href="#sSpan2663" value="ⲡ ⲕⲉ ⲁⲓⲱⲛ"/>
		<feat xlink:href="#sSpan2680" value="ⲡ ϫⲟⲉⲓⲥ ⲓⲏⲥⲟⲩⲥ ⲡⲉ ⲭⲣⲓⲥⲧⲟⲥ"/>
		<feat xlink:href="#sSpan2734" value="ⲡⲁ ϣⲏⲣⲉ"/>
		<feat xlink:href="#sSpan2743" value="ⲡ ⲛⲟⲩⲧⲉ"/>
		<feat xlink:href="#sSpan2770" value="ⲗⲁⲁⲩ ⲛ ϩⲱⲃ"/>
		<feat xlink:href="#sSpan2792" value="ⲧⲉϥ ⲁⲅⲁⲡⲏ"/>
		<feat xlink:href="#sSpan2806" value="ⲛⲉⲕ ⲃⲁⲗ"/>
		<feat xlink:href="#sSpan2825" value="ⲧⲉϥ ⲙⲛⲧⲛⲟⲩⲧⲉ · ⲛ ⲛⲉⲕ ⲣⲓⲕⲉ ⲟⲩⲇⲉ ⲛ ⲛⲉⲕ ϩⲉ"/>
		<feat xlink:href="#sSpan2841" value="ⲛⲉⲕ ⲣⲓⲕⲉ"/>
		<feat xlink:href="#sSpan2855" value="ⲛⲉⲕ ϩⲉ"/>
		<feat xlink:href="#sSpan2884" value="ⲡ ϩⲱⲃ · ⲛⲧ ⲁ ⲕ ϩⲓⲧⲟⲟⲧ ⲕ ⲉⲣⲟ ϥ"/>
		<feat xlink:href="#sSpan2922" value="ⲛ ⲁⲅⲅⲉⲗⲟⲥ"/>
		<feat xlink:href="#sSpan2958" value="ⲛ ⲉⲡⲓⲃⲟⲩⲗⲏ ⲛ ⲛ ⲓⲟⲩⲇⲁⲓ"/>
		<feat xlink:href="#sSpan2968" value="ⲛ ⲓⲟⲩⲇⲁⲓ"/>
		<feat xlink:href="#sSpan2987" value="ⲗⲁⲁⲩ ⲛ ⲕⲁⲧⲏⲅⲟⲣⲓⲁ"/>
		<feat xlink:href="#sSpan3016" value="ⲧⲉⲕ ϭⲓⲛⲁⲡⲁⲛⲧⲁ ⲉ ⲡ ⲛⲟⲩⲧⲉ"/>
		<feat xlink:href="#sSpan3028" value="ⲡ ⲛⲟⲩⲧⲉ"/>
		<feat xlink:href="#sSpan3067" value="ⲛⲁⲓ"/>
		<feat xlink:href="#sSpan3094" value="ⲡ ⲛⲟⲩⲧⲉ"/>
		<feat xlink:href="#sSpan3103" value="ϩⲉⲛ ⲁϣⲁϩⲟⲙ ⲙⲛ ϩⲉⲛ ⲣⲙⲉⲓⲟⲟⲩⲉ ⲉ ⲩ ⲟϣ"/>
		<feat xlink:href="#sSpan3114" value="ϩⲉⲛ ⲣⲙⲉⲓⲟⲟⲩⲉ ⲉ ⲩ ⲟϣ"/>
		<feat xlink:href="#sSpan3153" value="ⲡ ⲕⲁϩ"/>
		<feat xlink:href="#sSpan3181" value="ⲧⲉϥ ⲟⲓⲕⲟⲛⲟⲙⲓⲁ ⲛⲧⲉ ⲡ ⲛⲟⲩⲧⲉ"/>
		<feat xlink:href="#sSpan3191" value="ⲡ ⲛⲟⲩⲧⲉ"/>
		<feat xlink:href="#sSpan3216" value="ⲡⲉϥ ⲡⲛⲉⲩⲙⲁ"/>
		<feat xlink:href="#sSpan3227" value="ϭⲓϫ ⲙ ⲡ ⲛⲟⲩⲧⲉ"/>
		<feat xlink:href="#sSpan3234" value="ⲡ ⲛⲟⲩⲧⲉ"/>
		<feat xlink:href="#sSpan3244" value="ⲥⲟⲩⲙⲛⲧⲁⲥⲉ ⲙ ⲡ ⲉⲃⲟⲧ ⲡⲁⲱⲛⲉ"/>
		<feat xlink:href="#sSpan3253" value="ⲡ ⲉⲃⲟⲧ ⲡⲁⲱⲛⲉ"/>
		<feat xlink:href="#sSpan3290" value="ϩⲉⲛ ⲫⲱⲛⲏ ⲛ ⲁⲅⲅⲉⲗⲟⲥ"/>
		<feat xlink:href="#sSpan3301" value="ⲁⲅⲅⲉⲗⲟⲥ"/>
		<feat xlink:href="#sSpan3322" value="ⲡ ⲙⲁⲕⲁⲣⲓⲟⲥ ⲁⲡⲁ ⲟⲛⲛⲟϥⲣⲓⲟⲥ"/>
		<feat xlink:href="#sSpan3350" value="ⲟⲩ ⲛⲟϭ ⲛ ⲟⲩⲣⲟⲧ"/>
		<feat xlink:href="#sSpan3369" value="ⲧⲉϥ ϭⲓⲛⲁⲡⲁⲛⲧⲁ"/>
		<feat xlink:href="#sSpan3382" value="ⲡ ⲛⲟⲩⲧⲉ"/>
		<feat xlink:href="#sSpan3423" value="ⲧ ⲁⲗⲟⲃⲏⲧⲉ ⲉⲧ ⲧⲟ ϩⲓⲱⲱ ⲧ"/>
		<feat xlink:href="#sSpan3452" value="ⲧⲉⲥ ⲡⲁϣⲉ"/>
		<feat xlink:href="#sSpan3466" value="ⲧ ⲕⲁⲓⲥⲉ"/>
		<feat xlink:href="#sSpan3475" value="ⲧ ⲕⲉ ⲡⲁϣⲉ"/>
		<feat xlink:href="#sSpan3550" value="ⲡⲉϥ ⲥⲱⲙⲁ"/>
		<feat xlink:href="#sSpan3569" value="ⲡ ⲟⲩⲱϣ ⲛ ⲟⲩ ⲡⲉⲧⲣⲁ"/>
		<feat xlink:href="#sSpan3578" value="ⲟⲩ ⲡⲉⲧⲣⲁ"/>
		<feat xlink:href="#sSpan3597" value="ⲡⲉ ϩⲣⲟⲟⲩ ⲛ ⲟⲩ ⲙⲏⲏϣⲉ ⲛ ⲁⲅⲅⲉⲗⲟⲥ"/>
		<feat xlink:href="#sSpan3607" value="ⲟⲩ ⲙⲏⲏϣⲉ ⲛ ⲁⲅⲅⲉⲗⲟⲥ"/>
		<feat xlink:href="#sSpan3679" value="ⲡⲁ ϣⲗⲏⲗ"/>
		<feat xlink:href="#sSpan3714" value="ⲟⲩ ⲁϣⲏ ⲛ ⲱⲛⲉ"/>
		<feat xlink:href="#sSpan3767" value="ⲡ ⲙⲉϩⲥⲡⲥⲛⲁⲩ"/>
		<feat xlink:href="#sSpan3798" value="ⲧ ⲃⲛⲛⲉ"/>
		<feat xlink:href="#sSpan3845" value="ⲡ ⲉⲛⲧ ⲁ ϥ ϣⲱⲡⲉ"/>
		<feat xlink:href="#sSpan3875" value="ⲡ ⲉⲛⲧ ⲁ ϥ ⲥⲉⲉⲡⲉ ⲙ ⲡ ⲟⲉⲓⲕ"/>
		<feat xlink:href="#sSpan3890" value="ⲡ ⲟⲉⲓⲕ"/>
		<feat xlink:href="#sSpan3916" value="ⲡ ⲙⲟⲟⲩ ⲛⲧ ⲁ ϥ ⲥⲉⲉⲡⲉ ⲉⲣⲟ ⲛ"/>
		<feat xlink:href="#sSpan3963" value="ⲡ ⲟⲩⲱϣ ⲁⲛ ⲙ ⲡ ⲛⲟⲩⲧⲉ"/>
		<feat xlink:href="#sSpan3976" value="ⲡ ⲛⲟⲩⲧⲉ"/>
		<feat xlink:href="#sSpan3999" value="ⲡⲉⲓ ⲙⲁ"/>
		<feat xlink:href="#sSpan4017" value="ⲧⲟⲟⲧ"/>
		<feat xlink:href="#sSpan4042" value="ⲡ ϫⲟⲉⲓⲥ"/>
		<feat xlink:href="#sSpan4060" value="ⲡ ⲣⲱⲙⲉ ⲛⲧ ⲁ ϥ ⲉⲓ ϣⲁⲣⲟ ⲓ ⲛ ϣⲟⲣⲡ"/>
		<feat xlink:href="#sSpan4138" value="ⲧⲉ ϩⲟⲩⲉⲓⲧⲉ"/>
		<feat xlink:href="#sSpan4170" value="ⲡⲁ ⲡ ⲛⲟⲩⲧⲉ"/>
		<feat xlink:href="#sSpan4173" value="ⲡ ⲛⲟⲩⲧⲉ"/>
		<feat xlink:href="#sSpan4182" value="ⲡⲉⲛ ϫⲟⲉⲓⲥ"/>
		<feat xlink:href="#sSpan4197" value="ⲡ ϩⲟⲟⲩ"/>
		<feat xlink:href="#sSpan4221" value="ⲡⲉⲓ ⲙⲁ"/>
		<feat xlink:href="#sSpan4236" value="ⲥⲉ ⲛ ⲣⲟⲙⲡⲉ"/>
		<feat xlink:href="#sSpan4258" value="ⲣⲱⲙⲉ"/>
		<feat xlink:href="#sSpan4342" value="ⲡⲉⲛ ⲥⲟⲛ"/>
		<feat xlink:href="#sSpan4357" value="ⲡⲉⲕ ϩⲏⲧ"/>
		<feat xlink:href="#sSpan4375" value="ⲟⲉⲓⲕ"/>
		<feat xlink:href="#sSpan4394" value="ⲟⲩ ϩⲓⲏ ⲉ ⲥ ⲟⲩⲏⲩ"/>
		<feat xlink:href="#sSpan4418" value="ⲡ ϫⲟⲉⲓⲥ"/>
		<feat xlink:href="#sSpan4461" value="ⲟⲩ ϩⲟⲟⲩ"/>
		<feat xlink:href="#sSpan4501" value="ⲡⲉⲛ ⲥⲟⲛ ⲙ ⲙⲉⲣⲓⲧ"/>
		<feat xlink:href="#sSpan4519" value="ⲛ ϩⲟⲥⲟⲛ ⲇⲉ ⲛ ϣⲁϫⲉ"/>
		<feat xlink:href="#sSpan4579" value="ϯⲟⲩ ⲛ ⲟⲉⲓⲕ"/>
		<feat xlink:href="#sSpan4636" value="ⲧⲉ ⲧⲣⲓⲣ"/>
		<feat xlink:href="#sSpan4677" value="ⲟⲩ ⲛⲕⲁ ⲉ ϣⲁ ⲩ ⲟⲩⲟⲙ ϥ"/>
		<feat xlink:href="#sSpan4757" value="ⲧ ⲙⲉϩⲥⲟ ⲛ ⲣⲟⲙⲡⲉ"/>
		<feat xlink:href="#sSpan4787" value="ⲡⲉⲓ ⲙⲁ"/>
		<feat xlink:href="#sSpan4795" value="ϥⲧⲟⲟⲩ ⲛ ⲟⲉⲓⲕ ⲛ ⲉⲧ ⲧⲏϣ ⲛⲁ ⲛ ⲙ ⲙⲏⲏⲛⲉ"/>
		<feat xlink:href="#sSpan4824" value="ⲙⲏⲏⲛⲉ"/>
		<feat xlink:href="#sSpan4861" value="ⲡ ⲛⲟⲩⲧⲉ"/>
		<feat xlink:href="#sSpan4896" value="ⲡ ϩⲟⲟⲩ"/>
		<feat xlink:href="#sSpan4905" value="ⲧⲕⲧⲟ"/>
		<feat xlink:href="#sSpan5046" value="ⲧⲉ ⲩϣⲏ ⲧⲏⲣ ⲥ"/>
		<feat xlink:href="#sSpan5061" value="ϣⲗⲏⲗ"/>
		<feat xlink:href="#sSpan5069" value="ϩⲧⲟⲟⲩⲉ"/>
		<feat xlink:href="#sSpan5076" value="ϩⲧⲟⲟⲩⲉ"/>
		<feat xlink:href="#sSpan5139" value="ⲡⲉ ϩⲟⲟⲩ ⲙ ⲡⲁ ⲙⲟⲩ"/>
		<feat xlink:href="#sSpan5149" value="ⲡⲁ ⲙⲟⲩ"/>
		<feat xlink:href="#sSpan5183" value="ⲡⲉⲛ ⲥⲟⲛ ⲙ ⲡ ϩⲱⲃ"/>
		<feat xlink:href="#sSpan5192" value="ⲡ ϩⲱⲃ"/>
		<feat xlink:href="#sSpan5235" value="ⲡⲉⲓ ⲙⲁ"/>
		<feat xlink:href="#sSpan5269" value="ⲕⲏⲙⲉ"/>
		<feat xlink:href="#sSpan5288" value="ⲛ ⲉⲛⲧ ⲁ ⲕ ⲛⲁⲩ ⲉⲣⲟ ⲟⲩ"/>
		<feat xlink:href="#sSpan5313" value="ⲛⲉ ⲥⲛⲏⲩ ⲉ ⲩ ⲣⲡⲙⲉⲉⲩⲉ ⲛⲁ ⲩ"/>
		<feat xlink:href="#sSpan5323" value="ⲩ ⲣⲡⲙⲉⲉⲩⲉ"/>
		<feat xlink:href="#sSpan5349" value="ⲩ ϩⲏⲩ ⲛ ⲛ ⲉⲧ ⲥⲱⲧⲙ"/>
		<feat xlink:href="#sSpan5358" value="ⲛ ⲉⲧ ⲥⲱⲧⲙ"/>
		<feat xlink:href="#sSpan5416" value="ⲛⲉⲩ ⲣⲁⲛ"/>
		<feat xlink:href="#sSpan5502" value="ⲛⲉⲩ ⲣⲁⲛ"/>
		<feat xlink:href="#sSpan5532" value="ⲡⲉ ⲛⲧ ⲁ ϥ ϯⲣⲁⲛ ⲉ ⲗⲁⲁⲩ ⲛⲓⲙ · ⲁⲩⲱ ⲉⲧ ⲥⲟⲟⲩⲛ ⲛ ϩⲱⲃ ⲛⲓⲙ"/>
		<feat xlink:href="#sSpan5549" value="ⲗⲁⲁⲩ ⲛⲓⲙ"/>
		<feat xlink:href="#sSpan5576" value="ϩⲱⲃ ⲛⲓⲙ"/>
		<feat xlink:href="#sSpan5598" value="ⲛⲉⲛ ⲣⲁⲛ"/>
		<feat xlink:href="#sSpan5617" value="ⲡⲉⲛ ⲥⲟⲛ"/>
		<feat xlink:href="#sSpan5651" value="ⲡ ⲏⲓ ⲙ ⲡ ⲛⲟⲩⲧⲉ"/>
		<feat xlink:href="#sSpan5660" value="ⲡ ⲛⲟⲩⲧⲉ"/>
		<feat xlink:href="#sSpan5688" value="ⲡ ⲕⲟⲥⲙⲟⲥ"/>
		<feat xlink:href="#sSpan5729" value="ⲟⲩ ⲙⲏⲏϣⲉ"/>
		<feat xlink:href="#sSpan5759" value="ⲛⲁⲓ"/>
		<feat xlink:href="#sSpan5823" value="ⲧⲟⲟⲩ ⲟⲩ"/>
		<feat xlink:href="#sSpan5854" value="ⲩ ϩⲟⲟⲩ ⲙ ⲙⲟⲟϣⲉ"/>
		<feat xlink:href="#sSpan5863" value="ⲙⲟⲟϣⲉ"/>
		<feat xlink:href="#sSpan5891" value="ⲟⲩ ⲡⲏⲅⲏ ⲙ ⲙⲟⲟⲩ"/>
		<feat xlink:href="#sSpan5902" value="ⲙⲟⲟⲩ"/>
		<feat xlink:href="#sSpan5941" value="ⲡ ϩⲓⲥⲉ"/>
		<feat xlink:href="#sSpan5960" value="ϩⲉⲛ ⲛⲟϭ ⲛ ϣⲏⲛ"/>
		<feat xlink:href="#sSpan5978" value="ⲧ ⲡⲏⲅⲏ"/>
		<feat xlink:href="#sSpan6046" value="ⲛ ϣⲏⲛ"/>
		<feat xlink:href="#sSpan6120" value="ⲡⲉⲓ ⲙⲁ"/>
		<feat xlink:href="#sSpan6143" value="ϩⲉⲛ ⲃⲛⲛⲉ"/>
		<feat xlink:href="#sSpan6168" value="ⲕⲁⲣⲡⲟⲥ"/>
		<feat xlink:href="#sSpan6179" value="ϩⲉⲛ ⲕⲓⲧⲣⲉ"/>
		<feat xlink:href="#sSpan6188" value="ϩⲉⲛ ϩⲣⲙⲁⲛ"/>
		<feat xlink:href="#sSpan6204" value="ϩⲉⲛ ⲕⲛⲧⲉ"/>
		<feat xlink:href="#sSpan6217" value="ϩⲉⲛ ϫⲙⲡⲉϩ"/>
		<feat xlink:href="#sSpan6230" value="ϩⲉⲛ ⲉⲗⲟⲟⲗⲉ"/>
		<feat xlink:href="#sSpan6244" value="ϩⲉⲛ ⲇⲟⲣⲁⲕⲓⲟⲛ"/>
		<feat xlink:href="#sSpan6260" value="ϩⲉⲛ ⲕⲓⲥⲙⲁ"/>
		<feat xlink:href="#sSpan6273" value="ϩⲉⲛ ⲕⲉ ϣⲏⲛ ⲉ ⲩ ϣⲉϣ ⲥϯⲛⲟⲩϥⲉ ⲉⲃⲟⲗ"/>
		<feat xlink:href="#sSpan6290" value="ⲥϯⲛⲟⲩϥⲉ"/>
		<feat xlink:href="#sSpan6302" value="ⲧ ⲡⲏⲅⲏ"/>
		<feat xlink:href="#sSpan6325" value="ϩⲟⲟⲩ"/>
		<feat xlink:href="#sSpan6344" value="ⲛ ϣⲏⲛ ⲧⲏⲣ ⲟⲩ ⲉⲧ ⲣⲏⲧ ϩⲙ ⲡ ⲙⲁ ⲉⲧ ⲙⲙⲁⲩ"/>
		<feat xlink:href="#sSpan6365" value="ⲡ ⲙⲁ ⲉⲧ ⲙⲙⲁⲩ"/>
		<feat xlink:href="#sSpan6414" value="ⲛ ϣⲏⲛ"/>
		<feat xlink:href="#sSpan6447" value="ⲛⲉⲩ ⲕⲁⲣⲡⲟⲥ"/>
		<feat xlink:href="#sSpan6462" value="ϥⲧⲟⲟⲩ ⲛ ϣⲏⲣⲉ ϣⲏⲙ"/>
		<feat xlink:href="#sSpan6488" value="ⲡ ⲟⲩⲉ"/>
		<feat xlink:href="#sSpan6506" value="ⲧⲉⲩ ϩⲓⲕⲱⲛ"/>
		<feat xlink:href="#sSpan6520" value="ϩⲉⲛ ⲃⲁⲗⲟⲧ ⲉ ⲛⲉⲥⲟ ⲟⲩ"/>
		<feat xlink:href="#sSpan6552" value="ⲡⲉ ⲥⲙⲟⲧ ⲛ ϩⲉⲛ ⲡⲉⲣⲓⲥⲱⲙⲁ"/>
		<feat xlink:href="#sSpan6561" value="ϩⲉⲛ ⲡⲉⲣⲓⲥⲱⲙⲁ"/>
		<feat xlink:href="#sSpan6614" value="ⲡⲁ ⲡ ⲛⲟⲩⲧⲉ ⲡⲉⲛ ⲙⲉⲣⲓⲧ ⲛ ⲥⲟⲛ"/>
		<feat xlink:href="#sSpan6617" value="ⲡ ⲛⲟⲩⲧⲉ"/></featList></paula>