<?xml version='1.0' encoding='UTF-8'?><!DOCTYPE paula SYSTEM "paula_feat.dtd">
<paula version="1.1">
	<header paula_id="scriptorium.life.onnophrius.03.mark_verse_n"/>
	<featList xmlns:xlink="http://www.w3.org/1999/xlink" type="verse_n" xml:base="scriptorium.life.onnophrius.03.mark.xml">
		<feat xlink:href="#sSpan7" value="1"/>
		<feat xlink:href="#sSpan64" value="2"/>
		<feat xlink:href="#sSpan88" value="3"/>
		<feat xlink:href="#sSpan128" value="4"/>
		<feat xlink:href="#sSpan175" value="5"/>
		<feat xlink:href="#sSpan227" value="1"/>
		<feat xlink:href="#sSpan374" value="2"/>
		<feat xlink:href="#sSpan496" value="3"/>
		<feat xlink:href="#sSpan560" value="4"/>
		<feat xlink:href="#sSpan579" value="5"/>
		<feat xlink:href="#sSpan593" value="6"/>
		<feat xlink:href="#sSpan621" value="7"/>
		<feat xlink:href="#sSpan670" value="8"/>
		<feat xlink:href="#sSpan710" value="9"/>
		<feat xlink:href="#sSpan768" value="10"/>
		<feat xlink:href="#sSpan814" value="11"/>
		<feat xlink:href="#sSpan856" value="12"/>
		<feat xlink:href="#sSpan890" value="13"/>
		<feat xlink:href="#sSpan927" value="14"/>
		<feat xlink:href="#sSpan1046" value="15"/>
		<feat xlink:href="#sSpan1131" value="16"/>
		<feat xlink:href="#sSpan1183" value="17"/>
		<feat xlink:href="#sSpan1266" value="18"/>
		<feat xlink:href="#sSpan1379" value="19"/>
		<feat xlink:href="#sSpan1472" value="20"/>
		<feat xlink:href="#sSpan1525" value="21"/>
		<feat xlink:href="#sSpan1643" value="22"/>
		<feat xlink:href="#sSpan1694" value="23"/>
		<feat xlink:href="#sSpan1803" value="24"/>
		<feat xlink:href="#sSpan1911" value="25"/>
		<feat xlink:href="#sSpan2061" value="26"/>
		<feat xlink:href="#sSpan2185" value="27"/>
		<feat xlink:href="#sSpan2217" value="28"/>
		<feat xlink:href="#sSpan2409" value="29"/>
		<feat xlink:href="#sSpan2490" value="30"/>
		<feat xlink:href="#sSpan2531" value="31"/>
		<feat xlink:href="#sSpan2705" value="1"/>
		<feat xlink:href="#sSpan2919" value="2"/>
		<feat xlink:href="#sSpan3041" value="1"/>
		<feat xlink:href="#sSpan3082" value="2"/>
		<feat xlink:href="#sSpan3135" value="3"/>
		<feat xlink:href="#sSpan3165" value="4"/>
		<feat xlink:href="#sSpan3270" value="5"/>
		<feat xlink:href="#sSpan3394" value="6"/>
		<feat xlink:href="#sSpan3443" value="7"/>
		<feat xlink:href="#sSpan3534" value="8"/>
		<feat xlink:href="#sSpan3586" value="9"/>
		<feat xlink:href="#sSpan3661" value="1"/>
		<feat xlink:href="#sSpan3743" value="2"/>
		<feat xlink:href="#sSpan3756" value="3"/>
		<feat xlink:href="#sSpan3815" value="4"/>
		<feat xlink:href="#sSpan3864" value="5"/>
		<feat xlink:href="#sSpan3944" value="6"/>
		<feat xlink:href="#sSpan4027" value="7"/>
		<feat xlink:href="#sSpan4150" value="8"/>
		<feat xlink:href="#sSpan4233" value="9"/>
		<feat xlink:href="#sSpan4283" value="10"/>
		<feat xlink:href="#sSpan4319" value="1"/>
		<feat xlink:href="#sSpan4415" value="2"/>
		<feat xlink:href="#sSpan4474" value="3"/>
		<feat xlink:href="#sSpan4521" value="4"/>
		<feat xlink:href="#sSpan4649" value="5"/>
		<feat xlink:href="#sSpan4697" value="6"/>
		<feat xlink:href="#sSpan4733" value="7"/>
		<feat xlink:href="#sSpan4797" value="8"/>
		<feat xlink:href="#sSpan4873" value="9"/>
		<feat xlink:href="#sSpan4931" value="10"/>
		<feat xlink:href="#sSpan5011" value="11"/>
		<feat xlink:href="#sSpan5080" value="12"/>
		<feat xlink:href="#sSpan5162" value="1"/>
		<feat xlink:href="#sSpan5248" value="2"/>
		<feat xlink:href="#sSpan5372" value="3"/>
		<feat xlink:href="#sSpan5462" value="4"/>
		<feat xlink:href="#sSpan5515" value="5"/>
		<feat xlink:href="#sSpan5610" value="6"/>
		<feat xlink:href="#sSpan5674" value="7"/>
		<feat xlink:href="#sSpan5741" value="8"/>
		<feat xlink:href="#sSpan5807" value="9"/>
		<feat xlink:href="#sSpan5836" value="1"/>
		<feat xlink:href="#sSpan5912" value="2"/>
		<feat xlink:href="#sSpan5991" value="3"/>
		<feat xlink:href="#sSpan6073" value="4"/>
		<feat xlink:href="#sSpan6132" value="5"/>
		<feat xlink:href="#sSpan6306" value="6"/>
		<feat xlink:href="#sSpan6384" value="7"/>
		<feat xlink:href="#sSpan6574" value="8"/></featList></paula>