<?xml version='1.0' encoding='UTF-8'?><!DOCTYPE paula SYSTEM "paula_feat.dtd">
<paula version="1.1">
	<header paula_id="scriptorium.life.onnophrius.03.mark_orig"/>
	<featList xmlns:xlink="http://www.w3.org/1999/xlink" type="orig" xml:base="scriptorium.life.onnophrius.03.mark.xml">
		<feat xlink:href="#sSpan2" value="Ⲛⲧⲉⲣ"/>
		<feat xlink:href="#sSpan12" value="ⲛ̅"/>
		<feat xlink:href="#sSpan14" value="ϫⲱⲕ"/>
		<feat xlink:href="#sSpan17" value="ⲇⲉ"/>
		<feat xlink:href="#sSpan21" value="ⲉⲃⲟⲗ"/>
		<feat xlink:href="#sSpan25" value="ⲙ̅"/>
		<feat xlink:href="#sSpan29" value="ⲡⲉ"/>
		<feat xlink:href="#sSpan32" value="ϣⲗⲏⲗ"/>
		<feat xlink:href="#sSpan34" value="·"/>
		<feat xlink:href="#sSpan38" value="ⲁ"/>
		<feat xlink:href="#sSpan42" value="ⲛ"/>
		<feat xlink:href="#sSpan44" value="ϯ"/>
		<feat xlink:href="#sSpan46" value="ⲙ̅"/>
		<feat xlink:href="#sSpan50" value="ⲡ"/>
		<feat xlink:href="#sSpan54" value="ϩⲁⲙⲏⲛ"/>
		<feat xlink:href="#sSpan56" value="·"/>
		<feat xlink:href="#sSpan60" value="ⲁ"/>
		<feat xlink:href="#sSpan67" value="ⲛ"/>
		<feat xlink:href="#sSpan69" value="ϩⲙⲟⲟⲥ"/>
		<feat xlink:href="#sSpan72" value="ⲇⲉ"/>
		<feat xlink:href="#sSpan76" value="ϩⲓ"/>
		<feat xlink:href="#sSpan80" value="ⲟⲩ"/>
		<feat xlink:href="#sSpan82" value="ⲥⲟⲡ"/>
		<feat xlink:href="#sSpan84" value="ⲁ"/>
		<feat xlink:href="#sSpan90" value="ⲛ"/>
		<feat xlink:href="#sSpan92" value="ϭⲱ"/>
		<feat xlink:href="#sSpan94" value="ⲛ̅"/>
		<feat xlink:href="#sSpan98" value="ϣⲁϫⲉ"/>
		<feat xlink:href="#sSpan101" value="ⲙ̅"/>
		<feat xlink:href="#sSpan106" value="ⲙⲛ̅ⲧ̅ⲛⲟϭ"/>
		<feat xlink:href="#sSpan110" value="ⲙ̅"/>
		<feat xlink:href="#sSpan115" value="ⲡ"/>
		<feat xlink:href="#sSpan118" value="ⲛⲟⲩⲧⲉ"/>
		<feat xlink:href="#sSpan120" value="·"/>
		<feat xlink:href="#sSpan124" value="ⲁⲩⲱ"/>
		<feat xlink:href="#sSpan130" value="ⲙ̅"/>
		<feat xlink:href="#sSpan134" value="ⲡ"/>
		<feat xlink:href="#sSpan137" value="ⲛⲁⲩ"/>
		<feat xlink:href="#sSpan139" value="ⲙ̅"/>
		<feat xlink:href="#sSpan143" value="ⲡ"/>
		<feat xlink:href="#sSpan146" value="ⲣⲏ"/>
		<feat xlink:href="#sSpan148" value="ⲉ"/>
		<feat xlink:href="#sSpan152" value="ϥ"/>
		<feat xlink:href="#sSpan154" value="ⲛⲁ"/>
		<feat xlink:href="#sSpan156" value="ϩⲱⲧⲡ̅"/>
		<feat xlink:href="#sSpan158" value="·"/>
		<feat xlink:href="#sSpan162" value="ⲁ"/>
		<feat xlink:href="#sSpan167" value="ⲓ"/>
		<feat xlink:href="#sSpan169" value="ϭⲱϣⲧ̅"/>
		<feat xlink:href="#sSpan171" value="ⲁ"/>
		<feat xlink:href="#sSpan177" value="ⲓ"/>
		<feat xlink:href="#sSpan179" value="ⲛⲁⲩ"/>
		<feat xlink:href="#sSpan181" value="ⲉ"/>
		<feat xlink:href="#sSpan185" value="ⲩ"/>
		<feat xlink:href="#sSpan188" value="ⲟⲉⲓⲕ"/>
		<feat xlink:href="#sSpan190" value="ⲉ"/>
		<feat xlink:href="#sSpan194" value="ϥ"/>
		<feat xlink:href="#sSpan196" value="ⲕⲏ"/>
		<feat xlink:href="#sSpan198" value="ⲉϩⲣⲁⲓ"/>
		<feat xlink:href="#sSpan202" value="ⲙⲛ̅"/>
		<feat xlink:href="#sSpan206" value="ⲟⲩ"/>
		<feat xlink:href="#sSpan209" value="ϩⲛⲁⲩ"/>
		<feat xlink:href="#sSpan211" value="ⲙ̅"/>
		<feat xlink:href="#sSpan216" value="ⲙⲟⲟⲩ"/>
		<feat xlink:href="#sSpan219" value="·"/>
		<feat xlink:href="#sSpan223" value="ⲡⲉϫⲁ"/>
		<feat xlink:href="#sSpan230" value="ϥ"/>
		<feat xlink:href="#sSpan232" value="ⲛⲁ"/>
		<feat xlink:href="#sSpan236" value="ⲓ̅"/>
		<feat xlink:href="#sSpan238" value="ϫⲉ"/>
		<feat xlink:href="#sSpan242" value="ⲧⲱⲟⲩⲛ"/>
		<feat xlink:href="#sSpan244" value="ⲡⲁ"/>
		<feat xlink:href="#sSpan249" value="ⲥⲟⲛ"/>
		<feat xlink:href="#sSpan251" value="ⲛ"/>
		<feat xlink:href="#sSpan255" value="ⲅ̅"/>
		<feat xlink:href="#sSpan257" value="ⲟⲩⲱⲙ"/>
		<feat xlink:href="#sSpan260" value="·"/>
		<feat xlink:href="#sSpan264" value="ⲁⲩⲱ"/>
		<feat xlink:href="#sSpan268" value="ⲛ"/>
		<feat xlink:href="#sSpan272" value="ⲅ̅"/>
		<feat xlink:href="#sSpan274" value="ⲥⲱ"/>
		<feat xlink:href="#sSpan276" value="ⲙ̅"/>
		<feat xlink:href="#sSpan280" value="ⲡⲉⲓ"/>
		<feat xlink:href="#sSpan283" value="ⲕⲟⲩⲓ"/>
		<feat xlink:href="#sSpan285" value="ⲙ̅"/>
		<feat xlink:href="#sSpan289" value="ⲙⲟⲟⲩ"/>
		<feat xlink:href="#sSpan291" value="·"/>
		<feat xlink:href="#sSpan295" value="ϫⲉ"/>
		<feat xlink:href="#sSpan299" value="ϯ"/>
		<feat xlink:href="#sSpan301" value="ⲛⲁⲩ"/>
		<feat xlink:href="#sSpan304" value="ⲉⲣⲟ"/>
		<feat xlink:href="#sSpan308" value="ⲕ"/>
		<feat xlink:href="#sSpan310" value="ϫⲉ"/>
		<feat xlink:href="#sSpan314" value="ⲉ"/>
		<feat xlink:href="#sSpan316" value="ⲕ"/>
		<feat xlink:href="#sSpan319" value="ⲕⲩⲛⲇⲩⲛⲉⲩⲉ"/>
		<feat xlink:href="#sSpan321" value="·"/>
		<feat xlink:href="#sSpan325" value="ϩⲁ"/>
		<feat xlink:href="#sSpan329" value="ⲡⲉ"/>
		<feat xlink:href="#sSpan332" value="ϩⲕⲟ"/>
		<feat xlink:href="#sSpan334" value="·"/>
		<feat xlink:href="#sSpan338" value="ⲙⲛ̅"/>
		<feat xlink:href="#sSpan342" value="ⲡ"/>
		<feat xlink:href="#sSpan346" value="ⲉⲓⲃⲉ"/>
		<feat xlink:href="#sSpan348" value="ⲙⲛ̅"/>
		<feat xlink:href="#sSpan352" value="ⲡ"/>
		<feat xlink:href="#sSpan355" value="ϩⲓⲥⲉ"/>
		<feat xlink:href="#sSpan357" value="ⲛ̅"/>
		<feat xlink:href="#sSpan361" value="ⲛⲉ"/>
		<feat xlink:href="#sSpan364" value="ϩⲓⲟⲟⲩⲉ"/>
		<feat xlink:href="#sSpan366" value="·"/>
		<feat xlink:href="#sSpan370" value="ⲁⲛⲟⲕ"/>
		<feat xlink:href="#sSpan377" value="ⲇⲉ"/>
		<feat xlink:href="#sSpan381" value="ⲡⲉϫⲁ"/>
		<feat xlink:href="#sSpan385" value="ⲓ"/>
		<feat xlink:href="#sSpan387" value="ⲛⲁ"/>
		<feat xlink:href="#sSpan393" value="ϥ"/>
		<feat xlink:href="#sSpan395" value="ϫⲉ"/>
		<feat xlink:href="#sSpan399" value="ϥ"/>
		<feat xlink:href="#sSpan401" value="ⲟⲛϩ̅"/>
		<feat xlink:href="#sSpan403" value="ⲛ̅ϭⲓ"/>
		<feat xlink:href="#sSpan407" value="ⲡ"/>
		<feat xlink:href="#sSpan410" value="ⲛⲟⲩⲧⲉ"/>
		<feat xlink:href="#sSpan412" value="ⲡ"/>
		<feat xlink:href="#sSpan417" value="ⲡⲁⲛⲧⲱⲕⲣⲁⲧⲱⲣ"/>
		<feat xlink:href="#sSpan419" value="·"/>
		<feat xlink:href="#sSpan423" value="ϫⲉ"/>
		<feat xlink:href="#sSpan427" value="ⲛ̅"/>
		<feat xlink:href="#sSpan430" value="ϯ"/>
		<feat xlink:href="#sSpan432" value="ⲛⲁ"/>
		<feat xlink:href="#sSpan434" value="ⲟⲩⲱⲙ"/>
		<feat xlink:href="#sSpan436" value="ⲁⲛ"/>
		<feat xlink:href="#sSpan441" value="ⲟⲩⲇⲉ"/>
		<feat xlink:href="#sSpan445" value="ⲛ̅"/>
		<feat xlink:href="#sSpan449" value="ϯ"/>
		<feat xlink:href="#sSpan451" value="ⲛⲁ"/>
		<feat xlink:href="#sSpan453" value="ⲥⲱ"/>
		<feat xlink:href="#sSpan455" value="ⲁⲛ"/>
		<feat xlink:href="#sSpan459" value="ϣⲁⲛⲧ"/>
		<feat xlink:href="#sSpan463" value="ⲛ̅"/>
		<feat xlink:href="#sSpan465" value="ⲥⲟⲟⲩⲧⲛ̅"/>
		<feat xlink:href="#sSpan468" value="ⲉⲃⲟⲗ"/>
		<feat xlink:href="#sSpan472" value="ⲛ̅"/>
		<feat xlink:href="#sSpan476" value="ⲧⲛ̅"/>
		<feat xlink:href="#sSpan478" value="ⲟⲩⲱⲙ"/>
		<feat xlink:href="#sSpan480" value="ⲙⲛ̅"/>
		<feat xlink:href="#sSpan484" value="ⲛⲉⲛ"/>
		<feat xlink:href="#sSpan486" value="ⲉⲣⲏⲩ"/>
		<feat xlink:href="#sSpan488" value="·"/>
		<feat xlink:href="#sSpan492" value="Ⲛ̅ⲧⲉⲣ"/>
		<feat xlink:href="#sSpan498" value="ⲉⲓ"/>
		<feat xlink:href="#sSpan501" value="ϭⲱ"/>
		<feat xlink:href="#sSpan504" value="ⲇⲉ"/>
		<feat xlink:href="#sSpan508" value="ⲉ"/>
		<feat xlink:href="#sSpan512" value="ⲓ"/>
		<feat xlink:href="#sSpan514" value="ϭⲱⲣϣ̅"/>
		<feat xlink:href="#sSpan516" value="ⲉⲣⲟ"/>
		<feat xlink:href="#sSpan520" value="ϥ"/>
		<feat xlink:href="#sSpan523" value="ⲙⲟⲅⲓⲥ"/>
		<feat xlink:href="#sSpan527" value="ⲁ"/>
		<feat xlink:href="#sSpan531" value="ⲛ"/>
		<feat xlink:href="#sSpan533" value="ⲥⲟⲟⲩⲧⲛ̅"/>
		<feat xlink:href="#sSpan535" value="ⲉⲃⲟⲗ"/>
		<feat xlink:href="#sSpan539" value="·"/>
		<feat xlink:href="#sSpan543" value="ⲙⲛ̅"/>
		<feat xlink:href="#sSpan548" value="ⲛⲉⲛ"/>
		<feat xlink:href="#sSpan550" value="ⲉⲣⲏⲩ"/>
		<feat xlink:href="#sSpan552" value="·"/>
		<feat xlink:href="#sSpan556" value="ⲁ"/>
		<feat xlink:href="#sSpan562" value="ⲛ"/>
		<feat xlink:href="#sSpan564" value="ⲡⲱϣ"/>
		<feat xlink:href="#sSpan566" value="ⲙ̅"/>
		<feat xlink:href="#sSpan570" value="ⲡ"/>
		<feat xlink:href="#sSpan573" value="ⲟⲉⲓⲕ"/>
		<feat xlink:href="#sSpan575" value="ⲁ"/>
		<feat xlink:href="#sSpan581" value="ⲛ"/>
		<feat xlink:href="#sSpan583" value="ⲟⲩⲱⲙ"/>
		<feat xlink:href="#sSpan585" value="·"/>
		<feat xlink:href="#sSpan589" value="ⲁ"/>
		<feat xlink:href="#sSpan595" value="ⲛ"/>
		<feat xlink:href="#sSpan597" value="ⲕⲱ"/>
		<feat xlink:href="#sSpan600" value="ⲉ"/>
		<feat xlink:href="#sSpan605" value="ⲡⲁϩⲟⲩ"/>
		<feat xlink:href="#sSpan607" value="ⲛ̅ϩⲏⲧ"/>
		<feat xlink:href="#sSpan611" value="ϥ̅"/>
		<feat xlink:href="#sSpan613" value="·"/>
		<feat xlink:href="#sSpan617" value="ⲁ"/>
		<feat xlink:href="#sSpan623" value="ⲛ"/>
		<feat xlink:href="#sSpan625" value="ⲥⲱ"/>
		<feat xlink:href="#sSpan628" value="ⲇⲉ"/>
		<feat xlink:href="#sSpan632" value="ⲟⲛ"/>
		<feat xlink:href="#sSpan636" value="ⲙ̅"/>
		<feat xlink:href="#sSpan640" value="ⲡⲉ"/>
		<feat xlink:href="#sSpan643" value="ⲥⲛⲁⲩ"/>
		<feat xlink:href="#sSpan645" value="ϩⲙ̅"/>
		<feat xlink:href="#sSpan649" value="ⲡⲉ"/>
		<feat xlink:href="#sSpan653" value="ϩⲛⲁⲩ"/>
		<feat xlink:href="#sSpan655" value="ⲙ̅"/>
		<feat xlink:href="#sSpan659" value="ⲙⲟⲟⲩ"/>
		<feat xlink:href="#sSpan662" value="·"/>
		<feat xlink:href="#sSpan666" value="ⲁ"/>
		<feat xlink:href="#sSpan672" value="ⲛ"/>
		<feat xlink:href="#sSpan674" value="ⲥⲉⲓ"/>
		<feat xlink:href="#sSpan676" value="ⲁⲩⲱ"/>
		<feat xlink:href="#sSpan680" value="ⲁ"/>
		<feat xlink:href="#sSpan684" value="ⲛ"/>
		<feat xlink:href="#sSpan686" value="ⲕⲱ"/>
		<feat xlink:href="#sSpan689" value="ⲉ"/>
		<feat xlink:href="#sSpan693" value="ⲡⲁϩⲟⲩ"/>
		<feat xlink:href="#sSpan695" value="ⲛ̅ϩⲏⲧ"/>
		<feat xlink:href="#sSpan700" value="ϥ̅"/>
		<feat xlink:href="#sSpan702" value="·"/>
		<feat xlink:href="#sSpan706" value="ⲁⲩⲱ"/>
		<feat xlink:href="#sSpan712" value="ⲁ"/>
		<feat xlink:href="#sSpan716" value="ⲛ"/>
		<feat xlink:href="#sSpan718" value="ⲣ̅"/>
		<feat xlink:href="#sSpan720" value="ⲧⲉ"/>
		<feat xlink:href="#sSpan723" value="ⲩϣⲏ"/>
		<feat xlink:href="#sSpan725" value="ⲧⲏⲣ"/>
		<feat xlink:href="#sSpan729" value="ⲥ̅"/>
		<feat xlink:href="#sSpan731" value="ⲛ̅"/>
		<feat xlink:href="#sSpan735" value="ϣⲗⲏⲗ"/>
		<feat xlink:href="#sSpan738" value="·"/>
		<feat xlink:href="#sSpan742" value="ⲉ"/>
		<feat xlink:href="#sSpan746" value="ⲡ"/>
		<feat xlink:href="#sSpan749" value="ⲛⲟⲩⲧⲉ"/>
		<feat xlink:href="#sSpan751" value="ϣⲁ"/>
		<feat xlink:href="#sSpan757" value="ϩⲧⲟⲟⲩⲉ"/>
		<feat xlink:href="#sSpan760" value="·"/>
		<feat xlink:href="#sSpan764" value="ⲛ̅ⲧⲉⲣⲉ"/>
		<feat xlink:href="#sSpan770" value="ϩⲧⲟⲟⲩⲉ"/>
		<feat xlink:href="#sSpan774" value="ⲇⲉ"/>
		<feat xlink:href="#sSpan778" value="ϣⲱⲡⲉ"/>
		<feat xlink:href="#sSpan782" value="ⲁ"/>
		<feat xlink:href="#sSpan786" value="ⲓ"/>
		<feat xlink:href="#sSpan788" value="ⲛⲁⲩ"/>
		<feat xlink:href="#sSpan790" value="ⲉ"/>
		<feat xlink:href="#sSpan794" value="ⲡⲉϥ"/>
		<feat xlink:href="#sSpan798" value="ϩⲟ"/>
		<feat xlink:href="#sSpan800" value="ⲛ̅ⲧ"/>
		<feat xlink:href="#sSpan804" value="ⲁ"/>
		<feat xlink:href="#sSpan806" value="ϥ"/>
		<feat xlink:href="#sSpan808" value="ϣⲓⲃⲉ"/>
		<feat xlink:href="#sSpan810" value="ⲁ"/>
		<feat xlink:href="#sSpan816" value="ϥ"/>
		<feat xlink:href="#sSpan818" value="ⲡⲱⲛⲉ"/>
		<feat xlink:href="#sSpan820" value="·"/>
		<feat xlink:href="#sSpan825" value="ϩⲱⲥ"/>
		<feat xlink:href="#sSpan829" value="ⲛ"/>
		<feat xlink:href="#sSpan833" value="ϥ̅"/>
		<feat xlink:href="#sSpan835" value="ⲣ̅"/>
		<feat xlink:href="#sSpan838" value="ⲑ"/>
		<feat xlink:href="#sSpan840" value="ⲉ"/>
		<feat xlink:href="#sSpan842" value="ⲛ̅"/>
		<feat xlink:href="#sSpan846" value="ⲕⲉ"/>
		<feat xlink:href="#sSpan849" value="ⲣⲱⲙⲉ"/>
		<feat xlink:href="#sSpan852" value="ⲁ"/>
		<feat xlink:href="#sSpan858" value="ϥ"/>
		<feat xlink:href="#sSpan860" value="ⲣ̅"/>
		<feat xlink:href="#sSpan863" value="ⲑ"/>
		<feat xlink:href="#sSpan865" value="ⲉ"/>
		<feat xlink:href="#sSpan867" value="ⲛ̅"/>
		<feat xlink:href="#sSpan871" value="ⲟⲩ"/>
		<feat xlink:href="#sSpan874" value="ⲕⲱϩⲧ̅"/>
		<feat xlink:href="#sSpan876" value="ⲧⲏⲣ"/>
		<feat xlink:href="#sSpan880" value="ϥ̅"/>
		<feat xlink:href="#sSpan882" value="·"/>
		<feat xlink:href="#sSpan886" value="ⲁⲩⲱ"/>
		<feat xlink:href="#sSpan892" value="ⲁ"/>
		<feat xlink:href="#sSpan896" value="ⲧⲉϥ"/>
		<feat xlink:href="#sSpan900" value="ⲙⲟⲣⲫⲏ"/>
		<feat xlink:href="#sSpan904" value="ϯϩⲟⲧⲉ"/>
		<feat xlink:href="#sSpan909" value="ⲛⲁ"/>
		<feat xlink:href="#sSpan913" value="ⲓ"/>
		<feat xlink:href="#sSpan915" value="ⲉⲙⲁⲧⲉ"/>
		<feat xlink:href="#sSpan919" value="·"/>
		<feat xlink:href="#sSpan923" value="ⲛ̅ⲧⲟϥ"/>
		<feat xlink:href="#sSpan930" value="ⲇⲉ"/>
		<feat xlink:href="#sSpan934" value="ⲡⲉϫⲁ"/>
		<feat xlink:href="#sSpan938" value="ϥ"/>
		<feat xlink:href="#sSpan940" value="ⲛⲁ"/>
		<feat xlink:href="#sSpan944" value="ⲓ"/>
		<feat xlink:href="#sSpan946" value="·"/>
		<feat xlink:href="#sSpan950" value="ϫⲉ"/>
		<feat xlink:href="#sSpan955" value="ⲙ̅ⲡⲣ̅"/>
		<feat xlink:href="#sSpan958" value="ⲣ̅ϩⲟⲧⲉ"/>
		<feat xlink:href="#sSpan961" value="ⲡⲁ"/>
		<feat xlink:href="#sSpan966" value="ⲥⲟⲛ"/>
		<feat xlink:href="#sSpan968" value="·"/>
		<feat xlink:href="#sSpan972" value="ⲡⲁ"/>
		<feat xlink:href="#sSpan976" value="ⲡ"/>
		<feat xlink:href="#sSpan979" value="ⲛⲟⲩⲧⲉ"/>
		<feat xlink:href="#sSpan981" value="·"/>
		<feat xlink:href="#sSpan985" value="ⲛ̅ⲧ"/>
		<feat xlink:href="#sSpan989" value="ⲁ"/>
		<feat xlink:href="#sSpan991" value="ⲡ"/>
		<feat xlink:href="#sSpan994" value="ϫⲥ̅"/>
		<feat xlink:href="#sSpan997" value="ⲅⲁⲣ"/>
		<feat xlink:href="#sSpan1001" value="ⲧⲛ̅ⲛⲟⲟⲩ"/>
		<feat xlink:href="#sSpan1006" value="ⲕ"/>
		<feat xlink:href="#sSpan1008" value="ⲉ"/>
		<feat xlink:href="#sSpan1012" value="ϥⲓ"/>
		<feat xlink:href="#sSpan1014" value="ⲡ"/>
		<feat xlink:href="#sSpan1019" value="ⲣⲟⲟⲩϣ"/>
		<feat xlink:href="#sSpan1021" value="ⲙ̅"/>
		<feat xlink:href="#sSpan1025" value="ⲡⲁ"/>
		<feat xlink:href="#sSpan1029" value="ⲥⲱⲙⲁ"/>
		<feat xlink:href="#sSpan1031" value="ⲛ"/>
		<feat xlink:href="#sSpan1035" value="ⲅ̅"/>
		<feat xlink:href="#sSpan1037" value="ⲧⲟⲙⲥ"/>
		<feat xlink:href="#sSpan1039" value="ϥ̅"/>
		<feat xlink:href="#sSpan1041" value="ϩⲣⲁⲓ"/>
		<feat xlink:href="#sSpan1050" value="ⲅⲁⲣ"/>
		<feat xlink:href="#sSpan1054" value="ϩⲙ̅"/>
		<feat xlink:href="#sSpan1058" value="ⲡ"/>
		<feat xlink:href="#sSpan1061" value="ⲟⲟⲩ"/>
		<feat xlink:href="#sSpan1063" value="ⲛ̅"/>
		<feat xlink:href="#sSpan1067" value="ϩⲟⲟⲩ"/>
		<feat xlink:href="#sSpan1069" value="ϯ"/>
		<feat xlink:href="#sSpan1073" value="ⲛⲁ"/>
		<feat xlink:href="#sSpan1075" value="ϫⲱⲕ"/>
		<feat xlink:href="#sSpan1077" value="ⲉⲃⲟⲗ"/>
		<feat xlink:href="#sSpan1081" value="ⲛ̅"/>
		<feat xlink:href="#sSpan1085" value="ⲧⲁ"/>
		<feat xlink:href="#sSpan1090" value="ⲟⲓⲕⲟⲛⲟⲙⲓⲁ"/>
		<feat xlink:href="#sSpan1092" value="ⲧⲁ"/>
		<feat xlink:href="#sSpan1096" value="ⲃⲱⲕ"/>
		<feat xlink:href="#sSpan1099" value="ⲉ"/>
		<feat xlink:href="#sSpan1103" value="ⲡ"/>
		<feat xlink:href="#sSpan1106" value="ⲙⲁ"/>
		<feat xlink:href="#sSpan1108" value="ⲛ̅"/>
		<feat xlink:href="#sSpan1112" value="ⲙ̅ⲧⲟⲛ"/>
		<feat xlink:href="#sSpan1115" value="ϣⲁ"/>
		<feat xlink:href="#sSpan1119" value="ⲉⲛⲉϩ"/>
		<feat xlink:href="#sSpan1122" value="·"/>
		<feat xlink:href="#sSpan1126" value="ⲛⲉ"/>
		<feat xlink:href="#sSpan1134" value="ⲥⲟⲩⲙⲛ̅ⲧⲁⲥⲉ"/>
		<feat xlink:href="#sSpan1140" value="ⲅⲁⲣ"/>
		<feat xlink:href="#sSpan1144" value="ⲙ̅"/>
		<feat xlink:href="#sSpan1148" value="ⲡ"/>
		<feat xlink:href="#sSpan1151" value="ⲉⲃⲟⲧ"/>
		<feat xlink:href="#sSpan1153" value="ⲡⲁⲱⲛⲉ"/>
		<feat xlink:href="#sSpan1157" value="ⲡⲉ"/>
		<feat xlink:href="#sSpan1161" value="ⲡⲉ"/>
		<feat xlink:href="#sSpan1166" value="ϩⲟⲟⲩ"/>
		<feat xlink:href="#sSpan1168" value="ⲉⲧ"/>
		<feat xlink:href="#sSpan1173" value="ⲙ̅ⲙⲁⲩ"/>
		<feat xlink:href="#sSpan1175" value="·"/>
		<feat xlink:href="#sSpan1179" value="ⲡⲉϫⲁ"/>
		<feat xlink:href="#sSpan1185" value="ϥ"/>
		<feat xlink:href="#sSpan1187" value="ⲟⲛ"/>
		<feat xlink:href="#sSpan1191" value="ⲛⲁ"/>
		<feat xlink:href="#sSpan1195" value="ⲓ"/>
		<feat xlink:href="#sSpan1197" value="ϫⲉ"/>
		<feat xlink:href="#sSpan1201" value="ⲉⲕϣⲁⲛ"/>
		<feat xlink:href="#sSpan1203" value="ⲃⲱⲕ"/>
		<feat xlink:href="#sSpan1206" value="ⲉ"/>
		<feat xlink:href="#sSpan1210" value="ⲕⲏⲙⲉ"/>
		<feat xlink:href="#sSpan1214" value="ⲧⲁϣⲉⲟⲉⲓϣ"/>
		<feat xlink:href="#sSpan1220" value="ⲙ̅"/>
		<feat xlink:href="#sSpan1224" value="ⲡⲁ"/>
		<feat xlink:href="#sSpan1228" value="ⲣ̅ⲡⲙⲉⲉⲩⲉ"/>
		<feat xlink:href="#sSpan1232" value="·"/>
		<feat xlink:href="#sSpan1236" value="ⲉ"/>
		<feat xlink:href="#sSpan1240" value="ⲟⲩ"/>
		<feat xlink:href="#sSpan1243" value="ⲥϯⲛⲟⲩϥⲉ"/>
		<feat xlink:href="#sSpan1247" value="ⲛ̅"/>
		<feat xlink:href="#sSpan1251" value="ⲛⲉ"/>
		<feat xlink:href="#sSpan1255" value="ⲥⲛⲏⲩ"/>
		<feat xlink:href="#sSpan1257" value="·"/>
		<feat xlink:href="#sSpan1261" value="ⲡ"/>
		<feat xlink:href="#sSpan1268" value="ⲉⲧ"/>
		<feat xlink:href="#sSpan1270" value="ⲛⲁ"/>
		<feat xlink:href="#sSpan1272" value="ϯ"/>
		<feat xlink:href="#sSpan1274" value="ⲛ̅"/>
		<feat xlink:href="#sSpan1278" value="ⲟⲩ"/>
		<feat xlink:href="#sSpan1282" value="ⲡⲣⲟⲥⲫⲟⲣⲁ"/>
		<feat xlink:href="#sSpan1284" value="·"/>
		<feat xlink:href="#sSpan1288" value="ϩⲙ̅"/>
		<feat xlink:href="#sSpan1292" value="ⲡⲁ"/>
		<feat xlink:href="#sSpan1295" value="ⲣⲁⲛ"/>
		<feat xlink:href="#sSpan1297" value="ⲉ"/>
		<feat xlink:href="#sSpan1302" value="ⲩ"/>
		<feat xlink:href="#sSpan1304" value="ⲣ̅"/>
		<feat xlink:href="#sSpan1306" value="ⲡ"/>
		<feat xlink:href="#sSpan1308" value="ⲙⲉⲉⲩⲉ"/>
		<feat xlink:href="#sSpan1310" value="ⲛⲁ"/>
		<feat xlink:href="#sSpan1314" value="ⲓ"/>
		<feat xlink:href="#sSpan1316" value="·"/>
		<feat xlink:href="#sSpan1321" value="ⲓ̅ⲥ̅"/>
		<feat xlink:href="#sSpan1326" value="ϩⲱⲱ"/>
		<feat xlink:href="#sSpan1330" value="ϥ"/>
		<feat xlink:href="#sSpan1332" value="ⲛⲁ"/>
		<feat xlink:href="#sSpan1336" value="ⲛ̅ⲧ"/>
		<feat xlink:href="#sSpan1338" value="ϥ̅"/>
		<feat xlink:href="#sSpan1340" value="ϩⲛ̅"/>
		<feat xlink:href="#sSpan1344" value="ⲧ"/>
		<feat xlink:href="#sSpan1347" value="ϣⲟⲣⲡ̅"/>
		<feat xlink:href="#sSpan1349" value="ⲛ̅"/>
		<feat xlink:href="#sSpan1354" value="ⲟⲩⲛⲟⲩ"/>
		<feat xlink:href="#sSpan1356" value="ⲙ̅"/>
		<feat xlink:href="#sSpan1360" value="ⲡ"/>
		<feat xlink:href="#sSpan1363" value="ϣⲟ"/>
		<feat xlink:href="#sSpan1365" value="ⲛ̅"/>
		<feat xlink:href="#sSpan1369" value="ⲣⲟⲙⲡⲉ"/>
		<feat xlink:href="#sSpan1371" value="·"/>
		<feat xlink:href="#sSpan1375" value="ⲁⲛⲟⲕ"/>
		<feat xlink:href="#sSpan1382" value="ⲇⲉ"/>
		<feat xlink:href="#sSpan1386" value="ⲡⲉϫⲁ"/>
		<feat xlink:href="#sSpan1390" value="ⲓ"/>
		<feat xlink:href="#sSpan1392" value="ⲛⲁ"/>
		<feat xlink:href="#sSpan1396" value="ϥ"/>
		<feat xlink:href="#sSpan1398" value="·"/>
		<feat xlink:href="#sSpan1402" value="ϫⲉ"/>
		<feat xlink:href="#sSpan1407" value="ⲉϣⲱⲡⲉ"/>
		<feat xlink:href="#sSpan1409" value="ⲟⲩ"/>
		<feat xlink:href="#sSpan1414" value="ϩⲏⲕⲉ"/>
		<feat xlink:href="#sSpan1416" value="ⲡⲉ"/>
		<feat xlink:href="#sSpan1420" value="ⲉ"/>
		<feat xlink:href="#sSpan1424" value="ⲙⲛ̅"/>
		<feat xlink:href="#sSpan1427" value="[ϣ]ϭⲟⲙ"/>
		<feat xlink:href="#sSpan1430" value="ⲙ̅ⲙⲟ"/>
		<feat xlink:href="#sSpan1434" value="ϥ"/>
		<feat xlink:href="#sSpan1436" value="·"/>
		<feat xlink:href="#sSpan1440" value="ⲉ"/>
		<feat xlink:href="#sSpan1444" value="ϯ"/>
		<feat xlink:href="#sSpan1446" value="ⲛ̅"/>
		<feat xlink:href="#sSpan1449" value="ⲟⲩ"/>
		<feat xlink:href="#sSpan1453" value="ⲡⲣⲟⲥⲫⲟⲣⲁ"/>
		<feat xlink:href="#sSpan1455" value="ⲙ̅"/>
		<feat xlink:href="#sSpan1459" value="ⲡⲉⲕ"/>
		<feat xlink:href="#sSpan1462" value="ⲣⲁⲛ"/>
		<feat xlink:href="#sSpan1464" value="·"/>
		<feat xlink:href="#sSpan1468" value="ⲡⲉϫⲁ"/>
		<feat xlink:href="#sSpan1474" value="ϥ"/>
		<feat xlink:href="#sSpan1476" value="ⲛⲁ"/>
		<feat xlink:href="#sSpan1480" value="ⲓ"/>
		<feat xlink:href="#sSpan1482" value="ϫⲉ"/>
		<feat xlink:href="#sSpan1486" value="ⲙⲁⲣⲉ"/>
		<feat xlink:href="#sSpan1489" value="ϥ"/>
		<feat xlink:href="#sSpan1491" value="ⲧⲙ̅ⲙⲉ"/>
		<feat xlink:href="#sSpan1493" value="ⲟⲩ"/>
		<feat xlink:href="#sSpan1498" value="ⲥⲟⲛ"/>
		<feat xlink:href="#sSpan1500" value="ⲛ̅"/>
		<feat xlink:href="#sSpan1504" value="ϩⲏⲕⲉ"/>
		<feat xlink:href="#sSpan1506" value="ϩⲙ̅"/>
		<feat xlink:href="#sSpan1510" value="ⲡⲁ"/>
		<feat xlink:href="#sSpan1513" value="ⲣⲁⲛ"/>
		<feat xlink:href="#sSpan1515" value="·"/>
		<feat xlink:href="#sSpan1519" value="Ⲡⲉϫⲁ"/>
		<feat xlink:href="#sSpan1527" value="ϥ"/>
		<feat xlink:href="#sSpan1529" value="ⲛⲁ"/>
		<feat xlink:href="#sSpan1534" value="ⲓ"/>
		<feat xlink:href="#sSpan1536" value="ϫⲉ"/>
		<feat xlink:href="#sSpan1540" value="ⲉϣⲱⲡⲉ"/>
		<feat xlink:href="#sSpan1542" value="ⲟⲩ"/>
		<feat xlink:href="#sSpan1547" value="ϩⲏⲕⲉ"/>
		<feat xlink:href="#sSpan1549" value="ⲡⲉ"/>
		<feat xlink:href="#sSpan1553" value="ⲙⲛ̅"/>
		<feat xlink:href="#sSpan1558" value="ϣϭⲟⲙ"/>
		<feat xlink:href="#sSpan1561" value="ⲙ̅ⲙⲟ"/>
		<feat xlink:href="#sSpan1566" value="ϥ"/>
		<feat xlink:href="#sSpan1568" value="ⲉ"/>
		<feat xlink:href="#sSpan1572" value="ⲧⲙ̅ⲙⲟ"/>
		<feat xlink:href="#sSpan1574" value="ϥ"/>
		<feat xlink:href="#sSpan1576" value="·"/>
		<feat xlink:href="#sSpan1580" value="ⲕ"/>
		<feat xlink:href="#sSpan1584" value="ⲛⲁ"/>
		<feat xlink:href="#sSpan1586" value="ⲛ̅ⲧ"/>
		<feat xlink:href="#sSpan1588" value="ϥ̅"/>
		<feat xlink:href="#sSpan1590" value="ⲁⲛ"/>
		<feat xlink:href="#sSpan1594" value="ⲉ"/>
		<feat xlink:href="#sSpan1598" value="ⲡ"/>
		<feat xlink:href="#sSpan1602" value="ⲇⲩⲡⲛⲟⲛ"/>
		<feat xlink:href="#sSpan1604" value="ⲛ̅"/>
		<feat xlink:href="#sSpan1608" value="ⲧ"/>
		<feat xlink:href="#sSpan1612" value="ϣⲟⲣⲡ̅"/>
		<feat xlink:href="#sSpan1614" value="ⲛ̅"/>
		<feat xlink:href="#sSpan1618" value="ⲟⲩⲛⲟⲩ"/>
		<feat xlink:href="#sSpan1620" value="ⲙ̅"/>
		<feat xlink:href="#sSpan1624" value="ⲡ"/>
		<feat xlink:href="#sSpan1627" value="ϣⲟ"/>
		<feat xlink:href="#sSpan1629" value="ⲛ̅"/>
		<feat xlink:href="#sSpan1633" value="ⲣⲟⲙⲡⲉ"/>
		<feat xlink:href="#sSpan1635" value="·"/>
		<feat xlink:href="#sSpan1639" value="ⲡⲉϫⲁ"/>
		<feat xlink:href="#sSpan1645" value="ϥ"/>
		<feat xlink:href="#sSpan1647" value="ⲛⲁ"/>
		<feat xlink:href="#sSpan1651" value="ⲓ̈"/>
		<feat xlink:href="#sSpan1653" value="ϫⲉ"/>
		<feat xlink:href="#sSpan1658" value="ⲙⲁⲣⲉ"/>
		<feat xlink:href="#sSpan1660" value="ϥ"/>
		<feat xlink:href="#sSpan1662" value="ϯ"/>
		<feat xlink:href="#sSpan1664" value="ⲟⲩ"/>
		<feat xlink:href="#sSpan1669" value="ⲕⲟⲩⲓ"/>
		<feat xlink:href="#sSpan1671" value="ⲛ̅"/>
		<feat xlink:href="#sSpan1675" value="ⲥⲧⲟⲓ"/>
		<feat xlink:href="#sSpan1677" value="ϩⲙ̅"/>
		<feat xlink:href="#sSpan1681" value="ⲡⲁ"/>
		<feat xlink:href="#sSpan1684" value="ⲣⲁⲛ"/>
		<feat xlink:href="#sSpan1686" value="·"/>
		<feat xlink:href="#sSpan1690" value="ⲁⲛⲟⲕ"/>
		<feat xlink:href="#sSpan1697" value="ⲇⲉ"/>
		<feat xlink:href="#sSpan1701" value="ⲡⲉϫⲁ"/>
		<feat xlink:href="#sSpan1706" value="ⲓ"/>
		<feat xlink:href="#sSpan1708" value="ⲛⲁ"/>
		<feat xlink:href="#sSpan1713" value="ϥ"/>
		<feat xlink:href="#sSpan1715" value="·"/>
		<feat xlink:href="#sSpan1719" value="ϫⲉ"/>
		<feat xlink:href="#sSpan1723" value="ⲉϣⲱⲡⲉ"/>
		<feat xlink:href="#sSpan1725" value="·"/>
		<feat xlink:href="#sSpan1729" value="ⲟⲩ"/>
		<feat xlink:href="#sSpan1734" value="ϩⲏⲕⲉ"/>
		<feat xlink:href="#sSpan1736" value="ⲡⲉ"/>
		<feat xlink:href="#sSpan1740" value="ⲙⲛ̅"/>
		<feat xlink:href="#sSpan1744" value="ϣϭⲟⲙ"/>
		<feat xlink:href="#sSpan1747" value="ⲙ̅ⲙⲟ"/>
		<feat xlink:href="#sSpan1752" value="ϥ"/>
		<feat xlink:href="#sSpan1754" value="ⲉ"/>
		<feat xlink:href="#sSpan1759" value="ϯⲥⲧⲟⲓ"/>
		<feat xlink:href="#sSpan1762" value="·"/>
		<feat xlink:href="#sSpan1766" value="ⲉϩⲣⲁⲓ"/>
		<feat xlink:href="#sSpan1770" value="ⲙ̅"/>
		<feat xlink:href="#sSpan1774" value="ⲡⲉⲕ"/>
		<feat xlink:href="#sSpan1777" value="ⲣⲁⲛ"/>
		<feat xlink:href="#sSpan1779" value="·"/>
		<feat xlink:href="#sSpan1783" value="ⲉⲧⲃⲉ"/>
		<feat xlink:href="#sSpan1787" value="ⲧ"/>
		<feat xlink:href="#sSpan1791" value="ⲙⲛ̅ⲧ̅ϩⲏⲕⲉ"/>
		<feat xlink:href="#sSpan1795" value="·"/>
		<feat xlink:href="#sSpan1799" value="ⲁ"/>
		<feat xlink:href="#sSpan1805" value="ⲓ"/>
		<feat xlink:href="#sSpan1807" value="ⲟ"/>
		<feat xlink:href="#sSpan1809" value="ⲡⲁ"/>
		<feat xlink:href="#sSpan1814" value="ⲉⲓⲱⲧ"/>
		<feat xlink:href="#sSpan1816" value="ⲉⲧ"/>
		<feat xlink:href="#sSpan1820" value="ⲛⲁⲛⲟⲩ"/>
		<feat xlink:href="#sSpan1822" value="ϥ"/>
		<feat xlink:href="#sSpan1824" value="ⲙⲁⲣⲉ"/>
		<feat xlink:href="#sSpan1828" value="ⲡⲉⲕ"/>
		<feat xlink:href="#sSpan1831" value="ⲛⲁ"/>
		<feat xlink:href="#sSpan1833" value="ⲧⲁϩⲟ"/>
		<feat xlink:href="#sSpan1837" value="ⲛ"/>
		<feat xlink:href="#sSpan1839" value="ⲧⲏⲣ"/>
		<feat xlink:href="#sSpan1844" value="ⲛ̅"/>
		<feat xlink:href="#sSpan1846" value="ϫⲉ"/>
		<feat xlink:href="#sSpan1850" value="ⲡ"/>
		<feat xlink:href="#sSpan1853" value="ⲉⲧ"/>
		<feat xlink:href="#sSpan1855" value="ⲕ̅"/>
		<feat xlink:href="#sSpan1857" value="ⲛⲁ"/>
		<feat xlink:href="#sSpan1860" value="ⲁⲓⲧⲉⲓ"/>
		<feat xlink:href="#sSpan1862" value="ⲙ̅ⲙⲟ"/>
		<feat xlink:href="#sSpan1866" value="ϥ"/>
		<feat xlink:href="#sSpan1868" value="ⲛ̅ⲧⲙ̅"/>
		<feat xlink:href="#sSpan1872" value="ⲡ"/>
		<feat xlink:href="#sSpan1875" value="ⲛⲟⲩⲧⲉ"/>
		<feat xlink:href="#sSpan1877" value="·"/>
		<feat xlink:href="#sSpan1881" value="ⲡ"/>
		<feat xlink:href="#sSpan1887" value="ⲛⲟⲩⲧⲉ"/>
		<feat xlink:href="#sSpan1889" value="ⲛⲁ"/>
		<feat xlink:href="#sSpan1893" value="ⲧⲁⲁ"/>
		<feat xlink:href="#sSpan1895" value="ϥ"/>
		<feat xlink:href="#sSpan1897" value="ⲛⲁ"/>
		<feat xlink:href="#sSpan1901" value="ⲕ"/>
		<feat xlink:href="#sSpan1903" value="·"/>
		<feat xlink:href="#sSpan1907" value="ⲡⲉϫⲁ"/>
		<feat xlink:href="#sSpan1913" value="ϥ"/>
		<feat xlink:href="#sSpan1915" value="ⲛⲁ"/>
		<feat xlink:href="#sSpan1919" value="ⲓ"/>
		<feat xlink:href="#sSpan1921" value="ϫⲉ"/>
		<feat xlink:href="#sSpan1925" value="ⲙⲁⲣⲉ"/>
		<feat xlink:href="#sSpan1927" value="ϥ"/>
		<feat xlink:href="#sSpan1929" value="ⲁϩⲉ"/>
		<feat xlink:href="#sSpan1931" value="ⲣⲁⲧ"/>
		<feat xlink:href="#sSpan1934" value="ϥ̅"/>
		<feat xlink:href="#sSpan1936" value="ⲛ"/>
		<feat xlink:href="#sSpan1940" value="ϥ̅"/>
		<feat xlink:href="#sSpan1942" value="ϫⲉ"/>
		<feat xlink:href="#sSpan1944" value="ϣⲟⲙⲛ̅ⲧ̅"/>
		<feat xlink:href="#sSpan1947" value="ⲛ̅"/>
		<feat xlink:href="#sSpan1951" value="ⲥⲟⲡ"/>
		<feat xlink:href="#sSpan1953" value="ⲛ̅"/>
		<feat xlink:href="#sSpan1957" value="ϣⲗⲏⲗ"/>
		<feat xlink:href="#sSpan1960" value="ⲉ"/>
		<feat xlink:href="#sSpan1964" value="ⲡ"/>
		<feat xlink:href="#sSpan1967" value="ⲛⲟⲩⲧⲉ"/>
		<feat xlink:href="#sSpan1969" value="·"/>
		<feat xlink:href="#sSpan1973" value="ϩⲙ̅"/>
		<feat xlink:href="#sSpan1978" value="ⲡⲁ"/>
		<feat xlink:href="#sSpan1981" value="ⲣⲁⲛ"/>
		<feat xlink:href="#sSpan1983" value="ⲁⲩⲱ"/>
		<feat xlink:href="#sSpan1987" value="ⲡ"/>
		<feat xlink:href="#sSpan1992" value="ϫⲥ̅"/>
		<feat xlink:href="#sSpan1995" value="ⲓ̅ⲥ̅"/>
		<feat xlink:href="#sSpan1999" value="ⲛⲁ"/>
		<feat xlink:href="#sSpan2003" value="ⲛⲧ"/>
		<feat xlink:href="#sSpan2005" value="ϥ̅"/>
		<feat xlink:href="#sSpan2007" value="ⲉ"/>
		<feat xlink:href="#sSpan2011" value="ⲡ"/>
		<feat xlink:href="#sSpan2014" value="ϣⲟ"/>
		<feat xlink:href="#sSpan2016" value="ⲛ̅"/>
		<feat xlink:href="#sSpan2020" value="ⲣⲟⲙⲡⲉ"/>
		<feat xlink:href="#sSpan2022" value="·"/>
		<feat xlink:href="#sSpan2026" value="ⲛ"/>
		<feat xlink:href="#sSpan2031" value="ϥ̅"/>
		<feat xlink:href="#sSpan2034" value="ⲕⲗⲏⲣⲟⲛⲟⲙⲉⲓ"/>
		<feat xlink:href="#sSpan2036" value="ⲙⲛ̅"/>
		<feat xlink:href="#sSpan2040" value="ⲛ"/>
		<feat xlink:href="#sSpan2043" value="ⲉⲧ"/>
		<feat xlink:href="#sSpan2045" value="ⲟⲩⲁⲁⲃ"/>
		<feat xlink:href="#sSpan2047" value="ⲧⲏⲣ"/>
		<feat xlink:href="#sSpan2051" value="ⲟⲩ"/>
		<feat xlink:href="#sSpan2053" value="·"/>
		<feat xlink:href="#sSpan2057" value="ⲁⲛⲟⲕ"/>
		<feat xlink:href="#sSpan2064" value="ⲇⲉ"/>
		<feat xlink:href="#sSpan2068" value="ⲡⲉϫⲁ"/>
		<feat xlink:href="#sSpan2073" value="ⲓ"/>
		<feat xlink:href="#sSpan2075" value="ⲛⲁ"/>
		<feat xlink:href="#sSpan2079" value="ϥ"/>
		<feat xlink:href="#sSpan2081" value="ϫⲉ"/>
		<feat xlink:href="#sSpan2086" value="ⲱ̅"/>
		<feat xlink:href="#sSpan2088" value="ⲡⲁ"/>
		<feat xlink:href="#sSpan2093" value="ⲉⲓⲱⲧ"/>
		<feat xlink:href="#sSpan2095" value="ⲉⲧ"/>
		<feat xlink:href="#sSpan2099" value="ⲟⲩⲁⲁⲃ"/>
		<feat xlink:href="#sSpan2101" value="·"/>
		<feat xlink:href="#sSpan2105" value="ⲉϣⲱⲡⲉ"/>
		<feat xlink:href="#sSpan2109" value="ϯ"/>
		<feat xlink:href="#sSpan2113" value="ⲙ̅ⲡϣⲁ"/>
		<feat xlink:href="#sSpan2116" value="·"/>
		<feat xlink:href="#sSpan2120" value="ϯ"/>
		<feat xlink:href="#sSpan2124" value="ⲟⲩⲱϣ"/>
		<feat xlink:href="#sSpan2126" value="ⲉ"/>
		<feat xlink:href="#sSpan2130" value="ⲧⲣ"/>
		<feat xlink:href="#sSpan2132" value="ⲁ"/>
		<feat xlink:href="#sSpan2134" value="ϣⲱⲡⲉ"/>
		<feat xlink:href="#sSpan2136" value="·"/>
		<feat xlink:href="#sSpan2140" value="ϩⲙ̅"/>
		<feat xlink:href="#sSpan2144" value="ⲡⲉⲕ"/>
		<feat xlink:href="#sSpan2148" value="ⲧⲟⲡⲟⲥ"/>
		<feat xlink:href="#sSpan2150" value="·"/>
		<feat xlink:href="#sSpan2154" value="ⲉⲧ"/>
		<feat xlink:href="#sSpan2158" value="ⲟⲩⲁⲁⲃ"/>
		<feat xlink:href="#sSpan2161" value="ⲉⲕϣⲁⲛ"/>
		<feat xlink:href="#sSpan2165" value="ⲗⲟ"/>
		<feat xlink:href="#sSpan2167" value="ϩⲙ̅"/>
		<feat xlink:href="#sSpan2171" value="ⲡⲉⲓ"/>
		<feat xlink:href="#sSpan2175" value="ⲥⲱⲙⲁ"/>
		<feat xlink:href="#sSpan2177" value="·"/>
		<feat xlink:href="#sSpan2181" value="ⲡⲉϫⲁ"/>
		<feat xlink:href="#sSpan2187" value="ϥ"/>
		<feat xlink:href="#sSpan2189" value="ⲛⲁ"/>
		<feat xlink:href="#sSpan2193" value="ⲓ"/>
		<feat xlink:href="#sSpan2195" value="ϫⲉ"/>
		<feat xlink:href="#sSpan2199" value="ⲙ̅ⲡⲱⲣ"/>
		<feat xlink:href="#sSpan2202" value="ⲡⲁ"/>
		<feat xlink:href="#sSpan2207" value="ϣⲏⲣⲉ"/>
		<feat xlink:href="#sSpan2209" value="·"/>
		<feat xlink:href="#sSpan2213" value="ⲙ̅ⲡ"/>
		<feat xlink:href="#sSpan2219" value="ⲟⲩ"/>
		<feat xlink:href="#sSpan2221" value="ⲧⲟϣ"/>
		<feat xlink:href="#sSpan2223" value="ⲕ̅"/>
		<feat xlink:href="#sSpan2226" value="ⲅⲁⲣ"/>
		<feat xlink:href="#sSpan2230" value="ⲉ"/>
		<feat xlink:href="#sSpan2234" value="ϯ"/>
		<feat xlink:href="#sSpan2238" value="ⲟⲓⲕⲟⲛⲟⲙⲓⲁ"/>
		<feat xlink:href="#sSpan2241" value="·"/>
		<feat xlink:href="#sSpan2246" value="ⲁⲗⲗⲁ"/>
		<feat xlink:href="#sSpan2250" value="ⲛ̅ⲧ"/>
		<feat xlink:href="#sSpan2254" value="ⲁ"/>
		<feat xlink:href="#sSpan2256" value="ⲡ"/>
		<feat xlink:href="#sSpan2259" value="ϫⲥ̅"/>
		<feat xlink:href="#sSpan2261" value="ⲧⲟϣ"/>
		<feat xlink:href="#sSpan2265" value="ⲕ̅"/>
		<feat xlink:href="#sSpan2267" value="ⲉ"/>
		<feat xlink:href="#sSpan2271" value="ⲩ"/>
		<feat xlink:href="#sSpan2274" value="ⲥⲟⲗⲥⲗ̅"/>
		<feat xlink:href="#sSpan2276" value="ⲛ̅"/>
		<feat xlink:href="#sSpan2280" value="ⲛⲉ"/>
		<feat xlink:href="#sSpan2283" value="ⲥⲛⲏⲩ"/>
		<feat xlink:href="#sSpan2287" value="ⲉⲧ"/>
		<feat xlink:href="#sSpan2291" value="ⲟⲩⲁⲁⲃ"/>
		<feat xlink:href="#sSpan2293" value="·"/>
		<feat xlink:href="#sSpan2297" value="ⲉⲧ"/>
		<feat xlink:href="#sSpan2301" value="ϣⲟⲟⲡ"/>
		<feat xlink:href="#sSpan2303" value="ϩⲙ̅"/>
		<feat xlink:href="#sSpan2307" value="ⲡ"/>
		<feat xlink:href="#sSpan2310" value="ϫⲁⲓⲉ"/>
		<feat xlink:href="#sSpan2312" value="·"/>
		<feat xlink:href="#sSpan2316" value="ⲉ"/>
		<feat xlink:href="#sSpan2320" value="ⲧⲣⲉ"/>
		<feat xlink:href="#sSpan2322" value="ⲕ"/>
		<feat xlink:href="#sSpan2325" value="ⲧⲁϣⲉⲟⲉⲓϣ"/>
		<feat xlink:href="#sSpan2329" value="ⲙ̅ⲙⲟ"/>
		<feat xlink:href="#sSpan2333" value="ⲟⲩ"/>
		<feat xlink:href="#sSpan2335" value="ⲙⲛ̅"/>
		<feat xlink:href="#sSpan2339" value="ⲡⲉⲩ"/>
		<feat xlink:href="#sSpan2343" value="ⲥϯⲛⲟⲩϥⲉ"/>
		<feat xlink:href="#sSpan2346" value="·"/>
		<feat xlink:href="#sSpan2350" value="ϩⲛ̅"/>
		<feat xlink:href="#sSpan2354" value="ⲧ"/>
		<feat xlink:href="#sSpan2357" value="ⲙⲏⲏⲧⲉ"/>
		<feat xlink:href="#sSpan2359" value="ⲛ"/>
		<feat xlink:href="#sSpan2364" value="ⲛⲉ"/>
		<feat xlink:href="#sSpan2367" value="ⲥⲛⲏⲩ"/>
		<feat xlink:href="#sSpan2369" value="·"/>
		<feat xlink:href="#sSpan2373" value="ⲛ̅"/>
		<feat xlink:href="#sSpan2379" value="ⲣϥ̅ϣⲙ̅ϣⲉⲛⲟⲩⲧⲉ"/>
		<feat xlink:href="#sSpan2383" value="ⲉ"/>
		<feat xlink:href="#sSpan2388" value="ⲩ"/>
		<feat xlink:href="#sSpan2391" value="ϩⲏⲩ"/>
		<feat xlink:href="#sSpan2393" value="ⲛ̅"/>
		<feat xlink:href="#sSpan2397" value="ⲛ"/>
		<feat xlink:href="#sSpan2400" value="ⲉⲧ"/>
		<feat xlink:href="#sSpan2402" value="ⲥⲱⲧⲙ̅"/>
		<feat xlink:href="#sSpan2405" value="ⲃⲱⲕ"/>
		<feat xlink:href="#sSpan2411" value="ⲛⲁ"/>
		<feat xlink:href="#sSpan2415" value="ⲕ"/>
		<feat xlink:href="#sSpan2417" value="ⲉⲃⲟⲗ"/>
		<feat xlink:href="#sSpan2421" value="ⲉ"/>
		<feat xlink:href="#sSpan2425" value="ⲕⲏⲙⲉ"/>
		<feat xlink:href="#sSpan2429" value="ⲱ̅"/>
		<feat xlink:href="#sSpan2433" value="ⲡⲁ"/>
		<feat xlink:href="#sSpan2438" value="ϣⲏⲣⲉ"/>
		<feat xlink:href="#sSpan2440" value="ⲛ"/>
		<feat xlink:href="#sSpan2444" value="ⲅ̅"/>
		<feat xlink:href="#sSpan2446" value="ϣⲱⲡⲉ"/>
		<feat xlink:href="#sSpan2449" value="·"/>
		<feat xlink:href="#sSpan2453" value="ⲉ"/>
		<feat xlink:href="#sSpan2457" value="ⲕ"/>
		<feat xlink:href="#sSpan2459" value="ⲙⲏⲛ"/>
		<feat xlink:href="#sSpan2461" value="ⲉⲃⲟⲗ"/>
		<feat xlink:href="#sSpan2465" value="ϩⲙ̅"/>
		<feat xlink:href="#sSpan2469" value="ⲡ"/>
		<feat xlink:href="#sSpan2472" value="ϩⲱⲃ"/>
		<feat xlink:href="#sSpan2474" value="ⲉⲧ"/>
		<feat xlink:href="#sSpan2478" value="ⲛⲁⲛⲟⲩ"/>
		<feat xlink:href="#sSpan2480" value="ϥ"/>
		<feat xlink:href="#sSpan2482" value="·"/>
		<feat xlink:href="#sSpan2486" value="ⲁⲛⲟⲕ"/>
		<feat xlink:href="#sSpan2493" value="ⲇⲉ"/>
		<feat xlink:href="#sSpan2498" value="ⲛ̅"/>
		<feat xlink:href="#sSpan2502" value="ⲧⲉ"/>
		<feat xlink:href="#sSpan2504" value="ⲩⲛⲟⲩ"/>
		<feat xlink:href="#sSpan2506" value="ⲁ"/>
		<feat xlink:href="#sSpan2510" value="ⲓ"/>
		<feat xlink:href="#sSpan2512" value="ⲡⲁϩⲧ̅"/>
		<feat xlink:href="#sSpan2514" value="ⲉϫⲙ̅"/>
		<feat xlink:href="#sSpan2518" value="ⲡ"/>
		<feat xlink:href="#sSpan2521" value="ⲕⲁϩ"/>
		<feat xlink:href="#sSpan2523" value="·"/>
		<feat xlink:href="#sSpan2527" value="ⲡⲉϫⲁ"/>
		<feat xlink:href="#sSpan2533" value="ⲓ"/>
		<feat xlink:href="#sSpan2535" value="ⲛⲁ"/>
		<feat xlink:href="#sSpan2539" value="ϥ"/>
		<feat xlink:href="#sSpan2541" value="ϫⲉ"/>
		<feat xlink:href="#sSpan2546" value="ⲥⲙⲟⲩ"/>
		<feat xlink:href="#sSpan2548" value="ⲉⲣⲟ"/>
		<feat xlink:href="#sSpan2552" value="ⲓ"/>
		<feat xlink:href="#sSpan2554" value="ⲡⲁ"/>
		<feat xlink:href="#sSpan2559" value="ⲉⲓⲱⲧ"/>
		<feat xlink:href="#sSpan2561" value="·"/>
		<feat xlink:href="#sSpan2565" value="ⲛ̅ⲧⲉ"/>
		<feat xlink:href="#sSpan2569" value="ⲟⲩ"/>
		<feat xlink:href="#sSpan2572" value="ⲛⲁ"/>
		<feat xlink:href="#sSpan2574" value="ⲧⲁϩⲟ"/>
		<feat xlink:href="#sSpan2578" value="ⲓ"/>
		<feat xlink:href="#sSpan2580" value="ϩⲁϩⲧⲙ̅"/>
		<feat xlink:href="#sSpan2584" value="ⲡ"/>
		<feat xlink:href="#sSpan2588" value="ⲛⲟⲩⲧⲉ"/>
		<feat xlink:href="#sSpan2590" value="·"/>
		<feat xlink:href="#sSpan2594" value="ⲛ̅"/>
		<feat xlink:href="#sSpan2598" value="ⲑ"/>
		<feat xlink:href="#sSpan2600" value="ⲉ"/>
		<feat xlink:href="#sSpan2602" value="ⲛ̅ⲧ"/>
		<feat xlink:href="#sSpan2606" value="ⲁ"/>
		<feat xlink:href="#sSpan2608" value="ⲓ"/>
		<feat xlink:href="#sSpan2610" value="ⲙ̅ⲡϣⲁ"/>
		<feat xlink:href="#sSpan2612" value="ⲛ̅"/>
		<feat xlink:href="#sSpan2616" value="ⲛⲁⲩ"/>
		<feat xlink:href="#sSpan2618" value="ⲉⲣⲟ"/>
		<feat xlink:href="#sSpan2622" value="ⲕ"/>
		<feat xlink:href="#sSpan2624" value="ϩⲓϫⲙ̅"/>
		<feat xlink:href="#sSpan2628" value="ⲡ"/>
		<feat xlink:href="#sSpan2631" value="ⲕⲁϩ"/>
		<feat xlink:href="#sSpan2633" value="ⲛ̅"/>
		<feat xlink:href="#sSpan2638" value="ⲧⲁ"/>
		<feat xlink:href="#sSpan2640" value="ⲙ̅ⲡϣⲁ"/>
		<feat xlink:href="#sSpan2642" value="ⲟⲛ"/>
		<feat xlink:href="#sSpan2646" value="ⲛ̅"/>
		<feat xlink:href="#sSpan2650" value="ⲛⲁⲩ"/>
		<feat xlink:href="#sSpan2652" value="ⲉⲣⲟ"/>
		<feat xlink:href="#sSpan2656" value="ⲕ"/>
		<feat xlink:href="#sSpan2658" value="ϩⲙ̅"/>
		<feat xlink:href="#sSpan2662" value="ⲡ"/>
		<feat xlink:href="#sSpan2665" value="ⲕⲉ"/>
		<feat xlink:href="#sSpan2668" value="ⲁⲓⲱⲛ"/>
		<feat xlink:href="#sSpan2670" value="·"/>
		<feat xlink:href="#sSpan2674" value="ϩⲁϩⲧⲙ̅"/>
		<feat xlink:href="#sSpan2679" value="ⲡ"/>
		<feat xlink:href="#sSpan2682" value="ϫⲥ̅"/>
		<feat xlink:href="#sSpan2685" value="ⲓⲥ̅"/>
		<feat xlink:href="#sSpan2689" value="ⲡⲉ"/>
		<feat xlink:href="#sSpan2694" value="ⲭⲥ̅"/>
		<feat xlink:href="#sSpan2696" value="·"/>
		<feat xlink:href="#sSpan2700" value="Ⲛ̅ⲧⲟϥ"/>
		<feat xlink:href="#sSpan2709" value="ⲇⲉ"/>
		<feat xlink:href="#sSpan2713" value="ⲡⲉϫⲁ"/>
		<feat xlink:href="#sSpan2717" value="ϥ"/>
		<feat xlink:href="#sSpan2719" value="ⲛⲁ"/>
		<feat xlink:href="#sSpan2723" value="ⲓ̅"/>
		<feat xlink:href="#sSpan2725" value="·"/>
		<feat xlink:href="#sSpan2729" value="ϫⲉ"/>
		<feat xlink:href="#sSpan2733" value="ⲡⲁ"/>
		<feat xlink:href="#sSpan2736" value="ϣⲏⲣⲉ"/>
		<feat xlink:href="#sSpan2738" value="ⲙ̅"/>
		<feat xlink:href="#sSpan2742" value="ⲡ"/>
		<feat xlink:href="#sSpan2745" value="ⲛⲟⲩⲧⲉ"/>
		<feat xlink:href="#sSpan2747" value="ⲛⲁ"/>
		<feat xlink:href="#sSpan2753" value="ⲗⲩⲡⲉⲓ"/>
		<feat xlink:href="#sSpan2755" value="ⲙ̅ⲙⲟ"/>
		<feat xlink:href="#sSpan2759" value="ⲕ"/>
		<feat xlink:href="#sSpan2761" value="ⲁⲛ"/>
		<feat xlink:href="#sSpan2765" value="ϩⲛ̅"/>
		<feat xlink:href="#sSpan2769" value="ⲗⲁⲁⲩ"/>
		<feat xlink:href="#sSpan2772" value="ⲛ̅"/>
		<feat xlink:href="#sSpan2776" value="ϩⲱⲃ"/>
		<feat xlink:href="#sSpan2778" value="ⲉϥⲉ"/>
		<feat xlink:href="#sSpan2782" value="ⲧⲁϫⲣⲟ"/>
		<feat xlink:href="#sSpan2784" value="ⲕ"/>
		<feat xlink:href="#sSpan2786" value="ϩⲛ̅"/>
		<feat xlink:href="#sSpan2791" value="ⲧϥ̅"/>
		<feat xlink:href="#sSpan2795" value="ⲁⲅⲁⲡⲏ"/>
		<feat xlink:href="#sSpan2797" value="·"/>
		<feat xlink:href="#sSpan2801" value="ⲛ̅ⲧⲉ"/>
		<feat xlink:href="#sSpan2805" value="ⲛⲉⲕ"/>
		<feat xlink:href="#sSpan2808" value="ⲃⲁⲗ"/>
		<feat xlink:href="#sSpan2811" value="ϫⲓⲟⲩⲟⲉⲓⲛ"/>
		<feat xlink:href="#sSpan2816" value="·"/>
		<feat xlink:href="#sSpan2820" value="ϩⲛ̅"/>
		<feat xlink:href="#sSpan2824" value="ⲧϥ̅"/>
		<feat xlink:href="#sSpan2828" value="ⲙⲛ̅ⲧ̅ⲛⲟⲩⲧⲉ"/>
		<feat xlink:href="#sSpan2832" value="·"/>
		<feat xlink:href="#sSpan2836" value="ⲛ̅"/>
		<feat xlink:href="#sSpan2840" value="ⲛⲉⲕ"/>
		<feat xlink:href="#sSpan2843" value="ⲣⲓⲕⲉ"/>
		<feat xlink:href="#sSpan2846" value="ⲟⲩⲇⲉ"/>
		<feat xlink:href="#sSpan2850" value="ⲛ̅"/>
		<feat xlink:href="#sSpan2854" value="ⲛⲉⲕ"/>
		<feat xlink:href="#sSpan2857" value="ϩⲉ"/>
		<feat xlink:href="#sSpan2859" value="·"/>
		<feat xlink:href="#sSpan2864" value="ⲁⲗⲗⲁ"/>
		<feat xlink:href="#sSpan2868" value="ⲉ"/>
		<feat xlink:href="#sSpan2873" value="ⲕ"/>
		<feat xlink:href="#sSpan2875" value="ⲛⲁ"/>
		<feat xlink:href="#sSpan2877" value="ⲙⲁⲧⲉ"/>
		<feat xlink:href="#sSpan2879" value="ⲙ̅"/>
		<feat xlink:href="#sSpan2883" value="ⲫ"/>
		<feat xlink:href="#sSpan2886" value="ⲱⲃ"/>
		<feat xlink:href="#sSpan2888" value="·"/>
		<feat xlink:href="#sSpan2892" value="ⲛ̅ⲧ"/>
		<feat xlink:href="#sSpan2896" value="ⲁ"/>
		<feat xlink:href="#sSpan2898" value="ⲕ"/>
		<feat xlink:href="#sSpan2900" value="ϩⲓⲧⲟⲟⲧ"/>
		<feat xlink:href="#sSpan2902" value="ⲕ̅"/>
		<feat xlink:href="#sSpan2904" value="ⲉⲣⲟ"/>
		<feat xlink:href="#sSpan2908" value="ϥ"/>
		<feat xlink:href="#sSpan2910" value="·"/>
		<feat xlink:href="#sSpan2914" value="ⲉⲣⲉ"/>
		<feat xlink:href="#sSpan2921" value="ⲛ̅"/>
		<feat xlink:href="#sSpan2925" value="ⲁⲅⲅⲉⲗⲟⲥ"/>
		<feat xlink:href="#sSpan2928" value="ⲥⲕⲉⲡⲁⲍⲉ"/>
		<feat xlink:href="#sSpan2932" value="ⲙ̅ⲙⲟ"/>
		<feat xlink:href="#sSpan2936" value="ⲕ"/>
		<feat xlink:href="#sSpan2938" value="·"/>
		<feat xlink:href="#sSpan2942" value="ⲛ̅"/>
		<feat xlink:href="#sSpan2946" value="ⲥⲉ"/>
		<feat xlink:href="#sSpan2948" value="ⲛⲁϩⲙⲉ"/>
		<feat xlink:href="#sSpan2950" value="ⲕ"/>
		<feat xlink:href="#sSpan2952" value="ⲉ"/>
		<feat xlink:href="#sSpan2957" value="ⲛ"/>
		<feat xlink:href="#sSpan2961" value="ⲉⲡⲉⲓⲃⲟⲩⲗⲏ"/>
		<feat xlink:href="#sSpan2963" value="ⲛ̅"/>
		<feat xlink:href="#sSpan2967" value="ⲛ"/>
		<feat xlink:href="#sSpan2971" value="ⲓⲟⲩⲇⲁⲓ"/>
		<feat xlink:href="#sSpan2973" value="ⲛ̅ⲛⲉ"/>
		<feat xlink:href="#sSpan2977" value="ⲩ"/>
		<feat xlink:href="#sSpan2979" value="ϩⲉ"/>
		<feat xlink:href="#sSpan2982" value="ⲉ"/>
		<feat xlink:href="#sSpan2986" value="ⲗⲁⲁⲩ"/>
		<feat xlink:href="#sSpan2989" value="ⲛ̅"/>
		<feat xlink:href="#sSpan2994" value="ⲕⲁⲧⲏⲅⲟⲣⲓⲁ"/>
		<feat xlink:href="#sSpan2997" value="ⲉϩⲟⲩⲛ"/>
		<feat xlink:href="#sSpan3001" value="ⲉⲣⲟ"/>
		<feat xlink:href="#sSpan3005" value="ⲕ"/>
		<feat xlink:href="#sSpan3007" value="·"/>
		<feat xlink:href="#sSpan3011" value="ϩⲛ̅"/>
		<feat xlink:href="#sSpan3015" value="ⲧⲉⲕ"/>
		<feat xlink:href="#sSpan3019" value="ϭⲓⲛⲁⲡⲁⲛⲧⲁ"/>
		<feat xlink:href="#sSpan3023" value="ⲉ"/>
		<feat xlink:href="#sSpan3027" value="ⲡ"/>
		<feat xlink:href="#sSpan3031" value="ⲛⲟⲩⲧⲉ"/>
		<feat xlink:href="#sSpan3033" value="·"/>
		<feat xlink:href="#sSpan3037" value="Ⲛ̅ⲧⲉⲣⲉ"/>
		<feat xlink:href="#sSpan3045" value="ϥ"/>
		<feat xlink:href="#sSpan3047" value="ⲟⲩⲱ"/>
		<feat xlink:href="#sSpan3050" value="ⲇⲉ"/>
		<feat xlink:href="#sSpan3054" value="ⲉ"/>
		<feat xlink:href="#sSpan3058" value="ϥ"/>
		<feat xlink:href="#sSpan3060" value="ϫⲱ"/>
		<feat xlink:href="#sSpan3062" value="ⲛ̅"/>
		<feat xlink:href="#sSpan3066" value="ⲛⲁⲓ"/>
		<feat xlink:href="#sSpan3069" value="ⲁ"/>
		<feat xlink:href="#sSpan3074" value="ϥ"/>
		<feat xlink:href="#sSpan3076" value="ⲧⲱⲟⲩⲛ"/>
		<feat xlink:href="#sSpan3078" value="ⲁ"/>
		<feat xlink:href="#sSpan3084" value="ϥ"/>
		<feat xlink:href="#sSpan3086" value="ϣⲗⲏⲗ"/>
		<feat xlink:href="#sSpan3088" value="ⲉ"/>
		<feat xlink:href="#sSpan3093" value="ⲡ"/>
		<feat xlink:href="#sSpan3096" value="ⲛⲟⲩⲧⲉ"/>
		<feat xlink:href="#sSpan3098" value="ϩⲛ̅"/>
		<feat xlink:href="#sSpan3102" value="ϩⲉⲛ"/>
		<feat xlink:href="#sSpan3106" value="ⲁϣⲁϩⲟⲙ"/>
		<feat xlink:href="#sSpan3109" value="ⲙⲛ̅"/>
		<feat xlink:href="#sSpan3113" value="ϩⲉⲛ"/>
		<feat xlink:href="#sSpan3116" value="ⲣⲙ̅ⲉⲓⲟⲟⲩⲉ"/>
		<feat xlink:href="#sSpan3118" value="ⲉ"/>
		<feat xlink:href="#sSpan3123" value="ⲩ"/>
		<feat xlink:href="#sSpan3125" value="ⲟϣ"/>
		<feat xlink:href="#sSpan3127" value="·"/>
		<feat xlink:href="#sSpan3131" value="ⲙⲛ̅ⲛ̅ⲥⲱ"/>
		<feat xlink:href="#sSpan3137" value="ⲥ"/>
		<feat xlink:href="#sSpan3139" value="ⲁ"/>
		<feat xlink:href="#sSpan3143" value="ϥ"/>
		<feat xlink:href="#sSpan3145" value="ⲛ̅ⲕⲟⲧⲕ̅"/>
		<feat xlink:href="#sSpan3148" value="ⲉ"/>
		<feat xlink:href="#sSpan3152" value="ⲡ"/>
		<feat xlink:href="#sSpan3155" value="ⲕⲁϩ"/>
		<feat xlink:href="#sSpan3157" value="·"/>
		<feat xlink:href="#sSpan3161" value="ⲁ"/>
		<feat xlink:href="#sSpan3167" value="ϥ"/>
		<feat xlink:href="#sSpan3169" value="ϫⲱⲕ"/>
		<feat xlink:href="#sSpan3171" value="ⲉⲃⲟⲗ"/>
		<feat xlink:href="#sSpan3175" value="ⲛ̅"/>
		<feat xlink:href="#sSpan3180" value="ⲧⲉϥ"/>
		<feat xlink:href="#sSpan3184" value="ⲟⲓⲕⲟⲛⲟⲙⲓⲁ"/>
		<feat xlink:href="#sSpan3186" value="ⲛ̅ⲧⲉ"/>
		<feat xlink:href="#sSpan3190" value="ⲡ"/>
		<feat xlink:href="#sSpan3193" value="ⲛⲟⲩⲧⲉ"/>
		<feat xlink:href="#sSpan3195" value="·"/>
		<feat xlink:href="#sSpan3199" value="ⲁⲩⲱ"/>
		<feat xlink:href="#sSpan3203" value="ⲁ"/>
		<feat xlink:href="#sSpan3207" value="ϥ"/>
		<feat xlink:href="#sSpan3209" value="ϯ"/>
		<feat xlink:href="#sSpan3211" value="ⲙ̅"/>
		<feat xlink:href="#sSpan3215" value="ⲡϥ̅"/>
		<feat xlink:href="#sSpan3219" value="ⲡⲛⲁ̅"/>
		<feat xlink:href="#sSpan3222" value="ⲛ̅"/>
		<feat xlink:href="#sSpan3226" value="ϭⲓϫ"/>
		<feat xlink:href="#sSpan3229" value="ⲙ̅"/>
		<feat xlink:href="#sSpan3233" value="ⲡ"/>
		<feat xlink:href="#sSpan3236" value="ⲛⲟⲩⲧⲉ"/>
		<feat xlink:href="#sSpan3238" value="ϩⲛ̅"/>
		<feat xlink:href="#sSpan3243" value="ⲥⲟⲩⲙⲛ̅ⲧⲁⲥⲉ"/>
		<feat xlink:href="#sSpan3248" value="ⲙ̅"/>
		<feat xlink:href="#sSpan3252" value="ⲡ"/>
		<feat xlink:href="#sSpan3255" value="ⲉⲃⲟⲧ"/>
		<feat xlink:href="#sSpan3257" value="ⲡⲁⲱⲛⲉ"/>
		<feat xlink:href="#sSpan3262" value="·"/>
		<feat xlink:href="#sSpan3266" value="ⲁⲛⲟⲕ"/>
		<feat xlink:href="#sSpan3273" value="ⲇⲉ"/>
		<feat xlink:href="#sSpan3277" value="ⲁ"/>
		<feat xlink:href="#sSpan3281" value="ⲓ"/>
		<feat xlink:href="#sSpan3283" value="ⲥⲱⲧⲙ̅"/>
		<feat xlink:href="#sSpan3285" value="ⲉ"/>
		<feat xlink:href="#sSpan3289" value="ϩⲉⲛ"/>
		<feat xlink:href="#sSpan3293" value="ⲫⲱⲛⲏ"/>
		<feat xlink:href="#sSpan3295" value="ⲛ̅"/>
		<feat xlink:href="#sSpan3300" value="ⲁⲅⲅⲉⲗⲟⲥ"/>
		<feat xlink:href="#sSpan3304" value="ⲉ"/>
		<feat xlink:href="#sSpan3308" value="ⲩ"/>
		<feat xlink:href="#sSpan3311" value="ϩⲩⲙⲛⲉⲩⲉ"/>
		<feat xlink:href="#sSpan3313" value="ϩⲓⲑⲏ"/>
		<feat xlink:href="#sSpan3317" value="ⲙ̅"/>
		<feat xlink:href="#sSpan3321" value="ⲡ"/>
		<feat xlink:href="#sSpan3325" value="ⲙⲁⲕⲁⲣⲓⲟⲥ"/>
		<feat xlink:href="#sSpan3328" value="ⲁⲡⲁ"/>
		<feat xlink:href="#sSpan3332" value="ⲟⲛⲛⲟϥⲣⲓⲟⲥ"/>
		<feat xlink:href="#sSpan3337" value="·"/>
		<feat xlink:href="#sSpan3341" value="Ⲁⲩⲱ"/>
		<feat xlink:href="#sSpan3345" value="ⲛⲉⲣⲉ"/>
		<feat xlink:href="#sSpan3349" value="ⲟⲩ"/>
		<feat xlink:href="#sSpan3352" value="ⲛⲟϭ"/>
		<feat xlink:href="#sSpan3354" value="ⲛ̅"/>
		<feat xlink:href="#sSpan3358" value="ⲟⲩⲣⲟⲧ"/>
		<feat xlink:href="#sSpan3360" value="ϣⲟⲟⲡ"/>
		<feat xlink:href="#sSpan3364" value="ϩⲛ̅"/>
		<feat xlink:href="#sSpan3368" value="ⲧⲉϥ"/>
		<feat xlink:href="#sSpan3373" value="ϭⲓⲛⲁⲡⲁⲛⲧⲁ"/>
		<feat xlink:href="#sSpan3377" value="ⲉ"/>
		<feat xlink:href="#sSpan3381" value="ⲡ"/>
		<feat xlink:href="#sSpan3384" value="ⲛⲟⲩⲧⲉ"/>
		<feat xlink:href="#sSpan3386" value="·"/>
		<feat xlink:href="#sSpan3390" value="ⲁⲛⲟⲕ"/>
		<feat xlink:href="#sSpan3397" value="ⲇⲉ"/>
		<feat xlink:href="#sSpan3401" value="ⲁ"/>
		<feat xlink:href="#sSpan3405" value="ⲓ"/>
		<feat xlink:href="#sSpan3407" value="ⲕⲁ"/>
		<feat xlink:href="#sSpan3409" value="ⲧ"/>
		<feat xlink:href="#sSpan3412" value="ⲕⲁϩⲏⲩ"/>
		<feat xlink:href="#sSpan3418" value="ⲛ̅"/>
		<feat xlink:href="#sSpan3422" value="ⲧ"/>
		<feat xlink:href="#sSpan3425" value="ⲁⲗⲟⲃⲏⲧⲉ"/>
		<feat xlink:href="#sSpan3427" value="ⲉⲧ"/>
		<feat xlink:href="#sSpan3431" value="ⲧⲟ"/>
		<feat xlink:href="#sSpan3433" value="ϩⲓⲱⲱ"/>
		<feat xlink:href="#sSpan3437" value="ⲧ"/>
		<feat xlink:href="#sSpan3439" value="ⲁ"/>
		<feat xlink:href="#sSpan3445" value="ⲓ"/>
		<feat xlink:href="#sSpan3447" value="ϯ"/>
		<feat xlink:href="#sSpan3449" value="ⲛ̅"/>
		<feat xlink:href="#sSpan3451" value="ⲧⲉⲥ"/>
		<feat xlink:href="#sSpan3454" value="ⲡⲁϣⲉ"/>
		<feat xlink:href="#sSpan3456" value="·"/>
		<feat xlink:href="#sSpan3460" value="ⲉ"/>
		<feat xlink:href="#sSpan3465" value="ⲧ"/>
		<feat xlink:href="#sSpan3468" value="ⲕⲁⲓⲥⲉ"/>
		<feat xlink:href="#sSpan3470" value="·"/>
		<feat xlink:href="#sSpan3474" value="ⲧ"/>
		<feat xlink:href="#sSpan3479" value="ⲕⲉ"/>
		<feat xlink:href="#sSpan3481" value="ⲡⲁϣⲉ"/>
		<feat xlink:href="#sSpan3484" value="ⲇⲉ"/>
		<feat xlink:href="#sSpan3488" value="ⲁ"/>
		<feat xlink:href="#sSpan3492" value="ⲓ"/>
		<feat xlink:href="#sSpan3494" value="ϭⲟⲗ"/>
		<feat xlink:href="#sSpan3496" value="ⲧ̅"/>
		<feat xlink:href="#sSpan3498" value="ⲙ̅ⲙⲟ"/>
		<feat xlink:href="#sSpan3502" value="ⲥ"/>
		<feat xlink:href="#sSpan3504" value="ϫⲉ"/>
		<feat xlink:href="#sSpan3508" value="ⲛ̅ⲛⲉ"/>
		<feat xlink:href="#sSpan3511" value="ⲓ"/>
		<feat xlink:href="#sSpan3513" value="ϭⲱ"/>
		<feat xlink:href="#sSpan3516" value="ⲉ"/>
		<feat xlink:href="#sSpan3520" value="ⲓ"/>
		<feat xlink:href="#sSpan3523" value="ⲕⲏⲕⲁϩⲏⲩ"/>
		<feat xlink:href="#sSpan3526" value="·"/>
		<feat xlink:href="#sSpan3530" value="Ⲁ"/>
		<feat xlink:href="#sSpan3536" value="ⲓ"/>
		<feat xlink:href="#sSpan3538" value="ϯ"/>
		<feat xlink:href="#sSpan3541" value="ⲇⲉ"/>
		<feat xlink:href="#sSpan3545" value="ⲙ̅"/>
		<feat xlink:href="#sSpan3549" value="ⲡϥ̅"/>
		<feat xlink:href="#sSpan3553" value="ⲥⲱⲙⲁ"/>
		<feat xlink:href="#sSpan3555" value="ⲉ"/>
		<feat xlink:href="#sSpan3559" value="ⲡ"/>
		<feat xlink:href="#sSpan3562" value="ⲉⲥⲏⲧ"/>
		<feat xlink:href="#sSpan3564" value="ⲉ"/>
		<feat xlink:href="#sSpan3568" value="ⲡ"/>
		<feat xlink:href="#sSpan3571" value="ⲟⲩⲱϣ"/>
		<feat xlink:href="#sSpan3573" value="ⲛ̅"/>
		<feat xlink:href="#sSpan3577" value="ⲟⲩ"/>
		<feat xlink:href="#sSpan3580" value="ⲡⲉⲧⲣ"/>
		<feat xlink:href="#sSpan3582" value="ⲁ"/>
		<feat xlink:href="#sSpan3588" value="ⲓ"/>
		<feat xlink:href="#sSpan3590" value="ⲥⲱⲧⲙ̅"/>
		<feat xlink:href="#sSpan3592" value="ⲉ"/>
		<feat xlink:href="#sSpan3596" value="ⲡⲉ"/>
		<feat xlink:href="#sSpan3599" value="ϩⲣⲟⲟⲩ"/>
		<feat xlink:href="#sSpan3601" value="ⲛ̅"/>
		<feat xlink:href="#sSpan3606" value="ⲟⲩ"/>
		<feat xlink:href="#sSpan3609" value="ⲙⲏⲏϣⲉ"/>
		<feat xlink:href="#sSpan3612" value="ⲛ̅"/>
		<feat xlink:href="#sSpan3617" value="ⲁⲅⲅⲉⲗⲟⲥ"/>
		<feat xlink:href="#sSpan3619" value="ⲉ"/>
		<feat xlink:href="#sSpan3623" value="ⲩ"/>
		<feat xlink:href="#sSpan3625" value="ⲣⲁϣⲉ"/>
		<feat xlink:href="#sSpan3627" value="ⲁⲩⲱ"/>
		<feat xlink:href="#sSpan3631" value="ⲉ"/>
		<feat xlink:href="#sSpan3635" value="ⲩ"/>
		<feat xlink:href="#sSpan3637" value="ⲱϣ"/>
		<feat xlink:href="#sSpan3640" value="ⲉⲃⲟⲗ"/>
		<feat xlink:href="#sSpan3644" value="ϫⲉ"/>
		<feat xlink:href="#sSpan3650" value="ⲁⲗⲗⲏⲗⲟⲩⲓⲁ"/>
		<feat xlink:href="#sSpan3652" value="·"/>
		<feat xlink:href="#sSpan3656" value="Ⲁ"/>
		<feat xlink:href="#sSpan3665" value="ⲓ"/>
		<feat xlink:href="#sSpan3667" value="ϯ"/>
		<feat xlink:href="#sSpan3670" value="ⲇⲉ"/>
		<feat xlink:href="#sSpan3674" value="ⲙ̅"/>
		<feat xlink:href="#sSpan3678" value="ⲡⲁ"/>
		<feat xlink:href="#sSpan3681" value="ϣⲗⲏⲗ"/>
		<feat xlink:href="#sSpan3683" value="ⲉϩⲣⲁⲓ"/>
		<feat xlink:href="#sSpan3687" value="ⲉϫⲱ"/>
		<feat xlink:href="#sSpan3691" value="ϥ"/>
		<feat xlink:href="#sSpan3693" value="·"/>
		<feat xlink:href="#sSpan3697" value="ⲁⲩⲱ"/>
		<feat xlink:href="#sSpan3701" value="ⲁ"/>
		<feat xlink:href="#sSpan3705" value="ⲓ"/>
		<feat xlink:href="#sSpan3707" value="ϭⲱⲗ"/>
		<feat xlink:href="#sSpan3709" value="ⲛ̅"/>
		<feat xlink:href="#sSpan3713" value="ⲟⲩ"/>
		<feat xlink:href="#sSpan3717" value="ⲁϣⲏ"/>
		<feat xlink:href="#sSpan3719" value="ⲛ̅"/>
		<feat xlink:href="#sSpan3723" value="ⲱⲛⲉ"/>
		<feat xlink:href="#sSpan3725" value="·"/>
		<feat xlink:href="#sSpan3729" value="ⲉϩⲣⲁⲓ"/>
		<feat xlink:href="#sSpan3733" value="ⲉϫⲱ"/>
		<feat xlink:href="#sSpan3737" value="ϥ"/>
		<feat xlink:href="#sSpan3739" value="ⲁ"/>
		<feat xlink:href="#sSpan3745" value="ⲓ"/>
		<feat xlink:href="#sSpan3747" value="ⲁϩⲉ"/>
		<feat xlink:href="#sSpan3750" value="ⲣⲁⲧ"/>
		<feat xlink:href="#sSpan3752" value="ⲁ"/>
		<feat xlink:href="#sSpan3758" value="ⲓ"/>
		<feat xlink:href="#sSpan3760" value="ϣⲗⲏⲗ"/>
		<feat xlink:href="#sSpan3762" value="·"/>
		<feat xlink:href="#sSpan3766" value="ⲡ"/>
		<feat xlink:href="#sSpan3773" value="ⲙⲉϩⲥⲡ̅ⲥⲛⲁⲩ"/>
		<feat xlink:href="#sSpan3777" value="·"/>
		<feat xlink:href="#sSpan3781" value="ⲁⲩⲱ"/>
		<feat xlink:href="#sSpan3785" value="ⲛ̅"/>
		<feat xlink:href="#sSpan3789" value="ⲧⲉ"/>
		<feat xlink:href="#sSpan3791" value="ⲩⲛⲟⲩ"/>
		<feat xlink:href="#sSpan3793" value="ⲁ"/>
		<feat xlink:href="#sSpan3797" value="ⲧ"/>
		<feat xlink:href="#sSpan3800" value="ⲃⲛ̅ⲛⲉ"/>
		<feat xlink:href="#sSpan3802" value="ϩⲉ"/>
		<feat xlink:href="#sSpan3806" value="·"/>
		<feat xlink:href="#sSpan3810" value="ⲁⲛⲟⲕ"/>
		<feat xlink:href="#sSpan3818" value="ⲇⲉ"/>
		<feat xlink:href="#sSpan3822" value="ⲁ"/>
		<feat xlink:href="#sSpan3826" value="ⲓ"/>
		<feat xlink:href="#sSpan3829" value="ⲣ̅ϣⲡⲏⲣⲉ"/>
		<feat xlink:href="#sSpan3832" value="ⲉⲙⲁⲧⲉ"/>
		<feat xlink:href="#sSpan3836" value="·"/>
		<feat xlink:href="#sSpan3840" value="ⲙ̅"/>
		<feat xlink:href="#sSpan3844" value="ⲡ"/>
		<feat xlink:href="#sSpan3847" value="ⲉⲛⲧ"/>
		<feat xlink:href="#sSpan3849" value="ⲁ"/>
		<feat xlink:href="#sSpan3851" value="ϥ"/>
		<feat xlink:href="#sSpan3853" value="ϣⲱⲡⲉ"/>
		<feat xlink:href="#sSpan3855" value="·"/>
		<feat xlink:href="#sSpan3859" value="ⲁ"/>
		<feat xlink:href="#sSpan3866" value="ⲓ"/>
		<feat xlink:href="#sSpan3868" value="ⲟⲩⲱⲙ"/>
		<feat xlink:href="#sSpan3870" value="ⲙ̅"/>
		<feat xlink:href="#sSpan3874" value="ⲡ"/>
		<feat xlink:href="#sSpan3877" value="ⲉⲛⲧ"/>
		<feat xlink:href="#sSpan3879" value="ⲁ"/>
		<feat xlink:href="#sSpan3881" value="ϥ"/>
		<feat xlink:href="#sSpan3883" value="ⲥⲉⲉⲡⲉ"/>
		<feat xlink:href="#sSpan3885" value="ⲙ̅"/>
		<feat xlink:href="#sSpan3889" value="ⲡ"/>
		<feat xlink:href="#sSpan3892" value="ⲟⲉⲓⲕ"/>
		<feat xlink:href="#sSpan3894" value="·"/>
		<feat xlink:href="#sSpan3898" value="ⲁⲩⲱ"/>
		<feat xlink:href="#sSpan3902" value="ⲁ"/>
		<feat xlink:href="#sSpan3906" value="ⲓ"/>
		<feat xlink:href="#sSpan3908" value="ⲥⲱ"/>
		<feat xlink:href="#sSpan3910" value="ⲙ̅"/>
		<feat xlink:href="#sSpan3915" value="ⲡ"/>
		<feat xlink:href="#sSpan3918" value="ⲙⲟⲟⲩ"/>
		<feat xlink:href="#sSpan3920" value="ⲛ̅ⲧ"/>
		<feat xlink:href="#sSpan3924" value="ⲁ"/>
		<feat xlink:href="#sSpan3926" value="ϥ"/>
		<feat xlink:href="#sSpan3928" value="ⲥⲉⲉⲡⲉ"/>
		<feat xlink:href="#sSpan3930" value="ⲉⲣⲟ"/>
		<feat xlink:href="#sSpan3934" value="ⲛ"/>
		<feat xlink:href="#sSpan3936" value="·"/>
		<feat xlink:href="#sSpan3940" value="ⲛ̅ⲧⲉⲣ"/>
		<feat xlink:href="#sSpan3946" value="ⲉⲓ"/>
		<feat xlink:href="#sSpan3948" value="ⲛⲁⲩ"/>
		<feat xlink:href="#sSpan3951" value="ⲇⲉ"/>
		<feat xlink:href="#sSpan3955" value="ϫⲉ"/>
		<feat xlink:href="#sSpan3959" value="ⲙ̅"/>
		<feat xlink:href="#sSpan3962" value="ⲡ"/>
		<feat xlink:href="#sSpan3965" value="ⲟⲩⲱϣ"/>
		<feat xlink:href="#sSpan3967" value="ⲁⲛ"/>
		<feat xlink:href="#sSpan3971" value="ⲙ̅"/>
		<feat xlink:href="#sSpan3975" value="ⲡ"/>
		<feat xlink:href="#sSpan3978" value="ⲛⲟⲩⲧⲉ"/>
		<feat xlink:href="#sSpan3980" value="ⲡⲉ"/>
		<feat xlink:href="#sSpan3984" value="ⲉ"/>
		<feat xlink:href="#sSpan3988" value="ⲧⲣ"/>
		<feat xlink:href="#sSpan3990" value="ⲁ"/>
		<feat xlink:href="#sSpan3992" value="ϭⲱ"/>
		<feat xlink:href="#sSpan3994" value="ⲙ̅"/>
		<feat xlink:href="#sSpan3998" value="ⲡⲉⲓ"/>
		<feat xlink:href="#sSpan4001" value="ⲙⲁ"/>
		<feat xlink:href="#sSpan4003" value="·"/>
		<feat xlink:href="#sSpan4007" value="ⲁ"/>
		<feat xlink:href="#sSpan4012" value="ⲓ"/>
		<feat xlink:href="#sSpan4014" value="ⲡⲉⲣϣ̅"/>
		<feat xlink:href="#sSpan4016" value="ⲧⲟⲟⲧ"/>
		<feat xlink:href="#sSpan4019" value="ⲉⲃⲟⲗ"/>
		<feat xlink:href="#sSpan4023" value="ⲁ"/>
		<feat xlink:href="#sSpan4029" value="ⲓ"/>
		<feat xlink:href="#sSpan4031" value="ϣⲗⲏⲗ"/>
		<feat xlink:href="#sSpan4033" value="ⲉϩⲣⲁⲓ"/>
		<feat xlink:href="#sSpan4037" value="ⲉ"/>
		<feat xlink:href="#sSpan4041" value="ⲡ"/>
		<feat xlink:href="#sSpan4044" value="ϫ̅ⲥ̅"/>
		<feat xlink:href="#sSpan4046" value="·"/>
		<feat xlink:href="#sSpan4050" value="ⲁⲩⲱ"/>
		<feat xlink:href="#sSpan4054" value="ⲉⲓⲥ"/>
		<feat xlink:href="#sSpan4059" value="ⲡ"/>
		<feat xlink:href="#sSpan4062" value="ⲣⲱⲙⲉ"/>
		<feat xlink:href="#sSpan4064" value="ⲛ̅ⲧ"/>
		<feat xlink:href="#sSpan4068" value="ⲁ"/>
		<feat xlink:href="#sSpan4070" value="ϥ"/>
		<feat xlink:href="#sSpan4072" value="ⲉⲓ"/>
		<feat xlink:href="#sSpan4074" value="ϣⲁⲣⲟ"/>
		<feat xlink:href="#sSpan4078" value="ⲓ"/>
		<feat xlink:href="#sSpan4080" value="ⲛ̅"/>
		<feat xlink:href="#sSpan4084" value="ϣⲟⲣⲡ̅"/>
		<feat xlink:href="#sSpan4086" value="ⲁ"/>
		<feat xlink:href="#sSpan4090" value="ϥ"/>
		<feat xlink:href="#sSpan4093" value="ϯϭⲟⲙ"/>
		<feat xlink:href="#sSpan4096" value="ⲛⲁ"/>
		<feat xlink:href="#sSpan4101" value="ⲓ"/>
		<feat xlink:href="#sSpan4103" value="·"/>
		<feat xlink:href="#sSpan4107" value="ⲁ"/>
		<feat xlink:href="#sSpan4111" value="ϥ"/>
		<feat xlink:href="#sSpan4113" value="ⲉⲓ"/>
		<feat xlink:href="#sSpan4115" value="ⲟⲛ"/>
		<feat xlink:href="#sSpan4119" value="ϣⲁⲣⲟ"/>
		<feat xlink:href="#sSpan4123" value="ⲓ"/>
		<feat xlink:href="#sSpan4125" value="ⲛ̅"/>
		<feat xlink:href="#sSpan4129" value="ⲑ"/>
		<feat xlink:href="#sSpan4131" value="ⲉ"/>
		<feat xlink:href="#sSpan4133" value="ⲛ̅"/>
		<feat xlink:href="#sSpan4137" value="ⲧⲉ"/>
		<feat xlink:href="#sSpan4140" value="ϩⲟⲩⲉⲓⲧⲉ"/>
		<feat xlink:href="#sSpan4142" value="·"/>
		<feat xlink:href="#sSpan4146" value="Ⲡⲉϫⲁ"/>
		<feat xlink:href="#sSpan4152" value="ϥ"/>
		<feat xlink:href="#sSpan4154" value="ⲛⲁ"/>
		<feat xlink:href="#sSpan4159" value="ⲓ"/>
		<feat xlink:href="#sSpan4161" value="·"/>
		<feat xlink:href="#sSpan4165" value="ϫⲉ"/>
		<feat xlink:href="#sSpan4169" value="ⲡⲁ"/>
		<feat xlink:href="#sSpan4172" value="ⲡ"/>
		<feat xlink:href="#sSpan4175" value="ⲛⲟⲩⲧⲉ"/>
		<feat xlink:href="#sSpan4177" value="ⲁ"/>
		<feat xlink:href="#sSpan4181" value="ⲡⲉⲛ"/>
		<feat xlink:href="#sSpan4184" value="ϫⲥ̅"/>
		<feat xlink:href="#sSpan4186" value="ⲧⲁⲙⲟ"/>
		<feat xlink:href="#sSpan4190" value="ⲛ"/>
		<feat xlink:href="#sSpan4192" value="ⲙ̅"/>
		<feat xlink:href="#sSpan4196" value="ⲡ"/>
		<feat xlink:href="#sSpan4199" value="ⲟⲟⲩ"/>
		<feat xlink:href="#sSpan4201" value="ϫⲉ"/>
		<feat xlink:href="#sSpan4205" value="ⲕ"/>
		<feat xlink:href="#sSpan4208" value="ⲛⲏⲩ"/>
		<feat xlink:href="#sSpan4210" value="ϣⲁⲣⲟ"/>
		<feat xlink:href="#sSpan4214" value="ⲛ"/>
		<feat xlink:href="#sSpan4216" value="ⲉ"/>
		<feat xlink:href="#sSpan4220" value="ⲡⲉⲓ"/>
		<feat xlink:href="#sSpan4223" value="ⲙⲁ"/>
		<feat xlink:href="#sSpan4225" value="·"/>
		<feat xlink:href="#sSpan4229" value="ⲉⲓⲥ"/>
		<feat xlink:href="#sSpan4235" value="ⲥⲉ"/>
		<feat xlink:href="#sSpan4238" value="ⲛ̅"/>
		<feat xlink:href="#sSpan4242" value="ⲣⲟⲙⲡⲉ"/>
		<feat xlink:href="#sSpan4244" value="ⲙ̅ⲡⲉ"/>
		<feat xlink:href="#sSpan4248" value="ⲛ"/>
		<feat xlink:href="#sSpan4250" value="ⲛⲁⲩ"/>
		<feat xlink:href="#sSpan4253" value="ⲉ"/>
		<feat xlink:href="#sSpan4257" value="ⲣⲱⲙⲉ"/>
		<feat xlink:href="#sSpan4261" value="ⲉⲓⲙⲏⲧⲉⲓ"/>
		<feat xlink:href="#sSpan4265" value="ⲛ̅ⲧⲟⲕ"/>
		<feat xlink:href="#sSpan4269" value="ⲙⲁⲩⲁⲁ"/>
		<feat xlink:href="#sSpan4273" value="ⲕ"/>
		<feat xlink:href="#sSpan4275" value="·"/>
		<feat xlink:href="#sSpan4279" value="ⲛ̅ⲧⲉⲣ"/>
		<feat xlink:href="#sSpan4285" value="ⲛ̅"/>
		<feat xlink:href="#sSpan4287" value="ⲱ̅ⲥⲕ̅"/>
		<feat xlink:href="#sSpan4290" value="ⲇⲉ"/>
		<feat xlink:href="#sSpan4295" value="ⲛ"/>
		<feat xlink:href="#sSpan4299" value="ϣⲁϫⲉ"/>
		<feat xlink:href="#sSpan4301" value="ⲙⲛ̅"/>
		<feat xlink:href="#sSpan4305" value="ⲛⲉⲛ"/>
		<feat xlink:href="#sSpan4307" value="ⲉⲣⲏⲩ"/>
		<feat xlink:href="#sSpan4309" value="·"/>
		<feat xlink:href="#sSpan4314" value="Ⲗⲟⲓⲡⲟⲛ"/>
		<feat xlink:href="#sSpan4322" value="ⲡⲉϫⲁ"/>
		<feat xlink:href="#sSpan4326" value="ⲛ"/>
		<feat xlink:href="#sSpan4328" value="ⲛⲁ"/>
		<feat xlink:href="#sSpan4332" value="ϥ"/>
		<feat xlink:href="#sSpan4334" value="ϫⲉ"/>
		<feat xlink:href="#sSpan4339" value="ⲱ"/>
		<feat xlink:href="#sSpan4341" value="ⲡⲉⲛ"/>
		<feat xlink:href="#sSpan4346" value="ⲥⲟⲛ"/>
		<feat xlink:href="#sSpan4348" value="·"/>
		<feat xlink:href="#sSpan4352" value="ⲥⲙⲛ̅"/>
		<feat xlink:href="#sSpan4356" value="ⲡⲉⲕ"/>
		<feat xlink:href="#sSpan4359" value="ϩⲏⲧ"/>
		<feat xlink:href="#sSpan4361" value="ⲛ̅"/>
		<feat xlink:href="#sSpan4365" value="ⲟⲩ"/>
		<feat xlink:href="#sSpan4368" value="ⲕⲟⲩⲓ"/>
		<feat xlink:href="#sSpan4370" value="ⲛ̅"/>
		<feat xlink:href="#sSpan4374" value="ⲟⲉⲓⲕ"/>
		<feat xlink:href="#sSpan4377" value="ϫⲉ"/>
		<feat xlink:href="#sSpan4381" value="ⲛ̅ⲧ"/>
		<feat xlink:href="#sSpan4383" value="ⲁ"/>
		<feat xlink:href="#sSpan4385" value="ⲕ"/>
		<feat xlink:href="#sSpan4387" value="ⲉⲓ̅"/>
		<feat xlink:href="#sSpan4389" value="ϩⲛ̅"/>
		<feat xlink:href="#sSpan4393" value="ⲟⲩ"/>
		<feat xlink:href="#sSpan4396" value="ϩⲓⲏ"/>
		<feat xlink:href="#sSpan4398" value="ⲉ"/>
		<feat xlink:href="#sSpan4402" value="ⲥ"/>
		<feat xlink:href="#sSpan4404" value="ⲟⲩⲏⲏⲩ"/>
		<feat xlink:href="#sSpan4406" value="·"/>
		<feat xlink:href="#sSpan4410" value="ⲁ"/>
		<feat xlink:href="#sSpan4417" value="ⲡ"/>
		<feat xlink:href="#sSpan4420" value="ϫⲥ̅"/>
		<feat xlink:href="#sSpan4423" value="ⲇⲉ"/>
		<feat xlink:href="#sSpan4427" value="ⲧⲟϣ"/>
		<feat xlink:href="#sSpan4431" value="ⲛ̅"/>
		<feat xlink:href="#sSpan4433" value="ⲉ"/>
		<feat xlink:href="#sSpan4437" value="ⲧⲣ"/>
		<feat xlink:href="#sSpan4439" value="ⲛ̅"/>
		<feat xlink:href="#sSpan4441" value="ϭⲱ"/>
		<feat xlink:href="#sSpan4443" value="ⲙⲛ̅"/>
		<feat xlink:href="#sSpan4447" value="ⲛⲉⲛ"/>
		<feat xlink:href="#sSpan4449" value="ⲉⲣⲏⲩ"/>
		<feat xlink:href="#sSpan4452" value="·"/>
		<feat xlink:href="#sSpan4456" value="ⲛ̅"/>
		<feat xlink:href="#sSpan4460" value="ⲟⲩ"/>
		<feat xlink:href="#sSpan4464" value="ϩⲟⲟⲩ"/>
		<feat xlink:href="#sSpan4466" value="·"/>
		<feat xlink:href="#sSpan4470" value="ⲧⲛ̅"/>
		<feat xlink:href="#sSpan4476" value="ⲣⲁϣⲉ"/>
		<feat xlink:href="#sSpan4479" value="ⲇⲉ"/>
		<feat xlink:href="#sSpan4483" value="ⲛⲙ̅ⲙⲁ"/>
		<feat xlink:href="#sSpan4487" value="ⲕ"/>
		<feat xlink:href="#sSpan4489" value="·"/>
		<feat xlink:href="#sSpan4494" value="ⲱ̅"/>
		<feat xlink:href="#sSpan4498" value="ⲡⲉⲛ"/>
		<feat xlink:href="#sSpan4503" value="ⲥⲟⲛ"/>
		<feat xlink:href="#sSpan4505" value="ⲙ̅"/>
		<feat xlink:href="#sSpan4509" value="ⲙⲉⲣⲓⲧ"/>
		<feat xlink:href="#sSpan4512" value="·"/>
		<feat xlink:href="#sSpan4516" value="Ⲛ̅"/>
		<feat xlink:href="#sSpan4524" value="ϩⲟⲥⲟⲛ"/>
		<feat xlink:href="#sSpan4527" value="ⲇⲉ"/>
		<feat xlink:href="#sSpan4531" value="ⲛ̅"/>
		<feat xlink:href="#sSpan4535" value="ϣⲁϫⲉ"/>
		<feat xlink:href="#sSpan4537" value="ⲙⲛ̅"/>
		<feat xlink:href="#sSpan4541" value="ⲛⲉⲛ"/>
		<feat xlink:href="#sSpan4543" value="ⲉⲣⲏⲩ"/>
		<feat xlink:href="#sSpan4545" value="·"/>
		<feat xlink:href="#sSpan4549" value="ⲉⲓⲥ"/>
		<feat xlink:href="#sSpan4554" value="ϩⲏⲏⲧⲉ"/>
		<feat xlink:href="#sSpan4557" value="·"/>
		<feat xlink:href="#sSpan4561" value="ⲁ"/>
		<feat xlink:href="#sSpan4565" value="ⲩ"/>
		<feat xlink:href="#sSpan4567" value="ⲉⲓⲛⲉ"/>
		<feat xlink:href="#sSpan4570" value="ⲉϩⲟⲩⲛ"/>
		<feat xlink:href="#sSpan4574" value="ⲛ̅"/>
		<feat xlink:href="#sSpan4578" value="ϯⲟⲩ"/>
		<feat xlink:href="#sSpan4581" value="ⲛ̅"/>
		<feat xlink:href="#sSpan4585" value="ⲟⲉⲓⲕ"/>
		<feat xlink:href="#sSpan4587" value="·"/>
		<feat xlink:href="#sSpan4591" value="ⲉ"/>
		<feat xlink:href="#sSpan4595" value="ⲩ"/>
		<feat xlink:href="#sSpan4597" value="ϩⲏⲙ"/>
		<feat xlink:href="#sSpan4599" value="ⲁⲩⲱ"/>
		<feat xlink:href="#sSpan4604" value="ⲉ"/>
		<feat xlink:href="#sSpan4608" value="ⲩ"/>
		<feat xlink:href="#sSpan4610" value="ⲣⲟⲟⲩⲧ"/>
		<feat xlink:href="#sSpan4613" value="ϩⲱⲥ"/>
		<feat xlink:href="#sSpan4617" value="ϫⲉ"/>
		<feat xlink:href="#sSpan4621" value="ⲛ̅ⲧ"/>
		<feat xlink:href="#sSpan4623" value="ⲁ"/>
		<feat xlink:href="#sSpan4625" value="ⲩ"/>
		<feat xlink:href="#sSpan4627" value="ϣⲁⲧ"/>
		<feat xlink:href="#sSpan4629" value="ⲟⲩ"/>
		<feat xlink:href="#sSpan4631" value="ϩⲛ̅"/>
		<feat xlink:href="#sSpan4635" value="ⲧⲉ"/>
		<feat xlink:href="#sSpan4638" value="ⲧⲣⲓⲣ"/>
		<feat xlink:href="#sSpan4640" value="·"/>
		<feat xlink:href="#sSpan4644" value="ⲛ̅"/>
		<feat xlink:href="#sSpan4651" value="ⲧⲉ"/>
		<feat xlink:href="#sSpan4653" value="ⲩⲛⲟⲩ"/>
		<feat xlink:href="#sSpan4655" value="ⲁ"/>
		<feat xlink:href="#sSpan4659" value="ⲩ"/>
		<feat xlink:href="#sSpan4661" value="ⲉⲓⲛⲉ"/>
		<feat xlink:href="#sSpan4664" value="ⲇⲉ"/>
		<feat xlink:href="#sSpan4668" value="ⲟⲛ"/>
		<feat xlink:href="#sSpan4672" value="ⲛ̅"/>
		<feat xlink:href="#sSpan4676" value="ⲟⲩ"/>
		<feat xlink:href="#sSpan4679" value="ⲛ̅ⲕⲁ"/>
		<feat xlink:href="#sSpan4681" value="ⲉ"/>
		<feat xlink:href="#sSpan4685" value="ϣⲁ"/>
		<feat xlink:href="#sSpan4687" value="ⲩ"/>
		<feat xlink:href="#sSpan4689" value="ⲟⲩⲟⲙ"/>
		<feat xlink:href="#sSpan4691" value="ϥ̅"/>
		<feat xlink:href="#sSpan4693" value="ⲁ"/>
		<feat xlink:href="#sSpan4700" value="ⲛ"/>
		<feat xlink:href="#sSpan4702" value="ϩⲙⲟⲟⲥ"/>
		<feat xlink:href="#sSpan4705" value="ⲇⲉ"/>
		<feat xlink:href="#sSpan4709" value="ⲁ"/>
		<feat xlink:href="#sSpan4713" value="ⲛ"/>
		<feat xlink:href="#sSpan4715" value="ⲟⲩⲱⲙ"/>
		<feat xlink:href="#sSpan4717" value="ⲙⲛ̅"/>
		<feat xlink:href="#sSpan4721" value="ⲛⲉⲛ"/>
		<feat xlink:href="#sSpan4723" value="ⲉⲣⲏⲩ"/>
		<feat xlink:href="#sSpan4725" value="·"/>
		<feat xlink:href="#sSpan4729" value="ⲁⲩⲱ"/>
		<feat xlink:href="#sSpan4735" value="ⲡⲉϫⲁ"/>
		<feat xlink:href="#sSpan4739" value="ϥ"/>
		<feat xlink:href="#sSpan4741" value="ⲛⲁ"/>
		<feat xlink:href="#sSpan4746" value="ⲓ"/>
		<feat xlink:href="#sSpan4748" value="ϫⲉ"/>
		<feat xlink:href="#sSpan4752" value="ⲉⲓⲥ"/>
		<feat xlink:href="#sSpan4754" value="ⲧ"/>
		<feat xlink:href="#sSpan4760" value="ⲙⲉϩⲥⲟ"/>
		<feat xlink:href="#sSpan4763" value="ⲛ̅"/>
		<feat xlink:href="#sSpan4767" value="ⲣⲟⲙⲡⲉ"/>
		<feat xlink:href="#sSpan4769" value="ϫⲓⲛ"/>
		<feat xlink:href="#sSpan4773" value="ⲛ̅ⲧ"/>
		<feat xlink:href="#sSpan4775" value="ⲁ"/>
		<feat xlink:href="#sSpan4777" value="ⲛ"/>
		<feat xlink:href="#sSpan4779" value="ⲉⲓ"/>
		<feat xlink:href="#sSpan4782" value="ⲉ"/>
		<feat xlink:href="#sSpan4786" value="ⲡⲉⲓ"/>
		<feat xlink:href="#sSpan4789" value="ⲙⲁ"/>
		<feat xlink:href="#sSpan4792" value="ϥⲧⲟⲟⲩ"/>
		<feat xlink:href="#sSpan4799" value="ⲛ̅"/>
		<feat xlink:href="#sSpan4803" value="ⲟⲉⲓⲕ"/>
		<feat xlink:href="#sSpan4805" value="ⲛ"/>
		<feat xlink:href="#sSpan4809" value="ⲉⲧ"/>
		<feat xlink:href="#sSpan4811" value="ⲧⲏϣ"/>
		<feat xlink:href="#sSpan4813" value="ⲛⲁ"/>
		<feat xlink:href="#sSpan4817" value="ⲛ"/>
		<feat xlink:href="#sSpan4819" value="ⲙ̅"/>
		<feat xlink:href="#sSpan4823" value="ⲙⲏⲏⲛⲉ"/>
		<feat xlink:href="#sSpan4826" value="·"/>
		<feat xlink:href="#sSpan4830" value="ⲉ"/>
		<feat xlink:href="#sSpan4835" value="ⲩ"/>
		<feat xlink:href="#sSpan4837" value="ⲉⲓⲛⲉ"/>
		<feat xlink:href="#sSpan4840" value="ⲙ̅ⲙⲟ"/>
		<feat xlink:href="#sSpan4844" value="ⲟⲩ"/>
		<feat xlink:href="#sSpan4846" value="ⲛⲁ"/>
		<feat xlink:href="#sSpan4850" value="ⲛ"/>
		<feat xlink:href="#sSpan4852" value="ⲉⲃⲟⲗ"/>
		<feat xlink:href="#sSpan4856" value="ϩⲓⲧⲙ̅"/>
		<feat xlink:href="#sSpan4860" value="ⲡ"/>
		<feat xlink:href="#sSpan4863" value="ⲛⲟⲩⲧⲉ"/>
		<feat xlink:href="#sSpan4865" value="·"/>
		<feat xlink:href="#sSpan4869" value="ⲛ̅ⲧⲉⲣ"/>
		<feat xlink:href="#sSpan4875" value="ⲕ̅"/>
		<feat xlink:href="#sSpan4878" value="ⲉⲓ̅"/>
		<feat xlink:href="#sSpan4881" value="ⲇⲉ"/>
		<feat xlink:href="#sSpan4885" value="ϣⲁⲣⲟ"/>
		<feat xlink:href="#sSpan4889" value="ⲛ"/>
		<feat xlink:href="#sSpan4891" value="ⲙ̅"/>
		<feat xlink:href="#sSpan4895" value="ⲡ"/>
		<feat xlink:href="#sSpan4898" value="ⲟⲟⲩ"/>
		<feat xlink:href="#sSpan4900" value="ⲉⲓⲥ"/>
		<feat xlink:href="#sSpan4904" value="ⲧⲕ̅ⲧⲟ"/>
		<feat xlink:href="#sSpan4907" value="ⲁ"/>
		<feat xlink:href="#sSpan4911" value="ⲩ"/>
		<feat xlink:href="#sSpan4913" value="ⲛ̅ⲧ"/>
		<feat xlink:href="#sSpan4915" value="ⲥ̅"/>
		<feat xlink:href="#sSpan4917" value="ⲛⲁ"/>
		<feat xlink:href="#sSpan4921" value="ⲕ"/>
		<feat xlink:href="#sSpan4923" value="·"/>
		<feat xlink:href="#sSpan4927" value="ⲁⲩⲱ"/>
		<feat xlink:href="#sSpan4933" value="ⲉ"/>
		<feat xlink:href="#sSpan4938" value="ⲙⲛ̅"/>
		<feat xlink:href="#sSpan4940" value="ⲉⲓⲙⲉ"/>
		<feat xlink:href="#sSpan4942" value="ⲉⲛⲉϩ"/>
		<feat xlink:href="#sSpan4946" value="ϫⲉ"/>
		<feat xlink:href="#sSpan4950" value="ⲛ̅ⲧ"/>
		<feat xlink:href="#sSpan4952" value="ⲁ"/>
		<feat xlink:href="#sSpan4954" value="ⲩ"/>
		<feat xlink:href="#sSpan4956" value="ⲉⲓ"/>
		<feat xlink:href="#sSpan4958" value="ⲧⲱⲛ"/>
		<feat xlink:href="#sSpan4963" value="ⲁⲗⲗⲁ"/>
		<feat xlink:href="#sSpan4967" value="ⲛ̅"/>
		<feat xlink:href="#sSpan4971" value="ⲛⲏⲩ"/>
		<feat xlink:href="#sSpan4974" value="ⲉϩⲟⲩⲛ"/>
		<feat xlink:href="#sSpan4979" value="ⲛ̅"/>
		<feat xlink:href="#sSpan4983" value="ϩⲉ"/>
		<feat xlink:href="#sSpan4985" value="ⲉⲣⲟ"/>
		<feat xlink:href="#sSpan4989" value="ⲟⲩ"/>
		<feat xlink:href="#sSpan4991" value="ⲉ"/>
		<feat xlink:href="#sSpan4995" value="ⲩ"/>
		<feat xlink:href="#sSpan4997" value="ⲕⲏ"/>
		<feat xlink:href="#sSpan4999" value="ⲉϩⲣⲁⲓ"/>
		<feat xlink:href="#sSpan5003" value="·"/>
		<feat xlink:href="#sSpan5007" value="ⲛ̅ⲧⲉⲣ"/>
		<feat xlink:href="#sSpan5013" value="ⲛ̅"/>
		<feat xlink:href="#sSpan5015" value="ⲟⲩⲱ"/>
		<feat xlink:href="#sSpan5018" value="ⲇⲉ"/>
		<feat xlink:href="#sSpan5022" value="ⲛ̅"/>
		<feat xlink:href="#sSpan5027" value="ⲟⲩⲱⲙ"/>
		<feat xlink:href="#sSpan5029" value="ⲙⲛ̅"/>
		<feat xlink:href="#sSpan5033" value="ⲛⲉⲛ"/>
		<feat xlink:href="#sSpan5035" value="ⲉⲣⲏⲩ"/>
		<feat xlink:href="#sSpan5037" value="ⲁ"/>
		<feat xlink:href="#sSpan5041" value="ⲛ"/>
		<feat xlink:href="#sSpan5043" value="ⲣ̅"/>
		<feat xlink:href="#sSpan5045" value="ⲧⲉ"/>
		<feat xlink:href="#sSpan5048" value="ⲩϣⲏ"/>
		<feat xlink:href="#sSpan5050" value="ⲧⲏⲣ"/>
		<feat xlink:href="#sSpan5054" value="ⲥ̅"/>
		<feat xlink:href="#sSpan5056" value="ⲛ̅"/>
		<feat xlink:href="#sSpan5060" value="ϣⲗⲏⲗ"/>
		<feat xlink:href="#sSpan5063" value="ϣⲁ"/>
		<feat xlink:href="#sSpan5068" value="ϩⲧⲟⲟⲩⲉ"/>
		<feat xlink:href="#sSpan5071" value="·"/>
		<feat xlink:href="#sSpan5075" value="ϩⲧⲟⲟⲩⲉ"/>
		<feat xlink:href="#sSpan5083" value="ⲇⲉ"/>
		<feat xlink:href="#sSpan5087" value="ⲛ̅ⲧⲉⲣⲉ"/>
		<feat xlink:href="#sSpan5091" value="ϥ"/>
		<feat xlink:href="#sSpan5093" value="ϣⲱⲡⲉ"/>
		<feat xlink:href="#sSpan5095" value="·"/>
		<feat xlink:href="#sSpan5099" value="ⲁ"/>
		<feat xlink:href="#sSpan5103" value="ⲓ"/>
		<feat xlink:href="#sSpan5106" value="ⲡⲁⲣⲁⲕⲁⲗⲉⲓ"/>
		<feat xlink:href="#sSpan5109" value="ⲙ̅ⲙⲟ"/>
		<feat xlink:href="#sSpan5114" value="ⲟⲩ"/>
		<feat xlink:href="#sSpan5116" value="ⲉ"/>
		<feat xlink:href="#sSpan5120" value="ⲧⲣⲉ"/>
		<feat xlink:href="#sSpan5122" value="ⲩ"/>
		<feat xlink:href="#sSpan5124" value="ⲕⲁⲁ"/>
		<feat xlink:href="#sSpan5126" value="ⲧ"/>
		<feat xlink:href="#sSpan5128" value="ϩⲁϩⲧⲏ"/>
		<feat xlink:href="#sSpan5132" value="ⲩ"/>
		<feat xlink:href="#sSpan5134" value="ϣⲁ"/>
		<feat xlink:href="#sSpan5138" value="ⲡⲉ"/>
		<feat xlink:href="#sSpan5141" value="ϩⲟⲟⲩ"/>
		<feat xlink:href="#sSpan5143" value="ⲙ̅"/>
		<feat xlink:href="#sSpan5148" value="ⲡⲁ"/>
		<feat xlink:href="#sSpan5151" value="ⲙⲟⲩ"/>
		<feat xlink:href="#sSpan5153" value="·"/>
		<feat xlink:href="#sSpan5157" value="Ⲡⲉϫⲁ"/>
		<feat xlink:href="#sSpan5165" value="ⲩ"/>
		<feat xlink:href="#sSpan5167" value="ⲛⲁ"/>
		<feat xlink:href="#sSpan5171" value="ⲓ"/>
		<feat xlink:href="#sSpan5173" value="ϫⲉ"/>
		<feat xlink:href="#sSpan5178" value="ⲱ̅"/>
		<feat xlink:href="#sSpan5180" value="ⲡⲉⲛ"/>
		<feat xlink:href="#sSpan5185" value="ⲥⲟⲛ"/>
		<feat xlink:href="#sSpan5187" value="ⲙ̅"/>
		<feat xlink:href="#sSpan5191" value="ⲡ"/>
		<feat xlink:href="#sSpan5194" value="ϩⲱⲃ"/>
		<feat xlink:href="#sSpan5196" value="·"/>
		<feat xlink:href="#sSpan5200" value="ⲧⲏϣ"/>
		<feat xlink:href="#sSpan5204" value="ⲛⲁ"/>
		<feat xlink:href="#sSpan5208" value="ⲕ"/>
		<feat xlink:href="#sSpan5210" value="ⲁⲛ"/>
		<feat xlink:href="#sSpan5214" value="ⲉⲃⲟⲗ"/>
		<feat xlink:href="#sSpan5220" value="ⲉ"/>
		<feat xlink:href="#sSpan5224" value="ⲧⲣⲉ"/>
		<feat xlink:href="#sSpan5226" value="ⲕ"/>
		<feat xlink:href="#sSpan5228" value="ϭⲱ"/>
		<feat xlink:href="#sSpan5230" value="ⲙ̅"/>
		<feat xlink:href="#sSpan5234" value="ⲡⲉⲓ"/>
		<feat xlink:href="#sSpan5237" value="ⲙⲁ"/>
		<feat xlink:href="#sSpan5239" value="·"/>
		<feat xlink:href="#sSpan5244" value="ⲁⲗⲗⲁ"/>
		<feat xlink:href="#sSpan5250" value="ⲧⲱⲟⲩⲛ"/>
		<feat xlink:href="#sSpan5254" value="ⲛ"/>
		<feat xlink:href="#sSpan5258" value="ⲅ̅"/>
		<feat xlink:href="#sSpan5260" value="ⲃⲱⲕ"/>
		<feat xlink:href="#sSpan5263" value="ⲉ"/>
		<feat xlink:href="#sSpan5268" value="ⲕⲏⲙⲉ"/>
		<feat xlink:href="#sSpan5271" value="·"/>
		<feat xlink:href="#sSpan5275" value="ⲛ"/>
		<feat xlink:href="#sSpan5279" value="ⲅ̅"/>
		<feat xlink:href="#sSpan5281" value="ϫⲱ"/>
		<feat xlink:href="#sSpan5283" value="ⲛ̅"/>
		<feat xlink:href="#sSpan5287" value="ⲛ"/>
		<feat xlink:href="#sSpan5290" value="ⲉⲛⲧ"/>
		<feat xlink:href="#sSpan5292" value="ⲁ"/>
		<feat xlink:href="#sSpan5294" value="ⲕ"/>
		<feat xlink:href="#sSpan5296" value="ⲛⲁⲩ"/>
		<feat xlink:href="#sSpan5298" value="ⲉⲣⲟ"/>
		<feat xlink:href="#sSpan5302" value="ⲟⲩ"/>
		<feat xlink:href="#sSpan5304" value="·"/>
		<feat xlink:href="#sSpan5308" value="ⲉ"/>
		<feat xlink:href="#sSpan5312" value="ⲛⲉ"/>
		<feat xlink:href="#sSpan5315" value="ⲥⲛⲏⲩ"/>
		<feat xlink:href="#sSpan5317" value="ⲉ"/>
		<feat xlink:href="#sSpan5322" value="ⲩ"/>
		<feat xlink:href="#sSpan5326" value="ⲣ̅ⲡⲙⲉⲉⲩⲉ"/>
		<feat xlink:href="#sSpan5330" value="ⲛⲁ"/>
		<feat xlink:href="#sSpan5334" value="ⲩ"/>
		<feat xlink:href="#sSpan5336" value="·"/>
		<feat xlink:href="#sSpan5340" value="ⲁⲩⲱ"/>
		<feat xlink:href="#sSpan5344" value="ⲉ"/>
		<feat xlink:href="#sSpan5348" value="ⲩ"/>
		<feat xlink:href="#sSpan5351" value="ϩⲏⲩ"/>
		<feat xlink:href="#sSpan5353" value="ⲛ̅"/>
		<feat xlink:href="#sSpan5357" value="ⲛ"/>
		<feat xlink:href="#sSpan5360" value="ⲉⲧ"/>
		<feat xlink:href="#sSpan5362" value="ⲥⲱⲧⲙ̅"/>
		<feat xlink:href="#sSpan5364" value="·"/>
		<feat xlink:href="#sSpan5368" value="ⲁⲛⲟⲕ"/>
		<feat xlink:href="#sSpan5375" value="ⲇⲉ"/>
		<feat xlink:href="#sSpan5380" value="ⲁ"/>
		<feat xlink:href="#sSpan5384" value="ⲓ"/>
		<feat xlink:href="#sSpan5387" value="ⲡⲁⲣⲁⲕⲁⲗⲉⲓ"/>
		<feat xlink:href="#sSpan5389" value="ⲙ̅ⲙⲟ"/>
		<feat xlink:href="#sSpan5393" value="ⲟⲩ"/>
		<feat xlink:href="#sSpan5395" value="ⲉ"/>
		<feat xlink:href="#sSpan5399" value="ⲧⲣⲉ"/>
		<feat xlink:href="#sSpan5401" value="ⲩ"/>
		<feat xlink:href="#sSpan5403" value="ϫⲱ"/>
		<feat xlink:href="#sSpan5405" value="ⲉⲣⲟ"/>
		<feat xlink:href="#sSpan5409" value="ⲓ"/>
		<feat xlink:href="#sSpan5411" value="ⲛ̅"/>
		<feat xlink:href="#sSpan5415" value="ⲛⲉⲩ"/>
		<feat xlink:href="#sSpan5418" value="ⲣⲁⲛ"/>
		<feat xlink:href="#sSpan5421" value="ⲛ̅ⲧⲟⲟⲩ"/>
		<feat xlink:href="#sSpan5426" value="ⲇⲉ"/>
		<feat xlink:href="#sSpan5430" value="ⲙ̅ⲡ"/>
		<feat xlink:href="#sSpan5434" value="ⲟⲩ"/>
		<feat xlink:href="#sSpan5437" value="ⲡⲉⲓⲑⲉ"/>
		<feat xlink:href="#sSpan5439" value="ⲛ̅"/>
		<feat xlink:href="#sSpan5443" value="ϫⲟⲟ"/>
		<feat xlink:href="#sSpan5445" value="ⲩ"/>
		<feat xlink:href="#sSpan5447" value="ⲉⲣⲟ"/>
		<feat xlink:href="#sSpan5451" value="ⲟⲩ"/>
		<feat xlink:href="#sSpan5453" value="·"/>
		<feat xlink:href="#sSpan5457" value="ⲁ"/>
		<feat xlink:href="#sSpan5464" value="ⲓ"/>
		<feat xlink:href="#sSpan5467" value="ⲁⲛⲁⲅⲕⲁⲍⲉ"/>
		<feat xlink:href="#sSpan5469" value="ⲙ̅ⲙⲟ"/>
		<feat xlink:href="#sSpan5473" value="ⲟⲩ"/>
		<feat xlink:href="#sSpan5475" value="ⲁⲩⲱ"/>
		<feat xlink:href="#sSpan5479" value="ⲟⲛ"/>
		<feat xlink:href="#sSpan5483" value="ⲙ̅ⲡ"/>
		<feat xlink:href="#sSpan5487" value="ⲟⲩ"/>
		<feat xlink:href="#sSpan5489" value="ϫⲱ"/>
		<feat xlink:href="#sSpan5491" value="ⲉⲣⲟ"/>
		<feat xlink:href="#sSpan5495" value="ⲓ"/>
		<feat xlink:href="#sSpan5497" value="ⲛ̅"/>
		<feat xlink:href="#sSpan5501" value="ⲛⲉⲩ"/>
		<feat xlink:href="#sSpan5505" value="ⲣⲁⲛ"/>
		<feat xlink:href="#sSpan5507" value="·"/>
		<feat xlink:href="#sSpan5511" value="ⲁ"/>
		<feat xlink:href="#sSpan5517" value="ⲩ"/>
		<feat xlink:href="#sSpan5519" value="ⲟⲩⲱϣⲃ̅"/>
		<feat xlink:href="#sSpan5521" value="ⲡⲉϫⲁ"/>
		<feat xlink:href="#sSpan5525" value="ⲩ"/>
		<feat xlink:href="#sSpan5527" value="ϫⲉ"/>
		<feat xlink:href="#sSpan5531" value="ⲡⲉ"/>
		<feat xlink:href="#sSpan5534" value="ⲛⲧ"/>
		<feat xlink:href="#sSpan5536" value="ⲁ"/>
		<feat xlink:href="#sSpan5538" value="ϥ"/>
		<feat xlink:href="#sSpan5541" value="ϯⲣⲁⲛ"/>
		<feat xlink:href="#sSpan5544" value="ⲉ"/>
		<feat xlink:href="#sSpan5548" value="ⲗⲁⲁⲩ"/>
		<feat xlink:href="#sSpan5552" value="ⲛⲓⲙ"/>
		<feat xlink:href="#sSpan5556" value="·"/>
		<feat xlink:href="#sSpan5560" value="ⲁⲩⲱ"/>
		<feat xlink:href="#sSpan5564" value="ⲉⲧ"/>
		<feat xlink:href="#sSpan5568" value="ⲥⲟⲟⲩⲛ"/>
		<feat xlink:href="#sSpan5570" value="ⲛ̅"/>
		<feat xlink:href="#sSpan5574" value="ϩⲱⲃ"/>
		<feat xlink:href="#sSpan5578" value="ⲛⲓⲙ"/>
		<feat xlink:href="#sSpan5582" value="ⲛ̅ⲧⲟϥ"/>
		<feat xlink:href="#sSpan5586" value="ⲉⲧ"/>
		<feat xlink:href="#sSpan5590" value="ⲥⲟⲟⲩⲛ"/>
		<feat xlink:href="#sSpan5593" value="ⲛ̅"/>
		<feat xlink:href="#sSpan5597" value="ⲛⲉⲛ"/>
		<feat xlink:href="#sSpan5600" value="ⲣⲁⲛ"/>
		<feat xlink:href="#sSpan5602" value="·"/>
		<feat xlink:href="#sSpan5606" value="ⲧⲉⲛⲟⲩ"/>
		<feat xlink:href="#sSpan5612" value="ϭⲉ"/>
		<feat xlink:href="#sSpan5616" value="ⲡⲉⲛ"/>
		<feat xlink:href="#sSpan5621" value="ⲥⲟⲛ"/>
		<feat xlink:href="#sSpan5623" value="ⲁⲣⲓ"/>
		<feat xlink:href="#sSpan5627" value="ⲡⲉⲛ"/>
		<feat xlink:href="#sSpan5629" value="ⲙⲉⲉⲩⲉ"/>
		<feat xlink:href="#sSpan5632" value="ϣⲁⲛⲧ"/>
		<feat xlink:href="#sSpan5636" value="ⲛ̅"/>
		<feat xlink:href="#sSpan5638" value="ⲛⲁⲩ"/>
		<feat xlink:href="#sSpan5640" value="ⲉⲣⲟ"/>
		<feat xlink:href="#sSpan5644" value="ⲕ"/>
		<feat xlink:href="#sSpan5646" value="ϩⲙ̅"/>
		<feat xlink:href="#sSpan5650" value="ⲡ"/>
		<feat xlink:href="#sSpan5653" value="ⲏⲓ"/>
		<feat xlink:href="#sSpan5655" value="ⲙ̅"/>
		<feat xlink:href="#sSpan5659" value="ⲡ"/>
		<feat xlink:href="#sSpan5662" value="ⲛⲟⲩⲧⲉ"/>
		<feat xlink:href="#sSpan5664" value="·"/>
		<feat xlink:href="#sSpan5669" value="ⲥⲡⲟⲩⲇⲁⲍⲉ"/>
		<feat xlink:href="#sSpan5677" value="ⲇⲉ"/>
		<feat xlink:href="#sSpan5681" value="ⲙ̅ⲡⲣ̅"/>
		<feat xlink:href="#sSpan5685" value="ⲕⲁ"/>
		<feat xlink:href="#sSpan5687" value="ⲡ"/>
		<feat xlink:href="#sSpan5691" value="ⲕⲟⲥⲙⲟⲥ"/>
		<feat xlink:href="#sSpan5693" value="ⲉ"/>
		<feat xlink:href="#sSpan5698" value="ⲣ̅ϩⲁⲗ"/>
		<feat xlink:href="#sSpan5701" value="ⲙ̅ⲙⲟ"/>
		<feat xlink:href="#sSpan5706" value="ⲕ"/>
		<feat xlink:href="#sSpan5708" value="·"/>
		<feat xlink:href="#sSpan5712" value="ϫⲉ"/>
		<feat xlink:href="#sSpan5716" value="ⲁ"/>
		<feat xlink:href="#sSpan5718" value="ϥ"/>
		<feat xlink:href="#sSpan5721" value="ⲣ̅ϩⲁⲗ"/>
		<feat xlink:href="#sSpan5724" value="ⲛ"/>
		<feat xlink:href="#sSpan5728" value="ⲟⲩ"/>
		<feat xlink:href="#sSpan5731" value="ⲙⲏⲏϣⲉ"/>
		<feat xlink:href="#sSpan5733" value="·"/>
		<feat xlink:href="#sSpan5737" value="ⲛ̅ⲧⲉⲣ"/>
		<feat xlink:href="#sSpan5743" value="ⲟⲩ"/>
		<feat xlink:href="#sSpan5745" value="ⲱ̅"/>
		<feat xlink:href="#sSpan5748" value="ⲇⲉ"/>
		<feat xlink:href="#sSpan5753" value="ⲛ̅"/>
		<feat xlink:href="#sSpan5758" value="ⲛⲁⲓ"/>
		<feat xlink:href="#sSpan5761" value="·"/>
		<feat xlink:href="#sSpan5765" value="ⲁ"/>
		<feat xlink:href="#sSpan5769" value="ⲩ"/>
		<feat xlink:href="#sSpan5771" value="ⲥⲙⲟⲩ"/>
		<feat xlink:href="#sSpan5773" value="ⲉⲣⲟ"/>
		<feat xlink:href="#sSpan5777" value="ⲓ"/>
		<feat xlink:href="#sSpan5779" value="ⲁⲩⲱ"/>
		<feat xlink:href="#sSpan5783" value="ⲁ"/>
		<feat xlink:href="#sSpan5787" value="ⲩ"/>
		<feat xlink:href="#sSpan5790" value="ⲁⲥⲡⲁⲍⲉ"/>
		<feat xlink:href="#sSpan5792" value="ⲙ̅ⲙⲟ"/>
		<feat xlink:href="#sSpan5796" value="ⲓ"/>
		<feat xlink:href="#sSpan5798" value="·"/>
		<feat xlink:href="#sSpan5802" value="ⲁ"/>
		<feat xlink:href="#sSpan5809" value="ⲓ"/>
		<feat xlink:href="#sSpan5811" value="ⲉⲓ̈"/>
		<feat xlink:href="#sSpan5814" value="ⲉⲃⲟⲗ"/>
		<feat xlink:href="#sSpan5818" value="ϩⲓ"/>
		<feat xlink:href="#sSpan5822" value="ⲧⲟⲟⲩ"/>
		<feat xlink:href="#sSpan5825" value="ⲟⲩ"/>
		<feat xlink:href="#sSpan5827" value="·"/>
		<feat xlink:href="#sSpan5831" value="ⲛ̅ⲧⲉⲣ"/>
		<feat xlink:href="#sSpan5839" value="ⲉⲓ̈"/>
		<feat xlink:href="#sSpan5841" value="ⲟⲩⲉ"/>
		<feat xlink:href="#sSpan5843" value="Ⲙ̅ⲙⲟ"/>
		<feat xlink:href="#sSpan5847" value="ⲟⲩ"/>
		<feat xlink:href="#sSpan5849" value="ⲛ̅ⲁ"/>
		<feat xlink:href="#sSpan5853" value="ⲩ"/>
		<feat xlink:href="#sSpan5856" value="ϩⲟⲟⲩ"/>
		<feat xlink:href="#sSpan5858" value="ⲙ̅"/>
		<feat xlink:href="#sSpan5862" value="ⲙⲟⲟϣⲉ"/>
		<feat xlink:href="#sSpan5865" value="·"/>
		<feat xlink:href="#sSpan5869" value="ⲁ"/>
		<feat xlink:href="#sSpan5873" value="ⲓ"/>
		<feat xlink:href="#sSpan5875" value="ⲉⲓ"/>
		<feat xlink:href="#sSpan5878" value="ⲉⲃⲟⲗ"/>
		<feat xlink:href="#sSpan5882" value="ⲉϩⲣⲁⲓ"/>
		<feat xlink:href="#sSpan5886" value="ⲉϫⲛ̅"/>
		<feat xlink:href="#sSpan5890" value="ⲟⲩ"/>
		<feat xlink:href="#sSpan5895" value="ⲡⲩⲅⲏ"/>
		<feat xlink:href="#sSpan5897" value="ⲙ̅"/>
		<feat xlink:href="#sSpan5901" value="ⲙⲟⲟⲩ"/>
		<feat xlink:href="#sSpan5904" value="·"/>
		<feat xlink:href="#sSpan5908" value="ⲁⲛⲟⲕ"/>
		<feat xlink:href="#sSpan5915" value="ⲇⲉ"/>
		<feat xlink:href="#sSpan5919" value="ⲁ"/>
		<feat xlink:href="#sSpan5923" value="ⲓ"/>
		<feat xlink:href="#sSpan5925" value="ϩⲙⲟⲟⲥ"/>
		<feat xlink:href="#sSpan5927" value="ⲛ̅"/>
		<feat xlink:href="#sSpan5931" value="ⲟⲩ"/>
		<feat xlink:href="#sSpan5933" value="ⲕⲟⲩⲓ"/>
		<feat xlink:href="#sSpan5935" value="ⲉⲧⲃⲉ"/>
		<feat xlink:href="#sSpan5940" value="ⲡ"/>
		<feat xlink:href="#sSpan5943" value="ϩⲓⲥⲉ"/>
		<feat xlink:href="#sSpan5945" value="·"/>
		<feat xlink:href="#sSpan5949" value="ⲁⲩⲱ"/>
		<feat xlink:href="#sSpan5953" value="ⲛⲉ"/>
		<feat xlink:href="#sSpan5957" value="ⲩⲛ̅"/>
		<feat xlink:href="#sSpan5959" value="ϩⲉⲛ"/>
		<feat xlink:href="#sSpan5962" value="ⲛⲟϭ"/>
		<feat xlink:href="#sSpan5964" value="ⲛ̅"/>
		<feat xlink:href="#sSpan5968" value="ϣⲏⲛ"/>
		<feat xlink:href="#sSpan5970" value="ⲣⲏⲧ"/>
		<feat xlink:href="#sSpan5974" value="ϩⲓϫⲛ̅"/>
		<feat xlink:href="#sSpan5977" value="ⲧ"/>
		<feat xlink:href="#sSpan5981" value="ⲡⲩⲅⲏ"/>
		<feat xlink:href="#sSpan5983" value="·"/>
		<feat xlink:href="#sSpan5987" value="ⲛ̅ⲧⲉⲣ"/>
		<feat xlink:href="#sSpan5993" value="ⲉⲓ"/>
		<feat xlink:href="#sSpan5995" value="ⲙⲓⲕⲉ"/>
		<feat xlink:href="#sSpan5997" value="ⲁⲩⲱ"/>
		<feat xlink:href="#sSpan6001" value="ⲛ̅"/>
		<feat xlink:href="#sSpan6005" value="ⲧⲁ"/>
		<feat xlink:href="#sSpan6007" value="ⲙ̅ⲧⲟⲛ"/>
		<feat xlink:href="#sSpan6009" value="ⲛ̅"/>
		<feat xlink:href="#sSpan6013" value="ⲟⲩ"/>
		<feat xlink:href="#sSpan6016" value="ⲕⲟⲩⲓ"/>
		<feat xlink:href="#sSpan6018" value="·"/>
		<feat xlink:href="#sSpan6022" value="ⲁ"/>
		<feat xlink:href="#sSpan6026" value="ⲓ"/>
		<feat xlink:href="#sSpan6028" value="ϭⲱ"/>
		<feat xlink:href="#sSpan6031" value="ⲉ"/>
		<feat xlink:href="#sSpan6035" value="ⲓ"/>
		<feat xlink:href="#sSpan6037" value="ϯ"/>
		<feat xlink:href="#sSpan6039" value="ⲟⲩⲟⲓ"/>
		<feat xlink:href="#sSpan6041" value="ϩⲛ̅"/>
		<feat xlink:href="#sSpan6045" value="ⲛ̅"/>
		<feat xlink:href="#sSpan6048" value="ϣⲏⲛ"/>
		<feat xlink:href="#sSpan6050" value="·"/>
		<feat xlink:href="#sSpan6054" value="ⲉ"/>
		<feat xlink:href="#sSpan6058" value="ⲓ"/>
		<feat xlink:href="#sSpan6061" value="ⲣ̅ϣⲡⲏⲣⲉ"/>
		<feat xlink:href="#sSpan6064" value="·"/>
		<feat xlink:href="#sSpan6068" value="ⲁⲩⲱ"/>
		<feat xlink:href="#sSpan6075" value="ⲉ"/>
		<feat xlink:href="#sSpan6079" value="ⲓ"/>
		<feat xlink:href="#sSpan6081" value="ⲙⲉⲉⲩⲉ"/>
		<feat xlink:href="#sSpan6084" value="ⲉⲃⲟⲗ"/>
		<feat xlink:href="#sSpan6088" value="ϫⲉ"/>
		<feat xlink:href="#sSpan6092" value="ⲛⲓⲙ"/>
		<feat xlink:href="#sSpan6094" value="ⲡⲉ"/>
		<feat xlink:href="#sSpan6098" value="ⲛ̅ⲧ"/>
		<feat xlink:href="#sSpan6102" value="ⲁ"/>
		<feat xlink:href="#sSpan6104" value="ϥ"/>
		<feat xlink:href="#sSpan6106" value="ⲧⲱⲱϭⲉ"/>
		<feat xlink:href="#sSpan6108" value="ⲙ̅ⲙⲟ"/>
		<feat xlink:href="#sSpan6113" value="ⲟⲩ"/>
		<feat xlink:href="#sSpan6115" value="ⲙ̅"/>
		<feat xlink:href="#sSpan6119" value="ⲡⲉⲓ"/>
		<feat xlink:href="#sSpan6122" value="ⲙⲁ"/>
		<feat xlink:href="#sSpan6124" value="·"/>
		<feat xlink:href="#sSpan6128" value="ⲁⲩⲱ"/>
		<feat xlink:href="#sSpan6134" value="ⲟⲛ"/>
		<feat xlink:href="#sSpan6138" value="ⲟⲩⲛ̅"/>
		<feat xlink:href="#sSpan6142" value="ϩⲉⲛ"/>
		<feat xlink:href="#sSpan6145" value="ⲃⲛ̅ⲛⲉ"/>
		<feat xlink:href="#sSpan6147" value="ⲛ̅ϩⲏⲧ"/>
		<feat xlink:href="#sSpan6151" value="ⲟⲩ"/>
		<feat xlink:href="#sSpan6153" value="ⲉ"/>
		<feat xlink:href="#sSpan6158" value="ⲩ"/>
		<feat xlink:href="#sSpan6160" value="ⲟⲧⲡ̅"/>
		<feat xlink:href="#sSpan6162" value="ⲛ̅"/>
		<feat xlink:href="#sSpan6167" value="ⲕⲁⲣⲡⲟⲥ"/>
		<feat xlink:href="#sSpan6170" value="·"/>
		<feat xlink:href="#sSpan6174" value="ⲙⲛ̅"/>
		<feat xlink:href="#sSpan6178" value="ϩⲉⲛ"/>
		<feat xlink:href="#sSpan6181" value="ⲕⲓⲧⲣⲉ"/>
		<feat xlink:href="#sSpan6183" value="ⲁⲩⲱ"/>
		<feat xlink:href="#sSpan6187" value="ϩⲉⲛ"/>
		<feat xlink:href="#sSpan6192" value="ϩⲣ̅ⲙⲁⲛ"/>
		<feat xlink:href="#sSpan6194" value="·"/>
		<feat xlink:href="#sSpan6198" value="ⲙⲛ̅"/>
		<feat xlink:href="#sSpan6203" value="ϩⲉⲛ"/>
		<feat xlink:href="#sSpan6206" value="ⲕⲛ̅ⲧⲉ"/>
		<feat xlink:href="#sSpan6208" value="·"/>
		<feat xlink:href="#sSpan6212" value="ⲙⲛ̅"/>
		<feat xlink:href="#sSpan6216" value="ϩⲉⲛ"/>
		<feat xlink:href="#sSpan6219" value="ϫⲙ̅ⲡⲉϩ"/>
		<feat xlink:href="#sSpan6221" value="·"/>
		<feat xlink:href="#sSpan6225" value="ⲙⲛ̅"/>
		<feat xlink:href="#sSpan6229" value="ϩⲉⲛ"/>
		<feat xlink:href="#sSpan6232" value="ⲉⲗⲟⲟⲗⲉ"/>
		<feat xlink:href="#sSpan6234" value="·"/>
		<feat xlink:href="#sSpan6238" value="ⲁⲩⲱ"/>
		<feat xlink:href="#sSpan6243" value="ϩⲉⲛ"/>
		<feat xlink:href="#sSpan6249" value="ⲇⲟⲣⲁⲕⲓⲟⲛ"/>
		<feat xlink:href="#sSpan6251" value="·"/>
		<feat xlink:href="#sSpan6255" value="ⲙⲛ̅"/>
		<feat xlink:href="#sSpan6259" value="ϩⲉⲛ"/>
		<feat xlink:href="#sSpan6262" value="ⲕⲓⲥⲙⲁ"/>
		<feat xlink:href="#sSpan6264" value="·"/>
		<feat xlink:href="#sSpan6268" value="ⲙⲛ̅"/>
		<feat xlink:href="#sSpan6272" value="ϩⲉⲛ"/>
		<feat xlink:href="#sSpan6275" value="ⲕⲉ"/>
		<feat xlink:href="#sSpan6277" value="ϣⲏⲛ"/>
		<feat xlink:href="#sSpan6280" value="ⲉ"/>
		<feat xlink:href="#sSpan6284" value="ⲩ"/>
		<feat xlink:href="#sSpan6286" value="ϣⲉϣ"/>
		<feat xlink:href="#sSpan6289" value="ⲥϯⲛⲟⲩϥⲉ"/>
		<feat xlink:href="#sSpan6293" value="ⲉⲃⲟⲗ"/>
		<feat xlink:href="#sSpan6297" value="·"/>
		<feat xlink:href="#sSpan6301" value="ⲧ"/>
		<feat xlink:href="#sSpan6309" value="ⲡⲩⲅⲏ"/>
		<feat xlink:href="#sSpan6311" value="ⲛⲉ"/>
		<feat xlink:href="#sSpan6315" value="ⲥ"/>
		<feat xlink:href="#sSpan6317" value="ⲧⲁⲩⲉ"/>
		<feat xlink:href="#sSpan6319" value="ⲙ"/>
		<feat xlink:href="#sSpan6324" value="ⲟⲟⲩ"/>
		<feat xlink:href="#sSpan6327" value="ⲉⲃⲟⲗ"/>
		<feat xlink:href="#sSpan6331" value="ⲉ"/>
		<feat xlink:href="#sSpan6335" value="ⲥ"/>
		<feat xlink:href="#sSpan6337" value="ⲧⲥⲟ"/>
		<feat xlink:href="#sSpan6339" value="ⲛ̅"/>
		<feat xlink:href="#sSpan6343" value="ⲛ̅"/>
		<feat xlink:href="#sSpan6346" value="ϣⲏⲛ"/>
		<feat xlink:href="#sSpan6348" value="ⲧⲏⲣ"/>
		<feat xlink:href="#sSpan6352" value="ⲟⲩ"/>
		<feat xlink:href="#sSpan6354" value="ⲉⲧ"/>
		<feat xlink:href="#sSpan6358" value="ⲣⲏⲧ"/>
		<feat xlink:href="#sSpan6360" value="ϩⲙ̅"/>
		<feat xlink:href="#sSpan6364" value="ⲡ"/>
		<feat xlink:href="#sSpan6368" value="ⲙⲁ"/>
		<feat xlink:href="#sSpan6370" value="ⲉⲧ"/>
		<feat xlink:href="#sSpan6374" value="ⲙ̅ⲙⲁⲩ"/>
		<feat xlink:href="#sSpan6376" value="·"/>
		<feat xlink:href="#sSpan6380" value="ⲛ̅"/>
		<feat xlink:href="#sSpan6387" value="ϩⲟⲥⲟⲛ"/>
		<feat xlink:href="#sSpan6390" value="ⲇⲉ"/>
		<feat xlink:href="#sSpan6395" value="ⲉ"/>
		<feat xlink:href="#sSpan6399" value="ⲓ"/>
		<feat xlink:href="#sSpan6402" value="ⲣ̅ϣⲡⲏⲣⲉ"/>
		<feat xlink:href="#sSpan6405" value="·"/>
		<feat xlink:href="#sSpan6409" value="ⲛ̅"/>
		<feat xlink:href="#sSpan6413" value="ⲛ̅"/>
		<feat xlink:href="#sSpan6417" value="ϣⲏⲛ"/>
		<feat xlink:href="#sSpan6419" value="·"/>
		<feat xlink:href="#sSpan6423" value="ⲁⲩⲱ"/>
		<feat xlink:href="#sSpan6427" value="ⲉ"/>
		<feat xlink:href="#sSpan6431" value="ⲓ"/>
		<feat xlink:href="#sSpan6434" value="ⲑⲉⲱⲣⲉⲓ"/>
		<feat xlink:href="#sSpan6436" value="ⲙ̅ⲙⲟ"/>
		<feat xlink:href="#sSpan6440" value="ⲟⲩ"/>
		<feat xlink:href="#sSpan6442" value="ⲙⲛ̅"/>
		<feat xlink:href="#sSpan6446" value="ⲛⲉⲩ"/>
		<feat xlink:href="#sSpan6450" value="ⲕⲁⲣⲡⲟⲥ"/>
		<feat xlink:href="#sSpan6452" value="·"/>
		<feat xlink:href="#sSpan6456" value="ⲉⲓⲥ"/>
		<feat xlink:href="#sSpan6461" value="ϥⲧⲟⲟⲩ"/>
		<feat xlink:href="#sSpan6464" value="ⲛ̅"/>
		<feat xlink:href="#sSpan6468" value="ϣⲏⲣⲉ"/>
		<feat xlink:href="#sSpan6471" value="ϣⲏⲙ"/>
		<feat xlink:href="#sSpan6475" value="ⲁ"/>
		<feat xlink:href="#sSpan6479" value="ⲩ"/>
		<feat xlink:href="#sSpan6481" value="ⲉⲓ̈"/>
		<feat xlink:href="#sSpan6483" value="ⲙ̅"/>
		<feat xlink:href="#sSpan6487" value="ⲡ"/>
		<feat xlink:href="#sSpan6490" value="ⲟⲩⲉ"/>
		<feat xlink:href="#sSpan6492" value="ⲉ"/>
		<feat xlink:href="#sSpan6496" value="ⲛⲉⲥⲱ"/>
		<feat xlink:href="#sSpan6498" value="ⲟⲩ"/>
		<feat xlink:href="#sSpan6500" value="ϩⲛ̅"/>
		<feat xlink:href="#sSpan6505" value="ⲧⲉⲩ"/>
		<feat xlink:href="#sSpan6509" value="ϩⲓⲕⲱⲛ"/>
		<feat xlink:href="#sSpan6511" value="·"/>
		<feat xlink:href="#sSpan6515" value="ⲉⲣⲉ"/>
		<feat xlink:href="#sSpan6519" value="ϩⲉⲛ"/>
		<feat xlink:href="#sSpan6522" value="ⲃⲁⲗⲟⲧ"/>
		<feat xlink:href="#sSpan6524" value="ⲉ"/>
		<feat xlink:href="#sSpan6528" value="ⲛⲉⲥⲟ"/>
		<feat xlink:href="#sSpan6530" value="ⲟⲩ"/>
		<feat xlink:href="#sSpan6532" value="ⲧⲟ"/>
		<feat xlink:href="#sSpan6536" value="ϩⲓⲱ"/>
		<feat xlink:href="#sSpan6540" value="ⲟⲩ"/>
		<feat xlink:href="#sSpan6542" value="·"/>
		<feat xlink:href="#sSpan6546" value="ⲙ̅"/>
		<feat xlink:href="#sSpan6551" value="ⲡⲉ"/>
		<feat xlink:href="#sSpan6554" value="ⲥⲙⲟⲧ"/>
		<feat xlink:href="#sSpan6556" value="ⲛ̅"/>
		<feat xlink:href="#sSpan6560" value="ϩⲉⲛ"/>
		<feat xlink:href="#sSpan6564" value="ⲡⲉⲣⲓⲥⲱⲙⲁ"/>
		<feat xlink:href="#sSpan6566" value="·"/>
		<feat xlink:href="#sSpan6570" value="ⲛ̅ⲧⲉⲣ"/>
		<feat xlink:href="#sSpan6576" value="ⲟⲩ"/>
		<feat xlink:href="#sSpan6578" value="ⲡⲱϩ"/>
		<feat xlink:href="#sSpan6581" value="ⲇⲉ"/>
		<feat xlink:href="#sSpan6585" value="ⲉⲣⲟ"/>
		<feat xlink:href="#sSpan6590" value="ⲓ"/>
		<feat xlink:href="#sSpan6592" value="ⲡⲉϫⲁ"/>
		<feat xlink:href="#sSpan6596" value="ⲩ"/>
		<feat xlink:href="#sSpan6598" value="ⲛⲁ"/>
		<feat xlink:href="#sSpan6602" value="ⲓ̈"/>
		<feat xlink:href="#sSpan6604" value="ϫⲉ"/>
		<feat xlink:href="#sSpan6609" value="ⲭⲁⲓⲣⲉ"/>
		<feat xlink:href="#sSpan6611" value="ⲡⲁ"/>
		<feat xlink:href="#sSpan6616" value="ⲡ"/>
		<feat xlink:href="#sSpan6619" value="ⲛⲟⲩⲧⲉ"/>
		<feat xlink:href="#sSpan6621" value="ⲡⲉⲛ"/>
		<feat xlink:href="#sSpan6625" value="ⲙⲉⲣⲓⲧ"/>
		<feat xlink:href="#sSpan6627" value="ⲛ̅"/>
		<feat xlink:href="#sSpan6632" value="ⲥⲟⲛ"/>
		<feat xlink:href="#sSpan6634" value="·"/></featList></paula>