<?xml version='1.0' encoding='UTF-8'?><!DOCTYPE paula SYSTEM "paula_feat.dtd">
<paula version="1.1">
	<header paula_id="scriptorium.life.onnophrius.03.mark_lang"/>
	<featList xmlns:xlink="http://www.w3.org/1999/xlink" type="lang" xml:base="scriptorium.life.onnophrius.03.mark.xml">
		<feat xlink:href="#sSpan15" value="Greek"/>
		<feat xlink:href="#sSpan52" value="Hebrew"/>
		<feat xlink:href="#sSpan70" value="Greek"/>
		<feat xlink:href="#sSpan317" value="Greek"/>
		<feat xlink:href="#sSpan375" value="Greek"/>
		<feat xlink:href="#sSpan415" value="Greek"/>
		<feat xlink:href="#sSpan439" value="Greek"/>
		<feat xlink:href="#sSpan502" value="Greek"/>
		<feat xlink:href="#sSpan521" value="Greek"/>
		<feat xlink:href="#sSpan626" value="Greek"/>
		<feat xlink:href="#sSpan772" value="Greek"/>
		<feat xlink:href="#sSpan823" value="Greek"/>
		<feat xlink:href="#sSpan898" value="Greek"/>
		<feat xlink:href="#sSpan928" value="Greek"/>
		<feat xlink:href="#sSpan995" value="Greek"/>
		<feat xlink:href="#sSpan1027" value="Greek"/>
		<feat xlink:href="#sSpan1048" value="Greek"/>
		<feat xlink:href="#sSpan1088" value="Greek"/>
		<feat xlink:href="#sSpan1138" value="Greek"/>
		<feat xlink:href="#sSpan1280" value="Greek"/>
		<feat xlink:href="#sSpan1319" value="Hebrew"/>
		<feat xlink:href="#sSpan1380" value="Greek"/>
		<feat xlink:href="#sSpan1451" value="Greek"/>
		<feat xlink:href="#sSpan1600" value="Greek"/>
		<feat xlink:href="#sSpan1695" value="Greek"/>
		<feat xlink:href="#sSpan1858" value="Greek"/>
		<feat xlink:href="#sSpan1993" value="Hebrew"/>
		<feat xlink:href="#sSpan2032" value="Greek"/>
		<feat xlink:href="#sSpan2062" value="Greek"/>
		<feat xlink:href="#sSpan2084" value="Greek"/>
		<feat xlink:href="#sSpan2146" value="Greek"/>
		<feat xlink:href="#sSpan2173" value="Greek"/>
		<feat xlink:href="#sSpan2224" value="Greek"/>
		<feat xlink:href="#sSpan2236" value="Greek"/>
		<feat xlink:href="#sSpan2244" value="Greek"/>
		<feat xlink:href="#sSpan2427" value="Greek"/>
		<feat xlink:href="#sSpan2491" value="Greek"/>
		<feat xlink:href="#sSpan2666" value="Greek"/>
		<feat xlink:href="#sSpan2683" value="Hebrew"/>
		<feat xlink:href="#sSpan2692" value="Greek"/>
		<feat xlink:href="#sSpan2707" value="Greek"/>
		<feat xlink:href="#sSpan2751" value="Greek"/>
		<feat xlink:href="#sSpan2793" value="Greek"/>
		<feat xlink:href="#sSpan2844" value="Greek"/>
		<feat xlink:href="#sSpan2862" value="Greek"/>
		<feat xlink:href="#sSpan2923" value="Greek"/>
		<feat xlink:href="#sSpan2926" value="Greek"/>
		<feat xlink:href="#sSpan2959" value="Greek"/>
		<feat xlink:href="#sSpan2969" value="Hebrew"/>
		<feat xlink:href="#sSpan2992" value="Greek"/>
		<feat xlink:href="#sSpan3021" value="Greek"/>
		<feat xlink:href="#sSpan3048" value="Greek"/>
		<feat xlink:href="#sSpan3182" value="Greek"/>
		<feat xlink:href="#sSpan3217" value="Greek"/>
		<feat xlink:href="#sSpan3271" value="Greek"/>
		<feat xlink:href="#sSpan3291" value="Greek"/>
		<feat xlink:href="#sSpan3298" value="Greek"/>
		<feat xlink:href="#sSpan3309" value="Greek"/>
		<feat xlink:href="#sSpan3323" value="Greek"/>
		<feat xlink:href="#sSpan3326" value="Hebrew"/>
		<feat xlink:href="#sSpan3375" value="Greek"/>
		<feat xlink:href="#sSpan3395" value="Greek"/>
		<feat xlink:href="#sSpan3482" value="Greek"/>
		<feat xlink:href="#sSpan3539" value="Greek"/>
		<feat xlink:href="#sSpan3551" value="Greek"/>
		<feat xlink:href="#sSpan3615" value="Greek"/>
		<feat xlink:href="#sSpan3648" value="Hebrew"/>
		<feat xlink:href="#sSpan3668" value="Greek"/>
		<feat xlink:href="#sSpan3816" value="Greek"/>
		<feat xlink:href="#sSpan3949" value="Greek"/>
		<feat xlink:href="#sSpan4259" value="Greek"/>
		<feat xlink:href="#sSpan4288" value="Greek"/>
		<feat xlink:href="#sSpan4312" value="Greek"/>
		<feat xlink:href="#sSpan4337" value="Greek"/>
		<feat xlink:href="#sSpan4421" value="Greek"/>
		<feat xlink:href="#sSpan4477" value="Greek"/>
		<feat xlink:href="#sSpan4492" value="Greek"/>
		<feat xlink:href="#sSpan4522" value="Greek"/>
		<feat xlink:href="#sSpan4525" value="Greek"/>
		<feat xlink:href="#sSpan4611" value="Greek"/>
		<feat xlink:href="#sSpan4662" value="Greek"/>
		<feat xlink:href="#sSpan4703" value="Greek"/>
		<feat xlink:href="#sSpan4879" value="Greek"/>
		<feat xlink:href="#sSpan4961" value="Greek"/>
		<feat xlink:href="#sSpan5016" value="Greek"/>
		<feat xlink:href="#sSpan5081" value="Greek"/>
		<feat xlink:href="#sSpan5104" value="Greek"/>
		<feat xlink:href="#sSpan5176" value="Greek"/>
		<feat xlink:href="#sSpan5242" value="Greek"/>
		<feat xlink:href="#sSpan5373" value="Greek"/>
		<feat xlink:href="#sSpan5385" value="Greek"/>
		<feat xlink:href="#sSpan5424" value="Greek"/>
		<feat xlink:href="#sSpan5435" value="Greek"/>
		<feat xlink:href="#sSpan5465" value="Greek"/>
		<feat xlink:href="#sSpan5667" value="Greek"/>
		<feat xlink:href="#sSpan5675" value="Greek"/>
		<feat xlink:href="#sSpan5689" value="Greek"/>
		<feat xlink:href="#sSpan5746" value="Greek"/>
		<feat xlink:href="#sSpan5788" value="Greek"/>
		<feat xlink:href="#sSpan5893" value="Greek"/>
		<feat xlink:href="#sSpan5913" value="Greek"/>
		<feat xlink:href="#sSpan5979" value="Greek"/>
		<feat xlink:href="#sSpan6165" value="Greek"/>
		<feat xlink:href="#sSpan6247" value="Greek"/>
		<feat xlink:href="#sSpan6307" value="Greek"/>
		<feat xlink:href="#sSpan6385" value="Greek"/>
		<feat xlink:href="#sSpan6388" value="Greek"/>
		<feat xlink:href="#sSpan6432" value="Greek"/>
		<feat xlink:href="#sSpan6448" value="Greek"/>
		<feat xlink:href="#sSpan6507" value="Greek"/>
		<feat xlink:href="#sSpan6562" value="Greek"/>
		<feat xlink:href="#sSpan6579" value="Greek"/>
		<feat xlink:href="#sSpan6607" value="Greek"/></featList></paula>