<?xml version='1.0' encoding='UTF-8'?><!DOCTYPE paula SYSTEM "paula_feat.dtd">
<paula version="1.1">
	<header paula_id="scriptorium.life.onnophrius.03.mark_entity"/>
	<featList xmlns:xlink="http://www.w3.org/1999/xlink" type="entity" xml:base="scriptorium.life.onnophrius.03.mark.xml">
		<feat xlink:href="#sSpan30" value="abstract"/>
		<feat xlink:href="#sSpan51" value="abstract"/>
		<feat xlink:href="#sSpan99" value="abstract"/>
		<feat xlink:href="#sSpan107" value="abstract"/>
		<feat xlink:href="#sSpan116" value="person"/>
		<feat xlink:href="#sSpan135" value="time"/>
		<feat xlink:href="#sSpan144" value="object"/>
		<feat xlink:href="#sSpan186" value="object"/>
		<feat xlink:href="#sSpan207" value="object"/>
		<feat xlink:href="#sSpan217" value="substance"/>
		<feat xlink:href="#sSpan245" value="person"/>
		<feat xlink:href="#sSpan281" value="substance"/>
		<feat xlink:href="#sSpan330" value="abstract"/>
		<feat xlink:href="#sSpan343" value="abstract"/>
		<feat xlink:href="#sSpan353" value="abstract"/>
		<feat xlink:href="#sSpan362" value="place"/>
		<feat xlink:href="#sSpan408" value="person"/>
		<feat xlink:href="#sSpan571" value="object"/>
		<feat xlink:href="#sSpan641" value="person"/>
		<feat xlink:href="#sSpan650" value="object"/>
		<feat xlink:href="#sSpan660" value="substance"/>
		<feat xlink:href="#sSpan721" value="time"/>
		<feat xlink:href="#sSpan736" value="abstract"/>
		<feat xlink:href="#sSpan747" value="person"/>
		<feat xlink:href="#sSpan758" value="time"/>
		<feat xlink:href="#sSpan771" value="time"/>
		<feat xlink:href="#sSpan795" value="object"/>
		<feat xlink:href="#sSpan847" value="person"/>
		<feat xlink:href="#sSpan872" value="object"/>
		<feat xlink:href="#sSpan897" value="abstract"/>
		<feat xlink:href="#sSpan964" value="person"/>
		<feat xlink:href="#sSpan977" value="person"/>
		<feat xlink:href="#sSpan992" value="person"/>
		<feat xlink:href="#sSpan1017" value="abstract"/>
		<feat xlink:href="#sSpan1026" value="object"/>
		<feat xlink:href="#sSpan1059" value="time"/>
		<feat xlink:href="#sSpan1086" value="abstract"/>
		<feat xlink:href="#sSpan1104" value="place"/>
		<feat xlink:href="#sSpan1113" value="abstract"/>
		<feat xlink:href="#sSpan1120" value="time"/>
		<feat xlink:href="#sSpan1135" value="time"/>
		<feat xlink:href="#sSpan1149" value="time"/>
		<feat xlink:href="#sSpan1164" value="time"/>
		<feat xlink:href="#sSpan1211" value="place"/>
		<feat xlink:href="#sSpan1225" value="abstract"/>
		<feat xlink:href="#sSpan1244" value="abstract"/>
		<feat xlink:href="#sSpan1252" value="person"/>
		<feat xlink:href="#sSpan1264" value="person"/>
		<feat xlink:href="#sSpan1279" value="object"/>
		<feat xlink:href="#sSpan1293" value="abstract"/>
		<feat xlink:href="#sSpan1324" value="person"/>
		<feat xlink:href="#sSpan1345" value="time"/>
		<feat xlink:href="#sSpan1361" value="time"/>
		<feat xlink:href="#sSpan1412" value="person"/>
		<feat xlink:href="#sSpan1450" value="object"/>
		<feat xlink:href="#sSpan1460" value="abstract"/>
		<feat xlink:href="#sSpan1496" value="person"/>
		<feat xlink:href="#sSpan1511" value="abstract"/>
		<feat xlink:href="#sSpan1543" value="person"/>
		<feat xlink:href="#sSpan1599" value="object"/>
		<feat xlink:href="#sSpan1609" value="time"/>
		<feat xlink:href="#sSpan1625" value="time"/>
		<feat xlink:href="#sSpan1667" value="substance"/>
		<feat xlink:href="#sSpan1682" value="abstract"/>
		<feat xlink:href="#sSpan1730" value="person"/>
		<feat xlink:href="#sSpan1745" value="abstract"/>
		<feat xlink:href="#sSpan1775" value="abstract"/>
		<feat xlink:href="#sSpan1788" value="abstract"/>
		<feat xlink:href="#sSpan1812" value="person"/>
		<feat xlink:href="#sSpan1829" value="abstract"/>
		<feat xlink:href="#sSpan1851" value="person"/>
		<feat xlink:href="#sSpan1873" value="person"/>
		<feat xlink:href="#sSpan1882" value="person"/>
		<feat xlink:href="#sSpan1945" value="time"/>
		<feat xlink:href="#sSpan1958" value="abstract"/>
		<feat xlink:href="#sSpan1965" value="person"/>
		<feat xlink:href="#sSpan1979" value="abstract"/>
		<feat xlink:href="#sSpan1990" value="person"/>
		<feat xlink:href="#sSpan2012" value="time"/>
		<feat xlink:href="#sSpan2041" value="person"/>
		<feat xlink:href="#sSpan2091" value="person"/>
		<feat xlink:href="#sSpan2145" value="place"/>
		<feat xlink:href="#sSpan2172" value="object"/>
		<feat xlink:href="#sSpan2203" value="person"/>
		<feat xlink:href="#sSpan2235" value="abstract"/>
		<feat xlink:href="#sSpan2257" value="person"/>
		<feat xlink:href="#sSpan2272" value="abstract"/>
		<feat xlink:href="#sSpan2281" value="person"/>
		<feat xlink:href="#sSpan2308" value="place"/>
		<feat xlink:href="#sSpan2340" value="abstract"/>
		<feat xlink:href="#sSpan2355" value="place"/>
		<feat xlink:href="#sSpan2365" value="person"/>
		<feat xlink:href="#sSpan2376" value="person"/>
		<feat xlink:href="#sSpan2389" value="abstract"/>
		<feat xlink:href="#sSpan2398" value="person"/>
		<feat xlink:href="#sSpan2426" value="place"/>
		<feat xlink:href="#sSpan2434" value="person"/>
		<feat xlink:href="#sSpan2470" value="abstract"/>
		<feat xlink:href="#sSpan2519" value="place"/>
		<feat xlink:href="#sSpan2555" value="person"/>
		<feat xlink:href="#sSpan2570" value="abstract"/>
		<feat xlink:href="#sSpan2585" value="person"/>
		<feat xlink:href="#sSpan2629" value="place"/>
		<feat xlink:href="#sSpan2663" value="time"/>
		<feat xlink:href="#sSpan2680" value="person"/>
		<feat xlink:href="#sSpan2734" value="person"/>
		<feat xlink:href="#sSpan2743" value="person"/>
		<feat xlink:href="#sSpan2770" value="abstract"/>
		<feat xlink:href="#sSpan2792" value="abstract"/>
		<feat xlink:href="#sSpan2806" value="object"/>
		<feat xlink:href="#sSpan2825" value="abstract"/>
		<feat xlink:href="#sSpan2841" value="abstract"/>
		<feat xlink:href="#sSpan2855" value="abstract"/>
		<feat xlink:href="#sSpan2884" value="abstract"/>
		<feat xlink:href="#sSpan2922" value="person"/>
		<feat xlink:href="#sSpan2958" value="abstract"/>
		<feat xlink:href="#sSpan2968" value="person"/>
		<feat xlink:href="#sSpan2987" value="abstract"/>
		<feat xlink:href="#sSpan3016" value="abstract"/>
		<feat xlink:href="#sSpan3028" value="person"/>
		<feat xlink:href="#sSpan3067" value="abstract"/>
		<feat xlink:href="#sSpan3094" value="person"/>
		<feat xlink:href="#sSpan3103" value="abstract"/>
		<feat xlink:href="#sSpan3114" value="substance"/>
		<feat xlink:href="#sSpan3153" value="place"/>
		<feat xlink:href="#sSpan3181" value="abstract"/>
		<feat xlink:href="#sSpan3191" value="person"/>
		<feat xlink:href="#sSpan3216" value="object"/>
		<feat xlink:href="#sSpan3227" value="abstract"/>
		<feat xlink:href="#sSpan3234" value="person"/>
		<feat xlink:href="#sSpan3244" value="time"/>
		<feat xlink:href="#sSpan3253" value="time"/>
		<feat xlink:href="#sSpan3290" value="abstract"/>
		<feat xlink:href="#sSpan3301" value="person"/>
		<feat xlink:href="#sSpan3322" value="person"/>
		<feat xlink:href="#sSpan3350" value="abstract"/>
		<feat xlink:href="#sSpan3369" value="abstract"/>
		<feat xlink:href="#sSpan3382" value="person"/>
		<feat xlink:href="#sSpan3423" value="object"/>
		<feat xlink:href="#sSpan3452" value="object"/>
		<feat xlink:href="#sSpan3466" value="object"/>
		<feat xlink:href="#sSpan3475" value="object"/>
		<feat xlink:href="#sSpan3550" value="object"/>
		<feat xlink:href="#sSpan3569" value="place"/>
		<feat xlink:href="#sSpan3578" value="object"/>
		<feat xlink:href="#sSpan3597" value="abstract"/>
		<feat xlink:href="#sSpan3607" value="person"/>
		<feat xlink:href="#sSpan3679" value="abstract"/>
		<feat xlink:href="#sSpan3714" value="object"/>
		<feat xlink:href="#sSpan3767" value="time"/>
		<feat xlink:href="#sSpan3798" value="plant"/>
		<feat xlink:href="#sSpan3845" value="event"/>
		<feat xlink:href="#sSpan3875" value="object"/>
		<feat xlink:href="#sSpan3890" value="object"/>
		<feat xlink:href="#sSpan3916" value="substance"/>
		<feat xlink:href="#sSpan3963" value="abstract"/>
		<feat xlink:href="#sSpan3976" value="person"/>
		<feat xlink:href="#sSpan3999" value="place"/>
		<feat xlink:href="#sSpan4017" value="object"/>
		<feat xlink:href="#sSpan4042" value="person"/>
		<feat xlink:href="#sSpan4060" value="person"/>
		<feat xlink:href="#sSpan4138" value="time"/>
		<feat xlink:href="#sSpan4170" value="person"/>
		<feat xlink:href="#sSpan4173" value="person"/>
		<feat xlink:href="#sSpan4182" value="person"/>
		<feat xlink:href="#sSpan4197" value="time"/>
		<feat xlink:href="#sSpan4221" value="place"/>
		<feat xlink:href="#sSpan4236" value="time"/>
		<feat xlink:href="#sSpan4258" value="person"/>
		<feat xlink:href="#sSpan4342" value="person"/>
		<feat xlink:href="#sSpan4357" value="abstract"/>
		<feat xlink:href="#sSpan4375" value="object"/>
		<feat xlink:href="#sSpan4394" value="place"/>
		<feat xlink:href="#sSpan4418" value="person"/>
		<feat xlink:href="#sSpan4461" value="time"/>
		<feat xlink:href="#sSpan4501" value="person"/>
		<feat xlink:href="#sSpan4519" value="abstract"/>
		<feat xlink:href="#sSpan4579" value="object"/>
		<feat xlink:href="#sSpan4636" value="object"/>
		<feat xlink:href="#sSpan4677" value="object"/>
		<feat xlink:href="#sSpan4757" value="time"/>
		<feat xlink:href="#sSpan4787" value="place"/>
		<feat xlink:href="#sSpan4795" value="object"/>
		<feat xlink:href="#sSpan4824" value="abstract"/>
		<feat xlink:href="#sSpan4861" value="person"/>
		<feat xlink:href="#sSpan4896" value="time"/>
		<feat xlink:href="#sSpan4905" value="abstract"/>
		<feat xlink:href="#sSpan5046" value="time"/>
		<feat xlink:href="#sSpan5061" value="abstract"/>
		<feat xlink:href="#sSpan5069" value="time"/>
		<feat xlink:href="#sSpan5076" value="time"/>
		<feat xlink:href="#sSpan5139" value="time"/>
		<feat xlink:href="#sSpan5149" value="event"/>
		<feat xlink:href="#sSpan5183" value="person"/>
		<feat xlink:href="#sSpan5192" value="abstract"/>
		<feat xlink:href="#sSpan5235" value="place"/>
		<feat xlink:href="#sSpan5269" value="place"/>
		<feat xlink:href="#sSpan5288" value="person"/>
		<feat xlink:href="#sSpan5313" value="person"/>
		<feat xlink:href="#sSpan5323" value="abstract"/>
		<feat xlink:href="#sSpan5349" value="abstract"/>
		<feat xlink:href="#sSpan5358" value="person"/>
		<feat xlink:href="#sSpan5416" value="abstract"/>
		<feat xlink:href="#sSpan5502" value="abstract"/>
		<feat xlink:href="#sSpan5532" value="place"/>
		<feat xlink:href="#sSpan5549" value="abstract"/>
		<feat xlink:href="#sSpan5576" value="abstract"/>
		<feat xlink:href="#sSpan5598" value="abstract"/>
		<feat xlink:href="#sSpan5617" value="person"/>
		<feat xlink:href="#sSpan5651" value="place"/>
		<feat xlink:href="#sSpan5660" value="person"/>
		<feat xlink:href="#sSpan5688" value="place"/>
		<feat xlink:href="#sSpan5729" value="person"/>
		<feat xlink:href="#sSpan5759" value="abstract"/>
		<feat xlink:href="#sSpan5823" value="place"/>
		<feat xlink:href="#sSpan5854" value="time"/>
		<feat xlink:href="#sSpan5863" value="event"/>
		<feat xlink:href="#sSpan5891" value="object"/>
		<feat xlink:href="#sSpan5902" value="substance"/>
		<feat xlink:href="#sSpan5941" value="abstract"/>
		<feat xlink:href="#sSpan5960" value="plant"/>
		<feat xlink:href="#sSpan5978" value="place"/>
		<feat xlink:href="#sSpan6046" value="plant"/>
		<feat xlink:href="#sSpan6120" value="place"/>
		<feat xlink:href="#sSpan6143" value="plant"/>
		<feat xlink:href="#sSpan6168" value="plant"/>
		<feat xlink:href="#sSpan6179" value="plant"/>
		<feat xlink:href="#sSpan6188" value="plant"/>
		<feat xlink:href="#sSpan6204" value="plant"/>
		<feat xlink:href="#sSpan6217" value="plant"/>
		<feat xlink:href="#sSpan6230" value="plant"/>
		<feat xlink:href="#sSpan6244" value="plant"/>
		<feat xlink:href="#sSpan6260" value="plant"/>
		<feat xlink:href="#sSpan6273" value="plant"/>
		<feat xlink:href="#sSpan6290" value="abstract"/>
		<feat xlink:href="#sSpan6302" value="place"/>
		<feat xlink:href="#sSpan6325" value="time"/>
		<feat xlink:href="#sSpan6344" value="plant"/>
		<feat xlink:href="#sSpan6365" value="place"/>
		<feat xlink:href="#sSpan6414" value="plant"/>
		<feat xlink:href="#sSpan6447" value="plant"/>
		<feat xlink:href="#sSpan6462" value="person"/>
		<feat xlink:href="#sSpan6488" value="place"/>
		<feat xlink:href="#sSpan6506" value="abstract"/>
		<feat xlink:href="#sSpan6520" value="object"/>
		<feat xlink:href="#sSpan6552" value="abstract"/>
		<feat xlink:href="#sSpan6561" value="object"/>
		<feat xlink:href="#sSpan6614" value="person"/>
		<feat xlink:href="#sSpan6617" value="person"/></featList></paula>