<?xml version='1.0' encoding='UTF-8'?><!DOCTYPE paula SYSTEM "paula_rel.dtd">
<paula version="1.1">
	<header paula_id="scriptorium.life.onnophrius.03.head"/>
	<relList xmlns:xlink="http://www.w3.org/1999/xlink" type="head">
		<rel id="sPointingRel3463" xlink:href="scriptorium.life.onnophrius.03.mark.xml#sSpan3466" target="scriptorium.life.onnophrius.03.mark.xml#sSpan3467"/>
		<rel id="sPointingRel3465" xlink:href="scriptorium.life.onnophrius.03.mark.xml#sSpan6447" target="scriptorium.life.onnophrius.03.mark.xml#sSpan6449"/>
		<rel id="sPointingRel3467" xlink:href="scriptorium.life.onnophrius.03.mark.xml#sSpan5358" target="scriptorium.life.onnophrius.03.mark.xml#sSpan5356"/>
		<rel id="sPointingRel3469" xlink:href="scriptorium.life.onnophrius.03.mark.xml#sSpan4258" target="scriptorium.life.onnophrius.03.mark.xml#sSpan4256"/>
		<rel id="sPointingRel3471" xlink:href="scriptorium.life.onnophrius.03.mark.xml#sSpan571" target="scriptorium.life.onnophrius.03.mark.xml#sSpan572"/>
		<rel id="sPointingRel3473" xlink:href="scriptorium.life.onnophrius.03.mark.xml#sSpan641" target="scriptorium.life.onnophrius.03.mark.xml#sSpan642"/>
		<rel id="sPointingRel3475" xlink:href="scriptorium.life.onnophrius.03.mark.xml#sSpan2235" target="scriptorium.life.onnophrius.03.mark.xml#sSpan2237"/>
		<rel id="sPointingRel3477" xlink:href="scriptorium.life.onnophrius.03.mark.xml#sSpan3976" target="scriptorium.life.onnophrius.03.mark.xml#sSpan3977"/>
		<rel id="sPointingRel3479" xlink:href="scriptorium.life.onnophrius.03.mark.xml#sSpan1345" target="scriptorium.life.onnophrius.03.mark.xml#sSpan1346"/>
		<rel id="sPointingRel3481" xlink:href="scriptorium.life.onnophrius.03.mark.xml#sSpan1113" target="scriptorium.life.onnophrius.03.mark.xml#sSpan1111"/>
		<rel id="sPointingRel3483" xlink:href="scriptorium.life.onnophrius.03.mark.xml#sSpan897" target="scriptorium.life.onnophrius.03.mark.xml#sSpan899"/>
		<rel id="sPointingRel3485" xlink:href="scriptorium.life.onnophrius.03.mark.xml#sSpan3028" target="scriptorium.life.onnophrius.03.mark.xml#sSpan3030"/>
		<rel id="sPointingRel3487" xlink:href="scriptorium.life.onnophrius.03.mark.xml#sSpan116" target="scriptorium.life.onnophrius.03.mark.xml#sSpan117"/>
		<rel id="sPointingRel3489" xlink:href="scriptorium.life.onnophrius.03.mark.xml#sSpan4824" target="scriptorium.life.onnophrius.03.mark.xml#sSpan4822"/>
		<rel id="sPointingRel3491" xlink:href="scriptorium.life.onnophrius.03.mark.xml#sSpan4636" target="scriptorium.life.onnophrius.03.mark.xml#sSpan4637"/>
		<rel id="sPointingRel3493" xlink:href="scriptorium.life.onnophrius.03.mark.xml#sSpan2434" target="scriptorium.life.onnophrius.03.mark.xml#sSpan2437"/>
		<rel id="sPointingRel3495" xlink:href="scriptorium.life.onnophrius.03.mark.xml#sSpan3963" target="scriptorium.life.onnophrius.03.mark.xml#sSpan3964"/>
		<rel id="sPointingRel3497" xlink:href="scriptorium.life.onnophrius.03.mark.xml#sSpan2340" target="scriptorium.life.onnophrius.03.mark.xml#sSpan2342"/>
		<rel id="sPointingRel3499" xlink:href="scriptorium.life.onnophrius.03.mark.xml#sSpan1812" target="scriptorium.life.onnophrius.03.mark.xml#sSpan1813"/>
		<rel id="sPointingRel3501" xlink:href="scriptorium.life.onnophrius.03.mark.xml#sSpan3875" target="scriptorium.life.onnophrius.03.mark.xml#sSpan3873"/>
		<rel id="sPointingRel3503" xlink:href="scriptorium.life.onnophrius.03.mark.xml#sSpan771" target="scriptorium.life.onnophrius.03.mark.xml#sSpan769"/>
		<rel id="sPointingRel3505" xlink:href="scriptorium.life.onnophrius.03.mark.xml#sSpan3067" target="scriptorium.life.onnophrius.03.mark.xml#sSpan3065"/>
		<rel id="sPointingRel3507" xlink:href="scriptorium.life.onnophrius.03.mark.xml#sSpan1873" target="scriptorium.life.onnophrius.03.mark.xml#sSpan1874"/>
		<rel id="sPointingRel3509" xlink:href="scriptorium.life.onnophrius.03.mark.xml#sSpan3290" target="scriptorium.life.onnophrius.03.mark.xml#sSpan3292"/>
		<rel id="sPointingRel3511" xlink:href="scriptorium.life.onnophrius.03.mark.xml#sSpan2806" target="scriptorium.life.onnophrius.03.mark.xml#sSpan2807"/>
		<rel id="sPointingRel3513" xlink:href="scriptorium.life.onnophrius.03.mark.xml#sSpan5269" target="scriptorium.life.onnophrius.03.mark.xml#sSpan5267"/>
		<rel id="sPointingRel3515" xlink:href="scriptorium.life.onnophrius.03.mark.xml#sSpan1979" target="scriptorium.life.onnophrius.03.mark.xml#sSpan1980"/>
		<rel id="sPointingRel3517" xlink:href="scriptorium.life.onnophrius.03.mark.xml#sSpan3607" target="scriptorium.life.onnophrius.03.mark.xml#sSpan3608"/>
		<rel id="sPointingRel3519" xlink:href="scriptorium.life.onnophrius.03.mark.xml#sSpan6617" target="scriptorium.life.onnophrius.03.mark.xml#sSpan6618"/>
		<rel id="sPointingRel3521" xlink:href="scriptorium.life.onnophrius.03.mark.xml#sSpan6120" target="scriptorium.life.onnophrius.03.mark.xml#sSpan6121"/>
		<rel id="sPointingRel3523" xlink:href="scriptorium.life.onnophrius.03.mark.xml#sSpan144" target="scriptorium.life.onnophrius.03.mark.xml#sSpan145"/>
		<rel id="sPointingRel3525" xlink:href="scriptorium.life.onnophrius.03.mark.xml#sSpan3369" target="scriptorium.life.onnophrius.03.mark.xml#sSpan3372"/>
		<rel id="sPointingRel3527" xlink:href="scriptorium.life.onnophrius.03.mark.xml#sSpan3550" target="scriptorium.life.onnophrius.03.mark.xml#sSpan3552"/>
		<rel id="sPointingRel3529" xlink:href="scriptorium.life.onnophrius.03.mark.xml#sSpan5183" target="scriptorium.life.onnophrius.03.mark.xml#sSpan5184"/>
		<rel id="sPointingRel3531" xlink:href="scriptorium.life.onnophrius.03.mark.xml#sSpan5729" target="scriptorium.life.onnophrius.03.mark.xml#sSpan5730"/>
		<rel id="sPointingRel3533" xlink:href="scriptorium.life.onnophrius.03.mark.xml#sSpan3244" target="scriptorium.life.onnophrius.03.mark.xml#sSpan3242"/>
		<rel id="sPointingRel3535" xlink:href="scriptorium.life.onnophrius.03.mark.xml#sSpan30" target="scriptorium.life.onnophrius.03.mark.xml#sSpan31"/>
		<rel id="sPointingRel3537" xlink:href="scriptorium.life.onnophrius.03.mark.xml#sSpan847" target="scriptorium.life.onnophrius.03.mark.xml#sSpan848"/>
		<rel id="sPointingRel3539" xlink:href="scriptorium.life.onnophrius.03.mark.xml#sSpan3475" target="scriptorium.life.onnophrius.03.mark.xml#sSpan3480"/>
		<rel id="sPointingRel3541" xlink:href="scriptorium.life.onnophrius.03.mark.xml#sSpan1496" target="scriptorium.life.onnophrius.03.mark.xml#sSpan1497"/>
		<rel id="sPointingRel3543" xlink:href="scriptorium.life.onnophrius.03.mark.xml#sSpan4757" target="scriptorium.life.onnophrius.03.mark.xml#sSpan4766"/>
		<rel id="sPointingRel3545" xlink:href="scriptorium.life.onnophrius.03.mark.xml#sSpan3452" target="scriptorium.life.onnophrius.03.mark.xml#sSpan3453"/>
		<rel id="sPointingRel3547" xlink:href="scriptorium.life.onnophrius.03.mark.xml#sSpan5978" target="scriptorium.life.onnophrius.03.mark.xml#sSpan5980"/>
		<rel id="sPointingRel3549" xlink:href="scriptorium.life.onnophrius.03.mark.xml#sSpan6230" target="scriptorium.life.onnophrius.03.mark.xml#sSpan6231"/>
		<rel id="sPointingRel3551" xlink:href="scriptorium.life.onnophrius.03.mark.xml#sSpan4501" target="scriptorium.life.onnophrius.03.mark.xml#sSpan4502"/>
		<rel id="sPointingRel3553" xlink:href="scriptorium.life.onnophrius.03.mark.xml#sSpan4677" target="scriptorium.life.onnophrius.03.mark.xml#sSpan4678"/>
		<rel id="sPointingRel3555" xlink:href="scriptorium.life.onnophrius.03.mark.xml#sSpan5288" target="scriptorium.life.onnophrius.03.mark.xml#sSpan5286"/>
		<rel id="sPointingRel3557" xlink:href="scriptorium.life.onnophrius.03.mark.xml#sSpan6488" target="scriptorium.life.onnophrius.03.mark.xml#sSpan6489"/>
		<rel id="sPointingRel3559" xlink:href="scriptorium.life.onnophrius.03.mark.xml#sSpan1264" target="scriptorium.life.onnophrius.03.mark.xml#sSpan1260"/>
		<rel id="sPointingRel3561" xlink:href="scriptorium.life.onnophrius.03.mark.xml#sSpan6561" target="scriptorium.life.onnophrius.03.mark.xml#sSpan6563"/>
		<rel id="sPointingRel3563" xlink:href="scriptorium.life.onnophrius.03.mark.xml#sSpan5323" target="scriptorium.life.onnophrius.03.mark.xml#sSpan5325"/>
		<rel id="sPointingRel3565" xlink:href="scriptorium.life.onnophrius.03.mark.xml#sSpan5061" target="scriptorium.life.onnophrius.03.mark.xml#sSpan5059"/>
		<rel id="sPointingRel3567" xlink:href="scriptorium.life.onnophrius.03.mark.xml#sSpan2792" target="scriptorium.life.onnophrius.03.mark.xml#sSpan2794"/>
		<rel id="sPointingRel3569" xlink:href="scriptorium.life.onnophrius.03.mark.xml#sSpan721" target="scriptorium.life.onnophrius.03.mark.xml#sSpan722"/>
		<rel id="sPointingRel3571" xlink:href="scriptorium.life.onnophrius.03.mark.xml#sSpan4182" target="scriptorium.life.onnophrius.03.mark.xml#sSpan4183"/>
		<rel id="sPointingRel3573" xlink:href="scriptorium.life.onnophrius.03.mark.xml#sSpan5863" target="scriptorium.life.onnophrius.03.mark.xml#sSpan5861"/>
		<rel id="sPointingRel3575" xlink:href="scriptorium.life.onnophrius.03.mark.xml#sSpan5960" target="scriptorium.life.onnophrius.03.mark.xml#sSpan5967"/>
		<rel id="sPointingRel3577" xlink:href="scriptorium.life.onnophrius.03.mark.xml#sSpan3216" target="scriptorium.life.onnophrius.03.mark.xml#sSpan3218"/>
		<rel id="sPointingRel3579" xlink:href="scriptorium.life.onnophrius.03.mark.xml#sSpan5313" target="scriptorium.life.onnophrius.03.mark.xml#sSpan5314"/>
		<rel id="sPointingRel3581" xlink:href="scriptorium.life.onnophrius.03.mark.xml#sSpan1450" target="scriptorium.life.onnophrius.03.mark.xml#sSpan1452"/>
		<rel id="sPointingRel3583" xlink:href="scriptorium.life.onnophrius.03.mark.xml#sSpan107" target="scriptorium.life.onnophrius.03.mark.xml#sSpan105"/>
		<rel id="sPointingRel3585" xlink:href="scriptorium.life.onnophrius.03.mark.xml#sSpan2272" target="scriptorium.life.onnophrius.03.mark.xml#sSpan2273"/>
		<rel id="sPointingRel3587" xlink:href="scriptorium.life.onnophrius.03.mark.xml#sSpan2308" target="scriptorium.life.onnophrius.03.mark.xml#sSpan2309"/>
		<rel id="sPointingRel3589" xlink:href="scriptorium.life.onnophrius.03.mark.xml#sSpan1026" target="scriptorium.life.onnophrius.03.mark.xml#sSpan1028"/>
		<rel id="sPointingRel3591" xlink:href="scriptorium.life.onnophrius.03.mark.xml#sSpan1667" target="scriptorium.life.onnophrius.03.mark.xml#sSpan1668"/>
		<rel id="sPointingRel3593" xlink:href="scriptorium.life.onnophrius.03.mark.xml#sSpan5759" target="scriptorium.life.onnophrius.03.mark.xml#sSpan5757"/>
		<rel id="sPointingRel3595" xlink:href="scriptorium.life.onnophrius.03.mark.xml#sSpan2091" target="scriptorium.life.onnophrius.03.mark.xml#sSpan2092"/>
		<rel id="sPointingRel3597" xlink:href="scriptorium.life.onnophrius.03.mark.xml#sSpan6273" target="scriptorium.life.onnophrius.03.mark.xml#sSpan6276"/>
		<rel id="sPointingRel3599" xlink:href="scriptorium.life.onnophrius.03.mark.xml#sSpan2680" target="scriptorium.life.onnophrius.03.mark.xml#sSpan2684"/>
		<rel id="sPointingRel3601" xlink:href="scriptorium.life.onnophrius.03.mark.xml#sSpan992" target="scriptorium.life.onnophrius.03.mark.xml#sSpan993"/>
		<rel id="sPointingRel3603" xlink:href="scriptorium.life.onnophrius.03.mark.xml#sSpan3350" target="scriptorium.life.onnophrius.03.mark.xml#sSpan3357"/>
		<rel id="sPointingRel3605" xlink:href="scriptorium.life.onnophrius.03.mark.xml#sSpan1017" target="scriptorium.life.onnophrius.03.mark.xml#sSpan1018"/>
		<rel id="sPointingRel3607" xlink:href="scriptorium.life.onnophrius.03.mark.xml#sSpan245" target="scriptorium.life.onnophrius.03.mark.xml#sSpan248"/>
		<rel id="sPointingRel3609" xlink:href="scriptorium.life.onnophrius.03.mark.xml#sSpan135" target="scriptorium.life.onnophrius.03.mark.xml#sSpan136"/>
		<rel id="sPointingRel3611" xlink:href="scriptorium.life.onnophrius.03.mark.xml#sSpan4221" target="scriptorium.life.onnophrius.03.mark.xml#sSpan4222"/>
		<rel id="sPointingRel3613" xlink:href="scriptorium.life.onnophrius.03.mark.xml#sSpan1599" target="scriptorium.life.onnophrius.03.mark.xml#sSpan1601"/>
		<rel id="sPointingRel3615" xlink:href="scriptorium.life.onnophrius.03.mark.xml#sSpan3597" target="scriptorium.life.onnophrius.03.mark.xml#sSpan3598"/>
		<rel id="sPointingRel3617" xlink:href="scriptorium.life.onnophrius.03.mark.xml#sSpan1149" target="scriptorium.life.onnophrius.03.mark.xml#sSpan1152"/>
		<rel id="sPointingRel3619" xlink:href="scriptorium.life.onnophrius.03.mark.xml#sSpan2958" target="scriptorium.life.onnophrius.03.mark.xml#sSpan2960"/>
		<rel id="sPointingRel3621" xlink:href="scriptorium.life.onnophrius.03.mark.xml#sSpan3322" target="scriptorium.life.onnophrius.03.mark.xml#sSpan3331"/>
		<rel id="sPointingRel3623" xlink:href="scriptorium.life.onnophrius.03.mark.xml#sSpan6204" target="scriptorium.life.onnophrius.03.mark.xml#sSpan6205"/>
		<rel id="sPointingRel3625" xlink:href="scriptorium.life.onnophrius.03.mark.xml#sSpan186" target="scriptorium.life.onnophrius.03.mark.xml#sSpan187"/>
		<rel id="sPointingRel3627" xlink:href="scriptorium.life.onnophrius.03.mark.xml#sSpan6462" target="scriptorium.life.onnophrius.03.mark.xml#sSpan6467"/>
		<rel id="sPointingRel3629" xlink:href="scriptorium.life.onnophrius.03.mark.xml#sSpan2629" target="scriptorium.life.onnophrius.03.mark.xml#sSpan2630"/>
		<rel id="sPointingRel3631" xlink:href="scriptorium.life.onnophrius.03.mark.xml#sSpan2355" target="scriptorium.life.onnophrius.03.mark.xml#sSpan2356"/>
		<rel id="sPointingRel3633" xlink:href="scriptorium.life.onnophrius.03.mark.xml#sSpan6302" target="scriptorium.life.onnophrius.03.mark.xml#sSpan6308"/>
		<rel id="sPointingRel3635" xlink:href="scriptorium.life.onnophrius.03.mark.xml#sSpan2172" target="scriptorium.life.onnophrius.03.mark.xml#sSpan2174"/>
		<rel id="sPointingRel3637" xlink:href="scriptorium.life.onnophrius.03.mark.xml#sSpan1244" target="scriptorium.life.onnophrius.03.mark.xml#sSpan1242"/>
		<rel id="sPointingRel3639" xlink:href="scriptorium.life.onnophrius.03.mark.xml#sSpan1059" target="scriptorium.life.onnophrius.03.mark.xml#sSpan1060"/>
		<rel id="sPointingRel3641" xlink:href="scriptorium.life.onnophrius.03.mark.xml#sSpan1745" target="scriptorium.life.onnophrius.03.mark.xml#sSpan1743"/>
		<rel id="sPointingRel3643" xlink:href="scriptorium.life.onnophrius.03.mark.xml#sSpan2841" target="scriptorium.life.onnophrius.03.mark.xml#sSpan2842"/>
		<rel id="sPointingRel3645" xlink:href="scriptorium.life.onnophrius.03.mark.xml#sSpan1958" target="scriptorium.life.onnophrius.03.mark.xml#sSpan1956"/>
		<rel id="sPointingRel3647" xlink:href="scriptorium.life.onnophrius.03.mark.xml#sSpan3423" target="scriptorium.life.onnophrius.03.mark.xml#sSpan3424"/>
		<rel id="sPointingRel3649" xlink:href="scriptorium.life.onnophrius.03.mark.xml#sSpan3234" target="scriptorium.life.onnophrius.03.mark.xml#sSpan3235"/>
		<rel id="sPointingRel3651" xlink:href="scriptorium.life.onnophrius.03.mark.xml#sSpan1361" target="scriptorium.life.onnophrius.03.mark.xml#sSpan1368"/>
		<rel id="sPointingRel3653" xlink:href="scriptorium.life.onnophrius.03.mark.xml#sSpan5416" target="scriptorium.life.onnophrius.03.mark.xml#sSpan5417"/>
		<rel id="sPointingRel3655" xlink:href="scriptorium.life.onnophrius.03.mark.xml#sSpan5349" target="scriptorium.life.onnophrius.03.mark.xml#sSpan5350"/>
		<rel id="sPointingRel3657" xlink:href="scriptorium.life.onnophrius.03.mark.xml#sSpan872" target="scriptorium.life.onnophrius.03.mark.xml#sSpan873"/>
		<rel id="sPointingRel3659" xlink:href="scriptorium.life.onnophrius.03.mark.xml#sSpan3798" target="scriptorium.life.onnophrius.03.mark.xml#sSpan3799"/>
		<rel id="sPointingRel3661" xlink:href="scriptorium.life.onnophrius.03.mark.xml#sSpan6244" target="scriptorium.life.onnophrius.03.mark.xml#sSpan6248"/>
		<rel id="sPointingRel3663" xlink:href="scriptorium.life.onnophrius.03.mark.xml#sSpan3916" target="scriptorium.life.onnophrius.03.mark.xml#sSpan3917"/>
		<rel id="sPointingRel3665" xlink:href="scriptorium.life.onnophrius.03.mark.xml#sSpan6168" target="scriptorium.life.onnophrius.03.mark.xml#sSpan6166"/>
		<rel id="sPointingRel3667" xlink:href="scriptorium.life.onnophrius.03.mark.xml#sSpan362" target="scriptorium.life.onnophrius.03.mark.xml#sSpan363"/>
		<rel id="sPointingRel3669" xlink:href="scriptorium.life.onnophrius.03.mark.xml#sSpan1412" target="scriptorium.life.onnophrius.03.mark.xml#sSpan1443"/>
		<rel id="sPointingRel3671" xlink:href="scriptorium.life.onnophrius.03.mark.xml#sSpan4342" target="scriptorium.life.onnophrius.03.mark.xml#sSpan4345"/>
		<rel id="sPointingRel3673" xlink:href="scriptorium.life.onnophrius.03.mark.xml#sSpan3845" target="scriptorium.life.onnophrius.03.mark.xml#sSpan3843"/>
		<rel id="sPointingRel3675" xlink:href="scriptorium.life.onnophrius.03.mark.xml#sSpan1164" target="scriptorium.life.onnophrius.03.mark.xml#sSpan1165"/>
		<rel id="sPointingRel3677" xlink:href="scriptorium.life.onnophrius.03.mark.xml#sSpan1829" target="scriptorium.life.onnophrius.03.mark.xml#sSpan1830"/>
		<rel id="sPointingRel3679" xlink:href="scriptorium.life.onnophrius.03.mark.xml#sSpan1104" target="scriptorium.life.onnophrius.03.mark.xml#sSpan1105"/>
		<rel id="sPointingRel3681" xlink:href="scriptorium.life.onnophrius.03.mark.xml#sSpan343" target="scriptorium.life.onnophrius.03.mark.xml#sSpan345"/>
		<rel id="sPointingRel3683" xlink:href="scriptorium.life.onnophrius.03.mark.xml#sSpan6506" target="scriptorium.life.onnophrius.03.mark.xml#sSpan6508"/>
		<rel id="sPointingRel3685" xlink:href="scriptorium.life.onnophrius.03.mark.xml#sSpan1965" target="scriptorium.life.onnophrius.03.mark.xml#sSpan1966"/>
		<rel id="sPointingRel3687" xlink:href="scriptorium.life.onnophrius.03.mark.xml#sSpan4138" target="scriptorium.life.onnophrius.03.mark.xml#sSpan4139"/>
		<rel id="sPointingRel3689" xlink:href="scriptorium.life.onnophrius.03.mark.xml#sSpan4896" target="scriptorium.life.onnophrius.03.mark.xml#sSpan4897"/>
		<rel id="sPointingRel3691" xlink:href="scriptorium.life.onnophrius.03.mark.xml#sSpan99" target="scriptorium.life.onnophrius.03.mark.xml#sSpan97"/>
		<rel id="sPointingRel3693" xlink:href="scriptorium.life.onnophrius.03.mark.xml#sSpan964" target="scriptorium.life.onnophrius.03.mark.xml#sSpan965"/>
		<rel id="sPointingRel3695" xlink:href="scriptorium.life.onnophrius.03.mark.xml#sSpan330" target="scriptorium.life.onnophrius.03.mark.xml#sSpan331"/>
		<rel id="sPointingRel3697" xlink:href="scriptorium.life.onnophrius.03.mark.xml#sSpan353" target="scriptorium.life.onnophrius.03.mark.xml#sSpan354"/>
		<rel id="sPointingRel3699" xlink:href="scriptorium.life.onnophrius.03.mark.xml#sSpan5854" target="scriptorium.life.onnophrius.03.mark.xml#sSpan5855"/>
		<rel id="sPointingRel3701" xlink:href="scriptorium.life.onnophrius.03.mark.xml#sSpan2555" target="scriptorium.life.onnophrius.03.mark.xml#sSpan2558"/>
		<rel id="sPointingRel3703" xlink:href="scriptorium.life.onnophrius.03.mark.xml#sSpan4519" target="scriptorium.life.onnophrius.03.mark.xml#sSpan4523"/>
		<rel id="sPointingRel3705" xlink:href="scriptorium.life.onnophrius.03.mark.xml#sSpan3103" target="scriptorium.life.onnophrius.03.mark.xml#sSpan3105"/>
		<rel id="sPointingRel3707" xlink:href="scriptorium.life.onnophrius.03.mark.xml#sSpan3714" target="scriptorium.life.onnophrius.03.mark.xml#sSpan3716"/>
		<rel id="sPointingRel3709" xlink:href="scriptorium.life.onnophrius.03.mark.xml#sSpan2770" target="scriptorium.life.onnophrius.03.mark.xml#sSpan2768"/>
		<rel id="sPointingRel3711" xlink:href="scriptorium.life.onnophrius.03.mark.xml#sSpan3301" target="scriptorium.life.onnophrius.03.mark.xml#sSpan3299"/>
		<rel id="sPointingRel3713" xlink:href="scriptorium.life.onnophrius.03.mark.xml#sSpan4197" target="scriptorium.life.onnophrius.03.mark.xml#sSpan4198"/>
		<rel id="sPointingRel3715" xlink:href="scriptorium.life.onnophrius.03.mark.xml#sSpan1293" target="scriptorium.life.onnophrius.03.mark.xml#sSpan1294"/>
		<rel id="sPointingRel3717" xlink:href="scriptorium.life.onnophrius.03.mark.xml#sSpan5941" target="scriptorium.life.onnophrius.03.mark.xml#sSpan5942"/>
		<rel id="sPointingRel3719" xlink:href="scriptorium.life.onnophrius.03.mark.xml#sSpan408" target="scriptorium.life.onnophrius.03.mark.xml#sSpan409"/>
		<rel id="sPointingRel3721" xlink:href="scriptorium.life.onnophrius.03.mark.xml#sSpan5076" target="scriptorium.life.onnophrius.03.mark.xml#sSpan5074"/>
		<rel id="sPointingRel3723" xlink:href="scriptorium.life.onnophrius.03.mark.xml#sSpan5149" target="scriptorium.life.onnophrius.03.mark.xml#sSpan5150"/>
		<rel id="sPointingRel3725" xlink:href="scriptorium.life.onnophrius.03.mark.xml#sSpan5502" target="scriptorium.life.onnophrius.03.mark.xml#sSpan5504"/>
		<rel id="sPointingRel3727" xlink:href="scriptorium.life.onnophrius.03.mark.xml#sSpan1851" target="scriptorium.life.onnophrius.03.mark.xml#sSpan1849"/>
		<rel id="sPointingRel3729" xlink:href="scriptorium.life.onnophrius.03.mark.xml#sSpan2281" target="scriptorium.life.onnophrius.03.mark.xml#sSpan2282"/>
		<rel id="sPointingRel3731" xlink:href="scriptorium.life.onnophrius.03.mark.xml#sSpan2825" target="scriptorium.life.onnophrius.03.mark.xml#sSpan2827"/>
		<rel id="sPointingRel3733" xlink:href="scriptorium.life.onnophrius.03.mark.xml#sSpan4461" target="scriptorium.life.onnophrius.03.mark.xml#sSpan4463"/>
		<rel id="sPointingRel3735" xlink:href="scriptorium.life.onnophrius.03.mark.xml#sSpan1120" target="scriptorium.life.onnophrius.03.mark.xml#sSpan1118"/>
		<rel id="sPointingRel3737" xlink:href="scriptorium.life.onnophrius.03.mark.xml#sSpan3890" target="scriptorium.life.onnophrius.03.mark.xml#sSpan3891"/>
		<rel id="sPointingRel3739" xlink:href="scriptorium.life.onnophrius.03.mark.xml#sSpan5688" target="scriptorium.life.onnophrius.03.mark.xml#sSpan5690"/>
		<rel id="sPointingRel3741" xlink:href="scriptorium.life.onnophrius.03.mark.xml#sSpan6414" target="scriptorium.life.onnophrius.03.mark.xml#sSpan6416"/>
		<rel id="sPointingRel3743" xlink:href="scriptorium.life.onnophrius.03.mark.xml#sSpan5598" target="scriptorium.life.onnophrius.03.mark.xml#sSpan5599"/>
		<rel id="sPointingRel3745" xlink:href="scriptorium.life.onnophrius.03.mark.xml#sSpan2398" target="scriptorium.life.onnophrius.03.mark.xml#sSpan2396"/>
		<rel id="sPointingRel3747" xlink:href="scriptorium.life.onnophrius.03.mark.xml#sSpan5532" target="scriptorium.life.onnophrius.03.mark.xml#sSpan5530"/>
		<rel id="sPointingRel3749" xlink:href="scriptorium.life.onnophrius.03.mark.xml#sSpan2987" target="scriptorium.life.onnophrius.03.mark.xml#sSpan2985"/>
		<rel id="sPointingRel3751" xlink:href="scriptorium.life.onnophrius.03.mark.xml#sSpan1990" target="scriptorium.life.onnophrius.03.mark.xml#sSpan1994"/>
		<rel id="sPointingRel3753" xlink:href="scriptorium.life.onnophrius.03.mark.xml#sSpan747" target="scriptorium.life.onnophrius.03.mark.xml#sSpan748"/>
		<rel id="sPointingRel3755" xlink:href="scriptorium.life.onnophrius.03.mark.xml#sSpan6188" target="scriptorium.life.onnophrius.03.mark.xml#sSpan6191"/>
		<rel id="sPointingRel3757" xlink:href="scriptorium.life.onnophrius.03.mark.xml#sSpan1609" target="scriptorium.life.onnophrius.03.mark.xml#sSpan1611"/>
		<rel id="sPointingRel3759" xlink:href="scriptorium.life.onnophrius.03.mark.xml#sSpan4375" target="scriptorium.life.onnophrius.03.mark.xml#sSpan4373"/>
		<rel id="sPointingRel3761" xlink:href="scriptorium.life.onnophrius.03.mark.xml#sSpan4042" target="scriptorium.life.onnophrius.03.mark.xml#sSpan4043"/>
		<rel id="sPointingRel3763" xlink:href="scriptorium.life.onnophrius.03.mark.xml#sSpan3382" target="scriptorium.life.onnophrius.03.mark.xml#sSpan3383"/>
		<rel id="sPointingRel3765" xlink:href="scriptorium.life.onnophrius.03.mark.xml#sSpan6365" target="scriptorium.life.onnophrius.03.mark.xml#sSpan6367"/>
		<rel id="sPointingRel3767" xlink:href="scriptorium.life.onnophrius.03.mark.xml#sSpan2041" target="scriptorium.life.onnophrius.03.mark.xml#sSpan2039"/>
		<rel id="sPointingRel3769" xlink:href="scriptorium.life.onnophrius.03.mark.xml#sSpan1775" target="scriptorium.life.onnophrius.03.mark.xml#sSpan1776"/>
		<rel id="sPointingRel3771" xlink:href="scriptorium.life.onnophrius.03.mark.xml#sSpan1625" target="scriptorium.life.onnophrius.03.mark.xml#sSpan1632"/>
		<rel id="sPointingRel3773" xlink:href="scriptorium.life.onnophrius.03.mark.xml#sSpan5235" target="scriptorium.life.onnophrius.03.mark.xml#sSpan5236"/>
		<rel id="sPointingRel3775" xlink:href="scriptorium.life.onnophrius.03.mark.xml#sSpan1460" target="scriptorium.life.onnophrius.03.mark.xml#sSpan1461"/>
		<rel id="sPointingRel3777" xlink:href="scriptorium.life.onnophrius.03.mark.xml#sSpan1511" target="scriptorium.life.onnophrius.03.mark.xml#sSpan1512"/>
		<rel id="sPointingRel3779" xlink:href="scriptorium.life.onnophrius.03.mark.xml#sSpan3114" target="scriptorium.life.onnophrius.03.mark.xml#sSpan3115"/>
		<rel id="sPointingRel3781" xlink:href="scriptorium.life.onnophrius.03.mark.xml#sSpan5549" target="scriptorium.life.onnophrius.03.mark.xml#sSpan5547"/>
		<rel id="sPointingRel3783" xlink:href="scriptorium.life.onnophrius.03.mark.xml#sSpan2012" target="scriptorium.life.onnophrius.03.mark.xml#sSpan2019"/>
		<rel id="sPointingRel3785" xlink:href="scriptorium.life.onnophrius.03.mark.xml#sSpan1543" target="scriptorium.life.onnophrius.03.mark.xml#sSpan1546"/>
		<rel id="sPointingRel3787" xlink:href="scriptorium.life.onnophrius.03.mark.xml#sSpan3767" target="scriptorium.life.onnophrius.03.mark.xml#sSpan3772"/>
		<rel id="sPointingRel3789" xlink:href="scriptorium.life.onnophrius.03.mark.xml#sSpan736" target="scriptorium.life.onnophrius.03.mark.xml#sSpan734"/>
		<rel id="sPointingRel3791" xlink:href="scriptorium.life.onnophrius.03.mark.xml#sSpan217" target="scriptorium.life.onnophrius.03.mark.xml#sSpan215"/>
		<rel id="sPointingRel3793" xlink:href="scriptorium.life.onnophrius.03.mark.xml#sSpan4579" target="scriptorium.life.onnophrius.03.mark.xml#sSpan4584"/>
		<rel id="sPointingRel3795" xlink:href="scriptorium.life.onnophrius.03.mark.xml#sSpan6290" target="scriptorium.life.onnophrius.03.mark.xml#sSpan6288"/>
		<rel id="sPointingRel3797" xlink:href="scriptorium.life.onnophrius.03.mark.xml#sSpan281" target="scriptorium.life.onnophrius.03.mark.xml#sSpan282"/>
		<rel id="sPointingRel3799" xlink:href="scriptorium.life.onnophrius.03.mark.xml#sSpan6143" target="scriptorium.life.onnophrius.03.mark.xml#sSpan6144"/>
		<rel id="sPointingRel3801" xlink:href="scriptorium.life.onnophrius.03.mark.xml#sSpan650" target="scriptorium.life.onnophrius.03.mark.xml#sSpan652"/>
		<rel id="sPointingRel3803" xlink:href="scriptorium.life.onnophrius.03.mark.xml#sSpan5660" target="scriptorium.life.onnophrius.03.mark.xml#sSpan5661"/>
		<rel id="sPointingRel3805" xlink:href="scriptorium.life.onnophrius.03.mark.xml#sSpan3191" target="scriptorium.life.onnophrius.03.mark.xml#sSpan3192"/>
		<rel id="sPointingRel3807" xlink:href="scriptorium.life.onnophrius.03.mark.xml#sSpan6179" target="scriptorium.life.onnophrius.03.mark.xml#sSpan6180"/>
		<rel id="sPointingRel3809" xlink:href="scriptorium.life.onnophrius.03.mark.xml#sSpan2734" target="scriptorium.life.onnophrius.03.mark.xml#sSpan2735"/>
		<rel id="sPointingRel3811" xlink:href="scriptorium.life.onnophrius.03.mark.xml#sSpan3016" target="scriptorium.life.onnophrius.03.mark.xml#sSpan3018"/>
		<rel id="sPointingRel3813" xlink:href="scriptorium.life.onnophrius.03.mark.xml#sSpan4357" target="scriptorium.life.onnophrius.03.mark.xml#sSpan4358"/>
		<rel id="sPointingRel3815" xlink:href="scriptorium.life.onnophrius.03.mark.xml#sSpan795" target="scriptorium.life.onnophrius.03.mark.xml#sSpan797"/>
		<rel id="sPointingRel3817" xlink:href="scriptorium.life.onnophrius.03.mark.xml#sSpan2203" target="scriptorium.life.onnophrius.03.mark.xml#sSpan2206"/>
		<rel id="sPointingRel3819" xlink:href="scriptorium.life.onnophrius.03.mark.xml#sSpan1135" target="scriptorium.life.onnophrius.03.mark.xml#sSpan1152"/>
		<rel id="sPointingRel3821" xlink:href="scriptorium.life.onnophrius.03.mark.xml#sSpan3253" target="scriptorium.life.onnophrius.03.mark.xml#sSpan3256"/>
		<rel id="sPointingRel3823" xlink:href="scriptorium.life.onnophrius.03.mark.xml#sSpan5823" target="scriptorium.life.onnophrius.03.mark.xml#sSpan5821"/>
		<rel id="sPointingRel3825" xlink:href="scriptorium.life.onnophrius.03.mark.xml#sSpan2663" target="scriptorium.life.onnophrius.03.mark.xml#sSpan2667"/>
		<rel id="sPointingRel3827" xlink:href="scriptorium.life.onnophrius.03.mark.xml#sSpan5046" target="scriptorium.life.onnophrius.03.mark.xml#sSpan5047"/>
		<rel id="sPointingRel3829" xlink:href="scriptorium.life.onnophrius.03.mark.xml#sSpan6344" target="scriptorium.life.onnophrius.03.mark.xml#sSpan6345"/>
		<rel id="sPointingRel3831" xlink:href="scriptorium.life.onnophrius.03.mark.xml#sSpan2743" target="scriptorium.life.onnophrius.03.mark.xml#sSpan2744"/>
		<rel id="sPointingRel3833" xlink:href="scriptorium.life.onnophrius.03.mark.xml#sSpan2257" target="scriptorium.life.onnophrius.03.mark.xml#sSpan2258"/>
		<rel id="sPointingRel3835" xlink:href="scriptorium.life.onnophrius.03.mark.xml#sSpan1730" target="scriptorium.life.onnophrius.03.mark.xml#sSpan1733"/>
		<rel id="sPointingRel3837" xlink:href="scriptorium.life.onnophrius.03.mark.xml#sSpan4418" target="scriptorium.life.onnophrius.03.mark.xml#sSpan4419"/>
		<rel id="sPointingRel3839" xlink:href="scriptorium.life.onnophrius.03.mark.xml#sSpan3578" target="scriptorium.life.onnophrius.03.mark.xml#sSpan3579"/>
		<rel id="sPointingRel3841" xlink:href="scriptorium.life.onnophrius.03.mark.xml#sSpan2365" target="scriptorium.life.onnophrius.03.mark.xml#sSpan2366"/>
		<rel id="sPointingRel3843" xlink:href="scriptorium.life.onnophrius.03.mark.xml#sSpan4060" target="scriptorium.life.onnophrius.03.mark.xml#sSpan4061"/>
		<rel id="sPointingRel3845" xlink:href="scriptorium.life.onnophrius.03.mark.xml#sSpan5902" target="scriptorium.life.onnophrius.03.mark.xml#sSpan5900"/>
		<rel id="sPointingRel3847" xlink:href="scriptorium.life.onnophrius.03.mark.xml#sSpan2855" target="scriptorium.life.onnophrius.03.mark.xml#sSpan2856"/>
		<rel id="sPointingRel3849" xlink:href="scriptorium.life.onnophrius.03.mark.xml#sSpan5069" target="scriptorium.life.onnophrius.03.mark.xml#sSpan5067"/>
		<rel id="sPointingRel3851" xlink:href="scriptorium.life.onnophrius.03.mark.xml#sSpan6520" target="scriptorium.life.onnophrius.03.mark.xml#sSpan6521"/>
		<rel id="sPointingRel3853" xlink:href="scriptorium.life.onnophrius.03.mark.xml#sSpan4787" target="scriptorium.life.onnophrius.03.mark.xml#sSpan4788"/>
		<rel id="sPointingRel3855" xlink:href="scriptorium.life.onnophrius.03.mark.xml#sSpan2389" target="scriptorium.life.onnophrius.03.mark.xml#sSpan2390"/>
		<rel id="sPointingRel3857" xlink:href="scriptorium.life.onnophrius.03.mark.xml#sSpan2145" target="scriptorium.life.onnophrius.03.mark.xml#sSpan2147"/>
		<rel id="sPointingRel3859" xlink:href="scriptorium.life.onnophrius.03.mark.xml#sSpan2570" target="scriptorium.life.onnophrius.03.mark.xml#sSpan2568"/>
		<rel id="sPointingRel3861" xlink:href="scriptorium.life.onnophrius.03.mark.xml#sSpan1682" target="scriptorium.life.onnophrius.03.mark.xml#sSpan1683"/>
		<rel id="sPointingRel3863" xlink:href="scriptorium.life.onnophrius.03.mark.xml#sSpan2884" target="scriptorium.life.onnophrius.03.mark.xml#sSpan2885"/>
		<rel id="sPointingRel3865" xlink:href="scriptorium.life.onnophrius.03.mark.xml#sSpan2426" target="scriptorium.life.onnophrius.03.mark.xml#sSpan2424"/>
		<rel id="sPointingRel3867" xlink:href="scriptorium.life.onnophrius.03.mark.xml#sSpan51" target="scriptorium.life.onnophrius.03.mark.xml#sSpan53"/>
		<rel id="sPointingRel3869" xlink:href="scriptorium.life.onnophrius.03.mark.xml#sSpan1225" target="scriptorium.life.onnophrius.03.mark.xml#sSpan1227"/>
		<rel id="sPointingRel3871" xlink:href="scriptorium.life.onnophrius.03.mark.xml#sSpan1945" target="scriptorium.life.onnophrius.03.mark.xml#sSpan1950"/>
		<rel id="sPointingRel3873" xlink:href="scriptorium.life.onnophrius.03.mark.xml#sSpan3227" target="scriptorium.life.onnophrius.03.mark.xml#sSpan3225"/>
		<rel id="sPointingRel3875" xlink:href="scriptorium.life.onnophrius.03.mark.xml#sSpan1086" target="scriptorium.life.onnophrius.03.mark.xml#sSpan1089"/>
		<rel id="sPointingRel3877" xlink:href="scriptorium.life.onnophrius.03.mark.xml#sSpan4905" target="scriptorium.life.onnophrius.03.mark.xml#sSpan4903"/>
		<rel id="sPointingRel3879" xlink:href="scriptorium.life.onnophrius.03.mark.xml#sSpan2376" target="scriptorium.life.onnophrius.03.mark.xml#sSpan2378"/>
		<rel id="sPointingRel3881" xlink:href="scriptorium.life.onnophrius.03.mark.xml#sSpan6217" target="scriptorium.life.onnophrius.03.mark.xml#sSpan6218"/>
		<rel id="sPointingRel3883" xlink:href="scriptorium.life.onnophrius.03.mark.xml#sSpan4861" target="scriptorium.life.onnophrius.03.mark.xml#sSpan4862"/>
		<rel id="sPointingRel3885" xlink:href="scriptorium.life.onnophrius.03.mark.xml#sSpan977" target="scriptorium.life.onnophrius.03.mark.xml#sSpan978"/>
		<rel id="sPointingRel3887" xlink:href="scriptorium.life.onnophrius.03.mark.xml#sSpan3569" target="scriptorium.life.onnophrius.03.mark.xml#sSpan3570"/>
		<rel id="sPointingRel3889" xlink:href="scriptorium.life.onnophrius.03.mark.xml#sSpan4236" target="scriptorium.life.onnophrius.03.mark.xml#sSpan4241"/>
		<rel id="sPointingRel3891" xlink:href="scriptorium.life.onnophrius.03.mark.xml#sSpan1788" target="scriptorium.life.onnophrius.03.mark.xml#sSpan1790"/>
		<rel id="sPointingRel3893" xlink:href="scriptorium.life.onnophrius.03.mark.xml#sSpan2968" target="scriptorium.life.onnophrius.03.mark.xml#sSpan2970"/>
		<rel id="sPointingRel3895" xlink:href="scriptorium.life.onnophrius.03.mark.xml#sSpan4170" target="scriptorium.life.onnophrius.03.mark.xml#sSpan4168"/>
		<rel id="sPointingRel3897" xlink:href="scriptorium.life.onnophrius.03.mark.xml#sSpan1279" target="scriptorium.life.onnophrius.03.mark.xml#sSpan1281"/>
		<rel id="sPointingRel3899" xlink:href="scriptorium.life.onnophrius.03.mark.xml#sSpan2470" target="scriptorium.life.onnophrius.03.mark.xml#sSpan2471"/>
		<rel id="sPointingRel3901" xlink:href="scriptorium.life.onnophrius.03.mark.xml#sSpan2922" target="scriptorium.life.onnophrius.03.mark.xml#sSpan2924"/>
		<rel id="sPointingRel3903" xlink:href="scriptorium.life.onnophrius.03.mark.xml#sSpan6325" target="scriptorium.life.onnophrius.03.mark.xml#sSpan6323"/>
		<rel id="sPointingRel3905" xlink:href="scriptorium.life.onnophrius.03.mark.xml#sSpan2585" target="scriptorium.life.onnophrius.03.mark.xml#sSpan2587"/>
		<rel id="sPointingRel3907" xlink:href="scriptorium.life.onnophrius.03.mark.xml#sSpan5617" target="scriptorium.life.onnophrius.03.mark.xml#sSpan5620"/>
		<rel id="sPointingRel3909" xlink:href="scriptorium.life.onnophrius.03.mark.xml#sSpan3999" target="scriptorium.life.onnophrius.03.mark.xml#sSpan4000"/>
		<rel id="sPointingRel3911" xlink:href="scriptorium.life.onnophrius.03.mark.xml#sSpan1252" target="scriptorium.life.onnophrius.03.mark.xml#sSpan1254"/>
		<rel id="sPointingRel3913" xlink:href="scriptorium.life.onnophrius.03.mark.xml#sSpan3679" target="scriptorium.life.onnophrius.03.mark.xml#sSpan3680"/>
		<rel id="sPointingRel3915" xlink:href="scriptorium.life.onnophrius.03.mark.xml#sSpan1211" target="scriptorium.life.onnophrius.03.mark.xml#sSpan1209"/>
		<rel id="sPointingRel3917" xlink:href="scriptorium.life.onnophrius.03.mark.xml#sSpan6552" target="scriptorium.life.onnophrius.03.mark.xml#sSpan6553"/>
		<rel id="sPointingRel3919" xlink:href="scriptorium.life.onnophrius.03.mark.xml#sSpan5192" target="scriptorium.life.onnophrius.03.mark.xml#sSpan5193"/>
		<rel id="sPointingRel3921" xlink:href="scriptorium.life.onnophrius.03.mark.xml#sSpan6614" target="scriptorium.life.onnophrius.03.mark.xml#sSpan6610"/>
		<rel id="sPointingRel3923" xlink:href="scriptorium.life.onnophrius.03.mark.xml#sSpan3181" target="scriptorium.life.onnophrius.03.mark.xml#sSpan3183"/>
		<rel id="sPointingRel3925" xlink:href="scriptorium.life.onnophrius.03.mark.xml#sSpan5139" target="scriptorium.life.onnophrius.03.mark.xml#sSpan5140"/>
		<rel id="sPointingRel3927" xlink:href="scriptorium.life.onnophrius.03.mark.xml#sSpan4017" target="scriptorium.life.onnophrius.03.mark.xml#sSpan4015"/>
		<rel id="sPointingRel3929" xlink:href="scriptorium.life.onnophrius.03.mark.xml#sSpan1324" target="scriptorium.life.onnophrius.03.mark.xml#sSpan1320"/>
		<rel id="sPointingRel3931" xlink:href="scriptorium.life.onnophrius.03.mark.xml#sSpan3094" target="scriptorium.life.onnophrius.03.mark.xml#sSpan3095"/>
		<rel id="sPointingRel3933" xlink:href="scriptorium.life.onnophrius.03.mark.xml#sSpan4173" target="scriptorium.life.onnophrius.03.mark.xml#sSpan4174"/>
		<rel id="sPointingRel3935" xlink:href="scriptorium.life.onnophrius.03.mark.xml#sSpan207" target="scriptorium.life.onnophrius.03.mark.xml#sSpan208"/>
		<rel id="sPointingRel3937" xlink:href="scriptorium.life.onnophrius.03.mark.xml#sSpan660" target="scriptorium.life.onnophrius.03.mark.xml#sSpan658"/>
		<rel id="sPointingRel3939" xlink:href="scriptorium.life.onnophrius.03.mark.xml#sSpan3153" target="scriptorium.life.onnophrius.03.mark.xml#sSpan3154"/>
		<rel id="sPointingRel3941" xlink:href="scriptorium.life.onnophrius.03.mark.xml#sSpan758" target="scriptorium.life.onnophrius.03.mark.xml#sSpan756"/>
		<rel id="sPointingRel3943" xlink:href="scriptorium.life.onnophrius.03.mark.xml#sSpan6046" target="scriptorium.life.onnophrius.03.mark.xml#sSpan6047"/>
		<rel id="sPointingRel3945" xlink:href="scriptorium.life.onnophrius.03.mark.xml#sSpan1882" target="scriptorium.life.onnophrius.03.mark.xml#sSpan1886"/>
		<rel id="sPointingRel3947" xlink:href="scriptorium.life.onnophrius.03.mark.xml#sSpan6260" target="scriptorium.life.onnophrius.03.mark.xml#sSpan6261"/>
		<rel id="sPointingRel3949" xlink:href="scriptorium.life.onnophrius.03.mark.xml#sSpan5651" target="scriptorium.life.onnophrius.03.mark.xml#sSpan5652"/>
		<rel id="sPointingRel3951" xlink:href="scriptorium.life.onnophrius.03.mark.xml#sSpan5576" target="scriptorium.life.onnophrius.03.mark.xml#sSpan5573"/>
		<rel id="sPointingRel3953" xlink:href="scriptorium.life.onnophrius.03.mark.xml#sSpan4394" target="scriptorium.life.onnophrius.03.mark.xml#sSpan4395"/>
		<rel id="sPointingRel3955" xlink:href="scriptorium.life.onnophrius.03.mark.xml#sSpan4795" target="scriptorium.life.onnophrius.03.mark.xml#sSpan4802"/>
		<rel id="sPointingRel3957" xlink:href="scriptorium.life.onnophrius.03.mark.xml#sSpan5891" target="scriptorium.life.onnophrius.03.mark.xml#sSpan5894"/>
		<rel id="sPointingRel3959" xlink:href="scriptorium.life.onnophrius.03.mark.xml#sSpan2519" target="scriptorium.life.onnophrius.03.mark.xml#sSpan2520"/></relList></paula>