<?xml version='1.0' encoding='UTF-8'?><!DOCTYPE paula SYSTEM "paula_feat.dtd">
<paula version="1.1">
	<header paula_id="scriptorium.life.onnophrius.03.mark_multiword"/>
	<featList xmlns:xlink="http://www.w3.org/1999/xlink" type="multiword" xml:base="scriptorium.life.onnophrius.03.mark.xml">
		<feat xlink:href="#sSpan598" value="ⲕⲱ ⲉ"/>
		<feat xlink:href="#sSpan687" value="ⲕⲱ ⲉ"/>
		<feat xlink:href="#sSpan836" value="ⲣ ⲧ ϩⲉ"/>
		<feat xlink:href="#sSpan861" value="ⲣ ⲧ ϩⲉ"/>
		<feat xlink:href="#sSpan1097" value="ⲃⲱⲕ ⲉ"/>
		<feat xlink:href="#sSpan1204" value="ⲃⲱⲕ ⲉ"/>
		<feat xlink:href="#sSpan2980" value="ϩⲉ ⲉ"/>
		<feat xlink:href="#sSpan3146" value="ⲛⲕⲟⲧⲕ ⲉ"/>
		<feat xlink:href="#sSpan3514" value="ϭⲱ ⲉ"/>
		<feat xlink:href="#sSpan3610" value="ⲙⲏⲏϣⲉ ⲛ"/>
		<feat xlink:href="#sSpan3638" value="ⲱϣ ⲉⲃⲟⲗ"/>
		<feat xlink:href="#sSpan4550" value="ⲉⲓⲥ ϩⲏⲏⲧⲉ"/>
		<feat xlink:href="#sSpan4568" value="ⲉⲓⲛⲉ ⲉϩⲟⲩⲛ"/>
		<feat xlink:href="#sSpan4780" value="ⲉⲓ ⲉ"/>
		<feat xlink:href="#sSpan4838" value="ⲉⲓⲛⲉ ⲙⲙⲟ"/>
		<feat xlink:href="#sSpan4972" value="ⲛⲏⲩ ⲉϩⲟⲩⲛ"/>
		<feat xlink:href="#sSpan5261" value="ⲃⲱⲕ ⲉ"/>
		<feat xlink:href="#sSpan5575" value="ϩⲱⲃ ⲛⲓⲙ"/>
		<feat xlink:href="#sSpan5812" value="ⲉⲓ ⲉⲃⲟⲗ"/>
		<feat xlink:href="#sSpan5876" value="ⲉⲓ ⲉⲃⲟⲗ"/>
		<feat xlink:href="#sSpan6029" value="ϭⲱ ⲉ"/>
		<feat xlink:href="#sSpan6082" value="ⲙⲉⲉⲩⲉ ⲉⲃⲟⲗ"/>
		<feat xlink:href="#sSpan6469" value="ϣⲏⲣⲉ ϣⲏⲙ"/></featList></paula>