<?xml version='1.0' encoding='UTF-8'?><!DOCTYPE paula SYSTEM "paula_feat.dtd">
<paula version="1.1">
	<header paula_id="scriptorium.life.onnophrius.03.mark_ed_line_n"/>
	<featList xmlns:xlink="http://www.w3.org/1999/xlink" type="ed_line_n" xml:base="scriptorium.life.onnophrius.03.mark.xml">
		<feat xlink:href="#sSpan5" value="19"/>
		<feat xlink:href="#sSpan65" value="20"/>
		<feat xlink:href="#sSpan113" value="21"/>
		<feat xlink:href="#sSpan165" value="22"/>
		<feat xlink:href="#sSpan214" value="23"/>
		<feat xlink:href="#sSpan258" value="24"/>
		<feat xlink:href="#sSpan302" value="25"/>
		<feat xlink:href="#sSpan344" value="26"/>
		<feat xlink:href="#sSpan390" value="27"/>
		<feat xlink:href="#sSpan428" value="28"/>
		<feat xlink:href="#sSpan466" value="29"/>
		<feat xlink:href="#sSpan499" value="30"/>
		<feat xlink:href="#sSpan546" value="31"/>
		<feat xlink:href="#sSpan603" value="32"/>
		<feat xlink:href="#sSpan651" value="33"/>
		<feat xlink:href="#sSpan698" value="34"/>
		<feat xlink:href="#sSpan754" value="1"/>
		<feat xlink:href="#sSpan796" value="2"/>
		<feat xlink:href="#sSpan850" value="3"/>
		<feat xlink:href="#sSpan901" value="4"/>
		<feat xlink:href="#sSpan953" value="5"/>
		<feat xlink:href="#sSpan1004" value="6"/>
		<feat xlink:href="#sSpan1044" value="7"/>
		<feat xlink:href="#sSpan1087" value="8"/>
		<feat xlink:href="#sSpan1129" value="9"/>
		<feat xlink:href="#sSpan1171" value="10"/>
		<feat xlink:href="#sSpan1217" value="11"/>
		<feat xlink:href="#sSpan1253" value="12"/>
		<feat xlink:href="#sSpan1300" value="13"/>
		<feat xlink:href="#sSpan1352" value="14"/>
		<feat xlink:href="#sSpan1405" value="15"/>
		<feat xlink:href="#sSpan1447" value="16"/>
		<feat xlink:href="#sSpan1487" value="17"/>
		<feat xlink:href="#sSpan1523" value="18"/>
		<feat xlink:href="#sSpan1564" value="19"/>
		<feat xlink:href="#sSpan1610" value="20"/>
		<feat xlink:href="#sSpan1656" value="21"/>
		<feat xlink:href="#sSpan1704" value="22"/>
		<feat xlink:href="#sSpan1750" value="23"/>
		<feat xlink:href="#sSpan1793" value="24"/>
		<feat xlink:href="#sSpan1842" value="25"/>
		<feat xlink:href="#sSpan1885" value="26"/>
		<feat xlink:href="#sSpan1932" value="27"/>
		<feat xlink:href="#sSpan1976" value="28"/>
		<feat xlink:href="#sSpan2029" value="29"/>
		<feat xlink:href="#sSpan2071" value="30"/>
		<feat xlink:href="#sSpan2114" value="31"/>
		<feat xlink:href="#sSpan2159" value="32"/>
		<feat xlink:href="#sSpan2200" value="33"/>
		<feat xlink:href="#sSpan2239" value="34"/>
		<feat xlink:href="#sSpan2284" value="1"/>
		<feat xlink:href="#sSpan2327" value="2"/>
		<feat xlink:href="#sSpan2362" value="3"/>
		<feat xlink:href="#sSpan2403" value="4"/>
		<feat xlink:href="#sSpan2447" value="5"/>
		<feat xlink:href="#sSpan2496" value="6"/>
		<feat xlink:href="#sSpan2544" value="7"/>
		<feat xlink:href="#sSpan2586" value="8"/>
		<feat xlink:href="#sSpan2636" value="9"/>
		<feat xlink:href="#sSpan2677" value="10"/>
		<feat xlink:href="#sSpan2703" value="11"/>
		<feat xlink:href="#sSpan2750" value="12"/>
		<feat xlink:href="#sSpan2789" value="13"/>
		<feat xlink:href="#sSpan2829" value="14"/>
		<feat xlink:href="#sSpan2871" value="15"/>
		<feat xlink:href="#sSpan2917" value="16"/>
		<feat xlink:href="#sSpan2955" value="17"/>
		<feat xlink:href="#sSpan2995" value="18"/>
		<feat xlink:href="#sSpan3029" value="19"/>
		<feat xlink:href="#sSpan3042" value="20"/>
		<feat xlink:href="#sSpan3091" value="21"/>
		<feat xlink:href="#sSpan3121" value="22"/>
		<feat xlink:href="#sSpan3178" value="23"/>
		<feat xlink:href="#sSpan3220" value="24"/>
		<feat xlink:href="#sSpan3260" value="25"/>
		<feat xlink:href="#sSpan3302" value="26"/>
		<feat xlink:href="#sSpan3335" value="27"/>
		<feat xlink:href="#sSpan3370" value="28"/>
		<feat xlink:href="#sSpan3416" value="29"/>
		<feat xlink:href="#sSpan3463" value="30"/>
		<feat xlink:href="#sSpan3509" value="31"/>
		<feat xlink:href="#sSpan3560" value="32"/>
		<feat xlink:href="#sSpan3604" value="33"/>
		<feat xlink:href="#sSpan3647" value="34"/>
		<feat xlink:href="#sSpan3659" value="1"/>
		<feat xlink:href="#sSpan3715" value="2"/>
		<feat xlink:href="#sSpan3770" value="3"/>
		<feat xlink:href="#sSpan3813" value="4"/>
		<feat xlink:href="#sSpan3862" value="5"/>
		<feat xlink:href="#sSpan3913" value="6"/>
		<feat xlink:href="#sSpan3960" value="7"/>
		<feat xlink:href="#sSpan4010" value="8"/>
		<feat xlink:href="#sSpan4057" value="9"/>
		<feat xlink:href="#sSpan4099" value="10"/>
		<feat xlink:href="#sSpan4157" value="11"/>
		<feat xlink:href="#sSpan4206" value="12"/>
		<feat xlink:href="#sSpan4251" value="13"/>
		<feat xlink:href="#sSpan4293" value="14"/>
		<feat xlink:href="#sSpan4317" value="15"/>
		<feat xlink:href="#sSpan4366" value="16"/>
		<feat xlink:href="#sSpan4413" value="17"/>
		<feat xlink:href="#sSpan4462" value="18"/>
		<feat xlink:href="#sSpan4510" value="19"/>
		<feat xlink:href="#sSpan4555" value="20"/>
		<feat xlink:href="#sSpan4602" value="21"/>
		<feat xlink:href="#sSpan4647" value="22"/>
		<feat xlink:href="#sSpan4698" value="23"/>
		<feat xlink:href="#sSpan4744" value="24"/>
		<feat xlink:href="#sSpan4790" value="25"/>
		<feat xlink:href="#sSpan4833" value="26"/>
		<feat xlink:href="#sSpan4876" value="27"/>
		<feat xlink:href="#sSpan4936" value="28"/>
		<feat xlink:href="#sSpan4977" value="29"/>
		<feat xlink:href="#sSpan5025" value="30"/>
		<feat xlink:href="#sSpan5066" value="31"/>
		<feat xlink:href="#sSpan5107" value="32"/>
		<feat xlink:href="#sSpan5146" value="33"/>
		<feat xlink:href="#sSpan5160" value="34"/>
		<feat xlink:href="#sSpan5217" value="1"/>
		<feat xlink:href="#sSpan5266" value="2"/>
		<feat xlink:href="#sSpan5320" value="3"/>
		<feat xlink:href="#sSpan5378" value="4"/>
		<feat xlink:href="#sSpan5419" value="5"/>
		<feat xlink:href="#sSpan5460" value="6"/>
		<feat xlink:href="#sSpan5503" value="7"/>
		<feat xlink:href="#sSpan5550" value="8"/>
		<feat xlink:href="#sSpan5591" value="9"/>
		<feat xlink:href="#sSpan5630" value="10"/>
		<feat xlink:href="#sSpan5672" value="11"/>
		<feat xlink:href="#sSpan5704" value="12"/>
		<feat xlink:href="#sSpan5756" value="13"/>
		<feat xlink:href="#sSpan5805" value="14"/>
		<feat xlink:href="#sSpan5834" value="15"/>
		<feat xlink:href="#sSpan5892" value="16"/>
		<feat xlink:href="#sSpan5938" value="17"/>
		<feat xlink:href="#sSpan5975" value="18"/>
		<feat xlink:href="#sSpan6014" value="19"/>
		<feat xlink:href="#sSpan6071" value="20"/>
		<feat xlink:href="#sSpan6111" value="21"/>
		<feat xlink:href="#sSpan6156" value="22"/>
		<feat xlink:href="#sSpan6201" value="23"/>
		<feat xlink:href="#sSpan6241" value="24"/>
		<feat xlink:href="#sSpan6278" value="25"/>
		<feat xlink:href="#sSpan6322" value="26"/>
		<feat xlink:href="#sSpan6366" value="27"/>
		<feat xlink:href="#sSpan6415" value="28"/>
		<feat xlink:href="#sSpan6459" value="29"/>
		<feat xlink:href="#sSpan6503" value="30"/>
		<feat xlink:href="#sSpan6549" value="31"/>
		<feat xlink:href="#sSpan6588" value="32"/>
		<feat xlink:href="#sSpan6630" value="33"/></featList></paula>