<?xml version='1.0' encoding='UTF-8'?><!DOCTYPE paula SYSTEM "paula_feat.dtd">
<paula version="1.1">
	<header paula_id="scriptorium.life.onnophrius.03.mark_orig_group"/>
	<featList xmlns:xlink="http://www.w3.org/1999/xlink" type="orig_group" xml:base="scriptorium.life.onnophrius.03.mark.xml">
		<feat xlink:href="#sSpan4" value="Ⲛⲧⲉⲣⲛ̅ϫⲱⲕ"/>
		<feat xlink:href="#sSpan19" value="ⲇⲉ"/>
		<feat xlink:href="#sSpan23" value="ⲉⲃⲟⲗ"/>
		<feat xlink:href="#sSpan27" value="ⲙ̅ⲡⲉϣⲗⲏⲗ"/>
		<feat xlink:href="#sSpan36" value="·"/>
		<feat xlink:href="#sSpan40" value="ⲁⲛϯ"/>
		<feat xlink:href="#sSpan48" value="ⲙ̅ⲡϩⲁⲙⲏⲛ"/>
		<feat xlink:href="#sSpan58" value="·"/>
		<feat xlink:href="#sSpan62" value="ⲁⲛϩⲙⲟⲟⲥ"/>
		<feat xlink:href="#sSpan74" value="ⲇⲉ"/>
		<feat xlink:href="#sSpan78" value="ϩⲓⲟⲩⲥⲟⲡ"/>
		<feat xlink:href="#sSpan86" value="ⲁⲛϭⲱ"/>
		<feat xlink:href="#sSpan96" value="ⲛ̅ϣⲁϫⲉ"/>
		<feat xlink:href="#sSpan103" value="ⲙ̅ⲙⲛ̅ⲧ̅ⲛⲟϭ"/>
		<feat xlink:href="#sSpan112" value="ⲙ̅ⲡⲛⲟⲩⲧⲉ"/>
		<feat xlink:href="#sSpan122" value="·"/>
		<feat xlink:href="#sSpan126" value="ⲁⲩⲱ"/>
		<feat xlink:href="#sSpan132" value="ⲙ̅ⲡⲛⲁⲩ"/>
		<feat xlink:href="#sSpan141" value="ⲙ̅ⲡⲣⲏ"/>
		<feat xlink:href="#sSpan150" value="ⲉϥⲛⲁϩⲱⲧⲡ̅"/>
		<feat xlink:href="#sSpan160" value="·"/>
		<feat xlink:href="#sSpan164" value="ⲁⲓϭⲱϣⲧ̅"/>
		<feat xlink:href="#sSpan173" value="ⲁⲓⲛⲁⲩ"/>
		<feat xlink:href="#sSpan183" value="ⲉⲩⲟⲉⲓⲕ"/>
		<feat xlink:href="#sSpan192" value="ⲉϥⲕⲏ"/>
		<feat xlink:href="#sSpan200" value="ⲉϩⲣⲁⲓ"/>
		<feat xlink:href="#sSpan204" value="ⲙⲛ̅ⲟⲩϩⲛⲁⲩ"/>
		<feat xlink:href="#sSpan213" value="ⲙ̅ⲙⲟⲟⲩ"/>
		<feat xlink:href="#sSpan221" value="·"/>
		<feat xlink:href="#sSpan225" value="ⲡⲉϫⲁϥ"/>
		<feat xlink:href="#sSpan234" value="ⲛⲁⲓ̅"/>
		<feat xlink:href="#sSpan240" value="ϫⲉⲧⲱⲟⲩⲛ"/>
		<feat xlink:href="#sSpan247" value="ⲡⲁⲥⲟⲛ"/>
		<feat xlink:href="#sSpan253" value="ⲛⲅ̅ⲟⲩⲱⲙ"/>
		<feat xlink:href="#sSpan262" value="·"/>
		<feat xlink:href="#sSpan266" value="ⲁⲩⲱ"/>
		<feat xlink:href="#sSpan270" value="ⲛⲅ̅ⲥⲱ"/>
		<feat xlink:href="#sSpan278" value="ⲙ̅ⲡⲉⲓⲕⲟⲩⲓ"/>
		<feat xlink:href="#sSpan287" value="ⲙ̅ⲙⲟⲟⲩ"/>
		<feat xlink:href="#sSpan293" value="·"/>
		<feat xlink:href="#sSpan297" value="ϫⲉϯⲛⲁⲩ"/>
		<feat xlink:href="#sSpan306" value="ⲉⲣⲟⲕ"/>
		<feat xlink:href="#sSpan312" value="ϫⲉⲉⲕⲕⲩⲛⲇⲩⲛⲉⲩⲉ"/>
		<feat xlink:href="#sSpan323" value="·"/>
		<feat xlink:href="#sSpan327" value="ϩⲁⲡⲉϩⲕⲟ"/>
		<feat xlink:href="#sSpan336" value="·"/>
		<feat xlink:href="#sSpan340" value="ⲙⲛ̅ⲡⲉⲓⲃⲉ"/>
		<feat xlink:href="#sSpan350" value="ⲙⲛ̅ⲡϩⲓⲥⲉ"/>
		<feat xlink:href="#sSpan359" value="ⲛ̅ⲛⲉϩⲓⲟⲟⲩⲉ"/>
		<feat xlink:href="#sSpan368" value="·"/>
		<feat xlink:href="#sSpan372" value="ⲁⲛⲟⲕ"/>
		<feat xlink:href="#sSpan379" value="ⲇⲉ"/>
		<feat xlink:href="#sSpan383" value="ⲡⲉϫⲁⲓ"/>
		<feat xlink:href="#sSpan389" value="ⲛⲁϥ"/>
		<feat xlink:href="#sSpan397" value="ϫⲉϥⲟⲛϩ̅"/>
		<feat xlink:href="#sSpan405" value="ⲛ̅ϭⲓⲡⲛⲟⲩⲧⲉ"/>
		<feat xlink:href="#sSpan414" value="ⲡⲡⲁⲛⲧⲱⲕⲣⲁⲧⲱⲣ"/>
		<feat xlink:href="#sSpan421" value="·"/>
		<feat xlink:href="#sSpan425" value="ϫⲉⲛ̅ϯⲛⲁⲟⲩⲱⲙ"/>
		<feat xlink:href="#sSpan438" value="ⲁⲛ"/>
		<feat xlink:href="#sSpan443" value="ⲟⲩⲇⲉ"/>
		<feat xlink:href="#sSpan447" value="ⲛ̅ϯⲛⲁⲥⲱ"/>
		<feat xlink:href="#sSpan457" value="ⲁⲛ"/>
		<feat xlink:href="#sSpan461" value="ϣⲁⲛⲧⲛ̅ⲥⲟⲟⲩⲧⲛ̅"/>
		<feat xlink:href="#sSpan470" value="ⲉⲃⲟⲗ"/>
		<feat xlink:href="#sSpan474" value="ⲛ̅ⲧⲛ̅ⲟⲩⲱⲙ"/>
		<feat xlink:href="#sSpan482" value="ⲙⲛ̅ⲛⲉⲛⲉⲣⲏⲩ"/>
		<feat xlink:href="#sSpan490" value="·"/>
		<feat xlink:href="#sSpan494" value="Ⲛ̅ⲧⲉⲣⲉⲓϭⲱ"/>
		<feat xlink:href="#sSpan506" value="ⲇⲉ"/>
		<feat xlink:href="#sSpan510" value="ⲉⲓϭⲱⲣϣ̅"/>
		<feat xlink:href="#sSpan518" value="ⲉⲣⲟϥ"/>
		<feat xlink:href="#sSpan525" value="ⲙⲟⲅⲓⲥ"/>
		<feat xlink:href="#sSpan529" value="ⲁⲛⲥⲟⲟⲩⲧⲛ̅"/>
		<feat xlink:href="#sSpan537" value="ⲉⲃⲟⲗ"/>
		<feat xlink:href="#sSpan541" value="·"/>
		<feat xlink:href="#sSpan545" value="ⲙⲛ̅ⲛⲉⲛⲉⲣⲏⲩ"/>
		<feat xlink:href="#sSpan554" value="·"/>
		<feat xlink:href="#sSpan558" value="ⲁⲛⲡⲱϣ"/>
		<feat xlink:href="#sSpan568" value="ⲙ̅ⲡⲟⲉⲓⲕ"/>
		<feat xlink:href="#sSpan577" value="ⲁⲛⲟⲩⲱⲙ"/>
		<feat xlink:href="#sSpan587" value="·"/>
		<feat xlink:href="#sSpan591" value="ⲁⲛⲕⲱ"/>
		<feat xlink:href="#sSpan602" value="ⲉⲡⲁϩⲟⲩ"/>
		<feat xlink:href="#sSpan609" value="ⲛ̅ϩⲏⲧϥ̅"/>
		<feat xlink:href="#sSpan615" value="·"/>
		<feat xlink:href="#sSpan619" value="ⲁⲛⲥⲱ"/>
		<feat xlink:href="#sSpan630" value="ⲇⲉ"/>
		<feat xlink:href="#sSpan634" value="ⲟⲛ"/>
		<feat xlink:href="#sSpan638" value="ⲙ̅ⲡⲉⲥⲛⲁⲩ"/>
		<feat xlink:href="#sSpan647" value="ϩⲙ̅ⲡⲉϩⲛⲁⲩ"/>
		<feat xlink:href="#sSpan657" value="ⲙ̅ⲙⲟⲟⲩ"/>
		<feat xlink:href="#sSpan664" value="·"/>
		<feat xlink:href="#sSpan668" value="ⲁⲛⲥⲉⲓ"/>
		<feat xlink:href="#sSpan678" value="ⲁⲩⲱ"/>
		<feat xlink:href="#sSpan682" value="ⲁⲛⲕⲱ"/>
		<feat xlink:href="#sSpan691" value="ⲉⲡⲁϩⲟⲩ"/>
		<feat xlink:href="#sSpan697" value="ⲛ̅ϩⲏⲧϥ̅"/>
		<feat xlink:href="#sSpan704" value="·"/>
		<feat xlink:href="#sSpan708" value="ⲁⲩⲱ"/>
		<feat xlink:href="#sSpan714" value="ⲁⲛⲣ̅ⲧⲉⲩϣⲏ"/>
		<feat xlink:href="#sSpan727" value="ⲧⲏⲣⲥ̅"/>
		<feat xlink:href="#sSpan733" value="ⲛ̅ϣⲗⲏⲗ"/>
		<feat xlink:href="#sSpan740" value="·"/>
		<feat xlink:href="#sSpan744" value="ⲉⲡⲛⲟⲩⲧⲉ"/>
		<feat xlink:href="#sSpan753" value="ϣⲁϩⲧⲟⲟⲩⲉ"/>
		<feat xlink:href="#sSpan762" value="·"/>
		<feat xlink:href="#sSpan766" value="ⲛ̅ⲧⲉⲣⲉϩⲧⲟⲟⲩⲉ"/>
		<feat xlink:href="#sSpan776" value="ⲇⲉ"/>
		<feat xlink:href="#sSpan780" value="ϣⲱⲡⲉ"/>
		<feat xlink:href="#sSpan784" value="ⲁⲓⲛⲁⲩ"/>
		<feat xlink:href="#sSpan792" value="ⲉⲡⲉϥϩⲟ"/>
		<feat xlink:href="#sSpan802" value="ⲛ̅ⲧⲁϥϣⲓⲃⲉ"/>
		<feat xlink:href="#sSpan812" value="ⲁϥⲡⲱⲛⲉ"/>
		<feat xlink:href="#sSpan822" value="·"/>
		<feat xlink:href="#sSpan827" value="ϩⲱⲥ"/>
		<feat xlink:href="#sSpan831" value="ⲛϥ̅ⲣ̅ⲑⲉ"/>
		<feat xlink:href="#sSpan844" value="ⲛ̅ⲕⲉⲣⲱⲙⲉ"/>
		<feat xlink:href="#sSpan854" value="ⲁϥⲣ̅ⲑⲉ"/>
		<feat xlink:href="#sSpan869" value="ⲛ̅ⲟⲩⲕⲱϩⲧ̅"/>
		<feat xlink:href="#sSpan878" value="ⲧⲏⲣϥ̅"/>
		<feat xlink:href="#sSpan884" value="·"/>
		<feat xlink:href="#sSpan888" value="ⲁⲩⲱ"/>
		<feat xlink:href="#sSpan894" value="ⲁⲧⲉϥⲙⲟⲣⲫⲏ"/>
		<feat xlink:href="#sSpan906" value="ϯϩⲟⲧⲉ"/>
		<feat xlink:href="#sSpan911" value="ⲛⲁⲓ"/>
		<feat xlink:href="#sSpan917" value="ⲉⲙⲁⲧⲉ"/>
		<feat xlink:href="#sSpan921" value="·"/>
		<feat xlink:href="#sSpan925" value="ⲛ̅ⲧⲟϥ"/>
		<feat xlink:href="#sSpan932" value="ⲇⲉ"/>
		<feat xlink:href="#sSpan936" value="ⲡⲉϫⲁϥ"/>
		<feat xlink:href="#sSpan942" value="ⲛⲁⲓ"/>
		<feat xlink:href="#sSpan948" value="·"/>
		<feat xlink:href="#sSpan952" value="ϫⲉⲙ̅ⲡⲣ̅ⲣ̅ϩⲟⲧⲉ"/>
		<feat xlink:href="#sSpan963" value="ⲡⲁⲥⲟⲛ"/>
		<feat xlink:href="#sSpan970" value="·"/>
		<feat xlink:href="#sSpan974" value="ⲡⲁⲡⲛⲟⲩⲧⲉ"/>
		<feat xlink:href="#sSpan983" value="·"/>
		<feat xlink:href="#sSpan987" value="ⲛ̅ⲧⲁⲡϫⲥ̅"/>
		<feat xlink:href="#sSpan999" value="ⲅⲁⲣ"/>
		<feat xlink:href="#sSpan1003" value="ⲧⲛ̅ⲛⲟⲟⲩⲕ"/>
		<feat xlink:href="#sSpan1010" value="ⲉϥⲓ"/>
		<feat xlink:href="#sSpan1016" value="ⲡⲣⲟⲟⲩϣ"/>
		<feat xlink:href="#sSpan1023" value="ⲙ̅ⲡⲁⲥⲱⲙⲁ"/>
		<feat xlink:href="#sSpan1033" value="ⲛⲅ̅ⲧⲟⲙⲥϥ̅"/>
		<feat xlink:href="#sSpan1043" value="ϩⲣⲁⲓ"/>
		<feat xlink:href="#sSpan1052" value="ⲅⲁⲣ"/>
		<feat xlink:href="#sSpan1056" value="ϩⲙ̅ⲡⲟⲟⲩ"/>
		<feat xlink:href="#sSpan1065" value="ⲛ̅ϩⲟⲟⲩ"/>
		<feat xlink:href="#sSpan1071" value="ϯⲛⲁϫⲱⲕ"/>
		<feat xlink:href="#sSpan1079" value="ⲉⲃⲟⲗ"/>
		<feat xlink:href="#sSpan1083" value="ⲛ̅ⲧⲁⲟⲓⲕⲟⲛⲟⲙⲓⲁ"/>
		<feat xlink:href="#sSpan1094" value="ⲧⲁⲃⲱⲕ"/>
		<feat xlink:href="#sSpan1101" value="ⲉⲡⲙⲁ"/>
		<feat xlink:href="#sSpan1110" value="ⲛ̅ⲙ̅ⲧⲟⲛ"/>
		<feat xlink:href="#sSpan1117" value="ϣⲁⲉⲛⲉϩ"/>
		<feat xlink:href="#sSpan1124" value="·"/>
		<feat xlink:href="#sSpan1128" value="ⲛⲉⲥⲟⲩⲙⲛ̅ⲧⲁⲥⲉ"/>
		<feat xlink:href="#sSpan1142" value="ⲅⲁⲣ"/>
		<feat xlink:href="#sSpan1146" value="ⲙ̅ⲡⲉⲃⲟⲧ"/>
		<feat xlink:href="#sSpan1155" value="ⲡⲁⲱⲛⲉ"/>
		<feat xlink:href="#sSpan1159" value="ⲡⲉ"/>
		<feat xlink:href="#sSpan1163" value="ⲡⲉϩⲟⲟⲩ"/>
		<feat xlink:href="#sSpan1170" value="ⲉⲧⲙ̅ⲙⲁⲩ"/>
		<feat xlink:href="#sSpan1177" value="·"/>
		<feat xlink:href="#sSpan1181" value="ⲡⲉϫⲁϥ"/>
		<feat xlink:href="#sSpan1189" value="ⲟⲛ"/>
		<feat xlink:href="#sSpan1193" value="ⲛⲁⲓ"/>
		<feat xlink:href="#sSpan1199" value="ϫⲉⲉⲕϣⲁⲛⲃⲱⲕ"/>
		<feat xlink:href="#sSpan1208" value="ⲉⲕⲏⲙⲉ"/>
		<feat xlink:href="#sSpan1216" value="ⲧⲁϣⲉⲟⲉⲓϣ"/>
		<feat xlink:href="#sSpan1222" value="ⲙ̅ⲡⲁⲣ̅ⲡⲙⲉⲉⲩⲉ"/>
		<feat xlink:href="#sSpan1234" value="·"/>
		<feat xlink:href="#sSpan1238" value="ⲉⲩⲥϯⲛⲟⲩϥⲉ"/>
		<feat xlink:href="#sSpan1249" value="ⲛ̅ⲛⲉⲥⲛⲏⲩ"/>
		<feat xlink:href="#sSpan1259" value="·"/>
		<feat xlink:href="#sSpan1263" value="ⲡⲉⲧⲛⲁϯ"/>
		<feat xlink:href="#sSpan1276" value="ⲛ̅ⲟⲩⲡⲣⲟⲥⲫⲟⲣⲁ"/>
		<feat xlink:href="#sSpan1286" value="·"/>
		<feat xlink:href="#sSpan1290" value="ϩⲙ̅ⲡⲁⲣⲁⲛ"/>
		<feat xlink:href="#sSpan1299" value="ⲉⲩⲣ̅ⲡⲙⲉⲉⲩⲉ"/>
		<feat xlink:href="#sSpan1312" value="ⲛⲁⲓ"/>
		<feat xlink:href="#sSpan1318" value="·"/>
		<feat xlink:href="#sSpan1323" value="ⲓ̅ⲥ̅"/>
		<feat xlink:href="#sSpan1328" value="ϩⲱⲱϥ"/>
		<feat xlink:href="#sSpan1334" value="ⲛⲁⲛ̅ⲧϥ̅"/>
		<feat xlink:href="#sSpan1342" value="ϩⲛ̅ⲧϣⲟⲣⲡ̅"/>
		<feat xlink:href="#sSpan1351" value="ⲛ̅ⲟⲩⲛⲟⲩ"/>
		<feat xlink:href="#sSpan1358" value="ⲙ̅ⲡϣⲟ"/>
		<feat xlink:href="#sSpan1367" value="ⲛ̅ⲣⲟⲙⲡⲉ"/>
		<feat xlink:href="#sSpan1373" value="·"/>
		<feat xlink:href="#sSpan1377" value="ⲁⲛⲟⲕ"/>
		<feat xlink:href="#sSpan1384" value="ⲇⲉ"/>
		<feat xlink:href="#sSpan1388" value="ⲡⲉϫⲁⲓ"/>
		<feat xlink:href="#sSpan1394" value="ⲛⲁϥ"/>
		<feat xlink:href="#sSpan1400" value="·"/>
		<feat xlink:href="#sSpan1404" value="ϫⲉⲉϣⲱⲡⲉ"/>
		<feat xlink:href="#sSpan1411" value="ⲟⲩϩⲏⲕⲉ"/>
		<feat xlink:href="#sSpan1418" value="ⲡⲉ"/>
		<feat xlink:href="#sSpan1422" value="ⲉⲙⲛ̅[ϣ]ϭⲟⲙ"/>
		<feat xlink:href="#sSpan1432" value="ⲙ̅ⲙⲟϥ"/>
		<feat xlink:href="#sSpan1438" value="·"/>
		<feat xlink:href="#sSpan1442" value="ⲉϯⲛ̅ⲟⲩⲡⲣⲟⲥⲫⲟⲣⲁ"/>
		<feat xlink:href="#sSpan1457" value="ⲙ̅ⲡⲉⲕⲣⲁⲛ"/>
		<feat xlink:href="#sSpan1466" value="·"/>
		<feat xlink:href="#sSpan1470" value="ⲡⲉϫⲁϥ"/>
		<feat xlink:href="#sSpan1478" value="ⲛⲁⲓ"/>
		<feat xlink:href="#sSpan1484" value="ϫⲉⲙⲁⲣⲉϥⲧⲙ̅ⲙⲉ"/>
		<feat xlink:href="#sSpan1495" value="ⲟⲩⲥⲟⲛ"/>
		<feat xlink:href="#sSpan1502" value="ⲛ̅ϩⲏⲕⲉ"/>
		<feat xlink:href="#sSpan1508" value="ϩⲙ̅ⲡⲁⲣⲁⲛ"/>
		<feat xlink:href="#sSpan1517" value="·"/>
		<feat xlink:href="#sSpan1522" value="Ⲡⲉϫⲁϥ"/>
		<feat xlink:href="#sSpan1532" value="ⲛⲁⲓ"/>
		<feat xlink:href="#sSpan1538" value="ϫⲉⲉϣⲱⲡⲉ"/>
		<feat xlink:href="#sSpan1545" value="ⲟⲩϩⲏⲕⲉ"/>
		<feat xlink:href="#sSpan1551" value="ⲡⲉ"/>
		<feat xlink:href="#sSpan1555" value="ⲙⲛ̅ϣϭⲟⲙ"/>
		<feat xlink:href="#sSpan1563" value="ⲙ̅ⲙⲟϥ"/>
		<feat xlink:href="#sSpan1570" value="ⲉⲧⲙ̅ⲙⲟϥ"/>
		<feat xlink:href="#sSpan1578" value="·"/>
		<feat xlink:href="#sSpan1582" value="ⲕⲛⲁⲛ̅ⲧϥ̅"/>
		<feat xlink:href="#sSpan1592" value="ⲁⲛ"/>
		<feat xlink:href="#sSpan1596" value="ⲉⲡⲇⲩⲡⲛⲟⲛ"/>
		<feat xlink:href="#sSpan1606" value="ⲛ̅ⲧϣⲟⲣⲡ̅"/>
		<feat xlink:href="#sSpan1616" value="ⲛ̅ⲟⲩⲛⲟⲩ"/>
		<feat xlink:href="#sSpan1622" value="ⲙ̅ⲡϣⲟ"/>
		<feat xlink:href="#sSpan1631" value="ⲛ̅ⲣⲟⲙⲡⲉ"/>
		<feat xlink:href="#sSpan1637" value="·"/>
		<feat xlink:href="#sSpan1641" value="ⲡⲉϫⲁϥ"/>
		<feat xlink:href="#sSpan1649" value="ⲛⲁⲓ̈"/>
		<feat xlink:href="#sSpan1655" value="ϫⲉⲙⲁⲣⲉϥϯ"/>
		<feat xlink:href="#sSpan1666" value="ⲟⲩⲕⲟⲩⲓ"/>
		<feat xlink:href="#sSpan1673" value="ⲛ̅ⲥⲧⲟⲓ"/>
		<feat xlink:href="#sSpan1679" value="ϩⲙ̅ⲡⲁⲣⲁⲛ"/>
		<feat xlink:href="#sSpan1688" value="·"/>
		<feat xlink:href="#sSpan1692" value="ⲁⲛⲟⲕ"/>
		<feat xlink:href="#sSpan1699" value="ⲇⲉ"/>
		<feat xlink:href="#sSpan1703" value="ⲡⲉϫⲁⲓ"/>
		<feat xlink:href="#sSpan1710" value="ⲛⲁϥ"/>
		<feat xlink:href="#sSpan1717" value="·"/>
		<feat xlink:href="#sSpan1721" value="ϫⲉⲉϣⲱⲡⲉ"/>
		<feat xlink:href="#sSpan1727" value="·"/>
		<feat xlink:href="#sSpan1732" value="ⲟⲩϩⲏⲕⲉ"/>
		<feat xlink:href="#sSpan1738" value="ⲡⲉ"/>
		<feat xlink:href="#sSpan1742" value="ⲙⲛ̅ϣϭⲟⲙ"/>
		<feat xlink:href="#sSpan1749" value="ⲙ̅ⲙⲟϥ"/>
		<feat xlink:href="#sSpan1756" value="ⲉϯⲥⲧⲟⲓ"/>
		<feat xlink:href="#sSpan1764" value="·"/>
		<feat xlink:href="#sSpan1768" value="ⲉϩⲣⲁⲓ"/>
		<feat xlink:href="#sSpan1772" value="ⲙ̅ⲡⲉⲕⲣⲁⲛ"/>
		<feat xlink:href="#sSpan1781" value="·"/>
		<feat xlink:href="#sSpan1785" value="ⲉⲧⲃⲉⲧⲙⲛ̅ⲧ̅ϩⲏⲕⲉ"/>
		<feat xlink:href="#sSpan1797" value="·"/>
		<feat xlink:href="#sSpan1801" value="ⲁⲓⲟ"/>
		<feat xlink:href="#sSpan1811" value="ⲡⲁⲉⲓⲱⲧ"/>
		<feat xlink:href="#sSpan1818" value="ⲉⲧⲛⲁⲛⲟⲩϥ"/>
		<feat xlink:href="#sSpan1826" value="ⲙⲁⲣⲉⲡⲉⲕⲛⲁ"/>
		<feat xlink:href="#sSpan1835" value="ⲧⲁϩⲟⲛ"/>
		<feat xlink:href="#sSpan1841" value="ⲧⲏⲣⲛ̅"/>
		<feat xlink:href="#sSpan1848" value="ϫⲉⲡⲉⲧⲕ̅ⲛⲁⲁⲓⲧⲉⲓ"/>
		<feat xlink:href="#sSpan1864" value="ⲙ̅ⲙⲟϥ"/>
		<feat xlink:href="#sSpan1870" value="ⲛ̅ⲧⲙ̅ⲡⲛⲟⲩⲧⲉ"/>
		<feat xlink:href="#sSpan1879" value="·"/>
		<feat xlink:href="#sSpan1884" value="ⲡⲛⲟⲩⲧⲉ"/>
		<feat xlink:href="#sSpan1891" value="ⲛⲁⲧⲁⲁϥ"/>
		<feat xlink:href="#sSpan1899" value="ⲛⲁⲕ"/>
		<feat xlink:href="#sSpan1905" value="·"/>
		<feat xlink:href="#sSpan1909" value="ⲡⲉϫⲁϥ"/>
		<feat xlink:href="#sSpan1917" value="ⲛⲁⲓ"/>
		<feat xlink:href="#sSpan1923" value="ϫⲉⲙⲁⲣⲉϥⲁϩⲉⲣⲁⲧϥ̅"/>
		<feat xlink:href="#sSpan1938" value="ⲛϥ̅ϫⲉϣⲟⲙⲛ̅ⲧ̅"/>
		<feat xlink:href="#sSpan1949" value="ⲛ̅ⲥⲟⲡ"/>
		<feat xlink:href="#sSpan1955" value="ⲛ̅ϣⲗⲏⲗ"/>
		<feat xlink:href="#sSpan1962" value="ⲉⲡⲛⲟⲩⲧⲉ"/>
		<feat xlink:href="#sSpan1971" value="·"/>
		<feat xlink:href="#sSpan1975" value="ϩⲙ̅ⲡⲁⲣⲁⲛ"/>
		<feat xlink:href="#sSpan1985" value="ⲁⲩⲱ"/>
		<feat xlink:href="#sSpan1989" value="ⲡϫⲥ̅"/>
		<feat xlink:href="#sSpan1997" value="ⲓ̅ⲥ̅"/>
		<feat xlink:href="#sSpan2001" value="ⲛⲁⲛⲧϥ̅"/>
		<feat xlink:href="#sSpan2009" value="ⲉⲡϣⲟ"/>
		<feat xlink:href="#sSpan2018" value="ⲛ̅ⲣⲟⲙⲡⲉ"/>
		<feat xlink:href="#sSpan2024" value="·"/>
		<feat xlink:href="#sSpan2028" value="ⲛϥ̅ⲕⲗⲏⲣⲟⲛⲟⲙⲉⲓ"/>
		<feat xlink:href="#sSpan2038" value="ⲙⲛ̅ⲛⲉⲧⲟⲩⲁⲁⲃ"/>
		<feat xlink:href="#sSpan2049" value="ⲧⲏⲣⲟⲩ"/>
		<feat xlink:href="#sSpan2055" value="·"/>
		<feat xlink:href="#sSpan2059" value="ⲁⲛⲟⲕ"/>
		<feat xlink:href="#sSpan2066" value="ⲇⲉ"/>
		<feat xlink:href="#sSpan2070" value="ⲡⲉϫⲁⲓ"/>
		<feat xlink:href="#sSpan2077" value="ⲛⲁϥ"/>
		<feat xlink:href="#sSpan2083" value="ϫⲉⲱ̅"/>
		<feat xlink:href="#sSpan2090" value="ⲡⲁⲉⲓⲱⲧ"/>
		<feat xlink:href="#sSpan2097" value="ⲉⲧⲟⲩⲁⲁⲃ"/>
		<feat xlink:href="#sSpan2103" value="·"/>
		<feat xlink:href="#sSpan2107" value="ⲉϣⲱⲡⲉ"/>
		<feat xlink:href="#sSpan2111" value="ϯⲙ̅ⲡϣⲁ"/>
		<feat xlink:href="#sSpan2118" value="·"/>
		<feat xlink:href="#sSpan2122" value="ϯⲟⲩⲱϣ"/>
		<feat xlink:href="#sSpan2128" value="ⲉⲧⲣⲁϣⲱⲡⲉ"/>
		<feat xlink:href="#sSpan2138" value="·"/>
		<feat xlink:href="#sSpan2142" value="ϩⲙ̅ⲡⲉⲕⲧⲟⲡⲟⲥ"/>
		<feat xlink:href="#sSpan2152" value="·"/>
		<feat xlink:href="#sSpan2156" value="ⲉⲧⲟⲩⲁⲁⲃ"/>
		<feat xlink:href="#sSpan2163" value="ⲉⲕϣⲁⲛⲗⲟ"/>
		<feat xlink:href="#sSpan2169" value="ϩⲙ̅ⲡⲉⲓⲥⲱⲙⲁ"/>
		<feat xlink:href="#sSpan2179" value="·"/>
		<feat xlink:href="#sSpan2183" value="ⲡⲉϫⲁϥ"/>
		<feat xlink:href="#sSpan2191" value="ⲛⲁⲓ"/>
		<feat xlink:href="#sSpan2197" value="ϫⲉⲙ̅ⲡⲱⲣ"/>
		<feat xlink:href="#sSpan2205" value="ⲡⲁϣⲏⲣⲉ"/>
		<feat xlink:href="#sSpan2211" value="·"/>
		<feat xlink:href="#sSpan2215" value="ⲙ̅ⲡⲟⲩⲧⲟϣⲕ̅"/>
		<feat xlink:href="#sSpan2228" value="ⲅⲁⲣ"/>
		<feat xlink:href="#sSpan2232" value="ⲉϯⲟⲓⲕⲟⲛⲟⲙⲓⲁ"/>
		<feat xlink:href="#sSpan2243" value="·"/>
		<feat xlink:href="#sSpan2248" value="ⲁⲗⲗⲁ"/>
		<feat xlink:href="#sSpan2252" value="ⲛ̅ⲧⲁⲡϫⲥ̅"/>
		<feat xlink:href="#sSpan2263" value="ⲧⲟϣⲕ̅"/>
		<feat xlink:href="#sSpan2269" value="ⲉⲩⲥⲟⲗⲥⲗ̅"/>
		<feat xlink:href="#sSpan2278" value="ⲛ̅ⲛⲉⲥⲛⲏⲩ"/>
		<feat xlink:href="#sSpan2289" value="ⲉⲧⲟⲩⲁⲁⲃ"/>
		<feat xlink:href="#sSpan2295" value="·"/>
		<feat xlink:href="#sSpan2299" value="ⲉⲧϣⲟⲟⲡ"/>
		<feat xlink:href="#sSpan2305" value="ϩⲙ̅ⲡϫⲁⲓⲉ"/>
		<feat xlink:href="#sSpan2314" value="·"/>
		<feat xlink:href="#sSpan2318" value="ⲉⲧⲣⲉⲕⲧⲁϣⲉⲟⲉⲓϣ"/>
		<feat xlink:href="#sSpan2331" value="ⲙ̅ⲙⲟⲟⲩ"/>
		<feat xlink:href="#sSpan2337" value="ⲙⲛ̅ⲡⲉⲩⲥϯⲛⲟⲩϥⲉ"/>
		<feat xlink:href="#sSpan2348" value="·"/>
		<feat xlink:href="#sSpan2352" value="ϩⲛ̅ⲧⲙⲏⲏⲧⲉ"/>
		<feat xlink:href="#sSpan2361" value="ⲛⲛⲉⲥⲛⲏⲩ"/>
		<feat xlink:href="#sSpan2371" value="·"/>
		<feat xlink:href="#sSpan2375" value="ⲛ̅ⲣϥ̅ϣⲙ̅ϣⲉⲛⲟⲩⲧⲉ"/>
		<feat xlink:href="#sSpan2385" value="ⲉⲩϩⲏⲩ"/>
		<feat xlink:href="#sSpan2395" value="ⲛ̅ⲛⲉⲧⲥⲱⲧⲙ̅"/>
		<feat xlink:href="#sSpan2407" value="ⲃⲱⲕ"/>
		<feat xlink:href="#sSpan2413" value="ⲛⲁⲕ"/>
		<feat xlink:href="#sSpan2419" value="ⲉⲃⲟⲗ"/>
		<feat xlink:href="#sSpan2423" value="ⲉⲕⲏⲙⲉ"/>
		<feat xlink:href="#sSpan2431" value="ⲱ̅"/>
		<feat xlink:href="#sSpan2436" value="ⲡⲁϣⲏⲣⲉ"/>
		<feat xlink:href="#sSpan2442" value="ⲛⲅ̅ϣⲱⲡⲉ"/>
		<feat xlink:href="#sSpan2451" value="·"/>
		<feat xlink:href="#sSpan2455" value="ⲉⲕⲙⲏⲛ"/>
		<feat xlink:href="#sSpan2463" value="ⲉⲃⲟⲗ"/>
		<feat xlink:href="#sSpan2467" value="ϩⲙ̅ⲡϩⲱⲃ"/>
		<feat xlink:href="#sSpan2476" value="ⲉⲧⲛⲁⲛⲟⲩϥ"/>
		<feat xlink:href="#sSpan2484" value="·"/>
		<feat xlink:href="#sSpan2488" value="ⲁⲛⲟⲕ"/>
		<feat xlink:href="#sSpan2495" value="ⲇⲉ"/>
		<feat xlink:href="#sSpan2500" value="ⲛ̅ⲧⲉⲩⲛⲟⲩ"/>
		<feat xlink:href="#sSpan2508" value="ⲁⲓⲡⲁϩⲧ̅"/>
		<feat xlink:href="#sSpan2516" value="ⲉϫⲙ̅ⲡⲕⲁϩ"/>
		<feat xlink:href="#sSpan2525" value="·"/>
		<feat xlink:href="#sSpan2529" value="ⲡⲉϫⲁⲓ"/>
		<feat xlink:href="#sSpan2537" value="ⲛⲁϥ"/>
		<feat xlink:href="#sSpan2543" value="ϫⲉⲥⲙⲟⲩ"/>
		<feat xlink:href="#sSpan2550" value="ⲉⲣⲟⲓ"/>
		<feat xlink:href="#sSpan2557" value="ⲡⲁⲉⲓⲱⲧ"/>
		<feat xlink:href="#sSpan2563" value="·"/>
		<feat xlink:href="#sSpan2567" value="ⲛ̅ⲧⲉⲟⲩⲛⲁ"/>
		<feat xlink:href="#sSpan2576" value="ⲧⲁϩⲟⲓ"/>
		<feat xlink:href="#sSpan2582" value="ϩⲁϩⲧⲙ̅ⲡⲛⲟⲩⲧⲉ"/>
		<feat xlink:href="#sSpan2592" value="·"/>
		<feat xlink:href="#sSpan2596" value="ⲛ̅ⲑⲉ"/>
		<feat xlink:href="#sSpan2604" value="ⲛ̅ⲧⲁⲓⲙ̅ⲡϣⲁ"/>
		<feat xlink:href="#sSpan2614" value="ⲛ̅ⲛⲁⲩ"/>
		<feat xlink:href="#sSpan2620" value="ⲉⲣⲟⲕ"/>
		<feat xlink:href="#sSpan2626" value="ϩⲓϫⲙ̅ⲡⲕⲁϩ"/>
		<feat xlink:href="#sSpan2635" value="ⲛ̅ⲧⲁⲙ̅ⲡϣⲁ"/>
		<feat xlink:href="#sSpan2644" value="ⲟⲛ"/>
		<feat xlink:href="#sSpan2648" value="ⲛ̅ⲛⲁⲩ"/>
		<feat xlink:href="#sSpan2654" value="ⲉⲣⲟⲕ"/>
		<feat xlink:href="#sSpan2660" value="ϩⲙ̅ⲡⲕⲉⲁⲓⲱⲛ"/>
		<feat xlink:href="#sSpan2672" value="·"/>
		<feat xlink:href="#sSpan2676" value="ϩⲁϩⲧⲙ̅ⲡϫⲥ̅"/>
		<feat xlink:href="#sSpan2687" value="ⲓⲥ̅"/>
		<feat xlink:href="#sSpan2691" value="ⲡⲉⲭⲥ̅"/>
		<feat xlink:href="#sSpan2698" value="·"/>
		<feat xlink:href="#sSpan2702" value="Ⲛ̅ⲧⲟϥ"/>
		<feat xlink:href="#sSpan2711" value="ⲇⲉ"/>
		<feat xlink:href="#sSpan2715" value="ⲡⲉϫⲁϥ"/>
		<feat xlink:href="#sSpan2721" value="ⲛⲁⲓ̅"/>
		<feat xlink:href="#sSpan2727" value="·"/>
		<feat xlink:href="#sSpan2731" value="ϫⲉⲡⲁϣⲏⲣⲉ"/>
		<feat xlink:href="#sSpan2740" value="ⲙ̅ⲡⲛⲟⲩⲧⲉ"/>
		<feat xlink:href="#sSpan2749" value="ⲛⲁⲗⲩⲡⲉⲓ"/>
		<feat xlink:href="#sSpan2757" value="ⲙ̅ⲙⲟⲕ"/>
		<feat xlink:href="#sSpan2763" value="ⲁⲛ"/>
		<feat xlink:href="#sSpan2767" value="ϩⲛ̅ⲗⲁⲁⲩ"/>
		<feat xlink:href="#sSpan2774" value="ⲛ̅ϩⲱⲃ"/>
		<feat xlink:href="#sSpan2780" value="ⲉϥⲉⲧⲁϫⲣⲟⲕ"/>
		<feat xlink:href="#sSpan2788" value="ϩⲛ̅ⲧϥ̅ⲁⲅⲁⲡⲏ"/>
		<feat xlink:href="#sSpan2799" value="·"/>
		<feat xlink:href="#sSpan2803" value="ⲛ̅ⲧⲉⲛⲉⲕⲃⲁⲗ"/>
		<feat xlink:href="#sSpan2813" value="ϫⲓⲟⲩⲟⲉⲓⲛ"/>
		<feat xlink:href="#sSpan2818" value="·"/>
		<feat xlink:href="#sSpan2822" value="ϩⲛ̅ⲧϥ̅ⲙⲛ̅ⲧ̅ⲛⲟⲩⲧⲉ"/>
		<feat xlink:href="#sSpan2834" value="·"/>
		<feat xlink:href="#sSpan2838" value="ⲛ̅ⲛⲉⲕⲣⲓⲕⲉ"/>
		<feat xlink:href="#sSpan2848" value="ⲟⲩⲇⲉ"/>
		<feat xlink:href="#sSpan2852" value="ⲛ̅ⲛⲉⲕϩⲉ"/>
		<feat xlink:href="#sSpan2861" value="·"/>
		<feat xlink:href="#sSpan2866" value="ⲁⲗⲗⲁ"/>
		<feat xlink:href="#sSpan2870" value="ⲉⲕⲛⲁⲙⲁⲧⲉ"/>
		<feat xlink:href="#sSpan2881" value="ⲙ̅ⲫⲱⲃ"/>
		<feat xlink:href="#sSpan2890" value="·"/>
		<feat xlink:href="#sSpan2894" value="ⲛ̅ⲧⲁⲕϩⲓⲧⲟⲟⲧⲕ̅"/>
		<feat xlink:href="#sSpan2906" value="ⲉⲣⲟϥ"/>
		<feat xlink:href="#sSpan2912" value="·"/>
		<feat xlink:href="#sSpan2916" value="ⲉⲣⲉⲛ̅ⲁⲅⲅⲉⲗⲟⲥ"/>
		<feat xlink:href="#sSpan2930" value="ⲥⲕⲉⲡⲁⲍⲉ"/>
		<feat xlink:href="#sSpan2934" value="ⲙ̅ⲙⲟⲕ"/>
		<feat xlink:href="#sSpan2940" value="·"/>
		<feat xlink:href="#sSpan2944" value="ⲛ̅ⲥⲉⲛⲁϩⲙⲉⲕ"/>
		<feat xlink:href="#sSpan2954" value="ⲉⲛⲉⲡⲉⲓⲃⲟⲩⲗⲏ"/>
		<feat xlink:href="#sSpan2965" value="ⲛ̅ⲛⲓⲟⲩⲇⲁⲓ"/>
		<feat xlink:href="#sSpan2975" value="ⲛ̅ⲛⲉⲩϩⲉ"/>
		<feat xlink:href="#sSpan2984" value="ⲉⲗⲁⲁⲩ"/>
		<feat xlink:href="#sSpan2991" value="ⲛ̅ⲕⲁⲧⲏⲅⲟⲣⲓⲁ"/>
		<feat xlink:href="#sSpan2999" value="ⲉϩⲟⲩⲛ"/>
		<feat xlink:href="#sSpan3003" value="ⲉⲣⲟⲕ"/>
		<feat xlink:href="#sSpan3009" value="·"/>
		<feat xlink:href="#sSpan3013" value="ϩⲛ̅ⲧⲉⲕϭⲓⲛⲁⲡⲁⲛⲧⲁ"/>
		<feat xlink:href="#sSpan3025" value="ⲉⲡⲛⲟⲩⲧⲉ"/>
		<feat xlink:href="#sSpan3035" value="·"/>
		<feat xlink:href="#sSpan3039" value="Ⲛ̅ⲧⲉⲣⲉϥⲟⲩⲱ"/>
		<feat xlink:href="#sSpan3052" value="ⲇⲉ"/>
		<feat xlink:href="#sSpan3056" value="ⲉϥϫⲱ"/>
		<feat xlink:href="#sSpan3064" value="ⲛ̅ⲛⲁⲓ"/>
		<feat xlink:href="#sSpan3071" value="ⲁϥⲧⲱⲟⲩⲛ"/>
		<feat xlink:href="#sSpan3080" value="ⲁϥϣⲗⲏⲗ"/>
		<feat xlink:href="#sSpan3090" value="ⲉⲡⲛⲟⲩⲧⲉ"/>
		<feat xlink:href="#sSpan3100" value="ϩⲛ̅ϩⲉⲛⲁϣⲁϩⲟⲙ"/>
		<feat xlink:href="#sSpan3111" value="ⲙⲛ̅ϩⲉⲛⲣⲙ̅ⲉⲓⲟⲟⲩⲉ"/>
		<feat xlink:href="#sSpan3120" value="ⲉⲩⲟϣ"/>
		<feat xlink:href="#sSpan3129" value="·"/>
		<feat xlink:href="#sSpan3133" value="ⲙⲛ̅ⲛ̅ⲥⲱⲥ"/>
		<feat xlink:href="#sSpan3141" value="ⲁϥⲛ̅ⲕⲟⲧⲕ̅"/>
		<feat xlink:href="#sSpan3150" value="ⲉⲡⲕⲁϩ"/>
		<feat xlink:href="#sSpan3159" value="·"/>
		<feat xlink:href="#sSpan3163" value="ⲁϥϫⲱⲕ"/>
		<feat xlink:href="#sSpan3173" value="ⲉⲃⲟⲗ"/>
		<feat xlink:href="#sSpan3177" value="ⲛ̅ⲧⲉϥⲟⲓⲕⲟⲛⲟⲙⲓⲁ"/>
		<feat xlink:href="#sSpan3188" value="ⲛ̅ⲧⲉⲡⲛⲟⲩⲧⲉ"/>
		<feat xlink:href="#sSpan3197" value="·"/>
		<feat xlink:href="#sSpan3201" value="ⲁⲩⲱ"/>
		<feat xlink:href="#sSpan3205" value="ⲁϥϯ"/>
		<feat xlink:href="#sSpan3213" value="ⲙ̅ⲡϥ̅ⲡⲛⲁ̅"/>
		<feat xlink:href="#sSpan3224" value="ⲛ̅ϭⲓϫ"/>
		<feat xlink:href="#sSpan3231" value="ⲙ̅ⲡⲛⲟⲩⲧⲉ"/>
		<feat xlink:href="#sSpan3240" value="ϩⲛ̅ⲥⲟⲩⲙⲛ̅ⲧⲁⲥⲉ"/>
		<feat xlink:href="#sSpan3250" value="ⲙ̅ⲡⲉⲃⲟⲧ"/>
		<feat xlink:href="#sSpan3259" value="ⲡⲁⲱⲛⲉ"/>
		<feat xlink:href="#sSpan3264" value="·"/>
		<feat xlink:href="#sSpan3268" value="ⲁⲛⲟⲕ"/>
		<feat xlink:href="#sSpan3275" value="ⲇⲉ"/>
		<feat xlink:href="#sSpan3279" value="ⲁⲓⲥⲱⲧⲙ̅"/>
		<feat xlink:href="#sSpan3287" value="ⲉϩⲉⲛⲫⲱⲛⲏ"/>
		<feat xlink:href="#sSpan3297" value="ⲛ̅ⲁⲅⲅⲉⲗⲟⲥ"/>
		<feat xlink:href="#sSpan3306" value="ⲉⲩϩⲩⲙⲛⲉⲩⲉ"/>
		<feat xlink:href="#sSpan3315" value="ϩⲓⲑⲏ"/>
		<feat xlink:href="#sSpan3319" value="ⲙ̅ⲡⲙⲁⲕⲁⲣⲓⲟⲥ"/>
		<feat xlink:href="#sSpan3330" value="ⲁⲡⲁ"/>
		<feat xlink:href="#sSpan3334" value="ⲟⲛⲛⲟϥⲣⲓⲟⲥ"/>
		<feat xlink:href="#sSpan3339" value="·"/>
		<feat xlink:href="#sSpan3343" value="Ⲁⲩⲱ"/>
		<feat xlink:href="#sSpan3347" value="ⲛⲉⲣⲉⲟⲩⲛⲟϭ"/>
		<feat xlink:href="#sSpan3356" value="ⲛ̅ⲟⲩⲣⲟⲧ"/>
		<feat xlink:href="#sSpan3362" value="ϣⲟⲟⲡ"/>
		<feat xlink:href="#sSpan3366" value="ϩⲛ̅ⲧⲉϥϭⲓⲛⲁⲡⲁⲛⲧⲁ"/>
		<feat xlink:href="#sSpan3379" value="ⲉⲡⲛⲟⲩⲧⲉ"/>
		<feat xlink:href="#sSpan3388" value="·"/>
		<feat xlink:href="#sSpan3392" value="ⲁⲛⲟⲕ"/>
		<feat xlink:href="#sSpan3399" value="ⲇⲉ"/>
		<feat xlink:href="#sSpan3403" value="ⲁⲓⲕⲁⲧ"/>
		<feat xlink:href="#sSpan3414" value="ⲕⲁϩⲏⲩ"/>
		<feat xlink:href="#sSpan3420" value="ⲛ̅ⲧⲁⲗⲟⲃⲏⲧⲉ"/>
		<feat xlink:href="#sSpan3429" value="ⲉⲧⲧⲟ"/>
		<feat xlink:href="#sSpan3435" value="ϩⲓⲱⲱⲧ"/>
		<feat xlink:href="#sSpan3441" value="ⲁⲓϯⲛ̅ⲧⲉⲥⲡⲁϣⲉ"/>
		<feat xlink:href="#sSpan3458" value="·"/>
		<feat xlink:href="#sSpan3462" value="ⲉⲧⲕⲁⲓⲥⲉ"/>
		<feat xlink:href="#sSpan3472" value="·"/>
		<feat xlink:href="#sSpan3477" value="ⲧⲕⲉⲡⲁϣⲉ"/>
		<feat xlink:href="#sSpan3486" value="ⲇⲉ"/>
		<feat xlink:href="#sSpan3490" value="ⲁⲓϭⲟⲗⲧ̅"/>
		<feat xlink:href="#sSpan3500" value="ⲙ̅ⲙⲟⲥ"/>
		<feat xlink:href="#sSpan3506" value="ϫⲉⲛ̅ⲛⲉⲓϭⲱ"/>
		<feat xlink:href="#sSpan3518" value="ⲉⲓⲕⲏⲕⲁϩⲏⲩ"/>
		<feat xlink:href="#sSpan3528" value="·"/>
		<feat xlink:href="#sSpan3532" value="Ⲁⲓϯ"/>
		<feat xlink:href="#sSpan3543" value="ⲇⲉ"/>
		<feat xlink:href="#sSpan3547" value="ⲙ̅ⲡϥ̅ⲥⲱⲙⲁ"/>
		<feat xlink:href="#sSpan3557" value="ⲉⲡⲉⲥⲏⲧ"/>
		<feat xlink:href="#sSpan3566" value="ⲉⲡⲟⲩⲱϣ"/>
		<feat xlink:href="#sSpan3575" value="ⲛ̅ⲟⲩⲡⲉⲧⲣ"/>
		<feat xlink:href="#sSpan3584" value="ⲁⲓⲥⲱⲧⲙ̅"/>
		<feat xlink:href="#sSpan3594" value="ⲉⲡⲉϩⲣⲟⲟⲩ"/>
		<feat xlink:href="#sSpan3603" value="ⲛ̅ⲟⲩⲙⲏⲏϣⲉ"/>
		<feat xlink:href="#sSpan3614" value="ⲛ̅ⲁⲅⲅⲉⲗⲟⲥ"/>
		<feat xlink:href="#sSpan3621" value="ⲉⲩⲣⲁϣⲉ"/>
		<feat xlink:href="#sSpan3629" value="ⲁⲩⲱ"/>
		<feat xlink:href="#sSpan3633" value="ⲉⲩⲱϣ"/>
		<feat xlink:href="#sSpan3642" value="ⲉⲃⲟⲗ"/>
		<feat xlink:href="#sSpan3646" value="ϫⲉⲁⲗⲗⲏⲗⲟⲩⲓⲁ"/>
		<feat xlink:href="#sSpan3654" value="·"/>
		<feat xlink:href="#sSpan3658" value="Ⲁⲓϯ"/>
		<feat xlink:href="#sSpan3672" value="ⲇⲉ"/>
		<feat xlink:href="#sSpan3676" value="ⲙ̅ⲡⲁϣⲗⲏⲗ"/>
		<feat xlink:href="#sSpan3685" value="ⲉϩⲣⲁⲓ"/>
		<feat xlink:href="#sSpan3689" value="ⲉϫⲱϥ"/>
		<feat xlink:href="#sSpan3695" value="·"/>
		<feat xlink:href="#sSpan3699" value="ⲁⲩⲱ"/>
		<feat xlink:href="#sSpan3703" value="ⲁⲓϭⲱⲗ"/>
		<feat xlink:href="#sSpan3711" value="ⲛ̅ⲟⲩⲁϣⲏ"/>
		<feat xlink:href="#sSpan3721" value="ⲛ̅ⲱⲛⲉ"/>
		<feat xlink:href="#sSpan3727" value="·"/>
		<feat xlink:href="#sSpan3731" value="ⲉϩⲣⲁⲓ"/>
		<feat xlink:href="#sSpan3735" value="ⲉϫⲱϥ"/>
		<feat xlink:href="#sSpan3741" value="ⲁⲓⲁϩⲉⲣⲁⲧ"/>
		<feat xlink:href="#sSpan3754" value="ⲁⲓϣⲗⲏⲗ"/>
		<feat xlink:href="#sSpan3764" value="·"/>
		<feat xlink:href="#sSpan3769" value="ⲡⲙⲉϩⲥⲡ̅ⲥⲛⲁⲩ"/>
		<feat xlink:href="#sSpan3779" value="·"/>
		<feat xlink:href="#sSpan3783" value="ⲁⲩⲱ"/>
		<feat xlink:href="#sSpan3787" value="ⲛ̅ⲧⲉⲩⲛⲟⲩ"/>
		<feat xlink:href="#sSpan3795" value="ⲁⲧⲃⲛ̅ⲛⲉ"/>
		<feat xlink:href="#sSpan3804" value="ϩⲉ"/>
		<feat xlink:href="#sSpan3808" value="·"/>
		<feat xlink:href="#sSpan3812" value="ⲁⲛⲟⲕ"/>
		<feat xlink:href="#sSpan3820" value="ⲇⲉ"/>
		<feat xlink:href="#sSpan3824" value="ⲁⲓⲣ̅ϣⲡⲏⲣⲉ"/>
		<feat xlink:href="#sSpan3834" value="ⲉⲙⲁⲧⲉ"/>
		<feat xlink:href="#sSpan3838" value="·"/>
		<feat xlink:href="#sSpan3842" value="ⲙ̅ⲡⲉⲛⲧⲁϥϣⲱⲡⲉ"/>
		<feat xlink:href="#sSpan3857" value="·"/>
		<feat xlink:href="#sSpan3861" value="ⲁⲓⲟⲩⲱⲙ"/>
		<feat xlink:href="#sSpan3872" value="ⲙ̅ⲡⲉⲛⲧⲁϥⲥⲉⲉⲡⲉ"/>
		<feat xlink:href="#sSpan3887" value="ⲙ̅ⲡⲟⲉⲓⲕ"/>
		<feat xlink:href="#sSpan3896" value="·"/>
		<feat xlink:href="#sSpan3900" value="ⲁⲩⲱ"/>
		<feat xlink:href="#sSpan3904" value="ⲁⲓⲥⲱ"/>
		<feat xlink:href="#sSpan3912" value="ⲙ̅ⲡⲙⲟⲟⲩ"/>
		<feat xlink:href="#sSpan3922" value="ⲛ̅ⲧⲁϥⲥⲉⲉⲡⲉ"/>
		<feat xlink:href="#sSpan3932" value="ⲉⲣⲟⲛ"/>
		<feat xlink:href="#sSpan3938" value="·"/>
		<feat xlink:href="#sSpan3942" value="ⲛ̅ⲧⲉⲣⲉⲓⲛⲁⲩ"/>
		<feat xlink:href="#sSpan3953" value="ⲇⲉ"/>
		<feat xlink:href="#sSpan3957" value="ϫⲉⲙ̅ⲡⲟⲩⲱϣ"/>
		<feat xlink:href="#sSpan3969" value="ⲁⲛ"/>
		<feat xlink:href="#sSpan3973" value="ⲙ̅ⲡⲛⲟⲩⲧⲉ"/>
		<feat xlink:href="#sSpan3982" value="ⲡⲉ"/>
		<feat xlink:href="#sSpan3986" value="ⲉⲧⲣⲁϭⲱ"/>
		<feat xlink:href="#sSpan3996" value="ⲙ̅ⲡⲉⲓⲙⲁ"/>
		<feat xlink:href="#sSpan4005" value="·"/>
		<feat xlink:href="#sSpan4009" value="ⲁⲓⲡⲉⲣϣ̅ⲧⲟⲟⲧ"/>
		<feat xlink:href="#sSpan4021" value="ⲉⲃⲟⲗ"/>
		<feat xlink:href="#sSpan4025" value="ⲁⲓϣⲗⲏⲗ"/>
		<feat xlink:href="#sSpan4035" value="ⲉϩⲣⲁⲓ"/>
		<feat xlink:href="#sSpan4039" value="ⲉⲡϫ̅ⲥ̅"/>
		<feat xlink:href="#sSpan4048" value="·"/>
		<feat xlink:href="#sSpan4052" value="ⲁⲩⲱ"/>
		<feat xlink:href="#sSpan4056" value="ⲉⲓⲥⲡⲣⲱⲙⲉ"/>
		<feat xlink:href="#sSpan4066" value="ⲛ̅ⲧⲁϥⲉⲓ"/>
		<feat xlink:href="#sSpan4076" value="ϣⲁⲣⲟⲓ"/>
		<feat xlink:href="#sSpan4082" value="ⲛ̅ϣⲟⲣⲡ̅"/>
		<feat xlink:href="#sSpan4088" value="ⲁϥϯϭⲟⲙ"/>
		<feat xlink:href="#sSpan4098" value="ⲛⲁⲓ"/>
		<feat xlink:href="#sSpan4105" value="·"/>
		<feat xlink:href="#sSpan4109" value="ⲁϥⲉⲓ"/>
		<feat xlink:href="#sSpan4117" value="ⲟⲛ"/>
		<feat xlink:href="#sSpan4121" value="ϣⲁⲣⲟⲓ"/>
		<feat xlink:href="#sSpan4127" value="ⲛ̅ⲑⲉ"/>
		<feat xlink:href="#sSpan4135" value="ⲛ̅ⲧⲉϩⲟⲩⲉⲓⲧⲉ"/>
		<feat xlink:href="#sSpan4144" value="·"/>
		<feat xlink:href="#sSpan4148" value="Ⲡⲉϫⲁϥ"/>
		<feat xlink:href="#sSpan4156" value="ⲛⲁⲓ"/>
		<feat xlink:href="#sSpan4163" value="·"/>
		<feat xlink:href="#sSpan4167" value="ϫⲉⲡⲁⲡⲛⲟⲩⲧⲉ"/>
		<feat xlink:href="#sSpan4179" value="ⲁⲡⲉⲛϫⲥ̅"/>
		<feat xlink:href="#sSpan4188" value="ⲧⲁⲙⲟⲛ"/>
		<feat xlink:href="#sSpan4194" value="ⲙ̅ⲡⲟⲟⲩ"/>
		<feat xlink:href="#sSpan4203" value="ϫⲉⲕⲛⲏⲩ"/>
		<feat xlink:href="#sSpan4212" value="ϣⲁⲣⲟⲛ"/>
		<feat xlink:href="#sSpan4218" value="ⲉⲡⲉⲓⲙⲁ"/>
		<feat xlink:href="#sSpan4227" value="·"/>
		<feat xlink:href="#sSpan4231" value="ⲉⲓⲥⲥⲉ"/>
		<feat xlink:href="#sSpan4240" value="ⲛ̅ⲣⲟⲙⲡⲉ"/>
		<feat xlink:href="#sSpan4246" value="ⲙ̅ⲡⲉⲛⲛⲁⲩ"/>
		<feat xlink:href="#sSpan4255" value="ⲉⲣⲱⲙⲉ"/>
		<feat xlink:href="#sSpan4263" value="ⲉⲓⲙⲏⲧⲉⲓ"/>
		<feat xlink:href="#sSpan4267" value="ⲛ̅ⲧⲟⲕ"/>
		<feat xlink:href="#sSpan4271" value="ⲙⲁⲩⲁⲁⲕ"/>
		<feat xlink:href="#sSpan4277" value="·"/>
		<feat xlink:href="#sSpan4281" value="ⲛ̅ⲧⲉⲣⲛ̅ⲱ̅ⲥⲕ̅"/>
		<feat xlink:href="#sSpan4292" value="ⲇⲉ"/>
		<feat xlink:href="#sSpan4297" value="ⲛϣⲁϫⲉ"/>
		<feat xlink:href="#sSpan4303" value="ⲙⲛ̅ⲛⲉⲛⲉⲣⲏⲩ"/>
		<feat xlink:href="#sSpan4311" value="·"/>
		<feat xlink:href="#sSpan4316" value="Ⲗⲟⲓⲡⲟⲛ"/>
		<feat xlink:href="#sSpan4324" value="ⲡⲉϫⲁⲛ"/>
		<feat xlink:href="#sSpan4330" value="ⲛⲁϥ"/>
		<feat xlink:href="#sSpan4336" value="ϫⲉⲱ"/>
		<feat xlink:href="#sSpan4344" value="ⲡⲉⲛⲥⲟⲛ"/>
		<feat xlink:href="#sSpan4350" value="·"/>
		<feat xlink:href="#sSpan4354" value="ⲥⲙⲛ̅ⲡⲉⲕϩⲏⲧ"/>
		<feat xlink:href="#sSpan4363" value="ⲛ̅ⲟⲩⲕⲟⲩⲓ"/>
		<feat xlink:href="#sSpan4372" value="ⲛ̅ⲟⲉⲓⲕ"/>
		<feat xlink:href="#sSpan4379" value="ϫⲉⲛ̅ⲧⲁⲕⲉⲓ̅"/>
		<feat xlink:href="#sSpan4391" value="ϩⲛ̅ⲟⲩϩⲓⲏ"/>
		<feat xlink:href="#sSpan4400" value="ⲉⲥⲟⲩⲏⲏⲩ"/>
		<feat xlink:href="#sSpan4408" value="·"/>
		<feat xlink:href="#sSpan4412" value="ⲁⲡϫⲥ̅"/>
		<feat xlink:href="#sSpan4425" value="ⲇⲉ"/>
		<feat xlink:href="#sSpan4429" value="ⲧⲟϣⲛ̅"/>
		<feat xlink:href="#sSpan4435" value="ⲉⲧⲣⲛ̅ϭⲱ"/>
		<feat xlink:href="#sSpan4445" value="ⲙⲛ̅ⲛⲉⲛⲉⲣⲏⲩ"/>
		<feat xlink:href="#sSpan4454" value="·"/>
		<feat xlink:href="#sSpan4458" value="ⲛ̅ⲟⲩϩⲟⲟⲩ"/>
		<feat xlink:href="#sSpan4468" value="·"/>
		<feat xlink:href="#sSpan4472" value="ⲧⲛ̅ⲣⲁϣⲉ"/>
		<feat xlink:href="#sSpan4481" value="ⲇⲉ"/>
		<feat xlink:href="#sSpan4485" value="ⲛⲙ̅ⲙⲁⲕ"/>
		<feat xlink:href="#sSpan4491" value="·"/>
		<feat xlink:href="#sSpan4496" value="ⲱ̅"/>
		<feat xlink:href="#sSpan4500" value="ⲡⲉⲛⲥⲟⲛ"/>
		<feat xlink:href="#sSpan4507" value="ⲙ̅ⲙⲉⲣⲓⲧ"/>
		<feat xlink:href="#sSpan4514" value="·"/>
		<feat xlink:href="#sSpan4518" value="Ⲛ̅ϩⲟⲥⲟⲛ"/>
		<feat xlink:href="#sSpan4529" value="ⲇⲉ"/>
		<feat xlink:href="#sSpan4533" value="ⲛ̅ϣⲁϫⲉ"/>
		<feat xlink:href="#sSpan4539" value="ⲙⲛ̅ⲛⲉⲛⲉⲣⲏⲩ"/>
		<feat xlink:href="#sSpan4547" value="·"/>
		<feat xlink:href="#sSpan4552" value="ⲉⲓⲥϩⲏⲏⲧⲉ"/>
		<feat xlink:href="#sSpan4559" value="·"/>
		<feat xlink:href="#sSpan4563" value="ⲁⲩⲉⲓⲛⲉ"/>
		<feat xlink:href="#sSpan4572" value="ⲉϩⲟⲩⲛ"/>
		<feat xlink:href="#sSpan4576" value="ⲛ̅ϯⲟⲩ"/>
		<feat xlink:href="#sSpan4583" value="ⲛ̅ⲟⲉⲓⲕ"/>
		<feat xlink:href="#sSpan4589" value="·"/>
		<feat xlink:href="#sSpan4593" value="ⲉⲩϩⲏⲙ"/>
		<feat xlink:href="#sSpan4601" value="ⲁⲩⲱ"/>
		<feat xlink:href="#sSpan4606" value="ⲉⲩⲣⲟⲟⲩⲧ"/>
		<feat xlink:href="#sSpan4615" value="ϩⲱⲥ"/>
		<feat xlink:href="#sSpan4619" value="ϫⲉⲛ̅ⲧⲁⲩϣⲁⲧⲟⲩ"/>
		<feat xlink:href="#sSpan4633" value="ϩⲛ̅ⲧⲉⲧⲣⲓⲣ"/>
		<feat xlink:href="#sSpan4642" value="·"/>
		<feat xlink:href="#sSpan4646" value="ⲛ̅ⲧⲉⲩⲛⲟⲩ"/>
		<feat xlink:href="#sSpan4657" value="ⲁⲩⲉⲓⲛⲉ"/>
		<feat xlink:href="#sSpan4666" value="ⲇⲉ"/>
		<feat xlink:href="#sSpan4670" value="ⲟⲛ"/>
		<feat xlink:href="#sSpan4674" value="ⲛ̅ⲟⲩⲛ̅ⲕⲁ"/>
		<feat xlink:href="#sSpan4683" value="ⲉϣⲁⲩⲟⲩⲟⲙϥ̅"/>
		<feat xlink:href="#sSpan4695" value="ⲁⲛϩⲙⲟⲟⲥ"/>
		<feat xlink:href="#sSpan4707" value="ⲇⲉ"/>
		<feat xlink:href="#sSpan4711" value="ⲁⲛⲟⲩⲱⲙ"/>
		<feat xlink:href="#sSpan4719" value="ⲙⲛ̅ⲛⲉⲛⲉⲣⲏⲩ"/>
		<feat xlink:href="#sSpan4727" value="·"/>
		<feat xlink:href="#sSpan4731" value="ⲁⲩⲱ"/>
		<feat xlink:href="#sSpan4737" value="ⲡⲉϫⲁϥ"/>
		<feat xlink:href="#sSpan4743" value="ⲛⲁⲓ"/>
		<feat xlink:href="#sSpan4750" value="ϫⲉⲉⲓⲥ"/>
		<feat xlink:href="#sSpan4756" value="ⲧⲙⲉϩⲥⲟ"/>
		<feat xlink:href="#sSpan4765" value="ⲛ̅ⲣⲟⲙⲡⲉ"/>
		<feat xlink:href="#sSpan4771" value="ϫⲓⲛⲛ̅ⲧⲁⲛⲉⲓ"/>
		<feat xlink:href="#sSpan4784" value="ⲉⲡⲉⲓⲙⲁ"/>
		<feat xlink:href="#sSpan4794" value="ϥⲧⲟⲟⲩ"/>
		<feat xlink:href="#sSpan4801" value="ⲛ̅ⲟⲉⲓⲕ"/>
		<feat xlink:href="#sSpan4807" value="ⲛⲉⲧⲧⲏϣ"/>
		<feat xlink:href="#sSpan4815" value="ⲛⲁⲛ"/>
		<feat xlink:href="#sSpan4821" value="ⲙ̅ⲙⲏⲏⲛⲉ"/>
		<feat xlink:href="#sSpan4828" value="·"/>
		<feat xlink:href="#sSpan4832" value="ⲉⲩⲉⲓⲛⲉ"/>
		<feat xlink:href="#sSpan4842" value="ⲙ̅ⲙⲟⲟⲩ"/>
		<feat xlink:href="#sSpan4848" value="ⲛⲁⲛ"/>
		<feat xlink:href="#sSpan4854" value="ⲉⲃⲟⲗ"/>
		<feat xlink:href="#sSpan4858" value="ϩⲓⲧⲙ̅ⲡⲛⲟⲩⲧⲉ"/>
		<feat xlink:href="#sSpan4867" value="·"/>
		<feat xlink:href="#sSpan4871" value="ⲛ̅ⲧⲉⲣⲕ̅ⲉⲓ̅"/>
		<feat xlink:href="#sSpan4883" value="ⲇⲉ"/>
		<feat xlink:href="#sSpan4887" value="ϣⲁⲣⲟⲛ"/>
		<feat xlink:href="#sSpan4893" value="ⲙ̅ⲡⲟⲟⲩ"/>
		<feat xlink:href="#sSpan4902" value="ⲉⲓⲥⲧⲕ̅ⲧⲟ"/>
		<feat xlink:href="#sSpan4909" value="ⲁⲩⲛ̅ⲧⲥ̅"/>
		<feat xlink:href="#sSpan4919" value="ⲛⲁⲕ"/>
		<feat xlink:href="#sSpan4925" value="·"/>
		<feat xlink:href="#sSpan4929" value="ⲁⲩⲱ"/>
		<feat xlink:href="#sSpan4935" value="ⲉⲙⲛ̅ⲉⲓⲙⲉ"/>
		<feat xlink:href="#sSpan4944" value="ⲉⲛⲉϩ"/>
		<feat xlink:href="#sSpan4948" value="ϫⲉⲛ̅ⲧⲁⲩⲉⲓ"/>
		<feat xlink:href="#sSpan4960" value="ⲧⲱⲛ"/>
		<feat xlink:href="#sSpan4965" value="ⲁⲗⲗⲁ"/>
		<feat xlink:href="#sSpan4969" value="ⲛ̅ⲛⲏⲩ"/>
		<feat xlink:href="#sSpan4976" value="ⲉϩⲟⲩⲛ"/>
		<feat xlink:href="#sSpan4981" value="ⲛ̅ϩⲉ"/>
		<feat xlink:href="#sSpan4987" value="ⲉⲣⲟⲟⲩ"/>
		<feat xlink:href="#sSpan4993" value="ⲉⲩⲕⲏ"/>
		<feat xlink:href="#sSpan5001" value="ⲉϩⲣⲁⲓ"/>
		<feat xlink:href="#sSpan5005" value="·"/>
		<feat xlink:href="#sSpan5009" value="ⲛ̅ⲧⲉⲣⲛ̅ⲟⲩⲱ"/>
		<feat xlink:href="#sSpan5020" value="ⲇⲉ"/>
		<feat xlink:href="#sSpan5024" value="ⲛ̅ⲟⲩⲱⲙ"/>
		<feat xlink:href="#sSpan5031" value="ⲙⲛ̅ⲛⲉⲛⲉⲣⲏⲩ"/>
		<feat xlink:href="#sSpan5039" value="ⲁⲛⲣ̅ⲧⲉⲩϣⲏ"/>
		<feat xlink:href="#sSpan5052" value="ⲧⲏⲣⲥ̅"/>
		<feat xlink:href="#sSpan5058" value="ⲛ̅ϣⲗⲏⲗ"/>
		<feat xlink:href="#sSpan5065" value="ϣⲁϩⲧⲟⲟⲩⲉ"/>
		<feat xlink:href="#sSpan5073" value="·"/>
		<feat xlink:href="#sSpan5078" value="ϩⲧⲟⲟⲩⲉ"/>
		<feat xlink:href="#sSpan5085" value="ⲇⲉ"/>
		<feat xlink:href="#sSpan5089" value="ⲛ̅ⲧⲉⲣⲉϥϣⲱⲡⲉ"/>
		<feat xlink:href="#sSpan5097" value="·"/>
		<feat xlink:href="#sSpan5101" value="ⲁⲓⲡⲁⲣⲁⲕⲁⲗⲉⲓ"/>
		<feat xlink:href="#sSpan5111" value="ⲙ̅ⲙⲟⲟⲩ"/>
		<feat xlink:href="#sSpan5118" value="ⲉⲧⲣⲉⲩⲕⲁⲁⲧ"/>
		<feat xlink:href="#sSpan5130" value="ϩⲁϩⲧⲏⲩ"/>
		<feat xlink:href="#sSpan5136" value="ϣⲁⲡⲉϩⲟⲟⲩ"/>
		<feat xlink:href="#sSpan5145" value="ⲙ̅ⲡⲁⲙⲟⲩ"/>
		<feat xlink:href="#sSpan5155" value="·"/>
		<feat xlink:href="#sSpan5159" value="Ⲡⲉϫⲁⲩ"/>
		<feat xlink:href="#sSpan5169" value="ⲛⲁⲓ"/>
		<feat xlink:href="#sSpan5175" value="ϫⲉⲱ̅"/>
		<feat xlink:href="#sSpan5182" value="ⲡⲉⲛⲥⲟⲛ"/>
		<feat xlink:href="#sSpan5189" value="ⲙ̅ⲡϩⲱⲃ"/>
		<feat xlink:href="#sSpan5198" value="·"/>
		<feat xlink:href="#sSpan5202" value="ⲧⲏϣ"/>
		<feat xlink:href="#sSpan5206" value="ⲛⲁⲕ"/>
		<feat xlink:href="#sSpan5212" value="ⲁⲛ"/>
		<feat xlink:href="#sSpan5216" value="ⲉⲃⲟⲗ"/>
		<feat xlink:href="#sSpan5222" value="ⲉⲧⲣⲉⲕϭⲱ"/>
		<feat xlink:href="#sSpan5232" value="ⲙ̅ⲡⲉⲓⲙⲁ"/>
		<feat xlink:href="#sSpan5241" value="·"/>
		<feat xlink:href="#sSpan5246" value="ⲁⲗⲗⲁ"/>
		<feat xlink:href="#sSpan5252" value="ⲧⲱⲟⲩⲛ"/>
		<feat xlink:href="#sSpan5256" value="ⲛⲅ̅ⲃⲱⲕ"/>
		<feat xlink:href="#sSpan5265" value="ⲉⲕⲏⲙⲉ"/>
		<feat xlink:href="#sSpan5273" value="·"/>
		<feat xlink:href="#sSpan5277" value="ⲛⲅ̅ϫⲱ"/>
		<feat xlink:href="#sSpan5285" value="ⲛ̅ⲛⲉⲛⲧⲁⲕⲛⲁⲩ"/>
		<feat xlink:href="#sSpan5300" value="ⲉⲣⲟⲟⲩ"/>
		<feat xlink:href="#sSpan5306" value="·"/>
		<feat xlink:href="#sSpan5310" value="ⲉⲛⲉⲥⲛⲏⲩ"/>
		<feat xlink:href="#sSpan5319" value="ⲉⲩⲣ̅ⲡⲙⲉⲉⲩⲉ"/>
		<feat xlink:href="#sSpan5332" value="ⲛⲁⲩ"/>
		<feat xlink:href="#sSpan5338" value="·"/>
		<feat xlink:href="#sSpan5342" value="ⲁⲩⲱ"/>
		<feat xlink:href="#sSpan5346" value="ⲉⲩϩⲏⲩ"/>
		<feat xlink:href="#sSpan5355" value="ⲛ̅ⲛⲉⲧⲥⲱⲧⲙ̅"/>
		<feat xlink:href="#sSpan5366" value="·"/>
		<feat xlink:href="#sSpan5370" value="ⲁⲛⲟⲕ"/>
		<feat xlink:href="#sSpan5377" value="ⲇⲉ"/>
		<feat xlink:href="#sSpan5382" value="ⲁⲓⲡⲁⲣⲁⲕⲁⲗⲉⲓ"/>
		<feat xlink:href="#sSpan5391" value="ⲙ̅ⲙⲟⲟⲩ"/>
		<feat xlink:href="#sSpan5397" value="ⲉⲧⲣⲉⲩϫⲱ"/>
		<feat xlink:href="#sSpan5407" value="ⲉⲣⲟⲓ"/>
		<feat xlink:href="#sSpan5413" value="ⲛ̅ⲛⲉⲩⲣⲁⲛ"/>
		<feat xlink:href="#sSpan5423" value="ⲛ̅ⲧⲟⲟⲩ"/>
		<feat xlink:href="#sSpan5428" value="ⲇⲉ"/>
		<feat xlink:href="#sSpan5432" value="ⲙ̅ⲡⲟⲩⲡⲉⲓⲑⲉ"/>
		<feat xlink:href="#sSpan5441" value="ⲛ̅ϫⲟⲟⲩ"/>
		<feat xlink:href="#sSpan5449" value="ⲉⲣⲟⲟⲩ"/>
		<feat xlink:href="#sSpan5455" value="·"/>
		<feat xlink:href="#sSpan5459" value="ⲁⲓⲁⲛⲁⲅⲕⲁⲍⲉ"/>
		<feat xlink:href="#sSpan5471" value="ⲙ̅ⲙⲟⲟⲩ"/>
		<feat xlink:href="#sSpan5477" value="ⲁⲩⲱ"/>
		<feat xlink:href="#sSpan5481" value="ⲟⲛ"/>
		<feat xlink:href="#sSpan5485" value="ⲙ̅ⲡⲟⲩϫⲱ"/>
		<feat xlink:href="#sSpan5493" value="ⲉⲣⲟⲓ"/>
		<feat xlink:href="#sSpan5499" value="ⲛ̅ⲛⲉⲩⲣⲁⲛ"/>
		<feat xlink:href="#sSpan5509" value="·"/>
		<feat xlink:href="#sSpan5513" value="ⲁⲩⲟⲩⲱϣⲃ̅"/>
		<feat xlink:href="#sSpan5523" value="ⲡⲉϫⲁⲩ"/>
		<feat xlink:href="#sSpan5529" value="ϫⲉⲡⲉⲛⲧⲁϥϯⲣⲁⲛ"/>
		<feat xlink:href="#sSpan5546" value="ⲉⲗⲁⲁⲩ"/>
		<feat xlink:href="#sSpan5554" value="ⲛⲓⲙ"/>
		<feat xlink:href="#sSpan5558" value="·"/>
		<feat xlink:href="#sSpan5562" value="ⲁⲩⲱ"/>
		<feat xlink:href="#sSpan5566" value="ⲉⲧⲥⲟⲟⲩⲛ"/>
		<feat xlink:href="#sSpan5572" value="ⲛ̅ϩⲱⲃ"/>
		<feat xlink:href="#sSpan5580" value="ⲛⲓⲙ"/>
		<feat xlink:href="#sSpan5584" value="ⲛ̅ⲧⲟϥ"/>
		<feat xlink:href="#sSpan5588" value="ⲉⲧⲥⲟⲟⲩⲛ"/>
		<feat xlink:href="#sSpan5595" value="ⲛ̅ⲛⲉⲛⲣⲁⲛ"/>
		<feat xlink:href="#sSpan5604" value="·"/>
		<feat xlink:href="#sSpan5608" value="ⲧⲉⲛⲟⲩ"/>
		<feat xlink:href="#sSpan5614" value="ϭⲉ"/>
		<feat xlink:href="#sSpan5619" value="ⲡⲉⲛⲥⲟⲛ"/>
		<feat xlink:href="#sSpan5625" value="ⲁⲣⲓⲡⲉⲛⲙⲉⲉⲩⲉ"/>
		<feat xlink:href="#sSpan5634" value="ϣⲁⲛⲧⲛ̅ⲛⲁⲩ"/>
		<feat xlink:href="#sSpan5642" value="ⲉⲣⲟⲕ"/>
		<feat xlink:href="#sSpan5648" value="ϩⲙ̅ⲡⲏⲓ"/>
		<feat xlink:href="#sSpan5657" value="ⲙ̅ⲡⲛⲟⲩⲧⲉ"/>
		<feat xlink:href="#sSpan5666" value="·"/>
		<feat xlink:href="#sSpan5671" value="ⲥⲡⲟⲩⲇⲁⲍⲉ"/>
		<feat xlink:href="#sSpan5679" value="ⲇⲉ"/>
		<feat xlink:href="#sSpan5683" value="ⲙ̅ⲡⲣ̅ⲕⲁⲡⲕⲟⲥⲙⲟⲥ"/>
		<feat xlink:href="#sSpan5695" value="ⲉⲣ̅ϩⲁⲗ"/>
		<feat xlink:href="#sSpan5703" value="ⲙ̅ⲙⲟⲕ"/>
		<feat xlink:href="#sSpan5710" value="·"/>
		<feat xlink:href="#sSpan5714" value="ϫⲉⲁϥⲣ̅ϩⲁⲗ"/>
		<feat xlink:href="#sSpan5726" value="ⲛⲟⲩⲙⲏⲏϣⲉ"/>
		<feat xlink:href="#sSpan5735" value="·"/>
		<feat xlink:href="#sSpan5739" value="ⲛ̅ⲧⲉⲣⲟⲩⲱ̅"/>
		<feat xlink:href="#sSpan5750" value="ⲇⲉ"/>
		<feat xlink:href="#sSpan5755" value="ⲛ̅ⲛⲁⲓ"/>
		<feat xlink:href="#sSpan5763" value="·"/>
		<feat xlink:href="#sSpan5767" value="ⲁⲩⲥⲙⲟⲩ"/>
		<feat xlink:href="#sSpan5775" value="ⲉⲣⲟⲓ"/>
		<feat xlink:href="#sSpan5781" value="ⲁⲩⲱ"/>
		<feat xlink:href="#sSpan5785" value="ⲁⲩⲁⲥⲡⲁⲍⲉ"/>
		<feat xlink:href="#sSpan5794" value="ⲙ̅ⲙⲟⲓ"/>
		<feat xlink:href="#sSpan5800" value="·"/>
		<feat xlink:href="#sSpan5804" value="ⲁⲓⲉⲓ̈"/>
		<feat xlink:href="#sSpan5816" value="ⲉⲃⲟⲗ"/>
		<feat xlink:href="#sSpan5820" value="ϩⲓⲧⲟⲟⲩⲟⲩ"/>
		<feat xlink:href="#sSpan5829" value="·"/>
		<feat xlink:href="#sSpan5833" value="ⲛ̅ⲧⲉⲣⲉⲓ̈ⲟⲩⲉ"/>
		<feat xlink:href="#sSpan5845" value="Ⲙ̅ⲙⲟⲟⲩ"/>
		<feat xlink:href="#sSpan5851" value="ⲛ̅ⲁⲩϩⲟⲟⲩ"/>
		<feat xlink:href="#sSpan5860" value="ⲙ̅ⲙⲟⲟϣⲉ"/>
		<feat xlink:href="#sSpan5867" value="·"/>
		<feat xlink:href="#sSpan5871" value="ⲁⲓⲉⲓ"/>
		<feat xlink:href="#sSpan5880" value="ⲉⲃⲟⲗ"/>
		<feat xlink:href="#sSpan5884" value="ⲉϩⲣⲁⲓ"/>
		<feat xlink:href="#sSpan5888" value="ⲉϫⲛ̅ⲟⲩⲡⲩⲅⲏ"/>
		<feat xlink:href="#sSpan5899" value="ⲙ̅ⲙⲟⲟⲩ"/>
		<feat xlink:href="#sSpan5906" value="·"/>
		<feat xlink:href="#sSpan5910" value="ⲁⲛⲟⲕ"/>
		<feat xlink:href="#sSpan5917" value="ⲇⲉ"/>
		<feat xlink:href="#sSpan5921" value="ⲁⲓϩⲙⲟⲟⲥ"/>
		<feat xlink:href="#sSpan5929" value="ⲛ̅ⲟⲩⲕⲟⲩⲓ"/>
		<feat xlink:href="#sSpan5937" value="ⲉⲧⲃⲉⲡϩⲓⲥⲉ"/>
		<feat xlink:href="#sSpan5947" value="·"/>
		<feat xlink:href="#sSpan5951" value="ⲁⲩⲱ"/>
		<feat xlink:href="#sSpan5955" value="ⲛⲉⲩⲛ̅ϩⲉⲛⲛⲟϭ"/>
		<feat xlink:href="#sSpan5966" value="ⲛ̅ϣⲏⲛ"/>
		<feat xlink:href="#sSpan5972" value="ⲣⲏⲧϩⲓϫⲛ̅ⲧⲡⲩⲅⲏ"/>
		<feat xlink:href="#sSpan5985" value="·"/>
		<feat xlink:href="#sSpan5989" value="ⲛ̅ⲧⲉⲣⲉⲓⲙⲓⲕⲉ"/>
		<feat xlink:href="#sSpan5999" value="ⲁⲩⲱ"/>
		<feat xlink:href="#sSpan6003" value="ⲛ̅ⲧⲁⲙ̅ⲧⲟⲛ"/>
		<feat xlink:href="#sSpan6011" value="ⲛ̅ⲟⲩⲕⲟⲩⲓ"/>
		<feat xlink:href="#sSpan6020" value="·"/>
		<feat xlink:href="#sSpan6024" value="ⲁⲓϭⲱ"/>
		<feat xlink:href="#sSpan6033" value="ⲉⲓϯⲟⲩⲟⲓ"/>
		<feat xlink:href="#sSpan6043" value="ϩⲛ̅ⲛ̅ϣⲏⲛ"/>
		<feat xlink:href="#sSpan6052" value="·"/>
		<feat xlink:href="#sSpan6056" value="ⲉⲓⲣ̅ϣⲡⲏⲣⲉ"/>
		<feat xlink:href="#sSpan6066" value="·"/>
		<feat xlink:href="#sSpan6070" value="ⲁⲩⲱ"/>
		<feat xlink:href="#sSpan6077" value="ⲉⲓⲙⲉⲉⲩⲉ"/>
		<feat xlink:href="#sSpan6086" value="ⲉⲃⲟⲗ"/>
		<feat xlink:href="#sSpan6090" value="ϫⲉⲛⲓⲙ"/>
		<feat xlink:href="#sSpan6096" value="ⲡⲉ"/>
		<feat xlink:href="#sSpan6100" value="ⲛ̅ⲧⲁϥⲧⲱⲱϭⲉ"/>
		<feat xlink:href="#sSpan6110" value="ⲙ̅ⲙⲟⲟⲩ"/>
		<feat xlink:href="#sSpan6117" value="ⲙ̅ⲡⲉⲓⲙⲁ"/>
		<feat xlink:href="#sSpan6126" value="·"/>
		<feat xlink:href="#sSpan6130" value="ⲁⲩⲱ"/>
		<feat xlink:href="#sSpan6136" value="ⲟⲛ"/>
		<feat xlink:href="#sSpan6140" value="ⲟⲩⲛ̅ϩⲉⲛⲃⲛ̅ⲛⲉ"/>
		<feat xlink:href="#sSpan6149" value="ⲛ̅ϩⲏⲧⲟⲩ"/>
		<feat xlink:href="#sSpan6155" value="ⲉⲩⲟⲧⲡ̅"/>
		<feat xlink:href="#sSpan6164" value="ⲛ̅ⲕⲁⲣⲡⲟⲥ"/>
		<feat xlink:href="#sSpan6172" value="·"/>
		<feat xlink:href="#sSpan6176" value="ⲙⲛ̅ϩⲉⲛⲕⲓⲧⲣⲉ"/>
		<feat xlink:href="#sSpan6185" value="ⲁⲩⲱ"/>
		<feat xlink:href="#sSpan6190" value="ϩⲉⲛϩⲣ̅ⲙⲁⲛ"/>
		<feat xlink:href="#sSpan6196" value="·"/>
		<feat xlink:href="#sSpan6200" value="ⲙⲛ̅ϩⲉⲛⲕⲛ̅ⲧⲉ"/>
		<feat xlink:href="#sSpan6210" value="·"/>
		<feat xlink:href="#sSpan6214" value="ⲙⲛ̅ϩⲉⲛϫⲙ̅ⲡⲉϩ"/>
		<feat xlink:href="#sSpan6223" value="·"/>
		<feat xlink:href="#sSpan6227" value="ⲙⲛ̅ϩⲉⲛⲉⲗⲟⲟⲗⲉ"/>
		<feat xlink:href="#sSpan6236" value="·"/>
		<feat xlink:href="#sSpan6240" value="ⲁⲩⲱ"/>
		<feat xlink:href="#sSpan6246" value="ϩⲉⲛⲇⲟⲣⲁⲕⲓⲟⲛ"/>
		<feat xlink:href="#sSpan6253" value="·"/>
		<feat xlink:href="#sSpan6257" value="ⲙⲛ̅ϩⲉⲛⲕⲓⲥⲙⲁ"/>
		<feat xlink:href="#sSpan6266" value="·"/>
		<feat xlink:href="#sSpan6270" value="ⲙⲛ̅ϩⲉⲛⲕⲉϣⲏⲛ"/>
		<feat xlink:href="#sSpan6282" value="ⲉⲩϣⲉϣⲥϯⲛⲟⲩϥⲉ"/>
		<feat xlink:href="#sSpan6295" value="ⲉⲃⲟⲗ"/>
		<feat xlink:href="#sSpan6299" value="·"/>
		<feat xlink:href="#sSpan6304" value="ⲧⲡⲩⲅⲏ"/>
		<feat xlink:href="#sSpan6313" value="ⲛⲉⲥⲧⲁⲩⲉ"/>
		<feat xlink:href="#sSpan6321" value="ⲙⲟⲟⲩ"/>
		<feat xlink:href="#sSpan6329" value="ⲉⲃⲟⲗ"/>
		<feat xlink:href="#sSpan6333" value="ⲉⲥⲧⲥⲟ"/>
		<feat xlink:href="#sSpan6341" value="ⲛ̅ⲛ̅ϣⲏⲛ"/>
		<feat xlink:href="#sSpan6350" value="ⲧⲏⲣⲟⲩ"/>
		<feat xlink:href="#sSpan6356" value="ⲉⲧⲣⲏⲧ"/>
		<feat xlink:href="#sSpan6362" value="ϩⲙ̅ⲡⲙⲁ"/>
		<feat xlink:href="#sSpan6372" value="ⲉⲧⲙ̅ⲙⲁⲩ"/>
		<feat xlink:href="#sSpan6378" value="·"/>
		<feat xlink:href="#sSpan6382" value="ⲛ̅ϩⲟⲥⲟⲛ"/>
		<feat xlink:href="#sSpan6392" value="ⲇⲉ"/>
		<feat xlink:href="#sSpan6397" value="ⲉⲓⲣ̅ϣⲡⲏⲣⲉ"/>
		<feat xlink:href="#sSpan6407" value="·"/>
		<feat xlink:href="#sSpan6411" value="ⲛ̅ⲛ̅ϣⲏⲛ"/>
		<feat xlink:href="#sSpan6421" value="·"/>
		<feat xlink:href="#sSpan6425" value="ⲁⲩⲱ"/>
		<feat xlink:href="#sSpan6429" value="ⲉⲓⲑⲉⲱⲣⲉⲓ"/>
		<feat xlink:href="#sSpan6438" value="ⲙ̅ⲙⲟⲟⲩ"/>
		<feat xlink:href="#sSpan6444" value="ⲙⲛ̅ⲛⲉⲩⲕⲁⲣⲡⲟⲥ"/>
		<feat xlink:href="#sSpan6454" value="·"/>
		<feat xlink:href="#sSpan6458" value="ⲉⲓⲥϥⲧⲟⲟⲩ"/>
		<feat xlink:href="#sSpan6466" value="ⲛ̅ϣⲏⲣⲉ"/>
		<feat xlink:href="#sSpan6473" value="ϣⲏⲙ"/>
		<feat xlink:href="#sSpan6477" value="ⲁⲩⲉⲓ̈"/>
		<feat xlink:href="#sSpan6485" value="ⲙ̅ⲡⲟⲩⲉ"/>
		<feat xlink:href="#sSpan6494" value="ⲉⲛⲉⲥⲱⲟⲩ"/>
		<feat xlink:href="#sSpan6502" value="ϩⲛ̅ⲧⲉⲩϩⲓⲕⲱⲛ"/>
		<feat xlink:href="#sSpan6513" value="·"/>
		<feat xlink:href="#sSpan6517" value="ⲉⲣⲉϩⲉⲛⲃⲁⲗⲟⲧ"/>
		<feat xlink:href="#sSpan6526" value="ⲉⲛⲉⲥⲟⲟⲩ"/>
		<feat xlink:href="#sSpan6534" value="ⲧⲟ"/>
		<feat xlink:href="#sSpan6538" value="ϩⲓⲱⲟⲩ"/>
		<feat xlink:href="#sSpan6544" value="·"/>
		<feat xlink:href="#sSpan6548" value="ⲙ̅ⲡⲉⲥⲙⲟⲧ"/>
		<feat xlink:href="#sSpan6558" value="ⲛ̅ϩⲉⲛⲡⲉⲣⲓⲥⲱⲙⲁ"/>
		<feat xlink:href="#sSpan6568" value="·"/>
		<feat xlink:href="#sSpan6572" value="ⲛ̅ⲧⲉⲣⲟⲩⲡⲱϩ"/>
		<feat xlink:href="#sSpan6583" value="ⲇⲉ"/>
		<feat xlink:href="#sSpan6587" value="ⲉⲣⲟⲓ"/>
		<feat xlink:href="#sSpan6594" value="ⲡⲉϫⲁⲩ"/>
		<feat xlink:href="#sSpan6600" value="ⲛⲁⲓ̈"/>
		<feat xlink:href="#sSpan6606" value="ϫⲉⲭⲁⲓⲣⲉ"/>
		<feat xlink:href="#sSpan6613" value="ⲡⲁⲡⲛⲟⲩⲧⲉ"/>
		<feat xlink:href="#sSpan6623" value="ⲡⲉⲛⲙⲉⲣⲓⲧ"/>
		<feat xlink:href="#sSpan6629" value="ⲛ̅ⲥⲟⲛ"/>
		<feat xlink:href="#sSpan6636" value="·"/></featList></paula>