<?xml version='1.0' encoding='UTF-8'?><!DOCTYPE paula SYSTEM "paula_feat.dtd">
<paula version="1.1">
	<header paula_id="scriptorium.life.onnophrius.03.mark_norm"/>
	<featList xmlns:xlink="http://www.w3.org/1999/xlink" type="norm" xml:base="scriptorium.life.onnophrius.03.mark.xml">
		<feat xlink:href="#sSpan1" value="ⲛⲧⲉⲣ"/>
		<feat xlink:href="#sSpan11" value="ⲛ"/>
		<feat xlink:href="#sSpan13" value="ϫⲱⲕ"/>
		<feat xlink:href="#sSpan16" value="ⲇⲉ"/>
		<feat xlink:href="#sSpan20" value="ⲉⲃⲟⲗ"/>
		<feat xlink:href="#sSpan24" value="ⲙ"/>
		<feat xlink:href="#sSpan28" value="ⲡⲉ"/>
		<feat xlink:href="#sSpan31" value="ϣⲗⲏⲗ"/>
		<feat xlink:href="#sSpan33" value="·"/>
		<feat xlink:href="#sSpan37" value="ⲁ"/>
		<feat xlink:href="#sSpan41" value="ⲛ"/>
		<feat xlink:href="#sSpan43" value="ϯ"/>
		<feat xlink:href="#sSpan45" value="ⲙ"/>
		<feat xlink:href="#sSpan49" value="ⲡ"/>
		<feat xlink:href="#sSpan53" value="ϩⲁⲙⲏⲛ"/>
		<feat xlink:href="#sSpan55" value="·"/>
		<feat xlink:href="#sSpan59" value="ⲁ"/>
		<feat xlink:href="#sSpan66" value="ⲛ"/>
		<feat xlink:href="#sSpan68" value="ϩⲙⲟⲟⲥ"/>
		<feat xlink:href="#sSpan71" value="ⲇⲉ"/>
		<feat xlink:href="#sSpan75" value="ϩⲓ"/>
		<feat xlink:href="#sSpan79" value="ⲟⲩ"/>
		<feat xlink:href="#sSpan81" value="ⲥⲟⲡ"/>
		<feat xlink:href="#sSpan83" value="ⲁ"/>
		<feat xlink:href="#sSpan89" value="ⲛ"/>
		<feat xlink:href="#sSpan91" value="ϭⲱ"/>
		<feat xlink:href="#sSpan93" value="ⲛ"/>
		<feat xlink:href="#sSpan97" value="ϣⲁϫⲉ"/>
		<feat xlink:href="#sSpan100" value="ⲙ"/>
		<feat xlink:href="#sSpan105" value="ⲙⲛⲧⲛⲟϭ"/>
		<feat xlink:href="#sSpan109" value="ⲙ"/>
		<feat xlink:href="#sSpan114" value="ⲡ"/>
		<feat xlink:href="#sSpan117" value="ⲛⲟⲩⲧⲉ"/>
		<feat xlink:href="#sSpan119" value="·"/>
		<feat xlink:href="#sSpan123" value="ⲁⲩⲱ"/>
		<feat xlink:href="#sSpan129" value="ⲙ"/>
		<feat xlink:href="#sSpan133" value="ⲡ"/>
		<feat xlink:href="#sSpan136" value="ⲛⲁⲩ"/>
		<feat xlink:href="#sSpan138" value="ⲙ"/>
		<feat xlink:href="#sSpan142" value="ⲡ"/>
		<feat xlink:href="#sSpan145" value="ⲣⲏ"/>
		<feat xlink:href="#sSpan147" value="ⲉ"/>
		<feat xlink:href="#sSpan151" value="ϥ"/>
		<feat xlink:href="#sSpan153" value="ⲛⲁ"/>
		<feat xlink:href="#sSpan155" value="ϩⲱⲧⲡ"/>
		<feat xlink:href="#sSpan157" value="·"/>
		<feat xlink:href="#sSpan161" value="ⲁ"/>
		<feat xlink:href="#sSpan166" value="ⲓ"/>
		<feat xlink:href="#sSpan168" value="ϭⲱϣⲧ"/>
		<feat xlink:href="#sSpan170" value="ⲁ"/>
		<feat xlink:href="#sSpan176" value="ⲓ"/>
		<feat xlink:href="#sSpan178" value="ⲛⲁⲩ"/>
		<feat xlink:href="#sSpan180" value="ⲉ"/>
		<feat xlink:href="#sSpan184" value="ⲩ"/>
		<feat xlink:href="#sSpan187" value="ⲟⲉⲓⲕ"/>
		<feat xlink:href="#sSpan189" value="ⲉ"/>
		<feat xlink:href="#sSpan193" value="ϥ"/>
		<feat xlink:href="#sSpan195" value="ⲕⲏ"/>
		<feat xlink:href="#sSpan197" value="ⲉϩⲣⲁⲓ"/>
		<feat xlink:href="#sSpan201" value="ⲙⲛ"/>
		<feat xlink:href="#sSpan205" value="ⲟⲩ"/>
		<feat xlink:href="#sSpan208" value="ϩⲛⲁⲩ"/>
		<feat xlink:href="#sSpan210" value="ⲙ"/>
		<feat xlink:href="#sSpan215" value="ⲙⲟⲟⲩ"/>
		<feat xlink:href="#sSpan218" value="·"/>
		<feat xlink:href="#sSpan222" value="ⲡⲉϫⲁ"/>
		<feat xlink:href="#sSpan229" value="ϥ"/>
		<feat xlink:href="#sSpan231" value="ⲛⲁ"/>
		<feat xlink:href="#sSpan235" value="ⲓ"/>
		<feat xlink:href="#sSpan237" value="ϫⲉ"/>
		<feat xlink:href="#sSpan241" value="ⲧⲱⲟⲩⲛ"/>
		<feat xlink:href="#sSpan243" value="ⲡⲁ"/>
		<feat xlink:href="#sSpan248" value="ⲥⲟⲛ"/>
		<feat xlink:href="#sSpan250" value="ⲛ"/>
		<feat xlink:href="#sSpan254" value="ⲅ"/>
		<feat xlink:href="#sSpan256" value="ⲟⲩⲱⲙ"/>
		<feat xlink:href="#sSpan259" value="·"/>
		<feat xlink:href="#sSpan263" value="ⲁⲩⲱ"/>
		<feat xlink:href="#sSpan267" value="ⲛ"/>
		<feat xlink:href="#sSpan271" value="ⲅ"/>
		<feat xlink:href="#sSpan273" value="ⲥⲱ"/>
		<feat xlink:href="#sSpan275" value="ⲙ"/>
		<feat xlink:href="#sSpan279" value="ⲡⲉⲓ"/>
		<feat xlink:href="#sSpan282" value="ⲕⲟⲩⲓ"/>
		<feat xlink:href="#sSpan284" value="ⲙ"/>
		<feat xlink:href="#sSpan288" value="ⲙⲟⲟⲩ"/>
		<feat xlink:href="#sSpan290" value="·"/>
		<feat xlink:href="#sSpan294" value="ϫⲉ"/>
		<feat xlink:href="#sSpan298" value="ϯ"/>
		<feat xlink:href="#sSpan300" value="ⲛⲁⲩ"/>
		<feat xlink:href="#sSpan303" value="ⲉⲣⲟ"/>
		<feat xlink:href="#sSpan307" value="ⲕ"/>
		<feat xlink:href="#sSpan309" value="ϫⲉ"/>
		<feat xlink:href="#sSpan313" value="ⲉ"/>
		<feat xlink:href="#sSpan315" value="ⲕ"/>
		<feat xlink:href="#sSpan318" value="ⲕⲓⲛⲇⲩⲛⲉⲩⲉ"/>
		<feat xlink:href="#sSpan320" value="·"/>
		<feat xlink:href="#sSpan324" value="ϩⲁ"/>
		<feat xlink:href="#sSpan328" value="ⲡⲉ"/>
		<feat xlink:href="#sSpan331" value="ϩⲕⲟ"/>
		<feat xlink:href="#sSpan333" value="·"/>
		<feat xlink:href="#sSpan337" value="ⲙⲛ"/>
		<feat xlink:href="#sSpan341" value="ⲡ"/>
		<feat xlink:href="#sSpan345" value="ⲉⲓⲃⲉ"/>
		<feat xlink:href="#sSpan347" value="ⲙⲛ"/>
		<feat xlink:href="#sSpan351" value="ⲡ"/>
		<feat xlink:href="#sSpan354" value="ϩⲓⲥⲉ"/>
		<feat xlink:href="#sSpan356" value="ⲛ"/>
		<feat xlink:href="#sSpan360" value="ⲛⲉ"/>
		<feat xlink:href="#sSpan363" value="ϩⲓⲟⲟⲩⲉ"/>
		<feat xlink:href="#sSpan365" value="·"/>
		<feat xlink:href="#sSpan369" value="ⲁⲛⲟⲕ"/>
		<feat xlink:href="#sSpan376" value="ⲇⲉ"/>
		<feat xlink:href="#sSpan380" value="ⲡⲉϫⲁ"/>
		<feat xlink:href="#sSpan384" value="ⲓ"/>
		<feat xlink:href="#sSpan386" value="ⲛⲁ"/>
		<feat xlink:href="#sSpan392" value="ϥ"/>
		<feat xlink:href="#sSpan394" value="ϫⲉ"/>
		<feat xlink:href="#sSpan398" value="ϥ"/>
		<feat xlink:href="#sSpan400" value="ⲟⲛϩ"/>
		<feat xlink:href="#sSpan402" value="ⲛϭⲓ"/>
		<feat xlink:href="#sSpan406" value="ⲡ"/>
		<feat xlink:href="#sSpan409" value="ⲛⲟⲩⲧⲉ"/>
		<feat xlink:href="#sSpan411" value="ⲡ"/>
		<feat xlink:href="#sSpan416" value="ⲡⲁⲛⲧⲟⲕⲣⲁⲧⲱⲣ"/>
		<feat xlink:href="#sSpan418" value="·"/>
		<feat xlink:href="#sSpan422" value="ϫⲉ"/>
		<feat xlink:href="#sSpan426" value="ⲛ"/>
		<feat xlink:href="#sSpan429" value="ϯ"/>
		<feat xlink:href="#sSpan431" value="ⲛⲁ"/>
		<feat xlink:href="#sSpan433" value="ⲟⲩⲱⲙ"/>
		<feat xlink:href="#sSpan435" value="ⲁⲛ"/>
		<feat xlink:href="#sSpan440" value="ⲟⲩⲇⲉ"/>
		<feat xlink:href="#sSpan444" value="ⲛ"/>
		<feat xlink:href="#sSpan448" value="ϯ"/>
		<feat xlink:href="#sSpan450" value="ⲛⲁ"/>
		<feat xlink:href="#sSpan452" value="ⲥⲱ"/>
		<feat xlink:href="#sSpan454" value="ⲁⲛ"/>
		<feat xlink:href="#sSpan458" value="ϣⲁⲛⲧ"/>
		<feat xlink:href="#sSpan462" value="ⲛ"/>
		<feat xlink:href="#sSpan464" value="ⲥⲟⲟⲩⲧⲛ"/>
		<feat xlink:href="#sSpan467" value="ⲉⲃⲟⲗ"/>
		<feat xlink:href="#sSpan471" value="ⲛ"/>
		<feat xlink:href="#sSpan475" value="ⲧⲛ"/>
		<feat xlink:href="#sSpan477" value="ⲟⲩⲱⲙ"/>
		<feat xlink:href="#sSpan479" value="ⲙⲛ"/>
		<feat xlink:href="#sSpan483" value="ⲛⲉⲛ"/>
		<feat xlink:href="#sSpan485" value="ⲉⲣⲏⲩ"/>
		<feat xlink:href="#sSpan487" value="·"/>
		<feat xlink:href="#sSpan491" value="ⲛⲧⲉⲣ"/>
		<feat xlink:href="#sSpan497" value="ⲓ"/>
		<feat xlink:href="#sSpan500" value="ϭⲱ"/>
		<feat xlink:href="#sSpan503" value="ⲇⲉ"/>
		<feat xlink:href="#sSpan507" value="ⲉ"/>
		<feat xlink:href="#sSpan511" value="ⲓ"/>
		<feat xlink:href="#sSpan513" value="ϭⲱⲣϣ"/>
		<feat xlink:href="#sSpan515" value="ⲉⲣⲟ"/>
		<feat xlink:href="#sSpan519" value="ϥ"/>
		<feat xlink:href="#sSpan522" value="ⲙⲟⲅⲓⲥ"/>
		<feat xlink:href="#sSpan526" value="ⲁ"/>
		<feat xlink:href="#sSpan530" value="ⲛ"/>
		<feat xlink:href="#sSpan532" value="ⲥⲟⲟⲩⲧⲛ"/>
		<feat xlink:href="#sSpan534" value="ⲉⲃⲟⲗ"/>
		<feat xlink:href="#sSpan538" value="·"/>
		<feat xlink:href="#sSpan542" value="ⲙⲛ"/>
		<feat xlink:href="#sSpan547" value="ⲛⲉⲛ"/>
		<feat xlink:href="#sSpan549" value="ⲉⲣⲏⲩ"/>
		<feat xlink:href="#sSpan551" value="·"/>
		<feat xlink:href="#sSpan555" value="ⲁ"/>
		<feat xlink:href="#sSpan561" value="ⲛ"/>
		<feat xlink:href="#sSpan563" value="ⲡⲱϣ"/>
		<feat xlink:href="#sSpan565" value="ⲙ"/>
		<feat xlink:href="#sSpan569" value="ⲡ"/>
		<feat xlink:href="#sSpan572" value="ⲟⲉⲓⲕ"/>
		<feat xlink:href="#sSpan574" value="ⲁ"/>
		<feat xlink:href="#sSpan580" value="ⲛ"/>
		<feat xlink:href="#sSpan582" value="ⲟⲩⲱⲙ"/>
		<feat xlink:href="#sSpan584" value="·"/>
		<feat xlink:href="#sSpan588" value="ⲁ"/>
		<feat xlink:href="#sSpan594" value="ⲛ"/>
		<feat xlink:href="#sSpan596" value="ⲕⲱ"/>
		<feat xlink:href="#sSpan599" value="ⲉ"/>
		<feat xlink:href="#sSpan604" value="ⲡⲁϩⲟⲩ"/>
		<feat xlink:href="#sSpan606" value="ⲛϩⲏⲧ"/>
		<feat xlink:href="#sSpan610" value="ϥ"/>
		<feat xlink:href="#sSpan612" value="·"/>
		<feat xlink:href="#sSpan616" value="ⲁ"/>
		<feat xlink:href="#sSpan622" value="ⲛ"/>
		<feat xlink:href="#sSpan624" value="ⲥⲱ"/>
		<feat xlink:href="#sSpan627" value="ⲇⲉ"/>
		<feat xlink:href="#sSpan631" value="ⲟⲛ"/>
		<feat xlink:href="#sSpan635" value="ⲙ"/>
		<feat xlink:href="#sSpan639" value="ⲡⲉ"/>
		<feat xlink:href="#sSpan642" value="ⲥⲛⲁⲩ"/>
		<feat xlink:href="#sSpan644" value="ϩⲙ"/>
		<feat xlink:href="#sSpan648" value="ⲡⲉ"/>
		<feat xlink:href="#sSpan652" value="ϩⲛⲁⲩ"/>
		<feat xlink:href="#sSpan654" value="ⲙ"/>
		<feat xlink:href="#sSpan658" value="ⲙⲟⲟⲩ"/>
		<feat xlink:href="#sSpan661" value="·"/>
		<feat xlink:href="#sSpan665" value="ⲁ"/>
		<feat xlink:href="#sSpan671" value="ⲛ"/>
		<feat xlink:href="#sSpan673" value="ⲥⲉⲓ"/>
		<feat xlink:href="#sSpan675" value="ⲁⲩⲱ"/>
		<feat xlink:href="#sSpan679" value="ⲁ"/>
		<feat xlink:href="#sSpan683" value="ⲛ"/>
		<feat xlink:href="#sSpan685" value="ⲕⲱ"/>
		<feat xlink:href="#sSpan688" value="ⲉ"/>
		<feat xlink:href="#sSpan692" value="ⲡⲁϩⲟⲩ"/>
		<feat xlink:href="#sSpan694" value="ⲛϩⲏⲧ"/>
		<feat xlink:href="#sSpan699" value="ϥ"/>
		<feat xlink:href="#sSpan701" value="·"/>
		<feat xlink:href="#sSpan705" value="ⲁⲩⲱ"/>
		<feat xlink:href="#sSpan711" value="ⲁ"/>
		<feat xlink:href="#sSpan715" value="ⲛ"/>
		<feat xlink:href="#sSpan717" value="ⲣ"/>
		<feat xlink:href="#sSpan719" value="ⲧⲉ"/>
		<feat xlink:href="#sSpan722" value="ⲩϣⲏ"/>
		<feat xlink:href="#sSpan724" value="ⲧⲏⲣ"/>
		<feat xlink:href="#sSpan728" value="ⲥ"/>
		<feat xlink:href="#sSpan730" value="ⲛ"/>
		<feat xlink:href="#sSpan734" value="ϣⲗⲏⲗ"/>
		<feat xlink:href="#sSpan737" value="·"/>
		<feat xlink:href="#sSpan741" value="ⲉ"/>
		<feat xlink:href="#sSpan745" value="ⲡ"/>
		<feat xlink:href="#sSpan748" value="ⲛⲟⲩⲧⲉ"/>
		<feat xlink:href="#sSpan750" value="ϣⲁ"/>
		<feat xlink:href="#sSpan756" value="ϩⲧⲟⲟⲩⲉ"/>
		<feat xlink:href="#sSpan759" value="·"/>
		<feat xlink:href="#sSpan763" value="ⲛⲧⲉⲣⲉ"/>
		<feat xlink:href="#sSpan769" value="ϩⲧⲟⲟⲩⲉ"/>
		<feat xlink:href="#sSpan773" value="ⲇⲉ"/>
		<feat xlink:href="#sSpan777" value="ϣⲱⲡⲉ"/>
		<feat xlink:href="#sSpan781" value="ⲁ"/>
		<feat xlink:href="#sSpan785" value="ⲓ"/>
		<feat xlink:href="#sSpan787" value="ⲛⲁⲩ"/>
		<feat xlink:href="#sSpan789" value="ⲉ"/>
		<feat xlink:href="#sSpan793" value="ⲡⲉϥ"/>
		<feat xlink:href="#sSpan797" value="ϩⲟ"/>
		<feat xlink:href="#sSpan799" value="ⲛⲧ"/>
		<feat xlink:href="#sSpan803" value="ⲁ"/>
		<feat xlink:href="#sSpan805" value="ϥ"/>
		<feat xlink:href="#sSpan807" value="ϣⲓⲃⲉ"/>
		<feat xlink:href="#sSpan809" value="ⲁ"/>
		<feat xlink:href="#sSpan815" value="ϥ"/>
		<feat xlink:href="#sSpan817" value="ⲡⲱⲛⲉ"/>
		<feat xlink:href="#sSpan819" value="·"/>
		<feat xlink:href="#sSpan824" value="ϩⲱⲥ"/>
		<feat xlink:href="#sSpan828" value="ⲛ"/>
		<feat xlink:href="#sSpan832" value="ϥ"/>
		<feat xlink:href="#sSpan834" value="ⲣ"/>
		<feat xlink:href="#sSpan837" value="ⲧ"/>
		<feat xlink:href="#sSpan839" value="ϩⲉ"/>
		<feat xlink:href="#sSpan841" value="ⲛ"/>
		<feat xlink:href="#sSpan845" value="ⲕⲉ"/>
		<feat xlink:href="#sSpan848" value="ⲣⲱⲙⲉ"/>
		<feat xlink:href="#sSpan851" value="ⲁ"/>
		<feat xlink:href="#sSpan857" value="ϥ"/>
		<feat xlink:href="#sSpan859" value="ⲣ"/>
		<feat xlink:href="#sSpan862" value="ⲧ"/>
		<feat xlink:href="#sSpan864" value="ϩⲉ"/>
		<feat xlink:href="#sSpan866" value="ⲛ"/>
		<feat xlink:href="#sSpan870" value="ⲟⲩ"/>
		<feat xlink:href="#sSpan873" value="ⲕⲱϩⲧ"/>
		<feat xlink:href="#sSpan875" value="ⲧⲏⲣ"/>
		<feat xlink:href="#sSpan879" value="ϥ"/>
		<feat xlink:href="#sSpan881" value="·"/>
		<feat xlink:href="#sSpan885" value="ⲁⲩⲱ"/>
		<feat xlink:href="#sSpan891" value="ⲁ"/>
		<feat xlink:href="#sSpan895" value="ⲧⲉϥ"/>
		<feat xlink:href="#sSpan899" value="ⲙⲟⲣⲫⲏ"/>
		<feat xlink:href="#sSpan903" value="ϯϩⲟⲧⲉ"/>
		<feat xlink:href="#sSpan908" value="ⲛⲁ"/>
		<feat xlink:href="#sSpan912" value="ⲓ"/>
		<feat xlink:href="#sSpan914" value="ⲉⲙⲁⲧⲉ"/>
		<feat xlink:href="#sSpan918" value="·"/>
		<feat xlink:href="#sSpan922" value="ⲛⲧⲟϥ"/>
		<feat xlink:href="#sSpan929" value="ⲇⲉ"/>
		<feat xlink:href="#sSpan933" value="ⲡⲉϫⲁ"/>
		<feat xlink:href="#sSpan937" value="ϥ"/>
		<feat xlink:href="#sSpan939" value="ⲛⲁ"/>
		<feat xlink:href="#sSpan943" value="ⲓ"/>
		<feat xlink:href="#sSpan945" value="·"/>
		<feat xlink:href="#sSpan949" value="ϫⲉ"/>
		<feat xlink:href="#sSpan954" value="ⲙⲡⲣ"/>
		<feat xlink:href="#sSpan957" value="ⲣϩⲟⲧⲉ"/>
		<feat xlink:href="#sSpan960" value="ⲡⲁ"/>
		<feat xlink:href="#sSpan965" value="ⲥⲟⲛ"/>
		<feat xlink:href="#sSpan967" value="·"/>
		<feat xlink:href="#sSpan971" value="ⲡⲁ"/>
		<feat xlink:href="#sSpan975" value="ⲡ"/>
		<feat xlink:href="#sSpan978" value="ⲛⲟⲩⲧⲉ"/>
		<feat xlink:href="#sSpan980" value="·"/>
		<feat xlink:href="#sSpan984" value="ⲛⲧ"/>
		<feat xlink:href="#sSpan988" value="ⲁ"/>
		<feat xlink:href="#sSpan990" value="ⲡ"/>
		<feat xlink:href="#sSpan993" value="ϫⲟⲉⲓⲥ"/>
		<feat xlink:href="#sSpan996" value="ⲅⲁⲣ"/>
		<feat xlink:href="#sSpan1000" value="ⲧⲛⲛⲟⲟⲩ"/>
		<feat xlink:href="#sSpan1005" value="ⲕ"/>
		<feat xlink:href="#sSpan1007" value="ⲉ"/>
		<feat xlink:href="#sSpan1011" value="ϥⲓ"/>
		<feat xlink:href="#sSpan1013" value="ⲡ"/>
		<feat xlink:href="#sSpan1018" value="ⲣⲟⲟⲩϣ"/>
		<feat xlink:href="#sSpan1020" value="ⲙ"/>
		<feat xlink:href="#sSpan1024" value="ⲡⲁ"/>
		<feat xlink:href="#sSpan1028" value="ⲥⲱⲙⲁ"/>
		<feat xlink:href="#sSpan1030" value="ⲛ"/>
		<feat xlink:href="#sSpan1034" value="ⲅ"/>
		<feat xlink:href="#sSpan1036" value="ⲧⲟⲙⲥ"/>
		<feat xlink:href="#sSpan1038" value="ϥ"/>
		<feat xlink:href="#sSpan1040" value="ϩⲣⲁⲓ"/>
		<feat xlink:href="#sSpan1049" value="ⲅⲁⲣ"/>
		<feat xlink:href="#sSpan1053" value="ϩⲙ"/>
		<feat xlink:href="#sSpan1057" value="ⲡ"/>
		<feat xlink:href="#sSpan1060" value="ϩⲟⲟⲩ"/>
		<feat xlink:href="#sSpan1062" value="ⲛ"/>
		<feat xlink:href="#sSpan1066" value="ϩⲟⲟⲩ"/>
		<feat xlink:href="#sSpan1068" value="ϯ"/>
		<feat xlink:href="#sSpan1072" value="ⲛⲁ"/>
		<feat xlink:href="#sSpan1074" value="ϫⲱⲕ"/>
		<feat xlink:href="#sSpan1076" value="ⲉⲃⲟⲗ"/>
		<feat xlink:href="#sSpan1080" value="ⲛ"/>
		<feat xlink:href="#sSpan1084" value="ⲧⲁ"/>
		<feat xlink:href="#sSpan1089" value="ⲟⲓⲕⲟⲛⲟⲙⲓⲁ"/>
		<feat xlink:href="#sSpan1091" value="ⲧⲁ"/>
		<feat xlink:href="#sSpan1095" value="ⲃⲱⲕ"/>
		<feat xlink:href="#sSpan1098" value="ⲉ"/>
		<feat xlink:href="#sSpan1102" value="ⲡ"/>
		<feat xlink:href="#sSpan1105" value="ⲙⲁ"/>
		<feat xlink:href="#sSpan1107" value="ⲛ"/>
		<feat xlink:href="#sSpan1111" value="ⲙⲧⲟⲛ"/>
		<feat xlink:href="#sSpan1114" value="ϣⲁ"/>
		<feat xlink:href="#sSpan1118" value="ⲉⲛⲉϩ"/>
		<feat xlink:href="#sSpan1121" value="·"/>
		<feat xlink:href="#sSpan1125" value="ⲛⲉ"/>
		<feat xlink:href="#sSpan1133" value="ⲥⲟⲩⲙⲛⲧⲁⲥⲉ"/>
		<feat xlink:href="#sSpan1139" value="ⲅⲁⲣ"/>
		<feat xlink:href="#sSpan1143" value="ⲙ"/>
		<feat xlink:href="#sSpan1147" value="ⲡ"/>
		<feat xlink:href="#sSpan1150" value="ⲉⲃⲟⲧ"/>
		<feat xlink:href="#sSpan1152" value="ⲡⲁⲱⲛⲉ"/>
		<feat xlink:href="#sSpan1156" value="ⲡⲉ"/>
		<feat xlink:href="#sSpan1160" value="ⲡⲉ"/>
		<feat xlink:href="#sSpan1165" value="ϩⲟⲟⲩ"/>
		<feat xlink:href="#sSpan1167" value="ⲉⲧ"/>
		<feat xlink:href="#sSpan1172" value="ⲙⲙⲁⲩ"/>
		<feat xlink:href="#sSpan1174" value="·"/>
		<feat xlink:href="#sSpan1178" value="ⲡⲉϫⲁ"/>
		<feat xlink:href="#sSpan1184" value="ϥ"/>
		<feat xlink:href="#sSpan1186" value="ⲟⲛ"/>
		<feat xlink:href="#sSpan1190" value="ⲛⲁ"/>
		<feat xlink:href="#sSpan1194" value="ⲓ"/>
		<feat xlink:href="#sSpan1196" value="ϫⲉ"/>
		<feat xlink:href="#sSpan1200" value="ⲉⲕϣⲁⲛ"/>
		<feat xlink:href="#sSpan1202" value="ⲃⲱⲕ"/>
		<feat xlink:href="#sSpan1205" value="ⲉ"/>
		<feat xlink:href="#sSpan1209" value="ⲕⲏⲙⲉ"/>
		<feat xlink:href="#sSpan1213" value="ⲧⲁϣⲉⲟⲉⲓϣ"/>
		<feat xlink:href="#sSpan1219" value="ⲙ"/>
		<feat xlink:href="#sSpan1223" value="ⲡⲁ"/>
		<feat xlink:href="#sSpan1227" value="ⲣⲡⲙⲉⲉⲩⲉ"/>
		<feat xlink:href="#sSpan1231" value="·"/>
		<feat xlink:href="#sSpan1235" value="ⲉ"/>
		<feat xlink:href="#sSpan1239" value="ⲟⲩ"/>
		<feat xlink:href="#sSpan1242" value="ⲥϯⲛⲟⲩϥⲉ"/>
		<feat xlink:href="#sSpan1246" value="ⲛ"/>
		<feat xlink:href="#sSpan1250" value="ⲛⲉ"/>
		<feat xlink:href="#sSpan1254" value="ⲥⲛⲏⲩ"/>
		<feat xlink:href="#sSpan1256" value="·"/>
		<feat xlink:href="#sSpan1260" value="ⲡ"/>
		<feat xlink:href="#sSpan1267" value="ⲉⲧ"/>
		<feat xlink:href="#sSpan1269" value="ⲛⲁ"/>
		<feat xlink:href="#sSpan1271" value="ϯ"/>
		<feat xlink:href="#sSpan1273" value="ⲛ"/>
		<feat xlink:href="#sSpan1277" value="ⲟⲩ"/>
		<feat xlink:href="#sSpan1281" value="ⲡⲣⲟⲥⲫⲟⲣⲁ"/>
		<feat xlink:href="#sSpan1283" value="·"/>
		<feat xlink:href="#sSpan1287" value="ϩⲙ"/>
		<feat xlink:href="#sSpan1291" value="ⲡⲁ"/>
		<feat xlink:href="#sSpan1294" value="ⲣⲁⲛ"/>
		<feat xlink:href="#sSpan1296" value="ⲉ"/>
		<feat xlink:href="#sSpan1301" value="ⲩ"/>
		<feat xlink:href="#sSpan1303" value="ⲣ"/>
		<feat xlink:href="#sSpan1305" value="ⲡ"/>
		<feat xlink:href="#sSpan1307" value="ⲙⲉⲉⲩⲉ"/>
		<feat xlink:href="#sSpan1309" value="ⲛⲁ"/>
		<feat xlink:href="#sSpan1313" value="ⲓ"/>
		<feat xlink:href="#sSpan1315" value="·"/>
		<feat xlink:href="#sSpan1320" value="ⲓⲏⲥⲟⲩⲥ"/>
		<feat xlink:href="#sSpan1325" value="ϩⲱⲱ"/>
		<feat xlink:href="#sSpan1329" value="ϥ"/>
		<feat xlink:href="#sSpan1331" value="ⲛⲁ"/>
		<feat xlink:href="#sSpan1335" value="ⲛⲧ"/>
		<feat xlink:href="#sSpan1337" value="ϥ"/>
		<feat xlink:href="#sSpan1339" value="ϩⲛ"/>
		<feat xlink:href="#sSpan1343" value="ⲧ"/>
		<feat xlink:href="#sSpan1346" value="ϣⲟⲣⲡ"/>
		<feat xlink:href="#sSpan1348" value="ⲛ"/>
		<feat xlink:href="#sSpan1353" value="ⲟⲩⲛⲟⲩ"/>
		<feat xlink:href="#sSpan1355" value="ⲙ"/>
		<feat xlink:href="#sSpan1359" value="ⲡ"/>
		<feat xlink:href="#sSpan1362" value="ϣⲟ"/>
		<feat xlink:href="#sSpan1364" value="ⲛ"/>
		<feat xlink:href="#sSpan1368" value="ⲣⲟⲙⲡⲉ"/>
		<feat xlink:href="#sSpan1370" value="·"/>
		<feat xlink:href="#sSpan1374" value="ⲁⲛⲟⲕ"/>
		<feat xlink:href="#sSpan1381" value="ⲇⲉ"/>
		<feat xlink:href="#sSpan1385" value="ⲡⲉϫⲁ"/>
		<feat xlink:href="#sSpan1389" value="ⲓ"/>
		<feat xlink:href="#sSpan1391" value="ⲛⲁ"/>
		<feat xlink:href="#sSpan1395" value="ϥ"/>
		<feat xlink:href="#sSpan1397" value="·"/>
		<feat xlink:href="#sSpan1401" value="ϫⲉ"/>
		<feat xlink:href="#sSpan1406" value="ⲉϣⲱⲡⲉ"/>
		<feat xlink:href="#sSpan1408" value="ⲟⲩ"/>
		<feat xlink:href="#sSpan1413" value="ϩⲏⲕⲉ"/>
		<feat xlink:href="#sSpan1415" value="ⲡⲉ"/>
		<feat xlink:href="#sSpan1419" value="ⲉ"/>
		<feat xlink:href="#sSpan1423" value="ⲙⲛ"/>
		<feat xlink:href="#sSpan1426" value="ϣϭⲟⲙ"/>
		<feat xlink:href="#sSpan1429" value="ⲙⲙⲟ"/>
		<feat xlink:href="#sSpan1433" value="ϥ"/>
		<feat xlink:href="#sSpan1435" value="·"/>
		<feat xlink:href="#sSpan1439" value="ⲉ"/>
		<feat xlink:href="#sSpan1443" value="ϯ"/>
		<feat xlink:href="#sSpan1445" value="ⲛ"/>
		<feat xlink:href="#sSpan1448" value="ⲟⲩ"/>
		<feat xlink:href="#sSpan1452" value="ⲡⲣⲟⲥⲫⲟⲣⲁ"/>
		<feat xlink:href="#sSpan1454" value="ⲙ"/>
		<feat xlink:href="#sSpan1458" value="ⲡⲉⲕ"/>
		<feat xlink:href="#sSpan1461" value="ⲣⲁⲛ"/>
		<feat xlink:href="#sSpan1463" value="·"/>
		<feat xlink:href="#sSpan1467" value="ⲡⲉϫⲁ"/>
		<feat xlink:href="#sSpan1473" value="ϥ"/>
		<feat xlink:href="#sSpan1475" value="ⲛⲁ"/>
		<feat xlink:href="#sSpan1479" value="ⲓ"/>
		<feat xlink:href="#sSpan1481" value="ϫⲉ"/>
		<feat xlink:href="#sSpan1485" value="ⲙⲁⲣⲉ"/>
		<feat xlink:href="#sSpan1488" value="ϥ"/>
		<feat xlink:href="#sSpan1490" value="ⲧⲙⲉ"/>
		<feat xlink:href="#sSpan1492" value="ⲟⲩ"/>
		<feat xlink:href="#sSpan1497" value="ⲥⲟⲛ"/>
		<feat xlink:href="#sSpan1499" value="ⲛ"/>
		<feat xlink:href="#sSpan1503" value="ϩⲏⲕⲉ"/>
		<feat xlink:href="#sSpan1505" value="ϩⲙ"/>
		<feat xlink:href="#sSpan1509" value="ⲡⲁ"/>
		<feat xlink:href="#sSpan1512" value="ⲣⲁⲛ"/>
		<feat xlink:href="#sSpan1514" value="·"/>
		<feat xlink:href="#sSpan1518" value="ⲡⲉϫⲁ"/>
		<feat xlink:href="#sSpan1526" value="ϥ"/>
		<feat xlink:href="#sSpan1528" value="ⲛⲁ"/>
		<feat xlink:href="#sSpan1533" value="ⲓ"/>
		<feat xlink:href="#sSpan1535" value="ϫⲉ"/>
		<feat xlink:href="#sSpan1539" value="ⲉϣⲱⲡⲉ"/>
		<feat xlink:href="#sSpan1541" value="ⲟⲩ"/>
		<feat xlink:href="#sSpan1546" value="ϩⲏⲕⲉ"/>
		<feat xlink:href="#sSpan1548" value="ⲡⲉ"/>
		<feat xlink:href="#sSpan1552" value="ⲙⲛ"/>
		<feat xlink:href="#sSpan1557" value="ϣϭⲟⲙ"/>
		<feat xlink:href="#sSpan1560" value="ⲙⲙⲟ"/>
		<feat xlink:href="#sSpan1565" value="ϥ"/>
		<feat xlink:href="#sSpan1567" value="ⲉ"/>
		<feat xlink:href="#sSpan1571" value="ⲧⲙⲙⲟ"/>
		<feat xlink:href="#sSpan1573" value="ϥ"/>
		<feat xlink:href="#sSpan1575" value="·"/>
		<feat xlink:href="#sSpan1579" value="ⲕ"/>
		<feat xlink:href="#sSpan1583" value="ⲛⲁ"/>
		<feat xlink:href="#sSpan1585" value="ⲛⲧ"/>
		<feat xlink:href="#sSpan1587" value="ϥ"/>
		<feat xlink:href="#sSpan1589" value="ⲁⲛ"/>
		<feat xlink:href="#sSpan1593" value="ⲉ"/>
		<feat xlink:href="#sSpan1597" value="ⲡ"/>
		<feat xlink:href="#sSpan1601" value="ⲇⲉⲓⲡⲛⲟⲛ"/>
		<feat xlink:href="#sSpan1603" value="ⲛ"/>
		<feat xlink:href="#sSpan1607" value="ⲧ"/>
		<feat xlink:href="#sSpan1611" value="ϣⲟⲣⲡ"/>
		<feat xlink:href="#sSpan1613" value="ⲛ"/>
		<feat xlink:href="#sSpan1617" value="ⲟⲩⲛⲟⲩ"/>
		<feat xlink:href="#sSpan1619" value="ⲙ"/>
		<feat xlink:href="#sSpan1623" value="ⲡ"/>
		<feat xlink:href="#sSpan1626" value="ϣⲟ"/>
		<feat xlink:href="#sSpan1628" value="ⲛ"/>
		<feat xlink:href="#sSpan1632" value="ⲣⲟⲙⲡⲉ"/>
		<feat xlink:href="#sSpan1634" value="·"/>
		<feat xlink:href="#sSpan1638" value="ⲡⲉϫⲁ"/>
		<feat xlink:href="#sSpan1644" value="ϥ"/>
		<feat xlink:href="#sSpan1646" value="ⲛⲁ"/>
		<feat xlink:href="#sSpan1650" value="ⲓ"/>
		<feat xlink:href="#sSpan1652" value="ϫⲉ"/>
		<feat xlink:href="#sSpan1657" value="ⲙⲁⲣⲉ"/>
		<feat xlink:href="#sSpan1659" value="ϥ"/>
		<feat xlink:href="#sSpan1661" value="ϯ"/>
		<feat xlink:href="#sSpan1663" value="ⲟⲩ"/>
		<feat xlink:href="#sSpan1668" value="ⲕⲟⲩⲓ"/>
		<feat xlink:href="#sSpan1670" value="ⲛ"/>
		<feat xlink:href="#sSpan1674" value="ⲥⲧⲟⲓ"/>
		<feat xlink:href="#sSpan1676" value="ϩⲙ"/>
		<feat xlink:href="#sSpan1680" value="ⲡⲁ"/>
		<feat xlink:href="#sSpan1683" value="ⲣⲁⲛ"/>
		<feat xlink:href="#sSpan1685" value="·"/>
		<feat xlink:href="#sSpan1689" value="ⲁⲛⲟⲕ"/>
		<feat xlink:href="#sSpan1696" value="ⲇⲉ"/>
		<feat xlink:href="#sSpan1700" value="ⲡⲉϫⲁ"/>
		<feat xlink:href="#sSpan1705" value="ⲓ"/>
		<feat xlink:href="#sSpan1707" value="ⲛⲁ"/>
		<feat xlink:href="#sSpan1712" value="ϥ"/>
		<feat xlink:href="#sSpan1714" value="·"/>
		<feat xlink:href="#sSpan1718" value="ϫⲉ"/>
		<feat xlink:href="#sSpan1722" value="ⲉϣⲱⲡⲉ"/>
		<feat xlink:href="#sSpan1724" value="·"/>
		<feat xlink:href="#sSpan1728" value="ⲟⲩ"/>
		<feat xlink:href="#sSpan1733" value="ϩⲏⲕⲉ"/>
		<feat xlink:href="#sSpan1735" value="ⲡⲉ"/>
		<feat xlink:href="#sSpan1739" value="ⲙⲛ"/>
		<feat xlink:href="#sSpan1743" value="ϣϭⲟⲙ"/>
		<feat xlink:href="#sSpan1746" value="ⲙⲙⲟ"/>
		<feat xlink:href="#sSpan1751" value="ϥ"/>
		<feat xlink:href="#sSpan1753" value="ⲉ"/>
		<feat xlink:href="#sSpan1758" value="ϯⲥⲧⲟⲓ"/>
		<feat xlink:href="#sSpan1761" value="·"/>
		<feat xlink:href="#sSpan1765" value="ⲉϩⲣⲁⲓ"/>
		<feat xlink:href="#sSpan1769" value="ⲙ"/>
		<feat xlink:href="#sSpan1773" value="ⲡⲉⲕ"/>
		<feat xlink:href="#sSpan1776" value="ⲣⲁⲛ"/>
		<feat xlink:href="#sSpan1778" value="·"/>
		<feat xlink:href="#sSpan1782" value="ⲉⲧⲃⲉ"/>
		<feat xlink:href="#sSpan1786" value="ⲧ"/>
		<feat xlink:href="#sSpan1790" value="ⲙⲛⲧϩⲏⲕⲉ"/>
		<feat xlink:href="#sSpan1794" value="·"/>
		<feat xlink:href="#sSpan1798" value="ⲁ"/>
		<feat xlink:href="#sSpan1804" value="ⲓ"/>
		<feat xlink:href="#sSpan1806" value="ⲟ"/>
		<feat xlink:href="#sSpan1808" value="ⲡⲁ"/>
		<feat xlink:href="#sSpan1813" value="ⲉⲓⲱⲧ"/>
		<feat xlink:href="#sSpan1815" value="ⲉⲧ"/>
		<feat xlink:href="#sSpan1819" value="ⲛⲁⲛⲟⲩ"/>
		<feat xlink:href="#sSpan1821" value="ϥ"/>
		<feat xlink:href="#sSpan1823" value="ⲙⲁⲣⲉ"/>
		<feat xlink:href="#sSpan1827" value="ⲡⲉⲕ"/>
		<feat xlink:href="#sSpan1830" value="ⲛⲁ"/>
		<feat xlink:href="#sSpan1832" value="ⲧⲁϩⲟ"/>
		<feat xlink:href="#sSpan1836" value="ⲛ"/>
		<feat xlink:href="#sSpan1838" value="ⲧⲏⲣ"/>
		<feat xlink:href="#sSpan1843" value="ⲛ"/>
		<feat xlink:href="#sSpan1845" value="ϫⲉ"/>
		<feat xlink:href="#sSpan1849" value="ⲡ"/>
		<feat xlink:href="#sSpan1852" value="ⲉⲧ"/>
		<feat xlink:href="#sSpan1854" value="ⲕ"/>
		<feat xlink:href="#sSpan1856" value="ⲛⲁ"/>
		<feat xlink:href="#sSpan1859" value="ⲁⲓⲧⲉⲓ"/>
		<feat xlink:href="#sSpan1861" value="ⲙⲙⲟ"/>
		<feat xlink:href="#sSpan1865" value="ϥ"/>
		<feat xlink:href="#sSpan1867" value="ⲛⲧⲙ"/>
		<feat xlink:href="#sSpan1871" value="ⲡ"/>
		<feat xlink:href="#sSpan1874" value="ⲛⲟⲩⲧⲉ"/>
		<feat xlink:href="#sSpan1876" value="·"/>
		<feat xlink:href="#sSpan1880" value="ⲡ"/>
		<feat xlink:href="#sSpan1886" value="ⲛⲟⲩⲧⲉ"/>
		<feat xlink:href="#sSpan1888" value="ⲛⲁ"/>
		<feat xlink:href="#sSpan1892" value="ⲧⲁⲁ"/>
		<feat xlink:href="#sSpan1894" value="ϥ"/>
		<feat xlink:href="#sSpan1896" value="ⲛⲁ"/>
		<feat xlink:href="#sSpan1900" value="ⲕ"/>
		<feat xlink:href="#sSpan1902" value="·"/>
		<feat xlink:href="#sSpan1906" value="ⲡⲉϫⲁ"/>
		<feat xlink:href="#sSpan1912" value="ϥ"/>
		<feat xlink:href="#sSpan1914" value="ⲛⲁ"/>
		<feat xlink:href="#sSpan1918" value="ⲓ"/>
		<feat xlink:href="#sSpan1920" value="ϫⲉ"/>
		<feat xlink:href="#sSpan1924" value="ⲙⲁⲣⲉ"/>
		<feat xlink:href="#sSpan1926" value="ϥ"/>
		<feat xlink:href="#sSpan1928" value="ⲁϩⲉ"/>
		<feat xlink:href="#sSpan1930" value="ⲣⲁⲧ"/>
		<feat xlink:href="#sSpan1933" value="ϥ"/>
		<feat xlink:href="#sSpan1935" value="ⲛ"/>
		<feat xlink:href="#sSpan1939" value="ϥ"/>
		<feat xlink:href="#sSpan1941" value="ϫⲉ"/>
		<feat xlink:href="#sSpan1943" value="ϣⲟⲙⲛⲧ"/>
		<feat xlink:href="#sSpan1946" value="ⲛ"/>
		<feat xlink:href="#sSpan1950" value="ⲥⲟⲡ"/>
		<feat xlink:href="#sSpan1952" value="ⲛ"/>
		<feat xlink:href="#sSpan1956" value="ϣⲗⲏⲗ"/>
		<feat xlink:href="#sSpan1959" value="ⲉ"/>
		<feat xlink:href="#sSpan1963" value="ⲡ"/>
		<feat xlink:href="#sSpan1966" value="ⲛⲟⲩⲧⲉ"/>
		<feat xlink:href="#sSpan1968" value="·"/>
		<feat xlink:href="#sSpan1972" value="ϩⲙ"/>
		<feat xlink:href="#sSpan1977" value="ⲡⲁ"/>
		<feat xlink:href="#sSpan1980" value="ⲣⲁⲛ"/>
		<feat xlink:href="#sSpan1982" value="ⲁⲩⲱ"/>
		<feat xlink:href="#sSpan1986" value="ⲡ"/>
		<feat xlink:href="#sSpan1991" value="ϫⲟⲉⲓⲥ"/>
		<feat xlink:href="#sSpan1994" value="ⲓⲏⲥⲟⲩⲥ"/>
		<feat xlink:href="#sSpan1998" value="ⲛⲁ"/>
		<feat xlink:href="#sSpan2002" value="ⲛⲧ"/>
		<feat xlink:href="#sSpan2004" value="ϥ"/>
		<feat xlink:href="#sSpan2006" value="ⲉ"/>
		<feat xlink:href="#sSpan2010" value="ⲡ"/>
		<feat xlink:href="#sSpan2013" value="ϣⲟ"/>
		<feat xlink:href="#sSpan2015" value="ⲛ"/>
		<feat xlink:href="#sSpan2019" value="ⲣⲟⲙⲡⲉ"/>
		<feat xlink:href="#sSpan2021" value="·"/>
		<feat xlink:href="#sSpan2025" value="ⲛ"/>
		<feat xlink:href="#sSpan2030" value="ϥ"/>
		<feat xlink:href="#sSpan2033" value="ⲕⲗⲏⲣⲟⲛⲟⲙⲉⲓ"/>
		<feat xlink:href="#sSpan2035" value="ⲙⲛ"/>
		<feat xlink:href="#sSpan2039" value="ⲛ"/>
		<feat xlink:href="#sSpan2042" value="ⲉⲧ"/>
		<feat xlink:href="#sSpan2044" value="ⲟⲩⲁⲁⲃ"/>
		<feat xlink:href="#sSpan2046" value="ⲧⲏⲣ"/>
		<feat xlink:href="#sSpan2050" value="ⲟⲩ"/>
		<feat xlink:href="#sSpan2052" value="·"/>
		<feat xlink:href="#sSpan2056" value="ⲁⲛⲟⲕ"/>
		<feat xlink:href="#sSpan2063" value="ⲇⲉ"/>
		<feat xlink:href="#sSpan2067" value="ⲡⲉϫⲁ"/>
		<feat xlink:href="#sSpan2072" value="ⲓ"/>
		<feat xlink:href="#sSpan2074" value="ⲛⲁ"/>
		<feat xlink:href="#sSpan2078" value="ϥ"/>
		<feat xlink:href="#sSpan2080" value="ϫⲉ"/>
		<feat xlink:href="#sSpan2085" value="ⲱ"/>
		<feat xlink:href="#sSpan2087" value="ⲡⲁ"/>
		<feat xlink:href="#sSpan2092" value="ⲉⲓⲱⲧ"/>
		<feat xlink:href="#sSpan2094" value="ⲉⲧ"/>
		<feat xlink:href="#sSpan2098" value="ⲟⲩⲁⲁⲃ"/>
		<feat xlink:href="#sSpan2100" value="·"/>
		<feat xlink:href="#sSpan2104" value="ⲉϣⲱⲡⲉ"/>
		<feat xlink:href="#sSpan2108" value="ϯ"/>
		<feat xlink:href="#sSpan2112" value="ⲙⲡϣⲁ"/>
		<feat xlink:href="#sSpan2115" value="·"/>
		<feat xlink:href="#sSpan2119" value="ϯ"/>
		<feat xlink:href="#sSpan2123" value="ⲟⲩⲱϣ"/>
		<feat xlink:href="#sSpan2125" value="ⲉ"/>
		<feat xlink:href="#sSpan2129" value="ⲧⲣ"/>
		<feat xlink:href="#sSpan2131" value="ⲁ"/>
		<feat xlink:href="#sSpan2133" value="ϣⲱⲡⲉ"/>
		<feat xlink:href="#sSpan2135" value="·"/>
		<feat xlink:href="#sSpan2139" value="ϩⲙ"/>
		<feat xlink:href="#sSpan2143" value="ⲡⲉⲕ"/>
		<feat xlink:href="#sSpan2147" value="ⲧⲟⲡⲟⲥ"/>
		<feat xlink:href="#sSpan2149" value="·"/>
		<feat xlink:href="#sSpan2153" value="ⲉⲧ"/>
		<feat xlink:href="#sSpan2157" value="ⲟⲩⲁⲁⲃ"/>
		<feat xlink:href="#sSpan2160" value="ⲉⲕϣⲁⲛ"/>
		<feat xlink:href="#sSpan2164" value="ⲗⲟ"/>
		<feat xlink:href="#sSpan2166" value="ϩⲙ"/>
		<feat xlink:href="#sSpan2170" value="ⲡⲉⲓ"/>
		<feat xlink:href="#sSpan2174" value="ⲥⲱⲙⲁ"/>
		<feat xlink:href="#sSpan2176" value="·"/>
		<feat xlink:href="#sSpan2180" value="ⲡⲉϫⲁ"/>
		<feat xlink:href="#sSpan2186" value="ϥ"/>
		<feat xlink:href="#sSpan2188" value="ⲛⲁ"/>
		<feat xlink:href="#sSpan2192" value="ⲓ"/>
		<feat xlink:href="#sSpan2194" value="ϫⲉ"/>
		<feat xlink:href="#sSpan2198" value="ⲙⲡⲱⲣ"/>
		<feat xlink:href="#sSpan2201" value="ⲡⲁ"/>
		<feat xlink:href="#sSpan2206" value="ϣⲏⲣⲉ"/>
		<feat xlink:href="#sSpan2208" value="·"/>
		<feat xlink:href="#sSpan2212" value="ⲙⲡ"/>
		<feat xlink:href="#sSpan2218" value="ⲟⲩ"/>
		<feat xlink:href="#sSpan2220" value="ⲧⲟϣ"/>
		<feat xlink:href="#sSpan2222" value="ⲕ"/>
		<feat xlink:href="#sSpan2225" value="ⲅⲁⲣ"/>
		<feat xlink:href="#sSpan2229" value="ⲉ"/>
		<feat xlink:href="#sSpan2233" value="ϯ"/>
		<feat xlink:href="#sSpan2237" value="ⲟⲓⲕⲟⲛⲟⲙⲓⲁ"/>
		<feat xlink:href="#sSpan2240" value="·"/>
		<feat xlink:href="#sSpan2245" value="ⲁⲗⲗⲁ"/>
		<feat xlink:href="#sSpan2249" value="ⲛⲧ"/>
		<feat xlink:href="#sSpan2253" value="ⲁ"/>
		<feat xlink:href="#sSpan2255" value="ⲡ"/>
		<feat xlink:href="#sSpan2258" value="ϫⲟⲉⲓⲥ"/>
		<feat xlink:href="#sSpan2260" value="ⲧⲟϣ"/>
		<feat xlink:href="#sSpan2264" value="ⲕ"/>
		<feat xlink:href="#sSpan2266" value="ⲉ"/>
		<feat xlink:href="#sSpan2270" value="ⲩ"/>
		<feat xlink:href="#sSpan2273" value="ⲥⲟⲗⲥⲗ"/>
		<feat xlink:href="#sSpan2275" value="ⲛ"/>
		<feat xlink:href="#sSpan2279" value="ⲛⲉ"/>
		<feat xlink:href="#sSpan2282" value="ⲥⲛⲏⲩ"/>
		<feat xlink:href="#sSpan2286" value="ⲉⲧ"/>
		<feat xlink:href="#sSpan2290" value="ⲟⲩⲁⲁⲃ"/>
		<feat xlink:href="#sSpan2292" value="·"/>
		<feat xlink:href="#sSpan2296" value="ⲉⲧ"/>
		<feat xlink:href="#sSpan2300" value="ϣⲟⲟⲡ"/>
		<feat xlink:href="#sSpan2302" value="ϩⲙ"/>
		<feat xlink:href="#sSpan2306" value="ⲡ"/>
		<feat xlink:href="#sSpan2309" value="ϫⲁⲓⲉ"/>
		<feat xlink:href="#sSpan2311" value="·"/>
		<feat xlink:href="#sSpan2315" value="ⲉ"/>
		<feat xlink:href="#sSpan2319" value="ⲧⲣⲉ"/>
		<feat xlink:href="#sSpan2321" value="ⲕ"/>
		<feat xlink:href="#sSpan2324" value="ⲧⲁϣⲉⲟⲉⲓϣ"/>
		<feat xlink:href="#sSpan2328" value="ⲙⲙⲟ"/>
		<feat xlink:href="#sSpan2332" value="ⲟⲩ"/>
		<feat xlink:href="#sSpan2334" value="ⲙⲛ"/>
		<feat xlink:href="#sSpan2338" value="ⲡⲉⲩ"/>
		<feat xlink:href="#sSpan2342" value="ⲥϯⲛⲟⲩϥⲉ"/>
		<feat xlink:href="#sSpan2345" value="·"/>
		<feat xlink:href="#sSpan2349" value="ϩⲛ"/>
		<feat xlink:href="#sSpan2353" value="ⲧ"/>
		<feat xlink:href="#sSpan2356" value="ⲙⲏⲏⲧⲉ"/>
		<feat xlink:href="#sSpan2358" value="ⲛ"/>
		<feat xlink:href="#sSpan2363" value="ⲛⲉ"/>
		<feat xlink:href="#sSpan2366" value="ⲥⲛⲏⲩ"/>
		<feat xlink:href="#sSpan2368" value="·"/>
		<feat xlink:href="#sSpan2372" value="ⲛ"/>
		<feat xlink:href="#sSpan2378" value="ⲣⲉϥϣⲙϣⲉⲛⲟⲩⲧⲉ"/>
		<feat xlink:href="#sSpan2382" value="ⲉ"/>
		<feat xlink:href="#sSpan2387" value="ⲩ"/>
		<feat xlink:href="#sSpan2390" value="ϩⲏⲩ"/>
		<feat xlink:href="#sSpan2392" value="ⲛ"/>
		<feat xlink:href="#sSpan2396" value="ⲛ"/>
		<feat xlink:href="#sSpan2399" value="ⲉⲧ"/>
		<feat xlink:href="#sSpan2401" value="ⲥⲱⲧⲙ"/>
		<feat xlink:href="#sSpan2404" value="ⲃⲱⲕ"/>
		<feat xlink:href="#sSpan2410" value="ⲛⲁ"/>
		<feat xlink:href="#sSpan2414" value="ⲕ"/>
		<feat xlink:href="#sSpan2416" value="ⲉⲃⲟⲗ"/>
		<feat xlink:href="#sSpan2420" value="ⲉ"/>
		<feat xlink:href="#sSpan2424" value="ⲕⲏⲙⲉ"/>
		<feat xlink:href="#sSpan2428" value="ⲱ"/>
		<feat xlink:href="#sSpan2432" value="ⲡⲁ"/>
		<feat xlink:href="#sSpan2437" value="ϣⲏⲣⲉ"/>
		<feat xlink:href="#sSpan2439" value="ⲛ"/>
		<feat xlink:href="#sSpan2443" value="ⲅ"/>
		<feat xlink:href="#sSpan2445" value="ϣⲱⲡⲉ"/>
		<feat xlink:href="#sSpan2448" value="·"/>
		<feat xlink:href="#sSpan2452" value="ⲉ"/>
		<feat xlink:href="#sSpan2456" value="ⲕ"/>
		<feat xlink:href="#sSpan2458" value="ⲙⲏⲛ"/>
		<feat xlink:href="#sSpan2460" value="ⲉⲃⲟⲗ"/>
		<feat xlink:href="#sSpan2464" value="ϩⲙ"/>
		<feat xlink:href="#sSpan2468" value="ⲡ"/>
		<feat xlink:href="#sSpan2471" value="ϩⲱⲃ"/>
		<feat xlink:href="#sSpan2473" value="ⲉⲧ"/>
		<feat xlink:href="#sSpan2477" value="ⲛⲁⲛⲟⲩ"/>
		<feat xlink:href="#sSpan2479" value="ϥ"/>
		<feat xlink:href="#sSpan2481" value="·"/>
		<feat xlink:href="#sSpan2485" value="ⲁⲛⲟⲕ"/>
		<feat xlink:href="#sSpan2492" value="ⲇⲉ"/>
		<feat xlink:href="#sSpan2497" value="ⲛ"/>
		<feat xlink:href="#sSpan2501" value="ⲧⲉ"/>
		<feat xlink:href="#sSpan2503" value="ⲩⲛⲟⲩ"/>
		<feat xlink:href="#sSpan2505" value="ⲁ"/>
		<feat xlink:href="#sSpan2509" value="ⲓ"/>
		<feat xlink:href="#sSpan2511" value="ⲡⲁϩⲧ"/>
		<feat xlink:href="#sSpan2513" value="ⲉϫⲙ"/>
		<feat xlink:href="#sSpan2517" value="ⲡ"/>
		<feat xlink:href="#sSpan2520" value="ⲕⲁϩ"/>
		<feat xlink:href="#sSpan2522" value="·"/>
		<feat xlink:href="#sSpan2526" value="ⲡⲉϫⲁ"/>
		<feat xlink:href="#sSpan2532" value="ⲓ"/>
		<feat xlink:href="#sSpan2534" value="ⲛⲁ"/>
		<feat xlink:href="#sSpan2538" value="ϥ"/>
		<feat xlink:href="#sSpan2540" value="ϫⲉ"/>
		<feat xlink:href="#sSpan2545" value="ⲥⲙⲟⲩ"/>
		<feat xlink:href="#sSpan2547" value="ⲉⲣⲟ"/>
		<feat xlink:href="#sSpan2551" value="ⲓ"/>
		<feat xlink:href="#sSpan2553" value="ⲡⲁ"/>
		<feat xlink:href="#sSpan2558" value="ⲉⲓⲱⲧ"/>
		<feat xlink:href="#sSpan2560" value="·"/>
		<feat xlink:href="#sSpan2564" value="ⲛⲧⲉ"/>
		<feat xlink:href="#sSpan2568" value="ⲟⲩ"/>
		<feat xlink:href="#sSpan2571" value="ⲛⲁ"/>
		<feat xlink:href="#sSpan2573" value="ⲧⲁϩⲟ"/>
		<feat xlink:href="#sSpan2577" value="ⲓ"/>
		<feat xlink:href="#sSpan2579" value="ϩⲁϩⲧⲙ"/>
		<feat xlink:href="#sSpan2583" value="ⲡ"/>
		<feat xlink:href="#sSpan2587" value="ⲛⲟⲩⲧⲉ"/>
		<feat xlink:href="#sSpan2589" value="·"/>
		<feat xlink:href="#sSpan2593" value="ⲛ"/>
		<feat xlink:href="#sSpan2597" value="ⲧ"/>
		<feat xlink:href="#sSpan2599" value="ϩⲉ"/>
		<feat xlink:href="#sSpan2601" value="ⲛⲧ"/>
		<feat xlink:href="#sSpan2605" value="ⲁ"/>
		<feat xlink:href="#sSpan2607" value="ⲓ"/>
		<feat xlink:href="#sSpan2609" value="ⲙⲡϣⲁ"/>
		<feat xlink:href="#sSpan2611" value="ⲛ"/>
		<feat xlink:href="#sSpan2615" value="ⲛⲁⲩ"/>
		<feat xlink:href="#sSpan2617" value="ⲉⲣⲟ"/>
		<feat xlink:href="#sSpan2621" value="ⲕ"/>
		<feat xlink:href="#sSpan2623" value="ϩⲓϫⲙ"/>
		<feat xlink:href="#sSpan2627" value="ⲡ"/>
		<feat xlink:href="#sSpan2630" value="ⲕⲁϩ"/>
		<feat xlink:href="#sSpan2632" value="ⲛ"/>
		<feat xlink:href="#sSpan2637" value="ⲧⲁ"/>
		<feat xlink:href="#sSpan2639" value="ⲙⲡϣⲁ"/>
		<feat xlink:href="#sSpan2641" value="ⲟⲛ"/>
		<feat xlink:href="#sSpan2645" value="ⲛ"/>
		<feat xlink:href="#sSpan2649" value="ⲛⲁⲩ"/>
		<feat xlink:href="#sSpan2651" value="ⲉⲣⲟ"/>
		<feat xlink:href="#sSpan2655" value="ⲕ"/>
		<feat xlink:href="#sSpan2657" value="ϩⲙ"/>
		<feat xlink:href="#sSpan2661" value="ⲡ"/>
		<feat xlink:href="#sSpan2664" value="ⲕⲉ"/>
		<feat xlink:href="#sSpan2667" value="ⲁⲓⲱⲛ"/>
		<feat xlink:href="#sSpan2669" value="·"/>
		<feat xlink:href="#sSpan2673" value="ϩⲁϩⲧⲙ"/>
		<feat xlink:href="#sSpan2678" value="ⲡ"/>
		<feat xlink:href="#sSpan2681" value="ϫⲟⲉⲓⲥ"/>
		<feat xlink:href="#sSpan2684" value="ⲓⲏⲥⲟⲩⲥ"/>
		<feat xlink:href="#sSpan2688" value="ⲡⲉ"/>
		<feat xlink:href="#sSpan2693" value="ⲭⲣⲓⲥⲧⲟⲥ"/>
		<feat xlink:href="#sSpan2695" value="·"/>
		<feat xlink:href="#sSpan2699" value="ⲛⲧⲟϥ"/>
		<feat xlink:href="#sSpan2708" value="ⲇⲉ"/>
		<feat xlink:href="#sSpan2712" value="ⲡⲉϫⲁ"/>
		<feat xlink:href="#sSpan2716" value="ϥ"/>
		<feat xlink:href="#sSpan2718" value="ⲛⲁ"/>
		<feat xlink:href="#sSpan2722" value="ⲓ"/>
		<feat xlink:href="#sSpan2724" value="·"/>
		<feat xlink:href="#sSpan2728" value="ϫⲉ"/>
		<feat xlink:href="#sSpan2732" value="ⲡⲁ"/>
		<feat xlink:href="#sSpan2735" value="ϣⲏⲣⲉ"/>
		<feat xlink:href="#sSpan2737" value="ⲙ"/>
		<feat xlink:href="#sSpan2741" value="ⲡ"/>
		<feat xlink:href="#sSpan2744" value="ⲛⲟⲩⲧⲉ"/>
		<feat xlink:href="#sSpan2746" value="ⲛⲁ"/>
		<feat xlink:href="#sSpan2752" value="ⲗⲩⲡⲉⲓ"/>
		<feat xlink:href="#sSpan2754" value="ⲙⲙⲟ"/>
		<feat xlink:href="#sSpan2758" value="ⲕ"/>
		<feat xlink:href="#sSpan2760" value="ⲁⲛ"/>
		<feat xlink:href="#sSpan2764" value="ϩⲛ"/>
		<feat xlink:href="#sSpan2768" value="ⲗⲁⲁⲩ"/>
		<feat xlink:href="#sSpan2771" value="ⲛ"/>
		<feat xlink:href="#sSpan2775" value="ϩⲱⲃ"/>
		<feat xlink:href="#sSpan2777" value="ⲉϥⲉ"/>
		<feat xlink:href="#sSpan2781" value="ⲧⲁϫⲣⲟ"/>
		<feat xlink:href="#sSpan2783" value="ⲕ"/>
		<feat xlink:href="#sSpan2785" value="ϩⲛ"/>
		<feat xlink:href="#sSpan2790" value="ⲧⲉϥ"/>
		<feat xlink:href="#sSpan2794" value="ⲁⲅⲁⲡⲏ"/>
		<feat xlink:href="#sSpan2796" value="·"/>
		<feat xlink:href="#sSpan2800" value="ⲛⲧⲉ"/>
		<feat xlink:href="#sSpan2804" value="ⲛⲉⲕ"/>
		<feat xlink:href="#sSpan2807" value="ⲃⲁⲗ"/>
		<feat xlink:href="#sSpan2810" value="ϫⲓⲟⲩⲟⲉⲓⲛ"/>
		<feat xlink:href="#sSpan2815" value="·"/>
		<feat xlink:href="#sSpan2819" value="ϩⲛ"/>
		<feat xlink:href="#sSpan2823" value="ⲧⲉϥ"/>
		<feat xlink:href="#sSpan2827" value="ⲙⲛⲧⲛⲟⲩⲧⲉ"/>
		<feat xlink:href="#sSpan2831" value="·"/>
		<feat xlink:href="#sSpan2835" value="ⲛ"/>
		<feat xlink:href="#sSpan2839" value="ⲛⲉⲕ"/>
		<feat xlink:href="#sSpan2842" value="ⲣⲓⲕⲉ"/>
		<feat xlink:href="#sSpan2845" value="ⲟⲩⲇⲉ"/>
		<feat xlink:href="#sSpan2849" value="ⲛ"/>
		<feat xlink:href="#sSpan2853" value="ⲛⲉⲕ"/>
		<feat xlink:href="#sSpan2856" value="ϩⲉ"/>
		<feat xlink:href="#sSpan2858" value="·"/>
		<feat xlink:href="#sSpan2863" value="ⲁⲗⲗⲁ"/>
		<feat xlink:href="#sSpan2867" value="ⲉ"/>
		<feat xlink:href="#sSpan2872" value="ⲕ"/>
		<feat xlink:href="#sSpan2874" value="ⲛⲁ"/>
		<feat xlink:href="#sSpan2876" value="ⲙⲁⲧⲉ"/>
		<feat xlink:href="#sSpan2878" value="ⲙ"/>
		<feat xlink:href="#sSpan2882" value="ⲡ"/>
		<feat xlink:href="#sSpan2885" value="ϩⲱⲃ"/>
		<feat xlink:href="#sSpan2887" value="·"/>
		<feat xlink:href="#sSpan2891" value="ⲛⲧ"/>
		<feat xlink:href="#sSpan2895" value="ⲁ"/>
		<feat xlink:href="#sSpan2897" value="ⲕ"/>
		<feat xlink:href="#sSpan2899" value="ϩⲓⲧⲟⲟⲧ"/>
		<feat xlink:href="#sSpan2901" value="ⲕ"/>
		<feat xlink:href="#sSpan2903" value="ⲉⲣⲟ"/>
		<feat xlink:href="#sSpan2907" value="ϥ"/>
		<feat xlink:href="#sSpan2909" value="·"/>
		<feat xlink:href="#sSpan2913" value="ⲉⲣⲉ"/>
		<feat xlink:href="#sSpan2920" value="ⲛ"/>
		<feat xlink:href="#sSpan2924" value="ⲁⲅⲅⲉⲗⲟⲥ"/>
		<feat xlink:href="#sSpan2927" value="ⲥⲕⲉⲡⲁⲍⲉ"/>
		<feat xlink:href="#sSpan2931" value="ⲙⲙⲟ"/>
		<feat xlink:href="#sSpan2935" value="ⲕ"/>
		<feat xlink:href="#sSpan2937" value="·"/>
		<feat xlink:href="#sSpan2941" value="ⲛ"/>
		<feat xlink:href="#sSpan2945" value="ⲥⲉ"/>
		<feat xlink:href="#sSpan2947" value="ⲛⲁϩⲙⲉ"/>
		<feat xlink:href="#sSpan2949" value="ⲕ"/>
		<feat xlink:href="#sSpan2951" value="ⲉ"/>
		<feat xlink:href="#sSpan2956" value="ⲛ"/>
		<feat xlink:href="#sSpan2960" value="ⲉⲡⲓⲃⲟⲩⲗⲏ"/>
		<feat xlink:href="#sSpan2962" value="ⲛ"/>
		<feat xlink:href="#sSpan2966" value="ⲛ"/>
		<feat xlink:href="#sSpan2970" value="ⲓⲟⲩⲇⲁⲓ"/>
		<feat xlink:href="#sSpan2972" value="ⲛⲛⲉ"/>
		<feat xlink:href="#sSpan2976" value="ⲩ"/>
		<feat xlink:href="#sSpan2978" value="ϩⲉ"/>
		<feat xlink:href="#sSpan2981" value="ⲉ"/>
		<feat xlink:href="#sSpan2985" value="ⲗⲁⲁⲩ"/>
		<feat xlink:href="#sSpan2988" value="ⲛ"/>
		<feat xlink:href="#sSpan2993" value="ⲕⲁⲧⲏⲅⲟⲣⲓⲁ"/>
		<feat xlink:href="#sSpan2996" value="ⲉϩⲟⲩⲛ"/>
		<feat xlink:href="#sSpan3000" value="ⲉⲣⲟ"/>
		<feat xlink:href="#sSpan3004" value="ⲕ"/>
		<feat xlink:href="#sSpan3006" value="·"/>
		<feat xlink:href="#sSpan3010" value="ϩⲛ"/>
		<feat xlink:href="#sSpan3014" value="ⲧⲉⲕ"/>
		<feat xlink:href="#sSpan3018" value="ϭⲓⲛⲁⲡⲁⲛⲧⲁ"/>
		<feat xlink:href="#sSpan3022" value="ⲉ"/>
		<feat xlink:href="#sSpan3026" value="ⲡ"/>
		<feat xlink:href="#sSpan3030" value="ⲛⲟⲩⲧⲉ"/>
		<feat xlink:href="#sSpan3032" value="·"/>
		<feat xlink:href="#sSpan3036" value="ⲛⲧⲉⲣⲉ"/>
		<feat xlink:href="#sSpan3044" value="ϥ"/>
		<feat xlink:href="#sSpan3046" value="ⲟⲩⲱ"/>
		<feat xlink:href="#sSpan3049" value="ⲇⲉ"/>
		<feat xlink:href="#sSpan3053" value="ⲉ"/>
		<feat xlink:href="#sSpan3057" value="ϥ"/>
		<feat xlink:href="#sSpan3059" value="ϫⲱ"/>
		<feat xlink:href="#sSpan3061" value="ⲛ"/>
		<feat xlink:href="#sSpan3065" value="ⲛⲁⲓ"/>
		<feat xlink:href="#sSpan3068" value="ⲁ"/>
		<feat xlink:href="#sSpan3073" value="ϥ"/>
		<feat xlink:href="#sSpan3075" value="ⲧⲱⲟⲩⲛ"/>
		<feat xlink:href="#sSpan3077" value="ⲁ"/>
		<feat xlink:href="#sSpan3083" value="ϥ"/>
		<feat xlink:href="#sSpan3085" value="ϣⲗⲏⲗ"/>
		<feat xlink:href="#sSpan3087" value="ⲉ"/>
		<feat xlink:href="#sSpan3092" value="ⲡ"/>
		<feat xlink:href="#sSpan3095" value="ⲛⲟⲩⲧⲉ"/>
		<feat xlink:href="#sSpan3097" value="ϩⲛ"/>
		<feat xlink:href="#sSpan3101" value="ϩⲉⲛ"/>
		<feat xlink:href="#sSpan3105" value="ⲁϣⲁϩⲟⲙ"/>
		<feat xlink:href="#sSpan3108" value="ⲙⲛ"/>
		<feat xlink:href="#sSpan3112" value="ϩⲉⲛ"/>
		<feat xlink:href="#sSpan3115" value="ⲣⲙⲉⲓⲟⲟⲩⲉ"/>
		<feat xlink:href="#sSpan3117" value="ⲉ"/>
		<feat xlink:href="#sSpan3122" value="ⲩ"/>
		<feat xlink:href="#sSpan3124" value="ⲟϣ"/>
		<feat xlink:href="#sSpan3126" value="·"/>
		<feat xlink:href="#sSpan3130" value="ⲙⲛⲛⲥⲱ"/>
		<feat xlink:href="#sSpan3136" value="ⲥ"/>
		<feat xlink:href="#sSpan3138" value="ⲁ"/>
		<feat xlink:href="#sSpan3142" value="ϥ"/>
		<feat xlink:href="#sSpan3144" value="ⲛⲕⲟⲧⲕ"/>
		<feat xlink:href="#sSpan3147" value="ⲉ"/>
		<feat xlink:href="#sSpan3151" value="ⲡ"/>
		<feat xlink:href="#sSpan3154" value="ⲕⲁϩ"/>
		<feat xlink:href="#sSpan3156" value="·"/>
		<feat xlink:href="#sSpan3160" value="ⲁ"/>
		<feat xlink:href="#sSpan3166" value="ϥ"/>
		<feat xlink:href="#sSpan3168" value="ϫⲱⲕ"/>
		<feat xlink:href="#sSpan3170" value="ⲉⲃⲟⲗ"/>
		<feat xlink:href="#sSpan3174" value="ⲛ"/>
		<feat xlink:href="#sSpan3179" value="ⲧⲉϥ"/>
		<feat xlink:href="#sSpan3183" value="ⲟⲓⲕⲟⲛⲟⲙⲓⲁ"/>
		<feat xlink:href="#sSpan3185" value="ⲛⲧⲉ"/>
		<feat xlink:href="#sSpan3189" value="ⲡ"/>
		<feat xlink:href="#sSpan3192" value="ⲛⲟⲩⲧⲉ"/>
		<feat xlink:href="#sSpan3194" value="·"/>
		<feat xlink:href="#sSpan3198" value="ⲁⲩⲱ"/>
		<feat xlink:href="#sSpan3202" value="ⲁ"/>
		<feat xlink:href="#sSpan3206" value="ϥ"/>
		<feat xlink:href="#sSpan3208" value="ϯ"/>
		<feat xlink:href="#sSpan3210" value="ⲙ"/>
		<feat xlink:href="#sSpan3214" value="ⲡⲉϥ"/>
		<feat xlink:href="#sSpan3218" value="ⲡⲛⲉⲩⲙⲁ"/>
		<feat xlink:href="#sSpan3221" value="ⲛ"/>
		<feat xlink:href="#sSpan3225" value="ϭⲓϫ"/>
		<feat xlink:href="#sSpan3228" value="ⲙ"/>
		<feat xlink:href="#sSpan3232" value="ⲡ"/>
		<feat xlink:href="#sSpan3235" value="ⲛⲟⲩⲧⲉ"/>
		<feat xlink:href="#sSpan3237" value="ϩⲛ"/>
		<feat xlink:href="#sSpan3242" value="ⲥⲟⲩⲙⲛⲧⲁⲥⲉ"/>
		<feat xlink:href="#sSpan3247" value="ⲙ"/>
		<feat xlink:href="#sSpan3251" value="ⲡ"/>
		<feat xlink:href="#sSpan3254" value="ⲉⲃⲟⲧ"/>
		<feat xlink:href="#sSpan3256" value="ⲡⲁⲱⲛⲉ"/>
		<feat xlink:href="#sSpan3261" value="·"/>
		<feat xlink:href="#sSpan3265" value="ⲁⲛⲟⲕ"/>
		<feat xlink:href="#sSpan3272" value="ⲇⲉ"/>
		<feat xlink:href="#sSpan3276" value="ⲁ"/>
		<feat xlink:href="#sSpan3280" value="ⲓ"/>
		<feat xlink:href="#sSpan3282" value="ⲥⲱⲧⲙ"/>
		<feat xlink:href="#sSpan3284" value="ⲉ"/>
		<feat xlink:href="#sSpan3288" value="ϩⲉⲛ"/>
		<feat xlink:href="#sSpan3292" value="ⲫⲱⲛⲏ"/>
		<feat xlink:href="#sSpan3294" value="ⲛ"/>
		<feat xlink:href="#sSpan3299" value="ⲁⲅⲅⲉⲗⲟⲥ"/>
		<feat xlink:href="#sSpan3303" value="ⲉ"/>
		<feat xlink:href="#sSpan3307" value="ⲩ"/>
		<feat xlink:href="#sSpan3310" value="ϩⲩⲙⲛⲉⲩⲉ"/>
		<feat xlink:href="#sSpan3312" value="ϩⲓⲑⲏ"/>
		<feat xlink:href="#sSpan3316" value="ⲙ"/>
		<feat xlink:href="#sSpan3320" value="ⲡ"/>
		<feat xlink:href="#sSpan3324" value="ⲙⲁⲕⲁⲣⲓⲟⲥ"/>
		<feat xlink:href="#sSpan3327" value="ⲁⲡⲁ"/>
		<feat xlink:href="#sSpan3331" value="ⲟⲛⲛⲟϥⲣⲓⲟⲥ"/>
		<feat xlink:href="#sSpan3336" value="·"/>
		<feat xlink:href="#sSpan3340" value="ⲁⲩⲱ"/>
		<feat xlink:href="#sSpan3344" value="ⲛⲉⲣⲉ"/>
		<feat xlink:href="#sSpan3348" value="ⲟⲩ"/>
		<feat xlink:href="#sSpan3351" value="ⲛⲟϭ"/>
		<feat xlink:href="#sSpan3353" value="ⲛ"/>
		<feat xlink:href="#sSpan3357" value="ⲟⲩⲣⲟⲧ"/>
		<feat xlink:href="#sSpan3359" value="ϣⲟⲟⲡ"/>
		<feat xlink:href="#sSpan3363" value="ϩⲛ"/>
		<feat xlink:href="#sSpan3367" value="ⲧⲉϥ"/>
		<feat xlink:href="#sSpan3372" value="ϭⲓⲛⲁⲡⲁⲛⲧⲁ"/>
		<feat xlink:href="#sSpan3376" value="ⲉ"/>
		<feat xlink:href="#sSpan3380" value="ⲡ"/>
		<feat xlink:href="#sSpan3383" value="ⲛⲟⲩⲧⲉ"/>
		<feat xlink:href="#sSpan3385" value="·"/>
		<feat xlink:href="#sSpan3389" value="ⲁⲛⲟⲕ"/>
		<feat xlink:href="#sSpan3396" value="ⲇⲉ"/>
		<feat xlink:href="#sSpan3400" value="ⲁ"/>
		<feat xlink:href="#sSpan3404" value="ⲓ"/>
		<feat xlink:href="#sSpan3406" value="ⲕⲁ"/>
		<feat xlink:href="#sSpan3408" value="ⲧ"/>
		<feat xlink:href="#sSpan3411" value="ⲕⲁϩⲏⲩ"/>
		<feat xlink:href="#sSpan3417" value="ⲛ"/>
		<feat xlink:href="#sSpan3421" value="ⲧ"/>
		<feat xlink:href="#sSpan3424" value="ⲁⲗⲟⲃⲏⲧⲉ"/>
		<feat xlink:href="#sSpan3426" value="ⲉⲧ"/>
		<feat xlink:href="#sSpan3430" value="ⲧⲟ"/>
		<feat xlink:href="#sSpan3432" value="ϩⲓⲱⲱ"/>
		<feat xlink:href="#sSpan3436" value="ⲧ"/>
		<feat xlink:href="#sSpan3438" value="ⲁ"/>
		<feat xlink:href="#sSpan3444" value="ⲓ"/>
		<feat xlink:href="#sSpan3446" value="ϯ"/>
		<feat xlink:href="#sSpan3448" value="ⲛ"/>
		<feat xlink:href="#sSpan3450" value="ⲧⲉⲥ"/>
		<feat xlink:href="#sSpan3453" value="ⲡⲁϣⲉ"/>
		<feat xlink:href="#sSpan3455" value="·"/>
		<feat xlink:href="#sSpan3459" value="ⲉ"/>
		<feat xlink:href="#sSpan3464" value="ⲧ"/>
		<feat xlink:href="#sSpan3467" value="ⲕⲁⲓⲥⲉ"/>
		<feat xlink:href="#sSpan3469" value="·"/>
		<feat xlink:href="#sSpan3473" value="ⲧ"/>
		<feat xlink:href="#sSpan3478" value="ⲕⲉ"/>
		<feat xlink:href="#sSpan3480" value="ⲡⲁϣⲉ"/>
		<feat xlink:href="#sSpan3483" value="ⲇⲉ"/>
		<feat xlink:href="#sSpan3487" value="ⲁ"/>
		<feat xlink:href="#sSpan3491" value="ⲓ"/>
		<feat xlink:href="#sSpan3493" value="ϭⲟⲗ"/>
		<feat xlink:href="#sSpan3495" value="ⲧ"/>
		<feat xlink:href="#sSpan3497" value="ⲙⲙⲟ"/>
		<feat xlink:href="#sSpan3501" value="ⲥ"/>
		<feat xlink:href="#sSpan3503" value="ϫⲉ"/>
		<feat xlink:href="#sSpan3507" value="ⲛⲛⲉ"/>
		<feat xlink:href="#sSpan3510" value="ⲓ"/>
		<feat xlink:href="#sSpan3512" value="ϭⲱ"/>
		<feat xlink:href="#sSpan3515" value="ⲉ"/>
		<feat xlink:href="#sSpan3519" value="ⲓ"/>
		<feat xlink:href="#sSpan3522" value="ⲕⲏⲕⲁϩⲏⲩ"/>
		<feat xlink:href="#sSpan3525" value="·"/>
		<feat xlink:href="#sSpan3529" value="ⲁ"/>
		<feat xlink:href="#sSpan3535" value="ⲓ"/>
		<feat xlink:href="#sSpan3537" value="ϯ"/>
		<feat xlink:href="#sSpan3540" value="ⲇⲉ"/>
		<feat xlink:href="#sSpan3544" value="ⲙ"/>
		<feat xlink:href="#sSpan3548" value="ⲡⲉϥ"/>
		<feat xlink:href="#sSpan3552" value="ⲥⲱⲙⲁ"/>
		<feat xlink:href="#sSpan3554" value="ⲉ"/>
		<feat xlink:href="#sSpan3558" value="ⲡ"/>
		<feat xlink:href="#sSpan3561" value="ⲉⲥⲏⲧ"/>
		<feat xlink:href="#sSpan3563" value="ⲉ"/>
		<feat xlink:href="#sSpan3567" value="ⲡ"/>
		<feat xlink:href="#sSpan3570" value="ⲟⲩⲱϣ"/>
		<feat xlink:href="#sSpan3572" value="ⲛ"/>
		<feat xlink:href="#sSpan3576" value="ⲟⲩ"/>
		<feat xlink:href="#sSpan3579" value="ⲡⲉⲧⲣⲁ"/>
		<feat xlink:href="#sSpan3581" value="ⲁ"/>
		<feat xlink:href="#sSpan3587" value="ⲓ"/>
		<feat xlink:href="#sSpan3589" value="ⲥⲱⲧⲙ"/>
		<feat xlink:href="#sSpan3591" value="ⲉ"/>
		<feat xlink:href="#sSpan3595" value="ⲡⲉ"/>
		<feat xlink:href="#sSpan3598" value="ϩⲣⲟⲟⲩ"/>
		<feat xlink:href="#sSpan3600" value="ⲛ"/>
		<feat xlink:href="#sSpan3605" value="ⲟⲩ"/>
		<feat xlink:href="#sSpan3608" value="ⲙⲏⲏϣⲉ"/>
		<feat xlink:href="#sSpan3611" value="ⲛ"/>
		<feat xlink:href="#sSpan3616" value="ⲁⲅⲅⲉⲗⲟⲥ"/>
		<feat xlink:href="#sSpan3618" value="ⲉ"/>
		<feat xlink:href="#sSpan3622" value="ⲩ"/>
		<feat xlink:href="#sSpan3624" value="ⲣⲁϣⲉ"/>
		<feat xlink:href="#sSpan3626" value="ⲁⲩⲱ"/>
		<feat xlink:href="#sSpan3630" value="ⲉ"/>
		<feat xlink:href="#sSpan3634" value="ⲩ"/>
		<feat xlink:href="#sSpan3636" value="ⲱϣ"/>
		<feat xlink:href="#sSpan3639" value="ⲉⲃⲟⲗ"/>
		<feat xlink:href="#sSpan3643" value="ϫⲉ"/>
		<feat xlink:href="#sSpan3649" value="ⲁⲗⲗⲏⲗⲟⲩⲓⲁ"/>
		<feat xlink:href="#sSpan3651" value="·"/>
		<feat xlink:href="#sSpan3655" value="ⲁ"/>
		<feat xlink:href="#sSpan3664" value="ⲓ"/>
		<feat xlink:href="#sSpan3666" value="ϯ"/>
		<feat xlink:href="#sSpan3669" value="ⲇⲉ"/>
		<feat xlink:href="#sSpan3673" value="ⲙ"/>
		<feat xlink:href="#sSpan3677" value="ⲡⲁ"/>
		<feat xlink:href="#sSpan3680" value="ϣⲗⲏⲗ"/>
		<feat xlink:href="#sSpan3682" value="ⲉϩⲣⲁⲓ"/>
		<feat xlink:href="#sSpan3686" value="ⲉϫⲱ"/>
		<feat xlink:href="#sSpan3690" value="ϥ"/>
		<feat xlink:href="#sSpan3692" value="·"/>
		<feat xlink:href="#sSpan3696" value="ⲁⲩⲱ"/>
		<feat xlink:href="#sSpan3700" value="ⲁ"/>
		<feat xlink:href="#sSpan3704" value="ⲓ"/>
		<feat xlink:href="#sSpan3706" value="ϭⲱⲗ"/>
		<feat xlink:href="#sSpan3708" value="ⲛ"/>
		<feat xlink:href="#sSpan3712" value="ⲟⲩ"/>
		<feat xlink:href="#sSpan3716" value="ⲁϣⲏ"/>
		<feat xlink:href="#sSpan3718" value="ⲛ"/>
		<feat xlink:href="#sSpan3722" value="ⲱⲛⲉ"/>
		<feat xlink:href="#sSpan3724" value="·"/>
		<feat xlink:href="#sSpan3728" value="ⲉϩⲣⲁⲓ"/>
		<feat xlink:href="#sSpan3732" value="ⲉϫⲱ"/>
		<feat xlink:href="#sSpan3736" value="ϥ"/>
		<feat xlink:href="#sSpan3738" value="ⲁ"/>
		<feat xlink:href="#sSpan3744" value="ⲓ"/>
		<feat xlink:href="#sSpan3746" value="ⲁϩⲉ"/>
		<feat xlink:href="#sSpan3749" value="ⲣⲁⲧ"/>
		<feat xlink:href="#sSpan3751" value="ⲁ"/>
		<feat xlink:href="#sSpan3757" value="ⲓ"/>
		<feat xlink:href="#sSpan3759" value="ϣⲗⲏⲗ"/>
		<feat xlink:href="#sSpan3761" value="·"/>
		<feat xlink:href="#sSpan3765" value="ⲡ"/>
		<feat xlink:href="#sSpan3772" value="ⲙⲉϩⲥⲡⲥⲛⲁⲩ"/>
		<feat xlink:href="#sSpan3776" value="·"/>
		<feat xlink:href="#sSpan3780" value="ⲁⲩⲱ"/>
		<feat xlink:href="#sSpan3784" value="ⲛ"/>
		<feat xlink:href="#sSpan3788" value="ⲧⲉ"/>
		<feat xlink:href="#sSpan3790" value="ⲩⲛⲟⲩ"/>
		<feat xlink:href="#sSpan3792" value="ⲁ"/>
		<feat xlink:href="#sSpan3796" value="ⲧ"/>
		<feat xlink:href="#sSpan3799" value="ⲃⲛⲛⲉ"/>
		<feat xlink:href="#sSpan3801" value="ϩⲉ"/>
		<feat xlink:href="#sSpan3805" value="·"/>
		<feat xlink:href="#sSpan3809" value="ⲁⲛⲟⲕ"/>
		<feat xlink:href="#sSpan3817" value="ⲇⲉ"/>
		<feat xlink:href="#sSpan3821" value="ⲁ"/>
		<feat xlink:href="#sSpan3825" value="ⲓ"/>
		<feat xlink:href="#sSpan3828" value="ⲣϣⲡⲏⲣⲉ"/>
		<feat xlink:href="#sSpan3831" value="ⲉⲙⲁⲧⲉ"/>
		<feat xlink:href="#sSpan3835" value="·"/>
		<feat xlink:href="#sSpan3839" value="ⲙ"/>
		<feat xlink:href="#sSpan3843" value="ⲡ"/>
		<feat xlink:href="#sSpan3846" value="ⲉⲛⲧ"/>
		<feat xlink:href="#sSpan3848" value="ⲁ"/>
		<feat xlink:href="#sSpan3850" value="ϥ"/>
		<feat xlink:href="#sSpan3852" value="ϣⲱⲡⲉ"/>
		<feat xlink:href="#sSpan3854" value="·"/>
		<feat xlink:href="#sSpan3858" value="ⲁ"/>
		<feat xlink:href="#sSpan3865" value="ⲓ"/>
		<feat xlink:href="#sSpan3867" value="ⲟⲩⲱⲙ"/>
		<feat xlink:href="#sSpan3869" value="ⲙ"/>
		<feat xlink:href="#sSpan3873" value="ⲡ"/>
		<feat xlink:href="#sSpan3876" value="ⲉⲛⲧ"/>
		<feat xlink:href="#sSpan3878" value="ⲁ"/>
		<feat xlink:href="#sSpan3880" value="ϥ"/>
		<feat xlink:href="#sSpan3882" value="ⲥⲉⲉⲡⲉ"/>
		<feat xlink:href="#sSpan3884" value="ⲙ"/>
		<feat xlink:href="#sSpan3888" value="ⲡ"/>
		<feat xlink:href="#sSpan3891" value="ⲟⲉⲓⲕ"/>
		<feat xlink:href="#sSpan3893" value="·"/>
		<feat xlink:href="#sSpan3897" value="ⲁⲩⲱ"/>
		<feat xlink:href="#sSpan3901" value="ⲁ"/>
		<feat xlink:href="#sSpan3905" value="ⲓ"/>
		<feat xlink:href="#sSpan3907" value="ⲥⲱ"/>
		<feat xlink:href="#sSpan3909" value="ⲙ"/>
		<feat xlink:href="#sSpan3914" value="ⲡ"/>
		<feat xlink:href="#sSpan3917" value="ⲙⲟⲟⲩ"/>
		<feat xlink:href="#sSpan3919" value="ⲛⲧ"/>
		<feat xlink:href="#sSpan3923" value="ⲁ"/>
		<feat xlink:href="#sSpan3925" value="ϥ"/>
		<feat xlink:href="#sSpan3927" value="ⲥⲉⲉⲡⲉ"/>
		<feat xlink:href="#sSpan3929" value="ⲉⲣⲟ"/>
		<feat xlink:href="#sSpan3933" value="ⲛ"/>
		<feat xlink:href="#sSpan3935" value="·"/>
		<feat xlink:href="#sSpan3939" value="ⲛⲧⲉⲣ"/>
		<feat xlink:href="#sSpan3945" value="ⲓ"/>
		<feat xlink:href="#sSpan3947" value="ⲛⲁⲩ"/>
		<feat xlink:href="#sSpan3950" value="ⲇⲉ"/>
		<feat xlink:href="#sSpan3954" value="ϫⲉ"/>
		<feat xlink:href="#sSpan3958" value="ⲙ"/>
		<feat xlink:href="#sSpan3961" value="ⲡ"/>
		<feat xlink:href="#sSpan3964" value="ⲟⲩⲱϣ"/>
		<feat xlink:href="#sSpan3966" value="ⲁⲛ"/>
		<feat xlink:href="#sSpan3970" value="ⲙ"/>
		<feat xlink:href="#sSpan3974" value="ⲡ"/>
		<feat xlink:href="#sSpan3977" value="ⲛⲟⲩⲧⲉ"/>
		<feat xlink:href="#sSpan3979" value="ⲡⲉ"/>
		<feat xlink:href="#sSpan3983" value="ⲉ"/>
		<feat xlink:href="#sSpan3987" value="ⲧⲣ"/>
		<feat xlink:href="#sSpan3989" value="ⲁ"/>
		<feat xlink:href="#sSpan3991" value="ϭⲱ"/>
		<feat xlink:href="#sSpan3993" value="ⲙ"/>
		<feat xlink:href="#sSpan3997" value="ⲡⲉⲓ"/>
		<feat xlink:href="#sSpan4000" value="ⲙⲁ"/>
		<feat xlink:href="#sSpan4002" value="·"/>
		<feat xlink:href="#sSpan4006" value="ⲁ"/>
		<feat xlink:href="#sSpan4011" value="ⲓ"/>
		<feat xlink:href="#sSpan4013" value="ⲡⲉⲣϣ"/>
		<feat xlink:href="#sSpan4015" value="ⲧⲟⲟⲧ"/>
		<feat xlink:href="#sSpan4018" value="ⲉⲃⲟⲗ"/>
		<feat xlink:href="#sSpan4022" value="ⲁ"/>
		<feat xlink:href="#sSpan4028" value="ⲓ"/>
		<feat xlink:href="#sSpan4030" value="ϣⲗⲏⲗ"/>
		<feat xlink:href="#sSpan4032" value="ⲉϩⲣⲁⲓ"/>
		<feat xlink:href="#sSpan4036" value="ⲉ"/>
		<feat xlink:href="#sSpan4040" value="ⲡ"/>
		<feat xlink:href="#sSpan4043" value="ϫⲟⲉⲓⲥ"/>
		<feat xlink:href="#sSpan4045" value="·"/>
		<feat xlink:href="#sSpan4049" value="ⲁⲩⲱ"/>
		<feat xlink:href="#sSpan4053" value="ⲉⲓⲥ"/>
		<feat xlink:href="#sSpan4058" value="ⲡ"/>
		<feat xlink:href="#sSpan4061" value="ⲣⲱⲙⲉ"/>
		<feat xlink:href="#sSpan4063" value="ⲛⲧ"/>
		<feat xlink:href="#sSpan4067" value="ⲁ"/>
		<feat xlink:href="#sSpan4069" value="ϥ"/>
		<feat xlink:href="#sSpan4071" value="ⲉⲓ"/>
		<feat xlink:href="#sSpan4073" value="ϣⲁⲣⲟ"/>
		<feat xlink:href="#sSpan4077" value="ⲓ"/>
		<feat xlink:href="#sSpan4079" value="ⲛ"/>
		<feat xlink:href="#sSpan4083" value="ϣⲟⲣⲡ"/>
		<feat xlink:href="#sSpan4085" value="ⲁ"/>
		<feat xlink:href="#sSpan4089" value="ϥ"/>
		<feat xlink:href="#sSpan4092" value="ϯϭⲟⲙ"/>
		<feat xlink:href="#sSpan4095" value="ⲛⲁ"/>
		<feat xlink:href="#sSpan4100" value="ⲓ"/>
		<feat xlink:href="#sSpan4102" value="·"/>
		<feat xlink:href="#sSpan4106" value="ⲁ"/>
		<feat xlink:href="#sSpan4110" value="ϥ"/>
		<feat xlink:href="#sSpan4112" value="ⲉⲓ"/>
		<feat xlink:href="#sSpan4114" value="ⲟⲛ"/>
		<feat xlink:href="#sSpan4118" value="ϣⲁⲣⲟ"/>
		<feat xlink:href="#sSpan4122" value="ⲓ"/>
		<feat xlink:href="#sSpan4124" value="ⲛ"/>
		<feat xlink:href="#sSpan4128" value="ⲧ"/>
		<feat xlink:href="#sSpan4130" value="ϩⲉ"/>
		<feat xlink:href="#sSpan4132" value="ⲛ"/>
		<feat xlink:href="#sSpan4136" value="ⲧⲉ"/>
		<feat xlink:href="#sSpan4139" value="ϩⲟⲩⲉⲓⲧⲉ"/>
		<feat xlink:href="#sSpan4141" value="·"/>
		<feat xlink:href="#sSpan4145" value="ⲡⲉϫⲁ"/>
		<feat xlink:href="#sSpan4151" value="ϥ"/>
		<feat xlink:href="#sSpan4153" value="ⲛⲁ"/>
		<feat xlink:href="#sSpan4158" value="ⲓ"/>
		<feat xlink:href="#sSpan4160" value="·"/>
		<feat xlink:href="#sSpan4164" value="ϫⲉ"/>
		<feat xlink:href="#sSpan4168" value="ⲡⲁ"/>
		<feat xlink:href="#sSpan4171" value="ⲡ"/>
		<feat xlink:href="#sSpan4174" value="ⲛⲟⲩⲧⲉ"/>
		<feat xlink:href="#sSpan4176" value="ⲁ"/>
		<feat xlink:href="#sSpan4180" value="ⲡⲉⲛ"/>
		<feat xlink:href="#sSpan4183" value="ϫⲟⲉⲓⲥ"/>
		<feat xlink:href="#sSpan4185" value="ⲧⲁⲙⲟ"/>
		<feat xlink:href="#sSpan4189" value="ⲛ"/>
		<feat xlink:href="#sSpan4191" value="ⲙ"/>
		<feat xlink:href="#sSpan4195" value="ⲡ"/>
		<feat xlink:href="#sSpan4198" value="ϩⲟⲟⲩ"/>
		<feat xlink:href="#sSpan4200" value="ϫⲉ"/>
		<feat xlink:href="#sSpan4204" value="ⲕ"/>
		<feat xlink:href="#sSpan4207" value="ⲛⲏⲩ"/>
		<feat xlink:href="#sSpan4209" value="ϣⲁⲣⲟ"/>
		<feat xlink:href="#sSpan4213" value="ⲛ"/>
		<feat xlink:href="#sSpan4215" value="ⲉ"/>
		<feat xlink:href="#sSpan4219" value="ⲡⲉⲓ"/>
		<feat xlink:href="#sSpan4222" value="ⲙⲁ"/>
		<feat xlink:href="#sSpan4224" value="·"/>
		<feat xlink:href="#sSpan4228" value="ⲉⲓⲥ"/>
		<feat xlink:href="#sSpan4234" value="ⲥⲉ"/>
		<feat xlink:href="#sSpan4237" value="ⲛ"/>
		<feat xlink:href="#sSpan4241" value="ⲣⲟⲙⲡⲉ"/>
		<feat xlink:href="#sSpan4243" value="ⲙⲡⲉ"/>
		<feat xlink:href="#sSpan4247" value="ⲛ"/>
		<feat xlink:href="#sSpan4249" value="ⲛⲁⲩ"/>
		<feat xlink:href="#sSpan4252" value="ⲉ"/>
		<feat xlink:href="#sSpan4256" value="ⲣⲱⲙⲉ"/>
		<feat xlink:href="#sSpan4260" value="ⲉⲓⲙⲏⲧⲓ"/>
		<feat xlink:href="#sSpan4264" value="ⲛⲧⲟⲕ"/>
		<feat xlink:href="#sSpan4268" value="ⲙⲁⲩⲁⲁ"/>
		<feat xlink:href="#sSpan4272" value="ⲕ"/>
		<feat xlink:href="#sSpan4274" value="·"/>
		<feat xlink:href="#sSpan4278" value="ⲛⲧⲉⲣ"/>
		<feat xlink:href="#sSpan4284" value="ⲛ"/>
		<feat xlink:href="#sSpan4286" value="ⲱⲥⲕ"/>
		<feat xlink:href="#sSpan4289" value="ⲇⲉ"/>
		<feat xlink:href="#sSpan4294" value="ⲛ"/>
		<feat xlink:href="#sSpan4298" value="ϣⲁϫⲉ"/>
		<feat xlink:href="#sSpan4300" value="ⲙⲛ"/>
		<feat xlink:href="#sSpan4304" value="ⲛⲉⲛ"/>
		<feat xlink:href="#sSpan4306" value="ⲉⲣⲏⲩ"/>
		<feat xlink:href="#sSpan4308" value="·"/>
		<feat xlink:href="#sSpan4313" value="ⲗⲟⲓⲡⲟⲛ"/>
		<feat xlink:href="#sSpan4321" value="ⲡⲉϫⲁ"/>
		<feat xlink:href="#sSpan4325" value="ⲛ"/>
		<feat xlink:href="#sSpan4327" value="ⲛⲁ"/>
		<feat xlink:href="#sSpan4331" value="ϥ"/>
		<feat xlink:href="#sSpan4333" value="ϫⲉ"/>
		<feat xlink:href="#sSpan4338" value="ⲱ"/>
		<feat xlink:href="#sSpan4340" value="ⲡⲉⲛ"/>
		<feat xlink:href="#sSpan4345" value="ⲥⲟⲛ"/>
		<feat xlink:href="#sSpan4347" value="·"/>
		<feat xlink:href="#sSpan4351" value="ⲥⲙⲛ"/>
		<feat xlink:href="#sSpan4355" value="ⲡⲉⲕ"/>
		<feat xlink:href="#sSpan4358" value="ϩⲏⲧ"/>
		<feat xlink:href="#sSpan4360" value="ⲛ"/>
		<feat xlink:href="#sSpan4364" value="ⲟⲩ"/>
		<feat xlink:href="#sSpan4367" value="ⲕⲟⲩⲓ"/>
		<feat xlink:href="#sSpan4369" value="ⲛ"/>
		<feat xlink:href="#sSpan4373" value="ⲟⲉⲓⲕ"/>
		<feat xlink:href="#sSpan4376" value="ϫⲉ"/>
		<feat xlink:href="#sSpan4380" value="ⲛⲧ"/>
		<feat xlink:href="#sSpan4382" value="ⲁ"/>
		<feat xlink:href="#sSpan4384" value="ⲕ"/>
		<feat xlink:href="#sSpan4386" value="ⲉⲓ"/>
		<feat xlink:href="#sSpan4388" value="ϩⲛ"/>
		<feat xlink:href="#sSpan4392" value="ⲟⲩ"/>
		<feat xlink:href="#sSpan4395" value="ϩⲓⲏ"/>
		<feat xlink:href="#sSpan4397" value="ⲉ"/>
		<feat xlink:href="#sSpan4401" value="ⲥ"/>
		<feat xlink:href="#sSpan4403" value="ⲟⲩⲏⲩ"/>
		<feat xlink:href="#sSpan4405" value="·"/>
		<feat xlink:href="#sSpan4409" value="ⲁ"/>
		<feat xlink:href="#sSpan4416" value="ⲡ"/>
		<feat xlink:href="#sSpan4419" value="ϫⲟⲉⲓⲥ"/>
		<feat xlink:href="#sSpan4422" value="ⲇⲉ"/>
		<feat xlink:href="#sSpan4426" value="ⲧⲟϣ"/>
		<feat xlink:href="#sSpan4430" value="ⲛ"/>
		<feat xlink:href="#sSpan4432" value="ⲉ"/>
		<feat xlink:href="#sSpan4436" value="ⲧⲣⲉ"/>
		<feat xlink:href="#sSpan4438" value="ⲛ"/>
		<feat xlink:href="#sSpan4440" value="ϭⲱ"/>
		<feat xlink:href="#sSpan4442" value="ⲙⲛ"/>
		<feat xlink:href="#sSpan4446" value="ⲛⲉⲛ"/>
		<feat xlink:href="#sSpan4448" value="ⲉⲣⲏⲩ"/>
		<feat xlink:href="#sSpan4451" value="·"/>
		<feat xlink:href="#sSpan4455" value="ⲛ"/>
		<feat xlink:href="#sSpan4459" value="ⲟⲩ"/>
		<feat xlink:href="#sSpan4463" value="ϩⲟⲟⲩ"/>
		<feat xlink:href="#sSpan4465" value="·"/>
		<feat xlink:href="#sSpan4469" value="ⲧⲛ"/>
		<feat xlink:href="#sSpan4475" value="ⲣⲁϣⲉ"/>
		<feat xlink:href="#sSpan4478" value="ⲇⲉ"/>
		<feat xlink:href="#sSpan4482" value="ⲛⲙⲙⲁ"/>
		<feat xlink:href="#sSpan4486" value="ⲕ"/>
		<feat xlink:href="#sSpan4488" value="·"/>
		<feat xlink:href="#sSpan4493" value="ⲱ"/>
		<feat xlink:href="#sSpan4497" value="ⲡⲉⲛ"/>
		<feat xlink:href="#sSpan4502" value="ⲥⲟⲛ"/>
		<feat xlink:href="#sSpan4504" value="ⲙ"/>
		<feat xlink:href="#sSpan4508" value="ⲙⲉⲣⲓⲧ"/>
		<feat xlink:href="#sSpan4511" value="·"/>
		<feat xlink:href="#sSpan4515" value="ⲛ"/>
		<feat xlink:href="#sSpan4523" value="ϩⲟⲥⲟⲛ"/>
		<feat xlink:href="#sSpan4526" value="ⲇⲉ"/>
		<feat xlink:href="#sSpan4530" value="ⲛ"/>
		<feat xlink:href="#sSpan4534" value="ϣⲁϫⲉ"/>
		<feat xlink:href="#sSpan4536" value="ⲙⲛ"/>
		<feat xlink:href="#sSpan4540" value="ⲛⲉⲛ"/>
		<feat xlink:href="#sSpan4542" value="ⲉⲣⲏⲩ"/>
		<feat xlink:href="#sSpan4544" value="·"/>
		<feat xlink:href="#sSpan4548" value="ⲉⲓⲥ"/>
		<feat xlink:href="#sSpan4553" value="ϩⲏⲏⲧⲉ"/>
		<feat xlink:href="#sSpan4556" value="·"/>
		<feat xlink:href="#sSpan4560" value="ⲁ"/>
		<feat xlink:href="#sSpan4564" value="ⲩ"/>
		<feat xlink:href="#sSpan4566" value="ⲉⲓⲛⲉ"/>
		<feat xlink:href="#sSpan4569" value="ⲉϩⲟⲩⲛ"/>
		<feat xlink:href="#sSpan4573" value="ⲛ"/>
		<feat xlink:href="#sSpan4577" value="ϯⲟⲩ"/>
		<feat xlink:href="#sSpan4580" value="ⲛ"/>
		<feat xlink:href="#sSpan4584" value="ⲟⲉⲓⲕ"/>
		<feat xlink:href="#sSpan4586" value="·"/>
		<feat xlink:href="#sSpan4590" value="ⲉ"/>
		<feat xlink:href="#sSpan4594" value="ⲩ"/>
		<feat xlink:href="#sSpan4596" value="ϩⲏⲙ"/>
		<feat xlink:href="#sSpan4598" value="ⲁⲩⲱ"/>
		<feat xlink:href="#sSpan4603" value="ⲉ"/>
		<feat xlink:href="#sSpan4607" value="ⲩ"/>
		<feat xlink:href="#sSpan4609" value="ⲣⲟⲟⲩⲧ"/>
		<feat xlink:href="#sSpan4612" value="ϩⲱⲥ"/>
		<feat xlink:href="#sSpan4616" value="ϫⲉ"/>
		<feat xlink:href="#sSpan4620" value="ⲛⲧ"/>
		<feat xlink:href="#sSpan4622" value="ⲁ"/>
		<feat xlink:href="#sSpan4624" value="ⲩ"/>
		<feat xlink:href="#sSpan4626" value="ϣⲁⲧ"/>
		<feat xlink:href="#sSpan4628" value="ⲟⲩ"/>
		<feat xlink:href="#sSpan4630" value="ϩⲛ"/>
		<feat xlink:href="#sSpan4634" value="ⲧⲉ"/>
		<feat xlink:href="#sSpan4637" value="ⲧⲣⲓⲣ"/>
		<feat xlink:href="#sSpan4639" value="·"/>
		<feat xlink:href="#sSpan4643" value="ⲛ"/>
		<feat xlink:href="#sSpan4650" value="ⲧⲉ"/>
		<feat xlink:href="#sSpan4652" value="ⲩⲛⲟⲩ"/>
		<feat xlink:href="#sSpan4654" value="ⲁ"/>
		<feat xlink:href="#sSpan4658" value="ⲩ"/>
		<feat xlink:href="#sSpan4660" value="ⲉⲓⲛⲉ"/>
		<feat xlink:href="#sSpan4663" value="ⲇⲉ"/>
		<feat xlink:href="#sSpan4667" value="ⲟⲛ"/>
		<feat xlink:href="#sSpan4671" value="ⲛ"/>
		<feat xlink:href="#sSpan4675" value="ⲟⲩ"/>
		<feat xlink:href="#sSpan4678" value="ⲛⲕⲁ"/>
		<feat xlink:href="#sSpan4680" value="ⲉ"/>
		<feat xlink:href="#sSpan4684" value="ϣⲁ"/>
		<feat xlink:href="#sSpan4686" value="ⲩ"/>
		<feat xlink:href="#sSpan4688" value="ⲟⲩⲟⲙ"/>
		<feat xlink:href="#sSpan4690" value="ϥ"/>
		<feat xlink:href="#sSpan4692" value="ⲁ"/>
		<feat xlink:href="#sSpan4699" value="ⲛ"/>
		<feat xlink:href="#sSpan4701" value="ϩⲙⲟⲟⲥ"/>
		<feat xlink:href="#sSpan4704" value="ⲇⲉ"/>
		<feat xlink:href="#sSpan4708" value="ⲁ"/>
		<feat xlink:href="#sSpan4712" value="ⲛ"/>
		<feat xlink:href="#sSpan4714" value="ⲟⲩⲱⲙ"/>
		<feat xlink:href="#sSpan4716" value="ⲙⲛ"/>
		<feat xlink:href="#sSpan4720" value="ⲛⲉⲛ"/>
		<feat xlink:href="#sSpan4722" value="ⲉⲣⲏⲩ"/>
		<feat xlink:href="#sSpan4724" value="·"/>
		<feat xlink:href="#sSpan4728" value="ⲁⲩⲱ"/>
		<feat xlink:href="#sSpan4734" value="ⲡⲉϫⲁ"/>
		<feat xlink:href="#sSpan4738" value="ϥ"/>
		<feat xlink:href="#sSpan4740" value="ⲛⲁ"/>
		<feat xlink:href="#sSpan4745" value="ⲓ"/>
		<feat xlink:href="#sSpan4747" value="ϫⲉ"/>
		<feat xlink:href="#sSpan4751" value="ⲉⲓⲥ"/>
		<feat xlink:href="#sSpan4753" value="ⲧ"/>
		<feat xlink:href="#sSpan4759" value="ⲙⲉϩⲥⲟ"/>
		<feat xlink:href="#sSpan4762" value="ⲛ"/>
		<feat xlink:href="#sSpan4766" value="ⲣⲟⲙⲡⲉ"/>
		<feat xlink:href="#sSpan4768" value="ϫⲓⲛ"/>
		<feat xlink:href="#sSpan4772" value="ⲛⲧ"/>
		<feat xlink:href="#sSpan4774" value="ⲁ"/>
		<feat xlink:href="#sSpan4776" value="ⲛ"/>
		<feat xlink:href="#sSpan4778" value="ⲉⲓ"/>
		<feat xlink:href="#sSpan4781" value="ⲉ"/>
		<feat xlink:href="#sSpan4785" value="ⲡⲉⲓ"/>
		<feat xlink:href="#sSpan4788" value="ⲙⲁ"/>
		<feat xlink:href="#sSpan4791" value="ϥⲧⲟⲟⲩ"/>
		<feat xlink:href="#sSpan4798" value="ⲛ"/>
		<feat xlink:href="#sSpan4802" value="ⲟⲉⲓⲕ"/>
		<feat xlink:href="#sSpan4804" value="ⲛ"/>
		<feat xlink:href="#sSpan4808" value="ⲉⲧ"/>
		<feat xlink:href="#sSpan4810" value="ⲧⲏϣ"/>
		<feat xlink:href="#sSpan4812" value="ⲛⲁ"/>
		<feat xlink:href="#sSpan4816" value="ⲛ"/>
		<feat xlink:href="#sSpan4818" value="ⲙ"/>
		<feat xlink:href="#sSpan4822" value="ⲙⲏⲏⲛⲉ"/>
		<feat xlink:href="#sSpan4825" value="·"/>
		<feat xlink:href="#sSpan4829" value="ⲉ"/>
		<feat xlink:href="#sSpan4834" value="ⲩ"/>
		<feat xlink:href="#sSpan4836" value="ⲉⲓⲛⲉ"/>
		<feat xlink:href="#sSpan4839" value="ⲙⲙⲟ"/>
		<feat xlink:href="#sSpan4843" value="ⲟⲩ"/>
		<feat xlink:href="#sSpan4845" value="ⲛⲁ"/>
		<feat xlink:href="#sSpan4849" value="ⲛ"/>
		<feat xlink:href="#sSpan4851" value="ⲉⲃⲟⲗ"/>
		<feat xlink:href="#sSpan4855" value="ϩⲓⲧⲙ"/>
		<feat xlink:href="#sSpan4859" value="ⲡ"/>
		<feat xlink:href="#sSpan4862" value="ⲛⲟⲩⲧⲉ"/>
		<feat xlink:href="#sSpan4864" value="·"/>
		<feat xlink:href="#sSpan4868" value="ⲛⲧⲉⲣ"/>
		<feat xlink:href="#sSpan4874" value="ⲕ"/>
		<feat xlink:href="#sSpan4877" value="ⲉⲓ"/>
		<feat xlink:href="#sSpan4880" value="ⲇⲉ"/>
		<feat xlink:href="#sSpan4884" value="ϣⲁⲣⲟ"/>
		<feat xlink:href="#sSpan4888" value="ⲛ"/>
		<feat xlink:href="#sSpan4890" value="ⲙ"/>
		<feat xlink:href="#sSpan4894" value="ⲡ"/>
		<feat xlink:href="#sSpan4897" value="ϩⲟⲟⲩ"/>
		<feat xlink:href="#sSpan4899" value="ⲉⲓⲥ"/>
		<feat xlink:href="#sSpan4903" value="ⲧⲕⲧⲟ"/>
		<feat xlink:href="#sSpan4906" value="ⲁ"/>
		<feat xlink:href="#sSpan4910" value="ⲩ"/>
		<feat xlink:href="#sSpan4912" value="ⲛⲧ"/>
		<feat xlink:href="#sSpan4914" value="ⲥ"/>
		<feat xlink:href="#sSpan4916" value="ⲛⲁ"/>
		<feat xlink:href="#sSpan4920" value="ⲕ"/>
		<feat xlink:href="#sSpan4922" value="·"/>
		<feat xlink:href="#sSpan4926" value="ⲁⲩⲱ"/>
		<feat xlink:href="#sSpan4932" value="ⲉ"/>
		<feat xlink:href="#sSpan4937" value="ⲙⲛ"/>
		<feat xlink:href="#sSpan4939" value="ⲉⲓⲙⲉ"/>
		<feat xlink:href="#sSpan4941" value="ⲉⲛⲉϩ"/>
		<feat xlink:href="#sSpan4945" value="ϫⲉ"/>
		<feat xlink:href="#sSpan4949" value="ⲛⲧ"/>
		<feat xlink:href="#sSpan4951" value="ⲁ"/>
		<feat xlink:href="#sSpan4953" value="ⲩ"/>
		<feat xlink:href="#sSpan4955" value="ⲉⲓ"/>
		<feat xlink:href="#sSpan4957" value="ⲧⲱⲛ"/>
		<feat xlink:href="#sSpan4962" value="ⲁⲗⲗⲁ"/>
		<feat xlink:href="#sSpan4966" value="ⲛ"/>
		<feat xlink:href="#sSpan4970" value="ⲛⲏⲩ"/>
		<feat xlink:href="#sSpan4973" value="ⲉϩⲟⲩⲛ"/>
		<feat xlink:href="#sSpan4978" value="ⲛ"/>
		<feat xlink:href="#sSpan4982" value="ϩⲉ"/>
		<feat xlink:href="#sSpan4984" value="ⲉⲣⲟ"/>
		<feat xlink:href="#sSpan4988" value="ⲟⲩ"/>
		<feat xlink:href="#sSpan4990" value="ⲉ"/>
		<feat xlink:href="#sSpan4994" value="ⲩ"/>
		<feat xlink:href="#sSpan4996" value="ⲕⲏ"/>
		<feat xlink:href="#sSpan4998" value="ⲉϩⲣⲁⲓ"/>
		<feat xlink:href="#sSpan5002" value="·"/>
		<feat xlink:href="#sSpan5006" value="ⲛⲧⲉⲣ"/>
		<feat xlink:href="#sSpan5012" value="ⲛ"/>
		<feat xlink:href="#sSpan5014" value="ⲟⲩⲱ"/>
		<feat xlink:href="#sSpan5017" value="ⲇⲉ"/>
		<feat xlink:href="#sSpan5021" value="ⲛ"/>
		<feat xlink:href="#sSpan5026" value="ⲟⲩⲱⲙ"/>
		<feat xlink:href="#sSpan5028" value="ⲙⲛ"/>
		<feat xlink:href="#sSpan5032" value="ⲛⲉⲛ"/>
		<feat xlink:href="#sSpan5034" value="ⲉⲣⲏⲩ"/>
		<feat xlink:href="#sSpan5036" value="ⲁ"/>
		<feat xlink:href="#sSpan5040" value="ⲛ"/>
		<feat xlink:href="#sSpan5042" value="ⲣ"/>
		<feat xlink:href="#sSpan5044" value="ⲧⲉ"/>
		<feat xlink:href="#sSpan5047" value="ⲩϣⲏ"/>
		<feat xlink:href="#sSpan5049" value="ⲧⲏⲣ"/>
		<feat xlink:href="#sSpan5053" value="ⲥ"/>
		<feat xlink:href="#sSpan5055" value="ⲛ"/>
		<feat xlink:href="#sSpan5059" value="ϣⲗⲏⲗ"/>
		<feat xlink:href="#sSpan5062" value="ϣⲁ"/>
		<feat xlink:href="#sSpan5067" value="ϩⲧⲟⲟⲩⲉ"/>
		<feat xlink:href="#sSpan5070" value="·"/>
		<feat xlink:href="#sSpan5074" value="ϩⲧⲟⲟⲩⲉ"/>
		<feat xlink:href="#sSpan5082" value="ⲇⲉ"/>
		<feat xlink:href="#sSpan5086" value="ⲛⲧⲉⲣⲉ"/>
		<feat xlink:href="#sSpan5090" value="ϥ"/>
		<feat xlink:href="#sSpan5092" value="ϣⲱⲡⲉ"/>
		<feat xlink:href="#sSpan5094" value="·"/>
		<feat xlink:href="#sSpan5098" value="ⲁ"/>
		<feat xlink:href="#sSpan5102" value="ⲓ"/>
		<feat xlink:href="#sSpan5105" value="ⲡⲁⲣⲁⲕⲁⲗⲉⲓ"/>
		<feat xlink:href="#sSpan5108" value="ⲙⲙⲟ"/>
		<feat xlink:href="#sSpan5113" value="ⲟⲩ"/>
		<feat xlink:href="#sSpan5115" value="ⲉ"/>
		<feat xlink:href="#sSpan5119" value="ⲧⲣⲉ"/>
		<feat xlink:href="#sSpan5121" value="ⲩ"/>
		<feat xlink:href="#sSpan5123" value="ⲕⲁⲁ"/>
		<feat xlink:href="#sSpan5125" value="ⲧ"/>
		<feat xlink:href="#sSpan5127" value="ϩⲁϩⲧⲏ"/>
		<feat xlink:href="#sSpan5131" value="ⲩ"/>
		<feat xlink:href="#sSpan5133" value="ϣⲁ"/>
		<feat xlink:href="#sSpan5137" value="ⲡⲉ"/>
		<feat xlink:href="#sSpan5140" value="ϩⲟⲟⲩ"/>
		<feat xlink:href="#sSpan5142" value="ⲙ"/>
		<feat xlink:href="#sSpan5147" value="ⲡⲁ"/>
		<feat xlink:href="#sSpan5150" value="ⲙⲟⲩ"/>
		<feat xlink:href="#sSpan5152" value="·"/>
		<feat xlink:href="#sSpan5156" value="ⲡⲉϫⲁ"/>
		<feat xlink:href="#sSpan5164" value="ⲩ"/>
		<feat xlink:href="#sSpan5166" value="ⲛⲁ"/>
		<feat xlink:href="#sSpan5170" value="ⲓ"/>
		<feat xlink:href="#sSpan5172" value="ϫⲉ"/>
		<feat xlink:href="#sSpan5177" value="ⲱ"/>
		<feat xlink:href="#sSpan5179" value="ⲡⲉⲛ"/>
		<feat xlink:href="#sSpan5184" value="ⲥⲟⲛ"/>
		<feat xlink:href="#sSpan5186" value="ⲙ"/>
		<feat xlink:href="#sSpan5190" value="ⲡ"/>
		<feat xlink:href="#sSpan5193" value="ϩⲱⲃ"/>
		<feat xlink:href="#sSpan5195" value="·"/>
		<feat xlink:href="#sSpan5199" value="ⲧⲏϣ"/>
		<feat xlink:href="#sSpan5203" value="ⲛⲁ"/>
		<feat xlink:href="#sSpan5207" value="ⲕ"/>
		<feat xlink:href="#sSpan5209" value="ⲁⲛ"/>
		<feat xlink:href="#sSpan5213" value="ⲉⲃⲟⲗ"/>
		<feat xlink:href="#sSpan5219" value="ⲉ"/>
		<feat xlink:href="#sSpan5223" value="ⲧⲣⲉ"/>
		<feat xlink:href="#sSpan5225" value="ⲕ"/>
		<feat xlink:href="#sSpan5227" value="ϭⲱ"/>
		<feat xlink:href="#sSpan5229" value="ⲙ"/>
		<feat xlink:href="#sSpan5233" value="ⲡⲉⲓ"/>
		<feat xlink:href="#sSpan5236" value="ⲙⲁ"/>
		<feat xlink:href="#sSpan5238" value="·"/>
		<feat xlink:href="#sSpan5243" value="ⲁⲗⲗⲁ"/>
		<feat xlink:href="#sSpan5249" value="ⲧⲱⲟⲩⲛ"/>
		<feat xlink:href="#sSpan5253" value="ⲛ"/>
		<feat xlink:href="#sSpan5257" value="ⲅ"/>
		<feat xlink:href="#sSpan5259" value="ⲃⲱⲕ"/>
		<feat xlink:href="#sSpan5262" value="ⲉ"/>
		<feat xlink:href="#sSpan5267" value="ⲕⲏⲙⲉ"/>
		<feat xlink:href="#sSpan5270" value="·"/>
		<feat xlink:href="#sSpan5274" value="ⲛ"/>
		<feat xlink:href="#sSpan5278" value="ⲅ"/>
		<feat xlink:href="#sSpan5280" value="ϫⲱ"/>
		<feat xlink:href="#sSpan5282" value="ⲛ"/>
		<feat xlink:href="#sSpan5286" value="ⲛ"/>
		<feat xlink:href="#sSpan5289" value="ⲉⲛⲧ"/>
		<feat xlink:href="#sSpan5291" value="ⲁ"/>
		<feat xlink:href="#sSpan5293" value="ⲕ"/>
		<feat xlink:href="#sSpan5295" value="ⲛⲁⲩ"/>
		<feat xlink:href="#sSpan5297" value="ⲉⲣⲟ"/>
		<feat xlink:href="#sSpan5301" value="ⲟⲩ"/>
		<feat xlink:href="#sSpan5303" value="·"/>
		<feat xlink:href="#sSpan5307" value="ⲉ"/>
		<feat xlink:href="#sSpan5311" value="ⲛⲉ"/>
		<feat xlink:href="#sSpan5314" value="ⲥⲛⲏⲩ"/>
		<feat xlink:href="#sSpan5316" value="ⲉ"/>
		<feat xlink:href="#sSpan5321" value="ⲩ"/>
		<feat xlink:href="#sSpan5325" value="ⲣⲡⲙⲉⲉⲩⲉ"/>
		<feat xlink:href="#sSpan5329" value="ⲛⲁ"/>
		<feat xlink:href="#sSpan5333" value="ⲩ"/>
		<feat xlink:href="#sSpan5335" value="·"/>
		<feat xlink:href="#sSpan5339" value="ⲁⲩⲱ"/>
		<feat xlink:href="#sSpan5343" value="ⲉ"/>
		<feat xlink:href="#sSpan5347" value="ⲩ"/>
		<feat xlink:href="#sSpan5350" value="ϩⲏⲩ"/>
		<feat xlink:href="#sSpan5352" value="ⲛ"/>
		<feat xlink:href="#sSpan5356" value="ⲛ"/>
		<feat xlink:href="#sSpan5359" value="ⲉⲧ"/>
		<feat xlink:href="#sSpan5361" value="ⲥⲱⲧⲙ"/>
		<feat xlink:href="#sSpan5363" value="·"/>
		<feat xlink:href="#sSpan5367" value="ⲁⲛⲟⲕ"/>
		<feat xlink:href="#sSpan5374" value="ⲇⲉ"/>
		<feat xlink:href="#sSpan5379" value="ⲁ"/>
		<feat xlink:href="#sSpan5383" value="ⲓ"/>
		<feat xlink:href="#sSpan5386" value="ⲡⲁⲣⲁⲕⲁⲗⲉⲓ"/>
		<feat xlink:href="#sSpan5388" value="ⲙⲙⲟ"/>
		<feat xlink:href="#sSpan5392" value="ⲟⲩ"/>
		<feat xlink:href="#sSpan5394" value="ⲉ"/>
		<feat xlink:href="#sSpan5398" value="ⲧⲣⲉ"/>
		<feat xlink:href="#sSpan5400" value="ⲩ"/>
		<feat xlink:href="#sSpan5402" value="ϫⲱ"/>
		<feat xlink:href="#sSpan5404" value="ⲉⲣⲟ"/>
		<feat xlink:href="#sSpan5408" value="ⲓ"/>
		<feat xlink:href="#sSpan5410" value="ⲛ"/>
		<feat xlink:href="#sSpan5414" value="ⲛⲉⲩ"/>
		<feat xlink:href="#sSpan5417" value="ⲣⲁⲛ"/>
		<feat xlink:href="#sSpan5420" value="ⲛⲧⲟⲟⲩ"/>
		<feat xlink:href="#sSpan5425" value="ⲇⲉ"/>
		<feat xlink:href="#sSpan5429" value="ⲙⲡ"/>
		<feat xlink:href="#sSpan5433" value="ⲟⲩ"/>
		<feat xlink:href="#sSpan5436" value="ⲡⲉⲓⲑⲉ"/>
		<feat xlink:href="#sSpan5438" value="ⲛ"/>
		<feat xlink:href="#sSpan5442" value="ϫⲟⲟ"/>
		<feat xlink:href="#sSpan5444" value="ⲩ"/>
		<feat xlink:href="#sSpan5446" value="ⲉⲣⲟ"/>
		<feat xlink:href="#sSpan5450" value="ⲟⲩ"/>
		<feat xlink:href="#sSpan5452" value="·"/>
		<feat xlink:href="#sSpan5456" value="ⲁ"/>
		<feat xlink:href="#sSpan5463" value="ⲓ"/>
		<feat xlink:href="#sSpan5466" value="ⲁⲛⲁⲅⲕⲁⲍⲉ"/>
		<feat xlink:href="#sSpan5468" value="ⲙⲙⲟ"/>
		<feat xlink:href="#sSpan5472" value="ⲟⲩ"/>
		<feat xlink:href="#sSpan5474" value="ⲁⲩⲱ"/>
		<feat xlink:href="#sSpan5478" value="ⲟⲛ"/>
		<feat xlink:href="#sSpan5482" value="ⲙⲡ"/>
		<feat xlink:href="#sSpan5486" value="ⲟⲩ"/>
		<feat xlink:href="#sSpan5488" value="ϫⲱ"/>
		<feat xlink:href="#sSpan5490" value="ⲉⲣⲟ"/>
		<feat xlink:href="#sSpan5494" value="ⲓ"/>
		<feat xlink:href="#sSpan5496" value="ⲛ"/>
		<feat xlink:href="#sSpan5500" value="ⲛⲉⲩ"/>
		<feat xlink:href="#sSpan5504" value="ⲣⲁⲛ"/>
		<feat xlink:href="#sSpan5506" value="·"/>
		<feat xlink:href="#sSpan5510" value="ⲁ"/>
		<feat xlink:href="#sSpan5516" value="ⲩ"/>
		<feat xlink:href="#sSpan5518" value="ⲟⲩⲱϣⲃ"/>
		<feat xlink:href="#sSpan5520" value="ⲡⲉϫⲁ"/>
		<feat xlink:href="#sSpan5524" value="ⲩ"/>
		<feat xlink:href="#sSpan5526" value="ϫⲉ"/>
		<feat xlink:href="#sSpan5530" value="ⲡⲉ"/>
		<feat xlink:href="#sSpan5533" value="ⲛⲧ"/>
		<feat xlink:href="#sSpan5535" value="ⲁ"/>
		<feat xlink:href="#sSpan5537" value="ϥ"/>
		<feat xlink:href="#sSpan5540" value="ϯⲣⲁⲛ"/>
		<feat xlink:href="#sSpan5543" value="ⲉ"/>
		<feat xlink:href="#sSpan5547" value="ⲗⲁⲁⲩ"/>
		<feat xlink:href="#sSpan5551" value="ⲛⲓⲙ"/>
		<feat xlink:href="#sSpan5555" value="·"/>
		<feat xlink:href="#sSpan5559" value="ⲁⲩⲱ"/>
		<feat xlink:href="#sSpan5563" value="ⲉⲧ"/>
		<feat xlink:href="#sSpan5567" value="ⲥⲟⲟⲩⲛ"/>
		<feat xlink:href="#sSpan5569" value="ⲛ"/>
		<feat xlink:href="#sSpan5573" value="ϩⲱⲃ"/>
		<feat xlink:href="#sSpan5577" value="ⲛⲓⲙ"/>
		<feat xlink:href="#sSpan5581" value="ⲛⲧⲟϥ"/>
		<feat xlink:href="#sSpan5585" value="ⲉⲧ"/>
		<feat xlink:href="#sSpan5589" value="ⲥⲟⲟⲩⲛ"/>
		<feat xlink:href="#sSpan5592" value="ⲛ"/>
		<feat xlink:href="#sSpan5596" value="ⲛⲉⲛ"/>
		<feat xlink:href="#sSpan5599" value="ⲣⲁⲛ"/>
		<feat xlink:href="#sSpan5601" value="·"/>
		<feat xlink:href="#sSpan5605" value="ⲧⲉⲛⲟⲩ"/>
		<feat xlink:href="#sSpan5611" value="ϭⲉ"/>
		<feat xlink:href="#sSpan5615" value="ⲡⲉⲛ"/>
		<feat xlink:href="#sSpan5620" value="ⲥⲟⲛ"/>
		<feat xlink:href="#sSpan5622" value="ⲁⲣⲓ"/>
		<feat xlink:href="#sSpan5626" value="ⲡⲉⲛ"/>
		<feat xlink:href="#sSpan5628" value="ⲙⲉⲉⲩⲉ"/>
		<feat xlink:href="#sSpan5631" value="ϣⲁⲛⲧ"/>
		<feat xlink:href="#sSpan5635" value="ⲛ"/>
		<feat xlink:href="#sSpan5637" value="ⲛⲁⲩ"/>
		<feat xlink:href="#sSpan5639" value="ⲉⲣⲟ"/>
		<feat xlink:href="#sSpan5643" value="ⲕ"/>
		<feat xlink:href="#sSpan5645" value="ϩⲙ"/>
		<feat xlink:href="#sSpan5649" value="ⲡ"/>
		<feat xlink:href="#sSpan5652" value="ⲏⲓ"/>
		<feat xlink:href="#sSpan5654" value="ⲙ"/>
		<feat xlink:href="#sSpan5658" value="ⲡ"/>
		<feat xlink:href="#sSpan5661" value="ⲛⲟⲩⲧⲉ"/>
		<feat xlink:href="#sSpan5663" value="·"/>
		<feat xlink:href="#sSpan5668" value="ⲥⲡⲟⲩⲇⲁⲍⲉ"/>
		<feat xlink:href="#sSpan5676" value="ⲇⲉ"/>
		<feat xlink:href="#sSpan5680" value="ⲙⲡⲣ"/>
		<feat xlink:href="#sSpan5684" value="ⲕⲁ"/>
		<feat xlink:href="#sSpan5686" value="ⲡ"/>
		<feat xlink:href="#sSpan5690" value="ⲕⲟⲥⲙⲟⲥ"/>
		<feat xlink:href="#sSpan5692" value="ⲉ"/>
		<feat xlink:href="#sSpan5697" value="ⲣϩⲁⲗ"/>
		<feat xlink:href="#sSpan5700" value="ⲙⲙⲟ"/>
		<feat xlink:href="#sSpan5705" value="ⲕ"/>
		<feat xlink:href="#sSpan5707" value="·"/>
		<feat xlink:href="#sSpan5711" value="ϫⲉ"/>
		<feat xlink:href="#sSpan5715" value="ⲁ"/>
		<feat xlink:href="#sSpan5717" value="ϥ"/>
		<feat xlink:href="#sSpan5720" value="ⲣϩⲁⲗ"/>
		<feat xlink:href="#sSpan5723" value="ⲛ"/>
		<feat xlink:href="#sSpan5727" value="ⲟⲩ"/>
		<feat xlink:href="#sSpan5730" value="ⲙⲏⲏϣⲉ"/>
		<feat xlink:href="#sSpan5732" value="·"/>
		<feat xlink:href="#sSpan5736" value="ⲛⲧⲉⲣ"/>
		<feat xlink:href="#sSpan5742" value="ⲟⲩ"/>
		<feat xlink:href="#sSpan5744" value="ⲟⲩⲱ"/>
		<feat xlink:href="#sSpan5747" value="ⲇⲉ"/>
		<feat xlink:href="#sSpan5752" value="ⲛ"/>
		<feat xlink:href="#sSpan5757" value="ⲛⲁⲓ"/>
		<feat xlink:href="#sSpan5760" value="·"/>
		<feat xlink:href="#sSpan5764" value="ⲁ"/>
		<feat xlink:href="#sSpan5768" value="ⲩ"/>
		<feat xlink:href="#sSpan5770" value="ⲥⲙⲟⲩ"/>
		<feat xlink:href="#sSpan5772" value="ⲉⲣⲟ"/>
		<feat xlink:href="#sSpan5776" value="ⲓ"/>
		<feat xlink:href="#sSpan5778" value="ⲁⲩⲱ"/>
		<feat xlink:href="#sSpan5782" value="ⲁ"/>
		<feat xlink:href="#sSpan5786" value="ⲩ"/>
		<feat xlink:href="#sSpan5789" value="ⲁⲥⲡⲁⲍⲉ"/>
		<feat xlink:href="#sSpan5791" value="ⲙⲙⲟ"/>
		<feat xlink:href="#sSpan5795" value="ⲓ"/>
		<feat xlink:href="#sSpan5797" value="·"/>
		<feat xlink:href="#sSpan5801" value="ⲁ"/>
		<feat xlink:href="#sSpan5808" value="ⲓ"/>
		<feat xlink:href="#sSpan5810" value="ⲉⲓ"/>
		<feat xlink:href="#sSpan5813" value="ⲉⲃⲟⲗ"/>
		<feat xlink:href="#sSpan5817" value="ϩⲓ"/>
		<feat xlink:href="#sSpan5821" value="ⲧⲟⲟⲩ"/>
		<feat xlink:href="#sSpan5824" value="ⲟⲩ"/>
		<feat xlink:href="#sSpan5826" value="·"/>
		<feat xlink:href="#sSpan5830" value="ⲛⲧⲉⲣ"/>
		<feat xlink:href="#sSpan5838" value="ⲓ"/>
		<feat xlink:href="#sSpan5840" value="ⲟⲩⲉ"/>
		<feat xlink:href="#sSpan5842" value="ⲙⲙⲟ"/>
		<feat xlink:href="#sSpan5846" value="ⲟⲩ"/>
		<feat xlink:href="#sSpan5848" value="ⲛⲁ"/>
		<feat xlink:href="#sSpan5852" value="ⲩ"/>
		<feat xlink:href="#sSpan5855" value="ϩⲟⲟⲩ"/>
		<feat xlink:href="#sSpan5857" value="ⲙ"/>
		<feat xlink:href="#sSpan5861" value="ⲙⲟⲟϣⲉ"/>
		<feat xlink:href="#sSpan5864" value="·"/>
		<feat xlink:href="#sSpan5868" value="ⲁ"/>
		<feat xlink:href="#sSpan5872" value="ⲓ"/>
		<feat xlink:href="#sSpan5874" value="ⲉⲓ"/>
		<feat xlink:href="#sSpan5877" value="ⲉⲃⲟⲗ"/>
		<feat xlink:href="#sSpan5881" value="ⲉϩⲣⲁⲓ"/>
		<feat xlink:href="#sSpan5885" value="ⲉϫⲛ"/>
		<feat xlink:href="#sSpan5889" value="ⲟⲩ"/>
		<feat xlink:href="#sSpan5894" value="ⲡⲏⲅⲏ"/>
		<feat xlink:href="#sSpan5896" value="ⲙ"/>
		<feat xlink:href="#sSpan5900" value="ⲙⲟⲟⲩ"/>
		<feat xlink:href="#sSpan5903" value="·"/>
		<feat xlink:href="#sSpan5907" value="ⲁⲛⲟⲕ"/>
		<feat xlink:href="#sSpan5914" value="ⲇⲉ"/>
		<feat xlink:href="#sSpan5918" value="ⲁ"/>
		<feat xlink:href="#sSpan5922" value="ⲓ"/>
		<feat xlink:href="#sSpan5924" value="ϩⲙⲟⲟⲥ"/>
		<feat xlink:href="#sSpan5926" value="ⲛ"/>
		<feat xlink:href="#sSpan5930" value="ⲟⲩ"/>
		<feat xlink:href="#sSpan5932" value="ⲕⲟⲩⲓ"/>
		<feat xlink:href="#sSpan5934" value="ⲉⲧⲃⲉ"/>
		<feat xlink:href="#sSpan5939" value="ⲡ"/>
		<feat xlink:href="#sSpan5942" value="ϩⲓⲥⲉ"/>
		<feat xlink:href="#sSpan5944" value="·"/>
		<feat xlink:href="#sSpan5948" value="ⲁⲩⲱ"/>
		<feat xlink:href="#sSpan5952" value="ⲛⲉ"/>
		<feat xlink:href="#sSpan5956" value="ⲩⲛ"/>
		<feat xlink:href="#sSpan5958" value="ϩⲉⲛ"/>
		<feat xlink:href="#sSpan5961" value="ⲛⲟϭ"/>
		<feat xlink:href="#sSpan5963" value="ⲛ"/>
		<feat xlink:href="#sSpan5967" value="ϣⲏⲛ"/>
		<feat xlink:href="#sSpan5969" value="ⲣⲏⲧ"/>
		<feat xlink:href="#sSpan5973" value="ϩⲓϫⲛ"/>
		<feat xlink:href="#sSpan5976" value="ⲧ"/>
		<feat xlink:href="#sSpan5980" value="ⲡⲏⲅⲏ"/>
		<feat xlink:href="#sSpan5982" value="·"/>
		<feat xlink:href="#sSpan5986" value="ⲛⲧⲉⲣ"/>
		<feat xlink:href="#sSpan5992" value="ⲓ"/>
		<feat xlink:href="#sSpan5994" value="ⲙⲓⲕⲉ"/>
		<feat xlink:href="#sSpan5996" value="ⲁⲩⲱ"/>
		<feat xlink:href="#sSpan6000" value="ⲛ"/>
		<feat xlink:href="#sSpan6004" value="ⲧⲁ"/>
		<feat xlink:href="#sSpan6006" value="ⲙⲧⲟⲛ"/>
		<feat xlink:href="#sSpan6008" value="ⲛ"/>
		<feat xlink:href="#sSpan6012" value="ⲟⲩ"/>
		<feat xlink:href="#sSpan6015" value="ⲕⲟⲩⲓ"/>
		<feat xlink:href="#sSpan6017" value="·"/>
		<feat xlink:href="#sSpan6021" value="ⲁ"/>
		<feat xlink:href="#sSpan6025" value="ⲓ"/>
		<feat xlink:href="#sSpan6027" value="ϭⲱ"/>
		<feat xlink:href="#sSpan6030" value="ⲉ"/>
		<feat xlink:href="#sSpan6034" value="ⲓ"/>
		<feat xlink:href="#sSpan6036" value="ϯ"/>
		<feat xlink:href="#sSpan6038" value="ⲟⲩⲟⲓ"/>
		<feat xlink:href="#sSpan6040" value="ϩⲛ"/>
		<feat xlink:href="#sSpan6044" value="ⲛ"/>
		<feat xlink:href="#sSpan6047" value="ϣⲏⲛ"/>
		<feat xlink:href="#sSpan6049" value="·"/>
		<feat xlink:href="#sSpan6053" value="ⲉ"/>
		<feat xlink:href="#sSpan6057" value="ⲓ"/>
		<feat xlink:href="#sSpan6060" value="ⲣϣⲡⲏⲣⲉ"/>
		<feat xlink:href="#sSpan6063" value="·"/>
		<feat xlink:href="#sSpan6067" value="ⲁⲩⲱ"/>
		<feat xlink:href="#sSpan6074" value="ⲉ"/>
		<feat xlink:href="#sSpan6078" value="ⲓ"/>
		<feat xlink:href="#sSpan6080" value="ⲙⲉⲉⲩⲉ"/>
		<feat xlink:href="#sSpan6083" value="ⲉⲃⲟⲗ"/>
		<feat xlink:href="#sSpan6087" value="ϫⲉ"/>
		<feat xlink:href="#sSpan6091" value="ⲛⲓⲙ"/>
		<feat xlink:href="#sSpan6093" value="ⲡⲉ"/>
		<feat xlink:href="#sSpan6097" value="ⲛⲧ"/>
		<feat xlink:href="#sSpan6101" value="ⲁ"/>
		<feat xlink:href="#sSpan6103" value="ϥ"/>
		<feat xlink:href="#sSpan6105" value="ⲧⲱⲱϭⲉ"/>
		<feat xlink:href="#sSpan6107" value="ⲙⲙⲟ"/>
		<feat xlink:href="#sSpan6112" value="ⲟⲩ"/>
		<feat xlink:href="#sSpan6114" value="ⲙ"/>
		<feat xlink:href="#sSpan6118" value="ⲡⲉⲓ"/>
		<feat xlink:href="#sSpan6121" value="ⲙⲁ"/>
		<feat xlink:href="#sSpan6123" value="·"/>
		<feat xlink:href="#sSpan6127" value="ⲁⲩⲱ"/>
		<feat xlink:href="#sSpan6133" value="ⲟⲛ"/>
		<feat xlink:href="#sSpan6137" value="ⲟⲩⲛ"/>
		<feat xlink:href="#sSpan6141" value="ϩⲉⲛ"/>
		<feat xlink:href="#sSpan6144" value="ⲃⲛⲛⲉ"/>
		<feat xlink:href="#sSpan6146" value="ⲛϩⲏⲧ"/>
		<feat xlink:href="#sSpan6150" value="ⲟⲩ"/>
		<feat xlink:href="#sSpan6152" value="ⲉ"/>
		<feat xlink:href="#sSpan6157" value="ⲩ"/>
		<feat xlink:href="#sSpan6159" value="ⲟⲧⲡ"/>
		<feat xlink:href="#sSpan6161" value="ⲛ"/>
		<feat xlink:href="#sSpan6166" value="ⲕⲁⲣⲡⲟⲥ"/>
		<feat xlink:href="#sSpan6169" value="·"/>
		<feat xlink:href="#sSpan6173" value="ⲙⲛ"/>
		<feat xlink:href="#sSpan6177" value="ϩⲉⲛ"/>
		<feat xlink:href="#sSpan6180" value="ⲕⲓⲧⲣⲉ"/>
		<feat xlink:href="#sSpan6182" value="ⲁⲩⲱ"/>
		<feat xlink:href="#sSpan6186" value="ϩⲉⲛ"/>
		<feat xlink:href="#sSpan6191" value="ϩⲣⲙⲁⲛ"/>
		<feat xlink:href="#sSpan6193" value="·"/>
		<feat xlink:href="#sSpan6197" value="ⲙⲛ"/>
		<feat xlink:href="#sSpan6202" value="ϩⲉⲛ"/>
		<feat xlink:href="#sSpan6205" value="ⲕⲛⲧⲉ"/>
		<feat xlink:href="#sSpan6207" value="·"/>
		<feat xlink:href="#sSpan6211" value="ⲙⲛ"/>
		<feat xlink:href="#sSpan6215" value="ϩⲉⲛ"/>
		<feat xlink:href="#sSpan6218" value="ϫⲙⲡⲉϩ"/>
		<feat xlink:href="#sSpan6220" value="·"/>
		<feat xlink:href="#sSpan6224" value="ⲙⲛ"/>
		<feat xlink:href="#sSpan6228" value="ϩⲉⲛ"/>
		<feat xlink:href="#sSpan6231" value="ⲉⲗⲟⲟⲗⲉ"/>
		<feat xlink:href="#sSpan6233" value="·"/>
		<feat xlink:href="#sSpan6237" value="ⲁⲩⲱ"/>
		<feat xlink:href="#sSpan6242" value="ϩⲉⲛ"/>
		<feat xlink:href="#sSpan6248" value="ⲇⲟⲣⲁⲕⲓⲟⲛ"/>
		<feat xlink:href="#sSpan6250" value="·"/>
		<feat xlink:href="#sSpan6254" value="ⲙⲛ"/>
		<feat xlink:href="#sSpan6258" value="ϩⲉⲛ"/>
		<feat xlink:href="#sSpan6261" value="ⲕⲓⲥⲙⲁ"/>
		<feat xlink:href="#sSpan6263" value="·"/>
		<feat xlink:href="#sSpan6267" value="ⲙⲛ"/>
		<feat xlink:href="#sSpan6271" value="ϩⲉⲛ"/>
		<feat xlink:href="#sSpan6274" value="ⲕⲉ"/>
		<feat xlink:href="#sSpan6276" value="ϣⲏⲛ"/>
		<feat xlink:href="#sSpan6279" value="ⲉ"/>
		<feat xlink:href="#sSpan6283" value="ⲩ"/>
		<feat xlink:href="#sSpan6285" value="ϣⲉϣ"/>
		<feat xlink:href="#sSpan6288" value="ⲥϯⲛⲟⲩϥⲉ"/>
		<feat xlink:href="#sSpan6292" value="ⲉⲃⲟⲗ"/>
		<feat xlink:href="#sSpan6296" value="·"/>
		<feat xlink:href="#sSpan6300" value="ⲧ"/>
		<feat xlink:href="#sSpan6308" value="ⲡⲏⲅⲏ"/>
		<feat xlink:href="#sSpan6310" value="ⲛⲉ"/>
		<feat xlink:href="#sSpan6314" value="ⲥ"/>
		<feat xlink:href="#sSpan6316" value="ⲧⲁⲩⲉ"/>
		<feat xlink:href="#sSpan6318" value="ⲙ"/>
		<feat xlink:href="#sSpan6323" value="ϩⲟⲟⲩ"/>
		<feat xlink:href="#sSpan6326" value="ⲉⲃⲟⲗ"/>
		<feat xlink:href="#sSpan6330" value="ⲉ"/>
		<feat xlink:href="#sSpan6334" value="ⲥ"/>
		<feat xlink:href="#sSpan6336" value="ⲧⲥⲟ"/>
		<feat xlink:href="#sSpan6338" value="ⲛ"/>
		<feat xlink:href="#sSpan6342" value="ⲛ"/>
		<feat xlink:href="#sSpan6345" value="ϣⲏⲛ"/>
		<feat xlink:href="#sSpan6347" value="ⲧⲏⲣ"/>
		<feat xlink:href="#sSpan6351" value="ⲟⲩ"/>
		<feat xlink:href="#sSpan6353" value="ⲉⲧ"/>
		<feat xlink:href="#sSpan6357" value="ⲣⲏⲧ"/>
		<feat xlink:href="#sSpan6359" value="ϩⲙ"/>
		<feat xlink:href="#sSpan6363" value="ⲡ"/>
		<feat xlink:href="#sSpan6367" value="ⲙⲁ"/>
		<feat xlink:href="#sSpan6369" value="ⲉⲧ"/>
		<feat xlink:href="#sSpan6373" value="ⲙⲙⲁⲩ"/>
		<feat xlink:href="#sSpan6375" value="·"/>
		<feat xlink:href="#sSpan6379" value="ⲛ"/>
		<feat xlink:href="#sSpan6386" value="ϩⲟⲥⲟⲛ"/>
		<feat xlink:href="#sSpan6389" value="ⲇⲉ"/>
		<feat xlink:href="#sSpan6394" value="ⲉ"/>
		<feat xlink:href="#sSpan6398" value="ⲓ"/>
		<feat xlink:href="#sSpan6401" value="ⲣϣⲡⲏⲣⲉ"/>
		<feat xlink:href="#sSpan6404" value="·"/>
		<feat xlink:href="#sSpan6408" value="ⲛ"/>
		<feat xlink:href="#sSpan6412" value="ⲛ"/>
		<feat xlink:href="#sSpan6416" value="ϣⲏⲛ"/>
		<feat xlink:href="#sSpan6418" value="·"/>
		<feat xlink:href="#sSpan6422" value="ⲁⲩⲱ"/>
		<feat xlink:href="#sSpan6426" value="ⲉ"/>
		<feat xlink:href="#sSpan6430" value="ⲓ"/>
		<feat xlink:href="#sSpan6433" value="ⲑⲉⲱⲣⲉⲓ"/>
		<feat xlink:href="#sSpan6435" value="ⲙⲙⲟ"/>
		<feat xlink:href="#sSpan6439" value="ⲟⲩ"/>
		<feat xlink:href="#sSpan6441" value="ⲙⲛ"/>
		<feat xlink:href="#sSpan6445" value="ⲛⲉⲩ"/>
		<feat xlink:href="#sSpan6449" value="ⲕⲁⲣⲡⲟⲥ"/>
		<feat xlink:href="#sSpan6451" value="·"/>
		<feat xlink:href="#sSpan6455" value="ⲉⲓⲥ"/>
		<feat xlink:href="#sSpan6460" value="ϥⲧⲟⲟⲩ"/>
		<feat xlink:href="#sSpan6463" value="ⲛ"/>
		<feat xlink:href="#sSpan6467" value="ϣⲏⲣⲉ"/>
		<feat xlink:href="#sSpan6470" value="ϣⲏⲙ"/>
		<feat xlink:href="#sSpan6474" value="ⲁ"/>
		<feat xlink:href="#sSpan6478" value="ⲩ"/>
		<feat xlink:href="#sSpan6480" value="ⲉⲓ"/>
		<feat xlink:href="#sSpan6482" value="ⲙ"/>
		<feat xlink:href="#sSpan6486" value="ⲡ"/>
		<feat xlink:href="#sSpan6489" value="ⲟⲩⲉ"/>
		<feat xlink:href="#sSpan6491" value="ⲉ"/>
		<feat xlink:href="#sSpan6495" value="ⲛⲉⲥⲱ"/>
		<feat xlink:href="#sSpan6497" value="ⲟⲩ"/>
		<feat xlink:href="#sSpan6499" value="ϩⲛ"/>
		<feat xlink:href="#sSpan6504" value="ⲧⲉⲩ"/>
		<feat xlink:href="#sSpan6508" value="ϩⲓⲕⲱⲛ"/>
		<feat xlink:href="#sSpan6510" value="·"/>
		<feat xlink:href="#sSpan6514" value="ⲉⲣⲉ"/>
		<feat xlink:href="#sSpan6518" value="ϩⲉⲛ"/>
		<feat xlink:href="#sSpan6521" value="ⲃⲁⲗⲟⲧ"/>
		<feat xlink:href="#sSpan6523" value="ⲉ"/>
		<feat xlink:href="#sSpan6527" value="ⲛⲉⲥⲟ"/>
		<feat xlink:href="#sSpan6529" value="ⲟⲩ"/>
		<feat xlink:href="#sSpan6531" value="ⲧⲟ"/>
		<feat xlink:href="#sSpan6535" value="ϩⲓⲱ"/>
		<feat xlink:href="#sSpan6539" value="ⲟⲩ"/>
		<feat xlink:href="#sSpan6541" value="·"/>
		<feat xlink:href="#sSpan6545" value="ⲙ"/>
		<feat xlink:href="#sSpan6550" value="ⲡⲉ"/>
		<feat xlink:href="#sSpan6553" value="ⲥⲙⲟⲧ"/>
		<feat xlink:href="#sSpan6555" value="ⲛ"/>
		<feat xlink:href="#sSpan6559" value="ϩⲉⲛ"/>
		<feat xlink:href="#sSpan6563" value="ⲡⲉⲣⲓⲥⲱⲙⲁ"/>
		<feat xlink:href="#sSpan6565" value="·"/>
		<feat xlink:href="#sSpan6569" value="ⲛⲧⲉⲣ"/>
		<feat xlink:href="#sSpan6575" value="ⲟⲩ"/>
		<feat xlink:href="#sSpan6577" value="ⲡⲱϩ"/>
		<feat xlink:href="#sSpan6580" value="ⲇⲉ"/>
		<feat xlink:href="#sSpan6584" value="ⲉⲣⲟ"/>
		<feat xlink:href="#sSpan6589" value="ⲓ"/>
		<feat xlink:href="#sSpan6591" value="ⲡⲉϫⲁ"/>
		<feat xlink:href="#sSpan6595" value="ⲩ"/>
		<feat xlink:href="#sSpan6597" value="ⲛⲁ"/>
		<feat xlink:href="#sSpan6601" value="ⲓ"/>
		<feat xlink:href="#sSpan6603" value="ϫⲉ"/>
		<feat xlink:href="#sSpan6608" value="ⲭⲁⲓⲣⲉ"/>
		<feat xlink:href="#sSpan6610" value="ⲡⲁ"/>
		<feat xlink:href="#sSpan6615" value="ⲡ"/>
		<feat xlink:href="#sSpan6618" value="ⲛⲟⲩⲧⲉ"/>
		<feat xlink:href="#sSpan6620" value="ⲡⲉⲛ"/>
		<feat xlink:href="#sSpan6624" value="ⲙⲉⲣⲓⲧ"/>
		<feat xlink:href="#sSpan6626" value="ⲛ"/>
		<feat xlink:href="#sSpan6631" value="ⲥⲟⲛ"/>
		<feat xlink:href="#sSpan6633" value="·"/></featList></paula>