<?xml version='1.0' encoding='UTF-8'?><!DOCTYPE paula SYSTEM "paula_feat.dtd">
<paula version="1.1">
	<header paula_id="scriptorium.life.aphou.01.mark_identity"/>
	<featList xmlns:xlink="http://www.w3.org/1999/xlink" type="identity" xml:base="scriptorium.life.aphou.01.mark.xml">
		<feat xlink:href="#sSpan52" value="Oxyrhynchus"/>
		<feat xlink:href="#sSpan1046" value="Oxyrhynchus"/>
		<feat xlink:href="#sSpan1945" value="David"/>
		<feat xlink:href="#sSpan2038" value="Isaiah"/>
		<feat xlink:href="#sSpan2634" value="Alexandria"/>
		<feat xlink:href="#sSpan3817" value="Pope Theophilus of Alexandria"/>
		<feat xlink:href="#sSpan4269" value="Pope Theophilus of Alexandria"/>
		<feat xlink:href="#sSpan4984" value="Adam"/>
		<feat xlink:href="#sSpan5146" value="Noah"/>
		<feat xlink:href="#sSpan5543" value="Jews"/>
		<feat xlink:href="#sSpan7382" value="Paul the Apostle"/></featList></paula>