<?xml version='1.0' encoding='UTF-8'?><!DOCTYPE paula SYSTEM "paula_feat.dtd">
<paula version="1.1">
	<header paula_id="scriptorium.life.aphou.01.mark_chapter_n"/>
	<featList xmlns:xlink="http://www.w3.org/1999/xlink" type="chapter_n" xml:base="scriptorium.life.aphou.01.mark.xml">
		<feat xlink:href="#sSpan6" value="0"/>
		<feat xlink:href="#sSpan77" value="1"/>
		<feat xlink:href="#sSpan130" value="2"/>
		<feat xlink:href="#sSpan170" value="3"/>
		<feat xlink:href="#sSpan355" value="4"/>
		<feat xlink:href="#sSpan476" value="5"/>
		<feat xlink:href="#sSpan656" value="6"/>
		<feat xlink:href="#sSpan712" value="7"/>
		<feat xlink:href="#sSpan854" value="8"/>
		<feat xlink:href="#sSpan952" value="9"/>
		<feat xlink:href="#sSpan1100" value="10"/>
		<feat xlink:href="#sSpan1149" value="11"/>
		<feat xlink:href="#sSpan1408" value="12"/>
		<feat xlink:href="#sSpan1529" value="13"/>
		<feat xlink:href="#sSpan1568" value="14"/>
		<feat xlink:href="#sSpan1876" value="15"/>
		<feat xlink:href="#sSpan1932" value="16"/>
		<feat xlink:href="#sSpan2203" value="17"/>
		<feat xlink:href="#sSpan2274" value="18"/>
		<feat xlink:href="#sSpan2357" value="19"/>
		<feat xlink:href="#sSpan2734" value="20"/>
		<feat xlink:href="#sSpan2769" value="21"/>
		<feat xlink:href="#sSpan2981" value="22"/>
		<feat xlink:href="#sSpan3116" value="23"/>
		<feat xlink:href="#sSpan3212" value="24"/>
		<feat xlink:href="#sSpan3315" value="25"/>
		<feat xlink:href="#sSpan3460" value="26"/>
		<feat xlink:href="#sSpan3516" value="27"/>
		<feat xlink:href="#sSpan3610" value="28"/>
		<feat xlink:href="#sSpan3762" value="29"/>
		<feat xlink:href="#sSpan3819" value="30"/>
		<feat xlink:href="#sSpan3936" value="31"/>
		<feat xlink:href="#sSpan4246" value="32"/>
		<feat xlink:href="#sSpan4316" value="33"/>
		<feat xlink:href="#sSpan4498" value="34"/>
		<feat xlink:href="#sSpan4594" value="35"/>
		<feat xlink:href="#sSpan4677" value="36"/>
		<feat xlink:href="#sSpan4751" value="37"/>
		<feat xlink:href="#sSpan4796" value="38"/>
		<feat xlink:href="#sSpan4925" value="39"/>
		<feat xlink:href="#sSpan4959" value="40"/>
		<feat xlink:href="#sSpan5079" value="41"/>
		<feat xlink:href="#sSpan5272" value="42"/>
		<feat xlink:href="#sSpan5455" value="43"/>
		<feat xlink:href="#sSpan5547" value="44"/>
		<feat xlink:href="#sSpan5712" value="45"/>
		<feat xlink:href="#sSpan5792" value="46"/>
		<feat xlink:href="#sSpan5998" value="47"/>
		<feat xlink:href="#sSpan6134" value="48"/>
		<feat xlink:href="#sSpan6198" value="49"/>
		<feat xlink:href="#sSpan6321" value="50"/>
		<feat xlink:href="#sSpan6478" value="51"/>
		<feat xlink:href="#sSpan6598" value="52"/>
		<feat xlink:href="#sSpan6652" value="53"/>
		<feat xlink:href="#sSpan6700" value="54"/>
		<feat xlink:href="#sSpan6743" value="55"/>
		<feat xlink:href="#sSpan6775" value="56"/>
		<feat xlink:href="#sSpan6887" value="57"/>
		<feat xlink:href="#sSpan7060" value="58"/>
		<feat xlink:href="#sSpan7227" value="59"/>
		<feat xlink:href="#sSpan7447" value="60"/>
		<feat xlink:href="#sSpan7592" value="61"/></featList></paula>