<?xml version='1.0' encoding='UTF-8'?><!DOCTYPE paula SYSTEM "paula_feat.dtd">
<paula version="1.1">
	<header paula_id="scriptorium.life.aphou.01.mark_roleName_type"/>
	<featList xmlns:xlink="http://www.w3.org/1999/xlink" type="roleName_type" xml:base="scriptorium.life.aphou.01.mark.xml">
		<feat xlink:href="#sSpan26" value="religious"/>
		<feat xlink:href="#sSpan38" value="ecclesiastical"/>
		<feat xlink:href="#sSpan115" value="ecclesiastical"/>
		<feat xlink:href="#sSpan250" value="religious"/>
		<feat xlink:href="#sSpan302" value="religious"/>
		<feat xlink:href="#sSpan1786" value="ecclesiastical"/>
		<feat xlink:href="#sSpan3154" value="ecclesiastical"/>
		<feat xlink:href="#sSpan3238" value="ecclesiastical"/>
		<feat xlink:href="#sSpan3536" value="ecclesiastical"/>
		<feat xlink:href="#sSpan3964" value="ecclesiastical"/>
		<feat xlink:href="#sSpan4511" value="ecclesiastical"/>
		<feat xlink:href="#sSpan4938" value="ecclesiastical"/>
		<feat xlink:href="#sSpan5277" value="ecclesiastical"/>
		<feat xlink:href="#sSpan5718" value="ecclesiastical"/>
		<feat xlink:href="#sSpan7474" value="ecclesiastical"/></featList></paula>