<?xml version='1.0' encoding='UTF-8'?><!DOCTYPE paula SYSTEM "paula_feat.dtd">
<paula version="1.1">
	<header paula_id="scriptorium.life.aphou.01.mark_translation"/>
	<featList xmlns:xlink="http://www.w3.org/1999/xlink" type="translation" xml:base="scriptorium.life.aphou.01.mark.xml">
		<feat xlink:href="#sSpan8" value="..."/>
		<feat xlink:href="#sSpan78" value="..."/>
		<feat xlink:href="#sSpan132" value="..."/>
		<feat xlink:href="#sSpan171" value="..."/>
		<feat xlink:href="#sSpan356" value="..."/>
		<feat xlink:href="#sSpan477" value="..."/>
		<feat xlink:href="#sSpan657" value="..."/>
		<feat xlink:href="#sSpan713" value="..."/>
		<feat xlink:href="#sSpan855" value="..."/>
		<feat xlink:href="#sSpan953" value="..."/>
		<feat xlink:href="#sSpan1101" value="..."/>
		<feat xlink:href="#sSpan1150" value="..."/>
		<feat xlink:href="#sSpan1409" value="..."/>
		<feat xlink:href="#sSpan1530" value="..."/>
		<feat xlink:href="#sSpan1569" value="..."/>
		<feat xlink:href="#sSpan1877" value="..."/>
		<feat xlink:href="#sSpan1933" value="..."/>
		<feat xlink:href="#sSpan2204" value="..."/>
		<feat xlink:href="#sSpan2275" value="..."/>
		<feat xlink:href="#sSpan2358" value="..."/>
		<feat xlink:href="#sSpan2735" value="..."/>
		<feat xlink:href="#sSpan2770" value="..."/>
		<feat xlink:href="#sSpan2982" value="..."/>
		<feat xlink:href="#sSpan3117" value="..."/>
		<feat xlink:href="#sSpan3213" value="..."/>
		<feat xlink:href="#sSpan3316" value="..."/>
		<feat xlink:href="#sSpan3461" value="..."/>
		<feat xlink:href="#sSpan3517" value="..."/>
		<feat xlink:href="#sSpan3611" value="..."/>
		<feat xlink:href="#sSpan3763" value="..."/>
		<feat xlink:href="#sSpan3820" value="..."/>
		<feat xlink:href="#sSpan3937" value="..."/>
		<feat xlink:href="#sSpan4247" value="..."/>
		<feat xlink:href="#sSpan4317" value="..."/>
		<feat xlink:href="#sSpan4499" value="..."/>
		<feat xlink:href="#sSpan4595" value="..."/>
		<feat xlink:href="#sSpan4678" value="..."/>
		<feat xlink:href="#sSpan4752" value="..."/>
		<feat xlink:href="#sSpan4797" value="..."/>
		<feat xlink:href="#sSpan4926" value="..."/>
		<feat xlink:href="#sSpan4960" value="..."/>
		<feat xlink:href="#sSpan5080" value="..."/>
		<feat xlink:href="#sSpan5273" value="..."/>
		<feat xlink:href="#sSpan5456" value="..."/>
		<feat xlink:href="#sSpan5548" value="..."/>
		<feat xlink:href="#sSpan5713" value="..."/>
		<feat xlink:href="#sSpan5793" value="..."/>
		<feat xlink:href="#sSpan5999" value="..."/>
		<feat xlink:href="#sSpan6135" value="..."/>
		<feat xlink:href="#sSpan6199" value="..."/>
		<feat xlink:href="#sSpan6322" value="..."/>
		<feat xlink:href="#sSpan6479" value="..."/>
		<feat xlink:href="#sSpan6599" value="..."/>
		<feat xlink:href="#sSpan6653" value="..."/>
		<feat xlink:href="#sSpan6701" value="..."/>
		<feat xlink:href="#sSpan6744" value="..."/>
		<feat xlink:href="#sSpan6776" value="..."/>
		<feat xlink:href="#sSpan6888" value="..."/>
		<feat xlink:href="#sSpan7061" value="..."/>
		<feat xlink:href="#sSpan7228" value="..."/>
		<feat xlink:href="#sSpan7448" value="..."/>
		<feat xlink:href="#sSpan7593" value="..."/></featList></paula>