<?xml version='1.0' encoding='UTF-8'?><!DOCTYPE paula SYSTEM "paula_feat.dtd">
<paula version="1.1">
	<header paula_id="scriptorium.life.aphou.01.mark_p_source"/>
	<featList xmlns:xlink="http://www.w3.org/1999/xlink" type="p_source" xml:base="scriptorium.life.aphou.01.mark.xml">
		<feat xlink:href="#sSpan5" value="PATHS"/>
		<feat xlink:href="#sSpan80" value="PATHS"/>
		<feat xlink:href="#sSpan211" value="PATHS"/>
		<feat xlink:href="#sSpan270" value="PATHS"/>
		<feat xlink:href="#sSpan321" value="PATHS"/>
		<feat xlink:href="#sSpan354" value="PATHS"/>
		<feat xlink:href="#sSpan475" value="PATHS"/>
		<feat xlink:href="#sSpan529" value="PATHS"/>
		<feat xlink:href="#sSpan655" value="PATHS"/>
		<feat xlink:href="#sSpan711" value="PATHS"/>
		<feat xlink:href="#sSpan781" value="PATHS"/>
		<feat xlink:href="#sSpan853" value="PATHS"/>
		<feat xlink:href="#sSpan951" value="PATHS"/>
		<feat xlink:href="#sSpan1051" value="PATHS"/>
		<feat xlink:href="#sSpan1099" value="PATHS"/>
		<feat xlink:href="#sSpan1148" value="PATHS"/>
		<feat xlink:href="#sSpan1195" value="PATHS"/>
		<feat xlink:href="#sSpan1271" value="PATHS"/>
		<feat xlink:href="#sSpan1360" value="PATHS"/>
		<feat xlink:href="#sSpan1407" value="PATHS"/>
		<feat xlink:href="#sSpan1528" value="PATHS"/>
		<feat xlink:href="#sSpan1567" value="PATHS"/>
		<feat xlink:href="#sSpan1704" value="PATHS"/>
		<feat xlink:href="#sSpan1749" value="PATHS"/>
		<feat xlink:href="#sSpan1798" value="PATHS"/>
		<feat xlink:href="#sSpan1839" value="PATHS"/>
		<feat xlink:href="#sSpan1875" value="PATHS"/>
		<feat xlink:href="#sSpan1909" value="PATHS"/>
		<feat xlink:href="#sSpan2021" value="PATHS"/>
		<feat xlink:href="#sSpan2064" value="PATHS"/>
		<feat xlink:href="#sSpan2114" value="PATHS"/>
		<feat xlink:href="#sSpan2202" value="PATHS"/>
		<feat xlink:href="#sSpan2273" value="PATHS"/>
		<feat xlink:href="#sSpan2356" value="PATHS"/>
		<feat xlink:href="#sSpan2448" value="PATHS"/>
		<feat xlink:href="#sSpan2506" value="PATHS"/>
		<feat xlink:href="#sSpan2659" value="PATHS"/>
		<feat xlink:href="#sSpan2861" value="PATHS"/>
		<feat xlink:href="#sSpan2980" value="PATHS"/>
		<feat xlink:href="#sSpan3119" value="PATHS"/>
		<feat xlink:href="#sSpan3314" value="PATHS"/>
		<feat xlink:href="#sSpan3384" value="PATHS"/>
		<feat xlink:href="#sSpan3459" value="PATHS"/>
		<feat xlink:href="#sSpan3515" value="PATHS"/>
		<feat xlink:href="#sSpan3588" value="PATHS"/>
		<feat xlink:href="#sSpan3609" value="PATHS"/>
		<feat xlink:href="#sSpan3693" value="PATHS"/>
		<feat xlink:href="#sSpan3818" value="PATHS"/>
		<feat xlink:href="#sSpan3935" value="PATHS"/>
		<feat xlink:href="#sSpan4025" value="PATHS"/>
		<feat xlink:href="#sSpan4093" value="PATHS"/>
		<feat xlink:href="#sSpan4185" value="PATHS"/>
		<feat xlink:href="#sSpan4245" value="PATHS"/>
		<feat xlink:href="#sSpan4315" value="PATHS"/>
		<feat xlink:href="#sSpan4364" value="PATHS"/>
		<feat xlink:href="#sSpan4497" value="PATHS"/>
		<feat xlink:href="#sSpan4593" value="PATHS"/>
		<feat xlink:href="#sSpan4680" value="PATHS"/>
		<feat xlink:href="#sSpan4795" value="PATHS"/>
		<feat xlink:href="#sSpan4924" value="PATHS"/>
		<feat xlink:href="#sSpan4958" value="PATHS"/>
		<feat xlink:href="#sSpan5078" value="PATHS"/>
		<feat xlink:href="#sSpan5271" value="PATHS"/>
		<feat xlink:href="#sSpan5376" value="PATHS"/>
		<feat xlink:href="#sSpan5454" value="PATHS"/>
		<feat xlink:href="#sSpan5546" value="lb"/>
		<feat xlink:href="#sSpan5715" value="PATHS"/>
		<feat xlink:href="#sSpan5981" value="PATHS"/>
		<feat xlink:href="#sSpan5997" value="PATHS"/>
		<feat xlink:href="#sSpan6137" value="PATHS"/>
		<feat xlink:href="#sSpan6320" value="PATHS"/>
		<feat xlink:href="#sSpan6481" value="PATHS"/>
		<feat xlink:href="#sSpan6655" value="PATHS"/>
		<feat xlink:href="#sSpan6774" value="PATHS"/>
		<feat xlink:href="#sSpan6886" value="PATHS"/>
		<feat xlink:href="#sSpan7059" value="PATHS"/>
		<feat xlink:href="#sSpan7226" value="PATHS"/>
		<feat xlink:href="#sSpan7305" value="PATHS"/>
		<feat xlink:href="#sSpan7446" value="PATHS"/>
		<feat xlink:href="#sSpan7535" value="PATHS"/>
		<feat xlink:href="#sSpan7591" value="PATHS"/></featList></paula>