<?xml version='1.0' encoding='UTF-8'?><!DOCTYPE paula SYSTEM "paula_feat.dtd">
<paula version="1.1">
	<header paula_id="scriptorium.life.aphou.01.mark_date_type"/>
	<featList xmlns:xlink="http://www.w3.org/1999/xlink" type="date_type" xml:base="scriptorium.life.aphou.01.mark.xml">
		<feat xlink:href="#sSpan57" value="commemoration"/>
		<feat xlink:href="#sSpan643" value="liturgies_ceremonies"/>
		<feat xlink:href="#sSpan933" value="liturgies_ceremonies"/>
		<feat xlink:href="#sSpan1010" value="liturgies_ceremonies"/>
		<feat xlink:href="#sSpan2339" value="liturgies_ceremonies"/></featList></paula>