<?xml version='1.0' encoding='UTF-8'?><!DOCTYPE paula SYSTEM "paula_feat.dtd">
<paula version="1.1">
	<header paula_id="scriptorium.life.aphou.01.mark_p_n"/>
	<featList xmlns:xlink="http://www.w3.org/1999/xlink" type="p_n" xml:base="scriptorium.life.aphou.01.mark.xml">
		<feat xlink:href="#sSpan9" value="0"/>
		<feat xlink:href="#sSpan79" value="1"/>
		<feat xlink:href="#sSpan133" value="2"/>
		<feat xlink:href="#sSpan172" value="3"/>
		<feat xlink:href="#sSpan357" value="4"/>
		<feat xlink:href="#sSpan478" value="5"/>
		<feat xlink:href="#sSpan658" value="6"/>
		<feat xlink:href="#sSpan714" value="7"/>
		<feat xlink:href="#sSpan856" value="8"/>
		<feat xlink:href="#sSpan954" value="9"/>
		<feat xlink:href="#sSpan1102" value="10"/>
		<feat xlink:href="#sSpan1151" value="11"/>
		<feat xlink:href="#sSpan1410" value="12"/>
		<feat xlink:href="#sSpan1531" value="13"/>
		<feat xlink:href="#sSpan1570" value="14"/>
		<feat xlink:href="#sSpan1878" value="15"/>
		<feat xlink:href="#sSpan1934" value="16"/>
		<feat xlink:href="#sSpan2205" value="17"/>
		<feat xlink:href="#sSpan2276" value="18"/>
		<feat xlink:href="#sSpan2359" value="19"/>
		<feat xlink:href="#sSpan2736" value="20"/>
		<feat xlink:href="#sSpan2771" value="21"/>
		<feat xlink:href="#sSpan2983" value="22"/>
		<feat xlink:href="#sSpan3118" value="23"/>
		<feat xlink:href="#sSpan3214" value="24"/>
		<feat xlink:href="#sSpan3317" value="25"/>
		<feat xlink:href="#sSpan3462" value="26"/>
		<feat xlink:href="#sSpan3518" value="27"/>
		<feat xlink:href="#sSpan3612" value="28"/>
		<feat xlink:href="#sSpan3764" value="29"/>
		<feat xlink:href="#sSpan3821" value="30"/>
		<feat xlink:href="#sSpan3938" value="31"/>
		<feat xlink:href="#sSpan4248" value="32"/>
		<feat xlink:href="#sSpan4318" value="33"/>
		<feat xlink:href="#sSpan4500" value="34"/>
		<feat xlink:href="#sSpan4596" value="35"/>
		<feat xlink:href="#sSpan4679" value="36"/>
		<feat xlink:href="#sSpan4753" value="37"/>
		<feat xlink:href="#sSpan4798" value="38"/>
		<feat xlink:href="#sSpan4927" value="39"/>
		<feat xlink:href="#sSpan4961" value="40"/>
		<feat xlink:href="#sSpan5081" value="41"/>
		<feat xlink:href="#sSpan5274" value="42"/>
		<feat xlink:href="#sSpan5457" value="43"/>
		<feat xlink:href="#sSpan5549" value="44"/>
		<feat xlink:href="#sSpan5714" value="45"/>
		<feat xlink:href="#sSpan5794" value="46"/>
		<feat xlink:href="#sSpan6000" value="47"/>
		<feat xlink:href="#sSpan6136" value="48"/>
		<feat xlink:href="#sSpan6200" value="49"/>
		<feat xlink:href="#sSpan6323" value="50"/>
		<feat xlink:href="#sSpan6480" value="51"/>
		<feat xlink:href="#sSpan6600" value="52"/>
		<feat xlink:href="#sSpan6654" value="53"/>
		<feat xlink:href="#sSpan6702" value="54"/>
		<feat xlink:href="#sSpan6745" value="55"/>
		<feat xlink:href="#sSpan6777" value="56"/>
		<feat xlink:href="#sSpan6889" value="57"/>
		<feat xlink:href="#sSpan7062" value="58"/>
		<feat xlink:href="#sSpan7229" value="59"/>
		<feat xlink:href="#sSpan7449" value="60"/>
		<feat xlink:href="#sSpan7594" value="61"/></featList></paula>