<?xml version='1.0' encoding='UTF-8'?><!DOCTYPE paula SYSTEM "paula_feat.dtd">
<paula version="1.1">
	<header paula_id="scriptorium.life.aphou.01.mark_text"/>
	<featList xmlns:xlink="http://www.w3.org/1999/xlink" type="text" xml:base="scriptorium.life.aphou.01.mark.xml">
		<feat xlink:href="#sSpan7" value="ⲡ ⲃⲓⲟⲥ ⲛ ⲁⲡⲁ ⲁⲫⲟⲩ ⲡ ⲁⲛⲁⲭⲱⲣⲏⲧⲏⲥ ⲁⲩⲱ ⲡ ⲉⲡⲓⲥⲕⲟⲡⲟⲥ ⲙ ⲡⲙϫⲏ ⲛ ⲥⲟⲩϫⲟⲩⲧⲟⲩⲉ ⲛ ⲧ ϩⲟⲟⲩⲧ"/>
		<feat xlink:href="#sSpan20" value="ⲁⲡⲁ ⲁⲫⲟⲩ ⲡ ⲁⲛⲁⲭⲱⲣⲏⲧⲏⲥ ⲁⲩⲱ ⲡ ⲉⲡⲓⲥⲕⲟⲡⲟⲥ ⲙ ⲡⲙϫⲏ"/>
		<feat xlink:href="#sSpan52" value="ⲡⲙϫⲏ"/>
		<feat xlink:href="#sSpan61" value="ⲥⲟⲩϫⲟⲩⲧⲟⲩⲉ ⲛ ⲧ ϩⲟⲟⲩⲧ"/>
		<feat xlink:href="#sSpan70" value="ⲧ ϩⲟⲟⲩⲧ"/>
		<feat xlink:href="#sSpan83" value="ⲛⲁⲓ"/>
		<feat xlink:href="#sSpan86" value="ⲟⲩ ⲁⲛⲁⲅⲕⲁⲓⲟⲛ"/>
		<feat xlink:href="#sSpan116" value="ⲡ ⲉⲡⲓⲥⲕⲟⲡⲟⲥ ⲉⲧ ⲟⲩⲁⲁⲃ"/>
		<feat xlink:href="#sSpan131" value="ⲡⲁⲓ ⲉⲣⲉ ⲡⲉϥ ⲣⲁⲛ ⲙⲉⲛ ϩⲛ ⲛ ⲣⲱⲙⲉ ⲡⲉ ⲁⲫⲟⲩ"/>
		<feat xlink:href="#sSpan140" value="ⲡⲉϥ ⲣⲁⲛ"/>
		<feat xlink:href="#sSpan154" value="ⲛ ⲣⲱⲙⲉ"/>
		<feat xlink:href="#sSpan193" value="ⲛ ⲣⲱⲙⲉ"/>
		<feat xlink:href="#sSpan202" value="ⲡ ⲉⲧ ϭⲙϭⲟⲙ ϣⲟⲣⲡ"/>
		<feat xlink:href="#sSpan233" value="ⲧ ϩⲩⲡⲟⲧⲁⲅⲏ ⲛ ϩⲉⲛ ⲣⲱⲙⲉ ⲛ ⲥⲱⲧⲡ"/>
		<feat xlink:href="#sSpan243" value="ϩⲉⲛ ⲣⲱⲙⲉ ⲛ ⲥⲱⲧⲡ"/>
		<feat xlink:href="#sSpan253" value="ⲥⲱⲧⲡ"/>
		<feat xlink:href="#sSpan265" value="ⲡⲓⲥⲧⲟⲥ ⲛⲁⲓ ϩⲱ ⲟⲩ ⲟⲛ ⲛⲧ ⲁ ⲩ ⲧⲁϩⲉ ϩⲟⲓⲛⲉ ϩⲛ ⲙ ⲙⲁⲑⲏⲧⲏⲥ ⲛ ⲛ ⲁⲡⲟⲥⲧⲟⲗⲟⲥ"/>
		<feat xlink:href="#sSpan295" value="ϩⲟⲓⲛⲉ ϩⲛ ⲙ ⲙⲁⲑⲏⲧⲏⲥ ⲛ ⲛ ⲁⲡⲟⲥⲧⲟⲗⲟⲥ"/>
		<feat xlink:href="#sSpan303" value="ⲙ ⲙⲁⲑⲏⲧⲏⲥ ⲛ ⲛ ⲁⲡⲟⲥⲧⲟⲗⲟⲥ"/>
		<feat xlink:href="#sSpan313" value="ⲛ ⲁⲡⲟⲥⲧⲟⲗⲟⲥ"/>
		<feat xlink:href="#sSpan338" value="ⲡⲉⲩ ⲃⲓⲟⲥ ⲛ ⲥⲉⲙⲛⲟⲛ"/>
		<feat xlink:href="#sSpan349" value="ⲥⲉⲙⲛⲟⲛ"/>
		<feat xlink:href="#sSpan401" value="ⲟⲩ ⲥⲟⲛ ⲡⲁⲓ ϩⲱⲱ ϥ ⲟⲛ ⲛⲧ ⲁ ϥ ϫⲓⲥⲃⲱ ⲉ ⲧ ϭⲓⲛⲃⲱⲕ ⲉϩⲣⲁⲓ ⲉ ⲧ ⲡⲉ ⲛⲙⲙⲁ ϥ ⲉⲃⲟⲗ ϩⲓⲧⲟⲟⲧ ⲟⲩ"/>
		<feat xlink:href="#sSpan436" value="ⲧ ϭⲓⲛⲃⲱⲕ"/>
		<feat xlink:href="#sSpan451" value="ⲧ ⲡⲉ"/>
		<feat xlink:href="#sSpan496" value="ⲛ ⲁⲫⲟⲩ ⲉ ⲱⲛϩ"/>
		<feat xlink:href="#sSpan506" value="ⲱⲛϩ"/>
		<feat xlink:href="#sSpan513" value="ⲟⲩ ⲃⲓⲟⲥ ⲛ ⲧⲉⲓ ⲙⲓⲛⲉ"/>
		<feat xlink:href="#sSpan546" value="ⲛⲉϥ ϩⲟⲓⲧⲉ"/>
		<feat xlink:href="#sSpan565" value="ⲟⲩ ϣⲁⲁⲣ"/>
		<feat xlink:href="#sSpan574" value="ⲧⲉϥ ϯⲡⲉ"/>
		<feat xlink:href="#sSpan600" value="ⲛ ϣⲟϣ"/>
		<feat xlink:href="#sSpan609" value="ⲧ ⲉⲣⲏⲙⲟⲥ"/>
		<feat xlink:href="#sSpan619" value="ⲡⲉ ϩⲟⲟⲩ"/>
		<feat xlink:href="#sSpan628" value="ⲧⲉ ⲩϣⲏ"/>
		<feat xlink:href="#sSpan649" value="ⲥⲩⲛⲁⲝⲓⲥ"/>
		<feat xlink:href="#sSpan652" value="ⲧⲉϥ ⲧⲣⲟⲫⲏ"/>
		<feat xlink:href="#sSpan671" value="ⲛ ⲉ ⲥ ϣⲟⲟⲡ ⲛⲁ ϥ ⲡⲣⲟⲥ ⲧ ϭⲓⲛⲱⲛϩ ⲛ ⲛ ⲉⲧ ⲙⲙⲁⲩ"/>
		<feat xlink:href="#sSpan691" value="ⲧ ϭⲓⲛⲱⲛϩ ⲛ ⲛ ⲉⲧ ⲙⲙⲁⲩ"/>
		<feat xlink:href="#sSpan702" value="ⲛ ⲉⲧ ⲙⲙⲁⲩ"/>
		<feat xlink:href="#sSpan741" value="ⲡ ⲉⲧ ⲫⲟⲣⲉⲓ ⲙ ⲡ ⲥⲱⲙⲁ ⲛ ⲧ ⲙⲛⲧϭⲱⲃ ⲛ ⲛ ⲣⲱⲙⲉ"/>
		<feat xlink:href="#sSpan753" value="ⲡ ⲥⲱⲙⲁ"/>
		<feat xlink:href="#sSpan763" value="ⲧ ⲙⲛⲧϭⲱⲃ ⲛ ⲛ ⲣⲱⲙⲉ"/>
		<feat xlink:href="#sSpan774" value="ⲛ ⲣⲱⲙⲉ"/>
		<feat xlink:href="#sSpan803" value="ⲛ ⲁⲗⲁϭ"/>
		<feat xlink:href="#sSpan814" value="ⲙⲛⲧϣⲏⲣⲉ ϣⲏⲙ ⲛⲧ ⲁ ϥ ⲁⲣⲭⲉⲓ ⲉ ⲡⲉⲓ ⲃⲓⲟⲥ ⲛ ⲧⲉⲓ ⲙⲓⲛⲉ"/>
		<feat xlink:href="#sSpan837" value="ⲡⲉⲓ ⲃⲓⲟⲥ ⲛ ⲧⲉⲓ ⲙⲓⲛⲉ"/>
		<feat xlink:href="#sSpan875" value="ⲡ ⲥⲟⲛ ⲛⲧ ⲁ ⲛ ϣⲣⲡϣⲁϫⲉ ⲉⲣⲟ ϥ ⲛ ⲟⲩⲁ ⲧⲉ ⲣⲟⲙⲡⲉ"/>
		<feat xlink:href="#sSpan902" value="ⲟⲩⲁ ⲧⲉ ⲣⲟⲙⲡⲉ"/>
		<feat xlink:href="#sSpan905" value="ⲧⲉ ⲣⲟⲙⲡⲉ"/>
		<feat xlink:href="#sSpan926" value="ⲡⲉ ϩⲟⲟⲩ ⲙ ⲡ ⲧⲁϣⲉⲟⲉⲓϣ ⲉⲧ ⲟⲩⲁⲁⲃ"/>
		<feat xlink:href="#sSpan936" value="ⲡ ⲧⲁϣⲉⲟⲉⲓϣ ⲉⲧ ⲟⲩⲁⲁⲃ"/>
		<feat xlink:href="#sSpan976" value="ⲟⲩ ϣⲧⲏⲛ ⲙ ⲡⲁⲅⲁⲛⲟⲥ"/>
		<feat xlink:href="#sSpan987" value="ⲡⲁⲅⲁⲛⲟⲥ"/>
		<feat xlink:href="#sSpan1013" value="ⲡ ⲧⲁϣⲉⲟⲉⲓϣ ⲙ ⲡ ⲡⲁⲥⲭⲁ"/>
		<feat xlink:href="#sSpan1024" value="ⲡ ⲡⲁⲥⲭⲁ"/>
		<feat xlink:href="#sSpan1036" value="ⲧ ⲉⲕⲕⲗⲏⲥⲓⲁ ⲙ ⲡⲙϫⲏ"/>
		<feat xlink:href="#sSpan1046" value="ⲡⲙϫⲏ"/>
		<feat xlink:href="#sSpan1060" value="ⲗⲁⲁⲩ"/>
		<feat xlink:href="#sSpan1092" value="ⲡⲉϥ ⲙⲁ"/>
		<feat xlink:href="#sSpan1139" value="ⲧ ⲙⲛⲧϩⲗⲗⲟ"/>
		<feat xlink:href="#sSpan1173" value="ⲛ ⲧⲃⲛⲟⲟⲩⲉ ⲉⲧ ϥ ⲙⲟⲟϣⲉ ⲛⲙⲙⲁ ⲩ"/>
		<feat xlink:href="#sSpan1192" value="ⲛⲁⲓ"/>
		<feat xlink:href="#sSpan1225" value="ⲟⲩ ϣⲃⲏⲣ"/>
		<feat xlink:href="#sSpan1264" value="ⲟⲩ ϣⲱⲥ"/>
		<feat xlink:href="#sSpan1302" value="ϩⲉⲛ ⲣⲱⲙⲉ ⲛ ⲗⲟⲅⲓⲕⲟⲥ"/>
		<feat xlink:href="#sSpan1345" value="ⲧⲉ ⲡⲣⲟⲛⲟⲓⲁ ⲉⲧ ⲟⲩⲁⲁⲃ"/>
		<feat xlink:href="#sSpan1377" value="ⲡ ⲙⲁⲉⲓⲛ ⲙ ⲡⲉⲩ ϫⲟⲉⲓⲥ"/>
		<feat xlink:href="#sSpan1386" value="ⲡⲉⲩ ϫⲟⲉⲓⲥ"/>
		<feat xlink:href="#sSpan1413" value="ⲧⲉ ⲡⲣⲱ"/>
		<feat xlink:href="#sSpan1464" value="ⲧⲉⲩ ⲙⲏⲧⲉ ⲛ ⲧ ϩⲉ ⲙ ⲡ ⲉⲧ ϣⲟⲟⲡ ϩⲛ ⲟⲩ ⲥⲕⲏⲡⲏ ⲉⲧⲃⲉ ⲧ ⲁϣⲏ ⲛ ⲛ ⲛⲓϥⲉ ⲉⲧ ⲧⲁϩⲟ ⲙⲙⲟ ϥ"/>
		<feat xlink:href="#sSpan1481" value="ⲡ ⲉⲧ ϣⲟⲟⲡ ϩⲛ ⲟⲩ ⲥⲕⲏⲡⲏ ⲉⲧⲃⲉ ⲧ ⲁϣⲏ ⲛ ⲛ ⲛⲓϥⲉ ⲉⲧ ⲧⲁϩⲟ ⲙⲙⲟ ϥ"/>
		<feat xlink:href="#sSpan1492" value="ⲟⲩ ⲥⲕⲏⲡⲏ"/>
		<feat xlink:href="#sSpan1503" value="ⲁϣⲏ ⲛ ⲛ ⲛⲓϥⲉ ⲉⲧ ⲧⲁϩⲟ ⲙⲙⲟ ϥ"/>
		<feat xlink:href="#sSpan1534" value="ⲡ ϣⲱⲙ"/>
		<feat xlink:href="#sSpan1588" value="ⲟⲩ ϩⲟⲟⲩ"/>
		<feat xlink:href="#sSpan1642" value="ϩⲟⲓⲛⲉ"/>
		<feat xlink:href="#sSpan1679" value="ⲡ ⲕⲉ ⲥⲉⲉⲡⲉ"/>
		<feat xlink:href="#sSpan1725" value="ⲧⲉⲩ ⲧⲁⲡⲣⲟ ⲛ ⲛ ⲉⲧ ϥ ⲛⲁ ⲟⲩⲟⲙ ⲟⲩ ⲛⲁ ⲓ"/>
		<feat xlink:href="#sSpan1734" value="ⲛ ⲉⲧ ϥ ⲛⲁ ⲟⲩⲟⲙ ⲟⲩ ⲛⲁ ⲓ"/>
		<feat xlink:href="#sSpan1790" value="ⲉⲡⲓⲥⲕⲟⲡⲟⲥ"/>
		<feat xlink:href="#sSpan1807" value="ⲟⲩ ⲙⲏⲏϣⲉ ϩⲛ ⲛⲉ ⲥⲛⲏⲩ"/>
		<feat xlink:href="#sSpan1816" value="ⲛⲉ ⲥⲛⲏⲩ"/>
		<feat xlink:href="#sSpan1831" value="ⲧⲉⲓ ⲁⲛⲁⲥⲧⲣⲟⲫⲏ"/>
		<feat xlink:href="#sSpan1846" value="ⲁϣ ⲛ ⲁⲓⲧⲓⲁ"/>
		<feat xlink:href="#sSpan1904" value="ⲛⲁⲓ"/>
		<feat xlink:href="#sSpan1945" value="ⲡ ⲙⲁⲕⲁⲣⲓⲟⲥ ⲇⲁⲩⲉⲓⲇ"/>
		<feat xlink:href="#sSpan1975" value="ⲡ ⲛⲟⲩⲧⲉ"/>
		<feat xlink:href="#sSpan2008" value="ⲛⲓ ⲧⲃⲛⲏ"/>
		<feat xlink:href="#sSpan2038" value="ⲏⲥⲁⲓⲁⲥ"/>
		<feat xlink:href="#sSpan2069" value="ⲧ ⲕⲉ ϭⲟⲟⲩⲛⲉ ⲉⲧ ⲙⲏⲣ ⲙⲙⲟ ϥ ⲉϫⲛ ⲧⲉϥ ϯⲡⲉ"/>
		<feat xlink:href="#sSpan2092" value="ⲧⲉϥ ϯⲡⲉ"/>
		<feat xlink:href="#sSpan2111" value="ⲡⲉⲛ ⲥⲱⲧⲏⲣ"/>
		<feat xlink:href="#sSpan2131" value="ⲡ ϫⲟⲉⲓⲥ ⲙ ⲡ ⲧⲏⲣϥ"/>
		<feat xlink:href="#sSpan2156" value="ⲡ ⲕⲁⲧⲁⲙⲁⲣⲕⲟⲥ"/>
		<feat xlink:href="#sSpan2194" value="ⲛⲉ ⲑⲏⲣⲓⲟⲛ"/>
		<feat xlink:href="#sSpan2212" value="ⲡ ⲛⲟⲩⲧⲉ"/>
		<feat xlink:href="#sSpan2225" value="ⲛⲉϥ ⲡⲉⲧⲟⲩⲁⲁⲃ"/>
		<feat xlink:href="#sSpan2241" value="ⲛⲓ ϩⲓⲥⲉ ⲧⲏⲣ ⲟⲩ"/>
		<feat xlink:href="#sSpan2264" value="ⲡⲉⲓ ⲉⲃⲓⲏⲛ"/>
		<feat xlink:href="#sSpan2305" value="ⲛⲉ ⲑⲏⲣⲓⲟⲛ"/>
		<feat xlink:href="#sSpan2330" value="ⲡ ⲧⲁϣⲉⲟⲉⲓϣ ⲙ ⲡ ⲡⲁⲥⲭⲁ ⲉⲧ ⲟⲩⲁⲁⲃ"/>
		<feat xlink:href="#sSpan2342" value="ⲡ ⲡⲁⲥⲭⲁ"/>
		<feat xlink:href="#sSpan2375" value="ⲩ ⲗⲉⲝⲓⲥ"/>
		<feat xlink:href="#sSpan2398" value="ⲡ ⲥⲟⲟⲩⲛ ⲙ ⲡⲉ ⲡⲛⲉⲩⲙⲁ ⲉⲧ ⲟⲩⲁⲁⲃ"/>
		<feat xlink:href="#sSpan2407" value="ⲡⲉ ⲡⲛⲉⲩⲙⲁ ⲉⲧ ⲟⲩⲁⲁⲃ"/>
		<feat xlink:href="#sSpan2440" value="ⲡ ϣⲁϫⲉ"/>
		<feat xlink:href="#sSpan2459" value="ⲟⲩⲟⲛ ⲛⲓⲙ ⲛⲧ ⲁ ⲩ ⲥⲟⲧⲙⲉϥ"/>
		<feat xlink:href="#sSpan2511" value="ⲡ ⲁⲅⲅⲉⲗⲟⲥ ⲙ ⲡ ϫⲟⲉⲓⲥ"/>
		<feat xlink:href="#sSpan2521" value="ⲡ ϫⲟⲉⲓⲥ"/>
		<feat xlink:href="#sSpan2540" value="ⲡ ⲙⲁⲕⲁⲣⲓⲟⲥ"/>
		<feat xlink:href="#sSpan2567" value="ⲡ ϣⲁϫⲉ ⲉ ϥ ϫⲱ ⲙⲙⲟ ⲥ ⲛⲁ ϥ"/>
		<feat xlink:href="#sSpan2612" value="ⲡ ϫⲟⲉⲓⲥ"/>
		<feat xlink:href="#sSpan2634" value="ⲣⲁⲕⲟⲧⲉ"/>
		<feat xlink:href="#sSpan2645" value="ⲡⲉⲓ ϣⲁϫⲉ ⲉⲣⲁⲧ ϥ"/>
		<feat xlink:href="#sSpan2658" value="ⲡ ϣⲁϫⲉ ⲇⲉ ⲉⲧ ⲙⲙⲁⲩ"/>
		<feat xlink:href="#sSpan2679" value="ⲟⲩ ⲧⲓⲙⲓⲛⲉ"/>
		<feat xlink:href="#sSpan2709" value="ⲡ ⲉⲟⲟⲩ ⲙ ⲡ ⲛⲟⲩⲧⲉ"/>
		<feat xlink:href="#sSpan2718" value="ⲡ ⲛⲟⲩⲧⲉ"/>
		<feat xlink:href="#sSpan2727" value="ⲡ ϣⲁϫⲉ"/>
		<feat xlink:href="#sSpan2751" value="ⲧ ⲙⲛⲧϭⲱⲃ ⲛ ⲛ ⲣⲱⲙⲉ"/>
		<feat xlink:href="#sSpan2762" value="ⲛ ⲣⲱⲙⲉ"/>
		<feat xlink:href="#sSpan2784" value="ⲡ ⲉⲧ ϩⲩⲡⲟⲅⲟⲣⲉⲩⲉ ϫⲉ ⲛ ⲧⲁⲓ ⲁⲛ ⲧⲉ ⲧ ϩⲓⲕⲱⲛ ⲙ ⲡ ⲛⲟⲩⲧⲉ ⲧⲁⲓ ⲁⲛⲟⲛ ⲉⲧ ⲛ ⲫⲟⲣⲉⲓ ⲙⲙⲟ ⲥ ⲁⲛⲟⲛ ⲛ ⲣⲱⲙⲉ ⲛⲧⲉⲣⲉ ϥ ⲥⲱⲧⲙ ⲇⲉ ⲉ ⲛⲁⲓ ⲛϭⲓ ⲡ ⲙⲁⲕⲁⲣⲓⲟⲥ ⲁⲫⲟⲩ ⲁ ϥ ⲙⲟⲩϩ ⲉⲃⲟⲗ ϩⲙ ⲡⲉ ⲡⲛⲉⲩⲙⲁ ⲉⲧ ⲟⲩⲁⲁⲃ"/>
		<feat xlink:href="#sSpan2795" value="ⲛ ⲧⲁⲓ ⲁⲛ"/>
		<feat xlink:href="#sSpan2810" value="ⲧ ϩⲓⲕⲱⲛ ⲙ ⲡ ⲛⲟⲩⲧⲉ"/>
		<feat xlink:href="#sSpan2820" value="ⲡ ⲛⲟⲩⲧⲉ"/>
		<feat xlink:href="#sSpan2852" value="ⲛ ⲣⲱⲙⲉ"/>
		<feat xlink:href="#sSpan2877" value="ⲛⲁⲓ"/>
		<feat xlink:href="#sSpan2884" value="ⲡ ⲙⲁⲕⲁⲣⲓⲟⲥ ⲁⲫⲟⲩ"/>
		<feat xlink:href="#sSpan2912" value="ⲡⲉ ⲡⲛⲉⲩⲙⲁ ⲉⲧ ⲟⲩⲁⲁⲃ"/>
		<feat xlink:href="#sSpan2941" value="ⲧ ⲡⲟⲗⲓⲥ"/>
		<feat xlink:href="#sSpan2967" value="ⲟⲩ ϣⲧⲏⲛ ⲙ ⲡⲗϭⲉ"/>
		<feat xlink:href="#sSpan3005" value="ⲡ ⲙⲁⲕⲁⲣⲓⲟⲥ ⲁⲡⲁ ⲁⲫⲟⲩ"/>
		<feat xlink:href="#sSpan3025" value="ⲡ ⲣⲟ ⲙ ⲡ ⲉⲡⲓⲥⲕⲟⲡⲓⲟⲛ ⲛ ϣⲟⲙⲧ ⲛ ϩⲟⲟⲩ"/>
		<feat xlink:href="#sSpan3035" value="ⲡ ⲉⲡⲓⲥⲕⲟⲡⲓⲟⲛ ⲛ ϣⲟⲙⲧ ⲛ ϩⲟⲟⲩ"/>
		<feat xlink:href="#sSpan3043" value="ⲛ ϣⲟⲙⲧ ⲛ ϩⲟⲟⲩ"/>
		<feat xlink:href="#sSpan3062" value="ⲗⲁⲁⲩ"/>
		<feat xlink:href="#sSpan3093" value="ⲡ ⲣⲱⲙⲉ ⲉϣϫⲉ ⲟⲩ ϩⲓⲇⲓⲱⲧⲏⲥ ⲡⲉ"/>
		<feat xlink:href="#sSpan3102" value="ⲟⲩ ϩⲓⲇⲓⲱⲧⲏⲥ"/>
		<feat xlink:href="#sSpan3122" value="ⲛⲁⲓ"/>
		<feat xlink:href="#sSpan3147" value="ⲟⲩⲁ ⲛ ⲛⲉ ⲕⲗⲏⲣⲓⲕⲟⲥ"/>
		<feat xlink:href="#sSpan3155" value="ⲛⲉ ⲕⲗⲏⲣⲓⲕⲟⲥ"/>
		<feat xlink:href="#sSpan3173" value="ⲧⲉϥ ϩⲩⲡⲟⲙⲟⲛⲏ"/>
		<feat xlink:href="#sSpan3192" value="ⲟⲩ ⲣⲱⲙⲉ ⲛⲧⲉ ⲡ ⲛⲟⲩⲧⲉ"/>
		<feat xlink:href="#sSpan3201" value="ⲡ ⲛⲟⲩⲧⲉ"/>
		<feat xlink:href="#sSpan3239" value="ⲡ ⲁⲣⲭⲓⲉⲡⲓⲥⲕⲟⲡⲟⲥ"/>
		<feat xlink:href="#sSpan3255" value="ⲟⲩ ⲣⲱⲙⲉ ⲛ ϩⲏⲕⲉ ϩⲓⲣⲙ ⲡ ⲣⲟ ⲉ ϥ ϫⲱ ⲙⲙⲟ ⲥ"/>
		<feat xlink:href="#sSpan3270" value="ⲡ ⲣⲟ"/>
		<feat xlink:href="#sSpan3365" value="ϩⲃⲥⲱ"/>
		<feat xlink:href="#sSpan3420" value="ⲡ ⲛⲟⲩⲧⲉ"/>
		<feat xlink:href="#sSpan3484" value="ⲡⲉϥ ⲙⲧⲟ ⲉⲃⲟⲗ"/>
		<feat xlink:href="#sSpan3507" value="ⲧ ⲁⲓⲧⲓⲁ"/>
		<feat xlink:href="#sSpan3531" value="ⲡⲁ ϫⲟⲉⲓⲥ ⲡ ⲉⲡⲓⲥⲕⲟⲡⲟⲥ"/>
		<feat xlink:href="#sSpan3552" value="ⲡ ϣⲁϫⲉ ⲙ ⲡⲉϥ ϩⲙϩⲁⲗ"/>
		<feat xlink:href="#sSpan3561" value="ⲡⲉϥ ϩⲙϩⲁⲗ"/>
		<feat xlink:href="#sSpan3570" value="ⲟⲩ ⲁⲅⲁⲡⲏ"/>
		<feat xlink:href="#sSpan3580" value="ⲟⲩ ⲁⲛⲟⲭⲏ"/>
		<feat xlink:href="#sSpan3623" value="ⲡ ⲙⲁⲕⲁⲣⲓⲟⲥ ⲁⲡⲁ ⲁⲫⲟⲩ"/>
		<feat xlink:href="#sSpan3651" value="ⲧ ⲙⲛⲧⲭⲣⲓⲥⲧⲟⲥ ⲛ ⲧⲉⲕ ⲯⲩⲭⲏ"/>
		<feat xlink:href="#sSpan3663" value="ⲧⲉⲕ ⲯⲩⲭⲏ"/>
		<feat xlink:href="#sSpan3675" value="ⲟⲩ ⲣⲱⲙⲉ ⲛ ⲣⲉϥϫⲓϣⲟϫⲛⲉ ⲉⲧⲃⲉ ⲡⲁⲓ"/>
		<feat xlink:href="#sSpan3685" value="ⲣⲉϥϫⲓϣⲟϫⲛⲉ"/>
		<feat xlink:href="#sSpan3696" value="ⲡⲁⲓ"/>
		<feat xlink:href="#sSpan3715" value="ⲧⲉⲕ ⲙⲛⲧⲛⲟϭ"/>
		<feat xlink:href="#sSpan3734" value="ⲛ ⲅⲛⲁϣⲉⲥ ⲡ ϣⲁϫⲉ ⲁⲛ ⲛ ⲧ ⲙⲛⲧⲉⲩⲥⲉⲃⲏⲥ"/>
		<feat xlink:href="#sSpan3751" value="ⲧ ⲙⲛⲧⲉⲩⲥⲉⲃⲏⲥ"/>
		<feat xlink:href="#sSpan3793" value="ⲟⲩ ⲣⲱⲙⲉ ⲛ ϩⲏⲕⲉ ⲉⲧⲉ ⲁⲛⲟⲕ ⲡⲉ"/>
		<feat xlink:href="#sSpan3817" value="ⲑⲉⲟⲫⲓⲗⲟⲥ ⲇⲉ ⲡ ⲁⲣⲭⲓⲉⲡⲓⲥⲕⲟⲡⲟⲥ"/>
		<feat xlink:href="#sSpan3859" value="ⲁⲧⲛⲟⲩⲧⲉ"/>
		<feat xlink:href="#sSpan3865" value="ⲡ ⲉⲧ ⲛⲁ ⲣ ⲁⲧϩⲏⲧ ⲛ ⲧⲉⲓ ϩⲉ"/>
		<feat xlink:href="#sSpan3877" value="ⲁⲧϩⲏⲧ ⲛ ⲧⲉⲓ ϩⲉ"/>
		<feat xlink:href="#sSpan3900" value="ⲟⲩ ϣⲁϫⲉ"/>
		<feat xlink:href="#sSpan3915" value="ⲡ ⲛⲟⲩⲧⲉ"/>
		<feat xlink:href="#sSpan3924" value="ⲗⲁⲁⲩ ⲛ ϩⲱⲃ"/>
		<feat xlink:href="#sSpan3950" value="ⲁⲫⲟⲩ"/>
		<feat xlink:href="#sSpan3959" value="ⲡⲁ ϫⲟⲉⲓⲥ"/>
		<feat xlink:href="#sSpan3965" value="ⲡ ⲉⲡⲓⲥⲕⲟⲡⲟⲥ"/>
		<feat xlink:href="#sSpan3996" value="ⲡⲉⲓ ⲙⲁ ⲙ ⲡ ϩⲓⲥⲟⲛ ⲙ ⲡ ⲧⲁϣⲉⲟⲉⲓϣ"/>
		<feat xlink:href="#sSpan4005" value="ⲡ ϩⲓⲥⲟⲛ ⲙ ⲡ ⲧⲁϣⲉⲟⲉⲓϣ"/>
		<feat xlink:href="#sSpan4015" value="ⲡ ⲧⲁϣⲉⲟⲉⲓϣ"/>
		<feat xlink:href="#sSpan4040" value="ⲩ ⲗⲉⲝⲓⲥ"/>
		<feat xlink:href="#sSpan4069" value="ⲛⲉ ⲅⲣⲁⲫⲏ ⲛ ⲛⲓϥⲉ ⲛⲧⲉ ⲡ ⲛⲟⲩⲧⲉ"/>
		<feat xlink:href="#sSpan4079" value="ⲛⲓϥⲉ ⲛⲧⲉ ⲡ ⲛⲟⲩⲧⲉ"/>
		<feat xlink:href="#sSpan4086" value="ⲡ ⲛⲟⲩⲧⲉ"/>
		<feat xlink:href="#sSpan4161" value="ⲧⲁ ⲛ ⲥⲩⲛⲅⲣⲁⲫⲉⲩⲥ"/>
		<feat xlink:href="#sSpan4164" value="ⲛ ⲥⲩⲛⲅⲣⲁⲫⲉⲩⲥ"/>
		<feat xlink:href="#sSpan4184" value="ⲧⲁⲓ ⲛⲧ ⲁ ϩⲁϩ ϩⲛ ⲛ ⲉⲩⲥⲉⲃⲏⲥ ϫⲓϫⲣⲟⲡ ⲉⲧⲃⲏⲏⲧ ⲥ"/>
		<feat xlink:href="#sSpan4194" value="ϩⲁϩ ϩⲛ ⲛ ⲉⲩⲥⲉⲃⲏⲥ"/>
		<feat xlink:href="#sSpan4201" value="ⲛ ⲉⲩⲥⲉⲃⲏⲥ"/>
		<feat xlink:href="#sSpan4236" value="ϩⲏⲧ"/>
		<feat xlink:href="#sSpan4269" value="ⲁⲡⲁ ⲑⲉⲟⲫⲓⲗⲟⲥ ⲡ ⲁⲣⲭⲓⲉⲡⲓⲥⲕⲟⲡⲟⲥ"/>
		<feat xlink:href="#sSpan4296" value="ⲡ ϩⲓⲥⲟⲛ ⲙ ⲡ ⲧⲁϣⲉⲟⲉⲓϣ"/>
		<feat xlink:href="#sSpan4306" value="ⲡ ⲧⲁϣⲉⲟⲉⲓϣ"/>
		<feat xlink:href="#sSpan4350" value="ⲧ ⲗⲉⲝⲓⲥ ⲉⲧ ⲙⲙⲁⲩ"/>
		<feat xlink:href="#sSpan4386" value="ⲁⲡⲁ ⲁⲫⲟⲩ"/>
		<feat xlink:href="#sSpan4467" value="ⲣⲱⲙⲉ ⲧⲏⲣ ⲟⲩ ϩⲛ ⲧ ϩⲓⲕⲱⲛ ⲙ ⲡ ⲛⲟⲩⲧⲉ"/>
		<feat xlink:href="#sSpan4480" value="ⲧ ϩⲓⲕⲱⲛ ⲙ ⲡ ⲛⲟⲩⲧⲉ"/>
		<feat xlink:href="#sSpan4490" value="ⲡ ⲛⲟⲩⲧⲉ"/>
		<feat xlink:href="#sSpan4512" value="ⲡ ⲁⲣⲭⲓⲉⲡⲓⲥⲕⲟⲡⲟⲥ"/>
		<feat xlink:href="#sSpan4547" value="ⲧⲉⲓ ⲗⲉⲝⲓⲥ"/>
		<feat xlink:href="#sSpan4561" value="ⲕⲉ ⲗⲁⲁⲩ"/>
		<feat xlink:href="#sSpan4600" value="ⲁⲡⲁ ⲁⲫⲟⲩ"/>
		<feat xlink:href="#sSpan4684" value="ⲡ ⲁⲣⲭⲓⲉⲡⲓⲥⲕⲟⲡⲟⲥ"/>
		<feat xlink:href="#sSpan4723" value="ⲟⲩ ⲉϭⲱϣ"/>
		<feat xlink:href="#sSpan4732" value="ⲑⲓⲕⲱⲛ ⲧⲉ ⲙ ⲡ ⲛⲟⲩⲧⲉ"/>
		<feat xlink:href="#sSpan4743" value="ⲡ ⲛⲟⲩⲧⲉ"/>
		<feat xlink:href="#sSpan4758" value="ⲟⲩⲁ ⲉ ϥ ⲥⲟⲃϩ ⲏ ⲟⲩ ϭⲁⲗⲉ ⲏ ⲟⲩ ⲃⲗⲗⲉ"/>
		<feat xlink:href="#sSpan4774" value="ⲟⲩ ϭⲁⲗⲉ"/>
		<feat xlink:href="#sSpan4786" value="ⲟⲩ ⲃⲗⲗⲉ"/>
		<feat xlink:href="#sSpan4809" value="ⲡ ⲙⲁⲕⲁⲣⲓⲟⲥ ⲁⲡⲁ ⲁⲫⲟⲩ"/>
		<feat xlink:href="#sSpan4871" value="ⲡⲉ ⲛⲧ ⲁ ϥ ϫⲟⲟ ⲥ"/>
		<feat xlink:href="#sSpan4888" value="ⲙⲁⲣⲛ"/>
		<feat xlink:href="#sSpan4897" value="ⲟⲩ ⲣⲱⲙⲉ ⲕⲁⲧⲁ ⲡⲉⲛ ⲉⲓⲛⲉ"/>
		<feat xlink:href="#sSpan4907" value="ⲡⲉⲛ ⲉⲓⲛⲉ"/>
		<feat xlink:href="#sSpan4916" value="ⲧⲉⲛ ϩⲓⲕⲱⲛ"/>
		<feat xlink:href="#sSpan4939" value="ⲡ ⲁⲣⲭⲓⲉⲡⲓⲥⲕⲟⲡⲟⲥ"/>
		<feat xlink:href="#sSpan4976" value="ⲡⲁⲓ"/>
		<feat xlink:href="#sSpan4984" value="ⲁⲇⲁⲙ"/>
		<feat xlink:href="#sSpan5012" value="ⲡⲉϥ ⲉⲓⲛⲉ ⲙⲛ ⲧⲉϥ ϩⲓⲕⲱⲛ ⲛ ϣⲏⲣⲉ ⲇⲉ ⲛⲧ ⲁ ϥ ϫⲡⲟ ⲟⲩ ⲙⲛⲛⲥⲱ ϥ"/>
		<feat xlink:href="#sSpan5021" value="ⲧⲉϥ ϩⲓⲕⲱⲛ ⲛ ϣⲏⲣⲉ"/>
		<feat xlink:href="#sSpan5031" value="ϣⲏⲣⲉ"/>
		<feat xlink:href="#sSpan5093" value="ⲁⲡⲁ ⲁⲫⲟⲩ"/>
		<feat xlink:href="#sSpan5119" value="ⲕⲁⲓⲙⲏⲛ ⲙⲛⲛⲥⲁ ⲧⲣⲉ ⲡ ⲛⲟⲩⲧⲉ ⲥⲙⲛ ⲇⲓⲁⲑⲏⲕⲏ ⲙⲛ ⲛⲱϩⲉ ⲙⲛⲛⲥⲁ ⲡ ⲕⲁⲧⲁⲕⲗⲩⲥⲙⲟⲥ"/>
		<feat xlink:href="#sSpan5128" value="ⲡ ⲛⲟⲩⲧⲉ"/>
		<feat xlink:href="#sSpan5138" value="ⲇⲓⲁⲑⲏⲕⲏ"/>
		<feat xlink:href="#sSpan5146" value="ⲛⲱϩⲉ"/>
		<feat xlink:href="#sSpan5153" value="ⲡ ⲕⲁⲧⲁⲕⲗⲩⲥⲙⲟⲥ"/>
		<feat xlink:href="#sSpan5179" value="ⲡ ⲉⲧ ⲛⲁ ⲡⲱϩⲧ ⲉⲃⲟⲗ ⲛ ⲟⲩ ⲥⲛⲟϥ ⲛ ⲣⲱⲙⲉ"/>
		<feat xlink:href="#sSpan5197" value="ⲟⲩ ⲥⲛⲟϥ ⲛ ⲣⲱⲙⲉ"/>
		<feat xlink:href="#sSpan5226" value="ⲡⲉϥ ⲙⲁ"/>
		<feat xlink:href="#sSpan5245" value="ⲡ ⲣⲱⲙⲉ ϩⲛ ⲧ ϩⲓⲕⲱⲛ ⲙ ⲡ ⲛⲟⲩⲧⲉ"/>
		<feat xlink:href="#sSpan5254" value="ⲧ ϩⲓⲕⲱⲛ ⲙ ⲡ ⲛⲟⲩⲧⲉ"/>
		<feat xlink:href="#sSpan5264" value="ⲡ ⲛⲟⲩⲧⲉ"/>
		<feat xlink:href="#sSpan5278" value="ⲡ ⲁⲣⲭⲓⲉⲡⲓⲥⲕⲟⲡⲟⲥ"/>
		<feat xlink:href="#sSpan5306" value="ⲩ ⲣⲱⲙⲉ ⲛ ⲣⲉϥϣⲱⲛⲉ ⲛ ⲣⲉϥϣⲡϩⲓⲥⲉ"/>
		<feat xlink:href="#sSpan5316" value="ⲣⲉϥϣⲱⲛⲉ ⲛ ⲣⲉϥϣⲡϩⲓⲥⲉ"/>
		<feat xlink:href="#sSpan5325" value="ⲣⲉϥϣⲡϩⲓⲥⲉ"/>
		<feat xlink:href="#sSpan5345" value="ⲧ ϩⲓⲕⲱⲛ ⲙ ⲡ ⲛⲟⲩⲧⲉ ⲛ ⲁⲡⲁⲑⲏⲥ ⲛ ⲉⲩⲧⲏⲗⲉⲥ"/>
		<feat xlink:href="#sSpan5355" value="ⲡ ⲛⲟⲩⲧⲉ ⲛ ⲁⲡⲁⲑⲏⲥ ⲛ ⲉⲩⲧⲏⲗⲉⲥ"/>
		<feat xlink:href="#sSpan5364" value="ⲁⲡⲁⲑⲏⲥ ⲛ ⲉⲩⲧⲏⲗⲉⲥ"/>
		<feat xlink:href="#sSpan5371" value="ⲉⲩⲧⲏⲗⲉⲥ"/>
		<feat xlink:href="#sSpan5426" value="ⲡ ⲟⲩⲟⲉⲓⲛ ⲙ ⲙⲉ ⲉⲧⲉ ⲙⲉⲣⲉ ⲗⲁⲁⲩ ϫⲟⲟⲃⲉ ϥ"/>
		<feat xlink:href="#sSpan5443" value="ⲗⲁⲁⲩ"/>
		<feat xlink:href="#sSpan5499" value="ⲡ ⲥⲱⲙⲁ ⲙ ⲡⲉ ⲭⲣⲓⲥⲧⲟⲥ ⲉⲧ ⲛ ϫⲓ ⲙⲙⲟ ϥ"/>
		<feat xlink:href="#sSpan5509" value="ⲡⲉ ⲭⲣⲓⲥⲧⲟⲥ ⲉⲧ ⲛ ϫⲓ ⲙⲙⲟ ϥ"/>
		<feat xlink:href="#sSpan5543" value="ⲛ ⲓⲟⲩⲇⲁⲓ"/>
		<feat xlink:href="#sSpan5593" value="ⲟⲩ ⲟⲉⲓⲕ"/>
		<feat xlink:href="#sSpan5605" value="ⲡ ⲕⲁϩ"/>
		<feat xlink:href="#sSpan5642" value="ⲟⲩ ϩⲁⲥⲉ ⲙⲛⲛⲥⲱ ⲥ"/>
		<feat xlink:href="#sSpan5686" value="ⲡⲁⲓ"/>
		<feat xlink:href="#sSpan5695" value="ⲡ ⲥⲱⲙⲁ ⲙ ⲡ ϫⲟⲉⲓⲥ"/>
		<feat xlink:href="#sSpan5705" value="ⲡ ϫⲟⲉⲓⲥ"/>
		<feat xlink:href="#sSpan5719" value="ⲡ ⲁⲣⲭⲓⲉⲡⲓⲥⲕⲟⲡⲟⲥ"/>
		<feat xlink:href="#sSpan5749" value="ⲟⲩ ⲟⲉⲓⲕ"/>
		<feat xlink:href="#sSpan5784" value="ⲡⲉ ⲑⲩⲥⲓⲁⲥⲧⲏⲣⲓⲟⲛ"/>
		<feat xlink:href="#sSpan5797" value="ⲡ ⲧⲣⲉ ⲛⲧ ⲁⲗⲟ ϥ ⲉϫⲙ ⲡⲉ ⲑⲩⲥⲓⲁⲥⲧⲩⲣⲓⲟⲛ"/>
		<feat xlink:href="#sSpan5812" value="ⲡⲉ ⲑⲩⲥⲓⲁⲥⲧⲩⲣⲓⲟⲛ"/>
		<feat xlink:href="#sSpan5831" value="ⲡ ⲛⲟⲩⲧⲉ"/>
		<feat xlink:href="#sSpan5846" value="ⲡ ⲟⲉⲓⲕ"/>
		<feat xlink:href="#sSpan5871" value="ⲥⲱⲙⲁ ⲙ ⲡⲉ ⲭⲣⲓⲥⲧⲟⲥ"/>
		<feat xlink:href="#sSpan5878" value="ⲡⲉ ⲭⲣⲓⲥⲧⲟⲥ"/>
		<feat xlink:href="#sSpan5892" value="ⲡ ⲁⲡⲟⲧ"/>
		<feat xlink:href="#sSpan5905" value="ⲥⲛⲟϥ"/>
		<feat xlink:href="#sSpan5933" value="ⲛⲉϥ ⲙⲁⲑⲏⲧⲏⲥ"/>
		<feat xlink:href="#sSpan5953" value="ⲡⲁⲓ"/>
		<feat xlink:href="#sSpan5962" value="ⲡⲁ ⲥⲱⲙⲁ"/>
		<feat xlink:href="#sSpan5974" value="ⲡⲁ ⲥⲛⲟϥ"/>
		<feat xlink:href="#sSpan6004" value="ⲁⲡⲁ ⲁⲫⲟⲩ"/>
		<feat xlink:href="#sSpan6032" value="ⲟⲩ ⲁⲛⲁⲅⲕⲁⲓⲟⲛ ⲡⲉ ⲉ ⲡⲓⲥⲧⲉⲩⲉ ⲉ ⲡⲁⲓ"/>
		<feat xlink:href="#sSpan6053" value="ⲡⲁⲓ"/>
		<feat xlink:href="#sSpan6058" value="ⲟⲩ ⲁⲛⲁⲅⲕⲁⲓⲟⲛ ⲡⲉ ⲉ ⲡⲓⲥⲧⲉⲩⲉ ⲉ ⲧⲉϥ ⲉⲝⲟⲩⲥⲓⲁ ϫⲉ ⲛⲧ ⲁ ⲩ ⲧⲁⲙⲓⲉ ⲡ ⲣⲱⲙⲉ ⲕⲁⲧⲁ ⲡⲓⲛⲉ ⲙⲛ ⲧ ϩⲓⲕⲱⲛ ⲙ ⲡ ⲛⲟⲩⲧⲉ"/>
		<feat xlink:href="#sSpan6079" value="ⲧⲉϥ ⲉⲝⲟⲩⲥⲓⲁ ϫⲉ ⲛⲧ ⲁ ⲩ ⲧⲁⲙⲓⲉ ⲡ ⲣⲱⲙⲉ ⲕⲁⲧⲁ ⲡⲓⲛⲉ ⲙⲛ ⲧ ϩⲓⲕⲱⲛ ⲙ ⲡ ⲛⲟⲩⲧⲉ"/>
		<feat xlink:href="#sSpan6099" value="ⲡ ⲣⲱⲙⲉ ⲕⲁⲧⲁ ⲡⲓⲛⲉ"/>
		<feat xlink:href="#sSpan6109" value="ⲡⲓⲛⲉ"/>
		<feat xlink:href="#sSpan6116" value="ⲧ ϩⲓⲕⲱⲛ ⲙ ⲡ ⲛⲟⲩⲧⲉ"/>
		<feat xlink:href="#sSpan6126" value="ⲡ ⲛⲟⲩⲧⲉ"/>
		<feat xlink:href="#sSpan6133" value="ⲡ ⲉⲛⲧ ⲁ ϥ ϫⲟⲟ ⲥ ⲅⲁⲣ"/>
		<feat xlink:href="#sSpan6167" value="ⲡ ⲟⲉⲓⲕ ⲛⲧ ⲁ ϥ ⲉⲓ ⲉⲃⲟⲗ ϩⲛ ⲧ ⲡⲉ"/>
		<feat xlink:href="#sSpan6191" value="ⲧ ⲡⲉ"/>
		<feat xlink:href="#sSpan6207" value="ⲡ ⲉⲛⲧ ⲁ ϥ ϫⲟⲟ ⲥ"/>
		<feat xlink:href="#sSpan6226" value="ⲡ ⲉⲧ ⲛⲁ ⲡⲱϩⲧ ⲉⲃⲟⲗ ⲛ ⲟⲩ ⲥⲛⲟϥ ⲛ ⲣⲱⲙⲉ"/>
		<feat xlink:href="#sSpan6244" value="ⲟⲩ ⲥⲛⲟϥ ⲛ ⲣⲱⲙⲉ"/>
		<feat xlink:href="#sSpan6273" value="ⲡⲉϥ ⲙⲁ"/>
		<feat xlink:href="#sSpan6292" value="ⲡ ⲣⲱⲙⲉ"/>
		<feat xlink:href="#sSpan6303" value="ⲧ ϩⲓⲕⲱⲛ ⲙ ⲡ ⲛⲟⲩⲧⲉ"/>
		<feat xlink:href="#sSpan6313" value="ⲡ ⲛⲟⲩⲧⲉ"/>
		<feat xlink:href="#sSpan6326" value="ⲡ ⲉⲟⲟⲩ"/>
		<feat xlink:href="#sSpan6340" value="ⲡ ⲙⲉⲅⲉⲑⲟⲥ ⲛ ⲛⲟⲩⲧⲉ ⲡⲁⲓ ⲉ ⲙⲙⲛ ϣϭⲟⲙ ⲉ ⲧⲣⲉ ⲗⲁⲁⲩ ⲛⲁ ⲩ ⲉⲣⲟ ϥ ⲉⲧⲃⲉ ⲡⲉϥ ⲟⲩⲟⲉⲓⲛ ⲛ ⲁⲧⲧⲁϩⲟ ⲁⲩⲱ ⲉⲧⲃⲉ ⲧ ⲙⲛⲧϭⲱⲃ ⲛ ⲧ ⲙⲛⲧⲉⲩⲧⲉⲗⲏⲥ ⲙ ⲡ ⲣⲱⲙⲉ ⲕⲁⲧⲁ ⲛ ϭⲱϫⲃ ⲛ ⲧⲉ ⲫⲩⲥⲓⲥ ⲉⲧ ⲛ ⲥⲟⲟⲩⲛ ⲙⲙⲟ ⲟⲩ"/>
		<feat xlink:href="#sSpan6350" value="ⲛⲟⲩⲧⲉ"/>
		<feat xlink:href="#sSpan6364" value="ϣϭⲟⲙ"/>
		<feat xlink:href="#sSpan6374" value="ⲗⲁⲁⲩ"/>
		<feat xlink:href="#sSpan6393" value="ⲡⲉϥ ⲟⲩⲟⲉⲓⲛ ⲛ ⲁⲧⲧⲁϩⲟ"/>
		<feat xlink:href="#sSpan6403" value="ⲁⲧⲧⲁϩⲟ"/>
		<feat xlink:href="#sSpan6415" value="ⲧ ⲙⲛⲧϭⲱⲃ ⲛ ⲧ ⲙⲛⲧⲉⲩⲧⲉⲗⲏⲥ ⲙ ⲡ ⲣⲱⲙⲉ ⲕⲁⲧⲁ ⲛ ϭⲱϫⲃ ⲛ ⲧⲉ ⲫⲩⲥⲓⲥ ⲉⲧ ⲛ ⲥⲟⲟⲩⲛ ⲙⲙⲟ ⲟⲩ"/>
		<feat xlink:href="#sSpan6426" value="ⲧ ⲙⲛⲧⲉⲩⲧⲉⲗⲏⲥ ⲙ ⲡ ⲣⲱⲙⲉ"/>
		<feat xlink:href="#sSpan6437" value="ⲡ ⲣⲱⲙⲉ"/>
		<feat xlink:href="#sSpan6447" value="ⲛ ϭⲱϫⲃ ⲛ ⲧⲉ ⲫⲩⲥⲓⲥ ⲉⲧ ⲛ ⲥⲟⲟⲩⲛ ⲙⲙⲟ ⲟⲩ"/>
		<feat xlink:href="#sSpan6456" value="ⲧⲉ ⲫⲩⲥⲓⲥ ⲉⲧ ⲛ ⲥⲟⲟⲩⲛ ⲙⲙⲟ ⲟⲩ"/>
		<feat xlink:href="#sSpan6484" value="ⲛ ⲙⲉⲉⲩⲉ ⲛ ⲧⲉⲓ ϩⲉ"/>
		<feat xlink:href="#sSpan6511" value="ⲟⲩ ⲣⲣⲟ"/>
		<feat xlink:href="#sSpan6539" value="ⲟⲩ ϩⲓⲕⲱⲛ"/>
		<feat xlink:href="#sSpan6558" value="ⲟⲩⲟⲛ ⲛⲓⲙ"/>
		<feat xlink:href="#sSpan6580" value="ⲑⲓⲕⲱⲛ ⲙ ⲡ ⲣⲣⲟ"/>
		<feat xlink:href="#sSpan6587" value="ⲡ ⲣⲣⲟ"/>
		<feat xlink:href="#sSpan6603" value="ⲙⲁ"/>
		<feat xlink:href="#sSpan6631" value="ⲟⲩ ϣⲉ"/>
		<feat xlink:href="#sSpan6644" value="ϩⲉⲛ ⲡⲁϩⲣⲉ"/>
		<feat xlink:href="#sSpan6663" value="ⲛ ϣⲁⲁⲛⲧⲥ"/>
		<feat xlink:href="#sSpan6692" value="ⲡ ⲣⲱⲙⲉ"/>
		<feat xlink:href="#sSpan6707" value="ⲛⲉⲥ ⲙⲁⲁϫⲉ ⲛ ⲧ ϩⲉ ⲛ ⲛⲁ ⲡ ϩⲟ ⲙ ⲡ ⲣⲣⲟ"/>
		<feat xlink:href="#sSpan6726" value="ⲡ ϩⲟ ⲙ ⲡ ⲣⲣⲟ"/>
		<feat xlink:href="#sSpan6735" value="ⲡ ⲣⲣⲟ"/>
		<feat xlink:href="#sSpan6806" value="ⲗⲁⲁⲩ"/>
		<feat xlink:href="#sSpan6837" value="ⲧ ⲁⲡⲟⲫⲁⲥⲓⲥ ⲙ ⲡ ⲣⲣⲟ"/>
		<feat xlink:href="#sSpan6847" value="ⲡ ⲣⲣⲟ"/>
		<feat xlink:href="#sSpan6868" value="ⲧⲁⲓ"/>
		<feat xlink:href="#sSpan6875" value="ⲧⲁ ϩⲓⲕⲱⲛ"/>
		<feat xlink:href="#sSpan6901" value="ⲟⲩⲁ"/>
		<feat xlink:href="#sSpan6926" value="ⲛ ⲑⲓⲕⲱⲛ ⲁⲛ ⲧⲉ ⲙ ⲡ ⲣⲣⲟ"/>
		<feat xlink:href="#sSpan6943" value="ⲡ ⲣⲣⲟ"/>
		<feat xlink:href="#sSpan6987" value="ⲛ ⲉⲝⲟⲩⲥⲓⲁ"/>
		<feat xlink:href="#sSpan7011" value="ⲉⲟⲟⲩ ⲛ ϩⲉⲛ ⲡⲁϭⲉ ⲛ ϣⲉ"/>
		<feat xlink:href="#sSpan7018" value="ϩⲉⲛ ⲡⲁϭⲉ ⲛ ϣⲉ"/>
		<feat xlink:href="#sSpan7027" value="ϣⲉ"/>
		<feat xlink:href="#sSpan7034" value="ϩⲉⲛ ⲡⲁϩⲣⲉ"/>
		<feat xlink:href="#sSpan7043" value="ⲧ ϩⲟⲧⲉ ⲙ ⲡ ⲣⲣⲟ"/>
		<feat xlink:href="#sSpan7052" value="ⲡ ⲣⲣⲟ"/>
		<feat xlink:href="#sSpan7069" value="ⲛⲁⲓ"/>
		<feat xlink:href="#sSpan7084" value="ⲟⲩ ϩⲓⲕⲱⲛ ⲉ ⲙⲛ ⲡⲛⲉⲩⲙⲁ ⲙⲙⲟ ⲥ"/>
		<feat xlink:href="#sSpan7097" value="ⲡⲛⲉⲩⲙⲁ"/>
		<feat xlink:href="#sSpan7127" value="ⲁⲥⲩⲛⲑⲉⲧⲟⲥ ⲡ ⲟⲥⲟ"/>
		<feat xlink:href="#sSpan7151" value="ⲡⲉ ⲡⲛⲉⲩⲙⲁ ⲙ ⲡ ⲛⲟⲩⲧⲉ"/>
		<feat xlink:href="#sSpan7161" value="ⲡ ⲛⲟⲩⲧⲉ"/>
		<feat xlink:href="#sSpan7200" value="ⲛ ⲍⲱⲟⲛ ⲧⲏⲣ ⲟⲩ ⲉⲧ ϩⲓϫⲙ ⲡ ⲕⲁϩ"/>
		<feat xlink:href="#sSpan7210" value="ⲟⲩ"/>
		<feat xlink:href="#sSpan7219" value="ⲡ ⲕⲁϩ"/>
		<feat xlink:href="#sSpan7232" value="ⲧ ⲇⲓⲁⲫⲟⲣⲁ"/>
		<feat xlink:href="#sSpan7255" value="ⲛ ⲁⲩⲁⲛ"/>
		<feat xlink:href="#sSpan7264" value="ⲛ ϭⲱϫⲃ ⲉⲧ ⲛϩⲏⲧ ⲛ"/>
		<feat xlink:href="#sSpan7285" value="ⲥⲓⲥ"/>
		<feat xlink:href="#sSpan7298" value="ⲡⲉⲛ ⲟⲩϫⲁⲓ"/>
		<feat xlink:href="#sSpan7321" value="ⲗⲁⲁⲩ ⲛ ⲛⲁⲓ ⲉⲥⲉ"/>
		<feat xlink:href="#sSpan7328" value="ⲛⲁⲓ ⲉⲥⲉ"/>
		<feat xlink:href="#sSpan7339" value="ⲡ ⲉⲟⲟⲩ ⲛⲧ ⲁ ⲡ ⲛⲟⲩⲧⲉ ⲧⲁⲁ ϥ ⲛⲁ ⲛ ⲕⲁⲧⲁ ⲧ ϩⲉ ⲉⲧⲉⲣⲉ ⲡⲁⲩⲗⲟⲥ ϫⲱ ⲙⲙⲟ ⲥ"/>
		<feat xlink:href="#sSpan7350" value="ⲡ ⲛⲟⲩⲧⲉ"/>
		<feat xlink:href="#sSpan7382" value="ⲡⲁⲩⲗⲟⲥ"/>
		<feat xlink:href="#sSpan7399" value="ⲡ ϩⲟⲟⲩⲧ"/>
		<feat xlink:href="#sSpan7439" value="ⲧⲉϥ ⲁⲡⲉ"/>
		<feat xlink:href="#sSpan7465" value="ⲛⲉⲓ ϣⲁϫⲉ"/>
		<feat xlink:href="#sSpan7475" value="ⲡ ⲙⲁⲕⲁⲣⲓⲟⲥ ⲛ ⲁⲣⲭⲓⲉⲡⲓⲥⲕⲟⲡⲟⲥ"/>
		<feat xlink:href="#sSpan7514" value="ⲡⲉϥ ⲙⲁⲕϩ"/>
		<feat xlink:href="#sSpan7554" value="ⲧ ⲙⲛⲧⲣⲉϥϯⲥⲃⲱ"/>
		<feat xlink:href="#sSpan7576" value="ⲛ ⲉⲧ ⲏⲥⲩⲭⲁⲍⲉ ⲙⲁⲩⲁⲁ ⲩ"/>
		<feat xlink:href="#sSpan7604" value="ⲛ ⲗⲟⲅⲓⲥⲙⲟⲥ ⲙ ⲡⲉⲛ ϩⲏⲧ"/>
		<feat xlink:href="#sSpan7614" value="ⲡⲉⲛ ϩⲏⲧ"/>
		<feat xlink:href="#sSpan7662" value="ⲟⲩ ⲙⲛⲧⲁⲧⲥⲟⲟⲩⲛ"/></featList></paula>