<?xml version='1.0' encoding='UTF-8'?><!DOCTYPE paula SYSTEM "paula_feat.dtd">
<paula version="1.1">
	<header paula_id="scriptorium.life.aphou.01.mark_multiword"/>
	<featList xmlns:xlink="http://www.w3.org/1999/xlink" type="multiword" xml:base="scriptorium.life.aphou.01.mark.xml">
		<feat xlink:href="#sSpan464" value="ⲉⲃⲟⲗ ϩⲓⲧⲟⲟⲧ"/>
		<feat xlink:href="#sSpan585" value="ϭⲱ ⲉ"/>
		<feat xlink:href="#sSpan813" value="ⲙⲛⲧϣⲏⲣⲉ ϣⲏⲙ"/>
		<feat xlink:href="#sSpan965" value="ⲉⲓ ⲉⲃⲟⲗ"/>
		<feat xlink:href="#sSpan1081" value="ⲉⲓ ⲉϩⲣⲁⲓ"/>
		<feat xlink:href="#sSpan1359" value="ⲉⲃⲟⲗ ϫⲉ"/>
		<feat xlink:href="#sSpan1625" value="ⲃⲱⲕ ⲉ"/>
		<feat xlink:href="#sSpan1795" value="ⲉⲃⲟⲗ ϫⲉ"/>
		<feat xlink:href="#sSpan2049" value="ⲙⲟⲟϣⲉ ⲉ"/>
		<feat xlink:href="#sSpan2319" value="ⲉⲓ ⲉⲃⲟⲗ"/>
		<feat xlink:href="#sSpan2458" value="ⲟⲩⲟⲛ ⲛⲓⲙ"/>
		<feat xlink:href="#sSpan2625" value="ⲃⲱⲕ ϣⲁ"/>
		<feat xlink:href="#sSpan2901" value="ⲙⲟⲩϩ ⲉⲃⲟⲗ"/>
		<feat xlink:href="#sSpan3223" value="ⲃⲱⲕ ⲉϩⲟⲩⲛ"/>
		<feat xlink:href="#sSpan3690" value="ⲉⲧⲃⲉ ⲡⲁⲓ"/>
		<feat xlink:href="#sSpan3767" value="ⲉ ⲁ"/>
		<feat xlink:href="#sSpan3780" value="ⲉⲃⲟⲗ ϩⲓⲧⲟⲟⲧ"/>
		<feat xlink:href="#sSpan4120" value="ⲉⲓ ⲉⲃⲟⲗ"/>
		<feat xlink:href="#sSpan4343" value="ⲡⲱϩ ⲉ"/>
		<feat xlink:href="#sSpan4576" value="ϯ ⲛⲧⲟⲟⲧ"/>
		<feat xlink:href="#sSpan4698" value="ϩⲉ ⲉ"/>
		<feat xlink:href="#sSpan4717" value="ⲉⲧⲃⲉ ⲟⲩ"/>
		<feat xlink:href="#sSpan5063" value="ⲉⲓⲛⲉ ⲙⲙⲟ"/>
		<feat xlink:href="#sSpan5186" value="ⲡⲱϩⲧ ⲉⲃⲟⲗ"/>
		<feat xlink:href="#sSpan5598" value="ⲉ ⲁ"/>
		<feat xlink:href="#sSpan6180" value="ⲉⲓ ⲉⲃⲟⲗ"/>
		<feat xlink:href="#sSpan6233" value="ⲡⲱϩⲧ ⲉⲃⲟⲗ"/>
		<feat xlink:href="#sSpan6557" value="ⲟⲩⲟⲛ ⲛⲓⲙ"/></featList></paula>