<?xml version='1.0' encoding='UTF-8'?><!DOCTYPE paula SYSTEM "paula_feat.dtd">
<paula version="1.1">
	<header paula_id="scriptorium.life.aphou.01.mark_lang"/>
	<featList xmlns:xlink="http://www.w3.org/1999/xlink" type="lang" xml:base="scriptorium.life.aphou.01.mark.xml">
		<feat xlink:href="#sSpan10" value="Greek"/>
		<feat xlink:href="#sSpan17" value="Hebrew"/>
		<feat xlink:href="#sSpan29" value="Greek"/>
		<feat xlink:href="#sSpan41" value="Greek"/>
		<feat xlink:href="#sSpan89" value="Greek"/>
		<feat xlink:href="#sSpan117" value="Greek"/>
		<feat xlink:href="#sSpan143" value="Greek"/>
		<feat xlink:href="#sSpan212" value="Greek"/>
		<feat xlink:href="#sSpan234" value="Greek"/>
		<feat xlink:href="#sSpan262" value="Greek"/>
		<feat xlink:href="#sSpan304" value="Greek"/>
		<feat xlink:href="#sSpan314" value="Greek"/>
		<feat xlink:href="#sSpan326" value="Greek"/>
		<feat xlink:href="#sSpan331" value="Greek"/>
		<feat xlink:href="#sSpan339" value="Greek"/>
		<feat xlink:href="#sSpan346" value="Greek"/>
		<feat xlink:href="#sSpan364" value="Greek"/>
		<feat xlink:href="#sSpan487" value="Greek"/>
		<feat xlink:href="#sSpan514" value="Greek"/>
		<feat xlink:href="#sSpan610" value="Greek"/>
		<feat xlink:href="#sSpan646" value="Greek"/>
		<feat xlink:href="#sSpan659" value="Greek"/>
		<feat xlink:href="#sSpan662" value="Greek"/>
		<feat xlink:href="#sSpan684" value="Greek"/>
		<feat xlink:href="#sSpan744" value="Greek"/>
		<feat xlink:href="#sSpan754" value="Greek"/>
		<feat xlink:href="#sSpan792" value="Greek"/>
		<feat xlink:href="#sSpan828" value="Greek"/>
		<feat xlink:href="#sSpan838" value="Greek"/>
		<feat xlink:href="#sSpan861" value="Greek"/>
		<feat xlink:href="#sSpan864" value="Greek"/>
		<feat xlink:href="#sSpan984" value="Greek"/>
		<feat xlink:href="#sSpan1025" value="Greek"/>
		<feat xlink:href="#sSpan1037" value="Greek"/>
		<feat xlink:href="#sSpan1107" value="Greek"/>
		<feat xlink:href="#sSpan1130" value="Greek"/>
		<feat xlink:href="#sSpan1164" value="Greek"/>
		<feat xlink:href="#sSpan1196" value="Greek"/>
		<feat xlink:href="#sSpan1309" value="Greek"/>
		<feat xlink:href="#sSpan1312" value="Greek"/>
		<feat xlink:href="#sSpan1346" value="Greek"/>
		<feat xlink:href="#sSpan1416" value="Greek"/>
		<feat xlink:href="#sSpan1445" value="Greek"/>
		<feat xlink:href="#sSpan1573" value="Greek"/>
		<feat xlink:href="#sSpan1752" value="Greek"/>
		<feat xlink:href="#sSpan1765" value="Greek"/>
		<feat xlink:href="#sSpan1787" value="Greek"/>
		<feat xlink:href="#sSpan1832" value="Greek"/>
		<feat xlink:href="#sSpan1851" value="Greek"/>
		<feat xlink:href="#sSpan1860" value="Greek"/>
		<feat xlink:href="#sSpan1879" value="Greek"/>
		<feat xlink:href="#sSpan1912" value="Greek"/>
		<feat xlink:href="#sSpan1927" value="Greek"/>
		<feat xlink:href="#sSpan1946" value="Greek"/>
		<feat xlink:href="#sSpan1950" value="Hebrew"/>
		<feat xlink:href="#sSpan1986" value="Greek"/>
		<feat xlink:href="#sSpan2035" value="Hebrew"/>
		<feat xlink:href="#sSpan2115" value="Greek"/>
		<feat xlink:href="#sSpan2118" value="Greek"/>
		<feat xlink:href="#sSpan2195" value="Greek"/>
		<feat xlink:href="#sSpan2281" value="Greek"/>
		<feat xlink:href="#sSpan2286" value="Greek"/>
		<feat xlink:href="#sSpan2306" value="Greek"/>
		<feat xlink:href="#sSpan2343" value="Greek"/>
		<feat xlink:href="#sSpan2364" value="Greek"/>
		<feat xlink:href="#sSpan2376" value="Greek"/>
		<feat xlink:href="#sSpan2385" value="Greek"/>
		<feat xlink:href="#sSpan2408" value="Greek"/>
		<feat xlink:href="#sSpan2417" value="Greek"/>
		<feat xlink:href="#sSpan2443" value="Greek"/>
		<feat xlink:href="#sSpan2449" value="Greek"/>
		<feat xlink:href="#sSpan2480" value="Greek"/>
		<feat xlink:href="#sSpan2501" value="Greek"/>
		<feat xlink:href="#sSpan2512" value="Greek"/>
		<feat xlink:href="#sSpan2541" value="Greek"/>
		<feat xlink:href="#sSpan2558" value="Greek"/>
		<feat xlink:href="#sSpan2662" value="Greek"/>
		<feat xlink:href="#sSpan2688" value="Greek"/>
		<feat xlink:href="#sSpan2811" value="Greek"/>
		<feat xlink:href="#sSpan2837" value="Greek"/>
		<feat xlink:href="#sSpan2866" value="Greek"/>
		<feat xlink:href="#sSpan2885" value="Greek"/>
		<feat xlink:href="#sSpan2913" value="Greek"/>
		<feat xlink:href="#sSpan2932" value="Greek"/>
		<feat xlink:href="#sSpan2942" value="Greek"/>
		<feat xlink:href="#sSpan2957" value="Greek"/>
		<feat xlink:href="#sSpan2988" value="Greek"/>
		<feat xlink:href="#sSpan3006" value="Greek"/>
		<feat xlink:href="#sSpan3009" value="Hebrew"/>
		<feat xlink:href="#sSpan3036" value="Greek"/>
		<feat xlink:href="#sSpan3105" value="Greek"/>
		<feat xlink:href="#sSpan3156" value="Greek"/>
		<feat xlink:href="#sSpan3174" value="Greek"/>
		<feat xlink:href="#sSpan3183" value="Greek"/>
		<feat xlink:href="#sSpan3242" value="Greek"/>
		<feat xlink:href="#sSpan3301" value="Greek"/>
		<feat xlink:href="#sSpan3318" value="Greek"/>
		<feat xlink:href="#sSpan3333" value="Greek"/>
		<feat xlink:href="#sSpan3354" value="Greek"/>
		<feat xlink:href="#sSpan3389" value="Greek"/>
		<feat xlink:href="#sSpan3467" value="Greek"/>
		<feat xlink:href="#sSpan3508" value="Greek"/>
		<feat xlink:href="#sSpan3539" value="Greek"/>
		<feat xlink:href="#sSpan3571" value="Greek"/>
		<feat xlink:href="#sSpan3581" value="Greek"/>
		<feat xlink:href="#sSpan3624" value="Greek"/>
		<feat xlink:href="#sSpan3627" value="Hebrew"/>
		<feat xlink:href="#sSpan3656" value="Greek"/>
		<feat xlink:href="#sSpan3664" value="Greek"/>
		<feat xlink:href="#sSpan3756" value="Greek"/>
		<feat xlink:href="#sSpan3757" value="Greek"/>
		<feat xlink:href="#sSpan3822" value="Greek"/>
		<feat xlink:href="#sSpan3831" value="Greek"/>
		<feat xlink:href="#sSpan3887" value="Greek"/>
		<feat xlink:href="#sSpan3968" value="Greek"/>
		<feat xlink:href="#sSpan3971" value="Greek"/>
		<feat xlink:href="#sSpan4006" value="Greek"/>
		<feat xlink:href="#sSpan4020" value="Greek"/>
		<feat xlink:href="#sSpan4041" value="Greek"/>
		<feat xlink:href="#sSpan4056" value="Greek"/>
		<feat xlink:href="#sSpan4070" value="Greek"/>
		<feat xlink:href="#sSpan4094" value="Greek"/>
		<feat xlink:href="#sSpan4105" value="Greek"/>
		<feat xlink:href="#sSpan4131" value="Greek"/>
		<feat xlink:href="#sSpan4152" value="Greek"/>
		<feat xlink:href="#sSpan4165" value="Greek"/>
		<feat xlink:href="#sSpan4202" value="Greek"/>
		<feat xlink:href="#sSpan4217" value="Greek"/>
		<feat xlink:href="#sSpan4251" value="Greek"/>
		<feat xlink:href="#sSpan4266" value="Hebrew"/>
		<feat xlink:href="#sSpan4279" value="Greek"/>
		<feat xlink:href="#sSpan4297" value="Greek"/>
		<feat xlink:href="#sSpan4321" value="Greek"/>
		<feat xlink:href="#sSpan4324" value="Greek"/>
		<feat xlink:href="#sSpan4351" value="Greek"/>
		<feat xlink:href="#sSpan4383" value="Hebrew"/>
		<feat xlink:href="#sSpan4412" value="Greek"/>
		<feat xlink:href="#sSpan4431" value="Greek"/>
		<feat xlink:href="#sSpan4446" value="Greek"/>
		<feat xlink:href="#sSpan4481" value="Greek"/>
		<feat xlink:href="#sSpan4513" value="Greek"/>
		<feat xlink:href="#sSpan4520" value="Greek"/>
		<feat xlink:href="#sSpan4548" value="Greek"/>
		<feat xlink:href="#sSpan4597" value="Hebrew"/>
		<feat xlink:href="#sSpan4612" value="Greek"/>
		<feat xlink:href="#sSpan4685" value="Greek"/>
		<feat xlink:href="#sSpan4746" value="Greek"/>
		<feat xlink:href="#sSpan4767" value="Greek"/>
		<feat xlink:href="#sSpan4779" value="Greek"/>
		<feat xlink:href="#sSpan4810" value="Greek"/>
		<feat xlink:href="#sSpan4813" value="Hebrew"/>
		<feat xlink:href="#sSpan4900" value="Greek"/>
		<feat xlink:href="#sSpan4917" value="Greek"/>
		<feat xlink:href="#sSpan4940" value="Greek"/>
		<feat xlink:href="#sSpan4947" value="Greek"/>
		<feat xlink:href="#sSpan4950" value="Greek"/>
		<feat xlink:href="#sSpan4953" value="Greek"/>
		<feat xlink:href="#sSpan5005" value="Greek"/>
		<feat xlink:href="#sSpan5022" value="Greek"/>
		<feat xlink:href="#sSpan5032" value="Greek"/>
		<feat xlink:href="#sSpan5090" value="Hebrew"/>
		<feat xlink:href="#sSpan5135" value="Greek"/>
		<feat xlink:href="#sSpan5154" value="Greek"/>
		<feat xlink:href="#sSpan5255" value="Greek"/>
		<feat xlink:href="#sSpan5279" value="Greek"/>
		<feat xlink:href="#sSpan5336" value="Greek"/>
		<feat xlink:href="#sSpan5346" value="Greek"/>
		<feat xlink:href="#sSpan5393" value="Greek"/>
		<feat xlink:href="#sSpan5500" value="Greek"/>
		<feat xlink:href="#sSpan5510" value="Greek"/>
		<feat xlink:href="#sSpan5550" value="Greek"/>
		<feat xlink:href="#sSpan5553" value="Greek"/>
		<feat xlink:href="#sSpan5657" value="Greek"/>
		<feat xlink:href="#sSpan5696" value="Greek"/>
		<feat xlink:href="#sSpan5720" value="Greek"/>
		<feat xlink:href="#sSpan5754" value="Greek"/>
		<feat xlink:href="#sSpan5763" value="Greek"/>
		<feat xlink:href="#sSpan5785" value="Greek"/>
		<feat xlink:href="#sSpan5813" value="Greek"/>
		<feat xlink:href="#sSpan5822" value="Greek"/>
		<feat xlink:href="#sSpan5851" value="Greek"/>
		<feat xlink:href="#sSpan5868" value="Greek"/>
		<feat xlink:href="#sSpan5879" value="Greek"/>
		<feat xlink:href="#sSpan5906" value="Greek"/>
		<feat xlink:href="#sSpan5934" value="Greek"/>
		<feat xlink:href="#sSpan5965" value="Greek"/>
		<feat xlink:href="#sSpan5990" value="Greek"/>
		<feat xlink:href="#sSpan6001" value="Hebrew"/>
		<feat xlink:href="#sSpan6033" value="Greek"/>
		<feat xlink:href="#sSpan6044" value="Greek"/>
		<feat xlink:href="#sSpan6059" value="Greek"/>
		<feat xlink:href="#sSpan6070" value="Greek"/>
		<feat xlink:href="#sSpan6080" value="Greek"/>
		<feat xlink:href="#sSpan6102" value="Greek"/>
		<feat xlink:href="#sSpan6117" value="Greek"/>
		<feat xlink:href="#sSpan6148" value="Greek"/>
		<feat xlink:href="#sSpan6304" value="Greek"/>
		<feat xlink:href="#sSpan6329" value="Greek"/>
		<feat xlink:href="#sSpan6341" value="Greek"/>
		<feat xlink:href="#sSpan6440" value="Greek"/>
		<feat xlink:href="#sSpan6457" value="Greek"/>
		<feat xlink:href="#sSpan6522" value="Greek"/>
		<feat xlink:href="#sSpan6540" value="Greek"/>
		<feat xlink:href="#sSpan6563" value="Greek"/>
		<feat xlink:href="#sSpan6604" value="Greek"/>
		<feat xlink:href="#sSpan6647" value="Greek"/>
		<feat xlink:href="#sSpan6656" value="Greek"/>
		<feat xlink:href="#sSpan6695" value="Greek"/>
		<feat xlink:href="#sSpan6738" value="Greek"/>
		<feat xlink:href="#sSpan6838" value="Greek"/>
		<feat xlink:href="#sSpan6878" value="Greek"/>
		<feat xlink:href="#sSpan6881" value="Greek"/>
		<feat xlink:href="#sSpan6890" value="Greek"/>
		<feat xlink:href="#sSpan6902" value="Greek"/>
		<feat xlink:href="#sSpan6911" value="Greek"/>
		<feat xlink:href="#sSpan6974" value="Greek"/>
		<feat xlink:href="#sSpan6988" value="Greek"/>
		<feat xlink:href="#sSpan7085" value="Greek"/>
		<feat xlink:href="#sSpan7094" value="Greek"/>
		<feat xlink:href="#sSpan7104" value="Greek"/>
		<feat xlink:href="#sSpan7134" value="Greek"/>
		<feat xlink:href="#sSpan7152" value="Greek"/>
		<feat xlink:href="#sSpan7176" value="Greek"/>
		<feat xlink:href="#sSpan7191" value="Greek"/>
		<feat xlink:href="#sSpan7201" value="Greek"/>
		<feat xlink:href="#sSpan7233" value="Greek"/>
		<feat xlink:href="#sSpan7236" value="Greek"/>
		<feat xlink:href="#sSpan7310" value="Greek"/>
		<feat xlink:href="#sSpan7365" value="Greek"/>
		<feat xlink:href="#sSpan7379" value="Greek"/>
		<feat xlink:href="#sSpan7404" value="Greek"/>
		<feat xlink:href="#sSpan7454" value="Greek"/>
		<feat xlink:href="#sSpan7476" value="Greek"/>
		<feat xlink:href="#sSpan7483" value="Greek"/>
		<feat xlink:href="#sSpan7536" value="Greek"/>
		<feat xlink:href="#sSpan7543" value="Greek"/>
		<feat xlink:href="#sSpan7595" value="Greek"/>
		<feat xlink:href="#sSpan7605" value="Greek"/>
		<feat xlink:href="#sSpan7627" value="Greek"/></featList></paula>