<?xml version='1.0' encoding='UTF-8'?><!DOCTYPE paula SYSTEM "paula_feat.dtd">
<paula version="1.1">
	<header paula_id="scriptorium.life.aphou.01.mark_new_sent"/>
	<featList xmlns:xlink="http://www.w3.org/1999/xlink" type="new_sent" xml:base="scriptorium.life.aphou.01.mark.xml">
		<feat xlink:href="#sSpan1" value="true"/>
		<feat xlink:href="#sSpan73" value="true"/>
		<feat xlink:href="#sSpan126" value="true"/>
		<feat xlink:href="#sSpan166" value="true"/>
		<feat xlink:href="#sSpan350" value="true"/>
		<feat xlink:href="#sSpan471" value="true"/>
		<feat xlink:href="#sSpan650" value="true"/>
		<feat xlink:href="#sSpan707" value="true"/>
		<feat xlink:href="#sSpan849" value="true"/>
		<feat xlink:href="#sSpan947" value="true"/>
		<feat xlink:href="#sSpan1095" value="true"/>
		<feat xlink:href="#sSpan1144" value="true"/>
		<feat xlink:href="#sSpan1403" value="true"/>
		<feat xlink:href="#sSpan1524" value="true"/>
		<feat xlink:href="#sSpan1563" value="true"/>
		<feat xlink:href="#sSpan1871" value="true"/>
		<feat xlink:href="#sSpan1928" value="true"/>
		<feat xlink:href="#sSpan2198" value="true"/>
		<feat xlink:href="#sSpan2269" value="true"/>
		<feat xlink:href="#sSpan2352" value="true"/>
		<feat xlink:href="#sSpan2730" value="true"/>
		<feat xlink:href="#sSpan2765" value="true"/>
		<feat xlink:href="#sSpan2976" value="true"/>
		<feat xlink:href="#sSpan3112" value="true"/>
		<feat xlink:href="#sSpan3208" value="true"/>
		<feat xlink:href="#sSpan3310" value="true"/>
		<feat xlink:href="#sSpan3455" value="true"/>
		<feat xlink:href="#sSpan3511" value="true"/>
		<feat xlink:href="#sSpan3605" value="true"/>
		<feat xlink:href="#sSpan3758" value="true"/>
		<feat xlink:href="#sSpan3812" value="true"/>
		<feat xlink:href="#sSpan3931" value="true"/>
		<feat xlink:href="#sSpan4241" value="true"/>
		<feat xlink:href="#sSpan4311" value="true"/>
		<feat xlink:href="#sSpan4493" value="true"/>
		<feat xlink:href="#sSpan4589" value="true"/>
		<feat xlink:href="#sSpan4673" value="true"/>
		<feat xlink:href="#sSpan4747" value="true"/>
		<feat xlink:href="#sSpan4791" value="true"/>
		<feat xlink:href="#sSpan4920" value="true"/>
		<feat xlink:href="#sSpan4954" value="true"/>
		<feat xlink:href="#sSpan5074" value="true"/>
		<feat xlink:href="#sSpan5267" value="true"/>
		<feat xlink:href="#sSpan5450" value="true"/>
		<feat xlink:href="#sSpan5541" value="true"/>
		<feat xlink:href="#sSpan5708" value="true"/>
		<feat xlink:href="#sSpan5788" value="true"/>
		<feat xlink:href="#sSpan5993" value="true"/>
		<feat xlink:href="#sSpan6129" value="true"/>
		<feat xlink:href="#sSpan6194" value="true"/>
		<feat xlink:href="#sSpan6316" value="true"/>
		<feat xlink:href="#sSpan6474" value="true"/>
		<feat xlink:href="#sSpan6594" value="true"/>
		<feat xlink:href="#sSpan6648" value="true"/>
		<feat xlink:href="#sSpan6696" value="true"/>
		<feat xlink:href="#sSpan6739" value="true"/>
		<feat xlink:href="#sSpan6770" value="true"/>
		<feat xlink:href="#sSpan6882" value="true"/>
		<feat xlink:href="#sSpan7055" value="true"/>
		<feat xlink:href="#sSpan7222" value="true"/>
		<feat xlink:href="#sSpan7442" value="true"/>
		<feat xlink:href="#sSpan7587" value="true"/></featList></paula>