<?xml version='1.0' encoding='UTF-8'?><!DOCTYPE paula SYSTEM "paula_feat.dtd">
<paula version="1.1">
	<header paula_id="scriptorium.life.aphou.01.mark_persName_type"/>
	<featList xmlns:xlink="http://www.w3.org/1999/xlink" type="persName_type" xml:base="scriptorium.life.aphou.01.mark.xml">
		<feat xlink:href="#sSpan21" value="monk"/>
		<feat xlink:href="#sSpan161" value="monk"/>
		<feat xlink:href="#sSpan497" value="monk"/>
		<feat xlink:href="#sSpan1949" value="biblical"/>
		<feat xlink:href="#sSpan2034" value="biblical"/>
		<feat xlink:href="#sSpan2159" value="biblical"/>
		<feat xlink:href="#sSpan2888" value="saint"/>
		<feat xlink:href="#sSpan3014" value="saint"/>
		<feat xlink:href="#sSpan3632" value="monk"/>
		<feat xlink:href="#sSpan3816" value="archi_bishop"/>
		<feat xlink:href="#sSpan3947" value="monk"/>
		<feat xlink:href="#sSpan4274" value="archi_bishop"/>
		<feat xlink:href="#sSpan4387" value="monk"/>
		<feat xlink:href="#sSpan4601" value="monk"/>
		<feat xlink:href="#sSpan4683" value="ecclesiastical"/>
		<feat xlink:href="#sSpan4818" value="monk"/>
		<feat xlink:href="#sSpan4981" value="biblical"/>
		<feat xlink:href="#sSpan5094" value="monk"/>
		<feat xlink:href="#sSpan5143" value="biblical"/>
		<feat xlink:href="#sSpan5458" value="monk"/>
		<feat xlink:href="#sSpan6005" value="monk"/>
		<feat xlink:href="#sSpan7378" value="biblical"/></featList></paula>