<?xml version='1.0' encoding='UTF-8'?><!DOCTYPE paula SYSTEM "paula_rel.dtd">
<paula version="1.1">
	<header paula_id="scriptorium.life.aphou.01.head"/>
	<relList xmlns:xlink="http://www.w3.org/1999/xlink" type="head">
		<rel id="sPointingRel4519" xlink:href="scriptorium.life.aphou.01.mark.xml#sSpan2407" target="scriptorium.life.aphou.01.mark.xml#sSpan2409"/>
		<rel id="sPointingRel4521" xlink:href="scriptorium.life.aphou.01.mark.xml#sSpan6539" target="scriptorium.life.aphou.01.mark.xml#sSpan6541"/>
		<rel id="sPointingRel4523" xlink:href="scriptorium.life.aphou.01.mark.xml#sSpan3685" target="scriptorium.life.aphou.01.mark.xml#sSpan3683"/>
		<rel id="sPointingRel4525" xlink:href="scriptorium.life.aphou.01.mark.xml#sSpan52" target="scriptorium.life.aphou.01.mark.xml#sSpan50"/>
		<rel id="sPointingRel4527" xlink:href="scriptorium.life.aphou.01.mark.xml#sSpan5797" target="scriptorium.life.aphou.01.mark.xml#sSpan5798"/>
		<rel id="sPointingRel4529" xlink:href="scriptorium.life.aphou.01.mark.xml#sSpan5031" target="scriptorium.life.aphou.01.mark.xml#sSpan5029"/>
		<rel id="sPointingRel4531" xlink:href="scriptorium.life.aphou.01.mark.xml#sSpan6226" target="scriptorium.life.aphou.01.mark.xml#sSpan6224"/>
		<rel id="sPointingRel4533" xlink:href="scriptorium.life.aphou.01.mark.xml#sSpan3192" target="scriptorium.life.aphou.01.mark.xml#sSpan3193"/>
		<rel id="sPointingRel4535" xlink:href="scriptorium.life.aphou.01.mark.xml#sSpan2092" target="scriptorium.life.aphou.01.mark.xml#sSpan2093"/>
		<rel id="sPointingRel4537" xlink:href="scriptorium.life.aphou.01.mark.xml#sSpan2459" target="scriptorium.life.aphou.01.mark.xml#sSpan2454"/>
		<rel id="sPointingRel4539" xlink:href="scriptorium.life.aphou.01.mark.xml#sSpan7285" target="scriptorium.life.aphou.01.mark.xml#sSpan7283"/>
		<rel id="sPointingRel4541" xlink:href="scriptorium.life.aphou.01.mark.xml#sSpan436" target="scriptorium.life.aphou.01.mark.xml#sSpan438"/>
		<rel id="sPointingRel4543" xlink:href="scriptorium.life.aphou.01.mark.xml#sSpan5355" target="scriptorium.life.aphou.01.mark.xml#sSpan5356"/>
		<rel id="sPointingRel4545" xlink:href="scriptorium.life.aphou.01.mark.xml#sSpan875" target="scriptorium.life.aphou.01.mark.xml#sSpan876"/>
		<rel id="sPointingRel4547" xlink:href="scriptorium.life.aphou.01.mark.xml#sSpan7027" target="scriptorium.life.aphou.01.mark.xml#sSpan7025"/>
		<rel id="sPointingRel4549" xlink:href="scriptorium.life.aphou.01.mark.xml#sSpan5012" target="scriptorium.life.aphou.01.mark.xml#sSpan5013"/>
		<rel id="sPointingRel4551" xlink:href="scriptorium.life.aphou.01.mark.xml#sSpan2877" target="scriptorium.life.aphou.01.mark.xml#sSpan2875"/>
		<rel id="sPointingRel4553" xlink:href="scriptorium.life.aphou.01.mark.xml#sSpan4350" target="scriptorium.life.aphou.01.mark.xml#sSpan4352"/>
		<rel id="sPointingRel4555" xlink:href="scriptorium.life.aphou.01.mark.xml#sSpan5605" target="scriptorium.life.aphou.01.mark.xml#sSpan5606"/>
		<rel id="sPointingRel4557" xlink:href="scriptorium.life.aphou.01.mark.xml#sSpan1807" target="scriptorium.life.aphou.01.mark.xml#sSpan1808"/>
		<rel id="sPointingRel4559" xlink:href="scriptorium.life.aphou.01.mark.xml#sSpan5812" target="scriptorium.life.aphou.01.mark.xml#sSpan5814"/>
		<rel id="sPointingRel4561" xlink:href="scriptorium.life.aphou.01.mark.xml#sSpan5933" target="scriptorium.life.aphou.01.mark.xml#sSpan5935"/>
		<rel id="sPointingRel4563" xlink:href="scriptorium.life.aphou.01.mark.xml#sSpan496" target="scriptorium.life.aphou.01.mark.xml#sSpan498"/>
		<rel id="sPointingRel4565" xlink:href="scriptorium.life.aphou.01.mark.xml#sSpan1975" target="scriptorium.life.aphou.01.mark.xml#sSpan1976"/>
		<rel id="sPointingRel4567" xlink:href="scriptorium.life.aphou.01.mark.xml#sSpan1386" target="scriptorium.life.aphou.01.mark.xml#sSpan1387"/>
		<rel id="sPointingRel4569" xlink:href="scriptorium.life.aphou.01.mark.xml#sSpan83" target="scriptorium.life.aphou.01.mark.xml#sSpan81"/>
		<rel id="sPointingRel4571" xlink:href="scriptorium.life.aphou.01.mark.xml#sSpan3365" target="scriptorium.life.aphou.01.mark.xml#sSpan3363"/>
		<rel id="sPointingRel4573" xlink:href="scriptorium.life.aphou.01.mark.xml#sSpan5543" target="scriptorium.life.aphou.01.mark.xml#sSpan5551"/>
		<rel id="sPointingRel4575" xlink:href="scriptorium.life.aphou.01.mark.xml#sSpan6167" target="scriptorium.life.aphou.01.mark.xml#sSpan6168"/>
		<rel id="sPointingRel4577" xlink:href="scriptorium.life.aphou.01.mark.xml#sSpan5179" target="scriptorium.life.aphou.01.mark.xml#sSpan5177"/>
		<rel id="sPointingRel4579" xlink:href="scriptorium.life.aphou.01.mark.xml#sSpan7339" target="scriptorium.life.aphou.01.mark.xml#sSpan7340"/>
		<rel id="sPointingRel4581" xlink:href="scriptorium.life.aphou.01.mark.xml#sSpan6580" target="scriptorium.life.aphou.01.mark.xml#sSpan6578"/>
		<rel id="sPointingRel4583" xlink:href="scriptorium.life.aphou.01.mark.xml#sSpan2264" target="scriptorium.life.aphou.01.mark.xml#sSpan2267"/>
		<rel id="sPointingRel4585" xlink:href="scriptorium.life.aphou.01.mark.xml#sSpan6456" target="scriptorium.life.aphou.01.mark.xml#sSpan6458"/>
		<rel id="sPointingRel4587" xlink:href="scriptorium.life.aphou.01.mark.xml#sSpan6374" target="scriptorium.life.aphou.01.mark.xml#sSpan6372"/>
		<rel id="sPointingRel4589" xlink:href="scriptorium.life.aphou.01.mark.xml#sSpan3507" target="scriptorium.life.aphou.01.mark.xml#sSpan3509"/>
		<rel id="sPointingRel4591" xlink:href="scriptorium.life.aphou.01.mark.xml#sSpan233" target="scriptorium.life.aphou.01.mark.xml#sSpan235"/>
		<rel id="sPointingRel4593" xlink:href="scriptorium.life.aphou.01.mark.xml#sSpan5905" target="scriptorium.life.aphou.01.mark.xml#sSpan5903"/>
		<rel id="sPointingRel4595" xlink:href="scriptorium.life.aphou.01.mark.xml#sSpan6943" target="scriptorium.life.aphou.01.mark.xml#sSpan6944"/>
		<rel id="sPointingRel4597" xlink:href="scriptorium.life.aphou.01.mark.xml#sSpan2795" target="scriptorium.life.aphou.01.mark.xml#sSpan2796"/>
		<rel id="sPointingRel4599" xlink:href="scriptorium.life.aphou.01.mark.xml#sSpan5642" target="scriptorium.life.aphou.01.mark.xml#sSpan5643"/>
		<rel id="sPointingRel4601" xlink:href="scriptorium.life.aphou.01.mark.xml#sSpan2330" target="scriptorium.life.aphou.01.mark.xml#sSpan2332"/>
		<rel id="sPointingRel4603" xlink:href="scriptorium.life.aphou.01.mark.xml#sSpan7475" target="scriptorium.life.aphou.01.mark.xml#sSpan7477"/>
		<rel id="sPointingRel4605" xlink:href="scriptorium.life.aphou.01.mark.xml#sSpan652" target="scriptorium.life.aphou.01.mark.xml#sSpan660"/>
		<rel id="sPointingRel4607" xlink:href="scriptorium.life.aphou.01.mark.xml#sSpan6837" target="scriptorium.life.aphou.01.mark.xml#sSpan6839"/>
		<rel id="sPointingRel4609" xlink:href="scriptorium.life.aphou.01.mark.xml#sSpan3950" target="scriptorium.life.aphou.01.mark.xml#sSpan3948"/>
		<rel id="sPointingRel4611" xlink:href="scriptorium.life.aphou.01.mark.xml#sSpan6393" target="scriptorium.life.aphou.01.mark.xml#sSpan6394"/>
		<rel id="sPointingRel4613" xlink:href="scriptorium.life.aphou.01.mark.xml#sSpan2398" target="scriptorium.life.aphou.01.mark.xml#sSpan2399"/>
		<rel id="sPointingRel4615" xlink:href="scriptorium.life.aphou.01.mark.xml#sSpan6273" target="scriptorium.life.aphou.01.mark.xml#sSpan6274"/>
		<rel id="sPointingRel4617" xlink:href="scriptorium.life.aphou.01.mark.xml#sSpan3696" target="scriptorium.life.aphou.01.mark.xml#sSpan3694"/>
		<rel id="sPointingRel4619" xlink:href="scriptorium.life.aphou.01.mark.xml#sSpan3531" target="scriptorium.life.aphou.01.mark.xml#sSpan3532"/>
		<rel id="sPointingRel4621" xlink:href="scriptorium.life.aphou.01.mark.xml#sSpan7043" target="scriptorium.life.aphou.01.mark.xml#sSpan7044"/>
		<rel id="sPointingRel4623" xlink:href="scriptorium.life.aphou.01.mark.xml#sSpan5245" target="scriptorium.life.aphou.01.mark.xml#sSpan5246"/>
		<rel id="sPointingRel4625" xlink:href="scriptorium.life.aphou.01.mark.xml#sSpan5364" target="scriptorium.life.aphou.01.mark.xml#sSpan5362"/>
		<rel id="sPointingRel4627" xlink:href="scriptorium.life.aphou.01.mark.xml#sSpan3122" target="scriptorium.life.aphou.01.mark.xml#sSpan3120"/>
		<rel id="sPointingRel4629" xlink:href="scriptorium.life.aphou.01.mark.xml#sSpan6875" target="scriptorium.life.aphou.01.mark.xml#sSpan6879"/>
		<rel id="sPointingRel4631" xlink:href="scriptorium.life.aphou.01.mark.xml#sSpan7298" target="scriptorium.life.aphou.01.mark.xml#sSpan7299"/>
		<rel id="sPointingRel4633" xlink:href="scriptorium.life.aphou.01.mark.xml#sSpan2111" target="scriptorium.life.aphou.01.mark.xml#sSpan2109"/>
		<rel id="sPointingRel4635" xlink:href="scriptorium.life.aphou.01.mark.xml#sSpan649" target="scriptorium.life.aphou.01.mark.xml#sSpan647"/>
		<rel id="sPointingRel4637" xlink:href="scriptorium.life.aphou.01.mark.xml#sSpan3865" target="scriptorium.life.aphou.01.mark.xml#sSpan3861"/>
		<rel id="sPointingRel4639" xlink:href="scriptorium.life.aphou.01.mark.xml#sSpan3147" target="scriptorium.life.aphou.01.mark.xml#sSpan3145"/>
		<rel id="sPointingRel4641" xlink:href="scriptorium.life.aphou.01.mark.xml#sSpan1139" target="scriptorium.life.aphou.01.mark.xml#sSpan1141"/>
		<rel id="sPointingRel4643" xlink:href="scriptorium.life.aphou.01.mark.xml#sSpan4269" target="scriptorium.life.aphou.01.mark.xml#sSpan4270"/>
		<rel id="sPointingRel4645" xlink:href="scriptorium.life.aphou.01.mark.xml#sSpan6364" target="scriptorium.life.aphou.01.mark.xml#sSpan6362"/>
		<rel id="sPointingRel4647" xlink:href="scriptorium.life.aphou.01.mark.xml#sSpan1846" target="scriptorium.life.aphou.01.mark.xml#sSpan1842"/>
		<rel id="sPointingRel4649" xlink:href="scriptorium.life.aphou.01.mark.xml#sSpan6191" target="scriptorium.life.aphou.01.mark.xml#sSpan6192"/>
		<rel id="sPointingRel4651" xlink:href="scriptorium.life.aphou.01.mark.xml#sSpan837" target="scriptorium.life.aphou.01.mark.xml#sSpan839"/>
		<rel id="sPointingRel4653" xlink:href="scriptorium.life.aphou.01.mark.xml#sSpan6484" target="scriptorium.life.aphou.01.mark.xml#sSpan6485"/>
		<rel id="sPointingRel4655" xlink:href="scriptorium.life.aphou.01.mark.xml#sSpan1679" target="scriptorium.life.aphou.01.mark.xml#sSpan1682"/>
		<rel id="sPointingRel4657" xlink:href="scriptorium.life.aphou.01.mark.xml#sSpan202" target="scriptorium.life.aphou.01.mark.xml#sSpan200"/>
		<rel id="sPointingRel4659" xlink:href="scriptorium.life.aphou.01.mark.xml#sSpan2634" target="scriptorium.life.aphou.01.mark.xml#sSpan2632"/>
		<rel id="sPointingRel4661" xlink:href="scriptorium.life.aphou.01.mark.xml#sSpan5426" target="scriptorium.life.aphou.01.mark.xml#sSpan5427"/>
		<rel id="sPointingRel4663" xlink:href="scriptorium.life.aphou.01.mark.xml#sSpan5953" target="scriptorium.life.aphou.01.mark.xml#sSpan5951"/>
		<rel id="sPointingRel4665" xlink:href="scriptorium.life.aphou.01.mark.xml#sSpan2225" target="scriptorium.life.aphou.01.mark.xml#sSpan2227"/>
		<rel id="sPointingRel4667" xlink:href="scriptorium.life.aphou.01.mark.xml#sSpan5784" target="scriptorium.life.aphou.01.mark.xml#sSpan5786"/>
		<rel id="sPointingRel4669" xlink:href="scriptorium.life.aphou.01.mark.xml#sSpan4939" target="scriptorium.life.aphou.01.mark.xml#sSpan4941"/>
		<rel id="sPointingRel4671" xlink:href="scriptorium.life.aphou.01.mark.xml#sSpan936" target="scriptorium.life.aphou.01.mark.xml#sSpan938"/>
		<rel id="sPointingRel4673" xlink:href="scriptorium.life.aphou.01.mark.xml#sSpan5749" target="scriptorium.life.aphou.01.mark.xml#sSpan5752"/>
		<rel id="sPointingRel4675" xlink:href="scriptorium.life.aphou.01.mark.xml#sSpan5316" target="scriptorium.life.aphou.01.mark.xml#sSpan5314"/>
		<rel id="sPointingRel4677" xlink:href="scriptorium.life.aphou.01.mark.xml#sSpan4164" target="scriptorium.life.aphou.01.mark.xml#sSpan4166"/>
		<rel id="sPointingRel4679" xlink:href="scriptorium.life.aphou.01.mark.xml#sSpan513" target="scriptorium.life.aphou.01.mark.xml#sSpan515"/>
		<rel id="sPointingRel4681" xlink:href="scriptorium.life.aphou.01.mark.xml#sSpan4743" target="scriptorium.life.aphou.01.mark.xml#sSpan4744"/>
		<rel id="sPointingRel4683" xlink:href="scriptorium.life.aphou.01.mark.xml#sSpan5146" target="scriptorium.life.aphou.01.mark.xml#sSpan5144"/>
		<rel id="sPointingRel4685" xlink:href="scriptorium.life.aphou.01.mark.xml#sSpan5153" target="scriptorium.life.aphou.01.mark.xml#sSpan5155"/>
		<rel id="sPointingRel4687" xlink:href="scriptorium.life.aphou.01.mark.xml#sSpan5705" target="scriptorium.life.aphou.01.mark.xml#sSpan5706"/>
		<rel id="sPointingRel4689" xlink:href="scriptorium.life.aphou.01.mark.xml#sSpan6244" target="scriptorium.life.aphou.01.mark.xml#sSpan6245"/>
		<rel id="sPointingRel4691" xlink:href="scriptorium.life.aphou.01.mark.xml#sSpan3959" target="scriptorium.life.aphou.01.mark.xml#sSpan3960"/>
		<rel id="sPointingRel4693" xlink:href="scriptorium.life.aphou.01.mark.xml#sSpan4161" target="scriptorium.life.aphou.01.mark.xml#sSpan4159"/>
		<rel id="sPointingRel4695" xlink:href="scriptorium.life.aphou.01.mark.xml#sSpan2912" target="scriptorium.life.aphou.01.mark.xml#sSpan2914"/>
		<rel id="sPointingRel4697" xlink:href="scriptorium.life.aphou.01.mark.xml#sSpan5719" target="scriptorium.life.aphou.01.mark.xml#sSpan5721"/>
		<rel id="sPointingRel4699" xlink:href="scriptorium.life.aphou.01.mark.xml#sSpan7439" target="scriptorium.life.aphou.01.mark.xml#sSpan7440"/>
		<rel id="sPointingRel4701" xlink:href="scriptorium.life.aphou.01.mark.xml#sSpan3561" target="scriptorium.life.aphou.01.mark.xml#sSpan3562"/>
		<rel id="sPointingRel4703" xlink:href="scriptorium.life.aphou.01.mark.xml#sSpan3239" target="scriptorium.life.aphou.01.mark.xml#sSpan3243"/>
		<rel id="sPointingRel4705" xlink:href="scriptorium.life.aphou.01.mark.xml#sSpan619" target="scriptorium.life.aphou.01.mark.xml#sSpan620"/>
		<rel id="sPointingRel4707" xlink:href="scriptorium.life.aphou.01.mark.xml#sSpan4888" target="scriptorium.life.aphou.01.mark.xml#sSpan4886"/>
		<rel id="sPointingRel4709" xlink:href="scriptorium.life.aphou.01.mark.xml#sSpan1173" target="scriptorium.life.aphou.01.mark.xml#sSpan1174"/>
		<rel id="sPointingRel4711" xlink:href="scriptorium.life.aphou.01.mark.xml#sSpan7604" target="scriptorium.life.aphou.01.mark.xml#sSpan7606"/>
		<rel id="sPointingRel4713" xlink:href="scriptorium.life.aphou.01.mark.xml#sSpan6926" target="scriptorium.life.aphou.01.mark.xml#sSpan6927"/>
		<rel id="sPointingRel4715" xlink:href="scriptorium.life.aphou.01.mark.xml#sSpan6058" target="scriptorium.life.aphou.01.mark.xml#sSpan6060"/>
		<rel id="sPointingRel4717" xlink:href="scriptorium.life.aphou.01.mark.xml#sSpan2567" target="scriptorium.life.aphou.01.mark.xml#sSpan2568"/>
		<rel id="sPointingRel4719" xlink:href="scriptorium.life.aphou.01.mark.xml#sSpan2709" target="scriptorium.life.aphou.01.mark.xml#sSpan2710"/>
		<rel id="sPointingRel4721" xlink:href="scriptorium.life.aphou.01.mark.xml#sSpan4809" target="scriptorium.life.aphou.01.mark.xml#sSpan4819"/>
		<rel id="sPointingRel4723" xlink:href="scriptorium.life.aphou.01.mark.xml#sSpan1534" target="scriptorium.life.aphou.01.mark.xml#sSpan1537"/>
		<rel id="sPointingRel4725" xlink:href="scriptorium.life.aphou.01.mark.xml#sSpan7084" target="scriptorium.life.aphou.01.mark.xml#sSpan7086"/>
		<rel id="sPointingRel4727" xlink:href="scriptorium.life.aphou.01.mark.xml#sSpan5128" target="scriptorium.life.aphou.01.mark.xml#sSpan5129"/>
		<rel id="sPointingRel4729" xlink:href="scriptorium.life.aphou.01.mark.xml#sSpan7328" target="scriptorium.life.aphou.01.mark.xml#sSpan7326"/>
		<rel id="sPointingRel4731" xlink:href="scriptorium.life.aphou.01.mark.xml#sSpan702" target="scriptorium.life.aphou.01.mark.xml#sSpan700"/>
		<rel id="sPointingRel4733" xlink:href="scriptorium.life.aphou.01.mark.xml#sSpan1945" target="scriptorium.life.aphou.01.mark.xml#sSpan1951"/>
		<rel id="sPointingRel4735" xlink:href="scriptorium.life.aphou.01.mark.xml#sSpan6099" target="scriptorium.life.aphou.01.mark.xml#sSpan6100"/>
		<rel id="sPointingRel4737" xlink:href="scriptorium.life.aphou.01.mark.xml#sSpan741" target="scriptorium.life.aphou.01.mark.xml#sSpan739"/>
		<rel id="sPointingRel4739" xlink:href="scriptorium.life.aphou.01.mark.xml#sSpan6207" target="scriptorium.life.aphou.01.mark.xml#sSpan6205"/>
		<rel id="sPointingRel4741" xlink:href="scriptorium.life.aphou.01.mark.xml#sSpan2342" target="scriptorium.life.aphou.01.mark.xml#sSpan2344"/>
		<rel id="sPointingRel4743" xlink:href="scriptorium.life.aphou.01.mark.xml#sSpan671" target="scriptorium.life.aphou.01.mark.xml#sSpan667"/>
		<rel id="sPointingRel4745" xlink:href="scriptorium.life.aphou.01.mark.xml#sSpan1225" target="scriptorium.life.aphou.01.mark.xml#sSpan1226"/>
		<rel id="sPointingRel4747" xlink:href="scriptorium.life.aphou.01.mark.xml#sSpan1264" target="scriptorium.life.aphou.01.mark.xml#sSpan1265"/>
		<rel id="sPointingRel4749" xlink:href="scriptorium.life.aphou.01.mark.xml#sSpan6326" target="scriptorium.life.aphou.01.mark.xml#sSpan6327"/>
		<rel id="sPointingRel4751" xlink:href="scriptorium.life.aphou.01.mark.xml#sSpan1192" target="scriptorium.life.aphou.01.mark.xml#sSpan1190"/>
		<rel id="sPointingRel4753" xlink:href="scriptorium.life.aphou.01.mark.xml#sSpan3793" target="scriptorium.life.aphou.01.mark.xml#sSpan3794"/>
		<rel id="sPointingRel4755" xlink:href="scriptorium.life.aphou.01.mark.xml#sSpan243" target="scriptorium.life.aphou.01.mark.xml#sSpan244"/>
		<rel id="sPointingRel4757" xlink:href="scriptorium.life.aphou.01.mark.xml#sSpan6303" target="scriptorium.life.aphou.01.mark.xml#sSpan6305"/>
		<rel id="sPointingRel4759" xlink:href="scriptorium.life.aphou.01.mark.xml#sSpan3675" target="scriptorium.life.aphou.01.mark.xml#sSpan3676"/>
		<rel id="sPointingRel4761" xlink:href="scriptorium.life.aphou.01.mark.xml#sSpan6340" target="scriptorium.life.aphou.01.mark.xml#sSpan6342"/>
		<rel id="sPointingRel4763" xlink:href="scriptorium.life.aphou.01.mark.xml#sSpan5197" target="scriptorium.life.aphou.01.mark.xml#sSpan5198"/>
		<rel id="sPointingRel4765" xlink:href="scriptorium.life.aphou.01.mark.xml#sSpan5021" target="scriptorium.life.aphou.01.mark.xml#sSpan5023"/>
		<rel id="sPointingRel4767" xlink:href="scriptorium.life.aphou.01.mark.xml#sSpan3155" target="scriptorium.life.aphou.01.mark.xml#sSpan3157"/>
		<rel id="sPointingRel4769" xlink:href="scriptorium.life.aphou.01.mark.xml#sSpan7554" target="scriptorium.life.aphou.01.mark.xml#sSpan7556"/>
		<rel id="sPointingRel4771" xlink:href="scriptorium.life.aphou.01.mark.xml#sSpan1024" target="scriptorium.life.aphou.01.mark.xml#sSpan1026"/>
		<rel id="sPointingRel4773" xlink:href="scriptorium.life.aphou.01.mark.xml#sSpan4005" target="scriptorium.life.aphou.01.mark.xml#sSpan4007"/>
		<rel id="sPointingRel4775" xlink:href="scriptorium.life.aphou.01.mark.xml#sSpan7052" target="scriptorium.life.aphou.01.mark.xml#sSpan7053"/>
		<rel id="sPointingRel4777" xlink:href="scriptorium.life.aphou.01.mark.xml#sSpan3043" target="scriptorium.life.aphou.01.mark.xml#sSpan3050"/>
		<rel id="sPointingRel4779" xlink:href="scriptorium.life.aphou.01.mark.xml#sSpan2069" target="scriptorium.life.aphou.01.mark.xml#sSpan2072"/>
		<rel id="sPointingRel4781" xlink:href="scriptorium.life.aphou.01.mark.xml#sSpan803" target="scriptorium.life.aphou.01.mark.xml#sSpan804"/>
		<rel id="sPointingRel4783" xlink:href="scriptorium.life.aphou.01.mark.xml#sSpan4467" target="scriptorium.life.aphou.01.mark.xml#sSpan4465"/>
		<rel id="sPointingRel4785" xlink:href="scriptorium.life.aphou.01.mark.xml#sSpan5831" target="scriptorium.life.aphou.01.mark.xml#sSpan5832"/>
		<rel id="sPointingRel4787" xlink:href="scriptorium.life.aphou.01.mark.xml#sSpan7" target="scriptorium.life.aphou.01.mark.xml#sSpan11"/>
		<rel id="sPointingRel4789" xlink:href="scriptorium.life.aphou.01.mark.xml#sSpan295" target="scriptorium.life.aphou.01.mark.xml#sSpan291"/>
		<rel id="sPointingRel4791" xlink:href="scriptorium.life.aphou.01.mark.xml#sSpan1790" target="scriptorium.life.aphou.01.mark.xml#sSpan1788"/>
		<rel id="sPointingRel4793" xlink:href="scriptorium.life.aphou.01.mark.xml#sSpan3900" target="scriptorium.life.aphou.01.mark.xml#sSpan3903"/>
		<rel id="sPointingRel4795" xlink:href="scriptorium.life.aphou.01.mark.xml#sSpan1904" target="scriptorium.life.aphou.01.mark.xml#sSpan1902"/>
		<rel id="sPointingRel4797" xlink:href="scriptorium.life.aphou.01.mark.xml#sSpan5264" target="scriptorium.life.aphou.01.mark.xml#sSpan5265"/>
		<rel id="sPointingRel4799" xlink:href="scriptorium.life.aphou.01.mark.xml#sSpan1464" target="scriptorium.life.aphou.01.mark.xml#sSpan1465"/>
		<rel id="sPointingRel4801" xlink:href="scriptorium.life.aphou.01.mark.xml#sSpan401" target="scriptorium.life.aphou.01.mark.xml#sSpan402"/>
		<rel id="sPointingRel4803" xlink:href="scriptorium.life.aphou.01.mark.xml#sSpan6631" target="scriptorium.life.aphou.01.mark.xml#sSpan6632"/>
		<rel id="sPointingRel4805" xlink:href="scriptorium.life.aphou.01.mark.xml#sSpan6350" target="scriptorium.life.aphou.01.mark.xml#sSpan6348"/>
		<rel id="sPointingRel4807" xlink:href="scriptorium.life.aphou.01.mark.xml#sSpan7232" target="scriptorium.life.aphou.01.mark.xml#sSpan7234"/>
		<rel id="sPointingRel4809" xlink:href="scriptorium.life.aphou.01.mark.xml#sSpan1377" target="scriptorium.life.aphou.01.mark.xml#sSpan1378"/>
		<rel id="sPointingRel4811" xlink:href="scriptorium.life.aphou.01.mark.xml#sSpan2305" target="scriptorium.life.aphou.01.mark.xml#sSpan2307"/>
		<rel id="sPointingRel4813" xlink:href="scriptorium.life.aphou.01.mark.xml#sSpan3093" target="scriptorium.life.aphou.01.mark.xml#sSpan3094"/>
		<rel id="sPointingRel4815" xlink:href="scriptorium.life.aphou.01.mark.xml#sSpan6313" target="scriptorium.life.aphou.01.mark.xml#sSpan6314"/>
		<rel id="sPointingRel4817" xlink:href="scriptorium.life.aphou.01.mark.xml#sSpan1481" target="scriptorium.life.aphou.01.mark.xml#sSpan1479"/>
		<rel id="sPointingRel4819" xlink:href="scriptorium.life.aphou.01.mark.xml#sSpan7576" target="scriptorium.life.aphou.01.mark.xml#sSpan7574"/>
		<rel id="sPointingRel4821" xlink:href="scriptorium.life.aphou.01.mark.xml#sSpan7614" target="scriptorium.life.aphou.01.mark.xml#sSpan7615"/>
		<rel id="sPointingRel4823" xlink:href="scriptorium.life.aphou.01.mark.xml#sSpan6868" target="scriptorium.life.aphou.01.mark.xml#sSpan6866"/>
		<rel id="sPointingRel4825" xlink:href="scriptorium.life.aphou.01.mark.xml#sSpan4916" target="scriptorium.life.aphou.01.mark.xml#sSpan4918"/>
		<rel id="sPointingRel4827" xlink:href="scriptorium.life.aphou.01.mark.xml#sSpan565" target="scriptorium.life.aphou.01.mark.xml#sSpan566"/>
		<rel id="sPointingRel4829" xlink:href="scriptorium.life.aphou.01.mark.xml#sSpan3420" target="scriptorium.life.aphou.01.mark.xml#sSpan3421"/>
		<rel id="sPointingRel4831" xlink:href="scriptorium.life.aphou.01.mark.xml#sSpan4732" target="scriptorium.life.aphou.01.mark.xml#sSpan4730"/>
		<rel id="sPointingRel4833" xlink:href="scriptorium.life.aphou.01.mark.xml#sSpan6403" target="scriptorium.life.aphou.01.mark.xml#sSpan6401"/>
		<rel id="sPointingRel4835" xlink:href="scriptorium.life.aphou.01.mark.xml#sSpan6806" target="scriptorium.life.aphou.01.mark.xml#sSpan6804"/>
		<rel id="sPointingRel4837" xlink:href="scriptorium.life.aphou.01.mark.xml#sSpan4774" target="scriptorium.life.aphou.01.mark.xml#sSpan4777"/>
		<rel id="sPointingRel4839" xlink:href="scriptorium.life.aphou.01.mark.xml#sSpan5974" target="scriptorium.life.aphou.01.mark.xml#sSpan5975"/>
		<rel id="sPointingRel4841" xlink:href="scriptorium.life.aphou.01.mark.xml#sSpan6735" target="scriptorium.life.aphou.01.mark.xml#sSpan6736"/>
		<rel id="sPointingRel4843" xlink:href="scriptorium.life.aphou.01.mark.xml#sSpan6133" target="scriptorium.life.aphou.01.mark.xml#sSpan6129"/>
		<rel id="sPointingRel4845" xlink:href="scriptorium.life.aphou.01.mark.xml#sSpan7662" target="scriptorium.life.aphou.01.mark.xml#sSpan7664"/>
		<rel id="sPointingRel4847" xlink:href="scriptorium.life.aphou.01.mark.xml#sSpan7018" target="scriptorium.life.aphou.01.mark.xml#sSpan7019"/>
		<rel id="sPointingRel4849" xlink:href="scriptorium.life.aphou.01.mark.xml#sSpan4561" target="scriptorium.life.aphou.01.mark.xml#sSpan4562"/>
		<rel id="sPointingRel4851" xlink:href="scriptorium.life.aphou.01.mark.xml#sSpan2718" target="scriptorium.life.aphou.01.mark.xml#sSpan2719"/>
		<rel id="sPointingRel4853" xlink:href="scriptorium.life.aphou.01.mark.xml#sSpan4480" target="scriptorium.life.aphou.01.mark.xml#sSpan4482"/>
		<rel id="sPointingRel4855" xlink:href="scriptorium.life.aphou.01.mark.xml#sSpan753" target="scriptorium.life.aphou.01.mark.xml#sSpan755"/>
		<rel id="sPointingRel4857" xlink:href="scriptorium.life.aphou.01.mark.xml#sSpan2212" target="scriptorium.life.aphou.01.mark.xml#sSpan2213"/>
		<rel id="sPointingRel4859" xlink:href="scriptorium.life.aphou.01.mark.xml#sSpan7210" target="scriptorium.life.aphou.01.mark.xml#sSpan7208"/>
		<rel id="sPointingRel4861" xlink:href="scriptorium.life.aphou.01.mark.xml#sSpan4184" target="scriptorium.life.aphou.01.mark.xml#sSpan4180"/>
		<rel id="sPointingRel4863" xlink:href="scriptorium.life.aphou.01.mark.xml#sSpan7097" target="scriptorium.life.aphou.01.mark.xml#sSpan7095"/>
		<rel id="sPointingRel4865" xlink:href="scriptorium.life.aphou.01.mark.xml#sSpan86" target="scriptorium.life.aphou.01.mark.xml#sSpan90"/>
		<rel id="sPointingRel4867" xlink:href="scriptorium.life.aphou.01.mark.xml#sSpan5093" target="scriptorium.life.aphou.01.mark.xml#sSpan5095"/>
		<rel id="sPointingRel4869" xlink:href="scriptorium.life.aphou.01.mark.xml#sSpan926" target="scriptorium.life.aphou.01.mark.xml#sSpan927"/>
		<rel id="sPointingRel4871" xlink:href="scriptorium.life.aphou.01.mark.xml#sSpan5892" target="scriptorium.life.aphou.01.mark.xml#sSpan5893"/>
		<rel id="sPointingRel4873" xlink:href="scriptorium.life.aphou.01.mark.xml#sSpan7514" target="scriptorium.life.aphou.01.mark.xml#sSpan7515"/>
		<rel id="sPointingRel4875" xlink:href="scriptorium.life.aphou.01.mark.xml#sSpan1345" target="scriptorium.life.aphou.01.mark.xml#sSpan1347"/>
		<rel id="sPointingRel4877" xlink:href="scriptorium.life.aphou.01.mark.xml#sSpan5306" target="scriptorium.life.aphou.01.mark.xml#sSpan5307"/>
		<rel id="sPointingRel4879" xlink:href="scriptorium.life.aphou.01.mark.xml#sSpan2038" target="scriptorium.life.aphou.01.mark.xml#sSpan2036"/>
		<rel id="sPointingRel4881" xlink:href="scriptorium.life.aphou.01.mark.xml#sSpan7264" target="scriptorium.life.aphou.01.mark.xml#sSpan7265"/>
		<rel id="sPointingRel4883" xlink:href="scriptorium.life.aphou.01.mark.xml#sSpan4040" target="scriptorium.life.aphou.01.mark.xml#sSpan4042"/>
		<rel id="sPointingRel4885" xlink:href="scriptorium.life.aphou.01.mark.xml#sSpan1588" target="scriptorium.life.aphou.01.mark.xml#sSpan1589"/>
		<rel id="sPointingRel4887" xlink:href="scriptorium.life.aphou.01.mark.xml#sSpan313" target="scriptorium.life.aphou.01.mark.xml#sSpan315"/>
		<rel id="sPointingRel4889" xlink:href="scriptorium.life.aphou.01.mark.xml#sSpan2375" target="scriptorium.life.aphou.01.mark.xml#sSpan2377"/>
		<rel id="sPointingRel4891" xlink:href="scriptorium.life.aphou.01.mark.xml#sSpan774" target="scriptorium.life.aphou.01.mark.xml#sSpan775"/>
		<rel id="sPointingRel4893" xlink:href="scriptorium.life.aphou.01.mark.xml#sSpan6707" target="scriptorium.life.aphou.01.mark.xml#sSpan6708"/>
		<rel id="sPointingRel4895" xlink:href="scriptorium.life.aphou.01.mark.xml#sSpan3817" target="scriptorium.life.aphou.01.mark.xml#sSpan3812"/>
		<rel id="sPointingRel4897" xlink:href="scriptorium.life.aphou.01.mark.xml#sSpan20" target="scriptorium.life.aphou.01.mark.xml#sSpan22"/>
		<rel id="sPointingRel4899" xlink:href="scriptorium.life.aphou.01.mark.xml#sSpan4512" target="scriptorium.life.aphou.01.mark.xml#sSpan4514"/>
		<rel id="sPointingRel4901" xlink:href="scriptorium.life.aphou.01.mark.xml#sSpan2540" target="scriptorium.life.aphou.01.mark.xml#sSpan2542"/>
		<rel id="sPointingRel4903" xlink:href="scriptorium.life.aphou.01.mark.xml#sSpan691" target="scriptorium.life.aphou.01.mark.xml#sSpan693"/>
		<rel id="sPointingRel4905" xlink:href="scriptorium.life.aphou.01.mark.xml#sSpan5695" target="scriptorium.life.aphou.01.mark.xml#sSpan5697"/>
		<rel id="sPointingRel4907" xlink:href="scriptorium.life.aphou.01.mark.xml#sSpan6116" target="scriptorium.life.aphou.01.mark.xml#sSpan6118"/>
		<rel id="sPointingRel4909" xlink:href="scriptorium.life.aphou.01.mark.xml#sSpan1816" target="scriptorium.life.aphou.01.mark.xml#sSpan1817"/>
		<rel id="sPointingRel4911" xlink:href="scriptorium.life.aphou.01.mark.xml#sSpan3734" target="scriptorium.life.aphou.01.mark.xml#sSpan3735"/>
		<rel id="sPointingRel4913" xlink:href="scriptorium.life.aphou.01.mark.xml#sSpan253" target="scriptorium.life.aphou.01.mark.xml#sSpan251"/>
		<rel id="sPointingRel4915" xlink:href="scriptorium.life.aphou.01.mark.xml#sSpan4306" target="scriptorium.life.aphou.01.mark.xml#sSpan4308"/>
		<rel id="sPointingRel4917" xlink:href="scriptorium.life.aphou.01.mark.xml#sSpan7255" target="scriptorium.life.aphou.01.mark.xml#sSpan7256"/>
		<rel id="sPointingRel4919" xlink:href="scriptorium.life.aphou.01.mark.xml#sSpan763" target="scriptorium.life.aphou.01.mark.xml#sSpan765"/>
		<rel id="sPointingRel4921" xlink:href="scriptorium.life.aphou.01.mark.xml#sSpan5846" target="scriptorium.life.aphou.01.mark.xml#sSpan5849"/>
		<rel id="sPointingRel4923" xlink:href="scriptorium.life.aphou.01.mark.xml#sSpan154" target="scriptorium.life.aphou.01.mark.xml#sSpan155"/>
		<rel id="sPointingRel4925" xlink:href="scriptorium.life.aphou.01.mark.xml#sSpan7465" target="scriptorium.life.aphou.01.mark.xml#sSpan7466"/>
		<rel id="sPointingRel4927" xlink:href="scriptorium.life.aphou.01.mark.xml#sSpan2194" target="scriptorium.life.aphou.01.mark.xml#sSpan2196"/>
		<rel id="sPointingRel4929" xlink:href="scriptorium.life.aphou.01.mark.xml#sSpan6447" target="scriptorium.life.aphou.01.mark.xml#sSpan6448"/>
		<rel id="sPointingRel4931" xlink:href="scriptorium.life.aphou.01.mark.xml#sSpan140" target="scriptorium.life.aphou.01.mark.xml#sSpan141"/>
		<rel id="sPointingRel4933" xlink:href="scriptorium.life.aphou.01.mark.xml#sSpan1831" target="scriptorium.life.aphou.01.mark.xml#sSpan1833"/>
		<rel id="sPointingRel4935" xlink:href="scriptorium.life.aphou.01.mark.xml#sSpan3173" target="scriptorium.life.aphou.01.mark.xml#sSpan3175"/>
		<rel id="sPointingRel4937" xlink:href="scriptorium.life.aphou.01.mark.xml#sSpan5509" target="scriptorium.life.aphou.01.mark.xml#sSpan5511"/>
		<rel id="sPointingRel4939" xlink:href="scriptorium.life.aphou.01.mark.xml#sSpan1413" target="scriptorium.life.aphou.01.mark.xml#sSpan1414"/>
		<rel id="sPointingRel4941" xlink:href="scriptorium.life.aphou.01.mark.xml#sSpan4296" target="scriptorium.life.aphou.01.mark.xml#sSpan4298"/>
		<rel id="sPointingRel4943" xlink:href="scriptorium.life.aphou.01.mark.xml#sSpan3924" target="scriptorium.life.aphou.01.mark.xml#sSpan3922"/>
		<rel id="sPointingRel4945" xlink:href="scriptorium.life.aphou.01.mark.xml#sSpan3552" target="scriptorium.life.aphou.01.mark.xml#sSpan3553"/>
		<rel id="sPointingRel4947" xlink:href="scriptorium.life.aphou.01.mark.xml#sSpan2156" target="scriptorium.life.aphou.01.mark.xml#sSpan2157"/>
		<rel id="sPointingRel4949" xlink:href="scriptorium.life.aphou.01.mark.xml#sSpan7350" target="scriptorium.life.aphou.01.mark.xml#sSpan7351"/>
		<rel id="sPointingRel4951" xlink:href="scriptorium.life.aphou.01.mark.xml#sSpan5871" target="scriptorium.life.aphou.01.mark.xml#sSpan5869"/>
		<rel id="sPointingRel4953" xlink:href="scriptorium.life.aphou.01.mark.xml#sSpan4236" target="scriptorium.life.aphou.01.mark.xml#sSpan4234"/>
		<rel id="sPointingRel4955" xlink:href="scriptorium.life.aphou.01.mark.xml#sSpan2941" target="scriptorium.life.aphou.01.mark.xml#sSpan2943"/>
		<rel id="sPointingRel4957" xlink:href="scriptorium.life.aphou.01.mark.xml#sSpan6426" target="scriptorium.life.aphou.01.mark.xml#sSpan6428"/>
		<rel id="sPointingRel4959" xlink:href="scriptorium.life.aphou.01.mark.xml#sSpan4386" target="scriptorium.life.aphou.01.mark.xml#sSpan4388"/>
		<rel id="sPointingRel4961" xlink:href="scriptorium.life.aphou.01.mark.xml#sSpan1503" target="scriptorium.life.aphou.01.mark.xml#sSpan1501"/>
		<rel id="sPointingRel4963" xlink:href="scriptorium.life.aphou.01.mark.xml#sSpan3663" target="scriptorium.life.aphou.01.mark.xml#sSpan3665"/>
		<rel id="sPointingRel4965" xlink:href="scriptorium.life.aphou.01.mark.xml#sSpan3484" target="scriptorium.life.aphou.01.mark.xml#sSpan3485"/>
		<rel id="sPointingRel4967" xlink:href="scriptorium.life.aphou.01.mark.xml#sSpan6032" target="scriptorium.life.aphou.01.mark.xml#sSpan6034"/>
		<rel id="sPointingRel4969" xlink:href="scriptorium.life.aphou.01.mark.xml#sSpan4907" target="scriptorium.life.aphou.01.mark.xml#sSpan4908"/>
		<rel id="sPointingRel4971" xlink:href="scriptorium.life.aphou.01.mark.xml#sSpan4015" target="scriptorium.life.aphou.01.mark.xml#sSpan4017"/>
		<rel id="sPointingRel4973" xlink:href="scriptorium.life.aphou.01.mark.xml#sSpan3915" target="scriptorium.life.aphou.01.mark.xml#sSpan3916"/>
		<rel id="sPointingRel4975" xlink:href="scriptorium.life.aphou.01.mark.xml#sSpan6603" target="scriptorium.life.aphou.01.mark.xml#sSpan6601"/>
		<rel id="sPointingRel4977" xlink:href="scriptorium.life.aphou.01.mark.xml#sSpan7069" target="scriptorium.life.aphou.01.mark.xml#sSpan7067"/>
		<rel id="sPointingRel4979" xlink:href="scriptorium.life.aphou.01.mark.xml#sSpan2521" target="scriptorium.life.aphou.01.mark.xml#sSpan2522"/>
		<rel id="sPointingRel4981" xlink:href="scriptorium.life.aphou.01.mark.xml#sSpan1036" target="scriptorium.life.aphou.01.mark.xml#sSpan1038"/>
		<rel id="sPointingRel4983" xlink:href="scriptorium.life.aphou.01.mark.xml#sSpan902" target="scriptorium.life.aphou.01.mark.xml#sSpan900"/>
		<rel id="sPointingRel4985" xlink:href="scriptorium.life.aphou.01.mark.xml#sSpan2884" target="scriptorium.life.aphou.01.mark.xml#sSpan2886"/>
		<rel id="sPointingRel4987" xlink:href="scriptorium.life.aphou.01.mark.xml#sSpan2008" target="scriptorium.life.aphou.01.mark.xml#sSpan2009"/>
		<rel id="sPointingRel4989" xlink:href="scriptorium.life.aphou.01.mark.xml#sSpan2727" target="scriptorium.life.aphou.01.mark.xml#sSpan2728"/>
		<rel id="sPointingRel4991" xlink:href="scriptorium.life.aphou.01.mark.xml#sSpan4086" target="scriptorium.life.aphou.01.mark.xml#sSpan4087"/>
		<rel id="sPointingRel4993" xlink:href="scriptorium.life.aphou.01.mark.xml#sSpan4600" target="scriptorium.life.aphou.01.mark.xml#sSpan4602"/>
		<rel id="sPointingRel4995" xlink:href="scriptorium.life.aphou.01.mark.xml#sSpan6987" target="scriptorium.life.aphou.01.mark.xml#sSpan6989"/>
		<rel id="sPointingRel4997" xlink:href="scriptorium.life.aphou.01.mark.xml#sSpan2784" target="scriptorium.life.aphou.01.mark.xml#sSpan2782"/>
		<rel id="sPointingRel4999" xlink:href="scriptorium.life.aphou.01.mark.xml#sSpan5962" target="scriptorium.life.aphou.01.mark.xml#sSpan5966"/>
		<rel id="sPointingRel5001" xlink:href="scriptorium.life.aphou.01.mark.xml#sSpan574" target="scriptorium.life.aphou.01.mark.xml#sSpan575"/>
		<rel id="sPointingRel5003" xlink:href="scriptorium.life.aphou.01.mark.xml#sSpan5119" target="scriptorium.life.aphou.01.mark.xml#sSpan5117"/>
		<rel id="sPointingRel5005" xlink:href="scriptorium.life.aphou.01.mark.xml#sSpan2511" target="scriptorium.life.aphou.01.mark.xml#sSpan2513"/>
		<rel id="sPointingRel5007" xlink:href="scriptorium.life.aphou.01.mark.xml#sSpan7219" target="scriptorium.life.aphou.01.mark.xml#sSpan7220"/>
		<rel id="sPointingRel5009" xlink:href="scriptorium.life.aphou.01.mark.xml#sSpan3201" target="scriptorium.life.aphou.01.mark.xml#sSpan3202"/>
		<rel id="sPointingRel5011" xlink:href="scriptorium.life.aphou.01.mark.xml#sSpan6901" target="scriptorium.life.aphou.01.mark.xml#sSpan6899"/>
		<rel id="sPointingRel5013" xlink:href="scriptorium.life.aphou.01.mark.xml#sSpan2751" target="scriptorium.life.aphou.01.mark.xml#sSpan2753"/>
		<rel id="sPointingRel5015" xlink:href="scriptorium.life.aphou.01.mark.xml#sSpan5878" target="scriptorium.life.aphou.01.mark.xml#sSpan5880"/>
		<rel id="sPointingRel5017" xlink:href="scriptorium.life.aphou.01.mark.xml#sSpan338" target="scriptorium.life.aphou.01.mark.xml#sSpan340"/>
		<rel id="sPointingRel5019" xlink:href="scriptorium.life.aphou.01.mark.xml#sSpan6292" target="scriptorium.life.aphou.01.mark.xml#sSpan6295"/>
		<rel id="sPointingRel5021" xlink:href="scriptorium.life.aphou.01.mark.xml#sSpan1734" target="scriptorium.life.aphou.01.mark.xml#sSpan1732"/>
		<rel id="sPointingRel5023" xlink:href="scriptorium.life.aphou.01.mark.xml#sSpan6511" target="scriptorium.life.aphou.01.mark.xml#sSpan6512"/>
		<rel id="sPointingRel5025" xlink:href="scriptorium.life.aphou.01.mark.xml#sSpan2967" target="scriptorium.life.aphou.01.mark.xml#sSpan2968"/>
		<rel id="sPointingRel5027" xlink:href="scriptorium.life.aphou.01.mark.xml#sSpan600" target="scriptorium.life.aphou.01.mark.xml#sSpan601"/>
		<rel id="sPointingRel5029" xlink:href="scriptorium.life.aphou.01.mark.xml#sSpan5443" target="scriptorium.life.aphou.01.mark.xml#sSpan5441"/>
		<rel id="sPointingRel5031" xlink:href="scriptorium.life.aphou.01.mark.xml#sSpan6053" target="scriptorium.life.aphou.01.mark.xml#sSpan6051"/>
		<rel id="sPointingRel5033" xlink:href="scriptorium.life.aphou.01.mark.xml#sSpan2645" target="scriptorium.life.aphou.01.mark.xml#sSpan2646"/>
		<rel id="sPointingRel5035" xlink:href="scriptorium.life.aphou.01.mark.xml#sSpan4758" target="scriptorium.life.aphou.01.mark.xml#sSpan4754"/>
		<rel id="sPointingRel5037" xlink:href="scriptorium.life.aphou.01.mark.xml#sSpan4201" target="scriptorium.life.aphou.01.mark.xml#sSpan4203"/>
		<rel id="sPointingRel5039" xlink:href="scriptorium.life.aphou.01.mark.xml#sSpan814" target="scriptorium.life.aphou.01.mark.xml#sSpan811"/>
		<rel id="sPointingRel5041" xlink:href="scriptorium.life.aphou.01.mark.xml#sSpan987" target="scriptorium.life.aphou.01.mark.xml#sSpan985"/>
		<rel id="sPointingRel5043" xlink:href="scriptorium.life.aphou.01.mark.xml#sSpan7161" target="scriptorium.life.aphou.01.mark.xml#sSpan7162"/>
		<rel id="sPointingRel5045" xlink:href="scriptorium.life.aphou.01.mark.xml#sSpan7151" target="scriptorium.life.aphou.01.mark.xml#sSpan7153"/>
		<rel id="sPointingRel5047" xlink:href="scriptorium.life.aphou.01.mark.xml#sSpan6126" target="scriptorium.life.aphou.01.mark.xml#sSpan6127"/>
		<rel id="sPointingRel5049" xlink:href="scriptorium.life.aphou.01.mark.xml#sSpan131" target="scriptorium.life.aphou.01.mark.xml#sSpan126"/>
		<rel id="sPointingRel5051" xlink:href="scriptorium.life.aphou.01.mark.xml#sSpan3005" target="scriptorium.life.aphou.01.mark.xml#sSpan3015"/>
		<rel id="sPointingRel5053" xlink:href="scriptorium.life.aphou.01.mark.xml#sSpan506" target="scriptorium.life.aphou.01.mark.xml#sSpan504"/>
		<rel id="sPointingRel5055" xlink:href="scriptorium.life.aphou.01.mark.xml#sSpan6847" target="scriptorium.life.aphou.01.mark.xml#sSpan6848"/>
		<rel id="sPointingRel5057" xlink:href="scriptorium.life.aphou.01.mark.xml#sSpan7034" target="scriptorium.life.aphou.01.mark.xml#sSpan7035"/>
		<rel id="sPointingRel5059" xlink:href="scriptorium.life.aphou.01.mark.xml#sSpan5499" target="scriptorium.life.aphou.01.mark.xml#sSpan5501"/>
		<rel id="sPointingRel5061" xlink:href="scriptorium.life.aphou.01.mark.xml#sSpan1060" target="scriptorium.life.aphou.01.mark.xml#sSpan1058"/>
		<rel id="sPointingRel5063" xlink:href="scriptorium.life.aphou.01.mark.xml#sSpan70" target="scriptorium.life.aphou.01.mark.xml#sSpan71"/>
		<rel id="sPointingRel5065" xlink:href="scriptorium.life.aphou.01.mark.xml#sSpan61" target="scriptorium.life.aphou.01.mark.xml#sSpan59"/>
		<rel id="sPointingRel5067" xlink:href="scriptorium.life.aphou.01.mark.xml#sSpan3062" target="scriptorium.life.aphou.01.mark.xml#sSpan3060"/>
		<rel id="sPointingRel5069" xlink:href="scriptorium.life.aphou.01.mark.xml#sSpan6079" target="scriptorium.life.aphou.01.mark.xml#sSpan6081"/>
		<rel id="sPointingRel5071" xlink:href="scriptorium.life.aphou.01.mark.xml#sSpan905" target="scriptorium.life.aphou.01.mark.xml#sSpan908"/>
		<rel id="sPointingRel5073" xlink:href="scriptorium.life.aphou.01.mark.xml#sSpan2679" target="scriptorium.life.aphou.01.mark.xml#sSpan2682"/>
		<rel id="sPointingRel5075" xlink:href="scriptorium.life.aphou.01.mark.xml#sSpan2762" target="scriptorium.life.aphou.01.mark.xml#sSpan2763"/>
		<rel id="sPointingRel5077" xlink:href="scriptorium.life.aphou.01.mark.xml#sSpan5226" target="scriptorium.life.aphou.01.mark.xml#sSpan5227"/>
		<rel id="sPointingRel5079" xlink:href="scriptorium.life.aphou.01.mark.xml#sSpan4079" target="scriptorium.life.aphou.01.mark.xml#sSpan4077"/>
		<rel id="sPointingRel5081" xlink:href="scriptorium.life.aphou.01.mark.xml#sSpan7399" target="scriptorium.life.aphou.01.mark.xml#sSpan7402"/>
		<rel id="sPointingRel5083" xlink:href="scriptorium.life.aphou.01.mark.xml#sSpan5278" target="scriptorium.life.aphou.01.mark.xml#sSpan5280"/>
		<rel id="sPointingRel5085" xlink:href="scriptorium.life.aphou.01.mark.xml#sSpan609" target="scriptorium.life.aphou.01.mark.xml#sSpan611"/>
		<rel id="sPointingRel5087" xlink:href="scriptorium.life.aphou.01.mark.xml#sSpan4976" target="scriptorium.life.aphou.01.mark.xml#sSpan4974"/>
		<rel id="sPointingRel5089" xlink:href="scriptorium.life.aphou.01.mark.xml#sSpan7200" target="scriptorium.life.aphou.01.mark.xml#sSpan7202"/>
		<rel id="sPointingRel5091" xlink:href="scriptorium.life.aphou.01.mark.xml#sSpan303" target="scriptorium.life.aphou.01.mark.xml#sSpan305"/>
		<rel id="sPointingRel5093" xlink:href="scriptorium.life.aphou.01.mark.xml#sSpan3580" target="scriptorium.life.aphou.01.mark.xml#sSpan3582"/>
		<rel id="sPointingRel5095" xlink:href="scriptorium.life.aphou.01.mark.xml#sSpan5686" target="scriptorium.life.aphou.01.mark.xml#sSpan5684"/>
		<rel id="sPointingRel5097" xlink:href="scriptorium.life.aphou.01.mark.xml#sSpan3570" target="scriptorium.life.aphou.01.mark.xml#sSpan3572"/>
		<rel id="sPointingRel5099" xlink:href="scriptorium.life.aphou.01.mark.xml#sSpan6587" target="scriptorium.life.aphou.01.mark.xml#sSpan6588"/>
		<rel id="sPointingRel5101" xlink:href="scriptorium.life.aphou.01.mark.xml#sSpan7127" target="scriptorium.life.aphou.01.mark.xml#sSpan7125"/>
		<rel id="sPointingRel5103" xlink:href="scriptorium.life.aphou.01.mark.xml#sSpan7321" target="scriptorium.life.aphou.01.mark.xml#sSpan7319"/>
		<rel id="sPointingRel5105" xlink:href="scriptorium.life.aphou.01.mark.xml#sSpan3965" target="scriptorium.life.aphou.01.mark.xml#sSpan3969"/>
		<rel id="sPointingRel5107" xlink:href="scriptorium.life.aphou.01.mark.xml#sSpan4684" target="scriptorium.life.aphou.01.mark.xml#sSpan4686"/>
		<rel id="sPointingRel5109" xlink:href="scriptorium.life.aphou.01.mark.xml#sSpan3996" target="scriptorium.life.aphou.01.mark.xml#sSpan3997"/>
		<rel id="sPointingRel5111" xlink:href="scriptorium.life.aphou.01.mark.xml#sSpan265" target="scriptorium.life.aphou.01.mark.xml#sSpan263"/>
		<rel id="sPointingRel5113" xlink:href="scriptorium.life.aphou.01.mark.xml#sSpan4723" target="scriptorium.life.aphou.01.mark.xml#sSpan4724"/>
		<rel id="sPointingRel5115" xlink:href="scriptorium.life.aphou.01.mark.xml#sSpan6004" target="scriptorium.life.aphou.01.mark.xml#sSpan6006"/>
		<rel id="sPointingRel5117" xlink:href="scriptorium.life.aphou.01.mark.xml#sSpan3255" target="scriptorium.life.aphou.01.mark.xml#sSpan3279"/>
		<rel id="sPointingRel5119" xlink:href="scriptorium.life.aphou.01.mark.xml#sSpan5593" target="scriptorium.life.aphou.01.mark.xml#sSpan5594"/>
		<rel id="sPointingRel5121" xlink:href="scriptorium.life.aphou.01.mark.xml#sSpan3715" target="scriptorium.life.aphou.01.mark.xml#sSpan3717"/>
		<rel id="sPointingRel5123" xlink:href="scriptorium.life.aphou.01.mark.xml#sSpan451" target="scriptorium.life.aphou.01.mark.xml#sSpan452"/>
		<rel id="sPointingRel5125" xlink:href="scriptorium.life.aphou.01.mark.xml#sSpan5254" target="scriptorium.life.aphou.01.mark.xml#sSpan5256"/>
		<rel id="sPointingRel5127" xlink:href="scriptorium.life.aphou.01.mark.xml#sSpan7382" target="scriptorium.life.aphou.01.mark.xml#sSpan7380"/>
		<rel id="sPointingRel5129" xlink:href="scriptorium.life.aphou.01.mark.xml#sSpan4984" target="scriptorium.life.aphou.01.mark.xml#sSpan4982"/>
		<rel id="sPointingRel5131" xlink:href="scriptorium.life.aphou.01.mark.xml#sSpan6692" target="scriptorium.life.aphou.01.mark.xml#sSpan6693"/>
		<rel id="sPointingRel5133" xlink:href="scriptorium.life.aphou.01.mark.xml#sSpan349" target="scriptorium.life.aphou.01.mark.xml#sSpan347"/>
		<rel id="sPointingRel5135" xlink:href="scriptorium.life.aphou.01.mark.xml#sSpan4786" target="scriptorium.life.aphou.01.mark.xml#sSpan4789"/>
		<rel id="sPointingRel5137" xlink:href="scriptorium.life.aphou.01.mark.xml#sSpan1046" target="scriptorium.life.aphou.01.mark.xml#sSpan1044"/>
		<rel id="sPointingRel5139" xlink:href="scriptorium.life.aphou.01.mark.xml#sSpan6415" target="scriptorium.life.aphou.01.mark.xml#sSpan6417"/>
		<rel id="sPointingRel5141" xlink:href="scriptorium.life.aphou.01.mark.xml#sSpan6663" target="scriptorium.life.aphou.01.mark.xml#sSpan6666"/>
		<rel id="sPointingRel5143" xlink:href="scriptorium.life.aphou.01.mark.xml#sSpan4194" target="scriptorium.life.aphou.01.mark.xml#sSpan4203"/>
		<rel id="sPointingRel5145" xlink:href="scriptorium.life.aphou.01.mark.xml#sSpan3025" target="scriptorium.life.aphou.01.mark.xml#sSpan3026"/>
		<rel id="sPointingRel5147" xlink:href="scriptorium.life.aphou.01.mark.xml#sSpan5345" target="scriptorium.life.aphou.01.mark.xml#sSpan5347"/>
		<rel id="sPointingRel5149" xlink:href="scriptorium.life.aphou.01.mark.xml#sSpan6558" target="scriptorium.life.aphou.01.mark.xml#sSpan6555"/>
		<rel id="sPointingRel5151" xlink:href="scriptorium.life.aphou.01.mark.xml#sSpan1725" target="scriptorium.life.aphou.01.mark.xml#sSpan1726"/>
		<rel id="sPointingRel5153" xlink:href="scriptorium.life.aphou.01.mark.xml#sSpan1302" target="scriptorium.life.aphou.01.mark.xml#sSpan1303"/>
		<rel id="sPointingRel5155" xlink:href="scriptorium.life.aphou.01.mark.xml#sSpan4547" target="scriptorium.life.aphou.01.mark.xml#sSpan4549"/>
		<rel id="sPointingRel5157" xlink:href="scriptorium.life.aphou.01.mark.xml#sSpan1092" target="scriptorium.life.aphou.01.mark.xml#sSpan1093"/>
		<rel id="sPointingRel5159" xlink:href="scriptorium.life.aphou.01.mark.xml#sSpan5325" target="scriptorium.life.aphou.01.mark.xml#sSpan5323"/>
		<rel id="sPointingRel5161" xlink:href="scriptorium.life.aphou.01.mark.xml#sSpan546" target="scriptorium.life.aphou.01.mark.xml#sSpan547"/>
		<rel id="sPointingRel5163" xlink:href="scriptorium.life.aphou.01.mark.xml#sSpan4490" target="scriptorium.life.aphou.01.mark.xml#sSpan4491"/>
		<rel id="sPointingRel5165" xlink:href="scriptorium.life.aphou.01.mark.xml#sSpan193" target="scriptorium.life.aphou.01.mark.xml#sSpan194"/>
		<rel id="sPointingRel5167" xlink:href="scriptorium.life.aphou.01.mark.xml#sSpan4897" target="scriptorium.life.aphou.01.mark.xml#sSpan4898"/>
		<rel id="sPointingRel5169" xlink:href="scriptorium.life.aphou.01.mark.xml#sSpan2612" target="scriptorium.life.aphou.01.mark.xml#sSpan2613"/>
		<rel id="sPointingRel5171" xlink:href="scriptorium.life.aphou.01.mark.xml#sSpan3102" target="scriptorium.life.aphou.01.mark.xml#sSpan3106"/>
		<rel id="sPointingRel5173" xlink:href="scriptorium.life.aphou.01.mark.xml#sSpan5138" target="scriptorium.life.aphou.01.mark.xml#sSpan5136"/>
		<rel id="sPointingRel5175" xlink:href="scriptorium.life.aphou.01.mark.xml#sSpan3651" target="scriptorium.life.aphou.01.mark.xml#sSpan3653"/>
		<rel id="sPointingRel5177" xlink:href="scriptorium.life.aphou.01.mark.xml#sSpan976" target="scriptorium.life.aphou.01.mark.xml#sSpan977"/>
		<rel id="sPointingRel5179" xlink:href="scriptorium.life.aphou.01.mark.xml#sSpan628" target="scriptorium.life.aphou.01.mark.xml#sSpan629"/>
		<rel id="sPointingRel5181" xlink:href="scriptorium.life.aphou.01.mark.xml#sSpan6109" target="scriptorium.life.aphou.01.mark.xml#sSpan6107"/>
		<rel id="sPointingRel5183" xlink:href="scriptorium.life.aphou.01.mark.xml#sSpan1013" target="scriptorium.life.aphou.01.mark.xml#sSpan1015"/>
		<rel id="sPointingRel5185" xlink:href="scriptorium.life.aphou.01.mark.xml#sSpan6726" target="scriptorium.life.aphou.01.mark.xml#sSpan6727"/>
		<rel id="sPointingRel5187" xlink:href="scriptorium.life.aphou.01.mark.xml#sSpan6437" target="scriptorium.life.aphou.01.mark.xml#sSpan6438"/>
		<rel id="sPointingRel5189" xlink:href="scriptorium.life.aphou.01.mark.xml#sSpan7011" target="scriptorium.life.aphou.01.mark.xml#sSpan7009"/>
		<rel id="sPointingRel5191" xlink:href="scriptorium.life.aphou.01.mark.xml#sSpan6644" target="scriptorium.life.aphou.01.mark.xml#sSpan6645"/>
		<rel id="sPointingRel5193" xlink:href="scriptorium.life.aphou.01.mark.xml#sSpan4069" target="scriptorium.life.aphou.01.mark.xml#sSpan4071"/>
		<rel id="sPointingRel5195" xlink:href="scriptorium.life.aphou.01.mark.xml#sSpan3751" target="scriptorium.life.aphou.01.mark.xml#sSpan3753"/>
		<rel id="sPointingRel5197" xlink:href="scriptorium.life.aphou.01.mark.xml#sSpan2852" target="scriptorium.life.aphou.01.mark.xml#sSpan2855"/>
		<rel id="sPointingRel5199" xlink:href="scriptorium.life.aphou.01.mark.xml#sSpan2658" target="scriptorium.life.aphou.01.mark.xml#sSpan2660"/>
		<rel id="sPointingRel5201" xlink:href="scriptorium.life.aphou.01.mark.xml#sSpan2810" target="scriptorium.life.aphou.01.mark.xml#sSpan2812"/>
		<rel id="sPointingRel5203" xlink:href="scriptorium.life.aphou.01.mark.xml#sSpan5371" target="scriptorium.life.aphou.01.mark.xml#sSpan5369"/>
		<rel id="sPointingRel5205" xlink:href="scriptorium.life.aphou.01.mark.xml#sSpan1642" target="scriptorium.life.aphou.01.mark.xml#sSpan1640"/>
		<rel id="sPointingRel5207" xlink:href="scriptorium.life.aphou.01.mark.xml#sSpan3623" target="scriptorium.life.aphou.01.mark.xml#sSpan3633"/>
		<rel id="sPointingRel5209" xlink:href="scriptorium.life.aphou.01.mark.xml#sSpan2241" target="scriptorium.life.aphou.01.mark.xml#sSpan2242"/>
		<rel id="sPointingRel5211" xlink:href="scriptorium.life.aphou.01.mark.xml#sSpan3859" target="scriptorium.life.aphou.01.mark.xml#sSpan3857"/>
		<rel id="sPointingRel5213" xlink:href="scriptorium.life.aphou.01.mark.xml#sSpan3270" target="scriptorium.life.aphou.01.mark.xml#sSpan3271"/>
		<rel id="sPointingRel5215" xlink:href="scriptorium.life.aphou.01.mark.xml#sSpan2820" target="scriptorium.life.aphou.01.mark.xml#sSpan2821"/>
		<rel id="sPointingRel5217" xlink:href="scriptorium.life.aphou.01.mark.xml#sSpan1492" target="scriptorium.life.aphou.01.mark.xml#sSpan1493"/>
		<rel id="sPointingRel5219" xlink:href="scriptorium.life.aphou.01.mark.xml#sSpan2440" target="scriptorium.life.aphou.01.mark.xml#sSpan2441"/>
		<rel id="sPointingRel5221" xlink:href="scriptorium.life.aphou.01.mark.xml#sSpan4871" target="scriptorium.life.aphou.01.mark.xml#sSpan4869"/>
		<rel id="sPointingRel5223" xlink:href="scriptorium.life.aphou.01.mark.xml#sSpan116" target="scriptorium.life.aphou.01.mark.xml#sSpan118"/>
		<rel id="sPointingRel5225" xlink:href="scriptorium.life.aphou.01.mark.xml#sSpan2131" target="scriptorium.life.aphou.01.mark.xml#sSpan2132"/>
		<rel id="sPointingRel5227" xlink:href="scriptorium.life.aphou.01.mark.xml#sSpan3035" target="scriptorium.life.aphou.01.mark.xml#sSpan3037"/>
		<rel id="sPointingRel5229" xlink:href="scriptorium.life.aphou.01.mark.xml#sSpan3877" target="scriptorium.life.aphou.01.mark.xml#sSpan3873"/></relList></paula>