<?xml version='1.0' encoding='UTF-8'?><!DOCTYPE paula SYSTEM "paula_feat.dtd">
<paula version="1.1">
	<header paula_id="scriptorium.life.phib.01.mark_persName_type"/>
	<featList xmlns:xlink="http://www.w3.org/1999/xlink" type="persName_type" xml:base="scriptorium.life.phib.01.mark.xml">
		<feat xlink:href="#sSpan36" value="saint"/>
		<feat xlink:href="#sSpan78" value="saint"/>
		<feat xlink:href="#sSpan95" value="saint"/>
		<feat xlink:href="#sSpan155" value="saint"/>
		<feat xlink:href="#sSpan279" value="biblical"/>
		<feat xlink:href="#sSpan526" value="monk"/>
		<feat xlink:href="#sSpan601" value="monk"/>
		<feat xlink:href="#sSpan995" value="monk"/>
		<feat xlink:href="#sSpan1200" value="monk"/>
		<feat xlink:href="#sSpan1483" value="monk"/>
		<feat xlink:href="#sSpan1900" value="monk"/>
		<feat xlink:href="#sSpan2019" value="monk"/>
		<feat xlink:href="#sSpan2780" value="monk"/>
		<feat xlink:href="#sSpan2976" value="monk"/>
		<feat xlink:href="#sSpan3078" value="monk"/>
		<feat xlink:href="#sSpan3589" value="monk"/>
		<feat xlink:href="#sSpan3847" value="biblical"/>
		<feat xlink:href="#sSpan3967" value="monk"/>
		<feat xlink:href="#sSpan4210" value="monk"/>
		<feat xlink:href="#sSpan4273" value="monk"/>
		<feat xlink:href="#sSpan5093" value="monk"/>
		<feat xlink:href="#sSpan5305" value="biblical"/>
		<feat xlink:href="#sSpan6107" value="monk"/>
		<feat xlink:href="#sSpan6612" value="monk"/>
		<feat xlink:href="#sSpan6839" value="monk"/></featList></paula>