<?xml version='1.0' encoding='UTF-8'?><!DOCTYPE paula SYSTEM "paula_feat.dtd">
<paula version="1.1">
	<header paula_id="scriptorium.life.phib.01.mark_morph"/>
	<featList xmlns:xlink="http://www.w3.org/1999/xlink" type="morph" xml:base="scriptorium.life.phib.01.mark.xml">
		<feat xlink:href="#sSpan20" value="ⲡ"/>
		<feat xlink:href="#sSpan23" value="ⲉⲧ"/>
		<feat xlink:href="#sSpan24" value="ⲟⲩⲁⲁⲃ"/>
		<feat xlink:href="#sSpan164" value="ⲥⲟⲩ"/>
		<feat xlink:href="#sSpan168" value="ϫⲟⲩⲧⲏ"/>
		<feat xlink:href="#sSpan342" value="ⲣ"/>
		<feat xlink:href="#sSpan346" value="ⲡ"/>
		<feat xlink:href="#sSpan347" value="ⲙⲉⲉⲩⲉ"/>
		<feat xlink:href="#sSpan478" value="ⲡ"/>
		<feat xlink:href="#sSpan481" value="ⲉⲧ"/>
		<feat xlink:href="#sSpan482" value="ⲟⲩⲁⲁⲃ"/>
		<feat xlink:href="#sSpan612" value="ⲣ"/>
		<feat xlink:href="#sSpan616" value="ⲙⲟⲛⲟⲭⲟⲥ"/>
		<feat xlink:href="#sSpan1394" value="ⲣⲉϥ"/>
		<feat xlink:href="#sSpan1398" value="ⲧⲟⲩϫⲉ"/>
		<feat xlink:href="#sSpan1399" value="ⲯⲩⲭⲏ"/>
		<feat xlink:href="#sSpan1679" value="ⲣⲙ"/>
		<feat xlink:href="#sSpan1682" value="ⲣⲁϣ"/>
		<feat xlink:href="#sSpan1857" value="ⲙⲛⲧ"/>
		<feat xlink:href="#sSpan1860" value="ⲉⲓⲱⲧ"/>
		<feat xlink:href="#sSpan2316" value="ⲣ"/>
		<feat xlink:href="#sSpan2319" value="ϣⲡⲏⲣⲉ"/>
		<feat xlink:href="#sSpan2566" value="ϫⲓ"/>
		<feat xlink:href="#sSpan2569" value="ⲥⲃⲱ"/>
		<feat xlink:href="#sSpan2585" value="ⲙⲛⲧ"/>
		<feat xlink:href="#sSpan2588" value="ⲛⲟⲩⲧⲉ"/>
		<feat xlink:href="#sSpan2677" value="ϯ"/>
		<feat xlink:href="#sSpan2680" value="ⲉⲟⲟⲩ"/>
		<feat xlink:href="#sSpan3047" value="ϯ"/>
		<feat xlink:href="#sSpan3050" value="ⲉⲟⲟⲩ"/>
		<feat xlink:href="#sSpan3356" value="ⲣ"/>
		<feat xlink:href="#sSpan3359" value="ⲟⲩⲟⲉⲓⲛ"/>
		<feat xlink:href="#sSpan3455" value="ⲣ"/>
		<feat xlink:href="#sSpan3458" value="ⲟⲩⲟⲉⲓⲛ"/>
		<feat xlink:href="#sSpan3532" value="ⲕⲁ"/>
		<feat xlink:href="#sSpan3535" value="ⲛⲟⲃⲉ"/>
		<feat xlink:href="#sSpan4068" value="ⲙⲛⲧ"/>
		<feat xlink:href="#sSpan4071" value="ⲛⲟϭ"/>
		<feat xlink:href="#sSpan4084" value="ⲙⲛⲧ"/>
		<feat xlink:href="#sSpan4087" value="ⲙⲁⲓⲉⲟⲟⲩ"/>
		<feat xlink:href="#sSpan4113" value="ⲣ"/>
		<feat xlink:href="#sSpan4116" value="ϣⲡⲏⲣⲉ"/>
		<feat xlink:href="#sSpan4812" value="ⲕⲁ"/>
		<feat xlink:href="#sSpan4816" value="ⲛⲟⲃⲉ"/>
		<feat xlink:href="#sSpan4852" value="ⲣ"/>
		<feat xlink:href="#sSpan4855" value="ϣⲡⲏⲣⲉ"/>
		<feat xlink:href="#sSpan4962" value="ⲙⲛⲧ"/>
		<feat xlink:href="#sSpan4965" value="ⲉⲓⲱⲧ"/>
		<feat xlink:href="#sSpan5066" value="ⲣⲉϥ"/>
		<feat xlink:href="#sSpan5069" value="ϫⲣⲟ"/>
		<feat xlink:href="#sSpan5212" value="ⲙⲛⲧ"/>
		<feat xlink:href="#sSpan5215" value="ϫⲁⲥⲓ"/>
		<feat xlink:href="#sSpan5216" value="ϩⲏⲧ"/>
		<feat xlink:href="#sSpan5634" value="ⲟⲩⲉϩ"/>
		<feat xlink:href="#sSpan5637" value="ⲥⲁϩⲛⲉ"/>
		<feat xlink:href="#sSpan5787" value="ϯ"/>
		<feat xlink:href="#sSpan5790" value="ⲙⲉ"/>
		<feat xlink:href="#sSpan6748" value="ⲙⲁⲓ"/>
		<feat xlink:href="#sSpan6751" value="ⲛⲟⲩⲧⲉ"/></featList></paula>