<?xml version='1.0' encoding='UTF-8'?><!DOCTYPE paula SYSTEM "paula_feat.dtd">
<paula version="1.1">
	<header paula_id="scriptorium.life.phib.01.mark_new_sent"/>
	<featList xmlns:xlink="http://www.w3.org/1999/xlink" type="new_sent" xml:base="scriptorium.life.phib.01.mark.xml">
		<feat xlink:href="#sSpan1" value="true"/>
		<feat xlink:href="#sSpan117" value="true"/>
		<feat xlink:href="#sSpan206" value="true"/>
		<feat xlink:href="#sSpan240" value="true"/>
		<feat xlink:href="#sSpan375" value="true"/>
		<feat xlink:href="#sSpan487" value="true"/>
		<feat xlink:href="#sSpan570" value="true"/>
		<feat xlink:href="#sSpan628" value="true"/>
		<feat xlink:href="#sSpan668" value="true"/>
		<feat xlink:href="#sSpan781" value="true"/>
		<feat xlink:href="#sSpan902" value="true"/>
		<feat xlink:href="#sSpan1019" value="true"/>
		<feat xlink:href="#sSpan1080" value="true"/>
		<feat xlink:href="#sSpan1185" value="true"/>
		<feat xlink:href="#sSpan1267" value="true"/>
		<feat xlink:href="#sSpan1520" value="true"/>
		<feat xlink:href="#sSpan1666" value="true"/>
		<feat xlink:href="#sSpan1767" value="true"/>
		<feat xlink:href="#sSpan1865" value="true"/>
		<feat xlink:href="#sSpan1930" value="true"/>
		<feat xlink:href="#sSpan2012" value="true"/>
		<feat xlink:href="#sSpan2105" value="true"/>
		<feat xlink:href="#sSpan2198" value="true"/>
		<feat xlink:href="#sSpan2368" value="true"/>
		<feat xlink:href="#sSpan2492" value="true"/>
		<feat xlink:href="#sSpan2602" value="true"/>
		<feat xlink:href="#sSpan2694" value="true"/>
		<feat xlink:href="#sSpan2745" value="true"/>
		<feat xlink:href="#sSpan2817" value="true"/>
		<feat xlink:href="#sSpan2849" value="true"/>
		<feat xlink:href="#sSpan2990" value="true"/>
		<feat xlink:href="#sSpan3129" value="true"/>
		<feat xlink:href="#sSpan3212" value="true"/>
		<feat xlink:href="#sSpan3561" value="true"/>
		<feat xlink:href="#sSpan3685" value="true"/>
		<feat xlink:href="#sSpan3770" value="true"/>
		<feat xlink:href="#sSpan3823" value="true"/>
		<feat xlink:href="#sSpan3895" value="true"/>
		<feat xlink:href="#sSpan3942" value="true"/>
		<feat xlink:href="#sSpan3987" value="true"/>
		<feat xlink:href="#sSpan4101" value="true"/>
		<feat xlink:href="#sSpan4255" value="true"/>
		<feat xlink:href="#sSpan4300" value="true"/>
		<feat xlink:href="#sSpan4433" value="true"/>
		<feat xlink:href="#sSpan4548" value="true"/>
		<feat xlink:href="#sSpan4591" value="true"/>
		<feat xlink:href="#sSpan4649" value="true"/>
		<feat xlink:href="#sSpan4838" value="true"/>
		<feat xlink:href="#sSpan4897" value="true"/>
		<feat xlink:href="#sSpan4970" value="true"/>
		<feat xlink:href="#sSpan5031" value="true"/>
		<feat xlink:href="#sSpan5106" value="true"/>
		<feat xlink:href="#sSpan5145" value="true"/>
		<feat xlink:href="#sSpan5267" value="true"/>
		<feat xlink:href="#sSpan5341" value="true"/>
		<feat xlink:href="#sSpan5450" value="true"/>
		<feat xlink:href="#sSpan5483" value="true"/>
		<feat xlink:href="#sSpan5550" value="true"/>
		<feat xlink:href="#sSpan5717" value="true"/>
		<feat xlink:href="#sSpan5911" value="true"/>
		<feat xlink:href="#sSpan6027" value="true"/>
		<feat xlink:href="#sSpan6073" value="true"/>
		<feat xlink:href="#sSpan6098" value="true"/>
		<feat xlink:href="#sSpan6188" value="true"/>
		<feat xlink:href="#sSpan6281" value="true"/>
		<feat xlink:href="#sSpan6368" value="true"/>
		<feat xlink:href="#sSpan6422" value="true"/>
		<feat xlink:href="#sSpan6515" value="true"/>
		<feat xlink:href="#sSpan6622" value="true"/>
		<feat xlink:href="#sSpan6724" value="true"/>
		<feat xlink:href="#sSpan6813" value="true"/>
		<feat xlink:href="#sSpan6978" value="true"/></featList></paula>