<?xml version='1.0' encoding='UTF-8'?><!DOCTYPE paula SYSTEM "paula_feat.dtd">
<paula version="1.1">
	<header paula_id="scriptorium.life.phib.01.mark_quote_ref"/>
	<featList xmlns:xlink="http://www.w3.org/1999/xlink" type="quote_ref" xml:base="scriptorium.life.phib.01.mark.xml">
		<feat xlink:href="#sSpan328" value="Ps.111 , 7"/>
		<feat xlink:href="#sSpan381" value="Ps.91 , 13"/>
		<feat xlink:href="#sSpan1493" value="IO 1 , 47"/>
		<feat xlink:href="#sSpan3242" value="Mt. 5 , 15"/>
		<feat xlink:href="#sSpan3862" value="Deut. 29 , 28"/>
		<feat xlink:href="#sSpan5348" value="I Cor. 16 , 12"/></featList></paula>