<?xml version='1.0' encoding='UTF-8'?><!DOCTYPE paula SYSTEM "paula_feat.dtd">
<paula version="1.1">
	<header paula_id="scriptorium.life.phib.01.mark_orig_group"/>
	<featList xmlns:xlink="http://www.w3.org/1999/xlink" type="orig_group" xml:base="scriptorium.life.phib.01.mark.xml">
		<feat xlink:href="#sSpan4" value="ⲡⲃⲓⲟⲥ"/>
		<feat xlink:href="#sSpan16" value="ⲙⲡⲉⲛⲡⲉⲧⲟⲩⲁⲁⲃ"/>
		<feat xlink:href="#sSpan28" value="ⲛⲉⲓⲱⲧ"/>
		<feat xlink:href="#sSpan35" value="ⲁⲡⲁ"/>
		<feat xlink:href="#sSpan40" value="ⲫⲓϥ"/>
		<feat xlink:href="#sSpan45" value="ⲡⲁⲛⲁⲭⲱⲣⲏⲧⲏⲥ"/>
		<feat xlink:href="#sSpan52" value="ⲉⲧⲟⲩⲁⲁⲃ"/>
		<feat xlink:href="#sSpan59" value="ⲉⲁϥϩⲓⲥⲧⲱⲣⲓⲍⲉ"/>
		<feat xlink:href="#sSpan69" value="ⲙⲙⲟϥ"/>
		<feat xlink:href="#sSpan75" value="ⲛϭⲓⲡⲁⲡⲟϩⲉ"/>
		<feat xlink:href="#sSpan83" value="ⲡⲙⲁⲑⲏⲧⲏⲥ"/>
		<feat xlink:href="#sSpan90" value="ⲛⲁⲡⲁ"/>
		<feat xlink:href="#sSpan99" value="ⲁⲡⲟⲗⲗⲱ"/>
		<feat xlink:href="#sSpan103" value="ⲡⲧⲉⲗⲓⲟⲥ"/>
		<feat xlink:href="#sSpan110" value="ⲉⲧⲥⲙⲁⲙⲁⲁⲧ"/>
		<feat xlink:href="#sSpan116" value="·"/>
		<feat xlink:href="#sSpan120" value="ⲛⲧⲁϥⲙⲧⲟⲛ"/>
		<feat xlink:href="#sSpan133" value="ⲇⲉ"/>
		<feat xlink:href="#sSpan137" value="ⲙⲙⲟϥ"/>
		<feat xlink:href="#sSpan143" value="ⲛϭⲓⲡⲙⲁⲕⲁⲣⲓⲟⲥ"/>
		<feat xlink:href="#sSpan154" value="ⲁⲡⲁ"/>
		<feat xlink:href="#sSpan159" value="ⲫⲓϥ"/>
		<feat xlink:href="#sSpan163" value="ϩⲛⲥⲟⲩϫⲟⲩⲧⲏ"/>
		<feat xlink:href="#sSpan172" value="ⲙⲡⲉⲃⲟⲧ"/>
		<feat xlink:href="#sSpan182" value="ⲡⲁⲟⲡⲉ"/>
		<feat xlink:href="#sSpan186" value="ϩⲛⲟⲩⲉⲓⲣⲏⲛⲏ"/>
		<feat xlink:href="#sSpan196" value="ⲛⲧⲉⲡⲛⲟⲩⲧⲉ"/>
		<feat xlink:href="#sSpan205" value="·"/>
		<feat xlink:href="#sSpan209" value="ⲉⲣⲉⲛϥⲥⲙⲟⲩ"/>
		<feat xlink:href="#sSpan221" value="ⲛⲁϣⲱⲡⲉ"/>
		<feat xlink:href="#sSpan227" value="ⲛⲙⲙⲁⲛ"/>
		<feat xlink:href="#sSpan234" value="ϩⲁⲙⲏⲛ"/>
		<feat xlink:href="#sSpan238" value="·"/>
		<feat xlink:href="#sSpan243" value="ⲁⲗⲏⲑⲱⲥ"/>
		<feat xlink:href="#sSpan252" value="ⲟⲩⲙⲉ"/>
		<feat xlink:href="#sSpan258" value="ⲡⲉ"/>
		<feat xlink:href="#sSpan262" value="ⲡϣⲁϫⲉ"/>
		<feat xlink:href="#sSpan269" value="ⲙⲡϩⲩⲙⲛⲟⲇⲟⲥ"/>
		<feat xlink:href="#sSpan278" value="ⲉⲧⲟⲩⲁⲁⲃ"/>
		<feat xlink:href="#sSpan286" value="ⲇ︤ⲁ︦ⲇ︥"/>
		<feat xlink:href="#sSpan290" value="ⲉϥⲱϣ"/>
		<feat xlink:href="#sSpan299" value="ⲉⲃⲟⲗ"/>
		<feat xlink:href="#sSpan303" value="ⲉϥϫⲱ"/>
		<feat xlink:href="#sSpan311" value="ⲙⲙⲟⲥ"/>
		<feat xlink:href="#sSpan317" value="ϫⲉ"/>
		<feat xlink:href="#sSpan321" value="·"/>
		<feat xlink:href="#sSpan326" value="ⲡⲇⲓⲕⲁⲓⲟⲥ"/>
		<feat xlink:href="#sSpan335" value="ⲛⲁϣⲱⲡⲉ"/>
		<feat xlink:href="#sSpan341" value="ⲛⲣⲡⲙⲉⲉⲩⲉ"/>
		<feat xlink:href="#sSpan351" value="ϣⲁⲉⲛⲉϩ"/>
		<feat xlink:href="#sSpan358" value="·"/>
		<feat xlink:href="#sSpan362" value="ⲁⲩⲱ"/>
		<feat xlink:href="#sSpan366" value="ⲟⲛ"/>
		<feat xlink:href="#sSpan370" value="ϫⲉ"/>
		<feat xlink:href="#sSpan374" value="·"/>
		<feat xlink:href="#sSpan379" value="ⲡⲇⲓⲕⲁⲓⲟⲥ"/>
		<feat xlink:href="#sSpan390" value="ⲛⲁϫⲓⲥⲉ"/>
		<feat xlink:href="#sSpan396" value="ⲛⲑⲉ"/>
		<feat xlink:href="#sSpan404" value="ⲛⲟⲩⲃⲛⲛⲉ"/>
		<feat xlink:href="#sSpan413" value="ⲛϥⲟⲩⲱⲥϣ"/>
		<feat xlink:href="#sSpan421" value="ⲉⲃⲟⲗ"/>
		<feat xlink:href="#sSpan425" value="ⲛⲑⲉ"/>
		<feat xlink:href="#sSpan433" value="ⲛⲧⲕⲉⲇⲣⲟⲥ"/>
		<feat xlink:href="#sSpan443" value="ⲉⲧϩⲙⲡⲗⲓⲃⲁⲛⲟⲥ"/>
		<feat xlink:href="#sSpan455" value="·"/>
		<feat xlink:href="#sSpan459" value="ⲁⲡⲁⲓ"/>
		<feat xlink:href="#sSpan466" value="ϫⲱⲕ"/>
		<feat xlink:href="#sSpan470" value="ⲉⲃⲟⲗ"/>
		<feat xlink:href="#sSpan474" value="ⲉϫⲙⲡⲉⲓⲡⲉⲧⲟⲩⲁⲁⲃ"/>
		<feat xlink:href="#sSpan486" value="·"/>
		<feat xlink:href="#sSpan490" value="ⲛⲉⲟⲩⲛⲟⲩⲥⲟⲛ"/>
		<feat xlink:href="#sSpan506" value="ⲇⲉ"/>
		<feat xlink:href="#sSpan510" value="ⲉⲡⲉϥⲣⲁⲛ"/>
		<feat xlink:href="#sSpan519" value="ⲡⲉ"/>
		<feat xlink:href="#sSpan524" value="ⲁⲡⲁ"/>
		<feat xlink:href="#sSpan530" value="ⲫⲓϥ"/>
		<feat xlink:href="#sSpan534" value="ⲉⲩⲣⲙⲡⲥⲓⲛⲉⲙⲟⲩⲛ"/>
		<feat xlink:href="#sSpan549" value="ⲡⲉ"/>
		<feat xlink:href="#sSpan553" value="ϩⲙⲡⲧⲟϣ"/>
		<feat xlink:href="#sSpan562" value="ⲛϣⲙⲟⲩⲛ"/>
		<feat xlink:href="#sSpan569" value="·"/>
		<feat xlink:href="#sSpan573" value="ⲁϥⲉⲓ"/>
		<feat xlink:href="#sSpan584" value="ϣⲁⲡⲁⲉⲓⲱⲧ"/>
		<feat xlink:href="#sSpan593" value="ⲉⲧⲟⲩⲁⲁⲃ"/>
		<feat xlink:href="#sSpan600" value="ⲁⲡⲁ"/>
		<feat xlink:href="#sSpan605" value="ⲁⲡⲟⲗⲗⲱ"/>
		<feat xlink:href="#sSpan609" value="ⲁϥⲣⲙⲟⲛⲟⲭⲟⲥ"/>
		<feat xlink:href="#sSpan621" value="ϩⲁϩⲧⲏϥ"/>
		<feat xlink:href="#sSpan627" value="·"/>
		<feat xlink:href="#sSpan631" value="ⲁⲩϭⲱ"/>
		<feat xlink:href="#sSpan642" value="ⲇⲉ"/>
		<feat xlink:href="#sSpan646" value="ⲙⲛⲛⲉⲩⲉⲣⲏⲩ"/>
		<feat xlink:href="#sSpan654" value="ⲛⲁϯⲉ"/>
		<feat xlink:href="#sSpan661" value="ⲛⲣⲟⲙⲡⲉ"/>
		<feat xlink:href="#sSpan667" value="·"/>
		<feat xlink:href="#sSpan671" value="ⲙⲛⲛⲥⲱⲥ"/>
		<feat xlink:href="#sSpan680" value="ⲁⲁⲡⲉⲧⲣⲁ"/>
		<feat xlink:href="#sSpan689" value="ⲉⲛⲧⲟⲩ"/>
		<feat xlink:href="#sSpan697" value="ⲙⲡⲉⲥⲛⲁⲩ"/>
		<feat xlink:href="#sSpan706" value="ⲁϥⲕⲁⲁⲩ"/>
		<feat xlink:href="#sSpan716" value="ϩⲁϩⲧⲛⲛⲉⲩⲉⲣⲏⲩ"/>
		<feat xlink:href="#sSpan724" value="ϩⲙⲡⲧⲟⲟⲩ"/>
		<feat xlink:href="#sSpan735" value="ⲛϯⲧⲕⲟⲟϩ"/>
		<feat xlink:href="#sSpan746" value="ⲁϥⲃⲱⲕ"/>
		<feat xlink:href="#sSpan755" value="ϣⲁⲡⲉϩⲟⲟⲩ"/>
		<feat xlink:href="#sSpan764" value="ⲛⲧⲁϥⲙⲧⲟⲛ"/>
		<feat xlink:href="#sSpan774" value="ⲙⲙⲟϥ"/>
		<feat xlink:href="#sSpan780" value="·"/>
		<feat xlink:href="#sSpan784" value="ⲛⲧⲟⲟⲩ"/>
		<feat xlink:href="#sSpan791" value="ⲇⲉ"/>
		<feat xlink:href="#sSpan795" value="ⲙⲡⲉⲥⲛⲁⲩ"/>
		<feat xlink:href="#sSpan804" value="ⲛⲉⲩϣⲟⲟⲡ"/>
		<feat xlink:href="#sSpan812" value="ⲙⲛⲛⲉⲩⲉⲣⲏⲩ"/>
		<feat xlink:href="#sSpan820" value="ⲉⲩⲉⲓⲣⲉ"/>
		<feat xlink:href="#sSpan829" value="ⲛϩⲉⲛⲛⲟϭ"/>
		<feat xlink:href="#sSpan839" value="ⲙⲡⲟⲗⲩϯⲁ"/>
		<feat xlink:href="#sSpan846" value="ⲉⲙⲛⲣⲱⲙⲉ"/>
		<feat xlink:href="#sSpan855" value="ⲛⲁϣ"/>
		<feat xlink:href="#sSpan861" value="ϫⲓⲏⲡⲉ"/>
		<feat xlink:href="#sSpan865" value="ⲙⲙⲟⲟⲩ"/>
		<feat xlink:href="#sSpan872" value="ⲟⲩⲇⲉ"/>
		<feat xlink:href="#sSpan876" value="ⲛⲧⲛⲛⲁϣϫⲟⲟⲩ"/>
		<feat xlink:href="#sSpan888" value="ⲁⲛ"/>
		<feat xlink:href="#sSpan892" value="ⲉⲧⲃⲉⲧⲉⲩⲁϣⲏ"/>
		<feat xlink:href="#sSpan901" value="·"/>
		<feat xlink:href="#sSpan905" value="ⲥⲱⲧⲙ"/>
		<feat xlink:href="#sSpan913" value="ⲉⲣⲟⲓ"/>
		<feat xlink:href="#sSpan919" value="ⲛⲁⲥⲛⲏⲩ"/>
		<feat xlink:href="#sSpan926" value="ⲛⲁⲙⲉⲣⲁⲧⲉ"/>
		<feat xlink:href="#sSpan932" value="ϩⲙⲡϫ︤ⲥ︥"/>
		<feat xlink:href="#sSpan942" value="ⲛⲧⲁⲧⲁⲙⲱⲧⲛ"/>
		<feat xlink:href="#sSpan952" value="ⲉⲛϭⲟⲙ"/>
		<feat xlink:href="#sSpan961" value="ⲙⲛⲛⲉⲥⲃⲟⲟⲩⲉ"/>
		<feat xlink:href="#sSpan970" value="ⲛⲱⲛϩ"/>
		<feat xlink:href="#sSpan977" value="ⲙⲡⲉⲛⲙⲁⲕⲁⲣⲓⲟⲥ"/>
		<feat xlink:href="#sSpan987" value="ⲛⲉⲓⲱⲧ"/>
		<feat xlink:href="#sSpan994" value="ⲁⲡⲁ"/>
		<feat xlink:href="#sSpan999" value="ⲁⲡⲟⲗⲗⲱ"/>
		<feat xlink:href="#sSpan1003" value="ⲡⲣⲱⲙⲉ"/>
		<feat xlink:href="#sSpan1009" value="ⲙⲡⲛⲟⲩⲧⲉ"/>
		<feat xlink:href="#sSpan1018" value=","/>
		<feat xlink:href="#sSpan1022" value="ⲡⲉⲛⲧⲁϥⲧⲁⲗⲟ"/>
		<feat xlink:href="#sSpan1038" value="ⲉϩⲣⲁⲓ"/>
		<feat xlink:href="#sSpan1042" value="ⲙⲡⲉϥⲥⲱⲙⲁ"/>
		<feat xlink:href="#sSpan1052" value="ⲛⲟⲩⲑⲩⲥⲓⲁ"/>
		<feat xlink:href="#sSpan1062" value="ⲉⲥⲟⲩⲁⲁⲃ"/>
		<feat xlink:href="#sSpan1070" value="ⲙⲡⲛⲟⲩⲧⲉ"/>
		<feat xlink:href="#sSpan1079" value=","/>
		<feat xlink:href="#sSpan1083" value="ⲡⲉⲛⲧⲁϥϣⲱⲡⲉ"/>
		<feat xlink:href="#sSpan1098" value="ⲙⲙⲁ"/>
		<feat xlink:href="#sSpan1105" value="ⲛⲟⲩⲱϩ"/>
		<feat xlink:href="#sSpan1111" value="ⲙⲡⲉⲓⲱⲧ"/>
		<feat xlink:href="#sSpan1120" value="ⲁⲩⲱ"/>
		<feat xlink:href="#sSpan1124" value="ⲙⲙⲁ"/>
		<feat xlink:href="#sSpan1131" value="ⲛⲙⲧⲟⲛ"/>
		<feat xlink:href="#sSpan1138" value="ⲙⲡϣⲡⲣⲉ"/>
		<feat xlink:href="#sSpan1147" value="ⲁⲩⲱ"/>
		<feat xlink:href="#sSpan1151" value="ⲙⲙⲁ"/>
		<feat xlink:href="#sSpan1158" value="ⲛⲥⲱⲟⲩϩ"/>
		<feat xlink:href="#sSpan1164" value="ⲉϩⲟⲩⲛ"/>
		<feat xlink:href="#sSpan1168" value="ⲙⲡⲉⲡ︤ⲛ︦ⲁ︥"/>
		<feat xlink:href="#sSpan1178" value="ⲉⲧⲟⲩⲁⲁⲃ"/>
		<feat xlink:href="#sSpan1184" value="·"/>
		<feat xlink:href="#sSpan1188" value="ⲁⲛⲟⲕ"/>
		<feat xlink:href="#sSpan1195" value="ⲇⲉ"/>
		<feat xlink:href="#sSpan1199" value="ⲡⲁⲡⲟϩⲉ"/>
		<feat xlink:href="#sSpan1206" value="ⲡⲟⲓⲕⲟⲛⲟⲙⲟⲥ"/>
		<feat xlink:href="#sSpan1213" value="ⲡⲉⲓⲉⲗⲁⲭⲓⲥⲧⲟⲥ"/>
		<feat xlink:href="#sSpan1221" value="ⲛⲉⲓⲟ"/>
		<feat xlink:href="#sSpan1229" value="ⲛϣⲏⲣⲉ"/>
		<feat xlink:href="#sSpan1236" value="ⲕⲟⲩⲓ"/>
		<feat xlink:href="#sSpan1240" value="ⲉⲓⲥⲟⲃⲕ"/>
		<feat xlink:href="#sSpan1248" value="ϩⲙⲡⲏⲓ"/>
		<feat xlink:href="#sSpan1257" value="ⲛⲛⲁⲉⲓⲟⲟⲧⲉ"/>
		<feat xlink:href="#sSpan1266" value="·"/>
		<feat xlink:href="#sSpan1270" value="ⲁⲡⲛⲟⲩⲧⲉ"/>
		<feat xlink:href="#sSpan1281" value="ⲧⲛⲛⲟⲟⲩ"/>
		<feat xlink:href="#sSpan1285" value="ⲙⲡⲉϥⲁⲅⲅⲉⲗⲟⲥ"/>
		<feat xlink:href="#sSpan1295" value="ⲁϥⲉⲛⲧ"/>
		<feat xlink:href="#sSpan1303" value="ⲉⲃⲟⲗ"/>
		<feat xlink:href="#sSpan1307" value="ϩⲙⲡⲏⲓ"/>
		<feat xlink:href="#sSpan1316" value="ⲙⲡⲁⲉⲓⲱⲧ"/>
		<feat xlink:href="#sSpan1325" value="ⲁϥϫⲓ"/>
		<feat xlink:href="#sSpan1334" value="ⲙⲟⲉⲓⲧ"/>
		<feat xlink:href="#sSpan1339" value="ϩⲏⲧ"/>
		<feat xlink:href="#sSpan1343" value="ϩⲓⲛⲉϩⲓⲟⲟⲩⲉ"/>
		<feat xlink:href="#sSpan1352" value="ⲛⲧⲇⲓⲕⲁⲓⲟⲥⲩⲛⲏ"/>
		<feat xlink:href="#sSpan1362" value="ⲁϥⲉⲛⲧ"/>
		<feat xlink:href="#sSpan1370" value="ⲉⲣⲁⲧϥ"/>
		<feat xlink:href="#sSpan1376" value="ⲙⲡϣⲱⲥ"/>
		<feat xlink:href="#sSpan1385" value="ⲉⲧⲛⲁⲛⲟⲩϥ"/>
		<feat xlink:href="#sSpan1393" value="ⲛⲣⲉϥⲧⲟⲩϫⲉⲯⲩⲭⲏ"/>
		<feat xlink:href="#sSpan1404" value="ⲁⲓⲙⲟⲟⲛⲉ"/>
		<feat xlink:href="#sSpan1412" value="ⲉⲡⲗⲩⲙⲏⲛ"/>
		<feat xlink:href="#sSpan1422" value="ⲙⲡⲟⲩϫⲁⲓ"/>
		<feat xlink:href="#sSpan1431" value="ⲉⲧⲉⲙⲛⲥⲟⲟⲛⲉ"/>
		<feat xlink:href="#sSpan1440" value="ⲛϩⲏⲧϥ"/>
		<feat xlink:href="#sSpan1446" value="ⲉⲧⲉⲡⲉⲛⲙⲉⲣⲓⲧ"/>
		<feat xlink:href="#sSpan1455" value="ⲛⲉⲓⲱⲧ"/>
		<feat xlink:href="#sSpan1461" value="ⲡⲉ"/>
		<feat xlink:href="#sSpan1465" value="ⲙⲡⲉⲛⲙⲁⲕⲁⲣⲓⲟⲥ"/>
		<feat xlink:href="#sSpan1475" value="ⲛⲉⲓⲱⲧ"/>
		<feat xlink:href="#sSpan1482" value="ⲁⲡⲁ"/>
		<feat xlink:href="#sSpan1487" value="ⲁⲡⲟⲗⲗⲱ"/>
		<feat xlink:href="#sSpan1491" value="ⲡⲓⲥⲣⲁⲏⲗⲓⲧⲏⲥ"/>
		<feat xlink:href="#sSpan1500" value="ⲛⲁⲙⲉ"/>
		<feat xlink:href="#sSpan1504" value="ⲉⲧⲉⲙⲛⲕⲣⲟϥ"/>
		<feat xlink:href="#sSpan1513" value="ⲛϩⲏⲧϥ"/>
		<feat xlink:href="#sSpan1519" value="·"/>
		<feat xlink:href="#sSpan1523" value="ⲉϥϣⲟⲟⲡ"/>
		<feat xlink:href="#sSpan1536" value="ⲇⲉ"/>
		<feat xlink:href="#sSpan1540" value="ϩⲙⲡⲉⲓⲧⲟⲟⲩ"/>
		<feat xlink:href="#sSpan1549" value="ϩⲁⲑⲏ"/>
		<feat xlink:href="#sSpan1558" value="ⲙⲡⲁⲧⲉ"/>
		<feat xlink:href="#sSpan1563" value="ⲡϫ︤ⲥ︥"/>
		<feat xlink:href="#sSpan1569" value="ⲟⲩⲱⲛϩ"/>
		<feat xlink:href="#sSpan1574" value="ⲉⲃⲟⲗ"/>
		<feat xlink:href="#sSpan1578" value="ⲙⲡⲉϥⲉⲟⲟⲩ"/>
		<feat xlink:href="#sSpan1587" value="ⲉϩⲣⲁⲓ"/>
		<feat xlink:href="#sSpan1591" value="ⲉϫⲱϥ"/>
		<feat xlink:href="#sSpan1597" value="ⲁⲓⲧⲱϩⲙ"/>
		<feat xlink:href="#sSpan1606" value="ⲇⲉ"/>
		<feat xlink:href="#sSpan1610" value="ⲉⲡⲣⲟ"/>
		<feat xlink:href="#sSpan1619" value="ⲁϥⲉⲓ"/>
		<feat xlink:href="#sSpan1627" value="ⲛⲁⲓ"/>
		<feat xlink:href="#sSpan1633" value="ⲉⲃⲟⲗ"/>
		<feat xlink:href="#sSpan1637" value="ⲛⲧⲉⲩⲛⲟⲩ"/>
		<feat xlink:href="#sSpan1645" value="ⲉⲣⲉⲡϥϩⲟ"/>
		<feat xlink:href="#sSpan1654" value="ⲛⲟⲧⲃ"/>
		<feat xlink:href="#sSpan1658" value="ⲛⲥⲱⲃⲉ"/>
		<feat xlink:href="#sSpan1665" value="·"/>
		<feat xlink:href="#sSpan1669" value="ⲉⲛⲉⲟⲩⲣⲙⲣⲁϣ"/>
		<feat xlink:href="#sSpan1687" value="ⲅⲁⲣ"/>
		<feat xlink:href="#sSpan1691" value="ⲡⲉ"/>
		<feat xlink:href="#sSpan1696" value="ⲡⲁⲉⲓⲱⲧ"/>
		<feat xlink:href="#sSpan1702" value="ⲉϩⲟⲩⲛ"/>
		<feat xlink:href="#sSpan1706" value="ⲉⲣⲱⲙⲉ"/>
		<feat xlink:href="#sSpan1713" value="ⲛⲓⲙ"/>
		<feat xlink:href="#sSpan1717" value="ⲛⲁⲅⲁⲑⲱⲥ"/>
		<feat xlink:href="#sSpan1721" value="ⲉⲛⲁⲛⲟⲩϥ"/>
		<feat xlink:href="#sSpan1729" value="ⲉⲙⲁⲧⲉ"/>
		<feat xlink:href="#sSpan1733" value="ϩⲛⲥⲙⲟⲧ"/>
		<feat xlink:href="#sSpan1740" value="ⲛⲓⲙ"/>
		<feat xlink:href="#sSpan1744" value="ⲛⲛⲁϩⲣⲛ"/>
		<feat xlink:href="#sSpan1751" value="ⲡⲛⲟⲩⲧⲉ"/>
		<feat xlink:href="#sSpan1757" value="ⲙⲛⲛⲣⲱⲙⲉ"/>
		<feat xlink:href="#sSpan1766" value="·"/>
		<feat xlink:href="#sSpan1770" value="ⲁϥϣⲓⲧ"/>
		<feat xlink:href="#sSpan1780" value="ⲉϩⲟⲩⲛ"/>
		<feat xlink:href="#sSpan1784" value="ϩⲛⲟⲩⲟⲩⲣⲟⲧ"/>
		<feat xlink:href="#sSpan1793" value="ⲁϥⲁⲁⲧ"/>
		<feat xlink:href="#sSpan1801" value="ⲙⲙⲟⲛⲟⲭⲟⲥ"/>
		<feat xlink:href="#sSpan1809" value="ϩⲁϩⲧⲏϥ"/>
		<feat xlink:href="#sSpan1815" value="ⲁⲓⲙⲡϣⲁ"/>
		<feat xlink:href="#sSpan1823" value="ⲛϭⲱ"/>
		<feat xlink:href="#sSpan1829" value="ϩⲁⲧϩⲁⲓⲃⲉⲥ"/>
		<feat xlink:href="#sSpan1838" value="ⲛⲛⲉϥϣⲗⲏⲗ"/>
		<feat xlink:href="#sSpan1847" value="ⲉⲧⲟⲩⲁⲁⲃ"/>
		<feat xlink:href="#sSpan1853" value="ⲙⲛⲧⲉϥⲙⲛⲧⲉⲓⲱⲧ"/>
		<feat xlink:href="#sSpan1864" value="·"/>
		<feat xlink:href="#sSpan1868" value="ⲉⲛⲉϥⲙⲙⲁⲩ"/>
		<feat xlink:href="#sSpan1881" value="ⲇⲉⲛϭⲓⲡⲉⲛⲙⲉⲣⲓⲧ"/>
		<feat xlink:href="#sSpan1892" value="ⲛⲥⲟⲛ"/>
		<feat xlink:href="#sSpan1899" value="ⲁⲡⲁ"/>
		<feat xlink:href="#sSpan1904" value="ⲫⲓϥ"/>
		<feat xlink:href="#sSpan1908" value="ⲡⲉⲩⲥⲉⲃⲏⲥ"/>
		<feat xlink:href="#sSpan1915" value="ⲉϥϣⲟⲟⲡ"/>
		<feat xlink:href="#sSpan1923" value="ϩⲁϩⲧⲏϥ"/>
		<feat xlink:href="#sSpan1929" value="·"/>
		<feat xlink:href="#sSpan1933" value="ⲛⲧⲟⲟⲩ"/>
		<feat xlink:href="#sSpan1940" value="ⲇⲉ"/>
		<feat xlink:href="#sSpan1944" value="ⲙⲡⲉⲥⲛⲁⲩ"/>
		<feat xlink:href="#sSpan1953" value="ⲛⲉⲩⲡⲟⲗⲩⲧⲉⲩⲉ"/>
		<feat xlink:href="#sSpan1962" value="ϩⲛϩⲉⲛⲛⲟϭ"/>
		<feat xlink:href="#sSpan1972" value="ⲛⲁⲥⲕⲏⲥⲓⲥ"/>
		<feat xlink:href="#sSpan1979" value="ⲙⲛϩⲉⲛⲛⲟϭ"/>
		<feat xlink:href="#sSpan1988" value="ⲙⲡⲟⲗⲩϯⲁ"/>
		<feat xlink:href="#sSpan1995" value="ⲉⲙⲛⲏⲏⲡⲉ"/>
		<feat xlink:href="#sSpan2004" value="ⲉⲣⲟⲟⲩ"/>
		<feat xlink:href="#sSpan2010" value="·"/>
		<feat xlink:href="#sSpan2015" value="ⲁⲡⲁ"/>
		<feat xlink:href="#sSpan2023" value="ⲫⲓϥ"/>
		<feat xlink:href="#sSpan2028" value="ⲇⲉ"/>
		<feat xlink:href="#sSpan2032" value="ⲛⲉⲟⲩⲣⲱⲙⲉ"/>
		<feat xlink:href="#sSpan2041" value="ⲡⲉ"/>
		<feat xlink:href="#sSpan2045" value="ⲉϥⲙⲉ"/>
		<feat xlink:href="#sSpan2053" value="ⲙⲡⲉⲥϭⲣⲁϩⲧ"/>
		<feat xlink:href="#sSpan2062" value="ⲉϥⲟⲩⲱϣ"/>
		<feat xlink:href="#sSpan2070" value="ⲉϭⲱ"/>
		<feat xlink:href="#sSpan2076" value="ϩⲓⲡϫⲁⲓⲉ"/>
		<feat xlink:href="#sSpan2085" value="ⲛⲛⲁⲩ"/>
		<feat xlink:href="#sSpan2092" value="ⲛⲓⲙ"/>
		<feat xlink:href="#sSpan2096" value="ⲉϥⲡⲟⲗⲩⲧⲉⲩⲉ"/>
		<feat xlink:href="#sSpan2104" value="·"/>
		<feat xlink:href="#sSpan2109" value="ⲡⲁⲉⲓⲱⲧ"/>
		<feat xlink:href="#sSpan2118" value="ⲇⲉ"/>
		<feat xlink:href="#sSpan2122" value="ⲛⲉⲟⲩⲣⲱⲙⲉ"/>
		<feat xlink:href="#sSpan2131" value="ⲡⲉ"/>
		<feat xlink:href="#sSpan2135" value="ⲛⲉⲓⲣⲏⲛⲏⲕⲟⲥ"/>
		<feat xlink:href="#sSpan2142" value="ⲉϥⲙⲉ"/>
		<feat xlink:href="#sSpan2150" value="ⲛⲑⲉⲓⲕⲱⲛ"/>
		<feat xlink:href="#sSpan2159" value="ⲧⲏⲣⲥ"/>
		<feat xlink:href="#sSpan2165" value="ⲙⲡⲛⲟⲩⲧⲉ"/>
		<feat xlink:href="#sSpan2174" value="ⲛⲑⲉ"/>
		<feat xlink:href="#sSpan2182" value="ⲛⲟⲩⲣⲱⲙⲉ"/>
		<feat xlink:href="#sSpan2191" value="ⲛⲟⲩⲱⲧ"/>
		<feat xlink:href="#sSpan2197" value="·"/>
		<feat xlink:href="#sSpan2202" value="ⲛⲉⲥⲛⲏⲩ"/>
		<feat xlink:href="#sSpan2211" value="ⲇⲉ"/>
		<feat xlink:href="#sSpan2215" value="ⲛⲉⲩⲥⲟⲟⲩϩ"/>
		<feat xlink:href="#sSpan2223" value="ⲉⲣⲟϥ"/>
		<feat xlink:href="#sSpan2229" value="ⲛⲑⲉ"/>
		<feat xlink:href="#sSpan2237" value="ⲛⲛⲁⲁϥ"/>
		<feat xlink:href="#sSpan2246" value="ⲛⲉⲃⲓⲱ"/>
		<feat xlink:href="#sSpan2253" value="ⲉⲩϩⲟⲗϭ"/>
		<feat xlink:href="#sSpan2261" value="ⲉϩⲟⲩⲛ"/>
		<feat xlink:href="#sSpan2265" value="ⲉⲧⲉⲩⲙⲁⲁⲩ"/>
		<feat xlink:href="#sSpan2274" value="ⲉⲩⲥⲱⲧⲙ"/>
		<feat xlink:href="#sSpan2282" value="ⲉⲛϣⲁϫⲉ"/>
		<feat xlink:href="#sSpan2291" value="ⲙⲡⲱⲛϩⲙⲛⲛⲉϥⲉⲛⲧⲟⲗⲏ"/>
		<feat xlink:href="#sSpan2307" value="ⲉⲧⲟⲩⲁⲁⲃ"/>
		<feat xlink:href="#sSpan2313" value="ⲉⲩⲣϣⲡⲏⲣⲉ"/>
		<feat xlink:href="#sSpan2323" value="ⲛⲛϭⲟⲙ"/>
		<feat xlink:href="#sSpan2332" value="ⲙⲡⲛⲟⲩⲧⲉ"/>
		<feat xlink:href="#sSpan2341" value="ⲉⲧϣⲟⲟⲡ"/>
		<feat xlink:href="#sSpan2347" value="ⲉⲃⲟⲗ"/>
		<feat xlink:href="#sSpan2352" value="ϩⲓⲧⲟⲟⲧϥ"/>
		<feat xlink:href="#sSpan2358" value="ⲙⲡⲉⲛⲉⲓⲱⲧ"/>
		<feat xlink:href="#sSpan2367" value="·"/>
		<feat xlink:href="#sSpan2371" value="ⲁⲓⲣⲟⲩⲣⲟⲙⲡⲉ"/>
		<feat xlink:href="#sSpan2389" value="ⲇⲉ"/>
		<feat xlink:href="#sSpan2393" value="ⲛⲙⲙⲁⲩ"/>
		<feat xlink:href="#sSpan2399" value="ϩⲙⲡⲉⲓⲧⲟⲟⲩ"/>
		<feat xlink:href="#sSpan2408" value="ⲙⲛⲛⲥⲱⲥ"/>
		<feat xlink:href="#sSpan2414" value="ⲁⲛⲙⲟⲟϣⲉ"/>
		<feat xlink:href="#sSpan2423" value="ⲉⲃⲟⲗ"/>
		<feat xlink:href="#sSpan2427" value="ϩⲙⲡⲙⲁ"/>
		<feat xlink:href="#sSpan2436" value="ⲉⲧⲙⲙⲁⲩ"/>
		<feat xlink:href="#sSpan2442" value="ⲁⲛϭⲱ"/>
		<feat xlink:href="#sSpan2451" value="ⲉⲛⲙⲟⲟϣⲉ"/>
		<feat xlink:href="#sSpan2461" value="ⲉϩⲛⲛⲧⲟⲟⲩ"/>
		<feat xlink:href="#sSpan2467" value="ⲧⲏⲣⲟⲩ"/>
		<feat xlink:href="#sSpan2473" value="ⲛⲑⲉ"/>
		<feat xlink:href="#sSpan2481" value="ⲛⲛⲉⲑⲏⲣⲓⲟⲛ"/>
		<feat xlink:href="#sSpan2491" value="·"/>
		<feat xlink:href="#sSpan2495" value="ⲙⲁ"/>
		<feat xlink:href="#sSpan2502" value="ϭⲉ"/>
		<feat xlink:href="#sSpan2506" value="ⲛⲓⲙ"/>
		<feat xlink:href="#sSpan2510" value="ⲉⲧⲉϣⲁⲛϭⲱ"/>
		<feat xlink:href="#sSpan2520" value="ⲛϩⲏⲧϥ"/>
		<feat xlink:href="#sSpan2526" value="ⲛⲧⲉⲛⲉⲥⲛⲏⲩ"/>
		<feat xlink:href="#sSpan2535" value="ⲥⲱⲧⲙ"/>
		<feat xlink:href="#sSpan2539" value="ⲉⲧⲃⲉⲡⲁⲉⲓⲱⲧ"/>
		<feat xlink:href="#sSpan2548" value="ϣⲁⲩⲉⲓ"/>
		<feat xlink:href="#sSpan2557" value="ⲉⲣⲁⲧϥ"/>
		<feat xlink:href="#sSpan2563" value="ⲛⲥⲉϫⲓⲥⲃⲱ"/>
		<feat xlink:href="#sSpan2573" value="ⲉⲛⲕⲱⲧ"/>
		<feat xlink:href="#sSpan2582" value="ⲛⲧⲙⲛⲧⲛⲟⲩⲧⲉ"/>
		<feat xlink:href="#sSpan2593" value="ⲉⲃⲟⲗϩⲓⲧⲟⲟⲧϥ"/>
		<feat xlink:href="#sSpan2601" value="·"/>
		<feat xlink:href="#sSpan2605" value="ⲁⲩⲱⲛⲉϥϫⲱ"/>
		<feat xlink:href="#sSpan2617" value="ⲉⲣⲟⲟⲩ"/>
		<feat xlink:href="#sSpan2623" value="ⲙⲡⲙⲟⲩϩ"/>
		<feat xlink:href="#sSpan2631" value="ⲛⲛⲉⲩⲯⲩⲭⲏ"/>
		<feat xlink:href="#sSpan2641" value="ⲉϥⲥⲟⲗⲥⲗ"/>
		<feat xlink:href="#sSpan2649" value="ⲙⲙⲟⲟⲩⲧⲏⲣⲟⲩ"/>
		<feat xlink:href="#sSpan2659" value="ϩⲛⲛⲉϥϣⲁϫⲉ"/>
		<feat xlink:href="#sSpan2668" value="ⲉⲧϩⲟⲗϭ"/>
		<feat xlink:href="#sSpan2674" value="ⲉⲩϯⲉⲟⲟⲩ"/>
		<feat xlink:href="#sSpan2684" value="ⲙⲡⲛⲟⲩⲧⲉ"/>
		<feat xlink:href="#sSpan2693" value="·"/>
		<feat xlink:href="#sSpan2697" value="ⲁⲓⲣⲟⲩⲣⲟⲙⲡⲉ"/>
		<feat xlink:href="#sSpan2713" value="ⲇⲉ"/>
		<feat xlink:href="#sSpan2717" value="ⲉⲓϣⲟⲟⲡ"/>
		<feat xlink:href="#sSpan2725" value="ⲛⲙⲙⲁϥ"/>
		<feat xlink:href="#sSpan2731" value="ⲉⲃⲟⲗ"/>
		<feat xlink:href="#sSpan2735" value="ϩⲓⲧⲙⲡⲁⲉⲓⲱⲧ"/>
		<feat xlink:href="#sSpan2744" value="·"/>
		<feat xlink:href="#sSpan2748" value="ⲙⲛⲛⲥⲁⲛⲁⲓ"/>
		<feat xlink:href="#sSpan2758" value="ⲇⲉ"/>
		<feat xlink:href="#sSpan2762" value="ⲟⲛ"/>
		<feat xlink:href="#sSpan2767" value="ⲟⲩⲣⲱⲙⲉ"/>
		<feat xlink:href="#sSpan2773" value="ⲡⲉ"/>
		<feat xlink:href="#sSpan2778" value="ⲁⲡⲁ"/>
		<feat xlink:href="#sSpan2784" value="ⲫⲓϥ"/>
		<feat xlink:href="#sSpan2788" value="ⲉϥⲙⲉ"/>
		<feat xlink:href="#sSpan2796" value="ⲙⲡⲉⲥϭⲣⲁϩⲧ"/>
		<feat xlink:href="#sSpan2805" value="ⲛⲛⲁⲩ"/>
		<feat xlink:href="#sSpan2812" value="ⲛⲓⲙ"/>
		<feat xlink:href="#sSpan2816" value="·"/>
		<feat xlink:href="#sSpan2821" value="ⲡⲁⲉⲓⲱⲧ"/>
		<feat xlink:href="#sSpan2830" value="ⲇⲉ"/>
		<feat xlink:href="#sSpan2834" value="ⲛⲉⲟⲩⲁⲥⲕⲏⲧⲏⲥ"/>
		<feat xlink:href="#sSpan2844" value="ⲡⲉ"/>
		<feat xlink:href="#sSpan2848" value="·"/>
		<feat xlink:href="#sSpan2852" value="ⲁⲛⲟⲕ"/>
		<feat xlink:href="#sSpan2858" value="ϩⲱ"/>
		<feat xlink:href="#sSpan2862" value="ⲛⲉⲓⲙⲟⲟϣⲉ"/>
		<feat xlink:href="#sSpan2871" value="ⲉⲓⲇⲓⲁⲕⲟⲛⲉⲓ"/>
		<feat xlink:href="#sSpan2880" value="ⲉⲫⲱⲃ"/>
		<feat xlink:href="#sSpan2889" value="ⲛⲧⲉⲭⲣⲓⲁ"/>
		<feat xlink:href="#sSpan2899" value="ⲙⲡⲉⲓⲕⲟⲥⲙⲟⲥ"/>
		<feat xlink:href="#sSpan2909" value="ⲉⲓϥⲓ"/>
		<feat xlink:href="#sSpan2917" value="ⲙⲡⲣⲟⲟⲩϣ"/>
		<feat xlink:href="#sSpan2926" value="ⲛⲧⲟⲓⲕⲟⲛⲟⲙⲓⲁ"/>
		<feat xlink:href="#sSpan2936" value="ⲛⲛⲉⲧⲟⲩⲁⲁⲃ"/>
		<feat xlink:href="#sSpan2947" value="·"/>
		<feat xlink:href="#sSpan2952" value="ⲉⲧⲃⲉⲡⲁⲓ"/>
		<feat xlink:href="#sSpan2959" value="ⲁϥⲙⲟⲩⲧⲉ"/>
		<feat xlink:href="#sSpan2967" value="ⲉⲣⲟⲓ"/>
		<feat xlink:href="#sSpan2973" value="ϫⲉⲡⲁⲡⲟϩⲉ"/>
		<feat xlink:href="#sSpan2982" value="ⲡⲟⲓⲕⲟⲛⲟⲙⲟⲥ"/>
		<feat xlink:href="#sSpan2989" value="·"/>
		<feat xlink:href="#sSpan2993" value="ⲁⲥϣⲱⲡⲉ"/>
		<feat xlink:href="#sSpan3006" value="ⲇⲉ"/>
		<feat xlink:href="#sSpan3010" value="ⲛⲟⲩϩⲟⲟⲩ"/>
		<feat xlink:href="#sSpan3019" value="ⲉⲛⲥⲟⲟⲩϩ"/>
		<feat xlink:href="#sSpan3027" value="ⲉⲛⲉⲛⲉⲣⲏⲩ"/>
		<feat xlink:href="#sSpan3035" value="ⲙⲡϣⲟⲙⲛⲧ"/>
		<feat xlink:href="#sSpan3044" value="ⲉⲛϯⲉⲟⲟⲩ"/>
		<feat xlink:href="#sSpan3054" value="ⲙⲡⲛⲟⲩⲧⲉ"/>
		<feat xlink:href="#sSpan3063" value="ⲁϥⲕⲟⲧϥ"/>
		<feat xlink:href="#sSpan3073" value="ⲉⲁⲡⲁ"/>
		<feat xlink:href="#sSpan3082" value="ⲫⲓϥ"/>
		<feat xlink:href="#sSpan3086" value="ⲛϭⲓⲡⲁⲉⲓⲱⲧ"/>
		<feat xlink:href="#sSpan3095" value="ϩⲛⲟⲩϩⲟ"/>
		<feat xlink:href="#sSpan3104" value="ⲉϥⲣⲟⲟⲩⲧ"/>
		<feat xlink:href="#sSpan3112" value="ⲡⲉϫⲁϥ"/>
		<feat xlink:href="#sSpan3118" value="ⲛⲁϥ"/>
		<feat xlink:href="#sSpan3124" value="ϫⲉ"/>
		<feat xlink:href="#sSpan3128" value="·"/>
		<feat xlink:href="#sSpan3132" value="ϯⲛⲁⲩ"/>
		<feat xlink:href="#sSpan3140" value="ⲉⲣⲟⲕ"/>
		<feat xlink:href="#sSpan3147" value="ⲱ"/>
		<feat xlink:href="#sSpan3152" value="ⲡⲁϣⲏⲣⲉ"/>
		<feat xlink:href="#sSpan3158" value="ⲉⲕⲙⲉ"/>
		<feat xlink:href="#sSpan3166" value="ⲙⲡⲉⲥϭⲣⲁϩⲧ"/>
		<feat xlink:href="#sSpan3175" value="ⲁⲩⲱ"/>
		<feat xlink:href="#sSpan3179" value="ⲉⲕⲙⲟⲥⲧⲉ"/>
		<feat xlink:href="#sSpan3187" value="ⲙⲡⲉⲟⲟⲩ"/>
		<feat xlink:href="#sSpan3196" value="ⲉⲧϣⲟⲩⲉⲓⲧ"/>
		<feat xlink:href="#sSpan3202" value="ⲛⲛⲣⲱⲙⲉ"/>
		<feat xlink:href="#sSpan3211" value="·"/>
		<feat xlink:href="#sSpan3215" value="ϥⲥⲏϩ"/>
		<feat xlink:href="#sSpan3224" value="ⲅⲁⲣ"/>
		<feat xlink:href="#sSpan3228" value="ϩⲙⲡⲉⲩⲁⲅⲅⲉⲗⲓⲟⲛ"/>
		<feat xlink:href="#sSpan3238" value="ϫⲉⲙⲛϭⲟⲙ"/>
		<feat xlink:href="#sSpan3248" value="ⲛⲟⲩⲡⲟⲗⲓⲥ"/>
		<feat xlink:href="#sSpan3258" value="ⲉϩⲱⲡ"/>
		<feat xlink:href="#sSpan3264" value="ⲉⲥⲕⲏ"/>
		<feat xlink:href="#sSpan3272" value="ⲉϩⲣⲁⲓ"/>
		<feat xlink:href="#sSpan3276" value="ⲉϫⲛⲟⲩⲧⲟⲟⲩ"/>
		<feat xlink:href="#sSpan3286" value="ⲟⲩⲇⲉ"/>
		<feat xlink:href="#sSpan3290" value="ⲙⲉⲩϫⲉⲣⲉⲟⲩϩⲏⲃⲥ"/>
		<feat xlink:href="#sSpan3303" value="ⲛⲥⲉⲕⲁⲁϥ"/>
		<feat xlink:href="#sSpan3313" value="ϩⲁⲟⲩ"/>
		<feat xlink:href="#sSpan3320" value="ϣⲓ"/>
		<feat xlink:href="#sSpan3324" value=","/>
		<feat xlink:href="#sSpan3329" value="ⲁⲗⲗⲁ"/>
		<feat xlink:href="#sSpan3333" value="ϣⲁⲩⲕⲁⲁϥ"/>
		<feat xlink:href="#sSpan3343" value="ⲉϫⲛⲧⲗⲩⲭⲛⲓⲁ"/>
		<feat xlink:href="#sSpan3353" value="ⲛϥⲣⲟⲩⲟⲉⲓⲛ"/>
		<feat xlink:href="#sSpan3363" value="ⲉⲛⲉⲧϣⲟⲟⲡ"/>
		<feat xlink:href="#sSpan3374" value="ⲧⲏⲣⲟⲩ"/>
		<feat xlink:href="#sSpan3380" value="ϩⲙⲡⲏⲓ"/>
		<feat xlink:href="#sSpan3389" value="ⲛⲧⲟⲕ"/>
		<feat xlink:href="#sSpan3393" value="ϭⲉ"/>
		<feat xlink:href="#sSpan3397" value="ⲡⲉ"/>
		<feat xlink:href="#sSpan3401" value="ⲡϩⲏⲃⲥ"/>
		<feat xlink:href="#sSpan3408" value="ⲉⲧϩⲏⲡ"/>
		<feat xlink:href="#sSpan3415" value="ⲱ"/>
		<feat xlink:href="#sSpan3419" value="ⲡⲁϣⲏⲣⲉ"/>
		<feat xlink:href="#sSpan3426" value="ⲡⲁⲓ"/>
		<feat xlink:href="#sSpan3430" value="ⲉⲧⲟⲩⲛⲁⲧⲁⲗⲟϥ"/>
		<feat xlink:href="#sSpan3442" value="ⲉϫⲛⲧⲗⲩⲭⲛⲓⲁ"/>
		<feat xlink:href="#sSpan3452" value="ⲛϥⲣⲟⲩⲟⲉⲓⲛ"/>
		<feat xlink:href="#sSpan3462" value="ⲉⲛⲉⲧϣⲟⲟⲡ"/>
		<feat xlink:href="#sSpan3473" value="ⲧⲏⲣⲟⲩ"/>
		<feat xlink:href="#sSpan3479" value="ϩⲙⲡⲏⲓ"/>
		<feat xlink:href="#sSpan3488" value="ⲛⲧⲉⲟⲩⲥϯⲛⲟⲩϥⲉ"/>
		<feat xlink:href="#sSpan3497" value="ϣⲱϣ"/>
		<feat xlink:href="#sSpan3501" value="ⲉⲃⲟⲗ"/>
		<feat xlink:href="#sSpan3505" value="ϩⲙⲡⲕⲟⲥⲙⲟⲥ"/>
		<feat xlink:href="#sSpan3515" value="ⲧⲏⲣϥ"/>
		<feat xlink:href="#sSpan3521" value="ⲙⲛⲟⲩⲇⲱⲣⲉⲁ"/>
		<feat xlink:href="#sSpan3531" value="ⲛⲕⲁⲛⲟⲃⲉ"/>
		<feat xlink:href="#sSpan3539" value="ⲉⲃⲟⲗ"/>
		<feat xlink:href="#sSpan3543" value="ϩⲙⲡⲉⲕϩⲟⲟⲩ"/>
		<feat xlink:href="#sSpan3552" value="ⲧⲉ"/>
		<feat xlink:href="#sSpan3556" value="ⲣⲟⲙⲡⲉ"/>
		<feat xlink:href="#sSpan3560" value="·"/>
		<feat xlink:href="#sSpan3564" value="ⲛⲧⲉⲩⲛⲟⲩ"/>
		<feat xlink:href="#sSpan3574" value="ⲁϥⲡⲁϩⲧϥ"/>
		<feat xlink:href="#sSpan3584" value="ⲛϭⲓⲁⲡⲁ"/>
		<feat xlink:href="#sSpan3593" value="ⲫⲓϥ"/>
		<feat xlink:href="#sSpan3597" value="ⲁϥⲡⲁⲣⲁⲕⲁⲗⲉⲓ"/>
		<feat xlink:href="#sSpan3606" value="ⲙⲡⲁⲉⲓⲱⲧ"/>
		<feat xlink:href="#sSpan3615" value="·"/>
		<feat xlink:href="#sSpan3620" value="ⲧⲟⲧⲉ"/>
		<feat xlink:href="#sSpan3624" value="ⲁϥⲟⲩⲱϣⲃ"/>
		<feat xlink:href="#sSpan3632" value="ⲛⲁϥ"/>
		<feat xlink:href="#sSpan3638" value="ⲛϭⲓⲡⲁⲉⲓⲱⲧ"/>
		<feat xlink:href="#sSpan3647" value="ⲉϥϫⲱ"/>
		<feat xlink:href="#sSpan3655" value="ⲙⲙⲟⲥ"/>
		<feat xlink:href="#sSpan3661" value="ϫⲉ"/>
		<feat xlink:href="#sSpan3665" value="·"/>
		<feat xlink:href="#sSpan3669" value="ⲧⲱⲟⲩⲛ"/>
		<feat xlink:href="#sSpan3673" value="ⲉϩⲣⲁⲓ"/>
		<feat xlink:href="#sSpan3678" value="ⲡⲁϣⲏⲣⲉ"/>
		<feat xlink:href="#sSpan3684" value=","/>
		<feat xlink:href="#sSpan3688" value="ⲛⲁⲛⲟⲕ"/>
		<feat xlink:href="#sSpan3696" value="ⲁⲛ"/>
		<feat xlink:href="#sSpan3700" value="ⲡⲉⲧϣⲁϫⲉ"/>
		<feat xlink:href="#sSpan3709" value="ⲁⲗⲗⲁ"/>
		<feat xlink:href="#sSpan3713" value="ⲡⲉⲡ︤ⲛ︦ⲁ︥"/>
		<feat xlink:href="#sSpan3721" value="ⲉⲧⲟⲩⲁⲁⲃ"/>
		<feat xlink:href="#sSpan3727" value="ⲡⲉⲧⲡⲣⲟⲫⲏⲧⲉⲩⲉ"/>
		<feat xlink:href="#sSpan3736" value="ⲉⲧⲃⲉⲛⲉⲧⲛⲁϣⲱ"/>
		<feat xlink:href="#sSpan3748" value="ⲡⲉ"/>
		<feat xlink:href="#sSpan3752" value="ϩⲁⲑⲏ"/>
		<feat xlink:href="#sSpan3761" value="ⲙⲡⲁⲧⲟⲩϣⲱⲡⲉ"/>
		<feat xlink:href="#sSpan3769" value="·"/>
		<feat xlink:href="#sSpan3773" value="ⲧⲉⲛⲟⲩ"/>
		<feat xlink:href="#sSpan3779" value="ϭⲉ"/>
		<feat xlink:href="#sSpan3784" value="ϩⲁⲣⲉϩ"/>
		<feat xlink:href="#sSpan3788" value="ⲉⲡⲉⲓⲙⲩⲥⲧⲏⲣⲓⲟⲛ"/>
		<feat xlink:href="#sSpan3798" value="ϣⲁⲡⲉⲟⲩⲟⲉⲓϣ"/>
		<feat xlink:href="#sSpan3807" value="ⲉⲧⲉϥⲛⲁⲟⲩⲱⲛϩ"/>
		<feat xlink:href="#sSpan3818" value="ⲉⲃⲟⲗ"/>
		<feat xlink:href="#sSpan3822" value="·"/>
		<feat xlink:href="#sSpan3826" value="ϥⲥⲏϩ"/>
		<feat xlink:href="#sSpan3835" value="ⲅⲁⲣ"/>
		<feat xlink:href="#sSpan3839" value="ϩⲙⲡⲇⲉⲩⲧⲉⲣⲟⲛⲟⲙⲓⲟⲛ"/>
		<feat xlink:href="#sSpan3849" value="ⲙⲙⲱⲩⲥⲏⲥ"/>
		<feat xlink:href="#sSpan3857" value="ϫⲉⲛⲉⲧϩⲏⲡ"/>
		<feat xlink:href="#sSpan3870" value="ⲉⲩⲏⲏⲡ"/>
		<feat xlink:href="#sSpan3878" value="ⲉⲡϫ︤ⲥ︥"/>
		<feat xlink:href="#sSpan3888" value="ⲡⲉⲧⲛⲛⲟⲩⲧⲉ"/>
		<feat xlink:href="#sSpan3894" value=","/>
		<feat xlink:href="#sSpan3899" value="ⲛⲉⲧⲟⲩⲟⲛϩ"/>
		<feat xlink:href="#sSpan3910" value="ⲇⲉ"/>
		<feat xlink:href="#sSpan3914" value="ⲉⲃⲟⲗ"/>
		<feat xlink:href="#sSpan3918" value="ⲉⲩⲏⲏⲡ"/>
		<feat xlink:href="#sSpan3926" value="ⲉⲣⲱⲧⲛ"/>
		<feat xlink:href="#sSpan3932" value="ⲙⲛⲛⲉⲧⲛϣⲏⲣⲉ"/>
		<feat xlink:href="#sSpan3941" value="·"/>
		<feat xlink:href="#sSpan3945" value="ⲁϥⲟⲩⲱϣⲃ"/>
		<feat xlink:href="#sSpan3958" value="ⲇⲉ"/>
		<feat xlink:href="#sSpan3962" value="ⲛϭⲓⲁⲡⲁ"/>
		<feat xlink:href="#sSpan3971" value="ⲫⲓϥ"/>
		<feat xlink:href="#sSpan3975" value="ⲡⲉϫⲁϥ"/>
		<feat xlink:href="#sSpan3981" value="ϫⲉ"/>
		<feat xlink:href="#sSpan3985" value="·"/>
		<feat xlink:href="#sSpan3990" value="ⲕⲉⲗⲉⲩⲉ"/>
		<feat xlink:href="#sSpan3996" value="ⲛⲁⲓ"/>
		<feat xlink:href="#sSpan4002" value="ⲛⲧⲁϫⲱ"/>
		<feat xlink:href="#sSpan4008" value="ⲉⲣⲟⲕ"/>
		<feat xlink:href="#sSpan4014" value="ⲛⲟⲩϣⲁϫⲉ"/>
		<feat xlink:href="#sSpan4023" value="ⲛⲅⲧⲙϭⲱⲛⲧ"/>
		<feat xlink:href="#sSpan4033" value="ⲉⲣⲟⲓ"/>
		<feat xlink:href="#sSpan4039" value="·"/>
		<feat xlink:href="#sSpan4044" value="ⲁⲗⲏⲑⲱⲥ"/>
		<feat xlink:href="#sSpan4048" value="ⲉⲓⲛⲁϫⲟⲟⲥ"/>
		<feat xlink:href="#sSpan4060" value="ⲁⲛ"/>
		<feat xlink:href="#sSpan4064" value="ϩⲛⲟⲩⲙⲛⲧⲛⲟϭ"/>
		<feat xlink:href="#sSpan4076" value="ⲟⲩⲇⲉ"/>
		<feat xlink:href="#sSpan4080" value="ϩⲛⲟⲩⲙⲛⲧⲙⲁⲓⲉⲟⲟⲩ"/>
		<feat xlink:href="#sSpan4091" value="ⲉϥϣⲟⲩⲉⲓⲧ"/>
		<feat xlink:href="#sSpan4099" value=","/>
		<feat xlink:href="#sSpan4104" value="ⲁⲗⲗⲁ"/>
		<feat xlink:href="#sSpan4110" value="ⲉⲓⲣϣⲡⲏⲣⲉ"/>
		<feat xlink:href="#sSpan4120" value="ⲙⲡⲉⲡ︤ⲛ︦ⲁ︥"/>
		<feat xlink:href="#sSpan4130" value="ⲉⲧⲟⲩⲁⲁⲃ"/>
		<feat xlink:href="#sSpan4136" value="ⲉⲧϩⲛⲛⲡⲱⲙⲉ"/>
		<feat xlink:href="#sSpan4147" value="ⲉⲧϩⲁⲉⲟⲟⲩ"/>
		<feat xlink:href="#sSpan4155" value="ⲛⲧⲉⲡⲛⲟⲩⲧⲉ"/>
		<feat xlink:href="#sSpan4165" value="ⲡⲁⲓ"/>
		<feat xlink:href="#sSpan4169" value="ⲉⲧⲣⲉⲩⲥⲩⲙⲫⲟⲛⲉⲓ"/>
		<feat xlink:href="#sSpan4180" value="ⲙⲛⲛⲉⲩⲣⲉⲩ"/>
		<feat xlink:href="#sSpan4188" value="ϩⲛⲛⲉⲩϣⲁϫⲉ"/>
		<feat xlink:href="#sSpan4196" value="·"/>
		<feat xlink:href="#sSpan4200" value="ⲡⲙⲁⲕⲁⲣⲓⲟⲥ"/>
		<feat xlink:href="#sSpan4209" value="ⲁⲡⲁ"/>
		<feat xlink:href="#sSpan4214" value="ⲁⲡⲟⲗⲗⲱ"/>
		<feat xlink:href="#sSpan4218" value="ⲡⲉϫⲁϥ"/>
		<feat xlink:href="#sSpan4224" value="ⲛⲁϥ"/>
		<feat xlink:href="#sSpan4230" value="ϫⲉ"/>
		<feat xlink:href="#sSpan4234" value="·"/>
		<feat xlink:href="#sSpan4238" value="ⲁϫⲉⲡϣⲁϫⲉ"/>
		<feat xlink:href="#sSpan4248" value="ⲡⲁϣⲏⲣⲉ"/>
		<feat xlink:href="#sSpan4254" value="·"/>
		<feat xlink:href="#sSpan4258" value="ⲁϥⲟⲩⲱϣⲃ"/>
		<feat xlink:href="#sSpan4268" value="ⲛϭⲓⲁⲡⲁ"/>
		<feat xlink:href="#sSpan4277" value="ⲫⲓϥ"/>
		<feat xlink:href="#sSpan4281" value="ⲉϥϫⲱ"/>
		<feat xlink:href="#sSpan4289" value="ⲙⲙⲟⲥ"/>
		<feat xlink:href="#sSpan4295" value="ϫⲉ"/>
		<feat xlink:href="#sSpan4299" value="·"/>
		<feat xlink:href="#sSpan4303" value="ⲁⲥϣⲱⲡⲉ"/>
		<feat xlink:href="#sSpan4313" value="ⲙⲙⲟⲓ"/>
		<feat xlink:href="#sSpan4319" value="ⲛⲟⲩϩⲟⲟⲩ"/>
		<feat xlink:href="#sSpan4328" value="ⲉⲓⲟ"/>
		<feat xlink:href="#sSpan4336" value="ⲛⲕⲟⲩⲓ"/>
		<feat xlink:href="#sSpan4343" value="ϩⲙⲡⲏⲓ"/>
		<feat xlink:href="#sSpan4352" value="ⲛⲛⲁⲉⲓⲟⲟⲧⲉ"/>
		<feat xlink:href="#sSpan4361" value="ⲉⲓⲙⲟⲟⲛⲉ"/>
		<feat xlink:href="#sSpan4369" value="ⲛⲛⲉⲩⲉⲥⲟⲟⲩ"/>
		<feat xlink:href="#sSpan4378" value="ϩⲛⲧⲥⲱϣⲉ"/>
		<feat xlink:href="#sSpan4387" value="ⲁⲩϩⲗⲗⲟ"/>
		<feat xlink:href="#sSpan4396" value="ⲛϩⲁⲅⲓⲟⲥ"/>
		<feat xlink:href="#sSpan4403" value="ⲛⲧⲉⲡⲛⲟⲩⲧⲉ"/>
		<feat xlink:href="#sSpan4413" value="ⲡⲁⲣⲁⲅⲉ"/>
		<feat xlink:href="#sSpan4417" value="ⲙⲙⲟⲓ"/>
		<feat xlink:href="#sSpan4423" value="ϩⲛⲧⲥⲱϣⲉ"/>
		<feat xlink:href="#sSpan4432" value="˽"/>
		<feat xlink:href="#sSpan4436" value="ⲛⲉⲁⲣⲟⲩϩⲉ"/>
		<feat xlink:href="#sSpan4448" value="ⲅⲁⲣ"/>
		<feat xlink:href="#sSpan4452" value="ϣⲱⲡⲉ"/>
		<feat xlink:href="#sSpan4456" value="ⲡⲉ"/>
		<feat xlink:href="#sSpan4460" value="˽"/>
		<feat xlink:href="#sSpan4464" value="ⲁⲩⲱ"/>
		<feat xlink:href="#sSpan4468" value="ⲁⲓϫⲓⲧϥ"/>
		<feat xlink:href="#sSpan4478" value="ⲉϩⲟⲩⲛ"/>
		<feat xlink:href="#sSpan4482" value="ⲉⲡⲙⲁ"/>
		<feat xlink:href="#sSpan4491" value="ⲉⲧⲉⲣⲉⲛⲉⲥⲟⲟⲩ"/>
		<feat xlink:href="#sSpan4500" value="ⲛϩⲏⲧϥ"/>
		<feat xlink:href="#sSpan4506" value="ⲁⲓϭⲱ"/>
		<feat xlink:href="#sSpan4515" value="ⲉⲓⲡⲁⲣⲁⲕⲁⲗⲉⲓ"/>
		<feat xlink:href="#sSpan4524" value="ⲙⲙⲟϥ"/>
		<feat xlink:href="#sSpan4530" value="ϫⲉⲉϥⲉⲟⲩⲱⲙ"/>
		<feat xlink:href="#sSpan4538" value="ⲛⲟⲩⲟⲉⲓⲕ"/>
		<feat xlink:href="#sSpan4547" value="·"/>
		<feat xlink:href="#sSpan4551" value="ⲛⲧⲟϥ"/>
		<feat xlink:href="#sSpan4558" value="ⲇⲉ"/>
		<feat xlink:href="#sSpan4562" value="ⲁϥⲡⲉⲓⲑⲉ"/>
		<feat xlink:href="#sSpan4571" value="ⲙⲙⲟⲓ"/>
		<feat xlink:href="#sSpan4577" value="ⲁϥⲟⲩⲉⲙⲡⲟⲉⲓⲕ"/>
		<feat xlink:href="#sSpan4590" value="·"/>
		<feat xlink:href="#sSpan4594" value="ⲁⲓⲣⲟⲩⲕⲟⲩⲓ"/>
		<feat xlink:href="#sSpan4609" value="ⲙⲡⲉⲧⲛⲁⲛⲟⲩϥ"/>
		<feat xlink:href="#sSpan4621" value="ⲛⲁϥ"/>
		<feat xlink:href="#sSpan4627" value="ⲁϥⲛⲕⲟⲧⲕ"/>
		<feat xlink:href="#sSpan4635" value="ϩⲁϩⲧⲏⲓ"/>
		<feat xlink:href="#sSpan4641" value="ϣⲁϩⲧⲟⲟⲩⲉ"/>
		<feat xlink:href="#sSpan4648" value="·"/>
		<feat xlink:href="#sSpan4652" value="ⲛⲧⲉⲣⲉϩⲧⲟⲟⲩⲉ"/>
		<feat xlink:href="#sSpan4662" value="ⲇⲉ"/>
		<feat xlink:href="#sSpan4666" value="ϣⲱⲡⲉ"/>
		<feat xlink:href="#sSpan4670" value="ⲛϥⲉⲓ"/>
		<feat xlink:href="#sSpan4679" value="ⲉϥⲛⲁⲙⲟⲟϣⲉ"/>
		<feat xlink:href="#sSpan4689" value="ⲁⲛⲟⲕ"/>
		<feat xlink:href="#sSpan4694" value="ⲇⲉ"/>
		<feat xlink:href="#sSpan4698" value="ⲁⲓⲡⲁϩⲧ"/>
		<feat xlink:href="#sSpan4706" value="ⲛⲁϥ"/>
		<feat xlink:href="#sSpan4712" value="ϫⲉⲉⲣⲟⲓ"/>
		<feat xlink:href="#sSpan4720" value="ⲁⲩⲱ"/>
		<feat xlink:href="#sSpan4724" value="ⲛⲧⲟϥ"/>
		<feat xlink:href="#sSpan4728" value="ϩⲱⲱϥ"/>
		<feat xlink:href="#sSpan4734" value="ⲟⲛ"/>
		<feat xlink:href="#sSpan4738" value="ⲁϥϫⲱ"/>
		<feat xlink:href="#sSpan4746" value="ⲉⲣⲟⲓ"/>
		<feat xlink:href="#sSpan4752" value="ⲙⲡⲉⲓϣⲁϫⲉ"/>
		<feat xlink:href="#sSpan4761" value="ⲛⲟⲩⲱⲧ"/>
		<feat xlink:href="#sSpan4767" value="ⲡⲁⲓ"/>
		<feat xlink:href="#sSpan4771" value="ⲛⲧⲁⲕϫⲟⲟϥ"/>
		<feat xlink:href="#sSpan4783" value="ⲉⲣⲟⲓ"/>
		<feat xlink:href="#sSpan4789" value=","/>
		<feat xlink:href="#sSpan4793" value="ϫⲉ"/>
		<feat xlink:href="#sSpan4797" value="·"/>
		<feat xlink:href="#sSpan4801" value="ⲉⲣⲉⲟⲩϩⲟⲟⲩ"/>
		<feat xlink:href="#sSpan4811" value="ⲛⲕⲁⲛⲟⲃⲉ"/>
		<feat xlink:href="#sSpan4820" value="ⲉⲃⲟⲗ"/>
		<feat xlink:href="#sSpan4824" value="ϣⲱⲡⲉ"/>
		<feat xlink:href="#sSpan4828" value="ϩⲙⲡⲉⲕⲣⲁⲛ"/>
		<feat xlink:href="#sSpan4837" value="·"/>
		<feat xlink:href="#sSpan4841" value="ⲧⲉⲛⲟⲩ"/>
		<feat xlink:href="#sSpan4847" value="ϭⲉ"/>
		<feat xlink:href="#sSpan4851" value="ϯⲣϣⲡⲏⲣⲉ"/>
		<feat xlink:href="#sSpan4859" value="ⲙⲡⲉⲓⲙⲁ"/>
		<feat xlink:href="#sSpan4868" value="ϫⲉⲛϯⲥⲟⲟⲩⲛ"/>
		<feat xlink:href="#sSpan4878" value="ⲁⲛ"/>
		<feat xlink:href="#sSpan4882" value="ϫⲉⲉⲣⲉⲟⲩ"/>
		<feat xlink:href="#sSpan4890" value="ⲛⲁϣⲱⲡⲉ"/>
		<feat xlink:href="#sSpan4896" value="·"/>
		<feat xlink:href="#sSpan4900" value="ⲟⲩ"/>
		<feat xlink:href="#sSpan4907" value="ϩⲟⲟⲩ"/>
		<feat xlink:href="#sSpan4912" value="ⲇⲉ"/>
		<feat xlink:href="#sSpan4916" value="ⲉⲃⲟⲗ"/>
		<feat xlink:href="#sSpan4921" value="ϩⲛⲟⲩϩⲟⲟⲩ"/>
		<feat xlink:href="#sSpan4930" value="ⲁⲓⲣⲡⲙⲡϣⲁ"/>
		<feat xlink:href="#sSpan4943" value="ⲁⲡϫ︤ⲥ︥"/>
		<feat xlink:href="#sSpan4952" value="ⲧⲁϩⲙⲉⲧ"/>
		<feat xlink:href="#sSpan4958" value="ϣⲁⲧⲉⲕⲙⲛⲧⲉⲓⲱⲧ"/>
		<feat xlink:href="#sSpan4969" value="·"/>
		<feat xlink:href="#sSpan4973" value="ⲛⲑⲉ"/>
		<feat xlink:href="#sSpan4983" value="ϭⲉ"/>
		<feat xlink:href="#sSpan4987" value="ⲉⲧⲉⲣⲁⲛⲁϥ"/>
		<feat xlink:href="#sSpan4998" value="ⲙⲡϫ︤ⲥ︥"/>
		<feat xlink:href="#sSpan5007" value="ⲡⲉϥⲟⲩⲱϣ"/>
		<feat xlink:href="#sSpan5014" value="ⲉⲧⲛⲁⲛⲟⲩϥ"/>
		<feat xlink:href="#sSpan5022" value="ⲙⲁⲣϥϣⲱⲡⲉ"/>
		<feat xlink:href="#sSpan5030" value="·"/>
		<feat xlink:href="#sSpan5034" value="ⲁϥⲟⲩⲱϣⲃ"/>
		<feat xlink:href="#sSpan5046" value="ⲛϭⲓⲡϣⲟⲉⲓϫ"/>
		<feat xlink:href="#sSpan5055" value="ⲙⲡⲉⲭ︤ⲥ︥"/>
		<feat xlink:href="#sSpan5065" value="ⲡⲣⲉϥϫⲣⲟ"/>
		<feat xlink:href="#sSpan5073" value="ⲛⲥⲁⲟⲩⲛⲁⲙ"/>
		<feat xlink:href="#sSpan5080" value="ⲁⲩⲱ"/>
		<feat xlink:href="#sSpan5084" value="ⲛⲥⲁϩⲃⲟⲩⲣ"/>
		<feat xlink:href="#sSpan5092" value="ⲁⲡⲁ"/>
		<feat xlink:href="#sSpan5097" value="ⲁⲡⲟⲗⲗⲱ"/>
		<feat xlink:href="#sSpan5101" value="ϫⲉ"/>
		<feat xlink:href="#sSpan5105" value="·"/>
		<feat xlink:href="#sSpan5109" value="ⲥⲱⲧⲙ"/>
		<feat xlink:href="#sSpan5115" value="ⲉⲣⲟⲓ"/>
		<feat xlink:href="#sSpan5121" value="ⲛⲧⲁϫⲱ"/>
		<feat xlink:href="#sSpan5129" value="ⲙⲡⲉⲓϣⲁϫⲉ"/>
		<feat xlink:href="#sSpan5138" value="ⲉⲣⲱⲧⲛ"/>
		<feat xlink:href="#sSpan5144" value="·"/>
		<feat xlink:href="#sSpan5148" value="ⲡϫⲥ"/>
		<feat xlink:href="#sSpan5158" value="ⲅⲁⲣ"/>
		<feat xlink:href="#sSpan5162" value="ⲡⲉⲛⲧⲁϥϫⲟⲟϥ"/>
		<feat xlink:href="#sSpan5177" value="ⲉⲣⲟⲓ"/>
		<feat xlink:href="#sSpan5183" value="ⲁⲛⲟⲕ"/>
		<feat xlink:href="#sSpan5187" value="ϩⲱ"/>
		<feat xlink:href="#sSpan5192" value="ⲉⲓⲛⲁⲧⲁⲩⲟⲟϥ"/>
		<feat xlink:href="#sSpan5204" value="ⲁⲛ"/>
		<feat xlink:href="#sSpan5208" value="ϩⲛⲟⲩⲙⲛⲧϫⲁⲥⲓϩⲏⲧ"/>
		<feat xlink:href="#sSpan5221" value="ⲁⲗⲗⲁ"/>
		<feat xlink:href="#sSpan5225" value="ⲉⲓⲧⲁⲙⲱ"/>
		<feat xlink:href="#sSpan5233" value="ⲙⲙⲱⲧⲛ"/>
		<feat xlink:href="#sSpan5239" value="ⲉⲡⲉⲧⲛⲁϣⲱⲡⲉ"/>
		<feat xlink:href="#sSpan5252" value="ⲙⲙⲟⲛ"/>
		<feat xlink:href="#sSpan5258" value="ϩⲓⲟⲩⲥⲟⲡ"/>
		<feat xlink:href="#sSpan5266" value="·"/>
		<feat xlink:href="#sSpan5270" value="ⲡⲉϫⲁϥ"/>
		<feat xlink:href="#sSpan5278" value="ⲛⲁⲓ"/>
		<feat xlink:href="#sSpan5284" value="ⲛϭⲓⲡⲁⲥ︤ⲏ︦ⲣ︥"/>
		<feat xlink:href="#sSpan5293" value="ϫⲉⲡⲉⲓϣⲁϫⲉ"/>
		<feat xlink:href="#sSpan5302" value="ⲛⲧⲁⲡⲁⲩⲗⲟⲥ"/>
		<feat xlink:href="#sSpan5313" value="ϫⲟⲟϥ"/>
		<feat xlink:href="#sSpan5319" value="ⲉϥⲥϩⲁⲓ"/>
		<feat xlink:href="#sSpan5327" value="ⲛⲛⲕⲟⲣⲓⲛⲑⲓⲟⲥ"/>
		<feat xlink:href="#sSpan5336" value="ϫⲉ"/>
		<feat xlink:href="#sSpan5340" value="·"/>
		<feat xlink:href="#sSpan5344" value="ⲉⲧⲃⲉ"/>
		<feat xlink:href="#sSpan5353" value="ⲁⲡⲟⲗⲗⲱ"/>
		<feat xlink:href="#sSpan5358" value="ⲇⲉ"/>
		<feat xlink:href="#sSpan5363" value="ⲡⲥⲟⲛ"/>
		<feat xlink:href="#sSpan5369" value="ⲁⲓⲡⲁⲣⲁⲕⲁⲗⲉⲓ"/>
		<feat xlink:href="#sSpan5378" value="ⲙⲙⲟϥ"/>
		<feat xlink:href="#sSpan5384" value="ⲉⲙⲁⲧⲉ"/>
		<feat xlink:href="#sSpan5388" value="ⲉⲧⲣⲉϥⲉⲓ"/>
		<feat xlink:href="#sSpan5398" value="ϣⲁⲣⲱⲧⲛ"/>
		<feat xlink:href="#sSpan5404" value="ⲁⲩⲱ"/>
		<feat xlink:href="#sSpan5408" value="ⲙⲉϣⲁⲕ"/>
		<feat xlink:href="#sSpan5412" value="ⲙⲡⲧⲱϣ"/>
		<feat xlink:href="#sSpan5421" value="ⲁⲛ"/>
		<feat xlink:href="#sSpan5425" value="ⲡⲉ"/>
		<feat xlink:href="#sSpan5429" value="ⲉⲧⲣⲉϥⲉⲓ"/>
		<feat xlink:href="#sSpan5439" value="ϣⲁⲣⲱⲧⲛ"/>
		<feat xlink:href="#sSpan5445" value="ⲧⲉⲛⲟⲩ"/>
		<feat xlink:href="#sSpan5449" value="·"/>
		<feat xlink:href="#sSpan5453" value="ϥⲛⲏⲩ"/>
		<feat xlink:href="#sSpan5462" value="ⲇⲉ"/>
		<feat xlink:href="#sSpan5466" value="ⲉϥϣⲁⲛϩⲉ"/>
		<feat xlink:href="#sSpan5473" value="ⲉⲡⲉⲟⲩⲟⲉⲓϣ"/>
		<feat xlink:href="#sSpan5482" value="·"/>
		<feat xlink:href="#sSpan5487" value="ⲉⲧⲃⲉⲡⲁⲓ"/>
		<feat xlink:href="#sSpan5496" value="ⲁⲡⲉⲡ︤ⲛ︦ⲁ︥"/>
		<feat xlink:href="#sSpan5506" value="ⲉⲧⲟⲩⲁⲁⲃ"/>
		<feat xlink:href="#sSpan5512" value="ϭⲱ"/>
		<feat xlink:href="#sSpan5517" value="ⲉϥⲡⲁⲣⲁⲕⲁⲗⲉⲓ"/>
		<feat xlink:href="#sSpan5526" value="ⲙⲡⲁⲉⲓⲱⲧ"/>
		<feat xlink:href="#sSpan5535" value="ϫⲉⲙⲁⲣⲉϥⲉⲓ"/>
		<feat xlink:href="#sSpan5545" value="ⲧⲉⲛⲟⲩ"/>
		<feat xlink:href="#sSpan5549" value="·"/>
		<feat xlink:href="#sSpan5553" value="ⲁϥⲟⲩⲱϣⲃ"/>
		<feat xlink:href="#sSpan5563" value="ⲛϭⲓⲡⲁⲉⲓⲱⲧ"/>
		<feat xlink:href="#sSpan5572" value="ϫⲉϥⲛⲏⲩ"/>
		<feat xlink:href="#sSpan5580" value="ⲉϥϣⲁⲛϩⲉ"/>
		<feat xlink:href="#sSpan5587" value="ⲉⲡⲉⲟⲩⲟⲉⲓϣ"/>
		<feat xlink:href="#sSpan5596" value="ⲧⲉⲛⲟⲩ"/>
		<feat xlink:href="#sSpan5600" value="ϭⲉ"/>
		<feat xlink:href="#sSpan5605" value="ⲛⲁϣⲏⲣⲉ"/>
		<feat xlink:href="#sSpan5611" value="ⲧⲛⲥⲃⲧⲱⲧ"/>
		<feat xlink:href="#sSpan5617" value="ⲉⲧⲱⲟⲩⲛ"/>
		<feat xlink:href="#sSpan5624" value="ϩⲁϩⲱⲃ"/>
		<feat xlink:href="#sSpan5631" value="ⲛⲓⲙⲉⲧⲉϥⲛⲁⲟⲩⲉϩⲥⲁϩⲛⲉ"/>
		<feat xlink:href="#sSpan5641" value="ⲙⲙⲟⲟⲩ"/>
		<feat xlink:href="#sSpan5647" value="ⲛⲁⲛ"/>
		<feat xlink:href="#sSpan5653" value="ⲛϭⲓⲡϫⲟⲉⲓⲥ"/>
		<feat xlink:href="#sSpan5662" value="·"/>
		<feat xlink:href="#sSpan5667" value="ⲡⲉϥⲟⲩⲟⲉⲓϣ"/>
		<feat xlink:href="#sSpan5673" value="ⲙⲁⲣϥϣⲱⲡⲉ"/>
		<feat xlink:href="#sSpan5681" value="·"/>
		<feat xlink:href="#sSpan5685" value="ⲡⲉⲟⲟⲩ"/>
		<feat xlink:href="#sSpan5692" value="ⲛⲁϥ"/>
		<feat xlink:href="#sSpan5698" value="ϣⲁⲉⲛⲉϩ"/>
		<feat xlink:href="#sSpan5705" value="ⲛⲉⲛⲉϩ"/>
		<feat xlink:href="#sSpan5712" value="ϩⲁⲙⲏⲛ"/>
		<feat xlink:href="#sSpan5716" value="·"/>
		<feat xlink:href="#sSpan5720" value="ⲙⲛⲛⲥⲁⲛⲁⲓ"/>
		<feat xlink:href="#sSpan5732" value="ⲇⲉ"/>
		<feat xlink:href="#sSpan5736" value="ⲧⲏⲣⲟⲩ"/>
		<feat xlink:href="#sSpan5742" value="ⲁⲛⲉⲓ"/>
		<feat xlink:href="#sSpan5751" value="ⲉⲩⲧⲟⲟⲩ"/>
		<feat xlink:href="#sSpan5760" value="ⲛϫⲁⲓⲉ"/>
		<feat xlink:href="#sSpan5766" value="ⲉϥⲙⲡϩⲱⲧ"/>
		<feat xlink:href="#sSpan5779" value="ⲉⲃⲟⲗ"/>
		<feat xlink:href="#sSpan5783" value="ⲛⲟⲩϯⲙⲉ"/>
		<feat xlink:href="#sSpan5794" value="ϫⲉⲧⲁϩⲣⲟⲩϫ"/>
		<feat xlink:href="#sSpan5801" value="ⲁⲛϩⲉ"/>
		<feat xlink:href="#sSpan5810" value="ⲉϩⲉⲛϣⲕⲟⲗ"/>
		<feat xlink:href="#sSpan5819" value="ⲙⲡⲉⲧⲣⲁ"/>
		<feat xlink:href="#sSpan5827" value="ϩⲙⲡⲙⲁ"/>
		<feat xlink:href="#sSpan5836" value="ⲉⲧⲙⲙⲁⲩ"/>
		<feat xlink:href="#sSpan5842" value="ⲁⲛⲧⲁⲙⲓⲟ"/>
		<feat xlink:href="#sSpan5851" value="ⲇⲉ"/>
		<feat xlink:href="#sSpan5855" value="ⲛϩⲉⲛⲕⲟⲩⲓ"/>
		<feat xlink:href="#sSpan5864" value="ⲙⲙⲁⲛϣⲱⲡⲉ"/>
		<feat xlink:href="#sSpan5870" value="ⲁⲛⲟⲩⲱϩ"/>
		<feat xlink:href="#sSpan5878" value="ⲛϩⲏⲧⲟⲩ"/>
		<feat xlink:href="#sSpan5884" value="·"/>
		<feat xlink:href="#sSpan5888" value="ⲁⲩⲱ"/>
		<feat xlink:href="#sSpan5892" value="ϩⲛϩⲉⲛⲡⲟⲗⲩϯⲁ"/>
		<feat xlink:href="#sSpan5902" value="ⲉⲩⲟϣ"/>
		<feat xlink:href="#sSpan5910" value="·"/>
		<feat xlink:href="#sSpan5914" value="ⲛⲉⲥⲛⲏⲩ"/>
		<feat xlink:href="#sSpan5924" value="ⲇⲉ"/>
		<feat xlink:href="#sSpan5928" value="ⲧⲏⲣⲟⲩ"/>
		<feat xlink:href="#sSpan5934" value="ⲛⲧⲉⲣⲟⲩⲥⲱⲧⲙ"/>
		<feat xlink:href="#sSpan5942" value="ⲉⲧⲃⲉⲡⲁⲉⲓⲱⲧ"/>
		<feat xlink:href="#sSpan5951" value="ϫⲉⲉϥϩⲙⲡⲙⲁ"/>
		<feat xlink:href="#sSpan5966" value="ⲉⲧⲙⲙⲁⲩ"/>
		<feat xlink:href="#sSpan5972" value="ⲁⲩⲉⲓ"/>
		<feat xlink:href="#sSpan5980" value="ϣⲁⲣⲟϥ"/>
		<feat xlink:href="#sSpan5986" value="ⲁⲩⲥⲱⲧⲙ"/>
		<feat xlink:href="#sSpan5994" value="ⲉⲛϣⲁϫⲉ"/>
		<feat xlink:href="#sSpan6003" value="ⲙⲡⲱⲛϩ"/>
		<feat xlink:href="#sSpan6012" value="ⲉⲃⲟⲗ"/>
		<feat xlink:href="#sSpan6017" value="ϩⲛⲣⲱϥ"/>
		<feat xlink:href="#sSpan6026" value="·"/>
		<feat xlink:href="#sSpan6031" value="ⲡⲙⲁ"/>
		<feat xlink:href="#sSpan6040" value="ⲇⲉ"/>
		<feat xlink:href="#sSpan6044" value="ⲛⲉⲟⲩϫⲁⲓⲉ"/>
		<feat xlink:href="#sSpan6053" value="ⲡⲉ"/>
		<feat xlink:href="#sSpan6057" value="ⲉⲙⲛⲙⲟⲟⲩ"/>
		<feat xlink:href="#sSpan6066" value="ⲛϩⲏⲧϥ"/>
		<feat xlink:href="#sSpan6072" value="·"/>
		<feat xlink:href="#sSpan6076" value="ⲡⲉϫⲉⲡⲁⲉⲓⲱⲧ"/>
		<feat xlink:href="#sSpan6087" value="ⲛⲁⲓ"/>
		<feat xlink:href="#sSpan6093" value="ϫⲉ"/>
		<feat xlink:href="#sSpan6097" value="·"/>
		<feat xlink:href="#sSpan6101" value="ⲡⲁϣⲏⲣⲉ"/>
		<feat xlink:href="#sSpan6111" value="ⲡⲁⲡⲟϩⲉ"/>
		<feat xlink:href="#sSpan6115" value="ϣⲓⲕⲉ"/>
		<feat xlink:href="#sSpan6119" value="ϩⲙⲡⲕⲁϩ"/>
		<feat xlink:href="#sSpan6128" value="ⲛⲧⲛⲛⲁⲩ"/>
		<feat xlink:href="#sSpan6136" value="ϫⲉⲡⲛⲟⲩⲧⲉ"/>
		<feat xlink:href="#sSpan6145" value="ⲛⲁϯ"/>
		<feat xlink:href="#sSpan6151" value="ⲛⲁⲛ"/>
		<feat xlink:href="#sSpan6157" value="ⲛⲟⲩⲙⲟⲟⲩ"/>
		<feat xlink:href="#sSpan6166" value="ⲉⲧⲃⲉⲛⲉⲥⲛⲏⲩ"/>
		<feat xlink:href="#sSpan6175" value="ⲉⲧⲛⲏⲩ"/>
		<feat xlink:href="#sSpan6181" value="ϣⲁⲣⲟⲛ"/>
		<feat xlink:href="#sSpan6187" value="·"/>
		<feat xlink:href="#sSpan6191" value="ⲁⲩⲱ"/>
		<feat xlink:href="#sSpan6197" value="ⲛⲧⲉⲣⲛϣⲓⲕⲉ"/>
		<feat xlink:href="#sSpan6205" value="ⲉⲡⲉⲥⲏⲧ"/>
		<feat xlink:href="#sSpan6213" value="ⲛⲁϥⲧⲟⲟⲩⲙⲙⲁϩⲉ"/>
		<feat xlink:href="#sSpan6222" value="ⲁⲩⲡⲩⲅⲏ"/>
		<feat xlink:href="#sSpan6230" value="ⲙⲙⲟⲟⲩ"/>
		<feat xlink:href="#sSpan6236" value="ϥⲱϭⲉ"/>
		<feat xlink:href="#sSpan6240" value="ⲉϩⲣⲁⲓ"/>
		<feat xlink:href="#sSpan6244" value="ⲉⲛⲁⲛⲟⲩⲥ"/>
		<feat xlink:href="#sSpan6252" value="ⲉⲥϩⲟⲗϭ"/>
		<feat xlink:href="#sSpan6260" value="ⲉⲙⲁⲧⲉ"/>
		<feat xlink:href="#sSpan6264" value="ⲉⲥⲱ"/>
		<feat xlink:href="#sSpan6270" value="ⲉⲃⲟⲗ"/>
		<feat xlink:href="#sSpan6274" value="ⲛϩⲏⲧⲥ"/>
		<feat xlink:href="#sSpan6280" value="·"/>
		<feat xlink:href="#sSpan6284" value="ⲁⲩⲱ"/>
		<feat xlink:href="#sSpan6290" value="ⲁⲛⲣⲣⲟⲙⲡⲉ"/>
		<feat xlink:href="#sSpan6301" value="ⲥⲛⲧⲉ"/>
		<feat xlink:href="#sSpan6305" value="ⲉⲛⲥⲱ"/>
		<feat xlink:href="#sSpan6313" value="ⲉⲃⲟⲗ"/>
		<feat xlink:href="#sSpan6317" value="ⲛϩⲏⲧⲥ"/>
		<feat xlink:href="#sSpan6323" value="ⲙⲛⲛⲉⲧⲛⲏⲩ"/>
		<feat xlink:href="#sSpan6333" value="ϣⲁⲣⲟⲛ"/>
		<feat xlink:href="#sSpan6339" value="·"/>
		<feat xlink:href="#sSpan6344" value="ⲧⲟⲧⲉ"/>
		<feat xlink:href="#sSpan6348" value="ⲡⲉϫⲉⲡⲁⲉⲓⲱⲧ"/>
		<feat xlink:href="#sSpan6357" value="ⲛⲁⲓ"/>
		<feat xlink:href="#sSpan6363" value="ϫⲉ"/>
		<feat xlink:href="#sSpan6367" value="·"/>
		<feat xlink:href="#sSpan6371" value="ⲙⲁⲣⲛⲧⲁⲙⲓⲟ"/>
		<feat xlink:href="#sSpan6381" value="ⲛⲟⲩϣⲱⲧⲉ"/>
		<feat xlink:href="#sSpan6390" value="ⲛⲧⲛⲕⲁⲁⲥ"/>
		<feat xlink:href="#sSpan6400" value="ⲉⲧⲃⲉⲛⲉⲥⲛⲏⲩ"/>
		<feat xlink:href="#sSpan6409" value="ⲉⲧⲛⲏⲩ"/>
		<feat xlink:href="#sSpan6415" value="ϣⲁⲣⲟⲛ"/>
		<feat xlink:href="#sSpan6421" value="·"/>
		<feat xlink:href="#sSpan6425" value="ⲁⲡϫ︤ⲥ︥"/>
		<feat xlink:href="#sSpan6436" value="ⲟⲩⲱ"/>
		<feat xlink:href="#sSpan6440" value="ⲉϥⲧⲁⲙⲟ"/>
		<feat xlink:href="#sSpan6448" value="ⲙⲙⲟⲛ"/>
		<feat xlink:href="#sSpan6454" value="ϫⲉⲙⲁ"/>
		<feat xlink:href="#sSpan6461" value="ⲛⲓⲙ"/>
		<feat xlink:href="#sSpan6465" value="ⲉⲧⲉⲕⲛⲁⲟⲩⲱϩ"/>
		<feat xlink:href="#sSpan6475" value="ⲛϩⲏⲧϥ"/>
		<feat xlink:href="#sSpan6481" value="ϯⲛⲁⲕⲁ"/>
		<feat xlink:href="#sSpan6489" value="ⲁϥ"/>
		<feat xlink:href="#sSpan6495" value="ⲉϥⲙⲏⲛ"/>
		<feat xlink:href="#sSpan6503" value="ⲉⲃⲟⲗ"/>
		<feat xlink:href="#sSpan6507" value="ϣⲁⲉⲛⲉϩ"/>
		<feat xlink:href="#sSpan6514" value="·"/>
		<feat xlink:href="#sSpan6518" value="ⲛⲧⲉⲣⲛⲧⲁⲙⲓⲟⲥ"/>
		<feat xlink:href="#sSpan6533" value="ⲇⲉ"/>
		<feat xlink:href="#sSpan6537" value="ⲁⲛⲙⲟⲟϣⲉ"/>
		<feat xlink:href="#sSpan6546" value="ⲉⲃⲟⲗ"/>
		<feat xlink:href="#sSpan6550" value="ϩⲙⲡⲙⲁ"/>
		<feat xlink:href="#sSpan6559" value="ⲉⲧⲙⲙⲁⲩ"/>
		<feat xlink:href="#sSpan6565" value="ⲉⲧⲣⲉⲛⲃⲱⲕ"/>
		<feat xlink:href="#sSpan6576" value="ⲉⲩⲙⲁ"/>
		<feat xlink:href="#sSpan6585" value="ϩⲙⲡⲙⲁⲣⲓⲥ"/>
		<feat xlink:href="#sSpan6594" value="ⲉⲩⲙⲟⲩⲧⲉ"/>
		<feat xlink:href="#sSpan6602" value="ⲉⲣⲟϥ"/>
		<feat xlink:href="#sSpan6608" value="ϫⲉⲁⲡⲁ"/>
		<feat xlink:href="#sSpan6616" value="ⲡⲁⲙⲓⲛ"/>
		<feat xlink:href="#sSpan6620" value="·"/>
		<feat xlink:href="#sSpan6625" value="ⲉⲧⲉⲓ"/>
		<feat xlink:href="#sSpan6632" value="ⲇⲉ"/>
		<feat xlink:href="#sSpan6636" value="ⲉⲛⲙⲟⲟϣⲉ"/>
		<feat xlink:href="#sSpan6644" value="ⲁⲛⲉⲓ"/>
		<feat xlink:href="#sSpan6653" value="ⲉⲡⲧⲟⲟⲩ"/>
		<feat xlink:href="#sSpan6664" value="ⲛⲧⲉⲧⲕⲟⲟϩ"/>
		<feat xlink:href="#sSpan6673" value=","/>
		<feat xlink:href="#sSpan6677" value="ⲡⲉⲓⲧⲟⲟⲩ"/>
		<feat xlink:href="#sSpan6684" value="ⲛⲧⲁⲡⲛⲟⲩⲧⲉ"/>
		<feat xlink:href="#sSpan6695" value="ϩⲱⲛ"/>
		<feat xlink:href="#sSpan6700" value="ⲙⲡϥⲥⲙⲟⲩ"/>
		<feat xlink:href="#sSpan6708" value="ⲉⲩⲱⲛϩ"/>
		<feat xlink:href="#sSpan6716" value="ϣⲁⲉⲛⲉϩ"/>
		<feat xlink:href="#sSpan6723" value="·"/>
		<feat xlink:href="#sSpan6727" value="ⲁⲛϭⲟⲓⲗⲉ"/>
		<feat xlink:href="#sSpan6738" value="ⲉϩⲉⲛⲥⲛⲏⲩ"/>
		<feat xlink:href="#sSpan6747" value="ⲙⲙⲁⲓⲛⲟⲩⲧⲉ"/>
		<feat xlink:href="#sSpan6755" value="ⲉⲩϩⲙⲡⲧⲟⲟⲩ"/>
		<feat xlink:href="#sSpan6770" value="ⲉⲧⲙⲙⲁⲩ"/>
		<feat xlink:href="#sSpan6776" value="ⲁⲩⲉⲓⲣⲉ"/>
		<feat xlink:href="#sSpan6785" value="ⲛϩⲉⲛⲛⲟϭ"/>
		<feat xlink:href="#sSpan6794" value="ⲙⲡⲉⲧⲛⲁⲛⲟⲩϥ"/>
		<feat xlink:href="#sSpan6806" value="ⲛⲙⲙⲁⲛ"/>
		<feat xlink:href="#sSpan6812" value="·"/>
		<feat xlink:href="#sSpan6816" value="ⲡⲉⲛⲙⲁⲕⲁⲣⲓⲟⲥ"/>
		<feat xlink:href="#sSpan6827" value="ⲇⲉ"/>
		<feat xlink:href="#sSpan6831" value="ⲛⲥⲟⲛ"/>
		<feat xlink:href="#sSpan6838" value="ⲁⲡⲁ"/>
		<feat xlink:href="#sSpan6843" value="ⲫⲓϥ"/>
		<feat xlink:href="#sSpan6847" value="ⲁϥⲙⲧⲟⲛ"/>
		<feat xlink:href="#sSpan6855" value="ⲙⲙⲟϥ"/>
		<feat xlink:href="#sSpan6861" value="ϩⲙⲡⲙⲁ"/>
		<feat xlink:href="#sSpan6870" value="ⲉⲧⲙⲙⲁⲩ"/>
		<feat xlink:href="#sSpan6876" value="ϩⲛⲥⲟⲩϫⲟⲩⲧⲏ"/>
		<feat xlink:href="#sSpan6885" value="ⲙⲡⲁⲟⲡⲉ"/>
		<feat xlink:href="#sSpan6892" value="ⲙⲡⲛⲁⲩ"/>
		<feat xlink:href="#sSpan6901" value="ⲛϫⲡϣⲟⲙⲧⲉ"/>
		<feat xlink:href="#sSpan6909" value="ⲙⲡⲉϩⲟⲟⲩ"/>
		<feat xlink:href="#sSpan6918" value="·"/>
		<feat xlink:href="#sSpan6922" value="ⲁⲩⲱ"/>
		<feat xlink:href="#sSpan6926" value="ⲁⲛⲙⲕⲁϩ"/>
		<feat xlink:href="#sSpan6934" value="ⲉⲙⲁⲧⲉ"/>
		<feat xlink:href="#sSpan6939" value="ⲉⲁⲛⲟⲩⲱⲗⲥ"/>
		<feat xlink:href="#sSpan6949" value="ⲛϩⲏⲧ"/>
		<feat xlink:href="#sSpan6955" value="ⲛⲥⲱϥ"/>
		<feat xlink:href="#sSpan6961" value="ϩⲛⲟⲩⲛⲟϭ"/>
		<feat xlink:href="#sSpan6970" value="ⲛⲗⲩⲡⲏ"/>
		<feat xlink:href="#sSpan6977" value="·"/>
		<feat xlink:href="#sSpan6981" value="ⲁⲛ"/>
		<feat xlink:href="#sSpan6987" value="ⲧⲱⲙⲥ"/>
		<feat xlink:href="#sSpan6993" value="ⲙⲙⲟϥ"/>
		<feat xlink:href="#sSpan6999" value="ϩⲙⲡⲙⲁ"/>
		<feat xlink:href="#sSpan7008" value="ⲉⲧⲙⲙⲁⲩ"/>
		<feat xlink:href="#sSpan7014" value="·"/></featList></paula>