<?xml version='1.0' encoding='UTF-8'?><!DOCTYPE paula SYSTEM "paula_feat.dtd">
<paula version="1.1">
	<header paula_id="scriptorium.life.phib.01.mark_norm_group"/>
	<featList xmlns:xlink="http://www.w3.org/1999/xlink" type="norm_group" xml:base="scriptorium.life.phib.01.mark.xml">
		<feat xlink:href="#sSpan3" value="ⲡⲃⲓⲟⲥ"/>
		<feat xlink:href="#sSpan15" value="ⲙⲡⲉⲛⲡⲉⲧⲟⲩⲁⲁⲃ"/>
		<feat xlink:href="#sSpan27" value="ⲛⲉⲓⲱⲧ"/>
		<feat xlink:href="#sSpan34" value="ⲁⲡⲁ"/>
		<feat xlink:href="#sSpan39" value="ⲫⲓϥ"/>
		<feat xlink:href="#sSpan44" value="ⲡⲁⲛⲁⲭⲱⲣⲏⲧⲏⲥ"/>
		<feat xlink:href="#sSpan51" value="ⲉⲧⲟⲩⲁⲁⲃ"/>
		<feat xlink:href="#sSpan58" value="ⲉⲁϥϩⲓⲥⲧⲱⲣⲓⲍⲉ"/>
		<feat xlink:href="#sSpan68" value="ⲙⲙⲟϥ"/>
		<feat xlink:href="#sSpan74" value="ⲛϭⲓⲡⲁⲡⲟϩⲉ"/>
		<feat xlink:href="#sSpan82" value="ⲡⲙⲁⲑⲏⲧⲏⲥ"/>
		<feat xlink:href="#sSpan89" value="ⲛⲁⲡⲁ"/>
		<feat xlink:href="#sSpan98" value="ⲁⲡⲟⲗⲗⲱ"/>
		<feat xlink:href="#sSpan102" value="ⲡⲧⲉⲗⲉⲓⲟⲥ"/>
		<feat xlink:href="#sSpan109" value="ⲉⲧⲥⲙⲁⲙⲁⲁⲧ"/>
		<feat xlink:href="#sSpan115" value="·"/>
		<feat xlink:href="#sSpan119" value="ⲛⲧⲁϥⲙⲧⲟⲛ"/>
		<feat xlink:href="#sSpan132" value="ⲇⲉ"/>
		<feat xlink:href="#sSpan136" value="ⲙⲙⲟϥ"/>
		<feat xlink:href="#sSpan142" value="ⲛϭⲓⲡⲙⲁⲕⲁⲣⲓⲟⲥ"/>
		<feat xlink:href="#sSpan153" value="ⲁⲡⲁ"/>
		<feat xlink:href="#sSpan158" value="ⲫⲓϥ"/>
		<feat xlink:href="#sSpan162" value="ϩⲛⲥⲟⲩϫⲟⲩⲧⲏ"/>
		<feat xlink:href="#sSpan171" value="ⲙⲡⲉⲃⲟⲧ"/>
		<feat xlink:href="#sSpan181" value="ⲡⲁⲟⲡⲉ"/>
		<feat xlink:href="#sSpan185" value="ϩⲛⲟⲩⲉⲓⲣⲏⲛⲏ"/>
		<feat xlink:href="#sSpan195" value="ⲛⲧⲉⲡⲛⲟⲩⲧⲉ"/>
		<feat xlink:href="#sSpan204" value="·"/>
		<feat xlink:href="#sSpan208" value="ⲉⲣⲉⲛⲉϥⲥⲙⲟⲩ"/>
		<feat xlink:href="#sSpan220" value="ⲛⲁϣⲱⲡⲉ"/>
		<feat xlink:href="#sSpan226" value="ⲛⲙⲙⲁⲛ"/>
		<feat xlink:href="#sSpan233" value="ϩⲁⲙⲏⲛ"/>
		<feat xlink:href="#sSpan237" value="·"/>
		<feat xlink:href="#sSpan242" value="ⲁⲗⲏⲑⲱⲥ"/>
		<feat xlink:href="#sSpan251" value="ⲟⲩⲙⲉ"/>
		<feat xlink:href="#sSpan257" value="ⲡⲉ"/>
		<feat xlink:href="#sSpan261" value="ⲡϣⲁϫⲉ"/>
		<feat xlink:href="#sSpan268" value="ⲙⲡϩⲩⲙⲛⲟⲇⲟⲥ"/>
		<feat xlink:href="#sSpan277" value="ⲉⲧⲟⲩⲁⲁⲃ"/>
		<feat xlink:href="#sSpan285" value="ⲇⲁⲩⲉⲓⲇ"/>
		<feat xlink:href="#sSpan289" value="ⲉϥⲱϣ"/>
		<feat xlink:href="#sSpan298" value="ⲉⲃⲟⲗ"/>
		<feat xlink:href="#sSpan302" value="ⲉϥϫⲱ"/>
		<feat xlink:href="#sSpan310" value="ⲙⲙⲟⲥ"/>
		<feat xlink:href="#sSpan316" value="ϫⲉ"/>
		<feat xlink:href="#sSpan320" value="·"/>
		<feat xlink:href="#sSpan325" value="ⲡⲇⲓⲕⲁⲓⲟⲥ"/>
		<feat xlink:href="#sSpan334" value="ⲛⲁϣⲱⲡⲉ"/>
		<feat xlink:href="#sSpan340" value="ⲛⲣⲡⲙⲉⲉⲩⲉ"/>
		<feat xlink:href="#sSpan350" value="ϣⲁⲉⲛⲉϩ"/>
		<feat xlink:href="#sSpan357" value="·"/>
		<feat xlink:href="#sSpan361" value="ⲁⲩⲱ"/>
		<feat xlink:href="#sSpan365" value="ⲟⲛ"/>
		<feat xlink:href="#sSpan369" value="ϫⲉ"/>
		<feat xlink:href="#sSpan373" value="·"/>
		<feat xlink:href="#sSpan378" value="ⲡⲇⲓⲕⲁⲓⲟⲥ"/>
		<feat xlink:href="#sSpan389" value="ⲛⲁϫⲓⲥⲉ"/>
		<feat xlink:href="#sSpan395" value="ⲛⲧϩⲉ"/>
		<feat xlink:href="#sSpan403" value="ⲛⲟⲩⲃⲛⲛⲉ"/>
		<feat xlink:href="#sSpan412" value="ⲛϥⲟⲩⲱⲥϣ"/>
		<feat xlink:href="#sSpan420" value="ⲉⲃⲟⲗ"/>
		<feat xlink:href="#sSpan424" value="ⲛⲧϩⲉ"/>
		<feat xlink:href="#sSpan432" value="ⲛⲧⲕⲉⲇⲣⲟⲥ"/>
		<feat xlink:href="#sSpan442" value="ⲉⲧϩⲙⲡⲗⲓⲃⲁⲛⲟⲥ"/>
		<feat xlink:href="#sSpan454" value="·"/>
		<feat xlink:href="#sSpan458" value="ⲁⲡⲁⲓ"/>
		<feat xlink:href="#sSpan465" value="ϫⲱⲕ"/>
		<feat xlink:href="#sSpan469" value="ⲉⲃⲟⲗ"/>
		<feat xlink:href="#sSpan473" value="ⲉϫⲙⲡⲉⲓⲡⲉⲧⲟⲩⲁⲁⲃ"/>
		<feat xlink:href="#sSpan485" value="·"/>
		<feat xlink:href="#sSpan489" value="ⲛⲉⲟⲩⲛⲟⲩⲥⲟⲛ"/>
		<feat xlink:href="#sSpan505" value="ⲇⲉ"/>
		<feat xlink:href="#sSpan509" value="ⲉⲡⲉϥⲣⲁⲛ"/>
		<feat xlink:href="#sSpan518" value="ⲡⲉ"/>
		<feat xlink:href="#sSpan523" value="ⲁⲡⲁ"/>
		<feat xlink:href="#sSpan529" value="ⲫⲓϥ"/>
		<feat xlink:href="#sSpan533" value="ⲉⲩⲣⲙⲡⲥⲓⲛⲉⲙⲟⲩⲛ"/>
		<feat xlink:href="#sSpan548" value="ⲡⲉ"/>
		<feat xlink:href="#sSpan552" value="ϩⲙⲡⲧⲟϣ"/>
		<feat xlink:href="#sSpan561" value="ⲛϣⲙⲟⲩⲛ"/>
		<feat xlink:href="#sSpan568" value="·"/>
		<feat xlink:href="#sSpan572" value="ⲁϥⲉⲓ"/>
		<feat xlink:href="#sSpan583" value="ϣⲁⲡⲁⲉⲓⲱⲧ"/>
		<feat xlink:href="#sSpan592" value="ⲉⲧⲟⲩⲁⲁⲃ"/>
		<feat xlink:href="#sSpan599" value="ⲁⲡⲁ"/>
		<feat xlink:href="#sSpan604" value="ⲁⲡⲟⲗⲗⲱ"/>
		<feat xlink:href="#sSpan608" value="ⲁϥⲣⲙⲟⲛⲁⲭⲟⲥ"/>
		<feat xlink:href="#sSpan620" value="ϩⲁϩⲧⲏϥ"/>
		<feat xlink:href="#sSpan626" value="·"/>
		<feat xlink:href="#sSpan630" value="ⲁⲩϭⲱ"/>
		<feat xlink:href="#sSpan641" value="ⲇⲉ"/>
		<feat xlink:href="#sSpan645" value="ⲙⲛⲛⲉⲩⲉⲣⲏⲩ"/>
		<feat xlink:href="#sSpan653" value="ⲛⲁϯⲉ"/>
		<feat xlink:href="#sSpan660" value="ⲛⲣⲟⲙⲡⲉ"/>
		<feat xlink:href="#sSpan666" value="·"/>
		<feat xlink:href="#sSpan670" value="ⲙⲛⲛⲥⲱⲥ"/>
		<feat xlink:href="#sSpan679" value="ⲁⲁⲡⲉⲧⲣⲁ"/>
		<feat xlink:href="#sSpan688" value="ⲉⲛⲧⲟⲩ"/>
		<feat xlink:href="#sSpan696" value="ⲙⲡⲉⲥⲛⲁⲩ"/>
		<feat xlink:href="#sSpan705" value="ⲁϥⲕⲁⲁⲩ"/>
		<feat xlink:href="#sSpan715" value="ϩⲁϩⲧⲛⲛⲉⲩⲉⲣⲏⲩ"/>
		<feat xlink:href="#sSpan723" value="ϩⲙⲡⲧⲟⲟⲩ"/>
		<feat xlink:href="#sSpan734" value="ⲛϯⲧⲕⲟⲟϩ"/>
		<feat xlink:href="#sSpan745" value="ⲁϥⲃⲱⲕ"/>
		<feat xlink:href="#sSpan754" value="ϣⲁⲡⲉϩⲟⲟⲩ"/>
		<feat xlink:href="#sSpan763" value="ⲛⲧⲁϥⲙⲧⲟⲛ"/>
		<feat xlink:href="#sSpan773" value="ⲙⲙⲟϥ"/>
		<feat xlink:href="#sSpan779" value="·"/>
		<feat xlink:href="#sSpan783" value="ⲛⲧⲟⲟⲩ"/>
		<feat xlink:href="#sSpan790" value="ⲇⲉ"/>
		<feat xlink:href="#sSpan794" value="ⲙⲡⲉⲥⲛⲁⲩ"/>
		<feat xlink:href="#sSpan803" value="ⲛⲉⲩϣⲟⲟⲡ"/>
		<feat xlink:href="#sSpan811" value="ⲙⲛⲛⲉⲩⲉⲣⲏⲩ"/>
		<feat xlink:href="#sSpan819" value="ⲉⲩⲉⲓⲣⲉ"/>
		<feat xlink:href="#sSpan828" value="ⲛϩⲉⲛⲛⲟϭ"/>
		<feat xlink:href="#sSpan838" value="ⲙⲡⲟⲗⲓⲧⲉⲓⲁ"/>
		<feat xlink:href="#sSpan845" value="ⲉⲙⲛⲣⲱⲙⲉ"/>
		<feat xlink:href="#sSpan854" value="ⲛⲁϣ"/>
		<feat xlink:href="#sSpan860" value="ϫⲓⲏⲡⲉ"/>
		<feat xlink:href="#sSpan864" value="ⲙⲙⲟⲟⲩ"/>
		<feat xlink:href="#sSpan871" value="ⲟⲩⲇⲉ"/>
		<feat xlink:href="#sSpan875" value="ⲛⲧⲛⲛⲁϣϫⲟⲟⲩ"/>
		<feat xlink:href="#sSpan887" value="ⲁⲛ"/>
		<feat xlink:href="#sSpan891" value="ⲉⲧⲃⲉⲧⲉⲩⲁϣⲏ"/>
		<feat xlink:href="#sSpan900" value="·"/>
		<feat xlink:href="#sSpan904" value="ⲥⲱⲧⲙ"/>
		<feat xlink:href="#sSpan912" value="ⲉⲣⲟⲓ"/>
		<feat xlink:href="#sSpan918" value="ⲛⲁⲥⲛⲏⲩ"/>
		<feat xlink:href="#sSpan925" value="ⲛⲁⲙⲉⲣⲁⲧⲉ"/>
		<feat xlink:href="#sSpan931" value="ϩⲙⲡϫⲟⲉⲓⲥ"/>
		<feat xlink:href="#sSpan941" value="ⲛⲧⲁⲧⲁⲙⲱⲧⲛ"/>
		<feat xlink:href="#sSpan951" value="ⲉⲛϭⲟⲙ"/>
		<feat xlink:href="#sSpan960" value="ⲙⲛⲛⲉⲥⲃⲟⲟⲩⲉ"/>
		<feat xlink:href="#sSpan969" value="ⲛⲱⲛϩ"/>
		<feat xlink:href="#sSpan976" value="ⲙⲡⲉⲛⲙⲁⲕⲁⲣⲓⲟⲥ"/>
		<feat xlink:href="#sSpan986" value="ⲛⲉⲓⲱⲧ"/>
		<feat xlink:href="#sSpan993" value="ⲁⲡⲁ"/>
		<feat xlink:href="#sSpan998" value="ⲁⲡⲟⲗⲗⲱ"/>
		<feat xlink:href="#sSpan1002" value="ⲡⲣⲱⲙⲉ"/>
		<feat xlink:href="#sSpan1008" value="ⲙⲡⲛⲟⲩⲧⲉ"/>
		<feat xlink:href="#sSpan1017" value=","/>
		<feat xlink:href="#sSpan1021" value="ⲡⲉⲛⲧⲁϥⲧⲁⲗⲟ"/>
		<feat xlink:href="#sSpan1037" value="ⲉϩⲣⲁⲓ"/>
		<feat xlink:href="#sSpan1041" value="ⲙⲡⲉϥⲥⲱⲙⲁ"/>
		<feat xlink:href="#sSpan1051" value="ⲛⲟⲩⲑⲩⲥⲓⲁ"/>
		<feat xlink:href="#sSpan1061" value="ⲉⲥⲟⲩⲁⲁⲃ"/>
		<feat xlink:href="#sSpan1069" value="ⲙⲡⲛⲟⲩⲧⲉ"/>
		<feat xlink:href="#sSpan1078" value=","/>
		<feat xlink:href="#sSpan1082" value="ⲡⲉⲛⲧⲁϥϣⲱⲡⲉ"/>
		<feat xlink:href="#sSpan1097" value="ⲙⲙⲁ"/>
		<feat xlink:href="#sSpan1104" value="ⲛⲟⲩⲱϩ"/>
		<feat xlink:href="#sSpan1110" value="ⲙⲡⲉⲓⲱⲧ"/>
		<feat xlink:href="#sSpan1119" value="ⲁⲩⲱ"/>
		<feat xlink:href="#sSpan1123" value="ⲙⲙⲁ"/>
		<feat xlink:href="#sSpan1130" value="ⲛⲙⲧⲟⲛ"/>
		<feat xlink:href="#sSpan1137" value="ⲙⲡϣⲡⲣⲉ"/>
		<feat xlink:href="#sSpan1146" value="ⲁⲩⲱ"/>
		<feat xlink:href="#sSpan1150" value="ⲙⲙⲁ"/>
		<feat xlink:href="#sSpan1157" value="ⲛⲥⲱⲟⲩϩ"/>
		<feat xlink:href="#sSpan1163" value="ⲉϩⲟⲩⲛ"/>
		<feat xlink:href="#sSpan1167" value="ⲙⲡⲉⲡⲛⲉⲩⲙⲁ"/>
		<feat xlink:href="#sSpan1177" value="ⲉⲧⲟⲩⲁⲁⲃ"/>
		<feat xlink:href="#sSpan1183" value="·"/>
		<feat xlink:href="#sSpan1187" value="ⲁⲛⲟⲕ"/>
		<feat xlink:href="#sSpan1194" value="ⲇⲉ"/>
		<feat xlink:href="#sSpan1198" value="ⲡⲁⲡⲟϩⲉ"/>
		<feat xlink:href="#sSpan1205" value="ⲡⲟⲓⲕⲟⲛⲟⲙⲟⲥ"/>
		<feat xlink:href="#sSpan1212" value="ⲡⲉⲓⲉⲗⲁⲭⲓⲥⲧⲟⲥ"/>
		<feat xlink:href="#sSpan1220" value="ⲛⲉⲓⲟ"/>
		<feat xlink:href="#sSpan1228" value="ⲛϣⲏⲣⲉ"/>
		<feat xlink:href="#sSpan1235" value="ⲕⲟⲩⲓ"/>
		<feat xlink:href="#sSpan1239" value="ⲉⲓⲥⲟⲃⲕ"/>
		<feat xlink:href="#sSpan1247" value="ϩⲙⲡⲏⲓ"/>
		<feat xlink:href="#sSpan1256" value="ⲛⲛⲁⲉⲓⲟⲟⲧⲉ"/>
		<feat xlink:href="#sSpan1265" value="·"/>
		<feat xlink:href="#sSpan1269" value="ⲁⲡⲛⲟⲩⲧⲉ"/>
		<feat xlink:href="#sSpan1280" value="ⲧⲛⲛⲟⲟⲩ"/>
		<feat xlink:href="#sSpan1284" value="ⲙⲡⲉϥⲁⲅⲅⲉⲗⲟⲥ"/>
		<feat xlink:href="#sSpan1294" value="ⲁϥⲉⲛⲧ"/>
		<feat xlink:href="#sSpan1302" value="ⲉⲃⲟⲗ"/>
		<feat xlink:href="#sSpan1306" value="ϩⲙⲡⲏⲓ"/>
		<feat xlink:href="#sSpan1315" value="ⲙⲡⲁⲉⲓⲱⲧ"/>
		<feat xlink:href="#sSpan1324" value="ⲁϥϫⲓ"/>
		<feat xlink:href="#sSpan1333" value="ⲙⲟⲉⲓⲧ"/>
		<feat xlink:href="#sSpan1338" value="ϩⲏⲧ"/>
		<feat xlink:href="#sSpan1342" value="ϩⲓⲛⲉϩⲓⲟⲟⲩⲉ"/>
		<feat xlink:href="#sSpan1351" value="ⲛⲧⲇⲓⲕⲁⲓⲟⲥⲩⲛⲏ"/>
		<feat xlink:href="#sSpan1361" value="ⲁϥⲉⲛⲧ"/>
		<feat xlink:href="#sSpan1369" value="ⲉⲣⲁⲧϥ"/>
		<feat xlink:href="#sSpan1375" value="ⲙⲡϣⲱⲥ"/>
		<feat xlink:href="#sSpan1384" value="ⲉⲧⲛⲁⲛⲟⲩϥ"/>
		<feat xlink:href="#sSpan1392" value="ⲛⲣⲉϥⲧⲟⲩϫⲉⲯⲩⲭⲏ"/>
		<feat xlink:href="#sSpan1403" value="ⲁⲓⲙⲟⲟⲛⲉ"/>
		<feat xlink:href="#sSpan1411" value="ⲉⲡⲗⲩⲙⲏⲛ"/>
		<feat xlink:href="#sSpan1421" value="ⲙⲡⲟⲩϫⲁⲓ"/>
		<feat xlink:href="#sSpan1430" value="ⲉⲧⲉⲙⲛⲥⲟⲟⲛⲉ"/>
		<feat xlink:href="#sSpan1439" value="ⲛϩⲏⲧϥ"/>
		<feat xlink:href="#sSpan1445" value="ⲉⲧⲉⲡⲉⲛⲙⲉⲣⲓⲧ"/>
		<feat xlink:href="#sSpan1454" value="ⲛⲉⲓⲱⲧ"/>
		<feat xlink:href="#sSpan1460" value="ⲡⲉ"/>
		<feat xlink:href="#sSpan1464" value="ⲙⲡⲉⲛⲙⲁⲕⲁⲣⲓⲟⲥ"/>
		<feat xlink:href="#sSpan1474" value="ⲛⲉⲓⲱⲧ"/>
		<feat xlink:href="#sSpan1481" value="ⲁⲡⲁ"/>
		<feat xlink:href="#sSpan1486" value="ⲁⲡⲟⲗⲗⲱ"/>
		<feat xlink:href="#sSpan1490" value="ⲡⲓⲥⲣⲁⲏⲗⲓⲧⲏⲥ"/>
		<feat xlink:href="#sSpan1499" value="ⲛⲁⲙⲉ"/>
		<feat xlink:href="#sSpan1503" value="ⲉⲧⲉⲙⲛⲕⲣⲟϥ"/>
		<feat xlink:href="#sSpan1512" value="ⲛϩⲏⲧϥ"/>
		<feat xlink:href="#sSpan1518" value="·"/>
		<feat xlink:href="#sSpan1522" value="ⲉϥϣⲟⲟⲡ"/>
		<feat xlink:href="#sSpan1535" value="ⲇⲉ"/>
		<feat xlink:href="#sSpan1539" value="ϩⲙⲡⲉⲓⲧⲟⲟⲩ"/>
		<feat xlink:href="#sSpan1548" value="ϩⲁⲧϩⲏ"/>
		<feat xlink:href="#sSpan1557" value="ⲙⲡⲁⲧⲉ"/>
		<feat xlink:href="#sSpan1562" value="ⲡϫⲟⲉⲓⲥ"/>
		<feat xlink:href="#sSpan1568" value="ⲟⲩⲱⲛϩ"/>
		<feat xlink:href="#sSpan1573" value="ⲉⲃⲟⲗ"/>
		<feat xlink:href="#sSpan1577" value="ⲙⲡⲉϥⲉⲟⲟⲩ"/>
		<feat xlink:href="#sSpan1586" value="ⲉϩⲣⲁⲓ"/>
		<feat xlink:href="#sSpan1590" value="ⲉϫⲱϥ"/>
		<feat xlink:href="#sSpan1596" value="ⲁⲓⲧⲱϩⲙ"/>
		<feat xlink:href="#sSpan1605" value="ⲇⲉ"/>
		<feat xlink:href="#sSpan1609" value="ⲉⲡⲣⲟ"/>
		<feat xlink:href="#sSpan1618" value="ⲁϥⲉⲓ"/>
		<feat xlink:href="#sSpan1626" value="ⲛⲁⲓ"/>
		<feat xlink:href="#sSpan1632" value="ⲉⲃⲟⲗ"/>
		<feat xlink:href="#sSpan1636" value="ⲛⲧⲉⲩⲛⲟⲩ"/>
		<feat xlink:href="#sSpan1644" value="ⲉⲣⲉⲡⲉϥϩⲟ"/>
		<feat xlink:href="#sSpan1653" value="ⲛⲟⲧⲃ"/>
		<feat xlink:href="#sSpan1657" value="ⲛⲥⲱⲃⲉ"/>
		<feat xlink:href="#sSpan1664" value="·"/>
		<feat xlink:href="#sSpan1668" value="ⲉⲛⲉⲟⲩⲣⲙⲣⲁϣ"/>
		<feat xlink:href="#sSpan1686" value="ⲅⲁⲣ"/>
		<feat xlink:href="#sSpan1690" value="ⲡⲉ"/>
		<feat xlink:href="#sSpan1695" value="ⲡⲁⲉⲓⲱⲧ"/>
		<feat xlink:href="#sSpan1701" value="ⲉϩⲟⲩⲛ"/>
		<feat xlink:href="#sSpan1705" value="ⲉⲣⲱⲙⲉ"/>
		<feat xlink:href="#sSpan1712" value="ⲛⲓⲙ"/>
		<feat xlink:href="#sSpan1716" value="ⲛⲁⲅⲁⲑⲱⲥ"/>
		<feat xlink:href="#sSpan1720" value="ⲉⲛⲁⲛⲟⲩϥ"/>
		<feat xlink:href="#sSpan1728" value="ⲉⲙⲁⲧⲉ"/>
		<feat xlink:href="#sSpan1732" value="ϩⲛⲥⲙⲟⲧ"/>
		<feat xlink:href="#sSpan1739" value="ⲛⲓⲙ"/>
		<feat xlink:href="#sSpan1743" value="ⲛⲛⲁϩⲣⲛ"/>
		<feat xlink:href="#sSpan1750" value="ⲡⲛⲟⲩⲧⲉ"/>
		<feat xlink:href="#sSpan1756" value="ⲙⲛⲛⲣⲱⲙⲉ"/>
		<feat xlink:href="#sSpan1765" value="·"/>
		<feat xlink:href="#sSpan1769" value="ⲁϥϣⲓⲧ"/>
		<feat xlink:href="#sSpan1779" value="ⲉϩⲟⲩⲛ"/>
		<feat xlink:href="#sSpan1783" value="ϩⲛⲟⲩⲟⲩⲣⲟⲧ"/>
		<feat xlink:href="#sSpan1792" value="ⲁϥⲁⲁⲧ"/>
		<feat xlink:href="#sSpan1800" value="ⲙⲙⲟⲛⲁⲭⲟⲥ"/>
		<feat xlink:href="#sSpan1808" value="ϩⲁϩⲧⲏϥ"/>
		<feat xlink:href="#sSpan1814" value="ⲁⲓⲙⲡϣⲁ"/>
		<feat xlink:href="#sSpan1822" value="ⲛϭⲱ"/>
		<feat xlink:href="#sSpan1828" value="ϩⲁⲧϩⲁⲓⲃⲉⲥ"/>
		<feat xlink:href="#sSpan1837" value="ⲛⲛⲉϥϣⲗⲏⲗ"/>
		<feat xlink:href="#sSpan1846" value="ⲉⲧⲟⲩⲁⲁⲃ"/>
		<feat xlink:href="#sSpan1852" value="ⲙⲛⲧⲉϥⲙⲛⲧⲉⲓⲱⲧ"/>
		<feat xlink:href="#sSpan1863" value="·"/>
		<feat xlink:href="#sSpan1867" value="ⲉⲛⲉϥⲙⲙⲁⲩ"/>
		<feat xlink:href="#sSpan1880" value="ⲇⲉⲛϭⲓⲡⲉⲛⲙⲉⲣⲓⲧ"/>
		<feat xlink:href="#sSpan1891" value="ⲛⲥⲟⲛ"/>
		<feat xlink:href="#sSpan1898" value="ⲁⲡⲁ"/>
		<feat xlink:href="#sSpan1903" value="ⲫⲓϥ"/>
		<feat xlink:href="#sSpan1907" value="ⲡⲉⲩⲥⲉⲃⲏⲥ"/>
		<feat xlink:href="#sSpan1914" value="ⲉϥϣⲟⲟⲡ"/>
		<feat xlink:href="#sSpan1922" value="ϩⲁϩⲧⲏϥ"/>
		<feat xlink:href="#sSpan1928" value="·"/>
		<feat xlink:href="#sSpan1932" value="ⲛⲧⲟⲟⲩ"/>
		<feat xlink:href="#sSpan1939" value="ⲇⲉ"/>
		<feat xlink:href="#sSpan1943" value="ⲙⲡⲉⲥⲛⲁⲩ"/>
		<feat xlink:href="#sSpan1952" value="ⲛⲉⲩⲡⲟⲗⲓⲧⲉⲩⲉ"/>
		<feat xlink:href="#sSpan1961" value="ϩⲛϩⲉⲛⲛⲟϭ"/>
		<feat xlink:href="#sSpan1971" value="ⲛⲁⲥⲕⲏⲥⲓⲥ"/>
		<feat xlink:href="#sSpan1978" value="ⲙⲛϩⲉⲛⲛⲟϭ"/>
		<feat xlink:href="#sSpan1987" value="ⲙⲡⲟⲗⲓⲧⲉⲓⲁ"/>
		<feat xlink:href="#sSpan1994" value="ⲉⲙⲛⲏⲡⲉ"/>
		<feat xlink:href="#sSpan2003" value="ⲉⲣⲟⲟⲩ"/>
		<feat xlink:href="#sSpan2009" value="·"/>
		<feat xlink:href="#sSpan2014" value="ⲁⲡⲁ"/>
		<feat xlink:href="#sSpan2022" value="ⲫⲓϥ"/>
		<feat xlink:href="#sSpan2027" value="ⲇⲉ"/>
		<feat xlink:href="#sSpan2031" value="ⲛⲉⲟⲩⲣⲱⲙⲉ"/>
		<feat xlink:href="#sSpan2040" value="ⲡⲉ"/>
		<feat xlink:href="#sSpan2044" value="ⲉϥⲙⲉ"/>
		<feat xlink:href="#sSpan2052" value="ⲙⲡⲉⲥϭⲣⲁϩⲧ"/>
		<feat xlink:href="#sSpan2061" value="ⲉϥⲟⲩⲱϣ"/>
		<feat xlink:href="#sSpan2069" value="ⲉϭⲱ"/>
		<feat xlink:href="#sSpan2075" value="ϩⲓⲡϫⲁⲓⲉ"/>
		<feat xlink:href="#sSpan2084" value="ⲛⲛⲁⲩ"/>
		<feat xlink:href="#sSpan2091" value="ⲛⲓⲙ"/>
		<feat xlink:href="#sSpan2095" value="ⲉϥⲡⲟⲗⲩⲧⲉⲩⲉ"/>
		<feat xlink:href="#sSpan2103" value="·"/>
		<feat xlink:href="#sSpan2108" value="ⲡⲁⲉⲓⲱⲧ"/>
		<feat xlink:href="#sSpan2117" value="ⲇⲉ"/>
		<feat xlink:href="#sSpan2121" value="ⲛⲉⲟⲩⲣⲱⲙⲉ"/>
		<feat xlink:href="#sSpan2130" value="ⲡⲉ"/>
		<feat xlink:href="#sSpan2134" value="ⲛⲉⲓⲣⲏⲛⲏⲕⲟⲥ"/>
		<feat xlink:href="#sSpan2141" value="ⲉϥⲙⲉ"/>
		<feat xlink:href="#sSpan2149" value="ⲛⲧϩⲉⲓⲕⲱⲛ"/>
		<feat xlink:href="#sSpan2158" value="ⲧⲏⲣⲥ"/>
		<feat xlink:href="#sSpan2164" value="ⲙⲡⲛⲟⲩⲧⲉ"/>
		<feat xlink:href="#sSpan2173" value="ⲛⲧϩⲉ"/>
		<feat xlink:href="#sSpan2181" value="ⲛⲟⲩⲣⲱⲙⲉ"/>
		<feat xlink:href="#sSpan2190" value="ⲛⲟⲩⲱⲧ"/>
		<feat xlink:href="#sSpan2196" value="·"/>
		<feat xlink:href="#sSpan2201" value="ⲛⲉⲥⲛⲏⲩ"/>
		<feat xlink:href="#sSpan2210" value="ⲇⲉ"/>
		<feat xlink:href="#sSpan2214" value="ⲛⲉⲩⲥⲟⲟⲩϩ"/>
		<feat xlink:href="#sSpan2222" value="ⲉⲣⲟϥ"/>
		<feat xlink:href="#sSpan2228" value="ⲛⲧϩⲉ"/>
		<feat xlink:href="#sSpan2236" value="ⲛⲛⲁⲁϥ"/>
		<feat xlink:href="#sSpan2245" value="ⲛⲉⲃⲓⲱ"/>
		<feat xlink:href="#sSpan2252" value="ⲉⲩϩⲟⲗϭ"/>
		<feat xlink:href="#sSpan2260" value="ⲉϩⲟⲩⲛ"/>
		<feat xlink:href="#sSpan2264" value="ⲉⲧⲉⲩⲙⲁⲁⲩ"/>
		<feat xlink:href="#sSpan2273" value="ⲉⲩⲥⲱⲧⲙ"/>
		<feat xlink:href="#sSpan2281" value="ⲉⲛϣⲁϫⲉ"/>
		<feat xlink:href="#sSpan2290" value="ⲙⲡⲱⲛϩⲙⲛⲛⲉϥⲉⲛⲧⲟⲗⲏ"/>
		<feat xlink:href="#sSpan2306" value="ⲉⲧⲟⲩⲁⲁⲃ"/>
		<feat xlink:href="#sSpan2312" value="ⲉⲩⲣϣⲡⲏⲣⲉ"/>
		<feat xlink:href="#sSpan2322" value="ⲛⲛϭⲟⲙ"/>
		<feat xlink:href="#sSpan2331" value="ⲙⲡⲛⲟⲩⲧⲉ"/>
		<feat xlink:href="#sSpan2340" value="ⲉⲧϣⲟⲟⲡ"/>
		<feat xlink:href="#sSpan2346" value="ⲉⲃⲟⲗ"/>
		<feat xlink:href="#sSpan2351" value="ϩⲓⲧⲟⲟⲧϥ"/>
		<feat xlink:href="#sSpan2357" value="ⲙⲡⲉⲛⲉⲓⲱⲧ"/>
		<feat xlink:href="#sSpan2366" value="·"/>
		<feat xlink:href="#sSpan2370" value="ⲁⲓⲣⲟⲩⲣⲟⲙⲡⲉ"/>
		<feat xlink:href="#sSpan2388" value="ⲇⲉ"/>
		<feat xlink:href="#sSpan2392" value="ⲛⲙⲙⲁⲩ"/>
		<feat xlink:href="#sSpan2398" value="ϩⲙⲡⲉⲓⲧⲟⲟⲩ"/>
		<feat xlink:href="#sSpan2407" value="ⲙⲛⲛⲥⲱⲥ"/>
		<feat xlink:href="#sSpan2413" value="ⲁⲛⲙⲟⲟϣⲉ"/>
		<feat xlink:href="#sSpan2422" value="ⲉⲃⲟⲗ"/>
		<feat xlink:href="#sSpan2426" value="ϩⲙⲡⲙⲁ"/>
		<feat xlink:href="#sSpan2435" value="ⲉⲧⲙⲙⲁⲩ"/>
		<feat xlink:href="#sSpan2441" value="ⲁⲛϭⲱ"/>
		<feat xlink:href="#sSpan2450" value="ⲉⲛⲙⲟⲟϣⲉ"/>
		<feat xlink:href="#sSpan2460" value="ⲉϩⲛⲛⲧⲟⲟⲩ"/>
		<feat xlink:href="#sSpan2466" value="ⲧⲏⲣⲟⲩ"/>
		<feat xlink:href="#sSpan2472" value="ⲛⲧϩⲉ"/>
		<feat xlink:href="#sSpan2480" value="ⲛⲛⲉⲑⲏⲣⲓⲟⲛ"/>
		<feat xlink:href="#sSpan2490" value="·"/>
		<feat xlink:href="#sSpan2494" value="ⲙⲁ"/>
		<feat xlink:href="#sSpan2501" value="ϭⲉ"/>
		<feat xlink:href="#sSpan2505" value="ⲛⲓⲙ"/>
		<feat xlink:href="#sSpan2509" value="ⲉⲧⲉϣⲁⲛϭⲱ"/>
		<feat xlink:href="#sSpan2519" value="ⲛϩⲏⲧϥ"/>
		<feat xlink:href="#sSpan2525" value="ⲛⲧⲉⲛⲉⲥⲛⲏⲩ"/>
		<feat xlink:href="#sSpan2534" value="ⲥⲱⲧⲙ"/>
		<feat xlink:href="#sSpan2538" value="ⲉⲧⲃⲉⲡⲁⲉⲓⲱⲧ"/>
		<feat xlink:href="#sSpan2547" value="ϣⲁⲩⲉⲓ"/>
		<feat xlink:href="#sSpan2556" value="ⲉⲣⲁⲧϥ"/>
		<feat xlink:href="#sSpan2562" value="ⲛⲥⲉϫⲓⲥⲃⲱ"/>
		<feat xlink:href="#sSpan2572" value="ⲉⲛⲕⲱⲧ"/>
		<feat xlink:href="#sSpan2581" value="ⲛⲧⲙⲛⲧⲛⲟⲩⲧⲉ"/>
		<feat xlink:href="#sSpan2592" value="ⲉⲃⲟⲗϩⲓⲧⲟⲟⲧϥ"/>
		<feat xlink:href="#sSpan2600" value="·"/>
		<feat xlink:href="#sSpan2604" value="ⲁⲩⲱⲛⲉϥϫⲱ"/>
		<feat xlink:href="#sSpan2616" value="ⲉⲣⲟⲟⲩ"/>
		<feat xlink:href="#sSpan2622" value="ⲙⲡⲙⲟⲩϩ"/>
		<feat xlink:href="#sSpan2630" value="ⲛⲛⲉⲩⲯⲩⲭⲏ"/>
		<feat xlink:href="#sSpan2640" value="ⲉϥⲥⲟⲗⲥⲗ"/>
		<feat xlink:href="#sSpan2648" value="ⲙⲙⲟⲟⲩⲧⲏⲣⲟⲩ"/>
		<feat xlink:href="#sSpan2658" value="ϩⲛⲛⲉϥϣⲁϫⲉ"/>
		<feat xlink:href="#sSpan2667" value="ⲉⲧϩⲟⲗϭ"/>
		<feat xlink:href="#sSpan2673" value="ⲉⲩϯⲉⲟⲟⲩ"/>
		<feat xlink:href="#sSpan2683" value="ⲙⲡⲛⲟⲩⲧⲉ"/>
		<feat xlink:href="#sSpan2692" value="·"/>
		<feat xlink:href="#sSpan2696" value="ⲁⲓⲣⲟⲩⲣⲟⲙⲡⲉ"/>
		<feat xlink:href="#sSpan2712" value="ⲇⲉ"/>
		<feat xlink:href="#sSpan2716" value="ⲉⲓϣⲟⲟⲡ"/>
		<feat xlink:href="#sSpan2724" value="ⲛⲙⲙⲁϥ"/>
		<feat xlink:href="#sSpan2730" value="ⲉⲃⲟⲗ"/>
		<feat xlink:href="#sSpan2734" value="ϩⲓⲧⲙⲡⲁⲉⲓⲱⲧ"/>
		<feat xlink:href="#sSpan2743" value="·"/>
		<feat xlink:href="#sSpan2747" value="ⲙⲛⲛⲥⲁⲛⲁⲓ"/>
		<feat xlink:href="#sSpan2757" value="ⲇⲉ"/>
		<feat xlink:href="#sSpan2761" value="ⲟⲛ"/>
		<feat xlink:href="#sSpan2766" value="ⲟⲩⲣⲱⲙⲉ"/>
		<feat xlink:href="#sSpan2772" value="ⲡⲉ"/>
		<feat xlink:href="#sSpan2777" value="ⲁⲡⲁ"/>
		<feat xlink:href="#sSpan2783" value="ⲫⲓϥ"/>
		<feat xlink:href="#sSpan2787" value="ⲉϥⲙⲉ"/>
		<feat xlink:href="#sSpan2795" value="ⲙⲡⲉⲥϭⲣⲁϩⲧ"/>
		<feat xlink:href="#sSpan2804" value="ⲛⲛⲁⲩ"/>
		<feat xlink:href="#sSpan2811" value="ⲛⲓⲙ"/>
		<feat xlink:href="#sSpan2815" value="·"/>
		<feat xlink:href="#sSpan2820" value="ⲡⲁⲉⲓⲱⲧ"/>
		<feat xlink:href="#sSpan2829" value="ⲇⲉ"/>
		<feat xlink:href="#sSpan2833" value="ⲛⲉⲟⲩⲁⲥⲕⲏⲧⲏⲥ"/>
		<feat xlink:href="#sSpan2843" value="ⲡⲉ"/>
		<feat xlink:href="#sSpan2847" value="·"/>
		<feat xlink:href="#sSpan2851" value="ⲁⲛⲟⲕ"/>
		<feat xlink:href="#sSpan2857" value="ϩⲱ"/>
		<feat xlink:href="#sSpan2861" value="ⲛⲉⲓⲙⲟⲟϣⲉ"/>
		<feat xlink:href="#sSpan2870" value="ⲉⲓⲇⲓⲁⲕⲟⲛⲉⲓ"/>
		<feat xlink:href="#sSpan2879" value="ⲉⲡϩⲱⲃ"/>
		<feat xlink:href="#sSpan2888" value="ⲛⲧⲉⲭⲣⲉⲓⲁ"/>
		<feat xlink:href="#sSpan2898" value="ⲙⲡⲉⲓⲕⲟⲥⲙⲟⲥ"/>
		<feat xlink:href="#sSpan2908" value="ⲉⲓϥⲓ"/>
		<feat xlink:href="#sSpan2916" value="ⲙⲡⲣⲟⲟⲩϣ"/>
		<feat xlink:href="#sSpan2925" value="ⲛⲧⲟⲓⲕⲟⲛⲟⲙⲓⲁ"/>
		<feat xlink:href="#sSpan2935" value="ⲛⲛⲉⲧⲟⲩⲁⲁⲃ"/>
		<feat xlink:href="#sSpan2946" value="·"/>
		<feat xlink:href="#sSpan2951" value="ⲉⲧⲃⲉⲡⲁⲓ"/>
		<feat xlink:href="#sSpan2958" value="ⲁϥⲙⲟⲩⲧⲉ"/>
		<feat xlink:href="#sSpan2966" value="ⲉⲣⲟⲓ"/>
		<feat xlink:href="#sSpan2972" value="ϫⲉⲡⲁⲡⲟϩⲉ"/>
		<feat xlink:href="#sSpan2981" value="ⲡⲟⲓⲕⲟⲛⲟⲙⲟⲥ"/>
		<feat xlink:href="#sSpan2988" value="·"/>
		<feat xlink:href="#sSpan2992" value="ⲁⲥϣⲱⲡⲉ"/>
		<feat xlink:href="#sSpan3005" value="ⲇⲉ"/>
		<feat xlink:href="#sSpan3009" value="ⲛⲟⲩϩⲟⲟⲩ"/>
		<feat xlink:href="#sSpan3018" value="ⲉⲛⲥⲟⲟⲩϩ"/>
		<feat xlink:href="#sSpan3026" value="ⲉⲛⲉⲛⲉⲣⲏⲩ"/>
		<feat xlink:href="#sSpan3034" value="ⲙⲡϣⲟⲙⲛⲧ"/>
		<feat xlink:href="#sSpan3043" value="ⲉⲛϯⲉⲟⲟⲩ"/>
		<feat xlink:href="#sSpan3053" value="ⲙⲡⲛⲟⲩⲧⲉ"/>
		<feat xlink:href="#sSpan3062" value="ⲁϥⲕⲟⲧϥ"/>
		<feat xlink:href="#sSpan3072" value="ⲉⲁⲡⲁ"/>
		<feat xlink:href="#sSpan3081" value="ⲫⲓϥ"/>
		<feat xlink:href="#sSpan3085" value="ⲛϭⲓⲡⲁⲉⲓⲱⲧ"/>
		<feat xlink:href="#sSpan3094" value="ϩⲛⲟⲩϩⲟ"/>
		<feat xlink:href="#sSpan3103" value="ⲉϥⲣⲟⲟⲩⲧ"/>
		<feat xlink:href="#sSpan3111" value="ⲡⲉϫⲁϥ"/>
		<feat xlink:href="#sSpan3117" value="ⲛⲁϥ"/>
		<feat xlink:href="#sSpan3123" value="ϫⲉ"/>
		<feat xlink:href="#sSpan3127" value="·"/>
		<feat xlink:href="#sSpan3131" value="ϯⲛⲁⲩ"/>
		<feat xlink:href="#sSpan3139" value="ⲉⲣⲟⲕ"/>
		<feat xlink:href="#sSpan3146" value="ⲱ"/>
		<feat xlink:href="#sSpan3151" value="ⲡⲁϣⲏⲣⲉ"/>
		<feat xlink:href="#sSpan3157" value="ⲉⲕⲙⲉ"/>
		<feat xlink:href="#sSpan3165" value="ⲙⲡⲉⲥϭⲣⲁϩⲧ"/>
		<feat xlink:href="#sSpan3174" value="ⲁⲩⲱ"/>
		<feat xlink:href="#sSpan3178" value="ⲉⲕⲙⲟⲥⲧⲉ"/>
		<feat xlink:href="#sSpan3186" value="ⲙⲡⲉⲟⲟⲩ"/>
		<feat xlink:href="#sSpan3195" value="ⲉⲧϣⲟⲩⲉⲓⲧ"/>
		<feat xlink:href="#sSpan3201" value="ⲛⲛⲣⲱⲙⲉ"/>
		<feat xlink:href="#sSpan3210" value="·"/>
		<feat xlink:href="#sSpan3214" value="ϥⲥⲏϩ"/>
		<feat xlink:href="#sSpan3223" value="ⲅⲁⲣ"/>
		<feat xlink:href="#sSpan3227" value="ϩⲙⲡⲉⲩⲁⲅⲅⲉⲗⲓⲟⲛ"/>
		<feat xlink:href="#sSpan3237" value="ϫⲉⲙⲛϭⲟⲙ"/>
		<feat xlink:href="#sSpan3247" value="ⲛⲟⲩⲡⲟⲗⲓⲥ"/>
		<feat xlink:href="#sSpan3257" value="ⲉϩⲱⲡ"/>
		<feat xlink:href="#sSpan3263" value="ⲉⲥⲕⲏ"/>
		<feat xlink:href="#sSpan3271" value="ⲉϩⲣⲁⲓ"/>
		<feat xlink:href="#sSpan3275" value="ⲉϫⲛⲟⲩⲧⲟⲟⲩ"/>
		<feat xlink:href="#sSpan3285" value="ⲟⲩⲇⲉ"/>
		<feat xlink:href="#sSpan3289" value="ⲙⲉⲩϫⲉⲣⲉⲟⲩϩⲏⲃⲥ"/>
		<feat xlink:href="#sSpan3302" value="ⲛⲥⲉⲕⲁⲁϥ"/>
		<feat xlink:href="#sSpan3312" value="ϩⲁⲟⲩ"/>
		<feat xlink:href="#sSpan3319" value="ϣⲓ"/>
		<feat xlink:href="#sSpan3323" value=","/>
		<feat xlink:href="#sSpan3328" value="ⲁⲗⲗⲁ"/>
		<feat xlink:href="#sSpan3332" value="ϣⲁⲩⲕⲁⲁϥ"/>
		<feat xlink:href="#sSpan3342" value="ⲉϫⲛⲧⲗⲩⲭⲛⲓⲁ"/>
		<feat xlink:href="#sSpan3352" value="ⲛϥⲣⲟⲩⲟⲉⲓⲛ"/>
		<feat xlink:href="#sSpan3362" value="ⲉⲛⲉⲧϣⲟⲟⲡ"/>
		<feat xlink:href="#sSpan3373" value="ⲧⲏⲣⲟⲩ"/>
		<feat xlink:href="#sSpan3379" value="ϩⲙⲡⲏⲓ"/>
		<feat xlink:href="#sSpan3388" value="ⲛⲧⲟⲕ"/>
		<feat xlink:href="#sSpan3392" value="ϭⲉ"/>
		<feat xlink:href="#sSpan3396" value="ⲡⲉ"/>
		<feat xlink:href="#sSpan3400" value="ⲡϩⲏⲃⲥ"/>
		<feat xlink:href="#sSpan3407" value="ⲉⲧϩⲏⲡ"/>
		<feat xlink:href="#sSpan3414" value="ⲱ"/>
		<feat xlink:href="#sSpan3418" value="ⲡⲁϣⲏⲣⲉ"/>
		<feat xlink:href="#sSpan3425" value="ⲡⲁⲓ"/>
		<feat xlink:href="#sSpan3429" value="ⲉⲧⲟⲩⲛⲁⲧⲁⲗⲟϥ"/>
		<feat xlink:href="#sSpan3441" value="ⲉϫⲛⲧⲗⲩⲭⲛⲓⲁ"/>
		<feat xlink:href="#sSpan3451" value="ⲛϥⲣⲟⲩⲟⲉⲓⲛ"/>
		<feat xlink:href="#sSpan3461" value="ⲉⲛⲉⲧϣⲟⲟⲡ"/>
		<feat xlink:href="#sSpan3472" value="ⲧⲏⲣⲟⲩ"/>
		<feat xlink:href="#sSpan3478" value="ϩⲙⲡⲏⲓ"/>
		<feat xlink:href="#sSpan3487" value="ⲛⲧⲉⲟⲩⲥϯⲛⲟⲩϥⲉ"/>
		<feat xlink:href="#sSpan3496" value="ϣⲱϣ"/>
		<feat xlink:href="#sSpan3500" value="ⲉⲃⲟⲗ"/>
		<feat xlink:href="#sSpan3504" value="ϩⲙⲡⲕⲟⲥⲙⲟⲥ"/>
		<feat xlink:href="#sSpan3514" value="ⲧⲏⲣϥ"/>
		<feat xlink:href="#sSpan3520" value="ⲙⲛⲟⲩⲇⲱⲣⲉⲁ"/>
		<feat xlink:href="#sSpan3530" value="ⲛⲕⲁⲛⲟⲃⲉ"/>
		<feat xlink:href="#sSpan3538" value="ⲉⲃⲟⲗ"/>
		<feat xlink:href="#sSpan3542" value="ϩⲙⲡⲉⲕϩⲟⲟⲩ"/>
		<feat xlink:href="#sSpan3551" value="ⲧⲉ"/>
		<feat xlink:href="#sSpan3555" value="ⲣⲟⲙⲡⲉ"/>
		<feat xlink:href="#sSpan3559" value="·"/>
		<feat xlink:href="#sSpan3563" value="ⲛⲧⲉⲩⲛⲟⲩ"/>
		<feat xlink:href="#sSpan3573" value="ⲁϥⲡⲁϩⲧϥ"/>
		<feat xlink:href="#sSpan3583" value="ⲛϭⲓⲁⲡⲁ"/>
		<feat xlink:href="#sSpan3592" value="ⲫⲓϥ"/>
		<feat xlink:href="#sSpan3596" value="ⲁϥⲡⲁⲣⲁⲕⲁⲗⲉⲓ"/>
		<feat xlink:href="#sSpan3605" value="ⲙⲡⲁⲉⲓⲱⲧ"/>
		<feat xlink:href="#sSpan3614" value="·"/>
		<feat xlink:href="#sSpan3619" value="ⲧⲟⲧⲉ"/>
		<feat xlink:href="#sSpan3623" value="ⲁϥⲟⲩⲱϣⲃ"/>
		<feat xlink:href="#sSpan3631" value="ⲛⲁϥ"/>
		<feat xlink:href="#sSpan3637" value="ⲛϭⲓⲡⲁⲉⲓⲱⲧ"/>
		<feat xlink:href="#sSpan3646" value="ⲉϥϫⲱ"/>
		<feat xlink:href="#sSpan3654" value="ⲙⲙⲟⲥ"/>
		<feat xlink:href="#sSpan3660" value="ϫⲉ"/>
		<feat xlink:href="#sSpan3664" value="·"/>
		<feat xlink:href="#sSpan3668" value="ⲧⲱⲟⲩⲛ"/>
		<feat xlink:href="#sSpan3672" value="ⲉϩⲣⲁⲓ"/>
		<feat xlink:href="#sSpan3677" value="ⲡⲁϣⲏⲣⲉ"/>
		<feat xlink:href="#sSpan3683" value=","/>
		<feat xlink:href="#sSpan3687" value="ⲛⲁⲛⲟⲕ"/>
		<feat xlink:href="#sSpan3695" value="ⲁⲛ"/>
		<feat xlink:href="#sSpan3699" value="ⲡⲉⲧϣⲁϫⲉ"/>
		<feat xlink:href="#sSpan3708" value="ⲁⲗⲗⲁ"/>
		<feat xlink:href="#sSpan3712" value="ⲡⲉⲡⲛⲉⲩⲙⲁ"/>
		<feat xlink:href="#sSpan3720" value="ⲉⲧⲟⲩⲁⲁⲃ"/>
		<feat xlink:href="#sSpan3726" value="ⲡⲉⲧⲡⲣⲟⲫⲏⲧⲉⲩⲉ"/>
		<feat xlink:href="#sSpan3735" value="ⲉⲧⲃⲉⲛⲉⲧⲛⲁϣⲱ"/>
		<feat xlink:href="#sSpan3747" value="ⲡⲉ"/>
		<feat xlink:href="#sSpan3751" value="ϩⲁⲧϩⲏ"/>
		<feat xlink:href="#sSpan3760" value="ⲙⲡⲁⲧⲟⲩϣⲱⲡⲉ"/>
		<feat xlink:href="#sSpan3768" value="·"/>
		<feat xlink:href="#sSpan3772" value="ⲧⲉⲛⲟⲩ"/>
		<feat xlink:href="#sSpan3778" value="ϭⲉ"/>
		<feat xlink:href="#sSpan3783" value="ϩⲁⲣⲉϩ"/>
		<feat xlink:href="#sSpan3787" value="ⲉⲡⲉⲓⲙⲩⲥⲧⲏⲣⲓⲟⲛ"/>
		<feat xlink:href="#sSpan3797" value="ϣⲁⲡⲉⲟⲩⲟⲉⲓϣ"/>
		<feat xlink:href="#sSpan3806" value="ⲉⲧⲉϥⲛⲁⲟⲩⲱⲛϩ"/>
		<feat xlink:href="#sSpan3817" value="ⲉⲃⲟⲗ"/>
		<feat xlink:href="#sSpan3821" value="·"/>
		<feat xlink:href="#sSpan3825" value="ϥⲥⲏϩ"/>
		<feat xlink:href="#sSpan3834" value="ⲅⲁⲣ"/>
		<feat xlink:href="#sSpan3838" value="ϩⲙⲡⲇⲉⲩⲧⲉⲣⲟⲛⲟⲙⲓⲟⲛ"/>
		<feat xlink:href="#sSpan3848" value="ⲙⲙⲱⲩⲥⲏⲥ"/>
		<feat xlink:href="#sSpan3856" value="ϫⲉⲛⲉⲧϩⲏⲡ"/>
		<feat xlink:href="#sSpan3869" value="ⲉⲩⲏⲡ"/>
		<feat xlink:href="#sSpan3877" value="ⲉⲡϫⲟⲉⲓⲥ"/>
		<feat xlink:href="#sSpan3887" value="ⲡⲉⲧⲛⲛⲟⲩⲧⲉ"/>
		<feat xlink:href="#sSpan3893" value=","/>
		<feat xlink:href="#sSpan3898" value="ⲛⲉⲧⲟⲩⲟⲛϩ"/>
		<feat xlink:href="#sSpan3909" value="ⲇⲉ"/>
		<feat xlink:href="#sSpan3913" value="ⲉⲃⲟⲗ"/>
		<feat xlink:href="#sSpan3917" value="ⲉⲩⲏⲏⲡ"/>
		<feat xlink:href="#sSpan3925" value="ⲉⲣⲱⲧⲛ"/>
		<feat xlink:href="#sSpan3931" value="ⲙⲛⲛⲉⲧⲛϣⲏⲣⲉ"/>
		<feat xlink:href="#sSpan3940" value="·"/>
		<feat xlink:href="#sSpan3944" value="ⲁϥⲟⲩⲱϣⲃ"/>
		<feat xlink:href="#sSpan3957" value="ⲇⲉ"/>
		<feat xlink:href="#sSpan3961" value="ⲛϭⲓⲁⲡⲁ"/>
		<feat xlink:href="#sSpan3970" value="ⲫⲓϥ"/>
		<feat xlink:href="#sSpan3974" value="ⲡⲉϫⲁϥ"/>
		<feat xlink:href="#sSpan3980" value="ϫⲉ"/>
		<feat xlink:href="#sSpan3984" value="·"/>
		<feat xlink:href="#sSpan3989" value="ⲕⲉⲗⲉⲩⲉ"/>
		<feat xlink:href="#sSpan3995" value="ⲛⲁⲓ"/>
		<feat xlink:href="#sSpan4001" value="ⲛⲧⲁϫⲱ"/>
		<feat xlink:href="#sSpan4007" value="ⲉⲣⲟⲕ"/>
		<feat xlink:href="#sSpan4013" value="ⲛⲟⲩϣⲁϫⲉ"/>
		<feat xlink:href="#sSpan4022" value="ⲛⲅⲧⲙϭⲱⲛⲧ"/>
		<feat xlink:href="#sSpan4032" value="ⲉⲣⲟⲓ"/>
		<feat xlink:href="#sSpan4038" value="·"/>
		<feat xlink:href="#sSpan4043" value="ⲁⲗⲏⲑⲱⲥ"/>
		<feat xlink:href="#sSpan4047" value="ⲉⲓⲛⲁϫⲟⲟⲥ"/>
		<feat xlink:href="#sSpan4059" value="ⲁⲛ"/>
		<feat xlink:href="#sSpan4063" value="ϩⲛⲟⲩⲙⲛⲧⲛⲟϭ"/>
		<feat xlink:href="#sSpan4075" value="ⲟⲩⲇⲉ"/>
		<feat xlink:href="#sSpan4079" value="ϩⲛⲟⲩⲙⲛⲧⲙⲁⲓⲉⲟⲟⲩ"/>
		<feat xlink:href="#sSpan4090" value="ⲉϥϣⲟⲩⲉⲓⲧ"/>
		<feat xlink:href="#sSpan4098" value=","/>
		<feat xlink:href="#sSpan4103" value="ⲁⲗⲗⲁ"/>
		<feat xlink:href="#sSpan4109" value="ⲉⲓⲣϣⲡⲏⲣⲉ"/>
		<feat xlink:href="#sSpan4119" value="ⲙⲡⲉⲡⲛⲉⲩⲙⲁ"/>
		<feat xlink:href="#sSpan4129" value="ⲉⲧⲟⲩⲁⲁⲃ"/>
		<feat xlink:href="#sSpan4135" value="ⲉⲧϩⲛⲛⲡⲣⲱⲙⲉ"/>
		<feat xlink:href="#sSpan4146" value="ⲉⲧϩⲁⲉⲟⲟⲩ"/>
		<feat xlink:href="#sSpan4154" value="ⲛⲧⲉⲡⲛⲟⲩⲧⲉ"/>
		<feat xlink:href="#sSpan4164" value="ⲡⲁⲓ"/>
		<feat xlink:href="#sSpan4168" value="ⲉⲧⲣⲉⲩⲥⲩⲙⲫⲟⲛⲉⲓ"/>
		<feat xlink:href="#sSpan4179" value="ⲙⲛⲛⲉⲩⲉⲣⲏⲩ"/>
		<feat xlink:href="#sSpan4187" value="ϩⲛⲛⲉⲩϣⲁϫⲉ"/>
		<feat xlink:href="#sSpan4195" value="·"/>
		<feat xlink:href="#sSpan4199" value="ⲡⲙⲁⲕⲁⲣⲓⲟⲥ"/>
		<feat xlink:href="#sSpan4208" value="ⲁⲡⲁ"/>
		<feat xlink:href="#sSpan4213" value="ⲁⲡⲟⲗⲗⲱ"/>
		<feat xlink:href="#sSpan4217" value="ⲡⲉϫⲁϥ"/>
		<feat xlink:href="#sSpan4223" value="ⲛⲁϥ"/>
		<feat xlink:href="#sSpan4229" value="ϫⲉ"/>
		<feat xlink:href="#sSpan4233" value="·"/>
		<feat xlink:href="#sSpan4237" value="ⲁϫⲉⲡϣⲁϫⲉ"/>
		<feat xlink:href="#sSpan4247" value="ⲡⲁϣⲏⲣⲉ"/>
		<feat xlink:href="#sSpan4253" value="·"/>
		<feat xlink:href="#sSpan4257" value="ⲁϥⲟⲩⲱϣⲃ"/>
		<feat xlink:href="#sSpan4267" value="ⲛϭⲓⲁⲡⲁ"/>
		<feat xlink:href="#sSpan4276" value="ⲫⲓϥ"/>
		<feat xlink:href="#sSpan4280" value="ⲉϥϫⲱ"/>
		<feat xlink:href="#sSpan4288" value="ⲙⲙⲟⲥ"/>
		<feat xlink:href="#sSpan4294" value="ϫⲉ"/>
		<feat xlink:href="#sSpan4298" value="·"/>
		<feat xlink:href="#sSpan4302" value="ⲁⲥϣⲱⲡⲉ"/>
		<feat xlink:href="#sSpan4312" value="ⲙⲙⲟⲓ"/>
		<feat xlink:href="#sSpan4318" value="ⲛⲟⲩϩⲟⲟⲩ"/>
		<feat xlink:href="#sSpan4327" value="ⲉⲓⲟ"/>
		<feat xlink:href="#sSpan4335" value="ⲛⲕⲟⲩⲓ"/>
		<feat xlink:href="#sSpan4342" value="ϩⲙⲡⲏⲓ"/>
		<feat xlink:href="#sSpan4351" value="ⲛⲛⲁⲉⲓⲟⲟⲧⲉ"/>
		<feat xlink:href="#sSpan4360" value="ⲉⲓⲙⲟⲟⲛⲉ"/>
		<feat xlink:href="#sSpan4368" value="ⲛⲛⲉⲩⲉⲥⲟⲟⲩ"/>
		<feat xlink:href="#sSpan4377" value="ϩⲛⲧⲥⲱϣⲉ"/>
		<feat xlink:href="#sSpan4386" value="ⲁⲩϩⲗⲗⲟ"/>
		<feat xlink:href="#sSpan4395" value="ⲛϩⲁⲅⲓⲟⲥ"/>
		<feat xlink:href="#sSpan4402" value="ⲛⲧⲉⲡⲛⲟⲩⲧⲉ"/>
		<feat xlink:href="#sSpan4412" value="ⲡⲁⲣⲁⲅⲉ"/>
		<feat xlink:href="#sSpan4416" value="ⲙⲙⲟⲓ"/>
		<feat xlink:href="#sSpan4422" value="ϩⲛⲧⲥⲱϣⲉ"/>
		<feat xlink:href="#sSpan4431" value="˽"/>
		<feat xlink:href="#sSpan4435" value="ⲛⲉⲁⲣⲟⲩϩⲉ"/>
		<feat xlink:href="#sSpan4447" value="ⲅⲁⲣ"/>
		<feat xlink:href="#sSpan4451" value="ϣⲱⲡⲉ"/>
		<feat xlink:href="#sSpan4455" value="ⲡⲉ"/>
		<feat xlink:href="#sSpan4459" value="˽"/>
		<feat xlink:href="#sSpan4463" value="ⲁⲩⲱ"/>
		<feat xlink:href="#sSpan4467" value="ⲁⲓϫⲓⲧϥ"/>
		<feat xlink:href="#sSpan4477" value="ⲉϩⲟⲩⲛ"/>
		<feat xlink:href="#sSpan4481" value="ⲉⲡⲙⲁ"/>
		<feat xlink:href="#sSpan4490" value="ⲉⲧⲉⲣⲉⲛⲉⲥⲟⲟⲩ"/>
		<feat xlink:href="#sSpan4499" value="ⲛϩⲏⲧϥ"/>
		<feat xlink:href="#sSpan4505" value="ⲁⲓϭⲱ"/>
		<feat xlink:href="#sSpan4514" value="ⲉⲓⲡⲁⲣⲁⲕⲁⲗⲉⲓ"/>
		<feat xlink:href="#sSpan4523" value="ⲙⲙⲟϥ"/>
		<feat xlink:href="#sSpan4529" value="ϫⲉⲉϥⲉⲟⲩⲱⲙ"/>
		<feat xlink:href="#sSpan4537" value="ⲛⲟⲩⲟⲉⲓⲕ"/>
		<feat xlink:href="#sSpan4546" value="·"/>
		<feat xlink:href="#sSpan4550" value="ⲛⲧⲟϥ"/>
		<feat xlink:href="#sSpan4557" value="ⲇⲉ"/>
		<feat xlink:href="#sSpan4561" value="ⲁϥⲡⲉⲓⲑⲉ"/>
		<feat xlink:href="#sSpan4570" value="ⲙⲙⲟⲓ"/>
		<feat xlink:href="#sSpan4576" value="ⲁϥⲟⲩⲉⲙⲡⲟⲉⲓⲕ"/>
		<feat xlink:href="#sSpan4589" value="·"/>
		<feat xlink:href="#sSpan4593" value="ⲁⲓⲣⲟⲩⲕⲟⲩⲓ"/>
		<feat xlink:href="#sSpan4608" value="ⲙⲡⲉⲧⲛⲁⲛⲟⲩϥ"/>
		<feat xlink:href="#sSpan4620" value="ⲛⲁϥ"/>
		<feat xlink:href="#sSpan4626" value="ⲁϥⲛⲕⲟⲧⲕ"/>
		<feat xlink:href="#sSpan4634" value="ϩⲁϩⲧⲏⲓ"/>
		<feat xlink:href="#sSpan4640" value="ϣⲁϩⲧⲟⲟⲩⲉ"/>
		<feat xlink:href="#sSpan4647" value="·"/>
		<feat xlink:href="#sSpan4651" value="ⲛⲧⲉⲣⲉϩⲧⲟⲟⲩⲉ"/>
		<feat xlink:href="#sSpan4661" value="ⲇⲉ"/>
		<feat xlink:href="#sSpan4665" value="ϣⲱⲡⲉ"/>
		<feat xlink:href="#sSpan4669" value="ⲛϥⲉⲓ"/>
		<feat xlink:href="#sSpan4678" value="ⲉϥⲛⲁⲙⲟⲟϣⲉ"/>
		<feat xlink:href="#sSpan4688" value="ⲁⲛⲟⲕ"/>
		<feat xlink:href="#sSpan4693" value="ⲇⲉ"/>
		<feat xlink:href="#sSpan4697" value="ⲁⲓⲡⲁϩⲧ"/>
		<feat xlink:href="#sSpan4705" value="ⲛⲁϥ"/>
		<feat xlink:href="#sSpan4711" value="ϫⲉⲉⲣⲟⲓ"/>
		<feat xlink:href="#sSpan4719" value="ⲁⲩⲱ"/>
		<feat xlink:href="#sSpan4723" value="ⲛⲧⲟϥ"/>
		<feat xlink:href="#sSpan4727" value="ϩⲱⲱϥ"/>
		<feat xlink:href="#sSpan4733" value="ⲟⲛ"/>
		<feat xlink:href="#sSpan4737" value="ⲁϥϫⲱ"/>
		<feat xlink:href="#sSpan4745" value="ⲉⲣⲟⲓ"/>
		<feat xlink:href="#sSpan4751" value="ⲙⲡⲉⲓϣⲁϫⲉ"/>
		<feat xlink:href="#sSpan4760" value="ⲛⲟⲩⲱⲧ"/>
		<feat xlink:href="#sSpan4766" value="ⲡⲁⲓ"/>
		<feat xlink:href="#sSpan4770" value="ⲛⲧⲁⲕϫⲟⲟϥ"/>
		<feat xlink:href="#sSpan4782" value="ⲉⲣⲟⲓ"/>
		<feat xlink:href="#sSpan4788" value=","/>
		<feat xlink:href="#sSpan4792" value="ϫⲉ"/>
		<feat xlink:href="#sSpan4796" value="·"/>
		<feat xlink:href="#sSpan4800" value="ⲉⲣⲉⲟⲩϩⲟⲟⲩ"/>
		<feat xlink:href="#sSpan4810" value="ⲛⲕⲁⲛⲟⲃⲉ"/>
		<feat xlink:href="#sSpan4819" value="ⲉⲃⲟⲗ"/>
		<feat xlink:href="#sSpan4823" value="ϣⲱⲡⲉ"/>
		<feat xlink:href="#sSpan4827" value="ϩⲙⲡⲉⲕⲣⲁⲛ"/>
		<feat xlink:href="#sSpan4836" value="·"/>
		<feat xlink:href="#sSpan4840" value="ⲧⲉⲛⲟⲩ"/>
		<feat xlink:href="#sSpan4846" value="ϭⲉ"/>
		<feat xlink:href="#sSpan4850" value="ϯⲣϣⲡⲏⲣⲉ"/>
		<feat xlink:href="#sSpan4858" value="ⲙⲡⲉⲓⲙⲁ"/>
		<feat xlink:href="#sSpan4867" value="ϫⲉⲛϯⲥⲟⲟⲩⲛ"/>
		<feat xlink:href="#sSpan4877" value="ⲁⲛ"/>
		<feat xlink:href="#sSpan4881" value="ϫⲉⲉⲣⲉⲟⲩ"/>
		<feat xlink:href="#sSpan4889" value="ⲛⲁϣⲱⲡⲉ"/>
		<feat xlink:href="#sSpan4895" value="·"/>
		<feat xlink:href="#sSpan4899" value="ⲟⲩ"/>
		<feat xlink:href="#sSpan4906" value="ϩⲟⲟⲩ"/>
		<feat xlink:href="#sSpan4911" value="ⲇⲉ"/>
		<feat xlink:href="#sSpan4915" value="ⲉⲃⲟⲗ"/>
		<feat xlink:href="#sSpan4920" value="ϩⲛⲟⲩϩⲟⲟⲩ"/>
		<feat xlink:href="#sSpan4929" value="ⲁⲓⲣⲡⲙⲡϣⲁ"/>
		<feat xlink:href="#sSpan4942" value="ⲁⲡϫⲟⲉⲓⲥ"/>
		<feat xlink:href="#sSpan4951" value="ⲧⲁϩⲙⲉⲧ"/>
		<feat xlink:href="#sSpan4957" value="ϣⲁⲧⲉⲕⲙⲛⲧⲉⲓⲱⲧ"/>
		<feat xlink:href="#sSpan4968" value="·"/>
		<feat xlink:href="#sSpan4972" value="ⲛⲧϩⲉ"/>
		<feat xlink:href="#sSpan4982" value="ϭⲉ"/>
		<feat xlink:href="#sSpan4986" value="ⲉⲧⲉⲣⲁⲛⲁϥ"/>
		<feat xlink:href="#sSpan4997" value="ⲙⲡϫⲟⲉⲓⲥ"/>
		<feat xlink:href="#sSpan5006" value="ⲡⲉϥⲟⲩⲱϣ"/>
		<feat xlink:href="#sSpan5013" value="ⲉⲧⲛⲁⲛⲟⲩϥ"/>
		<feat xlink:href="#sSpan5021" value="ⲙⲁⲣϥϣⲱⲡⲉ"/>
		<feat xlink:href="#sSpan5029" value="·"/>
		<feat xlink:href="#sSpan5033" value="ⲁϥⲟⲩⲱϣⲃ"/>
		<feat xlink:href="#sSpan5045" value="ⲛϭⲓⲡϣⲟⲉⲓϫ"/>
		<feat xlink:href="#sSpan5054" value="ⲙⲡⲉⲭⲣⲓⲥⲧⲟⲥ"/>
		<feat xlink:href="#sSpan5064" value="ⲡⲣⲉϥϫⲣⲟ"/>
		<feat xlink:href="#sSpan5072" value="ⲛⲥⲁⲟⲩⲛⲁⲙ"/>
		<feat xlink:href="#sSpan5079" value="ⲁⲩⲱ"/>
		<feat xlink:href="#sSpan5083" value="ⲛⲥⲁϩⲃⲟⲩⲣ"/>
		<feat xlink:href="#sSpan5091" value="ⲁⲡⲁ"/>
		<feat xlink:href="#sSpan5096" value="ⲁⲡⲟⲗⲗⲱ"/>
		<feat xlink:href="#sSpan5100" value="ϫⲉ"/>
		<feat xlink:href="#sSpan5104" value="·"/>
		<feat xlink:href="#sSpan5108" value="ⲥⲱⲧⲙ"/>
		<feat xlink:href="#sSpan5114" value="ⲉⲣⲟⲓ"/>
		<feat xlink:href="#sSpan5120" value="ⲛⲧⲁϫⲱ"/>
		<feat xlink:href="#sSpan5128" value="ⲙⲡⲉⲓϣⲁϫⲉ"/>
		<feat xlink:href="#sSpan5137" value="ⲉⲣⲱⲧⲛ"/>
		<feat xlink:href="#sSpan5143" value="·"/>
		<feat xlink:href="#sSpan5147" value="ⲡϫⲟⲉⲓⲥ"/>
		<feat xlink:href="#sSpan5157" value="ⲅⲁⲣ"/>
		<feat xlink:href="#sSpan5161" value="ⲡⲉⲛⲧⲁϥϫⲟⲟϥ"/>
		<feat xlink:href="#sSpan5176" value="ⲉⲣⲟⲓ"/>
		<feat xlink:href="#sSpan5182" value="ⲁⲛⲟⲕ"/>
		<feat xlink:href="#sSpan5186" value="ϩⲱ"/>
		<feat xlink:href="#sSpan5191" value="ⲉⲓⲛⲁⲧⲁⲩⲟⲟϥ"/>
		<feat xlink:href="#sSpan5203" value="ⲁⲛ"/>
		<feat xlink:href="#sSpan5207" value="ϩⲛⲟⲩⲙⲛⲧϫⲁⲥⲓϩⲏⲧ"/>
		<feat xlink:href="#sSpan5220" value="ⲁⲗⲗⲁ"/>
		<feat xlink:href="#sSpan5224" value="ⲉⲓⲧⲁⲙⲱ"/>
		<feat xlink:href="#sSpan5232" value="ⲙⲙⲱⲧⲛ"/>
		<feat xlink:href="#sSpan5238" value="ⲉⲡⲉⲧⲛⲁϣⲱⲡⲉ"/>
		<feat xlink:href="#sSpan5251" value="ⲙⲙⲟⲛ"/>
		<feat xlink:href="#sSpan5257" value="ϩⲓⲟⲩⲥⲟⲡ"/>
		<feat xlink:href="#sSpan5265" value="·"/>
		<feat xlink:href="#sSpan5269" value="ⲡⲉϫⲁϥ"/>
		<feat xlink:href="#sSpan5277" value="ⲛⲁⲓ"/>
		<feat xlink:href="#sSpan5283" value="ⲛϭⲓⲡⲁⲥⲏⲣ"/>
		<feat xlink:href="#sSpan5292" value="ϫⲉⲡⲉⲓϣⲁϫⲉ"/>
		<feat xlink:href="#sSpan5301" value="ⲛⲧⲁⲡⲁⲩⲗⲟⲥ"/>
		<feat xlink:href="#sSpan5312" value="ϫⲟⲟϥ"/>
		<feat xlink:href="#sSpan5318" value="ⲉϥⲥϩⲁⲓ"/>
		<feat xlink:href="#sSpan5326" value="ⲛⲛⲕⲟⲣⲓⲛⲑⲓⲟⲥ"/>
		<feat xlink:href="#sSpan5335" value="ϫⲉ"/>
		<feat xlink:href="#sSpan5339" value="·"/>
		<feat xlink:href="#sSpan5343" value="ⲉⲧⲃⲉ"/>
		<feat xlink:href="#sSpan5352" value="ⲁⲡⲟⲗⲗⲱ"/>
		<feat xlink:href="#sSpan5357" value="ⲇⲉ"/>
		<feat xlink:href="#sSpan5362" value="ⲡⲥⲟⲛ"/>
		<feat xlink:href="#sSpan5368" value="ⲁⲓⲡⲁⲣⲁⲕⲁⲗⲉⲓ"/>
		<feat xlink:href="#sSpan5377" value="ⲙⲙⲟϥ"/>
		<feat xlink:href="#sSpan5383" value="ⲉⲙⲁⲧⲉ"/>
		<feat xlink:href="#sSpan5387" value="ⲉⲧⲣⲉϥⲉⲓ"/>
		<feat xlink:href="#sSpan5397" value="ϣⲁⲣⲱⲧⲛ"/>
		<feat xlink:href="#sSpan5403" value="ⲁⲩⲱ"/>
		<feat xlink:href="#sSpan5407" value="ⲙⲉϣⲁⲕ"/>
		<feat xlink:href="#sSpan5411" value="ⲙⲡⲧⲱϣ"/>
		<feat xlink:href="#sSpan5420" value="ⲁⲛ"/>
		<feat xlink:href="#sSpan5424" value="ⲡⲉ"/>
		<feat xlink:href="#sSpan5428" value="ⲉⲧⲣⲉϥⲉⲓ"/>
		<feat xlink:href="#sSpan5438" value="ϣⲁⲣⲱⲧⲛ"/>
		<feat xlink:href="#sSpan5444" value="ⲧⲉⲛⲟⲩ"/>
		<feat xlink:href="#sSpan5448" value="·"/>
		<feat xlink:href="#sSpan5452" value="ϥⲛⲏⲩ"/>
		<feat xlink:href="#sSpan5461" value="ⲇⲉ"/>
		<feat xlink:href="#sSpan5465" value="ⲉϥϣⲁⲛϩⲉ"/>
		<feat xlink:href="#sSpan5472" value="ⲉⲡⲉⲟⲩⲟⲉⲓϣ"/>
		<feat xlink:href="#sSpan5481" value="·"/>
		<feat xlink:href="#sSpan5486" value="ⲉⲧⲃⲉⲡⲁⲓ"/>
		<feat xlink:href="#sSpan5495" value="ⲁⲡⲉⲡⲛⲉⲩⲙⲁ"/>
		<feat xlink:href="#sSpan5505" value="ⲉⲧⲟⲩⲁⲁⲃ"/>
		<feat xlink:href="#sSpan5511" value="ϭⲱ"/>
		<feat xlink:href="#sSpan5516" value="ⲉϥⲡⲁⲣⲁⲕⲁⲗⲉⲓ"/>
		<feat xlink:href="#sSpan5525" value="ⲙⲡⲁⲉⲓⲱⲧ"/>
		<feat xlink:href="#sSpan5534" value="ϫⲉⲙⲁⲣⲉϥⲉⲓ"/>
		<feat xlink:href="#sSpan5544" value="ⲧⲉⲛⲟⲩ"/>
		<feat xlink:href="#sSpan5548" value="·"/>
		<feat xlink:href="#sSpan5552" value="ⲁϥⲟⲩⲱϣⲃ"/>
		<feat xlink:href="#sSpan5562" value="ⲛϭⲓⲡⲁⲉⲓⲱⲧ"/>
		<feat xlink:href="#sSpan5571" value="ϫⲉϥⲛⲏⲩ"/>
		<feat xlink:href="#sSpan5579" value="ⲉϥϣⲁⲛϩⲉ"/>
		<feat xlink:href="#sSpan5586" value="ⲉⲡⲉⲟⲩⲟⲉⲓϣ"/>
		<feat xlink:href="#sSpan5595" value="ⲧⲉⲛⲟⲩ"/>
		<feat xlink:href="#sSpan5599" value="ϭⲉ"/>
		<feat xlink:href="#sSpan5604" value="ⲛⲁϣⲏⲣⲉ"/>
		<feat xlink:href="#sSpan5610" value="ⲧⲛⲥⲃⲧⲱⲧ"/>
		<feat xlink:href="#sSpan5616" value="ⲉⲧⲱⲟⲩⲛ"/>
		<feat xlink:href="#sSpan5623" value="ϩⲁϩⲱⲃ"/>
		<feat xlink:href="#sSpan5630" value="ⲛⲓⲙⲉⲧⲉϥⲛⲁⲟⲩⲉϩⲥⲁϩⲛⲉ"/>
		<feat xlink:href="#sSpan5640" value="ⲙⲙⲟⲟⲩ"/>
		<feat xlink:href="#sSpan5646" value="ⲛⲁⲛ"/>
		<feat xlink:href="#sSpan5652" value="ⲛϭⲓⲡϫⲟⲉⲓⲥ"/>
		<feat xlink:href="#sSpan5661" value="·"/>
		<feat xlink:href="#sSpan5666" value="ⲡⲉϥⲟⲩⲟⲉⲓϣ"/>
		<feat xlink:href="#sSpan5672" value="ⲙⲁⲣϥϣⲱⲡⲉ"/>
		<feat xlink:href="#sSpan5680" value="·"/>
		<feat xlink:href="#sSpan5684" value="ⲡⲉⲟⲟⲩ"/>
		<feat xlink:href="#sSpan5691" value="ⲛⲁϥ"/>
		<feat xlink:href="#sSpan5697" value="ϣⲁⲉⲛⲉϩ"/>
		<feat xlink:href="#sSpan5704" value="ⲛⲉⲛⲉϩ"/>
		<feat xlink:href="#sSpan5711" value="ϩⲁⲙⲏⲛ"/>
		<feat xlink:href="#sSpan5715" value="·"/>
		<feat xlink:href="#sSpan5719" value="ⲙⲛⲛⲥⲁⲛⲁⲓ"/>
		<feat xlink:href="#sSpan5731" value="ⲇⲉ"/>
		<feat xlink:href="#sSpan5735" value="ⲧⲏⲣⲟⲩ"/>
		<feat xlink:href="#sSpan5741" value="ⲁⲛⲉⲓ"/>
		<feat xlink:href="#sSpan5750" value="ⲉⲩⲧⲟⲟⲩ"/>
		<feat xlink:href="#sSpan5759" value="ⲛϫⲁⲓⲉ"/>
		<feat xlink:href="#sSpan5765" value="ⲉϥⲙⲡϩⲱⲧ"/>
		<feat xlink:href="#sSpan5778" value="ⲉⲃⲟⲗ"/>
		<feat xlink:href="#sSpan5782" value="ⲛⲟⲩϯⲙⲉ"/>
		<feat xlink:href="#sSpan5793" value="ϫⲉⲧⲁϩⲣⲟⲩϫ"/>
		<feat xlink:href="#sSpan5800" value="ⲁⲛϩⲉ"/>
		<feat xlink:href="#sSpan5809" value="ⲉϩⲉⲛϣⲕⲟⲗ"/>
		<feat xlink:href="#sSpan5818" value="ⲙⲡⲉⲧⲣⲁ"/>
		<feat xlink:href="#sSpan5826" value="ϩⲙⲡⲙⲁ"/>
		<feat xlink:href="#sSpan5835" value="ⲉⲧⲙⲙⲁⲩ"/>
		<feat xlink:href="#sSpan5841" value="ⲁⲛⲧⲁⲙⲓⲟ"/>
		<feat xlink:href="#sSpan5850" value="ⲇⲉ"/>
		<feat xlink:href="#sSpan5854" value="ⲛϩⲉⲛⲕⲟⲩⲓ"/>
		<feat xlink:href="#sSpan5863" value="ⲙⲙⲁⲛϣⲱⲡⲉ"/>
		<feat xlink:href="#sSpan5869" value="ⲁⲛⲟⲩⲱϩ"/>
		<feat xlink:href="#sSpan5877" value="ⲛϩⲏⲧⲟⲩ"/>
		<feat xlink:href="#sSpan5883" value="·"/>
		<feat xlink:href="#sSpan5887" value="ⲁⲩⲱ"/>
		<feat xlink:href="#sSpan5891" value="ϩⲛϩⲉⲛⲡⲟⲗⲓⲧⲉⲓⲁ"/>
		<feat xlink:href="#sSpan5901" value="ⲉⲩⲟϣ"/>
		<feat xlink:href="#sSpan5909" value="·"/>
		<feat xlink:href="#sSpan5913" value="ⲛⲉⲥⲛⲏⲩ"/>
		<feat xlink:href="#sSpan5923" value="ⲇⲉ"/>
		<feat xlink:href="#sSpan5927" value="ⲧⲏⲣⲟⲩ"/>
		<feat xlink:href="#sSpan5933" value="ⲛⲧⲉⲣⲟⲩⲥⲱⲧⲙ"/>
		<feat xlink:href="#sSpan5941" value="ⲉⲧⲃⲉⲡⲁⲉⲓⲱⲧ"/>
		<feat xlink:href="#sSpan5950" value="ϫⲉⲉϥϩⲙⲡⲙⲁ"/>
		<feat xlink:href="#sSpan5965" value="ⲉⲧⲙⲙⲁⲩ"/>
		<feat xlink:href="#sSpan5971" value="ⲁⲩⲉⲓ"/>
		<feat xlink:href="#sSpan5979" value="ϣⲁⲣⲟϥ"/>
		<feat xlink:href="#sSpan5985" value="ⲁⲩⲥⲱⲧⲙ"/>
		<feat xlink:href="#sSpan5993" value="ⲉⲛϣⲁϫⲉ"/>
		<feat xlink:href="#sSpan6002" value="ⲙⲡⲱⲛϩ"/>
		<feat xlink:href="#sSpan6011" value="ⲉⲃⲟⲗ"/>
		<feat xlink:href="#sSpan6016" value="ϩⲛⲣⲱϥ"/>
		<feat xlink:href="#sSpan6025" value="·"/>
		<feat xlink:href="#sSpan6030" value="ⲡⲙⲁ"/>
		<feat xlink:href="#sSpan6039" value="ⲇⲉ"/>
		<feat xlink:href="#sSpan6043" value="ⲛⲉⲟⲩϫⲁⲓⲉ"/>
		<feat xlink:href="#sSpan6052" value="ⲡⲉ"/>
		<feat xlink:href="#sSpan6056" value="ⲉⲙⲛⲙⲟⲟⲩ"/>
		<feat xlink:href="#sSpan6065" value="ⲛϩⲏⲧϥ"/>
		<feat xlink:href="#sSpan6071" value="·"/>
		<feat xlink:href="#sSpan6075" value="ⲡⲉϫⲉⲡⲁⲉⲓⲱⲧ"/>
		<feat xlink:href="#sSpan6086" value="ⲛⲁⲓ"/>
		<feat xlink:href="#sSpan6092" value="ϫⲉ"/>
		<feat xlink:href="#sSpan6096" value="·"/>
		<feat xlink:href="#sSpan6100" value="ⲡⲁϣⲏⲣⲉ"/>
		<feat xlink:href="#sSpan6110" value="ⲡⲁⲡⲟϩⲉ"/>
		<feat xlink:href="#sSpan6114" value="ϣⲓⲕⲉ"/>
		<feat xlink:href="#sSpan6118" value="ϩⲙⲡⲕⲁϩ"/>
		<feat xlink:href="#sSpan6127" value="ⲛⲧⲛⲛⲁⲩ"/>
		<feat xlink:href="#sSpan6135" value="ϫⲉⲡⲛⲟⲩⲧⲉ"/>
		<feat xlink:href="#sSpan6144" value="ⲛⲁϯ"/>
		<feat xlink:href="#sSpan6150" value="ⲛⲁⲛ"/>
		<feat xlink:href="#sSpan6156" value="ⲛⲟⲩⲙⲟⲟⲩ"/>
		<feat xlink:href="#sSpan6165" value="ⲉⲧⲃⲉⲛⲉⲥⲛⲏⲩ"/>
		<feat xlink:href="#sSpan6174" value="ⲉⲧⲛⲏⲩ"/>
		<feat xlink:href="#sSpan6180" value="ϣⲁⲣⲟⲛ"/>
		<feat xlink:href="#sSpan6186" value="·"/>
		<feat xlink:href="#sSpan6190" value="ⲁⲩⲱ"/>
		<feat xlink:href="#sSpan6196" value="ⲛⲧⲉⲣⲛϣⲓⲕⲉ"/>
		<feat xlink:href="#sSpan6204" value="ⲉⲡⲉⲥⲏⲧ"/>
		<feat xlink:href="#sSpan6212" value="ⲛⲁϥⲧⲟⲟⲩⲙⲙⲁϩⲉ"/>
		<feat xlink:href="#sSpan6221" value="ⲁⲩⲡⲩⲅⲏ"/>
		<feat xlink:href="#sSpan6229" value="ⲙⲙⲟⲟⲩ"/>
		<feat xlink:href="#sSpan6235" value="ϥⲱϭⲉ"/>
		<feat xlink:href="#sSpan6239" value="ⲉϩⲣⲁⲓ"/>
		<feat xlink:href="#sSpan6243" value="ⲉⲛⲁⲛⲟⲩⲥ"/>
		<feat xlink:href="#sSpan6251" value="ⲉⲥϩⲟⲗϭ"/>
		<feat xlink:href="#sSpan6259" value="ⲉⲙⲁⲧⲉ"/>
		<feat xlink:href="#sSpan6263" value="ⲉⲥⲱ"/>
		<feat xlink:href="#sSpan6269" value="ⲉⲃⲟⲗ"/>
		<feat xlink:href="#sSpan6273" value="ⲛϩⲏⲧⲥ"/>
		<feat xlink:href="#sSpan6279" value="·"/>
		<feat xlink:href="#sSpan6283" value="ⲁⲩⲱ"/>
		<feat xlink:href="#sSpan6289" value="ⲁⲛⲣⲣⲟⲙⲡⲉ"/>
		<feat xlink:href="#sSpan6300" value="ⲥⲛⲧⲉ"/>
		<feat xlink:href="#sSpan6304" value="ⲉⲛⲥⲱ"/>
		<feat xlink:href="#sSpan6312" value="ⲉⲃⲟⲗ"/>
		<feat xlink:href="#sSpan6316" value="ⲛϩⲏⲧⲥ"/>
		<feat xlink:href="#sSpan6322" value="ⲙⲛⲛⲉⲧⲛⲏⲩ"/>
		<feat xlink:href="#sSpan6332" value="ϣⲁⲣⲟⲛ"/>
		<feat xlink:href="#sSpan6338" value="·"/>
		<feat xlink:href="#sSpan6343" value="ⲧⲟⲧⲉ"/>
		<feat xlink:href="#sSpan6347" value="ⲡⲉϫⲉⲡⲁⲉⲓⲱⲧ"/>
		<feat xlink:href="#sSpan6356" value="ⲛⲁⲓ"/>
		<feat xlink:href="#sSpan6362" value="ϫⲉ"/>
		<feat xlink:href="#sSpan6366" value="·"/>
		<feat xlink:href="#sSpan6370" value="ⲙⲁⲣⲛⲧⲁⲙⲓⲟ"/>
		<feat xlink:href="#sSpan6380" value="ⲛⲟⲩϣⲱⲧⲉ"/>
		<feat xlink:href="#sSpan6389" value="ⲛⲧⲛⲕⲁⲁⲥ"/>
		<feat xlink:href="#sSpan6399" value="ⲉⲧⲃⲉⲛⲉⲥⲛⲏⲩ"/>
		<feat xlink:href="#sSpan6408" value="ⲉⲧⲛⲏⲩ"/>
		<feat xlink:href="#sSpan6414" value="ϣⲁⲣⲟⲛ"/>
		<feat xlink:href="#sSpan6420" value="·"/>
		<feat xlink:href="#sSpan6424" value="ⲁⲡϫⲟⲉⲓⲥ"/>
		<feat xlink:href="#sSpan6435" value="ⲟⲩⲱ"/>
		<feat xlink:href="#sSpan6439" value="ⲉϥⲧⲁⲙⲟ"/>
		<feat xlink:href="#sSpan6447" value="ⲙⲙⲟⲛ"/>
		<feat xlink:href="#sSpan6453" value="ϫⲉⲙⲁ"/>
		<feat xlink:href="#sSpan6460" value="ⲛⲓⲙ"/>
		<feat xlink:href="#sSpan6464" value="ⲉⲧⲉⲕⲛⲁⲟⲩⲱϩ"/>
		<feat xlink:href="#sSpan6474" value="ⲛϩⲏⲧϥ"/>
		<feat xlink:href="#sSpan6480" value="ϯⲛⲁⲕⲁ"/>
		<feat xlink:href="#sSpan6488" value="ⲁϥ"/>
		<feat xlink:href="#sSpan6494" value="ⲉϥⲙⲏⲛ"/>
		<feat xlink:href="#sSpan6502" value="ⲉⲃⲟⲗ"/>
		<feat xlink:href="#sSpan6506" value="ϣⲁⲉⲛⲉϩ"/>
		<feat xlink:href="#sSpan6513" value="·"/>
		<feat xlink:href="#sSpan6517" value="ⲛⲧⲉⲣⲛⲧⲁⲙⲓⲟⲥ"/>
		<feat xlink:href="#sSpan6532" value="ⲇⲉ"/>
		<feat xlink:href="#sSpan6536" value="ⲁⲛⲙⲟⲟϣⲉ"/>
		<feat xlink:href="#sSpan6545" value="ⲉⲃⲟⲗ"/>
		<feat xlink:href="#sSpan6549" value="ϩⲙⲡⲙⲁ"/>
		<feat xlink:href="#sSpan6558" value="ⲉⲧⲙⲙⲁⲩ"/>
		<feat xlink:href="#sSpan6564" value="ⲉⲧⲣⲉⲛⲃⲱⲕ"/>
		<feat xlink:href="#sSpan6575" value="ⲉⲩⲙⲁ"/>
		<feat xlink:href="#sSpan6584" value="ϩⲙⲡⲙⲁⲣⲓⲥ"/>
		<feat xlink:href="#sSpan6593" value="ⲉⲩⲙⲟⲩⲧⲉ"/>
		<feat xlink:href="#sSpan6601" value="ⲉⲣⲟϥ"/>
		<feat xlink:href="#sSpan6607" value="ϫⲉⲁⲡⲁ"/>
		<feat xlink:href="#sSpan6615" value="ⲡⲁⲙⲓⲛ"/>
		<feat xlink:href="#sSpan6619" value="·"/>
		<feat xlink:href="#sSpan6624" value="ⲉⲧⲓ"/>
		<feat xlink:href="#sSpan6631" value="ⲇⲉ"/>
		<feat xlink:href="#sSpan6635" value="ⲉⲛⲙⲟⲟϣⲉ"/>
		<feat xlink:href="#sSpan6643" value="ⲁⲛⲉⲓ"/>
		<feat xlink:href="#sSpan6652" value="ⲉⲡⲧⲟⲟⲩ"/>
		<feat xlink:href="#sSpan6663" value="ⲛⲧⲉⲧⲕⲟⲟϩ"/>
		<feat xlink:href="#sSpan6672" value=","/>
		<feat xlink:href="#sSpan6676" value="ⲡⲉⲓⲧⲟⲟⲩ"/>
		<feat xlink:href="#sSpan6683" value="ⲛⲧⲁⲡⲛⲟⲩⲧⲉ"/>
		<feat xlink:href="#sSpan6694" value="ϩⲱⲛ"/>
		<feat xlink:href="#sSpan6699" value="ⲙⲡϥⲥⲙⲟⲩ"/>
		<feat xlink:href="#sSpan6707" value="ⲉⲩⲱⲛϩ"/>
		<feat xlink:href="#sSpan6715" value="ϣⲁⲉⲛⲉϩ"/>
		<feat xlink:href="#sSpan6722" value="·"/>
		<feat xlink:href="#sSpan6726" value="ⲁⲛϭⲟⲓⲗⲉ"/>
		<feat xlink:href="#sSpan6737" value="ⲉϩⲉⲛⲥⲛⲏⲩ"/>
		<feat xlink:href="#sSpan6746" value="ⲙⲙⲁⲓⲛⲟⲩⲧⲉ"/>
		<feat xlink:href="#sSpan6754" value="ⲉⲩϩⲙⲡⲧⲟⲟⲩ"/>
		<feat xlink:href="#sSpan6769" value="ⲉⲧⲙⲙⲁⲩ"/>
		<feat xlink:href="#sSpan6775" value="ⲁⲩⲉⲓⲣⲉ"/>
		<feat xlink:href="#sSpan6784" value="ⲛϩⲉⲛⲛⲟϭ"/>
		<feat xlink:href="#sSpan6793" value="ⲙⲡⲉⲧⲛⲁⲛⲟⲩϥ"/>
		<feat xlink:href="#sSpan6805" value="ⲛⲙⲙⲁⲛ"/>
		<feat xlink:href="#sSpan6811" value="·"/>
		<feat xlink:href="#sSpan6815" value="ⲡⲉⲛⲙⲁⲕⲁⲣⲓⲟⲥ"/>
		<feat xlink:href="#sSpan6826" value="ⲇⲉ"/>
		<feat xlink:href="#sSpan6830" value="ⲛⲥⲟⲛ"/>
		<feat xlink:href="#sSpan6837" value="ⲁⲡⲁ"/>
		<feat xlink:href="#sSpan6842" value="ⲫⲓϥ"/>
		<feat xlink:href="#sSpan6846" value="ⲁϥⲙⲧⲟⲛ"/>
		<feat xlink:href="#sSpan6854" value="ⲙⲙⲟϥ"/>
		<feat xlink:href="#sSpan6860" value="ϩⲙⲡⲙⲁ"/>
		<feat xlink:href="#sSpan6869" value="ⲉⲧⲙⲙⲁⲩ"/>
		<feat xlink:href="#sSpan6875" value="ϩⲛⲥⲟⲩϫⲟⲩⲧⲏ"/>
		<feat xlink:href="#sSpan6884" value="ⲙⲡⲁⲟⲡⲉ"/>
		<feat xlink:href="#sSpan6891" value="ⲙⲡⲛⲁⲩ"/>
		<feat xlink:href="#sSpan6900" value="ⲛϫⲡϣⲟⲙⲧⲉ"/>
		<feat xlink:href="#sSpan6908" value="ⲙⲡⲉϩⲟⲟⲩ"/>
		<feat xlink:href="#sSpan6917" value="·"/>
		<feat xlink:href="#sSpan6921" value="ⲁⲩⲱ"/>
		<feat xlink:href="#sSpan6925" value="ⲁⲛⲙⲕⲁϩ"/>
		<feat xlink:href="#sSpan6933" value="ⲉⲙⲁⲧⲉ"/>
		<feat xlink:href="#sSpan6938" value="ⲉⲁⲛⲟⲩⲱⲗⲥ"/>
		<feat xlink:href="#sSpan6948" value="ⲛϩⲏⲧ"/>
		<feat xlink:href="#sSpan6954" value="ⲛⲥⲱϥ"/>
		<feat xlink:href="#sSpan6960" value="ϩⲛⲟⲩⲛⲟϭ"/>
		<feat xlink:href="#sSpan6969" value="ⲛⲗⲩⲡⲏ"/>
		<feat xlink:href="#sSpan6976" value="·"/>
		<feat xlink:href="#sSpan6980" value="ⲁⲛ"/>
		<feat xlink:href="#sSpan6986" value="ⲧⲱⲙⲥ"/>
		<feat xlink:href="#sSpan6992" value="ⲙⲙⲟϥ"/>
		<feat xlink:href="#sSpan6998" value="ϩⲙⲡⲙⲁ"/>
		<feat xlink:href="#sSpan7007" value="ⲉⲧⲙⲙⲁⲩ"/>
		<feat xlink:href="#sSpan7013" value="·"/></featList></paula>