<?xml version='1.0' encoding='UTF-8'?><!DOCTYPE paula SYSTEM "paula_feat.dtd">
<paula version="1.1">
	<header paula_id="scriptorium.life.phib.01.mark_multiword"/>
	<featList xmlns:xlink="http://www.w3.org/1999/xlink" type="multiword" xml:base="scriptorium.life.phib.01.mark.xml">
		<feat xlink:href="#sSpan57" value="ⲉ ⲁ"/>
		<feat xlink:href="#sSpan295" value="ⲱϣ ⲉⲃⲟⲗ"/>
		<feat xlink:href="#sSpan580" value="ⲉⲓ ϣⲁ"/>
		<feat xlink:href="#sSpan678" value="ⲁ ⲁ"/>
		<feat xlink:href="#sSpan751" value="ⲃⲱⲕ ϣⲁ"/>
		<feat xlink:href="#sSpan825" value="ⲉⲓⲣⲉ ⲛ"/>
		<feat xlink:href="#sSpan1034" value="ⲧⲁⲗⲟ ⲉϩⲣⲁⲓ"/>
		<feat xlink:href="#sSpan1570" value="ⲟⲩⲱⲛϩ ⲉⲃⲟⲗ"/>
		<feat xlink:href="#sSpan2348" value="ⲉⲃⲟⲗ ϩⲓⲧⲟⲟⲧ"/>
		<feat xlink:href="#sSpan2419" value="ⲙⲟⲟϣⲉ ⲉⲃⲟⲗ"/>
		<feat xlink:href="#sSpan2447" value="ϭⲱ ⲉ"/>
		<feat xlink:href="#sSpan2457" value="ⲙⲟⲟϣⲉ ϩⲛ"/>
		<feat xlink:href="#sSpan2553" value="ⲉⲓ ⲉⲣⲁⲧ"/>
		<feat xlink:href="#sSpan2591" value="ⲉⲃⲟⲗ ϩⲓⲧⲟⲟⲧ"/>
		<feat xlink:href="#sSpan2867" value="ⲙⲟⲟϣⲉ ⲉ"/>
		<feat xlink:href="#sSpan2950" value="ⲉⲧⲃⲉ ⲡⲁⲓ"/>
		<feat xlink:href="#sSpan3814" value="ⲟⲩⲱⲛϩ ⲉⲃⲟⲗ"/>
		<feat xlink:href="#sSpan4511" value="ϭⲱ ⲉ"/>
		<feat xlink:href="#sSpan4675" value="ⲉⲓ ⲉ"/>
		<feat xlink:href="#sSpan4917" value="ⲉⲃⲟⲗ ϩⲛ"/>
		<feat xlink:href="#sSpan5188" value="ϩⲱ ⲉ"/>
		<feat xlink:href="#sSpan5469" value="ϩⲉ ⲉ"/>
		<feat xlink:href="#sSpan5485" value="ⲉⲧⲃⲉ ⲡⲁⲓ"/>
		<feat xlink:href="#sSpan5513" value="ϭⲱ ⲉ"/>
		<feat xlink:href="#sSpan5583" value="ϩⲉ ⲉ"/>
		<feat xlink:href="#sSpan5620" value="ⲧⲱⲟⲩⲛ ϩⲁ"/>
		<feat xlink:href="#sSpan5747" value="ⲉⲓ ⲉ"/>
		<feat xlink:href="#sSpan5806" value="ϩⲉ ⲉ"/>
		<feat xlink:href="#sSpan6013" value="ⲉⲃⲟⲗ ϩⲛ"/>
		<feat xlink:href="#sSpan6542" value="ⲙⲟⲟϣⲉ ⲉⲃⲟⲗ"/>
		<feat xlink:href="#sSpan6572" value="ⲃⲱⲕ ⲉ"/>
		<feat xlink:href="#sSpan6649" value="ⲉⲓ ⲉ"/>
		<feat xlink:href="#sSpan6734" value="ϭⲟⲓⲗⲉ ⲉ"/>
		<feat xlink:href="#sSpan6781" value="ⲉⲓⲣⲉ ⲛ"/>
		<feat xlink:href="#sSpan6937" value="ⲉ ⲁ"/></featList></paula>