<?xml version='1.0' encoding='UTF-8'?><!DOCTYPE paula SYSTEM "paula_feat.dtd">
<paula version="1.1">
	<header paula_id="scriptorium.life.phib.01.mark_entity"/>
	<featList xmlns:xlink="http://www.w3.org/1999/xlink" type="entity" xml:base="scriptorium.life.phib.01.mark.xml">
		<feat xlink:href="#sSpan5" value="abstract"/>
		<feat xlink:href="#sSpan19" value="person"/>
		<feat xlink:href="#sSpan79" value="person"/>
		<feat xlink:href="#sSpan94" value="person"/>
		<feat xlink:href="#sSpan146" value="person"/>
		<feat xlink:href="#sSpan167" value="time"/>
		<feat xlink:href="#sSpan178" value="time"/>
		<feat xlink:href="#sSpan189" value="abstract"/>
		<feat xlink:href="#sSpan199" value="person"/>
		<feat xlink:href="#sSpan215" value="abstract"/>
		<feat xlink:href="#sSpan250" value="abstract"/>
		<feat xlink:href="#sSpan263" value="abstract"/>
		<feat xlink:href="#sSpan272" value="person"/>
		<feat xlink:href="#sSpan324" value="person"/>
		<feat xlink:href="#sSpan345" value="abstract"/>
		<feat xlink:href="#sSpan354" value="time"/>
		<feat xlink:href="#sSpan377" value="person"/>
		<feat xlink:href="#sSpan407" value="plant"/>
		<feat xlink:href="#sSpan436" value="object"/>
		<feat xlink:href="#sSpan448" value="substance"/>
		<feat xlink:href="#sSpan462" value="abstract"/>
		<feat xlink:href="#sSpan477" value="person"/>
		<feat xlink:href="#sSpan499" value="person"/>
		<feat xlink:href="#sSpan513" value="abstract"/>
		<feat xlink:href="#sSpan525" value="person"/>
		<feat xlink:href="#sSpan543" value="place"/>
		<feat xlink:href="#sSpan556" value="place"/>
		<feat xlink:href="#sSpan565" value="abstract"/>
		<feat xlink:href="#sSpan587" value="person"/>
		<feat xlink:href="#sSpan657" value="time"/>
		<feat xlink:href="#sSpan700" value="person"/>
		<feat xlink:href="#sSpan729" value="place"/>
		<feat xlink:href="#sSpan740" value="place"/>
		<feat xlink:href="#sSpan758" value="time"/>
		<feat xlink:href="#sSpan798" value="person"/>
		<feat xlink:href="#sSpan832" value="abstract"/>
		<feat xlink:href="#sSpan851" value="person"/>
		<feat xlink:href="#sSpan895" value="object"/>
		<feat xlink:href="#sSpan920" value="person"/>
		<feat xlink:href="#sSpan935" value="person"/>
		<feat xlink:href="#sSpan955" value="abstract"/>
		<feat xlink:href="#sSpan964" value="abstract"/>
		<feat xlink:href="#sSpan973" value="abstract"/>
		<feat xlink:href="#sSpan980" value="person"/>
		<feat xlink:href="#sSpan1012" value="person"/>
		<feat xlink:href="#sSpan1023" value="person"/>
		<feat xlink:href="#sSpan1045" value="object"/>
		<feat xlink:href="#sSpan1055" value="abstract"/>
		<feat xlink:href="#sSpan1073" value="person"/>
		<feat xlink:href="#sSpan1084" value="person"/>
		<feat xlink:href="#sSpan1101" value="place"/>
		<feat xlink:href="#sSpan1114" value="person"/>
		<feat xlink:href="#sSpan1125" value="place"/>
		<feat xlink:href="#sSpan1134" value="abstract"/>
		<feat xlink:href="#sSpan1141" value="person"/>
		<feat xlink:href="#sSpan1152" value="place"/>
		<feat xlink:href="#sSpan1171" value="abstract"/>
		<feat xlink:href="#sSpan1204" value="person"/>
		<feat xlink:href="#sSpan1214" value="person"/>
		<feat xlink:href="#sSpan1232" value="person"/>
		<feat xlink:href="#sSpan1251" value="place"/>
		<feat xlink:href="#sSpan1260" value="person"/>
		<feat xlink:href="#sSpan1275" value="person"/>
		<feat xlink:href="#sSpan1288" value="person"/>
		<feat xlink:href="#sSpan1310" value="place"/>
		<feat xlink:href="#sSpan1319" value="person"/>
		<feat xlink:href="#sSpan1332" value="abstract"/>
		<feat xlink:href="#sSpan1337" value="abstract"/>
		<feat xlink:href="#sSpan1346" value="place"/>
		<feat xlink:href="#sSpan1355" value="abstract"/>
		<feat xlink:href="#sSpan1379" value="person"/>
		<feat xlink:href="#sSpan1397" value="person"/>
		<feat xlink:href="#sSpan1415" value="place"/>
		<feat xlink:href="#sSpan1425" value="abstract"/>
		<feat xlink:href="#sSpan1436" value="person"/>
		<feat xlink:href="#sSpan1449" value="person"/>
		<feat xlink:href="#sSpan1468" value="person"/>
		<feat xlink:href="#sSpan1509" value="abstract"/>
		<feat xlink:href="#sSpan1543" value="place"/>
		<feat xlink:href="#sSpan1552" value="abstract"/>
		<feat xlink:href="#sSpan1561" value="person"/>
		<feat xlink:href="#sSpan1581" value="abstract"/>
		<feat xlink:href="#sSpan1613" value="object"/>
		<feat xlink:href="#sSpan1648" value="object"/>
		<feat xlink:href="#sSpan1661" value="abstract"/>
		<feat xlink:href="#sSpan1678" value="person"/>
		<feat xlink:href="#sSpan1694" value="person"/>
		<feat xlink:href="#sSpan1709" value="person"/>
		<feat xlink:href="#sSpan1736" value="abstract"/>
		<feat xlink:href="#sSpan1749" value="person"/>
		<feat xlink:href="#sSpan1760" value="person"/>
		<feat xlink:href="#sSpan1787" value="abstract"/>
		<feat xlink:href="#sSpan1805" value="person"/>
		<feat xlink:href="#sSpan1832" value="abstract"/>
		<feat xlink:href="#sSpan1841" value="abstract"/>
		<feat xlink:href="#sSpan1856" value="abstract"/>
		<feat xlink:href="#sSpan1886" value="person"/>
		<feat xlink:href="#sSpan1947" value="person"/>
		<feat xlink:href="#sSpan1966" value="abstract"/>
		<feat xlink:href="#sSpan1982" value="abstract"/>
		<feat xlink:href="#sSpan2000" value="abstract"/>
		<feat xlink:href="#sSpan2016" value="person"/>
		<feat xlink:href="#sSpan2035" value="person"/>
		<feat xlink:href="#sSpan2056" value="abstract"/>
		<feat xlink:href="#sSpan2079" value="place"/>
		<feat xlink:href="#sSpan2088" value="time"/>
		<feat xlink:href="#sSpan2107" value="person"/>
		<feat xlink:href="#sSpan2125" value="person"/>
		<feat xlink:href="#sSpan2136" value="person"/>
		<feat xlink:href="#sSpan2153" value="abstract"/>
		<feat xlink:href="#sSpan2168" value="person"/>
		<feat xlink:href="#sSpan2185" value="person"/>
		<feat xlink:href="#sSpan2200" value="person"/>
		<feat xlink:href="#sSpan2240" value="substance"/>
		<feat xlink:href="#sSpan2249" value="substance"/>
		<feat xlink:href="#sSpan2268" value="person"/>
		<feat xlink:href="#sSpan2285" value="abstract"/>
		<feat xlink:href="#sSpan2294" value="abstract"/>
		<feat xlink:href="#sSpan2303" value="abstract"/>
		<feat xlink:href="#sSpan2326" value="abstract"/>
		<feat xlink:href="#sSpan2335" value="person"/>
		<feat xlink:href="#sSpan2361" value="person"/>
		<feat xlink:href="#sSpan2382" value="time"/>
		<feat xlink:href="#sSpan2402" value="place"/>
		<feat xlink:href="#sSpan2430" value="place"/>
		<feat xlink:href="#sSpan2454" value="event"/>
		<feat xlink:href="#sSpan2484" value="animal"/>
		<feat xlink:href="#sSpan2496" value="place"/>
		<feat xlink:href="#sSpan2529" value="person"/>
		<feat xlink:href="#sSpan2542" value="person"/>
		<feat xlink:href="#sSpan2576" value="abstract"/>
		<feat xlink:href="#sSpan2634" value="abstract"/>
		<feat xlink:href="#sSpan2662" value="abstract"/>
		<feat xlink:href="#sSpan2687" value="person"/>
		<feat xlink:href="#sSpan2706" value="time"/>
		<feat xlink:href="#sSpan2738" value="person"/>
		<feat xlink:href="#sSpan2753" value="abstract"/>
		<feat xlink:href="#sSpan2765" value="person"/>
		<feat xlink:href="#sSpan2779" value="person"/>
		<feat xlink:href="#sSpan2799" value="abstract"/>
		<feat xlink:href="#sSpan2808" value="time"/>
		<feat xlink:href="#sSpan2819" value="person"/>
		<feat xlink:href="#sSpan2837" value="person"/>
		<feat xlink:href="#sSpan2883" value="abstract"/>
		<feat xlink:href="#sSpan2892" value="abstract"/>
		<feat xlink:href="#sSpan2902" value="place"/>
		<feat xlink:href="#sSpan2920" value="abstract"/>
		<feat xlink:href="#sSpan2929" value="abstract"/>
		<feat xlink:href="#sSpan2939" value="person"/>
		<feat xlink:href="#sSpan2955" value="abstract"/>
		<feat xlink:href="#sSpan2980" value="person"/>
		<feat xlink:href="#sSpan3013" value="time"/>
		<feat xlink:href="#sSpan3038" value="abstract"/>
		<feat xlink:href="#sSpan3057" value="person"/>
		<feat xlink:href="#sSpan3077" value="person"/>
		<feat xlink:href="#sSpan3089" value="person"/>
		<feat xlink:href="#sSpan3098" value="object"/>
		<feat xlink:href="#sSpan3150" value="person"/>
		<feat xlink:href="#sSpan3169" value="abstract"/>
		<feat xlink:href="#sSpan3190" value="abstract"/>
		<feat xlink:href="#sSpan3205" value="person"/>
		<feat xlink:href="#sSpan3231" value="abstract"/>
		<feat xlink:href="#sSpan3251" value="place"/>
		<feat xlink:href="#sSpan3279" value="place"/>
		<feat xlink:href="#sSpan3297" value="object"/>
		<feat xlink:href="#sSpan3316" value="object"/>
		<feat xlink:href="#sSpan3346" value="object"/>
		<feat xlink:href="#sSpan3366" value="person"/>
		<feat xlink:href="#sSpan3383" value="place"/>
		<feat xlink:href="#sSpan3402" value="object"/>
		<feat xlink:href="#sSpan3420" value="person"/>
		<feat xlink:href="#sSpan3445" value="object"/>
		<feat xlink:href="#sSpan3465" value="abstract"/>
		<feat xlink:href="#sSpan3482" value="place"/>
		<feat xlink:href="#sSpan3491" value="abstract"/>
		<feat xlink:href="#sSpan3508" value="place"/>
		<feat xlink:href="#sSpan3524" value="abstract"/>
		<feat xlink:href="#sSpan3546" value="time"/>
		<feat xlink:href="#sSpan3588" value="person"/>
		<feat xlink:href="#sSpan3609" value="person"/>
		<feat xlink:href="#sSpan3641" value="person"/>
		<feat xlink:href="#sSpan3676" value="person"/>
		<feat xlink:href="#sSpan3714" value="person"/>
		<feat xlink:href="#sSpan3739" value="person"/>
		<feat xlink:href="#sSpan3744" value="abstract"/>
		<feat xlink:href="#sSpan3755" value="abstract"/>
		<feat xlink:href="#sSpan3780" value="abstract"/>
		<feat xlink:href="#sSpan3791" value="abstract"/>
		<feat xlink:href="#sSpan3801" value="time"/>
		<feat xlink:href="#sSpan3842" value="abstract"/>
		<feat xlink:href="#sSpan3853" value="person"/>
		<feat xlink:href="#sSpan3860" value="person"/>
		<feat xlink:href="#sSpan3881" value="person"/>
		<feat xlink:href="#sSpan3886" value="person"/>
		<feat xlink:href="#sSpan3897" value="person"/>
		<feat xlink:href="#sSpan3935" value="person"/>
		<feat xlink:href="#sSpan3966" value="person"/>
		<feat xlink:href="#sSpan4017" value="abstract"/>
		<feat xlink:href="#sSpan4067" value="abstract"/>
		<feat xlink:href="#sSpan4083" value="abstract"/>
		<feat xlink:href="#sSpan4123" value="person"/>
		<feat xlink:href="#sSpan4141" value="person"/>
		<feat xlink:href="#sSpan4158" value="person"/>
		<feat xlink:href="#sSpan4163" value="abstract"/>
		<feat xlink:href="#sSpan4201" value="person"/>
		<feat xlink:href="#sSpan4241" value="abstract"/>
		<feat xlink:href="#sSpan4246" value="person"/>
		<feat xlink:href="#sSpan4272" value="person"/>
		<feat xlink:href="#sSpan4322" value="time"/>
		<feat xlink:href="#sSpan4339" value="abstract"/>
		<feat xlink:href="#sSpan4346" value="place"/>
		<feat xlink:href="#sSpan4355" value="person"/>
		<feat xlink:href="#sSpan4372" value="animal"/>
		<feat xlink:href="#sSpan4381" value="place"/>
		<feat xlink:href="#sSpan4390" value="person"/>
		<feat xlink:href="#sSpan4406" value="person"/>
		<feat xlink:href="#sSpan4426" value="place"/>
		<feat xlink:href="#sSpan4443" value="time"/>
		<feat xlink:href="#sSpan4485" value="place"/>
		<feat xlink:href="#sSpan4494" value="animal"/>
		<feat xlink:href="#sSpan4541" value="object"/>
		<feat xlink:href="#sSpan4584" value="object"/>
		<feat xlink:href="#sSpan4603" value="abstract"/>
		<feat xlink:href="#sSpan4644" value="time"/>
		<feat xlink:href="#sSpan4657" value="time"/>
		<feat xlink:href="#sSpan4755" value="abstract"/>
		<feat xlink:href="#sSpan4804" value="time"/>
		<feat xlink:href="#sSpan4815" value="abstract"/>
		<feat xlink:href="#sSpan4831" value="abstract"/>
		<feat xlink:href="#sSpan4862" value="place"/>
		<feat xlink:href="#sSpan4901" value="time"/>
		<feat xlink:href="#sSpan4924" value="time"/>
		<feat xlink:href="#sSpan4937" value="abstract"/>
		<feat xlink:href="#sSpan4946" value="person"/>
		<feat xlink:href="#sSpan4961" value="abstract"/>
		<feat xlink:href="#sSpan4992" value="abstract"/>
		<feat xlink:href="#sSpan5001" value="person"/>
		<feat xlink:href="#sSpan5008" value="abstract"/>
		<feat xlink:href="#sSpan5049" value="person"/>
		<feat xlink:href="#sSpan5058" value="person"/>
		<feat xlink:href="#sSpan5076" value="object"/>
		<feat xlink:href="#sSpan5087" value="object"/>
		<feat xlink:href="#sSpan5132" value="abstract"/>
		<feat xlink:href="#sSpan5149" value="person"/>
		<feat xlink:href="#sSpan5163" value="person"/>
		<feat xlink:href="#sSpan5211" value="abstract"/>
		<feat xlink:href="#sSpan5242" value="person"/>
		<feat xlink:href="#sSpan5287" value="person"/>
		<feat xlink:href="#sSpan5296" value="abstract"/>
		<feat xlink:href="#sSpan5309" value="person"/>
		<feat xlink:href="#sSpan5330" value="abstract"/>
		<feat xlink:href="#sSpan5351" value="person"/>
		<feat xlink:href="#sSpan5361" value="person"/>
		<feat xlink:href="#sSpan5415" value="abstract"/>
		<feat xlink:href="#sSpan5476" value="time"/>
		<feat xlink:href="#sSpan5492" value="abstract"/>
		<feat xlink:href="#sSpan5499" value="abstract"/>
		<feat xlink:href="#sSpan5529" value="person"/>
		<feat xlink:href="#sSpan5566" value="person"/>
		<feat xlink:href="#sSpan5590" value="time"/>
		<feat xlink:href="#sSpan5603" value="person"/>
		<feat xlink:href="#sSpan5627" value="abstract"/>
		<feat xlink:href="#sSpan5656" value="person"/>
		<feat xlink:href="#sSpan5665" value="time"/>
		<feat xlink:href="#sSpan5686" value="abstract"/>
		<feat xlink:href="#sSpan5701" value="time"/>
		<feat xlink:href="#sSpan5727" value="abstract"/>
		<feat xlink:href="#sSpan5754" value="place"/>
		<feat xlink:href="#sSpan5773" value="place"/>
		<feat xlink:href="#sSpan5786" value="place"/>
		<feat xlink:href="#sSpan5813" value="place"/>
		<feat xlink:href="#sSpan5823" value="object"/>
		<feat xlink:href="#sSpan5830" value="place"/>
		<feat xlink:href="#sSpan5858" value="object"/>
		<feat xlink:href="#sSpan5895" value="abstract"/>
		<feat xlink:href="#sSpan5915" value="person"/>
		<feat xlink:href="#sSpan5945" value="person"/>
		<feat xlink:href="#sSpan5960" value="place"/>
		<feat xlink:href="#sSpan5997" value="abstract"/>
		<feat xlink:href="#sSpan6006" value="abstract"/>
		<feat xlink:href="#sSpan6020" value="object"/>
		<feat xlink:href="#sSpan6029" value="place"/>
		<feat xlink:href="#sSpan6047" value="place"/>
		<feat xlink:href="#sSpan6062" value="substance"/>
		<feat xlink:href="#sSpan6081" value="person"/>
		<feat xlink:href="#sSpan6102" value="person"/>
		<feat xlink:href="#sSpan6122" value="place"/>
		<feat xlink:href="#sSpan6139" value="person"/>
		<feat xlink:href="#sSpan6160" value="substance"/>
		<feat xlink:href="#sSpan6169" value="person"/>
		<feat xlink:href="#sSpan6218" value="abstract"/>
		<feat xlink:href="#sSpan6297" value="time"/>
		<feat xlink:href="#sSpan6351" value="person"/>
		<feat xlink:href="#sSpan6384" value="place"/>
		<feat xlink:href="#sSpan6403" value="person"/>
		<feat xlink:href="#sSpan6430" value="person"/>
		<feat xlink:href="#sSpan6457" value="place"/>
		<feat xlink:href="#sSpan6510" value="time"/>
		<feat xlink:href="#sSpan6553" value="place"/>
		<feat xlink:href="#sSpan6579" value="place"/>
		<feat xlink:href="#sSpan6588" value="place"/>
		<feat xlink:href="#sSpan6656" value="place"/>
		<feat xlink:href="#sSpan6667" value="place"/>
		<feat xlink:href="#sSpan6678" value="place"/>
		<feat xlink:href="#sSpan6689" value="person"/>
		<feat xlink:href="#sSpan6719" value="time"/>
		<feat xlink:href="#sSpan6741" value="person"/>
		<feat xlink:href="#sSpan6764" value="place"/>
		<feat xlink:href="#sSpan6788" value="abstract"/>
		<feat xlink:href="#sSpan6817" value="person"/>
		<feat xlink:href="#sSpan6864" value="place"/>
		<feat xlink:href="#sSpan6879" value="time"/>
		<feat xlink:href="#sSpan6888" value="time"/>
		<feat xlink:href="#sSpan6895" value="time"/>
		<feat xlink:href="#sSpan6912" value="time"/>
		<feat xlink:href="#sSpan6964" value="abstract"/>
		<feat xlink:href="#sSpan7002" value="place"/></featList></paula>