<?xml version='1.0' encoding='UTF-8'?><!DOCTYPE paula SYSTEM "paula_feat.dtd">
<paula version="1.1">
	<header paula_id="scriptorium.life.phib.01.mark_quote_type"/>
	<featList xmlns:xlink="http://www.w3.org/1999/xlink" type="quote_type" xml:base="scriptorium.life.phib.01.mark.xml">
		<feat xlink:href="#sSpan327" value="biblical"/>
		<feat xlink:href="#sSpan380" value="biblical"/>
		<feat xlink:href="#sSpan1492" value="biblical"/>
		<feat xlink:href="#sSpan3241" value="biblical"/>
		<feat xlink:href="#sSpan3861" value="biblical"/>
		<feat xlink:href="#sSpan5347" value="biblical"/></featList></paula>