<?xml version='1.0' encoding='UTF-8'?><!DOCTYPE paula SYSTEM "paula_rel.dtd">
<paula version="1.1">
	<header paula_id="scriptorium.life.phib.01.head"/>
	<relList xmlns:xlink="http://www.w3.org/1999/xlink" type="head">
		<rel id="sPointingRel3947" xlink:href="scriptorium.life.phib.01.mark.xml#sSpan4067" target="scriptorium.life.phib.01.mark.xml#sSpan4069"/>
		<rel id="sPointingRel3949" xlink:href="scriptorium.life.phib.01.mark.xml#sSpan4083" target="scriptorium.life.phib.01.mark.xml#sSpan4085"/>
		<rel id="sPointingRel3951" xlink:href="scriptorium.life.phib.01.mark.xml#sSpan1856" target="scriptorium.life.phib.01.mark.xml#sSpan1858"/>
		<rel id="sPointingRel3953" xlink:href="scriptorium.life.phib.01.mark.xml#sSpan2799" target="scriptorium.life.phib.01.mark.xml#sSpan2800"/>
		<rel id="sPointingRel3955" xlink:href="scriptorium.life.phib.01.mark.xml#sSpan5830" target="scriptorium.life.phib.01.mark.xml#sSpan5831"/>
		<rel id="sPointingRel3957" xlink:href="scriptorium.life.phib.01.mark.xml#sSpan2249" target="scriptorium.life.phib.01.mark.xml#sSpan2247"/>
		<rel id="sPointingRel3959" xlink:href="scriptorium.life.phib.01.mark.xml#sSpan2765" target="scriptorium.life.phib.01.mark.xml#sSpan2768"/>
		<rel id="sPointingRel3961" xlink:href="scriptorium.life.phib.01.mark.xml#sSpan3860" target="scriptorium.life.phib.01.mark.xml#sSpan3858"/>
		<rel id="sPointingRel3963" xlink:href="scriptorium.life.phib.01.mark.xml#sSpan1947" target="scriptorium.life.phib.01.mark.xml#sSpan1948"/>
		<rel id="sPointingRel3965" xlink:href="scriptorium.life.phib.01.mark.xml#sSpan3739" target="scriptorium.life.phib.01.mark.xml#sSpan3737"/>
		<rel id="sPointingRel3967" xlink:href="scriptorium.life.phib.01.mark.xml#sSpan1552" target="scriptorium.life.phib.01.mark.xml#sSpan1553"/>
		<rel id="sPointingRel3969" xlink:href="scriptorium.life.phib.01.mark.xml#sSpan920" target="scriptorium.life.phib.01.mark.xml#sSpan921"/>
		<rel id="sPointingRel3971" xlink:href="scriptorium.life.phib.01.mark.xml#sSpan4937" target="scriptorium.life.phib.01.mark.xml#sSpan4938"/>
		<rel id="sPointingRel3973" xlink:href="scriptorium.life.phib.01.mark.xml#sSpan436" target="scriptorium.life.phib.01.mark.xml#sSpan438"/>
		<rel id="sPointingRel3975" xlink:href="scriptorium.life.phib.01.mark.xml#sSpan3402" target="scriptorium.life.phib.01.mark.xml#sSpan3403"/>
		<rel id="sPointingRel3977" xlink:href="scriptorium.life.phib.01.mark.xml#sSpan2079" target="scriptorium.life.phib.01.mark.xml#sSpan2080"/>
		<rel id="sPointingRel3979" xlink:href="scriptorium.life.phib.01.mark.xml#sSpan6689" target="scriptorium.life.phib.01.mark.xml#sSpan6690"/>
		<rel id="sPointingRel3981" xlink:href="scriptorium.life.phib.01.mark.xml#sSpan19" target="scriptorium.life.phib.01.mark.xml#sSpan37"/>
		<rel id="sPointingRel3983" xlink:href="scriptorium.life.phib.01.mark.xml#sSpan345" target="scriptorium.life.phib.01.mark.xml#sSpan343"/>
		<rel id="sPointingRel3985" xlink:href="scriptorium.life.phib.01.mark.xml#sSpan5415" target="scriptorium.life.phib.01.mark.xml#sSpan5416"/>
		<rel id="sPointingRel3987" xlink:href="scriptorium.life.phib.01.mark.xml#sSpan263" target="scriptorium.life.phib.01.mark.xml#sSpan264"/>
		<rel id="sPointingRel3989" xlink:href="scriptorium.life.phib.01.mark.xml#sSpan5627" target="scriptorium.life.phib.01.mark.xml#sSpan5625"/>
		<rel id="sPointingRel3991" xlink:href="scriptorium.life.phib.01.mark.xml#sSpan1214" target="scriptorium.life.phib.01.mark.xml#sSpan1216"/>
		<rel id="sPointingRel3993" xlink:href="scriptorium.life.phib.01.mark.xml#sSpan2920" target="scriptorium.life.phib.01.mark.xml#sSpan2921"/>
		<rel id="sPointingRel3995" xlink:href="scriptorium.life.phib.01.mark.xml#sSpan5665" target="scriptorium.life.phib.01.mark.xml#sSpan5668"/>
		<rel id="sPointingRel3997" xlink:href="scriptorium.life.phib.01.mark.xml#sSpan6879" target="scriptorium.life.phib.01.mark.xml#sSpan6880"/>
		<rel id="sPointingRel3999" xlink:href="scriptorium.life.phib.01.mark.xml#sSpan5603" target="scriptorium.life.phib.01.mark.xml#sSpan5606"/>
		<rel id="sPointingRel4001" xlink:href="scriptorium.life.phib.01.mark.xml#sSpan5049" target="scriptorium.life.phib.01.mark.xml#sSpan5094"/>
		<rel id="sPointingRel4003" xlink:href="scriptorium.life.phib.01.mark.xml#sSpan4339" target="scriptorium.life.phib.01.mark.xml#sSpan4337"/>
		<rel id="sPointingRel4005" xlink:href="scriptorium.life.phib.01.mark.xml#sSpan4017" target="scriptorium.life.phib.01.mark.xml#sSpan4018"/>
		<rel id="sPointingRel4007" xlink:href="scriptorium.life.phib.01.mark.xml#sSpan3383" target="scriptorium.life.phib.01.mark.xml#sSpan3384"/>
		<rel id="sPointingRel4009" xlink:href="scriptorium.life.phib.01.mark.xml#sSpan3190" target="scriptorium.life.phib.01.mark.xml#sSpan3191"/>
		<rel id="sPointingRel4011" xlink:href="scriptorium.life.phib.01.mark.xml#sSpan6384" target="scriptorium.life.phib.01.mark.xml#sSpan6385"/>
		<rel id="sPointingRel4013" xlink:href="scriptorium.life.phib.01.mark.xml#sSpan3546" target="scriptorium.life.phib.01.mark.xml#sSpan3553"/>
		<rel id="sPointingRel4015" xlink:href="scriptorium.life.phib.01.mark.xml#sSpan4494" target="scriptorium.life.phib.01.mark.xml#sSpan4495"/>
		<rel id="sPointingRel4017" xlink:href="scriptorium.life.phib.01.mark.xml#sSpan199" target="scriptorium.life.phib.01.mark.xml#sSpan200"/>
		<rel id="sPointingRel4019" xlink:href="scriptorium.life.phib.01.mark.xml#sSpan2955" target="scriptorium.life.phib.01.mark.xml#sSpan2953"/>
		<rel id="sPointingRel4021" xlink:href="scriptorium.life.phib.01.mark.xml#sSpan1073" target="scriptorium.life.phib.01.mark.xml#sSpan1074"/>
		<rel id="sPointingRel4023" xlink:href="scriptorium.life.phib.01.mark.xml#sSpan3676" target="scriptorium.life.phib.01.mark.xml#sSpan3679"/>
		<rel id="sPointingRel4025" xlink:href="scriptorium.life.phib.01.mark.xml#sSpan4163" target="scriptorium.life.phib.01.mark.xml#sSpan4161"/>
		<rel id="sPointingRel4027" xlink:href="scriptorium.life.phib.01.mark.xml#sSpan4992" target="scriptorium.life.phib.01.mark.xml#sSpan4990"/>
		<rel id="sPointingRel4029" xlink:href="scriptorium.life.phib.01.mark.xml#sSpan6553" target="scriptorium.life.phib.01.mark.xml#sSpan6554"/>
		<rel id="sPointingRel4031" xlink:href="scriptorium.life.phib.01.mark.xml#sSpan5296" target="scriptorium.life.phib.01.mark.xml#sSpan5297"/>
		<rel id="sPointingRel4033" xlink:href="scriptorium.life.phib.01.mark.xml#sSpan1332" target="scriptorium.life.phib.01.mark.xml#sSpan1330"/>
		<rel id="sPointingRel4035" xlink:href="scriptorium.life.phib.01.mark.xml#sSpan1023" target="scriptorium.life.phib.01.mark.xml#sSpan1019"/>
		<rel id="sPointingRel4037" xlink:href="scriptorium.life.phib.01.mark.xml#sSpan5727" target="scriptorium.life.phib.01.mark.xml#sSpan5725"/>
		<rel id="sPointingRel4039" xlink:href="scriptorium.life.phib.01.mark.xml#sSpan6764" target="scriptorium.life.phib.01.mark.xml#sSpan6765"/>
		<rel id="sPointingRel4041" xlink:href="scriptorium.life.phib.01.mark.xml#sSpan3641" target="scriptorium.life.phib.01.mark.xml#sSpan3642"/>
		<rel id="sPointingRel4043" xlink:href="scriptorium.life.phib.01.mark.xml#sSpan5476" target="scriptorium.life.phib.01.mark.xml#sSpan5477"/>
		<rel id="sPointingRel4045" xlink:href="scriptorium.life.phib.01.mark.xml#sSpan1204" target="scriptorium.life.phib.01.mark.xml#sSpan1208"/>
		<rel id="sPointingRel4047" xlink:href="scriptorium.life.phib.01.mark.xml#sSpan2980" target="scriptorium.life.phib.01.mark.xml#sSpan2984"/>
		<rel id="sPointingRel4049" xlink:href="scriptorium.life.phib.01.mark.xml#sSpan4390" target="scriptorium.life.phib.01.mark.xml#sSpan4391"/>
		<rel id="sPointingRel4051" xlink:href="scriptorium.life.phib.01.mark.xml#sSpan1171" target="scriptorium.life.phib.01.mark.xml#sSpan1173"/>
		<rel id="sPointingRel4053" xlink:href="scriptorium.life.phib.01.mark.xml#sSpan4485" target="scriptorium.life.phib.01.mark.xml#sSpan4486"/>
		<rel id="sPointingRel4055" xlink:href="scriptorium.life.phib.01.mark.xml#sSpan2185" target="scriptorium.life.phib.01.mark.xml#sSpan2186"/>
		<rel id="sPointingRel4057" xlink:href="scriptorium.life.phib.01.mark.xml#sSpan5163" target="scriptorium.life.phib.01.mark.xml#sSpan5159"/>
		<rel id="sPointingRel4059" xlink:href="scriptorium.life.phib.01.mark.xml#sSpan1449" target="scriptorium.life.phib.01.mark.xml#sSpan1450"/>
		<rel id="sPointingRel4061" xlink:href="scriptorium.life.phib.01.mark.xml#sSpan462" target="scriptorium.life.phib.01.mark.xml#sSpan460"/>
		<rel id="sPointingRel4063" xlink:href="scriptorium.life.phib.01.mark.xml#sSpan2484" target="scriptorium.life.phib.01.mark.xml#sSpan2486"/>
		<rel id="sPointingRel4065" xlink:href="scriptorium.life.phib.01.mark.xml#sSpan2168" target="scriptorium.life.phib.01.mark.xml#sSpan2169"/>
		<rel id="sPointingRel4067" xlink:href="scriptorium.life.phib.01.mark.xml#sSpan4901" target="scriptorium.life.phib.01.mark.xml#sSpan4904"/>
		<rel id="sPointingRel4069" xlink:href="scriptorium.life.phib.01.mark.xml#sSpan973" target="scriptorium.life.phib.01.mark.xml#sSpan971"/>
		<rel id="sPointingRel4071" xlink:href="scriptorium.life.phib.01.mark.xml#sSpan1613" target="scriptorium.life.phib.01.mark.xml#sSpan1614"/>
		<rel id="sPointingRel4073" xlink:href="scriptorium.life.phib.01.mark.xml#sSpan2200" target="scriptorium.life.phib.01.mark.xml#sSpan2205"/>
		<rel id="sPointingRel4075" xlink:href="scriptorium.life.phib.01.mark.xml#sSpan5945" target="scriptorium.life.phib.01.mark.xml#sSpan5946"/>
		<rel id="sPointingRel4077" xlink:href="scriptorium.life.phib.01.mark.xml#sSpan5087" target="scriptorium.life.phib.01.mark.xml#sSpan5085"/>
		<rel id="sPointingRel4079" xlink:href="scriptorium.life.phib.01.mark.xml#sSpan1805" target="scriptorium.life.phib.01.mark.xml#sSpan1803"/>
		<rel id="sPointingRel4081" xlink:href="scriptorium.life.phib.01.mark.xml#sSpan407" target="scriptorium.life.phib.01.mark.xml#sSpan408"/>
		<rel id="sPointingRel4083" xlink:href="scriptorium.life.phib.01.mark.xml#sSpan6510" target="scriptorium.life.phib.01.mark.xml#sSpan6508"/>
		<rel id="sPointingRel4085" xlink:href="scriptorium.life.phib.01.mark.xml#sSpan657" target="scriptorium.life.phib.01.mark.xml#sSpan662"/>
		<rel id="sPointingRel4087" xlink:href="scriptorium.life.phib.01.mark.xml#sSpan3886" target="scriptorium.life.phib.01.mark.xml#sSpan3889"/>
		<rel id="sPointingRel4089" xlink:href="scriptorium.life.phib.01.mark.xml#sSpan556" target="scriptorium.life.phib.01.mark.xml#sSpan557"/>
		<rel id="sPointingRel4091" xlink:href="scriptorium.life.phib.01.mark.xml#sSpan2335" target="scriptorium.life.phib.01.mark.xml#sSpan2336"/>
		<rel id="sPointingRel4093" xlink:href="scriptorium.life.phib.01.mark.xml#sSpan1084" target="scriptorium.life.phib.01.mark.xml#sSpan1080"/>
		<rel id="sPointingRel4095" xlink:href="scriptorium.life.phib.01.mark.xml#sSpan964" target="scriptorium.life.phib.01.mark.xml#sSpan965"/>
		<rel id="sPointingRel4097" xlink:href="scriptorium.life.phib.01.mark.xml#sSpan5361" target="scriptorium.life.phib.01.mark.xml#sSpan5364"/>
		<rel id="sPointingRel4099" xlink:href="scriptorium.life.phib.01.mark.xml#sSpan5242" target="scriptorium.life.phib.01.mark.xml#sSpan5240"/>
		<rel id="sPointingRel4101" xlink:href="scriptorium.life.phib.01.mark.xml#sSpan2883" target="scriptorium.life.phib.01.mark.xml#sSpan2884"/>
		<rel id="sPointingRel4103" xlink:href="scriptorium.life.phib.01.mark.xml#sSpan2240" target="scriptorium.life.phib.01.mark.xml#sSpan2241"/>
		<rel id="sPointingRel4105" xlink:href="scriptorium.life.phib.01.mark.xml#sSpan324" target="scriptorium.life.phib.01.mark.xml#sSpan330"/>
		<rel id="sPointingRel4107" xlink:href="scriptorium.life.phib.01.mark.xml#sSpan7002" target="scriptorium.life.phib.01.mark.xml#sSpan7003"/>
		<rel id="sPointingRel4109" xlink:href="scriptorium.life.phib.01.mark.xml#sSpan2837" target="scriptorium.life.phib.01.mark.xml#sSpan2839"/>
		<rel id="sPointingRel4111" xlink:href="scriptorium.life.phib.01.mark.xml#sSpan2035" target="scriptorium.life.phib.01.mark.xml#sSpan2036"/>
		<rel id="sPointingRel4113" xlink:href="scriptorium.life.phib.01.mark.xml#sSpan6297" target="scriptorium.life.phib.01.mark.xml#sSpan6295"/>
		<rel id="sPointingRel4115" xlink:href="scriptorium.life.phib.01.mark.xml#sSpan4924" target="scriptorium.life.phib.01.mark.xml#sSpan4925"/>
		<rel id="sPointingRel4117" xlink:href="scriptorium.life.phib.01.mark.xml#sSpan3881" target="scriptorium.life.phib.01.mark.xml#sSpan3882"/>
		<rel id="sPointingRel4119" xlink:href="scriptorium.life.phib.01.mark.xml#sSpan3791" target="scriptorium.life.phib.01.mark.xml#sSpan3793"/>
		<rel id="sPointingRel4121" xlink:href="scriptorium.life.phib.01.mark.xml#sSpan2662" target="scriptorium.life.phib.01.mark.xml#sSpan2663"/>
		<rel id="sPointingRel4123" xlink:href="scriptorium.life.phib.01.mark.xml#sSpan5858" target="scriptorium.life.phib.01.mark.xml#sSpan5859"/>
		<rel id="sPointingRel4125" xlink:href="scriptorium.life.phib.01.mark.xml#sSpan2000" target="scriptorium.life.phib.01.mark.xml#sSpan1998"/>
		<rel id="sPointingRel4127" xlink:href="scriptorium.life.phib.01.mark.xml#sSpan5915" target="scriptorium.life.phib.01.mark.xml#sSpan5918"/>
		<rel id="sPointingRel4129" xlink:href="scriptorium.life.phib.01.mark.xml#sSpan4322" target="scriptorium.life.phib.01.mark.xml#sSpan4323"/>
		<rel id="sPointingRel4131" xlink:href="scriptorium.life.phib.01.mark.xml#sSpan6588" target="scriptorium.life.phib.01.mark.xml#sSpan6589"/>
		<rel id="sPointingRel4133" xlink:href="scriptorium.life.phib.01.mark.xml#sSpan3013" target="scriptorium.life.phib.01.mark.xml#sSpan3014"/>
		<rel id="sPointingRel4135" xlink:href="scriptorium.life.phib.01.mark.xml#sSpan3609" target="scriptorium.life.phib.01.mark.xml#sSpan3610"/>
		<rel id="sPointingRel4137" xlink:href="scriptorium.life.phib.01.mark.xml#sSpan1709" target="scriptorium.life.phib.01.mark.xml#sSpan1707"/>
		<rel id="sPointingRel4139" xlink:href="scriptorium.life.phib.01.mark.xml#sSpan3279" target="scriptorium.life.phib.01.mark.xml#sSpan3280"/>
		<rel id="sPointingRel4141" xlink:href="scriptorium.life.phib.01.mark.xml#sSpan525" target="scriptorium.life.phib.01.mark.xml#sSpan527"/>
		<rel id="sPointingRel4143" xlink:href="scriptorium.life.phib.01.mark.xml#sSpan3935" target="scriptorium.life.phib.01.mark.xml#sSpan3936"/>
		<rel id="sPointingRel4145" xlink:href="scriptorium.life.phib.01.mark.xml#sSpan6579" target="scriptorium.life.phib.01.mark.xml#sSpan6613"/>
		<rel id="sPointingRel4147" xlink:href="scriptorium.life.phib.01.mark.xml#sSpan3251" target="scriptorium.life.phib.01.mark.xml#sSpan3253"/>
		<rel id="sPointingRel4149" xlink:href="scriptorium.life.phib.01.mark.xml#sSpan1509" target="scriptorium.life.phib.01.mark.xml#sSpan1507"/>
		<rel id="sPointingRel4151" xlink:href="scriptorium.life.phib.01.mark.xml#sSpan4862" target="scriptorium.life.phib.01.mark.xml#sSpan4863"/>
		<rel id="sPointingRel4153" xlink:href="scriptorium.life.phib.01.mark.xml#sSpan3491" target="scriptorium.life.phib.01.mark.xml#sSpan3492"/>
		<rel id="sPointingRel4155" xlink:href="scriptorium.life.phib.01.mark.xml#sSpan3842" target="scriptorium.life.phib.01.mark.xml#sSpan3843"/>
		<rel id="sPointingRel4157" xlink:href="scriptorium.life.phib.01.mark.xml#sSpan740" target="scriptorium.life.phib.01.mark.xml#sSpan741"/>
		<rel id="sPointingRel4159" xlink:href="scriptorium.life.phib.01.mark.xml#sSpan1310" target="scriptorium.life.phib.01.mark.xml#sSpan1311"/>
		<rel id="sPointingRel4161" xlink:href="scriptorium.life.phib.01.mark.xml#sSpan935" target="scriptorium.life.phib.01.mark.xml#sSpan937"/>
		<rel id="sPointingRel4163" xlink:href="scriptorium.life.phib.01.mark.xml#sSpan4426" target="scriptorium.life.phib.01.mark.xml#sSpan4427"/>
		<rel id="sPointingRel4165" xlink:href="scriptorium.life.phib.01.mark.xml#sSpan3524" target="scriptorium.life.phib.01.mark.xml#sSpan3526"/>
		<rel id="sPointingRel4167" xlink:href="scriptorium.life.phib.01.mark.xml#sSpan5656" target="scriptorium.life.phib.01.mark.xml#sSpan5657"/>
		<rel id="sPointingRel4169" xlink:href="scriptorium.life.phib.01.mark.xml#sSpan6888" target="scriptorium.life.phib.01.mark.xml#sSpan6886"/>
		<rel id="sPointingRel4171" xlink:href="scriptorium.life.phib.01.mark.xml#sSpan6964" target="scriptorium.life.phib.01.mark.xml#sSpan6972"/>
		<rel id="sPointingRel4173" xlink:href="scriptorium.life.phib.01.mark.xml#sSpan6817" target="scriptorium.life.phib.01.mark.xml#sSpan6840"/>
		<rel id="sPointingRel4175" xlink:href="scriptorium.life.phib.01.mark.xml#sSpan1275" target="scriptorium.life.phib.01.mark.xml#sSpan1276"/>
		<rel id="sPointingRel4177" xlink:href="scriptorium.life.phib.01.mark.xml#sSpan3465" target="scriptorium.life.phib.01.mark.xml#sSpan3463"/>
		<rel id="sPointingRel4179" xlink:href="scriptorium.life.phib.01.mark.xml#sSpan5132" target="scriptorium.life.phib.01.mark.xml#sSpan5133"/>
		<rel id="sPointingRel4181" xlink:href="scriptorium.life.phib.01.mark.xml#sSpan1982" target="scriptorium.life.phib.01.mark.xml#sSpan1990"/>
		<rel id="sPointingRel4183" xlink:href="scriptorium.life.phib.01.mark.xml#sSpan4272" target="scriptorium.life.phib.01.mark.xml#sSpan4274"/>
		<rel id="sPointingRel4185" xlink:href="scriptorium.life.phib.01.mark.xml#sSpan2542" target="scriptorium.life.phib.01.mark.xml#sSpan2543"/>
		<rel id="sPointingRel4187" xlink:href="scriptorium.life.phib.01.mark.xml#sSpan1694" target="scriptorium.life.phib.01.mark.xml#sSpan1697"/>
		<rel id="sPointingRel4189" xlink:href="scriptorium.life.phib.01.mark.xml#sSpan980" target="scriptorium.life.phib.01.mark.xml#sSpan996"/>
		<rel id="sPointingRel4191" xlink:href="scriptorium.life.phib.01.mark.xml#sSpan250" target="scriptorium.life.phib.01.mark.xml#sSpan253"/>
		<rel id="sPointingRel4193" xlink:href="scriptorium.life.phib.01.mark.xml#sSpan1436" target="scriptorium.life.phib.01.mark.xml#sSpan1434"/>
		<rel id="sPointingRel4195" xlink:href="scriptorium.life.phib.01.mark.xml#sSpan3508" target="scriptorium.life.phib.01.mark.xml#sSpan3510"/>
		<rel id="sPointingRel4197" xlink:href="scriptorium.life.phib.01.mark.xml#sSpan6006" target="scriptorium.life.phib.01.mark.xml#sSpan6007"/>
		<rel id="sPointingRel4199" xlink:href="scriptorium.life.phib.01.mark.xml#sSpan2153" target="scriptorium.life.phib.01.mark.xml#sSpan2154"/>
		<rel id="sPointingRel4201" xlink:href="scriptorium.life.phib.01.mark.xml#sSpan4815" target="scriptorium.life.phib.01.mark.xml#sSpan4813"/>
		<rel id="sPointingRel4203" xlink:href="scriptorium.life.phib.01.mark.xml#sSpan6160" target="scriptorium.life.phib.01.mark.xml#sSpan6161"/>
		<rel id="sPointingRel4205" xlink:href="scriptorium.life.phib.01.mark.xml#sSpan272" target="scriptorium.life.phib.01.mark.xml#sSpan283"/>
		<rel id="sPointingRel4207" xlink:href="scriptorium.life.phib.01.mark.xml#sSpan1581" target="scriptorium.life.phib.01.mark.xml#sSpan1582"/>
		<rel id="sPointingRel4209" xlink:href="scriptorium.life.phib.01.mark.xml#sSpan3205" target="scriptorium.life.phib.01.mark.xml#sSpan3206"/>
		<rel id="sPointingRel4211" xlink:href="scriptorium.life.phib.01.mark.xml#sSpan146" target="scriptorium.life.phib.01.mark.xml#sSpan156"/>
		<rel id="sPointingRel4213" xlink:href="scriptorium.life.phib.01.mark.xml#sSpan79" target="scriptorium.life.phib.01.mark.xml#sSpan76"/>
		<rel id="sPointingRel4215" xlink:href="scriptorium.life.phib.01.mark.xml#sSpan6678" target="scriptorium.life.phib.01.mark.xml#sSpan6679"/>
		<rel id="sPointingRel4217" xlink:href="scriptorium.life.phib.01.mark.xml#sSpan3755" target="scriptorium.life.phib.01.mark.xml#sSpan3756"/>
		<rel id="sPointingRel4219" xlink:href="scriptorium.life.phib.01.mark.xml#sSpan5351" target="scriptorium.life.phib.01.mark.xml#sSpan5349"/>
		<rel id="sPointingRel4221" xlink:href="scriptorium.life.phib.01.mark.xml#sSpan2056" target="scriptorium.life.phib.01.mark.xml#sSpan2057"/>
		<rel id="sPointingRel4223" xlink:href="scriptorium.life.phib.01.mark.xml#sSpan4831" target="scriptorium.life.phib.01.mark.xml#sSpan4832"/>
		<rel id="sPointingRel4225" xlink:href="scriptorium.life.phib.01.mark.xml#sSpan3346" target="scriptorium.life.phib.01.mark.xml#sSpan3348"/>
		<rel id="sPointingRel4227" xlink:href="scriptorium.life.phib.01.mark.xml#sSpan4372" target="scriptorium.life.phib.01.mark.xml#sSpan4373"/>
		<rel id="sPointingRel4229" xlink:href="scriptorium.life.phib.01.mark.xml#sSpan2687" target="scriptorium.life.phib.01.mark.xml#sSpan2688"/>
		<rel id="sPointingRel4231" xlink:href="scriptorium.life.phib.01.mark.xml#sSpan6719" target="scriptorium.life.phib.01.mark.xml#sSpan6717"/>
		<rel id="sPointingRel4233" xlink:href="scriptorium.life.phib.01.mark.xml#sSpan354" target="scriptorium.life.phib.01.mark.xml#sSpan352"/>
		<rel id="sPointingRel4235" xlink:href="scriptorium.life.phib.01.mark.xml#sSpan587" target="scriptorium.life.phib.01.mark.xml#sSpan602"/>
		<rel id="sPointingRel4237" xlink:href="scriptorium.life.phib.01.mark.xml#sSpan5287" target="scriptorium.life.phib.01.mark.xml#sSpan5288"/>
		<rel id="sPointingRel4239" xlink:href="scriptorium.life.phib.01.mark.xml#sSpan448" target="scriptorium.life.phib.01.mark.xml#sSpan450"/>
		<rel id="sPointingRel4241" xlink:href="scriptorium.life.phib.01.mark.xml#sSpan3780" target="scriptorium.life.phib.01.mark.xml#sSpan3781"/>
		<rel id="sPointingRel4243" xlink:href="scriptorium.life.phib.01.mark.xml#sSpan4946" target="scriptorium.life.phib.01.mark.xml#sSpan4947"/>
		<rel id="sPointingRel4245" xlink:href="scriptorium.life.phib.01.mark.xml#sSpan477" target="scriptorium.life.phib.01.mark.xml#sSpan479"/>
		<rel id="sPointingRel4247" xlink:href="scriptorium.life.phib.01.mark.xml#sSpan1045" target="scriptorium.life.phib.01.mark.xml#sSpan1047"/>
		<rel id="sPointingRel4249" xlink:href="scriptorium.life.phib.01.mark.xml#sSpan1661" target="scriptorium.life.phib.01.mark.xml#sSpan1659"/>
		<rel id="sPointingRel4251" xlink:href="scriptorium.life.phib.01.mark.xml#sSpan6656" target="scriptorium.life.phib.01.mark.xml#sSpan6659"/>
		<rel id="sPointingRel4253" xlink:href="scriptorium.life.phib.01.mark.xml#sSpan3089" target="scriptorium.life.phib.01.mark.xml#sSpan3090"/>
		<rel id="sPointingRel4255" xlink:href="scriptorium.life.phib.01.mark.xml#sSpan6864" target="scriptorium.life.phib.01.mark.xml#sSpan6865"/>
		<rel id="sPointingRel4257" xlink:href="scriptorium.life.phib.01.mark.xml#sSpan5008" target="scriptorium.life.phib.01.mark.xml#sSpan5009"/>
		<rel id="sPointingRel4259" xlink:href="scriptorium.life.phib.01.mark.xml#sSpan1337" target="scriptorium.life.phib.01.mark.xml#sSpan1335"/>
		<rel id="sPointingRel4261" xlink:href="scriptorium.life.phib.01.mark.xml#sSpan6895" target="scriptorium.life.phib.01.mark.xml#sSpan6896"/>
		<rel id="sPointingRel4263" xlink:href="scriptorium.life.phib.01.mark.xml#sSpan1415" target="scriptorium.life.phib.01.mark.xml#sSpan1417"/>
		<rel id="sPointingRel4265" xlink:href="scriptorium.life.phib.01.mark.xml#sSpan4355" target="scriptorium.life.phib.01.mark.xml#sSpan4356"/>
		<rel id="sPointingRel4267" xlink:href="scriptorium.life.phib.01.mark.xml#sSpan2706" target="scriptorium.life.phib.01.mark.xml#sSpan2707"/>
		<rel id="sPointingRel4269" xlink:href="scriptorium.life.phib.01.mark.xml#sSpan832" target="scriptorium.life.phib.01.mark.xml#sSpan841"/>
		<rel id="sPointingRel4271" xlink:href="scriptorium.life.phib.01.mark.xml#sSpan2285" target="scriptorium.life.phib.01.mark.xml#sSpan2286"/>
		<rel id="sPointingRel4273" xlink:href="scriptorium.life.phib.01.mark.xml#sSpan1346" target="scriptorium.life.phib.01.mark.xml#sSpan1347"/>
		<rel id="sPointingRel4275" xlink:href="scriptorium.life.phib.01.mark.xml#sSpan2738" target="scriptorium.life.phib.01.mark.xml#sSpan2739"/>
		<rel id="sPointingRel4277" xlink:href="scriptorium.life.phib.01.mark.xml#sSpan851" target="scriptorium.life.phib.01.mark.xml#sSpan849"/>
		<rel id="sPointingRel4279" xlink:href="scriptorium.life.phib.01.mark.xml#sSpan5529" target="scriptorium.life.phib.01.mark.xml#sSpan5530"/>
		<rel id="sPointingRel4281" xlink:href="scriptorium.life.phib.01.mark.xml#sSpan4755" target="scriptorium.life.phib.01.mark.xml#sSpan4756"/>
		<rel id="sPointingRel4283" xlink:href="scriptorium.life.phib.01.mark.xml#sSpan1379" target="scriptorium.life.phib.01.mark.xml#sSpan1380"/>
		<rel id="sPointingRel4285" xlink:href="scriptorium.life.phib.01.mark.xml#sSpan4201" target="scriptorium.life.phib.01.mark.xml#sSpan4211"/>
		<rel id="sPointingRel4287" xlink:href="scriptorium.life.phib.01.mark.xml#sSpan1760" target="scriptorium.life.phib.01.mark.xml#sSpan1761"/>
		<rel id="sPointingRel4289" xlink:href="scriptorium.life.phib.01.mark.xml#sSpan3316" target="scriptorium.life.phib.01.mark.xml#sSpan3317"/>
		<rel id="sPointingRel4291" xlink:href="scriptorium.life.phib.01.mark.xml#sSpan1648" target="scriptorium.life.phib.01.mark.xml#sSpan1649"/>
		<rel id="sPointingRel4293" xlink:href="scriptorium.life.phib.01.mark.xml#sSpan2016" target="scriptorium.life.phib.01.mark.xml#sSpan2020"/>
		<rel id="sPointingRel4295" xlink:href="scriptorium.life.phib.01.mark.xml#sSpan5149" target="scriptorium.life.phib.01.mark.xml#sSpan5152"/>
		<rel id="sPointingRel4297" xlink:href="scriptorium.life.phib.01.mark.xml#sSpan167" target="scriptorium.life.phib.01.mark.xml#sSpan165"/>
		<rel id="sPointingRel4299" xlink:href="scriptorium.life.phib.01.mark.xml#sSpan3744" target="scriptorium.life.phib.01.mark.xml#sSpan3742"/>
		<rel id="sPointingRel4301" xlink:href="scriptorium.life.phib.01.mark.xml#sSpan1787" target="scriptorium.life.phib.01.mark.xml#sSpan1788"/>
		<rel id="sPointingRel4303" xlink:href="scriptorium.life.phib.01.mark.xml#sSpan1561" target="scriptorium.life.phib.01.mark.xml#sSpan1564"/>
		<rel id="sPointingRel4305" xlink:href="scriptorium.life.phib.01.mark.xml#sSpan5773" target="scriptorium.life.phib.01.mark.xml#sSpan5774"/>
		<rel id="sPointingRel4307" xlink:href="scriptorium.life.phib.01.mark.xml#sSpan5590" target="scriptorium.life.phib.01.mark.xml#sSpan5591"/>
		<rel id="sPointingRel4309" xlink:href="scriptorium.life.phib.01.mark.xml#sSpan3420" target="scriptorium.life.phib.01.mark.xml#sSpan3421"/>
		<rel id="sPointingRel4311" xlink:href="scriptorium.life.phib.01.mark.xml#sSpan5076" target="scriptorium.life.phib.01.mark.xml#sSpan5074"/>
		<rel id="sPointingRel4313" xlink:href="scriptorium.life.phib.01.mark.xml#sSpan3482" target="scriptorium.life.phib.01.mark.xml#sSpan3483"/>
		<rel id="sPointingRel4315" xlink:href="scriptorium.life.phib.01.mark.xml#sSpan2268" target="scriptorium.life.phib.01.mark.xml#sSpan2269"/>
		<rel id="sPointingRel4317" xlink:href="scriptorium.life.phib.01.mark.xml#sSpan4158" target="scriptorium.life.phib.01.mark.xml#sSpan4159"/>
		<rel id="sPointingRel4319" xlink:href="scriptorium.life.phib.01.mark.xml#sSpan6062" target="scriptorium.life.phib.01.mark.xml#sSpan6060"/>
		<rel id="sPointingRel4321" xlink:href="scriptorium.life.phib.01.mark.xml#sSpan377" target="scriptorium.life.phib.01.mark.xml#sSpan385"/>
		<rel id="sPointingRel4323" xlink:href="scriptorium.life.phib.01.mark.xml#sSpan4123" target="scriptorium.life.phib.01.mark.xml#sSpan4125"/>
		<rel id="sPointingRel4325" xlink:href="scriptorium.life.phib.01.mark.xml#sSpan6351" target="scriptorium.life.phib.01.mark.xml#sSpan6352"/>
		<rel id="sPointingRel4327" xlink:href="scriptorium.life.phib.01.mark.xml#sSpan2294" target="scriptorium.life.phib.01.mark.xml#sSpan2295"/>
		<rel id="sPointingRel4329" xlink:href="scriptorium.life.phib.01.mark.xml#sSpan6403" target="scriptorium.life.phib.01.mark.xml#sSpan6404"/>
		<rel id="sPointingRel4331" xlink:href="scriptorium.life.phib.01.mark.xml#sSpan2892" target="scriptorium.life.phib.01.mark.xml#sSpan2894"/>
		<rel id="sPointingRel4333" xlink:href="scriptorium.life.phib.01.mark.xml#sSpan1012" target="scriptorium.life.phib.01.mark.xml#sSpan1013"/>
		<rel id="sPointingRel4335" xlink:href="scriptorium.life.phib.01.mark.xml#sSpan1886" target="scriptorium.life.phib.01.mark.xml#sSpan1901"/>
		<rel id="sPointingRel4337" xlink:href="scriptorium.life.phib.01.mark.xml#sSpan178" target="scriptorium.life.phib.01.mark.xml#sSpan179"/>
		<rel id="sPointingRel4339" xlink:href="scriptorium.life.phib.01.mark.xml#sSpan3231" target="scriptorium.life.phib.01.mark.xml#sSpan3233"/>
		<rel id="sPointingRel4341" xlink:href="scriptorium.life.phib.01.mark.xml#sSpan4657" target="scriptorium.life.phib.01.mark.xml#sSpan4655"/>
		<rel id="sPointingRel4343" xlink:href="scriptorium.life.phib.01.mark.xml#sSpan1232" target="scriptorium.life.phib.01.mark.xml#sSpan1230"/>
		<rel id="sPointingRel4345" xlink:href="scriptorium.life.phib.01.mark.xml#sSpan2529" target="scriptorium.life.phib.01.mark.xml#sSpan2530"/>
		<rel id="sPointingRel4347" xlink:href="scriptorium.life.phib.01.mark.xml#sSpan6122" target="scriptorium.life.phib.01.mark.xml#sSpan6123"/>
		<rel id="sPointingRel4349" xlink:href="scriptorium.life.phib.01.mark.xml#sSpan1832" target="scriptorium.life.phib.01.mark.xml#sSpan1833"/>
		<rel id="sPointingRel4351" xlink:href="scriptorium.life.phib.01.mark.xml#sSpan3801" target="scriptorium.life.phib.01.mark.xml#sSpan3802"/>
		<rel id="sPointingRel4353" xlink:href="scriptorium.life.phib.01.mark.xml#sSpan1114" target="scriptorium.life.phib.01.mark.xml#sSpan1115"/>
		<rel id="sPointingRel4355" xlink:href="scriptorium.life.phib.01.mark.xml#sSpan1841" target="scriptorium.life.phib.01.mark.xml#sSpan1842"/>
		<rel id="sPointingRel4357" xlink:href="scriptorium.life.phib.01.mark.xml#sSpan1101" target="scriptorium.life.phib.01.mark.xml#sSpan1099"/>
		<rel id="sPointingRel4359" xlink:href="scriptorium.life.phib.01.mark.xml#sSpan5058" target="scriptorium.life.phib.01.mark.xml#sSpan5060"/>
		<rel id="sPointingRel4361" xlink:href="scriptorium.life.phib.01.mark.xml#sSpan2125" target="scriptorium.life.phib.01.mark.xml#sSpan2126"/>
		<rel id="sPointingRel4363" xlink:href="scriptorium.life.phib.01.mark.xml#sSpan3297" target="scriptorium.life.phib.01.mark.xml#sSpan3298"/>
		<rel id="sPointingRel4365" xlink:href="scriptorium.life.phib.01.mark.xml#sSpan4406" target="scriptorium.life.phib.01.mark.xml#sSpan4407"/>
		<rel id="sPointingRel4367" xlink:href="scriptorium.life.phib.01.mark.xml#sSpan6218" target="scriptorium.life.phib.01.mark.xml#sSpan6216"/>
		<rel id="sPointingRel4369" xlink:href="scriptorium.life.phib.01.mark.xml#sSpan189" target="scriptorium.life.phib.01.mark.xml#sSpan191"/>
		<rel id="sPointingRel4371" xlink:href="scriptorium.life.phib.01.mark.xml#sSpan2107" target="scriptorium.life.phib.01.mark.xml#sSpan2112"/>
		<rel id="sPointingRel4373" xlink:href="scriptorium.life.phib.01.mark.xml#sSpan4141" target="scriptorium.life.phib.01.mark.xml#sSpan4142"/>
		<rel id="sPointingRel4375" xlink:href="scriptorium.life.phib.01.mark.xml#sSpan513" target="scriptorium.life.phib.01.mark.xml#sSpan514"/>
		<rel id="sPointingRel4377" xlink:href="scriptorium.life.phib.01.mark.xml#sSpan1678" target="scriptorium.life.phib.01.mark.xml#sSpan1680"/>
		<rel id="sPointingRel4379" xlink:href="scriptorium.life.phib.01.mark.xml#sSpan1397" target="scriptorium.life.phib.01.mark.xml#sSpan1395"/>
		<rel id="sPointingRel4381" xlink:href="scriptorium.life.phib.01.mark.xml#sSpan4804" target="scriptorium.life.phib.01.mark.xml#sSpan4806"/>
		<rel id="sPointingRel4383" xlink:href="scriptorium.life.phib.01.mark.xml#sSpan6047" target="scriptorium.life.phib.01.mark.xml#sSpan6048"/>
		<rel id="sPointingRel4385" xlink:href="scriptorium.life.phib.01.mark.xml#sSpan1141" target="scriptorium.life.phib.01.mark.xml#sSpan1142"/>
		<rel id="sPointingRel4387" xlink:href="scriptorium.life.phib.01.mark.xml#sSpan5823" target="scriptorium.life.phib.01.mark.xml#sSpan5821"/>
		<rel id="sPointingRel4389" xlink:href="scriptorium.life.phib.01.mark.xml#sSpan3588" target="scriptorium.life.phib.01.mark.xml#sSpan3590"/>
		<rel id="sPointingRel4391" xlink:href="scriptorium.life.phib.01.mark.xml#sSpan2402" target="scriptorium.life.phib.01.mark.xml#sSpan2403"/>
		<rel id="sPointingRel4393" xlink:href="scriptorium.life.phib.01.mark.xml#sSpan4346" target="scriptorium.life.phib.01.mark.xml#sSpan4347"/>
		<rel id="sPointingRel4395" xlink:href="scriptorium.life.phib.01.mark.xml#sSpan2634" target="scriptorium.life.phib.01.mark.xml#sSpan2636"/>
		<rel id="sPointingRel4397" xlink:href="scriptorium.life.phib.01.mark.xml#sSpan94" target="scriptorium.life.phib.01.mark.xml#sSpan96"/>
		<rel id="sPointingRel4399" xlink:href="scriptorium.life.phib.01.mark.xml#sSpan5786" target="scriptorium.life.phib.01.mark.xml#sSpan5796"/>
		<rel id="sPointingRel4401" xlink:href="scriptorium.life.phib.01.mark.xml#sSpan758" target="scriptorium.life.phib.01.mark.xml#sSpan759"/>
		<rel id="sPointingRel4403" xlink:href="scriptorium.life.phib.01.mark.xml#sSpan5701" target="scriptorium.life.phib.01.mark.xml#sSpan5699"/>
		<rel id="sPointingRel4405" xlink:href="scriptorium.life.phib.01.mark.xml#sSpan729" target="scriptorium.life.phib.01.mark.xml#sSpan730"/>
		<rel id="sPointingRel4407" xlink:href="scriptorium.life.phib.01.mark.xml#sSpan955" target="scriptorium.life.phib.01.mark.xml#sSpan956"/>
		<rel id="sPointingRel4409" xlink:href="scriptorium.life.phib.01.mark.xml#sSpan5754" target="scriptorium.life.phib.01.mark.xml#sSpan5755"/>
		<rel id="sPointingRel4411" xlink:href="scriptorium.life.phib.01.mark.xml#sSpan1152" target="scriptorium.life.phib.01.mark.xml#sSpan1153"/>
		<rel id="sPointingRel4413" xlink:href="scriptorium.life.phib.01.mark.xml#sSpan6081" target="scriptorium.life.phib.01.mark.xml#sSpan6082"/>
		<rel id="sPointingRel4415" xlink:href="scriptorium.life.phib.01.mark.xml#sSpan1425" target="scriptorium.life.phib.01.mark.xml#sSpan1426"/>
		<rel id="sPointingRel4417" xlink:href="scriptorium.life.phib.01.mark.xml#sSpan3038" target="scriptorium.life.phib.01.mark.xml#sSpan3039"/>
		<rel id="sPointingRel4419" xlink:href="scriptorium.life.phib.01.mark.xml#sSpan2382" target="scriptorium.life.phib.01.mark.xml#sSpan2383"/>
		<rel id="sPointingRel4421" xlink:href="scriptorium.life.phib.01.mark.xml#sSpan565" target="scriptorium.life.phib.01.mark.xml#sSpan563"/>
		<rel id="sPointingRel4423" xlink:href="scriptorium.life.phib.01.mark.xml#sSpan3714" target="scriptorium.life.phib.01.mark.xml#sSpan3716"/>
		<rel id="sPointingRel4425" xlink:href="scriptorium.life.phib.01.mark.xml#sSpan1543" target="scriptorium.life.phib.01.mark.xml#sSpan1544"/>
		<rel id="sPointingRel4427" xlink:href="scriptorium.life.phib.01.mark.xml#sSpan5566" target="scriptorium.life.phib.01.mark.xml#sSpan5567"/>
		<rel id="sPointingRel4429" xlink:href="scriptorium.life.phib.01.mark.xml#sSpan4241" target="scriptorium.life.phib.01.mark.xml#sSpan4242"/>
		<rel id="sPointingRel4431" xlink:href="scriptorium.life.phib.01.mark.xml#sSpan3098" target="scriptorium.life.phib.01.mark.xml#sSpan3099"/>
		<rel id="sPointingRel4433" xlink:href="scriptorium.life.phib.01.mark.xml#sSpan1749" target="scriptorium.life.phib.01.mark.xml#sSpan1752"/>
		<rel id="sPointingRel4435" xlink:href="scriptorium.life.phib.01.mark.xml#sSpan4584" target="scriptorium.life.phib.01.mark.xml#sSpan4585"/>
		<rel id="sPointingRel4437" xlink:href="scriptorium.life.phib.01.mark.xml#sSpan1125" target="scriptorium.life.phib.01.mark.xml#sSpan1126"/>
		<rel id="sPointingRel4439" xlink:href="scriptorium.life.phib.01.mark.xml#sSpan1736" target="scriptorium.life.phib.01.mark.xml#sSpan1734"/>
		<rel id="sPointingRel4441" xlink:href="scriptorium.life.phib.01.mark.xml#sSpan3966" target="scriptorium.life.phib.01.mark.xml#sSpan3968"/>
		<rel id="sPointingRel4443" xlink:href="scriptorium.life.phib.01.mark.xml#sSpan5499" target="scriptorium.life.phib.01.mark.xml#sSpan5501"/>
		<rel id="sPointingRel4445" xlink:href="scriptorium.life.phib.01.mark.xml#sSpan1260" target="scriptorium.life.phib.01.mark.xml#sSpan1261"/>
		<rel id="sPointingRel4447" xlink:href="scriptorium.life.phib.01.mark.xml#sSpan1134" target="scriptorium.life.phib.01.mark.xml#sSpan1132"/>
		<rel id="sPointingRel4449" xlink:href="scriptorium.life.phib.01.mark.xml#sSpan2808" target="scriptorium.life.phib.01.mark.xml#sSpan2806"/>
		<rel id="sPointingRel4451" xlink:href="scriptorium.life.phib.01.mark.xml#sSpan1468" target="scriptorium.life.phib.01.mark.xml#sSpan1484"/>
		<rel id="sPointingRel4453" xlink:href="scriptorium.life.phib.01.mark.xml#sSpan1966" target="scriptorium.life.phib.01.mark.xml#sSpan1974"/>
		<rel id="sPointingRel4455" xlink:href="scriptorium.life.phib.01.mark.xml#sSpan1355" target="scriptorium.life.phib.01.mark.xml#sSpan1353"/>
		<rel id="sPointingRel4457" xlink:href="scriptorium.life.phib.01.mark.xml#sSpan2361" target="scriptorium.life.phib.01.mark.xml#sSpan2362"/>
		<rel id="sPointingRel4459" xlink:href="scriptorium.life.phib.01.mark.xml#sSpan5813" target="scriptorium.life.phib.01.mark.xml#sSpan5814"/>
		<rel id="sPointingRel4461" xlink:href="scriptorium.life.phib.01.mark.xml#sSpan4961" target="scriptorium.life.phib.01.mark.xml#sSpan4963"/>
		<rel id="sPointingRel4463" xlink:href="scriptorium.life.phib.01.mark.xml#sSpan5330" target="scriptorium.life.phib.01.mark.xml#sSpan5331"/>
		<rel id="sPointingRel4465" xlink:href="scriptorium.life.phib.01.mark.xml#sSpan6667" target="scriptorium.life.phib.01.mark.xml#sSpan6668"/>
		<rel id="sPointingRel4467" xlink:href="scriptorium.life.phib.01.mark.xml#sSpan798" target="scriptorium.life.phib.01.mark.xml#sSpan799"/>
		<rel id="sPointingRel4469" xlink:href="scriptorium.life.phib.01.mark.xml#sSpan5309" target="scriptorium.life.phib.01.mark.xml#sSpan5307"/>
		<rel id="sPointingRel4471" xlink:href="scriptorium.life.phib.01.mark.xml#sSpan3853" target="scriptorium.life.phib.01.mark.xml#sSpan3851"/>
		<rel id="sPointingRel4473" xlink:href="scriptorium.life.phib.01.mark.xml#sSpan2136" target="scriptorium.life.phib.01.mark.xml#sSpan2137"/>
		<rel id="sPointingRel4475" xlink:href="scriptorium.life.phib.01.mark.xml#sSpan2576" target="scriptorium.life.phib.01.mark.xml#sSpan2577"/>
		<rel id="sPointingRel4477" xlink:href="scriptorium.life.phib.01.mark.xml#sSpan2088" target="scriptorium.life.phib.01.mark.xml#sSpan2086"/>
		<rel id="sPointingRel4479" xlink:href="scriptorium.life.phib.01.mark.xml#sSpan2779" target="scriptorium.life.phib.01.mark.xml#sSpan2781"/>
		<rel id="sPointingRel4481" xlink:href="scriptorium.life.phib.01.mark.xml#sSpan215" target="scriptorium.life.phib.01.mark.xml#sSpan216"/>
		<rel id="sPointingRel4483" xlink:href="scriptorium.life.phib.01.mark.xml#sSpan4246" target="scriptorium.life.phib.01.mark.xml#sSpan4249"/>
		<rel id="sPointingRel4485" xlink:href="scriptorium.life.phib.01.mark.xml#sSpan5686" target="scriptorium.life.phib.01.mark.xml#sSpan5687"/>
		<rel id="sPointingRel4487" xlink:href="scriptorium.life.phib.01.mark.xml#sSpan6169" target="scriptorium.life.phib.01.mark.xml#sSpan6170"/>
		<rel id="sPointingRel4489" xlink:href="scriptorium.life.phib.01.mark.xml#sSpan2902" target="scriptorium.life.phib.01.mark.xml#sSpan2904"/>
		<rel id="sPointingRel4491" xlink:href="scriptorium.life.phib.01.mark.xml#sSpan2819" target="scriptorium.life.phib.01.mark.xml#sSpan2824"/>
		<rel id="sPointingRel4493" xlink:href="scriptorium.life.phib.01.mark.xml#sSpan3445" target="scriptorium.life.phib.01.mark.xml#sSpan3447"/>
		<rel id="sPointingRel4495" xlink:href="scriptorium.life.phib.01.mark.xml#sSpan5211" target="scriptorium.life.phib.01.mark.xml#sSpan5213"/>
		<rel id="sPointingRel4497" xlink:href="scriptorium.life.phib.01.mark.xml#sSpan700" target="scriptorium.life.phib.01.mark.xml#sSpan701"/>
		<rel id="sPointingRel4499" xlink:href="scriptorium.life.phib.01.mark.xml#sSpan2454" target="scriptorium.life.phib.01.mark.xml#sSpan2455"/>
		<rel id="sPointingRel4501" xlink:href="scriptorium.life.phib.01.mark.xml#sSpan1319" target="scriptorium.life.phib.01.mark.xml#sSpan1320"/>
		<rel id="sPointingRel4503" xlink:href="scriptorium.life.phib.01.mark.xml#sSpan2929" target="scriptorium.life.phib.01.mark.xml#sSpan2931"/>
		<rel id="sPointingRel4505" xlink:href="scriptorium.life.phib.01.mark.xml#sSpan4541" target="scriptorium.life.phib.01.mark.xml#sSpan4542"/>
		<rel id="sPointingRel4507" xlink:href="scriptorium.life.phib.01.mark.xml#sSpan4443" target="scriptorium.life.phib.01.mark.xml#sSpan4441"/>
		<rel id="sPointingRel4509" xlink:href="scriptorium.life.phib.01.mark.xml#sSpan5001" target="scriptorium.life.phib.01.mark.xml#sSpan5002"/>
		<rel id="sPointingRel4511" xlink:href="scriptorium.life.phib.01.mark.xml#sSpan4603" target="scriptorium.life.phib.01.mark.xml#sSpan4604"/>
		<rel id="sPointingRel4513" xlink:href="scriptorium.life.phib.01.mark.xml#sSpan1251" target="scriptorium.life.phib.01.mark.xml#sSpan1252"/>
		<rel id="sPointingRel4515" xlink:href="scriptorium.life.phib.01.mark.xml#sSpan2430" target="scriptorium.life.phib.01.mark.xml#sSpan2431"/>
		<rel id="sPointingRel4517" xlink:href="scriptorium.life.phib.01.mark.xml#sSpan3366" target="scriptorium.life.phib.01.mark.xml#sSpan3364"/>
		<rel id="sPointingRel4519" xlink:href="scriptorium.life.phib.01.mark.xml#sSpan5895" target="scriptorium.life.phib.01.mark.xml#sSpan5897"/>
		<rel id="sPointingRel4521" xlink:href="scriptorium.life.phib.01.mark.xml#sSpan6029" target="scriptorium.life.phib.01.mark.xml#sSpan6034"/>
		<rel id="sPointingRel4523" xlink:href="scriptorium.life.phib.01.mark.xml#sSpan6139" target="scriptorium.life.phib.01.mark.xml#sSpan6140"/>
		<rel id="sPointingRel4525" xlink:href="scriptorium.life.phib.01.mark.xml#sSpan3150" target="scriptorium.life.phib.01.mark.xml#sSpan3153"/>
		<rel id="sPointingRel4527" xlink:href="scriptorium.life.phib.01.mark.xml#sSpan5997" target="scriptorium.life.phib.01.mark.xml#sSpan5998"/>
		<rel id="sPointingRel4529" xlink:href="scriptorium.life.phib.01.mark.xml#sSpan2303" target="scriptorium.life.phib.01.mark.xml#sSpan2301"/>
		<rel id="sPointingRel4531" xlink:href="scriptorium.life.phib.01.mark.xml#sSpan6430" target="scriptorium.life.phib.01.mark.xml#sSpan6431"/>
		<rel id="sPointingRel4533" xlink:href="scriptorium.life.phib.01.mark.xml#sSpan6912" target="scriptorium.life.phib.01.mark.xml#sSpan6913"/>
		<rel id="sPointingRel4535" xlink:href="scriptorium.life.phib.01.mark.xml#sSpan1055" target="scriptorium.life.phib.01.mark.xml#sSpan1057"/>
		<rel id="sPointingRel4537" xlink:href="scriptorium.life.phib.01.mark.xml#sSpan543" target="scriptorium.life.phib.01.mark.xml#sSpan544"/>
		<rel id="sPointingRel4539" xlink:href="scriptorium.life.phib.01.mark.xml#sSpan4644" target="scriptorium.life.phib.01.mark.xml#sSpan4642"/>
		<rel id="sPointingRel4541" xlink:href="scriptorium.life.phib.01.mark.xml#sSpan6020" target="scriptorium.life.phib.01.mark.xml#sSpan6018"/>
		<rel id="sPointingRel4543" xlink:href="scriptorium.life.phib.01.mark.xml#sSpan6457" target="scriptorium.life.phib.01.mark.xml#sSpan6455"/>
		<rel id="sPointingRel4545" xlink:href="scriptorium.life.phib.01.mark.xml#sSpan3077" target="scriptorium.life.phib.01.mark.xml#sSpan3079"/>
		<rel id="sPointingRel4547" xlink:href="scriptorium.life.phib.01.mark.xml#sSpan3897" target="scriptorium.life.phib.01.mark.xml#sSpan3895"/>
		<rel id="sPointingRel4549" xlink:href="scriptorium.life.phib.01.mark.xml#sSpan5492" target="scriptorium.life.phib.01.mark.xml#sSpan5490"/>
		<rel id="sPointingRel4551" xlink:href="scriptorium.life.phib.01.mark.xml#sSpan6788" target="scriptorium.life.phib.01.mark.xml#sSpan6795"/>
		<rel id="sPointingRel4553" xlink:href="scriptorium.life.phib.01.mark.xml#sSpan499" target="scriptorium.life.phib.01.mark.xml#sSpan500"/>
		<rel id="sPointingRel4555" xlink:href="scriptorium.life.phib.01.mark.xml#sSpan6102" target="scriptorium.life.phib.01.mark.xml#sSpan6108"/>
		<rel id="sPointingRel4557" xlink:href="scriptorium.life.phib.01.mark.xml#sSpan5" target="scriptorium.life.phib.01.mark.xml#sSpan11"/>
		<rel id="sPointingRel4559" xlink:href="scriptorium.life.phib.01.mark.xml#sSpan1288" target="scriptorium.life.phib.01.mark.xml#sSpan1290"/>
		<rel id="sPointingRel4561" xlink:href="scriptorium.life.phib.01.mark.xml#sSpan2326" target="scriptorium.life.phib.01.mark.xml#sSpan2327"/>
		<rel id="sPointingRel4563" xlink:href="scriptorium.life.phib.01.mark.xml#sSpan2753" target="scriptorium.life.phib.01.mark.xml#sSpan2751"/>
		<rel id="sPointingRel4565" xlink:href="scriptorium.life.phib.01.mark.xml#sSpan3057" target="scriptorium.life.phib.01.mark.xml#sSpan3058"/>
		<rel id="sPointingRel4567" xlink:href="scriptorium.life.phib.01.mark.xml#sSpan2496" target="scriptorium.life.phib.01.mark.xml#sSpan2492"/>
		<rel id="sPointingRel4569" xlink:href="scriptorium.life.phib.01.mark.xml#sSpan4381" target="scriptorium.life.phib.01.mark.xml#sSpan4382"/>
		<rel id="sPointingRel4571" xlink:href="scriptorium.life.phib.01.mark.xml#sSpan895" target="scriptorium.life.phib.01.mark.xml#sSpan896"/>
		<rel id="sPointingRel4573" xlink:href="scriptorium.life.phib.01.mark.xml#sSpan6741" target="scriptorium.life.phib.01.mark.xml#sSpan6742"/>
		<rel id="sPointingRel4575" xlink:href="scriptorium.life.phib.01.mark.xml#sSpan5960" target="scriptorium.life.phib.01.mark.xml#sSpan5961"/>
		<rel id="sPointingRel4577" xlink:href="scriptorium.life.phib.01.mark.xml#sSpan2939" target="scriptorium.life.phib.01.mark.xml#sSpan2937"/>
		<rel id="sPointingRel4579" xlink:href="scriptorium.life.phib.01.mark.xml#sSpan3169" target="scriptorium.life.phib.01.mark.xml#sSpan3170"/></relList></paula>