<?xml version='1.0' encoding='UTF-8'?><!DOCTYPE paula SYSTEM "paula_feat.dtd">
<paula version="1.1">
	<header paula_id="scriptorium.life.phib.01.mark_translation"/>
	<featList xmlns:xlink="http://www.w3.org/1999/xlink" type="translation" xml:base="scriptorium.life.phib.01.mark.xml">
		<feat xlink:href="#sSpan6" value="..."/>
		<feat xlink:href="#sSpan121" value="..."/>
		<feat xlink:href="#sSpan210" value="..."/>
		<feat xlink:href="#sSpan244" value="..."/>
		<feat xlink:href="#sSpan382" value="..."/>
		<feat xlink:href="#sSpan491" value="..."/>
		<feat xlink:href="#sSpan574" value="..."/>
		<feat xlink:href="#sSpan632" value="..."/>
		<feat xlink:href="#sSpan672" value="..."/>
		<feat xlink:href="#sSpan785" value="..."/>
		<feat xlink:href="#sSpan906" value="..."/>
		<feat xlink:href="#sSpan1024" value="..."/>
		<feat xlink:href="#sSpan1085" value="..."/>
		<feat xlink:href="#sSpan1189" value="..."/>
		<feat xlink:href="#sSpan1271" value="..."/>
		<feat xlink:href="#sSpan1524" value="..."/>
		<feat xlink:href="#sSpan1670" value="..."/>
		<feat xlink:href="#sSpan1771" value="..."/>
		<feat xlink:href="#sSpan1869" value="..."/>
		<feat xlink:href="#sSpan1934" value="..."/>
		<feat xlink:href="#sSpan2017" value="..."/>
		<feat xlink:href="#sSpan2110" value="..."/>
		<feat xlink:href="#sSpan2203" value="..."/>
		<feat xlink:href="#sSpan2372" value="..."/>
		<feat xlink:href="#sSpan2497" value="..."/>
		<feat xlink:href="#sSpan2606" value="..."/>
		<feat xlink:href="#sSpan2698" value="..."/>
		<feat xlink:href="#sSpan2749" value="..."/>
		<feat xlink:href="#sSpan2822" value="..."/>
		<feat xlink:href="#sSpan2853" value="..."/>
		<feat xlink:href="#sSpan2994" value="..."/>
		<feat xlink:href="#sSpan3133" value="..."/>
		<feat xlink:href="#sSpan3216" value="..."/>
		<feat xlink:href="#sSpan3565" value="..."/>
		<feat xlink:href="#sSpan3689" value="..."/>
		<feat xlink:href="#sSpan3774" value="..."/>
		<feat xlink:href="#sSpan3827" value="..."/>
		<feat xlink:href="#sSpan3900" value="..."/>
		<feat xlink:href="#sSpan3946" value="..."/>
		<feat xlink:href="#sSpan3991" value="..."/>
		<feat xlink:href="#sSpan4105" value="..."/>
		<feat xlink:href="#sSpan4259" value="..."/>
		<feat xlink:href="#sSpan4304" value="..."/>
		<feat xlink:href="#sSpan4437" value="..."/>
		<feat xlink:href="#sSpan4552" value="..."/>
		<feat xlink:href="#sSpan4595" value="..."/>
		<feat xlink:href="#sSpan4653" value="..."/>
		<feat xlink:href="#sSpan4842" value="..."/>
		<feat xlink:href="#sSpan4902" value="..."/>
		<feat xlink:href="#sSpan4974" value="..."/>
		<feat xlink:href="#sSpan5035" value="..."/>
		<feat xlink:href="#sSpan5110" value="..."/>
		<feat xlink:href="#sSpan5150" value="..."/>
		<feat xlink:href="#sSpan5271" value="..."/>
		<feat xlink:href="#sSpan5345" value="..."/>
		<feat xlink:href="#sSpan5454" value="..."/>
		<feat xlink:href="#sSpan5488" value="..."/>
		<feat xlink:href="#sSpan5554" value="..."/>
		<feat xlink:href="#sSpan5721" value="..."/>
		<feat xlink:href="#sSpan5916" value="..."/>
		<feat xlink:href="#sSpan6032" value="..."/>
		<feat xlink:href="#sSpan6077" value="..."/>
		<feat xlink:href="#sSpan6103" value="..."/>
		<feat xlink:href="#sSpan6192" value="..."/>
		<feat xlink:href="#sSpan6285" value="..."/>
		<feat xlink:href="#sSpan6372" value="..."/>
		<feat xlink:href="#sSpan6426" value="..."/>
		<feat xlink:href="#sSpan6519" value="..."/>
		<feat xlink:href="#sSpan6626" value="..."/>
		<feat xlink:href="#sSpan6728" value="..."/>
		<feat xlink:href="#sSpan6818" value="..."/>
		<feat xlink:href="#sSpan6982" value="..."/></featList></paula>