<?xml version='1.0' encoding='UTF-8'?><!DOCTYPE paula SYSTEM "paula_feat.dtd">
<paula version="1.1">
	<header paula_id="scriptorium.life.phib.01.mark_text"/>
	<featList xmlns:xlink="http://www.w3.org/1999/xlink" type="text" xml:base="scriptorium.life.phib.01.mark.xml">
		<feat xlink:href="#sSpan5" value="ⲡ ⲃⲓⲟⲥ ⲙ ⲡⲉⲛ ⲡⲉⲧⲟⲩⲁⲁⲃ ⲛ ⲉⲓⲱⲧ ⲁⲡⲁ ⲫⲓϥ ⲡ ⲁⲛⲁⲭⲱⲣⲏⲧⲏⲥ ⲉⲧ ⲟⲩⲁⲁⲃ"/>
		<feat xlink:href="#sSpan19" value="ⲡⲉⲛ ⲡⲉⲧⲟⲩⲁⲁⲃ ⲛ ⲉⲓⲱⲧ ⲁⲡⲁ ⲫⲓϥ ⲡ ⲁⲛⲁⲭⲱⲣⲏⲧⲏⲥ ⲉⲧ ⲟⲩⲁⲁⲃ"/>
		<feat xlink:href="#sSpan79" value="ⲡⲁⲡⲟϩⲉ ⲡ ⲙⲁⲑⲏⲧⲏⲥ ⲛ ⲁⲡⲁ ⲁⲡⲟⲗⲗⲱ ⲡ ⲧⲉⲗⲉⲓⲟⲥ ⲉⲧ ⲥⲙⲁⲙⲁⲁⲧ"/>
		<feat xlink:href="#sSpan94" value="ⲁⲡⲁ ⲁⲡⲟⲗⲗⲱ ⲡ ⲧⲉⲗⲉⲓⲟⲥ ⲉⲧ ⲥⲙⲁⲙⲁⲁⲧ"/>
		<feat xlink:href="#sSpan146" value="ⲡ ⲙⲁⲕⲁⲣⲓⲟⲥ ⲁⲡⲁ ⲫⲓϥ"/>
		<feat xlink:href="#sSpan167" value="ⲥⲟⲩϫⲟⲩⲧⲏ ⲙ ⲡ ⲉⲃⲟⲧ ⲡⲁⲟⲡⲉ"/>
		<feat xlink:href="#sSpan178" value="ⲉⲃⲟⲧ ⲡⲁⲟⲡⲉ"/>
		<feat xlink:href="#sSpan189" value="ⲟⲩ ⲉⲓⲣⲏⲛⲏ ⲛⲧⲉ ⲡ ⲛⲟⲩⲧⲉ"/>
		<feat xlink:href="#sSpan199" value="ⲡ ⲛⲟⲩⲧⲉ"/>
		<feat xlink:href="#sSpan215" value="ⲛⲉϥ ⲥⲙⲟⲩ"/>
		<feat xlink:href="#sSpan250" value="ⲟⲩ ⲙⲉ"/>
		<feat xlink:href="#sSpan263" value="ⲡ ϣⲁϫⲉ ⲙ ⲡ ϩⲩⲙⲛⲟⲇⲟⲥ ⲉⲧ ⲟⲩⲁⲁⲃ ⲇⲁⲩⲉⲓⲇ"/>
		<feat xlink:href="#sSpan272" value="ⲡ ϩⲩⲙⲛⲟⲇⲟⲥ ⲉⲧ ⲟⲩⲁⲁⲃ ⲇⲁⲩⲉⲓⲇ"/>
		<feat xlink:href="#sSpan324" value="ⲡ ⲇⲓⲕⲁⲓⲟⲥ"/>
		<feat xlink:href="#sSpan345" value="ⲣⲡⲙⲉⲉⲩⲉ"/>
		<feat xlink:href="#sSpan354" value="ⲉⲛⲉϩ"/>
		<feat xlink:href="#sSpan377" value="ⲡ ⲇⲓⲕⲁⲓⲟⲥ"/>
		<feat xlink:href="#sSpan407" value="ⲟⲩ ⲃⲛⲛⲉ"/>
		<feat xlink:href="#sSpan436" value="ⲧ ⲕⲉⲇⲣⲟⲥ ⲉⲧ ϩⲙ ⲡ ⲗⲓⲃⲁⲛⲟⲥ"/>
		<feat xlink:href="#sSpan448" value="ⲡ ⲗⲓⲃⲁⲛⲟⲥ"/>
		<feat xlink:href="#sSpan462" value="ⲡⲁⲓ"/>
		<feat xlink:href="#sSpan477" value="ⲡⲉⲓ ⲡⲉⲧⲟⲩⲁⲁⲃ"/>
		<feat xlink:href="#sSpan499" value="ⲟⲩ ⲥⲟⲛ"/>
		<feat xlink:href="#sSpan513" value="ⲡⲉϥ ⲣⲁⲛ"/>
		<feat xlink:href="#sSpan525" value="ⲁⲡⲁ ⲫⲓϥ"/>
		<feat xlink:href="#sSpan543" value="ⲡ ⲥⲓⲛⲉⲙⲟⲩⲛ"/>
		<feat xlink:href="#sSpan556" value="ⲡ ⲧⲟϣ ⲛ ϣⲙⲟⲩⲛ"/>
		<feat xlink:href="#sSpan565" value="ϣⲙⲟⲩⲛ"/>
		<feat xlink:href="#sSpan587" value="ⲡⲁ ⲉⲓⲱⲧ ⲉⲧ ⲟⲩⲁⲁⲃ ⲁⲡⲁ ⲁⲡⲟⲗⲗⲱ"/>
		<feat xlink:href="#sSpan657" value="ϯⲉ ⲛ ⲣⲟⲙⲡⲉ"/>
		<feat xlink:href="#sSpan700" value="ⲡⲉ ⲥⲛⲁⲩ"/>
		<feat xlink:href="#sSpan729" value="ⲡ ⲧⲟⲟⲩ ⲛ ϯ ⲧ ⲕⲟⲟϩ"/>
		<feat xlink:href="#sSpan740" value="ⲧ ⲕⲟⲟϩ"/>
		<feat xlink:href="#sSpan758" value="ⲡⲉ ϩⲟⲟⲩ ⲛⲧ ⲁ ϥ ⲙⲧⲟⲛ ⲙⲙⲟ ϥ"/>
		<feat xlink:href="#sSpan798" value="ⲡⲉ ⲥⲛⲁⲩ"/>
		<feat xlink:href="#sSpan832" value="ϩⲉⲛ ⲛⲟϭ ⲙ ⲡⲟⲗⲓⲧⲉⲓⲁ"/>
		<feat xlink:href="#sSpan851" value="ⲣⲱⲙⲉ"/>
		<feat xlink:href="#sSpan895" value="ⲧⲉⲩ ⲁϣⲏ"/>
		<feat xlink:href="#sSpan920" value="ⲛⲁ ⲥⲛⲏⲩ ⲛⲁ ⲙⲉⲣⲁⲧⲉ ϩⲙ ⲡ ϫⲟⲉⲓⲥ ⲛⲧ ⲁ ⲧⲁⲙⲱ ⲧⲛ ⲉ ⲛ ϭⲟⲙ ⲙⲛ ⲛⲉ ⲥⲃⲟⲟⲩⲉ ⲛ ⲱⲛϩ ⲙ ⲡⲉⲛ ⲙⲁⲕⲁⲣⲓⲟⲥ ⲛ ⲉⲓⲱⲧ ⲁⲡⲁ ⲁⲡⲟⲗⲗⲱ ⲡ ⲣⲱⲙⲉ ⲙ ⲡ ⲛⲟⲩⲧⲉ"/>
		<feat xlink:href="#sSpan935" value="ⲡ ϫⲟⲉⲓⲥ"/>
		<feat xlink:href="#sSpan955" value="ⲛ ϭⲟⲙ"/>
		<feat xlink:href="#sSpan964" value="ⲛⲉ ⲥⲃⲟⲟⲩⲉ ⲛ ⲱⲛϩ ⲙ ⲡⲉⲛ ⲙⲁⲕⲁⲣⲓⲟⲥ ⲛ ⲉⲓⲱⲧ ⲁⲡⲁ ⲁⲡⲟⲗⲗⲱ ⲡ ⲣⲱⲙⲉ ⲙ ⲡ ⲛⲟⲩⲧⲉ"/>
		<feat xlink:href="#sSpan973" value="ⲱⲛϩ"/>
		<feat xlink:href="#sSpan980" value="ⲡⲉⲛ ⲙⲁⲕⲁⲣⲓⲟⲥ ⲛ ⲉⲓⲱⲧ ⲁⲡⲁ ⲁⲡⲟⲗⲗⲱ ⲡ ⲣⲱⲙⲉ ⲙ ⲡ ⲛⲟⲩⲧⲉ"/>
		<feat xlink:href="#sSpan1012" value="ⲡ ⲛⲟⲩⲧⲉ"/>
		<feat xlink:href="#sSpan1023" value="ⲡ ⲉⲛⲧ ⲁ ϥ ⲧⲁⲗⲟ ⲉϩⲣⲁⲓ ⲙ ⲡⲉϥ ⲥⲱⲙⲁ ⲛ ⲟⲩ ⲑⲩⲥⲓⲁ"/>
		<feat xlink:href="#sSpan1045" value="ⲡⲉϥ ⲥⲱⲙⲁ ⲛ ⲟⲩ ⲑⲩⲥⲓⲁ"/>
		<feat xlink:href="#sSpan1055" value="ⲟⲩ ⲑⲩⲥⲓⲁ"/>
		<feat xlink:href="#sSpan1073" value="ⲡ ⲛⲟⲩⲧⲉ"/>
		<feat xlink:href="#sSpan1084" value="ⲡ ⲉⲛⲧ ⲁ ϥ ϣⲱⲡⲉ ⲙ ⲙⲁ ⲛ ⲟⲩⲱϩ ⲙ ⲡ ⲉⲓⲱⲧ"/>
		<feat xlink:href="#sSpan1101" value="ⲙⲁ ⲛ ⲟⲩⲱϩ ⲙ ⲡ ⲉⲓⲱⲧ"/>
		<feat xlink:href="#sSpan1114" value="ⲡ ⲉⲓⲱⲧ"/>
		<feat xlink:href="#sSpan1125" value="ⲙ ⲙⲁ ⲛ ⲙⲧⲟⲛ ⲙ ⲡ ϣⲡⲣⲉ"/>
		<feat xlink:href="#sSpan1134" value="ⲙⲧⲟⲛ ⲙ ⲡ ϣⲡⲣⲉ"/>
		<feat xlink:href="#sSpan1141" value="ⲡ ϣⲡⲣⲉ"/>
		<feat xlink:href="#sSpan1152" value="ⲙ ⲙⲁ ⲛ ⲥⲱⲟⲩϩ"/>
		<feat xlink:href="#sSpan1171" value="ⲡⲉ ⲡⲛⲉⲩⲙⲁ ⲉⲧ ⲟⲩⲁⲁⲃ"/>
		<feat xlink:href="#sSpan1204" value="ⲡ ⲟⲓⲕⲟⲛⲟⲙⲟⲥ"/>
		<feat xlink:href="#sSpan1214" value="ⲡⲉⲓ ⲉⲗⲁⲭⲓⲥⲧⲟⲥ ⲛⲉ ⲓ ⲟ ⲛ ϣⲏⲣⲉ ⲕⲟⲩⲓ ⲉ ⲓ ⲥⲟⲃⲕ ϩⲙ ⲡ ⲏⲓ ⲛ ⲛⲁ ⲉⲓⲟⲟⲧⲉ"/>
		<feat xlink:href="#sSpan1232" value="ϣⲏⲣⲉ ⲕⲟⲩⲓ"/>
		<feat xlink:href="#sSpan1251" value="ⲡ ⲏⲓ ⲛ ⲛⲁ ⲉⲓⲟⲟⲧⲉ"/>
		<feat xlink:href="#sSpan1260" value="ⲛⲁ ⲉⲓⲟⲟⲧⲉ"/>
		<feat xlink:href="#sSpan1275" value="ⲡ ⲛⲟⲩⲧⲉ"/>
		<feat xlink:href="#sSpan1288" value="ⲡⲉϥ ⲁⲅⲅⲉⲗⲟⲥ"/>
		<feat xlink:href="#sSpan1310" value="ⲡ ⲏⲓ ⲙ ⲡⲁ ⲉⲓⲱⲧ"/>
		<feat xlink:href="#sSpan1319" value="ⲡⲁ ⲉⲓⲱⲧ"/>
		<feat xlink:href="#sSpan1332" value="ⲙⲟⲉⲓⲧ"/>
		<feat xlink:href="#sSpan1337" value="ϩⲏⲧ"/>
		<feat xlink:href="#sSpan1346" value="ⲛⲉ ϩⲓⲟⲟⲩⲉ ⲛ ⲧ ⲇⲓⲕⲁⲓⲟⲥⲩⲛⲏ"/>
		<feat xlink:href="#sSpan1355" value="ⲧ ⲇⲓⲕⲁⲓⲟⲥⲩⲛⲏ"/>
		<feat xlink:href="#sSpan1379" value="ⲡ ϣⲱⲥ ⲉⲧ ⲛⲁⲛⲟⲩ ϥ ⲛ ⲣⲉϥⲧⲟⲩϫⲉⲯⲩⲭⲏ"/>
		<feat xlink:href="#sSpan1397" value="ⲣⲉϥⲧⲟⲩϫⲉⲯⲩⲭⲏ"/>
		<feat xlink:href="#sSpan1415" value="ⲡ ⲗⲩⲙⲏⲛ ⲙ ⲡ ⲟⲩϫⲁⲓ ⲉⲧⲉ ⲙⲛ ⲥⲟⲟⲛⲉ ⲛϩⲏⲧ ϥ"/>
		<feat xlink:href="#sSpan1425" value="ⲡ ⲟⲩϫⲁⲓ ⲉⲧⲉ ⲙⲛ ⲥⲟⲟⲛⲉ ⲛϩⲏⲧ ϥ"/>
		<feat xlink:href="#sSpan1436" value="ⲥⲟⲟⲛⲉ"/>
		<feat xlink:href="#sSpan1449" value="ⲡⲉⲛ ⲙⲉⲣⲓⲧ ⲛ ⲉⲓⲱⲧ"/>
		<feat xlink:href="#sSpan1468" value="ⲡⲉⲛ ⲙⲁⲕⲁⲣⲓⲟⲥ ⲛ ⲉⲓⲱⲧ ⲁⲡⲁ ⲁⲡⲟⲗⲗⲱ ⲡ ⲓⲥⲣⲁⲏⲗⲓⲧⲏⲥ ⲛⲁⲙⲉ ⲉⲧⲉ ⲙⲛ ⲕⲣⲟϥ ⲛϩⲏⲧ ϥ"/>
		<feat xlink:href="#sSpan1509" value="ⲕⲣⲟϥ"/>
		<feat xlink:href="#sSpan1543" value="ⲡⲉⲓ ⲧⲟⲟⲩ"/>
		<feat xlink:href="#sSpan1552" value="ⲧ ϩⲏ"/>
		<feat xlink:href="#sSpan1561" value="ⲡ ϫⲟⲉⲓⲥ"/>
		<feat xlink:href="#sSpan1581" value="ⲡⲉϥ ⲉⲟⲟⲩ ⲉϩⲣⲁⲓ"/>
		<feat xlink:href="#sSpan1613" value="ⲡ ⲣⲟ"/>
		<feat xlink:href="#sSpan1648" value="ⲡⲉϥ ϩⲟ"/>
		<feat xlink:href="#sSpan1661" value="ⲥⲱⲃⲉ"/>
		<feat xlink:href="#sSpan1678" value="ⲟⲩ ⲣⲙⲣⲁϣ"/>
		<feat xlink:href="#sSpan1694" value="ⲡⲁ ⲉⲓⲱⲧ"/>
		<feat xlink:href="#sSpan1709" value="ⲣⲱⲙⲉ ⲛⲓⲙ ⲛⲁⲅⲁⲑⲱⲥ ⲉ ⲛⲁⲛⲟⲩ ϥ ⲉⲙⲁⲧⲉ ϩⲛ ⲥⲙⲟⲧ ⲛⲓⲙ ⲛ ⲛⲁϩⲣⲛ ⲡ ⲛⲟⲩⲧⲉ ⲙⲛ ⲛ ⲣⲱⲙⲉ"/>
		<feat xlink:href="#sSpan1736" value="ⲥⲙⲟⲧ ⲛⲓⲙ"/>
		<feat xlink:href="#sSpan1749" value="ⲡ ⲛⲟⲩⲧⲉ"/>
		<feat xlink:href="#sSpan1760" value="ⲛ ⲣⲱⲙⲉ"/>
		<feat xlink:href="#sSpan1787" value="ⲟⲩ ⲟⲩⲣⲟⲧ"/>
		<feat xlink:href="#sSpan1805" value="ⲙⲟⲛⲁⲭⲟⲥ"/>
		<feat xlink:href="#sSpan1832" value="ⲧ ϩⲁⲓⲃⲉⲥ ⲛ ⲛⲉϥ ϣⲗⲏⲗ ⲉⲧ ⲟⲩⲁⲁⲃ ⲙⲛ ⲧⲉϥ ⲙⲛⲧⲉⲓⲱⲧ"/>
		<feat xlink:href="#sSpan1841" value="ⲛⲉϥ ϣⲗⲏⲗ"/>
		<feat xlink:href="#sSpan1856" value="ⲧⲉϥ ⲙⲛⲧⲉⲓⲱⲧ"/>
		<feat xlink:href="#sSpan1886" value="ⲡⲉⲛ ⲙⲉⲣⲓⲧ ⲛ ⲥⲟⲛ ⲁⲡⲁ ⲫⲓϥ ⲡ ⲉⲩⲥⲉⲃⲏⲥ"/>
		<feat xlink:href="#sSpan1947" value="ⲡⲉ ⲥⲛⲁⲩ"/>
		<feat xlink:href="#sSpan1966" value="ϩⲉⲛ ⲛⲟϭ ⲛ ⲁⲥⲕⲏⲥⲓⲥ"/>
		<feat xlink:href="#sSpan1982" value="ϩⲉⲛ ⲛⲟϭ ⲙ ⲡⲟⲗⲓⲧⲉⲓⲁ ⲉ ⲙⲛ ⲏⲡⲉ ⲉⲣⲟ ⲟⲩ"/>
		<feat xlink:href="#sSpan2000" value="ⲏⲡⲉ"/>
		<feat xlink:href="#sSpan2016" value="ⲁⲡⲁ ⲫⲓϥ"/>
		<feat xlink:href="#sSpan2035" value="ⲟⲩ ⲣⲱⲙⲉ ⲡⲉ ⲉ ϥ ⲙⲉ ⲙ ⲡⲉ ⲥϭⲣⲁϩⲧ ⲉ ϥ ⲟⲩⲱϣ ⲉ ϭⲱ ϩⲓ ⲡ ϫⲁⲓⲉ ⲛ ⲛⲁⲩ ⲛⲓⲙ"/>
		<feat xlink:href="#sSpan2056" value="ⲡⲉ ⲥϭⲣⲁϩⲧ ⲉ ϥ ⲟⲩⲱϣ ⲉ ϭⲱ ϩⲓ ⲡ ϫⲁⲓⲉ ⲛ ⲛⲁⲩ ⲛⲓⲙ"/>
		<feat xlink:href="#sSpan2079" value="ⲡ ϫⲁⲓⲉ"/>
		<feat xlink:href="#sSpan2088" value="ⲛⲁⲩ ⲛⲓⲙ"/>
		<feat xlink:href="#sSpan2107" value="ⲡⲁ ⲉⲓⲱⲧ"/>
		<feat xlink:href="#sSpan2125" value="ⲟⲩ ⲣⲱⲙⲉ"/>
		<feat xlink:href="#sSpan2136" value="ⲛ ⲉⲓⲣⲏⲛⲏⲕⲟⲥ ⲉ ϥ ⲙⲉ ⲛ ⲧ ϩⲉⲓⲕⲱⲛ ⲧⲏⲣ ⲥ ⲙ ⲡ ⲛⲟⲩⲧⲉ ⲛ ⲧ ϩⲉ ⲛ ⲟⲩ ⲣⲱⲙⲉ ⲛ ⲟⲩⲱⲧ"/>
		<feat xlink:href="#sSpan2153" value="ⲧ ϩⲉⲓⲕⲱⲛ ⲧⲏⲣ ⲥ ⲙ ⲡ ⲛⲟⲩⲧⲉ ⲛ ⲧ ϩⲉ ⲛ ⲟⲩ ⲣⲱⲙⲉ ⲛ ⲟⲩⲱⲧ"/>
		<feat xlink:href="#sSpan2168" value="ⲡ ⲛⲟⲩⲧⲉ ⲛ ⲧ ϩⲉ ⲛ ⲟⲩ ⲣⲱⲙⲉ ⲛ ⲟⲩⲱⲧ"/>
		<feat xlink:href="#sSpan2185" value="ⲟⲩ ⲣⲱⲙⲉ ⲛ ⲟⲩⲱⲧ"/>
		<feat xlink:href="#sSpan2200" value="ⲛⲉ ⲥⲛⲏⲩ"/>
		<feat xlink:href="#sSpan2240" value="ⲛⲁ ⲁϥ ⲛ ⲉⲃⲓⲱ"/>
		<feat xlink:href="#sSpan2249" value="ⲉⲃⲓⲱ"/>
		<feat xlink:href="#sSpan2268" value="ⲧⲉⲩ ⲙⲁⲁⲩ"/>
		<feat xlink:href="#sSpan2285" value="ⲛ ϣⲁϫⲉ ⲙ ⲡ ⲱⲛϩ"/>
		<feat xlink:href="#sSpan2294" value="ⲡ ⲱⲛϩ"/>
		<feat xlink:href="#sSpan2303" value="ⲉⲛⲧⲟⲗⲏ ⲉⲧ ⲟⲩⲁⲁⲃ ⲉ ⲩ ⲣϣⲡⲏⲣⲉ ⲛ ⲛ ϭⲟⲙ ⲙ ⲡ ⲛⲟⲩⲧⲉ ⲉⲧ ϣⲟⲟⲡ ⲉⲃⲟⲗ ϩⲓⲧⲟⲟⲧ ϥ ⲙ ⲡⲉⲛ ⲉⲓⲱⲧ"/>
		<feat xlink:href="#sSpan2326" value="ⲛ ϭⲟⲙ ⲙ ⲡ ⲛⲟⲩⲧⲉ ⲉⲧ ϣⲟⲟⲡ ⲉⲃⲟⲗ ϩⲓⲧⲟⲟⲧ ϥ ⲙ ⲡⲉⲛ ⲉⲓⲱⲧ"/>
		<feat xlink:href="#sSpan2335" value="ⲡ ⲛⲟⲩⲧⲉ"/>
		<feat xlink:href="#sSpan2361" value="ⲡⲉⲛ ⲉⲓⲱⲧ"/>
		<feat xlink:href="#sSpan2382" value="ⲟⲩ ⲣⲟⲙⲡⲉ"/>
		<feat xlink:href="#sSpan2402" value="ⲡⲉⲓ ⲧⲟⲟⲩ"/>
		<feat xlink:href="#sSpan2430" value="ⲡ ⲙⲁ ⲉⲧ ⲙⲙⲁⲩ"/>
		<feat xlink:href="#sSpan2454" value="ⲛ ⲙⲟⲟϣⲉ"/>
		<feat xlink:href="#sSpan2484" value="ⲛⲉ ⲑⲏⲣⲓⲟⲛ"/>
		<feat xlink:href="#sSpan2496" value="ⲙⲁ ϭⲉ ⲛⲓⲙ ⲉⲧⲉ ϣⲁ ⲛ ϭⲱ ⲛϩⲏⲧ ϥ ⲛⲧⲉ ⲛⲉ ⲥⲛⲏⲩ ⲥⲱⲧⲙ ⲉⲧⲃⲉ ⲡⲁ ⲉⲓⲱⲧ"/>
		<feat xlink:href="#sSpan2529" value="ⲛⲉ ⲥⲛⲏⲩ"/>
		<feat xlink:href="#sSpan2542" value="ⲡⲁ ⲉⲓⲱⲧ"/>
		<feat xlink:href="#sSpan2576" value="ⲛ ⲕⲱⲧ ⲛ ⲧ ⲙⲛⲧⲛⲟⲩⲧⲉ"/>
		<feat xlink:href="#sSpan2634" value="ⲛⲉⲩ ⲯⲩⲭⲏ"/>
		<feat xlink:href="#sSpan2662" value="ⲛⲉϥ ϣⲁϫⲉ ⲉⲧ ϩⲟⲗϭ"/>
		<feat xlink:href="#sSpan2687" value="ⲡ ⲛⲟⲩⲧⲉ"/>
		<feat xlink:href="#sSpan2706" value="ⲟⲩ ⲣⲟⲙⲡⲉ"/>
		<feat xlink:href="#sSpan2738" value="ⲡⲁ ⲉⲓⲱⲧ"/>
		<feat xlink:href="#sSpan2753" value="ⲛⲁⲓ"/>
		<feat xlink:href="#sSpan2765" value="ⲟⲩ ⲣⲱⲙⲉ"/>
		<feat xlink:href="#sSpan2779" value="ⲁⲡⲁ ⲫⲓϥ"/>
		<feat xlink:href="#sSpan2799" value="ⲡⲉ ⲥϭⲣⲁϩⲧ"/>
		<feat xlink:href="#sSpan2808" value="ⲛⲁⲩ ⲛⲓⲙ"/>
		<feat xlink:href="#sSpan2819" value="ⲡⲁ ⲉⲓⲱⲧ"/>
		<feat xlink:href="#sSpan2837" value="ⲟⲩ ⲁⲥⲕⲏⲧⲏⲥ"/>
		<feat xlink:href="#sSpan2883" value="ⲡ ϩⲱⲃ ⲛ ⲧⲉ ⲭⲣⲉⲓⲁ ⲙ ⲡⲉⲓ ⲕⲟⲥⲙⲟⲥ"/>
		<feat xlink:href="#sSpan2892" value="ⲧⲉ ⲭⲣⲉⲓⲁ ⲙ ⲡⲉⲓ ⲕⲟⲥⲙⲟⲥ"/>
		<feat xlink:href="#sSpan2902" value="ⲡⲉⲓ ⲕⲟⲥⲙⲟⲥ"/>
		<feat xlink:href="#sSpan2920" value="ⲡ ⲣⲟⲟⲩϣ ⲛ ⲧ ⲟⲓⲕⲟⲛⲟⲙⲓⲁ ⲛ ⲛ ⲉⲧ ⲟⲩⲁⲁⲃ"/>
		<feat xlink:href="#sSpan2929" value="ⲧ ⲟⲓⲕⲟⲛⲟⲙⲓⲁ ⲛ ⲛ ⲉⲧ ⲟⲩⲁⲁⲃ"/>
		<feat xlink:href="#sSpan2939" value="ⲛ ⲉⲧ ⲟⲩⲁⲁⲃ"/>
		<feat xlink:href="#sSpan2955" value="ⲡⲁⲓ"/>
		<feat xlink:href="#sSpan2980" value="ⲡ ⲟⲓⲕⲟⲛⲟⲙⲟⲥ"/>
		<feat xlink:href="#sSpan3013" value="ⲟⲩ ϩⲟⲟⲩ"/>
		<feat xlink:href="#sSpan3038" value="ⲡ ϣⲟⲙⲛⲧ ⲉ ⲛ ϯⲉⲟⲟⲩ ⲙ ⲡ ⲛⲟⲩⲧⲉ"/>
		<feat xlink:href="#sSpan3057" value="ⲡ ⲛⲟⲩⲧⲉ"/>
		<feat xlink:href="#sSpan3077" value="ⲁⲡⲁ ⲫⲓϥ"/>
		<feat xlink:href="#sSpan3089" value="ⲡⲁ ⲉⲓⲱⲧ"/>
		<feat xlink:href="#sSpan3098" value="ⲟⲩ ϩⲟ ⲉ ϥ ⲣⲟⲟⲩⲧ"/>
		<feat xlink:href="#sSpan3150" value="ⲡⲁ ϣⲏⲣⲉ"/>
		<feat xlink:href="#sSpan3169" value="ⲡⲉ ⲥϭⲣⲁϩⲧ"/>
		<feat xlink:href="#sSpan3190" value="ⲡ ⲉⲟⲟⲩ ⲉⲧ ϣⲟⲩⲉⲓⲧ ⲛ ⲛ ⲣⲱⲙⲉ"/>
		<feat xlink:href="#sSpan3205" value="ⲛ ⲣⲱⲙⲉ"/>
		<feat xlink:href="#sSpan3231" value="ⲡ ⲉⲩⲁⲅⲅⲉⲗⲓⲟⲛ"/>
		<feat xlink:href="#sSpan3251" value="ⲟⲩ ⲡⲟⲗⲓⲥ"/>
		<feat xlink:href="#sSpan3279" value="ⲟⲩ ⲧⲟⲟⲩ"/>
		<feat xlink:href="#sSpan3297" value="ⲟⲩ ϩⲏⲃⲥ"/>
		<feat xlink:href="#sSpan3316" value="ⲟⲩ ϣⲓ"/>
		<feat xlink:href="#sSpan3346" value="ⲧ ⲗⲩⲭⲛⲓⲁ"/>
		<feat xlink:href="#sSpan3366" value="ⲛ ⲉⲧ ϣⲟⲟⲡ ⲧⲏⲣ ⲟⲩ"/>
		<feat xlink:href="#sSpan3383" value="ⲡ ⲏⲓ"/>
		<feat xlink:href="#sSpan3402" value="ⲡ ϩⲏⲃⲥ ⲉⲧ ϩⲏⲡ"/>
		<feat xlink:href="#sSpan3420" value="ⲡⲁ ϣⲏⲣⲉ ⲡⲁⲓ ⲉⲧ ⲟⲩ ⲛⲁ ⲧⲁⲗⲟ ϥ ⲉϫⲛ ⲧ ⲗⲩⲭⲛⲓⲁ"/>
		<feat xlink:href="#sSpan3445" value="ⲧ ⲗⲩⲭⲛⲓⲁ"/>
		<feat xlink:href="#sSpan3465" value="ⲛ ⲉⲧ ϣⲟⲟⲡ ⲧⲏⲣ ⲟⲩ"/>
		<feat xlink:href="#sSpan3482" value="ⲡ ⲏⲓ ⲛⲧⲉ ⲟⲩ ⲥϯⲛⲟⲩϥⲉ"/>
		<feat xlink:href="#sSpan3491" value="ⲟⲩ ⲥϯⲛⲟⲩϥⲉ"/>
		<feat xlink:href="#sSpan3508" value="ⲡ ⲕⲟⲥⲙⲟⲥ ⲧⲏⲣ ϥ"/>
		<feat xlink:href="#sSpan3524" value="ⲟⲩ ⲇⲱⲣⲉⲁ ⲛ ⲕⲁⲛⲟⲃⲉ"/>
		<feat xlink:href="#sSpan3546" value="ⲡⲉⲕ ϩⲟⲟⲩ ⲧⲉ ⲣⲟⲙⲡⲉ"/>
		<feat xlink:href="#sSpan3588" value="ⲁⲡⲁ ⲫⲓϥ"/>
		<feat xlink:href="#sSpan3609" value="ⲡⲁ ⲉⲓⲱⲧ"/>
		<feat xlink:href="#sSpan3641" value="ⲡⲁ ⲉⲓⲱⲧ ⲉ ϥ ϫⲱ ⲙⲙⲟ ⲥ"/>
		<feat xlink:href="#sSpan3676" value="ⲡⲁ ϣⲏⲣⲉ"/>
		<feat xlink:href="#sSpan3714" value="ⲡⲉ ⲡⲛⲉⲩⲙⲁ ⲉⲧ ⲟⲩⲁⲁⲃ"/>
		<feat xlink:href="#sSpan3739" value="ⲛ ⲉⲧ ⲛⲁϣⲱ"/>
		<feat xlink:href="#sSpan3744" value="ⲛⲁϣⲱ"/>
		<feat xlink:href="#sSpan3755" value="ⲧ ϩⲏ"/>
		<feat xlink:href="#sSpan3780" value="ϭⲉ ϩⲁⲣⲉϩ ⲉ ⲡⲉⲓ ⲙⲩⲥⲧⲏⲣⲓⲟⲛ ϣⲁ ⲡⲉ ⲟⲩⲟⲉⲓϣ ⲉ ⲧⲉϥ ⲛⲁ ⲟⲩⲱⲛϩ ⲉⲃⲟⲗ"/>
		<feat xlink:href="#sSpan3791" value="ⲡⲉⲓ ⲙⲩⲥⲧⲏⲣⲓⲟⲛ ϣⲁ ⲡⲉ ⲟⲩⲟⲉⲓϣ"/>
		<feat xlink:href="#sSpan3801" value="ⲡⲉ ⲟⲩⲟⲉⲓϣ"/>
		<feat xlink:href="#sSpan3842" value="ⲡ ⲇⲉⲩⲧⲉⲣⲟⲛⲟⲙⲓⲟⲛ ⲙ ⲙⲱⲩⲥⲏⲥ"/>
		<feat xlink:href="#sSpan3853" value="ⲙⲱⲩⲥⲏⲥ"/>
		<feat xlink:href="#sSpan3860" value="ⲛ ⲉⲧ ϩⲏⲡ"/>
		<feat xlink:href="#sSpan3881" value="ⲡ ϫⲟⲉⲓⲥ"/>
		<feat xlink:href="#sSpan3886" value="ⲡⲉⲧⲛ ⲛⲟⲩⲧⲉ"/>
		<feat xlink:href="#sSpan3897" value="ⲛ ⲉⲧ ⲟⲩⲟⲛϩ"/>
		<feat xlink:href="#sSpan3935" value="ⲛⲉⲧⲛ ϣⲏⲣⲉ"/>
		<feat xlink:href="#sSpan3966" value="ⲁⲡⲁ ⲫⲓϥ"/>
		<feat xlink:href="#sSpan4017" value="ⲟⲩ ϣⲁϫⲉ"/>
		<feat xlink:href="#sSpan4067" value="ⲟⲩ ⲙⲛⲧⲛⲟϭ"/>
		<feat xlink:href="#sSpan4083" value="ⲟⲩ ⲙⲛⲧⲙⲁⲓⲉⲟⲟⲩ"/>
		<feat xlink:href="#sSpan4123" value="ⲡⲉ ⲡⲛⲉⲩⲙⲁ ⲉⲧ ⲟⲩⲁⲁⲃ ⲉⲧ ϩⲛ ⲛ ⲡⲣⲱⲙⲉ ⲉⲧ ϩⲁ ⲉⲟⲟⲩ ⲛⲧⲉ ⲡ ⲛⲟⲩⲧⲉ"/>
		<feat xlink:href="#sSpan4141" value="ⲛ ⲡⲣⲱⲙⲉ ⲉⲧ ϩⲁ ⲉⲟⲟⲩ ⲛⲧⲉ ⲡ ⲛⲟⲩⲧⲉ"/>
		<feat xlink:href="#sSpan4158" value="ⲡ ⲛⲟⲩⲧⲉ"/>
		<feat xlink:href="#sSpan4163" value="ⲡⲁⲓ"/>
		<feat xlink:href="#sSpan4201" value="ⲡ ⲙⲁⲕⲁⲣⲓⲟⲥ ⲁⲡⲁ ⲁⲡⲟⲗⲗⲱ"/>
		<feat xlink:href="#sSpan4241" value="ⲡ ϣⲁϫⲉ"/>
		<feat xlink:href="#sSpan4246" value="ⲡⲁ ϣⲏⲣⲉ"/>
		<feat xlink:href="#sSpan4272" value="ⲁⲡⲁ ⲫⲓϥ"/>
		<feat xlink:href="#sSpan4322" value="ⲟⲩ ϩⲟⲟⲩ"/>
		<feat xlink:href="#sSpan4339" value="ⲕⲟⲩⲓ"/>
		<feat xlink:href="#sSpan4346" value="ⲡ ⲏⲓ ⲛ ⲛⲁ ⲉⲓⲟⲟⲧⲉ"/>
		<feat xlink:href="#sSpan4355" value="ⲛⲁ ⲉⲓⲟⲟⲧⲉ"/>
		<feat xlink:href="#sSpan4372" value="ⲛⲉⲩ ⲉⲥⲟⲟⲩ"/>
		<feat xlink:href="#sSpan4381" value="ⲧ ⲥⲱϣⲉ"/>
		<feat xlink:href="#sSpan4390" value="ⲩ ϩⲗⲗⲟ ⲛ ϩⲁⲅⲓⲟⲥ ⲛⲧⲉ ⲡ ⲛⲟⲩⲧⲉ"/>
		<feat xlink:href="#sSpan4406" value="ⲡ ⲛⲟⲩⲧⲉ"/>
		<feat xlink:href="#sSpan4426" value="ⲧ ⲥⲱϣⲉ"/>
		<feat xlink:href="#sSpan4443" value="ⲣⲟⲩϩⲉ"/>
		<feat xlink:href="#sSpan4485" value="ⲡ ⲙⲁ ⲉⲧⲉⲣⲉ ⲛ ⲉⲥⲟⲟⲩ ⲛϩⲏⲧ ϥ"/>
		<feat xlink:href="#sSpan4494" value="ⲛ ⲉⲥⲟⲟⲩ"/>
		<feat xlink:href="#sSpan4541" value="ⲟⲩ ⲟⲉⲓⲕ"/>
		<feat xlink:href="#sSpan4584" value="ⲡ ⲟⲉⲓⲕ"/>
		<feat xlink:href="#sSpan4603" value="ⲟⲩ ⲕⲟⲩⲓ ⲙ ⲡ ⲉⲧ ⲛⲁⲛⲟⲩ ϥ"/>
		<feat xlink:href="#sSpan4644" value="ϩⲧⲟⲟⲩⲉ"/>
		<feat xlink:href="#sSpan4657" value="ϩⲧⲟⲟⲩⲉ"/>
		<feat xlink:href="#sSpan4755" value="ⲡⲉⲓ ϣⲁϫⲉ ⲛ ⲟⲩⲱⲧ ⲡⲁⲓ ⲛⲧ ⲁ ⲕ ϫⲟⲟ ϥ ⲉⲣⲟ ⲓ"/>
		<feat xlink:href="#sSpan4804" value="ⲟⲩ ϩⲟⲟⲩ"/>
		<feat xlink:href="#sSpan4815" value="ⲕⲁⲛⲟⲃⲉ ⲉⲃⲟⲗ"/>
		<feat xlink:href="#sSpan4831" value="ⲡⲉⲕ ⲣⲁⲛ"/>
		<feat xlink:href="#sSpan4862" value="ⲡⲉⲓ ⲙⲁ"/>
		<feat xlink:href="#sSpan4901" value="ⲟⲩ ϩⲟⲟⲩ"/>
		<feat xlink:href="#sSpan4924" value="ⲟⲩ ϩⲟⲟⲩ"/>
		<feat xlink:href="#sSpan4937" value="ⲡ ⲙⲡϣⲁ"/>
		<feat xlink:href="#sSpan4946" value="ⲡ ϫⲟⲉⲓⲥ"/>
		<feat xlink:href="#sSpan4961" value="ⲧⲉⲕ ⲙⲛⲧⲉⲓⲱⲧ"/>
		<feat xlink:href="#sSpan4992" value="ⲁⲛⲁ ϥ"/>
		<feat xlink:href="#sSpan5001" value="ⲡ ϫⲟⲉⲓⲥ"/>
		<feat xlink:href="#sSpan5008" value="ⲡⲉϥ ⲟⲩⲱϣ ⲉⲧ ⲛⲁⲛⲟⲩ ϥ"/>
		<feat xlink:href="#sSpan5049" value="ⲡ ϣⲟⲉⲓϫ ⲙ ⲡⲉ ⲭⲣⲓⲥⲧⲟⲥ ⲡ ⲣⲉϥϫⲣⲟ ⲛⲥⲁ ⲟⲩⲛⲁⲙ ⲁⲩⲱ ⲛⲥⲁ ϩⲃⲟⲩⲣ ⲁⲡⲁ ⲁⲡⲟⲗⲗⲱ"/>
		<feat xlink:href="#sSpan5058" value="ⲡⲉ ⲭⲣⲓⲥⲧⲟⲥ"/>
		<feat xlink:href="#sSpan5076" value="ⲟⲩⲛⲁⲙ"/>
		<feat xlink:href="#sSpan5087" value="ϩⲃⲟⲩⲣ"/>
		<feat xlink:href="#sSpan5132" value="ⲡⲉⲓ ϣⲁϫⲉ"/>
		<feat xlink:href="#sSpan5149" value="ⲡ ϫⲟⲉⲓⲥ ⲅⲁⲣ ⲡ ⲉⲛⲧ ⲁ ϥ ϫⲟⲟ ϥ ⲉⲣⲟ ⲓ"/>
		<feat xlink:href="#sSpan5163" value="ⲡ ⲉⲛⲧ ⲁ ϥ ϫⲟⲟ ϥ ⲉⲣⲟ ⲓ"/>
		<feat xlink:href="#sSpan5211" value="ⲟⲩ ⲙⲛⲧϫⲁⲥⲓϩⲏⲧ"/>
		<feat xlink:href="#sSpan5242" value="ⲡ ⲉⲧ ⲛⲁ ϣⲱⲡⲉ ⲙⲙⲟ ⲛ ϩⲓ ⲟⲩ ⲥⲟⲡ"/>
		<feat xlink:href="#sSpan5287" value="ⲡ ⲁⲥⲏⲣ"/>
		<feat xlink:href="#sSpan5296" value="ⲡⲉⲓ ϣⲁϫⲉ ⲛ ⲧⲁ ⲡⲁⲩⲗⲟⲥ"/>
		<feat xlink:href="#sSpan5309" value="ⲡⲁⲩⲗⲟⲥ"/>
		<feat xlink:href="#sSpan5330" value="ⲛ ⲕⲟⲣⲓⲛⲑⲓⲟⲥ"/>
		<feat xlink:href="#sSpan5351" value="ⲁⲡⲟⲗⲗⲱ"/>
		<feat xlink:href="#sSpan5361" value="ⲡ ⲥⲟⲛ"/>
		<feat xlink:href="#sSpan5415" value="ⲡ ⲧⲱϣ"/>
		<feat xlink:href="#sSpan5476" value="ⲡⲉ ⲟⲩⲟⲉⲓϣ"/>
		<feat xlink:href="#sSpan5492" value="ⲡⲁⲓ"/>
		<feat xlink:href="#sSpan5499" value="ⲡⲉ ⲡⲛⲉⲩⲙⲁ ⲉⲧ ⲟⲩⲁⲁⲃ"/>
		<feat xlink:href="#sSpan5529" value="ⲡⲁ ⲉⲓⲱⲧ"/>
		<feat xlink:href="#sSpan5566" value="ⲡⲁ ⲉⲓⲱⲧ"/>
		<feat xlink:href="#sSpan5590" value="ⲡⲉ ⲟⲩⲟⲉⲓϣ"/>
		<feat xlink:href="#sSpan5603" value="ⲛⲁ ϣⲏⲣⲉ"/>
		<feat xlink:href="#sSpan5627" value="ϩⲱⲃ"/>
		<feat xlink:href="#sSpan5656" value="ⲡ ϫⲟⲉⲓⲥ"/>
		<feat xlink:href="#sSpan5665" value="ⲡⲉϥ ⲟⲩⲟⲉⲓϣ"/>
		<feat xlink:href="#sSpan5686" value="ⲡ ⲉⲟⲟⲩ ⲛⲁ ϥ"/>
		<feat xlink:href="#sSpan5701" value="ⲉⲛⲉϩ ⲛ ⲉⲛⲉϩ"/>
		<feat xlink:href="#sSpan5727" value="ⲛⲁⲓ"/>
		<feat xlink:href="#sSpan5754" value="ⲩ ⲧⲟⲟⲩ ⲛ ϫⲁⲓⲉ ⲉ ϥ ⲙ ⲡ ϩⲱⲧ ⲉⲃⲟⲗ ⲛ ⲟⲩ ϯⲙⲉ ϫⲉ ⲧⲁϩⲣⲟⲩϫ"/>
		<feat xlink:href="#sSpan5773" value="ⲡ ϩⲱⲧ ⲉⲃⲟⲗ ⲛ ⲟⲩ ϯⲙⲉ ϫⲉ ⲧⲁϩⲣⲟⲩϫ"/>
		<feat xlink:href="#sSpan5786" value="ⲟⲩ ϯⲙⲉ ϫⲉ ⲧⲁϩⲣⲟⲩϫ"/>
		<feat xlink:href="#sSpan5813" value="ϩⲉⲛ ϣⲕⲟⲗ ⲙ ⲡⲉⲧⲣⲁ"/>
		<feat xlink:href="#sSpan5823" value="ⲡⲉⲧⲣⲁ"/>
		<feat xlink:href="#sSpan5830" value="ⲡ ⲙⲁ ⲉⲧ ⲙⲙⲁⲩ"/>
		<feat xlink:href="#sSpan5858" value="ϩⲉⲛ ⲕⲟⲩⲓ ⲙ ⲙⲁⲛϣⲱⲡⲉ"/>
		<feat xlink:href="#sSpan5895" value="ϩⲉⲛ ⲡⲟⲗⲓⲧⲉⲓⲁ ⲉ ⲩ ⲟϣ"/>
		<feat xlink:href="#sSpan5915" value="ⲛⲉ ⲥⲛⲏⲩ ⲇⲉ ⲧⲏⲣ ⲟⲩ"/>
		<feat xlink:href="#sSpan5945" value="ⲡⲁ ⲉⲓⲱⲧ"/>
		<feat xlink:href="#sSpan5960" value="ⲡ ⲙⲁ ⲉⲧ ⲙⲙⲁⲩ"/>
		<feat xlink:href="#sSpan5997" value="ⲛ ϣⲁϫⲉ ⲙ ⲡ ⲱⲛϩ"/>
		<feat xlink:href="#sSpan6006" value="ⲡ ⲱⲛϩ"/>
		<feat xlink:href="#sSpan6020" value="ⲣⲱ ϥ"/>
		<feat xlink:href="#sSpan6029" value="ⲡ ⲙⲁ"/>
		<feat xlink:href="#sSpan6047" value="ⲟⲩ ϫⲁⲓⲉ ⲡⲉ ⲉ ⲙⲛ ⲙⲟⲟⲩ ⲛϩⲏⲧ ϥ"/>
		<feat xlink:href="#sSpan6062" value="ⲙⲟⲟⲩ"/>
		<feat xlink:href="#sSpan6081" value="ⲡⲁ ⲉⲓⲱⲧ"/>
		<feat xlink:href="#sSpan6102" value="ⲡⲁ ϣⲏⲣⲉ ⲡⲁⲡⲟϩⲉ"/>
		<feat xlink:href="#sSpan6122" value="ⲡ ⲕⲁϩ"/>
		<feat xlink:href="#sSpan6139" value="ⲡ ⲛⲟⲩⲧⲉ"/>
		<feat xlink:href="#sSpan6160" value="ⲟⲩ ⲙⲟⲟⲩ"/>
		<feat xlink:href="#sSpan6169" value="ⲛⲉ ⲥⲛⲏⲩ ⲉⲧ ⲛⲏⲩ ϣⲁⲣⲟ ⲛ"/>
		<feat xlink:href="#sSpan6218" value="ⲧⲟⲟⲩⲙⲙⲁϩⲉ"/>
		<feat xlink:href="#sSpan6297" value="ⲣⲟⲙⲡⲉ ⲥⲛⲧⲉ"/>
		<feat xlink:href="#sSpan6351" value="ⲡⲁ ⲉⲓⲱⲧ"/>
		<feat xlink:href="#sSpan6384" value="ⲟⲩ ϣⲱⲧⲉ"/>
		<feat xlink:href="#sSpan6403" value="ⲛⲉ ⲥⲛⲏⲩ ⲉⲧ ⲛⲏⲩ ϣⲁⲣⲟ ⲛ"/>
		<feat xlink:href="#sSpan6430" value="ⲡ ϫⲟⲉⲓⲥ"/>
		<feat xlink:href="#sSpan6457" value="ⲙⲁ ⲛⲓⲙ ⲉⲧⲉ ⲕ ⲛⲁ ⲟⲩⲱϩ ⲛϩⲏⲧ ϥ"/>
		<feat xlink:href="#sSpan6510" value="ⲉⲛⲉϩ"/>
		<feat xlink:href="#sSpan6553" value="ⲡ ⲙⲁ ⲉⲧ ⲙⲙⲁⲩ"/>
		<feat xlink:href="#sSpan6579" value="ⲩ ⲙⲁ ϩⲙ ⲡ ⲙⲁⲣⲓⲥ ⲉ ⲩ ⲙⲟⲩⲧⲉ ⲉⲣⲟ ϥ ϫⲉ ⲁⲡⲁ ⲡⲁⲙⲓⲛ"/>
		<feat xlink:href="#sSpan6588" value="ⲡ ⲙⲁⲣⲓⲥ"/>
		<feat xlink:href="#sSpan6656" value="ⲡ ⲧⲟⲟⲩ"/>
		<feat xlink:href="#sSpan6667" value="ⲧ ⲕⲟⲟϩ"/>
		<feat xlink:href="#sSpan6678" value="ⲡⲉⲓ ⲧⲟⲟⲩ ⲛⲧ ⲁ ⲡ ⲛⲟⲩⲧⲉ ϩⲱⲛ"/>
		<feat xlink:href="#sSpan6689" value="ⲡ ⲛⲟⲩⲧⲉ"/>
		<feat xlink:href="#sSpan6719" value="ⲉⲛⲉϩ"/>
		<feat xlink:href="#sSpan6741" value="ϩⲉⲛ ⲥⲛⲏⲩ ⲙ ⲙⲁⲓⲛⲟⲩⲧⲉ"/>
		<feat xlink:href="#sSpan6764" value="ⲡ ⲧⲟⲟⲩ ⲉⲧ ⲙⲙⲁⲩ"/>
		<feat xlink:href="#sSpan6788" value="ϩⲉⲛ ⲛⲟϭ ⲙ ⲡ ⲉⲧ ⲛⲁⲛⲟⲩ ϥ"/>
		<feat xlink:href="#sSpan6817" value="ⲡⲉⲛ ⲙⲁⲕⲁⲣⲓⲟⲥ ⲇⲉ ⲛ ⲥⲟⲛ ⲁⲡⲁ ⲫⲓϥ"/>
		<feat xlink:href="#sSpan6864" value="ⲡ ⲙⲁ ⲉⲧ ⲙⲙⲁⲩ"/>
		<feat xlink:href="#sSpan6879" value="ⲥⲟⲩ ϫⲟⲩⲧⲏ ⲙ ⲡⲁⲟⲡⲉ"/>
		<feat xlink:href="#sSpan6888" value="ⲡⲁⲟⲡⲉ"/>
		<feat xlink:href="#sSpan6895" value="ⲡ ⲛⲁⲩ ⲛ ϫⲡ ϣⲟⲙⲧⲉ ⲙ ⲡⲉ ϩⲟⲟⲩ"/>
		<feat xlink:href="#sSpan6912" value="ⲡⲉ ϩⲟⲟⲩ"/>
		<feat xlink:href="#sSpan6964" value="ⲟⲩ ⲛⲟϭ ⲛ ⲗⲩⲡⲏ"/>
		<feat xlink:href="#sSpan7002" value="ⲡ ⲙⲁ ⲉⲧ ⲙⲙⲁⲩ"/></featList></paula>