<?xml version='1.0' encoding='UTF-8'?><!DOCTYPE paula SYSTEM "paula_feat.dtd">
<paula version="1.1">
	<header paula_id="scriptorium.life.phib.01.mark_pos"/>
	<featList xmlns:xlink="http://www.w3.org/1999/xlink" type="pos" xml:base="scriptorium.life.phib.01.mark.xml">
		<feat xlink:href="#sSpan1" value="ART"/>
		<feat xlink:href="#sSpan11" value="N"/>
		<feat xlink:href="#sSpan13" value="PREP"/>
		<feat xlink:href="#sSpan17" value="PPOS"/>
		<feat xlink:href="#sSpan21" value="N"/>
		<feat xlink:href="#sSpan25" value="PREP"/>
		<feat xlink:href="#sSpan29" value="N"/>
		<feat xlink:href="#sSpan32" value="N"/>
		<feat xlink:href="#sSpan37" value="NPROP"/>
		<feat xlink:href="#sSpan41" value="ART"/>
		<feat xlink:href="#sSpan47" value="N"/>
		<feat xlink:href="#sSpan49" value="CREL"/>
		<feat xlink:href="#sSpan53" value="VSTAT"/>
		<feat xlink:href="#sSpan55" value="CCIRC"/>
		<feat xlink:href="#sSpan60" value="APST"/>
		<feat xlink:href="#sSpan62" value="PPERS"/>
		<feat xlink:href="#sSpan64" value="V"/>
		<feat xlink:href="#sSpan66" value="PREP"/>
		<feat xlink:href="#sSpan70" value="PPERO"/>
		<feat xlink:href="#sSpan72" value="PTC"/>
		<feat xlink:href="#sSpan76" value="NPROP"/>
		<feat xlink:href="#sSpan80" value="ART"/>
		<feat xlink:href="#sSpan85" value="N"/>
		<feat xlink:href="#sSpan87" value="PREP"/>
		<feat xlink:href="#sSpan92" value="N"/>
		<feat xlink:href="#sSpan96" value="NPROP"/>
		<feat xlink:href="#sSpan100" value="ART"/>
		<feat xlink:href="#sSpan105" value="N"/>
		<feat xlink:href="#sSpan107" value="CREL"/>
		<feat xlink:href="#sSpan111" value="VSTAT"/>
		<feat xlink:href="#sSpan113" value="PUNCT"/>
		<feat xlink:href="#sSpan117" value="CREL"/>
		<feat xlink:href="#sSpan123" value="APST"/>
		<feat xlink:href="#sSpan125" value="PPERS"/>
		<feat xlink:href="#sSpan127" value="V"/>
		<feat xlink:href="#sSpan130" value="PTC"/>
		<feat xlink:href="#sSpan134" value="PREP"/>
		<feat xlink:href="#sSpan138" value="PPERO"/>
		<feat xlink:href="#sSpan140" value="PTC"/>
		<feat xlink:href="#sSpan144" value="ART"/>
		<feat xlink:href="#sSpan148" value="N"/>
		<feat xlink:href="#sSpan151" value="N"/>
		<feat xlink:href="#sSpan156" value="NPROP"/>
		<feat xlink:href="#sSpan160" value="PREP"/>
		<feat xlink:href="#sSpan165" value="NUM"/>
		<feat xlink:href="#sSpan169" value="PREP"/>
		<feat xlink:href="#sSpan174" value="ART"/>
		<feat xlink:href="#sSpan176" value="N"/>
		<feat xlink:href="#sSpan179" value="NPROP"/>
		<feat xlink:href="#sSpan183" value="PREP"/>
		<feat xlink:href="#sSpan187" value="ART"/>
		<feat xlink:href="#sSpan191" value="N"/>
		<feat xlink:href="#sSpan193" value="PREP"/>
		<feat xlink:href="#sSpan197" value="ART"/>
		<feat xlink:href="#sSpan200" value="N"/>
		<feat xlink:href="#sSpan202" value="PUNCT"/>
		<feat xlink:href="#sSpan206" value="CCIRC"/>
		<feat xlink:href="#sSpan212" value="PPOS"/>
		<feat xlink:href="#sSpan216" value="N"/>
		<feat xlink:href="#sSpan218" value="FUT"/>
		<feat xlink:href="#sSpan222" value="V"/>
		<feat xlink:href="#sSpan224" value="PREP"/>
		<feat xlink:href="#sSpan228" value="PPERO"/>
		<feat xlink:href="#sSpan231" value="PTC"/>
		<feat xlink:href="#sSpan235" value="PUNCT"/>
		<feat xlink:href="#sSpan240" value="ADV"/>
		<feat xlink:href="#sSpan248" value="ART"/>
		<feat xlink:href="#sSpan253" value="N"/>
		<feat xlink:href="#sSpan255" value="COP"/>
		<feat xlink:href="#sSpan259" value="ART"/>
		<feat xlink:href="#sSpan264" value="N"/>
		<feat xlink:href="#sSpan266" value="PREP"/>
		<feat xlink:href="#sSpan270" value="ART"/>
		<feat xlink:href="#sSpan273" value="N"/>
		<feat xlink:href="#sSpan275" value="CREL"/>
		<feat xlink:href="#sSpan280" value="VSTAT"/>
		<feat xlink:href="#sSpan283" value="NPROP"/>
		<feat xlink:href="#sSpan287" value="CCIRC"/>
		<feat xlink:href="#sSpan291" value="PPERS"/>
		<feat xlink:href="#sSpan293" value="V"/>
		<feat xlink:href="#sSpan296" value="ADV"/>
		<feat xlink:href="#sSpan300" value="CCIRC"/>
		<feat xlink:href="#sSpan304" value="PPERS"/>
		<feat xlink:href="#sSpan306" value="V"/>
		<feat xlink:href="#sSpan308" value="PREP"/>
		<feat xlink:href="#sSpan312" value="PPERO"/>
		<feat xlink:href="#sSpan314" value="CONJ"/>
		<feat xlink:href="#sSpan318" value="PUNCT"/>
		<feat xlink:href="#sSpan322" value="ART"/>
		<feat xlink:href="#sSpan330" value="N"/>
		<feat xlink:href="#sSpan332" value="FUT"/>
		<feat xlink:href="#sSpan336" value="V"/>
		<feat xlink:href="#sSpan338" value="PREP"/>
		<feat xlink:href="#sSpan343" value="N"/>
		<feat xlink:href="#sSpan348" value="PREP"/>
		<feat xlink:href="#sSpan352" value="N"/>
		<feat xlink:href="#sSpan355" value="PUNCT"/>
		<feat xlink:href="#sSpan359" value="CONJ"/>
		<feat xlink:href="#sSpan363" value="ADV"/>
		<feat xlink:href="#sSpan367" value="CONJ"/>
		<feat xlink:href="#sSpan371" value="PUNCT"/>
		<feat xlink:href="#sSpan375" value="ART"/>
		<feat xlink:href="#sSpan385" value="N"/>
		<feat xlink:href="#sSpan387" value="FUT"/>
		<feat xlink:href="#sSpan391" value="V"/>
		<feat xlink:href="#sSpan393" value="PREP"/>
		<feat xlink:href="#sSpan397" value="ART"/>
		<feat xlink:href="#sSpan399" value="N"/>
		<feat xlink:href="#sSpan401" value="PREP"/>
		<feat xlink:href="#sSpan405" value="ART"/>
		<feat xlink:href="#sSpan408" value="N"/>
		<feat xlink:href="#sSpan410" value="ACONJ"/>
		<feat xlink:href="#sSpan414" value="PPERS"/>
		<feat xlink:href="#sSpan416" value="V"/>
		<feat xlink:href="#sSpan418" value="ADV"/>
		<feat xlink:href="#sSpan422" value="PREP"/>
		<feat xlink:href="#sSpan426" value="ART"/>
		<feat xlink:href="#sSpan428" value="N"/>
		<feat xlink:href="#sSpan430" value="PREP"/>
		<feat xlink:href="#sSpan434" value="ART"/>
		<feat xlink:href="#sSpan438" value="N"/>
		<feat xlink:href="#sSpan440" value="CREL"/>
		<feat xlink:href="#sSpan444" value="PREP"/>
		<feat xlink:href="#sSpan446" value="ART"/>
		<feat xlink:href="#sSpan450" value="N"/>
		<feat xlink:href="#sSpan452" value="PUNCT"/>
		<feat xlink:href="#sSpan456" value="APST"/>
		<feat xlink:href="#sSpan460" value="PDEM"/>
		<feat xlink:href="#sSpan463" value="V"/>
		<feat xlink:href="#sSpan467" value="ADV"/>
		<feat xlink:href="#sSpan471" value="PREP"/>
		<feat xlink:href="#sSpan475" value="PDEM"/>
		<feat xlink:href="#sSpan479" value="N"/>
		<feat xlink:href="#sSpan483" value="PUNCT"/>
		<feat xlink:href="#sSpan487" value="CPRET"/>
		<feat xlink:href="#sSpan495" value="EXIST"/>
		<feat xlink:href="#sSpan497" value="ART"/>
		<feat xlink:href="#sSpan500" value="N"/>
		<feat xlink:href="#sSpan503" value="PTC"/>
		<feat xlink:href="#sSpan507" value="PREP"/>
		<feat xlink:href="#sSpan511" value="PPOS"/>
		<feat xlink:href="#sSpan514" value="N"/>
		<feat xlink:href="#sSpan516" value="COP"/>
		<feat xlink:href="#sSpan521" value="N"/>
		<feat xlink:href="#sSpan527" value="NPROP"/>
		<feat xlink:href="#sSpan531" value="CCIRC"/>
		<feat xlink:href="#sSpan535" value="PPERS"/>
		<feat xlink:href="#sSpan537" value="V"/>
		<feat xlink:href="#sSpan539" value="PREP"/>
		<feat xlink:href="#sSpan541" value="ART"/>
		<feat xlink:href="#sSpan544" value="N"/>
		<feat xlink:href="#sSpan546" value="COP"/>
		<feat xlink:href="#sSpan550" value="PREP"/>
		<feat xlink:href="#sSpan554" value="ART"/>
		<feat xlink:href="#sSpan557" value="N"/>
		<feat xlink:href="#sSpan559" value="PREP"/>
		<feat xlink:href="#sSpan563" value="N"/>
		<feat xlink:href="#sSpan566" value="PUNCT"/>
		<feat xlink:href="#sSpan570" value="APST"/>
		<feat xlink:href="#sSpan576" value="PPERS"/>
		<feat xlink:href="#sSpan578" value="V"/>
		<feat xlink:href="#sSpan581" value="PREP"/>
		<feat xlink:href="#sSpan585" value="PPOS"/>
		<feat xlink:href="#sSpan588" value="N"/>
		<feat xlink:href="#sSpan590" value="CREL"/>
		<feat xlink:href="#sSpan594" value="VSTAT"/>
		<feat xlink:href="#sSpan597" value="N"/>
		<feat xlink:href="#sSpan602" value="NPROP"/>
		<feat xlink:href="#sSpan606" value="APST"/>
		<feat xlink:href="#sSpan610" value="PPERS"/>
		<feat xlink:href="#sSpan613" value="V"/>
		<feat xlink:href="#sSpan618" value="PREP"/>
		<feat xlink:href="#sSpan622" value="PPERO"/>
		<feat xlink:href="#sSpan624" value="PUNCT"/>
		<feat xlink:href="#sSpan628" value="APST"/>
		<feat xlink:href="#sSpan634" value="PPERS"/>
		<feat xlink:href="#sSpan636" value="V"/>
		<feat xlink:href="#sSpan639" value="PTC"/>
		<feat xlink:href="#sSpan643" value="PREP"/>
		<feat xlink:href="#sSpan647" value="PPOS"/>
		<feat xlink:href="#sSpan649" value="N"/>
		<feat xlink:href="#sSpan651" value="FUT"/>
		<feat xlink:href="#sSpan655" value="NUM"/>
		<feat xlink:href="#sSpan658" value="PREP"/>
		<feat xlink:href="#sSpan662" value="N"/>
		<feat xlink:href="#sSpan664" value="PUNCT"/>
		<feat xlink:href="#sSpan668" value="PREP"/>
		<feat xlink:href="#sSpan674" value="PPERO"/>
		<feat xlink:href="#sSpan676" value="APST"/>
		<feat xlink:href="#sSpan681" value="PPERS"/>
		<feat xlink:href="#sSpan684" value="V"/>
		<feat xlink:href="#sSpan686" value="PREP"/>
		<feat xlink:href="#sSpan690" value="V"/>
		<feat xlink:href="#sSpan692" value="PPERO"/>
		<feat xlink:href="#sSpan694" value="PREP"/>
		<feat xlink:href="#sSpan698" value="ART"/>
		<feat xlink:href="#sSpan701" value="N"/>
		<feat xlink:href="#sSpan703" value="APST"/>
		<feat xlink:href="#sSpan707" value="PPERS"/>
		<feat xlink:href="#sSpan709" value="V"/>
		<feat xlink:href="#sSpan711" value="PPERO"/>
		<feat xlink:href="#sSpan713" value="PREP"/>
		<feat xlink:href="#sSpan717" value="PPOS"/>
		<feat xlink:href="#sSpan719" value="N"/>
		<feat xlink:href="#sSpan721" value="PREP"/>
		<feat xlink:href="#sSpan725" value="ART"/>
		<feat xlink:href="#sSpan730" value="N"/>
		<feat xlink:href="#sSpan732" value="PREP"/>
		<feat xlink:href="#sSpan736" value="PDEM"/>
		<feat xlink:href="#sSpan738" value="ART"/>
		<feat xlink:href="#sSpan741" value="N"/>
		<feat xlink:href="#sSpan743" value="APST"/>
		<feat xlink:href="#sSpan747" value="PPERS"/>
		<feat xlink:href="#sSpan749" value="V"/>
		<feat xlink:href="#sSpan752" value="PREP"/>
		<feat xlink:href="#sSpan756" value="ART"/>
		<feat xlink:href="#sSpan759" value="N"/>
		<feat xlink:href="#sSpan761" value="CREL"/>
		<feat xlink:href="#sSpan765" value="APST"/>
		<feat xlink:href="#sSpan767" value="PPERS"/>
		<feat xlink:href="#sSpan769" value="V"/>
		<feat xlink:href="#sSpan771" value="PREP"/>
		<feat xlink:href="#sSpan775" value="PPERO"/>
		<feat xlink:href="#sSpan777" value="PUNCT"/>
		<feat xlink:href="#sSpan781" value="PPERI"/>
		<feat xlink:href="#sSpan788" value="PTC"/>
		<feat xlink:href="#sSpan792" value="PREP"/>
		<feat xlink:href="#sSpan796" value="ART"/>
		<feat xlink:href="#sSpan799" value="N"/>
		<feat xlink:href="#sSpan801" value="CPRET"/>
		<feat xlink:href="#sSpan805" value="PPERS"/>
		<feat xlink:href="#sSpan807" value="VSTAT"/>
		<feat xlink:href="#sSpan809" value="PREP"/>
		<feat xlink:href="#sSpan813" value="PPOS"/>
		<feat xlink:href="#sSpan815" value="N"/>
		<feat xlink:href="#sSpan817" value="CCIRC"/>
		<feat xlink:href="#sSpan821" value="PPERS"/>
		<feat xlink:href="#sSpan823" value="V"/>
		<feat xlink:href="#sSpan826" value="PREP"/>
		<feat xlink:href="#sSpan830" value="ART"/>
		<feat xlink:href="#sSpan833" value="N"/>
		<feat xlink:href="#sSpan835" value="PREP"/>
		<feat xlink:href="#sSpan841" value="N"/>
		<feat xlink:href="#sSpan843" value="CCIRC"/>
		<feat xlink:href="#sSpan847" value="EXIST"/>
		<feat xlink:href="#sSpan849" value="N"/>
		<feat xlink:href="#sSpan852" value="PREP"/>
		<feat xlink:href="#sSpan856" value="PINT"/>
		<feat xlink:href="#sSpan858" value="V"/>
		<feat xlink:href="#sSpan862" value="PREP"/>
		<feat xlink:href="#sSpan866" value="PPERO"/>
		<feat xlink:href="#sSpan869" value="CONJ"/>
		<feat xlink:href="#sSpan873" value="NEG"/>
		<feat xlink:href="#sSpan877" value="PPERS"/>
		<feat xlink:href="#sSpan879" value="FUT"/>
		<feat xlink:href="#sSpan881" value="V"/>
		<feat xlink:href="#sSpan883" value="V"/>
		<feat xlink:href="#sSpan885" value="NEG"/>
		<feat xlink:href="#sSpan889" value="PREP"/>
		<feat xlink:href="#sSpan893" value="PPOS"/>
		<feat xlink:href="#sSpan896" value="N"/>
		<feat xlink:href="#sSpan898" value="PUNCT"/>
		<feat xlink:href="#sSpan902" value="V"/>
		<feat xlink:href="#sSpan910" value="PREP"/>
		<feat xlink:href="#sSpan914" value="PPERO"/>
		<feat xlink:href="#sSpan916" value="PPOS"/>
		<feat xlink:href="#sSpan921" value="N"/>
		<feat xlink:href="#sSpan923" value="PREP"/>
		<feat xlink:href="#sSpan927" value="N"/>
		<feat xlink:href="#sSpan929" value="PREP"/>
		<feat xlink:href="#sSpan933" value="ART"/>
		<feat xlink:href="#sSpan937" value="N"/>
		<feat xlink:href="#sSpan939" value="CREL"/>
		<feat xlink:href="#sSpan943" value="PPERS"/>
		<feat xlink:href="#sSpan945" value="V"/>
		<feat xlink:href="#sSpan947" value="PPERO"/>
		<feat xlink:href="#sSpan949" value="PREP"/>
		<feat xlink:href="#sSpan953" value="ART"/>
		<feat xlink:href="#sSpan956" value="N"/>
		<feat xlink:href="#sSpan958" value="PREP"/>
		<feat xlink:href="#sSpan962" value="ART"/>
		<feat xlink:href="#sSpan965" value="N"/>
		<feat xlink:href="#sSpan967" value="PREP"/>
		<feat xlink:href="#sSpan971" value="N"/>
		<feat xlink:href="#sSpan974" value="PREP"/>
		<feat xlink:href="#sSpan978" value="PPOS"/>
		<feat xlink:href="#sSpan982" value="N"/>
		<feat xlink:href="#sSpan984" value="PREP"/>
		<feat xlink:href="#sSpan988" value="N"/>
		<feat xlink:href="#sSpan991" value="N"/>
		<feat xlink:href="#sSpan996" value="NPROP"/>
		<feat xlink:href="#sSpan1000" value="ART"/>
		<feat xlink:href="#sSpan1004" value="N"/>
		<feat xlink:href="#sSpan1006" value="PREP"/>
		<feat xlink:href="#sSpan1010" value="ART"/>
		<feat xlink:href="#sSpan1013" value="N"/>
		<feat xlink:href="#sSpan1015" value="PUNCT"/>
		<feat xlink:href="#sSpan1019" value="ART"/>
		<feat xlink:href="#sSpan1026" value="CREL"/>
		<feat xlink:href="#sSpan1028" value="APST"/>
		<feat xlink:href="#sSpan1030" value="PPERS"/>
		<feat xlink:href="#sSpan1032" value="V"/>
		<feat xlink:href="#sSpan1035" value="ADV"/>
		<feat xlink:href="#sSpan1039" value="PREP"/>
		<feat xlink:href="#sSpan1043" value="PPOS"/>
		<feat xlink:href="#sSpan1047" value="N"/>
		<feat xlink:href="#sSpan1049" value="PREP"/>
		<feat xlink:href="#sSpan1053" value="ART"/>
		<feat xlink:href="#sSpan1057" value="N"/>
		<feat xlink:href="#sSpan1059" value="CCIRC"/>
		<feat xlink:href="#sSpan1063" value="PPERS"/>
		<feat xlink:href="#sSpan1065" value="VSTAT"/>
		<feat xlink:href="#sSpan1067" value="PREP"/>
		<feat xlink:href="#sSpan1071" value="ART"/>
		<feat xlink:href="#sSpan1074" value="N"/>
		<feat xlink:href="#sSpan1076" value="PUNCT"/>
		<feat xlink:href="#sSpan1080" value="ART"/>
		<feat xlink:href="#sSpan1087" value="CREL"/>
		<feat xlink:href="#sSpan1089" value="APST"/>
		<feat xlink:href="#sSpan1091" value="PPERS"/>
		<feat xlink:href="#sSpan1093" value="V"/>
		<feat xlink:href="#sSpan1095" value="PREP"/>
		<feat xlink:href="#sSpan1099" value="N"/>
		<feat xlink:href="#sSpan1102" value="PREP"/>
		<feat xlink:href="#sSpan1106" value="V"/>
		<feat xlink:href="#sSpan1108" value="PREP"/>
		<feat xlink:href="#sSpan1112" value="ART"/>
		<feat xlink:href="#sSpan1115" value="N"/>
		<feat xlink:href="#sSpan1117" value="CONJ"/>
		<feat xlink:href="#sSpan1121" value="ART"/>
		<feat xlink:href="#sSpan1126" value="N"/>
		<feat xlink:href="#sSpan1128" value="PREP"/>
		<feat xlink:href="#sSpan1132" value="N"/>
		<feat xlink:href="#sSpan1135" value="PREP"/>
		<feat xlink:href="#sSpan1139" value="ART"/>
		<feat xlink:href="#sSpan1142" value="N"/>
		<feat xlink:href="#sSpan1144" value="CONJ"/>
		<feat xlink:href="#sSpan1148" value="ART"/>
		<feat xlink:href="#sSpan1153" value="N"/>
		<feat xlink:href="#sSpan1155" value="PREP"/>
		<feat xlink:href="#sSpan1159" value="V"/>
		<feat xlink:href="#sSpan1161" value="ADV"/>
		<feat xlink:href="#sSpan1165" value="PREP"/>
		<feat xlink:href="#sSpan1169" value="ART"/>
		<feat xlink:href="#sSpan1173" value="N"/>
		<feat xlink:href="#sSpan1175" value="CREL"/>
		<feat xlink:href="#sSpan1179" value="VSTAT"/>
		<feat xlink:href="#sSpan1181" value="PUNCT"/>
		<feat xlink:href="#sSpan1185" value="PPERI"/>
		<feat xlink:href="#sSpan1192" value="PTC"/>
		<feat xlink:href="#sSpan1196" value="V"/>
		<feat xlink:href="#sSpan1201" value="ART"/>
		<feat xlink:href="#sSpan1208" value="N"/>
		<feat xlink:href="#sSpan1210" value="PDEM"/>
		<feat xlink:href="#sSpan1216" value="N"/>
		<feat xlink:href="#sSpan1218" value="CPRET"/>
		<feat xlink:href="#sSpan1222" value="PPERS"/>
		<feat xlink:href="#sSpan1224" value="VSTAT"/>
		<feat xlink:href="#sSpan1226" value="PREP"/>
		<feat xlink:href="#sSpan1230" value="N"/>
		<feat xlink:href="#sSpan1233" value="N"/>
		<feat xlink:href="#sSpan1237" value="CCIRC"/>
		<feat xlink:href="#sSpan1241" value="PPERS"/>
		<feat xlink:href="#sSpan1243" value="VSTAT"/>
		<feat xlink:href="#sSpan1245" value="PREP"/>
		<feat xlink:href="#sSpan1249" value="ART"/>
		<feat xlink:href="#sSpan1252" value="N"/>
		<feat xlink:href="#sSpan1254" value="PREP"/>
		<feat xlink:href="#sSpan1258" value="PPOS"/>
		<feat xlink:href="#sSpan1261" value="N"/>
		<feat xlink:href="#sSpan1263" value="PUNCT"/>
		<feat xlink:href="#sSpan1267" value="APST"/>
		<feat xlink:href="#sSpan1273" value="ART"/>
		<feat xlink:href="#sSpan1276" value="N"/>
		<feat xlink:href="#sSpan1278" value="V"/>
		<feat xlink:href="#sSpan1282" value="PREP"/>
		<feat xlink:href="#sSpan1286" value="PPOS"/>
		<feat xlink:href="#sSpan1290" value="N"/>
		<feat xlink:href="#sSpan1292" value="APST"/>
		<feat xlink:href="#sSpan1296" value="PPERS"/>
		<feat xlink:href="#sSpan1298" value="V"/>
		<feat xlink:href="#sSpan1300" value="ADV"/>
		<feat xlink:href="#sSpan1304" value="PREP"/>
		<feat xlink:href="#sSpan1308" value="ART"/>
		<feat xlink:href="#sSpan1311" value="N"/>
		<feat xlink:href="#sSpan1313" value="PREP"/>
		<feat xlink:href="#sSpan1317" value="PPOS"/>
		<feat xlink:href="#sSpan1320" value="N"/>
		<feat xlink:href="#sSpan1322" value="APST"/>
		<feat xlink:href="#sSpan1326" value="PPERS"/>
		<feat xlink:href="#sSpan1328" value="V"/>
		<feat xlink:href="#sSpan1330" value="N"/>
		<feat xlink:href="#sSpan1335" value="N"/>
		<feat xlink:href="#sSpan1340" value="PREP"/>
		<feat xlink:href="#sSpan1344" value="ART"/>
		<feat xlink:href="#sSpan1347" value="N"/>
		<feat xlink:href="#sSpan1349" value="PREP"/>
		<feat xlink:href="#sSpan1353" value="ART"/>
		<feat xlink:href="#sSpan1357" value="N"/>
		<feat xlink:href="#sSpan1359" value="APST"/>
		<feat xlink:href="#sSpan1363" value="PPERS"/>
		<feat xlink:href="#sSpan1365" value="V"/>
		<feat xlink:href="#sSpan1367" value="PREP"/>
		<feat xlink:href="#sSpan1371" value="PPERO"/>
		<feat xlink:href="#sSpan1373" value="PREP"/>
		<feat xlink:href="#sSpan1377" value="ART"/>
		<feat xlink:href="#sSpan1380" value="N"/>
		<feat xlink:href="#sSpan1382" value="CREL"/>
		<feat xlink:href="#sSpan1386" value="VBD"/>
		<feat xlink:href="#sSpan1388" value="PPERS"/>
		<feat xlink:href="#sSpan1390" value="PREP"/>
		<feat xlink:href="#sSpan1395" value="N"/>
		<feat xlink:href="#sSpan1401" value="APST"/>
		<feat xlink:href="#sSpan1405" value="PPERS"/>
		<feat xlink:href="#sSpan1407" value="V"/>
		<feat xlink:href="#sSpan1409" value="PREP"/>
		<feat xlink:href="#sSpan1413" value="ART"/>
		<feat xlink:href="#sSpan1417" value="N"/>
		<feat xlink:href="#sSpan1419" value="PREP"/>
		<feat xlink:href="#sSpan1423" value="ART"/>
		<feat xlink:href="#sSpan1426" value="N"/>
		<feat xlink:href="#sSpan1428" value="CREL"/>
		<feat xlink:href="#sSpan1432" value="EXIST"/>
		<feat xlink:href="#sSpan1434" value="N"/>
		<feat xlink:href="#sSpan1437" value="PREP"/>
		<feat xlink:href="#sSpan1441" value="PPERO"/>
		<feat xlink:href="#sSpan1443" value="CREL"/>
		<feat xlink:href="#sSpan1447" value="PPOS"/>
		<feat xlink:href="#sSpan1450" value="N"/>
		<feat xlink:href="#sSpan1452" value="PREP"/>
		<feat xlink:href="#sSpan1456" value="N"/>
		<feat xlink:href="#sSpan1458" value="COP"/>
		<feat xlink:href="#sSpan1462" value="PREP"/>
		<feat xlink:href="#sSpan1466" value="PPOS"/>
		<feat xlink:href="#sSpan1470" value="N"/>
		<feat xlink:href="#sSpan1472" value="PREP"/>
		<feat xlink:href="#sSpan1476" value="N"/>
		<feat xlink:href="#sSpan1479" value="N"/>
		<feat xlink:href="#sSpan1484" value="NPROP"/>
		<feat xlink:href="#sSpan1488" value="ART"/>
		<feat xlink:href="#sSpan1495" value="N"/>
		<feat xlink:href="#sSpan1497" value="ADV"/>
		<feat xlink:href="#sSpan1501" value="CREL"/>
		<feat xlink:href="#sSpan1505" value="EXIST"/>
		<feat xlink:href="#sSpan1507" value="N"/>
		<feat xlink:href="#sSpan1510" value="PREP"/>
		<feat xlink:href="#sSpan1514" value="PPERO"/>
		<feat xlink:href="#sSpan1516" value="PUNCT"/>
		<feat xlink:href="#sSpan1520" value="CCIRC"/>
		<feat xlink:href="#sSpan1528" value="PPERS"/>
		<feat xlink:href="#sSpan1530" value="VSTAT"/>
		<feat xlink:href="#sSpan1533" value="PTC"/>
		<feat xlink:href="#sSpan1537" value="PREP"/>
		<feat xlink:href="#sSpan1541" value="PDEM"/>
		<feat xlink:href="#sSpan1544" value="N"/>
		<feat xlink:href="#sSpan1546" value="PREP"/>
		<feat xlink:href="#sSpan1550" value="ART"/>
		<feat xlink:href="#sSpan1553" value="N"/>
		<feat xlink:href="#sSpan1555" value="ANY"/>
		<feat xlink:href="#sSpan1559" value="ART"/>
		<feat xlink:href="#sSpan1564" value="N"/>
		<feat xlink:href="#sSpan1566" value="V"/>
		<feat xlink:href="#sSpan1571" value="ADV"/>
		<feat xlink:href="#sSpan1575" value="PREP"/>
		<feat xlink:href="#sSpan1579" value="PPOS"/>
		<feat xlink:href="#sSpan1582" value="N"/>
		<feat xlink:href="#sSpan1584" value="ADV"/>
		<feat xlink:href="#sSpan1588" value="PREP"/>
		<feat xlink:href="#sSpan1592" value="PPERO"/>
		<feat xlink:href="#sSpan1594" value="APST"/>
		<feat xlink:href="#sSpan1598" value="PPERS"/>
		<feat xlink:href="#sSpan1600" value="V"/>
		<feat xlink:href="#sSpan1603" value="PTC"/>
		<feat xlink:href="#sSpan1607" value="PREP"/>
		<feat xlink:href="#sSpan1611" value="ART"/>
		<feat xlink:href="#sSpan1614" value="N"/>
		<feat xlink:href="#sSpan1616" value="APST"/>
		<feat xlink:href="#sSpan1620" value="PPERS"/>
		<feat xlink:href="#sSpan1622" value="V"/>
		<feat xlink:href="#sSpan1624" value="PREP"/>
		<feat xlink:href="#sSpan1628" value="PPERO"/>
		<feat xlink:href="#sSpan1630" value="ADV"/>
		<feat xlink:href="#sSpan1634" value="PREP"/>
		<feat xlink:href="#sSpan1638" value="ART"/>
		<feat xlink:href="#sSpan1640" value="N"/>
		<feat xlink:href="#sSpan1642" value="CCIRC"/>
		<feat xlink:href="#sSpan1646" value="PPOS"/>
		<feat xlink:href="#sSpan1649" value="N"/>
		<feat xlink:href="#sSpan1651" value="V"/>
		<feat xlink:href="#sSpan1655" value="PREP"/>
		<feat xlink:href="#sSpan1659" value="N"/>
		<feat xlink:href="#sSpan1662" value="PUNCT"/>
		<feat xlink:href="#sSpan1666" value="PREP"/>
		<feat xlink:href="#sSpan1672" value="PPERO"/>
		<feat xlink:href="#sSpan1674" value="PREP"/>
		<feat xlink:href="#sSpan1676" value="ART"/>
		<feat xlink:href="#sSpan1680" value="N"/>
		<feat xlink:href="#sSpan1684" value="PTC"/>
		<feat xlink:href="#sSpan1688" value="COP"/>
		<feat xlink:href="#sSpan1692" value="PPOS"/>
		<feat xlink:href="#sSpan1697" value="N"/>
		<feat xlink:href="#sSpan1699" value="ADV"/>
		<feat xlink:href="#sSpan1703" value="PREP"/>
		<feat xlink:href="#sSpan1707" value="N"/>
		<feat xlink:href="#sSpan1710" value="PINT"/>
		<feat xlink:href="#sSpan1714" value="ADV"/>
		<feat xlink:href="#sSpan1718" value="CCIRC"/>
		<feat xlink:href="#sSpan1722" value="VBD"/>
		<feat xlink:href="#sSpan1724" value="PPERS"/>
		<feat xlink:href="#sSpan1726" value="ADV"/>
		<feat xlink:href="#sSpan1730" value="PREP"/>
		<feat xlink:href="#sSpan1734" value="N"/>
		<feat xlink:href="#sSpan1737" value="PINT"/>
		<feat xlink:href="#sSpan1741" value="PREP"/>
		<feat xlink:href="#sSpan1745" value="PREP"/>
		<feat xlink:href="#sSpan1747" value="ART"/>
		<feat xlink:href="#sSpan1752" value="N"/>
		<feat xlink:href="#sSpan1754" value="PREP"/>
		<feat xlink:href="#sSpan1758" value="ART"/>
		<feat xlink:href="#sSpan1761" value="N"/>
		<feat xlink:href="#sSpan1763" value="PUNCT"/>
		<feat xlink:href="#sSpan1767" value="APST"/>
		<feat xlink:href="#sSpan1773" value="PPERS"/>
		<feat xlink:href="#sSpan1775" value="V_PPERO"/>
		<feat xlink:href="#sSpan1777" value="ADV"/>
		<feat xlink:href="#sSpan1781" value="PREP"/>
		<feat xlink:href="#sSpan1785" value="ART"/>
		<feat xlink:href="#sSpan1788" value="N"/>
		<feat xlink:href="#sSpan1790" value="APST"/>
		<feat xlink:href="#sSpan1794" value="PPERS"/>
		<feat xlink:href="#sSpan1796" value="V_PPERO"/>
		<feat xlink:href="#sSpan1798" value="PREP"/>
		<feat xlink:href="#sSpan1803" value="N"/>
		<feat xlink:href="#sSpan1806" value="PREP"/>
		<feat xlink:href="#sSpan1810" value="PPERO"/>
		<feat xlink:href="#sSpan1812" value="APST"/>
		<feat xlink:href="#sSpan1816" value="PPERS"/>
		<feat xlink:href="#sSpan1818" value="V"/>
		<feat xlink:href="#sSpan1820" value="PREP"/>
		<feat xlink:href="#sSpan1824" value="N"/>
		<feat xlink:href="#sSpan1826" value="PREP"/>
		<feat xlink:href="#sSpan1830" value="ART"/>
		<feat xlink:href="#sSpan1833" value="N"/>
		<feat xlink:href="#sSpan1835" value="PREP"/>
		<feat xlink:href="#sSpan1839" value="PPOS"/>
		<feat xlink:href="#sSpan1842" value="N"/>
		<feat xlink:href="#sSpan1844" value="CREL"/>
		<feat xlink:href="#sSpan1848" value="VSTAT"/>
		<feat xlink:href="#sSpan1850" value="PREP"/>
		<feat xlink:href="#sSpan1854" value="PPOS"/>
		<feat xlink:href="#sSpan1858" value="N"/>
		<feat xlink:href="#sSpan1861" value="PUNCT"/>
		<feat xlink:href="#sSpan1865" value="CCIRC"/>
		<feat xlink:href="#sSpan1871" value="CPRET"/>
		<feat xlink:href="#sSpan1873" value="PPERS"/>
		<feat xlink:href="#sSpan1875" value="ADV"/>
		<feat xlink:href="#sSpan1878" value="PTC"/>
		<feat xlink:href="#sSpan1882" value="PTC"/>
		<feat xlink:href="#sSpan1884" value="PPOS"/>
		<feat xlink:href="#sSpan1887" value="N"/>
		<feat xlink:href="#sSpan1889" value="PREP"/>
		<feat xlink:href="#sSpan1893" value="N"/>
		<feat xlink:href="#sSpan1896" value="N"/>
		<feat xlink:href="#sSpan1901" value="NPROP"/>
		<feat xlink:href="#sSpan1905" value="ART"/>
		<feat xlink:href="#sSpan1910" value="N"/>
		<feat xlink:href="#sSpan1912" value="CCIRC"/>
		<feat xlink:href="#sSpan1916" value="PPERS"/>
		<feat xlink:href="#sSpan1918" value="VSTAT"/>
		<feat xlink:href="#sSpan1920" value="PREP"/>
		<feat xlink:href="#sSpan1924" value="PPERO"/>
		<feat xlink:href="#sSpan1926" value="PUNCT"/>
		<feat xlink:href="#sSpan1930" value="PPERI"/>
		<feat xlink:href="#sSpan1937" value="PTC"/>
		<feat xlink:href="#sSpan1941" value="PREP"/>
		<feat xlink:href="#sSpan1945" value="ART"/>
		<feat xlink:href="#sSpan1948" value="N"/>
		<feat xlink:href="#sSpan1950" value="CPRET"/>
		<feat xlink:href="#sSpan1954" value="PPERS"/>
		<feat xlink:href="#sSpan1957" value="V"/>
		<feat xlink:href="#sSpan1959" value="PREP"/>
		<feat xlink:href="#sSpan1964" value="ART"/>
		<feat xlink:href="#sSpan1967" value="N"/>
		<feat xlink:href="#sSpan1969" value="PREP"/>
		<feat xlink:href="#sSpan1974" value="N"/>
		<feat xlink:href="#sSpan1976" value="PREP"/>
		<feat xlink:href="#sSpan1980" value="ART"/>
		<feat xlink:href="#sSpan1983" value="N"/>
		<feat xlink:href="#sSpan1985" value="PREP"/>
		<feat xlink:href="#sSpan1990" value="N"/>
		<feat xlink:href="#sSpan1992" value="CCIRC"/>
		<feat xlink:href="#sSpan1996" value="EXIST"/>
		<feat xlink:href="#sSpan1998" value="N"/>
		<feat xlink:href="#sSpan2001" value="PREP"/>
		<feat xlink:href="#sSpan2005" value="PPERO"/>
		<feat xlink:href="#sSpan2007" value="PUNCT"/>
		<feat xlink:href="#sSpan2012" value="N"/>
		<feat xlink:href="#sSpan2020" value="NPROP"/>
		<feat xlink:href="#sSpan2025" value="PTC"/>
		<feat xlink:href="#sSpan2029" value="CPRET"/>
		<feat xlink:href="#sSpan2033" value="ART"/>
		<feat xlink:href="#sSpan2036" value="N"/>
		<feat xlink:href="#sSpan2038" value="COP"/>
		<feat xlink:href="#sSpan2042" value="CCIRC"/>
		<feat xlink:href="#sSpan2046" value="PPERS"/>
		<feat xlink:href="#sSpan2048" value="V"/>
		<feat xlink:href="#sSpan2050" value="PREP"/>
		<feat xlink:href="#sSpan2054" value="ART"/>
		<feat xlink:href="#sSpan2057" value="N"/>
		<feat xlink:href="#sSpan2059" value="CCIRC"/>
		<feat xlink:href="#sSpan2063" value="PPERS"/>
		<feat xlink:href="#sSpan2065" value="V"/>
		<feat xlink:href="#sSpan2067" value="PREP"/>
		<feat xlink:href="#sSpan2071" value="V"/>
		<feat xlink:href="#sSpan2073" value="PREP"/>
		<feat xlink:href="#sSpan2077" value="ART"/>
		<feat xlink:href="#sSpan2080" value="N"/>
		<feat xlink:href="#sSpan2082" value="PREP"/>
		<feat xlink:href="#sSpan2086" value="N"/>
		<feat xlink:href="#sSpan2089" value="PINT"/>
		<feat xlink:href="#sSpan2093" value="CCIRC"/>
		<feat xlink:href="#sSpan2097" value="PPERS"/>
		<feat xlink:href="#sSpan2099" value="V"/>
		<feat xlink:href="#sSpan2101" value="PUNCT"/>
		<feat xlink:href="#sSpan2105" value="PPOS"/>
		<feat xlink:href="#sSpan2112" value="N"/>
		<feat xlink:href="#sSpan2115" value="PTC"/>
		<feat xlink:href="#sSpan2119" value="CPRET"/>
		<feat xlink:href="#sSpan2123" value="ART"/>
		<feat xlink:href="#sSpan2126" value="N"/>
		<feat xlink:href="#sSpan2128" value="COP"/>
		<feat xlink:href="#sSpan2132" value="ART"/>
		<feat xlink:href="#sSpan2137" value="N"/>
		<feat xlink:href="#sSpan2139" value="CCIRC"/>
		<feat xlink:href="#sSpan2143" value="PPERS"/>
		<feat xlink:href="#sSpan2145" value="V"/>
		<feat xlink:href="#sSpan2147" value="PREP"/>
		<feat xlink:href="#sSpan2151" value="ART"/>
		<feat xlink:href="#sSpan2154" value="N"/>
		<feat xlink:href="#sSpan2156" value="IMOD"/>
		<feat xlink:href="#sSpan2160" value="PPERO"/>
		<feat xlink:href="#sSpan2162" value="PREP"/>
		<feat xlink:href="#sSpan2166" value="ART"/>
		<feat xlink:href="#sSpan2169" value="N"/>
		<feat xlink:href="#sSpan2171" value="PREP"/>
		<feat xlink:href="#sSpan2175" value="ART"/>
		<feat xlink:href="#sSpan2177" value="N"/>
		<feat xlink:href="#sSpan2179" value="PREP"/>
		<feat xlink:href="#sSpan2183" value="ART"/>
		<feat xlink:href="#sSpan2186" value="N"/>
		<feat xlink:href="#sSpan2188" value="PREP"/>
		<feat xlink:href="#sSpan2192" value="N"/>
		<feat xlink:href="#sSpan2194" value="PUNCT"/>
		<feat xlink:href="#sSpan2198" value="ART"/>
		<feat xlink:href="#sSpan2205" value="N"/>
		<feat xlink:href="#sSpan2208" value="PTC"/>
		<feat xlink:href="#sSpan2212" value="CPRET"/>
		<feat xlink:href="#sSpan2216" value="PPERS"/>
		<feat xlink:href="#sSpan2218" value="VSTAT"/>
		<feat xlink:href="#sSpan2220" value="PREP"/>
		<feat xlink:href="#sSpan2224" value="PPERO"/>
		<feat xlink:href="#sSpan2226" value="PREP"/>
		<feat xlink:href="#sSpan2230" value="ART"/>
		<feat xlink:href="#sSpan2232" value="N"/>
		<feat xlink:href="#sSpan2234" value="PREP"/>
		<feat xlink:href="#sSpan2238" value="PPOS"/>
		<feat xlink:href="#sSpan2241" value="N"/>
		<feat xlink:href="#sSpan2243" value="PREP"/>
		<feat xlink:href="#sSpan2247" value="N"/>
		<feat xlink:href="#sSpan2250" value="CCIRC"/>
		<feat xlink:href="#sSpan2254" value="PPERS"/>
		<feat xlink:href="#sSpan2256" value="VSTAT"/>
		<feat xlink:href="#sSpan2258" value="ADV"/>
		<feat xlink:href="#sSpan2262" value="PREP"/>
		<feat xlink:href="#sSpan2266" value="PPOS"/>
		<feat xlink:href="#sSpan2269" value="N"/>
		<feat xlink:href="#sSpan2271" value="CCIRC"/>
		<feat xlink:href="#sSpan2275" value="PPERS"/>
		<feat xlink:href="#sSpan2277" value="V"/>
		<feat xlink:href="#sSpan2279" value="PREP"/>
		<feat xlink:href="#sSpan2283" value="ART"/>
		<feat xlink:href="#sSpan2286" value="N"/>
		<feat xlink:href="#sSpan2288" value="PREP"/>
		<feat xlink:href="#sSpan2292" value="ART"/>
		<feat xlink:href="#sSpan2295" value="N"/>
		<feat xlink:href="#sSpan2297" value="EXIST"/>
		<feat xlink:href="#sSpan2301" value="N"/>
		<feat xlink:href="#sSpan2304" value="CREL"/>
		<feat xlink:href="#sSpan2308" value="VSTAT"/>
		<feat xlink:href="#sSpan2310" value="CCIRC"/>
		<feat xlink:href="#sSpan2314" value="PPERS"/>
		<feat xlink:href="#sSpan2317" value="V"/>
		<feat xlink:href="#sSpan2320" value="PREP"/>
		<feat xlink:href="#sSpan2324" value="ART"/>
		<feat xlink:href="#sSpan2327" value="N"/>
		<feat xlink:href="#sSpan2329" value="PREP"/>
		<feat xlink:href="#sSpan2333" value="ART"/>
		<feat xlink:href="#sSpan2336" value="N"/>
		<feat xlink:href="#sSpan2338" value="CREL"/>
		<feat xlink:href="#sSpan2342" value="VSTAT"/>
		<feat xlink:href="#sSpan2344" value="ADV"/>
		<feat xlink:href="#sSpan2349" value="PREP"/>
		<feat xlink:href="#sSpan2353" value="PPERO"/>
		<feat xlink:href="#sSpan2355" value="PREP"/>
		<feat xlink:href="#sSpan2359" value="PPOS"/>
		<feat xlink:href="#sSpan2362" value="N"/>
		<feat xlink:href="#sSpan2364" value="PUNCT"/>
		<feat xlink:href="#sSpan2368" value="APST"/>
		<feat xlink:href="#sSpan2376" value="PPERS"/>
		<feat xlink:href="#sSpan2378" value="V"/>
		<feat xlink:href="#sSpan2380" value="ART"/>
		<feat xlink:href="#sSpan2383" value="N"/>
		<feat xlink:href="#sSpan2386" value="PTC"/>
		<feat xlink:href="#sSpan2390" value="PREP"/>
		<feat xlink:href="#sSpan2394" value="PPERO"/>
		<feat xlink:href="#sSpan2396" value="PREP"/>
		<feat xlink:href="#sSpan2400" value="PDEM"/>
		<feat xlink:href="#sSpan2403" value="N"/>
		<feat xlink:href="#sSpan2405" value="PREP"/>
		<feat xlink:href="#sSpan2409" value="PPERO"/>
		<feat xlink:href="#sSpan2411" value="APST"/>
		<feat xlink:href="#sSpan2415" value="PPERS"/>
		<feat xlink:href="#sSpan2417" value="V"/>
		<feat xlink:href="#sSpan2420" value="ADV"/>
		<feat xlink:href="#sSpan2424" value="PREP"/>
		<feat xlink:href="#sSpan2428" value="ART"/>
		<feat xlink:href="#sSpan2431" value="N"/>
		<feat xlink:href="#sSpan2433" value="CREL"/>
		<feat xlink:href="#sSpan2437" value="ADV"/>
		<feat xlink:href="#sSpan2439" value="APST"/>
		<feat xlink:href="#sSpan2443" value="PPERS"/>
		<feat xlink:href="#sSpan2445" value="V"/>
		<feat xlink:href="#sSpan2448" value="PREP"/>
		<feat xlink:href="#sSpan2452" value="ART"/>
		<feat xlink:href="#sSpan2455" value="N"/>
		<feat xlink:href="#sSpan2458" value="PREP"/>
		<feat xlink:href="#sSpan2462" value="PPERI"/>
		<feat xlink:href="#sSpan2464" value="IMOD"/>
		<feat xlink:href="#sSpan2468" value="PPERO"/>
		<feat xlink:href="#sSpan2470" value="PREP"/>
		<feat xlink:href="#sSpan2474" value="ART"/>
		<feat xlink:href="#sSpan2476" value="N"/>
		<feat xlink:href="#sSpan2478" value="PREP"/>
		<feat xlink:href="#sSpan2482" value="ART"/>
		<feat xlink:href="#sSpan2486" value="N"/>
		<feat xlink:href="#sSpan2488" value="PUNCT"/>
		<feat xlink:href="#sSpan2492" value="N"/>
		<feat xlink:href="#sSpan2499" value="PTC"/>
		<feat xlink:href="#sSpan2503" value="PINT"/>
		<feat xlink:href="#sSpan2507" value="CREL"/>
		<feat xlink:href="#sSpan2511" value="AAOR"/>
		<feat xlink:href="#sSpan2513" value="PPERS"/>
		<feat xlink:href="#sSpan2515" value="V"/>
		<feat xlink:href="#sSpan2517" value="PREP"/>
		<feat xlink:href="#sSpan2521" value="PPERO"/>
		<feat xlink:href="#sSpan2523" value="ACONJ"/>
		<feat xlink:href="#sSpan2527" value="ART"/>
		<feat xlink:href="#sSpan2530" value="N"/>
		<feat xlink:href="#sSpan2532" value="V"/>
		<feat xlink:href="#sSpan2536" value="PREP"/>
		<feat xlink:href="#sSpan2540" value="PPOS"/>
		<feat xlink:href="#sSpan2543" value="N"/>
		<feat xlink:href="#sSpan2545" value="AAOR"/>
		<feat xlink:href="#sSpan2549" value="PPERS"/>
		<feat xlink:href="#sSpan2551" value="V"/>
		<feat xlink:href="#sSpan2554" value="PREP"/>
		<feat xlink:href="#sSpan2558" value="PPERO"/>
		<feat xlink:href="#sSpan2560" value="ACONJ"/>
		<feat xlink:href="#sSpan2564" value="PPERS"/>
		<feat xlink:href="#sSpan2567" value="V"/>
		<feat xlink:href="#sSpan2570" value="CCIRC"/>
		<feat xlink:href="#sSpan2574" value="PPERS"/>
		<feat xlink:href="#sSpan2577" value="V"/>
		<feat xlink:href="#sSpan2579" value="PREP"/>
		<feat xlink:href="#sSpan2583" value="ART"/>
		<feat xlink:href="#sSpan2586" value="N"/>
		<feat xlink:href="#sSpan2589" value="ADV"/>
		<feat xlink:href="#sSpan2594" value="PREP"/>
		<feat xlink:href="#sSpan2596" value="PPERO"/>
		<feat xlink:href="#sSpan2598" value="PUNCT"/>
		<feat xlink:href="#sSpan2602" value="CONJ"/>
		<feat xlink:href="#sSpan2608" value="CPRET"/>
		<feat xlink:href="#sSpan2610" value="PPERS"/>
		<feat xlink:href="#sSpan2612" value="V"/>
		<feat xlink:href="#sSpan2614" value="PREP"/>
		<feat xlink:href="#sSpan2618" value="PPERO"/>
		<feat xlink:href="#sSpan2620" value="PREP"/>
		<feat xlink:href="#sSpan2624" value="ART"/>
		<feat xlink:href="#sSpan2626" value="N"/>
		<feat xlink:href="#sSpan2628" value="PREP"/>
		<feat xlink:href="#sSpan2632" value="PPOS"/>
		<feat xlink:href="#sSpan2636" value="N"/>
		<feat xlink:href="#sSpan2638" value="CCIRC"/>
		<feat xlink:href="#sSpan2642" value="PPERS"/>
		<feat xlink:href="#sSpan2644" value="V"/>
		<feat xlink:href="#sSpan2646" value="PREP"/>
		<feat xlink:href="#sSpan2650" value="PPERO"/>
		<feat xlink:href="#sSpan2652" value="IMOD"/>
		<feat xlink:href="#sSpan2654" value="PPERO"/>
		<feat xlink:href="#sSpan2656" value="PREP"/>
		<feat xlink:href="#sSpan2660" value="PPOS"/>
		<feat xlink:href="#sSpan2663" value="N"/>
		<feat xlink:href="#sSpan2665" value="CREL"/>
		<feat xlink:href="#sSpan2669" value="VSTAT"/>
		<feat xlink:href="#sSpan2671" value="CCIRC"/>
		<feat xlink:href="#sSpan2675" value="PPERS"/>
		<feat xlink:href="#sSpan2678" value="V"/>
		<feat xlink:href="#sSpan2681" value="PREP"/>
		<feat xlink:href="#sSpan2685" value="ART"/>
		<feat xlink:href="#sSpan2688" value="N"/>
		<feat xlink:href="#sSpan2690" value="PUNCT"/>
		<feat xlink:href="#sSpan2694" value="APST"/>
		<feat xlink:href="#sSpan2700" value="PPERS"/>
		<feat xlink:href="#sSpan2702" value="V"/>
		<feat xlink:href="#sSpan2704" value="ART"/>
		<feat xlink:href="#sSpan2707" value="N"/>
		<feat xlink:href="#sSpan2710" value="PTC"/>
		<feat xlink:href="#sSpan2714" value="CCIRC"/>
		<feat xlink:href="#sSpan2718" value="PPERS"/>
		<feat xlink:href="#sSpan2720" value="VSTAT"/>
		<feat xlink:href="#sSpan2722" value="PREP"/>
		<feat xlink:href="#sSpan2726" value="PPERO"/>
		<feat xlink:href="#sSpan2728" value="ADV"/>
		<feat xlink:href="#sSpan2732" value="PREP"/>
		<feat xlink:href="#sSpan2736" value="PPOS"/>
		<feat xlink:href="#sSpan2739" value="N"/>
		<feat xlink:href="#sSpan2741" value="PUNCT"/>
		<feat xlink:href="#sSpan2745" value="PREP"/>
		<feat xlink:href="#sSpan2751" value="PDEM"/>
		<feat xlink:href="#sSpan2755" value="PTC"/>
		<feat xlink:href="#sSpan2759" value="ADV"/>
		<feat xlink:href="#sSpan2763" value="ART"/>
		<feat xlink:href="#sSpan2768" value="N"/>
		<feat xlink:href="#sSpan2770" value="COP"/>
		<feat xlink:href="#sSpan2775" value="N"/>
		<feat xlink:href="#sSpan2781" value="NPROP"/>
		<feat xlink:href="#sSpan2785" value="CCIRC"/>
		<feat xlink:href="#sSpan2789" value="PPERS"/>
		<feat xlink:href="#sSpan2791" value="V"/>
		<feat xlink:href="#sSpan2793" value="PREP"/>
		<feat xlink:href="#sSpan2797" value="ART"/>
		<feat xlink:href="#sSpan2800" value="N"/>
		<feat xlink:href="#sSpan2802" value="PREP"/>
		<feat xlink:href="#sSpan2806" value="N"/>
		<feat xlink:href="#sSpan2809" value="PINT"/>
		<feat xlink:href="#sSpan2813" value="PUNCT"/>
		<feat xlink:href="#sSpan2817" value="PPOS"/>
		<feat xlink:href="#sSpan2824" value="N"/>
		<feat xlink:href="#sSpan2827" value="PTC"/>
		<feat xlink:href="#sSpan2831" value="CPRET"/>
		<feat xlink:href="#sSpan2835" value="ART"/>
		<feat xlink:href="#sSpan2839" value="N"/>
		<feat xlink:href="#sSpan2841" value="COP"/>
		<feat xlink:href="#sSpan2845" value="PUNCT"/>
		<feat xlink:href="#sSpan2849" value="PPERI"/>
		<feat xlink:href="#sSpan2855" value="IMOD_PPERO"/>
		<feat xlink:href="#sSpan2859" value="CPRET"/>
		<feat xlink:href="#sSpan2863" value="PPERS"/>
		<feat xlink:href="#sSpan2865" value="V"/>
		<feat xlink:href="#sSpan2868" value="CCIRC"/>
		<feat xlink:href="#sSpan2872" value="PPERS"/>
		<feat xlink:href="#sSpan2875" value="V"/>
		<feat xlink:href="#sSpan2877" value="PREP"/>
		<feat xlink:href="#sSpan2881" value="ART"/>
		<feat xlink:href="#sSpan2884" value="N"/>
		<feat xlink:href="#sSpan2886" value="PREP"/>
		<feat xlink:href="#sSpan2890" value="ART"/>
		<feat xlink:href="#sSpan2894" value="N"/>
		<feat xlink:href="#sSpan2896" value="PREP"/>
		<feat xlink:href="#sSpan2900" value="PDEM"/>
		<feat xlink:href="#sSpan2904" value="N"/>
		<feat xlink:href="#sSpan2906" value="CCIRC"/>
		<feat xlink:href="#sSpan2910" value="PPERS"/>
		<feat xlink:href="#sSpan2912" value="V"/>
		<feat xlink:href="#sSpan2914" value="PREP"/>
		<feat xlink:href="#sSpan2918" value="ART"/>
		<feat xlink:href="#sSpan2921" value="N"/>
		<feat xlink:href="#sSpan2923" value="PREP"/>
		<feat xlink:href="#sSpan2927" value="ART"/>
		<feat xlink:href="#sSpan2931" value="N"/>
		<feat xlink:href="#sSpan2933" value="PREP"/>
		<feat xlink:href="#sSpan2937" value="ART"/>
		<feat xlink:href="#sSpan2940" value="CREL"/>
		<feat xlink:href="#sSpan2942" value="VSTAT"/>
		<feat xlink:href="#sSpan2944" value="PUNCT"/>
		<feat xlink:href="#sSpan2948" value="PREP"/>
		<feat xlink:href="#sSpan2953" value="PDEM"/>
		<feat xlink:href="#sSpan2956" value="APST"/>
		<feat xlink:href="#sSpan2960" value="PPERS"/>
		<feat xlink:href="#sSpan2962" value="V"/>
		<feat xlink:href="#sSpan2964" value="PREP"/>
		<feat xlink:href="#sSpan2968" value="PPERO"/>
		<feat xlink:href="#sSpan2970" value="CONJ"/>
		<feat xlink:href="#sSpan2974" value="NPROP"/>
		<feat xlink:href="#sSpan2977" value="ART"/>
		<feat xlink:href="#sSpan2984" value="N"/>
		<feat xlink:href="#sSpan2986" value="PUNCT"/>
		<feat xlink:href="#sSpan2990" value="APST"/>
		<feat xlink:href="#sSpan2998" value="PPERS"/>
		<feat xlink:href="#sSpan3000" value="V"/>
		<feat xlink:href="#sSpan3003" value="PTC"/>
		<feat xlink:href="#sSpan3007" value="PREP"/>
		<feat xlink:href="#sSpan3011" value="ART"/>
		<feat xlink:href="#sSpan3014" value="N"/>
		<feat xlink:href="#sSpan3016" value="CCIRC"/>
		<feat xlink:href="#sSpan3020" value="PPERS"/>
		<feat xlink:href="#sSpan3022" value="VSTAT"/>
		<feat xlink:href="#sSpan3024" value="PREP"/>
		<feat xlink:href="#sSpan3028" value="PPOS"/>
		<feat xlink:href="#sSpan3030" value="N"/>
		<feat xlink:href="#sSpan3032" value="PREP"/>
		<feat xlink:href="#sSpan3036" value="ART"/>
		<feat xlink:href="#sSpan3039" value="NUM"/>
		<feat xlink:href="#sSpan3041" value="CCIRC"/>
		<feat xlink:href="#sSpan3045" value="PPERS"/>
		<feat xlink:href="#sSpan3048" value="V"/>
		<feat xlink:href="#sSpan3051" value="PREP"/>
		<feat xlink:href="#sSpan3055" value="ART"/>
		<feat xlink:href="#sSpan3058" value="N"/>
		<feat xlink:href="#sSpan3060" value="APST"/>
		<feat xlink:href="#sSpan3064" value="PPERS"/>
		<feat xlink:href="#sSpan3066" value="V"/>
		<feat xlink:href="#sSpan3068" value="PPERO"/>
		<feat xlink:href="#sSpan3070" value="PREP"/>
		<feat xlink:href="#sSpan3075" value="N"/>
		<feat xlink:href="#sSpan3079" value="NPROP"/>
		<feat xlink:href="#sSpan3083" value="PTC"/>
		<feat xlink:href="#sSpan3087" value="PPOS"/>
		<feat xlink:href="#sSpan3090" value="N"/>
		<feat xlink:href="#sSpan3092" value="PREP"/>
		<feat xlink:href="#sSpan3096" value="ART"/>
		<feat xlink:href="#sSpan3099" value="N"/>
		<feat xlink:href="#sSpan3101" value="CCIRC"/>
		<feat xlink:href="#sSpan3105" value="PPERS"/>
		<feat xlink:href="#sSpan3107" value="VSTAT"/>
		<feat xlink:href="#sSpan3109" value="VBD"/>
		<feat xlink:href="#sSpan3113" value="PPERS"/>
		<feat xlink:href="#sSpan3115" value="PREP"/>
		<feat xlink:href="#sSpan3119" value="PPERO"/>
		<feat xlink:href="#sSpan3121" value="CONJ"/>
		<feat xlink:href="#sSpan3125" value="PUNCT"/>
		<feat xlink:href="#sSpan3129" value="PPERS"/>
		<feat xlink:href="#sSpan3135" value="V"/>
		<feat xlink:href="#sSpan3137" value="PREP"/>
		<feat xlink:href="#sSpan3141" value="PPERO"/>
		<feat xlink:href="#sSpan3144" value="PTC"/>
		<feat xlink:href="#sSpan3148" value="PPOS"/>
		<feat xlink:href="#sSpan3153" value="N"/>
		<feat xlink:href="#sSpan3155" value="CCIRC"/>
		<feat xlink:href="#sSpan3159" value="PPERS"/>
		<feat xlink:href="#sSpan3161" value="V"/>
		<feat xlink:href="#sSpan3163" value="PREP"/>
		<feat xlink:href="#sSpan3167" value="ART"/>
		<feat xlink:href="#sSpan3170" value="N"/>
		<feat xlink:href="#sSpan3172" value="CONJ"/>
		<feat xlink:href="#sSpan3176" value="CFOC"/>
		<feat xlink:href="#sSpan3180" value="PPERS"/>
		<feat xlink:href="#sSpan3182" value="V"/>
		<feat xlink:href="#sSpan3184" value="PREP"/>
		<feat xlink:href="#sSpan3188" value="ART"/>
		<feat xlink:href="#sSpan3191" value="N"/>
		<feat xlink:href="#sSpan3193" value="CREL"/>
		<feat xlink:href="#sSpan3197" value="VSTAT"/>
		<feat xlink:href="#sSpan3199" value="PREP"/>
		<feat xlink:href="#sSpan3203" value="ART"/>
		<feat xlink:href="#sSpan3206" value="N"/>
		<feat xlink:href="#sSpan3208" value="PUNCT"/>
		<feat xlink:href="#sSpan3212" value="PPERS"/>
		<feat xlink:href="#sSpan3218" value="VSTAT"/>
		<feat xlink:href="#sSpan3221" value="PTC"/>
		<feat xlink:href="#sSpan3225" value="PREP"/>
		<feat xlink:href="#sSpan3229" value="ART"/>
		<feat xlink:href="#sSpan3233" value="N"/>
		<feat xlink:href="#sSpan3235" value="CONJ"/>
		<feat xlink:href="#sSpan3239" value="EXIST"/>
		<feat xlink:href="#sSpan3243" value="N"/>
		<feat xlink:href="#sSpan3245" value="PREP"/>
		<feat xlink:href="#sSpan3249" value="ART"/>
		<feat xlink:href="#sSpan3253" value="N"/>
		<feat xlink:href="#sSpan3255" value="PREP"/>
		<feat xlink:href="#sSpan3259" value="V"/>
		<feat xlink:href="#sSpan3261" value="CCIRC"/>
		<feat xlink:href="#sSpan3265" value="PPERS"/>
		<feat xlink:href="#sSpan3267" value="VSTAT"/>
		<feat xlink:href="#sSpan3269" value="ADV"/>
		<feat xlink:href="#sSpan3273" value="PREP"/>
		<feat xlink:href="#sSpan3277" value="ART"/>
		<feat xlink:href="#sSpan3280" value="N"/>
		<feat xlink:href="#sSpan3283" value="CONJ"/>
		<feat xlink:href="#sSpan3287" value="ANEGAOR"/>
		<feat xlink:href="#sSpan3291" value="PPERS"/>
		<feat xlink:href="#sSpan3293" value="V"/>
		<feat xlink:href="#sSpan3295" value="ART"/>
		<feat xlink:href="#sSpan3298" value="N"/>
		<feat xlink:href="#sSpan3300" value="ACONJ"/>
		<feat xlink:href="#sSpan3304" value="PPERS"/>
		<feat xlink:href="#sSpan3306" value="V"/>
		<feat xlink:href="#sSpan3308" value="PPERO"/>
		<feat xlink:href="#sSpan3310" value="PREP"/>
		<feat xlink:href="#sSpan3314" value="ART"/>
		<feat xlink:href="#sSpan3317" value="N"/>
		<feat xlink:href="#sSpan3321" value="PUNCT"/>
		<feat xlink:href="#sSpan3326" value="CONJ"/>
		<feat xlink:href="#sSpan3330" value="AAOR"/>
		<feat xlink:href="#sSpan3334" value="PPERS"/>
		<feat xlink:href="#sSpan3336" value="V"/>
		<feat xlink:href="#sSpan3338" value="PPERO"/>
		<feat xlink:href="#sSpan3340" value="PREP"/>
		<feat xlink:href="#sSpan3344" value="ART"/>
		<feat xlink:href="#sSpan3348" value="N"/>
		<feat xlink:href="#sSpan3350" value="ACONJ"/>
		<feat xlink:href="#sSpan3354" value="PPERS"/>
		<feat xlink:href="#sSpan3357" value="V"/>
		<feat xlink:href="#sSpan3360" value="PREP"/>
		<feat xlink:href="#sSpan3364" value="ART"/>
		<feat xlink:href="#sSpan3367" value="CREL"/>
		<feat xlink:href="#sSpan3369" value="VSTAT"/>
		<feat xlink:href="#sSpan3371" value="IMOD"/>
		<feat xlink:href="#sSpan3375" value="ART"/>
		<feat xlink:href="#sSpan3377" value="PREP"/>
		<feat xlink:href="#sSpan3381" value="ART"/>
		<feat xlink:href="#sSpan3384" value="N"/>
		<feat xlink:href="#sSpan3386" value="PPERI"/>
		<feat xlink:href="#sSpan3390" value="ART"/>
		<feat xlink:href="#sSpan3394" value="COP"/>
		<feat xlink:href="#sSpan3398" value="ART"/>
		<feat xlink:href="#sSpan3403" value="N"/>
		<feat xlink:href="#sSpan3405" value="CREL"/>
		<feat xlink:href="#sSpan3409" value="VSTAT"/>
		<feat xlink:href="#sSpan3412" value="PTC"/>
		<feat xlink:href="#sSpan3416" value="PPOS"/>
		<feat xlink:href="#sSpan3421" value="N"/>
		<feat xlink:href="#sSpan3423" value="PDEM"/>
		<feat xlink:href="#sSpan3427" value="CREL"/>
		<feat xlink:href="#sSpan3431" value="PPERS"/>
		<feat xlink:href="#sSpan3433" value="FUT"/>
		<feat xlink:href="#sSpan3435" value="V"/>
		<feat xlink:href="#sSpan3437" value="PPERO"/>
		<feat xlink:href="#sSpan3439" value="PREP"/>
		<feat xlink:href="#sSpan3443" value="ART"/>
		<feat xlink:href="#sSpan3447" value="N"/>
		<feat xlink:href="#sSpan3449" value="ACONJ"/>
		<feat xlink:href="#sSpan3453" value="PPERS"/>
		<feat xlink:href="#sSpan3456" value="V"/>
		<feat xlink:href="#sSpan3459" value="PREP"/>
		<feat xlink:href="#sSpan3463" value="ART"/>
		<feat xlink:href="#sSpan3466" value="CREL"/>
		<feat xlink:href="#sSpan3468" value="VSTAT"/>
		<feat xlink:href="#sSpan3470" value="IMOD"/>
		<feat xlink:href="#sSpan3474" value="ART"/>
		<feat xlink:href="#sSpan3476" value="PREP"/>
		<feat xlink:href="#sSpan3480" value="ART"/>
		<feat xlink:href="#sSpan3483" value="N"/>
		<feat xlink:href="#sSpan3485" value="PREP"/>
		<feat xlink:href="#sSpan3489" value="ART"/>
		<feat xlink:href="#sSpan3492" value="N"/>
		<feat xlink:href="#sSpan3494" value="V"/>
		<feat xlink:href="#sSpan3498" value="ADV"/>
		<feat xlink:href="#sSpan3502" value="PREP"/>
		<feat xlink:href="#sSpan3506" value="ART"/>
		<feat xlink:href="#sSpan3510" value="N"/>
		<feat xlink:href="#sSpan3512" value="IMOD"/>
		<feat xlink:href="#sSpan3516" value="PPERO"/>
		<feat xlink:href="#sSpan3518" value="PREP"/>
		<feat xlink:href="#sSpan3522" value="ART"/>
		<feat xlink:href="#sSpan3526" value="N"/>
		<feat xlink:href="#sSpan3528" value="PREP"/>
		<feat xlink:href="#sSpan3533" value="N"/>
		<feat xlink:href="#sSpan3536" value="ADV"/>
		<feat xlink:href="#sSpan3540" value="PREP"/>
		<feat xlink:href="#sSpan3544" value="PPOS"/>
		<feat xlink:href="#sSpan3547" value="N"/>
		<feat xlink:href="#sSpan3549" value="ART"/>
		<feat xlink:href="#sSpan3553" value="N"/>
		<feat xlink:href="#sSpan3557" value="PUNCT"/>
		<feat xlink:href="#sSpan3561" value="PREP"/>
		<feat xlink:href="#sSpan3567" value="ART"/>
		<feat xlink:href="#sSpan3569" value="N"/>
		<feat xlink:href="#sSpan3571" value="APST"/>
		<feat xlink:href="#sSpan3575" value="PPERS"/>
		<feat xlink:href="#sSpan3577" value="V"/>
		<feat xlink:href="#sSpan3579" value="PPERO"/>
		<feat xlink:href="#sSpan3581" value="PTC"/>
		<feat xlink:href="#sSpan3586" value="N"/>
		<feat xlink:href="#sSpan3590" value="NPROP"/>
		<feat xlink:href="#sSpan3594" value="APST"/>
		<feat xlink:href="#sSpan3598" value="PPERS"/>
		<feat xlink:href="#sSpan3601" value="V"/>
		<feat xlink:href="#sSpan3603" value="PREP"/>
		<feat xlink:href="#sSpan3607" value="PPOS"/>
		<feat xlink:href="#sSpan3610" value="N"/>
		<feat xlink:href="#sSpan3612" value="PUNCT"/>
		<feat xlink:href="#sSpan3617" value="ADV"/>
		<feat xlink:href="#sSpan3621" value="APST"/>
		<feat xlink:href="#sSpan3625" value="PPERS"/>
		<feat xlink:href="#sSpan3627" value="V"/>
		<feat xlink:href="#sSpan3629" value="PREP"/>
		<feat xlink:href="#sSpan3633" value="PPERO"/>
		<feat xlink:href="#sSpan3635" value="PTC"/>
		<feat xlink:href="#sSpan3639" value="PPOS"/>
		<feat xlink:href="#sSpan3642" value="N"/>
		<feat xlink:href="#sSpan3644" value="CCIRC"/>
		<feat xlink:href="#sSpan3648" value="PPERS"/>
		<feat xlink:href="#sSpan3650" value="V"/>
		<feat xlink:href="#sSpan3652" value="PREP"/>
		<feat xlink:href="#sSpan3656" value="PPERO"/>
		<feat xlink:href="#sSpan3658" value="CONJ"/>
		<feat xlink:href="#sSpan3662" value="PUNCT"/>
		<feat xlink:href="#sSpan3666" value="V"/>
		<feat xlink:href="#sSpan3670" value="ADV"/>
		<feat xlink:href="#sSpan3674" value="PPOS"/>
		<feat xlink:href="#sSpan3679" value="N"/>
		<feat xlink:href="#sSpan3681" value="PUNCT"/>
		<feat xlink:href="#sSpan3685" value="NEG"/>
		<feat xlink:href="#sSpan3691" value="PPERI"/>
		<feat xlink:href="#sSpan3693" value="NEG"/>
		<feat xlink:href="#sSpan3697" value="ART"/>
		<feat xlink:href="#sSpan3701" value="CREL"/>
		<feat xlink:href="#sSpan3703" value="V"/>
		<feat xlink:href="#sSpan3706" value="CONJ"/>
		<feat xlink:href="#sSpan3710" value="ART"/>
		<feat xlink:href="#sSpan3716" value="N"/>
		<feat xlink:href="#sSpan3718" value="CREL"/>
		<feat xlink:href="#sSpan3722" value="VSTAT"/>
		<feat xlink:href="#sSpan3724" value="ART"/>
		<feat xlink:href="#sSpan3728" value="CREL"/>
		<feat xlink:href="#sSpan3731" value="V"/>
		<feat xlink:href="#sSpan3733" value="PREP"/>
		<feat xlink:href="#sSpan3737" value="ART"/>
		<feat xlink:href="#sSpan3740" value="CREL"/>
		<feat xlink:href="#sSpan3742" value="N"/>
		<feat xlink:href="#sSpan3745" value="COP"/>
		<feat xlink:href="#sSpan3749" value="PREP"/>
		<feat xlink:href="#sSpan3753" value="ART"/>
		<feat xlink:href="#sSpan3756" value="N"/>
		<feat xlink:href="#sSpan3758" value="ANY"/>
		<feat xlink:href="#sSpan3762" value="PPERS"/>
		<feat xlink:href="#sSpan3764" value="V"/>
		<feat xlink:href="#sSpan3766" value="PUNCT"/>
		<feat xlink:href="#sSpan3770" value="ADV"/>
		<feat xlink:href="#sSpan3776" value="ART"/>
		<feat xlink:href="#sSpan3781" value="N"/>
		<feat xlink:href="#sSpan3785" value="PREP"/>
		<feat xlink:href="#sSpan3789" value="PDEM"/>
		<feat xlink:href="#sSpan3793" value="N"/>
		<feat xlink:href="#sSpan3795" value="PREP"/>
		<feat xlink:href="#sSpan3799" value="ART"/>
		<feat xlink:href="#sSpan3802" value="N"/>
		<feat xlink:href="#sSpan3804" value="PREP"/>
		<feat xlink:href="#sSpan3808" value="PPOS"/>
		<feat xlink:href="#sSpan3810" value="FUT"/>
		<feat xlink:href="#sSpan3812" value="V"/>
		<feat xlink:href="#sSpan3815" value="ADV"/>
		<feat xlink:href="#sSpan3819" value="PUNCT"/>
		<feat xlink:href="#sSpan3823" value="PPERS"/>
		<feat xlink:href="#sSpan3829" value="VSTAT"/>
		<feat xlink:href="#sSpan3832" value="PTC"/>
		<feat xlink:href="#sSpan3836" value="PREP"/>
		<feat xlink:href="#sSpan3840" value="ART"/>
		<feat xlink:href="#sSpan3843" value="N"/>
		<feat xlink:href="#sSpan3845" value="PREP"/>
		<feat xlink:href="#sSpan3851" value="NPROP"/>
		<feat xlink:href="#sSpan3854" value="CONJ"/>
		<feat xlink:href="#sSpan3858" value="ART"/>
		<feat xlink:href="#sSpan3863" value="CREL"/>
		<feat xlink:href="#sSpan3865" value="VSTAT"/>
		<feat xlink:href="#sSpan3867" value="CCIRC"/>
		<feat xlink:href="#sSpan3871" value="PPERS"/>
		<feat xlink:href="#sSpan3873" value="VSTAT"/>
		<feat xlink:href="#sSpan3875" value="PREP"/>
		<feat xlink:href="#sSpan3879" value="ART"/>
		<feat xlink:href="#sSpan3882" value="N"/>
		<feat xlink:href="#sSpan3884" value="PPOS"/>
		<feat xlink:href="#sSpan3889" value="N"/>
		<feat xlink:href="#sSpan3891" value="PUNCT"/>
		<feat xlink:href="#sSpan3895" value="ART"/>
		<feat xlink:href="#sSpan3902" value="CREL"/>
		<feat xlink:href="#sSpan3904" value="VSTAT"/>
		<feat xlink:href="#sSpan3907" value="PTC"/>
		<feat xlink:href="#sSpan3911" value="ADV"/>
		<feat xlink:href="#sSpan3915" value="CCIRC"/>
		<feat xlink:href="#sSpan3919" value="PPERS"/>
		<feat xlink:href="#sSpan3921" value="VSTAT"/>
		<feat xlink:href="#sSpan3923" value="PREP"/>
		<feat xlink:href="#sSpan3927" value="PPERO"/>
		<feat xlink:href="#sSpan3929" value="PREP"/>
		<feat xlink:href="#sSpan3933" value="PPOS"/>
		<feat xlink:href="#sSpan3936" value="N"/>
		<feat xlink:href="#sSpan3938" value="PUNCT"/>
		<feat xlink:href="#sSpan3942" value="APST"/>
		<feat xlink:href="#sSpan3950" value="PPERS"/>
		<feat xlink:href="#sSpan3952" value="V"/>
		<feat xlink:href="#sSpan3955" value="PTC"/>
		<feat xlink:href="#sSpan3959" value="PTC"/>
		<feat xlink:href="#sSpan3964" value="N"/>
		<feat xlink:href="#sSpan3968" value="NPROP"/>
		<feat xlink:href="#sSpan3972" value="VBD"/>
		<feat xlink:href="#sSpan3976" value="PPERS"/>
		<feat xlink:href="#sSpan3978" value="CONJ"/>
		<feat xlink:href="#sSpan3982" value="PUNCT"/>
		<feat xlink:href="#sSpan3987" value="V"/>
		<feat xlink:href="#sSpan3993" value="PREP"/>
		<feat xlink:href="#sSpan3997" value="PPERO"/>
		<feat xlink:href="#sSpan3999" value="ACONJ_PPERS"/>
		<feat xlink:href="#sSpan4003" value="V"/>
		<feat xlink:href="#sSpan4005" value="PREP"/>
		<feat xlink:href="#sSpan4009" value="PPERO"/>
		<feat xlink:href="#sSpan4011" value="PREP"/>
		<feat xlink:href="#sSpan4015" value="ART"/>
		<feat xlink:href="#sSpan4018" value="N"/>
		<feat xlink:href="#sSpan4020" value="ACONJ"/>
		<feat xlink:href="#sSpan4024" value="PPERS"/>
		<feat xlink:href="#sSpan4026" value="NEG"/>
		<feat xlink:href="#sSpan4028" value="V"/>
		<feat xlink:href="#sSpan4030" value="PREP"/>
		<feat xlink:href="#sSpan4034" value="PPERO"/>
		<feat xlink:href="#sSpan4036" value="PUNCT"/>
		<feat xlink:href="#sSpan4041" value="ADV"/>
		<feat xlink:href="#sSpan4045" value="CCIRC"/>
		<feat xlink:href="#sSpan4049" value="PPERS"/>
		<feat xlink:href="#sSpan4051" value="FUT"/>
		<feat xlink:href="#sSpan4053" value="V"/>
		<feat xlink:href="#sSpan4055" value="PPERO"/>
		<feat xlink:href="#sSpan4057" value="NEG"/>
		<feat xlink:href="#sSpan4061" value="PREP"/>
		<feat xlink:href="#sSpan4065" value="ART"/>
		<feat xlink:href="#sSpan4069" value="N"/>
		<feat xlink:href="#sSpan4073" value="CONJ"/>
		<feat xlink:href="#sSpan4077" value="PREP"/>
		<feat xlink:href="#sSpan4081" value="ART"/>
		<feat xlink:href="#sSpan4085" value="N"/>
		<feat xlink:href="#sSpan4088" value="CCIRC"/>
		<feat xlink:href="#sSpan4092" value="PPERS"/>
		<feat xlink:href="#sSpan4094" value="VSTAT"/>
		<feat xlink:href="#sSpan4096" value="PUNCT"/>
		<feat xlink:href="#sSpan4101" value="CONJ"/>
		<feat xlink:href="#sSpan4107" value="CFOC"/>
		<feat xlink:href="#sSpan4111" value="PPERS"/>
		<feat xlink:href="#sSpan4114" value="V"/>
		<feat xlink:href="#sSpan4117" value="PREP"/>
		<feat xlink:href="#sSpan4121" value="ART"/>
		<feat xlink:href="#sSpan4125" value="N"/>
		<feat xlink:href="#sSpan4127" value="CREL"/>
		<feat xlink:href="#sSpan4131" value="VSTAT"/>
		<feat xlink:href="#sSpan4133" value="CREL"/>
		<feat xlink:href="#sSpan4137" value="PREP"/>
		<feat xlink:href="#sSpan4139" value="ART"/>
		<feat xlink:href="#sSpan4142" value="N"/>
		<feat xlink:href="#sSpan4144" value="CREL"/>
		<feat xlink:href="#sSpan4148" value="PREP"/>
		<feat xlink:href="#sSpan4150" value="N"/>
		<feat xlink:href="#sSpan4152" value="PREP"/>
		<feat xlink:href="#sSpan4156" value="ART"/>
		<feat xlink:href="#sSpan4159" value="N"/>
		<feat xlink:href="#sSpan4161" value="PDEM"/>
		<feat xlink:href="#sSpan4166" value="PREP"/>
		<feat xlink:href="#sSpan4170" value="ACAUS"/>
		<feat xlink:href="#sSpan4172" value="PPERS"/>
		<feat xlink:href="#sSpan4175" value="V"/>
		<feat xlink:href="#sSpan4177" value="PREP"/>
		<feat xlink:href="#sSpan4181" value="PPOS"/>
		<feat xlink:href="#sSpan4183" value="N"/>
		<feat xlink:href="#sSpan4185" value="PREP"/>
		<feat xlink:href="#sSpan4189" value="PPOS"/>
		<feat xlink:href="#sSpan4191" value="N"/>
		<feat xlink:href="#sSpan4193" value="PUNCT"/>
		<feat xlink:href="#sSpan4197" value="ART"/>
		<feat xlink:href="#sSpan4203" value="N"/>
		<feat xlink:href="#sSpan4206" value="N"/>
		<feat xlink:href="#sSpan4211" value="NPROP"/>
		<feat xlink:href="#sSpan4215" value="VBD"/>
		<feat xlink:href="#sSpan4219" value="PPERS"/>
		<feat xlink:href="#sSpan4221" value="PREP"/>
		<feat xlink:href="#sSpan4225" value="PPERO"/>
		<feat xlink:href="#sSpan4227" value="CONJ"/>
		<feat xlink:href="#sSpan4231" value="PUNCT"/>
		<feat xlink:href="#sSpan4235" value="VIMP"/>
		<feat xlink:href="#sSpan4239" value="ART"/>
		<feat xlink:href="#sSpan4242" value="N"/>
		<feat xlink:href="#sSpan4244" value="PPOS"/>
		<feat xlink:href="#sSpan4249" value="N"/>
		<feat xlink:href="#sSpan4251" value="PUNCT"/>
		<feat xlink:href="#sSpan4255" value="APST"/>
		<feat xlink:href="#sSpan4261" value="PPERS"/>
		<feat xlink:href="#sSpan4263" value="V"/>
		<feat xlink:href="#sSpan4265" value="PTC"/>
		<feat xlink:href="#sSpan4270" value="N"/>
		<feat xlink:href="#sSpan4274" value="NPROP"/>
		<feat xlink:href="#sSpan4278" value="CCIRC"/>
		<feat xlink:href="#sSpan4282" value="PPERS"/>
		<feat xlink:href="#sSpan4284" value="V"/>
		<feat xlink:href="#sSpan4286" value="PREP"/>
		<feat xlink:href="#sSpan4290" value="PPERO"/>
		<feat xlink:href="#sSpan4292" value="CONJ"/>
		<feat xlink:href="#sSpan4296" value="PUNCT"/>
		<feat xlink:href="#sSpan4300" value="APST"/>
		<feat xlink:href="#sSpan4306" value="PPERS"/>
		<feat xlink:href="#sSpan4308" value="V"/>
		<feat xlink:href="#sSpan4310" value="PREP"/>
		<feat xlink:href="#sSpan4314" value="PPERO"/>
		<feat xlink:href="#sSpan4316" value="PREP"/>
		<feat xlink:href="#sSpan4320" value="ART"/>
		<feat xlink:href="#sSpan4323" value="N"/>
		<feat xlink:href="#sSpan4325" value="CCIRC"/>
		<feat xlink:href="#sSpan4329" value="PPERS"/>
		<feat xlink:href="#sSpan4331" value="VSTAT"/>
		<feat xlink:href="#sSpan4333" value="PREP"/>
		<feat xlink:href="#sSpan4337" value="N"/>
		<feat xlink:href="#sSpan4340" value="PREP"/>
		<feat xlink:href="#sSpan4344" value="ART"/>
		<feat xlink:href="#sSpan4347" value="N"/>
		<feat xlink:href="#sSpan4349" value="PREP"/>
		<feat xlink:href="#sSpan4353" value="PPOS"/>
		<feat xlink:href="#sSpan4356" value="N"/>
		<feat xlink:href="#sSpan4358" value="CCIRC"/>
		<feat xlink:href="#sSpan4362" value="PPERS"/>
		<feat xlink:href="#sSpan4364" value="V"/>
		<feat xlink:href="#sSpan4366" value="PREP"/>
		<feat xlink:href="#sSpan4370" value="PPOS"/>
		<feat xlink:href="#sSpan4373" value="N"/>
		<feat xlink:href="#sSpan4375" value="PREP"/>
		<feat xlink:href="#sSpan4379" value="ART"/>
		<feat xlink:href="#sSpan4382" value="N"/>
		<feat xlink:href="#sSpan4384" value="APST"/>
		<feat xlink:href="#sSpan4388" value="ART"/>
		<feat xlink:href="#sSpan4391" value="N"/>
		<feat xlink:href="#sSpan4393" value="PREP"/>
		<feat xlink:href="#sSpan4398" value="N"/>
		<feat xlink:href="#sSpan4400" value="PREP"/>
		<feat xlink:href="#sSpan4404" value="ART"/>
		<feat xlink:href="#sSpan4407" value="N"/>
		<feat xlink:href="#sSpan4410" value="V"/>
		<feat xlink:href="#sSpan4414" value="PREP"/>
		<feat xlink:href="#sSpan4418" value="PPERO"/>
		<feat xlink:href="#sSpan4420" value="PREP"/>
		<feat xlink:href="#sSpan4424" value="ART"/>
		<feat xlink:href="#sSpan4427" value="N"/>
		<feat xlink:href="#sSpan4429" value="PUNCT"/>
		<feat xlink:href="#sSpan4433" value="CPRET"/>
		<feat xlink:href="#sSpan4439" value="APST"/>
		<feat xlink:href="#sSpan4441" value="N"/>
		<feat xlink:href="#sSpan4445" value="PTC"/>
		<feat xlink:href="#sSpan4449" value="V"/>
		<feat xlink:href="#sSpan4453" value="ART"/>
		<feat xlink:href="#sSpan4457" value="PUNCT"/>
		<feat xlink:href="#sSpan4461" value="CONJ"/>
		<feat xlink:href="#sSpan4465" value="APST"/>
		<feat xlink:href="#sSpan4469" value="PPERS"/>
		<feat xlink:href="#sSpan4471" value="V"/>
		<feat xlink:href="#sSpan4473" value="PPERO"/>
		<feat xlink:href="#sSpan4475" value="ADV"/>
		<feat xlink:href="#sSpan4479" value="PREP"/>
		<feat xlink:href="#sSpan4483" value="ART"/>
		<feat xlink:href="#sSpan4486" value="N"/>
		<feat xlink:href="#sSpan4488" value="CREL"/>
		<feat xlink:href="#sSpan4492" value="ART"/>
		<feat xlink:href="#sSpan4495" value="N"/>
		<feat xlink:href="#sSpan4497" value="PREP"/>
		<feat xlink:href="#sSpan4501" value="PPERO"/>
		<feat xlink:href="#sSpan4503" value="APST"/>
		<feat xlink:href="#sSpan4507" value="PPERS"/>
		<feat xlink:href="#sSpan4509" value="V"/>
		<feat xlink:href="#sSpan4512" value="CCIRC"/>
		<feat xlink:href="#sSpan4516" value="PPERS"/>
		<feat xlink:href="#sSpan4519" value="V"/>
		<feat xlink:href="#sSpan4521" value="PREP"/>
		<feat xlink:href="#sSpan4525" value="PPERO"/>
		<feat xlink:href="#sSpan4527" value="CONJ"/>
		<feat xlink:href="#sSpan4531" value="AOPT_PPERS"/>
		<feat xlink:href="#sSpan4533" value="V"/>
		<feat xlink:href="#sSpan4535" value="PREP"/>
		<feat xlink:href="#sSpan4539" value="ART"/>
		<feat xlink:href="#sSpan4542" value="N"/>
		<feat xlink:href="#sSpan4544" value="PUNCT"/>
		<feat xlink:href="#sSpan4548" value="PPERI"/>
		<feat xlink:href="#sSpan4555" value="PTC"/>
		<feat xlink:href="#sSpan4559" value="APST"/>
		<feat xlink:href="#sSpan4563" value="PPERS"/>
		<feat xlink:href="#sSpan4566" value="V"/>
		<feat xlink:href="#sSpan4568" value="PREP"/>
		<feat xlink:href="#sSpan4572" value="PPERO"/>
		<feat xlink:href="#sSpan4574" value="APST"/>
		<feat xlink:href="#sSpan4578" value="PPERS"/>
		<feat xlink:href="#sSpan4580" value="V"/>
		<feat xlink:href="#sSpan4582" value="ART"/>
		<feat xlink:href="#sSpan4585" value="N"/>
		<feat xlink:href="#sSpan4587" value="PUNCT"/>
		<feat xlink:href="#sSpan4591" value="APST"/>
		<feat xlink:href="#sSpan4597" value="PPERS"/>
		<feat xlink:href="#sSpan4599" value="V"/>
		<feat xlink:href="#sSpan4601" value="ART"/>
		<feat xlink:href="#sSpan4604" value="N"/>
		<feat xlink:href="#sSpan4606" value="PREP"/>
		<feat xlink:href="#sSpan4610" value="ART"/>
		<feat xlink:href="#sSpan4612" value="CREL"/>
		<feat xlink:href="#sSpan4614" value="VBD"/>
		<feat xlink:href="#sSpan4616" value="PPERS"/>
		<feat xlink:href="#sSpan4618" value="PREP"/>
		<feat xlink:href="#sSpan4622" value="PPERO"/>
		<feat xlink:href="#sSpan4624" value="APST"/>
		<feat xlink:href="#sSpan4628" value="PPERS"/>
		<feat xlink:href="#sSpan4630" value="V"/>
		<feat xlink:href="#sSpan4632" value="PREP"/>
		<feat xlink:href="#sSpan4636" value="PPERO"/>
		<feat xlink:href="#sSpan4638" value="PREP"/>
		<feat xlink:href="#sSpan4642" value="N"/>
		<feat xlink:href="#sSpan4645" value="PUNCT"/>
		<feat xlink:href="#sSpan4649" value="APREC"/>
		<feat xlink:href="#sSpan4655" value="N"/>
		<feat xlink:href="#sSpan4659" value="PTC"/>
		<feat xlink:href="#sSpan4663" value="V"/>
		<feat xlink:href="#sSpan4667" value="ACONJ"/>
		<feat xlink:href="#sSpan4671" value="PPERS"/>
		<feat xlink:href="#sSpan4673" value="V"/>
		<feat xlink:href="#sSpan4676" value="CCIRC"/>
		<feat xlink:href="#sSpan4680" value="PPERS"/>
		<feat xlink:href="#sSpan4682" value="FUT"/>
		<feat xlink:href="#sSpan4684" value="V"/>
		<feat xlink:href="#sSpan4686" value="PPERI"/>
		<feat xlink:href="#sSpan4691" value="PTC"/>
		<feat xlink:href="#sSpan4695" value="APST"/>
		<feat xlink:href="#sSpan4699" value="PPERS"/>
		<feat xlink:href="#sSpan4701" value="V"/>
		<feat xlink:href="#sSpan4703" value="PREP"/>
		<feat xlink:href="#sSpan4707" value="PPERO"/>
		<feat xlink:href="#sSpan4709" value="CONJ"/>
		<feat xlink:href="#sSpan4713" value="PREP"/>
		<feat xlink:href="#sSpan4715" value="PPERO"/>
		<feat xlink:href="#sSpan4717" value="CONJ"/>
		<feat xlink:href="#sSpan4721" value="PPERI"/>
		<feat xlink:href="#sSpan4725" value="IMOD"/>
		<feat xlink:href="#sSpan4729" value="PPERO"/>
		<feat xlink:href="#sSpan4731" value="ADV"/>
		<feat xlink:href="#sSpan4735" value="APST"/>
		<feat xlink:href="#sSpan4739" value="PPERS"/>
		<feat xlink:href="#sSpan4741" value="V"/>
		<feat xlink:href="#sSpan4743" value="PREP"/>
		<feat xlink:href="#sSpan4747" value="PPERO"/>
		<feat xlink:href="#sSpan4749" value="PREP"/>
		<feat xlink:href="#sSpan4753" value="PDEM"/>
		<feat xlink:href="#sSpan4756" value="N"/>
		<feat xlink:href="#sSpan4758" value="PREP"/>
		<feat xlink:href="#sSpan4762" value="N"/>
		<feat xlink:href="#sSpan4764" value="PDEM"/>
		<feat xlink:href="#sSpan4768" value="CREL"/>
		<feat xlink:href="#sSpan4772" value="APST"/>
		<feat xlink:href="#sSpan4774" value="PPERS"/>
		<feat xlink:href="#sSpan4776" value="V"/>
		<feat xlink:href="#sSpan4778" value="PPERO"/>
		<feat xlink:href="#sSpan4780" value="PREP"/>
		<feat xlink:href="#sSpan4784" value="PPERO"/>
		<feat xlink:href="#sSpan4786" value="PUNCT"/>
		<feat xlink:href="#sSpan4790" value="CONJ"/>
		<feat xlink:href="#sSpan4794" value="PUNCT"/>
		<feat xlink:href="#sSpan4798" value="CCIRC"/>
		<feat xlink:href="#sSpan4802" value="ART"/>
		<feat xlink:href="#sSpan4806" value="N"/>
		<feat xlink:href="#sSpan4808" value="PREP"/>
		<feat xlink:href="#sSpan4813" value="N"/>
		<feat xlink:href="#sSpan4817" value="ADV"/>
		<feat xlink:href="#sSpan4821" value="V"/>
		<feat xlink:href="#sSpan4825" value="PREP"/>
		<feat xlink:href="#sSpan4829" value="PPOS"/>
		<feat xlink:href="#sSpan4832" value="N"/>
		<feat xlink:href="#sSpan4834" value="PUNCT"/>
		<feat xlink:href="#sSpan4838" value="ADV"/>
		<feat xlink:href="#sSpan4844" value="PTC"/>
		<feat xlink:href="#sSpan4848" value="PPERS"/>
		<feat xlink:href="#sSpan4853" value="V"/>
		<feat xlink:href="#sSpan4856" value="PREP"/>
		<feat xlink:href="#sSpan4860" value="PDEM"/>
		<feat xlink:href="#sSpan4863" value="N"/>
		<feat xlink:href="#sSpan4865" value="CONJ"/>
		<feat xlink:href="#sSpan4869" value="NEG"/>
		<feat xlink:href="#sSpan4871" value="PPERS"/>
		<feat xlink:href="#sSpan4873" value="V"/>
		<feat xlink:href="#sSpan4875" value="NEG"/>
		<feat xlink:href="#sSpan4879" value="CONJ"/>
		<feat xlink:href="#sSpan4883" value="CFOC"/>
		<feat xlink:href="#sSpan4885" value="PINT"/>
		<feat xlink:href="#sSpan4887" value="FUT"/>
		<feat xlink:href="#sSpan4891" value="V"/>
		<feat xlink:href="#sSpan4893" value="PUNCT"/>
		<feat xlink:href="#sSpan4897" value="ART"/>
		<feat xlink:href="#sSpan4904" value="N"/>
		<feat xlink:href="#sSpan4909" value="PTC"/>
		<feat xlink:href="#sSpan4913" value="ADV"/>
		<feat xlink:href="#sSpan4918" value="PREP"/>
		<feat xlink:href="#sSpan4922" value="ART"/>
		<feat xlink:href="#sSpan4925" value="N"/>
		<feat xlink:href="#sSpan4927" value="APST"/>
		<feat xlink:href="#sSpan4931" value="PPERS"/>
		<feat xlink:href="#sSpan4933" value="V"/>
		<feat xlink:href="#sSpan4935" value="ART"/>
		<feat xlink:href="#sSpan4938" value="N"/>
		<feat xlink:href="#sSpan4940" value="APST"/>
		<feat xlink:href="#sSpan4944" value="ART"/>
		<feat xlink:href="#sSpan4947" value="N"/>
		<feat xlink:href="#sSpan4949" value="V"/>
		<feat xlink:href="#sSpan4953" value="PPERO"/>
		<feat xlink:href="#sSpan4955" value="PREP"/>
		<feat xlink:href="#sSpan4959" value="PPOS"/>
		<feat xlink:href="#sSpan4963" value="N"/>
		<feat xlink:href="#sSpan4966" value="PUNCT"/>
		<feat xlink:href="#sSpan4970" value="PREP"/>
		<feat xlink:href="#sSpan4976" value="ART"/>
		<feat xlink:href="#sSpan4978" value="N"/>
		<feat xlink:href="#sSpan4980" value="PTC"/>
		<feat xlink:href="#sSpan4984" value="CREL"/>
		<feat xlink:href="#sSpan4988" value="V"/>
		<feat xlink:href="#sSpan4990" value="N"/>
		<feat xlink:href="#sSpan4993" value="PPERO"/>
		<feat xlink:href="#sSpan4995" value="PREP"/>
		<feat xlink:href="#sSpan4999" value="ART"/>
		<feat xlink:href="#sSpan5002" value="N"/>
		<feat xlink:href="#sSpan5004" value="PPOS"/>
		<feat xlink:href="#sSpan5009" value="N"/>
		<feat xlink:href="#sSpan5011" value="CREL"/>
		<feat xlink:href="#sSpan5015" value="VBD"/>
		<feat xlink:href="#sSpan5017" value="PPERS"/>
		<feat xlink:href="#sSpan5019" value="AJUS"/>
		<feat xlink:href="#sSpan5023" value="PPERS"/>
		<feat xlink:href="#sSpan5025" value="V"/>
		<feat xlink:href="#sSpan5027" value="PUNCT"/>
		<feat xlink:href="#sSpan5031" value="APST"/>
		<feat xlink:href="#sSpan5039" value="PPERS"/>
		<feat xlink:href="#sSpan5041" value="V"/>
		<feat xlink:href="#sSpan5043" value="PTC"/>
		<feat xlink:href="#sSpan5047" value="ART"/>
		<feat xlink:href="#sSpan5050" value="N"/>
		<feat xlink:href="#sSpan5052" value="PREP"/>
		<feat xlink:href="#sSpan5056" value="ART"/>
		<feat xlink:href="#sSpan5060" value="N"/>
		<feat xlink:href="#sSpan5062" value="ART"/>
		<feat xlink:href="#sSpan5067" value="N"/>
		<feat xlink:href="#sSpan5070" value="PREP"/>
		<feat xlink:href="#sSpan5074" value="N"/>
		<feat xlink:href="#sSpan5077" value="CONJ"/>
		<feat xlink:href="#sSpan5081" value="PREP"/>
		<feat xlink:href="#sSpan5085" value="N"/>
		<feat xlink:href="#sSpan5089" value="N"/>
		<feat xlink:href="#sSpan5094" value="NPROP"/>
		<feat xlink:href="#sSpan5098" value="CONJ"/>
		<feat xlink:href="#sSpan5102" value="PUNCT"/>
		<feat xlink:href="#sSpan5106" value="V"/>
		<feat xlink:href="#sSpan5112" value="PREP"/>
		<feat xlink:href="#sSpan5116" value="PPERO"/>
		<feat xlink:href="#sSpan5118" value="ACONJ"/>
		<feat xlink:href="#sSpan5122" value="PPERS"/>
		<feat xlink:href="#sSpan5124" value="V"/>
		<feat xlink:href="#sSpan5126" value="PREP"/>
		<feat xlink:href="#sSpan5130" value="PDEM"/>
		<feat xlink:href="#sSpan5133" value="N"/>
		<feat xlink:href="#sSpan5135" value="PREP"/>
		<feat xlink:href="#sSpan5139" value="PPERO"/>
		<feat xlink:href="#sSpan5141" value="PUNCT"/>
		<feat xlink:href="#sSpan5145" value="ART"/>
		<feat xlink:href="#sSpan5152" value="N"/>
		<feat xlink:href="#sSpan5155" value="PTC"/>
		<feat xlink:href="#sSpan5159" value="ART"/>
		<feat xlink:href="#sSpan5164" value="CREL"/>
		<feat xlink:href="#sSpan5166" value="APST"/>
		<feat xlink:href="#sSpan5168" value="PPERS"/>
		<feat xlink:href="#sSpan5170" value="V"/>
		<feat xlink:href="#sSpan5172" value="PPERO"/>
		<feat xlink:href="#sSpan5174" value="PREP"/>
		<feat xlink:href="#sSpan5178" value="PPERO"/>
		<feat xlink:href="#sSpan5180" value="PPERI"/>
		<feat xlink:href="#sSpan5184" value="IMOD"/>
		<feat xlink:href="#sSpan5189" value="CFOC"/>
		<feat xlink:href="#sSpan5193" value="PPERS"/>
		<feat xlink:href="#sSpan5195" value="FUT"/>
		<feat xlink:href="#sSpan5197" value="V"/>
		<feat xlink:href="#sSpan5199" value="PPERO"/>
		<feat xlink:href="#sSpan5201" value="NEG"/>
		<feat xlink:href="#sSpan5205" value="PREP"/>
		<feat xlink:href="#sSpan5209" value="ART"/>
		<feat xlink:href="#sSpan5213" value="N"/>
		<feat xlink:href="#sSpan5218" value="CONJ"/>
		<feat xlink:href="#sSpan5222" value="CFOC"/>
		<feat xlink:href="#sSpan5226" value="PPERS"/>
		<feat xlink:href="#sSpan5228" value="V"/>
		<feat xlink:href="#sSpan5230" value="PREP"/>
		<feat xlink:href="#sSpan5234" value="PPERO"/>
		<feat xlink:href="#sSpan5236" value="PREP"/>
		<feat xlink:href="#sSpan5240" value="ART"/>
		<feat xlink:href="#sSpan5243" value="CREL"/>
		<feat xlink:href="#sSpan5245" value="FUT"/>
		<feat xlink:href="#sSpan5247" value="V"/>
		<feat xlink:href="#sSpan5249" value="PREP"/>
		<feat xlink:href="#sSpan5253" value="PPERO"/>
		<feat xlink:href="#sSpan5255" value="PREP"/>
		<feat xlink:href="#sSpan5259" value="ART"/>
		<feat xlink:href="#sSpan5261" value="N"/>
		<feat xlink:href="#sSpan5263" value="PUNCT"/>
		<feat xlink:href="#sSpan5267" value="VBD"/>
		<feat xlink:href="#sSpan5273" value="PPERS"/>
		<feat xlink:href="#sSpan5275" value="PREP"/>
		<feat xlink:href="#sSpan5279" value="PPERO"/>
		<feat xlink:href="#sSpan5281" value="PTC"/>
		<feat xlink:href="#sSpan5285" value="ART"/>
		<feat xlink:href="#sSpan5288" value="N"/>
		<feat xlink:href="#sSpan5290" value="CONJ"/>
		<feat xlink:href="#sSpan5294" value="PDEM"/>
		<feat xlink:href="#sSpan5297" value="N"/>
		<feat xlink:href="#sSpan5299" value="PREP"/>
		<feat xlink:href="#sSpan5303" value="PPOS"/>
		<feat xlink:href="#sSpan5307" value="NPROP"/>
		<feat xlink:href="#sSpan5310" value="V"/>
		<feat xlink:href="#sSpan5314" value="PPERO"/>
		<feat xlink:href="#sSpan5316" value="CCIRC"/>
		<feat xlink:href="#sSpan5320" value="PPERS"/>
		<feat xlink:href="#sSpan5322" value="V"/>
		<feat xlink:href="#sSpan5324" value="PREP"/>
		<feat xlink:href="#sSpan5328" value="ART"/>
		<feat xlink:href="#sSpan5331" value="NPROP"/>
		<feat xlink:href="#sSpan5333" value="CONJ"/>
		<feat xlink:href="#sSpan5337" value="PUNCT"/>
		<feat xlink:href="#sSpan5341" value="PREP"/>
		<feat xlink:href="#sSpan5349" value="NPROP"/>
		<feat xlink:href="#sSpan5355" value="PTC"/>
		<feat xlink:href="#sSpan5359" value="ART"/>
		<feat xlink:href="#sSpan5364" value="N"/>
		<feat xlink:href="#sSpan5366" value="APST"/>
		<feat xlink:href="#sSpan5370" value="PPERS"/>
		<feat xlink:href="#sSpan5373" value="V"/>
		<feat xlink:href="#sSpan5375" value="PREP"/>
		<feat xlink:href="#sSpan5379" value="PPERO"/>
		<feat xlink:href="#sSpan5381" value="ADV"/>
		<feat xlink:href="#sSpan5385" value="PREP"/>
		<feat xlink:href="#sSpan5389" value="ACAUS"/>
		<feat xlink:href="#sSpan5391" value="PPERS"/>
		<feat xlink:href="#sSpan5393" value="V"/>
		<feat xlink:href="#sSpan5395" value="PREP"/>
		<feat xlink:href="#sSpan5399" value="PPERO"/>
		<feat xlink:href="#sSpan5401" value="CONJ"/>
		<feat xlink:href="#sSpan5405" value="ADV"/>
		<feat xlink:href="#sSpan5409" value="NEG"/>
		<feat xlink:href="#sSpan5413" value="ART"/>
		<feat xlink:href="#sSpan5416" value="N"/>
		<feat xlink:href="#sSpan5418" value="NEG"/>
		<feat xlink:href="#sSpan5422" value="COP"/>
		<feat xlink:href="#sSpan5426" value="PREP"/>
		<feat xlink:href="#sSpan5430" value="ACAUS"/>
		<feat xlink:href="#sSpan5432" value="PPERS"/>
		<feat xlink:href="#sSpan5434" value="V"/>
		<feat xlink:href="#sSpan5436" value="PREP"/>
		<feat xlink:href="#sSpan5440" value="PPERO"/>
		<feat xlink:href="#sSpan5442" value="ADV"/>
		<feat xlink:href="#sSpan5446" value="PUNCT"/>
		<feat xlink:href="#sSpan5450" value="PPERS"/>
		<feat xlink:href="#sSpan5456" value="VSTAT"/>
		<feat xlink:href="#sSpan5459" value="PTC"/>
		<feat xlink:href="#sSpan5463" value="ACOND_PPERS"/>
		<feat xlink:href="#sSpan5467" value="V"/>
		<feat xlink:href="#sSpan5470" value="PREP"/>
		<feat xlink:href="#sSpan5474" value="ART"/>
		<feat xlink:href="#sSpan5477" value="N"/>
		<feat xlink:href="#sSpan5479" value="PUNCT"/>
		<feat xlink:href="#sSpan5483" value="PREP"/>
		<feat xlink:href="#sSpan5490" value="PDEM"/>
		<feat xlink:href="#sSpan5493" value="APST"/>
		<feat xlink:href="#sSpan5497" value="ART"/>
		<feat xlink:href="#sSpan5501" value="N"/>
		<feat xlink:href="#sSpan5503" value="CREL"/>
		<feat xlink:href="#sSpan5507" value="VSTAT"/>
		<feat xlink:href="#sSpan5509" value="V"/>
		<feat xlink:href="#sSpan5514" value="CCIRC"/>
		<feat xlink:href="#sSpan5518" value="PPERS"/>
		<feat xlink:href="#sSpan5521" value="V"/>
		<feat xlink:href="#sSpan5523" value="PREP"/>
		<feat xlink:href="#sSpan5527" value="PPOS"/>
		<feat xlink:href="#sSpan5530" value="N"/>
		<feat xlink:href="#sSpan5532" value="CONJ"/>
		<feat xlink:href="#sSpan5536" value="AJUS"/>
		<feat xlink:href="#sSpan5538" value="PPERS"/>
		<feat xlink:href="#sSpan5540" value="V"/>
		<feat xlink:href="#sSpan5542" value="ADV"/>
		<feat xlink:href="#sSpan5546" value="PUNCT"/>
		<feat xlink:href="#sSpan5550" value="APST"/>
		<feat xlink:href="#sSpan5556" value="PPERS"/>
		<feat xlink:href="#sSpan5558" value="V"/>
		<feat xlink:href="#sSpan5560" value="PTC"/>
		<feat xlink:href="#sSpan5564" value="PPOS"/>
		<feat xlink:href="#sSpan5567" value="N"/>
		<feat xlink:href="#sSpan5569" value="CONJ"/>
		<feat xlink:href="#sSpan5573" value="PPERS"/>
		<feat xlink:href="#sSpan5575" value="VSTAT"/>
		<feat xlink:href="#sSpan5577" value="ACOND_PPERS"/>
		<feat xlink:href="#sSpan5581" value="V"/>
		<feat xlink:href="#sSpan5584" value="PREP"/>
		<feat xlink:href="#sSpan5588" value="ART"/>
		<feat xlink:href="#sSpan5591" value="N"/>
		<feat xlink:href="#sSpan5593" value="ADV"/>
		<feat xlink:href="#sSpan5597" value="PTC"/>
		<feat xlink:href="#sSpan5601" value="PPOS"/>
		<feat xlink:href="#sSpan5606" value="N"/>
		<feat xlink:href="#sSpan5608" value="PPERS"/>
		<feat xlink:href="#sSpan5612" value="VSTAT"/>
		<feat xlink:href="#sSpan5614" value="PREP"/>
		<feat xlink:href="#sSpan5618" value="V"/>
		<feat xlink:href="#sSpan5621" value="PREP"/>
		<feat xlink:href="#sSpan5625" value="N"/>
		<feat xlink:href="#sSpan5628" value="PPERS"/>
		<feat xlink:href="#sSpan5632" value="FUT"/>
		<feat xlink:href="#sSpan5635" value="V"/>
		<feat xlink:href="#sSpan5638" value="PREP"/>
		<feat xlink:href="#sSpan5642" value="PPERO"/>
		<feat xlink:href="#sSpan5644" value="PREP"/>
		<feat xlink:href="#sSpan5648" value="PPERO"/>
		<feat xlink:href="#sSpan5650" value="PTC"/>
		<feat xlink:href="#sSpan5654" value="ART"/>
		<feat xlink:href="#sSpan5657" value="N"/>
		<feat xlink:href="#sSpan5659" value="PUNCT"/>
		<feat xlink:href="#sSpan5663" value="PPOS"/>
		<feat xlink:href="#sSpan5668" value="N"/>
		<feat xlink:href="#sSpan5670" value="AJUS"/>
		<feat xlink:href="#sSpan5674" value="PPERS"/>
		<feat xlink:href="#sSpan5676" value="V"/>
		<feat xlink:href="#sSpan5678" value="PUNCT"/>
		<feat xlink:href="#sSpan5682" value="ART"/>
		<feat xlink:href="#sSpan5687" value="N"/>
		<feat xlink:href="#sSpan5689" value="PREP"/>
		<feat xlink:href="#sSpan5693" value="PPERO"/>
		<feat xlink:href="#sSpan5695" value="PREP"/>
		<feat xlink:href="#sSpan5699" value="N"/>
		<feat xlink:href="#sSpan5702" value="PREP"/>
		<feat xlink:href="#sSpan5706" value="N"/>
		<feat xlink:href="#sSpan5709" value="PTC"/>
		<feat xlink:href="#sSpan5713" value="PUNCT"/>
		<feat xlink:href="#sSpan5717" value="PREP"/>
		<feat xlink:href="#sSpan5725" value="PDEM"/>
		<feat xlink:href="#sSpan5729" value="PTC"/>
		<feat xlink:href="#sSpan5733" value="IMOD"/>
		<feat xlink:href="#sSpan5737" value="PPERO"/>
		<feat xlink:href="#sSpan5739" value="APST"/>
		<feat xlink:href="#sSpan5743" value="PPERS"/>
		<feat xlink:href="#sSpan5745" value="V"/>
		<feat xlink:href="#sSpan5748" value="PREP"/>
		<feat xlink:href="#sSpan5752" value="ART"/>
		<feat xlink:href="#sSpan5755" value="N"/>
		<feat xlink:href="#sSpan5757" value="PREP"/>
		<feat xlink:href="#sSpan5761" value="N"/>
		<feat xlink:href="#sSpan5763" value="CCIRC"/>
		<feat xlink:href="#sSpan5767" value="PPERS"/>
		<feat xlink:href="#sSpan5769" value="PREP"/>
		<feat xlink:href="#sSpan5771" value="ART"/>
		<feat xlink:href="#sSpan5774" value="N"/>
		<feat xlink:href="#sSpan5776" value="ADV"/>
		<feat xlink:href="#sSpan5780" value="PREP"/>
		<feat xlink:href="#sSpan5784" value="ART"/>
		<feat xlink:href="#sSpan5788" value="N"/>
		<feat xlink:href="#sSpan5791" value="CONJ"/>
		<feat xlink:href="#sSpan5796" value="NPROP"/>
		<feat xlink:href="#sSpan5798" value="APST"/>
		<feat xlink:href="#sSpan5802" value="PPERS"/>
		<feat xlink:href="#sSpan5804" value="V"/>
		<feat xlink:href="#sSpan5807" value="PREP"/>
		<feat xlink:href="#sSpan5811" value="ART"/>
		<feat xlink:href="#sSpan5814" value="N"/>
		<feat xlink:href="#sSpan5816" value="PREP"/>
		<feat xlink:href="#sSpan5821" value="N"/>
		<feat xlink:href="#sSpan5824" value="PREP"/>
		<feat xlink:href="#sSpan5828" value="ART"/>
		<feat xlink:href="#sSpan5831" value="N"/>
		<feat xlink:href="#sSpan5833" value="CREL"/>
		<feat xlink:href="#sSpan5837" value="ADV"/>
		<feat xlink:href="#sSpan5839" value="APST"/>
		<feat xlink:href="#sSpan5843" value="PPERS"/>
		<feat xlink:href="#sSpan5845" value="V"/>
		<feat xlink:href="#sSpan5848" value="PTC"/>
		<feat xlink:href="#sSpan5852" value="PREP"/>
		<feat xlink:href="#sSpan5856" value="ART"/>
		<feat xlink:href="#sSpan5859" value="N"/>
		<feat xlink:href="#sSpan5861" value="PREP"/>
		<feat xlink:href="#sSpan5865" value="N"/>
		<feat xlink:href="#sSpan5867" value="APST"/>
		<feat xlink:href="#sSpan5871" value="PPERS"/>
		<feat xlink:href="#sSpan5873" value="V"/>
		<feat xlink:href="#sSpan5875" value="PREP"/>
		<feat xlink:href="#sSpan5879" value="PPERO"/>
		<feat xlink:href="#sSpan5881" value="PUNCT"/>
		<feat xlink:href="#sSpan5885" value="CONJ"/>
		<feat xlink:href="#sSpan5889" value="PREP"/>
		<feat xlink:href="#sSpan5893" value="ART"/>
		<feat xlink:href="#sSpan5897" value="N"/>
		<feat xlink:href="#sSpan5899" value="CCIRC"/>
		<feat xlink:href="#sSpan5903" value="PPERS"/>
		<feat xlink:href="#sSpan5905" value="VSTAT"/>
		<feat xlink:href="#sSpan5907" value="PUNCT"/>
		<feat xlink:href="#sSpan5911" value="ART"/>
		<feat xlink:href="#sSpan5918" value="N"/>
		<feat xlink:href="#sSpan5921" value="PTC"/>
		<feat xlink:href="#sSpan5925" value="IMOD"/>
		<feat xlink:href="#sSpan5929" value="PPERO"/>
		<feat xlink:href="#sSpan5931" value="APREC"/>
		<feat xlink:href="#sSpan5935" value="PPERS"/>
		<feat xlink:href="#sSpan5937" value="V"/>
		<feat xlink:href="#sSpan5939" value="PREP"/>
		<feat xlink:href="#sSpan5943" value="PPOS"/>
		<feat xlink:href="#sSpan5946" value="N"/>
		<feat xlink:href="#sSpan5948" value="CONJ"/>
		<feat xlink:href="#sSpan5952" value="CFOC"/>
		<feat xlink:href="#sSpan5954" value="PPERS"/>
		<feat xlink:href="#sSpan5956" value="PREP"/>
		<feat xlink:href="#sSpan5958" value="ART"/>
		<feat xlink:href="#sSpan5961" value="N"/>
		<feat xlink:href="#sSpan5963" value="CREL"/>
		<feat xlink:href="#sSpan5967" value="ADV"/>
		<feat xlink:href="#sSpan5969" value="APST"/>
		<feat xlink:href="#sSpan5973" value="PPERS"/>
		<feat xlink:href="#sSpan5975" value="V"/>
		<feat xlink:href="#sSpan5977" value="PREP"/>
		<feat xlink:href="#sSpan5981" value="PPERO"/>
		<feat xlink:href="#sSpan5983" value="APST"/>
		<feat xlink:href="#sSpan5987" value="PPERS"/>
		<feat xlink:href="#sSpan5989" value="V"/>
		<feat xlink:href="#sSpan5991" value="PREP"/>
		<feat xlink:href="#sSpan5995" value="ART"/>
		<feat xlink:href="#sSpan5998" value="N"/>
		<feat xlink:href="#sSpan6000" value="PREP"/>
		<feat xlink:href="#sSpan6004" value="ART"/>
		<feat xlink:href="#sSpan6007" value="N"/>
		<feat xlink:href="#sSpan6009" value="ADV"/>
		<feat xlink:href="#sSpan6014" value="PREP"/>
		<feat xlink:href="#sSpan6018" value="N"/>
		<feat xlink:href="#sSpan6021" value="PPERO"/>
		<feat xlink:href="#sSpan6023" value="PUNCT"/>
		<feat xlink:href="#sSpan6027" value="ART"/>
		<feat xlink:href="#sSpan6034" value="N"/>
		<feat xlink:href="#sSpan6037" value="PTC"/>
		<feat xlink:href="#sSpan6041" value="CPRET"/>
		<feat xlink:href="#sSpan6045" value="ART"/>
		<feat xlink:href="#sSpan6048" value="N"/>
		<feat xlink:href="#sSpan6050" value="COP"/>
		<feat xlink:href="#sSpan6054" value="CCIRC"/>
		<feat xlink:href="#sSpan6058" value="EXIST"/>
		<feat xlink:href="#sSpan6060" value="N"/>
		<feat xlink:href="#sSpan6063" value="PREP"/>
		<feat xlink:href="#sSpan6067" value="PPERO"/>
		<feat xlink:href="#sSpan6069" value="PUNCT"/>
		<feat xlink:href="#sSpan6073" value="VBD"/>
		<feat xlink:href="#sSpan6079" value="PPOS"/>
		<feat xlink:href="#sSpan6082" value="N"/>
		<feat xlink:href="#sSpan6084" value="PREP"/>
		<feat xlink:href="#sSpan6088" value="PPERO"/>
		<feat xlink:href="#sSpan6090" value="CONJ"/>
		<feat xlink:href="#sSpan6094" value="PUNCT"/>
		<feat xlink:href="#sSpan6098" value="PPOS"/>
		<feat xlink:href="#sSpan6105" value="N"/>
		<feat xlink:href="#sSpan6108" value="NPROP"/>
		<feat xlink:href="#sSpan6112" value="V"/>
		<feat xlink:href="#sSpan6116" value="PREP"/>
		<feat xlink:href="#sSpan6120" value="ART"/>
		<feat xlink:href="#sSpan6123" value="N"/>
		<feat xlink:href="#sSpan6125" value="ACONJ"/>
		<feat xlink:href="#sSpan6129" value="PPERS"/>
		<feat xlink:href="#sSpan6131" value="V"/>
		<feat xlink:href="#sSpan6133" value="CONJ"/>
		<feat xlink:href="#sSpan6137" value="ART"/>
		<feat xlink:href="#sSpan6140" value="N"/>
		<feat xlink:href="#sSpan6142" value="FUT"/>
		<feat xlink:href="#sSpan6146" value="V"/>
		<feat xlink:href="#sSpan6148" value="PREP"/>
		<feat xlink:href="#sSpan6152" value="PPERO"/>
		<feat xlink:href="#sSpan6154" value="PREP"/>
		<feat xlink:href="#sSpan6158" value="ART"/>
		<feat xlink:href="#sSpan6161" value="N"/>
		<feat xlink:href="#sSpan6163" value="PREP"/>
		<feat xlink:href="#sSpan6167" value="ART"/>
		<feat xlink:href="#sSpan6170" value="N"/>
		<feat xlink:href="#sSpan6172" value="CREL"/>
		<feat xlink:href="#sSpan6176" value="VSTAT"/>
		<feat xlink:href="#sSpan6178" value="PREP"/>
		<feat xlink:href="#sSpan6182" value="PPERO"/>
		<feat xlink:href="#sSpan6184" value="PUNCT"/>
		<feat xlink:href="#sSpan6188" value="CONJ"/>
		<feat xlink:href="#sSpan6194" value="APREC"/>
		<feat xlink:href="#sSpan6198" value="PPERS"/>
		<feat xlink:href="#sSpan6200" value="V"/>
		<feat xlink:href="#sSpan6202" value="PREP"/>
		<feat xlink:href="#sSpan6206" value="ART"/>
		<feat xlink:href="#sSpan6208" value="N"/>
		<feat xlink:href="#sSpan6210" value="PREP"/>
		<feat xlink:href="#sSpan6214" value="PPERO"/>
		<feat xlink:href="#sSpan6216" value="N"/>
		<feat xlink:href="#sSpan6219" value="APST"/>
		<feat xlink:href="#sSpan6223" value="PPERS"/>
		<feat xlink:href="#sSpan6225" value="V"/>
		<feat xlink:href="#sSpan6227" value="PREP"/>
		<feat xlink:href="#sSpan6231" value="PPERO"/>
		<feat xlink:href="#sSpan6233" value="V"/>
		<feat xlink:href="#sSpan6237" value="ADV"/>
		<feat xlink:href="#sSpan6241" value="CCIRC"/>
		<feat xlink:href="#sSpan6245" value="VBD"/>
		<feat xlink:href="#sSpan6247" value="PPERS"/>
		<feat xlink:href="#sSpan6249" value="CCIRC"/>
		<feat xlink:href="#sSpan6253" value="PPERS"/>
		<feat xlink:href="#sSpan6255" value="VSTAT"/>
		<feat xlink:href="#sSpan6257" value="ADV"/>
		<feat xlink:href="#sSpan6261" value="PREP"/>
		<feat xlink:href="#sSpan6265" value="V"/>
		<feat xlink:href="#sSpan6267" value="ADV"/>
		<feat xlink:href="#sSpan6271" value="PREP"/>
		<feat xlink:href="#sSpan6275" value="PPERO"/>
		<feat xlink:href="#sSpan6277" value="PUNCT"/>
		<feat xlink:href="#sSpan6281" value="CONJ"/>
		<feat xlink:href="#sSpan6287" value="APST"/>
		<feat xlink:href="#sSpan6291" value="PPERS"/>
		<feat xlink:href="#sSpan6293" value="V"/>
		<feat xlink:href="#sSpan6295" value="N"/>
		<feat xlink:href="#sSpan6298" value="NUM"/>
		<feat xlink:href="#sSpan6302" value="CCIRC"/>
		<feat xlink:href="#sSpan6306" value="PPERS"/>
		<feat xlink:href="#sSpan6308" value="V"/>
		<feat xlink:href="#sSpan6310" value="ADV"/>
		<feat xlink:href="#sSpan6314" value="PREP"/>
		<feat xlink:href="#sSpan6318" value="PPERO"/>
		<feat xlink:href="#sSpan6320" value="PREP"/>
		<feat xlink:href="#sSpan6324" value="ART"/>
		<feat xlink:href="#sSpan6326" value="CREL"/>
		<feat xlink:href="#sSpan6328" value="VSTAT"/>
		<feat xlink:href="#sSpan6330" value="PREP"/>
		<feat xlink:href="#sSpan6334" value="PPERO"/>
		<feat xlink:href="#sSpan6336" value="PUNCT"/>
		<feat xlink:href="#sSpan6341" value="ADV"/>
		<feat xlink:href="#sSpan6345" value="VBD"/>
		<feat xlink:href="#sSpan6349" value="PPOS"/>
		<feat xlink:href="#sSpan6352" value="N"/>
		<feat xlink:href="#sSpan6354" value="PREP"/>
		<feat xlink:href="#sSpan6358" value="PPERO"/>
		<feat xlink:href="#sSpan6360" value="CONJ"/>
		<feat xlink:href="#sSpan6364" value="PUNCT"/>
		<feat xlink:href="#sSpan6368" value="AJUS"/>
		<feat xlink:href="#sSpan6374" value="PPERS"/>
		<feat xlink:href="#sSpan6376" value="V"/>
		<feat xlink:href="#sSpan6378" value="PREP"/>
		<feat xlink:href="#sSpan6382" value="ART"/>
		<feat xlink:href="#sSpan6385" value="N"/>
		<feat xlink:href="#sSpan6387" value="ACONJ"/>
		<feat xlink:href="#sSpan6391" value="PPERS"/>
		<feat xlink:href="#sSpan6393" value="V"/>
		<feat xlink:href="#sSpan6395" value="PPERO"/>
		<feat xlink:href="#sSpan6397" value="PREP"/>
		<feat xlink:href="#sSpan6401" value="ART"/>
		<feat xlink:href="#sSpan6404" value="N"/>
		<feat xlink:href="#sSpan6406" value="CREL"/>
		<feat xlink:href="#sSpan6410" value="VSTAT"/>
		<feat xlink:href="#sSpan6412" value="PREP"/>
		<feat xlink:href="#sSpan6416" value="PPERO"/>
		<feat xlink:href="#sSpan6418" value="PUNCT"/>
		<feat xlink:href="#sSpan6422" value="APST"/>
		<feat xlink:href="#sSpan6428" value="ART"/>
		<feat xlink:href="#sSpan6431" value="N"/>
		<feat xlink:href="#sSpan6433" value="V"/>
		<feat xlink:href="#sSpan6437" value="CCIRC"/>
		<feat xlink:href="#sSpan6441" value="PPERS"/>
		<feat xlink:href="#sSpan6443" value="V"/>
		<feat xlink:href="#sSpan6445" value="PREP"/>
		<feat xlink:href="#sSpan6449" value="PPERO"/>
		<feat xlink:href="#sSpan6451" value="CONJ"/>
		<feat xlink:href="#sSpan6455" value="N"/>
		<feat xlink:href="#sSpan6458" value="PINT"/>
		<feat xlink:href="#sSpan6462" value="CREL"/>
		<feat xlink:href="#sSpan6466" value="PPERS"/>
		<feat xlink:href="#sSpan6468" value="FUT"/>
		<feat xlink:href="#sSpan6470" value="V"/>
		<feat xlink:href="#sSpan6472" value="PREP"/>
		<feat xlink:href="#sSpan6476" value="PPERO"/>
		<feat xlink:href="#sSpan6478" value="PPERS"/>
		<feat xlink:href="#sSpan6482" value="FUT"/>
		<feat xlink:href="#sSpan6484" value="V"/>
		<feat xlink:href="#sSpan6486" value="APST"/>
		<feat xlink:href="#sSpan6490" value="PPERS"/>
		<feat xlink:href="#sSpan6492" value="CCIRC"/>
		<feat xlink:href="#sSpan6496" value="PPERS"/>
		<feat xlink:href="#sSpan6498" value="VSTAT"/>
		<feat xlink:href="#sSpan6500" value="ADV"/>
		<feat xlink:href="#sSpan6504" value="PREP"/>
		<feat xlink:href="#sSpan6508" value="N"/>
		<feat xlink:href="#sSpan6511" value="PUNCT"/>
		<feat xlink:href="#sSpan6515" value="APREC"/>
		<feat xlink:href="#sSpan6523" value="PPERS"/>
		<feat xlink:href="#sSpan6525" value="V"/>
		<feat xlink:href="#sSpan6527" value="PPERO"/>
		<feat xlink:href="#sSpan6530" value="PTC"/>
		<feat xlink:href="#sSpan6534" value="APST"/>
		<feat xlink:href="#sSpan6538" value="PPERS"/>
		<feat xlink:href="#sSpan6540" value="V"/>
		<feat xlink:href="#sSpan6543" value="ADV"/>
		<feat xlink:href="#sSpan6547" value="PREP"/>
		<feat xlink:href="#sSpan6551" value="ART"/>
		<feat xlink:href="#sSpan6554" value="N"/>
		<feat xlink:href="#sSpan6556" value="CREL"/>
		<feat xlink:href="#sSpan6560" value="ADV"/>
		<feat xlink:href="#sSpan6562" value="PREP"/>
		<feat xlink:href="#sSpan6566" value="ACAUS"/>
		<feat xlink:href="#sSpan6568" value="PPERS"/>
		<feat xlink:href="#sSpan6570" value="V"/>
		<feat xlink:href="#sSpan6573" value="PREP"/>
		<feat xlink:href="#sSpan6577" value="ART"/>
		<feat xlink:href="#sSpan6580" value="N"/>
		<feat xlink:href="#sSpan6582" value="PREP"/>
		<feat xlink:href="#sSpan6586" value="ART"/>
		<feat xlink:href="#sSpan6589" value="N"/>
		<feat xlink:href="#sSpan6591" value="CCIRC"/>
		<feat xlink:href="#sSpan6595" value="PPERS"/>
		<feat xlink:href="#sSpan6597" value="V"/>
		<feat xlink:href="#sSpan6599" value="PREP"/>
		<feat xlink:href="#sSpan6603" value="PPERO"/>
		<feat xlink:href="#sSpan6605" value="CONJ"/>
		<feat xlink:href="#sSpan6610" value="N"/>
		<feat xlink:href="#sSpan6613" value="NPROP"/>
		<feat xlink:href="#sSpan6617" value="PUNCT"/>
		<feat xlink:href="#sSpan6622" value="ADV"/>
		<feat xlink:href="#sSpan6629" value="PTC"/>
		<feat xlink:href="#sSpan6633" value="CCIRC"/>
		<feat xlink:href="#sSpan6637" value="PPERS"/>
		<feat xlink:href="#sSpan6639" value="V"/>
		<feat xlink:href="#sSpan6641" value="APST"/>
		<feat xlink:href="#sSpan6645" value="PPERS"/>
		<feat xlink:href="#sSpan6647" value="V"/>
		<feat xlink:href="#sSpan6650" value="PREP"/>
		<feat xlink:href="#sSpan6654" value="ART"/>
		<feat xlink:href="#sSpan6659" value="N"/>
		<feat xlink:href="#sSpan6661" value="PREP"/>
		<feat xlink:href="#sSpan6665" value="ART"/>
		<feat xlink:href="#sSpan6668" value="N"/>
		<feat xlink:href="#sSpan6670" value="PUNCT"/>
		<feat xlink:href="#sSpan6674" value="PDEM"/>
		<feat xlink:href="#sSpan6679" value="N"/>
		<feat xlink:href="#sSpan6681" value="CREL"/>
		<feat xlink:href="#sSpan6685" value="APST"/>
		<feat xlink:href="#sSpan6687" value="ART"/>
		<feat xlink:href="#sSpan6690" value="N"/>
		<feat xlink:href="#sSpan6692" value="V"/>
		<feat xlink:href="#sSpan6696" value="ANEGPST"/>
		<feat xlink:href="#sSpan6701" value="PPERS"/>
		<feat xlink:href="#sSpan6703" value="V"/>
		<feat xlink:href="#sSpan6705" value="CCIRC"/>
		<feat xlink:href="#sSpan6709" value="PPERS"/>
		<feat xlink:href="#sSpan6711" value="V"/>
		<feat xlink:href="#sSpan6713" value="PREP"/>
		<feat xlink:href="#sSpan6717" value="N"/>
		<feat xlink:href="#sSpan6720" value="PUNCT"/>
		<feat xlink:href="#sSpan6724" value="APST"/>
		<feat xlink:href="#sSpan6730" value="PPERS"/>
		<feat xlink:href="#sSpan6732" value="V"/>
		<feat xlink:href="#sSpan6735" value="PREP"/>
		<feat xlink:href="#sSpan6739" value="ART"/>
		<feat xlink:href="#sSpan6742" value="N"/>
		<feat xlink:href="#sSpan6744" value="PREP"/>
		<feat xlink:href="#sSpan6749" value="N"/>
		<feat xlink:href="#sSpan6752" value="CCIRC"/>
		<feat xlink:href="#sSpan6756" value="PPERS"/>
		<feat xlink:href="#sSpan6758" value="PREP"/>
		<feat xlink:href="#sSpan6760" value="ART"/>
		<feat xlink:href="#sSpan6765" value="N"/>
		<feat xlink:href="#sSpan6767" value="CREL"/>
		<feat xlink:href="#sSpan6771" value="ADV"/>
		<feat xlink:href="#sSpan6773" value="APST"/>
		<feat xlink:href="#sSpan6777" value="PPERS"/>
		<feat xlink:href="#sSpan6779" value="V"/>
		<feat xlink:href="#sSpan6782" value="PREP"/>
		<feat xlink:href="#sSpan6786" value="ART"/>
		<feat xlink:href="#sSpan6789" value="N"/>
		<feat xlink:href="#sSpan6791" value="PREP"/>
		<feat xlink:href="#sSpan6795" value="ART"/>
		<feat xlink:href="#sSpan6797" value="CREL"/>
		<feat xlink:href="#sSpan6799" value="VBD"/>
		<feat xlink:href="#sSpan6801" value="PPERS"/>
		<feat xlink:href="#sSpan6803" value="PREP"/>
		<feat xlink:href="#sSpan6807" value="PPERO"/>
		<feat xlink:href="#sSpan6809" value="PUNCT"/>
		<feat xlink:href="#sSpan6813" value="PPOS"/>
		<feat xlink:href="#sSpan6821" value="N"/>
		<feat xlink:href="#sSpan6824" value="PTC"/>
		<feat xlink:href="#sSpan6828" value="ART"/>
		<feat xlink:href="#sSpan6832" value="N"/>
		<feat xlink:href="#sSpan6835" value="N"/>
		<feat xlink:href="#sSpan6840" value="NPROP"/>
		<feat xlink:href="#sSpan6844" value="APST"/>
		<feat xlink:href="#sSpan6848" value="PPERS"/>
		<feat xlink:href="#sSpan6850" value="V"/>
		<feat xlink:href="#sSpan6852" value="PREP"/>
		<feat xlink:href="#sSpan6856" value="PPERO"/>
		<feat xlink:href="#sSpan6858" value="PREP"/>
		<feat xlink:href="#sSpan6862" value="ART"/>
		<feat xlink:href="#sSpan6865" value="N"/>
		<feat xlink:href="#sSpan6867" value="CREL"/>
		<feat xlink:href="#sSpan6871" value="ADV"/>
		<feat xlink:href="#sSpan6873" value="PREP"/>
		<feat xlink:href="#sSpan6877" value="N"/>
		<feat xlink:href="#sSpan6880" value="NUM"/>
		<feat xlink:href="#sSpan6882" value="PREP"/>
		<feat xlink:href="#sSpan6886" value="N"/>
		<feat xlink:href="#sSpan6889" value="PREP"/>
		<feat xlink:href="#sSpan6893" value="ART"/>
		<feat xlink:href="#sSpan6896" value="N"/>
		<feat xlink:href="#sSpan6898" value="PREP"/>
		<feat xlink:href="#sSpan6902" value="N"/>
		<feat xlink:href="#sSpan6904" value="NUM"/>
		<feat xlink:href="#sSpan6906" value="PREP"/>
		<feat xlink:href="#sSpan6910" value="ART"/>
		<feat xlink:href="#sSpan6913" value="N"/>
		<feat xlink:href="#sSpan6915" value="PUNCT"/>
		<feat xlink:href="#sSpan6919" value="CONJ"/>
		<feat xlink:href="#sSpan6923" value="APST"/>
		<feat xlink:href="#sSpan6927" value="PPERS"/>
		<feat xlink:href="#sSpan6929" value="V"/>
		<feat xlink:href="#sSpan6931" value="ADV"/>
		<feat xlink:href="#sSpan6935" value="CCIRC"/>
		<feat xlink:href="#sSpan6940" value="APST"/>
		<feat xlink:href="#sSpan6942" value="PPERS"/>
		<feat xlink:href="#sSpan6944" value="V"/>
		<feat xlink:href="#sSpan6946" value="PREP"/>
		<feat xlink:href="#sSpan6950" value="N"/>
		<feat xlink:href="#sSpan6952" value="PREP"/>
		<feat xlink:href="#sSpan6956" value="PPERO"/>
		<feat xlink:href="#sSpan6958" value="PREP"/>
		<feat xlink:href="#sSpan6962" value="ART"/>
		<feat xlink:href="#sSpan6965" value="N"/>
		<feat xlink:href="#sSpan6967" value="PREP"/>
		<feat xlink:href="#sSpan6972" value="N"/>
		<feat xlink:href="#sSpan6974" value="PUNCT"/>
		<feat xlink:href="#sSpan6978" value="NEG"/>
		<feat xlink:href="#sSpan6984" value="V"/>
		<feat xlink:href="#sSpan6988" value="PPERO"/>
		<feat xlink:href="#sSpan6990" value="PREP"/>
		<feat xlink:href="#sSpan6994" value="PPERO"/>
		<feat xlink:href="#sSpan6996" value="PREP"/>
		<feat xlink:href="#sSpan7000" value="ART"/>
		<feat xlink:href="#sSpan7003" value="N"/>
		<feat xlink:href="#sSpan7005" value="CREL"/>
		<feat xlink:href="#sSpan7009" value="ADV"/>
		<feat xlink:href="#sSpan7011" value="PUNCT"/></featList></paula>