<?xml version='1.0' encoding='UTF-8'?><!DOCTYPE paula SYSTEM "paula_feat.dtd">
<paula version="1.1">
	<header paula_id="scriptorium.life.phib.01.mark_identity"/>
	<featList xmlns:xlink="http://www.w3.org/1999/xlink" type="identity" xml:base="scriptorium.life.phib.01.mark.xml">
		<feat xlink:href="#sSpan178" value="Paopi"/>
		<feat xlink:href="#sSpan272" value="David"/>
		<feat xlink:href="#sSpan3853" value="Moses"/>
		<feat xlink:href="#sSpan5309" value="Paul the Apostle"/>
		<feat xlink:href="#sSpan5330" value="First Epistle to the Corinthians"/>
		<feat xlink:href="#sSpan5351" value="Apollos"/>
		<feat xlink:href="#sSpan5786" value="Dairut"/></featList></paula>