<?xml version='1.0' encoding='UTF-8'?><!DOCTYPE paula SYSTEM "paula_feat.dtd">
<paula version="1.1">
	<header paula_id="scriptorium.life.phib.01.mark_lang"/>
	<featList xmlns:xlink="http://www.w3.org/1999/xlink" type="lang" xml:base="scriptorium.life.phib.01.mark.xml">
		<feat xlink:href="#sSpan10" value="Greek"/>
		<feat xlink:href="#sSpan31" value="Hebrew"/>
		<feat xlink:href="#sSpan46" value="Greek"/>
		<feat xlink:href="#sSpan84" value="Greek"/>
		<feat xlink:href="#sSpan91" value="Hebrew"/>
		<feat xlink:href="#sSpan104" value="Greek"/>
		<feat xlink:href="#sSpan129" value="Greek"/>
		<feat xlink:href="#sSpan147" value="Greek"/>
		<feat xlink:href="#sSpan150" value="Hebrew"/>
		<feat xlink:href="#sSpan190" value="Greek"/>
		<feat xlink:href="#sSpan230" value="Hebrew"/>
		<feat xlink:href="#sSpan239" value="Greek"/>
		<feat xlink:href="#sSpan282" value="Hebrew"/>
		<feat xlink:href="#sSpan329" value="Greek"/>
		<feat xlink:href="#sSpan384" value="Greek"/>
		<feat xlink:href="#sSpan437" value="Greek"/>
		<feat xlink:href="#sSpan449" value="Greek"/>
		<feat xlink:href="#sSpan502" value="Greek"/>
		<feat xlink:href="#sSpan520" value="Hebrew"/>
		<feat xlink:href="#sSpan596" value="Hebrew"/>
		<feat xlink:href="#sSpan617" value="Greek"/>
		<feat xlink:href="#sSpan638" value="Greek"/>
		<feat xlink:href="#sSpan683" value="Greek"/>
		<feat xlink:href="#sSpan787" value="Greek"/>
		<feat xlink:href="#sSpan840" value="Greek"/>
		<feat xlink:href="#sSpan868" value="Greek"/>
		<feat xlink:href="#sSpan981" value="Greek"/>
		<feat xlink:href="#sSpan990" value="Hebrew"/>
		<feat xlink:href="#sSpan1046" value="Greek"/>
		<feat xlink:href="#sSpan1056" value="Greek"/>
		<feat xlink:href="#sSpan1172" value="Greek"/>
		<feat xlink:href="#sSpan1191" value="Greek"/>
		<feat xlink:href="#sSpan1207" value="Greek"/>
		<feat xlink:href="#sSpan1215" value="Greek"/>
		<feat xlink:href="#sSpan1289" value="Greek"/>
		<feat xlink:href="#sSpan1356" value="Greek"/>
		<feat xlink:href="#sSpan1400" value="Greek"/>
		<feat xlink:href="#sSpan1416" value="Greek"/>
		<feat xlink:href="#sSpan1469" value="Greek"/>
		<feat xlink:href="#sSpan1478" value="Hebrew"/>
		<feat xlink:href="#sSpan1494" value="Hebrew"/>
		<feat xlink:href="#sSpan1532" value="Greek"/>
		<feat xlink:href="#sSpan1602" value="Greek"/>
		<feat xlink:href="#sSpan1683" value="Greek"/>
		<feat xlink:href="#sSpan1802" value="Greek"/>
		<feat xlink:href="#sSpan1877" value="Greek"/>
		<feat xlink:href="#sSpan1895" value="Hebrew"/>
		<feat xlink:href="#sSpan1909" value="Greek"/>
		<feat xlink:href="#sSpan1936" value="Greek"/>
		<feat xlink:href="#sSpan1956" value="Greek"/>
		<feat xlink:href="#sSpan1973" value="Greek"/>
		<feat xlink:href="#sSpan1989" value="Greek"/>
		<feat xlink:href="#sSpan2011" value="Hebrew"/>
		<feat xlink:href="#sSpan2024" value="Greek"/>
		<feat xlink:href="#sSpan2114" value="Greek"/>
		<feat xlink:href="#sSpan2207" value="Greek"/>
		<feat xlink:href="#sSpan2300" value="Greek"/>
		<feat xlink:href="#sSpan2385" value="Greek"/>
		<feat xlink:href="#sSpan2485" value="Greek"/>
		<feat xlink:href="#sSpan2635" value="Greek"/>
		<feat xlink:href="#sSpan2709" value="Greek"/>
		<feat xlink:href="#sSpan2754" value="Greek"/>
		<feat xlink:href="#sSpan2774" value="Hebrew"/>
		<feat xlink:href="#sSpan2826" value="Greek"/>
		<feat xlink:href="#sSpan2838" value="Greek"/>
		<feat xlink:href="#sSpan2874" value="Greek"/>
		<feat xlink:href="#sSpan2893" value="Greek"/>
		<feat xlink:href="#sSpan2903" value="Greek"/>
		<feat xlink:href="#sSpan2930" value="Greek"/>
		<feat xlink:href="#sSpan2983" value="Greek"/>
		<feat xlink:href="#sSpan3002" value="Greek"/>
		<feat xlink:href="#sSpan3074" value="Hebrew"/>
		<feat xlink:href="#sSpan3143" value="Greek"/>
		<feat xlink:href="#sSpan3220" value="Greek"/>
		<feat xlink:href="#sSpan3232" value="Greek"/>
		<feat xlink:href="#sSpan3252" value="Greek"/>
		<feat xlink:href="#sSpan3282" value="Greek"/>
		<feat xlink:href="#sSpan3325" value="Greek"/>
		<feat xlink:href="#sSpan3347" value="Greek"/>
		<feat xlink:href="#sSpan3411" value="Greek"/>
		<feat xlink:href="#sSpan3446" value="Greek"/>
		<feat xlink:href="#sSpan3509" value="Greek"/>
		<feat xlink:href="#sSpan3525" value="Greek"/>
		<feat xlink:href="#sSpan3585" value="Hebrew"/>
		<feat xlink:href="#sSpan3600" value="Greek"/>
		<feat xlink:href="#sSpan3616" value="Greek"/>
		<feat xlink:href="#sSpan3705" value="Greek"/>
		<feat xlink:href="#sSpan3715" value="Greek"/>
		<feat xlink:href="#sSpan3730" value="Greek"/>
		<feat xlink:href="#sSpan3792" value="Greek"/>
		<feat xlink:href="#sSpan3831" value="Greek"/>
		<feat xlink:href="#sSpan3850" value="Hebrew"/>
		<feat xlink:href="#sSpan3906" value="Greek"/>
		<feat xlink:href="#sSpan3954" value="Greek"/>
		<feat xlink:href="#sSpan3963" value="Hebrew"/>
		<feat xlink:href="#sSpan3986" value="Greek"/>
		<feat xlink:href="#sSpan4040" value="Greek"/>
		<feat xlink:href="#sSpan4072" value="Greek"/>
		<feat xlink:href="#sSpan4100" value="Greek"/>
		<feat xlink:href="#sSpan4124" value="Greek"/>
		<feat xlink:href="#sSpan4174" value="Greek"/>
		<feat xlink:href="#sSpan4202" value="Greek"/>
		<feat xlink:href="#sSpan4205" value="Hebrew"/>
		<feat xlink:href="#sSpan4269" value="Hebrew"/>
		<feat xlink:href="#sSpan4397" value="Greek"/>
		<feat xlink:href="#sSpan4409" value="Greek"/>
		<feat xlink:href="#sSpan4444" value="Greek"/>
		<feat xlink:href="#sSpan4518" value="Greek"/>
		<feat xlink:href="#sSpan4554" value="Greek"/>
		<feat xlink:href="#sSpan4565" value="Greek"/>
		<feat xlink:href="#sSpan4658" value="Greek"/>
		<feat xlink:href="#sSpan4690" value="Greek"/>
		<feat xlink:href="#sSpan4908" value="Greek"/>
		<feat xlink:href="#sSpan5059" value="Greek"/>
		<feat xlink:href="#sSpan5088" value="Hebrew"/>
		<feat xlink:href="#sSpan5154" value="Greek"/>
		<feat xlink:href="#sSpan5217" value="Greek"/>
		<feat xlink:href="#sSpan5306" value="Greek"/>
		<feat xlink:href="#sSpan5354" value="Greek"/>
		<feat xlink:href="#sSpan5372" value="Greek"/>
		<feat xlink:href="#sSpan5458" value="Greek"/>
		<feat xlink:href="#sSpan5500" value="Greek"/>
		<feat xlink:href="#sSpan5520" value="Greek"/>
		<feat xlink:href="#sSpan5708" value="Hebrew"/>
		<feat xlink:href="#sSpan5728" value="Greek"/>
		<feat xlink:href="#sSpan5820" value="Greek"/>
		<feat xlink:href="#sSpan5847" value="Greek"/>
		<feat xlink:href="#sSpan5896" value="Greek"/>
		<feat xlink:href="#sSpan5920" value="Greek"/>
		<feat xlink:href="#sSpan6036" value="Greek"/>
		<feat xlink:href="#sSpan6340" value="Greek"/>
		<feat xlink:href="#sSpan6529" value="Greek"/>
		<feat xlink:href="#sSpan6609" value="Hebrew"/>
		<feat xlink:href="#sSpan6621" value="Greek"/>
		<feat xlink:href="#sSpan6628" value="Greek"/>
		<feat xlink:href="#sSpan6820" value="Greek"/>
		<feat xlink:href="#sSpan6823" value="Greek"/>
		<feat xlink:href="#sSpan6834" value="Hebrew"/>
		<feat xlink:href="#sSpan6971" value="Greek"/></featList></paula>