<?xml version='1.0' encoding='UTF-8'?><!DOCTYPE paula SYSTEM "paula_feat.dtd">
<paula version="1.1">
	<header paula_id="scriptorium.life.phib.01.mark_p_n"/>
	<featList xmlns:xlink="http://www.w3.org/1999/xlink" type="p_n" xml:base="scriptorium.life.phib.01.mark.xml">
		<feat xlink:href="#sSpan9" value="0"/>
		<feat xlink:href="#sSpan247" value="1"/>
		<feat xlink:href="#sSpan494" value="2"/>
		<feat xlink:href="#sSpan909" value="3"/>
		<feat xlink:href="#sSpan1527" value="4"/>
		<feat xlink:href="#sSpan2375" value="5"/>
		<feat xlink:href="#sSpan2997" value="6"/>
		<feat xlink:href="#sSpan3949" value="7"/>
		<feat xlink:href="#sSpan5038" value="8"/>
		<feat xlink:href="#sSpan5724" value="9"/>
		<feat xlink:href="#sSpan6522" value="10"/></featList></paula>