<?xml version='1.0' encoding='UTF-8'?><!DOCTYPE paula SYSTEM "paula_feat.dtd">
<paula version="1.1">
	<header paula_id="scriptorium.shenoute.those.GF268-270.mark_hi_rend"/>
	<featList xmlns:xlink="http://www.w3.org/1999/xlink" type="hi_rend" xml:base="scriptorium.shenoute.those.GF268-270.mark.xml">
		<feat xlink:href="#sSpan1" value="ekthetic large"/>
		<feat xlink:href="#sSpan190" value="ekthetic large"/>
		<feat xlink:href="#sSpan288" value="ekthetic large"/>
		<feat xlink:href="#sSpan396" value="ekthetic large"/>
		<feat xlink:href="#sSpan571" value="ekthetic large"/>
		<feat xlink:href="#sSpan673" value="ekthetic large"/>
		<feat xlink:href="#sSpan893" value="ekthetic large"/>
		<feat xlink:href="#sSpan993" value="ekthetic large"/>
		<feat xlink:href="#sSpan1038" value="ekthetic large"/>
		<feat xlink:href="#sSpan1119" value="ekthetic large"/>
		<feat xlink:href="#sSpan1227" value="ekthetic large"/>
		<feat xlink:href="#sSpan1303" value="ekthetic large"/>
		<feat xlink:href="#sSpan1371" value="ekthetic large"/>
		<feat xlink:href="#sSpan1434" value="ekthetic large"/>
		<feat xlink:href="#sSpan1522" value="ekthetic large"/>
		<feat xlink:href="#sSpan1580" value="ekthetic large"/>
		<feat xlink:href="#sSpan1650" value="ekthetic large"/>
		<feat xlink:href="#sSpan1746" value="ekthetic large"/>
		<feat xlink:href="#sSpan1864" value="ekthetic large"/>
		<feat xlink:href="#sSpan2003" value="ekthetic large"/>
		<feat xlink:href="#sSpan2072" value="ekthetic large"/>
		<feat xlink:href="#sSpan2126" value="ekthetic large"/></featList></paula>