<?xml version='1.0' encoding='UTF-8'?><!DOCTYPE paula SYSTEM "paula_feat.dtd">
<paula version="1.1">
	<header paula_id="scriptorium.shenoute.those.GF268-270.mark_pos"/>
	<featList xmlns:xlink="http://www.w3.org/1999/xlink" type="pos" xml:base="scriptorium.shenoute.those.GF268-270.mark.xml">
		<feat xlink:href="#sSpan2" value="CFOC"/>
		<feat xlink:href="#sSpan14" value="APST"/>
		<feat xlink:href="#sSpan16" value="PPERS"/>
		<feat xlink:href="#sSpan18" value="V"/>
		<feat xlink:href="#sSpan20" value="PDEM"/>
		<feat xlink:href="#sSpan24" value="PTC"/>
		<feat xlink:href="#sSpan28" value="ADV"/>
		<feat xlink:href="#sSpan33" value="CONJ"/>
		<feat xlink:href="#sSpan38" value="APST"/>
		<feat xlink:href="#sSpan40" value="PPERS"/>
		<feat xlink:href="#sSpan42" value="V"/>
		<feat xlink:href="#sSpan44" value="PREP"/>
		<feat xlink:href="#sSpan48" value="ART"/>
		<feat xlink:href="#sSpan53" value="NPROP"/>
		<feat xlink:href="#sSpan55" value="CONJ"/>
		<feat xlink:href="#sSpan60" value="NPROP"/>
		<feat xlink:href="#sSpan64" value="CFOC"/>
		<feat xlink:href="#sSpan68" value="PPERS"/>
		<feat xlink:href="#sSpan70" value="PINT"/>
		<feat xlink:href="#sSpan72" value="PUNCT"/>
		<feat xlink:href="#sSpan76" value="ACONJ"/>
		<feat xlink:href="#sSpan83" value="PPERS"/>
		<feat xlink:href="#sSpan85" value="V"/>
		<feat xlink:href="#sSpan87" value="NEG"/>
		<feat xlink:href="#sSpan91" value="CONJ"/>
		<feat xlink:href="#sSpan95" value="EXIST"/>
		<feat xlink:href="#sSpan98" value="ART"/>
		<feat xlink:href="#sSpan102" value="N"/>
		<feat xlink:href="#sSpan106" value="NEG"/>
		<feat xlink:href="#sSpan110" value="PPERS"/>
		<feat xlink:href="#sSpan112" value="VSTAT"/>
		<feat xlink:href="#sSpan114" value="NEG"/>
		<feat xlink:href="#sSpan119" value="PREP"/>
		<feat xlink:href="#sSpan123" value="ART"/>
		<feat xlink:href="#sSpan126" value="N"/>
		<feat xlink:href="#sSpan128" value="CREL"/>
		<feat xlink:href="#sSpan133" value="VSTAT"/>
		<feat xlink:href="#sSpan135" value="PUNCT"/>
		<feat xlink:href="#sSpan140" value="CONJ"/>
		<feat xlink:href="#sSpan144" value="PREP"/>
		<feat xlink:href="#sSpan149" value="ART"/>
		<feat xlink:href="#sSpan152" value="N"/>
		<feat xlink:href="#sSpan154" value="CREL"/>
		<feat xlink:href="#sSpan159" value="VSTAT"/>
		<feat xlink:href="#sSpan161" value="ADV"/>
		<feat xlink:href="#sSpan165" value="PREP"/>
		<feat xlink:href="#sSpan170" value="ART"/>
		<feat xlink:href="#sSpan173" value="CREL"/>
		<feat xlink:href="#sSpan175" value="PPERS"/>
		<feat xlink:href="#sSpan177" value="V"/>
		<feat xlink:href="#sSpan179" value="PREP"/>
		<feat xlink:href="#sSpan184" value="PPERO"/>
		<feat xlink:href="#sSpan186" value="PUNCT"/>
		<feat xlink:href="#sSpan191" value="PREP"/>
		<feat xlink:href="#sSpan196" value="ART"/>
		<feat xlink:href="#sSpan198" value="N"/>
		<feat xlink:href="#sSpan200" value="CREL"/>
		<feat xlink:href="#sSpan204" value="APST"/>
		<feat xlink:href="#sSpan206" value="ART"/>
		<feat xlink:href="#sSpan209" value="N"/>
		<feat xlink:href="#sSpan211" value="V"/>
		<feat xlink:href="#sSpan217" value="NPROP"/>
		<feat xlink:href="#sSpan220" value="CONJ"/>
		<feat xlink:href="#sSpan225" value="PINT"/>
		<feat xlink:href="#sSpan227" value="COP"/>
		<feat xlink:href="#sSpan231" value="PDEM"/>
		<feat xlink:href="#sSpan236" value="CREL"/>
		<feat xlink:href="#sSpan240" value="PREP"/>
		<feat xlink:href="#sSpan243" value="PPOS"/>
		<feat xlink:href="#sSpan246" value="N"/>
		<feat xlink:href="#sSpan248" value="PUNCT"/>
		<feat xlink:href="#sSpan252" value="CCIRC"/>
		<feat xlink:href="#sSpan257" value="APST"/>
		<feat xlink:href="#sSpan260" value="NPROP"/>
		<feat xlink:href="#sSpan265" value="V"/>
		<feat xlink:href="#sSpan270" value="CONJ"/>
		<feat xlink:href="#sSpan274" value="ART"/>
		<feat xlink:href="#sSpan277" value="N"/>
		<feat xlink:href="#sSpan279" value="COP"/>
		<feat xlink:href="#sSpan284" value="PUNCT"/>
		<feat xlink:href="#sSpan289" value="CONJ"/>
		<feat xlink:href="#sSpan296" value="PREP"/>
		<feat xlink:href="#sSpan300" value="ART"/>
		<feat xlink:href="#sSpan302" value="N"/>
		<feat xlink:href="#sSpan304" value="CREL"/>
		<feat xlink:href="#sSpan308" value="APST"/>
		<feat xlink:href="#sSpan311" value="NPROP"/>
		<feat xlink:href="#sSpan316" value="V"/>
		<feat xlink:href="#sSpan321" value="PREP"/>
		<feat xlink:href="#sSpan325" value="PPOS"/>
		<feat xlink:href="#sSpan328" value="N"/>
		<feat xlink:href="#sSpan330" value="CONJ"/>
		<feat xlink:href="#sSpan335" value="PPERI"/>
		<feat xlink:href="#sSpan337" value="PREP"/>
		<feat xlink:href="#sSpan341" value="PINT"/>
		<feat xlink:href="#sSpan343" value="PUNCT"/>
		<feat xlink:href="#sSpan347" value="CONJ"/>
		<feat xlink:href="#sSpan353" value="PPERI"/>
		<feat xlink:href="#sSpan357" value="ART"/>
		<feat xlink:href="#sSpan359" value="ADV"/>
		<feat xlink:href="#sSpan363" value="PINT"/>
		<feat xlink:href="#sSpan367" value="PUNCT"/>
		<feat xlink:href="#sSpan371" value="CPRET"/>
		<feat xlink:href="#sSpan375" value="PPERS"/>
		<feat xlink:href="#sSpan377" value="VSTAT"/>
		<feat xlink:href="#sSpan380" value="NEG"/>
		<feat xlink:href="#sSpan384" value="PREP"/>
		<feat xlink:href="#sSpan389" value="N"/>
		<feat xlink:href="#sSpan392" value="PUNCT"/>
		<feat xlink:href="#sSpan397" value="CFOC"/>
		<feat xlink:href="#sSpan404" value="ART"/>
		<feat xlink:href="#sSpan407" value="CREL"/>
		<feat xlink:href="#sSpan409" value="APST"/>
		<feat xlink:href="#sSpan411" value="PPERS"/>
		<feat xlink:href="#sSpan413" value="V"/>
		<feat xlink:href="#sSpan416" value="PTC"/>
		<feat xlink:href="#sSpan420" value="CPRET"/>
		<feat xlink:href="#sSpan425" value="PPERS"/>
		<feat xlink:href="#sSpan427" value="FUT"/>
		<feat xlink:href="#sSpan429" value="V"/>
		<feat xlink:href="#sSpan431" value="N"/>
		<feat xlink:href="#sSpan434" value="PPERO"/>
		<feat xlink:href="#sSpan437" value="PREP"/>
		<feat xlink:href="#sSpan441" value="NEG"/>
		<feat xlink:href="#sSpan443" value="V"/>
		<feat xlink:href="#sSpan445" value="PREP"/>
		<feat xlink:href="#sSpan449" value="PDEM"/>
		<feat xlink:href="#sSpan453" value="N"/>
		<feat xlink:href="#sSpan458" value="PUNCT"/>
		<feat xlink:href="#sSpan462" value="V"/>
		<feat xlink:href="#sSpan467" value="ART"/>
		<feat xlink:href="#sSpan471" value="N"/>
		<feat xlink:href="#sSpan473" value="PREP"/>
		<feat xlink:href="#sSpan477" value="ART"/>
		<feat xlink:href="#sSpan480" value="CREL"/>
		<feat xlink:href="#sSpan483" value="APST"/>
		<feat xlink:href="#sSpan485" value="PPERS"/>
		<feat xlink:href="#sSpan487" value="V"/>
		<feat xlink:href="#sSpan489" value="PPERO"/>
		<feat xlink:href="#sSpan491" value="IMOD"/>
		<feat xlink:href="#sSpan495" value="PPERO"/>
		<feat xlink:href="#sSpan497" value="PREP"/>
		<feat xlink:href="#sSpan502" value="ART"/>
		<feat xlink:href="#sSpan504" value="N"/>
		<feat xlink:href="#sSpan506" value="CONJ"/>
		<feat xlink:href="#sSpan511" value="PREP"/>
		<feat xlink:href="#sSpan513" value="PINT"/>
		<feat xlink:href="#sSpan515" value="PREP"/>
		<feat xlink:href="#sSpan519" value="N"/>
		<feat xlink:href="#sSpan521" value="APST"/>
		<feat xlink:href="#sSpan525" value="ART"/>
		<feat xlink:href="#sSpan529" value="N"/>
		<feat xlink:href="#sSpan531" value="V"/>
		<feat xlink:href="#sSpan535" value="PUNCT"/>
		<feat xlink:href="#sSpan539" value="CONJ"/>
		<feat xlink:href="#sSpan545" value="CONJ"/>
		<feat xlink:href="#sSpan550" value="EXIST"/>
		<feat xlink:href="#sSpan552" value="N"/>
		<feat xlink:href="#sSpan555" value="PREP"/>
		<feat xlink:href="#sSpan560" value="ART"/>
		<feat xlink:href="#sSpan563" value="CREL"/>
		<feat xlink:href="#sSpan565" value="VSTAT"/>
		<feat xlink:href="#sSpan567" value="PUNCT"/>
		<feat xlink:href="#sSpan572" value="PPERS"/>
		<feat xlink:href="#sSpan580" value="VSTAT"/>
		<feat xlink:href="#sSpan582" value="V"/>
		<feat xlink:href="#sSpan586" value="ART"/>
		<feat xlink:href="#sSpan590" value="CREL"/>
		<feat xlink:href="#sSpan592" value="V"/>
		<feat xlink:href="#sSpan594" value="PREP"/>
		<feat xlink:href="#sSpan598" value="PPERO"/>
		<feat xlink:href="#sSpan600" value="PUNCT"/>
		<feat xlink:href="#sSpan604" value="CONJ"/>
		<feat xlink:href="#sSpan609" value="CONJ"/>
		<feat xlink:href="#sSpan611" value="ART"/>
		<feat xlink:href="#sSpan614" value="N"/>
		<feat xlink:href="#sSpan617" value="COP"/>
		<feat xlink:href="#sSpan622" value="NPROP"/>
		<feat xlink:href="#sSpan627" value="PUNCT"/>
		<feat xlink:href="#sSpan631" value="PREP"/>
		<feat xlink:href="#sSpan636" value="PINT"/>
		<feat xlink:href="#sSpan639" value="ANEGPST"/>
		<feat xlink:href="#sSpan643" value="PPERS"/>
		<feat xlink:href="#sSpan645" value="V"/>
		<feat xlink:href="#sSpan647" value="CONJ"/>
		<feat xlink:href="#sSpan652" value="CFOC"/>
		<feat xlink:href="#sSpan654" value="APST"/>
		<feat xlink:href="#sSpan656" value="PPERS"/>
		<feat xlink:href="#sSpan658" value="V"/>
		<feat xlink:href="#sSpan661" value="NPROP"/>
		<feat xlink:href="#sSpan665" value="PINT"/>
		<feat xlink:href="#sSpan669" value="PUNCT"/>
		<feat xlink:href="#sSpan674" value="CFOC"/>
		<feat xlink:href="#sSpan681" value="APST"/>
		<feat xlink:href="#sSpan683" value="PPERS"/>
		<feat xlink:href="#sSpan685" value="V"/>
		<feat xlink:href="#sSpan687" value="PDEM"/>
		<feat xlink:href="#sSpan690" value="ADV"/>
		<feat xlink:href="#sSpan695" value="CONJ"/>
		<feat xlink:href="#sSpan700" value="APST"/>
		<feat xlink:href="#sSpan702" value="PPERS"/>
		<feat xlink:href="#sSpan704" value="V"/>
		<feat xlink:href="#sSpan706" value="PREP"/>
		<feat xlink:href="#sSpan711" value="ART"/>
		<feat xlink:href="#sSpan715" value="N"/>
		<feat xlink:href="#sSpan718" value="CONJ"/>
		<feat xlink:href="#sSpan722" value="CFOC"/>
		<feat xlink:href="#sSpan724" value="APST"/>
		<feat xlink:href="#sSpan727" value="PPERO"/>
		<feat xlink:href="#sSpan730" value="PPERS"/>
		<feat xlink:href="#sSpan735" value="V"/>
		<feat xlink:href="#sSpan737" value="PPERO"/>
		<feat xlink:href="#sSpan739" value="PINT"/>
		<feat xlink:href="#sSpan744" value="PUNCT"/>
		<feat xlink:href="#sSpan748" value="CCIRC"/>
		<feat xlink:href="#sSpan754" value="PPERS"/>
		<feat xlink:href="#sSpan756" value="VSTAT"/>
		<feat xlink:href="#sSpan758" value="PREP"/>
		<feat xlink:href="#sSpan763" value="N"/>
		<feat xlink:href="#sSpan768" value="CONJ"/>
		<feat xlink:href="#sSpan772" value="CFOC"/>
		<feat xlink:href="#sSpan775" value="APST"/>
		<feat xlink:href="#sSpan777" value="ART"/>
		<feat xlink:href="#sSpan780" value="N"/>
		<feat xlink:href="#sSpan782" value="V"/>
		<feat xlink:href="#sSpan788" value="CONJ"/>
		<feat xlink:href="#sSpan792" value="N"/>
		<feat xlink:href="#sSpan795" value="CCIRC"/>
		<feat xlink:href="#sSpan800" value="ART"/>
		<feat xlink:href="#sSpan803" value="N"/>
		<feat xlink:href="#sSpan805" value="COP"/>
		<feat xlink:href="#sSpan809" value="PUNCT"/>
		<feat xlink:href="#sSpan813" value="CONJ"/>
		<feat xlink:href="#sSpan818" value="CONJ"/>
		<feat xlink:href="#sSpan822" value="ART"/>
		<feat xlink:href="#sSpan826" value="N"/>
		<feat xlink:href="#sSpan829" value="PREP"/>
		<feat xlink:href="#sSpan833" value="PDEM"/>
		<feat xlink:href="#sSpan835" value="N"/>
		<feat xlink:href="#sSpan837" value="AAOR"/>
		<feat xlink:href="#sSpan842" value="PPERS"/>
		<feat xlink:href="#sSpan844" value="V"/>
		<feat xlink:href="#sSpan846" value="PREP"/>
		<feat xlink:href="#sSpan850" value="N"/>
		<feat xlink:href="#sSpan854" value="PREP"/>
		<feat xlink:href="#sSpan858" value="N"/>
		<feat xlink:href="#sSpan860" value="PREP"/>
		<feat xlink:href="#sSpan864" value="ART"/>
		<feat xlink:href="#sSpan868" value="N"/>
		<feat xlink:href="#sSpan872" value="PUNCT"/>
		<feat xlink:href="#sSpan877" value="CONJ"/>
		<feat xlink:href="#sSpan882" value="ART"/>
		<feat xlink:href="#sSpan887" value="N"/>
		<feat xlink:href="#sSpan889" value="PUNCT"/>
		<feat xlink:href="#sSpan895" value="PREP"/>
		<feat xlink:href="#sSpan902" value="ART"/>
		<feat xlink:href="#sSpan904" value="N"/>
		<feat xlink:href="#sSpan906" value="CREL"/>
		<feat xlink:href="#sSpan910" value="APST"/>
		<feat xlink:href="#sSpan912" value="PPERS"/>
		<feat xlink:href="#sSpan914" value="V"/>
		<feat xlink:href="#sSpan917" value="PPERO"/>
		<feat xlink:href="#sSpan919" value="PUNCT"/>
		<feat xlink:href="#sSpan924" value="CONJ"/>
		<feat xlink:href="#sSpan928" value="CCIRC"/>
		<feat xlink:href="#sSpan933" value="APST"/>
		<feat xlink:href="#sSpan935" value="PPERS"/>
		<feat xlink:href="#sSpan937" value="V"/>
		<feat xlink:href="#sSpan939" value="PDEM"/>
		<feat xlink:href="#sSpan943" value="PPERI"/>
		<feat xlink:href="#sSpan947" value="ART"/>
		<feat xlink:href="#sSpan952" value="N"/>
		<feat xlink:href="#sSpan956" value="CONJ"/>
		<feat xlink:href="#sSpan960" value="N"/>
		<feat xlink:href="#sSpan963" value="PREP"/>
		<feat xlink:href="#sSpan968" value="ART"/>
		<feat xlink:href="#sSpan970" value="N"/>
		<feat xlink:href="#sSpan972" value="CREL"/>
		<feat xlink:href="#sSpan976" value="VSTAT"/>
		<feat xlink:href="#sSpan978" value="PREP"/>
		<feat xlink:href="#sSpan982" value="ART"/>
		<feat xlink:href="#sSpan987" value="NPROP"/>
		<feat xlink:href="#sSpan989" value="PUNCT"/>
		<feat xlink:href="#sSpan994" value="CCIRC"/>
		<feat xlink:href="#sSpan1000" value="APST"/>
		<feat xlink:href="#sSpan1002" value="PPERS"/>
		<feat xlink:href="#sSpan1004" value="V"/>
		<feat xlink:href="#sSpan1007" value="NPROP"/>
		<feat xlink:href="#sSpan1010" value="CONJ"/>
		<feat xlink:href="#sSpan1015" value="CFOC"/>
		<feat xlink:href="#sSpan1017" value="PPERS"/>
		<feat xlink:href="#sSpan1019" value="PINT"/>
		<feat xlink:href="#sSpan1022" value="NPROP"/>
		<feat xlink:href="#sSpan1028" value="PPOS"/>
		<feat xlink:href="#sSpan1032" value="N"/>
		<feat xlink:href="#sSpan1034" value="PUNCT"/>
		<feat xlink:href="#sSpan1039" value="PREP"/>
		<feat xlink:href="#sSpan1046" value="ART"/>
		<feat xlink:href="#sSpan1048" value="N"/>
		<feat xlink:href="#sSpan1050" value="ADV"/>
		<feat xlink:href="#sSpan1054" value="CFOC"/>
		<feat xlink:href="#sSpan1058" value="APST"/>
		<feat xlink:href="#sSpan1060" value="ART"/>
		<feat xlink:href="#sSpan1064" value="N"/>
		<feat xlink:href="#sSpan1067" value="PUNCT"/>
		<feat xlink:href="#sSpan1071" value="CONJ"/>
		<feat xlink:href="#sSpan1075" value="ART"/>
		<feat xlink:href="#sSpan1078" value="N"/>
		<feat xlink:href="#sSpan1081" value="PREP"/>
		<feat xlink:href="#sSpan1085" value="ART"/>
		<feat xlink:href="#sSpan1089" value="N"/>
		<feat xlink:href="#sSpan1092" value="PUNCT"/>
		<feat xlink:href="#sSpan1096" value="CONJ"/>
		<feat xlink:href="#sSpan1100" value="CFOC"/>
		<feat xlink:href="#sSpan1102" value="PPERS"/>
		<feat xlink:href="#sSpan1106" value="V"/>
		<feat xlink:href="#sSpan1109" value="PREP"/>
		<feat xlink:href="#sSpan1113" value="PINT"/>
		<feat xlink:href="#sSpan1115" value="PUNCT"/>
		<feat xlink:href="#sSpan1120" value="PDEM"/>
		<feat xlink:href="#sSpan1128" value="ADV"/>
		<feat xlink:href="#sSpan1132" value="APST"/>
		<feat xlink:href="#sSpan1136" value="PPERS"/>
		<feat xlink:href="#sSpan1138" value="V"/>
		<feat xlink:href="#sSpan1140" value="PPERO"/>
		<feat xlink:href="#sSpan1142" value="PTC"/>
		<feat xlink:href="#sSpan1146" value="ART"/>
		<feat xlink:href="#sSpan1150" value="N"/>
		<feat xlink:href="#sSpan1152" value="PUNCT"/>
		<feat xlink:href="#sSpan1156" value="CCIRC"/>
		<feat xlink:href="#sSpan1160" value="PPERS"/>
		<feat xlink:href="#sSpan1162" value="V"/>
		<feat xlink:href="#sSpan1164" value="PREP"/>
		<feat xlink:href="#sSpan1169" value="PPERO"/>
		<feat xlink:href="#sSpan1171" value="PREP"/>
		<feat xlink:href="#sSpan1176" value="NPROP"/>
		<feat xlink:href="#sSpan1180" value="PUNCT"/>
		<feat xlink:href="#sSpan1184" value="CONJ"/>
		<feat xlink:href="#sSpan1188" value="ART"/>
		<feat xlink:href="#sSpan1191" value="N"/>
		<feat xlink:href="#sSpan1194" value="VBD_PPERS"/>
		<feat xlink:href="#sSpan1198" value="PPERS"/>
		<feat xlink:href="#sSpan1202" value="V"/>
		<feat xlink:href="#sSpan1205" value="PUNCT"/>
		<feat xlink:href="#sSpan1209" value="CFOC_PPERS"/>
		<feat xlink:href="#sSpan1213" value="V"/>
		<feat xlink:href="#sSpan1216" value="PREP"/>
		<feat xlink:href="#sSpan1221" value="PINT"/>
		<feat xlink:href="#sSpan1223" value="PUNCT"/>
		<feat xlink:href="#sSpan1228" value="PREP"/>
		<feat xlink:href="#sSpan1235" value="ART"/>
		<feat xlink:href="#sSpan1237" value="N"/>
		<feat xlink:href="#sSpan1239" value="ADV"/>
		<feat xlink:href="#sSpan1243" value="CFOC"/>
		<feat xlink:href="#sSpan1247" value="APST"/>
		<feat xlink:href="#sSpan1249" value="PPERS"/>
		<feat xlink:href="#sSpan1251" value="V"/>
		<feat xlink:href="#sSpan1253" value="ART"/>
		<feat xlink:href="#sSpan1257" value="CREL"/>
		<feat xlink:href="#sSpan1259" value="V"/>
		<feat xlink:href="#sSpan1262" value="PREP"/>
		<feat xlink:href="#sSpan1267" value="NPROP"/>
		<feat xlink:href="#sSpan1271" value="PUNCT"/>
		<feat xlink:href="#sSpan1275" value="PREP"/>
		<feat xlink:href="#sSpan1279" value="ART"/>
		<feat xlink:href="#sSpan1283" value="CREL"/>
		<feat xlink:href="#sSpan1285" value="APST"/>
		<feat xlink:href="#sSpan1287" value="PPERS"/>
		<feat xlink:href="#sSpan1289" value="V"/>
		<feat xlink:href="#sSpan1292" value="PREP"/>
		<feat xlink:href="#sSpan1297" value="PPERO"/>
		<feat xlink:href="#sSpan1299" value="PUNCT"/>
		<feat xlink:href="#sSpan1304" value="CONJ"/>
		<feat xlink:href="#sSpan1309" value="PINT"/>
		<feat xlink:href="#sSpan1311" value="COP"/>
		<feat xlink:href="#sSpan1315" value="PDEM"/>
		<feat xlink:href="#sSpan1320" value="N"/>
		<feat xlink:href="#sSpan1323" value="CCIRC"/>
		<feat xlink:href="#sSpan1327" value="PPERS"/>
		<feat xlink:href="#sSpan1329" value="V"/>
		<feat xlink:href="#sSpan1331" value="PREP"/>
		<feat xlink:href="#sSpan1336" value="PPERO"/>
		<feat xlink:href="#sSpan1338" value="PREP"/>
		<feat xlink:href="#sSpan1342" value="PPOS"/>
		<feat xlink:href="#sSpan1345" value="N"/>
		<feat xlink:href="#sSpan1347" value="CCIRC"/>
		<feat xlink:href="#sSpan1351" value="PPERS"/>
		<feat xlink:href="#sSpan1354" value="V"/>
		<feat xlink:href="#sSpan1357" value="PREP"/>
		<feat xlink:href="#sSpan1361" value="ART"/>
		<feat xlink:href="#sSpan1365" value="N"/>
		<feat xlink:href="#sSpan1367" value="PUNCT"/>
		<feat xlink:href="#sSpan1372" value="CONJ"/>
		<feat xlink:href="#sSpan1379" value="PREP"/>
		<feat xlink:href="#sSpan1383" value="ART"/>
		<feat xlink:href="#sSpan1385" value="N"/>
		<feat xlink:href="#sSpan1387" value="CREL"/>
		<feat xlink:href="#sSpan1391" value="APST"/>
		<feat xlink:href="#sSpan1393" value="PPERS"/>
		<feat xlink:href="#sSpan1395" value="V"/>
		<feat xlink:href="#sSpan1398" value="PREP"/>
		<feat xlink:href="#sSpan1402" value="ART"/>
		<feat xlink:href="#sSpan1406" value="N"/>
		<feat xlink:href="#sSpan1409" value="APST"/>
		<feat xlink:href="#sSpan1413" value="PPERS"/>
		<feat xlink:href="#sSpan1415" value="V"/>
		<feat xlink:href="#sSpan1417" value="PPERO"/>
		<feat xlink:href="#sSpan1420" value="CCIRC"/>
		<feat xlink:href="#sSpan1424" value="PPERS"/>
		<feat xlink:href="#sSpan1426" value="V"/>
		<feat xlink:href="#sSpan1428" value="PREP"/>
		<feat xlink:href="#sSpan1432" value="PPERO"/>
		<feat xlink:href="#sSpan1435" value="CONJ"/>
		<feat xlink:href="#sSpan1440" value="PDEM"/>
		<feat xlink:href="#sSpan1443" value="N"/>
		<feat xlink:href="#sSpan1446" value="N"/>
		<feat xlink:href="#sSpan1451" value="CONJ"/>
		<feat xlink:href="#sSpan1456" value="EXIST"/>
		<feat xlink:href="#sSpan1460" value="N"/>
		<feat xlink:href="#sSpan1463" value="PREP"/>
		<feat xlink:href="#sSpan1468" value="N"/>
		<feat xlink:href="#sSpan1473" value="PREP"/>
		<feat xlink:href="#sSpan1477" value="PPERO"/>
		<feat xlink:href="#sSpan1480" value="PUNCT"/>
		<feat xlink:href="#sSpan1484" value="CCIRC"/>
		<feat xlink:href="#sSpan1488" value="PPERS"/>
		<feat xlink:href="#sSpan1490" value="V"/>
		<feat xlink:href="#sSpan1492" value="CONJ"/>
		<feat xlink:href="#sSpan1497" value="ANEGPST"/>
		<feat xlink:href="#sSpan1499" value="PPERS"/>
		<feat xlink:href="#sSpan1501" value="V"/>
		<feat xlink:href="#sSpan1503" value="N"/>
		<feat xlink:href="#sSpan1507" value="PREP"/>
		<feat xlink:href="#sSpan1511" value="PPOS"/>
		<feat xlink:href="#sSpan1513" value="N"/>
		<feat xlink:href="#sSpan1515" value="CREL"/>
		<feat xlink:href="#sSpan1520" value="ADV"/>
		<feat xlink:href="#sSpan1523" value="PREP"/>
		<feat xlink:href="#sSpan1530" value="ART"/>
		<feat xlink:href="#sSpan1532" value="N"/>
		<feat xlink:href="#sSpan1534" value="ADV"/>
		<feat xlink:href="#sSpan1538" value="CFOC"/>
		<feat xlink:href="#sSpan1542" value="APST"/>
		<feat xlink:href="#sSpan1544" value="PPERS"/>
		<feat xlink:href="#sSpan1546" value="V"/>
		<feat xlink:href="#sSpan1548" value="PPERO"/>
		<feat xlink:href="#sSpan1551" value="PUNCT"/>
		<feat xlink:href="#sSpan1555" value="CONJ"/>
		<feat xlink:href="#sSpan1559" value="PINT"/>
		<feat xlink:href="#sSpan1561" value="ART"/>
		<feat xlink:href="#sSpan1567" value="N"/>
		<feat xlink:href="#sSpan1569" value="PREP"/>
		<feat xlink:href="#sSpan1573" value="PPERO"/>
		<feat xlink:href="#sSpan1576" value="PUNCT"/>
		<feat xlink:href="#sSpan1582" value="CONJ"/>
		<feat xlink:href="#sSpan1589" value="ART"/>
		<feat xlink:href="#sSpan1594" value="CREL"/>
		<feat xlink:href="#sSpan1596" value="APST"/>
		<feat xlink:href="#sSpan1598" value="PPERS"/>
		<feat xlink:href="#sSpan1600" value="V"/>
		<feat xlink:href="#sSpan1602" value="PREP"/>
		<feat xlink:href="#sSpan1607" value="ART"/>
		<feat xlink:href="#sSpan1610" value="N"/>
		<feat xlink:href="#sSpan1612" value="APST"/>
		<feat xlink:href="#sSpan1616" value="PPERS"/>
		<feat xlink:href="#sSpan1618" value="V"/>
		<feat xlink:href="#sSpan1620" value="PPERO"/>
		<feat xlink:href="#sSpan1623" value="CPRET"/>
		<feat xlink:href="#sSpan1627" value="PPERS"/>
		<feat xlink:href="#sSpan1629" value="V"/>
		<feat xlink:href="#sSpan1631" value="NEG"/>
		<feat xlink:href="#sSpan1636" value="CONJ"/>
		<feat xlink:href="#sSpan1640" value="PINT"/>
		<feat xlink:href="#sSpan1642" value="COP"/>
		<feat xlink:href="#sSpan1646" value="PUNCT"/>
		<feat xlink:href="#sSpan1651" value="ADV"/>
		<feat xlink:href="#sSpan1659" value="ADV"/>
		<feat xlink:href="#sSpan1663" value="CPRET"/>
		<feat xlink:href="#sSpan1667" value="PPERS"/>
		<feat xlink:href="#sSpan1669" value="V"/>
		<feat xlink:href="#sSpan1671" value="NEG"/>
		<feat xlink:href="#sSpan1676" value="CONJ"/>
		<feat xlink:href="#sSpan1680" value="PINT"/>
		<feat xlink:href="#sSpan1682" value="COP"/>
		<feat xlink:href="#sSpan1686" value="CREL"/>
		<feat xlink:href="#sSpan1689" value="APST"/>
		<feat xlink:href="#sSpan1691" value="PPERS"/>
		<feat xlink:href="#sSpan1693" value="V"/>
		<feat xlink:href="#sSpan1695" value="PREP"/>
		<feat xlink:href="#sSpan1699" value="ART"/>
		<feat xlink:href="#sSpan1702" value="N"/>
		<feat xlink:href="#sSpan1704" value="PREP"/>
		<feat xlink:href="#sSpan1709" value="PPOS"/>
		<feat xlink:href="#sSpan1712" value="N"/>
		<feat xlink:href="#sSpan1714" value="PUNCT"/>
		<feat xlink:href="#sSpan1718" value="APST"/>
		<feat xlink:href="#sSpan1723" value="PPOS"/>
		<feat xlink:href="#sSpan1726" value="N"/>
		<feat xlink:href="#sSpan1728" value="V"/>
		<feat xlink:href="#sSpan1733" value="CCIRC"/>
		<feat xlink:href="#sSpan1738" value="PPERS"/>
		<feat xlink:href="#sSpan1740" value="V"/>
		<feat xlink:href="#sSpan1742" value="PUNCT"/>
		<feat xlink:href="#sSpan1748" value="ADV"/>
		<feat xlink:href="#sSpan1755" value="ACOND"/>
		<feat xlink:href="#sSpan1759" value="ART"/>
		<feat xlink:href="#sSpan1764" value="N"/>
		<feat xlink:href="#sSpan1766" value="PREP"/>
		<feat xlink:href="#sSpan1770" value="PPOS"/>
		<feat xlink:href="#sSpan1773" value="N"/>
		<feat xlink:href="#sSpan1776" value="ART"/>
		<feat xlink:href="#sSpan1782" value="NPROP"/>
		<feat xlink:href="#sSpan1785" value="V"/>
		<feat xlink:href="#sSpan1790" value="CONJ"/>
		<feat xlink:href="#sSpan1794" value="CPRET"/>
		<feat xlink:href="#sSpan1798" value="PPERS"/>
		<feat xlink:href="#sSpan1801" value="V"/>
		<feat xlink:href="#sSpan1804" value="PREP"/>
		<feat xlink:href="#sSpan1808" value="PPERO"/>
		<feat xlink:href="#sSpan1810" value="PUNCT"/>
		<feat xlink:href="#sSpan1815" value="PTC"/>
		<feat xlink:href="#sSpan1821" value="ART"/>
		<feat xlink:href="#sSpan1828" value="N"/>
		<feat xlink:href="#sSpan1830" value="PUNCT"/>
		<feat xlink:href="#sSpan1834" value="ACONJ"/>
		<feat xlink:href="#sSpan1839" value="PPERS"/>
		<feat xlink:href="#sSpan1842" value="V"/>
		<feat xlink:href="#sSpan1846" value="PPERO"/>
		<feat xlink:href="#sSpan1848" value="PREP"/>
		<feat xlink:href="#sSpan1854" value="N"/>
		<feat xlink:href="#sSpan1860" value="PUNCT"/>
		<feat xlink:href="#sSpan1865" value="PPERS"/>
		<feat xlink:href="#sSpan1872" value="FUT"/>
		<feat xlink:href="#sSpan1874" value="V"/>
		<feat xlink:href="#sSpan1876" value="PPERO"/>
		<feat xlink:href="#sSpan1878" value="CCIRC"/>
		<feat xlink:href="#sSpan1882" value="PPERS"/>
		<feat xlink:href="#sSpan1885" value="V"/>
		<feat xlink:href="#sSpan1888" value="PREP"/>
		<feat xlink:href="#sSpan1892" value="ART"/>
		<feat xlink:href="#sSpan1895" value="N"/>
		<feat xlink:href="#sSpan1897" value="PUNCT"/>
		<feat xlink:href="#sSpan1901" value="CONJ"/>
		<feat xlink:href="#sSpan1906" value="ART"/>
		<feat xlink:href="#sSpan1910" value="FM"/>
		<feat xlink:href="#sSpan1912" value="PPERS"/>
		<feat xlink:href="#sSpan1916" value="V"/>
		<feat xlink:href="#sSpan1919" value="CONJ"/>
		<feat xlink:href="#sSpan1923" value="PTC"/>
		<feat xlink:href="#sSpan1925" value="ART"/>
		<feat xlink:href="#sSpan1928" value="N"/>
		<feat xlink:href="#sSpan1931" value="PREP"/>
		<feat xlink:href="#sSpan1935" value="PPERO"/>
		<feat xlink:href="#sSpan1937" value="PREP"/>
		<feat xlink:href="#sSpan1942" value="NUM"/>
		<feat xlink:href="#sSpan1947" value="PREP"/>
		<feat xlink:href="#sSpan1952" value="N"/>
		<feat xlink:href="#sSpan1954" value="PUNCT"/>
		<feat xlink:href="#sSpan1959" value="CONJ"/>
		<feat xlink:href="#sSpan1963" value="PPERS"/>
		<feat xlink:href="#sSpan1968" value="V"/>
		<feat xlink:href="#sSpan1970" value="PREP"/>
		<feat xlink:href="#sSpan1974" value="PPERO"/>
		<feat xlink:href="#sSpan1976" value="PREP"/>
		<feat xlink:href="#sSpan1981" value="CCIRC"/>
		<feat xlink:href="#sSpan1983" value="PPERS"/>
		<feat xlink:href="#sSpan1985" value="PREP"/>
		<feat xlink:href="#sSpan1987" value="PPERO"/>
		<feat xlink:href="#sSpan1989" value="PREP"/>
		<feat xlink:href="#sSpan1994" value="PPOS"/>
		<feat xlink:href="#sSpan1997" value="N"/>
		<feat xlink:href="#sSpan1999" value="PUNCT"/>
		<feat xlink:href="#sSpan2004" value="ACOND"/>
		<feat xlink:href="#sSpan2011" value="ART"/>
		<feat xlink:href="#sSpan2015" value="N"/>
		<feat xlink:href="#sSpan2019" value="V"/>
		<feat xlink:href="#sSpan2025" value="PREP"/>
		<feat xlink:href="#sSpan2030" value="ART"/>
		<feat xlink:href="#sSpan2033" value="N"/>
		<feat xlink:href="#sSpan2035" value="CREL"/>
		<feat xlink:href="#sSpan2040" value="APST"/>
		<feat xlink:href="#sSpan2042" value="PPERS"/>
		<feat xlink:href="#sSpan2044" value="V"/>
		<feat xlink:href="#sSpan2046" value="PPERO"/>
		<feat xlink:href="#sSpan2048" value="PREP"/>
		<feat xlink:href="#sSpan2053" value="PPOS"/>
		<feat xlink:href="#sSpan2056" value="N"/>
		<feat xlink:href="#sSpan2058" value="PREP"/>
		<feat xlink:href="#sSpan2062" value="PPOS"/>
		<feat xlink:href="#sSpan2066" value="N"/>
		<feat xlink:href="#sSpan2068" value="PUNCT"/>
		<feat xlink:href="#sSpan2074" value="NPROP"/>
		<feat xlink:href="#sSpan2080" value="PPERI"/>
		<feat xlink:href="#sSpan2084" value="V"/>
		<feat xlink:href="#sSpan2088" value="PREP"/>
		<feat xlink:href="#sSpan2093" value="ART"/>
		<feat xlink:href="#sSpan2096" value="CREL"/>
		<feat xlink:href="#sSpan2098" value="APST"/>
		<feat xlink:href="#sSpan2100" value="PPERS"/>
		<feat xlink:href="#sSpan2103" value="V"/>
		<feat xlink:href="#sSpan2106" value="PREP"/>
		<feat xlink:href="#sSpan2110" value="PPERO"/>
		<feat xlink:href="#sSpan2112" value="PREP"/>
		<feat xlink:href="#sSpan2116" value="ART"/>
		<feat xlink:href="#sSpan2120" value="N"/>
		<feat xlink:href="#sSpan2122" value="PUNCT"/>
		<feat xlink:href="#sSpan2127" value="ART"/>
		<feat xlink:href="#sSpan2135" value="CREL"/>
		<feat xlink:href="#sSpan2137" value="V"/>
		<feat xlink:href="#sSpan2139" value="CONJ"/>
		<feat xlink:href="#sSpan2143" value="CPRET"/>
		<feat xlink:href="#sSpan2145" value="PPERS"/></featList></paula>