<?xml version='1.0' encoding='UTF-8'?><!DOCTYPE paula SYSTEM "paula_rel.dtd">
<paula version="1.1">
	<header paula_id="scriptorium.shenoute.those.GF268-270.dep"/>
	<relList xmlns:xlink="http://www.w3.org/1999/xlink" type="dep">
		<rel id="sPointingRel1" xlink:href="scriptorium.shenoute.those.GF268-270.mark.xml#sSpan1618" target="scriptorium.shenoute.those.GF268-270.mark.xml#sSpan1620"/>
		<rel id="sPointingRel3" xlink:href="scriptorium.shenoute.those.GF268-270.mark.xml#sSpan1952" target="scriptorium.shenoute.those.GF268-270.mark.xml#sSpan1942"/>
		<rel id="sPointingRel5" xlink:href="scriptorium.shenoute.those.GF268-270.mark.xml#sSpan225" target="scriptorium.shenoute.those.GF268-270.mark.xml#sSpan220"/>
		<rel id="sPointingRel7" xlink:href="scriptorium.shenoute.those.GF268-270.mark.xml#sSpan645" target="scriptorium.shenoute.those.GF268-270.mark.xml#sSpan639"/>
		<rel id="sPointingRel9" xlink:href="scriptorium.shenoute.those.GF268-270.mark.xml#sSpan487" target="scriptorium.shenoute.those.GF268-270.mark.xml#sSpan489"/>
		<rel id="sPointingRel11" xlink:href="scriptorium.shenoute.those.GF268-270.mark.xml#sSpan1997" target="scriptorium.shenoute.those.GF268-270.mark.xml#sSpan1989"/>
		<rel id="sPointingRel13" xlink:href="scriptorium.shenoute.those.GF268-270.mark.xml#sSpan1513" target="scriptorium.shenoute.those.GF268-270.mark.xml#sSpan1507"/>
		<rel id="sPointingRel15" xlink:href="scriptorium.shenoute.those.GF268-270.mark.xml#sSpan970" target="scriptorium.shenoute.those.GF268-270.mark.xml#sSpan976"/>
		<rel id="sPointingRel17" xlink:href="scriptorium.shenoute.those.GF268-270.mark.xml#sSpan1997" target="scriptorium.shenoute.those.GF268-270.mark.xml#sSpan1994"/>
		<rel id="sPointingRel19" xlink:href="scriptorium.shenoute.those.GF268-270.mark.xml#sSpan198" target="scriptorium.shenoute.those.GF268-270.mark.xml#sSpan191"/>
		<rel id="sPointingRel21" xlink:href="scriptorium.shenoute.those.GF268-270.mark.xml#sSpan1501" target="scriptorium.shenoute.those.GF268-270.mark.xml#sSpan1497"/>
		<rel id="sPointingRel23" xlink:href="scriptorium.shenoute.those.GF268-270.mark.xml#sSpan1885" target="scriptorium.shenoute.those.GF268-270.mark.xml#sSpan1916"/>
		<rel id="sPointingRel25" xlink:href="scriptorium.shenoute.those.GF268-270.mark.xml#sSpan645" target="scriptorium.shenoute.those.GF268-270.mark.xml#sSpan614"/>
		<rel id="sPointingRel27" xlink:href="scriptorium.shenoute.those.GF268-270.mark.xml#sSpan2103" target="scriptorium.shenoute.those.GF268-270.mark.xml#sSpan2100"/>
		<rel id="sPointingRel29" xlink:href="scriptorium.shenoute.those.GF268-270.mark.xml#sSpan225" target="scriptorium.shenoute.those.GF268-270.mark.xml#sSpan265"/>
		<rel id="sPointingRel31" xlink:href="scriptorium.shenoute.those.GF268-270.mark.xml#sSpan126" target="scriptorium.shenoute.those.GF268-270.mark.xml#sSpan152"/>
		<rel id="sPointingRel33" xlink:href="scriptorium.shenoute.those.GF268-270.mark.xml#sSpan152" target="scriptorium.shenoute.those.GF268-270.mark.xml#sSpan159"/>
		<rel id="sPointingRel35" xlink:href="scriptorium.shenoute.those.GF268-270.mark.xml#sSpan42" target="scriptorium.shenoute.those.GF268-270.mark.xml#sSpan53"/>
		<rel id="sPointingRel37" xlink:href="scriptorium.shenoute.those.GF268-270.mark.xml#sSpan1345" target="scriptorium.shenoute.those.GF268-270.mark.xml#sSpan1338"/>
		<rel id="sPointingRel39" xlink:href="scriptorium.shenoute.those.GF268-270.mark.xml#sSpan277" target="scriptorium.shenoute.those.GF268-270.mark.xml#sSpan279"/>
		<rel id="sPointingRel41" xlink:href="scriptorium.shenoute.those.GF268-270.mark.xml#sSpan389" target="scriptorium.shenoute.those.GF268-270.mark.xml#sSpan384"/>
		<rel id="sPointingRel43" xlink:href="scriptorium.shenoute.those.GF268-270.mark.xml#sSpan487" target="scriptorium.shenoute.those.GF268-270.mark.xml#sSpan495"/>
		<rel id="sPointingRel45" xlink:href="scriptorium.shenoute.those.GF268-270.mark.xml#sSpan126" target="scriptorium.shenoute.those.GF268-270.mark.xml#sSpan119"/>
		<rel id="sPointingRel47" xlink:href="scriptorium.shenoute.those.GF268-270.mark.xml#sSpan1559" target="scriptorium.shenoute.those.GF268-270.mark.xml#sSpan1555"/>
		<rel id="sPointingRel49" xlink:href="scriptorium.shenoute.those.GF268-270.mark.xml#sSpan2044" target="scriptorium.shenoute.those.GF268-270.mark.xml#sSpan2035"/>
		<rel id="sPointingRel51" xlink:href="scriptorium.shenoute.those.GF268-270.mark.xml#sSpan2120" target="scriptorium.shenoute.those.GF268-270.mark.xml#sSpan2112"/>
		<rel id="sPointingRel53" xlink:href="scriptorium.shenoute.those.GF268-270.mark.xml#sSpan1329" target="scriptorium.shenoute.those.GF268-270.mark.xml#sSpan1327"/>
		<rel id="sPointingRel55" xlink:href="scriptorium.shenoute.those.GF268-270.mark.xml#sSpan782" target="scriptorium.shenoute.those.GF268-270.mark.xml#sSpan792"/>
		<rel id="sPointingRel57" xlink:href="scriptorium.shenoute.those.GF268-270.mark.xml#sSpan782" target="scriptorium.shenoute.those.GF268-270.mark.xml#sSpan768"/>
		<rel id="sPointingRel59" xlink:href="scriptorium.shenoute.those.GF268-270.mark.xml#sSpan1202" target="scriptorium.shenoute.those.GF268-270.mark.xml#sSpan1198"/>
		<rel id="sPointingRel61" xlink:href="scriptorium.shenoute.those.GF268-270.mark.xml#sSpan1702" target="scriptorium.shenoute.those.GF268-270.mark.xml#sSpan1712"/>
		<rel id="sPointingRel63" xlink:href="scriptorium.shenoute.those.GF268-270.mark.xml#sSpan1532" target="scriptorium.shenoute.those.GF268-270.mark.xml#sSpan1530"/>
		<rel id="sPointingRel65" xlink:href="scriptorium.shenoute.those.GF268-270.mark.xml#sSpan198" target="scriptorium.shenoute.those.GF268-270.mark.xml#sSpan196"/>
		<rel id="sPointingRel67" xlink:href="scriptorium.shenoute.those.GF268-270.mark.xml#sSpan914" target="scriptorium.shenoute.those.GF268-270.mark.xml#sSpan937"/>
		<rel id="sPointingRel69" xlink:href="scriptorium.shenoute.those.GF268-270.mark.xml#sSpan1968" target="scriptorium.shenoute.those.GF268-270.mark.xml#sSpan1959"/>
		<rel id="sPointingRel71" xlink:href="scriptorium.shenoute.those.GF268-270.mark.xml#sSpan377" target="scriptorium.shenoute.those.GF268-270.mark.xml#sSpan380"/>
		<rel id="sPointingRel73" xlink:href="scriptorium.shenoute.those.GF268-270.mark.xml#sSpan531" target="scriptorium.shenoute.those.GF268-270.mark.xml#sSpan513"/>
		<rel id="sPointingRel75" xlink:href="scriptorium.shenoute.those.GF268-270.mark.xml#sSpan404" target="scriptorium.shenoute.those.GF268-270.mark.xml#sSpan431"/>
		<rel id="sPointingRel77" xlink:href="scriptorium.shenoute.those.GF268-270.mark.xml#sSpan1874" target="scriptorium.shenoute.those.GF268-270.mark.xml#sSpan1865"/>
		<rel id="sPointingRel79" xlink:href="scriptorium.shenoute.those.GF268-270.mark.xml#sSpan2093" target="scriptorium.shenoute.those.GF268-270.mark.xml#sSpan2088"/>
		<rel id="sPointingRel81" xlink:href="scriptorium.shenoute.those.GF268-270.mark.xml#sSpan1501" target="scriptorium.shenoute.those.GF268-270.mark.xml#sSpan1513"/>
		<rel id="sPointingRel83" xlink:href="scriptorium.shenoute.those.GF268-270.mark.xml#sSpan53" target="scriptorium.shenoute.those.GF268-270.mark.xml#sSpan48"/>
		<rel id="sPointingRel85" xlink:href="scriptorium.shenoute.those.GF268-270.mark.xml#sSpan792" target="scriptorium.shenoute.those.GF268-270.mark.xml#sSpan788"/>
		<rel id="sPointingRel87" xlink:href="scriptorium.shenoute.those.GF268-270.mark.xml#sSpan265" target="scriptorium.shenoute.those.GF268-270.mark.xml#sSpan260"/>
		<rel id="sPointingRel89" xlink:href="scriptorium.shenoute.those.GF268-270.mark.xml#sSpan443" target="scriptorium.shenoute.those.GF268-270.mark.xml#sSpan437"/>
		<rel id="sPointingRel91" xlink:href="scriptorium.shenoute.those.GF268-270.mark.xml#sSpan1546" target="scriptorium.shenoute.those.GF268-270.mark.xml#sSpan1559"/>
		<rel id="sPointingRel93" xlink:href="scriptorium.shenoute.those.GF268-270.mark.xml#sSpan645" target="scriptorium.shenoute.those.GF268-270.mark.xml#sSpan658"/>
		<rel id="sPointingRel95" xlink:href="scriptorium.shenoute.those.GF268-270.mark.xml#sSpan1693" target="scriptorium.shenoute.those.GF268-270.mark.xml#sSpan1702"/>
		<rel id="sPointingRel97" xlink:href="scriptorium.shenoute.those.GF268-270.mark.xml#sSpan1773" target="scriptorium.shenoute.those.GF268-270.mark.xml#sSpan1770"/>
		<rel id="sPointingRel99" xlink:href="scriptorium.shenoute.those.GF268-270.mark.xml#sSpan1669" target="scriptorium.shenoute.those.GF268-270.mark.xml#sSpan1659"/>
		<rel id="sPointingRel101" xlink:href="scriptorium.shenoute.those.GF268-270.mark.xml#sSpan1320" target="scriptorium.shenoute.those.GF268-270.mark.xml#sSpan1315"/>
		<rel id="sPointingRel103" xlink:href="scriptorium.shenoute.those.GF268-270.mark.xml#sSpan1895" target="scriptorium.shenoute.those.GF268-270.mark.xml#sSpan1892"/>
		<rel id="sPointingRel105" xlink:href="scriptorium.shenoute.those.GF268-270.mark.xml#sSpan471" target="scriptorium.shenoute.those.GF268-270.mark.xml#sSpan467"/>
		<rel id="sPointingRel107" xlink:href="scriptorium.shenoute.those.GF268-270.mark.xml#sSpan2019" target="scriptorium.shenoute.those.GF268-270.mark.xml#sSpan2004"/>
		<rel id="sPointingRel109" xlink:href="scriptorium.shenoute.those.GF268-270.mark.xml#sSpan1138" target="scriptorium.shenoute.those.GF268-270.mark.xml#sSpan1132"/>
		<rel id="sPointingRel111" xlink:href="scriptorium.shenoute.those.GF268-270.mark.xml#sSpan1828" target="scriptorium.shenoute.those.GF268-270.mark.xml#sSpan1815"/>
		<rel id="sPointingRel113" xlink:href="scriptorium.shenoute.those.GF268-270.mark.xml#sSpan1640" target="scriptorium.shenoute.those.GF268-270.mark.xml#sSpan1636"/>
		<rel id="sPointingRel115" xlink:href="scriptorium.shenoute.those.GF268-270.mark.xml#sSpan782" target="scriptorium.shenoute.those.GF268-270.mark.xml#sSpan780"/>
		<rel id="sPointingRel117" xlink:href="scriptorium.shenoute.those.GF268-270.mark.xml#sSpan1773" target="scriptorium.shenoute.those.GF268-270.mark.xml#sSpan1782"/>
		<rel id="sPointingRel119" xlink:href="scriptorium.shenoute.those.GF268-270.mark.xml#sSpan1974" target="scriptorium.shenoute.those.GF268-270.mark.xml#sSpan1970"/>
		<rel id="sPointingRel121" xlink:href="scriptorium.shenoute.those.GF268-270.mark.xml#sSpan735" target="scriptorium.shenoute.those.GF268-270.mark.xml#sSpan727"/>
		<rel id="sPointingRel123" xlink:href="scriptorium.shenoute.those.GF268-270.mark.xml#sSpan1162" target="scriptorium.shenoute.those.GF268-270.mark.xml#sSpan1202"/>
		<rel id="sPointingRel125" xlink:href="scriptorium.shenoute.those.GF268-270.mark.xml#sSpan1415" target="scriptorium.shenoute.those.GF268-270.mark.xml#sSpan1409"/>
		<rel id="sPointingRel127" xlink:href="scriptorium.shenoute.those.GF268-270.mark.xml#sSpan1460" target="scriptorium.shenoute.those.GF268-270.mark.xml#sSpan1468"/>
		<rel id="sPointingRel129" xlink:href="scriptorium.shenoute.those.GF268-270.mark.xml#sSpan184" target="scriptorium.shenoute.those.GF268-270.mark.xml#sSpan179"/>
		<rel id="sPointingRel131" xlink:href="scriptorium.shenoute.those.GF268-270.mark.xml#sSpan1477" target="scriptorium.shenoute.those.GF268-270.mark.xml#sSpan1473"/>
		<rel id="sPointingRel133" xlink:href="scriptorium.shenoute.those.GF268-270.mark.xml#sSpan1618" target="scriptorium.shenoute.those.GF268-270.mark.xml#sSpan1629"/>
		<rel id="sPointingRel135" xlink:href="scriptorium.shenoute.those.GF268-270.mark.xml#sSpan1728" target="scriptorium.shenoute.those.GF268-270.mark.xml#sSpan1718"/>
		<rel id="sPointingRel137" xlink:href="scriptorium.shenoute.those.GF268-270.mark.xml#sSpan1712" target="scriptorium.shenoute.those.GF268-270.mark.xml#sSpan1704"/>
		<rel id="sPointingRel139" xlink:href="scriptorium.shenoute.those.GF268-270.mark.xml#sSpan1426" target="scriptorium.shenoute.those.GF268-270.mark.xml#sSpan1424"/>
		<rel id="sPointingRel141" xlink:href="scriptorium.shenoute.those.GF268-270.mark.xml#sSpan1501" target="scriptorium.shenoute.those.GF268-270.mark.xml#sSpan1499"/>
		<rel id="sPointingRel143" xlink:href="scriptorium.shenoute.those.GF268-270.mark.xml#sSpan1385" target="scriptorium.shenoute.those.GF268-270.mark.xml#sSpan1383"/>
		<rel id="sPointingRel145" xlink:href="scriptorium.shenoute.those.GF268-270.mark.xml#sSpan735" target="scriptorium.shenoute.those.GF268-270.mark.xml#sSpan737"/>
		<rel id="sPointingRel147" xlink:href="scriptorium.shenoute.those.GF268-270.mark.xml#sSpan1329" target="scriptorium.shenoute.those.GF268-270.mark.xml#sSpan1345"/>
		<rel id="sPointingRel149" xlink:href="scriptorium.shenoute.those.GF268-270.mark.xml#sSpan1354" target="scriptorium.shenoute.those.GF268-270.mark.xml#sSpan1347"/>
		<rel id="sPointingRel151" xlink:href="scriptorium.shenoute.those.GF268-270.mark.xml#sSpan1468" target="scriptorium.shenoute.those.GF268-270.mark.xml#sSpan1463"/>
		<rel id="sPointingRel153" xlink:href="scriptorium.shenoute.those.GF268-270.mark.xml#sSpan685" target="scriptorium.shenoute.those.GF268-270.mark.xml#sSpan683"/>
		<rel id="sPointingRel155" xlink:href="scriptorium.shenoute.those.GF268-270.mark.xml#sSpan1385" target="scriptorium.shenoute.those.GF268-270.mark.xml#sSpan1379"/>
		<rel id="sPointingRel157" xlink:href="scriptorium.shenoute.those.GF268-270.mark.xml#sSpan1329" target="scriptorium.shenoute.those.GF268-270.mark.xml#sSpan1323"/>
		<rel id="sPointingRel159" xlink:href="scriptorium.shenoute.those.GF268-270.mark.xml#sSpan1202" target="scriptorium.shenoute.those.GF268-270.mark.xml#sSpan1194"/>
		<rel id="sPointingRel161" xlink:href="scriptorium.shenoute.those.GF268-270.mark.xml#sSpan914" target="scriptorium.shenoute.those.GF268-270.mark.xml#sSpan906"/>
		<rel id="sPointingRel163" xlink:href="scriptorium.shenoute.those.GF268-270.mark.xml#sSpan1669" target="scriptorium.shenoute.those.GF268-270.mark.xml#sSpan1663"/>
		<rel id="sPointingRel165" xlink:href="scriptorium.shenoute.those.GF268-270.mark.xml#sSpan1801" target="scriptorium.shenoute.those.GF268-270.mark.xml#sSpan1790"/>
		<rel id="sPointingRel167" xlink:href="scriptorium.shenoute.those.GF268-270.mark.xml#sSpan645" target="scriptorium.shenoute.those.GF268-270.mark.xml#sSpan636"/>
		<rel id="sPointingRel169" xlink:href="scriptorium.shenoute.those.GF268-270.mark.xml#sSpan550" target="scriptorium.shenoute.those.GF268-270.mark.xml#sSpan552"/>
		<rel id="sPointingRel171" xlink:href="scriptorium.shenoute.those.GF268-270.mark.xml#sSpan42" target="scriptorium.shenoute.those.GF268-270.mark.xml#sSpan40"/>
		<rel id="sPointingRel173" xlink:href="scriptorium.shenoute.those.GF268-270.mark.xml#sSpan1106" target="scriptorium.shenoute.those.GF268-270.mark.xml#sSpan1113"/>
		<rel id="sPointingRel175" xlink:href="scriptorium.shenoute.those.GF268-270.mark.xml#sSpan316" target="scriptorium.shenoute.those.GF268-270.mark.xml#sSpan341"/>
		<rel id="sPointingRel177" xlink:href="scriptorium.shenoute.those.GF268-270.mark.xml#sSpan443" target="scriptorium.shenoute.those.GF268-270.mark.xml#sSpan471"/>
		<rel id="sPointingRel179" xlink:href="scriptorium.shenoute.those.GF268-270.mark.xml#sSpan2084" target="scriptorium.shenoute.those.GF268-270.mark.xml#sSpan2080"/>
		<rel id="sPointingRel181" xlink:href="scriptorium.shenoute.those.GF268-270.mark.xml#sSpan1702" target="scriptorium.shenoute.those.GF268-270.mark.xml#sSpan1699"/>
		<rel id="sPointingRel183" xlink:href="scriptorium.shenoute.those.GF268-270.mark.xml#sSpan413" target="scriptorium.shenoute.those.GF268-270.mark.xml#sSpan411"/>
		<rel id="sPointingRel185" xlink:href="scriptorium.shenoute.those.GF268-270.mark.xml#sSpan1842" target="scriptorium.shenoute.those.GF268-270.mark.xml#sSpan1834"/>
		<rel id="sPointingRel187" xlink:href="scriptorium.shenoute.those.GF268-270.mark.xml#sSpan715" target="scriptorium.shenoute.those.GF268-270.mark.xml#sSpan706"/>
		<rel id="sPointingRel189" xlink:href="scriptorium.shenoute.those.GF268-270.mark.xml#sSpan887" target="scriptorium.shenoute.those.GF268-270.mark.xml#sSpan877"/>
		<rel id="sPointingRel191" xlink:href="scriptorium.shenoute.those.GF268-270.mark.xml#sSpan431" target="scriptorium.shenoute.those.GF268-270.mark.xml#sSpan425"/>
		<rel id="sPointingRel193" xlink:href="scriptorium.shenoute.those.GF268-270.mark.xml#sSpan868" target="scriptorium.shenoute.those.GF268-270.mark.xml#sSpan887"/>
		<rel id="sPointingRel195" xlink:href="scriptorium.shenoute.those.GF268-270.mark.xml#sSpan363" target="scriptorium.shenoute.those.GF268-270.mark.xml#sSpan353"/>
		<rel id="sPointingRel197" xlink:href="scriptorium.shenoute.those.GF268-270.mark.xml#sSpan904" target="scriptorium.shenoute.those.GF268-270.mark.xml#sSpan914"/>
		<rel id="sPointingRel199" xlink:href="scriptorium.shenoute.those.GF268-270.mark.xml#sSpan246" target="scriptorium.shenoute.those.GF268-270.mark.xml#sSpan236"/>
		<rel id="sPointingRel201" xlink:href="scriptorium.shenoute.those.GF268-270.mark.xml#sSpan1952" target="scriptorium.shenoute.those.GF268-270.mark.xml#sSpan1947"/>
		<rel id="sPointingRel203" xlink:href="scriptorium.shenoute.those.GF268-270.mark.xml#sSpan377" target="scriptorium.shenoute.those.GF268-270.mark.xml#sSpan363"/>
		<rel id="sPointingRel205" xlink:href="scriptorium.shenoute.those.GF268-270.mark.xml#sSpan70" target="scriptorium.shenoute.those.GF268-270.mark.xml#sSpan68"/>
		<rel id="sPointingRel207" xlink:href="scriptorium.shenoute.those.GF268-270.mark.xml#sSpan2019" target="scriptorium.shenoute.those.GF268-270.mark.xml#sSpan2015"/>
		<rel id="sPointingRel209" xlink:href="scriptorium.shenoute.those.GF268-270.mark.xml#sSpan1251" target="scriptorium.shenoute.those.GF268-270.mark.xml#sSpan1239"/>
		<rel id="sPointingRel211" xlink:href="scriptorium.shenoute.those.GF268-270.mark.xml#sSpan1385" target="scriptorium.shenoute.those.GF268-270.mark.xml#sSpan1395"/>
		<rel id="sPointingRel213" xlink:href="scriptorium.shenoute.those.GF268-270.mark.xml#sSpan302" target="scriptorium.shenoute.those.GF268-270.mark.xml#sSpan296"/>
		<rel id="sPointingRel215" xlink:href="scriptorium.shenoute.those.GF268-270.mark.xml#sSpan1513" target="scriptorium.shenoute.those.GF268-270.mark.xml#sSpan1511"/>
		<rel id="sPointingRel217" xlink:href="scriptorium.shenoute.those.GF268-270.mark.xml#sSpan1309" target="scriptorium.shenoute.those.GF268-270.mark.xml#sSpan1311"/>
		<rel id="sPointingRel219" xlink:href="scriptorium.shenoute.those.GF268-270.mark.xml#sSpan1345" target="scriptorium.shenoute.those.GF268-270.mark.xml#sSpan1342"/>
		<rel id="sPointingRel221" xlink:href="scriptorium.shenoute.those.GF268-270.mark.xml#sSpan844" target="scriptorium.shenoute.those.GF268-270.mark.xml#sSpan868"/>
		<rel id="sPointingRel223" xlink:href="scriptorium.shenoute.those.GF268-270.mark.xml#sSpan28" target="scriptorium.shenoute.those.GF268-270.mark.xml#sSpan33"/>
		<rel id="sPointingRel225" xlink:href="scriptorium.shenoute.those.GF268-270.mark.xml#sSpan1395" target="scriptorium.shenoute.those.GF268-270.mark.xml#sSpan1387"/>
		<rel id="sPointingRel227" xlink:href="scriptorium.shenoute.those.GF268-270.mark.xml#sSpan1801" target="scriptorium.shenoute.those.GF268-270.mark.xml#sSpan1828"/>
		<rel id="sPointingRel229" xlink:href="scriptorium.shenoute.those.GF268-270.mark.xml#sSpan477" target="scriptorium.shenoute.those.GF268-270.mark.xml#sSpan473"/>
		<rel id="sPointingRel231" xlink:href="scriptorium.shenoute.those.GF268-270.mark.xml#sSpan504" target="scriptorium.shenoute.those.GF268-270.mark.xml#sSpan497"/>
		<rel id="sPointingRel233" xlink:href="scriptorium.shenoute.those.GF268-270.mark.xml#sSpan937" target="scriptorium.shenoute.those.GF268-270.mark.xml#sSpan928"/>
		<rel id="sPointingRel235" xlink:href="scriptorium.shenoute.those.GF268-270.mark.xml#sSpan211" target="scriptorium.shenoute.those.GF268-270.mark.xml#sSpan217"/>
		<rel id="sPointingRel237" xlink:href="scriptorium.shenoute.those.GF268-270.mark.xml#sSpan316" target="scriptorium.shenoute.those.GF268-270.mark.xml#sSpan304"/>
		<rel id="sPointingRel239" xlink:href="scriptorium.shenoute.those.GF268-270.mark.xml#sSpan152" target="scriptorium.shenoute.those.GF268-270.mark.xml#sSpan170"/>
		<rel id="sPointingRel241" xlink:href="scriptorium.shenoute.those.GF268-270.mark.xml#sSpan1395" target="scriptorium.shenoute.those.GF268-270.mark.xml#sSpan1393"/>
		<rel id="sPointingRel243" xlink:href="scriptorium.shenoute.those.GF268-270.mark.xml#sSpan302" target="scriptorium.shenoute.those.GF268-270.mark.xml#sSpan300"/>
		<rel id="sPointingRel245" xlink:href="scriptorium.shenoute.those.GF268-270.mark.xml#sSpan914" target="scriptorium.shenoute.those.GF268-270.mark.xml#sSpan917"/>
		<rel id="sPointingRel247" xlink:href="scriptorium.shenoute.those.GF268-270.mark.xml#sSpan53" target="scriptorium.shenoute.those.GF268-270.mark.xml#sSpan44"/>
		<rel id="sPointingRel249" xlink:href="scriptorium.shenoute.those.GF268-270.mark.xml#sSpan431" target="scriptorium.shenoute.those.GF268-270.mark.xml#sSpan420"/>
		<rel id="sPointingRel251" xlink:href="scriptorium.shenoute.those.GF268-270.mark.xml#sSpan1415" target="scriptorium.shenoute.those.GF268-270.mark.xml#sSpan1417"/>
		<rel id="sPointingRel253" xlink:href="scriptorium.shenoute.those.GF268-270.mark.xml#sSpan976" target="scriptorium.shenoute.those.GF268-270.mark.xml#sSpan987"/>
		<rel id="sPointingRel255" xlink:href="scriptorium.shenoute.those.GF268-270.mark.xml#sSpan1162" target="scriptorium.shenoute.those.GF268-270.mark.xml#sSpan1160"/>
		<rel id="sPointingRel257" xlink:href="scriptorium.shenoute.those.GF268-270.mark.xml#sSpan645" target="scriptorium.shenoute.those.GF268-270.mark.xml#sSpan643"/>
		<rel id="sPointingRel259" xlink:href="scriptorium.shenoute.those.GF268-270.mark.xml#sSpan658" target="scriptorium.shenoute.those.GF268-270.mark.xml#sSpan654"/>
		<rel id="sPointingRel261" xlink:href="scriptorium.shenoute.those.GF268-270.mark.xml#sSpan225" target="scriptorium.shenoute.those.GF268-270.mark.xml#sSpan231"/>
		<rel id="sPointingRel263" xlink:href="scriptorium.shenoute.those.GF268-270.mark.xml#sSpan756" target="scriptorium.shenoute.those.GF268-270.mark.xml#sSpan748"/>
		<rel id="sPointingRel265" xlink:href="scriptorium.shenoute.those.GF268-270.mark.xml#sSpan1138" target="scriptorium.shenoute.those.GF268-270.mark.xml#sSpan1128"/>
		<rel id="sPointingRel267" xlink:href="scriptorium.shenoute.those.GF268-270.mark.xml#sSpan1702" target="scriptorium.shenoute.those.GF268-270.mark.xml#sSpan1695"/>
		<rel id="sPointingRel269" xlink:href="scriptorium.shenoute.those.GF268-270.mark.xml#sSpan302" target="scriptorium.shenoute.those.GF268-270.mark.xml#sSpan289"/>
		<rel id="sPointingRel271" xlink:href="scriptorium.shenoute.those.GF268-270.mark.xml#sSpan404" target="scriptorium.shenoute.those.GF268-270.mark.xml#sSpan413"/>
		<rel id="sPointingRel273" xlink:href="scriptorium.shenoute.those.GF268-270.mark.xml#sSpan835" target="scriptorium.shenoute.those.GF268-270.mark.xml#sSpan829"/>
		<rel id="sPointingRel275" xlink:href="scriptorium.shenoute.those.GF268-270.mark.xml#sSpan112" target="scriptorium.shenoute.those.GF268-270.mark.xml#sSpan114"/>
		<rel id="sPointingRel277" xlink:href="scriptorium.shenoute.those.GF268-270.mark.xml#sSpan1138" target="scriptorium.shenoute.those.GF268-270.mark.xml#sSpan1136"/>
		<rel id="sPointingRel279" xlink:href="scriptorium.shenoute.those.GF268-270.mark.xml#sSpan1354" target="scriptorium.shenoute.those.GF268-270.mark.xml#sSpan1351"/>
		<rel id="sPointingRel281" xlink:href="scriptorium.shenoute.those.GF268-270.mark.xml#sSpan1968" target="scriptorium.shenoute.those.GF268-270.mark.xml#sSpan1963"/>
		<rel id="sPointingRel283" xlink:href="scriptorium.shenoute.those.GF268-270.mark.xml#sSpan2120" target="scriptorium.shenoute.those.GF268-270.mark.xml#sSpan2116"/>
		<rel id="sPointingRel285" xlink:href="scriptorium.shenoute.those.GF268-270.mark.xml#sSpan1874" target="scriptorium.shenoute.those.GF268-270.mark.xml#sSpan1872"/>
		<rel id="sPointingRel287" xlink:href="scriptorium.shenoute.those.GF268-270.mark.xml#sSpan1443" target="scriptorium.shenoute.those.GF268-270.mark.xml#sSpan1446"/>
		<rel id="sPointingRel289" xlink:href="scriptorium.shenoute.those.GF268-270.mark.xml#sSpan580" target="scriptorium.shenoute.those.GF268-270.mark.xml#sSpan572"/>
		<rel id="sPointingRel291" xlink:href="scriptorium.shenoute.those.GF268-270.mark.xml#sSpan1842" target="scriptorium.shenoute.those.GF268-270.mark.xml#sSpan1839"/>
		<rel id="sPointingRel293" xlink:href="scriptorium.shenoute.those.GF268-270.mark.xml#sSpan1928" target="scriptorium.shenoute.those.GF268-270.mark.xml#sSpan1919"/>
		<rel id="sPointingRel295" xlink:href="scriptorium.shenoute.those.GF268-270.mark.xml#sSpan1071" target="scriptorium.shenoute.those.GF268-270.mark.xml#sSpan1058"/>
		<rel id="sPointingRel297" xlink:href="scriptorium.shenoute.those.GF268-270.mark.xml#sSpan1032" target="scriptorium.shenoute.those.GF268-270.mark.xml#sSpan1022"/>
		<rel id="sPointingRel299" xlink:href="scriptorium.shenoute.those.GF268-270.mark.xml#sSpan1019" target="scriptorium.shenoute.those.GF268-270.mark.xml#sSpan1010"/>
		<rel id="sPointingRel301" xlink:href="scriptorium.shenoute.those.GF268-270.mark.xml#sSpan159" target="scriptorium.shenoute.those.GF268-270.mark.xml#sSpan154"/>
		<rel id="sPointingRel303" xlink:href="scriptorium.shenoute.those.GF268-270.mark.xml#sSpan112" target="scriptorium.shenoute.those.GF268-270.mark.xml#sSpan102"/>
		<rel id="sPointingRel305" xlink:href="scriptorium.shenoute.those.GF268-270.mark.xml#sSpan1610" target="scriptorium.shenoute.those.GF268-270.mark.xml#sSpan1602"/>
		<rel id="sPointingRel307" xlink:href="scriptorium.shenoute.those.GF268-270.mark.xml#sSpan487" target="scriptorium.shenoute.those.GF268-270.mark.xml#sSpan483"/>
		<rel id="sPointingRel309" xlink:href="scriptorium.shenoute.those.GF268-270.mark.xml#sSpan1546" target="scriptorium.shenoute.those.GF268-270.mark.xml#sSpan1538"/>
		<rel id="sPointingRel311" xlink:href="scriptorium.shenoute.those.GF268-270.mark.xml#sSpan1329" target="scriptorium.shenoute.those.GF268-270.mark.xml#sSpan1336"/>
		<rel id="sPointingRel313" xlink:href="scriptorium.shenoute.those.GF268-270.mark.xml#sSpan1490" target="scriptorium.shenoute.those.GF268-270.mark.xml#sSpan1484"/>
		<rel id="sPointingRel315" xlink:href="scriptorium.shenoute.those.GF268-270.mark.xml#sSpan704" target="scriptorium.shenoute.those.GF268-270.mark.xml#sSpan702"/>
		<rel id="sPointingRel317" xlink:href="scriptorium.shenoute.those.GF268-270.mark.xml#sSpan1854" target="scriptorium.shenoute.those.GF268-270.mark.xml#sSpan1848"/>
		<rel id="sPointingRel319" xlink:href="scriptorium.shenoute.those.GF268-270.mark.xml#sSpan102" target="scriptorium.shenoute.those.GF268-270.mark.xml#sSpan98"/>
		<rel id="sPointingRel321" xlink:href="scriptorium.shenoute.those.GF268-270.mark.xml#sSpan780" target="scriptorium.shenoute.those.GF268-270.mark.xml#sSpan777"/>
		<rel id="sPointingRel323" xlink:href="scriptorium.shenoute.those.GF268-270.mark.xml#sSpan850" target="scriptorium.shenoute.those.GF268-270.mark.xml#sSpan846"/>
		<rel id="sPointingRel325" xlink:href="scriptorium.shenoute.those.GF268-270.mark.xml#sSpan1138" target="scriptorium.shenoute.those.GF268-270.mark.xml#sSpan1120"/>
		<rel id="sPointingRel327" xlink:href="scriptorium.shenoute.those.GF268-270.mark.xml#sSpan1773" target="scriptorium.shenoute.those.GF268-270.mark.xml#sSpan1766"/>
		<rel id="sPointingRel329" xlink:href="scriptorium.shenoute.those.GF268-270.mark.xml#sSpan658" target="scriptorium.shenoute.those.GF268-270.mark.xml#sSpan647"/>
		<rel id="sPointingRel331" xlink:href="scriptorium.shenoute.those.GF268-270.mark.xml#sSpan302" target="scriptorium.shenoute.those.GF268-270.mark.xml#sSpan316"/>
		<rel id="sPointingRel333" xlink:href="scriptorium.shenoute.those.GF268-270.mark.xml#sSpan850" target="scriptorium.shenoute.those.GF268-270.mark.xml#sSpan858"/>
		<rel id="sPointingRel335" xlink:href="scriptorium.shenoute.those.GF268-270.mark.xml#sSpan1600" target="scriptorium.shenoute.those.GF268-270.mark.xml#sSpan1610"/>
		<rel id="sPointingRel337" xlink:href="scriptorium.shenoute.those.GF268-270.mark.xml#sSpan937" target="scriptorium.shenoute.those.GF268-270.mark.xml#sSpan933"/>
		<rel id="sPointingRel339" xlink:href="scriptorium.shenoute.those.GF268-270.mark.xml#sSpan914" target="scriptorium.shenoute.those.GF268-270.mark.xml#sSpan910"/>
		<rel id="sPointingRel341" xlink:href="scriptorium.shenoute.those.GF268-270.mark.xml#sSpan112" target="scriptorium.shenoute.those.GF268-270.mark.xml#sSpan91"/>
		<rel id="sPointingRel343" xlink:href="scriptorium.shenoute.those.GF268-270.mark.xml#sSpan550" target="scriptorium.shenoute.those.GF268-270.mark.xml#sSpan539"/>
		<rel id="sPointingRel345" xlink:href="scriptorium.shenoute.those.GF268-270.mark.xml#sSpan1395" target="scriptorium.shenoute.those.GF268-270.mark.xml#sSpan1406"/>
		<rel id="sPointingRel347" xlink:href="scriptorium.shenoute.those.GF268-270.mark.xml#sSpan803" target="scriptorium.shenoute.those.GF268-270.mark.xml#sSpan800"/>
		<rel id="sPointingRel349" xlink:href="scriptorium.shenoute.those.GF268-270.mark.xml#sSpan1693" target="scriptorium.shenoute.those.GF268-270.mark.xml#sSpan1686"/>
		<rel id="sPointingRel351" xlink:href="scriptorium.shenoute.those.GF268-270.mark.xml#sSpan937" target="scriptorium.shenoute.those.GF268-270.mark.xml#sSpan935"/>
		<rel id="sPointingRel353" xlink:href="scriptorium.shenoute.those.GF268-270.mark.xml#sSpan1426" target="scriptorium.shenoute.those.GF268-270.mark.xml#sSpan1456"/>
		<rel id="sPointingRel355" xlink:href="scriptorium.shenoute.those.GF268-270.mark.xml#sSpan704" target="scriptorium.shenoute.those.GF268-270.mark.xml#sSpan700"/>
		<rel id="sPointingRel357" xlink:href="scriptorium.shenoute.those.GF268-270.mark.xml#sSpan1916" target="scriptorium.shenoute.those.GF268-270.mark.xml#sSpan1910"/>
		<rel id="sPointingRel359" xlink:href="scriptorium.shenoute.those.GF268-270.mark.xml#sSpan835" target="scriptorium.shenoute.those.GF268-270.mark.xml#sSpan833"/>
		<rel id="sPointingRel361" xlink:href="scriptorium.shenoute.those.GF268-270.mark.xml#sSpan2103" target="scriptorium.shenoute.those.GF268-270.mark.xml#sSpan2096"/>
		<rel id="sPointingRel363" xlink:href="scriptorium.shenoute.those.GF268-270.mark.xml#sSpan1297" target="scriptorium.shenoute.those.GF268-270.mark.xml#sSpan1292"/>
		<rel id="sPointingRel365" xlink:href="scriptorium.shenoute.those.GF268-270.mark.xml#sSpan1456" target="scriptorium.shenoute.those.GF268-270.mark.xml#sSpan1435"/>
		<rel id="sPointingRel367" xlink:href="scriptorium.shenoute.those.GF268-270.mark.xml#sSpan858" target="scriptorium.shenoute.those.GF268-270.mark.xml#sSpan854"/>
		<rel id="sPointingRel369" xlink:href="scriptorium.shenoute.those.GF268-270.mark.xml#sSpan2137" target="scriptorium.shenoute.those.GF268-270.mark.xml#sSpan2143"/>
		<rel id="sPointingRel371" xlink:href="scriptorium.shenoute.those.GF268-270.mark.xml#sSpan1406" target="scriptorium.shenoute.those.GF268-270.mark.xml#sSpan1402"/>
		<rel id="sPointingRel373" xlink:href="scriptorium.shenoute.those.GF268-270.mark.xml#sSpan85" target="scriptorium.shenoute.those.GF268-270.mark.xml#sSpan95"/>
		<rel id="sPointingRel375" xlink:href="scriptorium.shenoute.those.GF268-270.mark.xml#sSpan580" target="scriptorium.shenoute.those.GF268-270.mark.xml#sSpan645"/>
		<rel id="sPointingRel377" xlink:href="scriptorium.shenoute.those.GF268-270.mark.xml#sSpan1106" target="scriptorium.shenoute.those.GF268-270.mark.xml#sSpan1100"/>
		<rel id="sPointingRel379" xlink:href="scriptorium.shenoute.those.GF268-270.mark.xml#sSpan18" target="scriptorium.shenoute.those.GF268-270.mark.xml#sSpan14"/>
		<rel id="sPointingRel381" xlink:href="scriptorium.shenoute.those.GF268-270.mark.xml#sSpan904" target="scriptorium.shenoute.those.GF268-270.mark.xml#sSpan895"/>
		<rel id="sPointingRel383" xlink:href="scriptorium.shenoute.those.GF268-270.mark.xml#sSpan1726" target="scriptorium.shenoute.those.GF268-270.mark.xml#sSpan1723"/>
		<rel id="sPointingRel385" xlink:href="scriptorium.shenoute.those.GF268-270.mark.xml#sSpan265" target="scriptorium.shenoute.those.GF268-270.mark.xml#sSpan277"/>
		<rel id="sPointingRel387" xlink:href="scriptorium.shenoute.those.GF268-270.mark.xml#sSpan2056" target="scriptorium.shenoute.those.GF268-270.mark.xml#sSpan2053"/>
		<rel id="sPointingRel389" xlink:href="scriptorium.shenoute.those.GF268-270.mark.xml#sSpan1251" target="scriptorium.shenoute.those.GF268-270.mark.xml#sSpan1267"/>
		<rel id="sPointingRel391" xlink:href="scriptorium.shenoute.those.GF268-270.mark.xml#sSpan844" target="scriptorium.shenoute.those.GF268-270.mark.xml#sSpan850"/>
		<rel id="sPointingRel393" xlink:href="scriptorium.shenoute.those.GF268-270.mark.xml#sSpan85" target="scriptorium.shenoute.those.GF268-270.mark.xml#sSpan76"/>
		<rel id="sPointingRel395" xlink:href="scriptorium.shenoute.those.GF268-270.mark.xml#sSpan265" target="scriptorium.shenoute.those.GF268-270.mark.xml#sSpan257"/>
		<rel id="sPointingRel397" xlink:href="scriptorium.shenoute.those.GF268-270.mark.xml#sSpan782" target="scriptorium.shenoute.those.GF268-270.mark.xml#sSpan803"/>
		<rel id="sPointingRel399" xlink:href="scriptorium.shenoute.those.GF268-270.mark.xml#sSpan2084" target="scriptorium.shenoute.those.GF268-270.mark.xml#sSpan2074"/>
		<rel id="sPointingRel401" xlink:href="scriptorium.shenoute.those.GF268-270.mark.xml#sSpan1669" target="scriptorium.shenoute.those.GF268-270.mark.xml#sSpan1680"/>
		<rel id="sPointingRel403" xlink:href="scriptorium.shenoute.those.GF268-270.mark.xml#sSpan1490" target="scriptorium.shenoute.those.GF268-270.mark.xml#sSpan1488"/>
		<rel id="sPointingRel405" xlink:href="scriptorium.shenoute.those.GF268-270.mark.xml#sSpan987" target="scriptorium.shenoute.those.GF268-270.mark.xml#sSpan978"/>
		<rel id="sPointingRel407" xlink:href="scriptorium.shenoute.those.GF268-270.mark.xml#sSpan2103" target="scriptorium.shenoute.those.GF268-270.mark.xml#sSpan2110"/>
		<rel id="sPointingRel409" xlink:href="scriptorium.shenoute.those.GF268-270.mark.xml#sSpan519" target="scriptorium.shenoute.those.GF268-270.mark.xml#sSpan515"/>
		<rel id="sPointingRel411" xlink:href="scriptorium.shenoute.those.GF268-270.mark.xml#sSpan431" target="scriptorium.shenoute.those.GF268-270.mark.xml#sSpan434"/>
		<rel id="sPointingRel413" xlink:href="scriptorium.shenoute.those.GF268-270.mark.xml#sSpan1004" target="scriptorium.shenoute.those.GF268-270.mark.xml#sSpan1007"/>
		<rel id="sPointingRel415" xlink:href="scriptorium.shenoute.those.GF268-270.mark.xml#sSpan1415" target="scriptorium.shenoute.those.GF268-270.mark.xml#sSpan1413"/>
		<rel id="sPointingRel417" xlink:href="scriptorium.shenoute.those.GF268-270.mark.xml#sSpan1071" target="scriptorium.shenoute.those.GF268-270.mark.xml#sSpan1089"/>
		<rel id="sPointingRel419" xlink:href="scriptorium.shenoute.those.GF268-270.mark.xml#sSpan803" target="scriptorium.shenoute.those.GF268-270.mark.xml#sSpan795"/>
		<rel id="sPointingRel421" xlink:href="scriptorium.shenoute.those.GF268-270.mark.xml#sSpan1895" target="scriptorium.shenoute.those.GF268-270.mark.xml#sSpan1888"/>
		<rel id="sPointingRel423" xlink:href="scriptorium.shenoute.those.GF268-270.mark.xml#sSpan1559" target="scriptorium.shenoute.those.GF268-270.mark.xml#sSpan1567"/>
		<rel id="sPointingRel425" xlink:href="scriptorium.shenoute.those.GF268-270.mark.xml#sSpan316" target="scriptorium.shenoute.those.GF268-270.mark.xml#sSpan308"/>
		<rel id="sPointingRel427" xlink:href="scriptorium.shenoute.those.GF268-270.mark.xml#sSpan209" target="scriptorium.shenoute.those.GF268-270.mark.xml#sSpan206"/>
		<rel id="sPointingRel429" xlink:href="scriptorium.shenoute.those.GF268-270.mark.xml#sSpan152" target="scriptorium.shenoute.those.GF268-270.mark.xml#sSpan144"/>
		<rel id="sPointingRel431" xlink:href="scriptorium.shenoute.those.GF268-270.mark.xml#sSpan443" target="scriptorium.shenoute.those.GF268-270.mark.xml#sSpan453"/>
		<rel id="sPointingRel433" xlink:href="scriptorium.shenoute.those.GF268-270.mark.xml#sSpan277" target="scriptorium.shenoute.those.GF268-270.mark.xml#sSpan274"/>
		<rel id="sPointingRel435" xlink:href="scriptorium.shenoute.those.GF268-270.mark.xml#sSpan277" target="scriptorium.shenoute.those.GF268-270.mark.xml#sSpan270"/>
		<rel id="sPointingRel437" xlink:href="scriptorium.shenoute.those.GF268-270.mark.xml#sSpan231" target="scriptorium.shenoute.those.GF268-270.mark.xml#sSpan246"/>
		<rel id="sPointingRel439" xlink:href="scriptorium.shenoute.those.GF268-270.mark.xml#sSpan1191" target="scriptorium.shenoute.those.GF268-270.mark.xml#sSpan1188"/>
		<rel id="sPointingRel441" xlink:href="scriptorium.shenoute.those.GF268-270.mark.xml#sSpan685" target="scriptorium.shenoute.those.GF268-270.mark.xml#sSpan687"/>
		<rel id="sPointingRel443" xlink:href="scriptorium.shenoute.those.GF268-270.mark.xml#sSpan1589" target="scriptorium.shenoute.those.GF268-270.mark.xml#sSpan1600"/>
		<rel id="sPointingRel445" xlink:href="scriptorium.shenoute.those.GF268-270.mark.xml#sSpan1801" target="scriptorium.shenoute.those.GF268-270.mark.xml#sSpan1798"/>
		<rel id="sPointingRel447" xlink:href="scriptorium.shenoute.those.GF268-270.mark.xml#sSpan614" target="scriptorium.shenoute.those.GF268-270.mark.xml#sSpan622"/>
		<rel id="sPointingRel449" xlink:href="scriptorium.shenoute.those.GF268-270.mark.xml#sSpan85" target="scriptorium.shenoute.those.GF268-270.mark.xml#sSpan83"/>
		<rel id="sPointingRel451" xlink:href="scriptorium.shenoute.those.GF268-270.mark.xml#sSpan1712" target="scriptorium.shenoute.those.GF268-270.mark.xml#sSpan1709"/>
		<rel id="sPointingRel453" xlink:href="scriptorium.shenoute.those.GF268-270.mark.xml#sSpan18" target="scriptorium.shenoute.those.GF268-270.mark.xml#sSpan42"/>
		<rel id="sPointingRel455" xlink:href="scriptorium.shenoute.those.GF268-270.mark.xml#sSpan1785" target="scriptorium.shenoute.those.GF268-270.mark.xml#sSpan1801"/>
		<rel id="sPointingRel457" xlink:href="scriptorium.shenoute.those.GF268-270.mark.xml#sSpan2103" target="scriptorium.shenoute.those.GF268-270.mark.xml#sSpan2098"/>
		<rel id="sPointingRel459" xlink:href="scriptorium.shenoute.those.GF268-270.mark.xml#sSpan363" target="scriptorium.shenoute.those.GF268-270.mark.xml#sSpan357"/>
		<rel id="sPointingRel461" xlink:href="scriptorium.shenoute.those.GF268-270.mark.xml#sSpan715" target="scriptorium.shenoute.those.GF268-270.mark.xml#sSpan711"/>
		<rel id="sPointingRel463" xlink:href="scriptorium.shenoute.those.GF268-270.mark.xml#sSpan431" target="scriptorium.shenoute.those.GF268-270.mark.xml#sSpan443"/>
		<rel id="sPointingRel465" xlink:href="scriptorium.shenoute.those.GF268-270.mark.xml#sSpan1432" target="scriptorium.shenoute.those.GF268-270.mark.xml#sSpan1428"/>
		<rel id="sPointingRel467" xlink:href="scriptorium.shenoute.those.GF268-270.mark.xml#sSpan756" target="scriptorium.shenoute.those.GF268-270.mark.xml#sSpan782"/>
		<rel id="sPointingRel469" xlink:href="scriptorium.shenoute.those.GF268-270.mark.xml#sSpan1202" target="scriptorium.shenoute.those.GF268-270.mark.xml#sSpan1191"/>
		<rel id="sPointingRel471" xlink:href="scriptorium.shenoute.those.GF268-270.mark.xml#sSpan1490" target="scriptorium.shenoute.those.GF268-270.mark.xml#sSpan1501"/>
		<rel id="sPointingRel473" xlink:href="scriptorium.shenoute.those.GF268-270.mark.xml#sSpan85" target="scriptorium.shenoute.those.GF268-270.mark.xml#sSpan87"/>
		<rel id="sPointingRel475" xlink:href="scriptorium.shenoute.those.GF268-270.mark.xml#sSpan1546" target="scriptorium.shenoute.those.GF268-270.mark.xml#sSpan1544"/>
		<rel id="sPointingRel477" xlink:href="scriptorium.shenoute.those.GF268-270.mark.xml#sSpan1501" target="scriptorium.shenoute.those.GF268-270.mark.xml#sSpan1492"/>
		<rel id="sPointingRel479" xlink:href="scriptorium.shenoute.those.GF268-270.mark.xml#sSpan960" target="scriptorium.shenoute.those.GF268-270.mark.xml#sSpan956"/>
		<rel id="sPointingRel481" xlink:href="scriptorium.shenoute.those.GF268-270.mark.xml#sSpan1546" target="scriptorium.shenoute.those.GF268-270.mark.xml#sSpan1532"/>
		<rel id="sPointingRel483" xlink:href="scriptorium.shenoute.those.GF268-270.mark.xml#sSpan868" target="scriptorium.shenoute.those.GF268-270.mark.xml#sSpan860"/>
		<rel id="sPointingRel485" xlink:href="scriptorium.shenoute.those.GF268-270.mark.xml#sSpan1600" target="scriptorium.shenoute.those.GF268-270.mark.xml#sSpan1594"/>
		<rel id="sPointingRel487" xlink:href="scriptorium.shenoute.those.GF268-270.mark.xml#sSpan1106" target="scriptorium.shenoute.those.GF268-270.mark.xml#sSpan1096"/>
		<rel id="sPointingRel489" xlink:href="scriptorium.shenoute.those.GF268-270.mark.xml#sSpan565" target="scriptorium.shenoute.those.GF268-270.mark.xml#sSpan563"/>
		<rel id="sPointingRel491" xlink:href="scriptorium.shenoute.those.GF268-270.mark.xml#sSpan1782" target="scriptorium.shenoute.those.GF268-270.mark.xml#sSpan1776"/>
		<rel id="sPointingRel493" xlink:href="scriptorium.shenoute.those.GF268-270.mark.xml#sSpan2015" target="scriptorium.shenoute.those.GF268-270.mark.xml#sSpan2011"/>
		<rel id="sPointingRel495" xlink:href="scriptorium.shenoute.those.GF268-270.mark.xml#sSpan614" target="scriptorium.shenoute.those.GF268-270.mark.xml#sSpan609"/>
		<rel id="sPointingRel497" xlink:href="scriptorium.shenoute.those.GF268-270.mark.xml#sSpan328" target="scriptorium.shenoute.those.GF268-270.mark.xml#sSpan325"/>
		<rel id="sPointingRel499" xlink:href="scriptorium.shenoute.those.GF268-270.mark.xml#sSpan1640" target="scriptorium.shenoute.those.GF268-270.mark.xml#sSpan1642"/>
		<rel id="sPointingRel501" xlink:href="scriptorium.shenoute.those.GF268-270.mark.xml#sSpan1629" target="scriptorium.shenoute.those.GF268-270.mark.xml#sSpan1640"/>
		<rel id="sPointingRel503" xlink:href="scriptorium.shenoute.those.GF268-270.mark.xml#sSpan1259" target="scriptorium.shenoute.those.GF268-270.mark.xml#sSpan1257"/>
		<rel id="sPointingRel505" xlink:href="scriptorium.shenoute.those.GF268-270.mark.xml#sSpan1680" target="scriptorium.shenoute.those.GF268-270.mark.xml#sSpan1693"/>
		<rel id="sPointingRel507" xlink:href="scriptorium.shenoute.those.GF268-270.mark.xml#sSpan265" target="scriptorium.shenoute.those.GF268-270.mark.xml#sSpan252"/>
		<rel id="sPointingRel509" xlink:href="scriptorium.shenoute.those.GF268-270.mark.xml#sSpan887" target="scriptorium.shenoute.those.GF268-270.mark.xml#sSpan882"/>
		<rel id="sPointingRel511" xlink:href="scriptorium.shenoute.those.GF268-270.mark.xml#sSpan1048" target="scriptorium.shenoute.those.GF268-270.mark.xml#sSpan1046"/>
		<rel id="sPointingRel513" xlink:href="scriptorium.shenoute.those.GF268-270.mark.xml#sSpan1019" target="scriptorium.shenoute.those.GF268-270.mark.xml#sSpan1015"/>
		<rel id="sPointingRel515" xlink:href="scriptorium.shenoute.those.GF268-270.mark.xml#sSpan844" target="scriptorium.shenoute.those.GF268-270.mark.xml#sSpan826"/>
		<rel id="sPointingRel517" xlink:href="scriptorium.shenoute.those.GF268-270.mark.xml#sSpan1916" target="scriptorium.shenoute.those.GF268-270.mark.xml#sSpan1928"/>
		<rel id="sPointingRel519" xlink:href="scriptorium.shenoute.those.GF268-270.mark.xml#sSpan1071" target="scriptorium.shenoute.those.GF268-270.mark.xml#sSpan1106"/>
		<rel id="sPointingRel521" xlink:href="scriptorium.shenoute.those.GF268-270.mark.xml#sSpan1669" target="scriptorium.shenoute.those.GF268-270.mark.xml#sSpan1728"/>
		<rel id="sPointingRel523" xlink:href="scriptorium.shenoute.those.GF268-270.mark.xml#sSpan431" target="scriptorium.shenoute.those.GF268-270.mark.xml#sSpan531"/>
		<rel id="sPointingRel525" xlink:href="scriptorium.shenoute.those.GF268-270.mark.xml#sSpan1456" target="scriptorium.shenoute.those.GF268-270.mark.xml#sSpan1490"/>
		<rel id="sPointingRel527" xlink:href="scriptorium.shenoute.those.GF268-270.mark.xml#sSpan592" target="scriptorium.shenoute.those.GF268-270.mark.xml#sSpan590"/>
		<rel id="sPointingRel529" xlink:href="scriptorium.shenoute.those.GF268-270.mark.xml#sSpan1354" target="scriptorium.shenoute.those.GF268-270.mark.xml#sSpan1365"/>
		<rel id="sPointingRel531" xlink:href="scriptorium.shenoute.those.GF268-270.mark.xml#sSpan1289" target="scriptorium.shenoute.those.GF268-270.mark.xml#sSpan1285"/>
		<rel id="sPointingRel533" xlink:href="scriptorium.shenoute.those.GF268-270.mark.xml#sSpan1004" target="scriptorium.shenoute.those.GF268-270.mark.xml#sSpan994"/>
		<rel id="sPointingRel535" xlink:href="scriptorium.shenoute.those.GF268-270.mark.xml#sSpan211" target="scriptorium.shenoute.those.GF268-270.mark.xml#sSpan225"/>
		<rel id="sPointingRel537" xlink:href="scriptorium.shenoute.those.GF268-270.mark.xml#sSpan1532" target="scriptorium.shenoute.those.GF268-270.mark.xml#sSpan1523"/>
		<rel id="sPointingRel539" xlink:href="scriptorium.shenoute.those.GF268-270.mark.xml#sSpan976" target="scriptorium.shenoute.those.GF268-270.mark.xml#sSpan972"/>
		<rel id="sPointingRel541" xlink:href="scriptorium.shenoute.those.GF268-270.mark.xml#sSpan1004" target="scriptorium.shenoute.those.GF268-270.mark.xml#sSpan1019"/>
		<rel id="sPointingRel543" xlink:href="scriptorium.shenoute.those.GF268-270.mark.xml#sSpan970" target="scriptorium.shenoute.those.GF268-270.mark.xml#sSpan968"/>
		<rel id="sPointingRel545" xlink:href="scriptorium.shenoute.those.GF268-270.mark.xml#sSpan177" target="scriptorium.shenoute.those.GF268-270.mark.xml#sSpan173"/>
		<rel id="sPointingRel547" xlink:href="scriptorium.shenoute.those.GF268-270.mark.xml#sSpan513" target="scriptorium.shenoute.those.GF268-270.mark.xml#sSpan519"/>
		<rel id="sPointingRel549" xlink:href="scriptorium.shenoute.those.GF268-270.mark.xml#sSpan1289" target="scriptorium.shenoute.those.GF268-270.mark.xml#sSpan1297"/>
		<rel id="sPointingRel551" xlink:href="scriptorium.shenoute.those.GF268-270.mark.xml#sSpan211" target="scriptorium.shenoute.those.GF268-270.mark.xml#sSpan209"/>
		<rel id="sPointingRel553" xlink:href="scriptorium.shenoute.those.GF268-270.mark.xml#sSpan1629" target="scriptorium.shenoute.those.GF268-270.mark.xml#sSpan1627"/>
		<rel id="sPointingRel555" xlink:href="scriptorium.shenoute.those.GF268-270.mark.xml#sSpan2033" target="scriptorium.shenoute.those.GF268-270.mark.xml#sSpan2044"/>
		<rel id="sPointingRel557" xlink:href="scriptorium.shenoute.those.GF268-270.mark.xml#sSpan1952" target="scriptorium.shenoute.those.GF268-270.mark.xml#sSpan1937"/>
		<rel id="sPointingRel559" xlink:href="scriptorium.shenoute.those.GF268-270.mark.xml#sSpan126" target="scriptorium.shenoute.those.GF268-270.mark.xml#sSpan123"/>
		<rel id="sPointingRel561" xlink:href="scriptorium.shenoute.those.GF268-270.mark.xml#sSpan1162" target="scriptorium.shenoute.those.GF268-270.mark.xml#sSpan1156"/>
		<rel id="sPointingRel563" xlink:href="scriptorium.shenoute.those.GF268-270.mark.xml#sSpan112" target="scriptorium.shenoute.those.GF268-270.mark.xml#sSpan126"/>
		<rel id="sPointingRel565" xlink:href="scriptorium.shenoute.those.GF268-270.mark.xml#sSpan1573" target="scriptorium.shenoute.those.GF268-270.mark.xml#sSpan1569"/>
		<rel id="sPointingRel567" xlink:href="scriptorium.shenoute.those.GF268-270.mark.xml#sSpan803" target="scriptorium.shenoute.those.GF268-270.mark.xml#sSpan805"/>
		<rel id="sPointingRel569" xlink:href="scriptorium.shenoute.those.GF268-270.mark.xml#sSpan495" target="scriptorium.shenoute.those.GF268-270.mark.xml#sSpan491"/>
		<rel id="sPointingRel571" xlink:href="scriptorium.shenoute.those.GF268-270.mark.xml#sSpan1520" target="scriptorium.shenoute.those.GF268-270.mark.xml#sSpan1515"/>
		<rel id="sPointingRel573" xlink:href="scriptorium.shenoute.those.GF268-270.mark.xml#sSpan586" target="scriptorium.shenoute.those.GF268-270.mark.xml#sSpan582"/>
		<rel id="sPointingRel575" xlink:href="scriptorium.shenoute.those.GF268-270.mark.xml#sSpan1089" target="scriptorium.shenoute.those.GF268-270.mark.xml#sSpan1085"/>
		<rel id="sPointingRel577" xlink:href="scriptorium.shenoute.those.GF268-270.mark.xml#sSpan1456" target="scriptorium.shenoute.those.GF268-270.mark.xml#sSpan1443"/>
		<rel id="sPointingRel579" xlink:href="scriptorium.shenoute.those.GF268-270.mark.xml#sSpan868" target="scriptorium.shenoute.those.GF268-270.mark.xml#sSpan864"/>
		<rel id="sPointingRel581" xlink:href="scriptorium.shenoute.those.GF268-270.mark.xml#sSpan592" target="scriptorium.shenoute.those.GF268-270.mark.xml#sSpan598"/>
		<rel id="sPointingRel583" xlink:href="scriptorium.shenoute.those.GF268-270.mark.xml#sSpan1501" target="scriptorium.shenoute.those.GF268-270.mark.xml#sSpan1503"/>
		<rel id="sPointingRel585" xlink:href="scriptorium.shenoute.those.GF268-270.mark.xml#sSpan735" target="scriptorium.shenoute.those.GF268-270.mark.xml#sSpan718"/>
		<rel id="sPointingRel587" xlink:href="scriptorium.shenoute.those.GF268-270.mark.xml#sSpan1987" target="scriptorium.shenoute.those.GF268-270.mark.xml#sSpan1985"/>
		<rel id="sPointingRel589" xlink:href="scriptorium.shenoute.those.GF268-270.mark.xml#sSpan377" target="scriptorium.shenoute.those.GF268-270.mark.xml#sSpan375"/>
		<rel id="sPointingRel591" xlink:href="scriptorium.shenoute.those.GF268-270.mark.xml#sSpan177" target="scriptorium.shenoute.those.GF268-270.mark.xml#sSpan175"/>
		<rel id="sPointingRel593" xlink:href="scriptorium.shenoute.those.GF268-270.mark.xml#sSpan341" target="scriptorium.shenoute.those.GF268-270.mark.xml#sSpan330"/>
		<rel id="sPointingRel595" xlink:href="scriptorium.shenoute.those.GF268-270.mark.xml#sSpan782" target="scriptorium.shenoute.those.GF268-270.mark.xml#sSpan775"/>
		<rel id="sPointingRel597" xlink:href="scriptorium.shenoute.those.GF268-270.mark.xml#sSpan1279" target="scriptorium.shenoute.those.GF268-270.mark.xml#sSpan1275"/>
		<rel id="sPointingRel599" xlink:href="scriptorium.shenoute.those.GF268-270.mark.xml#sSpan2127" target="scriptorium.shenoute.those.GF268-270.mark.xml#sSpan2137"/>
		<rel id="sPointingRel601" xlink:href="scriptorium.shenoute.those.GF268-270.mark.xml#sSpan18" target="scriptorium.shenoute.those.GF268-270.mark.xml#sSpan16"/>
		<rel id="sPointingRel603" xlink:href="scriptorium.shenoute.those.GF268-270.mark.xml#sSpan952" target="scriptorium.shenoute.those.GF268-270.mark.xml#sSpan947"/>
		<rel id="sPointingRel605" xlink:href="scriptorium.shenoute.those.GF268-270.mark.xml#sSpan685" target="scriptorium.shenoute.those.GF268-270.mark.xml#sSpan681"/>
		<rel id="sPointingRel607" xlink:href="scriptorium.shenoute.those.GF268-270.mark.xml#sSpan1415" target="scriptorium.shenoute.those.GF268-270.mark.xml#sSpan1426"/>
		<rel id="sPointingRel609" xlink:href="scriptorium.shenoute.those.GF268-270.mark.xml#sSpan735" target="scriptorium.shenoute.those.GF268-270.mark.xml#sSpan739"/>
		<rel id="sPointingRel611" xlink:href="scriptorium.shenoute.those.GF268-270.mark.xml#sSpan531" target="scriptorium.shenoute.those.GF268-270.mark.xml#sSpan521"/>
		<rel id="sPointingRel613" xlink:href="scriptorium.shenoute.those.GF268-270.mark.xml#sSpan914" target="scriptorium.shenoute.those.GF268-270.mark.xml#sSpan912"/>
		<rel id="sPointingRel615" xlink:href="scriptorium.shenoute.those.GF268-270.mark.xml#sSpan1251" target="scriptorium.shenoute.those.GF268-270.mark.xml#sSpan1237"/>
		<rel id="sPointingRel617" xlink:href="scriptorium.shenoute.those.GF268-270.mark.xml#sSpan1443" target="scriptorium.shenoute.those.GF268-270.mark.xml#sSpan1440"/>
		<rel id="sPointingRel619" xlink:href="scriptorium.shenoute.those.GF268-270.mark.xml#sSpan477" target="scriptorium.shenoute.those.GF268-270.mark.xml#sSpan487"/>
		<rel id="sPointingRel621" xlink:href="scriptorium.shenoute.those.GF268-270.mark.xml#sSpan560" target="scriptorium.shenoute.those.GF268-270.mark.xml#sSpan565"/>
		<rel id="sPointingRel623" xlink:href="scriptorium.shenoute.those.GF268-270.mark.xml#sSpan704" target="scriptorium.shenoute.those.GF268-270.mark.xml#sSpan695"/>
		<rel id="sPointingRel625" xlink:href="scriptorium.shenoute.those.GF268-270.mark.xml#sSpan2044" target="scriptorium.shenoute.those.GF268-270.mark.xml#sSpan2040"/>
		<rel id="sPointingRel627" xlink:href="scriptorium.shenoute.those.GF268-270.mark.xml#sSpan471" target="scriptorium.shenoute.those.GF268-270.mark.xml#sSpan477"/>
		<rel id="sPointingRel629" xlink:href="scriptorium.shenoute.those.GF268-270.mark.xml#sSpan937" target="scriptorium.shenoute.those.GF268-270.mark.xml#sSpan943"/>
		<rel id="sPointingRel631" xlink:href="scriptorium.shenoute.those.GF268-270.mark.xml#sSpan844" target="scriptorium.shenoute.those.GF268-270.mark.xml#sSpan818"/>
		<rel id="sPointingRel633" xlink:href="scriptorium.shenoute.those.GF268-270.mark.xml#sSpan1968" target="scriptorium.shenoute.those.GF268-270.mark.xml#sSpan1974"/>
		<rel id="sPointingRel635" xlink:href="scriptorium.shenoute.those.GF268-270.mark.xml#sSpan1320" target="scriptorium.shenoute.those.GF268-270.mark.xml#sSpan1329"/>
		<rel id="sPointingRel637" xlink:href="scriptorium.shenoute.those.GF268-270.mark.xml#sSpan152" target="scriptorium.shenoute.those.GF268-270.mark.xml#sSpan140"/>
		<rel id="sPointingRel639" xlink:href="scriptorium.shenoute.those.GF268-270.mark.xml#sSpan1071" target="scriptorium.shenoute.those.GF268-270.mark.xml#sSpan1078"/>
		<rel id="sPointingRel641" xlink:href="scriptorium.shenoute.those.GF268-270.mark.xml#sSpan198" target="scriptorium.shenoute.those.GF268-270.mark.xml#sSpan211"/>
		<rel id="sPointingRel643" xlink:href="scriptorium.shenoute.those.GF268-270.mark.xml#sSpan531" target="scriptorium.shenoute.those.GF268-270.mark.xml#sSpan529"/>
		<rel id="sPointingRel645" xlink:href="scriptorium.shenoute.those.GF268-270.mark.xml#sSpan159" target="scriptorium.shenoute.those.GF268-270.mark.xml#sSpan198"/>
		<rel id="sPointingRel647" xlink:href="scriptorium.shenoute.those.GF268-270.mark.xml#sSpan704" target="scriptorium.shenoute.those.GF268-270.mark.xml#sSpan715"/>
		<rel id="sPointingRel649" xlink:href="scriptorium.shenoute.those.GF268-270.mark.xml#sSpan70" target="scriptorium.shenoute.those.GF268-270.mark.xml#sSpan55"/>
		<rel id="sPointingRel651" xlink:href="scriptorium.shenoute.those.GF268-270.mark.xml#sSpan970" target="scriptorium.shenoute.those.GF268-270.mark.xml#sSpan1004"/>
		<rel id="sPointingRel653" xlink:href="scriptorium.shenoute.those.GF268-270.mark.xml#sSpan550" target="scriptorium.shenoute.those.GF268-270.mark.xml#sSpan545"/>
		<rel id="sPointingRel655" xlink:href="scriptorium.shenoute.those.GF268-270.mark.xml#sSpan550" target="scriptorium.shenoute.those.GF268-270.mark.xml#sSpan560"/>
		<rel id="sPointingRel657" xlink:href="scriptorium.shenoute.those.GF268-270.mark.xml#sSpan1916" target="scriptorium.shenoute.those.GF268-270.mark.xml#sSpan1952"/>
		<rel id="sPointingRel659" xlink:href="scriptorium.shenoute.those.GF268-270.mark.xml#sSpan133" target="scriptorium.shenoute.those.GF268-270.mark.xml#sSpan128"/>
		<rel id="sPointingRel661" xlink:href="scriptorium.shenoute.those.GF268-270.mark.xml#sSpan1221" target="scriptorium.shenoute.those.GF268-270.mark.xml#sSpan1216"/>
		<rel id="sPointingRel663" xlink:href="scriptorium.shenoute.those.GF268-270.mark.xml#sSpan756" target="scriptorium.shenoute.those.GF268-270.mark.xml#sSpan754"/>
		<rel id="sPointingRel665" xlink:href="scriptorium.shenoute.those.GF268-270.mark.xml#sSpan1874" target="scriptorium.shenoute.those.GF268-270.mark.xml#sSpan1876"/>
		<rel id="sPointingRel667" xlink:href="scriptorium.shenoute.those.GF268-270.mark.xml#sSpan1426" target="scriptorium.shenoute.those.GF268-270.mark.xml#sSpan1420"/>
		<rel id="sPointingRel669" xlink:href="scriptorium.shenoute.those.GF268-270.mark.xml#sSpan18" target="scriptorium.shenoute.those.GF268-270.mark.xml#sSpan24"/>
		<rel id="sPointingRel671" xlink:href="scriptorium.shenoute.those.GF268-270.mark.xml#sSpan1987" target="scriptorium.shenoute.those.GF268-270.mark.xml#sSpan1981"/>
		<rel id="sPointingRel673" xlink:href="scriptorium.shenoute.those.GF268-270.mark.xml#sSpan1669" target="scriptorium.shenoute.those.GF268-270.mark.xml#sSpan1667"/>
		<rel id="sPointingRel675" xlink:href="scriptorium.shenoute.those.GF268-270.mark.xml#sSpan636" target="scriptorium.shenoute.those.GF268-270.mark.xml#sSpan631"/>
		<rel id="sPointingRel677" xlink:href="scriptorium.shenoute.those.GF268-270.mark.xml#sSpan1785" target="scriptorium.shenoute.those.GF268-270.mark.xml#sSpan1755"/>
		<rel id="sPointingRel679" xlink:href="scriptorium.shenoute.those.GF268-270.mark.xml#sSpan1365" target="scriptorium.shenoute.those.GF268-270.mark.xml#sSpan1357"/>
		<rel id="sPointingRel681" xlink:href="scriptorium.shenoute.those.GF268-270.mark.xml#sSpan844" target="scriptorium.shenoute.those.GF268-270.mark.xml#sSpan842"/>
		<rel id="sPointingRel683" xlink:href="scriptorium.shenoute.those.GF268-270.mark.xml#sSpan2056" target="scriptorium.shenoute.those.GF268-270.mark.xml#sSpan2048"/>
		<rel id="sPointingRel685" xlink:href="scriptorium.shenoute.those.GF268-270.mark.xml#sSpan112" target="scriptorium.shenoute.those.GF268-270.mark.xml#sSpan106"/>
		<rel id="sPointingRel687" xlink:href="scriptorium.shenoute.those.GF268-270.mark.xml#sSpan152" target="scriptorium.shenoute.those.GF268-270.mark.xml#sSpan149"/>
		<rel id="sPointingRel689" xlink:href="scriptorium.shenoute.those.GF268-270.mark.xml#sSpan704" target="scriptorium.shenoute.those.GF268-270.mark.xml#sSpan735"/>
		<rel id="sPointingRel691" xlink:href="scriptorium.shenoute.those.GF268-270.mark.xml#sSpan2084" target="scriptorium.shenoute.those.GF268-270.mark.xml#sSpan2019"/>
		<rel id="sPointingRel693" xlink:href="scriptorium.shenoute.those.GF268-270.mark.xml#sSpan42" target="scriptorium.shenoute.those.GF268-270.mark.xml#sSpan38"/>
		<rel id="sPointingRel695" xlink:href="scriptorium.shenoute.those.GF268-270.mark.xml#sSpan487" target="scriptorium.shenoute.those.GF268-270.mark.xml#sSpan485"/>
		<rel id="sPointingRel697" xlink:href="scriptorium.shenoute.those.GF268-270.mark.xml#sSpan1202" target="scriptorium.shenoute.those.GF268-270.mark.xml#sSpan1184"/>
		<rel id="sPointingRel699" xlink:href="scriptorium.shenoute.those.GF268-270.mark.xml#sSpan1546" target="scriptorium.shenoute.those.GF268-270.mark.xml#sSpan1548"/>
		<rel id="sPointingRel701" xlink:href="scriptorium.shenoute.those.GF268-270.mark.xml#sSpan1289" target="scriptorium.shenoute.those.GF268-270.mark.xml#sSpan1287"/>
		<rel id="sPointingRel703" xlink:href="scriptorium.shenoute.those.GF268-270.mark.xml#sSpan735" target="scriptorium.shenoute.those.GF268-270.mark.xml#sSpan722"/>
		<rel id="sPointingRel705" xlink:href="scriptorium.shenoute.those.GF268-270.mark.xml#sSpan1610" target="scriptorium.shenoute.those.GF268-270.mark.xml#sSpan1607"/>
		<rel id="sPointingRel707" xlink:href="scriptorium.shenoute.those.GF268-270.mark.xml#sSpan1513" target="scriptorium.shenoute.those.GF268-270.mark.xml#sSpan1520"/>
		<rel id="sPointingRel709" xlink:href="scriptorium.shenoute.those.GF268-270.mark.xml#sSpan1764" target="scriptorium.shenoute.those.GF268-270.mark.xml#sSpan1759"/>
		<rel id="sPointingRel711" xlink:href="scriptorium.shenoute.those.GF268-270.mark.xml#sSpan2066" target="scriptorium.shenoute.those.GF268-270.mark.xml#sSpan2058"/>
		<rel id="sPointingRel713" xlink:href="scriptorium.shenoute.those.GF268-270.mark.xml#sSpan2066" target="scriptorium.shenoute.those.GF268-270.mark.xml#sSpan2062"/>
		<rel id="sPointingRel715" xlink:href="scriptorium.shenoute.those.GF268-270.mark.xml#sSpan756" target="scriptorium.shenoute.those.GF268-270.mark.xml#sSpan763"/>
		<rel id="sPointingRel717" xlink:href="scriptorium.shenoute.those.GF268-270.mark.xml#sSpan18" target="scriptorium.shenoute.those.GF268-270.mark.xml#sSpan20"/>
		<rel id="sPointingRel719" xlink:href="scriptorium.shenoute.those.GF268-270.mark.xml#sSpan246" target="scriptorium.shenoute.those.GF268-270.mark.xml#sSpan240"/>
		<rel id="sPointingRel721" xlink:href="scriptorium.shenoute.those.GF268-270.mark.xml#sSpan1842" target="scriptorium.shenoute.those.GF268-270.mark.xml#sSpan1854"/>
		<rel id="sPointingRel723" xlink:href="scriptorium.shenoute.those.GF268-270.mark.xml#sSpan614" target="scriptorium.shenoute.those.GF268-270.mark.xml#sSpan617"/>
		<rel id="sPointingRel725" xlink:href="scriptorium.shenoute.those.GF268-270.mark.xml#sSpan1004" target="scriptorium.shenoute.those.GF268-270.mark.xml#sSpan1000"/>
		<rel id="sPointingRel727" xlink:href="scriptorium.shenoute.those.GF268-270.mark.xml#sSpan614" target="scriptorium.shenoute.those.GF268-270.mark.xml#sSpan604"/>
		<rel id="sPointingRel729" xlink:href="scriptorium.shenoute.those.GF268-270.mark.xml#sSpan1138" target="scriptorium.shenoute.those.GF268-270.mark.xml#sSpan1140"/>
		<rel id="sPointingRel731" xlink:href="scriptorium.shenoute.those.GF268-270.mark.xml#sSpan1785" target="scriptorium.shenoute.those.GF268-270.mark.xml#sSpan1748"/>
		<rel id="sPointingRel733" xlink:href="scriptorium.shenoute.those.GF268-270.mark.xml#sSpan685" target="scriptorium.shenoute.those.GF268-270.mark.xml#sSpan690"/>
		<rel id="sPointingRel735" xlink:href="scriptorium.shenoute.those.GF268-270.mark.xml#sSpan2019" target="scriptorium.shenoute.those.GF268-270.mark.xml#sSpan2033"/>
		<rel id="sPointingRel737" xlink:href="scriptorium.shenoute.those.GF268-270.mark.xml#sSpan453" target="scriptorium.shenoute.those.GF268-270.mark.xml#sSpan449"/>
		<rel id="sPointingRel739" xlink:href="scriptorium.shenoute.those.GF268-270.mark.xml#sSpan1801" target="scriptorium.shenoute.those.GF268-270.mark.xml#sSpan1808"/>
		<rel id="sPointingRel741" xlink:href="scriptorium.shenoute.those.GF268-270.mark.xml#sSpan735" target="scriptorium.shenoute.those.GF268-270.mark.xml#sSpan730"/>
		<rel id="sPointingRel743" xlink:href="scriptorium.shenoute.those.GF268-270.mark.xml#sSpan1456" target="scriptorium.shenoute.those.GF268-270.mark.xml#sSpan1451"/>
		<rel id="sPointingRel745" xlink:href="scriptorium.shenoute.those.GF268-270.mark.xml#sSpan2110" target="scriptorium.shenoute.those.GF268-270.mark.xml#sSpan2106"/>
		<rel id="sPointingRel747" xlink:href="scriptorium.shenoute.those.GF268-270.mark.xml#sSpan126" target="scriptorium.shenoute.those.GF268-270.mark.xml#sSpan133"/>
		<rel id="sPointingRel749" xlink:href="scriptorium.shenoute.those.GF268-270.mark.xml#sSpan2033" target="scriptorium.shenoute.those.GF268-270.mark.xml#sSpan2025"/>
		<rel id="sPointingRel751" xlink:href="scriptorium.shenoute.those.GF268-270.mark.xml#sSpan1468" target="scriptorium.shenoute.those.GF268-270.mark.xml#sSpan1477"/>
		<rel id="sPointingRel753" xlink:href="scriptorium.shenoute.those.GF268-270.mark.xml#sSpan1251" target="scriptorium.shenoute.those.GF268-270.mark.xml#sSpan1253"/>
		<rel id="sPointingRel755" xlink:href="scriptorium.shenoute.those.GF268-270.mark.xml#sSpan1567" target="scriptorium.shenoute.those.GF268-270.mark.xml#sSpan1573"/>
		<rel id="sPointingRel757" xlink:href="scriptorium.shenoute.those.GF268-270.mark.xml#sSpan377" target="scriptorium.shenoute.those.GF268-270.mark.xml#sSpan347"/>
		<rel id="sPointingRel759" xlink:href="scriptorium.shenoute.those.GF268-270.mark.xml#sSpan586" target="scriptorium.shenoute.those.GF268-270.mark.xml#sSpan592"/>
		<rel id="sPointingRel761" xlink:href="scriptorium.shenoute.those.GF268-270.mark.xml#sSpan2044" target="scriptorium.shenoute.those.GF268-270.mark.xml#sSpan2066"/>
		<rel id="sPointingRel763" xlink:href="scriptorium.shenoute.those.GF268-270.mark.xml#sSpan844" target="scriptorium.shenoute.those.GF268-270.mark.xml#sSpan837"/>
		<rel id="sPointingRel765" xlink:href="scriptorium.shenoute.those.GF268-270.mark.xml#sSpan658" target="scriptorium.shenoute.those.GF268-270.mark.xml#sSpan665"/>
		<rel id="sPointingRel767" xlink:href="scriptorium.shenoute.those.GF268-270.mark.xml#sSpan1106" target="scriptorium.shenoute.those.GF268-270.mark.xml#sSpan1102"/>
		<rel id="sPointingRel769" xlink:href="scriptorium.shenoute.those.GF268-270.mark.xml#sSpan826" target="scriptorium.shenoute.those.GF268-270.mark.xml#sSpan835"/>
		<rel id="sPointingRel771" xlink:href="scriptorium.shenoute.those.GF268-270.mark.xml#sSpan1064" target="scriptorium.shenoute.those.GF268-270.mark.xml#sSpan1060"/>
		<rel id="sPointingRel773" xlink:href="scriptorium.shenoute.those.GF268-270.mark.xml#sSpan560" target="scriptorium.shenoute.those.GF268-270.mark.xml#sSpan555"/>
		<rel id="sPointingRel775" xlink:href="scriptorium.shenoute.those.GF268-270.mark.xml#sSpan1968" target="scriptorium.shenoute.those.GF268-270.mark.xml#sSpan1987"/>
		<rel id="sPointingRel777" xlink:href="scriptorium.shenoute.those.GF268-270.mark.xml#sSpan1600" target="scriptorium.shenoute.those.GF268-270.mark.xml#sSpan1598"/>
		<rel id="sPointingRel779" xlink:href="scriptorium.shenoute.those.GF268-270.mark.xml#sSpan2084" target="scriptorium.shenoute.those.GF268-270.mark.xml#sSpan2093"/>
		<rel id="sPointingRel781" xlink:href="scriptorium.shenoute.those.GF268-270.mark.xml#sSpan756" target="scriptorium.shenoute.those.GF268-270.mark.xml#sSpan844"/>
		<rel id="sPointingRel783" xlink:href="scriptorium.shenoute.those.GF268-270.mark.xml#sSpan1764" target="scriptorium.shenoute.those.GF268-270.mark.xml#sSpan1773"/>
		<rel id="sPointingRel785" xlink:href="scriptorium.shenoute.those.GF268-270.mark.xml#sSpan1808" target="scriptorium.shenoute.those.GF268-270.mark.xml#sSpan1804"/>
		<rel id="sPointingRel787" xlink:href="scriptorium.shenoute.those.GF268-270.mark.xml#sSpan937" target="scriptorium.shenoute.those.GF268-270.mark.xml#sSpan924"/>
		<rel id="sPointingRel789" xlink:href="scriptorium.shenoute.those.GF268-270.mark.xml#sSpan1071" target="scriptorium.shenoute.those.GF268-270.mark.xml#sSpan1048"/>
		<rel id="sPointingRel791" xlink:href="scriptorium.shenoute.those.GF268-270.mark.xml#sSpan1916" target="scriptorium.shenoute.those.GF268-270.mark.xml#sSpan1912"/>
		<rel id="sPointingRel793" xlink:href="scriptorium.shenoute.those.GF268-270.mark.xml#sSpan1309" target="scriptorium.shenoute.those.GF268-270.mark.xml#sSpan1320"/>
		<rel id="sPointingRel795" xlink:href="scriptorium.shenoute.those.GF268-270.mark.xml#sSpan1987" target="scriptorium.shenoute.those.GF268-270.mark.xml#sSpan1976"/>
		<rel id="sPointingRel797" xlink:href="scriptorium.shenoute.those.GF268-270.mark.xml#sSpan1600" target="scriptorium.shenoute.those.GF268-270.mark.xml#sSpan1596"/>
		<rel id="sPointingRel799" xlink:href="scriptorium.shenoute.those.GF268-270.mark.xml#sSpan1546" target="scriptorium.shenoute.those.GF268-270.mark.xml#sSpan1542"/>
		<rel id="sPointingRel801" xlink:href="scriptorium.shenoute.those.GF268-270.mark.xml#sSpan1828" target="scriptorium.shenoute.those.GF268-270.mark.xml#sSpan1821"/>
		<rel id="sPointingRel803" xlink:href="scriptorium.shenoute.those.GF268-270.mark.xml#sSpan2044" target="scriptorium.shenoute.those.GF268-270.mark.xml#sSpan2056"/>
		<rel id="sPointingRel805" xlink:href="scriptorium.shenoute.those.GF268-270.mark.xml#sSpan1150" target="scriptorium.shenoute.those.GF268-270.mark.xml#sSpan1142"/>
		<rel id="sPointingRel807" xlink:href="scriptorium.shenoute.those.GF268-270.mark.xml#sSpan1048" target="scriptorium.shenoute.those.GF268-270.mark.xml#sSpan1050"/>
		<rel id="sPointingRel809" xlink:href="scriptorium.shenoute.those.GF268-270.mark.xml#sSpan782" target="scriptorium.shenoute.those.GF268-270.mark.xml#sSpan772"/>
		<rel id="sPointingRel811" xlink:href="scriptorium.shenoute.those.GF268-270.mark.xml#sSpan1237" target="scriptorium.shenoute.those.GF268-270.mark.xml#sSpan1235"/>
		<rel id="sPointingRel813" xlink:href="scriptorium.shenoute.those.GF268-270.mark.xml#sSpan1910" target="scriptorium.shenoute.those.GF268-270.mark.xml#sSpan1906"/>
		<rel id="sPointingRel815" xlink:href="scriptorium.shenoute.those.GF268-270.mark.xml#sSpan1987" target="scriptorium.shenoute.those.GF268-270.mark.xml#sSpan1983"/>
		<rel id="sPointingRel817" xlink:href="scriptorium.shenoute.those.GF268-270.mark.xml#sSpan2044" target="scriptorium.shenoute.those.GF268-270.mark.xml#sSpan2042"/>
		<rel id="sPointingRel819" xlink:href="scriptorium.shenoute.those.GF268-270.mark.xml#sSpan431" target="scriptorium.shenoute.those.GF268-270.mark.xml#sSpan429"/>
		<rel id="sPointingRel821" xlink:href="scriptorium.shenoute.those.GF268-270.mark.xml#sSpan1048" target="scriptorium.shenoute.those.GF268-270.mark.xml#sSpan1039"/>
		<rel id="sPointingRel823" xlink:href="scriptorium.shenoute.those.GF268-270.mark.xml#sSpan1202" target="scriptorium.shenoute.those.GF268-270.mark.xml#sSpan1213"/>
		<rel id="sPointingRel825" xlink:href="scriptorium.shenoute.those.GF268-270.mark.xml#sSpan377" target="scriptorium.shenoute.those.GF268-270.mark.xml#sSpan389"/>
		<rel id="sPointingRel827" xlink:href="scriptorium.shenoute.those.GF268-270.mark.xml#sSpan1629" target="scriptorium.shenoute.those.GF268-270.mark.xml#sSpan1623"/>
		<rel id="sPointingRel829" xlink:href="scriptorium.shenoute.those.GF268-270.mark.xml#sSpan211" target="scriptorium.shenoute.those.GF268-270.mark.xml#sSpan200"/>
		<rel id="sPointingRel831" xlink:href="scriptorium.shenoute.those.GF268-270.mark.xml#sSpan170" target="scriptorium.shenoute.those.GF268-270.mark.xml#sSpan177"/>
		<rel id="sPointingRel833" xlink:href="scriptorium.shenoute.those.GF268-270.mark.xml#sSpan937" target="scriptorium.shenoute.those.GF268-270.mark.xml#sSpan970"/>
		<rel id="sPointingRel835" xlink:href="scriptorium.shenoute.those.GF268-270.mark.xml#sSpan1693" target="scriptorium.shenoute.those.GF268-270.mark.xml#sSpan1689"/>
		<rel id="sPointingRel837" xlink:href="scriptorium.shenoute.those.GF268-270.mark.xml#sSpan1669" target="scriptorium.shenoute.those.GF268-270.mark.xml#sSpan1651"/>
		<rel id="sPointingRel839" xlink:href="scriptorium.shenoute.those.GF268-270.mark.xml#sSpan70" target="scriptorium.shenoute.those.GF268-270.mark.xml#sSpan64"/>
		<rel id="sPointingRel841" xlink:href="scriptorium.shenoute.those.GF268-270.mark.xml#sSpan1629" target="scriptorium.shenoute.those.GF268-270.mark.xml#sSpan1631"/>
		<rel id="sPointingRel843" xlink:href="scriptorium.shenoute.those.GF268-270.mark.xml#sSpan316" target="scriptorium.shenoute.those.GF268-270.mark.xml#sSpan377"/>
		<rel id="sPointingRel845" xlink:href="scriptorium.shenoute.those.GF268-270.mark.xml#sSpan1336" target="scriptorium.shenoute.those.GF268-270.mark.xml#sSpan1331"/>
		<rel id="sPointingRel847" xlink:href="scriptorium.shenoute.those.GF268-270.mark.xml#sSpan1916" target="scriptorium.shenoute.those.GF268-270.mark.xml#sSpan1968"/>
		<rel id="sPointingRel849" xlink:href="scriptorium.shenoute.those.GF268-270.mark.xml#sSpan970" target="scriptorium.shenoute.those.GF268-270.mark.xml#sSpan963"/>
		<rel id="sPointingRel851" xlink:href="scriptorium.shenoute.those.GF268-270.mark.xml#sSpan1253" target="scriptorium.shenoute.those.GF268-270.mark.xml#sSpan1259"/>
		<rel id="sPointingRel853" xlink:href="scriptorium.shenoute.those.GF268-270.mark.xml#sSpan1728" target="scriptorium.shenoute.those.GF268-270.mark.xml#sSpan1726"/>
		<rel id="sPointingRel855" xlink:href="scriptorium.shenoute.those.GF268-270.mark.xml#sSpan987" target="scriptorium.shenoute.those.GF268-270.mark.xml#sSpan982"/>
		<rel id="sPointingRel857" xlink:href="scriptorium.shenoute.those.GF268-270.mark.xml#sSpan1071" target="scriptorium.shenoute.those.GF268-270.mark.xml#sSpan1064"/>
		<rel id="sPointingRel859" xlink:href="scriptorium.shenoute.those.GF268-270.mark.xml#sSpan1019" target="scriptorium.shenoute.those.GF268-270.mark.xml#sSpan1032"/>
		<rel id="sPointingRel861" xlink:href="scriptorium.shenoute.those.GF268-270.mark.xml#sSpan328" target="scriptorium.shenoute.those.GF268-270.mark.xml#sSpan321"/>
		<rel id="sPointingRel863" xlink:href="scriptorium.shenoute.those.GF268-270.mark.xml#sSpan1251" target="scriptorium.shenoute.those.GF268-270.mark.xml#sSpan1309"/>
		<rel id="sPointingRel865" xlink:href="scriptorium.shenoute.those.GF268-270.mark.xml#sSpan42" target="scriptorium.shenoute.those.GF268-270.mark.xml#sSpan28"/>
		<rel id="sPointingRel867" xlink:href="scriptorium.shenoute.those.GF268-270.mark.xml#sSpan1532" target="scriptorium.shenoute.those.GF268-270.mark.xml#sSpan1534"/>
		<rel id="sPointingRel869" xlink:href="scriptorium.shenoute.those.GF268-270.mark.xml#sSpan431" target="scriptorium.shenoute.those.GF268-270.mark.xml#sSpan416"/>
		<rel id="sPointingRel871" xlink:href="scriptorium.shenoute.those.GF268-270.mark.xml#sSpan341" target="scriptorium.shenoute.those.GF268-270.mark.xml#sSpan335"/>
		<rel id="sPointingRel873" xlink:href="scriptorium.shenoute.those.GF268-270.mark.xml#sSpan85" target="scriptorium.shenoute.those.GF268-270.mark.xml#sSpan112"/>
		<rel id="sPointingRel875" xlink:href="scriptorium.shenoute.those.GF268-270.mark.xml#sSpan1251" target="scriptorium.shenoute.those.GF268-270.mark.xml#sSpan1243"/>
		<rel id="sPointingRel877" xlink:href="scriptorium.shenoute.those.GF268-270.mark.xml#sSpan529" target="scriptorium.shenoute.those.GF268-270.mark.xml#sSpan525"/>
		<rel id="sPointingRel879" xlink:href="scriptorium.shenoute.those.GF268-270.mark.xml#sSpan225" target="scriptorium.shenoute.those.GF268-270.mark.xml#sSpan227"/>
		<rel id="sPointingRel881" xlink:href="scriptorium.shenoute.those.GF268-270.mark.xml#sSpan1928" target="scriptorium.shenoute.those.GF268-270.mark.xml#sSpan1935"/>
		<rel id="sPointingRel883" xlink:href="scriptorium.shenoute.those.GF268-270.mark.xml#sSpan735" target="scriptorium.shenoute.those.GF268-270.mark.xml#sSpan724"/>
		<rel id="sPointingRel885" xlink:href="scriptorium.shenoute.those.GF268-270.mark.xml#sSpan170" target="scriptorium.shenoute.those.GF268-270.mark.xml#sSpan165"/>
		<rel id="sPointingRel887" xlink:href="scriptorium.shenoute.those.GF268-270.mark.xml#sSpan2103" target="scriptorium.shenoute.those.GF268-270.mark.xml#sSpan2120"/>
		<rel id="sPointingRel889" xlink:href="scriptorium.shenoute.those.GF268-270.mark.xml#sSpan1289" target="scriptorium.shenoute.those.GF268-270.mark.xml#sSpan1283"/>
		<rel id="sPointingRel891" xlink:href="scriptorium.shenoute.those.GF268-270.mark.xml#sSpan1842" target="scriptorium.shenoute.those.GF268-270.mark.xml#sSpan1846"/>
		<rel id="sPointingRel893" xlink:href="scriptorium.shenoute.those.GF268-270.mark.xml#sSpan246" target="scriptorium.shenoute.those.GF268-270.mark.xml#sSpan243"/>
		<rel id="sPointingRel895" xlink:href="scriptorium.shenoute.those.GF268-270.mark.xml#sSpan1150" target="scriptorium.shenoute.those.GF268-270.mark.xml#sSpan1146"/>
		<rel id="sPointingRel897" xlink:href="scriptorium.shenoute.those.GF268-270.mark.xml#sSpan1089" target="scriptorium.shenoute.those.GF268-270.mark.xml#sSpan1081"/>
		<rel id="sPointingRel899" xlink:href="scriptorium.shenoute.those.GF268-270.mark.xml#sSpan363" target="scriptorium.shenoute.those.GF268-270.mark.xml#sSpan359"/>
		<rel id="sPointingRel901" xlink:href="scriptorium.shenoute.those.GF268-270.mark.xml#sSpan1279" target="scriptorium.shenoute.those.GF268-270.mark.xml#sSpan1289"/>
		<rel id="sPointingRel903" xlink:href="scriptorium.shenoute.those.GF268-270.mark.xml#sSpan1874" target="scriptorium.shenoute.those.GF268-270.mark.xml#sSpan1885"/>
		<rel id="sPointingRel905" xlink:href="scriptorium.shenoute.those.GF268-270.mark.xml#sSpan1309" target="scriptorium.shenoute.those.GF268-270.mark.xml#sSpan1304"/>
		<rel id="sPointingRel907" xlink:href="scriptorium.shenoute.those.GF268-270.mark.xml#sSpan413" target="scriptorium.shenoute.those.GF268-270.mark.xml#sSpan409"/>
		<rel id="sPointingRel909" xlink:href="scriptorium.shenoute.those.GF268-270.mark.xml#sSpan937" target="scriptorium.shenoute.those.GF268-270.mark.xml#sSpan952"/>
		<rel id="sPointingRel911" xlink:href="scriptorium.shenoute.those.GF268-270.mark.xml#sSpan1885" target="scriptorium.shenoute.those.GF268-270.mark.xml#sSpan1882"/>
		<rel id="sPointingRel913" xlink:href="scriptorium.shenoute.those.GF268-270.mark.xml#sSpan1885" target="scriptorium.shenoute.those.GF268-270.mark.xml#sSpan1895"/>
		<rel id="sPointingRel915" xlink:href="scriptorium.shenoute.those.GF268-270.mark.xml#sSpan1365" target="scriptorium.shenoute.those.GF268-270.mark.xml#sSpan1361"/>
		<rel id="sPointingRel917" xlink:href="scriptorium.shenoute.those.GF268-270.mark.xml#sSpan1162" target="scriptorium.shenoute.those.GF268-270.mark.xml#sSpan1169"/>
		<rel id="sPointingRel919" xlink:href="scriptorium.shenoute.those.GF268-270.mark.xml#sSpan1785" target="scriptorium.shenoute.those.GF268-270.mark.xml#sSpan1764"/>
		<rel id="sPointingRel921" xlink:href="scriptorium.shenoute.those.GF268-270.mark.xml#sSpan1251" target="scriptorium.shenoute.those.GF268-270.mark.xml#sSpan1247"/>
		<rel id="sPointingRel923" xlink:href="scriptorium.shenoute.those.GF268-270.mark.xml#sSpan1426" target="scriptorium.shenoute.those.GF268-270.mark.xml#sSpan1432"/>
		<rel id="sPointingRel925" xlink:href="scriptorium.shenoute.those.GF268-270.mark.xml#sSpan1567" target="scriptorium.shenoute.those.GF268-270.mark.xml#sSpan1561"/>
		<rel id="sPointingRel927" xlink:href="scriptorium.shenoute.those.GF268-270.mark.xml#sSpan1395" target="scriptorium.shenoute.those.GF268-270.mark.xml#sSpan1415"/>
		<rel id="sPointingRel929" xlink:href="scriptorium.shenoute.those.GF268-270.mark.xml#sSpan1928" target="scriptorium.shenoute.those.GF268-270.mark.xml#sSpan1923"/>
		<rel id="sPointingRel931" xlink:href="scriptorium.shenoute.those.GF268-270.mark.xml#sSpan1251" target="scriptorium.shenoute.those.GF268-270.mark.xml#sSpan1279"/>
		<rel id="sPointingRel933" xlink:href="scriptorium.shenoute.those.GF268-270.mark.xml#sSpan471" target="scriptorium.shenoute.those.GF268-270.mark.xml#sSpan462"/>
		<rel id="sPointingRel935" xlink:href="scriptorium.shenoute.those.GF268-270.mark.xml#sSpan1176" target="scriptorium.shenoute.those.GF268-270.mark.xml#sSpan1171"/>
		<rel id="sPointingRel937" xlink:href="scriptorium.shenoute.those.GF268-270.mark.xml#sSpan1680" target="scriptorium.shenoute.those.GF268-270.mark.xml#sSpan1682"/>
		<rel id="sPointingRel939" xlink:href="scriptorium.shenoute.those.GF268-270.mark.xml#sSpan1251" target="scriptorium.shenoute.those.GF268-270.mark.xml#sSpan1249"/>
		<rel id="sPointingRel941" xlink:href="scriptorium.shenoute.those.GF268-270.mark.xml#sSpan341" target="scriptorium.shenoute.those.GF268-270.mark.xml#sSpan337"/>
		<rel id="sPointingRel943" xlink:href="scriptorium.shenoute.those.GF268-270.mark.xml#sSpan443" target="scriptorium.shenoute.those.GF268-270.mark.xml#sSpan441"/>
		<rel id="sPointingRel945" xlink:href="scriptorium.shenoute.those.GF268-270.mark.xml#sSpan1456" target="scriptorium.shenoute.those.GF268-270.mark.xml#sSpan1460"/>
		<rel id="sPointingRel947" xlink:href="scriptorium.shenoute.those.GF268-270.mark.xml#sSpan431" target="scriptorium.shenoute.those.GF268-270.mark.xml#sSpan427"/>
		<rel id="sPointingRel949" xlink:href="scriptorium.shenoute.those.GF268-270.mark.xml#sSpan2137" target="scriptorium.shenoute.those.GF268-270.mark.xml#sSpan2145"/>
		<rel id="sPointingRel951" xlink:href="scriptorium.shenoute.those.GF268-270.mark.xml#sSpan1078" target="scriptorium.shenoute.those.GF268-270.mark.xml#sSpan1075"/>
		<rel id="sPointingRel953" xlink:href="scriptorium.shenoute.those.GF268-270.mark.xml#sSpan1213" target="scriptorium.shenoute.those.GF268-270.mark.xml#sSpan1209"/>
		<rel id="sPointingRel955" xlink:href="scriptorium.shenoute.those.GF268-270.mark.xml#sSpan1329" target="scriptorium.shenoute.those.GF268-270.mark.xml#sSpan1354"/>
		<rel id="sPointingRel957" xlink:href="scriptorium.shenoute.those.GF268-270.mark.xml#sSpan1928" target="scriptorium.shenoute.those.GF268-270.mark.xml#sSpan1925"/>
		<rel id="sPointingRel959" xlink:href="scriptorium.shenoute.those.GF268-270.mark.xml#sSpan177" target="scriptorium.shenoute.those.GF268-270.mark.xml#sSpan184"/>
		<rel id="sPointingRel961" xlink:href="scriptorium.shenoute.those.GF268-270.mark.xml#sSpan487" target="scriptorium.shenoute.those.GF268-270.mark.xml#sSpan480"/>
		<rel id="sPointingRel963" xlink:href="scriptorium.shenoute.those.GF268-270.mark.xml#sSpan504" target="scriptorium.shenoute.those.GF268-270.mark.xml#sSpan502"/>
		<rel id="sPointingRel965" xlink:href="scriptorium.shenoute.those.GF268-270.mark.xml#sSpan18" target="scriptorium.shenoute.those.GF268-270.mark.xml#sSpan2"/>
		<rel id="sPointingRel967" xlink:href="scriptorium.shenoute.those.GF268-270.mark.xml#sSpan658" target="scriptorium.shenoute.those.GF268-270.mark.xml#sSpan652"/>
		<rel id="sPointingRel969" xlink:href="scriptorium.shenoute.those.GF268-270.mark.xml#sSpan316" target="scriptorium.shenoute.those.GF268-270.mark.xml#sSpan311"/>
		<rel id="sPointingRel971" xlink:href="scriptorium.shenoute.those.GF268-270.mark.xml#sSpan404" target="scriptorium.shenoute.those.GF268-270.mark.xml#sSpan397"/>
		<rel id="sPointingRel973" xlink:href="scriptorium.shenoute.those.GF268-270.mark.xml#sSpan112" target="scriptorium.shenoute.those.GF268-270.mark.xml#sSpan110"/>
		<rel id="sPointingRel975" xlink:href="scriptorium.shenoute.those.GF268-270.mark.xml#sSpan2137" target="scriptorium.shenoute.those.GF268-270.mark.xml#sSpan2135"/>
		<rel id="sPointingRel977" xlink:href="scriptorium.shenoute.those.GF268-270.mark.xml#sSpan937" target="scriptorium.shenoute.those.GF268-270.mark.xml#sSpan960"/>
		<rel id="sPointingRel979" xlink:href="scriptorium.shenoute.those.GF268-270.mark.xml#sSpan2044" target="scriptorium.shenoute.those.GF268-270.mark.xml#sSpan2046"/>
		<rel id="sPointingRel981" xlink:href="scriptorium.shenoute.those.GF268-270.mark.xml#sSpan1801" target="scriptorium.shenoute.those.GF268-270.mark.xml#sSpan1794"/>
		<rel id="sPointingRel983" xlink:href="scriptorium.shenoute.those.GF268-270.mark.xml#sSpan2033" target="scriptorium.shenoute.those.GF268-270.mark.xml#sSpan2030"/>
		<rel id="sPointingRel985" xlink:href="scriptorium.shenoute.those.GF268-270.mark.xml#sSpan413" target="scriptorium.shenoute.those.GF268-270.mark.xml#sSpan407"/>
		<rel id="sPointingRel987" xlink:href="scriptorium.shenoute.those.GF268-270.mark.xml#sSpan1019" target="scriptorium.shenoute.those.GF268-270.mark.xml#sSpan1017"/>
		<rel id="sPointingRel989" xlink:href="scriptorium.shenoute.those.GF268-270.mark.xml#sSpan487" target="scriptorium.shenoute.those.GF268-270.mark.xml#sSpan504"/>
		<rel id="sPointingRel991" xlink:href="scriptorium.shenoute.those.GF268-270.mark.xml#sSpan1032" target="scriptorium.shenoute.those.GF268-270.mark.xml#sSpan1028"/>
		<rel id="sPointingRel993" xlink:href="scriptorium.shenoute.those.GF268-270.mark.xml#sSpan1987" target="scriptorium.shenoute.those.GF268-270.mark.xml#sSpan1997"/>
		<rel id="sPointingRel995" xlink:href="scriptorium.shenoute.those.GF268-270.mark.xml#sSpan1267" target="scriptorium.shenoute.those.GF268-270.mark.xml#sSpan1262"/>
		<rel id="sPointingRel997" xlink:href="scriptorium.shenoute.those.GF268-270.mark.xml#sSpan1618" target="scriptorium.shenoute.those.GF268-270.mark.xml#sSpan1612"/>
		<rel id="sPointingRel999" xlink:href="scriptorium.shenoute.those.GF268-270.mark.xml#sSpan1113" target="scriptorium.shenoute.those.GF268-270.mark.xml#sSpan1109"/>
		<rel id="sPointingRel1001" xlink:href="scriptorium.shenoute.those.GF268-270.mark.xml#sSpan316" target="scriptorium.shenoute.those.GF268-270.mark.xml#sSpan328"/>
		<rel id="sPointingRel1003" xlink:href="scriptorium.shenoute.those.GF268-270.mark.xml#sSpan1618" target="scriptorium.shenoute.those.GF268-270.mark.xml#sSpan1582"/>
		<rel id="sPointingRel1005" xlink:href="scriptorium.shenoute.those.GF268-270.mark.xml#sSpan1169" target="scriptorium.shenoute.those.GF268-270.mark.xml#sSpan1164"/>
		<rel id="sPointingRel1007" xlink:href="scriptorium.shenoute.those.GF268-270.mark.xml#sSpan844" target="scriptorium.shenoute.those.GF268-270.mark.xml#sSpan813"/>
		<rel id="sPointingRel1009" xlink:href="scriptorium.shenoute.those.GF268-270.mark.xml#sSpan598" target="scriptorium.shenoute.those.GF268-270.mark.xml#sSpan594"/>
		<rel id="sPointingRel1011" xlink:href="scriptorium.shenoute.those.GF268-270.mark.xml#sSpan1004" target="scriptorium.shenoute.those.GF268-270.mark.xml#sSpan1002"/>
		<rel id="sPointingRel1013" xlink:href="scriptorium.shenoute.those.GF268-270.mark.xml#sSpan1385" target="scriptorium.shenoute.those.GF268-270.mark.xml#sSpan1372"/>
		<rel id="sPointingRel1015" xlink:href="scriptorium.shenoute.those.GF268-270.mark.xml#sSpan1680" target="scriptorium.shenoute.those.GF268-270.mark.xml#sSpan1676"/>
		<rel id="sPointingRel1017" xlink:href="scriptorium.shenoute.those.GF268-270.mark.xml#sSpan580" target="scriptorium.shenoute.those.GF268-270.mark.xml#sSpan586"/>
		<rel id="sPointingRel1019" xlink:href="scriptorium.shenoute.those.GF268-270.mark.xml#sSpan904" target="scriptorium.shenoute.those.GF268-270.mark.xml#sSpan902"/>
		<rel id="sPointingRel1021" xlink:href="scriptorium.shenoute.those.GF268-270.mark.xml#sSpan1162" target="scriptorium.shenoute.those.GF268-270.mark.xml#sSpan1176"/>
		<rel id="sPointingRel1023" xlink:href="scriptorium.shenoute.those.GF268-270.mark.xml#sSpan42" target="scriptorium.shenoute.those.GF268-270.mark.xml#sSpan70"/>
		<rel id="sPointingRel1025" xlink:href="scriptorium.shenoute.those.GF268-270.mark.xml#sSpan1740" target="scriptorium.shenoute.those.GF268-270.mark.xml#sSpan1738"/>
		<rel id="sPointingRel1027" xlink:href="scriptorium.shenoute.those.GF268-270.mark.xml#sSpan513" target="scriptorium.shenoute.those.GF268-270.mark.xml#sSpan511"/>
		<rel id="sPointingRel1029" xlink:href="scriptorium.shenoute.those.GF268-270.mark.xml#sSpan1395" target="scriptorium.shenoute.those.GF268-270.mark.xml#sSpan1391"/>
		<rel id="sPointingRel1031" xlink:href="scriptorium.shenoute.those.GF268-270.mark.xml#sSpan1237" target="scriptorium.shenoute.those.GF268-270.mark.xml#sSpan1228"/>
		<rel id="sPointingRel1033" xlink:href="scriptorium.shenoute.those.GF268-270.mark.xml#sSpan2093" target="scriptorium.shenoute.those.GF268-270.mark.xml#sSpan2103"/>
		<rel id="sPointingRel1035" xlink:href="scriptorium.shenoute.those.GF268-270.mark.xml#sSpan1213" target="scriptorium.shenoute.those.GF268-270.mark.xml#sSpan1221"/>
		<rel id="sPointingRel1037" xlink:href="scriptorium.shenoute.those.GF268-270.mark.xml#sSpan658" target="scriptorium.shenoute.those.GF268-270.mark.xml#sSpan661"/>
		<rel id="sPointingRel1039" xlink:href="scriptorium.shenoute.those.GF268-270.mark.xml#sSpan763" target="scriptorium.shenoute.those.GF268-270.mark.xml#sSpan758"/>
		<rel id="sPointingRel1041" xlink:href="scriptorium.shenoute.those.GF268-270.mark.xml#sSpan159" target="scriptorium.shenoute.those.GF268-270.mark.xml#sSpan161"/>
		<rel id="sPointingRel1043" xlink:href="scriptorium.shenoute.those.GF268-270.mark.xml#sSpan1064" target="scriptorium.shenoute.those.GF268-270.mark.xml#sSpan1054"/>
		<rel id="sPointingRel1045" xlink:href="scriptorium.shenoute.those.GF268-270.mark.xml#sSpan1916" target="scriptorium.shenoute.those.GF268-270.mark.xml#sSpan1901"/>
		<rel id="sPointingRel1047" xlink:href="scriptorium.shenoute.those.GF268-270.mark.xml#sSpan211" target="scriptorium.shenoute.those.GF268-270.mark.xml#sSpan204"/>
		<rel id="sPointingRel1049" xlink:href="scriptorium.shenoute.those.GF268-270.mark.xml#sSpan1618" target="scriptorium.shenoute.those.GF268-270.mark.xml#sSpan1616"/>
		<rel id="sPointingRel1051" xlink:href="scriptorium.shenoute.those.GF268-270.mark.xml#sSpan685" target="scriptorium.shenoute.those.GF268-270.mark.xml#sSpan674"/>
		<rel id="sPointingRel1053" xlink:href="scriptorium.shenoute.those.GF268-270.mark.xml#sSpan614" target="scriptorium.shenoute.those.GF268-270.mark.xml#sSpan611"/>
		<rel id="sPointingRel1055" xlink:href="scriptorium.shenoute.those.GF268-270.mark.xml#sSpan826" target="scriptorium.shenoute.those.GF268-270.mark.xml#sSpan822"/>
		<rel id="sPointingRel1057" xlink:href="scriptorium.shenoute.those.GF268-270.mark.xml#sSpan70" target="scriptorium.shenoute.those.GF268-270.mark.xml#sSpan60"/>
		<rel id="sPointingRel1059" xlink:href="scriptorium.shenoute.those.GF268-270.mark.xml#sSpan377" target="scriptorium.shenoute.those.GF268-270.mark.xml#sSpan371"/>
		<rel id="sPointingRel1061" xlink:href="scriptorium.shenoute.those.GF268-270.mark.xml#sSpan1618" target="scriptorium.shenoute.those.GF268-270.mark.xml#sSpan1589"/>
		<rel id="sPointingRel1063" xlink:href="scriptorium.shenoute.those.GF268-270.mark.xml#sSpan1728" target="scriptorium.shenoute.those.GF268-270.mark.xml#sSpan1740"/>
		<rel id="sPointingRel1065" xlink:href="scriptorium.shenoute.those.GF268-270.mark.xml#sSpan1693" target="scriptorium.shenoute.those.GF268-270.mark.xml#sSpan1691"/>
		<rel id="sPointingRel1067" xlink:href="scriptorium.shenoute.those.GF268-270.mark.xml#sSpan453" target="scriptorium.shenoute.those.GF268-270.mark.xml#sSpan445"/>
		<rel id="sPointingRel1069" xlink:href="scriptorium.shenoute.those.GF268-270.mark.xml#sSpan658" target="scriptorium.shenoute.those.GF268-270.mark.xml#sSpan656"/>
		<rel id="sPointingRel1071" xlink:href="scriptorium.shenoute.those.GF268-270.mark.xml#sSpan1406" target="scriptorium.shenoute.those.GF268-270.mark.xml#sSpan1398"/>
		<rel id="sPointingRel1073" xlink:href="scriptorium.shenoute.those.GF268-270.mark.xml#sSpan1935" target="scriptorium.shenoute.those.GF268-270.mark.xml#sSpan1931"/>
		<rel id="sPointingRel1075" xlink:href="scriptorium.shenoute.those.GF268-270.mark.xml#sSpan1801" target="scriptorium.shenoute.those.GF268-270.mark.xml#sSpan1842"/>
		<rel id="sPointingRel1077" xlink:href="scriptorium.shenoute.those.GF268-270.mark.xml#sSpan1669" target="scriptorium.shenoute.those.GF268-270.mark.xml#sSpan1671"/>
		<rel id="sPointingRel1079" xlink:href="scriptorium.shenoute.those.GF268-270.mark.xml#sSpan1885" target="scriptorium.shenoute.those.GF268-270.mark.xml#sSpan1878"/>
		<rel id="sPointingRel1081" xlink:href="scriptorium.shenoute.those.GF268-270.mark.xml#sSpan531" target="scriptorium.shenoute.those.GF268-270.mark.xml#sSpan506"/>
		<rel id="sPointingRel1083" xlink:href="scriptorium.shenoute.those.GF268-270.mark.xml#sSpan1740" target="scriptorium.shenoute.those.GF268-270.mark.xml#sSpan1733"/>
		<rel id="sPointingRel1085" xlink:href="scriptorium.shenoute.those.GF268-270.mark.xml#sSpan1138" target="scriptorium.shenoute.those.GF268-270.mark.xml#sSpan1162"/>
		<rel id="sPointingRel1087" xlink:href="scriptorium.shenoute.those.GF268-270.mark.xml#sSpan1138" target="scriptorium.shenoute.those.GF268-270.mark.xml#sSpan1150"/>
		<rel id="sPointingRel1089" xlink:href="scriptorium.shenoute.those.GF268-270.mark.xml#sSpan2137" target="scriptorium.shenoute.those.GF268-270.mark.xml#sSpan2139"/>
		<rel id="sPointingRel1091" xlink:href="scriptorium.shenoute.those.GF268-270.mark.xml#sSpan685" target="scriptorium.shenoute.those.GF268-270.mark.xml#sSpan704"/>
		<rel id="sPointingRel1093" xlink:href="scriptorium.shenoute.those.GF268-270.mark.xml#sSpan937" target="scriptorium.shenoute.those.GF268-270.mark.xml#sSpan939"/></relList></paula>