<?xml version='1.0' encoding='UTF-8'?><!DOCTYPE paula SYSTEM "paula_feat.dtd">
<paula version="1.1">
	<header paula_id="scriptorium.shenoute.those.GF268-270.mark_entity"/>
	<featList xmlns:xlink="http://www.w3.org/1999/xlink" type="entity" xml:base="scriptorium.shenoute.those.GF268-270.mark.xml">
		<feat xlink:href="#sSpan22" value="abstract"/>
		<feat xlink:href="#sSpan50" value="abstract"/>
		<feat xlink:href="#sSpan62" value="person"/>
		<feat xlink:href="#sSpan100" value="object"/>
		<feat xlink:href="#sSpan125" value="abstract"/>
		<feat xlink:href="#sSpan151" value="abstract"/>
		<feat xlink:href="#sSpan172" value="person"/>
		<feat xlink:href="#sSpan208" value="person"/>
		<feat xlink:href="#sSpan219" value="person"/>
		<feat xlink:href="#sSpan235" value="object"/>
		<feat xlink:href="#sSpan245" value="object"/>
		<feat xlink:href="#sSpan262" value="person"/>
		<feat xlink:href="#sSpan276" value="object"/>
		<feat xlink:href="#sSpan313" value="person"/>
		<feat xlink:href="#sSpan327" value="person"/>
		<feat xlink:href="#sSpan406" value="person"/>
		<feat xlink:href="#sSpan433" value="object"/>
		<feat xlink:href="#sSpan451" value="abstract"/>
		<feat xlink:href="#sSpan469" value="abstract"/>
		<feat xlink:href="#sSpan479" value="person"/>
		<feat xlink:href="#sSpan527" value="person"/>
		<feat xlink:href="#sSpan554" value="abstract"/>
		<feat xlink:href="#sSpan562" value="abstract"/>
		<feat xlink:href="#sSpan588" value="person"/>
		<feat xlink:href="#sSpan613" value="person"/>
		<feat xlink:href="#sSpan624" value="person"/>
		<feat xlink:href="#sSpan663" value="person"/>
		<feat xlink:href="#sSpan689" value="abstract"/>
		<feat xlink:href="#sSpan713" value="abstract"/>
		<feat xlink:href="#sSpan765" value="abstract"/>
		<feat xlink:href="#sSpan779" value="person"/>
		<feat xlink:href="#sSpan794" value="person"/>
		<feat xlink:href="#sSpan802" value="person"/>
		<feat xlink:href="#sSpan824" value="abstract"/>
		<feat xlink:href="#sSpan852" value="time"/>
		<feat xlink:href="#sSpan866" value="abstract"/>
		<feat xlink:href="#sSpan884" value="person"/>
		<feat xlink:href="#sSpan941" value="abstract"/>
		<feat xlink:href="#sSpan949" value="person"/>
		<feat xlink:href="#sSpan962" value="person"/>
		<feat xlink:href="#sSpan984" value="abstract"/>
		<feat xlink:href="#sSpan1009" value="person"/>
		<feat xlink:href="#sSpan1026" value="person"/>
		<feat xlink:href="#sSpan1062" value="person"/>
		<feat xlink:href="#sSpan1077" value="person"/>
		<feat xlink:href="#sSpan1087" value="place"/>
		<feat xlink:href="#sSpan1122" value="abstract"/>
		<feat xlink:href="#sSpan1148" value="person"/>
		<feat xlink:href="#sSpan1178" value="person"/>
		<feat xlink:href="#sSpan1190" value="person"/>
		<feat xlink:href="#sSpan1256" value="person"/>
		<feat xlink:href="#sSpan1269" value="place"/>
		<feat xlink:href="#sSpan1282" value="person"/>
		<feat xlink:href="#sSpan1317" value="abstract"/>
		<feat xlink:href="#sSpan1363" value="place"/>
		<feat xlink:href="#sSpan1404" value="person"/>
		<feat xlink:href="#sSpan1442" value="person"/>
		<feat xlink:href="#sSpan1462" value="animal"/>
		<feat xlink:href="#sSpan1506" value="object"/>
		<feat xlink:href="#sSpan1566" value="object"/>
		<feat xlink:href="#sSpan1593" value="person"/>
		<feat xlink:href="#sSpan1609" value="object"/>
		<feat xlink:href="#sSpan1701" value="object"/>
		<feat xlink:href="#sSpan1711" value="object"/>
		<feat xlink:href="#sSpan1725" value="substance"/>
		<feat xlink:href="#sSpan1762" value="abstract"/>
		<feat xlink:href="#sSpan1772" value="person"/>
		<feat xlink:href="#sSpan1778" value="person"/>
		<feat xlink:href="#sSpan1823" value="person"/>
		<feat xlink:href="#sSpan1856" value="abstract"/>
		<feat xlink:href="#sSpan1894" value="abstract"/>
		<feat xlink:href="#sSpan1927" value="substance"/>
		<feat xlink:href="#sSpan1945" value="time"/>
		<feat xlink:href="#sSpan1996" value="person"/>
		<feat xlink:href="#sSpan2013" value="person"/>
		<feat xlink:href="#sSpan2032" value="object"/>
		<feat xlink:href="#sSpan2055" value="object"/>
		<feat xlink:href="#sSpan2064" value="abstract"/>
		<feat xlink:href="#sSpan2076" value="person"/>
		<feat xlink:href="#sSpan2095" value="person"/>
		<feat xlink:href="#sSpan2118" value="place"/>
		<feat xlink:href="#sSpan2129" value="person"/></featList></paula>