<?xml version='1.0' encoding='UTF-8'?><!DOCTYPE paula SYSTEM "paula_feat.dtd">
<paula version="1.1">
	<header paula_id="scriptorium.shenoute.those.GF268-270.mark_verse_n"/>
	<featList xmlns:xlink="http://www.w3.org/1999/xlink" type="verse_n" xml:base="scriptorium.shenoute.those.GF268-270.mark.xml">
		<feat xlink:href="#sSpan8" value="2"/>
		<feat xlink:href="#sSpan82" value="3"/>
		<feat xlink:href="#sSpan295" value="4"/>
		<feat xlink:href="#sSpan403" value="5"/>
		<feat xlink:href="#sSpan544" value="6"/>
		<feat xlink:href="#sSpan578" value="1"/>
		<feat xlink:href="#sSpan680" value="2"/>
		<feat xlink:href="#sSpan753" value="3"/>
		<feat xlink:href="#sSpan901" value="4"/>
		<feat xlink:href="#sSpan1045" value="5"/>
		<feat xlink:href="#sSpan1127" value="6"/>
		<feat xlink:href="#sSpan1234" value="7"/>
		<feat xlink:href="#sSpan1378" value="8"/>
		<feat xlink:href="#sSpan1529" value="9"/>
		<feat xlink:href="#sSpan1588" value="10"/>
		<feat xlink:href="#sSpan1657" value="1"/>
		<feat xlink:href="#sSpan1754" value="2"/>
		<feat xlink:href="#sSpan1871" value="3"/>
		<feat xlink:href="#sSpan2010" value="4"/>
		<feat xlink:href="#sSpan2133" value="5"/></featList></paula>