<?xml version='1.0' encoding='UTF-8'?><!DOCTYPE paula SYSTEM "paula_feat.dtd">
<paula version="1.1">
	<header paula_id="scriptorium.shenoute.those.GF268-270.mark_morph"/>
	<featList xmlns:xlink="http://www.w3.org/1999/xlink" type="morph" xml:base="scriptorium.shenoute.those.GF268-270.mark.xml">
		<feat xlink:href="#sSpan101" value="ϭⲓⲛ"/>
		<feat xlink:href="#sSpan104" value="ϣⲓⲛⲉ"/>
		<feat xlink:href="#sSpan388" value="ⲁⲧ"/>
		<feat xlink:href="#sSpan391" value="ⲥⲟⲟⲩⲛ"/>
		<feat xlink:href="#sSpan452" value="ⲙⲛⲧ"/>
		<feat xlink:href="#sSpan456" value="ⲁⲥⲉⲃⲏⲥ"/>
		<feat xlink:href="#sSpan762" value="ⲁⲧ"/>
		<feat xlink:href="#sSpan767" value="ⲥⲟⲟⲩⲛ"/>
		<feat xlink:href="#sSpan867" value="ϭⲉⲓⲛ"/>
		<feat xlink:href="#sSpan871" value="ϣⲁϫⲉ"/>
		<feat xlink:href="#sSpan1841" value="ⲣ"/>
		<feat xlink:href="#sSpan1844" value="ϩⲟⲩⲉ"/>
		<feat xlink:href="#sSpan1845" value="ⲙⲁϩ"/>
		<feat xlink:href="#sSpan1853" value="ⲙⲛⲧ"/>
		<feat xlink:href="#sSpan1857" value="ⲁⲧ"/>
		<feat xlink:href="#sSpan1858" value="ⲛⲁϩⲧⲉ"/>
		<feat xlink:href="#sSpan1941" value="ⲙⲛⲧ"/>
		<feat xlink:href="#sSpan1946" value="ⲥⲛⲟⲟⲩⲥ"/>
		<feat xlink:href="#sSpan2018" value="ⲣ"/>
		<feat xlink:href="#sSpan2023" value="ⲁⲧ"/>
		<feat xlink:href="#sSpan2024" value="ⲥⲟⲟⲩⲛ"/></featList></paula>