<?xml version='1.0' encoding='UTF-8'?><!DOCTYPE paula SYSTEM "paula_feat.dtd">
<paula version="1.1">
	<header paula_id="scriptorium.shenoute.those.GF268-270.mark_multiword"/>
	<featList xmlns:xlink="http://www.w3.org/1999/xlink" type="multiword" xml:base="scriptorium.shenoute.those.GF268-270.mark.xml">
		<feat xlink:href="#sSpan32" value="ⲉⲃⲟⲗ ϫⲉ"/>
		<feat xlink:href="#sSpan254" value="ⲉ ⲁ"/>
		<feat xlink:href="#sSpan361" value="ⲉⲃⲟⲗ ⲧⲱⲛ"/>
		<feat xlink:href="#sSpan633" value="ⲉⲧⲃⲉ ⲟⲩ"/>
		<feat xlink:href="#sSpan694" value="ⲉⲃⲟⲗ ϫⲉ"/>
		<feat xlink:href="#sSpan930" value="ⲉ ⲁ"/>
		<feat xlink:href="#sSpan996" value="ⲉ ⲁ"/>
		<feat xlink:href="#sSpan1108" value="ϣⲓⲛⲉ ⲛⲥⲁ"/>
		<feat xlink:href="#sSpan1215" value="ϣⲓⲛⲉ ⲛⲥⲁ"/>
		<feat xlink:href="#sSpan1261" value="ⲙⲟⲟϣⲉ ⲉ"/>
		<feat xlink:href="#sSpan1356" value="ⲙⲟⲟϣⲉ ϩⲓ"/>
		<feat xlink:href="#sSpan1445" value="ϣⲏⲣⲉ ϣⲏⲙ"/>
		<feat xlink:href="#sSpan1732" value="ⲗⲟ ⲉ"/></featList></paula>