<?xml version='1.0' encoding='UTF-8'?><!DOCTYPE paula SYSTEM "paula_feat.dtd">
<paula version="1.1">
	<header paula_id="scriptorium.shenoute.those.GF268-270.mark_orig_group"/>
	<featList xmlns:xlink="http://www.w3.org/1999/xlink" type="orig_group" xml:base="scriptorium.shenoute.those.GF268-270.mark.xml">
		<feat xlink:href="#sSpan5" value="ⲛⲧⲁⲩϫⲉⲡⲁⲓ̈"/>
		<feat xlink:href="#sSpan27" value="ⲅⲁⲣ"/>
		<feat xlink:href="#sSpan31" value="ⲉⲃⲟⲗ"/>
		<feat xlink:href="#sSpan36" value="ϫⲉⲁⲩⲥⲱⲧⲙ"/>
		<feat xlink:href="#sSpan47" value="ϩⲛⲧⲅⲉⲛⲏⲥⲓ̈ⲥ"/>
		<feat xlink:href="#sSpan58" value="ϫⲉⲁⲇⲁⲙ"/>
		<feat xlink:href="#sSpan67" value="ⲉⲕⲧⲱⲛ"/>
		<feat xlink:href="#sSpan75" value="·"/>
		<feat xlink:href="#sSpan79" value="ⲛⲥⲉⲥⲟⲟⲩⲛ"/>
		<feat xlink:href="#sSpan90" value="ⲁⲛ"/>
		<feat xlink:href="#sSpan94" value="ϫⲉⲟⲩⲛⲟⲩϭⲉⲓⲛ̄ϣⲓ̈ⲛⲉ"/>
		<feat xlink:href="#sSpan109" value="ⲛ︤ⲥ︥ϣⲟⲟⲡ"/>
		<feat xlink:href="#sSpan117" value="ⲁⲛ"/>
		<feat xlink:href="#sSpan122" value="ⲉⲧⲃⲉⲛⲉϩⲃⲏⲩⲉ"/>
		<feat xlink:href="#sSpan131" value="ⲉⲧϩⲏⲡ"/>
		<feat xlink:href="#sSpan138" value="·"/>
		<feat xlink:href="#sSpan143" value="ⲁⲗⲗⲁ"/>
		<feat xlink:href="#sSpan147" value="ⲉⲧⲃⲉⲛⲉϩⲃⲏⲩⲉ"/>
		<feat xlink:href="#sSpan157" value="ⲉⲧⲟⲩⲟⲛϩ"/>
		<feat xlink:href="#sSpan164" value="ⲉⲃⲟⲗ"/>
		<feat xlink:href="#sSpan168" value="ⲙⲛⲛⲉⲧⲟⲩⲥⲟⲟⲩⲛ"/>
		<feat xlink:href="#sSpan182" value="ⲙⲙⲟⲟⲩ"/>
		<feat xlink:href="#sSpan189" value="·"/>
		<feat xlink:href="#sSpan194" value="ⲛⲑⲉ"/>
		<feat xlink:href="#sSpan203" value="ⲛⲧⲁⲡⲛⲟⲩⲧⲉ"/>
		<feat xlink:href="#sSpan214" value="ϫⲛⲉⲙⲱⲩⲥⲏⲥ"/>
		<feat xlink:href="#sSpan223" value="ϫⲉⲟⲩ"/>
		<feat xlink:href="#sSpan230" value="ⲡⲉ"/>
		<feat xlink:href="#sSpan234" value="ⲡⲁⲓ̈"/>
		<feat xlink:href="#sSpan239" value="ⲉⲧϩⲛⲧⲉⲕϭⲓϫ"/>
		<feat xlink:href="#sSpan251" value="·"/>
		<feat xlink:href="#sSpan256" value="ⲉⲁⲙⲱⲩⲥⲏⲥ"/>
		<feat xlink:href="#sSpan268" value="ϩⲟⲗⲟⲅⲉⲓ̈"/>
		<feat xlink:href="#sSpan273" value="ϫⲉⲟⲩϭⲉⲣⲱϥ"/>
		<feat xlink:href="#sSpan282" value="ⲡⲉ"/>
		<feat xlink:href="#sSpan287" value="·"/>
		<feat xlink:href="#sSpan292" value="ⲁⲩⲱ"/>
		<feat xlink:href="#sSpan299" value="ⲛⲑⲉ"/>
		<feat xlink:href="#sSpan307" value="ⲛⲧⲁⲓ̈ⲱⲥⲏⲫ"/>
		<feat xlink:href="#sSpan319" value="ⲁⲛⲁⲅⲣⲓ̈ⲛⲉ"/>
		<feat xlink:href="#sSpan324" value="ⲛⲛⲉϥⲥⲛⲏⲩ"/>
		<feat xlink:href="#sSpan333" value="ϫⲉⲛⲧⲉⲧⲛ"/>
		<feat xlink:href="#sSpan340" value="ϩⲛⲟⲩ"/>
		<feat xlink:href="#sSpan346" value="·"/>
		<feat xlink:href="#sSpan350" value="ⲁⲩⲱ"/>
		<feat xlink:href="#sSpan356" value="ⲛⲧⲉⲧ︤ⲛ︥ϩⲉⲛⲉⲃⲟⲗ"/>
		<feat xlink:href="#sSpan366" value="ⲧⲱⲛ"/>
		<feat xlink:href="#sSpan370" value="·"/>
		<feat xlink:href="#sSpan374" value="ⲉⲛⲉϥⲟ"/>
		<feat xlink:href="#sSpan383" value="ⲁⲛ"/>
		<feat xlink:href="#sSpan387" value="ⲛⲁⲧⲥⲟⲟⲩⲛ"/>
		<feat xlink:href="#sSpan395" value="·"/>
		<feat xlink:href="#sSpan400" value="ⲉⲛⲉⲛⲧⲁⲩⲉⲓ̈ⲙⲉ"/>
		<feat xlink:href="#sSpan419" value="ⲅⲁⲣ"/>
		<feat xlink:href="#sSpan424" value="ⲛⲉⲩⲛⲁⲧⲙⲣⲱⲟⲩ"/>
		<feat xlink:href="#sSpan440" value="ⲉⲧ︤ⲙ︥ϫⲱ"/>
		<feat xlink:href="#sSpan448" value="ⲛⲛⲓ̈ⲙⲛ̄ⲧⲁⲥⲉⲃⲏⲥ"/>
		<feat xlink:href="#sSpan461" value="·"/>
		<feat xlink:href="#sSpan465" value="ⲛ̄ϭⲉⲓ̈ⲡⲅⲉⲛⲟⲥ"/>
		<feat xlink:href="#sSpan476" value="ⲛ̄ⲛⲉⲛⲧⲁⲩϫⲟⲟⲥ"/>
		<feat xlink:href="#sSpan494" value="ϩⲱⲟⲩ"/>
		<feat xlink:href="#sSpan500" value="ϫⲓ̈ⲛⲉⲛϣⲟⲣⲡ"/>
		<feat xlink:href="#sSpan509" value="ϫⲉⲛⲁϣ"/>
		<feat xlink:href="#sSpan518" value="ⲛϩⲉ"/>
		<feat xlink:href="#sSpan524" value="ⲁⲡⲛⲟⲩⲧⲉ"/>
		<feat xlink:href="#sSpan534" value="ⲉⲓ̈ⲙⲉ"/>
		<feat xlink:href="#sSpan538" value="·"/>
		<feat xlink:href="#sSpan542" value="ⲁⲩⲱ"/>
		<feat xlink:href="#sSpan548" value="ϫⲉⲟⲩⲛⲥⲟⲟⲩⲛ"/>
		<feat xlink:href="#sSpan558" value="ϩⲙⲡⲉⲧϫⲟⲥⲉ"/>
		<feat xlink:href="#sSpan570" value="·"/>
		<feat xlink:href="#sSpan575" value="ⲥⲉⲥϩⲟⲩⲟⲣⲧ"/>
		<feat xlink:href="#sSpan585" value="ⲛ̄ϭⲉⲓⲛⲉⲧϫⲱ"/>
		<feat xlink:href="#sSpan597" value="ⲙⲙⲟⲥ"/>
		<feat xlink:href="#sSpan603" value="·"/>
		<feat xlink:href="#sSpan608" value="ϫⲉⲉϣϫⲉⲟⲩⲛⲟⲩⲧⲉ"/>
		<feat xlink:href="#sSpan620" value="ⲡⲉ"/>
		<feat xlink:href="#sSpan626" value="ⲓ︤ⲥ︥"/>
		<feat xlink:href="#sSpan630" value="·"/>
		<feat xlink:href="#sSpan635" value="ⲉⲧⲃⲉⲟⲩ"/>
		<feat xlink:href="#sSpan642" value="ⲙⲡⲉϥⲉⲓ̈ⲙⲉ"/>
		<feat xlink:href="#sSpan651" value="ϫⲉⲛⲧⲁⲩⲕⲁⲗⲁⲍⲁⲣⲟⲥ"/>
		<feat xlink:href="#sSpan668" value="ⲧⲱⲛ"/>
		<feat xlink:href="#sSpan672" value="·"/>
		<feat xlink:href="#sSpan677" value="ⲛⲧⲁⲩϫⲉⲡⲁⲓ̈"/>
		<feat xlink:href="#sSpan693" value="ⲉⲃⲟⲗ"/>
		<feat xlink:href="#sSpan698" value="ϫⲉⲁⲩⲥⲱⲧⲙ"/>
		<feat xlink:href="#sSpan710" value="ϩⲙⲡⲉⲩⲁⲅⲅⲉⲗⲓ̈ⲟⲛ"/>
		<feat xlink:href="#sSpan721" value="ϫⲉⲛⲧⲁⲩⲧⲉⲧⲛⲕⲁⲁϥ"/>
		<feat xlink:href="#sSpan742" value="ⲧⲱⲛ"/>
		<feat xlink:href="#sSpan747" value="·"/>
		<feat xlink:href="#sSpan751" value="ⲉⲩⲟ"/>
		<feat xlink:href="#sSpan761" value="ⲛⲁⲧⲥⲟⲟⲩⲛ"/>
		<feat xlink:href="#sSpan771" value="ϫⲉⲛⲧⲁⲡϫⲟⲉⲓ̈ⲥ"/>
		<feat xlink:href="#sSpan785" value="ϣⲓⲛⲉ"/>
		<feat xlink:href="#sSpan791" value="ϩⲱⲥⲣⲱⲙⲉ"/>
		<feat xlink:href="#sSpan798" value="ⲉⲡⲛⲟⲩⲧⲉ"/>
		<feat xlink:href="#sSpan808" value="ⲡⲉ"/>
		<feat xlink:href="#sSpan812" value="·"/>
		<feat xlink:href="#sSpan816" value="ⲁⲩⲱ"/>
		<feat xlink:href="#sSpan821" value="ϫⲉⲡⲉⲥⲭⲏⲙⲁ"/>
		<feat xlink:href="#sSpan832" value="ⲛⲧⲉⲓ̈ⲙⲉⲓ̈ⲛⲉ"/>
		<feat xlink:href="#sSpan840" value="ϣⲁϥϣⲱⲡⲉ"/>
		<feat xlink:href="#sSpan849" value="ⲛϩⲁϩ"/>
		<feat xlink:href="#sSpan857" value="ⲛⲥⲟⲡ"/>
		<feat xlink:href="#sSpan863" value="ϩⲉⲛϩⲉⲛϭⲉⲓ̈ⲛϣⲁϫⲉ"/>
		<feat xlink:href="#sSpan875" value="·"/>
		<feat xlink:href="#sSpan880" value="ⲙⲁⲗⲓ̈ⲥⲧⲁ"/>
		<feat xlink:href="#sSpan886" value="ⲛⲣⲱⲙⲉ"/>
		<feat xlink:href="#sSpan892" value="·"/>
		<feat xlink:href="#sSpan898" value="ⲕⲁⲧⲁⲑⲉ"/>
		<feat xlink:href="#sSpan909" value="ⲛⲧⲁϥϫⲟⲟⲥ"/>
		<feat xlink:href="#sSpan922" value="·"/>
		<feat xlink:href="#sSpan927" value="ⲏ"/>
		<feat xlink:href="#sSpan932" value="ⲉⲁϥⲣ̄ⲡⲁⲓ̈"/>
		<feat xlink:href="#sSpan946" value="ⲛⲧⲟϥ"/>
		<feat xlink:href="#sSpan951" value="ⲡϫⲟⲉⲓ̈ⲥ"/>
		<feat xlink:href="#sSpan959" value="ϩⲱⲥⲣⲱⲙⲉ"/>
		<feat xlink:href="#sSpan966" value="ⲛⲑⲉ"/>
		<feat xlink:href="#sSpan975" value="ⲉⲧⲥⲏϩ"/>
		<feat xlink:href="#sSpan981" value="ϩⲛⲧⲅⲉⲛⲏⲥⲓ̈ⲥ"/>
		<feat xlink:href="#sSpan992" value="·"/>
		<feat xlink:href="#sSpan998" value="ⲉⲁϥϫⲛⲉⲁⲃⲣⲁϩⲁⲙ"/>
		<feat xlink:href="#sSpan1013" value="ϫⲉⲉⲥⲧⲱⲛ"/>
		<feat xlink:href="#sSpan1025" value="ⲥⲁⲣⲣⲁ"/>
		<feat xlink:href="#sSpan1031" value="ⲧⲉⲕⲥϩⲓ̈ⲙⲉ"/>
		<feat xlink:href="#sSpan1037" value="·"/>
		<feat xlink:href="#sSpan1042" value="ⲛⲑⲉ"/>
		<feat xlink:href="#sSpan1053" value="ⲟⲛ"/>
		<feat xlink:href="#sSpan1057" value="ⲛⲧⲁⲡⲁⲅⲅⲉⲗⲟⲥ"/>
		<feat xlink:href="#sSpan1070" value="·"/>
		<feat xlink:href="#sSpan1074" value="ϫⲛⲉⲛⲉϩⲉⲓ̈ⲟⲙⲉ"/>
		<feat xlink:href="#sSpan1084" value="ϩⲛⲡⲧⲁⲫⲟⲥ"/>
		<feat xlink:href="#sSpan1095" value="·"/>
		<feat xlink:href="#sSpan1099" value="ϫⲉⲉⲧⲉⲧⲛϣⲓ̈ⲛⲉ"/>
		<feat xlink:href="#sSpan1112" value="ⲛⲥⲁⲛⲓ̈ⲙ"/>
		<feat xlink:href="#sSpan1118" value="·"/>
		<feat xlink:href="#sSpan1124" value="ⲡⲁⲓ̈"/>
		<feat xlink:href="#sSpan1131" value="ⲟⲛ"/>
		<feat xlink:href="#sSpan1135" value="ⲁϥⲁⲁϥ"/>
		<feat xlink:href="#sSpan1145" value="ⲛϭⲓⲡϫⲟⲉⲓ̈ⲥ"/>
		<feat xlink:href="#sSpan1155" value="·"/>
		<feat xlink:href="#sSpan1159" value="ⲉϥϫⲱ"/>
		<feat xlink:href="#sSpan1167" value="ⲙⲙⲟⲥ"/>
		<feat xlink:href="#sSpan1174" value="ⲙ̄ⲙⲁⲣⲓ̈ϩⲁⲙ"/>
		<feat xlink:href="#sSpan1183" value="·"/>
		<feat xlink:href="#sSpan1187" value="ϫⲉⲧⲉⲥϩⲓ̈ⲙⲉ"/>
		<feat xlink:href="#sSpan1197" value="ⲁϩⲣⲟ"/>
		<feat xlink:href="#sSpan1201" value="ⲧⲉⲣⲓ̈ⲙⲉ"/>
		<feat xlink:href="#sSpan1208" value="·"/>
		<feat xlink:href="#sSpan1212" value="ⲉⲣϣⲓ̈ⲛⲉ"/>
		<feat xlink:href="#sSpan1219" value="ⲛⲥⲁⲛⲓⲙ"/>
		<feat xlink:href="#sSpan1226" value="·"/>
		<feat xlink:href="#sSpan1231" value="ⲛⲑⲉ"/>
		<feat xlink:href="#sSpan1242" value="ⲟⲛ"/>
		<feat xlink:href="#sSpan1246" value="ⲛⲧⲁϥϫⲛⲉⲛⲉⲧⲙⲟⲟϣⲉ"/>
		<feat xlink:href="#sSpan1265" value="ⲉⲁⲙⲙⲁⲟⲩⲥ"/>
		<feat xlink:href="#sSpan1274" value="·"/>
		<feat xlink:href="#sSpan1278" value="ⲉⲧⲃⲉⲛⲉⲛⲧⲁⲩϣⲱⲡⲉ"/>
		<feat xlink:href="#sSpan1296" value="ⲙⲟⲟϥ"/>
		<feat xlink:href="#sSpan1302" value="·"/>
		<feat xlink:href="#sSpan1307" value="ϫⲉⲟⲩ"/>
		<feat xlink:href="#sSpan1314" value="ⲛⲉ"/>
		<feat xlink:href="#sSpan1319" value="ⲛⲉⲓ̈ϣⲁϫⲉ"/>
		<feat xlink:href="#sSpan1326" value="ⲉⲧⲉⲧⲛϫⲱ"/>
		<feat xlink:href="#sSpan1334" value="ⲙⲙⲟⲟⲩ"/>
		<feat xlink:href="#sSpan1341" value="ⲙⲛⲛⲉⲧⲛⲉⲣⲏⲩ"/>
		<feat xlink:href="#sSpan1350" value="ⲉⲧⲉⲧⲛⲙⲟⲟϣⲉ"/>
		<feat xlink:href="#sSpan1360" value="ϩⲉⲓ̈ⲧⲉϩⲓ̈ⲏ"/>
		<feat xlink:href="#sSpan1370" value="·"/>
		<feat xlink:href="#sSpan1375" value="ⲁⲩⲱ"/>
		<feat xlink:href="#sSpan1382" value="ⲛⲑⲉ"/>
		<feat xlink:href="#sSpan1390" value="ⲛⲧⲁϥⲙⲟⲩⲧⲉ"/>
		<feat xlink:href="#sSpan1401" value="ⲉⲛⲁⲡⲟⲥⲧⲟⲗⲟⲥ"/>
		<feat xlink:href="#sSpan1412" value="ⲁϥϫⲛⲟⲩⲟⲩ"/>
		<feat xlink:href="#sSpan1423" value="ⲉϥϫⲱ"/>
		<feat xlink:href="#sSpan1431" value="ⲙⲙⲟⲥ"/>
		<feat xlink:href="#sSpan1438" value="ϫⲉⲛⲉⲓϣⲏⲣⲉ"/>
		<feat xlink:href="#sSpan1449" value="ϣⲏⲙ"/>
		<feat xlink:href="#sSpan1454" value="ⲙⲏ"/>
		<feat xlink:href="#sSpan1459" value="ⲟⲩⲛⲗⲁⲁⲩ"/>
		<feat xlink:href="#sSpan1466" value="ⲛⲧⲃⲧ"/>
		<feat xlink:href="#sSpan1476" value="ⲛⲧⲉⲧⲏⲩⲧⲛ"/>
		<feat xlink:href="#sSpan1483" value="·"/>
		<feat xlink:href="#sSpan1487" value="ⲉϥⲥⲟⲟⲩⲛ"/>
		<feat xlink:href="#sSpan1496" value="ϫⲉⲙⲡⲟⲩϭⲉⲡⲗⲁⲁⲩ"/>
		<feat xlink:href="#sSpan1510" value="ⲛⲧⲉⲩϣⲏ"/>
		<feat xlink:href="#sSpan1518" value="ⲉⲧⲙⲙⲁⲩ"/>
		<feat xlink:href="#sSpan1526" value="ⲛⲑⲉ"/>
		<feat xlink:href="#sSpan1537" value="ⲟⲛ"/>
		<feat xlink:href="#sSpan1541" value="ⲛⲧⲁϥϫⲛⲟⲩⲟⲩ"/>
		<feat xlink:href="#sSpan1554" value="·"/>
		<feat xlink:href="#sSpan1558" value="ϫⲉⲟⲩⲏⲣ"/>
		<feat xlink:href="#sSpan1564" value="ⲛⲟⲉⲓ̈ⲕ"/>
		<feat xlink:href="#sSpan1572" value="ⲛⲧⲉⲧⲏⲩⲧⲛ"/>
		<feat xlink:href="#sSpan1579" value="·"/>
		<feat xlink:href="#sSpan1585" value="ⲁⲣⲁ"/>
		<feat xlink:href="#sSpan1592" value="ⲡⲉⲛⲧⲁϥⲥⲙⲟⲩ"/>
		<feat xlink:href="#sSpan1605" value="ⲉⲛⲟⲉⲓ̈ⲕ"/>
		<feat xlink:href="#sSpan1615" value="ⲁϥⲧⲁϣⲟⲟⲩ"/>
		<feat xlink:href="#sSpan1626" value="ⲛⲉϥⲥⲟⲟⲩⲛ"/>
		<feat xlink:href="#sSpan1634" value="ⲁⲛ"/>
		<feat xlink:href="#sSpan1639" value="ϫⲉⲟⲩⲏⲣ"/>
		<feat xlink:href="#sSpan1645" value="ⲛⲉ"/>
		<feat xlink:href="#sSpan1649" value="·"/>
		<feat xlink:href="#sSpan1654" value="ⲁⲣⲏⲩ"/>
		<feat xlink:href="#sSpan1662" value="ⲟⲛ"/>
		<feat xlink:href="#sSpan1666" value="ⲛⲉϥⲥⲟⲟⲩⲛ"/>
		<feat xlink:href="#sSpan1674" value="ⲁⲛ"/>
		<feat xlink:href="#sSpan1679" value="ϫⲉⲛⲓ̈ⲙ"/>
		<feat xlink:href="#sSpan1685" value="ⲡⲉⲛⲧⲁϥϫⲱϩ"/>
		<feat xlink:href="#sSpan1698" value="ⲉⲡⲧⲟⲡ"/>
		<feat xlink:href="#sSpan1707" value="ⲛⲛⲉϥϩⲟⲓⲧⲉ"/>
		<feat xlink:href="#sSpan1717" value="·"/>
		<feat xlink:href="#sSpan1721" value="ⲁⲡⲉⲥⲥⲛⲟϥ"/>
		<feat xlink:href="#sSpan1731" value="ⲗⲟ"/>
		<feat xlink:href="#sSpan1736" value="ⲉϥϣⲟⲩⲟ"/>
		<feat xlink:href="#sSpan1745" value="·"/>
		<feat xlink:href="#sSpan1751" value="ϩⲟⲙⲟⲓ̈ⲱⲥ"/>
		<feat xlink:href="#sSpan1758" value="ⲉⲣϣⲁⲛⲧⲕⲁⲕⲓ̈ⲁ"/>
		<feat xlink:href="#sSpan1769" value="ⲙⲡⲉⲕⲉⲓ̈ⲱⲧ"/>
		<feat xlink:href="#sSpan1780" value="ⲡⲥⲁⲇⲁⲛⲁⲥ"/>
		<feat xlink:href="#sSpan1788" value="ⲡⲱϩ"/>
		<feat xlink:href="#sSpan1793" value="ⲏ"/>
		<feat xlink:href="#sSpan1797" value="ⲛⲉⲥⲡⲱϭ"/>
		<feat xlink:href="#sSpan1807" value="ⲉⲛϩⲏⲧⲕ"/>
		<feat xlink:href="#sSpan1813" value="·"/>
		<feat xlink:href="#sSpan1818" value="ⲱ"/>
		<feat xlink:href="#sSpan1825" value="ⲡϩⲉⲗⲗⲏⲛ"/>
		<feat xlink:href="#sSpan1833" value="·"/>
		<feat xlink:href="#sSpan1837" value="ⲛⲥⲣϩⲟⲩⲉⲙⲁϩⲕ"/>
		<feat xlink:href="#sSpan1852" value="ⲙⲙⲛⲧⲁⲧⲛⲁϩⲧⲉ"/>
		<feat xlink:href="#sSpan1863" value="·"/>
		<feat xlink:href="#sSpan1868" value="ϯⲛⲁϫⲟⲟⲥ"/>
		<feat xlink:href="#sSpan1881" value="ⲉⲓ̈ϩⲟⲙⲟⲗⲟⲅⲉⲓ̈"/>
		<feat xlink:href="#sSpan1891" value="ⲛⲧⲙⲉ"/>
		<feat xlink:href="#sSpan1900" value="·"/>
		<feat xlink:href="#sSpan1904" value="ϫⲉⲟⲩⲙⲟⲛⲟⲛ"/>
		<feat xlink:href="#sSpan1915" value="ϥⲥⲟⲟⲩⲛ"/>
		<feat xlink:href="#sSpan1922" value="ϫⲉⲉⲓ̈ⲥⲡⲉⲥⲛⲟϥ"/>
		<feat xlink:href="#sSpan1934" value="ϩⲁⲣⲟⲥ"/>
		<feat xlink:href="#sSpan1940" value="ⲙⲙⲛⲧⲥⲛⲟⲟⲩⲥ"/>
		<feat xlink:href="#sSpan1950" value="ⲛⲣⲟⲙⲡⲉ"/>
		<feat xlink:href="#sSpan1957" value="·"/>
		<feat xlink:href="#sSpan1962" value="ⲁⲗⲗⲁ"/>
		<feat xlink:href="#sSpan1966" value="ϥⲥⲟⲟⲩⲛ"/>
		<feat xlink:href="#sSpan1973" value="ⲙⲙⲟⲥ"/>
		<feat xlink:href="#sSpan1979" value="ϫⲓ̈ⲛⲉⲥⲛϩⲏⲧⲥ"/>
		<feat xlink:href="#sSpan1992" value="ⲛⲧⲉⲥⲙⲁⲁⲩ"/>
		<feat xlink:href="#sSpan2002" value="·"/>
		<feat xlink:href="#sSpan2008" value="ⲉⲣϣⲁⲛⲟⲩⲕⲉⲣⲁⲙⲉⲩⲥ"/>
		<feat xlink:href="#sSpan2022" value="ⲣⲁⲧⲥⲟⲟⲩⲛ"/>
		<feat xlink:href="#sSpan2028" value="ⲙⲡⲉϩⲛⲁⲁⲩ"/>
		<feat xlink:href="#sSpan2038" value="ⲛⲧⲁϥⲧⲁⲙⲉⲓ̈ⲟϥ"/>
		<feat xlink:href="#sSpan2051" value="ϩⲛⲛⲉϥϭⲓϫ"/>
		<feat xlink:href="#sSpan2061" value="ϩⲙⲡⲉϥⲱⲛϩ"/>
		<feat xlink:href="#sSpan2071" value="·"/>
		<feat xlink:href="#sSpan2078" value="ⲓ︤ⲥ︥"/>
		<feat xlink:href="#sSpan2083" value="ⲛⲧⲟϥ"/>
		<feat xlink:href="#sSpan2087" value="ⲥⲟⲟⲩⲛ"/>
		<feat xlink:href="#sSpan2092" value="ⲉⲛⲉⲛⲧⲁϥⲡⲗⲁⲥⲥⲁ"/>
		<feat xlink:href="#sSpan2109" value="ⲙⲙⲟⲟⲩ"/>
		<feat xlink:href="#sSpan2115" value="ϩⲛⲑⲏ"/>
		<feat xlink:href="#sSpan2125" value="·"/>
		<feat xlink:href="#sSpan2131" value="ⲛⲉⲧⲥⲟⲟⲩⲛ"/>
		<feat xlink:href="#sSpan2142" value="ϫⲉⲛⲉϥ"/></featList></paula>