<?xml version='1.0' encoding='UTF-8'?><!DOCTYPE paula SYSTEM "paula_feat.dtd">
<paula version="1.1">
	<header paula_id="scriptorium.shenoute.those.GF268-270.mark_lang"/>
	<featList xmlns:xlink="http://www.w3.org/1999/xlink" type="lang" xml:base="scriptorium.shenoute.those.GF268-270.mark.xml">
		<feat xlink:href="#sSpan23" value="Greek"/>
		<feat xlink:href="#sSpan52" value="Greek"/>
		<feat xlink:href="#sSpan59" value="Hebrew"/>
		<feat xlink:href="#sSpan139" value="Greek"/>
		<feat xlink:href="#sSpan216" value="Hebrew"/>
		<feat xlink:href="#sSpan259" value="Hebrew"/>
		<feat xlink:href="#sSpan264" value="Greek"/>
		<feat xlink:href="#sSpan310" value="Hebrew"/>
		<feat xlink:href="#sSpan315" value="Greek"/>
		<feat xlink:href="#sSpan415" value="Greek"/>
		<feat xlink:href="#sSpan457" value="Greek"/>
		<feat xlink:href="#sSpan470" value="Greek"/>
		<feat xlink:href="#sSpan621" value="Hebrew"/>
		<feat xlink:href="#sSpan660" value="Greek"/>
		<feat xlink:href="#sSpan714" value="Greek"/>
		<feat xlink:href="#sSpan787" value="Greek"/>
		<feat xlink:href="#sSpan825" value="Greek"/>
		<feat xlink:href="#sSpan876" value="Greek"/>
		<feat xlink:href="#sSpan894" value="Greek"/>
		<feat xlink:href="#sSpan923" value="Greek"/>
		<feat xlink:href="#sSpan955" value="Greek"/>
		<feat xlink:href="#sSpan986" value="Greek"/>
		<feat xlink:href="#sSpan1006" value="Hebrew"/>
		<feat xlink:href="#sSpan1021" value="Hebrew"/>
		<feat xlink:href="#sSpan1063" value="Greek"/>
		<feat xlink:href="#sSpan1088" value="Greek"/>
		<feat xlink:href="#sSpan1175" value="Hebrew"/>
		<feat xlink:href="#sSpan1266" value="Hebrew"/>
		<feat xlink:href="#sSpan1405" value="Greek"/>
		<feat xlink:href="#sSpan1450" value="Greek"/>
		<feat xlink:href="#sSpan1581" value="Greek"/>
		<feat xlink:href="#sSpan1747" value="Greek"/>
		<feat xlink:href="#sSpan1763" value="Greek"/>
		<feat xlink:href="#sSpan1781" value="Hebrew"/>
		<feat xlink:href="#sSpan1789" value="Greek"/>
		<feat xlink:href="#sSpan1814" value="Greek"/>
		<feat xlink:href="#sSpan1827" value="Greek"/>
		<feat xlink:href="#sSpan1884" value="Greek"/>
		<feat xlink:href="#sSpan1905" value="Greek"/>
		<feat xlink:href="#sSpan1909" value="Greek"/>
		<feat xlink:href="#sSpan1958" value="Greek"/>
		<feat xlink:href="#sSpan2014" value="Greek"/>
		<feat xlink:href="#sSpan2073" value="Hebrew"/>
		<feat xlink:href="#sSpan2102" value="Greek"/></featList></paula>