<?xml version='1.0' encoding='UTF-8'?><!DOCTYPE paula SYSTEM "paula_feat.dtd">
<paula version="1.1">
	<header paula_id="scriptorium.shenoute.those.GF268-270.mark_text"/>
	<featList xmlns:xlink="http://www.w3.org/1999/xlink" type="text" xml:base="scriptorium.shenoute.those.GF268-270.mark.xml">
		<feat xlink:href="#sSpan22" value="ⲡⲁⲓ"/>
		<feat xlink:href="#sSpan50" value="ⲧ ⲅⲉⲛⲉⲥⲓⲥ"/>
		<feat xlink:href="#sSpan62" value="ⲁⲇⲁⲙ"/>
		<feat xlink:href="#sSpan100" value="ⲟⲩ ϭⲓⲛϣⲓⲛⲉ"/>
		<feat xlink:href="#sSpan125" value="ⲛⲉ ϩⲃⲏⲩⲉ ⲉⲧ ϩⲏⲡ"/>
		<feat xlink:href="#sSpan151" value="ⲛⲉ ϩⲃⲏⲩⲉ ⲉⲧ ⲟⲩⲟⲛϩ ⲉⲃⲟⲗ ⲙⲛ ⲛ ⲉⲧ ⲟⲩ ⲥⲟⲟⲩⲛ ⲙⲙⲟ ⲟⲩ"/>
		<feat xlink:href="#sSpan172" value="ⲛ ⲉⲧ ⲟⲩ ⲥⲟⲟⲩⲛ ⲙⲙⲟ ⲟⲩ"/>
		<feat xlink:href="#sSpan208" value="ⲡ ⲛⲟⲩⲧⲉ"/>
		<feat xlink:href="#sSpan219" value="ⲙⲱⲩⲥⲏⲥ"/>
		<feat xlink:href="#sSpan235" value="ⲡⲁⲓ ⲉⲧ ϩⲛ ⲧⲉⲕ ϭⲓϫ"/>
		<feat xlink:href="#sSpan245" value="ⲧⲉⲕ ϭⲓϫ"/>
		<feat xlink:href="#sSpan262" value="ⲙⲱⲩⲥⲏⲥ"/>
		<feat xlink:href="#sSpan276" value="ⲟⲩ ϭⲉⲣⲱⲃ"/>
		<feat xlink:href="#sSpan313" value="ⲓⲱⲥⲏⲫ"/>
		<feat xlink:href="#sSpan327" value="ⲛⲉϥ ⲥⲛⲏⲩ"/>
		<feat xlink:href="#sSpan406" value="ⲛ ⲉⲛⲧ ⲁ ⲩ ⲉⲓⲙⲉ"/>
		<feat xlink:href="#sSpan433" value="ⲣⲱ ⲟⲩ"/>
		<feat xlink:href="#sSpan451" value="ⲛⲓ ⲙⲛⲧⲁⲥⲉⲃⲏⲥ"/>
		<feat xlink:href="#sSpan469" value="ⲡ ⲅⲉⲛⲟⲥ ⲛ ⲛ ⲉⲛⲧ ⲁ ⲩ ϫⲟⲟ ⲥ ϩⲱ ⲟⲩ ϫⲓⲛ ⲛ ϣⲟⲣⲡ"/>
		<feat xlink:href="#sSpan479" value="ⲛ ⲉⲛⲧ ⲁ ⲩ ϫⲟⲟ ⲥ ϩⲱ ⲟⲩ ϫⲓⲛ ⲛ ϣⲟⲣⲡ"/>
		<feat xlink:href="#sSpan527" value="ⲡ ⲛⲟⲩⲧⲉ"/>
		<feat xlink:href="#sSpan554" value="ⲥⲟⲟⲩⲛ ϩⲙ ⲡ ⲉⲧ ϫⲟⲥⲉ"/>
		<feat xlink:href="#sSpan562" value="ⲡ ⲉⲧ ϫⲟⲥⲉ"/>
		<feat xlink:href="#sSpan588" value="ⲛ ⲉⲧ ϫⲱ ⲙⲙⲟ ⲥ"/>
		<feat xlink:href="#sSpan613" value="ⲟⲩ ⲛⲟⲩⲧⲉ"/>
		<feat xlink:href="#sSpan624" value="ⲓⲏⲥⲟⲩⲥ"/>
		<feat xlink:href="#sSpan663" value="ⲗⲁⲍⲁⲣⲟⲥ"/>
		<feat xlink:href="#sSpan689" value="ⲡⲁⲓ"/>
		<feat xlink:href="#sSpan713" value="ⲡ ⲉⲩⲁⲅⲅⲉⲗⲓⲟⲛ"/>
		<feat xlink:href="#sSpan765" value="ⲁⲧⲥⲟⲟⲩⲛ"/>
		<feat xlink:href="#sSpan779" value="ⲡ ϫⲟⲉⲓⲥ"/>
		<feat xlink:href="#sSpan794" value="ⲣⲱⲙⲉ ⲉ ⲡ ⲛⲟⲩⲧⲉ ⲡⲉ"/>
		<feat xlink:href="#sSpan802" value="ⲡ ⲛⲟⲩⲧⲉ"/>
		<feat xlink:href="#sSpan824" value="ⲡⲉ ⲥⲭⲏⲙⲁ ⲛ ⲧⲉⲓ ⲙⲓⲛⲉ"/>
		<feat xlink:href="#sSpan852" value="ϩⲁϩ ⲛ ⲥⲟⲡ"/>
		<feat xlink:href="#sSpan866" value="ϩⲉⲛ ϭⲓⲛϣⲁϫⲉ"/>
		<feat xlink:href="#sSpan884" value="ⲛ ⲣⲱⲙⲉ"/>
		<feat xlink:href="#sSpan941" value="ⲡⲁⲓ"/>
		<feat xlink:href="#sSpan949" value="ⲡ ϫⲟⲉⲓⲥ"/>
		<feat xlink:href="#sSpan962" value="ⲣⲱⲙⲉ"/>
		<feat xlink:href="#sSpan984" value="ⲧ ⲅⲉⲛⲉⲥⲓⲥ"/>
		<feat xlink:href="#sSpan1009" value="ⲁⲃⲣⲁϩⲁⲙ"/>
		<feat xlink:href="#sSpan1026" value="ⲥⲁⲣⲣⲁ ⲧⲉⲕ ⲥϩⲓⲙⲉ"/>
		<feat xlink:href="#sSpan1062" value="ⲡ ⲁⲅⲅⲉⲗⲟⲥ"/>
		<feat xlink:href="#sSpan1077" value="ⲛⲉ ϩⲓⲟⲙⲉ"/>
		<feat xlink:href="#sSpan1087" value="ⲡ ⲧⲁⲫⲟⲥ"/>
		<feat xlink:href="#sSpan1122" value="ⲡⲁⲓ"/>
		<feat xlink:href="#sSpan1148" value="ⲡ ϫⲟⲉⲓⲥ"/>
		<feat xlink:href="#sSpan1178" value="ⲙⲁⲣⲓⲁ"/>
		<feat xlink:href="#sSpan1190" value="ⲧⲉ ⲥϩⲓⲙⲉ"/>
		<feat xlink:href="#sSpan1256" value="ⲛ ⲉⲧ ⲙⲟⲟϣⲉ ⲉ ⲉⲙⲙⲁⲟⲩⲥ"/>
		<feat xlink:href="#sSpan1269" value="ⲉⲙⲙⲁⲟⲩⲥ"/>
		<feat xlink:href="#sSpan1282" value="ⲛ ⲉⲛⲧ ⲁ ⲩ ϣⲱⲡⲉ ⲙⲙⲟ ϥ"/>
		<feat xlink:href="#sSpan1317" value="ⲛⲉⲓ ϣⲁϫⲉ"/>
		<feat xlink:href="#sSpan1363" value="ⲧⲉ ϩⲓⲏ"/>
		<feat xlink:href="#sSpan1404" value="ⲛ ⲁⲡⲟⲥⲧⲟⲗⲟⲥ"/>
		<feat xlink:href="#sSpan1442" value="ⲛⲉⲓ ϣⲏⲣⲉ ϣⲏⲙ"/>
		<feat xlink:href="#sSpan1462" value="ⲗⲁⲁⲩ ⲛ ⲧⲃⲧ"/>
		<feat xlink:href="#sSpan1506" value="ⲗⲁⲁⲩ ⲛ ⲧⲉⲩ ϣⲛⲉ ⲉⲧ ⲙⲙⲁⲩ"/>
		<feat xlink:href="#sSpan1566" value="ⲛ ⲟⲉⲓⲕ ⲛⲧⲉ ⲧⲏⲩⲧⲛ"/>
		<feat xlink:href="#sSpan1593" value="ⲡ ⲉⲛⲧ ⲁ ϥ ⲥⲙⲟⲩ ⲉ ⲛ ⲟⲉⲓⲕ"/>
		<feat xlink:href="#sSpan1609" value="ⲛ ⲟⲉⲓⲕ"/>
		<feat xlink:href="#sSpan1701" value="ⲡ ⲧⲟⲡ ⲛ ⲛⲉϥ ϩⲟⲉⲓⲧⲉ"/>
		<feat xlink:href="#sSpan1711" value="ⲛⲉϥ ϩⲟⲉⲓⲧⲉ"/>
		<feat xlink:href="#sSpan1725" value="ⲡⲉⲥ ⲥⲛⲟϥ"/>
		<feat xlink:href="#sSpan1762" value="ⲧ ⲕⲁⲕⲓⲁ ⲙ ⲡⲉⲕ ⲉⲓⲱⲧ"/>
		<feat xlink:href="#sSpan1772" value="ⲡⲉⲕ ⲉⲓⲱⲧ"/>
		<feat xlink:href="#sSpan1778" value="ⲡ ⲥⲁⲧⲁⲛⲁⲥ"/>
		<feat xlink:href="#sSpan1823" value="ⲡ ϩⲉⲗⲗⲏⲛ"/>
		<feat xlink:href="#sSpan1856" value="ⲙⲛⲧⲁⲧⲛⲁϩⲧⲉ"/>
		<feat xlink:href="#sSpan1894" value="ⲧ ⲙⲉ"/>
		<feat xlink:href="#sSpan1927" value="ⲡⲉ ⲥⲛⲟϥ"/>
		<feat xlink:href="#sSpan1945" value="ⲙⲛⲧⲥⲛⲟⲟⲩⲥ ⲛ ⲣⲟⲙⲡⲉ"/>
		<feat xlink:href="#sSpan1996" value="ⲧⲉⲥ ⲙⲁⲁⲩ"/>
		<feat xlink:href="#sSpan2013" value="ⲟⲩ ⲕⲉⲣⲁⲙⲉⲩⲥ"/>
		<feat xlink:href="#sSpan2032" value="ⲡⲉ ϩⲛⲁⲁⲩ ⲛⲧ ⲁ ϥ ⲧⲁⲙⲉⲓⲟ ϥ ϩⲛ ⲛⲉϥ ϭⲓϫ ϩⲙ ⲡⲉϥ ⲱⲛϩ"/>
		<feat xlink:href="#sSpan2055" value="ⲛⲉϥ ϭⲓϫ"/>
		<feat xlink:href="#sSpan2064" value="ⲡⲉϥ ⲱⲛϩ"/>
		<feat xlink:href="#sSpan2076" value="ⲓⲏⲥⲟⲩⲥ"/>
		<feat xlink:href="#sSpan2095" value="ⲛ ⲉⲛⲧ ⲁ ϥ ⲡⲗⲁⲥⲥⲁ ⲙⲙⲟ ⲟⲩ ϩⲛ ⲧ ϩⲏ"/>
		<feat xlink:href="#sSpan2118" value="ⲧ ϩⲏ"/>
		<feat xlink:href="#sSpan2129" value="ⲛ ⲉⲧ ⲥⲟⲟⲩⲛ"/></featList></paula>