<?xml version='1.0' encoding='UTF-8'?><!DOCTYPE paula SYSTEM "paula_feat.dtd">
<paula version="1.1">
	<header paula_id="scriptorium.shenoute.those.GF268-270.mark_new_sent"/>
	<featList xmlns:xlink="http://www.w3.org/1999/xlink" type="new_sent" xml:base="scriptorium.shenoute.those.GF268-270.mark.xml">
		<feat xlink:href="#sSpan2" value="true"/>
		<feat xlink:href="#sSpan76" value="true"/>
		<feat xlink:href="#sSpan289" value="true"/>
		<feat xlink:href="#sSpan397" value="true"/>
		<feat xlink:href="#sSpan539" value="true"/>
		<feat xlink:href="#sSpan572" value="true"/>
		<feat xlink:href="#sSpan674" value="true"/>
		<feat xlink:href="#sSpan748" value="true"/>
		<feat xlink:href="#sSpan895" value="true"/>
		<feat xlink:href="#sSpan1039" value="true"/>
		<feat xlink:href="#sSpan1120" value="true"/>
		<feat xlink:href="#sSpan1228" value="true"/>
		<feat xlink:href="#sSpan1372" value="true"/>
		<feat xlink:href="#sSpan1523" value="true"/>
		<feat xlink:href="#sSpan1582" value="true"/>
		<feat xlink:href="#sSpan1651" value="true"/>
		<feat xlink:href="#sSpan1748" value="true"/>
		<feat xlink:href="#sSpan1865" value="true"/>
		<feat xlink:href="#sSpan2004" value="true"/>
		<feat xlink:href="#sSpan2127" value="true"/></featList></paula>