<?xml version='1.0' encoding='UTF-8'?><!DOCTYPE paula SYSTEM "paula_feat.dtd">
<paula version="1.1">
	<header paula_id="scriptorium.shenoute.those.GF268-270.mark_identity"/>
	<featList xmlns:xlink="http://www.w3.org/1999/xlink" type="identity" xml:base="scriptorium.shenoute.those.GF268-270.mark.xml">
		<feat xlink:href="#sSpan50" value="Book of Genesis"/>
		<feat xlink:href="#sSpan62" value="Adam"/>
		<feat xlink:href="#sSpan219" value="Moses"/>
		<feat xlink:href="#sSpan262" value="Moses"/>
		<feat xlink:href="#sSpan313" value="Joseph (Genesis)"/>
		<feat xlink:href="#sSpan624" value="Jesus"/>
		<feat xlink:href="#sSpan663" value="Lazarus of Bethany"/>
		<feat xlink:href="#sSpan984" value="Book of Genesis"/>
		<feat xlink:href="#sSpan1009" value="Abraham"/>
		<feat xlink:href="#sSpan1026" value="Sarah"/>
		<feat xlink:href="#sSpan1178" value="Mary, mother of Jesus"/>
		<feat xlink:href="#sSpan1269" value="Emmaus"/>
		<feat xlink:href="#sSpan1778" value="Satan"/>
		<feat xlink:href="#sSpan2076" value="Jesus"/></featList></paula>