<?xml version='1.0' encoding='UTF-8'?><!DOCTYPE paula SYSTEM "paula_feat.dtd">
<paula version="1.1">
	<header paula_id="scriptorium.shenoute.those.GF268-270.mark_lemma"/>
	<featList xmlns:xlink="http://www.w3.org/1999/xlink" type="lemma" xml:base="scriptorium.shenoute.those.GF268-270.mark.xml">
		<feat xlink:href="#sSpan2" value="ⲉⲣⲉ"/>
		<feat xlink:href="#sSpan14" value="ⲁ"/>
		<feat xlink:href="#sSpan16" value="ⲛⲧⲟⲟⲩ"/>
		<feat xlink:href="#sSpan18" value="ϫⲱ"/>
		<feat xlink:href="#sSpan20" value="ⲡⲁⲓ"/>
		<feat xlink:href="#sSpan24" value="ⲅⲁⲣ"/>
		<feat xlink:href="#sSpan28" value="ⲉⲃⲟⲗ"/>
		<feat xlink:href="#sSpan33" value="ϫⲉ"/>
		<feat xlink:href="#sSpan38" value="ⲁ"/>
		<feat xlink:href="#sSpan40" value="ⲛⲧⲟⲟⲩ"/>
		<feat xlink:href="#sSpan42" value="ⲥⲱⲧⲙ"/>
		<feat xlink:href="#sSpan44" value="ϩⲛ"/>
		<feat xlink:href="#sSpan48" value="ⲡ"/>
		<feat xlink:href="#sSpan53" value="ⲅⲉⲛⲉⲥⲓⲥ"/>
		<feat xlink:href="#sSpan55" value="ϫⲉ"/>
		<feat xlink:href="#sSpan60" value="ⲁⲇⲁⲙ"/>
		<feat xlink:href="#sSpan64" value="ⲉⲣⲉ"/>
		<feat xlink:href="#sSpan68" value="ⲛⲧⲟⲕ"/>
		<feat xlink:href="#sSpan70" value="ⲧⲱⲛ"/>
		<feat xlink:href="#sSpan72" value="·"/>
		<feat xlink:href="#sSpan76" value="ⲛⲧⲉ"/>
		<feat xlink:href="#sSpan83" value="ⲛⲧⲟⲟⲩ"/>
		<feat xlink:href="#sSpan85" value="ⲥⲟⲟⲩⲛ"/>
		<feat xlink:href="#sSpan87" value="ⲁⲛ"/>
		<feat xlink:href="#sSpan91" value="ϫⲉ"/>
		<feat xlink:href="#sSpan95" value="ⲟⲩⲛ"/>
		<feat xlink:href="#sSpan98" value="ⲟⲩ"/>
		<feat xlink:href="#sSpan102" value="ϭⲓⲛϣⲓⲛⲉ"/>
		<feat xlink:href="#sSpan106" value="ⲛ"/>
		<feat xlink:href="#sSpan110" value="ⲛⲧⲟⲥ"/>
		<feat xlink:href="#sSpan112" value="ϣⲱⲡⲉ"/>
		<feat xlink:href="#sSpan114" value="ⲁⲛ"/>
		<feat xlink:href="#sSpan119" value="ⲉⲧⲃⲉ"/>
		<feat xlink:href="#sSpan123" value="ⲡ"/>
		<feat xlink:href="#sSpan126" value="ϩⲱⲃ"/>
		<feat xlink:href="#sSpan128" value="ⲉⲧⲉⲣⲉ"/>
		<feat xlink:href="#sSpan133" value="ϩⲱⲡ"/>
		<feat xlink:href="#sSpan135" value="·"/>
		<feat xlink:href="#sSpan140" value="ⲁⲗⲗⲁ"/>
		<feat xlink:href="#sSpan144" value="ⲉⲧⲃⲉ"/>
		<feat xlink:href="#sSpan149" value="ⲡ"/>
		<feat xlink:href="#sSpan152" value="ϩⲱⲃ"/>
		<feat xlink:href="#sSpan154" value="ⲉⲧⲉⲣⲉ"/>
		<feat xlink:href="#sSpan159" value="ⲟⲩⲱⲛϩ"/>
		<feat xlink:href="#sSpan161" value="ⲉⲃⲟⲗ"/>
		<feat xlink:href="#sSpan165" value="ⲙⲛ"/>
		<feat xlink:href="#sSpan170" value="ⲡ"/>
		<feat xlink:href="#sSpan173" value="ⲉⲧⲉⲣⲉ"/>
		<feat xlink:href="#sSpan175" value="ⲛⲧⲟⲟⲩ"/>
		<feat xlink:href="#sSpan177" value="ⲥⲟⲟⲩⲛ"/>
		<feat xlink:href="#sSpan179" value="ⲛ"/>
		<feat xlink:href="#sSpan184" value="ⲛⲧⲟⲟⲩ"/>
		<feat xlink:href="#sSpan186" value="·"/>
		<feat xlink:href="#sSpan191" value="ⲛ"/>
		<feat xlink:href="#sSpan196" value="ⲡ"/>
		<feat xlink:href="#sSpan198" value="ϩⲉ"/>
		<feat xlink:href="#sSpan200" value="ⲉⲧⲉⲣⲉ"/>
		<feat xlink:href="#sSpan204" value="ⲁ"/>
		<feat xlink:href="#sSpan206" value="ⲡ"/>
		<feat xlink:href="#sSpan209" value="ⲛⲟⲩⲧⲉ"/>
		<feat xlink:href="#sSpan211" value="ϫⲛⲟⲩ"/>
		<feat xlink:href="#sSpan217" value="ⲙⲱⲩⲥⲏⲥ"/>
		<feat xlink:href="#sSpan220" value="ϫⲉ"/>
		<feat xlink:href="#sSpan225" value="ⲟⲩ"/>
		<feat xlink:href="#sSpan227" value="ⲡⲉ"/>
		<feat xlink:href="#sSpan231" value="ⲡⲁⲓ"/>
		<feat xlink:href="#sSpan236" value="ⲉⲧⲉⲣⲉ"/>
		<feat xlink:href="#sSpan240" value="ϩⲛ"/>
		<feat xlink:href="#sSpan243" value="ⲡⲉⲕ"/>
		<feat xlink:href="#sSpan246" value="ϭⲓϫ"/>
		<feat xlink:href="#sSpan248" value="·"/>
		<feat xlink:href="#sSpan252" value="ⲉⲣⲉ"/>
		<feat xlink:href="#sSpan257" value="ⲁ"/>
		<feat xlink:href="#sSpan260" value="ⲙⲱⲩⲥⲏⲥ"/>
		<feat xlink:href="#sSpan265" value="ϩⲟⲗⲟⲅⲉⲓ"/>
		<feat xlink:href="#sSpan270" value="ϫⲉ"/>
		<feat xlink:href="#sSpan274" value="ⲟⲩ"/>
		<feat xlink:href="#sSpan277" value="ϭⲉⲣⲱⲃ"/>
		<feat xlink:href="#sSpan279" value="ⲡⲉ"/>
		<feat xlink:href="#sSpan284" value="·"/>
		<feat xlink:href="#sSpan289" value="ⲁⲩⲱ"/>
		<feat xlink:href="#sSpan296" value="ⲛ"/>
		<feat xlink:href="#sSpan300" value="ⲡ"/>
		<feat xlink:href="#sSpan302" value="ϩⲉ"/>
		<feat xlink:href="#sSpan304" value="ⲉⲧⲉⲣⲉ"/>
		<feat xlink:href="#sSpan308" value="ⲁ"/>
		<feat xlink:href="#sSpan311" value="ⲓⲱⲥⲏⲫ"/>
		<feat xlink:href="#sSpan316" value="ⲁⲛⲁⲕⲣⲓⲛⲉ"/>
		<feat xlink:href="#sSpan321" value="ⲛ"/>
		<feat xlink:href="#sSpan325" value="ⲡⲉϥ"/>
		<feat xlink:href="#sSpan328" value="ⲥⲟⲛ"/>
		<feat xlink:href="#sSpan330" value="ϫⲉ"/>
		<feat xlink:href="#sSpan335" value="ⲛⲧⲱⲧⲛ"/>
		<feat xlink:href="#sSpan337" value="ϩⲛ"/>
		<feat xlink:href="#sSpan341" value="ⲟⲩ"/>
		<feat xlink:href="#sSpan343" value="·"/>
		<feat xlink:href="#sSpan347" value="ⲁⲩⲱ"/>
		<feat xlink:href="#sSpan353" value="ⲛⲧⲱⲧⲛ"/>
		<feat xlink:href="#sSpan357" value="ⲟⲩ"/>
		<feat xlink:href="#sSpan359" value="ⲉⲃⲟⲗ"/>
		<feat xlink:href="#sSpan363" value="ⲧⲱⲛ"/>
		<feat xlink:href="#sSpan367" value="·"/>
		<feat xlink:href="#sSpan371" value="ⲛⲉⲣⲉ"/>
		<feat xlink:href="#sSpan375" value="ⲛⲧⲟϥ"/>
		<feat xlink:href="#sSpan377" value="ⲉⲓⲣⲉ"/>
		<feat xlink:href="#sSpan380" value="ⲁⲛ"/>
		<feat xlink:href="#sSpan384" value="ⲛ"/>
		<feat xlink:href="#sSpan389" value="ⲁⲧⲥⲟⲟⲩⲛ"/>
		<feat xlink:href="#sSpan392" value="·"/>
		<feat xlink:href="#sSpan397" value="ⲉⲣⲉ"/>
		<feat xlink:href="#sSpan404" value="ⲡ"/>
		<feat xlink:href="#sSpan407" value="ⲉⲧⲉⲣⲉ"/>
		<feat xlink:href="#sSpan409" value="ⲁ"/>
		<feat xlink:href="#sSpan411" value="ⲛⲧⲟⲟⲩ"/>
		<feat xlink:href="#sSpan413" value="ⲉⲓⲙⲉ"/>
		<feat xlink:href="#sSpan416" value="ⲅⲁⲣ"/>
		<feat xlink:href="#sSpan420" value="ⲛⲉⲣⲉ"/>
		<feat xlink:href="#sSpan425" value="ⲛⲧⲟⲟⲩ"/>
		<feat xlink:href="#sSpan427" value="ⲛⲁ"/>
		<feat xlink:href="#sSpan429" value="ⲧⲱⲙ"/>
		<feat xlink:href="#sSpan431" value="ⲣⲟ"/>
		<feat xlink:href="#sSpan434" value="ⲛⲧⲟⲟⲩ"/>
		<feat xlink:href="#sSpan437" value="ⲉⲣⲉ"/>
		<feat xlink:href="#sSpan441" value="ⲧⲙ"/>
		<feat xlink:href="#sSpan443" value="ϫⲱ"/>
		<feat xlink:href="#sSpan445" value="ⲛ"/>
		<feat xlink:href="#sSpan449" value="ⲡⲓ"/>
		<feat xlink:href="#sSpan453" value="ⲙⲛⲧⲁⲥⲉⲃⲏⲥ"/>
		<feat xlink:href="#sSpan458" value="·"/>
		<feat xlink:href="#sSpan462" value="ⲛϭⲓ"/>
		<feat xlink:href="#sSpan467" value="ⲡ"/>
		<feat xlink:href="#sSpan471" value="ⲅⲉⲛⲟⲥ"/>
		<feat xlink:href="#sSpan473" value="ⲛ"/>
		<feat xlink:href="#sSpan477" value="ⲡ"/>
		<feat xlink:href="#sSpan480" value="ⲉⲧⲉⲣⲉ"/>
		<feat xlink:href="#sSpan483" value="ⲁ"/>
		<feat xlink:href="#sSpan485" value="ⲛⲧⲟⲟⲩ"/>
		<feat xlink:href="#sSpan487" value="ϫⲱ"/>
		<feat xlink:href="#sSpan489" value="ⲛⲧⲟⲥ"/>
		<feat xlink:href="#sSpan491" value="ϩⲱ"/>
		<feat xlink:href="#sSpan495" value="ⲛⲧⲟⲟⲩ"/>
		<feat xlink:href="#sSpan497" value="ϫⲓⲛ"/>
		<feat xlink:href="#sSpan502" value="ⲡ"/>
		<feat xlink:href="#sSpan504" value="ϣⲟⲣⲡ"/>
		<feat xlink:href="#sSpan506" value="ϫⲉ"/>
		<feat xlink:href="#sSpan511" value="ⲛ"/>
		<feat xlink:href="#sSpan513" value="ⲁϣ"/>
		<feat xlink:href="#sSpan515" value="ⲛ"/>
		<feat xlink:href="#sSpan519" value="ϩⲉ"/>
		<feat xlink:href="#sSpan521" value="ⲁ"/>
		<feat xlink:href="#sSpan525" value="ⲡ"/>
		<feat xlink:href="#sSpan529" value="ⲛⲟⲩⲧⲉ"/>
		<feat xlink:href="#sSpan531" value="ⲉⲓⲙⲉ"/>
		<feat xlink:href="#sSpan535" value="·"/>
		<feat xlink:href="#sSpan539" value="ⲁⲩⲱ"/>
		<feat xlink:href="#sSpan545" value="ϫⲉ"/>
		<feat xlink:href="#sSpan550" value="ⲟⲩⲛ"/>
		<feat xlink:href="#sSpan552" value="ⲥⲟⲟⲩⲛ"/>
		<feat xlink:href="#sSpan555" value="ϩⲛ"/>
		<feat xlink:href="#sSpan560" value="ⲡ"/>
		<feat xlink:href="#sSpan563" value="ⲉⲧⲉⲣⲉ"/>
		<feat xlink:href="#sSpan565" value="ϫⲓⲥⲉ"/>
		<feat xlink:href="#sSpan567" value="·"/>
		<feat xlink:href="#sSpan572" value="ⲛⲧⲟⲟⲩ"/>
		<feat xlink:href="#sSpan580" value="ⲥⲁϩⲟⲩ"/>
		<feat xlink:href="#sSpan582" value="ⲛϭⲓ"/>
		<feat xlink:href="#sSpan586" value="ⲡ"/>
		<feat xlink:href="#sSpan590" value="ⲉⲧⲉⲣⲉ"/>
		<feat xlink:href="#sSpan592" value="ϫⲱ"/>
		<feat xlink:href="#sSpan594" value="ⲛ"/>
		<feat xlink:href="#sSpan598" value="ⲛⲧⲟⲥ"/>
		<feat xlink:href="#sSpan600" value="·"/>
		<feat xlink:href="#sSpan604" value="ϫⲉ"/>
		<feat xlink:href="#sSpan609" value="ⲉϣϫⲉ"/>
		<feat xlink:href="#sSpan611" value="ⲟⲩ"/>
		<feat xlink:href="#sSpan614" value="ⲛⲟⲩⲧⲉ"/>
		<feat xlink:href="#sSpan617" value="ⲡⲉ"/>
		<feat xlink:href="#sSpan622" value="ⲓⲏⲥⲟⲩⲥ"/>
		<feat xlink:href="#sSpan627" value="·"/>
		<feat xlink:href="#sSpan631" value="ⲉⲧⲃⲉ"/>
		<feat xlink:href="#sSpan636" value="ⲟⲩ"/>
		<feat xlink:href="#sSpan639" value="ⲙⲡⲉ"/>
		<feat xlink:href="#sSpan643" value="ⲛⲧⲟϥ"/>
		<feat xlink:href="#sSpan645" value="ⲉⲓⲙⲉ"/>
		<feat xlink:href="#sSpan647" value="ϫⲉ"/>
		<feat xlink:href="#sSpan652" value="ⲉⲣⲉ"/>
		<feat xlink:href="#sSpan654" value="ⲁ"/>
		<feat xlink:href="#sSpan656" value="ⲛⲧⲟⲟⲩ"/>
		<feat xlink:href="#sSpan658" value="ⲕⲱ"/>
		<feat xlink:href="#sSpan661" value="ⲗⲁⲍⲁⲣⲟⲥ"/>
		<feat xlink:href="#sSpan665" value="ⲧⲱⲛ"/>
		<feat xlink:href="#sSpan669" value="·"/>
		<feat xlink:href="#sSpan674" value="ⲉⲣⲉ"/>
		<feat xlink:href="#sSpan681" value="ⲁ"/>
		<feat xlink:href="#sSpan683" value="ⲛⲧⲟⲟⲩ"/>
		<feat xlink:href="#sSpan685" value="ϫⲱ"/>
		<feat xlink:href="#sSpan687" value="ⲡⲁⲓ"/>
		<feat xlink:href="#sSpan690" value="ⲉⲃⲟⲗ"/>
		<feat xlink:href="#sSpan695" value="ϫⲉ"/>
		<feat xlink:href="#sSpan700" value="ⲁ"/>
		<feat xlink:href="#sSpan702" value="ⲛⲧⲟⲟⲩ"/>
		<feat xlink:href="#sSpan704" value="ⲥⲱⲧⲙ"/>
		<feat xlink:href="#sSpan706" value="ϩⲛ"/>
		<feat xlink:href="#sSpan711" value="ⲡ"/>
		<feat xlink:href="#sSpan715" value="ⲉⲩⲁⲅⲅⲉⲗⲓⲟⲛ"/>
		<feat xlink:href="#sSpan718" value="ϫⲉ"/>
		<feat xlink:href="#sSpan722" value="ⲉⲣⲉ"/>
		<feat xlink:href="#sSpan724" value="ⲁ"/>
		<feat xlink:href="#sSpan727" value="ⲛⲧⲟⲟⲩ"/>
		<feat xlink:href="#sSpan730" value="ⲛⲧⲱⲧⲛ"/>
		<feat xlink:href="#sSpan735" value="ⲕⲱ"/>
		<feat xlink:href="#sSpan737" value="ⲛⲧⲟϥ"/>
		<feat xlink:href="#sSpan739" value="ⲧⲱⲛ"/>
		<feat xlink:href="#sSpan744" value="·"/>
		<feat xlink:href="#sSpan748" value="ⲉⲣⲉ"/>
		<feat xlink:href="#sSpan754" value="ⲛⲧⲟⲟⲩ"/>
		<feat xlink:href="#sSpan756" value="ⲉⲓⲣⲉ"/>
		<feat xlink:href="#sSpan758" value="ⲛ"/>
		<feat xlink:href="#sSpan763" value="ⲁⲧⲥⲟⲟⲩⲛ"/>
		<feat xlink:href="#sSpan768" value="ϫⲉ"/>
		<feat xlink:href="#sSpan772" value="ⲉⲣⲉ"/>
		<feat xlink:href="#sSpan775" value="ⲁ"/>
		<feat xlink:href="#sSpan777" value="ⲡ"/>
		<feat xlink:href="#sSpan780" value="ϫⲟⲉⲓⲥ"/>
		<feat xlink:href="#sSpan782" value="ϣⲓⲛⲉ"/>
		<feat xlink:href="#sSpan788" value="ϩⲱⲥ"/>
		<feat xlink:href="#sSpan792" value="ⲣⲱⲙⲉ"/>
		<feat xlink:href="#sSpan795" value="ⲉⲣⲉ"/>
		<feat xlink:href="#sSpan800" value="ⲡ"/>
		<feat xlink:href="#sSpan803" value="ⲛⲟⲩⲧⲉ"/>
		<feat xlink:href="#sSpan805" value="ⲡⲉ"/>
		<feat xlink:href="#sSpan809" value="·"/>
		<feat xlink:href="#sSpan813" value="ⲁⲩⲱ"/>
		<feat xlink:href="#sSpan818" value="ϫⲉ"/>
		<feat xlink:href="#sSpan822" value="ⲡ"/>
		<feat xlink:href="#sSpan826" value="ⲥⲭⲏⲙⲁ"/>
		<feat xlink:href="#sSpan829" value="ⲛ"/>
		<feat xlink:href="#sSpan833" value="ⲡⲉⲓ"/>
		<feat xlink:href="#sSpan835" value="ⲙⲓⲛⲉ"/>
		<feat xlink:href="#sSpan837" value="ϣⲁⲣⲉ"/>
		<feat xlink:href="#sSpan842" value="ⲛⲧⲟϥ"/>
		<feat xlink:href="#sSpan844" value="ϣⲱⲡⲉ"/>
		<feat xlink:href="#sSpan846" value="ⲛ"/>
		<feat xlink:href="#sSpan850" value="ϩⲁϩ"/>
		<feat xlink:href="#sSpan854" value="ⲛ"/>
		<feat xlink:href="#sSpan858" value="ⲥⲟⲡ"/>
		<feat xlink:href="#sSpan860" value="ϩⲉⲛ"/>
		<feat xlink:href="#sSpan864" value="ⲟⲩ"/>
		<feat xlink:href="#sSpan868" value="ϭⲓⲛϣⲁϫⲉ"/>
		<feat xlink:href="#sSpan872" value="·"/>
		<feat xlink:href="#sSpan877" value="ⲙⲁⲗⲓⲥⲧⲁ"/>
		<feat xlink:href="#sSpan882" value="ⲡ"/>
		<feat xlink:href="#sSpan887" value="ⲣⲱⲙⲉ"/>
		<feat xlink:href="#sSpan889" value="·"/>
		<feat xlink:href="#sSpan895" value="ⲕⲁⲧⲁ"/>
		<feat xlink:href="#sSpan902" value="ⲡ"/>
		<feat xlink:href="#sSpan904" value="ϩⲉ"/>
		<feat xlink:href="#sSpan906" value="ⲉⲧⲉⲣⲉ"/>
		<feat xlink:href="#sSpan910" value="ⲁ"/>
		<feat xlink:href="#sSpan912" value="ⲛⲧⲟϥ"/>
		<feat xlink:href="#sSpan914" value="ϫⲱ"/>
		<feat xlink:href="#sSpan917" value="ⲛⲧⲟⲥ"/>
		<feat xlink:href="#sSpan919" value="·"/>
		<feat xlink:href="#sSpan924" value="ⲏ"/>
		<feat xlink:href="#sSpan928" value="ⲉⲣⲉ"/>
		<feat xlink:href="#sSpan933" value="ⲁ"/>
		<feat xlink:href="#sSpan935" value="ⲛⲧⲟϥ"/>
		<feat xlink:href="#sSpan937" value="ⲉⲓⲣⲉ"/>
		<feat xlink:href="#sSpan939" value="ⲡⲁⲓ"/>
		<feat xlink:href="#sSpan943" value="ⲛⲧⲟϥ"/>
		<feat xlink:href="#sSpan947" value="ⲡ"/>
		<feat xlink:href="#sSpan952" value="ϫⲟⲉⲓⲥ"/>
		<feat xlink:href="#sSpan956" value="ϩⲱⲥ"/>
		<feat xlink:href="#sSpan960" value="ⲣⲱⲙⲉ"/>
		<feat xlink:href="#sSpan963" value="ⲛ"/>
		<feat xlink:href="#sSpan968" value="ⲡ"/>
		<feat xlink:href="#sSpan970" value="ϩⲉ"/>
		<feat xlink:href="#sSpan972" value="ⲉⲧⲉⲣⲉ"/>
		<feat xlink:href="#sSpan976" value="ⲥϩⲁⲓ"/>
		<feat xlink:href="#sSpan978" value="ϩⲛ"/>
		<feat xlink:href="#sSpan982" value="ⲡ"/>
		<feat xlink:href="#sSpan987" value="ⲅⲉⲛⲉⲥⲓⲥ"/>
		<feat xlink:href="#sSpan989" value="·"/>
		<feat xlink:href="#sSpan994" value="ⲉⲣⲉ"/>
		<feat xlink:href="#sSpan1000" value="ⲁ"/>
		<feat xlink:href="#sSpan1002" value="ⲛⲧⲟϥ"/>
		<feat xlink:href="#sSpan1004" value="ϫⲛⲟⲩ"/>
		<feat xlink:href="#sSpan1007" value="ⲁⲃⲣⲁϩⲁⲙ"/>
		<feat xlink:href="#sSpan1010" value="ϫⲉ"/>
		<feat xlink:href="#sSpan1015" value="ⲉⲣⲉ"/>
		<feat xlink:href="#sSpan1017" value="ⲛⲧⲟⲥ"/>
		<feat xlink:href="#sSpan1019" value="ⲧⲱⲛ"/>
		<feat xlink:href="#sSpan1022" value="ⲥⲁⲣⲣⲁ"/>
		<feat xlink:href="#sSpan1028" value="ⲡⲉⲕ"/>
		<feat xlink:href="#sSpan1032" value="ⲥϩⲓⲙⲉ"/>
		<feat xlink:href="#sSpan1034" value="·"/>
		<feat xlink:href="#sSpan1039" value="ⲛ"/>
		<feat xlink:href="#sSpan1046" value="ⲡ"/>
		<feat xlink:href="#sSpan1048" value="ϩⲉ"/>
		<feat xlink:href="#sSpan1050" value="ⲟⲛ"/>
		<feat xlink:href="#sSpan1054" value="ⲉⲣⲉ"/>
		<feat xlink:href="#sSpan1058" value="ⲁ"/>
		<feat xlink:href="#sSpan1060" value="ⲡ"/>
		<feat xlink:href="#sSpan1064" value="ⲁⲅⲅⲉⲗⲟⲥ"/>
		<feat xlink:href="#sSpan1067" value="·"/>
		<feat xlink:href="#sSpan1071" value="ϫⲛⲉ"/>
		<feat xlink:href="#sSpan1075" value="ⲡ"/>
		<feat xlink:href="#sSpan1078" value="ⲥϩⲓⲙⲉ"/>
		<feat xlink:href="#sSpan1081" value="ϩⲛ"/>
		<feat xlink:href="#sSpan1085" value="ⲡ"/>
		<feat xlink:href="#sSpan1089" value="ⲧⲁⲫⲟⲥ"/>
		<feat xlink:href="#sSpan1092" value="·"/>
		<feat xlink:href="#sSpan1096" value="ϫⲉ"/>
		<feat xlink:href="#sSpan1100" value="ⲉⲣⲉ"/>
		<feat xlink:href="#sSpan1102" value="ⲛⲧⲱⲧⲛ"/>
		<feat xlink:href="#sSpan1106" value="ϣⲓⲛⲉ"/>
		<feat xlink:href="#sSpan1109" value="ⲛⲥⲁ"/>
		<feat xlink:href="#sSpan1113" value="ⲛⲓⲙ"/>
		<feat xlink:href="#sSpan1115" value="·"/>
		<feat xlink:href="#sSpan1120" value="ⲡⲁⲓ"/>
		<feat xlink:href="#sSpan1128" value="ⲟⲛ"/>
		<feat xlink:href="#sSpan1132" value="ⲁ"/>
		<feat xlink:href="#sSpan1136" value="ⲛⲧⲟϥ"/>
		<feat xlink:href="#sSpan1138" value="ⲉⲓⲣⲉ"/>
		<feat xlink:href="#sSpan1140" value="ⲛⲧⲟϥ"/>
		<feat xlink:href="#sSpan1142" value="ⲛϭⲓ"/>
		<feat xlink:href="#sSpan1146" value="ⲡ"/>
		<feat xlink:href="#sSpan1150" value="ϫⲟⲉⲓⲥ"/>
		<feat xlink:href="#sSpan1152" value="·"/>
		<feat xlink:href="#sSpan1156" value="ⲉⲣⲉ"/>
		<feat xlink:href="#sSpan1160" value="ⲛⲧⲟϥ"/>
		<feat xlink:href="#sSpan1162" value="ϫⲱ"/>
		<feat xlink:href="#sSpan1164" value="ⲛ"/>
		<feat xlink:href="#sSpan1169" value="ⲛⲧⲟⲥ"/>
		<feat xlink:href="#sSpan1171" value="ⲛ"/>
		<feat xlink:href="#sSpan1176" value="ⲙⲁⲣⲓⲁ"/>
		<feat xlink:href="#sSpan1180" value="·"/>
		<feat xlink:href="#sSpan1184" value="ϫⲉ"/>
		<feat xlink:href="#sSpan1188" value="ⲡ"/>
		<feat xlink:href="#sSpan1191" value="ⲥϩⲓⲙⲉ"/>
		<feat xlink:href="#sSpan1194" value="ⲁϩⲣⲟ_ⲛⲧⲟ"/>
		<feat xlink:href="#sSpan1198" value="ⲛⲧⲟ"/>
		<feat xlink:href="#sSpan1202" value="ⲣⲓⲙⲉ"/>
		<feat xlink:href="#sSpan1205" value="·"/>
		<feat xlink:href="#sSpan1209" value="ⲉⲣⲉ_ⲛⲧⲟ"/>
		<feat xlink:href="#sSpan1213" value="ϣⲓⲛⲉ"/>
		<feat xlink:href="#sSpan1216" value="ⲛⲥⲁ"/>
		<feat xlink:href="#sSpan1221" value="ⲛⲓⲙ"/>
		<feat xlink:href="#sSpan1223" value="·"/>
		<feat xlink:href="#sSpan1228" value="ⲛ"/>
		<feat xlink:href="#sSpan1235" value="ⲡ"/>
		<feat xlink:href="#sSpan1237" value="ϩⲉ"/>
		<feat xlink:href="#sSpan1239" value="ⲟⲛ"/>
		<feat xlink:href="#sSpan1243" value="ⲉⲣⲉ"/>
		<feat xlink:href="#sSpan1247" value="ⲁ"/>
		<feat xlink:href="#sSpan1249" value="ⲛⲧⲟϥ"/>
		<feat xlink:href="#sSpan1251" value="ϫⲛⲟⲩ"/>
		<feat xlink:href="#sSpan1253" value="ⲡ"/>
		<feat xlink:href="#sSpan1257" value="ⲉⲧⲉⲣⲉ"/>
		<feat xlink:href="#sSpan1259" value="ⲙⲟⲟϣⲉ"/>
		<feat xlink:href="#sSpan1262" value="ⲉ"/>
		<feat xlink:href="#sSpan1267" value="ⲉⲙⲙⲁⲟⲩⲥ"/>
		<feat xlink:href="#sSpan1271" value="·"/>
		<feat xlink:href="#sSpan1275" value="ⲉⲧⲃⲉ"/>
		<feat xlink:href="#sSpan1279" value="ⲡ"/>
		<feat xlink:href="#sSpan1283" value="ⲉⲧⲉⲣⲉ"/>
		<feat xlink:href="#sSpan1285" value="ⲁ"/>
		<feat xlink:href="#sSpan1287" value="ⲛⲧⲟⲟⲩ"/>
		<feat xlink:href="#sSpan1289" value="ϣⲱⲡⲉ"/>
		<feat xlink:href="#sSpan1292" value="ⲛ"/>
		<feat xlink:href="#sSpan1297" value="ⲛⲧⲟϥ"/>
		<feat xlink:href="#sSpan1299" value="·"/>
		<feat xlink:href="#sSpan1304" value="ϫⲉ"/>
		<feat xlink:href="#sSpan1309" value="ⲟⲩ"/>
		<feat xlink:href="#sSpan1311" value="ⲡⲉ"/>
		<feat xlink:href="#sSpan1315" value="ⲡⲉⲓ"/>
		<feat xlink:href="#sSpan1320" value="ϣⲁϫⲉ"/>
		<feat xlink:href="#sSpan1323" value="ⲉⲣⲉ"/>
		<feat xlink:href="#sSpan1327" value="ⲛⲧⲱⲧⲛ"/>
		<feat xlink:href="#sSpan1329" value="ϫⲱ"/>
		<feat xlink:href="#sSpan1331" value="ⲛ"/>
		<feat xlink:href="#sSpan1336" value="ⲛⲧⲟⲟⲩ"/>
		<feat xlink:href="#sSpan1338" value="ⲙⲛ"/>
		<feat xlink:href="#sSpan1342" value="ⲡⲉⲧⲛ"/>
		<feat xlink:href="#sSpan1345" value="ⲉⲣⲏⲩ"/>
		<feat xlink:href="#sSpan1347" value="ⲉⲣⲉ"/>
		<feat xlink:href="#sSpan1351" value="ⲛⲧⲱⲧⲛ"/>
		<feat xlink:href="#sSpan1354" value="ⲙⲟⲟϣⲉ"/>
		<feat xlink:href="#sSpan1357" value="ϩⲓ"/>
		<feat xlink:href="#sSpan1361" value="ⲡ"/>
		<feat xlink:href="#sSpan1365" value="ϩⲓⲏ"/>
		<feat xlink:href="#sSpan1367" value="·"/>
		<feat xlink:href="#sSpan1372" value="ⲁⲩⲱ"/>
		<feat xlink:href="#sSpan1379" value="ⲛ"/>
		<feat xlink:href="#sSpan1383" value="ⲡ"/>
		<feat xlink:href="#sSpan1385" value="ϩⲉ"/>
		<feat xlink:href="#sSpan1387" value="ⲉⲧⲉⲣⲉ"/>
		<feat xlink:href="#sSpan1391" value="ⲁ"/>
		<feat xlink:href="#sSpan1393" value="ⲛⲧⲟϥ"/>
		<feat xlink:href="#sSpan1395" value="ⲙⲟⲩⲧⲉ"/>
		<feat xlink:href="#sSpan1398" value="ⲉ"/>
		<feat xlink:href="#sSpan1402" value="ⲡ"/>
		<feat xlink:href="#sSpan1406" value="ⲁⲡⲟⲥⲧⲟⲗⲟⲥ"/>
		<feat xlink:href="#sSpan1409" value="ⲁ"/>
		<feat xlink:href="#sSpan1413" value="ⲛⲧⲟϥ"/>
		<feat xlink:href="#sSpan1415" value="ϫⲛⲟⲩ"/>
		<feat xlink:href="#sSpan1417" value="ⲛⲧⲟⲟⲩ"/>
		<feat xlink:href="#sSpan1420" value="ⲉⲣⲉ"/>
		<feat xlink:href="#sSpan1424" value="ⲛⲧⲟϥ"/>
		<feat xlink:href="#sSpan1426" value="ϫⲱ"/>
		<feat xlink:href="#sSpan1428" value="ⲛ"/>
		<feat xlink:href="#sSpan1432" value="ⲛⲧⲟⲥ"/>
		<feat xlink:href="#sSpan1435" value="ϫⲉ"/>
		<feat xlink:href="#sSpan1440" value="ⲡⲉⲓ"/>
		<feat xlink:href="#sSpan1443" value="ϣⲏⲣⲉ"/>
		<feat xlink:href="#sSpan1446" value="ϣⲏⲙ"/>
		<feat xlink:href="#sSpan1451" value="ⲙⲏ"/>
		<feat xlink:href="#sSpan1456" value="ⲟⲩⲛ"/>
		<feat xlink:href="#sSpan1460" value="ⲗⲁⲁⲩ"/>
		<feat xlink:href="#sSpan1463" value="ⲛ"/>
		<feat xlink:href="#sSpan1468" value="ⲧⲃⲧ"/>
		<feat xlink:href="#sSpan1473" value="ⲛⲧⲉ"/>
		<feat xlink:href="#sSpan1477" value="ⲛⲧⲱⲧⲛ"/>
		<feat xlink:href="#sSpan1480" value="·"/>
		<feat xlink:href="#sSpan1484" value="ⲉⲣⲉ"/>
		<feat xlink:href="#sSpan1488" value="ⲛⲧⲟϥ"/>
		<feat xlink:href="#sSpan1490" value="ⲥⲟⲟⲩⲛ"/>
		<feat xlink:href="#sSpan1492" value="ϫⲉ"/>
		<feat xlink:href="#sSpan1497" value="ⲙⲡⲉ"/>
		<feat xlink:href="#sSpan1499" value="ⲛⲧⲟⲟⲩ"/>
		<feat xlink:href="#sSpan1501" value="ϭⲱⲡⲉ"/>
		<feat xlink:href="#sSpan1503" value="ⲗⲁⲁⲩ"/>
		<feat xlink:href="#sSpan1507" value="ⲛ"/>
		<feat xlink:href="#sSpan1511" value="ⲡⲉⲩ"/>
		<feat xlink:href="#sSpan1513" value="ϣⲛⲉ"/>
		<feat xlink:href="#sSpan1515" value="ⲉⲧⲉⲣⲉ"/>
		<feat xlink:href="#sSpan1520" value="ⲙⲙⲁⲩ"/>
		<feat xlink:href="#sSpan1523" value="ⲛ"/>
		<feat xlink:href="#sSpan1530" value="ⲡ"/>
		<feat xlink:href="#sSpan1532" value="ϩⲉ"/>
		<feat xlink:href="#sSpan1534" value="ⲟⲛ"/>
		<feat xlink:href="#sSpan1538" value="ⲉⲣⲉ"/>
		<feat xlink:href="#sSpan1542" value="ⲁ"/>
		<feat xlink:href="#sSpan1544" value="ⲛⲧⲟϥ"/>
		<feat xlink:href="#sSpan1546" value="ϫⲛⲟⲩ"/>
		<feat xlink:href="#sSpan1548" value="ⲛⲧⲟⲟⲩ"/>
		<feat xlink:href="#sSpan1551" value="·"/>
		<feat xlink:href="#sSpan1555" value="ϫⲉ"/>
		<feat xlink:href="#sSpan1559" value="ⲟⲩⲏⲣ"/>
		<feat xlink:href="#sSpan1561" value="ⲡ"/>
		<feat xlink:href="#sSpan1567" value="ⲟⲉⲓⲕ"/>
		<feat xlink:href="#sSpan1569" value="ⲛⲧⲉ"/>
		<feat xlink:href="#sSpan1573" value="ⲛⲧⲱⲧⲛ"/>
		<feat xlink:href="#sSpan1576" value="·"/>
		<feat xlink:href="#sSpan1582" value="ⲁⲣⲁ"/>
		<feat xlink:href="#sSpan1589" value="ⲡ"/>
		<feat xlink:href="#sSpan1594" value="ⲉⲧⲉⲣⲉ"/>
		<feat xlink:href="#sSpan1596" value="ⲁ"/>
		<feat xlink:href="#sSpan1598" value="ⲛⲧⲟϥ"/>
		<feat xlink:href="#sSpan1600" value="ⲥⲙⲟⲩ"/>
		<feat xlink:href="#sSpan1602" value="ⲉ"/>
		<feat xlink:href="#sSpan1607" value="ⲡ"/>
		<feat xlink:href="#sSpan1610" value="ⲟⲉⲓⲕ"/>
		<feat xlink:href="#sSpan1612" value="ⲁ"/>
		<feat xlink:href="#sSpan1616" value="ⲛⲧⲟϥ"/>
		<feat xlink:href="#sSpan1618" value="ⲧⲁϣⲟ"/>
		<feat xlink:href="#sSpan1620" value="ⲛⲧⲟⲟⲩ"/>
		<feat xlink:href="#sSpan1623" value="ⲛⲉⲣⲉ"/>
		<feat xlink:href="#sSpan1627" value="ⲛⲧⲟϥ"/>
		<feat xlink:href="#sSpan1629" value="ⲥⲟⲟⲩⲛ"/>
		<feat xlink:href="#sSpan1631" value="ⲁⲛ"/>
		<feat xlink:href="#sSpan1636" value="ϫⲉ"/>
		<feat xlink:href="#sSpan1640" value="ⲟⲩⲏⲣ"/>
		<feat xlink:href="#sSpan1642" value="ⲡⲉ"/>
		<feat xlink:href="#sSpan1646" value="·"/>
		<feat xlink:href="#sSpan1651" value="ⲁⲣⲏⲩ"/>
		<feat xlink:href="#sSpan1659" value="ⲟⲛ"/>
		<feat xlink:href="#sSpan1663" value="ⲛⲉⲣⲉ"/>
		<feat xlink:href="#sSpan1667" value="ⲛⲧⲟϥ"/>
		<feat xlink:href="#sSpan1669" value="ⲥⲟⲟⲩⲛ"/>
		<feat xlink:href="#sSpan1671" value="ⲁⲛ"/>
		<feat xlink:href="#sSpan1676" value="ϫⲉ"/>
		<feat xlink:href="#sSpan1680" value="ⲛⲓⲙ"/>
		<feat xlink:href="#sSpan1682" value="ⲡⲉ"/>
		<feat xlink:href="#sSpan1686" value="ⲉⲧⲉⲣⲉ"/>
		<feat xlink:href="#sSpan1689" value="ⲁ"/>
		<feat xlink:href="#sSpan1691" value="ⲛⲧⲟϥ"/>
		<feat xlink:href="#sSpan1693" value="ϫⲱϩ"/>
		<feat xlink:href="#sSpan1695" value="ⲉ"/>
		<feat xlink:href="#sSpan1699" value="ⲡ"/>
		<feat xlink:href="#sSpan1702" value="ⲧⲟⲡ"/>
		<feat xlink:href="#sSpan1704" value="ⲛ"/>
		<feat xlink:href="#sSpan1709" value="ⲡⲉϥ"/>
		<feat xlink:href="#sSpan1712" value="ϩⲟⲉⲓⲧⲉ"/>
		<feat xlink:href="#sSpan1714" value="·"/>
		<feat xlink:href="#sSpan1718" value="ⲁ"/>
		<feat xlink:href="#sSpan1723" value="ⲡⲉⲥ"/>
		<feat xlink:href="#sSpan1726" value="ⲥⲛⲟϥ"/>
		<feat xlink:href="#sSpan1728" value="ⲗⲟ"/>
		<feat xlink:href="#sSpan1733" value="ⲉⲣⲉ"/>
		<feat xlink:href="#sSpan1738" value="ⲛⲧⲟϥ"/>
		<feat xlink:href="#sSpan1740" value="ϣⲟⲩⲟ"/>
		<feat xlink:href="#sSpan1742" value="·"/>
		<feat xlink:href="#sSpan1748" value="ϩⲟⲙⲟⲓⲱⲥ"/>
		<feat xlink:href="#sSpan1755" value="ⲉⲣϣⲁⲛ"/>
		<feat xlink:href="#sSpan1759" value="ⲡ"/>
		<feat xlink:href="#sSpan1764" value="ⲕⲁⲕⲓⲁ"/>
		<feat xlink:href="#sSpan1766" value="ⲛ"/>
		<feat xlink:href="#sSpan1770" value="ⲡⲉⲕ"/>
		<feat xlink:href="#sSpan1773" value="ⲉⲓⲱⲧ"/>
		<feat xlink:href="#sSpan1776" value="ⲡ"/>
		<feat xlink:href="#sSpan1782" value="ⲥⲁⲧⲁⲛⲁⲥ"/>
		<feat xlink:href="#sSpan1785" value="ⲡⲱϩ"/>
		<feat xlink:href="#sSpan1790" value="ⲏ"/>
		<feat xlink:href="#sSpan1794" value="ⲛⲉⲣⲉ"/>
		<feat xlink:href="#sSpan1798" value="ⲛⲧⲟⲥ"/>
		<feat xlink:href="#sSpan1801" value="ⲡⲱϩ"/>
		<feat xlink:href="#sSpan1804" value="ϩⲛ"/>
		<feat xlink:href="#sSpan1808" value="ⲛⲧⲟⲕ"/>
		<feat xlink:href="#sSpan1810" value="·"/>
		<feat xlink:href="#sSpan1815" value="ⲱ"/>
		<feat xlink:href="#sSpan1821" value="ⲡ"/>
		<feat xlink:href="#sSpan1828" value="ϩⲉⲗⲗⲏⲛ"/>
		<feat xlink:href="#sSpan1830" value="·"/>
		<feat xlink:href="#sSpan1834" value="ⲛⲧⲉ"/>
		<feat xlink:href="#sSpan1839" value="ⲛⲧⲟⲥ"/>
		<feat xlink:href="#sSpan1842" value="ⲣϩⲟⲩⲉⲙⲁϩ"/>
		<feat xlink:href="#sSpan1846" value="ⲛⲧⲟⲕ"/>
		<feat xlink:href="#sSpan1848" value="ⲛ"/>
		<feat xlink:href="#sSpan1854" value="ⲙⲛⲧⲁⲧⲛⲁϩⲧⲉ"/>
		<feat xlink:href="#sSpan1860" value="·"/>
		<feat xlink:href="#sSpan1865" value="ⲁⲛⲟⲕ"/>
		<feat xlink:href="#sSpan1872" value="ⲛⲁ"/>
		<feat xlink:href="#sSpan1874" value="ϫⲱ"/>
		<feat xlink:href="#sSpan1876" value="ⲛⲧⲟⲥ"/>
		<feat xlink:href="#sSpan1878" value="ⲉⲣⲉ"/>
		<feat xlink:href="#sSpan1882" value="ⲁⲛⲟⲕ"/>
		<feat xlink:href="#sSpan1885" value="ϩⲟⲙⲟⲗⲟⲅⲉⲓ"/>
		<feat xlink:href="#sSpan1888" value="ⲛ"/>
		<feat xlink:href="#sSpan1892" value="ⲡ"/>
		<feat xlink:href="#sSpan1895" value="ⲙⲉ"/>
		<feat xlink:href="#sSpan1897" value="·"/>
		<feat xlink:href="#sSpan1901" value="ϫⲉ"/>
		<feat xlink:href="#sSpan1906" value="ⲟⲩ"/>
		<feat xlink:href="#sSpan1910" value="ⲙⲟⲛⲟⲛ"/>
		<feat xlink:href="#sSpan1912" value="ⲛⲧⲟϥ"/>
		<feat xlink:href="#sSpan1916" value="ⲥⲟⲟⲩⲛ"/>
		<feat xlink:href="#sSpan1919" value="ϫⲉ"/>
		<feat xlink:href="#sSpan1923" value="ⲉⲓⲥ"/>
		<feat xlink:href="#sSpan1925" value="ⲡ"/>
		<feat xlink:href="#sSpan1928" value="ⲥⲛⲟϥ"/>
		<feat xlink:href="#sSpan1931" value="ϩⲁ"/>
		<feat xlink:href="#sSpan1935" value="ⲛⲧⲟⲥ"/>
		<feat xlink:href="#sSpan1937" value="ⲛ"/>
		<feat xlink:href="#sSpan1942" value="ⲙⲛⲧⲥⲛⲟⲟⲩⲥ"/>
		<feat xlink:href="#sSpan1947" value="ⲛ"/>
		<feat xlink:href="#sSpan1952" value="ⲣⲟⲙⲡⲉ"/>
		<feat xlink:href="#sSpan1954" value="·"/>
		<feat xlink:href="#sSpan1959" value="ⲁⲗⲗⲁ"/>
		<feat xlink:href="#sSpan1963" value="ⲛⲧⲟϥ"/>
		<feat xlink:href="#sSpan1968" value="ⲥⲟⲟⲩⲛ"/>
		<feat xlink:href="#sSpan1970" value="ⲛ"/>
		<feat xlink:href="#sSpan1974" value="ⲛⲧⲟⲥ"/>
		<feat xlink:href="#sSpan1976" value="ϫⲓⲛ"/>
		<feat xlink:href="#sSpan1981" value="ⲉⲣⲉ"/>
		<feat xlink:href="#sSpan1983" value="ⲛⲧⲟⲥ"/>
		<feat xlink:href="#sSpan1985" value="ϩⲛ"/>
		<feat xlink:href="#sSpan1987" value="ⲛⲧⲟⲥ"/>
		<feat xlink:href="#sSpan1989" value="ⲛ"/>
		<feat xlink:href="#sSpan1994" value="ⲡⲉⲥ"/>
		<feat xlink:href="#sSpan1997" value="ⲙⲁⲁⲩ"/>
		<feat xlink:href="#sSpan1999" value="·"/>
		<feat xlink:href="#sSpan2004" value="ⲉⲣϣⲁⲛ"/>
		<feat xlink:href="#sSpan2011" value="ⲟⲩ"/>
		<feat xlink:href="#sSpan2015" value="ⲕⲉⲣⲁⲙⲉⲩⲥ"/>
		<feat xlink:href="#sSpan2019" value="ⲣⲁⲧⲥⲟⲟⲩⲛ"/>
		<feat xlink:href="#sSpan2025" value="ⲛ"/>
		<feat xlink:href="#sSpan2030" value="ⲡ"/>
		<feat xlink:href="#sSpan2033" value="ϩⲛⲁⲁⲩ"/>
		<feat xlink:href="#sSpan2035" value="ⲉⲧⲉⲣⲉ"/>
		<feat xlink:href="#sSpan2040" value="ⲁ"/>
		<feat xlink:href="#sSpan2042" value="ⲛⲧⲟϥ"/>
		<feat xlink:href="#sSpan2044" value="ⲧⲁⲙⲓⲟ"/>
		<feat xlink:href="#sSpan2046" value="ⲛⲧⲟϥ"/>
		<feat xlink:href="#sSpan2048" value="ϩⲛ"/>
		<feat xlink:href="#sSpan2053" value="ⲡⲉϥ"/>
		<feat xlink:href="#sSpan2056" value="ϭⲓϫ"/>
		<feat xlink:href="#sSpan2058" value="ϩⲛ"/>
		<feat xlink:href="#sSpan2062" value="ⲡⲉϥ"/>
		<feat xlink:href="#sSpan2066" value="ⲱⲛϩ"/>
		<feat xlink:href="#sSpan2068" value="·"/>
		<feat xlink:href="#sSpan2074" value="ⲓⲏⲥⲟⲩⲥ"/>
		<feat xlink:href="#sSpan2080" value="ⲛⲧⲟϥ"/>
		<feat xlink:href="#sSpan2084" value="ⲥⲟⲟⲩⲛ"/>
		<feat xlink:href="#sSpan2088" value="ⲉ"/>
		<feat xlink:href="#sSpan2093" value="ⲡ"/>
		<feat xlink:href="#sSpan2096" value="ⲉⲧⲉⲣⲉ"/>
		<feat xlink:href="#sSpan2098" value="ⲁ"/>
		<feat xlink:href="#sSpan2100" value="ⲛⲧⲟϥ"/>
		<feat xlink:href="#sSpan2103" value="ⲡⲗⲁⲥⲥⲉ"/>
		<feat xlink:href="#sSpan2106" value="ⲛ"/>
		<feat xlink:href="#sSpan2110" value="ⲛⲧⲟⲟⲩ"/>
		<feat xlink:href="#sSpan2112" value="ϩⲛ"/>
		<feat xlink:href="#sSpan2116" value="ⲡ"/>
		<feat xlink:href="#sSpan2120" value="ϩⲏ"/>
		<feat xlink:href="#sSpan2122" value="·"/>
		<feat xlink:href="#sSpan2127" value="ⲡ"/>
		<feat xlink:href="#sSpan2135" value="ⲉⲧⲉⲣⲉ"/>
		<feat xlink:href="#sSpan2137" value="ⲥⲟⲟⲩⲛ"/>
		<feat xlink:href="#sSpan2139" value="ϫⲉ"/>
		<feat xlink:href="#sSpan2143" value="ⲛⲉⲣⲉ"/>
		<feat xlink:href="#sSpan2145" value="ⲛⲧⲟϥ"/></featList></paula>