<?xml version='1.0' encoding='UTF-8'?><!DOCTYPE paula SYSTEM "paula_feat.dtd">
<paula version="1.1">
	<header paula_id="scriptorium.shenoute.those.GF268-270.mark_orig"/>
	<featList xmlns:xlink="http://www.w3.org/1999/xlink" type="orig" xml:base="scriptorium.shenoute.those.GF268-270.mark.xml">
		<feat xlink:href="#sSpan3" value="ⲛⲧ"/>
		<feat xlink:href="#sSpan15" value="ⲁ"/>
		<feat xlink:href="#sSpan17" value="ⲩ"/>
		<feat xlink:href="#sSpan19" value="ϫⲉ"/>
		<feat xlink:href="#sSpan21" value="ⲡⲁⲓ̈"/>
		<feat xlink:href="#sSpan25" value="ⲅⲁⲣ"/>
		<feat xlink:href="#sSpan29" value="ⲉⲃⲟⲗ"/>
		<feat xlink:href="#sSpan34" value="ϫⲉ"/>
		<feat xlink:href="#sSpan39" value="ⲁ"/>
		<feat xlink:href="#sSpan41" value="ⲩ"/>
		<feat xlink:href="#sSpan43" value="ⲥⲱⲧⲙ"/>
		<feat xlink:href="#sSpan45" value="ϩⲛ"/>
		<feat xlink:href="#sSpan49" value="ⲧ"/>
		<feat xlink:href="#sSpan54" value="ⲅⲉⲛⲏⲥⲓ̈ⲥ"/>
		<feat xlink:href="#sSpan56" value="ϫⲉ"/>
		<feat xlink:href="#sSpan61" value="ⲁⲇⲁⲙ"/>
		<feat xlink:href="#sSpan65" value="ⲉ"/>
		<feat xlink:href="#sSpan69" value="ⲕ"/>
		<feat xlink:href="#sSpan71" value="ⲧⲱⲛ"/>
		<feat xlink:href="#sSpan73" value="·"/>
		<feat xlink:href="#sSpan77" value="ⲛ"/>
		<feat xlink:href="#sSpan84" value="ⲥⲉ"/>
		<feat xlink:href="#sSpan86" value="ⲥⲟⲟⲩⲛ"/>
		<feat xlink:href="#sSpan88" value="ⲁⲛ"/>
		<feat xlink:href="#sSpan92" value="ϫⲉ"/>
		<feat xlink:href="#sSpan96" value="ⲟⲩⲛ"/>
		<feat xlink:href="#sSpan99" value="ⲟⲩ"/>
		<feat xlink:href="#sSpan103" value="ϭⲉⲓⲛ̄ϣⲓ̈ⲛⲉ"/>
		<feat xlink:href="#sSpan107" value="ⲛ︤"/>
		<feat xlink:href="#sSpan111" value="ⲥ︥"/>
		<feat xlink:href="#sSpan113" value="ϣⲟⲟⲡ"/>
		<feat xlink:href="#sSpan115" value="ⲁⲛ"/>
		<feat xlink:href="#sSpan120" value="ⲉⲧⲃⲉ"/>
		<feat xlink:href="#sSpan124" value="ⲛⲉ"/>
		<feat xlink:href="#sSpan127" value="ϩⲃⲏⲩⲉ"/>
		<feat xlink:href="#sSpan129" value="ⲉⲧ"/>
		<feat xlink:href="#sSpan134" value="ϩⲏⲡ"/>
		<feat xlink:href="#sSpan136" value="·"/>
		<feat xlink:href="#sSpan141" value="ⲁⲗⲗⲁ"/>
		<feat xlink:href="#sSpan145" value="ⲉⲧⲃⲉ"/>
		<feat xlink:href="#sSpan150" value="ⲛⲉ"/>
		<feat xlink:href="#sSpan153" value="ϩⲃⲏⲩⲉ"/>
		<feat xlink:href="#sSpan155" value="ⲉⲧ"/>
		<feat xlink:href="#sSpan160" value="ⲟⲩⲟⲛϩ"/>
		<feat xlink:href="#sSpan162" value="ⲉⲃⲟⲗ"/>
		<feat xlink:href="#sSpan166" value="ⲙⲛ"/>
		<feat xlink:href="#sSpan171" value="ⲛ"/>
		<feat xlink:href="#sSpan174" value="ⲉⲧ"/>
		<feat xlink:href="#sSpan176" value="ⲟⲩ"/>
		<feat xlink:href="#sSpan178" value="ⲥⲟⲟⲩⲛ"/>
		<feat xlink:href="#sSpan180" value="ⲙⲙⲟ"/>
		<feat xlink:href="#sSpan185" value="ⲟⲩ"/>
		<feat xlink:href="#sSpan187" value="·"/>
		<feat xlink:href="#sSpan192" value="ⲛ"/>
		<feat xlink:href="#sSpan197" value="ⲑ"/>
		<feat xlink:href="#sSpan199" value="ⲉ"/>
		<feat xlink:href="#sSpan201" value="ⲛⲧ"/>
		<feat xlink:href="#sSpan205" value="ⲁ"/>
		<feat xlink:href="#sSpan207" value="ⲡ"/>
		<feat xlink:href="#sSpan210" value="ⲛⲟⲩⲧⲉ"/>
		<feat xlink:href="#sSpan212" value="ϫⲛⲉ"/>
		<feat xlink:href="#sSpan218" value="ⲙⲱⲩⲥⲏⲥ"/>
		<feat xlink:href="#sSpan221" value="ϫⲉ"/>
		<feat xlink:href="#sSpan226" value="ⲟⲩ"/>
		<feat xlink:href="#sSpan228" value="ⲡⲉ"/>
		<feat xlink:href="#sSpan232" value="ⲡⲁⲓ̈"/>
		<feat xlink:href="#sSpan237" value="ⲉⲧ"/>
		<feat xlink:href="#sSpan241" value="ϩⲛ"/>
		<feat xlink:href="#sSpan244" value="ⲧⲉⲕ"/>
		<feat xlink:href="#sSpan247" value="ϭⲓϫ"/>
		<feat xlink:href="#sSpan249" value="·"/>
		<feat xlink:href="#sSpan253" value="ⲉ"/>
		<feat xlink:href="#sSpan258" value="ⲁ"/>
		<feat xlink:href="#sSpan261" value="ⲙⲱⲩⲥⲏⲥ"/>
		<feat xlink:href="#sSpan266" value="ϩⲟⲗⲟⲅⲉⲓ̈"/>
		<feat xlink:href="#sSpan271" value="ϫⲉ"/>
		<feat xlink:href="#sSpan275" value="ⲟⲩ"/>
		<feat xlink:href="#sSpan278" value="ϭⲉⲣⲱϥ"/>
		<feat xlink:href="#sSpan280" value="ⲡⲉ"/>
		<feat xlink:href="#sSpan285" value="·"/>
		<feat xlink:href="#sSpan290" value="ⲁⲩⲱ"/>
		<feat xlink:href="#sSpan297" value="ⲛ"/>
		<feat xlink:href="#sSpan301" value="ⲑ"/>
		<feat xlink:href="#sSpan303" value="ⲉ"/>
		<feat xlink:href="#sSpan305" value="ⲛⲧ"/>
		<feat xlink:href="#sSpan309" value="ⲁ"/>
		<feat xlink:href="#sSpan312" value="ⲓ̈ⲱⲥⲏⲫ"/>
		<feat xlink:href="#sSpan317" value="ⲁⲛⲁⲅⲣⲓ̈ⲛⲉ"/>
		<feat xlink:href="#sSpan322" value="ⲛ"/>
		<feat xlink:href="#sSpan326" value="ⲛⲉϥ"/>
		<feat xlink:href="#sSpan329" value="ⲥⲛⲏⲩ"/>
		<feat xlink:href="#sSpan331" value="ϫⲉ"/>
		<feat xlink:href="#sSpan336" value="ⲛⲧⲉⲧⲛ"/>
		<feat xlink:href="#sSpan338" value="ϩⲛ"/>
		<feat xlink:href="#sSpan342" value="ⲟⲩ"/>
		<feat xlink:href="#sSpan344" value="·"/>
		<feat xlink:href="#sSpan348" value="ⲁⲩⲱ"/>
		<feat xlink:href="#sSpan354" value="ⲛⲧⲉⲧ︤ⲛ︥"/>
		<feat xlink:href="#sSpan358" value="ϩⲉⲛ"/>
		<feat xlink:href="#sSpan360" value="ⲉⲃⲟⲗ"/>
		<feat xlink:href="#sSpan364" value="ⲧⲱⲛ"/>
		<feat xlink:href="#sSpan368" value="·"/>
		<feat xlink:href="#sSpan372" value="ⲉⲛⲉ"/>
		<feat xlink:href="#sSpan376" value="ϥ"/>
		<feat xlink:href="#sSpan378" value="ⲟ"/>
		<feat xlink:href="#sSpan381" value="ⲁⲛ"/>
		<feat xlink:href="#sSpan385" value="ⲛ"/>
		<feat xlink:href="#sSpan390" value="ⲁⲧⲥⲟⲟⲩⲛ"/>
		<feat xlink:href="#sSpan393" value="·"/>
		<feat xlink:href="#sSpan398" value="ⲉ"/>
		<feat xlink:href="#sSpan405" value="ⲛ"/>
		<feat xlink:href="#sSpan408" value="ⲉⲛⲧ"/>
		<feat xlink:href="#sSpan410" value="ⲁ"/>
		<feat xlink:href="#sSpan412" value="ⲩ"/>
		<feat xlink:href="#sSpan414" value="ⲉⲓ̈ⲙⲉ"/>
		<feat xlink:href="#sSpan417" value="ⲅⲁⲣ"/>
		<feat xlink:href="#sSpan421" value="ⲛⲉ"/>
		<feat xlink:href="#sSpan426" value="ⲩ"/>
		<feat xlink:href="#sSpan428" value="ⲛⲁ"/>
		<feat xlink:href="#sSpan430" value="ⲧⲙ"/>
		<feat xlink:href="#sSpan432" value="ⲣⲱ"/>
		<feat xlink:href="#sSpan435" value="ⲟⲩ"/>
		<feat xlink:href="#sSpan438" value="ⲉ"/>
		<feat xlink:href="#sSpan442" value="ⲧ︤ⲙ︥"/>
		<feat xlink:href="#sSpan444" value="ϫⲱ"/>
		<feat xlink:href="#sSpan446" value="ⲛ"/>
		<feat xlink:href="#sSpan450" value="ⲛⲓ̈"/>
		<feat xlink:href="#sSpan454" value="ⲙⲛ̄ⲧⲁⲥⲉⲃⲏⲥ"/>
		<feat xlink:href="#sSpan459" value="·"/>
		<feat xlink:href="#sSpan463" value="ⲛ̄ϭⲉⲓ̈"/>
		<feat xlink:href="#sSpan468" value="ⲡ"/>
		<feat xlink:href="#sSpan472" value="ⲅⲉⲛⲟⲥ"/>
		<feat xlink:href="#sSpan474" value="ⲛ̄"/>
		<feat xlink:href="#sSpan478" value="ⲛ"/>
		<feat xlink:href="#sSpan481" value="ⲉⲛⲧ"/>
		<feat xlink:href="#sSpan484" value="ⲁ"/>
		<feat xlink:href="#sSpan486" value="ⲩ"/>
		<feat xlink:href="#sSpan488" value="ϫⲟⲟ"/>
		<feat xlink:href="#sSpan490" value="ⲥ"/>
		<feat xlink:href="#sSpan492" value="ϩⲱ"/>
		<feat xlink:href="#sSpan496" value="ⲟⲩ"/>
		<feat xlink:href="#sSpan498" value="ϫⲓ̈ⲛ"/>
		<feat xlink:href="#sSpan503" value="ⲉⲛ"/>
		<feat xlink:href="#sSpan505" value="ϣⲟⲣⲡ"/>
		<feat xlink:href="#sSpan507" value="ϫⲉ"/>
		<feat xlink:href="#sSpan512" value="ⲛ"/>
		<feat xlink:href="#sSpan514" value="ⲁϣ"/>
		<feat xlink:href="#sSpan516" value="ⲛ"/>
		<feat xlink:href="#sSpan520" value="ϩⲉ"/>
		<feat xlink:href="#sSpan522" value="ⲁ"/>
		<feat xlink:href="#sSpan526" value="ⲡ"/>
		<feat xlink:href="#sSpan530" value="ⲛⲟⲩⲧⲉ"/>
		<feat xlink:href="#sSpan532" value="ⲉⲓ̈ⲙⲉ"/>
		<feat xlink:href="#sSpan536" value="·"/>
		<feat xlink:href="#sSpan540" value="ⲁⲩⲱ"/>
		<feat xlink:href="#sSpan546" value="ϫⲉ"/>
		<feat xlink:href="#sSpan551" value="ⲟⲩⲛ"/>
		<feat xlink:href="#sSpan553" value="ⲥⲟⲟⲩⲛ"/>
		<feat xlink:href="#sSpan556" value="ϩⲙ"/>
		<feat xlink:href="#sSpan561" value="ⲡ"/>
		<feat xlink:href="#sSpan564" value="ⲉⲧ"/>
		<feat xlink:href="#sSpan566" value="ϫⲟⲥⲉ"/>
		<feat xlink:href="#sSpan568" value="·"/>
		<feat xlink:href="#sSpan573" value="ⲥⲉ"/>
		<feat xlink:href="#sSpan581" value="ⲥϩⲟⲩⲟⲣⲧ"/>
		<feat xlink:href="#sSpan583" value="ⲛ̄ϭⲉⲓ"/>
		<feat xlink:href="#sSpan587" value="ⲛ"/>
		<feat xlink:href="#sSpan591" value="ⲉⲧ"/>
		<feat xlink:href="#sSpan593" value="ϫⲱ"/>
		<feat xlink:href="#sSpan595" value="ⲙⲙⲟ"/>
		<feat xlink:href="#sSpan599" value="ⲥ"/>
		<feat xlink:href="#sSpan601" value="·"/>
		<feat xlink:href="#sSpan605" value="ϫⲉ"/>
		<feat xlink:href="#sSpan610" value="ⲉϣϫⲉ"/>
		<feat xlink:href="#sSpan612" value="ⲟⲩ"/>
		<feat xlink:href="#sSpan615" value="ⲛⲟⲩⲧⲉ"/>
		<feat xlink:href="#sSpan618" value="ⲡⲉ"/>
		<feat xlink:href="#sSpan623" value="ⲓ︤ⲥ︥"/>
		<feat xlink:href="#sSpan628" value="·"/>
		<feat xlink:href="#sSpan632" value="ⲉⲧⲃⲉ"/>
		<feat xlink:href="#sSpan637" value="ⲟⲩ"/>
		<feat xlink:href="#sSpan640" value="ⲙⲡⲉ"/>
		<feat xlink:href="#sSpan644" value="ϥ"/>
		<feat xlink:href="#sSpan646" value="ⲉⲓ̈ⲙⲉ"/>
		<feat xlink:href="#sSpan648" value="ϫⲉ"/>
		<feat xlink:href="#sSpan653" value="ⲛⲧ"/>
		<feat xlink:href="#sSpan655" value="ⲁ"/>
		<feat xlink:href="#sSpan657" value="ⲩ"/>
		<feat xlink:href="#sSpan659" value="ⲕⲁ"/>
		<feat xlink:href="#sSpan662" value="ⲗⲁⲍⲁⲣⲟⲥ"/>
		<feat xlink:href="#sSpan666" value="ⲧⲱⲛ"/>
		<feat xlink:href="#sSpan670" value="·"/>
		<feat xlink:href="#sSpan675" value="ⲛⲧ"/>
		<feat xlink:href="#sSpan682" value="ⲁ"/>
		<feat xlink:href="#sSpan684" value="ⲩ"/>
		<feat xlink:href="#sSpan686" value="ϫⲉ"/>
		<feat xlink:href="#sSpan688" value="ⲡⲁⲓ̈"/>
		<feat xlink:href="#sSpan691" value="ⲉⲃⲟⲗ"/>
		<feat xlink:href="#sSpan696" value="ϫⲉ"/>
		<feat xlink:href="#sSpan701" value="ⲁ"/>
		<feat xlink:href="#sSpan703" value="ⲩ"/>
		<feat xlink:href="#sSpan705" value="ⲥⲱⲧⲙ"/>
		<feat xlink:href="#sSpan707" value="ϩⲙ"/>
		<feat xlink:href="#sSpan712" value="ⲡ"/>
		<feat xlink:href="#sSpan716" value="ⲉⲩⲁⲅⲅⲉⲗⲓ̈ⲟⲛ"/>
		<feat xlink:href="#sSpan719" value="ϫⲉ"/>
		<feat xlink:href="#sSpan723" value="ⲛⲧ"/>
		<feat xlink:href="#sSpan725" value="ⲁ"/>
		<feat xlink:href="#sSpan728" value="ⲩ"/>
		<feat xlink:href="#sSpan731" value="ⲧⲉⲧⲛ"/>
		<feat xlink:href="#sSpan736" value="ⲕⲁⲁ"/>
		<feat xlink:href="#sSpan738" value="ϥ"/>
		<feat xlink:href="#sSpan740" value="ⲧⲱⲛ"/>
		<feat xlink:href="#sSpan745" value="·"/>
		<feat xlink:href="#sSpan749" value="ⲉ"/>
		<feat xlink:href="#sSpan755" value="ⲩ"/>
		<feat xlink:href="#sSpan757" value="ⲟ"/>
		<feat xlink:href="#sSpan759" value="ⲛ"/>
		<feat xlink:href="#sSpan764" value="ⲁⲧⲥⲟⲟⲩⲛ"/>
		<feat xlink:href="#sSpan769" value="ϫⲉ"/>
		<feat xlink:href="#sSpan773" value="ⲛⲧ"/>
		<feat xlink:href="#sSpan776" value="ⲁ"/>
		<feat xlink:href="#sSpan778" value="ⲡ"/>
		<feat xlink:href="#sSpan781" value="ϫⲟⲉⲓ̈ⲥ"/>
		<feat xlink:href="#sSpan783" value="ϣⲓⲛⲉ"/>
		<feat xlink:href="#sSpan789" value="ϩⲱⲥ"/>
		<feat xlink:href="#sSpan793" value="ⲣⲱⲙⲉ"/>
		<feat xlink:href="#sSpan796" value="ⲉ"/>
		<feat xlink:href="#sSpan801" value="ⲡ"/>
		<feat xlink:href="#sSpan804" value="ⲛⲟⲩⲧⲉ"/>
		<feat xlink:href="#sSpan806" value="ⲡⲉ"/>
		<feat xlink:href="#sSpan810" value="·"/>
		<feat xlink:href="#sSpan814" value="ⲁⲩⲱ"/>
		<feat xlink:href="#sSpan819" value="ϫⲉ"/>
		<feat xlink:href="#sSpan823" value="ⲡⲉ"/>
		<feat xlink:href="#sSpan827" value="ⲥⲭⲏⲙⲁ"/>
		<feat xlink:href="#sSpan830" value="ⲛ"/>
		<feat xlink:href="#sSpan834" value="ⲧⲉⲓ̈"/>
		<feat xlink:href="#sSpan836" value="ⲙⲉⲓ̈ⲛⲉ"/>
		<feat xlink:href="#sSpan838" value="ϣⲁ"/>
		<feat xlink:href="#sSpan843" value="ϥ"/>
		<feat xlink:href="#sSpan845" value="ϣⲱⲡⲉ"/>
		<feat xlink:href="#sSpan847" value="ⲛ"/>
		<feat xlink:href="#sSpan851" value="ϩⲁϩ"/>
		<feat xlink:href="#sSpan855" value="ⲛ"/>
		<feat xlink:href="#sSpan859" value="ⲥⲟⲡ"/>
		<feat xlink:href="#sSpan861" value="ϩⲉⲛ"/>
		<feat xlink:href="#sSpan865" value="ϩⲉⲛ"/>
		<feat xlink:href="#sSpan869" value="ϭⲉⲓ̈ⲛϣⲁϫⲉ"/>
		<feat xlink:href="#sSpan873" value="·"/>
		<feat xlink:href="#sSpan878" value="ⲙⲁⲗⲓ̈ⲥⲧⲁ"/>
		<feat xlink:href="#sSpan883" value="ⲛ"/>
		<feat xlink:href="#sSpan888" value="ⲣⲱⲙⲉ"/>
		<feat xlink:href="#sSpan890" value="·"/>
		<feat xlink:href="#sSpan896" value="ⲕⲁⲧⲁ"/>
		<feat xlink:href="#sSpan903" value="ⲑ"/>
		<feat xlink:href="#sSpan905" value="ⲉ"/>
		<feat xlink:href="#sSpan907" value="ⲛⲧ"/>
		<feat xlink:href="#sSpan911" value="ⲁ"/>
		<feat xlink:href="#sSpan913" value="ϥ"/>
		<feat xlink:href="#sSpan915" value="ϫⲟⲟ"/>
		<feat xlink:href="#sSpan918" value="ⲥ"/>
		<feat xlink:href="#sSpan920" value="·"/>
		<feat xlink:href="#sSpan925" value="ⲏ"/>
		<feat xlink:href="#sSpan929" value="ⲉ"/>
		<feat xlink:href="#sSpan934" value="ⲁ"/>
		<feat xlink:href="#sSpan936" value="ϥ"/>
		<feat xlink:href="#sSpan938" value="ⲣ̄"/>
		<feat xlink:href="#sSpan940" value="ⲡⲁⲓ̈"/>
		<feat xlink:href="#sSpan944" value="ⲛⲧⲟϥ"/>
		<feat xlink:href="#sSpan948" value="ⲡ"/>
		<feat xlink:href="#sSpan953" value="ϫⲟⲉⲓ̈ⲥ"/>
		<feat xlink:href="#sSpan957" value="ϩⲱⲥ"/>
		<feat xlink:href="#sSpan961" value="ⲣⲱⲙⲉ"/>
		<feat xlink:href="#sSpan964" value="ⲛ"/>
		<feat xlink:href="#sSpan969" value="ⲑ"/>
		<feat xlink:href="#sSpan971" value="ⲉ"/>
		<feat xlink:href="#sSpan973" value="ⲉⲧ"/>
		<feat xlink:href="#sSpan977" value="ⲥⲏϩ"/>
		<feat xlink:href="#sSpan979" value="ϩⲛ"/>
		<feat xlink:href="#sSpan983" value="ⲧ"/>
		<feat xlink:href="#sSpan988" value="ⲅⲉⲛⲏⲥⲓ̈ⲥ"/>
		<feat xlink:href="#sSpan990" value="·"/>
		<feat xlink:href="#sSpan995" value="ⲉ"/>
		<feat xlink:href="#sSpan1001" value="ⲁ"/>
		<feat xlink:href="#sSpan1003" value="ϥ"/>
		<feat xlink:href="#sSpan1005" value="ϫⲛⲉ"/>
		<feat xlink:href="#sSpan1008" value="ⲁⲃⲣⲁϩⲁⲙ"/>
		<feat xlink:href="#sSpan1011" value="ϫⲉ"/>
		<feat xlink:href="#sSpan1016" value="ⲉ"/>
		<feat xlink:href="#sSpan1018" value="ⲥ"/>
		<feat xlink:href="#sSpan1020" value="ⲧⲱⲛ"/>
		<feat xlink:href="#sSpan1023" value="ⲥⲁⲣⲣⲁ"/>
		<feat xlink:href="#sSpan1029" value="ⲧⲉⲕ"/>
		<feat xlink:href="#sSpan1033" value="ⲥϩⲓ̈ⲙⲉ"/>
		<feat xlink:href="#sSpan1035" value="·"/>
		<feat xlink:href="#sSpan1040" value="ⲛ"/>
		<feat xlink:href="#sSpan1047" value="ⲑ"/>
		<feat xlink:href="#sSpan1049" value="ⲉ"/>
		<feat xlink:href="#sSpan1051" value="ⲟⲛ"/>
		<feat xlink:href="#sSpan1055" value="ⲛⲧ"/>
		<feat xlink:href="#sSpan1059" value="ⲁ"/>
		<feat xlink:href="#sSpan1061" value="ⲡ"/>
		<feat xlink:href="#sSpan1065" value="ⲁⲅⲅⲉⲗⲟⲥ"/>
		<feat xlink:href="#sSpan1068" value="·"/>
		<feat xlink:href="#sSpan1072" value="ϫⲛⲉ"/>
		<feat xlink:href="#sSpan1076" value="ⲛⲉ"/>
		<feat xlink:href="#sSpan1079" value="ϩⲉⲓ̈ⲟⲙⲉ"/>
		<feat xlink:href="#sSpan1082" value="ϩⲛ"/>
		<feat xlink:href="#sSpan1086" value="ⲡ"/>
		<feat xlink:href="#sSpan1090" value="ⲧⲁⲫⲟⲥ"/>
		<feat xlink:href="#sSpan1093" value="·"/>
		<feat xlink:href="#sSpan1097" value="ϫⲉ"/>
		<feat xlink:href="#sSpan1101" value="ⲉ"/>
		<feat xlink:href="#sSpan1103" value="ⲧⲉⲧⲛ"/>
		<feat xlink:href="#sSpan1107" value="ϣⲓ̈ⲛⲉ"/>
		<feat xlink:href="#sSpan1110" value="ⲛⲥⲁ"/>
		<feat xlink:href="#sSpan1114" value="ⲛⲓ̈ⲙ"/>
		<feat xlink:href="#sSpan1116" value="·"/>
		<feat xlink:href="#sSpan1121" value="ⲡⲁⲓ̈"/>
		<feat xlink:href="#sSpan1129" value="ⲟⲛ"/>
		<feat xlink:href="#sSpan1133" value="ⲁ"/>
		<feat xlink:href="#sSpan1137" value="ϥ"/>
		<feat xlink:href="#sSpan1139" value="ⲁⲁ"/>
		<feat xlink:href="#sSpan1141" value="ϥ"/>
		<feat xlink:href="#sSpan1143" value="ⲛϭⲓ"/>
		<feat xlink:href="#sSpan1147" value="ⲡ"/>
		<feat xlink:href="#sSpan1151" value="ϫⲟⲉⲓ̈ⲥ"/>
		<feat xlink:href="#sSpan1153" value="·"/>
		<feat xlink:href="#sSpan1157" value="ⲉ"/>
		<feat xlink:href="#sSpan1161" value="ϥ"/>
		<feat xlink:href="#sSpan1163" value="ϫⲱ"/>
		<feat xlink:href="#sSpan1165" value="ⲙⲙⲟ"/>
		<feat xlink:href="#sSpan1170" value="ⲥ"/>
		<feat xlink:href="#sSpan1172" value="ⲙ̄"/>
		<feat xlink:href="#sSpan1177" value="ⲙⲁⲣⲓ̈ϩⲁⲙ"/>
		<feat xlink:href="#sSpan1181" value="·"/>
		<feat xlink:href="#sSpan1185" value="ϫⲉ"/>
		<feat xlink:href="#sSpan1189" value="ⲧⲉ"/>
		<feat xlink:href="#sSpan1192" value="ⲥϩⲓ̈ⲙⲉ"/>
		<feat xlink:href="#sSpan1195" value="ⲁϩⲣⲟ"/>
		<feat xlink:href="#sSpan1199" value="ⲧⲉ"/>
		<feat xlink:href="#sSpan1203" value="ⲣⲓ̈ⲙⲉ"/>
		<feat xlink:href="#sSpan1206" value="·"/>
		<feat xlink:href="#sSpan1210" value="ⲉⲣ"/>
		<feat xlink:href="#sSpan1214" value="ϣⲓ̈ⲛⲉ"/>
		<feat xlink:href="#sSpan1217" value="ⲛⲥⲁ"/>
		<feat xlink:href="#sSpan1222" value="ⲛⲓⲙ"/>
		<feat xlink:href="#sSpan1224" value="·"/>
		<feat xlink:href="#sSpan1229" value="ⲛ"/>
		<feat xlink:href="#sSpan1236" value="ⲑ"/>
		<feat xlink:href="#sSpan1238" value="ⲉ"/>
		<feat xlink:href="#sSpan1240" value="ⲟⲛ"/>
		<feat xlink:href="#sSpan1244" value="ⲛⲧ"/>
		<feat xlink:href="#sSpan1248" value="ⲁ"/>
		<feat xlink:href="#sSpan1250" value="ϥ"/>
		<feat xlink:href="#sSpan1252" value="ϫⲛⲉ"/>
		<feat xlink:href="#sSpan1254" value="ⲛ"/>
		<feat xlink:href="#sSpan1258" value="ⲉⲧ"/>
		<feat xlink:href="#sSpan1260" value="ⲙⲟⲟϣⲉ"/>
		<feat xlink:href="#sSpan1263" value="ⲉ"/>
		<feat xlink:href="#sSpan1268" value="ⲁⲙⲙⲁⲟⲩⲥ"/>
		<feat xlink:href="#sSpan1272" value="·"/>
		<feat xlink:href="#sSpan1276" value="ⲉⲧⲃⲉ"/>
		<feat xlink:href="#sSpan1280" value="ⲛ"/>
		<feat xlink:href="#sSpan1284" value="ⲉⲛⲧ"/>
		<feat xlink:href="#sSpan1286" value="ⲁ"/>
		<feat xlink:href="#sSpan1288" value="ⲩ"/>
		<feat xlink:href="#sSpan1290" value="ϣⲱⲡⲉ"/>
		<feat xlink:href="#sSpan1293" value="ⲙⲟⲟ"/>
		<feat xlink:href="#sSpan1298" value="ϥ"/>
		<feat xlink:href="#sSpan1300" value="·"/>
		<feat xlink:href="#sSpan1305" value="ϫⲉ"/>
		<feat xlink:href="#sSpan1310" value="ⲟⲩ"/>
		<feat xlink:href="#sSpan1312" value="ⲛⲉ"/>
		<feat xlink:href="#sSpan1316" value="ⲛⲉⲓ̈"/>
		<feat xlink:href="#sSpan1321" value="ϣⲁϫⲉ"/>
		<feat xlink:href="#sSpan1324" value="ⲉ"/>
		<feat xlink:href="#sSpan1328" value="ⲧⲉⲧⲛ"/>
		<feat xlink:href="#sSpan1330" value="ϫⲱ"/>
		<feat xlink:href="#sSpan1332" value="ⲙⲙⲟ"/>
		<feat xlink:href="#sSpan1337" value="ⲟⲩ"/>
		<feat xlink:href="#sSpan1339" value="ⲙⲛ"/>
		<feat xlink:href="#sSpan1343" value="ⲛⲉⲧⲛ"/>
		<feat xlink:href="#sSpan1346" value="ⲉⲣⲏⲩ"/>
		<feat xlink:href="#sSpan1348" value="ⲉ"/>
		<feat xlink:href="#sSpan1352" value="ⲧⲉⲧⲛ"/>
		<feat xlink:href="#sSpan1355" value="ⲙⲟⲟϣⲉ"/>
		<feat xlink:href="#sSpan1358" value="ϩⲉⲓ̈"/>
		<feat xlink:href="#sSpan1362" value="ⲧⲉ"/>
		<feat xlink:href="#sSpan1366" value="ϩⲓ̈ⲏ"/>
		<feat xlink:href="#sSpan1368" value="·"/>
		<feat xlink:href="#sSpan1373" value="ⲁⲩⲱ"/>
		<feat xlink:href="#sSpan1380" value="ⲛ"/>
		<feat xlink:href="#sSpan1384" value="ⲑ"/>
		<feat xlink:href="#sSpan1386" value="ⲉ"/>
		<feat xlink:href="#sSpan1388" value="ⲛⲧ"/>
		<feat xlink:href="#sSpan1392" value="ⲁ"/>
		<feat xlink:href="#sSpan1394" value="ϥ"/>
		<feat xlink:href="#sSpan1396" value="ⲙⲟⲩⲧⲉ"/>
		<feat xlink:href="#sSpan1399" value="ⲉ"/>
		<feat xlink:href="#sSpan1403" value="ⲛ"/>
		<feat xlink:href="#sSpan1407" value="ⲁⲡⲟⲥⲧⲟⲗⲟⲥ"/>
		<feat xlink:href="#sSpan1410" value="ⲁ"/>
		<feat xlink:href="#sSpan1414" value="ϥ"/>
		<feat xlink:href="#sSpan1416" value="ϫⲛⲟⲩ"/>
		<feat xlink:href="#sSpan1418" value="ⲟⲩ"/>
		<feat xlink:href="#sSpan1421" value="ⲉ"/>
		<feat xlink:href="#sSpan1425" value="ϥ"/>
		<feat xlink:href="#sSpan1427" value="ϫⲱ"/>
		<feat xlink:href="#sSpan1429" value="ⲙⲙⲟ"/>
		<feat xlink:href="#sSpan1433" value="ⲥ"/>
		<feat xlink:href="#sSpan1436" value="ϫⲉ"/>
		<feat xlink:href="#sSpan1441" value="ⲛⲉⲓ"/>
		<feat xlink:href="#sSpan1444" value="ϣⲏⲣⲉ"/>
		<feat xlink:href="#sSpan1447" value="ϣⲏⲙ"/>
		<feat xlink:href="#sSpan1452" value="ⲙⲏ"/>
		<feat xlink:href="#sSpan1457" value="ⲟⲩⲛ"/>
		<feat xlink:href="#sSpan1461" value="ⲗⲁⲁⲩ"/>
		<feat xlink:href="#sSpan1464" value="ⲛ"/>
		<feat xlink:href="#sSpan1469" value="ⲧⲃⲧ"/>
		<feat xlink:href="#sSpan1474" value="ⲛⲧⲉ"/>
		<feat xlink:href="#sSpan1478" value="ⲧⲏⲩⲧⲛ"/>
		<feat xlink:href="#sSpan1481" value="·"/>
		<feat xlink:href="#sSpan1485" value="ⲉ"/>
		<feat xlink:href="#sSpan1489" value="ϥ"/>
		<feat xlink:href="#sSpan1491" value="ⲥⲟⲟⲩⲛ"/>
		<feat xlink:href="#sSpan1493" value="ϫⲉ"/>
		<feat xlink:href="#sSpan1498" value="ⲙⲡ"/>
		<feat xlink:href="#sSpan1500" value="ⲟⲩ"/>
		<feat xlink:href="#sSpan1502" value="ϭⲉⲡ"/>
		<feat xlink:href="#sSpan1504" value="ⲗⲁⲁⲩ"/>
		<feat xlink:href="#sSpan1508" value="ⲛ"/>
		<feat xlink:href="#sSpan1512" value="ⲧⲉⲩ"/>
		<feat xlink:href="#sSpan1514" value="ϣⲏ"/>
		<feat xlink:href="#sSpan1516" value="ⲉⲧ"/>
		<feat xlink:href="#sSpan1521" value="ⲙⲙⲁⲩ"/>
		<feat xlink:href="#sSpan1524" value="ⲛ"/>
		<feat xlink:href="#sSpan1531" value="ⲑ"/>
		<feat xlink:href="#sSpan1533" value="ⲉ"/>
		<feat xlink:href="#sSpan1535" value="ⲟⲛ"/>
		<feat xlink:href="#sSpan1539" value="ⲛⲧ"/>
		<feat xlink:href="#sSpan1543" value="ⲁ"/>
		<feat xlink:href="#sSpan1545" value="ϥ"/>
		<feat xlink:href="#sSpan1547" value="ϫⲛⲟⲩ"/>
		<feat xlink:href="#sSpan1549" value="ⲟⲩ"/>
		<feat xlink:href="#sSpan1552" value="·"/>
		<feat xlink:href="#sSpan1556" value="ϫⲉ"/>
		<feat xlink:href="#sSpan1560" value="ⲟⲩⲏⲣ"/>
		<feat xlink:href="#sSpan1562" value="ⲛ"/>
		<feat xlink:href="#sSpan1568" value="ⲟⲉⲓ̈ⲕ"/>
		<feat xlink:href="#sSpan1570" value="ⲛⲧⲉ"/>
		<feat xlink:href="#sSpan1574" value="ⲧⲏⲩⲧⲛ"/>
		<feat xlink:href="#sSpan1577" value="·"/>
		<feat xlink:href="#sSpan1583" value="ⲁⲣⲁ"/>
		<feat xlink:href="#sSpan1590" value="ⲡ"/>
		<feat xlink:href="#sSpan1595" value="ⲉⲛⲧ"/>
		<feat xlink:href="#sSpan1597" value="ⲁ"/>
		<feat xlink:href="#sSpan1599" value="ϥ"/>
		<feat xlink:href="#sSpan1601" value="ⲥⲙⲟⲩ"/>
		<feat xlink:href="#sSpan1603" value="ⲉ"/>
		<feat xlink:href="#sSpan1608" value="ⲛ"/>
		<feat xlink:href="#sSpan1611" value="ⲟⲉⲓ̈ⲕ"/>
		<feat xlink:href="#sSpan1613" value="ⲁ"/>
		<feat xlink:href="#sSpan1617" value="ϥ"/>
		<feat xlink:href="#sSpan1619" value="ⲧⲁϣⲟ"/>
		<feat xlink:href="#sSpan1621" value="ⲟⲩ"/>
		<feat xlink:href="#sSpan1624" value="ⲛⲉ"/>
		<feat xlink:href="#sSpan1628" value="ϥ"/>
		<feat xlink:href="#sSpan1630" value="ⲥⲟⲟⲩⲛ"/>
		<feat xlink:href="#sSpan1632" value="ⲁⲛ"/>
		<feat xlink:href="#sSpan1637" value="ϫⲉ"/>
		<feat xlink:href="#sSpan1641" value="ⲟⲩⲏⲣ"/>
		<feat xlink:href="#sSpan1643" value="ⲛⲉ"/>
		<feat xlink:href="#sSpan1647" value="·"/>
		<feat xlink:href="#sSpan1652" value="ⲁⲣⲏⲩ"/>
		<feat xlink:href="#sSpan1660" value="ⲟⲛ"/>
		<feat xlink:href="#sSpan1664" value="ⲛⲉ"/>
		<feat xlink:href="#sSpan1668" value="ϥ"/>
		<feat xlink:href="#sSpan1670" value="ⲥⲟⲟⲩⲛ"/>
		<feat xlink:href="#sSpan1672" value="ⲁⲛ"/>
		<feat xlink:href="#sSpan1677" value="ϫⲉ"/>
		<feat xlink:href="#sSpan1681" value="ⲛⲓ̈ⲙ"/>
		<feat xlink:href="#sSpan1683" value="ⲡ"/>
		<feat xlink:href="#sSpan1687" value="ⲉⲛⲧ"/>
		<feat xlink:href="#sSpan1690" value="ⲁ"/>
		<feat xlink:href="#sSpan1692" value="ϥ"/>
		<feat xlink:href="#sSpan1694" value="ϫⲱϩ"/>
		<feat xlink:href="#sSpan1696" value="ⲉ"/>
		<feat xlink:href="#sSpan1700" value="ⲡ"/>
		<feat xlink:href="#sSpan1703" value="ⲧⲟⲡ"/>
		<feat xlink:href="#sSpan1705" value="ⲛ"/>
		<feat xlink:href="#sSpan1710" value="ⲛⲉϥ"/>
		<feat xlink:href="#sSpan1713" value="ϩⲟⲓⲧⲉ"/>
		<feat xlink:href="#sSpan1715" value="·"/>
		<feat xlink:href="#sSpan1719" value="ⲁ"/>
		<feat xlink:href="#sSpan1724" value="ⲡⲉⲥ"/>
		<feat xlink:href="#sSpan1727" value="ⲥⲛⲟϥ"/>
		<feat xlink:href="#sSpan1729" value="ⲗⲟ"/>
		<feat xlink:href="#sSpan1734" value="ⲉ"/>
		<feat xlink:href="#sSpan1739" value="ϥ"/>
		<feat xlink:href="#sSpan1741" value="ϣⲟⲩⲟ"/>
		<feat xlink:href="#sSpan1743" value="·"/>
		<feat xlink:href="#sSpan1749" value="ϩⲟⲙⲟⲓ̈ⲱⲥ"/>
		<feat xlink:href="#sSpan1756" value="ⲉⲣϣⲁⲛ"/>
		<feat xlink:href="#sSpan1760" value="ⲧ"/>
		<feat xlink:href="#sSpan1765" value="ⲕⲁⲕⲓ̈ⲁ"/>
		<feat xlink:href="#sSpan1767" value="ⲙ"/>
		<feat xlink:href="#sSpan1771" value="ⲡⲉⲕ"/>
		<feat xlink:href="#sSpan1774" value="ⲉⲓ̈ⲱⲧ"/>
		<feat xlink:href="#sSpan1777" value="ⲡ"/>
		<feat xlink:href="#sSpan1783" value="ⲥⲁⲇⲁⲛⲁⲥ"/>
		<feat xlink:href="#sSpan1786" value="ⲡⲱϩ"/>
		<feat xlink:href="#sSpan1791" value="ⲏ"/>
		<feat xlink:href="#sSpan1795" value="ⲛⲉ"/>
		<feat xlink:href="#sSpan1799" value="ⲥ"/>
		<feat xlink:href="#sSpan1802" value="ⲡⲱϭ"/>
		<feat xlink:href="#sSpan1805" value="ⲉⲛϩⲏⲧ"/>
		<feat xlink:href="#sSpan1809" value="ⲕ"/>
		<feat xlink:href="#sSpan1811" value="·"/>
		<feat xlink:href="#sSpan1816" value="ⲱ"/>
		<feat xlink:href="#sSpan1822" value="ⲡ"/>
		<feat xlink:href="#sSpan1829" value="ϩⲉⲗⲗⲏⲛ"/>
		<feat xlink:href="#sSpan1831" value="·"/>
		<feat xlink:href="#sSpan1835" value="ⲛ"/>
		<feat xlink:href="#sSpan1840" value="ⲥ"/>
		<feat xlink:href="#sSpan1843" value="ⲣϩⲟⲩⲉⲙⲁϩ"/>
		<feat xlink:href="#sSpan1847" value="ⲕ"/>
		<feat xlink:href="#sSpan1849" value="ⲙ"/>
		<feat xlink:href="#sSpan1855" value="ⲙⲛⲧⲁⲧⲛⲁϩⲧⲉ"/>
		<feat xlink:href="#sSpan1861" value="·"/>
		<feat xlink:href="#sSpan1866" value="ϯ"/>
		<feat xlink:href="#sSpan1873" value="ⲛⲁ"/>
		<feat xlink:href="#sSpan1875" value="ϫⲟⲟ"/>
		<feat xlink:href="#sSpan1877" value="ⲥ"/>
		<feat xlink:href="#sSpan1879" value="ⲉ"/>
		<feat xlink:href="#sSpan1883" value="ⲓ̈"/>
		<feat xlink:href="#sSpan1886" value="ϩⲟⲙⲟⲗⲟⲅⲉⲓ̈"/>
		<feat xlink:href="#sSpan1889" value="ⲛ"/>
		<feat xlink:href="#sSpan1893" value="ⲧ"/>
		<feat xlink:href="#sSpan1896" value="ⲙⲉ"/>
		<feat xlink:href="#sSpan1898" value="·"/>
		<feat xlink:href="#sSpan1902" value="ϫⲉ"/>
		<feat xlink:href="#sSpan1907" value="ⲟⲩ"/>
		<feat xlink:href="#sSpan1911" value="ⲙⲟⲛⲟⲛ"/>
		<feat xlink:href="#sSpan1913" value="ϥ"/>
		<feat xlink:href="#sSpan1917" value="ⲥⲟⲟⲩⲛ"/>
		<feat xlink:href="#sSpan1920" value="ϫⲉ"/>
		<feat xlink:href="#sSpan1924" value="ⲉⲓ̈ⲥ"/>
		<feat xlink:href="#sSpan1926" value="ⲡⲉ"/>
		<feat xlink:href="#sSpan1929" value="ⲥⲛⲟϥ"/>
		<feat xlink:href="#sSpan1932" value="ϩⲁⲣⲟ"/>
		<feat xlink:href="#sSpan1936" value="ⲥ"/>
		<feat xlink:href="#sSpan1938" value="ⲙ"/>
		<feat xlink:href="#sSpan1943" value="ⲙⲛⲧⲥⲛⲟⲟⲩⲥ"/>
		<feat xlink:href="#sSpan1948" value="ⲛ"/>
		<feat xlink:href="#sSpan1953" value="ⲣⲟⲙⲡⲉ"/>
		<feat xlink:href="#sSpan1955" value="·"/>
		<feat xlink:href="#sSpan1960" value="ⲁⲗⲗⲁ"/>
		<feat xlink:href="#sSpan1964" value="ϥ"/>
		<feat xlink:href="#sSpan1969" value="ⲥⲟⲟⲩⲛ"/>
		<feat xlink:href="#sSpan1971" value="ⲙⲙⲟ"/>
		<feat xlink:href="#sSpan1975" value="ⲥ"/>
		<feat xlink:href="#sSpan1977" value="ϫⲓ̈ⲛ"/>
		<feat xlink:href="#sSpan1982" value="ⲉ"/>
		<feat xlink:href="#sSpan1984" value="ⲥ"/>
		<feat xlink:href="#sSpan1986" value="ⲛϩⲏⲧ"/>
		<feat xlink:href="#sSpan1988" value="ⲥ"/>
		<feat xlink:href="#sSpan1990" value="ⲛ"/>
		<feat xlink:href="#sSpan1995" value="ⲧⲉⲥ"/>
		<feat xlink:href="#sSpan1998" value="ⲙⲁⲁⲩ"/>
		<feat xlink:href="#sSpan2000" value="·"/>
		<feat xlink:href="#sSpan2005" value="ⲉⲣϣⲁⲛ"/>
		<feat xlink:href="#sSpan2012" value="ⲟⲩ"/>
		<feat xlink:href="#sSpan2016" value="ⲕⲉⲣⲁⲙⲉⲩⲥ"/>
		<feat xlink:href="#sSpan2020" value="ⲣⲁⲧⲥⲟⲟⲩⲛ"/>
		<feat xlink:href="#sSpan2026" value="ⲙ"/>
		<feat xlink:href="#sSpan2031" value="ⲡⲉ"/>
		<feat xlink:href="#sSpan2034" value="ϩⲛⲁⲁⲩ"/>
		<feat xlink:href="#sSpan2036" value="ⲛⲧ"/>
		<feat xlink:href="#sSpan2041" value="ⲁ"/>
		<feat xlink:href="#sSpan2043" value="ϥ"/>
		<feat xlink:href="#sSpan2045" value="ⲧⲁⲙⲉⲓ̈ⲟ"/>
		<feat xlink:href="#sSpan2047" value="ϥ"/>
		<feat xlink:href="#sSpan2049" value="ϩⲛ"/>
		<feat xlink:href="#sSpan2054" value="ⲛⲉϥ"/>
		<feat xlink:href="#sSpan2057" value="ϭⲓϫ"/>
		<feat xlink:href="#sSpan2059" value="ϩⲙ"/>
		<feat xlink:href="#sSpan2063" value="ⲡⲉϥ"/>
		<feat xlink:href="#sSpan2067" value="ⲱⲛϩ"/>
		<feat xlink:href="#sSpan2069" value="·"/>
		<feat xlink:href="#sSpan2075" value="ⲓ︤ⲥ︥"/>
		<feat xlink:href="#sSpan2081" value="ⲛⲧⲟϥ"/>
		<feat xlink:href="#sSpan2085" value="ⲥⲟⲟⲩⲛ"/>
		<feat xlink:href="#sSpan2089" value="ⲉ"/>
		<feat xlink:href="#sSpan2094" value="ⲛ"/>
		<feat xlink:href="#sSpan2097" value="ⲉⲛⲧ"/>
		<feat xlink:href="#sSpan2099" value="ⲁ"/>
		<feat xlink:href="#sSpan2101" value="ϥ"/>
		<feat xlink:href="#sSpan2104" value="ⲡⲗⲁⲥⲥⲁ"/>
		<feat xlink:href="#sSpan2107" value="ⲙⲙⲟ"/>
		<feat xlink:href="#sSpan2111" value="ⲟⲩ"/>
		<feat xlink:href="#sSpan2113" value="ϩⲛ"/>
		<feat xlink:href="#sSpan2117" value="ⲑ"/>
		<feat xlink:href="#sSpan2121" value="ⲏ"/>
		<feat xlink:href="#sSpan2123" value="·"/>
		<feat xlink:href="#sSpan2128" value="ⲛ"/>
		<feat xlink:href="#sSpan2136" value="ⲉⲧ"/>
		<feat xlink:href="#sSpan2138" value="ⲥⲟⲟⲩⲛ"/>
		<feat xlink:href="#sSpan2140" value="ϫⲉ"/>
		<feat xlink:href="#sSpan2144" value="ⲛⲉ"/>
		<feat xlink:href="#sSpan2146" value="ϥ"/></featList></paula>