<?xml version='1.0' encoding='UTF-8'?><!DOCTYPE paula SYSTEM "paula_feat.dtd">
<paula version="1.1">
	<header paula_id="scriptorium.shenoute.those.GF268-270.mark_lb_n"/>
	<featList xmlns:xlink="http://www.w3.org/1999/xlink" type="lb_n" xml:base="scriptorium.shenoute.those.GF268-270.mark.xml">
		<feat xlink:href="#sSpan6" value="1"/>
		<feat xlink:href="#sSpan37" value="2"/>
		<feat xlink:href="#sSpan51" value="3"/>
		<feat xlink:href="#sSpan63" value="4"/>
		<feat xlink:href="#sSpan80" value="5"/>
		<feat xlink:href="#sSpan97" value="6"/>
		<feat xlink:href="#sSpan105" value="7"/>
		<feat xlink:href="#sSpan118" value="8"/>
		<feat xlink:href="#sSpan132" value="9"/>
		<feat xlink:href="#sSpan148" value="10"/>
		<feat xlink:href="#sSpan158" value="11"/>
		<feat xlink:href="#sSpan169" value="12"/>
		<feat xlink:href="#sSpan183" value="13"/>
		<feat xlink:href="#sSpan195" value="14"/>
		<feat xlink:href="#sSpan215" value="15"/>
		<feat xlink:href="#sSpan224" value="16"/>
		<feat xlink:href="#sSpan242" value="17"/>
		<feat xlink:href="#sSpan263" value="18"/>
		<feat xlink:href="#sSpan269" value="19"/>
		<feat xlink:href="#sSpan283" value="20"/>
		<feat xlink:href="#sSpan293" value="21"/>
		<feat xlink:href="#sSpan314" value="22"/>
		<feat xlink:href="#sSpan320" value="23"/>
		<feat xlink:href="#sSpan334" value="24"/>
		<feat xlink:href="#sSpan351" value="1"/>
		<feat xlink:href="#sSpan362" value="2"/>
		<feat xlink:href="#sSpan379" value="3"/>
		<feat xlink:href="#sSpan401" value="4"/>
		<feat xlink:href="#sSpan422" value="5"/>
		<feat xlink:href="#sSpan436" value="6"/>
		<feat xlink:href="#sSpan455" value="7"/>
		<feat xlink:href="#sSpan466" value="8"/>
		<feat xlink:href="#sSpan482" value="9"/>
		<feat xlink:href="#sSpan501" value="10"/>
		<feat xlink:href="#sSpan510" value="11"/>
		<feat xlink:href="#sSpan528" value="12"/>
		<feat xlink:href="#sSpan549" value="13"/>
		<feat xlink:href="#sSpan559" value="14"/>
		<feat xlink:href="#sSpan576" value="15"/>
		<feat xlink:href="#sSpan589" value="16"/>
		<feat xlink:href="#sSpan606" value="17"/>
		<feat xlink:href="#sSpan616" value="18"/>
		<feat xlink:href="#sSpan638" value="19"/>
		<feat xlink:href="#sSpan649" value="20"/>
		<feat xlink:href="#sSpan664" value="21"/>
		<feat xlink:href="#sSpan678" value="22"/>
		<feat xlink:href="#sSpan699" value="23"/>
		<feat xlink:href="#sSpan708" value="24"/>
		<feat xlink:href="#sSpan717" value="25"/>
		<feat xlink:href="#sSpan732" value="1"/>
		<feat xlink:href="#sSpan743" value="2"/>
		<feat xlink:href="#sSpan766" value="3"/>
		<feat xlink:href="#sSpan774" value="4"/>
		<feat xlink:href="#sSpan786" value="5"/>
		<feat xlink:href="#sSpan799" value="6"/>
		<feat xlink:href="#sSpan817" value="7"/>
		<feat xlink:href="#sSpan828" value="8"/>
		<feat xlink:href="#sSpan841" value="9"/>
		<feat xlink:href="#sSpan853" value="10"/>
		<feat xlink:href="#sSpan870" value="11"/>
		<feat xlink:href="#sSpan881" value="12"/>
		<feat xlink:href="#sSpan899" value="13"/>
		<feat xlink:href="#sSpan916" value="14"/>
		<feat xlink:href="#sSpan942" value="15"/>
		<feat xlink:href="#sSpan954" value="16"/>
		<feat xlink:href="#sSpan967" value="17"/>
		<feat xlink:href="#sSpan985" value="18"/>
		<feat xlink:href="#sSpan999" value="19"/>
		<feat xlink:href="#sSpan1014" value="20"/>
		<feat xlink:href="#sSpan1027" value="21"/>
		<feat xlink:href="#sSpan1043" value="22"/>
		<feat xlink:href="#sSpan1066" value="23"/>
		<feat xlink:href="#sSpan1080" value="24"/>
		<feat xlink:href="#sSpan1091" value="25"/>
		<feat xlink:href="#sSpan1104" value="1"/>
		<feat xlink:href="#sSpan1125" value="2"/>
		<feat xlink:href="#sSpan1149" value="3"/>
		<feat xlink:href="#sSpan1168" value="4"/>
		<feat xlink:href="#sSpan1179" value="5"/>
		<feat xlink:href="#sSpan1193" value="6"/>
		<feat xlink:href="#sSpan1204" value="7"/>
		<feat xlink:href="#sSpan1220" value="8"/>
		<feat xlink:href="#sSpan1232" value="9"/>
		<feat xlink:href="#sSpan1255" value="10"/>
		<feat xlink:href="#sSpan1270" value="11"/>
		<feat xlink:href="#sSpan1281" value="12"/>
		<feat xlink:href="#sSpan1291" value="13"/>
		<feat xlink:href="#sSpan1308" value="14"/>
		<feat xlink:href="#sSpan1322" value="15"/>
		<feat xlink:href="#sSpan1335" value="16"/>
		<feat xlink:href="#sSpan1344" value="17"/>
		<feat xlink:href="#sSpan1353" value="18"/>
		<feat xlink:href="#sSpan1364" value="19"/>
		<feat xlink:href="#sSpan1376" value="20"/>
		<feat xlink:href="#sSpan1397" value="21"/>
		<feat xlink:href="#sSpan1408" value="22"/>
		<feat xlink:href="#sSpan1419" value="23"/>
		<feat xlink:href="#sSpan1439" value="24"/>
		<feat xlink:href="#sSpan1455" value="25"/>
		<feat xlink:href="#sSpan1470" value="1"/>
		<feat xlink:href="#sSpan1479" value="2"/>
		<feat xlink:href="#sSpan1494" value="3"/>
		<feat xlink:href="#sSpan1505" value="4"/>
		<feat xlink:href="#sSpan1519" value="5"/>
		<feat xlink:href="#sSpan1527" value="6"/>
		<feat xlink:href="#sSpan1550" value="7"/>
		<feat xlink:href="#sSpan1565" value="8"/>
		<feat xlink:href="#sSpan1575" value="9"/>
		<feat xlink:href="#sSpan1586" value="10"/>
		<feat xlink:href="#sSpan1606" value="11"/>
		<feat xlink:href="#sSpan1622" value="12"/>
		<feat xlink:href="#sSpan1635" value="13"/>
		<feat xlink:href="#sSpan1655" value="14"/>
		<feat xlink:href="#sSpan1675" value="15"/>
		<feat xlink:href="#sSpan1688" value="16"/>
		<feat xlink:href="#sSpan1708" value="17"/>
		<feat xlink:href="#sSpan1722" value="18"/>
		<feat xlink:href="#sSpan1737" value="19"/>
		<feat xlink:href="#sSpan1752" value="20"/>
		<feat xlink:href="#sSpan1761" value="21"/>
		<feat xlink:href="#sSpan1775" value="22"/>
		<feat xlink:href="#sSpan1784" value="23"/>
		<feat xlink:href="#sSpan1803" value="24"/>
		<feat xlink:href="#sSpan1819" value="1"/>
		<feat xlink:href="#sSpan1838" value="2"/>
		<feat xlink:href="#sSpan1850" value="3"/>
		<feat xlink:href="#sSpan1859" value="4"/>
		<feat xlink:href="#sSpan1869" value="5"/>
		<feat xlink:href="#sSpan1887" value="6"/>
		<feat xlink:href="#sSpan1908" value="7"/>
		<feat xlink:href="#sSpan1918" value="8"/>
		<feat xlink:href="#sSpan1930" value="9"/>
		<feat xlink:href="#sSpan1944" value="10"/>
		<feat xlink:href="#sSpan1951" value="11"/>
		<feat xlink:href="#sSpan1967" value="12"/>
		<feat xlink:href="#sSpan1980" value="13"/>
		<feat xlink:href="#sSpan1993" value="14"/>
		<feat xlink:href="#sSpan2006" value="15"/>
		<feat xlink:href="#sSpan2017" value="16"/>
		<feat xlink:href="#sSpan2029" value="17"/>
		<feat xlink:href="#sSpan2039" value="18"/>
		<feat xlink:href="#sSpan2052" value="19"/>
		<feat xlink:href="#sSpan2065" value="20"/>
		<feat xlink:href="#sSpan2079" value="21"/>
		<feat xlink:href="#sSpan2090" value="22"/>
		<feat xlink:href="#sSpan2105" value="23"/>
		<feat xlink:href="#sSpan2119" value="24"/>
		<feat xlink:href="#sSpan2134" value="25"/></featList></paula>