<?xml version='1.0' encoding='UTF-8'?><!DOCTYPE paula SYSTEM "paula_feat.dtd">
<paula version="1.1">
	<header paula_id="scriptorium.shenoute.those.GF268-270.dep_func"/>
	<featList xmlns:xlink="http://www.w3.org/1999/xlink" type="func" xml:base="scriptorium.shenoute.those.GF268-270.dep.xml">
		<feat xlink:href="#sPointingRel1" value="obj"/>
		<feat xlink:href="#sPointingRel3" value="nummod"/>
		<feat xlink:href="#sPointingRel5" value="mark"/>
		<feat xlink:href="#sPointingRel7" value="aux"/>
		<feat xlink:href="#sPointingRel9" value="obj"/>
		<feat xlink:href="#sPointingRel11" value="case"/>
		<feat xlink:href="#sPointingRel13" value="case"/>
		<feat xlink:href="#sPointingRel15" value="acl"/>
		<feat xlink:href="#sPointingRel17" value="det"/>
		<feat xlink:href="#sPointingRel19" value="case"/>
		<feat xlink:href="#sPointingRel21" value="aux"/>
		<feat xlink:href="#sPointingRel23" value="ccomp"/>
		<feat xlink:href="#sPointingRel25" value="advcl"/>
		<feat xlink:href="#sPointingRel27" value="nsubj"/>
		<feat xlink:href="#sPointingRel29" value="advcl"/>
		<feat xlink:href="#sPointingRel31" value="conj"/>
		<feat xlink:href="#sPointingRel33" value="acl"/>
		<feat xlink:href="#sPointingRel35" value="obl"/>
		<feat xlink:href="#sPointingRel37" value="cc"/>
		<feat xlink:href="#sPointingRel39" value="cop"/>
		<feat xlink:href="#sPointingRel41" value="case"/>
		<feat xlink:href="#sPointingRel43" value="obl"/>
		<feat xlink:href="#sPointingRel45" value="case"/>
		<feat xlink:href="#sPointingRel47" value="mark"/>
		<feat xlink:href="#sPointingRel49" value="mark"/>
		<feat xlink:href="#sPointingRel51" value="case"/>
		<feat xlink:href="#sPointingRel53" value="nsubj"/>
		<feat xlink:href="#sPointingRel55" value="advcl"/>
		<feat xlink:href="#sPointingRel57" value="mark"/>
		<feat xlink:href="#sPointingRel59" value="nsubj"/>
		<feat xlink:href="#sPointingRel61" value="nmod"/>
		<feat xlink:href="#sPointingRel63" value="det"/>
		<feat xlink:href="#sPointingRel65" value="det"/>
		<feat xlink:href="#sPointingRel67" value="conj"/>
		<feat xlink:href="#sPointingRel69" value="cc"/>
		<feat xlink:href="#sPointingRel71" value="advmod"/>
		<feat xlink:href="#sPointingRel73" value="obl"/>
		<feat xlink:href="#sPointingRel75" value="conj"/>
		<feat xlink:href="#sPointingRel77" value="nsubj"/>
		<feat xlink:href="#sPointingRel79" value="case"/>
		<feat xlink:href="#sPointingRel81" value="obl"/>
		<feat xlink:href="#sPointingRel83" value="det"/>
		<feat xlink:href="#sPointingRel85" value="mark"/>
		<feat xlink:href="#sPointingRel87" value="nsubj"/>
		<feat xlink:href="#sPointingRel89" value="mark"/>
		<feat xlink:href="#sPointingRel91" value="ccomp"/>
		<feat xlink:href="#sPointingRel93" value="ccomp"/>
		<feat xlink:href="#sPointingRel95" value="obl"/>
		<feat xlink:href="#sPointingRel97" value="det"/>
		<feat xlink:href="#sPointingRel99" value="advmod"/>
		<feat xlink:href="#sPointingRel101" value="det"/>
		<feat xlink:href="#sPointingRel103" value="det"/>
		<feat xlink:href="#sPointingRel105" value="det"/>
		<feat xlink:href="#sPointingRel107" value="aux"/>
		<feat xlink:href="#sPointingRel109" value="aux"/>
		<feat xlink:href="#sPointingRel111" value="discourse"/>
		<feat xlink:href="#sPointingRel113" value="mark"/>
		<feat xlink:href="#sPointingRel115" value="nsubj"/>
		<feat xlink:href="#sPointingRel117" value="appos"/>
		<feat xlink:href="#sPointingRel119" value="case"/>
		<feat xlink:href="#sPointingRel121" value="nsubj"/>
		<feat xlink:href="#sPointingRel123" value="ccomp"/>
		<feat xlink:href="#sPointingRel125" value="aux"/>
		<feat xlink:href="#sPointingRel127" value="nmod"/>
		<feat xlink:href="#sPointingRel129" value="case"/>
		<feat xlink:href="#sPointingRel131" value="case"/>
		<feat xlink:href="#sPointingRel133" value="parataxis"/>
		<feat xlink:href="#sPointingRel135" value="aux"/>
		<feat xlink:href="#sPointingRel137" value="case"/>
		<feat xlink:href="#sPointingRel139" value="nsubj"/>
		<feat xlink:href="#sPointingRel141" value="nsubj"/>
		<feat xlink:href="#sPointingRel143" value="det"/>
		<feat xlink:href="#sPointingRel145" value="obj"/>
		<feat xlink:href="#sPointingRel147" value="obl"/>
		<feat xlink:href="#sPointingRel149" value="mark"/>
		<feat xlink:href="#sPointingRel151" value="case"/>
		<feat xlink:href="#sPointingRel153" value="nsubj"/>
		<feat xlink:href="#sPointingRel155" value="case"/>
		<feat xlink:href="#sPointingRel157" value="mark"/>
		<feat xlink:href="#sPointingRel159" value="advmod"/>
		<feat xlink:href="#sPointingRel161" value="mark"/>
		<feat xlink:href="#sPointingRel163" value="aux"/>
		<feat xlink:href="#sPointingRel165" value="cc"/>
		<feat xlink:href="#sPointingRel167" value="obl"/>
		<feat xlink:href="#sPointingRel169" value="nsubj"/>
		<feat xlink:href="#sPointingRel171" value="nsubj"/>
		<feat xlink:href="#sPointingRel173" value="obl"/>
		<feat xlink:href="#sPointingRel175" value="ccomp"/>
		<feat xlink:href="#sPointingRel177" value="dislocated"/>
		<feat xlink:href="#sPointingRel179" value="vocative"/>
		<feat xlink:href="#sPointingRel181" value="det"/>
		<feat xlink:href="#sPointingRel183" value="nsubj"/>
		<feat xlink:href="#sPointingRel185" value="aux"/>
		<feat xlink:href="#sPointingRel187" value="case"/>
		<feat xlink:href="#sPointingRel189" value="case"/>
		<feat xlink:href="#sPointingRel191" value="nsubj"/>
		<feat xlink:href="#sPointingRel193" value="nmod"/>
		<feat xlink:href="#sPointingRel195" value="nsubj"/>
		<feat xlink:href="#sPointingRel197" value="acl"/>
		<feat xlink:href="#sPointingRel199" value="mark"/>
		<feat xlink:href="#sPointingRel201" value="case"/>
		<feat xlink:href="#sPointingRel203" value="advcl"/>
		<feat xlink:href="#sPointingRel205" value="nsubj"/>
		<feat xlink:href="#sPointingRel207" value="nsubj"/>
		<feat xlink:href="#sPointingRel209" value="advmod"/>
		<feat xlink:href="#sPointingRel211" value="acl"/>
		<feat xlink:href="#sPointingRel213" value="case"/>
		<feat xlink:href="#sPointingRel215" value="det"/>
		<feat xlink:href="#sPointingRel217" value="cop"/>
		<feat xlink:href="#sPointingRel219" value="det"/>
		<feat xlink:href="#sPointingRel221" value="obl"/>
		<feat xlink:href="#sPointingRel223" value="fixed"/>
		<feat xlink:href="#sPointingRel225" value="mark"/>
		<feat xlink:href="#sPointingRel227" value="vocative"/>
		<feat xlink:href="#sPointingRel229" value="case"/>
		<feat xlink:href="#sPointingRel231" value="case"/>
		<feat xlink:href="#sPointingRel233" value="mark"/>
		<feat xlink:href="#sPointingRel235" value="obj"/>
		<feat xlink:href="#sPointingRel237" value="mark"/>
		<feat xlink:href="#sPointingRel239" value="conj"/>
		<feat xlink:href="#sPointingRel241" value="nsubj"/>
		<feat xlink:href="#sPointingRel243" value="det"/>
		<feat xlink:href="#sPointingRel245" value="obj"/>
		<feat xlink:href="#sPointingRel247" value="case"/>
		<feat xlink:href="#sPointingRel249" value="aux"/>
		<feat xlink:href="#sPointingRel251" value="obj"/>
		<feat xlink:href="#sPointingRel253" value="obl"/>
		<feat xlink:href="#sPointingRel255" value="nsubj"/>
		<feat xlink:href="#sPointingRel257" value="nsubj"/>
		<feat xlink:href="#sPointingRel259" value="aux"/>
		<feat xlink:href="#sPointingRel261" value="nsubj"/>
		<feat xlink:href="#sPointingRel263" value="mark"/>
		<feat xlink:href="#sPointingRel265" value="advmod"/>
		<feat xlink:href="#sPointingRel267" value="case"/>
		<feat xlink:href="#sPointingRel269" value="cc"/>
		<feat xlink:href="#sPointingRel271" value="acl"/>
		<feat xlink:href="#sPointingRel273" value="case"/>
		<feat xlink:href="#sPointingRel275" value="advmod"/>
		<feat xlink:href="#sPointingRel277" value="nsubj"/>
		<feat xlink:href="#sPointingRel279" value="nsubj"/>
		<feat xlink:href="#sPointingRel281" value="nsubj"/>
		<feat xlink:href="#sPointingRel283" value="det"/>
		<feat xlink:href="#sPointingRel285" value="aux"/>
		<feat xlink:href="#sPointingRel287" value="amod"/>
		<feat xlink:href="#sPointingRel289" value="nsubj"/>
		<feat xlink:href="#sPointingRel291" value="nsubj"/>
		<feat xlink:href="#sPointingRel293" value="mark"/>
		<feat xlink:href="#sPointingRel295" value="aux"/>
		<feat xlink:href="#sPointingRel297" value="case"/>
		<feat xlink:href="#sPointingRel299" value="mark"/>
		<feat xlink:href="#sPointingRel301" value="mark"/>
		<feat xlink:href="#sPointingRel303" value="nsubj"/>
		<feat xlink:href="#sPointingRel305" value="case"/>
		<feat xlink:href="#sPointingRel307" value="aux"/>
		<feat xlink:href="#sPointingRel309" value="mark"/>
		<feat xlink:href="#sPointingRel311" value="obj"/>
		<feat xlink:href="#sPointingRel313" value="mark"/>
		<feat xlink:href="#sPointingRel315" value="nsubj"/>
		<feat xlink:href="#sPointingRel317" value="case"/>
		<feat xlink:href="#sPointingRel319" value="det"/>
		<feat xlink:href="#sPointingRel321" value="det"/>
		<feat xlink:href="#sPointingRel323" value="case"/>
		<feat xlink:href="#sPointingRel325" value="dislocated"/>
		<feat xlink:href="#sPointingRel327" value="case"/>
		<feat xlink:href="#sPointingRel329" value="mark"/>
		<feat xlink:href="#sPointingRel331" value="acl"/>
		<feat xlink:href="#sPointingRel333" value="nmod"/>
		<feat xlink:href="#sPointingRel335" value="obl"/>
		<feat xlink:href="#sPointingRel337" value="aux"/>
		<feat xlink:href="#sPointingRel339" value="aux"/>
		<feat xlink:href="#sPointingRel341" value="mark"/>
		<feat xlink:href="#sPointingRel343" value="cc"/>
		<feat xlink:href="#sPointingRel345" value="obl"/>
		<feat xlink:href="#sPointingRel347" value="det"/>
		<feat xlink:href="#sPointingRel349" value="mark"/>
		<feat xlink:href="#sPointingRel351" value="nsubj"/>
		<feat xlink:href="#sPointingRel353" value="ccomp"/>
		<feat xlink:href="#sPointingRel355" value="aux"/>
		<feat xlink:href="#sPointingRel357" value="dislocated"/>
		<feat xlink:href="#sPointingRel359" value="det"/>
		<feat xlink:href="#sPointingRel361" value="mark"/>
		<feat xlink:href="#sPointingRel363" value="case"/>
		<feat xlink:href="#sPointingRel365" value="mark"/>
		<feat xlink:href="#sPointingRel367" value="case"/>
		<feat xlink:href="#sPointingRel369" value="aux"/>
		<feat xlink:href="#sPointingRel371" value="det"/>
		<feat xlink:href="#sPointingRel373" value="ccomp"/>
		<feat xlink:href="#sPointingRel375" value="parataxis"/>
		<feat xlink:href="#sPointingRel377" value="mark"/>
		<feat xlink:href="#sPointingRel379" value="aux"/>
		<feat xlink:href="#sPointingRel381" value="case"/>
		<feat xlink:href="#sPointingRel383" value="det"/>
		<feat xlink:href="#sPointingRel385" value="ccomp"/>
		<feat xlink:href="#sPointingRel387" value="det"/>
		<feat xlink:href="#sPointingRel389" value="obl"/>
		<feat xlink:href="#sPointingRel391" value="obl"/>
		<feat xlink:href="#sPointingRel393" value="aux"/>
		<feat xlink:href="#sPointingRel395" value="aux"/>
		<feat xlink:href="#sPointingRel397" value="advcl"/>
		<feat xlink:href="#sPointingRel399" value="dislocated"/>
		<feat xlink:href="#sPointingRel401" value="ccomp"/>
		<feat xlink:href="#sPointingRel403" value="nsubj"/>
		<feat xlink:href="#sPointingRel405" value="case"/>
		<feat xlink:href="#sPointingRel407" value="obj"/>
		<feat xlink:href="#sPointingRel409" value="case"/>
		<feat xlink:href="#sPointingRel411" value="obj"/>
		<feat xlink:href="#sPointingRel413" value="obj"/>
		<feat xlink:href="#sPointingRel415" value="nsubj"/>
		<feat xlink:href="#sPointingRel417" value="obl"/>
		<feat xlink:href="#sPointingRel419" value="mark"/>
		<feat xlink:href="#sPointingRel421" value="case"/>
		<feat xlink:href="#sPointingRel423" value="nsubj"/>
		<feat xlink:href="#sPointingRel425" value="aux"/>
		<feat xlink:href="#sPointingRel427" value="det"/>
		<feat xlink:href="#sPointingRel429" value="case"/>
		<feat xlink:href="#sPointingRel431" value="obj"/>
		<feat xlink:href="#sPointingRel433" value="det"/>
		<feat xlink:href="#sPointingRel435" value="mark"/>
		<feat xlink:href="#sPointingRel437" value="acl"/>
		<feat xlink:href="#sPointingRel439" value="det"/>
		<feat xlink:href="#sPointingRel441" value="obj"/>
		<feat xlink:href="#sPointingRel443" value="acl"/>
		<feat xlink:href="#sPointingRel445" value="nsubj"/>
		<feat xlink:href="#sPointingRel447" value="nsubj"/>
		<feat xlink:href="#sPointingRel449" value="nsubj"/>
		<feat xlink:href="#sPointingRel451" value="det"/>
		<feat xlink:href="#sPointingRel453" value="ccomp"/>
		<feat xlink:href="#sPointingRel455" value="conj"/>
		<feat xlink:href="#sPointingRel457" value="aux"/>
		<feat xlink:href="#sPointingRel459" value="det"/>
		<feat xlink:href="#sPointingRel461" value="det"/>
		<feat xlink:href="#sPointingRel463" value="xcomp"/>
		<feat xlink:href="#sPointingRel465" value="case"/>
		<feat xlink:href="#sPointingRel467" value="ccomp"/>
		<feat xlink:href="#sPointingRel469" value="dislocated"/>
		<feat xlink:href="#sPointingRel471" value="ccomp"/>
		<feat xlink:href="#sPointingRel473" value="advmod"/>
		<feat xlink:href="#sPointingRel475" value="nsubj"/>
		<feat xlink:href="#sPointingRel477" value="mark"/>
		<feat xlink:href="#sPointingRel479" value="mark"/>
		<feat xlink:href="#sPointingRel481" value="obl"/>
		<feat xlink:href="#sPointingRel483" value="case"/>
		<feat xlink:href="#sPointingRel485" value="mark"/>
		<feat xlink:href="#sPointingRel487" value="mark"/>
		<feat xlink:href="#sPointingRel489" value="mark"/>
		<feat xlink:href="#sPointingRel491" value="det"/>
		<feat xlink:href="#sPointingRel493" value="det"/>
		<feat xlink:href="#sPointingRel495" value="mark"/>
		<feat xlink:href="#sPointingRel497" value="det"/>
		<feat xlink:href="#sPointingRel499" value="cop"/>
		<feat xlink:href="#sPointingRel501" value="ccomp"/>
		<feat xlink:href="#sPointingRel503" value="mark"/>
		<feat xlink:href="#sPointingRel505" value="csubj"/>
		<feat xlink:href="#sPointingRel507" value="mark"/>
		<feat xlink:href="#sPointingRel509" value="det"/>
		<feat xlink:href="#sPointingRel511" value="det"/>
		<feat xlink:href="#sPointingRel513" value="mark"/>
		<feat xlink:href="#sPointingRel515" value="dislocated"/>
		<feat xlink:href="#sPointingRel517" value="ccomp"/>
		<feat xlink:href="#sPointingRel519" value="ccomp"/>
		<feat xlink:href="#sPointingRel521" value="conj"/>
		<feat xlink:href="#sPointingRel523" value="advcl"/>
		<feat xlink:href="#sPointingRel525" value="advcl"/>
		<feat xlink:href="#sPointingRel527" value="mark"/>
		<feat xlink:href="#sPointingRel529" value="obl"/>
		<feat xlink:href="#sPointingRel531" value="aux"/>
		<feat xlink:href="#sPointingRel533" value="mark"/>
		<feat xlink:href="#sPointingRel535" value="ccomp"/>
		<feat xlink:href="#sPointingRel537" value="case"/>
		<feat xlink:href="#sPointingRel539" value="mark"/>
		<feat xlink:href="#sPointingRel541" value="ccomp"/>
		<feat xlink:href="#sPointingRel543" value="det"/>
		<feat xlink:href="#sPointingRel545" value="mark"/>
		<feat xlink:href="#sPointingRel547" value="nmod"/>
		<feat xlink:href="#sPointingRel549" value="obj"/>
		<feat xlink:href="#sPointingRel551" value="nsubj"/>
		<feat xlink:href="#sPointingRel553" value="nsubj"/>
		<feat xlink:href="#sPointingRel555" value="acl"/>
		<feat xlink:href="#sPointingRel557" value="case"/>
		<feat xlink:href="#sPointingRel559" value="det"/>
		<feat xlink:href="#sPointingRel561" value="mark"/>
		<feat xlink:href="#sPointingRel563" value="obl"/>
		<feat xlink:href="#sPointingRel565" value="case"/>
		<feat xlink:href="#sPointingRel567" value="cop"/>
		<feat xlink:href="#sPointingRel569" value="case"/>
		<feat xlink:href="#sPointingRel571" value="mark"/>
		<feat xlink:href="#sPointingRel573" value="case"/>
		<feat xlink:href="#sPointingRel575" value="det"/>
		<feat xlink:href="#sPointingRel577" value="vocative"/>
		<feat xlink:href="#sPointingRel579" value="det"/>
		<feat xlink:href="#sPointingRel581" value="obj"/>
		<feat xlink:href="#sPointingRel583" value="obj"/>
		<feat xlink:href="#sPointingRel585" value="mark"/>
		<feat xlink:href="#sPointingRel587" value="case"/>
		<feat xlink:href="#sPointingRel589" value="nsubj"/>
		<feat xlink:href="#sPointingRel591" value="nsubj"/>
		<feat xlink:href="#sPointingRel593" value="mark"/>
		<feat xlink:href="#sPointingRel595" value="aux"/>
		<feat xlink:href="#sPointingRel597" value="case"/>
		<feat xlink:href="#sPointingRel599" value="acl"/>
		<feat xlink:href="#sPointingRel601" value="nsubj"/>
		<feat xlink:href="#sPointingRel603" value="det"/>
		<feat xlink:href="#sPointingRel605" value="aux"/>
		<feat xlink:href="#sPointingRel607" value="advcl"/>
		<feat xlink:href="#sPointingRel609" value="advmod"/>
		<feat xlink:href="#sPointingRel611" value="aux"/>
		<feat xlink:href="#sPointingRel613" value="nsubj"/>
		<feat xlink:href="#sPointingRel615" value="obl"/>
		<feat xlink:href="#sPointingRel617" value="det"/>
		<feat xlink:href="#sPointingRel619" value="acl"/>
		<feat xlink:href="#sPointingRel621" value="acl"/>
		<feat xlink:href="#sPointingRel623" value="mark"/>
		<feat xlink:href="#sPointingRel625" value="aux"/>
		<feat xlink:href="#sPointingRel627" value="nmod"/>
		<feat xlink:href="#sPointingRel629" value="obl:npmod"/>
		<feat xlink:href="#sPointingRel631" value="mark"/>
		<feat xlink:href="#sPointingRel633" value="obj"/>
		<feat xlink:href="#sPointingRel635" value="acl"/>
		<feat xlink:href="#sPointingRel637" value="cc"/>
		<feat xlink:href="#sPointingRel639" value="obj"/>
		<feat xlink:href="#sPointingRel641" value="acl"/>
		<feat xlink:href="#sPointingRel643" value="nsubj"/>
		<feat xlink:href="#sPointingRel645" value="obl"/>
		<feat xlink:href="#sPointingRel647" value="obl"/>
		<feat xlink:href="#sPointingRel649" value="mark"/>
		<feat xlink:href="#sPointingRel651" value="advcl"/>
		<feat xlink:href="#sPointingRel653" value="mark"/>
		<feat xlink:href="#sPointingRel655" value="obl"/>
		<feat xlink:href="#sPointingRel657" value="obl"/>
		<feat xlink:href="#sPointingRel659" value="mark"/>
		<feat xlink:href="#sPointingRel661" value="case"/>
		<feat xlink:href="#sPointingRel663" value="nsubj"/>
		<feat xlink:href="#sPointingRel665" value="obj"/>
		<feat xlink:href="#sPointingRel667" value="mark"/>
		<feat xlink:href="#sPointingRel669" value="advmod"/>
		<feat xlink:href="#sPointingRel671" value="mark"/>
		<feat xlink:href="#sPointingRel673" value="nsubj"/>
		<feat xlink:href="#sPointingRel675" value="case"/>
		<feat xlink:href="#sPointingRel677" value="aux"/>
		<feat xlink:href="#sPointingRel679" value="case"/>
		<feat xlink:href="#sPointingRel681" value="nsubj"/>
		<feat xlink:href="#sPointingRel683" value="case"/>
		<feat xlink:href="#sPointingRel685" value="advmod"/>
		<feat xlink:href="#sPointingRel687" value="det"/>
		<feat xlink:href="#sPointingRel689" value="advcl"/>
		<feat xlink:href="#sPointingRel691" value="advcl"/>
		<feat xlink:href="#sPointingRel693" value="aux"/>
		<feat xlink:href="#sPointingRel695" value="nsubj"/>
		<feat xlink:href="#sPointingRel697" value="mark"/>
		<feat xlink:href="#sPointingRel699" value="obj"/>
		<feat xlink:href="#sPointingRel701" value="nsubj"/>
		<feat xlink:href="#sPointingRel703" value="mark"/>
		<feat xlink:href="#sPointingRel705" value="det"/>
		<feat xlink:href="#sPointingRel707" value="acl"/>
		<feat xlink:href="#sPointingRel709" value="det"/>
		<feat xlink:href="#sPointingRel711" value="case"/>
		<feat xlink:href="#sPointingRel713" value="det"/>
		<feat xlink:href="#sPointingRel715" value="obl"/>
		<feat xlink:href="#sPointingRel717" value="obj"/>
		<feat xlink:href="#sPointingRel719" value="case"/>
		<feat xlink:href="#sPointingRel721" value="obl"/>
		<feat xlink:href="#sPointingRel723" value="cop"/>
		<feat xlink:href="#sPointingRel725" value="aux"/>
		<feat xlink:href="#sPointingRel727" value="mark"/>
		<feat xlink:href="#sPointingRel729" value="obj"/>
		<feat xlink:href="#sPointingRel731" value="advmod"/>
		<feat xlink:href="#sPointingRel733" value="advmod"/>
		<feat xlink:href="#sPointingRel735" value="obl"/>
		<feat xlink:href="#sPointingRel737" value="det"/>
		<feat xlink:href="#sPointingRel739" value="obl"/>
		<feat xlink:href="#sPointingRel741" value="nsubj"/>
		<feat xlink:href="#sPointingRel743" value="advmod"/>
		<feat xlink:href="#sPointingRel745" value="case"/>
		<feat xlink:href="#sPointingRel747" value="acl"/>
		<feat xlink:href="#sPointingRel749" value="case"/>
		<feat xlink:href="#sPointingRel751" value="nmod"/>
		<feat xlink:href="#sPointingRel753" value="obj"/>
		<feat xlink:href="#sPointingRel755" value="nmod"/>
		<feat xlink:href="#sPointingRel757" value="cc"/>
		<feat xlink:href="#sPointingRel759" value="acl"/>
		<feat xlink:href="#sPointingRel761" value="obl"/>
		<feat xlink:href="#sPointingRel763" value="aux"/>
		<feat xlink:href="#sPointingRel765" value="advmod"/>
		<feat xlink:href="#sPointingRel767" value="nsubj"/>
		<feat xlink:href="#sPointingRel769" value="nmod"/>
		<feat xlink:href="#sPointingRel771" value="det"/>
		<feat xlink:href="#sPointingRel773" value="case"/>
		<feat xlink:href="#sPointingRel775" value="advcl"/>
		<feat xlink:href="#sPointingRel777" value="nsubj"/>
		<feat xlink:href="#sPointingRel779" value="obl"/>
		<feat xlink:href="#sPointingRel781" value="conj"/>
		<feat xlink:href="#sPointingRel783" value="nmod"/>
		<feat xlink:href="#sPointingRel785" value="case"/>
		<feat xlink:href="#sPointingRel787" value="cc"/>
		<feat xlink:href="#sPointingRel789" value="obl"/>
		<feat xlink:href="#sPointingRel791" value="nsubj"/>
		<feat xlink:href="#sPointingRel793" value="nsubj"/>
		<feat xlink:href="#sPointingRel795" value="case"/>
		<feat xlink:href="#sPointingRel797" value="aux"/>
		<feat xlink:href="#sPointingRel799" value="aux"/>
		<feat xlink:href="#sPointingRel801" value="det"/>
		<feat xlink:href="#sPointingRel803" value="obl"/>
		<feat xlink:href="#sPointingRel805" value="case"/>
		<feat xlink:href="#sPointingRel807" value="advmod"/>
		<feat xlink:href="#sPointingRel809" value="mark"/>
		<feat xlink:href="#sPointingRel811" value="det"/>
		<feat xlink:href="#sPointingRel813" value="det"/>
		<feat xlink:href="#sPointingRel815" value="nsubj"/>
		<feat xlink:href="#sPointingRel817" value="nsubj"/>
		<feat xlink:href="#sPointingRel819" value="advmod"/>
		<feat xlink:href="#sPointingRel821" value="case"/>
		<feat xlink:href="#sPointingRel823" value="parataxis"/>
		<feat xlink:href="#sPointingRel825" value="obl"/>
		<feat xlink:href="#sPointingRel827" value="aux"/>
		<feat xlink:href="#sPointingRel829" value="mark"/>
		<feat xlink:href="#sPointingRel831" value="acl"/>
		<feat xlink:href="#sPointingRel833" value="obl"/>
		<feat xlink:href="#sPointingRel835" value="aux"/>
		<feat xlink:href="#sPointingRel837" value="advmod"/>
		<feat xlink:href="#sPointingRel839" value="mark"/>
		<feat xlink:href="#sPointingRel841" value="advmod"/>
		<feat xlink:href="#sPointingRel843" value="conj"/>
		<feat xlink:href="#sPointingRel845" value="case"/>
		<feat xlink:href="#sPointingRel847" value="conj"/>
		<feat xlink:href="#sPointingRel849" value="case"/>
		<feat xlink:href="#sPointingRel851" value="acl"/>
		<feat xlink:href="#sPointingRel853" value="nsubj"/>
		<feat xlink:href="#sPointingRel855" value="det"/>
		<feat xlink:href="#sPointingRel857" value="nsubj"/>
		<feat xlink:href="#sPointingRel859" value="obl"/>
		<feat xlink:href="#sPointingRel861" value="case"/>
		<feat xlink:href="#sPointingRel863" value="ccomp"/>
		<feat xlink:href="#sPointingRel865" value="mark"/>
		<feat xlink:href="#sPointingRel867" value="advmod"/>
		<feat xlink:href="#sPointingRel869" value="advmod"/>
		<feat xlink:href="#sPointingRel871" value="nsubj"/>
		<feat xlink:href="#sPointingRel873" value="ccomp"/>
		<feat xlink:href="#sPointingRel875" value="mark"/>
		<feat xlink:href="#sPointingRel877" value="det"/>
		<feat xlink:href="#sPointingRel879" value="cop"/>
		<feat xlink:href="#sPointingRel881" value="nmod"/>
		<feat xlink:href="#sPointingRel883" value="aux"/>
		<feat xlink:href="#sPointingRel885" value="cc"/>
		<feat xlink:href="#sPointingRel887" value="obl"/>
		<feat xlink:href="#sPointingRel889" value="mark"/>
		<feat xlink:href="#sPointingRel891" value="obj"/>
		<feat xlink:href="#sPointingRel893" value="det"/>
		<feat xlink:href="#sPointingRel895" value="det"/>
		<feat xlink:href="#sPointingRel897" value="case"/>
		<feat xlink:href="#sPointingRel899" value="case"/>
		<feat xlink:href="#sPointingRel901" value="acl"/>
		<feat xlink:href="#sPointingRel903" value="advcl"/>
		<feat xlink:href="#sPointingRel905" value="mark"/>
		<feat xlink:href="#sPointingRel907" value="aux"/>
		<feat xlink:href="#sPointingRel909" value="obl"/>
		<feat xlink:href="#sPointingRel911" value="nsubj"/>
		<feat xlink:href="#sPointingRel913" value="obl"/>
		<feat xlink:href="#sPointingRel915" value="det"/>
		<feat xlink:href="#sPointingRel917" value="obj"/>
		<feat xlink:href="#sPointingRel919" value="nsubj"/>
		<feat xlink:href="#sPointingRel921" value="aux"/>
		<feat xlink:href="#sPointingRel923" value="obj"/>
		<feat xlink:href="#sPointingRel925" value="det"/>
		<feat xlink:href="#sPointingRel927" value="parataxis"/>
		<feat xlink:href="#sPointingRel929" value="advmod"/>
		<feat xlink:href="#sPointingRel931" value="obl"/>
		<feat xlink:href="#sPointingRel933" value="case"/>
		<feat xlink:href="#sPointingRel935" value="case"/>
		<feat xlink:href="#sPointingRel937" value="cop"/>
		<feat xlink:href="#sPointingRel939" value="nsubj"/>
		<feat xlink:href="#sPointingRel941" value="case"/>
		<feat xlink:href="#sPointingRel943" value="advmod"/>
		<feat xlink:href="#sPointingRel945" value="nsubj"/>
		<feat xlink:href="#sPointingRel947" value="aux"/>
		<feat xlink:href="#sPointingRel949" value="nsubj"/>
		<feat xlink:href="#sPointingRel951" value="det"/>
		<feat xlink:href="#sPointingRel953" value="nsubj"/>
		<feat xlink:href="#sPointingRel955" value="advcl"/>
		<feat xlink:href="#sPointingRel957" value="det"/>
		<feat xlink:href="#sPointingRel959" value="obj"/>
		<feat xlink:href="#sPointingRel961" value="mark"/>
		<feat xlink:href="#sPointingRel963" value="det"/>
		<feat xlink:href="#sPointingRel965" value="mark"/>
		<feat xlink:href="#sPointingRel967" value="mark"/>
		<feat xlink:href="#sPointingRel969" value="nsubj"/>
		<feat xlink:href="#sPointingRel971" value="mark"/>
		<feat xlink:href="#sPointingRel973" value="nsubj"/>
		<feat xlink:href="#sPointingRel975" value="mark"/>
		<feat xlink:href="#sPointingRel977" value="advcl"/>
		<feat xlink:href="#sPointingRel979" value="obj"/>
		<feat xlink:href="#sPointingRel981" value="aux"/>
		<feat xlink:href="#sPointingRel983" value="det"/>
		<feat xlink:href="#sPointingRel985" value="case"/>
		<feat xlink:href="#sPointingRel987" value="nsubj"/>
		<feat xlink:href="#sPointingRel989" value="obl"/>
		<feat xlink:href="#sPointingRel991" value="det"/>
		<feat xlink:href="#sPointingRel993" value="nmod"/>
		<feat xlink:href="#sPointingRel995" value="case"/>
		<feat xlink:href="#sPointingRel997" value="aux"/>
		<feat xlink:href="#sPointingRel999" value="case"/>
		<feat xlink:href="#sPointingRel1001" value="obj"/>
		<feat xlink:href="#sPointingRel1003" value="advmod"/>
		<feat xlink:href="#sPointingRel1005" value="case"/>
		<feat xlink:href="#sPointingRel1007" value="cc"/>
		<feat xlink:href="#sPointingRel1009" value="case"/>
		<feat xlink:href="#sPointingRel1011" value="nsubj"/>
		<feat xlink:href="#sPointingRel1013" value="cc"/>
		<feat xlink:href="#sPointingRel1015" value="mark"/>
		<feat xlink:href="#sPointingRel1017" value="dislocated"/>
		<feat xlink:href="#sPointingRel1019" value="det"/>
		<feat xlink:href="#sPointingRel1021" value="obl"/>
		<feat xlink:href="#sPointingRel1023" value="advcl"/>
		<feat xlink:href="#sPointingRel1025" value="nsubj"/>
		<feat xlink:href="#sPointingRel1027" value="case"/>
		<feat xlink:href="#sPointingRel1029" value="aux"/>
		<feat xlink:href="#sPointingRel1031" value="case"/>
		<feat xlink:href="#sPointingRel1033" value="acl"/>
		<feat xlink:href="#sPointingRel1035" value="obl"/>
		<feat xlink:href="#sPointingRel1037" value="obj"/>
		<feat xlink:href="#sPointingRel1039" value="case"/>
		<feat xlink:href="#sPointingRel1041" value="advmod"/>
		<feat xlink:href="#sPointingRel1043" value="mark"/>
		<feat xlink:href="#sPointingRel1045" value="mark"/>
		<feat xlink:href="#sPointingRel1047" value="aux"/>
		<feat xlink:href="#sPointingRel1049" value="nsubj"/>
		<feat xlink:href="#sPointingRel1051" value="mark"/>
		<feat xlink:href="#sPointingRel1053" value="det"/>
		<feat xlink:href="#sPointingRel1055" value="det"/>
		<feat xlink:href="#sPointingRel1057" value="obl:npmod"/>
		<feat xlink:href="#sPointingRel1059" value="aux"/>
		<feat xlink:href="#sPointingRel1061" value="dislocated"/>
		<feat xlink:href="#sPointingRel1063" value="advcl"/>
		<feat xlink:href="#sPointingRel1065" value="nsubj"/>
		<feat xlink:href="#sPointingRel1067" value="case"/>
		<feat xlink:href="#sPointingRel1069" value="nsubj"/>
		<feat xlink:href="#sPointingRel1071" value="case"/>
		<feat xlink:href="#sPointingRel1073" value="case"/>
		<feat xlink:href="#sPointingRel1075" value="advcl"/>
		<feat xlink:href="#sPointingRel1077" value="advmod"/>
		<feat xlink:href="#sPointingRel1079" value="mark"/>
		<feat xlink:href="#sPointingRel1081" value="mark"/>
		<feat xlink:href="#sPointingRel1083" value="mark"/>
		<feat xlink:href="#sPointingRel1085" value="advcl"/>
		<feat xlink:href="#sPointingRel1087" value="dislocated"/>
		<feat xlink:href="#sPointingRel1089" value="mark"/>
		<feat xlink:href="#sPointingRel1091" value="ccomp"/>
		<feat xlink:href="#sPointingRel1093" value="obj"/></featList></paula>