<?xml version='1.0' encoding='UTF-8'?><!DOCTYPE paula SYSTEM "paula_feat.dtd">
<paula version="1.1">
	<header paula_id="scriptorium.shenoute.those.GF307-310.mark_new_sent"/>
	<featList xmlns:xlink="http://www.w3.org/1999/xlink" type="new_sent" xml:base="scriptorium.shenoute.those.GF307-310.mark.xml">
		<feat xlink:href="#sSpan2" value="true"/>
		<feat xlink:href="#sSpan137" value="true"/>
		<feat xlink:href="#sSpan216" value="true"/>
		<feat xlink:href="#sSpan299" value="true"/>
		<feat xlink:href="#sSpan391" value="true"/>
		<feat xlink:href="#sSpan616" value="true"/>
		<feat xlink:href="#sSpan856" value="true"/>
		<feat xlink:href="#sSpan963" value="true"/>
		<feat xlink:href="#sSpan1055" value="true"/>
		<feat xlink:href="#sSpan1113" value="true"/>
		<feat xlink:href="#sSpan1137" value="true"/>
		<feat xlink:href="#sSpan1157" value="true"/>
		<feat xlink:href="#sSpan1200" value="true"/>
		<feat xlink:href="#sSpan1240" value="true"/>
		<feat xlink:href="#sSpan1523" value="true"/>
		<feat xlink:href="#sSpan1668" value="true"/>
		<feat xlink:href="#sSpan2039" value="true"/>
		<feat xlink:href="#sSpan2224" value="true"/>
		<feat xlink:href="#sSpan2384" value="true"/>
		<feat xlink:href="#sSpan2508" value="true"/>
		<feat xlink:href="#sSpan2585" value="true"/>
		<feat xlink:href="#sSpan2682" value="true"/>
		<feat xlink:href="#sSpan2728" value="true"/>
		<feat xlink:href="#sSpan2820" value="true"/>
		<feat xlink:href="#sSpan2870" value="true"/>
		<feat xlink:href="#sSpan2948" value="true"/></featList></paula>