<?xml version='1.0' encoding='UTF-8'?><!DOCTYPE paula SYSTEM "paula_feat.dtd">
<paula version="1.1">
	<header paula_id="scriptorium.shenoute.those.GF307-310.mark_translation"/>
	<featList xmlns:xlink="http://www.w3.org/1999/xlink" type="translation" xml:base="scriptorium.shenoute.those.GF307-310.mark.xml">
		<feat xlink:href="#sSpan8" value="..."/>
		<feat xlink:href="#sSpan143" value="..."/>
		<feat xlink:href="#sSpan220" value="..."/>
		<feat xlink:href="#sSpan304" value="..."/>
		<feat xlink:href="#sSpan396" value="..."/>
		<feat xlink:href="#sSpan621" value="..."/>
		<feat xlink:href="#sSpan861" value="..."/>
		<feat xlink:href="#sSpan969" value="..."/>
		<feat xlink:href="#sSpan1060" value="..."/>
		<feat xlink:href="#sSpan1118" value="..."/>
		<feat xlink:href="#sSpan1141" value="..."/>
		<feat xlink:href="#sSpan1162" value="..."/>
		<feat xlink:href="#sSpan1205" value="..."/>
		<feat xlink:href="#sSpan1246" value="..."/>
		<feat xlink:href="#sSpan1528" value="..."/>
		<feat xlink:href="#sSpan1672" value="..."/>
		<feat xlink:href="#sSpan2044" value="..."/>
		<feat xlink:href="#sSpan2229" value="..."/>
		<feat xlink:href="#sSpan2389" value="..."/>
		<feat xlink:href="#sSpan2514" value="..."/>
		<feat xlink:href="#sSpan2591" value="..."/>
		<feat xlink:href="#sSpan2686" value="..."/>
		<feat xlink:href="#sSpan2734" value="..."/>
		<feat xlink:href="#sSpan2824" value="..."/>
		<feat xlink:href="#sSpan2876" value="..."/>
		<feat xlink:href="#sSpan2954" value="..."/></featList></paula>