<?xml version='1.0' encoding='UTF-8'?><!DOCTYPE paula SYSTEM "paula_feat.dtd">
<paula version="1.1">
	<header paula_id="scriptorium.shenoute.those.GF307-310.mark_entity"/>
	<featList xmlns:xlink="http://www.w3.org/1999/xlink" type="entity" xml:base="scriptorium.shenoute.those.GF307-310.mark.xml">
		<feat xlink:href="#sSpan6" value="person"/>
		<feat xlink:href="#sSpan41" value="person"/>
		<feat xlink:href="#sSpan69" value="person"/>
		<feat xlink:href="#sSpan95" value="person"/>
		<feat xlink:href="#sSpan109" value="person"/>
		<feat xlink:href="#sSpan139" value="abstract"/>
		<feat xlink:href="#sSpan183" value="person"/>
		<feat xlink:href="#sSpan197" value="abstract"/>
		<feat xlink:href="#sSpan255" value="person"/>
		<feat xlink:href="#sSpan273" value="abstract"/>
		<feat xlink:href="#sSpan291" value="object"/>
		<feat xlink:href="#sSpan312" value="abstract"/>
		<feat xlink:href="#sSpan346" value="substance"/>
		<feat xlink:href="#sSpan373" value="substance"/>
		<feat xlink:href="#sSpan382" value="object"/>
		<feat xlink:href="#sSpan413" value="person"/>
		<feat xlink:href="#sSpan444" value="person"/>
		<feat xlink:href="#sSpan478" value="object"/>
		<feat xlink:href="#sSpan490" value="person"/>
		<feat xlink:href="#sSpan515" value="event"/>
		<feat xlink:href="#sSpan526" value="abstract"/>
		<feat xlink:href="#sSpan550" value="abstract"/>
		<feat xlink:href="#sSpan589" value="person"/>
		<feat xlink:href="#sSpan607" value="person"/>
		<feat xlink:href="#sSpan646" value="person"/>
		<feat xlink:href="#sSpan688" value="person"/>
		<feat xlink:href="#sSpan696" value="abstract"/>
		<feat xlink:href="#sSpan714" value="person"/>
		<feat xlink:href="#sSpan754" value="person"/>
		<feat xlink:href="#sSpan777" value="abstract"/>
		<feat xlink:href="#sSpan827" value="person"/>
		<feat xlink:href="#sSpan849" value="person"/>
		<feat xlink:href="#sSpan869" value="person"/>
		<feat xlink:href="#sSpan883" value="abstract"/>
		<feat xlink:href="#sSpan892" value="abstract"/>
		<feat xlink:href="#sSpan913" value="person"/>
		<feat xlink:href="#sSpan936" value="person"/>
		<feat xlink:href="#sSpan967" value="abstract"/>
		<feat xlink:href="#sSpan996" value="person"/>
		<feat xlink:href="#sSpan1033" value="abstract"/>
		<feat xlink:href="#sSpan1098" value="person"/>
		<feat xlink:href="#sSpan1186" value="abstract"/>
		<feat xlink:href="#sSpan1227" value="event"/>
		<feat xlink:href="#sSpan1234" value="abstract"/>
		<feat xlink:href="#sSpan1258" value="person"/>
		<feat xlink:href="#sSpan1266" value="abstract"/>
		<feat xlink:href="#sSpan1313" value="person"/>
		<feat xlink:href="#sSpan1335" value="person"/>
		<feat xlink:href="#sSpan1355" value="person"/>
		<feat xlink:href="#sSpan1381" value="person"/>
		<feat xlink:href="#sSpan1417" value="person"/>
		<feat xlink:href="#sSpan1445" value="abstract"/>
		<feat xlink:href="#sSpan1463" value="abstract"/>
		<feat xlink:href="#sSpan1471" value="person"/>
		<feat xlink:href="#sSpan1512" value="abstract"/>
		<feat xlink:href="#sSpan1570" value="abstract"/>
		<feat xlink:href="#sSpan1582" value="person"/>
		<feat xlink:href="#sSpan1617" value="abstract"/>
		<feat xlink:href="#sSpan1650" value="abstract"/>
		<feat xlink:href="#sSpan1707" value="person"/>
		<feat xlink:href="#sSpan1727" value="object"/>
		<feat xlink:href="#sSpan1751" value="abstract"/>
		<feat xlink:href="#sSpan1781" value="plant"/>
		<feat xlink:href="#sSpan1820" value="time"/>
		<feat xlink:href="#sSpan1830" value="object"/>
		<feat xlink:href="#sSpan1846" value="object"/>
		<feat xlink:href="#sSpan1862" value="place"/>
		<feat xlink:href="#sSpan1891" value="abstract"/>
		<feat xlink:href="#sSpan1909" value="object"/>
		<feat xlink:href="#sSpan1952" value="time"/>
		<feat xlink:href="#sSpan1960" value="abstract"/>
		<feat xlink:href="#sSpan1996" value="abstract"/>
		<feat xlink:href="#sSpan2013" value="person"/>
		<feat xlink:href="#sSpan2074" value="person"/>
		<feat xlink:href="#sSpan2086" value="abstract"/>
		<feat xlink:href="#sSpan2100" value="person"/>
		<feat xlink:href="#sSpan2120" value="abstract"/>
		<feat xlink:href="#sSpan2139" value="abstract"/>
		<feat xlink:href="#sSpan2160" value="person"/>
		<feat xlink:href="#sSpan2196" value="person"/>
		<feat xlink:href="#sSpan2215" value="abstract"/>
		<feat xlink:href="#sSpan2268" value="person"/>
		<feat xlink:href="#sSpan2288" value="object"/>
		<feat xlink:href="#sSpan2320" value="abstract"/>
		<feat xlink:href="#sSpan2353" value="abstract"/>
		<feat xlink:href="#sSpan2406" value="substance"/>
		<feat xlink:href="#sSpan2417" value="person"/>
		<feat xlink:href="#sSpan2428" value="time"/>
		<feat xlink:href="#sSpan2448" value="abstract"/>
		<feat xlink:href="#sSpan2483" value="person"/>
		<feat xlink:href="#sSpan2510" value="person"/>
		<feat xlink:href="#sSpan2550" value="abstract"/>
		<feat xlink:href="#sSpan2559" value="animal"/>
		<feat xlink:href="#sSpan2590" value="person"/>
		<feat xlink:href="#sSpan2602" value="abstract"/>
		<feat xlink:href="#sSpan2622" value="abstract"/>
		<feat xlink:href="#sSpan2637" value="abstract"/>
		<feat xlink:href="#sSpan2655" value="abstract"/>
		<feat xlink:href="#sSpan2666" value="place"/>
		<feat xlink:href="#sSpan2730" value="person"/>
		<feat xlink:href="#sSpan2759" value="abstract"/>
		<feat xlink:href="#sSpan2769" value="place"/>
		<feat xlink:href="#sSpan2791" value="person"/>
		<feat xlink:href="#sSpan2806" value="person"/>
		<feat xlink:href="#sSpan2859" value="abstract"/>
		<feat xlink:href="#sSpan2874" value="place"/>
		<feat xlink:href="#sSpan2886" value="person"/>
		<feat xlink:href="#sSpan2894" value="organization"/>
		<feat xlink:href="#sSpan2913" value="place"/>
		<feat xlink:href="#sSpan2934" value="abstract"/>
		<feat xlink:href="#sSpan2942" value="abstract"/>
		<feat xlink:href="#sSpan2953" value="place"/></featList></paula>