<?xml version='1.0' encoding='UTF-8'?><!DOCTYPE paula SYSTEM "paula_feat.dtd">
<paula version="1.1">
	<header paula_id="scriptorium.shenoute.those.GF307-310.mark_orig_group"/>
	<featList xmlns:xlink="http://www.w3.org/1999/xlink" type="orig_group" xml:base="scriptorium.shenoute.those.GF307-310.mark.xml">
		<feat xlink:href="#sSpan5" value="ⲧⲉ"/>
		<feat xlink:href="#sSpan17" value="ⲉⲧϫⲱ"/>
		<feat xlink:href="#sSpan23" value="ⲙⲙⲟⲥ"/>
		<feat xlink:href="#sSpan29" value="ϫⲉϯⲥⲙⲟⲩ"/>
		<feat xlink:href="#sSpan38" value="ⲉⲡⲛⲟⲩⲧⲉ"/>
		<feat xlink:href="#sSpan48" value="·"/>
		<feat xlink:href="#sSpan52" value="ⲉϥⲥⲁϩⲟⲩ"/>
		<feat xlink:href="#sSpan62" value="ⲇⲉ"/>
		<feat xlink:href="#sSpan66" value="ⲛⲛⲣⲱⲙⲉ"/>
		<feat xlink:href="#sSpan75" value="ⲛⲁⲛⲟⲩⲟⲩ"/>
		<feat xlink:href="#sSpan82" value="·"/>
		<feat xlink:href="#sSpan86" value="ⲁⲩⲱ"/>
		<feat xlink:href="#sSpan90" value="ⲙⲡⲉⲓ̈ⲥⲧⲟⲥ"/>
		<feat xlink:href="#sSpan99" value="·"/>
		<feat xlink:href="#sSpan103" value="ⲉⲧⲉⲙⲛⲧⲉⲗⲁⲁⲩ"/>
		<feat xlink:href="#sSpan113" value="ⲛ̄ⲣⲱⲙⲉ"/>
		<feat xlink:href="#sSpan120" value="ⲉϫⲱⲉ"/>
		<feat xlink:href="#sSpan128" value="ⲉⲣⲟⲟⲩ"/>
		<feat xlink:href="#sSpan135" value="·"/>
		<feat xlink:href="#sSpan141" value="ⲧⲁⲓ"/>
		<feat xlink:href="#sSpan148" value="ⲧⲉ"/>
		<feat xlink:href="#sSpan152" value="ⲑⲉ"/>
		<feat xlink:href="#sSpan158" value="ⲛⲧⲁⲩϫⲟⲟⲥ"/>
		<feat xlink:href="#sSpan172" value="ϫⲉⲛⲉϣϣⲉ"/>
		<feat xlink:href="#sSpan180" value="ⲁⲛ"/>
		<feat xlink:href="#sSpan185" value="ⲛⲁⲥⲛⲏⲩ"/>
		<feat xlink:href="#sSpan192" value="ⲉⲧⲣⲉⲛⲁⲓ̈"/>
		<feat xlink:href="#sSpan202" value="ϣⲱⲡⲉ"/>
		<feat xlink:href="#sSpan206" value="ⲛⲧⲉⲓϩⲉ"/>
		<feat xlink:href="#sSpan215" value="·"/>
		<feat xlink:href="#sSpan219" value="ⲁⲩⲱ"/>
		<feat xlink:href="#sSpan225" value="ⲉⲩϫⲱ"/>
		<feat xlink:href="#sSpan234" value="ⲙⲙⲟⲥ"/>
		<feat xlink:href="#sSpan240" value="ⲁⲛ"/>
		<feat xlink:href="#sSpan244" value="ϫⲉⲛⲛⲉⲕⲥϩⲟⲩⲉⲣⲛⲉⲛⲧⲁⲩⲙⲟⲣⲟⲩ"/>
		<feat xlink:href="#sSpan269" value="ⲙⲡⲥⲁϩⲟⲩ"/>
		<feat xlink:href="#sSpan279" value="ⲛ̄ⲑⲉ"/>
		<feat xlink:href="#sSpan287" value="ⲛⲟⲩⲙⲟϫϥ̣̄ϩ̄ϥ"/>
		<feat xlink:href="#sSpan298" value="·"/>
		<feat xlink:href="#sSpan302" value="ⲁⲩⲱ"/>
		<feat xlink:href="#sSpan309" value="ⲁⲡⲥⲁϩⲟⲩ"/>
		<feat xlink:href="#sSpan318" value="ⲃⲱⲕ"/>
		<feat xlink:href="#sSpan324" value="ⲉϩⲟⲩⲛ"/>
		<feat xlink:href="#sSpan328" value="ⲛϩⲏⲧⲟⲩ"/>
		<feat xlink:href="#sSpan335" value="ⲛⲑⲉ"/>
		<feat xlink:href="#sSpan343" value="ⲛⲟⲩⲙⲟⲟⲩ"/>
		<feat xlink:href="#sSpan353" value="·"/>
		<feat xlink:href="#sSpan357" value="ⲁⲩⲱ"/>
		<feat xlink:href="#sSpan361" value="ⲛⲑⲉ"/>
		<feat xlink:href="#sSpan369" value="ⲛⲟⲩⲛⲉϩ"/>
		<feat xlink:href="#sSpan379" value="ϩⲛⲛⲉⲩⲕⲉⲉⲥ"/>
		<feat xlink:href="#sSpan389" value="·"/>
		<feat xlink:href="#sSpan394" value="ⲉⲩϣⲁⲛϫⲟⲟⲥ"/>
		<feat xlink:href="#sSpan408" value="ϫⲉⲙⲉⲓ̈ⲭⲁⲏⲗ"/>
		<feat xlink:href="#sSpan418" value="ⲇⲉ"/>
		<feat xlink:href="#sSpan422" value="ⲡⲁⲣⲭⲁⲅⲅⲉ̣[ⲗⲟⲥ]"/>
		<feat xlink:href="#sSpan431" value="ⲉϥϣⲁ[ϫⲉ"/>
		<feat xlink:href="#sSpan441" value="ⲙⲛ]ⲡⲇⲓ̈ⲁ[ⲃⲟⲗⲟⲥ"/>
		<feat xlink:href="#sSpan453" value="ⲉⲧ]ⲣⲉϥϫⲉⲓϩ[ⲁⲡ"/>
		<feat xlink:href="#sSpan468" value="ⲛⲙ]ⲙⲁϥ"/>
		<feat xlink:href="#sSpan475" value="ⲉⲧⲃⲉⲡ̣ⲥ̣ⲱ̣ⲙⲁ"/>
		<feat xlink:href="#sSpan486" value="ⲙⲙⲱⲩⲥⲏⲥ"/>
		<feat xlink:href="#sSpan494" value="ⲙⲡⲉϥⲧⲟⲗⲟⲙⲁ"/>
		<feat xlink:href="#sSpan504" value="ⲉⲉⲓ̈ⲛⲉ"/>
		<feat xlink:href="#sSpan512" value="ⲛⲟⲩϩⲁⲡ"/>
		<feat xlink:href="#sSpan522" value="ⲉⲛⲟⲩⲁ"/>
		<feat xlink:href="#sSpan530" value="ⲉϩⲣⲁⲓ̈"/>
		<feat xlink:href="#sSpan534" value="ⲉϫⲱϥ"/>
		<feat xlink:href="#sSpan541" value="·"/>
		<feat xlink:href="#sSpan546" value="ⲙⲡⲉⲣⲙⲉⲉⲩⲉ"/>
		<feat xlink:href="#sSpan558" value="ϫⲉⲉⲩϫⲱ"/>
		<feat xlink:href="#sSpan569" value="ⲙⲙⲟⲥ"/>
		<feat xlink:href="#sSpan575" value="ϫⲉⲛ̄ⲛⲉⲕⲥϩⲟⲩⲉⲣ"/>
		<feat xlink:href="#sSpan586" value="ⲛ̄ⲣⲱⲙⲉ"/>
		<feat xlink:href="#sSpan594" value="ⲉⲧⲉⲣⲑⲩⲥⲓ̈ⲁ"/>
		<feat xlink:href="#sSpan603" value="ⲛ︤ⲛ︥ⲇⲁⲓⲙⲱⲛ"/>
		<feat xlink:href="#sSpan614" value="·"/>
		<feat xlink:href="#sSpan619" value="ⲕⲁⲧⲁⲑⲉ"/>
		<feat xlink:href="#sSpan630" value="ⲛⲧⲁⲓ̈ⲥⲱⲧⲙ"/>
		<feat xlink:href="#sSpan641" value="ϫⲉⲁϩⲟⲓ̈ⲛⲉ"/>
		<feat xlink:href="#sSpan651" value="ⲉⲃⲟⲗ"/>
		<feat xlink:href="#sSpan655" value="ⲛϩⲏⲧⲛ"/>
		<feat xlink:href="#sSpan661" value="ϫⲟⲟⲥ"/>
		<feat xlink:href="#sSpan668" value="·"/>
		<feat xlink:href="#sSpan672" value="ϫⲉϩⲟⲗⲱⲥ"/>
		<feat xlink:href="#sSpan679" value="ⲣⲱ"/>
		<feat xlink:href="#sSpan684" value="ⲙⲡⲉⲙⲉⲓ̈ⲭⲁⲏⲗ"/>
		<feat xlink:href="#sSpan693" value="ϫⲉϩⲉⲛϣⲁϫⲉ"/>
		<feat xlink:href="#sSpan703" value="ⲉⲩⲛⲁϣⲧ"/>
		<feat xlink:href="#sSpan711" value="ⲉⲡⲇⲓ̈ⲁⲃⲟⲗⲟⲥ"/>
		<feat xlink:href="#sSpan722" value="·"/>
		<feat xlink:href="#sSpan727" value="ⲁⲗⲗⲁ"/>
		<feat xlink:href="#sSpan736" value="ⲛⲧⲁϥϫⲟⲟⲥ"/>
		<feat xlink:href="#sSpan748" value="ϫⲉⲉⲣⲉⲡϫⲟⲉⲓ̈ⲥ"/>
		<feat xlink:href="#sSpan761" value="ⲉⲡⲉⲓ̈[ⲧ]ⲉ̣ⲓ̈ⲙⲁ"/>
		<feat xlink:href="#sSpan767" value="ⲛⲁⲕ"/>
		<feat xlink:href="#sSpan773" value="·"/>
		<feat xlink:href="#sSpan779" value="[ⲧⲁⲓ"/>
		<feat xlink:href="#sSpan785" value="ⲧⲉ"/>
		<feat xlink:href="#sSpan789" value="ⲑ]ⲉ̣"/>
		<feat xlink:href="#sSpan795" value="ⲡⲉϫⲁⲩ"/>
		<feat xlink:href="#sSpan802" value="[ⲉⲧⲉⲛϣ]ϣⲉ"/>
		<feat xlink:href="#sSpan811" value="ⲁⲛ"/>
		<feat xlink:href="#sSpan815" value="ⲉ[ⲥϩⲟⲩⲉⲣ]"/>
		<feat xlink:href="#sSpan824" value="ⲛ̣ⲣⲱⲙⲉ"/>
		<feat xlink:href="#sSpan832" value="[ⲉⲧⲟ]ⲩ̣ⲱⲧⲛ"/>
		<feat xlink:href="#sSpan840" value="ⲉⲃⲟⲗ"/>
		<feat xlink:href="#sSpan844" value="ⲛⲕⲣⲟⲛⲟⲥ"/>
		<feat xlink:href="#sSpan853" value="·"/>
		<feat xlink:href="#sSpan859" value="ⲁⲗⲗⲁ"/>
		<feat xlink:href="#sSpan866" value="ⲙⲡⲁⲓ"/>
		<feat xlink:href="#sSpan873" value="ⲁⲛ"/>
		<feat xlink:href="#sSpan877" value="ⲡⲉ"/>
		<feat xlink:href="#sSpan881" value="ⲡϣⲁϫⲉ"/>
		<feat xlink:href="#sSpan889" value="ⲙⲙⲉⲉⲩⲉ"/>
		<feat xlink:href="#sSpan896" value="ⲉⲣⲟϥ"/>
		<feat xlink:href="#sSpan903" value="·"/>
		<feat xlink:href="#sSpan907" value="ϫⲉⲁⲡⲛⲟϭ"/>
		<feat xlink:href="#sSpan919" value="ⲛⲁⲣⲭⲁⲅⲅⲉⲗⲟⲥ"/>
		<feat xlink:href="#sSpan928" value="ϯⲥⲟ"/>
		<feat xlink:href="#sSpan933" value="ⲉⲡⲇⲓ̈ⲁⲃⲟⲗⲟⲥ"/>
		<feat xlink:href="#sSpan944" value="ⲉⲧⲙⲙⲁⲩ"/>
		<feat xlink:href="#sSpan950" value="ⲉⲧⲙⲥϩⲟⲩⲱⲣϥ"/>
		<feat xlink:href="#sSpan961" value="·"/>
		<feat xlink:href="#sSpan966" value="ⲡⲉⲓ̈ϣⲁϫⲉ"/>
		<feat xlink:href="#sSpan976" value="ⲡⲁⲓ"/>
		<feat xlink:href="#sSpan981" value="⟦ϩ̣..⟧ⲧⲉⲛⲟⲩ"/>
		<feat xlink:href="#sSpan987" value="·"/>
		<feat xlink:href="#sSpan991" value="ϫⲉⲉⲣⲉⲡϫⲟⲉⲓ̈ⲥ"/>
		<feat xlink:href="#sSpan1004" value="ⲉⲡⲉⲓ̈ϯⲙⲁ"/>
		<feat xlink:href="#sSpan1009" value="ⲛⲁⲕ"/>
		<feat xlink:href="#sSpan1015" value="·"/>
		<feat xlink:href="#sSpan1019" value="ϥⲣϩⲟⲩⲉⲥⲩⲙⲁⲛⲉ"/>
		<feat xlink:href="#sSpan1030" value="ⲙⲡⲥⲁϩⲟⲩ"/>
		<feat xlink:href="#sSpan1040" value="ⲉⲧⲛⲏⲩ"/>
		<feat xlink:href="#sSpan1046" value="ⲉϫⲱϥ"/>
		<feat xlink:href="#sSpan1053" value="·"/>
		<feat xlink:href="#sSpan1058" value="ⲛϯⲛⲁϯⲥⲟ"/>
		<feat xlink:href="#sSpan1073" value="ⲁⲛ"/>
		<feat xlink:href="#sSpan1077" value="ⲉϫⲟⲟⲥ"/>
		<feat xlink:href="#sSpan1086" value="ϫⲉϥⲥϩⲟⲩⲟⲣⲧ"/>
		<feat xlink:href="#sSpan1094" value="ⲙⲛⲛⲉϥϣⲏⲣⲉ"/>
		<feat xlink:href="#sSpan1104" value="ⲛϩⲉⲗⲗⲏⲛ"/>
		<feat xlink:href="#sSpan1112" value="·"/>
		<feat xlink:href="#sSpan1116" value="ϥⲣϩⲟⲩⲉⲥϩⲟⲩⲟⲣⲧ"/>
		<feat xlink:href="#sSpan1128" value="ⲛⲙⲙⲁⲩ"/>
		<feat xlink:href="#sSpan1136" value="·"/>
		<feat xlink:href="#sSpan1140" value="ⲥⲉⲥϩⲟⲩⲟⲣⲧ"/>
		<feat xlink:href="#sSpan1149" value="ⲛⲙⲙⲁϥ"/>
		<feat xlink:href="#sSpan1155" value="·"/>
		<feat xlink:href="#sSpan1160" value="ⲏ"/>
		<feat xlink:href="#sSpan1168" value="ⲛⲧⲉⲧⲛ"/>
		<feat xlink:href="#sSpan1174" value="ⲛⲁⲩ"/>
		<feat xlink:href="#sSpan1178" value="ⲁⲛ"/>
		<feat xlink:href="#sSpan1182" value="ϫⲉⲡⲁⲓ̈"/>
		<feat xlink:href="#sSpan1190" value="ⲁⲛ"/>
		<feat xlink:href="#sSpan1194" value="ⲡⲉ"/>
		<feat xlink:href="#sSpan1198" value="·"/>
		<feat xlink:href="#sSpan1203" value="ⲁϩⲣⲟϥ"/>
		<feat xlink:href="#sSpan1212" value="ϩⲱⲱϥ"/>
		<feat xlink:href="#sSpan1218" value="ⲥⲁϩⲟⲩ"/>
		<feat xlink:href="#sSpan1223" value="ⲙⲛϩⲁⲡ"/>
		<feat xlink:href="#sSpan1231" value="ⲉⲛⲟⲩⲁ"/>
		<feat xlink:href="#sSpan1238" value="·"/>
		<feat xlink:href="#sSpan1243" value="ⲧⲱ"/>
		<feat xlink:href="#sSpan1251" value="ⲉⲧⲱ"/>
		<feat xlink:href="#sSpan1255" value="ⲙⲡⲉⲛⲧⲁⲛⲉⲅⲣⲁⲫⲏ"/>
		<feat xlink:href="#sSpan1273" value="ϫⲟⲟϥ"/>
		<feat xlink:href="#sSpan1280" value="·"/>
		<feat xlink:href="#sSpan1285" value="ϩⲟⲗⲱⲥ"/>
		<feat xlink:href="#sSpan1289" value="·"/>
		<feat xlink:href="#sSpan1293" value="ⲣⲱ"/>
		<feat xlink:href="#sSpan1298" value="ⲉⲩⲁⲕⲁⲛⲁⲅⲧⲉⲓ̈"/>
		<feat xlink:href="#sSpan1308" value="·"/>
		<feat xlink:href="#sSpan1312" value="ⲛⲣⲱⲙⲉ"/>
		<feat xlink:href="#sSpan1319" value="ⲛⲁⲧⲥⲟⲟⲩⲛ"/>
		<feat xlink:href="#sSpan1328" value="·"/>
		<feat xlink:href="#sSpan1332" value="ⲁⲩⲱ"/>
		<feat xlink:href="#sSpan1337" value="ⲛⲁⲧⲕⲁⲣⲡⲟⲥ"/>
		<feat xlink:href="#sSpan1347" value="·"/>
		<feat xlink:href="#sSpan1351" value="ⲁⲩⲱ"/>
		<feat xlink:href="#sSpan1357" value="ⲛⲁⲕⲁⲑⲁⲣⲧⲟⲥ"/>
		<feat xlink:href="#sSpan1365" value="·"/>
		<feat xlink:href="#sSpan1369" value="ϫⲉⲥⲉϫⲱ"/>
		<feat xlink:href="#sSpan1377" value="ⲛⲛⲉⲧⲉⲛⲥⲉⲛⲟⲓ̈"/>
		<feat xlink:href="#sSpan1394" value="ⲙⲙⲟⲟⲩ"/>
		<feat xlink:href="#sSpan1401" value="ⲁⲛ"/>
		<feat xlink:href="#sSpan1405" value="ⲛⲑⲉ"/>
		<feat xlink:href="#sSpan1413" value="ⲛⲛⲉⲓ̈ⲕⲟⲟⲩⲉ"/>
		<feat xlink:href="#sSpan1423" value="ⲧⲉⲛⲟⲩ"/>
		<feat xlink:href="#sSpan1428" value="ⲉⲧⲥϩⲟⲩⲟⲣⲧ"/>
		<feat xlink:href="#sSpan1434" value="ⲉⲧⲉⲓ̈ⲛⲉ"/>
		<feat xlink:href="#sSpan1442" value="ⲙⲙⲟⲟⲩ"/>
		<feat xlink:href="#sSpan1449" value="ⲉⲧϫⲉⲓ̈ⲟⲩⲁ"/>
		<feat xlink:href="#sSpan1458" value="ⲙⲙⲛⲧⲛⲟϭ"/>
		<feat xlink:href="#sSpan1468" value="ⲙ̄ⲡⲛⲟⲩⲧⲉ"/>
		<feat xlink:href="#sSpan1478" value="·"/>
		<feat xlink:href="#sSpan1482" value="ϫⲉⲛ̄ⲥⲉⲥⲟⲟⲩⲛ"/>
		<feat xlink:href="#sSpan1493" value="ⲙⲙⲟϥ"/>
		<feat xlink:href="#sSpan1499" value="ⲁⲛ"/>
		<feat xlink:href="#sSpan1504" value="·"/>
		<feat xlink:href="#sSpan1509" value="ⲟⲩⲇⲉ"/>
		<feat xlink:href="#sSpan1514" value="ⲛⲉϥϩⲃⲏⲩⲉ"/>
		<feat xlink:href="#sSpan1521" value="·"/>
		<feat xlink:href="#sSpan1526" value="ⲥⲱⲧⲙ"/>
		<feat xlink:href="#sSpan1534" value="ⲧⲉⲛⲟⲩ"/>
		<feat xlink:href="#sSpan1539" value="ϫⲉⲕⲁⲥ"/>
		<feat xlink:href="#sSpan1547" value="‹ⲉ›ⲛⲛⲁⲉⲓ̈ⲙⲉ"/>
		<feat xlink:href="#sSpan1553" value="·"/>
		<feat xlink:href="#sSpan1558" value="ϫⲉⲧⲛⲡⲱⲱⲛⲉ"/>
		<feat xlink:href="#sSpan1567" value="ⲛⲉⲛϣⲁϫⲉ"/>
		<feat xlink:href="#sSpan1576" value="ⲛⲧⲁⲛⲉⲧⲟⲩⲁⲁⲃ"/>
		<feat xlink:href="#sSpan1590" value="ⲥϩⲁⲓ̈ⲥⲟⲩ"/>
		<feat xlink:href="#sSpan1597" value="ⲉⲛⲉⲓ̈ⲛⲉ"/>
		<feat xlink:href="#sSpan1606" value="ⲙⲙⲟⲟⲩ"/>
		<feat xlink:href="#sSpan1614" value="ⲉϫ︤ⲙ︥ⲡⲉⲛⲟⲩⲱϣ"/>
		<feat xlink:href="#sSpan1624" value="ⲙⲙⲉⲓ̈ⲛⲟⲩ"/>
		<feat xlink:href="#sSpan1629" value="ⲙⲙⲟⲛ"/>
		<feat xlink:href="#sSpan1636" value="·"/>
		<feat xlink:href="#sSpan1640" value="ϫⲉⲛⲧⲛⲟⲩⲉϣⲡϣⲁϫⲉ"/>
		<feat xlink:href="#sSpan1656" value="ⲁⲛ"/>
		<feat xlink:href="#sSpan1661" value="ⲉⲧⲟⲩⲟϫ"/>
		<feat xlink:href="#sSpan1667" value="·"/>
		<feat xlink:href="#sSpan1671" value="ⲁⲩⲱ"/>
		<feat xlink:href="#sSpan1678" value="ϫⲉⲕⲁⲥ"/>
		<feat xlink:href="#sSpan1684" value="‹ⲉ›ⲛⲛⲁⲉⲓ̈ⲙⲉ"/>
		<feat xlink:href="#sSpan1692" value="ϫⲉⲉⲩϣⲁϫⲉ"/>
		<feat xlink:href="#sSpan1703" value="ⲛⲣⲱⲙⲉ"/>
		<feat xlink:href="#sSpan1711" value="ⲛⲧⲁⲩⲧⲛⲧⲱⲛⲟⲩ"/>
		<feat xlink:href="#sSpan1724" value="ⲉϩⲉⲛⲕⲗⲟⲟⲗⲉ"/>
		<feat xlink:href="#sSpan1735" value="ⲉⲩϣⲟⲩⲉⲓ̈ⲧ"/>
		<feat xlink:href="#sSpan1744" value="·"/>
		<feat xlink:href="#sSpan1748" value="ⲉⲣⲉⲡⲧⲏⲩ"/>
		<feat xlink:href="#sSpan1758" value="ϩⲉⲓ̈ⲟⲩⲉ"/>
		<feat xlink:href="#sSpan1762" value="ⲛⲥⲱⲟⲩ"/>
		<feat xlink:href="#sSpan1769" value="·"/>
		<feat xlink:href="#sSpan1773" value="ⲁⲩⲱ"/>
		<feat xlink:href="#sSpan1777" value="ⲉϩⲉⲛϣⲏⲛ"/>
		<feat xlink:href="#sSpan1787" value="ⲉϣⲟⲩⲱⲟⲩ"/>
		<feat xlink:href="#sSpan1796" value="ⲛⲁⲧⲕⲁⲣⲡⲟⲥ"/>
		<feat xlink:href="#sSpan1807" value="ⲉⲁⲩⲙⲟⲩ"/>
		<feat xlink:href="#sSpan1817" value="ⲛⲕⲉⲥⲟⲡ"/>
		<feat xlink:href="#sSpan1827" value="ϩⲛⲛⲉⲩⲛⲟⲩⲛⲉ"/>
		<feat xlink:href="#sSpan1837" value="·"/>
		<feat xlink:href="#sSpan1841" value="ⲁⲩⲱ"/>
		<feat xlink:href="#sSpan1845" value="ⲛϩⲟⲉⲓ̈ⲙ"/>
		<feat xlink:href="#sSpan1852" value="ⲉⲧⲛⲁϣⲧ"/>
		<feat xlink:href="#sSpan1859" value="ⲛⲧⲉⲑⲁⲗⲁⲥⲥⲁ"/>
		<feat xlink:href="#sSpan1870" value="·"/>
		<feat xlink:href="#sSpan1874" value="ⲉⲩⲧⲁⲟⲩⲟ"/>
		<feat xlink:href="#sSpan1884" value="ⲉⲃⲟⲗ"/>
		<feat xlink:href="#sSpan1888" value="ⲙⲡⲉⲩϣⲓ̈ⲡⲉ"/>
		<feat xlink:href="#sSpan1900" value="·"/>
		<feat xlink:href="#sSpan1904" value="ⲁⲩⲱ"/>
		<feat xlink:href="#sSpan1908" value="ⲛⲥⲓⲟⲩ"/>
		<feat xlink:href="#sSpan1917" value="ⲛⲧⲁⲩⲥⲱⲣ︤ⲙ︥"/>
		<feat xlink:href="#sSpan1928" value="ⲛⲁⲓ̈"/>
		<feat xlink:href="#sSpan1932" value="ⲛⲧⲁⲩⲥⲟⲃⲧⲉ"/>
		<feat xlink:href="#sSpan1943" value="ⲛⲁⲩ"/>
		<feat xlink:href="#sSpan1949" value="ϣⲁⲉⲛⲉϩ"/>
		<feat xlink:href="#sSpan1957" value="ⲙⲡⲕⲁⲕⲉ̣"/>
		<feat xlink:href="#sSpan1966" value="ⲉ̣[ⲧ]ϩⲧⲙⲧⲱⲙ"/>
		<feat xlink:href="#sSpan1974" value="ϫ̣[ⲉ]ⲥⲉⲧⲟⲗⲟⲙⲁ"/>
		<feat xlink:href="#sSpan1985" value="ⲉϫ[ⲱ]"/>
		<feat xlink:href="#sSpan1992" value="ⲛⲛⲉⲧⲉⲙⲉϣϣ[ⲉ]"/>
		<feat xlink:href="#sSpan2007" value="ⲁⲩⲱ"/>
		<feat xlink:href="#sSpan2012" value="ⲛⲉⲧⲛⲥⲉⲥⲟⲟⲩⲛ"/>
		<feat xlink:href="#sSpan2026" value="ⲙⲙⲟⲟⲩ"/>
		<feat xlink:href="#sSpan2032" value="ⲁⲛ"/>
		<feat xlink:href="#sSpan2037" value="·"/>
		<feat xlink:href="#sSpan2042" value="ⲧⲉⲧⲛⲛⲁⲩ"/>
		<feat xlink:href="#sSpan2052" value="ϫⲉ"/>
		<feat xlink:href="#sSpan2056" value="ⲉⲩϭⲛⲁⲣⲉⲓ̈ⲕⲉ"/>
		<feat xlink:href="#sSpan2067" value="ⲁⲛ"/>
		<feat xlink:href="#sSpan2071" value="ⲉⲛⲉⲧⲡⲱϩⲧ"/>
		<feat xlink:href="#sSpan2083" value="ⲙⲡⲥⲁϩⲟⲩ"/>
		<feat xlink:href="#sSpan2092" value="ⲉϩⲣⲁⲓ"/>
		<feat xlink:href="#sSpan2097" value="ⲉϫⲛⲛⲉⲧⲟ"/>
		<feat xlink:href="#sSpan2108" value="ⲛⲁⲧⲛⲁϩⲧⲉ"/>
		<feat xlink:href="#sSpan2117" value="ⲉⲛⲉⲧⲥⲏϩ"/>
		<feat xlink:href="#sSpan2129" value="ⲧⲏⲣⲟⲩ"/>
		<feat xlink:href="#sSpan2135" value="ϩⲛⲛⲉⲅⲣⲁⲫⲏ"/>
		<feat xlink:href="#sSpan2146" value="·"/>
		<feat xlink:href="#sSpan2150" value="ⲛⲁⲓ̈"/>
		<feat xlink:href="#sSpan2155" value="ⲛⲧⲁⲡϫⲟⲉⲓ̈ⲥ"/>
		<feat xlink:href="#sSpan2167" value="ⲡⲛⲟⲩⲧⲉ"/>
		<feat xlink:href="#sSpan2173" value="ⲁⲁⲩ"/>
		<feat xlink:href="#sSpan2180" value="·"/>
		<feat xlink:href="#sSpan2184" value="ⲁⲩⲱ"/>
		<feat xlink:href="#sSpan2188" value="ⲛⲉⲛⲧⲁⲛⲉϥⲡⲉⲧⲟⲩⲁⲁⲃ"/>
		<feat xlink:href="#sSpan2206" value="ⲁⲁⲩ"/>
		<feat xlink:href="#sSpan2212" value="ϩⲙⲡⲉϥⲣⲁⲛ"/>
		<feat xlink:href="#sSpan2222" value="·"/>
		<feat xlink:href="#sSpan2227" value="ⲡⲉϫⲁⲥ"/>
		<feat xlink:href="#sSpan2236" value="ϭⲉ"/>
		<feat xlink:href="#sSpan2240" value="ⲧⲉⲛⲟⲩ"/>
		<feat xlink:href="#sSpan2245" value="ⲉⲧⲃⲏⲏⲧⲟⲩ"/>
		<feat xlink:href="#sSpan2254" value="·"/>
		<feat xlink:href="#sSpan2258" value="ϫⲉϩⲟⲙⲟⲓ̈ⲱⲥ"/>
		<feat xlink:href="#sSpan2267" value="ⲛⲉⲓ̈ⲕⲟⲟⲩⲉ"/>
		<feat xlink:href="#sSpan2274" value="ⲉⲩⲡⲉⲉⲣⲉⲣⲁⲥⲟⲩ"/>
		<feat xlink:href="#sSpan2285" value="·"/>
		<feat xlink:href="#sSpan2290" value="ⲛⲥⲁⲣⲝ"/>
		<feat xlink:href="#sSpan2299" value="ⲙⲉⲛ"/>
		<feat xlink:href="#sSpan2303" value="ⲥⲉϫⲱ[ϩ︤]︥︤ⲙ︥"/>
		<feat xlink:href="#sSpan2311" value="ⲙⲙⲟⲟⲩ"/>
		<feat xlink:href="#sSpan2317" value="·"/>
		<feat xlink:href="#sSpan2322" value="ⲙⲙⲛⲧϫⲟⲉⲓ̈ⲥ"/>
		<feat xlink:href="#sSpan2332" value="ⲇⲉ"/>
		<feat xlink:href="#sSpan2336" value="ⲥⲉⲁⲑⲉⲧ̣ⲉⲓ̈"/>
		<feat xlink:href="#sSpan2344" value="ⲙⲙⲟⲟⲩ"/>
		<feat xlink:href="#sSpan2350" value="·"/>
		<feat xlink:href="#sSpan2355" value="ⲛⲉⲟⲟⲩ"/>
		<feat xlink:href="#sSpan2363" value="ⲇⲉ"/>
		<feat xlink:href="#sSpan2367" value="ⲥⲉϫⲉⲓ̈ⲟⲩⲁ"/>
		<feat xlink:href="#sSpan2375" value="ⲉⲣⲟⲟⲩ"/>
		<feat xlink:href="#sSpan2382" value="·"/>
		<feat xlink:href="#sSpan2387" value="ⲉⲩϫⲡⲉⲓ̈ⲟ"/>
		<feat xlink:href="#sSpan2399" value="ⲇⲉ"/>
		<feat xlink:href="#sSpan2403" value="ⲙⲡⲉⲥⲡⲉⲣⲙⲁ"/>
		<feat xlink:href="#sSpan2414" value="ⲛⲛⲁⲥⲉⲃⲏⲥ"/>
		<feat xlink:href="#sSpan2425" value="ⲉⲛⲟⲩⲟⲉⲓ̈ϣ"/>
		<feat xlink:href="#sSpan2432" value="ⲛⲓ̈ⲙ"/>
		<feat xlink:href="#sSpan2437" value="·"/>
		<feat xlink:href="#sSpan2441" value="ϣⲁϩⲣⲁⲓ̈"/>
		<feat xlink:href="#sSpan2445" value="ⲉⲛⲁⲓ̈"/>
		<feat xlink:href="#sSpan2454" value="ⲇⲉⲛⲟⲩ"/>
		<feat xlink:href="#sSpan2458" value="ⲉⲧⲥϩⲟⲩⲟⲣⲧ"/>
		<feat xlink:href="#sSpan2465" value="·"/>
		<feat xlink:href="#sSpan2469" value="ϫⲉⲥⲉϫⲓ̈ⲟⲩⲁ"/>
		<feat xlink:href="#sSpan2480" value="ⲉⲛⲉⲧⲛⲥⲉⲥⲟⲟⲩⲛ"/>
		<feat xlink:href="#sSpan2496" value="ⲙⲙⲟⲟⲩ"/>
		<feat xlink:href="#sSpan2502" value="ⲁⲛ"/>
		<feat xlink:href="#sSpan2506" value="·"/>
		<feat xlink:href="#sSpan2512" value="ⲛⲉⲧⲟⲩⲥⲟⲟⲩⲛ"/>
		<feat xlink:href="#sSpan2527" value="ⲇⲉ"/>
		<feat xlink:href="#sSpan2531" value="ⲙ̄ⲙⲟⲟⲩ"/>
		<feat xlink:href="#sSpan2538" value="ⲛⲑⲉ"/>
		<feat xlink:href="#sSpan2546" value="ⲙⲡⲉⲥⲙⲟⲧ"/>
		<feat xlink:href="#sSpan2556" value="ⲉⲛⲉⲛⲧⲃⲛⲟⲟⲩⲉ"/>
		<feat xlink:href="#sSpan2566" value="ⲥⲉⲧⲁⲕⲟ"/>
		<feat xlink:href="#sSpan2573" value="ϩⲣⲁⲓ̈"/>
		<feat xlink:href="#sSpan2577" value="ⲛϩⲏⲧⲟⲩ"/>
		<feat xlink:href="#sSpan2583" value="·"/>
		<feat xlink:href="#sSpan2588" value="ⲡⲛⲟⲩⲧⲉ"/>
		<feat xlink:href="#sSpan2599" value="ⲛⲉⲛϭⲟⲙ"/>
		<feat xlink:href="#sSpan2609" value="ⲡⲡⲁⲛⲧⲱⲕⲣⲁⲧⲱⲣ"/>
		<feat xlink:href="#sSpan2617" value="ⲛ̄ⲧⲁⲡⲉϥⲉⲟⲟⲩ"/>
		<feat xlink:href="#sSpan2630" value="·"/>
		<feat xlink:href="#sSpan2634" value="ⲙⲛⲛⲉϥⲙⲟⲓ̈ϩⲉ"/>
		<feat xlink:href="#sSpan2644" value="·"/>
		<feat xlink:href="#sSpan2648" value="ⲁⲩⲱ"/>
		<feat xlink:href="#sSpan2652" value="ⲁⲛⲉϥⲁⲅⲁⲑⲟⲛ"/>
		<feat xlink:href="#sSpan2663" value="ⲙⲉϩϯⲕⲟⲩⲙⲉⲛⲏ"/>
		<feat xlink:href="#sSpan2674" value="ⲧⲏⲣⲥ"/>
		<feat xlink:href="#sSpan2681" value="·"/>
		<feat xlink:href="#sSpan2685" value="ⲁⲩⲱ"/>
		<feat xlink:href="#sSpan2691" value="ⲥⲉⲁⲑⲉⲧⲉⲓ"/>
		<feat xlink:href="#sSpan2698" value="ⲙⲙⲟϥ"/>
		<feat xlink:href="#sSpan2705" value="·"/>
		<feat xlink:href="#sSpan2709" value="ⲁⲩⲱ"/>
		<feat xlink:href="#sSpan2714" value="ⲥⲉϫⲉⲓ̈ⲟⲩⲁ"/>
		<feat xlink:href="#sSpan2720" value="ⲉⲣⲟϥ"/>
		<feat xlink:href="#sSpan2726" value="·"/>
		<feat xlink:href="#sSpan2732" value="ⲡⲇⲓ̈ⲁⲃⲟⲗⲟⲥ"/>
		<feat xlink:href="#sSpan2743" value="ⲇⲉ"/>
		<feat xlink:href="#sSpan2747" value="ⲉⲧϭⲟⲟⲙⲉ"/>
		<feat xlink:href="#sSpan2754" value="ⲛⲧⲁⲛⲉϥⲙⲟⲓ̈ϩⲉ"/>
		<feat xlink:href="#sSpan2766" value="ⲙⲉϩⲡⲕⲁϩ"/>
		<feat xlink:href="#sSpan2775" value="ⲧⲏⲣϥ"/>
		<feat xlink:href="#sSpan2782" value="ⲥⲉⲟ"/>
		<feat xlink:href="#sSpan2788" value="ⲛϩⲙϩⲁⲗ"/>
		<feat xlink:href="#sSpan2796" value="ⲛⲁϥ"/>
		<feat xlink:href="#sSpan2802" value="ⲛϭⲉⲓ̈ⲛⲣⲱⲙⲉ"/>
		<feat xlink:href="#sSpan2812" value="ⲉⲧⲥϩⲟⲩⲟⲣⲧ"/>
		<feat xlink:href="#sSpan2819" value="·"/>
		<feat xlink:href="#sSpan2823" value="ⲥⲉⲧⲁⲕⲟ"/>
		<feat xlink:href="#sSpan2831" value="ⲙⲙⲟⲟⲩ"/>
		<feat xlink:href="#sSpan2838" value="ⲉⲃⲟⲗ"/>
		<feat xlink:href="#sSpan2843" value="ϩⲉⲓ̈ⲧⲟⲟⲧϥ"/>
		<feat xlink:href="#sSpan2850" value="ϩⲣⲁⲓ̈"/>
		<feat xlink:href="#sSpan2855" value="ϩⲛⲁⲛⲟⲙⲓ̈ⲁ"/>
		<feat xlink:href="#sSpan2864" value="ⲛⲓ̈ⲙ"/>
		<feat xlink:href="#sSpan2868" value="·"/>
		<feat xlink:href="#sSpan2873" value="ⲡⲏⲓ̈"/>
		<feat xlink:href="#sSpan2883" value="ⲙⲡⲛⲟⲩⲧⲉ"/>
		<feat xlink:href="#sSpan2892" value="ⲧⲉⲕⲕⲗⲏⲥⲓ̈ⲁ"/>
		<feat xlink:href="#sSpan2901" value="ⲉⲧⲣⲟⲩⲟⲉⲓ̈ⲛ"/>
		<feat xlink:href="#sSpan2910" value="ⲉⲡⲕⲁϩ"/>
		<feat xlink:href="#sSpan2920" value="ⲧⲏⲣϥ"/>
		<feat xlink:href="#sSpan2926" value="ⲉⲧⲙⲉϩⲛϣⲁϫⲉ"/>
		<feat xlink:href="#sSpan2938" value="ⲉⲛⲱⲛϩ"/>
		<feat xlink:href="#sSpan2946" value="·"/>
		<feat xlink:href="#sSpan2951" value="ⲛⲉⲩⲏⲓ̈"/>
		<feat xlink:href="#sSpan2962" value="ⲇⲉ"/>
		<feat xlink:href="#sSpan2966" value="ⲛⲧⲁⲩⲣⲣⲙⲛϭⲟⲓ̈ⲗⲉ"/>
		<feat xlink:href="#sSpan2981" value="ⲛ︤ⲛ︥"/></featList></paula>