<?xml version='1.0' encoding='UTF-8'?><!DOCTYPE paula SYSTEM "paula_rel.dtd">
<paula version="1.1">
	<header paula_id="scriptorium.shenoute.those.GF307-310.head"/>
	<relList xmlns:xlink="http://www.w3.org/1999/xlink" type="head">
		<rel id="sPointingRel1455" xlink:href="scriptorium.shenoute.those.GF307-310.mark.xml#sSpan2942" target="scriptorium.shenoute.those.GF307-310.mark.xml#sSpan2940"/>
		<rel id="sPointingRel1457" xlink:href="scriptorium.shenoute.those.GF307-310.mark.xml#sSpan2886" target="scriptorium.shenoute.those.GF307-310.mark.xml#sSpan2887"/>
		<rel id="sPointingRel1459" xlink:href="scriptorium.shenoute.those.GF307-310.mark.xml#sSpan1781" target="scriptorium.shenoute.those.GF307-310.mark.xml#sSpan1782"/>
		<rel id="sPointingRel1461" xlink:href="scriptorium.shenoute.those.GF307-310.mark.xml#sSpan41" target="scriptorium.shenoute.those.GF307-310.mark.xml#sSpan43"/>
		<rel id="sPointingRel1463" xlink:href="scriptorium.shenoute.those.GF307-310.mark.xml#sSpan2483" target="scriptorium.shenoute.those.GF307-310.mark.xml#sSpan2481"/>
		<rel id="sPointingRel1465" xlink:href="scriptorium.shenoute.those.GF307-310.mark.xml#sSpan382" target="scriptorium.shenoute.those.GF307-310.mark.xml#sSpan383"/>
		<rel id="sPointingRel1467" xlink:href="scriptorium.shenoute.those.GF307-310.mark.xml#sSpan1512" target="scriptorium.shenoute.those.GF307-310.mark.xml#sSpan1515"/>
		<rel id="sPointingRel1469" xlink:href="scriptorium.shenoute.those.GF307-310.mark.xml#sSpan1751" target="scriptorium.shenoute.those.GF307-310.mark.xml#sSpan1753"/>
		<rel id="sPointingRel1471" xlink:href="scriptorium.shenoute.those.GF307-310.mark.xml#sSpan2086" target="scriptorium.shenoute.those.GF307-310.mark.xml#sSpan2087"/>
		<rel id="sPointingRel1473" xlink:href="scriptorium.shenoute.those.GF307-310.mark.xml#sSpan1227" target="scriptorium.shenoute.those.GF307-310.mark.xml#sSpan1225"/>
		<rel id="sPointingRel1475" xlink:href="scriptorium.shenoute.those.GF307-310.mark.xml#sSpan1335" target="scriptorium.shenoute.those.GF307-310.mark.xml#sSpan1340"/>
		<rel id="sPointingRel1477" xlink:href="scriptorium.shenoute.those.GF307-310.mark.xml#sSpan754" target="scriptorium.shenoute.those.GF307-310.mark.xml#sSpan755"/>
		<rel id="sPointingRel1479" xlink:href="scriptorium.shenoute.those.GF307-310.mark.xml#sSpan2268" target="scriptorium.shenoute.those.GF307-310.mark.xml#sSpan2269"/>
		<rel id="sPointingRel1481" xlink:href="scriptorium.shenoute.those.GF307-310.mark.xml#sSpan2953" target="scriptorium.shenoute.those.GF307-310.mark.xml#sSpan2956"/>
		<rel id="sPointingRel1483" xlink:href="scriptorium.shenoute.those.GF307-310.mark.xml#sSpan1033" target="scriptorium.shenoute.those.GF307-310.mark.xml#sSpan1034"/>
		<rel id="sPointingRel1485" xlink:href="scriptorium.shenoute.those.GF307-310.mark.xml#sSpan2320" target="scriptorium.shenoute.those.GF307-310.mark.xml#sSpan2324"/>
		<rel id="sPointingRel1487" xlink:href="scriptorium.shenoute.those.GF307-310.mark.xml#sSpan444" target="scriptorium.shenoute.those.GF307-310.mark.xml#sSpan447"/>
		<rel id="sPointingRel1489" xlink:href="scriptorium.shenoute.those.GF307-310.mark.xml#sSpan777" target="scriptorium.shenoute.those.GF307-310.mark.xml#sSpan775"/>
		<rel id="sPointingRel1491" xlink:href="scriptorium.shenoute.those.GF307-310.mark.xml#sSpan69" target="scriptorium.shenoute.those.GF307-310.mark.xml#sSpan70"/>
		<rel id="sPointingRel1493" xlink:href="scriptorium.shenoute.those.GF307-310.mark.xml#sSpan1186" target="scriptorium.shenoute.those.GF307-310.mark.xml#sSpan1184"/>
		<rel id="sPointingRel1495" xlink:href="scriptorium.shenoute.those.GF307-310.mark.xml#sSpan550" target="scriptorium.shenoute.those.GF307-310.mark.xml#sSpan552"/>
		<rel id="sPointingRel1497" xlink:href="scriptorium.shenoute.those.GF307-310.mark.xml#sSpan2120" target="scriptorium.shenoute.those.GF307-310.mark.xml#sSpan2118"/>
		<rel id="sPointingRel1499" xlink:href="scriptorium.shenoute.those.GF307-310.mark.xml#sSpan1650" target="scriptorium.shenoute.those.GF307-310.mark.xml#sSpan1651"/>
		<rel id="sPointingRel1501" xlink:href="scriptorium.shenoute.those.GF307-310.mark.xml#sSpan95" target="scriptorium.shenoute.those.GF307-310.mark.xml#sSpan93"/>
		<rel id="sPointingRel1503" xlink:href="scriptorium.shenoute.those.GF307-310.mark.xml#sSpan515" target="scriptorium.shenoute.those.GF307-310.mark.xml#sSpan517"/>
		<rel id="sPointingRel1505" xlink:href="scriptorium.shenoute.those.GF307-310.mark.xml#sSpan490" target="scriptorium.shenoute.those.GF307-310.mark.xml#sSpan488"/>
		<rel id="sPointingRel1507" xlink:href="scriptorium.shenoute.those.GF307-310.mark.xml#sSpan291" target="scriptorium.shenoute.those.GF307-310.mark.xml#sSpan293"/>
		<rel id="sPointingRel1509" xlink:href="scriptorium.shenoute.those.GF307-310.mark.xml#sSpan1820" target="scriptorium.shenoute.those.GF307-310.mark.xml#sSpan1821"/>
		<rel id="sPointingRel1511" xlink:href="scriptorium.shenoute.those.GF307-310.mark.xml#sSpan607" target="scriptorium.shenoute.those.GF307-310.mark.xml#sSpan609"/>
		<rel id="sPointingRel1513" xlink:href="scriptorium.shenoute.those.GF307-310.mark.xml#sSpan2859" target="scriptorium.shenoute.those.GF307-310.mark.xml#sSpan2857"/>
		<rel id="sPointingRel1515" xlink:href="scriptorium.shenoute.those.GF307-310.mark.xml#sSpan1234" target="scriptorium.shenoute.those.GF307-310.mark.xml#sSpan1232"/>
		<rel id="sPointingRel1517" xlink:href="scriptorium.shenoute.those.GF307-310.mark.xml#sSpan255" target="scriptorium.shenoute.those.GF307-310.mark.xml#sSpan252"/>
		<rel id="sPointingRel1519" xlink:href="scriptorium.shenoute.those.GF307-310.mark.xml#sSpan589" target="scriptorium.shenoute.those.GF307-310.mark.xml#sSpan587"/>
		<rel id="sPointingRel1521" xlink:href="scriptorium.shenoute.those.GF307-310.mark.xml#sSpan2637" target="scriptorium.shenoute.those.GF307-310.mark.xml#sSpan2638"/>
		<rel id="sPointingRel1523" xlink:href="scriptorium.shenoute.those.GF307-310.mark.xml#sSpan2913" target="scriptorium.shenoute.those.GF307-310.mark.xml#sSpan2915"/>
		<rel id="sPointingRel1525" xlink:href="scriptorium.shenoute.those.GF307-310.mark.xml#sSpan1463" target="scriptorium.shenoute.those.GF307-310.mark.xml#sSpan1460"/>
		<rel id="sPointingRel1527" xlink:href="scriptorium.shenoute.those.GF307-310.mark.xml#sSpan346" target="scriptorium.shenoute.those.GF307-310.mark.xml#sSpan347"/>
		<rel id="sPointingRel1529" xlink:href="scriptorium.shenoute.those.GF307-310.mark.xml#sSpan2139" target="scriptorium.shenoute.those.GF307-310.mark.xml#sSpan2141"/>
		<rel id="sPointingRel1531" xlink:href="scriptorium.shenoute.those.GF307-310.mark.xml#sSpan1862" target="scriptorium.shenoute.those.GF307-310.mark.xml#sSpan1864"/>
		<rel id="sPointingRel1533" xlink:href="scriptorium.shenoute.those.GF307-310.mark.xml#sSpan2730" target="scriptorium.shenoute.those.GF307-310.mark.xml#sSpan2737"/>
		<rel id="sPointingRel1535" xlink:href="scriptorium.shenoute.those.GF307-310.mark.xml#sSpan2874" target="scriptorium.shenoute.those.GF307-310.mark.xml#sSpan2878"/>
		<rel id="sPointingRel1537" xlink:href="scriptorium.shenoute.those.GF307-310.mark.xml#sSpan1617" target="scriptorium.shenoute.those.GF307-310.mark.xml#sSpan1618"/>
		<rel id="sPointingRel1539" xlink:href="scriptorium.shenoute.those.GF307-310.mark.xml#sSpan714" target="scriptorium.shenoute.those.GF307-310.mark.xml#sSpan717"/>
		<rel id="sPointingRel1541" xlink:href="scriptorium.shenoute.those.GF307-310.mark.xml#sSpan312" target="scriptorium.shenoute.those.GF307-310.mark.xml#sSpan313"/>
		<rel id="sPointingRel1543" xlink:href="scriptorium.shenoute.those.GF307-310.mark.xml#sSpan1098" target="scriptorium.shenoute.those.GF307-310.mark.xml#sSpan1099"/>
		<rel id="sPointingRel1545" xlink:href="scriptorium.shenoute.those.GF307-310.mark.xml#sSpan892" target="scriptorium.shenoute.those.GF307-310.mark.xml#sSpan890"/>
		<rel id="sPointingRel1547" xlink:href="scriptorium.shenoute.those.GF307-310.mark.xml#sSpan1952" target="scriptorium.shenoute.those.GF307-310.mark.xml#sSpan1950"/>
		<rel id="sPointingRel1549" xlink:href="scriptorium.shenoute.those.GF307-310.mark.xml#sSpan2196" target="scriptorium.shenoute.those.GF307-310.mark.xml#sSpan2198"/>
		<rel id="sPointingRel1551" xlink:href="scriptorium.shenoute.those.GF307-310.mark.xml#sSpan646" target="scriptorium.shenoute.those.GF307-310.mark.xml#sSpan644"/>
		<rel id="sPointingRel1553" xlink:href="scriptorium.shenoute.those.GF307-310.mark.xml#sSpan1471" target="scriptorium.shenoute.those.GF307-310.mark.xml#sSpan1473"/>
		<rel id="sPointingRel1555" xlink:href="scriptorium.shenoute.those.GF307-310.mark.xml#sSpan2100" target="scriptorium.shenoute.those.GF307-310.mark.xml#sSpan2098"/>
		<rel id="sPointingRel1557" xlink:href="scriptorium.shenoute.those.GF307-310.mark.xml#sSpan273" target="scriptorium.shenoute.those.GF307-310.mark.xml#sSpan274"/>
		<rel id="sPointingRel1559" xlink:href="scriptorium.shenoute.those.GF307-310.mark.xml#sSpan2428" target="scriptorium.shenoute.those.GF307-310.mark.xml#sSpan2426"/>
		<rel id="sPointingRel1561" xlink:href="scriptorium.shenoute.those.GF307-310.mark.xml#sSpan1996" target="scriptorium.shenoute.those.GF307-310.mark.xml#sSpan1994"/>
		<rel id="sPointingRel1563" xlink:href="scriptorium.shenoute.those.GF307-310.mark.xml#sSpan688" target="scriptorium.shenoute.those.GF307-310.mark.xml#sSpan686"/>
		<rel id="sPointingRel1565" xlink:href="scriptorium.shenoute.those.GF307-310.mark.xml#sSpan526" target="scriptorium.shenoute.those.GF307-310.mark.xml#sSpan524"/>
		<rel id="sPointingRel1567" xlink:href="scriptorium.shenoute.those.GF307-310.mark.xml#sSpan2448" target="scriptorium.shenoute.those.GF307-310.mark.xml#sSpan2446"/>
		<rel id="sPointingRel1569" xlink:href="scriptorium.shenoute.those.GF307-310.mark.xml#sSpan2759" target="scriptorium.shenoute.those.GF307-310.mark.xml#sSpan2760"/>
		<rel id="sPointingRel1571" xlink:href="scriptorium.shenoute.those.GF307-310.mark.xml#sSpan696" target="scriptorium.shenoute.those.GF307-310.mark.xml#sSpan697"/>
		<rel id="sPointingRel1573" xlink:href="scriptorium.shenoute.those.GF307-310.mark.xml#sSpan883" target="scriptorium.shenoute.those.GF307-310.mark.xml#sSpan884"/>
		<rel id="sPointingRel1575" xlink:href="scriptorium.shenoute.those.GF307-310.mark.xml#sSpan2288" target="scriptorium.shenoute.those.GF307-310.mark.xml#sSpan2293"/>
		<rel id="sPointingRel1577" xlink:href="scriptorium.shenoute.those.GF307-310.mark.xml#sSpan2406" target="scriptorium.shenoute.those.GF307-310.mark.xml#sSpan2408"/>
		<rel id="sPointingRel1579" xlink:href="scriptorium.shenoute.those.GF307-310.mark.xml#sSpan1846" target="scriptorium.shenoute.those.GF307-310.mark.xml#sSpan1847"/>
		<rel id="sPointingRel1581" xlink:href="scriptorium.shenoute.those.GF307-310.mark.xml#sSpan1381" target="scriptorium.shenoute.those.GF307-310.mark.xml#sSpan1379"/>
		<rel id="sPointingRel1583" xlink:href="scriptorium.shenoute.those.GF307-310.mark.xml#sSpan373" target="scriptorium.shenoute.those.GF307-310.mark.xml#sSpan374"/>
		<rel id="sPointingRel1585" xlink:href="scriptorium.shenoute.those.GF307-310.mark.xml#sSpan2934" target="scriptorium.shenoute.those.GF307-310.mark.xml#sSpan2932"/>
		<rel id="sPointingRel1587" xlink:href="scriptorium.shenoute.those.GF307-310.mark.xml#sSpan139" target="scriptorium.shenoute.those.GF307-310.mark.xml#sSpan137"/>
		<rel id="sPointingRel1589" xlink:href="scriptorium.shenoute.those.GF307-310.mark.xml#sSpan2160" target="scriptorium.shenoute.those.GF307-310.mark.xml#sSpan2161"/>
		<rel id="sPointingRel1591" xlink:href="scriptorium.shenoute.those.GF307-310.mark.xml#sSpan2215" target="scriptorium.shenoute.those.GF307-310.mark.xml#sSpan2216"/>
		<rel id="sPointingRel1593" xlink:href="scriptorium.shenoute.those.GF307-310.mark.xml#sSpan6" target="scriptorium.shenoute.those.GF307-310.mark.xml#sSpan2"/>
		<rel id="sPointingRel1595" xlink:href="scriptorium.shenoute.those.GF307-310.mark.xml#sSpan869" target="scriptorium.shenoute.those.GF307-310.mark.xml#sSpan867"/>
		<rel id="sPointingRel1597" xlink:href="scriptorium.shenoute.those.GF307-310.mark.xml#sSpan2417" target="scriptorium.shenoute.those.GF307-310.mark.xml#sSpan2419"/>
		<rel id="sPointingRel1599" xlink:href="scriptorium.shenoute.those.GF307-310.mark.xml#sSpan183" target="scriptorium.shenoute.those.GF307-310.mark.xml#sSpan187"/>
		<rel id="sPointingRel1601" xlink:href="scriptorium.shenoute.those.GF307-310.mark.xml#sSpan2559" target="scriptorium.shenoute.those.GF307-310.mark.xml#sSpan2560"/>
		<rel id="sPointingRel1603" xlink:href="scriptorium.shenoute.those.GF307-310.mark.xml#sSpan1266" target="scriptorium.shenoute.those.GF307-310.mark.xml#sSpan1268"/>
		<rel id="sPointingRel1605" xlink:href="scriptorium.shenoute.those.GF307-310.mark.xml#sSpan197" target="scriptorium.shenoute.those.GF307-310.mark.xml#sSpan195"/>
		<rel id="sPointingRel1607" xlink:href="scriptorium.shenoute.those.GF307-310.mark.xml#sSpan1355" target="scriptorium.shenoute.those.GF307-310.mark.xml#sSpan1359"/>
		<rel id="sPointingRel1609" xlink:href="scriptorium.shenoute.those.GF307-310.mark.xml#sSpan913" target="scriptorium.shenoute.those.GF307-310.mark.xml#sSpan921"/>
		<rel id="sPointingRel1611" xlink:href="scriptorium.shenoute.those.GF307-310.mark.xml#sSpan109" target="scriptorium.shenoute.those.GF307-310.mark.xml#sSpan107"/>
		<rel id="sPointingRel1613" xlink:href="scriptorium.shenoute.those.GF307-310.mark.xml#sSpan2655" target="scriptorium.shenoute.those.GF307-310.mark.xml#sSpan2657"/>
		<rel id="sPointingRel1615" xlink:href="scriptorium.shenoute.those.GF307-310.mark.xml#sSpan1707" target="scriptorium.shenoute.those.GF307-310.mark.xml#sSpan1704"/>
		<rel id="sPointingRel1617" xlink:href="scriptorium.shenoute.those.GF307-310.mark.xml#sSpan2590" target="scriptorium.shenoute.those.GF307-310.mark.xml#sSpan2594"/>
		<rel id="sPointingRel1619" xlink:href="scriptorium.shenoute.those.GF307-310.mark.xml#sSpan1830" target="scriptorium.shenoute.those.GF307-310.mark.xml#sSpan1831"/>
		<rel id="sPointingRel1621" xlink:href="scriptorium.shenoute.those.GF307-310.mark.xml#sSpan2510" target="scriptorium.shenoute.those.GF307-310.mark.xml#sSpan2508"/>
		<rel id="sPointingRel1623" xlink:href="scriptorium.shenoute.those.GF307-310.mark.xml#sSpan1313" target="scriptorium.shenoute.those.GF307-310.mark.xml#sSpan1314"/>
		<rel id="sPointingRel1625" xlink:href="scriptorium.shenoute.those.GF307-310.mark.xml#sSpan1891" target="scriptorium.shenoute.those.GF307-310.mark.xml#sSpan1892"/>
		<rel id="sPointingRel1627" xlink:href="scriptorium.shenoute.those.GF307-310.mark.xml#sSpan2806" target="scriptorium.shenoute.those.GF307-310.mark.xml#sSpan2807"/>
		<rel id="sPointingRel1629" xlink:href="scriptorium.shenoute.those.GF307-310.mark.xml#sSpan2074" target="scriptorium.shenoute.those.GF307-310.mark.xml#sSpan2072"/>
		<rel id="sPointingRel1631" xlink:href="scriptorium.shenoute.those.GF307-310.mark.xml#sSpan827" target="scriptorium.shenoute.those.GF307-310.mark.xml#sSpan825"/>
		<rel id="sPointingRel1633" xlink:href="scriptorium.shenoute.those.GF307-310.mark.xml#sSpan2353" target="scriptorium.shenoute.those.GF307-310.mark.xml#sSpan2356"/>
		<rel id="sPointingRel1635" xlink:href="scriptorium.shenoute.those.GF307-310.mark.xml#sSpan413" target="scriptorium.shenoute.those.GF307-310.mark.xml#sSpan410"/>
		<rel id="sPointingRel1637" xlink:href="scriptorium.shenoute.those.GF307-310.mark.xml#sSpan1445" target="scriptorium.shenoute.those.GF307-310.mark.xml#sSpan1443"/>
		<rel id="sPointingRel1639" xlink:href="scriptorium.shenoute.those.GF307-310.mark.xml#sSpan849" target="scriptorium.shenoute.those.GF307-310.mark.xml#sSpan847"/>
		<rel id="sPointingRel1641" xlink:href="scriptorium.shenoute.those.GF307-310.mark.xml#sSpan1417" target="scriptorium.shenoute.those.GF307-310.mark.xml#sSpan1418"/>
		<rel id="sPointingRel1643" xlink:href="scriptorium.shenoute.those.GF307-310.mark.xml#sSpan1570" target="scriptorium.shenoute.those.GF307-310.mark.xml#sSpan1571"/>
		<rel id="sPointingRel1645" xlink:href="scriptorium.shenoute.those.GF307-310.mark.xml#sSpan936" target="scriptorium.shenoute.those.GF307-310.mark.xml#sSpan938"/>
		<rel id="sPointingRel1647" xlink:href="scriptorium.shenoute.those.GF307-310.mark.xml#sSpan2894" target="scriptorium.shenoute.those.GF307-310.mark.xml#sSpan2896"/>
		<rel id="sPointingRel1649" xlink:href="scriptorium.shenoute.those.GF307-310.mark.xml#sSpan1909" target="scriptorium.shenoute.those.GF307-310.mark.xml#sSpan1911"/>
		<rel id="sPointingRel1651" xlink:href="scriptorium.shenoute.those.GF307-310.mark.xml#sSpan1727" target="scriptorium.shenoute.those.GF307-310.mark.xml#sSpan1730"/>
		<rel id="sPointingRel1653" xlink:href="scriptorium.shenoute.those.GF307-310.mark.xml#sSpan2602" target="scriptorium.shenoute.those.GF307-310.mark.xml#sSpan2603"/>
		<rel id="sPointingRel1655" xlink:href="scriptorium.shenoute.those.GF307-310.mark.xml#sSpan2769" target="scriptorium.shenoute.those.GF307-310.mark.xml#sSpan2770"/>
		<rel id="sPointingRel1657" xlink:href="scriptorium.shenoute.those.GF307-310.mark.xml#sSpan2013" target="scriptorium.shenoute.those.GF307-310.mark.xml#sSpan2009"/>
		<rel id="sPointingRel1659" xlink:href="scriptorium.shenoute.those.GF307-310.mark.xml#sSpan2622" target="scriptorium.shenoute.those.GF307-310.mark.xml#sSpan2625"/>
		<rel id="sPointingRel1661" xlink:href="scriptorium.shenoute.those.GF307-310.mark.xml#sSpan478" target="scriptorium.shenoute.those.GF307-310.mark.xml#sSpan480"/>
		<rel id="sPointingRel1663" xlink:href="scriptorium.shenoute.those.GF307-310.mark.xml#sSpan1960" target="scriptorium.shenoute.those.GF307-310.mark.xml#sSpan1961"/>
		<rel id="sPointingRel1665" xlink:href="scriptorium.shenoute.those.GF307-310.mark.xml#sSpan2666" target="scriptorium.shenoute.those.GF307-310.mark.xml#sSpan2668"/>
		<rel id="sPointingRel1667" xlink:href="scriptorium.shenoute.those.GF307-310.mark.xml#sSpan996" target="scriptorium.shenoute.those.GF307-310.mark.xml#sSpan998"/>
		<rel id="sPointingRel1669" xlink:href="scriptorium.shenoute.those.GF307-310.mark.xml#sSpan1258" target="scriptorium.shenoute.those.GF307-310.mark.xml#sSpan1256"/>
		<rel id="sPointingRel1671" xlink:href="scriptorium.shenoute.those.GF307-310.mark.xml#sSpan2791" target="scriptorium.shenoute.those.GF307-310.mark.xml#sSpan2789"/>
		<rel id="sPointingRel1673" xlink:href="scriptorium.shenoute.those.GF307-310.mark.xml#sSpan967" target="scriptorium.shenoute.those.GF307-310.mark.xml#sSpan971"/>
		<rel id="sPointingRel1675" xlink:href="scriptorium.shenoute.those.GF307-310.mark.xml#sSpan2550" target="scriptorium.shenoute.those.GF307-310.mark.xml#sSpan2551"/>
		<rel id="sPointingRel1677" xlink:href="scriptorium.shenoute.those.GF307-310.mark.xml#sSpan1582" target="scriptorium.shenoute.those.GF307-310.mark.xml#sSpan1580"/></relList></paula>