<?xml version='1.0' encoding='UTF-8'?><!DOCTYPE paula SYSTEM "paula_feat.dtd">
<paula version="1.1">
	<header paula_id="scriptorium.shenoute.those.GF307-310.mark_norm_group"/>
	<featList xmlns:xlink="http://www.w3.org/1999/xlink" type="norm_group" xml:base="scriptorium.shenoute.those.GF307-310.mark.xml">
		<feat xlink:href="#sSpan4" value="ⲧⲉ"/>
		<feat xlink:href="#sSpan16" value="ⲉⲧϫⲱ"/>
		<feat xlink:href="#sSpan22" value="ⲙⲙⲟⲥ"/>
		<feat xlink:href="#sSpan28" value="ϫⲉϯⲥⲙⲟⲩ"/>
		<feat xlink:href="#sSpan37" value="ⲉⲡⲛⲟⲩⲧⲉ"/>
		<feat xlink:href="#sSpan47" value="·"/>
		<feat xlink:href="#sSpan51" value="ⲉϥⲥⲁϩⲟⲩ"/>
		<feat xlink:href="#sSpan61" value="ⲇⲉ"/>
		<feat xlink:href="#sSpan65" value="ⲛⲛⲣⲱⲙⲉ"/>
		<feat xlink:href="#sSpan74" value="ⲛⲁⲛⲟⲩⲟⲩ"/>
		<feat xlink:href="#sSpan81" value="·"/>
		<feat xlink:href="#sSpan85" value="ⲁⲩⲱ"/>
		<feat xlink:href="#sSpan89" value="ⲙⲡⲓⲥⲧⲟⲥ"/>
		<feat xlink:href="#sSpan98" value="·"/>
		<feat xlink:href="#sSpan102" value="ⲉⲧⲉⲙⲛⲧⲏⲗⲁⲁⲩ"/>
		<feat xlink:href="#sSpan112" value="ⲛⲣⲱⲙⲉ"/>
		<feat xlink:href="#sSpan119" value="ⲉϫⲱⲉ"/>
		<feat xlink:href="#sSpan127" value="ⲉⲣⲟⲟⲩ"/>
		<feat xlink:href="#sSpan134" value="·"/>
		<feat xlink:href="#sSpan140" value="ⲧⲁⲓ"/>
		<feat xlink:href="#sSpan147" value="ⲧⲉ"/>
		<feat xlink:href="#sSpan151" value="ⲧϩⲉ"/>
		<feat xlink:href="#sSpan157" value="ⲛⲧⲁⲩϫⲟⲟⲥ"/>
		<feat xlink:href="#sSpan171" value="ϫⲉⲛⲉϣϣⲉ"/>
		<feat xlink:href="#sSpan179" value="ⲁⲛ"/>
		<feat xlink:href="#sSpan184" value="ⲛⲁⲥⲛⲏⲩ"/>
		<feat xlink:href="#sSpan191" value="ⲉⲧⲣⲉⲛⲁⲓ"/>
		<feat xlink:href="#sSpan201" value="ϣⲱⲡⲉ"/>
		<feat xlink:href="#sSpan205" value="ⲛⲧⲉⲓϩⲉ"/>
		<feat xlink:href="#sSpan214" value="·"/>
		<feat xlink:href="#sSpan218" value="ⲁⲩⲱ"/>
		<feat xlink:href="#sSpan224" value="ⲉⲩϫⲱ"/>
		<feat xlink:href="#sSpan233" value="ⲙⲙⲟⲥ"/>
		<feat xlink:href="#sSpan239" value="ⲁⲛ"/>
		<feat xlink:href="#sSpan243" value="ϫⲉⲛⲛⲉⲕⲥϩⲟⲩⲉⲣⲛⲉⲛⲧⲁⲩⲙⲟⲣⲟⲩ"/>
		<feat xlink:href="#sSpan268" value="ⲙⲡⲥⲁϩⲟⲩ"/>
		<feat xlink:href="#sSpan278" value="ⲛⲧϩⲉ"/>
		<feat xlink:href="#sSpan286" value="ⲛⲟⲩⲙⲟϫϥϩϥ"/>
		<feat xlink:href="#sSpan297" value="·"/>
		<feat xlink:href="#sSpan301" value="ⲁⲩⲱ"/>
		<feat xlink:href="#sSpan308" value="ⲁⲡⲥⲁϩⲟⲩ"/>
		<feat xlink:href="#sSpan317" value="ⲃⲱⲕ"/>
		<feat xlink:href="#sSpan323" value="ⲉϩⲟⲩⲛ"/>
		<feat xlink:href="#sSpan327" value="ⲛϩⲏⲧⲟⲩ"/>
		<feat xlink:href="#sSpan334" value="ⲛⲧϩⲉ"/>
		<feat xlink:href="#sSpan342" value="ⲛⲟⲩⲙⲟⲟⲩ"/>
		<feat xlink:href="#sSpan352" value="·"/>
		<feat xlink:href="#sSpan356" value="ⲁⲩⲱ"/>
		<feat xlink:href="#sSpan360" value="ⲛⲧϩⲉ"/>
		<feat xlink:href="#sSpan368" value="ⲛⲟⲩⲛⲉϩ"/>
		<feat xlink:href="#sSpan378" value="ϩⲛⲛⲉⲩⲕⲉⲉⲥ"/>
		<feat xlink:href="#sSpan388" value="·"/>
		<feat xlink:href="#sSpan393" value="ⲉⲩϣⲁⲛϫⲟⲟⲥ"/>
		<feat xlink:href="#sSpan407" value="ϫⲉⲙⲓⲭⲁⲏⲗ"/>
		<feat xlink:href="#sSpan417" value="ⲇⲉ"/>
		<feat xlink:href="#sSpan421" value="ⲡⲁⲣⲭⲁⲅⲅⲉⲗⲟⲥ"/>
		<feat xlink:href="#sSpan430" value="ⲉϥϣⲁϫⲉ"/>
		<feat xlink:href="#sSpan440" value="ⲙⲛⲡⲇⲓⲁⲃⲟⲗⲟⲥ"/>
		<feat xlink:href="#sSpan452" value="ⲉⲧⲣⲉϥϫⲓϩⲁⲡ"/>
		<feat xlink:href="#sSpan467" value="ⲛⲙⲙⲁϥ"/>
		<feat xlink:href="#sSpan474" value="ⲉⲧⲃⲉⲡⲥⲱⲙⲁ"/>
		<feat xlink:href="#sSpan485" value="ⲙⲙⲱⲩⲥⲏⲥ"/>
		<feat xlink:href="#sSpan493" value="ⲙⲡⲉϥⲧⲟⲗⲙⲁ"/>
		<feat xlink:href="#sSpan503" value="ⲉⲉⲓⲛⲉ"/>
		<feat xlink:href="#sSpan511" value="ⲛⲟⲩϩⲁⲡ"/>
		<feat xlink:href="#sSpan521" value="ⲛⲟⲩⲁ"/>
		<feat xlink:href="#sSpan529" value="ⲉϩⲣⲁⲓ"/>
		<feat xlink:href="#sSpan533" value="ⲉϫⲱϥ"/>
		<feat xlink:href="#sSpan540" value="·"/>
		<feat xlink:href="#sSpan545" value="ⲙⲡⲉⲣⲙⲉⲉⲩⲉ"/>
		<feat xlink:href="#sSpan557" value="ϫⲉⲉⲩϫⲱ"/>
		<feat xlink:href="#sSpan568" value="ⲙⲙⲟⲥ"/>
		<feat xlink:href="#sSpan574" value="ϫⲉⲛⲛⲉⲕⲥϩⲟⲩⲉⲣ"/>
		<feat xlink:href="#sSpan585" value="ⲛⲣⲱⲙⲉ"/>
		<feat xlink:href="#sSpan593" value="ⲉⲧⲉⲣⲑⲩⲥⲓⲁ"/>
		<feat xlink:href="#sSpan602" value="ⲛⲛⲇⲁⲓⲙⲱⲛ"/>
		<feat xlink:href="#sSpan613" value="·"/>
		<feat xlink:href="#sSpan618" value="ⲕⲁⲧⲁⲧϩⲉ"/>
		<feat xlink:href="#sSpan629" value="ⲛⲧⲁⲓⲥⲱⲧⲙ"/>
		<feat xlink:href="#sSpan640" value="ϫⲉⲁϩⲟⲓⲛⲉ"/>
		<feat xlink:href="#sSpan650" value="ⲉⲃⲟⲗ"/>
		<feat xlink:href="#sSpan654" value="ⲛϩⲏⲧⲛ"/>
		<feat xlink:href="#sSpan660" value="ϫⲟⲟⲥ"/>
		<feat xlink:href="#sSpan667" value="·"/>
		<feat xlink:href="#sSpan671" value="ϫⲉϩⲟⲗⲱⲥ"/>
		<feat xlink:href="#sSpan678" value="ⲣⲱ"/>
		<feat xlink:href="#sSpan683" value="ⲙⲡⲉⲙⲓⲭⲁⲏⲗ"/>
		<feat xlink:href="#sSpan692" value="ϫⲉϩⲉⲛϣⲁϫⲉ"/>
		<feat xlink:href="#sSpan702" value="ⲉⲩⲛⲁϣⲧ"/>
		<feat xlink:href="#sSpan710" value="ⲉⲡⲇⲓⲁⲃⲟⲗⲟⲥ"/>
		<feat xlink:href="#sSpan721" value="·"/>
		<feat xlink:href="#sSpan726" value="ⲁⲗⲗⲁ"/>
		<feat xlink:href="#sSpan735" value="ⲛⲧⲁϥϫⲟⲟⲥ"/>
		<feat xlink:href="#sSpan747" value="ϫⲉⲉⲣⲉⲡϫⲟⲉⲓⲥ"/>
		<feat xlink:href="#sSpan760" value="ⲉⲡⲓⲧⲓⲙⲁ"/>
		<feat xlink:href="#sSpan766" value="ⲛⲁⲕ"/>
		<feat xlink:href="#sSpan772" value="·"/>
		<feat xlink:href="#sSpan778" value="ⲧⲁⲓ"/>
		<feat xlink:href="#sSpan784" value="ⲧⲉ"/>
		<feat xlink:href="#sSpan788" value="ⲧϩⲉ"/>
		<feat xlink:href="#sSpan794" value="ⲡⲉϫⲁⲩ"/>
		<feat xlink:href="#sSpan801" value="ⲉⲧⲉⲛϣϣⲉ"/>
		<feat xlink:href="#sSpan810" value="ⲁⲛ"/>
		<feat xlink:href="#sSpan814" value="ⲉⲥϩⲟⲩⲉⲣ"/>
		<feat xlink:href="#sSpan823" value="ⲛⲣⲱⲙⲉ"/>
		<feat xlink:href="#sSpan831" value="ⲉⲧⲟⲩⲱⲧⲛ"/>
		<feat xlink:href="#sSpan839" value="ⲉⲃⲟⲗ"/>
		<feat xlink:href="#sSpan843" value="ⲛⲕⲣⲟⲛⲟⲥ"/>
		<feat xlink:href="#sSpan852" value="·"/>
		<feat xlink:href="#sSpan858" value="ⲁⲗⲗⲁ"/>
		<feat xlink:href="#sSpan865" value="ⲙⲡⲁⲓ"/>
		<feat xlink:href="#sSpan872" value="ⲁⲛ"/>
		<feat xlink:href="#sSpan876" value="ⲡⲉ"/>
		<feat xlink:href="#sSpan880" value="ⲡϣⲁϫⲉ"/>
		<feat xlink:href="#sSpan888" value="ⲙⲙⲉⲉⲩⲉ"/>
		<feat xlink:href="#sSpan895" value="ⲉⲣⲟϥ"/>
		<feat xlink:href="#sSpan902" value="·"/>
		<feat xlink:href="#sSpan906" value="ϫⲉⲁⲡⲛⲟϭ"/>
		<feat xlink:href="#sSpan918" value="ⲛⲁⲣⲭⲁⲅⲅⲉⲗⲟⲥ"/>
		<feat xlink:href="#sSpan927" value="ϯⲥⲟ"/>
		<feat xlink:href="#sSpan932" value="ⲉⲡⲇⲓⲁⲃⲟⲗⲟⲥ"/>
		<feat xlink:href="#sSpan943" value="ⲉⲧⲙⲙⲁⲩ"/>
		<feat xlink:href="#sSpan949" value="ⲉⲧⲙⲥϩⲟⲩⲱⲣϥ"/>
		<feat xlink:href="#sSpan960" value="·"/>
		<feat xlink:href="#sSpan965" value="ⲡⲉⲓϣⲁϫⲉ"/>
		<feat xlink:href="#sSpan975" value="ⲡⲁⲓ"/>
		<feat xlink:href="#sSpan980" value="ϩ..ⲧⲉⲛⲟⲩ"/>
		<feat xlink:href="#sSpan986" value="·"/>
		<feat xlink:href="#sSpan990" value="ϫⲉⲉⲣⲉⲡϫⲟⲉⲓⲥ"/>
		<feat xlink:href="#sSpan1003" value="ⲉⲡⲓⲧⲓⲙⲁ"/>
		<feat xlink:href="#sSpan1008" value="ⲛⲁⲕ"/>
		<feat xlink:href="#sSpan1014" value="·"/>
		<feat xlink:href="#sSpan1018" value="ϥⲣϩⲟⲩⲉⲥⲩⲙⲁⲛⲉ"/>
		<feat xlink:href="#sSpan1029" value="ⲙⲡⲥⲁϩⲟⲩ"/>
		<feat xlink:href="#sSpan1039" value="ⲉⲧⲛⲏⲩ"/>
		<feat xlink:href="#sSpan1045" value="ⲉϫⲱϥ"/>
		<feat xlink:href="#sSpan1052" value="·"/>
		<feat xlink:href="#sSpan1057" value="ⲛϯⲛⲁϯⲥⲟ"/>
		<feat xlink:href="#sSpan1072" value="ⲁⲛ"/>
		<feat xlink:href="#sSpan1076" value="ⲉϫⲟⲟⲥ"/>
		<feat xlink:href="#sSpan1085" value="ϫⲉϥⲥϩⲟⲩⲟⲣⲧ"/>
		<feat xlink:href="#sSpan1093" value="ⲙⲛⲛⲉϥϣⲏⲣⲉ"/>
		<feat xlink:href="#sSpan1103" value="ⲛϩⲉⲗⲗⲏⲛ"/>
		<feat xlink:href="#sSpan1111" value="·"/>
		<feat xlink:href="#sSpan1115" value="ϥⲣϩⲟⲩⲉⲥϩⲟⲩⲟⲣⲧ"/>
		<feat xlink:href="#sSpan1127" value="ⲛⲙⲙⲁⲩ"/>
		<feat xlink:href="#sSpan1135" value="·"/>
		<feat xlink:href="#sSpan1139" value="ⲥⲉⲥϩⲟⲩⲟⲣⲧ"/>
		<feat xlink:href="#sSpan1148" value="ⲛⲙⲙⲁϥ"/>
		<feat xlink:href="#sSpan1154" value="·"/>
		<feat xlink:href="#sSpan1159" value="ⲏ"/>
		<feat xlink:href="#sSpan1167" value="ⲛⲧⲉⲧⲛ"/>
		<feat xlink:href="#sSpan1173" value="ⲛⲁⲩ"/>
		<feat xlink:href="#sSpan1177" value="ⲁⲛ"/>
		<feat xlink:href="#sSpan1181" value="ϫⲉⲡⲁⲓ"/>
		<feat xlink:href="#sSpan1189" value="ⲁⲛ"/>
		<feat xlink:href="#sSpan1193" value="ⲡⲉ"/>
		<feat xlink:href="#sSpan1197" value="·"/>
		<feat xlink:href="#sSpan1202" value="ⲁϩⲣⲟϥ"/>
		<feat xlink:href="#sSpan1211" value="ϩⲱⲱϥ"/>
		<feat xlink:href="#sSpan1217" value="ⲥⲁϩⲟⲩ"/>
		<feat xlink:href="#sSpan1222" value="ⲙⲛϩⲁⲡ"/>
		<feat xlink:href="#sSpan1230" value="ⲛⲟⲩⲁ"/>
		<feat xlink:href="#sSpan1237" value="·"/>
		<feat xlink:href="#sSpan1242" value="ⲧⲱ"/>
		<feat xlink:href="#sSpan1250" value="ⲉⲧⲱ"/>
		<feat xlink:href="#sSpan1254" value="ⲙⲡⲉⲛⲧⲁⲛⲉⲅⲣⲁⲫⲏ"/>
		<feat xlink:href="#sSpan1272" value="ϫⲟⲟϥ"/>
		<feat xlink:href="#sSpan1279" value="·"/>
		<feat xlink:href="#sSpan1284" value="ϩⲟⲗⲱⲥ"/>
		<feat xlink:href="#sSpan1288" value="·"/>
		<feat xlink:href="#sSpan1292" value="ⲣⲱ"/>
		<feat xlink:href="#sSpan1297" value="ⲉⲩⲁⲕⲁⲛⲁⲅⲧⲉⲓ"/>
		<feat xlink:href="#sSpan1307" value="·"/>
		<feat xlink:href="#sSpan1311" value="ⲛⲣⲱⲙⲉ"/>
		<feat xlink:href="#sSpan1318" value="ⲛⲁⲧⲥⲟⲟⲩⲛ"/>
		<feat xlink:href="#sSpan1327" value="·"/>
		<feat xlink:href="#sSpan1331" value="ⲁⲩⲱ"/>
		<feat xlink:href="#sSpan1336" value="ⲛⲁⲧⲕⲁⲣⲡⲟⲥ"/>
		<feat xlink:href="#sSpan1346" value="·"/>
		<feat xlink:href="#sSpan1350" value="ⲁⲩⲱ"/>
		<feat xlink:href="#sSpan1356" value="ⲛⲁⲕⲁⲑⲁⲣⲧⲟⲥ"/>
		<feat xlink:href="#sSpan1364" value="·"/>
		<feat xlink:href="#sSpan1368" value="ϫⲉⲥⲉϫⲱ"/>
		<feat xlink:href="#sSpan1376" value="ⲛⲛⲉⲧⲉⲛⲥⲉⲛⲟⲉⲓ"/>
		<feat xlink:href="#sSpan1393" value="ⲙⲙⲟⲟⲩ"/>
		<feat xlink:href="#sSpan1400" value="ⲁⲛ"/>
		<feat xlink:href="#sSpan1404" value="ⲛⲧϩⲉ"/>
		<feat xlink:href="#sSpan1412" value="ⲛⲛⲉⲓⲕⲟⲟⲩⲉ"/>
		<feat xlink:href="#sSpan1422" value="ⲧⲉⲛⲟⲩ"/>
		<feat xlink:href="#sSpan1427" value="ⲉⲧⲥϩⲟⲩⲟⲣⲧ"/>
		<feat xlink:href="#sSpan1433" value="ⲉⲧⲉⲓⲛⲉ"/>
		<feat xlink:href="#sSpan1441" value="ⲙⲙⲟⲟⲩ"/>
		<feat xlink:href="#sSpan1448" value="ⲉⲧϫⲓⲟⲩⲁ"/>
		<feat xlink:href="#sSpan1457" value="ⲙⲙⲛⲧⲛⲟϭ"/>
		<feat xlink:href="#sSpan1467" value="ⲙⲡⲛⲟⲩⲧⲉ"/>
		<feat xlink:href="#sSpan1477" value="·"/>
		<feat xlink:href="#sSpan1481" value="ϫⲉⲛⲥⲉⲥⲟⲟⲩⲛ"/>
		<feat xlink:href="#sSpan1492" value="ⲙⲙⲟϥ"/>
		<feat xlink:href="#sSpan1498" value="ⲁⲛ"/>
		<feat xlink:href="#sSpan1503" value="·"/>
		<feat xlink:href="#sSpan1508" value="ⲟⲩⲇⲉ"/>
		<feat xlink:href="#sSpan1513" value="ⲛⲉϥϩⲃⲏⲩⲉ"/>
		<feat xlink:href="#sSpan1520" value="·"/>
		<feat xlink:href="#sSpan1525" value="ⲥⲱⲧⲙ"/>
		<feat xlink:href="#sSpan1533" value="ⲧⲉⲛⲟⲩ"/>
		<feat xlink:href="#sSpan1538" value="ϫⲉⲕⲁⲥ"/>
		<feat xlink:href="#sSpan1546" value="ⲉⲛⲛⲁⲉⲓⲙⲉ"/>
		<feat xlink:href="#sSpan1552" value="·"/>
		<feat xlink:href="#sSpan1557" value="ϫⲉⲧⲛⲡⲱⲱⲛⲉ"/>
		<feat xlink:href="#sSpan1566" value="ⲛⲛϣⲁϫⲉ"/>
		<feat xlink:href="#sSpan1575" value="ⲛⲧⲁⲛⲉⲧⲟⲩⲁⲁⲃ"/>
		<feat xlink:href="#sSpan1589" value="ⲥϩⲁⲓⲥⲟⲩ"/>
		<feat xlink:href="#sSpan1596" value="ⲉⲛⲉⲓⲛⲉ"/>
		<feat xlink:href="#sSpan1605" value="ⲙⲙⲟⲟⲩ"/>
		<feat xlink:href="#sSpan1613" value="ⲉϫⲙⲡⲉⲛⲟⲩⲱϣ"/>
		<feat xlink:href="#sSpan1623" value="ⲙⲙⲉⲓⲛⲟⲩ"/>
		<feat xlink:href="#sSpan1628" value="ⲙⲙⲟⲛ"/>
		<feat xlink:href="#sSpan1635" value="·"/>
		<feat xlink:href="#sSpan1639" value="ϫⲉⲛⲧⲛⲟⲩⲉϣⲡϣⲁϫⲉ"/>
		<feat xlink:href="#sSpan1655" value="ⲁⲛ"/>
		<feat xlink:href="#sSpan1660" value="ⲉⲧⲟⲩⲟϫ"/>
		<feat xlink:href="#sSpan1666" value="·"/>
		<feat xlink:href="#sSpan1670" value="ⲁⲩⲱ"/>
		<feat xlink:href="#sSpan1677" value="ϫⲉⲕⲁⲥ"/>
		<feat xlink:href="#sSpan1683" value="ⲉⲛⲛⲁⲉⲓⲙⲉ"/>
		<feat xlink:href="#sSpan1691" value="ϫⲉⲉⲩϣⲁϫⲉ"/>
		<feat xlink:href="#sSpan1702" value="ⲛⲣⲱⲙⲉ"/>
		<feat xlink:href="#sSpan1710" value="ⲛⲧⲁⲩⲧⲛⲧⲱⲛⲟⲩ"/>
		<feat xlink:href="#sSpan1723" value="ⲉϩⲉⲛⲕⲗⲟⲟⲗⲉ"/>
		<feat xlink:href="#sSpan1734" value="ⲉⲩϣⲟⲩⲉⲓⲧ"/>
		<feat xlink:href="#sSpan1743" value="·"/>
		<feat xlink:href="#sSpan1747" value="ⲉⲣⲉⲡⲧⲏⲩ"/>
		<feat xlink:href="#sSpan1757" value="ϩⲓⲟⲩⲉ"/>
		<feat xlink:href="#sSpan1761" value="ⲛⲥⲱⲟⲩ"/>
		<feat xlink:href="#sSpan1768" value="·"/>
		<feat xlink:href="#sSpan1772" value="ⲁⲩⲱ"/>
		<feat xlink:href="#sSpan1776" value="ⲉϩⲉⲛϣⲏⲛ"/>
		<feat xlink:href="#sSpan1786" value="ⲉϣⲟⲩⲱⲟⲩ"/>
		<feat xlink:href="#sSpan1795" value="ⲛⲁⲧⲕⲁⲣⲡⲟⲥ"/>
		<feat xlink:href="#sSpan1806" value="ⲉⲁⲩⲙⲟⲩ"/>
		<feat xlink:href="#sSpan1816" value="ⲛⲕⲉⲥⲟⲡ"/>
		<feat xlink:href="#sSpan1826" value="ϩⲛⲛⲉⲩⲛⲟⲩⲛⲉ"/>
		<feat xlink:href="#sSpan1836" value="·"/>
		<feat xlink:href="#sSpan1840" value="ⲁⲩⲱ"/>
		<feat xlink:href="#sSpan1844" value="ⲛϩⲟⲉⲓⲙ"/>
		<feat xlink:href="#sSpan1851" value="ⲉⲧⲛⲁϣⲧ"/>
		<feat xlink:href="#sSpan1858" value="ⲛⲧⲉⲑⲁⲗⲁⲥⲥⲁ"/>
		<feat xlink:href="#sSpan1869" value="·"/>
		<feat xlink:href="#sSpan1873" value="ⲉⲩⲧⲁⲟⲩⲟ"/>
		<feat xlink:href="#sSpan1883" value="ⲉⲃⲟⲗ"/>
		<feat xlink:href="#sSpan1887" value="ⲙⲡⲉⲩϣⲓⲡⲉ"/>
		<feat xlink:href="#sSpan1899" value="·"/>
		<feat xlink:href="#sSpan1903" value="ⲁⲩⲱ"/>
		<feat xlink:href="#sSpan1907" value="ⲛⲥⲓⲟⲩ"/>
		<feat xlink:href="#sSpan1916" value="ⲛⲧⲁⲩⲥⲱⲣⲙ"/>
		<feat xlink:href="#sSpan1927" value="ⲛⲁⲓ"/>
		<feat xlink:href="#sSpan1931" value="ⲛⲧⲁⲩⲥⲟⲃⲧⲉ"/>
		<feat xlink:href="#sSpan1942" value="ⲛⲁⲩ"/>
		<feat xlink:href="#sSpan1948" value="ϣⲁⲉⲛⲉϩ"/>
		<feat xlink:href="#sSpan1956" value="ⲙⲡⲕⲁⲕⲉ"/>
		<feat xlink:href="#sSpan1965" value="ⲉⲧϩⲧⲙⲧⲱⲙ"/>
		<feat xlink:href="#sSpan1973" value="ϫⲉⲥⲉⲧⲟⲗⲙⲁ"/>
		<feat xlink:href="#sSpan1984" value="ⲉϫⲱ"/>
		<feat xlink:href="#sSpan1991" value="ⲛⲛⲉⲧⲉⲙⲉϣϣⲉ"/>
		<feat xlink:href="#sSpan2006" value="ⲁⲩⲱ"/>
		<feat xlink:href="#sSpan2011" value="ⲛⲉⲧⲛⲥⲉⲥⲟⲟⲩⲛ"/>
		<feat xlink:href="#sSpan2025" value="ⲙⲙⲟⲟⲩ"/>
		<feat xlink:href="#sSpan2031" value="ⲁⲛ"/>
		<feat xlink:href="#sSpan2036" value="·"/>
		<feat xlink:href="#sSpan2041" value="ⲧⲉⲧⲛⲛⲁⲩ"/>
		<feat xlink:href="#sSpan2051" value="ϫⲉ"/>
		<feat xlink:href="#sSpan2055" value="ⲉⲩϭⲛⲁⲣⲓⲕⲉ"/>
		<feat xlink:href="#sSpan2066" value="ⲁⲛ"/>
		<feat xlink:href="#sSpan2070" value="ⲉⲛⲉⲧⲡⲱϩⲧ"/>
		<feat xlink:href="#sSpan2082" value="ⲙⲡⲥⲁϩⲟⲩ"/>
		<feat xlink:href="#sSpan2091" value="ⲉϩⲣⲁⲓ"/>
		<feat xlink:href="#sSpan2096" value="ⲉϫⲛⲛⲉⲧⲟ"/>
		<feat xlink:href="#sSpan2107" value="ⲛⲁⲧⲛⲁϩⲧⲉ"/>
		<feat xlink:href="#sSpan2116" value="ⲉⲛⲉⲧⲥⲏϩ"/>
		<feat xlink:href="#sSpan2128" value="ⲧⲏⲣⲟⲩ"/>
		<feat xlink:href="#sSpan2134" value="ϩⲛⲛⲉⲅⲣⲁⲫⲏ"/>
		<feat xlink:href="#sSpan2145" value="·"/>
		<feat xlink:href="#sSpan2149" value="ⲛⲁⲓ"/>
		<feat xlink:href="#sSpan2154" value="ⲛⲧⲁⲡϫⲟⲉⲓⲥ"/>
		<feat xlink:href="#sSpan2166" value="ⲡⲛⲟⲩⲧⲉ"/>
		<feat xlink:href="#sSpan2172" value="ⲁⲁⲩ"/>
		<feat xlink:href="#sSpan2179" value="·"/>
		<feat xlink:href="#sSpan2183" value="ⲁⲩⲱ"/>
		<feat xlink:href="#sSpan2187" value="ⲛⲉⲛⲧⲁⲛⲉϥⲡⲉⲧⲟⲩⲁⲁⲃ"/>
		<feat xlink:href="#sSpan2205" value="ⲁⲁⲩ"/>
		<feat xlink:href="#sSpan2211" value="ϩⲙⲡⲉϥⲣⲁⲛ"/>
		<feat xlink:href="#sSpan2221" value="·"/>
		<feat xlink:href="#sSpan2226" value="ⲡⲉϫⲁⲥ"/>
		<feat xlink:href="#sSpan2235" value="ϭⲉ"/>
		<feat xlink:href="#sSpan2239" value="ⲧⲉⲛⲟⲩ"/>
		<feat xlink:href="#sSpan2244" value="ⲉⲧⲃⲏⲏⲧⲟⲩ"/>
		<feat xlink:href="#sSpan2253" value="·"/>
		<feat xlink:href="#sSpan2257" value="ϫⲉϩⲟⲙⲟⲓⲱⲥ"/>
		<feat xlink:href="#sSpan2266" value="ⲛⲉⲓⲕⲟⲟⲩⲉ"/>
		<feat xlink:href="#sSpan2273" value="ⲉⲩⲡⲉⲣⲉⲣⲁⲥⲟⲩ"/>
		<feat xlink:href="#sSpan2284" value="·"/>
		<feat xlink:href="#sSpan2289" value="ⲛⲥⲁⲣⲝ"/>
		<feat xlink:href="#sSpan2298" value="ⲙⲉⲛ"/>
		<feat xlink:href="#sSpan2302" value="ⲥⲉϫⲱϩⲙ"/>
		<feat xlink:href="#sSpan2310" value="ⲙⲙⲟⲟⲩ"/>
		<feat xlink:href="#sSpan2316" value="·"/>
		<feat xlink:href="#sSpan2321" value="ⲙⲙⲛⲧϫⲟⲉⲓⲥ"/>
		<feat xlink:href="#sSpan2331" value="ⲇⲉ"/>
		<feat xlink:href="#sSpan2335" value="ⲥⲉⲁⲑⲉⲧⲉⲓ"/>
		<feat xlink:href="#sSpan2343" value="ⲙⲙⲟⲟⲩ"/>
		<feat xlink:href="#sSpan2349" value="·"/>
		<feat xlink:href="#sSpan2354" value="ⲛⲉⲟⲟⲩ"/>
		<feat xlink:href="#sSpan2362" value="ⲇⲉ"/>
		<feat xlink:href="#sSpan2366" value="ⲥⲉϫⲓⲟⲩⲁ"/>
		<feat xlink:href="#sSpan2374" value="ⲉⲣⲟⲟⲩ"/>
		<feat xlink:href="#sSpan2381" value="·"/>
		<feat xlink:href="#sSpan2386" value="ⲉⲩϫⲡⲓⲟ"/>
		<feat xlink:href="#sSpan2398" value="ⲇⲉ"/>
		<feat xlink:href="#sSpan2402" value="ⲙⲡⲉⲥⲡⲉⲣⲙⲁ"/>
		<feat xlink:href="#sSpan2413" value="ⲛⲛⲁⲥⲉⲃⲏⲥ"/>
		<feat xlink:href="#sSpan2424" value="ⲛⲟⲩⲟⲉⲓϣ"/>
		<feat xlink:href="#sSpan2431" value="ⲛⲓⲙ"/>
		<feat xlink:href="#sSpan2436" value="·"/>
		<feat xlink:href="#sSpan2440" value="ϣⲁϩⲣⲁⲓ"/>
		<feat xlink:href="#sSpan2444" value="ⲉⲛⲁⲓ"/>
		<feat xlink:href="#sSpan2453" value="ⲧⲉⲛⲟⲩ"/>
		<feat xlink:href="#sSpan2457" value="ⲉⲧⲥϩⲟⲩⲟⲣⲧ"/>
		<feat xlink:href="#sSpan2464" value="·"/>
		<feat xlink:href="#sSpan2468" value="ϫⲉⲥⲉϫⲓⲟⲩⲁ"/>
		<feat xlink:href="#sSpan2479" value="ⲉⲛⲉⲧⲛⲥⲉⲥⲟⲟⲩⲛ"/>
		<feat xlink:href="#sSpan2495" value="ⲙⲙⲟⲟⲩ"/>
		<feat xlink:href="#sSpan2501" value="ⲁⲛ"/>
		<feat xlink:href="#sSpan2505" value="·"/>
		<feat xlink:href="#sSpan2511" value="ⲛⲉⲧⲟⲩⲥⲟⲟⲩⲛ"/>
		<feat xlink:href="#sSpan2526" value="ⲇⲉ"/>
		<feat xlink:href="#sSpan2530" value="ⲙⲙⲟⲟⲩ"/>
		<feat xlink:href="#sSpan2537" value="ⲛⲧϩⲉ"/>
		<feat xlink:href="#sSpan2545" value="ⲙⲡⲉⲥⲙⲟⲧ"/>
		<feat xlink:href="#sSpan2555" value="ⲛⲛⲧⲃⲛⲟⲟⲩⲉ"/>
		<feat xlink:href="#sSpan2565" value="ⲥⲉⲧⲁⲕⲟ"/>
		<feat xlink:href="#sSpan2572" value="ϩⲣⲁⲓ"/>
		<feat xlink:href="#sSpan2576" value="ⲛϩⲏⲧⲟⲩ"/>
		<feat xlink:href="#sSpan2582" value="·"/>
		<feat xlink:href="#sSpan2587" value="ⲡⲛⲟⲩⲧⲉ"/>
		<feat xlink:href="#sSpan2598" value="ⲛⲛϭⲟⲙ"/>
		<feat xlink:href="#sSpan2608" value="ⲡⲡⲁⲛⲧⲟⲕⲣⲁⲧⲱⲣ"/>
		<feat xlink:href="#sSpan2616" value="ⲛⲧⲁⲡⲉϥⲉⲟⲟⲩ"/>
		<feat xlink:href="#sSpan2629" value="·"/>
		<feat xlink:href="#sSpan2633" value="ⲙⲛⲛⲉϥⲙⲟⲓϩⲉ"/>
		<feat xlink:href="#sSpan2643" value="·"/>
		<feat xlink:href="#sSpan2647" value="ⲁⲩⲱ"/>
		<feat xlink:href="#sSpan2651" value="ⲁⲛⲉϥⲁⲅⲁⲑⲟⲛ"/>
		<feat xlink:href="#sSpan2662" value="ⲙⲉϩϯⲕⲟⲩⲙⲉⲛⲏ"/>
		<feat xlink:href="#sSpan2673" value="ⲧⲏⲣⲥ"/>
		<feat xlink:href="#sSpan2680" value="·"/>
		<feat xlink:href="#sSpan2684" value="ⲁⲩⲱ"/>
		<feat xlink:href="#sSpan2690" value="ⲥⲉⲁⲑⲉⲧⲉⲓ"/>
		<feat xlink:href="#sSpan2697" value="ⲙⲙⲟϥ"/>
		<feat xlink:href="#sSpan2704" value="·"/>
		<feat xlink:href="#sSpan2708" value="ⲁⲩⲱ"/>
		<feat xlink:href="#sSpan2713" value="ⲥⲉϫⲓⲟⲩⲁ"/>
		<feat xlink:href="#sSpan2719" value="ⲉⲣⲟϥ"/>
		<feat xlink:href="#sSpan2725" value="·"/>
		<feat xlink:href="#sSpan2731" value="ⲡⲇⲓⲁⲃⲟⲗⲟⲥ"/>
		<feat xlink:href="#sSpan2742" value="ⲇⲉ"/>
		<feat xlink:href="#sSpan2746" value="ⲉⲧϭⲟⲟⲙⲉ"/>
		<feat xlink:href="#sSpan2753" value="ⲛⲧⲁⲛⲉϥⲙⲟⲓϩⲉ"/>
		<feat xlink:href="#sSpan2765" value="ⲙⲉϩⲡⲕⲁϩ"/>
		<feat xlink:href="#sSpan2774" value="ⲧⲏⲣϥ"/>
		<feat xlink:href="#sSpan2781" value="ⲥⲉⲟ"/>
		<feat xlink:href="#sSpan2787" value="ⲛϩⲙϩⲁⲗ"/>
		<feat xlink:href="#sSpan2795" value="ⲛⲁϥ"/>
		<feat xlink:href="#sSpan2801" value="ⲛϭⲓⲛⲣⲱⲙⲉ"/>
		<feat xlink:href="#sSpan2811" value="ⲉⲧⲥϩⲟⲩⲟⲣⲧ"/>
		<feat xlink:href="#sSpan2818" value="·"/>
		<feat xlink:href="#sSpan2822" value="ⲥⲉⲧⲁⲕⲟ"/>
		<feat xlink:href="#sSpan2830" value="ⲙⲙⲟⲟⲩ"/>
		<feat xlink:href="#sSpan2837" value="ⲉⲃⲟⲗ"/>
		<feat xlink:href="#sSpan2842" value="ϩⲓⲧⲟⲟⲧϥ"/>
		<feat xlink:href="#sSpan2849" value="ϩⲣⲁⲓ"/>
		<feat xlink:href="#sSpan2854" value="ϩⲛⲁⲛⲟⲙⲓⲁ"/>
		<feat xlink:href="#sSpan2863" value="ⲛⲓⲙ"/>
		<feat xlink:href="#sSpan2867" value="·"/>
		<feat xlink:href="#sSpan2872" value="ⲡⲏⲓ"/>
		<feat xlink:href="#sSpan2882" value="ⲙⲡⲛⲟⲩⲧⲉ"/>
		<feat xlink:href="#sSpan2891" value="ⲧⲉⲕⲕⲗⲏⲥⲓⲁ"/>
		<feat xlink:href="#sSpan2900" value="ⲉⲧⲣⲟⲩⲟⲉⲓⲛ"/>
		<feat xlink:href="#sSpan2909" value="ⲉⲡⲕⲁϩ"/>
		<feat xlink:href="#sSpan2919" value="ⲧⲏⲣϥ"/>
		<feat xlink:href="#sSpan2925" value="ⲉⲧⲙⲉϩⲛϣⲁϫⲉ"/>
		<feat xlink:href="#sSpan2937" value="ⲛⲱⲛϩ"/>
		<feat xlink:href="#sSpan2945" value="·"/>
		<feat xlink:href="#sSpan2950" value="ⲛⲉⲩⲏⲓ"/>
		<feat xlink:href="#sSpan2961" value="ⲇⲉ"/>
		<feat xlink:href="#sSpan2965" value="ⲛⲧⲁⲩⲣⲣⲙⲛϭⲟⲓⲗⲉ"/>
		<feat xlink:href="#sSpan2980" value="ⲛⲛ"/></featList></paula>