<?xml version='1.0' encoding='UTF-8'?><!DOCTYPE paula SYSTEM "paula_feat.dtd">
<paula version="1.1">
	<header paula_id="scriptorium.shenoute.those.GF307-310.mark_orig"/>
	<featList xmlns:xlink="http://www.w3.org/1999/xlink" type="orig" xml:base="scriptorium.shenoute.those.GF307-310.mark.xml">
		<feat xlink:href="#sSpan3" value="ⲧⲉ"/>
		<feat xlink:href="#sSpan15" value="ⲉⲧ"/>
		<feat xlink:href="#sSpan19" value="ϫⲱ"/>
		<feat xlink:href="#sSpan21" value="ⲙⲙⲟ"/>
		<feat xlink:href="#sSpan25" value="ⲥ"/>
		<feat xlink:href="#sSpan27" value="ϫⲉ"/>
		<feat xlink:href="#sSpan32" value="ϯ"/>
		<feat xlink:href="#sSpan34" value="ⲥⲙⲟⲩ"/>
		<feat xlink:href="#sSpan36" value="ⲉ"/>
		<feat xlink:href="#sSpan40" value="ⲡ"/>
		<feat xlink:href="#sSpan44" value="ⲛⲟⲩⲧⲉ"/>
		<feat xlink:href="#sSpan46" value="·"/>
		<feat xlink:href="#sSpan50" value="ⲉ"/>
		<feat xlink:href="#sSpan54" value="ϥ"/>
		<feat xlink:href="#sSpan56" value="ⲥⲁϩⲟⲩ"/>
		<feat xlink:href="#sSpan60" value="ⲇⲉ"/>
		<feat xlink:href="#sSpan64" value="ⲛ"/>
		<feat xlink:href="#sSpan68" value="ⲛ"/>
		<feat xlink:href="#sSpan71" value="ⲣⲱⲙⲉ"/>
		<feat xlink:href="#sSpan73" value="ⲛⲁⲛⲟⲩ"/>
		<feat xlink:href="#sSpan78" value="ⲟⲩ"/>
		<feat xlink:href="#sSpan80" value="·"/>
		<feat xlink:href="#sSpan84" value="ⲁⲩⲱ"/>
		<feat xlink:href="#sSpan88" value="ⲙ"/>
		<feat xlink:href="#sSpan94" value="ⲡⲉⲓ̈ⲥⲧⲟⲥ"/>
		<feat xlink:href="#sSpan97" value="·"/>
		<feat xlink:href="#sSpan101" value="ⲉⲧⲉ"/>
		<feat xlink:href="#sSpan105" value="ⲙⲛⲧⲉ"/>
		<feat xlink:href="#sSpan108" value="ⲗⲁⲁⲩ"/>
		<feat xlink:href="#sSpan111" value="ⲛ̄"/>
		<feat xlink:href="#sSpan115" value="ⲣⲱⲙⲉ"/>
		<feat xlink:href="#sSpan118" value="ⲉ"/>
		<feat xlink:href="#sSpan122" value="ϫⲱ"/>
		<feat xlink:href="#sSpan124" value="ⲉ"/>
		<feat xlink:href="#sSpan126" value="ⲉⲣⲟ"/>
		<feat xlink:href="#sSpan131" value="ⲟⲩ"/>
		<feat xlink:href="#sSpan133" value="·"/>
		<feat xlink:href="#sSpan138" value="ⲧⲁⲓ"/>
		<feat xlink:href="#sSpan146" value="ⲧⲉ"/>
		<feat xlink:href="#sSpan150" value="ⲑ"/>
		<feat xlink:href="#sSpan154" value="ⲉ"/>
		<feat xlink:href="#sSpan156" value="ⲛⲧ"/>
		<feat xlink:href="#sSpan160" value="ⲁ"/>
		<feat xlink:href="#sSpan162" value="ⲩ"/>
		<feat xlink:href="#sSpan164" value="ϫⲟⲟ"/>
		<feat xlink:href="#sSpan168" value="ⲥ"/>
		<feat xlink:href="#sSpan170" value="ϫⲉ"/>
		<feat xlink:href="#sSpan174" value="ⲛ"/>
		<feat xlink:href="#sSpan176" value="ⲉϣϣⲉ"/>
		<feat xlink:href="#sSpan178" value="ⲁⲛ"/>
		<feat xlink:href="#sSpan182" value="ⲛⲁ"/>
		<feat xlink:href="#sSpan188" value="ⲥⲛⲏⲩ"/>
		<feat xlink:href="#sSpan190" value="ⲉ"/>
		<feat xlink:href="#sSpan194" value="ⲧⲣⲉ"/>
		<feat xlink:href="#sSpan196" value="ⲛⲁⲓ̈"/>
		<feat xlink:href="#sSpan200" value="ϣⲱⲡⲉ"/>
		<feat xlink:href="#sSpan204" value="ⲛ"/>
		<feat xlink:href="#sSpan208" value="ⲧⲉⲓ"/>
		<feat xlink:href="#sSpan210" value="ϩⲉ"/>
		<feat xlink:href="#sSpan213" value="·"/>
		<feat xlink:href="#sSpan217" value="ⲁⲩⲱ"/>
		<feat xlink:href="#sSpan223" value="ⲉ"/>
		<feat xlink:href="#sSpan227" value="ⲩ"/>
		<feat xlink:href="#sSpan229" value="ϫⲱ"/>
		<feat xlink:href="#sSpan232" value="ⲙⲙⲟ"/>
		<feat xlink:href="#sSpan236" value="ⲥ"/>
		<feat xlink:href="#sSpan238" value="ⲁⲛ"/>
		<feat xlink:href="#sSpan242" value="ϫⲉ"/>
		<feat xlink:href="#sSpan246" value="ⲛⲛⲉ"/>
		<feat xlink:href="#sSpan249" value="ⲕ"/>
		<feat xlink:href="#sSpan251" value="ⲥϩⲟⲩⲉⲣ"/>
		<feat xlink:href="#sSpan253" value="ⲛ"/>
		<feat xlink:href="#sSpan257" value="ⲉⲛⲧ"/>
		<feat xlink:href="#sSpan259" value="ⲁ"/>
		<feat xlink:href="#sSpan261" value="ⲩ"/>
		<feat xlink:href="#sSpan263" value="ⲙⲟⲣ"/>
		<feat xlink:href="#sSpan265" value="ⲟⲩ"/>
		<feat xlink:href="#sSpan267" value="ⲙ"/>
		<feat xlink:href="#sSpan272" value="ⲡ"/>
		<feat xlink:href="#sSpan275" value="ⲥⲁϩⲟⲩ"/>
		<feat xlink:href="#sSpan277" value="ⲛ̄"/>
		<feat xlink:href="#sSpan281" value="ⲑ"/>
		<feat xlink:href="#sSpan283" value="ⲉ"/>
		<feat xlink:href="#sSpan285" value="ⲛ"/>
		<feat xlink:href="#sSpan290" value="ⲟⲩ"/>
		<feat xlink:href="#sSpan294" value="ⲙⲟϫϥ̣̄ϩ̄ϥ"/>
		<feat xlink:href="#sSpan296" value="·"/>
		<feat xlink:href="#sSpan300" value="ⲁⲩⲱ"/>
		<feat xlink:href="#sSpan307" value="ⲁ"/>
		<feat xlink:href="#sSpan311" value="ⲡ"/>
		<feat xlink:href="#sSpan314" value="ⲥⲁϩⲟⲩ"/>
		<feat xlink:href="#sSpan316" value="ⲃⲱⲕ"/>
		<feat xlink:href="#sSpan322" value="ⲉϩⲟⲩⲛ"/>
		<feat xlink:href="#sSpan326" value="ⲛϩⲏⲧ"/>
		<feat xlink:href="#sSpan331" value="ⲟⲩ"/>
		<feat xlink:href="#sSpan333" value="ⲛ"/>
		<feat xlink:href="#sSpan337" value="ⲑ"/>
		<feat xlink:href="#sSpan339" value="ⲉ"/>
		<feat xlink:href="#sSpan341" value="ⲛ"/>
		<feat xlink:href="#sSpan345" value="ⲟⲩ"/>
		<feat xlink:href="#sSpan348" value="ⲙⲟⲟⲩ"/>
		<feat xlink:href="#sSpan351" value="·"/>
		<feat xlink:href="#sSpan355" value="ⲁⲩⲱ"/>
		<feat xlink:href="#sSpan359" value="ⲛ"/>
		<feat xlink:href="#sSpan363" value="ⲑ"/>
		<feat xlink:href="#sSpan365" value="ⲉ"/>
		<feat xlink:href="#sSpan367" value="ⲛ"/>
		<feat xlink:href="#sSpan372" value="ⲟⲩ"/>
		<feat xlink:href="#sSpan375" value="ⲛⲉϩ"/>
		<feat xlink:href="#sSpan377" value="ϩⲛ"/>
		<feat xlink:href="#sSpan381" value="ⲛⲉⲩ"/>
		<feat xlink:href="#sSpan384" value="ⲕⲉⲉⲥ"/>
		<feat xlink:href="#sSpan387" value="·"/>
		<feat xlink:href="#sSpan392" value="ⲉⲩϣⲁⲛ"/>
		<feat xlink:href="#sSpan402" value="ϫⲟⲟ"/>
		<feat xlink:href="#sSpan404" value="ⲥ"/>
		<feat xlink:href="#sSpan406" value="ϫⲉ"/>
		<feat xlink:href="#sSpan411" value="ⲙⲉⲓ̈ⲭⲁⲏⲗ"/>
		<feat xlink:href="#sSpan416" value="ⲇⲉ"/>
		<feat xlink:href="#sSpan420" value="ⲡ"/>
		<feat xlink:href="#sSpan426" value="ⲁⲣⲭⲁⲅⲅⲉ̣[ⲗⲟⲥ]"/>
		<feat xlink:href="#sSpan429" value="ⲉ"/>
		<feat xlink:href="#sSpan434" value="ϥ"/>
		<feat xlink:href="#sSpan436" value="ϣⲁ[ϫⲉ"/>
		<feat xlink:href="#sSpan439" value="ⲙⲛ]"/>
		<feat xlink:href="#sSpan443" value="ⲡ"/>
		<feat xlink:href="#sSpan448" value="ⲇⲓ̈ⲁ[ⲃⲟⲗⲟⲥ"/>
		<feat xlink:href="#sSpan451" value="ⲉ"/>
		<feat xlink:href="#sSpan455" value="ⲧ]ⲣⲉ"/>
		<feat xlink:href="#sSpan458" value="ϥ"/>
		<feat xlink:href="#sSpan461" value="ϫⲉⲓϩ[ⲁⲡ"/>
		<feat xlink:href="#sSpan466" value="ⲛⲙ]ⲙⲁ"/>
		<feat xlink:href="#sSpan471" value="ϥ"/>
		<feat xlink:href="#sSpan473" value="ⲉⲧⲃⲉ"/>
		<feat xlink:href="#sSpan477" value="ⲡ̣"/>
		<feat xlink:href="#sSpan481" value="ⲥ̣ⲱ̣ⲙⲁ"/>
		<feat xlink:href="#sSpan484" value="ⲙ"/>
		<feat xlink:href="#sSpan489" value="ⲙⲱⲩⲥⲏⲥ"/>
		<feat xlink:href="#sSpan492" value="ⲙⲡⲉ"/>
		<feat xlink:href="#sSpan497" value="ϥ"/>
		<feat xlink:href="#sSpan500" value="ⲧⲟⲗⲟⲙⲁ"/>
		<feat xlink:href="#sSpan502" value="ⲉ"/>
		<feat xlink:href="#sSpan507" value="ⲉⲓ̈ⲛⲉ"/>
		<feat xlink:href="#sSpan510" value="ⲛ"/>
		<feat xlink:href="#sSpan514" value="ⲟⲩ"/>
		<feat xlink:href="#sSpan518" value="ϩⲁⲡ"/>
		<feat xlink:href="#sSpan520" value="ⲉⲛ"/>
		<feat xlink:href="#sSpan525" value="ⲟⲩⲁ"/>
		<feat xlink:href="#sSpan528" value="ⲉϩⲣⲁⲓ̈"/>
		<feat xlink:href="#sSpan532" value="ⲉϫⲱ"/>
		<feat xlink:href="#sSpan537" value="ϥ"/>
		<feat xlink:href="#sSpan539" value="·"/>
		<feat xlink:href="#sSpan544" value="ⲙ"/>
		<feat xlink:href="#sSpan549" value="ⲡⲉ"/>
		<feat xlink:href="#sSpan553" value="ⲣⲙⲉⲉⲩⲉ"/>
		<feat xlink:href="#sSpan556" value="ϫⲉ"/>
		<feat xlink:href="#sSpan560" value="ⲉ"/>
		<feat xlink:href="#sSpan562" value="ⲩ"/>
		<feat xlink:href="#sSpan564" value="ϫⲱ"/>
		<feat xlink:href="#sSpan567" value="ⲙⲙⲟ"/>
		<feat xlink:href="#sSpan571" value="ⲥ"/>
		<feat xlink:href="#sSpan573" value="ϫⲉ"/>
		<feat xlink:href="#sSpan577" value="ⲛ̄ⲛⲉ"/>
		<feat xlink:href="#sSpan580" value="ⲕ"/>
		<feat xlink:href="#sSpan582" value="ⲥϩⲟⲩⲉⲣ"/>
		<feat xlink:href="#sSpan584" value="ⲛ̄"/>
		<feat xlink:href="#sSpan588" value="ⲣⲱⲙⲉ"/>
		<feat xlink:href="#sSpan592" value="ⲉⲧⲉ"/>
		<feat xlink:href="#sSpan597" value="ⲣⲑⲩⲥⲓ̈ⲁ"/>
		<feat xlink:href="#sSpan601" value="ⲛ︤"/>
		<feat xlink:href="#sSpan606" value="ⲛ︥"/>
		<feat xlink:href="#sSpan610" value="ⲇⲁⲓⲙⲱⲛ"/>
		<feat xlink:href="#sSpan612" value="·"/>
		<feat xlink:href="#sSpan617" value="ⲕⲁⲧⲁ"/>
		<feat xlink:href="#sSpan624" value="ⲑ"/>
		<feat xlink:href="#sSpan626" value="ⲉ"/>
		<feat xlink:href="#sSpan628" value="ⲛⲧ"/>
		<feat xlink:href="#sSpan632" value="ⲁ"/>
		<feat xlink:href="#sSpan634" value="ⲓ̈"/>
		<feat xlink:href="#sSpan636" value="ⲥⲱⲧⲙ"/>
		<feat xlink:href="#sSpan639" value="ϫⲉ"/>
		<feat xlink:href="#sSpan643" value="ⲁ"/>
		<feat xlink:href="#sSpan645" value="ϩⲟⲓ̈ⲛⲉ"/>
		<feat xlink:href="#sSpan649" value="ⲉⲃⲟⲗ"/>
		<feat xlink:href="#sSpan653" value="ⲛϩⲏⲧ"/>
		<feat xlink:href="#sSpan657" value="ⲛ"/>
		<feat xlink:href="#sSpan659" value="ϫⲟⲟ"/>
		<feat xlink:href="#sSpan664" value="ⲥ"/>
		<feat xlink:href="#sSpan666" value="·"/>
		<feat xlink:href="#sSpan670" value="ϫⲉ"/>
		<feat xlink:href="#sSpan675" value="ϩⲟⲗⲱⲥ"/>
		<feat xlink:href="#sSpan677" value="ⲣⲱ"/>
		<feat xlink:href="#sSpan682" value="ⲙⲡⲉ"/>
		<feat xlink:href="#sSpan687" value="ⲙⲉⲓ̈ⲭⲁⲏⲗ"/>
		<feat xlink:href="#sSpan691" value="ϫⲉ"/>
		<feat xlink:href="#sSpan695" value="ϩⲉⲛ"/>
		<feat xlink:href="#sSpan698" value="ϣⲁϫⲉ"/>
		<feat xlink:href="#sSpan701" value="ⲉ"/>
		<feat xlink:href="#sSpan705" value="ⲩ"/>
		<feat xlink:href="#sSpan707" value="ⲛⲁϣⲧ"/>
		<feat xlink:href="#sSpan709" value="ⲉ"/>
		<feat xlink:href="#sSpan713" value="ⲡ"/>
		<feat xlink:href="#sSpan718" value="ⲇⲓ̈ⲁⲃⲟⲗⲟⲥ"/>
		<feat xlink:href="#sSpan720" value="·"/>
		<feat xlink:href="#sSpan725" value="ⲁⲗⲗⲁ"/>
		<feat xlink:href="#sSpan734" value="ⲛⲧ"/>
		<feat xlink:href="#sSpan738" value="ⲁ"/>
		<feat xlink:href="#sSpan740" value="ϥ"/>
		<feat xlink:href="#sSpan742" value="ϫⲟⲟ"/>
		<feat xlink:href="#sSpan744" value="ⲥ"/>
		<feat xlink:href="#sSpan746" value="ϫⲉ"/>
		<feat xlink:href="#sSpan750" value="ⲉⲣⲉ"/>
		<feat xlink:href="#sSpan753" value="ⲡ"/>
		<feat xlink:href="#sSpan756" value="ϫⲟⲉⲓ̈ⲥ"/>
		<feat xlink:href="#sSpan759" value="ⲉⲡⲉⲓ̈[ⲧ]ⲉ̣ⲓ̈ⲙⲁ"/>
		<feat xlink:href="#sSpan765" value="ⲛⲁ"/>
		<feat xlink:href="#sSpan769" value="ⲕ"/>
		<feat xlink:href="#sSpan771" value="·"/>
		<feat xlink:href="#sSpan776" value="[ⲧⲁⲓ"/>
		<feat xlink:href="#sSpan783" value="ⲧⲉ"/>
		<feat xlink:href="#sSpan787" value="ⲑ]"/>
		<feat xlink:href="#sSpan791" value="ⲉ̣"/>
		<feat xlink:href="#sSpan793" value="ⲡⲉϫⲁ"/>
		<feat xlink:href="#sSpan797" value="ⲩ"/>
		<feat xlink:href="#sSpan799" value="[ⲉⲧⲉ"/>
		<feat xlink:href="#sSpan805" value="ⲛ"/>
		<feat xlink:href="#sSpan807" value="ϣ]ϣⲉ"/>
		<feat xlink:href="#sSpan809" value="ⲁⲛ"/>
		<feat xlink:href="#sSpan813" value="ⲉ"/>
		<feat xlink:href="#sSpan818" value="[ⲥϩⲟⲩⲉⲣ]"/>
		<feat xlink:href="#sSpan822" value="ⲛ̣"/>
		<feat xlink:href="#sSpan826" value="ⲣⲱⲙⲉ"/>
		<feat xlink:href="#sSpan829" value="[ⲉⲧ"/>
		<feat xlink:href="#sSpan835" value="ⲟ]ⲩ̣ⲱⲧⲛ"/>
		<feat xlink:href="#sSpan838" value="ⲉⲃⲟⲗ"/>
		<feat xlink:href="#sSpan842" value="ⲛ"/>
		<feat xlink:href="#sSpan848" value="ⲕⲣⲟⲛⲟⲥ"/>
		<feat xlink:href="#sSpan851" value="·"/>
		<feat xlink:href="#sSpan857" value="ⲁⲗⲗⲁ"/>
		<feat xlink:href="#sSpan864" value="ⲙ"/>
		<feat xlink:href="#sSpan868" value="ⲡⲁⲓ"/>
		<feat xlink:href="#sSpan871" value="ⲁⲛ"/>
		<feat xlink:href="#sSpan875" value="ⲡⲉ"/>
		<feat xlink:href="#sSpan879" value="ⲡ"/>
		<feat xlink:href="#sSpan885" value="ϣⲁϫⲉ"/>
		<feat xlink:href="#sSpan887" value="ⲙ"/>
		<feat xlink:href="#sSpan891" value="ⲙⲉⲉⲩⲉ"/>
		<feat xlink:href="#sSpan894" value="ⲉⲣⲟ"/>
		<feat xlink:href="#sSpan899" value="ϥ"/>
		<feat xlink:href="#sSpan901" value="·"/>
		<feat xlink:href="#sSpan905" value="ϫⲉ"/>
		<feat xlink:href="#sSpan909" value="ⲁ"/>
		<feat xlink:href="#sSpan911" value="ⲡ"/>
		<feat xlink:href="#sSpan915" value="ⲛⲟϭ"/>
		<feat xlink:href="#sSpan917" value="ⲛ"/>
		<feat xlink:href="#sSpan922" value="ⲁⲣⲭⲁⲅⲅⲉⲗⲟⲥ"/>
		<feat xlink:href="#sSpan926" value="ϯⲥⲟ"/>
		<feat xlink:href="#sSpan931" value="ⲉ"/>
		<feat xlink:href="#sSpan935" value="ⲡ"/>
		<feat xlink:href="#sSpan939" value="ⲇⲓ̈ⲁⲃⲟⲗⲟⲥ"/>
		<feat xlink:href="#sSpan942" value="ⲉⲧ"/>
		<feat xlink:href="#sSpan946" value="ⲙⲙⲁⲩ"/>
		<feat xlink:href="#sSpan948" value="ⲉ"/>
		<feat xlink:href="#sSpan953" value="ⲧⲙ"/>
		<feat xlink:href="#sSpan955" value="ⲥϩⲟⲩⲱⲣ"/>
		<feat xlink:href="#sSpan957" value="ϥ"/>
		<feat xlink:href="#sSpan959" value="·"/>
		<feat xlink:href="#sSpan964" value="ⲡⲉⲓ̈"/>
		<feat xlink:href="#sSpan972" value="ϣⲁϫⲉ"/>
		<feat xlink:href="#sSpan974" value="ⲡⲁⲓ"/>
		<feat xlink:href="#sSpan979" value="⟦ϩ̣..⟧ⲧⲉⲛⲟⲩ"/>
		<feat xlink:href="#sSpan985" value="·"/>
		<feat xlink:href="#sSpan989" value="ϫⲉ"/>
		<feat xlink:href="#sSpan993" value="ⲉⲣⲉ"/>
		<feat xlink:href="#sSpan995" value="ⲡ"/>
		<feat xlink:href="#sSpan999" value="ϫⲟⲉⲓ̈ⲥ"/>
		<feat xlink:href="#sSpan1002" value="ⲉⲡⲉⲓ̈ϯⲙⲁ"/>
		<feat xlink:href="#sSpan1007" value="ⲛⲁ"/>
		<feat xlink:href="#sSpan1011" value="ⲕ"/>
		<feat xlink:href="#sSpan1013" value="·"/>
		<feat xlink:href="#sSpan1017" value="ϥ"/>
		<feat xlink:href="#sSpan1022" value="ⲣϩⲟⲩⲉⲥⲩⲙⲁⲛⲉ"/>
		<feat xlink:href="#sSpan1028" value="ⲙ"/>
		<feat xlink:href="#sSpan1032" value="ⲡ"/>
		<feat xlink:href="#sSpan1035" value="ⲥⲁϩⲟⲩ"/>
		<feat xlink:href="#sSpan1038" value="ⲉⲧ"/>
		<feat xlink:href="#sSpan1042" value="ⲛⲏⲩ"/>
		<feat xlink:href="#sSpan1044" value="ⲉϫⲱ"/>
		<feat xlink:href="#sSpan1049" value="ϥ"/>
		<feat xlink:href="#sSpan1051" value="·"/>
		<feat xlink:href="#sSpan1056" value="ⲛ"/>
		<feat xlink:href="#sSpan1063" value="ϯ"/>
		<feat xlink:href="#sSpan1065" value="ⲛⲁ"/>
		<feat xlink:href="#sSpan1068" value="ϯⲥⲟ"/>
		<feat xlink:href="#sSpan1071" value="ⲁⲛ"/>
		<feat xlink:href="#sSpan1075" value="ⲉ"/>
		<feat xlink:href="#sSpan1079" value="ϫⲟⲟ"/>
		<feat xlink:href="#sSpan1082" value="ⲥ"/>
		<feat xlink:href="#sSpan1084" value="ϫⲉ"/>
		<feat xlink:href="#sSpan1088" value="ϥ"/>
		<feat xlink:href="#sSpan1090" value="ⲥϩⲟⲩⲟⲣⲧ"/>
		<feat xlink:href="#sSpan1092" value="ⲙⲛ"/>
		<feat xlink:href="#sSpan1097" value="ⲛⲉϥ"/>
		<feat xlink:href="#sSpan1100" value="ϣⲏⲣⲉ"/>
		<feat xlink:href="#sSpan1102" value="ⲛ"/>
		<feat xlink:href="#sSpan1108" value="ϩⲉⲗⲗⲏⲛ"/>
		<feat xlink:href="#sSpan1110" value="·"/>
		<feat xlink:href="#sSpan1114" value="ϥ"/>
		<feat xlink:href="#sSpan1122" value="ⲣϩⲟⲩⲉⲥϩⲟⲩⲟⲣⲧ"/>
		<feat xlink:href="#sSpan1126" value="ⲛⲙⲙⲁ"/>
		<feat xlink:href="#sSpan1132" value="ⲩ"/>
		<feat xlink:href="#sSpan1134" value="·"/>
		<feat xlink:href="#sSpan1138" value="ⲥⲉ"/>
		<feat xlink:href="#sSpan1144" value="ⲥϩⲟⲩⲟⲣⲧ"/>
		<feat xlink:href="#sSpan1147" value="ⲛⲙⲙⲁ"/>
		<feat xlink:href="#sSpan1151" value="ϥ"/>
		<feat xlink:href="#sSpan1153" value="·"/>
		<feat xlink:href="#sSpan1158" value="ⲏ"/>
		<feat xlink:href="#sSpan1166" value="ⲛ"/>
		<feat xlink:href="#sSpan1170" value="ⲧⲉⲧⲛ"/>
		<feat xlink:href="#sSpan1172" value="ⲛⲁⲩ"/>
		<feat xlink:href="#sSpan1176" value="ⲁⲛ"/>
		<feat xlink:href="#sSpan1180" value="ϫⲉ"/>
		<feat xlink:href="#sSpan1185" value="ⲡⲁⲓ̈"/>
		<feat xlink:href="#sSpan1188" value="ⲁⲛ"/>
		<feat xlink:href="#sSpan1192" value="ⲡⲉ"/>
		<feat xlink:href="#sSpan1196" value="·"/>
		<feat xlink:href="#sSpan1201" value="ⲁϩⲣⲟ"/>
		<feat xlink:href="#sSpan1208" value="ϥ"/>
		<feat xlink:href="#sSpan1210" value="ϩⲱⲱ"/>
		<feat xlink:href="#sSpan1214" value="ϥ"/>
		<feat xlink:href="#sSpan1216" value="ⲥⲁϩⲟⲩ"/>
		<feat xlink:href="#sSpan1221" value="ⲙⲛ"/>
		<feat xlink:href="#sSpan1226" value="ϩⲁⲡ"/>
		<feat xlink:href="#sSpan1229" value="ⲉⲛ"/>
		<feat xlink:href="#sSpan1233" value="ⲟⲩⲁ"/>
		<feat xlink:href="#sSpan1236" value="·"/>
		<feat xlink:href="#sSpan1241" value="ⲧⲱ"/>
		<feat xlink:href="#sSpan1249" value="ⲉⲧⲱ"/>
		<feat xlink:href="#sSpan1253" value="ⲙ"/>
		<feat xlink:href="#sSpan1257" value="ⲡ"/>
		<feat xlink:href="#sSpan1260" value="ⲉⲛⲧ"/>
		<feat xlink:href="#sSpan1263" value="ⲁ"/>
		<feat xlink:href="#sSpan1265" value="ⲛⲉ"/>
		<feat xlink:href="#sSpan1269" value="ⲅⲣⲁⲫⲏ"/>
		<feat xlink:href="#sSpan1271" value="ϫⲟⲟ"/>
		<feat xlink:href="#sSpan1276" value="ϥ"/>
		<feat xlink:href="#sSpan1278" value="·"/>
		<feat xlink:href="#sSpan1283" value="ϩⲟⲗⲱⲥ"/>
		<feat xlink:href="#sSpan1287" value="·"/>
		<feat xlink:href="#sSpan1291" value="ⲣⲱ"/>
		<feat xlink:href="#sSpan1296" value="ⲉ"/>
		<feat xlink:href="#sSpan1300" value="ⲩ"/>
		<feat xlink:href="#sSpan1303" value="ⲁⲕⲁⲛⲁⲅⲧⲉⲓ̈"/>
		<feat xlink:href="#sSpan1306" value="·"/>
		<feat xlink:href="#sSpan1310" value="ⲛ"/>
		<feat xlink:href="#sSpan1315" value="ⲣⲱⲙⲉ"/>
		<feat xlink:href="#sSpan1317" value="ⲛ"/>
		<feat xlink:href="#sSpan1323" value="ⲁⲧⲥⲟⲟⲩⲛ"/>
		<feat xlink:href="#sSpan1326" value="·"/>
		<feat xlink:href="#sSpan1330" value="ⲁⲩⲱ"/>
		<feat xlink:href="#sSpan1334" value="ⲛ"/>
		<feat xlink:href="#sSpan1341" value="ⲁⲧⲕⲁⲣⲡⲟⲥ"/>
		<feat xlink:href="#sSpan1345" value="·"/>
		<feat xlink:href="#sSpan1349" value="ⲁⲩⲱ"/>
		<feat xlink:href="#sSpan1354" value="ⲛ"/>
		<feat xlink:href="#sSpan1360" value="ⲁⲕⲁⲑⲁⲣⲧⲟⲥ"/>
		<feat xlink:href="#sSpan1363" value="·"/>
		<feat xlink:href="#sSpan1367" value="ϫⲉ"/>
		<feat xlink:href="#sSpan1371" value="ⲥⲉ"/>
		<feat xlink:href="#sSpan1373" value="ϫⲱ"/>
		<feat xlink:href="#sSpan1375" value="ⲛ"/>
		<feat xlink:href="#sSpan1380" value="ⲛ"/>
		<feat xlink:href="#sSpan1383" value="ⲉⲧⲉ"/>
		<feat xlink:href="#sSpan1385" value="ⲛ"/>
		<feat xlink:href="#sSpan1387" value="ⲥⲉ"/>
		<feat xlink:href="#sSpan1390" value="ⲛⲟⲓ̈"/>
		<feat xlink:href="#sSpan1392" value="ⲙⲙⲟ"/>
		<feat xlink:href="#sSpan1397" value="ⲟⲩ"/>
		<feat xlink:href="#sSpan1399" value="ⲁⲛ"/>
		<feat xlink:href="#sSpan1403" value="ⲛ"/>
		<feat xlink:href="#sSpan1407" value="ⲑ"/>
		<feat xlink:href="#sSpan1409" value="ⲉ"/>
		<feat xlink:href="#sSpan1411" value="ⲛ"/>
		<feat xlink:href="#sSpan1416" value="ⲛⲉⲓ̈"/>
		<feat xlink:href="#sSpan1419" value="ⲕⲟⲟⲩⲉ"/>
		<feat xlink:href="#sSpan1421" value="ⲧⲉⲛⲟⲩ"/>
		<feat xlink:href="#sSpan1426" value="ⲉⲧ"/>
		<feat xlink:href="#sSpan1430" value="ⲥϩⲟⲩⲟⲣⲧ"/>
		<feat xlink:href="#sSpan1432" value="ⲉⲧ"/>
		<feat xlink:href="#sSpan1437" value="ⲉⲓ̈ⲛⲉ"/>
		<feat xlink:href="#sSpan1440" value="ⲙⲙⲟ"/>
		<feat xlink:href="#sSpan1444" value="ⲟⲩ"/>
		<feat xlink:href="#sSpan1447" value="ⲉⲧ"/>
		<feat xlink:href="#sSpan1453" value="ϫⲉⲓ̈ⲟⲩⲁ"/>
		<feat xlink:href="#sSpan1456" value="ⲙ"/>
		<feat xlink:href="#sSpan1461" value="ⲙⲛⲧⲛⲟϭ"/>
		<feat xlink:href="#sSpan1466" value="ⲙ̄"/>
		<feat xlink:href="#sSpan1470" value="ⲡ"/>
		<feat xlink:href="#sSpan1474" value="ⲛⲟⲩⲧⲉ"/>
		<feat xlink:href="#sSpan1476" value="·"/>
		<feat xlink:href="#sSpan1480" value="ϫⲉ"/>
		<feat xlink:href="#sSpan1484" value="ⲛ̄"/>
		<feat xlink:href="#sSpan1486" value="ⲥⲉ"/>
		<feat xlink:href="#sSpan1489" value="ⲥⲟⲟⲩⲛ"/>
		<feat xlink:href="#sSpan1491" value="ⲙⲙⲟ"/>
		<feat xlink:href="#sSpan1495" value="ϥ"/>
		<feat xlink:href="#sSpan1497" value="ⲁⲛ"/>
		<feat xlink:href="#sSpan1502" value="·"/>
		<feat xlink:href="#sSpan1507" value="ⲟⲩⲇⲉ"/>
		<feat xlink:href="#sSpan1511" value="ⲛⲉϥ"/>
		<feat xlink:href="#sSpan1516" value="ϩⲃⲏⲩⲉ"/>
		<feat xlink:href="#sSpan1519" value="·"/>
		<feat xlink:href="#sSpan1524" value="ⲥⲱⲧⲙ"/>
		<feat xlink:href="#sSpan1532" value="ⲧⲉⲛⲟⲩ"/>
		<feat xlink:href="#sSpan1537" value="ϫⲉⲕⲁⲥ"/>
		<feat xlink:href="#sSpan1545" value="ⲉⲛⲛⲁ"/>
		<feat xlink:href="#sSpan1549" value="ⲉⲓ̈ⲙⲉ"/>
		<feat xlink:href="#sSpan1551" value="·"/>
		<feat xlink:href="#sSpan1555" value="ϫⲉ"/>
		<feat xlink:href="#sSpan1560" value="ⲧⲛ"/>
		<feat xlink:href="#sSpan1562" value="ⲡⲱⲱⲛⲉ"/>
		<feat xlink:href="#sSpan1565" value="ⲛ"/>
		<feat xlink:href="#sSpan1569" value="ⲉⲛ"/>
		<feat xlink:href="#sSpan1572" value="ϣⲁϫⲉ"/>
		<feat xlink:href="#sSpan1574" value="ⲛⲧ"/>
		<feat xlink:href="#sSpan1579" value="ⲁ"/>
		<feat xlink:href="#sSpan1581" value="ⲛ"/>
		<feat xlink:href="#sSpan1584" value="ⲉⲧ"/>
		<feat xlink:href="#sSpan1586" value="ⲟⲩⲁⲁⲃ"/>
		<feat xlink:href="#sSpan1588" value="ⲥϩⲁⲓ̈"/>
		<feat xlink:href="#sSpan1593" value="ⲥⲟⲩ"/>
		<feat xlink:href="#sSpan1595" value="ⲉ"/>
		<feat xlink:href="#sSpan1599" value="ⲛ"/>
		<feat xlink:href="#sSpan1601" value="ⲉⲓ̈ⲛⲉ"/>
		<feat xlink:href="#sSpan1604" value="ⲙⲙⲟ"/>
		<feat xlink:href="#sSpan1610" value="ⲟⲩ"/>
		<feat xlink:href="#sSpan1612" value="ⲉϫ︤ⲙ︥"/>
		<feat xlink:href="#sSpan1616" value="ⲡⲉⲛ"/>
		<feat xlink:href="#sSpan1619" value="ⲟⲩⲱϣ"/>
		<feat xlink:href="#sSpan1622" value="ⲙⲙⲉⲓ̈ⲛⲟⲩ"/>
		<feat xlink:href="#sSpan1627" value="ⲙⲙⲟ"/>
		<feat xlink:href="#sSpan1632" value="ⲛ"/>
		<feat xlink:href="#sSpan1634" value="·"/>
		<feat xlink:href="#sSpan1638" value="ϫⲉ"/>
		<feat xlink:href="#sSpan1642" value="ⲛ"/>
		<feat xlink:href="#sSpan1644" value="ⲧⲛ"/>
		<feat xlink:href="#sSpan1646" value="ⲟⲩⲉϣ"/>
		<feat xlink:href="#sSpan1649" value="ⲡ"/>
		<feat xlink:href="#sSpan1652" value="ϣⲁϫⲉ"/>
		<feat xlink:href="#sSpan1654" value="ⲁⲛ"/>
		<feat xlink:href="#sSpan1659" value="ⲉⲧ"/>
		<feat xlink:href="#sSpan1663" value="ⲟⲩⲟϫ"/>
		<feat xlink:href="#sSpan1665" value="·"/>
		<feat xlink:href="#sSpan1669" value="ⲁⲩⲱ"/>
		<feat xlink:href="#sSpan1676" value="ϫⲉⲕⲁⲥ"/>
		<feat xlink:href="#sSpan1682" value="‹ⲉ›ⲛⲛ"/>
		<feat xlink:href="#sSpan1686" value="ⲁ"/>
		<feat xlink:href="#sSpan1688" value="ⲉⲓ̈ⲙⲉ"/>
		<feat xlink:href="#sSpan1690" value="ϫⲉ"/>
		<feat xlink:href="#sSpan1695" value="ⲉ"/>
		<feat xlink:href="#sSpan1697" value="ⲩ"/>
		<feat xlink:href="#sSpan1699" value="ϣⲁϫⲉ"/>
		<feat xlink:href="#sSpan1701" value="ⲛ"/>
		<feat xlink:href="#sSpan1705" value="ⲣⲱⲙⲉ"/>
		<feat xlink:href="#sSpan1709" value="ⲛⲧ"/>
		<feat xlink:href="#sSpan1713" value="ⲁ"/>
		<feat xlink:href="#sSpan1715" value="ⲩ"/>
		<feat xlink:href="#sSpan1717" value="ⲧⲛⲧⲱⲛ"/>
		<feat xlink:href="#sSpan1720" value="ⲟⲩ"/>
		<feat xlink:href="#sSpan1722" value="ⲉ"/>
		<feat xlink:href="#sSpan1726" value="ϩⲉⲛ"/>
		<feat xlink:href="#sSpan1731" value="ⲕⲗⲟⲟⲗⲉ"/>
		<feat xlink:href="#sSpan1733" value="ⲉ"/>
		<feat xlink:href="#sSpan1737" value="ⲩ"/>
		<feat xlink:href="#sSpan1739" value="ϣⲟⲩⲉⲓ̈ⲧ"/>
		<feat xlink:href="#sSpan1742" value="·"/>
		<feat xlink:href="#sSpan1746" value="ⲉⲣⲉ"/>
		<feat xlink:href="#sSpan1750" value="ⲡ"/>
		<feat xlink:href="#sSpan1754" value="ⲧⲏⲩ"/>
		<feat xlink:href="#sSpan1756" value="ϩⲉⲓ̈ⲟⲩⲉ"/>
		<feat xlink:href="#sSpan1760" value="ⲛⲥⲱ"/>
		<feat xlink:href="#sSpan1765" value="ⲟⲩ"/>
		<feat xlink:href="#sSpan1767" value="·"/>
		<feat xlink:href="#sSpan1771" value="ⲁⲩⲱ"/>
		<feat xlink:href="#sSpan1775" value="ⲉ"/>
		<feat xlink:href="#sSpan1779" value="ϩⲉⲛ"/>
		<feat xlink:href="#sSpan1783" value="ϣⲏⲛ"/>
		<feat xlink:href="#sSpan1785" value="ⲉ"/>
		<feat xlink:href="#sSpan1789" value="ϣⲟⲩⲱ"/>
		<feat xlink:href="#sSpan1792" value="ⲟⲩ"/>
		<feat xlink:href="#sSpan1794" value="ⲛ"/>
		<feat xlink:href="#sSpan1799" value="ⲁⲧⲕⲁⲣⲡⲟⲥ"/>
		<feat xlink:href="#sSpan1804" value="ⲉ"/>
		<feat xlink:href="#sSpan1809" value="ⲁ"/>
		<feat xlink:href="#sSpan1811" value="ⲩ"/>
		<feat xlink:href="#sSpan1813" value="ⲙⲟⲩ"/>
		<feat xlink:href="#sSpan1815" value="ⲛ"/>
		<feat xlink:href="#sSpan1819" value="ⲕⲉ"/>
		<feat xlink:href="#sSpan1822" value="ⲥⲟⲡ"/>
		<feat xlink:href="#sSpan1825" value="ϩⲛ"/>
		<feat xlink:href="#sSpan1829" value="ⲛⲉⲩ"/>
		<feat xlink:href="#sSpan1832" value="ⲛⲟⲩⲛⲉ"/>
		<feat xlink:href="#sSpan1835" value="·"/>
		<feat xlink:href="#sSpan1839" value="ⲁⲩⲱ"/>
		<feat xlink:href="#sSpan1843" value="ⲛ"/>
		<feat xlink:href="#sSpan1848" value="ϩⲟⲉⲓ̈ⲙ"/>
		<feat xlink:href="#sSpan1850" value="ⲉⲧ"/>
		<feat xlink:href="#sSpan1855" value="ⲛⲁϣⲧ"/>
		<feat xlink:href="#sSpan1857" value="ⲛ"/>
		<feat xlink:href="#sSpan1861" value="ⲧⲉ"/>
		<feat xlink:href="#sSpan1865" value="ⲑⲁⲗⲁⲥⲥⲁ"/>
		<feat xlink:href="#sSpan1868" value="·"/>
		<feat xlink:href="#sSpan1872" value="ⲉ"/>
		<feat xlink:href="#sSpan1876" value="ⲩ"/>
		<feat xlink:href="#sSpan1878" value="ⲧⲁⲟⲩⲟ"/>
		<feat xlink:href="#sSpan1882" value="ⲉⲃⲟⲗ"/>
		<feat xlink:href="#sSpan1886" value="ⲙ"/>
		<feat xlink:href="#sSpan1890" value="ⲡⲉⲩ"/>
		<feat xlink:href="#sSpan1893" value="ϣⲓ̈ⲡⲉ"/>
		<feat xlink:href="#sSpan1898" value="·"/>
		<feat xlink:href="#sSpan1902" value="ⲁⲩⲱ"/>
		<feat xlink:href="#sSpan1906" value="ⲛ"/>
		<feat xlink:href="#sSpan1912" value="ⲥⲓⲟⲩ"/>
		<feat xlink:href="#sSpan1915" value="ⲛⲧ"/>
		<feat xlink:href="#sSpan1919" value="ⲁ"/>
		<feat xlink:href="#sSpan1921" value="ⲩ"/>
		<feat xlink:href="#sSpan1923" value="ⲥⲱⲣ︤ⲙ︥"/>
		<feat xlink:href="#sSpan1926" value="ⲛⲁⲓ̈"/>
		<feat xlink:href="#sSpan1930" value="ⲛⲧ"/>
		<feat xlink:href="#sSpan1934" value="ⲁ"/>
		<feat xlink:href="#sSpan1936" value="ⲩ"/>
		<feat xlink:href="#sSpan1938" value="ⲥⲟⲃⲧⲉ"/>
		<feat xlink:href="#sSpan1941" value="ⲛⲁ"/>
		<feat xlink:href="#sSpan1945" value="ⲩ"/>
		<feat xlink:href="#sSpan1947" value="ϣⲁ"/>
		<feat xlink:href="#sSpan1951" value="ⲉⲛⲉϩ"/>
		<feat xlink:href="#sSpan1955" value="ⲙ"/>
		<feat xlink:href="#sSpan1959" value="ⲡ"/>
		<feat xlink:href="#sSpan1962" value="ⲕⲁⲕⲉ̣"/>
		<feat xlink:href="#sSpan1964" value="ⲉ̣[ⲧ]"/>
		<feat xlink:href="#sSpan1969" value="ϩⲧⲙⲧⲱⲙ"/>
		<feat xlink:href="#sSpan1972" value="ϫ̣[ⲉ]"/>
		<feat xlink:href="#sSpan1977" value="ⲥⲉ"/>
		<feat xlink:href="#sSpan1981" value="ⲧⲟⲗⲟⲙⲁ"/>
		<feat xlink:href="#sSpan1983" value="ⲉ"/>
		<feat xlink:href="#sSpan1987" value="ϫ[ⲱ]"/>
		<feat xlink:href="#sSpan1990" value="ⲛ"/>
		<feat xlink:href="#sSpan1995" value="ⲛ"/>
		<feat xlink:href="#sSpan1998" value="ⲉⲧⲉ"/>
		<feat xlink:href="#sSpan2000" value="ⲙⲉ"/>
		<feat xlink:href="#sSpan2002" value="ϣϣ[ⲉ]"/>
		<feat xlink:href="#sSpan2005" value="ⲁⲩⲱ"/>
		<feat xlink:href="#sSpan2010" value="ⲛ"/>
		<feat xlink:href="#sSpan2015" value="ⲉⲧ"/>
		<feat xlink:href="#sSpan2017" value="ⲛ"/>
		<feat xlink:href="#sSpan2019" value="ⲥⲉ"/>
		<feat xlink:href="#sSpan2021" value="ⲥⲟⲟⲩⲛ"/>
		<feat xlink:href="#sSpan2024" value="ⲙⲙⲟ"/>
		<feat xlink:href="#sSpan2028" value="ⲟⲩ"/>
		<feat xlink:href="#sSpan2030" value="ⲁⲛ"/>
		<feat xlink:href="#sSpan2035" value="·"/>
		<feat xlink:href="#sSpan2040" value="ⲧⲉⲧⲛ"/>
		<feat xlink:href="#sSpan2048" value="ⲛⲁⲩ"/>
		<feat xlink:href="#sSpan2050" value="ϫⲉ"/>
		<feat xlink:href="#sSpan2054" value="ⲉ"/>
		<feat xlink:href="#sSpan2058" value="ⲩ"/>
		<feat xlink:href="#sSpan2061" value="ϭⲛⲁⲣⲉⲓ̈ⲕⲉ"/>
		<feat xlink:href="#sSpan2065" value="ⲁⲛ"/>
		<feat xlink:href="#sSpan2069" value="ⲉ"/>
		<feat xlink:href="#sSpan2073" value="ⲛ"/>
		<feat xlink:href="#sSpan2076" value="ⲉⲧ"/>
		<feat xlink:href="#sSpan2078" value="ⲡⲱϩⲧ"/>
		<feat xlink:href="#sSpan2081" value="ⲙ"/>
		<feat xlink:href="#sSpan2085" value="ⲡ"/>
		<feat xlink:href="#sSpan2088" value="ⲥⲁϩⲟⲩ"/>
		<feat xlink:href="#sSpan2090" value="ⲉϩⲣⲁⲓ"/>
		<feat xlink:href="#sSpan2095" value="ⲉϫⲛ"/>
		<feat xlink:href="#sSpan2099" value="ⲛ"/>
		<feat xlink:href="#sSpan2102" value="ⲉⲧ"/>
		<feat xlink:href="#sSpan2104" value="ⲟ"/>
		<feat xlink:href="#sSpan2106" value="ⲛ"/>
		<feat xlink:href="#sSpan2111" value="ⲁⲧⲛⲁϩⲧⲉ"/>
		<feat xlink:href="#sSpan2115" value="ⲉ"/>
		<feat xlink:href="#sSpan2119" value="ⲛ"/>
		<feat xlink:href="#sSpan2122" value="ⲉⲧ"/>
		<feat xlink:href="#sSpan2124" value="ⲥⲏϩ"/>
		<feat xlink:href="#sSpan2127" value="ⲧⲏⲣ"/>
		<feat xlink:href="#sSpan2131" value="ⲟⲩ"/>
		<feat xlink:href="#sSpan2133" value="ϩⲛ"/>
		<feat xlink:href="#sSpan2137" value="ⲛⲉ"/>
		<feat xlink:href="#sSpan2142" value="ⲅⲣⲁⲫⲏ"/>
		<feat xlink:href="#sSpan2144" value="·"/>
		<feat xlink:href="#sSpan2148" value="ⲛⲁⲓ̈"/>
		<feat xlink:href="#sSpan2153" value="ⲛⲧ"/>
		<feat xlink:href="#sSpan2157" value="ⲁ"/>
		<feat xlink:href="#sSpan2159" value="ⲡ"/>
		<feat xlink:href="#sSpan2162" value="ϫⲟⲉⲓ̈ⲥ"/>
		<feat xlink:href="#sSpan2165" value="ⲡ"/>
		<feat xlink:href="#sSpan2169" value="ⲛⲟⲩⲧⲉ"/>
		<feat xlink:href="#sSpan2171" value="ⲁⲁ"/>
		<feat xlink:href="#sSpan2176" value="ⲩ"/>
		<feat xlink:href="#sSpan2178" value="·"/>
		<feat xlink:href="#sSpan2182" value="ⲁⲩⲱ"/>
		<feat xlink:href="#sSpan2186" value="ⲛ"/>
		<feat xlink:href="#sSpan2190" value="ⲉⲛⲧ"/>
		<feat xlink:href="#sSpan2193" value="ⲁ"/>
		<feat xlink:href="#sSpan2195" value="ⲛⲉϥ"/>
		<feat xlink:href="#sSpan2199" value="ⲡⲉⲧⲟⲩⲁⲁⲃ"/>
		<feat xlink:href="#sSpan2204" value="ⲁⲁ"/>
		<feat xlink:href="#sSpan2208" value="ⲩ"/>
		<feat xlink:href="#sSpan2210" value="ϩⲙ"/>
		<feat xlink:href="#sSpan2214" value="ⲡⲉϥ"/>
		<feat xlink:href="#sSpan2217" value="ⲣⲁⲛ"/>
		<feat xlink:href="#sSpan2220" value="·"/>
		<feat xlink:href="#sSpan2225" value="ⲡⲉϫⲁ"/>
		<feat xlink:href="#sSpan2232" value="ⲥ"/>
		<feat xlink:href="#sSpan2234" value="ϭⲉ"/>
		<feat xlink:href="#sSpan2238" value="ⲧⲉⲛⲟⲩ"/>
		<feat xlink:href="#sSpan2243" value="ⲉⲧⲃⲏⲏⲧ"/>
		<feat xlink:href="#sSpan2250" value="ⲟⲩ"/>
		<feat xlink:href="#sSpan2252" value="·"/>
		<feat xlink:href="#sSpan2256" value="ϫⲉ"/>
		<feat xlink:href="#sSpan2261" value="ϩⲟⲙⲟⲓ̈ⲱⲥ"/>
		<feat xlink:href="#sSpan2265" value="ⲛⲉⲓ̈"/>
		<feat xlink:href="#sSpan2270" value="ⲕⲟⲟⲩⲉ"/>
		<feat xlink:href="#sSpan2272" value="ⲉ"/>
		<feat xlink:href="#sSpan2277" value="ⲩ"/>
		<feat xlink:href="#sSpan2280" value="ⲡⲉⲉⲣⲉⲣⲁⲥⲟⲩ"/>
		<feat xlink:href="#sSpan2283" value="·"/>
		<feat xlink:href="#sSpan2287" value="ⲛ"/>
		<feat xlink:href="#sSpan2294" value="ⲥⲁⲣⲝ"/>
		<feat xlink:href="#sSpan2297" value="ⲙⲉⲛ"/>
		<feat xlink:href="#sSpan2301" value="ⲥⲉ"/>
		<feat xlink:href="#sSpan2305" value="ϫⲱ[ϩ︤]︥︤ⲙ︥"/>
		<feat xlink:href="#sSpan2309" value="ⲙⲙⲟ"/>
		<feat xlink:href="#sSpan2313" value="ⲟⲩ"/>
		<feat xlink:href="#sSpan2315" value="·"/>
		<feat xlink:href="#sSpan2319" value="ⲙ"/>
		<feat xlink:href="#sSpan2325" value="ⲙⲛⲧϫⲟⲉⲓ̈ⲥ"/>
		<feat xlink:href="#sSpan2330" value="ⲇⲉ"/>
		<feat xlink:href="#sSpan2334" value="ⲥⲉ"/>
		<feat xlink:href="#sSpan2339" value="ⲁⲑⲉⲧ̣ⲉⲓ̈"/>
		<feat xlink:href="#sSpan2342" value="ⲙⲙⲟ"/>
		<feat xlink:href="#sSpan2346" value="ⲟⲩ"/>
		<feat xlink:href="#sSpan2348" value="·"/>
		<feat xlink:href="#sSpan2352" value="ⲛ"/>
		<feat xlink:href="#sSpan2357" value="ⲉⲟⲟⲩ"/>
		<feat xlink:href="#sSpan2361" value="ⲇⲉ"/>
		<feat xlink:href="#sSpan2365" value="ⲥⲉ"/>
		<feat xlink:href="#sSpan2370" value="ϫⲉⲓ̈ⲟⲩⲁ"/>
		<feat xlink:href="#sSpan2373" value="ⲉⲣⲟ"/>
		<feat xlink:href="#sSpan2378" value="ⲟⲩ"/>
		<feat xlink:href="#sSpan2380" value="·"/>
		<feat xlink:href="#sSpan2385" value="ⲉ"/>
		<feat xlink:href="#sSpan2392" value="ⲩ"/>
		<feat xlink:href="#sSpan2394" value="ϫⲡⲉⲓ̈ⲟ"/>
		<feat xlink:href="#sSpan2397" value="ⲇⲉ"/>
		<feat xlink:href="#sSpan2401" value="ⲙ"/>
		<feat xlink:href="#sSpan2405" value="ⲡⲉ"/>
		<feat xlink:href="#sSpan2409" value="ⲥⲡⲉⲣⲙⲁ"/>
		<feat xlink:href="#sSpan2412" value="ⲛ"/>
		<feat xlink:href="#sSpan2416" value="ⲛ"/>
		<feat xlink:href="#sSpan2420" value="ⲁⲥⲉⲃⲏⲥ"/>
		<feat xlink:href="#sSpan2423" value="ⲉⲛ"/>
		<feat xlink:href="#sSpan2427" value="ⲟⲩⲟⲉⲓ̈ϣ"/>
		<feat xlink:href="#sSpan2430" value="ⲛⲓ̈ⲙ"/>
		<feat xlink:href="#sSpan2435" value="·"/>
		<feat xlink:href="#sSpan2439" value="ϣⲁϩⲣⲁⲓ̈"/>
		<feat xlink:href="#sSpan2443" value="ⲉ"/>
		<feat xlink:href="#sSpan2447" value="ⲛⲁⲓ̈"/>
		<feat xlink:href="#sSpan2452" value="ⲇⲉⲛⲟⲩ"/>
		<feat xlink:href="#sSpan2456" value="ⲉⲧ"/>
		<feat xlink:href="#sSpan2460" value="ⲥϩⲟⲩⲟⲣⲧ"/>
		<feat xlink:href="#sSpan2463" value="·"/>
		<feat xlink:href="#sSpan2467" value="ϫⲉ"/>
		<feat xlink:href="#sSpan2471" value="ⲥⲉ"/>
		<feat xlink:href="#sSpan2474" value="ϫⲓ̈ⲟⲩⲁ"/>
		<feat xlink:href="#sSpan2478" value="ⲉ"/>
		<feat xlink:href="#sSpan2482" value="ⲛ"/>
		<feat xlink:href="#sSpan2485" value="ⲉⲧ"/>
		<feat xlink:href="#sSpan2487" value="ⲛ"/>
		<feat xlink:href="#sSpan2489" value="ⲥⲉ"/>
		<feat xlink:href="#sSpan2491" value="ⲥⲟⲟⲩⲛ"/>
		<feat xlink:href="#sSpan2494" value="ⲙⲙⲟ"/>
		<feat xlink:href="#sSpan2498" value="ⲟⲩ"/>
		<feat xlink:href="#sSpan2500" value="ⲁⲛ"/>
		<feat xlink:href="#sSpan2504" value="·"/>
		<feat xlink:href="#sSpan2509" value="ⲛ"/>
		<feat xlink:href="#sSpan2517" value="ⲉⲧ"/>
		<feat xlink:href="#sSpan2519" value="ⲟⲩ"/>
		<feat xlink:href="#sSpan2521" value="ⲥⲟⲟⲩⲛ"/>
		<feat xlink:href="#sSpan2525" value="ⲇⲉ"/>
		<feat xlink:href="#sSpan2529" value="ⲙ̄ⲙⲟ"/>
		<feat xlink:href="#sSpan2534" value="ⲟⲩ"/>
		<feat xlink:href="#sSpan2536" value="ⲛ"/>
		<feat xlink:href="#sSpan2540" value="ⲑ"/>
		<feat xlink:href="#sSpan2542" value="ⲉ"/>
		<feat xlink:href="#sSpan2544" value="ⲙ"/>
		<feat xlink:href="#sSpan2548" value="ⲡⲉ"/>
		<feat xlink:href="#sSpan2552" value="ⲥⲙⲟⲧ"/>
		<feat xlink:href="#sSpan2554" value="ⲉⲛ"/>
		<feat xlink:href="#sSpan2558" value="ⲉⲛ"/>
		<feat xlink:href="#sSpan2561" value="ⲧⲃⲛⲟⲟⲩⲉ"/>
		<feat xlink:href="#sSpan2564" value="ⲥⲉ"/>
		<feat xlink:href="#sSpan2568" value="ⲧⲁⲕⲟ"/>
		<feat xlink:href="#sSpan2571" value="ϩⲣⲁⲓ̈"/>
		<feat xlink:href="#sSpan2575" value="ⲛϩⲏⲧ"/>
		<feat xlink:href="#sSpan2579" value="ⲟⲩ"/>
		<feat xlink:href="#sSpan2581" value="·"/>
		<feat xlink:href="#sSpan2586" value="ⲡ"/>
		<feat xlink:href="#sSpan2595" value="ⲛⲟⲩⲧⲉ"/>
		<feat xlink:href="#sSpan2597" value="ⲛ"/>
		<feat xlink:href="#sSpan2601" value="ⲉⲛ"/>
		<feat xlink:href="#sSpan2604" value="ϭⲟⲙ"/>
		<feat xlink:href="#sSpan2606" value="ⲡ"/>
		<feat xlink:href="#sSpan2612" value="ⲡⲁⲛⲧⲱⲕⲣⲁⲧⲱⲣ"/>
		<feat xlink:href="#sSpan2615" value="ⲛ̄ⲧ"/>
		<feat xlink:href="#sSpan2619" value="ⲁ"/>
		<feat xlink:href="#sSpan2621" value="ⲡⲉϥ"/>
		<feat xlink:href="#sSpan2626" value="ⲉⲟⲟⲩ"/>
		<feat xlink:href="#sSpan2628" value="·"/>
		<feat xlink:href="#sSpan2632" value="ⲙⲛ"/>
		<feat xlink:href="#sSpan2636" value="ⲛⲉϥ"/>
		<feat xlink:href="#sSpan2639" value="ⲙⲟⲓ̈ϩⲉ"/>
		<feat xlink:href="#sSpan2642" value="·"/>
		<feat xlink:href="#sSpan2646" value="ⲁⲩⲱ"/>
		<feat xlink:href="#sSpan2650" value="ⲁ"/>
		<feat xlink:href="#sSpan2654" value="ⲛⲉϥ"/>
		<feat xlink:href="#sSpan2658" value="ⲁⲅⲁⲑⲟⲛ"/>
		<feat xlink:href="#sSpan2661" value="ⲙⲉϩ"/>
		<feat xlink:href="#sSpan2665" value="ϯ"/>
		<feat xlink:href="#sSpan2669" value="ⲕⲟⲩⲙⲉⲛⲏ"/>
		<feat xlink:href="#sSpan2672" value="ⲧⲏⲣ"/>
		<feat xlink:href="#sSpan2677" value="ⲥ"/>
		<feat xlink:href="#sSpan2679" value="·"/>
		<feat xlink:href="#sSpan2683" value="ⲁⲩⲱ"/>
		<feat xlink:href="#sSpan2689" value="ⲥⲉ"/>
		<feat xlink:href="#sSpan2694" value="ⲁⲑⲉⲧⲉⲓ"/>
		<feat xlink:href="#sSpan2696" value="ⲙⲙⲟ"/>
		<feat xlink:href="#sSpan2701" value="ϥ"/>
		<feat xlink:href="#sSpan2703" value="·"/>
		<feat xlink:href="#sSpan2707" value="ⲁⲩⲱ"/>
		<feat xlink:href="#sSpan2712" value="ⲥⲉϫⲉⲓ̈ⲟⲩⲁ"/>
		<feat xlink:href="#sSpan2718" value="ⲉⲣⲟ"/>
		<feat xlink:href="#sSpan2722" value="ϥ"/>
		<feat xlink:href="#sSpan2724" value="·"/>
		<feat xlink:href="#sSpan2729" value="ⲡ"/>
		<feat xlink:href="#sSpan2738" value="ⲇⲓ̈ⲁⲃⲟⲗⲟⲥ"/>
		<feat xlink:href="#sSpan2741" value="ⲇⲉ"/>
		<feat xlink:href="#sSpan2745" value="ⲉⲧ"/>
		<feat xlink:href="#sSpan2749" value="ϭⲟⲟⲙⲉ"/>
		<feat xlink:href="#sSpan2752" value="ⲛⲧ"/>
		<feat xlink:href="#sSpan2756" value="ⲁ"/>
		<feat xlink:href="#sSpan2758" value="ⲛⲉϥ"/>
		<feat xlink:href="#sSpan2761" value="ⲙⲟⲓ̈ϩⲉ"/>
		<feat xlink:href="#sSpan2764" value="ⲙⲉϩ"/>
		<feat xlink:href="#sSpan2768" value="ⲡ"/>
		<feat xlink:href="#sSpan2771" value="ⲕⲁϩ"/>
		<feat xlink:href="#sSpan2773" value="ⲧⲏⲣ"/>
		<feat xlink:href="#sSpan2778" value="ϥ"/>
		<feat xlink:href="#sSpan2780" value="ⲥⲉ"/>
		<feat xlink:href="#sSpan2784" value="ⲟ"/>
		<feat xlink:href="#sSpan2786" value="ⲛ"/>
		<feat xlink:href="#sSpan2790" value="ϩⲙϩⲁⲗ"/>
		<feat xlink:href="#sSpan2794" value="ⲛⲁ"/>
		<feat xlink:href="#sSpan2798" value="ϥ"/>
		<feat xlink:href="#sSpan2800" value="ⲛϭⲉⲓ̈"/>
		<feat xlink:href="#sSpan2804" value="ⲛ"/>
		<feat xlink:href="#sSpan2808" value="ⲣⲱⲙⲉ"/>
		<feat xlink:href="#sSpan2810" value="ⲉⲧ"/>
		<feat xlink:href="#sSpan2814" value="ⲥϩⲟⲩⲟⲣⲧ"/>
		<feat xlink:href="#sSpan2817" value="·"/>
		<feat xlink:href="#sSpan2821" value="ⲥⲉ"/>
		<feat xlink:href="#sSpan2827" value="ⲧⲁⲕⲟ"/>
		<feat xlink:href="#sSpan2829" value="ⲙⲙⲟ"/>
		<feat xlink:href="#sSpan2834" value="ⲟⲩ"/>
		<feat xlink:href="#sSpan2836" value="ⲉⲃⲟⲗ"/>
		<feat xlink:href="#sSpan2841" value="ϩⲉⲓ̈ⲧⲟⲟⲧ"/>
		<feat xlink:href="#sSpan2846" value="ϥ"/>
		<feat xlink:href="#sSpan2848" value="ϩⲣⲁⲓ̈"/>
		<feat xlink:href="#sSpan2853" value="ϩⲛ"/>
		<feat xlink:href="#sSpan2858" value="ⲁⲛⲟⲙⲓ̈ⲁ"/>
		<feat xlink:href="#sSpan2862" value="ⲛⲓ̈ⲙ"/>
		<feat xlink:href="#sSpan2866" value="·"/>
		<feat xlink:href="#sSpan2871" value="ⲡ"/>
		<feat xlink:href="#sSpan2879" value="ⲏⲓ̈"/>
		<feat xlink:href="#sSpan2881" value="ⲙ"/>
		<feat xlink:href="#sSpan2885" value="ⲡ"/>
		<feat xlink:href="#sSpan2888" value="ⲛⲟⲩⲧⲉ"/>
		<feat xlink:href="#sSpan2890" value="ⲧ"/>
		<feat xlink:href="#sSpan2897" value="ⲉⲕⲕⲗⲏⲥⲓ̈ⲁ"/>
		<feat xlink:href="#sSpan2899" value="ⲉⲧ"/>
		<feat xlink:href="#sSpan2905" value="ⲣⲟⲩⲟⲉⲓ̈ⲛ"/>
		<feat xlink:href="#sSpan2908" value="ⲉ"/>
		<feat xlink:href="#sSpan2912" value="ⲡ"/>
		<feat xlink:href="#sSpan2916" value="ⲕⲁϩ"/>
		<feat xlink:href="#sSpan2918" value="ⲧⲏⲣ"/>
		<feat xlink:href="#sSpan2922" value="ϥ"/>
		<feat xlink:href="#sSpan2924" value="ⲉⲧ"/>
		<feat xlink:href="#sSpan2928" value="ⲙⲉϩ"/>
		<feat xlink:href="#sSpan2931" value="ⲛ"/>
		<feat xlink:href="#sSpan2933" value="ϣⲁϫⲉ"/>
		<feat xlink:href="#sSpan2936" value="ⲉⲛ"/>
		<feat xlink:href="#sSpan2941" value="ⲱⲛϩ"/>
		<feat xlink:href="#sSpan2944" value="·"/>
		<feat xlink:href="#sSpan2949" value="ⲛⲉⲩ"/>
		<feat xlink:href="#sSpan2957" value="ⲏⲓ̈"/>
		<feat xlink:href="#sSpan2960" value="ⲇⲉ"/>
		<feat xlink:href="#sSpan2964" value="ⲛⲧ"/>
		<feat xlink:href="#sSpan2968" value="ⲁ"/>
		<feat xlink:href="#sSpan2970" value="ⲩ"/>
		<feat xlink:href="#sSpan2973" value="ⲣⲣⲙⲛϭⲟⲓ̈ⲗⲉ"/>
		<feat xlink:href="#sSpan2979" value="ⲛ︤"/>
		<feat xlink:href="#sSpan2983" value="ⲛ︥"/></featList></paula>