<?xml version='1.0' encoding='UTF-8'?><!DOCTYPE paula SYSTEM "paula_feat.dtd">
<paula version="1.1">
	<header paula_id="scriptorium.shenoute.those.GF307-310.mark_lemma"/>
	<featList xmlns:xlink="http://www.w3.org/1999/xlink" type="lemma" xml:base="scriptorium.shenoute.those.GF307-310.mark.xml">
		<feat xlink:href="#sSpan2" value="ⲡ"/>
		<feat xlink:href="#sSpan14" value="ⲉⲧⲉⲣⲉ"/>
		<feat xlink:href="#sSpan18" value="ϫⲱ"/>
		<feat xlink:href="#sSpan20" value="ⲛ"/>
		<feat xlink:href="#sSpan24" value="ⲛⲧⲟⲥ"/>
		<feat xlink:href="#sSpan26" value="ϫⲉ"/>
		<feat xlink:href="#sSpan31" value="ⲁⲛⲟⲕ"/>
		<feat xlink:href="#sSpan33" value="ⲥⲙⲟⲩ"/>
		<feat xlink:href="#sSpan35" value="ⲉ"/>
		<feat xlink:href="#sSpan39" value="ⲡ"/>
		<feat xlink:href="#sSpan43" value="ⲛⲟⲩⲧⲉ"/>
		<feat xlink:href="#sSpan45" value="·"/>
		<feat xlink:href="#sSpan49" value="ⲉⲣⲉ"/>
		<feat xlink:href="#sSpan53" value="ⲛⲧⲟϥ"/>
		<feat xlink:href="#sSpan55" value="ⲥⲁϩⲟⲩ"/>
		<feat xlink:href="#sSpan59" value="ⲇⲉ"/>
		<feat xlink:href="#sSpan63" value="ⲛ"/>
		<feat xlink:href="#sSpan67" value="ⲡ"/>
		<feat xlink:href="#sSpan70" value="ⲣⲱⲙⲉ"/>
		<feat xlink:href="#sSpan72" value="ⲛⲁⲛⲟⲩ"/>
		<feat xlink:href="#sSpan77" value="ⲛⲧⲟⲟⲩ"/>
		<feat xlink:href="#sSpan79" value="·"/>
		<feat xlink:href="#sSpan83" value="ⲁⲩⲱ"/>
		<feat xlink:href="#sSpan87" value="ⲛ"/>
		<feat xlink:href="#sSpan93" value="ⲡⲓⲥⲧⲟⲥ"/>
		<feat xlink:href="#sSpan96" value="·"/>
		<feat xlink:href="#sSpan100" value="ⲉⲧⲉⲣⲉ"/>
		<feat xlink:href="#sSpan104" value="ⲙⲛⲧⲉ"/>
		<feat xlink:href="#sSpan107" value="ⲗⲁⲁⲩ"/>
		<feat xlink:href="#sSpan110" value="ⲛ"/>
		<feat xlink:href="#sSpan114" value="ⲣⲱⲙⲉ"/>
		<feat xlink:href="#sSpan117" value="ⲉ"/>
		<feat xlink:href="#sSpan121" value="ϫⲱ"/>
		<feat xlink:href="#sSpan123" value="ⲛⲧⲟ"/>
		<feat xlink:href="#sSpan125" value="ⲉ"/>
		<feat xlink:href="#sSpan130" value="ⲛⲧⲟⲟⲩ"/>
		<feat xlink:href="#sSpan132" value="·"/>
		<feat xlink:href="#sSpan137" value="ⲡⲁⲓ"/>
		<feat xlink:href="#sSpan145" value="ⲡⲉ"/>
		<feat xlink:href="#sSpan149" value="ⲡ"/>
		<feat xlink:href="#sSpan153" value="ϩⲉ"/>
		<feat xlink:href="#sSpan155" value="ⲉⲧⲉⲣⲉ"/>
		<feat xlink:href="#sSpan159" value="ⲁ"/>
		<feat xlink:href="#sSpan161" value="ⲛⲧⲟⲟⲩ"/>
		<feat xlink:href="#sSpan163" value="ϫⲱ"/>
		<feat xlink:href="#sSpan167" value="ⲛⲧⲟⲥ"/>
		<feat xlink:href="#sSpan169" value="ϫⲉ"/>
		<feat xlink:href="#sSpan173" value="ⲛ"/>
		<feat xlink:href="#sSpan175" value="ϣϣⲉ"/>
		<feat xlink:href="#sSpan177" value="ⲁⲛ"/>
		<feat xlink:href="#sSpan181" value="ⲡⲁ"/>
		<feat xlink:href="#sSpan187" value="ⲥⲟⲛ"/>
		<feat xlink:href="#sSpan189" value="ⲉ"/>
		<feat xlink:href="#sSpan193" value="ⲧⲣⲉ"/>
		<feat xlink:href="#sSpan195" value="ⲡⲁⲓ"/>
		<feat xlink:href="#sSpan199" value="ϣⲱⲡⲉ"/>
		<feat xlink:href="#sSpan203" value="ⲛ"/>
		<feat xlink:href="#sSpan207" value="ⲡⲉⲓ"/>
		<feat xlink:href="#sSpan209" value="ϩⲉ"/>
		<feat xlink:href="#sSpan212" value="·"/>
		<feat xlink:href="#sSpan216" value="ⲁⲩⲱ"/>
		<feat xlink:href="#sSpan222" value="ⲉⲣⲉ"/>
		<feat xlink:href="#sSpan226" value="ⲛⲧⲟⲟⲩ"/>
		<feat xlink:href="#sSpan228" value="ϫⲱ"/>
		<feat xlink:href="#sSpan231" value="ⲛ"/>
		<feat xlink:href="#sSpan235" value="ⲛⲧⲟⲥ"/>
		<feat xlink:href="#sSpan237" value="ⲁⲛ"/>
		<feat xlink:href="#sSpan241" value="ϫⲉ"/>
		<feat xlink:href="#sSpan245" value="ⲛⲛⲉ"/>
		<feat xlink:href="#sSpan248" value="ⲛⲧⲟⲕ"/>
		<feat xlink:href="#sSpan250" value="ⲥⲁϩⲟⲩ"/>
		<feat xlink:href="#sSpan252" value="ⲡ"/>
		<feat xlink:href="#sSpan256" value="ⲉⲧⲉⲣⲉ"/>
		<feat xlink:href="#sSpan258" value="ⲁ"/>
		<feat xlink:href="#sSpan260" value="ⲛⲧⲟⲟⲩ"/>
		<feat xlink:href="#sSpan262" value="ⲙⲟⲩⲣ"/>
		<feat xlink:href="#sSpan264" value="ⲛⲧⲟⲟⲩ"/>
		<feat xlink:href="#sSpan266" value="ⲛ"/>
		<feat xlink:href="#sSpan271" value="ⲡ"/>
		<feat xlink:href="#sSpan274" value="ⲥⲁϩⲟⲩ"/>
		<feat xlink:href="#sSpan276" value="ⲛ"/>
		<feat xlink:href="#sSpan280" value="ⲡ"/>
		<feat xlink:href="#sSpan282" value="ϩⲉ"/>
		<feat xlink:href="#sSpan284" value="ⲛ"/>
		<feat xlink:href="#sSpan289" value="ⲟⲩ"/>
		<feat xlink:href="#sSpan293" value="ⲙⲟϫϥϩϥ"/>
		<feat xlink:href="#sSpan295" value="·"/>
		<feat xlink:href="#sSpan299" value="ⲁⲩⲱ"/>
		<feat xlink:href="#sSpan306" value="ⲁ"/>
		<feat xlink:href="#sSpan310" value="ⲡ"/>
		<feat xlink:href="#sSpan313" value="ⲥⲁϩⲟⲩ"/>
		<feat xlink:href="#sSpan315" value="ⲃⲱⲕ"/>
		<feat xlink:href="#sSpan321" value="ⲉϩⲟⲩⲛ"/>
		<feat xlink:href="#sSpan325" value="ϩⲛ"/>
		<feat xlink:href="#sSpan330" value="ⲛⲧⲟⲟⲩ"/>
		<feat xlink:href="#sSpan332" value="ⲛ"/>
		<feat xlink:href="#sSpan336" value="ⲡ"/>
		<feat xlink:href="#sSpan338" value="ϩⲉ"/>
		<feat xlink:href="#sSpan340" value="ⲛ"/>
		<feat xlink:href="#sSpan344" value="ⲟⲩ"/>
		<feat xlink:href="#sSpan347" value="ⲙⲟⲟⲩ"/>
		<feat xlink:href="#sSpan350" value="·"/>
		<feat xlink:href="#sSpan354" value="ⲁⲩⲱ"/>
		<feat xlink:href="#sSpan358" value="ⲛ"/>
		<feat xlink:href="#sSpan362" value="ⲡ"/>
		<feat xlink:href="#sSpan364" value="ϩⲉ"/>
		<feat xlink:href="#sSpan366" value="ⲛ"/>
		<feat xlink:href="#sSpan371" value="ⲟⲩ"/>
		<feat xlink:href="#sSpan374" value="ⲛⲉϩ"/>
		<feat xlink:href="#sSpan376" value="ϩⲛ"/>
		<feat xlink:href="#sSpan380" value="ⲡⲉⲩ"/>
		<feat xlink:href="#sSpan383" value="ⲕⲉⲉⲥ"/>
		<feat xlink:href="#sSpan386" value="·"/>
		<feat xlink:href="#sSpan391" value="ⲉⲣϣⲁⲛ_ⲛⲧⲟⲟⲩ"/>
		<feat xlink:href="#sSpan401" value="ϫⲱ"/>
		<feat xlink:href="#sSpan403" value="ⲛⲧⲟⲥ"/>
		<feat xlink:href="#sSpan405" value="ϫⲉ"/>
		<feat xlink:href="#sSpan410" value="ⲙⲓⲭⲁⲏⲗ"/>
		<feat xlink:href="#sSpan415" value="ⲇⲉ"/>
		<feat xlink:href="#sSpan419" value="ⲡ"/>
		<feat xlink:href="#sSpan425" value="ⲁⲣⲭⲁⲅⲅⲉⲗⲟⲥ"/>
		<feat xlink:href="#sSpan428" value="ⲉⲣⲉ"/>
		<feat xlink:href="#sSpan433" value="ⲛⲧⲟϥ"/>
		<feat xlink:href="#sSpan435" value="ϣⲁϫⲉ"/>
		<feat xlink:href="#sSpan438" value="ⲙⲛ"/>
		<feat xlink:href="#sSpan442" value="ⲡ"/>
		<feat xlink:href="#sSpan447" value="ⲇⲓⲁⲃⲟⲗⲟⲥ"/>
		<feat xlink:href="#sSpan450" value="ⲉ"/>
		<feat xlink:href="#sSpan454" value="ⲧⲣⲉ"/>
		<feat xlink:href="#sSpan457" value="ⲛⲧⲟϥ"/>
		<feat xlink:href="#sSpan460" value="ϫⲓϩⲁⲡ"/>
		<feat xlink:href="#sSpan465" value="ⲙⲛ"/>
		<feat xlink:href="#sSpan470" value="ⲛⲧⲟϥ"/>
		<feat xlink:href="#sSpan472" value="ⲉⲧⲃⲉ"/>
		<feat xlink:href="#sSpan476" value="ⲡ"/>
		<feat xlink:href="#sSpan480" value="ⲥⲱⲙⲁ"/>
		<feat xlink:href="#sSpan483" value="ⲛ"/>
		<feat xlink:href="#sSpan488" value="ⲙⲱⲩⲥⲏⲥ"/>
		<feat xlink:href="#sSpan491" value="ⲙⲡⲉ"/>
		<feat xlink:href="#sSpan496" value="ⲛⲧⲟϥ"/>
		<feat xlink:href="#sSpan499" value="ⲧⲟⲗⲙⲁ"/>
		<feat xlink:href="#sSpan501" value="ⲉ"/>
		<feat xlink:href="#sSpan506" value="ⲉⲓⲛⲉ"/>
		<feat xlink:href="#sSpan509" value="ⲛ"/>
		<feat xlink:href="#sSpan513" value="ⲟⲩ"/>
		<feat xlink:href="#sSpan517" value="ϩⲁⲡ"/>
		<feat xlink:href="#sSpan519" value="ⲛ"/>
		<feat xlink:href="#sSpan524" value="ⲟⲩⲁ"/>
		<feat xlink:href="#sSpan527" value="ⲉϩⲣⲁⲓ"/>
		<feat xlink:href="#sSpan531" value="ⲉϫⲛ"/>
		<feat xlink:href="#sSpan536" value="ⲛⲧⲟϥ"/>
		<feat xlink:href="#sSpan538" value="·"/>
		<feat xlink:href="#sSpan543" value="ⲛ"/>
		<feat xlink:href="#sSpan548" value="ⲡ"/>
		<feat xlink:href="#sSpan552" value="ⲣⲙⲉⲉⲩⲉ"/>
		<feat xlink:href="#sSpan555" value="ϫⲉ"/>
		<feat xlink:href="#sSpan559" value="ⲉⲣⲉ"/>
		<feat xlink:href="#sSpan561" value="ⲛⲧⲟⲟⲩ"/>
		<feat xlink:href="#sSpan563" value="ϫⲱ"/>
		<feat xlink:href="#sSpan566" value="ⲛ"/>
		<feat xlink:href="#sSpan570" value="ⲛⲧⲟⲥ"/>
		<feat xlink:href="#sSpan572" value="ϫⲉ"/>
		<feat xlink:href="#sSpan576" value="ⲛⲛⲉ"/>
		<feat xlink:href="#sSpan579" value="ⲛⲧⲟⲕ"/>
		<feat xlink:href="#sSpan581" value="ⲥⲁϩⲟⲩ"/>
		<feat xlink:href="#sSpan583" value="ⲛ"/>
		<feat xlink:href="#sSpan587" value="ⲣⲱⲙⲉ"/>
		<feat xlink:href="#sSpan591" value="ⲉⲧⲉⲣⲉ"/>
		<feat xlink:href="#sSpan596" value="ⲣⲑⲩⲥⲓⲁ"/>
		<feat xlink:href="#sSpan600" value="ⲛ"/>
		<feat xlink:href="#sSpan605" value="ⲡ"/>
		<feat xlink:href="#sSpan609" value="ⲇⲁⲓⲙⲱⲛ"/>
		<feat xlink:href="#sSpan611" value="·"/>
		<feat xlink:href="#sSpan616" value="ⲕⲁⲧⲁ"/>
		<feat xlink:href="#sSpan623" value="ⲡ"/>
		<feat xlink:href="#sSpan625" value="ϩⲉ"/>
		<feat xlink:href="#sSpan627" value="ⲉⲧⲉⲣⲉ"/>
		<feat xlink:href="#sSpan631" value="ⲁ"/>
		<feat xlink:href="#sSpan633" value="ⲁⲛⲟⲕ"/>
		<feat xlink:href="#sSpan635" value="ⲥⲱⲧⲙ"/>
		<feat xlink:href="#sSpan638" value="ϫⲉ"/>
		<feat xlink:href="#sSpan642" value="ⲁ"/>
		<feat xlink:href="#sSpan644" value="ϩⲟⲓⲛⲉ"/>
		<feat xlink:href="#sSpan648" value="ⲉⲃⲟⲗ"/>
		<feat xlink:href="#sSpan652" value="ϩⲛ"/>
		<feat xlink:href="#sSpan656" value="ⲁⲛⲟⲛ"/>
		<feat xlink:href="#sSpan658" value="ϫⲱ"/>
		<feat xlink:href="#sSpan663" value="ⲛⲧⲟⲥ"/>
		<feat xlink:href="#sSpan665" value="·"/>
		<feat xlink:href="#sSpan669" value="ϫⲉ"/>
		<feat xlink:href="#sSpan674" value="ϩⲟⲗⲱⲥ"/>
		<feat xlink:href="#sSpan676" value="ⲣⲱ"/>
		<feat xlink:href="#sSpan681" value="ⲙⲡⲉ"/>
		<feat xlink:href="#sSpan686" value="ⲙⲓⲭⲁⲏⲗ"/>
		<feat xlink:href="#sSpan690" value="ϫⲉ"/>
		<feat xlink:href="#sSpan694" value="ⲟⲩ"/>
		<feat xlink:href="#sSpan697" value="ϣⲁϫⲉ"/>
		<feat xlink:href="#sSpan700" value="ⲉⲣⲉ"/>
		<feat xlink:href="#sSpan704" value="ⲛⲧⲟⲟⲩ"/>
		<feat xlink:href="#sSpan706" value="ⲛϣⲟⲧ"/>
		<feat xlink:href="#sSpan708" value="ⲉ"/>
		<feat xlink:href="#sSpan712" value="ⲡ"/>
		<feat xlink:href="#sSpan717" value="ⲇⲓⲁⲃⲟⲗⲟⲥ"/>
		<feat xlink:href="#sSpan719" value="·"/>
		<feat xlink:href="#sSpan724" value="ⲁⲗⲗⲁ"/>
		<feat xlink:href="#sSpan733" value="ⲉⲧⲉⲣⲉ"/>
		<feat xlink:href="#sSpan737" value="ⲁ"/>
		<feat xlink:href="#sSpan739" value="ⲛⲧⲟϥ"/>
		<feat xlink:href="#sSpan741" value="ϫⲱ"/>
		<feat xlink:href="#sSpan743" value="ⲛⲧⲟⲥ"/>
		<feat xlink:href="#sSpan745" value="ϫⲉ"/>
		<feat xlink:href="#sSpan749" value="ⲉⲣⲉ"/>
		<feat xlink:href="#sSpan752" value="ⲡ"/>
		<feat xlink:href="#sSpan755" value="ϫⲟⲉⲓⲥ"/>
		<feat xlink:href="#sSpan758" value="ⲉⲡⲓⲧⲓⲙⲁ"/>
		<feat xlink:href="#sSpan764" value="ⲛⲁ"/>
		<feat xlink:href="#sSpan768" value="ⲛⲧⲟⲕ"/>
		<feat xlink:href="#sSpan770" value="·"/>
		<feat xlink:href="#sSpan775" value="ⲡⲁⲓ"/>
		<feat xlink:href="#sSpan782" value="ⲡⲉ"/>
		<feat xlink:href="#sSpan786" value="ⲡ"/>
		<feat xlink:href="#sSpan790" value="ϩⲉ"/>
		<feat xlink:href="#sSpan792" value="ⲡⲉϫⲉ"/>
		<feat xlink:href="#sSpan796" value="ⲛⲧⲟⲟⲩ"/>
		<feat xlink:href="#sSpan798" value="ⲉⲧⲉⲣⲉ"/>
		<feat xlink:href="#sSpan804" value="ⲛ"/>
		<feat xlink:href="#sSpan806" value="ϣϣⲉ"/>
		<feat xlink:href="#sSpan808" value="ⲁⲛ"/>
		<feat xlink:href="#sSpan812" value="ⲉ"/>
		<feat xlink:href="#sSpan817" value="ⲥⲁϩⲟⲩ"/>
		<feat xlink:href="#sSpan821" value="ⲛ"/>
		<feat xlink:href="#sSpan825" value="ⲣⲱⲙⲉ"/>
		<feat xlink:href="#sSpan828" value="ⲉⲧⲉⲣⲉ"/>
		<feat xlink:href="#sSpan834" value="ⲟⲩⲱⲧⲛ"/>
		<feat xlink:href="#sSpan837" value="ⲉⲃⲟⲗ"/>
		<feat xlink:href="#sSpan841" value="ⲛ"/>
		<feat xlink:href="#sSpan847" value="ⲕⲣⲟⲛⲟⲥ"/>
		<feat xlink:href="#sSpan850" value="·"/>
		<feat xlink:href="#sSpan856" value="ⲁⲗⲗⲁ"/>
		<feat xlink:href="#sSpan863" value="ⲛ"/>
		<feat xlink:href="#sSpan867" value="ⲡⲁⲓ"/>
		<feat xlink:href="#sSpan870" value="ⲁⲛ"/>
		<feat xlink:href="#sSpan874" value="ⲡⲉ"/>
		<feat xlink:href="#sSpan878" value="ⲡ"/>
		<feat xlink:href="#sSpan884" value="ϣⲁϫⲉ"/>
		<feat xlink:href="#sSpan886" value="ⲛ"/>
		<feat xlink:href="#sSpan890" value="ⲙⲉⲉⲩⲉ"/>
		<feat xlink:href="#sSpan893" value="ⲉ"/>
		<feat xlink:href="#sSpan898" value="ⲛⲧⲟϥ"/>
		<feat xlink:href="#sSpan900" value="·"/>
		<feat xlink:href="#sSpan904" value="ϫⲉ"/>
		<feat xlink:href="#sSpan908" value="ⲁ"/>
		<feat xlink:href="#sSpan910" value="ⲡ"/>
		<feat xlink:href="#sSpan914" value="ⲛⲟϭ"/>
		<feat xlink:href="#sSpan916" value="ⲛ"/>
		<feat xlink:href="#sSpan921" value="ⲁⲣⲭⲁⲅⲅⲉⲗⲟⲥ"/>
		<feat xlink:href="#sSpan925" value="ϯⲥⲟ"/>
		<feat xlink:href="#sSpan930" value="ⲉ"/>
		<feat xlink:href="#sSpan934" value="ⲡ"/>
		<feat xlink:href="#sSpan938" value="ⲇⲓⲁⲃⲟⲗⲟⲥ"/>
		<feat xlink:href="#sSpan941" value="ⲉⲧⲉⲣⲉ"/>
		<feat xlink:href="#sSpan945" value="ⲙⲙⲁⲩ"/>
		<feat xlink:href="#sSpan947" value="ⲉⲣⲉ"/>
		<feat xlink:href="#sSpan952" value="ⲧⲙ"/>
		<feat xlink:href="#sSpan954" value="ⲥⲁϩⲟⲩ"/>
		<feat xlink:href="#sSpan956" value="ⲛⲧⲟϥ"/>
		<feat xlink:href="#sSpan958" value="·"/>
		<feat xlink:href="#sSpan963" value="ⲡⲉⲓ"/>
		<feat xlink:href="#sSpan971" value="ϣⲁϫⲉ"/>
		<feat xlink:href="#sSpan973" value="ⲡⲁⲓ"/>
		<feat xlink:href="#sSpan978" value="⟦ϩ..⟧ⲧⲉⲛⲟⲩ"/>
		<feat xlink:href="#sSpan984" value="·"/>
		<feat xlink:href="#sSpan988" value="ϫⲉ"/>
		<feat xlink:href="#sSpan992" value="ⲉⲣⲉ"/>
		<feat xlink:href="#sSpan994" value="ⲡ"/>
		<feat xlink:href="#sSpan998" value="ϫⲟⲉⲓⲥ"/>
		<feat xlink:href="#sSpan1001" value="ⲉⲡⲓⲧⲓⲙⲁ"/>
		<feat xlink:href="#sSpan1006" value="ⲛⲁ"/>
		<feat xlink:href="#sSpan1010" value="ⲛⲧⲟⲕ"/>
		<feat xlink:href="#sSpan1012" value="·"/>
		<feat xlink:href="#sSpan1016" value="ⲛⲧⲟϥ"/>
		<feat xlink:href="#sSpan1021" value="ⲣϩⲟⲩⲉⲥⲩⲙⲁⲛⲉ"/>
		<feat xlink:href="#sSpan1027" value="ⲛ"/>
		<feat xlink:href="#sSpan1031" value="ⲡ"/>
		<feat xlink:href="#sSpan1034" value="ⲥⲁϩⲟⲩ"/>
		<feat xlink:href="#sSpan1037" value="ⲉⲧⲉⲣⲉ"/>
		<feat xlink:href="#sSpan1041" value="ⲉⲓ"/>
		<feat xlink:href="#sSpan1043" value="ⲉϫⲛ"/>
		<feat xlink:href="#sSpan1048" value="ⲛⲧⲟϥ"/>
		<feat xlink:href="#sSpan1050" value="·"/>
		<feat xlink:href="#sSpan1055" value="ⲛ"/>
		<feat xlink:href="#sSpan1062" value="ⲁⲛⲟⲕ"/>
		<feat xlink:href="#sSpan1064" value="ⲛⲁ"/>
		<feat xlink:href="#sSpan1067" value="ϯⲥⲟ"/>
		<feat xlink:href="#sSpan1070" value="ⲁⲛ"/>
		<feat xlink:href="#sSpan1074" value="ⲉ"/>
		<feat xlink:href="#sSpan1078" value="ϫⲱ"/>
		<feat xlink:href="#sSpan1081" value="ⲛⲧⲟⲥ"/>
		<feat xlink:href="#sSpan1083" value="ϫⲉ"/>
		<feat xlink:href="#sSpan1087" value="ⲛⲧⲟϥ"/>
		<feat xlink:href="#sSpan1089" value="ⲥⲁϩⲟⲩ"/>
		<feat xlink:href="#sSpan1091" value="ⲙⲛ"/>
		<feat xlink:href="#sSpan1096" value="ⲡⲉϥ"/>
		<feat xlink:href="#sSpan1099" value="ϣⲏⲣⲉ"/>
		<feat xlink:href="#sSpan1101" value="ⲛ"/>
		<feat xlink:href="#sSpan1107" value="ϩⲉⲗⲗⲏⲛ"/>
		<feat xlink:href="#sSpan1109" value="·"/>
		<feat xlink:href="#sSpan1113" value="ⲛⲧⲟϥ"/>
		<feat xlink:href="#sSpan1121" value="ⲣϩⲟⲩⲉⲥϩⲟⲩⲟⲣⲧ"/>
		<feat xlink:href="#sSpan1125" value="ⲙⲛ"/>
		<feat xlink:href="#sSpan1131" value="ⲛⲧⲟⲟⲩ"/>
		<feat xlink:href="#sSpan1133" value="·"/>
		<feat xlink:href="#sSpan1137" value="ⲛⲧⲟⲟⲩ"/>
		<feat xlink:href="#sSpan1143" value="ⲥⲁϩⲟⲩ"/>
		<feat xlink:href="#sSpan1146" value="ⲙⲛ"/>
		<feat xlink:href="#sSpan1150" value="ⲛⲧⲟϥ"/>
		<feat xlink:href="#sSpan1152" value="·"/>
		<feat xlink:href="#sSpan1157" value="ⲏ"/>
		<feat xlink:href="#sSpan1165" value="ⲛⲧⲉ"/>
		<feat xlink:href="#sSpan1169" value="ⲛⲧⲱⲧⲛ"/>
		<feat xlink:href="#sSpan1171" value="ⲛⲁⲩ"/>
		<feat xlink:href="#sSpan1175" value="ⲁⲛ"/>
		<feat xlink:href="#sSpan1179" value="ϫⲉ"/>
		<feat xlink:href="#sSpan1184" value="ⲡⲁⲓ"/>
		<feat xlink:href="#sSpan1187" value="ⲁⲛ"/>
		<feat xlink:href="#sSpan1191" value="ⲡⲉ"/>
		<feat xlink:href="#sSpan1195" value="·"/>
		<feat xlink:href="#sSpan1200" value="ⲁϩⲣⲟ"/>
		<feat xlink:href="#sSpan1207" value="ⲛⲧⲟϥ"/>
		<feat xlink:href="#sSpan1209" value="ϩⲱⲱ"/>
		<feat xlink:href="#sSpan1213" value="ⲛⲧⲟϥ"/>
		<feat xlink:href="#sSpan1215" value="ⲥⲁϩⲟⲩ"/>
		<feat xlink:href="#sSpan1220" value="ⲙⲛ"/>
		<feat xlink:href="#sSpan1225" value="ϩⲁⲡ"/>
		<feat xlink:href="#sSpan1228" value="ⲛ"/>
		<feat xlink:href="#sSpan1232" value="ⲟⲩⲁ"/>
		<feat xlink:href="#sSpan1235" value="·"/>
		<feat xlink:href="#sSpan1240" value="ⲧⲱ"/>
		<feat xlink:href="#sSpan1248" value="ⲉⲧⲱ"/>
		<feat xlink:href="#sSpan1252" value="ⲛ"/>
		<feat xlink:href="#sSpan1256" value="ⲡ"/>
		<feat xlink:href="#sSpan1259" value="ⲉⲧⲉⲣⲉ"/>
		<feat xlink:href="#sSpan1262" value="ⲁ"/>
		<feat xlink:href="#sSpan1264" value="ⲡ"/>
		<feat xlink:href="#sSpan1268" value="ⲅⲣⲁⲫⲏ"/>
		<feat xlink:href="#sSpan1270" value="ϫⲱ"/>
		<feat xlink:href="#sSpan1275" value="ⲛⲧⲟϥ"/>
		<feat xlink:href="#sSpan1277" value="·"/>
		<feat xlink:href="#sSpan1282" value="ϩⲟⲗⲱⲥ"/>
		<feat xlink:href="#sSpan1286" value="·"/>
		<feat xlink:href="#sSpan1290" value="ⲣⲱ"/>
		<feat xlink:href="#sSpan1295" value="ⲉⲣⲉ"/>
		<feat xlink:href="#sSpan1299" value="ⲛⲧⲟⲟⲩ"/>
		<feat xlink:href="#sSpan1302" value="ⲁⲕⲁⲛⲁⲅⲧⲉⲓ"/>
		<feat xlink:href="#sSpan1305" value="·"/>
		<feat xlink:href="#sSpan1309" value="ⲡ"/>
		<feat xlink:href="#sSpan1314" value="ⲣⲱⲙⲉ"/>
		<feat xlink:href="#sSpan1316" value="ⲛ"/>
		<feat xlink:href="#sSpan1322" value="ⲁⲧⲥⲟⲟⲩⲛ"/>
		<feat xlink:href="#sSpan1325" value="·"/>
		<feat xlink:href="#sSpan1329" value="ⲁⲩⲱ"/>
		<feat xlink:href="#sSpan1333" value="ⲡ"/>
		<feat xlink:href="#sSpan1340" value="ⲁⲧⲕⲁⲣⲡⲟⲥ"/>
		<feat xlink:href="#sSpan1344" value="·"/>
		<feat xlink:href="#sSpan1348" value="ⲁⲩⲱ"/>
		<feat xlink:href="#sSpan1353" value="ⲡ"/>
		<feat xlink:href="#sSpan1359" value="ⲁⲕⲁⲑⲁⲣⲧⲟⲥ"/>
		<feat xlink:href="#sSpan1362" value="·"/>
		<feat xlink:href="#sSpan1366" value="ϫⲉ"/>
		<feat xlink:href="#sSpan1370" value="ⲛⲧⲟⲟⲩ"/>
		<feat xlink:href="#sSpan1372" value="ϫⲱ"/>
		<feat xlink:href="#sSpan1374" value="ⲛ"/>
		<feat xlink:href="#sSpan1379" value="ⲡ"/>
		<feat xlink:href="#sSpan1382" value="ⲉⲧⲉⲣⲉ"/>
		<feat xlink:href="#sSpan1384" value="ⲛ"/>
		<feat xlink:href="#sSpan1386" value="ⲛⲧⲟⲟⲩ"/>
		<feat xlink:href="#sSpan1389" value="ⲛⲟⲉⲓ"/>
		<feat xlink:href="#sSpan1391" value="ⲛ"/>
		<feat xlink:href="#sSpan1396" value="ⲛⲧⲟⲟⲩ"/>
		<feat xlink:href="#sSpan1398" value="ⲁⲛ"/>
		<feat xlink:href="#sSpan1402" value="ⲛ"/>
		<feat xlink:href="#sSpan1406" value="ⲡ"/>
		<feat xlink:href="#sSpan1408" value="ϩⲉ"/>
		<feat xlink:href="#sSpan1410" value="ⲛ"/>
		<feat xlink:href="#sSpan1415" value="ⲡⲉⲓ"/>
		<feat xlink:href="#sSpan1418" value="ⲕⲉ"/>
		<feat xlink:href="#sSpan1420" value="ⲧⲉⲛⲟⲩ"/>
		<feat xlink:href="#sSpan1425" value="ⲉⲧⲉⲣⲉ"/>
		<feat xlink:href="#sSpan1429" value="ⲥⲁϩⲟⲩ"/>
		<feat xlink:href="#sSpan1431" value="ⲉⲧⲉⲣⲉ"/>
		<feat xlink:href="#sSpan1436" value="ⲉⲓⲛⲉ"/>
		<feat xlink:href="#sSpan1439" value="ⲛ"/>
		<feat xlink:href="#sSpan1443" value="ⲟⲩ"/>
		<feat xlink:href="#sSpan1446" value="ⲉⲧⲉⲣⲉ"/>
		<feat xlink:href="#sSpan1452" value="ϫⲓⲟⲩⲁ"/>
		<feat xlink:href="#sSpan1455" value="ⲛ"/>
		<feat xlink:href="#sSpan1460" value="ⲙⲛⲧⲛⲟϭ"/>
		<feat xlink:href="#sSpan1465" value="ⲛ"/>
		<feat xlink:href="#sSpan1469" value="ⲡ"/>
		<feat xlink:href="#sSpan1473" value="ⲛⲟⲩⲧⲉ"/>
		<feat xlink:href="#sSpan1475" value="·"/>
		<feat xlink:href="#sSpan1479" value="ϫⲉ"/>
		<feat xlink:href="#sSpan1483" value="ⲛ"/>
		<feat xlink:href="#sSpan1485" value="ⲛⲧⲟⲟⲩ"/>
		<feat xlink:href="#sSpan1488" value="ⲥⲟⲟⲩⲛ"/>
		<feat xlink:href="#sSpan1490" value="ⲛ"/>
		<feat xlink:href="#sSpan1494" value="ⲛⲧⲟϥ"/>
		<feat xlink:href="#sSpan1496" value="ⲁⲛ"/>
		<feat xlink:href="#sSpan1501" value="·"/>
		<feat xlink:href="#sSpan1506" value="ⲟⲩⲇⲉ"/>
		<feat xlink:href="#sSpan1510" value="ⲡⲉϥ"/>
		<feat xlink:href="#sSpan1515" value="ϩⲱⲃ"/>
		<feat xlink:href="#sSpan1518" value="·"/>
		<feat xlink:href="#sSpan1523" value="ⲥⲱⲧⲙ"/>
		<feat xlink:href="#sSpan1531" value="ⲧⲉⲛⲟⲩ"/>
		<feat xlink:href="#sSpan1536" value="ϫⲉⲕⲁⲁⲥ"/>
		<feat xlink:href="#sSpan1544" value="ⲉⲛⲛⲁ"/>
		<feat xlink:href="#sSpan1548" value="ⲉⲓⲙⲉ"/>
		<feat xlink:href="#sSpan1550" value="·"/>
		<feat xlink:href="#sSpan1554" value="ϫⲉ"/>
		<feat xlink:href="#sSpan1559" value="ⲁⲛⲟⲛ"/>
		<feat xlink:href="#sSpan1561" value="ⲡⲱⲱⲛⲉ"/>
		<feat xlink:href="#sSpan1564" value="ⲛ"/>
		<feat xlink:href="#sSpan1568" value="ⲡ"/>
		<feat xlink:href="#sSpan1571" value="ϣⲁϫⲉ"/>
		<feat xlink:href="#sSpan1573" value="ⲉⲧⲉⲣⲉ"/>
		<feat xlink:href="#sSpan1578" value="ⲁ"/>
		<feat xlink:href="#sSpan1580" value="ⲡ"/>
		<feat xlink:href="#sSpan1583" value="ⲉⲧⲉⲣⲉ"/>
		<feat xlink:href="#sSpan1585" value="ⲟⲩⲟⲡ"/>
		<feat xlink:href="#sSpan1587" value="ⲥϩⲁⲓ"/>
		<feat xlink:href="#sSpan1592" value="ⲛⲧⲟⲟⲩ"/>
		<feat xlink:href="#sSpan1594" value="ⲉⲣⲉ"/>
		<feat xlink:href="#sSpan1598" value="ⲁⲛⲟⲛ"/>
		<feat xlink:href="#sSpan1600" value="ⲉⲓⲛⲉ"/>
		<feat xlink:href="#sSpan1603" value="ⲛ"/>
		<feat xlink:href="#sSpan1609" value="ⲛⲧⲟⲟⲩ"/>
		<feat xlink:href="#sSpan1611" value="ⲉϫⲛ"/>
		<feat xlink:href="#sSpan1615" value="ⲡⲉⲛ"/>
		<feat xlink:href="#sSpan1618" value="ⲟⲩⲱϣ"/>
		<feat xlink:href="#sSpan1621" value="ⲙⲙⲉⲓⲛⲟⲩ"/>
		<feat xlink:href="#sSpan1626" value="ⲛ"/>
		<feat xlink:href="#sSpan1631" value="ⲁⲛⲟⲛ"/>
		<feat xlink:href="#sSpan1633" value="·"/>
		<feat xlink:href="#sSpan1637" value="ϫⲉ"/>
		<feat xlink:href="#sSpan1641" value="ⲛ"/>
		<feat xlink:href="#sSpan1643" value="ⲁⲛⲟⲛ"/>
		<feat xlink:href="#sSpan1645" value="ⲟⲩⲱϣ"/>
		<feat xlink:href="#sSpan1648" value="ⲡ"/>
		<feat xlink:href="#sSpan1651" value="ϣⲁϫⲉ"/>
		<feat xlink:href="#sSpan1653" value="ⲁⲛ"/>
		<feat xlink:href="#sSpan1658" value="ⲉⲧⲉⲣⲉ"/>
		<feat xlink:href="#sSpan1662" value="ⲟⲩⲱϫⲉ"/>
		<feat xlink:href="#sSpan1664" value="·"/>
		<feat xlink:href="#sSpan1668" value="ⲁⲩⲱ"/>
		<feat xlink:href="#sSpan1675" value="ϫⲉⲕⲁⲁⲥ"/>
		<feat xlink:href="#sSpan1681" value="ⲛⲛⲉ"/>
		<feat xlink:href="#sSpan1685" value="ⲁⲛⲟⲕ"/>
		<feat xlink:href="#sSpan1687" value="ⲉⲓⲙⲉ"/>
		<feat xlink:href="#sSpan1689" value="ϫⲉ"/>
		<feat xlink:href="#sSpan1694" value="ⲉⲣⲉ"/>
		<feat xlink:href="#sSpan1696" value="ⲛⲧⲟⲟⲩ"/>
		<feat xlink:href="#sSpan1698" value="ϣⲁϫⲉ"/>
		<feat xlink:href="#sSpan1700" value="ⲛ"/>
		<feat xlink:href="#sSpan1704" value="ⲣⲱⲙⲉ"/>
		<feat xlink:href="#sSpan1708" value="ⲉⲧⲉⲣⲉ"/>
		<feat xlink:href="#sSpan1712" value="ⲁ"/>
		<feat xlink:href="#sSpan1714" value="ⲛⲧⲟⲟⲩ"/>
		<feat xlink:href="#sSpan1716" value="ⲧⲟⲛⲧⲛ"/>
		<feat xlink:href="#sSpan1719" value="ⲛⲧⲟⲟⲩ"/>
		<feat xlink:href="#sSpan1721" value="ⲉ"/>
		<feat xlink:href="#sSpan1725" value="ⲟⲩ"/>
		<feat xlink:href="#sSpan1730" value="ⲕⲗⲟⲟⲗⲉ"/>
		<feat xlink:href="#sSpan1732" value="ⲉⲣⲉ"/>
		<feat xlink:href="#sSpan1736" value="ⲛⲧⲟⲟⲩ"/>
		<feat xlink:href="#sSpan1738" value="ϣⲟⲩⲟ"/>
		<feat xlink:href="#sSpan1741" value="·"/>
		<feat xlink:href="#sSpan1745" value="ⲉⲣⲉ"/>
		<feat xlink:href="#sSpan1749" value="ⲡ"/>
		<feat xlink:href="#sSpan1753" value="ⲧⲏⲩ"/>
		<feat xlink:href="#sSpan1755" value="ϩⲓⲟⲩⲉ"/>
		<feat xlink:href="#sSpan1759" value="ⲛⲥⲁ"/>
		<feat xlink:href="#sSpan1764" value="ⲛⲧⲟⲟⲩ"/>
		<feat xlink:href="#sSpan1766" value="·"/>
		<feat xlink:href="#sSpan1770" value="ⲁⲩⲱ"/>
		<feat xlink:href="#sSpan1774" value="ⲉ"/>
		<feat xlink:href="#sSpan1778" value="ⲟⲩ"/>
		<feat xlink:href="#sSpan1782" value="ϣⲏⲛ"/>
		<feat xlink:href="#sSpan1784" value="ⲉ"/>
		<feat xlink:href="#sSpan1788" value="ϣⲟⲩⲟ"/>
		<feat xlink:href="#sSpan1791" value="ⲛⲧⲟⲟⲩ"/>
		<feat xlink:href="#sSpan1793" value="ⲛ"/>
		<feat xlink:href="#sSpan1798" value="ⲁⲧⲕⲁⲣⲡⲟⲥ"/>
		<feat xlink:href="#sSpan1803" value="ⲉⲣⲉ"/>
		<feat xlink:href="#sSpan1808" value="ⲁ"/>
		<feat xlink:href="#sSpan1810" value="ⲛⲧⲟⲟⲩ"/>
		<feat xlink:href="#sSpan1812" value="ⲙⲟⲩ"/>
		<feat xlink:href="#sSpan1814" value="ⲛ"/>
		<feat xlink:href="#sSpan1818" value="ⲕⲉ"/>
		<feat xlink:href="#sSpan1821" value="ⲥⲟⲡ"/>
		<feat xlink:href="#sSpan1824" value="ϩⲛ"/>
		<feat xlink:href="#sSpan1828" value="ⲡⲉⲩ"/>
		<feat xlink:href="#sSpan1831" value="ⲛⲟⲩⲛⲉ"/>
		<feat xlink:href="#sSpan1834" value="·"/>
		<feat xlink:href="#sSpan1838" value="ⲁⲩⲱ"/>
		<feat xlink:href="#sSpan1842" value="ⲡ"/>
		<feat xlink:href="#sSpan1847" value="ϩⲟⲉⲓⲙ"/>
		<feat xlink:href="#sSpan1849" value="ⲉⲧⲉⲣⲉ"/>
		<feat xlink:href="#sSpan1854" value="ⲛϣⲟⲧ"/>
		<feat xlink:href="#sSpan1856" value="ⲛ"/>
		<feat xlink:href="#sSpan1860" value="ⲡ"/>
		<feat xlink:href="#sSpan1864" value="ⲑⲁⲗⲁⲥⲥⲁ"/>
		<feat xlink:href="#sSpan1867" value="·"/>
		<feat xlink:href="#sSpan1871" value="ⲉⲣⲉ"/>
		<feat xlink:href="#sSpan1875" value="ⲛⲧⲟⲟⲩ"/>
		<feat xlink:href="#sSpan1877" value="ⲧⲁⲟⲩⲟ"/>
		<feat xlink:href="#sSpan1881" value="ⲉⲃⲟⲗ"/>
		<feat xlink:href="#sSpan1885" value="ⲛ"/>
		<feat xlink:href="#sSpan1889" value="ⲡⲉⲩ"/>
		<feat xlink:href="#sSpan1892" value="ϣⲓⲡⲉ"/>
		<feat xlink:href="#sSpan1897" value="·"/>
		<feat xlink:href="#sSpan1901" value="ⲁⲩⲱ"/>
		<feat xlink:href="#sSpan1905" value="ⲡ"/>
		<feat xlink:href="#sSpan1911" value="ⲥⲓⲟⲩ"/>
		<feat xlink:href="#sSpan1914" value="ⲉⲧⲉⲣⲉ"/>
		<feat xlink:href="#sSpan1918" value="ⲁ"/>
		<feat xlink:href="#sSpan1920" value="ⲛⲧⲟⲟⲩ"/>
		<feat xlink:href="#sSpan1922" value="ⲥⲱⲣⲙ"/>
		<feat xlink:href="#sSpan1925" value="ⲡⲁⲓ"/>
		<feat xlink:href="#sSpan1929" value="ⲉⲧⲉⲣⲉ"/>
		<feat xlink:href="#sSpan1933" value="ⲁ"/>
		<feat xlink:href="#sSpan1935" value="ⲛⲧⲟⲟⲩ"/>
		<feat xlink:href="#sSpan1937" value="ⲥⲟⲃⲧⲉ"/>
		<feat xlink:href="#sSpan1940" value="ⲛⲁ"/>
		<feat xlink:href="#sSpan1944" value="ⲛⲧⲟⲟⲩ"/>
		<feat xlink:href="#sSpan1946" value="ϣⲁ"/>
		<feat xlink:href="#sSpan1950" value="ⲉⲛⲉϩ"/>
		<feat xlink:href="#sSpan1954" value="ⲛ"/>
		<feat xlink:href="#sSpan1958" value="ⲡ"/>
		<feat xlink:href="#sSpan1961" value="ⲕⲁⲕⲉ"/>
		<feat xlink:href="#sSpan1963" value="ⲉⲧⲉⲣⲉ"/>
		<feat xlink:href="#sSpan1968" value="ϩⲧⲟⲙⲧⲙ"/>
		<feat xlink:href="#sSpan1971" value="ϫⲉ"/>
		<feat xlink:href="#sSpan1976" value="ⲛⲧⲟⲟⲩ"/>
		<feat xlink:href="#sSpan1980" value="ⲧⲟⲗⲙⲁ"/>
		<feat xlink:href="#sSpan1982" value="ⲉ"/>
		<feat xlink:href="#sSpan1986" value="ϫⲱ"/>
		<feat xlink:href="#sSpan1989" value="ⲛ"/>
		<feat xlink:href="#sSpan1994" value="ⲡ"/>
		<feat xlink:href="#sSpan1997" value="ⲉⲧⲉⲣⲉ"/>
		<feat xlink:href="#sSpan1999" value="ⲙⲉ"/>
		<feat xlink:href="#sSpan2001" value="ϣϣⲉ"/>
		<feat xlink:href="#sSpan2004" value="ⲁⲩⲱ"/>
		<feat xlink:href="#sSpan2009" value="ⲡ"/>
		<feat xlink:href="#sSpan2014" value="ⲉⲧⲉⲣⲉ"/>
		<feat xlink:href="#sSpan2016" value="ⲛ"/>
		<feat xlink:href="#sSpan2018" value="ⲛⲧⲟⲟⲩ"/>
		<feat xlink:href="#sSpan2020" value="ⲥⲟⲟⲩⲛ"/>
		<feat xlink:href="#sSpan2023" value="ⲛ"/>
		<feat xlink:href="#sSpan2027" value="ⲛⲧⲟⲟⲩ"/>
		<feat xlink:href="#sSpan2029" value="ⲁⲛ"/>
		<feat xlink:href="#sSpan2034" value="·"/>
		<feat xlink:href="#sSpan2039" value="ⲛⲧⲱⲧⲛ"/>
		<feat xlink:href="#sSpan2047" value="ⲛⲁⲩ"/>
		<feat xlink:href="#sSpan2049" value="ϫⲉ"/>
		<feat xlink:href="#sSpan2053" value="ⲉⲣⲉ"/>
		<feat xlink:href="#sSpan2057" value="ⲛⲧⲟⲟⲩ"/>
		<feat xlink:href="#sSpan2060" value="ϭⲛⲁⲣⲓⲕⲉ"/>
		<feat xlink:href="#sSpan2064" value="ⲁⲛ"/>
		<feat xlink:href="#sSpan2068" value="ⲉ"/>
		<feat xlink:href="#sSpan2072" value="ⲡ"/>
		<feat xlink:href="#sSpan2075" value="ⲉⲧⲉⲣⲉ"/>
		<feat xlink:href="#sSpan2077" value="ⲡⲱϩⲧ"/>
		<feat xlink:href="#sSpan2080" value="ⲛ"/>
		<feat xlink:href="#sSpan2084" value="ⲡ"/>
		<feat xlink:href="#sSpan2087" value="ⲥⲁϩⲟⲩ"/>
		<feat xlink:href="#sSpan2089" value="ⲉϩⲣⲁⲓ"/>
		<feat xlink:href="#sSpan2094" value="ⲉϫⲛ"/>
		<feat xlink:href="#sSpan2098" value="ⲡ"/>
		<feat xlink:href="#sSpan2101" value="ⲉⲧⲉⲣⲉ"/>
		<feat xlink:href="#sSpan2103" value="ⲉⲓⲣⲉ"/>
		<feat xlink:href="#sSpan2105" value="ⲛ"/>
		<feat xlink:href="#sSpan2110" value="ⲁⲧⲛⲁϩⲧⲉ"/>
		<feat xlink:href="#sSpan2114" value="ⲉ"/>
		<feat xlink:href="#sSpan2118" value="ⲡ"/>
		<feat xlink:href="#sSpan2121" value="ⲉⲧⲉⲣⲉ"/>
		<feat xlink:href="#sSpan2123" value="ⲥϩⲁⲓ"/>
		<feat xlink:href="#sSpan2126" value="ⲧⲏⲣ"/>
		<feat xlink:href="#sSpan2130" value="ⲛⲧⲟⲟⲩ"/>
		<feat xlink:href="#sSpan2132" value="ϩⲛ"/>
		<feat xlink:href="#sSpan2136" value="ⲡ"/>
		<feat xlink:href="#sSpan2141" value="ⲅⲣⲁⲫⲏ"/>
		<feat xlink:href="#sSpan2143" value="·"/>
		<feat xlink:href="#sSpan2147" value="ⲡⲁⲓ"/>
		<feat xlink:href="#sSpan2152" value="ⲉⲧⲉⲣⲉ"/>
		<feat xlink:href="#sSpan2156" value="ⲁ"/>
		<feat xlink:href="#sSpan2158" value="ⲡ"/>
		<feat xlink:href="#sSpan2161" value="ϫⲟⲉⲓⲥ"/>
		<feat xlink:href="#sSpan2164" value="ⲡ"/>
		<feat xlink:href="#sSpan2168" value="ⲛⲟⲩⲧⲉ"/>
		<feat xlink:href="#sSpan2170" value="ⲉⲓⲣⲉ"/>
		<feat xlink:href="#sSpan2175" value="ⲛⲧⲟⲟⲩ"/>
		<feat xlink:href="#sSpan2177" value="·"/>
		<feat xlink:href="#sSpan2181" value="ⲁⲩⲱ"/>
		<feat xlink:href="#sSpan2185" value="ⲡ"/>
		<feat xlink:href="#sSpan2189" value="ⲉⲧⲉⲣⲉ"/>
		<feat xlink:href="#sSpan2192" value="ⲁ"/>
		<feat xlink:href="#sSpan2194" value="ⲡⲉϥ"/>
		<feat xlink:href="#sSpan2198" value="ⲡⲉⲧⲟⲩⲁⲁⲃ"/>
		<feat xlink:href="#sSpan2203" value="ⲉⲓⲣⲉ"/>
		<feat xlink:href="#sSpan2207" value="ⲛⲧⲟⲟⲩ"/>
		<feat xlink:href="#sSpan2209" value="ϩⲛ"/>
		<feat xlink:href="#sSpan2213" value="ⲡⲉϥ"/>
		<feat xlink:href="#sSpan2216" value="ⲣⲁⲛ"/>
		<feat xlink:href="#sSpan2219" value="·"/>
		<feat xlink:href="#sSpan2224" value="ⲡⲉϫⲉ"/>
		<feat xlink:href="#sSpan2231" value="ⲛⲧⲟⲥ"/>
		<feat xlink:href="#sSpan2233" value="ϭⲉ"/>
		<feat xlink:href="#sSpan2237" value="ⲧⲉⲛⲟⲩ"/>
		<feat xlink:href="#sSpan2242" value="ⲉⲧⲃⲉ"/>
		<feat xlink:href="#sSpan2249" value="ⲛⲧⲟⲟⲩ"/>
		<feat xlink:href="#sSpan2251" value="·"/>
		<feat xlink:href="#sSpan2255" value="ϫⲉ"/>
		<feat xlink:href="#sSpan2260" value="ⲟⲙⲟⲓⲱⲥ"/>
		<feat xlink:href="#sSpan2264" value="ⲡⲉⲓ"/>
		<feat xlink:href="#sSpan2269" value="ⲕⲉ"/>
		<feat xlink:href="#sSpan2271" value="ⲉⲣⲉ"/>
		<feat xlink:href="#sSpan2276" value="ⲛⲧⲟⲟⲩ"/>
		<feat xlink:href="#sSpan2279" value="ⲡⲉⲣⲉⲣⲁⲥⲟⲩ"/>
		<feat xlink:href="#sSpan2282" value="·"/>
		<feat xlink:href="#sSpan2286" value="ⲡ"/>
		<feat xlink:href="#sSpan2293" value="ⲥⲁⲣⲝ"/>
		<feat xlink:href="#sSpan2296" value="ⲙⲉⲛ"/>
		<feat xlink:href="#sSpan2300" value="ⲛⲧⲟⲟⲩ"/>
		<feat xlink:href="#sSpan2304" value="ϫⲱϩⲙ"/>
		<feat xlink:href="#sSpan2308" value="ⲛ"/>
		<feat xlink:href="#sSpan2312" value="ⲛⲧⲟⲟⲩ"/>
		<feat xlink:href="#sSpan2314" value="·"/>
		<feat xlink:href="#sSpan2318" value="ⲡ"/>
		<feat xlink:href="#sSpan2324" value="ⲙⲛⲧϫⲟⲉⲓⲥ"/>
		<feat xlink:href="#sSpan2329" value="ⲇⲉ"/>
		<feat xlink:href="#sSpan2333" value="ⲛⲧⲟⲟⲩ"/>
		<feat xlink:href="#sSpan2338" value="ⲁⲑⲉⲧⲉⲓ"/>
		<feat xlink:href="#sSpan2341" value="ⲛ"/>
		<feat xlink:href="#sSpan2345" value="ⲛⲧⲟⲟⲩ"/>
		<feat xlink:href="#sSpan2347" value="·"/>
		<feat xlink:href="#sSpan2351" value="ⲡ"/>
		<feat xlink:href="#sSpan2356" value="ⲉⲟⲟⲩ"/>
		<feat xlink:href="#sSpan2360" value="ⲇⲉ"/>
		<feat xlink:href="#sSpan2364" value="ⲛⲧⲟⲟⲩ"/>
		<feat xlink:href="#sSpan2369" value="ϫⲓⲟⲩⲁ"/>
		<feat xlink:href="#sSpan2372" value="ⲉ"/>
		<feat xlink:href="#sSpan2377" value="ⲛⲧⲟⲟⲩ"/>
		<feat xlink:href="#sSpan2379" value="·"/>
		<feat xlink:href="#sSpan2384" value="ⲉⲣⲉ"/>
		<feat xlink:href="#sSpan2391" value="ⲛⲧⲟⲟⲩ"/>
		<feat xlink:href="#sSpan2393" value="ϫⲡⲓⲟ"/>
		<feat xlink:href="#sSpan2396" value="ⲇⲉ"/>
		<feat xlink:href="#sSpan2400" value="ⲛ"/>
		<feat xlink:href="#sSpan2404" value="ⲡ"/>
		<feat xlink:href="#sSpan2408" value="ⲥⲡⲉⲣⲙⲁ"/>
		<feat xlink:href="#sSpan2411" value="ⲛ"/>
		<feat xlink:href="#sSpan2415" value="ⲡ"/>
		<feat xlink:href="#sSpan2419" value="ⲁⲥⲉⲃⲏⲥ"/>
		<feat xlink:href="#sSpan2422" value="ⲛ"/>
		<feat xlink:href="#sSpan2426" value="ⲟⲩⲟⲉⲓϣ"/>
		<feat xlink:href="#sSpan2429" value="ⲛⲓⲙ"/>
		<feat xlink:href="#sSpan2434" value="·"/>
		<feat xlink:href="#sSpan2438" value="ϣⲁϩⲣⲁⲓ"/>
		<feat xlink:href="#sSpan2442" value="ⲉ"/>
		<feat xlink:href="#sSpan2446" value="ⲡⲁⲓ"/>
		<feat xlink:href="#sSpan2451" value="ⲧⲉⲛⲟⲩ"/>
		<feat xlink:href="#sSpan2455" value="ⲉⲧⲉⲣⲉ"/>
		<feat xlink:href="#sSpan2459" value="ⲥⲁϩⲟⲩ"/>
		<feat xlink:href="#sSpan2462" value="·"/>
		<feat xlink:href="#sSpan2466" value="ϫⲉ"/>
		<feat xlink:href="#sSpan2470" value="ⲛⲧⲟⲟⲩ"/>
		<feat xlink:href="#sSpan2473" value="ϫⲓⲟⲩⲁ"/>
		<feat xlink:href="#sSpan2477" value="ⲉ"/>
		<feat xlink:href="#sSpan2481" value="ⲡ"/>
		<feat xlink:href="#sSpan2484" value="ⲉⲧⲉⲣⲉ"/>
		<feat xlink:href="#sSpan2486" value="ⲛ"/>
		<feat xlink:href="#sSpan2488" value="ⲛⲧⲟⲟⲩ"/>
		<feat xlink:href="#sSpan2490" value="ⲥⲟⲟⲩⲛ"/>
		<feat xlink:href="#sSpan2493" value="ⲛ"/>
		<feat xlink:href="#sSpan2497" value="ⲛⲧⲟⲟⲩ"/>
		<feat xlink:href="#sSpan2499" value="ⲁⲛ"/>
		<feat xlink:href="#sSpan2503" value="·"/>
		<feat xlink:href="#sSpan2508" value="ⲡ"/>
		<feat xlink:href="#sSpan2516" value="ⲉⲧⲉⲣⲉ"/>
		<feat xlink:href="#sSpan2518" value="ⲛⲧⲟⲟⲩ"/>
		<feat xlink:href="#sSpan2520" value="ⲥⲟⲟⲩⲛ"/>
		<feat xlink:href="#sSpan2524" value="ⲇⲉ"/>
		<feat xlink:href="#sSpan2528" value="ⲛ"/>
		<feat xlink:href="#sSpan2533" value="ⲛⲧⲟⲟⲩ"/>
		<feat xlink:href="#sSpan2535" value="ⲛ"/>
		<feat xlink:href="#sSpan2539" value="ⲡ"/>
		<feat xlink:href="#sSpan2541" value="ϩⲉ"/>
		<feat xlink:href="#sSpan2543" value="ⲛ"/>
		<feat xlink:href="#sSpan2547" value="ⲡ"/>
		<feat xlink:href="#sSpan2551" value="ⲥⲙⲟⲧ"/>
		<feat xlink:href="#sSpan2553" value="ⲛ"/>
		<feat xlink:href="#sSpan2557" value="ⲡ"/>
		<feat xlink:href="#sSpan2560" value="ⲧⲃⲛⲏ"/>
		<feat xlink:href="#sSpan2563" value="ⲛⲧⲟⲟⲩ"/>
		<feat xlink:href="#sSpan2567" value="ⲧⲁⲕⲟ"/>
		<feat xlink:href="#sSpan2570" value="ϩⲣⲁⲓ"/>
		<feat xlink:href="#sSpan2574" value="ϩⲛ"/>
		<feat xlink:href="#sSpan2578" value="ⲛⲧⲟⲟⲩ"/>
		<feat xlink:href="#sSpan2580" value="·"/>
		<feat xlink:href="#sSpan2585" value="ⲡ"/>
		<feat xlink:href="#sSpan2594" value="ⲛⲟⲩⲧⲉ"/>
		<feat xlink:href="#sSpan2596" value="ⲛ"/>
		<feat xlink:href="#sSpan2600" value="ⲡ"/>
		<feat xlink:href="#sSpan2603" value="ϭⲟⲙ"/>
		<feat xlink:href="#sSpan2605" value="ⲡ"/>
		<feat xlink:href="#sSpan2611" value="ⲡⲁⲛⲧⲟⲕⲣⲁⲧⲱⲣ"/>
		<feat xlink:href="#sSpan2614" value="ⲉⲧⲉⲣⲉ"/>
		<feat xlink:href="#sSpan2618" value="ⲁ"/>
		<feat xlink:href="#sSpan2620" value="ⲡⲉϥ"/>
		<feat xlink:href="#sSpan2625" value="ⲉⲟⲟⲩ"/>
		<feat xlink:href="#sSpan2627" value="·"/>
		<feat xlink:href="#sSpan2631" value="ⲙⲛ"/>
		<feat xlink:href="#sSpan2635" value="ⲡⲉϥ"/>
		<feat xlink:href="#sSpan2638" value="ⲙⲟⲉⲓϩⲉ"/>
		<feat xlink:href="#sSpan2641" value="·"/>
		<feat xlink:href="#sSpan2645" value="ⲁⲩⲱ"/>
		<feat xlink:href="#sSpan2649" value="ⲁ"/>
		<feat xlink:href="#sSpan2653" value="ⲡⲉϥ"/>
		<feat xlink:href="#sSpan2657" value="ⲁⲅⲁⲑⲟⲛ"/>
		<feat xlink:href="#sSpan2660" value="ⲙⲟⲩϩ"/>
		<feat xlink:href="#sSpan2664" value="ⲡⲓ"/>
		<feat xlink:href="#sSpan2668" value="ⲟⲓⲕⲟⲩⲙⲉⲛⲏ"/>
		<feat xlink:href="#sSpan2671" value="ⲧⲏⲣ"/>
		<feat xlink:href="#sSpan2676" value="ⲛⲧⲟⲥ"/>
		<feat xlink:href="#sSpan2678" value="·"/>
		<feat xlink:href="#sSpan2682" value="ⲁⲩⲱ"/>
		<feat xlink:href="#sSpan2688" value="ⲛⲧⲟⲟⲩ"/>
		<feat xlink:href="#sSpan2693" value="ⲁⲑⲉⲧⲉⲓ"/>
		<feat xlink:href="#sSpan2695" value="ⲛ"/>
		<feat xlink:href="#sSpan2700" value="ⲛⲧⲟϥ"/>
		<feat xlink:href="#sSpan2702" value="·"/>
		<feat xlink:href="#sSpan2706" value="ⲁⲩⲱ"/>
		<feat xlink:href="#sSpan2711" value="ⲥⲉϫⲓⲟⲩⲁ"/>
		<feat xlink:href="#sSpan2717" value="ⲉ"/>
		<feat xlink:href="#sSpan2721" value="ⲛⲧⲟϥ"/>
		<feat xlink:href="#sSpan2723" value="·"/>
		<feat xlink:href="#sSpan2728" value="ⲡ"/>
		<feat xlink:href="#sSpan2737" value="ⲇⲓⲁⲃⲟⲗⲟⲥ"/>
		<feat xlink:href="#sSpan2740" value="ⲇⲉ"/>
		<feat xlink:href="#sSpan2744" value="ⲉⲧⲉⲣⲉ"/>
		<feat xlink:href="#sSpan2748" value="ϭⲱⲱⲙⲉ"/>
		<feat xlink:href="#sSpan2751" value="ⲉⲧⲉⲣⲉ"/>
		<feat xlink:href="#sSpan2755" value="ⲁ"/>
		<feat xlink:href="#sSpan2757" value="ⲡⲉϥ"/>
		<feat xlink:href="#sSpan2760" value="ⲙⲟⲉⲓϩⲉ"/>
		<feat xlink:href="#sSpan2763" value="ⲙⲟⲩϩ"/>
		<feat xlink:href="#sSpan2767" value="ⲡ"/>
		<feat xlink:href="#sSpan2770" value="ⲕⲁϩ"/>
		<feat xlink:href="#sSpan2772" value="ⲧⲏⲣ"/>
		<feat xlink:href="#sSpan2777" value="ⲛⲧⲟϥ"/>
		<feat xlink:href="#sSpan2779" value="ⲛⲧⲟⲟⲩ"/>
		<feat xlink:href="#sSpan2783" value="ⲉⲓⲣⲉ"/>
		<feat xlink:href="#sSpan2785" value="ⲛ"/>
		<feat xlink:href="#sSpan2789" value="ϩⲙϩⲁⲗ"/>
		<feat xlink:href="#sSpan2793" value="ⲛⲁ"/>
		<feat xlink:href="#sSpan2797" value="ⲛⲧⲟϥ"/>
		<feat xlink:href="#sSpan2799" value="ⲛϭⲓ"/>
		<feat xlink:href="#sSpan2803" value="ⲡ"/>
		<feat xlink:href="#sSpan2807" value="ⲣⲱⲙⲉ"/>
		<feat xlink:href="#sSpan2809" value="ⲉⲧⲉⲣⲉ"/>
		<feat xlink:href="#sSpan2813" value="ⲥⲁϩⲟⲩ"/>
		<feat xlink:href="#sSpan2816" value="·"/>
		<feat xlink:href="#sSpan2820" value="ⲛⲧⲟⲟⲩ"/>
		<feat xlink:href="#sSpan2826" value="ⲧⲁⲕⲟ"/>
		<feat xlink:href="#sSpan2828" value="ⲛ"/>
		<feat xlink:href="#sSpan2833" value="ⲛⲧⲟⲟⲩ"/>
		<feat xlink:href="#sSpan2835" value="ⲉⲃⲟⲗ"/>
		<feat xlink:href="#sSpan2840" value="ϩⲓⲧⲟⲟⲧ"/>
		<feat xlink:href="#sSpan2845" value="ⲛⲧⲟϥ"/>
		<feat xlink:href="#sSpan2847" value="ϩⲣⲁⲓ"/>
		<feat xlink:href="#sSpan2852" value="ϩⲛ"/>
		<feat xlink:href="#sSpan2857" value="ⲁⲛⲟⲙⲓⲁ"/>
		<feat xlink:href="#sSpan2861" value="ⲛⲓⲙ"/>
		<feat xlink:href="#sSpan2865" value="·"/>
		<feat xlink:href="#sSpan2870" value="ⲡ"/>
		<feat xlink:href="#sSpan2878" value="ⲏⲓ"/>
		<feat xlink:href="#sSpan2880" value="ⲛ"/>
		<feat xlink:href="#sSpan2884" value="ⲡ"/>
		<feat xlink:href="#sSpan2887" value="ⲛⲟⲩⲧⲉ"/>
		<feat xlink:href="#sSpan2889" value="ⲡ"/>
		<feat xlink:href="#sSpan2896" value="ⲉⲕⲕⲗⲏⲥⲓⲁ"/>
		<feat xlink:href="#sSpan2898" value="ⲉⲧⲉⲣⲉ"/>
		<feat xlink:href="#sSpan2904" value="ⲣⲟⲩⲟⲉⲓⲛ"/>
		<feat xlink:href="#sSpan2907" value="ⲉ"/>
		<feat xlink:href="#sSpan2911" value="ⲡ"/>
		<feat xlink:href="#sSpan2915" value="ⲕⲁϩ"/>
		<feat xlink:href="#sSpan2917" value="ⲧⲏⲣ"/>
		<feat xlink:href="#sSpan2921" value="ⲛⲧⲟϥ"/>
		<feat xlink:href="#sSpan2923" value="ⲉⲧⲉⲣⲉ"/>
		<feat xlink:href="#sSpan2927" value="ⲙⲟⲩϩ"/>
		<feat xlink:href="#sSpan2930" value="ⲛ"/>
		<feat xlink:href="#sSpan2932" value="ϣⲁϫⲉ"/>
		<feat xlink:href="#sSpan2935" value="ⲛ"/>
		<feat xlink:href="#sSpan2940" value="ⲱⲛϩ"/>
		<feat xlink:href="#sSpan2943" value="·"/>
		<feat xlink:href="#sSpan2948" value="ⲡⲉⲩ"/>
		<feat xlink:href="#sSpan2956" value="ⲏⲓ"/>
		<feat xlink:href="#sSpan2959" value="ⲇⲉ"/>
		<feat xlink:href="#sSpan2963" value="ⲉⲧⲉⲣⲉ"/>
		<feat xlink:href="#sSpan2967" value="ⲁ"/>
		<feat xlink:href="#sSpan2969" value="ⲛⲧⲟⲟⲩ"/>
		<feat xlink:href="#sSpan2972" value="ⲣⲣⲙⲛϭⲟⲓⲗⲉ"/>
		<feat xlink:href="#sSpan2978" value="ⲛ"/>
		<feat xlink:href="#sSpan2982" value="ⲡ"/></featList></paula>