<?xml version='1.0' encoding='UTF-8'?><!DOCTYPE paula SYSTEM "paula_feat.dtd">
<paula version="1.1">
	<header paula_id="scriptorium.shenoute.those.GF307-310.mark_supplied_reason"/>
	<featList xmlns:xlink="http://www.w3.org/1999/xlink" type="supplied_reason" xml:base="scriptorium.shenoute.those.GF307-310.mark.xml">
		<feat xlink:href="#sSpan427" value="lost"/>
		<feat xlink:href="#sSpan437" value="lost"/>
		<feat xlink:href="#sSpan449" value="lost"/>
		<feat xlink:href="#sSpan464" value="lost"/>
		<feat xlink:href="#sSpan762" value="lost"/>
		<feat xlink:href="#sSpan780" value="lost"/>
		<feat xlink:href="#sSpan800" value="lost"/>
		<feat xlink:href="#sSpan816" value="lost"/>
		<feat xlink:href="#sSpan830" value="lost"/>
		<feat xlink:href="#sSpan977" value="lost"/>
		<feat xlink:href="#sSpan1543" value="omitted"/>
		<feat xlink:href="#sSpan1680" value="omitted"/>
		<feat xlink:href="#sSpan1967" value="lost"/>
		<feat xlink:href="#sSpan1975" value="lost"/>
		<feat xlink:href="#sSpan1988" value="lost"/>
		<feat xlink:href="#sSpan2003" value="lost"/>
		<feat xlink:href="#sSpan2306" value="lost"/></featList></paula>