<?xml version='1.0' encoding='UTF-8'?><!DOCTYPE paula SYSTEM "paula_feat.dtd">
<paula version="1.1">
	<header paula_id="scriptorium.shenoute.those.GF307-310.mark_func"/>
	<featList xmlns:xlink="http://www.w3.org/1999/xlink" type="func" xml:base="scriptorium.shenoute.those.GF307-310.mark.xml">
		<feat xlink:href="#sSpan2" value="root"/>
		<feat xlink:href="#sSpan14" value="mark"/>
		<feat xlink:href="#sSpan18" value="acl"/>
		<feat xlink:href="#sSpan20" value="case"/>
		<feat xlink:href="#sSpan24" value="obj"/>
		<feat xlink:href="#sSpan26" value="mark"/>
		<feat xlink:href="#sSpan31" value="nsubj"/>
		<feat xlink:href="#sSpan33" value="ccomp"/>
		<feat xlink:href="#sSpan35" value="case"/>
		<feat xlink:href="#sSpan39" value="det"/>
		<feat xlink:href="#sSpan43" value="obl"/>
		<feat xlink:href="#sSpan45" value="punct"/>
		<feat xlink:href="#sSpan49" value="mark"/>
		<feat xlink:href="#sSpan53" value="nsubj"/>
		<feat xlink:href="#sSpan55" value="advcl"/>
		<feat xlink:href="#sSpan59" value="advmod"/>
		<feat xlink:href="#sSpan63" value="case"/>
		<feat xlink:href="#sSpan67" value="det"/>
		<feat xlink:href="#sSpan70" value="obl"/>
		<feat xlink:href="#sSpan72" value="parataxis"/>
		<feat xlink:href="#sSpan77" value="nsubj"/>
		<feat xlink:href="#sSpan79" value="punct"/>
		<feat xlink:href="#sSpan83" value="cc"/>
		<feat xlink:href="#sSpan87" value="case"/>
		<feat xlink:href="#sSpan93" value="conj"/>
		<feat xlink:href="#sSpan96" value="punct"/>
		<feat xlink:href="#sSpan100" value="mark"/>
		<feat xlink:href="#sSpan104" value="acl"/>
		<feat xlink:href="#sSpan107" value="nsubj"/>
		<feat xlink:href="#sSpan110" value="case"/>
		<feat xlink:href="#sSpan114" value="nmod"/>
		<feat xlink:href="#sSpan117" value="mark"/>
		<feat xlink:href="#sSpan121" value="xcomp"/>
		<feat xlink:href="#sSpan123" value="obj"/>
		<feat xlink:href="#sSpan125" value="case"/>
		<feat xlink:href="#sSpan130" value="obl"/>
		<feat xlink:href="#sSpan132" value="punct"/>
		<feat xlink:href="#sSpan137" value="root"/>
		<feat xlink:href="#sSpan145" value="cop"/>
		<feat xlink:href="#sSpan149" value="det"/>
		<feat xlink:href="#sSpan153" value="nsubj"/>
		<feat xlink:href="#sSpan155" value="mark"/>
		<feat xlink:href="#sSpan159" value="aux"/>
		<feat xlink:href="#sSpan161" value="nsubj"/>
		<feat xlink:href="#sSpan163" value="acl"/>
		<feat xlink:href="#sSpan167" value="obj"/>
		<feat xlink:href="#sSpan169" value="mark"/>
		<feat xlink:href="#sSpan173" value="advmod"/>
		<feat xlink:href="#sSpan175" value="ccomp"/>
		<feat xlink:href="#sSpan177" value="advmod"/>
		<feat xlink:href="#sSpan181" value="det"/>
		<feat xlink:href="#sSpan187" value="vocative"/>
		<feat xlink:href="#sSpan189" value="mark"/>
		<feat xlink:href="#sSpan193" value="xcomp"/>
		<feat xlink:href="#sSpan195" value="nsubj"/>
		<feat xlink:href="#sSpan199" value="xcomp"/>
		<feat xlink:href="#sSpan203" value="case"/>
		<feat xlink:href="#sSpan207" value="det"/>
		<feat xlink:href="#sSpan209" value="obl"/>
		<feat xlink:href="#sSpan212" value="punct"/>
		<feat xlink:href="#sSpan216" value="cc"/>
		<feat xlink:href="#sSpan222" value="mark"/>
		<feat xlink:href="#sSpan226" value="nsubj"/>
		<feat xlink:href="#sSpan228" value="root"/>
		<feat xlink:href="#sSpan231" value="case"/>
		<feat xlink:href="#sSpan235" value="obj"/>
		<feat xlink:href="#sSpan237" value="advmod"/>
		<feat xlink:href="#sSpan241" value="mark"/>
		<feat xlink:href="#sSpan245" value="aux"/>
		<feat xlink:href="#sSpan248" value="nsubj"/>
		<feat xlink:href="#sSpan250" value="ccomp"/>
		<feat xlink:href="#sSpan252" value="obj"/>
		<feat xlink:href="#sSpan256" value="mark"/>
		<feat xlink:href="#sSpan258" value="aux"/>
		<feat xlink:href="#sSpan260" value="nsubj"/>
		<feat xlink:href="#sSpan262" value="acl"/>
		<feat xlink:href="#sSpan264" value="obj"/>
		<feat xlink:href="#sSpan266" value="case"/>
		<feat xlink:href="#sSpan271" value="det"/>
		<feat xlink:href="#sSpan274" value="obl"/>
		<feat xlink:href="#sSpan276" value="case"/>
		<feat xlink:href="#sSpan280" value="det"/>
		<feat xlink:href="#sSpan282" value="obl"/>
		<feat xlink:href="#sSpan284" value="case"/>
		<feat xlink:href="#sSpan289" value="det"/>
		<feat xlink:href="#sSpan293" value="nmod"/>
		<feat xlink:href="#sSpan295" value="punct"/>
		<feat xlink:href="#sSpan299" value="cc"/>
		<feat xlink:href="#sSpan306" value="aux"/>
		<feat xlink:href="#sSpan310" value="det"/>
		<feat xlink:href="#sSpan313" value="nsubj"/>
		<feat xlink:href="#sSpan315" value="root"/>
		<feat xlink:href="#sSpan321" value="advmod"/>
		<feat xlink:href="#sSpan325" value="case"/>
		<feat xlink:href="#sSpan330" value="obl"/>
		<feat xlink:href="#sSpan332" value="case"/>
		<feat xlink:href="#sSpan336" value="det"/>
		<feat xlink:href="#sSpan338" value="obl"/>
		<feat xlink:href="#sSpan340" value="case"/>
		<feat xlink:href="#sSpan344" value="det"/>
		<feat xlink:href="#sSpan347" value="nmod"/>
		<feat xlink:href="#sSpan350" value="punct"/>
		<feat xlink:href="#sSpan354" value="cc"/>
		<feat xlink:href="#sSpan358" value="case"/>
		<feat xlink:href="#sSpan362" value="det"/>
		<feat xlink:href="#sSpan364" value="conj"/>
		<feat xlink:href="#sSpan366" value="case"/>
		<feat xlink:href="#sSpan371" value="det"/>
		<feat xlink:href="#sSpan374" value="nmod"/>
		<feat xlink:href="#sSpan376" value="case"/>
		<feat xlink:href="#sSpan380" value="det"/>
		<feat xlink:href="#sSpan383" value="nmod"/>
		<feat xlink:href="#sSpan386" value="punct"/>
		<feat xlink:href="#sSpan391" value="nsubj"/>
		<feat xlink:href="#sSpan401" value="advcl"/>
		<feat xlink:href="#sSpan403" value="obj"/>
		<feat xlink:href="#sSpan405" value="mark"/>
		<feat xlink:href="#sSpan410" value="dislocated"/>
		<feat xlink:href="#sSpan415" value="advmod"/>
		<feat xlink:href="#sSpan419" value="det"/>
		<feat xlink:href="#sSpan425" value="nmod"/>
		<feat xlink:href="#sSpan428" value="mark"/>
		<feat xlink:href="#sSpan433" value="nsubj"/>
		<feat xlink:href="#sSpan435" value="acl"/>
		<feat xlink:href="#sSpan438" value="case"/>
		<feat xlink:href="#sSpan442" value="det"/>
		<feat xlink:href="#sSpan447" value="obl"/>
		<feat xlink:href="#sSpan450" value="mark"/>
		<feat xlink:href="#sSpan454" value="xcomp"/>
		<feat xlink:href="#sSpan457" value="nsubj"/>
		<feat xlink:href="#sSpan460" value="xcomp"/>
		<feat xlink:href="#sSpan465" value="case"/>
		<feat xlink:href="#sSpan470" value="obl"/>
		<feat xlink:href="#sSpan472" value="case"/>
		<feat xlink:href="#sSpan476" value="det"/>
		<feat xlink:href="#sSpan480" value="obl"/>
		<feat xlink:href="#sSpan483" value="case"/>
		<feat xlink:href="#sSpan488" value="nmod"/>
		<feat xlink:href="#sSpan491" value="aux"/>
		<feat xlink:href="#sSpan496" value="nsubj"/>
		<feat xlink:href="#sSpan499" value="root"/>
		<feat xlink:href="#sSpan501" value="mark"/>
		<feat xlink:href="#sSpan506" value="xcomp"/>
		<feat xlink:href="#sSpan509" value="case"/>
		<feat xlink:href="#sSpan513" value="det"/>
		<feat xlink:href="#sSpan517" value="obj"/>
		<feat xlink:href="#sSpan519" value="case"/>
		<feat xlink:href="#sSpan524" value="nmod"/>
		<feat xlink:href="#sSpan527" value="case"/>
		<feat xlink:href="#sSpan531" value="fixed"/>
		<feat xlink:href="#sSpan536" value="obl"/>
		<feat xlink:href="#sSpan538" value="punct"/>
		<feat xlink:href="#sSpan543" value="case"/>
		<feat xlink:href="#sSpan548" value="det"/>
		<feat xlink:href="#sSpan552" value="obl"/>
		<feat xlink:href="#sSpan555" value="mark"/>
		<feat xlink:href="#sSpan559" value="mark"/>
		<feat xlink:href="#sSpan561" value="nsubj"/>
		<feat xlink:href="#sSpan563" value="advcl"/>
		<feat xlink:href="#sSpan566" value="case"/>
		<feat xlink:href="#sSpan570" value="obj"/>
		<feat xlink:href="#sSpan572" value="mark"/>
		<feat xlink:href="#sSpan576" value="aux"/>
		<feat xlink:href="#sSpan579" value="nsubj"/>
		<feat xlink:href="#sSpan581" value="ccomp"/>
		<feat xlink:href="#sSpan583" value="case"/>
		<feat xlink:href="#sSpan587" value="obl"/>
		<feat xlink:href="#sSpan591" value="mark"/>
		<feat xlink:href="#sSpan596" value="acl"/>
		<feat xlink:href="#sSpan600" value="case"/>
		<feat xlink:href="#sSpan605" value="det"/>
		<feat xlink:href="#sSpan609" value="obj"/>
		<feat xlink:href="#sSpan611" value="punct"/>
		<feat xlink:href="#sSpan616" value="case"/>
		<feat xlink:href="#sSpan623" value="det"/>
		<feat xlink:href="#sSpan625" value="root"/>
		<feat xlink:href="#sSpan627" value="mark"/>
		<feat xlink:href="#sSpan631" value="aux"/>
		<feat xlink:href="#sSpan633" value="nsubj"/>
		<feat xlink:href="#sSpan635" value="acl"/>
		<feat xlink:href="#sSpan638" value="mark"/>
		<feat xlink:href="#sSpan642" value="aux"/>
		<feat xlink:href="#sSpan644" value="nsubj"/>
		<feat xlink:href="#sSpan648" value="case"/>
		<feat xlink:href="#sSpan652" value="fixed"/>
		<feat xlink:href="#sSpan656" value="nmod"/>
		<feat xlink:href="#sSpan658" value="ccomp"/>
		<feat xlink:href="#sSpan663" value="obj"/>
		<feat xlink:href="#sSpan665" value="punct"/>
		<feat xlink:href="#sSpan669" value="mark"/>
		<feat xlink:href="#sSpan674" value="discourse"/>
		<feat xlink:href="#sSpan676" value="advmod"/>
		<feat xlink:href="#sSpan681" value="aux"/>
		<feat xlink:href="#sSpan686" value="nsubj"/>
		<feat xlink:href="#sSpan690" value="mark"/>
		<feat xlink:href="#sSpan694" value="det"/>
		<feat xlink:href="#sSpan697" value="ccomp"/>
		<feat xlink:href="#sSpan700" value="mark"/>
		<feat xlink:href="#sSpan704" value="nsubj"/>
		<feat xlink:href="#sSpan706" value="acl"/>
		<feat xlink:href="#sSpan708" value="case"/>
		<feat xlink:href="#sSpan712" value="det"/>
		<feat xlink:href="#sSpan717" value="obl"/>
		<feat xlink:href="#sSpan719" value="punct"/>
		<feat xlink:href="#sSpan724" value="cc"/>
		<feat xlink:href="#sSpan733" value="mark"/>
		<feat xlink:href="#sSpan737" value="aux"/>
		<feat xlink:href="#sSpan739" value="nsubj"/>
		<feat xlink:href="#sSpan741" value="conj"/>
		<feat xlink:href="#sSpan743" value="obj"/>
		<feat xlink:href="#sSpan745" value="mark"/>
		<feat xlink:href="#sSpan749" value="mark"/>
		<feat xlink:href="#sSpan752" value="det"/>
		<feat xlink:href="#sSpan755" value="nsubj"/>
		<feat xlink:href="#sSpan758" value="ccomp"/>
		<feat xlink:href="#sSpan764" value="case"/>
		<feat xlink:href="#sSpan768" value="obl"/>
		<feat xlink:href="#sSpan770" value="punct"/>
		<feat xlink:href="#sSpan775" value="ccomp"/>
		<feat xlink:href="#sSpan782" value="cop"/>
		<feat xlink:href="#sSpan786" value="det"/>
		<feat xlink:href="#sSpan790" value="nsubj"/>
		<feat xlink:href="#sSpan792" value="parataxis"/>
		<feat xlink:href="#sSpan796" value="nsubj"/>
		<feat xlink:href="#sSpan798" value="mark"/>
		<feat xlink:href="#sSpan804" value="advmod"/>
		<feat xlink:href="#sSpan806" value="csubj"/>
		<feat xlink:href="#sSpan808" value="advmod"/>
		<feat xlink:href="#sSpan812" value="mark"/>
		<feat xlink:href="#sSpan817" value="xcomp"/>
		<feat xlink:href="#sSpan821" value="case"/>
		<feat xlink:href="#sSpan825" value="obl"/>
		<feat xlink:href="#sSpan828" value="mark"/>
		<feat xlink:href="#sSpan834" value="acl"/>
		<feat xlink:href="#sSpan837" value="advmod"/>
		<feat xlink:href="#sSpan841" value="case"/>
		<feat xlink:href="#sSpan847" value="obl"/>
		<feat xlink:href="#sSpan850" value="punct"/>
		<feat xlink:href="#sSpan856" value="cc"/>
		<feat xlink:href="#sSpan863" value="advmod"/>
		<feat xlink:href="#sSpan867" value="root"/>
		<feat xlink:href="#sSpan870" value="advmod"/>
		<feat xlink:href="#sSpan874" value="cop"/>
		<feat xlink:href="#sSpan878" value="det"/>
		<feat xlink:href="#sSpan884" value="nsubj"/>
		<feat xlink:href="#sSpan886" value="case"/>
		<feat xlink:href="#sSpan890" value="nmod"/>
		<feat xlink:href="#sSpan893" value="case"/>
		<feat xlink:href="#sSpan898" value="nmod"/>
		<feat xlink:href="#sSpan900" value="punct"/>
		<feat xlink:href="#sSpan904" value="mark"/>
		<feat xlink:href="#sSpan908" value="aux"/>
		<feat xlink:href="#sSpan910" value="det"/>
		<feat xlink:href="#sSpan914" value="nsubj"/>
		<feat xlink:href="#sSpan916" value="case"/>
		<feat xlink:href="#sSpan921" value="nmod"/>
		<feat xlink:href="#sSpan925" value="advcl"/>
		<feat xlink:href="#sSpan930" value="case"/>
		<feat xlink:href="#sSpan934" value="det"/>
		<feat xlink:href="#sSpan938" value="obl"/>
		<feat xlink:href="#sSpan941" value="mark"/>
		<feat xlink:href="#sSpan945" value="acl"/>
		<feat xlink:href="#sSpan947" value="mark"/>
		<feat xlink:href="#sSpan952" value="advmod"/>
		<feat xlink:href="#sSpan954" value="advcl"/>
		<feat xlink:href="#sSpan956" value="obj"/>
		<feat xlink:href="#sSpan958" value="punct"/>
		<feat xlink:href="#sSpan963" value="det"/>
		<feat xlink:href="#sSpan971" value="dislocated"/>
		<feat xlink:href="#sSpan973" value="appos"/>
		<feat xlink:href="#sSpan978" value="advmod"/>
		<feat xlink:href="#sSpan984" value="punct"/>
		<feat xlink:href="#sSpan988" value="mark"/>
		<feat xlink:href="#sSpan992" value="mark"/>
		<feat xlink:href="#sSpan994" value="det"/>
		<feat xlink:href="#sSpan998" value="nsubj"/>
		<feat xlink:href="#sSpan1001" value="acl"/>
		<feat xlink:href="#sSpan1006" value="case"/>
		<feat xlink:href="#sSpan1010" value="obl"/>
		<feat xlink:href="#sSpan1012" value="punct"/>
		<feat xlink:href="#sSpan1016" value="nsubj"/>
		<feat xlink:href="#sSpan1021" value="root"/>
		<feat xlink:href="#sSpan1027" value="case"/>
		<feat xlink:href="#sSpan1031" value="det"/>
		<feat xlink:href="#sSpan1034" value="obj"/>
		<feat xlink:href="#sSpan1037" value="mark"/>
		<feat xlink:href="#sSpan1041" value="acl"/>
		<feat xlink:href="#sSpan1043" value="case"/>
		<feat xlink:href="#sSpan1048" value="obl"/>
		<feat xlink:href="#sSpan1050" value="punct"/>
		<feat xlink:href="#sSpan1055" value="advmod"/>
		<feat xlink:href="#sSpan1062" value="nsubj"/>
		<feat xlink:href="#sSpan1064" value="aux"/>
		<feat xlink:href="#sSpan1067" value="root"/>
		<feat xlink:href="#sSpan1070" value="advmod"/>
		<feat xlink:href="#sSpan1074" value="mark"/>
		<feat xlink:href="#sSpan1078" value="xcomp"/>
		<feat xlink:href="#sSpan1081" value="obj"/>
		<feat xlink:href="#sSpan1083" value="mark"/>
		<feat xlink:href="#sSpan1087" value="nsubj"/>
		<feat xlink:href="#sSpan1089" value="ccomp"/>
		<feat xlink:href="#sSpan1091" value="case"/>
		<feat xlink:href="#sSpan1096" value="det"/>
		<feat xlink:href="#sSpan1099" value="obl"/>
		<feat xlink:href="#sSpan1101" value="case"/>
		<feat xlink:href="#sSpan1107" value="nmod"/>
		<feat xlink:href="#sSpan1109" value="punct"/>
		<feat xlink:href="#sSpan1113" value="nsubj"/>
		<feat xlink:href="#sSpan1121" value="root"/>
		<feat xlink:href="#sSpan1125" value="case"/>
		<feat xlink:href="#sSpan1131" value="obl"/>
		<feat xlink:href="#sSpan1133" value="punct"/>
		<feat xlink:href="#sSpan1137" value="nsubj"/>
		<feat xlink:href="#sSpan1143" value="root"/>
		<feat xlink:href="#sSpan1146" value="case"/>
		<feat xlink:href="#sSpan1150" value="obl"/>
		<feat xlink:href="#sSpan1152" value="punct"/>
		<feat xlink:href="#sSpan1157" value="cc"/>
		<feat xlink:href="#sSpan1165" value="aux"/>
		<feat xlink:href="#sSpan1169" value="nsubj"/>
		<feat xlink:href="#sSpan1171" value="root"/>
		<feat xlink:href="#sSpan1175" value="advmod"/>
		<feat xlink:href="#sSpan1179" value="mark"/>
		<feat xlink:href="#sSpan1184" value="ccomp"/>
		<feat xlink:href="#sSpan1187" value="advmod"/>
		<feat xlink:href="#sSpan1191" value="cop"/>
		<feat xlink:href="#sSpan1195" value="punct"/>
		<feat xlink:href="#sSpan1200" value="root"/>
		<feat xlink:href="#sSpan1207" value="nsubj"/>
		<feat xlink:href="#sSpan1209" value="advmod"/>
		<feat xlink:href="#sSpan1213" value="det"/>
		<feat xlink:href="#sSpan1215" value="ccomp"/>
		<feat xlink:href="#sSpan1220" value="case"/>
		<feat xlink:href="#sSpan1225" value="obl"/>
		<feat xlink:href="#sSpan1228" value="case"/>
		<feat xlink:href="#sSpan1232" value="nmod"/>
		<feat xlink:href="#sSpan1235" value="punct"/>
		<feat xlink:href="#sSpan1240" value="advmod"/>
		<feat xlink:href="#sSpan1248" value="root"/>
		<feat xlink:href="#sSpan1252" value="case"/>
		<feat xlink:href="#sSpan1256" value="nmod"/>
		<feat xlink:href="#sSpan1259" value="mark"/>
		<feat xlink:href="#sSpan1262" value="aux"/>
		<feat xlink:href="#sSpan1264" value="det"/>
		<feat xlink:href="#sSpan1268" value="nsubj"/>
		<feat xlink:href="#sSpan1270" value="acl"/>
		<feat xlink:href="#sSpan1275" value="obj"/>
		<feat xlink:href="#sSpan1277" value="punct"/>
		<feat xlink:href="#sSpan1282" value="mark"/>
		<feat xlink:href="#sSpan1286" value="punct"/>
		<feat xlink:href="#sSpan1290" value="advmod"/>
		<feat xlink:href="#sSpan1295" value="mark"/>
		<feat xlink:href="#sSpan1299" value="nsubj"/>
		<feat xlink:href="#sSpan1302" value="ccomp"/>
		<feat xlink:href="#sSpan1305" value="punct"/>
		<feat xlink:href="#sSpan1309" value="det"/>
		<feat xlink:href="#sSpan1314" value="obl"/>
		<feat xlink:href="#sSpan1316" value="case"/>
		<feat xlink:href="#sSpan1322" value="nmod"/>
		<feat xlink:href="#sSpan1325" value="punct"/>
		<feat xlink:href="#sSpan1329" value="cc"/>
		<feat xlink:href="#sSpan1333" value="det"/>
		<feat xlink:href="#sSpan1340" value="conj"/>
		<feat xlink:href="#sSpan1344" value="punct"/>
		<feat xlink:href="#sSpan1348" value="cc"/>
		<feat xlink:href="#sSpan1353" value="det"/>
		<feat xlink:href="#sSpan1359" value="conj"/>
		<feat xlink:href="#sSpan1362" value="punct"/>
		<feat xlink:href="#sSpan1366" value="mark"/>
		<feat xlink:href="#sSpan1370" value="nsubj"/>
		<feat xlink:href="#sSpan1372" value="conj"/>
		<feat xlink:href="#sSpan1374" value="case"/>
		<feat xlink:href="#sSpan1379" value="obj"/>
		<feat xlink:href="#sSpan1382" value="mark"/>
		<feat xlink:href="#sSpan1384" value="advmod"/>
		<feat xlink:href="#sSpan1386" value="nsubj"/>
		<feat xlink:href="#sSpan1389" value="acl"/>
		<feat xlink:href="#sSpan1391" value="case"/>
		<feat xlink:href="#sSpan1396" value="obj"/>
		<feat xlink:href="#sSpan1398" value="advmod"/>
		<feat xlink:href="#sSpan1402" value="case"/>
		<feat xlink:href="#sSpan1406" value="det"/>
		<feat xlink:href="#sSpan1408" value="obl"/>
		<feat xlink:href="#sSpan1410" value="case"/>
		<feat xlink:href="#sSpan1415" value="det"/>
		<feat xlink:href="#sSpan1418" value="nmod"/>
		<feat xlink:href="#sSpan1420" value="advmod"/>
		<feat xlink:href="#sSpan1425" value="mark"/>
		<feat xlink:href="#sSpan1429" value="acl"/>
		<feat xlink:href="#sSpan1431" value="mark"/>
		<feat xlink:href="#sSpan1436" value="acl"/>
		<feat xlink:href="#sSpan1439" value="case"/>
		<feat xlink:href="#sSpan1443" value="obj"/>
		<feat xlink:href="#sSpan1446" value="mark"/>
		<feat xlink:href="#sSpan1452" value="acl"/>
		<feat xlink:href="#sSpan1455" value="case"/>
		<feat xlink:href="#sSpan1460" value="obl"/>
		<feat xlink:href="#sSpan1465" value="case"/>
		<feat xlink:href="#sSpan1469" value="det"/>
		<feat xlink:href="#sSpan1473" value="nmod"/>
		<feat xlink:href="#sSpan1475" value="punct"/>
		<feat xlink:href="#sSpan1479" value="mark"/>
		<feat xlink:href="#sSpan1483" value="advmod"/>
		<feat xlink:href="#sSpan1485" value="nsubj"/>
		<feat xlink:href="#sSpan1488" value="advcl"/>
		<feat xlink:href="#sSpan1490" value="case"/>
		<feat xlink:href="#sSpan1494" value="obj"/>
		<feat xlink:href="#sSpan1496" value="advmod"/>
		<feat xlink:href="#sSpan1501" value="punct"/>
		<feat xlink:href="#sSpan1506" value="cc"/>
		<feat xlink:href="#sSpan1510" value="det"/>
		<feat xlink:href="#sSpan1515" value="conj"/>
		<feat xlink:href="#sSpan1518" value="punct"/>
		<feat xlink:href="#sSpan1523" value="root"/>
		<feat xlink:href="#sSpan1531" value="advmod"/>
		<feat xlink:href="#sSpan1536" value="mark"/>
		<feat xlink:href="#sSpan1544" value="nsubj"/>
		<feat xlink:href="#sSpan1548" value="advcl"/>
		<feat xlink:href="#sSpan1550" value="punct"/>
		<feat xlink:href="#sSpan1554" value="mark"/>
		<feat xlink:href="#sSpan1559" value="nsubj"/>
		<feat xlink:href="#sSpan1561" value="ccomp"/>
		<feat xlink:href="#sSpan1564" value="case"/>
		<feat xlink:href="#sSpan1568" value="det"/>
		<feat xlink:href="#sSpan1571" value="obj"/>
		<feat xlink:href="#sSpan1573" value="mark"/>
		<feat xlink:href="#sSpan1578" value="aux"/>
		<feat xlink:href="#sSpan1580" value="nsubj"/>
		<feat xlink:href="#sSpan1583" value="mark"/>
		<feat xlink:href="#sSpan1585" value="acl"/>
		<feat xlink:href="#sSpan1587" value="acl"/>
		<feat xlink:href="#sSpan1592" value="obj"/>
		<feat xlink:href="#sSpan1594" value="mark"/>
		<feat xlink:href="#sSpan1598" value="nsubj"/>
		<feat xlink:href="#sSpan1600" value="advcl"/>
		<feat xlink:href="#sSpan1603" value="case"/>
		<feat xlink:href="#sSpan1609" value="obj"/>
		<feat xlink:href="#sSpan1611" value="case"/>
		<feat xlink:href="#sSpan1615" value="det"/>
		<feat xlink:href="#sSpan1618" value="obl"/>
		<feat xlink:href="#sSpan1621" value="advmod"/>
		<feat xlink:href="#sSpan1626" value="case"/>
		<feat xlink:href="#sSpan1631" value="obl"/>
		<feat xlink:href="#sSpan1633" value="punct"/>
		<feat xlink:href="#sSpan1637" value="mark"/>
		<feat xlink:href="#sSpan1641" value="advmod"/>
		<feat xlink:href="#sSpan1643" value="nsubj"/>
		<feat xlink:href="#sSpan1645" value="advcl"/>
		<feat xlink:href="#sSpan1648" value="det"/>
		<feat xlink:href="#sSpan1651" value="obj"/>
		<feat xlink:href="#sSpan1653" value="advmod"/>
		<feat xlink:href="#sSpan1658" value="mark"/>
		<feat xlink:href="#sSpan1662" value="acl"/>
		<feat xlink:href="#sSpan1664" value="punct"/>
		<feat xlink:href="#sSpan1668" value="cc"/>
		<feat xlink:href="#sSpan1675" value="mark"/>
		<feat xlink:href="#sSpan1681" value="aux"/>
		<feat xlink:href="#sSpan1685" value="nsubj"/>
		<feat xlink:href="#sSpan1687" value="root"/>
		<feat xlink:href="#sSpan1689" value="mark"/>
		<feat xlink:href="#sSpan1694" value="mark"/>
		<feat xlink:href="#sSpan1696" value="nsubj"/>
		<feat xlink:href="#sSpan1698" value="ccomp"/>
		<feat xlink:href="#sSpan1700" value="case"/>
		<feat xlink:href="#sSpan1704" value="obl"/>
		<feat xlink:href="#sSpan1708" value="mark"/>
		<feat xlink:href="#sSpan1712" value="aux"/>
		<feat xlink:href="#sSpan1714" value="nsubj"/>
		<feat xlink:href="#sSpan1716" value="acl"/>
		<feat xlink:href="#sSpan1719" value="obj"/>
		<feat xlink:href="#sSpan1721" value="case"/>
		<feat xlink:href="#sSpan1725" value="det"/>
		<feat xlink:href="#sSpan1730" value="obl"/>
		<feat xlink:href="#sSpan1732" value="mark"/>
		<feat xlink:href="#sSpan1736" value="nsubj"/>
		<feat xlink:href="#sSpan1738" value="acl"/>
		<feat xlink:href="#sSpan1741" value="punct"/>
		<feat xlink:href="#sSpan1745" value="mark"/>
		<feat xlink:href="#sSpan1749" value="det"/>
		<feat xlink:href="#sSpan1753" value="nsubj"/>
		<feat xlink:href="#sSpan1755" value="acl"/>
		<feat xlink:href="#sSpan1759" value="case"/>
		<feat xlink:href="#sSpan1764" value="obl"/>
		<feat xlink:href="#sSpan1766" value="punct"/>
		<feat xlink:href="#sSpan1770" value="cc"/>
		<feat xlink:href="#sSpan1774" value="case"/>
		<feat xlink:href="#sSpan1778" value="det"/>
		<feat xlink:href="#sSpan1782" value="conj"/>
		<feat xlink:href="#sSpan1784" value="mark"/>
		<feat xlink:href="#sSpan1788" value="xcomp"/>
		<feat xlink:href="#sSpan1791" value="obj"/>
		<feat xlink:href="#sSpan1793" value="case"/>
		<feat xlink:href="#sSpan1798" value="obl"/>
		<feat xlink:href="#sSpan1803" value="mark"/>
		<feat xlink:href="#sSpan1808" value="aux"/>
		<feat xlink:href="#sSpan1810" value="nsubj"/>
		<feat xlink:href="#sSpan1812" value="advcl"/>
		<feat xlink:href="#sSpan1814" value="case"/>
		<feat xlink:href="#sSpan1818" value="det"/>
		<feat xlink:href="#sSpan1821" value="obl"/>
		<feat xlink:href="#sSpan1824" value="case"/>
		<feat xlink:href="#sSpan1828" value="det"/>
		<feat xlink:href="#sSpan1831" value="obl"/>
		<feat xlink:href="#sSpan1834" value="punct"/>
		<feat xlink:href="#sSpan1838" value="cc"/>
		<feat xlink:href="#sSpan1842" value="det"/>
		<feat xlink:href="#sSpan1847" value="conj"/>
		<feat xlink:href="#sSpan1849" value="mark"/>
		<feat xlink:href="#sSpan1854" value="acl"/>
		<feat xlink:href="#sSpan1856" value="case"/>
		<feat xlink:href="#sSpan1860" value="det"/>
		<feat xlink:href="#sSpan1864" value="obl"/>
		<feat xlink:href="#sSpan1867" value="punct"/>
		<feat xlink:href="#sSpan1871" value="mark"/>
		<feat xlink:href="#sSpan1875" value="nsubj"/>
		<feat xlink:href="#sSpan1877" value="advcl"/>
		<feat xlink:href="#sSpan1881" value="advmod"/>
		<feat xlink:href="#sSpan1885" value="case"/>
		<feat xlink:href="#sSpan1889" value="det"/>
		<feat xlink:href="#sSpan1892" value="obj"/>
		<feat xlink:href="#sSpan1897" value="punct"/>
		<feat xlink:href="#sSpan1901" value="cc"/>
		<feat xlink:href="#sSpan1905" value="det"/>
		<feat xlink:href="#sSpan1911" value="conj"/>
		<feat xlink:href="#sSpan1914" value="mark"/>
		<feat xlink:href="#sSpan1918" value="aux"/>
		<feat xlink:href="#sSpan1920" value="nsubj"/>
		<feat xlink:href="#sSpan1922" value="acl"/>
		<feat xlink:href="#sSpan1925" value="obj"/>
		<feat xlink:href="#sSpan1929" value="mark"/>
		<feat xlink:href="#sSpan1933" value="aux"/>
		<feat xlink:href="#sSpan1935" value="nsubj"/>
		<feat xlink:href="#sSpan1937" value="acl"/>
		<feat xlink:href="#sSpan1940" value="case"/>
		<feat xlink:href="#sSpan1944" value="obl"/>
		<feat xlink:href="#sSpan1946" value="case"/>
		<feat xlink:href="#sSpan1950" value="obl"/>
		<feat xlink:href="#sSpan1954" value="case"/>
		<feat xlink:href="#sSpan1958" value="det"/>
		<feat xlink:href="#sSpan1961" value="nmod"/>
		<feat xlink:href="#sSpan1963" value="mark"/>
		<feat xlink:href="#sSpan1968" value="acl"/>
		<feat xlink:href="#sSpan1971" value="mark"/>
		<feat xlink:href="#sSpan1976" value="nsubj"/>
		<feat xlink:href="#sSpan1980" value="ccomp"/>
		<feat xlink:href="#sSpan1982" value="mark"/>
		<feat xlink:href="#sSpan1986" value="xcomp"/>
		<feat xlink:href="#sSpan1989" value="case"/>
		<feat xlink:href="#sSpan1994" value="obj"/>
		<feat xlink:href="#sSpan1997" value="mark"/>
		<feat xlink:href="#sSpan1999" value="acl"/>
		<feat xlink:href="#sSpan2001" value="acl"/>
		<feat xlink:href="#sSpan2004" value="cc"/>
		<feat xlink:href="#sSpan2009" value="conj"/>
		<feat xlink:href="#sSpan2014" value="mark"/>
		<feat xlink:href="#sSpan2016" value="advmod"/>
		<feat xlink:href="#sSpan2018" value="nsubj"/>
		<feat xlink:href="#sSpan2020" value="acl"/>
		<feat xlink:href="#sSpan2023" value="case"/>
		<feat xlink:href="#sSpan2027" value="obj"/>
		<feat xlink:href="#sSpan2029" value="advmod"/>
		<feat xlink:href="#sSpan2034" value="punct"/>
		<feat xlink:href="#sSpan2039" value="nsubj"/>
		<feat xlink:href="#sSpan2047" value="root"/>
		<feat xlink:href="#sSpan2049" value="mark"/>
		<feat xlink:href="#sSpan2053" value="mark"/>
		<feat xlink:href="#sSpan2057" value="nsubj"/>
		<feat xlink:href="#sSpan2060" value="ccomp"/>
		<feat xlink:href="#sSpan2064" value="advmod"/>
		<feat xlink:href="#sSpan2068" value="case"/>
		<feat xlink:href="#sSpan2072" value="obl"/>
		<feat xlink:href="#sSpan2075" value="mark"/>
		<feat xlink:href="#sSpan2077" value="acl"/>
		<feat xlink:href="#sSpan2080" value="case"/>
		<feat xlink:href="#sSpan2084" value="det"/>
		<feat xlink:href="#sSpan2087" value="obl"/>
		<feat xlink:href="#sSpan2089" value="advmod"/>
		<feat xlink:href="#sSpan2094" value="case"/>
		<feat xlink:href="#sSpan2098" value="obl"/>
		<feat xlink:href="#sSpan2101" value="mark"/>
		<feat xlink:href="#sSpan2103" value="acl"/>
		<feat xlink:href="#sSpan2105" value="case"/>
		<feat xlink:href="#sSpan2110" value="obl"/>
		<feat xlink:href="#sSpan2114" value="case"/>
		<feat xlink:href="#sSpan2118" value="obl"/>
		<feat xlink:href="#sSpan2121" value="mark"/>
		<feat xlink:href="#sSpan2123" value="acl"/>
		<feat xlink:href="#sSpan2126" value="advmod"/>
		<feat xlink:href="#sSpan2130" value="det"/>
		<feat xlink:href="#sSpan2132" value="case"/>
		<feat xlink:href="#sSpan2136" value="det"/>
		<feat xlink:href="#sSpan2141" value="obl"/>
		<feat xlink:href="#sSpan2143" value="punct"/>
		<feat xlink:href="#sSpan2147" value="appos"/>
		<feat xlink:href="#sSpan2152" value="mark"/>
		<feat xlink:href="#sSpan2156" value="aux"/>
		<feat xlink:href="#sSpan2158" value="det"/>
		<feat xlink:href="#sSpan2161" value="nsubj"/>
		<feat xlink:href="#sSpan2164" value="det"/>
		<feat xlink:href="#sSpan2168" value="nmod"/>
		<feat xlink:href="#sSpan2170" value="acl"/>
		<feat xlink:href="#sSpan2175" value="obj"/>
		<feat xlink:href="#sSpan2177" value="punct"/>
		<feat xlink:href="#sSpan2181" value="cc"/>
		<feat xlink:href="#sSpan2185" value="conj"/>
		<feat xlink:href="#sSpan2189" value="mark"/>
		<feat xlink:href="#sSpan2192" value="aux"/>
		<feat xlink:href="#sSpan2194" value="det"/>
		<feat xlink:href="#sSpan2198" value="nsubj"/>
		<feat xlink:href="#sSpan2203" value="acl"/>
		<feat xlink:href="#sSpan2207" value="obj"/>
		<feat xlink:href="#sSpan2209" value="case"/>
		<feat xlink:href="#sSpan2213" value="det"/>
		<feat xlink:href="#sSpan2216" value="obl"/>
		<feat xlink:href="#sSpan2219" value="punct"/>
		<feat xlink:href="#sSpan2224" value="root"/>
		<feat xlink:href="#sSpan2231" value="nsubj"/>
		<feat xlink:href="#sSpan2233" value="advmod"/>
		<feat xlink:href="#sSpan2237" value="advmod"/>
		<feat xlink:href="#sSpan2242" value="case"/>
		<feat xlink:href="#sSpan2249" value="obl"/>
		<feat xlink:href="#sSpan2251" value="punct"/>
		<feat xlink:href="#sSpan2255" value="mark"/>
		<feat xlink:href="#sSpan2260" value="advmod"/>
		<feat xlink:href="#sSpan2264" value="det"/>
		<feat xlink:href="#sSpan2269" value="dislocated"/>
		<feat xlink:href="#sSpan2271" value="mark"/>
		<feat xlink:href="#sSpan2276" value="nsubj"/>
		<feat xlink:href="#sSpan2279" value="acl"/>
		<feat xlink:href="#sSpan2282" value="punct"/>
		<feat xlink:href="#sSpan2286" value="det"/>
		<feat xlink:href="#sSpan2293" value="dislocated"/>
		<feat xlink:href="#sSpan2296" value="advmod"/>
		<feat xlink:href="#sSpan2300" value="nsubj"/>
		<feat xlink:href="#sSpan2304" value="ccomp"/>
		<feat xlink:href="#sSpan2308" value="case"/>
		<feat xlink:href="#sSpan2312" value="obj"/>
		<feat xlink:href="#sSpan2314" value="punct"/>
		<feat xlink:href="#sSpan2318" value="det"/>
		<feat xlink:href="#sSpan2324" value="dislocated"/>
		<feat xlink:href="#sSpan2329" value="advmod"/>
		<feat xlink:href="#sSpan2333" value="nsubj"/>
		<feat xlink:href="#sSpan2338" value="parataxis"/>
		<feat xlink:href="#sSpan2341" value="case"/>
		<feat xlink:href="#sSpan2345" value="obj"/>
		<feat xlink:href="#sSpan2347" value="punct"/>
		<feat xlink:href="#sSpan2351" value="det"/>
		<feat xlink:href="#sSpan2356" value="dislocated"/>
		<feat xlink:href="#sSpan2360" value="advmod"/>
		<feat xlink:href="#sSpan2364" value="nsubj"/>
		<feat xlink:href="#sSpan2369" value="parataxis"/>
		<feat xlink:href="#sSpan2372" value="case"/>
		<feat xlink:href="#sSpan2377" value="obl"/>
		<feat xlink:href="#sSpan2379" value="punct"/>
		<feat xlink:href="#sSpan2384" value="mark"/>
		<feat xlink:href="#sSpan2391" value="nsubj"/>
		<feat xlink:href="#sSpan2393" value="root"/>
		<feat xlink:href="#sSpan2396" value="advmod"/>
		<feat xlink:href="#sSpan2400" value="case"/>
		<feat xlink:href="#sSpan2404" value="det"/>
		<feat xlink:href="#sSpan2408" value="obj"/>
		<feat xlink:href="#sSpan2411" value="case"/>
		<feat xlink:href="#sSpan2415" value="det"/>
		<feat xlink:href="#sSpan2419" value="nmod"/>
		<feat xlink:href="#sSpan2422" value="case"/>
		<feat xlink:href="#sSpan2426" value="obl"/>
		<feat xlink:href="#sSpan2429" value="det"/>
		<feat xlink:href="#sSpan2434" value="punct"/>
		<feat xlink:href="#sSpan2438" value="case"/>
		<feat xlink:href="#sSpan2442" value="case"/>
		<feat xlink:href="#sSpan2446" value="obl"/>
		<feat xlink:href="#sSpan2451" value="advmod"/>
		<feat xlink:href="#sSpan2455" value="mark"/>
		<feat xlink:href="#sSpan2459" value="acl"/>
		<feat xlink:href="#sSpan2462" value="punct"/>
		<feat xlink:href="#sSpan2466" value="mark"/>
		<feat xlink:href="#sSpan2470" value="nsubj"/>
		<feat xlink:href="#sSpan2473" value="advcl"/>
		<feat xlink:href="#sSpan2477" value="case"/>
		<feat xlink:href="#sSpan2481" value="obl"/>
		<feat xlink:href="#sSpan2484" value="mark"/>
		<feat xlink:href="#sSpan2486" value="advmod"/>
		<feat xlink:href="#sSpan2488" value="nsubj"/>
		<feat xlink:href="#sSpan2490" value="acl"/>
		<feat xlink:href="#sSpan2493" value="case"/>
		<feat xlink:href="#sSpan2497" value="obj"/>
		<feat xlink:href="#sSpan2499" value="advmod"/>
		<feat xlink:href="#sSpan2503" value="punct"/>
		<feat xlink:href="#sSpan2508" value="dislocated"/>
		<feat xlink:href="#sSpan2516" value="mark"/>
		<feat xlink:href="#sSpan2518" value="nsubj"/>
		<feat xlink:href="#sSpan2520" value="acl"/>
		<feat xlink:href="#sSpan2524" value="advmod"/>
		<feat xlink:href="#sSpan2528" value="case"/>
		<feat xlink:href="#sSpan2533" value="obj"/>
		<feat xlink:href="#sSpan2535" value="case"/>
		<feat xlink:href="#sSpan2539" value="det"/>
		<feat xlink:href="#sSpan2541" value="obl"/>
		<feat xlink:href="#sSpan2543" value="case"/>
		<feat xlink:href="#sSpan2547" value="det"/>
		<feat xlink:href="#sSpan2551" value="nmod"/>
		<feat xlink:href="#sSpan2553" value="case"/>
		<feat xlink:href="#sSpan2557" value="det"/>
		<feat xlink:href="#sSpan2560" value="nmod"/>
		<feat xlink:href="#sSpan2563" value="nsubj"/>
		<feat xlink:href="#sSpan2567" value="root"/>
		<feat xlink:href="#sSpan2570" value="advmod"/>
		<feat xlink:href="#sSpan2574" value="case"/>
		<feat xlink:href="#sSpan2578" value="obl"/>
		<feat xlink:href="#sSpan2580" value="punct"/>
		<feat xlink:href="#sSpan2585" value="det"/>
		<feat xlink:href="#sSpan2594" value="root"/>
		<feat xlink:href="#sSpan2596" value="case"/>
		<feat xlink:href="#sSpan2600" value="det"/>
		<feat xlink:href="#sSpan2603" value="nmod"/>
		<feat xlink:href="#sSpan2605" value="det"/>
		<feat xlink:href="#sSpan2611" value="appos"/>
		<feat xlink:href="#sSpan2614" value="mark"/>
		<feat xlink:href="#sSpan2618" value="aux"/>
		<feat xlink:href="#sSpan2620" value="det"/>
		<feat xlink:href="#sSpan2625" value="acl"/>
		<feat xlink:href="#sSpan2627" value="punct"/>
		<feat xlink:href="#sSpan2631" value="cc"/>
		<feat xlink:href="#sSpan2635" value="det"/>
		<feat xlink:href="#sSpan2638" value="conj"/>
		<feat xlink:href="#sSpan2641" value="punct"/>
		<feat xlink:href="#sSpan2645" value="cc"/>
		<feat xlink:href="#sSpan2649" value="aux"/>
		<feat xlink:href="#sSpan2653" value="det"/>
		<feat xlink:href="#sSpan2657" value="nsubj"/>
		<feat xlink:href="#sSpan2660" value="conj"/>
		<feat xlink:href="#sSpan2664" value="det"/>
		<feat xlink:href="#sSpan2668" value="obj"/>
		<feat xlink:href="#sSpan2671" value="advmod"/>
		<feat xlink:href="#sSpan2676" value="det"/>
		<feat xlink:href="#sSpan2678" value="punct"/>
		<feat xlink:href="#sSpan2682" value="cc"/>
		<feat xlink:href="#sSpan2688" value="nsubj"/>
		<feat xlink:href="#sSpan2693" value="root"/>
		<feat xlink:href="#sSpan2695" value="case"/>
		<feat xlink:href="#sSpan2700" value="obj"/>
		<feat xlink:href="#sSpan2702" value="punct"/>
		<feat xlink:href="#sSpan2706" value="cc"/>
		<feat xlink:href="#sSpan2711" value="conj"/>
		<feat xlink:href="#sSpan2717" value="case"/>
		<feat xlink:href="#sSpan2721" value="obl"/>
		<feat xlink:href="#sSpan2723" value="punct"/>
		<feat xlink:href="#sSpan2728" value="det"/>
		<feat xlink:href="#sSpan2737" value="dislocated"/>
		<feat xlink:href="#sSpan2740" value="advmod"/>
		<feat xlink:href="#sSpan2744" value="mark"/>
		<feat xlink:href="#sSpan2748" value="acl"/>
		<feat xlink:href="#sSpan2751" value="mark"/>
		<feat xlink:href="#sSpan2755" value="aux"/>
		<feat xlink:href="#sSpan2757" value="det"/>
		<feat xlink:href="#sSpan2760" value="nsubj"/>
		<feat xlink:href="#sSpan2763" value="acl"/>
		<feat xlink:href="#sSpan2767" value="det"/>
		<feat xlink:href="#sSpan2770" value="obj"/>
		<feat xlink:href="#sSpan2772" value="advmod"/>
		<feat xlink:href="#sSpan2777" value="det"/>
		<feat xlink:href="#sSpan2779" value="nsubj"/>
		<feat xlink:href="#sSpan2783" value="root"/>
		<feat xlink:href="#sSpan2785" value="case"/>
		<feat xlink:href="#sSpan2789" value="obl"/>
		<feat xlink:href="#sSpan2793" value="case"/>
		<feat xlink:href="#sSpan2797" value="obl"/>
		<feat xlink:href="#sSpan2799" value="case"/>
		<feat xlink:href="#sSpan2803" value="det"/>
		<feat xlink:href="#sSpan2807" value="dislocated"/>
		<feat xlink:href="#sSpan2809" value="mark"/>
		<feat xlink:href="#sSpan2813" value="acl"/>
		<feat xlink:href="#sSpan2816" value="punct"/>
		<feat xlink:href="#sSpan2820" value="nsubj"/>
		<feat xlink:href="#sSpan2826" value="root"/>
		<feat xlink:href="#sSpan2828" value="case"/>
		<feat xlink:href="#sSpan2833" value="obj"/>
		<feat xlink:href="#sSpan2835" value="case"/>
		<feat xlink:href="#sSpan2840" value="fixed"/>
		<feat xlink:href="#sSpan2845" value="obl"/>
		<feat xlink:href="#sSpan2847" value="advmod"/>
		<feat xlink:href="#sSpan2852" value="case"/>
		<feat xlink:href="#sSpan2857" value="obl"/>
		<feat xlink:href="#sSpan2861" value="det"/>
		<feat xlink:href="#sSpan2865" value="punct"/>
		<feat xlink:href="#sSpan2870" value="det"/>
		<feat xlink:href="#sSpan2878" value="root"/>
		<feat xlink:href="#sSpan2880" value="case"/>
		<feat xlink:href="#sSpan2884" value="det"/>
		<feat xlink:href="#sSpan2887" value="nmod"/>
		<feat xlink:href="#sSpan2889" value="det"/>
		<feat xlink:href="#sSpan2896" value="appos"/>
		<feat xlink:href="#sSpan2898" value="mark"/>
		<feat xlink:href="#sSpan2904" value="acl"/>
		<feat xlink:href="#sSpan2907" value="case"/>
		<feat xlink:href="#sSpan2911" value="det"/>
		<feat xlink:href="#sSpan2915" value="obl"/>
		<feat xlink:href="#sSpan2917" value="advmod"/>
		<feat xlink:href="#sSpan2921" value="det"/>
		<feat xlink:href="#sSpan2923" value="mark"/>
		<feat xlink:href="#sSpan2927" value="acl"/>
		<feat xlink:href="#sSpan2930" value="case"/>
		<feat xlink:href="#sSpan2932" value="obl"/>
		<feat xlink:href="#sSpan2935" value="case"/>
		<feat xlink:href="#sSpan2940" value="nmod"/>
		<feat xlink:href="#sSpan2943" value="punct"/>
		<feat xlink:href="#sSpan2948" value="det"/>
		<feat xlink:href="#sSpan2956" value="root"/>
		<feat xlink:href="#sSpan2959" value="advmod"/>
		<feat xlink:href="#sSpan2963" value="mark"/>
		<feat xlink:href="#sSpan2967" value="aux"/>
		<feat xlink:href="#sSpan2969" value="nsubj"/>
		<feat xlink:href="#sSpan2972" value="acl"/>
		<feat xlink:href="#sSpan2978" value="case"/>
		<feat xlink:href="#sSpan2982" value="obl"/></featList></paula>