<?xml version='1.0' encoding='UTF-8'?><!DOCTYPE paula SYSTEM "paula_feat.dtd">
<paula version="1.1">
	<header paula_id="scriptorium.shenoute.those.GF307-310.mark_multiword"/>
	<featList xmlns:xlink="http://www.w3.org/1999/xlink" type="multiword" xml:base="scriptorium.shenoute.those.GF307-310.mark.xml">
		<feat xlink:href="#sSpan319" value="ⲃⲱⲕ ⲉϩⲟⲩⲛ"/>
		<feat xlink:href="#sSpan508" value="ⲉⲓⲛⲉ ⲛ"/>
		<feat xlink:href="#sSpan836" value="ⲟⲩⲱⲧⲛ ⲉⲃⲟⲗ"/>
		<feat xlink:href="#sSpan1244" value="ⲧⲱ ⲉⲧⲱ"/>
		<feat xlink:href="#sSpan1438" value="ⲉⲓⲛⲉ ⲙⲙⲟ"/>
		<feat xlink:href="#sSpan1602" value="ⲉⲓⲛⲉ ⲙⲙⲟ"/>
		<feat xlink:href="#sSpan1805" value="ⲉ ⲁ"/>
		<feat xlink:href="#sSpan1879" value="ⲧⲁⲟⲩⲟ ⲉⲃⲟⲗ"/>
		<feat xlink:href="#sSpan2839" value="ⲉⲃⲟⲗ ϩⲓⲧⲟⲟⲧ"/>
		<feat xlink:href="#sSpan2851" value="ϩⲣⲁⲓ ϩⲛ"/></featList></paula>