<?xml version='1.0' encoding='UTF-8'?><!DOCTYPE paula SYSTEM "paula_feat.dtd">
<paula version="1.1">
	<header paula_id="scriptorium.shenoute.those.GF307-310.mark_lang"/>
	<featList xmlns:xlink="http://www.w3.org/1999/xlink" type="lang" xml:base="scriptorium.shenoute.those.GF307-310.mark.xml">
		<feat xlink:href="#sSpan58" value="Greek"/>
		<feat xlink:href="#sSpan92" value="Greek"/>
		<feat xlink:href="#sSpan409" value="Hebrew"/>
		<feat xlink:href="#sSpan414" value="Greek"/>
		<feat xlink:href="#sSpan424" value="Greek"/>
		<feat xlink:href="#sSpan446" value="Greek"/>
		<feat xlink:href="#sSpan479" value="Greek"/>
		<feat xlink:href="#sSpan487" value="Hebrew"/>
		<feat xlink:href="#sSpan498" value="Greek"/>
		<feat xlink:href="#sSpan516" value="Greek"/>
		<feat xlink:href="#sSpan599" value="Greek"/>
		<feat xlink:href="#sSpan608" value="Greek"/>
		<feat xlink:href="#sSpan615" value="Greek"/>
		<feat xlink:href="#sSpan673" value="Greek"/>
		<feat xlink:href="#sSpan685" value="Hebrew"/>
		<feat xlink:href="#sSpan716" value="Greek"/>
		<feat xlink:href="#sSpan723" value="Greek"/>
		<feat xlink:href="#sSpan757" value="Greek"/>
		<feat xlink:href="#sSpan846" value="Greek"/>
		<feat xlink:href="#sSpan855" value="Greek"/>
		<feat xlink:href="#sSpan920" value="Greek"/>
		<feat xlink:href="#sSpan937" value="Greek"/>
		<feat xlink:href="#sSpan1000" value="Greek"/>
		<feat xlink:href="#sSpan1025" value="Greek"/>
		<feat xlink:href="#sSpan1106" value="Greek"/>
		<feat xlink:href="#sSpan1156" value="Greek"/>
		<feat xlink:href="#sSpan1224" value="Greek"/>
		<feat xlink:href="#sSpan1267" value="Greek"/>
		<feat xlink:href="#sSpan1281" value="Greek"/>
		<feat xlink:href="#sSpan1301" value="Greek"/>
		<feat xlink:href="#sSpan1343" value="Greek"/>
		<feat xlink:href="#sSpan1358" value="Greek"/>
		<feat xlink:href="#sSpan1388" value="Greek"/>
		<feat xlink:href="#sSpan1505" value="Greek"/>
		<feat xlink:href="#sSpan1801" value="Greek"/>
		<feat xlink:href="#sSpan1863" value="Greek"/>
		<feat xlink:href="#sSpan1979" value="Greek"/>
		<feat xlink:href="#sSpan2140" value="Greek"/>
		<feat xlink:href="#sSpan2259" value="Greek"/>
		<feat xlink:href="#sSpan2292" value="Greek"/>
		<feat xlink:href="#sSpan2295" value="Greek"/>
		<feat xlink:href="#sSpan2328" value="Greek"/>
		<feat xlink:href="#sSpan2337" value="Greek"/>
		<feat xlink:href="#sSpan2359" value="Greek"/>
		<feat xlink:href="#sSpan2395" value="Greek"/>
		<feat xlink:href="#sSpan2407" value="Greek"/>
		<feat xlink:href="#sSpan2418" value="Greek"/>
		<feat xlink:href="#sSpan2450" value="Greek"/>
		<feat xlink:href="#sSpan2523" value="Greek"/>
		<feat xlink:href="#sSpan2610" value="Greek"/>
		<feat xlink:href="#sSpan2656" value="Greek"/>
		<feat xlink:href="#sSpan2667" value="Greek"/>
		<feat xlink:href="#sSpan2692" value="Greek"/>
		<feat xlink:href="#sSpan2736" value="Greek"/>
		<feat xlink:href="#sSpan2739" value="Greek"/>
		<feat xlink:href="#sSpan2856" value="Greek"/>
		<feat xlink:href="#sSpan2895" value="Greek"/>
		<feat xlink:href="#sSpan2958" value="Greek"/></featList></paula>