<?xml version='1.0' encoding='UTF-8'?><!DOCTYPE paula SYSTEM "paula_feat.dtd">
<paula version="1.1">
	<header paula_id="scriptorium.shenoute.those.GF307-310.mark_pos"/>
	<featList xmlns:xlink="http://www.w3.org/1999/xlink" type="pos" xml:base="scriptorium.shenoute.those.GF307-310.mark.xml">
		<feat xlink:href="#sSpan2" value="ART"/>
		<feat xlink:href="#sSpan14" value="CREL"/>
		<feat xlink:href="#sSpan18" value="V"/>
		<feat xlink:href="#sSpan20" value="PREP"/>
		<feat xlink:href="#sSpan24" value="PPERO"/>
		<feat xlink:href="#sSpan26" value="CONJ"/>
		<feat xlink:href="#sSpan31" value="PPERS"/>
		<feat xlink:href="#sSpan33" value="V"/>
		<feat xlink:href="#sSpan35" value="PREP"/>
		<feat xlink:href="#sSpan39" value="ART"/>
		<feat xlink:href="#sSpan43" value="N"/>
		<feat xlink:href="#sSpan45" value="PUNCT"/>
		<feat xlink:href="#sSpan49" value="CCIRC"/>
		<feat xlink:href="#sSpan53" value="PPERS"/>
		<feat xlink:href="#sSpan55" value="V"/>
		<feat xlink:href="#sSpan59" value="PTC"/>
		<feat xlink:href="#sSpan63" value="PREP"/>
		<feat xlink:href="#sSpan67" value="ART"/>
		<feat xlink:href="#sSpan70" value="N"/>
		<feat xlink:href="#sSpan72" value="VBD"/>
		<feat xlink:href="#sSpan77" value="PPERS"/>
		<feat xlink:href="#sSpan79" value="PUNCT"/>
		<feat xlink:href="#sSpan83" value="CONJ"/>
		<feat xlink:href="#sSpan87" value="PREP"/>
		<feat xlink:href="#sSpan93" value="N"/>
		<feat xlink:href="#sSpan96" value="PUNCT"/>
		<feat xlink:href="#sSpan100" value="CREL"/>
		<feat xlink:href="#sSpan104" value="EXIST"/>
		<feat xlink:href="#sSpan107" value="N"/>
		<feat xlink:href="#sSpan110" value="PREP"/>
		<feat xlink:href="#sSpan114" value="N"/>
		<feat xlink:href="#sSpan117" value="PREP"/>
		<feat xlink:href="#sSpan121" value="V"/>
		<feat xlink:href="#sSpan123" value="PPERO"/>
		<feat xlink:href="#sSpan125" value="PREP"/>
		<feat xlink:href="#sSpan130" value="PPERO"/>
		<feat xlink:href="#sSpan132" value="PUNCT"/>
		<feat xlink:href="#sSpan137" value="PDEM"/>
		<feat xlink:href="#sSpan145" value="COP"/>
		<feat xlink:href="#sSpan149" value="ART"/>
		<feat xlink:href="#sSpan153" value="N"/>
		<feat xlink:href="#sSpan155" value="CREL"/>
		<feat xlink:href="#sSpan159" value="APST"/>
		<feat xlink:href="#sSpan161" value="PPERS"/>
		<feat xlink:href="#sSpan163" value="V"/>
		<feat xlink:href="#sSpan167" value="PPERO"/>
		<feat xlink:href="#sSpan169" value="CONJ"/>
		<feat xlink:href="#sSpan173" value="NEG"/>
		<feat xlink:href="#sSpan175" value="V"/>
		<feat xlink:href="#sSpan177" value="NEG"/>
		<feat xlink:href="#sSpan181" value="PPOS"/>
		<feat xlink:href="#sSpan187" value="N"/>
		<feat xlink:href="#sSpan189" value="PREP"/>
		<feat xlink:href="#sSpan193" value="ACAUS"/>
		<feat xlink:href="#sSpan195" value="PDEM"/>
		<feat xlink:href="#sSpan199" value="V"/>
		<feat xlink:href="#sSpan203" value="PREP"/>
		<feat xlink:href="#sSpan207" value="PDEM"/>
		<feat xlink:href="#sSpan209" value="N"/>
		<feat xlink:href="#sSpan212" value="PUNCT"/>
		<feat xlink:href="#sSpan216" value="CONJ"/>
		<feat xlink:href="#sSpan222" value="CFOC"/>
		<feat xlink:href="#sSpan226" value="PPERS"/>
		<feat xlink:href="#sSpan228" value="V"/>
		<feat xlink:href="#sSpan231" value="PREP"/>
		<feat xlink:href="#sSpan235" value="PPERO"/>
		<feat xlink:href="#sSpan237" value="NEG"/>
		<feat xlink:href="#sSpan241" value="CONJ"/>
		<feat xlink:href="#sSpan245" value="ANEGOPT"/>
		<feat xlink:href="#sSpan248" value="PPERS"/>
		<feat xlink:href="#sSpan250" value="V"/>
		<feat xlink:href="#sSpan252" value="ART"/>
		<feat xlink:href="#sSpan256" value="CREL"/>
		<feat xlink:href="#sSpan258" value="APST"/>
		<feat xlink:href="#sSpan260" value="PPERS"/>
		<feat xlink:href="#sSpan262" value="V"/>
		<feat xlink:href="#sSpan264" value="PPERO"/>
		<feat xlink:href="#sSpan266" value="PREP"/>
		<feat xlink:href="#sSpan271" value="ART"/>
		<feat xlink:href="#sSpan274" value="N"/>
		<feat xlink:href="#sSpan276" value="PREP"/>
		<feat xlink:href="#sSpan280" value="ART"/>
		<feat xlink:href="#sSpan282" value="N"/>
		<feat xlink:href="#sSpan284" value="PREP"/>
		<feat xlink:href="#sSpan289" value="ART"/>
		<feat xlink:href="#sSpan293" value="N"/>
		<feat xlink:href="#sSpan295" value="PUNCT"/>
		<feat xlink:href="#sSpan299" value="CONJ"/>
		<feat xlink:href="#sSpan306" value="APST"/>
		<feat xlink:href="#sSpan310" value="ART"/>
		<feat xlink:href="#sSpan313" value="N"/>
		<feat xlink:href="#sSpan315" value="V"/>
		<feat xlink:href="#sSpan321" value="ADV"/>
		<feat xlink:href="#sSpan325" value="PREP"/>
		<feat xlink:href="#sSpan330" value="PPERO"/>
		<feat xlink:href="#sSpan332" value="PREP"/>
		<feat xlink:href="#sSpan336" value="ART"/>
		<feat xlink:href="#sSpan338" value="N"/>
		<feat xlink:href="#sSpan340" value="PREP"/>
		<feat xlink:href="#sSpan344" value="ART"/>
		<feat xlink:href="#sSpan347" value="N"/>
		<feat xlink:href="#sSpan350" value="PUNCT"/>
		<feat xlink:href="#sSpan354" value="CONJ"/>
		<feat xlink:href="#sSpan358" value="PREP"/>
		<feat xlink:href="#sSpan362" value="ART"/>
		<feat xlink:href="#sSpan364" value="N"/>
		<feat xlink:href="#sSpan366" value="PREP"/>
		<feat xlink:href="#sSpan371" value="ART"/>
		<feat xlink:href="#sSpan374" value="N"/>
		<feat xlink:href="#sSpan376" value="PREP"/>
		<feat xlink:href="#sSpan380" value="PPOS"/>
		<feat xlink:href="#sSpan383" value="N"/>
		<feat xlink:href="#sSpan386" value="PUNCT"/>
		<feat xlink:href="#sSpan391" value="ACOND_PPERS"/>
		<feat xlink:href="#sSpan401" value="V"/>
		<feat xlink:href="#sSpan403" value="PPERO"/>
		<feat xlink:href="#sSpan405" value="CONJ"/>
		<feat xlink:href="#sSpan410" value="NPROP"/>
		<feat xlink:href="#sSpan415" value="PTC"/>
		<feat xlink:href="#sSpan419" value="ART"/>
		<feat xlink:href="#sSpan425" value="N"/>
		<feat xlink:href="#sSpan428" value="CCIRC"/>
		<feat xlink:href="#sSpan433" value="PPERS"/>
		<feat xlink:href="#sSpan435" value="V"/>
		<feat xlink:href="#sSpan438" value="PREP"/>
		<feat xlink:href="#sSpan442" value="ART"/>
		<feat xlink:href="#sSpan447" value="NPROP"/>
		<feat xlink:href="#sSpan450" value="PREP"/>
		<feat xlink:href="#sSpan454" value="ACAUS"/>
		<feat xlink:href="#sSpan457" value="PPERS"/>
		<feat xlink:href="#sSpan460" value="V"/>
		<feat xlink:href="#sSpan465" value="PREP"/>
		<feat xlink:href="#sSpan470" value="PPERO"/>
		<feat xlink:href="#sSpan472" value="PREP"/>
		<feat xlink:href="#sSpan476" value="ART"/>
		<feat xlink:href="#sSpan480" value="N"/>
		<feat xlink:href="#sSpan483" value="PREP"/>
		<feat xlink:href="#sSpan488" value="NPROP"/>
		<feat xlink:href="#sSpan491" value="ANEGPST"/>
		<feat xlink:href="#sSpan496" value="PPERS"/>
		<feat xlink:href="#sSpan499" value="V"/>
		<feat xlink:href="#sSpan501" value="PREP"/>
		<feat xlink:href="#sSpan506" value="V"/>
		<feat xlink:href="#sSpan509" value="PREP"/>
		<feat xlink:href="#sSpan513" value="ART"/>
		<feat xlink:href="#sSpan517" value="N"/>
		<feat xlink:href="#sSpan519" value="PREP"/>
		<feat xlink:href="#sSpan524" value="NUM"/>
		<feat xlink:href="#sSpan527" value="ADV"/>
		<feat xlink:href="#sSpan531" value="PREP"/>
		<feat xlink:href="#sSpan536" value="PPERO"/>
		<feat xlink:href="#sSpan538" value="PUNCT"/>
		<feat xlink:href="#sSpan543" value="PREP"/>
		<feat xlink:href="#sSpan548" value="ART"/>
		<feat xlink:href="#sSpan552" value="N"/>
		<feat xlink:href="#sSpan555" value="CONJ"/>
		<feat xlink:href="#sSpan559" value="CFOC"/>
		<feat xlink:href="#sSpan561" value="PPERS"/>
		<feat xlink:href="#sSpan563" value="V"/>
		<feat xlink:href="#sSpan566" value="PREP"/>
		<feat xlink:href="#sSpan570" value="PPERO"/>
		<feat xlink:href="#sSpan572" value="CONJ"/>
		<feat xlink:href="#sSpan576" value="ANEGOPT"/>
		<feat xlink:href="#sSpan579" value="PPERS"/>
		<feat xlink:href="#sSpan581" value="V"/>
		<feat xlink:href="#sSpan583" value="PREP"/>
		<feat xlink:href="#sSpan587" value="N"/>
		<feat xlink:href="#sSpan591" value="CREL"/>
		<feat xlink:href="#sSpan596" value="V"/>
		<feat xlink:href="#sSpan600" value="PREP"/>
		<feat xlink:href="#sSpan605" value="ART"/>
		<feat xlink:href="#sSpan609" value="N"/>
		<feat xlink:href="#sSpan611" value="PUNCT"/>
		<feat xlink:href="#sSpan616" value="PREP"/>
		<feat xlink:href="#sSpan623" value="ART"/>
		<feat xlink:href="#sSpan625" value="N"/>
		<feat xlink:href="#sSpan627" value="CREL"/>
		<feat xlink:href="#sSpan631" value="APST"/>
		<feat xlink:href="#sSpan633" value="PPERS"/>
		<feat xlink:href="#sSpan635" value="V"/>
		<feat xlink:href="#sSpan638" value="CONJ"/>
		<feat xlink:href="#sSpan642" value="APST"/>
		<feat xlink:href="#sSpan644" value="N"/>
		<feat xlink:href="#sSpan648" value="ADV"/>
		<feat xlink:href="#sSpan652" value="PREP"/>
		<feat xlink:href="#sSpan656" value="PPERO"/>
		<feat xlink:href="#sSpan658" value="V"/>
		<feat xlink:href="#sSpan663" value="PPERO"/>
		<feat xlink:href="#sSpan665" value="PUNCT"/>
		<feat xlink:href="#sSpan669" value="CONJ"/>
		<feat xlink:href="#sSpan674" value="ADV"/>
		<feat xlink:href="#sSpan676" value="ADV"/>
		<feat xlink:href="#sSpan681" value="ANEGPST"/>
		<feat xlink:href="#sSpan686" value="NPROP"/>
		<feat xlink:href="#sSpan690" value="CONJ"/>
		<feat xlink:href="#sSpan694" value="ART"/>
		<feat xlink:href="#sSpan697" value="N"/>
		<feat xlink:href="#sSpan700" value="CCIRC"/>
		<feat xlink:href="#sSpan704" value="PPERS"/>
		<feat xlink:href="#sSpan706" value="VSTAT"/>
		<feat xlink:href="#sSpan708" value="PREP"/>
		<feat xlink:href="#sSpan712" value="ART"/>
		<feat xlink:href="#sSpan717" value="NPROP"/>
		<feat xlink:href="#sSpan719" value="PUNCT"/>
		<feat xlink:href="#sSpan724" value="CONJ"/>
		<feat xlink:href="#sSpan733" value="CREL"/>
		<feat xlink:href="#sSpan737" value="APST"/>
		<feat xlink:href="#sSpan739" value="PPERS"/>
		<feat xlink:href="#sSpan741" value="V"/>
		<feat xlink:href="#sSpan743" value="PPERO"/>
		<feat xlink:href="#sSpan745" value="CONJ"/>
		<feat xlink:href="#sSpan749" value="CFOC"/>
		<feat xlink:href="#sSpan752" value="ART"/>
		<feat xlink:href="#sSpan755" value="N"/>
		<feat xlink:href="#sSpan758" value="V"/>
		<feat xlink:href="#sSpan764" value="PREP"/>
		<feat xlink:href="#sSpan768" value="PPERO"/>
		<feat xlink:href="#sSpan770" value="PUNCT"/>
		<feat xlink:href="#sSpan775" value="PDEM"/>
		<feat xlink:href="#sSpan782" value="COP"/>
		<feat xlink:href="#sSpan786" value="ART"/>
		<feat xlink:href="#sSpan790" value="N"/>
		<feat xlink:href="#sSpan792" value="VBD"/>
		<feat xlink:href="#sSpan796" value="PPERS"/>
		<feat xlink:href="#sSpan798" value="CREL"/>
		<feat xlink:href="#sSpan804" value="NEG"/>
		<feat xlink:href="#sSpan806" value="V"/>
		<feat xlink:href="#sSpan808" value="NEG"/>
		<feat xlink:href="#sSpan812" value="PREP"/>
		<feat xlink:href="#sSpan817" value="V"/>
		<feat xlink:href="#sSpan821" value="PREP"/>
		<feat xlink:href="#sSpan825" value="N"/>
		<feat xlink:href="#sSpan828" value="CREL"/>
		<feat xlink:href="#sSpan834" value="V"/>
		<feat xlink:href="#sSpan837" value="ADV"/>
		<feat xlink:href="#sSpan841" value="PREP"/>
		<feat xlink:href="#sSpan847" value="NPROP"/>
		<feat xlink:href="#sSpan850" value="PUNCT"/>
		<feat xlink:href="#sSpan856" value="CONJ"/>
		<feat xlink:href="#sSpan863" value="NEG"/>
		<feat xlink:href="#sSpan867" value="PDEM"/>
		<feat xlink:href="#sSpan870" value="NEG"/>
		<feat xlink:href="#sSpan874" value="COP"/>
		<feat xlink:href="#sSpan878" value="ART"/>
		<feat xlink:href="#sSpan884" value="N"/>
		<feat xlink:href="#sSpan886" value="PREP"/>
		<feat xlink:href="#sSpan890" value="N"/>
		<feat xlink:href="#sSpan893" value="PREP"/>
		<feat xlink:href="#sSpan898" value="PPERO"/>
		<feat xlink:href="#sSpan900" value="PUNCT"/>
		<feat xlink:href="#sSpan904" value="CONJ"/>
		<feat xlink:href="#sSpan908" value="APST"/>
		<feat xlink:href="#sSpan910" value="ART"/>
		<feat xlink:href="#sSpan914" value="N"/>
		<feat xlink:href="#sSpan916" value="PREP"/>
		<feat xlink:href="#sSpan921" value="N"/>
		<feat xlink:href="#sSpan925" value="V"/>
		<feat xlink:href="#sSpan930" value="PREP"/>
		<feat xlink:href="#sSpan934" value="ART"/>
		<feat xlink:href="#sSpan938" value="NPROP"/>
		<feat xlink:href="#sSpan941" value="CREL"/>
		<feat xlink:href="#sSpan945" value="ADV"/>
		<feat xlink:href="#sSpan947" value="CCIRC"/>
		<feat xlink:href="#sSpan952" value="NEG"/>
		<feat xlink:href="#sSpan954" value="V"/>
		<feat xlink:href="#sSpan956" value="PPERO"/>
		<feat xlink:href="#sSpan958" value="PUNCT"/>
		<feat xlink:href="#sSpan963" value="PDEM"/>
		<feat xlink:href="#sSpan971" value="N"/>
		<feat xlink:href="#sSpan973" value="PDEM"/>
		<feat xlink:href="#sSpan978" value="UNKNOWN"/>
		<feat xlink:href="#sSpan984" value="PUNCT"/>
		<feat xlink:href="#sSpan988" value="CONJ"/>
		<feat xlink:href="#sSpan992" value="CFOC"/>
		<feat xlink:href="#sSpan994" value="ART"/>
		<feat xlink:href="#sSpan998" value="N"/>
		<feat xlink:href="#sSpan1001" value="V"/>
		<feat xlink:href="#sSpan1006" value="PREP"/>
		<feat xlink:href="#sSpan1010" value="PPERO"/>
		<feat xlink:href="#sSpan1012" value="PUNCT"/>
		<feat xlink:href="#sSpan1016" value="PPERS"/>
		<feat xlink:href="#sSpan1021" value="V"/>
		<feat xlink:href="#sSpan1027" value="PREP"/>
		<feat xlink:href="#sSpan1031" value="ART"/>
		<feat xlink:href="#sSpan1034" value="N"/>
		<feat xlink:href="#sSpan1037" value="CREL"/>
		<feat xlink:href="#sSpan1041" value="VSTAT"/>
		<feat xlink:href="#sSpan1043" value="PREP"/>
		<feat xlink:href="#sSpan1048" value="PPERO"/>
		<feat xlink:href="#sSpan1050" value="PUNCT"/>
		<feat xlink:href="#sSpan1055" value="NEG"/>
		<feat xlink:href="#sSpan1062" value="PPERS"/>
		<feat xlink:href="#sSpan1064" value="FUT"/>
		<feat xlink:href="#sSpan1067" value="V"/>
		<feat xlink:href="#sSpan1070" value="NEG"/>
		<feat xlink:href="#sSpan1074" value="PREP"/>
		<feat xlink:href="#sSpan1078" value="V"/>
		<feat xlink:href="#sSpan1081" value="PPERO"/>
		<feat xlink:href="#sSpan1083" value="CONJ"/>
		<feat xlink:href="#sSpan1087" value="PPERS"/>
		<feat xlink:href="#sSpan1089" value="VSTAT"/>
		<feat xlink:href="#sSpan1091" value="PREP"/>
		<feat xlink:href="#sSpan1096" value="PPOS"/>
		<feat xlink:href="#sSpan1099" value="N"/>
		<feat xlink:href="#sSpan1101" value="PREP"/>
		<feat xlink:href="#sSpan1107" value="N"/>
		<feat xlink:href="#sSpan1109" value="PUNCT"/>
		<feat xlink:href="#sSpan1113" value="PPERS"/>
		<feat xlink:href="#sSpan1121" value="V"/>
		<feat xlink:href="#sSpan1125" value="PREP"/>
		<feat xlink:href="#sSpan1131" value="PPERO"/>
		<feat xlink:href="#sSpan1133" value="PUNCT"/>
		<feat xlink:href="#sSpan1137" value="PPERS"/>
		<feat xlink:href="#sSpan1143" value="VSTAT"/>
		<feat xlink:href="#sSpan1146" value="PREP"/>
		<feat xlink:href="#sSpan1150" value="PPERO"/>
		<feat xlink:href="#sSpan1152" value="PUNCT"/>
		<feat xlink:href="#sSpan1157" value="CONJ"/>
		<feat xlink:href="#sSpan1165" value="ACONJ"/>
		<feat xlink:href="#sSpan1169" value="PPERS"/>
		<feat xlink:href="#sSpan1171" value="V"/>
		<feat xlink:href="#sSpan1175" value="NEG"/>
		<feat xlink:href="#sSpan1179" value="CONJ"/>
		<feat xlink:href="#sSpan1184" value="PDEM"/>
		<feat xlink:href="#sSpan1187" value="NEG"/>
		<feat xlink:href="#sSpan1191" value="COP"/>
		<feat xlink:href="#sSpan1195" value="PUNCT"/>
		<feat xlink:href="#sSpan1200" value="VBD"/>
		<feat xlink:href="#sSpan1207" value="PPERO"/>
		<feat xlink:href="#sSpan1209" value="IMOD"/>
		<feat xlink:href="#sSpan1213" value="PPERO"/>
		<feat xlink:href="#sSpan1215" value="V"/>
		<feat xlink:href="#sSpan1220" value="PREP"/>
		<feat xlink:href="#sSpan1225" value="N"/>
		<feat xlink:href="#sSpan1228" value="PREP"/>
		<feat xlink:href="#sSpan1232" value="NUM"/>
		<feat xlink:href="#sSpan1235" value="PUNCT"/>
		<feat xlink:href="#sSpan1240" value="UNKNOWN"/>
		<feat xlink:href="#sSpan1248" value="UNKNOWN"/>
		<feat xlink:href="#sSpan1252" value="PREP"/>
		<feat xlink:href="#sSpan1256" value="ART"/>
		<feat xlink:href="#sSpan1259" value="CREL"/>
		<feat xlink:href="#sSpan1262" value="APST"/>
		<feat xlink:href="#sSpan1264" value="ART"/>
		<feat xlink:href="#sSpan1268" value="N"/>
		<feat xlink:href="#sSpan1270" value="V"/>
		<feat xlink:href="#sSpan1275" value="PPERO"/>
		<feat xlink:href="#sSpan1277" value="PUNCT"/>
		<feat xlink:href="#sSpan1282" value="ADV"/>
		<feat xlink:href="#sSpan1286" value="PUNCT"/>
		<feat xlink:href="#sSpan1290" value="PTC"/>
		<feat xlink:href="#sSpan1295" value="CCIRC"/>
		<feat xlink:href="#sSpan1299" value="PPERS"/>
		<feat xlink:href="#sSpan1302" value="V"/>
		<feat xlink:href="#sSpan1305" value="PUNCT"/>
		<feat xlink:href="#sSpan1309" value="ART"/>
		<feat xlink:href="#sSpan1314" value="N"/>
		<feat xlink:href="#sSpan1316" value="PREP"/>
		<feat xlink:href="#sSpan1322" value="N"/>
		<feat xlink:href="#sSpan1325" value="PUNCT"/>
		<feat xlink:href="#sSpan1329" value="CONJ"/>
		<feat xlink:href="#sSpan1333" value="ART"/>
		<feat xlink:href="#sSpan1340" value="N"/>
		<feat xlink:href="#sSpan1344" value="PUNCT"/>
		<feat xlink:href="#sSpan1348" value="CONJ"/>
		<feat xlink:href="#sSpan1353" value="ART"/>
		<feat xlink:href="#sSpan1359" value="N"/>
		<feat xlink:href="#sSpan1362" value="PUNCT"/>
		<feat xlink:href="#sSpan1366" value="CONJ"/>
		<feat xlink:href="#sSpan1370" value="PPERS"/>
		<feat xlink:href="#sSpan1372" value="V"/>
		<feat xlink:href="#sSpan1374" value="PREP"/>
		<feat xlink:href="#sSpan1379" value="ART"/>
		<feat xlink:href="#sSpan1382" value="CREL"/>
		<feat xlink:href="#sSpan1384" value="NEG"/>
		<feat xlink:href="#sSpan1386" value="PPERS"/>
		<feat xlink:href="#sSpan1389" value="V"/>
		<feat xlink:href="#sSpan1391" value="PREP"/>
		<feat xlink:href="#sSpan1396" value="PPERO"/>
		<feat xlink:href="#sSpan1398" value="NEG"/>
		<feat xlink:href="#sSpan1402" value="PREP"/>
		<feat xlink:href="#sSpan1406" value="ART"/>
		<feat xlink:href="#sSpan1408" value="N"/>
		<feat xlink:href="#sSpan1410" value="PREP"/>
		<feat xlink:href="#sSpan1415" value="PDEM"/>
		<feat xlink:href="#sSpan1418" value="N"/>
		<feat xlink:href="#sSpan1420" value="ADV"/>
		<feat xlink:href="#sSpan1425" value="CREL"/>
		<feat xlink:href="#sSpan1429" value="VSTAT"/>
		<feat xlink:href="#sSpan1431" value="CREL"/>
		<feat xlink:href="#sSpan1436" value="V"/>
		<feat xlink:href="#sSpan1439" value="PREP"/>
		<feat xlink:href="#sSpan1443" value="ART"/>
		<feat xlink:href="#sSpan1446" value="CREL"/>
		<feat xlink:href="#sSpan1452" value="V"/>
		<feat xlink:href="#sSpan1455" value="PREP"/>
		<feat xlink:href="#sSpan1460" value="N"/>
		<feat xlink:href="#sSpan1465" value="PREP"/>
		<feat xlink:href="#sSpan1469" value="ART"/>
		<feat xlink:href="#sSpan1473" value="N"/>
		<feat xlink:href="#sSpan1475" value="PUNCT"/>
		<feat xlink:href="#sSpan1479" value="CONJ"/>
		<feat xlink:href="#sSpan1483" value="NEG"/>
		<feat xlink:href="#sSpan1485" value="PPERS"/>
		<feat xlink:href="#sSpan1488" value="V"/>
		<feat xlink:href="#sSpan1490" value="PREP"/>
		<feat xlink:href="#sSpan1494" value="PPERO"/>
		<feat xlink:href="#sSpan1496" value="NEG"/>
		<feat xlink:href="#sSpan1501" value="PUNCT"/>
		<feat xlink:href="#sSpan1506" value="CONJ"/>
		<feat xlink:href="#sSpan1510" value="PPOS"/>
		<feat xlink:href="#sSpan1515" value="N"/>
		<feat xlink:href="#sSpan1518" value="PUNCT"/>
		<feat xlink:href="#sSpan1523" value="V"/>
		<feat xlink:href="#sSpan1531" value="ADV"/>
		<feat xlink:href="#sSpan1536" value="CONJ"/>
		<feat xlink:href="#sSpan1544" value="AOPT_PPERS"/>
		<feat xlink:href="#sSpan1548" value="V"/>
		<feat xlink:href="#sSpan1550" value="PUNCT"/>
		<feat xlink:href="#sSpan1554" value="CONJ"/>
		<feat xlink:href="#sSpan1559" value="PPERS"/>
		<feat xlink:href="#sSpan1561" value="V"/>
		<feat xlink:href="#sSpan1564" value="PREP"/>
		<feat xlink:href="#sSpan1568" value="ART"/>
		<feat xlink:href="#sSpan1571" value="N"/>
		<feat xlink:href="#sSpan1573" value="CREL"/>
		<feat xlink:href="#sSpan1578" value="APST"/>
		<feat xlink:href="#sSpan1580" value="ART"/>
		<feat xlink:href="#sSpan1583" value="CREL"/>
		<feat xlink:href="#sSpan1585" value="VSTAT"/>
		<feat xlink:href="#sSpan1587" value="V"/>
		<feat xlink:href="#sSpan1592" value="PPERO"/>
		<feat xlink:href="#sSpan1594" value="CCIRC"/>
		<feat xlink:href="#sSpan1598" value="PPERS"/>
		<feat xlink:href="#sSpan1600" value="V"/>
		<feat xlink:href="#sSpan1603" value="PREP"/>
		<feat xlink:href="#sSpan1609" value="PPERO"/>
		<feat xlink:href="#sSpan1611" value="PREP"/>
		<feat xlink:href="#sSpan1615" value="PPOS"/>
		<feat xlink:href="#sSpan1618" value="N"/>
		<feat xlink:href="#sSpan1621" value="ADV"/>
		<feat xlink:href="#sSpan1626" value="PREP"/>
		<feat xlink:href="#sSpan1631" value="PPERO"/>
		<feat xlink:href="#sSpan1633" value="PUNCT"/>
		<feat xlink:href="#sSpan1637" value="CONJ"/>
		<feat xlink:href="#sSpan1641" value="NEG"/>
		<feat xlink:href="#sSpan1643" value="PPERS"/>
		<feat xlink:href="#sSpan1645" value="V"/>
		<feat xlink:href="#sSpan1648" value="ART"/>
		<feat xlink:href="#sSpan1651" value="N"/>
		<feat xlink:href="#sSpan1653" value="NEG"/>
		<feat xlink:href="#sSpan1658" value="CREL"/>
		<feat xlink:href="#sSpan1662" value="VSTAT"/>
		<feat xlink:href="#sSpan1664" value="PUNCT"/>
		<feat xlink:href="#sSpan1668" value="CONJ"/>
		<feat xlink:href="#sSpan1675" value="CONJ"/>
		<feat xlink:href="#sSpan1681" value="ANEGOPT"/>
		<feat xlink:href="#sSpan1685" value="PPERS"/>
		<feat xlink:href="#sSpan1687" value="V"/>
		<feat xlink:href="#sSpan1689" value="CONJ"/>
		<feat xlink:href="#sSpan1694" value="CFOC"/>
		<feat xlink:href="#sSpan1696" value="PPERS"/>
		<feat xlink:href="#sSpan1698" value="V"/>
		<feat xlink:href="#sSpan1700" value="PREP"/>
		<feat xlink:href="#sSpan1704" value="N"/>
		<feat xlink:href="#sSpan1708" value="CREL"/>
		<feat xlink:href="#sSpan1712" value="APST"/>
		<feat xlink:href="#sSpan1714" value="PPERS"/>
		<feat xlink:href="#sSpan1716" value="V"/>
		<feat xlink:href="#sSpan1719" value="PPERO"/>
		<feat xlink:href="#sSpan1721" value="PREP"/>
		<feat xlink:href="#sSpan1725" value="ART"/>
		<feat xlink:href="#sSpan1730" value="N"/>
		<feat xlink:href="#sSpan1732" value="CCIRC"/>
		<feat xlink:href="#sSpan1736" value="PPERS"/>
		<feat xlink:href="#sSpan1738" value="VSTAT"/>
		<feat xlink:href="#sSpan1741" value="PUNCT"/>
		<feat xlink:href="#sSpan1745" value="CCIRC"/>
		<feat xlink:href="#sSpan1749" value="ART"/>
		<feat xlink:href="#sSpan1753" value="N"/>
		<feat xlink:href="#sSpan1755" value="V"/>
		<feat xlink:href="#sSpan1759" value="PREP"/>
		<feat xlink:href="#sSpan1764" value="PPERO"/>
		<feat xlink:href="#sSpan1766" value="PUNCT"/>
		<feat xlink:href="#sSpan1770" value="CONJ"/>
		<feat xlink:href="#sSpan1774" value="PREP"/>
		<feat xlink:href="#sSpan1778" value="ART"/>
		<feat xlink:href="#sSpan1782" value="N"/>
		<feat xlink:href="#sSpan1784" value="PREP"/>
		<feat xlink:href="#sSpan1788" value="V"/>
		<feat xlink:href="#sSpan1791" value="PPERO"/>
		<feat xlink:href="#sSpan1793" value="PREP"/>
		<feat xlink:href="#sSpan1798" value="N"/>
		<feat xlink:href="#sSpan1803" value="CCIRC"/>
		<feat xlink:href="#sSpan1808" value="APST"/>
		<feat xlink:href="#sSpan1810" value="PPERS"/>
		<feat xlink:href="#sSpan1812" value="V"/>
		<feat xlink:href="#sSpan1814" value="PREP"/>
		<feat xlink:href="#sSpan1818" value="ART"/>
		<feat xlink:href="#sSpan1821" value="N"/>
		<feat xlink:href="#sSpan1824" value="PREP"/>
		<feat xlink:href="#sSpan1828" value="PPOS"/>
		<feat xlink:href="#sSpan1831" value="N"/>
		<feat xlink:href="#sSpan1834" value="PUNCT"/>
		<feat xlink:href="#sSpan1838" value="CONJ"/>
		<feat xlink:href="#sSpan1842" value="ART"/>
		<feat xlink:href="#sSpan1847" value="N"/>
		<feat xlink:href="#sSpan1849" value="CREL"/>
		<feat xlink:href="#sSpan1854" value="VSTAT"/>
		<feat xlink:href="#sSpan1856" value="PREP"/>
		<feat xlink:href="#sSpan1860" value="ART"/>
		<feat xlink:href="#sSpan1864" value="N"/>
		<feat xlink:href="#sSpan1867" value="PUNCT"/>
		<feat xlink:href="#sSpan1871" value="CCIRC"/>
		<feat xlink:href="#sSpan1875" value="PPERS"/>
		<feat xlink:href="#sSpan1877" value="V"/>
		<feat xlink:href="#sSpan1881" value="ADV"/>
		<feat xlink:href="#sSpan1885" value="PREP"/>
		<feat xlink:href="#sSpan1889" value="PPOS"/>
		<feat xlink:href="#sSpan1892" value="N"/>
		<feat xlink:href="#sSpan1897" value="PUNCT"/>
		<feat xlink:href="#sSpan1901" value="CONJ"/>
		<feat xlink:href="#sSpan1905" value="ART"/>
		<feat xlink:href="#sSpan1911" value="N"/>
		<feat xlink:href="#sSpan1914" value="CREL"/>
		<feat xlink:href="#sSpan1918" value="APST"/>
		<feat xlink:href="#sSpan1920" value="PPERS"/>
		<feat xlink:href="#sSpan1922" value="V"/>
		<feat xlink:href="#sSpan1925" value="PDEM"/>
		<feat xlink:href="#sSpan1929" value="CREL"/>
		<feat xlink:href="#sSpan1933" value="APST"/>
		<feat xlink:href="#sSpan1935" value="PPERS"/>
		<feat xlink:href="#sSpan1937" value="V"/>
		<feat xlink:href="#sSpan1940" value="PREP"/>
		<feat xlink:href="#sSpan1944" value="PPERO"/>
		<feat xlink:href="#sSpan1946" value="PREP"/>
		<feat xlink:href="#sSpan1950" value="N"/>
		<feat xlink:href="#sSpan1954" value="PREP"/>
		<feat xlink:href="#sSpan1958" value="ART"/>
		<feat xlink:href="#sSpan1961" value="N"/>
		<feat xlink:href="#sSpan1963" value="CREL"/>
		<feat xlink:href="#sSpan1968" value="VSTAT"/>
		<feat xlink:href="#sSpan1971" value="CONJ"/>
		<feat xlink:href="#sSpan1976" value="PPERS"/>
		<feat xlink:href="#sSpan1980" value="V"/>
		<feat xlink:href="#sSpan1982" value="PREP"/>
		<feat xlink:href="#sSpan1986" value="V"/>
		<feat xlink:href="#sSpan1989" value="PREP"/>
		<feat xlink:href="#sSpan1994" value="ART"/>
		<feat xlink:href="#sSpan1997" value="CREL"/>
		<feat xlink:href="#sSpan1999" value="NEG"/>
		<feat xlink:href="#sSpan2001" value="V"/>
		<feat xlink:href="#sSpan2004" value="CONJ"/>
		<feat xlink:href="#sSpan2009" value="ART"/>
		<feat xlink:href="#sSpan2014" value="CREL"/>
		<feat xlink:href="#sSpan2016" value="NEG"/>
		<feat xlink:href="#sSpan2018" value="PPERS"/>
		<feat xlink:href="#sSpan2020" value="V"/>
		<feat xlink:href="#sSpan2023" value="PREP"/>
		<feat xlink:href="#sSpan2027" value="PPERO"/>
		<feat xlink:href="#sSpan2029" value="NEG"/>
		<feat xlink:href="#sSpan2034" value="PUNCT"/>
		<feat xlink:href="#sSpan2039" value="PPERS"/>
		<feat xlink:href="#sSpan2047" value="V"/>
		<feat xlink:href="#sSpan2049" value="CONJ"/>
		<feat xlink:href="#sSpan2053" value="CFOC"/>
		<feat xlink:href="#sSpan2057" value="PPERS"/>
		<feat xlink:href="#sSpan2060" value="V"/>
		<feat xlink:href="#sSpan2064" value="NEG"/>
		<feat xlink:href="#sSpan2068" value="PREP"/>
		<feat xlink:href="#sSpan2072" value="ART"/>
		<feat xlink:href="#sSpan2075" value="CREL"/>
		<feat xlink:href="#sSpan2077" value="V"/>
		<feat xlink:href="#sSpan2080" value="PREP"/>
		<feat xlink:href="#sSpan2084" value="ART"/>
		<feat xlink:href="#sSpan2087" value="N"/>
		<feat xlink:href="#sSpan2089" value="ADV"/>
		<feat xlink:href="#sSpan2094" value="PREP"/>
		<feat xlink:href="#sSpan2098" value="ART"/>
		<feat xlink:href="#sSpan2101" value="CREL"/>
		<feat xlink:href="#sSpan2103" value="VSTAT"/>
		<feat xlink:href="#sSpan2105" value="PREP"/>
		<feat xlink:href="#sSpan2110" value="N"/>
		<feat xlink:href="#sSpan2114" value="PREP"/>
		<feat xlink:href="#sSpan2118" value="ART"/>
		<feat xlink:href="#sSpan2121" value="CREL"/>
		<feat xlink:href="#sSpan2123" value="VSTAT"/>
		<feat xlink:href="#sSpan2126" value="IMOD"/>
		<feat xlink:href="#sSpan2130" value="PPERO"/>
		<feat xlink:href="#sSpan2132" value="PREP"/>
		<feat xlink:href="#sSpan2136" value="ART"/>
		<feat xlink:href="#sSpan2141" value="N"/>
		<feat xlink:href="#sSpan2143" value="PUNCT"/>
		<feat xlink:href="#sSpan2147" value="PDEM"/>
		<feat xlink:href="#sSpan2152" value="CREL"/>
		<feat xlink:href="#sSpan2156" value="APST"/>
		<feat xlink:href="#sSpan2158" value="ART"/>
		<feat xlink:href="#sSpan2161" value="N"/>
		<feat xlink:href="#sSpan2164" value="ART"/>
		<feat xlink:href="#sSpan2168" value="N"/>
		<feat xlink:href="#sSpan2170" value="V"/>
		<feat xlink:href="#sSpan2175" value="PPERO"/>
		<feat xlink:href="#sSpan2177" value="PUNCT"/>
		<feat xlink:href="#sSpan2181" value="CONJ"/>
		<feat xlink:href="#sSpan2185" value="ART"/>
		<feat xlink:href="#sSpan2189" value="CREL"/>
		<feat xlink:href="#sSpan2192" value="APST"/>
		<feat xlink:href="#sSpan2194" value="PPOS"/>
		<feat xlink:href="#sSpan2198" value="N"/>
		<feat xlink:href="#sSpan2203" value="V"/>
		<feat xlink:href="#sSpan2207" value="PPERO"/>
		<feat xlink:href="#sSpan2209" value="PREP"/>
		<feat xlink:href="#sSpan2213" value="PPOS"/>
		<feat xlink:href="#sSpan2216" value="N"/>
		<feat xlink:href="#sSpan2219" value="PUNCT"/>
		<feat xlink:href="#sSpan2224" value="VBD"/>
		<feat xlink:href="#sSpan2231" value="PPERS"/>
		<feat xlink:href="#sSpan2233" value="PTC"/>
		<feat xlink:href="#sSpan2237" value="ADV"/>
		<feat xlink:href="#sSpan2242" value="PREP"/>
		<feat xlink:href="#sSpan2249" value="PPERO"/>
		<feat xlink:href="#sSpan2251" value="PUNCT"/>
		<feat xlink:href="#sSpan2255" value="CONJ"/>
		<feat xlink:href="#sSpan2260" value="ADV"/>
		<feat xlink:href="#sSpan2264" value="PDEM"/>
		<feat xlink:href="#sSpan2269" value="N"/>
		<feat xlink:href="#sSpan2271" value="CCIRC"/>
		<feat xlink:href="#sSpan2276" value="PPERS"/>
		<feat xlink:href="#sSpan2279" value="V"/>
		<feat xlink:href="#sSpan2282" value="PUNCT"/>
		<feat xlink:href="#sSpan2286" value="ART"/>
		<feat xlink:href="#sSpan2293" value="N"/>
		<feat xlink:href="#sSpan2296" value="CONJ"/>
		<feat xlink:href="#sSpan2300" value="PPERS"/>
		<feat xlink:href="#sSpan2304" value="V"/>
		<feat xlink:href="#sSpan2308" value="PREP"/>
		<feat xlink:href="#sSpan2312" value="PPERO"/>
		<feat xlink:href="#sSpan2314" value="PUNCT"/>
		<feat xlink:href="#sSpan2318" value="ART"/>
		<feat xlink:href="#sSpan2324" value="N"/>
		<feat xlink:href="#sSpan2329" value="PTC"/>
		<feat xlink:href="#sSpan2333" value="PPERS"/>
		<feat xlink:href="#sSpan2338" value="V"/>
		<feat xlink:href="#sSpan2341" value="PREP"/>
		<feat xlink:href="#sSpan2345" value="PPERO"/>
		<feat xlink:href="#sSpan2347" value="PUNCT"/>
		<feat xlink:href="#sSpan2351" value="ART"/>
		<feat xlink:href="#sSpan2356" value="N"/>
		<feat xlink:href="#sSpan2360" value="PTC"/>
		<feat xlink:href="#sSpan2364" value="PPERS"/>
		<feat xlink:href="#sSpan2369" value="V"/>
		<feat xlink:href="#sSpan2372" value="PREP"/>
		<feat xlink:href="#sSpan2377" value="PPERO"/>
		<feat xlink:href="#sSpan2379" value="PUNCT"/>
		<feat xlink:href="#sSpan2384" value="CFOC"/>
		<feat xlink:href="#sSpan2391" value="PPERS"/>
		<feat xlink:href="#sSpan2393" value="V"/>
		<feat xlink:href="#sSpan2396" value="PTC"/>
		<feat xlink:href="#sSpan2400" value="PREP"/>
		<feat xlink:href="#sSpan2404" value="ART"/>
		<feat xlink:href="#sSpan2408" value="N"/>
		<feat xlink:href="#sSpan2411" value="PREP"/>
		<feat xlink:href="#sSpan2415" value="ART"/>
		<feat xlink:href="#sSpan2419" value="N"/>
		<feat xlink:href="#sSpan2422" value="PREP"/>
		<feat xlink:href="#sSpan2426" value="N"/>
		<feat xlink:href="#sSpan2429" value="PINT"/>
		<feat xlink:href="#sSpan2434" value="PUNCT"/>
		<feat xlink:href="#sSpan2438" value="ADV"/>
		<feat xlink:href="#sSpan2442" value="PREP"/>
		<feat xlink:href="#sSpan2446" value="PDEM"/>
		<feat xlink:href="#sSpan2451" value="ADV"/>
		<feat xlink:href="#sSpan2455" value="CREL"/>
		<feat xlink:href="#sSpan2459" value="VSTAT"/>
		<feat xlink:href="#sSpan2462" value="PUNCT"/>
		<feat xlink:href="#sSpan2466" value="CONJ"/>
		<feat xlink:href="#sSpan2470" value="PPERS"/>
		<feat xlink:href="#sSpan2473" value="V"/>
		<feat xlink:href="#sSpan2477" value="PREP"/>
		<feat xlink:href="#sSpan2481" value="ART"/>
		<feat xlink:href="#sSpan2484" value="CREL"/>
		<feat xlink:href="#sSpan2486" value="NEG"/>
		<feat xlink:href="#sSpan2488" value="PPERS"/>
		<feat xlink:href="#sSpan2490" value="V"/>
		<feat xlink:href="#sSpan2493" value="PREP"/>
		<feat xlink:href="#sSpan2497" value="PPERO"/>
		<feat xlink:href="#sSpan2499" value="NEG"/>
		<feat xlink:href="#sSpan2503" value="PUNCT"/>
		<feat xlink:href="#sSpan2508" value="ART"/>
		<feat xlink:href="#sSpan2516" value="CREL"/>
		<feat xlink:href="#sSpan2518" value="PPERS"/>
		<feat xlink:href="#sSpan2520" value="V"/>
		<feat xlink:href="#sSpan2524" value="PTC"/>
		<feat xlink:href="#sSpan2528" value="PREP"/>
		<feat xlink:href="#sSpan2533" value="PPERO"/>
		<feat xlink:href="#sSpan2535" value="PREP"/>
		<feat xlink:href="#sSpan2539" value="ART"/>
		<feat xlink:href="#sSpan2541" value="N"/>
		<feat xlink:href="#sSpan2543" value="PREP"/>
		<feat xlink:href="#sSpan2547" value="ART"/>
		<feat xlink:href="#sSpan2551" value="N"/>
		<feat xlink:href="#sSpan2553" value="PREP"/>
		<feat xlink:href="#sSpan2557" value="ART"/>
		<feat xlink:href="#sSpan2560" value="N"/>
		<feat xlink:href="#sSpan2563" value="PPERS"/>
		<feat xlink:href="#sSpan2567" value="V"/>
		<feat xlink:href="#sSpan2570" value="ADV"/>
		<feat xlink:href="#sSpan2574" value="PREP"/>
		<feat xlink:href="#sSpan2578" value="PPERO"/>
		<feat xlink:href="#sSpan2580" value="PUNCT"/>
		<feat xlink:href="#sSpan2585" value="ART"/>
		<feat xlink:href="#sSpan2594" value="N"/>
		<feat xlink:href="#sSpan2596" value="PREP"/>
		<feat xlink:href="#sSpan2600" value="ART"/>
		<feat xlink:href="#sSpan2603" value="N"/>
		<feat xlink:href="#sSpan2605" value="ART"/>
		<feat xlink:href="#sSpan2611" value="N"/>
		<feat xlink:href="#sSpan2614" value="CREL"/>
		<feat xlink:href="#sSpan2618" value="APST"/>
		<feat xlink:href="#sSpan2620" value="PPOS"/>
		<feat xlink:href="#sSpan2625" value="N"/>
		<feat xlink:href="#sSpan2627" value="PUNCT"/>
		<feat xlink:href="#sSpan2631" value="PREP"/>
		<feat xlink:href="#sSpan2635" value="PPOS"/>
		<feat xlink:href="#sSpan2638" value="N"/>
		<feat xlink:href="#sSpan2641" value="PUNCT"/>
		<feat xlink:href="#sSpan2645" value="CONJ"/>
		<feat xlink:href="#sSpan2649" value="APST"/>
		<feat xlink:href="#sSpan2653" value="PPOS"/>
		<feat xlink:href="#sSpan2657" value="N"/>
		<feat xlink:href="#sSpan2660" value="VSTAT"/>
		<feat xlink:href="#sSpan2664" value="PDEM"/>
		<feat xlink:href="#sSpan2668" value="N"/>
		<feat xlink:href="#sSpan2671" value="IMOD"/>
		<feat xlink:href="#sSpan2676" value="PPERO"/>
		<feat xlink:href="#sSpan2678" value="PUNCT"/>
		<feat xlink:href="#sSpan2682" value="CONJ"/>
		<feat xlink:href="#sSpan2688" value="PPERS"/>
		<feat xlink:href="#sSpan2693" value="V"/>
		<feat xlink:href="#sSpan2695" value="PREP"/>
		<feat xlink:href="#sSpan2700" value="PPERO"/>
		<feat xlink:href="#sSpan2702" value="PUNCT"/>
		<feat xlink:href="#sSpan2706" value="CONJ"/>
		<feat xlink:href="#sSpan2711" value="V"/>
		<feat xlink:href="#sSpan2717" value="PREP"/>
		<feat xlink:href="#sSpan2721" value="PPERO"/>
		<feat xlink:href="#sSpan2723" value="PUNCT"/>
		<feat xlink:href="#sSpan2728" value="ART"/>
		<feat xlink:href="#sSpan2737" value="N"/>
		<feat xlink:href="#sSpan2740" value="PTC"/>
		<feat xlink:href="#sSpan2744" value="CREL"/>
		<feat xlink:href="#sSpan2748" value="VSTAT"/>
		<feat xlink:href="#sSpan2751" value="CREL"/>
		<feat xlink:href="#sSpan2755" value="APST"/>
		<feat xlink:href="#sSpan2757" value="PPOS"/>
		<feat xlink:href="#sSpan2760" value="N"/>
		<feat xlink:href="#sSpan2763" value="V"/>
		<feat xlink:href="#sSpan2767" value="ART"/>
		<feat xlink:href="#sSpan2770" value="N"/>
		<feat xlink:href="#sSpan2772" value="IMOD"/>
		<feat xlink:href="#sSpan2777" value="PPERO"/>
		<feat xlink:href="#sSpan2779" value="PPERS"/>
		<feat xlink:href="#sSpan2783" value="VSTAT"/>
		<feat xlink:href="#sSpan2785" value="PREP"/>
		<feat xlink:href="#sSpan2789" value="N"/>
		<feat xlink:href="#sSpan2793" value="PREP"/>
		<feat xlink:href="#sSpan2797" value="PPERO"/>
		<feat xlink:href="#sSpan2799" value="PTC"/>
		<feat xlink:href="#sSpan2803" value="ART"/>
		<feat xlink:href="#sSpan2807" value="N"/>
		<feat xlink:href="#sSpan2809" value="CREL"/>
		<feat xlink:href="#sSpan2813" value="VSTAT"/>
		<feat xlink:href="#sSpan2816" value="PUNCT"/>
		<feat xlink:href="#sSpan2820" value="PPERS"/>
		<feat xlink:href="#sSpan2826" value="V"/>
		<feat xlink:href="#sSpan2828" value="PREP"/>
		<feat xlink:href="#sSpan2833" value="PPERO"/>
		<feat xlink:href="#sSpan2835" value="ADV"/>
		<feat xlink:href="#sSpan2840" value="PREP"/>
		<feat xlink:href="#sSpan2845" value="PPERO"/>
		<feat xlink:href="#sSpan2847" value="ADV"/>
		<feat xlink:href="#sSpan2852" value="PREP"/>
		<feat xlink:href="#sSpan2857" value="N"/>
		<feat xlink:href="#sSpan2861" value="PINT"/>
		<feat xlink:href="#sSpan2865" value="PUNCT"/>
		<feat xlink:href="#sSpan2870" value="ART"/>
		<feat xlink:href="#sSpan2878" value="N"/>
		<feat xlink:href="#sSpan2880" value="PREP"/>
		<feat xlink:href="#sSpan2884" value="ART"/>
		<feat xlink:href="#sSpan2887" value="N"/>
		<feat xlink:href="#sSpan2889" value="ART"/>
		<feat xlink:href="#sSpan2896" value="N"/>
		<feat xlink:href="#sSpan2898" value="CREL"/>
		<feat xlink:href="#sSpan2904" value="V"/>
		<feat xlink:href="#sSpan2907" value="PREP"/>
		<feat xlink:href="#sSpan2911" value="ART"/>
		<feat xlink:href="#sSpan2915" value="N"/>
		<feat xlink:href="#sSpan2917" value="IMOD"/>
		<feat xlink:href="#sSpan2921" value="PPERO"/>
		<feat xlink:href="#sSpan2923" value="CREL"/>
		<feat xlink:href="#sSpan2927" value="V"/>
		<feat xlink:href="#sSpan2930" value="PREP"/>
		<feat xlink:href="#sSpan2932" value="N"/>
		<feat xlink:href="#sSpan2935" value="PREP"/>
		<feat xlink:href="#sSpan2940" value="N"/>
		<feat xlink:href="#sSpan2943" value="PUNCT"/>
		<feat xlink:href="#sSpan2948" value="PPOS"/>
		<feat xlink:href="#sSpan2956" value="N"/>
		<feat xlink:href="#sSpan2959" value="PTC"/>
		<feat xlink:href="#sSpan2963" value="CREL"/>
		<feat xlink:href="#sSpan2967" value="APST"/>
		<feat xlink:href="#sSpan2969" value="PPERS"/>
		<feat xlink:href="#sSpan2972" value="V"/>
		<feat xlink:href="#sSpan2978" value="PREP"/>
		<feat xlink:href="#sSpan2982" value="ART"/></featList></paula>