<?xml version='1.0' encoding='UTF-8'?><!DOCTYPE paula SYSTEM "paula_feat.dtd">
<paula version="1.1">
	<header paula_id="scriptorium.shenoute.those.GF307-310.mark_cb_n"/>
	<featList xmlns:xlink="http://www.w3.org/1999/xlink" type="cb_n" xml:base="scriptorium.shenoute.those.GF307-310.mark.xml">
		<feat xlink:href="#sSpan11" value="1"/>
		<feat xlink:href="#sSpan398" value="2"/>
		<feat xlink:href="#sSpan731" value="1"/>
		<feat xlink:href="#sSpan1130" value="2"/>
		<feat xlink:href="#sSpan1541" value="1"/>
		<feat xlink:href="#sSpan1896" value="2"/>
		<feat xlink:href="#sSpan2247" value="1"/>
		<feat xlink:href="#sSpan2624" value="2"/></featList></paula>