<?xml version='1.0' encoding='UTF-8'?><!DOCTYPE paula SYSTEM "paula_feat.dtd">
<paula version="1.1">
	<header paula_id="scriptorium.shenoute.those.GF307-310.mark_verse_n"/>
	<featList xmlns:xlink="http://www.w3.org/1999/xlink" type="verse_n" xml:base="scriptorium.shenoute.those.GF307-310.mark.xml">
		<feat xlink:href="#sSpan9" value="3"/>
		<feat xlink:href="#sSpan144" value="4"/>
		<feat xlink:href="#sSpan221" value="5"/>
		<feat xlink:href="#sSpan305" value="6"/>
		<feat xlink:href="#sSpan397" value="1"/>
		<feat xlink:href="#sSpan622" value="2"/>
		<feat xlink:href="#sSpan862" value="3"/>
		<feat xlink:href="#sSpan970" value="4"/>
		<feat xlink:href="#sSpan1061" value="5"/>
		<feat xlink:href="#sSpan1119" value="6"/>
		<feat xlink:href="#sSpan1142" value="7"/>
		<feat xlink:href="#sSpan1163" value="1"/>
		<feat xlink:href="#sSpan1206" value="2"/>
		<feat xlink:href="#sSpan1247" value="3"/>
		<feat xlink:href="#sSpan1529" value="1"/>
		<feat xlink:href="#sSpan1673" value="2"/>
		<feat xlink:href="#sSpan2045" value="1"/>
		<feat xlink:href="#sSpan2230" value="2"/>
		<feat xlink:href="#sSpan2390" value="3"/>
		<feat xlink:href="#sSpan2515" value="4"/>
		<feat xlink:href="#sSpan2592" value="1"/>
		<feat xlink:href="#sSpan2687" value="2"/>
		<feat xlink:href="#sSpan2735" value="3"/>
		<feat xlink:href="#sSpan2825" value="4"/>
		<feat xlink:href="#sSpan2877" value="5"/>
		<feat xlink:href="#sSpan2955" value="6"/></featList></paula>