<?xml version='1.0' encoding='UTF-8'?><!DOCTYPE paula SYSTEM "paula_feat.dtd">
<paula version="1.1">
	<header paula_id="scriptorium.shenoute.those.GF307-310.mark_chapter_n"/>
	<featList xmlns:xlink="http://www.w3.org/1999/xlink" type="chapter_n" xml:base="scriptorium.shenoute.those.GF307-310.mark.xml">
		<feat xlink:href="#sSpan10" value="55"/>
		<feat xlink:href="#sSpan399" value="56"/>
		<feat xlink:href="#sSpan1164" value="57"/>
		<feat xlink:href="#sSpan1530" value="58"/>
		<feat xlink:href="#sSpan2046" value="59"/>
		<feat xlink:href="#sSpan2593" value="60"/></featList></paula>