<?xml version='1.0' encoding='UTF-8'?><!DOCTYPE paula SYSTEM "paula_feat.dtd">
<paula version="1.1">
	<header paula_id="scriptorium.40_Matthew_01.mark_multiword"/>
	<featList xmlns:xlink="http://www.w3.org/1999/xlink" type="multiword" xml:base="scriptorium.40_Matthew_01.mark.xml">
		<feat xlink:href="#sSpan99" value="ⲉⲃⲟⲗ ϩⲛ"/>
		<feat xlink:href="#sSpan194" value="ⲉⲃⲟⲗ ϩⲛ"/>
		<feat xlink:href="#sSpan216" value="ⲉⲃⲟⲗ ϩⲛ"/>
		<feat xlink:href="#sSpan272" value="ⲉⲃⲟⲗ ϩⲛ"/>
		<feat xlink:href="#sSpan478" value="ⲡⲱⲱⲛⲉ ⲉⲃⲟⲗ"/>
		<feat xlink:href="#sSpan691" value="ⲉⲃⲟⲗ ϩⲛ"/>
		<feat xlink:href="#sSpan758" value="ⲡⲱⲱⲛⲉ ⲉⲃⲟⲗ"/>
		<feat xlink:href="#sSpan784" value="ⲡⲱⲱⲛⲉ ⲉⲃⲟⲗ"/>
		<feat xlink:href="#sSpan855" value="ⲃⲱⲕ ⲉϩⲟⲩⲛ"/>
		<feat xlink:href="#sSpan866" value="ϩⲉ ⲉ"/>
		<feat xlink:href="#sSpan876" value="ⲉⲃⲟⲗ ϩⲛ"/>
		<feat xlink:href="#sSpan970" value="ⲉⲃⲟⲗ ϩⲛ"/>
		<feat xlink:href="#sSpan1026" value="ⲉⲃⲟⲗ ϩⲛ"/>
		<feat xlink:href="#sSpan1033" value="ⲉⲃⲟⲗ ϩⲛ"/>
		<feat xlink:href="#sSpan1092" value="ⲉⲃⲟⲗ ϩⲛ"/></featList></paula>