<?xml version='1.0' encoding='UTF-8'?><!DOCTYPE paula SYSTEM "paula_feat.dtd">
<paula version="1.1">
	<header paula_id="scriptorium.40_Matthew_01.mark_entity"/>
	<featList xmlns:xlink="http://www.w3.org/1999/xlink" type="entity" xml:base="scriptorium.40_Matthew_01.mark.xml">
		<feat xlink:href="#sSpan3" value="object"/>
		<feat xlink:href="#sSpan9" value="abstract"/>
		<feat xlink:href="#sSpan14" value="person"/>
		<feat xlink:href="#sSpan24" value="person"/>
		<feat xlink:href="#sSpan31" value="person"/>
		<feat xlink:href="#sSpan35" value="person"/>
		<feat xlink:href="#sSpan45" value="person"/>
		<feat xlink:href="#sSpan47" value="person"/>
		<feat xlink:href="#sSpan58" value="person"/>
		<feat xlink:href="#sSpan60" value="person"/>
		<feat xlink:href="#sSpan71" value="person"/>
		<feat xlink:href="#sSpan75" value="person"/>
		<feat xlink:href="#sSpan80" value="person"/>
		<feat xlink:href="#sSpan92" value="person"/>
		<feat xlink:href="#sSpan96" value="person"/>
		<feat xlink:href="#sSpan103" value="person"/>
		<feat xlink:href="#sSpan105" value="person"/>
		<feat xlink:href="#sSpan116" value="person"/>
		<feat xlink:href="#sSpan120" value="person"/>
		<feat xlink:href="#sSpan131" value="person"/>
		<feat xlink:href="#sSpan135" value="person"/>
		<feat xlink:href="#sSpan147" value="person"/>
		<feat xlink:href="#sSpan151" value="person"/>
		<feat xlink:href="#sSpan162" value="person"/>
		<feat xlink:href="#sSpan164" value="person"/>
		<feat xlink:href="#sSpan175" value="person"/>
		<feat xlink:href="#sSpan179" value="person"/>
		<feat xlink:href="#sSpan191" value="person"/>
		<feat xlink:href="#sSpan198" value="person"/>
		<feat xlink:href="#sSpan202" value="person"/>
		<feat xlink:href="#sSpan213" value="person"/>
		<feat xlink:href="#sSpan220" value="person"/>
		<feat xlink:href="#sSpan224" value="person"/>
		<feat xlink:href="#sSpan235" value="person"/>
		<feat xlink:href="#sSpan239" value="person"/>
		<feat xlink:href="#sSpan251" value="person"/>
		<feat xlink:href="#sSpan258" value="person"/>
		<feat xlink:href="#sSpan269" value="person"/>
		<feat xlink:href="#sSpan276" value="person"/>
		<feat xlink:href="#sSpan281" value="person"/>
		<feat xlink:href="#sSpan285" value="person"/>
		<feat xlink:href="#sSpan297" value="person"/>
		<feat xlink:href="#sSpan299" value="person"/>
		<feat xlink:href="#sSpan310" value="person"/>
		<feat xlink:href="#sSpan312" value="person"/>
		<feat xlink:href="#sSpan323" value="person"/>
		<feat xlink:href="#sSpan327" value="person"/>
		<feat xlink:href="#sSpan339" value="person"/>
		<feat xlink:href="#sSpan341" value="person"/>
		<feat xlink:href="#sSpan352" value="person"/>
		<feat xlink:href="#sSpan354" value="person"/>
		<feat xlink:href="#sSpan365" value="person"/>
		<feat xlink:href="#sSpan369" value="person"/>
		<feat xlink:href="#sSpan381" value="person"/>
		<feat xlink:href="#sSpan385" value="person"/>
		<feat xlink:href="#sSpan398" value="person"/>
		<feat xlink:href="#sSpan408" value="person"/>
		<feat xlink:href="#sSpan412" value="person"/>
		<feat xlink:href="#sSpan424" value="person"/>
		<feat xlink:href="#sSpan425" value="person"/>
		<feat xlink:href="#sSpan437" value="person"/>
		<feat xlink:href="#sSpan441" value="person"/>
		<feat xlink:href="#sSpan452" value="person"/>
		<feat xlink:href="#sSpan456" value="person"/>
		<feat xlink:href="#sSpan468" value="person"/>
		<feat xlink:href="#sSpan472" value="person"/>
		<feat xlink:href="#sSpan484" value="place"/>
		<feat xlink:href="#sSpan500" value="place"/>
		<feat xlink:href="#sSpan503" value="person"/>
		<feat xlink:href="#sSpan512" value="person"/>
		<feat xlink:href="#sSpan514" value="person"/>
		<feat xlink:href="#sSpan525" value="person"/>
		<feat xlink:href="#sSpan529" value="person"/>
		<feat xlink:href="#sSpan541" value="person"/>
		<feat xlink:href="#sSpan543" value="person"/>
		<feat xlink:href="#sSpan554" value="person"/>
		<feat xlink:href="#sSpan558" value="person"/>
		<feat xlink:href="#sSpan569" value="person"/>
		<feat xlink:href="#sSpan573" value="person"/>
		<feat xlink:href="#sSpan585" value="person"/>
		<feat xlink:href="#sSpan586" value="person"/>
		<feat xlink:href="#sSpan598" value="person"/>
		<feat xlink:href="#sSpan600" value="person"/>
		<feat xlink:href="#sSpan611" value="person"/>
		<feat xlink:href="#sSpan615" value="person"/>
		<feat xlink:href="#sSpan627" value="person"/>
		<feat xlink:href="#sSpan628" value="person"/>
		<feat xlink:href="#sSpan640" value="person"/>
		<feat xlink:href="#sSpan641" value="person"/>
		<feat xlink:href="#sSpan653" value="person"/>
		<feat xlink:href="#sSpan657" value="person"/>
		<feat xlink:href="#sSpan669" value="person"/>
		<feat xlink:href="#sSpan676" value="person"/>
		<feat xlink:href="#sSpan687" value="person"/>
		<feat xlink:href="#sSpan698" value="person"/>
		<feat xlink:href="#sSpan711" value="person"/>
		<feat xlink:href="#sSpan717" value="abstract"/>
		<feat xlink:href="#sSpan726" value="person"/>
		<feat xlink:href="#sSpan733" value="person"/>
		<feat xlink:href="#sSpan737" value="object"/>
		<feat xlink:href="#sSpan742" value="abstract"/>
		<feat xlink:href="#sSpan750" value="person"/>
		<feat xlink:href="#sSpan764" value="place"/>
		<feat xlink:href="#sSpan769" value="object"/>
		<feat xlink:href="#sSpan774" value="abstract"/>
		<feat xlink:href="#sSpan790" value="place"/>
		<feat xlink:href="#sSpan798" value="person"/>
		<feat xlink:href="#sSpan803" value="abstract"/>
		<feat xlink:href="#sSpan807" value="abstract"/>
		<feat xlink:href="#sSpan812" value="person"/>
		<feat xlink:href="#sSpan820" value="person"/>
		<feat xlink:href="#sSpan835" value="object"/>
		<feat xlink:href="#sSpan841" value="person"/>
		<feat xlink:href="#sSpan845" value="person"/>
		<feat xlink:href="#sSpan849" value="person"/>
		<feat xlink:href="#sSpan880" value="abstract"/>
		<feat xlink:href="#sSpan890" value="person"/>
		<feat xlink:href="#sSpan919" value="abstract"/>
		<feat xlink:href="#sSpan934" value="abstract"/>
		<feat xlink:href="#sSpan938" value="abstract"/>
		<feat xlink:href="#sSpan954" value="person"/>
		<feat xlink:href="#sSpan959" value="person"/>
		<feat xlink:href="#sSpan974" value="abstract"/>
		<feat xlink:href="#sSpan986" value="person"/>
		<feat xlink:href="#sSpan993" value="person"/>
		<feat xlink:href="#sSpan997" value="person"/>
		<feat xlink:href="#sSpan1007" value="person"/>
		<feat xlink:href="#sSpan1009" value="person"/>
		<feat xlink:href="#sSpan1016" value="person"/>
		<feat xlink:href="#sSpan1037" value="abstract"/>
		<feat xlink:href="#sSpan1057" value="person"/>
		<feat xlink:href="#sSpan1068" value="abstract"/>
		<feat xlink:href="#sSpan1073" value="person"/>
		<feat xlink:href="#sSpan1088" value="organization"/>
		<feat xlink:href="#sSpan1096" value="abstract"/>
		<feat xlink:href="#sSpan1102" value="person"/>
		<feat xlink:href="#sSpan1124" value="person"/>
		<feat xlink:href="#sSpan1128" value="person"/>
		<feat xlink:href="#sSpan1136" value="person"/>
		<feat xlink:href="#sSpan1152" value="person"/>
		<feat xlink:href="#sSpan1164" value="person"/>
		<feat xlink:href="#sSpan1173" value="abstract"/>
		<feat xlink:href="#sSpan1181" value="abstract"/>
		<feat xlink:href="#sSpan1193" value="person"/>
		<feat xlink:href="#sSpan1210" value="person"/>
		<feat xlink:href="#sSpan1234" value="person"/>
		<feat xlink:href="#sSpan1239" value="person"/>
		<feat xlink:href="#sSpan1250" value="person"/>
		<feat xlink:href="#sSpan1252" value="person"/>
		<feat xlink:href="#sSpan1270" value="person"/>
		<feat xlink:href="#sSpan1281" value="abstract"/>
		<feat xlink:href="#sSpan1286" value="person"/></featList></paula>