<?xml version='1.0' encoding='UTF-8'?><!DOCTYPE paula SYSTEM "paula_feat.dtd">
<paula version="1.1">
	<header paula_id="scriptorium.40_Matthew_01.mark_text"/>
	<featList xmlns:xlink="http://www.w3.org/1999/xlink" type="text" xml:base="scriptorium.40_Matthew_01.mark.xml">
		<feat xlink:href="#sSpan3" value="ⲡ ϫⲱⲱⲙⲉ ⲙ ⲡⲉ ϫⲡⲟ ⲛ ⲓⲏⲥⲟⲩⲥ ⲡⲉ ⲭⲣⲓⲥⲧⲟⲥ ⲡ ϣⲏⲣⲉ ⲛ ⲇⲁⲩⲉⲓⲇ ⲡ ϣⲏⲣⲉ ⲛ ⲁⲃⲣⲁϩⲁⲙ"/>
		<feat xlink:href="#sSpan9" value="ⲡⲉ ϫⲡⲟ ⲛ ⲓⲏⲥⲟⲩⲥ ⲡⲉ ⲭⲣⲓⲥⲧⲟⲥ ⲡ ϣⲏⲣⲉ ⲛ ⲇⲁⲩⲉⲓⲇ ⲡ ϣⲏⲣⲉ ⲛ ⲁⲃⲣⲁϩⲁⲙ"/>
		<feat xlink:href="#sSpan14" value="ⲓⲏⲥⲟⲩⲥ ⲡⲉ ⲭⲣⲓⲥⲧⲟⲥ ⲡ ϣⲏⲣⲉ ⲛ ⲇⲁⲩⲉⲓⲇ ⲡ ϣⲏⲣⲉ ⲛ ⲁⲃⲣⲁϩⲁⲙ"/>
		<feat xlink:href="#sSpan24" value="ⲇⲁⲩⲉⲓⲇ ⲡ ϣⲏⲣⲉ ⲛ ⲁⲃⲣⲁϩⲁⲙ"/>
		<feat xlink:href="#sSpan31" value="ⲁⲃⲣⲁϩⲁⲙ"/>
		<feat xlink:href="#sSpan35" value="ⲁⲃⲣⲁϩⲁⲙ"/>
		<feat xlink:href="#sSpan45" value="ⲓⲥⲁⲁⲕ"/>
		<feat xlink:href="#sSpan47" value="ⲓⲥⲁⲁⲕ"/>
		<feat xlink:href="#sSpan58" value="ⲓⲁⲕⲱⲃ"/>
		<feat xlink:href="#sSpan60" value="ⲓⲁⲕⲱⲃ"/>
		<feat xlink:href="#sSpan71" value="ⲓⲟⲩⲇⲁⲥ"/>
		<feat xlink:href="#sSpan75" value="ⲛⲉϥ ⲥⲛⲏⲩ"/>
		<feat xlink:href="#sSpan80" value="ⲓⲟⲩⲇⲁⲥ"/>
		<feat xlink:href="#sSpan92" value="ⲫⲁⲣⲉⲥ"/>
		<feat xlink:href="#sSpan96" value="ⲍⲁⲣⲁ"/>
		<feat xlink:href="#sSpan103" value="ⲑⲁⲙⲁⲣ"/>
		<feat xlink:href="#sSpan105" value="ⲫⲁⲣⲉⲥ"/>
		<feat xlink:href="#sSpan116" value="ⲉⲥⲣⲱⲙ"/>
		<feat xlink:href="#sSpan120" value="ⲉⲥⲣⲱⲙ"/>
		<feat xlink:href="#sSpan131" value="ⲁⲣⲁⲙ"/>
		<feat xlink:href="#sSpan135" value="ⲁⲣⲁⲙ"/>
		<feat xlink:href="#sSpan147" value="ⲁⲙⲓⲛⲁⲇⲁⲃ"/>
		<feat xlink:href="#sSpan151" value="ⲁⲙⲓⲛⲁⲇⲁⲃ"/>
		<feat xlink:href="#sSpan162" value="ⲛⲁⲁⲥⲥⲱⲛ"/>
		<feat xlink:href="#sSpan164" value="ⲛⲁⲁⲥⲥⲱⲛ"/>
		<feat xlink:href="#sSpan175" value="ⲥⲁⲗⲙⲱⲛ"/>
		<feat xlink:href="#sSpan179" value="ⲥⲁⲗⲙⲱⲛ"/>
		<feat xlink:href="#sSpan191" value="ⲃⲟⲉⲥ"/>
		<feat xlink:href="#sSpan198" value="ϩⲣⲁⲭⲁⲃ"/>
		<feat xlink:href="#sSpan202" value="ⲃⲟⲉⲥ"/>
		<feat xlink:href="#sSpan213" value="ⲓⲱⲃⲏⲇ"/>
		<feat xlink:href="#sSpan220" value="ϩⲣⲟⲩⲑ"/>
		<feat xlink:href="#sSpan224" value="ⲓⲱⲃⲏⲇ"/>
		<feat xlink:href="#sSpan235" value="ⲓⲉⲥⲥⲁⲓ"/>
		<feat xlink:href="#sSpan239" value="ⲓⲉⲥⲥⲁⲓ"/>
		<feat xlink:href="#sSpan251" value="ⲇⲁⲩⲉⲓⲇ ⲡ ⲣⲣⲟ"/>
		<feat xlink:href="#sSpan258" value="ⲇⲁⲩⲉⲓⲇ"/>
		<feat xlink:href="#sSpan269" value="ⲥⲟⲗⲟⲙⲱⲛ"/>
		<feat xlink:href="#sSpan276" value="ⲧ ϩⲓⲙⲉ ⲛ ⲟⲩⲣⲓⲁⲥ"/>
		<feat xlink:href="#sSpan281" value="ⲟⲩⲣⲓⲁⲥ"/>
		<feat xlink:href="#sSpan285" value="ⲥⲟⲗⲟⲙⲱⲛ"/>
		<feat xlink:href="#sSpan297" value="ϩⲣⲟⲃⲟⲁⲙ"/>
		<feat xlink:href="#sSpan299" value="ϩⲣⲟⲃⲟⲁⲙ"/>
		<feat xlink:href="#sSpan310" value="ⲁⲃⲓⲁ"/>
		<feat xlink:href="#sSpan312" value="ⲁⲃⲓⲁⲥ"/>
		<feat xlink:href="#sSpan323" value="ⲁⲥⲁⲫ"/>
		<feat xlink:href="#sSpan327" value="ⲁⲥⲁⲫ"/>
		<feat xlink:href="#sSpan339" value="ⲓⲱⲥⲁⲫⲁⲧ"/>
		<feat xlink:href="#sSpan341" value="ⲓⲱⲥⲁⲫⲁⲧ"/>
		<feat xlink:href="#sSpan352" value="ⲓⲱⲣⲁⲙ"/>
		<feat xlink:href="#sSpan354" value="ⲓⲱⲣⲁⲙ"/>
		<feat xlink:href="#sSpan365" value="ⲟⲍⲉⲓⲁⲥ"/>
		<feat xlink:href="#sSpan369" value="ⲟⲍⲉⲓⲁⲥ"/>
		<feat xlink:href="#sSpan381" value="ⲓⲱⲁⲑⲁⲙ"/>
		<feat xlink:href="#sSpan385" value="ⲓⲱⲛⲁⲑⲁⲙ"/>
		<feat xlink:href="#sSpan398" value="ⲭⲁⲍ"/>
		<feat xlink:href="#sSpan408" value="ⲉⲍⲉⲕⲉⲓⲁⲥ"/>
		<feat xlink:href="#sSpan412" value="ⲉⲍⲉⲕⲉⲓⲁⲥ"/>
		<feat xlink:href="#sSpan424" value="ⲙⲁⲛⲁⲥⲥⲏ"/>
		<feat xlink:href="#sSpan425" value="ⲙⲁⲛⲁⲥⲥⲏ ⲙⲁⲛⲁⲥⲥⲏ"/>
		<feat xlink:href="#sSpan437" value="ϩⲁⲙⲱⲥ"/>
		<feat xlink:href="#sSpan441" value="ϩⲁⲙⲱⲥ"/>
		<feat xlink:href="#sSpan452" value="ⲓⲱⲥⲓⲁⲥ"/>
		<feat xlink:href="#sSpan456" value="ⲓⲱⲥⲓⲁⲥ"/>
		<feat xlink:href="#sSpan468" value="ⲓⲉⲭⲟⲛⲓⲁⲥ"/>
		<feat xlink:href="#sSpan472" value="ⲛⲉϥ ⲥⲛⲏⲩ"/>
		<feat xlink:href="#sSpan484" value="ⲧ ⲃⲁⲃⲩⲗⲱⲛ"/>
		<feat xlink:href="#sSpan500" value="ⲧ ⲃⲁⲃⲩⲗⲱⲛ ⲓⲉⲭⲟⲛⲓⲁⲥ"/>
		<feat xlink:href="#sSpan503" value="ⲓⲉⲭⲟⲛⲓⲁⲥ"/>
		<feat xlink:href="#sSpan512" value="ⲥⲁⲗⲁⲑⲓⲏⲗ"/>
		<feat xlink:href="#sSpan514" value="ⲥⲁⲗⲁⲑⲓⲏⲗ"/>
		<feat xlink:href="#sSpan525" value="ⲍⲟⲣⲟⲃⲁⲃⲉⲗ"/>
		<feat xlink:href="#sSpan529" value="ⲍⲟⲣⲟⲃⲁⲃⲉⲗ"/>
		<feat xlink:href="#sSpan541" value="ⲁⲃⲓⲟⲩⲇ"/>
		<feat xlink:href="#sSpan543" value="ⲁⲃⲓⲟⲩⲇ"/>
		<feat xlink:href="#sSpan554" value="ⲉⲗⲓⲁⲕⲓⲙ"/>
		<feat xlink:href="#sSpan558" value="ⲉⲗⲓⲁⲕⲓⲙ"/>
		<feat xlink:href="#sSpan569" value="ⲁⲍⲱⲣⲁ"/>
		<feat xlink:href="#sSpan573" value="ⲁⲍⲱⲣⲁⲥ"/>
		<feat xlink:href="#sSpan585" value="ⲥⲁⲇⲱⲕ"/>
		<feat xlink:href="#sSpan586" value="ⲥⲁⲇⲱⲕ ⲥⲁⲇⲱⲕ"/>
		<feat xlink:href="#sSpan598" value="ⲁⲭⲉⲓⲙ"/>
		<feat xlink:href="#sSpan600" value="ⲁⲭⲉⲓⲙ"/>
		<feat xlink:href="#sSpan611" value="ⲉⲗⲓⲟⲩⲇ"/>
		<feat xlink:href="#sSpan615" value="ⲉⲗⲓⲟⲩⲇ"/>
		<feat xlink:href="#sSpan627" value="ⲉⲗⲉⲁⲍⲁⲣ"/>
		<feat xlink:href="#sSpan628" value="ⲉⲗⲉⲁⲍⲁⲣ ⲉⲗⲉⲁⲍⲁⲣ"/>
		<feat xlink:href="#sSpan640" value="ⲙⲁⲧⲑⲁⲙ"/>
		<feat xlink:href="#sSpan641" value="ⲙⲁⲧⲑⲁⲙ ⲙⲁⲧⲑⲁⲙ"/>
		<feat xlink:href="#sSpan653" value="ⲓⲁⲕⲱⲃ"/>
		<feat xlink:href="#sSpan657" value="ⲓⲁⲕⲱⲃ"/>
		<feat xlink:href="#sSpan669" value="ⲓⲱⲥⲏⲫ ⲡ ϩⲁⲓ ⲙ ⲙⲁⲣⲓⲁ . ⲧⲁⲓ ⲛⲧ ⲁ ⲩ ϫⲡⲉ ⲓⲏⲥⲟⲩⲥ ⲉⲃⲟⲗ ⲛϩⲏⲧ ⲥ"/>
		<feat xlink:href="#sSpan676" value="ⲙⲁⲣⲓⲁ"/>
		<feat xlink:href="#sSpan687" value="ⲓⲏⲥⲟⲩⲥ"/>
		<feat xlink:href="#sSpan698" value="ⲡⲁⲓ"/>
		<feat xlink:href="#sSpan711" value="ⲡⲉ ⲭⲣⲓⲥⲧⲟⲥ"/>
		<feat xlink:href="#sSpan717" value="ⲅⲉⲛⲉⲁ ϭⲉ ⲛⲓⲙ ϫⲓⲛ ⲁⲃⲣⲁϩⲁⲙ ϣⲁ ⲉϩⲣⲁⲓ ⲉ ⲇⲁⲩⲉⲓⲇ ⲙⲛ ⲧⲁ ϥⲧⲉ ⲛ ⲅⲉⲛⲉⲁ . ⲁⲩⲱ ϫⲓⲛ ⲇⲁⲩⲉⲓⲇ ϣⲁ ⲉϩⲣⲁⲓ ⲉ ⲡ ⲡⲱⲱⲛⲉ ⲉⲃⲟⲗ ⲛ ⲧ ⲃⲁⲃⲩⲗⲱⲛ ⲙⲛ ⲧⲁ ϥⲧⲉ ⲛ ⲅⲉⲛⲉⲁ . ⲁⲩⲱ ϫⲓⲛ ⲉ ⲡ ⲡⲱⲱⲛⲉ ⲉⲃⲟⲗ ⲛ ⲧ ⲃⲁⲃⲩⲗⲱⲛ ϣⲁ ⲉϩⲣⲁⲓ ⲉ"/>
		<feat xlink:href="#sSpan726" value="ⲁⲃⲣⲁϩⲁⲙ"/>
		<feat xlink:href="#sSpan733" value="ⲇⲁⲩⲉⲓⲇ"/>
		<feat xlink:href="#sSpan737" value="ⲧⲁ ϥⲧⲉ ⲛ ⲅⲉⲛⲉⲁ"/>
		<feat xlink:href="#sSpan742" value="ⲅⲉⲛⲉⲁ"/>
		<feat xlink:href="#sSpan750" value="ⲇⲁⲩⲉⲓⲇ ϣⲁ ⲉϩⲣⲁⲓ ⲉ ⲡ ⲡⲱⲱⲛⲉ ⲉⲃⲟⲗ ⲛ ⲧ ⲃⲁⲃⲩⲗⲱⲛ ⲙⲛ ⲧⲁ ϥⲧⲉ ⲛ ⲅⲉⲛⲉⲁ . ⲁⲩⲱ ϫⲓⲛ ⲉ ⲡ ⲡⲱⲱⲛⲉ ⲉⲃⲟⲗ ⲛ ⲧ ⲃⲁⲃⲩⲗⲱⲛ ϣⲁ ⲉϩⲣⲁⲓ ⲉ"/>
		<feat xlink:href="#sSpan764" value="ⲧ ⲃⲁⲃⲩⲗⲱⲛ"/>
		<feat xlink:href="#sSpan769" value="ⲧⲁ ϥⲧⲉ ⲛ ⲅⲉⲛⲉⲁ"/>
		<feat xlink:href="#sSpan774" value="ⲅⲉⲛⲉⲁ"/>
		<feat xlink:href="#sSpan790" value="ⲧ ⲃⲁⲃⲩⲗⲱⲛ"/>
		<feat xlink:href="#sSpan798" value="ⲡⲉ ⲭⲣⲓⲥⲧⲟⲥ"/>
		<feat xlink:href="#sSpan803" value="ϥⲧⲉ ⲛ ⲅⲉⲛⲉⲁ"/>
		<feat xlink:href="#sSpan807" value="ⲅⲉⲛⲉⲁ"/>
		<feat xlink:href="#sSpan812" value="ⲡⲉ ϫⲡⲟ ⲇⲉ ⲛ ⲓⲏⲥⲟⲩⲥ ⲡⲉ ⲭⲣⲓⲥⲧⲟⲥ"/>
		<feat xlink:href="#sSpan820" value="ⲓⲏⲥⲟⲩⲥ ⲡⲉ ⲭⲣⲓⲥⲧⲟⲥ"/>
		<feat xlink:href="#sSpan835" value="ⲧⲟⲟⲧ ⲥ"/>
		<feat xlink:href="#sSpan841" value="ⲧⲉϥ ⲙⲁⲁⲩ"/>
		<feat xlink:href="#sSpan845" value="ⲙⲁⲣⲓⲁ ⲛ ⲓⲱⲥⲏⲫ"/>
		<feat xlink:href="#sSpan849" value="ⲓⲱⲥⲏⲫ"/>
		<feat xlink:href="#sSpan880" value="ⲟⲩ ⲡⲛⲉⲩⲙⲁ ⲉ ϥ ⲟⲩⲁⲁⲃ"/>
		<feat xlink:href="#sSpan890" value="ⲓⲱⲥⲏⲫ ⲇⲉ ⲡⲉ ⲥϩⲁⲓ ⲉ ⲛⲉⲩ ⲇⲓⲕⲁⲓⲟⲥ ⲡⲉ . ⲁⲩⲱ ⲛⲉ ϥ ⲟⲩⲱϣ ⲁⲛ ⲉ ϯ ⲙ ⲡⲉⲥ ⲥⲟⲉⲓⲧ"/>
		<feat xlink:href="#sSpan919" value="ⲡⲉⲥ ⲥⲟⲉⲓⲧ"/>
		<feat xlink:href="#sSpan934" value="ϫⲓⲟⲩⲉ"/>
		<feat xlink:href="#sSpan938" value="ⲛⲁⲓ"/>
		<feat xlink:href="#sSpan954" value="ⲡ ⲁⲅⲅⲉⲗⲟⲥ ⲙ ⲡ ϫⲟⲉⲓⲥ"/>
		<feat xlink:href="#sSpan959" value="ⲡ ϫⲟⲉⲓⲥ"/>
		<feat xlink:href="#sSpan974" value="ⲟⲩ ⲣⲁⲥⲟⲩ"/>
		<feat xlink:href="#sSpan986" value="ⲓⲱⲥⲏⲫ ⲡ ϣⲏⲣⲉ ⲛ ⲇⲁⲩⲉⲓⲇ ⲙ ⲡ ⲣⲣⲟ ϩⲟⲧⲉ ⲉ ϫⲓ ⲙ ⲙⲁⲣⲓⲁ ⲧⲉⲕ ⲥϩⲓⲙⲉ"/>
		<feat xlink:href="#sSpan993" value="ⲇⲁⲩⲉⲓⲇ ⲙ ⲡ ⲣⲣⲟ ϩⲟⲧⲉ"/>
		<feat xlink:href="#sSpan997" value="ⲡ ⲣⲣⲟ"/>
		<feat xlink:href="#sSpan1007" value="ⲙⲁⲣⲓⲁ ⲧⲉⲕ ⲥϩⲓⲙⲉ"/>
		<feat xlink:href="#sSpan1009" value="ⲧⲉⲕ ⲥϩⲓⲙⲉ"/>
		<feat xlink:href="#sSpan1016" value="ⲡ ⲉⲧ ⲟⲩ ⲛⲁ ϫⲡⲟ ϥ ⲅⲁⲣ ⲉⲃⲟⲗ ⲛϩⲏⲧ ⲥ ⲟⲩ ⲉⲃⲟⲗ ϩⲛ ⲟⲩ ⲡⲛⲉⲩⲙⲁ ⲉ ϥ ⲟⲩⲁⲁⲃ"/>
		<feat xlink:href="#sSpan1037" value="ⲟⲩ ⲡⲛⲉⲩⲙⲁ ⲉ ϥ ⲟⲩⲁⲁⲃ"/>
		<feat xlink:href="#sSpan1057" value="ⲟⲩ ϣⲏⲣⲉ"/>
		<feat xlink:href="#sSpan1068" value="ⲡⲉϥ ⲣⲁⲛ"/>
		<feat xlink:href="#sSpan1073" value="ⲓⲏⲥⲟⲩⲥ"/>
		<feat xlink:href="#sSpan1088" value="ⲡⲉϥ ⲗⲁⲟⲥ"/>
		<feat xlink:href="#sSpan1096" value="ⲛⲉⲩ ⲛⲟⲃⲉ"/>
		<feat xlink:href="#sSpan1102" value="ⲡⲁⲓ ⲇⲉ ⲧⲏⲣ ϥ ⲛⲧ ⲁ ϥ ϣⲱⲡⲉ"/>
		<feat xlink:href="#sSpan1124" value="ⲡ ⲉⲛⲧ ⲁ ⲡ ϫⲟⲉⲓⲥ ϫⲟⲟ ϥ ϩⲓⲧⲙ ⲡⲉ ⲡⲣⲟⲫⲏⲧⲏⲥ"/>
		<feat xlink:href="#sSpan1128" value="ⲡ ϫⲟⲉⲓⲥ"/>
		<feat xlink:href="#sSpan1136" value="ⲡⲉ ⲡⲣⲟⲫⲏⲧⲏⲥ"/>
		<feat xlink:href="#sSpan1152" value="ⲧ ⲡⲁⲣⲑⲉⲛⲟⲥ"/>
		<feat xlink:href="#sSpan1164" value="ⲟⲩ ϣⲏⲣⲉ"/>
		<feat xlink:href="#sSpan1173" value="ⲡⲉϥ ⲣⲁⲛ"/>
		<feat xlink:href="#sSpan1181" value="ⲡⲁⲓ"/>
		<feat xlink:href="#sSpan1193" value="ⲡ ⲛⲟⲩⲧⲉ"/>
		<feat xlink:href="#sSpan1210" value="ⲓⲱⲥⲏⲫ"/>
		<feat xlink:href="#sSpan1234" value="ⲡ ⲁⲅⲅⲉⲗⲟⲥ ⲙ ⲡ ϫⲟⲉⲓⲥ"/>
		<feat xlink:href="#sSpan1239" value="ⲡ ϫⲟⲉⲓⲥ"/>
		<feat xlink:href="#sSpan1250" value="ⲙⲁⲣⲓⲁ"/>
		<feat xlink:href="#sSpan1252" value="ⲧⲉϥ ⲥϩⲓⲙⲉ"/>
		<feat xlink:href="#sSpan1270" value="ⲡⲉⲥ ϣⲏⲣⲉ"/>
		<feat xlink:href="#sSpan1281" value="ⲡⲉϥ ⲣⲁⲛ"/>
		<feat xlink:href="#sSpan1286" value="ⲓⲏⲥⲟⲩⲥ"/></featList></paula>