<?xml version='1.0' encoding='UTF-8'?><!DOCTYPE paula SYSTEM "paula_feat.dtd">
<paula version="1.1">
	<header paula_id="scriptorium.40_Matthew_01.mark_orig"/>
	<featList xmlns:xlink="http://www.w3.org/1999/xlink" type="orig" xml:base="scriptorium.40_Matthew_01.mark.xml">
		<feat xlink:href="#sSpan1" value="ⲡ"/>
		<feat xlink:href="#sSpan5" value="ϫⲱⲱⲙⲉ"/>
		<feat xlink:href="#sSpan6" value="ⲙ"/>
		<feat xlink:href="#sSpan8" value="ⲡⲉ"/>
		<feat xlink:href="#sSpan10" value="ϫⲡⲟ"/>
		<feat xlink:href="#sSpan11" value="ⲛ"/>
		<feat xlink:href="#sSpan13" value="ⲓⲏⲥⲟⲩⲥ"/>
		<feat xlink:href="#sSpan15" value="ⲡⲉ"/>
		<feat xlink:href="#sSpan17" value="ⲭⲣⲓⲥⲧⲟⲥ"/>
		<feat xlink:href="#sSpan18" value="ⲡ"/>
		<feat xlink:href="#sSpan20" value="ϣⲏⲣⲉ"/>
		<feat xlink:href="#sSpan21" value="ⲛ"/>
		<feat xlink:href="#sSpan23" value="ⲇⲁⲩⲉⲓⲇ"/>
		<feat xlink:href="#sSpan25" value="ⲡ"/>
		<feat xlink:href="#sSpan27" value="ϣⲏⲣⲉ"/>
		<feat xlink:href="#sSpan28" value="ⲛ"/>
		<feat xlink:href="#sSpan30" value="ⲁⲃⲣⲁϩⲁⲙ"/>
		<feat xlink:href="#sSpan32" value="."/>
		<feat xlink:href="#sSpan34" value="ⲁⲃⲣⲁϩⲁⲙ"/>
		<feat xlink:href="#sSpan38" value="ⲁ"/>
		<feat xlink:href="#sSpan40" value="ϥ"/>
		<feat xlink:href="#sSpan41" value="ϫⲡⲟ"/>
		<feat xlink:href="#sSpan42" value="ⲛ"/>
		<feat xlink:href="#sSpan44" value="ⲓⲥⲁⲁⲕ"/>
		<feat xlink:href="#sSpan46" value="ⲓⲥⲁⲁⲕ"/>
		<feat xlink:href="#sSpan49" value="ⲇⲉ"/>
		<feat xlink:href="#sSpan51" value="ⲁ"/>
		<feat xlink:href="#sSpan53" value="ϥ"/>
		<feat xlink:href="#sSpan54" value="ϫⲡⲟ"/>
		<feat xlink:href="#sSpan55" value="ⲛ"/>
		<feat xlink:href="#sSpan57" value="ⲓⲁⲕⲱⲃ"/>
		<feat xlink:href="#sSpan59" value="ⲓⲁⲕⲱⲃ"/>
		<feat xlink:href="#sSpan62" value="ⲇⲉ"/>
		<feat xlink:href="#sSpan64" value="ⲁ"/>
		<feat xlink:href="#sSpan66" value="ϥ"/>
		<feat xlink:href="#sSpan67" value="ϫⲡⲟ"/>
		<feat xlink:href="#sSpan68" value="ⲛ"/>
		<feat xlink:href="#sSpan70" value="ⲓⲟⲩⲇⲁⲥ"/>
		<feat xlink:href="#sSpan72" value="ⲙⲛ"/>
		<feat xlink:href="#sSpan74" value="ⲛⲉϥ"/>
		<feat xlink:href="#sSpan76" value="ⲥⲛⲏⲩ"/>
		<feat xlink:href="#sSpan77" value="."/>
		<feat xlink:href="#sSpan79" value="ⲓⲟⲩⲇⲁⲥ"/>
		<feat xlink:href="#sSpan83" value="ⲇⲉ"/>
		<feat xlink:href="#sSpan85" value="ⲁ"/>
		<feat xlink:href="#sSpan87" value="ϥ"/>
		<feat xlink:href="#sSpan88" value="ϫⲡⲟ"/>
		<feat xlink:href="#sSpan89" value="ⲙ"/>
		<feat xlink:href="#sSpan91" value="ⲫⲁⲣⲉⲥ"/>
		<feat xlink:href="#sSpan93" value="ⲙⲛ"/>
		<feat xlink:href="#sSpan95" value="ⲍⲁⲣⲁ"/>
		<feat xlink:href="#sSpan97" value="ⲉⲃⲟⲗ"/>
		<feat xlink:href="#sSpan100" value="ϩⲛ"/>
		<feat xlink:href="#sSpan102" value="ⲑⲁⲙⲁⲣ"/>
		<feat xlink:href="#sSpan104" value="ⲫⲁⲣⲉⲥ"/>
		<feat xlink:href="#sSpan107" value="ⲇⲉ"/>
		<feat xlink:href="#sSpan109" value="ⲁ"/>
		<feat xlink:href="#sSpan111" value="ϥ"/>
		<feat xlink:href="#sSpan112" value="ϫⲡⲟ"/>
		<feat xlink:href="#sSpan113" value="ⲛ"/>
		<feat xlink:href="#sSpan115" value="ⲉⲥⲣⲱⲙ"/>
		<feat xlink:href="#sSpan117" value="."/>
		<feat xlink:href="#sSpan119" value="ⲉⲥⲣⲱⲙ"/>
		<feat xlink:href="#sSpan122" value="ⲇⲉ"/>
		<feat xlink:href="#sSpan124" value="ⲁ"/>
		<feat xlink:href="#sSpan126" value="ϥ"/>
		<feat xlink:href="#sSpan127" value="ϫⲡⲟ"/>
		<feat xlink:href="#sSpan128" value="ⲛ"/>
		<feat xlink:href="#sSpan130" value="ⲁⲣⲁⲙ"/>
		<feat xlink:href="#sSpan132" value="."/>
		<feat xlink:href="#sSpan134" value="ⲁⲣⲁⲙ"/>
		<feat xlink:href="#sSpan138" value="ⲇⲉ"/>
		<feat xlink:href="#sSpan140" value="ⲁ"/>
		<feat xlink:href="#sSpan142" value="ϥ"/>
		<feat xlink:href="#sSpan143" value="ϫⲡⲟ"/>
		<feat xlink:href="#sSpan144" value="ⲛ"/>
		<feat xlink:href="#sSpan146" value="ⲁⲙⲓⲛⲁⲇⲁⲃ"/>
		<feat xlink:href="#sSpan148" value="."/>
		<feat xlink:href="#sSpan150" value="ⲁⲙⲓⲛⲁⲇⲁⲃ"/>
		<feat xlink:href="#sSpan153" value="ⲇⲉ"/>
		<feat xlink:href="#sSpan155" value="ⲁ"/>
		<feat xlink:href="#sSpan157" value="ϥ"/>
		<feat xlink:href="#sSpan158" value="ϫⲡⲟ"/>
		<feat xlink:href="#sSpan159" value="ⲛ"/>
		<feat xlink:href="#sSpan161" value="ⲛⲁⲁⲥⲥⲱⲛ"/>
		<feat xlink:href="#sSpan163" value="ⲛⲁⲁⲥⲥⲱⲛ"/>
		<feat xlink:href="#sSpan166" value="ⲇⲉ"/>
		<feat xlink:href="#sSpan168" value="ⲁ"/>
		<feat xlink:href="#sSpan170" value="ϥ"/>
		<feat xlink:href="#sSpan171" value="ϫⲡⲟ"/>
		<feat xlink:href="#sSpan172" value="ⲛ"/>
		<feat xlink:href="#sSpan174" value="ⲥⲁⲗⲙⲱⲛ"/>
		<feat xlink:href="#sSpan176" value="."/>
		<feat xlink:href="#sSpan178" value="ⲥⲁⲗⲙⲱⲛ"/>
		<feat xlink:href="#sSpan182" value="ⲇⲉ"/>
		<feat xlink:href="#sSpan184" value="ⲁ"/>
		<feat xlink:href="#sSpan186" value="ϥ"/>
		<feat xlink:href="#sSpan187" value="ϫⲡⲟ"/>
		<feat xlink:href="#sSpan188" value="ⲛ"/>
		<feat xlink:href="#sSpan190" value="ⲃⲟⲉⲥ"/>
		<feat xlink:href="#sSpan192" value="ⲉⲃⲟⲗ"/>
		<feat xlink:href="#sSpan195" value="ϩⲛ"/>
		<feat xlink:href="#sSpan197" value="ϩⲣⲁⲭⲁⲃ"/>
		<feat xlink:href="#sSpan199" value="."/>
		<feat xlink:href="#sSpan201" value="ⲃⲟⲉⲥ"/>
		<feat xlink:href="#sSpan204" value="ⲇⲉ"/>
		<feat xlink:href="#sSpan206" value="ⲁ"/>
		<feat xlink:href="#sSpan208" value="ϥ"/>
		<feat xlink:href="#sSpan209" value="ϫⲡⲟ"/>
		<feat xlink:href="#sSpan210" value="ⲛ"/>
		<feat xlink:href="#sSpan212" value="ⲓⲱⲃⲏⲇ"/>
		<feat xlink:href="#sSpan214" value="ⲉⲃⲟⲗ"/>
		<feat xlink:href="#sSpan217" value="ϩⲛ"/>
		<feat xlink:href="#sSpan219" value="ϩⲣⲟⲩⲑ"/>
		<feat xlink:href="#sSpan221" value="."/>
		<feat xlink:href="#sSpan223" value="ⲓⲱⲃⲏⲇ"/>
		<feat xlink:href="#sSpan226" value="ⲇⲉ"/>
		<feat xlink:href="#sSpan228" value="ⲁ"/>
		<feat xlink:href="#sSpan230" value="ϥ"/>
		<feat xlink:href="#sSpan231" value="ϫⲡⲟ"/>
		<feat xlink:href="#sSpan232" value="ⲛ"/>
		<feat xlink:href="#sSpan234" value="ⲓⲉⲥⲥⲁⲓ"/>
		<feat xlink:href="#sSpan236" value="."/>
		<feat xlink:href="#sSpan238" value="ⲓⲉⲥⲥⲁⲓ"/>
		<feat xlink:href="#sSpan242" value="ⲇⲉ"/>
		<feat xlink:href="#sSpan244" value="ⲁ"/>
		<feat xlink:href="#sSpan246" value="ϥ"/>
		<feat xlink:href="#sSpan247" value="ϫⲡⲟ"/>
		<feat xlink:href="#sSpan248" value="ⲛ"/>
		<feat xlink:href="#sSpan250" value="ⲇⲁⲩⲉⲓⲇ"/>
		<feat xlink:href="#sSpan252" value="ⲡ"/>
		<feat xlink:href="#sSpan254" value="ⲣⲣⲟ"/>
		<feat xlink:href="#sSpan255" value="."/>
		<feat xlink:href="#sSpan257" value="ⲇⲁⲩⲉⲓⲇ"/>
		<feat xlink:href="#sSpan260" value="ⲇⲉ"/>
		<feat xlink:href="#sSpan262" value="ⲁ"/>
		<feat xlink:href="#sSpan264" value="ϥ"/>
		<feat xlink:href="#sSpan265" value="ϫⲡⲟ"/>
		<feat xlink:href="#sSpan266" value="ⲛ"/>
		<feat xlink:href="#sSpan268" value="ⲥⲟⲗⲟⲙⲱⲛ"/>
		<feat xlink:href="#sSpan270" value="ⲉⲃⲟⲗ"/>
		<feat xlink:href="#sSpan273" value="ϩⲛ"/>
		<feat xlink:href="#sSpan275" value="ⲑ"/>
		<feat xlink:href="#sSpan277" value="ⲓⲙⲉ"/>
		<feat xlink:href="#sSpan278" value="ⲛ"/>
		<feat xlink:href="#sSpan280" value="ⲟⲩⲣⲓⲁⲥ"/>
		<feat xlink:href="#sSpan282" value="."/>
		<feat xlink:href="#sSpan284" value="ⲥⲟⲗⲟⲙⲱⲛ"/>
		<feat xlink:href="#sSpan288" value="ⲇⲉ"/>
		<feat xlink:href="#sSpan290" value="ⲁ"/>
		<feat xlink:href="#sSpan292" value="ϥ"/>
		<feat xlink:href="#sSpan293" value="ϫⲡⲟ"/>
		<feat xlink:href="#sSpan294" value="ⲛ"/>
		<feat xlink:href="#sSpan296" value="ϩⲣⲟⲃⲟⲁⲙ"/>
		<feat xlink:href="#sSpan298" value="ϩⲣⲟⲃⲟⲁⲙ"/>
		<feat xlink:href="#sSpan301" value="ⲇⲉ"/>
		<feat xlink:href="#sSpan303" value="ⲁ"/>
		<feat xlink:href="#sSpan305" value="ϥ"/>
		<feat xlink:href="#sSpan306" value="ϫⲡⲟ"/>
		<feat xlink:href="#sSpan307" value="ⲛ"/>
		<feat xlink:href="#sSpan309" value="ⲁⲃⲓⲁ"/>
		<feat xlink:href="#sSpan311" value="ⲁⲃⲓⲁⲥ"/>
		<feat xlink:href="#sSpan314" value="ⲇⲉ"/>
		<feat xlink:href="#sSpan316" value="ⲁ"/>
		<feat xlink:href="#sSpan318" value="ϥ"/>
		<feat xlink:href="#sSpan319" value="ϫⲡⲟ"/>
		<feat xlink:href="#sSpan320" value="ⲛ"/>
		<feat xlink:href="#sSpan322" value="ⲁⲥⲁⲫ"/>
		<feat xlink:href="#sSpan324" value="."/>
		<feat xlink:href="#sSpan326" value="ⲁⲥⲁⲫ"/>
		<feat xlink:href="#sSpan330" value="ⲇⲉ"/>
		<feat xlink:href="#sSpan332" value="ⲁ"/>
		<feat xlink:href="#sSpan334" value="ϥ"/>
		<feat xlink:href="#sSpan335" value="ϫⲡⲟ"/>
		<feat xlink:href="#sSpan336" value="ⲛ"/>
		<feat xlink:href="#sSpan338" value="ⲓⲱⲥⲁⲫⲁⲧ"/>
		<feat xlink:href="#sSpan340" value="ⲓⲱⲥⲁⲫⲁⲧ"/>
		<feat xlink:href="#sSpan343" value="ⲇⲉ"/>
		<feat xlink:href="#sSpan345" value="ⲁ"/>
		<feat xlink:href="#sSpan347" value="ϥ"/>
		<feat xlink:href="#sSpan348" value="ϫⲡⲟ"/>
		<feat xlink:href="#sSpan349" value="ⲛ"/>
		<feat xlink:href="#sSpan351" value="ⲓⲱⲣⲁⲙ"/>
		<feat xlink:href="#sSpan353" value="ⲓⲱⲣⲁⲙ"/>
		<feat xlink:href="#sSpan356" value="ⲇⲉ"/>
		<feat xlink:href="#sSpan358" value="ⲁ"/>
		<feat xlink:href="#sSpan360" value="ϥ"/>
		<feat xlink:href="#sSpan361" value="ϫⲡⲟ"/>
		<feat xlink:href="#sSpan362" value="ⲛ"/>
		<feat xlink:href="#sSpan364" value="ⲟⲍⲉⲓⲁⲥ"/>
		<feat xlink:href="#sSpan366" value="."/>
		<feat xlink:href="#sSpan368" value="ⲟⲍⲉⲓⲁⲥ"/>
		<feat xlink:href="#sSpan372" value="ⲇⲉ"/>
		<feat xlink:href="#sSpan374" value="ⲁ"/>
		<feat xlink:href="#sSpan376" value="ϥ"/>
		<feat xlink:href="#sSpan377" value="ϫⲡⲟ"/>
		<feat xlink:href="#sSpan378" value="ⲛ"/>
		<feat xlink:href="#sSpan380" value="ⲓⲱⲁⲑⲁⲙ"/>
		<feat xlink:href="#sSpan382" value="."/>
		<feat xlink:href="#sSpan384" value="ⲓⲱⲛⲁⲑⲁⲙ"/>
		<feat xlink:href="#sSpan387" value="ⲇⲉ"/>
		<feat xlink:href="#sSpan389" value="ⲁ"/>
		<feat xlink:href="#sSpan391" value="ϥ"/>
		<feat xlink:href="#sSpan392" value="ϫⲡⲟ"/>
		<feat xlink:href="#sSpan393" value="ⲛⲁⲭⲁⲍ"/>
		<feat xlink:href="#sSpan395" value="ⲁ"/>
		<feat xlink:href="#sSpan397" value="ⲭⲁⲍ"/>
		<feat xlink:href="#sSpan399" value="ⲇⲉ"/>
		<feat xlink:href="#sSpan401" value="ⲁ"/>
		<feat xlink:href="#sSpan403" value="ϥ"/>
		<feat xlink:href="#sSpan404" value="ϫⲡⲟ"/>
		<feat xlink:href="#sSpan405" value="ⲛ"/>
		<feat xlink:href="#sSpan407" value="ⲉⲍⲉⲕⲉⲓⲁⲥ"/>
		<feat xlink:href="#sSpan409" value="."/>
		<feat xlink:href="#sSpan411" value="ⲉⲍⲉⲕⲉⲓⲁⲥ"/>
		<feat xlink:href="#sSpan415" value="ⲇⲉ"/>
		<feat xlink:href="#sSpan417" value="ⲁ"/>
		<feat xlink:href="#sSpan419" value="ϥ"/>
		<feat xlink:href="#sSpan420" value="ϫⲡⲟ"/>
		<feat xlink:href="#sSpan421" value="ⲙ"/>
		<feat xlink:href="#sSpan423" value="ⲙⲁⲛⲁⲥⲥⲏ"/>
		<feat xlink:href="#sSpan426" value="ⲙⲁⲛⲁⲥⲥⲏ"/>
		<feat xlink:href="#sSpan428" value="ⲇⲉ"/>
		<feat xlink:href="#sSpan430" value="ⲁ"/>
		<feat xlink:href="#sSpan432" value="ϥ"/>
		<feat xlink:href="#sSpan433" value="ϫⲡⲟ"/>
		<feat xlink:href="#sSpan434" value="ⲛ"/>
		<feat xlink:href="#sSpan436" value="ϩⲁⲙⲱⲥ"/>
		<feat xlink:href="#sSpan438" value="."/>
		<feat xlink:href="#sSpan440" value="ϩⲁⲙⲱⲥ"/>
		<feat xlink:href="#sSpan443" value="ⲇⲉ"/>
		<feat xlink:href="#sSpan445" value="ⲁ"/>
		<feat xlink:href="#sSpan447" value="ϥ"/>
		<feat xlink:href="#sSpan448" value="ϫⲡⲟ"/>
		<feat xlink:href="#sSpan449" value="ⲛ"/>
		<feat xlink:href="#sSpan451" value="ⲓⲱⲥⲓⲁⲥ"/>
		<feat xlink:href="#sSpan453" value="."/>
		<feat xlink:href="#sSpan455" value="ⲓⲱⲥⲓⲁⲥ"/>
		<feat xlink:href="#sSpan459" value="ⲇⲉ"/>
		<feat xlink:href="#sSpan461" value="ⲁ"/>
		<feat xlink:href="#sSpan463" value="ϥ"/>
		<feat xlink:href="#sSpan464" value="ϫⲡⲟ"/>
		<feat xlink:href="#sSpan465" value="ⲛ"/>
		<feat xlink:href="#sSpan467" value="ⲓⲉⲭⲟⲛⲓⲁⲥ"/>
		<feat xlink:href="#sSpan469" value="ⲙⲛ"/>
		<feat xlink:href="#sSpan471" value="ⲛⲉϥ"/>
		<feat xlink:href="#sSpan473" value="ⲥⲛⲏⲩ"/>
		<feat xlink:href="#sSpan474" value="ϩⲓ"/>
		<feat xlink:href="#sSpan476" value="ⲡ"/>
		<feat xlink:href="#sSpan477" value="ⲡⲱⲱⲛⲉ"/>
		<feat xlink:href="#sSpan479" value="ⲉⲃⲟⲗ"/>
		<feat xlink:href="#sSpan481" value="ⲛ"/>
		<feat xlink:href="#sSpan483" value="ⲧ"/>
		<feat xlink:href="#sSpan485" value="ⲃⲁⲃⲩⲗⲱⲛ"/>
		<feat xlink:href="#sSpan486" value="."/>
		<feat xlink:href="#sSpan488" value="ⲙⲛⲛⲥⲁ"/>
		<feat xlink:href="#sSpan491" value="ⲡ"/>
		<feat xlink:href="#sSpan492" value="ⲡⲱⲱⲛⲉ"/>
		<feat xlink:href="#sSpan493" value="ⲇⲉ"/>
		<feat xlink:href="#sSpan495" value="ⲉⲃⲟⲗ"/>
		<feat xlink:href="#sSpan497" value="ⲛ"/>
		<feat xlink:href="#sSpan499" value="ⲧ"/>
		<feat xlink:href="#sSpan501" value="ⲃⲁⲃⲩⲗⲱⲛ"/>
		<feat xlink:href="#sSpan502" value="ⲓⲉⲭⲟⲛⲓⲁⲥ"/>
		<feat xlink:href="#sSpan505" value="ⲁ"/>
		<feat xlink:href="#sSpan507" value="ϥ"/>
		<feat xlink:href="#sSpan508" value="ϫⲡⲟ"/>
		<feat xlink:href="#sSpan509" value="ⲛ"/>
		<feat xlink:href="#sSpan511" value="ⲥⲁⲗⲁⲑⲓⲏⲗ"/>
		<feat xlink:href="#sSpan513" value="ⲥⲁⲗⲁⲑⲓⲏⲗ"/>
		<feat xlink:href="#sSpan516" value="ⲇⲉ"/>
		<feat xlink:href="#sSpan518" value="ⲁ"/>
		<feat xlink:href="#sSpan520" value="ϥ"/>
		<feat xlink:href="#sSpan521" value="ϫⲡⲟ"/>
		<feat xlink:href="#sSpan522" value="ⲛ"/>
		<feat xlink:href="#sSpan524" value="ⲍⲟⲣⲟⲃⲁⲃⲉⲗ"/>
		<feat xlink:href="#sSpan526" value="."/>
		<feat xlink:href="#sSpan528" value="ⲍⲟⲣⲟⲃⲁⲃⲉⲗ"/>
		<feat xlink:href="#sSpan532" value="ⲇⲉ"/>
		<feat xlink:href="#sSpan534" value="ⲁ"/>
		<feat xlink:href="#sSpan536" value="ϥ"/>
		<feat xlink:href="#sSpan537" value="ϫⲡⲟ"/>
		<feat xlink:href="#sSpan538" value="ⲛ"/>
		<feat xlink:href="#sSpan540" value="ⲁⲃⲓⲟⲩⲇ"/>
		<feat xlink:href="#sSpan542" value="ⲁⲃⲓⲟⲩⲇ"/>
		<feat xlink:href="#sSpan545" value="ⲇⲉ"/>
		<feat xlink:href="#sSpan547" value="ⲁ"/>
		<feat xlink:href="#sSpan549" value="ϥ"/>
		<feat xlink:href="#sSpan550" value="ϫⲡⲟ"/>
		<feat xlink:href="#sSpan551" value="ⲛ"/>
		<feat xlink:href="#sSpan553" value="ⲉⲗⲓⲁⲕⲓⲙ"/>
		<feat xlink:href="#sSpan555" value="."/>
		<feat xlink:href="#sSpan557" value="ⲉⲗⲓⲁⲕⲓⲙ"/>
		<feat xlink:href="#sSpan560" value="ⲇⲉ"/>
		<feat xlink:href="#sSpan562" value="ⲁ"/>
		<feat xlink:href="#sSpan564" value="ϥ"/>
		<feat xlink:href="#sSpan565" value="ϫⲡⲟ"/>
		<feat xlink:href="#sSpan566" value="ⲛ"/>
		<feat xlink:href="#sSpan568" value="ⲁⲍⲱⲣⲁ"/>
		<feat xlink:href="#sSpan570" value="."/>
		<feat xlink:href="#sSpan572" value="ⲁⲍⲱⲣⲁⲥ"/>
		<feat xlink:href="#sSpan576" value="ⲇⲉ"/>
		<feat xlink:href="#sSpan578" value="ⲁ"/>
		<feat xlink:href="#sSpan580" value="ϥ"/>
		<feat xlink:href="#sSpan581" value="ϫⲡⲟ"/>
		<feat xlink:href="#sSpan582" value="ⲛ"/>
		<feat xlink:href="#sSpan584" value="ⲥⲁⲇⲱⲕ"/>
		<feat xlink:href="#sSpan587" value="ⲥⲁⲇⲱⲕ"/>
		<feat xlink:href="#sSpan589" value="ⲇⲉ"/>
		<feat xlink:href="#sSpan591" value="ⲁ"/>
		<feat xlink:href="#sSpan593" value="ϥ"/>
		<feat xlink:href="#sSpan594" value="ϫⲡⲟ"/>
		<feat xlink:href="#sSpan595" value="ⲛ"/>
		<feat xlink:href="#sSpan597" value="ⲁⲭⲉⲓⲙ"/>
		<feat xlink:href="#sSpan599" value="ⲁⲭⲉⲓⲙ"/>
		<feat xlink:href="#sSpan602" value="ⲇⲉ"/>
		<feat xlink:href="#sSpan604" value="ⲁ"/>
		<feat xlink:href="#sSpan606" value="ϥ"/>
		<feat xlink:href="#sSpan607" value="ϫⲡⲟ"/>
		<feat xlink:href="#sSpan608" value="ⲛ"/>
		<feat xlink:href="#sSpan610" value="ⲉⲗⲓⲟⲩⲇ"/>
		<feat xlink:href="#sSpan612" value="."/>
		<feat xlink:href="#sSpan614" value="ⲉⲗⲓⲟⲩⲇ"/>
		<feat xlink:href="#sSpan618" value="ⲇⲉ"/>
		<feat xlink:href="#sSpan620" value="ⲁ"/>
		<feat xlink:href="#sSpan622" value="ϥ"/>
		<feat xlink:href="#sSpan623" value="ϫⲡⲟ"/>
		<feat xlink:href="#sSpan624" value="ⲛ"/>
		<feat xlink:href="#sSpan626" value="ⲉⲗⲉⲁⲍⲁⲣ"/>
		<feat xlink:href="#sSpan629" value="ⲉⲗⲉⲁⲍⲁⲣ"/>
		<feat xlink:href="#sSpan631" value="ⲇⲉ"/>
		<feat xlink:href="#sSpan633" value="ⲁ"/>
		<feat xlink:href="#sSpan635" value="ϥ"/>
		<feat xlink:href="#sSpan636" value="ϫⲡⲟ"/>
		<feat xlink:href="#sSpan637" value="ⲙ"/>
		<feat xlink:href="#sSpan639" value="ⲙⲁⲧⲑⲁⲙ"/>
		<feat xlink:href="#sSpan642" value="ⲙⲁⲧⲑⲁⲙ"/>
		<feat xlink:href="#sSpan644" value="ⲇⲉ"/>
		<feat xlink:href="#sSpan646" value="ⲁ"/>
		<feat xlink:href="#sSpan648" value="ϥ"/>
		<feat xlink:href="#sSpan649" value="ϫⲡⲟ"/>
		<feat xlink:href="#sSpan650" value="ⲛ"/>
		<feat xlink:href="#sSpan652" value="ⲓⲁⲕⲱⲃ"/>
		<feat xlink:href="#sSpan654" value="."/>
		<feat xlink:href="#sSpan656" value="ⲓⲁⲕⲱⲃ"/>
		<feat xlink:href="#sSpan660" value="ⲇⲉ"/>
		<feat xlink:href="#sSpan662" value="ⲁ"/>
		<feat xlink:href="#sSpan664" value="ϥ"/>
		<feat xlink:href="#sSpan665" value="ϫⲡⲟ"/>
		<feat xlink:href="#sSpan666" value="ⲛ"/>
		<feat xlink:href="#sSpan668" value="ⲓⲱⲥⲏⲫ"/>
		<feat xlink:href="#sSpan670" value="ⲡ"/>
		<feat xlink:href="#sSpan672" value="ϩⲁⲓ"/>
		<feat xlink:href="#sSpan673" value="ⲙ"/>
		<feat xlink:href="#sSpan675" value="ⲙⲁⲣⲓⲁ"/>
		<feat xlink:href="#sSpan677" value="."/>
		<feat xlink:href="#sSpan679" value="ⲧⲁⲓ"/>
		<feat xlink:href="#sSpan681" value="ⲛⲧ"/>
		<feat xlink:href="#sSpan683" value="ⲁ"/>
		<feat xlink:href="#sSpan684" value="ⲩ"/>
		<feat xlink:href="#sSpan685" value="ϫⲡⲉ"/>
		<feat xlink:href="#sSpan686" value="ⲓⲏⲥⲟⲩⲥ"/>
		<feat xlink:href="#sSpan689" value="ⲉⲃⲟⲗ"/>
		<feat xlink:href="#sSpan692" value="ⲛϩⲏⲧ"/>
		<feat xlink:href="#sSpan694" value="ⲥ"/>
		<feat xlink:href="#sSpan695" value="."/>
		<feat xlink:href="#sSpan697" value="ⲡⲁⲓ"/>
		<feat xlink:href="#sSpan700" value="ⲛ"/>
		<feat xlink:href="#sSpan702" value="ϣⲁ"/>
		<feat xlink:href="#sSpan703" value="ⲩ"/>
		<feat xlink:href="#sSpan704" value="ⲙⲟⲩⲧⲉ"/>
		<feat xlink:href="#sSpan705" value="ⲉⲣⲟ"/>
		<feat xlink:href="#sSpan707" value="ϥ"/>
		<feat xlink:href="#sSpan708" value="ϫⲉ"/>
		<feat xlink:href="#sSpan710" value="ⲡⲉ"/>
		<feat xlink:href="#sSpan712" value="ⲭⲣⲓⲥⲧⲟⲥ"/>
		<feat xlink:href="#sSpan713" value="."/>
		<feat xlink:href="#sSpan715" value="ⲅⲉⲛⲉⲁ"/>
		<feat xlink:href="#sSpan719" value="ϭⲉ"/>
		<feat xlink:href="#sSpan721" value="ⲛⲓⲙ"/>
		<feat xlink:href="#sSpan723" value="ϫⲓⲛ"/>
		<feat xlink:href="#sSpan725" value="ⲁⲃⲣⲁϩⲁⲙ"/>
		<feat xlink:href="#sSpan727" value="ϣⲁ"/>
		<feat xlink:href="#sSpan729" value="ⲉϩⲣⲁⲓ"/>
		<feat xlink:href="#sSpan730" value="ⲉ"/>
		<feat xlink:href="#sSpan732" value="ⲇⲁⲩⲉⲓⲇ"/>
		<feat xlink:href="#sSpan734" value="ⲙⲛ"/>
		<feat xlink:href="#sSpan736" value="ⲧⲁ"/>
		<feat xlink:href="#sSpan738" value="ϥⲧⲉ"/>
		<feat xlink:href="#sSpan739" value="ⲛ"/>
		<feat xlink:href="#sSpan741" value="ⲅⲉⲛⲉⲁ"/>
		<feat xlink:href="#sSpan743" value="."/>
		<feat xlink:href="#sSpan745" value="ⲁⲩⲱ"/>
		<feat xlink:href="#sSpan747" value="ϫⲓⲛ"/>
		<feat xlink:href="#sSpan749" value="ⲇⲁⲩⲉⲓⲇ"/>
		<feat xlink:href="#sSpan751" value="ϣⲁ"/>
		<feat xlink:href="#sSpan753" value="ⲉϩⲣⲁⲓ"/>
		<feat xlink:href="#sSpan754" value="ⲉ"/>
		<feat xlink:href="#sSpan756" value="ⲡ"/>
		<feat xlink:href="#sSpan757" value="ⲡⲱⲱⲛⲉ"/>
		<feat xlink:href="#sSpan759" value="ⲉⲃⲟⲗ"/>
		<feat xlink:href="#sSpan761" value="ⲛ"/>
		<feat xlink:href="#sSpan763" value="ⲧ"/>
		<feat xlink:href="#sSpan765" value="ⲃⲁⲃⲩⲗⲱⲛ"/>
		<feat xlink:href="#sSpan766" value="ⲙⲛ"/>
		<feat xlink:href="#sSpan768" value="ⲧⲁ"/>
		<feat xlink:href="#sSpan770" value="ϥⲧⲉ"/>
		<feat xlink:href="#sSpan771" value="ⲛ"/>
		<feat xlink:href="#sSpan773" value="ⲅⲉⲛⲉⲁ"/>
		<feat xlink:href="#sSpan775" value="."/>
		<feat xlink:href="#sSpan777" value="ⲁⲩⲱ"/>
		<feat xlink:href="#sSpan779" value="ϫⲓⲛ"/>
		<feat xlink:href="#sSpan781" value="ⲉ"/>
		<feat xlink:href="#sSpan782" value="ⲡ"/>
		<feat xlink:href="#sSpan783" value="ⲡⲱⲱⲛⲉ"/>
		<feat xlink:href="#sSpan785" value="ⲉⲃⲟⲗ"/>
		<feat xlink:href="#sSpan787" value="ⲛ"/>
		<feat xlink:href="#sSpan789" value="ⲧ"/>
		<feat xlink:href="#sSpan791" value="ⲃⲁⲃⲩⲗⲱⲛ"/>
		<feat xlink:href="#sSpan792" value="ϣⲁ"/>
		<feat xlink:href="#sSpan794" value="ⲉϩⲣⲁⲓ"/>
		<feat xlink:href="#sSpan795" value="ⲉ"/>
		<feat xlink:href="#sSpan797" value="ⲡⲉ"/>
		<feat xlink:href="#sSpan799" value="ⲭⲣⲓⲥⲧⲟⲥ"/>
		<feat xlink:href="#sSpan800" value="ⲙⲛⲧⲁ"/>
		<feat xlink:href="#sSpan802" value="ϥⲧⲉ"/>
		<feat xlink:href="#sSpan804" value="ⲛ"/>
		<feat xlink:href="#sSpan806" value="ⲅⲉⲛⲉⲁ"/>
		<feat xlink:href="#sSpan808" value="."/>
		<feat xlink:href="#sSpan810" value="ⲡⲉ"/>
		<feat xlink:href="#sSpan814" value="ϫⲡⲟ"/>
		<feat xlink:href="#sSpan815" value="ⲇⲉ"/>
		<feat xlink:href="#sSpan817" value="ⲛ"/>
		<feat xlink:href="#sSpan819" value="ⲓⲏⲥⲟⲩⲥ"/>
		<feat xlink:href="#sSpan821" value="ⲡⲉ"/>
		<feat xlink:href="#sSpan823" value="ⲭⲣⲓⲥⲧⲟⲥ"/>
		<feat xlink:href="#sSpan824" value="ⲛⲉ"/>
		<feat xlink:href="#sSpan826" value="ⲩ"/>
		<feat xlink:href="#sSpan827" value="ⲧⲉⲓϩⲉ"/>
		<feat xlink:href="#sSpan828" value="ⲡⲉ"/>
		<feat xlink:href="#sSpan830" value="ⲛⲧⲉⲣ"/>
		<feat xlink:href="#sSpan832" value="ⲟⲩ"/>
		<feat xlink:href="#sSpan833" value="ϣⲡ"/>
		<feat xlink:href="#sSpan834" value="ⲧⲟⲟⲧ"/>
		<feat xlink:href="#sSpan837" value="ⲥ"/>
		<feat xlink:href="#sSpan838" value="ⲛ"/>
		<feat xlink:href="#sSpan840" value="ⲧⲉϥ"/>
		<feat xlink:href="#sSpan842" value="ⲙⲁⲁⲩ"/>
		<feat xlink:href="#sSpan843" value="ⲙⲁⲣⲓⲁ"/>
		<feat xlink:href="#sSpan846" value="ⲛ"/>
		<feat xlink:href="#sSpan848" value="ⲓⲱⲥⲏⲫ"/>
		<feat xlink:href="#sSpan850" value="ⲉ"/>
		<feat xlink:href="#sSpan852" value="ⲙⲡⲁⲧ"/>
		<feat xlink:href="#sSpan853" value="ⲟⲩ"/>
		<feat xlink:href="#sSpan854" value="ⲃⲱⲕ"/>
		<feat xlink:href="#sSpan856" value="ⲉϩⲟⲩⲛ"/>
		<feat xlink:href="#sSpan858" value="ϣⲁ"/>
		<feat xlink:href="#sSpan860" value="ⲛⲉⲩ"/>
		<feat xlink:href="#sSpan861" value="ⲉⲣⲏⲩ"/>
		<feat xlink:href="#sSpan862" value="ⲁ"/>
		<feat xlink:href="#sSpan864" value="ⲩ"/>
		<feat xlink:href="#sSpan865" value="ϩⲉ"/>
		<feat xlink:href="#sSpan867" value="ⲉⲣⲟ"/>
		<feat xlink:href="#sSpan869" value="ⲥ"/>
		<feat xlink:href="#sSpan870" value="ⲉ"/>
		<feat xlink:href="#sSpan872" value="ⲥ"/>
		<feat xlink:href="#sSpan873" value="ⲉⲉⲧ"/>
		<feat xlink:href="#sSpan874" value="ⲉⲃⲟⲗ"/>
		<feat xlink:href="#sSpan877" value="ϩⲛ"/>
		<feat xlink:href="#sSpan879" value="ⲟⲩ"/>
		<feat xlink:href="#sSpan881" value="ⲡⲛⲁ"/>
		<feat xlink:href="#sSpan882" value="ⲉ"/>
		<feat xlink:href="#sSpan884" value="ϥ"/>
		<feat xlink:href="#sSpan885" value="ⲟⲩⲁⲁⲃ"/>
		<feat xlink:href="#sSpan886" value="."/>
		<feat xlink:href="#sSpan888" value="ⲓⲱⲥⲏⲫ"/>
		<feat xlink:href="#sSpan892" value="ⲇⲉ"/>
		<feat xlink:href="#sSpan894" value="ⲡⲉ"/>
		<feat xlink:href="#sSpan896" value="ⲥϩⲁⲓ"/>
		<feat xlink:href="#sSpan897" value="ⲉ"/>
		<feat xlink:href="#sSpan899" value="ⲛⲉⲩ"/>
		<feat xlink:href="#sSpan900" value="ⲇⲓⲕⲁⲓⲟⲥ"/>
		<feat xlink:href="#sSpan901" value="ⲡⲉ"/>
		<feat xlink:href="#sSpan903" value="."/>
		<feat xlink:href="#sSpan905" value="ⲁⲩⲱ"/>
		<feat xlink:href="#sSpan907" value="ⲛⲉ"/>
		<feat xlink:href="#sSpan909" value="ϥ"/>
		<feat xlink:href="#sSpan910" value="ⲟⲩⲱϣ"/>
		<feat xlink:href="#sSpan911" value="ⲁⲛ"/>
		<feat xlink:href="#sSpan913" value="ⲉ"/>
		<feat xlink:href="#sSpan915" value="ϯ"/>
		<feat xlink:href="#sSpan916" value="ⲙ"/>
		<feat xlink:href="#sSpan918" value="ⲡⲉⲥ"/>
		<feat xlink:href="#sSpan920" value="ⲥⲟⲉⲓⲧ"/>
		<feat xlink:href="#sSpan921" value="ⲁ"/>
		<feat xlink:href="#sSpan923" value="ϥ"/>
		<feat xlink:href="#sSpan924" value="ⲟⲩⲱϣ"/>
		<feat xlink:href="#sSpan925" value="ⲉ"/>
		<feat xlink:href="#sSpan927" value="ⲛⲟϫ"/>
		<feat xlink:href="#sSpan928" value="ⲥ"/>
		<feat xlink:href="#sSpan929" value="ⲉⲃⲟⲗ"/>
		<feat xlink:href="#sSpan931" value="ⲛ"/>
		<feat xlink:href="#sSpan933" value="ϫⲓⲟⲩⲉ"/>
		<feat xlink:href="#sSpan935" value="."/>
		<feat xlink:href="#sSpan937" value="ⲛⲁⲓ"/>
		<feat xlink:href="#sSpan941" value="ⲇⲉ"/>
		<feat xlink:href="#sSpan943" value="ⲛⲧⲉⲣⲉ"/>
		<feat xlink:href="#sSpan945" value="ϥ"/>
		<feat xlink:href="#sSpan946" value="ⲙⲉⲉⲩⲉ"/>
		<feat xlink:href="#sSpan947" value="ⲉⲣⲟ"/>
		<feat xlink:href="#sSpan949" value="ⲟⲩ"/>
		<feat xlink:href="#sSpan950" value="ⲉⲓⲥ"/>
		<feat xlink:href="#sSpan952" value="ⲡ"/>
		<feat xlink:href="#sSpan955" value="ⲁⲅⲅⲉⲗⲟⲥ"/>
		<feat xlink:href="#sSpan956" value="ⲙ"/>
		<feat xlink:href="#sSpan958" value="ⲡ"/>
		<feat xlink:href="#sSpan960" value="ϫⲟⲉⲓⲥ"/>
		<feat xlink:href="#sSpan961" value="ⲁ"/>
		<feat xlink:href="#sSpan963" value="ϥ"/>
		<feat xlink:href="#sSpan964" value="ⲟⲩⲱⲛϩ"/>
		<feat xlink:href="#sSpan965" value="ⲛⲁ"/>
		<feat xlink:href="#sSpan967" value="ϥ"/>
		<feat xlink:href="#sSpan968" value="ⲉⲃⲟⲗ"/>
		<feat xlink:href="#sSpan971" value="ϩⲛ"/>
		<feat xlink:href="#sSpan973" value="ⲟⲩ"/>
		<feat xlink:href="#sSpan975" value="ⲣⲁⲥⲟⲩ"/>
		<feat xlink:href="#sSpan976" value="ⲉ"/>
		<feat xlink:href="#sSpan978" value="ϥ"/>
		<feat xlink:href="#sSpan979" value="ϫⲱ"/>
		<feat xlink:href="#sSpan980" value="ⲙⲙⲟ"/>
		<feat xlink:href="#sSpan982" value="ⲥ"/>
		<feat xlink:href="#sSpan983" value="ϫⲉ"/>
		<feat xlink:href="#sSpan985" value="ⲓⲱⲥⲏⲫ"/>
		<feat xlink:href="#sSpan987" value="ⲡ"/>
		<feat xlink:href="#sSpan989" value="ϣⲏⲣⲉ"/>
		<feat xlink:href="#sSpan990" value="ⲛ"/>
		<feat xlink:href="#sSpan992" value="ⲇⲁⲩⲉⲓⲇ"/>
		<feat xlink:href="#sSpan994" value="ⲙ"/>
		<feat xlink:href="#sSpan996" value="ⲡ"/>
		<feat xlink:href="#sSpan998" value="ⲣⲣⲟ"/>
		<feat xlink:href="#sSpan999" value="ϩⲟⲧⲉ"/>
		<feat xlink:href="#sSpan1001" value="ⲉ"/>
		<feat xlink:href="#sSpan1003" value="ϫⲓ"/>
		<feat xlink:href="#sSpan1004" value="ⲙ"/>
		<feat xlink:href="#sSpan1006" value="ⲙⲁⲣⲓⲁ"/>
		<feat xlink:href="#sSpan1008" value="ⲧⲉⲕ"/>
		<feat xlink:href="#sSpan1011" value="ⲥϩⲓⲙⲉ"/>
		<feat xlink:href="#sSpan1012" value="."/>
		<feat xlink:href="#sSpan1014" value="ⲡ"/>
		<feat xlink:href="#sSpan1017" value="ⲉⲧ"/>
		<feat xlink:href="#sSpan1018" value="ⲟⲩ"/>
		<feat xlink:href="#sSpan1019" value="ⲛⲁ"/>
		<feat xlink:href="#sSpan1020" value="ϫⲡⲟ"/>
		<feat xlink:href="#sSpan1021" value="ϥ"/>
		<feat xlink:href="#sSpan1022" value="ⲅⲁⲣ"/>
		<feat xlink:href="#sSpan1024" value="ⲉⲃⲟⲗ"/>
		<feat xlink:href="#sSpan1027" value="ⲛϩⲏⲧ"/>
		<feat xlink:href="#sSpan1029" value="ⲥ"/>
		<feat xlink:href="#sSpan1030" value="ⲟⲩ"/>
		<feat xlink:href="#sSpan1032" value="ⲉⲃⲟⲗ"/>
		<feat xlink:href="#sSpan1034" value="ϩⲛ"/>
		<feat xlink:href="#sSpan1036" value="ⲟⲩ"/>
		<feat xlink:href="#sSpan1038" value="ⲡⲛⲉⲩⲙⲁ"/>
		<feat xlink:href="#sSpan1039" value="ⲉ"/>
		<feat xlink:href="#sSpan1041" value="ϥ"/>
		<feat xlink:href="#sSpan1042" value="ⲟⲩⲁⲁⲃ"/>
		<feat xlink:href="#sSpan1043" value="ⲡⲉ"/>
		<feat xlink:href="#sSpan1045" value="."/>
		<feat xlink:href="#sSpan1047" value="ⲥ"/>
		<feat xlink:href="#sSpan1050" value="ⲛⲁ"/>
		<feat xlink:href="#sSpan1051" value="ϫⲡⲟ"/>
		<feat xlink:href="#sSpan1052" value="ⲇⲉ"/>
		<feat xlink:href="#sSpan1054" value="ⲛ"/>
		<feat xlink:href="#sSpan1056" value="ⲟⲩ"/>
		<feat xlink:href="#sSpan1058" value="ϣⲏⲣⲉ"/>
		<feat xlink:href="#sSpan1059" value="."/>
		<feat xlink:href="#sSpan1061" value="ⲛ"/>
		<feat xlink:href="#sSpan1063" value="ⲅ"/>
		<feat xlink:href="#sSpan1064" value="ⲙⲟⲩⲧⲉ"/>
		<feat xlink:href="#sSpan1065" value="ⲉ"/>
		<feat xlink:href="#sSpan1067" value="ⲡⲉϥ"/>
		<feat xlink:href="#sSpan1069" value="ⲣⲁⲛ"/>
		<feat xlink:href="#sSpan1070" value="ϫⲉ"/>
		<feat xlink:href="#sSpan1072" value="ⲓⲏⲥⲟⲩⲥ"/>
		<feat xlink:href="#sSpan1074" value="."/>
		<feat xlink:href="#sSpan1076" value="ⲛⲧⲟϥ"/>
		<feat xlink:href="#sSpan1078" value="ⲅⲁⲣ"/>
		<feat xlink:href="#sSpan1080" value="ⲡ"/>
		<feat xlink:href="#sSpan1082" value="ⲉⲧ"/>
		<feat xlink:href="#sSpan1083" value="ⲛⲁ"/>
		<feat xlink:href="#sSpan1084" value="ⲧⲟⲩϫⲟ"/>
		<feat xlink:href="#sSpan1085" value="ⲙ"/>
		<feat xlink:href="#sSpan1087" value="ⲡⲉϥ"/>
		<feat xlink:href="#sSpan1089" value="ⲗⲁⲟⲥ"/>
		<feat xlink:href="#sSpan1090" value="ⲉⲃⲟⲗ"/>
		<feat xlink:href="#sSpan1093" value="ϩⲛ"/>
		<feat xlink:href="#sSpan1095" value="ⲛⲉⲩ"/>
		<feat xlink:href="#sSpan1097" value="ⲛⲟⲃⲉ"/>
		<feat xlink:href="#sSpan1098" value="."/>
		<feat xlink:href="#sSpan1100" value="ⲡⲁⲓ"/>
		<feat xlink:href="#sSpan1104" value="ⲇⲉ"/>
		<feat xlink:href="#sSpan1106" value="ⲧⲏⲣ"/>
		<feat xlink:href="#sSpan1108" value="ϥ"/>
		<feat xlink:href="#sSpan1109" value="ⲛⲧ"/>
		<feat xlink:href="#sSpan1111" value="ⲁ"/>
		<feat xlink:href="#sSpan1112" value="ϥ"/>
		<feat xlink:href="#sSpan1113" value="ϣⲱⲡⲉ"/>
		<feat xlink:href="#sSpan1114" value="ϫⲉⲕⲁⲁⲥ"/>
		<feat xlink:href="#sSpan1116" value="ⲉϥⲉ"/>
		<feat xlink:href="#sSpan1118" value="ϫⲱⲕ"/>
		<feat xlink:href="#sSpan1119" value="ⲉⲃⲟⲗ"/>
		<feat xlink:href="#sSpan1121" value="ⲛϭⲓ"/>
		<feat xlink:href="#sSpan1123" value="ⲡ"/>
		<feat xlink:href="#sSpan1125" value="ⲉⲛⲧ"/>
		<feat xlink:href="#sSpan1126" value="ⲁ"/>
		<feat xlink:href="#sSpan1127" value="ⲡ"/>
		<feat xlink:href="#sSpan1129" value="ϫⲟⲉⲓⲥ"/>
		<feat xlink:href="#sSpan1130" value="ϫⲟⲟ"/>
		<feat xlink:href="#sSpan1132" value="ϥ"/>
		<feat xlink:href="#sSpan1133" value="ϩⲓⲧⲙ"/>
		<feat xlink:href="#sSpan1135" value="ⲡⲉ"/>
		<feat xlink:href="#sSpan1137" value="ⲡⲣⲟⲫⲏⲧⲏⲥ"/>
		<feat xlink:href="#sSpan1138" value="ⲉ"/>
		<feat xlink:href="#sSpan1140" value="ϥ"/>
		<feat xlink:href="#sSpan1141" value="ϫⲱ"/>
		<feat xlink:href="#sSpan1142" value="ⲙⲙⲟ"/>
		<feat xlink:href="#sSpan1144" value="ⲥ"/>
		<feat xlink:href="#sSpan1145" value="."/>
		<feat xlink:href="#sSpan1147" value="ϫⲉ"/>
		<feat xlink:href="#sSpan1150" value="ⲉⲓⲥ"/>
		<feat xlink:href="#sSpan1151" value="ⲧ"/>
		<feat xlink:href="#sSpan1153" value="ⲡⲁⲣⲑⲉⲛⲟⲥ"/>
		<feat xlink:href="#sSpan1154" value="ⲛⲁ"/>
		<feat xlink:href="#sSpan1156" value="ⲱ"/>
		<feat xlink:href="#sSpan1157" value="ⲛ"/>
		<feat xlink:href="#sSpan1159" value="ⲥ"/>
		<feat xlink:href="#sSpan1160" value="ϫⲡⲟ"/>
		<feat xlink:href="#sSpan1161" value="ⲛ"/>
		<feat xlink:href="#sSpan1163" value="ⲟⲩ"/>
		<feat xlink:href="#sSpan1165" value="ϣⲏⲣⲉ"/>
		<feat xlink:href="#sSpan1166" value="ⲛ"/>
		<feat xlink:href="#sSpan1168" value="ⲥⲉ"/>
		<feat xlink:href="#sSpan1169" value="ⲙⲟⲩⲧⲉ"/>
		<feat xlink:href="#sSpan1170" value="ⲉ"/>
		<feat xlink:href="#sSpan1172" value="ⲡⲉϥ"/>
		<feat xlink:href="#sSpan1174" value="ⲣⲁⲛ"/>
		<feat xlink:href="#sSpan1175" value="ϫⲉ"/>
		<feat xlink:href="#sSpan1177" value="ⲉⲙⲙⲁⲛⲟⲩⲏⲗ"/>
		<feat xlink:href="#sSpan1178" value="ⲉⲧⲉ"/>
		<feat xlink:href="#sSpan1180" value="ⲡⲁⲓ"/>
		<feat xlink:href="#sSpan1182" value="ⲡⲉ"/>
		<feat xlink:href="#sSpan1184" value="ⲛ"/>
		<feat xlink:href="#sSpan1186" value="ϣⲁ"/>
		<feat xlink:href="#sSpan1187" value="ⲩ"/>
		<feat xlink:href="#sSpan1188" value="ⲟⲩⲁϩⲙⲉ"/>
		<feat xlink:href="#sSpan1189" value="ϥ"/>
		<feat xlink:href="#sSpan1190" value="ϫⲉ"/>
		<feat xlink:href="#sSpan1192" value="ⲡ"/>
		<feat xlink:href="#sSpan1194" value="ⲛⲟⲩⲧⲉ"/>
		<feat xlink:href="#sSpan1195" value="ⲛⲙⲙⲁ"/>
		<feat xlink:href="#sSpan1197" value="ⲛ"/>
		<feat xlink:href="#sSpan1198" value="."/>
		<feat xlink:href="#sSpan1200" value="ⲁ"/>
		<feat xlink:href="#sSpan1203" value="ϥ"/>
		<feat xlink:href="#sSpan1204" value="ⲧⲱⲟⲩⲛ"/>
		<feat xlink:href="#sSpan1205" value="ⲇⲉ"/>
		<feat xlink:href="#sSpan1207" value="ⲛϭⲓ"/>
		<feat xlink:href="#sSpan1209" value="ⲓⲱⲥⲏⲫ"/>
		<feat xlink:href="#sSpan1211" value="ⲉ"/>
		<feat xlink:href="#sSpan1213" value="ϥ"/>
		<feat xlink:href="#sSpan1214" value="ⲛⲕⲟⲧⲕ"/>
		<feat xlink:href="#sSpan1215" value="ⲁ"/>
		<feat xlink:href="#sSpan1217" value="ϥ"/>
		<feat xlink:href="#sSpan1218" value="ⲉⲓⲣⲉ"/>
		<feat xlink:href="#sSpan1219" value="ⲕⲁⲧⲁ"/>
		<feat xlink:href="#sSpan1221" value="ⲧ"/>
		<feat xlink:href="#sSpan1222" value="ϩⲉ"/>
		<feat xlink:href="#sSpan1223" value="ⲛⲧ"/>
		<feat xlink:href="#sSpan1225" value="ⲁ"/>
		<feat xlink:href="#sSpan1226" value="ϥ"/>
		<feat xlink:href="#sSpan1227" value="ϩⲱⲛ"/>
		<feat xlink:href="#sSpan1228" value="ⲉⲧⲟⲟⲧ"/>
		<feat xlink:href="#sSpan1230" value="ϥ"/>
		<feat xlink:href="#sSpan1231" value="ⲛϭⲓ"/>
		<feat xlink:href="#sSpan1233" value="ⲡ"/>
		<feat xlink:href="#sSpan1235" value="ⲁⲅⲅⲉⲗⲟⲥ"/>
		<feat xlink:href="#sSpan1236" value="ⲙ"/>
		<feat xlink:href="#sSpan1238" value="ⲡ"/>
		<feat xlink:href="#sSpan1240" value="ϫⲟⲉⲓⲥ"/>
		<feat xlink:href="#sSpan1241" value="."/>
		<feat xlink:href="#sSpan1243" value="ⲁ"/>
		<feat xlink:href="#sSpan1245" value="ϥ"/>
		<feat xlink:href="#sSpan1246" value="ϫⲓ"/>
		<feat xlink:href="#sSpan1247" value="ⲙ"/>
		<feat xlink:href="#sSpan1249" value="ⲙⲁⲣⲓⲁ"/>
		<feat xlink:href="#sSpan1251" value="ⲧⲉϥ"/>
		<feat xlink:href="#sSpan1254" value="ⲥϩⲓⲙⲉ"/>
		<feat xlink:href="#sSpan1255" value="."/>
		<feat xlink:href="#sSpan1257" value="ⲙⲡⲉ"/>
		<feat xlink:href="#sSpan1260" value="ϥ"/>
		<feat xlink:href="#sSpan1261" value="ⲥⲟⲩⲱⲛ"/>
		<feat xlink:href="#sSpan1262" value="ⲥ"/>
		<feat xlink:href="#sSpan1263" value="ϣⲁⲛⲧⲉ"/>
		<feat xlink:href="#sSpan1265" value="ⲥ"/>
		<feat xlink:href="#sSpan1266" value="ϫⲡⲟ"/>
		<feat xlink:href="#sSpan1267" value="ⲙ"/>
		<feat xlink:href="#sSpan1269" value="ⲡⲉⲥ"/>
		<feat xlink:href="#sSpan1271" value="ϣⲏⲣⲉ"/>
		<feat xlink:href="#sSpan1272" value="."/>
		<feat xlink:href="#sSpan1274" value="ⲁ"/>
		<feat xlink:href="#sSpan1276" value="ϥ"/>
		<feat xlink:href="#sSpan1277" value="ⲙⲟⲩⲧⲉ"/>
		<feat xlink:href="#sSpan1278" value="ⲉ"/>
		<feat xlink:href="#sSpan1280" value="ⲡⲉϥ"/>
		<feat xlink:href="#sSpan1282" value="ⲣⲁⲛ"/>
		<feat xlink:href="#sSpan1283" value="ϫⲉ"/>
		<feat xlink:href="#sSpan1285" value="ⲓⲏⲥⲟⲩⲥ"/>
		<feat xlink:href="#sSpan1287" value="."/></featList></paula>