<?xml version='1.0' encoding='UTF-8'?><!DOCTYPE paula SYSTEM "paula_feat.dtd">
<paula version="1.1">
	<header paula_id="scriptorium.40_Matthew_01.mark_norm_group"/>
	<featList xmlns:xlink="http://www.w3.org/1999/xlink" type="norm_group" xml:base="scriptorium.40_Matthew_01.mark.xml">
		<feat xlink:href="#sSpan2" value="ⲡϫⲱⲱⲙⲉ"/>
		<feat xlink:href="#sSpan7" value="ⲙⲡⲉϫⲡⲟ"/>
		<feat xlink:href="#sSpan12" value="ⲛⲓⲏⲥⲟⲩⲥ"/>
		<feat xlink:href="#sSpan16" value="ⲡⲉⲭⲣⲓⲥⲧⲟⲥ"/>
		<feat xlink:href="#sSpan19" value="ⲡϣⲏⲣⲉ"/>
		<feat xlink:href="#sSpan22" value="ⲛⲇⲁⲩⲉⲓⲇ"/>
		<feat xlink:href="#sSpan26" value="ⲡϣⲏⲣⲉ"/>
		<feat xlink:href="#sSpan29" value="ⲛⲁⲃⲣⲁϩⲁⲙ"/>
		<feat xlink:href="#sSpan33" value="."/>
		<feat xlink:href="#sSpan36" value="ⲁⲃⲣⲁϩⲁⲙ"/>
		<feat xlink:href="#sSpan39" value="ⲁϥϫⲡⲟ"/>
		<feat xlink:href="#sSpan43" value="ⲛⲓⲥⲁⲁⲕ"/>
		<feat xlink:href="#sSpan48" value="ⲓⲥⲁⲁⲕ"/>
		<feat xlink:href="#sSpan50" value="ⲇⲉ"/>
		<feat xlink:href="#sSpan52" value="ⲁϥϫⲡⲟ"/>
		<feat xlink:href="#sSpan56" value="ⲛⲓⲁⲕⲱⲃ"/>
		<feat xlink:href="#sSpan61" value="ⲓⲁⲕⲱⲃ"/>
		<feat xlink:href="#sSpan63" value="ⲇⲉ"/>
		<feat xlink:href="#sSpan65" value="ⲁϥϫⲡⲟ"/>
		<feat xlink:href="#sSpan69" value="ⲛⲓⲟⲩⲇⲁⲥ"/>
		<feat xlink:href="#sSpan73" value="ⲙⲛⲛⲉϥⲥⲛⲏⲩ"/>
		<feat xlink:href="#sSpan78" value="."/>
		<feat xlink:href="#sSpan81" value="ⲓⲟⲩⲇⲁⲥ"/>
		<feat xlink:href="#sSpan84" value="ⲇⲉ"/>
		<feat xlink:href="#sSpan86" value="ⲁϥϫⲡⲟ"/>
		<feat xlink:href="#sSpan90" value="ⲙⲫⲁⲣⲉⲥ"/>
		<feat xlink:href="#sSpan94" value="ⲙⲛⲍⲁⲣⲁ"/>
		<feat xlink:href="#sSpan98" value="ⲉⲃⲟⲗ"/>
		<feat xlink:href="#sSpan101" value="ϩⲛⲑⲁⲙⲁⲣ"/>
		<feat xlink:href="#sSpan106" value="ⲫⲁⲣⲉⲥ"/>
		<feat xlink:href="#sSpan108" value="ⲇⲉ"/>
		<feat xlink:href="#sSpan110" value="ⲁϥϫⲡⲟ"/>
		<feat xlink:href="#sSpan114" value="ⲛⲉⲥⲣⲱⲙ"/>
		<feat xlink:href="#sSpan118" value="."/>
		<feat xlink:href="#sSpan121" value="ⲉⲥⲣⲱⲙ"/>
		<feat xlink:href="#sSpan123" value="ⲇⲉ"/>
		<feat xlink:href="#sSpan125" value="ⲁϥϫⲡⲟ"/>
		<feat xlink:href="#sSpan129" value="ⲛⲁⲣⲁⲙ"/>
		<feat xlink:href="#sSpan133" value="."/>
		<feat xlink:href="#sSpan136" value="ⲁⲣⲁⲙ"/>
		<feat xlink:href="#sSpan139" value="ⲇⲉ"/>
		<feat xlink:href="#sSpan141" value="ⲁϥϫⲡⲟ"/>
		<feat xlink:href="#sSpan145" value="ⲛⲁⲙⲓⲛⲁⲇⲁⲃ"/>
		<feat xlink:href="#sSpan149" value="."/>
		<feat xlink:href="#sSpan152" value="ⲁⲙⲓⲛⲁⲇⲁⲃ"/>
		<feat xlink:href="#sSpan154" value="ⲇⲉ"/>
		<feat xlink:href="#sSpan156" value="ⲁϥϫⲡⲟ"/>
		<feat xlink:href="#sSpan160" value="ⲛⲛⲁⲁⲥⲥⲱⲛ"/>
		<feat xlink:href="#sSpan165" value="ⲛⲁⲁⲥⲥⲱⲛ"/>
		<feat xlink:href="#sSpan167" value="ⲇⲉ"/>
		<feat xlink:href="#sSpan169" value="ⲁϥϫⲡⲟ"/>
		<feat xlink:href="#sSpan173" value="ⲛⲥⲁⲗⲙⲱⲛ"/>
		<feat xlink:href="#sSpan177" value="."/>
		<feat xlink:href="#sSpan180" value="ⲥⲁⲗⲙⲱⲛ"/>
		<feat xlink:href="#sSpan183" value="ⲇⲉ"/>
		<feat xlink:href="#sSpan185" value="ⲁϥϫⲡⲟ"/>
		<feat xlink:href="#sSpan189" value="ⲛⲃⲟⲉⲥ"/>
		<feat xlink:href="#sSpan193" value="ⲉⲃⲟⲗ"/>
		<feat xlink:href="#sSpan196" value="ϩⲛϩⲣⲁⲭⲁⲃ"/>
		<feat xlink:href="#sSpan200" value="."/>
		<feat xlink:href="#sSpan203" value="ⲃⲟⲉⲥ"/>
		<feat xlink:href="#sSpan205" value="ⲇⲉ"/>
		<feat xlink:href="#sSpan207" value="ⲁϥϫⲡⲟ"/>
		<feat xlink:href="#sSpan211" value="ⲛⲓⲱⲃⲏⲇ"/>
		<feat xlink:href="#sSpan215" value="ⲉⲃⲟⲗ"/>
		<feat xlink:href="#sSpan218" value="ϩⲛϩⲣⲟⲩⲑ"/>
		<feat xlink:href="#sSpan222" value="."/>
		<feat xlink:href="#sSpan225" value="ⲓⲱⲃⲏⲇ"/>
		<feat xlink:href="#sSpan227" value="ⲇⲉ"/>
		<feat xlink:href="#sSpan229" value="ⲁϥϫⲡⲟ"/>
		<feat xlink:href="#sSpan233" value="ⲛⲓⲉⲥⲥⲁⲓ"/>
		<feat xlink:href="#sSpan237" value="."/>
		<feat xlink:href="#sSpan240" value="ⲓⲉⲥⲥⲁⲓ"/>
		<feat xlink:href="#sSpan243" value="ⲇⲉ"/>
		<feat xlink:href="#sSpan245" value="ⲁϥϫⲡⲟ"/>
		<feat xlink:href="#sSpan249" value="ⲛⲇⲁⲩⲉⲓⲇ"/>
		<feat xlink:href="#sSpan253" value="ⲡⲣⲣⲟ"/>
		<feat xlink:href="#sSpan256" value="."/>
		<feat xlink:href="#sSpan259" value="ⲇⲁⲩⲉⲓⲇ"/>
		<feat xlink:href="#sSpan261" value="ⲇⲉ"/>
		<feat xlink:href="#sSpan263" value="ⲁϥϫⲡⲟ"/>
		<feat xlink:href="#sSpan267" value="ⲛⲥⲟⲗⲟⲙⲱⲛ"/>
		<feat xlink:href="#sSpan271" value="ⲉⲃⲟⲗ"/>
		<feat xlink:href="#sSpan274" value="ϩⲛⲧϩⲓⲙⲉ"/>
		<feat xlink:href="#sSpan279" value="ⲛⲟⲩⲣⲓⲁⲥ"/>
		<feat xlink:href="#sSpan283" value="."/>
		<feat xlink:href="#sSpan286" value="ⲥⲟⲗⲟⲙⲱⲛ"/>
		<feat xlink:href="#sSpan289" value="ⲇⲉ"/>
		<feat xlink:href="#sSpan291" value="ⲁϥϫⲡⲟ"/>
		<feat xlink:href="#sSpan295" value="ⲛϩⲣⲟⲃⲟⲁⲙ"/>
		<feat xlink:href="#sSpan300" value="ϩⲣⲟⲃⲟⲁⲙ"/>
		<feat xlink:href="#sSpan302" value="ⲇⲉ"/>
		<feat xlink:href="#sSpan304" value="ⲁϥϫⲡⲟ"/>
		<feat xlink:href="#sSpan308" value="ⲛⲁⲃⲓⲁ"/>
		<feat xlink:href="#sSpan313" value="ⲁⲃⲓⲁⲥ"/>
		<feat xlink:href="#sSpan315" value="ⲇⲉ"/>
		<feat xlink:href="#sSpan317" value="ⲁϥϫⲡⲟ"/>
		<feat xlink:href="#sSpan321" value="ⲛⲁⲥⲁⲫ"/>
		<feat xlink:href="#sSpan325" value="."/>
		<feat xlink:href="#sSpan328" value="ⲁⲥⲁⲫ"/>
		<feat xlink:href="#sSpan331" value="ⲇⲉ"/>
		<feat xlink:href="#sSpan333" value="ⲁϥϫⲡⲟ"/>
		<feat xlink:href="#sSpan337" value="ⲛⲓⲱⲥⲁⲫⲁⲧ"/>
		<feat xlink:href="#sSpan342" value="ⲓⲱⲥⲁⲫⲁⲧ"/>
		<feat xlink:href="#sSpan344" value="ⲇⲉ"/>
		<feat xlink:href="#sSpan346" value="ⲁϥϫⲡⲟ"/>
		<feat xlink:href="#sSpan350" value="ⲛⲓⲱⲣⲁⲙ"/>
		<feat xlink:href="#sSpan355" value="ⲓⲱⲣⲁⲙ"/>
		<feat xlink:href="#sSpan357" value="ⲇⲉ"/>
		<feat xlink:href="#sSpan359" value="ⲁϥϫⲡⲟ"/>
		<feat xlink:href="#sSpan363" value="ⲛⲟⲍⲉⲓⲁⲥ"/>
		<feat xlink:href="#sSpan367" value="."/>
		<feat xlink:href="#sSpan370" value="ⲟⲍⲉⲓⲁⲥ"/>
		<feat xlink:href="#sSpan373" value="ⲇⲉ"/>
		<feat xlink:href="#sSpan375" value="ⲁϥϫⲡⲟ"/>
		<feat xlink:href="#sSpan379" value="ⲛⲓⲱⲁⲑⲁⲙ"/>
		<feat xlink:href="#sSpan383" value="."/>
		<feat xlink:href="#sSpan386" value="ⲓⲱⲛⲁⲑⲁⲙ"/>
		<feat xlink:href="#sSpan388" value="ⲇⲉ"/>
		<feat xlink:href="#sSpan390" value="ⲁϥϫⲡⲟ"/>
		<feat xlink:href="#sSpan394" value="ⲛⲁⲭⲁⲍ"/>
		<feat xlink:href="#sSpan396" value="ⲁⲭⲁⲍ"/>
		<feat xlink:href="#sSpan400" value="ⲇⲉ"/>
		<feat xlink:href="#sSpan402" value="ⲁϥϫⲡⲟ"/>
		<feat xlink:href="#sSpan406" value="ⲛⲉⲍⲉⲕⲉⲓⲁⲥ"/>
		<feat xlink:href="#sSpan410" value="."/>
		<feat xlink:href="#sSpan413" value="ⲉⲍⲉⲕⲉⲓⲁⲥ"/>
		<feat xlink:href="#sSpan416" value="ⲇⲉ"/>
		<feat xlink:href="#sSpan418" value="ⲁϥϫⲡⲟ"/>
		<feat xlink:href="#sSpan422" value="ⲙⲙⲁⲛⲁⲥⲥⲏ"/>
		<feat xlink:href="#sSpan427" value="ⲙⲁⲛⲁⲥⲥⲏ"/>
		<feat xlink:href="#sSpan429" value="ⲇⲉ"/>
		<feat xlink:href="#sSpan431" value="ⲁϥϫⲡⲟ"/>
		<feat xlink:href="#sSpan435" value="ⲛϩⲁⲙⲱⲥ"/>
		<feat xlink:href="#sSpan439" value="."/>
		<feat xlink:href="#sSpan442" value="ϩⲁⲙⲱⲥ"/>
		<feat xlink:href="#sSpan444" value="ⲇⲉ"/>
		<feat xlink:href="#sSpan446" value="ⲁϥϫⲡⲟ"/>
		<feat xlink:href="#sSpan450" value="ⲛⲓⲱⲥⲓⲁⲥ"/>
		<feat xlink:href="#sSpan454" value="."/>
		<feat xlink:href="#sSpan457" value="ⲓⲱⲥⲓⲁⲥ"/>
		<feat xlink:href="#sSpan460" value="ⲇⲉ"/>
		<feat xlink:href="#sSpan462" value="ⲁϥϫⲡⲟ"/>
		<feat xlink:href="#sSpan466" value="ⲛⲓⲉⲭⲟⲛⲓⲁⲥ"/>
		<feat xlink:href="#sSpan470" value="ⲙⲛⲛⲉϥⲥⲛⲏⲩ"/>
		<feat xlink:href="#sSpan475" value="ϩⲓⲡⲡⲱⲱⲛⲉ"/>
		<feat xlink:href="#sSpan480" value="ⲉⲃⲟⲗ"/>
		<feat xlink:href="#sSpan482" value="ⲛⲧⲃⲁⲃⲩⲗⲱⲛ"/>
		<feat xlink:href="#sSpan487" value="."/>
		<feat xlink:href="#sSpan489" value="ⲙⲛⲛⲥⲁⲡⲡⲱⲱⲛⲉ"/>
		<feat xlink:href="#sSpan494" value="ⲇⲉ"/>
		<feat xlink:href="#sSpan496" value="ⲉⲃⲟⲗ"/>
		<feat xlink:href="#sSpan498" value="ⲛⲧⲃⲁⲃⲩⲗⲱⲛ"/>
		<feat xlink:href="#sSpan504" value="ⲓⲉⲭⲟⲛⲓⲁⲥ"/>
		<feat xlink:href="#sSpan506" value="ⲁϥϫⲡⲟ"/>
		<feat xlink:href="#sSpan510" value="ⲛⲥⲁⲗⲁⲑⲓⲏⲗ"/>
		<feat xlink:href="#sSpan515" value="ⲥⲁⲗⲁⲑⲓⲏⲗ"/>
		<feat xlink:href="#sSpan517" value="ⲇⲉ"/>
		<feat xlink:href="#sSpan519" value="ⲁϥϫⲡⲟ"/>
		<feat xlink:href="#sSpan523" value="ⲛⲍⲟⲣⲟⲃⲁⲃⲉⲗ"/>
		<feat xlink:href="#sSpan527" value="."/>
		<feat xlink:href="#sSpan530" value="ⲍⲟⲣⲟⲃⲁⲃⲉⲗ"/>
		<feat xlink:href="#sSpan533" value="ⲇⲉ"/>
		<feat xlink:href="#sSpan535" value="ⲁϥϫⲡⲟ"/>
		<feat xlink:href="#sSpan539" value="ⲛⲁⲃⲓⲟⲩⲇ"/>
		<feat xlink:href="#sSpan544" value="ⲁⲃⲓⲟⲩⲇ"/>
		<feat xlink:href="#sSpan546" value="ⲇⲉ"/>
		<feat xlink:href="#sSpan548" value="ⲁϥϫⲡⲟ"/>
		<feat xlink:href="#sSpan552" value="ⲛⲉⲗⲓⲁⲕⲓⲙ"/>
		<feat xlink:href="#sSpan556" value="."/>
		<feat xlink:href="#sSpan559" value="ⲉⲗⲓⲁⲕⲓⲙ"/>
		<feat xlink:href="#sSpan561" value="ⲇⲉ"/>
		<feat xlink:href="#sSpan563" value="ⲁϥϫⲡⲟ"/>
		<feat xlink:href="#sSpan567" value="ⲛⲁⲍⲱⲣⲁ"/>
		<feat xlink:href="#sSpan571" value="."/>
		<feat xlink:href="#sSpan574" value="ⲁⲍⲱⲣⲁⲥ"/>
		<feat xlink:href="#sSpan577" value="ⲇⲉ"/>
		<feat xlink:href="#sSpan579" value="ⲁϥϫⲡⲟ"/>
		<feat xlink:href="#sSpan583" value="ⲛⲥⲁⲇⲱⲕ"/>
		<feat xlink:href="#sSpan588" value="ⲥⲁⲇⲱⲕ"/>
		<feat xlink:href="#sSpan590" value="ⲇⲉ"/>
		<feat xlink:href="#sSpan592" value="ⲁϥϫⲡⲟ"/>
		<feat xlink:href="#sSpan596" value="ⲛⲁⲭⲉⲓⲙ"/>
		<feat xlink:href="#sSpan601" value="ⲁⲭⲉⲓⲙ"/>
		<feat xlink:href="#sSpan603" value="ⲇⲉ"/>
		<feat xlink:href="#sSpan605" value="ⲁϥϫⲡⲟ"/>
		<feat xlink:href="#sSpan609" value="ⲛⲉⲗⲓⲟⲩⲇ"/>
		<feat xlink:href="#sSpan613" value="."/>
		<feat xlink:href="#sSpan616" value="ⲉⲗⲓⲟⲩⲇ"/>
		<feat xlink:href="#sSpan619" value="ⲇⲉ"/>
		<feat xlink:href="#sSpan621" value="ⲁϥϫⲡⲟ"/>
		<feat xlink:href="#sSpan625" value="ⲛⲉⲗⲉⲁⲍⲁⲣ"/>
		<feat xlink:href="#sSpan630" value="ⲉⲗⲉⲁⲍⲁⲣ"/>
		<feat xlink:href="#sSpan632" value="ⲇⲉ"/>
		<feat xlink:href="#sSpan634" value="ⲁϥϫⲡⲟ"/>
		<feat xlink:href="#sSpan638" value="ⲙⲙⲁⲧⲑⲁⲙ"/>
		<feat xlink:href="#sSpan643" value="ⲙⲁⲧⲑⲁⲙ"/>
		<feat xlink:href="#sSpan645" value="ⲇⲉ"/>
		<feat xlink:href="#sSpan647" value="ⲁϥϫⲡⲟ"/>
		<feat xlink:href="#sSpan651" value="ⲛⲓⲁⲕⲱⲃ"/>
		<feat xlink:href="#sSpan655" value="."/>
		<feat xlink:href="#sSpan658" value="ⲓⲁⲕⲱⲃ"/>
		<feat xlink:href="#sSpan661" value="ⲇⲉ"/>
		<feat xlink:href="#sSpan663" value="ⲁϥϫⲡⲟ"/>
		<feat xlink:href="#sSpan667" value="ⲛⲓⲱⲥⲏⲫ"/>
		<feat xlink:href="#sSpan671" value="ⲡϩⲁⲓ"/>
		<feat xlink:href="#sSpan674" value="ⲙⲙⲁⲣⲓⲁ"/>
		<feat xlink:href="#sSpan678" value="."/>
		<feat xlink:href="#sSpan680" value="ⲧⲁⲓ"/>
		<feat xlink:href="#sSpan682" value="ⲛⲧⲁⲩϫⲡⲉ"/>
		<feat xlink:href="#sSpan688" value="ⲓⲏⲥⲟⲩⲥ"/>
		<feat xlink:href="#sSpan690" value="ⲉⲃⲟⲗ"/>
		<feat xlink:href="#sSpan693" value="ⲛϩⲏⲧⲥ"/>
		<feat xlink:href="#sSpan696" value="."/>
		<feat xlink:href="#sSpan699" value="ⲡⲁⲓ"/>
		<feat xlink:href="#sSpan701" value="ⲛϣⲁⲩⲙⲟⲩⲧⲉ"/>
		<feat xlink:href="#sSpan706" value="ⲉⲣⲟϥ"/>
		<feat xlink:href="#sSpan709" value="ϫⲉⲡⲉⲭⲣⲓⲥⲧⲟⲥ"/>
		<feat xlink:href="#sSpan714" value="."/>
		<feat xlink:href="#sSpan716" value="ⲅⲉⲛⲉⲁ"/>
		<feat xlink:href="#sSpan720" value="ϭⲉ"/>
		<feat xlink:href="#sSpan722" value="ⲛⲓⲙ"/>
		<feat xlink:href="#sSpan724" value="ϫⲓⲛⲁⲃⲣⲁϩⲁⲙ"/>
		<feat xlink:href="#sSpan728" value="ϣⲁⲉϩⲣⲁⲓ"/>
		<feat xlink:href="#sSpan731" value="ⲉⲇⲁⲩⲉⲓⲇ"/>
		<feat xlink:href="#sSpan735" value="ⲙⲛⲧⲁϥⲧⲉ"/>
		<feat xlink:href="#sSpan740" value="ⲛⲅⲉⲛⲉⲁ"/>
		<feat xlink:href="#sSpan744" value="."/>
		<feat xlink:href="#sSpan746" value="ⲁⲩⲱ"/>
		<feat xlink:href="#sSpan748" value="ϫⲓⲛⲇⲁⲩⲉⲓⲇ"/>
		<feat xlink:href="#sSpan752" value="ϣⲁⲉϩⲣⲁⲓ"/>
		<feat xlink:href="#sSpan755" value="ⲉⲡⲡⲱⲱⲛⲉ"/>
		<feat xlink:href="#sSpan760" value="ⲉⲃⲟⲗ"/>
		<feat xlink:href="#sSpan762" value="ⲛⲧⲃⲁⲃⲩⲗⲱⲛ"/>
		<feat xlink:href="#sSpan767" value="ⲙⲛⲧⲁϥⲧⲉ"/>
		<feat xlink:href="#sSpan772" value="ⲛⲅⲉⲛⲉⲁ"/>
		<feat xlink:href="#sSpan776" value="."/>
		<feat xlink:href="#sSpan778" value="ⲁⲩⲱ"/>
		<feat xlink:href="#sSpan780" value="ϫⲓⲛⲉⲡⲡⲱⲱⲛⲉ"/>
		<feat xlink:href="#sSpan786" value="ⲉⲃⲟⲗ"/>
		<feat xlink:href="#sSpan788" value="ⲛⲧⲃⲁⲃⲩⲗⲱⲛ"/>
		<feat xlink:href="#sSpan793" value="ϣⲁⲉϩⲣⲁⲓ"/>
		<feat xlink:href="#sSpan796" value="ⲉⲡⲉⲭⲣⲓⲥⲧⲟⲥ"/>
		<feat xlink:href="#sSpan801" value="ⲙⲛⲧⲁϥⲧⲉ"/>
		<feat xlink:href="#sSpan805" value="ⲛⲅⲉⲛⲉⲁ"/>
		<feat xlink:href="#sSpan809" value="."/>
		<feat xlink:href="#sSpan811" value="ⲡⲉϫⲡⲟ"/>
		<feat xlink:href="#sSpan816" value="ⲇⲉ"/>
		<feat xlink:href="#sSpan818" value="ⲛⲓⲏⲥⲟⲩⲥ"/>
		<feat xlink:href="#sSpan822" value="ⲡⲉⲭⲣⲓⲥⲧⲟⲥ"/>
		<feat xlink:href="#sSpan825" value="ⲛⲉⲩⲧⲉⲓϩⲉ"/>
		<feat xlink:href="#sSpan829" value="ⲡⲉ"/>
		<feat xlink:href="#sSpan831" value="ⲛⲧⲉⲣⲟⲩϣⲡ"/>
		<feat xlink:href="#sSpan836" value="ⲧⲟⲟⲧⲥ"/>
		<feat xlink:href="#sSpan839" value="ⲛⲧⲉϥⲙⲁⲁⲩ"/>
		<feat xlink:href="#sSpan844" value="ⲙⲁⲣⲓⲁ"/>
		<feat xlink:href="#sSpan847" value="ⲛⲓⲱⲥⲏⲫ"/>
		<feat xlink:href="#sSpan851" value="ⲉⲙⲡⲁⲧⲟⲩⲃⲱⲕ"/>
		<feat xlink:href="#sSpan857" value="ⲉϩⲟⲩⲛ"/>
		<feat xlink:href="#sSpan859" value="ϣⲁⲛⲉⲩⲉⲣⲏⲩ"/>
		<feat xlink:href="#sSpan863" value="ⲁⲩϩⲉ"/>
		<feat xlink:href="#sSpan868" value="ⲉⲣⲟⲥ"/>
		<feat xlink:href="#sSpan871" value="ⲉⲥⲉⲉⲧ"/>
		<feat xlink:href="#sSpan875" value="ⲉⲃⲟⲗ"/>
		<feat xlink:href="#sSpan878" value="ϩⲛⲟⲩⲡⲛⲉⲩⲙⲁ"/>
		<feat xlink:href="#sSpan883" value="ⲉϥⲟⲩⲁⲁⲃ"/>
		<feat xlink:href="#sSpan887" value="."/>
		<feat xlink:href="#sSpan889" value="ⲓⲱⲥⲏⲫ"/>
		<feat xlink:href="#sSpan893" value="ⲇⲉ"/>
		<feat xlink:href="#sSpan895" value="ⲡⲉⲥϩⲁⲓ"/>
		<feat xlink:href="#sSpan898" value="ⲉⲛⲉⲩⲇⲓⲕⲁⲓⲟⲥ"/>
		<feat xlink:href="#sSpan902" value="ⲡⲉ"/>
		<feat xlink:href="#sSpan904" value="."/>
		<feat xlink:href="#sSpan906" value="ⲁⲩⲱ"/>
		<feat xlink:href="#sSpan908" value="ⲛⲉϥⲟⲩⲱϣ"/>
		<feat xlink:href="#sSpan912" value="ⲁⲛ"/>
		<feat xlink:href="#sSpan914" value="ⲉϯ"/>
		<feat xlink:href="#sSpan917" value="ⲙⲡⲉⲥⲥⲟⲉⲓⲧ"/>
		<feat xlink:href="#sSpan922" value="ⲁϥⲟⲩⲱϣ"/>
		<feat xlink:href="#sSpan926" value="ⲉⲛⲟϫⲥ"/>
		<feat xlink:href="#sSpan930" value="ⲉⲃⲟⲗ"/>
		<feat xlink:href="#sSpan932" value="ⲛϫⲓⲟⲩⲉ"/>
		<feat xlink:href="#sSpan936" value="."/>
		<feat xlink:href="#sSpan939" value="ⲛⲁⲓ"/>
		<feat xlink:href="#sSpan942" value="ⲇⲉ"/>
		<feat xlink:href="#sSpan944" value="ⲛⲧⲉⲣⲉϥⲙⲉⲉⲩⲉ"/>
		<feat xlink:href="#sSpan948" value="ⲉⲣⲟⲟⲩ"/>
		<feat xlink:href="#sSpan951" value="ⲉⲓⲥ"/>
		<feat xlink:href="#sSpan953" value="ⲡⲁⲅⲅⲉⲗⲟⲥ"/>
		<feat xlink:href="#sSpan957" value="ⲙⲡϫⲟⲉⲓⲥ"/>
		<feat xlink:href="#sSpan962" value="ⲁϥⲟⲩⲱⲛϩ"/>
		<feat xlink:href="#sSpan966" value="ⲛⲁϥ"/>
		<feat xlink:href="#sSpan969" value="ⲉⲃⲟⲗ"/>
		<feat xlink:href="#sSpan972" value="ϩⲛⲟⲩⲣⲁⲥⲟⲩ"/>
		<feat xlink:href="#sSpan977" value="ⲉϥϫⲱ"/>
		<feat xlink:href="#sSpan981" value="ⲙⲙⲟⲥ"/>
		<feat xlink:href="#sSpan984" value="ϫⲉⲓⲱⲥⲏⲫ"/>
		<feat xlink:href="#sSpan988" value="ⲡϣⲏⲣⲉ"/>
		<feat xlink:href="#sSpan991" value="ⲛⲇⲁⲩⲉⲓⲇ"/>
		<feat xlink:href="#sSpan995" value="ⲙⲡⲣⲣⲟ"/>
		<feat xlink:href="#sSpan1000" value="ϩⲟⲧⲉ"/>
		<feat xlink:href="#sSpan1002" value="ⲉϫⲓ"/>
		<feat xlink:href="#sSpan1005" value="ⲙⲙⲁⲣⲓⲁ"/>
		<feat xlink:href="#sSpan1010" value="ⲧⲉⲕⲥϩⲓⲙⲉ"/>
		<feat xlink:href="#sSpan1013" value="."/>
		<feat xlink:href="#sSpan1015" value="ⲡⲉⲧⲟⲩⲛⲁϫⲡⲟϥ"/>
		<feat xlink:href="#sSpan1023" value="ⲅⲁⲣ"/>
		<feat xlink:href="#sSpan1025" value="ⲉⲃⲟⲗ"/>
		<feat xlink:href="#sSpan1028" value="ⲛϩⲏⲧⲥ"/>
		<feat xlink:href="#sSpan1031" value="ⲟⲩⲉⲃⲟⲗ"/>
		<feat xlink:href="#sSpan1035" value="ϩⲛⲟⲩⲡⲛⲉⲩⲙⲁ"/>
		<feat xlink:href="#sSpan1040" value="ⲉϥⲟⲩⲁⲁⲃ"/>
		<feat xlink:href="#sSpan1044" value="ⲡⲉ"/>
		<feat xlink:href="#sSpan1046" value="."/>
		<feat xlink:href="#sSpan1048" value="ⲥⲛⲁϫⲡⲟ"/>
		<feat xlink:href="#sSpan1053" value="ⲇⲉ"/>
		<feat xlink:href="#sSpan1055" value="ⲛⲟⲩϣⲏⲣⲉ"/>
		<feat xlink:href="#sSpan1060" value="."/>
		<feat xlink:href="#sSpan1062" value="ⲛⲅⲙⲟⲩⲧⲉ"/>
		<feat xlink:href="#sSpan1066" value="ⲉⲡⲉϥⲣⲁⲛ"/>
		<feat xlink:href="#sSpan1071" value="ϫⲉⲓⲏⲥⲟⲩⲥ"/>
		<feat xlink:href="#sSpan1075" value="."/>
		<feat xlink:href="#sSpan1077" value="ⲛⲧⲟϥ"/>
		<feat xlink:href="#sSpan1079" value="ⲅⲁⲣ"/>
		<feat xlink:href="#sSpan1081" value="ⲡⲉⲧⲛⲁⲧⲟⲩϫⲟ"/>
		<feat xlink:href="#sSpan1086" value="ⲙⲡⲉϥⲗⲁⲟⲥ"/>
		<feat xlink:href="#sSpan1091" value="ⲉⲃⲟⲗ"/>
		<feat xlink:href="#sSpan1094" value="ϩⲛⲛⲉⲩⲛⲟⲃⲉ"/>
		<feat xlink:href="#sSpan1099" value="."/>
		<feat xlink:href="#sSpan1101" value="ⲡⲁⲓ"/>
		<feat xlink:href="#sSpan1105" value="ⲇⲉ"/>
		<feat xlink:href="#sSpan1107" value="ⲧⲏⲣϥ"/>
		<feat xlink:href="#sSpan1110" value="ⲛⲧⲁϥϣⲱⲡⲉ"/>
		<feat xlink:href="#sSpan1115" value="ϫⲉⲕⲁⲁⲥ"/>
		<feat xlink:href="#sSpan1117" value="ⲉϥⲉϫⲱⲕ"/>
		<feat xlink:href="#sSpan1120" value="ⲉⲃⲟⲗ"/>
		<feat xlink:href="#sSpan1122" value="ⲛϭⲓⲡⲉⲛⲧⲁⲡϫⲟⲉⲓⲥ"/>
		<feat xlink:href="#sSpan1131" value="ϫⲟⲟϥ"/>
		<feat xlink:href="#sSpan1134" value="ϩⲓⲧⲙⲡⲉⲡⲣⲟⲫⲏⲧⲏⲥ"/>
		<feat xlink:href="#sSpan1139" value="ⲉϥϫⲱ"/>
		<feat xlink:href="#sSpan1143" value="ⲙⲙⲟⲥ"/>
		<feat xlink:href="#sSpan1146" value="."/>
		<feat xlink:href="#sSpan1148" value="ϫⲉⲉⲓⲥⲧⲡⲁⲣⲑⲉⲛⲟⲥ"/>
		<feat xlink:href="#sSpan1155" value="ⲛⲁⲱ"/>
		<feat xlink:href="#sSpan1158" value="ⲛⲥϫⲡⲟ"/>
		<feat xlink:href="#sSpan1162" value="ⲛⲟⲩϣⲏⲣⲉ"/>
		<feat xlink:href="#sSpan1167" value="ⲛⲥⲉⲙⲟⲩⲧⲉ"/>
		<feat xlink:href="#sSpan1171" value="ⲉⲡⲉϥⲣⲁⲛ"/>
		<feat xlink:href="#sSpan1176" value="ϫⲉⲉⲙⲙⲁⲛⲟⲩⲏⲗ"/>
		<feat xlink:href="#sSpan1179" value="ⲉⲧⲉⲡⲁⲓ"/>
		<feat xlink:href="#sSpan1183" value="ⲡⲉ"/>
		<feat xlink:href="#sSpan1185" value="ⲛϣⲁⲩⲟⲩⲁϩⲙⲉϥ"/>
		<feat xlink:href="#sSpan1191" value="ϫⲉⲡⲛⲟⲩⲧⲉ"/>
		<feat xlink:href="#sSpan1196" value="ⲛⲙⲙⲁⲛ"/>
		<feat xlink:href="#sSpan1199" value="."/>
		<feat xlink:href="#sSpan1201" value="ⲁϥⲧⲱⲟⲩⲛ"/>
		<feat xlink:href="#sSpan1206" value="ⲇⲉ"/>
		<feat xlink:href="#sSpan1208" value="ⲛϭⲓⲓⲱⲥⲏⲫ"/>
		<feat xlink:href="#sSpan1212" value="ⲉϥⲛⲕⲟⲧⲕ"/>
		<feat xlink:href="#sSpan1216" value="ⲁϥⲉⲓⲣⲉ"/>
		<feat xlink:href="#sSpan1220" value="ⲕⲁⲧⲁⲧϩⲉ"/>
		<feat xlink:href="#sSpan1224" value="ⲛⲧⲁϥϩⲱⲛ"/>
		<feat xlink:href="#sSpan1229" value="ⲉⲧⲟⲟⲧϥ"/>
		<feat xlink:href="#sSpan1232" value="ⲛϭⲓⲡⲁⲅⲅⲉⲗⲟⲥ"/>
		<feat xlink:href="#sSpan1237" value="ⲙⲡϫⲟⲉⲓⲥ"/>
		<feat xlink:href="#sSpan1242" value="."/>
		<feat xlink:href="#sSpan1244" value="ⲁϥϫⲓ"/>
		<feat xlink:href="#sSpan1248" value="ⲙⲙⲁⲣⲓⲁ"/>
		<feat xlink:href="#sSpan1253" value="ⲧⲉϥⲥϩⲓⲙⲉ"/>
		<feat xlink:href="#sSpan1256" value="."/>
		<feat xlink:href="#sSpan1258" value="ⲙⲡⲉϥⲥⲟⲩⲱⲛⲥ"/>
		<feat xlink:href="#sSpan1264" value="ϣⲁⲛⲧⲉⲥϫⲡⲟ"/>
		<feat xlink:href="#sSpan1268" value="ⲙⲡⲉⲥϣⲏⲣⲉ"/>
		<feat xlink:href="#sSpan1273" value="."/>
		<feat xlink:href="#sSpan1275" value="ⲁϥⲙⲟⲩⲧⲉ"/>
		<feat xlink:href="#sSpan1279" value="ⲉⲡⲉϥⲣⲁⲛ"/>
		<feat xlink:href="#sSpan1284" value="ϫⲉⲓⲏⲥⲟⲩⲥ"/>
		<feat xlink:href="#sSpan1288" value="."/></featList></paula>