<?xml version='1.0' encoding='UTF-8'?><!DOCTYPE paula SYSTEM "paula_feat.dtd">
<paula version="1.1">
	<header paula_id="scriptorium.40_Matthew_02.mark_orig"/>
	<featList xmlns:xlink="http://www.w3.org/1999/xlink" type="orig" xml:base="scriptorium.40_Matthew_02.mark.xml">
		<feat xlink:href="#sSpan1" value="ⲓⲏⲥⲟⲩⲥ"/>
		<feat xlink:href="#sSpan5" value="ⲇⲉ"/>
		<feat xlink:href="#sSpan7" value="ⲛⲧⲉⲣ"/>
		<feat xlink:href="#sSpan9" value="ⲟⲩ"/>
		<feat xlink:href="#sSpan10" value="ϫⲡⲟ"/>
		<feat xlink:href="#sSpan11" value="ϥ"/>
		<feat xlink:href="#sSpan12" value="ϩⲣⲁⲓ"/>
		<feat xlink:href="#sSpan15" value="ϩⲛ"/>
		<feat xlink:href="#sSpan17" value="ⲃⲏⲑⲗⲉⲉⲙ"/>
		<feat xlink:href="#sSpan19" value="ⲛⲧⲉ"/>
		<feat xlink:href="#sSpan21" value="ⲧ"/>
		<feat xlink:href="#sSpan23" value="ⲓⲟⲩⲇⲁⲓⲁ"/>
		<feat xlink:href="#sSpan24" value="ϩⲛ"/>
		<feat xlink:href="#sSpan26" value="ⲛⲉ"/>
		<feat xlink:href="#sSpan28" value="ϩⲟⲟⲩ"/>
		<feat xlink:href="#sSpan29" value="ⲛ"/>
		<feat xlink:href="#sSpan31" value="ϩⲏⲣⲱⲇⲏⲥ"/>
		<feat xlink:href="#sSpan33" value="ⲡ"/>
		<feat xlink:href="#sSpan35" value="ⲣⲣⲟ"/>
		<feat xlink:href="#sSpan36" value="."/>
		<feat xlink:href="#sSpan38" value="ⲉⲓⲥ"/>
		<feat xlink:href="#sSpan40" value="ϩⲉⲛ"/>
		<feat xlink:href="#sSpan43" value="ⲙⲁⲅⲟⲥ"/>
		<feat xlink:href="#sSpan44" value="ⲁ"/>
		<feat xlink:href="#sSpan46" value="ⲩ"/>
		<feat xlink:href="#sSpan47" value="ⲉⲓ"/>
		<feat xlink:href="#sSpan49" value="ⲉⲃⲟⲗ"/>
		<feat xlink:href="#sSpan51" value="ϩⲛ"/>
		<feat xlink:href="#sSpan53" value="ⲛⲉ"/>
		<feat xlink:href="#sSpan55" value="ⲙⲁⲛϣⲁ"/>
		<feat xlink:href="#sSpan56" value="ⲉϩⲣⲁⲓ"/>
		<feat xlink:href="#sSpan58" value="ⲉ"/>
		<feat xlink:href="#sSpan60" value="ⲧ"/>
		<feat xlink:href="#sSpan62" value="ϩⲓⲉⲣⲟⲥⲟⲗⲩⲙⲁ"/>
		<feat xlink:href="#sSpan63" value="."/>
		<feat xlink:href="#sSpan65" value="ⲉ"/>
		<feat xlink:href="#sSpan67" value="ⲩ"/>
		<feat xlink:href="#sSpan68" value="ϫⲱ"/>
		<feat xlink:href="#sSpan69" value="ⲙⲙⲟ"/>
		<feat xlink:href="#sSpan71" value="ⲥ"/>
		<feat xlink:href="#sSpan72" value="."/>
		<feat xlink:href="#sSpan74" value="ϫⲉ"/>
		<feat xlink:href="#sSpan77" value="ⲉ"/>
		<feat xlink:href="#sSpan78" value="ϥ"/>
		<feat xlink:href="#sSpan79" value="ⲧⲱⲛ"/>
		<feat xlink:href="#sSpan80" value="ⲡ"/>
		<feat xlink:href="#sSpan83" value="ⲣⲣⲟ"/>
		<feat xlink:href="#sSpan84" value="ⲛ"/>
		<feat xlink:href="#sSpan86" value="ⲛ"/>
		<feat xlink:href="#sSpan88" value="ⲓⲟⲩⲇⲁⲓ"/>
		<feat xlink:href="#sSpan89" value="ⲛⲧ"/>
		<feat xlink:href="#sSpan91" value="ⲁ"/>
		<feat xlink:href="#sSpan92" value="ⲩ"/>
		<feat xlink:href="#sSpan93" value="ϫⲡⲟ"/>
		<feat xlink:href="#sSpan94" value="ϥ"/>
		<feat xlink:href="#sSpan95" value="."/>
		<feat xlink:href="#sSpan97" value="ⲁ"/>
		<feat xlink:href="#sSpan99" value="ⲛ"/>
		<feat xlink:href="#sSpan100" value="ⲛⲁⲩ"/>
		<feat xlink:href="#sSpan101" value="ⲅⲁⲣ"/>
		<feat xlink:href="#sSpan103" value="ⲉ"/>
		<feat xlink:href="#sSpan105" value="ⲡⲉϥ"/>
		<feat xlink:href="#sSpan107" value="ⲥⲓⲟⲩ"/>
		<feat xlink:href="#sSpan108" value="ϩⲛ"/>
		<feat xlink:href="#sSpan110" value="ⲛⲉ"/>
		<feat xlink:href="#sSpan112" value="ⲙⲁⲛϣⲁ"/>
		<feat xlink:href="#sSpan113" value="ⲁ"/>
		<feat xlink:href="#sSpan115" value="ⲛ"/>
		<feat xlink:href="#sSpan116" value="ⲉⲓ"/>
		<feat xlink:href="#sSpan118" value="ⲉ"/>
		<feat xlink:href="#sSpan120" value="ⲟⲩⲱϣⲧ"/>
		<feat xlink:href="#sSpan121" value="ⲛⲁ"/>
		<feat xlink:href="#sSpan123" value="ϥ"/>
		<feat xlink:href="#sSpan124" value="."/>
		<feat xlink:href="#sSpan126" value="ⲁ"/>
		<feat xlink:href="#sSpan129" value="ϥ"/>
		<feat xlink:href="#sSpan130" value="ⲥⲱⲧⲙ"/>
		<feat xlink:href="#sSpan131" value="ⲇⲉ"/>
		<feat xlink:href="#sSpan133" value="ⲛϭⲓ"/>
		<feat xlink:href="#sSpan135" value="ϩⲏⲣⲱⲇⲏⲥ"/>
		<feat xlink:href="#sSpan137" value="ⲡ"/>
		<feat xlink:href="#sSpan139" value="ⲣⲣⲟ"/>
		<feat xlink:href="#sSpan140" value="."/>
		<feat xlink:href="#sSpan142" value="ⲁ"/>
		<feat xlink:href="#sSpan144" value="ϥ"/>
		<feat xlink:href="#sSpan145" value="ϣⲧⲟⲣⲧⲣ"/>
		<feat xlink:href="#sSpan146" value="ⲉⲙⲁⲧⲉ"/>
		<feat xlink:href="#sSpan148" value="ⲙⲛ"/>
		<feat xlink:href="#sSpan150" value="ⲧ"/>
		<feat xlink:href="#sSpan152" value="ϩⲓⲉⲣⲟⲥⲟⲗⲩⲙⲁ"/>
		<feat xlink:href="#sSpan153" value="ⲧⲏⲣ"/>
		<feat xlink:href="#sSpan155" value="ⲥ"/>
		<feat xlink:href="#sSpan156" value="ⲛⲙⲙⲁ"/>
		<feat xlink:href="#sSpan158" value="ϥ"/>
		<feat xlink:href="#sSpan159" value="."/>
		<feat xlink:href="#sSpan161" value="ⲁ"/>
		<feat xlink:href="#sSpan164" value="ϥ"/>
		<feat xlink:href="#sSpan165" value="ⲥⲱⲟⲩϩ"/>
		<feat xlink:href="#sSpan166" value="ⲉϩⲟⲩⲛ"/>
		<feat xlink:href="#sSpan168" value="ⲛ"/>
		<feat xlink:href="#sSpan170" value="ⲛ"/>
		<feat xlink:href="#sSpan172" value="ⲁⲣⲭⲓⲉⲣⲉⲩⲥ"/>
		<feat xlink:href="#sSpan173" value="ⲧⲏⲣ"/>
		<feat xlink:href="#sSpan175" value="ⲟⲩ"/>
		<feat xlink:href="#sSpan176" value="ⲙⲛ"/>
		<feat xlink:href="#sSpan178" value="ⲛⲉ"/>
		<feat xlink:href="#sSpan180" value="ⲅⲣⲁⲙⲙⲁⲧⲉⲩⲥ"/>
		<feat xlink:href="#sSpan181" value="ⲙ"/>
		<feat xlink:href="#sSpan183" value="ⲡ"/>
		<feat xlink:href="#sSpan185" value="ⲗⲁⲟⲥ"/>
		<feat xlink:href="#sSpan186" value="."/>
		<feat xlink:href="#sSpan188" value="ⲁ"/>
		<feat xlink:href="#sSpan190" value="ϥ"/>
		<feat xlink:href="#sSpan191" value="ϣⲓⲛⲉ"/>
		<feat xlink:href="#sSpan192" value="ⲉⲃⲟⲗ"/>
		<feat xlink:href="#sSpan195" value="ϩⲓⲧⲟⲟⲧ"/>
		<feat xlink:href="#sSpan197" value="ⲟⲩ"/>
		<feat xlink:href="#sSpan198" value="ϫⲉ"/>
		<feat xlink:href="#sSpan200" value="ⲉ"/>
		<feat xlink:href="#sSpan201" value="ⲩ"/>
		<feat xlink:href="#sSpan202" value="ⲛⲁ"/>
		<feat xlink:href="#sSpan203" value="ϫⲡⲟ"/>
		<feat xlink:href="#sSpan204" value="ⲙ"/>
		<feat xlink:href="#sSpan206" value="ⲡⲉ"/>
		<feat xlink:href="#sSpan208" value="ⲭⲣⲓⲥⲧⲟⲥ"/>
		<feat xlink:href="#sSpan209" value="ⲧⲱⲛ"/>
		<feat xlink:href="#sSpan211" value="."/>
		<feat xlink:href="#sSpan213" value="ⲛⲧⲟⲟⲩ"/>
		<feat xlink:href="#sSpan216" value="ⲇⲉ"/>
		<feat xlink:href="#sSpan218" value="ⲡⲉϫⲁ"/>
		<feat xlink:href="#sSpan220" value="ⲩ"/>
		<feat xlink:href="#sSpan221" value="ⲛⲁ"/>
		<feat xlink:href="#sSpan223" value="ϥ"/>
		<feat xlink:href="#sSpan224" value="ϫⲉ"/>
		<feat xlink:href="#sSpan226" value="ϩⲣⲁ"/>
		<feat xlink:href="#sSpan228" value="ⲓ"/>
		<feat xlink:href="#sSpan229" value="ϩⲛ"/>
		<feat xlink:href="#sSpan231" value="ⲃⲏⲑⲗⲉⲉⲙ"/>
		<feat xlink:href="#sSpan233" value="ⲛⲧⲉ"/>
		<feat xlink:href="#sSpan235" value="ⲧ"/>
		<feat xlink:href="#sSpan237" value="ⲓⲟⲩⲇⲁⲓⲁ"/>
		<feat xlink:href="#sSpan238" value="."/>
		<feat xlink:href="#sSpan240" value="ⲉ"/>
		<feat xlink:href="#sSpan242" value="ϥ"/>
		<feat xlink:href="#sSpan243" value="ⲥⲏϩ"/>
		<feat xlink:href="#sSpan244" value="ⲅⲁⲣ"/>
		<feat xlink:href="#sSpan246" value="ⲛ"/>
		<feat xlink:href="#sSpan248" value="ⲧⲉⲓ"/>
		<feat xlink:href="#sSpan249" value="ϩⲉ"/>
		<feat xlink:href="#sSpan250" value="ϩⲓⲧⲙ"/>
		<feat xlink:href="#sSpan252" value="ⲡⲉ"/>
		<feat xlink:href="#sSpan254" value="ⲡⲣⲟⲫⲏⲧⲏⲥ"/>
		<feat xlink:href="#sSpan255" value="."/>
		<feat xlink:href="#sSpan257" value="ϫⲉ"/>
		<feat xlink:href="#sSpan260" value="ⲛⲧⲟ"/>
		<feat xlink:href="#sSpan261" value="ϩⲱⲱ"/>
		<feat xlink:href="#sSpan263" value="ⲧⲉ"/>
		<feat xlink:href="#sSpan264" value="ⲃⲏⲑⲗⲉⲉⲙ"/>
		<feat xlink:href="#sSpan267" value="ⲡ"/>
		<feat xlink:href="#sSpan270" value="ⲕⲁϩ"/>
		<feat xlink:href="#sSpan271" value="ⲛ"/>
		<feat xlink:href="#sSpan273" value="ⲓⲟⲩⲇⲁ"/>
		<feat xlink:href="#sSpan275" value="ⲛ"/>
		<feat xlink:href="#sSpan277" value="ⲧⲉ"/>
		<feat xlink:href="#sSpan279" value="ϫⲟⲗϩ"/>
		<feat xlink:href="#sSpan280" value="ⲁⲛ"/>
		<feat xlink:href="#sSpan282" value="ϩⲛ"/>
		<feat xlink:href="#sSpan284" value="ⲛ"/>
		<feat xlink:href="#sSpan286" value="ϩⲏⲅⲉⲙⲱⲛ"/>
		<feat xlink:href="#sSpan287" value="ⲛ"/>
		<feat xlink:href="#sSpan289" value="ⲓⲟⲩⲇⲁ"/>
		<feat xlink:href="#sSpan291" value="."/>
		<feat xlink:href="#sSpan293" value="ϥ"/>
		<feat xlink:href="#sSpan295" value="ⲛⲏⲩ"/>
		<feat xlink:href="#sSpan296" value="ⲅⲁⲣ"/>
		<feat xlink:href="#sSpan298" value="ⲉⲃⲟⲗ"/>
		<feat xlink:href="#sSpan300" value="ⲛ"/>
		<feat xlink:href="#sSpan302" value="ϩⲏⲧⲉ"/>
		<feat xlink:href="#sSpan304" value="ⲛϭⲓ"/>
		<feat xlink:href="#sSpan306" value="ⲟⲩ"/>
		<feat xlink:href="#sSpan308" value="ϩⲏⲅⲟⲩⲙⲉⲛⲟⲥ"/>
		<feat xlink:href="#sSpan309" value="."/>
		<feat xlink:href="#sSpan311" value="ⲡⲁⲓ"/>
		<feat xlink:href="#sSpan313" value="ⲉⲧ"/>
		<feat xlink:href="#sSpan315" value="ⲛⲁ"/>
		<feat xlink:href="#sSpan316" value="ⲙⲟⲟⲛⲉ"/>
		<feat xlink:href="#sSpan317" value="ⲙ"/>
		<feat xlink:href="#sSpan319" value="ⲡⲁ"/>
		<feat xlink:href="#sSpan321" value="ⲗⲁⲟⲥ"/>
		<feat xlink:href="#sSpan322" value="ⲡ"/>
		<feat xlink:href="#sSpan324" value="ⲓⲥⲣⲁⲏⲗ"/>
		<feat xlink:href="#sSpan325" value="."/>
		<feat xlink:href="#sSpan327" value="ⲧⲟⲧⲉ"/>
		<feat xlink:href="#sSpan330" value="ϩⲏⲣⲱⲇⲏⲥ"/>
		<feat xlink:href="#sSpan333" value="ⲁ"/>
		<feat xlink:href="#sSpan335" value="ϥ"/>
		<feat xlink:href="#sSpan336" value="ⲙⲟⲩⲧⲉ"/>
		<feat xlink:href="#sSpan337" value="ⲉ"/>
		<feat xlink:href="#sSpan339" value="ⲙ"/>
		<feat xlink:href="#sSpan341" value="ⲙⲁⲅⲟⲥ"/>
		<feat xlink:href="#sSpan342" value="ⲛ"/>
		<feat xlink:href="#sSpan344" value="ϫⲓⲟⲩⲉ"/>
		<feat xlink:href="#sSpan346" value="ⲁ"/>
		<feat xlink:href="#sSpan348" value="ϥ"/>
		<feat xlink:href="#sSpan349" value="ϣⲓⲛⲉ"/>
		<feat xlink:href="#sSpan350" value="ⲉⲃⲟⲗ"/>
		<feat xlink:href="#sSpan353" value="ϩⲓⲧⲟⲟⲧ"/>
		<feat xlink:href="#sSpan355" value="ⲟⲩ"/>
		<feat xlink:href="#sSpan356" value="ⲛⲥⲁ"/>
		<feat xlink:href="#sSpan358" value="ⲡⲉ"/>
		<feat xlink:href="#sSpan360" value="ⲩⲟⲉⲓϣ"/>
		<feat xlink:href="#sSpan361" value="ⲙ"/>
		<feat xlink:href="#sSpan363" value="ⲡ"/>
		<feat xlink:href="#sSpan365" value="ⲥⲓⲟⲩ"/>
		<feat xlink:href="#sSpan366" value="ⲛⲧ"/>
		<feat xlink:href="#sSpan368" value="ⲁ"/>
		<feat xlink:href="#sSpan369" value="ϥ"/>
		<feat xlink:href="#sSpan370" value="ⲟⲩⲱⲛϩ"/>
		<feat xlink:href="#sSpan372" value="ⲉⲃⲟⲗ"/>
		<feat xlink:href="#sSpan374" value="."/>
		<feat xlink:href="#sSpan376" value="ⲁ"/>
		<feat xlink:href="#sSpan379" value="ϥ"/>
		<feat xlink:href="#sSpan380" value="ϫⲟⲟ"/>
		<feat xlink:href="#sSpan381" value="ⲥⲉ"/>
		<feat xlink:href="#sSpan382" value="ⲉϩⲣⲁⲓ"/>
		<feat xlink:href="#sSpan384" value="ⲉ"/>
		<feat xlink:href="#sSpan386" value="ⲃⲏⲑⲗⲉⲉⲙ"/>
		<feat xlink:href="#sSpan388" value="ⲉ"/>
		<feat xlink:href="#sSpan390" value="ϥ"/>
		<feat xlink:href="#sSpan391" value="ϫⲱ"/>
		<feat xlink:href="#sSpan392" value="ⲙⲙⲟ"/>
		<feat xlink:href="#sSpan394" value="ⲥ"/>
		<feat xlink:href="#sSpan395" value="ϫⲉ"/>
		<feat xlink:href="#sSpan397" value="ⲃⲱⲕ"/>
		<feat xlink:href="#sSpan398" value="ⲛ"/>
		<feat xlink:href="#sSpan400" value="ⲧⲉⲧⲛ"/>
		<feat xlink:href="#sSpan401" value="ϣⲓⲛⲉ"/>
		<feat xlink:href="#sSpan402" value="ϩⲛ"/>
		<feat xlink:href="#sSpan404" value="ⲟⲩ"/>
		<feat xlink:href="#sSpan405" value="ⲱⲣϫ"/>
		<feat xlink:href="#sSpan406" value="ⲉⲧⲃⲉ"/>
		<feat xlink:href="#sSpan408" value="ⲡ"/>
		<feat xlink:href="#sSpan410" value="ϣⲏⲣⲉ"/>
		<feat xlink:href="#sSpan412" value="ϣⲏⲙ"/>
		<feat xlink:href="#sSpan414" value="."/>
		<feat xlink:href="#sSpan416" value="ⲉϣⲱⲡⲉ"/>
		<feat xlink:href="#sSpan418" value="ⲇⲉ"/>
		<feat xlink:href="#sSpan420" value="ⲉⲧⲉⲧⲛϣⲁⲛ"/>
		<feat xlink:href="#sSpan422" value="ϩⲉ"/>
		<feat xlink:href="#sSpan424" value="ⲉⲣⲟ"/>
		<feat xlink:href="#sSpan426" value="ϥ"/>
		<feat xlink:href="#sSpan427" value="ⲙⲁ"/>
		<feat xlink:href="#sSpan429" value="ⲧⲁⲙⲙⲟ"/>
		<feat xlink:href="#sSpan430" value="ⲓ"/>
		<feat xlink:href="#sSpan431" value="ϩⲱ"/>
		<feat xlink:href="#sSpan433" value="ϫⲉⲕⲁⲁⲥ"/>
		<feat xlink:href="#sSpan435" value="ⲉⲓⲉ"/>
		<feat xlink:href="#sSpan437" value="ⲉⲓ"/>
		<feat xlink:href="#sSpan439" value="ⲛ"/>
		<feat xlink:href="#sSpan441" value="ⲧⲁ"/>
		<feat xlink:href="#sSpan442" value="ⲟⲩⲱϣⲧ"/>
		<feat xlink:href="#sSpan443" value="ⲛⲁ"/>
		<feat xlink:href="#sSpan445" value="ϥ"/>
		<feat xlink:href="#sSpan446" value="."/>
		<feat xlink:href="#sSpan448" value="ⲛⲧⲟⲟⲩ"/>
		<feat xlink:href="#sSpan451" value="ⲇⲉ"/>
		<feat xlink:href="#sSpan453" value="ⲛⲧⲉⲣ"/>
		<feat xlink:href="#sSpan455" value="ⲟⲩ"/>
		<feat xlink:href="#sSpan456" value="ⲥⲱⲧⲙ"/>
		<feat xlink:href="#sSpan457" value="ⲉⲃⲟⲗ"/>
		<feat xlink:href="#sSpan459" value="ϩⲓⲧⲙ"/>
		<feat xlink:href="#sSpan461" value="ⲡ"/>
		<feat xlink:href="#sSpan463" value="ⲣⲣⲟ"/>
		<feat xlink:href="#sSpan464" value="ⲁ"/>
		<feat xlink:href="#sSpan466" value="ⲩ"/>
		<feat xlink:href="#sSpan467" value="ⲃⲱⲕ"/>
		<feat xlink:href="#sSpan468" value="ⲁⲩⲱ"/>
		<feat xlink:href="#sSpan470" value="ⲉⲓⲥ"/>
		<feat xlink:href="#sSpan472" value="ⲡ"/>
		<feat xlink:href="#sSpan474" value="ⲥⲓⲟⲩ"/>
		<feat xlink:href="#sSpan475" value="ⲛⲧ"/>
		<feat xlink:href="#sSpan477" value="ⲁ"/>
		<feat xlink:href="#sSpan478" value="ⲩ"/>
		<feat xlink:href="#sSpan479" value="ⲛⲁⲩ"/>
		<feat xlink:href="#sSpan480" value="ⲉⲣⲟ"/>
		<feat xlink:href="#sSpan482" value="ϥ"/>
		<feat xlink:href="#sSpan483" value="ϩⲛ"/>
		<feat xlink:href="#sSpan485" value="ⲛⲉ"/>
		<feat xlink:href="#sSpan487" value="ⲙⲁⲛϣⲁ"/>
		<feat xlink:href="#sSpan488" value="ⲁ"/>
		<feat xlink:href="#sSpan490" value="ϥ"/>
		<feat xlink:href="#sSpan491" value="ⲙⲟⲟϣⲉ"/>
		<feat xlink:href="#sSpan493" value="ϩⲏⲧ"/>
		<feat xlink:href="#sSpan496" value="ⲟⲩ"/>
		<feat xlink:href="#sSpan497" value="ϣⲁⲛⲧⲉ"/>
		<feat xlink:href="#sSpan499" value="ϥ"/>
		<feat xlink:href="#sSpan500" value="ⲉⲓ"/>
		<feat xlink:href="#sSpan502" value="ⲛ"/>
		<feat xlink:href="#sSpan504" value="ϥ"/>
		<feat xlink:href="#sSpan505" value="ⲁϩⲉ"/>
		<feat xlink:href="#sSpan506" value="ⲣⲁⲧ"/>
		<feat xlink:href="#sSpan507" value="ϥ"/>
		<feat xlink:href="#sSpan508" value="ⲉϫⲙ"/>
		<feat xlink:href="#sSpan510" value="ⲡ"/>
		<feat xlink:href="#sSpan512" value="ⲙⲁ"/>
		<feat xlink:href="#sSpan513" value="ⲉ"/>
		<feat xlink:href="#sSpan515" value="ⲛⲉⲣⲉ"/>
		<feat xlink:href="#sSpan516" value="ⲡ"/>
		<feat xlink:href="#sSpan518" value="ϣⲏⲣⲉ"/>
		<feat xlink:href="#sSpan520" value="ϣⲏⲙ"/>
		<feat xlink:href="#sSpan522" value="ⲛϩⲏⲧ"/>
		<feat xlink:href="#sSpan524" value="ϥ"/>
		<feat xlink:href="#sSpan525" value="."/>
		<feat xlink:href="#sSpan527" value="ⲛⲧⲉⲣ"/>
		<feat xlink:href="#sSpan530" value="ⲟⲩ"/>
		<feat xlink:href="#sSpan531" value="ⲛⲁⲩ"/>
		<feat xlink:href="#sSpan532" value="ⲉ"/>
		<feat xlink:href="#sSpan534" value="ⲡ"/>
		<feat xlink:href="#sSpan536" value="ⲥⲓⲟⲩ"/>
		<feat xlink:href="#sSpan537" value="ⲁ"/>
		<feat xlink:href="#sSpan539" value="ⲩ"/>
		<feat xlink:href="#sSpan540" value="ⲣⲁϣⲉ"/>
		<feat xlink:href="#sSpan541" value="ϩⲛ"/>
		<feat xlink:href="#sSpan543" value="ⲟⲩ"/>
		<feat xlink:href="#sSpan545" value="ⲛⲟϭ"/>
		<feat xlink:href="#sSpan546" value="ⲛ"/>
		<feat xlink:href="#sSpan548" value="ⲣⲁϣⲉ"/>
		<feat xlink:href="#sSpan549" value="ⲉⲙⲁⲧⲉ"/>
		<feat xlink:href="#sSpan551" value="."/>
		<feat xlink:href="#sSpan553" value="ⲁⲩⲱ"/>
		<feat xlink:href="#sSpan556" value="ⲛⲧⲉⲣ"/>
		<feat xlink:href="#sSpan558" value="ⲟⲩ"/>
		<feat xlink:href="#sSpan559" value="ⲉⲓ"/>
		<feat xlink:href="#sSpan561" value="ⲉϩⲣⲁⲓ"/>
		<feat xlink:href="#sSpan563" value="ⲉ"/>
		<feat xlink:href="#sSpan565" value="ⲡ"/>
		<feat xlink:href="#sSpan567" value="ⲏⲓ"/>
		<feat xlink:href="#sSpan568" value="ⲁ"/>
		<feat xlink:href="#sSpan570" value="ⲩ"/>
		<feat xlink:href="#sSpan571" value="ⲛⲁⲩ"/>
		<feat xlink:href="#sSpan572" value="ⲉ"/>
		<feat xlink:href="#sSpan574" value="ⲡ"/>
		<feat xlink:href="#sSpan576" value="ϣⲏⲣⲉ"/>
		<feat xlink:href="#sSpan578" value="ϣⲏⲙ"/>
		<feat xlink:href="#sSpan580" value="ⲙⲛ"/>
		<feat xlink:href="#sSpan582" value="ⲙⲁⲣⲓⲁ"/>
		<feat xlink:href="#sSpan584" value="ⲧⲉϥ"/>
		<feat xlink:href="#sSpan586" value="ⲙⲁⲁⲩ"/>
		<feat xlink:href="#sSpan587" value="ⲁ"/>
		<feat xlink:href="#sSpan589" value="ⲩ"/>
		<feat xlink:href="#sSpan590" value="ⲡⲁϩⲧ"/>
		<feat xlink:href="#sSpan591" value="ⲟⲩ"/>
		<feat xlink:href="#sSpan592" value="ⲁ"/>
		<feat xlink:href="#sSpan594" value="ⲩ"/>
		<feat xlink:href="#sSpan595" value="ⲟⲩⲱϣⲧ"/>
		<feat xlink:href="#sSpan596" value="ⲛⲁ"/>
		<feat xlink:href="#sSpan598" value="ϥ"/>
		<feat xlink:href="#sSpan599" value="ⲁ"/>
		<feat xlink:href="#sSpan601" value="ⲩ"/>
		<feat xlink:href="#sSpan602" value="ⲟⲩⲱⲛ"/>
		<feat xlink:href="#sSpan603" value="ⲛ"/>
		<feat xlink:href="#sSpan605" value="ⲛⲉⲩ"/>
		<feat xlink:href="#sSpan607" value="ⲁϩⲱⲱⲣ"/>
		<feat xlink:href="#sSpan608" value="ⲁ"/>
		<feat xlink:href="#sSpan610" value="ⲩ"/>
		<feat xlink:href="#sSpan611" value="ⲉⲓⲛⲉ"/>
		<feat xlink:href="#sSpan612" value="ⲛⲁ"/>
		<feat xlink:href="#sSpan614" value="ϥ"/>
		<feat xlink:href="#sSpan615" value="ⲛ"/>
		<feat xlink:href="#sSpan617" value="ϩⲉⲛ"/>
		<feat xlink:href="#sSpan619" value="ⲇⲱⲣⲟⲛ"/>
		<feat xlink:href="#sSpan620" value="ⲟⲩ"/>
		<feat xlink:href="#sSpan622" value="ⲛⲟⲩⲃ"/>
		<feat xlink:href="#sSpan623" value="ⲙⲛ"/>
		<feat xlink:href="#sSpan625" value="ⲟⲩ"/>
		<feat xlink:href="#sSpan627" value="ⲗⲓⲃⲁⲛⲟⲥ"/>
		<feat xlink:href="#sSpan628" value="ⲙⲛ"/>
		<feat xlink:href="#sSpan630" value="ⲟⲩ"/>
		<feat xlink:href="#sSpan632" value="ϣⲁⲗ"/>
		<feat xlink:href="#sSpan633" value="."/>
		<feat xlink:href="#sSpan635" value="ⲁ"/>
		<feat xlink:href="#sSpan638" value="ⲩ"/>
		<feat xlink:href="#sSpan640" value="ⲧⲟⲩⲛⲉⲓⲁⲧ"/>
		<feat xlink:href="#sSpan642" value="ⲟⲩ"/>
		<feat xlink:href="#sSpan643" value="ⲇⲉ"/>
		<feat xlink:href="#sSpan645" value="ⲉⲃⲟⲗ"/>
		<feat xlink:href="#sSpan648" value="ϩⲛ"/>
		<feat xlink:href="#sSpan650" value="ⲟⲩ"/>
		<feat xlink:href="#sSpan652" value="ⲣⲁⲥⲟⲩ"/>
		<feat xlink:href="#sSpan653" value="ⲉ"/>
		<feat xlink:href="#sSpan655" value="ⲧⲙ"/>
		<feat xlink:href="#sSpan656" value="ⲕⲟⲧ"/>
		<feat xlink:href="#sSpan657" value="ⲟⲩ"/>
		<feat xlink:href="#sSpan658" value="ϣⲁ"/>
		<feat xlink:href="#sSpan660" value="ϩⲏⲣⲱⲇⲏⲥ"/>
		<feat xlink:href="#sSpan662" value="."/>
		<feat xlink:href="#sSpan664" value="ⲉⲃⲟⲗ"/>
		<feat xlink:href="#sSpan666" value="ϩⲓⲧⲛ"/>
		<feat xlink:href="#sSpan668" value="ⲕⲉ"/>
		<feat xlink:href="#sSpan670" value="ϩⲓⲏ"/>
		<feat xlink:href="#sSpan671" value="ⲁ"/>
		<feat xlink:href="#sSpan673" value="ⲩ"/>
		<feat xlink:href="#sSpan674" value="ⲁⲛⲁⲭⲱⲣⲉⲓ"/>
		<feat xlink:href="#sSpan675" value="ⲉϩⲣⲁⲓ"/>
		<feat xlink:href="#sSpan677" value="ⲉ"/>
		<feat xlink:href="#sSpan679" value="ⲧⲉⲩ"/>
		<feat xlink:href="#sSpan681" value="ⲭⲟⲣⲁ"/>
		<feat xlink:href="#sSpan682" value="."/>
		<feat xlink:href="#sSpan684" value="ⲛⲧⲉⲣ"/>
		<feat xlink:href="#sSpan687" value="ⲟⲩ"/>
		<feat xlink:href="#sSpan688" value="ⲃⲱⲕ"/>
		<feat xlink:href="#sSpan689" value="ⲇⲉ"/>
		<feat xlink:href="#sSpan691" value="ⲉⲓⲥ"/>
		<feat xlink:href="#sSpan693" value="ⲡ"/>
		<feat xlink:href="#sSpan695" value="ⲁⲅⲅⲉⲗⲟⲥ"/>
		<feat xlink:href="#sSpan696" value="ⲙ"/>
		<feat xlink:href="#sSpan698" value="ⲡ"/>
		<feat xlink:href="#sSpan700" value="ϫⲟⲉⲓⲥ"/>
		<feat xlink:href="#sSpan701" value="ⲁ"/>
		<feat xlink:href="#sSpan703" value="ϥ"/>
		<feat xlink:href="#sSpan704" value="ⲟⲩⲱⲛϩ"/>
		<feat xlink:href="#sSpan706" value="ⲉⲃⲟⲗ"/>
		<feat xlink:href="#sSpan708" value="ϩⲛ"/>
		<feat xlink:href="#sSpan710" value="ⲟⲩ"/>
		<feat xlink:href="#sSpan712" value="ⲣⲁⲥⲟⲩ"/>
		<feat xlink:href="#sSpan713" value="ⲉ"/>
		<feat xlink:href="#sSpan715" value="ⲓⲱⲥⲏⲫ"/>
		<feat xlink:href="#sSpan717" value="ⲉ"/>
		<feat xlink:href="#sSpan719" value="ϥ"/>
		<feat xlink:href="#sSpan720" value="ϫⲱ"/>
		<feat xlink:href="#sSpan721" value="ⲙⲙⲟ"/>
		<feat xlink:href="#sSpan723" value="ⲥ"/>
		<feat xlink:href="#sSpan724" value="ϫⲉ"/>
		<feat xlink:href="#sSpan726" value="ⲧⲱⲟⲩⲛ"/>
		<feat xlink:href="#sSpan727" value="ⲛ"/>
		<feat xlink:href="#sSpan729" value="ⲅ"/>
		<feat xlink:href="#sSpan730" value="ϫⲓ"/>
		<feat xlink:href="#sSpan731" value="ⲙ"/>
		<feat xlink:href="#sSpan733" value="ⲡ"/>
		<feat xlink:href="#sSpan735" value="ϣⲏⲣⲉ"/>
		<feat xlink:href="#sSpan737" value="ϣⲏⲙ"/>
		<feat xlink:href="#sSpan739" value="ⲙⲛ"/>
		<feat xlink:href="#sSpan741" value="ⲧⲉϥ"/>
		<feat xlink:href="#sSpan743" value="ⲙⲁⲁⲩ"/>
		<feat xlink:href="#sSpan744" value="ⲛ"/>
		<feat xlink:href="#sSpan746" value="ⲅ"/>
		<feat xlink:href="#sSpan747" value="ⲃⲱⲕ"/>
		<feat xlink:href="#sSpan749" value="ⲉϩⲣⲁⲓ"/>
		<feat xlink:href="#sSpan751" value="ⲉ"/>
		<feat xlink:href="#sSpan753" value="ⲕⲏⲙⲉ"/>
		<feat xlink:href="#sSpan755" value="ⲛ"/>
		<feat xlink:href="#sSpan757" value="ⲅ"/>
		<feat xlink:href="#sSpan758" value="ϣⲱⲡⲉ"/>
		<feat xlink:href="#sSpan759" value="ϩⲙ"/>
		<feat xlink:href="#sSpan761" value="ⲡ"/>
		<feat xlink:href="#sSpan763" value="ⲙⲁ"/>
		<feat xlink:href="#sSpan764" value="ⲉⲧ"/>
		<feat xlink:href="#sSpan766" value="ⲙⲙⲁⲩ"/>
		<feat xlink:href="#sSpan767" value="ϣⲁⲛⲧ"/>
		<feat xlink:href="#sSpan769" value="ⲓ"/>
		<feat xlink:href="#sSpan770" value="ϫⲟⲟ"/>
		<feat xlink:href="#sSpan771" value="ⲥ"/>
		<feat xlink:href="#sSpan772" value="ⲛⲁ"/>
		<feat xlink:href="#sSpan774" value="ⲕ"/>
		<feat xlink:href="#sSpan775" value="."/>
		<feat xlink:href="#sSpan777" value="ϩⲏⲣⲱⲇⲏⲥ"/>
		<feat xlink:href="#sSpan780" value="ⲅⲁⲣ"/>
		<feat xlink:href="#sSpan782" value="ⲛⲁ"/>
		<feat xlink:href="#sSpan784" value="ϣⲓⲛⲉ"/>
		<feat xlink:href="#sSpan786" value="ⲛⲥⲁ"/>
		<feat xlink:href="#sSpan788" value="ⲡ"/>
		<feat xlink:href="#sSpan790" value="ϣⲏⲣⲉ"/>
		<feat xlink:href="#sSpan792" value="ϣⲏⲙ"/>
		<feat xlink:href="#sSpan794" value="ⲉ"/>
		<feat xlink:href="#sSpan796" value="ⲧⲁⲕⲟ"/>
		<feat xlink:href="#sSpan797" value="ϥ"/>
		<feat xlink:href="#sSpan798" value="."/>
		<feat xlink:href="#sSpan800" value="ⲛⲧⲟϥ"/>
		<feat xlink:href="#sSpan803" value="ⲇⲉ"/>
		<feat xlink:href="#sSpan805" value="ⲁ"/>
		<feat xlink:href="#sSpan807" value="ϥ"/>
		<feat xlink:href="#sSpan808" value="ⲧⲱⲟⲩⲛ"/>
		<feat xlink:href="#sSpan809" value="ⲁ"/>
		<feat xlink:href="#sSpan811" value="ϥ"/>
		<feat xlink:href="#sSpan812" value="ϫⲓ"/>
		<feat xlink:href="#sSpan813" value="ⲙ"/>
		<feat xlink:href="#sSpan815" value="ⲡ"/>
		<feat xlink:href="#sSpan817" value="ϣⲏⲣⲉ"/>
		<feat xlink:href="#sSpan819" value="ϣⲏⲙ"/>
		<feat xlink:href="#sSpan821" value="ⲙⲛ"/>
		<feat xlink:href="#sSpan823" value="ⲧⲉϥ"/>
		<feat xlink:href="#sSpan825" value="ⲙⲁⲁⲩ"/>
		<feat xlink:href="#sSpan826" value="ⲛ"/>
		<feat xlink:href="#sSpan828" value="ⲧⲉ"/>
		<feat xlink:href="#sSpan830" value="ⲩϣⲏ"/>
		<feat xlink:href="#sSpan831" value="ⲁ"/>
		<feat xlink:href="#sSpan833" value="ϥ"/>
		<feat xlink:href="#sSpan834" value="ⲃⲱⲕ"/>
		<feat xlink:href="#sSpan836" value="ⲉϩⲣⲁⲓ"/>
		<feat xlink:href="#sSpan838" value="ⲉ"/>
		<feat xlink:href="#sSpan840" value="ⲕⲏⲙⲉ"/>
		<feat xlink:href="#sSpan842" value="."/>
		<feat xlink:href="#sSpan844" value="ⲛⲉ"/>
		<feat xlink:href="#sSpan847" value="ϥ"/>
		<feat xlink:href="#sSpan848" value="ϣⲟⲟⲡ"/>
		<feat xlink:href="#sSpan849" value="ⲇⲉ"/>
		<feat xlink:href="#sSpan851" value="ϩⲙ"/>
		<feat xlink:href="#sSpan853" value="ⲡ"/>
		<feat xlink:href="#sSpan855" value="ⲙⲁ"/>
		<feat xlink:href="#sSpan856" value="ⲉⲧ"/>
		<feat xlink:href="#sSpan858" value="ⲙⲙⲁⲩ"/>
		<feat xlink:href="#sSpan859" value="ϣⲁⲛⲧⲉ"/>
		<feat xlink:href="#sSpan861" value="ϩⲏⲣⲱⲇⲏⲥ"/>
		<feat xlink:href="#sSpan863" value="ⲙⲟⲩ"/>
		<feat xlink:href="#sSpan865" value="."/>
		<feat xlink:href="#sSpan867" value="ϫⲉⲕⲁⲁⲥ"/>
		<feat xlink:href="#sSpan869" value="ⲉϥⲉ"/>
		<feat xlink:href="#sSpan871" value="ϫⲱⲕ"/>
		<feat xlink:href="#sSpan872" value="ⲉⲃⲟⲗ"/>
		<feat xlink:href="#sSpan874" value="ⲛϭⲓ"/>
		<feat xlink:href="#sSpan876" value="ⲡ"/>
		<feat xlink:href="#sSpan878" value="ⲉⲛⲧ"/>
		<feat xlink:href="#sSpan879" value="ⲁ"/>
		<feat xlink:href="#sSpan880" value="ⲡ"/>
		<feat xlink:href="#sSpan882" value="ϫⲟⲉⲓⲥ"/>
		<feat xlink:href="#sSpan883" value="ϫⲟⲟ"/>
		<feat xlink:href="#sSpan885" value="ϥ"/>
		<feat xlink:href="#sSpan886" value="ϩⲓⲧⲙ"/>
		<feat xlink:href="#sSpan888" value="ⲡⲉ"/>
		<feat xlink:href="#sSpan890" value="ⲡⲣⲟⲫⲏⲧⲏⲥ"/>
		<feat xlink:href="#sSpan891" value="ⲉ"/>
		<feat xlink:href="#sSpan893" value="ϥ"/>
		<feat xlink:href="#sSpan894" value="ϫⲱ"/>
		<feat xlink:href="#sSpan895" value="ⲙⲙⲟ"/>
		<feat xlink:href="#sSpan897" value="ⲥ"/>
		<feat xlink:href="#sSpan898" value="ϫⲉ"/>
		<feat xlink:href="#sSpan900" value="ⲁ"/>
		<feat xlink:href="#sSpan901" value="ⲓ"/>
		<feat xlink:href="#sSpan902" value="ⲙⲟⲩⲧⲉ"/>
		<feat xlink:href="#sSpan903" value="ⲉ"/>
		<feat xlink:href="#sSpan905" value="ⲡⲁ"/>
		<feat xlink:href="#sSpan907" value="ϣⲏⲣⲉ"/>
		<feat xlink:href="#sSpan908" value="ⲉⲃⲟⲗ"/>
		<feat xlink:href="#sSpan911" value="ϩⲛ"/>
		<feat xlink:href="#sSpan913" value="ⲕⲏⲙⲉ"/>
		<feat xlink:href="#sSpan915" value="."/>
		<feat xlink:href="#sSpan917" value="ⲧⲟⲧⲉ"/>
		<feat xlink:href="#sSpan920" value="ϩⲏⲣⲱⲇⲏⲥ"/>
		<feat xlink:href="#sSpan923" value="ⲛⲧⲉⲣⲉ"/>
		<feat xlink:href="#sSpan925" value="ϥ"/>
		<feat xlink:href="#sSpan926" value="ⲛⲁⲩ"/>
		<feat xlink:href="#sSpan927" value="ϫⲉ"/>
		<feat xlink:href="#sSpan929" value="ⲁ"/>
		<feat xlink:href="#sSpan930" value="ⲩ"/>
		<feat xlink:href="#sSpan931" value="ⲥⲱⲃⲉ"/>
		<feat xlink:href="#sSpan932" value="ⲙⲙⲟ"/>
		<feat xlink:href="#sSpan934" value="ϥ"/>
		<feat xlink:href="#sSpan935" value="ⲉⲃⲟⲗ"/>
		<feat xlink:href="#sSpan937" value="ϩⲓⲧⲛ"/>
		<feat xlink:href="#sSpan939" value="ⲙ"/>
		<feat xlink:href="#sSpan941" value="ⲙⲁⲅⲟⲥ"/>
		<feat xlink:href="#sSpan942" value="ⲁ"/>
		<feat xlink:href="#sSpan944" value="ϥ"/>
		<feat xlink:href="#sSpan945" value="ϭⲱⲛⲧ"/>
		<feat xlink:href="#sSpan946" value="ⲉⲙⲁⲧⲉ"/>
		<feat xlink:href="#sSpan948" value="ⲁ"/>
		<feat xlink:href="#sSpan950" value="ϥ"/>
		<feat xlink:href="#sSpan951" value="ϫⲟⲟⲩ"/>
		<feat xlink:href="#sSpan952" value="ⲁ"/>
		<feat xlink:href="#sSpan954" value="ϥ"/>
		<feat xlink:href="#sSpan955" value="ⲙⲟⲩⲟⲩⲧ"/>
		<feat xlink:href="#sSpan956" value="ⲛ"/>
		<feat xlink:href="#sSpan958" value="ϣⲏⲣⲉ"/>
		<feat xlink:href="#sSpan961" value="ϣⲏⲙ"/>
		<feat xlink:href="#sSpan963" value="ⲛⲓⲙ"/>
		<feat xlink:href="#sSpan965" value="ⲉⲧ"/>
		<feat xlink:href="#sSpan967" value="ϩⲛ"/>
		<feat xlink:href="#sSpan968" value="ⲃⲏⲑⲗⲉⲉⲙ"/>
		<feat xlink:href="#sSpan970" value="ⲙⲛ"/>
		<feat xlink:href="#sSpan972" value="ⲛ"/>
		<feat xlink:href="#sSpan974" value="ⲉⲧ"/>
		<feat xlink:href="#sSpan975" value="ϣⲟⲟⲡ"/>
		<feat xlink:href="#sSpan976" value="ϩⲛ"/>
		<feat xlink:href="#sSpan978" value="ⲛⲉⲥ"/>
		<feat xlink:href="#sSpan980" value="ⲧⲟϣ"/>
		<feat xlink:href="#sSpan981" value="ⲧⲏⲣ"/>
		<feat xlink:href="#sSpan983" value="ⲟⲩ"/>
		<feat xlink:href="#sSpan984" value="ϫⲓⲛ"/>
		<feat xlink:href="#sSpan986" value="ⲣⲙⲡⲉ"/>
		<feat xlink:href="#sSpan988" value="ⲥⲛⲧⲉ"/>
		<feat xlink:href="#sSpan990" value="ⲉ"/>
		<feat xlink:href="#sSpan992" value="ⲡ"/>
		<feat xlink:href="#sSpan993" value="ⲉⲥⲏⲧ"/>
		<feat xlink:href="#sSpan994" value="."/>
		<feat xlink:href="#sSpan996" value="ⲕⲁⲧⲁ"/>
		<feat xlink:href="#sSpan998" value="ⲡⲉ"/>
		<feat xlink:href="#sSpan1000" value="ⲩⲟⲉⲓϣ"/>
		<feat xlink:href="#sSpan1001" value="ⲛⲧ"/>
		<feat xlink:href="#sSpan1003" value="ⲁ"/>
		<feat xlink:href="#sSpan1004" value="ⲩ"/>
		<feat xlink:href="#sSpan1005" value="ϩⲉⲧϩⲱⲧ"/>
		<feat xlink:href="#sSpan1006" value="ϥ"/>
		<feat xlink:href="#sSpan1007" value="ⲉⲃⲟⲗ"/>
		<feat xlink:href="#sSpan1010" value="ϩⲓⲧⲟⲟⲧ"/>
		<feat xlink:href="#sSpan1012" value="ⲟⲩ"/>
		<feat xlink:href="#sSpan1013" value="ⲛ"/>
		<feat xlink:href="#sSpan1015" value="ⲙ"/>
		<feat xlink:href="#sSpan1017" value="ⲙⲁⲅⲟⲥ"/>
		<feat xlink:href="#sSpan1018" value="."/>
		<feat xlink:href="#sSpan1020" value="ⲧⲟⲧⲉ"/>
		<feat xlink:href="#sSpan1023" value="ⲁ"/>
		<feat xlink:href="#sSpan1025" value="ϥ"/>
		<feat xlink:href="#sSpan1026" value="ϫⲱⲕ"/>
		<feat xlink:href="#sSpan1027" value="ⲉⲃⲟⲗ"/>
		<feat xlink:href="#sSpan1029" value="ⲛϭⲓ"/>
		<feat xlink:href="#sSpan1031" value="ⲡ"/>
		<feat xlink:href="#sSpan1033" value="ⲉⲛⲧ"/>
		<feat xlink:href="#sSpan1034" value="ⲁ"/>
		<feat xlink:href="#sSpan1035" value="ⲩ"/>
		<feat xlink:href="#sSpan1036" value="ϫⲟⲟ"/>
		<feat xlink:href="#sSpan1037" value="ϥ"/>
		<feat xlink:href="#sSpan1038" value="ϩⲓⲧⲛ"/>
		<feat xlink:href="#sSpan1040" value="ⲓⲉⲣⲏⲙⲓⲁⲥ"/>
		<feat xlink:href="#sSpan1042" value="ⲡⲉ"/>
		<feat xlink:href="#sSpan1044" value="ⲡⲣⲟⲫⲏⲧⲏⲥ"/>
		<feat xlink:href="#sSpan1045" value="ⲉ"/>
		<feat xlink:href="#sSpan1047" value="ϥ"/>
		<feat xlink:href="#sSpan1048" value="ϫⲱ"/>
		<feat xlink:href="#sSpan1049" value="ⲙⲙⲟ"/>
		<feat xlink:href="#sSpan1051" value="ⲥ"/>
		<feat xlink:href="#sSpan1052" value="."/>
		<feat xlink:href="#sSpan1054" value="ϫⲉ"/>
		<feat xlink:href="#sSpan1057" value="ⲟⲩ"/>
		<feat xlink:href="#sSpan1059" value="ⲥⲙⲏ"/>
		<feat xlink:href="#sSpan1060" value="ⲁ"/>
		<feat xlink:href="#sSpan1062" value="ⲩ"/>
		<feat xlink:href="#sSpan1063" value="ⲥⲱⲧⲙ"/>
		<feat xlink:href="#sSpan1064" value="ⲉⲣⲟ"/>
		<feat xlink:href="#sSpan1066" value="ⲥ"/>
		<feat xlink:href="#sSpan1067" value="ϩⲛ"/>
		<feat xlink:href="#sSpan1069" value="ϩⲣⲁⲙⲙⲁ"/>
		<feat xlink:href="#sSpan1071" value="."/>
		<feat xlink:href="#sSpan1073" value="ⲟⲩ"/>
		<feat xlink:href="#sSpan1075" value="ⲣⲓⲙⲉ"/>
		<feat xlink:href="#sSpan1076" value="ⲙⲛ"/>
		<feat xlink:href="#sSpan1078" value="ⲟⲩ"/>
		<feat xlink:href="#sSpan1080" value="ⲧⲟⲉⲓⲧ"/>
		<feat xlink:href="#sSpan1081" value="ⲉ"/>
		<feat xlink:href="#sSpan1083" value="ⲛⲁϣⲱ"/>
		<feat xlink:href="#sSpan1084" value="ϥ"/>
		<feat xlink:href="#sSpan1085" value="."/>
		<feat xlink:href="#sSpan1087" value="ϩⲣⲁⲭⲏⲗ"/>
		<feat xlink:href="#sSpan1090" value="ⲉ"/>
		<feat xlink:href="#sSpan1092" value="ⲥ"/>
		<feat xlink:href="#sSpan1093" value="ⲣⲓⲙⲉ"/>
		<feat xlink:href="#sSpan1094" value="ⲉ"/>
		<feat xlink:href="#sSpan1096" value="ⲛⲉⲥ"/>
		<feat xlink:href="#sSpan1098" value="ϣⲏⲣⲉ"/>
		<feat xlink:href="#sSpan1099" value="ⲁⲩⲱ"/>
		<feat xlink:href="#sSpan1101" value="ⲙ"/>
		<feat xlink:href="#sSpan1103" value="ⲡⲉⲥ"/>
		<feat xlink:href="#sSpan1105" value="ⲟⲩⲱϣ"/>
		<feat xlink:href="#sSpan1106" value="ⲉ"/>
		<feat xlink:href="#sSpan1108" value="ⲥⲗⲥⲱⲗ"/>
		<feat xlink:href="#sSpan1109" value="ⲥ"/>
		<feat xlink:href="#sSpan1110" value="ϫⲉ"/>
		<feat xlink:href="#sSpan1112" value="ⲛ"/>
		<feat xlink:href="#sSpan1114" value="ⲛⲟⲩⲥ"/>
		<feat xlink:href="#sSpan1115" value="ⲁⲛ"/>
		<feat xlink:href="#sSpan1117" value="ⲛⲉ"/>
		<feat xlink:href="#sSpan1119" value="."/>
		<feat xlink:href="#sSpan1121" value="ⲛⲧⲉⲣⲉ"/>
		<feat xlink:href="#sSpan1124" value="ϥ"/>
		<feat xlink:href="#sSpan1125" value="ⲙⲟⲩ"/>
		<feat xlink:href="#sSpan1126" value="ⲇⲉ"/>
		<feat xlink:href="#sSpan1128" value="ⲛϭⲓ"/>
		<feat xlink:href="#sSpan1130" value="ϩⲏⲣⲱⲇⲏⲥ"/>
		<feat xlink:href="#sSpan1132" value="."/>
		<feat xlink:href="#sSpan1134" value="ⲉⲓⲥ"/>
		<feat xlink:href="#sSpan1136" value="ⲡ"/>
		<feat xlink:href="#sSpan1138" value="ⲁⲅⲅⲉⲗⲟⲥ"/>
		<feat xlink:href="#sSpan1139" value="ⲙ"/>
		<feat xlink:href="#sSpan1141" value="ⲡ"/>
		<feat xlink:href="#sSpan1143" value="ϫⲟⲉⲓⲥ"/>
		<feat xlink:href="#sSpan1144" value="ⲁ"/>
		<feat xlink:href="#sSpan1146" value="ϥ"/>
		<feat xlink:href="#sSpan1147" value="ⲟⲩⲱⲛϩ"/>
		<feat xlink:href="#sSpan1149" value="ⲉⲃⲟⲗ"/>
		<feat xlink:href="#sSpan1151" value="ϩⲛ"/>
		<feat xlink:href="#sSpan1153" value="ⲟⲩ"/>
		<feat xlink:href="#sSpan1155" value="ⲣⲁⲥⲟⲩ"/>
		<feat xlink:href="#sSpan1156" value="ⲉ"/>
		<feat xlink:href="#sSpan1158" value="ⲓⲱⲥⲏⲫ"/>
		<feat xlink:href="#sSpan1160" value="ϩⲛ"/>
		<feat xlink:href="#sSpan1162" value="ⲕⲏⲙⲉ"/>
		<feat xlink:href="#sSpan1164" value="."/>
		<feat xlink:href="#sSpan1166" value="ⲉ"/>
		<feat xlink:href="#sSpan1169" value="ϥ"/>
		<feat xlink:href="#sSpan1170" value="ϫⲱ"/>
		<feat xlink:href="#sSpan1171" value="ⲙⲙⲟ"/>
		<feat xlink:href="#sSpan1173" value="ⲥ"/>
		<feat xlink:href="#sSpan1174" value="ϫⲉ"/>
		<feat xlink:href="#sSpan1176" value="ⲧⲱⲟⲩⲛ"/>
		<feat xlink:href="#sSpan1177" value="ⲛ"/>
		<feat xlink:href="#sSpan1179" value="ⲅ"/>
		<feat xlink:href="#sSpan1180" value="ϫⲓ"/>
		<feat xlink:href="#sSpan1181" value="ⲙ"/>
		<feat xlink:href="#sSpan1183" value="ⲡ"/>
		<feat xlink:href="#sSpan1185" value="ϣⲏⲣⲉ"/>
		<feat xlink:href="#sSpan1187" value="ϣⲏⲙ"/>
		<feat xlink:href="#sSpan1189" value="ⲙⲛ"/>
		<feat xlink:href="#sSpan1191" value="ⲧⲉϥ"/>
		<feat xlink:href="#sSpan1193" value="ⲙⲁⲁⲩ"/>
		<feat xlink:href="#sSpan1194" value="ⲛ"/>
		<feat xlink:href="#sSpan1196" value="ⲅ"/>
		<feat xlink:href="#sSpan1197" value="ⲃⲱⲕ"/>
		<feat xlink:href="#sSpan1199" value="ⲉϩⲣⲁⲓ"/>
		<feat xlink:href="#sSpan1201" value="ⲉ"/>
		<feat xlink:href="#sSpan1203" value="ⲡ"/>
		<feat xlink:href="#sSpan1205" value="ⲕⲁϩ"/>
		<feat xlink:href="#sSpan1206" value="ⲙ"/>
		<feat xlink:href="#sSpan1208" value="ⲡ"/>
		<feat xlink:href="#sSpan1210" value="ⲓⲥⲣⲁⲏⲗ"/>
		<feat xlink:href="#sSpan1211" value="."/>
		<feat xlink:href="#sSpan1213" value="ⲁ"/>
		<feat xlink:href="#sSpan1215" value="ⲩ"/>
		<feat xlink:href="#sSpan1216" value="ⲙⲟⲩ"/>
		<feat xlink:href="#sSpan1217" value="ⲅⲁⲣ"/>
		<feat xlink:href="#sSpan1219" value="ⲛϭⲓ"/>
		<feat xlink:href="#sSpan1221" value="ⲛ"/>
		<feat xlink:href="#sSpan1223" value="ⲉⲧ"/>
		<feat xlink:href="#sSpan1224" value="ϣⲓⲛⲉ"/>
		<feat xlink:href="#sSpan1226" value="ⲛⲥⲁ"/>
		<feat xlink:href="#sSpan1228" value="ⲧⲉ"/>
		<feat xlink:href="#sSpan1230" value="ⲯⲩⲭⲏ"/>
		<feat xlink:href="#sSpan1231" value="ⲙ"/>
		<feat xlink:href="#sSpan1233" value="ⲡ"/>
		<feat xlink:href="#sSpan1235" value="ϣⲏⲣⲉ"/>
		<feat xlink:href="#sSpan1237" value="ϣⲏⲙ"/>
		<feat xlink:href="#sSpan1239" value="."/>
		<feat xlink:href="#sSpan1241" value="ⲛⲧⲟϥ"/>
		<feat xlink:href="#sSpan1244" value="ⲇⲉ"/>
		<feat xlink:href="#sSpan1246" value="ⲁ"/>
		<feat xlink:href="#sSpan1248" value="ϥ"/>
		<feat xlink:href="#sSpan1249" value="ⲧⲱⲟⲩⲛ"/>
		<feat xlink:href="#sSpan1250" value="ⲁ"/>
		<feat xlink:href="#sSpan1252" value="ϥ"/>
		<feat xlink:href="#sSpan1253" value="ϫⲓ"/>
		<feat xlink:href="#sSpan1254" value="ⲙ"/>
		<feat xlink:href="#sSpan1256" value="ⲡ"/>
		<feat xlink:href="#sSpan1258" value="ϣⲏⲣⲉ"/>
		<feat xlink:href="#sSpan1260" value="ϣⲏⲙ"/>
		<feat xlink:href="#sSpan1262" value="ⲙⲛ"/>
		<feat xlink:href="#sSpan1264" value="ⲧⲉϥ"/>
		<feat xlink:href="#sSpan1266" value="ⲙⲁⲁⲩ"/>
		<feat xlink:href="#sSpan1267" value="ⲁ"/>
		<feat xlink:href="#sSpan1269" value="ϥ"/>
		<feat xlink:href="#sSpan1270" value="ⲃⲱⲕ"/>
		<feat xlink:href="#sSpan1272" value="ⲉϩⲣⲁⲓ"/>
		<feat xlink:href="#sSpan1274" value="ⲉ"/>
		<feat xlink:href="#sSpan1276" value="ⲡ"/>
		<feat xlink:href="#sSpan1278" value="ⲕⲁϩ"/>
		<feat xlink:href="#sSpan1279" value="ⲙ"/>
		<feat xlink:href="#sSpan1281" value="ⲡ"/>
		<feat xlink:href="#sSpan1283" value="ⲓⲥⲣⲁⲏⲗ"/>
		<feat xlink:href="#sSpan1284" value="."/>
		<feat xlink:href="#sSpan1286" value="ⲁ"/>
		<feat xlink:href="#sSpan1289" value="ϥ"/>
		<feat xlink:href="#sSpan1290" value="ⲥⲱⲧⲙ"/>
		<feat xlink:href="#sSpan1291" value="ⲇⲉ"/>
		<feat xlink:href="#sSpan1293" value="ϫⲉ"/>
		<feat xlink:href="#sSpan1295" value="ⲁⲣⲭⲏⲗⲁⲟⲥ"/>
		<feat xlink:href="#sSpan1297" value="ⲡ"/>
		<feat xlink:href="#sSpan1299" value="ⲉⲧ"/>
		<feat xlink:href="#sSpan1300" value="ⲟ"/>
		<feat xlink:href="#sSpan1302" value="ⲛ"/>
		<feat xlink:href="#sSpan1304" value="ⲣⲣⲟ"/>
		<feat xlink:href="#sSpan1306" value="ⲉϫⲛ"/>
		<feat xlink:href="#sSpan1308" value="ⲧ"/>
		<feat xlink:href="#sSpan1310" value="ⲓⲟⲩⲇⲁⲓⲁ"/>
		<feat xlink:href="#sSpan1311" value="ⲉ"/>
		<feat xlink:href="#sSpan1313" value="ⲡ"/>
		<feat xlink:href="#sSpan1315" value="ⲙⲁ"/>
		<feat xlink:href="#sSpan1316" value="ⲛ"/>
		<feat xlink:href="#sSpan1318" value="ϩⲏⲣⲱⲇⲏⲥ"/>
		<feat xlink:href="#sSpan1320" value="ⲡⲉϥ"/>
		<feat xlink:href="#sSpan1322" value="ⲉⲓⲱⲧ"/>
		<feat xlink:href="#sSpan1323" value="ⲁ"/>
		<feat xlink:href="#sSpan1325" value="ϥ"/>
		<feat xlink:href="#sSpan1327" value="ⲣϩⲟⲧⲉ"/>
		<feat xlink:href="#sSpan1329" value="ⲉ"/>
		<feat xlink:href="#sSpan1331" value="ⲃⲱⲕ"/>
		<feat xlink:href="#sSpan1333" value="ⲉ"/>
		<feat xlink:href="#sSpan1335" value="ⲡ"/>
		<feat xlink:href="#sSpan1337" value="ⲙⲁ"/>
		<feat xlink:href="#sSpan1338" value="ⲉⲧ"/>
		<feat xlink:href="#sSpan1340" value="ⲙⲙⲁⲩ"/>
		<feat xlink:href="#sSpan1341" value="."/>
		<feat xlink:href="#sSpan1343" value="ⲁ"/>
		<feat xlink:href="#sSpan1345" value="ⲩ"/>
		<feat xlink:href="#sSpan1347" value="ⲧⲟⲩⲛⲉⲓⲁⲧ"/>
		<feat xlink:href="#sSpan1349" value="ϥ"/>
		<feat xlink:href="#sSpan1350" value="ⲇⲉ"/>
		<feat xlink:href="#sSpan1352" value="ⲉⲃⲟⲗ"/>
		<feat xlink:href="#sSpan1355" value="ϩⲛ"/>
		<feat xlink:href="#sSpan1357" value="ⲟⲩ"/>
		<feat xlink:href="#sSpan1359" value="ⲣⲁⲥⲟⲩ"/>
		<feat xlink:href="#sSpan1360" value="ⲁ"/>
		<feat xlink:href="#sSpan1362" value="ϥ"/>
		<feat xlink:href="#sSpan1363" value="ⲁⲛⲁⲭⲱⲣⲉⲓ"/>
		<feat xlink:href="#sSpan1364" value="ⲉϩⲣⲁⲓ"/>
		<feat xlink:href="#sSpan1366" value="ⲉ"/>
		<feat xlink:href="#sSpan1368" value="ⲙ"/>
		<feat xlink:href="#sSpan1370" value="ⲙⲟⲟϣⲧⲉ"/>
		<feat xlink:href="#sSpan1371" value="ⲛ"/>
		<feat xlink:href="#sSpan1373" value="ⲧ"/>
		<feat xlink:href="#sSpan1375" value="ⲅⲁⲗⲓⲗⲁⲓⲁ"/>
		<feat xlink:href="#sSpan1376" value="."/>
		<feat xlink:href="#sSpan1378" value="ⲁ"/>
		<feat xlink:href="#sSpan1381" value="ϥ"/>
		<feat xlink:href="#sSpan1382" value="ⲉⲓ"/>
		<feat xlink:href="#sSpan1383" value="ⲁ"/>
		<feat xlink:href="#sSpan1385" value="ϥ"/>
		<feat xlink:href="#sSpan1386" value="ⲟⲩⲱϩ"/>
		<feat xlink:href="#sSpan1387" value="ϩⲛ"/>
		<feat xlink:href="#sSpan1389" value="ⲟⲩ"/>
		<feat xlink:href="#sSpan1391" value="ⲡⲟⲗⲓⲥ"/>
		<feat xlink:href="#sSpan1392" value="ⲛ"/>
		<feat xlink:href="#sSpan1394" value="ϣⲁ"/>
		<feat xlink:href="#sSpan1395" value="ⲩ"/>
		<feat xlink:href="#sSpan1396" value="ⲙⲟⲩⲧⲉ"/>
		<feat xlink:href="#sSpan1397" value="ⲉⲣⲟ"/>
		<feat xlink:href="#sSpan1399" value="ⲥ"/>
		<feat xlink:href="#sSpan1400" value="ϫⲉ"/>
		<feat xlink:href="#sSpan1402" value="ⲛⲁⲍⲁⲣⲉⲑ"/>
		<feat xlink:href="#sSpan1404" value="."/>
		<feat xlink:href="#sSpan1406" value="ϫⲉⲕⲁⲁⲥ"/>
		<feat xlink:href="#sSpan1408" value="ⲉϥⲉ"/>
		<feat xlink:href="#sSpan1410" value="ϫⲱⲕ"/>
		<feat xlink:href="#sSpan1411" value="ⲉⲃⲟⲗ"/>
		<feat xlink:href="#sSpan1413" value="ⲛϭⲓ"/>
		<feat xlink:href="#sSpan1415" value="ⲡ"/>
		<feat xlink:href="#sSpan1417" value="ⲉⲛⲧ"/>
		<feat xlink:href="#sSpan1418" value="ⲁ"/>
		<feat xlink:href="#sSpan1419" value="ⲩ"/>
		<feat xlink:href="#sSpan1420" value="ϫⲟⲟ"/>
		<feat xlink:href="#sSpan1421" value="ϥ"/>
		<feat xlink:href="#sSpan1422" value="ϩⲓⲧⲙ"/>
		<feat xlink:href="#sSpan1424" value="ⲡⲉ"/>
		<feat xlink:href="#sSpan1426" value="ⲡⲣⲟⲫⲏⲧⲏⲥ"/>
		<feat xlink:href="#sSpan1427" value="ϫⲉ"/>
		<feat xlink:href="#sSpan1429" value="ⲥⲉ"/>
		<feat xlink:href="#sSpan1430" value="ⲛⲁ"/>
		<feat xlink:href="#sSpan1431" value="ⲙⲟⲩⲧⲉ"/>
		<feat xlink:href="#sSpan1432" value="ⲉⲣⲟ"/>
		<feat xlink:href="#sSpan1434" value="ϥ"/>
		<feat xlink:href="#sSpan1435" value="ϫⲉ"/>
		<feat xlink:href="#sSpan1437" value="ⲡ"/>
		<feat xlink:href="#sSpan1439" value="ⲛⲁⲍⲱⲣⲁⲓⲟⲥ"/>
		<feat xlink:href="#sSpan1440" value="."/></featList></paula>