<?xml version='1.0' encoding='UTF-8'?><!DOCTYPE paula SYSTEM "paula_feat.dtd">
<paula version="1.1">
	<header paula_id="scriptorium.40_Matthew_02.mark_orig_group"/>
	<featList xmlns:xlink="http://www.w3.org/1999/xlink" type="orig_group" xml:base="scriptorium.40_Matthew_02.mark.xml">
		<feat xlink:href="#sSpan3" value="ⲓⲏⲥⲟⲩⲥ"/>
		<feat xlink:href="#sSpan6" value="ⲇⲉ"/>
		<feat xlink:href="#sSpan8" value="ⲛⲧⲉⲣⲟⲩϫⲡⲟϥ"/>
		<feat xlink:href="#sSpan13" value="ϩⲣⲁⲓ"/>
		<feat xlink:href="#sSpan16" value="ϩⲛⲃⲏⲑⲗⲉⲉⲙ"/>
		<feat xlink:href="#sSpan20" value="ⲛⲧⲉⲧⲓⲟⲩⲇⲁⲓⲁ"/>
		<feat xlink:href="#sSpan25" value="ϩⲛⲛⲉϩⲟⲟⲩ"/>
		<feat xlink:href="#sSpan30" value="ⲛϩⲏⲣⲱⲇⲏⲥ"/>
		<feat xlink:href="#sSpan34" value="ⲡⲣⲣⲟ"/>
		<feat xlink:href="#sSpan37" value="."/>
		<feat xlink:href="#sSpan39" value="ⲉⲓⲥ"/>
		<feat xlink:href="#sSpan42" value="ϩⲉⲛⲙⲁⲅⲟⲥ"/>
		<feat xlink:href="#sSpan45" value="ⲁⲩⲉⲓ"/>
		<feat xlink:href="#sSpan50" value="ⲉⲃⲟⲗ"/>
		<feat xlink:href="#sSpan52" value="ϩⲛⲛⲉⲙⲁⲛϣⲁ"/>
		<feat xlink:href="#sSpan57" value="ⲉϩⲣⲁⲓ"/>
		<feat xlink:href="#sSpan59" value="ⲉⲧϩⲓⲉⲣⲟⲥⲟⲗⲩⲙⲁ"/>
		<feat xlink:href="#sSpan64" value="."/>
		<feat xlink:href="#sSpan66" value="ⲉⲩϫⲱ"/>
		<feat xlink:href="#sSpan70" value="ⲙⲙⲟⲥ"/>
		<feat xlink:href="#sSpan73" value="."/>
		<feat xlink:href="#sSpan75" value="ϫⲉⲉϥⲧⲱⲛ"/>
		<feat xlink:href="#sSpan81" value="ⲡⲣⲣⲟ"/>
		<feat xlink:href="#sSpan85" value="ⲛⲛⲓⲟⲩⲇⲁⲓ"/>
		<feat xlink:href="#sSpan90" value="ⲛⲧⲁⲩϫⲡⲟϥ"/>
		<feat xlink:href="#sSpan96" value="."/>
		<feat xlink:href="#sSpan98" value="ⲁⲛⲛⲁⲩ"/>
		<feat xlink:href="#sSpan102" value="ⲅⲁⲣ"/>
		<feat xlink:href="#sSpan104" value="ⲉⲡⲉϥⲥⲓⲟⲩ"/>
		<feat xlink:href="#sSpan109" value="ϩⲛⲛⲉⲙⲁⲛϣⲁ"/>
		<feat xlink:href="#sSpan114" value="ⲁⲛⲉⲓ"/>
		<feat xlink:href="#sSpan119" value="ⲉⲟⲩⲱϣⲧ"/>
		<feat xlink:href="#sSpan122" value="ⲛⲁϥ"/>
		<feat xlink:href="#sSpan125" value="."/>
		<feat xlink:href="#sSpan127" value="ⲁϥⲥⲱⲧⲙ"/>
		<feat xlink:href="#sSpan132" value="ⲇⲉ"/>
		<feat xlink:href="#sSpan134" value="ⲛϭⲓϩⲏⲣⲱⲇⲏⲥ"/>
		<feat xlink:href="#sSpan138" value="ⲡⲣⲣⲟ"/>
		<feat xlink:href="#sSpan141" value="."/>
		<feat xlink:href="#sSpan143" value="ⲁϥϣⲧⲟⲣⲧⲣ"/>
		<feat xlink:href="#sSpan147" value="ⲉⲙⲁⲧⲉ"/>
		<feat xlink:href="#sSpan149" value="ⲙⲛⲧϩⲓⲉⲣⲟⲥⲟⲗⲩⲙⲁ"/>
		<feat xlink:href="#sSpan154" value="ⲧⲏⲣⲥ"/>
		<feat xlink:href="#sSpan157" value="ⲛⲙⲙⲁϥ"/>
		<feat xlink:href="#sSpan160" value="."/>
		<feat xlink:href="#sSpan162" value="ⲁϥⲥⲱⲟⲩϩ"/>
		<feat xlink:href="#sSpan167" value="ⲉϩⲟⲩⲛ"/>
		<feat xlink:href="#sSpan169" value="ⲛⲛⲁⲣⲭⲓⲉⲣⲉⲩⲥ"/>
		<feat xlink:href="#sSpan174" value="ⲧⲏⲣⲟⲩ"/>
		<feat xlink:href="#sSpan177" value="ⲙⲛⲛⲉⲅⲣⲁⲙⲙⲁⲧⲉⲩⲥ"/>
		<feat xlink:href="#sSpan182" value="ⲙⲡⲗⲁⲟⲥ"/>
		<feat xlink:href="#sSpan187" value="."/>
		<feat xlink:href="#sSpan189" value="ⲁϥϣⲓⲛⲉ"/>
		<feat xlink:href="#sSpan193" value="ⲉⲃⲟⲗ"/>
		<feat xlink:href="#sSpan196" value="ϩⲓⲧⲟⲟⲧⲟⲩ"/>
		<feat xlink:href="#sSpan199" value="ϫⲉⲉⲩⲛⲁϫⲡⲟ"/>
		<feat xlink:href="#sSpan205" value="ⲙⲡⲉⲭⲣⲓⲥⲧⲟⲥ"/>
		<feat xlink:href="#sSpan210" value="ⲧⲱⲛ"/>
		<feat xlink:href="#sSpan212" value="."/>
		<feat xlink:href="#sSpan214" value="ⲛⲧⲟⲟⲩ"/>
		<feat xlink:href="#sSpan217" value="ⲇⲉ"/>
		<feat xlink:href="#sSpan219" value="ⲡⲉϫⲁⲩ"/>
		<feat xlink:href="#sSpan222" value="ⲛⲁϥ"/>
		<feat xlink:href="#sSpan225" value="ϫⲉϩⲣⲁⲓ"/>
		<feat xlink:href="#sSpan230" value="ϩⲛⲃⲏⲑⲗⲉⲉⲙ"/>
		<feat xlink:href="#sSpan234" value="ⲛⲧⲉⲧⲓⲟⲩⲇⲁⲓⲁ"/>
		<feat xlink:href="#sSpan239" value="."/>
		<feat xlink:href="#sSpan241" value="ⲉϥⲥⲏϩ"/>
		<feat xlink:href="#sSpan245" value="ⲅⲁⲣ"/>
		<feat xlink:href="#sSpan247" value="ⲛⲧⲉⲓϩⲉ"/>
		<feat xlink:href="#sSpan251" value="ϩⲓⲧⲙⲡⲉⲡⲣⲟⲫⲏⲧⲏⲥ"/>
		<feat xlink:href="#sSpan256" value="."/>
		<feat xlink:href="#sSpan258" value="ϫⲉⲛⲧⲟ"/>
		<feat xlink:href="#sSpan262" value="ϩⲱⲱⲧⲉ"/>
		<feat xlink:href="#sSpan266" value="ⲃⲏⲑⲗⲉⲉⲙ"/>
		<feat xlink:href="#sSpan268" value="ⲡⲕⲁϩ"/>
		<feat xlink:href="#sSpan272" value="ⲛⲓⲟⲩⲇⲁ"/>
		<feat xlink:href="#sSpan276" value="ⲛⲧⲉϫⲟⲗϩ"/>
		<feat xlink:href="#sSpan281" value="ⲁⲛ"/>
		<feat xlink:href="#sSpan283" value="ϩⲛⲛϩⲏⲅⲉⲙⲱⲛ"/>
		<feat xlink:href="#sSpan288" value="ⲛⲓⲟⲩⲇⲁ"/>
		<feat xlink:href="#sSpan292" value="."/>
		<feat xlink:href="#sSpan294" value="ϥⲛⲏⲩ"/>
		<feat xlink:href="#sSpan297" value="ⲅⲁⲣ"/>
		<feat xlink:href="#sSpan299" value="ⲉⲃⲟⲗ"/>
		<feat xlink:href="#sSpan301" value="ⲛϩⲏⲧⲉ"/>
		<feat xlink:href="#sSpan305" value="ⲛϭⲓⲟⲩϩⲏⲅⲟⲩⲙⲉⲛⲟⲥ"/>
		<feat xlink:href="#sSpan310" value="."/>
		<feat xlink:href="#sSpan312" value="ⲡⲁⲓ"/>
		<feat xlink:href="#sSpan314" value="ⲉⲧⲛⲁⲙⲟⲟⲛⲉ"/>
		<feat xlink:href="#sSpan318" value="ⲙⲡⲁⲗⲁⲟⲥ"/>
		<feat xlink:href="#sSpan323" value="ⲡⲓⲥⲣⲁⲏⲗ"/>
		<feat xlink:href="#sSpan326" value="."/>
		<feat xlink:href="#sSpan328" value="ⲧⲟⲧⲉ"/>
		<feat xlink:href="#sSpan332" value="ϩⲏⲣⲱⲇⲏⲥ"/>
		<feat xlink:href="#sSpan334" value="ⲁϥⲙⲟⲩⲧⲉ"/>
		<feat xlink:href="#sSpan338" value="ⲉⲙⲙⲁⲅⲟⲥ"/>
		<feat xlink:href="#sSpan343" value="ⲛϫⲓⲟⲩⲉ"/>
		<feat xlink:href="#sSpan347" value="ⲁϥϣⲓⲛⲉ"/>
		<feat xlink:href="#sSpan351" value="ⲉⲃⲟⲗ"/>
		<feat xlink:href="#sSpan354" value="ϩⲓⲧⲟⲟⲧⲟⲩ"/>
		<feat xlink:href="#sSpan357" value="ⲛⲥⲁⲡⲉⲩⲟⲉⲓϣ"/>
		<feat xlink:href="#sSpan362" value="ⲙⲡⲥⲓⲟⲩ"/>
		<feat xlink:href="#sSpan367" value="ⲛⲧⲁϥⲟⲩⲱⲛϩ"/>
		<feat xlink:href="#sSpan373" value="ⲉⲃⲟⲗ"/>
		<feat xlink:href="#sSpan375" value="."/>
		<feat xlink:href="#sSpan377" value="ⲁϥϫⲟⲟⲥⲉ"/>
		<feat xlink:href="#sSpan383" value="ⲉϩⲣⲁⲓ"/>
		<feat xlink:href="#sSpan385" value="ⲉⲃⲏⲑⲗⲉⲉⲙ"/>
		<feat xlink:href="#sSpan389" value="ⲉϥϫⲱ"/>
		<feat xlink:href="#sSpan393" value="ⲙⲙⲟⲥ"/>
		<feat xlink:href="#sSpan396" value="ϫⲉⲃⲱⲕ"/>
		<feat xlink:href="#sSpan399" value="ⲛⲧⲉⲧⲛϣⲓⲛⲉ"/>
		<feat xlink:href="#sSpan403" value="ϩⲛⲟⲩⲱⲣϫ"/>
		<feat xlink:href="#sSpan407" value="ⲉⲧⲃⲉⲡϣⲏⲣⲉ"/>
		<feat xlink:href="#sSpan413" value="ϣⲏⲙ"/>
		<feat xlink:href="#sSpan415" value="."/>
		<feat xlink:href="#sSpan417" value="ⲉϣⲱⲡⲉ"/>
		<feat xlink:href="#sSpan419" value="ⲇⲉ"/>
		<feat xlink:href="#sSpan421" value="ⲉⲧⲉⲧⲛϣⲁⲛϩⲉ"/>
		<feat xlink:href="#sSpan425" value="ⲉⲣⲟϥ"/>
		<feat xlink:href="#sSpan428" value="ⲙⲁⲧⲁⲙⲙⲟⲓ"/>
		<feat xlink:href="#sSpan432" value="ϩⲱ"/>
		<feat xlink:href="#sSpan434" value="ϫⲉⲕⲁⲁⲥ"/>
		<feat xlink:href="#sSpan436" value="ⲉⲓⲉⲉⲓ"/>
		<feat xlink:href="#sSpan440" value="ⲛⲧⲁⲟⲩⲱϣⲧ"/>
		<feat xlink:href="#sSpan444" value="ⲛⲁϥ"/>
		<feat xlink:href="#sSpan447" value="."/>
		<feat xlink:href="#sSpan449" value="ⲛⲧⲟⲟⲩ"/>
		<feat xlink:href="#sSpan452" value="ⲇⲉ"/>
		<feat xlink:href="#sSpan454" value="ⲛⲧⲉⲣⲟⲩⲥⲱⲧⲙ"/>
		<feat xlink:href="#sSpan458" value="ⲉⲃⲟⲗ"/>
		<feat xlink:href="#sSpan460" value="ϩⲓⲧⲙⲡⲣⲣⲟ"/>
		<feat xlink:href="#sSpan465" value="ⲁⲩⲃⲱⲕ"/>
		<feat xlink:href="#sSpan469" value="ⲁⲩⲱ"/>
		<feat xlink:href="#sSpan471" value="ⲉⲓⲥⲡⲥⲓⲟⲩ"/>
		<feat xlink:href="#sSpan476" value="ⲛⲧⲁⲩⲛⲁⲩ"/>
		<feat xlink:href="#sSpan481" value="ⲉⲣⲟϥ"/>
		<feat xlink:href="#sSpan484" value="ϩⲛⲛⲉⲙⲁⲛϣⲁ"/>
		<feat xlink:href="#sSpan489" value="ⲁϥⲙⲟⲟϣⲉ"/>
		<feat xlink:href="#sSpan495" value="ϩⲏⲧⲟⲩ"/>
		<feat xlink:href="#sSpan498" value="ϣⲁⲛⲧⲉϥⲉⲓ"/>
		<feat xlink:href="#sSpan503" value="ⲛϥⲁϩⲉⲣⲁⲧϥ"/>
		<feat xlink:href="#sSpan509" value="ⲉϫⲙⲡⲙⲁ"/>
		<feat xlink:href="#sSpan514" value="ⲉⲛⲉⲣⲉⲡϣⲏⲣⲉ"/>
		<feat xlink:href="#sSpan521" value="ϣⲏⲙ"/>
		<feat xlink:href="#sSpan523" value="ⲛϩⲏⲧϥ"/>
		<feat xlink:href="#sSpan526" value="."/>
		<feat xlink:href="#sSpan528" value="ⲛⲧⲉⲣⲟⲩⲛⲁⲩ"/>
		<feat xlink:href="#sSpan533" value="ⲉⲡⲥⲓⲟⲩ"/>
		<feat xlink:href="#sSpan538" value="ⲁⲩⲣⲁϣⲉ"/>
		<feat xlink:href="#sSpan542" value="ϩⲛⲟⲩⲛⲟϭ"/>
		<feat xlink:href="#sSpan547" value="ⲛⲣⲁϣⲉ"/>
		<feat xlink:href="#sSpan550" value="ⲉⲙⲁⲧⲉ"/>
		<feat xlink:href="#sSpan552" value="."/>
		<feat xlink:href="#sSpan554" value="ⲁⲩⲱ"/>
		<feat xlink:href="#sSpan557" value="ⲛⲧⲉⲣⲟⲩⲉⲓ"/>
		<feat xlink:href="#sSpan562" value="ⲉϩⲣⲁⲓ"/>
		<feat xlink:href="#sSpan564" value="ⲉⲡⲏⲓ"/>
		<feat xlink:href="#sSpan569" value="ⲁⲩⲛⲁⲩ"/>
		<feat xlink:href="#sSpan573" value="ⲉⲡϣⲏⲣⲉ"/>
		<feat xlink:href="#sSpan579" value="ϣⲏⲙ"/>
		<feat xlink:href="#sSpan581" value="ⲙⲛⲙⲁⲣⲓⲁ"/>
		<feat xlink:href="#sSpan585" value="ⲧⲉϥⲙⲁⲁⲩ"/>
		<feat xlink:href="#sSpan588" value="ⲁⲩⲡⲁϩⲧⲟⲩ"/>
		<feat xlink:href="#sSpan593" value="ⲁⲩⲟⲩⲱϣⲧ"/>
		<feat xlink:href="#sSpan597" value="ⲛⲁϥ"/>
		<feat xlink:href="#sSpan600" value="ⲁⲩⲟⲩⲱⲛ"/>
		<feat xlink:href="#sSpan604" value="ⲛⲛⲉⲩⲁϩⲱⲱⲣ"/>
		<feat xlink:href="#sSpan609" value="ⲁⲩⲉⲓⲛⲉ"/>
		<feat xlink:href="#sSpan613" value="ⲛⲁϥ"/>
		<feat xlink:href="#sSpan616" value="ⲛϩⲉⲛⲇⲱⲣⲟⲛ"/>
		<feat xlink:href="#sSpan621" value="ⲟⲩⲛⲟⲩⲃ"/>
		<feat xlink:href="#sSpan624" value="ⲙⲛⲟⲩⲗⲓⲃⲁⲛⲟⲥ"/>
		<feat xlink:href="#sSpan629" value="ⲙⲛⲟⲩϣⲁⲗ"/>
		<feat xlink:href="#sSpan634" value="."/>
		<feat xlink:href="#sSpan636" value="ⲁⲩⲧⲟⲩⲛⲉⲓⲁⲧⲟⲩ"/>
		<feat xlink:href="#sSpan644" value="ⲇⲉ"/>
		<feat xlink:href="#sSpan646" value="ⲉⲃⲟⲗ"/>
		<feat xlink:href="#sSpan649" value="ϩⲛⲟⲩⲣⲁⲥⲟⲩ"/>
		<feat xlink:href="#sSpan654" value="ⲉⲧⲙⲕⲟⲧⲟⲩ"/>
		<feat xlink:href="#sSpan659" value="ϣⲁϩⲏⲣⲱⲇⲏⲥ"/>
		<feat xlink:href="#sSpan663" value="."/>
		<feat xlink:href="#sSpan665" value="ⲉⲃⲟⲗ"/>
		<feat xlink:href="#sSpan667" value="ϩⲓⲧⲛⲕⲉϩⲓⲏ"/>
		<feat xlink:href="#sSpan672" value="ⲁⲩⲁⲛⲁⲭⲱⲣⲉⲓ"/>
		<feat xlink:href="#sSpan676" value="ⲉϩⲣⲁⲓ"/>
		<feat xlink:href="#sSpan678" value="ⲉⲧⲉⲩⲭⲟⲣⲁ"/>
		<feat xlink:href="#sSpan683" value="."/>
		<feat xlink:href="#sSpan685" value="ⲛⲧⲉⲣⲟⲩⲃⲱⲕ"/>
		<feat xlink:href="#sSpan690" value="ⲇⲉ"/>
		<feat xlink:href="#sSpan692" value="ⲉⲓⲥⲡⲁⲅⲅⲉⲗⲟⲥ"/>
		<feat xlink:href="#sSpan697" value="ⲙⲡϫⲟⲉⲓⲥ"/>
		<feat xlink:href="#sSpan702" value="ⲁϥⲟⲩⲱⲛϩ"/>
		<feat xlink:href="#sSpan707" value="ⲉⲃⲟⲗ"/>
		<feat xlink:href="#sSpan709" value="ϩⲛⲟⲩⲣⲁⲥⲟⲩ"/>
		<feat xlink:href="#sSpan714" value="ⲉⲓⲱⲥⲏⲫ"/>
		<feat xlink:href="#sSpan718" value="ⲉϥϫⲱ"/>
		<feat xlink:href="#sSpan722" value="ⲙⲙⲟⲥ"/>
		<feat xlink:href="#sSpan725" value="ϫⲉⲧⲱⲟⲩⲛ"/>
		<feat xlink:href="#sSpan728" value="ⲛⲅϫⲓ"/>
		<feat xlink:href="#sSpan732" value="ⲙⲡϣⲏⲣⲉ"/>
		<feat xlink:href="#sSpan738" value="ϣⲏⲙ"/>
		<feat xlink:href="#sSpan740" value="ⲙⲛⲧⲉϥⲙⲁⲁⲩ"/>
		<feat xlink:href="#sSpan745" value="ⲛⲅⲃⲱⲕ"/>
		<feat xlink:href="#sSpan750" value="ⲉϩⲣⲁⲓ"/>
		<feat xlink:href="#sSpan752" value="ⲉⲕⲏⲙⲉ"/>
		<feat xlink:href="#sSpan756" value="ⲛⲅϣⲱⲡⲉ"/>
		<feat xlink:href="#sSpan760" value="ϩⲙⲡⲙⲁ"/>
		<feat xlink:href="#sSpan765" value="ⲉⲧⲙⲙⲁⲩ"/>
		<feat xlink:href="#sSpan768" value="ϣⲁⲛⲧⲓϫⲟⲟⲥ"/>
		<feat xlink:href="#sSpan773" value="ⲛⲁⲕ"/>
		<feat xlink:href="#sSpan776" value="."/>
		<feat xlink:href="#sSpan779" value="ϩⲏⲣⲱⲇⲏⲥ"/>
		<feat xlink:href="#sSpan781" value="ⲅⲁⲣ"/>
		<feat xlink:href="#sSpan783" value="ⲛⲁϣⲓⲛⲉ"/>
		<feat xlink:href="#sSpan787" value="ⲛⲥⲁⲡϣⲏⲣⲉ"/>
		<feat xlink:href="#sSpan793" value="ϣⲏⲙ"/>
		<feat xlink:href="#sSpan795" value="ⲉⲧⲁⲕⲟϥ"/>
		<feat xlink:href="#sSpan799" value="."/>
		<feat xlink:href="#sSpan801" value="ⲛⲧⲟϥ"/>
		<feat xlink:href="#sSpan804" value="ⲇⲉ"/>
		<feat xlink:href="#sSpan806" value="ⲁϥⲧⲱⲟⲩⲛ"/>
		<feat xlink:href="#sSpan810" value="ⲁϥϫⲓ"/>
		<feat xlink:href="#sSpan814" value="ⲙⲡϣⲏⲣⲉ"/>
		<feat xlink:href="#sSpan820" value="ϣⲏⲙ"/>
		<feat xlink:href="#sSpan822" value="ⲙⲛⲧⲉϥⲙⲁⲁⲩ"/>
		<feat xlink:href="#sSpan827" value="ⲛⲧⲉⲩϣⲏ"/>
		<feat xlink:href="#sSpan832" value="ⲁϥⲃⲱⲕ"/>
		<feat xlink:href="#sSpan837" value="ⲉϩⲣⲁⲓ"/>
		<feat xlink:href="#sSpan839" value="ⲉⲕⲏⲙⲉ"/>
		<feat xlink:href="#sSpan843" value="."/>
		<feat xlink:href="#sSpan845" value="ⲛⲉϥϣⲟⲟⲡ"/>
		<feat xlink:href="#sSpan850" value="ⲇⲉ"/>
		<feat xlink:href="#sSpan852" value="ϩⲙⲡⲙⲁ"/>
		<feat xlink:href="#sSpan857" value="ⲉⲧⲙⲙⲁⲩ"/>
		<feat xlink:href="#sSpan860" value="ϣⲁⲛⲧⲉϩⲏⲣⲱⲇⲏⲥ"/>
		<feat xlink:href="#sSpan864" value="ⲙⲟⲩ"/>
		<feat xlink:href="#sSpan866" value="."/>
		<feat xlink:href="#sSpan868" value="ϫⲉⲕⲁⲁⲥ"/>
		<feat xlink:href="#sSpan870" value="ⲉϥⲉϫⲱⲕ"/>
		<feat xlink:href="#sSpan873" value="ⲉⲃⲟⲗ"/>
		<feat xlink:href="#sSpan875" value="ⲛϭⲓⲡⲉⲛⲧⲁⲡϫⲟⲉⲓⲥ"/>
		<feat xlink:href="#sSpan884" value="ϫⲟⲟϥ"/>
		<feat xlink:href="#sSpan887" value="ϩⲓⲧⲙⲡⲉⲡⲣⲟⲫⲏⲧⲏⲥ"/>
		<feat xlink:href="#sSpan892" value="ⲉϥϫⲱ"/>
		<feat xlink:href="#sSpan896" value="ⲙⲙⲟⲥ"/>
		<feat xlink:href="#sSpan899" value="ϫⲉⲁⲓⲙⲟⲩⲧⲉ"/>
		<feat xlink:href="#sSpan904" value="ⲉⲡⲁϣⲏⲣⲉ"/>
		<feat xlink:href="#sSpan909" value="ⲉⲃⲟⲗ"/>
		<feat xlink:href="#sSpan912" value="ϩⲛⲕⲏⲙⲉ"/>
		<feat xlink:href="#sSpan916" value="."/>
		<feat xlink:href="#sSpan918" value="ⲧⲟⲧⲉ"/>
		<feat xlink:href="#sSpan922" value="ϩⲏⲣⲱⲇⲏⲥ"/>
		<feat xlink:href="#sSpan924" value="ⲛⲧⲉⲣⲉϥⲛⲁⲩ"/>
		<feat xlink:href="#sSpan928" value="ϫⲉⲁⲩⲥⲱⲃⲉ"/>
		<feat xlink:href="#sSpan933" value="ⲙⲙⲟϥ"/>
		<feat xlink:href="#sSpan936" value="ⲉⲃⲟⲗ"/>
		<feat xlink:href="#sSpan938" value="ϩⲓⲧⲛⲙⲙⲁⲅⲟⲥ"/>
		<feat xlink:href="#sSpan943" value="ⲁϥϭⲱⲛⲧ"/>
		<feat xlink:href="#sSpan947" value="ⲉⲙⲁⲧⲉ"/>
		<feat xlink:href="#sSpan949" value="ⲁϥϫⲟⲟⲩ"/>
		<feat xlink:href="#sSpan953" value="ⲁϥⲙⲟⲩⲟⲩⲧ"/>
		<feat xlink:href="#sSpan957" value="ⲛϣⲏⲣⲉ"/>
		<feat xlink:href="#sSpan962" value="ϣⲏⲙ"/>
		<feat xlink:href="#sSpan964" value="ⲛⲓⲙ"/>
		<feat xlink:href="#sSpan966" value="ⲉⲧϩⲛⲃⲏⲑⲗⲉⲉⲙ"/>
		<feat xlink:href="#sSpan971" value="ⲙⲛⲛⲉⲧϣⲟⲟⲡ"/>
		<feat xlink:href="#sSpan977" value="ϩⲛⲛⲉⲥⲧⲟϣ"/>
		<feat xlink:href="#sSpan982" value="ⲧⲏⲣⲟⲩ"/>
		<feat xlink:href="#sSpan985" value="ϫⲓⲛⲣⲙⲡⲉ"/>
		<feat xlink:href="#sSpan989" value="ⲥⲛⲧⲉ"/>
		<feat xlink:href="#sSpan991" value="ⲉⲡⲉⲥⲏⲧ"/>
		<feat xlink:href="#sSpan995" value="."/>
		<feat xlink:href="#sSpan997" value="ⲕⲁⲧⲁⲡⲉⲩⲟⲉⲓϣ"/>
		<feat xlink:href="#sSpan1002" value="ⲛⲧⲁⲩϩⲉⲧϩⲱⲧϥ"/>
		<feat xlink:href="#sSpan1008" value="ⲉⲃⲟⲗ"/>
		<feat xlink:href="#sSpan1011" value="ϩⲓⲧⲟⲟⲧⲟⲩ"/>
		<feat xlink:href="#sSpan1014" value="ⲛⲙⲙⲁⲅⲟⲥ"/>
		<feat xlink:href="#sSpan1019" value="."/>
		<feat xlink:href="#sSpan1021" value="ⲧⲟⲧⲉ"/>
		<feat xlink:href="#sSpan1024" value="ⲁϥϫⲱⲕ"/>
		<feat xlink:href="#sSpan1028" value="ⲉⲃⲟⲗ"/>
		<feat xlink:href="#sSpan1030" value="ⲛϭⲓⲡⲉⲛⲧⲁⲩϫⲟⲟϥ"/>
		<feat xlink:href="#sSpan1039" value="ϩⲓⲧⲛⲓⲉⲣⲏⲙⲓⲁⲥ"/>
		<feat xlink:href="#sSpan1043" value="ⲡⲉⲡⲣⲟⲫⲏⲧⲏⲥ"/>
		<feat xlink:href="#sSpan1046" value="ⲉϥϫⲱ"/>
		<feat xlink:href="#sSpan1050" value="ⲙⲙⲟⲥ"/>
		<feat xlink:href="#sSpan1053" value="."/>
		<feat xlink:href="#sSpan1055" value="ϫⲉⲟⲩⲥⲙⲏ"/>
		<feat xlink:href="#sSpan1061" value="ⲁⲩⲥⲱⲧⲙ"/>
		<feat xlink:href="#sSpan1065" value="ⲉⲣⲟⲥ"/>
		<feat xlink:href="#sSpan1068" value="ϩⲛϩⲣⲁⲙⲙⲁ"/>
		<feat xlink:href="#sSpan1072" value="."/>
		<feat xlink:href="#sSpan1074" value="ⲟⲩⲣⲓⲙⲉ"/>
		<feat xlink:href="#sSpan1077" value="ⲙⲛⲟⲩⲧⲟⲉⲓⲧ"/>
		<feat xlink:href="#sSpan1082" value="ⲉⲛⲁϣⲱϥ"/>
		<feat xlink:href="#sSpan1086" value="."/>
		<feat xlink:href="#sSpan1089" value="ϩⲣⲁⲭⲏⲗ"/>
		<feat xlink:href="#sSpan1091" value="ⲉⲥⲣⲓⲙⲉ"/>
		<feat xlink:href="#sSpan1095" value="ⲉⲛⲉⲥϣⲏⲣⲉ"/>
		<feat xlink:href="#sSpan1100" value="ⲁⲩⲱ"/>
		<feat xlink:href="#sSpan1102" value="ⲙⲡⲉⲥⲟⲩⲱϣ"/>
		<feat xlink:href="#sSpan1107" value="ⲉⲥⲗⲥⲱⲗⲥ"/>
		<feat xlink:href="#sSpan1111" value="ϫⲉⲛⲛⲟⲩⲥ"/>
		<feat xlink:href="#sSpan1116" value="ⲁⲛ"/>
		<feat xlink:href="#sSpan1118" value="ⲛⲉ"/>
		<feat xlink:href="#sSpan1120" value="."/>
		<feat xlink:href="#sSpan1122" value="ⲛⲧⲉⲣⲉϥⲙⲟⲩ"/>
		<feat xlink:href="#sSpan1127" value="ⲇⲉ"/>
		<feat xlink:href="#sSpan1129" value="ⲛϭⲓϩⲏⲣⲱⲇⲏⲥ"/>
		<feat xlink:href="#sSpan1133" value="."/>
		<feat xlink:href="#sSpan1135" value="ⲉⲓⲥⲡⲁⲅⲅⲉⲗⲟⲥ"/>
		<feat xlink:href="#sSpan1140" value="ⲙⲡϫⲟⲉⲓⲥ"/>
		<feat xlink:href="#sSpan1145" value="ⲁϥⲟⲩⲱⲛϩ"/>
		<feat xlink:href="#sSpan1150" value="ⲉⲃⲟⲗ"/>
		<feat xlink:href="#sSpan1152" value="ϩⲛⲟⲩⲣⲁⲥⲟⲩ"/>
		<feat xlink:href="#sSpan1157" value="ⲉⲓⲱⲥⲏⲫ"/>
		<feat xlink:href="#sSpan1161" value="ϩⲛⲕⲏⲙⲉ"/>
		<feat xlink:href="#sSpan1165" value="."/>
		<feat xlink:href="#sSpan1167" value="ⲉϥϫⲱ"/>
		<feat xlink:href="#sSpan1172" value="ⲙⲙⲟⲥ"/>
		<feat xlink:href="#sSpan1175" value="ϫⲉⲧⲱⲟⲩⲛ"/>
		<feat xlink:href="#sSpan1178" value="ⲛⲅϫⲓ"/>
		<feat xlink:href="#sSpan1182" value="ⲙⲡϣⲏⲣⲉ"/>
		<feat xlink:href="#sSpan1188" value="ϣⲏⲙ"/>
		<feat xlink:href="#sSpan1190" value="ⲙⲛⲧⲉϥⲙⲁⲁⲩ"/>
		<feat xlink:href="#sSpan1195" value="ⲛⲅⲃⲱⲕ"/>
		<feat xlink:href="#sSpan1200" value="ⲉϩⲣⲁⲓ"/>
		<feat xlink:href="#sSpan1202" value="ⲉⲡⲕⲁϩ"/>
		<feat xlink:href="#sSpan1207" value="ⲙⲡⲓⲥⲣⲁⲏⲗ"/>
		<feat xlink:href="#sSpan1212" value="."/>
		<feat xlink:href="#sSpan1214" value="ⲁⲩⲙⲟⲩ"/>
		<feat xlink:href="#sSpan1218" value="ⲅⲁⲣ"/>
		<feat xlink:href="#sSpan1220" value="ⲛϭⲓⲛⲉⲧϣⲓⲛⲉ"/>
		<feat xlink:href="#sSpan1227" value="ⲛⲥⲁⲧⲉⲯⲩⲭⲏ"/>
		<feat xlink:href="#sSpan1232" value="ⲙⲡϣⲏⲣⲉ"/>
		<feat xlink:href="#sSpan1238" value="ϣⲏⲙ"/>
		<feat xlink:href="#sSpan1240" value="."/>
		<feat xlink:href="#sSpan1242" value="ⲛⲧⲟϥ"/>
		<feat xlink:href="#sSpan1245" value="ⲇⲉ"/>
		<feat xlink:href="#sSpan1247" value="ⲁϥⲧⲱⲟⲩⲛ"/>
		<feat xlink:href="#sSpan1251" value="ⲁϥϫⲓ"/>
		<feat xlink:href="#sSpan1255" value="ⲙⲡϣⲏⲣⲉ"/>
		<feat xlink:href="#sSpan1261" value="ϣⲏⲙ"/>
		<feat xlink:href="#sSpan1263" value="ⲙⲛⲧⲉϥⲙⲁⲁⲩ"/>
		<feat xlink:href="#sSpan1268" value="ⲁϥⲃⲱⲕ"/>
		<feat xlink:href="#sSpan1273" value="ⲉϩⲣⲁⲓ"/>
		<feat xlink:href="#sSpan1275" value="ⲉⲡⲕⲁϩ"/>
		<feat xlink:href="#sSpan1280" value="ⲙⲡⲓⲥⲣⲁⲏⲗ"/>
		<feat xlink:href="#sSpan1285" value="."/>
		<feat xlink:href="#sSpan1287" value="ⲁϥⲥⲱⲧⲙ"/>
		<feat xlink:href="#sSpan1292" value="ⲇⲉ"/>
		<feat xlink:href="#sSpan1294" value="ϫⲉⲁⲣⲭⲏⲗⲁⲟⲥ"/>
		<feat xlink:href="#sSpan1298" value="ⲡⲉⲧⲟ"/>
		<feat xlink:href="#sSpan1303" value="ⲛⲣⲣⲟ"/>
		<feat xlink:href="#sSpan1307" value="ⲉϫⲛⲧⲓⲟⲩⲇⲁⲓⲁ"/>
		<feat xlink:href="#sSpan1312" value="ⲉⲡⲙⲁ"/>
		<feat xlink:href="#sSpan1317" value="ⲛϩⲏⲣⲱⲇⲏⲥ"/>
		<feat xlink:href="#sSpan1321" value="ⲡⲉϥⲉⲓⲱⲧ"/>
		<feat xlink:href="#sSpan1324" value="ⲁϥⲣϩⲟⲧⲉ"/>
		<feat xlink:href="#sSpan1330" value="ⲉⲃⲱⲕ"/>
		<feat xlink:href="#sSpan1334" value="ⲉⲡⲙⲁ"/>
		<feat xlink:href="#sSpan1339" value="ⲉⲧⲙⲙⲁⲩ"/>
		<feat xlink:href="#sSpan1342" value="."/>
		<feat xlink:href="#sSpan1344" value="ⲁⲩⲧⲟⲩⲛⲉⲓⲁⲧϥ"/>
		<feat xlink:href="#sSpan1351" value="ⲇⲉ"/>
		<feat xlink:href="#sSpan1353" value="ⲉⲃⲟⲗ"/>
		<feat xlink:href="#sSpan1356" value="ϩⲛⲟⲩⲣⲁⲥⲟⲩ"/>
		<feat xlink:href="#sSpan1361" value="ⲁϥⲁⲛⲁⲭⲱⲣⲉⲓ"/>
		<feat xlink:href="#sSpan1365" value="ⲉϩⲣⲁⲓ"/>
		<feat xlink:href="#sSpan1367" value="ⲉⲙⲙⲟⲟϣⲧⲉ"/>
		<feat xlink:href="#sSpan1372" value="ⲛⲧⲅⲁⲗⲓⲗⲁⲓⲁ"/>
		<feat xlink:href="#sSpan1377" value="."/>
		<feat xlink:href="#sSpan1379" value="ⲁϥⲉⲓ"/>
		<feat xlink:href="#sSpan1384" value="ⲁϥⲟⲩⲱϩ"/>
		<feat xlink:href="#sSpan1388" value="ϩⲛⲟⲩⲡⲟⲗⲓⲥ"/>
		<feat xlink:href="#sSpan1393" value="ⲛϣⲁⲩⲙⲟⲩⲧⲉ"/>
		<feat xlink:href="#sSpan1398" value="ⲉⲣⲟⲥ"/>
		<feat xlink:href="#sSpan1401" value="ϫⲉⲛⲁⲍⲁⲣⲉⲑ"/>
		<feat xlink:href="#sSpan1405" value="."/>
		<feat xlink:href="#sSpan1407" value="ϫⲉⲕⲁⲁⲥ"/>
		<feat xlink:href="#sSpan1409" value="ⲉϥⲉϫⲱⲕ"/>
		<feat xlink:href="#sSpan1412" value="ⲉⲃⲟⲗ"/>
		<feat xlink:href="#sSpan1414" value="ⲛϭⲓⲡⲉⲛⲧⲁⲩϫⲟⲟϥ"/>
		<feat xlink:href="#sSpan1423" value="ϩⲓⲧⲙⲡⲉⲡⲣⲟⲫⲏⲧⲏⲥ"/>
		<feat xlink:href="#sSpan1428" value="ϫⲉⲥⲉⲛⲁⲙⲟⲩⲧⲉ"/>
		<feat xlink:href="#sSpan1433" value="ⲉⲣⲟϥ"/>
		<feat xlink:href="#sSpan1436" value="ϫⲉⲡⲛⲁⲍⲱⲣⲁⲓⲟⲥ"/>
		<feat xlink:href="#sSpan1441" value="."/></featList></paula>