<?xml version='1.0' encoding='UTF-8'?><!DOCTYPE paula SYSTEM "paula_rel.dtd">
<paula version="1.1">
	<header paula_id="scriptorium.40_Matthew_02.head"/>
	<relList xmlns:xlink="http://www.w3.org/1999/xlink" type="head">
		<rel id="sPointingRel1591" xlink:href="scriptorium.40_Matthew_02.mark.xml#sSpan41" target="scriptorium.40_Matthew_02.mark.xml#sSpan43"/>
		<rel id="sPointingRel1593" xlink:href="scriptorium.40_Matthew_02.mark.xml#sSpan1336" target="scriptorium.40_Matthew_02.mark.xml#sSpan1337"/>
		<rel id="sPointingRel1595" xlink:href="scriptorium.40_Matthew_02.mark.xml#sSpan631" target="scriptorium.40_Matthew_02.mark.xml#sSpan632"/>
		<rel id="sPointingRel1597" xlink:href="scriptorium.40_Matthew_02.mark.xml#sSpan575" target="scriptorium.40_Matthew_02.mark.xml#sSpan576"/>
		<rel id="sPointingRel1599" xlink:href="scriptorium.40_Matthew_02.mark.xml#sSpan1390" target="scriptorium.40_Matthew_02.mark.xml#sSpan1391"/>
		<rel id="sPointingRel1601" xlink:href="scriptorium.40_Matthew_02.mark.xml#sSpan345" target="scriptorium.40_Matthew_02.mark.xml#sSpan344"/>
		<rel id="sPointingRel1603" xlink:href="scriptorium.40_Matthew_02.mark.xml#sSpan274" target="scriptorium.40_Matthew_02.mark.xml#sSpan273"/>
		<rel id="sPointingRel1605" xlink:href="scriptorium.40_Matthew_02.mark.xml#sSpan18" target="scriptorium.40_Matthew_02.mark.xml#sSpan17"/>
		<rel id="sPointingRel1607" xlink:href="scriptorium.40_Matthew_02.mark.xml#sSpan54" target="scriptorium.40_Matthew_02.mark.xml#sSpan55"/>
		<rel id="sPointingRel1609" xlink:href="scriptorium.40_Matthew_02.mark.xml#sSpan854" target="scriptorium.40_Matthew_02.mark.xml#sSpan855"/>
		<rel id="sPointingRel1611" xlink:href="scriptorium.40_Matthew_02.mark.xml#sSpan618" target="scriptorium.40_Matthew_02.mark.xml#sSpan619"/>
		<rel id="sPointingRel1613" xlink:href="scriptorium.40_Matthew_02.mark.xml#sSpan232" target="scriptorium.40_Matthew_02.mark.xml#sSpan231"/>
		<rel id="sPointingRel1615" xlink:href="scriptorium.40_Matthew_02.mark.xml#sSpan1131" target="scriptorium.40_Matthew_02.mark.xml#sSpan1130"/>
		<rel id="sPointingRel1617" xlink:href="scriptorium.40_Matthew_02.mark.xml#sSpan754" target="scriptorium.40_Matthew_02.mark.xml#sSpan753"/>
		<rel id="sPointingRel1619" xlink:href="scriptorium.40_Matthew_02.mark.xml#sSpan626" target="scriptorium.40_Matthew_02.mark.xml#sSpan627"/>
		<rel id="sPointingRel1621" xlink:href="scriptorium.40_Matthew_02.mark.xml#sSpan462" target="scriptorium.40_Matthew_02.mark.xml#sSpan463"/>
		<rel id="sPointingRel1623" xlink:href="scriptorium.40_Matthew_02.mark.xml#sSpan32" target="scriptorium.40_Matthew_02.mark.xml#sSpan31"/>
		<rel id="sPointingRel1625" xlink:href="scriptorium.40_Matthew_02.mark.xml#sSpan387" target="scriptorium.40_Matthew_02.mark.xml#sSpan386"/>
		<rel id="sPointingRel1627" xlink:href="scriptorium.40_Matthew_02.mark.xml#sSpan606" target="scriptorium.40_Matthew_02.mark.xml#sSpan607"/>
		<rel id="sPointingRel1629" xlink:href="scriptorium.40_Matthew_02.mark.xml#sSpan680" target="scriptorium.40_Matthew_02.mark.xml#sSpan681"/>
		<rel id="sPointingRel1631" xlink:href="scriptorium.40_Matthew_02.mark.xml#sSpan1234" target="scriptorium.40_Matthew_02.mark.xml#sSpan1235"/>
		<rel id="sPointingRel1633" xlink:href="scriptorium.40_Matthew_02.mark.xml#sSpan22" target="scriptorium.40_Matthew_02.mark.xml#sSpan23"/>
		<rel id="sPointingRel1635" xlink:href="scriptorium.40_Matthew_02.mark.xml#sSpan1358" target="scriptorium.40_Matthew_02.mark.xml#sSpan1359"/>
		<rel id="sPointingRel1637" xlink:href="scriptorium.40_Matthew_02.mark.xml#sSpan816" target="scriptorium.40_Matthew_02.mark.xml#sSpan817"/>
		<rel id="sPointingRel1639" xlink:href="scriptorium.40_Matthew_02.mark.xml#sSpan762" target="scriptorium.40_Matthew_02.mark.xml#sSpan763"/>
		<rel id="sPointingRel1641" xlink:href="scriptorium.40_Matthew_02.mark.xml#sSpan359" target="scriptorium.40_Matthew_02.mark.xml#sSpan360"/>
		<rel id="sPointingRel1643" xlink:href="scriptorium.40_Matthew_02.mark.xml#sSpan1319" target="scriptorium.40_Matthew_02.mark.xml#sSpan1318"/>
		<rel id="sPointingRel1645" xlink:href="scriptorium.40_Matthew_02.mark.xml#sSpan486" target="scriptorium.40_Matthew_02.mark.xml#sSpan487"/>
		<rel id="sPointingRel1647" xlink:href="scriptorium.40_Matthew_02.mark.xml#sSpan1425" target="scriptorium.40_Matthew_02.mark.xml#sSpan1426"/>
		<rel id="sPointingRel1649" xlink:href="scriptorium.40_Matthew_02.mark.xml#sSpan1305" target="scriptorium.40_Matthew_02.mark.xml#sSpan1304"/>
		<rel id="sPointingRel1651" xlink:href="scriptorium.40_Matthew_02.mark.xml#sSpan1079" target="scriptorium.40_Matthew_02.mark.xml#sSpan1080"/>
		<rel id="sPointingRel1653" xlink:href="scriptorium.40_Matthew_02.mark.xml#sSpan207" target="scriptorium.40_Matthew_02.mark.xml#sSpan208"/>
		<rel id="sPointingRel1655" xlink:href="scriptorium.40_Matthew_02.mark.xml#sSpan1159" target="scriptorium.40_Matthew_02.mark.xml#sSpan1158"/>
		<rel id="sPointingRel1657" xlink:href="scriptorium.40_Matthew_02.mark.xml#sSpan184" target="scriptorium.40_Matthew_02.mark.xml#sSpan185"/>
		<rel id="sPointingRel1659" xlink:href="scriptorium.40_Matthew_02.mark.xml#sSpan699" target="scriptorium.40_Matthew_02.mark.xml#sSpan700"/>
		<rel id="sPointingRel1661" xlink:href="scriptorium.40_Matthew_02.mark.xml#sSpan1403" target="scriptorium.40_Matthew_02.mark.xml#sSpan1402"/>
		<rel id="sPointingRel1663" xlink:href="scriptorium.40_Matthew_02.mark.xml#sSpan1192" target="scriptorium.40_Matthew_02.mark.xml#sSpan1193"/>
		<rel id="sPointingRel1665" xlink:href="scriptorium.40_Matthew_02.mark.xml#sSpan716" target="scriptorium.40_Matthew_02.mark.xml#sSpan715"/>
		<rel id="sPointingRel1667" xlink:href="scriptorium.40_Matthew_02.mark.xml#sSpan87" target="scriptorium.40_Matthew_02.mark.xml#sSpan88"/>
		<rel id="sPointingRel1669" xlink:href="scriptorium.40_Matthew_02.mark.xml#sSpan1184" target="scriptorium.40_Matthew_02.mark.xml#sSpan1185"/>
		<rel id="sPointingRel1671" xlink:href="scriptorium.40_Matthew_02.mark.xml#sSpan290" target="scriptorium.40_Matthew_02.mark.xml#sSpan289"/>
		<rel id="sPointingRel1673" xlink:href="scriptorium.40_Matthew_02.mark.xml#sSpan61" target="scriptorium.40_Matthew_02.mark.xml#sSpan62"/>
		<rel id="sPointingRel1675" xlink:href="scriptorium.40_Matthew_02.mark.xml#sSpan914" target="scriptorium.40_Matthew_02.mark.xml#sSpan913"/>
		<rel id="sPointingRel1677" xlink:href="scriptorium.40_Matthew_02.mark.xml#sSpan227" target="scriptorium.40_Matthew_02.mark.xml#sSpan226"/>
		<rel id="sPointingRel1679" xlink:href="scriptorium.40_Matthew_02.mark.xml#sSpan535" target="scriptorium.40_Matthew_02.mark.xml#sSpan536"/>
		<rel id="sPointingRel1681" xlink:href="scriptorium.40_Matthew_02.mark.xml#sSpan778" target="scriptorium.40_Matthew_02.mark.xml#sSpan777"/>
		<rel id="sPointingRel1683" xlink:href="scriptorium.40_Matthew_02.mark.xml#sSpan307" target="scriptorium.40_Matthew_02.mark.xml#sSpan308"/>
		<rel id="sPointingRel1685" xlink:href="scriptorium.40_Matthew_02.mark.xml#sSpan1104" target="scriptorium.40_Matthew_02.mark.xml#sSpan1105"/>
		<rel id="sPointingRel1687" xlink:href="scriptorium.40_Matthew_02.mark.xml#sSpan364" target="scriptorium.40_Matthew_02.mark.xml#sSpan365"/>
		<rel id="sPointingRel1689" xlink:href="scriptorium.40_Matthew_02.mark.xml#sSpan320" target="scriptorium.40_Matthew_02.mark.xml#sSpan324"/>
		<rel id="sPointingRel1691" xlink:href="scriptorium.40_Matthew_02.mark.xml#sSpan82" target="scriptorium.40_Matthew_02.mark.xml#sSpan83"/>
		<rel id="sPointingRel1693" xlink:href="scriptorium.40_Matthew_02.mark.xml#sSpan1154" target="scriptorium.40_Matthew_02.mark.xml#sSpan1155"/>
		<rel id="sPointingRel1695" xlink:href="scriptorium.40_Matthew_02.mark.xml#sSpan1314" target="scriptorium.40_Matthew_02.mark.xml#sSpan1315"/>
		<rel id="sPointingRel1697" xlink:href="scriptorium.40_Matthew_02.mark.xml#sSpan517" target="scriptorium.40_Matthew_02.mark.xml#sSpan518"/>
		<rel id="sPointingRel1699" xlink:href="scriptorium.40_Matthew_02.mark.xml#sSpan999" target="scriptorium.40_Matthew_02.mark.xml#sSpan1000"/>
		<rel id="sPointingRel1701" xlink:href="scriptorium.40_Matthew_02.mark.xml#sSpan1282" target="scriptorium.40_Matthew_02.mark.xml#sSpan1283"/>
		<rel id="sPointingRel1703" xlink:href="scriptorium.40_Matthew_02.mark.xml#sSpan1309" target="scriptorium.40_Matthew_02.mark.xml#sSpan1310"/>
		<rel id="sPointingRel1705" xlink:href="scriptorium.40_Matthew_02.mark.xml#sSpan136" target="scriptorium.40_Matthew_02.mark.xml#sSpan135"/>
		<rel id="sPointingRel1707" xlink:href="scriptorium.40_Matthew_02.mark.xml#sSpan1032" target="scriptorium.40_Matthew_02.mark.xml#sSpan1031"/>
		<rel id="sPointingRel1709" xlink:href="scriptorium.40_Matthew_02.mark.xml#sSpan409" target="scriptorium.40_Matthew_02.mark.xml#sSpan410"/>
		<rel id="sPointingRel1711" xlink:href="scriptorium.40_Matthew_02.mark.xml#sSpan862" target="scriptorium.40_Matthew_02.mark.xml#sSpan861"/>
		<rel id="sPointingRel1713" xlink:href="scriptorium.40_Matthew_02.mark.xml#sSpan331" target="scriptorium.40_Matthew_02.mark.xml#sSpan330"/>
		<rel id="sPointingRel1715" xlink:href="scriptorium.40_Matthew_02.mark.xml#sSpan1438" target="scriptorium.40_Matthew_02.mark.xml#sSpan1439"/>
		<rel id="sPointingRel1717" xlink:href="scriptorium.40_Matthew_02.mark.xml#sSpan960" target="scriptorium.40_Matthew_02.mark.xml#sSpan958"/>
		<rel id="sPointingRel1719" xlink:href="scriptorium.40_Matthew_02.mark.xml#sSpan881" target="scriptorium.40_Matthew_02.mark.xml#sSpan882"/>
		<rel id="sPointingRel1721" xlink:href="scriptorium.40_Matthew_02.mark.xml#sSpan694" target="scriptorium.40_Matthew_02.mark.xml#sSpan695"/>
		<rel id="sPointingRel1723" xlink:href="scriptorium.40_Matthew_02.mark.xml#sSpan987" target="scriptorium.40_Matthew_02.mark.xml#sSpan986"/>
		<rel id="sPointingRel1725" xlink:href="scriptorium.40_Matthew_02.mark.xml#sSpan511" target="scriptorium.40_Matthew_02.mark.xml#sSpan512"/>
		<rel id="sPointingRel1727" xlink:href="scriptorium.40_Matthew_02.mark.xml#sSpan2" target="scriptorium.40_Matthew_02.mark.xml#sSpan1"/>
		<rel id="sPointingRel1729" xlink:href="scriptorium.40_Matthew_02.mark.xml#sSpan921" target="scriptorium.40_Matthew_02.mark.xml#sSpan920"/>
		<rel id="sPointingRel1731" xlink:href="scriptorium.40_Matthew_02.mark.xml#sSpan661" target="scriptorium.40_Matthew_02.mark.xml#sSpan660"/>
		<rel id="sPointingRel1733" xlink:href="scriptorium.40_Matthew_02.mark.xml#sSpan253" target="scriptorium.40_Matthew_02.mark.xml#sSpan254"/>
		<rel id="sPointingRel1735" xlink:href="scriptorium.40_Matthew_02.mark.xml#sSpan1265" target="scriptorium.40_Matthew_02.mark.xml#sSpan1266"/>
		<rel id="sPointingRel1737" xlink:href="scriptorium.40_Matthew_02.mark.xml#sSpan1142" target="scriptorium.40_Matthew_02.mark.xml#sSpan1143"/>
		<rel id="sPointingRel1739" xlink:href="scriptorium.40_Matthew_02.mark.xml#sSpan1088" target="scriptorium.40_Matthew_02.mark.xml#sSpan1087"/>
		<rel id="sPointingRel1741" xlink:href="scriptorium.40_Matthew_02.mark.xml#sSpan829" target="scriptorium.40_Matthew_02.mark.xml#sSpan830"/>
		<rel id="sPointingRel1743" xlink:href="scriptorium.40_Matthew_02.mark.xml#sSpan1369" target="scriptorium.40_Matthew_02.mark.xml#sSpan1370"/>
		<rel id="sPointingRel1745" xlink:href="scriptorium.40_Matthew_02.mark.xml#sSpan1137" target="scriptorium.40_Matthew_02.mark.xml#sSpan1138"/>
		<rel id="sPointingRel1747" xlink:href="scriptorium.40_Matthew_02.mark.xml#sSpan906" target="scriptorium.40_Matthew_02.mark.xml#sSpan907"/>
		<rel id="sPointingRel1749" xlink:href="scriptorium.40_Matthew_02.mark.xml#sSpan789" target="scriptorium.40_Matthew_02.mark.xml#sSpan790"/>
		<rel id="sPointingRel1751" xlink:href="scriptorium.40_Matthew_02.mark.xml#sSpan544" target="scriptorium.40_Matthew_02.mark.xml#sSpan548"/>
		<rel id="sPointingRel1753" xlink:href="scriptorium.40_Matthew_02.mark.xml#sSpan940" target="scriptorium.40_Matthew_02.mark.xml#sSpan941"/>
		<rel id="sPointingRel1755" xlink:href="scriptorium.40_Matthew_02.mark.xml#sSpan151" target="scriptorium.40_Matthew_02.mark.xml#sSpan152"/>
		<rel id="sPointingRel1757" xlink:href="scriptorium.40_Matthew_02.mark.xml#sSpan583" target="scriptorium.40_Matthew_02.mark.xml#sSpan582"/>
		<rel id="sPointingRel1759" xlink:href="scriptorium.40_Matthew_02.mark.xml#sSpan1277" target="scriptorium.40_Matthew_02.mark.xml#sSpan1278"/>
		<rel id="sPointingRel1761" xlink:href="scriptorium.40_Matthew_02.mark.xml#sSpan1058" target="scriptorium.40_Matthew_02.mark.xml#sSpan1059"/>
		<rel id="sPointingRel1763" xlink:href="scriptorium.40_Matthew_02.mark.xml#sSpan236" target="scriptorium.40_Matthew_02.mark.xml#sSpan237"/>
		<rel id="sPointingRel1765" xlink:href="scriptorium.40_Matthew_02.mark.xml#sSpan824" target="scriptorium.40_Matthew_02.mark.xml#sSpan825"/>
		<rel id="sPointingRel1767" xlink:href="scriptorium.40_Matthew_02.mark.xml#sSpan111" target="scriptorium.40_Matthew_02.mark.xml#sSpan112"/>
		<rel id="sPointingRel1769" xlink:href="scriptorium.40_Matthew_02.mark.xml#sSpan1097" target="scriptorium.40_Matthew_02.mark.xml#sSpan1098"/>
		<rel id="sPointingRel1771" xlink:href="scriptorium.40_Matthew_02.mark.xml#sSpan973" target="scriptorium.40_Matthew_02.mark.xml#sSpan972"/>
		<rel id="sPointingRel1773" xlink:href="scriptorium.40_Matthew_02.mark.xml#sSpan179" target="scriptorium.40_Matthew_02.mark.xml#sSpan180"/>
		<rel id="sPointingRel1775" xlink:href="scriptorium.40_Matthew_02.mark.xml#sSpan711" target="scriptorium.40_Matthew_02.mark.xml#sSpan712"/>
		<rel id="sPointingRel1777" xlink:href="scriptorium.40_Matthew_02.mark.xml#sSpan473" target="scriptorium.40_Matthew_02.mark.xml#sSpan474"/>
		<rel id="sPointingRel1779" xlink:href="scriptorium.40_Matthew_02.mark.xml#sSpan1163" target="scriptorium.40_Matthew_02.mark.xml#sSpan1162"/>
		<rel id="sPointingRel1781" xlink:href="scriptorium.40_Matthew_02.mark.xml#sSpan494" target="scriptorium.40_Matthew_02.mark.xml#sSpan493"/>
		<rel id="sPointingRel1783" xlink:href="scriptorium.40_Matthew_02.mark.xml#sSpan106" target="scriptorium.40_Matthew_02.mark.xml#sSpan107"/>
		<rel id="sPointingRel1785" xlink:href="scriptorium.40_Matthew_02.mark.xml#sSpan278" target="scriptorium.40_Matthew_02.mark.xml#sSpan279"/>
		<rel id="sPointingRel1787" xlink:href="scriptorium.40_Matthew_02.mark.xml#sSpan734" target="scriptorium.40_Matthew_02.mark.xml#sSpan735"/>
		<rel id="sPointingRel1789" xlink:href="scriptorium.40_Matthew_02.mark.xml#sSpan1229" target="scriptorium.40_Matthew_02.mark.xml#sSpan1230"/>
		<rel id="sPointingRel1791" xlink:href="scriptorium.40_Matthew_02.mark.xml#sSpan285" target="scriptorium.40_Matthew_02.mark.xml#sSpan286"/>
		<rel id="sPointingRel1793" xlink:href="scriptorium.40_Matthew_02.mark.xml#sSpan1209" target="scriptorium.40_Matthew_02.mark.xml#sSpan1210"/>
		<rel id="sPointingRel1795" xlink:href="scriptorium.40_Matthew_02.mark.xml#sSpan669" target="scriptorium.40_Matthew_02.mark.xml#sSpan670"/>
		<rel id="sPointingRel1797" xlink:href="scriptorium.40_Matthew_02.mark.xml#sSpan340" target="scriptorium.40_Matthew_02.mark.xml#sSpan341"/>
		<rel id="sPointingRel1799" xlink:href="scriptorium.40_Matthew_02.mark.xml#sSpan969" target="scriptorium.40_Matthew_02.mark.xml#sSpan968"/>
		<rel id="sPointingRel1801" xlink:href="scriptorium.40_Matthew_02.mark.xml#sSpan979" target="scriptorium.40_Matthew_02.mark.xml#sSpan980"/>
		<rel id="sPointingRel1803" xlink:href="scriptorium.40_Matthew_02.mark.xml#sSpan1041" target="scriptorium.40_Matthew_02.mark.xml#sSpan1040"/>
		<rel id="sPointingRel1805" xlink:href="scriptorium.40_Matthew_02.mark.xml#sSpan877" target="scriptorium.40_Matthew_02.mark.xml#sSpan876"/>
		<rel id="sPointingRel1807" xlink:href="scriptorium.40_Matthew_02.mark.xml#sSpan265" target="scriptorium.40_Matthew_02.mark.xml#sSpan264"/>
		<rel id="sPointingRel1809" xlink:href="scriptorium.40_Matthew_02.mark.xml#sSpan742" target="scriptorium.40_Matthew_02.mark.xml#sSpan743"/>
		<rel id="sPointingRel1811" xlink:href="scriptorium.40_Matthew_02.mark.xml#sSpan841" target="scriptorium.40_Matthew_02.mark.xml#sSpan840"/>
		<rel id="sPointingRel1813" xlink:href="scriptorium.40_Matthew_02.mark.xml#sSpan1113" target="scriptorium.40_Matthew_02.mark.xml#sSpan1114"/>
		<rel id="sPointingRel1815" xlink:href="scriptorium.40_Matthew_02.mark.xml#sSpan1374" target="scriptorium.40_Matthew_02.mark.xml#sSpan1375"/>
		<rel id="sPointingRel1817" xlink:href="scriptorium.40_Matthew_02.mark.xml#sSpan171" target="scriptorium.40_Matthew_02.mark.xml#sSpan172"/>
		<rel id="sPointingRel1819" xlink:href="scriptorium.40_Matthew_02.mark.xml#sSpan889" target="scriptorium.40_Matthew_02.mark.xml#sSpan890"/>
		<rel id="sPointingRel1821" xlink:href="scriptorium.40_Matthew_02.mark.xml#sSpan1222" target="scriptorium.40_Matthew_02.mark.xml#sSpan1221"/>
		<rel id="sPointingRel1823" xlink:href="scriptorium.40_Matthew_02.mark.xml#sSpan1257" target="scriptorium.40_Matthew_02.mark.xml#sSpan1258"/>
		<rel id="sPointingRel1825" xlink:href="scriptorium.40_Matthew_02.mark.xml#sSpan1416" target="scriptorium.40_Matthew_02.mark.xml#sSpan1415"/>
		<rel id="sPointingRel1827" xlink:href="scriptorium.40_Matthew_02.mark.xml#sSpan651" target="scriptorium.40_Matthew_02.mark.xml#sSpan652"/>
		<rel id="sPointingRel1829" xlink:href="scriptorium.40_Matthew_02.mark.xml#sSpan269" target="scriptorium.40_Matthew_02.mark.xml#sSpan270"/>
		<rel id="sPointingRel1831" xlink:href="scriptorium.40_Matthew_02.mark.xml#sSpan27" target="scriptorium.40_Matthew_02.mark.xml#sSpan28"/>
		<rel id="sPointingRel1833" xlink:href="scriptorium.40_Matthew_02.mark.xml#sSpan566" target="scriptorium.40_Matthew_02.mark.xml#sSpan567"/>
		<rel id="sPointingRel1835" xlink:href="scriptorium.40_Matthew_02.mark.xml#sSpan303" target="scriptorium.40_Matthew_02.mark.xml#sSpan302"/>
		<rel id="sPointingRel1837" xlink:href="scriptorium.40_Matthew_02.mark.xml#sSpan1016" target="scriptorium.40_Matthew_02.mark.xml#sSpan1017"/>
		<rel id="sPointingRel1839" xlink:href="scriptorium.40_Matthew_02.mark.xml#sSpan1296" target="scriptorium.40_Matthew_02.mark.xml#sSpan1295"/>
		<rel id="sPointingRel1841" xlink:href="scriptorium.40_Matthew_02.mark.xml#sSpan1070" target="scriptorium.40_Matthew_02.mark.xml#sSpan1069"/>
		<rel id="sPointingRel1843" xlink:href="scriptorium.40_Matthew_02.mark.xml#sSpan1204" target="scriptorium.40_Matthew_02.mark.xml#sSpan1205"/></relList></paula>