<?xml version='1.0' encoding='UTF-8'?><!DOCTYPE paula SYSTEM "paula_feat.dtd">
<paula version="1.1">
	<header paula_id="scriptorium.40_Matthew_02.mark_func"/>
	<featList xmlns:xlink="http://www.w3.org/1999/xlink" type="func" xml:base="scriptorium.40_Matthew_02.mark.xml">
		<feat xlink:href="#sSpan1" value="dislocated"/>
		<feat xlink:href="#sSpan5" value="advmod"/>
		<feat xlink:href="#sSpan7" value="aux"/>
		<feat xlink:href="#sSpan9" value="nsubj"/>
		<feat xlink:href="#sSpan10" value="advcl"/>
		<feat xlink:href="#sSpan11" value="obj"/>
		<feat xlink:href="#sSpan12" value="advmod"/>
		<feat xlink:href="#sSpan15" value="case"/>
		<feat xlink:href="#sSpan17" value="obl"/>
		<feat xlink:href="#sSpan19" value="case"/>
		<feat xlink:href="#sSpan21" value="det"/>
		<feat xlink:href="#sSpan23" value="nmod"/>
		<feat xlink:href="#sSpan24" value="case"/>
		<feat xlink:href="#sSpan26" value="det"/>
		<feat xlink:href="#sSpan28" value="obl"/>
		<feat xlink:href="#sSpan29" value="case"/>
		<feat xlink:href="#sSpan31" value="nmod"/>
		<feat xlink:href="#sSpan33" value="det"/>
		<feat xlink:href="#sSpan35" value="appos"/>
		<feat xlink:href="#sSpan36" value="punct"/>
		<feat xlink:href="#sSpan38" value="advmod"/>
		<feat xlink:href="#sSpan40" value="det"/>
		<feat xlink:href="#sSpan43" value="dislocated"/>
		<feat xlink:href="#sSpan44" value="aux"/>
		<feat xlink:href="#sSpan46" value="nsubj"/>
		<feat xlink:href="#sSpan47" value="root"/>
		<feat xlink:href="#sSpan49" value="case"/>
		<feat xlink:href="#sSpan51" value="fixed"/>
		<feat xlink:href="#sSpan53" value="det"/>
		<feat xlink:href="#sSpan55" value="obl"/>
		<feat xlink:href="#sSpan56" value="case"/>
		<feat xlink:href="#sSpan58" value="fixed"/>
		<feat xlink:href="#sSpan60" value="det"/>
		<feat xlink:href="#sSpan62" value="obl"/>
		<feat xlink:href="#sSpan63" value="punct"/>
		<feat xlink:href="#sSpan65" value="mark"/>
		<feat xlink:href="#sSpan67" value="nsubj"/>
		<feat xlink:href="#sSpan68" value="advcl"/>
		<feat xlink:href="#sSpan69" value="case"/>
		<feat xlink:href="#sSpan71" value="obj"/>
		<feat xlink:href="#sSpan72" value="punct"/>
		<feat xlink:href="#sSpan74" value="mark"/>
		<feat xlink:href="#sSpan77" value="mark"/>
		<feat xlink:href="#sSpan78" value="nsubj"/>
		<feat xlink:href="#sSpan79" value="root"/>
		<feat xlink:href="#sSpan80" value="det"/>
		<feat xlink:href="#sSpan83" value="vocative"/>
		<feat xlink:href="#sSpan84" value="case"/>
		<feat xlink:href="#sSpan86" value="det"/>
		<feat xlink:href="#sSpan88" value="nmod"/>
		<feat xlink:href="#sSpan89" value="mark"/>
		<feat xlink:href="#sSpan91" value="aux"/>
		<feat xlink:href="#sSpan92" value="nsubj"/>
		<feat xlink:href="#sSpan93" value="acl"/>
		<feat xlink:href="#sSpan94" value="obj"/>
		<feat xlink:href="#sSpan95" value="punct"/>
		<feat xlink:href="#sSpan97" value="aux"/>
		<feat xlink:href="#sSpan99" value="nsubj"/>
		<feat xlink:href="#sSpan100" value="parataxis"/>
		<feat xlink:href="#sSpan101" value="advmod"/>
		<feat xlink:href="#sSpan103" value="case"/>
		<feat xlink:href="#sSpan105" value="det"/>
		<feat xlink:href="#sSpan107" value="obl"/>
		<feat xlink:href="#sSpan108" value="case"/>
		<feat xlink:href="#sSpan110" value="det"/>
		<feat xlink:href="#sSpan112" value="obl"/>
		<feat xlink:href="#sSpan113" value="aux"/>
		<feat xlink:href="#sSpan115" value="nsubj"/>
		<feat xlink:href="#sSpan116" value="parataxis"/>
		<feat xlink:href="#sSpan118" value="mark"/>
		<feat xlink:href="#sSpan120" value="xcomp"/>
		<feat xlink:href="#sSpan121" value="case"/>
		<feat xlink:href="#sSpan123" value="obl"/>
		<feat xlink:href="#sSpan124" value="punct"/>
		<feat xlink:href="#sSpan126" value="aux"/>
		<feat xlink:href="#sSpan129" value="nsubj"/>
		<feat xlink:href="#sSpan130" value="root"/>
		<feat xlink:href="#sSpan131" value="advmod"/>
		<feat xlink:href="#sSpan133" value="case"/>
		<feat xlink:href="#sSpan135" value="dislocated"/>
		<feat xlink:href="#sSpan137" value="det"/>
		<feat xlink:href="#sSpan139" value="appos"/>
		<feat xlink:href="#sSpan140" value="punct"/>
		<feat xlink:href="#sSpan142" value="aux"/>
		<feat xlink:href="#sSpan144" value="nsubj"/>
		<feat xlink:href="#sSpan145" value="parataxis"/>
		<feat xlink:href="#sSpan146" value="advmod"/>
		<feat xlink:href="#sSpan148" value="case"/>
		<feat xlink:href="#sSpan150" value="det"/>
		<feat xlink:href="#sSpan152" value="obl"/>
		<feat xlink:href="#sSpan153" value="advmod"/>
		<feat xlink:href="#sSpan155" value="det"/>
		<feat xlink:href="#sSpan156" value="case"/>
		<feat xlink:href="#sSpan158" value="obl"/>
		<feat xlink:href="#sSpan159" value="punct"/>
		<feat xlink:href="#sSpan161" value="aux"/>
		<feat xlink:href="#sSpan164" value="nsubj"/>
		<feat xlink:href="#sSpan165" value="root"/>
		<feat xlink:href="#sSpan166" value="advmod"/>
		<feat xlink:href="#sSpan168" value="case"/>
		<feat xlink:href="#sSpan170" value="det"/>
		<feat xlink:href="#sSpan172" value="obj"/>
		<feat xlink:href="#sSpan173" value="advmod"/>
		<feat xlink:href="#sSpan175" value="det"/>
		<feat xlink:href="#sSpan176" value="cc"/>
		<feat xlink:href="#sSpan178" value="det"/>
		<feat xlink:href="#sSpan180" value="conj"/>
		<feat xlink:href="#sSpan181" value="case"/>
		<feat xlink:href="#sSpan183" value="det"/>
		<feat xlink:href="#sSpan185" value="nmod"/>
		<feat xlink:href="#sSpan186" value="punct"/>
		<feat xlink:href="#sSpan188" value="aux"/>
		<feat xlink:href="#sSpan190" value="nsubj"/>
		<feat xlink:href="#sSpan191" value="parataxis"/>
		<feat xlink:href="#sSpan192" value="case"/>
		<feat xlink:href="#sSpan195" value="fixed"/>
		<feat xlink:href="#sSpan197" value="obl"/>
		<feat xlink:href="#sSpan198" value="mark"/>
		<feat xlink:href="#sSpan200" value="mark"/>
		<feat xlink:href="#sSpan201" value="nsubj"/>
		<feat xlink:href="#sSpan202" value="aux"/>
		<feat xlink:href="#sSpan203" value="ccomp"/>
		<feat xlink:href="#sSpan204" value="case"/>
		<feat xlink:href="#sSpan206" value="det"/>
		<feat xlink:href="#sSpan208" value="obj"/>
		<feat xlink:href="#sSpan209" value="advmod"/>
		<feat xlink:href="#sSpan211" value="punct"/>
		<feat xlink:href="#sSpan213" value="dislocated"/>
		<feat xlink:href="#sSpan216" value="advmod"/>
		<feat xlink:href="#sSpan218" value="root"/>
		<feat xlink:href="#sSpan220" value="nsubj"/>
		<feat xlink:href="#sSpan221" value="case"/>
		<feat xlink:href="#sSpan223" value="obl"/>
		<feat xlink:href="#sSpan224" value="mark"/>
		<feat xlink:href="#sSpan226" value="ccomp"/>
		<feat xlink:href="#sSpan228" value="obj"/>
		<feat xlink:href="#sSpan229" value="case"/>
		<feat xlink:href="#sSpan231" value="obl"/>
		<feat xlink:href="#sSpan233" value="case"/>
		<feat xlink:href="#sSpan235" value="det"/>
		<feat xlink:href="#sSpan237" value="nmod"/>
		<feat xlink:href="#sSpan238" value="punct"/>
		<feat xlink:href="#sSpan240" value="mark"/>
		<feat xlink:href="#sSpan242" value="nsubj"/>
		<feat xlink:href="#sSpan243" value="advcl"/>
		<feat xlink:href="#sSpan244" value="advmod"/>
		<feat xlink:href="#sSpan246" value="case"/>
		<feat xlink:href="#sSpan248" value="det"/>
		<feat xlink:href="#sSpan249" value="obl"/>
		<feat xlink:href="#sSpan250" value="case"/>
		<feat xlink:href="#sSpan252" value="det"/>
		<feat xlink:href="#sSpan254" value="obl"/>
		<feat xlink:href="#sSpan255" value="punct"/>
		<feat xlink:href="#sSpan257" value="mark"/>
		<feat xlink:href="#sSpan260" value="dislocated"/>
		<feat xlink:href="#sSpan261" value="advmod"/>
		<feat xlink:href="#sSpan263" value="det"/>
		<feat xlink:href="#sSpan264" value="nsubj"/>
		<feat xlink:href="#sSpan267" value="det"/>
		<feat xlink:href="#sSpan270" value="vocative"/>
		<feat xlink:href="#sSpan271" value="case"/>
		<feat xlink:href="#sSpan273" value="nmod"/>
		<feat xlink:href="#sSpan275" value="case"/>
		<feat xlink:href="#sSpan277" value="det"/>
		<feat xlink:href="#sSpan279" value="nmod"/>
		<feat xlink:href="#sSpan280" value="advmod"/>
		<feat xlink:href="#sSpan282" value="case"/>
		<feat xlink:href="#sSpan284" value="det"/>
		<feat xlink:href="#sSpan286" value="nmod"/>
		<feat xlink:href="#sSpan287" value="case"/>
		<feat xlink:href="#sSpan289" value="nmod"/>
		<feat xlink:href="#sSpan291" value="punct"/>
		<feat xlink:href="#sSpan293" value="nsubj"/>
		<feat xlink:href="#sSpan295" value="root"/>
		<feat xlink:href="#sSpan296" value="advmod"/>
		<feat xlink:href="#sSpan298" value="advmod"/>
		<feat xlink:href="#sSpan300" value="case"/>
		<feat xlink:href="#sSpan302" value="obl"/>
		<feat xlink:href="#sSpan304" value="case"/>
		<feat xlink:href="#sSpan306" value="det"/>
		<feat xlink:href="#sSpan308" value="dislocated"/>
		<feat xlink:href="#sSpan309" value="punct"/>
		<feat xlink:href="#sSpan311" value="appos"/>
		<feat xlink:href="#sSpan313" value="mark"/>
		<feat xlink:href="#sSpan315" value="aux"/>
		<feat xlink:href="#sSpan316" value="acl"/>
		<feat xlink:href="#sSpan317" value="case"/>
		<feat xlink:href="#sSpan319" value="det"/>
		<feat xlink:href="#sSpan321" value="obj"/>
		<feat xlink:href="#sSpan322" value="det"/>
		<feat xlink:href="#sSpan324" value="appos"/>
		<feat xlink:href="#sSpan325" value="punct"/>
		<feat xlink:href="#sSpan327" value="advmod"/>
		<feat xlink:href="#sSpan330" value="dislocated"/>
		<feat xlink:href="#sSpan333" value="aux"/>
		<feat xlink:href="#sSpan335" value="nsubj"/>
		<feat xlink:href="#sSpan336" value="root"/>
		<feat xlink:href="#sSpan337" value="case"/>
		<feat xlink:href="#sSpan339" value="det"/>
		<feat xlink:href="#sSpan341" value="obl"/>
		<feat xlink:href="#sSpan342" value="case"/>
		<feat xlink:href="#sSpan344" value="nmod"/>
		<feat xlink:href="#sSpan346" value="aux"/>
		<feat xlink:href="#sSpan348" value="nsubj"/>
		<feat xlink:href="#sSpan349" value="parataxis"/>
		<feat xlink:href="#sSpan350" value="advmod"/>
		<feat xlink:href="#sSpan353" value="fixed"/>
		<feat xlink:href="#sSpan355" value="obl"/>
		<feat xlink:href="#sSpan356" value="case"/>
		<feat xlink:href="#sSpan358" value="det"/>
		<feat xlink:href="#sSpan360" value="obl"/>
		<feat xlink:href="#sSpan361" value="case"/>
		<feat xlink:href="#sSpan363" value="det"/>
		<feat xlink:href="#sSpan365" value="nmod"/>
		<feat xlink:href="#sSpan366" value="mark"/>
		<feat xlink:href="#sSpan368" value="aux"/>
		<feat xlink:href="#sSpan369" value="nsubj"/>
		<feat xlink:href="#sSpan370" value="acl"/>
		<feat xlink:href="#sSpan372" value="advmod"/>
		<feat xlink:href="#sSpan374" value="punct"/>
		<feat xlink:href="#sSpan376" value="aux"/>
		<feat xlink:href="#sSpan379" value="nsubj"/>
		<feat xlink:href="#sSpan380" value="root"/>
		<feat xlink:href="#sSpan381" value="obj"/>
		<feat xlink:href="#sSpan382" value="advmod"/>
		<feat xlink:href="#sSpan384" value="case"/>
		<feat xlink:href="#sSpan386" value="obl"/>
		<feat xlink:href="#sSpan388" value="mark"/>
		<feat xlink:href="#sSpan390" value="nsubj"/>
		<feat xlink:href="#sSpan391" value="advcl"/>
		<feat xlink:href="#sSpan392" value="case"/>
		<feat xlink:href="#sSpan394" value="obj"/>
		<feat xlink:href="#sSpan395" value="mark"/>
		<feat xlink:href="#sSpan397" value="ccomp"/>
		<feat xlink:href="#sSpan398" value="aux"/>
		<feat xlink:href="#sSpan400" value="nsubj"/>
		<feat xlink:href="#sSpan401" value="advcl"/>
		<feat xlink:href="#sSpan402" value="case"/>
		<feat xlink:href="#sSpan404" value="det"/>
		<feat xlink:href="#sSpan405" value="obl"/>
		<feat xlink:href="#sSpan406" value="case"/>
		<feat xlink:href="#sSpan408" value="det"/>
		<feat xlink:href="#sSpan410" value="nmod"/>
		<feat xlink:href="#sSpan412" value="amod"/>
		<feat xlink:href="#sSpan414" value="punct"/>
		<feat xlink:href="#sSpan416" value="mark"/>
		<feat xlink:href="#sSpan418" value="advmod"/>
		<feat xlink:href="#sSpan420" value="nsubj"/>
		<feat xlink:href="#sSpan422" value="advcl"/>
		<feat xlink:href="#sSpan424" value="case"/>
		<feat xlink:href="#sSpan426" value="obl"/>
		<feat xlink:href="#sSpan427" value="advcl"/>
		<feat xlink:href="#sSpan429" value="xcomp"/>
		<feat xlink:href="#sSpan430" value="obj"/>
		<feat xlink:href="#sSpan431" value="advmod"/>
		<feat xlink:href="#sSpan433" value="mark"/>
		<feat xlink:href="#sSpan435" value="nsubj"/>
		<feat xlink:href="#sSpan437" value="advcl"/>
		<feat xlink:href="#sSpan439" value="aux"/>
		<feat xlink:href="#sSpan441" value="nsubj"/>
		<feat xlink:href="#sSpan442" value="advcl"/>
		<feat xlink:href="#sSpan443" value="case"/>
		<feat xlink:href="#sSpan445" value="obl"/>
		<feat xlink:href="#sSpan446" value="punct"/>
		<feat xlink:href="#sSpan448" value="dislocated"/>
		<feat xlink:href="#sSpan451" value="advmod"/>
		<feat xlink:href="#sSpan453" value="aux"/>
		<feat xlink:href="#sSpan455" value="nsubj"/>
		<feat xlink:href="#sSpan456" value="advcl"/>
		<feat xlink:href="#sSpan457" value="advmod"/>
		<feat xlink:href="#sSpan459" value="case"/>
		<feat xlink:href="#sSpan461" value="det"/>
		<feat xlink:href="#sSpan463" value="obl"/>
		<feat xlink:href="#sSpan464" value="aux"/>
		<feat xlink:href="#sSpan466" value="nsubj"/>
		<feat xlink:href="#sSpan467" value="root"/>
		<feat xlink:href="#sSpan468" value="cc"/>
		<feat xlink:href="#sSpan470" value="advmod"/>
		<feat xlink:href="#sSpan472" value="det"/>
		<feat xlink:href="#sSpan474" value="conj"/>
		<feat xlink:href="#sSpan475" value="mark"/>
		<feat xlink:href="#sSpan477" value="aux"/>
		<feat xlink:href="#sSpan478" value="nsubj"/>
		<feat xlink:href="#sSpan479" value="acl"/>
		<feat xlink:href="#sSpan480" value="case"/>
		<feat xlink:href="#sSpan482" value="obl"/>
		<feat xlink:href="#sSpan483" value="case"/>
		<feat xlink:href="#sSpan485" value="det"/>
		<feat xlink:href="#sSpan487" value="obl"/>
		<feat xlink:href="#sSpan488" value="aux"/>
		<feat xlink:href="#sSpan490" value="nsubj"/>
		<feat xlink:href="#sSpan491" value="conj"/>
		<feat xlink:href="#sSpan493" value="obj"/>
		<feat xlink:href="#sSpan496" value="det"/>
		<feat xlink:href="#sSpan497" value="aux"/>
		<feat xlink:href="#sSpan499" value="nsubj"/>
		<feat xlink:href="#sSpan500" value="advcl"/>
		<feat xlink:href="#sSpan502" value="aux"/>
		<feat xlink:href="#sSpan504" value="nsubj"/>
		<feat xlink:href="#sSpan505" value="advcl"/>
		<feat xlink:href="#sSpan506" value="obj"/>
		<feat xlink:href="#sSpan507" value="det"/>
		<feat xlink:href="#sSpan508" value="case"/>
		<feat xlink:href="#sSpan510" value="det"/>
		<feat xlink:href="#sSpan512" value="obl"/>
		<feat xlink:href="#sSpan513" value="mark"/>
		<feat xlink:href="#sSpan515" value="aux"/>
		<feat xlink:href="#sSpan516" value="det"/>
		<feat xlink:href="#sSpan518" value="nsubj"/>
		<feat xlink:href="#sSpan520" value="amod"/>
		<feat xlink:href="#sSpan522" value="case"/>
		<feat xlink:href="#sSpan524" value="advcl"/>
		<feat xlink:href="#sSpan525" value="punct"/>
		<feat xlink:href="#sSpan527" value="aux"/>
		<feat xlink:href="#sSpan530" value="nsubj"/>
		<feat xlink:href="#sSpan531" value="advcl"/>
		<feat xlink:href="#sSpan532" value="case"/>
		<feat xlink:href="#sSpan534" value="det"/>
		<feat xlink:href="#sSpan536" value="obl"/>
		<feat xlink:href="#sSpan537" value="aux"/>
		<feat xlink:href="#sSpan539" value="nsubj"/>
		<feat xlink:href="#sSpan540" value="root"/>
		<feat xlink:href="#sSpan541" value="case"/>
		<feat xlink:href="#sSpan543" value="det"/>
		<feat xlink:href="#sSpan545" value="obl"/>
		<feat xlink:href="#sSpan546" value="case"/>
		<feat xlink:href="#sSpan548" value="nmod"/>
		<feat xlink:href="#sSpan549" value="advmod"/>
		<feat xlink:href="#sSpan551" value="punct"/>
		<feat xlink:href="#sSpan553" value="cc"/>
		<feat xlink:href="#sSpan556" value="aux"/>
		<feat xlink:href="#sSpan558" value="nsubj"/>
		<feat xlink:href="#sSpan559" value="advcl"/>
		<feat xlink:href="#sSpan561" value="advmod"/>
		<feat xlink:href="#sSpan563" value="case"/>
		<feat xlink:href="#sSpan565" value="det"/>
		<feat xlink:href="#sSpan567" value="obl"/>
		<feat xlink:href="#sSpan568" value="aux"/>
		<feat xlink:href="#sSpan570" value="nsubj"/>
		<feat xlink:href="#sSpan571" value="root"/>
		<feat xlink:href="#sSpan572" value="case"/>
		<feat xlink:href="#sSpan574" value="det"/>
		<feat xlink:href="#sSpan576" value="obl"/>
		<feat xlink:href="#sSpan578" value="amod"/>
		<feat xlink:href="#sSpan580" value="cc"/>
		<feat xlink:href="#sSpan582" value="conj"/>
		<feat xlink:href="#sSpan584" value="det"/>
		<feat xlink:href="#sSpan586" value="appos"/>
		<feat xlink:href="#sSpan587" value="aux"/>
		<feat xlink:href="#sSpan589" value="nsubj"/>
		<feat xlink:href="#sSpan590" value="parataxis"/>
		<feat xlink:href="#sSpan591" value="obj"/>
		<feat xlink:href="#sSpan592" value="aux"/>
		<feat xlink:href="#sSpan594" value="nsubj"/>
		<feat xlink:href="#sSpan595" value="parataxis"/>
		<feat xlink:href="#sSpan596" value="case"/>
		<feat xlink:href="#sSpan598" value="obl"/>
		<feat xlink:href="#sSpan599" value="aux"/>
		<feat xlink:href="#sSpan601" value="nsubj"/>
		<feat xlink:href="#sSpan602" value="parataxis"/>
		<feat xlink:href="#sSpan603" value="case"/>
		<feat xlink:href="#sSpan605" value="det"/>
		<feat xlink:href="#sSpan607" value="obj"/>
		<feat xlink:href="#sSpan608" value="aux"/>
		<feat xlink:href="#sSpan610" value="nsubj"/>
		<feat xlink:href="#sSpan611" value="parataxis"/>
		<feat xlink:href="#sSpan612" value="case"/>
		<feat xlink:href="#sSpan614" value="obl"/>
		<feat xlink:href="#sSpan615" value="case"/>
		<feat xlink:href="#sSpan617" value="det"/>
		<feat xlink:href="#sSpan619" value="obj"/>
		<feat xlink:href="#sSpan620" value="det"/>
		<feat xlink:href="#sSpan622" value="appos"/>
		<feat xlink:href="#sSpan623" value="cc"/>
		<feat xlink:href="#sSpan625" value="det"/>
		<feat xlink:href="#sSpan627" value="conj"/>
		<feat xlink:href="#sSpan628" value="cc"/>
		<feat xlink:href="#sSpan630" value="det"/>
		<feat xlink:href="#sSpan632" value="conj"/>
		<feat xlink:href="#sSpan633" value="punct"/>
		<feat xlink:href="#sSpan635" value="aux"/>
		<feat xlink:href="#sSpan638" value="nsubj"/>
		<feat xlink:href="#sSpan640" value="root"/>
		<feat xlink:href="#sSpan642" value="obj"/>
		<feat xlink:href="#sSpan643" value="advmod"/>
		<feat xlink:href="#sSpan645" value="case"/>
		<feat xlink:href="#sSpan648" value="fixed"/>
		<feat xlink:href="#sSpan650" value="det"/>
		<feat xlink:href="#sSpan652" value="obl"/>
		<feat xlink:href="#sSpan653" value="mark"/>
		<feat xlink:href="#sSpan655" value="advmod"/>
		<feat xlink:href="#sSpan656" value="xcomp"/>
		<feat xlink:href="#sSpan657" value="obj"/>
		<feat xlink:href="#sSpan658" value="case"/>
		<feat xlink:href="#sSpan660" value="obl"/>
		<feat xlink:href="#sSpan662" value="punct"/>
		<feat xlink:href="#sSpan664" value="case"/>
		<feat xlink:href="#sSpan666" value="fixed"/>
		<feat xlink:href="#sSpan668" value="det"/>
		<feat xlink:href="#sSpan670" value="obl"/>
		<feat xlink:href="#sSpan671" value="aux"/>
		<feat xlink:href="#sSpan673" value="nsubj"/>
		<feat xlink:href="#sSpan674" value="parataxis"/>
		<feat xlink:href="#sSpan675" value="advmod"/>
		<feat xlink:href="#sSpan677" value="case"/>
		<feat xlink:href="#sSpan679" value="det"/>
		<feat xlink:href="#sSpan681" value="obl"/>
		<feat xlink:href="#sSpan682" value="punct"/>
		<feat xlink:href="#sSpan684" value="aux"/>
		<feat xlink:href="#sSpan687" value="compound"/>
		<feat xlink:href="#sSpan688" value="advcl"/>
		<feat xlink:href="#sSpan689" value="advmod"/>
		<feat xlink:href="#sSpan691" value="advmod"/>
		<feat xlink:href="#sSpan693" value="det"/>
		<feat xlink:href="#sSpan695" value="dislocated"/>
		<feat xlink:href="#sSpan696" value="case"/>
		<feat xlink:href="#sSpan698" value="det"/>
		<feat xlink:href="#sSpan700" value="nmod"/>
		<feat xlink:href="#sSpan701" value="aux"/>
		<feat xlink:href="#sSpan703" value="nsubj"/>
		<feat xlink:href="#sSpan704" value="root"/>
		<feat xlink:href="#sSpan706" value="advmod"/>
		<feat xlink:href="#sSpan708" value="case"/>
		<feat xlink:href="#sSpan710" value="det"/>
		<feat xlink:href="#sSpan712" value="obl"/>
		<feat xlink:href="#sSpan713" value="case"/>
		<feat xlink:href="#sSpan715" value="obl"/>
		<feat xlink:href="#sSpan717" value="mark"/>
		<feat xlink:href="#sSpan719" value="nsubj"/>
		<feat xlink:href="#sSpan720" value="advcl"/>
		<feat xlink:href="#sSpan721" value="case"/>
		<feat xlink:href="#sSpan723" value="obj"/>
		<feat xlink:href="#sSpan724" value="mark"/>
		<feat xlink:href="#sSpan726" value="ccomp"/>
		<feat xlink:href="#sSpan727" value="aux"/>
		<feat xlink:href="#sSpan729" value="nsubj"/>
		<feat xlink:href="#sSpan730" value="advcl"/>
		<feat xlink:href="#sSpan731" value="case"/>
		<feat xlink:href="#sSpan733" value="det"/>
		<feat xlink:href="#sSpan735" value="obj"/>
		<feat xlink:href="#sSpan737" value="amod"/>
		<feat xlink:href="#sSpan739" value="cc"/>
		<feat xlink:href="#sSpan741" value="det"/>
		<feat xlink:href="#sSpan743" value="conj"/>
		<feat xlink:href="#sSpan744" value="aux"/>
		<feat xlink:href="#sSpan746" value="nsubj"/>
		<feat xlink:href="#sSpan747" value="advcl"/>
		<feat xlink:href="#sSpan749" value="advmod"/>
		<feat xlink:href="#sSpan751" value="case"/>
		<feat xlink:href="#sSpan753" value="obl"/>
		<feat xlink:href="#sSpan755" value="aux"/>
		<feat xlink:href="#sSpan757" value="nsubj"/>
		<feat xlink:href="#sSpan758" value="advcl"/>
		<feat xlink:href="#sSpan759" value="case"/>
		<feat xlink:href="#sSpan761" value="det"/>
		<feat xlink:href="#sSpan763" value="obl"/>
		<feat xlink:href="#sSpan764" value="mark"/>
		<feat xlink:href="#sSpan766" value="acl"/>
		<feat xlink:href="#sSpan767" value="aux"/>
		<feat xlink:href="#sSpan769" value="nsubj"/>
		<feat xlink:href="#sSpan770" value="advcl"/>
		<feat xlink:href="#sSpan771" value="obj"/>
		<feat xlink:href="#sSpan772" value="case"/>
		<feat xlink:href="#sSpan774" value="obl"/>
		<feat xlink:href="#sSpan775" value="punct"/>
		<feat xlink:href="#sSpan777" value="nsubj"/>
		<feat xlink:href="#sSpan780" value="advmod"/>
		<feat xlink:href="#sSpan782" value="aux"/>
		<feat xlink:href="#sSpan784" value="conj"/>
		<feat xlink:href="#sSpan786" value="case"/>
		<feat xlink:href="#sSpan788" value="det"/>
		<feat xlink:href="#sSpan790" value="obl"/>
		<feat xlink:href="#sSpan792" value="amod"/>
		<feat xlink:href="#sSpan794" value="mark"/>
		<feat xlink:href="#sSpan796" value="xcomp"/>
		<feat xlink:href="#sSpan797" value="obj"/>
		<feat xlink:href="#sSpan798" value="punct"/>
		<feat xlink:href="#sSpan800" value="dislocated"/>
		<feat xlink:href="#sSpan803" value="advmod"/>
		<feat xlink:href="#sSpan805" value="aux"/>
		<feat xlink:href="#sSpan807" value="nsubj"/>
		<feat xlink:href="#sSpan808" value="root"/>
		<feat xlink:href="#sSpan809" value="aux"/>
		<feat xlink:href="#sSpan811" value="nsubj"/>
		<feat xlink:href="#sSpan812" value="parataxis"/>
		<feat xlink:href="#sSpan813" value="case"/>
		<feat xlink:href="#sSpan815" value="det"/>
		<feat xlink:href="#sSpan817" value="obj"/>
		<feat xlink:href="#sSpan819" value="amod"/>
		<feat xlink:href="#sSpan821" value="cc"/>
		<feat xlink:href="#sSpan823" value="det"/>
		<feat xlink:href="#sSpan825" value="conj"/>
		<feat xlink:href="#sSpan826" value="case"/>
		<feat xlink:href="#sSpan828" value="det"/>
		<feat xlink:href="#sSpan830" value="obl"/>
		<feat xlink:href="#sSpan831" value="aux"/>
		<feat xlink:href="#sSpan833" value="nsubj"/>
		<feat xlink:href="#sSpan834" value="parataxis"/>
		<feat xlink:href="#sSpan836" value="advmod"/>
		<feat xlink:href="#sSpan838" value="case"/>
		<feat xlink:href="#sSpan840" value="obl"/>
		<feat xlink:href="#sSpan842" value="punct"/>
		<feat xlink:href="#sSpan844" value="aux"/>
		<feat xlink:href="#sSpan847" value="nsubj"/>
		<feat xlink:href="#sSpan848" value="root"/>
		<feat xlink:href="#sSpan849" value="advmod"/>
		<feat xlink:href="#sSpan851" value="case"/>
		<feat xlink:href="#sSpan853" value="det"/>
		<feat xlink:href="#sSpan855" value="obl"/>
		<feat xlink:href="#sSpan856" value="mark"/>
		<feat xlink:href="#sSpan858" value="acl"/>
		<feat xlink:href="#sSpan859" value="aux"/>
		<feat xlink:href="#sSpan861" value="nsubj"/>
		<feat xlink:href="#sSpan863" value="advcl"/>
		<feat xlink:href="#sSpan865" value="punct"/>
		<feat xlink:href="#sSpan867" value="mark"/>
		<feat xlink:href="#sSpan869" value="nsubj"/>
		<feat xlink:href="#sSpan871" value="advcl"/>
		<feat xlink:href="#sSpan872" value="advmod"/>
		<feat xlink:href="#sSpan874" value="case"/>
		<feat xlink:href="#sSpan876" value="dislocated"/>
		<feat xlink:href="#sSpan878" value="mark"/>
		<feat xlink:href="#sSpan879" value="aux"/>
		<feat xlink:href="#sSpan880" value="det"/>
		<feat xlink:href="#sSpan882" value="nsubj"/>
		<feat xlink:href="#sSpan883" value="acl"/>
		<feat xlink:href="#sSpan885" value="obj"/>
		<feat xlink:href="#sSpan886" value="case"/>
		<feat xlink:href="#sSpan888" value="det"/>
		<feat xlink:href="#sSpan890" value="obl"/>
		<feat xlink:href="#sSpan891" value="mark"/>
		<feat xlink:href="#sSpan893" value="nsubj"/>
		<feat xlink:href="#sSpan894" value="advcl"/>
		<feat xlink:href="#sSpan895" value="case"/>
		<feat xlink:href="#sSpan897" value="obj"/>
		<feat xlink:href="#sSpan898" value="mark"/>
		<feat xlink:href="#sSpan900" value="aux"/>
		<feat xlink:href="#sSpan901" value="nsubj"/>
		<feat xlink:href="#sSpan902" value="ccomp"/>
		<feat xlink:href="#sSpan903" value="case"/>
		<feat xlink:href="#sSpan905" value="det"/>
		<feat xlink:href="#sSpan907" value="obl"/>
		<feat xlink:href="#sSpan908" value="case"/>
		<feat xlink:href="#sSpan911" value="fixed"/>
		<feat xlink:href="#sSpan913" value="obl"/>
		<feat xlink:href="#sSpan915" value="punct"/>
		<feat xlink:href="#sSpan917" value="advmod"/>
		<feat xlink:href="#sSpan920" value="dislocated"/>
		<feat xlink:href="#sSpan923" value="aux"/>
		<feat xlink:href="#sSpan925" value="nsubj"/>
		<feat xlink:href="#sSpan926" value="root"/>
		<feat xlink:href="#sSpan927" value="mark"/>
		<feat xlink:href="#sSpan929" value="aux"/>
		<feat xlink:href="#sSpan930" value="nsubj"/>
		<feat xlink:href="#sSpan931" value="ccomp"/>
		<feat xlink:href="#sSpan932" value="case"/>
		<feat xlink:href="#sSpan934" value="obj"/>
		<feat xlink:href="#sSpan935" value="case"/>
		<feat xlink:href="#sSpan937" value="fixed"/>
		<feat xlink:href="#sSpan939" value="det"/>
		<feat xlink:href="#sSpan941" value="obl"/>
		<feat xlink:href="#sSpan942" value="aux"/>
		<feat xlink:href="#sSpan944" value="nsubj"/>
		<feat xlink:href="#sSpan945" value="parataxis"/>
		<feat xlink:href="#sSpan946" value="advmod"/>
		<feat xlink:href="#sSpan948" value="aux"/>
		<feat xlink:href="#sSpan950" value="nsubj"/>
		<feat xlink:href="#sSpan951" value="parataxis"/>
		<feat xlink:href="#sSpan952" value="aux"/>
		<feat xlink:href="#sSpan954" value="nsubj"/>
		<feat xlink:href="#sSpan955" value="parataxis"/>
		<feat xlink:href="#sSpan956" value="case"/>
		<feat xlink:href="#sSpan958" value="obj"/>
		<feat xlink:href="#sSpan961" value="amod"/>
		<feat xlink:href="#sSpan963" value="det"/>
		<feat xlink:href="#sSpan965" value="mark"/>
		<feat xlink:href="#sSpan967" value="case"/>
		<feat xlink:href="#sSpan968" value="acl"/>
		<feat xlink:href="#sSpan970" value="cc"/>
		<feat xlink:href="#sSpan972" value="conj"/>
		<feat xlink:href="#sSpan974" value="mark"/>
		<feat xlink:href="#sSpan975" value="acl"/>
		<feat xlink:href="#sSpan976" value="case"/>
		<feat xlink:href="#sSpan978" value="det"/>
		<feat xlink:href="#sSpan980" value="obl"/>
		<feat xlink:href="#sSpan981" value="advmod"/>
		<feat xlink:href="#sSpan983" value="det"/>
		<feat xlink:href="#sSpan984" value="case"/>
		<feat xlink:href="#sSpan986" value="obl"/>
		<feat xlink:href="#sSpan988" value="nummod"/>
		<feat xlink:href="#sSpan990" value="case"/>
		<feat xlink:href="#sSpan992" value="det"/>
		<feat xlink:href="#sSpan993" value="obl"/>
		<feat xlink:href="#sSpan994" value="punct"/>
		<feat xlink:href="#sSpan996" value="case"/>
		<feat xlink:href="#sSpan998" value="det"/>
		<feat xlink:href="#sSpan1000" value="obl"/>
		<feat xlink:href="#sSpan1001" value="mark"/>
		<feat xlink:href="#sSpan1003" value="aux"/>
		<feat xlink:href="#sSpan1004" value="nsubj"/>
		<feat xlink:href="#sSpan1005" value="acl"/>
		<feat xlink:href="#sSpan1006" value="obj"/>
		<feat xlink:href="#sSpan1007" value="case"/>
		<feat xlink:href="#sSpan1010" value="fixed"/>
		<feat xlink:href="#sSpan1012" value="obl"/>
		<feat xlink:href="#sSpan1013" value="case"/>
		<feat xlink:href="#sSpan1015" value="det"/>
		<feat xlink:href="#sSpan1017" value="obl"/>
		<feat xlink:href="#sSpan1018" value="punct"/>
		<feat xlink:href="#sSpan1020" value="advmod"/>
		<feat xlink:href="#sSpan1023" value="aux"/>
		<feat xlink:href="#sSpan1025" value="nsubj"/>
		<feat xlink:href="#sSpan1026" value="root"/>
		<feat xlink:href="#sSpan1027" value="advmod"/>
		<feat xlink:href="#sSpan1029" value="case"/>
		<feat xlink:href="#sSpan1031" value="dislocated"/>
		<feat xlink:href="#sSpan1033" value="mark"/>
		<feat xlink:href="#sSpan1034" value="aux"/>
		<feat xlink:href="#sSpan1035" value="nsubj"/>
		<feat xlink:href="#sSpan1036" value="acl"/>
		<feat xlink:href="#sSpan1037" value="obj"/>
		<feat xlink:href="#sSpan1038" value="case"/>
		<feat xlink:href="#sSpan1040" value="obl"/>
		<feat xlink:href="#sSpan1042" value="det"/>
		<feat xlink:href="#sSpan1044" value="appos"/>
		<feat xlink:href="#sSpan1045" value="mark"/>
		<feat xlink:href="#sSpan1047" value="nsubj"/>
		<feat xlink:href="#sSpan1048" value="advcl"/>
		<feat xlink:href="#sSpan1049" value="case"/>
		<feat xlink:href="#sSpan1051" value="obj"/>
		<feat xlink:href="#sSpan1052" value="punct"/>
		<feat xlink:href="#sSpan1054" value="mark"/>
		<feat xlink:href="#sSpan1057" value="det"/>
		<feat xlink:href="#sSpan1059" value="dislocated"/>
		<feat xlink:href="#sSpan1060" value="aux"/>
		<feat xlink:href="#sSpan1062" value="nsubj"/>
		<feat xlink:href="#sSpan1063" value="root"/>
		<feat xlink:href="#sSpan1064" value="case"/>
		<feat xlink:href="#sSpan1066" value="obl"/>
		<feat xlink:href="#sSpan1067" value="case"/>
		<feat xlink:href="#sSpan1069" value="obl"/>
		<feat xlink:href="#sSpan1071" value="punct"/>
		<feat xlink:href="#sSpan1073" value="nsubj"/>
		<feat xlink:href="#sSpan1075" value="parataxis"/>
		<feat xlink:href="#sSpan1076" value="case"/>
		<feat xlink:href="#sSpan1078" value="det"/>
		<feat xlink:href="#sSpan1080" value="obl"/>
		<feat xlink:href="#sSpan1081" value="mark"/>
		<feat xlink:href="#sSpan1083" value="acl"/>
		<feat xlink:href="#sSpan1084" value="nsubj"/>
		<feat xlink:href="#sSpan1085" value="punct"/>
		<feat xlink:href="#sSpan1087" value="dislocated"/>
		<feat xlink:href="#sSpan1090" value="mark"/>
		<feat xlink:href="#sSpan1092" value="nsubj"/>
		<feat xlink:href="#sSpan1093" value="advcl"/>
		<feat xlink:href="#sSpan1094" value="case"/>
		<feat xlink:href="#sSpan1096" value="det"/>
		<feat xlink:href="#sSpan1098" value="obl"/>
		<feat xlink:href="#sSpan1099" value="cc"/>
		<feat xlink:href="#sSpan1101" value="case"/>
		<feat xlink:href="#sSpan1103" value="det"/>
		<feat xlink:href="#sSpan1105" value="conj"/>
		<feat xlink:href="#sSpan1106" value="mark"/>
		<feat xlink:href="#sSpan1108" value="xcomp"/>
		<feat xlink:href="#sSpan1109" value="obj"/>
		<feat xlink:href="#sSpan1110" value="mark"/>
		<feat xlink:href="#sSpan1112" value="det"/>
		<feat xlink:href="#sSpan1114" value="ccomp"/>
		<feat xlink:href="#sSpan1115" value="advmod"/>
		<feat xlink:href="#sSpan1117" value="cop"/>
		<feat xlink:href="#sSpan1119" value="punct"/>
		<feat xlink:href="#sSpan1121" value="aux"/>
		<feat xlink:href="#sSpan1124" value="nsubj"/>
		<feat xlink:href="#sSpan1125" value="advcl"/>
		<feat xlink:href="#sSpan1126" value="advmod"/>
		<feat xlink:href="#sSpan1128" value="case"/>
		<feat xlink:href="#sSpan1130" value="dislocated"/>
		<feat xlink:href="#sSpan1132" value="punct"/>
		<feat xlink:href="#sSpan1134" value="advmod"/>
		<feat xlink:href="#sSpan1136" value="det"/>
		<feat xlink:href="#sSpan1138" value="dislocated"/>
		<feat xlink:href="#sSpan1139" value="case"/>
		<feat xlink:href="#sSpan1141" value="det"/>
		<feat xlink:href="#sSpan1143" value="nmod"/>
		<feat xlink:href="#sSpan1144" value="aux"/>
		<feat xlink:href="#sSpan1146" value="nsubj"/>
		<feat xlink:href="#sSpan1147" value="root"/>
		<feat xlink:href="#sSpan1149" value="advmod"/>
		<feat xlink:href="#sSpan1151" value="case"/>
		<feat xlink:href="#sSpan1153" value="det"/>
		<feat xlink:href="#sSpan1155" value="obl"/>
		<feat xlink:href="#sSpan1156" value="case"/>
		<feat xlink:href="#sSpan1158" value="obl"/>
		<feat xlink:href="#sSpan1160" value="case"/>
		<feat xlink:href="#sSpan1162" value="obl"/>
		<feat xlink:href="#sSpan1164" value="punct"/>
		<feat xlink:href="#sSpan1166" value="mark"/>
		<feat xlink:href="#sSpan1169" value="nsubj"/>
		<feat xlink:href="#sSpan1170" value="root"/>
		<feat xlink:href="#sSpan1171" value="case"/>
		<feat xlink:href="#sSpan1173" value="obj"/>
		<feat xlink:href="#sSpan1174" value="mark"/>
		<feat xlink:href="#sSpan1176" value="ccomp"/>
		<feat xlink:href="#sSpan1177" value="aux"/>
		<feat xlink:href="#sSpan1179" value="nsubj"/>
		<feat xlink:href="#sSpan1180" value="advcl"/>
		<feat xlink:href="#sSpan1181" value="case"/>
		<feat xlink:href="#sSpan1183" value="det"/>
		<feat xlink:href="#sSpan1185" value="obj"/>
		<feat xlink:href="#sSpan1187" value="amod"/>
		<feat xlink:href="#sSpan1189" value="cc"/>
		<feat xlink:href="#sSpan1191" value="det"/>
		<feat xlink:href="#sSpan1193" value="conj"/>
		<feat xlink:href="#sSpan1194" value="aux"/>
		<feat xlink:href="#sSpan1196" value="nsubj"/>
		<feat xlink:href="#sSpan1197" value="advcl"/>
		<feat xlink:href="#sSpan1199" value="advmod"/>
		<feat xlink:href="#sSpan1201" value="case"/>
		<feat xlink:href="#sSpan1203" value="det"/>
		<feat xlink:href="#sSpan1205" value="obl"/>
		<feat xlink:href="#sSpan1206" value="case"/>
		<feat xlink:href="#sSpan1208" value="det"/>
		<feat xlink:href="#sSpan1210" value="nmod"/>
		<feat xlink:href="#sSpan1211" value="punct"/>
		<feat xlink:href="#sSpan1213" value="aux"/>
		<feat xlink:href="#sSpan1215" value="nsubj"/>
		<feat xlink:href="#sSpan1216" value="parataxis"/>
		<feat xlink:href="#sSpan1217" value="advmod"/>
		<feat xlink:href="#sSpan1219" value="case"/>
		<feat xlink:href="#sSpan1221" value="dislocated"/>
		<feat xlink:href="#sSpan1223" value="mark"/>
		<feat xlink:href="#sSpan1224" value="acl"/>
		<feat xlink:href="#sSpan1226" value="case"/>
		<feat xlink:href="#sSpan1228" value="det"/>
		<feat xlink:href="#sSpan1230" value="obl"/>
		<feat xlink:href="#sSpan1231" value="case"/>
		<feat xlink:href="#sSpan1233" value="det"/>
		<feat xlink:href="#sSpan1235" value="nmod"/>
		<feat xlink:href="#sSpan1237" value="amod"/>
		<feat xlink:href="#sSpan1239" value="punct"/>
		<feat xlink:href="#sSpan1241" value="dislocated"/>
		<feat xlink:href="#sSpan1244" value="advmod"/>
		<feat xlink:href="#sSpan1246" value="aux"/>
		<feat xlink:href="#sSpan1248" value="nsubj"/>
		<feat xlink:href="#sSpan1249" value="root"/>
		<feat xlink:href="#sSpan1250" value="aux"/>
		<feat xlink:href="#sSpan1252" value="nsubj"/>
		<feat xlink:href="#sSpan1253" value="parataxis"/>
		<feat xlink:href="#sSpan1254" value="case"/>
		<feat xlink:href="#sSpan1256" value="det"/>
		<feat xlink:href="#sSpan1258" value="obj"/>
		<feat xlink:href="#sSpan1260" value="amod"/>
		<feat xlink:href="#sSpan1262" value="cc"/>
		<feat xlink:href="#sSpan1264" value="det"/>
		<feat xlink:href="#sSpan1266" value="conj"/>
		<feat xlink:href="#sSpan1267" value="aux"/>
		<feat xlink:href="#sSpan1269" value="nsubj"/>
		<feat xlink:href="#sSpan1270" value="parataxis"/>
		<feat xlink:href="#sSpan1272" value="advmod"/>
		<feat xlink:href="#sSpan1274" value="case"/>
		<feat xlink:href="#sSpan1276" value="det"/>
		<feat xlink:href="#sSpan1278" value="obl"/>
		<feat xlink:href="#sSpan1279" value="case"/>
		<feat xlink:href="#sSpan1281" value="det"/>
		<feat xlink:href="#sSpan1283" value="nmod"/>
		<feat xlink:href="#sSpan1284" value="punct"/>
		<feat xlink:href="#sSpan1286" value="aux"/>
		<feat xlink:href="#sSpan1289" value="nsubj"/>
		<feat xlink:href="#sSpan1290" value="root"/>
		<feat xlink:href="#sSpan1291" value="advmod"/>
		<feat xlink:href="#sSpan1293" value="mark"/>
		<feat xlink:href="#sSpan1295" value="dislocated"/>
		<feat xlink:href="#sSpan1297" value="appos"/>
		<feat xlink:href="#sSpan1299" value="mark"/>
		<feat xlink:href="#sSpan1300" value="acl"/>
		<feat xlink:href="#sSpan1302" value="case"/>
		<feat xlink:href="#sSpan1304" value="obl"/>
		<feat xlink:href="#sSpan1306" value="case"/>
		<feat xlink:href="#sSpan1308" value="det"/>
		<feat xlink:href="#sSpan1310" value="obl"/>
		<feat xlink:href="#sSpan1311" value="case"/>
		<feat xlink:href="#sSpan1313" value="det"/>
		<feat xlink:href="#sSpan1315" value="obl"/>
		<feat xlink:href="#sSpan1316" value="case"/>
		<feat xlink:href="#sSpan1318" value="nmod"/>
		<feat xlink:href="#sSpan1320" value="det"/>
		<feat xlink:href="#sSpan1322" value="appos"/>
		<feat xlink:href="#sSpan1323" value="aux"/>
		<feat xlink:href="#sSpan1325" value="nsubj"/>
		<feat xlink:href="#sSpan1327" value="parataxis"/>
		<feat xlink:href="#sSpan1329" value="mark"/>
		<feat xlink:href="#sSpan1331" value="xcomp"/>
		<feat xlink:href="#sSpan1333" value="case"/>
		<feat xlink:href="#sSpan1335" value="det"/>
		<feat xlink:href="#sSpan1337" value="obl"/>
		<feat xlink:href="#sSpan1338" value="mark"/>
		<feat xlink:href="#sSpan1340" value="acl"/>
		<feat xlink:href="#sSpan1341" value="punct"/>
		<feat xlink:href="#sSpan1343" value="aux"/>
		<feat xlink:href="#sSpan1345" value="nsubj"/>
		<feat xlink:href="#sSpan1347" value="parataxis"/>
		<feat xlink:href="#sSpan1349" value="obj"/>
		<feat xlink:href="#sSpan1350" value="advmod"/>
		<feat xlink:href="#sSpan1352" value="advmod"/>
		<feat xlink:href="#sSpan1355" value="fixed"/>
		<feat xlink:href="#sSpan1357" value="det"/>
		<feat xlink:href="#sSpan1359" value="obl"/>
		<feat xlink:href="#sSpan1360" value="aux"/>
		<feat xlink:href="#sSpan1362" value="nsubj"/>
		<feat xlink:href="#sSpan1363" value="parataxis"/>
		<feat xlink:href="#sSpan1364" value="advmod"/>
		<feat xlink:href="#sSpan1366" value="case"/>
		<feat xlink:href="#sSpan1368" value="det"/>
		<feat xlink:href="#sSpan1370" value="obl"/>
		<feat xlink:href="#sSpan1371" value="case"/>
		<feat xlink:href="#sSpan1373" value="det"/>
		<feat xlink:href="#sSpan1375" value="nmod"/>
		<feat xlink:href="#sSpan1376" value="punct"/>
		<feat xlink:href="#sSpan1378" value="aux"/>
		<feat xlink:href="#sSpan1381" value="nsubj"/>
		<feat xlink:href="#sSpan1382" value="root"/>
		<feat xlink:href="#sSpan1383" value="aux"/>
		<feat xlink:href="#sSpan1385" value="nsubj"/>
		<feat xlink:href="#sSpan1386" value="parataxis"/>
		<feat xlink:href="#sSpan1387" value="case"/>
		<feat xlink:href="#sSpan1389" value="det"/>
		<feat xlink:href="#sSpan1391" value="obl"/>
		<feat xlink:href="#sSpan1392" value="mark"/>
		<feat xlink:href="#sSpan1394" value="aux"/>
		<feat xlink:href="#sSpan1395" value="nsubj"/>
		<feat xlink:href="#sSpan1396" value="parataxis"/>
		<feat xlink:href="#sSpan1397" value="case"/>
		<feat xlink:href="#sSpan1399" value="obl"/>
		<feat xlink:href="#sSpan1400" value="mark"/>
		<feat xlink:href="#sSpan1402" value="ccomp"/>
		<feat xlink:href="#sSpan1404" value="punct"/>
		<feat xlink:href="#sSpan1406" value="mark"/>
		<feat xlink:href="#sSpan1408" value="nsubj"/>
		<feat xlink:href="#sSpan1410" value="advcl"/>
		<feat xlink:href="#sSpan1411" value="advmod"/>
		<feat xlink:href="#sSpan1413" value="case"/>
		<feat xlink:href="#sSpan1415" value="dislocated"/>
		<feat xlink:href="#sSpan1417" value="mark"/>
		<feat xlink:href="#sSpan1418" value="aux"/>
		<feat xlink:href="#sSpan1419" value="nsubj"/>
		<feat xlink:href="#sSpan1420" value="acl"/>
		<feat xlink:href="#sSpan1421" value="obj"/>
		<feat xlink:href="#sSpan1422" value="case"/>
		<feat xlink:href="#sSpan1424" value="det"/>
		<feat xlink:href="#sSpan1426" value="obl"/>
		<feat xlink:href="#sSpan1427" value="mark"/>
		<feat xlink:href="#sSpan1429" value="nsubj"/>
		<feat xlink:href="#sSpan1430" value="aux"/>
		<feat xlink:href="#sSpan1431" value="advcl"/>
		<feat xlink:href="#sSpan1432" value="case"/>
		<feat xlink:href="#sSpan1434" value="obl"/>
		<feat xlink:href="#sSpan1435" value="mark"/>
		<feat xlink:href="#sSpan1437" value="det"/>
		<feat xlink:href="#sSpan1439" value="vocative"/>
		<feat xlink:href="#sSpan1440" value="punct"/></featList></paula>