<?xml version='1.0' encoding='UTF-8'?><!DOCTYPE paula SYSTEM "paula_feat.dtd">
<paula version="1.1">
	<header paula_id="scriptorium.40_Matthew_02.mark_verse_n"/>
	<featList xmlns:xlink="http://www.w3.org/1999/xlink" type="verse_n" xml:base="scriptorium.40_Matthew_02.mark.xml">
		<feat xlink:href="#sSpan4" value="1"/>
		<feat xlink:href="#sSpan76" value="2"/>
		<feat xlink:href="#sSpan128" value="3"/>
		<feat xlink:href="#sSpan163" value="4"/>
		<feat xlink:href="#sSpan215" value="5"/>
		<feat xlink:href="#sSpan259" value="6"/>
		<feat xlink:href="#sSpan329" value="7"/>
		<feat xlink:href="#sSpan378" value="8"/>
		<feat xlink:href="#sSpan450" value="9"/>
		<feat xlink:href="#sSpan529" value="10"/>
		<feat xlink:href="#sSpan555" value="11"/>
		<feat xlink:href="#sSpan637" value="12"/>
		<feat xlink:href="#sSpan686" value="13"/>
		<feat xlink:href="#sSpan802" value="14"/>
		<feat xlink:href="#sSpan846" value="15"/>
		<feat xlink:href="#sSpan919" value="16"/>
		<feat xlink:href="#sSpan1022" value="17"/>
		<feat xlink:href="#sSpan1056" value="18"/>
		<feat xlink:href="#sSpan1123" value="19"/>
		<feat xlink:href="#sSpan1168" value="20"/>
		<feat xlink:href="#sSpan1243" value="21"/>
		<feat xlink:href="#sSpan1288" value="22"/>
		<feat xlink:href="#sSpan1380" value="23"/></featList></paula>