<?xml version='1.0' encoding='UTF-8'?><!DOCTYPE paula SYSTEM "paula_feat.dtd">
<paula version="1.1">
	<header paula_id="scriptorium.40_Matthew_02.mark_pos"/>
	<featList xmlns:xlink="http://www.w3.org/1999/xlink" type="pos" xml:base="scriptorium.40_Matthew_02.mark.xml">
		<feat xlink:href="#sSpan1" value="NPROP"/>
		<feat xlink:href="#sSpan5" value="PTC"/>
		<feat xlink:href="#sSpan7" value="APREC"/>
		<feat xlink:href="#sSpan9" value="PPERS"/>
		<feat xlink:href="#sSpan10" value="V"/>
		<feat xlink:href="#sSpan11" value="PPERO"/>
		<feat xlink:href="#sSpan12" value="ADV"/>
		<feat xlink:href="#sSpan15" value="PREP"/>
		<feat xlink:href="#sSpan17" value="NPROP"/>
		<feat xlink:href="#sSpan19" value="PREP"/>
		<feat xlink:href="#sSpan21" value="ART"/>
		<feat xlink:href="#sSpan23" value="NPROP"/>
		<feat xlink:href="#sSpan24" value="PREP"/>
		<feat xlink:href="#sSpan26" value="ART"/>
		<feat xlink:href="#sSpan28" value="N"/>
		<feat xlink:href="#sSpan29" value="PREP"/>
		<feat xlink:href="#sSpan31" value="NPROP"/>
		<feat xlink:href="#sSpan33" value="ART"/>
		<feat xlink:href="#sSpan35" value="N"/>
		<feat xlink:href="#sSpan36" value="PUNCT"/>
		<feat xlink:href="#sSpan38" value="PTC"/>
		<feat xlink:href="#sSpan40" value="ART"/>
		<feat xlink:href="#sSpan43" value="N"/>
		<feat xlink:href="#sSpan44" value="APST"/>
		<feat xlink:href="#sSpan46" value="PPERS"/>
		<feat xlink:href="#sSpan47" value="V"/>
		<feat xlink:href="#sSpan49" value="ADV"/>
		<feat xlink:href="#sSpan51" value="PREP"/>
		<feat xlink:href="#sSpan53" value="ART"/>
		<feat xlink:href="#sSpan55" value="N"/>
		<feat xlink:href="#sSpan56" value="ADV"/>
		<feat xlink:href="#sSpan58" value="PREP"/>
		<feat xlink:href="#sSpan60" value="ART"/>
		<feat xlink:href="#sSpan62" value="NPROP"/>
		<feat xlink:href="#sSpan63" value="PUNCT"/>
		<feat xlink:href="#sSpan65" value="CCIRC"/>
		<feat xlink:href="#sSpan67" value="PPERS"/>
		<feat xlink:href="#sSpan68" value="V"/>
		<feat xlink:href="#sSpan69" value="PREP"/>
		<feat xlink:href="#sSpan71" value="PPERO"/>
		<feat xlink:href="#sSpan72" value="PUNCT"/>
		<feat xlink:href="#sSpan74" value="CONJ"/>
		<feat xlink:href="#sSpan77" value="CFOC"/>
		<feat xlink:href="#sSpan78" value="PPERS"/>
		<feat xlink:href="#sSpan79" value="PINT"/>
		<feat xlink:href="#sSpan80" value="ART"/>
		<feat xlink:href="#sSpan83" value="N"/>
		<feat xlink:href="#sSpan84" value="PREP"/>
		<feat xlink:href="#sSpan86" value="ART"/>
		<feat xlink:href="#sSpan88" value="NPROP"/>
		<feat xlink:href="#sSpan89" value="CREL"/>
		<feat xlink:href="#sSpan91" value="APST"/>
		<feat xlink:href="#sSpan92" value="PPERS"/>
		<feat xlink:href="#sSpan93" value="V"/>
		<feat xlink:href="#sSpan94" value="PPERO"/>
		<feat xlink:href="#sSpan95" value="PUNCT"/>
		<feat xlink:href="#sSpan97" value="APST"/>
		<feat xlink:href="#sSpan99" value="PPERS"/>
		<feat xlink:href="#sSpan100" value="V"/>
		<feat xlink:href="#sSpan101" value="PTC"/>
		<feat xlink:href="#sSpan103" value="PREP"/>
		<feat xlink:href="#sSpan105" value="PPOS"/>
		<feat xlink:href="#sSpan107" value="N"/>
		<feat xlink:href="#sSpan108" value="PREP"/>
		<feat xlink:href="#sSpan110" value="ART"/>
		<feat xlink:href="#sSpan112" value="N"/>
		<feat xlink:href="#sSpan113" value="APST"/>
		<feat xlink:href="#sSpan115" value="PPERS"/>
		<feat xlink:href="#sSpan116" value="V"/>
		<feat xlink:href="#sSpan118" value="PREP"/>
		<feat xlink:href="#sSpan120" value="V"/>
		<feat xlink:href="#sSpan121" value="PREP"/>
		<feat xlink:href="#sSpan123" value="PPERO"/>
		<feat xlink:href="#sSpan124" value="PUNCT"/>
		<feat xlink:href="#sSpan126" value="APST"/>
		<feat xlink:href="#sSpan129" value="PPERS"/>
		<feat xlink:href="#sSpan130" value="V"/>
		<feat xlink:href="#sSpan131" value="PTC"/>
		<feat xlink:href="#sSpan133" value="PTC"/>
		<feat xlink:href="#sSpan135" value="NPROP"/>
		<feat xlink:href="#sSpan137" value="ART"/>
		<feat xlink:href="#sSpan139" value="N"/>
		<feat xlink:href="#sSpan140" value="PUNCT"/>
		<feat xlink:href="#sSpan142" value="APST"/>
		<feat xlink:href="#sSpan144" value="PPERS"/>
		<feat xlink:href="#sSpan145" value="V"/>
		<feat xlink:href="#sSpan146" value="ADV"/>
		<feat xlink:href="#sSpan148" value="PREP"/>
		<feat xlink:href="#sSpan150" value="ART"/>
		<feat xlink:href="#sSpan152" value="NPROP"/>
		<feat xlink:href="#sSpan153" value="IMOD"/>
		<feat xlink:href="#sSpan155" value="PPERO"/>
		<feat xlink:href="#sSpan156" value="PREP"/>
		<feat xlink:href="#sSpan158" value="PPERO"/>
		<feat xlink:href="#sSpan159" value="PUNCT"/>
		<feat xlink:href="#sSpan161" value="APST"/>
		<feat xlink:href="#sSpan164" value="PPERS"/>
		<feat xlink:href="#sSpan165" value="V"/>
		<feat xlink:href="#sSpan166" value="ADV"/>
		<feat xlink:href="#sSpan168" value="PREP"/>
		<feat xlink:href="#sSpan170" value="ART"/>
		<feat xlink:href="#sSpan172" value="N"/>
		<feat xlink:href="#sSpan173" value="IMOD"/>
		<feat xlink:href="#sSpan175" value="PPERO"/>
		<feat xlink:href="#sSpan176" value="PREP"/>
		<feat xlink:href="#sSpan178" value="ART"/>
		<feat xlink:href="#sSpan180" value="N"/>
		<feat xlink:href="#sSpan181" value="PREP"/>
		<feat xlink:href="#sSpan183" value="ART"/>
		<feat xlink:href="#sSpan185" value="N"/>
		<feat xlink:href="#sSpan186" value="PUNCT"/>
		<feat xlink:href="#sSpan188" value="APST"/>
		<feat xlink:href="#sSpan190" value="PPERS"/>
		<feat xlink:href="#sSpan191" value="V"/>
		<feat xlink:href="#sSpan192" value="ADV"/>
		<feat xlink:href="#sSpan195" value="PREP"/>
		<feat xlink:href="#sSpan197" value="PPERO"/>
		<feat xlink:href="#sSpan198" value="CONJ"/>
		<feat xlink:href="#sSpan200" value="CFOC"/>
		<feat xlink:href="#sSpan201" value="PPERS"/>
		<feat xlink:href="#sSpan202" value="FUT"/>
		<feat xlink:href="#sSpan203" value="V"/>
		<feat xlink:href="#sSpan204" value="PREP"/>
		<feat xlink:href="#sSpan206" value="ART"/>
		<feat xlink:href="#sSpan208" value="N"/>
		<feat xlink:href="#sSpan209" value="PINT"/>
		<feat xlink:href="#sSpan211" value="PUNCT"/>
		<feat xlink:href="#sSpan213" value="PPERI"/>
		<feat xlink:href="#sSpan216" value="PTC"/>
		<feat xlink:href="#sSpan218" value="VBD"/>
		<feat xlink:href="#sSpan220" value="PPERS"/>
		<feat xlink:href="#sSpan221" value="PREP"/>
		<feat xlink:href="#sSpan223" value="PPERO"/>
		<feat xlink:href="#sSpan224" value="CONJ"/>
		<feat xlink:href="#sSpan226" value="N"/>
		<feat xlink:href="#sSpan228" value="PPERO"/>
		<feat xlink:href="#sSpan229" value="PREP"/>
		<feat xlink:href="#sSpan231" value="NPROP"/>
		<feat xlink:href="#sSpan233" value="PREP"/>
		<feat xlink:href="#sSpan235" value="ART"/>
		<feat xlink:href="#sSpan237" value="NPROP"/>
		<feat xlink:href="#sSpan238" value="PUNCT"/>
		<feat xlink:href="#sSpan240" value="CCIRC"/>
		<feat xlink:href="#sSpan242" value="PPERS"/>
		<feat xlink:href="#sSpan243" value="VSTAT"/>
		<feat xlink:href="#sSpan244" value="PTC"/>
		<feat xlink:href="#sSpan246" value="PREP"/>
		<feat xlink:href="#sSpan248" value="PDEM"/>
		<feat xlink:href="#sSpan249" value="N"/>
		<feat xlink:href="#sSpan250" value="PREP"/>
		<feat xlink:href="#sSpan252" value="ART"/>
		<feat xlink:href="#sSpan254" value="N"/>
		<feat xlink:href="#sSpan255" value="PUNCT"/>
		<feat xlink:href="#sSpan257" value="CONJ"/>
		<feat xlink:href="#sSpan260" value="PPERI"/>
		<feat xlink:href="#sSpan261" value="IMOD"/>
		<feat xlink:href="#sSpan263" value="PPERO"/>
		<feat xlink:href="#sSpan264" value="NPROP"/>
		<feat xlink:href="#sSpan267" value="ART"/>
		<feat xlink:href="#sSpan270" value="N"/>
		<feat xlink:href="#sSpan271" value="PREP"/>
		<feat xlink:href="#sSpan273" value="NPROP"/>
		<feat xlink:href="#sSpan275" value="PREP"/>
		<feat xlink:href="#sSpan277" value="ART"/>
		<feat xlink:href="#sSpan279" value="N"/>
		<feat xlink:href="#sSpan280" value="NEG"/>
		<feat xlink:href="#sSpan282" value="PREP"/>
		<feat xlink:href="#sSpan284" value="ART"/>
		<feat xlink:href="#sSpan286" value="N"/>
		<feat xlink:href="#sSpan287" value="PREP"/>
		<feat xlink:href="#sSpan289" value="NPROP"/>
		<feat xlink:href="#sSpan291" value="PUNCT"/>
		<feat xlink:href="#sSpan293" value="PPERS"/>
		<feat xlink:href="#sSpan295" value="VSTAT"/>
		<feat xlink:href="#sSpan296" value="PTC"/>
		<feat xlink:href="#sSpan298" value="ADV"/>
		<feat xlink:href="#sSpan300" value="PREP"/>
		<feat xlink:href="#sSpan302" value="N"/>
		<feat xlink:href="#sSpan304" value="PTC"/>
		<feat xlink:href="#sSpan306" value="ART"/>
		<feat xlink:href="#sSpan308" value="N"/>
		<feat xlink:href="#sSpan309" value="PUNCT"/>
		<feat xlink:href="#sSpan311" value="PDEM"/>
		<feat xlink:href="#sSpan313" value="CREL"/>
		<feat xlink:href="#sSpan315" value="FUT"/>
		<feat xlink:href="#sSpan316" value="V"/>
		<feat xlink:href="#sSpan317" value="PREP"/>
		<feat xlink:href="#sSpan319" value="PPOS"/>
		<feat xlink:href="#sSpan321" value="N"/>
		<feat xlink:href="#sSpan322" value="ART"/>
		<feat xlink:href="#sSpan324" value="NPROP"/>
		<feat xlink:href="#sSpan325" value="PUNCT"/>
		<feat xlink:href="#sSpan327" value="ADV"/>
		<feat xlink:href="#sSpan330" value="NPROP"/>
		<feat xlink:href="#sSpan333" value="APST"/>
		<feat xlink:href="#sSpan335" value="PPERS"/>
		<feat xlink:href="#sSpan336" value="V"/>
		<feat xlink:href="#sSpan337" value="PREP"/>
		<feat xlink:href="#sSpan339" value="ART"/>
		<feat xlink:href="#sSpan341" value="N"/>
		<feat xlink:href="#sSpan342" value="PREP"/>
		<feat xlink:href="#sSpan344" value="N"/>
		<feat xlink:href="#sSpan346" value="APST"/>
		<feat xlink:href="#sSpan348" value="PPERS"/>
		<feat xlink:href="#sSpan349" value="V"/>
		<feat xlink:href="#sSpan350" value="ADV"/>
		<feat xlink:href="#sSpan353" value="PREP"/>
		<feat xlink:href="#sSpan355" value="PPERO"/>
		<feat xlink:href="#sSpan356" value="PREP"/>
		<feat xlink:href="#sSpan358" value="ART"/>
		<feat xlink:href="#sSpan360" value="N"/>
		<feat xlink:href="#sSpan361" value="PREP"/>
		<feat xlink:href="#sSpan363" value="ART"/>
		<feat xlink:href="#sSpan365" value="N"/>
		<feat xlink:href="#sSpan366" value="CREL"/>
		<feat xlink:href="#sSpan368" value="APST"/>
		<feat xlink:href="#sSpan369" value="PPERS"/>
		<feat xlink:href="#sSpan370" value="V"/>
		<feat xlink:href="#sSpan372" value="ADV"/>
		<feat xlink:href="#sSpan374" value="PUNCT"/>
		<feat xlink:href="#sSpan376" value="APST"/>
		<feat xlink:href="#sSpan379" value="PPERS"/>
		<feat xlink:href="#sSpan380" value="V"/>
		<feat xlink:href="#sSpan381" value="PPERO"/>
		<feat xlink:href="#sSpan382" value="ADV"/>
		<feat xlink:href="#sSpan384" value="PREP"/>
		<feat xlink:href="#sSpan386" value="NPROP"/>
		<feat xlink:href="#sSpan388" value="CCIRC"/>
		<feat xlink:href="#sSpan390" value="PPERS"/>
		<feat xlink:href="#sSpan391" value="V"/>
		<feat xlink:href="#sSpan392" value="PREP"/>
		<feat xlink:href="#sSpan394" value="PPERO"/>
		<feat xlink:href="#sSpan395" value="CONJ"/>
		<feat xlink:href="#sSpan397" value="V"/>
		<feat xlink:href="#sSpan398" value="ACONJ"/>
		<feat xlink:href="#sSpan400" value="PPERS"/>
		<feat xlink:href="#sSpan401" value="V"/>
		<feat xlink:href="#sSpan402" value="PREP"/>
		<feat xlink:href="#sSpan404" value="ART"/>
		<feat xlink:href="#sSpan405" value="N"/>
		<feat xlink:href="#sSpan406" value="PREP"/>
		<feat xlink:href="#sSpan408" value="ART"/>
		<feat xlink:href="#sSpan410" value="N"/>
		<feat xlink:href="#sSpan412" value="N"/>
		<feat xlink:href="#sSpan414" value="PUNCT"/>
		<feat xlink:href="#sSpan416" value="CONJ"/>
		<feat xlink:href="#sSpan418" value="PTC"/>
		<feat xlink:href="#sSpan420" value="ACOND_PPERS"/>
		<feat xlink:href="#sSpan422" value="V"/>
		<feat xlink:href="#sSpan424" value="PREP"/>
		<feat xlink:href="#sSpan426" value="PPERO"/>
		<feat xlink:href="#sSpan427" value="VIMP"/>
		<feat xlink:href="#sSpan429" value="V"/>
		<feat xlink:href="#sSpan430" value="PPERO"/>
		<feat xlink:href="#sSpan431" value="IMOD"/>
		<feat xlink:href="#sSpan433" value="CONJ"/>
		<feat xlink:href="#sSpan435" value="AOPT_PPERS"/>
		<feat xlink:href="#sSpan437" value="V"/>
		<feat xlink:href="#sSpan439" value="ACONJ"/>
		<feat xlink:href="#sSpan441" value="PPERS"/>
		<feat xlink:href="#sSpan442" value="V"/>
		<feat xlink:href="#sSpan443" value="PREP"/>
		<feat xlink:href="#sSpan445" value="PPERO"/>
		<feat xlink:href="#sSpan446" value="PUNCT"/>
		<feat xlink:href="#sSpan448" value="PPERI"/>
		<feat xlink:href="#sSpan451" value="PTC"/>
		<feat xlink:href="#sSpan453" value="APREC"/>
		<feat xlink:href="#sSpan455" value="PPERS"/>
		<feat xlink:href="#sSpan456" value="V"/>
		<feat xlink:href="#sSpan457" value="ADV"/>
		<feat xlink:href="#sSpan459" value="PREP"/>
		<feat xlink:href="#sSpan461" value="ART"/>
		<feat xlink:href="#sSpan463" value="N"/>
		<feat xlink:href="#sSpan464" value="APST"/>
		<feat xlink:href="#sSpan466" value="PPERS"/>
		<feat xlink:href="#sSpan467" value="V"/>
		<feat xlink:href="#sSpan468" value="CONJ"/>
		<feat xlink:href="#sSpan470" value="PTC"/>
		<feat xlink:href="#sSpan472" value="ART"/>
		<feat xlink:href="#sSpan474" value="N"/>
		<feat xlink:href="#sSpan475" value="CREL"/>
		<feat xlink:href="#sSpan477" value="APST"/>
		<feat xlink:href="#sSpan478" value="PPERS"/>
		<feat xlink:href="#sSpan479" value="V"/>
		<feat xlink:href="#sSpan480" value="PREP"/>
		<feat xlink:href="#sSpan482" value="PPERO"/>
		<feat xlink:href="#sSpan483" value="PREP"/>
		<feat xlink:href="#sSpan485" value="ART"/>
		<feat xlink:href="#sSpan487" value="N"/>
		<feat xlink:href="#sSpan488" value="APST"/>
		<feat xlink:href="#sSpan490" value="PPERS"/>
		<feat xlink:href="#sSpan491" value="V"/>
		<feat xlink:href="#sSpan493" value="N"/>
		<feat xlink:href="#sSpan496" value="PPERO"/>
		<feat xlink:href="#sSpan497" value="ALIM"/>
		<feat xlink:href="#sSpan499" value="PPERS"/>
		<feat xlink:href="#sSpan500" value="V"/>
		<feat xlink:href="#sSpan502" value="ACONJ"/>
		<feat xlink:href="#sSpan504" value="PPERS"/>
		<feat xlink:href="#sSpan505" value="V"/>
		<feat xlink:href="#sSpan506" value="N"/>
		<feat xlink:href="#sSpan507" value="PPERO"/>
		<feat xlink:href="#sSpan508" value="PREP"/>
		<feat xlink:href="#sSpan510" value="ART"/>
		<feat xlink:href="#sSpan512" value="N"/>
		<feat xlink:href="#sSpan513" value="CCIRC"/>
		<feat xlink:href="#sSpan515" value="CPRET"/>
		<feat xlink:href="#sSpan516" value="ART"/>
		<feat xlink:href="#sSpan518" value="N"/>
		<feat xlink:href="#sSpan520" value="N"/>
		<feat xlink:href="#sSpan522" value="PREP"/>
		<feat xlink:href="#sSpan524" value="PPERO"/>
		<feat xlink:href="#sSpan525" value="PUNCT"/>
		<feat xlink:href="#sSpan527" value="APREC"/>
		<feat xlink:href="#sSpan530" value="PPERS"/>
		<feat xlink:href="#sSpan531" value="V"/>
		<feat xlink:href="#sSpan532" value="PREP"/>
		<feat xlink:href="#sSpan534" value="ART"/>
		<feat xlink:href="#sSpan536" value="N"/>
		<feat xlink:href="#sSpan537" value="APST"/>
		<feat xlink:href="#sSpan539" value="PPERS"/>
		<feat xlink:href="#sSpan540" value="V"/>
		<feat xlink:href="#sSpan541" value="PREP"/>
		<feat xlink:href="#sSpan543" value="ART"/>
		<feat xlink:href="#sSpan545" value="N"/>
		<feat xlink:href="#sSpan546" value="PREP"/>
		<feat xlink:href="#sSpan548" value="N"/>
		<feat xlink:href="#sSpan549" value="ADV"/>
		<feat xlink:href="#sSpan551" value="PUNCT"/>
		<feat xlink:href="#sSpan553" value="CONJ"/>
		<feat xlink:href="#sSpan556" value="APREC"/>
		<feat xlink:href="#sSpan558" value="PPERS"/>
		<feat xlink:href="#sSpan559" value="V"/>
		<feat xlink:href="#sSpan561" value="ADV"/>
		<feat xlink:href="#sSpan563" value="PREP"/>
		<feat xlink:href="#sSpan565" value="ART"/>
		<feat xlink:href="#sSpan567" value="N"/>
		<feat xlink:href="#sSpan568" value="APST"/>
		<feat xlink:href="#sSpan570" value="PPERS"/>
		<feat xlink:href="#sSpan571" value="V"/>
		<feat xlink:href="#sSpan572" value="PREP"/>
		<feat xlink:href="#sSpan574" value="ART"/>
		<feat xlink:href="#sSpan576" value="N"/>
		<feat xlink:href="#sSpan578" value="N"/>
		<feat xlink:href="#sSpan580" value="PREP"/>
		<feat xlink:href="#sSpan582" value="NPROP"/>
		<feat xlink:href="#sSpan584" value="PPOS"/>
		<feat xlink:href="#sSpan586" value="N"/>
		<feat xlink:href="#sSpan587" value="APST"/>
		<feat xlink:href="#sSpan589" value="PPERS"/>
		<feat xlink:href="#sSpan590" value="V"/>
		<feat xlink:href="#sSpan591" value="PPERO"/>
		<feat xlink:href="#sSpan592" value="APST"/>
		<feat xlink:href="#sSpan594" value="PPERS"/>
		<feat xlink:href="#sSpan595" value="V"/>
		<feat xlink:href="#sSpan596" value="PREP"/>
		<feat xlink:href="#sSpan598" value="PPERO"/>
		<feat xlink:href="#sSpan599" value="APST"/>
		<feat xlink:href="#sSpan601" value="PPERS"/>
		<feat xlink:href="#sSpan602" value="V"/>
		<feat xlink:href="#sSpan603" value="PREP"/>
		<feat xlink:href="#sSpan605" value="PPOS"/>
		<feat xlink:href="#sSpan607" value="N"/>
		<feat xlink:href="#sSpan608" value="APST"/>
		<feat xlink:href="#sSpan610" value="PPERS"/>
		<feat xlink:href="#sSpan611" value="V"/>
		<feat xlink:href="#sSpan612" value="PREP"/>
		<feat xlink:href="#sSpan614" value="PPERO"/>
		<feat xlink:href="#sSpan615" value="PREP"/>
		<feat xlink:href="#sSpan617" value="ART"/>
		<feat xlink:href="#sSpan619" value="N"/>
		<feat xlink:href="#sSpan620" value="ART"/>
		<feat xlink:href="#sSpan622" value="N"/>
		<feat xlink:href="#sSpan623" value="PREP"/>
		<feat xlink:href="#sSpan625" value="ART"/>
		<feat xlink:href="#sSpan627" value="N"/>
		<feat xlink:href="#sSpan628" value="PREP"/>
		<feat xlink:href="#sSpan630" value="ART"/>
		<feat xlink:href="#sSpan632" value="N"/>
		<feat xlink:href="#sSpan633" value="PUNCT"/>
		<feat xlink:href="#sSpan635" value="APST"/>
		<feat xlink:href="#sSpan638" value="PPERS"/>
		<feat xlink:href="#sSpan640" value="V"/>
		<feat xlink:href="#sSpan642" value="PPERO"/>
		<feat xlink:href="#sSpan643" value="PTC"/>
		<feat xlink:href="#sSpan645" value="ADV"/>
		<feat xlink:href="#sSpan648" value="PREP"/>
		<feat xlink:href="#sSpan650" value="ART"/>
		<feat xlink:href="#sSpan652" value="N"/>
		<feat xlink:href="#sSpan653" value="PREP"/>
		<feat xlink:href="#sSpan655" value="NEG"/>
		<feat xlink:href="#sSpan656" value="V"/>
		<feat xlink:href="#sSpan657" value="PPERO"/>
		<feat xlink:href="#sSpan658" value="PREP"/>
		<feat xlink:href="#sSpan660" value="NPROP"/>
		<feat xlink:href="#sSpan662" value="PUNCT"/>
		<feat xlink:href="#sSpan664" value="ADV"/>
		<feat xlink:href="#sSpan666" value="PREP"/>
		<feat xlink:href="#sSpan668" value="ART"/>
		<feat xlink:href="#sSpan670" value="N"/>
		<feat xlink:href="#sSpan671" value="APST"/>
		<feat xlink:href="#sSpan673" value="PPERS"/>
		<feat xlink:href="#sSpan674" value="V"/>
		<feat xlink:href="#sSpan675" value="ADV"/>
		<feat xlink:href="#sSpan677" value="PREP"/>
		<feat xlink:href="#sSpan679" value="PPOS"/>
		<feat xlink:href="#sSpan681" value="N"/>
		<feat xlink:href="#sSpan682" value="PUNCT"/>
		<feat xlink:href="#sSpan684" value="APREC"/>
		<feat xlink:href="#sSpan687" value="PPERS"/>
		<feat xlink:href="#sSpan688" value="V"/>
		<feat xlink:href="#sSpan689" value="PTC"/>
		<feat xlink:href="#sSpan691" value="PTC"/>
		<feat xlink:href="#sSpan693" value="ART"/>
		<feat xlink:href="#sSpan695" value="N"/>
		<feat xlink:href="#sSpan696" value="PREP"/>
		<feat xlink:href="#sSpan698" value="ART"/>
		<feat xlink:href="#sSpan700" value="N"/>
		<feat xlink:href="#sSpan701" value="APST"/>
		<feat xlink:href="#sSpan703" value="PPERS"/>
		<feat xlink:href="#sSpan704" value="V"/>
		<feat xlink:href="#sSpan706" value="ADV"/>
		<feat xlink:href="#sSpan708" value="PREP"/>
		<feat xlink:href="#sSpan710" value="ART"/>
		<feat xlink:href="#sSpan712" value="N"/>
		<feat xlink:href="#sSpan713" value="PREP"/>
		<feat xlink:href="#sSpan715" value="NPROP"/>
		<feat xlink:href="#sSpan717" value="CCIRC"/>
		<feat xlink:href="#sSpan719" value="PPERS"/>
		<feat xlink:href="#sSpan720" value="V"/>
		<feat xlink:href="#sSpan721" value="PREP"/>
		<feat xlink:href="#sSpan723" value="PPERO"/>
		<feat xlink:href="#sSpan724" value="CONJ"/>
		<feat xlink:href="#sSpan726" value="V"/>
		<feat xlink:href="#sSpan727" value="ACONJ"/>
		<feat xlink:href="#sSpan729" value="PPERS"/>
		<feat xlink:href="#sSpan730" value="V"/>
		<feat xlink:href="#sSpan731" value="PREP"/>
		<feat xlink:href="#sSpan733" value="ART"/>
		<feat xlink:href="#sSpan735" value="N"/>
		<feat xlink:href="#sSpan737" value="N"/>
		<feat xlink:href="#sSpan739" value="PREP"/>
		<feat xlink:href="#sSpan741" value="PPOS"/>
		<feat xlink:href="#sSpan743" value="N"/>
		<feat xlink:href="#sSpan744" value="ACONJ"/>
		<feat xlink:href="#sSpan746" value="PPERS"/>
		<feat xlink:href="#sSpan747" value="V"/>
		<feat xlink:href="#sSpan749" value="ADV"/>
		<feat xlink:href="#sSpan751" value="PREP"/>
		<feat xlink:href="#sSpan753" value="NPROP"/>
		<feat xlink:href="#sSpan755" value="ACONJ"/>
		<feat xlink:href="#sSpan757" value="PPERS"/>
		<feat xlink:href="#sSpan758" value="V"/>
		<feat xlink:href="#sSpan759" value="PREP"/>
		<feat xlink:href="#sSpan761" value="ART"/>
		<feat xlink:href="#sSpan763" value="N"/>
		<feat xlink:href="#sSpan764" value="CREL"/>
		<feat xlink:href="#sSpan766" value="ADV"/>
		<feat xlink:href="#sSpan767" value="ALIM"/>
		<feat xlink:href="#sSpan769" value="PPERS"/>
		<feat xlink:href="#sSpan770" value="V"/>
		<feat xlink:href="#sSpan771" value="PPERO"/>
		<feat xlink:href="#sSpan772" value="PREP"/>
		<feat xlink:href="#sSpan774" value="PPERO"/>
		<feat xlink:href="#sSpan775" value="PUNCT"/>
		<feat xlink:href="#sSpan777" value="NPROP"/>
		<feat xlink:href="#sSpan780" value="PTC"/>
		<feat xlink:href="#sSpan782" value="FUT"/>
		<feat xlink:href="#sSpan784" value="V"/>
		<feat xlink:href="#sSpan786" value="PREP"/>
		<feat xlink:href="#sSpan788" value="ART"/>
		<feat xlink:href="#sSpan790" value="N"/>
		<feat xlink:href="#sSpan792" value="N"/>
		<feat xlink:href="#sSpan794" value="PREP"/>
		<feat xlink:href="#sSpan796" value="V"/>
		<feat xlink:href="#sSpan797" value="PPERO"/>
		<feat xlink:href="#sSpan798" value="PUNCT"/>
		<feat xlink:href="#sSpan800" value="PPERI"/>
		<feat xlink:href="#sSpan803" value="PTC"/>
		<feat xlink:href="#sSpan805" value="APST"/>
		<feat xlink:href="#sSpan807" value="PPERS"/>
		<feat xlink:href="#sSpan808" value="V"/>
		<feat xlink:href="#sSpan809" value="APST"/>
		<feat xlink:href="#sSpan811" value="PPERS"/>
		<feat xlink:href="#sSpan812" value="V"/>
		<feat xlink:href="#sSpan813" value="PREP"/>
		<feat xlink:href="#sSpan815" value="ART"/>
		<feat xlink:href="#sSpan817" value="N"/>
		<feat xlink:href="#sSpan819" value="N"/>
		<feat xlink:href="#sSpan821" value="PREP"/>
		<feat xlink:href="#sSpan823" value="PPOS"/>
		<feat xlink:href="#sSpan825" value="N"/>
		<feat xlink:href="#sSpan826" value="PREP"/>
		<feat xlink:href="#sSpan828" value="ART"/>
		<feat xlink:href="#sSpan830" value="N"/>
		<feat xlink:href="#sSpan831" value="APST"/>
		<feat xlink:href="#sSpan833" value="PPERS"/>
		<feat xlink:href="#sSpan834" value="V"/>
		<feat xlink:href="#sSpan836" value="ADV"/>
		<feat xlink:href="#sSpan838" value="PREP"/>
		<feat xlink:href="#sSpan840" value="NPROP"/>
		<feat xlink:href="#sSpan842" value="PUNCT"/>
		<feat xlink:href="#sSpan844" value="CPRET"/>
		<feat xlink:href="#sSpan847" value="PPERS"/>
		<feat xlink:href="#sSpan848" value="VSTAT"/>
		<feat xlink:href="#sSpan849" value="PTC"/>
		<feat xlink:href="#sSpan851" value="PREP"/>
		<feat xlink:href="#sSpan853" value="ART"/>
		<feat xlink:href="#sSpan855" value="N"/>
		<feat xlink:href="#sSpan856" value="CREL"/>
		<feat xlink:href="#sSpan858" value="ADV"/>
		<feat xlink:href="#sSpan859" value="ALIM"/>
		<feat xlink:href="#sSpan861" value="NPROP"/>
		<feat xlink:href="#sSpan863" value="V"/>
		<feat xlink:href="#sSpan865" value="PUNCT"/>
		<feat xlink:href="#sSpan867" value="CONJ"/>
		<feat xlink:href="#sSpan869" value="AOPT_PPERS"/>
		<feat xlink:href="#sSpan871" value="V"/>
		<feat xlink:href="#sSpan872" value="ADV"/>
		<feat xlink:href="#sSpan874" value="PTC"/>
		<feat xlink:href="#sSpan876" value="ART"/>
		<feat xlink:href="#sSpan878" value="CREL"/>
		<feat xlink:href="#sSpan879" value="APST"/>
		<feat xlink:href="#sSpan880" value="ART"/>
		<feat xlink:href="#sSpan882" value="N"/>
		<feat xlink:href="#sSpan883" value="V"/>
		<feat xlink:href="#sSpan885" value="PPERO"/>
		<feat xlink:href="#sSpan886" value="PREP"/>
		<feat xlink:href="#sSpan888" value="ART"/>
		<feat xlink:href="#sSpan890" value="N"/>
		<feat xlink:href="#sSpan891" value="CCIRC"/>
		<feat xlink:href="#sSpan893" value="PPERS"/>
		<feat xlink:href="#sSpan894" value="V"/>
		<feat xlink:href="#sSpan895" value="PREP"/>
		<feat xlink:href="#sSpan897" value="PPERO"/>
		<feat xlink:href="#sSpan898" value="CONJ"/>
		<feat xlink:href="#sSpan900" value="APST"/>
		<feat xlink:href="#sSpan901" value="PPERS"/>
		<feat xlink:href="#sSpan902" value="V"/>
		<feat xlink:href="#sSpan903" value="PREP"/>
		<feat xlink:href="#sSpan905" value="PPOS"/>
		<feat xlink:href="#sSpan907" value="N"/>
		<feat xlink:href="#sSpan908" value="ADV"/>
		<feat xlink:href="#sSpan911" value="PREP"/>
		<feat xlink:href="#sSpan913" value="NPROP"/>
		<feat xlink:href="#sSpan915" value="PUNCT"/>
		<feat xlink:href="#sSpan917" value="ADV"/>
		<feat xlink:href="#sSpan920" value="NPROP"/>
		<feat xlink:href="#sSpan923" value="APREC"/>
		<feat xlink:href="#sSpan925" value="PPERS"/>
		<feat xlink:href="#sSpan926" value="V"/>
		<feat xlink:href="#sSpan927" value="CONJ"/>
		<feat xlink:href="#sSpan929" value="APST"/>
		<feat xlink:href="#sSpan930" value="PPERS"/>
		<feat xlink:href="#sSpan931" value="V"/>
		<feat xlink:href="#sSpan932" value="PREP"/>
		<feat xlink:href="#sSpan934" value="PPERO"/>
		<feat xlink:href="#sSpan935" value="ADV"/>
		<feat xlink:href="#sSpan937" value="PREP"/>
		<feat xlink:href="#sSpan939" value="ART"/>
		<feat xlink:href="#sSpan941" value="N"/>
		<feat xlink:href="#sSpan942" value="APST"/>
		<feat xlink:href="#sSpan944" value="PPERS"/>
		<feat xlink:href="#sSpan945" value="V"/>
		<feat xlink:href="#sSpan946" value="ADV"/>
		<feat xlink:href="#sSpan948" value="APST"/>
		<feat xlink:href="#sSpan950" value="PPERS"/>
		<feat xlink:href="#sSpan951" value="V"/>
		<feat xlink:href="#sSpan952" value="APST"/>
		<feat xlink:href="#sSpan954" value="PPERS"/>
		<feat xlink:href="#sSpan955" value="V"/>
		<feat xlink:href="#sSpan956" value="PREP"/>
		<feat xlink:href="#sSpan958" value="N"/>
		<feat xlink:href="#sSpan961" value="N"/>
		<feat xlink:href="#sSpan963" value="PINT"/>
		<feat xlink:href="#sSpan965" value="CREL"/>
		<feat xlink:href="#sSpan967" value="PREP"/>
		<feat xlink:href="#sSpan968" value="NPROP"/>
		<feat xlink:href="#sSpan970" value="PREP"/>
		<feat xlink:href="#sSpan972" value="ART"/>
		<feat xlink:href="#sSpan974" value="CREL"/>
		<feat xlink:href="#sSpan975" value="VSTAT"/>
		<feat xlink:href="#sSpan976" value="PREP"/>
		<feat xlink:href="#sSpan978" value="PPOS"/>
		<feat xlink:href="#sSpan980" value="N"/>
		<feat xlink:href="#sSpan981" value="IMOD"/>
		<feat xlink:href="#sSpan983" value="PPERO"/>
		<feat xlink:href="#sSpan984" value="PREP"/>
		<feat xlink:href="#sSpan986" value="N"/>
		<feat xlink:href="#sSpan988" value="NUM"/>
		<feat xlink:href="#sSpan990" value="PREP"/>
		<feat xlink:href="#sSpan992" value="ART"/>
		<feat xlink:href="#sSpan993" value="N"/>
		<feat xlink:href="#sSpan994" value="PUNCT"/>
		<feat xlink:href="#sSpan996" value="PREP"/>
		<feat xlink:href="#sSpan998" value="ART"/>
		<feat xlink:href="#sSpan1000" value="N"/>
		<feat xlink:href="#sSpan1001" value="CREL"/>
		<feat xlink:href="#sSpan1003" value="APST"/>
		<feat xlink:href="#sSpan1004" value="PPERS"/>
		<feat xlink:href="#sSpan1005" value="V"/>
		<feat xlink:href="#sSpan1006" value="PPERO"/>
		<feat xlink:href="#sSpan1007" value="ADV"/>
		<feat xlink:href="#sSpan1010" value="PREP"/>
		<feat xlink:href="#sSpan1012" value="PPERO"/>
		<feat xlink:href="#sSpan1013" value="PREP"/>
		<feat xlink:href="#sSpan1015" value="ART"/>
		<feat xlink:href="#sSpan1017" value="N"/>
		<feat xlink:href="#sSpan1018" value="PUNCT"/>
		<feat xlink:href="#sSpan1020" value="ADV"/>
		<feat xlink:href="#sSpan1023" value="APST"/>
		<feat xlink:href="#sSpan1025" value="PPERS"/>
		<feat xlink:href="#sSpan1026" value="V"/>
		<feat xlink:href="#sSpan1027" value="ADV"/>
		<feat xlink:href="#sSpan1029" value="PTC"/>
		<feat xlink:href="#sSpan1031" value="ART"/>
		<feat xlink:href="#sSpan1033" value="CREL"/>
		<feat xlink:href="#sSpan1034" value="APST"/>
		<feat xlink:href="#sSpan1035" value="PPERS"/>
		<feat xlink:href="#sSpan1036" value="V"/>
		<feat xlink:href="#sSpan1037" value="PPERO"/>
		<feat xlink:href="#sSpan1038" value="PREP"/>
		<feat xlink:href="#sSpan1040" value="NPROP"/>
		<feat xlink:href="#sSpan1042" value="ART"/>
		<feat xlink:href="#sSpan1044" value="N"/>
		<feat xlink:href="#sSpan1045" value="CCIRC"/>
		<feat xlink:href="#sSpan1047" value="PPERS"/>
		<feat xlink:href="#sSpan1048" value="V"/>
		<feat xlink:href="#sSpan1049" value="PREP"/>
		<feat xlink:href="#sSpan1051" value="PPERO"/>
		<feat xlink:href="#sSpan1052" value="PUNCT"/>
		<feat xlink:href="#sSpan1054" value="CONJ"/>
		<feat xlink:href="#sSpan1057" value="ART"/>
		<feat xlink:href="#sSpan1059" value="N"/>
		<feat xlink:href="#sSpan1060" value="APST"/>
		<feat xlink:href="#sSpan1062" value="PPERS"/>
		<feat xlink:href="#sSpan1063" value="V"/>
		<feat xlink:href="#sSpan1064" value="PREP"/>
		<feat xlink:href="#sSpan1066" value="PPERO"/>
		<feat xlink:href="#sSpan1067" value="PREP"/>
		<feat xlink:href="#sSpan1069" value="N"/>
		<feat xlink:href="#sSpan1071" value="PUNCT"/>
		<feat xlink:href="#sSpan1073" value="PPERS"/>
		<feat xlink:href="#sSpan1075" value="V"/>
		<feat xlink:href="#sSpan1076" value="PREP"/>
		<feat xlink:href="#sSpan1078" value="ART"/>
		<feat xlink:href="#sSpan1080" value="N"/>
		<feat xlink:href="#sSpan1081" value="CCIRC"/>
		<feat xlink:href="#sSpan1083" value="VBD"/>
		<feat xlink:href="#sSpan1084" value="PPERS"/>
		<feat xlink:href="#sSpan1085" value="PUNCT"/>
		<feat xlink:href="#sSpan1087" value="NPROP"/>
		<feat xlink:href="#sSpan1090" value="CCIRC"/>
		<feat xlink:href="#sSpan1092" value="PPERS"/>
		<feat xlink:href="#sSpan1093" value="V"/>
		<feat xlink:href="#sSpan1094" value="PREP"/>
		<feat xlink:href="#sSpan1096" value="PPOS"/>
		<feat xlink:href="#sSpan1098" value="N"/>
		<feat xlink:href="#sSpan1099" value="CONJ"/>
		<feat xlink:href="#sSpan1101" value="PREP"/>
		<feat xlink:href="#sSpan1103" value="PPOS"/>
		<feat xlink:href="#sSpan1105" value="N"/>
		<feat xlink:href="#sSpan1106" value="PREP"/>
		<feat xlink:href="#sSpan1108" value="V"/>
		<feat xlink:href="#sSpan1109" value="PPERO"/>
		<feat xlink:href="#sSpan1110" value="CONJ"/>
		<feat xlink:href="#sSpan1112" value="ART"/>
		<feat xlink:href="#sSpan1114" value="N"/>
		<feat xlink:href="#sSpan1115" value="NEG"/>
		<feat xlink:href="#sSpan1117" value="COP"/>
		<feat xlink:href="#sSpan1119" value="PUNCT"/>
		<feat xlink:href="#sSpan1121" value="APREC"/>
		<feat xlink:href="#sSpan1124" value="PPERS"/>
		<feat xlink:href="#sSpan1125" value="V"/>
		<feat xlink:href="#sSpan1126" value="PTC"/>
		<feat xlink:href="#sSpan1128" value="PTC"/>
		<feat xlink:href="#sSpan1130" value="NPROP"/>
		<feat xlink:href="#sSpan1132" value="PUNCT"/>
		<feat xlink:href="#sSpan1134" value="PTC"/>
		<feat xlink:href="#sSpan1136" value="ART"/>
		<feat xlink:href="#sSpan1138" value="N"/>
		<feat xlink:href="#sSpan1139" value="PREP"/>
		<feat xlink:href="#sSpan1141" value="ART"/>
		<feat xlink:href="#sSpan1143" value="N"/>
		<feat xlink:href="#sSpan1144" value="APST"/>
		<feat xlink:href="#sSpan1146" value="PPERS"/>
		<feat xlink:href="#sSpan1147" value="V"/>
		<feat xlink:href="#sSpan1149" value="ADV"/>
		<feat xlink:href="#sSpan1151" value="PREP"/>
		<feat xlink:href="#sSpan1153" value="ART"/>
		<feat xlink:href="#sSpan1155" value="N"/>
		<feat xlink:href="#sSpan1156" value="PREP"/>
		<feat xlink:href="#sSpan1158" value="NPROP"/>
		<feat xlink:href="#sSpan1160" value="PREP"/>
		<feat xlink:href="#sSpan1162" value="NPROP"/>
		<feat xlink:href="#sSpan1164" value="PUNCT"/>
		<feat xlink:href="#sSpan1166" value="CCIRC"/>
		<feat xlink:href="#sSpan1169" value="PPERS"/>
		<feat xlink:href="#sSpan1170" value="V"/>
		<feat xlink:href="#sSpan1171" value="PREP"/>
		<feat xlink:href="#sSpan1173" value="PPERO"/>
		<feat xlink:href="#sSpan1174" value="CONJ"/>
		<feat xlink:href="#sSpan1176" value="V"/>
		<feat xlink:href="#sSpan1177" value="ACONJ"/>
		<feat xlink:href="#sSpan1179" value="PPERS"/>
		<feat xlink:href="#sSpan1180" value="V"/>
		<feat xlink:href="#sSpan1181" value="PREP"/>
		<feat xlink:href="#sSpan1183" value="ART"/>
		<feat xlink:href="#sSpan1185" value="N"/>
		<feat xlink:href="#sSpan1187" value="N"/>
		<feat xlink:href="#sSpan1189" value="PREP"/>
		<feat xlink:href="#sSpan1191" value="PPOS"/>
		<feat xlink:href="#sSpan1193" value="N"/>
		<feat xlink:href="#sSpan1194" value="ACONJ"/>
		<feat xlink:href="#sSpan1196" value="PPERS"/>
		<feat xlink:href="#sSpan1197" value="V"/>
		<feat xlink:href="#sSpan1199" value="ADV"/>
		<feat xlink:href="#sSpan1201" value="PREP"/>
		<feat xlink:href="#sSpan1203" value="ART"/>
		<feat xlink:href="#sSpan1205" value="N"/>
		<feat xlink:href="#sSpan1206" value="PREP"/>
		<feat xlink:href="#sSpan1208" value="ART"/>
		<feat xlink:href="#sSpan1210" value="NPROP"/>
		<feat xlink:href="#sSpan1211" value="PUNCT"/>
		<feat xlink:href="#sSpan1213" value="APST"/>
		<feat xlink:href="#sSpan1215" value="PPERS"/>
		<feat xlink:href="#sSpan1216" value="V"/>
		<feat xlink:href="#sSpan1217" value="PTC"/>
		<feat xlink:href="#sSpan1219" value="PTC"/>
		<feat xlink:href="#sSpan1221" value="ART"/>
		<feat xlink:href="#sSpan1223" value="CREL"/>
		<feat xlink:href="#sSpan1224" value="V"/>
		<feat xlink:href="#sSpan1226" value="PREP"/>
		<feat xlink:href="#sSpan1228" value="ART"/>
		<feat xlink:href="#sSpan1230" value="N"/>
		<feat xlink:href="#sSpan1231" value="PREP"/>
		<feat xlink:href="#sSpan1233" value="ART"/>
		<feat xlink:href="#sSpan1235" value="N"/>
		<feat xlink:href="#sSpan1237" value="N"/>
		<feat xlink:href="#sSpan1239" value="PUNCT"/>
		<feat xlink:href="#sSpan1241" value="PPERI"/>
		<feat xlink:href="#sSpan1244" value="PTC"/>
		<feat xlink:href="#sSpan1246" value="APST"/>
		<feat xlink:href="#sSpan1248" value="PPERS"/>
		<feat xlink:href="#sSpan1249" value="V"/>
		<feat xlink:href="#sSpan1250" value="APST"/>
		<feat xlink:href="#sSpan1252" value="PPERS"/>
		<feat xlink:href="#sSpan1253" value="V"/>
		<feat xlink:href="#sSpan1254" value="PREP"/>
		<feat xlink:href="#sSpan1256" value="ART"/>
		<feat xlink:href="#sSpan1258" value="N"/>
		<feat xlink:href="#sSpan1260" value="N"/>
		<feat xlink:href="#sSpan1262" value="PREP"/>
		<feat xlink:href="#sSpan1264" value="PPOS"/>
		<feat xlink:href="#sSpan1266" value="N"/>
		<feat xlink:href="#sSpan1267" value="APST"/>
		<feat xlink:href="#sSpan1269" value="PPERS"/>
		<feat xlink:href="#sSpan1270" value="V"/>
		<feat xlink:href="#sSpan1272" value="ADV"/>
		<feat xlink:href="#sSpan1274" value="PREP"/>
		<feat xlink:href="#sSpan1276" value="ART"/>
		<feat xlink:href="#sSpan1278" value="N"/>
		<feat xlink:href="#sSpan1279" value="PREP"/>
		<feat xlink:href="#sSpan1281" value="ART"/>
		<feat xlink:href="#sSpan1283" value="NPROP"/>
		<feat xlink:href="#sSpan1284" value="PUNCT"/>
		<feat xlink:href="#sSpan1286" value="APST"/>
		<feat xlink:href="#sSpan1289" value="PPERS"/>
		<feat xlink:href="#sSpan1290" value="V"/>
		<feat xlink:href="#sSpan1291" value="PTC"/>
		<feat xlink:href="#sSpan1293" value="CONJ"/>
		<feat xlink:href="#sSpan1295" value="NPROP"/>
		<feat xlink:href="#sSpan1297" value="ART"/>
		<feat xlink:href="#sSpan1299" value="CREL"/>
		<feat xlink:href="#sSpan1300" value="VSTAT"/>
		<feat xlink:href="#sSpan1302" value="PREP"/>
		<feat xlink:href="#sSpan1304" value="N"/>
		<feat xlink:href="#sSpan1306" value="PREP"/>
		<feat xlink:href="#sSpan1308" value="ART"/>
		<feat xlink:href="#sSpan1310" value="NPROP"/>
		<feat xlink:href="#sSpan1311" value="PREP"/>
		<feat xlink:href="#sSpan1313" value="ART"/>
		<feat xlink:href="#sSpan1315" value="N"/>
		<feat xlink:href="#sSpan1316" value="PREP"/>
		<feat xlink:href="#sSpan1318" value="NPROP"/>
		<feat xlink:href="#sSpan1320" value="PPOS"/>
		<feat xlink:href="#sSpan1322" value="N"/>
		<feat xlink:href="#sSpan1323" value="APST"/>
		<feat xlink:href="#sSpan1325" value="PPERS"/>
		<feat xlink:href="#sSpan1327" value="V"/>
		<feat xlink:href="#sSpan1329" value="PREP"/>
		<feat xlink:href="#sSpan1331" value="V"/>
		<feat xlink:href="#sSpan1333" value="PREP"/>
		<feat xlink:href="#sSpan1335" value="ART"/>
		<feat xlink:href="#sSpan1337" value="N"/>
		<feat xlink:href="#sSpan1338" value="CREL"/>
		<feat xlink:href="#sSpan1340" value="ADV"/>
		<feat xlink:href="#sSpan1341" value="PUNCT"/>
		<feat xlink:href="#sSpan1343" value="APST"/>
		<feat xlink:href="#sSpan1345" value="PPERS"/>
		<feat xlink:href="#sSpan1347" value="V"/>
		<feat xlink:href="#sSpan1349" value="PPERO"/>
		<feat xlink:href="#sSpan1350" value="PTC"/>
		<feat xlink:href="#sSpan1352" value="ADV"/>
		<feat xlink:href="#sSpan1355" value="PREP"/>
		<feat xlink:href="#sSpan1357" value="ART"/>
		<feat xlink:href="#sSpan1359" value="N"/>
		<feat xlink:href="#sSpan1360" value="APST"/>
		<feat xlink:href="#sSpan1362" value="PPERS"/>
		<feat xlink:href="#sSpan1363" value="V"/>
		<feat xlink:href="#sSpan1364" value="ADV"/>
		<feat xlink:href="#sSpan1366" value="PREP"/>
		<feat xlink:href="#sSpan1368" value="ART"/>
		<feat xlink:href="#sSpan1370" value="N"/>
		<feat xlink:href="#sSpan1371" value="PREP"/>
		<feat xlink:href="#sSpan1373" value="ART"/>
		<feat xlink:href="#sSpan1375" value="NPROP"/>
		<feat xlink:href="#sSpan1376" value="PUNCT"/>
		<feat xlink:href="#sSpan1378" value="APST"/>
		<feat xlink:href="#sSpan1381" value="PPERS"/>
		<feat xlink:href="#sSpan1382" value="V"/>
		<feat xlink:href="#sSpan1383" value="APST"/>
		<feat xlink:href="#sSpan1385" value="PPERS"/>
		<feat xlink:href="#sSpan1386" value="V"/>
		<feat xlink:href="#sSpan1387" value="PREP"/>
		<feat xlink:href="#sSpan1389" value="ART"/>
		<feat xlink:href="#sSpan1391" value="N"/>
		<feat xlink:href="#sSpan1392" value="PREP"/>
		<feat xlink:href="#sSpan1394" value="AAOR"/>
		<feat xlink:href="#sSpan1395" value="PPERS"/>
		<feat xlink:href="#sSpan1396" value="V"/>
		<feat xlink:href="#sSpan1397" value="PREP"/>
		<feat xlink:href="#sSpan1399" value="PPERO"/>
		<feat xlink:href="#sSpan1400" value="CONJ"/>
		<feat xlink:href="#sSpan1402" value="NPROP"/>
		<feat xlink:href="#sSpan1404" value="PUNCT"/>
		<feat xlink:href="#sSpan1406" value="CONJ"/>
		<feat xlink:href="#sSpan1408" value="AOPT_PPERS"/>
		<feat xlink:href="#sSpan1410" value="V"/>
		<feat xlink:href="#sSpan1411" value="ADV"/>
		<feat xlink:href="#sSpan1413" value="PTC"/>
		<feat xlink:href="#sSpan1415" value="ART"/>
		<feat xlink:href="#sSpan1417" value="CREL"/>
		<feat xlink:href="#sSpan1418" value="APST"/>
		<feat xlink:href="#sSpan1419" value="PPERS"/>
		<feat xlink:href="#sSpan1420" value="V"/>
		<feat xlink:href="#sSpan1421" value="PPERO"/>
		<feat xlink:href="#sSpan1422" value="PREP"/>
		<feat xlink:href="#sSpan1424" value="ART"/>
		<feat xlink:href="#sSpan1426" value="N"/>
		<feat xlink:href="#sSpan1427" value="CONJ"/>
		<feat xlink:href="#sSpan1429" value="PPERS"/>
		<feat xlink:href="#sSpan1430" value="FUT"/>
		<feat xlink:href="#sSpan1431" value="V"/>
		<feat xlink:href="#sSpan1432" value="PREP"/>
		<feat xlink:href="#sSpan1434" value="PPERO"/>
		<feat xlink:href="#sSpan1435" value="CONJ"/>
		<feat xlink:href="#sSpan1437" value="ART"/>
		<feat xlink:href="#sSpan1439" value="N"/>
		<feat xlink:href="#sSpan1440" value="PUNCT"/></featList></paula>