<?xml version='1.0' encoding='UTF-8'?><!DOCTYPE paula SYSTEM "paula_feat.dtd">
<paula version="1.1">
	<header paula_id="scriptorium.1Cor_02.mark_orig_group"/>
	<featList xmlns:xlink="http://www.w3.org/1999/xlink" type="orig_group" xml:base="scriptorium.1Cor_02.mark.xml">
		<feat xlink:href="#sSpan4" value="ⲁⲛⲟⲕ"/>
		<feat xlink:href="#sSpan17" value="ⲇⲉ"/>
		<feat xlink:href="#sSpan21" value="ϩⲱ"/>
		<feat xlink:href="#sSpan25" value="ⲛⲧⲉⲣⲓⲉⲓ"/>
		<feat xlink:href="#sSpan33" value="ϣⲁⲣⲱⲧⲛ"/>
		<feat xlink:href="#sSpan40" value="ⲛⲁⲥⲛⲏⲩ"/>
		<feat xlink:href="#sSpan46" value="ⲛⲧⲁⲓⲉⲓ"/>
		<feat xlink:href="#sSpan56" value="ϩⲛⲟⲩϫⲓⲥⲉ"/>
		<feat xlink:href="#sSpan65" value="ⲁⲛ"/>
		<feat xlink:href="#sSpan69" value="ⲛϣⲁϫⲉ"/>
		<feat xlink:href="#sSpan77" value="ⲏ"/>
		<feat xlink:href="#sSpan81" value="ⲛⲥⲟⲫⲓⲁ"/>
		<feat xlink:href="#sSpan89" value="ⲉⲓϫⲱ"/>
		<feat xlink:href="#sSpan97" value="ⲉⲣⲱⲧⲛ"/>
		<feat xlink:href="#sSpan103" value="ⲛⲧⲙⲛⲧⲙⲛⲧⲣⲉ"/>
		<feat xlink:href="#sSpan114" value="ⲙⲡⲛⲟⲩⲧⲉ"/>
		<feat xlink:href="#sSpan123" value="."/>
		<feat xlink:href="#sSpan127" value="ⲙⲡⲓⲙⲉⲉⲩⲉ"/>
		<feat xlink:href="#sSpan142" value="ⲅⲁⲣ"/>
		<feat xlink:href="#sSpan146" value="ϫⲉϯⲥⲟⲟⲩⲛ"/>
		<feat xlink:href="#sSpan154" value="ⲛⲗⲁⲁⲩ"/>
		<feat xlink:href="#sSpan161" value="ⲛϩⲏⲧⲧⲏⲩⲧⲛ"/>
		<feat xlink:href="#sSpan167" value="ⲛⲥⲁⲓⲏⲥⲟⲩⲥ"/>
		<feat xlink:href="#sSpan175" value="ⲡⲉⲭⲣⲓⲥⲧⲟⲥ"/>
		<feat xlink:href="#sSpan182" value="ⲁⲩⲱ"/>
		<feat xlink:href="#sSpan186" value="ⲡⲁⲓ"/>
		<feat xlink:href="#sSpan191" value="ⲉⲁⲩⲥⲧⲁⲩⲣⲟⲩ"/>
		<feat xlink:href="#sSpan202" value="ⲙⲙⲟϥ"/>
		<feat xlink:href="#sSpan208" value="."/>
		<feat xlink:href="#sSpan212" value="ⲁⲛⲟⲕ"/>
		<feat xlink:href="#sSpan221" value="ϩⲱ"/>
		<feat xlink:href="#sSpan225" value="ⲛⲧⲁⲓⲉⲓ"/>
		<feat xlink:href="#sSpan235" value="ϣⲁⲣⲱⲧⲛ"/>
		<feat xlink:href="#sSpan241" value="ϩⲛ"/>
		<feat xlink:href="#sSpan247" value="ⲟⲩⲙⲛⲧϭⲱⲃ"/>
		<feat xlink:href="#sSpan254" value="."/>
		<feat xlink:href="#sSpan258" value="ⲙⲛⲟⲩϩⲟⲧⲉ"/>
		<feat xlink:href="#sSpan267" value="."/>
		<feat xlink:href="#sSpan271" value="ⲙⲛⲟⲩⲥⲧⲱⲧ"/>
		<feat xlink:href="#sSpan280" value="ⲉⲛⲁϣⲱϥ"/>
		<feat xlink:href="#sSpan288" value="."/>
		<feat xlink:href="#sSpan292" value="ⲁⲩⲱ"/>
		<feat xlink:href="#sSpan303" value="ⲡⲁϣⲁϫⲉ"/>
		<feat xlink:href="#sSpan309" value="ⲙⲛⲡⲁⲧⲁϣⲉⲟⲉⲓϣ"/>
		<feat xlink:href="#sSpan320" value="ⲛⲧⲁϥϣⲱⲡⲉ"/>
		<feat xlink:href="#sSpan330" value="ⲁⲛ"/>
		<feat xlink:href="#sSpan334" value="ϩⲛⲟⲩⲡⲓⲑⲉ"/>
		<feat xlink:href="#sSpan344" value="ⲛⲥⲟⲫⲓⲁ"/>
		<feat xlink:href="#sSpan352" value="ⲛϣⲁϫⲉ"/>
		<feat xlink:href="#sSpan359" value="."/>
		<feat xlink:href="#sSpan364" value="ⲁⲗⲗⲁ"/>
		<feat xlink:href="#sSpan368" value="ϩⲛⲟⲩⲟⲩⲱⲛϩ"/>
		<feat xlink:href="#sSpan378" value="ⲉⲃⲟⲗ"/>
		<feat xlink:href="#sSpan382" value="ⲙⲡⲛⲉⲩⲙⲁ"/>
		<feat xlink:href="#sSpan390" value="ϩⲓϭⲟⲙ"/>
		<feat xlink:href="#sSpan397" value="."/>
		<feat xlink:href="#sSpan401" value="ϫⲉⲕⲁⲁⲥ"/>
		<feat xlink:href="#sSpan410" value="ⲉⲛⲛⲉⲧⲛⲡⲓⲥⲧⲓⲥ"/>
		<feat xlink:href="#sSpan420" value="ϣⲱⲡⲉ"/>
		<feat xlink:href="#sSpan424" value="ϩⲛⲟⲩⲡⲓⲧϩⲉ"/>
		<feat xlink:href="#sSpan434" value="ⲛⲥⲟⲫⲓⲁ"/>
		<feat xlink:href="#sSpan442" value="ⲛⲣⲱⲙⲉ"/>
		<feat xlink:href="#sSpan449" value="ⲁⲗⲗⲁ"/>
		<feat xlink:href="#sSpan453" value="ϩⲛⲟⲩϭⲟⲙ"/>
		<feat xlink:href="#sSpan462" value="ⲛⲧⲉⲡⲛⲟⲩⲧⲉ"/>
		<feat xlink:href="#sSpan471" value="."/>
		<feat xlink:href="#sSpan475" value="ⲉⲛϣⲁϫⲉ"/>
		<feat xlink:href="#sSpan489" value="ⲇⲉ"/>
		<feat xlink:href="#sSpan493" value="ⲛⲟⲩⲥⲟⲫⲓⲁ"/>
		<feat xlink:href="#sSpan503" value="ϩⲛⲛⲧⲉⲗⲉⲓⲟⲥ"/>
		<feat xlink:href="#sSpan513" value="ⲟⲩⲥⲟⲫⲓⲁ"/>
		<feat xlink:href="#sSpan522" value="ⲇⲉ"/>
		<feat xlink:href="#sSpan526" value="ⲉⲛⲧⲁⲡⲉⲓⲁⲓⲱⲛ"/>
		<feat xlink:href="#sSpan541" value="ⲁⲛ"/>
		<feat xlink:href="#sSpan545" value="ⲧⲉ"/>
		<feat xlink:href="#sSpan550" value="ⲟⲩⲇⲉ"/>
		<feat xlink:href="#sSpan554" value="ⲛⲧⲁⲛⲁⲣⲭⲱⲛ"/>
		<feat xlink:href="#sSpan567" value="ⲁⲛ"/>
		<feat xlink:href="#sSpan571" value="ⲧⲉ"/>
		<feat xlink:href="#sSpan575" value="ⲙⲡⲉⲓⲁⲓⲱⲛ"/>
		<feat xlink:href="#sSpan585" value="ⲛⲁⲓ"/>
		<feat xlink:href="#sSpan589" value="ⲉⲧⲛⲁⲟⲩⲱⲥϥ"/>
		<feat xlink:href="#sSpan597" value="."/>
		<feat xlink:href="#sSpan602" value="ⲁⲗⲗⲁ"/>
		<feat xlink:href="#sSpan612" value="ⲉⲛϣⲁϫⲉ"/>
		<feat xlink:href="#sSpan620" value="ⲛⲟⲩⲥⲟⲫⲓⲁ"/>
		<feat xlink:href="#sSpan630" value="ⲛⲧⲉⲡⲛⲟⲩⲧⲉ"/>
		<feat xlink:href="#sSpan639" value="ϩⲛⲟⲩⲙⲩⲥⲧⲏⲣⲓⲟⲛ"/>
		<feat xlink:href="#sSpan649" value="."/>
		<feat xlink:href="#sSpan653" value="ⲧⲁⲓ"/>
		<feat xlink:href="#sSpan658" value="ⲉⲧϩⲏⲡ"/>
		<feat xlink:href="#sSpan664" value="ⲧⲉⲛⲧⲁⲡⲛⲟⲩⲧⲉ"/>
		<feat xlink:href="#sSpan677" value="ⲡⲟⲣϫⲥ"/>
		<feat xlink:href="#sSpan683" value="ⲉⲃⲟⲗ"/>
		<feat xlink:href="#sSpan688" value="ϩⲁⲑⲏ"/>
		<feat xlink:href="#sSpan697" value="ⲛⲛⲁⲓⲱⲛ"/>
		<feat xlink:href="#sSpan707" value="ⲉⲡⲉⲛⲉⲟⲟⲩ"/>
		<feat xlink:href="#sSpan716" value="."/>
		<feat xlink:href="#sSpan720" value="ⲧⲁⲓ"/>
		<feat xlink:href="#sSpan730" value="ⲉⲧⲉⲙⲡⲉⲗⲁⲁⲩ"/>
		<feat xlink:href="#sSpan739" value="ⲛⲁⲣⲭⲱⲛ"/>
		<feat xlink:href="#sSpan746" value="ⲛⲧⲉⲡⲉⲓⲁⲓⲱⲛ"/>
		<feat xlink:href="#sSpan756" value="ⲥⲟⲩⲱⲛⲥ"/>
		<feat xlink:href="#sSpan762" value="."/>
		<feat xlink:href="#sSpan766" value="ⲉⲛⲉ"/>
		<feat xlink:href="#sSpan781" value="ⲅⲁⲣ"/>
		<feat xlink:href="#sSpan785" value="ⲛⲉⲩⲛⲁⲥⲧⲁⲩⲣⲟⲩ"/>
		<feat xlink:href="#sSpan796" value="ⲁⲛ"/>
		<feat xlink:href="#sSpan800" value="ⲡⲉ"/>
		<feat xlink:href="#sSpan804" value="ⲙⲡϫⲟⲉⲓⲥ"/>
		<feat xlink:href="#sSpan813" value="ⲙⲡⲉⲟⲟⲩ"/>
		<feat xlink:href="#sSpan822" value="."/>
		<feat xlink:href="#sSpan827" value="ⲁⲗⲗⲁ"/>
		<feat xlink:href="#sSpan838" value="ⲕⲁⲧⲁⲧϩⲉ"/>
		<feat xlink:href="#sSpan846" value="ⲉⲧⲥⲏϩ"/>
		<feat xlink:href="#sSpan852" value="ϫⲉⲛⲉⲧⲉⲙⲡⲉⲃⲁⲗ"/>
		<feat xlink:href="#sSpan866" value="ⲛⲁⲩ"/>
		<feat xlink:href="#sSpan870" value="ⲉⲣⲟⲟⲩ"/>
		<feat xlink:href="#sSpan876" value="."/>
		<feat xlink:href="#sSpan880" value="ⲛⲉⲧⲉⲙⲡⲉⲙⲁⲁϫⲉ"/>
		<feat xlink:href="#sSpan891" value="ⲥⲟⲧⲙⲟⲩ"/>
		<feat xlink:href="#sSpan897" value="."/>
		<feat xlink:href="#sSpan901" value="ⲛⲉⲧⲉⲙⲡⲟⲩⲁⲗⲉ"/>
		<feat xlink:href="#sSpan914" value="ⲉϩⲣⲁⲓ"/>
		<feat xlink:href="#sSpan918" value="ⲉϫⲙⲡϩⲏⲧ"/>
		<feat xlink:href="#sSpan927" value="ⲛⲣⲱⲙⲉ"/>
		<feat xlink:href="#sSpan934" value="ⲛⲁⲓ"/>
		<feat xlink:href="#sSpan938" value="ⲉⲛⲧⲁⲡⲛⲟⲩⲧⲉ"/>
		<feat xlink:href="#sSpan949" value="ⲥⲃⲧⲱⲧⲟⲩ"/>
		<feat xlink:href="#sSpan955" value="ⲛⲛⲉⲧⲙⲉ"/>
		<feat xlink:href="#sSpan966" value="ⲙⲙⲟϥ"/>
		<feat xlink:href="#sSpan972" value="."/>
		<feat xlink:href="#sSpan976" value="ⲁⲡⲛⲟⲩⲧⲉ"/>
		<feat xlink:href="#sSpan992" value="ⲅⲁⲣ"/>
		<feat xlink:href="#sSpan996" value="ϭⲟⲗⲡⲟⲩ"/>
		<feat xlink:href="#sSpan1002" value="ⲛⲁⲛ"/>
		<feat xlink:href="#sSpan1008" value="ⲉⲃⲟⲗ"/>
		<feat xlink:href="#sSpan1012" value="ϩⲓⲧⲙⲡⲉⲡⲛⲉⲩⲙⲁ"/>
		<feat xlink:href="#sSpan1022" value="."/>
		<feat xlink:href="#sSpan1027" value="ⲡⲉⲡⲛⲉⲩⲙⲁ"/>
		<feat xlink:href="#sSpan1035" value="ⲅⲁⲣ"/>
		<feat xlink:href="#sSpan1039" value="ϩⲟⲧϩⲧ"/>
		<feat xlink:href="#sSpan1043" value="ⲛⲛⲕⲁ"/>
		<feat xlink:href="#sSpan1051" value="ⲛⲓⲙ"/>
		<feat xlink:href="#sSpan1055" value="ⲁⲩⲱ"/>
		<feat xlink:href="#sSpan1059" value="ⲛⲉⲑⲏⲡ"/>
		<feat xlink:href="#sSpan1068" value="ⲛⲧⲉⲡⲛⲟⲩⲧⲉ"/>
		<feat xlink:href="#sSpan1077" value="."/>
		<feat xlink:href="#sSpan1081" value="ⲛⲓⲙ"/>
		<feat xlink:href="#sSpan1093" value="ⲅⲁⲣ"/>
		<feat xlink:href="#sSpan1097" value="ⲛⲣⲱⲙⲉ"/>
		<feat xlink:href="#sSpan1103" value="ⲡⲉⲧⲥⲟⲟⲩⲛ"/>
		<feat xlink:href="#sSpan1111" value="ⲛⲛⲁⲡⲣⲱⲙⲉ"/>
		<feat xlink:href="#sSpan1124" value="ⲉⲓⲙⲏⲧⲓ"/>
		<feat xlink:href="#sSpan1128" value="ⲡⲉⲡⲛⲉⲩⲙⲁ"/>
		<feat xlink:href="#sSpan1136" value="ⲙⲡⲣⲱⲙⲉ"/>
		<feat xlink:href="#sSpan1145" value="ⲉⲧⲛϩⲏⲧϥ"/>
		<feat xlink:href="#sSpan1153" value="."/>
		<feat xlink:href="#sSpan1158" value="ⲧⲁⲓ"/>
		<feat xlink:href="#sSpan1162" value="ⲟⲛ"/>
		<feat xlink:href="#sSpan1166" value="ⲧⲉ"/>
		<feat xlink:href="#sSpan1170" value="ⲧϩⲉ"/>
		<feat xlink:href="#sSpan1177" value="ⲛⲛⲁⲡⲛⲟⲩⲧⲉ"/>
		<feat xlink:href="#sSpan1189" value="ⲙⲡⲉⲗⲁⲁⲩ"/>
		<feat xlink:href="#sSpan1196" value="ⲥⲟⲩⲱⲛⲟⲩ"/>
		<feat xlink:href="#sSpan1202" value="ⲛⲥⲁⲡⲉⲡⲛⲉⲩⲙⲁ"/>
		<feat xlink:href="#sSpan1212" value="ⲙⲡⲛⲟⲩⲧⲉ"/>
		<feat xlink:href="#sSpan1221" value="."/>
		<feat xlink:href="#sSpan1225" value="ⲁⲛⲟⲛ"/>
		<feat xlink:href="#sSpan1235" value="ⲇⲉ"/>
		<feat xlink:href="#sSpan1239" value="ⲛⲧⲁⲛϫⲓ"/>
		<feat xlink:href="#sSpan1249" value="ⲁⲛ"/>
		<feat xlink:href="#sSpan1253" value="ⲙⲡⲉⲡⲛⲉⲩⲙⲁ"/>
		<feat xlink:href="#sSpan1263" value="ⲙⲡⲉⲉⲓⲕⲟⲥⲙⲟⲥ"/>
		<feat xlink:href="#sSpan1273" value="."/>
		<feat xlink:href="#sSpan1278" value="ⲁⲗⲗⲁ"/>
		<feat xlink:href="#sSpan1282" value="ⲡⲉⲡⲛⲉⲩⲙⲁ"/>
		<feat xlink:href="#sSpan1290" value="ⲡⲉⲃⲟⲗ"/>
		<feat xlink:href="#sSpan1296" value="ⲙⲡⲛⲟⲩⲧⲉ"/>
		<feat xlink:href="#sSpan1305" value="."/>
		<feat xlink:href="#sSpan1309" value="ϫⲉⲕⲁⲁⲥ"/>
		<feat xlink:href="#sSpan1313" value="ⲉⲛⲉⲉⲓⲙⲉ"/>
		<feat xlink:href="#sSpan1319" value="ⲉⲛⲉⲛⲧⲁⲡⲛⲟⲩⲧⲉ"/>
		<feat xlink:href="#sSpan1336" value="ⲭⲁⲣⲓⲍⲉ"/>
		<feat xlink:href="#sSpan1340" value="ⲙⲙⲟⲟⲩ"/>
		<feat xlink:href="#sSpan1346" value="ⲛⲁⲛ"/>
		<feat xlink:href="#sSpan1352" value="."/>
		<feat xlink:href="#sSpan1356" value="ⲉⲧⲉⲛⲁⲓ"/>
		<feat xlink:href="#sSpan1369" value="ⲛⲉⲧⲛϣⲁϫⲉ"/>
		<feat xlink:href="#sSpan1379" value="ⲛϩⲏⲧⲟⲩ"/>
		<feat xlink:href="#sSpan1385" value="ϩⲛϩⲉⲛϣⲁϫⲉ"/>
		<feat xlink:href="#sSpan1394" value="ⲁⲛ"/>
		<feat xlink:href="#sSpan1398" value="ⲛϯⲥⲃⲱ"/>
		<feat xlink:href="#sSpan1407" value="ⲛⲥⲟⲫⲓⲁ"/>
		<feat xlink:href="#sSpan1415" value="ⲛⲣⲱⲙⲉ"/>
		<feat xlink:href="#sSpan1422" value="ⲁⲗⲗⲁ"/>
		<feat xlink:href="#sSpan1426" value="ϩⲛϩⲉⲛϯⲥⲃⲱ"/>
		<feat xlink:href="#sSpan1437" value="ⲙⲡⲛⲉⲩⲙⲁ"/>
		<feat xlink:href="#sSpan1445" value="ⲉⲛϣⲱⲛⲃ"/>
		<feat xlink:href="#sSpan1454" value="ⲛϩⲉⲛⲡⲛⲉⲩⲙⲁⲧⲓⲕⲟⲛ"/>
		<feat xlink:href="#sSpan1464" value="ⲉϩⲉⲛⲡⲛⲉⲩⲙⲁⲧⲓⲕⲟⲥ"/>
		<feat xlink:href="#sSpan1474" value="."/>
		<feat xlink:href="#sSpan1478" value="ⲟⲩⲯⲩⲭⲓⲕⲟⲥ"/>
		<feat xlink:href="#sSpan1492" value="ⲇⲉ"/>
		<feat xlink:href="#sSpan1496" value="ⲛⲣⲱⲙⲉ"/>
		<feat xlink:href="#sSpan1502" value="ⲙⲉϥϣⲱⲡ"/>
		<feat xlink:href="#sSpan1510" value="ⲉⲣⲟϥ"/>
		<feat xlink:href="#sSpan1516" value="ⲛⲛⲁⲡⲉⲡⲛⲉⲩⲙⲁ"/>
		<feat xlink:href="#sSpan1529" value="ⲙⲡⲛⲟⲩⲧⲉ"/>
		<feat xlink:href="#sSpan1538" value="."/>
		<feat xlink:href="#sSpan1543" value="ⲟⲩⲙⲛⲧⲥⲟϭ"/>
		<feat xlink:href="#sSpan1552" value="ⲅⲁⲣ"/>
		<feat xlink:href="#sSpan1556" value="ⲛⲁϥ"/>
		<feat xlink:href="#sSpan1562" value="ⲧⲉ"/>
		<feat xlink:href="#sSpan1566" value="."/>
		<feat xlink:href="#sSpan1570" value="ⲁⲩⲱ"/>
		<feat xlink:href="#sSpan1574" value="ⲙⲛϭⲟⲙ"/>
		<feat xlink:href="#sSpan1581" value="ⲙⲙⲟϥ"/>
		<feat xlink:href="#sSpan1587" value="ⲉⲉⲓⲙⲉ"/>
		<feat xlink:href="#sSpan1593" value="ϫⲉⲥⲉⲁⲛⲁⲕⲣⲓⲛⲉ"/>
		<feat xlink:href="#sSpan1602" value="ⲙⲙⲟϥ"/>
		<feat xlink:href="#sSpan1609" value="ⲡⲛⲉⲩⲙⲁⲧⲓⲕⲱⲥ"/>
		<feat xlink:href="#sSpan1613" value="."/>
		<feat xlink:href="#sSpan1618" value="ⲡⲉⲡⲛⲉⲩⲙⲁⲧⲓⲕⲟⲥ"/>
		<feat xlink:href="#sSpan1632" value="ⲇⲉ"/>
		<feat xlink:href="#sSpan1636" value="ϣⲁϥⲁⲛⲁⲕⲣⲓⲛⲉ"/>
		<feat xlink:href="#sSpan1646" value="ⲙⲉⲛ"/>
		<feat xlink:href="#sSpan1650" value="ⲛⲟⲩⲟⲛ"/>
		<feat xlink:href="#sSpan1658" value="ⲛⲓⲙ"/>
		<feat xlink:href="#sSpan1662" value="."/>
		<feat xlink:href="#sSpan1666" value="ⲛⲧⲟϥ"/>
		<feat xlink:href="#sSpan1671" value="ⲇⲉ"/>
		<feat xlink:href="#sSpan1675" value="ⲙⲉⲣⲉⲗⲁⲁⲩ"/>
		<feat xlink:href="#sSpan1683" value="ⲁⲛⲁⲕⲣⲓⲛⲉ"/>
		<feat xlink:href="#sSpan1687" value="ⲙⲙⲟϥ"/>
		<feat xlink:href="#sSpan1693" value="."/>
		<feat xlink:href="#sSpan1697" value="ⲛⲓⲙ"/>
		<feat xlink:href="#sSpan1707" value="ⲅⲁⲣ"/>
		<feat xlink:href="#sSpan1711" value="ⲡⲉⲛⲧⲁϥⲥⲟⲩⲛ"/>
		<feat xlink:href="#sSpan1723" value="ⲡϩⲏⲧ"/>
		<feat xlink:href="#sSpan1730" value="ⲙⲡϫⲟⲉⲓⲥ"/>
		<feat xlink:href="#sSpan1739" value="ⲡⲁⲓ"/>
		<feat xlink:href="#sSpan1744" value="ⲉⲧⲛⲁⲧⲥⲉⲃⲉⲉⲓⲁⲧϥ"/>
		<feat xlink:href="#sSpan1757" value="ⲉⲃⲟⲗ"/>
		<feat xlink:href="#sSpan1761" value="."/>
		<feat xlink:href="#sSpan1765" value="ⲁⲛⲟⲛ"/>
		<feat xlink:href="#sSpan1770" value="ⲇⲉ"/>
		<feat xlink:href="#sSpan1774" value="ⲟⲩⲛⲧⲁⲛ"/>
		<feat xlink:href="#sSpan1780" value="ⲙⲙⲁⲩ"/>
		<feat xlink:href="#sSpan1784" value="ⲙⲡⲙⲉⲉⲩⲉ"/>
		<feat xlink:href="#sSpan1793" value="ⲙⲡⲉⲭⲣⲓⲥⲧⲟⲥ"/>
		<feat xlink:href="#sSpan1803" value="."/></featList></paula>