<?xml version='1.0' encoding='UTF-8'?><!DOCTYPE paula SYSTEM "paula_feat.dtd">
<paula version="1.1">
	<header paula_id="scriptorium.1Cor_02.mark_sbl_greek"/>
	<featList xmlns:xlink="http://www.w3.org/1999/xlink" type="sbl_greek" xml:base="scriptorium.1Cor_02.mark.xml">
		<feat xlink:href="#sSpan7" value="Κἀγὼ ἐλθὼν πρὸς ὑμᾶς, ἀδελφοί, ἦλθον οὐ καθ’ ὑπεροχὴν λόγου ἢ σοφίας καταγγέλλων ὑμῖν τὸ ⸀μαρτύριον τοῦ θεοῦ. "/>
		<feat xlink:href="#sSpan130" value="οὐ γὰρ ἔκρινά ⸂τι εἰδέναι⸃ ἐν ὑμῖν εἰ μὴ Ἰησοῦν Χριστὸν καὶ τοῦτον ἐσταυρωμένον· "/>
		<feat xlink:href="#sSpan215" value="κἀγὼ ἐν ἀσθενείᾳ καὶ ἐν φόβῳ καὶ ἐν τρόμῳ πολλῷ ἐγενόμην πρὸς ὑμᾶς, "/>
		<feat xlink:href="#sSpan295" value="καὶ ὁ λόγος μου καὶ τὸ κήρυγμά μου οὐκ ἐν ⸂πειθοῖ σοφίας⸃ ἀλλ’ ἐν ἀποδείξει πνεύματος καὶ δυνάμεως, "/>
		<feat xlink:href="#sSpan404" value="ἵνα ἡ πίστις ὑμῶν μὴ ᾖ ἐν σοφίᾳ ἀνθρώπων ἀλλ’ ἐν δυνάμει θεοῦ. "/>
		<feat xlink:href="#sSpan478" value="Σοφίαν δὲ λαλοῦμεν ἐν τοῖς τελείοις, σοφίαν δὲ οὐ τοῦ αἰῶνος τούτου οὐδὲ τῶν ἀρχόντων τοῦ αἰῶνος τούτου τῶν καταργουμένων· "/>
		<feat xlink:href="#sSpan605" value="ἀλλὰ λαλοῦμεν ⸂θεοῦ σοφίαν⸃ ἐν μυστηρίῳ, τὴν ἀποκεκρυμμένην, ἣν προώρισεν ὁ θεὸς πρὸ τῶν αἰώνων εἰς δόξαν ἡμῶν· "/>
		<feat xlink:href="#sSpan724" value="ἣν οὐδεὶς τῶν ἀρχόντων τοῦ αἰῶνος τούτου ἔγνωκεν, εἰ γὰρ ἔγνωσαν, οὐκ ἂν τὸν κύριον τῆς δόξης ἐσταύρωσαν· "/>
		<feat xlink:href="#sSpan830" value="ἀλλὰ καθὼς γέγραπται· Ἃ ὀφθαλμὸς οὐκ εἶδεν καὶ οὖς οὐκ ἤκουσεν καὶ ἐπὶ καρδίαν ἀνθρώπου οὐκ ἀνέβη, ⸀ὅσα ἡτοίμασεν ὁ θεὸς τοῖς ἀγαπῶσιν αὐτόν. "/>
		<feat xlink:href="#sSpan979" value="ἡμῖν ⸀γὰρ ⸂ἀπεκάλυψεν ὁ θεὸς⸃ διὰ τοῦ ⸀πνεύματος, τὸ γὰρ πνεῦμα πάντα ἐραυνᾷ, καὶ τὰ βάθη τοῦ θεοῦ. "/>
		<feat xlink:href="#sSpan1085" value="τίς γὰρ οἶδεν ἀνθρώπων τὰ τοῦ ἀνθρώπου εἰ μὴ τὸ πνεῦμα τοῦ ἀνθρώπου τὸ ἐν αὐτῷ; οὕτως καὶ τὰ τοῦ θεοῦ οὐδεὶς ⸀ἔγνωκεν εἰ μὴ τὸ πνεῦμα τοῦ θεοῦ. "/>
		<feat xlink:href="#sSpan1228" value="ἡμεῖς δὲ οὐ τὸ πνεῦμα τοῦ κόσμου ἐλάβομεν ἀλλὰ τὸ πνεῦμα τὸ ἐκ τοῦ θεοῦ, ἵνα εἰδῶμεν τὰ ὑπὸ τοῦ θεοῦ χαρισθέντα ἡμῖν· "/>
		<feat xlink:href="#sSpan1359" value="ἃ καὶ λαλοῦμεν οὐκ ἐν διδακτοῖς ἀνθρωπίνης σοφίας λόγοις, ἀλλ’ ἐν διδακτοῖς ⸀πνεύματος, πνευματικοῖς πνευματικὰ συγκρίνοντες. "/>
		<feat xlink:href="#sSpan1482" value="Ψυχικὸς δὲ ἄνθρωπος οὐ δέχεται τὰ τοῦ πνεύματος τοῦ θεοῦ, μωρία γὰρ αὐτῷ ἐστίν, καὶ οὐ δύναται γνῶναι, ὅτι πνευματικῶς ἀνακρίνεται· "/>
		<feat xlink:href="#sSpan1621" value="ὁ δὲ πνευματικὸς ἀνακρίνει ⸀τὰ πάντα, αὐτὸς δὲ ὑπ’ οὐδενὸς ἀνακρίνεται. "/>
		<feat xlink:href="#sSpan1700" value="τίς γὰρ ἔγνω νοῦν κυρίου, ὃς συμβιβάσει αὐτόν; ἡμεῖς δὲ νοῦν Χριστοῦ ἔχομεν. "/></featList></paula>