<?xml version='1.0' encoding='UTF-8'?><!DOCTYPE paula SYSTEM "paula_feat.dtd">
<paula version="1.1">
	<header paula_id="scriptorium.1Cor_02.mark_norm"/>
	<featList xmlns:xlink="http://www.w3.org/1999/xlink" type="norm" xml:base="scriptorium.1Cor_02.mark.xml">
		<feat xlink:href="#sSpan1" value="ⲁⲛⲟⲕ"/>
		<feat xlink:href="#sSpan14" value="ⲇⲉ"/>
		<feat xlink:href="#sSpan18" value="ϩⲱ"/>
		<feat xlink:href="#sSpan22" value="ⲛⲧⲉⲣ"/>
		<feat xlink:href="#sSpan26" value="ⲓ"/>
		<feat xlink:href="#sSpan28" value="ⲉⲓ"/>
		<feat xlink:href="#sSpan30" value="ϣⲁⲣⲱ"/>
		<feat xlink:href="#sSpan34" value="ⲧⲛ"/>
		<feat xlink:href="#sSpan36" value="ⲛⲁ"/>
		<feat xlink:href="#sSpan41" value="ⲥⲛⲏⲩ"/>
		<feat xlink:href="#sSpan43" value="ⲛⲧ"/>
		<feat xlink:href="#sSpan47" value="ⲁ"/>
		<feat xlink:href="#sSpan49" value="ⲓ"/>
		<feat xlink:href="#sSpan51" value="ⲉⲓ"/>
		<feat xlink:href="#sSpan53" value="ϩⲛ"/>
		<feat xlink:href="#sSpan57" value="ⲟⲩ"/>
		<feat xlink:href="#sSpan60" value="ϫⲓⲥⲉ"/>
		<feat xlink:href="#sSpan62" value="ⲁⲛ"/>
		<feat xlink:href="#sSpan66" value="ⲛ"/>
		<feat xlink:href="#sSpan70" value="ϣⲁϫⲉ"/>
		<feat xlink:href="#sSpan74" value="ⲏ"/>
		<feat xlink:href="#sSpan78" value="ⲛ"/>
		<feat xlink:href="#sSpan83" value="ⲥⲟⲫⲓⲁ"/>
		<feat xlink:href="#sSpan86" value="ⲉ"/>
		<feat xlink:href="#sSpan90" value="ⲓ"/>
		<feat xlink:href="#sSpan92" value="ϫⲱ"/>
		<feat xlink:href="#sSpan94" value="ⲉⲣⲱ"/>
		<feat xlink:href="#sSpan98" value="ⲧⲛ"/>
		<feat xlink:href="#sSpan100" value="ⲛ"/>
		<feat xlink:href="#sSpan104" value="ⲧ"/>
		<feat xlink:href="#sSpan108" value="ⲙⲛⲧⲙⲛⲧⲣⲉ"/>
		<feat xlink:href="#sSpan111" value="ⲙ"/>
		<feat xlink:href="#sSpan115" value="ⲡ"/>
		<feat xlink:href="#sSpan118" value="ⲛⲟⲩⲧⲉ"/>
		<feat xlink:href="#sSpan120" value="."/>
		<feat xlink:href="#sSpan124" value="ⲙⲡ"/>
		<feat xlink:href="#sSpan134" value="ⲓ"/>
		<feat xlink:href="#sSpan136" value="ⲙⲉⲉⲩⲉ"/>
		<feat xlink:href="#sSpan139" value="ⲅⲁⲣ"/>
		<feat xlink:href="#sSpan143" value="ϫⲉ"/>
		<feat xlink:href="#sSpan147" value="ϯ"/>
		<feat xlink:href="#sSpan149" value="ⲥⲟⲟⲩⲛ"/>
		<feat xlink:href="#sSpan151" value="ⲛ"/>
		<feat xlink:href="#sSpan155" value="ⲗⲁⲁⲩ"/>
		<feat xlink:href="#sSpan158" value="ⲛϩⲏⲧ"/>
		<feat xlink:href="#sSpan162" value="ⲧⲏⲩⲧⲛ"/>
		<feat xlink:href="#sSpan164" value="ⲛⲥⲁ"/>
		<feat xlink:href="#sSpan169" value="ⲓⲏⲥⲟⲩⲥ"/>
		<feat xlink:href="#sSpan172" value="ⲡⲉ"/>
		<feat xlink:href="#sSpan177" value="ⲭⲣⲓⲥⲧⲟⲥ"/>
		<feat xlink:href="#sSpan179" value="ⲁⲩⲱ"/>
		<feat xlink:href="#sSpan183" value="ⲡⲁⲓ"/>
		<feat xlink:href="#sSpan187" value="ⲉ"/>
		<feat xlink:href="#sSpan192" value="ⲁ"/>
		<feat xlink:href="#sSpan194" value="ⲩ"/>
		<feat xlink:href="#sSpan197" value="ⲥⲧⲁⲩⲣⲟⲩ"/>
		<feat xlink:href="#sSpan199" value="ⲙⲙⲟ"/>
		<feat xlink:href="#sSpan203" value="ϥ"/>
		<feat xlink:href="#sSpan205" value="."/>
		<feat xlink:href="#sSpan209" value="ⲁⲛⲟⲕ"/>
		<feat xlink:href="#sSpan218" value="ϩⲱ"/>
		<feat xlink:href="#sSpan222" value="ⲛⲧ"/>
		<feat xlink:href="#sSpan226" value="ⲁ"/>
		<feat xlink:href="#sSpan228" value="ⲓ"/>
		<feat xlink:href="#sSpan230" value="ⲉⲓ"/>
		<feat xlink:href="#sSpan232" value="ϣⲁⲣⲱ"/>
		<feat xlink:href="#sSpan236" value="ⲧⲛ"/>
		<feat xlink:href="#sSpan238" value="ϩⲛ"/>
		<feat xlink:href="#sSpan243" value="ⲟⲩ"/>
		<feat xlink:href="#sSpan249" value="ⲙⲛⲧϭⲱⲃ"/>
		<feat xlink:href="#sSpan251" value="."/>
		<feat xlink:href="#sSpan255" value="ⲙⲛ"/>
		<feat xlink:href="#sSpan259" value="ⲟⲩ"/>
		<feat xlink:href="#sSpan262" value="ϩⲟⲧⲉ"/>
		<feat xlink:href="#sSpan264" value="."/>
		<feat xlink:href="#sSpan268" value="ⲙⲛ"/>
		<feat xlink:href="#sSpan272" value="ⲟⲩ"/>
		<feat xlink:href="#sSpan275" value="ⲥⲧⲱⲧ"/>
		<feat xlink:href="#sSpan277" value="ⲉ"/>
		<feat xlink:href="#sSpan281" value="ⲛⲁϣⲱ"/>
		<feat xlink:href="#sSpan283" value="ϥ"/>
		<feat xlink:href="#sSpan285" value="."/>
		<feat xlink:href="#sSpan289" value="ⲁⲩⲱ"/>
		<feat xlink:href="#sSpan299" value="ⲡⲁ"/>
		<feat xlink:href="#sSpan304" value="ϣⲁϫⲉ"/>
		<feat xlink:href="#sSpan306" value="ⲙⲛ"/>
		<feat xlink:href="#sSpan310" value="ⲡⲁ"/>
		<feat xlink:href="#sSpan314" value="ⲧⲁϣⲉⲟⲉⲓϣ"/>
		<feat xlink:href="#sSpan317" value="ⲛⲧ"/>
		<feat xlink:href="#sSpan321" value="ⲁ"/>
		<feat xlink:href="#sSpan323" value="ϥ"/>
		<feat xlink:href="#sSpan325" value="ϣⲱⲡⲉ"/>
		<feat xlink:href="#sSpan327" value="ⲁⲛ"/>
		<feat xlink:href="#sSpan331" value="ϩⲛ"/>
		<feat xlink:href="#sSpan335" value="ⲟⲩ"/>
		<feat xlink:href="#sSpan339" value="ⲡⲉⲓⲑⲉ"/>
		<feat xlink:href="#sSpan341" value="ⲛ"/>
		<feat xlink:href="#sSpan346" value="ⲥⲟⲫⲓⲁ"/>
		<feat xlink:href="#sSpan349" value="ⲛ"/>
		<feat xlink:href="#sSpan353" value="ϣⲁϫⲉ"/>
		<feat xlink:href="#sSpan356" value="."/>
		<feat xlink:href="#sSpan361" value="ⲁⲗⲗⲁ"/>
		<feat xlink:href="#sSpan365" value="ϩⲛ"/>
		<feat xlink:href="#sSpan369" value="ⲟⲩ"/>
		<feat xlink:href="#sSpan372" value="ⲟⲩⲱⲛϩ"/>
		<feat xlink:href="#sSpan375" value="ⲉⲃⲟⲗ"/>
		<feat xlink:href="#sSpan379" value="ⲙ"/>
		<feat xlink:href="#sSpan384" value="ⲡⲛⲉⲩⲙⲁ"/>
		<feat xlink:href="#sSpan387" value="ϩⲓ"/>
		<feat xlink:href="#sSpan391" value="ϭⲟⲙ"/>
		<feat xlink:href="#sSpan394" value="."/>
		<feat xlink:href="#sSpan398" value="ϫⲉⲕⲁⲁⲥ"/>
		<feat xlink:href="#sSpan407" value="ⲛⲛⲉ"/>
		<feat xlink:href="#sSpan411" value="ⲧⲉⲧⲛ"/>
		<feat xlink:href="#sSpan415" value="ⲡⲓⲥⲧⲓⲥ"/>
		<feat xlink:href="#sSpan417" value="ϣⲱⲡⲉ"/>
		<feat xlink:href="#sSpan421" value="ϩⲛ"/>
		<feat xlink:href="#sSpan425" value="ⲟⲩ"/>
		<feat xlink:href="#sSpan429" value="ⲡⲉⲓⲑⲉ"/>
		<feat xlink:href="#sSpan431" value="ⲛ"/>
		<feat xlink:href="#sSpan436" value="ⲥⲟⲫⲓⲁ"/>
		<feat xlink:href="#sSpan439" value="ⲛ"/>
		<feat xlink:href="#sSpan443" value="ⲣⲱⲙⲉ"/>
		<feat xlink:href="#sSpan446" value="ⲁⲗⲗⲁ"/>
		<feat xlink:href="#sSpan450" value="ϩⲛ"/>
		<feat xlink:href="#sSpan454" value="ⲟⲩ"/>
		<feat xlink:href="#sSpan457" value="ϭⲟⲙ"/>
		<feat xlink:href="#sSpan459" value="ⲛⲧⲉ"/>
		<feat xlink:href="#sSpan463" value="ⲡ"/>
		<feat xlink:href="#sSpan466" value="ⲛⲟⲩⲧⲉ"/>
		<feat xlink:href="#sSpan468" value="."/>
		<feat xlink:href="#sSpan472" value="ⲉ"/>
		<feat xlink:href="#sSpan481" value="ⲛ"/>
		<feat xlink:href="#sSpan483" value="ϣⲁϫⲉ"/>
		<feat xlink:href="#sSpan486" value="ⲇⲉ"/>
		<feat xlink:href="#sSpan490" value="ⲛ"/>
		<feat xlink:href="#sSpan494" value="ⲟⲩ"/>
		<feat xlink:href="#sSpan498" value="ⲥⲟⲫⲓⲁ"/>
		<feat xlink:href="#sSpan500" value="ϩⲛ"/>
		<feat xlink:href="#sSpan504" value="ⲛ"/>
		<feat xlink:href="#sSpan508" value="ⲧⲉⲗⲉⲓⲟⲥ"/>
		<feat xlink:href="#sSpan510" value="ⲟⲩ"/>
		<feat xlink:href="#sSpan516" value="ⲥⲟⲫⲓⲁ"/>
		<feat xlink:href="#sSpan519" value="ⲇⲉ"/>
		<feat xlink:href="#sSpan523" value="ⲉ"/>
		<feat xlink:href="#sSpan527" value="ⲛ"/>
		<feat xlink:href="#sSpan529" value="ⲧⲁ"/>
		<feat xlink:href="#sSpan532" value="ⲡⲉⲓ"/>
		<feat xlink:href="#sSpan536" value="ⲁⲓⲱⲛ"/>
		<feat xlink:href="#sSpan538" value="ⲁⲛ"/>
		<feat xlink:href="#sSpan542" value="ⲧⲉ"/>
		<feat xlink:href="#sSpan547" value="ⲟⲩⲇⲉ"/>
		<feat xlink:href="#sSpan551" value="ⲛ"/>
		<feat xlink:href="#sSpan555" value="ⲧⲁ"/>
		<feat xlink:href="#sSpan558" value="ⲛ"/>
		<feat xlink:href="#sSpan561" value="ⲁⲣⲭⲱⲛ"/>
		<feat xlink:href="#sSpan564" value="ⲁⲛ"/>
		<feat xlink:href="#sSpan568" value="ⲧⲉ"/>
		<feat xlink:href="#sSpan572" value="ⲙ"/>
		<feat xlink:href="#sSpan576" value="ⲡⲉⲓ"/>
		<feat xlink:href="#sSpan580" value="ⲁⲓⲱⲛ"/>
		<feat xlink:href="#sSpan582" value="ⲛⲁⲓ"/>
		<feat xlink:href="#sSpan586" value="ⲉⲧ"/>
		<feat xlink:href="#sSpan590" value="ⲛⲁ"/>
		<feat xlink:href="#sSpan592" value="ⲟⲩⲱⲥϥ"/>
		<feat xlink:href="#sSpan594" value="."/>
		<feat xlink:href="#sSpan599" value="ⲁⲗⲗⲁ"/>
		<feat xlink:href="#sSpan609" value="ⲉ"/>
		<feat xlink:href="#sSpan613" value="ⲛ"/>
		<feat xlink:href="#sSpan615" value="ϣⲁϫⲉ"/>
		<feat xlink:href="#sSpan617" value="ⲛ"/>
		<feat xlink:href="#sSpan621" value="ⲟⲩ"/>
		<feat xlink:href="#sSpan625" value="ⲥⲟⲫⲓⲁ"/>
		<feat xlink:href="#sSpan627" value="ⲛⲧⲉ"/>
		<feat xlink:href="#sSpan631" value="ⲡ"/>
		<feat xlink:href="#sSpan634" value="ⲛⲟⲩⲧⲉ"/>
		<feat xlink:href="#sSpan636" value="ϩⲛ"/>
		<feat xlink:href="#sSpan640" value="ⲟⲩ"/>
		<feat xlink:href="#sSpan644" value="ⲙⲩⲥⲧⲏⲣⲓⲟⲛ"/>
		<feat xlink:href="#sSpan646" value="."/>
		<feat xlink:href="#sSpan650" value="ⲧⲁⲓ"/>
		<feat xlink:href="#sSpan655" value="ⲉⲧ"/>
		<feat xlink:href="#sSpan659" value="ϩⲏⲡ"/>
		<feat xlink:href="#sSpan661" value="ⲧ"/>
		<feat xlink:href="#sSpan665" value="ⲉⲛⲧ"/>
		<feat xlink:href="#sSpan667" value="ⲁ"/>
		<feat xlink:href="#sSpan669" value="ⲡ"/>
		<feat xlink:href="#sSpan672" value="ⲛⲟⲩⲧⲉ"/>
		<feat xlink:href="#sSpan674" value="ⲡⲟⲣϫ"/>
		<feat xlink:href="#sSpan678" value="ⲥ"/>
		<feat xlink:href="#sSpan680" value="ⲉⲃⲟⲗ"/>
		<feat xlink:href="#sSpan685" value="ϩⲁ"/>
		<feat xlink:href="#sSpan689" value="ⲧ"/>
		<feat xlink:href="#sSpan692" value="ϩⲏ"/>
		<feat xlink:href="#sSpan694" value="ⲛ"/>
		<feat xlink:href="#sSpan698" value="ⲛ"/>
		<feat xlink:href="#sSpan702" value="ⲁⲓⲱⲛ"/>
		<feat xlink:href="#sSpan704" value="ⲉ"/>
		<feat xlink:href="#sSpan708" value="ⲡⲉⲛ"/>
		<feat xlink:href="#sSpan711" value="ⲉⲟⲟⲩ"/>
		<feat xlink:href="#sSpan713" value="."/>
		<feat xlink:href="#sSpan717" value="ⲧⲁⲓ"/>
		<feat xlink:href="#sSpan727" value="ⲉⲧⲉ"/>
		<feat xlink:href="#sSpan731" value="ⲙⲡⲉ"/>
		<feat xlink:href="#sSpan733" value="ⲗⲁⲁⲩ"/>
		<feat xlink:href="#sSpan736" value="ⲛ"/>
		<feat xlink:href="#sSpan741" value="ⲁⲣⲭⲱⲛ"/>
		<feat xlink:href="#sSpan743" value="ⲛⲧⲉ"/>
		<feat xlink:href="#sSpan747" value="ⲡⲉⲓ"/>
		<feat xlink:href="#sSpan751" value="ⲁⲓⲱⲛ"/>
		<feat xlink:href="#sSpan753" value="ⲥⲟⲩⲱⲛ"/>
		<feat xlink:href="#sSpan757" value="ⲥ"/>
		<feat xlink:href="#sSpan759" value="."/>
		<feat xlink:href="#sSpan763" value="ⲉⲛⲉ"/>
		<feat xlink:href="#sSpan767" value="ⲛⲧ"/>
		<feat xlink:href="#sSpan769" value="ⲁ"/>
		<feat xlink:href="#sSpan771" value="ⲩ"/>
		<feat xlink:href="#sSpan773" value="ⲥⲟⲩⲱⲛ"/>
		<feat xlink:href="#sSpan775" value="ⲥ"/>
		<feat xlink:href="#sSpan778" value="ⲅⲁⲣ"/>
		<feat xlink:href="#sSpan782" value="ⲛⲉ"/>
		<feat xlink:href="#sSpan786" value="ⲩ"/>
		<feat xlink:href="#sSpan788" value="ⲛⲁ"/>
		<feat xlink:href="#sSpan791" value="ⲥⲧⲁⲩⲣⲟⲩ"/>
		<feat xlink:href="#sSpan793" value="ⲁⲛ"/>
		<feat xlink:href="#sSpan797" value="ⲡⲉ"/>
		<feat xlink:href="#sSpan801" value="ⲙ"/>
		<feat xlink:href="#sSpan805" value="ⲡ"/>
		<feat xlink:href="#sSpan808" value="ϫⲟⲉⲓⲥ"/>
		<feat xlink:href="#sSpan810" value="ⲙ"/>
		<feat xlink:href="#sSpan814" value="ⲡ"/>
		<feat xlink:href="#sSpan817" value="ⲉⲟⲟⲩ"/>
		<feat xlink:href="#sSpan819" value="."/>
		<feat xlink:href="#sSpan824" value="ⲁⲗⲗⲁ"/>
		<feat xlink:href="#sSpan835" value="ⲕⲁⲧⲁ"/>
		<feat xlink:href="#sSpan839" value="ⲧ"/>
		<feat xlink:href="#sSpan841" value="ϩⲉ"/>
		<feat xlink:href="#sSpan843" value="ⲉⲧ"/>
		<feat xlink:href="#sSpan847" value="ⲥⲏϩ"/>
		<feat xlink:href="#sSpan849" value="ϫⲉ"/>
		<feat xlink:href="#sSpan853" value="ⲛ"/>
		<feat xlink:href="#sSpan856" value="ⲉⲧⲉ"/>
		<feat xlink:href="#sSpan858" value="ⲙⲡⲉ"/>
		<feat xlink:href="#sSpan860" value="ⲃⲁⲗ"/>
		<feat xlink:href="#sSpan863" value="ⲛⲁⲩ"/>
		<feat xlink:href="#sSpan867" value="ⲉⲣⲟ"/>
		<feat xlink:href="#sSpan871" value="ⲟⲩ"/>
		<feat xlink:href="#sSpan873" value="."/>
		<feat xlink:href="#sSpan877" value="ⲛ"/>
		<feat xlink:href="#sSpan881" value="ⲉⲧⲉ"/>
		<feat xlink:href="#sSpan883" value="ⲙⲡⲉ"/>
		<feat xlink:href="#sSpan885" value="ⲙⲁⲁϫⲉ"/>
		<feat xlink:href="#sSpan888" value="ⲥⲟⲧⲙ"/>
		<feat xlink:href="#sSpan892" value="ⲟⲩ"/>
		<feat xlink:href="#sSpan894" value="."/>
		<feat xlink:href="#sSpan898" value="ⲛ"/>
		<feat xlink:href="#sSpan902" value="ⲉⲧⲉ"/>
		<feat xlink:href="#sSpan904" value="ⲙⲡ"/>
		<feat xlink:href="#sSpan906" value="ⲟⲩ"/>
		<feat xlink:href="#sSpan908" value="ⲁⲗⲉ"/>
		<feat xlink:href="#sSpan911" value="ⲉϩⲣⲁⲓ"/>
		<feat xlink:href="#sSpan915" value="ⲉϫⲙ"/>
		<feat xlink:href="#sSpan919" value="ⲡ"/>
		<feat xlink:href="#sSpan922" value="ϩⲏⲧ"/>
		<feat xlink:href="#sSpan924" value="ⲛ"/>
		<feat xlink:href="#sSpan928" value="ⲣⲱⲙⲉ"/>
		<feat xlink:href="#sSpan931" value="ⲛⲁⲓ"/>
		<feat xlink:href="#sSpan935" value="ⲉⲛⲧ"/>
		<feat xlink:href="#sSpan939" value="ⲁ"/>
		<feat xlink:href="#sSpan941" value="ⲡ"/>
		<feat xlink:href="#sSpan944" value="ⲛⲟⲩⲧⲉ"/>
		<feat xlink:href="#sSpan946" value="ⲥⲃⲧⲱⲧ"/>
		<feat xlink:href="#sSpan950" value="ⲟⲩ"/>
		<feat xlink:href="#sSpan952" value="ⲛ"/>
		<feat xlink:href="#sSpan956" value="ⲛ"/>
		<feat xlink:href="#sSpan959" value="ⲉⲧ"/>
		<feat xlink:href="#sSpan961" value="ⲙⲉ"/>
		<feat xlink:href="#sSpan963" value="ⲙⲙⲟ"/>
		<feat xlink:href="#sSpan967" value="ϥ"/>
		<feat xlink:href="#sSpan969" value="."/>
		<feat xlink:href="#sSpan973" value="ⲁ"/>
		<feat xlink:href="#sSpan983" value="ⲡ"/>
		<feat xlink:href="#sSpan986" value="ⲛⲟⲩⲧⲉ"/>
		<feat xlink:href="#sSpan989" value="ⲅⲁⲣ"/>
		<feat xlink:href="#sSpan993" value="ϭⲟⲗⲡ"/>
		<feat xlink:href="#sSpan997" value="ⲟⲩ"/>
		<feat xlink:href="#sSpan999" value="ⲛⲁ"/>
		<feat xlink:href="#sSpan1003" value="ⲛ"/>
		<feat xlink:href="#sSpan1005" value="ⲉⲃⲟⲗ"/>
		<feat xlink:href="#sSpan1009" value="ϩⲓⲧⲙ"/>
		<feat xlink:href="#sSpan1013" value="ⲡⲉ"/>
		<feat xlink:href="#sSpan1017" value="ⲡⲛⲉⲩⲙⲁ"/>
		<feat xlink:href="#sSpan1019" value="."/>
		<feat xlink:href="#sSpan1023" value="ⲡⲉ"/>
		<feat xlink:href="#sSpan1029" value="ⲡⲛⲉⲩⲙⲁ"/>
		<feat xlink:href="#sSpan1032" value="ⲅⲁⲣ"/>
		<feat xlink:href="#sSpan1036" value="ϩⲟⲧϩⲧ"/>
		<feat xlink:href="#sSpan1040" value="ⲛ"/>
		<feat xlink:href="#sSpan1044" value="ⲛⲕⲁ"/>
		<feat xlink:href="#sSpan1048" value="ⲛⲓⲙ"/>
		<feat xlink:href="#sSpan1052" value="ⲁⲩⲱ"/>
		<feat xlink:href="#sSpan1056" value="ⲛ"/>
		<feat xlink:href="#sSpan1061" value="ⲉⲧ"/>
		<feat xlink:href="#sSpan1063" value="ϩⲏⲡ"/>
		<feat xlink:href="#sSpan1065" value="ⲛⲧⲉ"/>
		<feat xlink:href="#sSpan1069" value="ⲡ"/>
		<feat xlink:href="#sSpan1072" value="ⲛⲟⲩⲧⲉ"/>
		<feat xlink:href="#sSpan1074" value="."/>
		<feat xlink:href="#sSpan1078" value="ⲛⲓⲙ"/>
		<feat xlink:href="#sSpan1090" value="ⲅⲁⲣ"/>
		<feat xlink:href="#sSpan1094" value="ⲛ"/>
		<feat xlink:href="#sSpan1098" value="ⲣⲱⲙⲉ"/>
		<feat xlink:href="#sSpan1100" value="ⲡ"/>
		<feat xlink:href="#sSpan1104" value="ⲉⲧ"/>
		<feat xlink:href="#sSpan1106" value="ⲥⲟⲟⲩⲛ"/>
		<feat xlink:href="#sSpan1108" value="ⲛ"/>
		<feat xlink:href="#sSpan1112" value="ⲛⲁ"/>
		<feat xlink:href="#sSpan1115" value="ⲡ"/>
		<feat xlink:href="#sSpan1118" value="ⲣⲱⲙⲉ"/>
		<feat xlink:href="#sSpan1121" value="ⲉⲓⲙⲏⲧⲓ"/>
		<feat xlink:href="#sSpan1125" value="ⲡⲉ"/>
		<feat xlink:href="#sSpan1131" value="ⲡⲛⲉⲩⲙⲁ"/>
		<feat xlink:href="#sSpan1133" value="ⲙ"/>
		<feat xlink:href="#sSpan1137" value="ⲡ"/>
		<feat xlink:href="#sSpan1140" value="ⲣⲱⲙⲉ"/>
		<feat xlink:href="#sSpan1142" value="ⲉⲧ"/>
		<feat xlink:href="#sSpan1146" value="ⲛϩⲏⲧ"/>
		<feat xlink:href="#sSpan1148" value="ϥ"/>
		<feat xlink:href="#sSpan1150" value="."/>
		<feat xlink:href="#sSpan1154" value="ⲧⲁⲓ"/>
		<feat xlink:href="#sSpan1159" value="ⲟⲛ"/>
		<feat xlink:href="#sSpan1163" value="ⲧⲉ"/>
		<feat xlink:href="#sSpan1167" value="ⲧ"/>
		<feat xlink:href="#sSpan1172" value="ϩⲉ"/>
		<feat xlink:href="#sSpan1174" value="ⲛ"/>
		<feat xlink:href="#sSpan1178" value="ⲛⲁ"/>
		<feat xlink:href="#sSpan1181" value="ⲡ"/>
		<feat xlink:href="#sSpan1184" value="ⲛⲟⲩⲧⲉ"/>
		<feat xlink:href="#sSpan1186" value="ⲙⲡⲉ"/>
		<feat xlink:href="#sSpan1190" value="ⲗⲁⲁⲩ"/>
		<feat xlink:href="#sSpan1193" value="ⲥⲟⲩⲱⲛ"/>
		<feat xlink:href="#sSpan1197" value="ⲟⲩ"/>
		<feat xlink:href="#sSpan1199" value="ⲛⲥⲁ"/>
		<feat xlink:href="#sSpan1203" value="ⲡⲉ"/>
		<feat xlink:href="#sSpan1207" value="ⲡⲛⲉⲩⲙⲁ"/>
		<feat xlink:href="#sSpan1209" value="ⲙ"/>
		<feat xlink:href="#sSpan1213" value="ⲡ"/>
		<feat xlink:href="#sSpan1216" value="ⲛⲟⲩⲧⲉ"/>
		<feat xlink:href="#sSpan1218" value="."/>
		<feat xlink:href="#sSpan1222" value="ⲁⲛⲟⲛ"/>
		<feat xlink:href="#sSpan1232" value="ⲇⲉ"/>
		<feat xlink:href="#sSpan1236" value="ⲛⲧ"/>
		<feat xlink:href="#sSpan1240" value="ⲁ"/>
		<feat xlink:href="#sSpan1242" value="ⲛ"/>
		<feat xlink:href="#sSpan1244" value="ϫⲓ"/>
		<feat xlink:href="#sSpan1246" value="ⲁⲛ"/>
		<feat xlink:href="#sSpan1250" value="ⲙ"/>
		<feat xlink:href="#sSpan1254" value="ⲡⲉ"/>
		<feat xlink:href="#sSpan1258" value="ⲡⲛⲉⲩⲙⲁ"/>
		<feat xlink:href="#sSpan1260" value="ⲙ"/>
		<feat xlink:href="#sSpan1264" value="ⲡⲉⲓ"/>
		<feat xlink:href="#sSpan1268" value="ⲕⲟⲥⲙⲟⲥ"/>
		<feat xlink:href="#sSpan1270" value="."/>
		<feat xlink:href="#sSpan1275" value="ⲁⲗⲗⲁ"/>
		<feat xlink:href="#sSpan1279" value="ⲡⲉ"/>
		<feat xlink:href="#sSpan1285" value="ⲡⲛⲉⲩⲙⲁ"/>
		<feat xlink:href="#sSpan1287" value="ⲡ"/>
		<feat xlink:href="#sSpan1291" value="ⲉⲃⲟⲗ"/>
		<feat xlink:href="#sSpan1293" value="ⲙ"/>
		<feat xlink:href="#sSpan1297" value="ⲡ"/>
		<feat xlink:href="#sSpan1300" value="ⲛⲟⲩⲧⲉ"/>
		<feat xlink:href="#sSpan1302" value="."/>
		<feat xlink:href="#sSpan1306" value="ϫⲉⲕⲁⲁⲥ"/>
		<feat xlink:href="#sSpan1310" value="ⲉⲛⲉ"/>
		<feat xlink:href="#sSpan1314" value="ⲉⲓⲙⲉ"/>
		<feat xlink:href="#sSpan1316" value="ⲉ"/>
		<feat xlink:href="#sSpan1320" value="ⲛ"/>
		<feat xlink:href="#sSpan1323" value="ⲉⲛⲧ"/>
		<feat xlink:href="#sSpan1325" value="ⲁ"/>
		<feat xlink:href="#sSpan1327" value="ⲡ"/>
		<feat xlink:href="#sSpan1330" value="ⲛⲟⲩⲧⲉ"/>
		<feat xlink:href="#sSpan1333" value="ⲭⲁⲣⲓⲍⲉ"/>
		<feat xlink:href="#sSpan1337" value="ⲙⲙⲟ"/>
		<feat xlink:href="#sSpan1341" value="ⲟⲩ"/>
		<feat xlink:href="#sSpan1343" value="ⲛⲁ"/>
		<feat xlink:href="#sSpan1347" value="ⲛ"/>
		<feat xlink:href="#sSpan1349" value="."/>
		<feat xlink:href="#sSpan1353" value="ⲉⲧⲉ"/>
		<feat xlink:href="#sSpan1363" value="ⲛⲁⲓ"/>
		<feat xlink:href="#sSpan1366" value="ⲛ"/>
		<feat xlink:href="#sSpan1370" value="ⲉⲧ"/>
		<feat xlink:href="#sSpan1372" value="ⲛ"/>
		<feat xlink:href="#sSpan1374" value="ϣⲁϫⲉ"/>
		<feat xlink:href="#sSpan1376" value="ⲛϩⲏⲧ"/>
		<feat xlink:href="#sSpan1380" value="ⲟⲩ"/>
		<feat xlink:href="#sSpan1382" value="ϩⲛ"/>
		<feat xlink:href="#sSpan1386" value="ϩⲉⲛ"/>
		<feat xlink:href="#sSpan1389" value="ϣⲁϫⲉ"/>
		<feat xlink:href="#sSpan1391" value="ⲁⲛ"/>
		<feat xlink:href="#sSpan1395" value="ⲛ"/>
		<feat xlink:href="#sSpan1400" value="ϯⲥⲃⲱ"/>
		<feat xlink:href="#sSpan1404" value="ⲛ"/>
		<feat xlink:href="#sSpan1409" value="ⲥⲟⲫⲓⲁ"/>
		<feat xlink:href="#sSpan1412" value="ⲛ"/>
		<feat xlink:href="#sSpan1416" value="ⲣⲱⲙⲉ"/>
		<feat xlink:href="#sSpan1419" value="ⲁⲗⲗⲁ"/>
		<feat xlink:href="#sSpan1423" value="ϩⲛ"/>
		<feat xlink:href="#sSpan1427" value="ϩⲉⲛ"/>
		<feat xlink:href="#sSpan1431" value="ϯⲥⲃⲱ"/>
		<feat xlink:href="#sSpan1434" value="ⲙ"/>
		<feat xlink:href="#sSpan1439" value="ⲡⲛⲉⲩⲙⲁ"/>
		<feat xlink:href="#sSpan1442" value="ⲉ"/>
		<feat xlink:href="#sSpan1446" value="ⲛ"/>
		<feat xlink:href="#sSpan1449" value="ϣⲱⲛⲃ"/>
		<feat xlink:href="#sSpan1451" value="ⲛ"/>
		<feat xlink:href="#sSpan1455" value="ϩⲉⲛ"/>
		<feat xlink:href="#sSpan1459" value="ⲡⲛⲉⲩⲙⲁⲧⲓⲕⲟⲛ"/>
		<feat xlink:href="#sSpan1461" value="ⲉ"/>
		<feat xlink:href="#sSpan1465" value="ϩⲉⲛ"/>
		<feat xlink:href="#sSpan1469" value="ⲡⲛⲉⲩⲙⲁⲧⲓⲕⲟⲥ"/>
		<feat xlink:href="#sSpan1471" value="."/>
		<feat xlink:href="#sSpan1475" value="ⲟⲩ"/>
		<feat xlink:href="#sSpan1486" value="ⲯⲩⲭⲓⲕⲟⲥ"/>
		<feat xlink:href="#sSpan1489" value="ⲇⲉ"/>
		<feat xlink:href="#sSpan1493" value="ⲛ"/>
		<feat xlink:href="#sSpan1497" value="ⲣⲱⲙⲉ"/>
		<feat xlink:href="#sSpan1499" value="ⲙⲉ"/>
		<feat xlink:href="#sSpan1503" value="ϥ"/>
		<feat xlink:href="#sSpan1505" value="ϣⲱⲡ"/>
		<feat xlink:href="#sSpan1507" value="ⲉⲣⲟ"/>
		<feat xlink:href="#sSpan1511" value="ϥ"/>
		<feat xlink:href="#sSpan1513" value="ⲛ"/>
		<feat xlink:href="#sSpan1517" value="ⲛⲁ"/>
		<feat xlink:href="#sSpan1520" value="ⲡⲉ"/>
		<feat xlink:href="#sSpan1524" value="ⲡⲛⲉⲩⲙⲁ"/>
		<feat xlink:href="#sSpan1526" value="ⲙ"/>
		<feat xlink:href="#sSpan1530" value="ⲡ"/>
		<feat xlink:href="#sSpan1533" value="ⲛⲟⲩⲧⲉ"/>
		<feat xlink:href="#sSpan1535" value="."/>
		<feat xlink:href="#sSpan1539" value="ⲟⲩ"/>
		<feat xlink:href="#sSpan1545" value="ⲙⲛⲧⲥⲟϭ"/>
		<feat xlink:href="#sSpan1549" value="ⲅⲁⲣ"/>
		<feat xlink:href="#sSpan1553" value="ⲛⲁ"/>
		<feat xlink:href="#sSpan1557" value="ϥ"/>
		<feat xlink:href="#sSpan1559" value="ⲧⲉ"/>
		<feat xlink:href="#sSpan1563" value="."/>
		<feat xlink:href="#sSpan1567" value="ⲁⲩⲱ"/>
		<feat xlink:href="#sSpan1571" value="ⲙⲛ"/>
		<feat xlink:href="#sSpan1575" value="ϭⲟⲙ"/>
		<feat xlink:href="#sSpan1578" value="ⲙⲙⲟ"/>
		<feat xlink:href="#sSpan1582" value="ϥ"/>
		<feat xlink:href="#sSpan1584" value="ⲉ"/>
		<feat xlink:href="#sSpan1588" value="ⲉⲓⲙⲉ"/>
		<feat xlink:href="#sSpan1590" value="ϫⲉ"/>
		<feat xlink:href="#sSpan1594" value="ⲥⲉ"/>
		<feat xlink:href="#sSpan1597" value="ⲁⲛⲁⲕⲣⲓⲛⲉ"/>
		<feat xlink:href="#sSpan1599" value="ⲙⲙⲟ"/>
		<feat xlink:href="#sSpan1603" value="ϥ"/>
		<feat xlink:href="#sSpan1606" value="ⲡⲛⲉⲩⲙⲁⲧⲓⲕⲱⲥ"/>
		<feat xlink:href="#sSpan1610" value="."/>
		<feat xlink:href="#sSpan1614" value="ⲡⲉ"/>
		<feat xlink:href="#sSpan1626" value="ⲡⲛⲉⲩⲙⲁⲧⲓⲕⲟⲥ"/>
		<feat xlink:href="#sSpan1629" value="ⲇⲉ"/>
		<feat xlink:href="#sSpan1633" value="ϣⲁ"/>
		<feat xlink:href="#sSpan1637" value="ϥ"/>
		<feat xlink:href="#sSpan1640" value="ⲁⲛⲁⲕⲣⲓⲛⲉ"/>
		<feat xlink:href="#sSpan1643" value="ⲙⲉⲛ"/>
		<feat xlink:href="#sSpan1647" value="ⲛ"/>
		<feat xlink:href="#sSpan1651" value="ⲟⲩⲟⲛ"/>
		<feat xlink:href="#sSpan1655" value="ⲛⲓⲙ"/>
		<feat xlink:href="#sSpan1659" value="."/>
		<feat xlink:href="#sSpan1663" value="ⲛⲧⲟϥ"/>
		<feat xlink:href="#sSpan1668" value="ⲇⲉ"/>
		<feat xlink:href="#sSpan1672" value="ⲙⲉⲣⲉ"/>
		<feat xlink:href="#sSpan1676" value="ⲗⲁⲁⲩ"/>
		<feat xlink:href="#sSpan1680" value="ⲁⲛⲁⲕⲣⲓⲛⲉ"/>
		<feat xlink:href="#sSpan1684" value="ⲙⲙⲟ"/>
		<feat xlink:href="#sSpan1688" value="ϥ"/>
		<feat xlink:href="#sSpan1690" value="."/>
		<feat xlink:href="#sSpan1694" value="ⲛⲓⲙ"/>
		<feat xlink:href="#sSpan1704" value="ⲅⲁⲣ"/>
		<feat xlink:href="#sSpan1708" value="ⲡ"/>
		<feat xlink:href="#sSpan1712" value="ⲉⲛⲧ"/>
		<feat xlink:href="#sSpan1714" value="ⲁ"/>
		<feat xlink:href="#sSpan1716" value="ϥ"/>
		<feat xlink:href="#sSpan1718" value="ⲥⲟⲩⲛ"/>
		<feat xlink:href="#sSpan1720" value="ⲡ"/>
		<feat xlink:href="#sSpan1725" value="ϩⲏⲧ"/>
		<feat xlink:href="#sSpan1727" value="ⲙ"/>
		<feat xlink:href="#sSpan1731" value="ⲡ"/>
		<feat xlink:href="#sSpan1734" value="ϫⲟⲉⲓⲥ"/>
		<feat xlink:href="#sSpan1736" value="ⲡⲁⲓ"/>
		<feat xlink:href="#sSpan1741" value="ⲉⲧ"/>
		<feat xlink:href="#sSpan1745" value="ⲛⲁ"/>
		<feat xlink:href="#sSpan1747" value="ⲧⲥⲉⲃⲉ"/>
		<feat xlink:href="#sSpan1749" value="ⲉⲓⲁⲧ"/>
		<feat xlink:href="#sSpan1752" value="ϥ"/>
		<feat xlink:href="#sSpan1754" value="ⲉⲃⲟⲗ"/>
		<feat xlink:href="#sSpan1758" value="."/>
		<feat xlink:href="#sSpan1762" value="ⲁⲛⲟⲛ"/>
		<feat xlink:href="#sSpan1767" value="ⲇⲉ"/>
		<feat xlink:href="#sSpan1771" value="ⲟⲩⲛⲧⲁ"/>
		<feat xlink:href="#sSpan1775" value="ⲛ"/>
		<feat xlink:href="#sSpan1777" value="ⲙⲙⲁⲩ"/>
		<feat xlink:href="#sSpan1781" value="ⲙ"/>
		<feat xlink:href="#sSpan1785" value="ⲡ"/>
		<feat xlink:href="#sSpan1788" value="ⲙⲉⲉⲩⲉ"/>
		<feat xlink:href="#sSpan1790" value="ⲙ"/>
		<feat xlink:href="#sSpan1794" value="ⲡⲉ"/>
		<feat xlink:href="#sSpan1798" value="ⲭⲣⲓⲥⲧⲟⲥ"/>
		<feat xlink:href="#sSpan1800" value="."/></featList></paula>