<?xml version='1.0' encoding='UTF-8'?><!DOCTYPE paula SYSTEM "paula_rel.dtd">
<paula version="1.1">
	<header paula_id="scriptorium.1Cor_02.dep"/>
	<relList xmlns:xlink="http://www.w3.org/1999/xlink" type="dep">
		<rel id="sPointingRel1" xlink:href="scriptorium.1Cor_02.mark.xml#sSpan1788" target="scriptorium.1Cor_02.mark.xml#sSpan1785"/>
		<rel id="sPointingRel3" xlink:href="scriptorium.1Cor_02.mark.xml#sSpan325" target="scriptorium.1Cor_02.mark.xml#sSpan327"/>
		<rel id="sPointingRel5" xlink:href="scriptorium.1Cor_02.mark.xml#sSpan1533" target="scriptorium.1Cor_02.mark.xml#sSpan1526"/>
		<rel id="sPointingRel7" xlink:href="scriptorium.1Cor_02.mark.xml#sSpan1072" target="scriptorium.1Cor_02.mark.xml#sSpan1069"/>
		<rel id="sPointingRel9" xlink:href="scriptorium.1Cor_02.mark.xml#sSpan304" target="scriptorium.1Cor_02.mark.xml#sSpan299"/>
		<rel id="sPointingRel11" xlink:href="scriptorium.1Cor_02.mark.xml#sSpan888" target="scriptorium.1Cor_02.mark.xml#sSpan892"/>
		<rel id="sPointingRel13" xlink:href="scriptorium.1Cor_02.mark.xml#sSpan230" target="scriptorium.1Cor_02.mark.xml#sSpan222"/>
		<rel id="sPointingRel15" xlink:href="scriptorium.1Cor_02.mark.xml#sSpan773" target="scriptorium.1Cor_02.mark.xml#sSpan767"/>
		<rel id="sPointingRel17" xlink:href="scriptorium.1Cor_02.mark.xml#sSpan922" target="scriptorium.1Cor_02.mark.xml#sSpan915"/>
		<rel id="sPointingRel19" xlink:href="scriptorium.1Cor_02.mark.xml#sSpan1505" target="scriptorium.1Cor_02.mark.xml#sSpan1486"/>
		<rel id="sPointingRel21" xlink:href="scriptorium.1Cor_02.mark.xml#sSpan1029" target="scriptorium.1Cor_02.mark.xml#sSpan1023"/>
		<rel id="sPointingRel23" xlink:href="scriptorium.1Cor_02.mark.xml#sSpan733" target="scriptorium.1Cor_02.mark.xml#sSpan741"/>
		<rel id="sPointingRel25" xlink:href="scriptorium.1Cor_02.mark.xml#sSpan877" target="scriptorium.1Cor_02.mark.xml#sSpan888"/>
		<rel id="sPointingRel27" xlink:href="scriptorium.1Cor_02.mark.xml#sSpan372" target="scriptorium.1Cor_02.mark.xml#sSpan375"/>
		<rel id="sPointingRel29" xlink:href="scriptorium.1Cor_02.mark.xml#sSpan353" target="scriptorium.1Cor_02.mark.xml#sSpan349"/>
		<rel id="sPointingRel31" xlink:href="scriptorium.1Cor_02.mark.xml#sSpan753" target="scriptorium.1Cor_02.mark.xml#sSpan759"/>
		<rel id="sPointingRel33" xlink:href="scriptorium.1Cor_02.mark.xml#sSpan741" target="scriptorium.1Cor_02.mark.xml#sSpan736"/>
		<rel id="sPointingRel35" xlink:href="scriptorium.1Cor_02.mark.xml#sSpan1517" target="scriptorium.1Cor_02.mark.xml#sSpan1524"/>
		<rel id="sPointingRel37" xlink:href="scriptorium.1Cor_02.mark.xml#sSpan197" target="scriptorium.1Cor_02.mark.xml#sSpan187"/>
		<rel id="sPointingRel39" xlink:href="scriptorium.1Cor_02.mark.xml#sSpan692" target="scriptorium.1Cor_02.mark.xml#sSpan702"/>
		<rel id="sPointingRel41" xlink:href="scriptorium.1Cor_02.mark.xml#sSpan1505" target="scriptorium.1Cor_02.mark.xml#sSpan1511"/>
		<rel id="sPointingRel43" xlink:href="scriptorium.1Cor_02.mark.xml#sSpan372" target="scriptorium.1Cor_02.mark.xml#sSpan369"/>
		<rel id="sPointingRel45" xlink:href="scriptorium.1Cor_02.mark.xml#sSpan644" target="scriptorium.1Cor_02.mark.xml#sSpan640"/>
		<rel id="sPointingRel47" xlink:href="scriptorium.1Cor_02.mark.xml#sSpan325" target="scriptorium.1Cor_02.mark.xml#sSpan321"/>
		<rel id="sPointingRel49" xlink:href="scriptorium.1Cor_02.mark.xml#sSpan339" target="scriptorium.1Cor_02.mark.xml#sSpan331"/>
		<rel id="sPointingRel51" xlink:href="scriptorium.1Cor_02.mark.xml#sSpan108" target="scriptorium.1Cor_02.mark.xml#sSpan118"/>
		<rel id="sPointingRel53" xlink:href="scriptorium.1Cor_02.mark.xml#sSpan1140" target="scriptorium.1Cor_02.mark.xml#sSpan1137"/>
		<rel id="sPointingRel55" xlink:href="scriptorium.1Cor_02.mark.xml#sSpan262" target="scriptorium.1Cor_02.mark.xml#sSpan259"/>
		<rel id="sPointingRel57" xlink:href="scriptorium.1Cor_02.mark.xml#sSpan230" target="scriptorium.1Cor_02.mark.xml#sSpan226"/>
		<rel id="sPointingRel59" xlink:href="scriptorium.1Cor_02.mark.xml#sSpan1044" target="scriptorium.1Cor_02.mark.xml#sSpan1040"/>
		<rel id="sPointingRel61" xlink:href="scriptorium.1Cor_02.mark.xml#sSpan922" target="scriptorium.1Cor_02.mark.xml#sSpan919"/>
		<rel id="sPointingRel63" xlink:href="scriptorium.1Cor_02.mark.xml#sSpan993" target="scriptorium.1Cor_02.mark.xml#sSpan973"/>
		<rel id="sPointingRel65" xlink:href="scriptorium.1Cor_02.mark.xml#sSpan1333" target="scriptorium.1Cor_02.mark.xml#sSpan1323"/>
		<rel id="sPointingRel67" xlink:href="scriptorium.1Cor_02.mark.xml#sSpan197" target="scriptorium.1Cor_02.mark.xml#sSpan192"/>
		<rel id="sPointingRel69" xlink:href="scriptorium.1Cor_02.mark.xml#sSpan773" target="scriptorium.1Cor_02.mark.xml#sSpan771"/>
		<rel id="sPointingRel71" xlink:href="scriptorium.1Cor_02.mark.xml#sSpan1044" target="scriptorium.1Cor_02.mark.xml#sSpan1056"/>
		<rel id="sPointingRel73" xlink:href="scriptorium.1Cor_02.mark.xml#sSpan1545" target="scriptorium.1Cor_02.mark.xml#sSpan1549"/>
		<rel id="sPointingRel75" xlink:href="scriptorium.1Cor_02.mark.xml#sSpan262" target="scriptorium.1Cor_02.mark.xml#sSpan255"/>
		<rel id="sPointingRel77" xlink:href="scriptorium.1Cor_02.mark.xml#sSpan928" target="scriptorium.1Cor_02.mark.xml#sSpan924"/>
		<rel id="sPointingRel79" xlink:href="scriptorium.1Cor_02.mark.xml#sSpan1505" target="scriptorium.1Cor_02.mark.xml#sSpan1489"/>
		<rel id="sPointingRel81" xlink:href="scriptorium.1Cor_02.mark.xml#sSpan516" target="scriptorium.1Cor_02.mark.xml#sSpan510"/>
		<rel id="sPointingRel83" xlink:href="scriptorium.1Cor_02.mark.xml#sSpan1497" target="scriptorium.1Cor_02.mark.xml#sSpan1493"/>
		<rel id="sPointingRel85" xlink:href="scriptorium.1Cor_02.mark.xml#sSpan275" target="scriptorium.1Cor_02.mark.xml#sSpan272"/>
		<rel id="sPointingRel87" xlink:href="scriptorium.1Cor_02.mark.xml#sSpan1449" target="scriptorium.1Cor_02.mark.xml#sSpan1459"/>
		<rel id="sPointingRel89" xlink:href="scriptorium.1Cor_02.mark.xml#sSpan1545" target="scriptorium.1Cor_02.mark.xml#sSpan1539"/>
		<rel id="sPointingRel91" xlink:href="scriptorium.1Cor_02.mark.xml#sSpan1389" target="scriptorium.1Cor_02.mark.xml#sSpan1431"/>
		<rel id="sPointingRel93" xlink:href="scriptorium.1Cor_02.mark.xml#sSpan249" target="scriptorium.1Cor_02.mark.xml#sSpan238"/>
		<rel id="sPointingRel95" xlink:href="scriptorium.1Cor_02.mark.xml#sSpan841" target="scriptorium.1Cor_02.mark.xml#sSpan824"/>
		<rel id="sPointingRel97" xlink:href="scriptorium.1Cor_02.mark.xml#sSpan1640" target="scriptorium.1Cor_02.mark.xml#sSpan1643"/>
		<rel id="sPointingRel99" xlink:href="scriptorium.1Cor_02.mark.xml#sSpan34" target="scriptorium.1Cor_02.mark.xml#sSpan30"/>
		<rel id="sPointingRel101" xlink:href="scriptorium.1Cor_02.mark.xml#sSpan888" target="scriptorium.1Cor_02.mark.xml#sSpan885"/>
		<rel id="sPointingRel103" xlink:href="scriptorium.1Cor_02.mark.xml#sSpan1363" target="scriptorium.1Cor_02.mark.xml#sSpan1366"/>
		<rel id="sPointingRel105" xlink:href="scriptorium.1Cor_02.mark.xml#sSpan28" target="scriptorium.1Cor_02.mark.xml#sSpan34"/>
		<rel id="sPointingRel107" xlink:href="scriptorium.1Cor_02.mark.xml#sSpan275" target="scriptorium.1Cor_02.mark.xml#sSpan281"/>
		<rel id="sPointingRel109" xlink:href="scriptorium.1Cor_02.mark.xml#sSpan1078" target="scriptorium.1Cor_02.mark.xml#sSpan1154"/>
		<rel id="sPointingRel111" xlink:href="scriptorium.1Cor_02.mark.xml#sSpan498" target="scriptorium.1Cor_02.mark.xml#sSpan516"/>
		<rel id="sPointingRel113" xlink:href="scriptorium.1Cor_02.mark.xml#sSpan1044" target="scriptorium.1Cor_02.mark.xml#sSpan1048"/>
		<rel id="sPointingRel115" xlink:href="scriptorium.1Cor_02.mark.xml#sSpan1469" target="scriptorium.1Cor_02.mark.xml#sSpan1461"/>
		<rel id="sPointingRel117" xlink:href="scriptorium.1Cor_02.mark.xml#sSpan249" target="scriptorium.1Cor_02.mark.xml#sSpan251"/>
		<rel id="sPointingRel119" xlink:href="scriptorium.1Cor_02.mark.xml#sSpan773" target="scriptorium.1Cor_02.mark.xml#sSpan778"/>
		<rel id="sPointingRel121" xlink:href="scriptorium.1Cor_02.mark.xml#sSpan967" target="scriptorium.1Cor_02.mark.xml#sSpan963"/>
		<rel id="sPointingRel123" xlink:href="scriptorium.1Cor_02.mark.xml#sSpan1640" target="scriptorium.1Cor_02.mark.xml#sSpan1651"/>
		<rel id="sPointingRel125" xlink:href="scriptorium.1Cor_02.mark.xml#sSpan661" target="scriptorium.1Cor_02.mark.xml#sSpan674"/>
		<rel id="sPointingRel127" xlink:href="scriptorium.1Cor_02.mark.xml#sSpan1771" target="scriptorium.1Cor_02.mark.xml#sSpan1788"/>
		<rel id="sPointingRel129" xlink:href="scriptorium.1Cor_02.mark.xml#sSpan1222" target="scriptorium.1Cor_02.mark.xml#sSpan1244"/>
		<rel id="sPointingRel131" xlink:href="scriptorium.1Cor_02.mark.xml#sSpan946" target="scriptorium.1Cor_02.mark.xml#sSpan956"/>
		<rel id="sPointingRel133" xlink:href="scriptorium.1Cor_02.mark.xml#sSpan98" target="scriptorium.1Cor_02.mark.xml#sSpan94"/>
		<rel id="sPointingRel135" xlink:href="scriptorium.1Cor_02.mark.xml#sSpan1524" target="scriptorium.1Cor_02.mark.xml#sSpan1520"/>
		<rel id="sPointingRel137" xlink:href="scriptorium.1Cor_02.mark.xml#sSpan1333" target="scriptorium.1Cor_02.mark.xml#sSpan1341"/>
		<rel id="sPointingRel139" xlink:href="scriptorium.1Cor_02.mark.xml#sSpan1078" target="scriptorium.1Cor_02.mark.xml#sSpan1106"/>
		<rel id="sPointingRel141" xlink:href="scriptorium.1Cor_02.mark.xml#sSpan863" target="scriptorium.1Cor_02.mark.xml#sSpan858"/>
		<rel id="sPointingRel143" xlink:href="scriptorium.1Cor_02.mark.xml#sSpan1078" target="scriptorium.1Cor_02.mark.xml#sSpan1100"/>
		<rel id="sPointingRel145" xlink:href="scriptorium.1Cor_02.mark.xml#sSpan1771" target="scriptorium.1Cor_02.mark.xml#sSpan1775"/>
		<rel id="sPointingRel147" xlink:href="scriptorium.1Cor_02.mark.xml#sSpan717" target="scriptorium.1Cor_02.mark.xml#sSpan819"/>
		<rel id="sPointingRel149" xlink:href="scriptorium.1Cor_02.mark.xml#sSpan60" target="scriptorium.1Cor_02.mark.xml#sSpan57"/>
		<rel id="sPointingRel151" xlink:href="scriptorium.1Cor_02.mark.xml#sSpan993" target="scriptorium.1Cor_02.mark.xml#sSpan1019"/>
		<rel id="sPointingRel153" xlink:href="scriptorium.1Cor_02.mark.xml#sSpan1680" target="scriptorium.1Cor_02.mark.xml#sSpan1663"/>
		<rel id="sPointingRel155" xlink:href="scriptorium.1Cor_02.mark.xml#sSpan1389" target="scriptorium.1Cor_02.mark.xml#sSpan1382"/>
		<rel id="sPointingRel157" xlink:href="scriptorium.1Cor_02.mark.xml#sSpan650" target="scriptorium.1Cor_02.mark.xml#sSpan661"/>
		<rel id="sPointingRel159" xlink:href="scriptorium.1Cor_02.mark.xml#sSpan149" target="scriptorium.1Cor_02.mark.xml#sSpan147"/>
		<rel id="sPointingRel161" xlink:href="scriptorium.1Cor_02.mark.xml#sSpan169" target="scriptorium.1Cor_02.mark.xml#sSpan177"/>
		<rel id="sPointingRel163" xlink:href="scriptorium.1Cor_02.mark.xml#sSpan1056" target="scriptorium.1Cor_02.mark.xml#sSpan1063"/>
		<rel id="sPointingRel165" xlink:href="scriptorium.1Cor_02.mark.xml#sSpan791" target="scriptorium.1Cor_02.mark.xml#sSpan797"/>
		<rel id="sPointingRel167" xlink:href="scriptorium.1Cor_02.mark.xml#sSpan625" target="scriptorium.1Cor_02.mark.xml#sSpan621"/>
		<rel id="sPointingRel169" xlink:href="scriptorium.1Cor_02.mark.xml#sSpan1036" target="scriptorium.1Cor_02.mark.xml#sSpan1044"/>
		<rel id="sPointingRel171" xlink:href="scriptorium.1Cor_02.mark.xml#sSpan1005" target="scriptorium.1Cor_02.mark.xml#sSpan1009"/>
		<rel id="sPointingRel173" xlink:href="scriptorium.1Cor_02.mark.xml#sSpan1285" target="scriptorium.1Cor_02.mark.xml#sSpan1300"/>
		<rel id="sPointingRel175" xlink:href="scriptorium.1Cor_02.mark.xml#sSpan871" target="scriptorium.1Cor_02.mark.xml#sSpan867"/>
		<rel id="sPointingRel177" xlink:href="scriptorium.1Cor_02.mark.xml#sSpan1258" target="scriptorium.1Cor_02.mark.xml#sSpan1285"/>
		<rel id="sPointingRel179" xlink:href="scriptorium.1Cor_02.mark.xml#sSpan325" target="scriptorium.1Cor_02.mark.xml#sSpan323"/>
		<rel id="sPointingRel181" xlink:href="scriptorium.1Cor_02.mark.xml#sSpan346" target="scriptorium.1Cor_02.mark.xml#sSpan353"/>
		<rel id="sPointingRel183" xlink:href="scriptorium.1Cor_02.mark.xml#sSpan1771" target="scriptorium.1Cor_02.mark.xml#sSpan1777"/>
		<rel id="sPointingRel185" xlink:href="scriptorium.1Cor_02.mark.xml#sSpan1486" target="scriptorium.1Cor_02.mark.xml#sSpan1475"/>
		<rel id="sPointingRel187" xlink:href="scriptorium.1Cor_02.mark.xml#sSpan741" target="scriptorium.1Cor_02.mark.xml#sSpan751"/>
		<rel id="sPointingRel189" xlink:href="scriptorium.1Cor_02.mark.xml#sSpan314" target="scriptorium.1Cor_02.mark.xml#sSpan306"/>
		<rel id="sPointingRel191" xlink:href="scriptorium.1Cor_02.mark.xml#sSpan1431" target="scriptorium.1Cor_02.mark.xml#sSpan1423"/>
		<rel id="sPointingRel193" xlink:href="scriptorium.1Cor_02.mark.xml#sSpan1131" target="scriptorium.1Cor_02.mark.xml#sSpan1121"/>
		<rel id="sPointingRel195" xlink:href="scriptorium.1Cor_02.mark.xml#sSpan1017" target="scriptorium.1Cor_02.mark.xml#sSpan1013"/>
		<rel id="sPointingRel197" xlink:href="scriptorium.1Cor_02.mark.xml#sSpan908" target="scriptorium.1Cor_02.mark.xml#sSpan902"/>
		<rel id="sPointingRel199" xlink:href="scriptorium.1Cor_02.mark.xml#sSpan466" target="scriptorium.1Cor_02.mark.xml#sSpan463"/>
		<rel id="sPointingRel201" xlink:href="scriptorium.1Cor_02.mark.xml#sSpan197" target="scriptorium.1Cor_02.mark.xml#sSpan194"/>
		<rel id="sPointingRel203" xlink:href="scriptorium.1Cor_02.mark.xml#sSpan230" target="scriptorium.1Cor_02.mark.xml#sSpan285"/>
		<rel id="sPointingRel205" xlink:href="scriptorium.1Cor_02.mark.xml#sSpan555" target="scriptorium.1Cor_02.mark.xml#sSpan564"/>
		<rel id="sPointingRel207" xlink:href="scriptorium.1Cor_02.mark.xml#sSpan1341" target="scriptorium.1Cor_02.mark.xml#sSpan1337"/>
		<rel id="sPointingRel209" xlink:href="scriptorium.1Cor_02.mark.xml#sSpan1545" target="scriptorium.1Cor_02.mark.xml#sSpan1571"/>
		<rel id="sPointingRel211" xlink:href="scriptorium.1Cor_02.mark.xml#sSpan773" target="scriptorium.1Cor_02.mark.xml#sSpan763"/>
		<rel id="sPointingRel213" xlink:href="scriptorium.1Cor_02.mark.xml#sSpan1749" target="scriptorium.1Cor_02.mark.xml#sSpan1752"/>
		<rel id="sPointingRel215" xlink:href="scriptorium.1Cor_02.mark.xml#sSpan1178" target="scriptorium.1Cor_02.mark.xml#sSpan1184"/>
		<rel id="sPointingRel217" xlink:href="scriptorium.1Cor_02.mark.xml#sSpan1694" target="scriptorium.1Cor_02.mark.xml#sSpan1708"/>
		<rel id="sPointingRel219" xlink:href="scriptorium.1Cor_02.mark.xml#sSpan753" target="scriptorium.1Cor_02.mark.xml#sSpan727"/>
		<rel id="sPointingRel221" xlink:href="scriptorium.1Cor_02.mark.xml#sSpan847" target="scriptorium.1Cor_02.mark.xml#sSpan843"/>
		<rel id="sPointingRel223" xlink:href="scriptorium.1Cor_02.mark.xml#sSpan1154" target="scriptorium.1Cor_02.mark.xml#sSpan1172"/>
		<rel id="sPointingRel225" xlink:href="scriptorium.1Cor_02.mark.xml#sSpan1333" target="scriptorium.1Cor_02.mark.xml#sSpan1325"/>
		<rel id="sPointingRel227" xlink:href="scriptorium.1Cor_02.mark.xml#sSpan1597" target="scriptorium.1Cor_02.mark.xml#sSpan1590"/>
		<rel id="sPointingRel229" xlink:href="scriptorium.1Cor_02.mark.xml#sSpan118" target="scriptorium.1Cor_02.mark.xml#sSpan115"/>
		<rel id="sPointingRel231" xlink:href="scriptorium.1Cor_02.mark.xml#sSpan808" target="scriptorium.1Cor_02.mark.xml#sSpan801"/>
		<rel id="sPointingRel233" xlink:href="scriptorium.1Cor_02.mark.xml#sSpan1207" target="scriptorium.1Cor_02.mark.xml#sSpan1199"/>
		<rel id="sPointingRel235" xlink:href="scriptorium.1Cor_02.mark.xml#sSpan1416" target="scriptorium.1Cor_02.mark.xml#sSpan1412"/>
		<rel id="sPointingRel237" xlink:href="scriptorium.1Cor_02.mark.xml#sSpan1320" target="scriptorium.1Cor_02.mark.xml#sSpan1316"/>
		<rel id="sPointingRel239" xlink:href="scriptorium.1Cor_02.mark.xml#sSpan1571" target="scriptorium.1Cor_02.mark.xml#sSpan1575"/>
		<rel id="sPointingRel241" xlink:href="scriptorium.1Cor_02.mark.xml#sSpan529" target="scriptorium.1Cor_02.mark.xml#sSpan527"/>
		<rel id="sPointingRel243" xlink:href="scriptorium.1Cor_02.mark.xml#sSpan51" target="scriptorium.1Cor_02.mark.xml#sSpan60"/>
		<rel id="sPointingRel245" xlink:href="scriptorium.1Cor_02.mark.xml#sSpan1651" target="scriptorium.1Cor_02.mark.xml#sSpan1655"/>
		<rel id="sPointingRel247" xlink:href="scriptorium.1Cor_02.mark.xml#sSpan1505" target="scriptorium.1Cor_02.mark.xml#sSpan1545"/>
		<rel id="sPointingRel249" xlink:href="scriptorium.1Cor_02.mark.xml#sSpan1300" target="scriptorium.1Cor_02.mark.xml#sSpan1287"/>
		<rel id="sPointingRel251" xlink:href="scriptorium.1Cor_02.mark.xml#sSpan1640" target="scriptorium.1Cor_02.mark.xml#sSpan1633"/>
		<rel id="sPointingRel253" xlink:href="scriptorium.1Cor_02.mark.xml#sSpan898" target="scriptorium.1Cor_02.mark.xml#sSpan908"/>
		<rel id="sPointingRel255" xlink:href="scriptorium.1Cor_02.mark.xml#sSpan466" target="scriptorium.1Cor_02.mark.xml#sSpan459"/>
		<rel id="sPointingRel257" xlink:href="scriptorium.1Cor_02.mark.xml#sSpan1640" target="scriptorium.1Cor_02.mark.xml#sSpan1626"/>
		<rel id="sPointingRel259" xlink:href="scriptorium.1Cor_02.mark.xml#sSpan155" target="scriptorium.1Cor_02.mark.xml#sSpan151"/>
		<rel id="sPointingRel261" xlink:href="scriptorium.1Cor_02.mark.xml#sSpan1216" target="scriptorium.1Cor_02.mark.xml#sSpan1209"/>
		<rel id="sPointingRel263" xlink:href="scriptorium.1Cor_02.mark.xml#sSpan384" target="scriptorium.1Cor_02.mark.xml#sSpan379"/>
		<rel id="sPointingRel265" xlink:href="scriptorium.1Cor_02.mark.xml#sSpan372" target="scriptorium.1Cor_02.mark.xml#sSpan384"/>
		<rel id="sPointingRel267" xlink:href="scriptorium.1Cor_02.mark.xml#sSpan1533" target="scriptorium.1Cor_02.mark.xml#sSpan1530"/>
		<rel id="sPointingRel269" xlink:href="scriptorium.1Cor_02.mark.xml#sSpan1036" target="scriptorium.1Cor_02.mark.xml#sSpan1029"/>
		<rel id="sPointingRel271" xlink:href="scriptorium.1Cor_02.mark.xml#sSpan1557" target="scriptorium.1Cor_02.mark.xml#sSpan1553"/>
		<rel id="sPointingRel273" xlink:href="scriptorium.1Cor_02.mark.xml#sSpan1078" target="scriptorium.1Cor_02.mark.xml#sSpan1090"/>
		<rel id="sPointingRel275" xlink:href="scriptorium.1Cor_02.mark.xml#sSpan1056" target="scriptorium.1Cor_02.mark.xml#sSpan1052"/>
		<rel id="sPointingRel277" xlink:href="scriptorium.1Cor_02.mark.xml#sSpan956" target="scriptorium.1Cor_02.mark.xml#sSpan961"/>
		<rel id="sPointingRel279" xlink:href="scriptorium.1Cor_02.mark.xml#sSpan339" target="scriptorium.1Cor_02.mark.xml#sSpan356"/>
		<rel id="sPointingRel281" xlink:href="scriptorium.1Cor_02.mark.xml#sSpan1469" target="scriptorium.1Cor_02.mark.xml#sSpan1465"/>
		<rel id="sPointingRel283" xlink:href="scriptorium.1Cor_02.mark.xml#sSpan555" target="scriptorium.1Cor_02.mark.xml#sSpan568"/>
		<rel id="sPointingRel285" xlink:href="scriptorium.1Cor_02.mark.xml#sSpan1694" target="scriptorium.1Cor_02.mark.xml#sSpan1718"/>
		<rel id="sPointingRel287" xlink:href="scriptorium.1Cor_02.mark.xml#sSpan1680" target="scriptorium.1Cor_02.mark.xml#sSpan1676"/>
		<rel id="sPointingRel289" xlink:href="scriptorium.1Cor_02.mark.xml#sSpan702" target="scriptorium.1Cor_02.mark.xml#sSpan698"/>
		<rel id="sPointingRel291" xlink:href="scriptorium.1Cor_02.mark.xml#sSpan516" target="scriptorium.1Cor_02.mark.xml#sSpan519"/>
		<rel id="sPointingRel293" xlink:href="scriptorium.1Cor_02.mark.xml#sSpan1063" target="scriptorium.1Cor_02.mark.xml#sSpan1061"/>
		<rel id="sPointingRel295" xlink:href="scriptorium.1Cor_02.mark.xml#sSpan1688" target="scriptorium.1Cor_02.mark.xml#sSpan1684"/>
		<rel id="sPointingRel297" xlink:href="scriptorium.1Cor_02.mark.xml#sSpan1258" target="scriptorium.1Cor_02.mark.xml#sSpan1270"/>
		<rel id="sPointingRel299" xlink:href="scriptorium.1Cor_02.mark.xml#sSpan1140" target="scriptorium.1Cor_02.mark.xml#sSpan1133"/>
		<rel id="sPointingRel301" xlink:href="scriptorium.1Cor_02.mark.xml#sSpan483" target="scriptorium.1Cor_02.mark.xml#sSpan594"/>
		<rel id="sPointingRel303" xlink:href="scriptorium.1Cor_02.mark.xml#sSpan436" target="scriptorium.1Cor_02.mark.xml#sSpan431"/>
		<rel id="sPointingRel305" xlink:href="scriptorium.1Cor_02.mark.xml#sSpan753" target="scriptorium.1Cor_02.mark.xml#sSpan733"/>
		<rel id="sPointingRel307" xlink:href="scriptorium.1Cor_02.mark.xml#sSpan580" target="scriptorium.1Cor_02.mark.xml#sSpan572"/>
		<rel id="sPointingRel309" xlink:href="scriptorium.1Cor_02.mark.xml#sSpan1571" target="scriptorium.1Cor_02.mark.xml#sSpan1582"/>
		<rel id="sPointingRel311" xlink:href="scriptorium.1Cor_02.mark.xml#sSpan561" target="scriptorium.1Cor_02.mark.xml#sSpan558"/>
		<rel id="sPointingRel313" xlink:href="scriptorium.1Cor_02.mark.xml#sSpan443" target="scriptorium.1Cor_02.mark.xml#sSpan439"/>
		<rel id="sPointingRel315" xlink:href="scriptorium.1Cor_02.mark.xml#sSpan1314" target="scriptorium.1Cor_02.mark.xml#sSpan1306"/>
		<rel id="sPointingRel317" xlink:href="scriptorium.1Cor_02.mark.xml#sSpan1333" target="scriptorium.1Cor_02.mark.xml#sSpan1347"/>
		<rel id="sPointingRel319" xlink:href="scriptorium.1Cor_02.mark.xml#sSpan1154" target="scriptorium.1Cor_02.mark.xml#sSpan1163"/>
		<rel id="sPointingRel321" xlink:href="scriptorium.1Cor_02.mark.xml#sSpan457" target="scriptorium.1Cor_02.mark.xml#sSpan466"/>
		<rel id="sPointingRel323" xlink:href="scriptorium.1Cor_02.mark.xml#sSpan1374" target="scriptorium.1Cor_02.mark.xml#sSpan1389"/>
		<rel id="sPointingRel325" xlink:href="scriptorium.1Cor_02.mark.xml#sSpan841" target="scriptorium.1Cor_02.mark.xml#sSpan839"/>
		<rel id="sPointingRel327" xlink:href="scriptorium.1Cor_02.mark.xml#sSpan555" target="scriptorium.1Cor_02.mark.xml#sSpan561"/>
		<rel id="sPointingRel329" xlink:href="scriptorium.1Cor_02.mark.xml#sSpan92" target="scriptorium.1Cor_02.mark.xml#sSpan98"/>
		<rel id="sPointingRel331" xlink:href="scriptorium.1Cor_02.mark.xml#sSpan1207" target="scriptorium.1Cor_02.mark.xml#sSpan1203"/>
		<rel id="sPointingRel333" xlink:href="scriptorium.1Cor_02.mark.xml#sSpan1078" target="scriptorium.1Cor_02.mark.xml#sSpan1098"/>
		<rel id="sPointingRel335" xlink:href="scriptorium.1Cor_02.mark.xml#sSpan1747" target="scriptorium.1Cor_02.mark.xml#sSpan1749"/>
		<rel id="sPointingRel337" xlink:href="scriptorium.1Cor_02.mark.xml#sSpan1216" target="scriptorium.1Cor_02.mark.xml#sSpan1213"/>
		<rel id="sPointingRel339" xlink:href="scriptorium.1Cor_02.mark.xml#sSpan1694" target="scriptorium.1Cor_02.mark.xml#sSpan1736"/>
		<rel id="sPointingRel341" xlink:href="scriptorium.1Cor_02.mark.xml#sSpan956" target="scriptorium.1Cor_02.mark.xml#sSpan952"/>
		<rel id="sPointingRel343" xlink:href="scriptorium.1Cor_02.mark.xml#sSpan346" target="scriptorium.1Cor_02.mark.xml#sSpan341"/>
		<rel id="sPointingRel345" xlink:href="scriptorium.1Cor_02.mark.xml#sSpan1285" target="scriptorium.1Cor_02.mark.xml#sSpan1275"/>
		<rel id="sPointingRel347" xlink:href="scriptorium.1Cor_02.mark.xml#sSpan1112" target="scriptorium.1Cor_02.mark.xml#sSpan1118"/>
		<rel id="sPointingRel349" xlink:href="scriptorium.1Cor_02.mark.xml#sSpan791" target="scriptorium.1Cor_02.mark.xml#sSpan786"/>
		<rel id="sPointingRel351" xlink:href="scriptorium.1Cor_02.mark.xml#sSpan483" target="scriptorium.1Cor_02.mark.xml#sSpan481"/>
		<rel id="sPointingRel353" xlink:href="scriptorium.1Cor_02.mark.xml#sSpan1640" target="scriptorium.1Cor_02.mark.xml#sSpan1690"/>
		<rel id="sPointingRel355" xlink:href="scriptorium.1Cor_02.mark.xml#sSpan325" target="scriptorium.1Cor_02.mark.xml#sSpan394"/>
		<rel id="sPointingRel357" xlink:href="scriptorium.1Cor_02.mark.xml#sSpan1314" target="scriptorium.1Cor_02.mark.xml#sSpan1320"/>
		<rel id="sPointingRel359" xlink:href="scriptorium.1Cor_02.mark.xml#sSpan1154" target="scriptorium.1Cor_02.mark.xml#sSpan1159"/>
		<rel id="sPointingRel361" xlink:href="scriptorium.1Cor_02.mark.xml#sSpan993" target="scriptorium.1Cor_02.mark.xml#sSpan986"/>
		<rel id="sPointingRel363" xlink:href="scriptorium.1Cor_02.mark.xml#sSpan711" target="scriptorium.1Cor_02.mark.xml#sSpan708"/>
		<rel id="sPointingRel365" xlink:href="scriptorium.1Cor_02.mark.xml#sSpan1725" target="scriptorium.1Cor_02.mark.xml#sSpan1720"/>
		<rel id="sPointingRel367" xlink:href="scriptorium.1Cor_02.mark.xml#sSpan644" target="scriptorium.1Cor_02.mark.xml#sSpan636"/>
		<rel id="sPointingRel369" xlink:href="scriptorium.1Cor_02.mark.xml#sSpan1545" target="scriptorium.1Cor_02.mark.xml#sSpan1559"/>
		<rel id="sPointingRel371" xlink:href="scriptorium.1Cor_02.mark.xml#sSpan853" target="scriptorium.1Cor_02.mark.xml#sSpan931"/>
		<rel id="sPointingRel373" xlink:href="scriptorium.1Cor_02.mark.xml#sSpan1718" target="scriptorium.1Cor_02.mark.xml#sSpan1725"/>
		<rel id="sPointingRel375" xlink:href="scriptorium.1Cor_02.mark.xml#sSpan1788" target="scriptorium.1Cor_02.mark.xml#sSpan1781"/>
		<rel id="sPointingRel377" xlink:href="scriptorium.1Cor_02.mark.xml#sSpan1505" target="scriptorium.1Cor_02.mark.xml#sSpan1610"/>
		<rel id="sPointingRel379" xlink:href="scriptorium.1Cor_02.mark.xml#sSpan1511" target="scriptorium.1Cor_02.mark.xml#sSpan1507"/>
		<rel id="sPointingRel381" xlink:href="scriptorium.1Cor_02.mark.xml#sSpan888" target="scriptorium.1Cor_02.mark.xml#sSpan881"/>
		<rel id="sPointingRel383" xlink:href="scriptorium.1Cor_02.mark.xml#sSpan841" target="scriptorium.1Cor_02.mark.xml#sSpan835"/>
		<rel id="sPointingRel385" xlink:href="scriptorium.1Cor_02.mark.xml#sSpan51" target="scriptorium.1Cor_02.mark.xml#sSpan28"/>
		<rel id="sPointingRel387" xlink:href="scriptorium.1Cor_02.mark.xml#sSpan1131" target="scriptorium.1Cor_02.mark.xml#sSpan1148"/>
		<rel id="sPointingRel389" xlink:href="scriptorium.1Cor_02.mark.xml#sSpan230" target="scriptorium.1Cor_02.mark.xml#sSpan228"/>
		<rel id="sPointingRel391" xlink:href="scriptorium.1Cor_02.mark.xml#sSpan1545" target="scriptorium.1Cor_02.mark.xml#sSpan1563"/>
		<rel id="sPointingRel393" xlink:href="scriptorium.1Cor_02.mark.xml#sSpan516" target="scriptorium.1Cor_02.mark.xml#sSpan529"/>
		<rel id="sPointingRel395" xlink:href="scriptorium.1Cor_02.mark.xml#sSpan1003" target="scriptorium.1Cor_02.mark.xml#sSpan999"/>
		<rel id="sPointingRel397" xlink:href="scriptorium.1Cor_02.mark.xml#sSpan1148" target="scriptorium.1Cor_02.mark.xml#sSpan1142"/>
		<rel id="sPointingRel399" xlink:href="scriptorium.1Cor_02.mark.xml#sSpan961" target="scriptorium.1Cor_02.mark.xml#sSpan959"/>
		<rel id="sPointingRel401" xlink:href="scriptorium.1Cor_02.mark.xml#sSpan1680" target="scriptorium.1Cor_02.mark.xml#sSpan1668"/>
		<rel id="sPointingRel403" xlink:href="scriptorium.1Cor_02.mark.xml#sSpan1597" target="scriptorium.1Cor_02.mark.xml#sSpan1594"/>
		<rel id="sPointingRel405" xlink:href="scriptorium.1Cor_02.mark.xml#sSpan1486" target="scriptorium.1Cor_02.mark.xml#sSpan1497"/>
		<rel id="sPointingRel407" xlink:href="scriptorium.1Cor_02.mark.xml#sSpan1626" target="scriptorium.1Cor_02.mark.xml#sSpan1614"/>
		<rel id="sPointingRel409" xlink:href="scriptorium.1Cor_02.mark.xml#sSpan325" target="scriptorium.1Cor_02.mark.xml#sSpan339"/>
		<rel id="sPointingRel411" xlink:href="scriptorium.1Cor_02.mark.xml#sSpan1718" target="scriptorium.1Cor_02.mark.xml#sSpan1716"/>
		<rel id="sPointingRel413" xlink:href="scriptorium.1Cor_02.mark.xml#sSpan1505" target="scriptorium.1Cor_02.mark.xml#sSpan1503"/>
		<rel id="sPointingRel415" xlink:href="scriptorium.1Cor_02.mark.xml#sSpan1431" target="scriptorium.1Cor_02.mark.xml#sSpan1419"/>
		<rel id="sPointingRel417" xlink:href="scriptorium.1Cor_02.mark.xml#sSpan1380" target="scriptorium.1Cor_02.mark.xml#sSpan1376"/>
		<rel id="sPointingRel419" xlink:href="scriptorium.1Cor_02.mark.xml#sSpan162" target="scriptorium.1Cor_02.mark.xml#sSpan158"/>
		<rel id="sPointingRel421" xlink:href="scriptorium.1Cor_02.mark.xml#sSpan249" target="scriptorium.1Cor_02.mark.xml#sSpan262"/>
		<rel id="sPointingRel423" xlink:href="scriptorium.1Cor_02.mark.xml#sSpan92" target="scriptorium.1Cor_02.mark.xml#sSpan90"/>
		<rel id="sPointingRel425" xlink:href="scriptorium.1Cor_02.mark.xml#sSpan561" target="scriptorium.1Cor_02.mark.xml#sSpan582"/>
		<rel id="sPointingRel427" xlink:href="scriptorium.1Cor_02.mark.xml#sSpan249" target="scriptorium.1Cor_02.mark.xml#sSpan264"/>
		<rel id="sPointingRel429" xlink:href="scriptorium.1Cor_02.mark.xml#sSpan1449" target="scriptorium.1Cor_02.mark.xml#sSpan1442"/>
		<rel id="sPointingRel431" xlink:href="scriptorium.1Cor_02.mark.xml#sSpan1285" target="scriptorium.1Cor_02.mark.xml#sSpan1279"/>
		<rel id="sPointingRel433" xlink:href="scriptorium.1Cor_02.mark.xml#sSpan1588" target="scriptorium.1Cor_02.mark.xml#sSpan1597"/>
		<rel id="sPointingRel435" xlink:href="scriptorium.1Cor_02.mark.xml#sSpan1131" target="scriptorium.1Cor_02.mark.xml#sSpan1140"/>
		<rel id="sPointingRel437" xlink:href="scriptorium.1Cor_02.mark.xml#sSpan1333" target="scriptorium.1Cor_02.mark.xml#sSpan1330"/>
		<rel id="sPointingRel439" xlink:href="scriptorium.1Cor_02.mark.xml#sSpan555" target="scriptorium.1Cor_02.mark.xml#sSpan547"/>
		<rel id="sPointingRel441" xlink:href="scriptorium.1Cor_02.mark.xml#sSpan993" target="scriptorium.1Cor_02.mark.xml#sSpan1017"/>
		<rel id="sPointingRel443" xlink:href="scriptorium.1Cor_02.mark.xml#sSpan773" target="scriptorium.1Cor_02.mark.xml#sSpan775"/>
		<rel id="sPointingRel445" xlink:href="scriptorium.1Cor_02.mark.xml#sSpan1640" target="scriptorium.1Cor_02.mark.xml#sSpan1680"/>
		<rel id="sPointingRel447" xlink:href="scriptorium.1Cor_02.mark.xml#sSpan417" target="scriptorium.1Cor_02.mark.xml#sSpan415"/>
		<rel id="sPointingRel449" xlink:href="scriptorium.1Cor_02.mark.xml#sSpan791" target="scriptorium.1Cor_02.mark.xml#sSpan773"/>
		<rel id="sPointingRel451" xlink:href="scriptorium.1Cor_02.mark.xml#sSpan429" target="scriptorium.1Cor_02.mark.xml#sSpan457"/>
		<rel id="sPointingRel453" xlink:href="scriptorium.1Cor_02.mark.xml#sSpan108" target="scriptorium.1Cor_02.mark.xml#sSpan100"/>
		<rel id="sPointingRel455" xlink:href="scriptorium.1Cor_02.mark.xml#sSpan203" target="scriptorium.1Cor_02.mark.xml#sSpan199"/>
		<rel id="sPointingRel457" xlink:href="scriptorium.1Cor_02.mark.xml#sSpan1036" target="scriptorium.1Cor_02.mark.xml#sSpan1032"/>
		<rel id="sPointingRel459" xlink:href="scriptorium.1Cor_02.mark.xml#sSpan692" target="scriptorium.1Cor_02.mark.xml#sSpan680"/>
		<rel id="sPointingRel461" xlink:href="scriptorium.1Cor_02.mark.xml#sSpan28" target="scriptorium.1Cor_02.mark.xml#sSpan14"/>
		<rel id="sPointingRel463" xlink:href="scriptorium.1Cor_02.mark.xml#sSpan1798" target="scriptorium.1Cor_02.mark.xml#sSpan1790"/>
		<rel id="sPointingRel465" xlink:href="scriptorium.1Cor_02.mark.xml#sSpan1747" target="scriptorium.1Cor_02.mark.xml#sSpan1754"/>
		<rel id="sPointingRel467" xlink:href="scriptorium.1Cor_02.mark.xml#sSpan1505" target="scriptorium.1Cor_02.mark.xml#sSpan1499"/>
		<rel id="sPointingRel469" xlink:href="scriptorium.1Cor_02.mark.xml#sSpan339" target="scriptorium.1Cor_02.mark.xml#sSpan346"/>
		<rel id="sPointingRel471" xlink:href="scriptorium.1Cor_02.mark.xml#sSpan944" target="scriptorium.1Cor_02.mark.xml#sSpan941"/>
		<rel id="sPointingRel473" xlink:href="scriptorium.1Cor_02.mark.xml#sSpan1314" target="scriptorium.1Cor_02.mark.xml#sSpan1310"/>
		<rel id="sPointingRel475" xlink:href="scriptorium.1Cor_02.mark.xml#sSpan529" target="scriptorium.1Cor_02.mark.xml#sSpan542"/>
		<rel id="sPointingRel477" xlink:href="scriptorium.1Cor_02.mark.xml#sSpan281" target="scriptorium.1Cor_02.mark.xml#sSpan283"/>
		<rel id="sPointingRel479" xlink:href="scriptorium.1Cor_02.mark.xml#sSpan808" target="scriptorium.1Cor_02.mark.xml#sSpan805"/>
		<rel id="sPointingRel481" xlink:href="scriptorium.1Cor_02.mark.xml#sSpan1680" target="scriptorium.1Cor_02.mark.xml#sSpan1672"/>
		<rel id="sPointingRel483" xlink:href="scriptorium.1Cor_02.mark.xml#sSpan853" target="scriptorium.1Cor_02.mark.xml#sSpan894"/>
		<rel id="sPointingRel485" xlink:href="scriptorium.1Cor_02.mark.xml#sSpan281" target="scriptorium.1Cor_02.mark.xml#sSpan277"/>
		<rel id="sPointingRel487" xlink:href="scriptorium.1Cor_02.mark.xml#sSpan1640" target="scriptorium.1Cor_02.mark.xml#sSpan1637"/>
		<rel id="sPointingRel489" xlink:href="scriptorium.1Cor_02.mark.xml#sSpan1409" target="scriptorium.1Cor_02.mark.xml#sSpan1416"/>
		<rel id="sPointingRel491" xlink:href="scriptorium.1Cor_02.mark.xml#sSpan1172" target="scriptorium.1Cor_02.mark.xml#sSpan1178"/>
		<rel id="sPointingRel493" xlink:href="scriptorium.1Cor_02.mark.xml#sSpan1374" target="scriptorium.1Cor_02.mark.xml#sSpan1370"/>
		<rel id="sPointingRel495" xlink:href="scriptorium.1Cor_02.mark.xml#sSpan83" target="scriptorium.1Cor_02.mark.xml#sSpan74"/>
		<rel id="sPointingRel497" xlink:href="scriptorium.1Cor_02.mark.xml#sSpan1098" target="scriptorium.1Cor_02.mark.xml#sSpan1094"/>
		<rel id="sPointingRel499" xlink:href="scriptorium.1Cor_02.mark.xml#sSpan1505" target="scriptorium.1Cor_02.mark.xml#sSpan1517"/>
		<rel id="sPointingRel501" xlink:href="scriptorium.1Cor_02.mark.xml#sSpan1439" target="scriptorium.1Cor_02.mark.xml#sSpan1434"/>
		<rel id="sPointingRel503" xlink:href="scriptorium.1Cor_02.mark.xml#sSpan1078" target="scriptorium.1Cor_02.mark.xml#sSpan1150"/>
		<rel id="sPointingRel505" xlink:href="scriptorium.1Cor_02.mark.xml#sSpan1374" target="scriptorium.1Cor_02.mark.xml#sSpan1380"/>
		<rel id="sPointingRel507" xlink:href="scriptorium.1Cor_02.mark.xml#sSpan946" target="scriptorium.1Cor_02.mark.xml#sSpan935"/>
		<rel id="sPointingRel509" xlink:href="scriptorium.1Cor_02.mark.xml#sSpan711" target="scriptorium.1Cor_02.mark.xml#sSpan704"/>
		<rel id="sPointingRel511" xlink:href="scriptorium.1Cor_02.mark.xml#sSpan1268" target="scriptorium.1Cor_02.mark.xml#sSpan1264"/>
		<rel id="sPointingRel513" xlink:href="scriptorium.1Cor_02.mark.xml#sSpan993" target="scriptorium.1Cor_02.mark.xml#sSpan989"/>
		<rel id="sPointingRel515" xlink:href="scriptorium.1Cor_02.mark.xml#sSpan692" target="scriptorium.1Cor_02.mark.xml#sSpan689"/>
		<rel id="sPointingRel517" xlink:href="scriptorium.1Cor_02.mark.xml#sSpan372" target="scriptorium.1Cor_02.mark.xml#sSpan365"/>
		<rel id="sPointingRel519" xlink:href="scriptorium.1Cor_02.mark.xml#sSpan384" target="scriptorium.1Cor_02.mark.xml#sSpan391"/>
		<rel id="sPointingRel521" xlink:href="scriptorium.1Cor_02.mark.xml#sSpan908" target="scriptorium.1Cor_02.mark.xml#sSpan906"/>
		<rel id="sPointingRel523" xlink:href="scriptorium.1Cor_02.mark.xml#sSpan1431" target="scriptorium.1Cor_02.mark.xml#sSpan1427"/>
		<rel id="sPointingRel525" xlink:href="scriptorium.1Cor_02.mark.xml#sSpan498" target="scriptorium.1Cor_02.mark.xml#sSpan490"/>
		<rel id="sPointingRel527" xlink:href="scriptorium.1Cor_02.mark.xml#sSpan863" target="scriptorium.1Cor_02.mark.xml#sSpan871"/>
		<rel id="sPointingRel529" xlink:href="scriptorium.1Cor_02.mark.xml#sSpan1736" target="scriptorium.1Cor_02.mark.xml#sSpan1758"/>
		<rel id="sPointingRel531" xlink:href="scriptorium.1Cor_02.mark.xml#sSpan625" target="scriptorium.1Cor_02.mark.xml#sSpan617"/>
		<rel id="sPointingRel533" xlink:href="scriptorium.1Cor_02.mark.xml#sSpan863" target="scriptorium.1Cor_02.mark.xml#sSpan856"/>
		<rel id="sPointingRel535" xlink:href="scriptorium.1Cor_02.mark.xml#sSpan592" target="scriptorium.1Cor_02.mark.xml#sSpan586"/>
		<rel id="sPointingRel537" xlink:href="scriptorium.1Cor_02.mark.xml#sSpan1788" target="scriptorium.1Cor_02.mark.xml#sSpan1798"/>
		<rel id="sPointingRel539" xlink:href="scriptorium.1Cor_02.mark.xml#sSpan674" target="scriptorium.1Cor_02.mark.xml#sSpan665"/>
		<rel id="sPointingRel541" xlink:href="scriptorium.1Cor_02.mark.xml#sSpan483" target="scriptorium.1Cor_02.mark.xml#sSpan498"/>
		<rel id="sPointingRel543" xlink:href="scriptorium.1Cor_02.mark.xml#sSpan753" target="scriptorium.1Cor_02.mark.xml#sSpan791"/>
		<rel id="sPointingRel545" xlink:href="scriptorium.1Cor_02.mark.xml#sSpan230" target="scriptorium.1Cor_02.mark.xml#sSpan218"/>
		<rel id="sPointingRel547" xlink:href="scriptorium.1Cor_02.mark.xml#sSpan529" target="scriptorium.1Cor_02.mark.xml#sSpan555"/>
		<rel id="sPointingRel549" xlink:href="scriptorium.1Cor_02.mark.xml#sSpan51" target="scriptorium.1Cor_02.mark.xml#sSpan62"/>
		<rel id="sPointingRel551" xlink:href="scriptorium.1Cor_02.mark.xml#sSpan1571" target="scriptorium.1Cor_02.mark.xml#sSpan1588"/>
		<rel id="sPointingRel553" xlink:href="scriptorium.1Cor_02.mark.xml#sSpan863" target="scriptorium.1Cor_02.mark.xml#sSpan860"/>
		<rel id="sPointingRel555" xlink:href="scriptorium.1Cor_02.mark.xml#sSpan1747" target="scriptorium.1Cor_02.mark.xml#sSpan1741"/>
		<rel id="sPointingRel557" xlink:href="scriptorium.1Cor_02.mark.xml#sSpan1389" target="scriptorium.1Cor_02.mark.xml#sSpan1391"/>
		<rel id="sPointingRel559" xlink:href="scriptorium.1Cor_02.mark.xml#sSpan773" target="scriptorium.1Cor_02.mark.xml#sSpan769"/>
		<rel id="sPointingRel561" xlink:href="scriptorium.1Cor_02.mark.xml#sSpan817" target="scriptorium.1Cor_02.mark.xml#sSpan810"/>
		<rel id="sPointingRel563" xlink:href="scriptorium.1Cor_02.mark.xml#sSpan508" target="scriptorium.1Cor_02.mark.xml#sSpan500"/>
		<rel id="sPointingRel565" xlink:href="scriptorium.1Cor_02.mark.xml#sSpan529" target="scriptorium.1Cor_02.mark.xml#sSpan523"/>
		<rel id="sPointingRel567" xlink:href="scriptorium.1Cor_02.mark.xml#sSpan51" target="scriptorium.1Cor_02.mark.xml#sSpan49"/>
		<rel id="sPointingRel569" xlink:href="scriptorium.1Cor_02.mark.xml#sSpan841" target="scriptorium.1Cor_02.mark.xml#sSpan847"/>
		<rel id="sPointingRel571" xlink:href="scriptorium.1Cor_02.mark.xml#sSpan1244" target="scriptorium.1Cor_02.mark.xml#sSpan1240"/>
		<rel id="sPointingRel573" xlink:href="scriptorium.1Cor_02.mark.xml#sSpan1106" target="scriptorium.1Cor_02.mark.xml#sSpan1112"/>
		<rel id="sPointingRel575" xlink:href="scriptorium.1Cor_02.mark.xml#sSpan136" target="scriptorium.1Cor_02.mark.xml#sSpan139"/>
		<rel id="sPointingRel577" xlink:href="scriptorium.1Cor_02.mark.xml#sSpan169" target="scriptorium.1Cor_02.mark.xml#sSpan183"/>
		<rel id="sPointingRel579" xlink:href="scriptorium.1Cor_02.mark.xml#sSpan1734" target="scriptorium.1Cor_02.mark.xml#sSpan1731"/>
		<rel id="sPointingRel581" xlink:href="scriptorium.1Cor_02.mark.xml#sSpan51" target="scriptorium.1Cor_02.mark.xml#sSpan120"/>
		<rel id="sPointingRel583" xlink:href="scriptorium.1Cor_02.mark.xml#sSpan1798" target="scriptorium.1Cor_02.mark.xml#sSpan1794"/>
		<rel id="sPointingRel585" xlink:href="scriptorium.1Cor_02.mark.xml#sSpan1320" target="scriptorium.1Cor_02.mark.xml#sSpan1333"/>
		<rel id="sPointingRel587" xlink:href="scriptorium.1Cor_02.mark.xml#sSpan908" target="scriptorium.1Cor_02.mark.xml#sSpan904"/>
		<rel id="sPointingRel589" xlink:href="scriptorium.1Cor_02.mark.xml#sSpan1244" target="scriptorium.1Cor_02.mark.xml#sSpan1302"/>
		<rel id="sPointingRel591" xlink:href="scriptorium.1Cor_02.mark.xml#sSpan625" target="scriptorium.1Cor_02.mark.xml#sSpan634"/>
		<rel id="sPointingRel593" xlink:href="scriptorium.1Cor_02.mark.xml#sSpan634" target="scriptorium.1Cor_02.mark.xml#sSpan631"/>
		<rel id="sPointingRel595" xlink:href="scriptorium.1Cor_02.mark.xml#sSpan415" target="scriptorium.1Cor_02.mark.xml#sSpan411"/>
		<rel id="sPointingRel597" xlink:href="scriptorium.1Cor_02.mark.xml#sSpan372" target="scriptorium.1Cor_02.mark.xml#sSpan361"/>
		<rel id="sPointingRel599" xlink:href="scriptorium.1Cor_02.mark.xml#sSpan1524" target="scriptorium.1Cor_02.mark.xml#sSpan1533"/>
		<rel id="sPointingRel601" xlink:href="scriptorium.1Cor_02.mark.xml#sSpan1078" target="scriptorium.1Cor_02.mark.xml#sSpan1218"/>
		<rel id="sPointingRel603" xlink:href="scriptorium.1Cor_02.mark.xml#sSpan529" target="scriptorium.1Cor_02.mark.xml#sSpan538"/>
		<rel id="sPointingRel605" xlink:href="scriptorium.1Cor_02.mark.xml#sSpan149" target="scriptorium.1Cor_02.mark.xml#sSpan143"/>
		<rel id="sPointingRel607" xlink:href="scriptorium.1Cor_02.mark.xml#sSpan1106" target="scriptorium.1Cor_02.mark.xml#sSpan1104"/>
		<rel id="sPointingRel609" xlink:href="scriptorium.1Cor_02.mark.xml#sSpan1300" target="scriptorium.1Cor_02.mark.xml#sSpan1297"/>
		<rel id="sPointingRel611" xlink:href="scriptorium.1Cor_02.mark.xml#sSpan28" target="scriptorium.1Cor_02.mark.xml#sSpan26"/>
		<rel id="sPointingRel613" xlink:href="scriptorium.1Cor_02.mark.xml#sSpan1374" target="scriptorium.1Cor_02.mark.xml#sSpan1372"/>
		<rel id="sPointingRel615" xlink:href="scriptorium.1Cor_02.mark.xml#sSpan674" target="scriptorium.1Cor_02.mark.xml#sSpan711"/>
		<rel id="sPointingRel617" xlink:href="scriptorium.1Cor_02.mark.xml#sSpan1517" target="scriptorium.1Cor_02.mark.xml#sSpan1513"/>
		<rel id="sPointingRel619" xlink:href="scriptorium.1Cor_02.mark.xml#sSpan1017" target="scriptorium.1Cor_02.mark.xml#sSpan1005"/>
		<rel id="sPointingRel621" xlink:href="scriptorium.1Cor_02.mark.xml#sSpan753" target="scriptorium.1Cor_02.mark.xml#sSpan731"/>
		<rel id="sPointingRel623" xlink:href="scriptorium.1Cor_02.mark.xml#sSpan650" target="scriptorium.1Cor_02.mark.xml#sSpan659"/>
		<rel id="sPointingRel625" xlink:href="scriptorium.1Cor_02.mark.xml#sSpan808" target="scriptorium.1Cor_02.mark.xml#sSpan817"/>
		<rel id="sPointingRel627" xlink:href="scriptorium.1Cor_02.mark.xml#sSpan751" target="scriptorium.1Cor_02.mark.xml#sSpan743"/>
		<rel id="sPointingRel629" xlink:href="scriptorium.1Cor_02.mark.xml#sSpan1184" target="scriptorium.1Cor_02.mark.xml#sSpan1181"/>
		<rel id="sPointingRel631" xlink:href="scriptorium.1Cor_02.mark.xml#sSpan888" target="scriptorium.1Cor_02.mark.xml#sSpan883"/>
		<rel id="sPointingRel633" xlink:href="scriptorium.1Cor_02.mark.xml#sSpan136" target="scriptorium.1Cor_02.mark.xml#sSpan149"/>
		<rel id="sPointingRel635" xlink:href="scriptorium.1Cor_02.mark.xml#sSpan1389" target="scriptorium.1Cor_02.mark.xml#sSpan1386"/>
		<rel id="sPointingRel637" xlink:href="scriptorium.1Cor_02.mark.xml#sSpan1680" target="scriptorium.1Cor_02.mark.xml#sSpan1688"/>
		<rel id="sPointingRel639" xlink:href="scriptorium.1Cor_02.mark.xml#sSpan1131" target="scriptorium.1Cor_02.mark.xml#sSpan1125"/>
		<rel id="sPointingRel641" xlink:href="scriptorium.1Cor_02.mark.xml#sSpan1459" target="scriptorium.1Cor_02.mark.xml#sSpan1451"/>
		<rel id="sPointingRel643" xlink:href="scriptorium.1Cor_02.mark.xml#sSpan1193" target="scriptorium.1Cor_02.mark.xml#sSpan1207"/>
		<rel id="sPointingRel645" xlink:href="scriptorium.1Cor_02.mark.xml#sSpan1389" target="scriptorium.1Cor_02.mark.xml#sSpan1400"/>
		<rel id="sPointingRel647" xlink:href="scriptorium.1Cor_02.mark.xml#sSpan1193" target="scriptorium.1Cor_02.mark.xml#sSpan1197"/>
		<rel id="sPointingRel649" xlink:href="scriptorium.1Cor_02.mark.xml#sSpan615" target="scriptorium.1Cor_02.mark.xml#sSpan713"/>
		<rel id="sPointingRel651" xlink:href="scriptorium.1Cor_02.mark.xml#sSpan841" target="scriptorium.1Cor_02.mark.xml#sSpan969"/>
		<rel id="sPointingRel653" xlink:href="scriptorium.1Cor_02.mark.xml#sSpan1400" target="scriptorium.1Cor_02.mark.xml#sSpan1409"/>
		<rel id="sPointingRel655" xlink:href="scriptorium.1Cor_02.mark.xml#sSpan417" target="scriptorium.1Cor_02.mark.xml#sSpan407"/>
		<rel id="sPointingRel657" xlink:href="scriptorium.1Cor_02.mark.xml#sSpan791" target="scriptorium.1Cor_02.mark.xml#sSpan788"/>
		<rel id="sPointingRel659" xlink:href="scriptorium.1Cor_02.mark.xml#sSpan51" target="scriptorium.1Cor_02.mark.xml#sSpan43"/>
		<rel id="sPointingRel661" xlink:href="scriptorium.1Cor_02.mark.xml#sSpan615" target="scriptorium.1Cor_02.mark.xml#sSpan646"/>
		<rel id="sPointingRel663" xlink:href="scriptorium.1Cor_02.mark.xml#sSpan1244" target="scriptorium.1Cor_02.mark.xml#sSpan1236"/>
		<rel id="sPointingRel665" xlink:href="scriptorium.1Cor_02.mark.xml#sSpan1207" target="scriptorium.1Cor_02.mark.xml#sSpan1216"/>
		<rel id="sPointingRel667" xlink:href="scriptorium.1Cor_02.mark.xml#sSpan1400" target="scriptorium.1Cor_02.mark.xml#sSpan1395"/>
		<rel id="sPointingRel669" xlink:href="scriptorium.1Cor_02.mark.xml#sSpan51" target="scriptorium.1Cor_02.mark.xml#sSpan92"/>
		<rel id="sPointingRel671" xlink:href="scriptorium.1Cor_02.mark.xml#sSpan28" target="scriptorium.1Cor_02.mark.xml#sSpan18"/>
		<rel id="sPointingRel673" xlink:href="scriptorium.1Cor_02.mark.xml#sSpan1347" target="scriptorium.1Cor_02.mark.xml#sSpan1343"/>
		<rel id="sPointingRel675" xlink:href="scriptorium.1Cor_02.mark.xml#sSpan136" target="scriptorium.1Cor_02.mark.xml#sSpan205"/>
		<rel id="sPointingRel677" xlink:href="scriptorium.1Cor_02.mark.xml#sSpan1651" target="scriptorium.1Cor_02.mark.xml#sSpan1647"/>
		<rel id="sPointingRel679" xlink:href="scriptorium.1Cor_02.mark.xml#sSpan853" target="scriptorium.1Cor_02.mark.xml#sSpan863"/>
		<rel id="sPointingRel681" xlink:href="scriptorium.1Cor_02.mark.xml#sSpan1300" target="scriptorium.1Cor_02.mark.xml#sSpan1291"/>
		<rel id="sPointingRel683" xlink:href="scriptorium.1Cor_02.mark.xml#sSpan986" target="scriptorium.1Cor_02.mark.xml#sSpan983"/>
		<rel id="sPointingRel685" xlink:href="scriptorium.1Cor_02.mark.xml#sSpan236" target="scriptorium.1Cor_02.mark.xml#sSpan232"/>
		<rel id="sPointingRel687" xlink:href="scriptorium.1Cor_02.mark.xml#sSpan304" target="scriptorium.1Cor_02.mark.xml#sSpan314"/>
		<rel id="sPointingRel689" xlink:href="scriptorium.1Cor_02.mark.xml#sSpan615" target="scriptorium.1Cor_02.mark.xml#sSpan625"/>
		<rel id="sPointingRel691" xlink:href="scriptorium.1Cor_02.mark.xml#sSpan1694" target="scriptorium.1Cor_02.mark.xml#sSpan1800"/>
		<rel id="sPointingRel693" xlink:href="scriptorium.1Cor_02.mark.xml#sSpan717" target="scriptorium.1Cor_02.mark.xml#sSpan753"/>
		<rel id="sPointingRel695" xlink:href="scriptorium.1Cor_02.mark.xml#sSpan615" target="scriptorium.1Cor_02.mark.xml#sSpan599"/>
		<rel id="sPointingRel697" xlink:href="scriptorium.1Cor_02.mark.xml#sSpan946" target="scriptorium.1Cor_02.mark.xml#sSpan950"/>
		<rel id="sPointingRel699" xlink:href="scriptorium.1Cor_02.mark.xml#sSpan529" target="scriptorium.1Cor_02.mark.xml#sSpan536"/>
		<rel id="sPointingRel701" xlink:href="scriptorium.1Cor_02.mark.xml#sSpan1694" target="scriptorium.1Cor_02.mark.xml#sSpan1704"/>
		<rel id="sPointingRel703" xlink:href="scriptorium.1Cor_02.mark.xml#sSpan60" target="scriptorium.1Cor_02.mark.xml#sSpan70"/>
		<rel id="sPointingRel705" xlink:href="scriptorium.1Cor_02.mark.xml#sSpan1449" target="scriptorium.1Cor_02.mark.xml#sSpan1446"/>
		<rel id="sPointingRel707" xlink:href="scriptorium.1Cor_02.mark.xml#sSpan1291" target="scriptorium.1Cor_02.mark.xml#sSpan1293"/>
		<rel id="sPointingRel709" xlink:href="scriptorium.1Cor_02.mark.xml#sSpan536" target="scriptorium.1Cor_02.mark.xml#sSpan532"/>
		<rel id="sPointingRel711" xlink:href="scriptorium.1Cor_02.mark.xml#sSpan582" target="scriptorium.1Cor_02.mark.xml#sSpan592"/>
		<rel id="sPointingRel713" xlink:href="scriptorium.1Cor_02.mark.xml#sSpan674" target="scriptorium.1Cor_02.mark.xml#sSpan667"/>
		<rel id="sPointingRel715" xlink:href="scriptorium.1Cor_02.mark.xml#sSpan908" target="scriptorium.1Cor_02.mark.xml#sSpan922"/>
		<rel id="sPointingRel717" xlink:href="scriptorium.1Cor_02.mark.xml#sSpan1374" target="scriptorium.1Cor_02.mark.xml#sSpan1449"/>
		<rel id="sPointingRel719" xlink:href="scriptorium.1Cor_02.mark.xml#sSpan429" target="scriptorium.1Cor_02.mark.xml#sSpan436"/>
		<rel id="sPointingRel721" xlink:href="scriptorium.1Cor_02.mark.xml#sSpan1597" target="scriptorium.1Cor_02.mark.xml#sSpan1603"/>
		<rel id="sPointingRel723" xlink:href="scriptorium.1Cor_02.mark.xml#sSpan1172" target="scriptorium.1Cor_02.mark.xml#sSpan1167"/>
		<rel id="sPointingRel725" xlink:href="scriptorium.1Cor_02.mark.xml#sSpan753" target="scriptorium.1Cor_02.mark.xml#sSpan757"/>
		<rel id="sPointingRel727" xlink:href="scriptorium.1Cor_02.mark.xml#sSpan249" target="scriptorium.1Cor_02.mark.xml#sSpan243"/>
		<rel id="sPointingRel729" xlink:href="scriptorium.1Cor_02.mark.xml#sSpan1582" target="scriptorium.1Cor_02.mark.xml#sSpan1578"/>
		<rel id="sPointingRel731" xlink:href="scriptorium.1Cor_02.mark.xml#sSpan457" target="scriptorium.1Cor_02.mark.xml#sSpan450"/>
		<rel id="sPointingRel733" xlink:href="scriptorium.1Cor_02.mark.xml#sSpan659" target="scriptorium.1Cor_02.mark.xml#sSpan655"/>
		<rel id="sPointingRel735" xlink:href="scriptorium.1Cor_02.mark.xml#sSpan1771" target="scriptorium.1Cor_02.mark.xml#sSpan1762"/>
		<rel id="sPointingRel737" xlink:href="scriptorium.1Cor_02.mark.xml#sSpan51" target="scriptorium.1Cor_02.mark.xml#sSpan47"/>
		<rel id="sPointingRel739" xlink:href="scriptorium.1Cor_02.mark.xml#sSpan1148" target="scriptorium.1Cor_02.mark.xml#sSpan1146"/>
		<rel id="sPointingRel741" xlink:href="scriptorium.1Cor_02.mark.xml#sSpan702" target="scriptorium.1Cor_02.mark.xml#sSpan694"/>
		<rel id="sPointingRel743" xlink:href="scriptorium.1Cor_02.mark.xml#sSpan1244" target="scriptorium.1Cor_02.mark.xml#sSpan1258"/>
		<rel id="sPointingRel745" xlink:href="scriptorium.1Cor_02.mark.xml#sSpan417" target="scriptorium.1Cor_02.mark.xml#sSpan429"/>
		<rel id="sPointingRel747" xlink:href="scriptorium.1Cor_02.mark.xml#sSpan1736" target="scriptorium.1Cor_02.mark.xml#sSpan1747"/>
		<rel id="sPointingRel749" xlink:href="scriptorium.1Cor_02.mark.xml#sSpan249" target="scriptorium.1Cor_02.mark.xml#sSpan275"/>
		<rel id="sPointingRel751" xlink:href="scriptorium.1Cor_02.mark.xml#sSpan847" target="scriptorium.1Cor_02.mark.xml#sSpan853"/>
		<rel id="sPointingRel753" xlink:href="scriptorium.1Cor_02.mark.xml#sSpan429" target="scriptorium.1Cor_02.mark.xml#sSpan421"/>
		<rel id="sPointingRel755" xlink:href="scriptorium.1Cor_02.mark.xml#sSpan391" target="scriptorium.1Cor_02.mark.xml#sSpan387"/>
		<rel id="sPointingRel757" xlink:href="scriptorium.1Cor_02.mark.xml#sSpan674" target="scriptorium.1Cor_02.mark.xml#sSpan678"/>
		<rel id="sPointingRel759" xlink:href="scriptorium.1Cor_02.mark.xml#sSpan149" target="scriptorium.1Cor_02.mark.xml#sSpan155"/>
		<rel id="sPointingRel761" xlink:href="scriptorium.1Cor_02.mark.xml#sSpan580" target="scriptorium.1Cor_02.mark.xml#sSpan576"/>
		<rel id="sPointingRel763" xlink:href="scriptorium.1Cor_02.mark.xml#sSpan634" target="scriptorium.1Cor_02.mark.xml#sSpan627"/>
		<rel id="sPointingRel765" xlink:href="scriptorium.1Cor_02.mark.xml#sSpan1244" target="scriptorium.1Cor_02.mark.xml#sSpan1242"/>
		<rel id="sPointingRel767" xlink:href="scriptorium.1Cor_02.mark.xml#sSpan183" target="scriptorium.1Cor_02.mark.xml#sSpan179"/>
		<rel id="sPointingRel769" xlink:href="scriptorium.1Cor_02.mark.xml#sSpan1363" target="scriptorium.1Cor_02.mark.xml#sSpan1471"/>
		<rel id="sPointingRel771" xlink:href="scriptorium.1Cor_02.mark.xml#sSpan136" target="scriptorium.1Cor_02.mark.xml#sSpan124"/>
		<rel id="sPointingRel773" xlink:href="scriptorium.1Cor_02.mark.xml#sSpan1178" target="scriptorium.1Cor_02.mark.xml#sSpan1174"/>
		<rel id="sPointingRel775" xlink:href="scriptorium.1Cor_02.mark.xml#sSpan508" target="scriptorium.1Cor_02.mark.xml#sSpan504"/>
		<rel id="sPointingRel777" xlink:href="scriptorium.1Cor_02.mark.xml#sSpan592" target="scriptorium.1Cor_02.mark.xml#sSpan590"/>
		<rel id="sPointingRel779" xlink:href="scriptorium.1Cor_02.mark.xml#sSpan615" target="scriptorium.1Cor_02.mark.xml#sSpan650"/>
		<rel id="sPointingRel781" xlink:href="scriptorium.1Cor_02.mark.xml#sSpan561" target="scriptorium.1Cor_02.mark.xml#sSpan580"/>
		<rel id="sPointingRel783" xlink:href="scriptorium.1Cor_02.mark.xml#sSpan60" target="scriptorium.1Cor_02.mark.xml#sSpan53"/>
		<rel id="sPointingRel785" xlink:href="scriptorium.1Cor_02.mark.xml#sSpan961" target="scriptorium.1Cor_02.mark.xml#sSpan967"/>
		<rel id="sPointingRel787" xlink:href="scriptorium.1Cor_02.mark.xml#sSpan1244" target="scriptorium.1Cor_02.mark.xml#sSpan1246"/>
		<rel id="sPointingRel789" xlink:href="scriptorium.1Cor_02.mark.xml#sSpan1193" target="scriptorium.1Cor_02.mark.xml#sSpan1190"/>
		<rel id="sPointingRel791" xlink:href="scriptorium.1Cor_02.mark.xml#sSpan853" target="scriptorium.1Cor_02.mark.xml#sSpan898"/>
		<rel id="sPointingRel793" xlink:href="scriptorium.1Cor_02.mark.xml#sSpan197" target="scriptorium.1Cor_02.mark.xml#sSpan203"/>
		<rel id="sPointingRel795" xlink:href="scriptorium.1Cor_02.mark.xml#sSpan28" target="scriptorium.1Cor_02.mark.xml#sSpan41"/>
		<rel id="sPointingRel797" xlink:href="scriptorium.1Cor_02.mark.xml#sSpan1072" target="scriptorium.1Cor_02.mark.xml#sSpan1065"/>
		<rel id="sPointingRel799" xlink:href="scriptorium.1Cor_02.mark.xml#sSpan314" target="scriptorium.1Cor_02.mark.xml#sSpan310"/>
		<rel id="sPointingRel801" xlink:href="scriptorium.1Cor_02.mark.xml#sSpan1106" target="scriptorium.1Cor_02.mark.xml#sSpan1131"/>
		<rel id="sPointingRel803" xlink:href="scriptorium.1Cor_02.mark.xml#sSpan1449" target="scriptorium.1Cor_02.mark.xml#sSpan1469"/>
		<rel id="sPointingRel805" xlink:href="scriptorium.1Cor_02.mark.xml#sSpan325" target="scriptorium.1Cor_02.mark.xml#sSpan304"/>
		<rel id="sPointingRel807" xlink:href="scriptorium.1Cor_02.mark.xml#sSpan1112" target="scriptorium.1Cor_02.mark.xml#sSpan1108"/>
		<rel id="sPointingRel809" xlink:href="scriptorium.1Cor_02.mark.xml#sSpan417" target="scriptorium.1Cor_02.mark.xml#sSpan398"/>
		<rel id="sPointingRel811" xlink:href="scriptorium.1Cor_02.mark.xml#sSpan70" target="scriptorium.1Cor_02.mark.xml#sSpan66"/>
		<rel id="sPointingRel813" xlink:href="scriptorium.1Cor_02.mark.xml#sSpan118" target="scriptorium.1Cor_02.mark.xml#sSpan111"/>
		<rel id="sPointingRel815" xlink:href="scriptorium.1Cor_02.mark.xml#sSpan1771" target="scriptorium.1Cor_02.mark.xml#sSpan1767"/>
		<rel id="sPointingRel817" xlink:href="scriptorium.1Cor_02.mark.xml#sSpan1244" target="scriptorium.1Cor_02.mark.xml#sSpan1314"/>
		<rel id="sPointingRel819" xlink:href="scriptorium.1Cor_02.mark.xml#sSpan1718" target="scriptorium.1Cor_02.mark.xml#sSpan1712"/>
		<rel id="sPointingRel821" xlink:href="scriptorium.1Cor_02.mark.xml#sSpan1330" target="scriptorium.1Cor_02.mark.xml#sSpan1327"/>
		<rel id="sPointingRel823" xlink:href="scriptorium.1Cor_02.mark.xml#sSpan908" target="scriptorium.1Cor_02.mark.xml#sSpan911"/>
		<rel id="sPointingRel825" xlink:href="scriptorium.1Cor_02.mark.xml#sSpan429" target="scriptorium.1Cor_02.mark.xml#sSpan425"/>
		<rel id="sPointingRel827" xlink:href="scriptorium.1Cor_02.mark.xml#sSpan230" target="scriptorium.1Cor_02.mark.xml#sSpan236"/>
		<rel id="sPointingRel829" xlink:href="scriptorium.1Cor_02.mark.xml#sSpan615" target="scriptorium.1Cor_02.mark.xml#sSpan644"/>
		<rel id="sPointingRel831" xlink:href="scriptorium.1Cor_02.mark.xml#sSpan41" target="scriptorium.1Cor_02.mark.xml#sSpan36"/>
		<rel id="sPointingRel833" xlink:href="scriptorium.1Cor_02.mark.xml#sSpan672" target="scriptorium.1Cor_02.mark.xml#sSpan669"/>
		<rel id="sPointingRel835" xlink:href="scriptorium.1Cor_02.mark.xml#sSpan177" target="scriptorium.1Cor_02.mark.xml#sSpan172"/>
		<rel id="sPointingRel837" xlink:href="scriptorium.1Cor_02.mark.xml#sSpan417" target="scriptorium.1Cor_02.mark.xml#sSpan468"/>
		<rel id="sPointingRel839" xlink:href="scriptorium.1Cor_02.mark.xml#sSpan1459" target="scriptorium.1Cor_02.mark.xml#sSpan1455"/>
		<rel id="sPointingRel841" xlink:href="scriptorium.1Cor_02.mark.xml#sSpan674" target="scriptorium.1Cor_02.mark.xml#sSpan672"/>
		<rel id="sPointingRel843" xlink:href="scriptorium.1Cor_02.mark.xml#sSpan1640" target="scriptorium.1Cor_02.mark.xml#sSpan1629"/>
		<rel id="sPointingRel845" xlink:href="scriptorium.1Cor_02.mark.xml#sSpan28" target="scriptorium.1Cor_02.mark.xml#sSpan1"/>
		<rel id="sPointingRel847" xlink:href="scriptorium.1Cor_02.mark.xml#sSpan817" target="scriptorium.1Cor_02.mark.xml#sSpan814"/>
		<rel id="sPointingRel849" xlink:href="scriptorium.1Cor_02.mark.xml#sSpan946" target="scriptorium.1Cor_02.mark.xml#sSpan944"/>
		<rel id="sPointingRel851" xlink:href="scriptorium.1Cor_02.mark.xml#sSpan92" target="scriptorium.1Cor_02.mark.xml#sSpan86"/>
		<rel id="sPointingRel853" xlink:href="scriptorium.1Cor_02.mark.xml#sSpan1268" target="scriptorium.1Cor_02.mark.xml#sSpan1260"/>
		<rel id="sPointingRel855" xlink:href="scriptorium.1Cor_02.mark.xml#sSpan1258" target="scriptorium.1Cor_02.mark.xml#sSpan1254"/>
		<rel id="sPointingRel857" xlink:href="scriptorium.1Cor_02.mark.xml#sSpan483" target="scriptorium.1Cor_02.mark.xml#sSpan472"/>
		<rel id="sPointingRel859" xlink:href="scriptorium.1Cor_02.mark.xml#sSpan615" target="scriptorium.1Cor_02.mark.xml#sSpan609"/>
		<rel id="sPointingRel861" xlink:href="scriptorium.1Cor_02.mark.xml#sSpan325" target="scriptorium.1Cor_02.mark.xml#sSpan317"/>
		<rel id="sPointingRel863" xlink:href="scriptorium.1Cor_02.mark.xml#sSpan1222" target="scriptorium.1Cor_02.mark.xml#sSpan1349"/>
		<rel id="sPointingRel865" xlink:href="scriptorium.1Cor_02.mark.xml#sSpan555" target="scriptorium.1Cor_02.mark.xml#sSpan551"/>
		<rel id="sPointingRel867" xlink:href="scriptorium.1Cor_02.mark.xml#sSpan1258" target="scriptorium.1Cor_02.mark.xml#sSpan1250"/>
		<rel id="sPointingRel869" xlink:href="scriptorium.1Cor_02.mark.xml#sSpan28" target="scriptorium.1Cor_02.mark.xml#sSpan22"/>
		<rel id="sPointingRel871" xlink:href="scriptorium.1Cor_02.mark.xml#sSpan483" target="scriptorium.1Cor_02.mark.xml#sSpan486"/>
		<rel id="sPointingRel873" xlink:href="scriptorium.1Cor_02.mark.xml#sSpan791" target="scriptorium.1Cor_02.mark.xml#sSpan808"/>
		<rel id="sPointingRel875" xlink:href="scriptorium.1Cor_02.mark.xml#sSpan791" target="scriptorium.1Cor_02.mark.xml#sSpan782"/>
		<rel id="sPointingRel877" xlink:href="scriptorium.1Cor_02.mark.xml#sSpan1258" target="scriptorium.1Cor_02.mark.xml#sSpan1268"/>
		<rel id="sPointingRel879" xlink:href="scriptorium.1Cor_02.mark.xml#sSpan339" target="scriptorium.1Cor_02.mark.xml#sSpan335"/>
		<rel id="sPointingRel881" xlink:href="scriptorium.1Cor_02.mark.xml#sSpan1734" target="scriptorium.1Cor_02.mark.xml#sSpan1727"/>
		<rel id="sPointingRel883" xlink:href="scriptorium.1Cor_02.mark.xml#sSpan1363" target="scriptorium.1Cor_02.mark.xml#sSpan1353"/>
		<rel id="sPointingRel885" xlink:href="scriptorium.1Cor_02.mark.xml#sSpan339" target="scriptorium.1Cor_02.mark.xml#sSpan372"/>
		<rel id="sPointingRel887" xlink:href="scriptorium.1Cor_02.mark.xml#sSpan136" target="scriptorium.1Cor_02.mark.xml#sSpan134"/>
		<rel id="sPointingRel889" xlink:href="scriptorium.1Cor_02.mark.xml#sSpan922" target="scriptorium.1Cor_02.mark.xml#sSpan928"/>
		<rel id="sPointingRel891" xlink:href="scriptorium.1Cor_02.mark.xml#sSpan853" target="scriptorium.1Cor_02.mark.xml#sSpan873"/>
		<rel id="sPointingRel893" xlink:href="scriptorium.1Cor_02.mark.xml#sSpan674" target="scriptorium.1Cor_02.mark.xml#sSpan692"/>
		<rel id="sPointingRel895" xlink:href="scriptorium.1Cor_02.mark.xml#sSpan498" target="scriptorium.1Cor_02.mark.xml#sSpan508"/>
		<rel id="sPointingRel897" xlink:href="scriptorium.1Cor_02.mark.xml#sSpan1431" target="scriptorium.1Cor_02.mark.xml#sSpan1439"/>
		<rel id="sPointingRel899" xlink:href="scriptorium.1Cor_02.mark.xml#sSpan993" target="scriptorium.1Cor_02.mark.xml#sSpan1003"/>
		<rel id="sPointingRel901" xlink:href="scriptorium.1Cor_02.mark.xml#sSpan931" target="scriptorium.1Cor_02.mark.xml#sSpan946"/>
		<rel id="sPointingRel903" xlink:href="scriptorium.1Cor_02.mark.xml#sSpan230" target="scriptorium.1Cor_02.mark.xml#sSpan209"/>
		<rel id="sPointingRel905" xlink:href="scriptorium.1Cor_02.mark.xml#sSpan1725" target="scriptorium.1Cor_02.mark.xml#sSpan1734"/>
		<rel id="sPointingRel907" xlink:href="scriptorium.1Cor_02.mark.xml#sSpan1505" target="scriptorium.1Cor_02.mark.xml#sSpan1535"/>
		<rel id="sPointingRel909" xlink:href="scriptorium.1Cor_02.mark.xml#sSpan92" target="scriptorium.1Cor_02.mark.xml#sSpan108"/>
		<rel id="sPointingRel911" xlink:href="scriptorium.1Cor_02.mark.xml#sSpan436" target="scriptorium.1Cor_02.mark.xml#sSpan443"/>
		<rel id="sPointingRel913" xlink:href="scriptorium.1Cor_02.mark.xml#sSpan457" target="scriptorium.1Cor_02.mark.xml#sSpan446"/>
		<rel id="sPointingRel915" xlink:href="scriptorium.1Cor_02.mark.xml#sSpan993" target="scriptorium.1Cor_02.mark.xml#sSpan997"/>
		<rel id="sPointingRel917" xlink:href="scriptorium.1Cor_02.mark.xml#sSpan853" target="scriptorium.1Cor_02.mark.xml#sSpan849"/>
		<rel id="sPointingRel919" xlink:href="scriptorium.1Cor_02.mark.xml#sSpan183" target="scriptorium.1Cor_02.mark.xml#sSpan197"/>
		<rel id="sPointingRel921" xlink:href="scriptorium.1Cor_02.mark.xml#sSpan70" target="scriptorium.1Cor_02.mark.xml#sSpan83"/>
		<rel id="sPointingRel923" xlink:href="scriptorium.1Cor_02.mark.xml#sSpan1640" target="scriptorium.1Cor_02.mark.xml#sSpan1659"/>
		<rel id="sPointingRel925" xlink:href="scriptorium.1Cor_02.mark.xml#sSpan1222" target="scriptorium.1Cor_02.mark.xml#sSpan1232"/>
		<rel id="sPointingRel927" xlink:href="scriptorium.1Cor_02.mark.xml#sSpan155" target="scriptorium.1Cor_02.mark.xml#sSpan162"/>
		<rel id="sPointingRel929" xlink:href="scriptorium.1Cor_02.mark.xml#sSpan853" target="scriptorium.1Cor_02.mark.xml#sSpan877"/>
		<rel id="sPointingRel931" xlink:href="scriptorium.1Cor_02.mark.xml#sSpan751" target="scriptorium.1Cor_02.mark.xml#sSpan747"/>
		<rel id="sPointingRel933" xlink:href="scriptorium.1Cor_02.mark.xml#sSpan1154" target="scriptorium.1Cor_02.mark.xml#sSpan1193"/>
		<rel id="sPointingRel935" xlink:href="scriptorium.1Cor_02.mark.xml#sSpan325" target="scriptorium.1Cor_02.mark.xml#sSpan289"/>
		<rel id="sPointingRel937" xlink:href="scriptorium.1Cor_02.mark.xml#sSpan498" target="scriptorium.1Cor_02.mark.xml#sSpan494"/>
		<rel id="sPointingRel939" xlink:href="scriptorium.1Cor_02.mark.xml#sSpan1747" target="scriptorium.1Cor_02.mark.xml#sSpan1745"/>
		<rel id="sPointingRel941" xlink:href="scriptorium.1Cor_02.mark.xml#sSpan1193" target="scriptorium.1Cor_02.mark.xml#sSpan1186"/>
		<rel id="sPointingRel943" xlink:href="scriptorium.1Cor_02.mark.xml#sSpan1409" target="scriptorium.1Cor_02.mark.xml#sSpan1404"/>
		<rel id="sPointingRel945" xlink:href="scriptorium.1Cor_02.mark.xml#sSpan108" target="scriptorium.1Cor_02.mark.xml#sSpan104"/>
		<rel id="sPointingRel947" xlink:href="scriptorium.1Cor_02.mark.xml#sSpan946" target="scriptorium.1Cor_02.mark.xml#sSpan939"/>
		<rel id="sPointingRel949" xlink:href="scriptorium.1Cor_02.mark.xml#sSpan169" target="scriptorium.1Cor_02.mark.xml#sSpan164"/>
		<rel id="sPointingRel951" xlink:href="scriptorium.1Cor_02.mark.xml#sSpan791" target="scriptorium.1Cor_02.mark.xml#sSpan793"/>
		<rel id="sPointingRel953" xlink:href="scriptorium.1Cor_02.mark.xml#sSpan1363" target="scriptorium.1Cor_02.mark.xml#sSpan1374"/>
		<rel id="sPointingRel955" xlink:href="scriptorium.1Cor_02.mark.xml#sSpan230" target="scriptorium.1Cor_02.mark.xml#sSpan249"/>
		<rel id="sPointingRel957" xlink:href="scriptorium.1Cor_02.mark.xml#sSpan1718" target="scriptorium.1Cor_02.mark.xml#sSpan1714"/>
		<rel id="sPointingRel959" xlink:href="scriptorium.1Cor_02.mark.xml#sSpan83" target="scriptorium.1Cor_02.mark.xml#sSpan78"/>
		<rel id="sPointingRel961" xlink:href="scriptorium.1Cor_02.mark.xml#sSpan1571" target="scriptorium.1Cor_02.mark.xml#sSpan1567"/>
		<rel id="sPointingRel963" xlink:href="scriptorium.1Cor_02.mark.xml#sSpan993" target="scriptorium.1Cor_02.mark.xml#sSpan1074"/>
		<rel id="sPointingRel965" xlink:href="scriptorium.1Cor_02.mark.xml#sSpan615" target="scriptorium.1Cor_02.mark.xml#sSpan613"/>
		<rel id="sPointingRel967" xlink:href="scriptorium.1Cor_02.mark.xml#sSpan149" target="scriptorium.1Cor_02.mark.xml#sSpan169"/>
		<rel id="sPointingRel969" xlink:href="scriptorium.1Cor_02.mark.xml#sSpan1118" target="scriptorium.1Cor_02.mark.xml#sSpan1115"/>
		<rel id="sPointingRel971" xlink:href="scriptorium.1Cor_02.mark.xml#sSpan680" target="scriptorium.1Cor_02.mark.xml#sSpan685"/>
		<rel id="sPointingRel973" xlink:href="scriptorium.1Cor_02.mark.xml#sSpan1736" target="scriptorium.1Cor_02.mark.xml#sSpan1771"/>
		<rel id="sPointingRel975" xlink:href="scriptorium.1Cor_02.mark.xml#sSpan1603" target="scriptorium.1Cor_02.mark.xml#sSpan1599"/>
		<rel id="sPointingRel977" xlink:href="scriptorium.1Cor_02.mark.xml#sSpan1545" target="scriptorium.1Cor_02.mark.xml#sSpan1557"/>
		<rel id="sPointingRel979" xlink:href="scriptorium.1Cor_02.mark.xml#sSpan457" target="scriptorium.1Cor_02.mark.xml#sSpan454"/>
		<rel id="sPointingRel981" xlink:href="scriptorium.1Cor_02.mark.xml#sSpan1588" target="scriptorium.1Cor_02.mark.xml#sSpan1584"/>
		<rel id="sPointingRel983" xlink:href="scriptorium.1Cor_02.mark.xml#sSpan993" target="scriptorium.1Cor_02.mark.xml#sSpan1036"/>
		<rel id="sPointingRel985" xlink:href="scriptorium.1Cor_02.mark.xml#sSpan275" target="scriptorium.1Cor_02.mark.xml#sSpan268"/>
		<rel id="sPointingRel987" xlink:href="scriptorium.1Cor_02.mark.xml#sSpan1597" target="scriptorium.1Cor_02.mark.xml#sSpan1606"/>
		<rel id="sPointingRel989" xlink:href="scriptorium.1Cor_02.mark.xml#sSpan1056" target="scriptorium.1Cor_02.mark.xml#sSpan1072"/></relList></paula>