<?xml version='1.0' encoding='UTF-8'?><!DOCTYPE paula SYSTEM "paula_feat.dtd">
<paula version="1.1">
	<header paula_id="scriptorium.1Cor_02.mark_verse_vid"/>
	<featList xmlns:xlink="http://www.w3.org/1999/xlink" type="verse_vid" xml:base="scriptorium.1Cor_02.mark.xml">
		<feat xlink:href="#sSpan6" value="46N 2:1"/>
		<feat xlink:href="#sSpan129" value="46N 2:2"/>
		<feat xlink:href="#sSpan214" value="46N 2:3"/>
		<feat xlink:href="#sSpan294" value="46N 2:4"/>
		<feat xlink:href="#sSpan403" value="46N 2:5"/>
		<feat xlink:href="#sSpan477" value="46N 2:6"/>
		<feat xlink:href="#sSpan604" value="46N 2:7"/>
		<feat xlink:href="#sSpan723" value="46N 2:8"/>
		<feat xlink:href="#sSpan829" value="46N 2:9"/>
		<feat xlink:href="#sSpan978" value="46N 2:10"/>
		<feat xlink:href="#sSpan1084" value="46N 2:11"/>
		<feat xlink:href="#sSpan1227" value="46N 2:12"/>
		<feat xlink:href="#sSpan1358" value="46N 2:13"/>
		<feat xlink:href="#sSpan1481" value="46N 2:14"/>
		<feat xlink:href="#sSpan1620" value="46N 2:15"/>
		<feat xlink:href="#sSpan1699" value="46N 2:16"/></featList></paula>