<?xml version='1.0' encoding='UTF-8'?><!DOCTYPE paula SYSTEM "paula_feat.dtd">
<paula version="1.1">
	<header paula_id="scriptorium.1Cor_02.mark_multiword"/>
	<featList xmlns:xlink="http://www.w3.org/1999/xlink" type="multiword" xml:base="scriptorium.1Cor_02.mark.xml">
		<feat xlink:href="#sSpan189" value="ⲉ ⲁ"/>
		<feat xlink:href="#sSpan374" value="ⲟⲩⲱⲛϩ ⲉⲃⲟⲗ"/>
		<feat xlink:href="#sSpan684" value="ⲉⲃⲟⲗ ϩⲁ"/>
		<feat xlink:href="#sSpan910" value="ⲁⲗⲉ ⲉϩⲣⲁⲓ"/>
		<feat xlink:href="#sSpan1046" value="ⲛⲕⲁ ⲛⲓⲙ"/>
		<feat xlink:href="#sSpan1653" value="ⲟⲩⲟⲛ ⲛⲓⲙ"/></featList></paula>