<?xml version='1.0' encoding='UTF-8'?><!DOCTYPE paula SYSTEM "paula_rel.dtd">
<paula version="1.1">
	<header paula_id="scriptorium.1Cor_02.head"/>
	<relList xmlns:xlink="http://www.w3.org/1999/xlink" type="head">
		<rel id="sPointingRel991" xlink:href="scriptorium.1Cor_02.mark.xml#sSpan654" target="scriptorium.1Cor_02.mark.xml#sSpan650"/>
		<rel id="sPointingRel993" xlink:href="scriptorium.1Cor_02.mark.xml#sSpan623" target="scriptorium.1Cor_02.mark.xml#sSpan625"/>
		<rel id="sPointingRel995" xlink:href="scriptorium.1Cor_02.mark.xml#sSpan557" target="scriptorium.1Cor_02.mark.xml#sSpan555"/>
		<rel id="sPointingRel997" xlink:href="scriptorium.1Cor_02.mark.xml#sSpan1025" target="scriptorium.1Cor_02.mark.xml#sSpan1029"/>
		<rel id="sPointingRel999" xlink:href="scriptorium.1Cor_02.mark.xml#sSpan1129" target="scriptorium.1Cor_02.mark.xml#sSpan1131"/>
		<rel id="sPointingRel1001" xlink:href="scriptorium.1Cor_02.mark.xml#sSpan157" target="scriptorium.1Cor_02.mark.xml#sSpan155"/>
		<rel id="sPointingRel1003" xlink:href="scriptorium.1Cor_02.mark.xml#sSpan1071" target="scriptorium.1Cor_02.mark.xml#sSpan1072"/>
		<rel id="sPointingRel1005" xlink:href="scriptorium.1Cor_02.mark.xml#sSpan930" target="scriptorium.1Cor_02.mark.xml#sSpan928"/>
		<rel id="sPointingRel1007" xlink:href="scriptorium.1Cor_02.mark.xml#sSpan887" target="scriptorium.1Cor_02.mark.xml#sSpan885"/>
		<rel id="sPointingRel1009" xlink:href="scriptorium.1Cor_02.mark.xml#sSpan943" target="scriptorium.1Cor_02.mark.xml#sSpan944"/>
		<rel id="sPointingRel1011" xlink:href="scriptorium.1Cor_02.mark.xml#sSpan985" target="scriptorium.1Cor_02.mark.xml#sSpan986"/>
		<rel id="sPointingRel1013" xlink:href="scriptorium.1Cor_02.mark.xml#sSpan862" target="scriptorium.1Cor_02.mark.xml#sSpan860"/>
		<rel id="sPointingRel1015" xlink:href="scriptorium.1Cor_02.mark.xml#sSpan1787" target="scriptorium.1Cor_02.mark.xml#sSpan1788"/>
		<rel id="sPointingRel1017" xlink:href="scriptorium.1Cor_02.mark.xml#sSpan1117" target="scriptorium.1Cor_02.mark.xml#sSpan1118"/>
		<rel id="sPointingRel1019" xlink:href="scriptorium.1Cor_02.mark.xml#sSpan337" target="scriptorium.1Cor_02.mark.xml#sSpan339"/>
		<rel id="sPointingRel1021" xlink:href="scriptorium.1Cor_02.mark.xml#sSpan1329" target="scriptorium.1Cor_02.mark.xml#sSpan1330"/>
		<rel id="sPointingRel1023" xlink:href="scriptorium.1Cor_02.mark.xml#sSpan721" target="scriptorium.1Cor_02.mark.xml#sSpan717"/>
		<rel id="sPointingRel1025" xlink:href="scriptorium.1Cor_02.mark.xml#sSpan710" target="scriptorium.1Cor_02.mark.xml#sSpan711"/>
		<rel id="sPointingRel1027" xlink:href="scriptorium.1Cor_02.mark.xml#sSpan1467" target="scriptorium.1Cor_02.mark.xml#sSpan1469"/>
		<rel id="sPointingRel1029" xlink:href="scriptorium.1Cor_02.mark.xml#sSpan1751" target="scriptorium.1Cor_02.mark.xml#sSpan1749"/>
		<rel id="sPointingRel1031" xlink:href="scriptorium.1Cor_02.mark.xml#sSpan1724" target="scriptorium.1Cor_02.mark.xml#sSpan1725"/>
		<rel id="sPointingRel1033" xlink:href="scriptorium.1Cor_02.mark.xml#sSpan261" target="scriptorium.1Cor_02.mark.xml#sSpan262"/>
		<rel id="sPointingRel1035" xlink:href="scriptorium.1Cor_02.mark.xml#sSpan1733" target="scriptorium.1Cor_02.mark.xml#sSpan1734"/>
		<rel id="sPointingRel1037" xlink:href="scriptorium.1Cor_02.mark.xml#sSpan1215" target="scriptorium.1Cor_02.mark.xml#sSpan1216"/>
		<rel id="sPointingRel1039" xlink:href="scriptorium.1Cor_02.mark.xml#sSpan72" target="scriptorium.1Cor_02.mark.xml#sSpan70"/>
		<rel id="sPointingRel1041" xlink:href="scriptorium.1Cor_02.mark.xml#sSpan427" target="scriptorium.1Cor_02.mark.xml#sSpan429"/>
		<rel id="sPointingRel1043" xlink:href="scriptorium.1Cor_02.mark.xml#sSpan1047" target="scriptorium.1Cor_02.mark.xml#sSpan1044"/>
		<rel id="sPointingRel1045" xlink:href="scriptorium.1Cor_02.mark.xml#sSpan691" target="scriptorium.1Cor_02.mark.xml#sSpan692"/>
		<rel id="sPointingRel1047" xlink:href="scriptorium.1Cor_02.mark.xml#sSpan1060" target="scriptorium.1Cor_02.mark.xml#sSpan1056"/>
		<rel id="sPointingRel1049" xlink:href="scriptorium.1Cor_02.mark.xml#sSpan1114" target="scriptorium.1Cor_02.mark.xml#sSpan1112"/>
		<rel id="sPointingRel1051" xlink:href="scriptorium.1Cor_02.mark.xml#sSpan921" target="scriptorium.1Cor_02.mark.xml#sSpan922"/>
		<rel id="sPointingRel1053" xlink:href="scriptorium.1Cor_02.mark.xml#sSpan301" target="scriptorium.1Cor_02.mark.xml#sSpan304"/>
		<rel id="sPointingRel1055" xlink:href="scriptorium.1Cor_02.mark.xml#sSpan1519" target="scriptorium.1Cor_02.mark.xml#sSpan1517"/>
		<rel id="sPointingRel1057" xlink:href="scriptorium.1Cor_02.mark.xml#sSpan1479" target="scriptorium.1Cor_02.mark.xml#sSpan1486"/>
		<rel id="sPointingRel1059" xlink:href="scriptorium.1Cor_02.mark.xml#sSpan1522" target="scriptorium.1Cor_02.mark.xml#sSpan1524"/>
		<rel id="sPointingRel1061" xlink:href="scriptorium.1Cor_02.mark.xml#sSpan1616" target="scriptorium.1Cor_02.mark.xml#sSpan1626"/>
		<rel id="sPointingRel1063" xlink:href="scriptorium.1Cor_02.mark.xml#sSpan85" target="scriptorium.1Cor_02.mark.xml#sSpan83"/>
		<rel id="sPointingRel1065" xlink:href="scriptorium.1Cor_02.mark.xml#sSpan371" target="scriptorium.1Cor_02.mark.xml#sSpan372"/>
		<rel id="sPointingRel1067" xlink:href="scriptorium.1Cor_02.mark.xml#sSpan633" target="scriptorium.1Cor_02.mark.xml#sSpan634"/>
		<rel id="sPointingRel1069" xlink:href="scriptorium.1Cor_02.mark.xml#sSpan1388" target="scriptorium.1Cor_02.mark.xml#sSpan1389"/>
		<rel id="sPointingRel1071" xlink:href="scriptorium.1Cor_02.mark.xml#sSpan274" target="scriptorium.1Cor_02.mark.xml#sSpan275"/>
		<rel id="sPointingRel1073" xlink:href="scriptorium.1Cor_02.mark.xml#sSpan1283" target="scriptorium.1Cor_02.mark.xml#sSpan1285"/>
		<rel id="sPointingRel1075" xlink:href="scriptorium.1Cor_02.mark.xml#sSpan1299" target="scriptorium.1Cor_02.mark.xml#sSpan1300"/>
		<rel id="sPointingRel1077" xlink:href="scriptorium.1Cor_02.mark.xml#sSpan1532" target="scriptorium.1Cor_02.mark.xml#sSpan1533"/>
		<rel id="sPointingRel1079" xlink:href="scriptorium.1Cor_02.mark.xml#sSpan1541" target="scriptorium.1Cor_02.mark.xml#sSpan1545"/>
		<rel id="sPointingRel1081" xlink:href="scriptorium.1Cor_02.mark.xml#sSpan1411" target="scriptorium.1Cor_02.mark.xml#sSpan1409"/>
		<rel id="sPointingRel1083" xlink:href="scriptorium.1Cor_02.mark.xml#sSpan531" target="scriptorium.1Cor_02.mark.xml#sSpan529"/>
		<rel id="sPointingRel1085" xlink:href="scriptorium.1Cor_02.mark.xml#sSpan1402" target="scriptorium.1Cor_02.mark.xml#sSpan1400"/>
		<rel id="sPointingRel1087" xlink:href="scriptorium.1Cor_02.mark.xml#sSpan1740" target="scriptorium.1Cor_02.mark.xml#sSpan1736"/>
		<rel id="sPointingRel1089" xlink:href="scriptorium.1Cor_02.mark.xml#sSpan1654" target="scriptorium.1Cor_02.mark.xml#sSpan1651"/>
		<rel id="sPointingRel1091" xlink:href="scriptorium.1Cor_02.mark.xml#sSpan1796" target="scriptorium.1Cor_02.mark.xml#sSpan1798"/>
		<rel id="sPointingRel1093" xlink:href="scriptorium.1Cor_02.mark.xml#sSpan1577" target="scriptorium.1Cor_02.mark.xml#sSpan1575"/>
		<rel id="sPointingRel1095" xlink:href="scriptorium.1Cor_02.mark.xml#sSpan700" target="scriptorium.1Cor_02.mark.xml#sSpan702"/>
		<rel id="sPointingRel1097" xlink:href="scriptorium.1Cor_02.mark.xml#sSpan413" target="scriptorium.1Cor_02.mark.xml#sSpan415"/>
		<rel id="sPointingRel1099" xlink:href="scriptorium.1Cor_02.mark.xml#sSpan1322" target="scriptorium.1Cor_02.mark.xml#sSpan1320"/>
		<rel id="sPointingRel1101" xlink:href="scriptorium.1Cor_02.mark.xml#sSpan807" target="scriptorium.1Cor_02.mark.xml#sSpan808"/>
		<rel id="sPointingRel1103" xlink:href="scriptorium.1Cor_02.mark.xml#sSpan1082" target="scriptorium.1Cor_02.mark.xml#sSpan1078"/>
		<rel id="sPointingRel1105" xlink:href="scriptorium.1Cor_02.mark.xml#sSpan1205" target="scriptorium.1Cor_02.mark.xml#sSpan1207"/>
		<rel id="sPointingRel1107" xlink:href="scriptorium.1Cor_02.mark.xml#sSpan1139" target="scriptorium.1Cor_02.mark.xml#sSpan1140"/>
		<rel id="sPointingRel1109" xlink:href="scriptorium.1Cor_02.mark.xml#sSpan642" target="scriptorium.1Cor_02.mark.xml#sSpan644"/>
		<rel id="sPointingRel1111" xlink:href="scriptorium.1Cor_02.mark.xml#sSpan1266" target="scriptorium.1Cor_02.mark.xml#sSpan1268"/>
		<rel id="sPointingRel1113" xlink:href="scriptorium.1Cor_02.mark.xml#sSpan106" target="scriptorium.1Cor_02.mark.xml#sSpan108"/>
		<rel id="sPointingRel1115" xlink:href="scriptorium.1Cor_02.mark.xml#sSpan1678" target="scriptorium.1Cor_02.mark.xml#sSpan1676"/>
		<rel id="sPointingRel1117" xlink:href="scriptorium.1Cor_02.mark.xml#sSpan59" target="scriptorium.1Cor_02.mark.xml#sSpan60"/>
		<rel id="sPointingRel1119" xlink:href="scriptorium.1Cor_02.mark.xml#sSpan1441" target="scriptorium.1Cor_02.mark.xml#sSpan1439"/>
		<rel id="sPointingRel1121" xlink:href="scriptorium.1Cor_02.mark.xml#sSpan1171" target="scriptorium.1Cor_02.mark.xml#sSpan1172"/>
		<rel id="sPointingRel1123" xlink:href="scriptorium.1Cor_02.mark.xml#sSpan1156" target="scriptorium.1Cor_02.mark.xml#sSpan1154"/>
		<rel id="sPointingRel1125" xlink:href="scriptorium.1Cor_02.mark.xml#sSpan496" target="scriptorium.1Cor_02.mark.xml#sSpan498"/>
		<rel id="sPointingRel1127" xlink:href="scriptorium.1Cor_02.mark.xml#sSpan312" target="scriptorium.1Cor_02.mark.xml#sSpan314"/>
		<rel id="sPointingRel1129" xlink:href="scriptorium.1Cor_02.mark.xml#sSpan506" target="scriptorium.1Cor_02.mark.xml#sSpan508"/>
		<rel id="sPointingRel1131" xlink:href="scriptorium.1Cor_02.mark.xml#sSpan38" target="scriptorium.1Cor_02.mark.xml#sSpan41"/>
		<rel id="sPointingRel1133" xlink:href="scriptorium.1Cor_02.mark.xml#sSpan171" target="scriptorium.1Cor_02.mark.xml#sSpan169"/>
		<rel id="sPointingRel1135" xlink:href="scriptorium.1Cor_02.mark.xml#sSpan386" target="scriptorium.1Cor_02.mark.xml#sSpan384"/>
		<rel id="sPointingRel1137" xlink:href="scriptorium.1Cor_02.mark.xml#sSpan855" target="scriptorium.1Cor_02.mark.xml#sSpan853"/>
		<rel id="sPointingRel1139" xlink:href="scriptorium.1Cor_02.mark.xml#sSpan1015" target="scriptorium.1Cor_02.mark.xml#sSpan1017"/>
		<rel id="sPointingRel1141" xlink:href="scriptorium.1Cor_02.mark.xml#sSpan438" target="scriptorium.1Cor_02.mark.xml#sSpan436"/>
		<rel id="sPointingRel1143" xlink:href="scriptorium.1Cor_02.mark.xml#sSpan534" target="scriptorium.1Cor_02.mark.xml#sSpan536"/>
		<rel id="sPointingRel1145" xlink:href="scriptorium.1Cor_02.mark.xml#sSpan735" target="scriptorium.1Cor_02.mark.xml#sSpan733"/>
		<rel id="sPointingRel1147" xlink:href="scriptorium.1Cor_02.mark.xml#sSpan1192" target="scriptorium.1Cor_02.mark.xml#sSpan1190"/>
		<rel id="sPointingRel1149" xlink:href="scriptorium.1Cor_02.mark.xml#sSpan355" target="scriptorium.1Cor_02.mark.xml#sSpan353"/>
		<rel id="sPointingRel1151" xlink:href="scriptorium.1Cor_02.mark.xml#sSpan456" target="scriptorium.1Cor_02.mark.xml#sSpan457"/>
		<rel id="sPointingRel1153" xlink:href="scriptorium.1Cor_02.mark.xml#sSpan1457" target="scriptorium.1Cor_02.mark.xml#sSpan1459"/>
		<rel id="sPointingRel1155" xlink:href="scriptorium.1Cor_02.mark.xml#sSpan245" target="scriptorium.1Cor_02.mark.xml#sSpan249"/>
		<rel id="sPointingRel1157" xlink:href="scriptorium.1Cor_02.mark.xml#sSpan1429" target="scriptorium.1Cor_02.mark.xml#sSpan1431"/>
		<rel id="sPointingRel1159" xlink:href="scriptorium.1Cor_02.mark.xml#sSpan117" target="scriptorium.1Cor_02.mark.xml#sSpan118"/>
		<rel id="sPointingRel1161" xlink:href="scriptorium.1Cor_02.mark.xml#sSpan671" target="scriptorium.1Cor_02.mark.xml#sSpan672"/>
		<rel id="sPointingRel1163" xlink:href="scriptorium.1Cor_02.mark.xml#sSpan393" target="scriptorium.1Cor_02.mark.xml#sSpan391"/>
		<rel id="sPointingRel1165" xlink:href="scriptorium.1Cor_02.mark.xml#sSpan816" target="scriptorium.1Cor_02.mark.xml#sSpan817"/>
		<rel id="sPointingRel1167" xlink:href="scriptorium.1Cor_02.mark.xml#sSpan1448" target="scriptorium.1Cor_02.mark.xml#sSpan1449"/>
		<rel id="sPointingRel1169" xlink:href="scriptorium.1Cor_02.mark.xml#sSpan1180" target="scriptorium.1Cor_02.mark.xml#sSpan1178"/>
		<rel id="sPointingRel1171" xlink:href="scriptorium.1Cor_02.mark.xml#sSpan348" target="scriptorium.1Cor_02.mark.xml#sSpan346"/>
		<rel id="sPointingRel1173" xlink:href="scriptorium.1Cor_02.mark.xml#sSpan1365" target="scriptorium.1Cor_02.mark.xml#sSpan1363"/>
		<rel id="sPointingRel1175" xlink:href="scriptorium.1Cor_02.mark.xml#sSpan1183" target="scriptorium.1Cor_02.mark.xml#sSpan1184"/>
		<rel id="sPointingRel1177" xlink:href="scriptorium.1Cor_02.mark.xml#sSpan1256" target="scriptorium.1Cor_02.mark.xml#sSpan1258"/>
		<rel id="sPointingRel1179" xlink:href="scriptorium.1Cor_02.mark.xml#sSpan578" target="scriptorium.1Cor_02.mark.xml#sSpan580"/>
		<rel id="sPointingRel1181" xlink:href="scriptorium.1Cor_02.mark.xml#sSpan514" target="scriptorium.1Cor_02.mark.xml#sSpan516"/>
		<rel id="sPointingRel1183" xlink:href="scriptorium.1Cor_02.mark.xml#sSpan465" target="scriptorium.1Cor_02.mark.xml#sSpan466"/>
		<rel id="sPointingRel1185" xlink:href="scriptorium.1Cor_02.mark.xml#sSpan749" target="scriptorium.1Cor_02.mark.xml#sSpan751"/>
		<rel id="sPointingRel1187" xlink:href="scriptorium.1Cor_02.mark.xml#sSpan563" target="scriptorium.1Cor_02.mark.xml#sSpan561"/>
		<rel id="sPointingRel1189" xlink:href="scriptorium.1Cor_02.mark.xml#sSpan958" target="scriptorium.1Cor_02.mark.xml#sSpan956"/></relList></paula>