<?xml version='1.0' encoding='UTF-8'?><!DOCTYPE paula SYSTEM "paula_feat.dtd">
<paula version="1.1">
	<header paula_id="scriptorium.1Cor_02.dep_func"/>
	<featList xmlns:xlink="http://www.w3.org/1999/xlink" type="func" xml:base="scriptorium.1Cor_02.dep.xml">
		<feat xlink:href="#sPointingRel1" value="det"/>
		<feat xlink:href="#sPointingRel3" value="advmod"/>
		<feat xlink:href="#sPointingRel5" value="case"/>
		<feat xlink:href="#sPointingRel7" value="det"/>
		<feat xlink:href="#sPointingRel9" value="det"/>
		<feat xlink:href="#sPointingRel11" value="obj"/>
		<feat xlink:href="#sPointingRel13" value="mark"/>
		<feat xlink:href="#sPointingRel15" value="mark"/>
		<feat xlink:href="#sPointingRel17" value="case"/>
		<feat xlink:href="#sPointingRel19" value="dislocated"/>
		<feat xlink:href="#sPointingRel21" value="det"/>
		<feat xlink:href="#sPointingRel23" value="nmod"/>
		<feat xlink:href="#sPointingRel25" value="acl:relcl"/>
		<feat xlink:href="#sPointingRel27" value="advmod"/>
		<feat xlink:href="#sPointingRel29" value="case"/>
		<feat xlink:href="#sPointingRel31" value="punct"/>
		<feat xlink:href="#sPointingRel33" value="case"/>
		<feat xlink:href="#sPointingRel35" value="nmod"/>
		<feat xlink:href="#sPointingRel37" value="mark"/>
		<feat xlink:href="#sPointingRel39" value="nmod"/>
		<feat xlink:href="#sPointingRel41" value="obl"/>
		<feat xlink:href="#sPointingRel43" value="det"/>
		<feat xlink:href="#sPointingRel45" value="det"/>
		<feat xlink:href="#sPointingRel47" value="aux"/>
		<feat xlink:href="#sPointingRel49" value="case"/>
		<feat xlink:href="#sPointingRel51" value="nmod"/>
		<feat xlink:href="#sPointingRel53" value="det"/>
		<feat xlink:href="#sPointingRel55" value="det"/>
		<feat xlink:href="#sPointingRel57" value="aux"/>
		<feat xlink:href="#sPointingRel59" value="case"/>
		<feat xlink:href="#sPointingRel61" value="det"/>
		<feat xlink:href="#sPointingRel63" value="aux"/>
		<feat xlink:href="#sPointingRel65" value="mark"/>
		<feat xlink:href="#sPointingRel67" value="aux"/>
		<feat xlink:href="#sPointingRel69" value="nsubj"/>
		<feat xlink:href="#sPointingRel71" value="conj"/>
		<feat xlink:href="#sPointingRel73" value="advmod"/>
		<feat xlink:href="#sPointingRel75" value="cc"/>
		<feat xlink:href="#sPointingRel77" value="case"/>
		<feat xlink:href="#sPointingRel79" value="advmod"/>
		<feat xlink:href="#sPointingRel81" value="det"/>
		<feat xlink:href="#sPointingRel83" value="det"/>
		<feat xlink:href="#sPointingRel85" value="det"/>
		<feat xlink:href="#sPointingRel87" value="nmod"/>
		<feat xlink:href="#sPointingRel89" value="det"/>
		<feat xlink:href="#sPointingRel91" value="conj"/>
		<feat xlink:href="#sPointingRel93" value="case"/>
		<feat xlink:href="#sPointingRel95" value="cc"/>
		<feat xlink:href="#sPointingRel97" value="advmod"/>
		<feat xlink:href="#sPointingRel99" value="case"/>
		<feat xlink:href="#sPointingRel101" value="nsubj"/>
		<feat xlink:href="#sPointingRel103" value="cop"/>
		<feat xlink:href="#sPointingRel105" value="obl"/>
		<feat xlink:href="#sPointingRel107" value="acl:relcl"/>
		<feat xlink:href="#sPointingRel109" value="parataxis"/>
		<feat xlink:href="#sPointingRel111" value="appos"/>
		<feat xlink:href="#sPointingRel113" value="det"/>
		<feat xlink:href="#sPointingRel115" value="case"/>
		<feat xlink:href="#sPointingRel117" value="punct"/>
		<feat xlink:href="#sPointingRel119" value="advmod"/>
		<feat xlink:href="#sPointingRel121" value="case"/>
		<feat xlink:href="#sPointingRel123" value="obj"/>
		<feat xlink:href="#sPointingRel125" value="acl:relcl"/>
		<feat xlink:href="#sPointingRel127" value="obl"/>
		<feat xlink:href="#sPointingRel129" value="acl:relcl"/>
		<feat xlink:href="#sPointingRel131" value="obl"/>
		<feat xlink:href="#sPointingRel133" value="case"/>
		<feat xlink:href="#sPointingRel135" value="det"/>
		<feat xlink:href="#sPointingRel137" value="obj"/>
		<feat xlink:href="#sPointingRel139" value="csubj"/>
		<feat xlink:href="#sPointingRel141" value="aux"/>
		<feat xlink:href="#sPointingRel143" value="cop"/>
		<feat xlink:href="#sPointingRel145" value="iobj"/>
		<feat xlink:href="#sPointingRel147" value="punct"/>
		<feat xlink:href="#sPointingRel149" value="det"/>
		<feat xlink:href="#sPointingRel151" value="punct"/>
		<feat xlink:href="#sPointingRel153" value="dislocated"/>
		<feat xlink:href="#sPointingRel155" value="case"/>
		<feat xlink:href="#sPointingRel157" value="appos"/>
		<feat xlink:href="#sPointingRel159" value="nsubj"/>
		<feat xlink:href="#sPointingRel161" value="appos"/>
		<feat xlink:href="#sPointingRel163" value="acl:relcl"/>
		<feat xlink:href="#sPointingRel165" value="cop"/>
		<feat xlink:href="#sPointingRel167" value="det"/>
		<feat xlink:href="#sPointingRel169" value="obj"/>
		<feat xlink:href="#sPointingRel171" value="fixed"/>
		<feat xlink:href="#sPointingRel173" value="nmod"/>
		<feat xlink:href="#sPointingRel175" value="case"/>
		<feat xlink:href="#sPointingRel177" value="conj"/>
		<feat xlink:href="#sPointingRel179" value="nsubj"/>
		<feat xlink:href="#sPointingRel181" value="nmod"/>
		<feat xlink:href="#sPointingRel183" value="advmod"/>
		<feat xlink:href="#sPointingRel185" value="det"/>
		<feat xlink:href="#sPointingRel187" value="nmod"/>
		<feat xlink:href="#sPointingRel189" value="cc"/>
		<feat xlink:href="#sPointingRel191" value="case"/>
		<feat xlink:href="#sPointingRel193" value="mark"/>
		<feat xlink:href="#sPointingRel195" value="det"/>
		<feat xlink:href="#sPointingRel197" value="mark"/>
		<feat xlink:href="#sPointingRel199" value="det"/>
		<feat xlink:href="#sPointingRel201" value="nsubj"/>
		<feat xlink:href="#sPointingRel203" value="punct"/>
		<feat xlink:href="#sPointingRel205" value="advmod"/>
		<feat xlink:href="#sPointingRel207" value="case"/>
		<feat xlink:href="#sPointingRel209" value="conj"/>
		<feat xlink:href="#sPointingRel211" value="mark"/>
		<feat xlink:href="#sPointingRel213" value="det"/>
		<feat xlink:href="#sPointingRel215" value="nmod"/>
		<feat xlink:href="#sPointingRel217" value="cop"/>
		<feat xlink:href="#sPointingRel219" value="mark"/>
		<feat xlink:href="#sPointingRel221" value="mark"/>
		<feat xlink:href="#sPointingRel223" value="nsubj"/>
		<feat xlink:href="#sPointingRel225" value="aux"/>
		<feat xlink:href="#sPointingRel227" value="mark"/>
		<feat xlink:href="#sPointingRel229" value="det"/>
		<feat xlink:href="#sPointingRel231" value="case"/>
		<feat xlink:href="#sPointingRel233" value="case"/>
		<feat xlink:href="#sPointingRel235" value="case"/>
		<feat xlink:href="#sPointingRel237" value="case"/>
		<feat xlink:href="#sPointingRel239" value="nsubj"/>
		<feat xlink:href="#sPointingRel241" value="advmod"/>
		<feat xlink:href="#sPointingRel243" value="obl"/>
		<feat xlink:href="#sPointingRel245" value="det"/>
		<feat xlink:href="#sPointingRel247" value="parataxis"/>
		<feat xlink:href="#sPointingRel249" value="det"/>
		<feat xlink:href="#sPointingRel251" value="aux"/>
		<feat xlink:href="#sPointingRel253" value="acl:relcl"/>
		<feat xlink:href="#sPointingRel255" value="case"/>
		<feat xlink:href="#sPointingRel257" value="dislocated"/>
		<feat xlink:href="#sPointingRel259" value="case"/>
		<feat xlink:href="#sPointingRel261" value="case"/>
		<feat xlink:href="#sPointingRel263" value="case"/>
		<feat xlink:href="#sPointingRel265" value="nmod"/>
		<feat xlink:href="#sPointingRel267" value="det"/>
		<feat xlink:href="#sPointingRel269" value="nsubj"/>
		<feat xlink:href="#sPointingRel271" value="case"/>
		<feat xlink:href="#sPointingRel273" value="advmod"/>
		<feat xlink:href="#sPointingRel275" value="cc"/>
		<feat xlink:href="#sPointingRel277" value="acl:relcl"/>
		<feat xlink:href="#sPointingRel279" value="punct"/>
		<feat xlink:href="#sPointingRel281" value="det"/>
		<feat xlink:href="#sPointingRel283" value="cop"/>
		<feat xlink:href="#sPointingRel285" value="csubj"/>
		<feat xlink:href="#sPointingRel287" value="nsubj"/>
		<feat xlink:href="#sPointingRel289" value="det"/>
		<feat xlink:href="#sPointingRel291" value="advmod"/>
		<feat xlink:href="#sPointingRel293" value="mark"/>
		<feat xlink:href="#sPointingRel295" value="case"/>
		<feat xlink:href="#sPointingRel297" value="punct"/>
		<feat xlink:href="#sPointingRel299" value="case"/>
		<feat xlink:href="#sPointingRel301" value="punct"/>
		<feat xlink:href="#sPointingRel303" value="case"/>
		<feat xlink:href="#sPointingRel305" value="nsubj"/>
		<feat xlink:href="#sPointingRel307" value="case"/>
		<feat xlink:href="#sPointingRel309" value="iobj"/>
		<feat xlink:href="#sPointingRel311" value="det"/>
		<feat xlink:href="#sPointingRel313" value="case"/>
		<feat xlink:href="#sPointingRel315" value="mark"/>
		<feat xlink:href="#sPointingRel317" value="obl"/>
		<feat xlink:href="#sPointingRel319" value="cop"/>
		<feat xlink:href="#sPointingRel321" value="nmod"/>
		<feat xlink:href="#sPointingRel323" value="obl"/>
		<feat xlink:href="#sPointingRel325" value="det"/>
		<feat xlink:href="#sPointingRel327" value="nmod"/>
		<feat xlink:href="#sPointingRel329" value="obl"/>
		<feat xlink:href="#sPointingRel331" value="det"/>
		<feat xlink:href="#sPointingRel333" value="nmod"/>
		<feat xlink:href="#sPointingRel335" value="obj"/>
		<feat xlink:href="#sPointingRel337" value="det"/>
		<feat xlink:href="#sPointingRel339" value="parataxis"/>
		<feat xlink:href="#sPointingRel341" value="case"/>
		<feat xlink:href="#sPointingRel343" value="case"/>
		<feat xlink:href="#sPointingRel345" value="cc"/>
		<feat xlink:href="#sPointingRel347" value="nmod"/>
		<feat xlink:href="#sPointingRel349" value="nsubj"/>
		<feat xlink:href="#sPointingRel351" value="nsubj"/>
		<feat xlink:href="#sPointingRel353" value="punct"/>
		<feat xlink:href="#sPointingRel355" value="punct"/>
		<feat xlink:href="#sPointingRel357" value="obl"/>
		<feat xlink:href="#sPointingRel359" value="advmod"/>
		<feat xlink:href="#sPointingRel361" value="nsubj"/>
		<feat xlink:href="#sPointingRel363" value="det"/>
		<feat xlink:href="#sPointingRel365" value="det"/>
		<feat xlink:href="#sPointingRel367" value="case"/>
		<feat xlink:href="#sPointingRel369" value="cop"/>
		<feat xlink:href="#sPointingRel371" value="appos"/>
		<feat xlink:href="#sPointingRel373" value="obj"/>
		<feat xlink:href="#sPointingRel375" value="case"/>
		<feat xlink:href="#sPointingRel377" value="punct"/>
		<feat xlink:href="#sPointingRel379" value="case"/>
		<feat xlink:href="#sPointingRel381" value="mark"/>
		<feat xlink:href="#sPointingRel383" value="case"/>
		<feat xlink:href="#sPointingRel385" value="advcl"/>
		<feat xlink:href="#sPointingRel387" value="acl:relcl"/>
		<feat xlink:href="#sPointingRel389" value="nsubj"/>
		<feat xlink:href="#sPointingRel391" value="punct"/>
		<feat xlink:href="#sPointingRel393" value="acl:relcl"/>
		<feat xlink:href="#sPointingRel395" value="case"/>
		<feat xlink:href="#sPointingRel397" value="mark"/>
		<feat xlink:href="#sPointingRel399" value="mark"/>
		<feat xlink:href="#sPointingRel401" value="advmod"/>
		<feat xlink:href="#sPointingRel403" value="nsubj"/>
		<feat xlink:href="#sPointingRel405" value="nmod"/>
		<feat xlink:href="#sPointingRel407" value="det"/>
		<feat xlink:href="#sPointingRel409" value="obl"/>
		<feat xlink:href="#sPointingRel411" value="nsubj"/>
		<feat xlink:href="#sPointingRel413" value="nsubj"/>
		<feat xlink:href="#sPointingRel415" value="cc"/>
		<feat xlink:href="#sPointingRel417" value="case"/>
		<feat xlink:href="#sPointingRel419" value="case"/>
		<feat xlink:href="#sPointingRel421" value="conj"/>
		<feat xlink:href="#sPointingRel423" value="nsubj"/>
		<feat xlink:href="#sPointingRel425" value="appos"/>
		<feat xlink:href="#sPointingRel427" value="punct"/>
		<feat xlink:href="#sPointingRel429" value="case"/>
		<feat xlink:href="#sPointingRel431" value="det"/>
		<feat xlink:href="#sPointingRel433" value="ccomp"/>
		<feat xlink:href="#sPointingRel435" value="nmod"/>
		<feat xlink:href="#sPointingRel437" value="nsubj"/>
		<feat xlink:href="#sPointingRel439" value="cc"/>
		<feat xlink:href="#sPointingRel441" value="obl"/>
		<feat xlink:href="#sPointingRel443" value="obj"/>
		<feat xlink:href="#sPointingRel445" value="parataxis"/>
		<feat xlink:href="#sPointingRel447" value="nsubj"/>
		<feat xlink:href="#sPointingRel449" value="advcl"/>
		<feat xlink:href="#sPointingRel451" value="conj"/>
		<feat xlink:href="#sPointingRel453" value="case"/>
		<feat xlink:href="#sPointingRel455" value="case"/>
		<feat xlink:href="#sPointingRel457" value="advmod"/>
		<feat xlink:href="#sPointingRel459" value="case"/>
		<feat xlink:href="#sPointingRel461" value="advmod"/>
		<feat xlink:href="#sPointingRel463" value="case"/>
		<feat xlink:href="#sPointingRel465" value="advmod"/>
		<feat xlink:href="#sPointingRel467" value="aux"/>
		<feat xlink:href="#sPointingRel469" value="nmod"/>
		<feat xlink:href="#sPointingRel471" value="det"/>
		<feat xlink:href="#sPointingRel473" value="nsubj"/>
		<feat xlink:href="#sPointingRel475" value="cop"/>
		<feat xlink:href="#sPointingRel477" value="nsubj"/>
		<feat xlink:href="#sPointingRel479" value="det"/>
		<feat xlink:href="#sPointingRel481" value="aux"/>
		<feat xlink:href="#sPointingRel483" value="punct"/>
		<feat xlink:href="#sPointingRel485" value="mark"/>
		<feat xlink:href="#sPointingRel487" value="nsubj"/>
		<feat xlink:href="#sPointingRel489" value="nmod"/>
		<feat xlink:href="#sPointingRel491" value="nmod"/>
		<feat xlink:href="#sPointingRel493" value="mark"/>
		<feat xlink:href="#sPointingRel495" value="cc"/>
		<feat xlink:href="#sPointingRel497" value="det"/>
		<feat xlink:href="#sPointingRel499" value="obj"/>
		<feat xlink:href="#sPointingRel501" value="case"/>
		<feat xlink:href="#sPointingRel503" value="punct"/>
		<feat xlink:href="#sPointingRel505" value="obl"/>
		<feat xlink:href="#sPointingRel507" value="mark"/>
		<feat xlink:href="#sPointingRel509" value="case"/>
		<feat xlink:href="#sPointingRel511" value="det"/>
		<feat xlink:href="#sPointingRel513" value="advmod"/>
		<feat xlink:href="#sPointingRel515" value="det"/>
		<feat xlink:href="#sPointingRel517" value="case"/>
		<feat xlink:href="#sPointingRel519" value="conj"/>
		<feat xlink:href="#sPointingRel521" value="nsubj"/>
		<feat xlink:href="#sPointingRel523" value="det"/>
		<feat xlink:href="#sPointingRel525" value="case"/>
		<feat xlink:href="#sPointingRel527" value="obl"/>
		<feat xlink:href="#sPointingRel529" value="punct"/>
		<feat xlink:href="#sPointingRel531" value="case"/>
		<feat xlink:href="#sPointingRel533" value="mark"/>
		<feat xlink:href="#sPointingRel535" value="mark"/>
		<feat xlink:href="#sPointingRel537" value="nmod"/>
		<feat xlink:href="#sPointingRel539" value="mark"/>
		<feat xlink:href="#sPointingRel541" value="obl"/>
		<feat xlink:href="#sPointingRel543" value="parataxis"/>
		<feat xlink:href="#sPointingRel545" value="advmod"/>
		<feat xlink:href="#sPointingRel547" value="conj"/>
		<feat xlink:href="#sPointingRel549" value="advmod"/>
		<feat xlink:href="#sPointingRel551" value="xcomp"/>
		<feat xlink:href="#sPointingRel553" value="nsubj"/>
		<feat xlink:href="#sPointingRel555" value="mark"/>
		<feat xlink:href="#sPointingRel557" value="advmod"/>
		<feat xlink:href="#sPointingRel559" value="aux"/>
		<feat xlink:href="#sPointingRel561" value="case"/>
		<feat xlink:href="#sPointingRel563" value="case"/>
		<feat xlink:href="#sPointingRel565" value="mark"/>
		<feat xlink:href="#sPointingRel567" value="nsubj"/>
		<feat xlink:href="#sPointingRel569" value="acl:relcl"/>
		<feat xlink:href="#sPointingRel571" value="aux"/>
		<feat xlink:href="#sPointingRel573" value="obj"/>
		<feat xlink:href="#sPointingRel575" value="advmod"/>
		<feat xlink:href="#sPointingRel577" value="conj"/>
		<feat xlink:href="#sPointingRel579" value="det"/>
		<feat xlink:href="#sPointingRel581" value="punct"/>
		<feat xlink:href="#sPointingRel583" value="det"/>
		<feat xlink:href="#sPointingRel585" value="acl:relcl"/>
		<feat xlink:href="#sPointingRel587" value="aux"/>
		<feat xlink:href="#sPointingRel589" value="punct"/>
		<feat xlink:href="#sPointingRel591" value="nmod"/>
		<feat xlink:href="#sPointingRel593" value="det"/>
		<feat xlink:href="#sPointingRel595" value="det"/>
		<feat xlink:href="#sPointingRel597" value="cc"/>
		<feat xlink:href="#sPointingRel599" value="nmod"/>
		<feat xlink:href="#sPointingRel601" value="punct"/>
		<feat xlink:href="#sPointingRel603" value="advmod"/>
		<feat xlink:href="#sPointingRel605" value="mark"/>
		<feat xlink:href="#sPointingRel607" value="mark"/>
		<feat xlink:href="#sPointingRel609" value="det"/>
		<feat xlink:href="#sPointingRel611" value="nsubj"/>
		<feat xlink:href="#sPointingRel613" value="nsubj"/>
		<feat xlink:href="#sPointingRel615" value="obl"/>
		<feat xlink:href="#sPointingRel617" value="case"/>
		<feat xlink:href="#sPointingRel619" value="case"/>
		<feat xlink:href="#sPointingRel621" value="aux"/>
		<feat xlink:href="#sPointingRel623" value="acl:relcl"/>
		<feat xlink:href="#sPointingRel625" value="nmod"/>
		<feat xlink:href="#sPointingRel627" value="cc"/>
		<feat xlink:href="#sPointingRel629" value="det"/>
		<feat xlink:href="#sPointingRel631" value="aux"/>
		<feat xlink:href="#sPointingRel633" value="ccomp"/>
		<feat xlink:href="#sPointingRel635" value="det"/>
		<feat xlink:href="#sPointingRel637" value="obj"/>
		<feat xlink:href="#sPointingRel639" value="det"/>
		<feat xlink:href="#sPointingRel641" value="case"/>
		<feat xlink:href="#sPointingRel643" value="obl"/>
		<feat xlink:href="#sPointingRel645" value="nmod"/>
		<feat xlink:href="#sPointingRel647" value="obj"/>
		<feat xlink:href="#sPointingRel649" value="punct"/>
		<feat xlink:href="#sPointingRel651" value="punct"/>
		<feat xlink:href="#sPointingRel653" value="obl"/>
		<feat xlink:href="#sPointingRel655" value="aux"/>
		<feat xlink:href="#sPointingRel657" value="aux"/>
		<feat xlink:href="#sPointingRel659" value="mark"/>
		<feat xlink:href="#sPointingRel661" value="punct"/>
		<feat xlink:href="#sPointingRel663" value="mark"/>
		<feat xlink:href="#sPointingRel665" value="nmod"/>
		<feat xlink:href="#sPointingRel667" value="case"/>
		<feat xlink:href="#sPointingRel669" value="advcl"/>
		<feat xlink:href="#sPointingRel671" value="obl:npmod"/>
		<feat xlink:href="#sPointingRel673" value="case"/>
		<feat xlink:href="#sPointingRel675" value="punct"/>
		<feat xlink:href="#sPointingRel677" value="mark"/>
		<feat xlink:href="#sPointingRel679" value="acl:relcl"/>
		<feat xlink:href="#sPointingRel681" value="case"/>
		<feat xlink:href="#sPointingRel683" value="det"/>
		<feat xlink:href="#sPointingRel685" value="case"/>
		<feat xlink:href="#sPointingRel687" value="conj"/>
		<feat xlink:href="#sPointingRel689" value="obl"/>
		<feat xlink:href="#sPointingRel691" value="punct"/>
		<feat xlink:href="#sPointingRel693" value="acl:relcl"/>
		<feat xlink:href="#sPointingRel695" value="cc"/>
		<feat xlink:href="#sPointingRel697" value="obj"/>
		<feat xlink:href="#sPointingRel699" value="nmod"/>
		<feat xlink:href="#sPointingRel701" value="advmod"/>
		<feat xlink:href="#sPointingRel703" value="nmod"/>
		<feat xlink:href="#sPointingRel705" value="det"/>
		<feat xlink:href="#sPointingRel707" value="fixed"/>
		<feat xlink:href="#sPointingRel709" value="det"/>
		<feat xlink:href="#sPointingRel711" value="acl:relcl"/>
		<feat xlink:href="#sPointingRel713" value="aux"/>
		<feat xlink:href="#sPointingRel715" value="obl"/>
		<feat xlink:href="#sPointingRel717" value="obl"/>
		<feat xlink:href="#sPointingRel719" value="nmod"/>
		<feat xlink:href="#sPointingRel721" value="obj"/>
		<feat xlink:href="#sPointingRel723" value="det"/>
		<feat xlink:href="#sPointingRel725" value="obj"/>
		<feat xlink:href="#sPointingRel727" value="det"/>
		<feat xlink:href="#sPointingRel729" value="case"/>
		<feat xlink:href="#sPointingRel731" value="case"/>
		<feat xlink:href="#sPointingRel733" value="mark"/>
		<feat xlink:href="#sPointingRel735" value="dislocated"/>
		<feat xlink:href="#sPointingRel737" value="aux"/>
		<feat xlink:href="#sPointingRel739" value="case"/>
		<feat xlink:href="#sPointingRel741" value="case"/>
		<feat xlink:href="#sPointingRel743" value="obj"/>
		<feat xlink:href="#sPointingRel745" value="obl"/>
		<feat xlink:href="#sPointingRel747" value="acl:relcl"/>
		<feat xlink:href="#sPointingRel749" value="conj"/>
		<feat xlink:href="#sPointingRel751" value="ccomp"/>
		<feat xlink:href="#sPointingRel753" value="case"/>
		<feat xlink:href="#sPointingRel755" value="cc"/>
		<feat xlink:href="#sPointingRel757" value="obj"/>
		<feat xlink:href="#sPointingRel759" value="obj"/>
		<feat xlink:href="#sPointingRel761" value="det"/>
		<feat xlink:href="#sPointingRel763" value="case"/>
		<feat xlink:href="#sPointingRel765" value="nsubj"/>
		<feat xlink:href="#sPointingRel767" value="cc"/>
		<feat xlink:href="#sPointingRel769" value="punct"/>
		<feat xlink:href="#sPointingRel771" value="aux"/>
		<feat xlink:href="#sPointingRel773" value="case"/>
		<feat xlink:href="#sPointingRel775" value="det"/>
		<feat xlink:href="#sPointingRel777" value="aux"/>
		<feat xlink:href="#sPointingRel779" value="parataxis"/>
		<feat xlink:href="#sPointingRel781" value="nmod"/>
		<feat xlink:href="#sPointingRel783" value="case"/>
		<feat xlink:href="#sPointingRel785" value="obj"/>
		<feat xlink:href="#sPointingRel787" value="advmod"/>
		<feat xlink:href="#sPointingRel789" value="nsubj"/>
		<feat xlink:href="#sPointingRel791" value="conj"/>
		<feat xlink:href="#sPointingRel793" value="obj"/>
		<feat xlink:href="#sPointingRel795" value="vocative"/>
		<feat xlink:href="#sPointingRel797" value="case"/>
		<feat xlink:href="#sPointingRel799" value="det"/>
		<feat xlink:href="#sPointingRel801" value="advcl"/>
		<feat xlink:href="#sPointingRel803" value="nmod"/>
		<feat xlink:href="#sPointingRel805" value="dislocated"/>
		<feat xlink:href="#sPointingRel807" value="case"/>
		<feat xlink:href="#sPointingRel809" value="mark"/>
		<feat xlink:href="#sPointingRel811" value="case"/>
		<feat xlink:href="#sPointingRel813" value="case"/>
		<feat xlink:href="#sPointingRel815" value="advmod"/>
		<feat xlink:href="#sPointingRel817" value="advcl"/>
		<feat xlink:href="#sPointingRel819" value="mark"/>
		<feat xlink:href="#sPointingRel821" value="det"/>
		<feat xlink:href="#sPointingRel823" value="advmod"/>
		<feat xlink:href="#sPointingRel825" value="det"/>
		<feat xlink:href="#sPointingRel827" value="obl"/>
		<feat xlink:href="#sPointingRel829" value="obl"/>
		<feat xlink:href="#sPointingRel831" value="det"/>
		<feat xlink:href="#sPointingRel833" value="det"/>
		<feat xlink:href="#sPointingRel835" value="det"/>
		<feat xlink:href="#sPointingRel837" value="punct"/>
		<feat xlink:href="#sPointingRel839" value="det"/>
		<feat xlink:href="#sPointingRel841" value="nsubj"/>
		<feat xlink:href="#sPointingRel843" value="advmod"/>
		<feat xlink:href="#sPointingRel845" value="dislocated"/>
		<feat xlink:href="#sPointingRel847" value="det"/>
		<feat xlink:href="#sPointingRel849" value="nsubj"/>
		<feat xlink:href="#sPointingRel851" value="mark"/>
		<feat xlink:href="#sPointingRel853" value="case"/>
		<feat xlink:href="#sPointingRel855" value="det"/>
		<feat xlink:href="#sPointingRel857" value="mark"/>
		<feat xlink:href="#sPointingRel859" value="mark"/>
		<feat xlink:href="#sPointingRel861" value="mark"/>
		<feat xlink:href="#sPointingRel863" value="punct"/>
		<feat xlink:href="#sPointingRel865" value="advmod"/>
		<feat xlink:href="#sPointingRel867" value="case"/>
		<feat xlink:href="#sPointingRel869" value="aux"/>
		<feat xlink:href="#sPointingRel871" value="advmod"/>
		<feat xlink:href="#sPointingRel873" value="obj"/>
		<feat xlink:href="#sPointingRel875" value="aux"/>
		<feat xlink:href="#sPointingRel877" value="nmod"/>
		<feat xlink:href="#sPointingRel879" value="det"/>
		<feat xlink:href="#sPointingRel881" value="case"/>
		<feat xlink:href="#sPointingRel883" value="mark"/>
		<feat xlink:href="#sPointingRel885" value="conj"/>
		<feat xlink:href="#sPointingRel887" value="nsubj"/>
		<feat xlink:href="#sPointingRel889" value="nmod"/>
		<feat xlink:href="#sPointingRel891" value="punct"/>
		<feat xlink:href="#sPointingRel893" value="obl"/>
		<feat xlink:href="#sPointingRel895" value="nmod"/>
		<feat xlink:href="#sPointingRel897" value="nmod"/>
		<feat xlink:href="#sPointingRel899" value="obl"/>
		<feat xlink:href="#sPointingRel901" value="acl:relcl"/>
		<feat xlink:href="#sPointingRel903" value="dislocated"/>
		<feat xlink:href="#sPointingRel905" value="nmod"/>
		<feat xlink:href="#sPointingRel907" value="punct"/>
		<feat xlink:href="#sPointingRel909" value="obj"/>
		<feat xlink:href="#sPointingRel911" value="nmod"/>
		<feat xlink:href="#sPointingRel913" value="cc"/>
		<feat xlink:href="#sPointingRel915" value="obj"/>
		<feat xlink:href="#sPointingRel917" value="mark"/>
		<feat xlink:href="#sPointingRel919" value="advcl"/>
		<feat xlink:href="#sPointingRel921" value="conj"/>
		<feat xlink:href="#sPointingRel923" value="punct"/>
		<feat xlink:href="#sPointingRel925" value="advmod"/>
		<feat xlink:href="#sPointingRel927" value="nmod"/>
		<feat xlink:href="#sPointingRel929" value="conj"/>
		<feat xlink:href="#sPointingRel931" value="det"/>
		<feat xlink:href="#sPointingRel933" value="parataxis"/>
		<feat xlink:href="#sPointingRel935" value="cc"/>
		<feat xlink:href="#sPointingRel937" value="det"/>
		<feat xlink:href="#sPointingRel939" value="aux"/>
		<feat xlink:href="#sPointingRel941" value="aux"/>
		<feat xlink:href="#sPointingRel943" value="case"/>
		<feat xlink:href="#sPointingRel945" value="det"/>
		<feat xlink:href="#sPointingRel947" value="aux"/>
		<feat xlink:href="#sPointingRel949" value="case"/>
		<feat xlink:href="#sPointingRel951" value="advmod"/>
		<feat xlink:href="#sPointingRel953" value="csubj"/>
		<feat xlink:href="#sPointingRel955" value="obl"/>
		<feat xlink:href="#sPointingRel957" value="aux"/>
		<feat xlink:href="#sPointingRel959" value="det"/>
		<feat xlink:href="#sPointingRel961" value="cc"/>
		<feat xlink:href="#sPointingRel963" value="punct"/>
		<feat xlink:href="#sPointingRel965" value="nsubj"/>
		<feat xlink:href="#sPointingRel967" value="obl"/>
		<feat xlink:href="#sPointingRel969" value="det"/>
		<feat xlink:href="#sPointingRel971" value="fixed"/>
		<feat xlink:href="#sPointingRel973" value="parataxis"/>
		<feat xlink:href="#sPointingRel975" value="case"/>
		<feat xlink:href="#sPointingRel977" value="obl"/>
		<feat xlink:href="#sPointingRel979" value="det"/>
		<feat xlink:href="#sPointingRel981" value="mark"/>
		<feat xlink:href="#sPointingRel983" value="parataxis"/>
		<feat xlink:href="#sPointingRel985" value="cc"/>
		<feat xlink:href="#sPointingRel987" value="advmod"/>
		<feat xlink:href="#sPointingRel989" value="nmod"/></featList></paula>