<?xml version='1.0' encoding='UTF-8'?><!DOCTYPE paula SYSTEM "paula_feat.dtd">
<paula version="1.1">
	<header paula_id="scriptorium.40_Matthew_10.mark_lemma"/>
	<featList xmlns:xlink="http://www.w3.org/1999/xlink" type="lemma" xml:base="scriptorium.40_Matthew_10.mark.xml">
		<feat xlink:href="#sSpan1" value="ⲁ"/>
		<feat xlink:href="#sSpan4" value="ⲛⲧⲟϥ"/>
		<feat xlink:href="#sSpan5" value="ⲙⲟⲩⲧⲉ"/>
		<feat xlink:href="#sSpan6" value="ⲇⲉ"/>
		<feat xlink:href="#sSpan8" value="ⲉ"/>
		<feat xlink:href="#sSpan10" value="ⲡⲉϥ"/>
		<feat xlink:href="#sSpan13" value="ⲙⲛⲧⲥⲛⲟⲟⲩⲥ"/>
		<feat xlink:href="#sSpan15" value="ⲛ"/>
		<feat xlink:href="#sSpan17" value="ⲙⲁⲑⲏⲧⲏⲥ"/>
		<feat xlink:href="#sSpan19" value="."/>
		<feat xlink:href="#sSpan21" value="ⲁ"/>
		<feat xlink:href="#sSpan23" value="ⲛⲧⲟϥ"/>
		<feat xlink:href="#sSpan24" value="ϯ"/>
		<feat xlink:href="#sSpan25" value="ⲛⲁ"/>
		<feat xlink:href="#sSpan27" value="ⲛⲧⲟⲟⲩ"/>
		<feat xlink:href="#sSpan28" value="ⲛ"/>
		<feat xlink:href="#sSpan30" value="ⲡ"/>
		<feat xlink:href="#sSpan32" value="ⲉⲝⲟⲩⲥⲓⲁ"/>
		<feat xlink:href="#sSpan33" value="ⲛ"/>
		<feat xlink:href="#sSpan35" value="ⲡ"/>
		<feat xlink:href="#sSpan37" value="ⲡⲛⲉⲩⲙⲁ"/>
		<feat xlink:href="#sSpan38" value="ⲛ"/>
		<feat xlink:href="#sSpan40" value="ⲁⲕⲁⲑⲁⲣⲧⲟⲛ"/>
		<feat xlink:href="#sSpan41" value="ⲉ"/>
		<feat xlink:href="#sSpan43" value="ⲛⲟⲩϫ"/>
		<feat xlink:href="#sSpan44" value="ⲉⲃⲟⲗ"/>
		<feat xlink:href="#sSpan46" value="ⲁⲩⲱ"/>
		<feat xlink:href="#sSpan48" value="ⲉ"/>
		<feat xlink:href="#sSpan50" value="ⲣⲡⲁϩⲣⲉ"/>
		<feat xlink:href="#sSpan51" value="ⲉ"/>
		<feat xlink:href="#sSpan53" value="ϣⲱⲛⲉ"/>
		<feat xlink:href="#sSpan54" value="ⲛⲓⲙ"/>
		<feat xlink:href="#sSpan56" value="ϩⲓ"/>
		<feat xlink:href="#sSpan58" value="ⲗⲟϫⲗⲉϫ"/>
		<feat xlink:href="#sSpan60" value="ⲛⲓⲙ"/>
		<feat xlink:href="#sSpan62" value="."/>
		<feat xlink:href="#sSpan64" value="ⲡⲁⲓ"/>
		<feat xlink:href="#sSpan68" value="ⲇⲉ"/>
		<feat xlink:href="#sSpan70" value="ⲡⲉ"/>
		<feat xlink:href="#sSpan72" value="ⲡ"/>
		<feat xlink:href="#sSpan75" value="ⲣⲁⲛ"/>
		<feat xlink:href="#sSpan76" value="ⲛ"/>
		<feat xlink:href="#sSpan78" value="ⲡ"/>
		<feat xlink:href="#sSpan81" value="ⲙⲛⲧⲥⲛⲟⲟⲩⲥ"/>
		<feat xlink:href="#sSpan83" value="ⲛ"/>
		<feat xlink:href="#sSpan85" value="ⲁⲡⲟⲥⲧⲟⲗⲟⲥ"/>
		<feat xlink:href="#sSpan87" value="."/>
		<feat xlink:href="#sSpan89" value="ⲡ"/>
		<feat xlink:href="#sSpan92" value="ϣⲟⲣⲡ"/>
		<feat xlink:href="#sSpan93" value="ⲡⲉ"/>
		<feat xlink:href="#sSpan95" value="ⲥⲓⲙⲱⲛ"/>
		<feat xlink:href="#sSpan98" value="ⲡ"/>
		<feat xlink:href="#sSpan100" value="ⲉⲧⲉⲣⲉ"/>
		<feat xlink:href="#sSpan101" value="ϣⲁⲣⲉ"/>
		<feat xlink:href="#sSpan102" value="ⲛⲧⲟⲟⲩ"/>
		<feat xlink:href="#sSpan103" value="ⲙⲟⲩⲧⲉ"/>
		<feat xlink:href="#sSpan104" value="ⲉ"/>
		<feat xlink:href="#sSpan106" value="ⲛⲧⲟϥ"/>
		<feat xlink:href="#sSpan107" value="ϫⲉ"/>
		<feat xlink:href="#sSpan109" value="ⲡⲉⲧⲣⲟⲥ"/>
		<feat xlink:href="#sSpan111" value="ⲙⲛ"/>
		<feat xlink:href="#sSpan113" value="ⲁⲛⲇⲣⲉⲁⲥ"/>
		<feat xlink:href="#sSpan115" value="ⲡⲉϥ"/>
		<feat xlink:href="#sSpan117" value="ⲥⲟⲛ"/>
		<feat xlink:href="#sSpan118" value="."/>
		<feat xlink:href="#sSpan120" value="ⲓⲁⲕⲱⲃⲟⲥ"/>
		<feat xlink:href="#sSpan123" value="ⲡ"/>
		<feat xlink:href="#sSpan125" value="ϣⲏⲣⲉ"/>
		<feat xlink:href="#sSpan126" value="ⲛ"/>
		<feat xlink:href="#sSpan128" value="ⲍⲉⲃⲉⲇⲁⲓⲟⲥ"/>
		<feat xlink:href="#sSpan130" value="ⲙⲛ"/>
		<feat xlink:href="#sSpan132" value="ⲓⲱϩⲁⲛⲛⲏⲥ"/>
		<feat xlink:href="#sSpan134" value="ⲡⲉϥ"/>
		<feat xlink:href="#sSpan136" value="ⲥⲟⲛ"/>
		<feat xlink:href="#sSpan137" value="."/>
		<feat xlink:href="#sSpan139" value="ⲫⲓⲗⲓⲡⲡⲟⲥ"/>
		<feat xlink:href="#sSpan143" value="ⲙⲛ"/>
		<feat xlink:href="#sSpan145" value="ⲃⲁⲣⲑⲟⲗⲟⲙⲁⲓⲟⲥ"/>
		<feat xlink:href="#sSpan147" value="ⲑⲱⲙⲁⲥ"/>
		<feat xlink:href="#sSpan149" value="ⲙⲛ"/>
		<feat xlink:href="#sSpan151" value="ⲙⲁⲑⲑⲁⲓⲟⲥ"/>
		<feat xlink:href="#sSpan153" value="ⲡ"/>
		<feat xlink:href="#sSpan155" value="ⲧⲉⲗⲱⲛⲏⲥ"/>
		<feat xlink:href="#sSpan156" value="ⲓⲁⲕⲱⲃⲟⲥ"/>
		<feat xlink:href="#sSpan158" value="ⲡ"/>
		<feat xlink:href="#sSpan160" value="ϣⲏⲣⲉ"/>
		<feat xlink:href="#sSpan161" value="ⲛ"/>
		<feat xlink:href="#sSpan163" value="ⲁⲗⲫⲁⲓⲟⲥ"/>
		<feat xlink:href="#sSpan165" value="ⲙⲛ"/>
		<feat xlink:href="#sSpan167" value="ⲑⲁⲇⲇⲁⲓⲟⲥ"/>
		<feat xlink:href="#sSpan169" value="."/>
		<feat xlink:href="#sSpan171" value="ⲥⲓⲙⲱⲛ"/>
		<feat xlink:href="#sSpan175" value="ⲡ"/>
		<feat xlink:href="#sSpan177" value="ⲕⲁⲛⲁⲛⲓⲧⲏⲥ"/>
		<feat xlink:href="#sSpan178" value="ⲙⲛ"/>
		<feat xlink:href="#sSpan180" value="ⲓⲟⲩⲇⲁⲥ"/>
		<feat xlink:href="#sSpan182" value="ⲡ"/>
		<feat xlink:href="#sSpan184" value="ⲓⲥⲕⲁⲣⲓⲱⲧⲏⲥ"/>
		<feat xlink:href="#sSpan185" value="ⲡ"/>
		<feat xlink:href="#sSpan187" value="ⲉⲧⲉⲣⲉ"/>
		<feat xlink:href="#sSpan188" value="ⲁ"/>
		<feat xlink:href="#sSpan189" value="ⲛⲧⲟϥ"/>
		<feat xlink:href="#sSpan190" value="ⲡⲁⲣⲁⲇⲓⲇⲟⲩ"/>
		<feat xlink:href="#sSpan191" value="ⲛ"/>
		<feat xlink:href="#sSpan193" value="ⲛⲧⲟϥ"/>
		<feat xlink:href="#sSpan194" value="."/>
		<feat xlink:href="#sSpan196" value="ⲡⲉⲓ"/>
		<feat xlink:href="#sSpan201" value="ⲙⲛⲧⲥⲛⲟⲟⲩⲥ"/>
		<feat xlink:href="#sSpan203" value="ⲁ"/>
		<feat xlink:href="#sSpan205" value="ⲛⲧⲟϥ"/>
		<feat xlink:href="#sSpan206" value="ϫⲟⲟⲩ"/>
		<feat xlink:href="#sSpan207" value="ⲛⲧⲟⲟⲩ"/>
		<feat xlink:href="#sSpan208" value="ⲛϭⲓ"/>
		<feat xlink:href="#sSpan210" value="ⲓⲏⲥⲟⲩⲥ"/>
		<feat xlink:href="#sSpan212" value="ⲁ"/>
		<feat xlink:href="#sSpan214" value="ⲛⲧⲟϥ"/>
		<feat xlink:href="#sSpan215" value="ⲡⲁⲣⲁⲅⲅⲉⲓⲗⲉ"/>
		<feat xlink:href="#sSpan216" value="ⲛⲁ"/>
		<feat xlink:href="#sSpan218" value="ⲛⲧⲟⲟⲩ"/>
		<feat xlink:href="#sSpan219" value="ⲉⲣⲉ"/>
		<feat xlink:href="#sSpan221" value="ⲛⲧⲟϥ"/>
		<feat xlink:href="#sSpan222" value="ϫⲱ"/>
		<feat xlink:href="#sSpan223" value="ⲛ"/>
		<feat xlink:href="#sSpan225" value="ⲛⲧⲟⲥ"/>
		<feat xlink:href="#sSpan226" value="ϫⲉ"/>
		<feat xlink:href="#sSpan228" value="ⲙⲡⲣ"/>
		<feat xlink:href="#sSpan229" value="ⲃⲱⲕ"/>
		<feat xlink:href="#sSpan231" value="ⲉ"/>
		<feat xlink:href="#sSpan233" value="ϩⲓⲏ"/>
		<feat xlink:href="#sSpan235" value="ⲛ"/>
		<feat xlink:href="#sSpan237" value="ϩⲉⲑⲛⲟⲥ"/>
		<feat xlink:href="#sSpan239" value="."/>
		<feat xlink:href="#sSpan241" value="ⲁⲩⲱ"/>
		<feat xlink:href="#sSpan243" value="ⲙⲡⲣ"/>
		<feat xlink:href="#sSpan245" value="ⲃⲱ"/>
		<feat xlink:href="#sSpan246" value="ⲛⲧⲟⲕ"/>
		<feat xlink:href="#sSpan247" value="ⲉϩⲟⲩⲛ"/>
		<feat xlink:href="#sSpan249" value="ⲉ"/>
		<feat xlink:href="#sSpan251" value="ⲡⲟⲗⲓⲥ"/>
		<feat xlink:href="#sSpan253" value="ⲛ"/>
		<feat xlink:href="#sSpan255" value="ⲥⲁⲙⲁⲣⲓⲧⲏⲥ"/>
		<feat xlink:href="#sSpan257" value="."/>
		<feat xlink:href="#sSpan259" value="ⲃⲱⲕ"/>
		<feat xlink:href="#sSpan262" value="ⲇⲉ"/>
		<feat xlink:href="#sSpan264" value="ⲛ"/>
		<feat xlink:href="#sSpan266" value="ϩⲟⲩⲟ"/>
		<feat xlink:href="#sSpan267" value="ϣⲁ"/>
		<feat xlink:href="#sSpan269" value="ⲡ"/>
		<feat xlink:href="#sSpan271" value="ⲉⲥⲟⲟⲩ"/>
		<feat xlink:href="#sSpan272" value="ⲉⲧⲉⲣⲉ"/>
		<feat xlink:href="#sSpan274" value="ⲁ"/>
		<feat xlink:href="#sSpan275" value="ⲛⲧⲟⲟⲩ"/>
		<feat xlink:href="#sSpan276" value="ⲥⲱⲣⲙ"/>
		<feat xlink:href="#sSpan277" value="ⲛⲧⲉ"/>
		<feat xlink:href="#sSpan279" value="ⲡ"/>
		<feat xlink:href="#sSpan281" value="ⲏⲓ"/>
		<feat xlink:href="#sSpan282" value="ⲛ"/>
		<feat xlink:href="#sSpan284" value="ⲡ"/>
		<feat xlink:href="#sSpan286" value="ⲓⲥⲣⲁⲏⲗ"/>
		<feat xlink:href="#sSpan287" value="."/>
		<feat xlink:href="#sSpan289" value="ⲉⲣⲉ"/>
		<feat xlink:href="#sSpan292" value="ⲛⲧⲱⲧⲛ"/>
		<feat xlink:href="#sSpan293" value="ⲛⲁ"/>
		<feat xlink:href="#sSpan294" value="ⲃⲱⲕ"/>
		<feat xlink:href="#sSpan295" value="ⲇⲉ"/>
		<feat xlink:href="#sSpan298" value="ⲧⲁϣⲉⲟⲉⲓϣ"/>
		<feat xlink:href="#sSpan301" value="ⲉⲣⲉ"/>
		<feat xlink:href="#sSpan303" value="ⲛⲧⲱⲧⲛ"/>
		<feat xlink:href="#sSpan304" value="ϫⲱ"/>
		<feat xlink:href="#sSpan305" value="ⲛ"/>
		<feat xlink:href="#sSpan307" value="ⲛⲧⲟⲥ"/>
		<feat xlink:href="#sSpan308" value="ϫⲉ"/>
		<feat xlink:href="#sSpan310" value="ⲙⲉⲧⲁⲛⲟⲉⲓ"/>
		<feat xlink:href="#sSpan311" value="."/>
		<feat xlink:href="#sSpan313" value="ⲁ"/>
		<feat xlink:href="#sSpan315" value="ⲛⲧⲟⲥ"/>
		<feat xlink:href="#sSpan316" value="ϩⲱⲛ"/>
		<feat xlink:href="#sSpan317" value="ⲅⲁⲣ"/>
		<feat xlink:href="#sSpan319" value="ⲉϩⲟⲩⲛ"/>
		<feat xlink:href="#sSpan321" value="ⲛϭⲓ"/>
		<feat xlink:href="#sSpan323" value="ⲡ"/>
		<feat xlink:href="#sSpan326" value="ⲙⲛⲧⲣⲣⲟ"/>
		<feat xlink:href="#sSpan328" value="ⲛ"/>
		<feat xlink:href="#sSpan330" value="ⲡ"/>
		<feat xlink:href="#sSpan332" value="ⲡⲉ"/>
		<feat xlink:href="#sSpan333" value="."/>
		<feat xlink:href="#sSpan335" value="ⲡ"/>
		<feat xlink:href="#sSpan339" value="ⲉⲧⲉⲣⲉ"/>
		<feat xlink:href="#sSpan340" value="ϣⲱⲛⲉ"/>
		<feat xlink:href="#sSpan341" value="ⲁ_ⲛⲧⲟ"/>
		<feat xlink:href="#sSpan343" value="ⲁⲛⲟⲕ"/>
		<feat xlink:href="#sSpan344" value="ⲡ"/>
		<feat xlink:href="#sSpan346" value="ⲁϩⲣ"/>
		<feat xlink:href="#sSpan347" value="ⲉ"/>
		<feat xlink:href="#sSpan349" value="ⲛⲧⲟⲟⲩ"/>
		<feat xlink:href="#sSpan350" value="ⲡ"/>
		<feat xlink:href="#sSpan353" value="ⲉⲧⲉⲣⲉ"/>
		<feat xlink:href="#sSpan354" value="ⲥⲱⲃϩ"/>
		<feat xlink:href="#sSpan355" value="ⲧⲃⲃⲟ"/>
		<feat xlink:href="#sSpan357" value="ⲛⲧⲟⲟⲩ"/>
		<feat xlink:href="#sSpan358" value="ⲛ"/>
		<feat xlink:href="#sSpan360" value="ⲇⲁⲓⲙⲱⲛⲓⲟⲛ"/>
		<feat xlink:href="#sSpan362" value="ⲛⲟⲩϫⲉ"/>
		<feat xlink:href="#sSpan364" value="ⲛⲧⲟⲟⲩ"/>
		<feat xlink:href="#sSpan365" value="ⲉⲃⲟⲗ"/>
		<feat xlink:href="#sSpan367" value="ⲁ"/>
		<feat xlink:href="#sSpan369" value="ⲛⲧⲱⲧⲛ"/>
		<feat xlink:href="#sSpan370" value="ϫⲓ"/>
		<feat xlink:href="#sSpan371" value="ⲛ"/>
		<feat xlink:href="#sSpan373" value="ϫⲓⲛϫⲏ"/>
		<feat xlink:href="#sSpan375" value="ϯ"/>
		<feat xlink:href="#sSpan377" value="ⲛ"/>
		<feat xlink:href="#sSpan378" value="ϫⲓⲛϫⲏ"/>
		<feat xlink:href="#sSpan380" value="."/>
		<feat xlink:href="#sSpan382" value="ⲙⲡⲣ"/>
		<feat xlink:href="#sSpan385" value="ϫⲡⲟ"/>
		<feat xlink:href="#sSpan386" value="ⲛⲁ"/>
		<feat xlink:href="#sSpan388" value="ⲛⲧⲱⲧⲛ"/>
		<feat xlink:href="#sSpan389" value="ⲛ"/>
		<feat xlink:href="#sSpan391" value="ⲟⲩ"/>
		<feat xlink:href="#sSpan393" value="ⲛⲟⲩⲃ"/>
		<feat xlink:href="#sSpan394" value="."/>
		<feat xlink:href="#sSpan396" value="ⲟⲩⲧⲉ"/>
		<feat xlink:href="#sSpan398" value="ⲟⲩ"/>
		<feat xlink:href="#sSpan401" value="ϩⲁⲧ"/>
		<feat xlink:href="#sSpan402" value="."/>
		<feat xlink:href="#sSpan404" value="ⲟⲩⲇⲉ"/>
		<feat xlink:href="#sSpan406" value="ϩⲟⲙⲛⲧ"/>
		<feat xlink:href="#sSpan409" value="ϩⲛ"/>
		<feat xlink:href="#sSpan411" value="ⲡⲉⲧⲛ"/>
		<feat xlink:href="#sSpan413" value="ⲙⲟϫϩ"/>
		<feat xlink:href="#sSpan414" value="."/>
		<feat xlink:href="#sSpan416" value="ⲟⲩⲧⲉ"/>
		<feat xlink:href="#sSpan419" value="ⲡⲏⲣⲁ"/>
		<feat xlink:href="#sSpan422" value="ⲉ"/>
		<feat xlink:href="#sSpan424" value="ⲡ"/>
		<feat xlink:href="#sSpan426" value="ϩⲓⲏ"/>
		<feat xlink:href="#sSpan427" value="ⲟⲩⲧⲉ"/>
		<feat xlink:href="#sSpan429" value="ϣⲧⲏⲛ"/>
		<feat xlink:href="#sSpan432" value="ⲥⲛⲁⲩ"/>
		<feat xlink:href="#sSpan434" value="ⲟⲩⲧⲉ"/>
		<feat xlink:href="#sSpan436" value="ⲟⲩ"/>
		<feat xlink:href="#sSpan439" value="ⲧⲟⲟⲩⲉ"/>
		<feat xlink:href="#sSpan440" value="ⲟⲩⲧⲉ"/>
		<feat xlink:href="#sSpan442" value="ⲟⲩ"/>
		<feat xlink:href="#sSpan445" value="ϭⲉⲣⲱⲃ"/>
		<feat xlink:href="#sSpan446" value="ⲛⲧⲟϥ"/>
		<feat xlink:href="#sSpan448" value="ⲙⲡϣⲁ"/>
		<feat xlink:href="#sSpan449" value="ⲅⲁⲣ"/>
		<feat xlink:href="#sSpan451" value="ⲛϭⲓ"/>
		<feat xlink:href="#sSpan453" value="ⲡ"/>
		<feat xlink:href="#sSpan455" value="ⲉⲣⲅⲁⲧⲏⲥ"/>
		<feat xlink:href="#sSpan456" value="ⲛ"/>
		<feat xlink:href="#sSpan458" value="ⲡⲉϥ"/>
		<feat xlink:href="#sSpan460" value="ϩⲣⲉ"/>
		<feat xlink:href="#sSpan461" value="."/>
		<feat xlink:href="#sSpan463" value="ⲡ"/>
		<feat xlink:href="#sSpan467" value="ⲡⲟⲗⲓⲥ"/>
		<feat xlink:href="#sSpan468" value="ⲇⲉ"/>
		<feat xlink:href="#sSpan470" value="ⲉⲣⲉ"/>
		<feat xlink:href="#sSpan472" value="ⲛⲧⲱⲧⲛ"/>
		<feat xlink:href="#sSpan473" value="ⲛⲁ"/>
		<feat xlink:href="#sSpan474" value="ⲃⲱⲕ"/>
		<feat xlink:href="#sSpan476" value="ⲉϩⲟⲩⲛ"/>
		<feat xlink:href="#sSpan478" value="ⲉ"/>
		<feat xlink:href="#sSpan480" value="ⲛⲧⲟⲥ"/>
		<feat xlink:href="#sSpan481" value="ⲏ"/>
		<feat xlink:href="#sSpan483" value="ⲡ"/>
		<feat xlink:href="#sSpan485" value="ϯⲙⲉ"/>
		<feat xlink:href="#sSpan486" value="."/>
		<feat xlink:href="#sSpan488" value="ϣⲓⲛⲉ"/>
		<feat xlink:href="#sSpan490" value="ϩⲣⲁⲓ"/>
		<feat xlink:href="#sSpan493" value="ϩⲛ"/>
		<feat xlink:href="#sSpan495" value="ⲛⲧⲟⲥ"/>
		<feat xlink:href="#sSpan496" value="ϫⲉ"/>
		<feat xlink:href="#sSpan498" value="ⲛⲓⲙ"/>
		<feat xlink:href="#sSpan499" value="ⲡ"/>
		<feat xlink:href="#sSpan501" value="ⲉⲧⲉⲣⲉ"/>
		<feat xlink:href="#sSpan502" value="ⲙⲡϣⲁ"/>
		<feat xlink:href="#sSpan503" value="ⲛⲧⲉ"/>
		<feat xlink:href="#sSpan505" value="ⲛⲧⲱⲧⲛ"/>
		<feat xlink:href="#sSpan506" value="ϭⲱ"/>
		<feat xlink:href="#sSpan507" value="ϩⲛ"/>
		<feat xlink:href="#sSpan509" value="ⲡ"/>
		<feat xlink:href="#sSpan511" value="ⲙⲁ"/>
		<feat xlink:href="#sSpan512" value="ⲉⲧⲉⲣⲉ"/>
		<feat xlink:href="#sSpan514" value="ⲙⲙⲁⲩ"/>
		<feat xlink:href="#sSpan515" value="ϣⲁⲛⲧⲉ"/>
		<feat xlink:href="#sSpan517" value="ⲁⲛⲟⲛ"/>
		<feat xlink:href="#sSpan518" value="ⲉⲓ"/>
		<feat xlink:href="#sSpan520" value="ⲉⲃⲟⲗ"/>
		<feat xlink:href="#sSpan522" value="."/>
		<feat xlink:href="#sSpan524" value="ⲉⲣⲉ"/>
		<feat xlink:href="#sSpan527" value="ⲛⲧⲱⲧⲛ"/>
		<feat xlink:href="#sSpan528" value="ⲃⲱⲕ"/>
		<feat xlink:href="#sSpan529" value="ⲇⲉ"/>
		<feat xlink:href="#sSpan531" value="ⲉϩⲟⲩⲛ"/>
		<feat xlink:href="#sSpan533" value="ⲉ"/>
		<feat xlink:href="#sSpan535" value="ⲡ"/>
		<feat xlink:href="#sSpan537" value="ⲏⲓ"/>
		<feat xlink:href="#sSpan538" value="ⲁⲥⲡⲁⲍⲉ"/>
		<feat xlink:href="#sSpan540" value="ⲛ"/>
		<feat xlink:href="#sSpan542" value="ⲛⲧⲟϥ"/>
		<feat xlink:href="#sSpan543" value="."/>
		<feat xlink:href="#sSpan545" value="ⲁⲩⲱ"/>
		<feat xlink:href="#sSpan548" value="ⲉϣⲱⲡⲉ"/>
		<feat xlink:href="#sSpan550" value="ⲡ"/>
		<feat xlink:href="#sSpan553" value="ⲏⲓ"/>
		<feat xlink:href="#sSpan554" value="ⲙⲡϣⲁ"/>
		<feat xlink:href="#sSpan556" value="ⲙⲁⲣⲉ"/>
		<feat xlink:href="#sSpan558" value="ⲡⲉⲧⲛ"/>
		<feat xlink:href="#sSpan560" value="ⲉⲓⲣⲏⲛⲏ"/>
		<feat xlink:href="#sSpan561" value="ⲉⲓ"/>
		<feat xlink:href="#sSpan564" value="ⲉϩⲣⲁⲓ"/>
		<feat xlink:href="#sSpan566" value="ⲉϫⲛ"/>
		<feat xlink:href="#sSpan568" value="ⲛⲧⲟϥ"/>
		<feat xlink:href="#sSpan569" value="."/>
		<feat xlink:href="#sSpan571" value="ⲉϣⲱⲡⲉ"/>
		<feat xlink:href="#sSpan573" value="ⲇⲉ"/>
		<feat xlink:href="#sSpan575" value="ⲛⲧⲉ"/>
		<feat xlink:href="#sSpan577" value="ⲛⲧⲟϥ"/>
		<feat xlink:href="#sSpan578" value="ⲙⲡϣⲁ"/>
		<feat xlink:href="#sSpan579" value="ⲁⲛ"/>
		<feat xlink:href="#sSpan581" value="ⲙⲁⲣⲉ"/>
		<feat xlink:href="#sSpan583" value="ⲡⲉⲧⲛ"/>
		<feat xlink:href="#sSpan585" value="ⲉⲓⲣⲏⲛⲏ"/>
		<feat xlink:href="#sSpan586" value="ⲕⲱⲧ"/>
		<feat xlink:href="#sSpan588" value="ⲛⲧⲟⲥ"/>
		<feat xlink:href="#sSpan589" value="ⲉ"/>
		<feat xlink:href="#sSpan591" value="ⲛⲧⲱⲧⲛ"/>
		<feat xlink:href="#sSpan592" value="."/>
		<feat xlink:href="#sSpan594" value="ⲡ"/>
		<feat xlink:href="#sSpan598" value="ⲉⲧⲉⲣⲉ"/>
		<feat xlink:href="#sSpan599" value="ⲛ"/>
		<feat xlink:href="#sSpan600" value="ⲛⲧⲟϥ"/>
		<feat xlink:href="#sSpan601" value="ⲛⲁ"/>
		<feat xlink:href="#sSpan602" value="ϫⲓ"/>
		<feat xlink:href="#sSpan603" value="ⲛⲧⲱⲧⲛ"/>
		<feat xlink:href="#sSpan604" value="ⲇⲉ"/>
		<feat xlink:href="#sSpan606" value="ⲁⲛ"/>
		<feat xlink:href="#sSpan608" value="ⲁⲩⲱ"/>
		<feat xlink:href="#sSpan610" value="ⲛⲧⲉ"/>
		<feat xlink:href="#sSpan612" value="ⲛⲧⲟϥ"/>
		<feat xlink:href="#sSpan613" value="ⲧⲙ"/>
		<feat xlink:href="#sSpan614" value="ⲥⲱⲧⲙ"/>
		<feat xlink:href="#sSpan615" value="ⲉ"/>
		<feat xlink:href="#sSpan617" value="ⲡⲉⲧⲛ"/>
		<feat xlink:href="#sSpan619" value="ϣⲁϫⲉ"/>
		<feat xlink:href="#sSpan620" value="ⲉⲣⲉ"/>
		<feat xlink:href="#sSpan622" value="ⲛⲧⲱⲧⲛ"/>
		<feat xlink:href="#sSpan623" value="ⲉⲓ"/>
		<feat xlink:href="#sSpan624" value="ⲇⲉ"/>
		<feat xlink:href="#sSpan626" value="ⲉⲃⲟⲗ"/>
		<feat xlink:href="#sSpan629" value="ϩⲛ"/>
		<feat xlink:href="#sSpan631" value="ⲡ"/>
		<feat xlink:href="#sSpan633" value="ⲏⲓ"/>
		<feat xlink:href="#sSpan634" value="ⲏ"/>
		<feat xlink:href="#sSpan636" value="ⲡ"/>
		<feat xlink:href="#sSpan638" value="ⲡⲟⲗⲓⲥ"/>
		<feat xlink:href="#sSpan639" value="ⲉⲧⲉⲣⲉ"/>
		<feat xlink:href="#sSpan641" value="ⲙⲙⲁⲩ"/>
		<feat xlink:href="#sSpan642" value="ⲏ"/>
		<feat xlink:href="#sSpan644" value="ⲡ"/>
		<feat xlink:href="#sSpan646" value="ϯⲙⲉ"/>
		<feat xlink:href="#sSpan647" value="ⲛⲟⲩϩⲉ"/>
		<feat xlink:href="#sSpan650" value="ⲉⲃⲟⲗ"/>
		<feat xlink:href="#sSpan652" value="ⲛ"/>
		<feat xlink:href="#sSpan654" value="ⲡ"/>
		<feat xlink:href="#sSpan656" value="ϣⲟⲉⲓϣ"/>
		<feat xlink:href="#sSpan657" value="ⲛ"/>
		<feat xlink:href="#sSpan659" value="ⲡⲉⲧⲛ"/>
		<feat xlink:href="#sSpan661" value="ⲟⲩⲉⲣⲏⲧⲉ"/>
		<feat xlink:href="#sSpan662" value="."/>
		<feat xlink:href="#sSpan664" value="ϩⲁⲙⲏⲛ"/>
		<feat xlink:href="#sSpan667" value="ⲁⲛⲟⲕ"/>
		<feat xlink:href="#sSpan669" value="ϫⲱ"/>
		<feat xlink:href="#sSpan670" value="ⲛ"/>
		<feat xlink:href="#sSpan672" value="ⲛⲧⲟⲥ"/>
		<feat xlink:href="#sSpan673" value="ⲛⲁ"/>
		<feat xlink:href="#sSpan675" value="ⲛⲧⲱⲧⲛ"/>
		<feat xlink:href="#sSpan676" value="."/>
		<feat xlink:href="#sSpan678" value="ϫⲉ"/>
		<feat xlink:href="#sSpan680" value="ⲟⲩⲛ"/>
		<feat xlink:href="#sSpan681" value="ⲟⲩ"/>
		<feat xlink:href="#sSpan683" value="ⲙⲧⲟⲛ"/>
		<feat xlink:href="#sSpan684" value="ⲛⲁ"/>
		<feat xlink:href="#sSpan686" value="ϣⲱⲡⲉ"/>
		<feat xlink:href="#sSpan687" value="ϩⲛ"/>
		<feat xlink:href="#sSpan689" value="ⲡ"/>
		<feat xlink:href="#sSpan691" value="ⲕⲁϩ"/>
		<feat xlink:href="#sSpan692" value="ⲛ"/>
		<feat xlink:href="#sSpan694" value="ⲥⲟⲇⲟⲙⲁ"/>
		<feat xlink:href="#sSpan696" value="ⲙⲛ"/>
		<feat xlink:href="#sSpan698" value="ⲅⲟⲙⲟⲣⲣⲁ"/>
		<feat xlink:href="#sSpan700" value="ϩⲛ"/>
		<feat xlink:href="#sSpan702" value="ⲡ"/>
		<feat xlink:href="#sSpan704" value="ϩⲟⲟⲩ"/>
		<feat xlink:href="#sSpan705" value="ⲛ"/>
		<feat xlink:href="#sSpan707" value="ⲡ"/>
		<feat xlink:href="#sSpan709" value="ⲕⲣⲓⲥⲓⲥ"/>
		<feat xlink:href="#sSpan710" value="ⲉ"/>
		<feat xlink:href="#sSpan712" value="ϩⲟⲩⲟ"/>
		<feat xlink:href="#sSpan714" value="ⲡ"/>
		<feat xlink:href="#sSpan716" value="ⲡⲟⲗⲓⲥ"/>
		<feat xlink:href="#sSpan717" value="ⲉⲧⲉⲣⲉ"/>
		<feat xlink:href="#sSpan719" value="ⲙⲙⲁⲩ"/>
		<feat xlink:href="#sSpan720" value="."/>
		<feat xlink:href="#sSpan722" value="ⲉⲓⲥ"/>
		<feat xlink:href="#sSpan726" value="ϩⲏⲏⲧⲉ"/>
		<feat xlink:href="#sSpan728" value="ⲁⲛⲟⲕ"/>
		<feat xlink:href="#sSpan730" value="ⲁⲛⲟⲕ"/>
		<feat xlink:href="#sSpan732" value="ϫⲟⲟⲩ"/>
		<feat xlink:href="#sSpan733" value="ⲛ"/>
		<feat xlink:href="#sSpan735" value="ⲛⲧⲱⲧⲛ"/>
		<feat xlink:href="#sSpan736" value="ⲛ"/>
		<feat xlink:href="#sSpan738" value="ⲡ"/>
		<feat xlink:href="#sSpan739" value="ϩⲉ"/>
		<feat xlink:href="#sSpan740" value="ⲛ"/>
		<feat xlink:href="#sSpan742" value="ⲟⲩ"/>
		<feat xlink:href="#sSpan744" value="ⲉⲥⲟⲟⲩ"/>
		<feat xlink:href="#sSpan745" value="ϩⲛ"/>
		<feat xlink:href="#sSpan747" value="ⲡ"/>
		<feat xlink:href="#sSpan749" value="ⲙⲏⲧⲉ"/>
		<feat xlink:href="#sSpan750" value="ⲛ"/>
		<feat xlink:href="#sSpan752" value="ⲟⲩ"/>
		<feat xlink:href="#sSpan754" value="ⲟⲩⲱⲛϣ"/>
		<feat xlink:href="#sSpan755" value="."/>
		<feat xlink:href="#sSpan757" value="ϣⲱⲡⲉ"/>
		<feat xlink:href="#sSpan759" value="ϭⲉ"/>
		<feat xlink:href="#sSpan761" value="ⲛ"/>
		<feat xlink:href="#sSpan763" value="ⲥⲁⲃⲉ"/>
		<feat xlink:href="#sSpan765" value="ⲛ"/>
		<feat xlink:href="#sSpan767" value="ⲡ"/>
		<feat xlink:href="#sSpan768" value="ϩⲉ"/>
		<feat xlink:href="#sSpan769" value="ⲛ"/>
		<feat xlink:href="#sSpan771" value="ⲡ"/>
		<feat xlink:href="#sSpan773" value="ϩⲟϥ"/>
		<feat xlink:href="#sSpan774" value="ⲁⲩⲱ"/>
		<feat xlink:href="#sSpan776" value="ⲡ"/>
		<feat xlink:href="#sSpan779" value="ⲁⲕⲉⲣⲁⲓⲟⲥ"/>
		<feat xlink:href="#sSpan780" value="ⲛ"/>
		<feat xlink:href="#sSpan782" value="ⲡ"/>
		<feat xlink:href="#sSpan783" value="ϩⲉ"/>
		<feat xlink:href="#sSpan784" value="ⲛ"/>
		<feat xlink:href="#sSpan786" value="ⲡⲓ"/>
		<feat xlink:href="#sSpan788" value="ϭⲣⲟⲟⲙⲡⲉ"/>
		<feat xlink:href="#sSpan789" value="."/>
		<feat xlink:href="#sSpan792" value="ϯϩⲧⲏ"/>
		<feat xlink:href="#sSpan796" value="ⲛⲧⲱⲧⲛ"/>
		<feat xlink:href="#sSpan797" value="ⲇⲉ"/>
		<feat xlink:href="#sSpan799" value="ⲉ"/>
		<feat xlink:href="#sSpan801" value="ⲛⲧⲱⲧⲛ"/>
		<feat xlink:href="#sSpan802" value="ⲉⲃⲟⲗ"/>
		<feat xlink:href="#sSpan805" value="ϩⲛ"/>
		<feat xlink:href="#sSpan807" value="ⲡ"/>
		<feat xlink:href="#sSpan809" value="ⲣⲱⲙⲉ"/>
		<feat xlink:href="#sSpan810" value="."/>
		<feat xlink:href="#sSpan812" value="ⲛⲧⲟⲟⲩ"/>
		<feat xlink:href="#sSpan814" value="ⲛⲁ"/>
		<feat xlink:href="#sSpan815" value="ⲡⲁⲣⲁⲇⲓⲇⲟⲩ"/>
		<feat xlink:href="#sSpan816" value="ⲅⲁⲣ"/>
		<feat xlink:href="#sSpan818" value="ⲛ"/>
		<feat xlink:href="#sSpan820" value="ⲛⲧⲱⲧⲛ"/>
		<feat xlink:href="#sSpan821" value="ⲉ"/>
		<feat xlink:href="#sSpan823" value="ⲡ"/>
		<feat xlink:href="#sSpan825" value="ⲥⲩⲛϩⲉⲇⲣⲓⲟⲛ"/>
		<feat xlink:href="#sSpan826" value="ⲁⲩⲱ"/>
		<feat xlink:href="#sSpan828" value="ϩⲣⲁⲓ"/>
		<feat xlink:href="#sSpan831" value="ϩⲛ"/>
		<feat xlink:href="#sSpan833" value="ⲡⲉⲩ"/>
		<feat xlink:href="#sSpan835" value="ⲥⲩⲛⲁⲅⲱⲅⲏ"/>
		<feat xlink:href="#sSpan836" value="ⲛⲧⲟⲟⲩ"/>
		<feat xlink:href="#sSpan838" value="ⲛⲁ"/>
		<feat xlink:href="#sSpan839" value="ⲙⲁⲥⲧⲓⲅⲟⲩ"/>
		<feat xlink:href="#sSpan840" value="ⲛ"/>
		<feat xlink:href="#sSpan842" value="ⲛⲧⲱⲧⲛ"/>
		<feat xlink:href="#sSpan843" value="."/>
		<feat xlink:href="#sSpan845" value="ⲛⲧⲉ"/>
		<feat xlink:href="#sSpan848" value="ⲛⲧⲟⲟⲩ"/>
		<feat xlink:href="#sSpan849" value="ϫⲓ"/>
		<feat xlink:href="#sSpan850" value="ⲛⲧⲱⲧⲛ"/>
		<feat xlink:href="#sSpan851" value="ⲛ"/>
		<feat xlink:href="#sSpan853" value="ⲡ"/>
		<feat xlink:href="#sSpan855" value="ϩⲏⲅⲉⲙⲱⲛ"/>
		<feat xlink:href="#sSpan856" value="ⲙⲛ"/>
		<feat xlink:href="#sSpan858" value="ⲡ"/>
		<feat xlink:href="#sSpan860" value="ⲣⲣⲟ"/>
		<feat xlink:href="#sSpan861" value="ⲉⲧⲃⲉ"/>
		<feat xlink:href="#sSpan863" value="ⲡⲉⲩ"/>
		<feat xlink:href="#sSpan866" value="ⲙⲛⲧⲙⲛⲧⲣⲉ"/>
		<feat xlink:href="#sSpan868" value="ⲛⲁ"/>
		<feat xlink:href="#sSpan870" value="ⲛⲧⲟⲟⲩ"/>
		<feat xlink:href="#sSpan871" value="ⲙⲛ"/>
		<feat xlink:href="#sSpan873" value="ⲡ"/>
		<feat xlink:href="#sSpan875" value="ϩⲉⲑⲛⲟⲥ"/>
		<feat xlink:href="#sSpan876" value="."/>
		<feat xlink:href="#sSpan878" value="ϩⲟⲧⲁⲛ"/>
		<feat xlink:href="#sSpan881" value="ⲇⲉ"/>
		<feat xlink:href="#sSpan883" value="ⲉⲣϣⲁⲛ_ⲛⲧⲟⲟⲩ"/>
		<feat xlink:href="#sSpan885" value="ⲡⲁⲣⲁⲇⲓⲇⲟⲩ"/>
		<feat xlink:href="#sSpan886" value="ⲛ"/>
		<feat xlink:href="#sSpan888" value="ⲛⲧⲱⲧⲛ"/>
		<feat xlink:href="#sSpan889" value="ⲙⲡⲣ"/>
		<feat xlink:href="#sSpan892" value="ϥⲓⲣⲟⲟⲩϣ"/>
		<feat xlink:href="#sSpan894" value="ϫⲉ"/>
		<feat xlink:href="#sSpan896" value="ⲛ"/>
		<feat xlink:href="#sSpan897" value="ⲁϣ"/>
		<feat xlink:href="#sSpan898" value="ⲛ"/>
		<feat xlink:href="#sSpan900" value="ϩⲉ"/>
		<feat xlink:href="#sSpan901" value="."/>
		<feat xlink:href="#sSpan903" value="ⲏ"/>
		<feat xlink:href="#sSpan905" value="ⲉⲧⲉⲧⲛⲁ"/>
		<feat xlink:href="#sSpan906" value="ϫⲱ"/>
		<feat xlink:href="#sSpan907" value="ⲛⲧⲟⲥ"/>
		<feat xlink:href="#sSpan908" value="ϫⲉ"/>
		<feat xlink:href="#sSpan910" value="ⲟⲩ"/>
		<feat xlink:href="#sSpan911" value="."/>
		<feat xlink:href="#sSpan913" value="ⲛⲧⲟⲟⲩ"/>
		<feat xlink:href="#sSpan915" value="ⲛⲁ"/>
		<feat xlink:href="#sSpan916" value="ϯ"/>
		<feat xlink:href="#sSpan917" value="ⲅⲁⲣ"/>
		<feat xlink:href="#sSpan919" value="ⲛⲁ"/>
		<feat xlink:href="#sSpan921" value="ⲛⲧⲱⲧⲛ"/>
		<feat xlink:href="#sSpan922" value="ϩⲛ"/>
		<feat xlink:href="#sSpan924" value="ⲡ"/>
		<feat xlink:href="#sSpan925" value="ⲟⲩⲛⲟⲩ"/>
		<feat xlink:href="#sSpan926" value="ⲉⲧⲉⲣⲉ"/>
		<feat xlink:href="#sSpan928" value="ⲙⲙⲁⲩ"/>
		<feat xlink:href="#sSpan929" value="ϫⲉ"/>
		<feat xlink:href="#sSpan931" value="ⲟⲩ"/>
		<feat xlink:href="#sSpan932" value="ⲡ"/>
		<feat xlink:href="#sSpan934" value="ⲉⲧⲉⲣⲉ"/>
		<feat xlink:href="#sSpan935" value="ⲛⲧⲱⲧⲛ"/>
		<feat xlink:href="#sSpan936" value="ⲛⲁ"/>
		<feat xlink:href="#sSpan937" value="ϫⲱ"/>
		<feat xlink:href="#sSpan938" value="ⲛⲧⲟϥ"/>
		<feat xlink:href="#sSpan939" value="."/>
		<feat xlink:href="#sSpan941" value="ⲛⲧⲱⲧⲛ"/>
		<feat xlink:href="#sSpan944" value="ⲅⲁⲣ"/>
		<feat xlink:href="#sSpan946" value="ⲁⲛ"/>
		<feat xlink:href="#sSpan948" value="ⲡ"/>
		<feat xlink:href="#sSpan950" value="ⲉⲧⲉⲣⲉ"/>
		<feat xlink:href="#sSpan951" value="ϣⲁϫⲉ"/>
		<feat xlink:href="#sSpan952" value="ⲁⲗⲗⲁ"/>
		<feat xlink:href="#sSpan954" value="ⲡ"/>
		<feat xlink:href="#sSpan957" value="ⲡⲛⲉⲩⲙⲁ"/>
		<feat xlink:href="#sSpan958" value="ⲛ"/>
		<feat xlink:href="#sSpan960" value="ⲡⲉⲧⲛ"/>
		<feat xlink:href="#sSpan962" value="ⲉⲓⲱⲧ"/>
		<feat xlink:href="#sSpan963" value="ⲡ"/>
		<feat xlink:href="#sSpan965" value="ⲉⲧⲉⲣⲉ"/>
		<feat xlink:href="#sSpan966" value="ϣⲁϫⲉ"/>
		<feat xlink:href="#sSpan967" value="ϩⲛ"/>
		<feat xlink:href="#sSpan969" value="ⲛⲧⲱⲧⲛ"/>
		<feat xlink:href="#sSpan970" value="."/>
		<feat xlink:href="#sSpan972" value="ⲟⲩⲛ"/>
		<feat xlink:href="#sSpan975" value="ⲟⲩ"/>
		<feat xlink:href="#sSpan977" value="ⲥⲟⲛ"/>
		<feat xlink:href="#sSpan978" value="ⲇⲉ"/>
		<feat xlink:href="#sSpan980" value="ⲛⲁ"/>
		<feat xlink:href="#sSpan982" value="ⲡⲁⲣⲁⲇⲓⲇⲟⲩ"/>
		<feat xlink:href="#sSpan983" value="ⲛ"/>
		<feat xlink:href="#sSpan985" value="ⲡⲉϥ"/>
		<feat xlink:href="#sSpan987" value="ⲥⲟⲛ"/>
		<feat xlink:href="#sSpan988" value="ⲉ"/>
		<feat xlink:href="#sSpan990" value="ⲡ"/>
		<feat xlink:href="#sSpan992" value="ⲙⲟⲩ"/>
		<feat xlink:href="#sSpan993" value="."/>
		<feat xlink:href="#sSpan995" value="ⲁⲩⲱ"/>
		<feat xlink:href="#sSpan997" value="ⲟⲩ"/>
		<feat xlink:href="#sSpan1000" value="ⲉⲓⲱⲧ"/>
		<feat xlink:href="#sSpan1001" value="ⲛ"/>
		<feat xlink:href="#sSpan1003" value="ⲡⲉϥ"/>
		<feat xlink:href="#sSpan1005" value="ϣⲏⲣⲉ"/>
		<feat xlink:href="#sSpan1006" value="."/>
		<feat xlink:href="#sSpan1008" value="ⲛ"/>
		<feat xlink:href="#sSpan1010" value="ⲡ"/>
		<feat xlink:href="#sSpan1012" value="ⲛϣⲏⲣⲉ"/>
		<feat xlink:href="#sSpan1013" value="ⲧⲱⲟⲩⲛ"/>
		<feat xlink:href="#sSpan1015" value="ⲉϫⲛ"/>
		<feat xlink:href="#sSpan1017" value="ⲡⲉⲩ"/>
		<feat xlink:href="#sSpan1019" value="ⲉⲓⲱⲧ"/>
		<feat xlink:href="#sSpan1020" value="ⲛⲧⲉ"/>
		<feat xlink:href="#sSpan1022" value="ⲛⲧⲟⲟⲩ"/>
		<feat xlink:href="#sSpan1023" value="ⲙⲟⲩⲟⲩⲧ"/>
		<feat xlink:href="#sSpan1024" value="ⲛ"/>
		<feat xlink:href="#sSpan1026" value="ⲛⲧⲟⲟⲩ"/>
		<feat xlink:href="#sSpan1027" value="."/>
		<feat xlink:href="#sSpan1029" value="ⲛⲧⲉ"/>
		<feat xlink:href="#sSpan1032" value="ⲛⲧⲱⲧⲛ"/>
		<feat xlink:href="#sSpan1033" value="ϣⲱⲡⲉ"/>
		<feat xlink:href="#sSpan1034" value="ⲉⲣⲉ"/>
		<feat xlink:href="#sSpan1036" value="ⲛⲧⲟⲟⲩ"/>
		<feat xlink:href="#sSpan1037" value="ⲙⲟⲥⲧⲉ"/>
		<feat xlink:href="#sSpan1038" value="ⲛ"/>
		<feat xlink:href="#sSpan1040" value="ⲛⲧⲱⲧⲛ"/>
		<feat xlink:href="#sSpan1041" value="ⲉⲃⲟⲗ"/>
		<feat xlink:href="#sSpan1043" value="ϩⲓ"/>
		<feat xlink:href="#sSpan1045" value="ⲡ"/>
		<feat xlink:href="#sSpan1047" value="ⲛⲣⲱⲙⲉ"/>
		<feat xlink:href="#sSpan1048" value="ⲛⲓⲙ"/>
		<feat xlink:href="#sSpan1050" value="ⲉⲧⲃⲉ"/>
		<feat xlink:href="#sSpan1052" value="ⲡⲁ"/>
		<feat xlink:href="#sSpan1054" value="ⲣⲁⲛ"/>
		<feat xlink:href="#sSpan1055" value="."/>
		<feat xlink:href="#sSpan1057" value="ⲡ"/>
		<feat xlink:href="#sSpan1060" value="ⲉⲧⲉⲣⲉ"/>
		<feat xlink:href="#sSpan1061" value="ⲛⲁ"/>
		<feat xlink:href="#sSpan1062" value="ϩⲩⲡⲟⲙⲉⲓⲛⲉ"/>
		<feat xlink:href="#sSpan1063" value="ⲇⲉ"/>
		<feat xlink:href="#sSpan1065" value="ϣⲁⲃⲟⲗ"/>
		<feat xlink:href="#sSpan1067" value="ⲡⲁⲓ"/>
		<feat xlink:href="#sSpan1070" value="ⲡ"/>
		<feat xlink:href="#sSpan1072" value="ⲉⲧⲉⲣⲉ"/>
		<feat xlink:href="#sSpan1073" value="ⲛⲁ"/>
		<feat xlink:href="#sSpan1074" value="ⲟⲩϫⲁⲓ"/>
		<feat xlink:href="#sSpan1075" value="."/>
		<feat xlink:href="#sSpan1077" value="ϩⲟⲧⲁⲛ"/>
		<feat xlink:href="#sSpan1080" value="ⲇⲉ"/>
		<feat xlink:href="#sSpan1082" value="ⲉⲣϣⲁⲛ_ⲛⲧⲟⲟⲩ"/>
		<feat xlink:href="#sSpan1084" value="ⲡⲱⲧ"/>
		<feat xlink:href="#sSpan1086" value="ⲛⲥⲁ"/>
		<feat xlink:href="#sSpan1088" value="ⲛⲧⲱⲧⲛ"/>
		<feat xlink:href="#sSpan1089" value="ϩⲛ"/>
		<feat xlink:href="#sSpan1091" value="ⲡⲉⲓ"/>
		<feat xlink:href="#sSpan1093" value="ⲡⲟⲗⲓⲥ"/>
		<feat xlink:href="#sSpan1094" value="ⲡⲱⲧ"/>
		<feat xlink:href="#sSpan1096" value="ⲉϩⲣⲁⲓ"/>
		<feat xlink:href="#sSpan1098" value="ⲉⲣⲉ_ⲛⲧⲟⲕ"/>
		<feat xlink:href="#sSpan1100" value="ⲟⲩⲉ"/>
		<feat xlink:href="#sSpan1101" value="ⲁⲛⲟⲕ"/>
		<feat xlink:href="#sSpan1102" value="."/>
		<feat xlink:href="#sSpan1104" value="ϩⲁⲙⲏⲛ"/>
		<feat xlink:href="#sSpan1106" value="ⲅⲁⲣ"/>
		<feat xlink:href="#sSpan1108" value="ⲁⲛⲟⲕ"/>
		<feat xlink:href="#sSpan1110" value="ϫⲱ"/>
		<feat xlink:href="#sSpan1111" value="ⲛ"/>
		<feat xlink:href="#sSpan1113" value="ⲛⲧⲟⲥ"/>
		<feat xlink:href="#sSpan1114" value="ⲛⲁ"/>
		<feat xlink:href="#sSpan1116" value="ⲛⲧⲱⲧⲛ"/>
		<feat xlink:href="#sSpan1117" value="ϫⲉ"/>
		<feat xlink:href="#sSpan1119" value="ⲛ"/>
		<feat xlink:href="#sSpan1120" value="ⲛⲉⲧⲛ"/>
		<feat xlink:href="#sSpan1121" value="ϫⲱⲕ"/>
		<feat xlink:href="#sSpan1122" value="ⲉⲃⲟⲗ"/>
		<feat xlink:href="#sSpan1124" value="ⲛ"/>
		<feat xlink:href="#sSpan1126" value="ⲡ"/>
		<feat xlink:href="#sSpan1128" value="ⲡⲟⲗⲓⲥ"/>
		<feat xlink:href="#sSpan1129" value="ⲛ"/>
		<feat xlink:href="#sSpan1131" value="ⲡ"/>
		<feat xlink:href="#sSpan1133" value="ⲓⲥⲣⲁⲏⲗ"/>
		<feat xlink:href="#sSpan1134" value="ⲙⲡⲉ"/>
		<feat xlink:href="#sSpan1136" value="ⲡ"/>
		<feat xlink:href="#sSpan1138" value="ϣⲏⲣⲉ"/>
		<feat xlink:href="#sSpan1139" value="ⲛ"/>
		<feat xlink:href="#sSpan1141" value="ⲡ"/>
		<feat xlink:href="#sSpan1142" value="ⲣⲱⲙⲉ"/>
		<feat xlink:href="#sSpan1143" value="ⲉⲓ"/>
		<feat xlink:href="#sSpan1145" value="."/>
		<feat xlink:href="#sSpan1147" value="ⲙⲛ"/>
		<feat xlink:href="#sSpan1150" value="ⲥⲁⲃⲉ"/>
		<feat xlink:href="#sSpan1152" value="ⲅⲁⲣ"/>
		<feat xlink:href="#sSpan1154" value="ⲉⲣⲉ"/>
		<feat xlink:href="#sSpan1156" value="ⲛⲧⲟϥ"/>
		<feat xlink:href="#sSpan1157" value="ⲉⲓⲣⲉ"/>
		<feat xlink:href="#sSpan1159" value="ⲛ"/>
		<feat xlink:href="#sSpan1161" value="ⲛⲟϭ"/>
		<feat xlink:href="#sSpan1163" value="ⲉ"/>
		<feat xlink:href="#sSpan1165" value="ⲡⲉϥ"/>
		<feat xlink:href="#sSpan1167" value="ⲥⲁϩ"/>
		<feat xlink:href="#sSpan1168" value="."/>
		<feat xlink:href="#sSpan1170" value="ⲟⲩⲧⲉ"/>
		<feat xlink:href="#sSpan1172" value="ⲙⲛ"/>
		<feat xlink:href="#sSpan1174" value="ϩⲙϩⲁⲗ"/>
		<feat xlink:href="#sSpan1176" value="ⲉⲣⲉ"/>
		<feat xlink:href="#sSpan1178" value="ⲛⲧⲟϥ"/>
		<feat xlink:href="#sSpan1179" value="ϫⲓⲥⲉ"/>
		<feat xlink:href="#sSpan1180" value="ⲉϩⲟⲩⲉ"/>
		<feat xlink:href="#sSpan1182" value="ⲡⲉϥ"/>
		<feat xlink:href="#sSpan1184" value="ϫⲟⲉⲓⲥ"/>
		<feat xlink:href="#sSpan1185" value="."/>
		<feat xlink:href="#sSpan1187" value="ϩⲱ"/>
		<feat xlink:href="#sSpan1191" value="ⲉ"/>
		<feat xlink:href="#sSpan1193" value="ⲡ"/>
		<feat xlink:href="#sSpan1195" value="ⲥⲁⲃⲉ"/>
		<feat xlink:href="#sSpan1196" value="ϫⲉ"/>
		<feat xlink:href="#sSpan1198" value="ⲉⲣⲉ_ⲛⲧⲟϥ"/>
		<feat xlink:href="#sSpan1199" value="ϣⲱⲡⲉ"/>
		<feat xlink:href="#sSpan1200" value="ⲛ"/>
		<feat xlink:href="#sSpan1202" value="ⲡ"/>
		<feat xlink:href="#sSpan1203" value="ϩⲉ"/>
		<feat xlink:href="#sSpan1204" value="ⲛ"/>
		<feat xlink:href="#sSpan1206" value="ⲡⲉϥ"/>
		<feat xlink:href="#sSpan1208" value="ⲥⲁϩ"/>
		<feat xlink:href="#sSpan1209" value="."/>
		<feat xlink:href="#sSpan1211" value="ⲁⲩⲱ"/>
		<feat xlink:href="#sSpan1213" value="ⲡ"/>
		<feat xlink:href="#sSpan1216" value="ϩⲙϩⲁⲗ"/>
		<feat xlink:href="#sSpan1217" value="ϫⲉ"/>
		<feat xlink:href="#sSpan1219" value="ⲉⲣⲉ_ⲛⲧⲟϥ"/>
		<feat xlink:href="#sSpan1220" value="ϣⲱⲡⲉ"/>
		<feat xlink:href="#sSpan1221" value="ⲛ"/>
		<feat xlink:href="#sSpan1223" value="ⲡ"/>
		<feat xlink:href="#sSpan1224" value="ϩⲉ"/>
		<feat xlink:href="#sSpan1225" value="ⲛ"/>
		<feat xlink:href="#sSpan1227" value="ⲡⲉϥ"/>
		<feat xlink:href="#sSpan1229" value="ϫⲟⲉⲓⲥ"/>
		<feat xlink:href="#sSpan1230" value="."/>
		<feat xlink:href="#sSpan1232" value="ⲉϣϫⲉ"/>
		<feat xlink:href="#sSpan1234" value="ⲁ"/>
		<feat xlink:href="#sSpan1236" value="ⲛⲧⲟⲟⲩ"/>
		<feat xlink:href="#sSpan1237" value="ⲙⲟⲩⲧⲉ"/>
		<feat xlink:href="#sSpan1238" value="ⲉ"/>
		<feat xlink:href="#sSpan1240" value="ⲡ"/>
		<feat xlink:href="#sSpan1242" value="ϫⲟⲉⲓⲥ"/>
		<feat xlink:href="#sSpan1243" value="ϫⲉ"/>
		<feat xlink:href="#sSpan1245" value="ⲃⲉⲉⲗⲍⲉⲃⲟⲩⲗ"/>
		<feat xlink:href="#sSpan1247" value="ⲡ"/>
		<feat xlink:href="#sSpan1250" value="ⲟⲥⲟ"/>
		<feat xlink:href="#sSpan1251" value="ⲙⲁⲗⲗⲟⲛ"/>
		<feat xlink:href="#sSpan1253" value="ⲡⲉϥ"/>
		<feat xlink:href="#sSpan1256" value="ⲣⲙⲛⲏⲓ"/>
		<feat xlink:href="#sSpan1257" value="."/>
		<feat xlink:href="#sSpan1259" value="ⲙⲡⲣ"/>
		<feat xlink:href="#sSpan1263" value="ⲣϩⲟⲧⲉ"/>
		<feat xlink:href="#sSpan1265" value="ⲕⲉ"/>
		<feat xlink:href="#sSpan1268" value="ϩⲏⲧ"/>
		<feat xlink:href="#sSpan1270" value="ⲛⲧⲟⲟⲩ"/>
		<feat xlink:href="#sSpan1271" value="."/>
		<feat xlink:href="#sSpan1273" value="ⲙⲛ"/>
		<feat xlink:href="#sSpan1275" value="ⲗⲁⲁⲩ"/>
		<feat xlink:href="#sSpan1277" value="ⲅⲁⲣ"/>
		<feat xlink:href="#sSpan1279" value="ⲉⲣⲉ"/>
		<feat xlink:href="#sSpan1281" value="ⲛⲧⲟϥ"/>
		<feat xlink:href="#sSpan1282" value="ϩⲱⲃⲥ"/>
		<feat xlink:href="#sSpan1283" value="ⲛⲧⲉ"/>
		<feat xlink:href="#sSpan1285" value="ⲛⲧⲟⲟⲩ"/>
		<feat xlink:href="#sSpan1286" value="ⲛⲁ"/>
		<feat xlink:href="#sSpan1287" value="ϭⲱⲗⲡ"/>
		<feat xlink:href="#sSpan1288" value="ⲛⲧⲟϥ"/>
		<feat xlink:href="#sSpan1289" value="ⲁⲛ"/>
		<feat xlink:href="#sSpan1291" value="ⲉⲃⲟⲗ"/>
		<feat xlink:href="#sSpan1293" value="."/>
		<feat xlink:href="#sSpan1295" value="ⲁⲩⲱ"/>
		<feat xlink:href="#sSpan1297" value="ⲉⲣⲉ"/>
		<feat xlink:href="#sSpan1299" value="ⲛⲧⲟϥ"/>
		<feat xlink:href="#sSpan1300" value="ϩⲱⲡ"/>
		<feat xlink:href="#sSpan1301" value="ⲉⲣⲉ"/>
		<feat xlink:href="#sSpan1303" value="ⲛ"/>
		<feat xlink:href="#sSpan1304" value="ⲛⲧⲟϥ"/>
		<feat xlink:href="#sSpan1305" value="ⲛⲁ"/>
		<feat xlink:href="#sSpan1306" value="ⲟⲩⲱⲛϩ"/>
		<feat xlink:href="#sSpan1307" value="ⲁⲛ"/>
		<feat xlink:href="#sSpan1309" value="ⲉⲃⲟⲗ"/>
		<feat xlink:href="#sSpan1311" value="."/>
		<feat xlink:href="#sSpan1313" value="ⲡⲉ"/>
		<feat xlink:href="#sSpan1316" value="ⲁⲛⲟⲕ"/>
		<feat xlink:href="#sSpan1317" value="ϫⲱ"/>
		<feat xlink:href="#sSpan1318" value="ⲛ"/>
		<feat xlink:href="#sSpan1320" value="ⲛⲧⲟϥ"/>
		<feat xlink:href="#sSpan1321" value="ⲛⲁ"/>
		<feat xlink:href="#sSpan1323" value="ⲛⲧⲱⲧⲛ"/>
		<feat xlink:href="#sSpan1324" value="ϩⲛ"/>
		<feat xlink:href="#sSpan1326" value="ⲡ"/>
		<feat xlink:href="#sSpan1328" value="ⲕⲁⲕⲉ"/>
		<feat xlink:href="#sSpan1329" value="ϫⲱ"/>
		<feat xlink:href="#sSpan1331" value="ⲛⲧⲟϥ"/>
		<feat xlink:href="#sSpan1332" value="ϩⲛ"/>
		<feat xlink:href="#sSpan1334" value="ⲡ"/>
		<feat xlink:href="#sSpan1336" value="ⲟⲩⲟⲉⲓⲛ"/>
		<feat xlink:href="#sSpan1337" value="."/>
		<feat xlink:href="#sSpan1339" value="ⲁⲩⲱ"/>
		<feat xlink:href="#sSpan1341" value="ⲡ"/>
		<feat xlink:href="#sSpan1344" value="ⲉⲧⲉⲣⲉ"/>
		<feat xlink:href="#sSpan1345" value="ⲛⲧⲱⲧⲛ"/>
		<feat xlink:href="#sSpan1346" value="ⲥⲱⲧⲙ"/>
		<feat xlink:href="#sSpan1347" value="ⲉ"/>
		<feat xlink:href="#sSpan1349" value="ⲛⲧⲟϥ"/>
		<feat xlink:href="#sSpan1350" value="ϩⲛ"/>
		<feat xlink:href="#sSpan1352" value="ⲡⲉⲧⲛ"/>
		<feat xlink:href="#sSpan1354" value="ⲙⲁⲁϫⲉ"/>
		<feat xlink:href="#sSpan1356" value="ⲧⲁϣⲉⲟⲉⲓϣ"/>
		<feat xlink:href="#sSpan1359" value="ⲛ"/>
		<feat xlink:href="#sSpan1361" value="ⲛⲧⲟϥ"/>
		<feat xlink:href="#sSpan1362" value="ϩⲓϫⲛ"/>
		<feat xlink:href="#sSpan1364" value="ⲡ"/>
		<feat xlink:href="#sSpan1366" value="ϫⲉⲛⲉⲡⲱⲣ"/>
		<feat xlink:href="#sSpan1367" value="."/>
		<feat xlink:href="#sSpan1369" value="ⲙⲡⲣ"/>
		<feat xlink:href="#sSpan1373" value="ⲣϩⲟⲧⲉ"/>
		<feat xlink:href="#sSpan1375" value="ϩⲏⲧ"/>
		<feat xlink:href="#sSpan1378" value="ⲛⲧⲟⲟⲩ"/>
		<feat xlink:href="#sSpan1379" value="ⲛ"/>
		<feat xlink:href="#sSpan1381" value="ⲡ"/>
		<feat xlink:href="#sSpan1383" value="ⲉⲧⲉⲣⲉ"/>
		<feat xlink:href="#sSpan1384" value="ⲛⲁ"/>
		<feat xlink:href="#sSpan1385" value="ⲙⲟⲩⲟⲩⲧ"/>
		<feat xlink:href="#sSpan1386" value="ⲛ"/>
		<feat xlink:href="#sSpan1388" value="ⲡⲉⲧⲛ"/>
		<feat xlink:href="#sSpan1390" value="ⲥⲱⲙⲁ"/>
		<feat xlink:href="#sSpan1391" value="."/>
		<feat xlink:href="#sSpan1393" value="ⲉⲣⲉ"/>
		<feat xlink:href="#sSpan1395" value="ⲙⲛ"/>
		<feat xlink:href="#sSpan1396" value="ϭⲟⲙ"/>
		<feat xlink:href="#sSpan1397" value="ⲇⲉ"/>
		<feat xlink:href="#sSpan1399" value="ⲛ"/>
		<feat xlink:href="#sSpan1401" value="ⲛⲧⲟⲟⲩ"/>
		<feat xlink:href="#sSpan1402" value="ⲉ"/>
		<feat xlink:href="#sSpan1404" value="ⲙⲟⲩⲟⲩⲧ"/>
		<feat xlink:href="#sSpan1405" value="ⲛ"/>
		<feat xlink:href="#sSpan1407" value="ⲡⲉⲧⲛ"/>
		<feat xlink:href="#sSpan1409" value="ⲯⲩⲭⲏ"/>
		<feat xlink:href="#sSpan1410" value="."/>
		<feat xlink:href="#sSpan1412" value="ⲉⲓⲣⲉ"/>
		<feat xlink:href="#sSpan1414" value="ϩⲟⲧⲉ"/>
		<feat xlink:href="#sSpan1416" value="ⲇⲉ"/>
		<feat xlink:href="#sSpan1418" value="ⲛ"/>
		<feat xlink:href="#sSpan1420" value="ϩⲟⲩⲟ"/>
		<feat xlink:href="#sSpan1421" value="ϩⲏⲧ"/>
		<feat xlink:href="#sSpan1424" value="ⲛⲧⲟϥ"/>
		<feat xlink:href="#sSpan1425" value="ⲛ"/>
		<feat xlink:href="#sSpan1427" value="ⲡ"/>
		<feat xlink:href="#sSpan1429" value="ⲉⲧⲉⲣⲉ"/>
		<feat xlink:href="#sSpan1430" value="ⲟⲩⲛ"/>
		<feat xlink:href="#sSpan1431" value="ϭⲟⲙ"/>
		<feat xlink:href="#sSpan1432" value="ⲛ"/>
		<feat xlink:href="#sSpan1434" value="ⲛⲧⲟϥ"/>
		<feat xlink:href="#sSpan1435" value="ⲉ"/>
		<feat xlink:href="#sSpan1437" value="ⲧⲁⲕⲟ"/>
		<feat xlink:href="#sSpan1438" value="ⲛ"/>
		<feat xlink:href="#sSpan1440" value="ⲡⲉⲧⲛ"/>
		<feat xlink:href="#sSpan1442" value="ⲯⲩⲭⲏ"/>
		<feat xlink:href="#sSpan1443" value="ⲙⲛ"/>
		<feat xlink:href="#sSpan1445" value="ⲡⲉⲧⲛ"/>
		<feat xlink:href="#sSpan1447" value="ⲥⲱⲙⲁ"/>
		<feat xlink:href="#sSpan1448" value="ϩⲣⲁⲓ"/>
		<feat xlink:href="#sSpan1451" value="ϩⲛ"/>
		<feat xlink:href="#sSpan1453" value="ⲡ"/>
		<feat xlink:href="#sSpan1455" value="ⲅⲉϩⲉⲛⲛⲁ"/>
		<feat xlink:href="#sSpan1456" value="."/>
		<feat xlink:href="#sSpan1458" value="ⲙⲏ"/>
		<feat xlink:href="#sSpan1461" value="ϫⲁϫ"/>
		<feat xlink:href="#sSpan1464" value="ⲥⲛⲁⲩ"/>
		<feat xlink:href="#sSpan1467" value="ⲛⲧⲉ"/>
		<feat xlink:href="#sSpan1469" value="ⲛⲧⲟⲟⲩ"/>
		<feat xlink:href="#sSpan1470" value="ϯ"/>
		<feat xlink:href="#sSpan1471" value="ⲛ"/>
		<feat xlink:href="#sSpan1473" value="ⲛⲧⲟⲟⲩ"/>
		<feat xlink:href="#sSpan1474" value="ⲁⲛ"/>
		<feat xlink:href="#sSpan1476" value="ⲉⲃⲟⲗ"/>
		<feat xlink:href="#sSpan1479" value="ϩⲁ"/>
		<feat xlink:href="#sSpan1481" value="ⲟⲩ"/>
		<feat xlink:href="#sSpan1483" value="ϩⲟⲃⲟⲗⲟⲥ"/>
		<feat xlink:href="#sSpan1484" value="."/>
		<feat xlink:href="#sSpan1486" value="ⲁⲩⲱ"/>
		<feat xlink:href="#sSpan1488" value="ⲟⲩⲁ"/>
		<feat xlink:href="#sSpan1491" value="ⲉⲃⲟⲗ"/>
		<feat xlink:href="#sSpan1494" value="ϩⲛ"/>
		<feat xlink:href="#sSpan1496" value="ⲛⲧⲟⲟⲩ"/>
		<feat xlink:href="#sSpan1497" value="ⲛ"/>
		<feat xlink:href="#sSpan1499" value="ⲡⲉϥ"/>
		<feat xlink:href="#sSpan1500" value="ϩⲉ"/>
		<feat xlink:href="#sSpan1502" value="ⲉϩⲣⲁⲓ"/>
		<feat xlink:href="#sSpan1504" value="ⲉϫⲛ"/>
		<feat xlink:href="#sSpan1506" value="ⲡ"/>
		<feat xlink:href="#sSpan1508" value="ⲕⲁϩ"/>
		<feat xlink:href="#sSpan1509" value="ⲁϫⲛ"/>
		<feat xlink:href="#sSpan1511" value="ⲡⲉⲧⲛ"/>
		<feat xlink:href="#sSpan1513" value="ⲉⲓⲱⲧ"/>
		<feat xlink:href="#sSpan1514" value="ⲉⲧⲉⲣⲉ"/>
		<feat xlink:href="#sSpan1516" value="ϩⲛ"/>
		<feat xlink:href="#sSpan1517" value="ⲡ"/>
		<feat xlink:href="#sSpan1519" value="ⲡⲉ"/>
		<feat xlink:href="#sSpan1520" value="."/>
		<feat xlink:href="#sSpan1522" value="ⲛ"/>
		<feat xlink:href="#sSpan1525" value="ⲕⲉ"/>
		<feat xlink:href="#sSpan1527" value="ⲃⲱ"/>
		<feat xlink:href="#sSpan1528" value="ⲇⲉ"/>
		<feat xlink:href="#sSpan1530" value="ⲛ"/>
		<feat xlink:href="#sSpan1532" value="ⲡⲉⲧⲛ"/>
		<feat xlink:href="#sSpan1534" value="ⲁⲡⲉ"/>
		<feat xlink:href="#sSpan1535" value="ⲱⲡ"/>
		<feat xlink:href="#sSpan1537" value="ⲧⲏⲣ"/>
		<feat xlink:href="#sSpan1539" value="ⲛⲧⲟⲟⲩ"/>
		<feat xlink:href="#sSpan1540" value="."/>
		<feat xlink:href="#sSpan1542" value="ⲙⲡⲣ"/>
		<feat xlink:href="#sSpan1546" value="ⲣϩⲟⲧⲉ"/>
		<feat xlink:href="#sSpan1548" value="ⲕⲉ"/>
		<feat xlink:href="#sSpan1551" value="ϩⲏⲧ"/>
		<feat xlink:href="#sSpan1553" value="ⲛⲧⲟⲟⲩ"/>
		<feat xlink:href="#sSpan1554" value="ⲛⲧⲱⲧⲛ"/>
		<feat xlink:href="#sSpan1556" value="ⲛⲧⲱⲧⲛ"/>
		<feat xlink:href="#sSpan1558" value="ϣⲓⲃⲉ"/>
		<feat xlink:href="#sSpan1559" value="ⲉ"/>
		<feat xlink:href="#sSpan1561" value="ϩⲁϩ"/>
		<feat xlink:href="#sSpan1563" value="ⲛ"/>
		<feat xlink:href="#sSpan1565" value="ϫⲁϫ"/>
		<feat xlink:href="#sSpan1566" value="."/>
		<feat xlink:href="#sSpan1568" value="ⲟⲩⲟⲛ"/>
		<feat xlink:href="#sSpan1571" value="ϭⲉ"/>
		<feat xlink:href="#sSpan1573" value="ⲛⲓⲙ"/>
		<feat xlink:href="#sSpan1575" value="ⲉⲧⲉⲣⲉ"/>
		<feat xlink:href="#sSpan1577" value="ⲛⲁ"/>
		<feat xlink:href="#sSpan1578" value="ϩⲟⲙⲟⲗⲟⲅⲉⲓ"/>
		<feat xlink:href="#sSpan1579" value="ⲛ"/>
		<feat xlink:href="#sSpan1581" value="ϩⲏⲧ"/>
		<feat xlink:href="#sSpan1583" value="ⲛ"/>
		<feat xlink:href="#sSpan1585" value="ⲡ"/>
		<feat xlink:href="#sSpan1587" value="ⲙⲧⲟ"/>
		<feat xlink:href="#sSpan1588" value="ⲉⲃⲟⲗ"/>
		<feat xlink:href="#sSpan1590" value="ⲛ"/>
		<feat xlink:href="#sSpan1592" value="ⲡ"/>
		<feat xlink:href="#sSpan1594" value="ⲣⲱⲙⲉ"/>
		<feat xlink:href="#sSpan1595" value="ⲁⲛⲟⲕ"/>
		<feat xlink:href="#sSpan1597" value="ⲛⲁ"/>
		<feat xlink:href="#sSpan1598" value="ϩⲟⲙⲟⲗⲟⲅⲉⲓ"/>
		<feat xlink:href="#sSpan1599" value="ϩⲱⲱ_ⲁⲛⲟⲕ"/>
		<feat xlink:href="#sSpan1601" value="ϩⲛ"/>
		<feat xlink:href="#sSpan1603" value="ⲛⲧⲟϥ"/>
		<feat xlink:href="#sSpan1604" value="ⲛ"/>
		<feat xlink:href="#sSpan1606" value="ⲡ"/>
		<feat xlink:href="#sSpan1608" value="ⲙⲧⲟ"/>
		<feat xlink:href="#sSpan1609" value="ⲉⲃⲟⲗ"/>
		<feat xlink:href="#sSpan1611" value="ⲛ"/>
		<feat xlink:href="#sSpan1613" value="ⲡⲁ"/>
		<feat xlink:href="#sSpan1615" value="ⲉⲓⲱⲧ"/>
		<feat xlink:href="#sSpan1616" value="ⲉⲧⲉⲣⲉ"/>
		<feat xlink:href="#sSpan1618" value="ϩⲛ"/>
		<feat xlink:href="#sSpan1619" value="ⲡ"/>
		<feat xlink:href="#sSpan1621" value="ⲡⲉ"/>
		<feat xlink:href="#sSpan1622" value="."/>
		<feat xlink:href="#sSpan1624" value="ⲡ"/>
		<feat xlink:href="#sSpan1628" value="ⲉⲧⲉⲣⲉ"/>
		<feat xlink:href="#sSpan1629" value="ⲛⲁ"/>
		<feat xlink:href="#sSpan1630" value="ⲁⲡⲁⲣⲛⲁ"/>
		<feat xlink:href="#sSpan1631" value="ⲇⲉ"/>
		<feat xlink:href="#sSpan1633" value="ⲛ"/>
		<feat xlink:href="#sSpan1635" value="ⲁⲛⲟⲕ"/>
		<feat xlink:href="#sSpan1636" value="ⲛ"/>
		<feat xlink:href="#sSpan1638" value="ⲡ"/>
		<feat xlink:href="#sSpan1640" value="ⲙⲧⲟ"/>
		<feat xlink:href="#sSpan1641" value="ⲉⲃⲟⲗ"/>
		<feat xlink:href="#sSpan1643" value="ⲛ"/>
		<feat xlink:href="#sSpan1645" value="ⲡ"/>
		<feat xlink:href="#sSpan1647" value="ⲣⲱⲙⲉ"/>
		<feat xlink:href="#sSpan1648" value="."/>
		<feat xlink:href="#sSpan1650" value="ⲁⲛⲟⲕ"/>
		<feat xlink:href="#sSpan1652" value="ⲛⲁ"/>
		<feat xlink:href="#sSpan1653" value="ⲁⲡⲁⲣⲛⲁ"/>
		<feat xlink:href="#sSpan1654" value="ϩⲱ"/>
		<feat xlink:href="#sSpan1656" value="ⲛ"/>
		<feat xlink:href="#sSpan1658" value="ⲛⲧⲟϥ"/>
		<feat xlink:href="#sSpan1659" value="ⲛ"/>
		<feat xlink:href="#sSpan1661" value="ⲡ"/>
		<feat xlink:href="#sSpan1663" value="ⲙⲧⲟ"/>
		<feat xlink:href="#sSpan1664" value="ⲉⲃⲟⲗ"/>
		<feat xlink:href="#sSpan1666" value="ⲛ"/>
		<feat xlink:href="#sSpan1668" value="ⲡⲁ"/>
		<feat xlink:href="#sSpan1670" value="ⲉⲓⲱⲧ"/>
		<feat xlink:href="#sSpan1671" value="ⲉⲧⲉⲣⲉ"/>
		<feat xlink:href="#sSpan1673" value="ϩⲛ"/>
		<feat xlink:href="#sSpan1674" value="ⲡ"/>
		<feat xlink:href="#sSpan1676" value="ⲡⲉ"/>
		<feat xlink:href="#sSpan1677" value="."/>
		<feat xlink:href="#sSpan1679" value="ⲙⲡⲣ"/>
		<feat xlink:href="#sSpan1682" value="ⲱϣ"/>
		<feat xlink:href="#sSpan1683" value="ϫⲉ"/>
		<feat xlink:href="#sSpan1685" value="ⲉⲣⲉ"/>
		<feat xlink:href="#sSpan1686" value="ⲁ"/>
		<feat xlink:href="#sSpan1687" value="ⲁⲛⲟⲕ"/>
		<feat xlink:href="#sSpan1688" value="ⲉⲓ"/>
		<feat xlink:href="#sSpan1690" value="ⲉ"/>
		<feat xlink:href="#sSpan1692" value="ⲛⲟⲩϫⲉ"/>
		<feat xlink:href="#sSpan1694" value="ⲛ"/>
		<feat xlink:href="#sSpan1696" value="ⲟⲩ"/>
		<feat xlink:href="#sSpan1698" value="ⲉⲓⲣⲏⲛⲏ"/>
		<feat xlink:href="#sSpan1699" value="ⲉϩⲣⲁⲓ"/>
		<feat xlink:href="#sSpan1701" value="ⲉϫⲛ"/>
		<feat xlink:href="#sSpan1703" value="ⲡ"/>
		<feat xlink:href="#sSpan1705" value="ⲕⲁϩ"/>
		<feat xlink:href="#sSpan1706" value="."/>
		<feat xlink:href="#sSpan1708" value="ⲉⲧⲉⲣⲉ"/>
		<feat xlink:href="#sSpan1710" value="ⲁ"/>
		<feat xlink:href="#sSpan1711" value="ⲁⲛⲟⲕ"/>
		<feat xlink:href="#sSpan1712" value="ⲉⲓ"/>
		<feat xlink:href="#sSpan1713" value="ⲁⲛ"/>
		<feat xlink:href="#sSpan1715" value="ⲉ"/>
		<feat xlink:href="#sSpan1717" value="ⲛⲟⲩϫⲉ"/>
		<feat xlink:href="#sSpan1719" value="ⲛ"/>
		<feat xlink:href="#sSpan1721" value="ⲟⲩ"/>
		<feat xlink:href="#sSpan1723" value="ⲉⲓⲣⲏⲛⲏ"/>
		<feat xlink:href="#sSpan1724" value="."/>
		<feat xlink:href="#sSpan1726" value="ⲁⲗⲗⲁ"/>
		<feat xlink:href="#sSpan1728" value="ⲉ"/>
		<feat xlink:href="#sSpan1730" value="ⲛⲟⲩϫⲉ"/>
		<feat xlink:href="#sSpan1732" value="ⲛ"/>
		<feat xlink:href="#sSpan1734" value="ⲟⲩ"/>
		<feat xlink:href="#sSpan1736" value="ⲥⲏϥⲉ"/>
		<feat xlink:href="#sSpan1737" value="."/>
		<feat xlink:href="#sSpan1739" value="ⲉⲧⲉⲣⲉ"/>
		<feat xlink:href="#sSpan1742" value="ⲁ"/>
		<feat xlink:href="#sSpan1743" value="ⲁⲛⲟⲕ"/>
		<feat xlink:href="#sSpan1744" value="ⲉⲓ"/>
		<feat xlink:href="#sSpan1745" value="ⲅⲁⲣ"/>
		<feat xlink:href="#sSpan1747" value="ⲉ"/>
		<feat xlink:href="#sSpan1749" value="ⲡ"/>
		<feat xlink:href="#sSpan1751" value="ⲱⲣϫ"/>
		<feat xlink:href="#sSpan1752" value="ⲛ"/>
		<feat xlink:href="#sSpan1754" value="ⲟⲩ"/>
		<feat xlink:href="#sSpan1756" value="ⲣⲱⲙⲉ"/>
		<feat xlink:href="#sSpan1757" value="ⲉ"/>
		<feat xlink:href="#sSpan1759" value="ⲡⲉϥ"/>
		<feat xlink:href="#sSpan1761" value="ⲉⲓⲱⲧ"/>
		<feat xlink:href="#sSpan1762" value="."/>
		<feat xlink:href="#sSpan1764" value="ⲁⲩⲱ"/>
		<feat xlink:href="#sSpan1766" value="ⲟⲩ"/>
		<feat xlink:href="#sSpan1769" value="ϣⲉⲉⲣⲉ"/>
		<feat xlink:href="#sSpan1770" value="ⲉ"/>
		<feat xlink:href="#sSpan1772" value="ⲡⲉⲥ"/>
		<feat xlink:href="#sSpan1774" value="ⲙⲁⲁⲩ"/>
		<feat xlink:href="#sSpan1775" value="ⲁⲩⲱ"/>
		<feat xlink:href="#sSpan1777" value="ⲟⲩ"/>
		<feat xlink:href="#sSpan1780" value="ϣⲉⲗⲉⲉⲧ"/>
		<feat xlink:href="#sSpan1781" value="ⲉ"/>
		<feat xlink:href="#sSpan1783" value="ⲡⲉⲥ"/>
		<feat xlink:href="#sSpan1785" value="ϣⲱⲱⲙⲉ"/>
		<feat xlink:href="#sSpan1786" value="."/>
		<feat xlink:href="#sSpan1788" value="ⲡ"/>
		<feat xlink:href="#sSpan1792" value="ϫⲁϫⲉ"/>
		<feat xlink:href="#sSpan1793" value="ⲛ"/>
		<feat xlink:href="#sSpan1795" value="ⲡ"/>
		<feat xlink:href="#sSpan1797" value="ⲣⲱⲙⲉ"/>
		<feat xlink:href="#sSpan1798" value="ⲡⲉ"/>
		<feat xlink:href="#sSpan1800" value="ⲡⲉϥ"/>
		<feat xlink:href="#sSpan1803" value="ⲣⲙⲛⲏⲓ"/>
		<feat xlink:href="#sSpan1804" value="."/>
		<feat xlink:href="#sSpan1806" value="ⲡ"/>
		<feat xlink:href="#sSpan1810" value="ⲉⲧⲉⲣⲉ"/>
		<feat xlink:href="#sSpan1811" value="ⲙⲉ"/>
		<feat xlink:href="#sSpan1812" value="ⲛ"/>
		<feat xlink:href="#sSpan1814" value="ⲉⲓⲱⲧ"/>
		<feat xlink:href="#sSpan1815" value="ⲏ"/>
		<feat xlink:href="#sSpan1817" value="ⲙⲁⲁⲩ"/>
		<feat xlink:href="#sSpan1819" value="ⲉϩⲟⲩⲉⲉⲣⲟ"/>
		<feat xlink:href="#sSpan1821" value="ⲁⲛⲟⲕ"/>
		<feat xlink:href="#sSpan1822" value="ⲛⲧⲉ"/>
		<feat xlink:href="#sSpan1824" value="ⲛⲧⲟϥ"/>
		<feat xlink:href="#sSpan1825" value="ⲙⲡϣⲁ"/>
		<feat xlink:href="#sSpan1826" value="ⲛ"/>
		<feat xlink:href="#sSpan1828" value="ⲁⲛⲟⲕ"/>
		<feat xlink:href="#sSpan1829" value="ⲁⲛ"/>
		<feat xlink:href="#sSpan1831" value="."/>
		<feat xlink:href="#sSpan1833" value="ⲁⲩⲱ"/>
		<feat xlink:href="#sSpan1835" value="ⲡ"/>
		<feat xlink:href="#sSpan1838" value="ⲉⲧⲉⲣⲉ"/>
		<feat xlink:href="#sSpan1839" value="ⲙⲉ"/>
		<feat xlink:href="#sSpan1840" value="ⲛ"/>
		<feat xlink:href="#sSpan1842" value="ϣⲏⲣⲉ"/>
		<feat xlink:href="#sSpan1844" value="ϩⲓ"/>
		<feat xlink:href="#sSpan1846" value="ϣⲉⲉⲣⲉ"/>
		<feat xlink:href="#sSpan1848" value="ⲉϩⲟⲩⲉⲉⲣⲟ"/>
		<feat xlink:href="#sSpan1850" value="ⲁⲛⲟⲕ"/>
		<feat xlink:href="#sSpan1851" value="ⲛⲧⲉ"/>
		<feat xlink:href="#sSpan1853" value="ⲛⲧⲟϥ"/>
		<feat xlink:href="#sSpan1854" value="ⲙⲡϣⲁ"/>
		<feat xlink:href="#sSpan1855" value="ⲛ"/>
		<feat xlink:href="#sSpan1857" value="ⲁⲛⲟⲕ"/>
		<feat xlink:href="#sSpan1858" value="ⲁⲛ"/>
		<feat xlink:href="#sSpan1860" value="."/>
		<feat xlink:href="#sSpan1862" value="ⲁⲩⲱ"/>
		<feat xlink:href="#sSpan1865" value="ⲡ"/>
		<feat xlink:href="#sSpan1868" value="ⲉⲧⲉⲣⲉ"/>
		<feat xlink:href="#sSpan1869" value="ⲛ"/>
		<feat xlink:href="#sSpan1870" value="ⲛⲧⲟϥ"/>
		<feat xlink:href="#sSpan1871" value="ⲛⲁ"/>
		<feat xlink:href="#sSpan1872" value="ϥⲓ"/>
		<feat xlink:href="#sSpan1873" value="ⲁⲛ"/>
		<feat xlink:href="#sSpan1875" value="ⲛ"/>
		<feat xlink:href="#sSpan1877" value="ⲡⲉϥ"/>
		<feat xlink:href="#sSpan1879" value="ⲥⲧⲁⲩⲣⲟⲥ"/>
		<feat xlink:href="#sSpan1880" value="ⲛⲧⲉ"/>
		<feat xlink:href="#sSpan1882" value="ⲛⲧⲟϥ"/>
		<feat xlink:href="#sSpan1883" value="ⲟⲩⲱϩ"/>
		<feat xlink:href="#sSpan1884" value="ⲛⲧⲟϥ"/>
		<feat xlink:href="#sSpan1885" value="ⲛⲥⲁ"/>
		<feat xlink:href="#sSpan1887" value="ⲁⲛⲟⲕ"/>
		<feat xlink:href="#sSpan1888" value="ⲛⲧⲉ"/>
		<feat xlink:href="#sSpan1890" value="ⲛⲧⲟϥ"/>
		<feat xlink:href="#sSpan1891" value="ⲙⲡϣⲁ"/>
		<feat xlink:href="#sSpan1892" value="ⲛ"/>
		<feat xlink:href="#sSpan1894" value="ⲁⲛⲟⲕ"/>
		<feat xlink:href="#sSpan1895" value="ⲁⲛ"/>
		<feat xlink:href="#sSpan1897" value="."/>
		<feat xlink:href="#sSpan1899" value="ⲡ"/>
		<feat xlink:href="#sSpan1903" value="ⲉⲧⲉⲣⲉ"/>
		<feat xlink:href="#sSpan1904" value="ⲁ"/>
		<feat xlink:href="#sSpan1905" value="ⲛⲧⲟϥ"/>
		<feat xlink:href="#sSpan1906" value="ϩⲉ"/>
		<feat xlink:href="#sSpan1908" value="ⲉ"/>
		<feat xlink:href="#sSpan1910" value="ⲡⲉϥ"/>
		<feat xlink:href="#sSpan1912" value="ⲯⲩⲭⲏ"/>
		<feat xlink:href="#sSpan1913" value="ⲛⲧⲟϥ"/>
		<feat xlink:href="#sSpan1915" value="ⲛⲁ"/>
		<feat xlink:href="#sSpan1916" value="ⲥⲱⲣⲙ"/>
		<feat xlink:href="#sSpan1917" value="ⲉⲥ"/>
		<feat xlink:href="#sSpan1918" value="."/>
		<feat xlink:href="#sSpan1920" value="ⲁⲩⲱ"/>
		<feat xlink:href="#sSpan1922" value="ⲡ"/>
		<feat xlink:href="#sSpan1925" value="ⲉⲧⲉⲣⲉ"/>
		<feat xlink:href="#sSpan1926" value="ⲁ"/>
		<feat xlink:href="#sSpan1927" value="ⲛⲧⲟϥ"/>
		<feat xlink:href="#sSpan1928" value="ⲥⲱⲣⲙ"/>
		<feat xlink:href="#sSpan1929" value="ⲛ"/>
		<feat xlink:href="#sSpan1931" value="ⲡⲉϥ"/>
		<feat xlink:href="#sSpan1933" value="ⲯⲩⲭⲏ"/>
		<feat xlink:href="#sSpan1934" value="ⲉⲧⲃⲉ"/>
		<feat xlink:href="#sSpan1936" value="ⲛⲧⲟϥ"/>
		<feat xlink:href="#sSpan1937" value="ⲛⲁ"/>
		<feat xlink:href="#sSpan1938" value="ϩⲉ"/>
		<feat xlink:href="#sSpan1940" value="ⲉ"/>
		<feat xlink:href="#sSpan1942" value="ⲛⲧⲟⲥ"/>
		<feat xlink:href="#sSpan1943" value="."/>
		<feat xlink:href="#sSpan1945" value="ⲡ"/>
		<feat xlink:href="#sSpan1949" value="ⲉⲧⲉⲣⲉ"/>
		<feat xlink:href="#sSpan1950" value="ϣⲱⲡ"/>
		<feat xlink:href="#sSpan1952" value="ⲛ"/>
		<feat xlink:href="#sSpan1954" value="ⲛⲧⲱⲧⲛ"/>
		<feat xlink:href="#sSpan1955" value="ⲉ"/>
		<feat xlink:href="#sSpan1957" value="ⲛⲧⲟϥ"/>
		<feat xlink:href="#sSpan1958" value="ⲉⲣⲉ"/>
		<feat xlink:href="#sSpan1960" value="ⲛⲧⲟϥ"/>
		<feat xlink:href="#sSpan1961" value="ϣⲱⲡ"/>
		<feat xlink:href="#sSpan1963" value="ⲛ"/>
		<feat xlink:href="#sSpan1965" value="ⲁⲛⲟⲕ"/>
		<feat xlink:href="#sSpan1966" value="ⲉ"/>
		<feat xlink:href="#sSpan1968" value="ⲛⲧⲟϥ"/>
		<feat xlink:href="#sSpan1969" value="."/>
		<feat xlink:href="#sSpan1971" value="ⲁⲩⲱ"/>
		<feat xlink:href="#sSpan1973" value="ⲡ"/>
		<feat xlink:href="#sSpan1976" value="ⲉⲧⲉⲣⲉ"/>
		<feat xlink:href="#sSpan1977" value="ϣⲱⲡ"/>
		<feat xlink:href="#sSpan1979" value="ⲛ"/>
		<feat xlink:href="#sSpan1981" value="ⲁⲛⲟⲕ"/>
		<feat xlink:href="#sSpan1982" value="ⲉ"/>
		<feat xlink:href="#sSpan1984" value="ⲛⲧⲟϥ"/>
		<feat xlink:href="#sSpan1985" value="ⲉⲣⲉ"/>
		<feat xlink:href="#sSpan1987" value="ⲛⲧⲟϥ"/>
		<feat xlink:href="#sSpan1988" value="ϣⲱⲡ"/>
		<feat xlink:href="#sSpan1990" value="ⲉ"/>
		<feat xlink:href="#sSpan1992" value="ⲛⲧⲟϥ"/>
		<feat xlink:href="#sSpan1993" value="ⲛ"/>
		<feat xlink:href="#sSpan1995" value="ⲡ"/>
		<feat xlink:href="#sSpan1997" value="ⲉⲧⲉⲣⲉ"/>
		<feat xlink:href="#sSpan1998" value="ⲁ"/>
		<feat xlink:href="#sSpan1999" value="ⲛⲧⲟϥ"/>
		<feat xlink:href="#sSpan2000" value="ⲧⲛⲛⲟⲟⲩ"/>
		<feat xlink:href="#sSpan2001" value="ⲁⲛⲟⲕ"/>
		<feat xlink:href="#sSpan2002" value="."/>
		<feat xlink:href="#sSpan2004" value="ⲡ"/>
		<feat xlink:href="#sSpan2008" value="ⲉⲧⲉⲣⲉ"/>
		<feat xlink:href="#sSpan2009" value="ϣⲱⲡ"/>
		<feat xlink:href="#sSpan2011" value="ⲉ"/>
		<feat xlink:href="#sSpan2013" value="ⲛⲧⲟϥ"/>
		<feat xlink:href="#sSpan2014" value="ⲛ"/>
		<feat xlink:href="#sSpan2016" value="ⲟⲩ"/>
		<feat xlink:href="#sSpan2018" value="ⲡⲣⲟⲫⲏⲧⲏⲥ"/>
		<feat xlink:href="#sSpan2019" value="ⲉ"/>
		<feat xlink:href="#sSpan2021" value="ⲡ"/>
		<feat xlink:href="#sSpan2023" value="ⲣⲁⲛ"/>
		<feat xlink:href="#sSpan2024" value="ⲛ"/>
		<feat xlink:href="#sSpan2026" value="ⲟⲩ"/>
		<feat xlink:href="#sSpan2028" value="ⲡⲣⲟⲫⲏⲧⲏⲥ"/>
		<feat xlink:href="#sSpan2029" value="ⲛⲧⲟϥ"/>
		<feat xlink:href="#sSpan2031" value="ⲛⲁ"/>
		<feat xlink:href="#sSpan2032" value="ϫⲓ"/>
		<feat xlink:href="#sSpan2033" value="ⲛ"/>
		<feat xlink:href="#sSpan2035" value="ⲡ"/>
		<feat xlink:href="#sSpan2037" value="ⲃⲉⲕⲉ"/>
		<feat xlink:href="#sSpan2038" value="ⲛ"/>
		<feat xlink:href="#sSpan2040" value="ⲟⲩ"/>
		<feat xlink:href="#sSpan2042" value="ⲡⲣⲟⲫⲏⲧⲏⲥ"/>
		<feat xlink:href="#sSpan2043" value="."/>
		<feat xlink:href="#sSpan2045" value="ⲁⲩⲱ"/>
		<feat xlink:href="#sSpan2047" value="ⲡ"/>
		<feat xlink:href="#sSpan2050" value="ⲉⲧⲉⲣⲉ"/>
		<feat xlink:href="#sSpan2051" value="ϣⲱⲡ"/>
		<feat xlink:href="#sSpan2053" value="ⲉ"/>
		<feat xlink:href="#sSpan2055" value="ⲛⲧⲟϥ"/>
		<feat xlink:href="#sSpan2056" value="ⲛ"/>
		<feat xlink:href="#sSpan2058" value="ⲟⲩ"/>
		<feat xlink:href="#sSpan2060" value="ⲇⲓⲕⲁⲓⲟⲥ"/>
		<feat xlink:href="#sSpan2061" value="ⲉ"/>
		<feat xlink:href="#sSpan2063" value="ⲡ"/>
		<feat xlink:href="#sSpan2065" value="ⲣⲁⲛ"/>
		<feat xlink:href="#sSpan2066" value="ⲛ"/>
		<feat xlink:href="#sSpan2068" value="ⲟⲩ"/>
		<feat xlink:href="#sSpan2070" value="ⲇⲓⲕⲁⲓⲟⲥ"/>
		<feat xlink:href="#sSpan2071" value="ⲛⲧⲟϥ"/>
		<feat xlink:href="#sSpan2073" value="ⲛⲁ"/>
		<feat xlink:href="#sSpan2074" value="ϫⲓ"/>
		<feat xlink:href="#sSpan2075" value="ⲛ"/>
		<feat xlink:href="#sSpan2077" value="ⲡ"/>
		<feat xlink:href="#sSpan2079" value="ⲃⲉⲕⲉ"/>
		<feat xlink:href="#sSpan2080" value="ⲛ"/>
		<feat xlink:href="#sSpan2082" value="ⲡ"/>
		<feat xlink:href="#sSpan2084" value="ⲇⲓⲕⲁⲓⲟⲥ"/>
		<feat xlink:href="#sSpan2085" value="."/>
		<feat xlink:href="#sSpan2087" value="ⲁⲩⲱ"/>
		<feat xlink:href="#sSpan2090" value="ⲡⲉⲧ"/>
		<feat xlink:href="#sSpan2092" value="ⲛⲁ"/>
		<feat xlink:href="#sSpan2093" value="ⲧⲥⲟ"/>
		<feat xlink:href="#sSpan2094" value="ⲟⲩⲁ"/>
		<feat xlink:href="#sSpan2096" value="ⲛ"/>
		<feat xlink:href="#sSpan2098" value="ⲡⲉⲓ"/>
		<feat xlink:href="#sSpan2100" value="ⲕⲟⲩⲓ"/>
		<feat xlink:href="#sSpan2101" value="ⲛ"/>
		<feat xlink:href="#sSpan2103" value="ⲟⲩ"/>
		<feat xlink:href="#sSpan2105" value="ϫⲱ"/>
		<feat xlink:href="#sSpan2106" value="ⲛ"/>
		<feat xlink:href="#sSpan2108" value="ⲛⲧⲟⲟⲩ"/>
		<feat xlink:href="#sSpan2109" value="ⲛ"/>
		<feat xlink:href="#sSpan2111" value="ⲱⲣϣ"/>
		<feat xlink:href="#sSpan2112" value="ⲙⲙⲁⲧⲉ"/>
		<feat xlink:href="#sSpan2114" value="ⲉ"/>
		<feat xlink:href="#sSpan2116" value="ⲡ"/>
		<feat xlink:href="#sSpan2118" value="ⲣⲁⲛ"/>
		<feat xlink:href="#sSpan2119" value="ⲛ"/>
		<feat xlink:href="#sSpan2121" value="ⲟⲩ"/>
		<feat xlink:href="#sSpan2123" value="ⲙⲁⲑⲏⲧⲏⲥ"/>
		<feat xlink:href="#sSpan2124" value="."/>
		<feat xlink:href="#sSpan2126" value="ϩⲁⲙⲏⲛ"/>
		<feat xlink:href="#sSpan2128" value="ⲁⲛⲟⲕ"/>
		<feat xlink:href="#sSpan2130" value="ϫⲱ"/>
		<feat xlink:href="#sSpan2131" value="ⲛ"/>
		<feat xlink:href="#sSpan2133" value="ⲛⲧⲟⲥ"/>
		<feat xlink:href="#sSpan2134" value="ⲛⲁ"/>
		<feat xlink:href="#sSpan2136" value="ⲛⲧⲱⲧⲛ"/>
		<feat xlink:href="#sSpan2137" value="ϫⲉ"/>
		<feat xlink:href="#sSpan2139" value="ⲛⲛⲉ"/>
		<feat xlink:href="#sSpan2140" value="ⲛⲧⲟϥ"/>
		<feat xlink:href="#sSpan2141" value="ⲥⲱⲣⲙ"/>
		<feat xlink:href="#sSpan2142" value="ⲛ"/>
		<feat xlink:href="#sSpan2144" value="ⲡⲉϥ"/>
		<feat xlink:href="#sSpan2146" value="ⲃⲉⲕⲉ"/>
		<feat xlink:href="#sSpan2147" value="."/></featList></paula>