<?xml version='1.0' encoding='UTF-8'?><!DOCTYPE paula SYSTEM "paula_feat.dtd">
<paula version="1.1">
	<header paula_id="scriptorium.40_Matthew_10.mark_text"/>
	<featList xmlns:xlink="http://www.w3.org/1999/xlink" type="text" xml:base="scriptorium.40_Matthew_10.mark.xml">
		<feat xlink:href="#sSpan11" value="ⲡⲉϥ ⲙⲛⲧⲥⲛⲟⲟⲩⲥ ⲙ ⲙⲁⲑⲏⲧⲏⲥ"/>
		<feat xlink:href="#sSpan18" value="ⲙⲁⲑⲏⲧⲏⲥ"/>
		<feat xlink:href="#sSpan31" value="ⲧ ⲉⲝⲟⲩⲥⲓⲁ ⲛ ⲛⲉ ⲡⲛⲉⲩⲙⲁ ⲛ ⲁⲕⲁⲑⲁⲣⲧⲟⲛ"/>
		<feat xlink:href="#sSpan36" value="ⲛⲉ ⲡⲛⲉⲩⲙⲁ ⲛ ⲁⲕⲁⲑⲁⲣⲧⲟⲛ"/>
		<feat xlink:href="#sSpan59" value="ⲗⲟϫⲗⲉϫ ⲛⲓⲙ"/>
		<feat xlink:href="#sSpan65" value="ⲛⲁⲓ"/>
		<feat xlink:href="#sSpan74" value="ⲛ ⲣⲁⲛ ⲙ ⲡ ⲙⲛⲧⲥⲛⲟⲟⲩⲥ ⲛ ⲁⲡⲟⲥⲧⲟⲗⲟⲥ"/>
		<feat xlink:href="#sSpan79" value="ⲡ ⲙⲛⲧⲥⲛⲟⲟⲩⲥ ⲛ ⲁⲡⲟⲥⲧⲟⲗⲟⲥ"/>
		<feat xlink:href="#sSpan86" value="ⲁⲡⲟⲥⲧⲟⲗⲟⲥ"/>
		<feat xlink:href="#sSpan91" value="ⲡ ϣⲟⲣⲡ ⲡⲉ ⲥⲓⲙⲱⲛ ⲡ ⲉⲧⲉ ϣⲁ ⲩ ⲙⲟⲩⲧⲉ ⲉⲣⲟ ϥ"/>
		<feat xlink:href="#sSpan96" value="ⲥⲓⲙⲱⲛ"/>
		<feat xlink:href="#sSpan110" value="ⲡⲉⲧⲣⲟⲥ ⲙⲛ ⲁⲛⲇⲣⲉⲁⲥ ⲡⲉϥ ⲥⲟⲛ"/>
		<feat xlink:href="#sSpan114" value="ⲁⲛⲇⲣⲉⲁⲥ"/>
		<feat xlink:href="#sSpan122" value="ⲓⲁⲕⲱⲃⲟⲥ ⲡ ϣⲏⲣⲉ ⲛ ⲍⲉⲃⲉⲇⲁⲓⲟⲥ ⲙⲛ ⲓⲱϩⲁⲛⲛⲏⲥ ⲡⲉϥ ⲥⲟⲛ"/>
		<feat xlink:href="#sSpan129" value="ⲍⲉⲃⲉⲇⲁⲓⲟⲥ"/>
		<feat xlink:href="#sSpan133" value="ⲓⲱϩⲁⲛⲛⲏⲥ ⲡⲉϥ ⲥⲟⲛ"/>
		<feat xlink:href="#sSpan140" value="ⲫⲓⲗⲓⲡⲡⲟⲥ"/>
		<feat xlink:href="#sSpan146" value="ⲃⲁⲣⲑⲟⲗⲟⲙⲁⲓⲟⲥ ⲑⲱⲙⲁⲥ"/>
		<feat xlink:href="#sSpan152" value="ⲙⲁⲑⲑⲁⲓⲟⲥ ⲡ ⲧⲉⲗⲱⲛⲏⲥ ⲓⲁⲕⲱⲃⲟⲥ ⲡ ϣⲏⲣⲉ ⲛ ⲁⲗⲫⲁⲓⲟⲥ ⲙⲛ ⲑⲁⲇⲇⲁⲓⲟⲥ"/>
		<feat xlink:href="#sSpan164" value="ⲁⲗⲫⲁⲓⲟⲥ"/>
		<feat xlink:href="#sSpan168" value="ⲑⲁⲇⲇⲁⲓⲟⲥ"/>
		<feat xlink:href="#sSpan173" value="ⲥⲓⲙⲱⲛ ⲡ ⲕⲁⲛⲁⲛⲓⲧⲏⲥ ⲙⲛ ⲓⲟⲩⲇⲁⲥ ⲡ ⲓⲥⲕⲁⲣⲓⲱⲧⲏⲥ ⲡ"/>
		<feat xlink:href="#sSpan181" value="ⲓⲟⲩⲇⲁⲥ ⲡ ⲓⲥⲕⲁⲣⲓⲱⲧⲏⲥ"/>
		<feat xlink:href="#sSpan197" value="ⲡⲉⲓ ⲙⲛⲧⲥⲛⲟⲟⲩⲥ"/>
		<feat xlink:href="#sSpan211" value="ⲓⲏⲥⲟⲩⲥ"/>
		<feat xlink:href="#sSpan234" value="ϩⲓⲏ ⲛ ϩⲉⲑⲛⲟⲥ"/>
		<feat xlink:href="#sSpan238" value="ϩⲉⲑⲛⲟⲥ"/>
		<feat xlink:href="#sSpan252" value="ⲡⲟⲗⲓⲥ ⲛ ⲥⲁⲙⲁⲣⲓⲧⲏⲥ"/>
		<feat xlink:href="#sSpan256" value="ⲥⲁⲙⲁⲣⲓⲧⲏⲥ"/>
		<feat xlink:href="#sSpan270" value="ⲛ ⲉⲥⲟⲟⲩ ⲛⲧ ⲁ ⲩ ⲥⲱⲣⲙ ⲛⲧⲉ ⲡ ⲏⲓ ⲙ ⲡ ⲓⲥⲣⲁⲏⲗ"/>
		<feat xlink:href="#sSpan280" value="ⲡ ⲏⲓ ⲙ ⲡ ⲓⲥⲣⲁⲏⲗ"/>
		<feat xlink:href="#sSpan285" value="ⲡ ⲓⲥⲣⲁⲏⲗ"/>
		<feat xlink:href="#sSpan324" value="ⲧ ⲙⲛⲧⲣⲣⲟ ⲛ ⲙ ⲡⲏⲩⲉ"/>
		<feat xlink:href="#sSpan331" value="ⲙ ⲡⲏⲩⲉ"/>
		<feat xlink:href="#sSpan337" value="ⲛ ⲉⲧ ϣⲱⲛⲉ ⲁⲣ ⲓ"/>
		<feat xlink:href="#sSpan345" value="ⲡ ⲁϩⲣⲉ ⲉⲣⲟ ⲟⲩ"/>
		<feat xlink:href="#sSpan351" value="ⲛ ⲉⲧ ⲥⲟⲃϩ"/>
		<feat xlink:href="#sSpan361" value="ⲇⲁⲓⲙⲱⲛⲓⲟⲛ"/>
		<feat xlink:href="#sSpan374" value="ϫⲓⲛϫⲏ"/>
		<feat xlink:href="#sSpan379" value="ϫⲓⲛϫⲏ"/>
		<feat xlink:href="#sSpan392" value="ⲟⲩ ⲛⲟⲩⲃ"/>
		<feat xlink:href="#sSpan399" value="ⲟⲩ ϩⲁⲧ"/>
		<feat xlink:href="#sSpan408" value="ϩⲟⲙⲛⲧ ϩⲛ ⲛⲉⲧⲛ ⲙⲟϫϩ"/>
		<feat xlink:href="#sSpan412" value="ⲛⲉⲧⲛ ⲙⲟϫϩ"/>
		<feat xlink:href="#sSpan420" value="ⲡⲏⲣⲁ"/>
		<feat xlink:href="#sSpan425" value="ⲧⲉ ϩⲓⲏ ⲟⲩⲧⲉ ϣⲧⲏⲛ ⲥⲛⲧⲉ"/>
		<feat xlink:href="#sSpan431" value="ϣⲧⲏⲛ ⲥⲛⲧⲉ"/>
		<feat xlink:href="#sSpan438" value="ⲟⲩ ⲧⲟⲟⲩⲉ ⲟⲩⲧⲉ ⲟⲩ ϭⲉⲣⲱⲃ"/>
		<feat xlink:href="#sSpan443" value="ⲟⲩ ϭⲉⲣⲱⲃ"/>
		<feat xlink:href="#sSpan454" value="ⲡ ⲉⲣⲅⲁⲧⲏⲥ ⲛ ⲧⲉϥ ϩⲣⲉ"/>
		<feat xlink:href="#sSpan459" value="ⲧⲉϥ ϩⲣⲉ"/>
		<feat xlink:href="#sSpan464" value="ⲧ ⲡⲟⲗⲓⲥ"/>
		<feat xlink:href="#sSpan484" value="ⲡ ϯⲙⲉ"/>
		<feat xlink:href="#sSpan510" value="ⲡ ⲙⲁ ⲉⲧ ⲙⲙⲁⲩ"/>
		<feat xlink:href="#sSpan536" value="ⲡ ⲏⲓ"/>
		<feat xlink:href="#sSpan551" value="ⲡ ⲏⲓ"/>
		<feat xlink:href="#sSpan559" value="ⲧⲉⲧⲛ ⲉⲓⲣⲏⲛⲏ"/>
		<feat xlink:href="#sSpan584" value="ⲧⲉⲧⲛ ⲉⲓⲣⲏⲛⲏ"/>
		<feat xlink:href="#sSpan596" value="ⲡ ⲉⲧⲉ ⲛ ϥ ⲛⲁ ϫⲓ ⲧⲏⲩⲧⲛ ⲇⲉ ⲁⲛ ⲁⲩⲱ ⲛ ϥ ⲧⲙ ⲥⲱⲧⲙ ⲉ ⲛⲉⲧⲛ ϣⲁϫⲉ"/>
		<feat xlink:href="#sSpan618" value="ⲛⲉⲧⲛ ϣⲁϫⲉ"/>
		<feat xlink:href="#sSpan632" value="ⲡ ⲏⲓ"/>
		<feat xlink:href="#sSpan637" value="ⲧ ⲡⲟⲗⲓⲥ ⲉⲧ ⲙⲙⲁⲩ"/>
		<feat xlink:href="#sSpan645" value="ⲡ ϯⲙⲉ"/>
		<feat xlink:href="#sSpan655" value="ⲡ ϣⲟⲉⲓϣ ⲛ ⲛⲉⲧⲛ ⲟⲩⲉⲣⲏⲧⲉ"/>
		<feat xlink:href="#sSpan660" value="ⲛⲉⲧⲛ ⲟⲩⲉⲣⲏⲧⲉ"/>
		<feat xlink:href="#sSpan682" value="ⲟⲩ ⲙⲧⲟⲛ"/>
		<feat xlink:href="#sSpan690" value="ⲡ ⲕⲁϩ ⲛ ⲥⲟⲇⲟⲙⲁ ⲙⲛ ⲅⲟⲙⲟⲣⲣⲁ"/>
		<feat xlink:href="#sSpan695" value="ⲥⲟⲇⲟⲙⲁ"/>
		<feat xlink:href="#sSpan699" value="ⲅⲟⲙⲟⲣⲣⲁ"/>
		<feat xlink:href="#sSpan703" value="ⲡⲉ ϩⲟⲟⲩ ⲛ ⲧⲉ ⲕⲣⲓⲥⲓⲥ"/>
		<feat xlink:href="#sSpan708" value="ⲧⲉ ⲕⲣⲓⲥⲓⲥ"/>
		<feat xlink:href="#sSpan713" value="ϩⲟⲩⲉ ⲧ ⲡⲟⲗⲓⲥ ⲉⲧ ⲙⲙⲁⲩ"/>
		<feat xlink:href="#sSpan715" value="ⲧ ⲡⲟⲗⲓⲥ ⲉⲧ ⲙⲙⲁⲩ"/>
		<feat xlink:href="#sSpan743" value="ϩⲉⲛ ⲉⲥⲟⲟⲩ"/>
		<feat xlink:href="#sSpan748" value="ⲧ ⲙⲏⲧⲉ ⲛ ϩⲉⲛ ⲟⲩⲱⲛϣ"/>
		<feat xlink:href="#sSpan753" value="ϩⲉⲛ ⲟⲩⲱⲛϣ"/>
		<feat xlink:href="#sSpan764" value="ⲥⲁⲃⲉ"/>
		<feat xlink:href="#sSpan772" value="ⲛ ϩⲟϥ"/>
		<feat xlink:href="#sSpan778" value="ⲛ ⲁⲕⲉⲣⲁⲓⲟⲥ ⲛ ⲧ ϩⲉ ⲛ ⲛⲓ ϭⲣⲟⲟⲙⲡⲉ"/>
		<feat xlink:href="#sSpan787" value="ⲛⲓ ϭⲣⲟⲟⲙⲡⲉ"/>
		<feat xlink:href="#sSpan808" value="ⲛⲉ ⲣⲱⲙⲉ"/>
		<feat xlink:href="#sSpan824" value="ⲛ ⲥⲩⲛϩⲉⲇⲣⲓⲟⲛ"/>
		<feat xlink:href="#sSpan834" value="ⲛⲉⲩ ⲥⲩⲛⲁⲅⲱⲅⲏ"/>
		<feat xlink:href="#sSpan854" value="ⲛ ϩⲏⲅⲉⲙⲱⲛ"/>
		<feat xlink:href="#sSpan859" value="ⲛ ⲣⲣⲱⲟⲩ"/>
		<feat xlink:href="#sSpan864" value="ⲧⲉⲩ ⲙⲛⲧⲙⲛⲧⲣⲉ ⲛⲁ ⲩ"/>
		<feat xlink:href="#sSpan874" value="ⲛ ϩⲉⲑⲛⲟⲥ"/>
		<feat xlink:href="#sSpan956" value="ⲡⲉ ⲡⲛⲉⲩⲙⲁ ⲙ ⲡⲉⲧⲛ ⲉⲓⲱⲧ ⲡ ⲉⲧ ϣⲁϫⲉ ⲛϩⲏⲧ ⲧⲏⲩⲧⲛ"/>
		<feat xlink:href="#sSpan961" value="ⲡⲉⲧⲛ ⲉⲓⲱⲧ"/>
		<feat xlink:href="#sSpan976" value="ⲟⲩ ⲥⲟⲛ"/>
		<feat xlink:href="#sSpan986" value="ⲡⲉϥ ⲥⲟⲛ"/>
		<feat xlink:href="#sSpan991" value="ⲡ ⲙⲟⲩ"/>
		<feat xlink:href="#sSpan999" value="ⲟⲩ ⲉⲓⲱⲧ ⲙ ⲡⲉϥ ϣⲏⲣⲉ"/>
		<feat xlink:href="#sSpan1004" value="ⲡⲉϥ ϣⲏⲣⲉ"/>
		<feat xlink:href="#sSpan1011" value="ⲧⲉ ⲛϣⲏⲣⲉ"/>
		<feat xlink:href="#sSpan1018" value="ⲛⲉⲩ ⲉⲓⲟⲧⲉ"/>
		<feat xlink:href="#sSpan1046" value="ⲧ ⲛⲣⲱⲙⲉ ⲛⲓⲙ"/>
		<feat xlink:href="#sSpan1053" value="ⲡⲁ ⲣⲁⲛ"/>
		<feat xlink:href="#sSpan1058" value="ⲡ ⲉⲧ ⲛⲁ ϩⲩⲡⲟⲙⲉⲓⲛⲉ"/>
		<feat xlink:href="#sSpan1068" value="ⲡⲁⲓ"/>
		<feat xlink:href="#sSpan1092" value="ⲧⲉⲓ ⲡⲟⲗⲓⲥ"/>
		<feat xlink:href="#sSpan1127" value="ⲙ ⲡⲟⲗⲓⲥ ⲙ ⲡ ⲓⲥⲣⲁⲏⲗ"/>
		<feat xlink:href="#sSpan1132" value="ⲡ ⲓⲥⲣⲁⲏⲗ"/>
		<feat xlink:href="#sSpan1137" value="ⲡ ϣⲏⲣⲉ ⲙ ⲡ ⲣⲱⲙⲉ"/>
		<feat xlink:href="#sSpan1151" value="ⲥⲃⲟⲩⲓ"/>
		<feat xlink:href="#sSpan1162" value="ⲛⲟϭ ⲉ ⲡⲉϥ ⲥⲁϩ"/>
		<feat xlink:href="#sSpan1166" value="ⲡⲉϥ ⲥⲁϩ"/>
		<feat xlink:href="#sSpan1175" value="ϩⲙϩⲁⲗ"/>
		<feat xlink:href="#sSpan1183" value="ⲡⲉϥ ϫⲟⲉⲓⲥ"/>
		<feat xlink:href="#sSpan1194" value="ⲡⲉ ⲥⲃⲟⲩⲓ"/>
		<feat xlink:href="#sSpan1207" value="ⲡⲉϥ ⲥⲁϩ"/>
		<feat xlink:href="#sSpan1214" value="ⲡ ϩⲙϩⲁⲗ"/>
		<feat xlink:href="#sSpan1228" value="ⲡⲉϥ ϫⲟⲉⲓⲥ"/>
		<feat xlink:href="#sSpan1241" value="ⲡ ϫⲟⲉⲓⲥ"/>
		<feat xlink:href="#sSpan1246" value="ⲃⲉⲉⲗⲍⲉⲃⲟⲩⲗ"/>
		<feat xlink:href="#sSpan1249" value="ⲡ ⲟⲥⲟ ⲙⲁⲗⲗⲟⲛ ⲛⲉϥ ⲣⲙⲛⲏⲓ"/>
		<feat xlink:href="#sSpan1254" value="ⲛⲉϥ ⲣⲙⲛⲏⲓ"/>
		<feat xlink:href="#sSpan1267" value="ϭⲉ ϩⲏⲧ ⲟⲩ"/>
		<feat xlink:href="#sSpan1276" value="ⲗⲁⲁⲩ"/>
		<feat xlink:href="#sSpan1327" value="ⲡ ⲕⲁⲕⲉ"/>
		<feat xlink:href="#sSpan1335" value="ⲡ ⲟⲩⲟⲉⲓⲛ"/>
		<feat xlink:href="#sSpan1343" value="ⲡ ⲉⲧ ⲧⲉⲧⲛ ⲥⲱⲧⲙ ⲉⲣⲟ ϥ ϩⲙ ⲡⲉⲧⲛ ⲙⲁⲁϫⲉ"/>
		<feat xlink:href="#sSpan1353" value="ⲡⲉⲧⲛ ⲙⲁⲁϫⲉ"/>
		<feat xlink:href="#sSpan1365" value="ⲛ ϫⲉⲛⲉⲡⲱⲣ"/>
		<feat xlink:href="#sSpan1376" value="ϩⲏⲧ ⲟⲩ"/>
		<feat xlink:href="#sSpan1382" value="ⲛ ⲉⲧ ⲛⲁ ⲙⲟⲩⲟⲩⲧ ⲙ ⲡⲉⲧⲛ ⲥⲱⲙⲁ"/>
		<feat xlink:href="#sSpan1389" value="ⲡⲉⲧⲛ ⲥⲱⲙⲁ"/>
		<feat xlink:href="#sSpan1408" value="ⲧⲉⲧⲛ ⲯⲩⲭⲏ"/>
		<feat xlink:href="#sSpan1415" value="ϩⲟⲧⲉ ⲇⲉ ⲛ ϩⲟⲩⲟ"/>
		<feat xlink:href="#sSpan1422" value="ϩⲏⲧ ϥ"/>
		<feat xlink:href="#sSpan1428" value="ⲡ ⲉⲧⲉ ⲟⲩⲛ ϭⲟⲙ ⲙⲙⲟ ϥ ⲉ ⲧⲁⲕⲟ ⲛ ⲧⲉⲧⲛ ⲯⲩⲭⲏ ⲙⲛ ⲡⲉⲧⲛ ⲥⲱⲙⲁ ϩⲣⲁⲓ ϩⲛ ⲧ ⲅⲉϩⲉⲛⲛⲁ"/>
		<feat xlink:href="#sSpan1441" value="ⲧⲉⲧⲛ ⲯⲩⲭⲏ"/>
		<feat xlink:href="#sSpan1446" value="ⲡⲉⲧⲛ ⲥⲱⲙⲁ"/>
		<feat xlink:href="#sSpan1454" value="ⲧ ⲅⲉϩⲉⲛⲛⲁ"/>
		<feat xlink:href="#sSpan1463" value="ϫⲁϫ ⲥⲛⲁⲩ"/>
		<feat xlink:href="#sSpan1465" value="ⲥⲛⲁⲩ"/>
		<feat xlink:href="#sSpan1482" value="ⲟⲩ ϩⲟⲃⲟⲗⲟⲥ"/>
		<feat xlink:href="#sSpan1490" value="ⲟⲩⲁ ⲉⲃⲟⲗ ⲛϩⲏⲧ ⲟⲩ ⲛ ⲛⲉϥ ϩⲉ ⲉϩⲣⲁⲓ ⲉϫⲙ ⲡ ⲕⲁϩ ⲁϫⲙ ⲡⲉⲧⲛ ⲉⲓⲱⲧ ⲉⲧ ϩⲛ ⲙ ⲡⲏⲩⲉ"/>
		<feat xlink:href="#sSpan1507" value="ⲡ ⲕⲁϩ ⲁϫⲙ ⲡⲉⲧⲛ ⲉⲓⲱⲧ ⲉⲧ ϩⲛ ⲙ ⲡⲏⲩⲉ"/>
		<feat xlink:href="#sSpan1512" value="ⲡⲉⲧⲛ ⲉⲓⲱⲧ ⲉⲧ ϩⲛ ⲙ ⲡⲏⲩⲉ"/>
		<feat xlink:href="#sSpan1518" value="ⲙ ⲡⲏⲩⲉ"/>
		<feat xlink:href="#sSpan1526" value="ⲕⲉ ⲃⲱ ⲇⲉ ⲛ ⲧⲉⲧⲛ ⲁⲡⲉ"/>
		<feat xlink:href="#sSpan1533" value="ⲧⲉⲧⲛ ⲁⲡⲉ"/>
		<feat xlink:href="#sSpan1550" value="ϭⲉ ϩⲏⲧ ⲟⲩ"/>
		<feat xlink:href="#sSpan1562" value="ϩⲁϩ ⲛ ϫⲁϫ"/>
		<feat xlink:href="#sSpan1582" value="ϩⲏⲧ"/>
		<feat xlink:href="#sSpan1586" value="ⲡⲉ ⲙⲧⲟ ⲉⲃⲟⲗ ⲛ ⲛⲉ ⲣⲱⲙⲉ"/>
		<feat xlink:href="#sSpan1593" value="ⲛⲉ ⲣⲱⲙⲉ"/>
		<feat xlink:href="#sSpan1607" value="ⲡⲉ ⲙⲧⲟ ⲉⲃⲟⲗ ⲙ ⲡⲁ ⲉⲓⲱⲧ ⲉⲧ ϩⲛ ⲙ ⲡⲏⲩⲉ"/>
		<feat xlink:href="#sSpan1614" value="ⲡⲁ ⲉⲓⲱⲧ ⲉⲧ ϩⲛ ⲙ ⲡⲏⲩⲉ"/>
		<feat xlink:href="#sSpan1620" value="ⲙ ⲡⲏⲩⲉ"/>
		<feat xlink:href="#sSpan1626" value="ⲡ ⲉⲧ ⲛⲁ ⲁⲡⲁⲣⲛⲁ ⲇⲉ ⲙⲙⲟ ⲓ ⲙ ⲡⲉ ⲙⲧⲟ ⲉⲃⲟⲗ ⲛ ⲛⲉ ⲣⲱⲙⲉ"/>
		<feat xlink:href="#sSpan1639" value="ⲡⲉ ⲙⲧⲟ ⲉⲃⲟⲗ ⲛ ⲛⲉ ⲣⲱⲙⲉ"/>
		<feat xlink:href="#sSpan1646" value="ⲛⲉ ⲣⲱⲙⲉ"/>
		<feat xlink:href="#sSpan1662" value="ⲡⲉ ⲙⲧⲟ ⲉⲃⲟⲗ ⲙ ⲡⲁ ⲉⲓⲱⲧ ⲉⲧ ϩⲛ ⲙ ⲡⲏⲩⲉ"/>
		<feat xlink:href="#sSpan1669" value="ⲡⲁ ⲉⲓⲱⲧ ⲉⲧ ϩⲛ ⲙ ⲡⲏⲩⲉ"/>
		<feat xlink:href="#sSpan1675" value="ⲙ ⲡⲏⲩⲉ"/>
		<feat xlink:href="#sSpan1697" value="ⲟⲩ ⲉⲓⲣⲏⲛⲏ"/>
		<feat xlink:href="#sSpan1704" value="ⲡ ⲕⲁϩ . ⲛⲧ ⲁ ⲓ ⲉⲓ ⲁⲛ ⲉ ⲛⲟⲩϫⲉ ⲛ ⲟⲩ ⲉⲓⲣⲏⲛⲏ . ⲁⲗⲗⲁ ⲉ ⲛⲟⲩϫⲉ ⲛ ⲟⲩ ⲥⲏϥⲉ"/>
		<feat xlink:href="#sSpan1722" value="ⲟⲩ ⲉⲓⲣⲏⲛⲏ"/>
		<feat xlink:href="#sSpan1735" value="ⲟⲩ ⲥⲏϥⲉ"/>
		<feat xlink:href="#sSpan1750" value="ⲡ ⲱⲣϫ ⲛ ⲟⲩ ⲣⲱⲙⲉ ⲉ ⲡⲉϥ ⲉⲓⲱⲧ"/>
		<feat xlink:href="#sSpan1755" value="ⲟⲩ ⲣⲱⲙⲉ ⲉ ⲡⲉϥ ⲉⲓⲱⲧ"/>
		<feat xlink:href="#sSpan1760" value="ⲡⲉϥ ⲉⲓⲱⲧ"/>
		<feat xlink:href="#sSpan1768" value="ⲟⲩ ϣⲉⲉⲣⲉ ⲉ ⲧⲉⲥ ⲙⲁⲁⲩ"/>
		<feat xlink:href="#sSpan1773" value="ⲧⲉⲥ ⲙⲁⲁⲩ"/>
		<feat xlink:href="#sSpan1779" value="ⲟⲩ ϣⲉⲗⲉⲉⲧ ⲉ ⲧⲉⲥ ϣⲱⲙⲉ"/>
		<feat xlink:href="#sSpan1784" value="ⲧⲉⲥ ϣⲱⲙⲉ"/>
		<feat xlink:href="#sSpan1790" value="ⲛ ϫⲁϫⲉ ⲙ ⲡ ⲣⲱⲙⲉ"/>
		<feat xlink:href="#sSpan1796" value="ⲡ ⲣⲱⲙⲉ"/>
		<feat xlink:href="#sSpan1801" value="ⲛⲉϥ ⲣⲙⲛⲏⲓ"/>
		<feat xlink:href="#sSpan1808" value="ⲡ ⲉⲧ ⲙⲉ ⲛ ⲉⲓⲱⲧ ⲏ ⲙⲁⲁⲩ ⲉϩⲟⲩⲉⲉⲣⲟ ⲓ"/>
		<feat xlink:href="#sSpan1818" value="ⲙⲁⲁⲩ"/>
		<feat xlink:href="#sSpan1837" value="ⲡ ⲉⲧ ⲙⲉ ⲛ ϣⲏⲣⲉ ϩⲓ ϣⲉⲉⲣⲉ ⲉϩⲟⲩⲉⲉⲣⲟ ⲓ"/>
		<feat xlink:href="#sSpan1843" value="ϣⲏⲣⲉ"/>
		<feat xlink:href="#sSpan1847" value="ϣⲉⲉⲣⲉ"/>
		<feat xlink:href="#sSpan1867" value="ⲡ ⲉⲧⲉ ⲛ ϥ ⲛⲁ ϥⲓ ⲁⲛ ⲙ ⲡⲉϥ ⲥⲧⲁⲩⲣⲟⲥ"/>
		<feat xlink:href="#sSpan1878" value="ⲡⲉϥ ⲥⲧⲁⲩⲣⲟⲥ"/>
		<feat xlink:href="#sSpan1901" value="ⲡ ⲉⲛⲧ ⲁ ϥ ϩⲉ ⲉ ⲧⲉϥ ⲯⲩⲭⲏ"/>
		<feat xlink:href="#sSpan1911" value="ⲧⲉϥ ⲯⲩⲭⲏ"/>
		<feat xlink:href="#sSpan1924" value="ⲡ ⲉⲛⲧ ⲁ ϥ ⲥⲱⲣⲙ ⲛ ⲧⲉϥ ⲯⲩⲭⲏ ⲉⲧⲃⲏⲏⲧ ϥ"/>
		<feat xlink:href="#sSpan1932" value="ⲧⲉϥ ⲯⲩⲭⲏ"/>
		<feat xlink:href="#sSpan1947" value="ⲡ ⲉⲧ ϣⲱⲡ ⲙⲙⲱ ⲧⲛ ⲉⲣⲟ ϥ"/>
		<feat xlink:href="#sSpan1975" value="ⲡ ⲉⲧ ϣⲱⲡ ⲙⲙⲟ ⲓ ⲉⲣⲟ ϥ"/>
		<feat xlink:href="#sSpan1996" value="ⲡ ⲉⲛⲧ ⲁ ϥ ⲧⲛⲛⲟⲟⲩ ⲧ"/>
		<feat xlink:href="#sSpan2006" value="ⲡ ⲉⲧ ϣⲱⲡ ⲉⲣⲟ ϥ ⲛ ⲟⲩ ⲡⲣⲟⲫⲏⲧⲏⲥ ⲉ ⲡ ⲣⲁⲛ ⲛ ⲟⲩ ⲡⲣⲟⲫⲏⲧⲏⲥ"/>
		<feat xlink:href="#sSpan2017" value="ⲟⲩ ⲡⲣⲟⲫⲏⲧⲏⲥ"/>
		<feat xlink:href="#sSpan2022" value="ⲡ ⲣⲁⲛ ⲛ ⲟⲩ ⲡⲣⲟⲫⲏⲧⲏⲥ"/>
		<feat xlink:href="#sSpan2027" value="ⲟⲩ ⲡⲣⲟⲫⲏⲧⲏⲥ"/>
		<feat xlink:href="#sSpan2036" value="ⲡ ⲃⲉⲕⲉ ⲛ ⲟⲩ ⲡⲣⲟⲫⲏⲧⲏⲥ"/>
		<feat xlink:href="#sSpan2041" value="ⲟⲩ ⲡⲣⲟⲫⲏⲧⲏⲥ"/>
		<feat xlink:href="#sSpan2049" value="ⲡ ⲉⲧ ϣⲱⲡ ⲉⲣⲟ ϥ ⲛ ⲟⲩ ⲇⲓⲕⲁⲓⲟⲥ ⲉ ⲡ ⲣⲁⲛ ⲛ ⲟⲩ ⲇⲓⲕⲁⲓⲟⲥ"/>
		<feat xlink:href="#sSpan2059" value="ⲟⲩ ⲇⲓⲕⲁⲓⲟⲥ"/>
		<feat xlink:href="#sSpan2064" value="ⲡ ⲣⲁⲛ ⲛ ⲟⲩ ⲇⲓⲕⲁⲓⲟⲥ"/>
		<feat xlink:href="#sSpan2069" value="ⲟⲩ ⲇⲓⲕⲁⲓⲟⲥ"/>
		<feat xlink:href="#sSpan2078" value="ⲡ ⲃⲉⲕⲉ ⲙ ⲡ ⲇⲓⲕⲁⲓⲟⲥ"/>
		<feat xlink:href="#sSpan2083" value="ⲡ ⲇⲓⲕⲁⲓⲟⲥ"/>
		<feat xlink:href="#sSpan2095" value="ⲟⲩⲁ ⲛ ⲛⲉⲓ ⲕⲟⲩⲓ"/>
		<feat xlink:href="#sSpan2099" value="ⲛⲉⲓ ⲕⲟⲩⲓ"/>
		<feat xlink:href="#sSpan2104" value="ⲟⲩ ϫⲱ ⲙⲙⲟ ⲩ"/>
		<feat xlink:href="#sSpan2117" value="ⲡ ⲣⲁⲛ ⲛ ⲟⲩ ⲙⲁⲑⲏⲧⲏⲥ"/>
		<feat xlink:href="#sSpan2122" value="ⲟⲩ ⲙⲁⲑⲏⲧⲏⲥ"/>
		<feat xlink:href="#sSpan2145" value="ⲡⲉϥ ⲃⲉⲕⲉ"/></featList></paula>