<?xml version='1.0' encoding='UTF-8'?><!DOCTYPE paula SYSTEM "paula_feat.dtd">
<paula version="1.1">
	<header paula_id="scriptorium.40_Matthew_10.mark_identity"/>
	<featList xmlns:xlink="http://www.w3.org/1999/xlink" type="identity" xml:base="scriptorium.40_Matthew_10.mark.xml">
		<feat xlink:href="#sSpan96" value="Saint Peter"/>
		<feat xlink:href="#sSpan110" value="Saint Peter"/>
		<feat xlink:href="#sSpan114" value="Andrew the Apostle"/>
		<feat xlink:href="#sSpan122" value="James the Great"/>
		<feat xlink:href="#sSpan129" value="Zebedee"/>
		<feat xlink:href="#sSpan133" value="John the Apostle"/>
		<feat xlink:href="#sSpan140" value="Philip the Apostle"/>
		<feat xlink:href="#sSpan146" value="Bartholomew the Apostle"/>
		<feat xlink:href="#sSpan152" value="Matthew the Apostle"/>
		<feat xlink:href="#sSpan164" value="Alphaeus"/>
		<feat xlink:href="#sSpan168" value="Jude the Apostle"/>
		<feat xlink:href="#sSpan173" value="Simon the Zealot"/>
		<feat xlink:href="#sSpan181" value="Judas Iscariot"/>
		<feat xlink:href="#sSpan211" value="Jesus"/>
		<feat xlink:href="#sSpan285" value="Kingdom of Israel (united monarchy)"/>
		<feat xlink:href="#sSpan695" value="Sodom and Gomorrah"/>
		<feat xlink:href="#sSpan699" value="Sodom and Gomorrah"/>
		<feat xlink:href="#sSpan1132" value="Kingdom of Israel (united monarchy)"/>
		<feat xlink:href="#sSpan1246" value="Beelzebub"/></featList></paula>