<?xml version='1.0' encoding='UTF-8'?><!DOCTYPE paula SYSTEM "paula_feat.dtd">
<paula version="1.1">
	<header paula_id="scriptorium.40_Matthew_10.mark_translation"/>
	<featList xmlns:xlink="http://www.w3.org/1999/xlink" type="translation" xml:base="scriptorium.40_Matthew_10.mark.xml">
		<feat xlink:href="#sSpan3" value="He called to himself his twelve disciples, and gave them authority over unclean spirits, to cast them out, and to heal every disease and every sickness."/>
		<feat xlink:href="#sSpan67" value="Now the names of the twelve apostles are these. The first, Simon, who is called Peter; Andrew, his brother; James the son of Zebedee; John, his brother;"/>
		<feat xlink:href="#sSpan142" value="Philip; Bartholomew; Thomas; Matthew the tax collector; James the son of Alphaeus; Lebbaeus, whose surname was Thaddaeus;"/>
		<feat xlink:href="#sSpan174" value="Simon the Canaanite; and Judas Iscariot, who also betrayed him."/>
		<feat xlink:href="#sSpan199" value="Jesus sent these twelve out, and commanded them, saying, 'Don't go among the Gentiles, and don't enter into any city of the Samaritans."/>
		<feat xlink:href="#sSpan261" value="Rather, go to the lost sheep of the house of Israel."/>
		<feat xlink:href="#sSpan291" value="As you go, preach, saying, 'The Kingdom of Heaven is at hand!'"/>
		<feat xlink:href="#sSpan338" value="Heal the sick, cleanse the lepers, and cast out demons. Freely you received, so freely give."/>
		<feat xlink:href="#sSpan384" value="Don't take any gold, nor silver, nor brass in your money belts."/>
		<feat xlink:href="#sSpan418" value="Take no bag for your journey, neither two coats, nor shoes, nor staff: for the laborer is worthy of his food."/>
		<feat xlink:href="#sSpan466" value="Into whatever city or village you enter, find out who in it is worthy; and stay there until you go on."/>
		<feat xlink:href="#sSpan526" value="As you enter into the household, greet it."/>
		<feat xlink:href="#sSpan547" value="If the household is worthy, let your peace come on it, but if it isn't worthy, let your peace return to you."/>
		<feat xlink:href="#sSpan597" value="Whoever doesn't receive you, nor hear your words, as you go out of that house or that city, shake off the dust from your feet."/>
		<feat xlink:href="#sSpan666" value="Most certainly I tell you, it will be more tolerable for the land of Sodom and Gomorrah in the day of judgment than for that city."/>
		<feat xlink:href="#sSpan725" value="'Behold, I send you out as sheep in the midst of wolves. Therefore be wise as serpents, and harmless as doves."/>
		<feat xlink:href="#sSpan794" value="But beware of men: for they will deliver you up to councils, and in their synagogues they will scourge you."/>
		<feat xlink:href="#sSpan847" value="Yes, and you will be brought before governors and kings for my sake, for a testimony to them and to the nations."/>
		<feat xlink:href="#sSpan880" value="But when they deliver you up, don't be anxious how or what you will say, for it will be given you in that hour what you will say."/>
		<feat xlink:href="#sSpan943" value="For it is not you who speak, but the Spirit of your Father who speaks in you."/>
		<feat xlink:href="#sSpan974" value="'Brother will deliver up brother to death, and the father his child. Children will rise up against parents, and cause them to be put to death."/>
		<feat xlink:href="#sSpan1031" value="You will be hated by all men for my name's sake, but he who endures to the end will be saved."/>
		<feat xlink:href="#sSpan1079" value="But when they persecute you in this city, flee into the next, for most certainly I tell you, you will not have gone through the cities of Israel, until the Son of Man has come."/>
		<feat xlink:href="#sSpan1149" value="'A disciple is not above his teacher, nor a servant above his lord."/>
		<feat xlink:href="#sSpan1190" value="It is enough for the disciple that he be like his teacher, and the servant like his lord. If they have called the master of the house Beelzebul, how much more those of his household!"/>
		<feat xlink:href="#sSpan1261" value="Therefore don't be afraid of them, for there is nothing covered that will not be revealed; and hidden that will not be known."/>
		<feat xlink:href="#sSpan1315" value="What I tell you in the darkness, speak in the light; and what you hear whispered in the ear, proclaim on the housetops."/>
		<feat xlink:href="#sSpan1371" value="Don't be afraid of those who kill the body, but are not able to kill the soul. Rather, fear him who is able to destroy both soul and body in Gehenna."/>
		<feat xlink:href="#sSpan1460" value="'Aren't two sparrows sold for an assarion coin? Not one of them falls on the ground apart from your Father's will,"/>
		<feat xlink:href="#sSpan1524" value="but the very hairs of your head are all numbered."/>
		<feat xlink:href="#sSpan1544" value="Therefore don't be afraid. You are of more value than many sparrows."/>
		<feat xlink:href="#sSpan1570" value="Everyone therefore who confesses me before men, him I will also confess before my Father who is in heaven."/>
		<feat xlink:href="#sSpan1627" value="But whoever denies me before men, him I will also deny before my Father who is in heaven."/>
		<feat xlink:href="#sSpan1681" value="'Don't think that I came to send peace on the earth. I didn't come to send peace, but a sword."/>
		<feat xlink:href="#sSpan1741" value="For I came to set a man at odds against his father, and a daughter against her mother, and a daughter-in-law against her mother-in-law."/>
		<feat xlink:href="#sSpan1791" value="A man's foes will be those of his own household."/>
		<feat xlink:href="#sSpan1809" value="He who loves father or mother more than me is not worthy of me; and he who loves son or daughter more than me isn't worthy of me."/>
		<feat xlink:href="#sSpan1864" value="He who doesn't take his cross and follow after me, isn't worthy of me."/>
		<feat xlink:href="#sSpan1902" value="He who seeks his life will lose it; and he who loses his life for my sake will find it."/>
		<feat xlink:href="#sSpan1948" value="He who receives you receives me, and he who receives me receives him who sent me."/>
		<feat xlink:href="#sSpan2007" value="He who receives a prophet in the name of a prophet will receive a prophet's reward. He who receives a righteous man in the name of a righteous man will receive a righteous man's reward."/>
		<feat xlink:href="#sSpan2089" value="Whoever gives one of these little ones just a cup of cold water to drink in the name of a disciple, most certainly I tell you he will in no way lose his reward.'"/></featList></paula>