<?xml version='1.0' encoding='UTF-8'?><!DOCTYPE paula SYSTEM "paula_feat.dtd">
<paula version="1.1">
	<header paula_id="scriptorium.40_Matthew_10.mark_new_sent"/>
	<featList xmlns:xlink="http://www.w3.org/1999/xlink" type="new_sent" xml:base="scriptorium.40_Matthew_10.mark.xml">
		<feat xlink:href="#sSpan1" value="true"/>
		<feat xlink:href="#sSpan64" value="true"/>
		<feat xlink:href="#sSpan139" value="true"/>
		<feat xlink:href="#sSpan171" value="true"/>
		<feat xlink:href="#sSpan196" value="true"/>
		<feat xlink:href="#sSpan259" value="true"/>
		<feat xlink:href="#sSpan289" value="true"/>
		<feat xlink:href="#sSpan335" value="true"/>
		<feat xlink:href="#sSpan382" value="true"/>
		<feat xlink:href="#sSpan416" value="true"/>
		<feat xlink:href="#sSpan463" value="true"/>
		<feat xlink:href="#sSpan524" value="true"/>
		<feat xlink:href="#sSpan545" value="true"/>
		<feat xlink:href="#sSpan594" value="true"/>
		<feat xlink:href="#sSpan664" value="true"/>
		<feat xlink:href="#sSpan722" value="true"/>
		<feat xlink:href="#sSpan792" value="true"/>
		<feat xlink:href="#sSpan845" value="true"/>
		<feat xlink:href="#sSpan878" value="true"/>
		<feat xlink:href="#sSpan941" value="true"/>
		<feat xlink:href="#sSpan972" value="true"/>
		<feat xlink:href="#sSpan1029" value="true"/>
		<feat xlink:href="#sSpan1077" value="true"/>
		<feat xlink:href="#sSpan1147" value="true"/>
		<feat xlink:href="#sSpan1187" value="true"/>
		<feat xlink:href="#sSpan1259" value="true"/>
		<feat xlink:href="#sSpan1313" value="true"/>
		<feat xlink:href="#sSpan1369" value="true"/>
		<feat xlink:href="#sSpan1458" value="true"/>
		<feat xlink:href="#sSpan1522" value="true"/>
		<feat xlink:href="#sSpan1542" value="true"/>
		<feat xlink:href="#sSpan1568" value="true"/>
		<feat xlink:href="#sSpan1624" value="true"/>
		<feat xlink:href="#sSpan1679" value="true"/>
		<feat xlink:href="#sSpan1739" value="true"/>
		<feat xlink:href="#sSpan1788" value="true"/>
		<feat xlink:href="#sSpan1806" value="true"/>
		<feat xlink:href="#sSpan1862" value="true"/>
		<feat xlink:href="#sSpan1899" value="true"/>
		<feat xlink:href="#sSpan1945" value="true"/>
		<feat xlink:href="#sSpan2004" value="true"/>
		<feat xlink:href="#sSpan2087" value="true"/></featList></paula>