<?xml version='1.0' encoding='UTF-8'?><!DOCTYPE paula SYSTEM "paula_feat.dtd">
<paula version="1.1">
	<header paula_id="scriptorium.40_Matthew_10.mark_norm_group"/>
	<featList xmlns:xlink="http://www.w3.org/1999/xlink" type="norm_group" xml:base="scriptorium.40_Matthew_10.mark.xml">
		<feat xlink:href="#sSpan2" value="ⲁϥⲙⲟⲩⲧⲉ"/>
		<feat xlink:href="#sSpan7" value="ⲇⲉ"/>
		<feat xlink:href="#sSpan9" value="ⲉⲡⲉϥⲙⲛⲧⲥⲛⲟⲟⲩⲥ"/>
		<feat xlink:href="#sSpan16" value="ⲙⲙⲁⲑⲏⲧⲏⲥ"/>
		<feat xlink:href="#sSpan20" value="."/>
		<feat xlink:href="#sSpan22" value="ⲁϥϯ"/>
		<feat xlink:href="#sSpan26" value="ⲛⲁⲩ"/>
		<feat xlink:href="#sSpan29" value="ⲛⲧⲉⲝⲟⲩⲥⲓⲁ"/>
		<feat xlink:href="#sSpan34" value="ⲛⲛⲉⲡⲛⲉⲩⲙⲁ"/>
		<feat xlink:href="#sSpan39" value="ⲛⲁⲕⲁⲑⲁⲣⲧⲟⲛ"/>
		<feat xlink:href="#sSpan42" value="ⲉⲛⲟⲩϫ"/>
		<feat xlink:href="#sSpan45" value="ⲉⲃⲟⲗ"/>
		<feat xlink:href="#sSpan47" value="ⲁⲩⲱ"/>
		<feat xlink:href="#sSpan49" value="ⲉⲣⲡⲁϩⲣⲉ"/>
		<feat xlink:href="#sSpan52" value="ⲉϣⲱⲛⲉ"/>
		<feat xlink:href="#sSpan55" value="ⲛⲓⲙ"/>
		<feat xlink:href="#sSpan57" value="ϩⲓⲗⲟϫⲗⲉϫ"/>
		<feat xlink:href="#sSpan61" value="ⲛⲓⲙ"/>
		<feat xlink:href="#sSpan63" value="."/>
		<feat xlink:href="#sSpan66" value="ⲛⲁⲓ"/>
		<feat xlink:href="#sSpan69" value="ⲇⲉ"/>
		<feat xlink:href="#sSpan71" value="ⲛⲉ"/>
		<feat xlink:href="#sSpan73" value="ⲛⲣⲁⲛ"/>
		<feat xlink:href="#sSpan77" value="ⲙⲡⲙⲛⲧⲥⲛⲟⲟⲩⲥ"/>
		<feat xlink:href="#sSpan84" value="ⲛⲁⲡⲟⲥⲧⲟⲗⲟⲥ"/>
		<feat xlink:href="#sSpan88" value="."/>
		<feat xlink:href="#sSpan90" value="ⲡϣⲟⲣⲡ"/>
		<feat xlink:href="#sSpan94" value="ⲡⲉ"/>
		<feat xlink:href="#sSpan97" value="ⲥⲓⲙⲱⲛ"/>
		<feat xlink:href="#sSpan99" value="ⲡⲉⲧⲉϣⲁⲩⲙⲟⲩⲧⲉ"/>
		<feat xlink:href="#sSpan105" value="ⲉⲣⲟϥ"/>
		<feat xlink:href="#sSpan108" value="ϫⲉⲡⲉⲧⲣⲟⲥ"/>
		<feat xlink:href="#sSpan112" value="ⲙⲛⲁⲛⲇⲣⲉⲁⲥ"/>
		<feat xlink:href="#sSpan116" value="ⲡⲉϥⲥⲟⲛ"/>
		<feat xlink:href="#sSpan119" value="."/>
		<feat xlink:href="#sSpan121" value="ⲓⲁⲕⲱⲃⲟⲥ"/>
		<feat xlink:href="#sSpan124" value="ⲡϣⲏⲣⲉ"/>
		<feat xlink:href="#sSpan127" value="ⲛⲍⲉⲃⲉⲇⲁⲓⲟⲥ"/>
		<feat xlink:href="#sSpan131" value="ⲙⲛⲓⲱϩⲁⲛⲛⲏⲥ"/>
		<feat xlink:href="#sSpan135" value="ⲡⲉϥⲥⲟⲛ"/>
		<feat xlink:href="#sSpan138" value="."/>
		<feat xlink:href="#sSpan141" value="ⲫⲓⲗⲓⲡⲡⲟⲥ"/>
		<feat xlink:href="#sSpan144" value="ⲙⲛⲃⲁⲣⲑⲟⲗⲟⲙⲁⲓⲟⲥ"/>
		<feat xlink:href="#sSpan148" value="ⲑⲱⲙⲁⲥ"/>
		<feat xlink:href="#sSpan150" value="ⲙⲛⲙⲁⲑⲑⲁⲓⲟⲥ"/>
		<feat xlink:href="#sSpan154" value="ⲡⲧⲉⲗⲱⲛⲏⲥ"/>
		<feat xlink:href="#sSpan157" value="ⲓⲁⲕⲱⲃⲟⲥ"/>
		<feat xlink:href="#sSpan159" value="ⲡϣⲏⲣⲉ"/>
		<feat xlink:href="#sSpan162" value="ⲛⲁⲗⲫⲁⲓⲟⲥ"/>
		<feat xlink:href="#sSpan166" value="ⲙⲛⲑⲁⲇⲇⲁⲓⲟⲥ"/>
		<feat xlink:href="#sSpan170" value="."/>
		<feat xlink:href="#sSpan172" value="ⲥⲓⲙⲱⲛ"/>
		<feat xlink:href="#sSpan176" value="ⲡⲕⲁⲛⲁⲛⲓⲧⲏⲥ"/>
		<feat xlink:href="#sSpan179" value="ⲙⲛⲓⲟⲩⲇⲁⲥ"/>
		<feat xlink:href="#sSpan183" value="ⲡⲓⲥⲕⲁⲣⲓⲱⲧⲏⲥ"/>
		<feat xlink:href="#sSpan186" value="ⲡⲉⲛⲧⲁϥⲡⲁⲣⲁⲇⲓⲇⲟⲩ"/>
		<feat xlink:href="#sSpan192" value="ⲙⲙⲟϥ"/>
		<feat xlink:href="#sSpan195" value="."/>
		<feat xlink:href="#sSpan198" value="ⲡⲉⲓⲙⲛⲧⲥⲛⲟⲟⲩⲥ"/>
		<feat xlink:href="#sSpan204" value="ⲁϥϫⲟⲟⲩⲥⲉ"/>
		<feat xlink:href="#sSpan209" value="ⲛϭⲓⲓⲏⲥⲟⲩⲥ"/>
		<feat xlink:href="#sSpan213" value="ⲁϥⲡⲁⲣⲁⲅⲅⲉⲓⲗⲉ"/>
		<feat xlink:href="#sSpan217" value="ⲛⲁⲩ"/>
		<feat xlink:href="#sSpan220" value="ⲉϥϫⲱ"/>
		<feat xlink:href="#sSpan224" value="ⲙⲙⲟⲥ"/>
		<feat xlink:href="#sSpan227" value="ϫⲉⲙⲡⲣⲃⲱⲕ"/>
		<feat xlink:href="#sSpan232" value="ⲉϩⲓⲏ"/>
		<feat xlink:href="#sSpan236" value="ⲛϩⲉⲑⲛⲟⲥ"/>
		<feat xlink:href="#sSpan240" value="."/>
		<feat xlink:href="#sSpan242" value="ⲁⲩⲱ"/>
		<feat xlink:href="#sSpan244" value="ⲙⲡⲣⲃⲱⲕ"/>
		<feat xlink:href="#sSpan248" value="ⲉϩⲟⲩⲛ"/>
		<feat xlink:href="#sSpan250" value="ⲉⲡⲟⲗⲓⲥ"/>
		<feat xlink:href="#sSpan254" value="ⲛⲥⲁⲙⲁⲣⲓⲧⲏⲥ"/>
		<feat xlink:href="#sSpan258" value="."/>
		<feat xlink:href="#sSpan260" value="ⲃⲱⲕ"/>
		<feat xlink:href="#sSpan263" value="ⲇⲉ"/>
		<feat xlink:href="#sSpan265" value="ⲛϩⲟⲩⲟ"/>
		<feat xlink:href="#sSpan268" value="ϣⲁⲛⲉⲥⲟⲟⲩ"/>
		<feat xlink:href="#sSpan273" value="ⲛⲧⲁⲩⲥⲱⲣⲙ"/>
		<feat xlink:href="#sSpan278" value="ⲛⲧⲉⲡⲏⲓ"/>
		<feat xlink:href="#sSpan283" value="ⲙⲡⲓⲥⲣⲁⲏⲗ"/>
		<feat xlink:href="#sSpan288" value="."/>
		<feat xlink:href="#sSpan290" value="ⲉⲧⲉⲧⲛⲛⲁⲃⲱⲕ"/>
		<feat xlink:href="#sSpan296" value="ⲇⲉ"/>
		<feat xlink:href="#sSpan299" value="ⲧⲁϣⲉⲟⲉⲓϣ"/>
		<feat xlink:href="#sSpan302" value="ⲉⲧⲉⲧⲛϫⲱ"/>
		<feat xlink:href="#sSpan306" value="ⲙⲙⲟⲥ"/>
		<feat xlink:href="#sSpan309" value="ϫⲉⲙⲉⲧⲁⲛⲟⲉⲓ"/>
		<feat xlink:href="#sSpan312" value="."/>
		<feat xlink:href="#sSpan314" value="ⲁⲥϩⲱⲛ"/>
		<feat xlink:href="#sSpan318" value="ⲅⲁⲣ"/>
		<feat xlink:href="#sSpan320" value="ⲉϩⲟⲩⲛ"/>
		<feat xlink:href="#sSpan322" value="ⲛϭⲓⲧⲙⲛⲧⲣⲣⲟ"/>
		<feat xlink:href="#sSpan329" value="ⲛⲙⲡⲏⲩⲉ"/>
		<feat xlink:href="#sSpan334" value="."/>
		<feat xlink:href="#sSpan336" value="ⲛⲉⲧϣⲱⲛⲉ"/>
		<feat xlink:href="#sSpan342" value="ⲁⲣⲓⲡⲁϩⲣⲉ"/>
		<feat xlink:href="#sSpan348" value="ⲉⲣⲟⲟⲩ"/>
		<feat xlink:href="#sSpan352" value="ⲛⲉⲧⲥⲟⲃϩ"/>
		<feat xlink:href="#sSpan356" value="ⲧⲃⲃⲟⲟⲩ"/>
		<feat xlink:href="#sSpan359" value="ⲛⲇⲁⲓⲙⲱⲛⲓⲟⲛ"/>
		<feat xlink:href="#sSpan363" value="ⲛⲟϫⲟⲩ"/>
		<feat xlink:href="#sSpan366" value="ⲉⲃⲟⲗ"/>
		<feat xlink:href="#sSpan368" value="ⲁⲧⲉⲧⲛϫⲓ"/>
		<feat xlink:href="#sSpan372" value="ⲛϫⲓⲛϫⲏ"/>
		<feat xlink:href="#sSpan376" value="ϯⲛϫⲓⲛϫⲏ"/>
		<feat xlink:href="#sSpan381" value="."/>
		<feat xlink:href="#sSpan383" value="ⲙⲡⲣϫⲡⲟ"/>
		<feat xlink:href="#sSpan387" value="ⲛⲏⲧⲛ"/>
		<feat xlink:href="#sSpan390" value="ⲛⲟⲩⲛⲟⲩⲃ"/>
		<feat xlink:href="#sSpan395" value="."/>
		<feat xlink:href="#sSpan397" value="ⲟⲩⲧⲉ"/>
		<feat xlink:href="#sSpan400" value="ⲟⲩϩⲁⲧ"/>
		<feat xlink:href="#sSpan403" value="."/>
		<feat xlink:href="#sSpan405" value="ⲟⲩⲇⲉ"/>
		<feat xlink:href="#sSpan407" value="ϩⲟⲙⲛⲧ"/>
		<feat xlink:href="#sSpan410" value="ϩⲛⲛⲉⲧⲛⲙⲟϫϩ"/>
		<feat xlink:href="#sSpan415" value="."/>
		<feat xlink:href="#sSpan417" value="ⲟⲩⲧⲉ"/>
		<feat xlink:href="#sSpan421" value="ⲡⲏⲣⲁ"/>
		<feat xlink:href="#sSpan423" value="ⲉⲧⲉϩⲓⲏ"/>
		<feat xlink:href="#sSpan428" value="ⲟⲩⲧⲉ"/>
		<feat xlink:href="#sSpan430" value="ϣⲧⲏⲛ"/>
		<feat xlink:href="#sSpan433" value="ⲥⲛⲧⲉ"/>
		<feat xlink:href="#sSpan435" value="ⲟⲩⲧⲉ"/>
		<feat xlink:href="#sSpan437" value="ⲟⲩⲧⲟⲟⲩⲉ"/>
		<feat xlink:href="#sSpan441" value="ⲟⲩⲧⲉ"/>
		<feat xlink:href="#sSpan444" value="ⲟⲩϭⲉⲣⲱⲃ"/>
		<feat xlink:href="#sSpan447" value="ϥⲉⲙⲡϣⲁ"/>
		<feat xlink:href="#sSpan450" value="ⲅⲁⲣ"/>
		<feat xlink:href="#sSpan452" value="ⲛϭⲓⲡⲉⲣⲅⲁⲧⲏⲥ"/>
		<feat xlink:href="#sSpan457" value="ⲛⲧⲉϥϩⲣⲉ"/>
		<feat xlink:href="#sSpan462" value="."/>
		<feat xlink:href="#sSpan465" value="ⲧⲡⲟⲗⲓⲥ"/>
		<feat xlink:href="#sSpan469" value="ⲇⲉ"/>
		<feat xlink:href="#sSpan471" value="ⲉⲧⲉⲧⲛⲛⲁⲃⲱⲕ"/>
		<feat xlink:href="#sSpan477" value="ⲉϩⲟⲩⲛ"/>
		<feat xlink:href="#sSpan479" value="ⲉⲣⲟⲥ"/>
		<feat xlink:href="#sSpan482" value="ⲏⲡϯⲙⲉ"/>
		<feat xlink:href="#sSpan487" value="."/>
		<feat xlink:href="#sSpan489" value="ϣⲓⲛⲉ"/>
		<feat xlink:href="#sSpan491" value="ϩⲣⲁⲓ"/>
		<feat xlink:href="#sSpan494" value="ⲛϩⲏⲧⲥ"/>
		<feat xlink:href="#sSpan497" value="ϫⲉⲛⲓⲙ"/>
		<feat xlink:href="#sSpan500" value="ⲡⲉⲧⲙⲡϣⲁ"/>
		<feat xlink:href="#sSpan504" value="ⲛⲧⲉⲧⲛϭⲱ"/>
		<feat xlink:href="#sSpan508" value="ϩⲙⲡⲙⲁ"/>
		<feat xlink:href="#sSpan513" value="ⲉⲧⲙⲙⲁⲩ"/>
		<feat xlink:href="#sSpan516" value="ϣⲁⲛⲧⲉⲧⲛⲉⲓ"/>
		<feat xlink:href="#sSpan521" value="ⲉⲃⲟⲗ"/>
		<feat xlink:href="#sSpan523" value="."/>
		<feat xlink:href="#sSpan525" value="ⲉⲧⲉⲧⲛⲃⲏⲕ"/>
		<feat xlink:href="#sSpan530" value="ⲇⲉ"/>
		<feat xlink:href="#sSpan532" value="ⲉϩⲟⲩⲛ"/>
		<feat xlink:href="#sSpan534" value="ⲉⲡⲏⲓ"/>
		<feat xlink:href="#sSpan539" value="ⲁⲥⲡⲁⲍⲉ"/>
		<feat xlink:href="#sSpan541" value="ⲙⲙⲟϥ"/>
		<feat xlink:href="#sSpan544" value="."/>
		<feat xlink:href="#sSpan546" value="ⲁⲩⲱ"/>
		<feat xlink:href="#sSpan549" value="ⲉϣⲱⲡⲉ"/>
		<feat xlink:href="#sSpan552" value="ⲡⲏⲓ"/>
		<feat xlink:href="#sSpan555" value="ⲙⲡϣⲁ"/>
		<feat xlink:href="#sSpan557" value="ⲙⲁⲣⲉⲧⲉⲧⲛⲉⲓⲣⲏⲛⲏ"/>
		<feat xlink:href="#sSpan562" value="ⲉⲓ"/>
		<feat xlink:href="#sSpan565" value="ⲉϩⲣⲁⲓ"/>
		<feat xlink:href="#sSpan567" value="ⲉϫⲱϥ"/>
		<feat xlink:href="#sSpan570" value="."/>
		<feat xlink:href="#sSpan572" value="ⲉϣⲱⲡⲉ"/>
		<feat xlink:href="#sSpan574" value="ⲇⲉ"/>
		<feat xlink:href="#sSpan576" value="ⲛϥⲙⲡϣⲁ"/>
		<feat xlink:href="#sSpan580" value="ⲁⲛ"/>
		<feat xlink:href="#sSpan582" value="ⲙⲁⲣⲉⲧⲉⲧⲛⲉⲓⲣⲏⲛⲏ"/>
		<feat xlink:href="#sSpan587" value="ⲕⲟⲧⲥ"/>
		<feat xlink:href="#sSpan590" value="ⲉⲣⲱⲧⲛ"/>
		<feat xlink:href="#sSpan593" value="."/>
		<feat xlink:href="#sSpan595" value="ⲡⲉⲧⲉⲛϥⲛⲁϫⲓⲧⲏⲩⲧⲛ"/>
		<feat xlink:href="#sSpan605" value="ⲇⲉ"/>
		<feat xlink:href="#sSpan607" value="ⲁⲛ"/>
		<feat xlink:href="#sSpan609" value="ⲁⲩⲱ"/>
		<feat xlink:href="#sSpan611" value="ⲛϥⲧⲙⲥⲱⲧⲙ"/>
		<feat xlink:href="#sSpan616" value="ⲉⲛⲉⲧⲛϣⲁϫⲉ"/>
		<feat xlink:href="#sSpan621" value="ⲉⲧⲉⲧⲛⲛⲏⲩ"/>
		<feat xlink:href="#sSpan625" value="ⲇⲉ"/>
		<feat xlink:href="#sSpan627" value="ⲉⲃⲟⲗ"/>
		<feat xlink:href="#sSpan630" value="ϩⲙⲡⲏⲓ"/>
		<feat xlink:href="#sSpan635" value="ⲏⲧⲡⲟⲗⲓⲥ"/>
		<feat xlink:href="#sSpan640" value="ⲉⲧⲙⲙⲁⲩ"/>
		<feat xlink:href="#sSpan643" value="ⲏⲡϯⲙⲉ"/>
		<feat xlink:href="#sSpan648" value="ⲛⲟⲩϩⲉ"/>
		<feat xlink:href="#sSpan651" value="ⲉⲃⲟⲗ"/>
		<feat xlink:href="#sSpan653" value="ⲙⲡϣⲟⲉⲓϣ"/>
		<feat xlink:href="#sSpan658" value="ⲛⲛⲉⲧⲛⲟⲩⲉⲣⲏⲧⲉ"/>
		<feat xlink:href="#sSpan663" value="."/>
		<feat xlink:href="#sSpan665" value="ϩⲁⲙⲏⲛ"/>
		<feat xlink:href="#sSpan668" value="ϯϫⲱ"/>
		<feat xlink:href="#sSpan671" value="ⲙⲙⲟⲥ"/>
		<feat xlink:href="#sSpan674" value="ⲛⲏⲧⲛ"/>
		<feat xlink:href="#sSpan677" value="."/>
		<feat xlink:href="#sSpan679" value="ϫⲉⲟⲩⲛⲟⲩⲙⲧⲟⲛ"/>
		<feat xlink:href="#sSpan685" value="ⲛⲁϣⲱⲡⲉ"/>
		<feat xlink:href="#sSpan688" value="ϩⲙⲡⲕⲁϩ"/>
		<feat xlink:href="#sSpan693" value="ⲛⲥⲟⲇⲟⲙⲁ"/>
		<feat xlink:href="#sSpan697" value="ⲙⲛⲅⲟⲙⲟⲣⲣⲁ"/>
		<feat xlink:href="#sSpan701" value="ϩⲙⲡⲉϩⲟⲟⲩ"/>
		<feat xlink:href="#sSpan706" value="ⲛⲧⲉⲕⲣⲓⲥⲓⲥ"/>
		<feat xlink:href="#sSpan711" value="ⲉϩⲟⲩⲉⲧⲡⲟⲗⲓⲥ"/>
		<feat xlink:href="#sSpan718" value="ⲉⲧⲙⲙⲁⲩ"/>
		<feat xlink:href="#sSpan721" value="."/>
		<feat xlink:href="#sSpan723" value="ⲉⲓⲥ"/>
		<feat xlink:href="#sSpan727" value="ϩⲏⲏⲧⲉ"/>
		<feat xlink:href="#sSpan729" value="ⲁⲛⲟⲕ"/>
		<feat xlink:href="#sSpan731" value="ϯϫⲟⲟⲩ"/>
		<feat xlink:href="#sSpan734" value="ⲙⲙⲱⲧⲛ"/>
		<feat xlink:href="#sSpan737" value="ⲛⲧϩⲉ"/>
		<feat xlink:href="#sSpan741" value="ⲛϩⲉⲛⲉⲥⲟⲟⲩ"/>
		<feat xlink:href="#sSpan746" value="ϩⲛⲧⲙⲏⲧⲉ"/>
		<feat xlink:href="#sSpan751" value="ⲛϩⲉⲛⲟⲩⲱⲛϣ"/>
		<feat xlink:href="#sSpan756" value="."/>
		<feat xlink:href="#sSpan758" value="ϣⲱⲡⲉ"/>
		<feat xlink:href="#sSpan760" value="ϭⲉ"/>
		<feat xlink:href="#sSpan762" value="ⲛⲥⲁⲃⲉ"/>
		<feat xlink:href="#sSpan766" value="ⲛⲧϩⲉ"/>
		<feat xlink:href="#sSpan770" value="ⲛⲛϩⲟϥ"/>
		<feat xlink:href="#sSpan775" value="ⲁⲩⲱ"/>
		<feat xlink:href="#sSpan777" value="ⲛⲁⲕⲉⲣⲁⲓⲟⲥ"/>
		<feat xlink:href="#sSpan781" value="ⲛⲧϩⲉ"/>
		<feat xlink:href="#sSpan785" value="ⲛⲛⲓϭⲣⲟⲟⲙⲡⲉ"/>
		<feat xlink:href="#sSpan790" value="."/>
		<feat xlink:href="#sSpan793" value="ϯϩⲧⲏⲧⲛ"/>
		<feat xlink:href="#sSpan798" value="ⲇⲉ"/>
		<feat xlink:href="#sSpan800" value="ⲉⲣⲱⲧⲛ"/>
		<feat xlink:href="#sSpan803" value="ⲉⲃⲟⲗ"/>
		<feat xlink:href="#sSpan806" value="ϩⲛⲛⲉⲣⲱⲙⲉ"/>
		<feat xlink:href="#sSpan811" value="."/>
		<feat xlink:href="#sSpan813" value="ⲥⲉⲛⲁⲡⲁⲣⲁⲇⲓⲇⲟⲩ"/>
		<feat xlink:href="#sSpan817" value="ⲅⲁⲣ"/>
		<feat xlink:href="#sSpan819" value="ⲙⲙⲱⲧⲛ"/>
		<feat xlink:href="#sSpan822" value="ⲉⲛⲥⲩⲛϩⲉⲇⲣⲓⲟⲛ"/>
		<feat xlink:href="#sSpan827" value="ⲁⲩⲱ"/>
		<feat xlink:href="#sSpan829" value="ϩⲣⲁⲓ"/>
		<feat xlink:href="#sSpan832" value="ϩⲛⲛⲉⲩⲥⲩⲛⲁⲅⲱⲅⲏ"/>
		<feat xlink:href="#sSpan837" value="ⲥⲉⲛⲁⲙⲁⲥⲧⲓⲅⲟⲩ"/>
		<feat xlink:href="#sSpan841" value="ⲙⲙⲱⲧⲛ"/>
		<feat xlink:href="#sSpan844" value="."/>
		<feat xlink:href="#sSpan846" value="ⲛⲥⲉϫⲓⲧⲏⲩⲧⲛ"/>
		<feat xlink:href="#sSpan852" value="ⲛⲛϩⲏⲅⲉⲙⲱⲛ"/>
		<feat xlink:href="#sSpan857" value="ⲙⲛⲛⲣⲣⲱⲟⲩ"/>
		<feat xlink:href="#sSpan862" value="ⲉⲧⲃⲏⲏⲧⲉⲩⲙⲛⲧⲙⲛⲧⲣⲉ"/>
		<feat xlink:href="#sSpan869" value="ⲛⲁⲩ"/>
		<feat xlink:href="#sSpan872" value="ⲙⲛⲛϩⲉⲑⲛⲟⲥ"/>
		<feat xlink:href="#sSpan877" value="."/>
		<feat xlink:href="#sSpan879" value="ϩⲟⲧⲁⲛ"/>
		<feat xlink:href="#sSpan882" value="ⲇⲉ"/>
		<feat xlink:href="#sSpan884" value="ⲉⲩϣⲁⲛⲡⲁⲣⲁⲇⲓⲇⲟⲩ"/>
		<feat xlink:href="#sSpan887" value="ⲙⲙⲱⲧⲛ"/>
		<feat xlink:href="#sSpan890" value="ⲙⲡⲣϥⲓⲣⲟⲟⲩϣ"/>
		<feat xlink:href="#sSpan895" value="ϫⲉⲛⲁϣ"/>
		<feat xlink:href="#sSpan899" value="ⲛϩⲉ"/>
		<feat xlink:href="#sSpan902" value="."/>
		<feat xlink:href="#sSpan904" value="ⲏⲉⲧⲉⲧⲛⲁϫⲟⲟⲥ"/>
		<feat xlink:href="#sSpan909" value="ϫⲉⲟⲩ"/>
		<feat xlink:href="#sSpan912" value="."/>
		<feat xlink:href="#sSpan914" value="ⲥⲉⲛⲁϯ"/>
		<feat xlink:href="#sSpan918" value="ⲅⲁⲣ"/>
		<feat xlink:href="#sSpan920" value="ⲛⲏⲧⲛ"/>
		<feat xlink:href="#sSpan923" value="ϩⲛⲧⲉⲩⲛⲟⲩ"/>
		<feat xlink:href="#sSpan927" value="ⲉⲧⲙⲙⲁⲩ"/>
		<feat xlink:href="#sSpan930" value="ϫⲉⲟⲩ"/>
		<feat xlink:href="#sSpan933" value="ⲡⲉⲧⲧⲉⲧⲛⲛⲁϫⲟⲟϥ"/>
		<feat xlink:href="#sSpan940" value="."/>
		<feat xlink:href="#sSpan942" value="ⲛⲧⲱⲧⲛ"/>
		<feat xlink:href="#sSpan945" value="ⲅⲁⲣ"/>
		<feat xlink:href="#sSpan947" value="ⲁⲛ"/>
		<feat xlink:href="#sSpan949" value="ⲡⲉⲧϣⲁϫⲉ"/>
		<feat xlink:href="#sSpan953" value="ⲁⲗⲗⲁ"/>
		<feat xlink:href="#sSpan955" value="ⲡⲉⲡⲛⲉⲩⲙⲁ"/>
		<feat xlink:href="#sSpan959" value="ⲙⲡⲉⲧⲛⲉⲓⲱⲧ"/>
		<feat xlink:href="#sSpan964" value="ⲡⲉⲧϣⲁϫⲉ"/>
		<feat xlink:href="#sSpan968" value="ⲛϩⲏⲧⲧⲏⲩⲧⲛ"/>
		<feat xlink:href="#sSpan971" value="."/>
		<feat xlink:href="#sSpan973" value="ⲟⲩⲛⲟⲩⲥⲟⲛ"/>
		<feat xlink:href="#sSpan979" value="ⲇⲉ"/>
		<feat xlink:href="#sSpan981" value="ⲛⲁⲡⲁⲣⲁⲇⲓⲇⲟⲩ"/>
		<feat xlink:href="#sSpan984" value="ⲙⲡⲉϥⲥⲟⲛ"/>
		<feat xlink:href="#sSpan989" value="ⲉⲡⲙⲟⲩ"/>
		<feat xlink:href="#sSpan994" value="."/>
		<feat xlink:href="#sSpan996" value="ⲁⲩⲱ"/>
		<feat xlink:href="#sSpan998" value="ⲟⲩⲉⲓⲱⲧ"/>
		<feat xlink:href="#sSpan1002" value="ⲙⲡⲉϥϣⲏⲣⲉ"/>
		<feat xlink:href="#sSpan1007" value="."/>
		<feat xlink:href="#sSpan1009" value="ⲛⲧⲉⲛϣⲏⲣⲉ"/>
		<feat xlink:href="#sSpan1014" value="ⲧⲱⲟⲩⲛ"/>
		<feat xlink:href="#sSpan1016" value="ⲉϫⲛⲛⲉⲩⲉⲓⲟⲧⲉ"/>
		<feat xlink:href="#sSpan1021" value="ⲛⲥⲉⲙⲟⲩⲟⲩⲧ"/>
		<feat xlink:href="#sSpan1025" value="ⲙⲙⲟⲟⲩ"/>
		<feat xlink:href="#sSpan1028" value="."/>
		<feat xlink:href="#sSpan1030" value="ⲛⲧⲉⲧⲛϣⲱⲡⲉ"/>
		<feat xlink:href="#sSpan1035" value="ⲉⲩⲙⲟⲥⲧⲉ"/>
		<feat xlink:href="#sSpan1039" value="ⲙⲙⲱⲧⲛ"/>
		<feat xlink:href="#sSpan1042" value="ⲉⲃⲟⲗ"/>
		<feat xlink:href="#sSpan1044" value="ϩⲓⲧⲛⲣⲱⲙⲉ"/>
		<feat xlink:href="#sSpan1049" value="ⲛⲓⲙ"/>
		<feat xlink:href="#sSpan1051" value="ⲉⲧⲃⲉⲡⲁⲣⲁⲛ"/>
		<feat xlink:href="#sSpan1056" value="."/>
		<feat xlink:href="#sSpan1059" value="ⲡⲉⲧⲛⲁϩⲩⲡⲟⲙⲉⲓⲛⲉ"/>
		<feat xlink:href="#sSpan1064" value="ⲇⲉ"/>
		<feat xlink:href="#sSpan1066" value="ϣⲁⲃⲟⲗ"/>
		<feat xlink:href="#sSpan1069" value="ⲡⲁⲓ"/>
		<feat xlink:href="#sSpan1071" value="ⲡⲉⲧⲛⲁⲟⲩϫⲁⲓ"/>
		<feat xlink:href="#sSpan1076" value="."/>
		<feat xlink:href="#sSpan1078" value="ϩⲟⲧⲁⲛ"/>
		<feat xlink:href="#sSpan1081" value="ⲇⲉ"/>
		<feat xlink:href="#sSpan1083" value="ⲉⲩϣⲁⲛⲡⲱⲧ"/>
		<feat xlink:href="#sSpan1087" value="ⲛⲥⲱⲧⲛ"/>
		<feat xlink:href="#sSpan1090" value="ϩⲛⲧⲉⲓⲡⲟⲗⲓⲥ"/>
		<feat xlink:href="#sSpan1095" value="ⲡⲱⲧ"/>
		<feat xlink:href="#sSpan1097" value="ⲉϩⲣⲁⲓ"/>
		<feat xlink:href="#sSpan1099" value="ⲉⲕⲉⲟⲩⲉⲓ"/>
		<feat xlink:href="#sSpan1103" value="."/>
		<feat xlink:href="#sSpan1105" value="ϩⲁⲙⲏⲛ"/>
		<feat xlink:href="#sSpan1107" value="ⲅⲁⲣ"/>
		<feat xlink:href="#sSpan1109" value="ϯϫⲱ"/>
		<feat xlink:href="#sSpan1112" value="ⲙⲙⲟⲥ"/>
		<feat xlink:href="#sSpan1115" value="ⲛⲏⲧⲛ"/>
		<feat xlink:href="#sSpan1118" value="ϫⲉⲛⲛⲉⲧⲛϫⲱⲕ"/>
		<feat xlink:href="#sSpan1123" value="ⲉⲃⲟⲗ"/>
		<feat xlink:href="#sSpan1125" value="ⲛⲙⲡⲟⲗⲓⲥ"/>
		<feat xlink:href="#sSpan1130" value="ⲙⲡⲓⲥⲣⲁⲏⲗ"/>
		<feat xlink:href="#sSpan1135" value="ⲙⲡⲉⲡϣⲏⲣⲉ"/>
		<feat xlink:href="#sSpan1140" value="ⲙⲡⲣⲱⲙⲉ"/>
		<feat xlink:href="#sSpan1144" value="ⲉⲓ"/>
		<feat xlink:href="#sSpan1146" value="."/>
		<feat xlink:href="#sSpan1148" value="ⲙⲛⲥⲃⲟⲩⲓ"/>
		<feat xlink:href="#sSpan1153" value="ⲅⲁⲣ"/>
		<feat xlink:href="#sSpan1155" value="ⲉϥⲟ"/>
		<feat xlink:href="#sSpan1160" value="ⲛⲛⲟϭ"/>
		<feat xlink:href="#sSpan1164" value="ⲉⲡⲉϥⲥⲁϩ"/>
		<feat xlink:href="#sSpan1169" value="."/>
		<feat xlink:href="#sSpan1171" value="ⲟⲩⲧⲉ"/>
		<feat xlink:href="#sSpan1173" value="ⲙⲛϩⲙϩⲁⲗ"/>
		<feat xlink:href="#sSpan1177" value="ⲉϥϫⲟⲥⲉ"/>
		<feat xlink:href="#sSpan1181" value="ⲉϩⲟⲩⲉⲡⲉϥϫⲟⲉⲓⲥ"/>
		<feat xlink:href="#sSpan1186" value="."/>
		<feat xlink:href="#sSpan1188" value="ϩⲱ"/>
		<feat xlink:href="#sSpan1192" value="ⲉⲡⲉⲥⲃⲟⲩⲓ"/>
		<feat xlink:href="#sSpan1197" value="ϫⲉⲉϥⲉϣⲱⲡⲉ"/>
		<feat xlink:href="#sSpan1201" value="ⲛⲧϩⲉ"/>
		<feat xlink:href="#sSpan1205" value="ⲙⲡⲉϥⲥⲁϩ"/>
		<feat xlink:href="#sSpan1210" value="."/>
		<feat xlink:href="#sSpan1212" value="ⲁⲩⲱ"/>
		<feat xlink:href="#sSpan1215" value="ⲡϩⲙϩⲁⲗ"/>
		<feat xlink:href="#sSpan1218" value="ϫⲉⲉϥⲉϣⲱⲡⲉ"/>
		<feat xlink:href="#sSpan1222" value="ⲛⲧϩⲉ"/>
		<feat xlink:href="#sSpan1226" value="ⲙⲡⲉϥϫⲟⲉⲓⲥ"/>
		<feat xlink:href="#sSpan1231" value="."/>
		<feat xlink:href="#sSpan1233" value="ⲉϣϫⲉ"/>
		<feat xlink:href="#sSpan1235" value="ⲁⲩⲙⲟⲩⲧⲉ"/>
		<feat xlink:href="#sSpan1239" value="ⲉⲡϫⲟⲉⲓⲥ"/>
		<feat xlink:href="#sSpan1244" value="ϫⲉⲃⲉⲉⲗⲍⲉⲃⲟⲩⲗ"/>
		<feat xlink:href="#sSpan1248" value="ⲡⲟⲥⲟ"/>
		<feat xlink:href="#sSpan1252" value="ⲙⲁⲗⲗⲟⲛ"/>
		<feat xlink:href="#sSpan1255" value="ⲛⲉϥⲣⲙⲛⲏⲓ"/>
		<feat xlink:href="#sSpan1258" value="."/>
		<feat xlink:href="#sSpan1260" value="ⲙⲡⲣⲣϩⲟⲧⲉ"/>
		<feat xlink:href="#sSpan1266" value="ϭⲉ"/>
		<feat xlink:href="#sSpan1269" value="ϩⲏⲧⲟⲩ"/>
		<feat xlink:href="#sSpan1272" value="."/>
		<feat xlink:href="#sSpan1274" value="ⲙⲛⲗⲁⲁⲩ"/>
		<feat xlink:href="#sSpan1278" value="ⲅⲁⲣ"/>
		<feat xlink:href="#sSpan1280" value="ⲉϥϩⲟⲃⲥ"/>
		<feat xlink:href="#sSpan1284" value="ⲛⲥⲉⲛⲁϭⲟⲗⲡϥ"/>
		<feat xlink:href="#sSpan1290" value="ⲁⲛ"/>
		<feat xlink:href="#sSpan1292" value="ⲉⲃⲟⲗ"/>
		<feat xlink:href="#sSpan1294" value="."/>
		<feat xlink:href="#sSpan1296" value="ⲁⲩⲱ"/>
		<feat xlink:href="#sSpan1298" value="ⲉϥϩⲏⲡ"/>
		<feat xlink:href="#sSpan1302" value="ⲉⲛϥⲛⲁⲟⲩⲱⲛϩ"/>
		<feat xlink:href="#sSpan1308" value="ⲁⲛ"/>
		<feat xlink:href="#sSpan1310" value="ⲉⲃⲟⲗ"/>
		<feat xlink:href="#sSpan1312" value="."/>
		<feat xlink:href="#sSpan1314" value="ⲡⲉϯϫⲱ"/>
		<feat xlink:href="#sSpan1319" value="ⲙⲙⲟϥ"/>
		<feat xlink:href="#sSpan1322" value="ⲛⲏⲧⲛ"/>
		<feat xlink:href="#sSpan1325" value="ϩⲙⲡⲕⲁⲕⲉ"/>
		<feat xlink:href="#sSpan1330" value="ⲁϫⲓϥ"/>
		<feat xlink:href="#sSpan1333" value="ϩⲙⲡⲟⲩⲟⲉⲓⲛ"/>
		<feat xlink:href="#sSpan1338" value="."/>
		<feat xlink:href="#sSpan1340" value="ⲁⲩⲱ"/>
		<feat xlink:href="#sSpan1342" value="ⲡⲉⲧⲧⲉⲧⲛⲥⲱⲧⲙ"/>
		<feat xlink:href="#sSpan1348" value="ⲉⲣⲟϥ"/>
		<feat xlink:href="#sSpan1351" value="ϩⲙⲡⲉⲧⲛⲙⲁⲁϫⲉ"/>
		<feat xlink:href="#sSpan1357" value="ⲧⲁϣⲉⲟⲉⲓϣ"/>
		<feat xlink:href="#sSpan1360" value="ⲙⲙⲟϥ"/>
		<feat xlink:href="#sSpan1363" value="ϩⲓϫⲛⲛϫⲉⲛⲉⲡⲱⲣ"/>
		<feat xlink:href="#sSpan1368" value="."/>
		<feat xlink:href="#sSpan1370" value="ⲙⲡⲣⲣϩⲟⲧⲉ"/>
		<feat xlink:href="#sSpan1377" value="ϩⲏⲧⲟⲩ"/>
		<feat xlink:href="#sSpan1380" value="ⲛⲛⲉⲧⲛⲁⲙⲟⲩⲟⲩⲧ"/>
		<feat xlink:href="#sSpan1387" value="ⲙⲡⲉⲧⲛⲥⲱⲙⲁ"/>
		<feat xlink:href="#sSpan1392" value="."/>
		<feat xlink:href="#sSpan1394" value="ⲉⲙⲛϭⲟⲙ"/>
		<feat xlink:href="#sSpan1398" value="ⲇⲉ"/>
		<feat xlink:href="#sSpan1400" value="ⲙⲙⲟⲟⲩ"/>
		<feat xlink:href="#sSpan1403" value="ⲉⲙⲟⲩⲟⲩⲧ"/>
		<feat xlink:href="#sSpan1406" value="ⲛⲧⲉⲧⲛⲯⲩⲭⲏ"/>
		<feat xlink:href="#sSpan1411" value="."/>
		<feat xlink:href="#sSpan1413" value="ⲁⲣⲓϩⲟⲧⲉ"/>
		<feat xlink:href="#sSpan1417" value="ⲇⲉ"/>
		<feat xlink:href="#sSpan1419" value="ⲛϩⲟⲩⲟ"/>
		<feat xlink:href="#sSpan1423" value="ϩⲏⲧϥ"/>
		<feat xlink:href="#sSpan1426" value="ⲙⲡⲉⲧⲉⲟⲩⲛϭⲟⲙ"/>
		<feat xlink:href="#sSpan1433" value="ⲙⲙⲟϥ"/>
		<feat xlink:href="#sSpan1436" value="ⲉⲧⲁⲕⲟ"/>
		<feat xlink:href="#sSpan1439" value="ⲛⲧⲉⲧⲛⲯⲩⲭⲏ"/>
		<feat xlink:href="#sSpan1444" value="ⲙⲛⲡⲉⲧⲛⲥⲱⲙⲁ"/>
		<feat xlink:href="#sSpan1449" value="ϩⲣⲁⲓ"/>
		<feat xlink:href="#sSpan1452" value="ϩⲛⲧⲅⲉϩⲉⲛⲛⲁ"/>
		<feat xlink:href="#sSpan1457" value="."/>
		<feat xlink:href="#sSpan1459" value="ⲙⲏ"/>
		<feat xlink:href="#sSpan1462" value="ϫⲁϫ"/>
		<feat xlink:href="#sSpan1466" value="ⲥⲛⲁⲩ"/>
		<feat xlink:href="#sSpan1468" value="ⲛⲥⲉϯ"/>
		<feat xlink:href="#sSpan1472" value="ⲙⲙⲟⲟⲩ"/>
		<feat xlink:href="#sSpan1475" value="ⲁⲛ"/>
		<feat xlink:href="#sSpan1477" value="ⲉⲃⲟⲗ"/>
		<feat xlink:href="#sSpan1480" value="ϩⲁⲟⲩϩⲟⲃⲟⲗⲟⲥ"/>
		<feat xlink:href="#sSpan1485" value="."/>
		<feat xlink:href="#sSpan1487" value="ⲁⲩⲱ"/>
		<feat xlink:href="#sSpan1489" value="ⲟⲩⲁ"/>
		<feat xlink:href="#sSpan1492" value="ⲉⲃⲟⲗ"/>
		<feat xlink:href="#sSpan1495" value="ⲛϩⲏⲧⲟⲩ"/>
		<feat xlink:href="#sSpan1498" value="ⲛⲛⲉϥϩⲉ"/>
		<feat xlink:href="#sSpan1503" value="ⲉϩⲣⲁⲓ"/>
		<feat xlink:href="#sSpan1505" value="ⲉϫⲙⲡⲕⲁϩ"/>
		<feat xlink:href="#sSpan1510" value="ⲁϫⲙⲡⲉⲧⲛⲉⲓⲱⲧ"/>
		<feat xlink:href="#sSpan1515" value="ⲉⲧϩⲛⲙⲡⲏⲩⲉ"/>
		<feat xlink:href="#sSpan1521" value="."/>
		<feat xlink:href="#sSpan1523" value="ⲛⲕⲉⲃⲱ"/>
		<feat xlink:href="#sSpan1529" value="ⲇⲉ"/>
		<feat xlink:href="#sSpan1531" value="ⲛⲧⲉⲧⲛⲁⲡⲉ"/>
		<feat xlink:href="#sSpan1536" value="ⲏⲡ"/>
		<feat xlink:href="#sSpan1538" value="ⲧⲏⲣⲟⲩ"/>
		<feat xlink:href="#sSpan1541" value="."/>
		<feat xlink:href="#sSpan1543" value="ⲙⲡⲣⲣϩⲟⲧⲉ"/>
		<feat xlink:href="#sSpan1549" value="ϭⲉ"/>
		<feat xlink:href="#sSpan1552" value="ϩⲏⲧⲟⲩ"/>
		<feat xlink:href="#sSpan1555" value="ⲛⲧⲱⲧⲛ"/>
		<feat xlink:href="#sSpan1557" value="ⲧⲉⲧⲛϣⲟⲃⲉ"/>
		<feat xlink:href="#sSpan1560" value="ⲉϩⲁϩ"/>
		<feat xlink:href="#sSpan1564" value="ⲛϫⲁϫ"/>
		<feat xlink:href="#sSpan1567" value="."/>
		<feat xlink:href="#sSpan1569" value="ⲟⲩⲟⲛ"/>
		<feat xlink:href="#sSpan1572" value="ϭⲉ"/>
		<feat xlink:href="#sSpan1574" value="ⲛⲓⲙ"/>
		<feat xlink:href="#sSpan1576" value="ⲉⲧⲛⲁϩⲟⲙⲟⲗⲟⲅⲉⲓ"/>
		<feat xlink:href="#sSpan1580" value="ⲛϩⲏⲧ"/>
		<feat xlink:href="#sSpan1584" value="ⲙⲡⲉⲙⲧⲟ"/>
		<feat xlink:href="#sSpan1589" value="ⲉⲃⲟⲗ"/>
		<feat xlink:href="#sSpan1591" value="ⲛⲛⲉⲣⲱⲙⲉ"/>
		<feat xlink:href="#sSpan1596" value="ϯⲛⲁϩⲟⲙⲟⲗⲟⲅⲉⲓ"/>
		<feat xlink:href="#sSpan1600" value="ϩⲱ"/>
		<feat xlink:href="#sSpan1602" value="ⲛϩⲏⲧϥ"/>
		<feat xlink:href="#sSpan1605" value="ⲙⲡⲉⲙⲧⲟ"/>
		<feat xlink:href="#sSpan1610" value="ⲉⲃⲟⲗ"/>
		<feat xlink:href="#sSpan1612" value="ⲙⲡⲁⲉⲓⲱⲧ"/>
		<feat xlink:href="#sSpan1617" value="ⲉⲧϩⲛⲙⲡⲏⲩⲉ"/>
		<feat xlink:href="#sSpan1623" value="."/>
		<feat xlink:href="#sSpan1625" value="ⲡⲉⲧⲛⲁⲁⲡⲁⲣⲛⲁ"/>
		<feat xlink:href="#sSpan1632" value="ⲇⲉ"/>
		<feat xlink:href="#sSpan1634" value="ⲙⲙⲟⲓ"/>
		<feat xlink:href="#sSpan1637" value="ⲙⲡⲉⲙⲧⲟ"/>
		<feat xlink:href="#sSpan1642" value="ⲉⲃⲟⲗ"/>
		<feat xlink:href="#sSpan1644" value="ⲛⲛⲉⲣⲱⲙⲉ"/>
		<feat xlink:href="#sSpan1649" value="."/>
		<feat xlink:href="#sSpan1651" value="ϯⲛⲁⲁⲡⲁⲣⲛⲁ"/>
		<feat xlink:href="#sSpan1655" value="ϩⲱ"/>
		<feat xlink:href="#sSpan1657" value="ⲙⲙⲟϥ"/>
		<feat xlink:href="#sSpan1660" value="ⲙⲡⲉⲙⲧⲟ"/>
		<feat xlink:href="#sSpan1665" value="ⲉⲃⲟⲗ"/>
		<feat xlink:href="#sSpan1667" value="ⲙⲡⲁⲉⲓⲱⲧ"/>
		<feat xlink:href="#sSpan1672" value="ⲉⲧϩⲛⲙⲡⲏⲩⲉ"/>
		<feat xlink:href="#sSpan1678" value="."/>
		<feat xlink:href="#sSpan1680" value="ⲙⲡⲣⲱϣ"/>
		<feat xlink:href="#sSpan1684" value="ϫⲉⲛⲧⲁⲓⲉⲓ"/>
		<feat xlink:href="#sSpan1691" value="ⲉⲛⲟⲩϫⲉ"/>
		<feat xlink:href="#sSpan1695" value="ⲛⲟⲩⲉⲓⲣⲏⲛⲏ"/>
		<feat xlink:href="#sSpan1700" value="ⲉϩⲣⲁⲓ"/>
		<feat xlink:href="#sSpan1702" value="ⲉϫⲙⲡⲕⲁϩ"/>
		<feat xlink:href="#sSpan1707" value="."/>
		<feat xlink:href="#sSpan1709" value="ⲛⲧⲁⲓⲉⲓ"/>
		<feat xlink:href="#sSpan1714" value="ⲁⲛ"/>
		<feat xlink:href="#sSpan1716" value="ⲉⲛⲟⲩϫⲉ"/>
		<feat xlink:href="#sSpan1720" value="ⲛⲟⲩⲉⲓⲣⲏⲛⲏ"/>
		<feat xlink:href="#sSpan1725" value="."/>
		<feat xlink:href="#sSpan1727" value="ⲁⲗⲗⲁ"/>
		<feat xlink:href="#sSpan1729" value="ⲉⲛⲟⲩϫⲉ"/>
		<feat xlink:href="#sSpan1733" value="ⲛⲟⲩⲥⲏϥⲉ"/>
		<feat xlink:href="#sSpan1738" value="."/>
		<feat xlink:href="#sSpan1740" value="ⲛⲧⲁⲓⲉⲓ"/>
		<feat xlink:href="#sSpan1746" value="ⲅⲁⲣ"/>
		<feat xlink:href="#sSpan1748" value="ⲉⲡⲱⲣϫ"/>
		<feat xlink:href="#sSpan1753" value="ⲛⲟⲩⲣⲱⲙⲉ"/>
		<feat xlink:href="#sSpan1758" value="ⲉⲡⲉϥⲉⲓⲱⲧ"/>
		<feat xlink:href="#sSpan1763" value="."/>
		<feat xlink:href="#sSpan1765" value="ⲁⲩⲱ"/>
		<feat xlink:href="#sSpan1767" value="ⲟⲩϣⲉⲉⲣⲉ"/>
		<feat xlink:href="#sSpan1771" value="ⲉⲧⲉⲥⲙⲁⲁⲩ"/>
		<feat xlink:href="#sSpan1776" value="ⲁⲩⲱ"/>
		<feat xlink:href="#sSpan1778" value="ⲟⲩϣⲉⲗⲉⲉⲧ"/>
		<feat xlink:href="#sSpan1782" value="ⲉⲧⲉⲥϣⲱⲙⲉ"/>
		<feat xlink:href="#sSpan1787" value="."/>
		<feat xlink:href="#sSpan1789" value="ⲛϫⲁϫⲉ"/>
		<feat xlink:href="#sSpan1794" value="ⲙⲡⲣⲱⲙⲉ"/>
		<feat xlink:href="#sSpan1799" value="ⲛⲉ"/>
		<feat xlink:href="#sSpan1802" value="ⲛⲉϥⲣⲙⲛⲏⲓ"/>
		<feat xlink:href="#sSpan1805" value="."/>
		<feat xlink:href="#sSpan1807" value="ⲡⲉⲧⲙⲉ"/>
		<feat xlink:href="#sSpan1813" value="ⲛⲉⲓⲱⲧ"/>
		<feat xlink:href="#sSpan1816" value="ⲏⲙⲁⲁⲩ"/>
		<feat xlink:href="#sSpan1820" value="ⲉϩⲟⲩⲉⲉⲣⲟⲓ"/>
		<feat xlink:href="#sSpan1823" value="ⲛϥⲙⲡϣⲁ"/>
		<feat xlink:href="#sSpan1827" value="ⲙⲙⲟⲓ"/>
		<feat xlink:href="#sSpan1830" value="ⲁⲛ"/>
		<feat xlink:href="#sSpan1832" value="."/>
		<feat xlink:href="#sSpan1834" value="ⲁⲩⲱ"/>
		<feat xlink:href="#sSpan1836" value="ⲡⲉⲧⲙⲉ"/>
		<feat xlink:href="#sSpan1841" value="ⲛϣⲏⲣⲉ"/>
		<feat xlink:href="#sSpan1845" value="ϩⲓϣⲉⲉⲣⲉ"/>
		<feat xlink:href="#sSpan1849" value="ⲉϩⲟⲩⲉⲉⲣⲟⲓ"/>
		<feat xlink:href="#sSpan1852" value="ⲛϥⲙⲡϣⲁ"/>
		<feat xlink:href="#sSpan1856" value="ⲙⲙⲟⲓ"/>
		<feat xlink:href="#sSpan1859" value="ⲁⲛ"/>
		<feat xlink:href="#sSpan1861" value="."/>
		<feat xlink:href="#sSpan1863" value="ⲁⲩⲱ"/>
		<feat xlink:href="#sSpan1866" value="ⲡⲉⲧⲉⲛϥⲛⲁϥⲓ"/>
		<feat xlink:href="#sSpan1874" value="ⲁⲛ"/>
		<feat xlink:href="#sSpan1876" value="ⲙⲡⲉϥⲥⲧⲁⲩⲣⲟⲥ"/>
		<feat xlink:href="#sSpan1881" value="ⲛϥⲟⲩⲁϩϥ"/>
		<feat xlink:href="#sSpan1886" value="ⲛⲥⲱⲓ"/>
		<feat xlink:href="#sSpan1889" value="ⲛϥⲙⲡϣⲁ"/>
		<feat xlink:href="#sSpan1893" value="ⲙⲙⲟⲓ"/>
		<feat xlink:href="#sSpan1896" value="ⲁⲛ"/>
		<feat xlink:href="#sSpan1898" value="."/>
		<feat xlink:href="#sSpan1900" value="ⲡⲉⲛⲧⲁϥϩⲉ"/>
		<feat xlink:href="#sSpan1909" value="ⲉⲧⲉϥⲯⲩⲭⲏ"/>
		<feat xlink:href="#sSpan1914" value="ϥⲛⲁⲥⲟⲣⲙⲉⲥ"/>
		<feat xlink:href="#sSpan1919" value="."/>
		<feat xlink:href="#sSpan1921" value="ⲁⲩⲱ"/>
		<feat xlink:href="#sSpan1923" value="ⲡⲉⲛⲧⲁϥⲥⲱⲣⲙ"/>
		<feat xlink:href="#sSpan1930" value="ⲛⲧⲉϥⲯⲩⲭⲏ"/>
		<feat xlink:href="#sSpan1935" value="ⲉⲧⲃⲏⲏⲧϥⲛⲁϩⲉ"/>
		<feat xlink:href="#sSpan1941" value="ⲉⲣⲟⲥ"/>
		<feat xlink:href="#sSpan1944" value="."/>
		<feat xlink:href="#sSpan1946" value="ⲡⲉⲧϣⲱⲡ"/>
		<feat xlink:href="#sSpan1953" value="ⲙⲙⲱⲧⲛ"/>
		<feat xlink:href="#sSpan1956" value="ⲉⲣⲟϥ"/>
		<feat xlink:href="#sSpan1959" value="ⲉϥϣⲱⲡ"/>
		<feat xlink:href="#sSpan1964" value="ⲙⲙⲟⲓ"/>
		<feat xlink:href="#sSpan1967" value="ⲉⲣⲟϥ"/>
		<feat xlink:href="#sSpan1970" value="."/>
		<feat xlink:href="#sSpan1972" value="ⲁⲩⲱ"/>
		<feat xlink:href="#sSpan1974" value="ⲡⲉⲧϣⲱⲡ"/>
		<feat xlink:href="#sSpan1980" value="ⲙⲙⲟⲓ"/>
		<feat xlink:href="#sSpan1983" value="ⲉⲣⲟϥ"/>
		<feat xlink:href="#sSpan1986" value="ⲉϥϣⲱⲡ"/>
		<feat xlink:href="#sSpan1991" value="ⲉⲣⲟϥ"/>
		<feat xlink:href="#sSpan1994" value="ⲙⲡⲉⲛⲧⲁϥⲧⲛⲛⲟⲟⲩⲧ"/>
		<feat xlink:href="#sSpan2003" value="."/>
		<feat xlink:href="#sSpan2005" value="ⲡⲉⲧϣⲱⲡ"/>
		<feat xlink:href="#sSpan2012" value="ⲉⲣⲟϥ"/>
		<feat xlink:href="#sSpan2015" value="ⲛⲟⲩⲡⲣⲟⲫⲏⲧⲏⲥ"/>
		<feat xlink:href="#sSpan2020" value="ⲉⲡⲣⲁⲛ"/>
		<feat xlink:href="#sSpan2025" value="ⲛⲟⲩⲡⲣⲟⲫⲏⲧⲏⲥ"/>
		<feat xlink:href="#sSpan2030" value="ϥⲛⲁϫⲓ"/>
		<feat xlink:href="#sSpan2034" value="ⲙⲡⲃⲉⲕⲉ"/>
		<feat xlink:href="#sSpan2039" value="ⲛⲟⲩⲡⲣⲟⲫⲏⲧⲏⲥ"/>
		<feat xlink:href="#sSpan2044" value="."/>
		<feat xlink:href="#sSpan2046" value="ⲁⲩⲱ"/>
		<feat xlink:href="#sSpan2048" value="ⲡⲉⲧϣⲱⲡ"/>
		<feat xlink:href="#sSpan2054" value="ⲉⲣⲟϥ"/>
		<feat xlink:href="#sSpan2057" value="ⲛⲟⲩⲇⲓⲕⲁⲓⲟⲥ"/>
		<feat xlink:href="#sSpan2062" value="ⲉⲡⲣⲁⲛ"/>
		<feat xlink:href="#sSpan2067" value="ⲛⲟⲩⲇⲓⲕⲁⲓⲟⲥ"/>
		<feat xlink:href="#sSpan2072" value="ϥⲛⲁϫⲓ"/>
		<feat xlink:href="#sSpan2076" value="ⲙⲡⲃⲉⲕⲉ"/>
		<feat xlink:href="#sSpan2081" value="ⲙⲡⲇⲓⲕⲁⲓⲟⲥ"/>
		<feat xlink:href="#sSpan2086" value="."/>
		<feat xlink:href="#sSpan2088" value="ⲁⲩⲱ"/>
		<feat xlink:href="#sSpan2091" value="ⲡⲉⲧⲛⲁⲧⲥⲉⲟⲩⲁ"/>
		<feat xlink:href="#sSpan2097" value="ⲛⲛⲉⲓⲕⲟⲩⲓ"/>
		<feat xlink:href="#sSpan2102" value="ⲛⲟⲩϫⲱ"/>
		<feat xlink:href="#sSpan2107" value="ⲙⲙⲟⲩ"/>
		<feat xlink:href="#sSpan2110" value="ⲛⲱⲣϣ"/>
		<feat xlink:href="#sSpan2113" value="ⲙⲙⲁⲧⲉ"/>
		<feat xlink:href="#sSpan2115" value="ⲉⲡⲣⲁⲛ"/>
		<feat xlink:href="#sSpan2120" value="ⲛⲟⲩⲙⲁⲑⲏⲧⲏⲥ"/>
		<feat xlink:href="#sSpan2125" value="."/>
		<feat xlink:href="#sSpan2127" value="ϩⲁⲙⲏⲛ"/>
		<feat xlink:href="#sSpan2129" value="ϯϫⲱ"/>
		<feat xlink:href="#sSpan2132" value="ⲙⲙⲟⲥ"/>
		<feat xlink:href="#sSpan2135" value="ⲛⲏⲧⲛ"/>
		<feat xlink:href="#sSpan2138" value="ϫⲉⲛⲛⲉϥⲥⲱⲣⲙ"/>
		<feat xlink:href="#sSpan2143" value="ⲙⲡⲉϥⲃⲉⲕⲉ"/>
		<feat xlink:href="#sSpan2148" value="."/></featList></paula>