<?xml version='1.0' encoding='UTF-8'?><!DOCTYPE paula SYSTEM "paula_feat.dtd">
<paula version="1.1">
	<header paula_id="scriptorium.40_Matthew_10.mark_lang"/>
	<featList xmlns:xlink="http://www.w3.org/1999/xlink" type="lang" xml:base="scriptorium.40_Matthew_10.mark.xml">
		<feat xlink:href="#sSpan6" value="Greek"/>
		<feat xlink:href="#sSpan17" value="Greek"/>
		<feat xlink:href="#sSpan32" value="Greek"/>
		<feat xlink:href="#sSpan37" value="Greek"/>
		<feat xlink:href="#sSpan40" value="Greek"/>
		<feat xlink:href="#sSpan68" value="Greek"/>
		<feat xlink:href="#sSpan85" value="Greek"/>
		<feat xlink:href="#sSpan95" value="Hebrew"/>
		<feat xlink:href="#sSpan109" value="Greek"/>
		<feat xlink:href="#sSpan113" value="Greek"/>
		<feat xlink:href="#sSpan120" value="Hebrew"/>
		<feat xlink:href="#sSpan128" value="Hebrew"/>
		<feat xlink:href="#sSpan132" value="Hebrew"/>
		<feat xlink:href="#sSpan139" value="Greek"/>
		<feat xlink:href="#sSpan145" value="Aramaic"/>
		<feat xlink:href="#sSpan147" value="Aramaic"/>
		<feat xlink:href="#sSpan155" value="Greek"/>
		<feat xlink:href="#sSpan156" value="Hebrew"/>
		<feat xlink:href="#sSpan163" value="Aramaic"/>
		<feat xlink:href="#sSpan167" value="Aramaic"/>
		<feat xlink:href="#sSpan171" value="Hebrew"/>
		<feat xlink:href="#sSpan177" value="Greek"/>
		<feat xlink:href="#sSpan180" value="Hebrew"/>
		<feat xlink:href="#sSpan184" value="Hebrew"/>
		<feat xlink:href="#sSpan190" value="Greek"/>
		<feat xlink:href="#sSpan210" value="Hebrew"/>
		<feat xlink:href="#sSpan215" value="Greek"/>
		<feat xlink:href="#sSpan237" value="Greek"/>
		<feat xlink:href="#sSpan251" value="Greek"/>
		<feat xlink:href="#sSpan255" value="Greek"/>
		<feat xlink:href="#sSpan262" value="Greek"/>
		<feat xlink:href="#sSpan286" value="Hebrew"/>
		<feat xlink:href="#sSpan295" value="Greek"/>
		<feat xlink:href="#sSpan310" value="Greek"/>
		<feat xlink:href="#sSpan317" value="Greek"/>
		<feat xlink:href="#sSpan360" value="Greek"/>
		<feat xlink:href="#sSpan396" value="Greek"/>
		<feat xlink:href="#sSpan404" value="Greek"/>
		<feat xlink:href="#sSpan416" value="Greek"/>
		<feat xlink:href="#sSpan419" value="Greek"/>
		<feat xlink:href="#sSpan427" value="Greek"/>
		<feat xlink:href="#sSpan434" value="Greek"/>
		<feat xlink:href="#sSpan440" value="Greek"/>
		<feat xlink:href="#sSpan449" value="Greek"/>
		<feat xlink:href="#sSpan455" value="Greek"/>
		<feat xlink:href="#sSpan467" value="Greek"/>
		<feat xlink:href="#sSpan468" value="Greek"/>
		<feat xlink:href="#sSpan481" value="Greek"/>
		<feat xlink:href="#sSpan529" value="Greek"/>
		<feat xlink:href="#sSpan538" value="Greek"/>
		<feat xlink:href="#sSpan560" value="Greek"/>
		<feat xlink:href="#sSpan573" value="Greek"/>
		<feat xlink:href="#sSpan585" value="Greek"/>
		<feat xlink:href="#sSpan604" value="Greek"/>
		<feat xlink:href="#sSpan624" value="Greek"/>
		<feat xlink:href="#sSpan634" value="Greek"/>
		<feat xlink:href="#sSpan638" value="Greek"/>
		<feat xlink:href="#sSpan642" value="Greek"/>
		<feat xlink:href="#sSpan664" value="Hebrew"/>
		<feat xlink:href="#sSpan709" value="Greek"/>
		<feat xlink:href="#sSpan716" value="Greek"/>
		<feat xlink:href="#sSpan779" value="Greek"/>
		<feat xlink:href="#sSpan797" value="Greek"/>
		<feat xlink:href="#sSpan815" value="Greek"/>
		<feat xlink:href="#sSpan816" value="Greek"/>
		<feat xlink:href="#sSpan825" value="Greek"/>
		<feat xlink:href="#sSpan835" value="Greek"/>
		<feat xlink:href="#sSpan839" value="Greek"/>
		<feat xlink:href="#sSpan855" value="Greek"/>
		<feat xlink:href="#sSpan875" value="Greek"/>
		<feat xlink:href="#sSpan878" value="Greek"/>
		<feat xlink:href="#sSpan881" value="Greek"/>
		<feat xlink:href="#sSpan885" value="Greek"/>
		<feat xlink:href="#sSpan903" value="Greek"/>
		<feat xlink:href="#sSpan917" value="Greek"/>
		<feat xlink:href="#sSpan944" value="Greek"/>
		<feat xlink:href="#sSpan952" value="Greek"/>
		<feat xlink:href="#sSpan957" value="Greek"/>
		<feat xlink:href="#sSpan978" value="Greek"/>
		<feat xlink:href="#sSpan982" value="Greek"/>
		<feat xlink:href="#sSpan1062" value="Greek"/>
		<feat xlink:href="#sSpan1063" value="Greek"/>
		<feat xlink:href="#sSpan1077" value="Greek"/>
		<feat xlink:href="#sSpan1080" value="Greek"/>
		<feat xlink:href="#sSpan1093" value="Greek"/>
		<feat xlink:href="#sSpan1104" value="Hebrew"/>
		<feat xlink:href="#sSpan1106" value="Greek"/>
		<feat xlink:href="#sSpan1128" value="Greek"/>
		<feat xlink:href="#sSpan1133" value="Hebrew"/>
		<feat xlink:href="#sSpan1152" value="Greek"/>
		<feat xlink:href="#sSpan1170" value="Greek"/>
		<feat xlink:href="#sSpan1245" value="Hebrew"/>
		<feat xlink:href="#sSpan1251" value="Greek"/>
		<feat xlink:href="#sSpan1277" value="Greek"/>
		<feat xlink:href="#sSpan1390" value="Greek"/>
		<feat xlink:href="#sSpan1397" value="Greek"/>
		<feat xlink:href="#sSpan1409" value="Greek"/>
		<feat xlink:href="#sSpan1416" value="Greek"/>
		<feat xlink:href="#sSpan1442" value="Greek"/>
		<feat xlink:href="#sSpan1447" value="Greek"/>
		<feat xlink:href="#sSpan1455" value="Hebrew"/>
		<feat xlink:href="#sSpan1458" value="Greek"/>
		<feat xlink:href="#sSpan1483" value="Greek"/>
		<feat xlink:href="#sSpan1528" value="Greek"/>
		<feat xlink:href="#sSpan1578" value="Greek"/>
		<feat xlink:href="#sSpan1598" value="Greek"/>
		<feat xlink:href="#sSpan1630" value="Greek"/>
		<feat xlink:href="#sSpan1631" value="Greek"/>
		<feat xlink:href="#sSpan1653" value="Greek"/>
		<feat xlink:href="#sSpan1698" value="Greek"/>
		<feat xlink:href="#sSpan1723" value="Greek"/>
		<feat xlink:href="#sSpan1726" value="Greek"/>
		<feat xlink:href="#sSpan1745" value="Greek"/>
		<feat xlink:href="#sSpan1815" value="Greek"/>
		<feat xlink:href="#sSpan1879" value="Greek"/>
		<feat xlink:href="#sSpan1912" value="Greek"/>
		<feat xlink:href="#sSpan1933" value="Greek"/>
		<feat xlink:href="#sSpan2018" value="Greek"/>
		<feat xlink:href="#sSpan2028" value="Greek"/>
		<feat xlink:href="#sSpan2042" value="Greek"/>
		<feat xlink:href="#sSpan2060" value="Greek"/>
		<feat xlink:href="#sSpan2070" value="Greek"/>
		<feat xlink:href="#sSpan2084" value="Greek"/>
		<feat xlink:href="#sSpan2123" value="Greek"/>
		<feat xlink:href="#sSpan2126" value="Hebrew"/></featList></paula>