<?xml version='1.0' encoding='UTF-8'?><!DOCTYPE paula SYSTEM "paula_feat.dtd">
<paula version="1.1">
	<header paula_id="scriptorium.40_Matthew_10.mark_verse_n"/>
	<featList xmlns:xlink="http://www.w3.org/1999/xlink" type="verse_n" xml:base="scriptorium.40_Matthew_10.mark.xml">
		<feat xlink:href="#sSpan3" value="1"/>
		<feat xlink:href="#sSpan67" value="2"/>
		<feat xlink:href="#sSpan142" value="3"/>
		<feat xlink:href="#sSpan174" value="4"/>
		<feat xlink:href="#sSpan199" value="5"/>
		<feat xlink:href="#sSpan261" value="6"/>
		<feat xlink:href="#sSpan291" value="7"/>
		<feat xlink:href="#sSpan338" value="8"/>
		<feat xlink:href="#sSpan384" value="9"/>
		<feat xlink:href="#sSpan418" value="10"/>
		<feat xlink:href="#sSpan466" value="11"/>
		<feat xlink:href="#sSpan526" value="12"/>
		<feat xlink:href="#sSpan547" value="13"/>
		<feat xlink:href="#sSpan597" value="14"/>
		<feat xlink:href="#sSpan666" value="15"/>
		<feat xlink:href="#sSpan725" value="16"/>
		<feat xlink:href="#sSpan794" value="17"/>
		<feat xlink:href="#sSpan847" value="18"/>
		<feat xlink:href="#sSpan880" value="19"/>
		<feat xlink:href="#sSpan943" value="20"/>
		<feat xlink:href="#sSpan974" value="21"/>
		<feat xlink:href="#sSpan1031" value="22"/>
		<feat xlink:href="#sSpan1079" value="23"/>
		<feat xlink:href="#sSpan1149" value="24"/>
		<feat xlink:href="#sSpan1190" value="25"/>
		<feat xlink:href="#sSpan1261" value="26"/>
		<feat xlink:href="#sSpan1315" value="27"/>
		<feat xlink:href="#sSpan1371" value="28"/>
		<feat xlink:href="#sSpan1460" value="29"/>
		<feat xlink:href="#sSpan1524" value="30"/>
		<feat xlink:href="#sSpan1544" value="31"/>
		<feat xlink:href="#sSpan1570" value="32"/>
		<feat xlink:href="#sSpan1627" value="33"/>
		<feat xlink:href="#sSpan1681" value="34"/>
		<feat xlink:href="#sSpan1741" value="35"/>
		<feat xlink:href="#sSpan1791" value="36"/>
		<feat xlink:href="#sSpan1809" value="37"/>
		<feat xlink:href="#sSpan1864" value="38"/>
		<feat xlink:href="#sSpan1902" value="39"/>
		<feat xlink:href="#sSpan1948" value="40"/>
		<feat xlink:href="#sSpan2007" value="41"/>
		<feat xlink:href="#sSpan2089" value="42"/></featList></paula>