<?xml version='1.0' encoding='UTF-8'?><!DOCTYPE paula SYSTEM "paula_feat.dtd">
<paula version="1.1">
	<header paula_id="scriptorium.40_Matthew_10.mark_multiword"/>
	<featList xmlns:xlink="http://www.w3.org/1999/xlink" type="multiword" xml:base="scriptorium.40_Matthew_10.mark.xml">
		<feat xlink:href="#sSpan230" value="ⲃⲱⲕ ⲉ"/>
		<feat xlink:href="#sSpan475" value="ⲃⲱⲕ ⲉϩⲟⲩⲛ"/>
		<feat xlink:href="#sSpan492" value="ϩⲣⲁⲓ ϩⲛ"/>
		<feat xlink:href="#sSpan519" value="ⲉⲓ ⲉⲃⲟⲗ"/>
		<feat xlink:href="#sSpan563" value="ⲉⲓ ⲉϩⲣⲁⲓ"/>
		<feat xlink:href="#sSpan628" value="ⲉⲃⲟⲗ ϩⲛ"/>
		<feat xlink:href="#sSpan649" value="ⲛⲟⲩϩⲉ ⲉⲃⲟⲗ"/>
		<feat xlink:href="#sSpan724" value="ⲉⲓⲥ ϩⲏⲏⲧⲉ"/>
		<feat xlink:href="#sSpan804" value="ⲉⲃⲟⲗ ϩⲛ"/>
		<feat xlink:href="#sSpan830" value="ϩⲣⲁⲓ ϩⲛ"/>
		<feat xlink:href="#sSpan1085" value="ⲡⲱⲧ ⲛⲥⲁ"/>
		<feat xlink:href="#sSpan1158" value="ⲉⲓⲣⲉ ⲛ"/>
		<feat xlink:href="#sSpan1189" value="ϩⲱ ⲉ"/>
		<feat xlink:href="#sSpan1450" value="ϩⲣⲁⲓ ϩⲛ"/>
		<feat xlink:href="#sSpan1478" value="ⲉⲃⲟⲗ ϩⲁ"/>
		<feat xlink:href="#sSpan1493" value="ⲉⲃⲟⲗ ϩⲛ"/>
		<feat xlink:href="#sSpan1501" value="ϩⲉ ⲉϩⲣⲁⲓ"/>
		<feat xlink:href="#sSpan1689" value="ⲉⲓ ⲉ"/>
		<feat xlink:href="#sSpan1693" value="ⲛⲟⲩϫⲉ ⲛ"/>
		<feat xlink:href="#sSpan1718" value="ⲛⲟⲩϫⲉ ⲛ"/>
		<feat xlink:href="#sSpan1731" value="ⲛⲟⲩϫⲉ ⲛ"/>
		<feat xlink:href="#sSpan1907" value="ϩⲉ ⲉ"/>
		<feat xlink:href="#sSpan1939" value="ϩⲉ ⲉ"/>
		<feat xlink:href="#sSpan1951" value="ϣⲱⲡ ⲛ"/>
		<feat xlink:href="#sSpan1962" value="ϣⲱⲡ ⲛ"/>
		<feat xlink:href="#sSpan1978" value="ϣⲱⲡ ⲛ"/>
		<feat xlink:href="#sSpan1989" value="ϣⲱⲡ ⲉ"/>
		<feat xlink:href="#sSpan2010" value="ϣⲱⲡ ⲉ"/>
		<feat xlink:href="#sSpan2052" value="ϣⲱⲡ ⲉ"/></featList></paula>