<?xml version='1.0' encoding='UTF-8'?><!DOCTYPE paula SYSTEM "paula_mark.dtd">
<paula version="1.1">
	<header paula_id="1Cor_04.tok"/>
	<markList xmlns:xlink="http://www.w3.org/1999/xlink" type="tok" xml:base="1Cor_04.text.xml">
		<!--ⲧⲁⲓ-->
		<mark id="sTok1" xlink:href="#xpointer(string-range(//body,'',1,3))"/>
		<!--ⲧⲉ-->
		<mark id="sTok2" xlink:href="#xpointer(string-range(//body,'',5,2))"/>
		<!--ⲧ-->
		<mark id="sTok3" xlink:href="#xpointer(string-range(//body,'',8,1))"/>
		<!--ϩⲉ-->
		<mark id="sTok4" xlink:href="#xpointer(string-range(//body,'',10,2))"/>
		<!--ⲙⲁⲣⲉ-->
		<mark id="sTok5" xlink:href="#xpointer(string-range(//body,'',13,4))"/>
		<!--ⲛ-->
		<mark id="sTok6" xlink:href="#xpointer(string-range(//body,'',18,1))"/>
		<!--ⲣⲱⲙⲉ-->
		<mark id="sTok7" xlink:href="#xpointer(string-range(//body,'',20,4))"/>
		<!--ⲟⲡ-->
		<mark id="sTok8" xlink:href="#xpointer(string-range(//body,'',25,2))"/>
		<!--ⲛ-->
		<mark id="sTok9" xlink:href="#xpointer(string-range(//body,'',28,1))"/>
		<!--ϩⲱⲥ-->
		<mark id="sTok10" xlink:href="#xpointer(string-range(//body,'',30,3))"/>
		<!--ϩⲩⲡⲏⲣⲉⲧⲏⲥ-->
		<mark id="sTok11" xlink:href="#xpointer(string-range(//body,'',34,9))"/>
		<!--ⲙ-->
		<mark id="sTok12" xlink:href="#xpointer(string-range(//body,'',44,1))"/>
		<!--ⲡⲉ-->
		<mark id="sTok13" xlink:href="#xpointer(string-range(//body,'',46,2))"/>
		<!--ⲭⲣⲓⲥⲧⲟⲥ-->
		<mark id="sTok14" xlink:href="#xpointer(string-range(//body,'',49,7))"/>
		<!--.-->
		<mark id="sTok15" xlink:href="#xpointer(string-range(//body,'',57,1))"/>
		<!--ⲁⲩⲱ-->
		<mark id="sTok16" xlink:href="#xpointer(string-range(//body,'',59,3))"/>
		<!--ⲛ-->
		<mark id="sTok17" xlink:href="#xpointer(string-range(//body,'',63,1))"/>
		<!--ⲟⲓⲕⲟⲛⲟⲙⲟⲥ-->
		<mark id="sTok18" xlink:href="#xpointer(string-range(//body,'',65,9))"/>
		<!--ⲛ-->
		<mark id="sTok19" xlink:href="#xpointer(string-range(//body,'',75,1))"/>
		<!--ⲙ-->
		<mark id="sTok20" xlink:href="#xpointer(string-range(//body,'',77,1))"/>
		<!--ⲙⲩⲥⲧⲏⲣⲓⲟⲛ-->
		<mark id="sTok21" xlink:href="#xpointer(string-range(//body,'',79,9))"/>
		<!--ⲙ-->
		<mark id="sTok22" xlink:href="#xpointer(string-range(//body,'',89,1))"/>
		<!--ⲡ-->
		<mark id="sTok23" xlink:href="#xpointer(string-range(//body,'',91,1))"/>
		<!--ⲛⲟⲩⲧⲉ-->
		<mark id="sTok24" xlink:href="#xpointer(string-range(//body,'',93,5))"/>
		<!--.-->
		<mark id="sTok25" xlink:href="#xpointer(string-range(//body,'',99,1))"/>
		<!--ⲉ-->
		<mark id="sTok26" xlink:href="#xpointer(string-range(//body,'',101,1))"/>
		<!--ⲩ-->
		<mark id="sTok27" xlink:href="#xpointer(string-range(//body,'',103,1))"/>
		<!--ϣⲓⲛⲉ-->
		<mark id="sTok28" xlink:href="#xpointer(string-range(//body,'',105,4))"/>
		<!--ϭⲉ-->
		<mark id="sTok29" xlink:href="#xpointer(string-range(//body,'',110,2))"/>
		<!--ⲙ-->
		<mark id="sTok30" xlink:href="#xpointer(string-range(//body,'',113,1))"/>
		<!--ⲡⲉⲓ-->
		<mark id="sTok31" xlink:href="#xpointer(string-range(//body,'',115,3))"/>
		<!--ⲙⲁ-->
		<mark id="sTok32" xlink:href="#xpointer(string-range(//body,'',119,2))"/>
		<!--ϩⲛ-->
		<mark id="sTok33" xlink:href="#xpointer(string-range(//body,'',122,2))"/>
		<!--ⲛ-->
		<mark id="sTok34" xlink:href="#xpointer(string-range(//body,'',125,1))"/>
		<!--ⲟⲓⲕⲟⲛⲟⲙⲟⲥ-->
		<mark id="sTok35" xlink:href="#xpointer(string-range(//body,'',127,9))"/>
		<!--ϫⲉ-->
		<mark id="sTok36" xlink:href="#xpointer(string-range(//body,'',137,2))"/>
		<!--ⲉⲩⲉ-->
		<mark id="sTok37" xlink:href="#xpointer(string-range(//body,'',140,3))"/>
		<!--ϩⲉ-->
		<mark id="sTok38" xlink:href="#xpointer(string-range(//body,'',144,2))"/>
		<!--ⲉ-->
		<mark id="sTok39" xlink:href="#xpointer(string-range(//body,'',147,1))"/>
		<!--ⲩ-->
		<mark id="sTok40" xlink:href="#xpointer(string-range(//body,'',149,1))"/>
		<!--ⲡⲓⲥⲧⲟⲥ-->
		<mark id="sTok41" xlink:href="#xpointer(string-range(//body,'',151,6))"/>
		<!--.-->
		<mark id="sTok42" xlink:href="#xpointer(string-range(//body,'',158,1))"/>
		<!--ⲁⲛⲟⲕ-->
		<mark id="sTok43" xlink:href="#xpointer(string-range(//body,'',160,4))"/>
		<!--ⲇⲉ-->
		<mark id="sTok44" xlink:href="#xpointer(string-range(//body,'',165,2))"/>
		<!--ⲟⲩ-->
		<mark id="sTok45" xlink:href="#xpointer(string-range(//body,'',168,2))"/>
		<!--ⲉⲗⲁⲭⲓⲥⲧⲟⲛ-->
		<mark id="sTok46" xlink:href="#xpointer(string-range(//body,'',171,9))"/>
		<!--ⲛⲁ-->
		<mark id="sTok47" xlink:href="#xpointer(string-range(//body,'',181,2))"/>
		<!--ⲓ-->
		<mark id="sTok48" xlink:href="#xpointer(string-range(//body,'',184,1))"/>
		<!--ⲡⲉ-->
		<mark id="sTok49" xlink:href="#xpointer(string-range(//body,'',186,2))"/>
		<!--ⲉ-->
		<mark id="sTok50" xlink:href="#xpointer(string-range(//body,'',189,1))"/>
		<!--ⲧⲣⲉ-->
		<mark id="sTok51" xlink:href="#xpointer(string-range(//body,'',191,3))"/>
		<!--ⲩ-->
		<mark id="sTok52" xlink:href="#xpointer(string-range(//body,'',195,1))"/>
		<!--ⲁⲛⲁⲕⲣⲓⲛⲉ-->
		<mark id="sTok53" xlink:href="#xpointer(string-range(//body,'',197,8))"/>
		<!--ⲙⲙⲟ-->
		<mark id="sTok54" xlink:href="#xpointer(string-range(//body,'',206,3))"/>
		<!--ⲓ-->
		<mark id="sTok55" xlink:href="#xpointer(string-range(//body,'',210,1))"/>
		<!--ϩⲓⲧⲛ-->
		<mark id="sTok56" xlink:href="#xpointer(string-range(//body,'',212,4))"/>
		<!--ⲧⲏⲩⲧⲛ-->
		<mark id="sTok57" xlink:href="#xpointer(string-range(//body,'',217,5))"/>
		<!--.-->
		<mark id="sTok58" xlink:href="#xpointer(string-range(//body,'',223,1))"/>
		<!--ⲏ-->
		<mark id="sTok59" xlink:href="#xpointer(string-range(//body,'',225,1))"/>
		<!--ϩⲓⲧⲛ-->
		<mark id="sTok60" xlink:href="#xpointer(string-range(//body,'',227,4))"/>
		<!--ⲟⲩ-->
		<mark id="sTok61" xlink:href="#xpointer(string-range(//body,'',232,2))"/>
		<!--ϩⲟⲟⲩ-->
		<mark id="sTok62" xlink:href="#xpointer(string-range(//body,'',235,4))"/>
		<!--ⲛ-->
		<mark id="sTok63" xlink:href="#xpointer(string-range(//body,'',240,1))"/>
		<!--ⲣⲱⲙⲉ-->
		<mark id="sTok64" xlink:href="#xpointer(string-range(//body,'',242,4))"/>
		<!--.-->
		<mark id="sTok65" xlink:href="#xpointer(string-range(//body,'',247,1))"/>
		<!--ⲁⲗⲗⲁ-->
		<mark id="sTok66" xlink:href="#xpointer(string-range(//body,'',249,4))"/>
		<!--ⲟⲩⲇⲉ-->
		<mark id="sTok67" xlink:href="#xpointer(string-range(//body,'',254,4))"/>
		<!--ⲁⲛⲟⲕ-->
		<mark id="sTok68" xlink:href="#xpointer(string-range(//body,'',259,4))"/>
		<!--ⲛ-->
		<mark id="sTok69" xlink:href="#xpointer(string-range(//body,'',264,1))"/>
		<!--ϯ-->
		<mark id="sTok70" xlink:href="#xpointer(string-range(//body,'',266,1))"/>
		<!--ⲁⲛⲁⲕⲣⲓⲛⲉ-->
		<mark id="sTok71" xlink:href="#xpointer(string-range(//body,'',268,8))"/>
		<!--ⲙⲙⲟ-->
		<mark id="sTok72" xlink:href="#xpointer(string-range(//body,'',277,3))"/>
		<!--ⲓ-->
		<mark id="sTok73" xlink:href="#xpointer(string-range(//body,'',281,1))"/>
		<!--ⲁⲛ-->
		<mark id="sTok74" xlink:href="#xpointer(string-range(//body,'',283,2))"/>
		<!--.-->
		<mark id="sTok75" xlink:href="#xpointer(string-range(//body,'',286,1))"/>
		<!--ⲛ-->
		<mark id="sTok76" xlink:href="#xpointer(string-range(//body,'',288,1))"/>
		<!--ϯ-->
		<mark id="sTok77" xlink:href="#xpointer(string-range(//body,'',290,1))"/>
		<!--ⲥⲟⲟⲩⲛ-->
		<mark id="sTok78" xlink:href="#xpointer(string-range(//body,'',292,5))"/>
		<!--ⲅⲁⲣ-->
		<mark id="sTok79" xlink:href="#xpointer(string-range(//body,'',298,3))"/>
		<!--ⲁⲛ-->
		<mark id="sTok80" xlink:href="#xpointer(string-range(//body,'',302,2))"/>
		<!--ⲛ-->
		<mark id="sTok81" xlink:href="#xpointer(string-range(//body,'',305,1))"/>
		<!--ⲗⲁⲁⲩ-->
		<mark id="sTok82" xlink:href="#xpointer(string-range(//body,'',307,4))"/>
		<!--ⲉ-->
		<mark id="sTok83" xlink:href="#xpointer(string-range(//body,'',312,1))"/>
		<!--ⲁ-->
		<mark id="sTok84" xlink:href="#xpointer(string-range(//body,'',314,1))"/>
		<!--ⲓ-->
		<mark id="sTok85" xlink:href="#xpointer(string-range(//body,'',316,1))"/>
		<!--ⲁⲁ-->
		<mark id="sTok86" xlink:href="#xpointer(string-range(//body,'',318,2))"/>
		<!--ϥ-->
		<mark id="sTok87" xlink:href="#xpointer(string-range(//body,'',321,1))"/>
		<!--.-->
		<mark id="sTok88" xlink:href="#xpointer(string-range(//body,'',323,1))"/>
		<!--ⲁⲗⲗⲁ-->
		<mark id="sTok89" xlink:href="#xpointer(string-range(//body,'',325,4))"/>
		<!--ⲛ-->
		<mark id="sTok90" xlink:href="#xpointer(string-range(//body,'',330,1))"/>
		<!--ⲉ-->
		<mark id="sTok91" xlink:href="#xpointer(string-range(//body,'',332,1))"/>
		<!--ⲓ-->
		<mark id="sTok92" xlink:href="#xpointer(string-range(//body,'',334,1))"/>
		<!--ⲧⲙⲁⲓⲏⲩ-->
		<mark id="sTok93" xlink:href="#xpointer(string-range(//body,'',336,6))"/>
		<!--ⲁⲛ-->
		<mark id="sTok94" xlink:href="#xpointer(string-range(//body,'',343,2))"/>
		<!--ϩⲙ-->
		<mark id="sTok95" xlink:href="#xpointer(string-range(//body,'',346,2))"/>
		<!--ⲡⲁⲓ-->
		<mark id="sTok96" xlink:href="#xpointer(string-range(//body,'',349,3))"/>
		<!--.-->
		<mark id="sTok97" xlink:href="#xpointer(string-range(//body,'',353,1))"/>
		<!--ⲡ-->
		<mark id="sTok98" xlink:href="#xpointer(string-range(//body,'',355,1))"/>
		<!--ⲉⲧ-->
		<mark id="sTok99" xlink:href="#xpointer(string-range(//body,'',357,2))"/>
		<!--ⲁⲛⲁⲕⲣⲓⲛⲉ-->
		<mark id="sTok100" xlink:href="#xpointer(string-range(//body,'',360,8))"/>
		<!--ⲇⲉ-->
		<mark id="sTok101" xlink:href="#xpointer(string-range(//body,'',369,2))"/>
		<!--ⲙⲙⲟ-->
		<mark id="sTok102" xlink:href="#xpointer(string-range(//body,'',372,3))"/>
		<!--ⲓ-->
		<mark id="sTok103" xlink:href="#xpointer(string-range(//body,'',376,1))"/>
		<!--ⲡⲉ-->
		<mark id="sTok104" xlink:href="#xpointer(string-range(//body,'',378,2))"/>
		<!--ⲡ-->
		<mark id="sTok105" xlink:href="#xpointer(string-range(//body,'',381,1))"/>
		<!--ϫⲟⲉⲓⲥ-->
		<mark id="sTok106" xlink:href="#xpointer(string-range(//body,'',383,5))"/>
		<!--.-->
		<mark id="sTok107" xlink:href="#xpointer(string-range(//body,'',389,1))"/>
		<!--ϩⲱⲥⲧⲉ-->
		<mark id="sTok108" xlink:href="#xpointer(string-range(//body,'',391,5))"/>
		<!--ⲙⲡⲣ-->
		<mark id="sTok109" xlink:href="#xpointer(string-range(//body,'',397,3))"/>
		<!--ⲕⲣⲓⲛⲉ-->
		<mark id="sTok110" xlink:href="#xpointer(string-range(//body,'',401,5))"/>
		<!--ⲛ-->
		<mark id="sTok111" xlink:href="#xpointer(string-range(//body,'',407,1))"/>
		<!--ⲗⲁⲁⲩ-->
		<mark id="sTok112" xlink:href="#xpointer(string-range(//body,'',409,4))"/>
		<!--ϩⲁ-->
		<mark id="sTok113" xlink:href="#xpointer(string-range(//body,'',414,2))"/>
		<!--ⲑ-->
		<mark id="sTok114" xlink:href="#xpointer(string-range(//body,'',417,1))"/>
		<!--ⲏ-->
		<mark id="sTok115" xlink:href="#xpointer(string-range(//body,'',419,1))"/>
		<!--ⲙ-->
		<mark id="sTok116" xlink:href="#xpointer(string-range(//body,'',421,1))"/>
		<!--ⲡⲉ-->
		<mark id="sTok117" xlink:href="#xpointer(string-range(//body,'',423,2))"/>
		<!--ⲩⲟⲉⲓϣ-->
		<mark id="sTok118" xlink:href="#xpointer(string-range(//body,'',426,5))"/>
		<!--ϣⲁⲛⲧⲉ-->
		<mark id="sTok119" xlink:href="#xpointer(string-range(//body,'',432,5))"/>
		<!--ⲡ-->
		<mark id="sTok120" xlink:href="#xpointer(string-range(//body,'',438,1))"/>
		<!--ϫⲟⲉⲓⲥ-->
		<mark id="sTok121" xlink:href="#xpointer(string-range(//body,'',440,5))"/>
		<!--ⲉⲓ-->
		<mark id="sTok122" xlink:href="#xpointer(string-range(//body,'',446,2))"/>
		<!--.-->
		<mark id="sTok123" xlink:href="#xpointer(string-range(//body,'',449,1))"/>
		<!--ⲡⲁⲓ-->
		<mark id="sTok124" xlink:href="#xpointer(string-range(//body,'',451,3))"/>
		<!--ⲉⲧ-->
		<mark id="sTok125" xlink:href="#xpointer(string-range(//body,'',455,2))"/>
		<!--ⲛⲁ-->
		<mark id="sTok126" xlink:href="#xpointer(string-range(//body,'',458,2))"/>
		<!--ⲣ-->
		<mark id="sTok127" xlink:href="#xpointer(string-range(//body,'',461,1))"/>
		<!--ⲟⲩⲟⲉⲓⲛ-->
		<mark id="sTok128" xlink:href="#xpointer(string-range(//body,'',463,6))"/>
		<!--ⲉ-->
		<mark id="sTok129" xlink:href="#xpointer(string-range(//body,'',470,1))"/>
		<!--ⲛ-->
		<mark id="sTok130" xlink:href="#xpointer(string-range(//body,'',472,1))"/>
		<!--ⲉ-->
		<mark id="sTok131" xlink:href="#xpointer(string-range(//body,'',474,1))"/>
		<!--ⲑⲏⲡ-->
		<mark id="sTok132" xlink:href="#xpointer(string-range(//body,'',476,3))"/>
		<!--ϩⲙ-->
		<mark id="sTok133" xlink:href="#xpointer(string-range(//body,'',480,2))"/>
		<!--ⲡ-->
		<mark id="sTok134" xlink:href="#xpointer(string-range(//body,'',483,1))"/>
		<!--ⲕⲁⲕⲉ-->
		<mark id="sTok135" xlink:href="#xpointer(string-range(//body,'',485,4))"/>
		<!--ⲁⲩⲱ-->
		<mark id="sTok136" xlink:href="#xpointer(string-range(//body,'',490,3))"/>
		<!--ⲛ-->
		<mark id="sTok137" xlink:href="#xpointer(string-range(//body,'',494,1))"/>
		<!--ϥ-->
		<mark id="sTok138" xlink:href="#xpointer(string-range(//body,'',496,1))"/>
		<!--ⲟⲩⲱⲛϩ-->
		<mark id="sTok139" xlink:href="#xpointer(string-range(//body,'',498,5))"/>
		<!--ⲉⲃⲟⲗ-->
		<mark id="sTok140" xlink:href="#xpointer(string-range(//body,'',504,4))"/>
		<!--ⲛ-->
		<mark id="sTok141" xlink:href="#xpointer(string-range(//body,'',509,1))"/>
		<!--ⲛ-->
		<mark id="sTok142" xlink:href="#xpointer(string-range(//body,'',511,1))"/>
		<!--ϣⲟϫⲛⲉ-->
		<mark id="sTok143" xlink:href="#xpointer(string-range(//body,'',513,5))"/>
		<!--ⲛ-->
		<mark id="sTok144" xlink:href="#xpointer(string-range(//body,'',519,1))"/>
		<!--ⲛ-->
		<mark id="sTok145" xlink:href="#xpointer(string-range(//body,'',521,1))"/>
		<!--ϩⲏⲧ-->
		<mark id="sTok146" xlink:href="#xpointer(string-range(//body,'',523,3))"/>
		<!--.-->
		<mark id="sTok147" xlink:href="#xpointer(string-range(//body,'',527,1))"/>
		<!--ⲧⲟⲧⲉ-->
		<mark id="sTok148" xlink:href="#xpointer(string-range(//body,'',529,4))"/>
		<!--ⲡ-->
		<mark id="sTok149" xlink:href="#xpointer(string-range(//body,'',534,1))"/>
		<!--ⲧⲁⲉⲓⲟ-->
		<mark id="sTok150" xlink:href="#xpointer(string-range(//body,'',536,5))"/>
		<!--ⲙ-->
		<mark id="sTok151" xlink:href="#xpointer(string-range(//body,'',542,1))"/>
		<!--ⲡ-->
		<mark id="sTok152" xlink:href="#xpointer(string-range(//body,'',544,1))"/>
		<!--ⲟⲩⲁ-->
		<mark id="sTok153" xlink:href="#xpointer(string-range(//body,'',546,3))"/>
		<!--ⲡ-->
		<mark id="sTok154" xlink:href="#xpointer(string-range(//body,'',550,1))"/>
		<!--ⲟⲩⲁ-->
		<mark id="sTok155" xlink:href="#xpointer(string-range(//body,'',552,3))"/>
		<!--ⲛⲁ-->
		<mark id="sTok156" xlink:href="#xpointer(string-range(//body,'',556,2))"/>
		<!--ϣⲱⲡⲉ-->
		<mark id="sTok157" xlink:href="#xpointer(string-range(//body,'',559,4))"/>
		<!--ⲉⲃⲟⲗ-->
		<mark id="sTok158" xlink:href="#xpointer(string-range(//body,'',564,4))"/>
		<!--ϩⲓⲧⲙ-->
		<mark id="sTok159" xlink:href="#xpointer(string-range(//body,'',569,4))"/>
		<!--ⲡ-->
		<mark id="sTok160" xlink:href="#xpointer(string-range(//body,'',574,1))"/>
		<!--ⲛⲟⲩⲧⲉ-->
		<mark id="sTok161" xlink:href="#xpointer(string-range(//body,'',576,5))"/>
		<!--.-->
		<mark id="sTok162" xlink:href="#xpointer(string-range(//body,'',582,1))"/>
		<!--ⲛⲁⲓ-->
		<mark id="sTok163" xlink:href="#xpointer(string-range(//body,'',584,3))"/>
		<!--ⲇⲉ-->
		<mark id="sTok164" xlink:href="#xpointer(string-range(//body,'',588,2))"/>
		<!--ⲛⲁ-->
		<mark id="sTok165" xlink:href="#xpointer(string-range(//body,'',591,2))"/>
		<!--ⲥⲛⲏⲩ-->
		<mark id="sTok166" xlink:href="#xpointer(string-range(//body,'',594,4))"/>
		<!--ⲛⲧ-->
		<mark id="sTok167" xlink:href="#xpointer(string-range(//body,'',599,2))"/>
		<!--ⲁ-->
		<mark id="sTok168" xlink:href="#xpointer(string-range(//body,'',602,1))"/>
		<!--ⲓ-->
		<mark id="sTok169" xlink:href="#xpointer(string-range(//body,'',604,1))"/>
		<!--ϫⲓⲧ-->
		<mark id="sTok170" xlink:href="#xpointer(string-range(//body,'',606,3))"/>
		<!--ⲟⲩ-->
		<mark id="sTok171" xlink:href="#xpointer(string-range(//body,'',610,2))"/>
		<!--ⲛ-->
		<mark id="sTok172" xlink:href="#xpointer(string-range(//body,'',613,1))"/>
		<!--ⲥⲙⲟⲧ-->
		<mark id="sTok173" xlink:href="#xpointer(string-range(//body,'',615,4))"/>
		<!--ⲉϩⲣⲁⲓ-->
		<mark id="sTok174" xlink:href="#xpointer(string-range(//body,'',620,5))"/>
		<!--ⲉϫⲱ-->
		<mark id="sTok175" xlink:href="#xpointer(string-range(//body,'',626,3))"/>
		<!--ⲓ-->
		<mark id="sTok176" xlink:href="#xpointer(string-range(//body,'',630,1))"/>
		<!--ⲙⲛ-->
		<mark id="sTok177" xlink:href="#xpointer(string-range(//body,'',632,2))"/>
		<!--ⲁⲡⲟⲗⲗⲱ-->
		<mark id="sTok178" xlink:href="#xpointer(string-range(//body,'',635,6))"/>
		<!--ⲉⲧⲃⲉ-->
		<mark id="sTok179" xlink:href="#xpointer(string-range(//body,'',642,4))"/>
		<!--ⲧⲏⲩⲧⲛ-->
		<mark id="sTok180" xlink:href="#xpointer(string-range(//body,'',647,5))"/>
		<!--.-->
		<mark id="sTok181" xlink:href="#xpointer(string-range(//body,'',653,1))"/>
		<!--ϫⲉⲕⲁⲁⲥ-->
		<mark id="sTok182" xlink:href="#xpointer(string-range(//body,'',655,6))"/>
		<!--ⲉⲧⲉⲧⲛⲉ-->
		<mark id="sTok183" xlink:href="#xpointer(string-range(//body,'',662,6))"/>
		<!--ⲥⲃⲟ-->
		<mark id="sTok184" xlink:href="#xpointer(string-range(//body,'',669,3))"/>
		<!--ⲛϩⲏⲧ-->
		<mark id="sTok185" xlink:href="#xpointer(string-range(//body,'',673,4))"/>
		<!--ⲛ-->
		<mark id="sTok186" xlink:href="#xpointer(string-range(//body,'',678,1))"/>
		<!--ⲉ-->
		<mark id="sTok187" xlink:href="#xpointer(string-range(//body,'',680,1))"/>
		<!--ⲧⲙ-->
		<mark id="sTok188" xlink:href="#xpointer(string-range(//body,'',682,2))"/>
		<!--ⲣ-->
		<mark id="sTok189" xlink:href="#xpointer(string-range(//body,'',685,1))"/>
		<!--ϩⲟⲩⲟ-->
		<mark id="sTok190" xlink:href="#xpointer(string-range(//body,'',687,4))"/>
		<!--ⲉ-->
		<mark id="sTok191" xlink:href="#xpointer(string-range(//body,'',692,1))"/>
		<!--ⲛ-->
		<mark id="sTok192" xlink:href="#xpointer(string-range(//body,'',694,1))"/>
		<!--ⲉⲧ-->
		<mark id="sTok193" xlink:href="#xpointer(string-range(//body,'',696,2))"/>
		<!--ⲥⲏϩ-->
		<mark id="sTok194" xlink:href="#xpointer(string-range(//body,'',699,3))"/>
		<!--ϫⲉ-->
		<mark id="sTok195" xlink:href="#xpointer(string-range(//body,'',703,2))"/>
		<!--ⲛⲛⲉ-->
		<mark id="sTok196" xlink:href="#xpointer(string-range(//body,'',706,3))"/>
		<!--ⲟⲩⲁ-->
		<mark id="sTok197" xlink:href="#xpointer(string-range(//body,'',710,3))"/>
		<!--ϣⲟⲩϣⲟⲩ-->
		<mark id="sTok198" xlink:href="#xpointer(string-range(//body,'',714,6))"/>
		<!--ⲙⲙⲟ-->
		<mark id="sTok199" xlink:href="#xpointer(string-range(//body,'',721,3))"/>
		<!--ϥ-->
		<mark id="sTok200" xlink:href="#xpointer(string-range(//body,'',725,1))"/>
		<!--ⲉϫⲛ-->
		<mark id="sTok201" xlink:href="#xpointer(string-range(//body,'',727,3))"/>
		<!--ⲟⲩⲁ-->
		<mark id="sTok202" xlink:href="#xpointer(string-range(//body,'',731,3))"/>
		<!--ϩⲁ-->
		<mark id="sTok203" xlink:href="#xpointer(string-range(//body,'',735,2))"/>
		<!--ⲟⲩⲁ-->
		<mark id="sTok204" xlink:href="#xpointer(string-range(//body,'',738,3))"/>
		<!--.-->
		<mark id="sTok205" xlink:href="#xpointer(string-range(//body,'',742,1))"/>
		<!--ⲛⲓⲙ-->
		<mark id="sTok206" xlink:href="#xpointer(string-range(//body,'',744,3))"/>
		<!--ⲅⲁⲣ-->
		<mark id="sTok207" xlink:href="#xpointer(string-range(//body,'',748,3))"/>
		<!--ⲡ-->
		<mark id="sTok208" xlink:href="#xpointer(string-range(//body,'',752,1))"/>
		<!--ⲉⲧ-->
		<mark id="sTok209" xlink:href="#xpointer(string-range(//body,'',754,2))"/>
		<!--ⲇⲓⲁⲕⲣⲓⲛⲉ-->
		<mark id="sTok210" xlink:href="#xpointer(string-range(//body,'',757,8))"/>
		<!--ⲙⲙⲟ-->
		<mark id="sTok211" xlink:href="#xpointer(string-range(//body,'',766,3))"/>
		<!--ⲕ-->
		<mark id="sTok212" xlink:href="#xpointer(string-range(//body,'',770,1))"/>
		<!--ⲟⲩⲇⲉ-->
		<mark id="sTok213" xlink:href="#xpointer(string-range(//body,'',772,4))"/>
		<!--ⲡ-->
		<mark id="sTok214" xlink:href="#xpointer(string-range(//body,'',777,1))"/>
		<!--ⲉⲧ-->
		<mark id="sTok215" xlink:href="#xpointer(string-range(//body,'',779,2))"/>
		<!--ⲛⲧⲟⲟⲧ-->
		<mark id="sTok216" xlink:href="#xpointer(string-range(//body,'',782,5))"/>
		<!--ⲕ-->
		<mark id="sTok217" xlink:href="#xpointer(string-range(//body,'',788,1))"/>
		<!--ⲉ-->
		<mark id="sTok218" xlink:href="#xpointer(string-range(//body,'',790,1))"/>
		<!--ⲙⲡ-->
		<mark id="sTok219" xlink:href="#xpointer(string-range(//body,'',792,2))"/>
		<!--ⲕ-->
		<mark id="sTok220" xlink:href="#xpointer(string-range(//body,'',795,1))"/>
		<!--ϫⲓⲧ-->
		<mark id="sTok221" xlink:href="#xpointer(string-range(//body,'',797,3))"/>
		<!--ϥ-->
		<mark id="sTok222" xlink:href="#xpointer(string-range(//body,'',801,1))"/>
		<!--ⲉϣϫⲉ-->
		<mark id="sTok223" xlink:href="#xpointer(string-range(//body,'',803,4))"/>
		<!--ⲁ-->
		<mark id="sTok224" xlink:href="#xpointer(string-range(//body,'',808,1))"/>
		<!--ⲕ-->
		<mark id="sTok225" xlink:href="#xpointer(string-range(//body,'',810,1))"/>
		<!--ⲣ-->
		<mark id="sTok226" xlink:href="#xpointer(string-range(//body,'',812,1))"/>
		<!--ⲡ-->
		<mark id="sTok227" xlink:href="#xpointer(string-range(//body,'',814,1))"/>
		<!--ⲕⲉ-->
		<mark id="sTok228" xlink:href="#xpointer(string-range(//body,'',816,2))"/>
		<!--ϫⲓ-->
		<mark id="sTok229" xlink:href="#xpointer(string-range(//body,'',819,2))"/>
		<!--ⲁϩⲣⲟ-->
		<mark id="sTok230" xlink:href="#xpointer(string-range(//body,'',822,4))"/>
		<!--ⲕ-->
		<mark id="sTok231" xlink:href="#xpointer(string-range(//body,'',827,1))"/>
		<!--ⲕ-->
		<mark id="sTok232" xlink:href="#xpointer(string-range(//body,'',829,1))"/>
		<!--ϣⲟⲩϣⲟⲩ-->
		<mark id="sTok233" xlink:href="#xpointer(string-range(//body,'',831,6))"/>
		<!--ⲙⲙⲟ-->
		<mark id="sTok234" xlink:href="#xpointer(string-range(//body,'',838,3))"/>
		<!--ⲕ-->
		<mark id="sTok235" xlink:href="#xpointer(string-range(//body,'',842,1))"/>
		<!--ϩⲱⲥ-->
		<mark id="sTok236" xlink:href="#xpointer(string-range(//body,'',844,3))"/>
		<!--ⲉ-->
		<mark id="sTok237" xlink:href="#xpointer(string-range(//body,'',848,1))"/>
		<!--ⲙⲡ-->
		<mark id="sTok238" xlink:href="#xpointer(string-range(//body,'',850,2))"/>
		<!--ⲕ-->
		<mark id="sTok239" xlink:href="#xpointer(string-range(//body,'',853,1))"/>
		<!--ϫⲓ-->
		<mark id="sTok240" xlink:href="#xpointer(string-range(//body,'',855,2))"/>
		<!--.-->
		<mark id="sTok241" xlink:href="#xpointer(string-range(//body,'',858,1))"/>
		<!--ⲏⲇⲏ-->
		<mark id="sTok242" xlink:href="#xpointer(string-range(//body,'',860,3))"/>
		<!--ⲧⲉⲧⲛ-->
		<mark id="sTok243" xlink:href="#xpointer(string-range(//body,'',864,4))"/>
		<!--ⲥⲏⲩ-->
		<mark id="sTok244" xlink:href="#xpointer(string-range(//body,'',869,3))"/>
		<!--ⲏⲇⲏ-->
		<mark id="sTok245" xlink:href="#xpointer(string-range(//body,'',873,3))"/>
		<!--ⲁ-->
		<mark id="sTok246" xlink:href="#xpointer(string-range(//body,'',877,1))"/>
		<!--ⲧⲉⲧⲛ-->
		<mark id="sTok247" xlink:href="#xpointer(string-range(//body,'',879,4))"/>
		<!--ⲣ-->
		<mark id="sTok248" xlink:href="#xpointer(string-range(//body,'',884,1))"/>
		<!--ⲣⲙⲙⲁⲟ-->
		<mark id="sTok249" xlink:href="#xpointer(string-range(//body,'',886,5))"/>
		<!--ⲁϫⲛⲧ-->
		<mark id="sTok250" xlink:href="#xpointer(string-range(//body,'',892,4))"/>
		<!--ⲛ-->
		<mark id="sTok251" xlink:href="#xpointer(string-range(//body,'',897,1))"/>
		<!--ⲁ-->
		<mark id="sTok252" xlink:href="#xpointer(string-range(//body,'',899,1))"/>
		<!--ⲧⲉⲧⲛ-->
		<mark id="sTok253" xlink:href="#xpointer(string-range(//body,'',901,4))"/>
		<!--ⲣ-->
		<mark id="sTok254" xlink:href="#xpointer(string-range(//body,'',906,1))"/>
		<!--ⲣⲣⲟ-->
		<mark id="sTok255" xlink:href="#xpointer(string-range(//body,'',908,3))"/>
		<!--ⲛⲁⲛⲟⲩ-->
		<mark id="sTok256" xlink:href="#xpointer(string-range(//body,'',912,5))"/>
		<!--ⲥ-->
		<mark id="sTok257" xlink:href="#xpointer(string-range(//body,'',918,1))"/>
		<!--ⲇⲉ-->
		<mark id="sTok258" xlink:href="#xpointer(string-range(//body,'',920,2))"/>
		<!--ⲉϣϫⲉ-->
		<mark id="sTok259" xlink:href="#xpointer(string-range(//body,'',923,4))"/>
		<!--ⲁ-->
		<mark id="sTok260" xlink:href="#xpointer(string-range(//body,'',928,1))"/>
		<!--ⲧⲉⲧⲛ-->
		<mark id="sTok261" xlink:href="#xpointer(string-range(//body,'',930,4))"/>
		<!--ⲣ-->
		<mark id="sTok262" xlink:href="#xpointer(string-range(//body,'',935,1))"/>
		<!--ⲣⲣⲟ-->
		<mark id="sTok263" xlink:href="#xpointer(string-range(//body,'',937,3))"/>
		<!--ϫⲉⲕⲁⲁⲥ-->
		<mark id="sTok264" xlink:href="#xpointer(string-range(//body,'',941,6))"/>
		<!--ⲉⲛⲉ-->
		<mark id="sTok265" xlink:href="#xpointer(string-range(//body,'',948,3))"/>
		<!--ⲣ-->
		<mark id="sTok266" xlink:href="#xpointer(string-range(//body,'',952,1))"/>
		<!--ⲣⲣⲟ-->
		<mark id="sTok267" xlink:href="#xpointer(string-range(//body,'',954,3))"/>
		<!--ϩⲱⲱ-->
		<mark id="sTok268" xlink:href="#xpointer(string-range(//body,'',958,3))"/>
		<!--ⲛ-->
		<mark id="sTok269" xlink:href="#xpointer(string-range(//body,'',962,1))"/>
		<!--ⲛⲙⲙⲏ-->
		<mark id="sTok270" xlink:href="#xpointer(string-range(//body,'',964,4))"/>
		<!--ⲧⲛ-->
		<mark id="sTok271" xlink:href="#xpointer(string-range(//body,'',969,2))"/>
		<!--.-->
		<mark id="sTok272" xlink:href="#xpointer(string-range(//body,'',972,1))"/>
		<!--ⲁⲣⲏⲩ-->
		<mark id="sTok273" xlink:href="#xpointer(string-range(//body,'',974,4))"/>
		<!--ⲅⲁⲣ-->
		<mark id="sTok274" xlink:href="#xpointer(string-range(//body,'',979,3))"/>
		<!--ⲛⲧ-->
		<mark id="sTok275" xlink:href="#xpointer(string-range(//body,'',983,2))"/>
		<!--ⲁ-->
		<mark id="sTok276" xlink:href="#xpointer(string-range(//body,'',986,1))"/>
		<!--ⲡ-->
		<mark id="sTok277" xlink:href="#xpointer(string-range(//body,'',988,1))"/>
		<!--ⲛⲟⲩⲧⲉ-->
		<mark id="sTok278" xlink:href="#xpointer(string-range(//body,'',990,5))"/>
		<!--ⲕⲁⲁ-->
		<mark id="sTok279" xlink:href="#xpointer(string-range(//body,'',996,3))"/>
		<!--ⲛ-->
		<mark id="sTok280" xlink:href="#xpointer(string-range(//body,'',1000,1))"/>
		<!--ⲛ-->
		<mark id="sTok281" xlink:href="#xpointer(string-range(//body,'',1002,1))"/>
		<!--ⲁⲡⲟⲥⲧⲟⲗⲟⲥ-->
		<mark id="sTok282" xlink:href="#xpointer(string-range(//body,'',1004,9))"/>
		<!--ⲛ-->
		<mark id="sTok283" xlink:href="#xpointer(string-range(//body,'',1014,1))"/>
		<!--ϩⲁⲉ-->
		<mark id="sTok284" xlink:href="#xpointer(string-range(//body,'',1016,3))"/>
		<!--ⲛ-->
		<mark id="sTok285" xlink:href="#xpointer(string-range(//body,'',1020,1))"/>
		<!--ⲧ-->
		<mark id="sTok286" xlink:href="#xpointer(string-range(//body,'',1022,1))"/>
		<!--ϩⲉ-->
		<mark id="sTok287" xlink:href="#xpointer(string-range(//body,'',1024,2))"/>
		<!--ⲛ-->
		<mark id="sTok288" xlink:href="#xpointer(string-range(//body,'',1027,1))"/>
		<!--ⲛⲓ-->
		<mark id="sTok289" xlink:href="#xpointer(string-range(//body,'',1029,2))"/>
		<!--ⲉⲡⲓⲑⲁⲛⲁⲧⲏⲥ-->
		<mark id="sTok290" xlink:href="#xpointer(string-range(//body,'',1032,10))"/>
		<!--.-->
		<mark id="sTok291" xlink:href="#xpointer(string-range(//body,'',1043,1))"/>
		<!--ϫⲉ-->
		<mark id="sTok292" xlink:href="#xpointer(string-range(//body,'',1045,2))"/>
		<!--ⲁ-->
		<mark id="sTok293" xlink:href="#xpointer(string-range(//body,'',1048,1))"/>
		<!--ⲛ-->
		<mark id="sTok294" xlink:href="#xpointer(string-range(//body,'',1050,1))"/>
		<!--ϣⲱⲡⲉ-->
		<mark id="sTok295" xlink:href="#xpointer(string-range(//body,'',1052,4))"/>
		<!--ⲛ-->
		<mark id="sTok296" xlink:href="#xpointer(string-range(//body,'',1057,1))"/>
		<!--ⲑⲉⲁⲧⲣⲟⲛ-->
		<mark id="sTok297" xlink:href="#xpointer(string-range(//body,'',1059,7))"/>
		<!--ⲙ-->
		<mark id="sTok298" xlink:href="#xpointer(string-range(//body,'',1067,1))"/>
		<!--ⲡ-->
		<mark id="sTok299" xlink:href="#xpointer(string-range(//body,'',1069,1))"/>
		<!--ⲕⲟⲥⲙⲟⲥ-->
		<mark id="sTok300" xlink:href="#xpointer(string-range(//body,'',1071,6))"/>
		<!--ⲁⲩⲱ-->
		<mark id="sTok301" xlink:href="#xpointer(string-range(//body,'',1078,3))"/>
		<!--ⲛ-->
		<mark id="sTok302" xlink:href="#xpointer(string-range(//body,'',1082,1))"/>
		<!--ⲛ-->
		<mark id="sTok303" xlink:href="#xpointer(string-range(//body,'',1084,1))"/>
		<!--ⲁⲅⲅⲉⲗⲟⲥ-->
		<mark id="sTok304" xlink:href="#xpointer(string-range(//body,'',1086,7))"/>
		<!--ⲙⲛ-->
		<mark id="sTok305" xlink:href="#xpointer(string-range(//body,'',1094,2))"/>
		<!--ⲛ-->
		<mark id="sTok306" xlink:href="#xpointer(string-range(//body,'',1097,1))"/>
		<!--ⲣⲱⲙⲉ-->
		<mark id="sTok307" xlink:href="#xpointer(string-range(//body,'',1099,4))"/>
		<!--.-->
		<mark id="sTok308" xlink:href="#xpointer(string-range(//body,'',1104,1))"/>
		<!--ⲁⲛⲟⲛ-->
		<mark id="sTok309" xlink:href="#xpointer(string-range(//body,'',1106,4))"/>
		<!--ⲁ-->
		<mark id="sTok310" xlink:href="#xpointer(string-range(//body,'',1111,1))"/>
		<!--ⲛ-->
		<mark id="sTok311" xlink:href="#xpointer(string-range(//body,'',1113,1))"/>
		<!--ⲣ-->
		<mark id="sTok312" xlink:href="#xpointer(string-range(//body,'',1115,1))"/>
		<!--ⲥⲟϭ-->
		<mark id="sTok313" xlink:href="#xpointer(string-range(//body,'',1117,3))"/>
		<!--ⲉⲧⲃⲉ-->
		<mark id="sTok314" xlink:href="#xpointer(string-range(//body,'',1121,4))"/>
		<!--ⲡⲉ-->
		<mark id="sTok315" xlink:href="#xpointer(string-range(//body,'',1126,2))"/>
		<!--ⲭⲣⲓⲥⲧⲟⲥ-->
		<mark id="sTok316" xlink:href="#xpointer(string-range(//body,'',1129,7))"/>
		<!--ⲛⲧⲱⲧⲛ-->
		<mark id="sTok317" xlink:href="#xpointer(string-range(//body,'',1137,5))"/>
		<!--ⲇⲉ-->
		<mark id="sTok318" xlink:href="#xpointer(string-range(//body,'',1143,2))"/>
		<!--ⲛⲧⲉⲧⲛ-->
		<mark id="sTok319" xlink:href="#xpointer(string-range(//body,'',1146,5))"/>
		<!--ϩⲉⲛ-->
		<mark id="sTok320" xlink:href="#xpointer(string-range(//body,'',1152,3))"/>
		<!--ⲥⲁⲃⲉ-->
		<mark id="sTok321" xlink:href="#xpointer(string-range(//body,'',1156,4))"/>
		<!--ϩⲙ-->
		<mark id="sTok322" xlink:href="#xpointer(string-range(//body,'',1161,2))"/>
		<!--ⲡⲉ-->
		<mark id="sTok323" xlink:href="#xpointer(string-range(//body,'',1164,2))"/>
		<!--ⲭⲣⲓⲥⲧⲟⲥ-->
		<mark id="sTok324" xlink:href="#xpointer(string-range(//body,'',1167,7))"/>
		<!--ⲁⲛⲟⲛ-->
		<mark id="sTok325" xlink:href="#xpointer(string-range(//body,'',1175,4))"/>
		<!--ⲧⲛ-->
		<mark id="sTok326" xlink:href="#xpointer(string-range(//body,'',1180,2))"/>
		<!--ϭⲟⲟⲃ-->
		<mark id="sTok327" xlink:href="#xpointer(string-range(//body,'',1183,4))"/>
		<!--ⲛⲧⲱⲧⲛ-->
		<mark id="sTok328" xlink:href="#xpointer(string-range(//body,'',1188,5))"/>
		<!--ⲇⲉ-->
		<mark id="sTok329" xlink:href="#xpointer(string-range(//body,'',1194,2))"/>
		<!--ⲧⲉⲧⲛ-->
		<mark id="sTok330" xlink:href="#xpointer(string-range(//body,'',1197,4))"/>
		<!--ϫⲟⲟⲣ-->
		<mark id="sTok331" xlink:href="#xpointer(string-range(//body,'',1202,4))"/>
		<!--ⲛⲧⲱⲧⲛ-->
		<mark id="sTok332" xlink:href="#xpointer(string-range(//body,'',1207,5))"/>
		<!--ⲧⲉⲧⲛ-->
		<mark id="sTok333" xlink:href="#xpointer(string-range(//body,'',1213,4))"/>
		<!--ⲧⲁⲉⲓⲏⲩ-->
		<mark id="sTok334" xlink:href="#xpointer(string-range(//body,'',1218,6))"/>
		<!--ⲁⲛⲟⲛ-->
		<mark id="sTok335" xlink:href="#xpointer(string-range(//body,'',1225,4))"/>
		<!--ⲇⲉ-->
		<mark id="sTok336" xlink:href="#xpointer(string-range(//body,'',1230,2))"/>
		<!--ⲧⲛ-->
		<mark id="sTok337" xlink:href="#xpointer(string-range(//body,'',1233,2))"/>
		<!--ⲥⲏϣ-->
		<mark id="sTok338" xlink:href="#xpointer(string-range(//body,'',1236,3))"/>
		<!--ϣⲁϩⲣⲁⲓ-->
		<mark id="sTok339" xlink:href="#xpointer(string-range(//body,'',1240,6))"/>
		<!--ⲉ-->
		<mark id="sTok340" xlink:href="#xpointer(string-range(//body,'',1247,1))"/>
		<!--ⲧⲉⲉⲓ-->
		<mark id="sTok341" xlink:href="#xpointer(string-range(//body,'',1249,4))"/>
		<!--ⲟⲩⲛⲟⲩ-->
		<mark id="sTok342" xlink:href="#xpointer(string-range(//body,'',1254,5))"/>
		<!--ⲧⲛ-->
		<mark id="sTok343" xlink:href="#xpointer(string-range(//body,'',1260,2))"/>
		<!--ϩⲕⲁⲉⲓⲧ-->
		<mark id="sTok344" xlink:href="#xpointer(string-range(//body,'',1263,6))"/>
		<!--ⲧⲛ-->
		<mark id="sTok345" xlink:href="#xpointer(string-range(//body,'',1270,2))"/>
		<!--ⲟⲃⲉ-->
		<mark id="sTok346" xlink:href="#xpointer(string-range(//body,'',1273,3))"/>
		<!--ⲧⲛ-->
		<mark id="sTok347" xlink:href="#xpointer(string-range(//body,'',1277,2))"/>
		<!--ⲕⲏⲕ-->
		<mark id="sTok348" xlink:href="#xpointer(string-range(//body,'',1280,3))"/>
		<!--ⲁϩⲏⲩ-->
		<mark id="sTok349" xlink:href="#xpointer(string-range(//body,'',1284,4))"/>
		<!--ⲥⲉ-->
		<mark id="sTok350" xlink:href="#xpointer(string-range(//body,'',1289,2))"/>
		<!--ϯ-->
		<mark id="sTok351" xlink:href="#xpointer(string-range(//body,'',1292,1))"/>
		<!--ⲕⲗⲯ-->
		<mark id="sTok352" xlink:href="#xpointer(string-range(//body,'',1294,3))"/>
		<!--ⲉϫⲱ-->
		<mark id="sTok353" xlink:href="#xpointer(string-range(//body,'',1298,3))"/>
		<!--ⲛ-->
		<mark id="sTok354" xlink:href="#xpointer(string-range(//body,'',1302,1))"/>
		<!--ⲧⲛ-->
		<mark id="sTok355" xlink:href="#xpointer(string-range(//body,'',1304,2))"/>
		<!--ϣⲧⲣⲧⲱⲣ-->
		<mark id="sTok356" xlink:href="#xpointer(string-range(//body,'',1307,6))"/>
		<!--.-->
		<mark id="sTok357" xlink:href="#xpointer(string-range(//body,'',1314,1))"/>
		<!--ⲧⲛ-->
		<mark id="sTok358" xlink:href="#xpointer(string-range(//body,'',1316,2))"/>
		<!--ϩⲟⲥⲉ-->
		<mark id="sTok359" xlink:href="#xpointer(string-range(//body,'',1319,4))"/>
		<!--ⲉ-->
		<mark id="sTok360" xlink:href="#xpointer(string-range(//body,'',1324,1))"/>
		<!--ⲛ-->
		<mark id="sTok361" xlink:href="#xpointer(string-range(//body,'',1326,1))"/>
		<!--ⲣ-->
		<mark id="sTok362" xlink:href="#xpointer(string-range(//body,'',1328,1))"/>
		<!--ϩⲱⲃ-->
		<mark id="sTok363" xlink:href="#xpointer(string-range(//body,'',1330,3))"/>
		<!--ϩⲛ-->
		<mark id="sTok364" xlink:href="#xpointer(string-range(//body,'',1334,2))"/>
		<!--ⲛⲉⲛ-->
		<mark id="sTok365" xlink:href="#xpointer(string-range(//body,'',1337,3))"/>
		<!--ϭⲓϫ-->
		<mark id="sTok366" xlink:href="#xpointer(string-range(//body,'',1341,3))"/>
		<!--ⲙⲙⲓⲛⲙⲙⲟ-->
		<mark id="sTok367" xlink:href="#xpointer(string-range(//body,'',1345,7))"/>
		<!--ⲛ-->
		<mark id="sTok368" xlink:href="#xpointer(string-range(//body,'',1353,1))"/>
		<!--ⲉ-->
		<mark id="sTok369" xlink:href="#xpointer(string-range(//body,'',1355,1))"/>
		<!--ⲩ-->
		<mark id="sTok370" xlink:href="#xpointer(string-range(//body,'',1357,1))"/>
		<!--ⲥⲁϩⲟⲩ-->
		<mark id="sTok371" xlink:href="#xpointer(string-range(//body,'',1359,5))"/>
		<!--ⲙⲙⲟ-->
		<mark id="sTok372" xlink:href="#xpointer(string-range(//body,'',1365,3))"/>
		<!--ⲛ-->
		<mark id="sTok373" xlink:href="#xpointer(string-range(//body,'',1369,1))"/>
		<!--ⲧⲛ-->
		<mark id="sTok374" xlink:href="#xpointer(string-range(//body,'',1371,2))"/>
		<!--ⲥⲙⲟⲩ-->
		<mark id="sTok375" xlink:href="#xpointer(string-range(//body,'',1374,4))"/>
		<!--ⲉⲣⲟ-->
		<mark id="sTok376" xlink:href="#xpointer(string-range(//body,'',1379,3))"/>
		<!--ⲟⲩ-->
		<mark id="sTok377" xlink:href="#xpointer(string-range(//body,'',1383,2))"/>
		<!--ⲉ-->
		<mark id="sTok378" xlink:href="#xpointer(string-range(//body,'',1386,1))"/>
		<!--ⲩ-->
		<mark id="sTok379" xlink:href="#xpointer(string-range(//body,'',1388,1))"/>
		<!--ⲡⲏⲧ-->
		<mark id="sTok380" xlink:href="#xpointer(string-range(//body,'',1390,3))"/>
		<!--ⲛⲥⲱ-->
		<mark id="sTok381" xlink:href="#xpointer(string-range(//body,'',1394,3))"/>
		<!--ⲛ-->
		<mark id="sTok382" xlink:href="#xpointer(string-range(//body,'',1398,1))"/>
		<!--ⲧⲛ-->
		<mark id="sTok383" xlink:href="#xpointer(string-range(//body,'',1400,2))"/>
		<!--ⲁⲛⲉⲭⲉ-->
		<mark id="sTok384" xlink:href="#xpointer(string-range(//body,'',1403,5))"/>
		<!--ⲙⲙⲟ-->
		<mark id="sTok385" xlink:href="#xpointer(string-range(//body,'',1409,3))"/>
		<!--ⲟⲩ-->
		<mark id="sTok386" xlink:href="#xpointer(string-range(//body,'',1413,2))"/>
		<!--.-->
		<mark id="sTok387" xlink:href="#xpointer(string-range(//body,'',1416,1))"/>
		<!--ⲉ-->
		<mark id="sTok388" xlink:href="#xpointer(string-range(//body,'',1418,1))"/>
		<!--ⲩ-->
		<mark id="sTok389" xlink:href="#xpointer(string-range(//body,'',1420,1))"/>
		<!--ϫⲓ-->
		<mark id="sTok390" xlink:href="#xpointer(string-range(//body,'',1422,2))"/>
		<!--ⲟⲩⲁ-->
		<mark id="sTok391" xlink:href="#xpointer(string-range(//body,'',1425,3))"/>
		<!--ⲉⲣⲟ-->
		<mark id="sTok392" xlink:href="#xpointer(string-range(//body,'',1429,3))"/>
		<!--ⲛ-->
		<mark id="sTok393" xlink:href="#xpointer(string-range(//body,'',1433,1))"/>
		<!--.-->
		<mark id="sTok394" xlink:href="#xpointer(string-range(//body,'',1435,1))"/>
		<!--ⲧⲛ-->
		<mark id="sTok395" xlink:href="#xpointer(string-range(//body,'',1437,2))"/>
		<!--ⲡⲁⲣⲁⲕⲁⲗⲉⲓ-->
		<mark id="sTok396" xlink:href="#xpointer(string-range(//body,'',1440,9))"/>
		<!--ⲙⲙⲟ-->
		<mark id="sTok397" xlink:href="#xpointer(string-range(//body,'',1450,3))"/>
		<!--ⲟⲩ-->
		<mark id="sTok398" xlink:href="#xpointer(string-range(//body,'',1454,2))"/>
		<!--ⲛ-->
		<mark id="sTok399" xlink:href="#xpointer(string-range(//body,'',1457,1))"/>
		<!--ⲧ-->
		<mark id="sTok400" xlink:href="#xpointer(string-range(//body,'',1459,1))"/>
		<!--ϩⲉ-->
		<mark id="sTok401" xlink:href="#xpointer(string-range(//body,'',1461,2))"/>
		<!--ⲛ-->
		<mark id="sTok402" xlink:href="#xpointer(string-range(//body,'',1464,1))"/>
		<!--ⲛⲓ-->
		<mark id="sTok403" xlink:href="#xpointer(string-range(//body,'',1466,2))"/>
		<!--ⲡⲉⲣⲓⲕⲁⲑⲁⲣⲙⲁ-->
		<mark id="sTok404" xlink:href="#xpointer(string-range(//body,'',1469,11))"/>
		<!--ⲙ-->
		<mark id="sTok405" xlink:href="#xpointer(string-range(//body,'',1481,1))"/>
		<!--ⲡ-->
		<mark id="sTok406" xlink:href="#xpointer(string-range(//body,'',1483,1))"/>
		<!--ⲕⲟⲥⲙⲟⲥ-->
		<mark id="sTok407" xlink:href="#xpointer(string-range(//body,'',1485,6))"/>
		<!--ⲁ-->
		<mark id="sTok408" xlink:href="#xpointer(string-range(//body,'',1492,1))"/>
		<!--ⲛ-->
		<mark id="sTok409" xlink:href="#xpointer(string-range(//body,'',1494,1))"/>
		<!--ⲣ-->
		<mark id="sTok410" xlink:href="#xpointer(string-range(//body,'',1496,1))"/>
		<!--ϣϥⲉ-->
		<mark id="sTok411" xlink:href="#xpointer(string-range(//body,'',1498,3))"/>
		<!--ⲛ-->
		<mark id="sTok412" xlink:href="#xpointer(string-range(//body,'',1502,1))"/>
		<!--ⲟⲩⲟⲛ-->
		<mark id="sTok413" xlink:href="#xpointer(string-range(//body,'',1504,4))"/>
		<!--ⲛⲓⲙ-->
		<mark id="sTok414" xlink:href="#xpointer(string-range(//body,'',1509,3))"/>
		<!--ϣⲁϩⲣⲁⲓ-->
		<mark id="sTok415" xlink:href="#xpointer(string-range(//body,'',1513,6))"/>
		<!--ⲉ-->
		<mark id="sTok416" xlink:href="#xpointer(string-range(//body,'',1520,1))"/>
		<!--ⲧⲉⲓ-->
		<mark id="sTok417" xlink:href="#xpointer(string-range(//body,'',1522,3))"/>
		<!--ⲟⲩⲛⲟⲩ-->
		<mark id="sTok418" xlink:href="#xpointer(string-range(//body,'',1526,5))"/>
		<!--.-->
		<mark id="sTok419" xlink:href="#xpointer(string-range(//body,'',1532,1))"/>
		<!--ⲛ-->
		<mark id="sTok420" xlink:href="#xpointer(string-range(//body,'',1534,1))"/>
		<!--ⲛⲉ-->
		<mark id="sTok421" xlink:href="#xpointer(string-range(//body,'',1536,2))"/>
		<!--ⲉ-->
		<mark id="sTok422" xlink:href="#xpointer(string-range(//body,'',1539,1))"/>
		<!--ⲓ-->
		<mark id="sTok423" xlink:href="#xpointer(string-range(//body,'',1541,1))"/>
		<!--ϯ-->
		<mark id="sTok424" xlink:href="#xpointer(string-range(//body,'',1543,1))"/>
		<!--ϣⲓⲡⲉ-->
		<mark id="sTok425" xlink:href="#xpointer(string-range(//body,'',1545,4))"/>
		<!--ⲛⲏ-->
		<mark id="sTok426" xlink:href="#xpointer(string-range(//body,'',1550,2))"/>
		<!--ⲧⲛ-->
		<mark id="sTok427" xlink:href="#xpointer(string-range(//body,'',1553,2))"/>
		<!--ⲁⲛ-->
		<mark id="sTok428" xlink:href="#xpointer(string-range(//body,'',1556,2))"/>
		<!--ⲉ-->
		<mark id="sTok429" xlink:href="#xpointer(string-range(//body,'',1559,1))"/>
		<!--ⲓ-->
		<mark id="sTok430" xlink:href="#xpointer(string-range(//body,'',1561,1))"/>
		<!--ⲥϩⲁⲓ-->
		<mark id="sTok431" xlink:href="#xpointer(string-range(//body,'',1563,4))"/>
		<!--ⲛⲏ-->
		<mark id="sTok432" xlink:href="#xpointer(string-range(//body,'',1568,2))"/>
		<!--ⲧⲛ-->
		<mark id="sTok433" xlink:href="#xpointer(string-range(//body,'',1571,2))"/>
		<!--ⲛ-->
		<mark id="sTok434" xlink:href="#xpointer(string-range(//body,'',1574,1))"/>
		<!--ⲛⲁⲓ-->
		<mark id="sTok435" xlink:href="#xpointer(string-range(//body,'',1576,3))"/>
		<!--.-->
		<mark id="sTok436" xlink:href="#xpointer(string-range(//body,'',1580,1))"/>
		<!--ⲁⲗⲗⲁ-->
		<mark id="sTok437" xlink:href="#xpointer(string-range(//body,'',1582,4))"/>
		<!--ⲉ-->
		<mark id="sTok438" xlink:href="#xpointer(string-range(//body,'',1587,1))"/>
		<!--ⲓ-->
		<mark id="sTok439" xlink:href="#xpointer(string-range(//body,'',1589,1))"/>
		<!--ϯ-->
		<mark id="sTok440" xlink:href="#xpointer(string-range(//body,'',1591,1))"/>
		<!--ⲥⲃⲱ-->
		<mark id="sTok441" xlink:href="#xpointer(string-range(//body,'',1593,3))"/>
		<!--ⲛⲏ-->
		<mark id="sTok442" xlink:href="#xpointer(string-range(//body,'',1597,2))"/>
		<!--ⲧⲛ-->
		<mark id="sTok443" xlink:href="#xpointer(string-range(//body,'',1600,2))"/>
		<!--ϩⲱⲥ-->
		<mark id="sTok444" xlink:href="#xpointer(string-range(//body,'',1603,3))"/>
		<!--ϣⲏⲣⲉ-->
		<mark id="sTok445" xlink:href="#xpointer(string-range(//body,'',1607,4))"/>
		<!--ⲙ-->
		<mark id="sTok446" xlink:href="#xpointer(string-range(//body,'',1612,1))"/>
		<!--ⲙⲉⲣⲓⲧ-->
		<mark id="sTok447" xlink:href="#xpointer(string-range(//body,'',1614,5))"/>
		<!--.-->
		<mark id="sTok448" xlink:href="#xpointer(string-range(//body,'',1620,1))"/>
		<!--ⲕⲁⲛ-->
		<mark id="sTok449" xlink:href="#xpointer(string-range(//body,'',1622,3))"/>
		<!--ⲉϣⲱⲡⲉ-->
		<mark id="sTok450" xlink:href="#xpointer(string-range(//body,'',1626,5))"/>
		<!--ⲟⲩⲛⲧⲏ-->
		<mark id="sTok451" xlink:href="#xpointer(string-range(//body,'',1632,5))"/>
		<!--ⲧⲛ-->
		<mark id="sTok452" xlink:href="#xpointer(string-range(//body,'',1638,2))"/>
		<!--ⲙⲙⲁⲩ-->
		<mark id="sTok453" xlink:href="#xpointer(string-range(//body,'',1641,4))"/>
		<!--ⲛ-->
		<mark id="sTok454" xlink:href="#xpointer(string-range(//body,'',1646,1))"/>
		<!--ⲟⲩ-->
		<mark id="sTok455" xlink:href="#xpointer(string-range(//body,'',1648,2))"/>
		<!--ⲧⲃⲁ-->
		<mark id="sTok456" xlink:href="#xpointer(string-range(//body,'',1651,3))"/>
		<!--ⲙ-->
		<mark id="sTok457" xlink:href="#xpointer(string-range(//body,'',1655,1))"/>
		<!--ⲡⲁⲓⲇⲁⲅⲱⲅⲟⲥ-->
		<mark id="sTok458" xlink:href="#xpointer(string-range(//body,'',1657,10))"/>
		<!--ϩⲙ-->
		<mark id="sTok459" xlink:href="#xpointer(string-range(//body,'',1668,2))"/>
		<!--ⲡⲉ-->
		<mark id="sTok460" xlink:href="#xpointer(string-range(//body,'',1671,2))"/>
		<!--ⲭⲣⲓⲥⲧⲟⲥ-->
		<mark id="sTok461" xlink:href="#xpointer(string-range(//body,'',1674,7))"/>
		<!--.-->
		<mark id="sTok462" xlink:href="#xpointer(string-range(//body,'',1682,1))"/>
		<!--ⲁⲗⲗⲁ-->
		<mark id="sTok463" xlink:href="#xpointer(string-range(//body,'',1684,4))"/>
		<!--ⲛ-->
		<mark id="sTok464" xlink:href="#xpointer(string-range(//body,'',1689,1))"/>
		<!--ϩⲁϩ-->
		<mark id="sTok465" xlink:href="#xpointer(string-range(//body,'',1691,3))"/>
		<!--ⲛ-->
		<mark id="sTok466" xlink:href="#xpointer(string-range(//body,'',1695,1))"/>
		<!--ⲉⲓⲱⲧ-->
		<mark id="sTok467" xlink:href="#xpointer(string-range(//body,'',1697,4))"/>
		<!--ⲁⲛ-->
		<mark id="sTok468" xlink:href="#xpointer(string-range(//body,'',1702,2))"/>
		<!--.-->
		<mark id="sTok469" xlink:href="#xpointer(string-range(//body,'',1705,1))"/>
		<!--ⲁⲛⲟⲕ-->
		<mark id="sTok470" xlink:href="#xpointer(string-range(//body,'',1707,4))"/>
		<!--ⲅⲁⲣ-->
		<mark id="sTok471" xlink:href="#xpointer(string-range(//body,'',1712,3))"/>
		<!--ⲁ-->
		<mark id="sTok472" xlink:href="#xpointer(string-range(//body,'',1716,1))"/>
		<!--ⲓ-->
		<mark id="sTok473" xlink:href="#xpointer(string-range(//body,'',1718,1))"/>
		<!--ϫⲡⲉ-->
		<mark id="sTok474" xlink:href="#xpointer(string-range(//body,'',1720,3))"/>
		<!--ⲧⲏⲩⲧⲛ-->
		<mark id="sTok475" xlink:href="#xpointer(string-range(//body,'',1724,5))"/>
		<!--ϩⲙ-->
		<mark id="sTok476" xlink:href="#xpointer(string-range(//body,'',1730,2))"/>
		<!--ⲡⲉ-->
		<mark id="sTok477" xlink:href="#xpointer(string-range(//body,'',1733,2))"/>
		<!--ⲭⲣⲓⲥⲧⲟⲥ-->
		<mark id="sTok478" xlink:href="#xpointer(string-range(//body,'',1736,7))"/>
		<!--ⲓⲏⲥⲟⲩⲥ-->
		<mark id="sTok479" xlink:href="#xpointer(string-range(//body,'',1744,6))"/>
		<!--ϩⲓⲧⲙ-->
		<mark id="sTok480" xlink:href="#xpointer(string-range(//body,'',1751,4))"/>
		<!--ⲡ-->
		<mark id="sTok481" xlink:href="#xpointer(string-range(//body,'',1756,1))"/>
		<!--ⲉⲩⲁⲅⲅⲉⲗⲓⲟⲛ-->
		<mark id="sTok482" xlink:href="#xpointer(string-range(//body,'',1758,10))"/>
		<!--.-->
		<mark id="sTok483" xlink:href="#xpointer(string-range(//body,'',1769,1))"/>
		<!--ϯ-->
		<mark id="sTok484" xlink:href="#xpointer(string-range(//body,'',1771,1))"/>
		<!--ⲡⲁⲣⲁⲕⲁⲗⲉⲓ-->
		<mark id="sTok485" xlink:href="#xpointer(string-range(//body,'',1773,9))"/>
		<!--ϭⲉ-->
		<mark id="sTok486" xlink:href="#xpointer(string-range(//body,'',1783,2))"/>
		<!--ⲙⲙⲱ-->
		<mark id="sTok487" xlink:href="#xpointer(string-range(//body,'',1786,3))"/>
		<!--ⲧⲛ-->
		<mark id="sTok488" xlink:href="#xpointer(string-range(//body,'',1790,2))"/>
		<!--ⲧⲛⲧⲛ-->
		<mark id="sTok489" xlink:href="#xpointer(string-range(//body,'',1793,4))"/>
		<!--ⲧⲏⲩⲧⲛ-->
		<mark id="sTok490" xlink:href="#xpointer(string-range(//body,'',1798,5))"/>
		<!--ⲉⲣⲟ-->
		<mark id="sTok491" xlink:href="#xpointer(string-range(//body,'',1804,3))"/>
		<!--ⲓ-->
		<mark id="sTok492" xlink:href="#xpointer(string-range(//body,'',1808,1))"/>
		<!--.-->
		<mark id="sTok493" xlink:href="#xpointer(string-range(//body,'',1810,1))"/>
		<!--ⲉⲧⲃⲉ-->
		<mark id="sTok494" xlink:href="#xpointer(string-range(//body,'',1812,4))"/>
		<!--ⲡⲁⲓ-->
		<mark id="sTok495" xlink:href="#xpointer(string-range(//body,'',1817,3))"/>
		<!--ⲁ-->
		<mark id="sTok496" xlink:href="#xpointer(string-range(//body,'',1821,1))"/>
		<!--ⲓ‎-->
		<mark id="sTok497" xlink:href="#xpointer(string-range(//body,'',1823,2))"/>
		<!--ⲧⲛⲛⲉⲩ-->
		<mark id="sTok498" xlink:href="#xpointer(string-range(//body,'',1826,5))"/>
		<!--ⲧⲓⲙⲟⲑⲉⲟⲥ-->
		<mark id="sTok499" xlink:href="#xpointer(string-range(//body,'',1832,8))"/>
		<!--ⲛⲏ-->
		<mark id="sTok500" xlink:href="#xpointer(string-range(//body,'',1841,2))"/>
		<!--ⲧⲛ-->
		<mark id="sTok501" xlink:href="#xpointer(string-range(//body,'',1844,2))"/>
		<!--ⲉⲧⲉ-->
		<mark id="sTok502" xlink:href="#xpointer(string-range(//body,'',1847,3))"/>
		<!--ⲡⲁⲓ-->
		<mark id="sTok503" xlink:href="#xpointer(string-range(//body,'',1851,3))"/>
		<!--ⲡⲉ-->
		<mark id="sTok504" xlink:href="#xpointer(string-range(//body,'',1855,2))"/>
		<!--ⲡⲁ-->
		<mark id="sTok505" xlink:href="#xpointer(string-range(//body,'',1858,2))"/>
		<!--ϣⲏⲣⲉ-->
		<mark id="sTok506" xlink:href="#xpointer(string-range(//body,'',1861,4))"/>
		<!--ⲙ-->
		<mark id="sTok507" xlink:href="#xpointer(string-range(//body,'',1866,1))"/>
		<!--ⲙⲉⲣⲓⲧ-->
		<mark id="sTok508" xlink:href="#xpointer(string-range(//body,'',1868,5))"/>
		<!--ⲁⲩⲱ-->
		<mark id="sTok509" xlink:href="#xpointer(string-range(//body,'',1874,3))"/>
		<!--ⲙ-->
		<mark id="sTok510" xlink:href="#xpointer(string-range(//body,'',1878,1))"/>
		<!--ⲡⲓⲥⲧⲟⲥ-->
		<mark id="sTok511" xlink:href="#xpointer(string-range(//body,'',1880,6))"/>
		<!--ϩⲙ-->
		<mark id="sTok512" xlink:href="#xpointer(string-range(//body,'',1887,2))"/>
		<!--ⲡ-->
		<mark id="sTok513" xlink:href="#xpointer(string-range(//body,'',1890,1))"/>
		<!--ϫⲟⲉⲓⲥ-->
		<mark id="sTok514" xlink:href="#xpointer(string-range(//body,'',1892,5))"/>
		<!--ⲡⲁⲓ-->
		<mark id="sTok515" xlink:href="#xpointer(string-range(//body,'',1898,3))"/>
		<!--ⲉⲧ-->
		<mark id="sTok516" xlink:href="#xpointer(string-range(//body,'',1902,2))"/>
		<!--ⲛⲁ-->
		<mark id="sTok517" xlink:href="#xpointer(string-range(//body,'',1905,2))"/>
		<!--ⲧⲣⲉ-->
		<mark id="sTok518" xlink:href="#xpointer(string-range(//body,'',1908,3))"/>
		<!--ⲧⲛ-->
		<mark id="sTok519" xlink:href="#xpointer(string-range(//body,'',1912,2))"/>
		<!--ⲣ-->
		<mark id="sTok520" xlink:href="#xpointer(string-range(//body,'',1915,1))"/>
		<!--ⲡ-->
		<mark id="sTok521" xlink:href="#xpointer(string-range(//body,'',1917,1))"/>
		<!--ⲙⲉⲉⲩⲉ-->
		<mark id="sTok522" xlink:href="#xpointer(string-range(//body,'',1919,5))"/>
		<!--ⲛ-->
		<mark id="sTok523" xlink:href="#xpointer(string-range(//body,'',1925,1))"/>
		<!--ⲛⲁ-->
		<mark id="sTok524" xlink:href="#xpointer(string-range(//body,'',1927,2))"/>
		<!--ϩⲓⲟⲟⲩⲉ-->
		<mark id="sTok525" xlink:href="#xpointer(string-range(//body,'',1930,6))"/>
		<!--ⲉⲧ-->
		<mark id="sTok526" xlink:href="#xpointer(string-range(//body,'',1937,2))"/>
		<!--ϩⲙ-->
		<mark id="sTok527" xlink:href="#xpointer(string-range(//body,'',1940,2))"/>
		<!--ⲡⲉ-->
		<mark id="sTok528" xlink:href="#xpointer(string-range(//body,'',1943,2))"/>
		<!--ⲭⲣⲓⲥⲧⲟⲥ-->
		<mark id="sTok529" xlink:href="#xpointer(string-range(//body,'',1946,7))"/>
		<!--ⲛ-->
		<mark id="sTok530" xlink:href="#xpointer(string-range(//body,'',1954,1))"/>
		<!--ⲧ-->
		<mark id="sTok531" xlink:href="#xpointer(string-range(//body,'',1956,1))"/>
		<!--ϩⲉ-->
		<mark id="sTok532" xlink:href="#xpointer(string-range(//body,'',1958,2))"/>
		<!--ⲉ-->
		<mark id="sTok533" xlink:href="#xpointer(string-range(//body,'',1961,1))"/>
		<!--ϯ-->
		<mark id="sTok534" xlink:href="#xpointer(string-range(//body,'',1963,1))"/>
		<!--ϯ-->
		<mark id="sTok535" xlink:href="#xpointer(string-range(//body,'',1965,1))"/>
		<!--ⲥⲃⲱ-->
		<mark id="sTok536" xlink:href="#xpointer(string-range(//body,'',1967,3))"/>
		<!--ⲙⲙⲟ-->
		<mark id="sTok537" xlink:href="#xpointer(string-range(//body,'',1971,3))"/>
		<!--ⲥ-->
		<mark id="sTok538" xlink:href="#xpointer(string-range(//body,'',1975,1))"/>
		<!--ϩⲛ-->
		<mark id="sTok539" xlink:href="#xpointer(string-range(//body,'',1977,2))"/>
		<!--ⲛ-->
		<mark id="sTok540" xlink:href="#xpointer(string-range(//body,'',1980,1))"/>
		<!--ⲉⲕⲕⲗⲏⲥⲓⲁ-->
		<mark id="sTok541" xlink:href="#xpointer(string-range(//body,'',1982,8))"/>
		<!--ⲧⲏⲣ-->
		<mark id="sTok542" xlink:href="#xpointer(string-range(//body,'',1991,3))"/>
		<!--ⲟⲩ-->
		<mark id="sTok543" xlink:href="#xpointer(string-range(//body,'',1995,2))"/>
		<!--ϩⲙ-->
		<mark id="sTok544" xlink:href="#xpointer(string-range(//body,'',1998,2))"/>
		<!--ⲙⲁ-->
		<mark id="sTok545" xlink:href="#xpointer(string-range(//body,'',2001,2))"/>
		<!--ⲛⲓⲙ-->
		<mark id="sTok546" xlink:href="#xpointer(string-range(//body,'',2004,3))"/>
		<!--.-->
		<mark id="sTok547" xlink:href="#xpointer(string-range(//body,'',2008,1))"/>
		<!--ϩⲱⲥ-->
		<mark id="sTok548" xlink:href="#xpointer(string-range(//body,'',2010,3))"/>
		<!--ⲉ-->
		<mark id="sTok549" xlink:href="#xpointer(string-range(//body,'',2014,1))"/>
		<!--ⲛ-->
		<mark id="sTok550" xlink:href="#xpointer(string-range(//body,'',2016,1))"/>
		<!--ϯ-->
		<mark id="sTok551" xlink:href="#xpointer(string-range(//body,'',2018,1))"/>
		<!--ⲛⲏⲩ-->
		<mark id="sTok552" xlink:href="#xpointer(string-range(//body,'',2020,3))"/>
		<!--ⲇⲉ-->
		<mark id="sTok553" xlink:href="#xpointer(string-range(//body,'',2024,2))"/>
		<!--ⲁⲛ-->
		<mark id="sTok554" xlink:href="#xpointer(string-range(//body,'',2027,2))"/>
		<!--ϣⲁⲣⲱ-->
		<mark id="sTok555" xlink:href="#xpointer(string-range(//body,'',2030,4))"/>
		<!--ⲧⲛ-->
		<mark id="sTok556" xlink:href="#xpointer(string-range(//body,'',2035,2))"/>
		<!--ⲁ-->
		<mark id="sTok557" xlink:href="#xpointer(string-range(//body,'',2038,1))"/>
		<!--ϩⲟⲓⲛⲉ-->
		<mark id="sTok558" xlink:href="#xpointer(string-range(//body,'',2040,5))"/>
		<!--ϫⲓⲥⲉ-->
		<mark id="sTok559" xlink:href="#xpointer(string-range(//body,'',2046,4))"/>
		<!--ⲛ-->
		<mark id="sTok560" xlink:href="#xpointer(string-range(//body,'',2051,1))"/>
		<!--ϩⲏⲧ-->
		<mark id="sTok561" xlink:href="#xpointer(string-range(//body,'',2053,3))"/>
		<!--ϯ-->
		<mark id="sTok562" xlink:href="#xpointer(string-range(//body,'',2057,1))"/>
		<!--ⲛⲏⲩ-->
		<mark id="sTok563" xlink:href="#xpointer(string-range(//body,'',2059,3))"/>
		<!--ⲇⲉ-->
		<mark id="sTok564" xlink:href="#xpointer(string-range(//body,'',2063,2))"/>
		<!--ϣⲁⲣⲱ-->
		<mark id="sTok565" xlink:href="#xpointer(string-range(//body,'',2066,4))"/>
		<!--ⲧⲛ-->
		<mark id="sTok566" xlink:href="#xpointer(string-range(//body,'',2071,2))"/>
		<!--ϩⲛ-->
		<mark id="sTok567" xlink:href="#xpointer(string-range(//body,'',2074,2))"/>
		<!--ⲟⲩ-->
		<mark id="sTok568" xlink:href="#xpointer(string-range(//body,'',2077,2))"/>
		<!--ϭⲉⲡⲏ-->
		<mark id="sTok569" xlink:href="#xpointer(string-range(//body,'',2080,4))"/>
		<!--ⲉⲣϣⲁⲛ-->
		<mark id="sTok570" xlink:href="#xpointer(string-range(//body,'',2085,5))"/>
		<!--ⲡ-->
		<mark id="sTok571" xlink:href="#xpointer(string-range(//body,'',2091,1))"/>
		<!--ϫⲟⲉⲓⲥ-->
		<mark id="sTok572" xlink:href="#xpointer(string-range(//body,'',2093,5))"/>
		<!--ⲣ-->
		<mark id="sTok573" xlink:href="#xpointer(string-range(//body,'',2099,1))"/>
		<!--ϩⲛⲁ-->
		<mark id="sTok574" xlink:href="#xpointer(string-range(//body,'',2101,3))"/>
		<!--ϥ-->
		<mark id="sTok575" xlink:href="#xpointer(string-range(//body,'',2105,1))"/>
		<!--.-->
		<mark id="sTok576" xlink:href="#xpointer(string-range(//body,'',2107,1))"/>
		<!--ⲛ-->
		<mark id="sTok577" xlink:href="#xpointer(string-range(//body,'',2109,1))"/>
		<!--ⲧⲁ-->
		<mark id="sTok578" xlink:href="#xpointer(string-range(//body,'',2111,2))"/>
		<!--ⲉⲓⲙⲉ-->
		<mark id="sTok579" xlink:href="#xpointer(string-range(//body,'',2114,4))"/>
		<!--ⲁⲛ-->
		<mark id="sTok580" xlink:href="#xpointer(string-range(//body,'',2119,2))"/>
		<!--ⲉ-->
		<mark id="sTok581" xlink:href="#xpointer(string-range(//body,'',2122,1))"/>
		<!--ⲡ-->
		<mark id="sTok582" xlink:href="#xpointer(string-range(//body,'',2124,1))"/>
		<!--ϣⲁϫⲉ-->
		<mark id="sTok583" xlink:href="#xpointer(string-range(//body,'',2126,4))"/>
		<!--ⲛ-->
		<mark id="sTok584" xlink:href="#xpointer(string-range(//body,'',2131,1))"/>
		<!--ⲛ-->
		<mark id="sTok585" xlink:href="#xpointer(string-range(//body,'',2133,1))"/>
		<!--ⲉⲧ-->
		<mark id="sTok586" xlink:href="#xpointer(string-range(//body,'',2135,2))"/>
		<!--ϫⲟⲥⲉ-->
		<mark id="sTok587" xlink:href="#xpointer(string-range(//body,'',2138,4))"/>
		<!--ⲛ-->
		<mark id="sTok588" xlink:href="#xpointer(string-range(//body,'',2143,1))"/>
		<!--ϩⲏⲧ-->
		<mark id="sTok589" xlink:href="#xpointer(string-range(//body,'',2145,3))"/>
		<!--.-->
		<mark id="sTok590" xlink:href="#xpointer(string-range(//body,'',2149,1))"/>
		<!--ⲁⲗⲗⲁ-->
		<mark id="sTok591" xlink:href="#xpointer(string-range(//body,'',2151,4))"/>
		<!--ⲧⲉⲩ-->
		<mark id="sTok592" xlink:href="#xpointer(string-range(//body,'',2156,3))"/>
		<!--ϭⲟⲙ-->
		<mark id="sTok593" xlink:href="#xpointer(string-range(//body,'',2160,3))"/>
		<!--.-->
		<mark id="sTok594" xlink:href="#xpointer(string-range(//body,'',2164,1))"/>
		<!--ⲧ-->
		<mark id="sTok595" xlink:href="#xpointer(string-range(//body,'',2166,1))"/>
		<!--ⲙⲛⲧ-->
		<mark id="sTok596" xlink:href="#xpointer(string-range(//body,'',2168,3))"/>
		<!--ⲣⲣⲟ-->
		<mark id="sTok597" xlink:href="#xpointer(string-range(//body,'',2172,3))"/>
		<!--ⲅⲁⲣ-->
		<mark id="sTok598" xlink:href="#xpointer(string-range(//body,'',2176,3))"/>
		<!--ⲙ-->
		<mark id="sTok599" xlink:href="#xpointer(string-range(//body,'',2180,1))"/>
		<!--ⲡ-->
		<mark id="sTok600" xlink:href="#xpointer(string-range(//body,'',2182,1))"/>
		<!--ⲛⲟⲩⲧⲉ-->
		<mark id="sTok601" xlink:href="#xpointer(string-range(//body,'',2184,5))"/>
		<!--ⲛ-->
		<mark id="sTok602" xlink:href="#xpointer(string-range(//body,'',2190,1))"/>
		<!--ⲉ-->
		<mark id="sTok603" xlink:href="#xpointer(string-range(//body,'',2192,1))"/>
		<!--ⲥ-->
		<mark id="sTok604" xlink:href="#xpointer(string-range(//body,'',2194,1))"/>
		<!--ϩⲛ-->
		<mark id="sTok605" xlink:href="#xpointer(string-range(//body,'',2196,2))"/>
		<!--ϣⲁϫⲉ-->
		<mark id="sTok606" xlink:href="#xpointer(string-range(//body,'',2199,4))"/>
		<!--ⲁⲛ-->
		<mark id="sTok607" xlink:href="#xpointer(string-range(//body,'',2204,2))"/>
		<!--.-->
		<mark id="sTok608" xlink:href="#xpointer(string-range(//body,'',2207,1))"/>
		<!--ⲁⲗⲗⲁ-->
		<mark id="sTok609" xlink:href="#xpointer(string-range(//body,'',2209,4))"/>
		<!--ϩⲛ-->
		<mark id="sTok610" xlink:href="#xpointer(string-range(//body,'',2214,2))"/>
		<!--ⲟⲩ-->
		<mark id="sTok611" xlink:href="#xpointer(string-range(//body,'',2217,2))"/>
		<!--ϭⲟⲙ-->
		<mark id="sTok612" xlink:href="#xpointer(string-range(//body,'',2220,3))"/>
		<!--.-->
		<mark id="sTok613" xlink:href="#xpointer(string-range(//body,'',2224,1))"/>
		<!--ⲟⲩ-->
		<mark id="sTok614" xlink:href="#xpointer(string-range(//body,'',2226,2))"/>
		<!--ⲡ-->
		<mark id="sTok615" xlink:href="#xpointer(string-range(//body,'',2229,1))"/>
		<!--ⲉⲧⲉ-->
		<mark id="sTok616" xlink:href="#xpointer(string-range(//body,'',2231,3))"/>
		<!--ⲧⲛ-->
		<mark id="sTok617" xlink:href="#xpointer(string-range(//body,'',2235,2))"/>
		<!--ⲟⲩⲁϣ-->
		<mark id="sTok618" xlink:href="#xpointer(string-range(//body,'',2238,4))"/>
		<!--ϥ-->
		<mark id="sTok619" xlink:href="#xpointer(string-range(//body,'',2243,1))"/>
		<!--.-->
		<mark id="sTok620" xlink:href="#xpointer(string-range(//body,'',2245,1))"/>
		<!--ⲧⲁ-->
		<mark id="sTok621" xlink:href="#xpointer(string-range(//body,'',2247,2))"/>
		<!--ⲉⲓ-->
		<mark id="sTok622" xlink:href="#xpointer(string-range(//body,'',2250,2))"/>
		<!--ϣⲁⲣⲱ-->
		<mark id="sTok623" xlink:href="#xpointer(string-range(//body,'',2253,4))"/>
		<!--ⲧⲛ-->
		<mark id="sTok624" xlink:href="#xpointer(string-range(//body,'',2258,2))"/>
		<!--ϩⲛ-->
		<mark id="sTok625" xlink:href="#xpointer(string-range(//body,'',2261,2))"/>
		<!--ⲟⲩ-->
		<mark id="sTok626" xlink:href="#xpointer(string-range(//body,'',2264,2))"/>
		<!--ϭⲉⲣⲱⲃ-->
		<mark id="sTok627" xlink:href="#xpointer(string-range(//body,'',2267,5))"/>
		<!--ϫⲛ-->
		<mark id="sTok628" xlink:href="#xpointer(string-range(//body,'',2273,2))"/>
		<!--ϩⲛ-->
		<mark id="sTok629" xlink:href="#xpointer(string-range(//body,'',2276,2))"/>
		<!--ⲟⲩ-->
		<mark id="sTok630" xlink:href="#xpointer(string-range(//body,'',2279,2))"/>
		<!--ⲁⲅⲁⲡⲏ-->
		<mark id="sTok631" xlink:href="#xpointer(string-range(//body,'',2282,5))"/>
		<!--ⲙⲛ-->
		<mark id="sTok632" xlink:href="#xpointer(string-range(//body,'',2288,2))"/>
		<!--ⲟⲩ-->
		<mark id="sTok633" xlink:href="#xpointer(string-range(//body,'',2291,2))"/>
		<!--ⲡⲛⲉⲩⲙⲁ-->
		<mark id="sTok634" xlink:href="#xpointer(string-range(//body,'',2294,6))"/>
		<!--ⲙ-->
		<mark id="sTok635" xlink:href="#xpointer(string-range(//body,'',2301,1))"/>
		<!--ⲙⲛⲧ-->
		<mark id="sTok636" xlink:href="#xpointer(string-range(//body,'',2303,3))"/>
		<!--ⲣⲙ-->
		<mark id="sTok637" xlink:href="#xpointer(string-range(//body,'',2307,2))"/>
		<!--ⲣⲁϣ-->
		<mark id="sTok638" xlink:href="#xpointer(string-range(//body,'',2310,3))"/>
		<!--.-->
		<mark id="sTok639" xlink:href="#xpointer(string-range(//body,'',2314,1))"/></markList></paula>