<?xml version='1.0' encoding='UTF-8'?><!DOCTYPE paula SYSTEM "paula_feat.dtd">
<paula version="1.1">
	<header paula_id="scriptorium.1Cor_04.mark_lang"/>
	<featList xmlns:xlink="http://www.w3.org/1999/xlink" type="lang" xml:base="scriptorium.1Cor_04.mark.xml">
		<feat xlink:href="#sSpan39" value="Greek"/>
		<feat xlink:href="#sSpan44" value="Greek"/>
		<feat xlink:href="#sSpan57" value="Greek"/>
		<feat xlink:href="#sSpan73" value="Greek"/>
		<feat xlink:href="#sSpan83" value="Greek"/>
		<feat xlink:href="#sSpan135" value="Greek"/>
		<feat xlink:href="#sSpan156" value="Greek"/>
		<feat xlink:href="#sSpan172" value="Greek"/>
		<feat xlink:href="#sSpan182" value="Greek"/>
		<feat xlink:href="#sSpan203" value="Greek"/>
		<feat xlink:href="#sSpan222" value="Greek"/>
		<feat xlink:href="#sSpan247" value="Greek"/>
		<feat xlink:href="#sSpan252" value="Greek"/>
		<feat xlink:href="#sSpan267" value="Greek"/>
		<feat xlink:href="#sSpan297" value="Greek"/>
		<feat xlink:href="#sSpan330" value="Greek"/>
		<feat xlink:href="#sSpan367" value="Greek"/>
		<feat xlink:href="#sSpan370" value="Greek"/>
		<feat xlink:href="#sSpan396" value="Greek"/>
		<feat xlink:href="#sSpan410" value="Greek"/>
		<feat xlink:href="#sSpan488" value="Greek"/>
		<feat xlink:href="#sSpan530" value="Greek"/>
		<feat xlink:href="#sSpan591" value="Greek"/>
		<feat xlink:href="#sSpan636" value="Greek"/>
		<feat xlink:href="#sSpan733" value="Greek"/>
		<feat xlink:href="#sSpan745" value="Greek"/>
		<feat xlink:href="#sSpan754" value="Greek"/>
		<feat xlink:href="#sSpan820" value="Greek"/>
		<feat xlink:href="#sSpan839" value="Greek"/>
		<feat xlink:href="#sSpan855" value="Greek"/>
		<feat xlink:href="#sSpan892" value="Greek"/>
		<feat xlink:href="#sSpan947" value="Greek"/>
		<feat xlink:href="#sSpan974" value="Greek"/>
		<feat xlink:href="#sSpan999" value="Greek"/>
		<feat xlink:href="#sSpan1020" value="Greek"/>
		<feat xlink:href="#sSpan1031" value="Greek"/>
		<feat xlink:href="#sSpan1045" value="Greek"/>
		<feat xlink:href="#sSpan1087" value="Greek"/>
		<feat xlink:href="#sSpan1094" value="Greek"/>
		<feat xlink:href="#sSpan1117" value="Greek"/>
		<feat xlink:href="#sSpan1134" value="Greek"/>
		<feat xlink:href="#sSpan1159" value="Greek"/>
		<feat xlink:href="#sSpan1170" value="Greek"/>
		<feat xlink:href="#sSpan1217" value="Greek"/>
		<feat xlink:href="#sSpan1316" value="Greek"/>
		<feat xlink:href="#sSpan1359" value="Greek"/>
		<feat xlink:href="#sSpan1383" value="Greek"/>
		<feat xlink:href="#sSpan1393" value="Greek"/>
		<feat xlink:href="#sSpan1490" value="Greek"/>
		<feat xlink:href="#sSpan1511" value="Greek"/>
		<feat xlink:href="#sSpan1531" value="Greek"/>
		<feat xlink:href="#sSpan1568" value="Greek"/>
		<feat xlink:href="#sSpan1578" value="Greek"/>
		<feat xlink:href="#sSpan1585" value="Greek"/>
		<feat xlink:href="#sSpan1615" value="Greek"/>
		<feat xlink:href="#sSpan1637" value="Greek"/>
		<feat xlink:href="#sSpan1640" value="Hebrew"/>
		<feat xlink:href="#sSpan1652" value="Greek"/>
		<feat xlink:href="#sSpan1668" value="Greek"/>
		<feat xlink:href="#sSpan1719" value="Greek"/>
		<feat xlink:href="#sSpan1759" value="Greek"/>
		<feat xlink:href="#sSpan1809" value="Greek"/>
		<feat xlink:href="#sSpan1844" value="Greek"/>
		<feat xlink:href="#sSpan1868" value="Greek"/>
		<feat xlink:href="#sSpan1888" value="Greek"/>
		<feat xlink:href="#sSpan1931" value="Greek"/>
		<feat xlink:href="#sSpan2015" value="Greek"/>
		<feat xlink:href="#sSpan2045" value="Greek"/>
		<feat xlink:href="#sSpan2080" value="Greek"/>
		<feat xlink:href="#sSpan2154" value="Greek"/>
		<feat xlink:href="#sSpan2164" value="Greek"/></featList></paula>