<?xml version='1.0' encoding='UTF-8'?><!DOCTYPE paula SYSTEM "paula_feat.dtd">
<paula version="1.1">
	<header paula_id="scriptorium.1Cor_04.mark_verse_vid"/>
	<featList xmlns:xlink="http://www.w3.org/1999/xlink" type="verse_vid" xml:base="scriptorium.1Cor_04.mark.xml">
		<feat xlink:href="#sSpan7" value="46N 4:1"/>
		<feat xlink:href="#sSpan104" value="46N 4:2"/>
		<feat xlink:href="#sSpan168" value="46N 4:3"/>
		<feat xlink:href="#sSpan289" value="46N 4:4"/>
		<feat xlink:href="#sSpan402" value="46N 4:5"/>
		<feat xlink:href="#sSpan586" value="46N 4:6"/>
		<feat xlink:href="#sSpan729" value="46N 4:7"/>
		<feat xlink:href="#sSpan845" value="46N 4:8"/>
		<feat xlink:href="#sSpan942" value="46N 4:9"/>
		<feat xlink:href="#sSpan1066" value="46N 4:10"/>
		<feat xlink:href="#sSpan1176" value="46N 4:11"/>
		<feat xlink:href="#sSpan1239" value="46N 4:12"/>
		<feat xlink:href="#sSpan1334" value="46N 4:13"/>
		<feat xlink:href="#sSpan1440" value="46N 4:14"/>
		<feat xlink:href="#sSpan1537" value="46N 4:15"/>
		<feat xlink:href="#sSpan1664" value="46N 4:16"/>
		<feat xlink:href="#sSpan1703" value="46N 4:17"/>
		<feat xlink:href="#sSpan1874" value="46N 4:18"/>
		<feat xlink:href="#sSpan1925" value="46N 4:19"/>
		<feat xlink:href="#sSpan2037" value="46N 4:20"/>
		<feat xlink:href="#sSpan2103" value="46N 4:21"/></featList></paula>