<?xml version='1.0' encoding='UTF-8'?><!DOCTYPE paula SYSTEM "paula_feat.dtd">
<paula version="1.1">
	<header paula_id="scriptorium.1Cor_04.mark_morph"/>
	<featList xmlns:xlink="http://www.w3.org/1999/xlink" type="morph" xml:base="scriptorium.1Cor_04.mark.xml">
		<feat xlink:href="#sSpan466" value="ⲣ"/>
		<feat xlink:href="#sSpan469" value="ⲟⲩⲟⲉⲓⲛ"/>
		<feat xlink:href="#sSpan672" value="ⲣ"/>
		<feat xlink:href="#sSpan675" value="ϩⲟⲩⲟ"/>
		<feat xlink:href="#sSpan866" value="ⲣ"/>
		<feat xlink:href="#sSpan869" value="ⲣⲙⲙⲁⲟ"/>
		<feat xlink:href="#sSpan882" value="ⲣ"/>
		<feat xlink:href="#sSpan885" value="ⲣⲣⲟ"/>
		<feat xlink:href="#sSpan905" value="ⲣ"/>
		<feat xlink:href="#sSpan908" value="ⲣⲣⲟ"/>
		<feat xlink:href="#sSpan917" value="ⲣ"/>
		<feat xlink:href="#sSpan920" value="ⲣⲣⲟ"/>
		<feat xlink:href="#sSpan1076" value="ⲣ"/>
		<feat xlink:href="#sSpan1079" value="ⲥⲟϭ"/>
		<feat xlink:href="#sSpan1205" value="ⲕⲏⲕ"/>
		<feat xlink:href="#sSpan1208" value="ⲁϩⲏⲩ"/>
		<feat xlink:href="#sSpan1213" value="ϯ"/>
		<feat xlink:href="#sSpan1216" value="ⲕⲗⲯ"/>
		<feat xlink:href="#sSpan1251" value="ⲣ"/>
		<feat xlink:href="#sSpan1254" value="ϩⲱⲃ"/>
		<feat xlink:href="#sSpan1341" value="ϫⲓ"/>
		<feat xlink:href="#sSpan1344" value="ⲟⲩⲁ"/>
		<feat xlink:href="#sSpan1402" value="ⲣ"/>
		<feat xlink:href="#sSpan1405" value="ϣϥⲉ"/>
		<feat xlink:href="#sSpan1451" value="ϯ"/>
		<feat xlink:href="#sSpan1454" value="ϣⲓⲡⲉ"/>
		<feat xlink:href="#sSpan1501" value="ϯ"/>
		<feat xlink:href="#sSpan1504" value="ⲥⲃⲱ"/>
		<feat xlink:href="#sSpan1827" value="ϯ"/>
		<feat xlink:href="#sSpan1830" value="ⲥⲃⲱ"/>
		<feat xlink:href="#sSpan2041" value="ⲙⲛⲧ"/>
		<feat xlink:href="#sSpan2044" value="ⲣⲣⲟ"/>
		<feat xlink:href="#sSpan2171" value="ⲙⲛⲧ"/>
		<feat xlink:href="#sSpan2174" value="ⲣⲙ"/>
		<feat xlink:href="#sSpan2175" value="ⲣⲁϣ"/></featList></paula>