<?xml version='1.0' encoding='UTF-8'?><!DOCTYPE paula SYSTEM "paula_feat.dtd">
<paula version="1.1">
	<header paula_id="scriptorium.1Cor_04.mark_translation"/>
	<featList xmlns:xlink="http://www.w3.org/1999/xlink" type="translation" xml:base="scriptorium.1Cor_04.mark.xml">
		<feat xlink:href="#sSpan9" value="So let a man think of us as Christ&amp;apos;s servants, and stewards of God&amp;apos;s mysteries."/>
		<feat xlink:href="#sSpan107" value="Here, moreover, it is required of stewards, that they be found faithful."/>
		<feat xlink:href="#sSpan170" value="But with me it is a very small thing that I should be judged by you, or by man&amp;apos;s judgment. Yes, I don&amp;apos;t judge my own self."/>
		<feat xlink:href="#sSpan291" value="For I know nothing against myself. Yet I am not justified by this, but he who judges me is the Lord."/>
		<feat xlink:href="#sSpan404" value="Therefore judge nothing before the time, until the Lord comes, who will both bring to light the hidden things of darkness, and reveal the counsels of the hearts. Then each man will get his praise from God."/>
		<feat xlink:href="#sSpan589" value="Now these things, brothers, I have in a figure transferred to myself and Apollos for your sakes, that in us you might learn not to think beyond the things which are written, that none of you be puffed up against one another."/>
		<feat xlink:href="#sSpan731" value="For who makes you different? And what do you have that you didn&amp;apos;t receive? But if you did receive it, why do you boast as if you had not received it?"/>
		<feat xlink:href="#sSpan847" value="You are already filled. You have already become rich. You have come to reign without us. Yes, and I wish that you did reign, that we also might reign with you."/>
		<feat xlink:href="#sSpan945" value="For, I think that God has displayed us, the apostles, last of all, like men sentenced to death. For we are made a spectacle to the world, both to angels and men."/>
		<feat xlink:href="#sSpan1068" value="We are fools for Christ&amp;apos;s sake, ·but you are wise in Christ. We are weak, but you are strong. You have honor, but we have dishonor."/>
		<feat xlink:href="#sSpan1178" value="Even to this present hour we hunger, thirst, are naked, are beaten, and have no certain dwelling place."/>
		<feat xlink:href="#sSpan1241" value="We toil, working with our own hands. When people curse us, we bless. Being persecuted, we endure."/>
		<feat xlink:href="#sSpan1337" value="Being defamed, we entreat. We are made as the filth of the world, the dirt wiped off by all, even until now."/>
		<feat xlink:href="#sSpan1443" value="I don&amp;apos;t write these things to shame you, but to admonish you as my beloved children."/>
		<feat xlink:href="#sSpan1539" value="For though you have ten thousand tutors in Christ, yet not many fathers. For in Christ Jesus, I became your father through the Good News."/>
		<feat xlink:href="#sSpan1666" value="I beg you therefore, be imitators of me."/>
		<feat xlink:href="#sSpan1706" value="Because of this I have sent Timothy to you, who is my beloved and faithful child in the Lord, who will remind you of my ways which are in Christ, even as I teach everywhere in every assembly."/>
		<feat xlink:href="#sSpan1876" value="Now some are puffed up, as though I were not coming to you."/>
		<feat xlink:href="#sSpan1927" value="But I will come to you shortly, if the Lord is willing. And I will know, not the word of those who are puffed up, but the power."/>
		<feat xlink:href="#sSpan2039" value="For the Kingdom of God is not in word, but in power."/>
		<feat xlink:href="#sSpan2105" value="What do you want? Shall I come to you with a rod, or in love and a spirit of gentleness?"/></featList></paula>