<?xml version='1.0' encoding='UTF-8'?><!DOCTYPE paula SYSTEM "paula_feat.dtd">
<paula version="1.1">
	<header paula_id="scriptorium.1Cor_04.mark_lemma"/>
	<featList xmlns:xlink="http://www.w3.org/1999/xlink" type="lemma" xml:base="scriptorium.1Cor_04.mark.xml">
		<feat xlink:href="#sSpan1" value="ⲡⲁⲓ"/>
		<feat xlink:href="#sSpan13" value="ⲡⲉ"/>
		<feat xlink:href="#sSpan17" value="ⲡ"/>
		<feat xlink:href="#sSpan22" value="ϩⲉ"/>
		<feat xlink:href="#sSpan24" value="ⲙⲁⲣⲉ"/>
		<feat xlink:href="#sSpan28" value="ⲡ"/>
		<feat xlink:href="#sSpan31" value="ⲣⲱⲙⲉ"/>
		<feat xlink:href="#sSpan33" value="ⲱⲡ"/>
		<feat xlink:href="#sSpan37" value="ⲁⲛⲟⲛ"/>
		<feat xlink:href="#sSpan40" value="ϩⲱⲥ"/>
		<feat xlink:href="#sSpan45" value="ϩⲩⲡⲏⲣⲉⲧⲏⲥ"/>
		<feat xlink:href="#sSpan50" value="ⲛ"/>
		<feat xlink:href="#sSpan54" value="ⲡ"/>
		<feat xlink:href="#sSpan58" value="ⲭⲣⲓⲥⲧⲟⲥ"/>
		<feat xlink:href="#sSpan60" value="."/>
		<feat xlink:href="#sSpan64" value="ⲁⲩⲱ"/>
		<feat xlink:href="#sSpan68" value="ⲡ"/>
		<feat xlink:href="#sSpan74" value="ⲟⲓⲕⲟⲛⲟⲙⲟⲥ"/>
		<feat xlink:href="#sSpan76" value="ⲛ"/>
		<feat xlink:href="#sSpan80" value="ⲡ"/>
		<feat xlink:href="#sSpan84" value="ⲙⲩⲥⲧⲏⲣⲓⲟⲛ"/>
		<feat xlink:href="#sSpan86" value="ⲛ"/>
		<feat xlink:href="#sSpan90" value="ⲡ"/>
		<feat xlink:href="#sSpan93" value="ⲛⲟⲩⲧⲉ"/>
		<feat xlink:href="#sSpan95" value="."/>
		<feat xlink:href="#sSpan99" value="ⲉⲣⲉ"/>
		<feat xlink:href="#sSpan109" value="ⲛⲧⲟⲟⲩ"/>
		<feat xlink:href="#sSpan111" value="ϣⲓⲛⲉ"/>
		<feat xlink:href="#sSpan113" value="ϭⲉ"/>
		<feat xlink:href="#sSpan117" value="ⲛ"/>
		<feat xlink:href="#sSpan121" value="ⲡⲉⲓ"/>
		<feat xlink:href="#sSpan124" value="ⲙⲁ"/>
		<feat xlink:href="#sSpan126" value="ϩⲛ"/>
		<feat xlink:href="#sSpan130" value="ⲡ"/>
		<feat xlink:href="#sSpan136" value="ⲟⲓⲕⲟⲛⲟⲙⲟⲥ"/>
		<feat xlink:href="#sSpan138" value="ϫⲉ"/>
		<feat xlink:href="#sSpan142" value="ⲉⲣⲉ_ⲛⲧⲟⲟⲩ"/>
		<feat xlink:href="#sSpan146" value="ϩⲉ"/>
		<feat xlink:href="#sSpan149" value="ⲉⲣⲉ"/>
		<feat xlink:href="#sSpan153" value="ⲛⲧⲟⲟⲩ"/>
		<feat xlink:href="#sSpan157" value="ⲡⲓⲥⲧⲟⲥ"/>
		<feat xlink:href="#sSpan159" value="."/>
		<feat xlink:href="#sSpan163" value="ⲁⲛⲟⲕ"/>
		<feat xlink:href="#sSpan173" value="ⲇⲉ"/>
		<feat xlink:href="#sSpan177" value="ⲟⲩ"/>
		<feat xlink:href="#sSpan183" value="ⲉⲗⲁⲭⲓⲥⲧⲟⲛ"/>
		<feat xlink:href="#sSpan185" value="ⲛⲁ"/>
		<feat xlink:href="#sSpan189" value="ⲁⲛⲟⲕ"/>
		<feat xlink:href="#sSpan191" value="ⲡⲉ"/>
		<feat xlink:href="#sSpan195" value="ⲉ"/>
		<feat xlink:href="#sSpan199" value="ⲧⲣⲉ"/>
		<feat xlink:href="#sSpan201" value="ⲛⲧⲟⲟⲩ"/>
		<feat xlink:href="#sSpan204" value="ⲁⲛⲁⲕⲣⲓⲛⲉ"/>
		<feat xlink:href="#sSpan206" value="ⲛ"/>
		<feat xlink:href="#sSpan210" value="ⲁⲛⲟⲕ"/>
		<feat xlink:href="#sSpan212" value="ϩⲓⲧⲛ"/>
		<feat xlink:href="#sSpan216" value="ⲛⲧⲱⲧⲛ"/>
		<feat xlink:href="#sSpan218" value="."/>
		<feat xlink:href="#sSpan223" value="ⲏ"/>
		<feat xlink:href="#sSpan227" value="ϩⲓⲧⲛ"/>
		<feat xlink:href="#sSpan231" value="ⲟⲩ"/>
		<feat xlink:href="#sSpan234" value="ϩⲟⲟⲩ"/>
		<feat xlink:href="#sSpan236" value="ⲛ"/>
		<feat xlink:href="#sSpan240" value="ⲣⲱⲙⲉ"/>
		<feat xlink:href="#sSpan243" value="."/>
		<feat xlink:href="#sSpan248" value="ⲁⲗⲗⲁ"/>
		<feat xlink:href="#sSpan253" value="ⲟⲩⲇⲉ"/>
		<feat xlink:href="#sSpan257" value="ⲁⲛⲟⲕ"/>
		<feat xlink:href="#sSpan261" value="ⲛ"/>
		<feat xlink:href="#sSpan265" value="ⲁⲛⲟⲕ"/>
		<feat xlink:href="#sSpan268" value="ⲁⲛⲁⲕⲣⲓⲛⲉ"/>
		<feat xlink:href="#sSpan270" value="ⲛ"/>
		<feat xlink:href="#sSpan274" value="ⲁⲛⲟⲕ"/>
		<feat xlink:href="#sSpan276" value="ⲁⲛ"/>
		<feat xlink:href="#sSpan280" value="."/>
		<feat xlink:href="#sSpan284" value="ⲛ"/>
		<feat xlink:href="#sSpan293" value="ⲁⲛⲟⲕ"/>
		<feat xlink:href="#sSpan295" value="ⲥⲟⲟⲩⲛ"/>
		<feat xlink:href="#sSpan298" value="ⲅⲁⲣ"/>
		<feat xlink:href="#sSpan302" value="ⲁⲛ"/>
		<feat xlink:href="#sSpan306" value="ⲛ"/>
		<feat xlink:href="#sSpan310" value="ⲗⲁⲁⲩ"/>
		<feat xlink:href="#sSpan313" value="ⲉⲧⲉⲣⲉ"/>
		<feat xlink:href="#sSpan318" value="ⲁ"/>
		<feat xlink:href="#sSpan320" value="ⲁⲛⲟⲕ"/>
		<feat xlink:href="#sSpan322" value="ⲉⲓⲣⲉ"/>
		<feat xlink:href="#sSpan324" value="ⲛⲧⲟϥ"/>
		<feat xlink:href="#sSpan326" value="."/>
		<feat xlink:href="#sSpan331" value="ⲁⲗⲗⲁ"/>
		<feat xlink:href="#sSpan335" value="ⲛ"/>
		<feat xlink:href="#sSpan339" value="ⲉⲣⲉ"/>
		<feat xlink:href="#sSpan341" value="ⲁⲛⲟⲕ"/>
		<feat xlink:href="#sSpan343" value="ⲧⲙⲁⲉⲓⲟ"/>
		<feat xlink:href="#sSpan345" value="ⲁⲛ"/>
		<feat xlink:href="#sSpan349" value="ϩⲛ"/>
		<feat xlink:href="#sSpan353" value="ⲡⲁⲓ"/>
		<feat xlink:href="#sSpan356" value="."/>
		<feat xlink:href="#sSpan360" value="ⲡ"/>
		<feat xlink:href="#sSpan365" value="ⲉⲧⲉⲣⲉ"/>
		<feat xlink:href="#sSpan368" value="ⲁⲛⲁⲕⲣⲓⲛⲉ"/>
		<feat xlink:href="#sSpan371" value="ⲇⲉ"/>
		<feat xlink:href="#sSpan375" value="ⲛ"/>
		<feat xlink:href="#sSpan379" value="ⲁⲛⲟⲕ"/>
		<feat xlink:href="#sSpan381" value="ⲡⲉ"/>
		<feat xlink:href="#sSpan385" value="ⲡ"/>
		<feat xlink:href="#sSpan390" value="ϫⲟⲉⲓⲥ"/>
		<feat xlink:href="#sSpan392" value="."/>
		<feat xlink:href="#sSpan397" value="ϩⲱⲥⲧⲉ"/>
		<feat xlink:href="#sSpan406" value="ⲙⲡⲣ"/>
		<feat xlink:href="#sSpan411" value="ⲕⲣⲓⲛⲉ"/>
		<feat xlink:href="#sSpan413" value="ⲛ"/>
		<feat xlink:href="#sSpan417" value="ⲗⲁⲁⲩ"/>
		<feat xlink:href="#sSpan420" value="ϩⲁ"/>
		<feat xlink:href="#sSpan424" value="ⲡ"/>
		<feat xlink:href="#sSpan427" value="ϩⲏ"/>
		<feat xlink:href="#sSpan429" value="ⲛ"/>
		<feat xlink:href="#sSpan433" value="ⲡ"/>
		<feat xlink:href="#sSpan436" value="ⲟⲩⲟⲉⲓϣ"/>
		<feat xlink:href="#sSpan438" value="ϣⲁⲛⲧⲉ"/>
		<feat xlink:href="#sSpan442" value="ⲡ"/>
		<feat xlink:href="#sSpan445" value="ϫⲟⲉⲓⲥ"/>
		<feat xlink:href="#sSpan447" value="ⲉⲓ"/>
		<feat xlink:href="#sSpan451" value="."/>
		<feat xlink:href="#sSpan455" value="ⲡⲁⲓ"/>
		<feat xlink:href="#sSpan460" value="ⲉⲧⲉⲣⲉ"/>
		<feat xlink:href="#sSpan464" value="ⲛⲁ"/>
		<feat xlink:href="#sSpan467" value="ⲣⲟⲩⲟⲉⲓⲛ"/>
		<feat xlink:href="#sSpan470" value="ⲉ"/>
		<feat xlink:href="#sSpan474" value="ⲡ"/>
		<feat xlink:href="#sSpan477" value="ⲉⲧⲉⲣⲉ"/>
		<feat xlink:href="#sSpan479" value="ϩⲱⲡ"/>
		<feat xlink:href="#sSpan481" value="ϩⲛ"/>
		<feat xlink:href="#sSpan485" value="ⲡ"/>
		<feat xlink:href="#sSpan489" value="ⲕⲁⲕⲉ"/>
		<feat xlink:href="#sSpan491" value="ⲁⲩⲱ"/>
		<feat xlink:href="#sSpan495" value="ⲛⲧⲉ"/>
		<feat xlink:href="#sSpan499" value="ⲛⲧⲟϥ"/>
		<feat xlink:href="#sSpan501" value="ⲟⲩⲱⲛϩ"/>
		<feat xlink:href="#sSpan504" value="ⲉⲃⲟⲗ"/>
		<feat xlink:href="#sSpan508" value="ⲛ"/>
		<feat xlink:href="#sSpan512" value="ⲡ"/>
		<feat xlink:href="#sSpan515" value="ϣⲟϫⲛⲉ"/>
		<feat xlink:href="#sSpan517" value="ⲛ"/>
		<feat xlink:href="#sSpan521" value="ⲡ"/>
		<feat xlink:href="#sSpan524" value="ϩⲏⲧ"/>
		<feat xlink:href="#sSpan526" value="."/>
		<feat xlink:href="#sSpan531" value="ⲧⲟⲧⲉ"/>
		<feat xlink:href="#sSpan535" value="ⲡ"/>
		<feat xlink:href="#sSpan540" value="ⲧⲁⲉⲓⲟ"/>
		<feat xlink:href="#sSpan542" value="ⲛ"/>
		<feat xlink:href="#sSpan546" value="ⲡ"/>
		<feat xlink:href="#sSpan549" value="ⲟⲩⲁ"/>
		<feat xlink:href="#sSpan551" value="ⲡ"/>
		<feat xlink:href="#sSpan555" value="ⲟⲩⲁ"/>
		<feat xlink:href="#sSpan557" value="ⲛⲁ"/>
		<feat xlink:href="#sSpan561" value="ϣⲱⲡⲉ"/>
		<feat xlink:href="#sSpan563" value="ⲉⲃⲟⲗ"/>
		<feat xlink:href="#sSpan567" value="ϩⲓⲧⲛ"/>
		<feat xlink:href="#sSpan571" value="ⲡ"/>
		<feat xlink:href="#sSpan574" value="ⲛⲟⲩⲧⲉ"/>
		<feat xlink:href="#sSpan576" value="."/>
		<feat xlink:href="#sSpan580" value="ⲡⲁⲓ"/>
		<feat xlink:href="#sSpan592" value="ⲇⲉ"/>
		<feat xlink:href="#sSpan596" value="ⲡⲁ"/>
		<feat xlink:href="#sSpan601" value="ⲥⲟⲛ"/>
		<feat xlink:href="#sSpan603" value="ⲉⲧⲉⲣⲉ"/>
		<feat xlink:href="#sSpan607" value="ⲁ"/>
		<feat xlink:href="#sSpan609" value="ⲁⲛⲟⲕ"/>
		<feat xlink:href="#sSpan611" value="ϫⲓ"/>
		<feat xlink:href="#sSpan613" value="ⲛⲧⲟⲟⲩ"/>
		<feat xlink:href="#sSpan615" value="ⲛ"/>
		<feat xlink:href="#sSpan619" value="ⲥⲙⲟⲧ"/>
		<feat xlink:href="#sSpan622" value="ⲉϩⲣⲁⲓ"/>
		<feat xlink:href="#sSpan626" value="ⲉϫⲛ"/>
		<feat xlink:href="#sSpan630" value="ⲁⲛⲟⲕ"/>
		<feat xlink:href="#sSpan632" value="ⲙⲛ"/>
		<feat xlink:href="#sSpan637" value="ⲁⲡⲟⲗⲗⲱ"/>
		<feat xlink:href="#sSpan640" value="ⲉⲧⲃⲉ"/>
		<feat xlink:href="#sSpan644" value="ⲛⲧⲱⲧⲛ"/>
		<feat xlink:href="#sSpan646" value="."/>
		<feat xlink:href="#sSpan650" value="ϫⲉⲕⲁⲁⲥ"/>
		<feat xlink:href="#sSpan654" value="ⲉⲣⲉ_ⲛⲧⲱⲧⲛ"/>
		<feat xlink:href="#sSpan658" value="ⲥⲃⲟ"/>
		<feat xlink:href="#sSpan660" value="ϩⲛ"/>
		<feat xlink:href="#sSpan664" value="ⲁⲛⲟⲛ"/>
		<feat xlink:href="#sSpan666" value="ⲉ"/>
		<feat xlink:href="#sSpan670" value="ⲧⲙ"/>
		<feat xlink:href="#sSpan673" value="ⲣϩⲟⲩⲟ"/>
		<feat xlink:href="#sSpan676" value="ⲉ"/>
		<feat xlink:href="#sSpan680" value="ⲡ"/>
		<feat xlink:href="#sSpan683" value="ⲉⲧⲉⲣⲉ"/>
		<feat xlink:href="#sSpan685" value="ⲥϩⲁⲓ"/>
		<feat xlink:href="#sSpan687" value="ϫⲉ"/>
		<feat xlink:href="#sSpan691" value="ⲛⲛⲉ"/>
		<feat xlink:href="#sSpan693" value="ⲟⲩⲁ"/>
		<feat xlink:href="#sSpan696" value="ϣⲟⲩϣⲟⲩ"/>
		<feat xlink:href="#sSpan700" value="ⲛ"/>
		<feat xlink:href="#sSpan704" value="ⲛⲧⲟϥ"/>
		<feat xlink:href="#sSpan706" value="ⲉϫⲛ"/>
		<feat xlink:href="#sSpan710" value="ⲟⲩⲁ"/>
		<feat xlink:href="#sSpan713" value="ϩⲁ"/>
		<feat xlink:href="#sSpan717" value="ⲟⲩⲁ"/>
		<feat xlink:href="#sSpan720" value="."/>
		<feat xlink:href="#sSpan724" value="ⲛⲓⲙ"/>
		<feat xlink:href="#sSpan734" value="ⲅⲁⲣ"/>
		<feat xlink:href="#sSpan738" value="ⲡ"/>
		<feat xlink:href="#sSpan743" value="ⲉⲧⲉⲣⲉ"/>
		<feat xlink:href="#sSpan746" value="ⲇⲓⲁⲕⲣⲓⲛⲉ"/>
		<feat xlink:href="#sSpan748" value="ⲛ"/>
		<feat xlink:href="#sSpan752" value="ⲛⲧⲟⲕ"/>
		<feat xlink:href="#sSpan755" value="ⲟⲩⲇⲉ"/>
		<feat xlink:href="#sSpan759" value="ⲡ"/>
		<feat xlink:href="#sSpan764" value="ⲉⲧⲉⲣⲉ"/>
		<feat xlink:href="#sSpan766" value="ⲛⲧⲛ"/>
		<feat xlink:href="#sSpan768" value="ⲛⲧⲟⲕ"/>
		<feat xlink:href="#sSpan770" value="ⲉⲣⲉ"/>
		<feat xlink:href="#sSpan774" value="ⲙⲡⲉ"/>
		<feat xlink:href="#sSpan776" value="ⲛⲧⲟⲕ"/>
		<feat xlink:href="#sSpan778" value="ϫⲓ"/>
		<feat xlink:href="#sSpan780" value="ⲛⲧⲟϥ"/>
		<feat xlink:href="#sSpan782" value="ⲉϣϫⲉ"/>
		<feat xlink:href="#sSpan786" value="ⲁ"/>
		<feat xlink:href="#sSpan790" value="ⲛⲧⲟⲕ"/>
		<feat xlink:href="#sSpan792" value="ⲉⲓⲣⲉ"/>
		<feat xlink:href="#sSpan795" value="ⲡ"/>
		<feat xlink:href="#sSpan798" value="ⲕⲉ"/>
		<feat xlink:href="#sSpan800" value="ϫⲓ"/>
		<feat xlink:href="#sSpan802" value="ⲁϩⲣⲟ"/>
		<feat xlink:href="#sSpan806" value="ⲛⲧⲟⲕ"/>
		<feat xlink:href="#sSpan808" value="ⲛⲧⲟⲕ"/>
		<feat xlink:href="#sSpan812" value="ϣⲟⲩϣⲟⲩ"/>
		<feat xlink:href="#sSpan814" value="ⲛ"/>
		<feat xlink:href="#sSpan818" value="ⲛⲧⲟⲕ"/>
		<feat xlink:href="#sSpan821" value="ϩⲱⲥ"/>
		<feat xlink:href="#sSpan825" value="ⲉⲣⲉ"/>
		<feat xlink:href="#sSpan829" value="ⲙⲡⲉ"/>
		<feat xlink:href="#sSpan831" value="ⲛⲧⲟⲕ"/>
		<feat xlink:href="#sSpan833" value="ϫⲓ"/>
		<feat xlink:href="#sSpan835" value="."/>
		<feat xlink:href="#sSpan840" value="ⲏⲇⲏ"/>
		<feat xlink:href="#sSpan849" value="ⲛⲧⲱⲧⲛ"/>
		<feat xlink:href="#sSpan853" value="ⲥⲓ"/>
		<feat xlink:href="#sSpan856" value="ⲏⲇⲏ"/>
		<feat xlink:href="#sSpan860" value="ⲁ"/>
		<feat xlink:href="#sSpan864" value="ⲛⲧⲱⲧⲛ"/>
		<feat xlink:href="#sSpan867" value="ⲣⲣⲙⲙⲁⲟ"/>
		<feat xlink:href="#sSpan870" value="ⲁϫⲛ"/>
		<feat xlink:href="#sSpan874" value="ⲁⲛⲟⲛ"/>
		<feat xlink:href="#sSpan876" value="ⲁ"/>
		<feat xlink:href="#sSpan880" value="ⲛⲧⲱⲧⲛ"/>
		<feat xlink:href="#sSpan883" value="ⲣⲣⲣⲟ"/>
		<feat xlink:href="#sSpan886" value="ⲛⲁⲛⲟⲩ"/>
		<feat xlink:href="#sSpan890" value="ⲛⲧⲟⲥ"/>
		<feat xlink:href="#sSpan893" value="ⲇⲉ"/>
		<feat xlink:href="#sSpan897" value="ⲉϣϫⲉ"/>
		<feat xlink:href="#sSpan901" value="ⲁ"/>
		<feat xlink:href="#sSpan903" value="ⲛⲧⲱⲧⲛ"/>
		<feat xlink:href="#sSpan906" value="ⲣⲣⲣⲟ"/>
		<feat xlink:href="#sSpan909" value="ϫⲉⲕⲁⲁⲥ"/>
		<feat xlink:href="#sSpan913" value="ⲉⲛⲉ"/>
		<feat xlink:href="#sSpan918" value="ⲣⲣⲣⲟ"/>
		<feat xlink:href="#sSpan921" value="ϩⲱⲱ"/>
		<feat xlink:href="#sSpan925" value="ⲁⲛⲟⲛ"/>
		<feat xlink:href="#sSpan927" value="ⲙⲛ"/>
		<feat xlink:href="#sSpan931" value="ⲛⲧⲱⲧⲛ"/>
		<feat xlink:href="#sSpan933" value="."/>
		<feat xlink:href="#sSpan937" value="ⲁⲣⲏⲩ"/>
		<feat xlink:href="#sSpan948" value="ⲅⲁⲣ"/>
		<feat xlink:href="#sSpan952" value="ⲉⲣⲉ"/>
		<feat xlink:href="#sSpan956" value="ⲁ"/>
		<feat xlink:href="#sSpan958" value="ⲡ"/>
		<feat xlink:href="#sSpan961" value="ⲛⲟⲩⲧⲉ"/>
		<feat xlink:href="#sSpan963" value="ⲕⲱ"/>
		<feat xlink:href="#sSpan967" value="ⲛ"/>
		<feat xlink:href="#sSpan969" value="ⲡ"/>
		<feat xlink:href="#sSpan975" value="ⲁⲡⲟⲥⲧⲟⲗⲟⲥ"/>
		<feat xlink:href="#sSpan977" value="ⲛ"/>
		<feat xlink:href="#sSpan981" value="ϩⲁⲉ"/>
		<feat xlink:href="#sSpan984" value="ⲛ"/>
		<feat xlink:href="#sSpan988" value="ⲡ"/>
		<feat xlink:href="#sSpan990" value="ϩⲉ"/>
		<feat xlink:href="#sSpan992" value="ⲛ"/>
		<feat xlink:href="#sSpan996" value="ⲡⲉⲓ"/>
		<feat xlink:href="#sSpan1000" value="ⲉⲡⲓⲑⲁⲛⲁⲧⲏⲥ"/>
		<feat xlink:href="#sSpan1002" value="."/>
		<feat xlink:href="#sSpan1006" value="ϫⲉ"/>
		<feat xlink:href="#sSpan1010" value="ⲁ"/>
		<feat xlink:href="#sSpan1012" value="ⲁⲛⲟⲛ"/>
		<feat xlink:href="#sSpan1014" value="ϣⲱⲡⲉ"/>
		<feat xlink:href="#sSpan1016" value="ⲛ"/>
		<feat xlink:href="#sSpan1021" value="ⲑⲉⲁⲧⲣⲟⲛ"/>
		<feat xlink:href="#sSpan1024" value="ⲛ"/>
		<feat xlink:href="#sSpan1028" value="ⲡ"/>
		<feat xlink:href="#sSpan1032" value="ⲕⲟⲥⲙⲟⲥ"/>
		<feat xlink:href="#sSpan1034" value="ⲁⲩⲱ"/>
		<feat xlink:href="#sSpan1038" value="ⲛ"/>
		<feat xlink:href="#sSpan1042" value="ⲡ"/>
		<feat xlink:href="#sSpan1046" value="ⲁⲅⲅⲉⲗⲟⲥ"/>
		<feat xlink:href="#sSpan1048" value="ⲙⲛ"/>
		<feat xlink:href="#sSpan1052" value="ⲡ"/>
		<feat xlink:href="#sSpan1055" value="ⲣⲱⲙⲉ"/>
		<feat xlink:href="#sSpan1057" value="."/>
		<feat xlink:href="#sSpan1061" value="ⲁⲛⲟⲛ"/>
		<feat xlink:href="#sSpan1070" value="ⲁ"/>
		<feat xlink:href="#sSpan1074" value="ⲁⲛⲟⲛ"/>
		<feat xlink:href="#sSpan1077" value="ⲣⲥⲟϭ"/>
		<feat xlink:href="#sSpan1080" value="ⲉⲧⲃⲉ"/>
		<feat xlink:href="#sSpan1084" value="ⲡ"/>
		<feat xlink:href="#sSpan1088" value="ⲭⲣⲓⲥⲧⲟⲥ"/>
		<feat xlink:href="#sSpan1090" value="ⲛⲧⲱⲧⲛ"/>
		<feat xlink:href="#sSpan1095" value="ⲇⲉ"/>
		<feat xlink:href="#sSpan1099" value="ⲛⲧⲱⲧⲛ"/>
		<feat xlink:href="#sSpan1103" value="ⲟⲩ"/>
		<feat xlink:href="#sSpan1108" value="ⲥⲁⲃⲉ"/>
		<feat xlink:href="#sSpan1110" value="ϩⲛ"/>
		<feat xlink:href="#sSpan1114" value="ⲡ"/>
		<feat xlink:href="#sSpan1118" value="ⲭⲣⲓⲥⲧⲟⲥ"/>
		<feat xlink:href="#sSpan1120" value="ⲁⲛⲟⲛ"/>
		<feat xlink:href="#sSpan1124" value="ⲁⲛⲟⲛ"/>
		<feat xlink:href="#sSpan1128" value="ϭⲃⲃⲉ"/>
		<feat xlink:href="#sSpan1130" value="ⲛⲧⲱⲧⲛ"/>
		<feat xlink:href="#sSpan1135" value="ⲇⲉ"/>
		<feat xlink:href="#sSpan1139" value="ⲛⲧⲱⲧⲛ"/>
		<feat xlink:href="#sSpan1143" value="ϫⲣⲟ"/>
		<feat xlink:href="#sSpan1145" value="ⲛⲧⲱⲧⲛ"/>
		<feat xlink:href="#sSpan1149" value="ⲛⲧⲱⲧⲛ"/>
		<feat xlink:href="#sSpan1153" value="ⲧⲁⲉⲓⲟ"/>
		<feat xlink:href="#sSpan1155" value="ⲁⲛⲟⲛ"/>
		<feat xlink:href="#sSpan1160" value="ⲇⲉ"/>
		<feat xlink:href="#sSpan1164" value="ⲁⲛⲟⲛ"/>
		<feat xlink:href="#sSpan1168" value="ⲥⲱϣ"/>
		<feat xlink:href="#sSpan1171" value="ϣⲁϩⲣⲁⲓ"/>
		<feat xlink:href="#sSpan1180" value="ⲉ"/>
		<feat xlink:href="#sSpan1184" value="ⲡⲉⲓ"/>
		<feat xlink:href="#sSpan1187" value="ⲟⲩⲛⲟⲩ"/>
		<feat xlink:href="#sSpan1189" value="ⲁⲛⲟⲛ"/>
		<feat xlink:href="#sSpan1193" value="ϩⲕⲟ"/>
		<feat xlink:href="#sSpan1195" value="ⲁⲛⲟⲛ"/>
		<feat xlink:href="#sSpan1199" value="ⲱϥⲉ"/>
		<feat xlink:href="#sSpan1201" value="ⲁⲛⲟⲛ"/>
		<feat xlink:href="#sSpan1206" value="ⲕⲏⲕⲁϩⲏⲩ"/>
		<feat xlink:href="#sSpan1209" value="ⲛⲧⲟⲟⲩ"/>
		<feat xlink:href="#sSpan1214" value="ϯⲕⲗⲯ"/>
		<feat xlink:href="#sSpan1218" value="ⲉϫⲛ"/>
		<feat xlink:href="#sSpan1222" value="ⲁⲛⲟⲛ"/>
		<feat xlink:href="#sSpan1224" value="ⲁⲛⲟⲛ"/>
		<feat xlink:href="#sSpan1228" value="ϣⲧⲟⲣⲧⲣ"/>
		<feat xlink:href="#sSpan1230" value="."/>
		<feat xlink:href="#sSpan1234" value="ⲁⲛⲟⲛ"/>
		<feat xlink:href="#sSpan1243" value="ϩⲓⲥⲉ"/>
		<feat xlink:href="#sSpan1245" value="ⲉⲣⲉ"/>
		<feat xlink:href="#sSpan1249" value="ⲁⲛⲟⲛ"/>
		<feat xlink:href="#sSpan1252" value="ⲣϩⲱⲃ"/>
		<feat xlink:href="#sSpan1255" value="ϩⲛ"/>
		<feat xlink:href="#sSpan1259" value="ⲡⲉⲛ"/>
		<feat xlink:href="#sSpan1262" value="ϭⲓϫ"/>
		<feat xlink:href="#sSpan1264" value="ⲙⲙⲓⲛⲙⲙⲟ"/>
		<feat xlink:href="#sSpan1268" value="ⲁⲛⲟⲛ"/>
		<feat xlink:href="#sSpan1272" value="ⲉⲣⲉ"/>
		<feat xlink:href="#sSpan1276" value="ⲛⲧⲟⲟⲩ"/>
		<feat xlink:href="#sSpan1278" value="ⲥⲁϩⲟⲩ"/>
		<feat xlink:href="#sSpan1280" value="ⲛ"/>
		<feat xlink:href="#sSpan1284" value="ⲁⲛⲟⲛ"/>
		<feat xlink:href="#sSpan1286" value="ⲁⲛⲟⲛ"/>
		<feat xlink:href="#sSpan1290" value="ⲥⲙⲟⲩ"/>
		<feat xlink:href="#sSpan1292" value="ⲉ"/>
		<feat xlink:href="#sSpan1296" value="ⲛⲧⲟⲟⲩ"/>
		<feat xlink:href="#sSpan1298" value="ⲉⲣⲉ"/>
		<feat xlink:href="#sSpan1302" value="ⲛⲧⲟⲟⲩ"/>
		<feat xlink:href="#sSpan1304" value="ⲡⲱⲧ"/>
		<feat xlink:href="#sSpan1306" value="ⲛⲥⲁ"/>
		<feat xlink:href="#sSpan1310" value="ⲁⲛⲟⲛ"/>
		<feat xlink:href="#sSpan1312" value="ⲁⲛⲟⲛ"/>
		<feat xlink:href="#sSpan1317" value="ⲁⲛⲉⲭⲉ"/>
		<feat xlink:href="#sSpan1319" value="ⲛ"/>
		<feat xlink:href="#sSpan1323" value="ⲛⲧⲟⲟⲩ"/>
		<feat xlink:href="#sSpan1325" value="."/>
		<feat xlink:href="#sSpan1329" value="ⲉⲣⲉ"/>
		<feat xlink:href="#sSpan1339" value="ⲛⲧⲟⲟⲩ"/>
		<feat xlink:href="#sSpan1342" value="ϫⲓⲟⲩⲁ"/>
		<feat xlink:href="#sSpan1345" value="ⲉ"/>
		<feat xlink:href="#sSpan1349" value="ⲁⲛⲟⲛ"/>
		<feat xlink:href="#sSpan1351" value="."/>
		<feat xlink:href="#sSpan1355" value="ⲁⲛⲟⲛ"/>
		<feat xlink:href="#sSpan1360" value="ⲡⲁⲣⲁⲕⲁⲗⲉⲓ"/>
		<feat xlink:href="#sSpan1362" value="ⲛ"/>
		<feat xlink:href="#sSpan1366" value="ⲛⲧⲟⲟⲩ"/>
		<feat xlink:href="#sSpan1368" value="ⲛ"/>
		<feat xlink:href="#sSpan1372" value="ⲡ"/>
		<feat xlink:href="#sSpan1374" value="ϩⲉ"/>
		<feat xlink:href="#sSpan1376" value="ⲛ"/>
		<feat xlink:href="#sSpan1380" value="ⲡⲉⲓ"/>
		<feat xlink:href="#sSpan1384" value="ⲡⲉⲣⲓⲕⲁⲑⲁⲣⲙⲁ"/>
		<feat xlink:href="#sSpan1386" value="ⲛ"/>
		<feat xlink:href="#sSpan1390" value="ⲡ"/>
		<feat xlink:href="#sSpan1394" value="ⲕⲟⲥⲙⲟⲥ"/>
		<feat xlink:href="#sSpan1396" value="ⲁ"/>
		<feat xlink:href="#sSpan1400" value="ⲁⲛⲟⲛ"/>
		<feat xlink:href="#sSpan1403" value="ⲣϣϥⲉ"/>
		<feat xlink:href="#sSpan1406" value="ⲛ"/>
		<feat xlink:href="#sSpan1410" value="ⲟⲩⲟⲛ"/>
		<feat xlink:href="#sSpan1414" value="ⲛⲓⲙ"/>
		<feat xlink:href="#sSpan1418" value="ϣⲁϩⲣⲁⲓ"/>
		<feat xlink:href="#sSpan1422" value="ⲉ"/>
		<feat xlink:href="#sSpan1426" value="ⲡⲉⲓ"/>
		<feat xlink:href="#sSpan1429" value="ⲟⲩⲛⲟⲩ"/>
		<feat xlink:href="#sSpan1431" value="."/>
		<feat xlink:href="#sSpan1435" value="ⲛ"/>
		<feat xlink:href="#sSpan1445" value="ⲛⲉ"/>
		<feat xlink:href="#sSpan1447" value="ⲉⲣⲉ"/>
		<feat xlink:href="#sSpan1449" value="ⲁⲛⲟⲕ"/>
		<feat xlink:href="#sSpan1452" value="ϯϣⲓⲡⲉ"/>
		<feat xlink:href="#sSpan1455" value="ⲛⲁ"/>
		<feat xlink:href="#sSpan1459" value="ⲛⲧⲱⲧⲛ"/>
		<feat xlink:href="#sSpan1461" value="ⲁⲛ"/>
		<feat xlink:href="#sSpan1465" value="ⲉⲣⲉ"/>
		<feat xlink:href="#sSpan1469" value="ⲁⲛⲟⲕ"/>
		<feat xlink:href="#sSpan1471" value="ⲥϩⲁⲓ"/>
		<feat xlink:href="#sSpan1473" value="ⲛⲁ"/>
		<feat xlink:href="#sSpan1477" value="ⲛⲧⲱⲧⲛ"/>
		<feat xlink:href="#sSpan1479" value="ⲛ"/>
		<feat xlink:href="#sSpan1483" value="ⲡⲁⲓ"/>
		<feat xlink:href="#sSpan1486" value="."/>
		<feat xlink:href="#sSpan1491" value="ⲁⲗⲗⲁ"/>
		<feat xlink:href="#sSpan1495" value="ⲉⲣⲉ"/>
		<feat xlink:href="#sSpan1499" value="ⲁⲛⲟⲕ"/>
		<feat xlink:href="#sSpan1502" value="ϯⲥⲃⲱ"/>
		<feat xlink:href="#sSpan1505" value="ⲛⲁ"/>
		<feat xlink:href="#sSpan1509" value="ⲛⲧⲱⲧⲛ"/>
		<feat xlink:href="#sSpan1512" value="ϩⲱⲥ"/>
		<feat xlink:href="#sSpan1516" value="ϣⲏⲣⲉ"/>
		<feat xlink:href="#sSpan1521" value="ⲛ"/>
		<feat xlink:href="#sSpan1525" value="ⲙⲉⲣⲓⲧ"/>
		<feat xlink:href="#sSpan1527" value="."/>
		<feat xlink:href="#sSpan1532" value="ⲕⲁⲛ"/>
		<feat xlink:href="#sSpan1541" value="ⲉϣⲱⲡⲉ"/>
		<feat xlink:href="#sSpan1545" value="ⲟⲩⲛⲧⲉ"/>
		<feat xlink:href="#sSpan1549" value="ⲛⲧⲱⲧⲛ"/>
		<feat xlink:href="#sSpan1551" value="ⲙⲙⲁⲩ"/>
		<feat xlink:href="#sSpan1555" value="ⲛ"/>
		<feat xlink:href="#sSpan1559" value="ⲟⲩ"/>
		<feat xlink:href="#sSpan1562" value="ⲧⲃⲁ"/>
		<feat xlink:href="#sSpan1564" value="ⲛ"/>
		<feat xlink:href="#sSpan1569" value="ⲡⲁⲓⲇⲁⲅⲱⲅⲟⲥ"/>
		<feat xlink:href="#sSpan1571" value="ϩⲛ"/>
		<feat xlink:href="#sSpan1575" value="ⲡ"/>
		<feat xlink:href="#sSpan1579" value="ⲭⲣⲓⲥⲧⲟⲥ"/>
		<feat xlink:href="#sSpan1581" value="."/>
		<feat xlink:href="#sSpan1586" value="ⲁⲗⲗⲁ"/>
		<feat xlink:href="#sSpan1590" value="ⲛ"/>
		<feat xlink:href="#sSpan1594" value="ϩⲁϩ"/>
		<feat xlink:href="#sSpan1597" value="ⲛ"/>
		<feat xlink:href="#sSpan1601" value="ⲉⲓⲱⲧ"/>
		<feat xlink:href="#sSpan1603" value="ⲁⲛ"/>
		<feat xlink:href="#sSpan1607" value="."/>
		<feat xlink:href="#sSpan1611" value="ⲁⲛⲟⲕ"/>
		<feat xlink:href="#sSpan1616" value="ⲅⲁⲣ"/>
		<feat xlink:href="#sSpan1620" value="ⲁ"/>
		<feat xlink:href="#sSpan1624" value="ⲁⲛⲟⲕ"/>
		<feat xlink:href="#sSpan1626" value="ϫⲡⲟ"/>
		<feat xlink:href="#sSpan1628" value="ⲛⲧⲱⲧⲛ"/>
		<feat xlink:href="#sSpan1630" value="ϩⲛ"/>
		<feat xlink:href="#sSpan1634" value="ⲡ"/>
		<feat xlink:href="#sSpan1638" value="ⲭⲣⲓⲥⲧⲟⲥ"/>
		<feat xlink:href="#sSpan1641" value="ⲓⲏⲥⲟⲩⲥ"/>
		<feat xlink:href="#sSpan1645" value="ϩⲓⲧⲛ"/>
		<feat xlink:href="#sSpan1649" value="ⲡ"/>
		<feat xlink:href="#sSpan1653" value="ⲉⲩⲁⲅⲅⲉⲗⲓⲟⲛ"/>
		<feat xlink:href="#sSpan1655" value="."/>
		<feat xlink:href="#sSpan1659" value="ⲁⲛⲟⲕ"/>
		<feat xlink:href="#sSpan1669" value="ⲡⲁⲣⲁⲕⲁⲗⲉⲓ"/>
		<feat xlink:href="#sSpan1671" value="ϭⲉ"/>
		<feat xlink:href="#sSpan1675" value="ⲛ"/>
		<feat xlink:href="#sSpan1679" value="ⲛⲧⲱⲧⲛ"/>
		<feat xlink:href="#sSpan1681" value="ⲧⲟⲛⲧⲛ"/>
		<feat xlink:href="#sSpan1685" value="ⲛⲧⲱⲧⲛ"/>
		<feat xlink:href="#sSpan1687" value="ⲉ"/>
		<feat xlink:href="#sSpan1691" value="ⲁⲛⲟⲕ"/>
		<feat xlink:href="#sSpan1693" value="."/>
		<feat xlink:href="#sSpan1697" value="ⲉⲧⲃⲉ"/>
		<feat xlink:href="#sSpan1708" value="ⲡⲁⲓ"/>
		<feat xlink:href="#sSpan1711" value="ⲁ"/>
		<feat xlink:href="#sSpan1715" value="ⲁⲛⲟⲕ"/>
		<feat xlink:href="#sSpan1717" value="ⲧⲛⲛⲟⲟⲩ"/>
		<feat xlink:href="#sSpan1720" value="ⲧⲓⲙⲟⲑⲉⲟⲥ"/>
		<feat xlink:href="#sSpan1723" value="ⲛⲁ"/>
		<feat xlink:href="#sSpan1727" value="ⲛⲧⲱⲧⲛ"/>
		<feat xlink:href="#sSpan1729" value="ⲉⲧⲉⲣⲉ"/>
		<feat xlink:href="#sSpan1733" value="ⲡⲁⲓ"/>
		<feat xlink:href="#sSpan1735" value="ⲡⲉ"/>
		<feat xlink:href="#sSpan1739" value="ⲡⲁ"/>
		<feat xlink:href="#sSpan1743" value="ϣⲏⲣⲉ"/>
		<feat xlink:href="#sSpan1745" value="ⲛ"/>
		<feat xlink:href="#sSpan1749" value="ⲙⲉⲣⲓⲧ"/>
		<feat xlink:href="#sSpan1751" value="ⲁⲩⲱ"/>
		<feat xlink:href="#sSpan1755" value="ⲡ"/>
		<feat xlink:href="#sSpan1760" value="ⲡⲓⲥⲧⲟⲥ"/>
		<feat xlink:href="#sSpan1762" value="ϩⲛ"/>
		<feat xlink:href="#sSpan1766" value="ⲡ"/>
		<feat xlink:href="#sSpan1769" value="ϫⲟⲉⲓⲥ"/>
		<feat xlink:href="#sSpan1771" value="ⲡⲁⲓ"/>
		<feat xlink:href="#sSpan1775" value="ⲉⲧⲉⲣⲉ"/>
		<feat xlink:href="#sSpan1779" value="ⲛⲁ"/>
		<feat xlink:href="#sSpan1781" value="ⲧⲣⲉ"/>
		<feat xlink:href="#sSpan1783" value="ⲛⲧⲱⲧⲛ"/>
		<feat xlink:href="#sSpan1785" value="ⲉⲓⲣⲉ"/>
		<feat xlink:href="#sSpan1787" value="ⲡ"/>
		<feat xlink:href="#sSpan1789" value="ⲙⲉⲉⲩⲉ"/>
		<feat xlink:href="#sSpan1791" value="ⲛ"/>
		<feat xlink:href="#sSpan1795" value="ⲡⲁ"/>
		<feat xlink:href="#sSpan1798" value="ϩⲓⲏ"/>
		<feat xlink:href="#sSpan1800" value="ⲉⲧⲉⲣⲉ"/>
		<feat xlink:href="#sSpan1804" value="ϩⲛ"/>
		<feat xlink:href="#sSpan1806" value="ⲡ"/>
		<feat xlink:href="#sSpan1810" value="ⲭⲣⲓⲥⲧⲟⲥ"/>
		<feat xlink:href="#sSpan1812" value="ⲛ"/>
		<feat xlink:href="#sSpan1816" value="ⲡ"/>
		<feat xlink:href="#sSpan1818" value="ϩⲉ"/>
		<feat xlink:href="#sSpan1821" value="ⲉⲧⲉ"/>
		<feat xlink:href="#sSpan1825" value="ⲁⲛⲟⲕ"/>
		<feat xlink:href="#sSpan1828" value="ϯⲥⲃⲱ"/>
		<feat xlink:href="#sSpan1831" value="ⲛ"/>
		<feat xlink:href="#sSpan1835" value="ⲛⲧⲟⲥ"/>
		<feat xlink:href="#sSpan1837" value="ϩⲛ"/>
		<feat xlink:href="#sSpan1841" value="ⲡ"/>
		<feat xlink:href="#sSpan1845" value="ⲉⲕⲕⲗⲏⲥⲓⲁ"/>
		<feat xlink:href="#sSpan1847" value="ⲧⲏⲣ"/>
		<feat xlink:href="#sSpan1851" value="ⲛⲧⲟⲟⲩ"/>
		<feat xlink:href="#sSpan1853" value="ϩⲛ"/>
		<feat xlink:href="#sSpan1857" value="ⲙⲁ"/>
		<feat xlink:href="#sSpan1860" value="ⲛⲓⲙ"/>
		<feat xlink:href="#sSpan1864" value="."/>
		<feat xlink:href="#sSpan1869" value="ϩⲱⲥ"/>
		<feat xlink:href="#sSpan1878" value="ⲉⲣⲉ"/>
		<feat xlink:href="#sSpan1882" value="ⲛ"/>
		<feat xlink:href="#sSpan1884" value="ⲁⲛⲟⲕ"/>
		<feat xlink:href="#sSpan1886" value="ⲉⲓ"/>
		<feat xlink:href="#sSpan1889" value="ⲇⲉ"/>
		<feat xlink:href="#sSpan1893" value="ⲁⲛ"/>
		<feat xlink:href="#sSpan1897" value="ϣⲁ"/>
		<feat xlink:href="#sSpan1901" value="ⲛⲧⲱⲧⲛ"/>
		<feat xlink:href="#sSpan1903" value="ⲁ"/>
		<feat xlink:href="#sSpan1907" value="ϩⲟⲓⲛⲉ"/>
		<feat xlink:href="#sSpan1910" value="ϫⲓⲥⲉ"/>
		<feat xlink:href="#sSpan1914" value="ⲛ"/>
		<feat xlink:href="#sSpan1918" value="ϩⲏⲧ"/>
		<feat xlink:href="#sSpan1920" value="ⲁⲛⲟⲕ"/>
		<feat xlink:href="#sSpan1929" value="ⲉⲓ"/>
		<feat xlink:href="#sSpan1932" value="ⲇⲉ"/>
		<feat xlink:href="#sSpan1936" value="ϣⲁ"/>
		<feat xlink:href="#sSpan1940" value="ⲛⲧⲱⲧⲛ"/>
		<feat xlink:href="#sSpan1942" value="ϩⲛ"/>
		<feat xlink:href="#sSpan1946" value="ⲟⲩ"/>
		<feat xlink:href="#sSpan1950" value="ϭⲉⲡⲏ"/>
		<feat xlink:href="#sSpan1952" value="ⲉⲣϣⲁⲛ"/>
		<feat xlink:href="#sSpan1956" value="ⲡ"/>
		<feat xlink:href="#sSpan1959" value="ϫⲟⲉⲓⲥ"/>
		<feat xlink:href="#sSpan1961" value="ⲉⲓⲣⲉ"/>
		<feat xlink:href="#sSpan1965" value="ϩⲛⲉ"/>
		<feat xlink:href="#sSpan1967" value="ⲛⲧⲟϥ"/>
		<feat xlink:href="#sSpan1969" value="."/>
		<feat xlink:href="#sSpan1973" value="ⲛⲧⲉ"/>
		<feat xlink:href="#sSpan1977" value="ⲁⲛⲟⲕ"/>
		<feat xlink:href="#sSpan1979" value="ⲉⲓⲙⲉ"/>
		<feat xlink:href="#sSpan1981" value="ⲁⲛ"/>
		<feat xlink:href="#sSpan1985" value="ⲉ"/>
		<feat xlink:href="#sSpan1989" value="ⲡ"/>
		<feat xlink:href="#sSpan1992" value="ϣⲁϫⲉ"/>
		<feat xlink:href="#sSpan1994" value="ⲛ"/>
		<feat xlink:href="#sSpan1998" value="ⲡ"/>
		<feat xlink:href="#sSpan2001" value="ⲉⲧⲉⲣⲉ"/>
		<feat xlink:href="#sSpan2003" value="ϫⲓⲥⲉ"/>
		<feat xlink:href="#sSpan2005" value="ⲛ"/>
		<feat xlink:href="#sSpan2009" value="ϩⲏⲧ"/>
		<feat xlink:href="#sSpan2011" value="."/>
		<feat xlink:href="#sSpan2016" value="ⲁⲗⲗⲁ"/>
		<feat xlink:href="#sSpan2020" value="ⲡⲉⲩ"/>
		<feat xlink:href="#sSpan2025" value="ϭⲟⲙ"/>
		<feat xlink:href="#sSpan2027" value="."/>
		<feat xlink:href="#sSpan2031" value="ⲡ"/>
		<feat xlink:href="#sSpan2042" value="ⲙⲛⲧⲣⲣⲟ"/>
		<feat xlink:href="#sSpan2046" value="ⲅⲁⲣ"/>
		<feat xlink:href="#sSpan2050" value="ⲛ"/>
		<feat xlink:href="#sSpan2054" value="ⲡ"/>
		<feat xlink:href="#sSpan2057" value="ⲛⲟⲩⲧⲉ"/>
		<feat xlink:href="#sSpan2059" value="ⲛ"/>
		<feat xlink:href="#sSpan2063" value="ⲉⲣⲉ"/>
		<feat xlink:href="#sSpan2065" value="ⲛⲧⲟⲥ"/>
		<feat xlink:href="#sSpan2067" value="ϩⲛ"/>
		<feat xlink:href="#sSpan2069" value="ϣⲁϫⲉ"/>
		<feat xlink:href="#sSpan2072" value="ⲁⲛ"/>
		<feat xlink:href="#sSpan2076" value="."/>
		<feat xlink:href="#sSpan2081" value="ⲁⲗⲗⲁ"/>
		<feat xlink:href="#sSpan2085" value="ϩⲛ"/>
		<feat xlink:href="#sSpan2089" value="ⲟⲩ"/>
		<feat xlink:href="#sSpan2092" value="ϭⲟⲙ"/>
		<feat xlink:href="#sSpan2094" value="."/>
		<feat xlink:href="#sSpan2098" value="ⲟⲩ"/>
		<feat xlink:href="#sSpan2107" value="ⲡⲉ"/>
		<feat xlink:href="#sSpan2112" value="ⲉⲧⲉⲣⲉ"/>
		<feat xlink:href="#sSpan2114" value="ⲛⲧⲱⲧⲛ"/>
		<feat xlink:href="#sSpan2116" value="ⲟⲩⲱϣ"/>
		<feat xlink:href="#sSpan2118" value="ⲛⲧⲟϥ"/>
		<feat xlink:href="#sSpan2120" value="."/>
		<feat xlink:href="#sSpan2124" value="ⲛⲧⲉ_ⲁⲛⲟⲕ"/>
		<feat xlink:href="#sSpan2128" value="ⲉⲓ"/>
		<feat xlink:href="#sSpan2130" value="ϣⲁ"/>
		<feat xlink:href="#sSpan2134" value="ⲛⲧⲱⲧⲛ"/>
		<feat xlink:href="#sSpan2136" value="ϩⲛ"/>
		<feat xlink:href="#sSpan2140" value="ⲟⲩ"/>
		<feat xlink:href="#sSpan2143" value="ϭⲉⲣⲱⲃ"/>
		<feat xlink:href="#sSpan2145" value="ϫⲛ"/>
		<feat xlink:href="#sSpan2149" value="ϩⲛ"/>
		<feat xlink:href="#sSpan2151" value="ⲟⲩ"/>
		<feat xlink:href="#sSpan2155" value="ⲁⲅⲁⲡⲏ"/>
		<feat xlink:href="#sSpan2157" value="ⲙⲛ"/>
		<feat xlink:href="#sSpan2161" value="ⲟⲩ"/>
		<feat xlink:href="#sSpan2165" value="ⲡⲛⲉⲩⲙⲁ"/>
		<feat xlink:href="#sSpan2167" value="ⲛ"/>
		<feat xlink:href="#sSpan2172" value="ⲙⲛⲧⲣⲙⲣⲁϣ"/>
		<feat xlink:href="#sSpan2176" value="."/></featList></paula>