<?xml version='1.0' encoding='UTF-8'?><!DOCTYPE paula SYSTEM "paula_feat.dtd">
<paula version="1.1">
	<header paula_id="scriptorium.40_Matthew_06.mark_morph"/>
	<featList xmlns:xlink="http://www.w3.org/1999/xlink" type="morph" xml:base="scriptorium.40_Matthew_06.mark.xml">
		<feat xlink:href="#sSpan1" value="ϯ"/>
		<feat xlink:href="#sSpan5" value="ϩⲧⲏ"/>
		<feat xlink:href="#sSpan45" value="ⲙⲛⲧ"/>
		<feat xlink:href="#sSpan48" value="ⲏ"/>
		<feat xlink:href="#sSpan81" value="ⲙⲛⲧ"/>
		<feat xlink:href="#sSpan83" value="ⲛⲁ"/>
		<feat xlink:href="#sSpan134" value="ϫⲓ"/>
		<feat xlink:href="#sSpan136" value="ⲉⲟⲟⲩ"/>
		<feat xlink:href="#sSpan189" value="ⲙⲛⲧ"/>
		<feat xlink:href="#sSpan191" value="ⲛⲁ"/>
		<feat xlink:href="#sSpan224" value="ⲙⲛⲧ"/>
		<feat xlink:href="#sSpan226" value="ⲛⲁ"/>
		<feat xlink:href="#sSpan233" value="ⲡ"/>
		<feat xlink:href="#sSpan235" value="ⲉⲧ"/>
		<feat xlink:href="#sSpan236" value="ϩⲏⲡ"/>
		<feat xlink:href="#sSpan441" value="ⲣ"/>
		<feat xlink:href="#sSpan443" value="ϩⲁϩ"/>
		<feat xlink:href="#sSpan472" value="ⲙⲛⲧ"/>
		<feat xlink:href="#sSpan474" value="ϩⲁϩ"/>
		<feat xlink:href="#sSpan515" value="ⲣ"/>
		<feat xlink:href="#sSpan517" value="ⲭⲣⲉⲓⲁ"/>
		<feat xlink:href="#sSpan579" value="ⲙⲛⲧ"/>
		<feat xlink:href="#sSpan581" value="ⲣⲣⲟ"/>
		<feat xlink:href="#sSpan1061" value="ⲣⲉϥ"/>
		<feat xlink:href="#sSpan1063" value="ϫⲓⲟⲩⲉ"/>
		<feat xlink:href="#sSpan1126" value="ⲣⲉϥ"/>
		<feat xlink:href="#sSpan1129" value="ϫⲓⲟⲩⲉ"/>
		<feat xlink:href="#sSpan1302" value="ⲣ"/>
		<feat xlink:href="#sSpan1304" value="ϩⲙϩⲁⲗ"/>
		<feat xlink:href="#sSpan1356" value="ⲣ"/>
		<feat xlink:href="#sSpan1358" value="ϩⲙϩⲁⲗ"/>
		<feat xlink:href="#sSpan1389" value="ϥⲓ"/>
		<feat xlink:href="#sSpan1391" value="ⲣⲟⲟⲩϣ"/>
		<feat xlink:href="#sSpan1552" value="ϥⲓ"/>
		<feat xlink:href="#sSpan1554" value="ⲣⲟⲟⲩϣ"/>
		<feat xlink:href="#sSpan1587" value="ϥⲓ"/>
		<feat xlink:href="#sSpan1589" value="ⲣⲟⲟⲩϣ"/>
		<feat xlink:href="#sSpan1754" value="ϥⲓ"/>
		<feat xlink:href="#sSpan1756" value="ⲣⲟⲟⲩϣ"/>
		<feat xlink:href="#sSpan1847" value="ⲣ"/>
		<feat xlink:href="#sSpan1849" value="ⲭⲣⲉⲓⲁ"/>
		<feat xlink:href="#sSpan1871" value="ⲙⲛⲧ"/>
		<feat xlink:href="#sSpan1873" value="ⲣⲣⲟ"/>
		<feat xlink:href="#sSpan1902" value="ϥⲓ"/>
		<feat xlink:href="#sSpan1904" value="ⲣⲟⲟⲩϣ"/>
		<feat xlink:href="#sSpan1920" value="ϥⲓ"/>
		<feat xlink:href="#sSpan1922" value="ⲣⲟⲟⲩϣ"/></featList></paula>