<?xml version='1.0' encoding='UTF-8'?><!DOCTYPE paula SYSTEM "paula_feat.dtd">
<paula version="1.1">
	<header paula_id="scriptorium.40_Matthew_06.mark_orig_group"/>
	<featList xmlns:xlink="http://www.w3.org/1999/xlink" type="orig_group" xml:base="scriptorium.40_Matthew_06.mark.xml">
		<feat xlink:href="#sSpan3" value="ϯϩⲧⲏⲧⲛ"/>
		<feat xlink:href="#sSpan8" value="ⲉⲡⲉⲧⲛϯ"/>
		<feat xlink:href="#sSpan14" value="ⲉⲧⲙⲁⲁϥ"/>
		<feat xlink:href="#sSpan19" value="ⲙⲡⲉⲙⲧⲟ"/>
		<feat xlink:href="#sSpan24" value="ⲉⲃⲟⲗ"/>
		<feat xlink:href="#sSpan26" value="ⲛⲛⲉⲣⲱⲙⲉ"/>
		<feat xlink:href="#sSpan31" value="ϫⲉⲕⲁⲁⲥ"/>
		<feat xlink:href="#sSpan33" value="ⲉⲩⲉⲛⲁⲩ"/>
		<feat xlink:href="#sSpan36" value="ⲉⲣⲱⲧⲛ"/>
		<feat xlink:href="#sSpan39" value="."/>
		<feat xlink:href="#sSpan41" value="ⲉϣⲱⲡⲉ"/>
		<feat xlink:href="#sSpan44" value="ⲙⲙⲟⲛ"/>
		<feat xlink:href="#sSpan47" value="ⲙⲛⲧⲏⲧⲛⲃⲉⲕⲉ"/>
		<feat xlink:href="#sSpan53" value="ⲙⲙⲁⲩ"/>
		<feat xlink:href="#sSpan55" value="ⲛⲛⲁϩⲣⲙⲡⲉⲧⲛⲉⲓⲱⲧ"/>
		<feat xlink:href="#sSpan60" value="ⲉⲧϩⲛⲙⲡⲏⲩⲉ"/>
		<feat xlink:href="#sSpan66" value="."/>
		<feat xlink:href="#sSpan68" value="ϩⲟⲧⲁⲛ"/>
		<feat xlink:href="#sSpan71" value="ϭⲉ"/>
		<feat xlink:href="#sSpan73" value="ⲕϣⲁⲛⲉⲓⲣⲉ"/>
		<feat xlink:href="#sSpan78" value="ⲛⲟⲩⲙⲛⲧⲛⲁ"/>
		<feat xlink:href="#sSpan85" value="ⲙⲡⲣⲱϣ"/>
		<feat xlink:href="#sSpan89" value="ⲉⲃⲟⲗ"/>
		<feat xlink:href="#sSpan91" value="ϩⲁⲧⲉⲕϩⲏ"/>
		<feat xlink:href="#sSpan96" value="ⲛⲧϩⲉ"/>
		<feat xlink:href="#sSpan100" value="ⲉⲧⲉⲣⲉⲛϩⲩⲡⲟⲕⲣⲓⲧⲏⲥ"/>
		<feat xlink:href="#sSpan105" value="ⲉⲓⲣⲉ"/>
		<feat xlink:href="#sSpan108" value="ⲙⲙⲟⲥ"/>
		<feat xlink:href="#sSpan111" value="ϩⲣⲁⲓ"/>
		<feat xlink:href="#sSpan114" value="ϩⲛⲛⲥⲩⲛⲁⲅⲱⲅⲏ"/>
		<feat xlink:href="#sSpan119" value="ⲁⲩⲱ"/>
		<feat xlink:href="#sSpan121" value="ϩⲣⲁⲓ"/>
		<feat xlink:href="#sSpan124" value="ϩⲛⲛϩⲓⲣ"/>
		<feat xlink:href="#sSpan129" value="."/>
		<feat xlink:href="#sSpan131" value="ϫⲉⲕⲁⲁⲥ"/>
		<feat xlink:href="#sSpan133" value="ⲉⲩⲉϫⲓⲉⲟⲟⲩ"/>
		<feat xlink:href="#sSpan138" value="ⲉⲃⲟⲗ"/>
		<feat xlink:href="#sSpan141" value="ϩⲓⲧⲟⲟⲧⲟⲩ"/>
		<feat xlink:href="#sSpan144" value="ⲛⲛⲣⲱⲙⲉ"/>
		<feat xlink:href="#sSpan149" value="."/>
		<feat xlink:href="#sSpan151" value="ϩⲁⲙⲏⲛ"/>
		<feat xlink:href="#sSpan153" value="ϯϫⲱ"/>
		<feat xlink:href="#sSpan156" value="ⲙⲙⲟⲥ"/>
		<feat xlink:href="#sSpan159" value="ⲛⲏⲧⲛ"/>
		<feat xlink:href="#sSpan162" value="ϫⲉⲁⲩⲟⲩⲱ"/>
		<feat xlink:href="#sSpan167" value="ⲉⲩϫⲓ"/>
		<feat xlink:href="#sSpan171" value="ⲙⲡⲉⲩⲃⲉⲕⲉ"/>
		<feat xlink:href="#sSpan176" value="."/>
		<feat xlink:href="#sSpan178" value="ⲛⲧⲟⲕ"/>
		<feat xlink:href="#sSpan181" value="ⲇⲉ"/>
		<feat xlink:href="#sSpan183" value="ⲉⲕⲉⲓⲣⲉ"/>
		<feat xlink:href="#sSpan186" value="ⲛⲟⲩⲙⲛⲧⲛⲁ"/>
		<feat xlink:href="#sSpan193" value="ⲙⲡⲣⲧⲣⲉⲧⲉⲕϩⲃⲟⲩⲣ"/>
		<feat xlink:href="#sSpan198" value="ⲉⲓⲙⲉ"/>
		<feat xlink:href="#sSpan200" value="ϫⲉⲟⲩ"/>
		<feat xlink:href="#sSpan203" value="ⲡⲉⲧⲉⲣⲉ"/>
		<feat xlink:href="#sSpan207" value="ⲧⲉⲕⲟⲩⲛⲁⲙ"/>
		<feat xlink:href="#sSpan210" value="ⲉⲓⲣⲉ"/>
		<feat xlink:href="#sSpan213" value="ⲙⲙⲟϥ"/>
		<feat xlink:href="#sSpan216" value="."/>
		<feat xlink:href="#sSpan218" value="ϫⲉⲕⲁⲁⲥ"/>
		<feat xlink:href="#sSpan221" value="ⲉⲣⲉⲧⲉⲕⲙⲛⲧⲛⲁ"/>
		<feat xlink:href="#sSpan228" value="ϣⲱⲡⲉ"/>
		<feat xlink:href="#sSpan230" value="ϩⲛⲟⲩⲡⲉⲑⲏⲡ"/>
		<feat xlink:href="#sSpan238" value="ⲁⲩⲱ"/>
		<feat xlink:href="#sSpan240" value="ⲡⲉⲕⲉⲓⲱⲧ"/>
		<feat xlink:href="#sSpan244" value="ⲉⲧϭⲱϣⲧ"/>
		<feat xlink:href="#sSpan247" value="ⲉⲣⲟⲕ"/>
		<feat xlink:href="#sSpan250" value="ϩⲙⲡⲡⲉⲑⲏⲡ"/>
		<feat xlink:href="#sSpan255" value="ϥⲛⲁⲧⲱⲱⲃⲉ"/>
		<feat xlink:href="#sSpan259" value="ⲛⲁⲕ"/>
		<feat xlink:href="#sSpan262" value="."/>
		<feat xlink:href="#sSpan264" value="ⲉⲧⲉⲧⲛⲉⲓ"/>
		<feat xlink:href="#sSpan268" value="ⲇⲉ"/>
		<feat xlink:href="#sSpan270" value="ⲉⲧⲉⲧⲛⲁϣⲗⲏⲗ"/>
		<feat xlink:href="#sSpan277" value="ⲛⲛⲉⲧⲛϣⲱⲡⲉ"/>
		<feat xlink:href="#sSpan281" value="ⲛⲧϩⲉ"/>
		<feat xlink:href="#sSpan285" value="ⲛⲛⲓϩⲩⲡⲟⲕⲣⲓⲧⲏⲥ"/>
		<feat xlink:href="#sSpan290" value="ϫⲉⲥⲉⲙⲉ"/>
		<feat xlink:href="#sSpan294" value="ⲛⲁϩⲉⲣⲁⲧⲟⲩ"/>
		<feat xlink:href="#sSpan299" value="ϩⲛⲛⲥⲩⲛⲁⲅⲱⲅⲏ"/>
		<feat xlink:href="#sSpan304" value="ⲙⲛⲛⲕⲗϫⲉ"/>
		<feat xlink:href="#sSpan309" value="ⲛⲛⲉⲡⲗⲁⲧⲓⲁ"/>
		<feat xlink:href="#sSpan314" value="ⲉϣⲗⲏⲗ"/>
		<feat xlink:href="#sSpan317" value="ϫⲉⲕⲁⲁⲥ"/>
		<feat xlink:href="#sSpan319" value="ⲉⲩⲉⲟⲩⲱⲛϩ"/>
		<feat xlink:href="#sSpan323" value="ⲉⲃⲟⲗ"/>
		<feat xlink:href="#sSpan325" value="ⲛⲛⲣⲱⲙⲉ"/>
		<feat xlink:href="#sSpan330" value="."/>
		<feat xlink:href="#sSpan332" value="ϩⲁⲙⲏⲛ"/>
		<feat xlink:href="#sSpan334" value="ϯϫⲱ"/>
		<feat xlink:href="#sSpan337" value="ⲙⲙⲟⲥ"/>
		<feat xlink:href="#sSpan340" value="ⲛⲏⲧⲛ"/>
		<feat xlink:href="#sSpan343" value="ϫⲉⲁⲩⲟⲩⲱ"/>
		<feat xlink:href="#sSpan348" value="ⲉⲩϫⲓ"/>
		<feat xlink:href="#sSpan352" value="ⲙⲡⲉⲩⲃⲉⲕⲉ"/>
		<feat xlink:href="#sSpan357" value="."/>
		<feat xlink:href="#sSpan359" value="ⲛⲧⲟⲕ"/>
		<feat xlink:href="#sSpan362" value="ⲇⲉ"/>
		<feat xlink:href="#sSpan364" value="ⲉⲕⲛⲁϣⲗⲏⲗ"/>
		<feat xlink:href="#sSpan369" value="ⲃⲱⲕ"/>
		<feat xlink:href="#sSpan372" value="ⲉϩⲟⲩⲛ"/>
		<feat xlink:href="#sSpan374" value="ⲉⲡⲉⲕⲧⲁⲙⲓⲟⲛ"/>
		<feat xlink:href="#sSpan379" value="ⲛⲅϣⲧⲁⲙ"/>
		<feat xlink:href="#sSpan383" value="ⲙⲡⲉⲕⲣⲟ"/>
		<feat xlink:href="#sSpan388" value="."/>
		<feat xlink:href="#sSpan390" value="ⲛⲅϣⲗⲏⲗ"/>
		<feat xlink:href="#sSpan394" value="ⲉⲡⲉⲕⲉⲓⲱⲧ"/>
		<feat xlink:href="#sSpan399" value="ⲉⲧϩⲙⲡⲡⲉⲑⲏⲡ"/>
		<feat xlink:href="#sSpan405" value="."/>
		<feat xlink:href="#sSpan407" value="ⲁⲩⲱ"/>
		<feat xlink:href="#sSpan409" value="ⲡⲉⲕⲉⲓⲱⲧ"/>
		<feat xlink:href="#sSpan413" value="ⲉⲧϭⲱϣⲧ"/>
		<feat xlink:href="#sSpan416" value="ⲉⲣⲟⲕ"/>
		<feat xlink:href="#sSpan419" value="ϩⲙⲡⲡⲉⲑⲏⲡ"/>
		<feat xlink:href="#sSpan424" value="ϥⲛⲁⲧⲱⲱⲃⲉ"/>
		<feat xlink:href="#sSpan428" value="ⲛⲁⲕ"/>
		<feat xlink:href="#sSpan431" value="."/>
		<feat xlink:href="#sSpan433" value="ⲉⲧⲉⲧⲛϣⲗⲏⲗ"/>
		<feat xlink:href="#sSpan438" value="ⲇⲉ"/>
		<feat xlink:href="#sSpan440" value="ⲙⲡⲣⲣϩⲁϩ"/>
		<feat xlink:href="#sSpan445" value="ⲛϣⲁϫⲉ"/>
		<feat xlink:href="#sSpan449" value="ⲛⲧϩⲉ"/>
		<feat xlink:href="#sSpan453" value="ⲛⲛⲓϩⲉⲑⲛⲓⲕⲟⲥ"/>
		<feat xlink:href="#sSpan458" value="ⲉⲩⲙⲉⲉⲩⲉ"/>
		<feat xlink:href="#sSpan462" value="ⲅⲁⲣ"/>
		<feat xlink:href="#sSpan464" value="ϫⲉϩⲣⲁⲓ"/>
		<feat xlink:href="#sSpan469" value="ϩⲛⲧⲉⲩⲙⲛⲧϩⲁϩ"/>
		<feat xlink:href="#sSpan476" value="ⲛϣⲁϫⲉ"/>
		<feat xlink:href="#sSpan480" value="ⲉⲩⲛⲁⲥⲱⲧⲙ"/>
		<feat xlink:href="#sSpan485" value="ⲉⲣⲟⲟⲩ"/>
		<feat xlink:href="#sSpan488" value="."/>
		<feat xlink:href="#sSpan490" value="ⲙⲡⲣⲉⲓⲛⲉ"/>
		<feat xlink:href="#sSpan494" value="ϭⲉ"/>
		<feat xlink:href="#sSpan496" value="ⲙⲙⲟⲩ"/>
		<feat xlink:href="#sSpan499" value="."/>
		<feat xlink:href="#sSpan502" value="ⲡⲛⲟⲩⲧⲉ"/>
		<feat xlink:href="#sSpan505" value="ⲅⲁⲣ"/>
		<feat xlink:href="#sSpan507" value="ⲥⲟⲟⲩⲛ"/>
		<feat xlink:href="#sSpan510" value="ⲡⲉⲧⲛⲉⲓⲱⲧ"/>
		<feat xlink:href="#sSpan513" value="ⲙⲡⲉⲧⲉⲧⲛⲣⲭⲣⲓⲁ"/>
		<feat xlink:href="#sSpan519" value="ⲙⲙⲟϥ"/>
		<feat xlink:href="#sSpan522" value="ⲙⲡⲁⲧⲉⲧⲛⲁⲓⲧⲉⲓ"/>
		<feat xlink:href="#sSpan526" value="ⲙⲙⲟϥ"/>
		<feat xlink:href="#sSpan529" value="."/>
		<feat xlink:href="#sSpan531" value="ⲧⲁⲓ"/>
		<feat xlink:href="#sSpan535" value="ϭⲉ"/>
		<feat xlink:href="#sSpan537" value="ⲧⲉ"/>
		<feat xlink:href="#sSpan539" value="ⲧϩⲉ"/>
		<feat xlink:href="#sSpan542" value="ⲛⲧⲱⲧⲛ"/>
		<feat xlink:href="#sSpan544" value="ⲉⲧⲉⲧⲛⲁϣⲗⲏⲗ"/>
		<feat xlink:href="#sSpan551" value="ⲙⲙⲟⲥ"/>
		<feat xlink:href="#sSpan554" value="."/>
		<feat xlink:href="#sSpan556" value="ϫⲉⲡⲉⲛⲉⲓⲱⲧ"/>
		<feat xlink:href="#sSpan561" value="ⲉⲧϩⲛⲙⲡⲏⲩⲉ"/>
		<feat xlink:href="#sSpan567" value="ⲙⲁⲣⲉⲡⲉⲕⲣⲁⲛ"/>
		<feat xlink:href="#sSpan572" value="ⲟⲩⲟⲡ"/>
		<feat xlink:href="#sSpan574" value="."/>
		<feat xlink:href="#sSpan577" value="ⲧⲉⲕⲙⲛⲧⲣⲣⲟ"/>
		<feat xlink:href="#sSpan583" value="ⲙⲁⲣⲉⲥⲉⲓ"/>
		<feat xlink:href="#sSpan588" value="ⲡⲉⲕⲟⲩⲱϣ"/>
		<feat xlink:href="#sSpan591" value="ⲙⲁⲣⲉϥϣⲱⲡⲉ"/>
		<feat xlink:href="#sSpan595" value="."/>
		<feat xlink:href="#sSpan597" value="ⲛⲧϩⲉ"/>
		<feat xlink:href="#sSpan601" value="ⲉⲧⲉϥϩⲛⲧⲡⲉ"/>
		<feat xlink:href="#sSpan607" value="ⲙⲁⲣⲉϥϣⲱⲡⲉ"/>
		<feat xlink:href="#sSpan611" value="ⲟⲛ"/>
		<feat xlink:href="#sSpan613" value="ϩⲓϫⲙⲡⲕⲁϩ"/>
		<feat xlink:href="#sSpan618" value="."/>
		<feat xlink:href="#sSpan620" value="ⲡⲉⲛⲟⲉⲓⲕ"/>
		<feat xlink:href="#sSpan625" value="ⲉⲧⲛⲏⲩ"/>
		<feat xlink:href="#sSpan628" value="ⲧⲁⲁϥ"/>
		<feat xlink:href="#sSpan632" value="ⲛⲁⲛ"/>
		<feat xlink:href="#sSpan635" value="ⲙⲡⲟⲟⲩ"/>
		<feat xlink:href="#sSpan640" value="."/>
		<feat xlink:href="#sSpan642" value="ⲕⲱ"/>
		<feat xlink:href="#sSpan645" value="ⲛⲁⲛ"/>
		<feat xlink:href="#sSpan648" value="ⲉⲃⲟⲗ"/>
		<feat xlink:href="#sSpan650" value="ⲛⲛⲉⲧⲉⲣⲟⲛ"/>
		<feat xlink:href="#sSpan657" value="."/>
		<feat xlink:href="#sSpan659" value="ⲛⲧϩⲉ"/>
		<feat xlink:href="#sSpan663" value="ϩⲱⲱⲛ"/>
		<feat xlink:href="#sSpan666" value="ⲟⲛ"/>
		<feat xlink:href="#sSpan668" value="ⲉⲧⲉⲛⲕⲱ"/>
		<feat xlink:href="#sSpan674" value="ⲉⲃⲟⲗ"/>
		<feat xlink:href="#sSpan676" value="ⲛⲛⲉⲧⲉⲟⲩⲛⲧⲁⲛ"/>
		<feat xlink:href="#sSpan683" value="ⲉⲣⲟⲟⲩ"/>
		<feat xlink:href="#sSpan686" value="."/>
		<feat xlink:href="#sSpan688" value="ⲛⲅⲧⲙϫⲓⲧⲛ"/>
		<feat xlink:href="#sSpan695" value="ⲉϩⲟⲩⲛ"/>
		<feat xlink:href="#sSpan697" value="ⲉⲡⲉⲓⲣⲁⲥⲙⲟⲥ"/>
		<feat xlink:href="#sSpan701" value="."/>
		<feat xlink:href="#sSpan703" value="ⲁⲗⲗⲁ"/>
		<feat xlink:href="#sSpan705" value="ⲛⲅⲛⲁϩⲙⲉⲛ"/>
		<feat xlink:href="#sSpan710" value="ⲉⲃⲟⲗ"/>
		<feat xlink:href="#sSpan712" value="ϩⲓⲧⲙⲡⲡⲟⲛⲏⲣⲟⲥ"/>
		<feat xlink:href="#sSpan717" value="ϫⲉⲧⲱⲕ"/>
		<feat xlink:href="#sSpan720" value="ⲧⲉ"/>
		<feat xlink:href="#sSpan723" value="ⲧϭⲟⲙ"/>
		<feat xlink:href="#sSpan726" value="ⲙⲛⲡⲉⲟⲟⲩ"/>
		<feat xlink:href="#sSpan731" value="ϣⲁⲛⲓⲉⲛⲉϩ"/>
		<feat xlink:href="#sSpan736" value="ϩⲁⲙⲏⲛ"/>
		<feat xlink:href="#sSpan738" value="."/>
		<feat xlink:href="#sSpan740" value="ⲉⲧⲉⲧⲛϣⲁⲛⲕⲱ"/>
		<feat xlink:href="#sSpan744" value="ⲅⲁⲣ"/>
		<feat xlink:href="#sSpan746" value="ⲉⲃⲟⲗ"/>
		<feat xlink:href="#sSpan748" value="ⲛⲛⲣⲱⲙⲉ"/>
		<feat xlink:href="#sSpan753" value="ⲛⲛⲉⲩⲛⲟⲃⲉ"/>
		<feat xlink:href="#sSpan758" value="ϥⲛⲁⲕⲱ"/>
		<feat xlink:href="#sSpan762" value="ϩⲱⲱϥ"/>
		<feat xlink:href="#sSpan765" value="ⲛⲏⲧⲛ"/>
		<feat xlink:href="#sSpan768" value="ⲉⲃⲟⲗ"/>
		<feat xlink:href="#sSpan770" value="ⲛϭⲓⲡⲉⲧⲛⲉⲓⲱⲧ"/>
		<feat xlink:href="#sSpan775" value="ⲉⲧϩⲛⲙⲡⲏⲩⲉ"/>
		<feat xlink:href="#sSpan781" value="ⲛⲛⲉⲧⲛⲛⲟⲃⲉ"/>
		<feat xlink:href="#sSpan786" value="."/>
		<feat xlink:href="#sSpan788" value="ⲉⲧⲉⲧⲛⲧⲙⲕⲱ"/>
		<feat xlink:href="#sSpan794" value="ⲇⲉ"/>
		<feat xlink:href="#sSpan796" value="ⲉⲃⲟⲗ"/>
		<feat xlink:href="#sSpan798" value="ⲛⲛⲣⲱⲙⲉ"/>
		<feat xlink:href="#sSpan803" value="ⲛⲛⲉⲩⲛⲟⲃⲉ"/>
		<feat xlink:href="#sSpan808" value="ⲛϥⲛⲁⲕⲱ"/>
		<feat xlink:href="#sSpan813" value="ⲛⲏⲧⲛ"/>
		<feat xlink:href="#sSpan816" value="ⲁⲛ"/>
		<feat xlink:href="#sSpan818" value="ⲉⲃⲟⲗ"/>
		<feat xlink:href="#sSpan820" value="ⲛϭⲓⲡⲉⲧⲛⲉⲓⲱⲧ"/>
		<feat xlink:href="#sSpan825" value="ⲉⲧϩⲛⲙⲡⲏⲩⲉ"/>
		<feat xlink:href="#sSpan831" value="ⲛⲛⲉⲧⲛⲛⲟⲃⲉ"/>
		<feat xlink:href="#sSpan836" value="."/>
		<feat xlink:href="#sSpan838" value="ⲉⲧⲉⲧⲛⲛⲏⲥⲧⲉⲩⲉ"/>
		<feat xlink:href="#sSpan843" value="ⲇⲉ"/>
		<feat xlink:href="#sSpan845" value="ⲙⲡⲣϣⲱⲡⲉ"/>
		<feat xlink:href="#sSpan848" value="ⲛⲧϩⲉ"/>
		<feat xlink:href="#sSpan852" value="ⲛⲛⲓϩⲩⲡⲟⲕⲣⲓⲧⲏⲥ"/>
		<feat xlink:href="#sSpan857" value="ⲉⲩⲟⲕⲙ"/>
		<feat xlink:href="#sSpan861" value="ⲥⲉⲧⲁⲕⲟ"/>
		<feat xlink:href="#sSpan864" value="ⲅⲁⲣ"/>
		<feat xlink:href="#sSpan866" value="ⲛⲛⲉⲩϩⲟ"/>
		<feat xlink:href="#sSpan871" value="ϫⲉⲕⲁⲁⲥ"/>
		<feat xlink:href="#sSpan873" value="ⲉⲩⲉⲟⲩⲱⲛϩ"/>
		<feat xlink:href="#sSpan877" value="ⲉⲃⲟⲗ"/>
		<feat xlink:href="#sSpan879" value="ⲛⲛⲣⲱⲙⲉ"/>
		<feat xlink:href="#sSpan884" value="ⲉⲩⲛⲏⲥⲧⲉⲩⲉ"/>
		<feat xlink:href="#sSpan888" value="."/>
		<feat xlink:href="#sSpan890" value="ϩⲁⲙⲏⲛ"/>
		<feat xlink:href="#sSpan892" value="ϯϫⲱ"/>
		<feat xlink:href="#sSpan895" value="ⲙⲙⲟⲥ"/>
		<feat xlink:href="#sSpan898" value="ⲛⲏⲧⲛ"/>
		<feat xlink:href="#sSpan901" value="ϫⲉⲁⲩⲟⲩⲱ"/>
		<feat xlink:href="#sSpan906" value="ⲉⲩϫⲓ"/>
		<feat xlink:href="#sSpan910" value="ⲙⲡⲉⲩⲃⲉⲕⲉ"/>
		<feat xlink:href="#sSpan915" value="."/>
		<feat xlink:href="#sSpan917" value="ⲛⲧⲟⲕ"/>
		<feat xlink:href="#sSpan920" value="ⲇⲉ"/>
		<feat xlink:href="#sSpan922" value="ⲉⲕⲛⲏⲥⲧⲉⲩⲉ"/>
		<feat xlink:href="#sSpan927" value="ⲧⲱϩⲥ"/>
		<feat xlink:href="#sSpan930" value="ⲛⲧⲉⲕⲁⲡⲉ"/>
		<feat xlink:href="#sSpan935" value="ⲛⲅⲉⲓⲱ"/>
		<feat xlink:href="#sSpan939" value="ⲙⲡⲉⲕϩⲟ"/>
		<feat xlink:href="#sSpan944" value="."/>
		<feat xlink:href="#sSpan946" value="ϫⲉⲕⲁⲁⲥ"/>
		<feat xlink:href="#sSpan949" value="ⲛⲛⲉⲕⲟⲩⲱⲛϩ"/>
		<feat xlink:href="#sSpan955" value="ⲉⲃⲟⲗ"/>
		<feat xlink:href="#sSpan957" value="ⲛⲛⲣⲱⲙⲉ"/>
		<feat xlink:href="#sSpan962" value="ⲉⲕⲛⲏⲥⲧⲉⲩⲉ"/>
		<feat xlink:href="#sSpan966" value="."/>
		<feat xlink:href="#sSpan968" value="ⲁⲗⲗⲁ"/>
		<feat xlink:href="#sSpan970" value="ⲙⲡⲉⲕⲉⲓⲱⲧ"/>
		<feat xlink:href="#sSpan975" value="ⲉⲧϩⲙⲡⲡⲉⲑⲏⲡ"/>
		<feat xlink:href="#sSpan981" value="ⲁⲩⲱ"/>
		<feat xlink:href="#sSpan983" value="ⲡⲉⲕⲉⲓⲱⲧ"/>
		<feat xlink:href="#sSpan987" value="ⲉⲧϭⲱϣⲧ"/>
		<feat xlink:href="#sSpan990" value="ⲉⲣⲟⲕ"/>
		<feat xlink:href="#sSpan993" value="ϩⲙⲡⲡⲉⲑⲏⲡ"/>
		<feat xlink:href="#sSpan998" value="ϥⲛⲁⲧⲱⲱⲃⲉ"/>
		<feat xlink:href="#sSpan1002" value="ⲛⲁⲕ"/>
		<feat xlink:href="#sSpan1005" value="."/>
		<feat xlink:href="#sSpan1007" value="ⲙⲡⲣⲥⲱⲟⲩϩ"/>
		<feat xlink:href="#sSpan1011" value="ⲛⲏⲧⲛ"/>
		<feat xlink:href="#sSpan1014" value="ⲉϩⲟⲩⲛ"/>
		<feat xlink:href="#sSpan1016" value="ⲛϩⲛⲁϩⲟ"/>
		<feat xlink:href="#sSpan1020" value="ϩⲓϫⲙⲡⲕⲁϩ"/>
		<feat xlink:href="#sSpan1025" value="."/>
		<feat xlink:href="#sSpan1028" value="ⲡⲙⲁ"/>
		<feat xlink:href="#sSpan1031" value="ⲛϣⲁⲣⲉ"/>
		<feat xlink:href="#sSpan1035" value="ⲧϫⲟⲟⲗⲉⲥ"/>
		<feat xlink:href="#sSpan1038" value="ⲙⲛⲧϩⲟⲟⲗⲉ"/>
		<feat xlink:href="#sSpan1043" value="ⲧⲁⲕⲟ"/>
		<feat xlink:href="#sSpan1045" value="ⲛϩⲏⲧϥ"/>
		<feat xlink:href="#sSpan1048" value="."/>
		<feat xlink:href="#sSpan1050" value="ⲁⲩⲱ"/>
		<feat xlink:href="#sSpan1053" value="ⲡⲙⲁ"/>
		<feat xlink:href="#sSpan1056" value="ⲛϣⲁⲣⲉ"/>
		<feat xlink:href="#sSpan1060" value="ⲛⲣⲉϥϫⲓⲟⲩⲉ"/>
		<feat xlink:href="#sSpan1065" value="ϣⲟϫⲧ"/>
		<feat xlink:href="#sSpan1067" value="ⲉⲣⲟϥ"/>
		<feat xlink:href="#sSpan1070" value="ⲛⲥⲉϫⲓⲟⲩⲉ"/>
		<feat xlink:href="#sSpan1074" value="."/>
		<feat xlink:href="#sSpan1076" value="ⲥⲱⲟⲩϩ"/>
		<feat xlink:href="#sSpan1079" value="ⲇⲉ"/>
		<feat xlink:href="#sSpan1081" value="ⲛⲏⲧⲛ"/>
		<feat xlink:href="#sSpan1084" value="ⲉϩⲟⲩⲛ"/>
		<feat xlink:href="#sSpan1086" value="ⲛϩⲛⲁϩⲟ"/>
		<feat xlink:href="#sSpan1090" value="ϩⲛⲧⲡⲉ"/>
		<feat xlink:href="#sSpan1095" value="."/>
		<feat xlink:href="#sSpan1097" value="ⲡⲙⲁ"/>
		<feat xlink:href="#sSpan1101" value="ⲉⲧⲉⲙⲉⲣⲉϫⲟⲟⲗⲉⲥ"/>
		<feat xlink:href="#sSpan1106" value="ⲟⲩⲇⲉ"/>
		<feat xlink:href="#sSpan1109" value="ϩⲟⲟⲗⲉ"/>
		<feat xlink:href="#sSpan1111" value="ⲧⲁⲕⲟ"/>
		<feat xlink:href="#sSpan1113" value="ⲛϩⲏⲧϥ"/>
		<feat xlink:href="#sSpan1116" value="."/>
		<feat xlink:href="#sSpan1118" value="ⲁⲩⲱ"/>
		<feat xlink:href="#sSpan1120" value="ⲡⲙⲁ"/>
		<feat xlink:href="#sSpan1124" value="ⲉⲧⲉⲙⲉⲣⲉⲣⲉϥϫⲓⲟⲩⲉ"/>
		<feat xlink:href="#sSpan1131" value="ϭⲱⲧϩ"/>
		<feat xlink:href="#sSpan1133" value="ⲉⲣⲟϥ"/>
		<feat xlink:href="#sSpan1136" value="ⲛⲥⲉϫⲓⲟⲩⲉ"/>
		<feat xlink:href="#sSpan1140" value="."/>
		<feat xlink:href="#sSpan1142" value="ⲡⲙⲁ"/>
		<feat xlink:href="#sSpan1147" value="ⲅⲁⲣ"/>
		<feat xlink:href="#sSpan1149" value="ⲉⲧⲉⲣⲉⲡⲉⲕⲁϩⲟ"/>
		<feat xlink:href="#sSpan1154" value="ⲛⲁϣⲱⲡⲉ"/>
		<feat xlink:href="#sSpan1157" value="ⲛϩⲏⲧϥ"/>
		<feat xlink:href="#sSpan1160" value="ⲉϥⲛⲁϣⲱⲡⲉ"/>
		<feat xlink:href="#sSpan1165" value="ⲙⲙⲁⲩ"/>
		<feat xlink:href="#sSpan1167" value="ⲛϭⲓⲡⲉⲕⲕⲉϩⲏⲧ"/>
		<feat xlink:href="#sSpan1173" value="."/>
		<feat xlink:href="#sSpan1175" value="ⲡϩⲏⲃⲥ"/>
		<feat xlink:href="#sSpan1180" value="ⲙⲡⲥⲱⲙⲁ"/>
		<feat xlink:href="#sSpan1185" value="ⲡⲉ"/>
		<feat xlink:href="#sSpan1188" value="ⲡⲃⲁⲗ"/>
		<feat xlink:href="#sSpan1191" value="."/>
		<feat xlink:href="#sSpan1193" value="ⲉϣⲱⲡⲉ"/>
		<feat xlink:href="#sSpan1195" value="ⲇⲉ"/>
		<feat xlink:href="#sSpan1198" value="ⲡⲉⲕⲃⲁⲗ"/>
		<feat xlink:href="#sSpan1202" value="ⲟⲩϩⲁⲡⲗⲟⲩⲥ"/>
		<feat xlink:href="#sSpan1205" value="ⲡⲉ"/>
		<feat xlink:href="#sSpan1207" value="."/>
		<feat xlink:href="#sSpan1209" value="ⲡⲉⲕⲥⲱⲙⲁ"/>
		<feat xlink:href="#sSpan1213" value="ⲧⲏⲣϥ"/>
		<feat xlink:href="#sSpan1216" value="ⲛⲁϣⲱⲡⲉ"/>
		<feat xlink:href="#sSpan1219" value="ⲉϥⲟ"/>
		<feat xlink:href="#sSpan1224" value="ⲛⲟⲩⲟⲉⲓⲛ"/>
		<feat xlink:href="#sSpan1228" value="."/>
		<feat xlink:href="#sSpan1230" value="ⲉϣⲱⲡⲉ"/>
		<feat xlink:href="#sSpan1233" value="ⲇⲉ"/>
		<feat xlink:href="#sSpan1236" value="ⲡⲉⲕⲃⲁⲗ"/>
		<feat xlink:href="#sSpan1240" value="ⲟⲩⲡⲟⲛⲏⲣⲟⲥ"/>
		<feat xlink:href="#sSpan1243" value="ⲡⲉ"/>
		<feat xlink:href="#sSpan1245" value="ⲡⲉⲕⲥⲱⲙⲁ"/>
		<feat xlink:href="#sSpan1249" value="ⲧⲏⲣϥ"/>
		<feat xlink:href="#sSpan1252" value="ⲛⲁϣⲱⲡⲉ"/>
		<feat xlink:href="#sSpan1255" value="ⲉϥⲟ"/>
		<feat xlink:href="#sSpan1260" value="ⲛⲕⲁⲕⲉ"/>
		<feat xlink:href="#sSpan1264" value="ⲉϣϫⲉ"/>
		<feat xlink:href="#sSpan1266" value="ⲡⲟⲩⲟⲉⲓⲛ"/>
		<feat xlink:href="#sSpan1270" value="ϭⲉ"/>
		<feat xlink:href="#sSpan1273" value="ⲉⲧⲛϩⲏⲧⲕ"/>
		<feat xlink:href="#sSpan1277" value="ⲟⲩⲕⲁⲕⲉ"/>
		<feat xlink:href="#sSpan1281" value="ⲡⲉ"/>
		<feat xlink:href="#sSpan1284" value="ⲡⲕⲁⲕⲉ"/>
		<feat xlink:href="#sSpan1287" value="ⲟⲩⲏⲣ"/>
		<feat xlink:href="#sSpan1289" value="ⲡⲉ"/>
		<feat xlink:href="#sSpan1291" value="."/>
		<feat xlink:href="#sSpan1293" value="ⲙⲛϭⲟⲙ"/>
		<feat xlink:href="#sSpan1297" value="ⲛⲗⲁⲁⲩ"/>
		<feat xlink:href="#sSpan1301" value="ⲉⲣϩⲙϩⲁⲗ"/>
		<feat xlink:href="#sSpan1306" value="ⲛϫⲟⲉⲓⲥ"/>
		<feat xlink:href="#sSpan1310" value="ⲥⲛⲁⲩ"/>
		<feat xlink:href="#sSpan1312" value="ⲏⲅⲁⲣ"/>
		<feat xlink:href="#sSpan1315" value="ϥⲛⲁⲙⲉⲥⲧⲉ"/>
		<feat xlink:href="#sSpan1320" value="ⲟⲩⲁ"/>
		<feat xlink:href="#sSpan1322" value="ⲛϥⲙⲉⲣⲉ"/>
		<feat xlink:href="#sSpan1327" value="ⲟⲩⲁ"/>
		<feat xlink:href="#sSpan1329" value="ⲏⲛϥϭⲟⲗϫϥ"/>
		<feat xlink:href="#sSpan1335" value="ⲛⲟⲩⲁ"/>
		<feat xlink:href="#sSpan1339" value="ⲛϥⲕⲁⲧⲁⲫⲣⲟⲛⲉⲓ"/>
		<feat xlink:href="#sSpan1343" value="ⲙⲡⲕⲉⲟⲩⲁ"/>
		<feat xlink:href="#sSpan1349" value="ⲙⲛϭⲟⲙ"/>
		<feat xlink:href="#sSpan1352" value="ⲙⲙⲱⲧⲛ"/>
		<feat xlink:href="#sSpan1355" value="ⲉⲣϩⲙϩⲁⲗ"/>
		<feat xlink:href="#sSpan1360" value="ⲙⲡⲛⲟⲩⲧⲉ"/>
		<feat xlink:href="#sSpan1365" value="ⲙⲛⲡⲙⲁⲙⲱⲛⲁⲥ"/>
		<feat xlink:href="#sSpan1370" value="."/>
		<feat xlink:href="#sSpan1373" value="ⲉⲧⲃⲉⲡⲁⲓ"/>
		<feat xlink:href="#sSpan1378" value="ϯϫⲱ"/>
		<feat xlink:href="#sSpan1381" value="ⲙⲙⲟⲥ"/>
		<feat xlink:href="#sSpan1384" value="ⲛⲏⲧⲛ"/>
		<feat xlink:href="#sSpan1387" value="ϫⲉⲙⲡⲣϥⲓⲣⲟⲟⲩϣ"/>
		<feat xlink:href="#sSpan1393" value="ⲉⲧⲉⲧⲛⲯⲩⲭⲏ"/>
		<feat xlink:href="#sSpan1398" value="ϫⲉⲟⲩ"/>
		<feat xlink:href="#sSpan1401" value="ⲡⲉⲧⲉⲧⲛⲁⲟⲩⲟⲙϥ"/>
		<feat xlink:href="#sSpan1406" value="ⲏⲟⲩ"/>
		<feat xlink:href="#sSpan1409" value="ⲡⲉⲧⲉⲧⲛⲁⲥⲟⲟϥ"/>
		<feat xlink:href="#sSpan1414" value="ⲟⲩⲧⲉ"/>
		<feat xlink:href="#sSpan1417" value="ⲡⲉⲧⲛⲥⲱⲙⲁ"/>
		<feat xlink:href="#sSpan1420" value="ϫⲉⲟⲩ"/>
		<feat xlink:href="#sSpan1423" value="ⲡⲉⲧⲉⲧⲛⲁⲧⲁⲁϥ"/>
		<feat xlink:href="#sSpan1428" value="ϩⲓⲱⲧⲧⲏⲩⲧⲛ"/>
		<feat xlink:href="#sSpan1431" value="ⲙ"/>
		<feat xlink:href="#sSpan1433" value="ⲏ"/>
		<feat xlink:href="#sSpan1436" value="ⲧⲉⲯⲩⲭⲏ"/>
		<feat xlink:href="#sSpan1439" value="ⲟⲩⲟⲟⲧ"/>
		<feat xlink:href="#sSpan1441" value="ⲁⲛ"/>
		<feat xlink:href="#sSpan1443" value="ⲉⲧⲉϩⲣⲉ"/>
		<feat xlink:href="#sSpan1448" value="ⲁⲩⲱ"/>
		<feat xlink:href="#sSpan1450" value="ⲡⲥⲱⲙⲁ"/>
		<feat xlink:href="#sSpan1454" value="ⲉⲧϩⲃⲥⲱ"/>
		<feat xlink:href="#sSpan1459" value="."/>
		<feat xlink:href="#sSpan1461" value="ϭⲱϣⲧ"/>
		<feat xlink:href="#sSpan1464" value="ⲉⲛϩⲁⲗⲁⲧⲉ"/>
		<feat xlink:href="#sSpan1469" value="ⲛⲧⲡⲉ"/>
		<feat xlink:href="#sSpan1474" value="ϫⲉⲉⲥⲉϫⲟ"/>
		<feat xlink:href="#sSpan1478" value="ⲁⲛ"/>
		<feat xlink:href="#sSpan1480" value="ⲟⲩⲧⲉ"/>
		<feat xlink:href="#sSpan1482" value="ⲛⲥⲉⲱϩⲥ"/>
		<feat xlink:href="#sSpan1486" value="ⲁⲛ"/>
		<feat xlink:href="#sSpan1488" value="ⲟⲩⲇⲉ"/>
		<feat xlink:href="#sSpan1490" value="ⲛⲥⲉⲥⲱⲟⲩϩ"/>
		<feat xlink:href="#sSpan1494" value="ⲁⲛ"/>
		<feat xlink:href="#sSpan1496" value="ⲉϩⲟⲩⲛ"/>
		<feat xlink:href="#sSpan1498" value="ⲉⲁⲡⲟⲑⲏⲕⲏ"/>
		<feat xlink:href="#sSpan1502" value="ⲁⲩⲱ"/>
		<feat xlink:href="#sSpan1504" value="ⲡⲉⲧⲛⲉⲓⲱⲧ"/>
		<feat xlink:href="#sSpan1508" value="ⲉⲧϩⲛⲙⲡⲏⲩⲉ"/>
		<feat xlink:href="#sSpan1514" value="ⲥⲁⲛϣ"/>
		<feat xlink:href="#sSpan1516" value="ⲙⲙⲟⲟⲩ"/>
		<feat xlink:href="#sSpan1519" value="ⲛⲧⲱⲧⲛ"/>
		<feat xlink:href="#sSpan1521" value="ϭⲉ"/>
		<feat xlink:href="#sSpan1523" value="ⲛϩⲟⲩⲟ"/>
		<feat xlink:href="#sSpan1526" value="ⲙⲏ"/>
		<feat xlink:href="#sSpan1528" value="ⲛⲧⲉⲧⲛϣⲟⲃⲉ"/>
		<feat xlink:href="#sSpan1532" value="ⲁⲛ"/>
		<feat xlink:href="#sSpan1534" value="ⲉⲣⲟⲟⲩ"/>
		<feat xlink:href="#sSpan1537" value="."/>
		<feat xlink:href="#sSpan1539" value="ⲛⲓⲙ"/>
		<feat xlink:href="#sSpan1542" value="ⲇⲉ"/>
		<feat xlink:href="#sSpan1544" value="ⲉⲃⲟⲗ"/>
		<feat xlink:href="#sSpan1547" value="ⲛϩⲏⲧⲧⲏⲩⲧⲛ"/>
		<feat xlink:href="#sSpan1550" value="ⲉϥϥⲓⲣⲟⲟⲩϣ"/>
		<feat xlink:href="#sSpan1556" value="ⲉⲩⲛϭⲟⲙ"/>
		<feat xlink:href="#sSpan1560" value="ⲙⲙⲟϥ"/>
		<feat xlink:href="#sSpan1563" value="ⲉⲟⲩⲉϩⲟⲩⲙⲁϩⲉ"/>
		<feat xlink:href="#sSpan1569" value="ⲉϩⲣⲁⲓ"/>
		<feat xlink:href="#sSpan1571" value="ⲉϫⲛⲧⲉϥϣⲓⲏ"/>
		<feat xlink:href="#sSpan1576" value="."/>
		<feat xlink:href="#sSpan1578" value="ⲁⲩⲱ"/>
		<feat xlink:href="#sSpan1581" value="ⲁϩⲣⲱⲧⲛ"/>
		<feat xlink:href="#sSpan1586" value="ⲧⲉⲧⲛϥⲓⲣⲟⲟⲩϣ"/>
		<feat xlink:href="#sSpan1591" value="ϩⲁⲑⲃⲥⲱ"/>
		<feat xlink:href="#sSpan1596" value="ϭⲱϣⲧ"/>
		<feat xlink:href="#sSpan1598" value="ⲉⲛⲉⲕⲣⲓⲛⲟⲛ"/>
		<feat xlink:href="#sSpan1603" value="ⲛⲧⲥⲱϣⲉ"/>
		<feat xlink:href="#sSpan1608" value="ⲛⲧϩⲉ"/>
		<feat xlink:href="#sSpan1612" value="ⲉⲧⲟⲩⲁⲩⲝⲁⲛⲉ"/>
		<feat xlink:href="#sSpan1616" value="ⲙⲙⲟⲥ"/>
		<feat xlink:href="#sSpan1619" value="ϫⲉⲛⲥⲉϩⲓⲥⲉ"/>
		<feat xlink:href="#sSpan1624" value="ⲁⲛ"/>
		<feat xlink:href="#sSpan1626" value="ⲟⲩⲇⲉ"/>
		<feat xlink:href="#sSpan1628" value="ⲛⲥⲉⲣⲉⲓⲟⲡⲉ"/>
		<feat xlink:href="#sSpan1632" value="ⲁⲛ"/>
		<feat xlink:href="#sSpan1634" value="."/>
		<feat xlink:href="#sSpan1636" value="ϯϫⲱ"/>
		<feat xlink:href="#sSpan1640" value="ⲙⲙⲟⲥ"/>
		<feat xlink:href="#sSpan1643" value="ⲛⲏⲧⲛ"/>
		<feat xlink:href="#sSpan1646" value="ϫⲉⲟⲩⲇⲉ"/>
		<feat xlink:href="#sSpan1649" value="ⲥⲟⲗⲟⲙⲱⲛ"/>
		<feat xlink:href="#sSpan1652" value="ϩⲙⲡⲉϥⲉⲟⲟⲩ"/>
		<feat xlink:href="#sSpan1657" value="ⲧⲏⲣϥ"/>
		<feat xlink:href="#sSpan1660" value="ⲙⲡⲉϥϯ"/>
		<feat xlink:href="#sSpan1665" value="ϩⲓⲱⲱϥ"/>
		<feat xlink:href="#sSpan1668" value="ⲛⲧϩⲉ"/>
		<feat xlink:href="#sSpan1672" value="ⲛⲟⲩⲁ"/>
		<feat xlink:href="#sSpan1676" value="ⲛⲛⲁⲓ"/>
		<feat xlink:href="#sSpan1680" value="."/>
		<feat xlink:href="#sSpan1682" value="ⲉϣϫⲉ"/>
		<feat xlink:href="#sSpan1685" value="ⲡⲉⲭⲟⲣⲧⲟⲥ"/>
		<feat xlink:href="#sSpan1689" value="ⲛⲧⲥⲱϣⲉ"/>
		<feat xlink:href="#sSpan1694" value="ⲉϥϣⲟⲟⲡ"/>
		<feat xlink:href="#sSpan1698" value="ⲙⲡⲟⲟⲩ"/>
		<feat xlink:href="#sSpan1703" value="ⲣⲁⲥⲧⲉ"/>
		<feat xlink:href="#sSpan1705" value="ⲉⲩⲛⲁⲛⲟϫϥ"/>
		<feat xlink:href="#sSpan1711" value="ⲉⲧⲉⲧⲣⲓⲣ"/>
		<feat xlink:href="#sSpan1716" value="."/>
		<feat xlink:href="#sSpan1719" value="ⲡⲛⲟⲩⲧⲉ"/>
		<feat xlink:href="#sSpan1723" value="ϯϩⲓⲱⲱϥ"/>
		<feat xlink:href="#sSpan1727" value="ⲛⲧⲉⲓϩⲉ"/>
		<feat xlink:href="#sSpan1731" value="."/>
		<feat xlink:href="#sSpan1733" value="ⲡⲟⲥⲟ"/>
		<feat xlink:href="#sSpan1737" value="ⲙⲁⲗⲗⲟⲛ"/>
		<feat xlink:href="#sSpan1739" value="ϩⲓⲱⲧⲧⲏⲩⲧⲛ"/>
		<feat xlink:href="#sSpan1742" value="ⲛⲁⲧⲕⲟⲩⲓ"/>
		<feat xlink:href="#sSpan1747" value="ⲙⲡⲓⲥⲧⲓⲥ"/>
		<feat xlink:href="#sSpan1750" value="."/>
		<feat xlink:href="#sSpan1752" value="ⲙⲡⲣϥⲓⲣⲟⲟⲩϣ"/>
		<feat xlink:href="#sSpan1759" value="ϭⲉ"/>
		<feat xlink:href="#sSpan1761" value="ⲉⲧⲉⲧⲛϫⲱ"/>
		<feat xlink:href="#sSpan1765" value="ⲙⲙⲟⲥ"/>
		<feat xlink:href="#sSpan1768" value="ϫⲉⲟⲩ"/>
		<feat xlink:href="#sSpan1771" value="ⲡⲉⲧⲛⲛⲁⲟⲩⲟⲙϥ"/>
		<feat xlink:href="#sSpan1778" value="."/>
		<feat xlink:href="#sSpan1780" value="ⲏⲟⲩ"/>
		<feat xlink:href="#sSpan1783" value="ⲡⲉⲧⲛⲛⲁⲥⲟⲟϥ"/>
		<feat xlink:href="#sSpan1790" value="."/>
		<feat xlink:href="#sSpan1792" value="ⲏⲟⲩ"/>
		<feat xlink:href="#sSpan1795" value="ⲡⲉⲧⲉⲧⲛⲁⲧⲁⲁϥ"/>
		<feat xlink:href="#sSpan1800" value="ϩⲓⲱⲧⲧⲏⲩⲧⲛ"/>
		<feat xlink:href="#sSpan1803" value="."/>
		<feat xlink:href="#sSpan1805" value="ⲛⲁⲓ"/>
		<feat xlink:href="#sSpan1809" value="ⲅⲁⲣ"/>
		<feat xlink:href="#sSpan1811" value="ⲧⲏⲣⲟⲩ"/>
		<feat xlink:href="#sSpan1814" value="ⲛϩⲉⲑⲛⲟⲥ"/>
		<feat xlink:href="#sSpan1818" value="ⲛⲉⲧϣⲓⲛⲉ"/>
		<feat xlink:href="#sSpan1824" value="ⲛⲥⲱⲟⲩ"/>
		<feat xlink:href="#sSpan1827" value="."/>
		<feat xlink:href="#sSpan1829" value="ϥⲥⲟⲟⲩⲛ"/>
		<feat xlink:href="#sSpan1832" value="ⲅⲁⲣ"/>
		<feat xlink:href="#sSpan1834" value="ⲛϭⲓⲡⲉⲧⲛⲉⲓⲱⲧ"/>
		<feat xlink:href="#sSpan1839" value="ⲉⲧϩⲛⲙⲡⲏⲩⲉ"/>
		<feat xlink:href="#sSpan1845" value="ϫⲉⲧⲉⲧⲛⲣⲭⲣⲓⲁ"/>
		<feat xlink:href="#sSpan1851" value="ⲛⲛⲁⲓ"/>
		<feat xlink:href="#sSpan1855" value="ⲧⲏⲣⲟⲩ"/>
		<feat xlink:href="#sSpan1858" value="."/>
		<feat xlink:href="#sSpan1860" value="ϣⲓⲛⲉ"/>
		<feat xlink:href="#sSpan1863" value="ⲇⲉ"/>
		<feat xlink:href="#sSpan1865" value="ⲛϣⲟⲣⲡ"/>
		<feat xlink:href="#sSpan1868" value="ⲛⲥⲁⲧⲉϥⲙⲛⲧⲣⲣⲟ"/>
		<feat xlink:href="#sSpan1875" value="ⲙⲛⲧⲉϥⲇⲓⲕⲁⲓⲟⲥⲩⲛⲏ"/>
		<feat xlink:href="#sSpan1880" value="."/>
		<feat xlink:href="#sSpan1882" value="ⲁⲩⲱ"/>
		<feat xlink:href="#sSpan1884" value="ⲛⲁⲓ"/>
		<feat xlink:href="#sSpan1887" value="ⲧⲏⲣⲟⲩ"/>
		<feat xlink:href="#sSpan1890" value="ⲥⲉⲛⲁⲟⲩⲁϩⲟⲩ"/>
		<feat xlink:href="#sSpan1895" value="ⲉⲣⲱⲧⲛ"/>
		<feat xlink:href="#sSpan1898" value="."/>
		<feat xlink:href="#sSpan1900" value="ⲙⲡⲣϥⲓⲣⲟⲟⲩϣ"/>
		<feat xlink:href="#sSpan1906" value="ϭⲉ"/>
		<feat xlink:href="#sSpan1908" value="ⲉⲡⲉϥⲣⲁⲥⲧⲉ"/>
		<feat xlink:href="#sSpan1913" value="."/>
		<feat xlink:href="#sSpan1915" value="ⲣⲁⲥⲧⲉ"/>
		<feat xlink:href="#sSpan1917" value="ⲅⲁⲣ"/>
		<feat xlink:href="#sSpan1919" value="ⲛⲁϥⲓⲣⲟⲟⲩϣ"/>
		<feat xlink:href="#sSpan1924" value="ϩⲁⲣⲟϥ"/>
		<feat xlink:href="#sSpan1927" value="."/>
		<feat xlink:href="#sSpan1929" value="ϩⲱ"/>
		<feat xlink:href="#sSpan1932" value="ⲉⲡⲉϩⲟⲟⲩ"/>
		<feat xlink:href="#sSpan1938" value="ⲡⲉϩⲟⲟⲩ"/>
		<feat xlink:href="#sSpan1941" value="ⲉⲧⲉϥⲕⲁⲕⲓⲁ"/>
		<feat xlink:href="#sSpan1946" value="."/></featList></paula>