<?xml version='1.0' encoding='UTF-8'?><!DOCTYPE paula SYSTEM "paula_feat.dtd">
<paula version="1.1">
	<header paula_id="scriptorium.40_Matthew_06.mark_entity"/>
	<featList xmlns:xlink="http://www.w3.org/1999/xlink" type="entity" xml:base="scriptorium.40_Matthew_06.mark.xml">
		<feat xlink:href="#sSpan10" value="event"/>
		<feat xlink:href="#sSpan21" value="abstract"/>
		<feat xlink:href="#sSpan28" value="person"/>
		<feat xlink:href="#sSpan51" value="abstract"/>
		<feat xlink:href="#sSpan57" value="person"/>
		<feat xlink:href="#sSpan63" value="place"/>
		<feat xlink:href="#sSpan80" value="abstract"/>
		<feat xlink:href="#sSpan93" value="abstract"/>
		<feat xlink:href="#sSpan102" value="person"/>
		<feat xlink:href="#sSpan116" value="organization"/>
		<feat xlink:href="#sSpan126" value="place"/>
		<feat xlink:href="#sSpan146" value="person"/>
		<feat xlink:href="#sSpan173" value="abstract"/>
		<feat xlink:href="#sSpan188" value="abstract"/>
		<feat xlink:href="#sSpan195" value="object"/>
		<feat xlink:href="#sSpan206" value="object"/>
		<feat xlink:href="#sSpan223" value="abstract"/>
		<feat xlink:href="#sSpan232" value="abstract"/>
		<feat xlink:href="#sSpan241" value="person"/>
		<feat xlink:href="#sSpan252" value="abstract"/>
		<feat xlink:href="#sSpan272" value="abstract"/>
		<feat xlink:href="#sSpan287" value="person"/>
		<feat xlink:href="#sSpan296" value="object"/>
		<feat xlink:href="#sSpan301" value="organization"/>
		<feat xlink:href="#sSpan306" value="place"/>
		<feat xlink:href="#sSpan311" value="object"/>
		<feat xlink:href="#sSpan327" value="person"/>
		<feat xlink:href="#sSpan354" value="abstract"/>
		<feat xlink:href="#sSpan376" value="place"/>
		<feat xlink:href="#sSpan385" value="place"/>
		<feat xlink:href="#sSpan396" value="person"/>
		<feat xlink:href="#sSpan402" value="abstract"/>
		<feat xlink:href="#sSpan410" value="person"/>
		<feat xlink:href="#sSpan421" value="abstract"/>
		<feat xlink:href="#sSpan447" value="abstract"/>
		<feat xlink:href="#sSpan455" value="person"/>
		<feat xlink:href="#sSpan466" value="object"/>
		<feat xlink:href="#sSpan471" value="abstract"/>
		<feat xlink:href="#sSpan478" value="abstract"/>
		<feat xlink:href="#sSpan501" value="person"/>
		<feat xlink:href="#sSpan509" value="person"/>
		<feat xlink:href="#sSpan532" value="abstract"/>
		<feat xlink:href="#sSpan546" value="abstract"/>
		<feat xlink:href="#sSpan558" value="person"/>
		<feat xlink:href="#sSpan564" value="place"/>
		<feat xlink:href="#sSpan569" value="abstract"/>
		<feat xlink:href="#sSpan576" value="abstract"/>
		<feat xlink:href="#sSpan587" value="abstract"/>
		<feat xlink:href="#sSpan604" value="abstract"/>
		<feat xlink:href="#sSpan615" value="place"/>
		<feat xlink:href="#sSpan621" value="object"/>
		<feat xlink:href="#sSpan629" value="substance"/>
		<feat xlink:href="#sSpan637" value="time"/>
		<feat xlink:href="#sSpan652" value="abstract"/>
		<feat xlink:href="#sSpan670" value="abstract"/>
		<feat xlink:href="#sSpan678" value="person"/>
		<feat xlink:href="#sSpan699" value="abstract"/>
		<feat xlink:href="#sSpan714" value="person"/>
		<feat xlink:href="#sSpan722" value="abstract"/>
		<feat xlink:href="#sSpan728" value="abstract"/>
		<feat xlink:href="#sSpan733" value="time"/>
		<feat xlink:href="#sSpan750" value="person"/>
		<feat xlink:href="#sSpan755" value="abstract"/>
		<feat xlink:href="#sSpan772" value="person"/>
		<feat xlink:href="#sSpan778" value="place"/>
		<feat xlink:href="#sSpan783" value="abstract"/>
		<feat xlink:href="#sSpan800" value="person"/>
		<feat xlink:href="#sSpan805" value="abstract"/>
		<feat xlink:href="#sSpan822" value="person"/>
		<feat xlink:href="#sSpan828" value="place"/>
		<feat xlink:href="#sSpan833" value="abstract"/>
		<feat xlink:href="#sSpan854" value="person"/>
		<feat xlink:href="#sSpan868" value="object"/>
		<feat xlink:href="#sSpan881" value="person"/>
		<feat xlink:href="#sSpan912" value="abstract"/>
		<feat xlink:href="#sSpan926" value="object"/>
		<feat xlink:href="#sSpan932" value="object"/>
		<feat xlink:href="#sSpan941" value="object"/>
		<feat xlink:href="#sSpan951" value="abstract"/>
		<feat xlink:href="#sSpan959" value="person"/>
		<feat xlink:href="#sSpan972" value="person"/>
		<feat xlink:href="#sSpan978" value="abstract"/>
		<feat xlink:href="#sSpan984" value="person"/>
		<feat xlink:href="#sSpan995" value="abstract"/>
		<feat xlink:href="#sSpan1018" value="abstract"/>
		<feat xlink:href="#sSpan1022" value="place"/>
		<feat xlink:href="#sSpan1027" value="place"/>
		<feat xlink:href="#sSpan1034" value="animal"/>
		<feat xlink:href="#sSpan1040" value="animal"/>
		<feat xlink:href="#sSpan1052" value="place"/>
		<feat xlink:href="#sSpan1059" value="person"/>
		<feat xlink:href="#sSpan1088" value="abstract"/>
		<feat xlink:href="#sSpan1092" value="place"/>
		<feat xlink:href="#sSpan1098" value="place"/>
		<feat xlink:href="#sSpan1104" value="animal"/>
		<feat xlink:href="#sSpan1108" value="animal"/>
		<feat xlink:href="#sSpan1121" value="place"/>
		<feat xlink:href="#sSpan1128" value="person"/>
		<feat xlink:href="#sSpan1143" value="place"/>
		<feat xlink:href="#sSpan1151" value="abstract"/>
		<feat xlink:href="#sSpan1169" value="abstract"/>
		<feat xlink:href="#sSpan1176" value="object"/>
		<feat xlink:href="#sSpan1182" value="object"/>
		<feat xlink:href="#sSpan1187" value="object"/>
		<feat xlink:href="#sSpan1197" value="object"/>
		<feat xlink:href="#sSpan1201" value="object"/>
		<feat xlink:href="#sSpan1210" value="object"/>
		<feat xlink:href="#sSpan1226" value="abstract"/>
		<feat xlink:href="#sSpan1235" value="object"/>
		<feat xlink:href="#sSpan1239" value="person"/>
		<feat xlink:href="#sSpan1246" value="object"/>
		<feat xlink:href="#sSpan1262" value="abstract"/>
		<feat xlink:href="#sSpan1267" value="abstract"/>
		<feat xlink:href="#sSpan1272" value="abstract"/>
		<feat xlink:href="#sSpan1278" value="abstract"/>
		<feat xlink:href="#sSpan1283" value="abstract"/>
		<feat xlink:href="#sSpan1299" value="abstract"/>
		<feat xlink:href="#sSpan1308" value="person"/>
		<feat xlink:href="#sSpan1319" value="person"/>
		<feat xlink:href="#sSpan1326" value="abstract"/>
		<feat xlink:href="#sSpan1337" value="person"/>
		<feat xlink:href="#sSpan1345" value="person"/>
		<feat xlink:href="#sSpan1362" value="person"/>
		<feat xlink:href="#sSpan1367" value="person"/>
		<feat xlink:href="#sSpan1376" value="abstract"/>
		<feat xlink:href="#sSpan1395" value="abstract"/>
		<feat xlink:href="#sSpan1416" value="object"/>
		<feat xlink:href="#sSpan1435" value="abstract"/>
		<feat xlink:href="#sSpan1445" value="object"/>
		<feat xlink:href="#sSpan1451" value="object"/>
		<feat xlink:href="#sSpan1456" value="object"/>
		<feat xlink:href="#sSpan1466" value="animal"/>
		<feat xlink:href="#sSpan1471" value="place"/>
		<feat xlink:href="#sSpan1500" value="abstract"/>
		<feat xlink:href="#sSpan1505" value="person"/>
		<feat xlink:href="#sSpan1511" value="place"/>
		<feat xlink:href="#sSpan1566" value="abstract"/>
		<feat xlink:href="#sSpan1573" value="abstract"/>
		<feat xlink:href="#sSpan1583" value="object"/>
		<feat xlink:href="#sSpan1593" value="object"/>
		<feat xlink:href="#sSpan1600" value="object"/>
		<feat xlink:href="#sSpan1605" value="place"/>
		<feat xlink:href="#sSpan1650" value="person"/>
		<feat xlink:href="#sSpan1654" value="abstract"/>
		<feat xlink:href="#sSpan1674" value="person"/>
		<feat xlink:href="#sSpan1678" value="abstract"/>
		<feat xlink:href="#sSpan1686" value="place"/>
		<feat xlink:href="#sSpan1691" value="place"/>
		<feat xlink:href="#sSpan1700" value="time"/>
		<feat xlink:href="#sSpan1713" value="object"/>
		<feat xlink:href="#sSpan1718" value="person"/>
		<feat xlink:href="#sSpan1734" value="abstract"/>
		<feat xlink:href="#sSpan1744" value="abstract"/>
		<feat xlink:href="#sSpan1758" value="person"/>
		<feat xlink:href="#sSpan1806" value="abstract"/>
		<feat xlink:href="#sSpan1816" value="person"/>
		<feat xlink:href="#sSpan1819" value="abstract"/>
		<feat xlink:href="#sSpan1836" value="person"/>
		<feat xlink:href="#sSpan1842" value="place"/>
		<feat xlink:href="#sSpan1853" value="abstract"/>
		<feat xlink:href="#sSpan1870" value="abstract"/>
		<feat xlink:href="#sSpan1877" value="abstract"/>
		<feat xlink:href="#sSpan1885" value="abstract"/>
		<feat xlink:href="#sSpan1910" value="time"/>
		<feat xlink:href="#sSpan1934" value="time"/>
		<feat xlink:href="#sSpan1937" value="time"/>
		<feat xlink:href="#sSpan1943" value="abstract"/></featList></paula>