<?xml version='1.0' encoding='UTF-8'?><!DOCTYPE paula SYSTEM "paula_feat.dtd">
<paula version="1.1">
	<header paula_id="scriptorium.40_Matthew_06.mark_new_sent"/>
	<featList xmlns:xlink="http://www.w3.org/1999/xlink" type="new_sent" xml:base="scriptorium.40_Matthew_06.mark.xml">
		<feat xlink:href="#sSpan2" value="true"/>
		<feat xlink:href="#sSpan67" value="true"/>
		<feat xlink:href="#sSpan177" value="true"/>
		<feat xlink:href="#sSpan217" value="true"/>
		<feat xlink:href="#sSpan263" value="true"/>
		<feat xlink:href="#sSpan358" value="true"/>
		<feat xlink:href="#sSpan432" value="true"/>
		<feat xlink:href="#sSpan489" value="true"/>
		<feat xlink:href="#sSpan530" value="true"/>
		<feat xlink:href="#sSpan575" value="true"/>
		<feat xlink:href="#sSpan619" value="true"/>
		<feat xlink:href="#sSpan641" value="true"/>
		<feat xlink:href="#sSpan687" value="true"/>
		<feat xlink:href="#sSpan739" value="true"/>
		<feat xlink:href="#sSpan787" value="true"/>
		<feat xlink:href="#sSpan837" value="true"/>
		<feat xlink:href="#sSpan916" value="true"/>
		<feat xlink:href="#sSpan945" value="true"/>
		<feat xlink:href="#sSpan1006" value="true"/>
		<feat xlink:href="#sSpan1075" value="true"/>
		<feat xlink:href="#sSpan1141" value="true"/>
		<feat xlink:href="#sSpan1174" value="true"/>
		<feat xlink:href="#sSpan1229" value="true"/>
		<feat xlink:href="#sSpan1292" value="true"/>
		<feat xlink:href="#sSpan1371" value="true"/>
		<feat xlink:href="#sSpan1460" value="true"/>
		<feat xlink:href="#sSpan1538" value="true"/>
		<feat xlink:href="#sSpan1577" value="true"/>
		<feat xlink:href="#sSpan1635" value="true"/>
		<feat xlink:href="#sSpan1681" value="true"/>
		<feat xlink:href="#sSpan1751" value="true"/>
		<feat xlink:href="#sSpan1804" value="true"/>
		<feat xlink:href="#sSpan1859" value="true"/>
		<feat xlink:href="#sSpan1899" value="true"/></featList></paula>