<?xml version='1.0' encoding='UTF-8'?><!DOCTYPE paula SYSTEM "paula_rel.dtd">
<paula version="1.1">
	<header paula_id="scriptorium.40_Matthew_06.head"/>
	<relList xmlns:xlink="http://www.w3.org/1999/xlink" type="head">
		<rel id="sPointingRel2063" xlink:href="scriptorium.40_Matthew_06.mark.xml#sSpan206" target="scriptorium.40_Matthew_06.mark.xml#sSpan208"/>
		<rel id="sPointingRel2065" xlink:href="scriptorium.40_Matthew_06.mark.xml#sSpan1842" target="scriptorium.40_Matthew_06.mark.xml#sSpan1843"/>
		<rel id="sPointingRel2067" xlink:href="scriptorium.40_Matthew_06.mark.xml#sSpan995" target="scriptorium.40_Matthew_06.mark.xml#sSpan996"/>
		<rel id="sPointingRel2069" xlink:href="scriptorium.40_Matthew_06.mark.xml#sSpan1308" target="scriptorium.40_Matthew_06.mark.xml#sSpan1307"/>
		<rel id="sPointingRel2071" xlink:href="scriptorium.40_Matthew_06.mark.xml#sSpan1435" target="scriptorium.40_Matthew_06.mark.xml#sSpan1437"/>
		<rel id="sPointingRel2073" xlink:href="scriptorium.40_Matthew_06.mark.xml#sSpan532" target="scriptorium.40_Matthew_06.mark.xml#sSpan530"/>
		<rel id="sPointingRel2075" xlink:href="scriptorium.40_Matthew_06.mark.xml#sSpan385" target="scriptorium.40_Matthew_06.mark.xml#sSpan386"/>
		<rel id="sPointingRel2077" xlink:href="scriptorium.40_Matthew_06.mark.xml#sSpan1934" target="scriptorium.40_Matthew_06.mark.xml#sSpan1935"/>
		<rel id="sPointingRel2079" xlink:href="scriptorium.40_Matthew_06.mark.xml#sSpan1104" target="scriptorium.40_Matthew_06.mark.xml#sSpan1103"/>
		<rel id="sPointingRel2081" xlink:href="scriptorium.40_Matthew_06.mark.xml#sSpan10" target="scriptorium.40_Matthew_06.mark.xml#sSpan11"/>
		<rel id="sPointingRel2083" xlink:href="scriptorium.40_Matthew_06.mark.xml#sSpan1700" target="scriptorium.40_Matthew_06.mark.xml#sSpan1701"/>
		<rel id="sPointingRel2085" xlink:href="scriptorium.40_Matthew_06.mark.xml#sSpan1583" target="scriptorium.40_Matthew_06.mark.xml#sSpan1582"/>
		<rel id="sPointingRel2087" xlink:href="scriptorium.40_Matthew_06.mark.xml#sSpan1299" target="scriptorium.40_Matthew_06.mark.xml#sSpan1298"/>
		<rel id="sPointingRel2089" xlink:href="scriptorium.40_Matthew_06.mark.xml#sSpan587" target="scriptorium.40_Matthew_06.mark.xml#sSpan589"/>
		<rel id="sPointingRel2091" xlink:href="scriptorium.40_Matthew_06.mark.xml#sSpan637" target="scriptorium.40_Matthew_06.mark.xml#sSpan638"/>
		<rel id="sPointingRel2093" xlink:href="scriptorium.40_Matthew_06.mark.xml#sSpan1235" target="scriptorium.40_Matthew_06.mark.xml#sSpan1237"/>
		<rel id="sPointingRel2095" xlink:href="scriptorium.40_Matthew_06.mark.xml#sSpan615" target="scriptorium.40_Matthew_06.mark.xml#sSpan616"/>
		<rel id="sPointingRel2097" xlink:href="scriptorium.40_Matthew_06.mark.xml#sSpan1870" target="scriptorium.40_Matthew_06.mark.xml#sSpan1872"/>
		<rel id="sPointingRel2099" xlink:href="scriptorium.40_Matthew_06.mark.xml#sSpan868" target="scriptorium.40_Matthew_06.mark.xml#sSpan869"/>
		<rel id="sPointingRel2101" xlink:href="scriptorium.40_Matthew_06.mark.xml#sSpan1505" target="scriptorium.40_Matthew_06.mark.xml#sSpan1506"/>
		<rel id="sPointingRel2103" xlink:href="scriptorium.40_Matthew_06.mark.xml#sSpan941" target="scriptorium.40_Matthew_06.mark.xml#sSpan942"/>
		<rel id="sPointingRel2105" xlink:href="scriptorium.40_Matthew_06.mark.xml#sSpan1466" target="scriptorium.40_Matthew_06.mark.xml#sSpan1467"/>
		<rel id="sPointingRel2107" xlink:href="scriptorium.40_Matthew_06.mark.xml#sSpan455" target="scriptorium.40_Matthew_06.mark.xml#sSpan456"/>
		<rel id="sPointingRel2109" xlink:href="scriptorium.40_Matthew_06.mark.xml#sSpan1744" target="scriptorium.40_Matthew_06.mark.xml#sSpan1745"/>
		<rel id="sPointingRel2111" xlink:href="scriptorium.40_Matthew_06.mark.xml#sSpan1819" target="scriptorium.40_Matthew_06.mark.xml#sSpan1817"/>
		<rel id="sPointingRel2113" xlink:href="scriptorium.40_Matthew_06.mark.xml#sSpan1445" target="scriptorium.40_Matthew_06.mark.xml#sSpan1446"/>
		<rel id="sPointingRel2115" xlink:href="scriptorium.40_Matthew_06.mark.xml#sSpan1169" target="scriptorium.40_Matthew_06.mark.xml#sSpan1171"/>
		<rel id="sPointingRel2117" xlink:href="scriptorium.40_Matthew_06.mark.xml#sSpan1034" target="scriptorium.40_Matthew_06.mark.xml#sSpan1036"/>
		<rel id="sPointingRel2119" xlink:href="scriptorium.40_Matthew_06.mark.xml#sSpan173" target="scriptorium.40_Matthew_06.mark.xml#sSpan174"/>
		<rel id="sPointingRel2121" xlink:href="scriptorium.40_Matthew_06.mark.xml#sSpan1395" target="scriptorium.40_Matthew_06.mark.xml#sSpan1396"/>
		<rel id="sPointingRel2123" xlink:href="scriptorium.40_Matthew_06.mark.xml#sSpan926" target="scriptorium.40_Matthew_06.mark.xml#sSpan925"/>
		<rel id="sPointingRel2125" xlink:href="scriptorium.40_Matthew_06.mark.xml#sSpan1593" target="scriptorium.40_Matthew_06.mark.xml#sSpan1594"/>
		<rel id="sPointingRel2127" xlink:href="scriptorium.40_Matthew_06.mark.xml#sSpan978" target="scriptorium.40_Matthew_06.mark.xml#sSpan979"/>
		<rel id="sPointingRel2129" xlink:href="scriptorium.40_Matthew_06.mark.xml#sSpan959" target="scriptorium.40_Matthew_06.mark.xml#sSpan960"/>
		<rel id="sPointingRel2131" xlink:href="scriptorium.40_Matthew_06.mark.xml#sSpan252" target="scriptorium.40_Matthew_06.mark.xml#sSpan253"/>
		<rel id="sPointingRel2133" xlink:href="scriptorium.40_Matthew_06.mark.xml#sSpan376" target="scriptorium.40_Matthew_06.mark.xml#sSpan377"/>
		<rel id="sPointingRel2135" xlink:href="scriptorium.40_Matthew_06.mark.xml#sSpan421" target="scriptorium.40_Matthew_06.mark.xml#sSpan422"/>
		<rel id="sPointingRel2137" xlink:href="scriptorium.40_Matthew_06.mark.xml#sSpan722" target="scriptorium.40_Matthew_06.mark.xml#sSpan724"/>
		<rel id="sPointingRel2139" xlink:href="scriptorium.40_Matthew_06.mark.xml#sSpan223" target="scriptorium.40_Matthew_06.mark.xml#sSpan225"/>
		<rel id="sPointingRel2141" xlink:href="scriptorium.40_Matthew_06.mark.xml#sSpan396" target="scriptorium.40_Matthew_06.mark.xml#sSpan397"/>
		<rel id="sPointingRel2143" xlink:href="scriptorium.40_Matthew_06.mark.xml#sSpan1128" target="scriptorium.40_Matthew_06.mark.xml#sSpan1127"/>
		<rel id="sPointingRel2145" xlink:href="scriptorium.40_Matthew_06.mark.xml#sSpan1573" target="scriptorium.40_Matthew_06.mark.xml#sSpan1574"/>
		<rel id="sPointingRel2147" xlink:href="scriptorium.40_Matthew_06.mark.xml#sSpan410" target="scriptorium.40_Matthew_06.mark.xml#sSpan411"/>
		<rel id="sPointingRel2149" xlink:href="scriptorium.40_Matthew_06.mark.xml#sSpan1362" target="scriptorium.40_Matthew_06.mark.xml#sSpan1363"/>
		<rel id="sPointingRel2151" xlink:href="scriptorium.40_Matthew_06.mark.xml#sSpan1674" target="scriptorium.40_Matthew_06.mark.xml#sSpan1673"/>
		<rel id="sPointingRel2153" xlink:href="scriptorium.40_Matthew_06.mark.xml#sSpan188" target="scriptorium.40_Matthew_06.mark.xml#sSpan190"/>
		<rel id="sPointingRel2155" xlink:href="scriptorium.40_Matthew_06.mark.xml#sSpan1654" target="scriptorium.40_Matthew_06.mark.xml#sSpan1655"/>
		<rel id="sPointingRel2157" xlink:href="scriptorium.40_Matthew_06.mark.xml#sSpan755" target="scriptorium.40_Matthew_06.mark.xml#sSpan756"/>
		<rel id="sPointingRel2159" xlink:href="scriptorium.40_Matthew_06.mark.xml#sSpan881" target="scriptorium.40_Matthew_06.mark.xml#sSpan882"/>
		<rel id="sPointingRel2161" xlink:href="scriptorium.40_Matthew_06.mark.xml#sSpan805" target="scriptorium.40_Matthew_06.mark.xml#sSpan806"/>
		<rel id="sPointingRel2163" xlink:href="scriptorium.40_Matthew_06.mark.xml#sSpan1734" target="scriptorium.40_Matthew_06.mark.xml#sSpan1735"/>
		<rel id="sPointingRel2165" xlink:href="scriptorium.40_Matthew_06.mark.xml#sSpan1877" target="scriptorium.40_Matthew_06.mark.xml#sSpan1878"/>
		<rel id="sPointingRel2167" xlink:href="scriptorium.40_Matthew_06.mark.xml#sSpan1678" target="scriptorium.40_Matthew_06.mark.xml#sSpan1677"/>
		<rel id="sPointingRel2169" xlink:href="scriptorium.40_Matthew_06.mark.xml#sSpan1283" target="scriptorium.40_Matthew_06.mark.xml#sSpan1285"/>
		<rel id="sPointingRel2171" xlink:href="scriptorium.40_Matthew_06.mark.xml#sSpan822" target="scriptorium.40_Matthew_06.mark.xml#sSpan823"/>
		<rel id="sPointingRel2173" xlink:href="scriptorium.40_Matthew_06.mark.xml#sSpan1197" target="scriptorium.40_Matthew_06.mark.xml#sSpan1199"/>
		<rel id="sPointingRel2175" xlink:href="scriptorium.40_Matthew_06.mark.xml#sSpan501" target="scriptorium.40_Matthew_06.mark.xml#sSpan503"/>
		<rel id="sPointingRel2177" xlink:href="scriptorium.40_Matthew_06.mark.xml#sSpan932" target="scriptorium.40_Matthew_06.mark.xml#sSpan933"/>
		<rel id="sPointingRel2179" xlink:href="scriptorium.40_Matthew_06.mark.xml#sSpan558" target="scriptorium.40_Matthew_06.mark.xml#sSpan559"/>
		<rel id="sPointingRel2181" xlink:href="scriptorium.40_Matthew_06.mark.xml#sSpan972" target="scriptorium.40_Matthew_06.mark.xml#sSpan973"/>
		<rel id="sPointingRel2183" xlink:href="scriptorium.40_Matthew_06.mark.xml#sSpan51" target="scriptorium.40_Matthew_06.mark.xml#sSpan50"/>
		<rel id="sPointingRel2185" xlink:href="scriptorium.40_Matthew_06.mark.xml#sSpan670" target="scriptorium.40_Matthew_06.mark.xml#sSpan671"/>
		<rel id="sPointingRel2187" xlink:href="scriptorium.40_Matthew_06.mark.xml#sSpan466" target="scriptorium.40_Matthew_06.mark.xml#sSpan465"/>
		<rel id="sPointingRel2189" xlink:href="scriptorium.40_Matthew_06.mark.xml#sSpan311" target="scriptorium.40_Matthew_06.mark.xml#sSpan312"/>
		<rel id="sPointingRel2191" xlink:href="scriptorium.40_Matthew_06.mark.xml#sSpan1718" target="scriptorium.40_Matthew_06.mark.xml#sSpan1720"/>
		<rel id="sPointingRel2193" xlink:href="scriptorium.40_Matthew_06.mark.xml#sSpan93" target="scriptorium.40_Matthew_06.mark.xml#sSpan94"/>
		<rel id="sPointingRel2195" xlink:href="scriptorium.40_Matthew_06.mark.xml#sSpan1239" target="scriptorium.40_Matthew_06.mark.xml#sSpan1241"/>
		<rel id="sPointingRel2197" xlink:href="scriptorium.40_Matthew_06.mark.xml#sSpan1686" target="scriptorium.40_Matthew_06.mark.xml#sSpan1687"/>
		<rel id="sPointingRel2199" xlink:href="scriptorium.40_Matthew_06.mark.xml#sSpan1451" target="scriptorium.40_Matthew_06.mark.xml#sSpan1452"/>
		<rel id="sPointingRel2201" xlink:href="scriptorium.40_Matthew_06.mark.xml#sSpan509" target="scriptorium.40_Matthew_06.mark.xml#sSpan511"/>
		<rel id="sPointingRel2203" xlink:href="scriptorium.40_Matthew_06.mark.xml#sSpan1456" target="scriptorium.40_Matthew_06.mark.xml#sSpan1457"/>
		<rel id="sPointingRel2205" xlink:href="scriptorium.40_Matthew_06.mark.xml#sSpan478" target="scriptorium.40_Matthew_06.mark.xml#sSpan477"/>
		<rel id="sPointingRel2207" xlink:href="scriptorium.40_Matthew_06.mark.xml#sSpan28" target="scriptorium.40_Matthew_06.mark.xml#sSpan29"/>
		<rel id="sPointingRel2209" xlink:href="scriptorium.40_Matthew_06.mark.xml#sSpan1143" target="scriptorium.40_Matthew_06.mark.xml#sSpan1145"/>
		<rel id="sPointingRel2211" xlink:href="scriptorium.40_Matthew_06.mark.xml#sSpan1416" target="scriptorium.40_Matthew_06.mark.xml#sSpan1418"/>
		<rel id="sPointingRel2213" xlink:href="scriptorium.40_Matthew_06.mark.xml#sSpan1092" target="scriptorium.40_Matthew_06.mark.xml#sSpan1093"/>
		<rel id="sPointingRel2215" xlink:href="scriptorium.40_Matthew_06.mark.xml#sSpan1943" target="scriptorium.40_Matthew_06.mark.xml#sSpan1944"/>
		<rel id="sPointingRel2217" xlink:href="scriptorium.40_Matthew_06.mark.xml#sSpan1816" target="scriptorium.40_Matthew_06.mark.xml#sSpan1815"/>
		<rel id="sPointingRel2219" xlink:href="scriptorium.40_Matthew_06.mark.xml#sSpan57" target="scriptorium.40_Matthew_06.mark.xml#sSpan58"/>
		<rel id="sPointingRel2221" xlink:href="scriptorium.40_Matthew_06.mark.xml#sSpan1367" target="scriptorium.40_Matthew_06.mark.xml#sSpan1368"/>
		<rel id="sPointingRel2223" xlink:href="scriptorium.40_Matthew_06.mark.xml#sSpan778" target="scriptorium.40_Matthew_06.mark.xml#sSpan779"/>
		<rel id="sPointingRel2225" xlink:href="scriptorium.40_Matthew_06.mark.xml#sSpan564" target="scriptorium.40_Matthew_06.mark.xml#sSpan565"/>
		<rel id="sPointingRel2227" xlink:href="scriptorium.40_Matthew_06.mark.xml#sSpan287" target="scriptorium.40_Matthew_06.mark.xml#sSpan288"/>
		<rel id="sPointingRel2229" xlink:href="scriptorium.40_Matthew_06.mark.xml#sSpan546" target="scriptorium.40_Matthew_06.mark.xml#sSpan545"/>
		<rel id="sPointingRel2231" xlink:href="scriptorium.40_Matthew_06.mark.xml#sSpan402" target="scriptorium.40_Matthew_06.mark.xml#sSpan403"/>
		<rel id="sPointingRel2233" xlink:href="scriptorium.40_Matthew_06.mark.xml#sSpan1337" target="scriptorium.40_Matthew_06.mark.xml#sSpan1336"/>
		<rel id="sPointingRel2235" xlink:href="scriptorium.40_Matthew_06.mark.xml#sSpan1022" target="scriptorium.40_Matthew_06.mark.xml#sSpan1023"/>
		<rel id="sPointingRel2237" xlink:href="scriptorium.40_Matthew_06.mark.xml#sSpan327" target="scriptorium.40_Matthew_06.mark.xml#sSpan328"/>
		<rel id="sPointingRel2239" xlink:href="scriptorium.40_Matthew_06.mark.xml#sSpan1018" target="scriptorium.40_Matthew_06.mark.xml#sSpan1017"/>
		<rel id="sPointingRel2241" xlink:href="scriptorium.40_Matthew_06.mark.xml#sSpan1267" target="scriptorium.40_Matthew_06.mark.xml#sSpan1268"/>
		<rel id="sPointingRel2243" xlink:href="scriptorium.40_Matthew_06.mark.xml#sSpan1210" target="scriptorium.40_Matthew_06.mark.xml#sSpan1211"/>
		<rel id="sPointingRel2245" xlink:href="scriptorium.40_Matthew_06.mark.xml#sSpan447" target="scriptorium.40_Matthew_06.mark.xml#sSpan446"/>
		<rel id="sPointingRel2247" xlink:href="scriptorium.40_Matthew_06.mark.xml#sSpan272" target="scriptorium.40_Matthew_06.mark.xml#sSpan271"/>
		<rel id="sPointingRel2249" xlink:href="scriptorium.40_Matthew_06.mark.xml#sSpan1272" target="scriptorium.40_Matthew_06.mark.xml#sSpan1274"/>
		<rel id="sPointingRel2251" xlink:href="scriptorium.40_Matthew_06.mark.xml#sSpan146" target="scriptorium.40_Matthew_06.mark.xml#sSpan147"/>
		<rel id="sPointingRel2253" xlink:href="scriptorium.40_Matthew_06.mark.xml#sSpan1278" target="scriptorium.40_Matthew_06.mark.xml#sSpan1279"/>
		<rel id="sPointingRel2255" xlink:href="scriptorium.40_Matthew_06.mark.xml#sSpan678" target="scriptorium.40_Matthew_06.mark.xml#sSpan677"/>
		<rel id="sPointingRel2257" xlink:href="scriptorium.40_Matthew_06.mark.xml#sSpan1566" target="scriptorium.40_Matthew_06.mark.xml#sSpan1567"/>
		<rel id="sPointingRel2259" xlink:href="scriptorium.40_Matthew_06.mark.xml#sSpan772" target="scriptorium.40_Matthew_06.mark.xml#sSpan773"/>
		<rel id="sPointingRel2261" xlink:href="scriptorium.40_Matthew_06.mark.xml#sSpan1182" target="scriptorium.40_Matthew_06.mark.xml#sSpan1183"/>
		<rel id="sPointingRel2263" xlink:href="scriptorium.40_Matthew_06.mark.xml#sSpan1836" target="scriptorium.40_Matthew_06.mark.xml#sSpan1837"/>
		<rel id="sPointingRel2265" xlink:href="scriptorium.40_Matthew_06.mark.xml#sSpan833" target="scriptorium.40_Matthew_06.mark.xml#sSpan834"/>
		<rel id="sPointingRel2267" xlink:href="scriptorium.40_Matthew_06.mark.xml#sSpan1088" target="scriptorium.40_Matthew_06.mark.xml#sSpan1087"/>
		<rel id="sPointingRel2269" xlink:href="scriptorium.40_Matthew_06.mark.xml#sSpan1345" target="scriptorium.40_Matthew_06.mark.xml#sSpan1347"/>
		<rel id="sPointingRel2271" xlink:href="scriptorium.40_Matthew_06.mark.xml#sSpan621" target="scriptorium.40_Matthew_06.mark.xml#sSpan623"/>
		<rel id="sPointingRel2273" xlink:href="scriptorium.40_Matthew_06.mark.xml#sSpan714" target="scriptorium.40_Matthew_06.mark.xml#sSpan715"/>
		<rel id="sPointingRel2275" xlink:href="scriptorium.40_Matthew_06.mark.xml#sSpan126" target="scriptorium.40_Matthew_06.mark.xml#sSpan127"/>
		<rel id="sPointingRel2277" xlink:href="scriptorium.40_Matthew_06.mark.xml#sSpan783" target="scriptorium.40_Matthew_06.mark.xml#sSpan784"/>
		<rel id="sPointingRel2279" xlink:href="scriptorium.40_Matthew_06.mark.xml#sSpan728" target="scriptorium.40_Matthew_06.mark.xml#sSpan729"/>
		<rel id="sPointingRel2281" xlink:href="scriptorium.40_Matthew_06.mark.xml#sSpan301" target="scriptorium.40_Matthew_06.mark.xml#sSpan302"/>
		<rel id="sPointingRel2283" xlink:href="scriptorium.40_Matthew_06.mark.xml#sSpan1910" target="scriptorium.40_Matthew_06.mark.xml#sSpan1911"/>
		<rel id="sPointingRel2285" xlink:href="scriptorium.40_Matthew_06.mark.xml#sSpan1226" target="scriptorium.40_Matthew_06.mark.xml#sSpan1225"/>
		<rel id="sPointingRel2287" xlink:href="scriptorium.40_Matthew_06.mark.xml#sSpan800" target="scriptorium.40_Matthew_06.mark.xml#sSpan801"/>
		<rel id="sPointingRel2289" xlink:href="scriptorium.40_Matthew_06.mark.xml#sSpan652" target="scriptorium.40_Matthew_06.mark.xml#sSpan651"/>
		<rel id="sPointingRel2291" xlink:href="scriptorium.40_Matthew_06.mark.xml#sSpan733" target="scriptorium.40_Matthew_06.mark.xml#sSpan734"/>
		<rel id="sPointingRel2293" xlink:href="scriptorium.40_Matthew_06.mark.xml#sSpan354" target="scriptorium.40_Matthew_06.mark.xml#sSpan355"/>
		<rel id="sPointingRel2295" xlink:href="scriptorium.40_Matthew_06.mark.xml#sSpan296" target="scriptorium.40_Matthew_06.mark.xml#sSpan295"/>
		<rel id="sPointingRel2297" xlink:href="scriptorium.40_Matthew_06.mark.xml#sSpan195" target="scriptorium.40_Matthew_06.mark.xml#sSpan196"/>
		<rel id="sPointingRel2299" xlink:href="scriptorium.40_Matthew_06.mark.xml#sSpan1600" target="scriptorium.40_Matthew_06.mark.xml#sSpan1601"/>
		<rel id="sPointingRel2301" xlink:href="scriptorium.40_Matthew_06.mark.xml#sSpan828" target="scriptorium.40_Matthew_06.mark.xml#sSpan829"/>
		<rel id="sPointingRel2303" xlink:href="scriptorium.40_Matthew_06.mark.xml#sSpan854" target="scriptorium.40_Matthew_06.mark.xml#sSpan855"/>
		<rel id="sPointingRel2305" xlink:href="scriptorium.40_Matthew_06.mark.xml#sSpan21" target="scriptorium.40_Matthew_06.mark.xml#sSpan22"/>
		<rel id="sPointingRel2307" xlink:href="scriptorium.40_Matthew_06.mark.xml#sSpan63" target="scriptorium.40_Matthew_06.mark.xml#sSpan64"/>
		<rel id="sPointingRel2309" xlink:href="scriptorium.40_Matthew_06.mark.xml#sSpan1937" target="scriptorium.40_Matthew_06.mark.xml#sSpan1939"/>
		<rel id="sPointingRel2311" xlink:href="scriptorium.40_Matthew_06.mark.xml#sSpan1758" target="scriptorium.40_Matthew_06.mark.xml#sSpan1757"/>
		<rel id="sPointingRel2313" xlink:href="scriptorium.40_Matthew_06.mark.xml#sSpan604" target="scriptorium.40_Matthew_06.mark.xml#sSpan605"/>
		<rel id="sPointingRel2315" xlink:href="scriptorium.40_Matthew_06.mark.xml#sSpan80" target="scriptorium.40_Matthew_06.mark.xml#sSpan82"/>
		<rel id="sPointingRel2317" xlink:href="scriptorium.40_Matthew_06.mark.xml#sSpan232" target="scriptorium.40_Matthew_06.mark.xml#sSpan234"/>
		<rel id="sPointingRel2319" xlink:href="scriptorium.40_Matthew_06.mark.xml#sSpan1605" target="scriptorium.40_Matthew_06.mark.xml#sSpan1606"/>
		<rel id="sPointingRel2321" xlink:href="scriptorium.40_Matthew_06.mark.xml#sSpan984" target="scriptorium.40_Matthew_06.mark.xml#sSpan985"/>
		<rel id="sPointingRel2323" xlink:href="scriptorium.40_Matthew_06.mark.xml#sSpan1201" target="scriptorium.40_Matthew_06.mark.xml#sSpan1203"/>
		<rel id="sPointingRel2325" xlink:href="scriptorium.40_Matthew_06.mark.xml#sSpan1885" target="scriptorium.40_Matthew_06.mark.xml#sSpan1883"/>
		<rel id="sPointingRel2327" xlink:href="scriptorium.40_Matthew_06.mark.xml#sSpan116" target="scriptorium.40_Matthew_06.mark.xml#sSpan117"/>
		<rel id="sPointingRel2329" xlink:href="scriptorium.40_Matthew_06.mark.xml#sSpan629" target="scriptorium.40_Matthew_06.mark.xml#sSpan630"/>
		<rel id="sPointingRel2331" xlink:href="scriptorium.40_Matthew_06.mark.xml#sSpan1691" target="scriptorium.40_Matthew_06.mark.xml#sSpan1692"/>
		<rel id="sPointingRel2333" xlink:href="scriptorium.40_Matthew_06.mark.xml#sSpan1511" target="scriptorium.40_Matthew_06.mark.xml#sSpan1512"/>
		<rel id="sPointingRel2335" xlink:href="scriptorium.40_Matthew_06.mark.xml#sSpan912" target="scriptorium.40_Matthew_06.mark.xml#sSpan913"/>
		<rel id="sPointingRel2337" xlink:href="scriptorium.40_Matthew_06.mark.xml#sSpan1713" target="scriptorium.40_Matthew_06.mark.xml#sSpan1714"/>
		<rel id="sPointingRel2339" xlink:href="scriptorium.40_Matthew_06.mark.xml#sSpan1853" target="scriptorium.40_Matthew_06.mark.xml#sSpan1852"/>
		<rel id="sPointingRel2341" xlink:href="scriptorium.40_Matthew_06.mark.xml#sSpan1027" target="scriptorium.40_Matthew_06.mark.xml#sSpan1029"/>
		<rel id="sPointingRel2343" xlink:href="scriptorium.40_Matthew_06.mark.xml#sSpan1650" target="scriptorium.40_Matthew_06.mark.xml#sSpan1648"/>
		<rel id="sPointingRel2345" xlink:href="scriptorium.40_Matthew_06.mark.xml#sSpan1319" target="scriptorium.40_Matthew_06.mark.xml#sSpan1318"/>
		<rel id="sPointingRel2347" xlink:href="scriptorium.40_Matthew_06.mark.xml#sSpan1176" target="scriptorium.40_Matthew_06.mark.xml#sSpan1178"/>
		<rel id="sPointingRel2349" xlink:href="scriptorium.40_Matthew_06.mark.xml#sSpan699" target="scriptorium.40_Matthew_06.mark.xml#sSpan698"/>
		<rel id="sPointingRel2351" xlink:href="scriptorium.40_Matthew_06.mark.xml#sSpan1500" target="scriptorium.40_Matthew_06.mark.xml#sSpan1499"/>
		<rel id="sPointingRel2353" xlink:href="scriptorium.40_Matthew_06.mark.xml#sSpan241" target="scriptorium.40_Matthew_06.mark.xml#sSpan242"/>
		<rel id="sPointingRel2355" xlink:href="scriptorium.40_Matthew_06.mark.xml#sSpan1040" target="scriptorium.40_Matthew_06.mark.xml#sSpan1041"/>
		<rel id="sPointingRel2357" xlink:href="scriptorium.40_Matthew_06.mark.xml#sSpan1262" target="scriptorium.40_Matthew_06.mark.xml#sSpan1261"/>
		<rel id="sPointingRel2359" xlink:href="scriptorium.40_Matthew_06.mark.xml#sSpan750" target="scriptorium.40_Matthew_06.mark.xml#sSpan751"/>
		<rel id="sPointingRel2361" xlink:href="scriptorium.40_Matthew_06.mark.xml#sSpan1326" target="scriptorium.40_Matthew_06.mark.xml#sSpan1325"/>
		<rel id="sPointingRel2363" xlink:href="scriptorium.40_Matthew_06.mark.xml#sSpan1151" target="scriptorium.40_Matthew_06.mark.xml#sSpan1152"/>
		<rel id="sPointingRel2365" xlink:href="scriptorium.40_Matthew_06.mark.xml#sSpan1376" target="scriptorium.40_Matthew_06.mark.xml#sSpan1375"/>
		<rel id="sPointingRel2367" xlink:href="scriptorium.40_Matthew_06.mark.xml#sSpan1098" target="scriptorium.40_Matthew_06.mark.xml#sSpan1099"/>
		<rel id="sPointingRel2369" xlink:href="scriptorium.40_Matthew_06.mark.xml#sSpan1806" target="scriptorium.40_Matthew_06.mark.xml#sSpan1804"/>
		<rel id="sPointingRel2371" xlink:href="scriptorium.40_Matthew_06.mark.xml#sSpan1246" target="scriptorium.40_Matthew_06.mark.xml#sSpan1247"/>
		<rel id="sPointingRel2373" xlink:href="scriptorium.40_Matthew_06.mark.xml#sSpan471" target="scriptorium.40_Matthew_06.mark.xml#sSpan473"/>
		<rel id="sPointingRel2375" xlink:href="scriptorium.40_Matthew_06.mark.xml#sSpan1052" target="scriptorium.40_Matthew_06.mark.xml#sSpan1054"/>
		<rel id="sPointingRel2377" xlink:href="scriptorium.40_Matthew_06.mark.xml#sSpan576" target="scriptorium.40_Matthew_06.mark.xml#sSpan580"/>
		<rel id="sPointingRel2379" xlink:href="scriptorium.40_Matthew_06.mark.xml#sSpan1471" target="scriptorium.40_Matthew_06.mark.xml#sSpan1472"/>
		<rel id="sPointingRel2381" xlink:href="scriptorium.40_Matthew_06.mark.xml#sSpan1121" target="scriptorium.40_Matthew_06.mark.xml#sSpan1122"/>
		<rel id="sPointingRel2383" xlink:href="scriptorium.40_Matthew_06.mark.xml#sSpan1187" target="scriptorium.40_Matthew_06.mark.xml#sSpan1189"/>
		<rel id="sPointingRel2385" xlink:href="scriptorium.40_Matthew_06.mark.xml#sSpan306" target="scriptorium.40_Matthew_06.mark.xml#sSpan307"/>
		<rel id="sPointingRel2387" xlink:href="scriptorium.40_Matthew_06.mark.xml#sSpan102" target="scriptorium.40_Matthew_06.mark.xml#sSpan103"/>
		<rel id="sPointingRel2389" xlink:href="scriptorium.40_Matthew_06.mark.xml#sSpan569" target="scriptorium.40_Matthew_06.mark.xml#sSpan570"/>
		<rel id="sPointingRel2391" xlink:href="scriptorium.40_Matthew_06.mark.xml#sSpan951" target="scriptorium.40_Matthew_06.mark.xml#sSpan952"/>
		<rel id="sPointingRel2393" xlink:href="scriptorium.40_Matthew_06.mark.xml#sSpan1108" target="scriptorium.40_Matthew_06.mark.xml#sSpan1107"/>
		<rel id="sPointingRel2395" xlink:href="scriptorium.40_Matthew_06.mark.xml#sSpan1059" target="scriptorium.40_Matthew_06.mark.xml#sSpan1062"/></relList></paula>