<?xml version='1.0' encoding='UTF-8'?><!DOCTYPE paula SYSTEM "paula_feat.dtd">
<paula version="1.1">
	<header paula_id="scriptorium.GL45-53_par_XJ52-62.mark_morph"/>
	<featList xmlns:xlink="http://www.w3.org/1999/xlink" type="morph" xml:base="scriptorium.GL45-53_par_XJ52-62.mark.xml">
		<feat xlink:href="#sSpan207" value="ⲣ"/>
		<feat xlink:href="#sSpan210" value="ⲡ"/>
		<feat xlink:href="#sSpan211" value="ⲙⲉⲉⲩⲉ"/>
		<feat xlink:href="#sSpan582" value="ⲣ"/>
		<feat xlink:href="#sSpan585" value="ⲡⲟⲗⲉⲙⲟⲥ"/>
		<feat xlink:href="#sSpan867" value="ⲁⲧ"/>
		<feat xlink:href="#sSpan870" value="ⲏⲡⲉ"/>
		<feat xlink:href="#sSpan999" value="ϫⲓ"/>
		<feat xlink:href="#sSpan1003" value="ϣⲓⲡⲉ"/>
		<feat xlink:href="#sSpan1047" value="ⲡ"/>
		<feat xlink:href="#sSpan1051" value="ⲉⲧ"/>
		<feat xlink:href="#sSpan1052" value="ϩⲏⲡ"/>
		<feat xlink:href="#sSpan1428" value="ⲙⲛⲧ"/>
		<feat xlink:href="#sSpan1431" value="ϫⲁϫⲉ"/>
		<feat xlink:href="#sSpan1572" value="ⲙⲛⲧ"/>
		<feat xlink:href="#sSpan1575" value="ⲛⲟⲩϫ"/>
		<feat xlink:href="#sSpan1933" value="ⲣ"/>
		<feat xlink:href="#sSpan1936" value="ϩⲟⲧⲉ"/>
		<feat xlink:href="#sSpan2058" value="ⲣ"/>
		<feat xlink:href="#sSpan2061" value="ϩⲟⲧⲉ"/>
		<feat xlink:href="#sSpan2268" value="ⲡ"/>
		<feat xlink:href="#sSpan2272" value="ⲉⲧ"/>
		<feat xlink:href="#sSpan2273" value="ϩⲟⲟⲩ"/>
		<feat xlink:href="#sSpan2296" value="ϯ"/>
		<feat xlink:href="#sSpan2301" value="ⲁⲏⲥ"/>
		<feat xlink:href="#sSpan2630" value="ⲣ"/>
		<feat xlink:href="#sSpan2633" value="ϩⲟⲧⲉ"/>
		<feat xlink:href="#sSpan3199" value="ϭⲛ"/>
		<feat xlink:href="#sSpan3202" value="ⲁⲣⲓⲕⲉ"/>
		<feat xlink:href="#sSpan3311" value="ⲙⲛⲧ"/>
		<feat xlink:href="#sSpan3316" value="ϫⲁϫⲉ"/>
		<feat xlink:href="#sSpan3561" value="ϭⲓⲛ"/>
		<feat xlink:href="#sSpan3565" value="ⲟⲩⲱⲙ"/>
		<feat xlink:href="#sSpan3852" value="ⲙⲛⲧ"/>
		<feat xlink:href="#sSpan3855" value="ⲡⲣⲟⲇⲟⲧⲏⲥ"/>
		<feat xlink:href="#sSpan3933" value="ⲣ"/>
		<feat xlink:href="#sSpan3936" value="ϩⲟⲧⲉ"/>
		<feat xlink:href="#sSpan4030" value="ⲙⲛⲧ"/>
		<feat xlink:href="#sSpan4033" value="ⲛⲟϭ"/>
		<feat xlink:href="#sSpan4489" value="ⲣ"/>
		<feat xlink:href="#sSpan4493" value="ⲁⲡⲟⲥⲧⲟⲗⲟⲥ"/>
		<feat xlink:href="#sSpan4501" value="ⲣ"/>
		<feat xlink:href="#sSpan4504" value="ⲇⲓⲁⲃⲟⲗⲟⲥ"/>
		<feat xlink:href="#sSpan4527" value="ⲕⲁ"/>
		<feat xlink:href="#sSpan4530" value="ⲙⲁ"/>
		<feat xlink:href="#sSpan4720" value="ⲙⲛⲧ"/>
		<feat xlink:href="#sSpan4723" value="ⲕⲟⲥⲙⲓⲕⲟⲛ"/>
		<feat xlink:href="#sSpan4738" value="ⲣ"/>
		<feat xlink:href="#sSpan4741" value="ⲛⲟⲃⲉ"/>
		<feat xlink:href="#sSpan4858" value="ⲙⲛⲧ"/>
		<feat xlink:href="#sSpan4861" value="ⲁ"/>
		<feat xlink:href="#sSpan4862" value="ϩⲏⲧ"/>
		<feat xlink:href="#sSpan4871" value="ⲙⲛⲧ"/>
		<feat xlink:href="#sSpan4874" value="ⲁⲙⲉⲗⲏⲥ"/>
		<feat xlink:href="#sSpan4953" value="Greek"/>
		<feat xlink:href="#sSpan5121" value="ⲙⲛⲧ"/>
		<feat xlink:href="#sSpan5124" value="ⲙⲁⲓⲧⲟ"/>
		<feat xlink:href="#sSpan5142" value="ⲙⲛⲧ"/>
		<feat xlink:href="#sSpan5145" value="ⲣⲉϥ"/>
		<feat xlink:href="#sSpan5146" value="ϫⲓϩⲟ"/>
		<feat xlink:href="#sSpan5321" value="ϫⲓ"/>
		<feat xlink:href="#sSpan5325" value="ϫⲣⲟⲡ"/>
		<feat xlink:href="#sSpan5471" value="ⲛⲁⲛⲟⲩ"/>
		<feat xlink:href="#sSpan5474" value="ϥ"/>
		<feat xlink:href="#sSpan5534" value="ⲣⲉϥ"/>
		<feat xlink:href="#sSpan5537" value="ⲉⲡⲉⲓⲑⲩⲙⲉⲓ"/>
		<feat xlink:href="#sSpan5607" value="ⲣⲉϥ"/>
		<feat xlink:href="#sSpan5610" value="ⲣ"/>
		<feat xlink:href="#sSpan5611" value="ⲡ"/>
		<feat xlink:href="#sSpan5612" value="ⲉⲧ"/>
		<feat xlink:href="#sSpan5614" value="ϩⲟⲟⲩ"/>
		<feat xlink:href="#sSpan5662" value="ⲣ"/>
		<feat xlink:href="#sSpan5665" value="ϩⲟⲩⲟ"/>
		<feat xlink:href="#sSpan5795" value="ⲣ"/>
		<feat xlink:href="#sSpan5798" value="ϣⲁⲩ"/>
		<feat xlink:href="#sSpan6365" value="ϯ"/>
		<feat xlink:href="#sSpan6368" value="ⲉⲟⲟⲩ"/>
		<feat xlink:href="#sSpan6603" value="ⲙⲛⲧ"/>
		<feat xlink:href="#sSpan6606" value="ϫⲁⲥⲓ"/>
		<feat xlink:href="#sSpan6607" value="ϩⲏⲧ"/>
		<feat xlink:href="#sSpan6667" value="ⲙⲛⲧ"/>
		<feat xlink:href="#sSpan6671" value="ϫⲁⲥⲓ"/>
		<feat xlink:href="#sSpan6672" value="ϩⲏⲧ"/>
		<feat xlink:href="#sSpan6742" value="ϯ"/>
		<feat xlink:href="#sSpan6746" value="ⲥⲃⲱ"/>
		<feat xlink:href="#sSpan6767" value="ⲣ"/>
		<feat xlink:href="#sSpan6770" value="ϩⲏⲃⲉ"/>
		<feat xlink:href="#sSpan6970" value="ϯ"/>
		<feat xlink:href="#sSpan6973" value="ⲥⲟⲟⲩⲛ"/>
		<feat xlink:href="#sSpan7111" value="ⲙⲛⲧ"/>
		<feat xlink:href="#sSpan7114" value="ⲛⲟϭ"/>
		<feat xlink:href="#sSpan7312" value="ⲛⲉϫ"/>
		<feat xlink:href="#sSpan7315" value="ⲇⲁⲓⲙⲱⲛⲓⲟⲛ"/>
		<feat xlink:href="#sSpan7357" value="ⲣ"/>
		<feat xlink:href="#sSpan7360" value="ϩⲁϩ"/>
		<feat xlink:href="#sSpan7388" value="ϯ"/>
		<feat xlink:href="#sSpan7392" value="ϩⲏⲩ"/></featList></paula>