<?xml version='1.0' encoding='UTF-8'?><!DOCTYPE paula SYSTEM "paula_feat.dtd">
<paula version="1.1">
	<header paula_id="scriptorium.GL45-53_par_XJ52-62.mark_text"/>
	<featList xmlns:xlink="http://www.w3.org/1999/xlink" type="text" xml:base="scriptorium.GL45-53_par_XJ52-62.mark.xml">
		<feat xlink:href="#sSpan4" value="ϫⲟⲉⲓ"/>
		<feat xlink:href="#sSpan29" value="ⲡⲉϥ ⲟⲩⲟⲛⲧ"/>
		<feat xlink:href="#sSpan43" value="ⲡⲱⲛⲕ"/>
		<feat xlink:href="#sSpan67" value="ϩⲁⲣⲉϩ ⲛⲓⲙ"/>
		<feat xlink:href="#sSpan95" value="ⲡⲉⲛ ϩⲏⲧ"/>
		<feat xlink:href="#sSpan130" value="ϩⲱⲃ ⲛⲓⲙ"/>
		<feat xlink:href="#sSpan148" value="ⲡⲟⲛⲏⲣⲟⲛ ⲉ ⲧ ϥⲱϭⲉ ⲉϩⲟⲩⲛ ⲉⲣⲟ ϥ"/>
		<feat xlink:href="#sSpan205" value="ϩⲉⲛ ⲣⲡⲙⲉⲉⲩⲉ"/>
		<feat xlink:href="#sSpan237" value="ⲡ ϩⲏⲧ"/>
		<feat xlink:href="#sSpan247" value="ⲧⲉ ⲯⲩⲭⲏ ⲛ ⲛ ⲣⲱⲙⲉ ⲉⲧ ⲛⲁ ϣⲟⲡ ⲟⲩ ⲉⲣⲟ ⲟⲩ"/>
		<feat xlink:href="#sSpan257" value="ⲛ ⲣⲱⲙⲉ ⲉⲧ ⲛⲁ ϣⲟⲡ ⲟⲩ ⲉⲣⲟ ⲟⲩ"/>
		<feat xlink:href="#sSpan300" value="ⲛⲁⲓ ⲛⲧ ⲁ ⲩ ϫⲟⲟ ⲥ"/>
		<feat xlink:href="#sSpan332" value="ⲛⲉⲩ ⲙⲉⲉⲩⲉ ⲛ ϩⲏⲧ"/>
		<feat xlink:href="#sSpan342" value="ϩⲏⲧ"/>
		<feat xlink:href="#sSpan348" value="ⲛⲁⲓ ⲛ ⲉⲧⲉⲣⲉ ⲡ ϩⲉ ⲟⲩⲏϩ ⲛⲥⲱ ⲟⲩ"/>
		<feat xlink:href="#sSpan394" value="ϩⲉⲛ ⲙⲉⲉⲩⲉ ⲉ ⲩ ϩⲟⲟⲩ ϩⲁ ⲧ ϩⲏ ⲙ ⲡ ϩⲉ"/>
		<feat xlink:href="#sSpan412" value="ⲧ ϩⲏ ⲙ ⲡ ϩⲉ"/>
		<feat xlink:href="#sSpan442" value="ⲛⲁⲓ ⲛⲧ ⲁ ⲩ ϫⲟⲟ ⲥ"/>
		<feat xlink:href="#sSpan462" value="ⲟⲩ ⲡⲛⲉⲩⲙⲁ ⲛ ϭⲟⲗ"/>
		<feat xlink:href="#sSpan472" value="ϭⲟⲗ"/>
		<feat xlink:href="#sSpan514" value="ⲟⲩ ⲏⲣⲡ"/>
		<feat xlink:href="#sSpan548" value="ⲛⲁⲓ"/>
		<feat xlink:href="#sSpan555" value="ⲛ ⲣⲱⲙⲉ ⲛ ϯ ⲙⲓⲛⲉ"/>
		<feat xlink:href="#sSpan565" value="ϯ ⲙⲓⲛⲉ"/>
		<feat xlink:href="#sSpan609" value="ⲛⲉⲓ ϩⲛⲁⲁⲩ ⲙ ⲙⲓϣⲉ"/>
		<feat xlink:href="#sSpan618" value="ⲙⲓϣⲉ"/>
		<feat xlink:href="#sSpan631" value="ⲛⲁⲓ"/>
		<feat xlink:href="#sSpan643" value="ⲛ ⲕⲱϩ"/>
		<feat xlink:href="#sSpan660" value="ⲙⲟⲥⲧⲉ"/>
		<feat xlink:href="#sSpan675" value="ⲧ ⲁⲗⲁⲗⲓⲁ"/>
		<feat xlink:href="#sSpan699" value="ⲕⲱⲙϣ"/>
		<feat xlink:href="#sSpan707" value="ⲛ ⲉⲧ ⲉⲓⲛⲉ ⲛ ⲛⲁⲓ"/>
		<feat xlink:href="#sSpan719" value="ⲛⲁⲓ"/>
		<feat xlink:href="#sSpan727" value="ⲧⲁⲓ"/>
		<feat xlink:href="#sSpan751" value="ⲡ ⲥⲁⲧⲁⲛⲁⲥ"/>
		<feat xlink:href="#sSpan764" value="ⲙⲉⲉⲩⲉ ⲛ ϩⲏⲧ"/>
		<feat xlink:href="#sSpan771" value="ϩⲏⲧ"/>
		<feat xlink:href="#sSpan786" value="ϩⲁϩ ⲛ ⲕⲁⲕⲉ ⲉϩⲟⲩⲛ ⲉ ⲛⲉⲩ ⲉⲣⲏⲩ"/>
		<feat xlink:href="#sSpan830" value="ⲛ ⲉⲛⲟⲭⲟⲥ"/>
		<feat xlink:href="#sSpan849" value="ⲡ ϩⲁⲡ ⲙ ⲡ ⲛⲟⲩⲧⲉ ϩⲉⲛ ⲁⲧⲏⲡⲉ ⲅⲁⲣ ⲛⲉ ⲛ ⲉⲛⲧ ⲁ ϥ ⲁⲁ ⲩ ⲛ ϫⲁϫⲉ ⲉ ⲧ ⲇⲓⲕⲁⲓⲟⲥⲩⲛⲏ ⲙ ⲙⲉ"/>
		<feat xlink:href="#sSpan858" value="ⲡ ⲛⲟⲩⲧⲉ"/>
		<feat xlink:href="#sSpan902" value="ϫⲁϫⲉ"/>
		<feat xlink:href="#sSpan910" value="ⲧ ⲇⲓⲕⲁⲓⲟⲥⲩⲛⲏ ⲙ ⲙⲉ"/>
		<feat xlink:href="#sSpan932" value="ⲛⲉⲓ ⲥⲙⲟⲧ"/>
		<feat xlink:href="#sSpan947" value="ⲟⲩ ⲁⲅⲁⲡⲏ ⲉ ⲥ ⲟⲩⲟϣⲙ ϩⲓ ⲕⲱϩ ϩⲓ ⲙⲟⲥⲧⲉ"/>
		<feat xlink:href="#sSpan967" value="ⲕⲱϩ"/>
		<feat xlink:href="#sSpan974" value="ⲙⲟⲥⲧⲉ"/>
		<feat xlink:href="#sSpan1016" value="ⲡⲉ ϩⲟⲟⲩ ⲉⲧⲉⲣⲉ ⲡ ⲛⲟⲩⲧⲉ ⲛⲁ ⲕⲣⲓⲛⲉ ⲛ ⲙ ⲡⲉⲧϩⲏⲡ ⲛ ⲛ ⲣⲱⲙⲉ"/>
		<feat xlink:href="#sSpan1029" value="ⲡ ⲛⲟⲩⲧⲉ"/>
		<feat xlink:href="#sSpan1046" value="ⲙ ⲡⲉⲧϩⲏⲡ ⲛ ⲛ ⲣⲱⲙⲉ"/>
		<feat xlink:href="#sSpan1059" value="ⲛ ⲣⲱⲙⲉ"/>
		<feat xlink:href="#sSpan1080" value="ⲡⲉⲛ ⲕⲱϩ"/>
		<feat xlink:href="#sSpan1092" value="ⲡⲉⲛ ⲙⲟⲥⲧⲉ"/>
		<feat xlink:href="#sSpan1133" value="ⲡⲉ ϩⲟⲟⲩ ⲉⲧ ⲙⲙⲁⲩ"/>
		<feat xlink:href="#sSpan1169" value="ϭⲉⲣⲱⲃ"/>
		<feat xlink:href="#sSpan1186" value="ⲡ ⲉⲧ ϩⲓⲧⲟⲩⲱⲱ ϥ"/>
		<feat xlink:href="#sSpan1218" value="ⲟⲩ ⲥⲏϥⲉ"/>
		<feat xlink:href="#sSpan1229" value="ⲟⲩ ⲙⲉⲣⲉϩ"/>
		<feat xlink:href="#sSpan1343" value="ⲛⲁⲓ ⲧⲏⲣ ⲟⲩ"/>
		<feat xlink:href="#sSpan1408" value="ϣⲁϫⲉ ⲛⲓⲙ ⲛ ⲉⲓⲣⲏⲛⲓⲕⲟⲛ ⲙ ⲙⲛⲧϫⲁϫⲉ ⲇⲉ ϩⲙ ⲡⲉⲛ ϩⲏⲧ"/>
		<feat xlink:href="#sSpan1421" value="ⲉⲓⲣⲏⲛⲓⲕⲟⲛ ⲙ ⲙⲛⲧϫⲁϫⲉ ⲇⲉ ϩⲙ ⲡⲉⲛ ϩⲏⲧ"/>
		<feat xlink:href="#sSpan1425" value="ⲙ ⲙⲛⲧϫⲁϫⲉ"/>
		<feat xlink:href="#sSpan1438" value="ⲇⲉ ϩⲙ ⲡⲉⲛ ϩⲏⲧ"/>
		<feat xlink:href="#sSpan1482" value="ⲡ ⲟⲩϫⲁⲓ ⲛ ⲛⲉⲛ ⲉⲣⲏⲩ"/>
		<feat xlink:href="#sSpan1501" value="ⲡⲟⲛⲏⲣⲓⲁ"/>
		<feat xlink:href="#sSpan1514" value="ⲡⲉⲛ ϩⲏⲧ"/>
		<feat xlink:href="#sSpan1546" value="ⲟⲩ ϩⲩⲡⲟⲕⲣⲓⲥⲓⲥ"/>
		<feat xlink:href="#sSpan1562" value="ⲟⲩ ⲁⲅⲁⲡⲏ ⲙ ⲙⲛⲧⲛⲟⲩϫ"/>
		<feat xlink:href="#sSpan1569" value="ⲙ ⲙⲛⲧⲛⲟⲩϫ"/>
		<feat xlink:href="#sSpan1628" value="ⲡ ⲁⲅⲁⲑⲟⲛ"/>
		<feat xlink:href="#sSpan1666" value="ⲛ ⲉⲧⲉ ϩⲛⲁ ⲕ"/>
		<feat xlink:href="#sSpan1720" value="ⲟⲩ ⲛⲟϭ ⲛ ⲟⲩⲟⲉⲓϣ"/>
		<feat xlink:href="#sSpan1779" value="ⲡⲉⲓ ⲉⲟⲟⲩ ⲛ ⲣⲱⲙⲉ"/>
		<feat xlink:href="#sSpan1818" value="ϩⲏⲧ ⲟⲩ"/>
		<feat xlink:href="#sSpan1834" value="ⲛⲉⲓ ϣⲁϫⲉ"/>
		<feat xlink:href="#sSpan1849" value="ⲡ ϫⲟⲉⲓⲥ"/>
		<feat xlink:href="#sSpan1863" value="ⲙ ⲙⲟⲕⲙⲉⲕ ⲛ ⲛ ⲣⲱⲙⲉ"/>
		<feat xlink:href="#sSpan1873" value="ⲛ ⲣⲱⲙⲉ"/>
		<feat xlink:href="#sSpan1918" value="ⲛⲉⲕ ϭⲓϫ"/>
		<feat xlink:href="#sSpan1973" value="ϩⲉⲛ ⲡⲟⲛⲏⲣⲟⲛ"/>
		<feat xlink:href="#sSpan1985" value="ⲡⲁ ϩⲏⲧ"/>
		<feat xlink:href="#sSpan2043" value="ⲛⲁ ϭⲓϫ"/>
		<feat xlink:href="#sSpan2100" value="ⲡ ⲉⲧ ϩⲟⲟⲩ"/>
		<feat xlink:href="#sSpan2143" value="ⲛ ϭⲓϫ ⲙ ⲡ ⲛⲟⲩⲧⲉ"/>
		<feat xlink:href="#sSpan2152" value="ⲡ ⲛⲟⲩⲧⲉ"/>
		<feat xlink:href="#sSpan2184" value="ⲟⲩ ⲣⲁⲛ"/>
		<feat xlink:href="#sSpan2209" value="ⲕⲁⲕⲓⲁ"/>
		<feat xlink:href="#sSpan2245" value="ⲡ ⲥⲱⲧⲏⲣ ⲓⲏⲥⲟⲩⲥ"/>
		<feat xlink:href="#sSpan2267" value="ⲙ ⲡⲉⲧϩⲟⲟⲩ ⲙ ⲡ ⲥⲁⲧⲁⲛⲁⲥ"/>
		<feat xlink:href="#sSpan2280" value="ⲡ ⲥⲁⲧⲁⲛⲁⲥ"/>
		<feat xlink:href="#sSpan2289" value="ⲡⲉⲓ ⲕⲣⲟϥ ⲛ ϯⲁⲏⲥ"/>
		<feat xlink:href="#sSpan2299" value="ϯⲁⲏⲥ"/>
		<feat xlink:href="#sSpan2316" value="ⲡ ϩⲏⲧ ⲙ ⲡ ⲣⲱⲙⲉ ⲉϩⲟⲩⲛ ⲉ ⲡ ⲉⲧ ϩⲓⲧⲟⲩⲱⲱ ϥ"/>
		<feat xlink:href="#sSpan2326" value="ⲡ ⲣⲱⲙⲉ"/>
		<feat xlink:href="#sSpan2340" value="ⲡ ⲉⲧ ϩⲓⲧⲟⲩⲱⲱ ϥ"/>
		<feat xlink:href="#sSpan2361" value="ⲟⲩ ⲧⲣⲁⲡⲉⲍⲁ ⲛ ⲟⲩⲱⲧ"/>
		<feat xlink:href="#sSpan2386" value="ⲡ ⲟⲉⲓⲕ"/>
		<feat xlink:href="#sSpan2398" value="ⲧⲟⲟⲧ ⲕ"/>
		<feat xlink:href="#sSpan2410" value="ⲧ ϫⲏ"/>
		<feat xlink:href="#sSpan2441" value="ⲛ ⲧⲟⲡⲟⲥ ⲉⲧ ⲟⲩⲁⲁⲃ"/>
		<feat xlink:href="#sSpan2465" value="ⲡⲉ ⲑⲩⲥⲓⲁⲥⲧⲏⲣⲓⲟⲛ"/>
		<feat xlink:href="#sSpan2504" value="ⲧⲉ ⲧⲣⲁⲡⲉⲍⲁ ⲛⲙⲙⲁ ⲕ"/>
		<feat xlink:href="#sSpan2540" value="ⲡ ⲥⲱⲙⲁ"/>
		<feat xlink:href="#sSpan2555" value="ⲡⲉ ⲭⲣⲓⲥⲧⲟⲥ"/>
		<feat xlink:href="#sSpan2589" value="ⲡⲉϥ ⲥⲛⲟϥ"/>
		<feat xlink:href="#sSpan2594" value="ⲡⲉⲛ ϩⲏⲧ"/>
		<feat xlink:href="#sSpan2609" value="ⲡⲟⲛⲏⲣⲟⲛ"/>
		<feat xlink:href="#sSpan2651" value="ⲧ ⲟⲣⲅⲏ"/>
		<feat xlink:href="#sSpan2662" value="ⲡ ⲥⲁϩⲟⲩ ⲛⲧ ⲁ ⲩ ⲉⲓ ⲉϩⲣⲁⲓ ⲉϫⲛ ⲛ ⲉⲧ ϩⲁⲧⲉ ⲛ ϩⲏ"/>
		<feat xlink:href="#sSpan2694" value="ⲛ ϩⲏ"/>
		<feat xlink:href="#sSpan2715" value="ϭⲗⲟⲙⲗⲙ ϩⲛ ⲛⲉⲓ ⲡⲟⲛⲏⲣⲟⲛ ⲛ ⲧⲉⲓ ϩⲉ"/>
		<feat xlink:href="#sSpan2722" value="ⲛⲉⲓ ⲡⲟⲛⲏⲣⲟⲛ"/>
		<feat xlink:href="#sSpan2765" value="ⲡ ϫⲓⲛϫⲏ"/>
		<feat xlink:href="#sSpan2808" value="ϩⲁϩ"/>
		<feat xlink:href="#sSpan2822" value="ⲟⲩⲟⲉⲓϣ ⲛⲓⲙ"/>
		<feat xlink:href="#sSpan2837" value="ⲡ ⲏⲓ ⲙ ⲡ ⲛⲟⲩⲧⲉ"/>
		<feat xlink:href="#sSpan2846" value="ⲡ ⲛⲟⲩⲧⲉ"/>
		<feat xlink:href="#sSpan2861" value="ⲡⲉⲩ ϩⲏⲧ"/>
		<feat xlink:href="#sSpan2901" value="ⲡ ⲉⲧ ⲟⲩⲱϣ ⲉ ⲥⲟⲩⲛ ⲛⲉⲓ ⲡⲟⲛⲏⲣⲟⲛ ⲛ ⲧⲉⲓ ϩⲉ"/>
		<feat xlink:href="#sSpan2915" value="ⲛⲉⲓ ⲡⲟⲛⲏⲣⲟⲛ"/>
		<feat xlink:href="#sSpan2981" value="ⲛⲉ ⲯⲁⲗⲙⲟⲥ"/>
		<feat xlink:href="#sSpan3011" value="ⲛ ⲣⲱⲙⲉ ⲛⲧ ⲁ ⲩ ⲁⲁ ⲩ"/>
		<feat xlink:href="#sSpan3036" value="ⲡ ⲙⲟⲩ"/>
		<feat xlink:href="#sSpan3094" value="ⲁⲙⲛⲧⲉ"/>
		<feat xlink:href="#sSpan3151" value="ⲛ ⲉⲧ ⲟⲩⲁⲁⲃ ⲉⲧ ϩⲙ ⲡ ⲏⲓ ⲙ ⲡ ⲛⲟⲩⲧⲉ ⲉⲧ ⲙⲟⲕϩ ⲛ ϩⲏⲧ"/>
		<feat xlink:href="#sSpan3164" value="ⲡ ⲏⲓ ⲙ ⲡ ⲛⲟⲩⲧⲉ"/>
		<feat xlink:href="#sSpan3174" value="ⲡ ⲛⲟⲩⲧⲉ"/>
		<feat xlink:href="#sSpan3210" value="ⲛ ⲉⲧ ⲉⲓⲣⲉ ⲛ ⲙ ⲡⲟⲛⲏⲣⲟⲛ ⲛϩⲏⲧ ⲟⲩ"/>
		<feat xlink:href="#sSpan3222" value="ⲙ ⲡⲟⲛⲏⲣⲟⲛ"/>
		<feat xlink:href="#sSpan3263" value="ϩⲉⲛ ϫⲁϫⲉ"/>
		<feat xlink:href="#sSpan3281" value="ⲛ ⲉⲧⲉⲣⲉ ⲡⲉⲩ ϩⲏⲧ ⲙⲉϩ ⲛ ⲕⲁⲕⲓⲁ"/>
		<feat xlink:href="#sSpan3286" value="ⲡⲉⲩ ϩⲏⲧ"/>
		<feat xlink:href="#sSpan3301" value="ⲕⲁⲕⲓⲁ"/>
		<feat xlink:href="#sSpan3315" value="ⲙⲛⲧϫⲁϫⲉ ⲉϩⲟⲩⲛ ⲉ ⲛⲉⲩ ⲉⲣⲏⲩ ⲉ ⲡ ϫⲓⲛϫⲏ ⲛⲧ ⲁ ⲩ ⲥϩⲁⲓ ⲛⲉⲓ ϣⲁϫⲉ ⲁⲛ ⲙⲙⲁⲧⲉ"/>
		<feat xlink:href="#sSpan3337" value="ⲡ ϫⲓⲛϫⲏ ⲛⲧ ⲁ ⲩ ⲥϩⲁⲓ ⲛⲉⲓ ϣⲁϫⲉ ⲁⲛ ⲙⲙⲁⲧⲉ"/>
		<feat xlink:href="#sSpan3355" value="ⲛⲉⲓ ϣⲁϫⲉ"/>
		<feat xlink:href="#sSpan3381" value="ⲛ ⲉⲧ ⲙⲟⲟϣⲉ ϫⲓⲛ ⲛ ϣⲟⲣⲡ ϩⲙ ⲡ ⲏⲓ ⲙ ⲡ ⲛⲟⲩⲧⲉ ⲙ ⲡⲉⲩ ϩⲏⲧ"/>
		<feat xlink:href="#sSpan3401" value="ⲡ ⲏⲓ ⲙ ⲡ ⲛⲟⲩⲧⲉ ⲙ ⲡⲉⲩ ϩⲏⲧ"/>
		<feat xlink:href="#sSpan3411" value="ⲡ ⲛⲟⲩⲧⲉ"/>
		<feat xlink:href="#sSpan3420" value="ⲡⲉⲩ ϩⲏⲧ"/>
		<feat xlink:href="#sSpan3464" value="ⲓⲟⲩⲇⲁⲥ ⲙⲁⲩⲁⲁ ϥ"/>
		<feat xlink:href="#sSpan3494" value="ⲡⲁ ⲟⲉⲓⲕ"/>
		<feat xlink:href="#sSpan3517" value="ⲡⲉϥ ϯⲃⲥ"/>
		<feat xlink:href="#sSpan3560" value="ϩⲉⲛ ϭⲓⲛⲟⲩⲱⲙ"/>
		<feat xlink:href="#sSpan3577" value="ⲛ ⲕⲟⲟⲩⲉ ⲉⲧ ⲉⲓⲛⲉ ⲛ ⲛⲁⲓ"/>
		<feat xlink:href="#sSpan3594" value="ⲛⲁⲓ"/>
		<feat xlink:href="#sSpan3630" value="ⲛ ⲉⲧ ⲛⲁ ⲙⲟⲟϣⲉ ϩⲛ ⲟⲩ ⲕⲣⲟϥ ϩⲛ ⲙ ⲙⲁ"/>
		<feat xlink:href="#sSpan3645" value="ⲟⲩ ⲕⲣⲟϥ"/>
		<feat xlink:href="#sSpan3655" value="ⲙ ⲙⲁ"/>
		<feat xlink:href="#sSpan3676" value="ⲟⲩⲟⲉⲓϣ ⲛⲓⲙ"/>
		<feat xlink:href="#sSpan3695" value="ⲡⲉⲩ ϩⲏⲧ"/>
		<feat xlink:href="#sSpan3718" value="ⲡ ⲛⲟⲩⲧⲉ"/>
		<feat xlink:href="#sSpan3737" value="ⲡⲉⲩ ϩⲏⲧ"/>
		<feat xlink:href="#sSpan3782" value="ⲓⲟⲩⲇⲁⲥ"/>
		<feat xlink:href="#sSpan3816" value="ⲁⲙⲛⲧⲉ"/>
		<feat xlink:href="#sSpan3841" value="ⲡ ϫⲓⲟⲩⲉ ⲙⲛ ⲧ ⲙⲛⲧⲡⲣⲟⲇⲟⲧⲏⲥ ⲧⲉϥ ϭⲓϫ ϩⲛ ⲧ ϫⲏ"/>
		<feat xlink:href="#sSpan3851" value="ⲧ ⲙⲛⲧⲡⲣⲟⲇⲟⲧⲏⲥ"/>
		<feat xlink:href="#sSpan3860" value="ⲧⲉϥ ϭⲓϫ"/>
		<feat xlink:href="#sSpan3872" value="ⲧ ϫⲏ"/>
		<feat xlink:href="#sSpan3886" value="ⲡ ⲛⲟⲩⲧⲉ"/>
		<feat xlink:href="#sSpan3955" value="ⲧ ⲅⲉϩⲉⲛⲛⲁ"/>
		<feat xlink:href="#sSpan4019" value="ⲡ ⲣⲁⲛ ⲛ ⲙ ⲙⲛⲧⲛⲟϭ ⲙ ⲡ ⲛⲟⲩⲧⲉ"/>
		<feat xlink:href="#sSpan4029" value="ⲙ ⲙⲛⲧⲛⲟϭ ⲙ ⲡ ⲛⲟⲩⲧⲉ"/>
		<feat xlink:href="#sSpan4040" value="ⲡ ⲛⲟⲩⲧⲉ"/>
		<feat xlink:href="#sSpan4084" value="ⲛⲉ ⲡⲣⲁⲝⲓⲥ ⲛ ⲓⲟⲩⲇⲁⲥ ϩⲙ ⲡ ⲏⲓ ⲙ ⲡ ⲛⲟⲩⲧⲉ"/>
		<feat xlink:href="#sSpan4096" value="ⲓⲟⲩⲇⲁⲥ"/>
		<feat xlink:href="#sSpan4104" value="ⲡ ⲏⲓ ⲙ ⲡ ⲛⲟⲩⲧⲉ"/>
		<feat xlink:href="#sSpan4113" value="ⲡ ⲛⲟⲩⲧⲉ"/>
		<feat xlink:href="#sSpan4156" value="ⲡ ⲉⲧ ⲙⲙⲁⲩ"/>
		<feat xlink:href="#sSpan4179" value="ⲡ ⲟⲉⲓⲕ ⲛⲧ ⲁ ⲡ ⲥⲁⲧⲁⲛⲁⲥ ⲃⲱⲕ ⲉϩⲟⲩⲛ ⲉⲣⲟ ϥ"/>
		<feat xlink:href="#sSpan4191" value="ⲡ ⲥⲁⲧⲁⲛⲁⲥ"/>
		<feat xlink:href="#sSpan4230" value="ⲧⲉⲓ ⲛⲟϭ ⲛ ⲟⲣⲅⲏ"/>
		<feat xlink:href="#sSpan4270" value="ⲧ ⲡⲟⲛⲏⲣⲓⲁ ⲛ ⲛⲉϥ ϩⲃⲏⲩⲉ ⲉⲃⲟⲗ"/>
		<feat xlink:href="#sSpan4281" value="ⲛⲉϥ ϩⲃⲏⲩⲉ ⲉⲃⲟⲗ"/>
		<feat xlink:href="#sSpan4314" value="ⲡ ⲥⲁⲧⲁⲛⲁⲥ"/>
		<feat xlink:href="#sSpan4325" value="ⲡ ⲧⲣⲉ ϥ ϫⲓ ⲉⲃⲟⲗ ϩⲙ ⲡ ⲟⲉⲓⲕ ⲛⲧ ⲁ ϥ ⲡⲟϣ ϥ"/>
		<feat xlink:href="#sSpan4343" value="ⲡ ⲟⲉⲓⲕ ⲛⲧ ⲁ ϥ ⲡⲟϣ ϥ"/>
		<feat xlink:href="#sSpan4382" value="ⲡ ϫⲟⲉⲓⲥ"/>
		<feat xlink:href="#sSpan4429" value="ⲧⲁⲓ"/>
		<feat xlink:href="#sSpan4476" value="ⲕⲉ ⲥⲁ"/>
		<feat xlink:href="#sSpan4521" value="ⲡ ⲉⲧ ⲛⲁ ⲕⲁⲙⲁ"/>
		<feat xlink:href="#sSpan4542" value="ⲡⲉ ⲡⲛⲉⲩⲙⲁ ⲛ ⲁⲕⲁⲑⲁⲣⲧⲟⲛ ⲛϩⲏⲧ ϥ"/>
		<feat xlink:href="#sSpan4554" value="ⲁⲕⲁⲑⲁⲣⲧⲟⲛ"/>
		<feat xlink:href="#sSpan4574" value="ⲧⲉ ⲭⲁⲣⲓⲥ ⲙⲛⲛⲥⲁ ⲡ ⲣⲁⲛ"/>
		<feat xlink:href="#sSpan4584" value="ⲡ ⲣⲁⲛ"/>
		<feat xlink:href="#sSpan4599" value="ⲡⲉ ⲥⲭⲏⲙⲁ"/>
		<feat xlink:href="#sSpan4654" value="ϩⲉⲛ ⲡⲟⲛⲏⲣⲟⲛ"/>
		<feat xlink:href="#sSpan4710" value="ⲡ ⲏⲓ ⲛⲧⲉ ⲛ ⲙⲛⲧⲕⲟⲥⲙⲓⲕⲟⲛ"/>
		<feat xlink:href="#sSpan4719" value="ⲛ ⲙⲛⲧⲕⲟⲥⲙⲓⲕⲟⲛ"/>
		<feat xlink:href="#sSpan4771" value="ⲛⲉⲓ ϩⲃⲏⲩⲉ ⲛ ⲕⲁⲕⲉ"/>
		<feat xlink:href="#sSpan4781" value="ⲕⲁⲕⲉ"/>
		<feat xlink:href="#sSpan4789" value="ϭⲟⲥⲙ"/>
		<feat xlink:href="#sSpan4801" value="ϣⲟⲛⲧⲉ"/>
		<feat xlink:href="#sSpan4809" value="ⲁⲣⲟⲟⲩⲉ"/>
		<feat xlink:href="#sSpan4857" value="ⲛⲉⲛ ⲙⲛⲧⲁⲧϩⲏⲧ ⲙⲛ ⲛⲉⲛ ⲙⲛⲧⲁⲙⲉⲗⲏⲥ ⲛ ⲉⲛⲧ ⲁ ⲩ ⲧⲣⲉ ⲛ ⲉⲧ ⲥⲁϣⲉ ϩⲗⲟϭ ⲛⲁ ⲛ"/>
		<feat xlink:href="#sSpan4870" value="ⲛⲉⲛ ⲙⲛⲧⲁⲙⲉⲗⲏⲥ"/>
		<feat xlink:href="#sSpan4892" value="ⲛ ⲉⲧ ⲥⲁϣⲉ"/>
		<feat xlink:href="#sSpan4928" value="ⲛ ϫⲱϩⲙ"/>
		<feat xlink:href="#sSpan4942" value="ⲛ ⲥⲱⲱϥ"/>
		<feat xlink:href="#sSpan4952" value="ⲙ ⲡⲟⲣⲛⲉⲓⲁ"/>
		<feat xlink:href="#sSpan4968" value="ⲙⲓⲛⲉ ⲙⲓⲛⲉ ⲛⲁⲓ ⲉⲧ ⲟⲩⲏⲩ ⲉⲃⲟⲗ ⲉⲙⲁⲧⲉ ⲛ ⲛ ⲕⲁⲛⲱⲛ"/>
		<feat xlink:href="#sSpan4971" value="ⲙⲓⲛⲉ"/>
		<feat xlink:href="#sSpan5000" value="ⲛ ⲕⲁⲛⲱⲛ"/>
		<feat xlink:href="#sSpan5016" value="ⲡ ⲅⲁⲙⲟⲥ ⲉⲧ ⲧⲁⲉⲓⲏⲩ"/>
		<feat xlink:href="#sSpan5049" value="ϣⲙⲙⲟ"/>
		<feat xlink:href="#sSpan5057" value="ⲡ ⲙⲁ ⲛ ⲛⲕⲟⲧⲕ ⲉⲧ ⲧⲃⲃⲏⲩ"/>
		<feat xlink:href="#sSpan5084" value="ⲛ ⲕⲱϩ"/>
		<feat xlink:href="#sSpan5094" value="ⲙ ⲙⲟⲥⲧⲉ"/>
		<feat xlink:href="#sSpan5104" value="ⲛ ⲕⲁⲧⲁⲗⲁⲗⲓⲁ"/>
		<feat xlink:href="#sSpan5120" value="ⲙ ⲙⲛⲧⲙⲁⲓⲧⲟ ⲉ ⲛ ϩⲟⲩⲟ"/>
		<feat xlink:href="#sSpan5141" value="ⲙ ⲙⲛⲧⲣⲉϥϫⲓϩⲟ"/>
		<feat xlink:href="#sSpan5159" value="ⲡ ϩⲁⲡ"/>
		<feat xlink:href="#sSpan5175" value="ⲛ ⲕⲟⲟⲩⲉ ⲧⲏⲣ ⲟⲩ ⲛⲧ ⲁ ⲛ ⲙⲉϩ ⲛ ⲧⲟⲡⲟⲥ ⲙ ⲡ ⲛⲟⲩⲧⲉ ⲛϩⲏⲧ ⲟⲩ"/>
		<feat xlink:href="#sSpan5202" value="ⲧⲟⲡⲟⲥ ⲙ ⲡ ⲛⲟⲩⲧⲉ"/>
		<feat xlink:href="#sSpan5211" value="ⲡ ⲛⲟⲩⲧⲉ"/>
		<feat xlink:href="#sSpan5232" value="ϩⲉⲛ ⲡⲁϣ ⲛⲁ ⲛ"/>
		<feat xlink:href="#sSpan5253" value="ϩⲉⲛ ⲁⲗⲟⲟⲩⲉ"/>
		<feat xlink:href="#sSpan5272" value="ϩⲉⲛ ⲱⲛⲉ"/>
		<feat xlink:href="#sSpan5282" value="ϩⲉⲛ ϩⲓⲉⲓⲧ"/>
		<feat xlink:href="#sSpan5385" value="ⲡ ⲕⲉ ⲟⲩⲁ"/>
		<feat xlink:href="#sSpan5421" value="ⲡ ⲉⲧ ⲟⲩⲁⲁⲃ"/>
		<feat xlink:href="#sSpan5437" value="ⲡ ⲉⲧ ϫⲁϩⲙ"/>
		<feat xlink:href="#sSpan5449" value="ⲡ ⲉⲧ ϩⲟⲟⲩ"/>
		<feat xlink:href="#sSpan5467" value="ⲡ ⲉⲧ ⲛⲁⲛⲟⲩ ϥ"/>
		<feat xlink:href="#sSpan5492" value="ⲡ ⲉⲧ ϩⲙ ⲡ ⲏⲓ ⲙ ⲡ ⲛⲟⲩⲧⲉ"/>
		<feat xlink:href="#sSpan5499" value="ⲡ ⲏⲓ ⲙ ⲡ ⲛⲟⲩⲧⲉ"/>
		<feat xlink:href="#sSpan5508" value="ⲡ ⲛⲟⲩⲧⲉ"/>
		<feat xlink:href="#sSpan5546" value="ⲡ ⲁⲅⲁⲑⲟⲛ"/>
		<feat xlink:href="#sSpan5606" value="ⲛ ⲣⲉϥⲣⲡⲉⲧϩⲟⲟⲩ"/>
		<feat xlink:href="#sSpan5673" value="ⲡ ⲁⲕⲁⲑⲁⲣⲧⲟⲥ"/>
		<feat xlink:href="#sSpan5704" value="ⲟⲩ ⲣⲱⲙⲉ ⲉ ϥ ϫⲁϩⲙ ⲉ ⲩ ⲡⲱⲣϫ ⲙⲙⲟ ϥ ⲉⲃⲟⲗ ⲙ ⲡ ⲣⲱⲙⲉ ⲉⲧ ⲟⲩⲁⲁⲃ"/>
		<feat xlink:href="#sSpan5744" value="ⲡ ⲣⲱⲙⲉ ⲉⲧ ⲟⲩⲁⲁⲃ"/>
		<feat xlink:href="#sSpan5767" value="ⲟⲩ ϩⲛⲟ"/>
		<feat xlink:href="#sSpan5819" value="ⲑⲩⲥⲓⲁ"/>
		<feat xlink:href="#sSpan5831" value="ⲡ ϫⲟⲉⲓⲥ"/>
		<feat xlink:href="#sSpan5841" value="ⲡ ⲉⲧ ϫⲁϩⲙ"/>
		<feat xlink:href="#sSpan5879" value="ⲡ ⲉⲧ ⲧⲃⲃⲏⲩ"/>
		<feat xlink:href="#sSpan5897" value="ⲛ ⲉⲛⲧⲟⲗⲏ"/>
		<feat xlink:href="#sSpan5919" value="ⲡⲟⲛⲏⲣⲟⲛ ⲛⲓⲙ ϫⲓⲛ ⲛ ϩⲁⲡ ⲉⲧ ϭⲟⲟⲙⲉ"/>
		<feat xlink:href="#sSpan5931" value="ⲛ ϩⲁⲡ ⲉⲧ ϭⲟⲟⲙⲉ"/>
		<feat xlink:href="#sSpan5958" value="ⲧ ϩⲩⲡⲟⲕⲣⲓⲥⲓⲥ ϩⲉⲛ ⲁⲕⲁⲑⲁⲣⲧⲟⲛ"/>
		<feat xlink:href="#sSpan5964" value="ϩⲉⲛ ⲁⲕⲁⲑⲁⲣⲧⲟⲛ"/>
		<feat xlink:href="#sSpan5990" value="ⲡ ⲉⲧ ⲛⲁ ϫⲱϩ ⲉⲣⲟ ⲟⲩ ⲉⲧⲉ ⲡⲁⲓ ⲡⲉ"/>
		<feat xlink:href="#sSpan6010" value="ⲡⲁⲓ"/>
		<feat xlink:href="#sSpan6069" value="ⲁⲕⲁⲑⲁⲣⲧⲟⲥ"/>
		<feat xlink:href="#sSpan6077" value="ⲡ ⲛⲟⲩⲧⲉ ⲛ ⲧ ϩⲉ ⲉⲧⲉ ϩⲉⲛ ⲁⲕⲁⲑⲁⲣⲥⲓⲁ"/>
		<feat xlink:href="#sSpan6095" value="ϩⲉⲛ ⲁⲕⲁⲑⲁⲣⲥⲓⲁ"/>
		<feat xlink:href="#sSpan6110" value="ⲛⲟⲃⲉ ⲛⲓⲙ"/>
		<feat xlink:href="#sSpan6127" value="ⲛ ⲣⲙ ⲛ ⲛⲟⲩⲧⲉ"/>
		<feat xlink:href="#sSpan6128" value="ⲛ ⲣⲙ ⲛ ⲛⲟⲩⲧⲉ ⲛⲁⲙⲉ ⲧⲁⲓ"/>
		<feat xlink:href="#sSpan6136" value="ⲛⲟⲩⲧⲉ"/>
		<feat xlink:href="#sSpan6178" value="ϩⲉⲛ ⲇⲓⲕⲁⲥⲧⲏⲥ"/>
		<feat xlink:href="#sSpan6209" value="ⲁⲕⲁⲑⲁⲣⲧⲟⲥ ⲉⲧⲃⲉ ⲛⲉⲩ ϩⲃⲏⲩⲉ ⲛ ⲁⲕⲁⲑⲁⲣⲧⲟⲛ"/>
		<feat xlink:href="#sSpan6217" value="ⲛⲉⲩ ϩⲃⲏⲩⲉ ⲛ ⲁⲕⲁⲑⲁⲣⲧⲟⲛ"/>
		<feat xlink:href="#sSpan6228" value="ⲁⲕⲁⲑⲁⲣⲧⲟⲛ"/>
		<feat xlink:href="#sSpan6250" value="ⲕⲁⲑⲁⲣⲟⲥ ⲉⲧⲃⲉ ⲛⲉⲩ ϩⲃⲏⲩⲉ ⲛ ⲇⲓⲕⲁⲓⲟⲛ"/>
		<feat xlink:href="#sSpan6258" value="ⲛⲉⲩ ϩⲃⲏⲩⲉ ⲛ ⲇⲓⲕⲁⲓⲟⲛ"/>
		<feat xlink:href="#sSpan6268" value="ⲇⲓⲕⲁⲓⲟⲛ"/>
		<feat xlink:href="#sSpan6283" value="ⲛⲉⲩ ϩⲁⲡ ⲙ ⲙⲉ"/>
		<feat xlink:href="#sSpan6324" value="ⲟⲩ ⲣⲱⲙⲉ ⲉ ϥ ⲧϭⲁⲉⲓⲟ"/>
		<feat xlink:href="#sSpan6347" value="ⲟⲩ ⲣⲱⲙⲉ ⲛ ⲁⲅⲁⲑⲟⲥ ⲉ ϥ ϯⲉⲟⲟⲩ ⲛ ⲟⲩ ⲣⲱⲙⲉ ⲙ ⲡⲟⲛⲏⲣⲟⲥ ⲁⲩⲱ ⲉ ϥ ⲥⲱϣ ⲛ ⲟⲩ ⲣⲱⲙⲉ ⲛ ⲇⲓⲕⲁⲓⲟⲥ ⲙ ⲡ ⲙⲧⲟ ⲉⲃⲟⲗ ⲛ ⲟⲩ ⲁⲥⲉⲃⲏⲥ"/>
		<feat xlink:href="#sSpan6375" value="ⲟⲩ ⲣⲱⲙⲉ ⲙ ⲡⲟⲛⲏⲣⲟⲥ"/>
		<feat xlink:href="#sSpan6405" value="ⲟⲩ ⲣⲱⲙⲉ ⲛ ⲇⲓⲕⲁⲓⲟⲥ ⲙ ⲡ ⲙⲧⲟ ⲉⲃⲟⲗ ⲛ ⲟⲩ ⲁⲥⲉⲃⲏⲥ"/>
		<feat xlink:href="#sSpan6423" value="ⲡ ⲙⲧⲟ ⲉⲃⲟⲗ ⲛ ⲟⲩ ⲁⲥⲉⲃⲏⲥ"/>
		<feat xlink:href="#sSpan6436" value="ⲟⲩ ⲁⲥⲉⲃⲏⲥ"/>
		<feat xlink:href="#sSpan6449" value="ⲟⲩ ϩⲏⲧ ⲛ ⲁⲕⲁⲑⲁⲣⲧⲟⲥ"/>
		<feat xlink:href="#sSpan6461" value="ⲁⲕⲁⲑⲁⲣⲧⲟⲥ"/>
		<feat xlink:href="#sSpan6501" value="ⲡ ⲉⲧ ⲛⲁ ⲧⲱⲙ"/>
		<feat xlink:href="#sSpan6520" value="ⲟⲩ ⲡⲩⲅⲏ ⲙ ⲙⲟⲟⲩ ⲛⲓⲙ"/>
		<feat xlink:href="#sSpan6531" value="ⲙⲟⲟⲩ"/>
		<feat xlink:href="#sSpan6574" value="ⲡ ⲉⲧⲉⲣⲉ ⲧ ⲃⲟⲧⲉ ⲙ ⲡ ⲛⲟⲩⲧⲉ ⲛϩⲏⲧ ϥ ⲧ ⲙⲛⲧϫⲁⲥⲓϩⲏⲧ ⲛ ⲧ ϩⲉ ⲉⲧ ⲥⲏϩ ϩⲙ ⲡ ⲉⲩⲁⲅⲅⲉⲗⲓⲟⲛ ⲏ ⲉ ⲛ ⲛⲁ ⲙⲉⲉⲩⲉ"/>
		<feat xlink:href="#sSpan6579" value="ⲧ ⲃⲟⲧⲉ ⲙ ⲡ ⲛⲟⲩⲧⲉ"/>
		<feat xlink:href="#sSpan6589" value="ⲡ ⲛⲟⲩⲧⲉ"/>
		<feat xlink:href="#sSpan6632" value="ⲡ ⲉⲩⲁⲅⲅⲉⲗⲓⲟⲛ"/>
		<feat xlink:href="#sSpan6666" value="ⲛⲉⲓ ⲙⲛⲧϫⲁⲥⲓϩⲏⲧ"/>
		<feat xlink:href="#sSpan6698" value="ⲡ ⲉⲧ ⲛⲁ ⲕⲁⲑⲏⲅⲉⲓ ⲙⲙⲟ ⲓ"/>
		<feat xlink:href="#sSpan6731" value="ⲡⲁⲓ"/>
		<feat xlink:href="#sSpan6737" value="ⲡ ⲉⲧ ⲛⲁ ϯⲥⲃⲱ ⲛⲁ ⲓ"/>
		<feat xlink:href="#sSpan6787" value="ⲛⲉⲛ ⲛⲟⲃⲉ"/>
		<feat xlink:href="#sSpan6805" value="ⲡ ⲛⲟⲩⲧⲉ"/>
		<feat xlink:href="#sSpan6837" value="ⲡⲉ ϩⲟⲟⲩ ⲛ ⲧⲉⲛ ⲁⲛⲁⲅⲕⲏ"/>
		<feat xlink:href="#sSpan6846" value="ⲧⲉⲛ ⲁⲛⲁⲅⲕⲏ"/>
		<feat xlink:href="#sSpan6862" value="ϩⲉⲛ ⲣⲱⲙⲉ ⲁⲛ"/>
		<feat xlink:href="#sSpan6875" value="ⲛⲁⲓ"/>
		<feat xlink:href="#sSpan6919" value="ⲡ ⲛⲁⲩ ⲉⲧ ⲙⲙⲁⲩ ϫⲉ ⲥⲁϩⲉ ⲧⲏⲩⲧⲛ ⲉⲃⲟⲗ"/>
		<feat xlink:href="#sSpan7036" value="ⲡ ⲛⲁⲩ ⲉⲧ ⲙⲙⲁⲩ"/>
		<feat xlink:href="#sSpan7072" value="ⲡⲉⲕ ⲣⲁⲛ"/>
		<feat xlink:href="#sSpan7096" value="ϩⲉⲛ ⲁⲣⲭⲏ"/>
		<feat xlink:href="#sSpan7110" value="ϩⲉⲛ ⲙⲛⲧⲛⲟϭ ϩⲙ ⲡⲉⲕ ⲣⲁⲛ"/>
		<feat xlink:href="#sSpan7124" value="ⲡⲉⲕ ⲣⲁⲛ"/>
		<feat xlink:href="#sSpan7154" value="ϩⲉⲛ ⲥⲭⲏⲙⲁ ϩⲙ ⲡⲉⲕ ⲣⲁⲛ"/>
		<feat xlink:href="#sSpan7165" value="ⲡⲉⲕ ⲣⲁⲛ"/>
		<feat xlink:href="#sSpan7184" value="ⲛⲉⲕ ⲧⲟⲡⲟⲥ ⲉⲧ ⲟⲩⲁⲁⲃ"/>
		<feat xlink:href="#sSpan7203" value="ⲡⲉⲕ ⲣⲁⲛ"/>
		<feat xlink:href="#sSpan7226" value="ⲛⲉ ⲅⲣⲁⲫⲏ"/>
		<feat xlink:href="#sSpan7238" value="ⲛⲁⲓ ϩⲱ ⲟⲩ"/>
		<feat xlink:href="#sSpan7268" value="ⲡⲉⲕ ⲣⲁⲛ"/>
		<feat xlink:href="#sSpan7297" value="ⲡⲉⲕ ⲣⲁⲛ"/>
		<feat xlink:href="#sSpan7342" value="ⲡⲉⲕ ⲣⲁⲛ"/>
		<feat xlink:href="#sSpan7363" value="ⲛ ϭⲟⲙ"/>
		<feat xlink:href="#sSpan7391" value="ϯϩⲏⲩ"/>
		<feat xlink:href="#sSpan7408" value="ⲗⲁⲁⲩ"/>
		<feat xlink:href="#sSpan7456" value="ⲛⲉ ϩⲃⲏⲩⲉ"/>
		<feat xlink:href="#sSpan7481" value="ⲛⲁⲓ"/>
		<feat xlink:href="#sSpan7523" value="ⲧ ⲥⲁⲧⲉ ϣⲁ ⲉⲛⲉϩ ⲉⲧⲃⲉ ϫⲉ ⲙⲡ ⲟⲩ ⲉⲓⲣⲉ ⲛ ⲛⲉ ⲛⲧ ⲁ ϥ ϫⲟ ⲟⲩ"/>
		<feat xlink:href="#sSpan7533" value="ⲉⲛⲉϩ"/>
		<feat xlink:href="#sSpan7556" value="ⲛⲉ ⲛⲧ ⲁ ϥ ϫⲟ ⲟⲩ"/>
		<feat xlink:href="#sSpan7613" value="ϩⲉⲛ ϩⲃⲏⲩⲉ ⲛ ⲁⲛⲁⲅⲕⲁⲓⲟⲛ"/>
		<feat xlink:href="#sSpan7623" value="ⲁⲛⲁⲅⲕⲁⲓⲟⲛ"/>
		<feat xlink:href="#sSpan7636" value="ⲛ ϩⲁⲡ ⲙ ⲡ ⲛⲟⲩⲧⲉ"/>
		<feat xlink:href="#sSpan7647" value="ⲡ ⲛⲟⲩⲧⲉ"/>
		<feat xlink:href="#sSpan7666" value="ⲡ ⲇⲓⲕⲁⲓⲟⲛ"/></featList></paula>