<?xml version='1.0' encoding='UTF-8'?><!DOCTYPE paula SYSTEM "paula_rel.dtd">
<paula version="1.1">
	<header paula_id="scriptorium.GL45-53_par_XJ52-62.head"/>
	<relList xmlns:xlink="http://www.w3.org/1999/xlink" type="head">
		<rel id="sPointingRel3539" xlink:href="scriptorium.GL45-53_par_XJ52-62.mark.xml#sSpan514" target="scriptorium.GL45-53_par_XJ52-62.mark.xml#sSpan515"/>
		<rel id="sPointingRel3541" xlink:href="scriptorium.GL45-53_par_XJ52-62.mark.xml#sSpan4096" target="scriptorium.GL45-53_par_XJ52-62.mark.xml#sSpan4094"/>
		<rel id="sPointingRel3543" xlink:href="scriptorium.GL45-53_par_XJ52-62.mark.xml#sSpan2143" target="scriptorium.GL45-53_par_XJ52-62.mark.xml#sSpan2144"/>
		<rel id="sPointingRel3545" xlink:href="scriptorium.GL45-53_par_XJ52-62.mark.xml#sSpan5508" target="scriptorium.GL45-53_par_XJ52-62.mark.xml#sSpan5510"/>
		<rel id="sPointingRel3547" xlink:href="scriptorium.GL45-53_par_XJ52-62.mark.xml#sSpan6919" target="scriptorium.GL45-53_par_XJ52-62.mark.xml#sSpan6933"/>
		<rel id="sPointingRel3549" xlink:href="scriptorium.GL45-53_par_XJ52-62.mark.xml#sSpan4104" target="scriptorium.GL45-53_par_XJ52-62.mark.xml#sSpan4105"/>
		<rel id="sPointingRel3551" xlink:href="scriptorium.GL45-53_par_XJ52-62.mark.xml#sSpan2441" target="scriptorium.GL45-53_par_XJ52-62.mark.xml#sSpan2443"/>
		<rel id="sPointingRel3553" xlink:href="scriptorium.GL45-53_par_XJ52-62.mark.xml#sSpan618" target="scriptorium.GL45-53_par_XJ52-62.mark.xml#sSpan616"/>
		<rel id="sPointingRel3555" xlink:href="scriptorium.GL45-53_par_XJ52-62.mark.xml#sSpan5104" target="scriptorium.GL45-53_par_XJ52-62.mark.xml#sSpan5106"/>
		<rel id="sPointingRel3557" xlink:href="scriptorium.GL45-53_par_XJ52-62.mark.xml#sSpan5606" target="scriptorium.GL45-53_par_XJ52-62.mark.xml#sSpan5608"/>
		<rel id="sPointingRel3559" xlink:href="scriptorium.GL45-53_par_XJ52-62.mark.xml#sSpan2808" target="scriptorium.GL45-53_par_XJ52-62.mark.xml#sSpan2806"/>
		<rel id="sPointingRel3561" xlink:href="scriptorium.GL45-53_par_XJ52-62.mark.xml#sSpan5744" target="scriptorium.GL45-53_par_XJ52-62.mark.xml#sSpan5745"/>
		<rel id="sPointingRel3563" xlink:href="scriptorium.GL45-53_par_XJ52-62.mark.xml#sSpan3174" target="scriptorium.GL45-53_par_XJ52-62.mark.xml#sSpan3175"/>
		<rel id="sPointingRel3565" xlink:href="scriptorium.GL45-53_par_XJ52-62.mark.xml#sSpan5282" target="scriptorium.GL45-53_par_XJ52-62.mark.xml#sSpan5283"/>
		<rel id="sPointingRel3567" xlink:href="scriptorium.GL45-53_par_XJ52-62.mark.xml#sSpan6579" target="scriptorium.GL45-53_par_XJ52-62.mark.xml#sSpan6580"/>
		<rel id="sPointingRel3569" xlink:href="scriptorium.GL45-53_par_XJ52-62.mark.xml#sSpan462" target="scriptorium.GL45-53_par_XJ52-62.mark.xml#sSpan464"/>
		<rel id="sPointingRel3571" xlink:href="scriptorium.GL45-53_par_XJ52-62.mark.xml#sSpan4179" target="scriptorium.GL45-53_par_XJ52-62.mark.xml#sSpan4180"/>
		<rel id="sPointingRel3573" xlink:href="scriptorium.GL45-53_par_XJ52-62.mark.xml#sSpan2722" target="scriptorium.GL45-53_par_XJ52-62.mark.xml#sSpan2725"/>
		<rel id="sPointingRel3575" xlink:href="scriptorium.GL45-53_par_XJ52-62.mark.xml#sSpan1421" target="scriptorium.GL45-53_par_XJ52-62.mark.xml#sSpan1419"/>
		<rel id="sPointingRel3577" xlink:href="scriptorium.GL45-53_par_XJ52-62.mark.xml#sSpan6228" target="scriptorium.GL45-53_par_XJ52-62.mark.xml#sSpan6226"/>
		<rel id="sPointingRel3579" xlink:href="scriptorium.GL45-53_par_XJ52-62.mark.xml#sSpan1562" target="scriptorium.GL45-53_par_XJ52-62.mark.xml#sSpan1564"/>
		<rel id="sPointingRel3581" xlink:href="scriptorium.GL45-53_par_XJ52-62.mark.xml#sSpan7203" target="scriptorium.GL45-53_par_XJ52-62.mark.xml#sSpan7204"/>
		<rel id="sPointingRel3583" xlink:href="scriptorium.GL45-53_par_XJ52-62.mark.xml#sSpan6136" target="scriptorium.GL45-53_par_XJ52-62.mark.xml#sSpan6134"/>
		<rel id="sPointingRel3585" xlink:href="scriptorium.GL45-53_par_XJ52-62.mark.xml#sSpan707" target="scriptorium.GL45-53_par_XJ52-62.mark.xml#sSpan705"/>
		<rel id="sPointingRel3587" xlink:href="scriptorium.GL45-53_par_XJ52-62.mark.xml#sSpan2589" target="scriptorium.GL45-53_par_XJ52-62.mark.xml#sSpan2590"/>
		<rel id="sPointingRel3589" xlink:href="scriptorium.GL45-53_par_XJ52-62.mark.xml#sSpan5931" target="scriptorium.GL45-53_par_XJ52-62.mark.xml#sSpan5933"/>
		<rel id="sPointingRel3591" xlink:href="scriptorium.GL45-53_par_XJ52-62.mark.xml#sSpan5211" target="scriptorium.GL45-53_par_XJ52-62.mark.xml#sSpan5212"/>
		<rel id="sPointingRel3593" xlink:href="scriptorium.GL45-53_par_XJ52-62.mark.xml#sSpan5546" target="scriptorium.GL45-53_par_XJ52-62.mark.xml#sSpan5548"/>
		<rel id="sPointingRel3595" xlink:href="scriptorium.GL45-53_par_XJ52-62.mark.xml#sSpan727" target="scriptorium.GL45-53_par_XJ52-62.mark.xml#sSpan725"/>
		<rel id="sPointingRel3597" xlink:href="scriptorium.GL45-53_par_XJ52-62.mark.xml#sSpan5990" target="scriptorium.GL45-53_par_XJ52-62.mark.xml#sSpan5986"/>
		<rel id="sPointingRel3599" xlink:href="scriptorium.GL45-53_par_XJ52-62.mark.xml#sSpan4382" target="scriptorium.GL45-53_par_XJ52-62.mark.xml#sSpan4383"/>
		<rel id="sPointingRel3601" xlink:href="scriptorium.GL45-53_par_XJ52-62.mark.xml#sSpan3955" target="scriptorium.GL45-53_par_XJ52-62.mark.xml#sSpan3957"/>
		<rel id="sPointingRel3603" xlink:href="scriptorium.GL45-53_par_XJ52-62.mark.xml#sSpan3036" target="scriptorium.GL45-53_par_XJ52-62.mark.xml#sSpan3037"/>
		<rel id="sPointingRel3605" xlink:href="scriptorium.GL45-53_par_XJ52-62.mark.xml#sSpan2609" target="scriptorium.GL45-53_par_XJ52-62.mark.xml#sSpan2607"/>
		<rel id="sPointingRel3607" xlink:href="scriptorium.GL45-53_par_XJ52-62.mark.xml#sSpan6461" target="scriptorium.GL45-53_par_XJ52-62.mark.xml#sSpan6459"/>
		<rel id="sPointingRel3609" xlink:href="scriptorium.GL45-53_par_XJ52-62.mark.xml#sSpan2209" target="scriptorium.GL45-53_par_XJ52-62.mark.xml#sSpan2207"/>
		<rel id="sPointingRel3611" xlink:href="scriptorium.GL45-53_par_XJ52-62.mark.xml#sSpan5704" target="scriptorium.GL45-53_par_XJ52-62.mark.xml#sSpan5705"/>
		<rel id="sPointingRel3613" xlink:href="scriptorium.GL45-53_par_XJ52-62.mark.xml#sSpan1186" target="scriptorium.GL45-53_par_XJ52-62.mark.xml#sSpan1184"/>
		<rel id="sPointingRel3615" xlink:href="scriptorium.GL45-53_par_XJ52-62.mark.xml#sSpan2915" target="scriptorium.GL45-53_par_XJ52-62.mark.xml#sSpan2920"/>
		<rel id="sPointingRel3617" xlink:href="scriptorium.GL45-53_par_XJ52-62.mark.xml#sSpan1628" target="scriptorium.GL45-53_par_XJ52-62.mark.xml#sSpan1631"/>
		<rel id="sPointingRel3619" xlink:href="scriptorium.GL45-53_par_XJ52-62.mark.xml#sSpan2846" target="scriptorium.GL45-53_par_XJ52-62.mark.xml#sSpan2847"/>
		<rel id="sPointingRel3621" xlink:href="scriptorium.GL45-53_par_XJ52-62.mark.xml#sSpan6574" target="scriptorium.GL45-53_par_XJ52-62.mark.xml#sSpan6572"/>
		<rel id="sPointingRel3623" xlink:href="scriptorium.GL45-53_par_XJ52-62.mark.xml#sSpan2245" target="scriptorium.GL45-53_par_XJ52-62.mark.xml#sSpan2250"/>
		<rel id="sPointingRel3625" xlink:href="scriptorium.GL45-53_par_XJ52-62.mark.xml#sSpan3401" target="scriptorium.GL45-53_par_XJ52-62.mark.xml#sSpan3402"/>
		<rel id="sPointingRel3627" xlink:href="scriptorium.GL45-53_par_XJ52-62.mark.xml#sSpan4710" target="scriptorium.GL45-53_par_XJ52-62.mark.xml#sSpan4711"/>
		<rel id="sPointingRel3629" xlink:href="scriptorium.GL45-53_par_XJ52-62.mark.xml#sSpan5467" target="scriptorium.GL45-53_par_XJ52-62.mark.xml#sSpan5465"/>
		<rel id="sPointingRel3631" xlink:href="scriptorium.GL45-53_par_XJ52-62.mark.xml#sSpan2651" target="scriptorium.GL45-53_par_XJ52-62.mark.xml#sSpan2653"/>
		<rel id="sPointingRel3633" xlink:href="scriptorium.GL45-53_par_XJ52-62.mark.xml#sSpan7124" target="scriptorium.GL45-53_par_XJ52-62.mark.xml#sSpan7125"/>
		<rel id="sPointingRel3635" xlink:href="scriptorium.GL45-53_par_XJ52-62.mark.xml#sSpan6250" target="scriptorium.GL45-53_par_XJ52-62.mark.xml#sSpan6248"/>
		<rel id="sPointingRel3637" xlink:href="scriptorium.GL45-53_par_XJ52-62.mark.xml#sSpan6875" target="scriptorium.GL45-53_par_XJ52-62.mark.xml#sSpan6873"/>
		<rel id="sPointingRel3639" xlink:href="scriptorium.GL45-53_par_XJ52-62.mark.xml#sSpan565" target="scriptorium.GL45-53_par_XJ52-62.mark.xml#sSpan566"/>
		<rel id="sPointingRel3641" xlink:href="scriptorium.GL45-53_par_XJ52-62.mark.xml#sSpan237" target="scriptorium.GL45-53_par_XJ52-62.mark.xml#sSpan238"/>
		<rel id="sPointingRel3643" xlink:href="scriptorium.GL45-53_par_XJ52-62.mark.xml#sSpan4781" target="scriptorium.GL45-53_par_XJ52-62.mark.xml#sSpan4779"/>
		<rel id="sPointingRel3645" xlink:href="scriptorium.GL45-53_par_XJ52-62.mark.xml#sSpan5000" target="scriptorium.GL45-53_par_XJ52-62.mark.xml#sSpan5002"/>
		<rel id="sPointingRel3647" xlink:href="scriptorium.GL45-53_par_XJ52-62.mark.xml#sSpan3886" target="scriptorium.GL45-53_par_XJ52-62.mark.xml#sSpan3887"/>
		<rel id="sPointingRel3649" xlink:href="scriptorium.GL45-53_par_XJ52-62.mark.xml#sSpan7613" target="scriptorium.GL45-53_par_XJ52-62.mark.xml#sSpan7614"/>
		<rel id="sPointingRel3651" xlink:href="scriptorium.GL45-53_par_XJ52-62.mark.xml#sSpan3517" target="scriptorium.GL45-53_par_XJ52-62.mark.xml#sSpan3518"/>
		<rel id="sPointingRel3653" xlink:href="scriptorium.GL45-53_par_XJ52-62.mark.xml#sSpan1059" target="scriptorium.GL45-53_par_XJ52-62.mark.xml#sSpan1060"/>
		<rel id="sPointingRel3655" xlink:href="scriptorium.GL45-53_par_XJ52-62.mark.xml#sSpan95" target="scriptorium.GL45-53_par_XJ52-62.mark.xml#sSpan96"/>
		<rel id="sPointingRel3657" xlink:href="scriptorium.GL45-53_par_XJ52-62.mark.xml#sSpan2555" target="scriptorium.GL45-53_par_XJ52-62.mark.xml#sSpan2557"/>
		<rel id="sPointingRel3659" xlink:href="scriptorium.GL45-53_par_XJ52-62.mark.xml#sSpan3494" target="scriptorium.GL45-53_par_XJ52-62.mark.xml#sSpan3495"/>
		<rel id="sPointingRel3661" xlink:href="scriptorium.GL45-53_par_XJ52-62.mark.xml#sSpan6375" target="scriptorium.GL45-53_par_XJ52-62.mark.xml#sSpan6376"/>
		<rel id="sPointingRel3663" xlink:href="scriptorium.GL45-53_par_XJ52-62.mark.xml#sSpan643" target="scriptorium.GL45-53_par_XJ52-62.mark.xml#sSpan647"/>
		<rel id="sPointingRel3665" xlink:href="scriptorium.GL45-53_par_XJ52-62.mark.xml#sSpan7363" target="scriptorium.GL45-53_par_XJ52-62.mark.xml#sSpan7367"/>
		<rel id="sPointingRel3667" xlink:href="scriptorium.GL45-53_par_XJ52-62.mark.xml#sSpan1425" target="scriptorium.GL45-53_par_XJ52-62.mark.xml#sSpan1429"/>
		<rel id="sPointingRel3669" xlink:href="scriptorium.GL45-53_par_XJ52-62.mark.xml#sSpan5897" target="scriptorium.GL45-53_par_XJ52-62.mark.xml#sSpan5899"/>
		<rel id="sPointingRel3671" xlink:href="scriptorium.GL45-53_par_XJ52-62.mark.xml#sSpan2280" target="scriptorium.GL45-53_par_XJ52-62.mark.xml#sSpan2282"/>
		<rel id="sPointingRel3673" xlink:href="scriptorium.GL45-53_par_XJ52-62.mark.xml#sSpan7523" target="scriptorium.GL45-53_par_XJ52-62.mark.xml#sSpan7546"/>
		<rel id="sPointingRel3675" xlink:href="scriptorium.GL45-53_par_XJ52-62.mark.xml#sSpan6110" target="scriptorium.GL45-53_par_XJ52-62.mark.xml#sSpan6108"/>
		<rel id="sPointingRel3677" xlink:href="scriptorium.GL45-53_par_XJ52-62.mark.xml#sSpan5437" target="scriptorium.GL45-53_par_XJ52-62.mark.xml#sSpan5435"/>
		<rel id="sPointingRel3679" xlink:href="scriptorium.GL45-53_par_XJ52-62.mark.xml#sSpan3094" target="scriptorium.GL45-53_par_XJ52-62.mark.xml#sSpan3092"/>
		<rel id="sPointingRel3681" xlink:href="scriptorium.GL45-53_par_XJ52-62.mark.xml#sSpan974" target="scriptorium.GL45-53_par_XJ52-62.mark.xml#sSpan972"/>
		<rel id="sPointingRel3683" xlink:href="scriptorium.GL45-53_par_XJ52-62.mark.xml#sSpan2861" target="scriptorium.GL45-53_par_XJ52-62.mark.xml#sSpan2862"/>
		<rel id="sPointingRel3685" xlink:href="scriptorium.GL45-53_par_XJ52-62.mark.xml#sSpan342" target="scriptorium.GL45-53_par_XJ52-62.mark.xml#sSpan340"/>
		<rel id="sPointingRel3687" xlink:href="scriptorium.GL45-53_par_XJ52-62.mark.xml#sSpan4654" target="scriptorium.GL45-53_par_XJ52-62.mark.xml#sSpan4657"/>
		<rel id="sPointingRel3689" xlink:href="scriptorium.GL45-53_par_XJ52-62.mark.xml#sSpan6178" target="scriptorium.GL45-53_par_XJ52-62.mark.xml#sSpan6180"/>
		<rel id="sPointingRel3691" xlink:href="scriptorium.GL45-53_par_XJ52-62.mark.xml#sSpan6010" target="scriptorium.GL45-53_par_XJ52-62.mark.xml#sSpan6008"/>
		<rel id="sPointingRel3693" xlink:href="scriptorium.GL45-53_par_XJ52-62.mark.xml#sSpan764" target="scriptorium.GL45-53_par_XJ52-62.mark.xml#sSpan762"/>
		<rel id="sPointingRel3695" xlink:href="scriptorium.GL45-53_par_XJ52-62.mark.xml#sSpan4" target="scriptorium.GL45-53_par_XJ52-62.mark.xml#sSpan2"/>
		<rel id="sPointingRel3697" xlink:href="scriptorium.GL45-53_par_XJ52-62.mark.xml#sSpan6787" target="scriptorium.GL45-53_par_XJ52-62.mark.xml#sSpan6789"/>
		<rel id="sPointingRel3699" xlink:href="scriptorium.GL45-53_par_XJ52-62.mark.xml#sSpan7226" target="scriptorium.GL45-53_par_XJ52-62.mark.xml#sSpan7228"/>
		<rel id="sPointingRel3701" xlink:href="scriptorium.GL45-53_par_XJ52-62.mark.xml#sSpan6737" target="scriptorium.GL45-53_par_XJ52-62.mark.xml#sSpan6733"/>
		<rel id="sPointingRel3703" xlink:href="scriptorium.GL45-53_par_XJ52-62.mark.xml#sSpan4156" target="scriptorium.GL45-53_par_XJ52-62.mark.xml#sSpan4154"/>
		<rel id="sPointingRel3705" xlink:href="scriptorium.GL45-53_par_XJ52-62.mark.xml#sSpan5084" target="scriptorium.GL45-53_par_XJ52-62.mark.xml#sSpan5085"/>
		<rel id="sPointingRel3707" xlink:href="scriptorium.GL45-53_par_XJ52-62.mark.xml#sSpan3577" target="scriptorium.GL45-53_par_XJ52-62.mark.xml#sSpan3578"/>
		<rel id="sPointingRel3709" xlink:href="scriptorium.GL45-53_par_XJ52-62.mark.xml#sSpan3737" target="scriptorium.GL45-53_par_XJ52-62.mark.xml#sSpan3739"/>
		<rel id="sPointingRel3711" xlink:href="scriptorium.GL45-53_par_XJ52-62.mark.xml#sSpan3286" target="scriptorium.GL45-53_par_XJ52-62.mark.xml#sSpan3287"/>
		<rel id="sPointingRel3713" xlink:href="scriptorium.GL45-53_par_XJ52-62.mark.xml#sSpan2398" target="scriptorium.GL45-53_par_XJ52-62.mark.xml#sSpan2396"/>
		<rel id="sPointingRel3715" xlink:href="scriptorium.GL45-53_par_XJ52-62.mark.xml#sSpan3420" target="scriptorium.GL45-53_par_XJ52-62.mark.xml#sSpan3422"/>
		<rel id="sPointingRel3717" xlink:href="scriptorium.GL45-53_par_XJ52-62.mark.xml#sSpan4270" target="scriptorium.GL45-53_par_XJ52-62.mark.xml#sSpan4272"/>
		<rel id="sPointingRel3719" xlink:href="scriptorium.GL45-53_par_XJ52-62.mark.xml#sSpan4809" target="scriptorium.GL45-53_par_XJ52-62.mark.xml#sSpan4807"/>
		<rel id="sPointingRel3721" xlink:href="scriptorium.GL45-53_par_XJ52-62.mark.xml#sSpan6501" target="scriptorium.GL45-53_par_XJ52-62.mark.xml#sSpan6499"/>
		<rel id="sPointingRel3723" xlink:href="scriptorium.GL45-53_par_XJ52-62.mark.xml#sSpan2152" target="scriptorium.GL45-53_par_XJ52-62.mark.xml#sSpan2153"/>
		<rel id="sPointingRel3725" xlink:href="scriptorium.GL45-53_par_XJ52-62.mark.xml#sSpan7036" target="scriptorium.GL45-53_par_XJ52-62.mark.xml#sSpan7037"/>
		<rel id="sPointingRel3727" xlink:href="scriptorium.GL45-53_par_XJ52-62.mark.xml#sSpan1569" target="scriptorium.GL45-53_par_XJ52-62.mark.xml#sSpan1573"/>
		<rel id="sPointingRel3729" xlink:href="scriptorium.GL45-53_par_XJ52-62.mark.xml#sSpan6217" target="scriptorium.GL45-53_par_XJ52-62.mark.xml#sSpan6218"/>
		<rel id="sPointingRel3731" xlink:href="scriptorium.GL45-53_par_XJ52-62.mark.xml#sSpan1218" target="scriptorium.GL45-53_par_XJ52-62.mark.xml#sSpan1220"/>
		<rel id="sPointingRel3733" xlink:href="scriptorium.GL45-53_par_XJ52-62.mark.xml#sSpan4857" target="scriptorium.GL45-53_par_XJ52-62.mark.xml#sSpan4859"/>
		<rel id="sPointingRel3735" xlink:href="scriptorium.GL45-53_par_XJ52-62.mark.xml#sSpan4019" target="scriptorium.GL45-53_par_XJ52-62.mark.xml#sSpan4020"/>
		<rel id="sPointingRel3737" xlink:href="scriptorium.GL45-53_par_XJ52-62.mark.xml#sSpan2765" target="scriptorium.GL45-53_par_XJ52-62.mark.xml#sSpan2766"/>
		<rel id="sPointingRel3739" xlink:href="scriptorium.GL45-53_par_XJ52-62.mark.xml#sSpan5272" target="scriptorium.GL45-53_par_XJ52-62.mark.xml#sSpan5273"/>
		<rel id="sPointingRel3741" xlink:href="scriptorium.GL45-53_par_XJ52-62.mark.xml#sSpan1169" target="scriptorium.GL45-53_par_XJ52-62.mark.xml#sSpan1167"/>
		<rel id="sPointingRel3743" xlink:href="scriptorium.GL45-53_par_XJ52-62.mark.xml#sSpan3301" target="scriptorium.GL45-53_par_XJ52-62.mark.xml#sSpan3299"/>
		<rel id="sPointingRel3745" xlink:href="scriptorium.GL45-53_par_XJ52-62.mark.xml#sSpan4584" target="scriptorium.GL45-53_par_XJ52-62.mark.xml#sSpan4586"/>
		<rel id="sPointingRel3747" xlink:href="scriptorium.GL45-53_par_XJ52-62.mark.xml#sSpan7456" target="scriptorium.GL45-53_par_XJ52-62.mark.xml#sSpan7457"/>
		<rel id="sPointingRel3749" xlink:href="scriptorium.GL45-53_par_XJ52-62.mark.xml#sSpan699" target="scriptorium.GL45-53_par_XJ52-62.mark.xml#sSpan697"/>
		<rel id="sPointingRel3751" xlink:href="scriptorium.GL45-53_par_XJ52-62.mark.xml#sSpan3655" target="scriptorium.GL45-53_par_XJ52-62.mark.xml#sSpan3656"/>
		<rel id="sPointingRel3753" xlink:href="scriptorium.GL45-53_par_XJ52-62.mark.xml#sSpan4554" target="scriptorium.GL45-53_par_XJ52-62.mark.xml#sSpan4552"/>
		<rel id="sPointingRel3755" xlink:href="scriptorium.GL45-53_par_XJ52-62.mark.xml#sSpan130" target="scriptorium.GL45-53_par_XJ52-62.mark.xml#sSpan127"/>
		<rel id="sPointingRel3757" xlink:href="scriptorium.GL45-53_par_XJ52-62.mark.xml#sSpan2662" target="scriptorium.GL45-53_par_XJ52-62.mark.xml#sSpan2663"/>
		<rel id="sPointingRel3759" xlink:href="scriptorium.GL45-53_par_XJ52-62.mark.xml#sSpan3263" target="scriptorium.GL45-53_par_XJ52-62.mark.xml#sSpan3264"/>
		<rel id="sPointingRel3761" xlink:href="scriptorium.GL45-53_par_XJ52-62.mark.xml#sSpan5159" target="scriptorium.GL45-53_par_XJ52-62.mark.xml#sSpan5161"/>
		<rel id="sPointingRel3763" xlink:href="scriptorium.GL45-53_par_XJ52-62.mark.xml#sSpan4113" target="scriptorium.GL45-53_par_XJ52-62.mark.xml#sSpan4114"/>
		<rel id="sPointingRel3765" xlink:href="scriptorium.GL45-53_par_XJ52-62.mark.xml#sSpan902" target="scriptorium.GL45-53_par_XJ52-62.mark.xml#sSpan900"/>
		<rel id="sPointingRel3767" xlink:href="scriptorium.GL45-53_par_XJ52-62.mark.xml#sSpan2289" target="scriptorium.GL45-53_par_XJ52-62.mark.xml#sSpan2290"/>
		<rel id="sPointingRel3769" xlink:href="scriptorium.GL45-53_par_XJ52-62.mark.xml#sSpan3210" target="scriptorium.GL45-53_par_XJ52-62.mark.xml#sSpan3208"/>
		<rel id="sPointingRel3771" xlink:href="scriptorium.GL45-53_par_XJ52-62.mark.xml#sSpan1863" target="scriptorium.GL45-53_par_XJ52-62.mark.xml#sSpan1864"/>
		<rel id="sPointingRel3773" xlink:href="scriptorium.GL45-53_par_XJ52-62.mark.xml#sSpan3841" target="scriptorium.GL45-53_par_XJ52-62.mark.xml#sSpan3842"/>
		<rel id="sPointingRel3775" xlink:href="scriptorium.GL45-53_par_XJ52-62.mark.xml#sSpan3851" target="scriptorium.GL45-53_par_XJ52-62.mark.xml#sSpan3853"/>
		<rel id="sPointingRel3777" xlink:href="scriptorium.GL45-53_par_XJ52-62.mark.xml#sSpan6449" target="scriptorium.GL45-53_par_XJ52-62.mark.xml#sSpan6451"/>
		<rel id="sPointingRel3779" xlink:href="scriptorium.GL45-53_par_XJ52-62.mark.xml#sSpan412" target="scriptorium.GL45-53_par_XJ52-62.mark.xml#sSpan413"/>
		<rel id="sPointingRel3781" xlink:href="scriptorium.GL45-53_par_XJ52-62.mark.xml#sSpan719" target="scriptorium.GL45-53_par_XJ52-62.mark.xml#sSpan717"/>
		<rel id="sPointingRel3783" xlink:href="scriptorium.GL45-53_par_XJ52-62.mark.xml#sSpan5819" target="scriptorium.GL45-53_par_XJ52-62.mark.xml#sSpan5817"/>
		<rel id="sPointingRel3785" xlink:href="scriptorium.GL45-53_par_XJ52-62.mark.xml#sSpan3860" target="scriptorium.GL45-53_par_XJ52-62.mark.xml#sSpan3863"/>
		<rel id="sPointingRel3787" xlink:href="scriptorium.GL45-53_par_XJ52-62.mark.xml#sSpan6698" target="scriptorium.GL45-53_par_XJ52-62.mark.xml#sSpan6694"/>
		<rel id="sPointingRel3789" xlink:href="scriptorium.GL45-53_par_XJ52-62.mark.xml#sSpan6324" target="scriptorium.GL45-53_par_XJ52-62.mark.xml#sSpan6325"/>
		<rel id="sPointingRel3791" xlink:href="scriptorium.GL45-53_par_XJ52-62.mark.xml#sSpan1046" target="scriptorium.GL45-53_par_XJ52-62.mark.xml#sSpan1048"/>
		<rel id="sPointingRel3793" xlink:href="scriptorium.GL45-53_par_XJ52-62.mark.xml#sSpan2316" target="scriptorium.GL45-53_par_XJ52-62.mark.xml#sSpan2338"/>
		<rel id="sPointingRel3795" xlink:href="scriptorium.GL45-53_par_XJ52-62.mark.xml#sSpan1029" target="scriptorium.GL45-53_par_XJ52-62.mark.xml#sSpan1030"/>
		<rel id="sPointingRel3797" xlink:href="scriptorium.GL45-53_par_XJ52-62.mark.xml#sSpan2267" target="scriptorium.GL45-53_par_XJ52-62.mark.xml#sSpan2269"/>
		<rel id="sPointingRel3799" xlink:href="scriptorium.GL45-53_par_XJ52-62.mark.xml#sSpan394" target="scriptorium.GL45-53_par_XJ52-62.mark.xml#sSpan395"/>
		<rel id="sPointingRel3801" xlink:href="scriptorium.GL45-53_par_XJ52-62.mark.xml#sSpan2410" target="scriptorium.GL45-53_par_XJ52-62.mark.xml#sSpan2411"/>
		<rel id="sPointingRel3803" xlink:href="scriptorium.GL45-53_par_XJ52-62.mark.xml#sSpan472" target="scriptorium.GL45-53_par_XJ52-62.mark.xml#sSpan470"/>
		<rel id="sPointingRel3805" xlink:href="scriptorium.GL45-53_par_XJ52-62.mark.xml#sSpan6837" target="scriptorium.GL45-53_par_XJ52-62.mark.xml#sSpan6838"/>
		<rel id="sPointingRel3807" xlink:href="scriptorium.GL45-53_par_XJ52-62.mark.xml#sSpan6405" target="scriptorium.GL45-53_par_XJ52-62.mark.xml#sSpan6406"/>
		<rel id="sPointingRel3809" xlink:href="scriptorium.GL45-53_par_XJ52-62.mark.xml#sSpan6520" target="scriptorium.GL45-53_par_XJ52-62.mark.xml#sSpan6522"/>
		<rel id="sPointingRel3811" xlink:href="scriptorium.GL45-53_par_XJ52-62.mark.xml#sSpan4599" target="scriptorium.GL45-53_par_XJ52-62.mark.xml#sSpan4602"/>
		<rel id="sPointingRel3813" xlink:href="scriptorium.GL45-53_par_XJ52-62.mark.xml#sSpan4952" target="scriptorium.GL45-53_par_XJ52-62.mark.xml#sSpan4954"/>
		<rel id="sPointingRel3815" xlink:href="scriptorium.GL45-53_par_XJ52-62.mark.xml#sSpan4429" target="scriptorium.GL45-53_par_XJ52-62.mark.xml#sSpan4427"/>
		<rel id="sPointingRel3817" xlink:href="scriptorium.GL45-53_par_XJ52-62.mark.xml#sSpan4574" target="scriptorium.GL45-53_par_XJ52-62.mark.xml#sSpan4576"/>
		<rel id="sPointingRel3819" xlink:href="scriptorium.GL45-53_par_XJ52-62.mark.xml#sSpan6258" target="scriptorium.GL45-53_par_XJ52-62.mark.xml#sSpan6259"/>
		<rel id="sPointingRel3821" xlink:href="scriptorium.GL45-53_par_XJ52-62.mark.xml#sSpan2361" target="scriptorium.GL45-53_par_XJ52-62.mark.xml#sSpan2363"/>
		<rel id="sPointingRel3823" xlink:href="scriptorium.GL45-53_par_XJ52-62.mark.xml#sSpan1818" target="scriptorium.GL45-53_par_XJ52-62.mark.xml#sSpan1816"/>
		<rel id="sPointingRel3825" xlink:href="scriptorium.GL45-53_par_XJ52-62.mark.xml#sSpan5253" target="scriptorium.GL45-53_par_XJ52-62.mark.xml#sSpan5254"/>
		<rel id="sPointingRel3827" xlink:href="scriptorium.GL45-53_par_XJ52-62.mark.xml#sSpan247" target="scriptorium.GL45-53_par_XJ52-62.mark.xml#sSpan249"/>
		<rel id="sPointingRel3829" xlink:href="scriptorium.GL45-53_par_XJ52-62.mark.xml#sSpan1482" target="scriptorium.GL45-53_par_XJ52-62.mark.xml#sSpan1483"/>
		<rel id="sPointingRel3831" xlink:href="scriptorium.GL45-53_par_XJ52-62.mark.xml#sSpan7556" target="scriptorium.GL45-53_par_XJ52-62.mark.xml#sSpan7554"/>
		<rel id="sPointingRel3833" xlink:href="scriptorium.GL45-53_par_XJ52-62.mark.xml#sSpan7268" target="scriptorium.GL45-53_par_XJ52-62.mark.xml#sSpan7269"/>
		<rel id="sPointingRel3835" xlink:href="scriptorium.GL45-53_par_XJ52-62.mark.xml#sSpan2694" target="scriptorium.GL45-53_par_XJ52-62.mark.xml#sSpan2697"/>
		<rel id="sPointingRel3837" xlink:href="scriptorium.GL45-53_par_XJ52-62.mark.xml#sSpan786" target="scriptorium.GL45-53_par_XJ52-62.mark.xml#sSpan791"/>
		<rel id="sPointingRel3839" xlink:href="scriptorium.GL45-53_par_XJ52-62.mark.xml#sSpan300" target="scriptorium.GL45-53_par_XJ52-62.mark.xml#sSpan298"/>
		<rel id="sPointingRel3841" xlink:href="scriptorium.GL45-53_par_XJ52-62.mark.xml#sSpan6632" target="scriptorium.GL45-53_par_XJ52-62.mark.xml#sSpan6635"/>
		<rel id="sPointingRel3843" xlink:href="scriptorium.GL45-53_par_XJ52-62.mark.xml#sSpan1873" target="scriptorium.GL45-53_par_XJ52-62.mark.xml#sSpan1874"/>
		<rel id="sPointingRel3845" xlink:href="scriptorium.GL45-53_par_XJ52-62.mark.xml#sSpan631" target="scriptorium.GL45-53_par_XJ52-62.mark.xml#sSpan629"/>
		<rel id="sPointingRel3847" xlink:href="scriptorium.GL45-53_par_XJ52-62.mark.xml#sSpan2299" target="scriptorium.GL45-53_par_XJ52-62.mark.xml#sSpan2297"/>
		<rel id="sPointingRel3849" xlink:href="scriptorium.GL45-53_par_XJ52-62.mark.xml#sSpan6436" target="scriptorium.GL45-53_par_XJ52-62.mark.xml#sSpan6438"/>
		<rel id="sPointingRel3851" xlink:href="scriptorium.GL45-53_par_XJ52-62.mark.xml#sSpan5673" target="scriptorium.GL45-53_par_XJ52-62.mark.xml#sSpan5679"/>
		<rel id="sPointingRel3853" xlink:href="scriptorium.GL45-53_par_XJ52-62.mark.xml#sSpan4771" target="scriptorium.GL45-53_par_XJ52-62.mark.xml#sSpan4773"/>
		<rel id="sPointingRel3855" xlink:href="scriptorium.GL45-53_par_XJ52-62.mark.xml#sSpan1918" target="scriptorium.GL45-53_par_XJ52-62.mark.xml#sSpan1920"/>
		<rel id="sPointingRel3857" xlink:href="scriptorium.GL45-53_par_XJ52-62.mark.xml#sSpan7297" target="scriptorium.GL45-53_par_XJ52-62.mark.xml#sSpan7299"/>
		<rel id="sPointingRel3859" xlink:href="scriptorium.GL45-53_par_XJ52-62.mark.xml#sSpan751" target="scriptorium.GL45-53_par_XJ52-62.mark.xml#sSpan753"/>
		<rel id="sPointingRel3861" xlink:href="scriptorium.GL45-53_par_XJ52-62.mark.xml#sSpan4870" target="scriptorium.GL45-53_par_XJ52-62.mark.xml#sSpan4872"/>
		<rel id="sPointingRel3863" xlink:href="scriptorium.GL45-53_par_XJ52-62.mark.xml#sSpan660" target="scriptorium.GL45-53_par_XJ52-62.mark.xml#sSpan658"/>
		<rel id="sPointingRel3865" xlink:href="scriptorium.GL45-53_par_XJ52-62.mark.xml#sSpan5879" target="scriptorium.GL45-53_par_XJ52-62.mark.xml#sSpan5877"/>
		<rel id="sPointingRel3867" xlink:href="scriptorium.GL45-53_par_XJ52-62.mark.xml#sSpan7481" target="scriptorium.GL45-53_par_XJ52-62.mark.xml#sSpan7479"/>
		<rel id="sPointingRel3869" xlink:href="scriptorium.GL45-53_par_XJ52-62.mark.xml#sSpan1229" target="scriptorium.GL45-53_par_XJ52-62.mark.xml#sSpan1230"/>
		<rel id="sPointingRel3871" xlink:href="scriptorium.GL45-53_par_XJ52-62.mark.xml#sSpan6095" target="scriptorium.GL45-53_par_XJ52-62.mark.xml#sSpan6097"/>
		<rel id="sPointingRel3873" xlink:href="scriptorium.GL45-53_par_XJ52-62.mark.xml#sSpan1779" target="scriptorium.GL45-53_par_XJ52-62.mark.xml#sSpan1780"/>
		<rel id="sPointingRel3875" xlink:href="scriptorium.GL45-53_par_XJ52-62.mark.xml#sSpan205" target="scriptorium.GL45-53_par_XJ52-62.mark.xml#sSpan208"/>
		<rel id="sPointingRel3877" xlink:href="scriptorium.GL45-53_par_XJ52-62.mark.xml#sSpan5141" target="scriptorium.GL45-53_par_XJ52-62.mark.xml#sSpan5143"/>
		<rel id="sPointingRel3879" xlink:href="scriptorium.GL45-53_par_XJ52-62.mark.xml#sSpan6805" target="scriptorium.GL45-53_par_XJ52-62.mark.xml#sSpan6806"/>
		<rel id="sPointingRel3881" xlink:href="scriptorium.GL45-53_par_XJ52-62.mark.xml#sSpan4971" target="scriptorium.GL45-53_par_XJ52-62.mark.xml#sSpan4969"/>
		<rel id="sPointingRel3883" xlink:href="scriptorium.GL45-53_par_XJ52-62.mark.xml#sSpan5016" target="scriptorium.GL45-53_par_XJ52-62.mark.xml#sSpan5018"/>
		<rel id="sPointingRel3885" xlink:href="scriptorium.GL45-53_par_XJ52-62.mark.xml#sSpan2837" target="scriptorium.GL45-53_par_XJ52-62.mark.xml#sSpan2838"/>
		<rel id="sPointingRel3887" xlink:href="scriptorium.GL45-53_par_XJ52-62.mark.xml#sSpan442" target="scriptorium.GL45-53_par_XJ52-62.mark.xml#sSpan440"/>
		<rel id="sPointingRel3889" xlink:href="scriptorium.GL45-53_par_XJ52-62.mark.xml#sSpan2326" target="scriptorium.GL45-53_par_XJ52-62.mark.xml#sSpan2327"/>
		<rel id="sPointingRel3891" xlink:href="scriptorium.GL45-53_par_XJ52-62.mark.xml#sSpan6347" target="scriptorium.GL45-53_par_XJ52-62.mark.xml#sSpan6348"/>
		<rel id="sPointingRel3893" xlink:href="scriptorium.GL45-53_par_XJ52-62.mark.xml#sSpan609" target="scriptorium.GL45-53_par_XJ52-62.mark.xml#sSpan610"/>
		<rel id="sPointingRel3895" xlink:href="scriptorium.GL45-53_par_XJ52-62.mark.xml#sSpan1080" target="scriptorium.GL45-53_par_XJ52-62.mark.xml#sSpan1084"/>
		<rel id="sPointingRel3897" xlink:href="scriptorium.GL45-53_par_XJ52-62.mark.xml#sSpan4476" target="scriptorium.GL45-53_par_XJ52-62.mark.xml#sSpan4477"/>
		<rel id="sPointingRel3899" xlink:href="scriptorium.GL45-53_par_XJ52-62.mark.xml#sSpan3315" target="scriptorium.GL45-53_par_XJ52-62.mark.xml#sSpan3312"/>
		<rel id="sPointingRel3901" xlink:href="scriptorium.GL45-53_par_XJ52-62.mark.xml#sSpan5385" target="scriptorium.GL45-53_par_XJ52-62.mark.xml#sSpan5390"/>
		<rel id="sPointingRel3903" xlink:href="scriptorium.GL45-53_par_XJ52-62.mark.xml#sSpan4281" target="scriptorium.GL45-53_par_XJ52-62.mark.xml#sSpan4282"/>
		<rel id="sPointingRel3905" xlink:href="scriptorium.GL45-53_par_XJ52-62.mark.xml#sSpan4029" target="scriptorium.GL45-53_par_XJ52-62.mark.xml#sSpan4031"/>
		<rel id="sPointingRel3907" xlink:href="scriptorium.GL45-53_par_XJ52-62.mark.xml#sSpan4521" target="scriptorium.GL45-53_par_XJ52-62.mark.xml#sSpan4519"/>
		<rel id="sPointingRel3909" xlink:href="scriptorium.GL45-53_par_XJ52-62.mark.xml#sSpan4230" target="scriptorium.GL45-53_par_XJ52-62.mark.xml#sSpan4239"/>
		<rel id="sPointingRel3911" xlink:href="scriptorium.GL45-53_par_XJ52-62.mark.xml#sSpan4801" target="scriptorium.GL45-53_par_XJ52-62.mark.xml#sSpan4799"/>
		<rel id="sPointingRel3913" xlink:href="scriptorium.GL45-53_par_XJ52-62.mark.xml#sSpan5120" target="scriptorium.GL45-53_par_XJ52-62.mark.xml#sSpan5122"/>
		<rel id="sPointingRel3915" xlink:href="scriptorium.GL45-53_par_XJ52-62.mark.xml#sSpan4191" target="scriptorium.GL45-53_par_XJ52-62.mark.xml#sSpan4193"/>
		<rel id="sPointingRel3917" xlink:href="scriptorium.GL45-53_par_XJ52-62.mark.xml#sSpan2540" target="scriptorium.GL45-53_par_XJ52-62.mark.xml#sSpan2542"/>
		<rel id="sPointingRel3919" xlink:href="scriptorium.GL45-53_par_XJ52-62.mark.xml#sSpan1720" target="scriptorium.GL45-53_par_XJ52-62.mark.xml#sSpan1727"/>
		<rel id="sPointingRel3921" xlink:href="scriptorium.GL45-53_par_XJ52-62.mark.xml#sSpan1016" target="scriptorium.GL45-53_par_XJ52-62.mark.xml#sSpan1018"/>
		<rel id="sPointingRel3923" xlink:href="scriptorium.GL45-53_par_XJ52-62.mark.xml#sSpan5421" target="scriptorium.GL45-53_par_XJ52-62.mark.xml#sSpan5419"/>
		<rel id="sPointingRel3925" xlink:href="scriptorium.GL45-53_par_XJ52-62.mark.xml#sSpan6268" target="scriptorium.GL45-53_par_XJ52-62.mark.xml#sSpan6266"/>
		<rel id="sPointingRel3927" xlink:href="scriptorium.GL45-53_par_XJ52-62.mark.xml#sSpan3718" target="scriptorium.GL45-53_par_XJ52-62.mark.xml#sSpan3720"/>
		<rel id="sPointingRel3929" xlink:href="scriptorium.GL45-53_par_XJ52-62.mark.xml#sSpan3594" target="scriptorium.GL45-53_par_XJ52-62.mark.xml#sSpan3592"/>
		<rel id="sPointingRel3931" xlink:href="scriptorium.GL45-53_par_XJ52-62.mark.xml#sSpan4968" target="scriptorium.GL45-53_par_XJ52-62.mark.xml#sSpan4966"/>
		<rel id="sPointingRel3933" xlink:href="scriptorium.GL45-53_par_XJ52-62.mark.xml#sSpan3560" target="scriptorium.GL45-53_par_XJ52-62.mark.xml#sSpan3562"/>
		<rel id="sPointingRel3935" xlink:href="scriptorium.GL45-53_par_XJ52-62.mark.xml#sSpan2901" target="scriptorium.GL45-53_par_XJ52-62.mark.xml#sSpan2896"/>
		<rel id="sPointingRel3937" xlink:href="scriptorium.GL45-53_par_XJ52-62.mark.xml#sSpan548" target="scriptorium.GL45-53_par_XJ52-62.mark.xml#sSpan546"/>
		<rel id="sPointingRel3939" xlink:href="scriptorium.GL45-53_par_XJ52-62.mark.xml#sSpan6731" target="scriptorium.GL45-53_par_XJ52-62.mark.xml#sSpan6729"/>
		<rel id="sPointingRel3941" xlink:href="scriptorium.GL45-53_par_XJ52-62.mark.xml#sSpan5094" target="scriptorium.GL45-53_par_XJ52-62.mark.xml#sSpan5095"/>
		<rel id="sPointingRel3943" xlink:href="scriptorium.GL45-53_par_XJ52-62.mark.xml#sSpan3011" target="scriptorium.GL45-53_par_XJ52-62.mark.xml#sSpan3012"/>
		<rel id="sPointingRel3945" xlink:href="scriptorium.GL45-53_par_XJ52-62.mark.xml#sSpan4542" target="scriptorium.GL45-53_par_XJ52-62.mark.xml#sSpan4544"/>
		<rel id="sPointingRel3947" xlink:href="scriptorium.GL45-53_par_XJ52-62.mark.xml#sSpan830" target="scriptorium.GL45-53_par_XJ52-62.mark.xml#sSpan835"/>
		<rel id="sPointingRel3949" xlink:href="scriptorium.GL45-53_par_XJ52-62.mark.xml#sSpan2504" target="scriptorium.GL45-53_par_XJ52-62.mark.xml#sSpan2506"/>
		<rel id="sPointingRel3951" xlink:href="scriptorium.GL45-53_par_XJ52-62.mark.xml#sSpan6846" target="scriptorium.GL45-53_par_XJ52-62.mark.xml#sSpan6848"/>
		<rel id="sPointingRel3953" xlink:href="scriptorium.GL45-53_par_XJ52-62.mark.xml#sSpan1973" target="scriptorium.GL45-53_par_XJ52-62.mark.xml#sSpan1976"/>
		<rel id="sPointingRel3955" xlink:href="scriptorium.GL45-53_par_XJ52-62.mark.xml#sSpan7623" target="scriptorium.GL45-53_par_XJ52-62.mark.xml#sSpan7621"/>
		<rel id="sPointingRel3957" xlink:href="scriptorium.GL45-53_par_XJ52-62.mark.xml#sSpan2822" target="scriptorium.GL45-53_par_XJ52-62.mark.xml#sSpan2820"/>
		<rel id="sPointingRel3959" xlink:href="scriptorium.GL45-53_par_XJ52-62.mark.xml#sSpan6589" target="scriptorium.GL45-53_par_XJ52-62.mark.xml#sSpan6590"/>
		<rel id="sPointingRel3961" xlink:href="scriptorium.GL45-53_par_XJ52-62.mark.xml#sSpan3695" target="scriptorium.GL45-53_par_XJ52-62.mark.xml#sSpan3696"/>
		<rel id="sPointingRel3963" xlink:href="scriptorium.GL45-53_par_XJ52-62.mark.xml#sSpan6077" target="scriptorium.GL45-53_par_XJ52-62.mark.xml#sSpan6078"/>
		<rel id="sPointingRel3965" xlink:href="scriptorium.GL45-53_par_XJ52-62.mark.xml#sSpan3164" target="scriptorium.GL45-53_par_XJ52-62.mark.xml#sSpan3166"/>
		<rel id="sPointingRel3967" xlink:href="scriptorium.GL45-53_par_XJ52-62.mark.xml#sSpan1514" target="scriptorium.GL45-53_par_XJ52-62.mark.xml#sSpan1515"/>
		<rel id="sPointingRel3969" xlink:href="scriptorium.GL45-53_par_XJ52-62.mark.xml#sSpan6666" target="scriptorium.GL45-53_par_XJ52-62.mark.xml#sSpan6668"/>
		<rel id="sPointingRel3971" xlink:href="scriptorium.GL45-53_par_XJ52-62.mark.xml#sSpan29" target="scriptorium.GL45-53_par_XJ52-62.mark.xml#sSpan30"/>
		<rel id="sPointingRel3973" xlink:href="scriptorium.GL45-53_par_XJ52-62.mark.xml#sSpan2715" target="scriptorium.GL45-53_par_XJ52-62.mark.xml#sSpan2713"/>
		<rel id="sPointingRel3975" xlink:href="scriptorium.GL45-53_par_XJ52-62.mark.xml#sSpan7391" target="scriptorium.GL45-53_par_XJ52-62.mark.xml#sSpan7389"/>
		<rel id="sPointingRel3977" xlink:href="scriptorium.GL45-53_par_XJ52-62.mark.xml#sSpan3464" target="scriptorium.GL45-53_par_XJ52-62.mark.xml#sSpan3462"/>
		<rel id="sPointingRel3979" xlink:href="scriptorium.GL45-53_par_XJ52-62.mark.xml#sSpan7072" target="scriptorium.GL45-53_par_XJ52-62.mark.xml#sSpan7073"/>
		<rel id="sPointingRel3981" xlink:href="scriptorium.GL45-53_par_XJ52-62.mark.xml#sSpan7408" target="scriptorium.GL45-53_par_XJ52-62.mark.xml#sSpan7406"/>
		<rel id="sPointingRel3983" xlink:href="scriptorium.GL45-53_par_XJ52-62.mark.xml#sSpan3411" target="scriptorium.GL45-53_par_XJ52-62.mark.xml#sSpan3412"/>
		<rel id="sPointingRel3985" xlink:href="scriptorium.GL45-53_par_XJ52-62.mark.xml#sSpan5449" target="scriptorium.GL45-53_par_XJ52-62.mark.xml#sSpan5447"/>
		<rel id="sPointingRel3987" xlink:href="scriptorium.GL45-53_par_XJ52-62.mark.xml#sSpan4325" target="scriptorium.GL45-53_par_XJ52-62.mark.xml#sSpan4326"/>
		<rel id="sPointingRel3989" xlink:href="scriptorium.GL45-53_par_XJ52-62.mark.xml#sSpan3337" target="scriptorium.GL45-53_par_XJ52-62.mark.xml#sSpan3338"/>
		<rel id="sPointingRel3991" xlink:href="scriptorium.GL45-53_par_XJ52-62.mark.xml#sSpan5767" target="scriptorium.GL45-53_par_XJ52-62.mark.xml#sSpan5770"/>
		<rel id="sPointingRel3993" xlink:href="scriptorium.GL45-53_par_XJ52-62.mark.xml#sSpan4892" target="scriptorium.GL45-53_par_XJ52-62.mark.xml#sSpan4890"/>
		<rel id="sPointingRel3995" xlink:href="scriptorium.GL45-53_par_XJ52-62.mark.xml#sSpan7342" target="scriptorium.GL45-53_par_XJ52-62.mark.xml#sSpan7344"/>
		<rel id="sPointingRel3997" xlink:href="scriptorium.GL45-53_par_XJ52-62.mark.xml#sSpan5057" target="scriptorium.GL45-53_par_XJ52-62.mark.xml#sSpan5058"/>
		<rel id="sPointingRel3999" xlink:href="scriptorium.GL45-53_par_XJ52-62.mark.xml#sSpan4084" target="scriptorium.GL45-53_par_XJ52-62.mark.xml#sSpan4086"/>
		<rel id="sPointingRel4001" xlink:href="scriptorium.GL45-53_par_XJ52-62.mark.xml#sSpan3782" target="scriptorium.GL45-53_par_XJ52-62.mark.xml#sSpan3780"/>
		<rel id="sPointingRel4003" xlink:href="scriptorium.GL45-53_par_XJ52-62.mark.xml#sSpan2100" target="scriptorium.GL45-53_par_XJ52-62.mark.xml#sSpan2098"/>
		<rel id="sPointingRel4005" xlink:href="scriptorium.GL45-53_par_XJ52-62.mark.xml#sSpan932" target="scriptorium.GL45-53_par_XJ52-62.mark.xml#sSpan934"/>
		<rel id="sPointingRel4007" xlink:href="scriptorium.GL45-53_par_XJ52-62.mark.xml#sSpan4719" target="scriptorium.GL45-53_par_XJ52-62.mark.xml#sSpan4721"/>
		<rel id="sPointingRel4009" xlink:href="scriptorium.GL45-53_par_XJ52-62.mark.xml#sSpan1092" target="scriptorium.GL45-53_par_XJ52-62.mark.xml#sSpan1094"/>
		<rel id="sPointingRel4011" xlink:href="scriptorium.GL45-53_par_XJ52-62.mark.xml#sSpan5499" target="scriptorium.GL45-53_par_XJ52-62.mark.xml#sSpan5500"/>
		<rel id="sPointingRel4013" xlink:href="scriptorium.GL45-53_par_XJ52-62.mark.xml#sSpan967" target="scriptorium.GL45-53_par_XJ52-62.mark.xml#sSpan965"/>
		<rel id="sPointingRel4015" xlink:href="scriptorium.GL45-53_par_XJ52-62.mark.xml#sSpan2043" target="scriptorium.GL45-53_par_XJ52-62.mark.xml#sSpan2044"/>
		<rel id="sPointingRel4017" xlink:href="scriptorium.GL45-53_par_XJ52-62.mark.xml#sSpan5202" target="scriptorium.GL45-53_par_XJ52-62.mark.xml#sSpan5200"/>
		<rel id="sPointingRel4019" xlink:href="scriptorium.GL45-53_par_XJ52-62.mark.xml#sSpan5049" target="scriptorium.GL45-53_par_XJ52-62.mark.xml#sSpan5047"/>
		<rel id="sPointingRel4021" xlink:href="scriptorium.GL45-53_par_XJ52-62.mark.xml#sSpan3151" target="scriptorium.GL45-53_par_XJ52-62.mark.xml#sSpan3146"/>
		<rel id="sPointingRel4023" xlink:href="scriptorium.GL45-53_par_XJ52-62.mark.xml#sSpan6283" target="scriptorium.GL45-53_par_XJ52-62.mark.xml#sSpan6285"/>
		<rel id="sPointingRel4025" xlink:href="scriptorium.GL45-53_par_XJ52-62.mark.xml#sSpan348" target="scriptorium.GL45-53_par_XJ52-62.mark.xml#sSpan343"/>
		<rel id="sPointingRel4027" xlink:href="scriptorium.GL45-53_par_XJ52-62.mark.xml#sSpan771" target="scriptorium.GL45-53_par_XJ52-62.mark.xml#sSpan769"/>
		<rel id="sPointingRel4029" xlink:href="scriptorium.GL45-53_par_XJ52-62.mark.xml#sSpan5841" target="scriptorium.GL45-53_par_XJ52-62.mark.xml#sSpan5839"/>
		<rel id="sPointingRel4031" xlink:href="scriptorium.GL45-53_par_XJ52-62.mark.xml#sSpan947" target="scriptorium.GL45-53_par_XJ52-62.mark.xml#sSpan949"/>
		<rel id="sPointingRel4033" xlink:href="scriptorium.GL45-53_par_XJ52-62.mark.xml#sSpan6423" target="scriptorium.GL45-53_par_XJ52-62.mark.xml#sSpan6424"/>
		<rel id="sPointingRel4035" xlink:href="scriptorium.GL45-53_par_XJ52-62.mark.xml#sSpan7238" target="scriptorium.GL45-53_par_XJ52-62.mark.xml#sSpan7234"/>
		<rel id="sPointingRel4037" xlink:href="scriptorium.GL45-53_par_XJ52-62.mark.xml#sSpan6209" target="scriptorium.GL45-53_par_XJ52-62.mark.xml#sSpan6207"/>
		<rel id="sPointingRel4039" xlink:href="scriptorium.GL45-53_par_XJ52-62.mark.xml#sSpan67" target="scriptorium.GL45-53_par_XJ52-62.mark.xml#sSpan65"/>
		<rel id="sPointingRel4041" xlink:href="scriptorium.GL45-53_par_XJ52-62.mark.xml#sSpan849" target="scriptorium.GL45-53_par_XJ52-62.mark.xml#sSpan868"/>
		<rel id="sPointingRel4043" xlink:href="scriptorium.GL45-53_par_XJ52-62.mark.xml#sSpan1343" target="scriptorium.GL45-53_par_XJ52-62.mark.xml#sSpan1341"/>
		<rel id="sPointingRel4045" xlink:href="scriptorium.GL45-53_par_XJ52-62.mark.xml#sSpan2465" target="scriptorium.GL45-53_par_XJ52-62.mark.xml#sSpan2469"/>
		<rel id="sPointingRel4047" xlink:href="scriptorium.GL45-53_par_XJ52-62.mark.xml#sSpan6127" target="scriptorium.GL45-53_par_XJ52-62.mark.xml#sSpan6129"/>
		<rel id="sPointingRel4049" xlink:href="scriptorium.GL45-53_par_XJ52-62.mark.xml#sSpan2184" target="scriptorium.GL45-53_par_XJ52-62.mark.xml#sSpan2185"/>
		<rel id="sPointingRel4051" xlink:href="scriptorium.GL45-53_par_XJ52-62.mark.xml#sSpan7154" target="scriptorium.GL45-53_par_XJ52-62.mark.xml#sSpan7156"/>
		<rel id="sPointingRel4053" xlink:href="scriptorium.GL45-53_par_XJ52-62.mark.xml#sSpan1834" target="scriptorium.GL45-53_par_XJ52-62.mark.xml#sSpan1836"/>
		<rel id="sPointingRel4055" xlink:href="scriptorium.GL45-53_par_XJ52-62.mark.xml#sSpan3630" target="scriptorium.GL45-53_par_XJ52-62.mark.xml#sSpan3628"/>
		<rel id="sPointingRel4057" xlink:href="scriptorium.GL45-53_par_XJ52-62.mark.xml#sSpan1133" target="scriptorium.GL45-53_par_XJ52-62.mark.xml#sSpan1134"/>
		<rel id="sPointingRel4059" xlink:href="scriptorium.GL45-53_par_XJ52-62.mark.xml#sSpan2386" target="scriptorium.GL45-53_par_XJ52-62.mark.xml#sSpan2387"/>
		<rel id="sPointingRel4061" xlink:href="scriptorium.GL45-53_par_XJ52-62.mark.xml#sSpan4314" target="scriptorium.GL45-53_par_XJ52-62.mark.xml#sSpan4316"/>
		<rel id="sPointingRel4063" xlink:href="scriptorium.GL45-53_par_XJ52-62.mark.xml#sSpan7666" target="scriptorium.GL45-53_par_XJ52-62.mark.xml#sSpan7670"/>
		<rel id="sPointingRel4065" xlink:href="scriptorium.GL45-53_par_XJ52-62.mark.xml#sSpan5492" target="scriptorium.GL45-53_par_XJ52-62.mark.xml#sSpan5490"/>
		<rel id="sPointingRel4067" xlink:href="scriptorium.GL45-53_par_XJ52-62.mark.xml#sSpan5958" target="scriptorium.GL45-53_par_XJ52-62.mark.xml#sSpan5968"/>
		<rel id="sPointingRel4069" xlink:href="scriptorium.GL45-53_par_XJ52-62.mark.xml#sSpan7096" target="scriptorium.GL45-53_par_XJ52-62.mark.xml#sSpan7098"/>
		<rel id="sPointingRel4071" xlink:href="scriptorium.GL45-53_par_XJ52-62.mark.xml#sSpan3355" target="scriptorium.GL45-53_par_XJ52-62.mark.xml#sSpan3358"/>
		<rel id="sPointingRel4073" xlink:href="scriptorium.GL45-53_par_XJ52-62.mark.xml#sSpan2340" target="scriptorium.GL45-53_par_XJ52-62.mark.xml#sSpan2338"/>
		<rel id="sPointingRel4075" xlink:href="scriptorium.GL45-53_par_XJ52-62.mark.xml#sSpan43" target="scriptorium.GL45-53_par_XJ52-62.mark.xml#sSpan41"/>
		<rel id="sPointingRel4077" xlink:href="scriptorium.GL45-53_par_XJ52-62.mark.xml#sSpan2594" target="scriptorium.GL45-53_par_XJ52-62.mark.xml#sSpan2597"/>
		<rel id="sPointingRel4079" xlink:href="scriptorium.GL45-53_par_XJ52-62.mark.xml#sSpan675" target="scriptorium.GL45-53_par_XJ52-62.mark.xml#sSpan677"/>
		<rel id="sPointingRel4081" xlink:href="scriptorium.GL45-53_par_XJ52-62.mark.xml#sSpan7184" target="scriptorium.GL45-53_par_XJ52-62.mark.xml#sSpan7186"/>
		<rel id="sPointingRel4083" xlink:href="scriptorium.GL45-53_par_XJ52-62.mark.xml#sSpan1501" target="scriptorium.GL45-53_par_XJ52-62.mark.xml#sSpan1499"/>
		<rel id="sPointingRel4085" xlink:href="scriptorium.GL45-53_par_XJ52-62.mark.xml#sSpan5831" target="scriptorium.GL45-53_par_XJ52-62.mark.xml#sSpan5833"/>
		<rel id="sPointingRel4087" xlink:href="scriptorium.GL45-53_par_XJ52-62.mark.xml#sSpan6069" target="scriptorium.GL45-53_par_XJ52-62.mark.xml#sSpan6067"/>
		<rel id="sPointingRel4089" xlink:href="scriptorium.GL45-53_par_XJ52-62.mark.xml#sSpan1666" target="scriptorium.GL45-53_par_XJ52-62.mark.xml#sSpan1664"/>
		<rel id="sPointingRel4091" xlink:href="scriptorium.GL45-53_par_XJ52-62.mark.xml#sSpan3222" target="scriptorium.GL45-53_par_XJ52-62.mark.xml#sSpan3224"/>
		<rel id="sPointingRel4093" xlink:href="scriptorium.GL45-53_par_XJ52-62.mark.xml#sSpan1438" target="scriptorium.GL45-53_par_XJ52-62.mark.xml#sSpan1445"/>
		<rel id="sPointingRel4095" xlink:href="scriptorium.GL45-53_par_XJ52-62.mark.xml#sSpan332" target="scriptorium.GL45-53_par_XJ52-62.mark.xml#sSpan333"/>
		<rel id="sPointingRel4097" xlink:href="scriptorium.GL45-53_par_XJ52-62.mark.xml#sSpan7636" target="scriptorium.GL45-53_par_XJ52-62.mark.xml#sSpan7639"/>
		<rel id="sPointingRel4099" xlink:href="scriptorium.GL45-53_par_XJ52-62.mark.xml#sSpan257" target="scriptorium.GL45-53_par_XJ52-62.mark.xml#sSpan258"/>
		<rel id="sPointingRel4101" xlink:href="scriptorium.GL45-53_par_XJ52-62.mark.xml#sSpan3281" target="scriptorium.GL45-53_par_XJ52-62.mark.xml#sSpan3276"/>
		<rel id="sPointingRel4103" xlink:href="scriptorium.GL45-53_par_XJ52-62.mark.xml#sSpan1408" target="scriptorium.GL45-53_par_XJ52-62.mark.xml#sSpan1406"/>
		<rel id="sPointingRel4105" xlink:href="scriptorium.GL45-53_par_XJ52-62.mark.xml#sSpan910" target="scriptorium.GL45-53_par_XJ52-62.mark.xml#sSpan912"/>
		<rel id="sPointingRel4107" xlink:href="scriptorium.GL45-53_par_XJ52-62.mark.xml#sSpan1985" target="scriptorium.GL45-53_par_XJ52-62.mark.xml#sSpan1986"/>
		<rel id="sPointingRel4109" xlink:href="scriptorium.GL45-53_par_XJ52-62.mark.xml#sSpan7110" target="scriptorium.GL45-53_par_XJ52-62.mark.xml#sSpan7112"/>
		<rel id="sPointingRel4111" xlink:href="scriptorium.GL45-53_par_XJ52-62.mark.xml#sSpan4343" target="scriptorium.GL45-53_par_XJ52-62.mark.xml#sSpan4344"/>
		<rel id="sPointingRel4113" xlink:href="scriptorium.GL45-53_par_XJ52-62.mark.xml#sSpan4942" target="scriptorium.GL45-53_par_XJ52-62.mark.xml#sSpan4943"/>
		<rel id="sPointingRel4115" xlink:href="scriptorium.GL45-53_par_XJ52-62.mark.xml#sSpan7533" target="scriptorium.GL45-53_par_XJ52-62.mark.xml#sSpan7531"/>
		<rel id="sPointingRel4117" xlink:href="scriptorium.GL45-53_par_XJ52-62.mark.xml#sSpan6128" target="scriptorium.GL45-53_par_XJ52-62.mark.xml#sSpan6129"/>
		<rel id="sPointingRel4119" xlink:href="scriptorium.GL45-53_par_XJ52-62.mark.xml#sSpan1849" target="scriptorium.GL45-53_par_XJ52-62.mark.xml#sSpan1851"/>
		<rel id="sPointingRel4121" xlink:href="scriptorium.GL45-53_par_XJ52-62.mark.xml#sSpan3816" target="scriptorium.GL45-53_par_XJ52-62.mark.xml#sSpan3814"/>
		<rel id="sPointingRel4123" xlink:href="scriptorium.GL45-53_par_XJ52-62.mark.xml#sSpan6531" target="scriptorium.GL45-53_par_XJ52-62.mark.xml#sSpan6529"/>
		<rel id="sPointingRel4125" xlink:href="scriptorium.GL45-53_par_XJ52-62.mark.xml#sSpan3872" target="scriptorium.GL45-53_par_XJ52-62.mark.xml#sSpan3873"/>
		<rel id="sPointingRel4127" xlink:href="scriptorium.GL45-53_par_XJ52-62.mark.xml#sSpan4040" target="scriptorium.GL45-53_par_XJ52-62.mark.xml#sSpan4042"/>
		<rel id="sPointingRel4129" xlink:href="scriptorium.GL45-53_par_XJ52-62.mark.xml#sSpan5919" target="scriptorium.GL45-53_par_XJ52-62.mark.xml#sSpan5915"/>
		<rel id="sPointingRel4131" xlink:href="scriptorium.GL45-53_par_XJ52-62.mark.xml#sSpan5175" target="scriptorium.GL45-53_par_XJ52-62.mark.xml#sSpan5176"/>
		<rel id="sPointingRel4133" xlink:href="scriptorium.GL45-53_par_XJ52-62.mark.xml#sSpan7647" target="scriptorium.GL45-53_par_XJ52-62.mark.xml#sSpan7648"/>
		<rel id="sPointingRel4135" xlink:href="scriptorium.GL45-53_par_XJ52-62.mark.xml#sSpan3381" target="scriptorium.GL45-53_par_XJ52-62.mark.xml#sSpan3378"/>
		<rel id="sPointingRel4137" xlink:href="scriptorium.GL45-53_par_XJ52-62.mark.xml#sSpan4789" target="scriptorium.GL45-53_par_XJ52-62.mark.xml#sSpan4787"/>
		<rel id="sPointingRel4139" xlink:href="scriptorium.GL45-53_par_XJ52-62.mark.xml#sSpan6862" target="scriptorium.GL45-53_par_XJ52-62.mark.xml#sSpan6863"/>
		<rel id="sPointingRel4141" xlink:href="scriptorium.GL45-53_par_XJ52-62.mark.xml#sSpan3645" target="scriptorium.GL45-53_par_XJ52-62.mark.xml#sSpan3646"/>
		<rel id="sPointingRel4143" xlink:href="scriptorium.GL45-53_par_XJ52-62.mark.xml#sSpan1546" target="scriptorium.GL45-53_par_XJ52-62.mark.xml#sSpan1548"/>
		<rel id="sPointingRel4145" xlink:href="scriptorium.GL45-53_par_XJ52-62.mark.xml#sSpan3676" target="scriptorium.GL45-53_par_XJ52-62.mark.xml#sSpan3674"/>
		<rel id="sPointingRel4147" xlink:href="scriptorium.GL45-53_par_XJ52-62.mark.xml#sSpan2981" target="scriptorium.GL45-53_par_XJ52-62.mark.xml#sSpan2983"/>
		<rel id="sPointingRel4149" xlink:href="scriptorium.GL45-53_par_XJ52-62.mark.xml#sSpan858" target="scriptorium.GL45-53_par_XJ52-62.mark.xml#sSpan859"/>
		<rel id="sPointingRel4151" xlink:href="scriptorium.GL45-53_par_XJ52-62.mark.xml#sSpan7165" target="scriptorium.GL45-53_par_XJ52-62.mark.xml#sSpan7166"/>
		<rel id="sPointingRel4153" xlink:href="scriptorium.GL45-53_par_XJ52-62.mark.xml#sSpan5232" target="scriptorium.GL45-53_par_XJ52-62.mark.xml#sSpan5233"/>
		<rel id="sPointingRel4155" xlink:href="scriptorium.GL45-53_par_XJ52-62.mark.xml#sSpan4928" target="scriptorium.GL45-53_par_XJ52-62.mark.xml#sSpan4929"/>
		<rel id="sPointingRel4157" xlink:href="scriptorium.GL45-53_par_XJ52-62.mark.xml#sSpan5964" target="scriptorium.GL45-53_par_XJ52-62.mark.xml#sSpan5968"/>
		<rel id="sPointingRel4159" xlink:href="scriptorium.GL45-53_par_XJ52-62.mark.xml#sSpan148" target="scriptorium.GL45-53_par_XJ52-62.mark.xml#sSpan146"/>
		<rel id="sPointingRel4161" xlink:href="scriptorium.GL45-53_par_XJ52-62.mark.xml#sSpan555" target="scriptorium.GL45-53_par_XJ52-62.mark.xml#sSpan556"/></relList></paula>