<?xml version='1.0' encoding='UTF-8'?><!DOCTYPE paula SYSTEM "paula_feat.dtd">
<paula version="1.1">
	<header paula_id="scriptorium.1Cor_01.mark_multiword"/>
	<featList xmlns:xlink="http://www.w3.org/1999/xlink" type="multiword" xml:base="scriptorium.1Cor_01.mark.xml">
		<feat xlink:href="#sSpan174" value="ⲙⲛ ⲟⲩⲟⲛ"/>
		<feat xlink:href="#sSpan438" value="ϩⲱⲃ ⲛⲓⲙ"/>
		<feat xlink:href="#sSpan595" value="ϭⲱⲗⲡ ⲉⲃⲟⲗ"/>
		<feat xlink:href="#sSpan754" value="ⲉⲃⲟⲗ ϩⲓⲧⲟⲟⲧ"/>
		<feat xlink:href="#sSpan1013" value="ⲉⲃⲟⲗ ϩⲓⲧⲟⲟⲧ"/>
		<feat xlink:href="#sSpan1665" value="ϩⲉ ⲉⲃⲟⲗ"/>
		<feat xlink:href="#sSpan1880" value="ⲉⲓⲣⲉ ⲛ"/>
		<feat xlink:href="#sSpan2115" value="ϣⲓⲛⲉ ⲛⲥⲁ"/>
		<feat xlink:href="#sSpan2167" value="ⲉ ⲁ"/></featList></paula>