<?xml version='1.0' encoding='UTF-8'?><!DOCTYPE paula SYSTEM "paula_feat.dtd">
<paula version="1.1">
	<header paula_id="scriptorium.1Cor_01.mark_identity"/>
	<featList xmlns:xlink="http://www.w3.org/1999/xlink" type="identity" xml:base="scriptorium.1Cor_01.mark.xml">
		<feat xlink:href="#sSpan6" value="Paul the Apostle"/>
		<feat xlink:href="#sSpan34" value="Jesus"/>
		<feat xlink:href="#sSpan145" value="Jesus"/>
		<feat xlink:href="#sSpan206" value="Jesus"/>
		<feat xlink:href="#sSpan302" value="Jesus"/>
		<feat xlink:href="#sSpan412" value="Jesus"/>
		<feat xlink:href="#sSpan606" value="Jesus"/>
		<feat xlink:href="#sSpan691" value="Jesus"/>
		<feat xlink:href="#sSpan777" value="Jesus"/>
		<feat xlink:href="#sSpan847" value="Jesus"/>
		<feat xlink:href="#sSpan1130" value="Paul the Apostle"/>
		<feat xlink:href="#sSpan1150" value="Apollos"/>
		<feat xlink:href="#sSpan1170" value="Saint Peter"/>
		<feat xlink:href="#sSpan1252" value="Paul the Apostle"/>
		<feat xlink:href="#sSpan1297" value="Paul the Apostle"/>
		<feat xlink:href="#sSpan1347" value="Crispus of Chalcedon"/>
		<feat xlink:href="#sSpan1355" value="Gaius (biblical figure)"/>
		<feat xlink:href="#sSpan1446" value="Stephanas"/>
		<feat xlink:href="#sSpan2060" value="Jews"/>
		<feat xlink:href="#sSpan2189" value="Jews"/>
		<feat xlink:href="#sSpan2258" value="Jews"/>
		<feat xlink:href="#sSpan2901" value="Jesus"/></featList></paula>