<?xml version='1.0' encoding='UTF-8'?><!DOCTYPE paula SYSTEM "paula_feat.dtd">
<paula version="1.1">
	<header paula_id="scriptorium.GL09-10.mark_entity"/>
	<featList xmlns:xlink="http://www.w3.org/1999/xlink" type="entity" xml:base="scriptorium.GL09-10.mark.xml">
		<feat xlink:href="#sSpan23" value="time"/>
		<feat xlink:href="#sSpan48" value="abstract"/>
		<feat xlink:href="#sSpan58" value="time"/>
		<feat xlink:href="#sSpan72" value="abstract"/>
		<feat xlink:href="#sSpan80" value="person"/>
		<feat xlink:href="#sSpan101" value="abstract"/>
		<feat xlink:href="#sSpan140" value="abstract"/>
		<feat xlink:href="#sSpan152" value="person"/>
		<feat xlink:href="#sSpan171" value="place"/>
		<feat xlink:href="#sSpan212" value="person"/>
		<feat xlink:href="#sSpan237" value="time"/>
		<feat xlink:href="#sSpan260" value="person"/>
		<feat xlink:href="#sSpan270" value="abstract"/>
		<feat xlink:href="#sSpan339" value="animal"/>
		<feat xlink:href="#sSpan405" value="place"/>
		<feat xlink:href="#sSpan429" value="abstract"/>
		<feat xlink:href="#sSpan466" value="abstract"/>
		<feat xlink:href="#sSpan483" value="person"/>
		<feat xlink:href="#sSpan504" value="time"/>
		<feat xlink:href="#sSpan526" value="object"/>
		<feat xlink:href="#sSpan537" value="abstract"/>
		<feat xlink:href="#sSpan588" value="abstract"/>
		<feat xlink:href="#sSpan608" value="abstract"/>
		<feat xlink:href="#sSpan622" value="person"/>
		<feat xlink:href="#sSpan650" value="time"/>
		<feat xlink:href="#sSpan689" value="person"/>
		<feat xlink:href="#sSpan709" value="time"/>
		<feat xlink:href="#sSpan746" value="person"/>
		<feat xlink:href="#sSpan855" value="abstract"/>
		<feat xlink:href="#sSpan909" value="place"/>
		<feat xlink:href="#sSpan922" value="abstract"/>
		<feat xlink:href="#sSpan938" value="abstract"/>
		<feat xlink:href="#sSpan990" value="abstract"/>
		<feat xlink:href="#sSpan1041" value="abstract"/>
		<feat xlink:href="#sSpan1053" value="person"/>
		<feat xlink:href="#sSpan1085" value="person"/>
		<feat xlink:href="#sSpan1115" value="place"/>
		<feat xlink:href="#sSpan1130" value="abstract"/>
		<feat xlink:href="#sSpan1144" value="place"/>
		<feat xlink:href="#sSpan1190" value="abstract"/>
		<feat xlink:href="#sSpan1209" value="person"/>
		<feat xlink:href="#sSpan1225" value="event"/>
		<feat xlink:href="#sSpan1285" value="object"/>
		<feat xlink:href="#sSpan1296" value="person"/>
		<feat xlink:href="#sSpan1316" value="person"/>
		<feat xlink:href="#sSpan1336" value="time"/>
		<feat xlink:href="#sSpan1346" value="event"/>
		<feat xlink:href="#sSpan1370" value="abstract"/>
		<feat xlink:href="#sSpan1390" value="time"/>
		<feat xlink:href="#sSpan1400" value="event"/>
		<feat xlink:href="#sSpan1411" value="person"/>
		<feat xlink:href="#sSpan1457" value="person"/>
		<feat xlink:href="#sSpan1484" value="person"/>
		<feat xlink:href="#sSpan1529" value="person"/>
		<feat xlink:href="#sSpan1538" value="person"/>
		<feat xlink:href="#sSpan1576" value="person"/>
		<feat xlink:href="#sSpan1594" value="object"/>
		<feat xlink:href="#sSpan1620" value="place"/>
		<feat xlink:href="#sSpan1650" value="person"/>
		<feat xlink:href="#sSpan1699" value="abstract"/>
		<feat xlink:href="#sSpan1741" value="person"/>
		<feat xlink:href="#sSpan1752" value="abstract"/>
		<feat xlink:href="#sSpan1770" value="person"/>
		<feat xlink:href="#sSpan1803" value="person"/>
		<feat xlink:href="#sSpan1817" value="abstract"/>
		<feat xlink:href="#sSpan1922" value="abstract"/>
		<feat xlink:href="#sSpan1942" value="person"/></featList></paula>