<?xml version='1.0' encoding='UTF-8'?><!DOCTYPE paula SYSTEM "paula_feat.dtd">
<paula version="1.1">
	<header paula_id="scriptorium.GL09-10.dep_func"/>
	<featList xmlns:xlink="http://www.w3.org/1999/xlink" type="func" xml:base="scriptorium.GL09-10.dep.xml">
		<feat xlink:href="#sPointingRel1" value="obl"/>
		<feat xlink:href="#sPointingRel3" value="obj"/>
		<feat xlink:href="#sPointingRel5" value="cc"/>
		<feat xlink:href="#sPointingRel7" value="mark"/>
		<feat xlink:href="#sPointingRel9" value="case"/>
		<feat xlink:href="#sPointingRel11" value="det"/>
		<feat xlink:href="#sPointingRel13" value="advcl"/>
		<feat xlink:href="#sPointingRel15" value="obj"/>
		<feat xlink:href="#sPointingRel17" value="det"/>
		<feat xlink:href="#sPointingRel19" value="aux"/>
		<feat xlink:href="#sPointingRel21" value="xcomp"/>
		<feat xlink:href="#sPointingRel23" value="det"/>
		<feat xlink:href="#sPointingRel25" value="case"/>
		<feat xlink:href="#sPointingRel27" value="nsubj"/>
		<feat xlink:href="#sPointingRel29" value="nsubj"/>
		<feat xlink:href="#sPointingRel31" value="ccomp"/>
		<feat xlink:href="#sPointingRel33" value="nsubj"/>
		<feat xlink:href="#sPointingRel35" value="nmod"/>
		<feat xlink:href="#sPointingRel37" value="det"/>
		<feat xlink:href="#sPointingRel39" value="acl:relcl"/>
		<feat xlink:href="#sPointingRel41" value="nmod"/>
		<feat xlink:href="#sPointingRel43" value="aux"/>
		<feat xlink:href="#sPointingRel45" value="advmod"/>
		<feat xlink:href="#sPointingRel47" value="aux"/>
		<feat xlink:href="#sPointingRel49" value="mark"/>
		<feat xlink:href="#sPointingRel51" value="case"/>
		<feat xlink:href="#sPointingRel53" value="nsubj"/>
		<feat xlink:href="#sPointingRel55" value="case"/>
		<feat xlink:href="#sPointingRel57" value="acl:relcl"/>
		<feat xlink:href="#sPointingRel59" value="nsubj"/>
		<feat xlink:href="#sPointingRel61" value="nsubj"/>
		<feat xlink:href="#sPointingRel63" value="mark"/>
		<feat xlink:href="#sPointingRel65" value="advmod"/>
		<feat xlink:href="#sPointingRel67" value="mark"/>
		<feat xlink:href="#sPointingRel69" value="case"/>
		<feat xlink:href="#sPointingRel71" value="mark"/>
		<feat xlink:href="#sPointingRel73" value="obl"/>
		<feat xlink:href="#sPointingRel75" value="acl:relcl"/>
		<feat xlink:href="#sPointingRel77" value="cc"/>
		<feat xlink:href="#sPointingRel79" value="obl"/>
		<feat xlink:href="#sPointingRel81" value="case"/>
		<feat xlink:href="#sPointingRel83" value="advmod"/>
		<feat xlink:href="#sPointingRel85" value="case"/>
		<feat xlink:href="#sPointingRel87" value="cop"/>
		<feat xlink:href="#sPointingRel89" value="cc"/>
		<feat xlink:href="#sPointingRel91" value="appos"/>
		<feat xlink:href="#sPointingRel93" value="nsubj"/>
		<feat xlink:href="#sPointingRel95" value="nsubj"/>
		<feat xlink:href="#sPointingRel97" value="aux"/>
		<feat xlink:href="#sPointingRel99" value="nsubj"/>
		<feat xlink:href="#sPointingRel101" value="obl"/>
		<feat xlink:href="#sPointingRel103" value="mark"/>
		<feat xlink:href="#sPointingRel105" value="det"/>
		<feat xlink:href="#sPointingRel107" value="det"/>
		<feat xlink:href="#sPointingRel109" value="advmod"/>
		<feat xlink:href="#sPointingRel111" value="case"/>
		<feat xlink:href="#sPointingRel113" value="acl:relcl"/>
		<feat xlink:href="#sPointingRel115" value="acl:relcl"/>
		<feat xlink:href="#sPointingRel117" value="advmod"/>
		<feat xlink:href="#sPointingRel119" value="advcl"/>
		<feat xlink:href="#sPointingRel121" value="aux"/>
		<feat xlink:href="#sPointingRel123" value="case"/>
		<feat xlink:href="#sPointingRel125" value="obl"/>
		<feat xlink:href="#sPointingRel127" value="mark"/>
		<feat xlink:href="#sPointingRel129" value="nsubj"/>
		<feat xlink:href="#sPointingRel131" value="case"/>
		<feat xlink:href="#sPointingRel133" value="aux"/>
		<feat xlink:href="#sPointingRel135" value="aux"/>
		<feat xlink:href="#sPointingRel137" value="nsubj"/>
		<feat xlink:href="#sPointingRel139" value="aux"/>
		<feat xlink:href="#sPointingRel141" value="nmod"/>
		<feat xlink:href="#sPointingRel143" value="nsubj"/>
		<feat xlink:href="#sPointingRel145" value="obl"/>
		<feat xlink:href="#sPointingRel147" value="case"/>
		<feat xlink:href="#sPointingRel149" value="aux"/>
		<feat xlink:href="#sPointingRel151" value="mark"/>
		<feat xlink:href="#sPointingRel153" value="aux"/>
		<feat xlink:href="#sPointingRel155" value="nsubj"/>
		<feat xlink:href="#sPointingRel157" value="nsubj"/>
		<feat xlink:href="#sPointingRel159" value="nsubj"/>
		<feat xlink:href="#sPointingRel161" value="nsubj"/>
		<feat xlink:href="#sPointingRel163" value="mark"/>
		<feat xlink:href="#sPointingRel165" value="obl"/>
		<feat xlink:href="#sPointingRel167" value="mark"/>
		<feat xlink:href="#sPointingRel169" value="xcomp"/>
		<feat xlink:href="#sPointingRel171" value="nmod"/>
		<feat xlink:href="#sPointingRel173" value="acl:relcl"/>
		<feat xlink:href="#sPointingRel175" value="det"/>
		<feat xlink:href="#sPointingRel177" value="aux"/>
		<feat xlink:href="#sPointingRel179" value="case"/>
		<feat xlink:href="#sPointingRel181" value="case"/>
		<feat xlink:href="#sPointingRel183" value="obl"/>
		<feat xlink:href="#sPointingRel185" value="nsubj"/>
		<feat xlink:href="#sPointingRel187" value="nsubj"/>
		<feat xlink:href="#sPointingRel189" value="acl:relcl"/>
		<feat xlink:href="#sPointingRel191" value="advmod"/>
		<feat xlink:href="#sPointingRel193" value="obl"/>
		<feat xlink:href="#sPointingRel195" value="mark"/>
		<feat xlink:href="#sPointingRel197" value="cc"/>
		<feat xlink:href="#sPointingRel199" value="case"/>
		<feat xlink:href="#sPointingRel201" value="det"/>
		<feat xlink:href="#sPointingRel203" value="det"/>
		<feat xlink:href="#sPointingRel205" value="cc"/>
		<feat xlink:href="#sPointingRel207" value="advcl"/>
		<feat xlink:href="#sPointingRel209" value="case"/>
		<feat xlink:href="#sPointingRel211" value="det"/>
		<feat xlink:href="#sPointingRel213" value="mark"/>
		<feat xlink:href="#sPointingRel215" value="nsubj"/>
		<feat xlink:href="#sPointingRel217" value="appos"/>
		<feat xlink:href="#sPointingRel219" value="mark"/>
		<feat xlink:href="#sPointingRel221" value="det"/>
		<feat xlink:href="#sPointingRel223" value="case"/>
		<feat xlink:href="#sPointingRel225" value="ccomp"/>
		<feat xlink:href="#sPointingRel227" value="aux"/>
		<feat xlink:href="#sPointingRel229" value="aux"/>
		<feat xlink:href="#sPointingRel231" value="advcl"/>
		<feat xlink:href="#sPointingRel233" value="nsubj"/>
		<feat xlink:href="#sPointingRel235" value="nsubj"/>
		<feat xlink:href="#sPointingRel237" value="det"/>
		<feat xlink:href="#sPointingRel239" value="obj"/>
		<feat xlink:href="#sPointingRel241" value="det"/>
		<feat xlink:href="#sPointingRel243" value="parataxis"/>
		<feat xlink:href="#sPointingRel245" value="obj"/>
		<feat xlink:href="#sPointingRel247" value="case"/>
		<feat xlink:href="#sPointingRel249" value="mark"/>
		<feat xlink:href="#sPointingRel251" value="mark"/>
		<feat xlink:href="#sPointingRel253" value="nmod"/>
		<feat xlink:href="#sPointingRel255" value="det"/>
		<feat xlink:href="#sPointingRel257" value="case"/>
		<feat xlink:href="#sPointingRel259" value="conj"/>
		<feat xlink:href="#sPointingRel261" value="advcl"/>
		<feat xlink:href="#sPointingRel263" value="case"/>
		<feat xlink:href="#sPointingRel265" value="advmod"/>
		<feat xlink:href="#sPointingRel267" value="conj"/>
		<feat xlink:href="#sPointingRel269" value="case"/>
		<feat xlink:href="#sPointingRel271" value="mark"/>
		<feat xlink:href="#sPointingRel273" value="aux"/>
		<feat xlink:href="#sPointingRel275" value="case"/>
		<feat xlink:href="#sPointingRel277" value="obj"/>
		<feat xlink:href="#sPointingRel279" value="aux"/>
		<feat xlink:href="#sPointingRel281" value="nmod"/>
		<feat xlink:href="#sPointingRel283" value="nsubj"/>
		<feat xlink:href="#sPointingRel285" value="conj"/>
		<feat xlink:href="#sPointingRel287" value="advcl"/>
		<feat xlink:href="#sPointingRel289" value="case"/>
		<feat xlink:href="#sPointingRel291" value="case"/>
		<feat xlink:href="#sPointingRel293" value="cc"/>
		<feat xlink:href="#sPointingRel295" value="obl"/>
		<feat xlink:href="#sPointingRel297" value="mark"/>
		<feat xlink:href="#sPointingRel299" value="advmod"/>
		<feat xlink:href="#sPointingRel301" value="advmod"/>
		<feat xlink:href="#sPointingRel303" value="mark"/>
		<feat xlink:href="#sPointingRel305" value="nsubj"/>
		<feat xlink:href="#sPointingRel307" value="det"/>
		<feat xlink:href="#sPointingRel309" value="case"/>
		<feat xlink:href="#sPointingRel311" value="case"/>
		<feat xlink:href="#sPointingRel313" value="nsubj"/>
		<feat xlink:href="#sPointingRel315" value="det"/>
		<feat xlink:href="#sPointingRel317" value="mark"/>
		<feat xlink:href="#sPointingRel319" value="mark"/>
		<feat xlink:href="#sPointingRel321" value="obl"/>
		<feat xlink:href="#sPointingRel323" value="conj"/>
		<feat xlink:href="#sPointingRel325" value="advmod"/>
		<feat xlink:href="#sPointingRel327" value="obj"/>
		<feat xlink:href="#sPointingRel329" value="advmod"/>
		<feat xlink:href="#sPointingRel331" value="det"/>
		<feat xlink:href="#sPointingRel333" value="acl:relcl"/>
		<feat xlink:href="#sPointingRel335" value="mark"/>
		<feat xlink:href="#sPointingRel337" value="aux"/>
		<feat xlink:href="#sPointingRel339" value="cop"/>
		<feat xlink:href="#sPointingRel341" value="cc"/>
		<feat xlink:href="#sPointingRel343" value="acl:relcl"/>
		<feat xlink:href="#sPointingRel345" value="det"/>
		<feat xlink:href="#sPointingRel347" value="advmod"/>
		<feat xlink:href="#sPointingRel349" value="mark"/>
		<feat xlink:href="#sPointingRel351" value="mark"/>
		<feat xlink:href="#sPointingRel353" value="mark"/>
		<feat xlink:href="#sPointingRel355" value="nsubj"/>
		<feat xlink:href="#sPointingRel357" value="nsubj"/>
		<feat xlink:href="#sPointingRel359" value="advmod"/>
		<feat xlink:href="#sPointingRel361" value="ccomp"/>
		<feat xlink:href="#sPointingRel363" value="aux"/>
		<feat xlink:href="#sPointingRel365" value="xcomp"/>
		<feat xlink:href="#sPointingRel367" value="nsubj"/>
		<feat xlink:href="#sPointingRel369" value="advmod"/>
		<feat xlink:href="#sPointingRel371" value="obj"/>
		<feat xlink:href="#sPointingRel373" value="case"/>
		<feat xlink:href="#sPointingRel375" value="advmod"/>
		<feat xlink:href="#sPointingRel377" value="case"/>
		<feat xlink:href="#sPointingRel379" value="det"/>
		<feat xlink:href="#sPointingRel381" value="mark"/>
		<feat xlink:href="#sPointingRel383" value="cop"/>
		<feat xlink:href="#sPointingRel385" value="nsubj"/>
		<feat xlink:href="#sPointingRel387" value="aux"/>
		<feat xlink:href="#sPointingRel389" value="mark"/>
		<feat xlink:href="#sPointingRel391" value="aux"/>
		<feat xlink:href="#sPointingRel393" value="mark"/>
		<feat xlink:href="#sPointingRel395" value="obj"/>
		<feat xlink:href="#sPointingRel397" value="mark"/>
		<feat xlink:href="#sPointingRel399" value="csubj"/>
		<feat xlink:href="#sPointingRel401" value="aux"/>
		<feat xlink:href="#sPointingRel403" value="ccomp"/>
		<feat xlink:href="#sPointingRel405" value="acl:relcl"/>
		<feat xlink:href="#sPointingRel407" value="nsubj"/>
		<feat xlink:href="#sPointingRel409" value="aux"/>
		<feat xlink:href="#sPointingRel411" value="det"/>
		<feat xlink:href="#sPointingRel413" value="dislocated"/>
		<feat xlink:href="#sPointingRel415" value="mark"/>
		<feat xlink:href="#sPointingRel417" value="obl"/>
		<feat xlink:href="#sPointingRel419" value="det"/>
		<feat xlink:href="#sPointingRel421" value="obl"/>
		<feat xlink:href="#sPointingRel423" value="aux"/>
		<feat xlink:href="#sPointingRel425" value="acl:relcl"/>
		<feat xlink:href="#sPointingRel427" value="obl"/>
		<feat xlink:href="#sPointingRel429" value="obj"/>
		<feat xlink:href="#sPointingRel431" value="det"/>
		<feat xlink:href="#sPointingRel433" value="case"/>
		<feat xlink:href="#sPointingRel435" value="case"/>
		<feat xlink:href="#sPointingRel437" value="nsubj"/>
		<feat xlink:href="#sPointingRel439" value="nsubj"/>
		<feat xlink:href="#sPointingRel441" value="case"/>
		<feat xlink:href="#sPointingRel443" value="obl"/>
		<feat xlink:href="#sPointingRel445" value="cc"/>
		<feat xlink:href="#sPointingRel447" value="ccomp"/>
		<feat xlink:href="#sPointingRel449" value="acl:relcl"/>
		<feat xlink:href="#sPointingRel451" value="nmod"/>
		<feat xlink:href="#sPointingRel453" value="mark"/>
		<feat xlink:href="#sPointingRel455" value="obl"/>
		<feat xlink:href="#sPointingRel457" value="det"/>
		<feat xlink:href="#sPointingRel459" value="nsubj"/>
		<feat xlink:href="#sPointingRel461" value="obj"/>
		<feat xlink:href="#sPointingRel463" value="case"/>
		<feat xlink:href="#sPointingRel465" value="obl"/>
		<feat xlink:href="#sPointingRel467" value="nsubj"/>
		<feat xlink:href="#sPointingRel469" value="nsubj"/>
		<feat xlink:href="#sPointingRel471" value="nsubj"/>
		<feat xlink:href="#sPointingRel473" value="nmod"/>
		<feat xlink:href="#sPointingRel475" value="mark"/>
		<feat xlink:href="#sPointingRel477" value="xcomp"/>
		<feat xlink:href="#sPointingRel479" value="case"/>
		<feat xlink:href="#sPointingRel481" value="nsubj"/>
		<feat xlink:href="#sPointingRel483" value="aux"/>
		<feat xlink:href="#sPointingRel485" value="obl"/>
		<feat xlink:href="#sPointingRel487" value="det"/>
		<feat xlink:href="#sPointingRel489" value="mark"/>
		<feat xlink:href="#sPointingRel491" value="aux"/>
		<feat xlink:href="#sPointingRel493" value="mark"/>
		<feat xlink:href="#sPointingRel495" value="mark"/>
		<feat xlink:href="#sPointingRel497" value="obl"/>
		<feat xlink:href="#sPointingRel499" value="nsubj"/>
		<feat xlink:href="#sPointingRel501" value="obj"/>
		<feat xlink:href="#sPointingRel503" value="mark"/>
		<feat xlink:href="#sPointingRel505" value="case"/>
		<feat xlink:href="#sPointingRel507" value="cc"/>
		<feat xlink:href="#sPointingRel509" value="advmod"/>
		<feat xlink:href="#sPointingRel511" value="nmod"/>
		<feat xlink:href="#sPointingRel513" value="cop"/>
		<feat xlink:href="#sPointingRel515" value="acl:relcl"/>
		<feat xlink:href="#sPointingRel517" value="case"/>
		<feat xlink:href="#sPointingRel519" value="case"/>
		<feat xlink:href="#sPointingRel521" value="case"/>
		<feat xlink:href="#sPointingRel523" value="case"/>
		<feat xlink:href="#sPointingRel525" value="det"/>
		<feat xlink:href="#sPointingRel527" value="conj"/>
		<feat xlink:href="#sPointingRel529" value="det"/>
		<feat xlink:href="#sPointingRel531" value="advmod"/>
		<feat xlink:href="#sPointingRel533" value="case"/>
		<feat xlink:href="#sPointingRel535" value="case"/>
		<feat xlink:href="#sPointingRel537" value="obl"/>
		<feat xlink:href="#sPointingRel539" value="case"/>
		<feat xlink:href="#sPointingRel541" value="advcl"/>
		<feat xlink:href="#sPointingRel543" value="cop"/>
		<feat xlink:href="#sPointingRel545" value="det"/>
		<feat xlink:href="#sPointingRel547" value="advmod"/>
		<feat xlink:href="#sPointingRel549" value="nmod"/>
		<feat xlink:href="#sPointingRel551" value="mark"/>
		<feat xlink:href="#sPointingRel553" value="case"/>
		<feat xlink:href="#sPointingRel555" value="advmod"/>
		<feat xlink:href="#sPointingRel557" value="nsubj"/>
		<feat xlink:href="#sPointingRel559" value="obj"/>
		<feat xlink:href="#sPointingRel561" value="obj"/>
		<feat xlink:href="#sPointingRel563" value="det"/>
		<feat xlink:href="#sPointingRel565" value="case"/>
		<feat xlink:href="#sPointingRel567" value="aux"/>
		<feat xlink:href="#sPointingRel569" value="mark"/>
		<feat xlink:href="#sPointingRel571" value="obl"/>
		<feat xlink:href="#sPointingRel573" value="obj"/>
		<feat xlink:href="#sPointingRel575" value="ccomp"/>
		<feat xlink:href="#sPointingRel577" value="mark"/>
		<feat xlink:href="#sPointingRel579" value="aux"/>
		<feat xlink:href="#sPointingRel581" value="det"/>
		<feat xlink:href="#sPointingRel583" value="conj"/>
		<feat xlink:href="#sPointingRel585" value="det"/>
		<feat xlink:href="#sPointingRel587" value="acl:relcl"/>
		<feat xlink:href="#sPointingRel589" value="cc"/>
		<feat xlink:href="#sPointingRel591" value="det"/>
		<feat xlink:href="#sPointingRel593" value="mark"/>
		<feat xlink:href="#sPointingRel595" value="obl"/>
		<feat xlink:href="#sPointingRel597" value="xcomp"/>
		<feat xlink:href="#sPointingRel599" value="mark"/>
		<feat xlink:href="#sPointingRel601" value="advmod"/>
		<feat xlink:href="#sPointingRel603" value="det"/>
		<feat xlink:href="#sPointingRel605" value="mark"/>
		<feat xlink:href="#sPointingRel607" value="obj"/>
		<feat xlink:href="#sPointingRel609" value="mark"/>
		<feat xlink:href="#sPointingRel611" value="nsubj"/>
		<feat xlink:href="#sPointingRel613" value="acl:relcl"/>
		<feat xlink:href="#sPointingRel615" value="case"/>
		<feat xlink:href="#sPointingRel617" value="case"/>
		<feat xlink:href="#sPointingRel619" value="aux"/>
		<feat xlink:href="#sPointingRel621" value="advcl"/>
		<feat xlink:href="#sPointingRel623" value="acl:relcl"/>
		<feat xlink:href="#sPointingRel625" value="obj"/>
		<feat xlink:href="#sPointingRel627" value="case"/>
		<feat xlink:href="#sPointingRel629" value="mark"/>
		<feat xlink:href="#sPointingRel631" value="nsubj"/>
		<feat xlink:href="#sPointingRel633" value="obl"/>
		<feat xlink:href="#sPointingRel635" value="det"/>
		<feat xlink:href="#sPointingRel637" value="nsubj"/>
		<feat xlink:href="#sPointingRel639" value="case"/>
		<feat xlink:href="#sPointingRel641" value="advmod"/>
		<feat xlink:href="#sPointingRel643" value="obj"/>
		<feat xlink:href="#sPointingRel645" value="nmod"/>
		<feat xlink:href="#sPointingRel647" value="acl:relcl"/>
		<feat xlink:href="#sPointingRel649" value="obl"/>
		<feat xlink:href="#sPointingRel651" value="advmod"/>
		<feat xlink:href="#sPointingRel653" value="obl:npmod"/>
		<feat xlink:href="#sPointingRel655" value="obl"/>
		<feat xlink:href="#sPointingRel657" value="advmod"/>
		<feat xlink:href="#sPointingRel659" value="nmod"/>
		<feat xlink:href="#sPointingRel661" value="obj"/>
		<feat xlink:href="#sPointingRel663" value="nsubj"/>
		<feat xlink:href="#sPointingRel665" value="det"/>
		<feat xlink:href="#sPointingRel667" value="aux"/>
		<feat xlink:href="#sPointingRel669" value="mark"/>
		<feat xlink:href="#sPointingRel671" value="obj"/>
		<feat xlink:href="#sPointingRel673" value="discourse"/>
		<feat xlink:href="#sPointingRel675" value="det"/>
		<feat xlink:href="#sPointingRel677" value="ccomp"/>
		<feat xlink:href="#sPointingRel679" value="fixed"/>
		<feat xlink:href="#sPointingRel681" value="case"/>
		<feat xlink:href="#sPointingRel683" value="case"/>
		<feat xlink:href="#sPointingRel685" value="aux"/>
		<feat xlink:href="#sPointingRel687" value="case"/>
		<feat xlink:href="#sPointingRel689" value="obj"/>
		<feat xlink:href="#sPointingRel691" value="acl:relcl"/>
		<feat xlink:href="#sPointingRel693" value="aux"/>
		<feat xlink:href="#sPointingRel695" value="nsubj"/>
		<feat xlink:href="#sPointingRel697" value="case"/>
		<feat xlink:href="#sPointingRel699" value="obj"/>
		<feat xlink:href="#sPointingRel701" value="mark"/>
		<feat xlink:href="#sPointingRel703" value="obj"/>
		<feat xlink:href="#sPointingRel705" value="advmod"/>
		<feat xlink:href="#sPointingRel707" value="aux"/>
		<feat xlink:href="#sPointingRel709" value="nsubj"/>
		<feat xlink:href="#sPointingRel711" value="det"/>
		<feat xlink:href="#sPointingRel713" value="advmod"/>
		<feat xlink:href="#sPointingRel715" value="ccomp"/>
		<feat xlink:href="#sPointingRel717" value="obl"/>
		<feat xlink:href="#sPointingRel719" value="nsubj"/>
		<feat xlink:href="#sPointingRel721" value="nmod"/>
		<feat xlink:href="#sPointingRel723" value="acl:relcl"/>
		<feat xlink:href="#sPointingRel725" value="nmod"/>
		<feat xlink:href="#sPointingRel727" value="det"/>
		<feat xlink:href="#sPointingRel729" value="obj"/>
		<feat xlink:href="#sPointingRel731" value="mark"/>
		<feat xlink:href="#sPointingRel733" value="obl"/>
		<feat xlink:href="#sPointingRel735" value="obl"/>
		<feat xlink:href="#sPointingRel737" value="case"/>
		<feat xlink:href="#sPointingRel739" value="det"/>
		<feat xlink:href="#sPointingRel741" value="case"/>
		<feat xlink:href="#sPointingRel743" value="mark"/>
		<feat xlink:href="#sPointingRel745" value="advcl"/>
		<feat xlink:href="#sPointingRel747" value="acl:relcl"/>
		<feat xlink:href="#sPointingRel749" value="obl"/>
		<feat xlink:href="#sPointingRel751" value="aux"/>
		<feat xlink:href="#sPointingRel753" value="nmod"/>
		<feat xlink:href="#sPointingRel755" value="cop"/>
		<feat xlink:href="#sPointingRel757" value="fixed"/>
		<feat xlink:href="#sPointingRel759" value="advmod"/>
		<feat xlink:href="#sPointingRel761" value="nmod"/>
		<feat xlink:href="#sPointingRel763" value="case"/>
		<feat xlink:href="#sPointingRel765" value="advmod"/>
		<feat xlink:href="#sPointingRel767" value="case"/>
		<feat xlink:href="#sPointingRel769" value="case"/>
		<feat xlink:href="#sPointingRel771" value="mark"/>
		<feat xlink:href="#sPointingRel773" value="aux"/>
		<feat xlink:href="#sPointingRel775" value="ccomp"/>
		<feat xlink:href="#sPointingRel777" value="det"/>
		<feat xlink:href="#sPointingRel779" value="nsubj"/>
		<feat xlink:href="#sPointingRel781" value="cc"/>
		<feat xlink:href="#sPointingRel783" value="case"/>
		<feat xlink:href="#sPointingRel785" value="advmod"/>
		<feat xlink:href="#sPointingRel787" value="nsubj"/>
		<feat xlink:href="#sPointingRel789" value="mark"/>
		<feat xlink:href="#sPointingRel791" value="aux"/>
		<feat xlink:href="#sPointingRel793" value="obj"/>
		<feat xlink:href="#sPointingRel795" value="case"/>
		<feat xlink:href="#sPointingRel797" value="obl"/>
		<feat xlink:href="#sPointingRel799" value="det"/>
		<feat xlink:href="#sPointingRel801" value="obj"/>
		<feat xlink:href="#sPointingRel803" value="det"/>
		<feat xlink:href="#sPointingRel805" value="det"/>
		<feat xlink:href="#sPointingRel807" value="cc"/>
		<feat xlink:href="#sPointingRel809" value="cc"/>
		<feat xlink:href="#sPointingRel811" value="advmod"/>
		<feat xlink:href="#sPointingRel813" value="obl"/>
		<feat xlink:href="#sPointingRel815" value="obl"/>
		<feat xlink:href="#sPointingRel817" value="nsubj"/>
		<feat xlink:href="#sPointingRel819" value="acl:relcl"/>
		<feat xlink:href="#sPointingRel821" value="advcl"/>
		<feat xlink:href="#sPointingRel823" value="obl"/>
		<feat xlink:href="#sPointingRel825" value="cc"/>
		<feat xlink:href="#sPointingRel827" value="nsubj"/>
		<feat xlink:href="#sPointingRel829" value="aux"/>
		<feat xlink:href="#sPointingRel831" value="det"/>
		<feat xlink:href="#sPointingRel833" value="nsubj"/>
		<feat xlink:href="#sPointingRel835" value="det"/>
		<feat xlink:href="#sPointingRel837" value="nsubj"/>
		<feat xlink:href="#sPointingRel839" value="case"/>
		<feat xlink:href="#sPointingRel841" value="nsubj"/>
		<feat xlink:href="#sPointingRel843" value="advcl"/>
		<feat xlink:href="#sPointingRel845" value="obl"/>
		<feat xlink:href="#sPointingRel847" value="nsubj"/>
		<feat xlink:href="#sPointingRel849" value="nsubj"/>
		<feat xlink:href="#sPointingRel851" value="case"/>
		<feat xlink:href="#sPointingRel853" value="cc"/>
		<feat xlink:href="#sPointingRel855" value="nmod"/>
		<feat xlink:href="#sPointingRel857" value="obl"/>
		<feat xlink:href="#sPointingRel859" value="obl:npmod"/>
		<feat xlink:href="#sPointingRel861" value="det"/>
		<feat xlink:href="#sPointingRel863" value="obj"/>
		<feat xlink:href="#sPointingRel865" value="advmod"/>
		<feat xlink:href="#sPointingRel867" value="nsubj"/>
		<feat xlink:href="#sPointingRel869" value="obl"/>
		<feat xlink:href="#sPointingRel871" value="nsubj"/>
		<feat xlink:href="#sPointingRel873" value="aux"/>
		<feat xlink:href="#sPointingRel875" value="nsubj"/>
		<feat xlink:href="#sPointingRel877" value="nsubj"/>
		<feat xlink:href="#sPointingRel879" value="acl:relcl"/>
		<feat xlink:href="#sPointingRel881" value="det"/>
		<feat xlink:href="#sPointingRel883" value="case"/>
		<feat xlink:href="#sPointingRel885" value="mark"/>
		<feat xlink:href="#sPointingRel887" value="det"/>
		<feat xlink:href="#sPointingRel889" value="det"/>
		<feat xlink:href="#sPointingRel891" value="nsubj"/>
		<feat xlink:href="#sPointingRel893" value="aux"/>
		<feat xlink:href="#sPointingRel895" value="aux"/>
		<feat xlink:href="#sPointingRel897" value="mark"/>
		<feat xlink:href="#sPointingRel899" value="aux"/>
		<feat xlink:href="#sPointingRel901" value="nsubj"/>
		<feat xlink:href="#sPointingRel903" value="det"/>
		<feat xlink:href="#sPointingRel905" value="obj"/>
		<feat xlink:href="#sPointingRel907" value="mark"/>
		<feat xlink:href="#sPointingRel909" value="obj"/>
		<feat xlink:href="#sPointingRel911" value="acl:relcl"/>
		<feat xlink:href="#sPointingRel913" value="nsubj"/>
		<feat xlink:href="#sPointingRel915" value="obj"/>
		<feat xlink:href="#sPointingRel917" value="aux"/>
		<feat xlink:href="#sPointingRel919" value="advmod"/>
		<feat xlink:href="#sPointingRel921" value="acl:relcl"/>
		<feat xlink:href="#sPointingRel923" value="mark"/>
		<feat xlink:href="#sPointingRel925" value="mark"/>
		<feat xlink:href="#sPointingRel927" value="obj"/>
		<feat xlink:href="#sPointingRel929" value="nsubj"/>
		<feat xlink:href="#sPointingRel931" value="obj"/>
		<feat xlink:href="#sPointingRel933" value="mark"/>
		<feat xlink:href="#sPointingRel935" value="obl"/>
		<feat xlink:href="#sPointingRel937" value="cc"/>
		<feat xlink:href="#sPointingRel939" value="nsubj"/>
		<feat xlink:href="#sPointingRel941" value="parataxis"/>
		<feat xlink:href="#sPointingRel943" value="aux"/>
		<feat xlink:href="#sPointingRel945" value="case"/>
		<feat xlink:href="#sPointingRel947" value="mark"/>
		<feat xlink:href="#sPointingRel949" value="det"/>
		<feat xlink:href="#sPointingRel951" value="case"/>
		<feat xlink:href="#sPointingRel953" value="nsubj"/>
		<feat xlink:href="#sPointingRel955" value="det"/>
		<feat xlink:href="#sPointingRel957" value="nmod"/>
		<feat xlink:href="#sPointingRel959" value="case"/>
		<feat xlink:href="#sPointingRel961" value="case"/>
		<feat xlink:href="#sPointingRel963" value="cc"/>
		<feat xlink:href="#sPointingRel965" value="case"/>
		<feat xlink:href="#sPointingRel967" value="dislocated"/>
		<feat xlink:href="#sPointingRel969" value="case"/>
		<feat xlink:href="#sPointingRel971" value="case"/>
		<feat xlink:href="#sPointingRel973" value="advmod"/>
		<feat xlink:href="#sPointingRel975" value="case"/>
		<feat xlink:href="#sPointingRel977" value="nsubj"/>
		<feat xlink:href="#sPointingRel979" value="cc"/>
		<feat xlink:href="#sPointingRel981" value="mark"/>
		<feat xlink:href="#sPointingRel983" value="obj"/>
		<feat xlink:href="#sPointingRel985" value="mark"/>
		<feat xlink:href="#sPointingRel987" value="cc"/>
		<feat xlink:href="#sPointingRel989" value="case"/>
		<feat xlink:href="#sPointingRel991" value="det"/>
		<feat xlink:href="#sPointingRel993" value="obl"/>
		<feat xlink:href="#sPointingRel995" value="case"/>
		<feat xlink:href="#sPointingRel997" value="case"/>
		<feat xlink:href="#sPointingRel999" value="det"/>
		<feat xlink:href="#sPointingRel1001" value="advmod"/>
		<feat xlink:href="#sPointingRel1003" value="parataxis"/></featList></paula>