<?xml version='1.0' encoding='UTF-8'?><!DOCTYPE paula SYSTEM "paula_feat.dtd">
<paula version="1.1">
	<header paula_id="scriptorium.GL09-10.mark_norm_group"/>
	<featList xmlns:xlink="http://www.w3.org/1999/xlink" type="norm_group" xml:base="scriptorium.GL09-10.mark.xml">
		<feat xlink:href="#sSpan4" value="ⲣⲛ"/>
		<feat xlink:href="#sSpan15" value="·"/>
		<feat xlink:href="#sSpan19" value="ⲙⲡⲛⲁⲩ"/>
		<feat xlink:href="#sSpan28" value="·"/>
		<feat xlink:href="#sSpan32" value="ⲉⲧⲛⲛⲁϫⲓ"/>
		<feat xlink:href="#sSpan44" value="ⲙⲡⲣⲁⲛ"/>
		<feat xlink:href="#sSpan53" value="ϫⲉⲁⲣⲭⲏ"/>
		<feat xlink:href="#sSpan62" value="·"/>
		<feat xlink:href="#sSpan66" value="ⲁⲩⲱ"/>
		<feat xlink:href="#sSpan73" value="ⲉⲝⲟⲩⲥⲓⲁ"/>
		<feat xlink:href="#sSpan78" value="ⲡⲟⲩⲁ"/>
		<feat xlink:href="#sSpan85" value="ⲡⲟⲩⲁ"/>
		<feat xlink:href="#sSpan91" value="·"/>
		<feat xlink:href="#sSpan96" value="ⲕⲁⲧⲁⲧⲉϥⲙⲓⲛⲉ"/>
		<feat xlink:href="#sSpan106" value="·"/>
		<feat xlink:href="#sSpan110" value="ⲁⲩⲱ"/>
		<feat xlink:href="#sSpan116" value="ⲧⲛϣⲟⲩϣⲟⲩ"/>
		<feat xlink:href="#sSpan123" value="ⲙⲙⲟⲛ"/>
		<feat xlink:href="#sSpan130" value="ⲧⲏⲣⲛ"/>
		<feat xlink:href="#sSpan136" value="ϩⲛⲙⲙⲛⲧⲛⲟϭ"/>
		<feat xlink:href="#sSpan148" value="ⲙⲡⲛⲟⲩⲧⲉ"/>
		<feat xlink:href="#sSpan158" value="·"/>
		<feat xlink:href="#sSpan162" value="ⲁⲩⲱ"/>
		<feat xlink:href="#sSpan167" value="ϩⲛⲛⲉϥⲧⲟⲡⲟⲥ"/>
		<feat xlink:href="#sSpan178" value="ⲉⲧⲟⲩⲁⲁⲃ"/>
		<feat xlink:href="#sSpan184" value="ⲛⲧⲛⲥⲟⲟⲩⲛ"/>
		<feat xlink:href="#sSpan195" value="ⲇⲉ"/>
		<feat xlink:href="#sSpan199" value="ⲁⲛ"/>
		<feat xlink:href="#sSpan203" value="ϫⲉⲟⲩ"/>
		<feat xlink:href="#sSpan210" value="ⲡⲉⲧⲛⲁⲧⲱⲙⲛⲧ"/>
		<feat xlink:href="#sSpan222" value="ⲉⲣⲟⲛ"/>
		<feat xlink:href="#sSpan228" value="·"/>
		<feat xlink:href="#sSpan232" value="ⲙⲡⲛⲁⲩ"/>
		<feat xlink:href="#sSpan242" value="ⲉⲧⲛⲛⲁϯⲗⲟⲅⲟⲥ"/>
		<feat xlink:href="#sSpan256" value="ⲙⲡⲛⲟⲩⲧⲉ"/>
		<feat xlink:href="#sSpan265" value="ϩⲁⲛⲉⲛϩⲃⲏⲩⲉ"/>
		<feat xlink:href="#sSpan276" value="ⲧⲏⲣⲟⲩ"/>
		<feat xlink:href="#sSpan284" value="·"/>
		<feat xlink:href="#sSpan289" value="ϩⲁⲙⲟⲓ"/>
		<feat xlink:href="#sSpan294" value="ⲛⲧⲉⲧⲙⲡⲉⲛϩⲟⲩⲟ"/>
		<feat xlink:href="#sSpan305" value="·"/>
		<feat xlink:href="#sSpan310" value="ϫⲓϣⲓⲡⲉ"/>
		<feat xlink:href="#sSpan316" value="·"/>
		<feat xlink:href="#sSpan320" value="ⲁⲩⲱ"/>
		<feat xlink:href="#sSpan325" value="ⲛⲧⲛⲗⲩⲡⲉⲓ"/>
		<feat xlink:href="#sSpan335" value="ϩⲙⲡⲉϩⲟⲟⲩ"/>
		<feat xlink:href="#sSpan345" value="ⲉⲧⲙⲙⲁⲩ"/>
		<feat xlink:href="#sSpan352" value="·"/>
		<feat xlink:href="#sSpan356" value="ϫⲉⲛⲛⲁϫⲟⲟⲥ"/>
		<feat xlink:href="#sSpan370" value="ϫⲉⲛⲧⲛⲛⲉϩⲡⲉ"/>
		<feat xlink:href="#sSpan383" value="·"/>
		<feat xlink:href="#sSpan387" value="ⲁⲩⲱ"/>
		<feat xlink:href="#sSpan392" value="ⲛⲧⲛⲣⲓⲙⲉ"/>
		<feat xlink:href="#sSpan401" value="ⲙⲡⲙⲁ"/>
		<feat xlink:href="#sSpan411" value="ⲉⲛⲉⲣⲉ"/>
		<feat xlink:href="#sSpan419" value="[…]"/>
		<feat xlink:href="#sSpan424" value="ⲛⲙⲛⲧϣⲃⲏⲣ"/>
		<feat xlink:href="#sSpan434" value="[…]"/>
		<feat xlink:href="#sSpan439" value="ⲧⲛ"/>
		<feat xlink:href="#sSpan444" value="[…]"/>
		<feat xlink:href="#sSpan448" value="ⲡⲉ"/>
		<feat xlink:href="#sSpan452" value="[…]"/>
		<feat xlink:href="#sSpan458" value="ⲧⲧ"/>
		<feat xlink:href="#sSpan462" value="ⲉⲡϫⲓⲛϫⲏ"/>
		<feat xlink:href="#sSpan471" value="·"/>
		<feat xlink:href="#sSpan476" value="ⲟⲩⲛⲛⲣⲱⲙⲉ"/>
		<feat xlink:href="#sSpan486" value="ⲉϥⲣⲁϣⲉ"/>
		<feat xlink:href="#sSpan496" value="·"/>
		<feat xlink:href="#sSpan500" value="ⲙⲡⲥⲟⲡ"/>
		<feat xlink:href="#sSpan509" value="ⲉⲧⲉϥⲛⲁϫⲓ"/>
		<feat xlink:href="#sSpan522" value="ⲛϩⲉⲛϩⲛⲁⲁⲩ"/>
		<feat xlink:href="#sSpan531" value="ⲛⲁⲛⲁⲅⲕⲁⲓⲟⲛ"/>
		<feat xlink:href="#sSpan540" value="·"/>
		<feat xlink:href="#sSpan545" value="ⲉⲁⲩϭⲁⲗⲱⲟⲩ"/>
		<feat xlink:href="#sSpan558" value="ⲉⲣⲟϥ"/>
		<feat xlink:href="#sSpan564" value="·"/>
		<feat xlink:href="#sSpan568" value="ⲉϣⲁϥⲧⲁⲁⲩ"/>
		<feat xlink:href="#sSpan582" value="·"/>
		<feat xlink:href="#sSpan586" value="ⲟⲛ"/>
		<feat xlink:href="#sSpan591" value="ϩⲛⲟⲩⲧⲱⲧ"/>
		<feat xlink:href="#sSpan600" value="·"/>
		<feat xlink:href="#sSpan604" value="ⲛϩⲏⲧ"/>
		<feat xlink:href="#sSpan611" value="ⲉⲧⲟⲟⲧϥ"/>
		<feat xlink:href="#sSpan618" value="ⲙⲡⲉⲛⲧⲁϥϭⲁⲗⲱⲟⲩ"/>
		<feat xlink:href="#sSpan636" value="ⲉⲣⲟϥ"/>
		<feat xlink:href="#sSpan642" value="·"/>
		<feat xlink:href="#sSpan646" value="ⲙⲡⲛⲁⲩ"/>
		<feat xlink:href="#sSpan656" value="·"/>
		<feat xlink:href="#sSpan660" value="ⲉⲧⲉϥⲛⲁϫⲛⲟⲩϥ"/>
		<feat xlink:href="#sSpan673" value="·"/>
		<feat xlink:href="#sSpan678" value="ⲁⲩⲱ"/>
		<feat xlink:href="#sSpan685" value="ⲟⲩⲛⲣⲱⲙⲉ"/>
		<feat xlink:href="#sSpan692" value="ⲉϥⲣⲁϣⲉ"/>
		<feat xlink:href="#sSpan701" value="·"/>
		<feat xlink:href="#sSpan705" value="ⲙⲡⲥⲟⲡ"/>
		<feat xlink:href="#sSpan714" value="·"/>
		<feat xlink:href="#sSpan718" value="ⲉⲧⲉϥⲥⲟⲟⲩⲧⲛ"/>
		<feat xlink:href="#sSpan727" value="ⲉⲃⲟⲗ"/>
		<feat xlink:href="#sSpan731" value="ⲉϫⲓ"/>
		<feat xlink:href="#sSpan738" value="·"/>
		<feat xlink:href="#sSpan742" value="ⲛⲛⲉⲛⲧⲁⲩϭⲁⲗⲱⲟⲩ"/>
		<feat xlink:href="#sSpan761" value="ⲉⲣⲟϥ"/>
		<feat xlink:href="#sSpan767" value="·"/>
		<feat xlink:href="#sSpan771" value="[…]"/>
		<feat xlink:href="#sSpan777" value="ⲛⲟⲛ"/>
		<feat xlink:href="#sSpan782" value="·"/>
		<feat xlink:href="#sSpan786" value="ϫⲉϣⲁϥⲱⲕⲙ"/>
		<feat xlink:href="#sSpan797" value="·"/>
		<feat xlink:href="#sSpan801" value="ⲁⲩⲱ"/>
		<feat xlink:href="#sSpan805" value="ⲛϥⲣϩⲏⲃⲉ"/>
		<feat xlink:href="#sSpan816" value="·"/>
		<feat xlink:href="#sSpan820" value="ⲛϥⲣϩⲟⲧⲉ"/>
		<feat xlink:href="#sSpan831" value="ⲇⲉ"/>
		<feat xlink:href="#sSpan835" value="ⲟⲛ"/>
		<feat xlink:href="#sSpan840" value="ϫⲉⲙⲡⲉϥϩⲁⲣⲉϩ"/>
		<feat xlink:href="#sSpan850" value="ⲉⲛⲉⲛⲧⲁⲩⲧⲁⲁⲩ"/>
		<feat xlink:href="#sSpan868" value="·"/>
		<feat xlink:href="#sSpan872" value="ⲉⲧⲟⲟⲧϥ"/>
		<feat xlink:href="#sSpan879" value="·"/>
		<feat xlink:href="#sSpan884" value="ⲁⲗⲗⲁ"/>
		<feat xlink:href="#sSpan889" value="ϣⲁⲩⲥⲱⲕ"/>
		<feat xlink:href="#sSpan898" value="ⲙⲙⲟϥ"/>
		<feat xlink:href="#sSpan904" value="ⲉⲙⲙⲁ"/>
		<feat xlink:href="#sSpan914" value="·"/>
		<feat xlink:href="#sSpan918" value="ⲛϯϩⲁⲡ"/>
		<feat xlink:href="#sSpan925" value="ⲉϥϭⲟⲟⲗⲉ"/>
		<feat xlink:href="#sSpan934" value="ⲙⲡϣⲓⲡⲉ"/>
		<feat xlink:href="#sSpan944" value="·"/>
		<feat xlink:href="#sSpan948" value="ⲁⲩⲱ"/>
		<feat xlink:href="#sSpan953" value="ⲉϥϩⲁϩⲟⲧⲉ"/>
		<feat xlink:href="#sSpan964" value="·"/>
		<feat xlink:href="#sSpan968" value="ⲉϥⲙⲉϩ"/>
		<feat xlink:href="#sSpan977" value="ⲇⲉ"/>
		<feat xlink:href="#sSpan981" value="ⲟⲛ"/>
		<feat xlink:href="#sSpan985" value="ⲛϣⲧⲟⲣⲧⲣ"/>
		<feat xlink:href="#sSpan993" value="ⲉⲛϥⲙⲉⲉⲩⲉ"/>
		<feat xlink:href="#sSpan1004" value="ⲁⲛ"/>
		<feat xlink:href="#sSpan1008" value="·"/>
		<feat xlink:href="#sSpan1012" value="ⲉⲣⲃⲟⲗ"/>
		<feat xlink:href="#sSpan1022" value="ⲛⲟⲉⲓ"/>
		<feat xlink:href="#sSpan1027" value="·"/>
		<feat xlink:href="#sSpan1031" value="ⲛⲧⲟϥ"/>
		<feat xlink:href="#sSpan1037" value="ⲛⲛⲁⲓ"/>
		<feat xlink:href="#sSpan1044" value="·"/>
		<feat xlink:href="#sSpan1048" value="ⲛⲛⲉⲧⲉⲕⲥⲱⲧⲙ"/>
		<feat xlink:href="#sSpan1062" value="·"/>
		<feat xlink:href="#sSpan1066" value="ⲉⲣⲟⲟⲩ"/>
		<feat xlink:href="#sSpan1073" value="·"/>
		<feat xlink:href="#sSpan1078" value="ⲱ"/>
		<feat xlink:href="#sSpan1083" value="ⲡⲣⲱⲙⲉ"/>
		<feat xlink:href="#sSpan1091" value="ⲉⲧϭⲱϣⲧ"/>
		<feat xlink:href="#sSpan1100" value="ⲉⲃⲟⲗ"/>
		<feat xlink:href="#sSpan1104" value="ϩⲏⲧϥ"/>
		<feat xlink:href="#sSpan1111" value="ⲙⲡⲙⲁ"/>
		<feat xlink:href="#sSpan1120" value="·"/>
		<feat xlink:href="#sSpan1124" value="ⲛϯϩⲁⲡ"/>
		<feat xlink:href="#sSpan1134" value="·"/>
		<feat xlink:href="#sSpan1138" value="ⲉⲧϩⲛⲙⲡⲏⲩⲉ"/>
		<feat xlink:href="#sSpan1150" value="·"/>
		<feat xlink:href="#sSpan1154" value="ⲁⲩⲱ"/>
		<feat xlink:href="#sSpan1159" value="ⲁⲛⲟⲕ"/>
		<feat xlink:href="#sSpan1163" value="ϩⲱⲱⲧ"/>
		<feat xlink:href="#sSpan1170" value="·"/>
		<feat xlink:href="#sSpan1174" value="ⲛⲧⲁⲛⲟⲉⲓ"/>
		<feat xlink:href="#sSpan1183" value="ϫⲉⲉⲣⲉⲡⲁⲓ"/>
		<feat xlink:href="#sSpan1193" value="ⲉⲧϭⲱⲗⲡ"/>
		<feat xlink:href="#sSpan1201" value="ⲉⲃⲟⲗ"/>
		<feat xlink:href="#sSpan1205" value="ⲛⲛⲉⲧⲙⲡϣⲁ"/>
		<feat xlink:href="#sSpan1217" value="·"/>
		<feat xlink:href="#sSpan1221" value="ⲛϫⲟⲟⲩ"/>
		<feat xlink:href="#sSpan1230" value="·"/>
		<feat xlink:href="#sSpan1234" value="ϫⲱ"/>
		<feat xlink:href="#sSpan1239" value="ⲙⲙⲟⲥ"/>
		<feat xlink:href="#sSpan1246" value="ϫⲉⲟⲩ"/>
		<feat xlink:href="#sSpan1252" value="·"/>
		<feat xlink:href="#sSpan1256" value="ⲉϣϫⲉ"/>
		<feat xlink:href="#sSpan1261" value="ϯϥⲓⲣⲟⲟⲩϣ"/>
		<feat xlink:href="#sSpan1270" value="ϩⲱⲱⲧ"/>
		<feat xlink:href="#sSpan1276" value="ⲉⲁϩⲉⲣⲁⲧⲉ"/>
		<feat xlink:href="#sSpan1283" value="ⲡⲃⲏⲙⲁ"/>
		<feat xlink:href="#sSpan1291" value="ⲙⲡⲉⲭⲣⲓⲥⲧⲟⲥ"/>
		<feat xlink:href="#sSpan1303" value="ⲛⲉϣⲁⲩⲥⲟⲩⲛⲣⲱⲙⲉ"/>
		<feat xlink:href="#sSpan1319" value="ⲛⲓⲙ"/>
		<feat xlink:href="#sSpan1324" value="ⲁⲛ"/>
		<feat xlink:href="#sSpan1328" value="·"/>
		<feat xlink:href="#sSpan1332" value="ⲙⲡⲛⲁⲩ"/>
		<feat xlink:href="#sSpan1341" value="ⲛϫⲓ"/>
		<feat xlink:href="#sSpan1349" value="·"/>
		<feat xlink:href="#sSpan1353" value="ϫⲉⲥⲉⲛϩⲟⲧ"/>
		<feat xlink:href="#sSpan1363" value="ⲁⲗⲗⲁ"/>
		<feat xlink:href="#sSpan1368" value="ⲧⲙⲟⲓϩⲉ"/>
		<feat xlink:href="#sSpan1375" value="ⲧⲉ"/>
		<feat xlink:href="#sSpan1379" value="ⲛⲁⲙⲉ"/>
		<feat xlink:href="#sSpan1384" value="ⲡⲉ"/>
		<feat xlink:href="#sSpan1388" value="ⲡⲛⲁⲩ"/>
		<feat xlink:href="#sSpan1395" value="ⲛϯ"/>
		<feat xlink:href="#sSpan1403" value="·"/>
		<feat xlink:href="#sSpan1407" value="ⲛⲛⲉⲛⲧⲁⲕϫⲓⲧⲟⲩ"/>
		<feat xlink:href="#sSpan1425" value="·"/>
		<feat xlink:href="#sSpan1429" value="ⲁⲩⲱ"/>
		<feat xlink:href="#sSpan1434" value="ⲛⲅⲟⲩⲱⲛϩ"/>
		<feat xlink:href="#sSpan1444" value="ⲉⲃⲟⲗ"/>
		<feat xlink:href="#sSpan1448" value="·"/>
		<feat xlink:href="#sSpan1452" value="ⲙⲡⲓⲥⲧⲟⲥ"/>
		<feat xlink:href="#sSpan1461" value="ϫⲉⲁⲕⲧⲁⲁⲩ"/>
		<feat xlink:href="#sSpan1474" value="ⲉⲧⲟⲟⲧϥ"/>
		<feat xlink:href="#sSpan1480" value="ⲙⲡⲉⲛⲧⲁϥⲧⲁⲁⲩ"/>
		<feat xlink:href="#sSpan1498" value="ⲛⲁⲕ"/>
		<feat xlink:href="#sSpan1504" value="ⲛⲥⲉϣⲁⲁⲧ"/>
		<feat xlink:href="#sSpan1513" value="·"/>
		<feat xlink:href="#sSpan1517" value="ⲁⲛ"/>
		<feat xlink:href="#sSpan1521" value="·"/>
		<feat xlink:href="#sSpan1525" value="ⲛⲗⲁⲁⲩ"/>
		<feat xlink:href="#sSpan1533" value="·"/>
		<feat xlink:href="#sSpan1540" value="ⲡⲣⲱⲙⲉⲛⲁϣⲓⲛⲉ"/>
		<feat xlink:href="#sSpan1553" value="ⲁⲩⲱ"/>
		<feat xlink:href="#sSpan1558" value="ⲛϥⲇⲟⲕⲓⲙⲁⲍⲉ"/>
		<feat xlink:href="#sSpan1568" value="ϫⲉⲛⲓⲙ"/>
		<feat xlink:href="#sSpan1574" value="ⲡⲉⲧⲛϩⲟⲧ"/>
		<feat xlink:href="#sSpan1584" value="ⲉϭⲁⲗ"/>
		<feat xlink:href="#sSpan1590" value="ⲉϩⲉⲛϩⲛⲁⲁⲩ"/>
		<feat xlink:href="#sSpan1602" value="·"/>
		<feat xlink:href="#sSpan1606" value="ⲉⲣⲟϥ"/>
		<feat xlink:href="#sSpan1612" value="·"/>
		<feat xlink:href="#sSpan1616" value="ⲛⲧⲉⲡⲕⲁϩ"/>
		<feat xlink:href="#sSpan1625" value="ⲉⲩⲛⲁⲧⲁⲕⲟ"/>
		<feat xlink:href="#sSpan1636" value="·"/>
		<feat xlink:href="#sSpan1640" value="ⲁⲩⲱ"/>
		<feat xlink:href="#sSpan1645" value="ⲟⲩⲛⲣⲱⲙⲉ"/>
		<feat xlink:href="#sSpan1653" value="ⲉϥⲙⲟⲩϣⲧ"/>
		<feat xlink:href="#sSpan1662" value="ⲙⲙⲟϥ"/>
		<feat xlink:href="#sSpan1668" value="ⲙⲡⲁⲧⲉϥϫⲓ"/>
		<feat xlink:href="#sSpan1677" value="·"/>
		<feat xlink:href="#sSpan1681" value="ϫⲉⲛⲉϥⲛⲁϩⲁⲣⲉϩ"/>
		<feat xlink:href="#sSpan1695" value="ⲉⲛⲉⲛⲧⲁⲩⲧⲁⲁⲩ"/>
		<feat xlink:href="#sSpan1714" value="ⲉⲧⲟⲟⲧϥ"/>
		<feat xlink:href="#sSpan1720" value="ⲁⲩⲱ"/>
		<feat xlink:href="#sSpan1725" value="ⲥⲛⲁϣⲱⲡⲉ"/>
		<feat xlink:href="#sSpan1733" value="ⲛⲧⲉⲧⲙⲛⲉⲧϫⲓ"/>
		<feat xlink:href="#sSpan1748" value="ⲛϩⲉⲛⲙⲛⲧⲛⲟϭ"/>
		<feat xlink:href="#sSpan1760" value="ⲉⲃⲟⲗ"/>
		<feat xlink:href="#sSpan1766" value="ϩⲓⲧⲙⲡⲛⲟⲩⲧⲉ"/>
		<feat xlink:href="#sSpan1777" value="ⲇⲓⲁⲕⲣⲓⲛⲉ"/>
		<feat xlink:href="#sSpan1781" value="·"/>
		<feat xlink:href="#sSpan1785" value="ⲙⲙⲟⲟⲩ"/>
		<feat xlink:href="#sSpan1792" value="·"/>
		<feat xlink:href="#sSpan1796" value="ⲁⲩⲱ"/>
		<feat xlink:href="#sSpan1801" value="ⲛⲉⲧⲟⲩϫⲓ"/>
		<feat xlink:href="#sSpan1813" value="ⲙⲡⲣⲁⲛ"/>
		<feat xlink:href="#sSpan1822" value="·"/>
		<feat xlink:href="#sSpan1826" value="ⲉⲃⲟⲗ"/>
		<feat xlink:href="#sSpan1832" value="ϩⲓⲧⲟⲟⲧⲟⲩ"/>
		<feat xlink:href="#sSpan1839" value="·"/>
		<feat xlink:href="#sSpan1843" value="ⲛⲥⲉⲧⲙⲇⲓⲁⲕⲣⲓⲛⲉ"/>
		<feat xlink:href="#sSpan1856" value="ⲙⲙⲟⲟⲩ"/>
		<feat xlink:href="#sSpan1863" value="·"/>
		<feat xlink:href="#sSpan1868" value="ⲏ"/>
		<feat xlink:href="#sSpan1873" value="ϫⲉϩⲉⲛⲟⲩ"/>
		<feat xlink:href="#sSpan1881" value="ⲛⲉ"/>
		<feat xlink:href="#sSpan1886" value="·"/>
		<feat xlink:href="#sSpan1891" value="ⲏ"/>
		<feat xlink:href="#sSpan1895" value="ϫⲉϩⲉⲛⲁϣ"/>
		<feat xlink:href="#sSpan1903" value="ⲙⲙⲓⲛⲉ"/>
		<feat xlink:href="#sSpan1910" value="ⲛⲉ"/>
		<feat xlink:href="#sSpan1914" value="·"/>
		<feat xlink:href="#sSpan1918" value="ⲙⲛⲛⲉⲩⲕⲉϩⲃⲏⲩⲉ"/>
		<feat xlink:href="#sSpan1930" value="·"/>
		<feat xlink:href="#sSpan1935" value="ⲉⲣⲉⲟⲩⲁ"/>
		<feat xlink:href="#sSpan1945" value="·"/>
		<feat xlink:href="#sSpan1949" value="ⲛⲁϫⲟⲟⲥ"/>
		<feat xlink:href="#sSpan1958" value="ⲛⲁϣⲛϩⲉ"/>
		<feat xlink:href="#sSpan1970" value="·"/>
		<feat xlink:href="#sSpan1974" value="ϫⲉⲛ"/>
		<feat xlink:href="#sSpan1980" value="["/>
		<feat xlink:href="#sSpan1984" value="ⲁⲛⲧ"/>
		<feat xlink:href="#sSpan1990" value="[.]"/>
		<feat xlink:href="#sSpan1994" value="ⲧϣⲟⲟⲡ"/>
		<feat xlink:href="#sSpan2001" value="["/>
		<feat xlink:href="#sSpan2005" value="ⲉⲣⲉ"/>
		<feat xlink:href="#sSpan2012" value="[…]"/>
		<feat xlink:href="#sSpan2016" value="ⲥⲉⲙⲛ"/>
		<feat xlink:href="#sSpan2021" value="["/>
		<feat xlink:href="#sSpan2025" value="ϣ"/>
		<feat xlink:href="#sSpan2032" value="[…]"/>
		<feat xlink:href="#sSpan2036" value="ⲧ"/>
		<feat xlink:href="#sSpan2040" value="·"/>
		<feat xlink:href="#sSpan2044" value="ⲁⲩ"/>
		<feat xlink:href="#sSpan2050" value="["/>
		<feat xlink:href="#sSpan2054" value="ⲣ"/>
		<feat xlink:href="#sSpan2061" value="[…]"/>
		<feat xlink:href="#sSpan2065" value="ⲩⲉⲛⲧ"/>
		<feat xlink:href="#sSpan2070" value="["/>
		<feat xlink:href="#sSpan2074" value="ⲕ"/>
		<feat xlink:href="#sSpan2081" value="[…]"/>
		<feat xlink:href="#sSpan2085" value="ⲛⲧ"/>
		<feat xlink:href="#sSpan2090" value="["/>
		<feat xlink:href="#sSpan2094" value="ⲛ"/>
		<feat xlink:href="#sSpan2099" value="ⲧⲧⲧ"/>
		<feat xlink:href="#sSpan2103" value="ⲉ"/>
		<feat xlink:href="#sSpan2107" value="ⲧⲏⲣⲟⲩ"/>
		<feat xlink:href="#sSpan2113" value=" ·"/>
		<feat xlink:href="#sSpan2118" value="["/>
		<feat xlink:href="#sSpan2122" value="ⲙⲙⲛⲧⲣⲉⲙⲡ"/>
		<feat xlink:href="#sSpan2129" value="["/>
		<feat xlink:href="#sSpan2133" value="ϫⲱ"/>
		<feat xlink:href="#sSpan2138" value="ⲙⲙⲟϥ"/>
		<feat xlink:href="#sSpan2144" value="·"/>
		<feat xlink:href="#sSpan2148" value="ϫⲉ"/></featList></paula>