<?xml version='1.0' encoding='UTF-8'?><!DOCTYPE paula SYSTEM "paula_feat.dtd">
<paula version="1.1">
	<header paula_id="scriptorium.GL09-10.mark_translation"/>
	<featList xmlns:xlink="http://www.w3.org/1999/xlink" type="translation" xml:base="scriptorium.GL09-10.mark.xml">
		<feat xlink:href="#sSpan7" value="…"/>
		<feat xlink:href="#sSpan68" value="…"/>
		<feat xlink:href="#sSpan112" value="…"/>
		<feat xlink:href="#sSpan164" value="…"/>
		<feat xlink:href="#sSpan291" value="…"/>
		<feat xlink:href="#sSpan322" value="…"/>
		<feat xlink:href="#sSpan358" value="…"/>
		<feat xlink:href="#sSpan389" value="…"/>
		<feat xlink:href="#sSpan479" value="…"/>
		<feat xlink:href="#sSpan571" value="…"/>
		<feat xlink:href="#sSpan681" value="…"/>
		<feat xlink:href="#sSpan773" value="…"/>
		<feat xlink:href="#sSpan886" value="…"/>
		<feat xlink:href="#sSpan950" value="…"/>
		<feat xlink:href="#sSpan1033" value="…"/>
		<feat xlink:href="#sSpan1080" value="…"/>
		<feat xlink:href="#sSpan1156" value="…"/>
		<feat xlink:href="#sSpan1236" value="…"/>
		<feat xlink:href="#sSpan1258" value="…"/>
		<feat xlink:href="#sSpan1306" value="…"/>
		<feat xlink:href="#sSpan1355" value="…"/>
		<feat xlink:href="#sSpan1431" value="…"/>
		<feat xlink:href="#sSpan1543" value="…"/>
		<feat xlink:href="#sSpan1642" value="…"/>
		<feat xlink:href="#sSpan1683" value="…"/>
		<feat xlink:href="#sSpan1798" value="…"/>
		<feat xlink:href="#sSpan1870" value="…"/>
		<feat xlink:href="#sSpan1937" value="…"/>
		<feat xlink:href="#sSpan1951" value="…"/>
		<feat xlink:href="#sSpan2046" value="…"/></featList></paula>