<?xml version='1.0' encoding='UTF-8'?><!DOCTYPE paula SYSTEM "paula_feat.dtd">
<paula version="1.1">
	<header paula_id="scriptorium.GL09-10.mark_gap_reason"/>
	<featList xmlns:xlink="http://www.w3.org/1999/xlink" type="gap_reason" xml:base="scriptorium.GL09-10.mark.xml">
		<feat xlink:href="#sSpan416" value="illegible"/>
		<feat xlink:href="#sSpan441" value="illegible"/>
		<feat xlink:href="#sSpan455" value="illegible"/>
		<feat xlink:href="#sSpan774" value="illegible"/>
		<feat xlink:href="#sSpan1998" value="illegible"/>
		<feat xlink:href="#sSpan2009" value="illegible"/>
		<feat xlink:href="#sSpan2018" value="illegible"/>
		<feat xlink:href="#sSpan2029" value="illegible"/>
		<feat xlink:href="#sSpan2047" value="illegible"/>
		<feat xlink:href="#sSpan2058" value="illegible"/>
		<feat xlink:href="#sSpan2067" value="illegible"/>
		<feat xlink:href="#sSpan2078" value="illegible"/>
		<feat xlink:href="#sSpan2087" value="illegible"/>
		<feat xlink:href="#sSpan2126" value="illegible"/></featList></paula>