<?xml version='1.0' encoding='UTF-8'?><!DOCTYPE paula SYSTEM "paula_feat.dtd">
<paula version="1.1">
	<header paula_id="scriptorium.GL09-10.mark_func"/>
	<featList xmlns:xlink="http://www.w3.org/1999/xlink" type="func" xml:base="scriptorium.GL09-10.mark.xml">
		<feat xlink:href="#sSpan2" value="root"/>
		<feat xlink:href="#sSpan11" value="obj"/>
		<feat xlink:href="#sSpan13" value="punct"/>
		<feat xlink:href="#sSpan17" value="case"/>
		<feat xlink:href="#sSpan21" value="det"/>
		<feat xlink:href="#sSpan24" value="obj"/>
		<feat xlink:href="#sSpan26" value="punct"/>
		<feat xlink:href="#sSpan30" value="mark"/>
		<feat xlink:href="#sSpan34" value="nsubj"/>
		<feat xlink:href="#sSpan37" value="aux"/>
		<feat xlink:href="#sSpan40" value="acl:relcl"/>
		<feat xlink:href="#sSpan42" value="case"/>
		<feat xlink:href="#sSpan46" value="det"/>
		<feat xlink:href="#sSpan49" value="obj"/>
		<feat xlink:href="#sSpan51" value="mark"/>
		<feat xlink:href="#sSpan56" value="xcomp"/>
		<feat xlink:href="#sSpan60" value="punct"/>
		<feat xlink:href="#sSpan64" value="cc"/>
		<feat xlink:href="#sSpan70" value="root"/>
		<feat xlink:href="#sSpan76" value="det"/>
		<feat xlink:href="#sSpan81" value="appos"/>
		<feat xlink:href="#sSpan83" value="det"/>
		<feat xlink:href="#sSpan87" value="appos"/>
		<feat xlink:href="#sSpan89" value="punct"/>
		<feat xlink:href="#sSpan94" value="case"/>
		<feat xlink:href="#sSpan99" value="det"/>
		<feat xlink:href="#sSpan102" value="obl"/>
		<feat xlink:href="#sSpan104" value="punct"/>
		<feat xlink:href="#sSpan108" value="cc"/>
		<feat xlink:href="#sSpan114" value="nsubj"/>
		<feat xlink:href="#sSpan119" value="root"/>
		<feat xlink:href="#sSpan121" value="case"/>
		<feat xlink:href="#sSpan126" value="obj"/>
		<feat xlink:href="#sSpan128" value="advmod"/>
		<feat xlink:href="#sSpan132" value="det"/>
		<feat xlink:href="#sSpan134" value="case"/>
		<feat xlink:href="#sSpan138" value="det"/>
		<feat xlink:href="#sSpan142" value="obl"/>
		<feat xlink:href="#sSpan146" value="case"/>
		<feat xlink:href="#sSpan150" value="det"/>
		<feat xlink:href="#sSpan153" value="nmod"/>
		<feat xlink:href="#sSpan156" value="punct"/>
		<feat xlink:href="#sSpan160" value="cc"/>
		<feat xlink:href="#sSpan165" value="case"/>
		<feat xlink:href="#sSpan169" value="det"/>
		<feat xlink:href="#sSpan173" value="obl"/>
		<feat xlink:href="#sSpan176" value="mark"/>
		<feat xlink:href="#sSpan180" value="acl:relcl"/>
		<feat xlink:href="#sSpan182" value="advmod"/>
		<feat xlink:href="#sSpan187" value="nsubj"/>
		<feat xlink:href="#sSpan189" value="root"/>
		<feat xlink:href="#sSpan193" value="advmod"/>
		<feat xlink:href="#sSpan197" value="advmod"/>
		<feat xlink:href="#sSpan201" value="mark"/>
		<feat xlink:href="#sSpan206" value="ccomp"/>
		<feat xlink:href="#sSpan208" value="cop"/>
		<feat xlink:href="#sSpan213" value="mark"/>
		<feat xlink:href="#sSpan215" value="aux"/>
		<feat xlink:href="#sSpan217" value="csubj"/>
		<feat xlink:href="#sSpan220" value="case"/>
		<feat xlink:href="#sSpan224" value="obl"/>
		<feat xlink:href="#sSpan226" value="punct"/>
		<feat xlink:href="#sSpan230" value="case"/>
		<feat xlink:href="#sSpan234" value="det"/>
		<feat xlink:href="#sSpan238" value="obl"/>
		<feat xlink:href="#sSpan240" value="mark"/>
		<feat xlink:href="#sSpan244" value="nsubj"/>
		<feat xlink:href="#sSpan246" value="aux"/>
		<feat xlink:href="#sSpan249" value="advcl"/>
		<feat xlink:href="#sSpan254" value="case"/>
		<feat xlink:href="#sSpan258" value="det"/>
		<feat xlink:href="#sSpan261" value="obl"/>
		<feat xlink:href="#sSpan263" value="case"/>
		<feat xlink:href="#sSpan268" value="det"/>
		<feat xlink:href="#sSpan272" value="obl"/>
		<feat xlink:href="#sSpan274" value="advmod"/>
		<feat xlink:href="#sSpan279" value="det"/>
		<feat xlink:href="#sSpan282" value="punct"/>
		<feat xlink:href="#sSpan287" value="advmod"/>
		<feat xlink:href="#sSpan292" value="aux"/>
		<feat xlink:href="#sSpan296" value="advmod"/>
		<feat xlink:href="#sSpan299" value="det"/>
		<feat xlink:href="#sSpan301" value="nsubj"/>
		<feat xlink:href="#sSpan303" value="punct"/>
		<feat xlink:href="#sSpan308" value="root"/>
		<feat xlink:href="#sSpan314" value="punct"/>
		<feat xlink:href="#sSpan318" value="cc"/>
		<feat xlink:href="#sSpan323" value="aux"/>
		<feat xlink:href="#sSpan327" value="nsubj"/>
		<feat xlink:href="#sSpan330" value="root"/>
		<feat xlink:href="#sSpan333" value="case"/>
		<feat xlink:href="#sSpan337" value="det"/>
		<feat xlink:href="#sSpan340" value="obl"/>
		<feat xlink:href="#sSpan343" value="mark"/>
		<feat xlink:href="#sSpan348" value="acl:relcl"/>
		<feat xlink:href="#sSpan350" value="punct"/>
		<feat xlink:href="#sSpan354" value="mark"/>
		<feat xlink:href="#sSpan359" value="aux"/>
		<feat xlink:href="#sSpan361" value="nsubj"/>
		<feat xlink:href="#sSpan363" value="root"/>
		<feat xlink:href="#sSpan366" value="obj"/>
		<feat xlink:href="#sSpan368" value="mark"/>
		<feat xlink:href="#sSpan372" value="aux"/>
		<feat xlink:href="#sSpan374" value="nsubj"/>
		<feat xlink:href="#sSpan377" value="ccomp"/>
		<feat xlink:href="#sSpan381" value="punct"/>
		<feat xlink:href="#sSpan385" value="cc"/>
		<feat xlink:href="#sSpan390" value="aux"/>
		<feat xlink:href="#sSpan394" value="nsubj"/>
		<feat xlink:href="#sSpan396" value="root"/>
		<feat xlink:href="#sSpan399" value="case"/>
		<feat xlink:href="#sSpan403" value="det"/>
		<feat xlink:href="#sSpan406" value="obl"/>
		<feat xlink:href="#sSpan409" value="mark"/>
		<feat xlink:href="#sSpan413" value="aux"/>
		<feat xlink:href="#sSpan417" value="nsubj"/>
		<feat xlink:href="#sSpan422" value="case"/>
		<feat xlink:href="#sSpan427" value="nmod"/>
		<feat xlink:href="#sSpan432" value="aux"/>
		<feat xlink:href="#sSpan437" value="obj"/>
		<feat xlink:href="#sSpan442" value="parataxis"/>
		<feat xlink:href="#sSpan446" value="det"/>
		<feat xlink:href="#sSpan450" value="nsubj"/>
		<feat xlink:href="#sSpan456" value="advmod"/>
		<feat xlink:href="#sSpan460" value="case"/>
		<feat xlink:href="#sSpan464" value="det"/>
		<feat xlink:href="#sSpan467" value="obl"/>
		<feat xlink:href="#sSpan469" value="punct"/>
		<feat xlink:href="#sSpan474" value="root"/>
		<feat xlink:href="#sSpan481" value="nsubj"/>
		<feat xlink:href="#sSpan484" value="mark"/>
		<feat xlink:href="#sSpan488" value="nsubj"/>
		<feat xlink:href="#sSpan490" value="acl:relcl"/>
		<feat xlink:href="#sSpan494" value="punct"/>
		<feat xlink:href="#sSpan498" value="case"/>
		<feat xlink:href="#sSpan502" value="det"/>
		<feat xlink:href="#sSpan505" value="obl"/>
		<feat xlink:href="#sSpan507" value="mark"/>
		<feat xlink:href="#sSpan512" value="nsubj"/>
		<feat xlink:href="#sSpan514" value="aux"/>
		<feat xlink:href="#sSpan518" value="acl:relcl"/>
		<feat xlink:href="#sSpan520" value="case"/>
		<feat xlink:href="#sSpan524" value="det"/>
		<feat xlink:href="#sSpan527" value="obj"/>
		<feat xlink:href="#sSpan529" value="case"/>
		<feat xlink:href="#sSpan535" value="nmod"/>
		<feat xlink:href="#sSpan538" value="punct"/>
		<feat xlink:href="#sSpan542" value="mark"/>
		<feat xlink:href="#sSpan547" value="aux"/>
		<feat xlink:href="#sSpan550" value="nsubj"/>
		<feat xlink:href="#sSpan552" value="advcl"/>
		<feat xlink:href="#sSpan554" value="obj"/>
		<feat xlink:href="#sSpan556" value="case"/>
		<feat xlink:href="#sSpan560" value="obl"/>
		<feat xlink:href="#sSpan562" value="punct"/>
		<feat xlink:href="#sSpan566" value="mark"/>
		<feat xlink:href="#sSpan572" value="aux"/>
		<feat xlink:href="#sSpan574" value="nsubj"/>
		<feat xlink:href="#sSpan576" value="root"/>
		<feat xlink:href="#sSpan578" value="obj"/>
		<feat xlink:href="#sSpan580" value="punct"/>
		<feat xlink:href="#sSpan584" value="advmod"/>
		<feat xlink:href="#sSpan589" value="case"/>
		<feat xlink:href="#sSpan594" value="det"/>
		<feat xlink:href="#sSpan596" value="obl"/>
		<feat xlink:href="#sSpan598" value="punct"/>
		<feat xlink:href="#sSpan602" value="case"/>
		<feat xlink:href="#sSpan606" value="nmod"/>
		<feat xlink:href="#sSpan609" value="case"/>
		<feat xlink:href="#sSpan614" value="nmod"/>
		<feat xlink:href="#sSpan616" value="case"/>
		<feat xlink:href="#sSpan620" value="nmod"/>
		<feat xlink:href="#sSpan623" value="mark"/>
		<feat xlink:href="#sSpan625" value="aux"/>
		<feat xlink:href="#sSpan627" value="nsubj"/>
		<feat xlink:href="#sSpan629" value="acl:relcl"/>
		<feat xlink:href="#sSpan632" value="obj"/>
		<feat xlink:href="#sSpan634" value="case"/>
		<feat xlink:href="#sSpan638" value="obl"/>
		<feat xlink:href="#sSpan640" value="punct"/>
		<feat xlink:href="#sSpan644" value="case"/>
		<feat xlink:href="#sSpan648" value="det"/>
		<feat xlink:href="#sSpan652" value="obl"/>
		<feat xlink:href="#sSpan654" value="punct"/>
		<feat xlink:href="#sSpan658" value="mark"/>
		<feat xlink:href="#sSpan662" value="nsubj"/>
		<feat xlink:href="#sSpan664" value="aux"/>
		<feat xlink:href="#sSpan666" value="acl:relcl"/>
		<feat xlink:href="#sSpan669" value="obj"/>
		<feat xlink:href="#sSpan671" value="punct"/>
		<feat xlink:href="#sSpan676" value="cc"/>
		<feat xlink:href="#sSpan683" value="root"/>
		<feat xlink:href="#sSpan687" value="nsubj"/>
		<feat xlink:href="#sSpan690" value="mark"/>
		<feat xlink:href="#sSpan694" value="nsubj"/>
		<feat xlink:href="#sSpan696" value="acl:relcl"/>
		<feat xlink:href="#sSpan699" value="punct"/>
		<feat xlink:href="#sSpan703" value="case"/>
		<feat xlink:href="#sSpan707" value="det"/>
		<feat xlink:href="#sSpan710" value="obl"/>
		<feat xlink:href="#sSpan712" value="punct"/>
		<feat xlink:href="#sSpan716" value="mark"/>
		<feat xlink:href="#sSpan721" value="nsubj"/>
		<feat xlink:href="#sSpan723" value="acl:relcl"/>
		<feat xlink:href="#sSpan725" value="advmod"/>
		<feat xlink:href="#sSpan729" value="mark"/>
		<feat xlink:href="#sSpan734" value="xcomp"/>
		<feat xlink:href="#sSpan736" value="punct"/>
		<feat xlink:href="#sSpan740" value="case"/>
		<feat xlink:href="#sSpan744" value="obj"/>
		<feat xlink:href="#sSpan747" value="mark"/>
		<feat xlink:href="#sSpan749" value="aux"/>
		<feat xlink:href="#sSpan751" value="nsubj"/>
		<feat xlink:href="#sSpan753" value="acl:relcl"/>
		<feat xlink:href="#sSpan757" value="obj"/>
		<feat xlink:href="#sSpan759" value="case"/>
		<feat xlink:href="#sSpan763" value="obl"/>
		<feat xlink:href="#sSpan765" value="punct"/>
		<feat xlink:href="#sSpan769" value="nsubj"/>
		<feat xlink:href="#sSpan775" value="root"/>
		<feat xlink:href="#sSpan780" value="punct"/>
		<feat xlink:href="#sSpan784" value="mark"/>
		<feat xlink:href="#sSpan788" value="aux"/>
		<feat xlink:href="#sSpan790" value="nsubj"/>
		<feat xlink:href="#sSpan792" value="ccomp"/>
		<feat xlink:href="#sSpan795" value="punct"/>
		<feat xlink:href="#sSpan799" value="cc"/>
		<feat xlink:href="#sSpan803" value="aux"/>
		<feat xlink:href="#sSpan807" value="nsubj"/>
		<feat xlink:href="#sSpan810" value="conj"/>
		<feat xlink:href="#sSpan814" value="punct"/>
		<feat xlink:href="#sSpan818" value="aux"/>
		<feat xlink:href="#sSpan822" value="nsubj"/>
		<feat xlink:href="#sSpan825" value="advcl"/>
		<feat xlink:href="#sSpan829" value="advmod"/>
		<feat xlink:href="#sSpan833" value="advmod"/>
		<feat xlink:href="#sSpan838" value="mark"/>
		<feat xlink:href="#sSpan842" value="aux"/>
		<feat xlink:href="#sSpan844" value="nsubj"/>
		<feat xlink:href="#sSpan846" value="ccomp"/>
		<feat xlink:href="#sSpan848" value="case"/>
		<feat xlink:href="#sSpan853" value="obl"/>
		<feat xlink:href="#sSpan856" value="mark"/>
		<feat xlink:href="#sSpan858" value="aux"/>
		<feat xlink:href="#sSpan860" value="nsubj"/>
		<feat xlink:href="#sSpan862" value="acl:relcl"/>
		<feat xlink:href="#sSpan864" value="obj"/>
		<feat xlink:href="#sSpan866" value="punct"/>
		<feat xlink:href="#sSpan870" value="case"/>
		<feat xlink:href="#sSpan875" value="obl"/>
		<feat xlink:href="#sSpan877" value="punct"/>
		<feat xlink:href="#sSpan882" value="cc"/>
		<feat xlink:href="#sSpan887" value="aux"/>
		<feat xlink:href="#sSpan892" value="nsubj"/>
		<feat xlink:href="#sSpan894" value="root"/>
		<feat xlink:href="#sSpan896" value="case"/>
		<feat xlink:href="#sSpan900" value="obj"/>
		<feat xlink:href="#sSpan902" value="case"/>
		<feat xlink:href="#sSpan907" value="det"/>
		<feat xlink:href="#sSpan910" value="obl"/>
		<feat xlink:href="#sSpan912" value="punct"/>
		<feat xlink:href="#sSpan916" value="case"/>
		<feat xlink:href="#sSpan920" value="nmod"/>
		<feat xlink:href="#sSpan923" value="mark"/>
		<feat xlink:href="#sSpan928" value="nsubj"/>
		<feat xlink:href="#sSpan930" value="advcl"/>
		<feat xlink:href="#sSpan932" value="case"/>
		<feat xlink:href="#sSpan936" value="det"/>
		<feat xlink:href="#sSpan939" value="obj"/>
		<feat xlink:href="#sSpan942" value="punct"/>
		<feat xlink:href="#sSpan946" value="cc"/>
		<feat xlink:href="#sSpan951" value="mark"/>
		<feat xlink:href="#sSpan955" value="nsubj"/>
		<feat xlink:href="#sSpan958" value="root"/>
		<feat xlink:href="#sSpan962" value="punct"/>
		<feat xlink:href="#sSpan966" value="mark"/>
		<feat xlink:href="#sSpan970" value="nsubj"/>
		<feat xlink:href="#sSpan972" value="advcl"/>
		<feat xlink:href="#sSpan975" value="advmod"/>
		<feat xlink:href="#sSpan979" value="advmod"/>
		<feat xlink:href="#sSpan983" value="case"/>
		<feat xlink:href="#sSpan988" value="obl"/>
		<feat xlink:href="#sSpan991" value="mark"/>
		<feat xlink:href="#sSpan995" value="advmod"/>
		<feat xlink:href="#sSpan997" value="nsubj"/>
		<feat xlink:href="#sSpan999" value="parataxis"/>
		<feat xlink:href="#sSpan1002" value="advmod"/>
		<feat xlink:href="#sSpan1006" value="punct"/>
		<feat xlink:href="#sSpan1010" value="mark"/>
		<feat xlink:href="#sSpan1015" value="nsubj"/>
		<feat xlink:href="#sSpan1020" value="xcomp"/>
		<feat xlink:href="#sSpan1025" value="punct"/>
		<feat xlink:href="#sSpan1029" value="obl:npmod"/>
		<feat xlink:href="#sSpan1035" value="case"/>
		<feat xlink:href="#sSpan1039" value="root"/>
		<feat xlink:href="#sSpan1042" value="punct"/>
		<feat xlink:href="#sSpan1046" value="case"/>
		<feat xlink:href="#sSpan1050" value="nmod"/>
		<feat xlink:href="#sSpan1054" value="mark"/>
		<feat xlink:href="#sSpan1056" value="nsubj"/>
		<feat xlink:href="#sSpan1058" value="acl:relcl"/>
		<feat xlink:href="#sSpan1060" value="punct"/>
		<feat xlink:href="#sSpan1064" value="case"/>
		<feat xlink:href="#sSpan1069" value="obl"/>
		<feat xlink:href="#sSpan1071" value="punct"/>
		<feat xlink:href="#sSpan1076" value="discourse"/>
		<feat xlink:href="#sSpan1081" value="det"/>
		<feat xlink:href="#sSpan1086" value="vocative"/>
		<feat xlink:href="#sSpan1089" value="mark"/>
		<feat xlink:href="#sSpan1096" value="acl:relcl"/>
		<feat xlink:href="#sSpan1098" value="advmod"/>
		<feat xlink:href="#sSpan1102" value="obl:npmod"/>
		<feat xlink:href="#sSpan1107" value="det"/>
		<feat xlink:href="#sSpan1109" value="case"/>
		<feat xlink:href="#sSpan1113" value="det"/>
		<feat xlink:href="#sSpan1116" value="obl"/>
		<feat xlink:href="#sSpan1118" value="punct"/>
		<feat xlink:href="#sSpan1122" value="case"/>
		<feat xlink:href="#sSpan1128" value="nmod"/>
		<feat xlink:href="#sSpan1132" value="punct"/>
		<feat xlink:href="#sSpan1136" value="mark"/>
		<feat xlink:href="#sSpan1140" value="case"/>
		<feat xlink:href="#sSpan1142" value="det"/>
		<feat xlink:href="#sSpan1145" value="acl:relcl"/>
		<feat xlink:href="#sSpan1148" value="punct"/>
		<feat xlink:href="#sSpan1152" value="cc"/>
		<feat xlink:href="#sSpan1157" value="dislocated"/>
		<feat xlink:href="#sSpan1161" value="advmod"/>
		<feat xlink:href="#sSpan1166" value="det"/>
		<feat xlink:href="#sSpan1168" value="punct"/>
		<feat xlink:href="#sSpan1172" value="aux"/>
		<feat xlink:href="#sSpan1176" value="nsubj"/>
		<feat xlink:href="#sSpan1179" value="root"/>
		<feat xlink:href="#sSpan1181" value="mark"/>
		<feat xlink:href="#sSpan1186" value="mark"/>
		<feat xlink:href="#sSpan1188" value="nsubj"/>
		<feat xlink:href="#sSpan1191" value="mark"/>
		<feat xlink:href="#sSpan1195" value="acl:relcl"/>
		<feat xlink:href="#sSpan1199" value="advmod"/>
		<feat xlink:href="#sSpan1203" value="case"/>
		<feat xlink:href="#sSpan1207" value="obl"/>
		<feat xlink:href="#sSpan1210" value="mark"/>
		<feat xlink:href="#sSpan1212" value="acl:relcl"/>
		<feat xlink:href="#sSpan1215" value="punct"/>
		<feat xlink:href="#sSpan1219" value="case"/>
		<feat xlink:href="#sSpan1223" value="ccomp"/>
		<feat xlink:href="#sSpan1226" value="obj"/>
		<feat xlink:href="#sSpan1228" value="punct"/>
		<feat xlink:href="#sSpan1232" value="root"/>
		<feat xlink:href="#sSpan1237" value="case"/>
		<feat xlink:href="#sSpan1242" value="obj"/>
		<feat xlink:href="#sSpan1244" value="mark"/>
		<feat xlink:href="#sSpan1248" value="ccomp"/>
		<feat xlink:href="#sSpan1250" value="punct"/>
		<feat xlink:href="#sSpan1254" value="mark"/>
		<feat xlink:href="#sSpan1259" value="nsubj"/>
		<feat xlink:href="#sSpan1265" value="root"/>
		<feat xlink:href="#sSpan1268" value="advmod"/>
		<feat xlink:href="#sSpan1272" value="det"/>
		<feat xlink:href="#sSpan1274" value="mark"/>
		<feat xlink:href="#sSpan1279" value="xcomp"/>
		<feat xlink:href="#sSpan1281" value="det"/>
		<feat xlink:href="#sSpan1287" value="obj"/>
		<feat xlink:href="#sSpan1289" value="case"/>
		<feat xlink:href="#sSpan1294" value="det"/>
		<feat xlink:href="#sSpan1298" value="nmod"/>
		<feat xlink:href="#sSpan1301" value="aux"/>
		<feat xlink:href="#sSpan1308" value="aux"/>
		<feat xlink:href="#sSpan1310" value="nsubj"/>
		<feat xlink:href="#sSpan1312" value="root"/>
		<feat xlink:href="#sSpan1314" value="obj"/>
		<feat xlink:href="#sSpan1317" value="det"/>
		<feat xlink:href="#sSpan1322" value="advmod"/>
		<feat xlink:href="#sSpan1326" value="punct"/>
		<feat xlink:href="#sSpan1330" value="case"/>
		<feat xlink:href="#sSpan1334" value="det"/>
		<feat xlink:href="#sSpan1337" value="obl"/>
		<feat xlink:href="#sSpan1339" value="case"/>
		<feat xlink:href="#sSpan1344" value="nmod"/>
		<feat xlink:href="#sSpan1347" value="punct"/>
		<feat xlink:href="#sSpan1351" value="mark"/>
		<feat xlink:href="#sSpan1356" value="nsubj"/>
		<feat xlink:href="#sSpan1358" value="root"/>
		<feat xlink:href="#sSpan1361" value="cc"/>
		<feat xlink:href="#sSpan1366" value="det"/>
		<feat xlink:href="#sSpan1371" value="conj"/>
		<feat xlink:href="#sSpan1373" value="cop"/>
		<feat xlink:href="#sSpan1377" value="advmod"/>
		<feat xlink:href="#sSpan1382" value="cop"/>
		<feat xlink:href="#sSpan1386" value="det"/>
		<feat xlink:href="#sSpan1391" value="nsubj"/>
		<feat xlink:href="#sSpan1393" value="case"/>
		<feat xlink:href="#sSpan1398" value="nmod"/>
		<feat xlink:href="#sSpan1401" value="punct"/>
		<feat xlink:href="#sSpan1405" value="case"/>
		<feat xlink:href="#sSpan1409" value="nmod"/>
		<feat xlink:href="#sSpan1412" value="mark"/>
		<feat xlink:href="#sSpan1414" value="aux"/>
		<feat xlink:href="#sSpan1416" value="nsubj"/>
		<feat xlink:href="#sSpan1418" value="acl:relcl"/>
		<feat xlink:href="#sSpan1421" value="obj"/>
		<feat xlink:href="#sSpan1423" value="punct"/>
		<feat xlink:href="#sSpan1427" value="cc"/>
		<feat xlink:href="#sSpan1432" value="aux"/>
		<feat xlink:href="#sSpan1436" value="nsubj"/>
		<feat xlink:href="#sSpan1438" value="root"/>
		<feat xlink:href="#sSpan1442" value="advmod"/>
		<feat xlink:href="#sSpan1446" value="punct"/>
		<feat xlink:href="#sSpan1450" value="case"/>
		<feat xlink:href="#sSpan1455" value="obl"/>
		<feat xlink:href="#sSpan1459" value="mark"/>
		<feat xlink:href="#sSpan1463" value="aux"/>
		<feat xlink:href="#sSpan1465" value="nsubj"/>
		<feat xlink:href="#sSpan1467" value="ccomp"/>
		<feat xlink:href="#sSpan1470" value="obj"/>
		<feat xlink:href="#sSpan1472" value="case"/>
		<feat xlink:href="#sSpan1476" value="obl"/>
		<feat xlink:href="#sSpan1478" value="case"/>
		<feat xlink:href="#sSpan1482" value="obl"/>
		<feat xlink:href="#sSpan1485" value="mark"/>
		<feat xlink:href="#sSpan1488" value="aux"/>
		<feat xlink:href="#sSpan1490" value="nsubj"/>
		<feat xlink:href="#sSpan1492" value="acl:relcl"/>
		<feat xlink:href="#sSpan1494" value="obj"/>
		<feat xlink:href="#sSpan1496" value="case"/>
		<feat xlink:href="#sSpan1500" value="obl"/>
		<feat xlink:href="#sSpan1502" value="advmod"/>
		<feat xlink:href="#sSpan1507" value="nsubj"/>
		<feat xlink:href="#sSpan1509" value="advcl"/>
		<feat xlink:href="#sSpan1511" value="punct"/>
		<feat xlink:href="#sSpan1515" value="advmod"/>
		<feat xlink:href="#sSpan1519" value="punct"/>
		<feat xlink:href="#sSpan1523" value="case"/>
		<feat xlink:href="#sSpan1527" value="obl"/>
		<feat xlink:href="#sSpan1531" value="punct"/>
		<feat xlink:href="#sSpan1536" value="det"/>
		<feat xlink:href="#sSpan1545" value="nsubj"/>
		<feat xlink:href="#sSpan1547" value="aux"/>
		<feat xlink:href="#sSpan1549" value="root"/>
		<feat xlink:href="#sSpan1551" value="cc"/>
		<feat xlink:href="#sSpan1556" value="aux"/>
		<feat xlink:href="#sSpan1560" value="nsubj"/>
		<feat xlink:href="#sSpan1563" value="conj"/>
		<feat xlink:href="#sSpan1566" value="mark"/>
		<feat xlink:href="#sSpan1570" value="ccomp"/>
		<feat xlink:href="#sSpan1572" value="cop"/>
		<feat xlink:href="#sSpan1577" value="mark"/>
		<feat xlink:href="#sSpan1579" value="acl:relcl"/>
		<feat xlink:href="#sSpan1582" value="mark"/>
		<feat xlink:href="#sSpan1586" value="xcomp"/>
		<feat xlink:href="#sSpan1588" value="case"/>
		<feat xlink:href="#sSpan1592" value="det"/>
		<feat xlink:href="#sSpan1595" value="obl"/>
		<feat xlink:href="#sSpan1600" value="punct"/>
		<feat xlink:href="#sSpan1604" value="case"/>
		<feat xlink:href="#sSpan1608" value="obl"/>
		<feat xlink:href="#sSpan1610" value="punct"/>
		<feat xlink:href="#sSpan1614" value="case"/>
		<feat xlink:href="#sSpan1618" value="det"/>
		<feat xlink:href="#sSpan1621" value="nmod"/>
		<feat xlink:href="#sSpan1623" value="mark"/>
		<feat xlink:href="#sSpan1628" value="nsubj"/>
		<feat xlink:href="#sSpan1630" value="aux"/>
		<feat xlink:href="#sSpan1632" value="advcl"/>
		<feat xlink:href="#sSpan1634" value="punct"/>
		<feat xlink:href="#sSpan1638" value="cc"/>
		<feat xlink:href="#sSpan1643" value="advcl"/>
		<feat xlink:href="#sSpan1648" value="nsubj"/>
		<feat xlink:href="#sSpan1651" value="mark"/>
		<feat xlink:href="#sSpan1655" value="nsubj"/>
		<feat xlink:href="#sSpan1657" value="acl:relcl"/>
		<feat xlink:href="#sSpan1660" value="case"/>
		<feat xlink:href="#sSpan1664" value="obj"/>
		<feat xlink:href="#sSpan1666" value="aux"/>
		<feat xlink:href="#sSpan1671" value="nsubj"/>
		<feat xlink:href="#sSpan1673" value="root"/>
		<feat xlink:href="#sSpan1675" value="punct"/>
		<feat xlink:href="#sSpan1679" value="mark"/>
		<feat xlink:href="#sSpan1684" value="aux"/>
		<feat xlink:href="#sSpan1686" value="nsubj"/>
		<feat xlink:href="#sSpan1688" value="aux"/>
		<feat xlink:href="#sSpan1690" value="root"/>
		<feat xlink:href="#sSpan1693" value="case"/>
		<feat xlink:href="#sSpan1697" value="obl"/>
		<feat xlink:href="#sSpan1700" value="mark"/>
		<feat xlink:href="#sSpan1702" value="aux"/>
		<feat xlink:href="#sSpan1704" value="nsubj"/>
		<feat xlink:href="#sSpan1706" value="acl:relcl"/>
		<feat xlink:href="#sSpan1710" value="obj"/>
		<feat xlink:href="#sSpan1712" value="case"/>
		<feat xlink:href="#sSpan1716" value="obl"/>
		<feat xlink:href="#sSpan1718" value="cc"/>
		<feat xlink:href="#sSpan1723" value="nsubj"/>
		<feat xlink:href="#sSpan1727" value="aux"/>
		<feat xlink:href="#sSpan1729" value="conj"/>
		<feat xlink:href="#sSpan1731" value="case"/>
		<feat xlink:href="#sSpan1737" value="advmod"/>
		<feat xlink:href="#sSpan1739" value="obl"/>
		<feat xlink:href="#sSpan1742" value="mark"/>
		<feat xlink:href="#sSpan1744" value="acl:relcl"/>
		<feat xlink:href="#sSpan1746" value="case"/>
		<feat xlink:href="#sSpan1750" value="det"/>
		<feat xlink:href="#sSpan1755" value="obj"/>
		<feat xlink:href="#sSpan1758" value="case"/>
		<feat xlink:href="#sSpan1764" value="fixed"/>
		<feat xlink:href="#sSpan1768" value="det"/>
		<feat xlink:href="#sSpan1771" value="nmod"/>
		<feat xlink:href="#sSpan1775" value="advcl"/>
		<feat xlink:href="#sSpan1779" value="punct"/>
		<feat xlink:href="#sSpan1783" value="case"/>
		<feat xlink:href="#sSpan1788" value="obl"/>
		<feat xlink:href="#sSpan1790" value="punct"/>
		<feat xlink:href="#sSpan1794" value="cc"/>
		<feat xlink:href="#sSpan1799" value="root"/>
		<feat xlink:href="#sSpan1804" value="mark"/>
		<feat xlink:href="#sSpan1807" value="nsubj"/>
		<feat xlink:href="#sSpan1809" value="acl:relcl"/>
		<feat xlink:href="#sSpan1811" value="case"/>
		<feat xlink:href="#sSpan1815" value="det"/>
		<feat xlink:href="#sSpan1818" value="obj"/>
		<feat xlink:href="#sSpan1820" value="punct"/>
		<feat xlink:href="#sSpan1824" value="case"/>
		<feat xlink:href="#sSpan1830" value="fixed"/>
		<feat xlink:href="#sSpan1835" value="obl"/>
		<feat xlink:href="#sSpan1837" value="punct"/>
		<feat xlink:href="#sSpan1841" value="aux"/>
		<feat xlink:href="#sSpan1845" value="nsubj"/>
		<feat xlink:href="#sSpan1847" value="advmod"/>
		<feat xlink:href="#sSpan1851" value="advcl"/>
		<feat xlink:href="#sSpan1854" value="case"/>
		<feat xlink:href="#sSpan1859" value="obj"/>
		<feat xlink:href="#sSpan1861" value="punct"/>
		<feat xlink:href="#sSpan1866" value="cc"/>
		<feat xlink:href="#sSpan1871" value="mark"/>
		<feat xlink:href="#sSpan1875" value="det"/>
		<feat xlink:href="#sSpan1877" value="root"/>
		<feat xlink:href="#sSpan1879" value="cop"/>
		<feat xlink:href="#sSpan1884" value="punct"/>
		<feat xlink:href="#sSpan1889" value="cc"/>
		<feat xlink:href="#sSpan1893" value="mark"/>
		<feat xlink:href="#sSpan1897" value="det"/>
		<feat xlink:href="#sSpan1899" value="conj"/>
		<feat xlink:href="#sSpan1901" value="case"/>
		<feat xlink:href="#sSpan1906" value="nmod"/>
		<feat xlink:href="#sSpan1908" value="cop"/>
		<feat xlink:href="#sSpan1912" value="punct"/>
		<feat xlink:href="#sSpan1916" value="cc"/>
		<feat xlink:href="#sSpan1920" value="det"/>
		<feat xlink:href="#sSpan1924" value="det"/>
		<feat xlink:href="#sSpan1926" value="nmod"/>
		<feat xlink:href="#sSpan1928" value="punct"/>
		<feat xlink:href="#sSpan1933" value="mark"/>
		<feat xlink:href="#sSpan1940" value="root"/>
		<feat xlink:href="#sSpan1943" value="punct"/>
		<feat xlink:href="#sSpan1947" value="aux"/>
		<feat xlink:href="#sSpan1952" value="root"/>
		<feat xlink:href="#sSpan1954" value="obj"/>
		<feat xlink:href="#sSpan1956" value="det"/>
		<feat xlink:href="#sSpan1962" value="obl"/>
		<feat xlink:href="#sSpan1964" value="det"/>
		<feat xlink:href="#sSpan1966" value="nmod"/>
		<feat xlink:href="#sSpan1968" value="punct"/>
		<feat xlink:href="#sSpan1972" value="mark"/>
		<feat xlink:href="#sSpan1976" value="det"/>
		<feat xlink:href="#sSpan1978" value="nsubj"/>
		<feat xlink:href="#sSpan1982" value="dislocated"/>
		<feat xlink:href="#sSpan1988" value="advmod"/>
		<feat xlink:href="#sSpan1992" value="det"/>
		<feat xlink:href="#sSpan1996" value="conj"/>
		<feat xlink:href="#sSpan1999" value="advmod"/>
		<feat xlink:href="#sSpan2003" value="mark"/>
		<feat xlink:href="#sSpan2010" value="nsubj"/>
		<feat xlink:href="#sSpan2014" value="nsubj"/>
		<feat xlink:href="#sSpan2019" value="nsubj"/>
		<feat xlink:href="#sSpan2023" value="aux"/>
		<feat xlink:href="#sSpan2030" value="ccomp"/>
		<feat xlink:href="#sSpan2034" value="obj"/>
		<feat xlink:href="#sSpan2038" value="punct"/>
		<feat xlink:href="#sSpan2042" value="advmod"/>
		<feat xlink:href="#sSpan2048" value="nsubj"/>
		<feat xlink:href="#sSpan2052" value="root"/>
		<feat xlink:href="#sSpan2059" value="det"/>
		<feat xlink:href="#sSpan2063" value="obj"/>
		<feat xlink:href="#sSpan2068" value="case"/>
		<feat xlink:href="#sSpan2072" value="nsubj"/>
		<feat xlink:href="#sSpan2079" value="parataxis"/>
		<feat xlink:href="#sSpan2083" value="mark"/>
		<feat xlink:href="#sSpan2088" value="aux"/>
		<feat xlink:href="#sSpan2092" value="nsubj"/>
		<feat xlink:href="#sSpan2097" value="acl:relcl"/>
		<feat xlink:href="#sSpan2101" value="case"/>
		<feat xlink:href="#sSpan2105" value="advmod"/>
		<feat xlink:href="#sSpan2109" value="det"/>
		<feat xlink:href="#sSpan2111" value="punct"/>
		<feat xlink:href="#sSpan2116" value="advmod"/>
		<feat xlink:href="#sSpan2120" value="advmod"/>
		<feat xlink:href="#sSpan2127" value="nsubj"/>
		<feat xlink:href="#sSpan2131" value="advcl"/>
		<feat xlink:href="#sSpan2136" value="case"/>
		<feat xlink:href="#sSpan2140" value="obj"/>
		<feat xlink:href="#sSpan2142" value="punct"/>
		<feat xlink:href="#sSpan2146" value="mark"/></featList></paula>