<?xml version='1.0' encoding='UTF-8'?><!DOCTYPE paula SYSTEM "paula_feat.dtd">
<paula version="1.1">
	<header paula_id="scriptorium.GL09-10.mark_lemma"/>
	<featList xmlns:xlink="http://www.w3.org/1999/xlink" type="lemma" xml:base="scriptorium.GL09-10.mark.xml">
		<feat xlink:href="#sSpan2" value="ⲣ"/>
		<feat xlink:href="#sSpan11" value="ⲛ"/>
		<feat xlink:href="#sSpan13" value="·"/>
		<feat xlink:href="#sSpan17" value="ⲛ"/>
		<feat xlink:href="#sSpan21" value="ⲡ"/>
		<feat xlink:href="#sSpan24" value="ⲛⲁⲩ"/>
		<feat xlink:href="#sSpan26" value="·"/>
		<feat xlink:href="#sSpan30" value="ⲉⲧⲉⲣⲉ"/>
		<feat xlink:href="#sSpan34" value="ⲁⲛⲟⲛ"/>
		<feat xlink:href="#sSpan37" value="ⲛⲁ"/>
		<feat xlink:href="#sSpan40" value="ϫⲓ"/>
		<feat xlink:href="#sSpan42" value="ⲛ"/>
		<feat xlink:href="#sSpan46" value="ⲡ"/>
		<feat xlink:href="#sSpan49" value="ⲣⲁⲛ"/>
		<feat xlink:href="#sSpan51" value="ϫⲉ"/>
		<feat xlink:href="#sSpan56" value="ⲁⲣⲭⲏ"/>
		<feat xlink:href="#sSpan60" value="·"/>
		<feat xlink:href="#sSpan64" value="ⲁⲩⲱ"/>
		<feat xlink:href="#sSpan70" value="ⲉⲝⲟⲩⲥⲓⲁ"/>
		<feat xlink:href="#sSpan76" value="ⲡ"/>
		<feat xlink:href="#sSpan81" value="ⲟⲩⲁ"/>
		<feat xlink:href="#sSpan83" value="ⲡ"/>
		<feat xlink:href="#sSpan87" value="ⲟⲩⲁ"/>
		<feat xlink:href="#sSpan89" value="·"/>
		<feat xlink:href="#sSpan94" value="ⲕⲁⲧⲁ"/>
		<feat xlink:href="#sSpan99" value="ⲡⲉϥ"/>
		<feat xlink:href="#sSpan102" value="ⲙⲓⲛⲉ"/>
		<feat xlink:href="#sSpan104" value="·"/>
		<feat xlink:href="#sSpan108" value="ⲁⲩⲱ"/>
		<feat xlink:href="#sSpan114" value="ⲁⲛⲟⲛ"/>
		<feat xlink:href="#sSpan119" value="ϣⲟⲩϣⲟⲩ"/>
		<feat xlink:href="#sSpan121" value="ⲛ"/>
		<feat xlink:href="#sSpan126" value="ⲁⲛⲟⲛ"/>
		<feat xlink:href="#sSpan128" value="ⲧⲏⲣ"/>
		<feat xlink:href="#sSpan132" value="ⲁⲛⲟⲛ"/>
		<feat xlink:href="#sSpan134" value="ϩⲛ"/>
		<feat xlink:href="#sSpan138" value="ⲡ"/>
		<feat xlink:href="#sSpan142" value="ⲙⲛⲧⲛⲟϭ"/>
		<feat xlink:href="#sSpan146" value="ⲛ"/>
		<feat xlink:href="#sSpan150" value="ⲡ"/>
		<feat xlink:href="#sSpan153" value="ⲛⲟⲩⲧⲉ"/>
		<feat xlink:href="#sSpan156" value="·"/>
		<feat xlink:href="#sSpan160" value="ⲁⲩⲱ"/>
		<feat xlink:href="#sSpan165" value="ϩⲛ"/>
		<feat xlink:href="#sSpan169" value="ⲡⲉϥ"/>
		<feat xlink:href="#sSpan173" value="ⲧⲟⲡⲟⲥ"/>
		<feat xlink:href="#sSpan176" value="ⲉⲧⲉⲣⲉ"/>
		<feat xlink:href="#sSpan180" value="ⲟⲩⲟⲡ"/>
		<feat xlink:href="#sSpan182" value="ⲛ"/>
		<feat xlink:href="#sSpan187" value="ⲁⲛⲟⲛ"/>
		<feat xlink:href="#sSpan189" value="ⲥⲟⲟⲩⲛ"/>
		<feat xlink:href="#sSpan193" value="ⲇⲉ"/>
		<feat xlink:href="#sSpan197" value="ⲁⲛ"/>
		<feat xlink:href="#sSpan201" value="ϫⲉ"/>
		<feat xlink:href="#sSpan206" value="ⲟⲩ"/>
		<feat xlink:href="#sSpan208" value="ⲡ"/>
		<feat xlink:href="#sSpan213" value="ⲉⲧⲉⲣⲉ"/>
		<feat xlink:href="#sSpan215" value="ⲛⲁ"/>
		<feat xlink:href="#sSpan217" value="ⲧⲱⲙⲛⲧ"/>
		<feat xlink:href="#sSpan220" value="ⲉ"/>
		<feat xlink:href="#sSpan224" value="ⲁⲛⲟⲛ"/>
		<feat xlink:href="#sSpan226" value="·"/>
		<feat xlink:href="#sSpan230" value="ⲛ"/>
		<feat xlink:href="#sSpan234" value="ⲡ"/>
		<feat xlink:href="#sSpan238" value="ⲛⲁⲩ"/>
		<feat xlink:href="#sSpan240" value="ⲉⲣⲉ"/>
		<feat xlink:href="#sSpan244" value="ⲁⲛⲟⲛ"/>
		<feat xlink:href="#sSpan246" value="ⲛⲁ"/>
		<feat xlink:href="#sSpan249" value="ϯⲗⲟⲅⲟⲥ"/>
		<feat xlink:href="#sSpan254" value="ⲛ"/>
		<feat xlink:href="#sSpan258" value="ⲡ"/>
		<feat xlink:href="#sSpan261" value="ⲛⲟⲩⲧⲉ"/>
		<feat xlink:href="#sSpan263" value="ϩⲁ"/>
		<feat xlink:href="#sSpan268" value="ⲡⲉⲛ"/>
		<feat xlink:href="#sSpan272" value="ϩⲱⲃ"/>
		<feat xlink:href="#sSpan274" value="ⲧⲏⲣ"/>
		<feat xlink:href="#sSpan279" value="ⲛⲧⲟⲟⲩ"/>
		<feat xlink:href="#sSpan282" value="·"/>
		<feat xlink:href="#sSpan287" value="ϩⲁⲙⲟⲓ"/>
		<feat xlink:href="#sSpan292" value="ⲛⲧⲉ"/>
		<feat xlink:href="#sSpan296" value="ⲧⲙ"/>
		<feat xlink:href="#sSpan299" value="ⲡⲉⲛ"/>
		<feat xlink:href="#sSpan301" value="ϩⲟⲩⲟ"/>
		<feat xlink:href="#sSpan303" value="·"/>
		<feat xlink:href="#sSpan308" value="ϫⲓϣⲓⲡⲉ"/>
		<feat xlink:href="#sSpan314" value="·"/>
		<feat xlink:href="#sSpan318" value="ⲁⲩⲱ"/>
		<feat xlink:href="#sSpan323" value="ⲛⲧⲉ"/>
		<feat xlink:href="#sSpan327" value="ⲁⲛⲟⲛ"/>
		<feat xlink:href="#sSpan330" value="ⲗⲩⲡⲉⲓ"/>
		<feat xlink:href="#sSpan333" value="ϩⲛ"/>
		<feat xlink:href="#sSpan337" value="ⲡ"/>
		<feat xlink:href="#sSpan340" value="ⲉϩⲟⲟⲩ"/>
		<feat xlink:href="#sSpan343" value="ⲉⲧⲉⲣⲉ"/>
		<feat xlink:href="#sSpan348" value="ⲙⲙⲁⲩ"/>
		<feat xlink:href="#sSpan350" value="·"/>
		<feat xlink:href="#sSpan354" value="ϫⲉ"/>
		<feat xlink:href="#sSpan359" value="ⲛⲛⲉ"/>
		<feat xlink:href="#sSpan361" value="ⲁⲛⲟⲕ"/>
		<feat xlink:href="#sSpan363" value="ϫⲱ"/>
		<feat xlink:href="#sSpan366" value="ⲛⲧⲟⲥ"/>
		<feat xlink:href="#sSpan368" value="ϫⲉ"/>
		<feat xlink:href="#sSpan372" value="ⲛⲧⲉ"/>
		<feat xlink:href="#sSpan374" value="ⲁⲛⲟⲛ"/>
		<feat xlink:href="#sSpan377" value="ⲛⲉϩⲡⲉ"/>
		<feat xlink:href="#sSpan381" value="·"/>
		<feat xlink:href="#sSpan385" value="ⲁⲩⲱ"/>
		<feat xlink:href="#sSpan390" value="ⲛⲧⲉ"/>
		<feat xlink:href="#sSpan394" value="ⲁⲛⲟⲛ"/>
		<feat xlink:href="#sSpan396" value="ⲣⲓⲙⲉ"/>
		<feat xlink:href="#sSpan399" value="ⲛ"/>
		<feat xlink:href="#sSpan403" value="ⲡ"/>
		<feat xlink:href="#sSpan406" value="ⲙⲁ"/>
		<feat xlink:href="#sSpan409" value="ⲉ"/>
		<feat xlink:href="#sSpan413" value="ⲛⲉⲣⲉ"/>
		<feat xlink:href="#sSpan417" value="[…]"/>
		<feat xlink:href="#sSpan422" value="Ⲛ"/>
		<feat xlink:href="#sSpan427" value="ⲙⲛⲧϣⲃⲏⲣ"/>
		<feat xlink:href="#sSpan432" value="[…]"/>
		<feat xlink:href="#sSpan437" value="ⲧⲛ"/>
		<feat xlink:href="#sSpan442" value="[…]"/>
		<feat xlink:href="#sSpan446" value="ⲡⲉ"/>
		<feat xlink:href="#sSpan450" value="[…]"/>
		<feat xlink:href="#sSpan456" value="ⲧⲧ"/>
		<feat xlink:href="#sSpan460" value="ⲉ"/>
		<feat xlink:href="#sSpan464" value="ⲡ"/>
		<feat xlink:href="#sSpan467" value="ϫⲓⲛϫⲏ"/>
		<feat xlink:href="#sSpan469" value="·"/>
		<feat xlink:href="#sSpan474" value="ⲟⲩⲛ"/>
		<feat xlink:href="#sSpan481" value="ⲣⲱⲙⲉ"/>
		<feat xlink:href="#sSpan484" value="ⲉⲣⲉ"/>
		<feat xlink:href="#sSpan488" value="ⲛⲧⲟϥ"/>
		<feat xlink:href="#sSpan490" value="ⲣⲁϣⲉ"/>
		<feat xlink:href="#sSpan494" value="·"/>
		<feat xlink:href="#sSpan498" value="ⲛ"/>
		<feat xlink:href="#sSpan502" value="ⲡ"/>
		<feat xlink:href="#sSpan505" value="ⲥⲟⲡ"/>
		<feat xlink:href="#sSpan507" value="ⲉⲧⲉⲣⲉ"/>
		<feat xlink:href="#sSpan512" value="ⲛⲧⲟϥ"/>
		<feat xlink:href="#sSpan514" value="ⲛⲁ"/>
		<feat xlink:href="#sSpan518" value="ϫⲓ"/>
		<feat xlink:href="#sSpan520" value="ⲛ"/>
		<feat xlink:href="#sSpan524" value="ⲟⲩ"/>
		<feat xlink:href="#sSpan527" value="ϩⲛⲁⲁⲩ"/>
		<feat xlink:href="#sSpan529" value="ⲛ"/>
		<feat xlink:href="#sSpan535" value="ⲁⲛⲁⲅⲕⲁⲓⲟⲛ"/>
		<feat xlink:href="#sSpan538" value="·"/>
		<feat xlink:href="#sSpan542" value="ⲉⲣⲉ"/>
		<feat xlink:href="#sSpan547" value="ⲁ"/>
		<feat xlink:href="#sSpan550" value="ⲛⲧⲟⲟⲩ"/>
		<feat xlink:href="#sSpan552" value="ϭⲁⲗⲱ"/>
		<feat xlink:href="#sSpan554" value="ⲛⲧⲟⲟⲩ"/>
		<feat xlink:href="#sSpan556" value="ⲉ"/>
		<feat xlink:href="#sSpan560" value="ⲛⲧⲟϥ"/>
		<feat xlink:href="#sSpan562" value="·"/>
		<feat xlink:href="#sSpan566" value="ⲉⲣⲉ"/>
		<feat xlink:href="#sSpan572" value="ϣⲁⲣⲉ"/>
		<feat xlink:href="#sSpan574" value="ⲛⲧⲟϥ"/>
		<feat xlink:href="#sSpan576" value="ϯ"/>
		<feat xlink:href="#sSpan578" value="ⲛⲧⲟⲟⲩ"/>
		<feat xlink:href="#sSpan580" value="·"/>
		<feat xlink:href="#sSpan584" value="ⲟⲛ"/>
		<feat xlink:href="#sSpan589" value="ϩⲛ"/>
		<feat xlink:href="#sSpan594" value="ⲟⲩ"/>
		<feat xlink:href="#sSpan596" value="ⲧⲱⲧ"/>
		<feat xlink:href="#sSpan598" value="·"/>
		<feat xlink:href="#sSpan602" value="ⲛ"/>
		<feat xlink:href="#sSpan606" value="ϩⲏⲧ"/>
		<feat xlink:href="#sSpan609" value="ⲉⲧⲛ"/>
		<feat xlink:href="#sSpan614" value="ⲛⲧⲟϥ"/>
		<feat xlink:href="#sSpan616" value="ⲛ"/>
		<feat xlink:href="#sSpan620" value="ⲡ"/>
		<feat xlink:href="#sSpan623" value="ⲉⲧⲉⲣⲉ"/>
		<feat xlink:href="#sSpan625" value="ⲁ"/>
		<feat xlink:href="#sSpan627" value="ⲛⲧⲟϥ"/>
		<feat xlink:href="#sSpan629" value="ϭⲁⲗⲱ"/>
		<feat xlink:href="#sSpan632" value="ⲛⲧⲟⲟⲩ"/>
		<feat xlink:href="#sSpan634" value="ⲉ"/>
		<feat xlink:href="#sSpan638" value="ⲛⲧⲟϥ"/>
		<feat xlink:href="#sSpan640" value="·"/>
		<feat xlink:href="#sSpan644" value="ⲛ"/>
		<feat xlink:href="#sSpan648" value="ⲡ"/>
		<feat xlink:href="#sSpan652" value="ⲛⲁⲩ"/>
		<feat xlink:href="#sSpan654" value="·"/>
		<feat xlink:href="#sSpan658" value="ⲉⲧⲉⲣⲉ"/>
		<feat xlink:href="#sSpan662" value="ⲛⲧⲟϥ"/>
		<feat xlink:href="#sSpan664" value="ⲛⲁ"/>
		<feat xlink:href="#sSpan666" value="ϫⲛⲟⲩ"/>
		<feat xlink:href="#sSpan669" value="ⲛⲧⲟϥ"/>
		<feat xlink:href="#sSpan671" value="·"/>
		<feat xlink:href="#sSpan676" value="ⲁⲩⲱ"/>
		<feat xlink:href="#sSpan683" value="ⲟⲩⲛ"/>
		<feat xlink:href="#sSpan687" value="ⲣⲱⲙⲉ"/>
		<feat xlink:href="#sSpan690" value="ⲉⲣⲉ"/>
		<feat xlink:href="#sSpan694" value="ⲛⲧⲟϥ"/>
		<feat xlink:href="#sSpan696" value="ⲣⲁϣⲉ"/>
		<feat xlink:href="#sSpan699" value="·"/>
		<feat xlink:href="#sSpan703" value="ⲛ"/>
		<feat xlink:href="#sSpan707" value="ⲡ"/>
		<feat xlink:href="#sSpan710" value="ⲥⲟⲡ"/>
		<feat xlink:href="#sSpan712" value="·"/>
		<feat xlink:href="#sSpan716" value="ⲉⲧⲉⲣⲉ"/>
		<feat xlink:href="#sSpan721" value="ⲛⲧⲟϥ"/>
		<feat xlink:href="#sSpan723" value="ⲥⲟⲟⲩⲧⲛ"/>
		<feat xlink:href="#sSpan725" value="ⲉⲃⲟⲗ"/>
		<feat xlink:href="#sSpan729" value="ⲉ"/>
		<feat xlink:href="#sSpan734" value="ϫⲓ"/>
		<feat xlink:href="#sSpan736" value="·"/>
		<feat xlink:href="#sSpan740" value="ⲛ"/>
		<feat xlink:href="#sSpan744" value="ⲡ"/>
		<feat xlink:href="#sSpan747" value="ⲉⲧⲉⲣⲉ"/>
		<feat xlink:href="#sSpan749" value="ⲁ"/>
		<feat xlink:href="#sSpan751" value="ⲛⲧⲟⲟⲩ"/>
		<feat xlink:href="#sSpan753" value="ϭⲁⲗⲱ"/>
		<feat xlink:href="#sSpan757" value="ⲛⲧⲟⲟⲩ"/>
		<feat xlink:href="#sSpan759" value="ⲉ"/>
		<feat xlink:href="#sSpan763" value="ⲛⲧⲟϥ"/>
		<feat xlink:href="#sSpan765" value="·"/>
		<feat xlink:href="#sSpan769" value="[…]"/>
		<feat xlink:href="#sSpan775" value="ⲛⲟⲛ"/>
		<feat xlink:href="#sSpan780" value="·"/>
		<feat xlink:href="#sSpan784" value="ϫⲉ"/>
		<feat xlink:href="#sSpan788" value="ϣⲁⲣⲉ"/>
		<feat xlink:href="#sSpan790" value="ⲛⲧⲟϥ"/>
		<feat xlink:href="#sSpan792" value="ⲱⲕⲙ"/>
		<feat xlink:href="#sSpan795" value="·"/>
		<feat xlink:href="#sSpan799" value="ⲁⲩⲱ"/>
		<feat xlink:href="#sSpan803" value="ⲛⲧⲉ"/>
		<feat xlink:href="#sSpan807" value="ⲛⲧⲟϥ"/>
		<feat xlink:href="#sSpan810" value="ⲣϩⲏⲃⲉ"/>
		<feat xlink:href="#sSpan814" value="·"/>
		<feat xlink:href="#sSpan818" value="ⲛⲧⲉ"/>
		<feat xlink:href="#sSpan822" value="ⲛⲧⲟϥ"/>
		<feat xlink:href="#sSpan825" value="ⲣϩⲟⲧⲉ"/>
		<feat xlink:href="#sSpan829" value="ⲇⲉ"/>
		<feat xlink:href="#sSpan833" value="ⲟⲛ"/>
		<feat xlink:href="#sSpan838" value="ϫⲉ"/>
		<feat xlink:href="#sSpan842" value="ⲙⲡⲉ"/>
		<feat xlink:href="#sSpan844" value="ⲛⲧⲟϥ"/>
		<feat xlink:href="#sSpan846" value="ϩⲁⲣⲉϩ"/>
		<feat xlink:href="#sSpan848" value="ⲉ"/>
		<feat xlink:href="#sSpan853" value="ⲡ"/>
		<feat xlink:href="#sSpan856" value="ⲉⲧⲉⲣⲉ"/>
		<feat xlink:href="#sSpan858" value="ⲁ"/>
		<feat xlink:href="#sSpan860" value="ⲛⲧⲟⲟⲩ"/>
		<feat xlink:href="#sSpan862" value="ϯ"/>
		<feat xlink:href="#sSpan864" value="ⲛⲧⲟⲟⲩ"/>
		<feat xlink:href="#sSpan866" value="·"/>
		<feat xlink:href="#sSpan870" value="ⲉⲧⲛ"/>
		<feat xlink:href="#sSpan875" value="ⲛⲧⲟϥ"/>
		<feat xlink:href="#sSpan877" value="·"/>
		<feat xlink:href="#sSpan882" value="ⲁⲗⲗⲁ"/>
		<feat xlink:href="#sSpan887" value="ϣⲁⲣⲉ"/>
		<feat xlink:href="#sSpan892" value="ⲛⲧⲟⲟⲩ"/>
		<feat xlink:href="#sSpan894" value="ⲥⲱⲕ"/>
		<feat xlink:href="#sSpan896" value="ⲛ"/>
		<feat xlink:href="#sSpan900" value="ⲛⲧⲟϥ"/>
		<feat xlink:href="#sSpan902" value="ⲉ"/>
		<feat xlink:href="#sSpan907" value="ⲡ"/>
		<feat xlink:href="#sSpan910" value="ⲙⲁ"/>
		<feat xlink:href="#sSpan912" value="·"/>
		<feat xlink:href="#sSpan916" value="ⲛ"/>
		<feat xlink:href="#sSpan920" value="ϯϩⲁⲡ"/>
		<feat xlink:href="#sSpan923" value="ⲉⲣⲉ"/>
		<feat xlink:href="#sSpan928" value="ⲛⲧⲟϥ"/>
		<feat xlink:href="#sSpan930" value="ϭⲱⲱⲗⲉ"/>
		<feat xlink:href="#sSpan932" value="ⲛ"/>
		<feat xlink:href="#sSpan936" value="ⲡ"/>
		<feat xlink:href="#sSpan939" value="ϣⲓⲡⲉ"/>
		<feat xlink:href="#sSpan942" value="·"/>
		<feat xlink:href="#sSpan946" value="ⲁⲩⲱ"/>
		<feat xlink:href="#sSpan951" value="ⲉⲣⲉ"/>
		<feat xlink:href="#sSpan955" value="ⲛⲧⲟϥ"/>
		<feat xlink:href="#sSpan958" value="ϩⲁϩⲟⲧⲉ"/>
		<feat xlink:href="#sSpan962" value="·"/>
		<feat xlink:href="#sSpan966" value="ⲉⲣⲉ"/>
		<feat xlink:href="#sSpan970" value="ⲛⲧⲟϥ"/>
		<feat xlink:href="#sSpan972" value="ⲙⲟⲩϩ"/>
		<feat xlink:href="#sSpan975" value="ⲇⲉ"/>
		<feat xlink:href="#sSpan979" value="ⲟⲛ"/>
		<feat xlink:href="#sSpan983" value="ⲛ"/>
		<feat xlink:href="#sSpan988" value="ϣⲧⲟⲣⲧⲣ"/>
		<feat xlink:href="#sSpan991" value="ⲉⲣⲉ"/>
		<feat xlink:href="#sSpan995" value="ⲛⲧⲉ"/>
		<feat xlink:href="#sSpan997" value="ⲛⲧⲟϥ"/>
		<feat xlink:href="#sSpan999" value="ⲙⲉⲉⲩⲉ"/>
		<feat xlink:href="#sSpan1002" value="ⲁⲛ"/>
		<feat xlink:href="#sSpan1006" value="·"/>
		<feat xlink:href="#sSpan1010" value="ⲉ"/>
		<feat xlink:href="#sSpan1015" value="ⲣⲃⲟⲗ"/>
		<feat xlink:href="#sSpan1020" value="ⲛⲟⲉⲓ"/>
		<feat xlink:href="#sSpan1025" value="·"/>
		<feat xlink:href="#sSpan1029" value="ⲛⲧⲟϥ"/>
		<feat xlink:href="#sSpan1035" value="ⲛ"/>
		<feat xlink:href="#sSpan1039" value="ⲡⲁⲓ"/>
		<feat xlink:href="#sSpan1042" value="·"/>
		<feat xlink:href="#sSpan1046" value="ⲛ"/>
		<feat xlink:href="#sSpan1050" value="ⲡ"/>
		<feat xlink:href="#sSpan1054" value="ⲉⲧⲉⲣⲉ"/>
		<feat xlink:href="#sSpan1056" value="ⲛⲧⲟⲕ"/>
		<feat xlink:href="#sSpan1058" value="ⲥⲱⲧⲙ"/>
		<feat xlink:href="#sSpan1060" value="·"/>
		<feat xlink:href="#sSpan1064" value="ⲉ"/>
		<feat xlink:href="#sSpan1069" value="ⲛⲧⲟⲟⲩ"/>
		<feat xlink:href="#sSpan1071" value="·"/>
		<feat xlink:href="#sSpan1076" value="ⲱ"/>
		<feat xlink:href="#sSpan1081" value="ⲡ"/>
		<feat xlink:href="#sSpan1086" value="ⲣⲱⲙⲉ"/>
		<feat xlink:href="#sSpan1089" value="ⲉⲧⲉⲣⲉ"/>
		<feat xlink:href="#sSpan1096" value="ϭⲱϣⲧ"/>
		<feat xlink:href="#sSpan1098" value="ⲉⲃⲟⲗ"/>
		<feat xlink:href="#sSpan1102" value="ϩⲏⲧ"/>
		<feat xlink:href="#sSpan1107" value="ⲛⲧⲟϥ"/>
		<feat xlink:href="#sSpan1109" value="ⲛ"/>
		<feat xlink:href="#sSpan1113" value="ⲡ"/>
		<feat xlink:href="#sSpan1116" value="ⲙⲁ"/>
		<feat xlink:href="#sSpan1118" value="·"/>
		<feat xlink:href="#sSpan1122" value="ⲛ"/>
		<feat xlink:href="#sSpan1128" value="ϯϩⲁⲡ"/>
		<feat xlink:href="#sSpan1132" value="·"/>
		<feat xlink:href="#sSpan1136" value="ⲉⲧⲉⲣⲉ"/>
		<feat xlink:href="#sSpan1140" value="ϩⲛ"/>
		<feat xlink:href="#sSpan1142" value="ⲡ"/>
		<feat xlink:href="#sSpan1145" value="ⲡⲉ"/>
		<feat xlink:href="#sSpan1148" value="·"/>
		<feat xlink:href="#sSpan1152" value="ⲁⲩⲱ"/>
		<feat xlink:href="#sSpan1157" value="ⲁⲛⲟⲕ"/>
		<feat xlink:href="#sSpan1161" value="ϩⲱⲱ"/>
		<feat xlink:href="#sSpan1166" value="ⲁⲛⲟⲕ"/>
		<feat xlink:href="#sSpan1168" value="·"/>
		<feat xlink:href="#sSpan1172" value="ⲛⲧⲉ"/>
		<feat xlink:href="#sSpan1176" value="ⲁⲛⲟⲕ"/>
		<feat xlink:href="#sSpan1179" value="ⲛⲟⲉⲓ"/>
		<feat xlink:href="#sSpan1181" value="ϫⲉ"/>
		<feat xlink:href="#sSpan1186" value="ⲉⲣⲉ"/>
		<feat xlink:href="#sSpan1188" value="ⲡⲁⲓ"/>
		<feat xlink:href="#sSpan1191" value="ⲉⲧⲉⲣⲉ"/>
		<feat xlink:href="#sSpan1195" value="ϭⲱⲗⲡ"/>
		<feat xlink:href="#sSpan1199" value="ⲉⲃⲟⲗ"/>
		<feat xlink:href="#sSpan1203" value="ⲛ"/>
		<feat xlink:href="#sSpan1207" value="ⲡ"/>
		<feat xlink:href="#sSpan1210" value="ⲉⲧⲉⲣⲉ"/>
		<feat xlink:href="#sSpan1212" value="ⲙⲡϣⲁ"/>
		<feat xlink:href="#sSpan1215" value="·"/>
		<feat xlink:href="#sSpan1219" value="ⲛ"/>
		<feat xlink:href="#sSpan1223" value="ϫⲟ"/>
		<feat xlink:href="#sSpan1226" value="ⲛⲧⲟⲟⲩ"/>
		<feat xlink:href="#sSpan1228" value="·"/>
		<feat xlink:href="#sSpan1232" value="ϫⲱ"/>
		<feat xlink:href="#sSpan1237" value="ⲛ"/>
		<feat xlink:href="#sSpan1242" value="ⲛⲧⲟⲥ"/>
		<feat xlink:href="#sSpan1244" value="ϫⲉ"/>
		<feat xlink:href="#sSpan1248" value="ⲟⲩ"/>
		<feat xlink:href="#sSpan1250" value="·"/>
		<feat xlink:href="#sSpan1254" value="ⲉϣϫⲉ"/>
		<feat xlink:href="#sSpan1259" value="ⲁⲛⲟⲕ"/>
		<feat xlink:href="#sSpan1265" value="ϥⲓⲣⲟⲟⲩϣ"/>
		<feat xlink:href="#sSpan1268" value="ϩⲱⲱ"/>
		<feat xlink:href="#sSpan1272" value="ⲁⲛⲟⲕ"/>
		<feat xlink:href="#sSpan1274" value="ⲉ"/>
		<feat xlink:href="#sSpan1279" value="ⲁϩⲉⲣⲁⲧⲉ"/>
		<feat xlink:href="#sSpan1281" value="ⲡ"/>
		<feat xlink:href="#sSpan1287" value="ⲃⲏⲙⲁ"/>
		<feat xlink:href="#sSpan1289" value="ⲛ"/>
		<feat xlink:href="#sSpan1294" value="ⲡ"/>
		<feat xlink:href="#sSpan1298" value="ⲭⲣⲓⲥⲧⲟⲥ"/>
		<feat xlink:href="#sSpan1301" value="ⲛⲉⲣⲉ"/>
		<feat xlink:href="#sSpan1308" value="ϣⲁⲣⲉ"/>
		<feat xlink:href="#sSpan1310" value="ⲛⲧⲟⲟⲩ"/>
		<feat xlink:href="#sSpan1312" value="ⲥⲟⲟⲩⲛ"/>
		<feat xlink:href="#sSpan1314" value="ⲣⲱⲙⲉ"/>
		<feat xlink:href="#sSpan1317" value="ⲛⲓⲙ"/>
		<feat xlink:href="#sSpan1322" value="ⲁⲛ"/>
		<feat xlink:href="#sSpan1326" value="·"/>
		<feat xlink:href="#sSpan1330" value="ⲛ"/>
		<feat xlink:href="#sSpan1334" value="ⲡ"/>
		<feat xlink:href="#sSpan1337" value="ⲛⲁⲩ"/>
		<feat xlink:href="#sSpan1339" value="ⲛ"/>
		<feat xlink:href="#sSpan1344" value="ϫⲓ"/>
		<feat xlink:href="#sSpan1347" value="·"/>
		<feat xlink:href="#sSpan1351" value="ϫⲉ"/>
		<feat xlink:href="#sSpan1356" value="ⲛⲧⲟⲟⲩ"/>
		<feat xlink:href="#sSpan1358" value="ⲛⲁϩⲧⲉ"/>
		<feat xlink:href="#sSpan1361" value="ⲁⲗⲗⲁ"/>
		<feat xlink:href="#sSpan1366" value="ⲡ"/>
		<feat xlink:href="#sSpan1371" value="ⲙⲟⲉⲓϩⲉ"/>
		<feat xlink:href="#sSpan1373" value="ⲡⲉ"/>
		<feat xlink:href="#sSpan1377" value="ⲛⲁⲙⲉ"/>
		<feat xlink:href="#sSpan1382" value="ⲡⲉ"/>
		<feat xlink:href="#sSpan1386" value="ⲡ"/>
		<feat xlink:href="#sSpan1391" value="ⲛⲁⲩ"/>
		<feat xlink:href="#sSpan1393" value="ⲛ"/>
		<feat xlink:href="#sSpan1398" value="ϯ"/>
		<feat xlink:href="#sSpan1401" value="·"/>
		<feat xlink:href="#sSpan1405" value="ⲛ"/>
		<feat xlink:href="#sSpan1409" value="ⲡ"/>
		<feat xlink:href="#sSpan1412" value="ⲉⲧⲉⲣⲉ"/>
		<feat xlink:href="#sSpan1414" value="ⲁ"/>
		<feat xlink:href="#sSpan1416" value="ⲛⲧⲟⲕ"/>
		<feat xlink:href="#sSpan1418" value="ϫⲓ"/>
		<feat xlink:href="#sSpan1421" value="ⲛⲧⲟⲟⲩ"/>
		<feat xlink:href="#sSpan1423" value="·"/>
		<feat xlink:href="#sSpan1427" value="ⲁⲩⲱ"/>
		<feat xlink:href="#sSpan1432" value="ⲛⲧⲉ"/>
		<feat xlink:href="#sSpan1436" value="ⲛⲧⲟⲕ"/>
		<feat xlink:href="#sSpan1438" value="ⲟⲩⲱⲛϩ"/>
		<feat xlink:href="#sSpan1442" value="ⲉⲃⲟⲗ"/>
		<feat xlink:href="#sSpan1446" value="·"/>
		<feat xlink:href="#sSpan1450" value="ⲛ"/>
		<feat xlink:href="#sSpan1455" value="ⲡⲓⲥⲧⲟⲥ"/>
		<feat xlink:href="#sSpan1459" value="ϫⲉ"/>
		<feat xlink:href="#sSpan1463" value="ⲁ"/>
		<feat xlink:href="#sSpan1465" value="ⲛⲧⲟⲕ"/>
		<feat xlink:href="#sSpan1467" value="ϯ"/>
		<feat xlink:href="#sSpan1470" value="ⲛⲧⲟⲟⲩ"/>
		<feat xlink:href="#sSpan1472" value="ⲉⲧⲛ"/>
		<feat xlink:href="#sSpan1476" value="ⲛⲧⲟϥ"/>
		<feat xlink:href="#sSpan1478" value="ⲛ"/>
		<feat xlink:href="#sSpan1482" value="ⲡ"/>
		<feat xlink:href="#sSpan1485" value="ⲉⲧⲉⲣⲉ"/>
		<feat xlink:href="#sSpan1488" value="ⲁ"/>
		<feat xlink:href="#sSpan1490" value="ⲛⲧⲟϥ"/>
		<feat xlink:href="#sSpan1492" value="ϯ"/>
		<feat xlink:href="#sSpan1494" value="ⲛⲧⲟⲟⲩ"/>
		<feat xlink:href="#sSpan1496" value="ⲛⲁ"/>
		<feat xlink:href="#sSpan1500" value="ⲛⲧⲟⲕ"/>
		<feat xlink:href="#sSpan1502" value="ⲛⲧⲉ"/>
		<feat xlink:href="#sSpan1507" value="ⲛⲧⲟⲟⲩ"/>
		<feat xlink:href="#sSpan1509" value="ϣⲓⲧⲉ"/>
		<feat xlink:href="#sSpan1511" value="·"/>
		<feat xlink:href="#sSpan1515" value="ⲁⲛ"/>
		<feat xlink:href="#sSpan1519" value="·"/>
		<feat xlink:href="#sSpan1523" value="ⲛ"/>
		<feat xlink:href="#sSpan1527" value="ⲗⲁⲁⲩ"/>
		<feat xlink:href="#sSpan1531" value="·"/>
		<feat xlink:href="#sSpan1536" value="ⲡ"/>
		<feat xlink:href="#sSpan1545" value="ⲣⲱⲙⲉ"/>
		<feat xlink:href="#sSpan1547" value="ⲛⲁ"/>
		<feat xlink:href="#sSpan1549" value="ϣⲓⲛⲉ"/>
		<feat xlink:href="#sSpan1551" value="ⲁⲩⲱ"/>
		<feat xlink:href="#sSpan1556" value="ⲛⲧⲉ"/>
		<feat xlink:href="#sSpan1560" value="ⲛⲧⲟϥ"/>
		<feat xlink:href="#sSpan1563" value="ⲇⲟⲕⲓⲙⲁⲍⲉ"/>
		<feat xlink:href="#sSpan1566" value="ϫⲉ"/>
		<feat xlink:href="#sSpan1570" value="ⲛⲓⲙ"/>
		<feat xlink:href="#sSpan1572" value="ⲡ"/>
		<feat xlink:href="#sSpan1577" value="ⲉⲧⲉⲣⲉ"/>
		<feat xlink:href="#sSpan1579" value="ⲛⲁϩⲧⲉ"/>
		<feat xlink:href="#sSpan1582" value="ⲉ"/>
		<feat xlink:href="#sSpan1586" value="ϭⲁⲗ"/>
		<feat xlink:href="#sSpan1588" value="ⲉ"/>
		<feat xlink:href="#sSpan1592" value="ⲟⲩ"/>
		<feat xlink:href="#sSpan1595" value="ϩⲛⲁⲁⲩ"/>
		<feat xlink:href="#sSpan1600" value="·"/>
		<feat xlink:href="#sSpan1604" value="ⲉ"/>
		<feat xlink:href="#sSpan1608" value="ⲛⲧⲟϥ"/>
		<feat xlink:href="#sSpan1610" value="·"/>
		<feat xlink:href="#sSpan1614" value="ⲛⲧⲉ"/>
		<feat xlink:href="#sSpan1618" value="ⲡ"/>
		<feat xlink:href="#sSpan1621" value="ⲕⲁϩ"/>
		<feat xlink:href="#sSpan1623" value="ⲉⲣⲉ"/>
		<feat xlink:href="#sSpan1628" value="ⲛⲧⲟⲟⲩ"/>
		<feat xlink:href="#sSpan1630" value="ⲛⲁ"/>
		<feat xlink:href="#sSpan1632" value="ⲧⲁⲕⲟ"/>
		<feat xlink:href="#sSpan1634" value="·"/>
		<feat xlink:href="#sSpan1638" value="ⲁⲩⲱ"/>
		<feat xlink:href="#sSpan1643" value="ⲟⲩⲛ"/>
		<feat xlink:href="#sSpan1648" value="ⲣⲱⲙⲉ"/>
		<feat xlink:href="#sSpan1651" value="ⲉⲣⲉ"/>
		<feat xlink:href="#sSpan1655" value="ⲛⲧⲟϥ"/>
		<feat xlink:href="#sSpan1657" value="ⲙⲟⲩϣⲧ"/>
		<feat xlink:href="#sSpan1660" value="ⲛ"/>
		<feat xlink:href="#sSpan1664" value="ⲛⲧⲟϥ"/>
		<feat xlink:href="#sSpan1666" value="ⲙⲡⲁⲧⲉ"/>
		<feat xlink:href="#sSpan1671" value="ⲛⲧⲟϥ"/>
		<feat xlink:href="#sSpan1673" value="ϫⲓ"/>
		<feat xlink:href="#sSpan1675" value="·"/>
		<feat xlink:href="#sSpan1679" value="ϫⲉ"/>
		<feat xlink:href="#sSpan1684" value="ⲛⲉⲣⲉ"/>
		<feat xlink:href="#sSpan1686" value="ⲛⲧⲟϥ"/>
		<feat xlink:href="#sSpan1688" value="ⲛⲁ"/>
		<feat xlink:href="#sSpan1690" value="ϩⲁⲣⲉϩ"/>
		<feat xlink:href="#sSpan1693" value="ⲉ"/>
		<feat xlink:href="#sSpan1697" value="ⲡ"/>
		<feat xlink:href="#sSpan1700" value="ⲉⲧⲉⲣⲉ"/>
		<feat xlink:href="#sSpan1702" value="ⲁ"/>
		<feat xlink:href="#sSpan1704" value="ⲛⲧⲟⲟⲩ"/>
		<feat xlink:href="#sSpan1706" value="ϯ"/>
		<feat xlink:href="#sSpan1710" value="ⲛⲧⲟⲟⲩ"/>
		<feat xlink:href="#sSpan1712" value="ⲉⲧⲛ"/>
		<feat xlink:href="#sSpan1716" value="ⲛⲧⲟϥ"/>
		<feat xlink:href="#sSpan1718" value="ⲁⲩⲱ"/>
		<feat xlink:href="#sSpan1723" value="ⲛⲧⲟⲥ"/>
		<feat xlink:href="#sSpan1727" value="ⲛⲁ"/>
		<feat xlink:href="#sSpan1729" value="ϣⲱⲡⲉ"/>
		<feat xlink:href="#sSpan1731" value="ⲛⲧⲉ"/>
		<feat xlink:href="#sSpan1737" value="ⲧⲙ"/>
		<feat xlink:href="#sSpan1739" value="ⲡ"/>
		<feat xlink:href="#sSpan1742" value="ⲉⲧⲉⲣⲉ"/>
		<feat xlink:href="#sSpan1744" value="ϫⲓ"/>
		<feat xlink:href="#sSpan1746" value="ⲛ"/>
		<feat xlink:href="#sSpan1750" value="ⲟⲩ"/>
		<feat xlink:href="#sSpan1755" value="ⲙⲛⲧⲛⲟϭ"/>
		<feat xlink:href="#sSpan1758" value="ⲉⲃⲟⲗ"/>
		<feat xlink:href="#sSpan1764" value="ϩⲓⲧⲛ"/>
		<feat xlink:href="#sSpan1768" value="ⲡ"/>
		<feat xlink:href="#sSpan1771" value="ⲛⲟⲩⲧⲉ"/>
		<feat xlink:href="#sSpan1775" value="ⲇⲓⲁⲕⲣⲓⲛⲉ"/>
		<feat xlink:href="#sSpan1779" value="·"/>
		<feat xlink:href="#sSpan1783" value="ⲛ"/>
		<feat xlink:href="#sSpan1788" value="ⲛⲧⲟⲟⲩ"/>
		<feat xlink:href="#sSpan1790" value="·"/>
		<feat xlink:href="#sSpan1794" value="ⲁⲩⲱ"/>
		<feat xlink:href="#sSpan1799" value="ⲡ"/>
		<feat xlink:href="#sSpan1804" value="ⲉⲧⲉⲣⲉ"/>
		<feat xlink:href="#sSpan1807" value="ⲛⲧⲟⲟⲩ"/>
		<feat xlink:href="#sSpan1809" value="ϫⲓ"/>
		<feat xlink:href="#sSpan1811" value="ⲛ"/>
		<feat xlink:href="#sSpan1815" value="ⲡ"/>
		<feat xlink:href="#sSpan1818" value="ⲣⲁⲛ"/>
		<feat xlink:href="#sSpan1820" value="·"/>
		<feat xlink:href="#sSpan1824" value="ⲉⲃⲟⲗ"/>
		<feat xlink:href="#sSpan1830" value="ϩⲧⲛ"/>
		<feat xlink:href="#sSpan1835" value="ⲛⲧⲟⲟⲩ"/>
		<feat xlink:href="#sSpan1837" value="·"/>
		<feat xlink:href="#sSpan1841" value="ⲛⲧⲉ"/>
		<feat xlink:href="#sSpan1845" value="ⲛⲧⲟⲟⲩ"/>
		<feat xlink:href="#sSpan1847" value="ⲧⲙ"/>
		<feat xlink:href="#sSpan1851" value="ⲇⲓⲁⲕⲣⲓⲛⲉ"/>
		<feat xlink:href="#sSpan1854" value="ⲛ"/>
		<feat xlink:href="#sSpan1859" value="ⲛⲧⲟⲟⲩ"/>
		<feat xlink:href="#sSpan1861" value="·"/>
		<feat xlink:href="#sSpan1866" value="ⲏ"/>
		<feat xlink:href="#sSpan1871" value="ϫⲉ"/>
		<feat xlink:href="#sSpan1875" value="ⲟⲩ"/>
		<feat xlink:href="#sSpan1877" value="ⲟⲩ"/>
		<feat xlink:href="#sSpan1879" value="ⲡⲉ"/>
		<feat xlink:href="#sSpan1884" value="·"/>
		<feat xlink:href="#sSpan1889" value="ⲏ"/>
		<feat xlink:href="#sSpan1893" value="ϫⲉ"/>
		<feat xlink:href="#sSpan1897" value="ⲟⲩ"/>
		<feat xlink:href="#sSpan1899" value="ⲁϣ"/>
		<feat xlink:href="#sSpan1901" value="ⲛ"/>
		<feat xlink:href="#sSpan1906" value="ⲙⲓⲛⲉ"/>
		<feat xlink:href="#sSpan1908" value="ⲡⲉ"/>
		<feat xlink:href="#sSpan1912" value="·"/>
		<feat xlink:href="#sSpan1916" value="ⲙⲛ"/>
		<feat xlink:href="#sSpan1920" value="ⲡⲉⲩ"/>
		<feat xlink:href="#sSpan1924" value="ⲕⲉ"/>
		<feat xlink:href="#sSpan1926" value="ϩⲱⲃ"/>
		<feat xlink:href="#sSpan1928" value="·"/>
		<feat xlink:href="#sSpan1933" value="ⲉⲣⲉ"/>
		<feat xlink:href="#sSpan1940" value="ⲟⲩⲁ"/>
		<feat xlink:href="#sSpan1943" value="·"/>
		<feat xlink:href="#sSpan1947" value="ⲛⲁ"/>
		<feat xlink:href="#sSpan1952" value="ϫⲱ"/>
		<feat xlink:href="#sSpan1954" value="ⲛⲧⲟⲥ"/>
		<feat xlink:href="#sSpan1956" value="ⲛ"/>
		<feat xlink:href="#sSpan1962" value="ⲁϣ"/>
		<feat xlink:href="#sSpan1964" value="ⲛ"/>
		<feat xlink:href="#sSpan1966" value="ϩⲉ"/>
		<feat xlink:href="#sSpan1968" value="·"/>
		<feat xlink:href="#sSpan1972" value="ϫⲉ"/>
		<feat xlink:href="#sSpan1976" value="ⲛ"/>
		<feat xlink:href="#sSpan1978" value="["/>
		<feat xlink:href="#sSpan1982" value="ⲁⲛⲧ"/>
		<feat xlink:href="#sSpan1988" value="[.]"/>
		<feat xlink:href="#sSpan1992" value="ⲧ"/>
		<feat xlink:href="#sSpan1996" value="ϣⲱⲡⲉ"/>
		<feat xlink:href="#sSpan1999" value="["/>
		<feat xlink:href="#sSpan2003" value="ⲉⲣⲉ"/>
		<feat xlink:href="#sSpan2010" value="[…]"/>
		<feat xlink:href="#sSpan2014" value="ⲥⲉⲙⲛ"/>
		<feat xlink:href="#sSpan2019" value="["/>
		<feat xlink:href="#sSpan2023" value="ϣ"/>
		<feat xlink:href="#sSpan2030" value="[…]"/>
		<feat xlink:href="#sSpan2034" value="ⲧ"/>
		<feat xlink:href="#sSpan2038" value="·"/>
		<feat xlink:href="#sSpan2042" value="ⲁⲩ"/>
		<feat xlink:href="#sSpan2048" value="["/>
		<feat xlink:href="#sSpan2052" value="ⲣ"/>
		<feat xlink:href="#sSpan2059" value="[…]"/>
		<feat xlink:href="#sSpan2063" value="ⲩⲉⲛⲧ"/>
		<feat xlink:href="#sSpan2068" value="["/>
		<feat xlink:href="#sSpan2072" value="ⲕ"/>
		<feat xlink:href="#sSpan2079" value="[…]"/>
		<feat xlink:href="#sSpan2083" value="ⲛⲧ"/>
		<feat xlink:href="#sSpan2088" value="["/>
		<feat xlink:href="#sSpan2092" value="ⲛ"/>
		<feat xlink:href="#sSpan2097" value="ⲧⲧⲧ"/>
		<feat xlink:href="#sSpan2101" value="ⲉ"/>
		<feat xlink:href="#sSpan2105" value="ⲧⲏⲣ"/>
		<feat xlink:href="#sSpan2109" value="ⲟⲩ"/>
		<feat xlink:href="#sSpan2111" value="·"/>
		<feat xlink:href="#sSpan2116" value="["/>
		<feat xlink:href="#sSpan2120" value="̣ⲙⲛⲧⲣⲉⲙⲡ"/>
		<feat xlink:href="#sSpan2127" value="["/>
		<feat xlink:href="#sSpan2131" value="ϫⲱ"/>
		<feat xlink:href="#sSpan2136" value="ⲛ"/>
		<feat xlink:href="#sSpan2140" value="ⲛⲧⲟϥ"/>
		<feat xlink:href="#sSpan2142" value="·"/>
		<feat xlink:href="#sSpan2146" value="ϫⲉ"/></featList></paula>