<?xml version='1.0' encoding='UTF-8'?><!DOCTYPE paula SYSTEM "paula_feat.dtd">
<paula version="1.1">
	<header paula_id="scriptorium.pachomius.instructions.01.mark_chapter_n"/>
	<featList xmlns:xlink="http://www.w3.org/1999/xlink" type="chapter_n" xml:base="scriptorium.pachomius.instructions.01.mark.xml">
		<feat xlink:href="#sSpan10" value="1"/>
		<feat xlink:href="#sSpan376" value="2"/>
		<feat xlink:href="#sSpan782" value="3"/>
		<feat xlink:href="#sSpan916" value="4"/>
		<feat xlink:href="#sSpan1020" value="5"/>
		<feat xlink:href="#sSpan1378" value="6"/>
		<feat xlink:href="#sSpan2103" value="7"/>
		<feat xlink:href="#sSpan2518" value="8"/>
		<feat xlink:href="#sSpan3025" value="9"/>
		<feat xlink:href="#sSpan3224" value="10"/>
		<feat xlink:href="#sSpan4059" value="11"/>
		<feat xlink:href="#sSpan4278" value="12"/>
		<feat xlink:href="#sSpan4843" value="13"/>
		<feat xlink:href="#sSpan4900" value="14"/>
		<feat xlink:href="#sSpan5423" value="15"/>
		<feat xlink:href="#sSpan6285" value="16"/>
		<feat xlink:href="#sSpan6695" value="17"/>
		<feat xlink:href="#sSpan7252" value="18"/>
		<feat xlink:href="#sSpan8072" value="19"/>
		<feat xlink:href="#sSpan8902" value="20"/>
		<feat xlink:href="#sSpan9547" value="21"/>
		<feat xlink:href="#sSpan9942" value="22"/>
		<feat xlink:href="#sSpan10783" value="23"/>
		<feat xlink:href="#sSpan11494" value="24"/>
		<feat xlink:href="#sSpan12358" value="25"/>
		<feat xlink:href="#sSpan12710" value="26"/>
		<feat xlink:href="#sSpan13991" value="27"/>
		<feat xlink:href="#sSpan14718" value="28"/>
		<feat xlink:href="#sSpan15041" value="29"/>
		<feat xlink:href="#sSpan16289" value="30"/>
		<feat xlink:href="#sSpan17724" value="31"/>
		<feat xlink:href="#sSpan18710" value="32"/>
		<feat xlink:href="#sSpan19134" value="33"/>
		<feat xlink:href="#sSpan19670" value="34"/></featList></paula>