<?xml version='1.0' encoding='UTF-8'?><!DOCTYPE paula SYSTEM "paula_feat.dtd">
<paula version="1.1">
	<header paula_id="scriptorium.pachomius.instructions.01.mark_verse_n"/>
	<featList xmlns:xlink="http://www.w3.org/1999/xlink" type="verse_n" xml:base="scriptorium.pachomius.instructions.01.mark.xml">
		<feat xlink:href="#sSpan9" value="1"/>
		<feat xlink:href="#sSpan285" value="2"/>
		<feat xlink:href="#sSpan375" value="1"/>
		<feat xlink:href="#sSpan430" value="2"/>
		<feat xlink:href="#sSpan455" value="3"/>
		<feat xlink:href="#sSpan608" value="4"/>
		<feat xlink:href="#sSpan683" value="5"/>
		<feat xlink:href="#sSpan744" value="6"/>
		<feat xlink:href="#sSpan784" value="1"/>
		<feat xlink:href="#sSpan918" value="1"/>
		<feat xlink:href="#sSpan1019" value="1"/>
		<feat xlink:href="#sSpan1074" value="2"/>
		<feat xlink:href="#sSpan1090" value="3"/>
		<feat xlink:href="#sSpan1103" value="4"/>
		<feat xlink:href="#sSpan1147" value="5"/>
		<feat xlink:href="#sSpan1239" value="6"/>
		<feat xlink:href="#sSpan1343" value="7"/>
		<feat xlink:href="#sSpan1377" value="1"/>
		<feat xlink:href="#sSpan1467" value="2"/>
		<feat xlink:href="#sSpan1538" value="3"/>
		<feat xlink:href="#sSpan1587" value="4"/>
		<feat xlink:href="#sSpan1644" value="5"/>
		<feat xlink:href="#sSpan1672" value="6"/>
		<feat xlink:href="#sSpan1702" value="7"/>
		<feat xlink:href="#sSpan1726" value="8"/>
		<feat xlink:href="#sSpan1757" value="9"/>
		<feat xlink:href="#sSpan1795" value="10"/>
		<feat xlink:href="#sSpan1829" value="11"/>
		<feat xlink:href="#sSpan1937" value="12"/>
		<feat xlink:href="#sSpan1981" value="13"/>
		<feat xlink:href="#sSpan2102" value="1"/>
		<feat xlink:href="#sSpan2180" value="2"/>
		<feat xlink:href="#sSpan2241" value="3"/>
		<feat xlink:href="#sSpan2299" value="4"/>
		<feat xlink:href="#sSpan2368" value="5"/>
		<feat xlink:href="#sSpan2517" value="1"/>
		<feat xlink:href="#sSpan2588" value="2"/>
		<feat xlink:href="#sSpan2656" value="3"/>
		<feat xlink:href="#sSpan2721" value="4"/>
		<feat xlink:href="#sSpan2848" value="5"/>
		<feat xlink:href="#sSpan2907" value="6"/>
		<feat xlink:href="#sSpan2961" value="7"/>
		<feat xlink:href="#sSpan3024" value="1"/>
		<feat xlink:href="#sSpan3135" value="2"/>
		<feat xlink:href="#sSpan3222" value="1"/>
		<feat xlink:href="#sSpan3253" value="2"/>
		<feat xlink:href="#sSpan3341" value="3"/>
		<feat xlink:href="#sSpan3423" value="4"/>
		<feat xlink:href="#sSpan3546" value="5"/>
		<feat xlink:href="#sSpan3581" value="6"/>
		<feat xlink:href="#sSpan3646" value="7"/>
		<feat xlink:href="#sSpan3690" value="8"/>
		<feat xlink:href="#sSpan3771" value="9"/>
		<feat xlink:href="#sSpan3933" value="10"/>
		<feat xlink:href="#sSpan4058" value="1"/>
		<feat xlink:href="#sSpan4170" value="2"/>
		<feat xlink:href="#sSpan4277" value="1"/>
		<feat xlink:href="#sSpan4389" value="2"/>
		<feat xlink:href="#sSpan4456" value="3"/>
		<feat xlink:href="#sSpan4620" value="4"/>
		<feat xlink:href="#sSpan4703" value="5"/>
		<feat xlink:href="#sSpan4804" value="6"/>
		<feat xlink:href="#sSpan4845" value="1"/>
		<feat xlink:href="#sSpan4899" value="1"/>
		<feat xlink:href="#sSpan4953" value="2"/>
		<feat xlink:href="#sSpan4995" value="3"/>
		<feat xlink:href="#sSpan5081" value="4"/>
		<feat xlink:href="#sSpan5214" value="5"/>
		<feat xlink:href="#sSpan5265" value="6"/>
		<feat xlink:href="#sSpan5422" value="1"/>
		<feat xlink:href="#sSpan5479" value="2"/>
		<feat xlink:href="#sSpan5589" value="3"/>
		<feat xlink:href="#sSpan5617" value="4"/>
		<feat xlink:href="#sSpan5769" value="5"/>
		<feat xlink:href="#sSpan5866" value="6"/>
		<feat xlink:href="#sSpan5962" value="7"/>
		<feat xlink:href="#sSpan6024" value="8"/>
		<feat xlink:href="#sSpan6061" value="9"/>
		<feat xlink:href="#sSpan6146" value="10"/>
		<feat xlink:href="#sSpan6284" value="1"/>
		<feat xlink:href="#sSpan6366" value="2"/>
		<feat xlink:href="#sSpan6444" value="3"/>
		<feat xlink:href="#sSpan6540" value="4"/>
		<feat xlink:href="#sSpan6594" value="5"/>
		<feat xlink:href="#sSpan6694" value="1"/>
		<feat xlink:href="#sSpan6762" value="2"/>
		<feat xlink:href="#sSpan6905" value="3"/>
		<feat xlink:href="#sSpan6985" value="4"/>
		<feat xlink:href="#sSpan7068" value="5"/>
		<feat xlink:href="#sSpan7160" value="6"/>
		<feat xlink:href="#sSpan7251" value="1"/>
		<feat xlink:href="#sSpan7353" value="2"/>
		<feat xlink:href="#sSpan7462" value="3"/>
		<feat xlink:href="#sSpan7639" value="4"/>
		<feat xlink:href="#sSpan7725" value="5"/>
		<feat xlink:href="#sSpan7750" value="6"/>
		<feat xlink:href="#sSpan7816" value="7"/>
		<feat xlink:href="#sSpan7910" value="8"/>
		<feat xlink:href="#sSpan8071" value="1"/>
		<feat xlink:href="#sSpan8187" value="2"/>
		<feat xlink:href="#sSpan8232" value="3"/>
		<feat xlink:href="#sSpan8260" value="4"/>
		<feat xlink:href="#sSpan8354" value="5"/>
		<feat xlink:href="#sSpan8421" value="6"/>
		<feat xlink:href="#sSpan8515" value="7"/>
		<feat xlink:href="#sSpan8622" value="8"/>
		<feat xlink:href="#sSpan8759" value="9"/>
		<feat xlink:href="#sSpan8816" value="10"/>
		<feat xlink:href="#sSpan8901" value="1"/>
		<feat xlink:href="#sSpan8966" value="2"/>
		<feat xlink:href="#sSpan9065" value="3"/>
		<feat xlink:href="#sSpan9158" value="4"/>
		<feat xlink:href="#sSpan9256" value="5"/>
		<feat xlink:href="#sSpan9380" value="6"/>
		<feat xlink:href="#sSpan9447" value="7"/>
		<feat xlink:href="#sSpan9485" value="8"/>
		<feat xlink:href="#sSpan9546" value="1"/>
		<feat xlink:href="#sSpan9610" value="2"/>
		<feat xlink:href="#sSpan9654" value="3"/>
		<feat xlink:href="#sSpan9701" value="4"/>
		<feat xlink:href="#sSpan9749" value="5"/>
		<feat xlink:href="#sSpan9798" value="6"/>
		<feat xlink:href="#sSpan9878" value="7"/>
		<feat xlink:href="#sSpan9941" value="1"/>
		<feat xlink:href="#sSpan10091" value="2"/>
		<feat xlink:href="#sSpan10207" value="3"/>
		<feat xlink:href="#sSpan10271" value="4"/>
		<feat xlink:href="#sSpan10357" value="5"/>
		<feat xlink:href="#sSpan10420" value="6"/>
		<feat xlink:href="#sSpan10458" value="7"/>
		<feat xlink:href="#sSpan10555" value="8"/>
		<feat xlink:href="#sSpan10664" value="9"/>
		<feat xlink:href="#sSpan10782" value="1"/>
		<feat xlink:href="#sSpan10887" value="2"/>
		<feat xlink:href="#sSpan10987" value="3"/>
		<feat xlink:href="#sSpan11106" value="4"/>
		<feat xlink:href="#sSpan11351" value="5"/>
		<feat xlink:href="#sSpan11435" value="6"/>
		<feat xlink:href="#sSpan11493" value="1"/>
		<feat xlink:href="#sSpan11564" value="2"/>
		<feat xlink:href="#sSpan11610" value="3"/>
		<feat xlink:href="#sSpan11697" value="4"/>
		<feat xlink:href="#sSpan11875" value="5"/>
		<feat xlink:href="#sSpan11940" value="6"/>
		<feat xlink:href="#sSpan12034" value="7"/>
		<feat xlink:href="#sSpan12128" value="8"/>
		<feat xlink:href="#sSpan12281" value="9"/>
		<feat xlink:href="#sSpan12357" value="1"/>
		<feat xlink:href="#sSpan12435" value="2"/>
		<feat xlink:href="#sSpan12539" value="3"/>
		<feat xlink:href="#sSpan12709" value="1"/>
		<feat xlink:href="#sSpan12798" value="2"/>
		<feat xlink:href="#sSpan12998" value="3"/>
		<feat xlink:href="#sSpan13063" value="4"/>
		<feat xlink:href="#sSpan13122" value="5"/>
		<feat xlink:href="#sSpan13169" value="6"/>
		<feat xlink:href="#sSpan13238" value="7"/>
		<feat xlink:href="#sSpan13327" value="8"/>
		<feat xlink:href="#sSpan13392" value="9"/>
		<feat xlink:href="#sSpan13426" value="10"/>
		<feat xlink:href="#sSpan13513" value="11"/>
		<feat xlink:href="#sSpan13608" value="12"/>
		<feat xlink:href="#sSpan13707" value="13"/>
		<feat xlink:href="#sSpan13791" value="14"/>
		<feat xlink:href="#sSpan13899" value="15"/>
		<feat xlink:href="#sSpan13990" value="1"/>
		<feat xlink:href="#sSpan14052" value="2"/>
		<feat xlink:href="#sSpan14159" value="3"/>
		<feat xlink:href="#sSpan14291" value="4"/>
		<feat xlink:href="#sSpan14346" value="5"/>
		<feat xlink:href="#sSpan14529" value="6"/>
		<feat xlink:href="#sSpan14642" value="7"/>
		<feat xlink:href="#sSpan14717" value="1"/>
		<feat xlink:href="#sSpan14820" value="2"/>
		<feat xlink:href="#sSpan14913" value="3"/>
		<feat xlink:href="#sSpan14965" value="4"/>
		<feat xlink:href="#sSpan15040" value="1"/>
		<feat xlink:href="#sSpan15133" value="2"/>
		<feat xlink:href="#sSpan15181" value="3"/>
		<feat xlink:href="#sSpan15243" value="4"/>
		<feat xlink:href="#sSpan15271" value="5"/>
		<feat xlink:href="#sSpan15296" value="6"/>
		<feat xlink:href="#sSpan15343" value="7"/>
		<feat xlink:href="#sSpan15391" value="8"/>
		<feat xlink:href="#sSpan15444" value="9"/>
		<feat xlink:href="#sSpan15489" value="10"/>
		<feat xlink:href="#sSpan15565" value="11"/>
		<feat xlink:href="#sSpan15614" value="12"/>
		<feat xlink:href="#sSpan15707" value="13"/>
		<feat xlink:href="#sSpan15737" value="14"/>
		<feat xlink:href="#sSpan15814" value="15"/>
		<feat xlink:href="#sSpan15868" value="16"/>
		<feat xlink:href="#sSpan15920" value="17"/>
		<feat xlink:href="#sSpan15972" value="18"/>
		<feat xlink:href="#sSpan16007" value="19"/>
		<feat xlink:href="#sSpan16066" value="20"/>
		<feat xlink:href="#sSpan16114" value="21"/>
		<feat xlink:href="#sSpan16171" value="22"/>
		<feat xlink:href="#sSpan16227" value="23"/>
		<feat xlink:href="#sSpan16288" value="1"/>
		<feat xlink:href="#sSpan16335" value="2"/>
		<feat xlink:href="#sSpan16366" value="3"/>
		<feat xlink:href="#sSpan16420" value="4"/>
		<feat xlink:href="#sSpan16471" value="5"/>
		<feat xlink:href="#sSpan16517" value="6"/>
		<feat xlink:href="#sSpan16553" value="7"/>
		<feat xlink:href="#sSpan16692" value="8"/>
		<feat xlink:href="#sSpan16776" value="9"/>
		<feat xlink:href="#sSpan16939" value="10"/>
		<feat xlink:href="#sSpan17120" value="11"/>
		<feat xlink:href="#sSpan17235" value="12"/>
		<feat xlink:href="#sSpan17362" value="13"/>
		<feat xlink:href="#sSpan17461" value="14"/>
		<feat xlink:href="#sSpan17505" value="15"/>
		<feat xlink:href="#sSpan17552" value="16"/>
		<feat xlink:href="#sSpan17723" value="1"/>
		<feat xlink:href="#sSpan17796" value="2"/>
		<feat xlink:href="#sSpan17879" value="3"/>
		<feat xlink:href="#sSpan17931" value="4"/>
		<feat xlink:href="#sSpan18118" value="5"/>
		<feat xlink:href="#sSpan18306" value="6"/>
		<feat xlink:href="#sSpan18376" value="7"/>
		<feat xlink:href="#sSpan18438" value="8"/>
		<feat xlink:href="#sSpan18572" value="9"/>
		<feat xlink:href="#sSpan18709" value="1"/>
		<feat xlink:href="#sSpan18827" value="2"/>
		<feat xlink:href="#sSpan18904" value="3"/>
		<feat xlink:href="#sSpan18968" value="4"/>
		<feat xlink:href="#sSpan19034" value="5"/>
		<feat xlink:href="#sSpan19093" value="6"/>
		<feat xlink:href="#sSpan19133" value="1"/>
		<feat xlink:href="#sSpan19194" value="2"/>
		<feat xlink:href="#sSpan19236" value="3"/>
		<feat xlink:href="#sSpan19282" value="4"/>
		<feat xlink:href="#sSpan19326" value="5"/>
		<feat xlink:href="#sSpan19359" value="6"/>
		<feat xlink:href="#sSpan19422" value="7"/>
		<feat xlink:href="#sSpan19458" value="8"/>
		<feat xlink:href="#sSpan19529" value="9"/>
		<feat xlink:href="#sSpan19610" value="10"/>
		<feat xlink:href="#sSpan19669" value="1"/>
		<feat xlink:href="#sSpan19761" value="2"/>
		<feat xlink:href="#sSpan19876" value="3"/>
		<feat xlink:href="#sSpan19958" value="4"/>
		<feat xlink:href="#sSpan19991" value="5"/>
		<feat xlink:href="#sSpan20022" value="6"/>
		<feat xlink:href="#sSpan20056" value="7"/>
		<feat xlink:href="#sSpan20136" value="8"/></featList></paula>