<?xml version='1.0' encoding='UTF-8'?><!DOCTYPE paula SYSTEM "paula_feat.dtd">
<paula version="1.1">
	<header paula_id="scriptorium.pachomius.instructions.01.mark_text"/>
	<featList xmlns:xlink="http://www.w3.org/1999/xlink" type="text" xml:base="scriptorium.pachomius.instructions.01.mark.xml">
		<feat xlink:href="#sSpan7" value="ⲟⲩ ⲕⲁⲧⲏⲅⲏⲥⲓⲥ · ⲉ ⲁ ϥ ⲧⲁⲩⲟⲟ ⲥ ⲛϭⲓ ⲡⲉⲛ ⲡⲉⲧⲟⲩⲁⲁⲃ ⲛ ⲉⲓⲱⲧ ⲉⲧ ⲧⲁⲓⲏⲩ ⲕⲁⲧⲁ ⲥⲙⲟⲧ ⲛⲓⲙ · ⲁⲡⲁ ⲡⲁϩⲟⲙⲱ ⲡ ⲁⲣⲭⲏⲙⲁⲛⲇⲣⲓⲧⲏⲥ · ⲉⲧ ⲟⲩⲁⲁⲃ ⲉⲧⲃⲉ ⲟⲩ ⲥⲟⲛ · ⲉ ⲁ ϥ ⲣⲭⲟⲗⲏ"/>
		<feat xlink:href="#sSpan38" value="ⲡⲉⲛ ⲡⲉⲧⲟⲩⲁⲁⲃ ⲛ ⲉⲓⲱⲧ ⲉⲧ ⲧⲁⲓⲏⲩ ⲕⲁⲧⲁ ⲥⲙⲟⲧ ⲛⲓⲙ · ⲁⲡⲁ ⲡⲁϩⲟⲙⲱ ⲡ ⲁⲣⲭⲏⲙⲁⲛⲇⲣⲓⲧⲏⲥ · ⲉⲧ ⲟⲩⲁⲁⲃ"/>
		<feat xlink:href="#sSpan64" value="ⲥⲙⲟⲧ ⲛⲓⲙ"/>
		<feat xlink:href="#sSpan107" value="ⲟⲩ ⲥⲟⲛ"/>
		<feat xlink:href="#sSpan139" value="ⲟⲩⲁ"/>
		<feat xlink:href="#sSpan146" value="ⲡⲉ ⲟⲩⲟⲉⲓϣ ⲛ ⲁⲡⲁ ⲉⲃⲱⲛϩ"/>
		<feat xlink:href="#sSpan156" value="ⲁⲡⲁ ⲉⲃⲱⲛϩ"/>
		<feat xlink:href="#sSpan185" value="ⲧⲁⲃⲉⲛⲛⲏⲥⲉ"/>
		<feat xlink:href="#sSpan206" value="ⲛⲉⲓ ϣⲁϫⲉ"/>
		<feat xlink:href="#sSpan224" value="ϩⲉⲛ ⲕⲉ ⲉⲓⲟⲟⲧⲉ ⲛ ϩⲗⲗⲟ"/>
		<feat xlink:href="#sSpan262" value="ⲟⲩ ⲉⲓⲣⲏⲛⲏ ⲛⲧⲉ ⲡ ⲛⲟⲩⲧⲉ"/>
		<feat xlink:href="#sSpan273" value="ⲡ ⲛⲟⲩⲧⲉ"/>
		<feat xlink:href="#sSpan305" value="ⲛⲉ ⲥⲙⲟⲩ ⲛ ⲛ ⲉⲧ ⲟⲩⲁⲁⲃ ⲧⲏⲣ ⲟⲩ"/>
		<feat xlink:href="#sSpan314" value="ⲛ ⲉⲧ ⲟⲩⲁⲁⲃ ⲧⲏⲣ ⲟⲩ"/>
		<feat xlink:href="#sSpan370" value="ⲡⲁ ϣⲏⲣⲉ"/>
		<feat xlink:href="#sSpan415" value="ⲧⲉ ⲥⲃⲱ ⲙ ⲙⲉ"/>
		<feat xlink:href="#sSpan426" value="ϩⲓⲏ"/>
		<feat xlink:href="#sSpan438" value="ⲥⲛⲧⲉ"/>
		<feat xlink:href="#sSpan487" value="ⲡ ⲛⲟⲩⲧⲉ"/>
		<feat xlink:href="#sSpan505" value="ⲁⲃⲣⲁϩⲁⲙ"/>
		<feat xlink:href="#sSpan519" value="ⲡⲉϥ ⲕⲁϩ"/>
		<feat xlink:href="#sSpan540" value="ⲩ ⲙⲛⲧϣⲙⲙⲟ"/>
		<feat xlink:href="#sSpan559" value="ϩⲉⲛ ϩⲃⲱ"/>
		<feat xlink:href="#sSpan570" value="ⲓⲥⲁⲁⲕ"/>
		<feat xlink:href="#sSpan577" value="ⲡ ⲕⲁϩ ⲙ ⲡ ⲉⲣⲏⲧ"/>
		<feat xlink:href="#sSpan595" value="ϣⲙⲙⲟ"/>
		<feat xlink:href="#sSpan643" value="ⲩ ⲕⲗⲏⲣⲟⲛⲟⲙⲓⲁ"/>
		<feat xlink:href="#sSpan673" value="ⲓⲥⲁⲁⲕ"/>
		<feat xlink:href="#sSpan696" value="ⲡ ⲡⲉⲓⲣⲁⲥⲙⲟⲥ"/>
		<feat xlink:href="#sSpan712" value="ⲓⲥⲁⲁⲕ"/>
		<feat xlink:href="#sSpan724" value="ⲑⲩⲥⲓⲁ ⲙ ⲡ ⲛⲟⲩⲧⲉ"/>
		<feat xlink:href="#sSpan731" value="ⲡ ⲛⲟⲩⲧⲉ"/>
		<feat xlink:href="#sSpan747" value="ⲡⲁⲓ"/>
		<feat xlink:href="#sSpan754" value="ⲡ ⲛⲟⲩⲧⲉ"/>
		<feat xlink:href="#sSpan773" value="ⲡⲁ ϣⲃⲏⲣ"/>
		<feat xlink:href="#sSpan801" value="ⲡⲉ ⲑⲃⲃⲓⲟ ⲛ ⲓⲁⲕⲱⲃ"/>
		<feat xlink:href="#sSpan811" value="ⲓⲁⲕⲱⲃ"/>
		<feat xlink:href="#sSpan818" value="ⲧⲉϥ ⲙⲛⲧⲥⲙⲏⲧ"/>
		<feat xlink:href="#sSpan834" value="ⲧⲉϥ ϩⲩⲡⲟⲙⲟⲛⲏ"/>
		<feat xlink:href="#sSpan852" value="ⲟⲩⲟⲉⲓⲛ"/>
		<feat xlink:href="#sSpan869" value="ⲡ ⲉⲓⲱⲧ ⲙ ⲡ ⲧⲏⲣϥ"/>
		<feat xlink:href="#sSpan904" value="ⲡ ⲓⲥⲣⲁⲏⲗ"/>
		<feat xlink:href="#sSpan936" value="ⲧ ⲙⲛⲧⲥⲁⲃⲉ ⲛ ⲓⲱⲥⲏⲫ"/>
		<feat xlink:href="#sSpan948" value="ⲓⲱⲥⲏⲫ"/>
		<feat xlink:href="#sSpan955" value="ⲧⲉϥ ⲙⲛⲧⲥⲙⲏⲧ"/>
		<feat xlink:href="#sSpan980" value="ⲟⲩ ⲉⲅⲕⲣⲁϯⲁ"/>
		<feat xlink:href="#sSpan993" value="ⲟⲩ ⲙⲛⲧϩⲙϩⲁⲗ"/>
		<feat xlink:href="#sSpan1015" value="ⲡⲁ ϣⲏⲣⲉ"/>
		<feat xlink:href="#sSpan1035" value="ⲡ ⲃⲓⲟⲥ ⲛ ⲛ ⲉⲧ ⲟⲩⲁⲁⲃ"/>
		<feat xlink:href="#sSpan1045" value="ⲛ ⲉⲧ ⲟⲩⲁⲁⲃ"/>
		<feat xlink:href="#sSpan1064" value="ⲛⲉⲩ ⲁⲣⲉⲧⲏ"/>
		<feat xlink:href="#sSpan1110" value="ⲡⲉⲕ ⲣⲙ ⲛ ϯⲙⲉ ⲛⲧ ⲁ ⲕ ϣⲡⲧⲱⲱⲣⲉ ⲙⲙⲟ ϥ"/>
		<feat xlink:href="#sSpan1162" value="ⲛ ⲉⲧ ⲙⲟⲟⲩⲧ"/>
		<feat xlink:href="#sSpan1173" value="ⲡⲉ ⲭⲣⲓⲥⲧⲟⲥ"/>
		<feat xlink:href="#sSpan1196" value="ⲧⲉ ⲭⲁⲣⲓⲥ"/>
		<feat xlink:href="#sSpan1235" value="ⲛⲉ ϩⲙⲟⲧ"/>
		<feat xlink:href="#sSpan1255" value="ⲧ ⲙⲛⲧϩⲁⲣϣϩⲏⲧ"/>
		<feat xlink:href="#sSpan1300" value="ⲛ ⲉⲧ ⲟⲩⲁⲁⲃ"/>
		<feat xlink:href="#sSpan1341" value="ⲡ ϣⲟⲩϣⲟⲩ ⲛ ⲛ ⲉⲧ ⲟⲩⲁⲁⲃ ⲧ ⲙⲛⲧϩⲁⲣϣϩⲏⲧ"/>
		<feat xlink:href="#sSpan1352" value="ⲛ ⲉⲧ ⲟⲩⲁⲁⲃ ⲧ ⲙⲛⲧϩⲁⲣϣϩⲏⲧ"/>
		<feat xlink:href="#sSpan1386" value="ϩⲁⲣϣϩⲏⲧ"/>
		<feat xlink:href="#sSpan1406" value="ⲡ ⲁⲣⲓⲑⲙⲟⲥ ⲛ ⲛ ⲉⲧ ⲟⲩⲁⲁⲃ"/>
		<feat xlink:href="#sSpan1416" value="ⲛ ⲉⲧ ⲟⲩⲁⲁⲃ"/>
		<feat xlink:href="#sSpan1449" value="ⲟⲩ ⲕⲗⲟⲙ ⲛ ⲁⲧⲧⲁⲕⲟ"/>
		<feat xlink:href="#sSpan1465" value="ⲟⲩ ⲙⲉⲉⲩⲉ · ⲛ ⲅ ϥⲓ ⲉⲣⲟ ⲕ ⲛϩⲏⲧ ϥ ϩⲛ ⲟⲩ ⲙⲛⲧϩⲁⲣϣϩⲏⲧ · ϣⲁⲛⲧⲉ ⲡ ⲛⲟⲩⲧⲉ ϯⲙⲧⲟⲛ ⲛⲁ ⲕ"/>
		<feat xlink:href="#sSpan1500" value="ⲟⲩ ⲙⲛⲧϩⲁⲣϣϩⲏⲧ · ϣⲁⲛⲧⲉ ⲡ ⲛⲟⲩⲧⲉ ϯⲙⲧⲟⲛ ⲛⲁ ⲕ"/>
		<feat xlink:href="#sSpan1517" value="ⲡ ⲛⲟⲩⲧⲉ"/>
		<feat xlink:href="#sSpan1534" value="ⲟⲩ ⲛⲏⲥⲧⲉⲓⲁ"/>
		<feat xlink:href="#sSpan1568" value="ⲟⲩ ⲙⲟⲩⲛ ⲉⲃⲟⲗ"/>
		<feat xlink:href="#sSpan1582" value="ⲟⲩ ϣⲗⲏⲗ"/>
		<feat xlink:href="#sSpan1600" value="ⲱϫⲛ ϩⲙ ⲡⲉⲕ ⲧⲁⲙⲉⲓⲟⲛ"/>
		<feat xlink:href="#sSpan1631" value="ⲡ ⲛⲟⲩⲧⲉ"/>
		<feat xlink:href="#sSpan1642" value="ⲟⲩ ϩⲏⲧ ⲛ ⲟⲩⲱⲧ"/>
		<feat xlink:href="#sSpan1659" value="ⲡⲉⲕ ⲥⲟⲛ"/>
		<feat xlink:href="#sSpan1670" value="ⲟⲩ ⲡⲁⲣⲑⲉⲛⲓⲁ ϩⲛ ⲛⲉⲕ ⲙⲉⲗⲟⲥ ⲧⲏⲣ ⲟⲩ"/>
		<feat xlink:href="#sSpan1700" value="ⲟⲩ ⲡⲁⲣⲑⲉⲛⲓⲁ ϩⲛ ⲛⲉⲕ ⲙⲉⲉⲩⲉ"/>
		<feat xlink:href="#sSpan1724" value="ⲟⲩ ⲧⲃⲃⲟ ⲛ ⲥⲱⲙⲁ"/>
		<feat xlink:href="#sSpan1736" value="ⲥⲱⲙⲁ"/>
		<feat xlink:href="#sSpan1743" value="ⲟⲩ ⲧⲃⲃⲟ"/>
		<feat xlink:href="#sSpan1755" value="ⲟⲩ ⲙⲁⲕϩ ⲉ ϥ ϭⲟⲗϫ ⲙⲛ ⲟⲩ ϩⲏⲧ ⲉ ϥ ⲑⲃⲃⲓⲏⲩ"/>
		<feat xlink:href="#sSpan1774" value="ⲟⲩ ϩⲏⲧ"/>
		<feat xlink:href="#sSpan1793" value="ⲟⲩ ⲙⲛⲧⲣⲙⲣⲁϣ ⲙ ⲡ ⲛⲁⲩ ⲙ ⲡ ϭⲱⲛⲧ"/>
		<feat xlink:href="#sSpan1808" value="ⲡ ⲛⲁⲩ ⲙ ⲡ ϭⲱⲛⲧ"/>
		<feat xlink:href="#sSpan1817" value="ⲡ ϭⲱⲛⲧ"/>
		<feat xlink:href="#sSpan1832" value="ⲟⲩ ⲙⲉⲉⲩⲉ"/>
		<feat xlink:href="#sSpan1880" value="ⲟⲩ ⲟⲩⲣⲟⲧ ⲉ ⲕ ϫⲱ ⲙⲙⲟ ⲥ"/>
		<feat xlink:href="#sSpan1905" value="ⲟⲩ ⲕⲱⲧⲉ"/>
		<feat xlink:href="#sSpan1959" value="ⲡ ⲣⲁⲛ ⲙ ⲡ ϫⲟⲉⲓⲥ"/>
		<feat xlink:href="#sSpan1968" value="ⲡ ϫⲟⲉⲓⲥ"/>
		<feat xlink:href="#sSpan1992" value="ⲧ ⲃⲟⲏⲑⲉⲓⲁ ⲙ ⲡ ⲛⲟⲩⲧⲉ"/>
		<feat xlink:href="#sSpan2002" value="ⲡ ⲛⲟⲩⲧⲉ"/>
		<feat xlink:href="#sSpan2048" value="ⲡ ⲟⲩⲣⲟⲧ"/>
		<feat xlink:href="#sSpan2068" value="ⲡ ⲉⲟⲟⲩ ⲙ ⲡ ⲛⲟⲩⲧⲉ"/>
		<feat xlink:href="#sSpan2077" value="ⲡ ⲛⲟⲩⲧⲉ"/>
		<feat xlink:href="#sSpan2110" value="ⲡ ⲟⲩⲣⲟⲧ"/>
		<feat xlink:href="#sSpan2124" value="ⲡ ⲉⲧ ⲑⲃⲃⲓⲏⲩ"/>
		<feat xlink:href="#sSpan2160" value="ⲧⲉⲕ ⲯⲩⲭⲏ"/>
		<feat xlink:href="#sSpan2176" value="ⲛⲉ ϩⲓⲟⲟⲩⲉ"/>
		<feat xlink:href="#sSpan2196" value="ⲡ ⲛⲟⲩⲧⲉ ⲡⲉ ⲡⲉ ⲑⲃⲃⲓⲟ ⲛ ϩⲏⲧ · ⲙⲛ ⲟⲩ ⲙⲛⲧⲣⲙⲣⲁϣ"/>
		<feat xlink:href="#sSpan2207" value="ⲡⲉ ⲑⲃⲃⲓⲟ ⲛ ϩⲏⲧ"/>
		<feat xlink:href="#sSpan2274" value="ⲡ ⲉⲧ ⲑⲃⲃⲓⲏⲩ ⲙⲛ ⲡ ⲣⲙⲣⲁϣ"/>
		<feat xlink:href="#sSpan2285" value="ⲡ ⲣⲙⲣⲁϣ"/>
		<feat xlink:href="#sSpan2309" value="ⲛⲉ ϩⲓⲟⲟⲩⲉ ⲙ ⲡ ϫⲟⲉⲓⲥ"/>
		<feat xlink:href="#sSpan2319" value="ⲡ ϫⲟⲉⲓⲥ"/>
		<feat xlink:href="#sSpan2324" value="ⲡ ϫⲟⲉⲓⲥ"/>
		<feat xlink:href="#sSpan2381" value="ⲥⲟⲟⲩⲛ ϩⲓ ⲙⲛⲧⲣⲙⲛϩⲏⲧ ⲛ ⲧⲉ ⲡⲉⲕ ⲣ ⲡ ⲙⲉⲉⲩⲉ · ϭⲱ ⲙ ⲡⲉϥ ⲙⲧⲟ ⲉⲃⲟⲗ · ⲛ ⲟⲩⲟⲉⲓϣ ⲛⲓⲙ"/>
		<feat xlink:href="#sSpan2389" value="ⲙⲛⲧⲣⲙⲛϩⲏⲧ ⲛ ⲧⲉ ⲡⲉⲕ ⲣ"/>
		<feat xlink:href="#sSpan2422" value="ⲡⲉϥ ⲙⲧⲟ ⲉⲃⲟⲗ · ⲛ ⲟⲩⲟⲉⲓϣ ⲛⲓⲙ"/>
		<feat xlink:href="#sSpan2468" value="ⲡ ⲇⲓⲁⲃⲟⲗⲟⲥ"/>
		<feat xlink:href="#sSpan2493" value="ⲧⲉϥ ⲉⲓⲣⲏⲛⲏ"/>
		<feat xlink:href="#sSpan2503" value="ⲧⲉⲕ ϩⲁⲏ"/>
		<feat xlink:href="#sSpan2512" value="ⲡⲁ ϣⲏⲣⲉ"/>
		<feat xlink:href="#sSpan2567" value="ⲛ ⲉⲧ ϭⲟⲣⲕ ⲉⲣⲟ ⲕ"/>
		<feat xlink:href="#sSpan2586" value="ⲡⲉ ⲡⲛⲉⲩⲙⲁ ⲛ ⲧ ⲙⲛⲧϭⲁⲃϩⲏⲧ"/>
		<feat xlink:href="#sSpan2598" value="ⲧ ⲙⲛⲧϭⲁⲃϩⲏⲧ"/>
		<feat xlink:href="#sSpan2614" value="ⲡⲁ ⲧ ⲙⲛⲧⲁⲧⲛⲁϩⲧⲉ"/>
		<feat xlink:href="#sSpan2618" value="ⲧ ⲙⲛⲧⲁⲧⲛⲁϩⲧⲉ"/>
		<feat xlink:href="#sSpan2653" value="ⲡⲉ ⲡⲛⲉⲩⲙⲁ ⲙ ⲡ ϭⲟⲗ"/>
		<feat xlink:href="#sSpan2666" value="ⲡ ϭⲟⲗ"/>
		<feat xlink:href="#sSpan2675" value="ⲡⲁ ⲧ ⲙⲛⲧⲥⲁ ⲛ ⲕⲟⲧⲥ"/>
		<feat xlink:href="#sSpan2678" value="ⲧ ⲙⲛⲧⲥⲁ ⲛ ⲕⲟⲧⲥ"/>
		<feat xlink:href="#sSpan2719" value="ⲡⲉ ⲡⲛⲉⲩⲙⲁ ⲛ ⲧ ⲙⲛⲧⲙⲁⲓϩⲟⲙⲛⲧ"/>
		<feat xlink:href="#sSpan2731" value="ⲧ ⲙⲛⲧⲙⲁⲓϩⲟⲙⲛⲧ"/>
		<feat xlink:href="#sSpan2748" value="ⲡⲁ ⲧ ⲙⲛⲧⲉϣⲱⲱⲧ"/>
		<feat xlink:href="#sSpan2751" value="ⲧ ⲙⲛⲧⲉϣⲱⲱⲧ"/>
		<feat xlink:href="#sSpan2766" value="ⲡⲁ ⲧ ⲙⲛⲧⲣⲉϥⲱⲣⲕ ⲛ ⲛⲟⲩϫ"/>
		<feat xlink:href="#sSpan2769" value="ⲧ ⲙⲛⲧⲣⲉϥⲱⲣⲕ ⲛ ⲛⲟⲩϫ"/>
		<feat xlink:href="#sSpan2792" value="ⲡⲁ ⲧ ⲡⲟⲛⲏⲣⲓⲁ"/>
		<feat xlink:href="#sSpan2795" value="ⲧ ⲡⲟⲛⲏⲣⲓⲁ"/>
		<feat xlink:href="#sSpan2809" value="ⲧ ⲙⲛⲧⲉⲓⲣⲃⲟⲟⲛⲉ"/>
		<feat xlink:href="#sSpan2845" value="ⲡⲉ ⲡⲛⲉⲩⲙⲁ ⲛ ⲧ ⲕⲉⲛⲟⲇⲟⲝⲓⲁ"/>
		<feat xlink:href="#sSpan2858" value="ⲧ ⲕⲉⲛⲟⲇⲟⲝⲓⲁ"/>
		<feat xlink:href="#sSpan2871" value="ⲡⲁ ⲧ ⲙⲛⲧⲗⲁⲃⲟⲓⲁϩⲧ"/>
		<feat xlink:href="#sSpan2874" value="ⲧ ⲙⲛⲧⲗⲁⲃⲟⲓⲁϩⲧ"/>
		<feat xlink:href="#sSpan2905" value="ⲡⲉ ⲡⲛⲉⲩⲙⲁ ⲛ ⲧ ⲡⲟⲣⲛⲉⲓⲁ"/>
		<feat xlink:href="#sSpan2917" value="ⲧ ⲡⲟⲣⲛⲉⲓⲁ"/>
		<feat xlink:href="#sSpan2929" value="ⲧ ⲁⲕⲁⲑⲁⲣⲥⲓⲁ"/>
		<feat xlink:href="#sSpan2958" value="ⲡⲉ ⲡⲛⲉⲩⲙⲁ ⲛ ⲧ ⲙⲛⲧϫⲁϫⲉ"/>
		<feat xlink:href="#sSpan2971" value="ⲧ ⲙⲛⲧϫⲁϫⲉ"/>
		<feat xlink:href="#sSpan2986" value="ⲡⲁ ⲧ ⲗⲩⲡⲏ"/>
		<feat xlink:href="#sSpan3037" value="ⲧⲉ ⲯⲩⲭⲏ ⲛ ⲧⲁⲗⲁⲓⲡⲱⲣⲟⲥ · ⲉⲧ ⲟⲩ ⲛⲁ ϭⲟⲓⲗⲉ ⲉⲣⲟ ⲥ"/>
		<feat xlink:href="#sSpan3048" value="ⲧⲁⲗⲁⲓⲡⲱⲣⲟⲥ"/>
		<feat xlink:href="#sSpan3090" value="ⲧⲁⲓ ⲛ ϯ ⲙⲓⲛⲉ"/>
		<feat xlink:href="#sSpan3122" value="ⲡ ⲛⲟⲩⲧⲉ"/>
		<feat xlink:href="#sSpan3153" value="ⲧⲉⲩ ⲉⲝⲟⲩⲥⲓⲁ"/>
		<feat xlink:href="#sSpan3175" value="ⲡⲉⲓ ⲥⲁ"/>
		<feat xlink:href="#sSpan3184" value="ⲡⲁⲓ"/>
		<feat xlink:href="#sSpan3201" value="ⲛ ⲧⲁⲣⲧⲁⲣⲟⲥ"/>
		<feat xlink:href="#sSpan3211" value="ⲁⲙⲛⲧⲉ"/>
		<feat xlink:href="#sSpan3218" value="ⲡⲁ ϣⲏⲣⲉ"/>
		<feat xlink:href="#sSpan3265" value="ⲛⲉⲕ ⲃⲁⲗ"/>
		<feat xlink:href="#sSpan3278" value="ⲛⲉⲕ ⲃⲟⲩⲱϩⲉ"/>
		<feat xlink:href="#sSpan3314" value="ⲟⲩ ϭⲁϩⲥⲉ ⲉⲃⲟⲗ ϩⲛ ϩⲉⲛ ϩⲁⲁϭⲉ"/>
		<feat xlink:href="#sSpan3328" value="ϩⲉⲛ ϩⲁⲁϭⲉ"/>
		<feat xlink:href="#sSpan3339" value="ⲛⲉ ⲡⲛⲉⲩⲙⲁ ⲅⲁⲣ ⲧⲏⲣ ⲟⲩ"/>
		<feat xlink:href="#sSpan3364" value="ⲡⲁ ϣⲏⲣⲉ"/>
		<feat xlink:href="#sSpan3390" value="ϩⲁϩ ⲛ ⲥⲟⲡ"/>
		<feat xlink:href="#sSpan3404" value="ⲧⲁ ⲙⲛⲧϣⲏⲣⲉ ϣⲏⲙ"/>
		<feat xlink:href="#sSpan3430" value="ⲡ ϫⲁⲓⲉ"/>
		<feat xlink:href="#sSpan3457" value="ⲡⲁ ϩⲏⲧ"/>
		<feat xlink:href="#sSpan3518" value="ⲧ ⲁⲡⲉⲓⲗⲏ"/>
		<feat xlink:href="#sSpan3533" value="ⲡⲉ ⲇⲣⲁⲕⲱⲛ"/>
		<feat xlink:href="#sSpan3564" value="ⲥⲁⲥⲁ ⲛⲓⲙ"/>
		<feat xlink:href="#sSpan3591" value="ⲧ ⲙⲏⲏⲧⲉ"/>
		<feat xlink:href="#sSpan3676" value="ⲧⲉϥ ⲙⲛⲧⲟⲩⲁϩⲓⲓⲏⲧ"/>
		<feat xlink:href="#sSpan3693" value="ⲡⲁ ϩⲏⲧ"/>
		<feat xlink:href="#sSpan3705" value="ⲛⲧⲟⲟⲓ"/>
		<feat xlink:href="#sSpan3718" value="ⲟⲩ ⲁⲡⲥ ⲛ ⲥⲟⲡ"/>
		<feat xlink:href="#sSpan3727" value="ⲥⲟⲡ"/>
		<feat xlink:href="#sSpan3744" value="ⲥⲁⲥⲁ ⲛⲓⲙ"/>
		<feat xlink:href="#sSpan3791" value="ⲡ ⲛⲟⲩⲧⲉ"/>
		<feat xlink:href="#sSpan3801" value="ⲟⲩ ⲣⲓⲙⲉ"/>
		<feat xlink:href="#sSpan3810" value="ⲟⲩ ⲑⲃⲃⲓⲟ"/>
		<feat xlink:href="#sSpan3823" value="ⲟⲩ ⲛⲏⲥⲧⲉⲓⲁ"/>
		<feat xlink:href="#sSpan3834" value="ϩⲉⲛ ⲟⲩϣⲏ ⲛ ⲣⲟⲉⲓⲥ"/>
		<feat xlink:href="#sSpan3853" value="ⲡ ϫⲁϫⲉ"/>
		<feat xlink:href="#sSpan3879" value="ⲛⲉϥ ⲕⲉ ⲡⲛⲉⲩⲙⲁ ⲧⲏⲣ ⲟⲩ ⲛⲧⲉ ⲡ ⲟⲩⲣⲟⲧ ⲙ ⲡ ⲛⲟⲩⲧⲉ"/>
		<feat xlink:href="#sSpan3897" value="ⲡ ⲟⲩⲣⲟⲧ ⲙ ⲡ ⲛⲟⲩⲧⲉ"/>
		<feat xlink:href="#sSpan3906" value="ⲡ ⲛⲟⲩⲧⲉ"/>
		<feat xlink:href="#sSpan3956" value="ⲧ ⲃⲟⲏⲑⲉⲓⲁ ⲙ ⲡ ⲛⲟⲩⲧⲉ"/>
		<feat xlink:href="#sSpan3967" value="ⲡ ⲛⲟⲩⲧⲉ"/>
		<feat xlink:href="#sSpan3982" value="ⲛⲉϥ ⲁⲛⲟⲭⲏ"/>
		<feat xlink:href="#sSpan4005" value="ⲛ ϣⲏⲣⲉ ⲛ ⲛ ⲣⲱⲙⲉ"/>
		<feat xlink:href="#sSpan4014" value="ⲛ ⲣⲱⲙⲉ"/>
		<feat xlink:href="#sSpan4027" value="ⲧⲉϥ ϭⲟⲙ"/>
		<feat xlink:href="#sSpan4040" value="ⲧⲉϥ ⲙⲛⲧⲭⲣⲓⲥⲧⲟⲥ"/>
		<feat xlink:href="#sSpan4053" value="ⲡⲁ ϣⲏⲣⲉ"/>
		<feat xlink:href="#sSpan4074" value="ⲗⲁⲁⲩ ⲛ ⲣⲱⲙⲉ"/>
		<feat xlink:href="#sSpan4105" value="ⲟⲩⲁ ⲉ ⲩ ⲧⲁⲓⲟ ⲙⲙⲟ ϥ"/>
		<feat xlink:href="#sSpan4138" value="ⲡⲁⲓ ⲟⲩⲱ ⲉ ϥ ϫⲓ ⲛ ⲧⲉϥ ⲙⲟⲧⲛⲉⲥ"/>
		<feat xlink:href="#sSpan4158" value="ⲧⲉϥ ⲙⲟⲧⲛⲉⲥ"/>
		<feat xlink:href="#sSpan4183" value="ⲡⲉⲓ ⲙⲉⲉⲩⲉ · ϫⲉ ϥ ϩⲟⲟⲩ ⲉⲙⲁⲧⲉ"/>
		<feat xlink:href="#sSpan4214" value="ⲡ ⲛⲟⲩⲧⲉ"/>
		<feat xlink:href="#sSpan4228" value="ⲡ ⲉⲧ ⲧⲁⲓⲟ ⲙⲙⲟ ϥ"/>
		<feat xlink:href="#sSpan4263" value="ⲡⲉϥ ⲥⲟⲛ"/>
		<feat xlink:href="#sSpan4272" value="ⲡ ⲉⲧ ϫⲱ"/>
		<feat xlink:href="#sSpan4324" value="ⲩ ⲗⲁⲁⲩ ⲡⲉ · ⲉ ϥ ⲣϩⲁⲗ ⲙⲙⲟ ϥ ⲙⲁⲩⲁⲁ ϥ"/>
		<feat xlink:href="#sSpan4401" value="ϫⲁⲥⲓϩⲏⲧ"/>
		<feat xlink:href="#sSpan4417" value="ⲡⲉϥ ϩⲏⲧ ⲛ ⲧ ϩⲉ ⲙ ⲡ ϩⲏⲧ ⲙ ⲡ ⲛⲟⲩⲧⲉ"/>
		<feat xlink:href="#sSpan4435" value="ⲡ ϩⲏⲧ ⲙ ⲡ ⲛⲟⲩⲧⲉ"/>
		<feat xlink:href="#sSpan4444" value="ⲡ ⲛⲟⲩⲧⲉ"/>
		<feat xlink:href="#sSpan4475" value="ⲡ ⲉⲧ ⲧⲛⲧⲱⲛ ⲉⲣⲟ ⲓ"/>
		<feat xlink:href="#sSpan4505" value="ⲡⲉϥ ϫⲡⲓⲟ"/>
		<feat xlink:href="#sSpan4538" value="ⲁⲙⲛⲧⲉ"/>
		<feat xlink:href="#sSpan4559" value="ⲛ ⲉⲧ ⲙⲟⲟⲩⲧ"/>
		<feat xlink:href="#sSpan4585" value="ⲟⲩ ϫⲟⲟⲗ ⲥ"/>
		<feat xlink:href="#sSpan4607" value="ⲟⲩ ϥⲛⲧ"/>
		<feat xlink:href="#sSpan4616" value="ⲡ ⲣⲱⲙⲉ"/>
		<feat xlink:href="#sSpan4651" value="ⲡⲉ ⲑⲃⲃⲓⲟ"/>
		<feat xlink:href="#sSpan4706" value="ⲛⲁ ⲛⲟⲃⲉ"/>
		<feat xlink:href="#sSpan4724" value="ⲛⲟϭ ⲡⲁⲣⲁ ⲛⲁ ⲟⲩⲟⲛ ⲛⲓⲙ"/>
		<feat xlink:href="#sSpan4734" value="ⲛⲁ ⲟⲩⲟⲛ ⲛⲓⲙ"/>
		<feat xlink:href="#sSpan4764" value="ⲗⲁⲁⲩ"/>
		<feat xlink:href="#sSpan4785" value="ⲗⲁⲁⲩ"/>
		<feat xlink:href="#sSpan4816" value="ⲟⲩ ϩⲙϩⲁⲗ"/>
		<feat xlink:href="#sSpan4839" value="ⲡ ⲉⲛⲧ ⲁ ϥ ϩⲉ"/>
		<feat xlink:href="#sSpan4871" value="ⲡⲉϥ ϫⲟⲉⲓⲥ"/>
		<feat xlink:href="#sSpan4910" value="ⲡⲁ ϣⲏⲣⲉ"/>
		<feat xlink:href="#sSpan4931" value="ⲗⲁⲁⲩ ⲛ ⲣⲱⲙⲉ"/>
		<feat xlink:href="#sSpan4961" value="ⲛ ⲁⲣⲉⲧⲏ ⲧⲏⲣ ⲟⲩ"/>
		<feat xlink:href="#sSpan5002" value="ⲟⲩ ϣⲙⲙⲟ"/>
		<feat xlink:href="#sSpan5039" value="ⲣⲱⲙⲉ"/>
		<feat xlink:href="#sSpan5068" value="ⲛⲉⲩ ϩⲃⲏⲩⲉ"/>
		<feat xlink:href="#sSpan5084" value="ⲟⲩ ϩⲏⲕⲉ"/>
		<feat xlink:href="#sSpan5099" value="ⲗⲁⲁⲩ ⲛ ϩⲱⲃ"/>
		<feat xlink:href="#sSpan5136" value="ⲧ ⲙⲛⲧϩⲏⲕⲉ"/>
		<feat xlink:href="#sSpan5152" value="ⲣⲱ ϥ"/>
		<feat xlink:href="#sSpan5165" value="ⲡ ⲁⲥⲉⲃⲏⲥ"/>
		<feat xlink:href="#sSpan5225" value="ⲡ ⲉⲧ ϩⲟⲟⲩ"/>
		<feat xlink:href="#sSpan5236" value="ⲡ ⲁⲣⲭⲱⲛ"/>
		<feat xlink:href="#sSpan5251" value="ⲙ ⲙⲛⲧⲉⲓⲱⲧ"/>
		<feat xlink:href="#sSpan5286" value="ⲟⲩ ⲡⲟⲗⲉⲙⲟⲥ"/>
		<feat xlink:href="#sSpan5303" value="ⲟⲩ ⲗⲁⲁⲩ"/>
		<feat xlink:href="#sSpan5328" value="ⲡ ⲥⲁⲣⲕⲓⲕⲟⲛ"/>
		<feat xlink:href="#sSpan5342" value="ⲧⲉ ⲧⲣⲟⲫⲏ"/>
		<feat xlink:href="#sSpan5356" value="ⲕⲁⲕⲉⲓ"/>
		<feat xlink:href="#sSpan5383" value="ⲡ ⲛⲟⲩⲧⲉ"/>
		<feat xlink:href="#sSpan5406" value="ⲟⲩ ⲡⲉⲧϩⲏⲡ"/>
		<feat xlink:href="#sSpan5434" value="ⲁⲃⲃⲁⲕⲟⲩⲙ"/>
		<feat xlink:href="#sSpan5441" value="ϯ ⲟⲩⲇⲁⲓⲁ"/>
		<feat xlink:href="#sSpan5455" value="ⲇⲁⲛⲓⲏⲗ"/>
		<feat xlink:href="#sSpan5466" value="ⲧⲉ ⲭⲁⲗⲇⲁⲓⲁ"/>
		<feat xlink:href="#sSpan5477" value="ⲡ ⲇⲓⲁⲥⲧⲏⲙⲁ ⲅⲁⲣ ⲉⲧ ⲟⲩ ⲧⲱ ⲟⲩ"/>
		<feat xlink:href="#sSpan5515" value="ⲙⲟⲛⲏ"/>
		<feat xlink:href="#sSpan5528" value="ⲇⲁⲛⲓⲏⲗ"/>
		<feat xlink:href="#sSpan5542" value="ⲡ ⲉⲥⲏⲧ ⲙ ⲡ ϣⲏⲓ"/>
		<feat xlink:href="#sSpan5551" value="ⲡ ϣⲏⲓ"/>
		<feat xlink:href="#sSpan5568" value="ϩⲣⲉ"/>
		<feat xlink:href="#sSpan5575" value="ⲛⲉ ⲑⲏⲣⲓⲟⲛ"/>
		<feat xlink:href="#sSpan5596" value="ⲡ ⲁⲣⲓⲥⲧⲟⲛ"/>
		<feat xlink:href="#sSpan5633" value="ⲧ ⲉⲣⲏⲙⲟⲥ"/>
		<feat xlink:href="#sSpan5647" value="ⲧⲉ ⲭⲏⲣⲁ ⲉⲧ ϩⲛ ⲥⲉⲣⲉⲡⲧⲁ · ⲧⲁⲓ ⲉⲧⲉⲣⲉ ⲧ ⲙⲁⲥϯⲅⲝ ⲙ ⲡ ϩⲉⲃⲱⲱⲛ ⲙⲛ ⲧ ⲁⲛⲁⲅⲕⲏ ⲙ ⲡⲉ ϩⲕⲟ · ϩⲟⲣϣ ⲉϫⲱ ⲥ ⲁⲩⲱ ⲉ ⲥ ϩⲙ ⲡⲉ ϭⲣⲱⲱϩ ⲛ ϯ ϭⲟⲧ ⲙⲡⲉ ⲥ ⲣϭⲁⲃϩⲏⲧ"/>
		<feat xlink:href="#sSpan5659" value="ⲥⲉⲣⲉⲡⲧⲁ · ⲧⲁⲓ ⲉⲧⲉⲣⲉ ⲧ ⲙⲁⲥϯⲅⲝ ⲙ ⲡ ϩⲉⲃⲱⲱⲛ ⲙⲛ ⲧ ⲁⲛⲁⲅⲕⲏ ⲙ ⲡⲉ ϩⲕⲟ · ϩⲟⲣϣ ⲉϫⲱ ⲥ ⲁⲩⲱ ⲉ ⲥ ϩⲙ ⲡⲉ ϭⲣⲱⲱϩ ⲛ ϯ ϭⲟⲧ ⲙⲡⲉ ⲥ ⲣϭⲁⲃϩⲏⲧ"/>
		<feat xlink:href="#sSpan5675" value="ⲧ ⲙⲁⲥϯⲅⲝ ⲙ ⲡ ϩⲉⲃⲱⲱⲛ"/>
		<feat xlink:href="#sSpan5685" value="ⲡ ϩⲉⲃⲱⲱⲛ"/>
		<feat xlink:href="#sSpan5694" value="ⲧ ⲁⲛⲁⲅⲕⲏ ⲙ ⲡⲉ ϩⲕⲟ"/>
		<feat xlink:href="#sSpan5705" value="ⲡⲉ ϩⲕⲟ"/>
		<feat xlink:href="#sSpan5736" value="ⲡⲉ ϭⲣⲱⲱϩ"/>
		<feat xlink:href="#sSpan5818" value="ⲡ ⲛⲟⲩⲧⲉ"/>
		<feat xlink:href="#sSpan5831" value="ⲡⲉⲥ ⲏⲓ"/>
		<feat xlink:href="#sSpan5845" value="ⲡⲉ ⲟⲩⲟⲉⲓϣ ⲙ ⲡ ϩⲉⲃⲱⲱⲛ"/>
		<feat xlink:href="#sSpan5854" value="ⲡ ϩⲉⲃⲱⲱⲛ"/>
		<feat xlink:href="#sSpan5869" value="ⲟⲩ ⲙⲛⲧϫⲱⲱⲣⲉ ⲁⲛ ⲡⲉ ϯ ⲟⲉⲓⲕ ϩⲙ ⲡⲉ ⲟⲩⲟⲉⲓϣ ⲙ ⲡ ϩⲉⲛⲟⲩϥⲉ ⲁⲩⲱ ⲛ ⲟⲩ ⲙⲛⲧϩⲏⲕⲉ ⲁⲛ ⲧⲉ · ⲉⲕϣⲁⲛ ⲉⲅⲕⲁⲕⲉⲓ ϩⲙ ⲛⲉ ϭⲣⲱⲱϩ"/>
		<feat xlink:href="#sSpan5887" value="ϯ ⲟⲉⲓⲕ ϩⲙ ⲡⲉ ⲟⲩⲟⲉⲓϣ ⲙ ⲡ ϩⲉⲛⲟⲩϥⲉ"/>
		<feat xlink:href="#sSpan5896" value="ⲡⲉ ⲟⲩⲟⲉⲓϣ ⲙ ⲡ ϩⲉⲛⲟⲩϥⲉ"/>
		<feat xlink:href="#sSpan5905" value="ⲡ ϩⲉⲛⲟⲩϥⲉ"/>
		<feat xlink:href="#sSpan5919" value="ⲟⲩ ⲙⲛⲧϩⲏⲕⲉ ⲁⲛ"/>
		<feat xlink:href="#sSpan5949" value="ⲛⲉ ϭⲣⲱⲱϩ"/>
		<feat xlink:href="#sSpan5976" value="ⲛ ⲉⲧ ⲟⲩⲁⲁⲃ"/>
		<feat xlink:href="#sSpan6048" value="ⲛⲉⲩ ⲑⲗⲓⲯⲓⲥ"/>
		<feat xlink:href="#sSpan6075" value="ⲡ ⲁⲅⲱⲛ ⲛ ⲛⲉ ⲅⲣⲁⲫⲏ"/>
		<feat xlink:href="#sSpan6086" value="ⲛⲉ ⲅⲣⲁⲫⲏ"/>
		<feat xlink:href="#sSpan6100" value="ⲗⲁⲁⲩ ⲙ ⲙⲛⲧϩⲙϩⲁⲗ"/>
		<feat xlink:href="#sSpan6108" value="ⲙⲛⲧϩⲙϩⲁⲗ"/>
		<feat xlink:href="#sSpan6170" value="ⲟⲩⲱⲙ"/>
		<feat xlink:href="#sSpan6177" value="ⲟⲩ ⲥⲱ"/>
		<feat xlink:href="#sSpan6195" value="ⲟⲩ ⲙⲉⲣⲟⲥ ⲛ ϣⲁ ⲏ · ⲛ ⲥⲟⲩⲟⲩⲁ · ⲏ ⲛ ⲥⲁⲃⲃⲁⲧⲟⲛ · ⲛⲁⲓ ⲉⲧ ϣⲟⲟⲡ ⲛ ϩⲁⲓⲃⲉⲥ · ⲛ ⲛ ⲉⲧ ⲛⲁ ϣⲱⲡⲉ"/>
		<feat xlink:href="#sSpan6205" value="ϣⲁ"/>
		<feat xlink:href="#sSpan6218" value="ⲛ ⲥⲟⲩⲟⲩⲁ"/>
		<feat xlink:href="#sSpan6234" value="ⲛ ⲥⲁⲃⲃⲁⲧⲟⲛ"/>
		<feat xlink:href="#sSpan6260" value="ϩⲁⲓⲃⲉⲥ"/>
		<feat xlink:href="#sSpan6292" value="ⲛⲁⲩ ⲛⲓⲙ ⲛ ⲛ ϣⲁϫⲉ ⲙ ⲡ ⲛⲟⲩⲧⲉ"/>
		<feat xlink:href="#sSpan6303" value="ⲛ ϣⲁϫⲉ ⲙ ⲡ ⲛⲟⲩⲧⲉ"/>
		<feat xlink:href="#sSpan6312" value="ⲡ ⲛⲟⲩⲧⲉ"/>
		<feat xlink:href="#sSpan6331" value="ⲡ ϩⲓⲥⲉ"/>
		<feat xlink:href="#sSpan6351" value="ϩⲱⲃ ⲛⲓⲙ"/>
		<feat xlink:href="#sSpan6378" value="ⲡ ⲧⲁⲉⲓⲟ ⲛ ⲛ ⲣⲱⲙⲉ"/>
		<feat xlink:href="#sSpan6387" value="ⲛ ⲣⲱⲙⲉ"/>
		<feat xlink:href="#sSpan6400" value="ⲡ ⲉⲧ ϫⲡⲓⲟ · ⲙⲙⲟ ⲕ ϩⲛ ⲧ ϩⲟⲧⲉ ⲙ ⲡ ⲛⲟⲩⲧⲉ"/>
		<feat xlink:href="#sSpan6423" value="ⲧ ϩⲟⲧⲉ ⲙ ⲡ ⲛⲟⲩⲧⲉ"/>
		<feat xlink:href="#sSpan6432" value="ⲡ ⲛⲟⲩⲧⲉ"/>
		<feat xlink:href="#sSpan6447" value="ⲣⲱⲙⲉ ⲛⲓⲙ"/>
		<feat xlink:href="#sSpan6481" value="ⲣⲱⲙⲉ ⲛⲓⲙ"/>
		<feat xlink:href="#sSpan6510" value="ⲡⲉⲕ ϩⲱⲃ"/>
		<feat xlink:href="#sSpan6519" value="ⲡⲉⲕ ϣⲁϫⲉ ⲉⲧ ⲛⲁⲛⲟⲩ ϥ"/>
		<feat xlink:href="#sSpan6551" value="ⲧ ϩⲏ"/>
		<feat xlink:href="#sSpan6572" value="ⲡ ⲛⲟⲩⲧⲉ"/>
		<feat xlink:href="#sSpan6590" value="ⲡⲉ ⲕⲗⲟⲙ"/>
		<feat xlink:href="#sSpan6618" value="ⲛ ⲉⲧ ⲛⲁ ⲙⲟⲩⲛ ⲉⲃⲟⲗ"/>
		<feat xlink:href="#sSpan6670" value="ⲡ ⲛⲟⲩⲧⲉ"/>
		<feat xlink:href="#sSpan6704" value="ⲧ ⲙⲏⲧⲉ"/>
		<feat xlink:href="#sSpan6713" value="ⲛⲉ ⲥⲛⲏⲩ"/>
		<feat xlink:href="#sSpan6738" value="ⲗⲁⲁⲩ ⲛ ϣⲁϫⲉ ⲛ ⲉⲗⲗⲏⲃ"/>
		<feat xlink:href="#sSpan6745" value="ϣⲁϫⲉ ⲛ ⲉⲗⲗⲏⲃ"/>
		<feat xlink:href="#sSpan6752" value="ⲉⲗⲗⲏⲃ"/>
		<feat xlink:href="#sSpan6791" value="ⲡ ϫⲓϩⲣⲁϥ ⲛ ⲛⲁⲃⲟⲩⲭⲟⲇⲟⲛⲟⲥⲟⲣ"/>
		<feat xlink:href="#sSpan6804" value="ⲛⲁⲃⲟⲩⲭⲟⲇⲟⲛⲟⲥⲟⲣ"/>
		<feat xlink:href="#sSpan6817" value="ⲡⲁⲓ"/>
		<feat xlink:href="#sSpan6828" value="ⲥⲟⲕ ⲟⲩ"/>
		<feat xlink:href="#sSpan6838" value="ⲛⲉϥ ⲟⲩⲉⲗⲗⲉ ⲙ ⲙⲟⲩⲥⲓⲕⲟⲛ"/>
		<feat xlink:href="#sSpan6848" value="ⲙⲟⲩⲥⲓⲕⲟⲛ"/>
		<feat xlink:href="#sSpan6878" value="ⲛ ϭⲓⲛⲟⲩⲱⲙ ⲛ ⲧⲉϥ ⲧⲣⲁⲡⲉⲍⲁ"/>
		<feat xlink:href="#sSpan6883" value="ϭⲓⲛⲟⲩⲱⲙ ⲛ ⲧⲉϥ ⲧⲣⲁⲡⲉⲍⲁ"/>
		<feat xlink:href="#sSpan6890" value="ⲧⲉϥ ⲧⲣⲁⲡⲉⲍⲁ"/>
		<feat xlink:href="#sSpan6908" value="ⲡⲁⲓ"/>
		<feat xlink:href="#sSpan6923" value="ⲡⲉϥ ϣⲁϩ ⲡⲁⲓ ⲉⲧ ϫⲟⲥⲉ ⲛ ϩⲙⲉ ⲯⲓⲧ ⲙ ⲙⲁϩⲉ ⲙ ⲡⲟⲩ ⲡⲱⲱⲛⲉ ⲙⲛ ⲡ ⲉⲧ ⲡⲟⲟⲛⲉ"/>
		<feat xlink:href="#sSpan6942" value="ϩⲙⲉ ⲯⲓⲧ ⲙ ⲙⲁϩⲉ ⲙ ⲡⲟⲩ ⲡⲱⲱⲛⲉ"/>
		<feat xlink:href="#sSpan6954" value="ⲙⲁϩⲉ ⲙ ⲡⲟⲩ ⲡⲱⲱⲛⲉ"/>
		<feat xlink:href="#sSpan6969" value="ⲡ ⲉⲧ ⲡⲟⲟⲛⲉ"/>
		<feat xlink:href="#sSpan7000" value="ⲡ ⲉⲧ ⲥⲟⲩⲧⲱⲛ ⲉⲧⲉ ⲡ ⲛⲟⲩⲧⲉ ⲡⲉ"/>
		<feat xlink:href="#sSpan7011" value="ⲡ ⲛⲟⲩⲧⲉ"/>
		<feat xlink:href="#sSpan7030" value="ⲡⲁⲓ"/>
		<feat xlink:href="#sSpan7047" value="ⲁⲡⲉ ⲉϫⲛ ⲛⲉⲩ ϫⲁϫⲉ"/>
		<feat xlink:href="#sSpan7054" value="ⲛⲉⲩ ϫⲁϫⲉ"/>
		<feat xlink:href="#sSpan7064" value="ⲇⲁⲛⲓⲏⲗ"/>
		<feat xlink:href="#sSpan7080" value="ⲡⲉϥ ⲥⲱⲧⲙ ⲛⲥⲁ ⲡⲓ ⲗⲟⲅⲓⲥⲙⲟⲥ ⲉ ⲧ ϩⲟⲟⲩ"/>
		<feat xlink:href="#sSpan7090" value="ⲡⲓ ⲗⲟⲅⲓⲥⲙⲟⲥ"/>
		<feat xlink:href="#sSpan7100" value="ⲧ ϩⲟⲟⲩ"/>
		<feat xlink:href="#sSpan7113" value="ⲛⲉ ⲭⲁⲗⲇⲁⲓⲟⲥ"/>
		<feat xlink:href="#sSpan7129" value="ⲡⲁⲓ"/>
		<feat xlink:href="#sSpan7184" value="ⲟⲩ ⲙⲛⲧⲣⲙⲛϩⲏⲧ"/>
		<feat xlink:href="#sSpan7220" value="ⲧ ⲧⲁⲡⲣⲟ ⲛ ⲙ ⲙⲟⲩⲓ ⲛ ⲁⲅⲣⲓⲟⲛ"/>
		<feat xlink:href="#sSpan7229" value="ⲙ ⲙⲟⲩⲓ ⲛ ⲁⲅⲣⲓⲟⲛ"/>
		<feat xlink:href="#sSpan7239" value="ⲁⲅⲣⲓⲟⲛ"/>
		<feat xlink:href="#sSpan7259" value="ⲡⲁ ϣⲏⲣⲉ"/>
		<feat xlink:href="#sSpan7276" value="ⲡ ⲛⲟⲩⲧⲉ"/>
		<feat xlink:href="#sSpan7292" value="ϩⲉⲗⲡⲓⲥ"/>
		<feat xlink:href="#sSpan7318" value="ⲃⲟⲏⲧⲟⲥ"/>
		<feat xlink:href="#sSpan7329" value="ⲡ ⲛⲁⲩ ⲛ ⲧⲉⲕ ⲁⲛⲁⲅⲕⲏ"/>
		<feat xlink:href="#sSpan7338" value="ⲧⲉⲕ ⲁⲛⲁⲅⲕⲏ"/>
		<feat xlink:href="#sSpan7365" value="ⲡ ⲉⲧ ⲛⲁ ϯ ⲡⲉϥ ⲟⲩⲟⲓ ⲉ ⲡ ⲛⲟⲩⲧⲉ ⲉ ⲡⲓⲥⲧⲉⲩⲉ"/>
		<feat xlink:href="#sSpan7383" value="ⲡ ⲛⲟⲩⲧⲉ"/>
		<feat xlink:href="#sSpan7432" value="ⲧⲁⲓ ⲃⲉⲉⲕⲉ ⲛ ⲛ ⲉⲧ ϣⲓⲛⲉ ⲛⲥⲱ ϥ"/>
		<feat xlink:href="#sSpan7442" value="ⲛ ⲉⲧ ϣⲓⲛⲉ ⲛⲥⲱ ϥ"/>
		<feat xlink:href="#sSpan7471" value="ⲛⲉⲓ ϣⲁϫⲉ"/>
		<feat xlink:href="#sSpan7511" value="ⲡ ⲛⲟⲩⲧⲉ"/>
		<feat xlink:href="#sSpan7530" value="ⲟⲩ ⲕⲟⲩⲓ"/>
		<feat xlink:href="#sSpan7539" value="ⲟⲩ ⲛⲟϭ ϩⲛ ϩⲉⲛ ⲛⲏⲥⲧⲉⲓⲁ"/>
		<feat xlink:href="#sSpan7548" value="ϩⲉⲛ ⲛⲏⲥⲧⲉⲓⲁ"/>
		<feat xlink:href="#sSpan7567" value="ⲡ ⲕⲉ ⲥⲉⲉⲡⲉ ⲛ ϣⲙϣⲉ"/>
		<feat xlink:href="#sSpan7593" value="ⲩ ⲡⲁϭⲥⲉ"/>
		<feat xlink:href="#sSpan7617" value="ⲣⲱ ⲕ"/>
		<feat xlink:href="#sSpan7626" value="ⲟⲩ ⲛⲏⲥⲧⲉⲓⲁ"/>
		<feat xlink:href="#sSpan7642" value="ⲡ ⲛⲟⲩⲧⲉ"/>
		<feat xlink:href="#sSpan7654" value="ⲡⲉⲥ ⲱⲃϣ"/>
		<feat xlink:href="#sSpan7684" value="ⲛⲁⲓ ⲧⲏⲣ ⲟⲩ ⲙ ⲡ ⲛⲁⲩ ⲛ ⲧⲉⲕ ⲁⲛⲁⲅⲕⲏ"/>
		<feat xlink:href="#sSpan7698" value="ⲡ ⲛⲁⲩ ⲛ ⲧⲉⲕ ⲁⲛⲁⲅⲕⲏ"/>
		<feat xlink:href="#sSpan7707" value="ⲧⲉⲕ ⲁⲛⲁⲅⲕⲏ"/>
		<feat xlink:href="#sSpan7736" value="ϩⲱⲃ ⲛⲓⲙ"/>
		<feat xlink:href="#sSpan7753" value="ⲛⲉⲕ ϣⲁϫⲉ ⲙ ⲡⲁϩⲟⲩ"/>
		<feat xlink:href="#sSpan7762" value="ⲡⲁϩⲟⲩ"/>
		<feat xlink:href="#sSpan7792" value="ϩⲱⲃ ⲛⲓⲙ"/>
		<feat xlink:href="#sSpan7803" value="ⲟⲩ ⲉⲓⲣⲏⲛⲏ"/>
		<feat xlink:href="#sSpan7845" value="ⲡⲉⲓⲣⲁⲥⲙⲟⲥ ⲛⲓⲙ"/>
		<feat xlink:href="#sSpan7856" value="ⲟⲩ ⲣⲁϣⲉ"/>
		<feat xlink:href="#sSpan7883" value="ⲡ ⲧⲁⲉⲓⲟ ⲉⲧ ⲟⲩⲏϩ ⲛⲥⲁ ⲙ ⲡⲉⲓⲣⲁⲥⲙⲟⲥ"/>
		<feat xlink:href="#sSpan8032" value="ⲡⲉⲕ ϩⲏⲧ"/>
		<feat xlink:href="#sSpan8059" value="ⲁⲓⲭⲙⲁⲗⲱⲧⲟⲥ"/>
		<feat xlink:href="#sSpan8077" value="ⲡ ⲣⲱⲙⲉ ⲉ ⲕ ⲣ ⲟⲩ ϩⲛ ⲧ ⲃⲁⲃⲩⲗⲱⲛ"/>
		<feat xlink:href="#sSpan8096" value="ⲧ ⲃⲁⲃⲩⲗⲱⲛ"/>
		<feat xlink:href="#sSpan8115" value="ⲟⲩ ⲕⲁϩ ⲛ ϣⲙⲙⲟ"/>
		<feat xlink:href="#sSpan8159" value="ⲡ ⲛⲟⲩⲧⲉ"/>
		<feat xlink:href="#sSpan8174" value="ⲟⲩ ⲥⲟⲟⲩⲧⲛ"/>
		<feat xlink:href="#sSpan8190" value="ⲡⲁⲓ"/>
		<feat xlink:href="#sSpan8202" value="ⲡⲁ ⲥⲟⲛ"/>
		<feat xlink:href="#sSpan8216" value="ⲡⲉⲕ ϩⲏⲧ"/>
		<feat xlink:href="#sSpan8256" value="ⲛⲉⲕ ϫⲁϫⲉ"/>
		<feat xlink:href="#sSpan8308" value="ⲧⲉ ⲩϣⲏ"/>
		<feat xlink:href="#sSpan8317" value="ⲡⲉ ϩⲟⲟⲩ"/>
		<feat xlink:href="#sSpan8335" value="ⲕⲣⲟ ϥ"/>
		<feat xlink:href="#sSpan8357" value="ⲡⲁⲓ"/>
		<feat xlink:href="#sSpan8371" value="ⲧ ⲙⲛⲧⲛⲟϭ"/>
		<feat xlink:href="#sSpan8385" value="ⲛⲉⲕ ⲑⲃⲃⲓⲟ · ⲛⲧⲉ ⲛⲉⲕ ϫⲁϫⲉ"/>
		<feat xlink:href="#sSpan8398" value="ⲛⲉⲕ ϫⲁϫⲉ"/>
		<feat xlink:href="#sSpan8432" value="ⲡⲉ ⲑⲃⲃⲓⲟ"/>
		<feat xlink:href="#sSpan8445" value="ⲡ ⲉⲧ ϫⲓⲥⲉ ⲙⲙⲟ ϥ"/>
		<feat xlink:href="#sSpan8475" value="ⲡ ⲉⲧ ⲑⲃⲃⲓⲟ ⲇⲉ ⲙⲙⲟ ϥ"/>
		<feat xlink:href="#sSpan8554" value="ⲟⲩⲁ"/>
		<feat xlink:href="#sSpan8575" value="ⲡ ⲉⲩⲁⲅⲅⲉⲗⲓⲟⲛ ⲙ ⲡⲉ ⲭⲣⲓⲥⲧⲟⲥ"/>
		<feat xlink:href="#sSpan8585" value="ⲡⲉ ⲭⲣⲓⲥⲧⲟⲥ"/>
		<feat xlink:href="#sSpan8652" value="ⲡ ⲉⲧ ⲥⲱⲧⲙ"/>
		<feat xlink:href="#sSpan8698" value="ϩⲏⲗⲓⲁⲥ"/>
		<feat xlink:href="#sSpan8724" value="ⲛ ϫⲱⲱⲣⲉ"/>
		<feat xlink:href="#sSpan8747" value="ⲉⲗⲓⲥⲁⲓⲟⲥ"/>
		<feat xlink:href="#sSpan8775" value="ϩⲏⲗⲓⲁⲥ"/>
		<feat xlink:href="#sSpan8782" value="ⲡⲉϥ ⲡⲛⲉⲩⲙⲁ"/>
		<feat xlink:href="#sSpan8837" value="ⲧ ⲙⲏⲏⲧⲉ ⲛ ⲛ ⲣⲱⲙⲉ"/>
		<feat xlink:href="#sSpan8847" value="ⲛ ⲣⲱⲙⲉ"/>
		<feat xlink:href="#sSpan8863" value="ⲁⲃⲣⲁϩⲁⲙ"/>
		<feat xlink:href="#sSpan8870" value="ⲗⲱⲧ"/>
		<feat xlink:href="#sSpan8882" value="ⲙⲱⲩⲥⲏⲥ"/>
		<feat xlink:href="#sSpan8890" value="ⲥⲁⲙⲟⲩⲏⲗ"/>
		<feat xlink:href="#sSpan8923" value="ⲡ ϫⲁⲓⲉ"/>
		<feat xlink:href="#sSpan8936" value="ⲛⲉ ⲡⲣⲟⲫⲏⲧⲏⲥ ⲧⲏⲣ ⲟⲩ ϩⲓϩⲏ ⲙⲙⲟ ⲕ"/>
		<feat xlink:href="#sSpan8990" value="ⲛ ϫⲁⲓⲉ"/>
		<feat xlink:href="#sSpan9003" value="ⲛ ⲉⲓⲁ ⲙⲛ ⲛⲉ ϣⲕⲟⲗ ⲙ ⲡ ⲕⲁϩ · ⲉ ⲩ ⲣϭⲣⲱϩ"/>
		<feat xlink:href="#sSpan9012" value="ⲛⲉ ϣⲕⲟⲗ ⲙ ⲡ ⲕⲁϩ"/>
		<feat xlink:href="#sSpan9021" value="ⲡ ⲕⲁϩ"/>
		<feat xlink:href="#sSpan9078" value="ⲧ ϩⲁⲓⲃⲉⲥ ⲛ ⲛ ⲉⲧ ⲟⲟⲃⲉ ⲁⲩⲱ ⲡⲉ ⲡⲛⲉⲩⲙⲁ ⲛ ⲛ ⲣⲱⲙⲉ · ⲉⲧ ϫⲏⲩ ⲛ ϭⲟⲛⲥ"/>
		<feat xlink:href="#sSpan9088" value="ⲛ ⲉⲧ ⲟⲟⲃⲉ"/>
		<feat xlink:href="#sSpan9101" value="ⲡⲉ ⲡⲛⲉⲩⲙⲁ ⲛ ⲛ ⲣⲱⲙⲉ"/>
		<feat xlink:href="#sSpan9111" value="ⲛ ⲣⲱⲙⲉ"/>
		<feat xlink:href="#sSpan9130" value="ϭⲟⲛⲥ"/>
		<feat xlink:href="#sSpan9165" value="ⲡ ⲗⲏⲥⲧⲏⲥ"/>
		<feat xlink:href="#sSpan9175" value="ⲟⲩ ϣⲁϫⲉ"/>
		<feat xlink:href="#sSpan9185" value="ⲡⲉ ⲥⲧⲁⲩⲣⲟⲥ"/>
		<feat xlink:href="#sSpan9199" value="ⲡ ϫⲟⲉⲓⲥ"/>
		<feat xlink:href="#sSpan9208" value="ⲛⲉϥ ⲛⲟⲃⲉ"/>
		<feat xlink:href="#sSpan9243" value="ⲡ ⲡⲁⲣⲁⲇⲓⲥⲟⲥ"/>
		<feat xlink:href="#sSpan9265" value="ⲡⲉⲕ ⲧⲁⲉⲓⲟ"/>
		<feat xlink:href="#sSpan9288" value="ⲟⲩ ⲡⲉⲓⲣⲁⲥⲙⲟⲥ"/>
		<feat xlink:href="#sSpan9305" value="ⲟⲩ ⲡⲛⲉⲩⲙⲁ ⲙ ⲡⲟⲣⲛⲉⲓⲁ"/>
		<feat xlink:href="#sSpan9317" value="ⲡⲟⲣⲛⲉⲓⲁ"/>
		<feat xlink:href="#sSpan9331" value="ⲟⲩ ⲡⲛⲉⲩⲙⲁ ⲙ ⲙⲛⲧϫⲁⲥⲓϩⲏⲧ"/>
		<feat xlink:href="#sSpan9357" value="ⲕⲉ ⲗⲁⲁⲩ ⲙ ⲡⲁⲑⲟⲥ"/>
		<feat xlink:href="#sSpan9369" value="ⲡⲁⲑⲟⲥ"/>
		<feat xlink:href="#sSpan9405" value="ⲙ ⲡⲁⲑⲱⲥ · ⲙ ⲡ ⲇⲓⲁⲃⲟⲗⲟⲥ"/>
		<feat xlink:href="#sSpan9418" value="ⲡ ⲇⲓⲁⲃⲟⲗⲟⲥ"/>
		<feat xlink:href="#sSpan9452" value="ⲓⲏⲥⲟⲩⲥ"/>
		<feat xlink:href="#sSpan9499" value="ⲧ ⲉⲃϣⲉ"/>
		<feat xlink:href="#sSpan9516" value="ⲧ ⲙⲁⲁⲩ ⲛ ⲛ ϭⲉⲣⲏⲧ ⲧⲏⲣ ⲟⲩ"/>
		<feat xlink:href="#sSpan9525" value="ⲛ ϭⲉⲣⲏⲧ ⲧⲏⲣ ⲟⲩ"/>
		<feat xlink:href="#sSpan9541" value="ⲡⲁ ϣⲏⲣⲉ"/>
		<feat xlink:href="#sSpan9565" value="ⲧ ⲉⲡⲓⲑⲩⲙⲓⲁ"/>
		<feat xlink:href="#sSpan9594" value="ⲡ ⲛⲟⲩⲥ ⲛ ⲕⲁⲕⲉ"/>
		<feat xlink:href="#sSpan9604" value="ⲕⲁⲕⲉ"/>
		<feat xlink:href="#sSpan9629" value="ⲡ ⲙⲩⲥⲧⲏⲣⲓⲟⲛ"/>
		<feat xlink:href="#sSpan9642" value="ⲡ ⲛⲟⲩⲧⲉ"/>
		<feat xlink:href="#sSpan9671" value="ϣⲙⲙⲟ"/>
		<feat xlink:href="#sSpan9678" value="ⲧ ⲁⲥⲡⲉ ⲙ ⲡⲉ ⲡⲛⲉⲩⲙⲁ"/>
		<feat xlink:href="#sSpan9688" value="ⲡⲉ ⲡⲛⲉⲩⲙⲁ"/>
		<feat xlink:href="#sSpan9725" value="ⲡⲉ ⲥⲧⲁⲩⲣⲟⲥ ⲙ ⲡⲉ ⲭⲣⲓⲥⲧⲟⲥ"/>
		<feat xlink:href="#sSpan9736" value="ⲡⲉ ⲭⲣⲓⲥⲧⲟⲥ"/>
		<feat xlink:href="#sSpan9760" value="ⲡ ϩⲏⲧ"/>
		<feat xlink:href="#sSpan9777" value="ⲛⲉ ⲥⲙⲟⲩ ⲙ ⲡ ⲛⲟⲩⲧⲉ"/>
		<feat xlink:href="#sSpan9786" value="ⲡ ⲛⲟⲩⲧⲉ"/>
		<feat xlink:href="#sSpan9811" value="ⲡ ⲟⲩⲱⲥϣ ⲛ ⲙ ⲙⲁϩⲧ"/>
		<feat xlink:href="#sSpan9820" value="ⲙ ⲙⲁϩⲧ"/>
		<feat xlink:href="#sSpan9828" value="ⲡⲁⲓ ⲉ ϣⲁ ϥ ⲁⲁ ⲕ ⲛ ϣⲙⲙⲟ ⲉ ⲛ ⲁⲅⲁⲑⲟⲛ ⲙ ⲡ ⲡⲁⲣⲁⲇⲉⲓⲥⲟⲥ"/>
		<feat xlink:href="#sSpan9847" value="ϣⲙⲙⲟ"/>
		<feat xlink:href="#sSpan9854" value="ⲛ ⲁⲅⲁⲑⲟⲛ ⲙ ⲡ ⲡⲁⲣⲁⲇⲉⲓⲥⲟⲥ"/>
		<feat xlink:href="#sSpan9864" value="ⲡ ⲡⲁⲣⲁⲇⲉⲓⲥⲟⲥ"/>
		<feat xlink:href="#sSpan9891" value="ⲡ ϫⲱϩⲙ ⲡⲁⲓ"/>
		<feat xlink:href="#sSpan9917" value="ⲡ ⲛⲟⲩⲧⲉ"/>
		<feat xlink:href="#sSpan9926" value="ⲛⲉϥ ⲁⲅⲅⲉⲗⲟⲥ"/>
		<feat xlink:href="#sSpan9936" value="ⲡⲁ ϣⲏⲣⲉ"/>
		<feat xlink:href="#sSpan9957" value="ⲡ ⲛⲟⲩⲧⲉ"/>
		<feat xlink:href="#sSpan9994" value="ⲡ ϫⲁϫⲉ"/>
		<feat xlink:href="#sSpan10013" value="ⲛⲉ ϩⲙⲟⲧ ⲙ ⲡ ⲛⲟⲩⲧⲉ"/>
		<feat xlink:href="#sSpan10022" value="ⲡ ⲛⲟⲩⲧⲉ"/>
		<feat xlink:href="#sSpan10056" value="ⲡⲉ ⲥⲙⲟⲩ ⲛ ⲓⲟⲩⲇⲁ ⲡ ϣⲏⲣⲉ ⲛ ⲓⲁⲕⲱⲃ"/>
		<feat xlink:href="#sSpan10067" value="ⲓⲟⲩⲇⲁ ⲡ ϣⲏⲣⲉ ⲛ ⲓⲁⲕⲱⲃ"/>
		<feat xlink:href="#sSpan10081" value="ⲓⲁⲕⲱⲃ"/>
		<feat xlink:href="#sSpan10106" value="ⲓⲟⲩⲇⲁ"/>
		<feat xlink:href="#sSpan10109" value="ⲛⲉⲕ ⲥⲛⲏⲩ"/>
		<feat xlink:href="#sSpan10129" value="ⲛⲉⲕ ϭⲓϫ"/>
		<feat xlink:href="#sSpan10146" value="ⲡ ϫⲓⲥⲉ ⲛ ⲛⲉⲕ ϫⲁϫⲉ"/>
		<feat xlink:href="#sSpan10156" value="ⲛⲉⲕ ϫⲁϫⲉ"/>
		<feat xlink:href="#sSpan10185" value="ⲛ ϣⲏⲣⲉ ⲙ ⲡⲉⲕ ⲉⲓⲱⲧ"/>
		<feat xlink:href="#sSpan10195" value="ⲡⲉⲕ ⲉⲓⲱⲧ"/>
		<feat xlink:href="#sSpan10222" value="ⲛ ϫⲁⲥⲓϩⲏⲧ"/>
		<feat xlink:href="#sSpan10242" value="ⲧ ⲁⲣⲭⲏ ⲙ ⲡⲉ ⲧ ϩⲟⲟⲩ ⲛⲓⲙ"/>
		<feat xlink:href="#sSpan10252" value="ⲡⲉ ⲧ ϩⲟⲟⲩ ⲛⲓⲙ"/>
		<feat xlink:href="#sSpan10269" value="ⲧ ⲁⲣⲭⲏ ⲛ ⲧ ⲙⲛⲧϫⲁⲥⲓϩⲏⲧ ⲡⲉ ⲥⲁϩⲱⲱ ⲕ ⲉⲃⲟⲗ ⲙ ⲡ ⲛⲟⲩⲧⲉ · ⲧ ⲉⲧ ⲟⲩⲏϩ · ⲛⲥⲱ ⲥ ⲧⲉ"/>
		<feat xlink:href="#sSpan10281" value="ⲧ ⲙⲛⲧϫⲁⲥⲓϩⲏⲧ"/>
		<feat xlink:href="#sSpan10308" value="ⲡ ⲛⲟⲩⲧⲉ"/>
		<feat xlink:href="#sSpan10340" value="ⲧ ⲙⲛⲧⲛⲁϣⲧϩⲏⲧ"/>
		<feat xlink:href="#sSpan10373" value="ⲛⲁⲓ"/>
		<feat xlink:href="#sSpan10382" value="ⲡⲉⲕ ⲙⲁ ⲛ ⲙⲧⲟⲛ"/>
		<feat xlink:href="#sSpan10399" value="ⲧ ϩⲓⲉⲗⲏⲙ ⲛ ⲧ ⲡⲉ"/>
		<feat xlink:href="#sSpan10408" value="ⲧ ⲡⲉ"/>
		<feat xlink:href="#sSpan10424" value="ⲡ ϫⲟⲉⲓⲥ"/>
		<feat xlink:href="#sSpan10519" value="ⲡ ⲉⲟⲟⲩ ⲛⲧ ⲁ ⲡ ⲛⲟⲩⲧⲉ ⲧⲁⲁ ϥ ⲛⲁ ⲕ"/>
		<feat xlink:href="#sSpan10530" value="ⲡ ⲛⲟⲩⲧⲉ"/>
		<feat xlink:href="#sSpan10589" value="ⲡ ⲉⲧ ⲟⲩ ⲛⲁ ϩⲉ ⲉⲣⲟ ϥ"/>
		<feat xlink:href="#sSpan10642" value="ⲛ ϩⲩⲡⲁⲣⲭⲟⲛⲧⲁ ⲙ ⲡⲉϥ ϫⲟⲉⲓⲥ"/>
		<feat xlink:href="#sSpan10652" value="ⲡⲉϥ ϫⲟⲉⲓⲥ"/>
		<feat xlink:href="#sSpan10686" value="ⲧ ⲙⲛⲧⲣⲣⲟ"/>
		<feat xlink:href="#sSpan10709" value="ⲛⲉ ϣⲃⲏⲣ ⲙ ⲡ ⲡⲁⲧϣⲉⲗⲉⲉⲧ"/>
		<feat xlink:href="#sSpan10718" value="ⲡ ⲡⲁⲧϣⲉⲗⲉⲉⲧ"/>
		<feat xlink:href="#sSpan10762" value="ⲡⲉϥ ⲙⲁ ⲛ ⲉⲗⲟⲟⲗⲉ"/>
		<feat xlink:href="#sSpan10777" value="ⲡⲁ ϣⲏⲣⲉ"/>
		<feat xlink:href="#sSpan10793" value="ϩⲁⲣϣϩⲏⲧ ϩⲛ ϩⲱⲃ ⲛⲓⲙ"/>
		<feat xlink:href="#sSpan10802" value="ϩⲱⲃ ⲛⲓⲙ"/>
		<feat xlink:href="#sSpan10825" value="ϭⲉⲡⲏ"/>
		<feat xlink:href="#sSpan10853" value="ⲡ ⲛⲟⲩⲧⲉ ⲛ ⲟⲩ ⲣⲅⲁⲧⲏⲥ"/>
		<feat xlink:href="#sSpan10862" value="ⲟⲩ ⲣⲅⲁⲧⲏⲥ"/>
		<feat xlink:href="#sSpan10898" value="ⲡ ⲛⲟⲩⲧⲉ"/>
		<feat xlink:href="#sSpan10916" value="ⲡ ⲉⲧ ϫⲟ ⲙⲛ ⲡ ⲉⲧ ⲱϩⲥ"/>
		<feat xlink:href="#sSpan10927" value="ⲡ ⲉⲧ ⲱϩⲥ"/>
		<feat xlink:href="#sSpan10956" value="ⲧⲉⲕ ⲁⲡⲟⲑⲩⲕⲏ ⲛ ⲛ ⲁⲅⲁⲑⲟⲛ ⲙ ⲡ ⲛⲟⲩⲧⲉ"/>
		<feat xlink:href="#sSpan10965" value="ⲛ ⲁⲅⲁⲑⲟⲛ ⲙ ⲡ ⲛⲟⲩⲧⲉ"/>
		<feat xlink:href="#sSpan10975" value="ⲡ ⲛⲟⲩⲧⲉ"/>
		<feat xlink:href="#sSpan11009" value="ⲛⲉⲓ ϩⲩⲡⲟⲕⲣⲓⲧⲏⲥ"/>
		<feat xlink:href="#sSpan11034" value="ⲛⲉⲕ ⲟⲩⲱϣ ⲛ ϩⲏⲧ"/>
		<feat xlink:href="#sSpan11043" value="ϩⲏⲧ"/>
		<feat xlink:href="#sSpan11060" value="ⲡ ⲛⲟⲩⲧⲉ"/>
		<feat xlink:href="#sSpan11084" value="ⲡⲉⲕ ⲟⲩϫⲁⲓ"/>
		<feat xlink:href="#sSpan11109" value="ⲟⲩ ⲡⲁⲑⲟⲥ"/>
		<feat xlink:href="#sSpan11126" value="ⲩ ⲙⲛⲧⲙⲁⲓϩⲙⲛⲧ"/>
		<feat xlink:href="#sSpan11143" value="ϫⲕⲱϩ"/>
		<feat xlink:href="#sSpan11156" value="ⲟⲩ ⲙⲟⲥⲧⲉ"/>
		<feat xlink:href="#sSpan11171" value="ⲡ ⲕⲉ ⲥⲉⲉⲡⲉ ⲙ ⲡⲁⲑⲟⲥ"/>
		<feat xlink:href="#sSpan11183" value="ⲡⲁⲑⲟⲥ"/>
		<feat xlink:href="#sSpan11221" value="ⲟⲩ ϩⲏⲧ ⲙ ⲙⲟⲩⲓ"/>
		<feat xlink:href="#sSpan11230" value="ⲙⲟⲩⲓ"/>
		<feat xlink:href="#sSpan11255" value="ⲟⲩ ϩⲏⲧ ⲛ ϫⲱⲱⲣⲉ"/>
		<feat xlink:href="#sSpan11265" value="ϫⲱⲱⲣⲉ"/>
		<feat xlink:href="#sSpan11309" value="ⲥⲓⲱⲛ"/>
		<feat xlink:href="#sSpan11316" value="ⲱⲅ"/>
		<feat xlink:href="#sSpan11323" value="ⲛ ⲣⲣⲱⲟⲩ ⲧⲏⲣ ⲟⲩ ⲛ ⲛ ⲁⲙⲟⲣⲣⲁⲓⲟⲥ"/>
		<feat xlink:href="#sSpan11338" value="ⲛ ⲁⲙⲟⲣⲣⲁⲓⲟⲥ"/>
		<feat xlink:href="#sSpan11354" value="ⲡ ⲙⲉⲣⲓⲧ ⲛ ϣⲏⲣⲉ ⲙ ⲙⲟⲛⲟⲅⲉⲛⲏⲥ ⲛ ⲣⲣⲟ ⲓⲏⲥⲟⲩⲥ"/>
		<feat xlink:href="#sSpan11411" value="ⲙ ⲡⲟⲗⲓⲥ ⲛ ⲛ ϫⲁϫⲉ"/>
		<feat xlink:href="#sSpan11422" value="ⲛ ϫⲁϫⲉ"/>
		<feat xlink:href="#sSpan11458" value="ⲙⲛⲧϫⲁⲥⲓϩⲏⲧ ⲛⲓⲙ"/>
		<feat xlink:href="#sSpan11481" value="ϫⲁⲣϩⲏⲧ"/>
		<feat xlink:href="#sSpan11503" value="ⲓⲏⲥⲟⲩ ⲛ ⲛⲁⲩⲏ ⲣϫⲁⲣϩⲏⲧ"/>
		<feat xlink:href="#sSpan11510" value="ⲛⲁⲩⲏ ⲣϫⲁⲣϩⲏⲧ"/>
		<feat xlink:href="#sSpan11528" value="ⲡ ⲛⲟⲩⲧⲉ"/>
		<feat xlink:href="#sSpan11542" value="ⲛⲉϥ ϫⲁϫⲉ"/>
		<feat xlink:href="#sSpan11587" value="ⲡ ⲛⲟⲙⲟⲥ ⲙ ⲡ ⲛⲟⲩⲧⲉ"/>
		<feat xlink:href="#sSpan11597" value="ⲡ ⲛⲟⲩⲧⲉ"/>
		<feat xlink:href="#sSpan11613" value="ⲧ ⲙⲛⲧϭⲁⲃϩⲏⲧ"/>
		<feat xlink:href="#sSpan11635" value="ⲗⲟⲓϭⲉ"/>
		<feat xlink:href="#sSpan11647" value="ⲙⲛⲧⲣϥϫⲛⲁⲁⲩ · ϩⲓ ⲙⲛⲧⲁⲧⲛⲁϩⲧⲉ ϩⲓ ⲙⲛⲧⲁⲙⲉⲗⲏⲥ · ϣⲁⲛⲧⲉ ⲕ ⲱϫⲛ"/>
		<feat xlink:href="#sSpan11662" value="ⲙⲛⲧⲁⲧⲛⲁϩⲧⲉ"/>
		<feat xlink:href="#sSpan11672" value="ⲙⲛⲧⲁⲙⲉⲗⲏⲥ"/>
		<feat xlink:href="#sSpan11704" value="ϩⲏⲧ ⲙ ⲙⲟⲩⲓ"/>
		<feat xlink:href="#sSpan11711" value="ⲙⲟⲩⲓ"/>
		<feat xlink:href="#sSpan11764" value="ⲧ ⲁⲅⲁⲡⲏ ⲙ ⲡ ⲛⲟⲩⲧⲉ"/>
		<feat xlink:href="#sSpan11776" value="ⲡ ⲛⲟⲩⲧⲉ"/>
		<feat xlink:href="#sSpan11805" value="ⲕⲉ ⲣⲱⲙⲉ ⲉⲧ ϩⲓⲃⲟⲗ"/>
		<feat xlink:href="#sSpan11830" value="ⲡ ⲉⲧ ϩⲓϩⲟⲩⲛ"/>
		<feat xlink:href="#sSpan11853" value="ⲟⲩ ϩⲟⲟⲩ"/>
		<feat xlink:href="#sSpan11863" value="ⲩ ϩⲟⲟⲩ"/>
		<feat xlink:href="#sSpan11886" value="ⲡ ϫⲁⲓⲉ"/>
		<feat xlink:href="#sSpan11900" value="ϩⲉⲛ ϣⲗⲏⲗ"/>
		<feat xlink:href="#sSpan11913" value="ϩⲉⲛ ⲛⲏⲥⲧⲉⲓⲁ"/>
		<feat xlink:href="#sSpan11927" value="ⲟⲩ ⲑⲙⲕⲟ"/>
		<feat xlink:href="#sSpan11951" value="ⲧ ⲙⲏⲏⲧⲉ ⲛ ⲛ ⲣⲱⲙⲉ"/>
		<feat xlink:href="#sSpan11960" value="ⲛ ⲣⲱⲙⲉ"/>
		<feat xlink:href="#sSpan11973" value="ⲥⲁⲃⲉ ⲛ ⲧ ϩⲉ ⲛ ⲛⲓ ϩⲟϥ"/>
		<feat xlink:href="#sSpan11989" value="ⲛⲓ ϩⲟϥ"/>
		<feat xlink:href="#sSpan12004" value="ⲛⲁ ⲕⲁⲓⲣⲉⲟⲥ ⲛ ⲧ ϩⲉ ⲛ ⲛⲉⲓ ϭⲣⲟⲟⲙⲡⲉ"/>
		<feat xlink:href="#sSpan12021" value="ⲛⲉⲓ ϭⲣⲟⲟⲙⲡⲉ"/>
		<feat xlink:href="#sSpan12037" value="ⲟⲩⲁ"/>
		<feat xlink:href="#sSpan12091" value="ⲡ ⲛⲟⲩⲧⲉ"/>
		<feat xlink:href="#sSpan12115" value="ⲧⲉⲕ ⲛⲟϥⲣⲉ"/>
		<feat xlink:href="#sSpan12146" value="ⲧ ϩⲓⲕⲱⲛ ⲙ ⲡ ⲛⲟⲩⲧⲉ"/>
		<feat xlink:href="#sSpan12156" value="ⲡ ⲛⲟⲩⲧⲉ"/>
		<feat xlink:href="#sSpan12192" value="ⲡ ⲉⲧ ⲛⲁ ϯⲉⲟⲟⲩ ⲛⲁ ⲓ"/>
		<feat xlink:href="#sSpan12236" value="ⲡ ⲉⲧ ⲛⲁ ϯⲥⲱϣ ⲛⲁ ⲓ"/>
		<feat xlink:href="#sSpan12331" value="ⲛ ⲣⲱⲙⲉ ⲧⲏⲣ ⲟⲩ"/>
		<feat xlink:href="#sSpan12407" value="ⲡⲉⲧⲛ ⲣⲁⲛ"/>
		<feat xlink:href="#sSpan12422" value="ⲡⲟⲛⲏⲣⲟⲥ"/>
		<feat xlink:href="#sSpan12438" value="ⲛⲉⲛ ⲉⲓⲟⲟⲧⲉ"/>
		<feat xlink:href="#sSpan12453" value="ⲃⲁⲣⲛⲁⲃⲁⲥ"/>
		<feat xlink:href="#sSpan12463" value="ⲡⲁⲩⲗⲟⲥ"/>
		<feat xlink:href="#sSpan12489" value="ⲛⲉⲩ ϩⲟⲉⲓⲧⲉ"/>
		<feat xlink:href="#sSpan12516" value="ⲡ ⲉⲟⲟⲩ ⲛ ⲛ ⲣⲱⲙⲉ"/>
		<feat xlink:href="#sSpan12525" value="ⲛ ⲣⲱⲙⲉ"/>
		<feat xlink:href="#sSpan12535" value="ⲡⲉⲧⲣⲟⲥ"/>
		<feat xlink:href="#sSpan12554" value="ⲓⲱϩⲁⲛⲛⲏⲥ"/>
		<feat xlink:href="#sSpan12575" value="ⲡ ⲥⲩⲛϩⲉⲇⲣⲓⲟⲛ"/>
		<feat xlink:href="#sSpan12603" value="ⲩ ⲣⲁϣⲉ"/>
		<feat xlink:href="#sSpan12645" value="ⲡ ⲣⲁⲛ ⲉⲧ ⲟⲩⲁⲁⲃ"/>
		<feat xlink:href="#sSpan12664" value="ⲡ ϫⲟⲉⲓⲥ"/>
		<feat xlink:href="#sSpan12687" value="ⲡ ⲧⲁⲉⲓⲟ ⲛ ⲧ ⲡⲉ"/>
		<feat xlink:href="#sSpan12696" value="ⲧ ⲡⲉ"/>
		<feat xlink:href="#sSpan12723" value="ⲡⲁ ϣⲏⲣⲉ"/>
		<feat xlink:href="#sSpan12743" value="ⲧ ⲙⲟⲧⲛⲉⲥ ⲙ ⲡⲉⲓ ⲁⲓⲱⲛ"/>
		<feat xlink:href="#sSpan12752" value="ⲡⲉⲓ ⲁⲓⲱⲛ"/>
		<feat xlink:href="#sSpan12778" value="ⲡⲉⲓ ⲁⲓⲱⲛ ⲉⲧ ⲛⲏⲩ"/>
		<feat xlink:href="#sSpan12818" value="ϩⲟⲟⲩ"/>
		<feat xlink:href="#sSpan12865" value="ⲡ ϩⲱϣ ⲛ ⲧⲉⲕ ⲁⲛⲁⲅⲕⲏ ⲛⲧⲉ ⲛⲉⲓ ϣⲁⲃⲉϩⲟ"/>
		<feat xlink:href="#sSpan12874" value="ⲧⲉⲕ ⲁⲛⲁⲅⲕⲏ ⲛⲧⲉ ⲛⲉⲓ ϣⲁⲃⲉϩⲟ"/>
		<feat xlink:href="#sSpan12885" value="ⲛⲉⲓ ϣⲁⲃⲉϩⲟ"/>
		<feat xlink:href="#sSpan12925" value="ⲟⲩⲁϩⲓⲏⲧ"/>
		<feat xlink:href="#sSpan12946" value="ⲛⲉⲩ ⲧⲟⲡⲟⲥ ⲛ ⲕⲁⲕⲉ"/>
		<feat xlink:href="#sSpan12956" value="ⲕⲁⲕⲉ"/>
		<feat xlink:href="#sSpan12965" value="ⲛⲁⲓ ⲉⲧ ⲙⲏϩ ⲛ ϩⲟⲧⲉ ϩⲓ ⲁⲛⲁⲅⲕⲏ"/>
		<feat xlink:href="#sSpan12980" value="ϩⲟⲧⲉ"/>
		<feat xlink:href="#sSpan12988" value="ⲁⲛⲁⲅⲕⲏ"/>
		<feat xlink:href="#sSpan13017" value="ϩⲉⲛ ⲣⲱⲙⲉ"/>
		<feat xlink:href="#sSpan13059" value="ⲡⲁⲓ"/>
		<feat xlink:href="#sSpan13074" value="ⲡ ⲥⲱϣ"/>
		<feat xlink:href="#sSpan13098" value="ⲧⲉ ⲡⲗⲩⲅⲏ ⲛ ⲛⲉⲕ ⲛⲟⲃⲉ"/>
		<feat xlink:href="#sSpan13110" value="ⲛⲉⲕ ⲛⲟⲃⲉ"/>
		<feat xlink:href="#sSpan13150" value="ⲡ ⲉⲟⲟⲩ ⲉⲧ ϣⲟⲩⲉⲓⲧ"/>
		<feat xlink:href="#sSpan13167" value="ⲡ ϩⲟⲡⲗⲟⲛ ⲙ ⲡ ⲇⲓⲁⲃⲟⲗⲟⲥ"/>
		<feat xlink:href="#sSpan13180" value="ⲡ ⲇⲓⲁⲃⲟⲗⲟⲥ"/>
		<feat xlink:href="#sSpan13192" value="ⲧ ⲕⲉⲛⲟⲇⲟⲝⲓⲁ · ⲛⲧ ⲁ ⲩ ⲣϩⲁⲗ ⲛ ⲉⲩϩⲁ ϩⲙ ⲡⲉⲓ ⲥⲙⲟⲧ"/>
		<feat xlink:href="#sSpan13218" value="ⲉⲩϩⲁ"/>
		<feat xlink:href="#sSpan13226" value="ⲡⲉⲓ ⲥⲙⲟⲧ"/>
		<feat xlink:href="#sSpan13270" value="ⲡ ϣⲏⲛ"/>
		<feat xlink:href="#sSpan13289" value="ⲛⲉⲧⲛ ⲃⲁⲗ"/>
		<feat xlink:href="#sSpan13315" value="ⲛⲓ ⲛⲟⲩⲧⲉ"/>
		<feat xlink:href="#sSpan13346" value="ⲧ ⲙⲉ"/>
		<feat xlink:href="#sSpan13369" value="ⲡ ⲉⲟⲟⲩ ⲛ ⲧ ⲙⲛⲧⲛⲟⲩⲧⲉ"/>
		<feat xlink:href="#sSpan13378" value="ⲧ ⲙⲛⲧⲛⲟⲩⲧⲉ"/>
		<feat xlink:href="#sSpan13410" value="ⲧ ⲕⲉ ⲙⲛⲧⲣⲱⲙⲉ"/>
		<feat xlink:href="#sSpan13452" value="ⲡ ⲉⲟⲟⲩ ⲉⲧ ϣⲟⲩⲉⲓⲧ"/>
		<feat xlink:href="#sSpan13481" value="ϣⲙⲙⲟ"/>
		<feat xlink:href="#sSpan13488" value="ⲡ ⲉⲟⲟⲩ ⲙ ⲡ ⲛⲟⲩⲧⲉ"/>
		<feat xlink:href="#sSpan13499" value="ⲡ ⲛⲟⲩⲧⲉ"/>
		<feat xlink:href="#sSpan13509" value="ⲉⲩϩⲁ"/>
		<feat xlink:href="#sSpan13531" value="ⲡⲟⲩ ⲥϩⲁⲓ ⲛⲁ ⲥ"/>
		<feat xlink:href="#sSpan13559" value="ⲡⲉⲓ ⲡⲟⲗⲉⲙⲟⲥ"/>
		<feat xlink:href="#sSpan13569" value="ⲧ ϩⲏ"/>
		<feat xlink:href="#sSpan13580" value="ⲡ ⲇⲓⲁⲃⲟⲗⲟⲥ"/>
		<feat xlink:href="#sSpan13623" value="ⲡ ⲗⲟⲅⲟⲥ ⲙ ⲡ ⲛⲟⲩⲧⲉ"/>
		<feat xlink:href="#sSpan13634" value="ⲡ ⲛⲟⲩⲧⲉ"/>
		<feat xlink:href="#sSpan13661" value="ⲙⲁⲣⲓⲁ ⲧ ⲡⲁⲣⲑⲉⲛⲟⲥ"/>
		<feat xlink:href="#sSpan13685" value="ⲡ ⲅⲉⲛⲟⲥ ⲛ ⲉⲩϩⲁ"/>
		<feat xlink:href="#sSpan13697" value="ⲉⲩϩⲁ"/>
		<feat xlink:href="#sSpan13729" value="ⲡⲉⲓ ⲡⲟⲗⲉⲙⲟⲥ ϩⲓⲧⲛ ⲛ ⲉⲧ ⲟⲩⲁⲁⲃ"/>
		<feat xlink:href="#sSpan13740" value="ⲛ ⲉⲧ ⲟⲩⲁⲁⲃ"/>
		<feat xlink:href="#sSpan13755" value="ⲧ ϩⲓϩⲏ ⲙⲙⲟ ⲕ ϩⲛ ⲛⲉ ⲅⲣⲁⲫⲏ ⲉⲧ ⲟⲩⲁⲁⲃ"/>
		<feat xlink:href="#sSpan13770" value="ⲛⲉ ⲅⲣⲁⲫⲏ ⲉⲧ ⲟⲩⲁⲁⲃ"/>
		<feat xlink:href="#sSpan13794" value="ⲡⲁⲓ"/>
		<feat xlink:href="#sSpan13806" value="ⲡⲁ ⲥⲟⲛ"/>
		<feat xlink:href="#sSpan13849" value="ⲡⲟⲩ ⲧⲁⲙⲟⲓ ϩⲁ ⲧ ϩⲏ"/>
		<feat xlink:href="#sSpan13858" value="ⲧ ϩⲏ"/>
		<feat xlink:href="#sSpan13873" value="ϣⲟⲙⲧⲉ ⲙ ⲡ ϩⲟⲟⲩ ⲛ ϩⲟⲟⲩ"/>
		<feat xlink:href="#sSpan13889" value="ϩⲟⲟⲩ"/>
		<feat xlink:href="#sSpan13915" value="ⲡⲉⲩ ϩⲣⲟⲟⲩ"/>
		<feat xlink:href="#sSpan13934" value="ⲡ ⲕⲁϩ ⲧⲏⲣ ϥ"/>
		<feat xlink:href="#sSpan13953" value="ⲛⲉⲩ ϣⲁϫⲉ"/>
		<feat xlink:href="#sSpan13966" value="ⲛⲉⲕ ⲣⲣⲱⲟⲩ ⲛ ⲧ ⲟⲓⲕⲟⲩⲙⲉⲛⲏ"/>
		<feat xlink:href="#sSpan13976" value="ⲧ ⲟⲓⲕⲟⲩⲙⲉⲛⲏ"/>
		<feat xlink:href="#sSpan14014" value="ⲡⲉⲕ ϩⲏⲧ"/>
		<feat xlink:href="#sSpan14040" value="ⲡ ⲛⲟⲩⲧⲉ"/>
		<feat xlink:href="#sSpan14079" value="ⲡ ⲛⲟⲩⲧⲉ"/>
		<feat xlink:href="#sSpan14114" value="ⲡ ⲙⲡϣⲁ ⲛ ⲧ ⲙⲉⲣⲓⲥ ⲙ ⲡⲉϥ ϣⲏⲣⲉ"/>
		<feat xlink:href="#sSpan14124" value="ⲧ ⲙⲉⲣⲓⲥ ⲙ ⲡⲉϥ ϣⲏⲣⲉ"/>
		<feat xlink:href="#sSpan14134" value="ⲡⲉϥ ϣⲏⲣⲉ"/>
		<feat xlink:href="#sSpan14143" value="ⲛⲉϥ ⲡⲉⲧⲟⲩⲁⲁⲃ"/>
		<feat xlink:href="#sSpan14174" value="ⲡⲉⲕ ϫⲟⲉⲓⲥ"/>
		<feat xlink:href="#sSpan14183" value="ⲡⲉ ⲡⲗⲁⲛⲟⲥ"/>
		<feat xlink:href="#sSpan14197" value="ⲛⲉ ⲡⲣⲟⲫⲏⲧⲏⲥ"/>
		<feat xlink:href="#sSpan14211" value="ⲛ ⲉⲧ ⲥⲟϣ ϥ"/>
		<feat xlink:href="#sSpan14228" value="ϩⲉⲛ ⲕⲟⲟⲩⲉ"/>
		<feat xlink:href="#sSpan14239" value="ⲛ ⲉⲧ ⲗⲟⲃⲉ"/>
		<feat xlink:href="#sSpan14255" value="ⲡ ⲟⲥⲟ ⲙⲁⲗⲗⲟⲛ ⲁⲛⲟⲛ ⲛ ⲕⲁϩⲓ ϩⲓ ⲕⲣⲙⲉⲥ"/>
		<feat xlink:href="#sSpan14269" value="ⲛ ⲕⲁϩⲓ"/>
		<feat xlink:href="#sSpan14280" value="ⲕⲣⲙⲉⲥ"/>
		<feat xlink:href="#sSpan14309" value="ⲧⲉ ϩⲓⲏ"/>
		<feat xlink:href="#sSpan14320" value="ⲧⲁⲓ"/>
		<feat xlink:href="#sSpan14334" value="ⲡⲉⲕ ⲱⲛϩ"/>
		<feat xlink:href="#sSpan14356" value="ⲧⲉⲕ ⲁⲙⲉⲗⲓⲁ ⲧ ⲉⲧ ⲥⲱⲕ ⲙⲙⲟ ⲕ"/>
		<feat xlink:href="#sSpan14400" value="ⲛ ⲉⲧ ⲟⲩ ϩⲗⲟⲟⲗⲉ ⲙⲙⲟ ⲟⲩ ϩⲓϫⲛ ⲛ ⲕⲟⲕⲕⲟⲥ"/>
		<feat xlink:href="#sSpan14405" value="ⲟⲩ ϩⲗⲟⲟⲗⲉ ⲙⲙⲟ ⲟⲩ"/>
		<feat xlink:href="#sSpan14421" value="ⲛ ⲕⲟⲕⲕⲟⲥ"/>
		<feat xlink:href="#sSpan14445" value="ⲡⲉⲓ ⲉⲓⲧⲛ"/>
		<feat xlink:href="#sSpan14471" value="ⲡ ⲛⲟⲙⲟⲥ ⲙ ⲡ ⲛⲟⲩⲧⲉ"/>
		<feat xlink:href="#sSpan14481" value="ⲡ ⲛⲟⲩⲧⲉ"/>
		<feat xlink:href="#sSpan14508" value="ⲡ ⲟⲩⲱϣ ⲙ ⲡⲉⲩ ϩⲏⲧ"/>
		<feat xlink:href="#sSpan14517" value="ⲡⲉⲩ ϩⲏⲧ"/>
		<feat xlink:href="#sSpan14536" value="ⲡⲁ ϣⲏⲣⲉ"/>
		<feat xlink:href="#sSpan14556" value="ⲡ ⲛⲟⲩⲧⲉ ⲛ ⲛⲁⲩ ⲛⲓⲙ"/>
		<feat xlink:href="#sSpan14565" value="ⲛⲁⲩ ⲛⲓⲙ"/>
		<feat xlink:href="#sSpan14597" value="ⲡ ⲉⲛⲧ ⲁ ⲕ ⲥⲟⲧⲡ ϥ"/>
		<feat xlink:href="#sSpan14653" value="ϩⲉⲛ ⲙⲉⲉⲩⲉ"/>
		<feat xlink:href="#sSpan14666" value="ⲡⲉϥ ϩⲏⲧ"/>
		<feat xlink:href="#sSpan14675" value="ⲡ ⲉⲓⲁ ⲙ ⲡ ⲣⲓⲙⲉ"/>
		<feat xlink:href="#sSpan14685" value="ⲡ ⲣⲓⲙⲉ"/>
		<feat xlink:href="#sSpan14692" value="ⲡ ⲙⲁ ⲛⲧ ⲁ ⲕ ⲥⲙⲛⲧ ϥ"/>
		<feat xlink:href="#sSpan14731" value="ⲟⲩ ⲙⲛⲧⲃⲁⲗϩⲏⲧ"/>
		<feat xlink:href="#sSpan14762" value="ⲛⲉⲓ ϩⲓⲉⲓⲃ"/>
		<feat xlink:href="#sSpan14774" value="ⲛ ⲃⲁⲗϩⲏⲧ · ⲉ ⲩ ϥⲓ ⲙ ⲡⲉⲩ ⲥⲁⲣⲧ"/>
		<feat xlink:href="#sSpan14795" value="ⲡⲉⲩ ⲥⲁⲣⲧ"/>
		<feat xlink:href="#sSpan14834" value="ⲟⲩ ⲙⲁ"/>
		<feat xlink:href="#sSpan14843" value="ⲩ ⲙⲁ"/>
		<feat xlink:href="#sSpan14885" value="ⲡ ⲛⲟⲩⲧⲉ"/>
		<feat xlink:href="#sSpan14894" value="ⲡⲉⲓ ⲙⲁ"/>
		<feat xlink:href="#sSpan14904" value="ⲡⲁⲓ"/>
		<feat xlink:href="#sSpan14916" value="ⲡ ⲛⲟⲩⲧⲉ"/>
		<feat xlink:href="#sSpan14933" value="ⲧ ⲡⲉ"/>
		<feat xlink:href="#sSpan14952" value="ⲡ ⲕⲁϩ"/>
		<feat xlink:href="#sSpan14983" value="ⲟⲩ ⲙⲟⲟⲩ"/>
		<feat xlink:href="#sSpan15017" value="ⲉⲓⲉⲣⲱⲟⲩ"/>
		<feat xlink:href="#sSpan15044" value="ⲡⲁ ϣⲏⲣⲉ"/>
		<feat xlink:href="#sSpan15057" value="ⲡ ⲛⲟⲩⲧⲉ ϩⲙ ⲡⲉⲕ ⲥⲁ"/>
		<feat xlink:href="#sSpan15066" value="ⲡⲉⲕ ⲥⲁ"/>
		<feat xlink:href="#sSpan15100" value="ⲡ ⲛⲟⲙⲟⲥ"/>
		<feat xlink:href="#sSpan15110" value="ⲛ ⲉⲛⲧⲟⲗⲏ ⲙ ⲡ ⲛⲟⲩⲧⲉ"/>
		<feat xlink:href="#sSpan15120" value="ⲡ ⲛⲟⲩⲧⲉ"/>
		<feat xlink:href="#sSpan15136" value="ⲡ ⲗⲏⲥⲧⲏⲥ"/>
		<feat xlink:href="#sSpan15148" value="ⲡⲉ ⲥⲧⲁⲩⲣⲟⲥ"/>
		<feat xlink:href="#sSpan15167" value="ⲡ ⲡⲁⲣⲁⲇⲓⲥⲟⲥ"/>
		<feat xlink:href="#sSpan15185" value="ⲓⲟⲩⲇⲁⲥ"/>
		<feat xlink:href="#sSpan15198" value="ⲧ ⲙⲏⲏⲧⲉ ⲛ ⲛ ⲁⲡⲟⲥⲧⲟⲗⲟⲥ"/>
		<feat xlink:href="#sSpan15207" value="ⲛ ⲁⲡⲟⲥⲧⲟⲗⲟⲥ"/>
		<feat xlink:href="#sSpan15231" value="ⲡⲉϥ ϫⲟⲉⲓⲥ"/>
		<feat xlink:href="#sSpan15246" value="ϩⲣⲁⲁⲃ · ϩⲓ ⲧⲉⲥ ⲡⲟⲣⲛⲉⲓⲁ"/>
		<feat xlink:href="#sSpan15258" value="ⲧⲉⲥ ⲡⲟⲣⲛⲉⲓⲁ"/>
		<feat xlink:href="#sSpan15282" value="ⲛ ⲉⲧ ⲟⲩⲁⲁⲃ"/>
		<feat xlink:href="#sSpan15300" value="ⲉⲩϩⲁ"/>
		<feat xlink:href="#sSpan15314" value="ⲡ ⲡⲁⲣⲁⲇⲓⲥⲟⲥ"/>
		<feat xlink:href="#sSpan15347" value="ⲓⲱⲃ"/>
		<feat xlink:href="#sSpan15355" value="ⲧ ⲕⲟⲡⲣⲓⲁ"/>
		<feat xlink:href="#sSpan15379" value="ⲡⲉϥ ϫⲟⲉⲓⲥ"/>
		<feat xlink:href="#sSpan15394" value="ⲁⲇⲁⲙ"/>
		<feat xlink:href="#sSpan15408" value="ⲡ ⲡⲁⲣⲁⲇⲓⲥⲟⲥ"/>
		<feat xlink:href="#sSpan15431" value="ⲧ ⲉⲛⲧⲟⲗⲏ"/>
		<feat xlink:href="#sSpan15448" value="ⲛ ⲁⲅⲅⲉⲗⲟⲥ ⲛ ⲧ ⲡⲉ"/>
		<feat xlink:href="#sSpan15458" value="ⲧ ⲡⲉ"/>
		<feat xlink:href="#sSpan15477" value="ⲡ ⲛⲟⲩⲛ"/>
		<feat xlink:href="#sSpan15492" value="ϩⲏⲗⲓⲁⲥ"/>
		<feat xlink:href="#sSpan15507" value="ⲉⲛⲱⲭ"/>
		<feat xlink:href="#sSpan15524" value="ⲧ ⲙⲛⲧⲣⲣⲟ ⲛ ⲙ ⲡⲏⲩⲉ"/>
		<feat xlink:href="#sSpan15537" value="ⲙ ⲡⲏⲩⲉ"/>
		<feat xlink:href="#sSpan15546" value="ⲙⲁ"/>
		<feat xlink:href="#sSpan15572" value="ⲡ ⲛⲟⲩⲧⲉ"/>
		<feat xlink:href="#sSpan15591" value="ⲡⲉϥ ϩⲟ ⲛ ⲟⲩⲟⲉⲓϣ ⲛⲓⲙ"/>
		<feat xlink:href="#sSpan15600" value="ⲟⲩⲟⲉⲓϣ ⲛⲓⲙ"/>
		<feat xlink:href="#sSpan15637" value="ⲁⲃⲣⲁϩⲁⲙ"/>
		<feat xlink:href="#sSpan15656" value="ⲡ ⲛⲟⲩⲧⲉ"/>
		<feat xlink:href="#sSpan15670" value="ⲡⲉϥ ϣⲏⲣⲉ"/>
		<feat xlink:href="#sSpan15685" value="ⲟⲩ ⲑⲩⲥⲓⲁ ⲙ ⲡ ⲛⲟⲩⲧⲉ"/>
		<feat xlink:href="#sSpan15695" value="ⲡ ⲛⲟⲩⲧⲉ"/>
		<feat xlink:href="#sSpan15725" value="ⲡⲁ ϣⲃⲏⲣ"/>
		<feat xlink:href="#sSpan15759" value="ⲓⲱⲥⲏⲫ ⲡⲁⲓ ⲛⲧ ⲁ ϥ ⲁⲅⲱⲛⲓⲍⲉ ⲟⲩⲃⲉ ⲡ ϩⲱϫⲙ"/>
		<feat xlink:href="#sSpan15782" value="ⲡ ϩⲱϫⲙ"/>
		<feat xlink:href="#sSpan15802" value="ⲛⲉϥ ϫⲁϫⲉ"/>
		<feat xlink:href="#sSpan15836" value="ⲙⲱⲩⲥⲏⲥ ⲛⲧ ⲁ ϥ ⲁⲩⲁϩ ϥ ⲛⲥⲁ ⲡⲉϥ ϫⲟⲉⲓⲥ"/>
		<feat xlink:href="#sSpan15856" value="ⲡⲉϥ ϫⲟⲉⲓⲥ"/>
		<feat xlink:href="#sSpan15882" value="ⲛⲟⲙⲟⲑⲉⲧⲏⲥ"/>
		<feat xlink:href="#sSpan15908" value="ⲡⲉϥ ⲉⲓⲛⲉ"/>
		<feat xlink:href="#sSpan15924" value="ⲇⲁⲛⲓⲏⲗ"/>
		<feat xlink:href="#sSpan15952" value="ϩⲉⲛ ⲛⲟϭ ⲙ ⲙⲩⲥⲧⲏⲣⲓⲟⲛ"/>
		<feat xlink:href="#sSpan15985" value="ⲧ ⲧⲁⲡⲣⲟ ⲛ ⲙ ⲙⲟⲩⲓ"/>
		<feat xlink:href="#sSpan15994" value="ⲙ ⲙⲟⲩⲓ"/>
		<feat xlink:href="#sSpan16010" value="ⲡ ϣⲟⲙⲛⲧ ⲛ ϩⲁⲅⲓⲟⲥ"/>
		<feat xlink:href="#sSpan16046" value="ⲧⲉ ϩⲣⲱ ⲛ ⲥⲁⲧⲉ"/>
		<feat xlink:href="#sSpan16056" value="ⲥⲁⲧⲉ"/>
		<feat xlink:href="#sSpan16101" value="ⲧⲉϥ ⲡⲗⲩⲅⲏ"/>
		<feat xlink:href="#sSpan16117" value="ⲥⲟⲩⲥⲁⲛⲛⲁ"/>
		<feat xlink:href="#sSpan16149" value="ⲧ ϭⲓϫ ⲛ ⲙ ⲡⲁⲣⲁⲛⲟⲙⲟⲥ"/>
		<feat xlink:href="#sSpan16158" value="ⲙ ⲡⲁⲣⲁⲛⲟⲙⲟⲥ"/>
		<feat xlink:href="#sSpan16174" value="ⲓⲟⲩⲇⲉⲓⲑ"/>
		<feat xlink:href="#sSpan16207" value="ⲧⲉ ⲥⲕⲩⲛⲏ ⲛ ⲟⲗⲟⲫⲉⲣⲛⲏⲥ"/>
		<feat xlink:href="#sSpan16216" value="ⲟⲗⲟⲫⲉⲣⲛⲏⲥ"/>
		<feat xlink:href="#sSpan16232" value="ⲛⲁⲓ ⲧⲏⲣ ⲟⲩ"/>
		<feat xlink:href="#sSpan16275" value="ϩⲉⲛ ⲕⲟⲟⲩⲉ"/>
		<feat xlink:href="#sSpan16303" value="ⲡⲁ ϣⲏⲣⲉ"/>
		<feat xlink:href="#sSpan16318" value="ⲧ ⲛⲁⲩ ⲉ ⲕ ⲁⲙⲉⲗⲉⲓ"/>
		<feat xlink:href="#sSpan16341" value="ⲡⲉ ⲣⲁⲧ ⲥ ⲛ ⲧⲉⲕ ⲁⲙⲉⲗⲉⲓⲁ"/>
		<feat xlink:href="#sSpan16377" value="ⲥⲛⲟⲩϥ"/>
		<feat xlink:href="#sSpan16384" value="ⲧⲁⲓ"/>
		<feat xlink:href="#sSpan16408" value="ⲧ ⲣⲟⲙⲡⲉ"/>
		<feat xlink:href="#sSpan16423" value="ⲧ ϩⲉ ⲛ ⲥⲁϥ ⲧⲁⲓ"/>
		<feat xlink:href="#sSpan16432" value="ⲥⲁϥ"/>
		<feat xlink:href="#sSpan16459" value="ⲡ ϩⲟⲟⲩ"/>
		<feat xlink:href="#sSpan16474" value="ⲧ ⲛⲁⲩ"/>
		<feat xlink:href="#sSpan16493" value="ⲡⲣⲟⲕⲟⲡⲏ"/>
		<feat xlink:href="#sSpan16534" value="ⲡⲉⲕ ϩⲏⲧ"/>
		<feat xlink:href="#sSpan16597" value="ⲡ ⲃⲏⲙⲁ ⲙ ⲡ ⲛⲟⲩⲧⲉ"/>
		<feat xlink:href="#sSpan16607" value="ⲡ ⲛⲟⲩⲧⲉ"/>
		<feat xlink:href="#sSpan16631" value="ⲛ ⲉⲛⲧ ⲁ ⲕ ⲁⲁ ⲩ ϩⲛ ⲟⲩ ϩⲱⲡ ⲙⲛ ⲛ ⲉⲛⲧ ⲁ ⲕ ⲁⲁ ⲩ ϩⲛ ⲟⲩ ⲱⲛϩ ⲉⲃⲟⲗ"/>
		<feat xlink:href="#sSpan16649" value="ⲟⲩ ϩⲱⲡ"/>
		<feat xlink:href="#sSpan16658" value="ⲛ ⲉⲛⲧ ⲁ ⲕ ⲁⲁ ⲩ ϩⲛ ⲟⲩ ⲱⲛϩ ⲉⲃⲟⲗ"/>
		<feat xlink:href="#sSpan16675" value="ⲟⲩ ⲱⲛϩ"/>
		<feat xlink:href="#sSpan16706" value="ⲩ ⲙⲁ"/>
		<feat xlink:href="#sSpan16716" value="ⲡⲟⲗⲉⲙⲟⲥ ϩⲓⲱⲱ ϥ ⲉ ⲡⲁ ⲡⲛⲟⲩⲧⲉ"/>
		<feat xlink:href="#sSpan16730" value="ⲡⲁ ⲡⲛⲟⲩⲧⲉ"/>
		<feat xlink:href="#sSpan16747" value="ⲡⲉ ⲡⲛⲉⲩⲙⲁ ⲙ ⲡ ⲛⲟⲩⲧⲉ"/>
		<feat xlink:href="#sSpan16757" value="ⲡ ⲛⲟⲩⲧⲉ"/>
		<feat xlink:href="#sSpan16787" value="ⲡⲉⲓ ⲙⲁ"/>
		<feat xlink:href="#sSpan16798" value="ⲟⲩ ϭⲟⲣϭⲥ"/>
		<feat xlink:href="#sSpan16818" value="ⲡ ⲇⲓⲁⲃⲟⲗⲟⲥ"/>
		<feat xlink:href="#sSpan16872" value="ⲡ ϣⲟⲣⲡ ⲛ ⲥⲟⲡ"/>
		<feat xlink:href="#sSpan16881" value="ⲥⲟⲡ"/>
		<feat xlink:href="#sSpan16950" value="ⲧⲉϥ ϩⲟⲙⲟⲓⲗⲓⲁ ⲛ ⲕⲣⲟϥ"/>
		<feat xlink:href="#sSpan16969" value="ⲡⲉ ⲡⲛⲉⲩⲙⲁ ⲙ ⲡ ⲛⲟⲩⲧⲉ"/>
		<feat xlink:href="#sSpan16979" value="ⲡ ⲛⲟⲩⲧⲉ"/>
		<feat xlink:href="#sSpan17040" value="ⲥⲁⲙⲯⲱⲛ"/>
		<feat xlink:href="#sSpan17051" value="ⲛ ⲁⲗⲗⲟⲫⲩⲗⲟⲥ"/>
		<feat xlink:href="#sSpan17078" value="ⲡ ⲙⲁ ⲛ ⲛⲟⲩⲧ"/>
		<feat xlink:href="#sSpan17087" value="ⲛⲟⲩⲧ"/>
		<feat xlink:href="#sSpan17098" value="ⲡ ϭⲁϩϭϩ ⲛ ⲛ ⲟⲃϩⲉ"/>
		<feat xlink:href="#sSpan17107" value="ⲛ ⲟⲃϩⲉ"/>
		<feat xlink:href="#sSpan17141" value="ⲥⲱⲃⲉ · ⲉⲧⲉ ⲡⲁⲓ ⲡⲉ"/>
		<feat xlink:href="#sSpan17152" value="ⲡⲁⲓ"/>
		<feat xlink:href="#sSpan17192" value="ⲧⲉ ϩⲓⲏ"/>
		<feat xlink:href="#sSpan17201" value="ⲧⲉⲕ ⲡⲟⲗⲓⲥ"/>
		<feat xlink:href="#sSpan17222" value="ⲛⲉⲕ ⲃⲁⲗ"/>
		<feat xlink:href="#sSpan17248" value="ⲡⲉⲕ ϩⲏⲧ"/>
		<feat xlink:href="#sSpan17260" value="ⲇⲁⲗⲓⲗⲁ"/>
		<feat xlink:href="#sSpan17267" value="ⲡⲁⲓ"/>
		<feat xlink:href="#sSpan17274" value="ⲡ ⲇⲓⲁⲃⲟⲗⲟⲥ"/>
		<feat xlink:href="#sSpan17288" value="ⲡ ⲉⲛⲧ ⲁ ϥ ϫⲓⲧ ⲕ ⲛ ⲕⲣⲟϥ"/>
		<feat xlink:href="#sSpan17306" value="ⲕⲣⲟϥ"/>
		<feat xlink:href="#sSpan17338" value="ⲧ ⲥⲩⲙⲃⲟⲩⲗⲓⲁ ⲙ ⲡⲉ ⲡⲛⲉⲩⲙⲁ"/>
		<feat xlink:href="#sSpan17349" value="ⲡⲉ ⲡⲛⲉⲩⲙⲁ"/>
		<feat xlink:href="#sSpan17391" value="ⲡⲓ ϫⲱⲱⲣⲉ"/>
		<feat xlink:href="#sSpan17406" value="ⲇⲁⲩⲉⲓⲇ"/>
		<feat xlink:href="#sSpan17428" value="ⲧⲁⲭⲏ"/>
		<feat xlink:href="#sSpan17442" value="ⲧⲉ ⲥϩⲓⲙⲉ ⲛ ⲟⲩⲣⲓⲁⲥ"/>
		<feat xlink:href="#sSpan17451" value="ⲟⲩⲣⲓⲁⲥ"/>
		<feat xlink:href="#sSpan17485" value="ⲡⲁ ⲥⲁϣ"/>
		<feat xlink:href="#sSpan17494" value="ϩⲟⲧⲉ"/>
		<feat xlink:href="#sSpan17537" value="ⲛ ⲉⲧ ⲟⲩⲁⲁⲃ"/>
		<feat xlink:href="#sSpan17599" value="ⲡⲉⲓ ⲟⲩⲁϩⲓϩⲏⲧ"/>
		<feat xlink:href="#sSpan17642" value="ⲛ ⲃⲁⲗ ⲙ ⲡⲉⲕ ⲛⲟⲩⲥ"/>
		<feat xlink:href="#sSpan17651" value="ⲡⲉⲕ ⲛⲟⲩⲥ"/>
		<feat xlink:href="#sSpan17671" value="ⲃⲗⲗⲉ"/>
		<feat xlink:href="#sSpan17684" value="ⲧⲉ ϩⲓⲏ"/>
		<feat xlink:href="#sSpan17695" value="ⲧ ⲡⲟⲗⲓⲥ"/>
		<feat xlink:href="#sSpan17703" value="ⲡⲉⲕ ⲙⲁ ⲛ ϣⲱⲡⲉ"/>
		<feat xlink:href="#sSpan17739" value="ⲧ ⲡⲟⲗⲓⲥ ⲙ ⲡⲉ ⲭⲣⲓⲥⲧⲟⲥ"/>
		<feat xlink:href="#sSpan17749" value="ⲡⲉ ⲭⲣⲓⲥⲧⲟⲥ"/>
		<feat xlink:href="#sSpan17805" value="ⲟⲩ ⲥⲟⲛ"/>
		<feat xlink:href="#sSpan17814" value="ⲟⲩ ϣⲁϫⲉ"/>
		<feat xlink:href="#sSpan17847" value="ⲧϩⲉ ⲛ ⲛⲉⲓ ⲑⲏⲣⲓⲟⲛ"/>
		<feat xlink:href="#sSpan17855" value="ⲛⲉⲓ ⲑⲏⲣⲓⲟⲛ"/>
		<feat xlink:href="#sSpan17904" value="ⲡⲉ ⲭⲣⲓⲥⲧⲟⲥ"/>
		<feat xlink:href="#sSpan17934" value="ⲡ ⲛⲁⲩ ϩⲱⲱ ϥ ⲉⲧⲉⲣⲉ ⲡⲉⲕ ϫⲁϫⲉ ⲛⲁ ⲕⲁⲥⲕⲥ ⲉϩⲟⲩⲛ ⲉⲣⲟ ⲕ"/>
		<feat xlink:href="#sSpan17949" value="ⲡⲉⲕ ϫⲁϫⲉ"/>
		<feat xlink:href="#sSpan17980" value="ⲡⲁⲓ"/>
		<feat xlink:href="#sSpan17987" value="ⲡ ⲇⲓⲁⲃⲟⲗⲟⲥ"/>
		<feat xlink:href="#sSpan18008" value="ⲡⲉⲕ ⲙⲁⲁϫⲉ ⲉⲣⲟ ϥ"/>
		<feat xlink:href="#sSpan18060" value="ⲡⲉⲕ ϩⲏⲧ"/>
		<feat xlink:href="#sSpan18082" value="ⲧ ⲙⲁⲧⲟⲩ ⲛⲧ ⲁ ϥ ⲁⲡⲟⲃⲁⲗⲉ ⲙⲙⲟ ⲥ ⲛⲁ ⲕ"/>
		<feat xlink:href="#sSpan18121" value="ⲡ ⲉⲃⲓⲏⲛ"/>
		<feat xlink:href="#sSpan18128" value="ⲡ ⲛⲁⲩ"/>
		<feat xlink:href="#sSpan18139" value="ⲡⲁⲓ"/>
		<feat xlink:href="#sSpan18173" value="ⲧϩⲉ ⲛ ⲟⲩ ⲕⲱϩⲧ"/>
		<feat xlink:href="#sSpan18182" value="ⲟⲩ ⲕⲱϩⲧ"/>
		<feat xlink:href="#sSpan18203" value="ⲧⲉϥ ⲕⲁⲕⲓⲁ ⲧⲏⲣ ⲥ"/>
		<feat xlink:href="#sSpan18228" value="ⲡⲉⲕ ϩⲏⲧ"/>
		<feat xlink:href="#sSpan18251" value="ⲡⲉⲥ ϯⲃⲱⲱⲛ ⲛ ⲧ ⲁⲛⲟⲙⲓⲁ"/>
		<feat xlink:href="#sSpan18262" value="ⲧ ⲁⲛⲟⲙⲓⲁ"/>
		<feat xlink:href="#sSpan18282" value="ⲧ ⲙⲁⲧⲟⲩ"/>
		<feat xlink:href="#sSpan18309" value="ⲡ ⲣⲱⲙⲉ"/>
		<feat xlink:href="#sSpan18329" value="ⲟⲩ ⲕⲟⲩⲓ ⲛ ϣⲁϫⲉ"/>
		<feat xlink:href="#sSpan18349" value="ⲧⲁ ⲡⲉⲕ ⲥⲟⲛ"/>
		<feat xlink:href="#sSpan18372" value="ⲡⲉⲕ ϫⲁϫⲉ"/>
		<feat xlink:href="#sSpan18401" value="ⲟⲩⲱⲙⲕ ⲛ ⲧⲉⲕ ⲯⲩⲭⲏ"/>
		<feat xlink:href="#sSpan18408" value="ⲧⲉⲕ ⲯⲩⲭⲏ"/>
		<feat xlink:href="#sSpan18450" value="ϩⲏⲧ"/>
		<feat xlink:href="#sSpan18471" value="ⲡⲁ ⲙⲉⲣⲓⲧ"/>
		<feat xlink:href="#sSpan18505" value="ⲡ ⲙⲁ ⲙ ⲡ ⲕⲟⲥⲙⲟⲥ ⲙ ⲡ ⲛⲟⲩⲃ ⲛ ⲧ ⲁⲡⲉ"/>
		<feat xlink:href="#sSpan18514" value="ⲡ ⲕⲟⲥⲙⲟⲥ ⲙ ⲡ ⲛⲟⲩⲃ ⲛ ⲧ ⲁⲡⲉ"/>
		<feat xlink:href="#sSpan18524" value="ⲡ ⲛⲟⲩⲃ ⲛ ⲧ ⲁⲡⲉ"/>
		<feat xlink:href="#sSpan18534" value="ⲧ ⲁⲡⲉ"/>
		<feat xlink:href="#sSpan18551" value="ϫⲱ ⲉⲧⲃⲉ ⲛⲟⲩ ϩⲃⲏⲩⲉ"/>
		<feat xlink:href="#sSpan18558" value="ⲛⲟⲩ ϩⲃⲏⲩⲉ"/>
		<feat xlink:href="#sSpan18599" value="ⲡ ⲉⲧ ⲛⲁ ⲥⲟϣ ⲕ"/>
		<feat xlink:href="#sSpan18618" value="ⲟⲩ ⲙⲛⲧⲣⲙⲣⲁϣ"/>
		<feat xlink:href="#sSpan18650" value="ⲡⲉⲕ ⲥⲟⲛ"/>
		<feat xlink:href="#sSpan18686" value="ⲡ ϩⲓⲥⲉ ⲛ ⲧ ⲥⲁⲣⲝ"/>
		<feat xlink:href="#sSpan18695" value="ⲧ ⲥⲁⲣⲝ"/>
		<feat xlink:href="#sSpan18717" value="ⲡⲁ ϣⲏⲣⲉ"/>
		<feat xlink:href="#sSpan18736" value="ⲡ ⲥⲟⲫⲟⲥ ⲡⲁⲩⲗⲟⲥ"/>
		<feat xlink:href="#sSpan18780" value="ϩⲉⲛ ⲙⲣⲣⲉ"/>
		<feat xlink:href="#sSpan18793" value="ϩⲉⲛ ⲑⲗⲓⲯⲓⲥ"/>
		<feat xlink:href="#sSpan18814" value="ⲧ ϩⲓⲉⲗⲏⲙ"/>
		<feat xlink:href="#sSpan18847" value="ⲧⲁ ⲯⲩⲭⲏ ϩⲛ ⲗⲁⲁⲩ ⲛ ϣⲁϫⲉ ⲛ ⲧ ϩⲉ ⲛ ϫⲱⲕ ⲉⲃⲟⲗ ⲙ ⲡⲁ ⲇⲣⲟⲙⲟⲥ"/>
		<feat xlink:href="#sSpan18857" value="ⲗⲁⲁⲩ ⲛ ϣⲁϫⲉ ⲛ ⲧ ϩⲉ ⲛ ϫⲱⲕ ⲉⲃⲟⲗ ⲙ ⲡⲁ ⲇⲣⲟⲙⲟⲥ"/>
		<feat xlink:href="#sSpan18864" value="ϣⲁϫⲉ"/>
		<feat xlink:href="#sSpan18879" value="ϫⲱⲕ ⲉⲃⲟⲗ ⲙ ⲡⲁ ⲇⲣⲟⲙⲟⲥ"/>
		<feat xlink:href="#sSpan18890" value="ⲡⲁ ⲇⲣⲟⲙⲟⲥ"/>
		<feat xlink:href="#sSpan18925" value="ⲧ ϩⲓⲉⲗⲏⲙ"/>
		<feat xlink:href="#sSpan18935" value="ⲡ ⲣⲁⲛ ⲙ ⲡⲁ ϫⲟⲉⲓⲥ ⲓⲏⲥⲟⲩⲥ ⲡⲉ ⲭⲣⲓⲥⲧⲟⲥ"/>
		<feat xlink:href="#sSpan18944" value="ⲡⲁ ϫⲟⲉⲓⲥ ⲓⲏⲥⲟⲩⲥ"/>
		<feat xlink:href="#sSpan18971" value="ϩⲓⲥⲉ ⲅⲁⲣ"/>
		<feat xlink:href="#sSpan18986" value="ⲡⲉⲓⲣⲁⲥⲙⲟⲥ"/>
		<feat xlink:href="#sSpan19003" value="ⲛ ⲉⲧ ⲟⲩⲁⲁⲃ"/>
		<feat xlink:href="#sSpan19021" value="ⲡ ϫⲟⲉⲓⲥ"/>
		<feat xlink:href="#sSpan19068" value="ⲧ ⲙⲛⲧϭⲁⲃϩⲏⲧ ⲙ ⲡ ⲇⲓⲁⲃⲟⲗⲟⲥ"/>
		<feat xlink:href="#sSpan19080" value="ⲡ ⲇⲓⲁⲃⲟⲗⲟⲥ"/>
		<feat xlink:href="#sSpan19104" value="ⲧ ⲙⲛⲧϫⲁⲣϩⲏⲧ ⲛ ⲛ ⲉⲧ ⲟⲩⲁⲁⲃ"/>
		<feat xlink:href="#sSpan19117" value="ⲛ ⲉⲧ ⲟⲩⲁⲁⲃ"/>
		<feat xlink:href="#sSpan19140" value="ⲡⲁ ϣⲏⲣⲉ · ⲉⲧⲃⲉ ⲟⲩ ⲉ ⲕ ⲡⲏⲧ ⲉⲃⲟⲗ ⲛ ⲁⲇⲱⲛⲁⲓ ⲡ ϫⲟⲉⲓⲥ"/>
		<feat xlink:href="#sSpan19172" value="ⲁⲇⲱⲛⲁⲓ ⲡ ϫⲟⲉⲓⲥ"/>
		<feat xlink:href="#sSpan19211" value="ⲧ ⲁⲓⲭⲙⲁⲗⲱⲥⲓⲁ ⲛ ⲛⲉ ⲭⲁⲗⲇⲁⲓⲟⲥ"/>
		<feat xlink:href="#sSpan19222" value="ⲛⲉ ⲭⲁⲗⲇⲁⲓⲟⲥ"/>
		<feat xlink:href="#sSpan19253" value="ⲡⲉⲕ ϩⲏⲧ"/>
		<feat xlink:href="#sSpan19269" value="ⲛ ⲇⲁⲓⲙⲟⲛⲓⲟⲛ"/>
		<feat xlink:href="#sSpan19296" value="ⲡⲁ ϣⲏⲣⲉ"/>
		<feat xlink:href="#sSpan19313" value="ⲧ ⲡⲟⲣⲛⲉⲓⲁ"/>
		<feat xlink:href="#sSpan19334" value="ⲙⲉⲗⲟⲥ"/>
		<feat xlink:href="#sSpan19346" value="ⲡⲉ ⲭⲣⲓⲥⲧⲟⲥ"/>
		<feat xlink:href="#sSpan19372" value="ⲇⲁⲓⲙⲟⲛⲓⲟⲛ"/>
		<feat xlink:href="#sSpan19387" value="ⲙⲉⲗⲟⲥ ⲙ ⲡⲉ ⲭⲣⲓⲥⲧⲟⲥ ⲙ ⲙⲉⲗⲟⲥ ⲙ ⲡⲟⲣⲛⲏ"/>
		<feat xlink:href="#sSpan19394" value="ⲡⲉ ⲭⲣⲓⲥⲧⲟⲥ ⲙ ⲙⲉⲗⲟⲥ ⲙ ⲡⲟⲣⲛⲏ"/>
		<feat xlink:href="#sSpan19412" value="ⲡⲟⲣⲛⲏ"/>
		<feat xlink:href="#sSpan19435" value="ⲧ ⲁⲛⲁⲅⲕⲏ ⲛ ⲛ ⲕⲟⲗⲁⲥⲓⲥ"/>
		<feat xlink:href="#sSpan19445" value="ⲛ ⲕⲟⲗⲁⲥⲓⲥ"/>
		<feat xlink:href="#sSpan19466" value="ⲕⲣⲏⲥⲓⲥ ⲙ ⲡ ⲛⲟⲩⲧⲉ ⲙ ⲡⲉⲕ ⲙⲧⲟ ⲉⲃⲟⲗ"/>
		<feat xlink:href="#sSpan19474" value="ⲡ ⲛⲟⲩⲧⲉ"/>
		<feat xlink:href="#sSpan19483" value="ⲡⲉⲕ ⲙⲧⲟ ⲉⲃⲟⲗ"/>
		<feat xlink:href="#sSpan19514" value="ⲉⲡⲓⲑⲩⲙⲓⲁ ⲛⲓⲙ"/>
		<feat xlink:href="#sSpan19548" value="ⲡ ⲣⲙ ⲛ ⲁⲥ"/>
		<feat xlink:href="#sSpan19564" value="ⲛⲉϥ ϩⲃⲏⲩⲉ"/>
		<feat xlink:href="#sSpan19591" value="ⲡ ⲣⲙ ⲛ ⲃⲣⲣⲉ"/>
		<feat xlink:href="#sSpan19621" value="ϯ ⲁⲛⲁⲅⲕⲏ ⲙ ⲡ ⲛⲁⲩ"/>
		<feat xlink:href="#sSpan19631" value="ⲡ ⲛⲁⲩ"/>
		<feat xlink:href="#sSpan19657" value="ⲥⲱⲙⲁ"/>
		<feat xlink:href="#sSpan19673" value="ⲡⲁ ϣⲏⲣⲉ"/>
		<feat xlink:href="#sSpan19694" value="ⲡ ⲛⲟⲩⲧⲉ"/>
		<feat xlink:href="#sSpan19742" value="ⲛⲉⲓ ϩⲓⲥⲉ"/>
		<feat xlink:href="#sSpan19793" value="ϩⲉⲛ ⲙⲁⲥϯⲅⲝ"/>
		<feat xlink:href="#sSpan19819" value="ϩⲉⲛ ⲥϣ"/>
		<feat xlink:href="#sSpan19840" value="ⲡ ⲁϩⲟ"/>
		<feat xlink:href="#sSpan19854" value="ⲡ ϣⲓⲡⲉ ⲛ ⲙ ⲡⲁϭⲥⲉ"/>
		<feat xlink:href="#sSpan19863" value="ⲙ ⲡⲁϭⲥⲉ"/>
		<feat xlink:href="#sSpan19879" value="ⲡ ⲣⲱⲙⲉ"/>
		<feat xlink:href="#sSpan19888" value="ⲟⲩ ⲉⲣⲟ ⲕ"/>
		<feat xlink:href="#sSpan19904" value="ⲧⲉ ϩⲓⲏ ⲛ ⲕⲏⲙⲉ"/>
		<feat xlink:href="#sSpan19913" value="ⲕⲏⲙⲉ"/>
		<feat xlink:href="#sSpan19937" value="ⲅⲏⲱⲛ ⲡⲁⲓ ⲉⲧ ⲧⲏϩ"/>
		<feat xlink:href="#sSpan19973" value="ⲛⲉⲓ ⲙⲉⲉⲩⲉ ⲉⲧ ⲧⲉϩ"/>
		<feat xlink:href="#sSpan19999" value="ⲛⲉⲓ ϩⲓⲥⲉ"/>
		<feat xlink:href="#sSpan20044" value="ⲛⲉⲕ ⲛⲟⲃⲉ"/>
		<feat xlink:href="#sSpan20076" value="ⲛⲉⲧⲛ ⲛⲟⲃⲏ"/>
		<feat xlink:href="#sSpan20086" value="ⲛ ⲉⲧ ⲙ ⲯⲩⲭⲏ"/>
		<feat xlink:href="#sSpan20096" value="ⲯⲩⲭⲏ"/>
		<feat xlink:href="#sSpan20109" value="ⲩ ⲥⲡⲉⲣⲙⲁ ⲛ ⲛⲟϭ ⲛ ⲁϩⲉ"/>
		<feat xlink:href="#sSpan20119" value="ⲛⲟϭ ⲛ ⲁϩⲉ"/>
		<feat xlink:href="#sSpan20152" value="ⲡ ⲣⲱⲙⲉ"/>
		<feat xlink:href="#sSpan20163" value="ⲧ ⲡⲁⲣⲁⲃⲁⲥⲓⲥ"/>
		<feat xlink:href="#sSpan20188" value="ⲡ ⲛⲟⲃⲉ"/>
		<feat xlink:href="#sSpan20203" value="ϩⲓⲥⲉ"/>
		<feat xlink:href="#sSpan20216" value="ⲁⲛⲁⲅⲕⲏ"/></featList></paula>