<?xml version='1.0' encoding='UTF-8'?><!DOCTYPE paula SYSTEM "paula_feat.dtd">
<paula version="1.1">
	<header paula_id="scriptorium.pachomius.instructions.01.mark_identity"/>
	<featList xmlns:xlink="http://www.w3.org/1999/xlink" type="identity" xml:base="scriptorium.pachomius.instructions.01.mark.xml">
		<feat xlink:href="#sSpan38" value="Pachomius the Great"/>
		<feat xlink:href="#sSpan505" value="Abraham"/>
		<feat xlink:href="#sSpan570" value="Isaac"/>
		<feat xlink:href="#sSpan673" value="Isaac"/>
		<feat xlink:href="#sSpan712" value="Isaac"/>
		<feat xlink:href="#sSpan811" value="Jacob"/>
		<feat xlink:href="#sSpan904" value="Jacob"/>
		<feat xlink:href="#sSpan948" value="Joseph (Genesis)"/>
		<feat xlink:href="#sSpan2468" value="Devil"/>
		<feat xlink:href="#sSpan3201" value="Tartarus"/>
		<feat xlink:href="#sSpan3211" value="Duat"/>
		<feat xlink:href="#sSpan4538" value="Duat"/>
		<feat xlink:href="#sSpan5434" value="Habakkuk"/>
		<feat xlink:href="#sSpan5455" value="Daniel (biblical figure)"/>
		<feat xlink:href="#sSpan5528" value="Daniel (biblical figure)"/>
		<feat xlink:href="#sSpan6804" value="Nebuchadnezzar II"/>
		<feat xlink:href="#sSpan7064" value="Daniel (biblical figure)"/>
		<feat xlink:href="#sSpan8698" value="Elijah"/>
		<feat xlink:href="#sSpan8747" value="Elisha"/>
		<feat xlink:href="#sSpan8775" value="Elijah"/>
		<feat xlink:href="#sSpan8863" value="Abraham"/>
		<feat xlink:href="#sSpan8870" value="Lot (biblical person)"/>
		<feat xlink:href="#sSpan8882" value="Moses"/>
		<feat xlink:href="#sSpan8890" value="Samuel"/>
		<feat xlink:href="#sSpan9418" value="Devil"/>
		<feat xlink:href="#sSpan9452" value="Jesus"/>
		<feat xlink:href="#sSpan10067" value="Judah (son of Jacob)"/>
		<feat xlink:href="#sSpan10081" value="Jacob"/>
		<feat xlink:href="#sSpan10106" value="Judah (son of Jacob)"/>
		<feat xlink:href="#sSpan11338" value="Amorites"/>
		<feat xlink:href="#sSpan11354" value="Jesus"/>
		<feat xlink:href="#sSpan12463" value="Paul the Apostle"/>
		<feat xlink:href="#sSpan12535" value="Saint Peter"/>
		<feat xlink:href="#sSpan12554" value="John the Apostle"/>
		<feat xlink:href="#sSpan12575" value="Sanhedrin"/>
		<feat xlink:href="#sSpan13180" value="Devil"/>
		<feat xlink:href="#sSpan13218" value="Eve"/>
		<feat xlink:href="#sSpan13509" value="Eve"/>
		<feat xlink:href="#sSpan13580" value="Devil"/>
		<feat xlink:href="#sSpan13661" value="Mary, mother of Jesus"/>
		<feat xlink:href="#sSpan13697" value="Eve"/>
		<feat xlink:href="#sSpan15185" value="Judas Iscariot"/>
		<feat xlink:href="#sSpan15300" value="Eve"/>
		<feat xlink:href="#sSpan15347" value="Job (biblical figure)"/>
		<feat xlink:href="#sSpan15394" value="Adam"/>
		<feat xlink:href="#sSpan15492" value="Elijah"/>
		<feat xlink:href="#sSpan15507" value="Enoch (ancestor of Noah)"/>
		<feat xlink:href="#sSpan15637" value="Abraham"/>
		<feat xlink:href="#sSpan15759" value="Joseph (Genesis)"/>
		<feat xlink:href="#sSpan15836" value="Moses"/>
		<feat xlink:href="#sSpan15924" value="Daniel (biblical figure)"/>
		<feat xlink:href="#sSpan16117" value="Susanna (Book of Daniel)"/>
		<feat xlink:href="#sSpan16216" value="Holofernes"/>
		<feat xlink:href="#sSpan16818" value="Devil"/>
		<feat xlink:href="#sSpan17274" value="Devil"/>
		<feat xlink:href="#sSpan17406" value="David"/>
		<feat xlink:href="#sSpan17987" value="Devil"/>
		<feat xlink:href="#sSpan18736" value="Paul the Apostle"/>
		<feat xlink:href="#sSpan18944" value="Jesus"/>
		<feat xlink:href="#sSpan19080" value="Devil"/>
		<feat xlink:href="#sSpan19172" value="God"/>
		<feat xlink:href="#sSpan19937" value="Nile"/></featList></paula>