<?xml version='1.0' encoding='UTF-8'?><!DOCTYPE paula SYSTEM "paula_feat.dtd">
<paula version="1.1">
	<header paula_id="scriptorium.pachomius.instructions.01.mark_pb_xml_id"/>
	<featList xmlns:xlink="http://www.w3.org/1999/xlink" type="pb_xml_id" xml:base="scriptorium.pachomius.instructions.01.mark.xml">
		<feat xlink:href="#sSpan11" value="MERC.AR35"/>
		<feat xlink:href="#sSpan521" value="MERC.AR36"/>
		<feat xlink:href="#sSpan1153" value="MERC.AR37"/>
		<feat xlink:href="#sSpan1711" value="MERC.AR38"/>
		<feat xlink:href="#sSpan2356" value="MERC.AR39"/>
		<feat xlink:href="#sSpan2926" value="MERC.AR40"/>
		<feat xlink:href="#sSpan3566" value="MERC.AR41"/>
		<feat xlink:href="#sSpan4187" value="MERC.AR42"/>
		<feat xlink:href="#sSpan4901" value="MERC.AR43"/>
		<feat xlink:href="#sSpan5459" value="MERC.AR44"/>
		<feat xlink:href="#sSpan6039" value="MERC.AR45"/>
		<feat xlink:href="#sSpan6729" value="MERC.AR46"/>
		<feat xlink:href="#sSpan7343" value="MERC.AR47"/>
		<feat xlink:href="#sSpan8003" value="MERC.AR48"/>
		<feat xlink:href="#sSpan8681" value="MERC.AR49"/>
		<feat xlink:href="#sSpan9359" value="MERC.AR50"/>
		<feat xlink:href="#sSpan10024" value="MERC.AR51"/>
		<feat xlink:href="#sSpan10639" value="MERC.AR52"/>
		<feat xlink:href="#sSpan11198" value="MERC.AR53"/>
		<feat xlink:href="#sSpan11773" value="MERC.AR54"/>
		<feat xlink:href="#sSpan12386" value="MERC.AR55"/>
		<feat xlink:href="#sSpan12967" value="MERC.AR56"/>
		<feat xlink:href="#sSpan13584" value="MERC.AR57"/>
		<feat xlink:href="#sSpan14201" value="MERC.AR58"/>
		<feat xlink:href="#sSpan14863" value="MERC.AR59"/>
		<feat xlink:href="#sSpan15534" value="MERC.AR60"/>
		<feat xlink:href="#sSpan16258" value="MERC.AR61"/>
		<feat xlink:href="#sSpan16981" value="MERC.AR62"/>
		<feat xlink:href="#sSpan17686" value="MERC.AR63"/>
		<feat xlink:href="#sSpan18439" value="MERC.AR64"/>
		<feat xlink:href="#sSpan19135" value="MERC.AR65"/>
		<feat xlink:href="#sSpan19806" value="MERC.AR66"/></featList></paula>