<?xml version='1.0' encoding='UTF-8'?><!DOCTYPE paula SYSTEM "paula_feat.dtd">
<paula version="1.1">
	<header paula_id="scriptorium.pachomius.instructions.01.mark_multiword"/>
	<featList xmlns:xlink="http://www.w3.org/1999/xlink" type="multiword" xml:base="scriptorium.pachomius.instructions.01.mark.xml">
		<feat xlink:href="#sSpan21" value="ⲉ ⲁ"/>
		<feat xlink:href="#sSpan102" value="ⲉⲧⲃⲉ ⲟⲩ"/>
		<feat xlink:href="#sSpan116" value="ⲉ ⲁ"/>
		<feat xlink:href="#sSpan167" value="ⲉ ⲁ"/>
		<feat xlink:href="#sSpan332" value="ⲉⲓ ⲉϩⲣⲁⲓ"/>
		<feat xlink:href="#sSpan383" value="ⲥⲱⲧⲙ ⲛ"/>
		<feat xlink:href="#sSpan480" value="ⲥⲱⲧⲙ ⲛⲥⲁ"/>
		<feat xlink:href="#sSpan508" value="ⲉ ⲁ"/>
		<feat xlink:href="#sSpan1028" value="ⲕⲱϩ ⲉ"/>
		<feat xlink:href="#sSpan1571" value="ⲙⲟⲩⲛ ⲉⲃⲟⲗ"/>
		<feat xlink:href="#sSpan2099" value="ⲉⲃⲟⲗ ϫⲉ"/>
		<feat xlink:href="#sSpan2117" value="ⲙⲟⲟϣⲉ ⲙⲛ"/>
		<feat xlink:href="#sSpan2302" value="ⲙⲟⲟϣⲉ ϩⲓ"/>
		<feat xlink:href="#sSpan2636" value="ⲙⲟⲟϣⲉ ⲙⲛ"/>
		<feat xlink:href="#sSpan2701" value="ⲙⲟⲟϣⲉ ⲙⲛ"/>
		<feat xlink:href="#sSpan2828" value="ⲙⲟⲟϣⲉ ⲙⲛ"/>
		<feat xlink:href="#sSpan2888" value="ⲙⲟⲟϣⲉ ⲙⲛ"/>
		<feat xlink:href="#sSpan2941" value="ⲙⲟⲟϣⲉ ⲙⲛ"/>
		<feat xlink:href="#sSpan3004" value="ⲙⲟⲟϣⲉ ⲙⲛ"/>
		<feat xlink:href="#sSpan3133" value="ⲉⲃⲟⲗ ϫⲉ"/>
		<feat xlink:href="#sSpan3321" value="ⲉⲃⲟⲗ ϩⲛ"/>
		<feat xlink:href="#sSpan3408" value="ⲙⲛⲧϣⲏⲣⲉ ϣⲏⲙ"/>
		<feat xlink:href="#sSpan3584" value="ⲉⲓ ⲉ"/>
		<feat xlink:href="#sSpan4523" value="ⲃⲱⲕ ⲉ"/>
		<feat xlink:href="#sSpan4737" value="ⲟⲩⲟⲛ ⲛⲓⲙ"/>
		<feat xlink:href="#sSpan5298" value="ⲉⲧⲃⲉ ⲟⲩ"/>
		<feat xlink:href="#sSpan6350" value="ϩⲱⲃ ⲛⲓⲙ"/>
		<feat xlink:href="#sSpan6364" value="ⲡⲱⲧ ⲉⲃⲟⲗ"/>
		<feat xlink:href="#sSpan6498" value="ⲙⲟⲩⲛ ⲉⲃⲟⲗ"/>
		<feat xlink:href="#sSpan6625" value="ⲙⲟⲩⲛ ⲉⲃⲟⲗ"/>
		<feat xlink:href="#sSpan6663" value="ⲥⲱⲧⲙ ⲛⲥⲁ"/>
		<feat xlink:href="#sSpan6812" value="ⲉⲧⲃⲉ ⲡⲁⲓ"/>
		<feat xlink:href="#sSpan6900" value="ⲉⲧⲃⲉ ⲡⲁⲓ"/>
		<feat xlink:href="#sSpan7024" value="ⲉⲧⲃⲉ ⲡⲁⲓ"/>
		<feat xlink:href="#sSpan7083" value="ⲥⲱⲧⲙ ⲛⲥⲁ"/>
		<feat xlink:href="#sSpan7124" value="ⲉⲧⲃⲉ ⲡⲁⲓ"/>
		<feat xlink:href="#sSpan7169" value="ϩⲉ ⲉ"/>
		<feat xlink:href="#sSpan7372" value="ϯ ⲡⲉϥ ⲟⲩⲟⲓ"/>
		<feat xlink:href="#sSpan7602" value="ⲉ ⲁ"/>
		<feat xlink:href="#sSpan7735" value="ϩⲱⲃ ⲛⲓⲙ"/>
		<feat xlink:href="#sSpan7791" value="ϩⲱⲃ ⲛⲓⲙ"/>
		<feat xlink:href="#sSpan7836" value="ϥⲓ ϩⲁ"/>
		<feat xlink:href="#sSpan7952" value="ⲉⲃⲟⲗ ϫⲉ"/>
		<feat xlink:href="#sSpan8133" value="ⲉⲃⲟⲗ ϫⲉ"/>
		<feat xlink:href="#sSpan8183" value="ⲉⲧⲃⲉ ⲡⲁⲓ"/>
		<feat xlink:href="#sSpan8350" value="ⲉⲧⲃⲉ ⲡⲁⲓ"/>
		<feat xlink:href="#sSpan8364" value="ⲡⲱⲧ ⲛⲥⲁ"/>
		<feat xlink:href="#sSpan8716" value="ⲥⲱⲧⲙ ⲛⲥⲁ"/>
		<feat xlink:href="#sSpan8768" value="ⲥⲱⲧⲙ ⲛⲥⲁ"/>
		<feat xlink:href="#sSpan9554" value="ⲡⲱⲧ ⲉⲃⲟⲗ"/>
		<feat xlink:href="#sSpan9978" value="ⲡⲱⲧ ⲉⲃⲟⲗ"/>
		<feat xlink:href="#sSpan10487" value="ⲙⲟⲩⲛ ⲉⲃⲟⲗ"/>
		<feat xlink:href="#sSpan10673" value="ⲃⲱⲕ ⲉϩⲟⲩⲛ"/>
		<feat xlink:href="#sSpan10801" value="ϩⲱⲃ ⲛⲓⲙ"/>
		<feat xlink:href="#sSpan10944" value="ⲱⲗ ⲉϩⲟⲩⲛ"/>
		<feat xlink:href="#sSpan11440" value="ⲛⲟⲩϫⲉ ⲉⲃⲟⲗ"/>
		<feat xlink:href="#sSpan11724" value="ⲱϣ ⲉⲃⲟⲗ"/>
		<feat xlink:href="#sSpan12108" value="ⲉⲓⲣⲉ ⲉ"/>
		<feat xlink:href="#sSpan12592" value="ⲉⲓ ⲉⲃⲟⲗ"/>
		<feat xlink:href="#sSpan12732" value="ⲡⲱⲧ ⲉⲃⲟⲗ"/>
		<feat xlink:href="#sSpan12858" value="ⲉⲓ ⲉ"/>
		<feat xlink:href="#sSpan13362" value="ⲡⲱⲧ ⲛⲥⲁ"/>
		<feat xlink:href="#sSpan13444" value="ⲡⲱⲧ ⲛⲥⲁ"/>
		<feat xlink:href="#sSpan13787" value="ⲉⲧⲃⲉ ⲡⲁⲓ"/>
		<feat xlink:href="#sSpan13922" value="ⲉⲓ ⲉⲃⲟⲗ"/>
		<feat xlink:href="#sSpan14452" value="ⲉⲃⲟⲗ ϫⲉ"/>
		<feat xlink:href="#sSpan14490" value="ⲉ ⲁ"/>
		<feat xlink:href="#sSpan14823" value="ⲡⲱⲱⲛⲉ ⲉⲃⲟⲗ"/>
		<feat xlink:href="#sSpan14878" value="ϩⲉ ⲉ"/>
		<feat xlink:href="#sSpan15069" value="ⲥⲁ ⲛϩⲟⲩⲛ"/>
		<feat xlink:href="#sSpan15160" value="ⲃⲱⲕ ⲉ"/>
		<feat xlink:href="#sSpan15420" value="ϩⲉ ⲉⲃⲟⲗ"/>
		<feat xlink:href="#sSpan15563" value="ϣⲓⲛⲉ ⲛⲥⲁ"/>
		<feat xlink:href="#sSpan15584" value="ϣⲓⲛⲉ ⲛⲥⲁ"/>
		<feat xlink:href="#sSpan15640" value="ⲉ ⲁ"/>
		<feat xlink:href="#sSpan15649" value="ⲥⲱⲧⲙ ⲛⲥⲁ"/>
		<feat xlink:href="#sSpan16571" value="ϩⲉ ⲉ"/>
		<feat xlink:href="#sSpan16699" value="ⲃⲱⲕ ⲉ"/>
		<feat xlink:href="#sSpan16942" value="ⲥⲱⲧⲙ ⲛⲥⲁ"/>
		<feat xlink:href="#sSpan17233" value="ⲉⲃⲟⲗ ϫⲉ"/>
		<feat xlink:href="#sSpan17315" value="ⲉⲃⲟⲗ ϫⲉ"/>
		<feat xlink:href="#sSpan17413" value="ⲛⲥⲁⲃⲏⲗ ϫⲉ"/>
		<feat xlink:href="#sSpan17501" value="ⲉⲓⲥ ϩⲏⲏⲧⲉ"/>
		<feat xlink:href="#sSpan17588" value="ⲡⲱⲧ ⲉⲃⲟⲗ"/>
		<feat xlink:href="#sSpan17792" value="ⲉⲧⲃⲉ ⲟⲩ"/>
		<feat xlink:href="#sSpan17898" value="ⲉⲣⲉ ⲁ"/>
		<feat xlink:href="#sSpan18393" value="ϣⲓⲛⲉ ⲛⲥⲁ"/>
		<feat xlink:href="#sSpan18592" value="ϥⲓ ϩⲁ"/>
		<feat xlink:href="#sSpan19014" value="ⲃⲱⲕ ϣⲁ"/>
		<feat xlink:href="#sSpan19149" value="ⲉⲧⲃⲉ ⲟⲩ"/>
		<feat xlink:href="#sSpan19232" value="ⲉⲧⲃⲉ ⲟⲩ"/>
		<feat xlink:href="#sSpan19306" value="ⲉⲃⲟⲗ ϩⲛ"/>
		<feat xlink:href="#sSpan19362" value="ⲥⲱⲧⲙ ⲛⲥⲁ"/>
		<feat xlink:href="#sSpan19502" value="ⲡⲱⲧ ⲉⲃⲟⲗ"/>
		<feat xlink:href="#sSpan19644" value="ⲛⲏⲩ ⲉⲃⲟⲗ"/>
		<feat xlink:href="#sSpan19930" value="ⲉⲃⲟⲗ ϩⲛ"/></featList></paula>