<?xml version='1.0' encoding='UTF-8'?><!DOCTYPE paula SYSTEM "paula_feat.dtd">
<paula version="1.1">
	<header paula_id="scriptorium.pachomius.instructions.01.mark_new_sent"/>
	<featList xmlns:xlink="http://www.w3.org/1999/xlink" type="new_sent" xml:base="scriptorium.pachomius.instructions.01.mark.xml">
		<feat xlink:href="#sSpan1" value="true"/>
		<feat xlink:href="#sSpan280" value="true"/>
		<feat xlink:href="#sSpan368" value="true"/>
		<feat xlink:href="#sSpan424" value="true"/>
		<feat xlink:href="#sSpan450" value="true"/>
		<feat xlink:href="#sSpan602" value="true"/>
		<feat xlink:href="#sSpan678" value="true"/>
		<feat xlink:href="#sSpan739" value="true"/>
		<feat xlink:href="#sSpan777" value="true"/>
		<feat xlink:href="#sSpan912" value="true"/>
		<feat xlink:href="#sSpan1013" value="true"/>
		<feat xlink:href="#sSpan1069" value="true"/>
		<feat xlink:href="#sSpan1085" value="true"/>
		<feat xlink:href="#sSpan1098" value="true"/>
		<feat xlink:href="#sSpan1142" value="true"/>
		<feat xlink:href="#sSpan1233" value="true"/>
		<feat xlink:href="#sSpan1337" value="true"/>
		<feat xlink:href="#sSpan1371" value="true"/>
		<feat xlink:href="#sSpan1461" value="true"/>
		<feat xlink:href="#sSpan1532" value="true"/>
		<feat xlink:href="#sSpan1580" value="true"/>
		<feat xlink:href="#sSpan1638" value="true"/>
		<feat xlink:href="#sSpan1666" value="true"/>
		<feat xlink:href="#sSpan1696" value="true"/>
		<feat xlink:href="#sSpan1720" value="true"/>
		<feat xlink:href="#sSpan1751" value="true"/>
		<feat xlink:href="#sSpan1789" value="true"/>
		<feat xlink:href="#sSpan1824" value="true"/>
		<feat xlink:href="#sSpan1932" value="true"/>
		<feat xlink:href="#sSpan1976" value="true"/>
		<feat xlink:href="#sSpan2095" value="true"/>
		<feat xlink:href="#sSpan2174" value="true"/>
		<feat xlink:href="#sSpan2236" value="true"/>
		<feat xlink:href="#sSpan2294" value="true"/>
		<feat xlink:href="#sSpan2363" value="true"/>
		<feat xlink:href="#sSpan2510" value="true"/>
		<feat xlink:href="#sSpan2582" value="true"/>
		<feat xlink:href="#sSpan2649" value="true"/>
		<feat xlink:href="#sSpan2715" value="true"/>
		<feat xlink:href="#sSpan2841" value="true"/>
		<feat xlink:href="#sSpan2901" value="true"/>
		<feat xlink:href="#sSpan2954" value="true"/>
		<feat xlink:href="#sSpan3018" value="true"/>
		<feat xlink:href="#sSpan3129" value="true"/>
		<feat xlink:href="#sSpan3216" value="true"/>
		<feat xlink:href="#sSpan3248" value="true"/>
		<feat xlink:href="#sSpan3335" value="true"/>
		<feat xlink:href="#sSpan3418" value="true"/>
		<feat xlink:href="#sSpan3541" value="true"/>
		<feat xlink:href="#sSpan3576" value="true"/>
		<feat xlink:href="#sSpan3641" value="true"/>
		<feat xlink:href="#sSpan3685" value="true"/>
		<feat xlink:href="#sSpan3766" value="true"/>
		<feat xlink:href="#sSpan3928" value="true"/>
		<feat xlink:href="#sSpan4051" value="true"/>
		<feat xlink:href="#sSpan4165" value="true"/>
		<feat xlink:href="#sSpan4270" value="true"/>
		<feat xlink:href="#sSpan4384" value="true"/>
		<feat xlink:href="#sSpan4451" value="true"/>
		<feat xlink:href="#sSpan4614" value="true"/>
		<feat xlink:href="#sSpan4698" value="true"/>
		<feat xlink:href="#sSpan4798" value="true"/>
		<feat xlink:href="#sSpan4837" value="true"/>
		<feat xlink:href="#sSpan4893" value="true"/>
		<feat xlink:href="#sSpan4948" value="true"/>
		<feat xlink:href="#sSpan4990" value="true"/>
		<feat xlink:href="#sSpan5076" value="true"/>
		<feat xlink:href="#sSpan5209" value="true"/>
		<feat xlink:href="#sSpan5260" value="true"/>
		<feat xlink:href="#sSpan5416" value="true"/>
		<feat xlink:href="#sSpan5473" value="true"/>
		<feat xlink:href="#sSpan5584" value="true"/>
		<feat xlink:href="#sSpan5612" value="true"/>
		<feat xlink:href="#sSpan5764" value="true"/>
		<feat xlink:href="#sSpan5861" value="true"/>
		<feat xlink:href="#sSpan5957" value="true"/>
		<feat xlink:href="#sSpan6019" value="true"/>
		<feat xlink:href="#sSpan6056" value="true"/>
		<feat xlink:href="#sSpan6141" value="true"/>
		<feat xlink:href="#sSpan6278" value="true"/>
		<feat xlink:href="#sSpan6360" value="true"/>
		<feat xlink:href="#sSpan6439" value="true"/>
		<feat xlink:href="#sSpan6534" value="true"/>
		<feat xlink:href="#sSpan6588" value="true"/>
		<feat xlink:href="#sSpan6688" value="true"/>
		<feat xlink:href="#sSpan6757" value="true"/>
		<feat xlink:href="#sSpan6898" value="true"/>
		<feat xlink:href="#sSpan6979" value="true"/>
		<feat xlink:href="#sSpan7062" value="true"/>
		<feat xlink:href="#sSpan7155" value="true"/>
		<feat xlink:href="#sSpan7245" value="true"/>
		<feat xlink:href="#sSpan7348" value="true"/>
		<feat xlink:href="#sSpan7457" value="true"/>
		<feat xlink:href="#sSpan7634" value="true"/>
		<feat xlink:href="#sSpan7720" value="true"/>
		<feat xlink:href="#sSpan7745" value="true"/>
		<feat xlink:href="#sSpan7811" value="true"/>
		<feat xlink:href="#sSpan7905" value="true"/>
		<feat xlink:href="#sSpan8065" value="true"/>
		<feat xlink:href="#sSpan8181" value="true"/>
		<feat xlink:href="#sSpan8227" value="true"/>
		<feat xlink:href="#sSpan8254" value="true"/>
		<feat xlink:href="#sSpan8348" value="true"/>
		<feat xlink:href="#sSpan8416" value="true"/>
		<feat xlink:href="#sSpan8510" value="true"/>
		<feat xlink:href="#sSpan8617" value="true"/>
		<feat xlink:href="#sSpan8753" value="true"/>
		<feat xlink:href="#sSpan8811" value="true"/>
		<feat xlink:href="#sSpan8895" value="true"/>
		<feat xlink:href="#sSpan8961" value="true"/>
		<feat xlink:href="#sSpan9060" value="true"/>
		<feat xlink:href="#sSpan9153" value="true"/>
		<feat xlink:href="#sSpan9251" value="true"/>
		<feat xlink:href="#sSpan9375" value="true"/>
		<feat xlink:href="#sSpan9442" value="true"/>
		<feat xlink:href="#sSpan9480" value="true"/>
		<feat xlink:href="#sSpan9539" value="true"/>
		<feat xlink:href="#sSpan9605" value="true"/>
		<feat xlink:href="#sSpan9649" value="true"/>
		<feat xlink:href="#sSpan9696" value="true"/>
		<feat xlink:href="#sSpan9744" value="true"/>
		<feat xlink:href="#sSpan9793" value="true"/>
		<feat xlink:href="#sSpan9873" value="true"/>
		<feat xlink:href="#sSpan9934" value="true"/>
		<feat xlink:href="#sSpan10086" value="true"/>
		<feat xlink:href="#sSpan10202" value="true"/>
		<feat xlink:href="#sSpan10265" value="true"/>
		<feat xlink:href="#sSpan10352" value="true"/>
		<feat xlink:href="#sSpan10415" value="true"/>
		<feat xlink:href="#sSpan10453" value="true"/>
		<feat xlink:href="#sSpan10549" value="true"/>
		<feat xlink:href="#sSpan10659" value="true"/>
		<feat xlink:href="#sSpan10775" value="true"/>
		<feat xlink:href="#sSpan10882" value="true"/>
		<feat xlink:href="#sSpan10982" value="true"/>
		<feat xlink:href="#sSpan11101" value="true"/>
		<feat xlink:href="#sSpan11346" value="true"/>
		<feat xlink:href="#sSpan11430" value="true"/>
		<feat xlink:href="#sSpan11487" value="true"/>
		<feat xlink:href="#sSpan11559" value="true"/>
		<feat xlink:href="#sSpan11604" value="true"/>
		<feat xlink:href="#sSpan11692" value="true"/>
		<feat xlink:href="#sSpan11870" value="true"/>
		<feat xlink:href="#sSpan11934" value="true"/>
		<feat xlink:href="#sSpan12029" value="true"/>
		<feat xlink:href="#sSpan12123" value="true"/>
		<feat xlink:href="#sSpan12276" value="true"/>
		<feat xlink:href="#sSpan12351" value="true"/>
		<feat xlink:href="#sSpan12430" value="true"/>
		<feat xlink:href="#sSpan12533" value="true"/>
		<feat xlink:href="#sSpan12703" value="true"/>
		<feat xlink:href="#sSpan12793" value="true"/>
		<feat xlink:href="#sSpan12993" value="true"/>
		<feat xlink:href="#sSpan13057" value="true"/>
		<feat xlink:href="#sSpan13117" value="true"/>
		<feat xlink:href="#sSpan13163" value="true"/>
		<feat xlink:href="#sSpan13233" value="true"/>
		<feat xlink:href="#sSpan13322" value="true"/>
		<feat xlink:href="#sSpan13387" value="true"/>
		<feat xlink:href="#sSpan13421" value="true"/>
		<feat xlink:href="#sSpan13507" value="true"/>
		<feat xlink:href="#sSpan13603" value="true"/>
		<feat xlink:href="#sSpan13702" value="true"/>
		<feat xlink:href="#sSpan13785" value="true"/>
		<feat xlink:href="#sSpan13894" value="true"/>
		<feat xlink:href="#sSpan13984" value="true"/>
		<feat xlink:href="#sSpan14047" value="true"/>
		<feat xlink:href="#sSpan14153" value="true"/>
		<feat xlink:href="#sSpan14286" value="true"/>
		<feat xlink:href="#sSpan14341" value="true"/>
		<feat xlink:href="#sSpan14524" value="true"/>
		<feat xlink:href="#sSpan14637" value="true"/>
		<feat xlink:href="#sSpan14711" value="true"/>
		<feat xlink:href="#sSpan14815" value="true"/>
		<feat xlink:href="#sSpan14907" value="true"/>
		<feat xlink:href="#sSpan14959" value="true"/>
		<feat xlink:href="#sSpan15034" value="true"/>
		<feat xlink:href="#sSpan15128" value="true"/>
		<feat xlink:href="#sSpan15176" value="true"/>
		<feat xlink:href="#sSpan15238" value="true"/>
		<feat xlink:href="#sSpan15266" value="true"/>
		<feat xlink:href="#sSpan15291" value="true"/>
		<feat xlink:href="#sSpan15338" value="true"/>
		<feat xlink:href="#sSpan15386" value="true"/>
		<feat xlink:href="#sSpan15439" value="true"/>
		<feat xlink:href="#sSpan15484" value="true"/>
		<feat xlink:href="#sSpan15559" value="true"/>
		<feat xlink:href="#sSpan15609" value="true"/>
		<feat xlink:href="#sSpan15702" value="true"/>
		<feat xlink:href="#sSpan15732" value="true"/>
		<feat xlink:href="#sSpan15809" value="true"/>
		<feat xlink:href="#sSpan15863" value="true"/>
		<feat xlink:href="#sSpan15915" value="true"/>
		<feat xlink:href="#sSpan15967" value="true"/>
		<feat xlink:href="#sSpan16001" value="true"/>
		<feat xlink:href="#sSpan16061" value="true"/>
		<feat xlink:href="#sSpan16109" value="true"/>
		<feat xlink:href="#sSpan16166" value="true"/>
		<feat xlink:href="#sSpan16222" value="true"/>
		<feat xlink:href="#sSpan16282" value="true"/>
		<feat xlink:href="#sSpan16330" value="true"/>
		<feat xlink:href="#sSpan16361" value="true"/>
		<feat xlink:href="#sSpan16415" value="true"/>
		<feat xlink:href="#sSpan16466" value="true"/>
		<feat xlink:href="#sSpan16512" value="true"/>
		<feat xlink:href="#sSpan16548" value="true"/>
		<feat xlink:href="#sSpan16687" value="true"/>
		<feat xlink:href="#sSpan16771" value="true"/>
		<feat xlink:href="#sSpan16934" value="true"/>
		<feat xlink:href="#sSpan17115" value="true"/>
		<feat xlink:href="#sSpan17229" value="true"/>
		<feat xlink:href="#sSpan17357" value="true"/>
		<feat xlink:href="#sSpan17456" value="true"/>
		<feat xlink:href="#sSpan17499" value="true"/>
		<feat xlink:href="#sSpan17547" value="true"/>
		<feat xlink:href="#sSpan17717" value="true"/>
		<feat xlink:href="#sSpan17790" value="true"/>
		<feat xlink:href="#sSpan17874" value="true"/>
		<feat xlink:href="#sSpan17926" value="true"/>
		<feat xlink:href="#sSpan18112" value="true"/>
		<feat xlink:href="#sSpan18300" value="true"/>
		<feat xlink:href="#sSpan18370" value="true"/>
		<feat xlink:href="#sSpan18432" value="true"/>
		<feat xlink:href="#sSpan18566" value="true"/>
		<feat xlink:href="#sSpan18703" value="true"/>
		<feat xlink:href="#sSpan18822" value="true"/>
		<feat xlink:href="#sSpan18899" value="true"/>
		<feat xlink:href="#sSpan18963" value="true"/>
		<feat xlink:href="#sSpan19029" value="true"/>
		<feat xlink:href="#sSpan19088" value="true"/>
		<feat xlink:href="#sSpan19127" value="true"/>
		<feat xlink:href="#sSpan19189" value="true"/>
		<feat xlink:href="#sSpan19230" value="true"/>
		<feat xlink:href="#sSpan19277" value="true"/>
		<feat xlink:href="#sSpan19321" value="true"/>
		<feat xlink:href="#sSpan19354" value="true"/>
		<feat xlink:href="#sSpan19417" value="true"/>
		<feat xlink:href="#sSpan19453" value="true"/>
		<feat xlink:href="#sSpan19524" value="true"/>
		<feat xlink:href="#sSpan19604" value="true"/>
		<feat xlink:href="#sSpan19663" value="true"/>
		<feat xlink:href="#sSpan19755" value="true"/>
		<feat xlink:href="#sSpan19871" value="true"/>
		<feat xlink:href="#sSpan19953" value="true"/>
		<feat xlink:href="#sSpan19986" value="true"/>
		<feat xlink:href="#sSpan20017" value="true"/>
		<feat xlink:href="#sSpan20051" value="true"/>
		<feat xlink:href="#sSpan20131" value="true"/></featList></paula>