<?xml version='1.0' encoding='UTF-8'?><!DOCTYPE paula SYSTEM "paula_feat.dtd">
<paula version="1.1">
	<header paula_id="scriptorium.pachomius.instructions.01.mark_lang"/>
	<featList xmlns:xlink="http://www.w3.org/1999/xlink" type="lang" xml:base="scriptorium.pachomius.instructions.01.mark.xml">
		<feat xlink:href="#sSpan57" value="Greek"/>
		<feat xlink:href="#sSpan74" value="Hebrew"/>
		<feat xlink:href="#sSpan127" value="Greek"/>
		<feat xlink:href="#sSpan153" value="Hebrew"/>
		<feat xlink:href="#sSpan264" value="Greek"/>
		<feat xlink:href="#sSpan358" value="Hebrew"/>
		<feat xlink:href="#sSpan431" value="Greek"/>
		<feat xlink:href="#sSpan449" value="Greek"/>
		<feat xlink:href="#sSpan466" value="Greek"/>
		<feat xlink:href="#sSpan502" value="Hebrew"/>
		<feat xlink:href="#sSpan567" value="Hebrew"/>
		<feat xlink:href="#sSpan588" value="Greek"/>
		<feat xlink:href="#sSpan644" value="Greek"/>
		<feat xlink:href="#sSpan670" value="Hebrew"/>
		<feat xlink:href="#sSpan698" value="Greek"/>
		<feat xlink:href="#sSpan709" value="Hebrew"/>
		<feat xlink:href="#sSpan721" value="Greek"/>
		<feat xlink:href="#sSpan808" value="Hebrew"/>
		<feat xlink:href="#sSpan835" value="Greek"/>
		<feat xlink:href="#sSpan945" value="Hebrew"/>
		<feat xlink:href="#sSpan970" value="Greek"/>
		<feat xlink:href="#sSpan1036" value="Greek"/>
		<feat xlink:href="#sSpan1065" value="Greek"/>
		<feat xlink:href="#sSpan1091" value="Greek"/>
		<feat xlink:href="#sSpan1174" value="Greek"/>
		<feat xlink:href="#sSpan1197" value="Greek"/>
		<feat xlink:href="#sSpan1242" value="Greek"/>
		<feat xlink:href="#sSpan1407" value="Greek"/>
		<feat xlink:href="#sSpan1428" value="Greek"/>
		<feat xlink:href="#sSpan1539" value="Greek"/>
		<feat xlink:href="#sSpan1553" value="Greek"/>
		<feat xlink:href="#sSpan1607" value="Greek"/>
		<feat xlink:href="#sSpan1673" value="Greek"/>
		<feat xlink:href="#sSpan1683" value="Greek"/>
		<feat xlink:href="#sSpan1703" value="Greek"/>
		<feat xlink:href="#sSpan1733" value="Greek"/>
		<feat xlink:href="#sSpan1863" value="Greek"/>
		<feat xlink:href="#sSpan1868" value="Greek"/>
		<feat xlink:href="#sSpan1908" value="Greek"/>
		<feat xlink:href="#sSpan1938" value="Greek"/>
		<feat xlink:href="#sSpan1993" value="Greek"/>
		<feat xlink:href="#sSpan2161" value="Greek"/>
		<feat xlink:href="#sSpan2183" value="Greek"/>
		<feat xlink:href="#sSpan2244" value="Greek"/>
		<feat xlink:href="#sSpan2477" value="Greek"/>
		<feat xlink:href="#sSpan2494" value="Greek"/>
		<feat xlink:href="#sSpan2545" value="Greek"/>
		<feat xlink:href="#sSpan2589" value="Greek"/>
		<feat xlink:href="#sSpan2657" value="Greek"/>
		<feat xlink:href="#sSpan2722" value="Greek"/>
		<feat xlink:href="#sSpan2796" value="Greek"/>
		<feat xlink:href="#sSpan2849" value="Greek"/>
		<feat xlink:href="#sSpan2908" value="Greek"/>
		<feat xlink:href="#sSpan2918" value="Greek"/>
		<feat xlink:href="#sSpan2930" value="Greek"/>
		<feat xlink:href="#sSpan2962" value="Greek"/>
		<feat xlink:href="#sSpan2989" value="Greek"/>
		<feat xlink:href="#sSpan3026" value="Greek"/>
		<feat xlink:href="#sSpan3038" value="Greek"/>
		<feat xlink:href="#sSpan3045" value="Greek"/>
		<feat xlink:href="#sSpan3154" value="Greek"/>
		<feat xlink:href="#sSpan3192" value="Greek"/>
		<feat xlink:href="#sSpan3202" value="Greek"/>
		<feat xlink:href="#sSpan3241" value="Greek"/>
		<feat xlink:href="#sSpan3342" value="Greek"/>
		<feat xlink:href="#sSpan3345" value="Greek"/>
		<feat xlink:href="#sSpan3357" value="Greek"/>
		<feat xlink:href="#sSpan3375" value="Greek"/>
		<feat xlink:href="#sSpan3442" value="Greek"/>
		<feat xlink:href="#sSpan3464" value="Greek"/>
		<feat xlink:href="#sSpan3520" value="Greek"/>
		<feat xlink:href="#sSpan3534" value="Greek"/>
		<feat xlink:href="#sSpan3553" value="Greek"/>
		<feat xlink:href="#sSpan3647" value="Greek"/>
		<feat xlink:href="#sSpan3661" value="Greek"/>
		<feat xlink:href="#sSpan3774" value="Greek"/>
		<feat xlink:href="#sSpan3824" value="Greek"/>
		<feat xlink:href="#sSpan3882" value="Greek"/>
		<feat xlink:href="#sSpan3957" value="Greek"/>
		<feat xlink:href="#sSpan3983" value="Greek"/>
		<feat xlink:href="#sSpan4046" value="Greek"/>
		<feat xlink:href="#sSpan4085" value="Greek"/>
		<feat xlink:href="#sSpan4283" value="Greek"/>
		<feat xlink:href="#sSpan4374" value="Greek"/>
		<feat xlink:href="#sSpan4665" value="Greek"/>
		<feat xlink:href="#sSpan4725" value="Greek"/>
		<feat xlink:href="#sSpan4754" value="Greek"/>
		<feat xlink:href="#sSpan4807" value="Greek"/>
		<feat xlink:href="#sSpan4854" value="Greek"/>
		<feat xlink:href="#sSpan4962" value="Greek"/>
		<feat xlink:href="#sSpan5111" value="Greek"/>
		<feat xlink:href="#sSpan5166" value="Greek"/>
		<feat xlink:href="#sSpan5202" value="Greek"/>
		<feat xlink:href="#sSpan5238" value="Greek"/>
		<feat xlink:href="#sSpan5270" value="Greek"/>
		<feat xlink:href="#sSpan5287" value="Greek"/>
		<feat xlink:href="#sSpan5321" value="Greek"/>
		<feat xlink:href="#sSpan5329" value="Greek"/>
		<feat xlink:href="#sSpan5343" value="Greek"/>
		<feat xlink:href="#sSpan5362" value="Greek"/>
		<feat xlink:href="#sSpan5367" value="Greek"/>
		<feat xlink:href="#sSpan5372" value="Greek"/>
		<feat xlink:href="#sSpan5397" value="Greek"/>
		<feat xlink:href="#sSpan5452" value="Hebrew"/>
		<feat xlink:href="#sSpan5482" value="Greek"/>
		<feat xlink:href="#sSpan5512" value="Greek"/>
		<feat xlink:href="#sSpan5520" value="Greek"/>
		<feat xlink:href="#sSpan5525" value="Hebrew"/>
		<feat xlink:href="#sSpan5576" value="Greek"/>
		<feat xlink:href="#sSpan5599" value="Greek"/>
		<feat xlink:href="#sSpan5634" value="Greek"/>
		<feat xlink:href="#sSpan5648" value="Greek"/>
		<feat xlink:href="#sSpan5676" value="Greek"/>
		<feat xlink:href="#sSpan5695" value="Greek"/>
		<feat xlink:href="#sSpan5763" value="Greek"/>
		<feat xlink:href="#sSpan5780" value="Greek"/>
		<feat xlink:href="#sSpan5940" value="Greek"/>
		<feat xlink:href="#sSpan5965" value="Greek"/>
		<feat xlink:href="#sSpan6004" value="Greek"/>
		<feat xlink:href="#sSpan6029" value="Greek"/>
		<feat xlink:href="#sSpan6049" value="Greek"/>
		<feat xlink:href="#sSpan6062" value="Greek"/>
		<feat xlink:href="#sSpan6077" value="Greek"/>
		<feat xlink:href="#sSpan6087" value="Greek"/>
		<feat xlink:href="#sSpan6184" value="Greek"/>
		<feat xlink:href="#sSpan6196" value="Greek"/>
		<feat xlink:href="#sSpan6207" value="Greek"/>
		<feat xlink:href="#sSpan6227" value="Greek"/>
		<feat xlink:href="#sSpan6237" value="Hebrew"/>
		<feat xlink:href="#sSpan6321" value="Greek"/>
		<feat xlink:href="#sSpan6597" value="Greek"/>
		<feat xlink:href="#sSpan6782" value="Greek"/>
		<feat xlink:href="#sSpan6801" value="Akkadian"/>
		<feat xlink:href="#sSpan6845" value="Greek"/>
		<feat xlink:href="#sSpan6849" value="Greek"/>
		<feat xlink:href="#sSpan6862" value="Greek"/>
		<feat xlink:href="#sSpan6891" value="Greek"/>
		<feat xlink:href="#sSpan6978" value="Greek"/>
		<feat xlink:href="#sSpan7061" value="Hebrew"/>
		<feat xlink:href="#sSpan7091" value="Greek"/>
		<feat xlink:href="#sSpan7115" value="Greek"/>
		<feat xlink:href="#sSpan7236" value="Greek"/>
		<feat xlink:href="#sSpan7289" value="Greek"/>
		<feat xlink:href="#sSpan7339" value="Greek"/>
		<feat xlink:href="#sSpan7354" value="Greek"/>
		<feat xlink:href="#sSpan7391" value="Greek"/>
		<feat xlink:href="#sSpan7474" value="Greek"/>
		<feat xlink:href="#sSpan7502" value="Greek"/>
		<feat xlink:href="#sSpan7520" value="Greek"/>
		<feat xlink:href="#sSpan7549" value="Greek"/>
		<feat xlink:href="#sSpan7627" value="Greek"/>
		<feat xlink:href="#sSpan7661" value="Greek"/>
		<feat xlink:href="#sSpan7708" value="Greek"/>
		<feat xlink:href="#sSpan7711" value="Greek"/>
		<feat xlink:href="#sSpan7763" value="Greek"/>
		<feat xlink:href="#sSpan7778" value="Greek"/>
		<feat xlink:href="#sSpan7804" value="Greek"/>
		<feat xlink:href="#sSpan7827" value="Greek"/>
		<feat xlink:href="#sSpan7842" value="Greek"/>
		<feat xlink:href="#sSpan7871" value="Greek"/>
		<feat xlink:href="#sSpan7898" value="Greek"/>
		<feat xlink:href="#sSpan8056" value="Greek"/>
		<feat xlink:href="#sSpan8064" value="Greek"/>
		<feat xlink:href="#sSpan8195" value="Greek"/>
		<feat xlink:href="#sSpan8263" value="Greek"/>
		<feat xlink:href="#sSpan8285" value="Greek"/>
		<feat xlink:href="#sSpan8480" value="Greek"/>
		<feat xlink:href="#sSpan8530" value="Greek"/>
		<feat xlink:href="#sSpan8576" value="Greek"/>
		<feat xlink:href="#sSpan8586" value="Greek"/>
		<feat xlink:href="#sSpan8616" value="Greek"/>
		<feat xlink:href="#sSpan8631" value="Greek"/>
		<feat xlink:href="#sSpan8643" value="Greek"/>
		<feat xlink:href="#sSpan8661" value="Greek"/>
		<feat xlink:href="#sSpan8703" value="Greek"/>
		<feat xlink:href="#sSpan8752" value="Greek"/>
		<feat xlink:href="#sSpan8783" value="Greek"/>
		<feat xlink:href="#sSpan8860" value="Hebrew"/>
		<feat xlink:href="#sSpan8879" value="Hebrew"/>
		<feat xlink:href="#sSpan8937" value="Greek"/>
		<feat xlink:href="#sSpan9045" value="Greek"/>
		<feat xlink:href="#sSpan9102" value="Greek"/>
		<feat xlink:href="#sSpan9152" value="Greek"/>
		<feat xlink:href="#sSpan9166" value="Greek"/>
		<feat xlink:href="#sSpan9186" value="Greek"/>
		<feat xlink:href="#sSpan9244" value="Greek"/>
		<feat xlink:href="#sSpan9275" value="Greek"/>
		<feat xlink:href="#sSpan9289" value="Greek"/>
		<feat xlink:href="#sSpan9296" value="Greek"/>
		<feat xlink:href="#sSpan9307" value="Greek"/>
		<feat xlink:href="#sSpan9314" value="Greek"/>
		<feat xlink:href="#sSpan9322" value="Greek"/>
		<feat xlink:href="#sSpan9332" value="Greek"/>
		<feat xlink:href="#sSpan9348" value="Greek"/>
		<feat xlink:href="#sSpan9366" value="Greek"/>
		<feat xlink:href="#sSpan9374" value="Greek"/>
		<feat xlink:href="#sSpan9387" value="Greek"/>
		<feat xlink:href="#sSpan9419" value="Greek"/>
		<feat xlink:href="#sSpan9449" value="Hebrew"/>
		<feat xlink:href="#sSpan9459" value="Greek"/>
		<feat xlink:href="#sSpan9566" value="Greek"/>
		<feat xlink:href="#sSpan9595" value="Greek"/>
		<feat xlink:href="#sSpan9632" value="Greek"/>
		<feat xlink:href="#sSpan9689" value="Greek"/>
		<feat xlink:href="#sSpan9716" value="Greek"/>
		<feat xlink:href="#sSpan9727" value="Greek"/>
		<feat xlink:href="#sSpan9737" value="Greek"/>
		<feat xlink:href="#sSpan9767" value="Greek"/>
		<feat xlink:href="#sSpan9855" value="Greek"/>
		<feat xlink:href="#sSpan9866" value="Greek"/>
		<feat xlink:href="#sSpan9927" value="Greek"/>
		<feat xlink:href="#sSpan10047" value="Greek"/>
		<feat xlink:href="#sSpan10064" value="Hebrew"/>
		<feat xlink:href="#sSpan10078" value="Hebrew"/>
		<feat xlink:href="#sSpan10094" value="Greek"/>
		<feat xlink:href="#sSpan10103" value="Hebrew"/>
		<feat xlink:href="#sSpan10243" value="Greek"/>
		<feat xlink:href="#sSpan10272" value="Greek"/>
		<feat xlink:href="#sSpan10478" value="Greek"/>
		<feat xlink:href="#sSpan10568" value="Greek"/>
		<feat xlink:href="#sSpan10625" value="Greek"/>
		<feat xlink:href="#sSpan10643" value="Greek"/>
		<feat xlink:href="#sSpan10966" value="Greek"/>
		<feat xlink:href="#sSpan11010" value="Greek"/>
		<feat xlink:href="#sSpan11017" value="Greek"/>
		<feat xlink:href="#sSpan11022" value="Greek"/>
		<feat xlink:href="#sSpan11110" value="Greek"/>
		<feat xlink:href="#sSpan11148" value="Greek"/>
		<feat xlink:href="#sSpan11180" value="Greek"/>
		<feat xlink:href="#sSpan11188" value="Greek"/>
		<feat xlink:href="#sSpan11367" value="Greek"/>
		<feat xlink:href="#sSpan11376" value="Hebrew"/>
		<feat xlink:href="#sSpan11402" value="Greek"/>
		<feat xlink:href="#sSpan11412" value="Greek"/>
		<feat xlink:href="#sSpan11429" value="Greek"/>
		<feat xlink:href="#sSpan11588" value="Greek"/>
		<feat xlink:href="#sSpan11674" value="Greek"/>
		<feat xlink:href="#sSpan11765" value="Greek"/>
		<feat xlink:href="#sSpan11823" value="Greek"/>
		<feat xlink:href="#sSpan11914" value="Greek"/>
		<feat xlink:href="#sSpan12082" value="Greek"/>
		<feat xlink:href="#sSpan12129" value="Greek"/>
		<feat xlink:href="#sSpan12147" value="Greek"/>
		<feat xlink:href="#sSpan12414" value="Greek"/>
		<feat xlink:href="#sSpan12419" value="Greek"/>
		<feat xlink:href="#sSpan12460" value="Greek"/>
		<feat xlink:href="#sSpan12498" value="Greek"/>
		<feat xlink:href="#sSpan12532" value="Greek"/>
		<feat xlink:href="#sSpan12551" value="Hebrew"/>
		<feat xlink:href="#sSpan12576" value="Greek"/>
		<feat xlink:href="#sSpan12678" value="Greek"/>
		<feat xlink:href="#sSpan12711" value="Greek"/>
		<feat xlink:href="#sSpan12716" value="Greek"/>
		<feat xlink:href="#sSpan12753" value="Greek"/>
		<feat xlink:href="#sSpan12763" value="Greek"/>
		<feat xlink:href="#sSpan12779" value="Greek"/>
		<feat xlink:href="#sSpan12799" value="Greek"/>
		<feat xlink:href="#sSpan12875" value="Greek"/>
		<feat xlink:href="#sSpan12947" value="Greek"/>
		<feat xlink:href="#sSpan12985" value="Greek"/>
		<feat xlink:href="#sSpan12999" value="Greek"/>
		<feat xlink:href="#sSpan13020" value="Greek"/>
		<feat xlink:href="#sSpan13025" value="Greek"/>
		<feat xlink:href="#sSpan13099" value="Greek"/>
		<feat xlink:href="#sSpan13170" value="Greek"/>
		<feat xlink:href="#sSpan13181" value="Greek"/>
		<feat xlink:href="#sSpan13215" value="Hebrew"/>
		<feat xlink:href="#sSpan13427" value="Greek"/>
		<feat xlink:href="#sSpan13506" value="Hebrew"/>
		<feat xlink:href="#sSpan13514" value="Greek"/>
		<feat xlink:href="#sSpan13560" value="Greek"/>
		<feat xlink:href="#sSpan13585" value="Greek"/>
		<feat xlink:href="#sSpan13588" value="Greek"/>
		<feat xlink:href="#sSpan13625" value="Greek"/>
		<feat xlink:href="#sSpan13649" value="Greek"/>
		<feat xlink:href="#sSpan13658" value="Hebrew"/>
		<feat xlink:href="#sSpan13667" value="Greek"/>
		<feat xlink:href="#sSpan13676" value="Greek"/>
		<feat xlink:href="#sSpan13686" value="Greek"/>
		<feat xlink:href="#sSpan13694" value="Hebrew"/>
		<feat xlink:href="#sSpan13708" value="Greek"/>
		<feat xlink:href="#sSpan13730" value="Greek"/>
		<feat xlink:href="#sSpan13771" value="Greek"/>
		<feat xlink:href="#sSpan13799" value="Greek"/>
		<feat xlink:href="#sSpan13838" value="Greek"/>
		<feat xlink:href="#sSpan13902" value="Greek"/>
		<feat xlink:href="#sSpan13977" value="Greek"/>
		<feat xlink:href="#sSpan14057" value="Greek"/>
		<feat xlink:href="#sSpan14125" value="Greek"/>
		<feat xlink:href="#sSpan14184" value="Greek"/>
		<feat xlink:href="#sSpan14202" value="Greek"/>
		<feat xlink:href="#sSpan14258" value="Greek"/>
		<feat xlink:href="#sSpan14292" value="Greek"/>
		<feat xlink:href="#sSpan14347" value="Greek"/>
		<feat xlink:href="#sSpan14422" value="Greek"/>
		<feat xlink:href="#sSpan14462" value="Greek"/>
		<feat xlink:href="#sSpan14472" value="Greek"/>
		<feat xlink:href="#sSpan14897" value="Greek"/>
		<feat xlink:href="#sSpan15078" value="Greek"/>
		<feat xlink:href="#sSpan15101" value="Greek"/>
		<feat xlink:href="#sSpan15111" value="Greek"/>
		<feat xlink:href="#sSpan15139" value="Greek"/>
		<feat xlink:href="#sSpan15149" value="Greek"/>
		<feat xlink:href="#sSpan15168" value="Greek"/>
		<feat xlink:href="#sSpan15182" value="Hebrew"/>
		<feat xlink:href="#sSpan15208" value="Greek"/>
		<feat xlink:href="#sSpan15222" value="Greek"/>
		<feat xlink:href="#sSpan15259" value="Greek"/>
		<feat xlink:href="#sSpan15297" value="Hebrew"/>
		<feat xlink:href="#sSpan15315" value="Greek"/>
		<feat xlink:href="#sSpan15344" value="Hebrew"/>
		<feat xlink:href="#sSpan15356" value="Greek"/>
		<feat xlink:href="#sSpan15409" value="Greek"/>
		<feat xlink:href="#sSpan15432" value="Greek"/>
		<feat xlink:href="#sSpan15449" value="Greek"/>
		<feat xlink:href="#sSpan15504" value="Hebrew"/>
		<feat xlink:href="#sSpan15634" value="Hebrew"/>
		<feat xlink:href="#sSpan15686" value="Greek"/>
		<feat xlink:href="#sSpan15756" value="Hebrew"/>
		<feat xlink:href="#sSpan15773" value="Greek"/>
		<feat xlink:href="#sSpan15833" value="Hebrew"/>
		<feat xlink:href="#sSpan15879" value="Greek"/>
		<feat xlink:href="#sSpan15921" value="Hebrew"/>
		<feat xlink:href="#sSpan15959" value="Greek"/>
		<feat xlink:href="#sSpan16017" value="Greek"/>
		<feat xlink:href="#sSpan16067" value="Hebrew"/>
		<feat xlink:href="#sSpan16102" value="Greek"/>
		<feat xlink:href="#sSpan16159" value="Greek"/>
		<feat xlink:href="#sSpan16296" value="Greek"/>
		<feat xlink:href="#sSpan16327" value="Greek"/>
		<feat xlink:href="#sSpan16354" value="Greek"/>
		<feat xlink:href="#sSpan16483" value="Greek"/>
		<feat xlink:href="#sSpan16490" value="Greek"/>
		<feat xlink:href="#sSpan16511" value="Greek"/>
		<feat xlink:href="#sSpan16554" value="Greek"/>
		<feat xlink:href="#sSpan16598" value="Greek"/>
		<feat xlink:href="#sSpan16624" value="Greek"/>
		<feat xlink:href="#sSpan16713" value="Greek"/>
		<feat xlink:href="#sSpan16748" value="Greek"/>
		<feat xlink:href="#sSpan16819" value="Greek"/>
		<feat xlink:href="#sSpan16886" value="Greek"/>
		<feat xlink:href="#sSpan16896" value="Greek"/>
		<feat xlink:href="#sSpan16923" value="Greek"/>
		<feat xlink:href="#sSpan16970" value="Greek"/>
		<feat xlink:href="#sSpan17052" value="Greek"/>
		<feat xlink:href="#sSpan17202" value="Greek"/>
		<feat xlink:href="#sSpan17277" value="Greek"/>
		<feat xlink:href="#sSpan17339" value="Greek"/>
		<feat xlink:href="#sSpan17350" value="Greek"/>
		<feat xlink:href="#sSpan17403" value="Hebrew"/>
		<feat xlink:href="#sSpan17422" value="Greek"/>
		<feat xlink:href="#sSpan17425" value="Greek"/>
		<feat xlink:href="#sSpan17546" value="Greek"/>
		<feat xlink:href="#sSpan17652" value="Greek"/>
		<feat xlink:href="#sSpan17696" value="Greek"/>
		<feat xlink:href="#sSpan17716" value="Greek"/>
		<feat xlink:href="#sSpan17740" value="Greek"/>
		<feat xlink:href="#sSpan17750" value="Greek"/>
		<feat xlink:href="#sSpan17856" value="Greek"/>
		<feat xlink:href="#sSpan17905" value="Greek"/>
		<feat xlink:href="#sSpan17991" value="Greek"/>
		<feat xlink:href="#sSpan18111" value="Greek"/>
		<feat xlink:href="#sSpan18152" value="Greek"/>
		<feat xlink:href="#sSpan18157" value="Greek"/>
		<feat xlink:href="#sSpan18204" value="Greek"/>
		<feat xlink:href="#sSpan18263" value="Greek"/>
		<feat xlink:href="#sSpan18271" value="Greek"/>
		<feat xlink:href="#sSpan18299" value="Greek"/>
		<feat xlink:href="#sSpan18320" value="Greek"/>
		<feat xlink:href="#sSpan18409" value="Greek"/>
		<feat xlink:href="#sSpan18515" value="Greek"/>
		<feat xlink:href="#sSpan18565" value="Greek"/>
		<feat xlink:href="#sSpan18573" value="Greek"/>
		<feat xlink:href="#sSpan18696" value="Greek"/>
		<feat xlink:href="#sSpan18737" value="Greek"/>
		<feat xlink:href="#sSpan18740" value="Greek"/>
		<feat xlink:href="#sSpan18794" value="Greek"/>
		<feat xlink:href="#sSpan18821" value="Greek"/>
		<feat xlink:href="#sSpan18848" value="Greek"/>
		<feat xlink:href="#sSpan18892" value="Greek"/>
		<feat xlink:href="#sSpan18947" value="Hebrew"/>
		<feat xlink:href="#sSpan18956" value="Greek"/>
		<feat xlink:href="#sSpan18972" value="Greek"/>
		<feat xlink:href="#sSpan18977" value="Greek"/>
		<feat xlink:href="#sSpan18983" value="Greek"/>
		<feat xlink:href="#sSpan19081" value="Greek"/>
		<feat xlink:href="#sSpan19126" value="Greek"/>
		<feat xlink:href="#sSpan19180" value="Hebrew"/>
		<feat xlink:href="#sSpan19212" value="Greek"/>
		<feat xlink:href="#sSpan19223" value="Greek"/>
		<feat xlink:href="#sSpan19270" value="Greek"/>
		<feat xlink:href="#sSpan19289" value="Greek"/>
		<feat xlink:href="#sSpan19314" value="Greek"/>
		<feat xlink:href="#sSpan19331" value="Greek"/>
		<feat xlink:href="#sSpan19347" value="Greek"/>
		<feat xlink:href="#sSpan19369" value="Greek"/>
		<feat xlink:href="#sSpan19384" value="Greek"/>
		<feat xlink:href="#sSpan19395" value="Greek"/>
		<feat xlink:href="#sSpan19402" value="Greek"/>
		<feat xlink:href="#sSpan19409" value="Greek"/>
		<feat xlink:href="#sSpan19436" value="Greek"/>
		<feat xlink:href="#sSpan19446" value="Greek"/>
		<feat xlink:href="#sSpan19463" value="Greek"/>
		<feat xlink:href="#sSpan19511" value="Greek"/>
		<feat xlink:href="#sSpan19622" value="Greek"/>
		<feat xlink:href="#sSpan19654" value="Greek"/>
		<feat xlink:href="#sSpan19662" value="Greek"/>
		<feat xlink:href="#sSpan19764" value="Greek"/>
		<feat xlink:href="#sSpan19794" value="Greek"/>
		<feat xlink:href="#sSpan19870" value="Greek"/>
		<feat xlink:href="#sSpan20016" value="Greek"/>
		<feat xlink:href="#sSpan20059" value="Greek"/>
		<feat xlink:href="#sSpan20093" value="Greek"/>
		<feat xlink:href="#sSpan20110" value="Greek"/>
		<feat xlink:href="#sSpan20145" value="Greek"/>
		<feat xlink:href="#sSpan20164" value="Greek"/>
		<feat xlink:href="#sSpan20213" value="Greek"/></featList></paula>