<?xml version='1.0' encoding='UTF-8'?><!DOCTYPE paula SYSTEM "paula_feat.dtd">
<paula version="1.1">
	<header paula_id="scriptorium.pachomius.instructions.01.mark_morph"/>
	<featList xmlns:xlink="http://www.w3.org/1999/xlink" type="morph" xml:base="scriptorium.pachomius.instructions.01.mark.xml">
		<feat xlink:href="#sSpan39" value="ⲡ"/>
		<feat xlink:href="#sSpan43" value="ⲉⲧ"/>
		<feat xlink:href="#sSpan44" value="ⲟⲩⲁⲁⲃ"/>
		<feat xlink:href="#sSpan123" value="ⲣ"/>
		<feat xlink:href="#sSpan126" value="ⲭⲟⲗⲏ"/>
		<feat xlink:href="#sSpan390" value="ⲣ"/>
		<feat xlink:href="#sSpan393" value="ⲥⲁⲃⲉ"/>
		<feat xlink:href="#sSpan462" value="ⲣ"/>
		<feat xlink:href="#sSpan465" value="ϩⲓⲕⲁⲛⲟⲥ"/>
		<feat xlink:href="#sSpan541" value="ⲙⲛⲧ"/>
		<feat xlink:href="#sSpan544" value="ϣⲙⲙⲟ"/>
		<feat xlink:href="#sSpan686" value="ⲣ"/>
		<feat xlink:href="#sSpan689" value="ϫⲱⲱⲣⲉ"/>
		<feat xlink:href="#sSpan819" value="ⲙⲛⲧ"/>
		<feat xlink:href="#sSpan822" value="ⲥⲙⲏⲧ"/>
		<feat xlink:href="#sSpan937" value="ⲙⲛⲧ"/>
		<feat xlink:href="#sSpan940" value="ⲥⲁⲃⲉ"/>
		<feat xlink:href="#sSpan956" value="ⲙⲛⲧ"/>
		<feat xlink:href="#sSpan959" value="ⲥⲙⲏⲧ"/>
		<feat xlink:href="#sSpan994" value="ⲙⲛⲧ"/>
		<feat xlink:href="#sSpan997" value="ϩⲙϩⲁⲗ"/>
		<feat xlink:href="#sSpan1005" value="ⲣ"/>
		<feat xlink:href="#sSpan1008" value="ⲣⲣⲟ"/>
		<feat xlink:href="#sSpan1128" value="ϣⲡ"/>
		<feat xlink:href="#sSpan1131" value="ⲧⲱⲱⲣⲉ"/>
		<feat xlink:href="#sSpan1177" value="ⲣ"/>
		<feat xlink:href="#sSpan1182" value="ⲟⲩⲟⲉⲓⲛ"/>
		<feat xlink:href="#sSpan1200" value="ϯ"/>
		<feat xlink:href="#sSpan1205" value="ⲟⲩⲱ"/>
		<feat xlink:href="#sSpan1258" value="ⲙⲛⲧ"/>
		<feat xlink:href="#sSpan1261" value="ϩⲁⲣϣ"/>
		<feat xlink:href="#sSpan1262" value="ϩⲏⲧ"/>
		<feat xlink:href="#sSpan1309" value="ⲣ"/>
		<feat xlink:href="#sSpan1315" value="ϩⲁⲣϣ"/>
		<feat xlink:href="#sSpan1316" value="ϩⲏⲧ"/>
		<feat xlink:href="#sSpan1362" value="ⲙⲛⲧ"/>
		<feat xlink:href="#sSpan1365" value="ϩⲁⲣϣ"/>
		<feat xlink:href="#sSpan1366" value="ϩⲏⲧ"/>
		<feat xlink:href="#sSpan1383" value="ϩⲁⲣϣ"/>
		<feat xlink:href="#sSpan1387" value="ϩⲏⲧ"/>
		<feat xlink:href="#sSpan1456" value="ⲁⲧ"/>
		<feat xlink:href="#sSpan1459" value="ⲧⲁⲕⲟ"/>
		<feat xlink:href="#sSpan1501" value="ⲙⲛⲧ"/>
		<feat xlink:href="#sSpan1504" value="ϩⲁⲣϣ"/>
		<feat xlink:href="#sSpan1506" value="ϩⲏⲧ"/>
		<feat xlink:href="#sSpan1520" value="ϯ"/>
		<feat xlink:href="#sSpan1525" value="ⲙⲧⲟⲛ"/>
		<feat xlink:href="#sSpan1797" value="ⲙⲛⲧ"/>
		<feat xlink:href="#sSpan1800" value="ⲣⲙ"/>
		<feat xlink:href="#sSpan1801" value="ⲣⲁϣ"/>
		<feat xlink:href="#sSpan1854" value="ⲣ"/>
		<feat xlink:href="#sSpan1857" value="ϩⲏⲧ"/>
		<feat xlink:href="#sSpan1858" value="ϣⲏⲙ"/>
		<feat xlink:href="#sSpan2226" value="ⲙⲛⲧ"/>
		<feat xlink:href="#sSpan2229" value="ⲣⲙ"/>
		<feat xlink:href="#sSpan2231" value="ⲣⲁϣ"/>
		<feat xlink:href="#sSpan2286" value="ⲣⲙ"/>
		<feat xlink:href="#sSpan2289" value="ⲣⲁϣ"/>
		<feat xlink:href="#sSpan2347" value="ϯ"/>
		<feat xlink:href="#sSpan2350" value="ϭⲟⲙ"/>
		<feat xlink:href="#sSpan2386" value="ⲙⲛⲧ"/>
		<feat xlink:href="#sSpan2390" value="ⲣⲙ"/>
		<feat xlink:href="#sSpan2391" value="ⲛ"/>
		<feat xlink:href="#sSpan2392" value="ϩⲏⲧ"/>
		<feat xlink:href="#sSpan2599" value="ⲙⲛⲧ"/>
		<feat xlink:href="#sSpan2602" value="ϭⲁⲃ"/>
		<feat xlink:href="#sSpan2603" value="ϩⲏⲧ"/>
		<feat xlink:href="#sSpan2619" value="ⲙⲛⲧ"/>
		<feat xlink:href="#sSpan2622" value="ⲁⲧ"/>
		<feat xlink:href="#sSpan2623" value="ⲛⲁϩⲧⲉ"/>
		<feat xlink:href="#sSpan2679" value="ⲙⲛⲧ"/>
		<feat xlink:href="#sSpan2682" value="ⲥⲁ"/>
		<feat xlink:href="#sSpan2732" value="ⲙⲛⲧ"/>
		<feat xlink:href="#sSpan2735" value="ⲙⲁⲓ"/>
		<feat xlink:href="#sSpan2736" value="ϩⲟⲙⲛⲧ"/>
		<feat xlink:href="#sSpan2752" value="ⲙⲛⲧ"/>
		<feat xlink:href="#sSpan2755" value="ⲉϣⲱⲱⲧ"/>
		<feat xlink:href="#sSpan2770" value="ⲙⲛⲧ"/>
		<feat xlink:href="#sSpan2773" value="ⲣⲉϥ"/>
		<feat xlink:href="#sSpan2775" value="ⲱⲣⲕ"/>
		<feat xlink:href="#sSpan2811" value="ⲙⲛⲧ"/>
		<feat xlink:href="#sSpan2814" value="ⲉⲓⲣ"/>
		<feat xlink:href="#sSpan2815" value="ⲃⲟⲟⲛⲉ"/>
		<feat xlink:href="#sSpan2875" value="ⲙⲛⲧ"/>
		<feat xlink:href="#sSpan2878" value="ⲗⲁⲃⲟⲓⲁϩⲧ"/>
		<feat xlink:href="#sSpan2972" value="ⲙⲛⲧ"/>
		<feat xlink:href="#sSpan2975" value="ϫⲁϫⲉ"/>
		<feat xlink:href="#sSpan3076" value="ⲣ"/>
		<feat xlink:href="#sSpan3079" value="ϫⲟⲉⲓⲥ"/>
		<feat xlink:href="#sSpan3254" value="ϯ"/>
		<feat xlink:href="#sSpan3257" value="ϩⲓⲛⲏⲃ"/>
		<feat xlink:href="#sSpan3295" value="ⲣ"/>
		<feat xlink:href="#sSpan3298" value="ⲃⲟⲗ"/>
		<feat xlink:href="#sSpan3405" value="ⲙⲛⲧ"/>
		<feat xlink:href="#sSpan3409" value="ϣⲏⲣⲉ"/>
		<feat xlink:href="#sSpan3549" value="ϩⲉϫ"/>
		<feat xlink:href="#sSpan3552" value="ϩⲱϫⲧ"/>
		<feat xlink:href="#sSpan3677" value="ⲙⲛⲧ"/>
		<feat xlink:href="#sSpan3680" value="ⲟⲩⲁϩⲓⲓⲏⲧ"/>
		<feat xlink:href="#sSpan3696" value="ⲣ"/>
		<feat xlink:href="#sSpan3702" value="ϩⲃⲁ"/>
		<feat xlink:href="#sSpan3856" value="ⲣ"/>
		<feat xlink:href="#sSpan3861" value="ϭⲱⲃ"/>
		<feat xlink:href="#sSpan4041" value="ⲙⲛⲧ"/>
		<feat xlink:href="#sSpan4045" value="ⲭⲣⲓⲥⲧⲟⲥ"/>
		<feat xlink:href="#sSpan4342" value="ⲣ"/>
		<feat xlink:href="#sSpan4345" value="ϩⲁⲗ"/>
		<feat xlink:href="#sSpan4398" value="ϫⲁⲥⲓ"/>
		<feat xlink:href="#sSpan4402" value="ϩⲏⲧ"/>
		<feat xlink:href="#sSpan4947" value="ϫⲓ"/>
		<feat xlink:href="#sSpan4954" value="ϯⲡⲉ"/>
		<feat xlink:href="#sSpan5137" value="ⲙⲛⲧ"/>
		<feat xlink:href="#sSpan5140" value="ϩⲏⲕⲉ"/>
		<feat xlink:href="#sSpan5252" value="ⲙⲛⲧ"/>
		<feat xlink:href="#sSpan5255" value="ⲉⲓⲱⲧ"/>
		<feat xlink:href="#sSpan5407" value="ⲡⲉ"/>
		<feat xlink:href="#sSpan5410" value="ⲧ"/>
		<feat xlink:href="#sSpan5411" value="ϩⲏⲡ"/>
		<feat xlink:href="#sSpan5504" value="ⲣ"/>
		<feat xlink:href="#sSpan5507" value="ϩⲙⲉⲧⲏ"/>
		<feat xlink:href="#sSpan5754" value="ⲣ"/>
		<feat xlink:href="#sSpan5757" value="ϭⲁⲃ"/>
		<feat xlink:href="#sSpan5758" value="ϩⲏⲧ"/>
		<feat xlink:href="#sSpan5834" value="ⲣ"/>
		<feat xlink:href="#sSpan5837" value="ϩⲉⲛⲟⲩϥⲉ"/>
		<feat xlink:href="#sSpan5870" value="ⲙⲛⲧ"/>
		<feat xlink:href="#sSpan5873" value="ϫⲱⲱⲣⲉ"/>
		<feat xlink:href="#sSpan5920" value="ⲙⲛⲧ"/>
		<feat xlink:href="#sSpan5923" value="ϩⲏⲕⲉ"/>
		<feat xlink:href="#sSpan5989" value="ⲣ"/>
		<feat xlink:href="#sSpan5992" value="ϭⲣⲱⲱϩ"/>
		<feat xlink:href="#sSpan6105" value="ⲙⲛⲧ"/>
		<feat xlink:href="#sSpan6109" value="ϩⲙϩⲁⲗ"/>
		<feat xlink:href="#sSpan6153" value="ⲣ"/>
		<feat xlink:href="#sSpan6156" value="ϩⲁⲗ"/>
		<feat xlink:href="#sSpan6340" value="ϣⲡ"/>
		<feat xlink:href="#sSpan6343" value="ϩⲙⲟⲧ"/>
		<feat xlink:href="#sSpan6452" value="ϯ"/>
		<feat xlink:href="#sSpan6458" value="ϩⲏⲩ"/>
		<feat xlink:href="#sSpan6471" value="ϯ"/>
		<feat xlink:href="#sSpan6474" value="ϩⲏⲩ"/>
		<feat xlink:href="#sSpan6541" value="ϯ"/>
		<feat xlink:href="#sSpan6544" value="ⲟⲩⲟⲓ"/>
		<feat xlink:href="#sSpan6724" value="ϫⲓ"/>
		<feat xlink:href="#sSpan6727" value="ϩⲣⲁ"/>
		<feat xlink:href="#sSpan6792" value="ϫⲓ"/>
		<feat xlink:href="#sSpan6795" value="ϩⲣⲁ"/>
		<feat xlink:href="#sSpan6796" value="ϥ"/>
		<feat xlink:href="#sSpan6879" value="ϭⲓⲛ"/>
		<feat xlink:href="#sSpan6882" value="ⲟⲩⲱⲙ"/>
		<feat xlink:href="#sSpan7185" value="ⲙⲛⲧ"/>
		<feat xlink:href="#sSpan7188" value="ⲣⲙ"/>
		<feat xlink:href="#sSpan7189" value="ⲛ"/>
		<feat xlink:href="#sSpan7190" value="ϩⲏⲧ"/>
		<feat xlink:href="#sSpan7994" value="ⲁϣ"/>
		<feat xlink:href="#sSpan7997" value="ⲁϩⲟⲙ"/>
		<feat xlink:href="#sSpan8105" value="ⲣ"/>
		<feat xlink:href="#sSpan8108" value="ⲁⲁⲥ"/>
		<feat xlink:href="#sSpan8373" value="ⲙⲛⲧ"/>
		<feat xlink:href="#sSpan8376" value="ⲛⲟϭ"/>
		<feat xlink:href="#sSpan8526" value="ⲣ"/>
		<feat xlink:href="#sSpan8529" value="ϩⲓⲕⲁⲛⲟⲥ"/>
		<feat xlink:href="#sSpan8565" value="ⲣ"/>
		<feat xlink:href="#sSpan8568" value="ϩⲱⲃ"/>
		<feat xlink:href="#sSpan8672" value="ⲣ"/>
		<feat xlink:href="#sSpan8675" value="ϫⲱⲱⲣⲉ"/>
		<feat xlink:href="#sSpan8786" value="ⲣ"/>
		<feat xlink:href="#sSpan8791" value="ϩⲟⲩⲟ"/>
		<feat xlink:href="#sSpan9034" value="ⲣ"/>
		<feat xlink:href="#sSpan9037" value="ϭⲣⲱϩ"/>
		<feat xlink:href="#sSpan9339" value="ⲙⲛⲧ"/>
		<feat xlink:href="#sSpan9342" value="ϫⲁⲥⲓ"/>
		<feat xlink:href="#sSpan9343" value="ϩⲏⲧ"/>
		<feat xlink:href="#sSpan9906" value="ϯ"/>
		<feat xlink:href="#sSpan9909" value="ϭⲱⲛⲧ"/>
		<feat xlink:href="#sSpan10169" value="ⲣ"/>
		<feat xlink:href="#sSpan10172" value="ϩⲙϩⲁⲗ"/>
		<feat xlink:href="#sSpan10223" value="ϫⲁⲥⲓ"/>
		<feat xlink:href="#sSpan10226" value="ϩⲏⲧ"/>
		<feat xlink:href="#sSpan10283" value="ⲙⲛⲧ"/>
		<feat xlink:href="#sSpan10286" value="ϫⲁⲥⲓ"/>
		<feat xlink:href="#sSpan10287" value="ϩⲏⲧ"/>
		<feat xlink:href="#sSpan10343" value="ⲙⲛⲧ"/>
		<feat xlink:href="#sSpan10346" value="ⲛⲁϣⲧ"/>
		<feat xlink:href="#sSpan10347" value="ϩⲏⲧ"/>
		<feat xlink:href="#sSpan10439" value="ϯ"/>
		<feat xlink:href="#sSpan10442" value="ⲉⲟⲟⲩ"/>
		<feat xlink:href="#sSpan10687" value="ⲙⲛⲧ"/>
		<feat xlink:href="#sSpan10690" value="ⲉⲣⲟ"/>
		<feat xlink:href="#sSpan10720" value="ⲡⲁ"/>
		<feat xlink:href="#sSpan10723" value="ⲧ"/>
		<feat xlink:href="#sSpan10724" value="ϣⲉⲗⲉⲉⲧ"/>
		<feat xlink:href="#sSpan10790" value="ϩⲁⲣϣ"/>
		<feat xlink:href="#sSpan10794" value="ϩⲏⲧ"/>
		<feat xlink:href="#sSpan10874" value="ϫⲓ"/>
		<feat xlink:href="#sSpan10877" value="ϣⲓⲡⲉ"/>
		<feat xlink:href="#sSpan11050" value="ⲣ"/>
		<feat xlink:href="#sSpan11053" value="ϩⲱⲃ"/>
		<feat xlink:href="#sSpan11073" value="ⲣ"/>
		<feat xlink:href="#sSpan11076" value="ϩⲱⲃ"/>
		<feat xlink:href="#sSpan11127" value="ⲙⲛⲧ"/>
		<feat xlink:href="#sSpan11130" value="ⲙⲁⲓ"/>
		<feat xlink:href="#sSpan11131" value="ϩⲙⲛⲧ"/>
		<feat xlink:href="#sSpan11455" value="ⲙⲛⲧ"/>
		<feat xlink:href="#sSpan11459" value="ϫⲁⲥⲓ"/>
		<feat xlink:href="#sSpan11461" value="ϩⲏⲧ"/>
		<feat xlink:href="#sSpan11478" value="ϫⲁⲣ"/>
		<feat xlink:href="#sSpan11482" value="ϩⲏⲧ"/>
		<feat xlink:href="#sSpan11511" value="ⲣ"/>
		<feat xlink:href="#sSpan11516" value="ϫⲁⲣ"/>
		<feat xlink:href="#sSpan11517" value="ϩⲏⲧ"/>
		<feat xlink:href="#sSpan11565" value="ⲣ"/>
		<feat xlink:href="#sSpan11568" value="ϭⲁⲃ"/>
		<feat xlink:href="#sSpan11570" value="ϩⲏⲧ"/>
		<feat xlink:href="#sSpan11577" value="ⲣ"/>
		<feat xlink:href="#sSpan11580" value="ϣⲙⲙⲟ"/>
		<feat xlink:href="#sSpan11614" value="ⲙⲛⲧ"/>
		<feat xlink:href="#sSpan11617" value="ϭⲁⲃ"/>
		<feat xlink:href="#sSpan11618" value="ϩⲏⲧ"/>
		<feat xlink:href="#sSpan11644" value="ⲙⲛⲧ"/>
		<feat xlink:href="#sSpan11649" value="ⲣϥ"/>
		<feat xlink:href="#sSpan11650" value="ϫⲛⲁⲁⲩ"/>
		<feat xlink:href="#sSpan11659" value="ⲙⲛⲧ"/>
		<feat xlink:href="#sSpan11663" value="ⲁⲧ"/>
		<feat xlink:href="#sSpan11664" value="ⲛⲁϩⲧⲉ"/>
		<feat xlink:href="#sSpan11669" value="ⲙⲛⲧ"/>
		<feat xlink:href="#sSpan11673" value="ⲁⲙⲉⲗⲏⲥ"/>
		<feat xlink:href="#sSpan11841" value="ⲣ"/>
		<feat xlink:href="#sSpan11846" value="ⲃⲣⲣⲉ"/>
		<feat xlink:href="#sSpan12197" value="ϯ"/>
		<feat xlink:href="#sSpan12201" value="ⲉⲟⲟⲩ"/>
		<feat xlink:href="#sSpan12218" value="ϯ"/>
		<feat xlink:href="#sSpan12221" value="ⲉⲟⲟⲩ"/>
		<feat xlink:href="#sSpan12241" value="ϯ"/>
		<feat xlink:href="#sSpan12244" value="ⲥⲱϣ"/>
		<feat xlink:href="#sSpan12262" value="ϯ"/>
		<feat xlink:href="#sSpan12265" value="ⲥⲱϣ"/>
		<feat xlink:href="#sSpan12618" value="ⲣ"/>
		<feat xlink:href="#sSpan12621" value="ⲙⲡϣⲁ"/>
		<feat xlink:href="#sSpan12808" value="ϯ"/>
		<feat xlink:href="#sSpan12811" value="ϩⲟⲟⲩ"/>
		<feat xlink:href="#sSpan12886" value="ϣⲁⲃⲉ"/>
		<feat xlink:href="#sSpan12889" value="ϩⲟ"/>
		<feat xlink:href="#sSpan13036" value="ⲁϣ"/>
		<feat xlink:href="#sSpan13040" value="ⲁϩⲟⲙ"/>
		<feat xlink:href="#sSpan13049" value="ⲣ"/>
		<feat xlink:href="#sSpan13052" value="ⲛⲟⲃⲉ"/>
		<feat xlink:href="#sSpan13207" value="ⲣ"/>
		<feat xlink:href="#sSpan13210" value="ϩⲁⲗ"/>
		<feat xlink:href="#sSpan13379" value="ⲙⲛⲧ"/>
		<feat xlink:href="#sSpan13382" value="ⲛⲟⲩⲧⲉ"/>
		<feat xlink:href="#sSpan13413" value="ⲙⲛⲧ"/>
		<feat xlink:href="#sSpan13416" value="ⲣⲱⲙⲉ"/>
		<feat xlink:href="#sSpan13645" value="ϫⲓ"/>
		<feat xlink:href="#sSpan13648" value="ⲥⲁⲣⲝ"/>
		<feat xlink:href="#sSpan14029" value="ϯ"/>
		<feat xlink:href="#sSpan14033" value="ⲉⲟⲟⲩ"/>
		<feat xlink:href="#sSpan14066" value="ϯ"/>
		<feat xlink:href="#sSpan14071" value="ⲉⲟⲟⲩ"/>
		<feat xlink:href="#sSpan14092" value="ϣⲡ"/>
		<feat xlink:href="#sSpan14095" value="ϩⲙⲟⲧ"/>
		<feat xlink:href="#sSpan14144" value="ⲡ"/>
		<feat xlink:href="#sSpan14147" value="ⲉⲧ"/>
		<feat xlink:href="#sSpan14148" value="ⲟⲩⲁⲁⲃ"/>
		<feat xlink:href="#sSpan14386" value="ⲛⲉϩ"/>
		<feat xlink:href="#sSpan14389" value="ⲡⲉ"/>
		<feat xlink:href="#sSpan14732" value="ⲙⲛⲧ"/>
		<feat xlink:href="#sSpan14735" value="ⲃⲁⲗϩⲏⲧ"/>
		<feat xlink:href="#sSpan15324" value="ⲣ"/>
		<feat xlink:href="#sSpan15327" value="ϩⲁⲗ"/>
		<feat xlink:href="#sSpan15525" value="ⲙⲛⲧ"/>
		<feat xlink:href="#sSpan15528" value="ⲉⲣⲟ"/>
		<feat xlink:href="#sSpan15792" value="ⲣ"/>
		<feat xlink:href="#sSpan15795" value="ⲣⲣⲟ"/>
		<feat xlink:href="#sSpan16620" value="ϯ"/>
		<feat xlink:href="#sSpan16623" value="ⲗⲟⲅⲟⲥ"/>
		<feat xlink:href="#sSpan17010" value="ⲣ"/>
		<feat xlink:href="#sSpan17013" value="ϭⲱⲃ"/>
		<feat xlink:href="#sSpan17020" value="ⲣ"/>
		<feat xlink:href="#sSpan17023" value="ⲁⲧ"/>
		<feat xlink:href="#sSpan17024" value="ϭⲟⲙ"/>
		<feat xlink:href="#sSpan17527" value="ϯ"/>
		<feat xlink:href="#sSpan17530" value="ⲥⲟ"/>
		<feat xlink:href="#sSpan17601" value="ⲟⲩⲁϩⲓ"/>
		<feat xlink:href="#sSpan17604" value="ϩⲏⲧ"/>
		<feat xlink:href="#sSpan17759" value="ϯ"/>
		<feat xlink:href="#sSpan17762" value="ⲉⲟⲟⲩ"/>
		<feat xlink:href="#sSpan17844" value="ⲧ"/>
		<feat xlink:href="#sSpan17848" value="ϩⲉ"/>
		<feat xlink:href="#sSpan18148" value="ⲣ"/>
		<feat xlink:href="#sSpan18151" value="ⲑⲏⲣⲓⲟⲛ"/>
		<feat xlink:href="#sSpan18170" value="ⲧ"/>
		<feat xlink:href="#sSpan18174" value="ϩⲉ"/>
		<feat xlink:href="#sSpan18241" value="ⲕⲁ"/>
		<feat xlink:href="#sSpan18244" value="ⲃⲟⲗ"/>
		<feat xlink:href="#sSpan18252" value="ϯ"/>
		<feat xlink:href="#sSpan18255" value="ⲃⲱⲱⲛ"/>
		<feat xlink:href="#sSpan18620" value="ⲙⲛⲧ"/>
		<feat xlink:href="#sSpan18623" value="ⲣⲙ"/>
		<feat xlink:href="#sSpan18624" value="ⲣⲁϣ"/>
		<feat xlink:href="#sSpan18635" value="ⲣ"/>
		<feat xlink:href="#sSpan18638" value="ϩⲁⲣϣ"/>
		<feat xlink:href="#sSpan18639" value="ϩⲏⲧ"/>
		<feat xlink:href="#sSpan18666" value="ⲣ"/>
		<feat xlink:href="#sSpan18669" value="ϩⲟⲧⲉ"/>
		<feat xlink:href="#sSpan19051" value="ⲣ"/>
		<feat xlink:href="#sSpan19054" value="ϫⲱⲱⲣⲉ"/>
		<feat xlink:href="#sSpan19069" value="ⲙⲛⲧ"/>
		<feat xlink:href="#sSpan19072" value="ϭⲁⲃ"/>
		<feat xlink:href="#sSpan19073" value="ϩⲏⲧ"/>
		<feat xlink:href="#sSpan19106" value="ⲙⲛⲧ"/>
		<feat xlink:href="#sSpan19109" value="ϫⲁⲣ"/>
		<feat xlink:href="#sSpan19110" value="ϩⲏⲧ"/>
		<feat xlink:href="#sSpan19532" value="ⲕⲁ"/>
		<feat xlink:href="#sSpan19537" value="ϩⲏⲩ"/>
		<feat xlink:href="#sSpan19922" value="ⲥⲉ"/>
		<feat xlink:href="#sSpan19925" value="ⲙⲟⲟⲩ"/>
		<feat xlink:href="#sSpan20070" value="ϯ"/>
		<feat xlink:href="#sSpan20073" value="ϩⲁ"/></featList></paula>