<?xml version='1.0' encoding='UTF-8'?><!DOCTYPE paula SYSTEM "paula_feat.dtd">
<paula version="1.1">
	<header paula_id="scriptorium.shenoute.those.GF253-256.mark_func"/>
	<featList xmlns:xlink="http://www.w3.org/1999/xlink" type="func" xml:base="scriptorium.shenoute.those.GF253-256.mark.xml">
		<feat xlink:href="#sSpan2" value="det"/>
		<feat xlink:href="#sSpan15" value="root"/>
		<feat xlink:href="#sSpan17" value="mark"/>
		<feat xlink:href="#sSpan23" value="aux"/>
		<feat xlink:href="#sSpan25" value="nsubj"/>
		<feat xlink:href="#sSpan27" value="acl"/>
		<feat xlink:href="#sSpan29" value="obj"/>
		<feat xlink:href="#sSpan31" value="case"/>
		<feat xlink:href="#sSpan36" value="det"/>
		<feat xlink:href="#sSpan39" value="obl"/>
		<feat xlink:href="#sSpan41" value="case"/>
		<feat xlink:href="#sSpan45" value="det"/>
		<feat xlink:href="#sSpan49" value="nmod"/>
		<feat xlink:href="#sSpan51" value="nsubj"/>
		<feat xlink:href="#sSpan53" value="xcomp"/>
		<feat xlink:href="#sSpan55" value="case"/>
		<feat xlink:href="#sSpan59" value="det"/>
		<feat xlink:href="#sSpan62" value="obl"/>
		<feat xlink:href="#sSpan65" value="mark"/>
		<feat xlink:href="#sSpan69" value="nsubj"/>
		<feat xlink:href="#sSpan71" value="acl"/>
		<feat xlink:href="#sSpan73" value="case"/>
		<feat xlink:href="#sSpan77" value="det"/>
		<feat xlink:href="#sSpan80" value="obl"/>
		<feat xlink:href="#sSpan83" value="mark"/>
		<feat xlink:href="#sSpan87" value="acl"/>
		<feat xlink:href="#sSpan89" value="case"/>
		<feat xlink:href="#sSpan93" value="det"/>
		<feat xlink:href="#sSpan96" value="obj"/>
		<feat xlink:href="#sSpan99" value="punct"/>
		<feat xlink:href="#sSpan103" value="mark"/>
		<feat xlink:href="#sSpan107" value="nsubj"/>
		<feat xlink:href="#sSpan109" value="advcl"/>
		<feat xlink:href="#sSpan111" value="mark"/>
		<feat xlink:href="#sSpan115" value="xcomp"/>
		<feat xlink:href="#sSpan118" value="nsubj"/>
		<feat xlink:href="#sSpan120" value="xcomp"/>
		<feat xlink:href="#sSpan122" value="obj"/>
		<feat xlink:href="#sSpan124" value="case"/>
		<feat xlink:href="#sSpan128" value="obl"/>
		<feat xlink:href="#sSpan131" value="mark"/>
		<feat xlink:href="#sSpan134" value="nsubj"/>
		<feat xlink:href="#sSpan136" value="acl"/>
		<feat xlink:href="#sSpan138" value="case"/>
		<feat xlink:href="#sSpan142" value="obj"/>
		<feat xlink:href="#sSpan144" value="punct"/>
		<feat xlink:href="#sSpan148" value="case"/>
		<feat xlink:href="#sSpan153" value="obl"/>
		<feat xlink:href="#sSpan155" value="case"/>
		<feat xlink:href="#sSpan159" value="obl"/>
		<feat xlink:href="#sSpan162" value="case"/>
		<feat xlink:href="#sSpan165" value="nmod"/>
		<feat xlink:href="#sSpan167" value="punct"/>
		<feat xlink:href="#sSpan171" value="cc"/>
		<feat xlink:href="#sSpan175" value="mark"/>
		<feat xlink:href="#sSpan179" value="nsubj"/>
		<feat xlink:href="#sSpan181" value="conj"/>
		<feat xlink:href="#sSpan184" value="mark"/>
		<feat xlink:href="#sSpan188" value="xcomp"/>
		<feat xlink:href="#sSpan190" value="det"/>
		<feat xlink:href="#sSpan193" value="nsubj"/>
		<feat xlink:href="#sSpan195" value="xcomp"/>
		<feat xlink:href="#sSpan200" value="case"/>
		<feat xlink:href="#sSpan204" value="obl"/>
		<feat xlink:href="#sSpan206" value="case"/>
		<feat xlink:href="#sSpan210" value="det"/>
		<feat xlink:href="#sSpan213" value="obl"/>
		<feat xlink:href="#sSpan216" value="case"/>
		<feat xlink:href="#sSpan220" value="nmod"/>
		<feat xlink:href="#sSpan223" value="mark"/>
		<feat xlink:href="#sSpan225" value="acl"/>
		<feat xlink:href="#sSpan228" value="punct"/>
		<feat xlink:href="#sSpan234" value="punct"/>
		<feat xlink:href="#sSpan242" value="det"/>
		<feat xlink:href="#sSpan251" value="nsubj"/>
		<feat xlink:href="#sSpan253" value="root"/>
		<feat xlink:href="#sSpan257" value="case"/>
		<feat xlink:href="#sSpan262" value="obj"/>
		<feat xlink:href="#sSpan264" value="case"/>
		<feat xlink:href="#sSpan268" value="obl"/>
		<feat xlink:href="#sSpan271" value="mark"/>
		<feat xlink:href="#sSpan274" value="acl"/>
		<feat xlink:href="#sSpan276" value="acl"/>
		<feat xlink:href="#sSpan278" value="cop"/>
		<feat xlink:href="#sSpan282" value="punct"/>
		<feat xlink:href="#sSpan286" value="mark"/>
		<feat xlink:href="#sSpan291" value="aux"/>
		<feat xlink:href="#sSpan293" value="nsubj"/>
		<feat xlink:href="#sSpan297" value="ccomp"/>
		<feat xlink:href="#sSpan301" value="case"/>
		<feat xlink:href="#sSpan305" value="obl"/>
		<feat xlink:href="#sSpan308" value="punct"/>
		<feat xlink:href="#sSpan312" value="cc"/>
		<feat xlink:href="#sSpan317" value="mark"/>
		<feat xlink:href="#sSpan321" value="aux"/>
		<feat xlink:href="#sSpan323" value="det"/>
		<feat xlink:href="#sSpan326" value="nsubj"/>
		<feat xlink:href="#sSpan329" value="conj"/>
		<feat xlink:href="#sSpan334" value="obj"/>
		<feat xlink:href="#sSpan339" value="punct"/>
		<feat xlink:href="#sSpan343" value="aux"/>
		<feat xlink:href="#sSpan347" value="det"/>
		<feat xlink:href="#sSpan350" value="nsubj"/>
		<feat xlink:href="#sSpan354" value="case"/>
		<feat xlink:href="#sSpan358" value="det"/>
		<feat xlink:href="#sSpan361" value="nmod"/>
		<feat xlink:href="#sSpan363" value="advcl"/>
		<feat xlink:href="#sSpan368" value="punct"/>
		<feat xlink:href="#sSpan373" value="case"/>
		<feat xlink:href="#sSpan380" value="det"/>
		<feat xlink:href="#sSpan382" value="obl"/>
		<feat xlink:href="#sSpan384" value="advmod"/>
		<feat xlink:href="#sSpan388" value="aux"/>
		<feat xlink:href="#sSpan392" value="nsubj"/>
		<feat xlink:href="#sSpan396" value="case"/>
		<feat xlink:href="#sSpan401" value="nmod"/>
		<feat xlink:href="#sSpan404" value="aux"/>
		<feat xlink:href="#sSpan408" value="root"/>
		<feat xlink:href="#sSpan410" value="case"/>
		<feat xlink:href="#sSpan414" value="det"/>
		<feat xlink:href="#sSpan417" value="obl"/>
		<feat xlink:href="#sSpan420" value="case"/>
		<feat xlink:href="#sSpan425" value="nmod"/>
		<feat xlink:href="#sSpan428" value="punct"/>
		<feat xlink:href="#sSpan434" value="cc"/>
		<feat xlink:href="#sSpan439" value="case"/>
		<feat xlink:href="#sSpan444" value="conj"/>
		<feat xlink:href="#sSpan449" value="case"/>
		<feat xlink:href="#sSpan454" value="det"/>
		<feat xlink:href="#sSpan457" value="nmod"/>
		<feat xlink:href="#sSpan459" value="case"/>
		<feat xlink:href="#sSpan463" value="det"/>
		<feat xlink:href="#sSpan468" value="nmod"/>
		<feat xlink:href="#sSpan471" value="punct"/>
		<feat xlink:href="#sSpan475" value="mark"/>
		<feat xlink:href="#sSpan479" value="nsubj"/>
		<feat xlink:href="#sSpan481" value="advcl"/>
		<feat xlink:href="#sSpan484" value="case"/>
		<feat xlink:href="#sSpan488" value="det"/>
		<feat xlink:href="#sSpan491" value="obj"/>
		<feat xlink:href="#sSpan494" value="punct"/>
		<feat xlink:href="#sSpan498" value="cc"/>
		<feat xlink:href="#sSpan502" value="det"/>
		<feat xlink:href="#sSpan505" value="conj"/>
		<feat xlink:href="#sSpan508" value="punct"/>
		<feat xlink:href="#sSpan512" value="advmod"/>
		<feat xlink:href="#sSpan516" value="nsubj"/>
		<feat xlink:href="#sSpan518" value="aux"/>
		<feat xlink:href="#sSpan520" value="conj"/>
		<feat xlink:href="#sSpan522" value="advmod"/>
		<feat xlink:href="#sSpan526" value="case"/>
		<feat xlink:href="#sSpan531" value="det"/>
		<feat xlink:href="#sSpan534" value="obl"/>
		<feat xlink:href="#sSpan536" value="punct"/>
		<feat xlink:href="#sSpan540" value="mark"/>
		<feat xlink:href="#sSpan545" value="det"/>
		<feat xlink:href="#sSpan549" value="nsubj"/>
		<feat xlink:href="#sSpan551" value="case"/>
		<feat xlink:href="#sSpan556" value="det"/>
		<feat xlink:href="#sSpan559" value="acl"/>
		<feat xlink:href="#sSpan561" value="cc"/>
		<feat xlink:href="#sSpan565" value="det"/>
		<feat xlink:href="#sSpan570" value="conj"/>
		<feat xlink:href="#sSpan573" value="appos"/>
		<feat xlink:href="#sSpan577" value="punct"/>
		<feat xlink:href="#sSpan582" value="det"/>
		<feat xlink:href="#sSpan591" value="root"/>
		<feat xlink:href="#sSpan594" value="case"/>
		<feat xlink:href="#sSpan598" value="det"/>
		<feat xlink:href="#sSpan601" value="nmod"/>
		<feat xlink:href="#sSpan604" value="case"/>
		<feat xlink:href="#sSpan609" value="nmod"/>
		<feat xlink:href="#sSpan611" value="cc"/>
		<feat xlink:href="#sSpan616" value="det"/>
		<feat xlink:href="#sSpan622" value="conj"/>
		<feat xlink:href="#sSpan625" value="case"/>
		<feat xlink:href="#sSpan629" value="nmod"/>
		<feat xlink:href="#sSpan632" value="punct"/>
		<feat xlink:href="#sSpan636" value="mark"/>
		<feat xlink:href="#sSpan640" value="nsubj"/>
		<feat xlink:href="#sSpan642" value="aux"/>
		<feat xlink:href="#sSpan644" value="advcl"/>
		<feat xlink:href="#sSpan647" value="advmod"/>
		<feat xlink:href="#sSpan651" value="case"/>
		<feat xlink:href="#sSpan655" value="obl"/>
		<feat xlink:href="#sSpan657" value="punct"/>
		<feat xlink:href="#sSpan662" value="cc"/>
		<feat xlink:href="#sSpan667" value="det"/>
		<feat xlink:href="#sSpan673" value="nsubj"/>
		<feat xlink:href="#sSpan676" value="case"/>
		<feat xlink:href="#sSpan680" value="det"/>
		<feat xlink:href="#sSpan683" value="obl"/>
		<feat xlink:href="#sSpan685" value="case"/>
		<feat xlink:href="#sSpan691" value="nmod"/>
		<feat xlink:href="#sSpan693" value="aux"/>
		<feat xlink:href="#sSpan697" value="conj"/>
		<feat xlink:href="#sSpan700" value="advmod"/>
		<feat xlink:href="#sSpan705" value="case"/>
		<feat xlink:href="#sSpan709" value="obl"/>
		<feat xlink:href="#sSpan711" value="punct"/>
		<feat xlink:href="#sSpan716" value="aux"/>
		<feat xlink:href="#sSpan724" value="nsubj"/>
		<feat xlink:href="#sSpan730" value="root"/>
		<feat xlink:href="#sSpan737" value="case"/>
		<feat xlink:href="#sSpan741" value="det"/>
		<feat xlink:href="#sSpan744" value="obl"/>
		<feat xlink:href="#sSpan746" value="mark"/>
		<feat xlink:href="#sSpan751" value="nsubj"/>
		<feat xlink:href="#sSpan753" value="aux"/>
		<feat xlink:href="#sSpan755" value="acl"/>
		<feat xlink:href="#sSpan757" value="case"/>
		<feat xlink:href="#sSpan762" value="obl"/>
		<feat xlink:href="#sSpan764" value="punct"/>
		<feat xlink:href="#sSpan768" value="case"/>
		<feat xlink:href="#sSpan772" value="nmod"/>
		<feat xlink:href="#sSpan775" value="mark"/>
		<feat xlink:href="#sSpan777" value="aux"/>
		<feat xlink:href="#sSpan779" value="acl"/>
		<feat xlink:href="#sSpan782" value="obj"/>
		<feat xlink:href="#sSpan784" value="advmod"/>
		<feat xlink:href="#sSpan788" value="case"/>
		<feat xlink:href="#sSpan792" value="obl"/>
		<feat xlink:href="#sSpan796" value="case"/>
		<feat xlink:href="#sSpan801" value="fixed"/>
		<feat xlink:href="#sSpan805" value="det"/>
		<feat xlink:href="#sSpan809" value="obl"/>
		<feat xlink:href="#sSpan813" value="case"/>
		<feat xlink:href="#sSpan817" value="det"/>
		<feat xlink:href="#sSpan820" value="nmod"/>
		<feat xlink:href="#sSpan822" value="punct"/>
		<feat xlink:href="#sSpan827" value="det"/>
		<feat xlink:href="#sSpan836" value="dislocated"/>
		<feat xlink:href="#sSpan838" value="advmod"/>
		<feat xlink:href="#sSpan842" value="mark"/>
		<feat xlink:href="#sSpan846" value="det"/>
		<feat xlink:href="#sSpan849" value="nsubj"/>
		<feat xlink:href="#sSpan851" value="det"/>
		<feat xlink:href="#sSpan856" value="nsubj"/>
		<feat xlink:href="#sSpan858" value="aux"/>
		<feat xlink:href="#sSpan863" value="root"/>
		<feat xlink:href="#sSpan867" value="case"/>
		<feat xlink:href="#sSpan872" value="obl"/>
		<feat xlink:href="#sSpan874" value="case"/>
		<feat xlink:href="#sSpan878" value="det"/>
		<feat xlink:href="#sSpan881" value="obl"/>
		<feat xlink:href="#sSpan884" value="parataxis"/>
		<feat xlink:href="#sSpan889" value="case"/>
		<feat xlink:href="#sSpan894" value="obl"/>
		<feat xlink:href="#sSpan898" value="mark"/>
		<feat xlink:href="#sSpan900" value="acl"/>
		<feat xlink:href="#sSpan902" value="punct"/>
		<feat xlink:href="#sSpan906" value="mark"/>
		<feat xlink:href="#sSpan910" value="advcl"/>
		<feat xlink:href="#sSpan913" value="obj"/>
		<feat xlink:href="#sSpan915" value="advmod"/>
		<feat xlink:href="#sSpan919" value="punct"/>
		<feat xlink:href="#sSpan923" value="parataxis"/>
		<feat xlink:href="#sSpan928" value="obj"/>
		<feat xlink:href="#sSpan930" value="advmod"/>
		<feat xlink:href="#sSpan934" value="punct"/>
		<feat xlink:href="#sSpan938" value="advmod"/>
		<feat xlink:href="#sSpan943" value="parataxis"/>
		<feat xlink:href="#sSpan945" value="case"/>
		<feat xlink:href="#sSpan951" value="obl"/>
		<feat xlink:href="#sSpan955" value="punct"/>
		<feat xlink:href="#sSpan960" value="advmod"/>
		<feat xlink:href="#sSpan968" value="root"/>
		<feat xlink:href="#sSpan970" value="case"/>
		<feat xlink:href="#sSpan974" value="det"/>
		<feat xlink:href="#sSpan978" value="obl"/>
		<feat xlink:href="#sSpan980" value="case"/>
		<feat xlink:href="#sSpan984" value="nmod"/>
		<feat xlink:href="#sSpan987" value="mark"/>
		<feat xlink:href="#sSpan990" value="acl"/>
		<feat xlink:href="#sSpan992" value="case"/>
		<feat xlink:href="#sSpan996" value="obl"/>
		<feat xlink:href="#sSpan999" value="case"/>
		<feat xlink:href="#sSpan1004" value="nmod"/>
		<feat xlink:href="#sSpan1008" value="punct"/>
		<feat xlink:href="#sSpan1012" value="mark"/>
		<feat xlink:href="#sSpan1016" value="acl"/>
		<feat xlink:href="#sSpan1018" value="cc"/>
		<feat xlink:href="#sSpan1023" value="mark"/>
		<feat xlink:href="#sSpan1027" value="conj"/>
		<feat xlink:href="#sSpan1029" value="case"/>
		<feat xlink:href="#sSpan1033" value="det"/>
		<feat xlink:href="#sSpan1038" value="obl"/>
		<feat xlink:href="#sSpan1040" value="mark"/>
		<feat xlink:href="#sSpan1044" value="acl"/>
		<feat xlink:href="#sSpan1046" value="advmod"/>
		<feat xlink:href="#sSpan1051" value="case"/>
		<feat xlink:href="#sSpan1055" value="obl"/>
		<feat xlink:href="#sSpan1057" value="punct"/>
		<feat xlink:href="#sSpan1061" value="det"/>
		<feat xlink:href="#sSpan1066" value="obl"/>
		<feat xlink:href="#sSpan1069" value="case"/>
		<feat xlink:href="#sSpan1074" value="nmod"/>
		<feat xlink:href="#sSpan1077" value="punct"/>
		<feat xlink:href="#sSpan1081" value="mark"/>
		<feat xlink:href="#sSpan1086" value="aux"/>
		<feat xlink:href="#sSpan1088" value="dislocated"/>
		<feat xlink:href="#sSpan1091" value="mark"/>
		<feat xlink:href="#sSpan1093" value="acl"/>
		<feat xlink:href="#sSpan1097" value="case"/>
		<feat xlink:href="#sSpan1101" value="obj"/>
		<feat xlink:href="#sSpan1104" value="mark"/>
		<feat xlink:href="#sSpan1106" value="acl"/>
		<feat xlink:href="#sSpan1109" value="nsubj"/>
		<feat xlink:href="#sSpan1115" value="advcl"/>
		<feat xlink:href="#sSpan1119" value="obj"/>
		<feat xlink:href="#sSpan1122" value="case"/>
		<feat xlink:href="#sSpan1126" value="obl"/>
		<feat xlink:href="#sSpan1128" value="punct"/>
		<feat xlink:href="#sSpan1133" value="cc"/>
		<feat xlink:href="#sSpan1140" value="aux"/>
		<feat xlink:href="#sSpan1144" value="det"/>
		<feat xlink:href="#sSpan1147" value="nsubj"/>
		<feat xlink:href="#sSpan1149" value="mark"/>
		<feat xlink:href="#sSpan1154" value="acl"/>
		<feat xlink:href="#sSpan1156" value="root"/>
		<feat xlink:href="#sSpan1160" value="obj"/>
		<feat xlink:href="#sSpan1162" value="mark"/>
		<feat xlink:href="#sSpan1167" value="aux"/>
		<feat xlink:href="#sSpan1169" value="det"/>
		<feat xlink:href="#sSpan1173" value="nsubj"/>
		<feat xlink:href="#sSpan1175" value="ccomp"/>
		<feat xlink:href="#sSpan1180" value="case"/>
		<feat xlink:href="#sSpan1185" value="obl"/>
		<feat xlink:href="#sSpan1188" value="mark"/>
		<feat xlink:href="#sSpan1193" value="xcomp"/>
		<feat xlink:href="#sSpan1195" value="nsubj"/>
		<feat xlink:href="#sSpan1197" value="xcomp"/>
		<feat xlink:href="#sSpan1200" value="advmod"/>
		<feat xlink:href="#sSpan1204" value="case"/>
		<feat xlink:href="#sSpan1209" value="obl"/>
		<feat xlink:href="#sSpan1214" value="advmod"/>
		<feat xlink:href="#sSpan1218" value="mark"/>
		<feat xlink:href="#sSpan1223" value="nsubj"/>
		<feat xlink:href="#sSpan1226" value="advcl"/>
		<feat xlink:href="#sSpan1229" value="case"/>
		<feat xlink:href="#sSpan1233" value="obl"/>
		<feat xlink:href="#sSpan1235" value="mark"/>
		<feat xlink:href="#sSpan1239" value="aux"/>
		<feat xlink:href="#sSpan1242" value="nsubj"/>
		<feat xlink:href="#sSpan1244" value="advcl"/>
		<feat xlink:href="#sSpan1246" value="case"/>
		<feat xlink:href="#sSpan1251" value="obl"/>
		<feat xlink:href="#sSpan1253" value="punct"/>
		<feat xlink:href="#sSpan1258" value="mark"/>
		<feat xlink:href="#sSpan1265" value="nsubj"/>
		<feat xlink:href="#sSpan1267" value="root"/>
		<feat xlink:href="#sSpan1269" value="case"/>
		<feat xlink:href="#sSpan1273" value="obj"/>
		<feat xlink:href="#sSpan1275" value="case"/>
		<feat xlink:href="#sSpan1279" value="obl"/>
		<feat xlink:href="#sSpan1281" value="advmod"/>
		<feat xlink:href="#sSpan1286" value="advmod"/>
		<feat xlink:href="#sSpan1290" value="det"/>
		<feat xlink:href="#sSpan1293" value="discourse"/>
		<feat xlink:href="#sSpan1298" value="det"/>
		<feat xlink:href="#sSpan1303" value="vocative"/>
		<feat xlink:href="#sSpan1305" value="advmod"/>
		<feat xlink:href="#sSpan1309" value="fixed"/>
		<feat xlink:href="#sSpan1314" value="det"/>
		<feat xlink:href="#sSpan1318" value="obl"/>
		<feat xlink:href="#sSpan1320" value="case"/>
		<feat xlink:href="#sSpan1325" value="det"/>
		<feat xlink:href="#sSpan1328" value="nmod"/>
		<feat xlink:href="#sSpan1330" value="punct"/>
		<feat xlink:href="#sSpan1334" value="cc"/>
		<feat xlink:href="#sSpan1338" value="aux"/>
		<feat xlink:href="#sSpan1343" value="nsubj"/>
		<feat xlink:href="#sSpan1345" value="conj"/>
		<feat xlink:href="#sSpan1347" value="obj"/>
		<feat xlink:href="#sSpan1349" value="advmod"/>
		<feat xlink:href="#sSpan1354" value="case"/>
		<feat xlink:href="#sSpan1358" value="det"/>
		<feat xlink:href="#sSpan1361" value="obl"/>
		<feat xlink:href="#sSpan1363" value="mark"/>
		<feat xlink:href="#sSpan1368" value="aux"/>
		<feat xlink:href="#sSpan1370" value="nsubj"/>
		<feat xlink:href="#sSpan1372" value="advcl"/>
		<feat xlink:href="#sSpan1374" value="obj"/>
		<feat xlink:href="#sSpan1376" value="case"/>
		<feat xlink:href="#sSpan1380" value="det"/>
		<feat xlink:href="#sSpan1383" value="obl"/>
		<feat xlink:href="#sSpan1385" value="punct"/>
		<feat xlink:href="#sSpan1389" value="cc"/>
		<feat xlink:href="#sSpan1393" value="aux"/>
		<feat xlink:href="#sSpan1397" value="nsubj"/>
		<feat xlink:href="#sSpan1399" value="conj"/>
		<feat xlink:href="#sSpan1402" value="obj"/>
		<feat xlink:href="#sSpan1404" value="advmod"/>
		<feat xlink:href="#sSpan1408" value="fixed"/>
		<feat xlink:href="#sSpan1414" value="obl"/>
		<feat xlink:href="#sSpan1416" value="punct"/>
		<feat xlink:href="#sSpan1421" value="aux"/>
		<feat xlink:href="#sSpan1429" value="det"/>
		<feat xlink:href="#sSpan1433" value="nsubj"/>
		<feat xlink:href="#sSpan1436" value="root"/>
		<feat xlink:href="#sSpan1442" value="advmod"/>
		<feat xlink:href="#sSpan1446" value="case"/>
		<feat xlink:href="#sSpan1451" value="obl"/>
		<feat xlink:href="#sSpan1457" value="mark"/>
		<feat xlink:href="#sSpan1459" value="aux"/>
		<feat xlink:href="#sSpan1461" value="acl"/>
		<feat xlink:href="#sSpan1464" value="advmod"/>
		<feat xlink:href="#sSpan1468" value="case"/>
		<feat xlink:href="#sSpan1473" value="obl"/>
		<feat xlink:href="#sSpan1475" value="mark"/>
		<feat xlink:href="#sSpan1479" value="acl"/>
		<feat xlink:href="#sSpan1482" value="cop"/>
		<feat xlink:href="#sSpan1486" value="mark"/>
		<feat xlink:href="#sSpan1491" value="xcomp"/>
		<feat xlink:href="#sSpan1493" value="det"/>
		<feat xlink:href="#sSpan1496" value="obj"/>
		<feat xlink:href="#sSpan1498" value="case"/>
		<feat xlink:href="#sSpan1503" value="nmod"/>
		<feat xlink:href="#sSpan1506" value="nmod"/>
		<feat xlink:href="#sSpan1508" value="mark"/>
		<feat xlink:href="#sSpan1512" value="nsubj"/>
		<feat xlink:href="#sSpan1514" value="advcl"/>
		<feat xlink:href="#sSpan1517" value="case"/>
		<feat xlink:href="#sSpan1521" value="obj"/>
		<feat xlink:href="#sSpan1523" value="punct"/>
		<feat xlink:href="#sSpan1527" value="mark"/>
		<feat xlink:href="#sSpan1531" value="nsubj"/>
		<feat xlink:href="#sSpan1533" value="ccomp"/>
		<feat xlink:href="#sSpan1536" value="case"/>
		<feat xlink:href="#sSpan1540" value="obj"/>
		<feat xlink:href="#sSpan1543" value="mark"/>
		<feat xlink:href="#sSpan1545" value="aux"/>
		<feat xlink:href="#sSpan1547" value="nsubj"/>
		<feat xlink:href="#sSpan1550" value="acl"/>
		<feat xlink:href="#sSpan1554" value="case"/>
		<feat xlink:href="#sSpan1558" value="obl"/>
		<feat xlink:href="#sSpan1560" value="det"/>
		<feat xlink:href="#sSpan1565" value="vocative"/>
		<feat xlink:href="#sSpan1570" value="punct"/>
		<feat xlink:href="#sSpan1575" value="conj"/>
		<feat xlink:href="#sSpan1582" value="case"/>
		<feat xlink:href="#sSpan1586" value="obl"/>
		<feat xlink:href="#sSpan1589" value="case"/>
		<feat xlink:href="#sSpan1593" value="nmod"/>
		<feat xlink:href="#sSpan1597" value="case"/>
		<feat xlink:href="#sSpan1601" value="fixed"/>
		<feat xlink:href="#sSpan1606" value="obl"/>
		<feat xlink:href="#sSpan1608" value="case"/>
		<feat xlink:href="#sSpan1612" value="det"/>
		<feat xlink:href="#sSpan1615" value="obl"/>
		<feat xlink:href="#sSpan1618" value="case"/>
		<feat xlink:href="#sSpan1623" value="nmod"/>
		<feat xlink:href="#sSpan1627" value="punct"/>
		<feat xlink:href="#sSpan1632" value="cc"/>
		<feat xlink:href="#sSpan1636" value="dislocated"/>
		<feat xlink:href="#sSpan1640" value="aux"/>
		<feat xlink:href="#sSpan1645" value="nsubj"/>
		<feat xlink:href="#sSpan1647" value="conj"/>
		<feat xlink:href="#sSpan1649" value="det"/>
		<feat xlink:href="#sSpan1653" value="obj"/>
		<feat xlink:href="#sSpan1655" value="case"/>
		<feat xlink:href="#sSpan1660" value="obl"/>
		<feat xlink:href="#sSpan1662" value="punct"/>
		<feat xlink:href="#sSpan1666" value="nsubj"/>
		<feat xlink:href="#sSpan1670" value="advcl"/>
		<feat xlink:href="#sSpan1672" value="case"/>
		<feat xlink:href="#sSpan1676" value="obl"/>
		<feat xlink:href="#sSpan1678" value="case"/>
		<feat xlink:href="#sSpan1683" value="det"/>
		<feat xlink:href="#sSpan1687" value="obj"/>
		<feat xlink:href="#sSpan1690" value="cc"/>
		<feat xlink:href="#sSpan1695" value="det"/>
		<feat xlink:href="#sSpan1698" value="conj"/>
		<feat xlink:href="#sSpan1700" value="case"/>
		<feat xlink:href="#sSpan1705" value="det"/>
		<feat xlink:href="#sSpan1710" value="nmod"/>
		<feat xlink:href="#sSpan1712" value="punct"/>
		<feat xlink:href="#sSpan1716" value="mark"/>
		<feat xlink:href="#sSpan1722" value="nsubj"/>
		<feat xlink:href="#sSpan1725" value="root"/>
		<feat xlink:href="#sSpan1729" value="advmod"/>
		<feat xlink:href="#sSpan1733" value="case"/>
		<feat xlink:href="#sSpan1737" value="det"/>
		<feat xlink:href="#sSpan1740" value="obl"/>
		<feat xlink:href="#sSpan1744" value="cc"/>
		<feat xlink:href="#sSpan1748" value="det"/>
		<feat xlink:href="#sSpan1753" value="conj"/>
		<feat xlink:href="#sSpan1757" value="case"/>
		<feat xlink:href="#sSpan1761" value="nmod"/>
		<feat xlink:href="#sSpan1763" value="mark"/>
		<feat xlink:href="#sSpan1768" value="det"/>
		<feat xlink:href="#sSpan1772" value="ccomp"/>
		<feat xlink:href="#sSpan1778" value="cop"/>
		<feat xlink:href="#sSpan1784" value="mark"/>
		<feat xlink:href="#sSpan1788" value="nsubj"/>
		<feat xlink:href="#sSpan1790" value="acl"/>
		<feat xlink:href="#sSpan1792" value="case"/>
		<feat xlink:href="#sSpan1797" value="det"/>
		<feat xlink:href="#sSpan1801" value="obl"/>
		<feat xlink:href="#sSpan1803" value="case"/>
		<feat xlink:href="#sSpan1808" value="nmod"/>
		<feat xlink:href="#sSpan1812" value="cc"/>
		<feat xlink:href="#sSpan1817" value="mark"/>
		<feat xlink:href="#sSpan1821" value="nsubj"/>
		<feat xlink:href="#sSpan1823" value="conj"/>
		<feat xlink:href="#sSpan1825" value="case"/>
		<feat xlink:href="#sSpan1830" value="obj"/>
		<feat xlink:href="#sSpan1832" value="case"/>
		<feat xlink:href="#sSpan1836" value="det"/>
		<feat xlink:href="#sSpan1840" value="obl"/>
		<feat xlink:href="#sSpan1845" value="punct"/>
		<feat xlink:href="#sSpan1849" value="mark"/>
		<feat xlink:href="#sSpan1853" value="case"/>
		<feat xlink:href="#sSpan1856" value="det"/>
		<feat xlink:href="#sSpan1858" value="obl"/>
		<feat xlink:href="#sSpan1860" value="mark"/>
		<feat xlink:href="#sSpan1864" value="nsubj"/>
		<feat xlink:href="#sSpan1866" value="aux"/>
		<feat xlink:href="#sSpan1868" value="aux"/>
		<feat xlink:href="#sSpan1871" value="acl"/>
		<feat xlink:href="#sSpan1873" value="obj"/>
		<feat xlink:href="#sSpan1876" value="advmod"/>
		<feat xlink:href="#sSpan1880" value="mark"/>
		<feat xlink:href="#sSpan1885" value="xcomp"/>
		<feat xlink:href="#sSpan1890" value="advmod"/>
		<feat xlink:href="#sSpan1895" value="nsubj"/>
		<feat xlink:href="#sSpan1897" value="aux"/>
		<feat xlink:href="#sSpan1899" value="aux"/>
		<feat xlink:href="#sSpan1901" value="ccomp"/>
		<feat xlink:href="#sSpan1905" value="obj"/>
		<feat xlink:href="#sSpan1908" value="advmod"/>
		<feat xlink:href="#sSpan1912" value="mark"/>
		<feat xlink:href="#sSpan1918" value="xcomp"/>
		<feat xlink:href="#sSpan1923" value="punct"/>
		<feat xlink:href="#sSpan1928" value="dislocated"/>
		<feat xlink:href="#sSpan1937" value="mark"/>
		<feat xlink:href="#sSpan1939" value="acl"/>
		<feat xlink:href="#sSpan1942" value="advmod"/>
		<feat xlink:href="#sSpan1946" value="case"/>
		<feat xlink:href="#sSpan1951" value="det"/>
		<feat xlink:href="#sSpan1954" value="obj"/>
		<feat xlink:href="#sSpan1956" value="case"/>
		<feat xlink:href="#sSpan1962" value="nmod"/>
		<feat xlink:href="#sSpan1965" value="punct"/>
		<feat xlink:href="#sSpan1969" value="mark"/>
		<feat xlink:href="#sSpan1974" value="nsubj"/>
		<feat xlink:href="#sSpan1976" value="root"/>
		<feat xlink:href="#sSpan1978" value="case"/>
		<feat xlink:href="#sSpan1982" value="obj"/>
		<feat xlink:href="#sSpan1985" value="mark"/>
		<feat xlink:href="#sSpan1988" value="acl"/>
		<feat xlink:href="#sSpan1990" value="case"/>
		<feat xlink:href="#sSpan1994" value="obl"/>
		<feat xlink:href="#sSpan1996" value="det"/>
		<feat xlink:href="#sSpan2003" value="appos"/>
		<feat xlink:href="#sSpan2005" value="punct"/>
		<feat xlink:href="#sSpan2009" value="cc"/>
		<feat xlink:href="#sSpan2013" value="mark"/>
		<feat xlink:href="#sSpan2018" value="nsubj"/>
		<feat xlink:href="#sSpan2021" value="conj"/>
		<feat xlink:href="#sSpan2024" value="case"/>
		<feat xlink:href="#sSpan2028" value="obl"/>
		<feat xlink:href="#sSpan2031" value="mark"/>
		<feat xlink:href="#sSpan2034" value="nsubj"/>
		<feat xlink:href="#sSpan2036" value="acl"/>
		<feat xlink:href="#sSpan2038" value="case"/>
		<feat xlink:href="#sSpan2043" value="obl"/>
		<feat xlink:href="#sSpan2045" value="det"/>
		<feat xlink:href="#sSpan2049" value="appos"/>
		<feat xlink:href="#sSpan2051" value="punct"/>
		<feat xlink:href="#sSpan2056" value="appos"/>
		<feat xlink:href="#sSpan2062" value="mark"/>
		<feat xlink:href="#sSpan2064" value="acl"/>
		<feat xlink:href="#sSpan2067" value="advmod"/>
		<feat xlink:href="#sSpan2071" value="case"/>
		<feat xlink:href="#sSpan2076" value="det"/>
		<feat xlink:href="#sSpan2080" value="obj"/>
		<feat xlink:href="#sSpan2088" value="mark"/>
		<feat xlink:href="#sSpan2092" value="nsubj"/>
		<feat xlink:href="#sSpan2094" value="acl"/>
		<feat xlink:href="#sSpan2096" value="case"/>
		<feat xlink:href="#sSpan2100" value="det"/>
		<feat xlink:href="#sSpan2104" value="obl"/>
		<feat xlink:href="#sSpan2106" value="mark"/>
		<feat xlink:href="#sSpan2110" value="acl"/>
		<feat xlink:href="#sSpan2112" value="case"/>
		<feat xlink:href="#sSpan2117" value="obl"/>
		<feat xlink:href="#sSpan2119" value="punct"/>
		<feat xlink:href="#sSpan2123" value="cc"/>
		<feat xlink:href="#sSpan2127" value="mark"/>
		<feat xlink:href="#sSpan2132" value="nsubj"/>
		<feat xlink:href="#sSpan2135" value="conj"/>
		<feat xlink:href="#sSpan2138" value="case"/>
		<feat xlink:href="#sSpan2142" value="obl"/>
		<feat xlink:href="#sSpan2145" value="mark"/>
		<feat xlink:href="#sSpan2148" value="nsubj"/>
		<feat xlink:href="#sSpan2150" value="acl"/>
		<feat xlink:href="#sSpan2152" value="case"/>
		<feat xlink:href="#sSpan2156" value="obl"/>
		<feat xlink:href="#sSpan2159" value="appos"/>
		<feat xlink:href="#sSpan2164" value="punct"/>
		<feat xlink:href="#sSpan2169" value="nsubj"/>
		<feat xlink:href="#sSpan2176" value="root"/>
		<feat xlink:href="#sSpan2178" value="obj"/>
		<feat xlink:href="#sSpan2180" value="mark"/>
		<feat xlink:href="#sSpan2184" value="det"/>
		<feat xlink:href="#sSpan2188" value="nsubj"/>
		<feat xlink:href="#sSpan2190" value="ccomp"/>
		<feat xlink:href="#sSpan2196" value="obj"/>
		<feat xlink:href="#sSpan2202" value="case"/>
		<feat xlink:href="#sSpan2206" value="obl"/>
		<feat xlink:href="#sSpan2208" value="cc"/>
		<feat xlink:href="#sSpan2213" value="nsubj"/>
		<feat xlink:href="#sSpan2217" value="conj"/>
		<feat xlink:href="#sSpan2219" value="case"/>
		<feat xlink:href="#sSpan2224" value="obl"/>
		<feat xlink:href="#sSpan2226" value="punct"/>
		<feat xlink:href="#sSpan2231" value="cc"/>
		<feat xlink:href="#sSpan2237" value="det"/>
		<feat xlink:href="#sSpan2243" value="conj"/>
		<feat xlink:href="#sSpan2246" value="advmod"/>
		<feat xlink:href="#sSpan2250" value="mark"/>
		<feat xlink:href="#sSpan2255" value="acl"/>
		<feat xlink:href="#sSpan2257" value="dislocated"/>
		<feat xlink:href="#sSpan2262" value="mark"/>
		<feat xlink:href="#sSpan2266" value="case"/>
		<feat xlink:href="#sSpan2269" value="obl"/>
		<feat xlink:href="#sSpan2272" value="punct"/>
		<feat xlink:href="#sSpan2276" value="mark"/>
		<feat xlink:href="#sSpan2280" value="nsubj"/>
		<feat xlink:href="#sSpan2283" value="advcl"/>
		<feat xlink:href="#sSpan2286" value="case"/>
		<feat xlink:href="#sSpan2290" value="obl"/>
		<feat xlink:href="#sSpan2292" value="punct"/>
		<feat xlink:href="#sSpan2296" value="advmod"/>
		<feat xlink:href="#sSpan2300" value="nsubj"/>
		<feat xlink:href="#sSpan2303" value="conj"/>
		<feat xlink:href="#sSpan2305" value="case"/>
		<feat xlink:href="#sSpan2309" value="obl"/>
		<feat xlink:href="#sSpan2311" value="punct"/>
		<feat xlink:href="#sSpan2317" value="cc"/>
		<feat xlink:href="#sSpan2324" value="mark"/>
		<feat xlink:href="#sSpan2328" value="aux"/>
		<feat xlink:href="#sSpan2330" value="nsubj"/>
		<feat xlink:href="#sSpan2332" value="aux"/>
		<feat xlink:href="#sSpan2335" value="root"/>
		<feat xlink:href="#sSpan2338" value="advmod"/>
		<feat xlink:href="#sSpan2343" value="case"/>
		<feat xlink:href="#sSpan2348" value="obl"/>
		<feat xlink:href="#sSpan2350" value="punct"/>
		<feat xlink:href="#sSpan2354" value="case"/>
		<feat xlink:href="#sSpan2358" value="obl"/>
		<feat xlink:href="#sSpan2361" value="case"/>
		<feat xlink:href="#sSpan2365" value="nmod"/>
		<feat xlink:href="#sSpan2367" value="nsubj"/>
		<feat xlink:href="#sSpan2371" value="aux"/>
		<feat xlink:href="#sSpan2373" value="parataxis"/>
		<feat xlink:href="#sSpan2375" value="obj"/>
		<feat xlink:href="#sSpan2377" value="mark"/>
		<feat xlink:href="#sSpan2382" value="mark"/>
		<feat xlink:href="#sSpan2384" value="aux"/>
		<feat xlink:href="#sSpan2386" value="nsubj"/>
		<feat xlink:href="#sSpan2388" value="ccomp"/>
		<feat xlink:href="#sSpan2391" value="mark"/>
		<feat xlink:href="#sSpan2395" value="xcomp"/>
		<feat xlink:href="#sSpan2397" value="det"/>
		<feat xlink:href="#sSpan2402" value="obj"/>
		<feat xlink:href="#sSpan2406" value="case"/>
		<feat xlink:href="#sSpan2410" value="det"/>
		<feat xlink:href="#sSpan2414" value="obl"/>
		<feat xlink:href="#sSpan2417" value="punct"/>
		<feat xlink:href="#sSpan2423" value="cc"/>
		<feat xlink:href="#sSpan2430" value="advmod"/>
		<feat xlink:href="#sSpan2434" value="nsubj"/>
		<feat xlink:href="#sSpan2436" value="root"/>
		<feat xlink:href="#sSpan2438" value="advmod"/>
		<feat xlink:href="#sSpan2443" value="case"/>
		<feat xlink:href="#sSpan2447" value="det"/>
		<feat xlink:href="#sSpan2450" value="obl"/>
		<feat xlink:href="#sSpan2452" value="case"/>
		<feat xlink:href="#sSpan2456" value="det"/>
		<feat xlink:href="#sSpan2460" value="nmod"/>
		<feat xlink:href="#sSpan2462" value="advmod"/>
		<feat xlink:href="#sSpan2466" value="case"/>
		<feat xlink:href="#sSpan2472" value="obl"/>
		<feat xlink:href="#sSpan2475" value="mark"/>
		<feat xlink:href="#sSpan2477" value="aux"/>
		<feat xlink:href="#sSpan2479" value="nsubj"/>
		<feat xlink:href="#sSpan2481" value="acl"/>
		<feat xlink:href="#sSpan2483" value="obj"/>
		<feat xlink:href="#sSpan2486" value="mark"/>
		<feat xlink:href="#sSpan2491" value="acl"/>
		<feat xlink:href="#sSpan2494" value="cop"/>
		<feat xlink:href="#sSpan2498" value="mark"/>
		<feat xlink:href="#sSpan2502" value="aux"/>
		<feat xlink:href="#sSpan2505" value="det"/>
		<feat xlink:href="#sSpan2509" value="nsubj"/>
		<feat xlink:href="#sSpan2512" value="advmod"/>
		<feat xlink:href="#sSpan2517" value="advmod"/>
		<feat xlink:href="#sSpan2521" value="det"/>
		<feat xlink:href="#sSpan2523" value="cc"/>
		<feat xlink:href="#sSpan2527" value="det"/>
		<feat xlink:href="#sSpan2532" value="conj"/>
		<feat xlink:href="#sSpan2536" value="discourse"/>
		<feat xlink:href="#sSpan2540" value="advmod"/>
		<feat xlink:href="#sSpan2545" value="case"/>
		<feat xlink:href="#sSpan2549" value="obl"/>
		<feat xlink:href="#sSpan2551" value="punct"/>
		<feat xlink:href="#sSpan2555" value="mark"/>
		<feat xlink:href="#sSpan2559" value="nsubj"/>
		<feat xlink:href="#sSpan2561" value="advcl"/>
		<feat xlink:href="#sSpan2564" value="case"/>
		<feat xlink:href="#sSpan2568" value="obl"/>
		<feat xlink:href="#sSpan2570" value="punct"/>
		<feat xlink:href="#sSpan2575" value="mark"/>
		<feat xlink:href="#sSpan2583" value="advmod"/>
		<feat xlink:href="#sSpan2587" value="nsubj"/>
		<feat xlink:href="#sSpan2592" value="root"/>
		<feat xlink:href="#sSpan2594" value="det"/>
		<feat xlink:href="#sSpan2598" value="obj"/>
		<feat xlink:href="#sSpan2601" value="punct"/>
		<feat xlink:href="#sSpan2605" value="aux"/>
		<feat xlink:href="#sSpan2609" value="nsubj"/>
		<feat xlink:href="#sSpan2611" value="advcl"/>
		<feat xlink:href="#sSpan2614" value="case"/>
		<feat xlink:href="#sSpan2619" value="det"/>
		<feat xlink:href="#sSpan2623" value="obl"/>
		<feat xlink:href="#sSpan2625" value="case"/>
		<feat xlink:href="#sSpan2629" value="det"/>
		<feat xlink:href="#sSpan2633" value="nmod"/>
		<feat xlink:href="#sSpan2635" value="punct"/>
		<feat xlink:href="#sSpan2640" value="aux"/>
		<feat xlink:href="#sSpan2645" value="nsubj"/>
		<feat xlink:href="#sSpan2647" value="advcl"/>
		<feat xlink:href="#sSpan2649" value="advmod"/>
		<feat xlink:href="#sSpan2654" value="case"/>
		<feat xlink:href="#sSpan2659" value="det"/>
		<feat xlink:href="#sSpan2663" value="obl"/>
		<feat xlink:href="#sSpan2665" value="mark"/>
		<feat xlink:href="#sSpan2670" value="aux"/>
		<feat xlink:href="#sSpan2672" value="nsubj"/>
		<feat xlink:href="#sSpan2674" value="acl"/>
		<feat xlink:href="#sSpan2676" value="obj"/>
		<feat xlink:href="#sSpan2678" value="mark"/>
		<feat xlink:href="#sSpan2682" value="aux"/>
		<feat xlink:href="#sSpan2684" value="nsubj"/>
		<feat xlink:href="#sSpan2686" value="advcl"/>
		<feat xlink:href="#sSpan2689" value="obj"/>
		<feat xlink:href="#sSpan2691" value="punct"/>
		<feat xlink:href="#sSpan2696" value="case"/>
		<feat xlink:href="#sSpan2702" value="advmod"/>
		<feat xlink:href="#sSpan2704" value="nsubj"/>
		<feat xlink:href="#sSpan2710" value="root"/>
		<feat xlink:href="#sSpan2713" value="obj"/>
		<feat xlink:href="#sSpan2715" value="case"/>
		<feat xlink:href="#sSpan2719" value="det"/>
		<feat xlink:href="#sSpan2723" value="obl"/>
		<feat xlink:href="#sSpan2726" value="case"/>
		<feat xlink:href="#sSpan2730" value="det"/>
		<feat xlink:href="#sSpan2734" value="dislocated"/>
		<feat xlink:href="#sSpan2737" value="aux"/>
		<feat xlink:href="#sSpan2741" value="nsubj"/>
		<feat xlink:href="#sSpan2743" value="advcl"/>
		<feat xlink:href="#sSpan2746" value="advmod"/>
		<feat xlink:href="#sSpan2750" value="det"/>
		<feat xlink:href="#sSpan2752" value="case"/>
		<feat xlink:href="#sSpan2757" value="obl"/>
		<feat xlink:href="#sSpan2759" value="case"/>
		<feat xlink:href="#sSpan2763" value="det"/>
		<feat xlink:href="#sSpan2765" value="obl"/>
		<feat xlink:href="#sSpan2767" value="case"/>
		<feat xlink:href="#sSpan2771" value="det"/>
		<feat xlink:href="#sSpan2774" value="nmod"/>
		<feat xlink:href="#sSpan2778" value="appos"/>
		<feat xlink:href="#sSpan2782" value="punct"/>
		<feat xlink:href="#sSpan2787" value="det"/>
		<feat xlink:href="#sSpan2793" value="nsubj"/>
		<feat xlink:href="#sSpan2795" value="parataxis"/>
		<feat xlink:href="#sSpan2799" value="advmod"/>
		<feat xlink:href="#sSpan2804" value="case"/>
		<feat xlink:href="#sSpan2808" value="obl"/>
		<feat xlink:href="#sSpan2811" value="det"/>
		<feat xlink:href="#sSpan2814" value="nmod"/></featList></paula>