<?xml version='1.0' encoding='UTF-8'?><!DOCTYPE paula SYSTEM "paula_rel.dtd">
<paula version="1.1">
	<header paula_id="scriptorium.shenoute.those.GF253-256.head"/>
	<relList xmlns:xlink="http://www.w3.org/1999/xlink" type="head">
		<rel id="sPointingRel1421" xlink:href="scriptorium.shenoute.those.GF253-256.mark.xml#sSpan1984" target="scriptorium.shenoute.those.GF253-256.mark.xml#sSpan1982"/>
		<rel id="sPointingRel1423" xlink:href="scriptorium.shenoute.those.GF253-256.mark.xml#sSpan1651" target="scriptorium.shenoute.those.GF253-256.mark.xml#sSpan1653"/>
		<rel id="sPointingRel1425" xlink:href="scriptorium.shenoute.those.GF253-256.mark.xml#sSpan1752" target="scriptorium.shenoute.those.GF253-256.mark.xml#sSpan1753"/>
		<rel id="sPointingRel1427" xlink:href="scriptorium.shenoute.those.GF253-256.mark.xml#sSpan1495" target="scriptorium.shenoute.those.GF253-256.mark.xml#sSpan1496"/>
		<rel id="sPointingRel1429" xlink:href="scriptorium.shenoute.those.GF253-256.mark.xml#sSpan2493" target="scriptorium.shenoute.those.GF253-256.mark.xml#sSpan2491"/>
		<rel id="sPointingRel1431" xlink:href="scriptorium.shenoute.those.GF253-256.mark.xml#sSpan295" target="scriptorium.shenoute.those.GF253-256.mark.xml#sSpan293"/>
		<rel id="sPointingRel1433" xlink:href="scriptorium.shenoute.those.GF253-256.mark.xml#sSpan1454" target="scriptorium.shenoute.those.GF253-256.mark.xml#sSpan1451"/>
		<rel id="sPointingRel1435" xlink:href="scriptorium.shenoute.those.GF253-256.mark.xml#sSpan1171" target="scriptorium.shenoute.those.GF253-256.mark.xml#sSpan1173"/>
		<rel id="sPointingRel1437" xlink:href="scriptorium.shenoute.those.GF253-256.mark.xml#sSpan1187" target="scriptorium.shenoute.those.GF253-256.mark.xml#sSpan1185"/>
		<rel id="sPointingRel1439" xlink:href="scriptorium.shenoute.those.GF253-256.mark.xml#sSpan504" target="scriptorium.shenoute.those.GF253-256.mark.xml#sSpan505"/>
		<rel id="sPointingRel1441" xlink:href="scriptorium.shenoute.those.GF253-256.mark.xml#sSpan2507" target="scriptorium.shenoute.those.GF253-256.mark.xml#sSpan2536"/>
		<rel id="sPointingRel1443" xlink:href="scriptorium.shenoute.those.GF253-256.mark.xml#sSpan953" target="scriptorium.shenoute.those.GF253-256.mark.xml#sSpan951"/>
		<rel id="sPointingRel1445" xlink:href="scriptorium.shenoute.those.GF253-256.mark.xml#sSpan2058" target="scriptorium.shenoute.those.GF253-256.mark.xml#sSpan2056"/>
		<rel id="sPointingRel1447" xlink:href="scriptorium.shenoute.those.GF253-256.mark.xml#sSpan2810" target="scriptorium.shenoute.those.GF253-256.mark.xml#sSpan2808"/>
		<rel id="sPointingRel1449" xlink:href="scriptorium.shenoute.those.GF253-256.mark.xml#sSpan726" target="scriptorium.shenoute.those.GF253-256.mark.xml#sSpan724"/>
		<rel id="sPointingRel1451" xlink:href="scriptorium.shenoute.those.GF253-256.mark.xml#sSpan2621" target="scriptorium.shenoute.those.GF253-256.mark.xml#sSpan2623"/>
		<rel id="sPointingRel1453" xlink:href="scriptorium.shenoute.those.GF253-256.mark.xml#sSpan1770" target="scriptorium.shenoute.those.GF253-256.mark.xml#sSpan1772"/>
		<rel id="sPointingRel1455" xlink:href="scriptorium.shenoute.those.GF253-256.mark.xml#sSpan1542" target="scriptorium.shenoute.those.GF253-256.mark.xml#sSpan1540"/>
		<rel id="sPointingRel1457" xlink:href="scriptorium.shenoute.those.GF253-256.mark.xml#sSpan2721" target="scriptorium.shenoute.those.GF253-256.mark.xml#sSpan2723"/>
		<rel id="sPointingRel1459" xlink:href="scriptorium.shenoute.those.GF253-256.mark.xml#sSpan2813" target="scriptorium.shenoute.those.GF253-256.mark.xml#sSpan2814"/>
		<rel id="sPointingRel1461" xlink:href="scriptorium.shenoute.those.GF253-256.mark.xml#sSpan986" target="scriptorium.shenoute.those.GF253-256.mark.xml#sSpan984"/>
		<rel id="sPointingRel1463" xlink:href="scriptorium.shenoute.those.GF253-256.mark.xml#sSpan620" target="scriptorium.shenoute.those.GF253-256.mark.xml#sSpan622"/>
		<rel id="sPointingRel1465" xlink:href="scriptorium.shenoute.those.GF253-256.mark.xml#sSpan1360" target="scriptorium.shenoute.those.GF253-256.mark.xml#sSpan1361"/>
		<rel id="sPointingRel1467" xlink:href="scriptorium.shenoute.those.GF253-256.mark.xml#sSpan336" target="scriptorium.shenoute.those.GF253-256.mark.xml#sSpan334"/>
		<rel id="sPointingRel1469" xlink:href="scriptorium.shenoute.those.GF253-256.mark.xml#sSpan977" target="scriptorium.shenoute.those.GF253-256.mark.xml#sSpan978"/>
		<rel id="sPointingRel1471" xlink:href="scriptorium.shenoute.those.GF253-256.mark.xml#sSpan1111" target="scriptorium.shenoute.those.GF253-256.mark.xml#sSpan1109"/>
		<rel id="sPointingRel1473" xlink:href="scriptorium.shenoute.those.GF253-256.mark.xml#sSpan307" target="scriptorium.shenoute.those.GF253-256.mark.xml#sSpan305"/>
		<rel id="sPointingRel1475" xlink:href="scriptorium.shenoute.those.GF253-256.mark.xml#sSpan1588" target="scriptorium.shenoute.those.GF253-256.mark.xml#sSpan1586"/>
		<rel id="sPointingRel1477" xlink:href="scriptorium.shenoute.those.GF253-256.mark.xml#sSpan1697" target="scriptorium.shenoute.those.GF253-256.mark.xml#sSpan1698"/>
		<rel id="sPointingRel1479" xlink:href="scriptorium.shenoute.those.GF253-256.mark.xml#sSpan1316" target="scriptorium.shenoute.those.GF253-256.mark.xml#sSpan1318"/>
		<rel id="sPointingRel1481" xlink:href="scriptorium.shenoute.those.GF253-256.mark.xml#sSpan1810" target="scriptorium.shenoute.those.GF253-256.mark.xml#sSpan1808"/>
		<rel id="sPointingRel1483" xlink:href="scriptorium.shenoute.those.GF253-256.mark.xml#sSpan192" target="scriptorium.shenoute.those.GF253-256.mark.xml#sSpan193"/>
		<rel id="sPointingRel1485" xlink:href="scriptorium.shenoute.those.GF253-256.mark.xml#sSpan1006" target="scriptorium.shenoute.those.GF253-256.mark.xml#sSpan1004"/>
		<rel id="sPointingRel1487" xlink:href="scriptorium.shenoute.those.GF253-256.mark.xml#sSpan547" target="scriptorium.shenoute.those.GF253-256.mark.xml#sSpan559"/>
		<rel id="sPointingRel1489" xlink:href="scriptorium.shenoute.those.GF253-256.mark.xml#sSpan998" target="scriptorium.shenoute.those.GF253-256.mark.xml#sSpan996"/>
		<rel id="sPointingRel1491" xlink:href="scriptorium.shenoute.those.GF253-256.mark.xml#sSpan1065" target="scriptorium.shenoute.those.GF253-256.mark.xml#sSpan1066"/>
		<rel id="sPointingRel1493" xlink:href="scriptorium.shenoute.those.GF253-256.mark.xml#sSpan1838" target="scriptorium.shenoute.those.GF253-256.mark.xml#sSpan1840"/>
		<rel id="sPointingRel1495" xlink:href="scriptorium.shenoute.those.GF253-256.mark.xml#sSpan446" target="scriptorium.shenoute.those.GF253-256.mark.xml#sSpan444"/>
		<rel id="sPointingRel1497" xlink:href="scriptorium.shenoute.those.GF253-256.mark.xml#sSpan682" target="scriptorium.shenoute.those.GF253-256.mark.xml#sSpan683"/>
		<rel id="sPointingRel1499" xlink:href="scriptorium.shenoute.those.GF253-256.mark.xml#sSpan2661" target="scriptorium.shenoute.those.GF253-256.mark.xml#sSpan2663"/>
		<rel id="sPointingRel1501" xlink:href="scriptorium.shenoute.those.GF253-256.mark.xml#sSpan161" target="scriptorium.shenoute.those.GF253-256.mark.xml#sSpan165"/>
		<rel id="sPointingRel1503" xlink:href="scriptorium.shenoute.those.GF253-256.mark.xml#sSpan1739" target="scriptorium.shenoute.those.GF253-256.mark.xml#sSpan1740"/>
		<rel id="sPointingRel1505" xlink:href="scriptorium.shenoute.those.GF253-256.mark.xml#sSpan671" target="scriptorium.shenoute.those.GF253-256.mark.xml#sSpan673"/>
		<rel id="sPointingRel1507" xlink:href="scriptorium.shenoute.those.GF253-256.mark.xml#sSpan1930" target="scriptorium.shenoute.those.GF253-256.mark.xml#sSpan1928"/>
		<rel id="sPointingRel1509" xlink:href="scriptorium.shenoute.those.GF253-256.mark.xml#sSpan1211" target="scriptorium.shenoute.those.GF253-256.mark.xml#sSpan1209"/>
		<rel id="sPointingRel1511" xlink:href="scriptorium.shenoute.those.GF253-256.mark.xml#sSpan807" target="scriptorium.shenoute.those.GF253-256.mark.xml#sSpan809"/>
		<rel id="sPointingRel1513" xlink:href="scriptorium.shenoute.those.GF253-256.mark.xml#sSpan2449" target="scriptorium.shenoute.those.GF253-256.mark.xml#sSpan2450"/>
		<rel id="sPointingRel1515" xlink:href="scriptorium.shenoute.those.GF253-256.mark.xml#sSpan222" target="scriptorium.shenoute.those.GF253-256.mark.xml#sSpan220"/>
		<rel id="sPointingRel1517" xlink:href="scriptorium.shenoute.those.GF253-256.mark.xml#sSpan774" target="scriptorium.shenoute.those.GF253-256.mark.xml#sSpan772"/>
		<rel id="sPointingRel1519" xlink:href="scriptorium.shenoute.those.GF253-256.mark.xml#sSpan1076" target="scriptorium.shenoute.those.GF253-256.mark.xml#sSpan1074"/>
		<rel id="sPointingRel1521" xlink:href="scriptorium.shenoute.those.GF253-256.mark.xml#sSpan2458" target="scriptorium.shenoute.those.GF253-256.mark.xml#sSpan2460"/>
		<rel id="sPointingRel1523" xlink:href="scriptorium.shenoute.those.GF253-256.mark.xml#sSpan244" target="scriptorium.shenoute.those.GF253-256.mark.xml#sSpan251"/>
		<rel id="sPointingRel1525" xlink:href="scriptorium.shenoute.those.GF253-256.mark.xml#sSpan1035" target="scriptorium.shenoute.those.GF253-256.mark.xml#sSpan1038"/>
		<rel id="sPointingRel1527" xlink:href="scriptorium.shenoute.those.GF253-256.mark.xml#sSpan416" target="scriptorium.shenoute.those.GF253-256.mark.xml#sSpan417"/>
		<rel id="sPointingRel1529" xlink:href="scriptorium.shenoute.those.GF253-256.mark.xml#sSpan360" target="scriptorium.shenoute.those.GF253-256.mark.xml#sSpan361"/>
		<rel id="sPointingRel1531" xlink:href="scriptorium.shenoute.those.GF253-256.mark.xml#sSpan533" target="scriptorium.shenoute.those.GF253-256.mark.xml#sSpan534"/>
		<rel id="sPointingRel1533" xlink:href="scriptorium.shenoute.those.GF253-256.mark.xml#sSpan2412" target="scriptorium.shenoute.those.GF253-256.mark.xml#sSpan2414"/>
		<rel id="sPointingRel1535" xlink:href="scriptorium.shenoute.those.GF253-256.mark.xml#sSpan1431" target="scriptorium.shenoute.those.GF253-256.mark.xml#sSpan1433"/>
		<rel id="sPointingRel1537" xlink:href="scriptorium.shenoute.those.GF253-256.mark.xml#sSpan743" target="scriptorium.shenoute.those.GF253-256.mark.xml#sSpan744"/>
		<rel id="sPointingRel1539" xlink:href="scriptorium.shenoute.those.GF253-256.mark.xml#sSpan848" target="scriptorium.shenoute.those.GF253-256.mark.xml#sSpan849"/>
		<rel id="sPointingRel1541" xlink:href="scriptorium.shenoute.those.GF253-256.mark.xml#sSpan61" target="scriptorium.shenoute.those.GF253-256.mark.xml#sSpan62"/>
		<rel id="sPointingRel1543" xlink:href="scriptorium.shenoute.those.GF253-256.mark.xml#sSpan2030" target="scriptorium.shenoute.those.GF253-256.mark.xml#sSpan2028"/>
		<rel id="sPointingRel1545" xlink:href="scriptorium.shenoute.those.GF253-256.mark.xml#sSpan325" target="scriptorium.shenoute.those.GF253-256.mark.xml#sSpan326"/>
		<rel id="sPointingRel1547" xlink:href="scriptorium.shenoute.those.GF253-256.mark.xml#sSpan1799" target="scriptorium.shenoute.those.GF253-256.mark.xml#sSpan1801"/>
		<rel id="sPointingRel1549" xlink:href="scriptorium.shenoute.those.GF253-256.mark.xml#sSpan2773" target="scriptorium.shenoute.those.GF253-256.mark.xml#sSpan2778"/>
		<rel id="sPointingRel1551" xlink:href="scriptorium.shenoute.those.GF253-256.mark.xml#sSpan1707" target="scriptorium.shenoute.those.GF253-256.mark.xml#sSpan1710"/>
		<rel id="sPointingRel1553" xlink:href="scriptorium.shenoute.those.GF253-256.mark.xml#sSpan2078" target="scriptorium.shenoute.those.GF253-256.mark.xml#sSpan2080"/>
		<rel id="sPointingRel1555" xlink:href="scriptorium.shenoute.those.GF253-256.mark.xml#sSpan1090" target="scriptorium.shenoute.those.GF253-256.mark.xml#sSpan1088"/>
		<rel id="sPointingRel1557" xlink:href="scriptorium.shenoute.those.GF253-256.mark.xml#sSpan212" target="scriptorium.shenoute.those.GF253-256.mark.xml#sSpan213"/>
		<rel id="sPointingRel1559" xlink:href="scriptorium.shenoute.those.GF253-256.mark.xml#sSpan1614" target="scriptorium.shenoute.those.GF253-256.mark.xml#sSpan1615"/>
		<rel id="sPointingRel1561" xlink:href="scriptorium.shenoute.those.GF253-256.mark.xml#sSpan2400" target="scriptorium.shenoute.those.GF253-256.mark.xml#sSpan2402"/>
		<rel id="sPointingRel1563" xlink:href="scriptorium.shenoute.those.GF253-256.mark.xml#sSpan2198" target="scriptorium.shenoute.those.GF253-256.mark.xml#sSpan2196"/>
		<rel id="sPointingRel1565" xlink:href="scriptorium.shenoute.those.GF253-256.mark.xml#sSpan2789" target="scriptorium.shenoute.those.GF253-256.mark.xml#sSpan2793"/>
		<rel id="sPointingRel1567" xlink:href="scriptorium.shenoute.those.GF253-256.mark.xml#sSpan2239" target="scriptorium.shenoute.those.GF253-256.mark.xml#sSpan2243"/>
		<rel id="sPointingRel1569" xlink:href="scriptorium.shenoute.those.GF253-256.mark.xml#sSpan1481" target="scriptorium.shenoute.those.GF253-256.mark.xml#sSpan1479"/>
		<rel id="sPointingRel1571" xlink:href="scriptorium.shenoute.those.GF253-256.mark.xml#sSpan1327" target="scriptorium.shenoute.those.GF253-256.mark.xml#sSpan1328"/>
		<rel id="sPointingRel1573" xlink:href="scriptorium.shenoute.those.GF253-256.mark.xml#sSpan2631" target="scriptorium.shenoute.those.GF253-256.mark.xml#sSpan2633"/>
		<rel id="sPointingRel1575" xlink:href="scriptorium.shenoute.those.GF253-256.mark.xml#sSpan2474" target="scriptorium.shenoute.those.GF253-256.mark.xml#sSpan2472"/>
		<rel id="sPointingRel1577" xlink:href="scriptorium.shenoute.those.GF253-256.mark.xml#sSpan490" target="scriptorium.shenoute.those.GF253-256.mark.xml#sSpan491"/>
		<rel id="sPointingRel1579" xlink:href="scriptorium.shenoute.those.GF253-256.mark.xml#sSpan395" target="scriptorium.shenoute.those.GF253-256.mark.xml#sSpan392"/>
		<rel id="sPointingRel1581" xlink:href="scriptorium.shenoute.those.GF253-256.mark.xml#sSpan1685" target="scriptorium.shenoute.those.GF253-256.mark.xml#sSpan1687"/>
		<rel id="sPointingRel1583" xlink:href="scriptorium.shenoute.those.GF253-256.mark.xml#sSpan567" target="scriptorium.shenoute.those.GF253-256.mark.xml#sSpan573"/>
		<rel id="sPointingRel1585" xlink:href="scriptorium.shenoute.those.GF253-256.mark.xml#sSpan2144" target="scriptorium.shenoute.those.GF253-256.mark.xml#sSpan2159"/>
		<rel id="sPointingRel1587" xlink:href="scriptorium.shenoute.those.GF253-256.mark.xml#sSpan2186" target="scriptorium.shenoute.those.GF253-256.mark.xml#sSpan2188"/>
		<rel id="sPointingRel1589" xlink:href="scriptorium.shenoute.those.GF253-256.mark.xml#sSpan2103" target="scriptorium.shenoute.those.GF253-256.mark.xml#sSpan2104"/>
		<rel id="sPointingRel1591" xlink:href="scriptorium.shenoute.those.GF253-256.mark.xml#sSpan587" target="scriptorium.shenoute.those.GF253-256.mark.xml#sSpan591"/>
		<rel id="sPointingRel1593" xlink:href="scriptorium.shenoute.those.GF253-256.mark.xml#sSpan1302" target="scriptorium.shenoute.those.GF253-256.mark.xml#sSpan1303"/>
		<rel id="sPointingRel1595" xlink:href="scriptorium.shenoute.those.GF253-256.mark.xml#sSpan880" target="scriptorium.shenoute.those.GF253-256.mark.xml#sSpan881"/>
		<rel id="sPointingRel1597" xlink:href="scriptorium.shenoute.those.GF253-256.mark.xml#sSpan456" target="scriptorium.shenoute.those.GF253-256.mark.xml#sSpan457"/>
		<rel id="sPointingRel1599" xlink:href="scriptorium.shenoute.those.GF253-256.mark.xml#sSpan896" target="scriptorium.shenoute.those.GF253-256.mark.xml#sSpan894"/>
		<rel id="sPointingRel1601" xlink:href="scriptorium.shenoute.those.GF253-256.mark.xml#sSpan38" target="scriptorium.shenoute.those.GF253-256.mark.xml#sSpan39"/>
		<rel id="sPointingRel1603" xlink:href="scriptorium.shenoute.those.GF253-256.mark.xml#sSpan819" target="scriptorium.shenoute.those.GF253-256.mark.xml#sSpan820"/>
		<rel id="sPointingRel1605" xlink:href="scriptorium.shenoute.those.GF253-256.mark.xml#sSpan600" target="scriptorium.shenoute.those.GF253-256.mark.xml#sSpan601"/>
		<rel id="sPointingRel1607" xlink:href="scriptorium.shenoute.those.GF253-256.mark.xml#sSpan1103" target="scriptorium.shenoute.those.GF253-256.mark.xml#sSpan1101"/>
		<rel id="sPointingRel1609" xlink:href="scriptorium.shenoute.those.GF253-256.mark.xml#sSpan1998" target="scriptorium.shenoute.those.GF253-256.mark.xml#sSpan2003"/>
		<rel id="sPointingRel1611" xlink:href="scriptorium.shenoute.those.GF253-256.mark.xml#sSpan1146" target="scriptorium.shenoute.those.GF253-256.mark.xml#sSpan1147"/>
		<rel id="sPointingRel1613" xlink:href="scriptorium.shenoute.those.GF253-256.mark.xml#sSpan7" target="scriptorium.shenoute.those.GF253-256.mark.xml#sSpan15"/>
		<rel id="sPointingRel1615" xlink:href="scriptorium.shenoute.those.GF253-256.mark.xml#sSpan558" target="scriptorium.shenoute.those.GF253-256.mark.xml#sSpan559"/>
		<rel id="sPointingRel1617" xlink:href="scriptorium.shenoute.those.GF253-256.mark.xml#sSpan794" target="scriptorium.shenoute.those.GF253-256.mark.xml#sSpan792"/>
		<rel id="sPointingRel1619" xlink:href="scriptorium.shenoute.those.GF253-256.mark.xml#sSpan2732" target="scriptorium.shenoute.those.GF253-256.mark.xml#sSpan2734"/>
		<rel id="sPointingRel1621" xlink:href="scriptorium.shenoute.those.GF253-256.mark.xml#sSpan79" target="scriptorium.shenoute.those.GF253-256.mark.xml#sSpan80"/>
		<rel id="sPointingRel1623" xlink:href="scriptorium.shenoute.those.GF253-256.mark.xml#sSpan48" target="scriptorium.shenoute.those.GF253-256.mark.xml#sSpan49"/>
		<rel id="sPointingRel1625" xlink:href="scriptorium.shenoute.those.GF253-256.mark.xml#sSpan1953" target="scriptorium.shenoute.those.GF253-256.mark.xml#sSpan1954"/>
		<rel id="sPointingRel1627" xlink:href="scriptorium.shenoute.those.GF253-256.mark.xml#sSpan130" target="scriptorium.shenoute.those.GF253-256.mark.xml#sSpan128"/>
		<rel id="sPointingRel1629" xlink:href="scriptorium.shenoute.those.GF253-256.mark.xml#sSpan349" target="scriptorium.shenoute.those.GF253-256.mark.xml#sSpan350"/>
		<rel id="sPointingRel1631" xlink:href="scriptorium.shenoute.those.GF253-256.mark.xml#sSpan465" target="scriptorium.shenoute.those.GF253-256.mark.xml#sSpan468"/>
		<rel id="sPointingRel1633" xlink:href="scriptorium.shenoute.those.GF253-256.mark.xml#sSpan2529" target="scriptorium.shenoute.those.GF253-256.mark.xml#sSpan2532"/>
		<rel id="sPointingRel1635" xlink:href="scriptorium.shenoute.those.GF253-256.mark.xml#sSpan270" target="scriptorium.shenoute.those.GF253-256.mark.xml#sSpan268"/>
		<rel id="sPointingRel1637" xlink:href="scriptorium.shenoute.those.GF253-256.mark.xml#sSpan95" target="scriptorium.shenoute.those.GF253-256.mark.xml#sSpan96"/>
		<rel id="sPointingRel1639" xlink:href="scriptorium.shenoute.those.GF253-256.mark.xml#sSpan2596" target="scriptorium.shenoute.those.GF253-256.mark.xml#sSpan2598"/>
		<rel id="sPointingRel1641" xlink:href="scriptorium.shenoute.those.GF253-256.mark.xml#sSpan1505" target="scriptorium.shenoute.those.GF253-256.mark.xml#sSpan1503"/></relList></paula>