<?xml version='1.0' encoding='UTF-8'?><!DOCTYPE paula SYSTEM "paula_feat.dtd">
<paula version="1.1">
	<header paula_id="scriptorium.shenoute.those.GF253-256.mark_morph"/>
	<featList xmlns:xlink="http://www.w3.org/1999/xlink" type="morph" xml:base="scriptorium.shenoute.those.GF253-256.mark.xml">
		<feat xlink:href="#sSpan333" value="ⲉⲗⲉⲗ"/>
		<feat xlink:href="#sSpan337" value="ϩⲏⲙϫ"/>
		<feat xlink:href="#sSpan443" value="ⲙⲛⲧ"/>
		<feat xlink:href="#sSpan447" value="ⲁⲥⲉⲃⲏⲥ"/>
		<feat xlink:href="#sSpan467" value="ⲁⲧ"/>
		<feat xlink:href="#sSpan470" value="ⲛⲟⲩⲧⲉ"/>
		<feat xlink:href="#sSpan621" value="ⲣⲉϥ"/>
		<feat xlink:href="#sSpan624" value="ϫⲓ"/>
		<feat xlink:href="#sSpan723" value="ⲙⲛⲧ"/>
		<feat xlink:href="#sSpan727" value="ϩⲙϩⲁⲗ"/>
		<feat xlink:href="#sSpan808" value="ⲙⲛⲧ"/>
		<feat xlink:href="#sSpan811" value="ϩⲙϩⲁⲗ"/>
		<feat xlink:href="#sSpan862" value="ϯ"/>
		<feat xlink:href="#sSpan865" value="ⲗⲟⲅⲟⲥ"/>
		<feat xlink:href="#sSpan1225" value="ϯ"/>
		<feat xlink:href="#sSpan1228" value="ⲥⲟ"/>
		<feat xlink:href="#sSpan1432" value="ⲙⲛⲧ"/>
		<feat xlink:href="#sSpan1435" value="ϭⲱⲃ"/>
		<feat xlink:href="#sSpan1549" value="ϯ"/>
		<feat xlink:href="#sSpan1552" value="ⲥⲟⲟⲩⲛ"/>
		<feat xlink:href="#sSpan1574" value="ϫⲓ"/>
		<feat xlink:href="#sSpan1579" value="ⲇⲱⲣⲟⲛ"/>
		<feat xlink:href="#sSpan1622" value="ⲁⲧ"/>
		<feat xlink:href="#sSpan1625" value="ⲛⲟⲩⲧⲉ"/>
		<feat xlink:href="#sSpan1686" value="ⲙⲛⲧ"/>
		<feat xlink:href="#sSpan1689" value="ϣⲃⲣ"/>
		<feat xlink:href="#sSpan1771" value="ⲣⲉϥ"/>
		<feat xlink:href="#sSpan1774" value="ϣⲙϣⲉ"/>
		<feat xlink:href="#sSpan1776" value="ⲉⲓⲇⲱⲗⲟⲛ"/>
		<feat xlink:href="#sSpan1839" value="ⲙⲛⲧ"/>
		<feat xlink:href="#sSpan1842" value="ⲧⲟⲗⲙⲏⲣⲟⲥ"/>
		<feat xlink:href="#sSpan1884" value="ⲣ"/>
		<feat xlink:href="#sSpan1888" value="ϩⲉⲗⲗⲏⲛ"/>
		<feat xlink:href="#sSpan1917" value="ⲣ"/>
		<feat xlink:href="#sSpan1920" value="ⲭⲣⲓⲥⲧⲓⲁⲛⲟⲥ"/>
		<feat xlink:href="#sSpan1961" value="ⲁⲧ"/>
		<feat xlink:href="#sSpan1964" value="ⲛⲟⲩⲧⲉ"/>
		<feat xlink:href="#sSpan2020" value="ϯ"/>
		<feat xlink:href="#sSpan2023" value="ⲡⲓ"/>
		<feat xlink:href="#sSpan2079" value="ⲣⲙ"/>
		<feat xlink:href="#sSpan2082" value="ⲛ"/>
		<feat xlink:href="#sSpan2083" value="ⲛⲟⲩⲧⲉ"/>
		<feat xlink:href="#sSpan2134" value="ϯ"/>
		<feat xlink:href="#sSpan2137" value="ⲡⲓ"/>
		<feat xlink:href="#sSpan2195" value="ⲣⲉϥ"/>
		<feat xlink:href="#sSpan2200" value="ⲣ"/>
		<feat xlink:href="#sSpan2201" value="ⲛⲟⲃⲉ"/>
		<feat xlink:href="#sSpan2334" value="ϯ"/>
		<feat xlink:href="#sSpan2337" value="ϩⲏⲩ"/>
		<feat xlink:href="#sSpan2401" value="ⲣⲉϥ"/>
		<feat xlink:href="#sSpan2404" value="ⲣ"/>
		<feat xlink:href="#sSpan2405" value="ⲛⲟⲃⲉ"/>
		<feat xlink:href="#sSpan2531" value="ⲣⲉϥ"/>
		<feat xlink:href="#sSpan2534" value="ⲣ"/>
		<feat xlink:href="#sSpan2535" value="ⲛⲟⲃⲉ"/></featList></paula>