<?xml version='1.0' encoding='UTF-8'?><!DOCTYPE paula SYSTEM "paula_feat.dtd">
<paula version="1.1">
	<header paula_id="scriptorium.shenoute.those.GF253-256.mark_text"/>
	<featList xmlns:xlink="http://www.w3.org/1999/xlink" type="text" xml:base="scriptorium.shenoute.those.GF253-256.mark.xml">
		<feat xlink:href="#sSpan7" value="ⲟⲩ ⲉϫⲏⲕⲏⲥⲓⲥ ⲉ ⲁ ϥ ⲧⲁⲩⲟⲩⲟ ⲥ ⲛ ⲟⲩ ϩⲟⲟⲩ ϩⲙ ⲡ ⲧⲣⲉ ϥ ⲛⲁⲩ ⲉ ⲡ ⲙⲏⲏϣⲉ"/>
		<feat xlink:href="#sSpan38" value="ⲟⲩ ϩⲟⲟⲩ"/>
		<feat xlink:href="#sSpan48" value="ⲡ ⲧⲣⲉ ϥ ⲛⲁⲩ ⲉ ⲡ ⲙⲏⲏϣⲉ"/>
		<feat xlink:href="#sSpan61" value="ⲡ ⲙⲏⲏϣⲉ"/>
		<feat xlink:href="#sSpan79" value="ⲡ ⲣⲱⲙⲉ ⲉⲧ ⲙⲡϣⲁ ⲙ ⲡ ⲥⲁϩⲟⲩ"/>
		<feat xlink:href="#sSpan95" value="ⲡ ⲥⲁϩⲟⲩ"/>
		<feat xlink:href="#sSpan130" value="ⲛ ⲉⲧⲉ ϥ ϫⲱ ⲙⲙⲟ ⲟⲩ"/>
		<feat xlink:href="#sSpan161" value="ϩⲁϩ ⲛ ⲥⲟⲡ"/>
		<feat xlink:href="#sSpan192" value="ⲛⲓ ⲕⲟⲟⲩⲉ"/>
		<feat xlink:href="#sSpan212" value="ⲛⲉ ϩⲃⲏⲩⲉ ⲙ ⲡ ⲉⲧ ⲙⲙⲁⲩ"/>
		<feat xlink:href="#sSpan222" value="ⲡ ⲉⲧ ⲙⲙⲁⲩ"/>
		<feat xlink:href="#sSpan244" value="ⲡ ⲛⲟⲩⲧⲉ"/>
		<feat xlink:href="#sSpan270" value="ⲛ ⲉⲧⲉ ⲛⲟⲩ ϥ ⲛⲉ"/>
		<feat xlink:href="#sSpan295" value="ϣⲏⲣⲉ"/>
		<feat xlink:href="#sSpan307" value="ⲉⲓⲟⲧⲉ"/>
		<feat xlink:href="#sSpan325" value="ⲛ ⲉⲓⲟⲧⲉ"/>
		<feat xlink:href="#sSpan336" value="ⲉⲗⲉⲗϩⲏⲙϫ"/>
		<feat xlink:href="#sSpan349" value="ⲛ ⲛⲁϫϩⲉ ⲛ ⲛ ϣⲏⲣⲉ"/>
		<feat xlink:href="#sSpan360" value="ⲛ ϣⲏⲣⲉ"/>
		<feat xlink:href="#sSpan395" value="ϩⲙϩⲁⲗ ⲙ ⲡⲓⲥⲧⲟⲥ"/>
		<feat xlink:href="#sSpan416" value="ϩⲉⲛ ϫⲉⲓⲥⲟⲟⲩⲉ ⲛ ⲁⲡⲓⲥⲧⲟⲥ"/>
		<feat xlink:href="#sSpan446" value="ⲙⲛⲧⲁⲥⲉⲃⲏⲥ ⲛ ϩⲉⲛ ϫⲉⲓⲥⲟⲟⲩⲉ ⲉ ⲛ ⲁⲧⲛⲟⲩⲧⲉ"/>
		<feat xlink:href="#sSpan456" value="ϩⲉⲛ ϫⲉⲓⲥⲟⲟⲩⲉ"/>
		<feat xlink:href="#sSpan465" value="ⲛ ⲁⲧⲛⲟⲩⲧⲉ"/>
		<feat xlink:href="#sSpan490" value="ϩⲉⲛ ϣⲉ"/>
		<feat xlink:href="#sSpan504" value="ϩⲉⲛ ⲱⲛⲉ"/>
		<feat xlink:href="#sSpan533" value="ϩⲛ ϩⲙϩⲁⲗ"/>
		<feat xlink:href="#sSpan547" value="ⲧⲉⲩ ϩⲉⲗⲡⲓⲥ ϩⲙ ⲡ ⲛⲟⲩⲧⲉ"/>
		<feat xlink:href="#sSpan558" value="ⲡ ⲛⲟⲩⲧⲉ"/>
		<feat xlink:href="#sSpan567" value="ⲡⲉϥ ⲭⲣⲓⲥⲧⲟⲥ ⲓⲏⲥⲟⲩⲥ"/>
		<feat xlink:href="#sSpan587" value="ⲧ ⲁⲙⲉⲗⲉⲓⲁ ⲛ ϩⲉⲛ ϫⲉⲓⲥⲟⲟⲩⲉ ⲛ ⲁⲡⲓⲥⲧⲟⲥ"/>
		<feat xlink:href="#sSpan600" value="ϩⲉⲛ ϫⲉⲓⲥⲟⲟⲩⲉ ⲛ ⲁⲡⲓⲥⲧⲟⲥ"/>
		<feat xlink:href="#sSpan620" value="ⲛ ⲣⲉϥϫⲓ ⲛ ϭⲟⲛⲥ"/>
		<feat xlink:href="#sSpan671" value="ⲧ ⲇⲓⲕⲁⲓⲟⲥⲩⲛⲏ ⲛ ϩⲛ ϩⲙϩⲁⲗ ⲙ ⲡⲓⲥⲧⲟⲥ"/>
		<feat xlink:href="#sSpan682" value="ϩⲛ ϩⲙϩⲁⲗ ⲙ ⲡⲓⲥⲧⲟⲥ"/>
		<feat xlink:href="#sSpan726" value="ⲙⲛⲧϩⲙϩⲁⲗ"/>
		<feat xlink:href="#sSpan743" value="ⲡ ⲙⲁ ⲉⲧ ⲛ ⲛⲁ ⲃⲱⲕ ⲉⲣⲟ ϥ"/>
		<feat xlink:href="#sSpan774" value="ⲛ ⲉⲧ ⲛⲁ ⲁⲁ ⲩ ⲧⲉⲛⲟⲩ ⲛ ⲣⲙϩⲉ ⲉⲃⲟⲗ ϩⲛ ⲧ ⲙⲛⲧϩⲙϩⲁⲗ ⲙ ⲡ ⲛⲟⲃⲉ"/>
		<feat xlink:href="#sSpan794" value="ⲣⲙϩⲉ"/>
		<feat xlink:href="#sSpan807" value="ⲧ ⲙⲛⲧϩⲙϩⲁⲗ ⲙ ⲡ ⲛⲟⲃⲉ"/>
		<feat xlink:href="#sSpan819" value="ⲡ ⲛⲟⲃⲉ"/>
		<feat xlink:href="#sSpan848" value="ⲡ ⲟⲩⲁ ⲡ ⲟⲩⲁ"/>
		<feat xlink:href="#sSpan880" value="ⲡ ⲛⲟⲩⲧⲉ"/>
		<feat xlink:href="#sSpan896" value="ⲡ ⲉⲧ ⲥⲏϩ"/>
		<feat xlink:href="#sSpan953" value="ⲁⲕⲁⲑⲁⲣⲧⲟⲛ"/>
		<feat xlink:href="#sSpan977" value="ⲛⲉ ϩⲃⲏⲩⲉ ⲛ ⲛ ⲉⲧ ⲟ ⲛ ϩⲙϩⲁⲗ ⲛ ⲕⲣⲟⲛⲟⲥ · ⲉⲧ ⲙⲉ ⲁⲩⲱ ⲉⲧ ⲗⲟⲃⲉ ⲛⲥⲁ ⲧ ϩⲉⲕⲁⲧⲏ"/>
		<feat xlink:href="#sSpan986" value="ⲛ ⲉⲧ ⲟ ⲛ ϩⲙϩⲁⲗ ⲛ ⲕⲣⲟⲛⲟⲥ · ⲉⲧ ⲙⲉ ⲁⲩⲱ ⲉⲧ ⲗⲟⲃⲉ ⲛⲥⲁ ⲧ ϩⲉⲕⲁⲧⲏ"/>
		<feat xlink:href="#sSpan998" value="ϩⲙϩⲁⲗ ⲛ ⲕⲣⲟⲛⲟⲥ · ⲉⲧ ⲙⲉ ⲁⲩⲱ ⲉⲧ ⲗⲟⲃⲉ ⲛⲥⲁ ⲧ ϩⲉⲕⲁⲧⲏ"/>
		<feat xlink:href="#sSpan1006" value="ⲕⲣⲟⲛⲟⲥ"/>
		<feat xlink:href="#sSpan1035" value="ⲧ ϩⲉⲕⲁⲧⲏ"/>
		<feat xlink:href="#sSpan1065" value="ⲧⲉ ⲥⲙⲟⲧ ⲙ ⲡⲟⲣⲛⲏ"/>
		<feat xlink:href="#sSpan1076" value="ⲡⲟⲣⲛⲏ"/>
		<feat xlink:href="#sSpan1090" value="ⲡ ⲉⲧ ⲙⲟⲥⲧⲉ ⲛ ⲛ ⲉⲧ ⲙⲙⲁⲩ"/>
		<feat xlink:href="#sSpan1103" value="ⲛ ⲉⲧ ⲙⲙⲁⲩ"/>
		<feat xlink:href="#sSpan1111" value="ⲓⲏⲥⲟⲩⲥ"/>
		<feat xlink:href="#sSpan1146" value="ⲡⲉ ⲥϩⲁⲓ ⲉⲧ ⲟⲩⲁⲁⲃ"/>
		<feat xlink:href="#sSpan1171" value="ⲛ ⲁⲅⲅⲉⲗⲟⲥ"/>
		<feat xlink:href="#sSpan1187" value="ⲗⲱⲧ"/>
		<feat xlink:href="#sSpan1211" value="ⲥⲟⲇⲟⲙⲁ"/>
		<feat xlink:href="#sSpan1302" value="ⲡ ⲣⲱⲙⲉ ⲉⲃⲟⲗ ϩⲓⲧⲙ ⲡ ⲗⲟⲅⲟⲥ ⲙ ⲡ ⲛⲟⲩⲧⲉ"/>
		<feat xlink:href="#sSpan1316" value="ⲡ ⲗⲟⲅⲟⲥ ⲙ ⲡ ⲛⲟⲩⲧⲉ"/>
		<feat xlink:href="#sSpan1327" value="ⲡ ⲛⲟⲩⲧⲉ"/>
		<feat xlink:href="#sSpan1360" value="ⲛⲉⲩ ⲛⲟⲃⲉ"/>
		<feat xlink:href="#sSpan1431" value="ⲟⲩ ⲙⲛⲧϭⲱⲃ"/>
		<feat xlink:href="#sSpan1454" value="ⲡ ⲉⲧ ⲛⲁ ⲉⲓ ⲉϩⲣⲁⲓ ⲉⲣⲟ ⲥ ⲉⲧⲉ ⲡⲁⲓ ⲡⲉ ⲉ ⲧⲣⲉ ϩⲉⲛ ⲣⲱⲙⲉ ⲛ ⲧⲛ ⲙⲉⲓⲛⲉ ⲉ ⲩ ϫⲱ ⲙⲙⲟ ⲥ · ϫⲉ ⲧⲛ ⲙⲉ ⲙ ⲡ ⲉⲛⲧ ⲁ ϥ ϯⲥⲟⲟⲩⲛ ⲛⲁ ⲛ ⲡⲉ ⲭⲣⲓⲥⲧⲟⲥ"/>
		<feat xlink:href="#sSpan1481" value="ⲡⲁⲓ ⲡⲉ ⲉ ⲧⲣⲉ ϩⲉⲛ ⲣⲱⲙⲉ ⲛ ⲧⲛ ⲙⲉⲓⲛⲉ ⲉ ⲩ ϫⲱ ⲙⲙⲟ ⲥ · ϫⲉ ⲧⲛ ⲙⲉ ⲙ ⲡ ⲉⲛⲧ ⲁ ϥ ϯⲥⲟⲟⲩⲛ ⲛⲁ ⲛ ⲡⲉ ⲭⲣⲓⲥⲧⲟⲥ"/>
		<feat xlink:href="#sSpan1495" value="ϩⲉⲛ ⲣⲱⲙⲉ"/>
		<feat xlink:href="#sSpan1505" value="ⲧⲛ ⲙⲉⲓⲛⲉ ⲉ ⲩ ϫⲱ ⲙⲙⲟ ⲥ"/>
		<feat xlink:href="#sSpan1542" value="ⲡ ⲉⲛⲧ ⲁ ϥ ϯⲥⲟⲟⲩⲛ ⲛⲁ ⲛ"/>
		<feat xlink:href="#sSpan1588" value="ⲗⲁⲁⲩ ⲛ ϩⲛⲟ"/>
		<feat xlink:href="#sSpan1614" value="ϩⲉⲛ ⲣⲱⲙⲉ ⲛ ⲁⲧⲛⲟⲩⲧⲉ"/>
		<feat xlink:href="#sSpan1651" value="ⲟⲩ ⲇⲱⲣⲟⲛ"/>
		<feat xlink:href="#sSpan1685" value="ⲟⲩ ⲙⲛⲧϣⲃⲣ"/>
		<feat xlink:href="#sSpan1697" value="ⲛ ϫⲁϫⲉ ⲙ ⲡⲉ ⲭⲣⲓⲥⲧⲟⲥ"/>
		<feat xlink:href="#sSpan1707" value="ⲡⲉ ⲭⲣⲓⲥⲧⲟⲥ"/>
		<feat xlink:href="#sSpan1739" value="ⲛⲉⲛ ⲣⲱⲙⲉ"/>
		<feat xlink:href="#sSpan1752" value="ϩⲉⲛ ⲙⲏⲏϣⲉ ⲛ ⲣⲱⲙⲉ"/>
		<feat xlink:href="#sSpan1770" value="ϩⲉⲛ ⲣⲉϥϣⲙϣⲉⲉⲓⲇⲱⲗⲟⲛ"/>
		<feat xlink:href="#sSpan1799" value="ⲛ ϩⲉⲓⲕⲱⲛ ⲛ ⲇⲁⲓⲙⲟⲛⲓⲟⲛ"/>
		<feat xlink:href="#sSpan1810" value="ⲇⲁⲓⲙⲟⲛⲓⲟⲛ"/>
		<feat xlink:href="#sSpan1838" value="ⲧⲉⲩ ⲙⲛⲧⲧⲟⲗⲙⲏⲣⲟⲥ"/>
		<feat xlink:href="#sSpan1930" value="ⲡ ⲉⲧ ⲟⲩⲱϣⲧ"/>
		<feat xlink:href="#sSpan1953" value="ϩⲉⲛ ⲣⲱⲙⲉ ⲛ ⲁⲧⲛⲟⲩⲧⲉ · ⲉ ϥ ⲟⲩⲱϣⲧ ⲙ ⲡ ⲉⲧ ⲟⲩⲏϩ ⲛϩⲏⲧ ⲟⲩ"/>
		<feat xlink:href="#sSpan1984" value="ⲡ ⲉⲧ ⲟⲩⲏϩ ⲛϩⲏⲧ ⲟⲩ"/>
		<feat xlink:href="#sSpan1998" value="ⲡ ⲇⲓⲁⲃⲟⲗⲟⲥ"/>
		<feat xlink:href="#sSpan2030" value="ⲡ ⲉⲧ ⲟⲩ ϣⲙϣⲉ ⲛⲁ ϥ ⲡ ϩⲟⲃ"/>
		<feat xlink:href="#sSpan2058" value="ⲡ ⲉⲧ ⲟⲩⲱϣⲧ"/>
		<feat xlink:href="#sSpan2078" value="ϩⲉⲛ ⲣⲙⲛⲛⲟⲩⲧⲉ ⲉ ϥ ⲟⲩⲱϣⲧ ⲙ ⲡ ⲛⲟⲩⲧⲉ ⲉⲧ ⲟⲩⲏϩ ⲛϩⲏⲧ ⲟⲩ · ⲁⲩⲱ ⲉ ϥ ϯⲡⲓ ⲉⲣⲙ ⲡ ⲉⲧ ⲟⲩ ϣⲙϣⲉ ⲛⲁ ϥ ⲓⲏⲥⲟⲩⲥ"/>
		<feat xlink:href="#sSpan2103" value="ⲡ ⲛⲟⲩⲧⲉ ⲉⲧ ⲟⲩⲏϩ ⲛϩⲏⲧ ⲟⲩ"/>
		<feat xlink:href="#sSpan2144" value="ⲡ ⲉⲧ ⲟⲩ ϣⲙϣⲉ ⲛⲁ ϥ ⲓⲏⲥⲟⲩⲥ"/>
		<feat xlink:href="#sSpan2186" value="ⲡ ϫⲟⲉⲓⲥ"/>
		<feat xlink:href="#sSpan2198" value="ⲣⲉϥⲣⲛⲟⲃⲉ"/>
		<feat xlink:href="#sSpan2239" value="ⲧⲉ ⲭⲣⲉⲓⲁ"/>
		<feat xlink:href="#sSpan2400" value="ⲛ ⲣⲉϥⲣⲛⲟⲃⲉ ⲉ ⲩ ⲙⲉⲧⲁⲛⲟⲓⲁ"/>
		<feat xlink:href="#sSpan2412" value="ⲩ ⲙⲉⲧⲁⲛⲟⲓⲁ"/>
		<feat xlink:href="#sSpan2449" value="ⲡ ⲙⲁⲉⲓⲛ ⲙ ⲡⲉⲩ ⲟⲩⲱϣ"/>
		<feat xlink:href="#sSpan2458" value="ⲡⲉⲩ ⲟⲩⲱϣ"/>
		<feat xlink:href="#sSpan2474" value="ⲡ ⲉⲛⲧ ⲁ ϥ ⲧⲁϩⲙ ⲟⲩ ⲉⲧⲉ ⲡⲁⲓ ⲡⲉ"/>
		<feat xlink:href="#sSpan2493" value="ⲡⲁⲓ"/>
		<feat xlink:href="#sSpan2507" value="ⲛ ⲧⲉⲗⲱⲛⲏⲥ ⲇⲉ ⲧⲏⲣ ⲟⲩ ⲙⲛ ⲛ ⲣⲉϥⲣⲛⲟⲃⲉ ϩⲏⲛ ⲉϩⲟⲩⲛ ⲉⲣⲟ ϥ · ϫⲉ ⲉⲩⲉ ⲥⲱⲧⲙ ⲉⲣⲟ ϥ"/>
		<feat xlink:href="#sSpan2529" value="ⲛ ⲣⲉϥⲣⲛⲟⲃⲉ"/>
		<feat xlink:href="#sSpan2596" value="ⲟⲩ ⲁⲡⲓⲥⲧⲟⲥ"/>
		<feat xlink:href="#sSpan2621" value="ⲡ ⲇⲉⲓⲡⲛⲟⲛ ⲙ ⲡⲉⲕ ⲛⲟⲩⲧⲉ"/>
		<feat xlink:href="#sSpan2631" value="ⲡⲉⲕ ⲛⲟⲩⲧⲉ"/>
		<feat xlink:href="#sSpan2661" value="ⲛ ⲁⲅⲁⲑⲟⲛ ⲛⲧ ⲁ ϥ ϫⲟ ⲟⲩ"/>
		<feat xlink:href="#sSpan2721" value="ⲩ ⲇⲓⲡⲛⲟⲛ"/>
		<feat xlink:href="#sSpan2732" value="ⲟⲩ ⲁⲡⲓⲥⲧⲟⲥ"/>
		<feat xlink:href="#sSpan2773" value="ⲡⲉⲕ ϫⲟⲉⲓⲥ ⲓⲏⲥⲟⲩⲥ"/>
		<feat xlink:href="#sSpan2789" value="ⲡⲉⲕ ⲁⲡⲟⲧ"/>
		<feat xlink:href="#sSpan2810" value="ⲡⲁ ⲡ ϩⲉⲗ"/>
		<feat xlink:href="#sSpan2813" value="ⲡ ϩⲉⲗ"/></featList></paula>