<?xml version='1.0' encoding='UTF-8'?><!DOCTYPE paula SYSTEM "paula_feat.dtd">
<paula version="1.1">
	<header paula_id="scriptorium.shenoute.those.GF253-256.mark_orig_group"/>
	<featList xmlns:xlink="http://www.w3.org/1999/xlink" type="orig_group" xml:base="scriptorium.shenoute.those.GF253-256.mark.xml">
		<feat xlink:href="#sSpan5" value="ⲟⲩⲉϫⲏⲕⲏⲥⲓⲥ"/>
		<feat xlink:href="#sSpan21" value="ⲉⲁϥⲧⲁⲩⲟⲩⲟⲥ"/>
		<feat xlink:href="#sSpan34" value="ⲉⲛⲟⲩϩⲟⲟⲩ"/>
		<feat xlink:href="#sSpan44" value="ϩⲙⲡⲧⲣⲉϥⲛⲁⲩ"/>
		<feat xlink:href="#sSpan58" value="ⲉⲡⲙⲏⲏϣⲉ"/>
		<feat xlink:href="#sSpan68" value="ⲉⲩⲏⲡ"/>
		<feat xlink:href="#sSpan76" value="ⲉⲡⲣⲱⲙⲉ"/>
		<feat xlink:href="#sSpan86" value="ⲉⲧⲙⲡϣⲁ"/>
		<feat xlink:href="#sSpan92" value="ⲙⲡⲥⲁϩⲟⲩ"/>
		<feat xlink:href="#sSpan102" value="·"/>
		<feat xlink:href="#sSpan106" value="ⲉϥⲟⲩⲱϣ"/>
		<feat xlink:href="#sSpan114" value="ⲉⲧⲣⲉⲩⲧⲁⲙⲟϥ"/>
		<feat xlink:href="#sSpan127" value="ⲉⲛⲉⲧⲉϥϫⲱ"/>
		<feat xlink:href="#sSpan141" value="ⲙⲙⲟⲟⲩ"/>
		<feat xlink:href="#sSpan147" value="·"/>
		<feat xlink:href="#sSpan151" value="ⲉⲧⲃⲏⲏⲧϥ"/>
		<feat xlink:href="#sSpan158" value="ⲛϩⲁϩⲛⲥⲟⲡ"/>
		<feat xlink:href="#sSpan170" value="·"/>
		<feat xlink:href="#sSpan174" value="ⲁⲩⲱ"/>
		<feat xlink:href="#sSpan178" value="ⲉϥⲟⲩⲱϣ"/>
		<feat xlink:href="#sSpan187" value="ⲉⲧⲣⲉⲛⲓⲕⲟⲟⲩⲉ"/>
		<feat xlink:href="#sSpan198" value="ϩⲁⲣⲉϩ"/>
		<feat xlink:href="#sSpan203" value="ⲉⲣⲟⲟⲩ"/>
		<feat xlink:href="#sSpan209" value="ⲉⲛⲉϩⲃⲏⲩⲉ"/>
		<feat xlink:href="#sSpan219" value="ⲙⲡⲉⲧⲙⲙⲁⲩ"/>
		<feat xlink:href="#sSpan231" value=":"/>
		<feat xlink:href="#sSpan237" value="························"/>
		<feat xlink:href="#sSpan246" value="ⲡⲛⲟⲩⲧⲉ"/>
		<feat xlink:href="#sSpan256" value="ϫⲱ"/>
		<feat xlink:href="#sSpan260" value="ⲙⲙⲟⲥ"/>
		<feat xlink:href="#sSpan267" value="ϩ︤ⲛ︥ⲛⲉⲧⲉⲛⲟⲩϥ"/>
		<feat xlink:href="#sSpan281" value="ⲛⲉ"/>
		<feat xlink:href="#sSpan285" value="·"/>
		<feat xlink:href="#sSpan290" value="ϫⲉⲛ̄ⲛⲉϣⲏⲣⲉ"/>
		<feat xlink:href="#sSpan300" value="ⲙⲟⲩ"/>
		<feat xlink:href="#sSpan304" value="ϩⲁⲉⲓ̈ⲟⲧⲉ"/>
		<feat xlink:href="#sSpan311" value="·"/>
		<feat xlink:href="#sSpan315" value="ⲁⲩⲱ"/>
		<feat xlink:href="#sSpan320" value="ϫⲉⲛⲛⲉⲛⲉⲓⲟⲧⲉ"/>
		<feat xlink:href="#sSpan332" value="ⲟⲩⲉⲙⲉⲗⲉⲗϩⲏⲙ̄ϫ"/>
		<feat xlink:href="#sSpan342" value="·"/>
		<feat xlink:href="#sSpan346" value="ⲛⲧⲉⲛ̄ⲛⲁϫϩⲉ"/>
		<feat xlink:href="#sSpan357" value="ⲛ︤ⲛ︥ϣⲏⲣⲉ"/>
		<feat xlink:href="#sSpan366" value="ⲛⲟⲩϭⲥ"/>
		<feat xlink:href="#sSpan371" value="·"/>
		<feat xlink:href="#sSpan376" value="ⲛⲧⲉⲓ̈ϩⲉ"/>
		<feat xlink:href="#sSpan387" value="ⲟⲛ"/>
		<feat xlink:href="#sSpan391" value="ⲙ̄ⲙⲛϩⲙϩⲁⲗ"/>
		<feat xlink:href="#sSpan399" value="ⲙⲡⲉⲓ̈ⲥⲧⲟⲥ"/>
		<feat xlink:href="#sSpan407" value="ⲛⲁⲙⲟⲩ"/>
		<feat xlink:href="#sSpan413" value="ϩⲁϩⲉⲛϫⲉⲓ̈ⲥⲟⲟⲩⲉ"/>
		<feat xlink:href="#sSpan423" value="ⲛⲁⲡⲉⲓ̈ⲥⲧⲟⲥ"/>
		<feat xlink:href="#sSpan431" value="·"/>
		<feat xlink:href="#sSpan437" value="ⲟⲩⲇⲉ"/>
		<feat xlink:href="#sSpan442" value="ⲙⲙⲛⲧⲁⲥⲉⲃⲏⲥ"/>
		<feat xlink:href="#sSpan452" value="ⲛϩⲉⲛϫⲉⲓⲥⲟⲟⲩⲉ"/>
		<feat xlink:href="#sSpan462" value="ⲉⲉⲛⲁⲧⲛⲟⲩⲧⲉ"/>
		<feat xlink:href="#sSpan474" value="·"/>
		<feat xlink:href="#sSpan478" value="ⲉⲩⲟⲩⲱϣⲧ"/>
		<feat xlink:href="#sSpan487" value="ⲛϩⲉⲛϣⲉ"/>
		<feat xlink:href="#sSpan497" value="·"/>
		<feat xlink:href="#sSpan501" value="ⲙⲛϩⲉⲛⲱⲛⲉ"/>
		<feat xlink:href="#sSpan511" value="·"/>
		<feat xlink:href="#sSpan515" value="ⲛⲥⲉⲛⲁⲉⲓ̈"/>
		<feat xlink:href="#sSpan525" value="ⲁⲛ"/>
		<feat xlink:href="#sSpan529" value="ⲉϫⲛϩⲛϩⲙϩⲁⲗ"/>
		<feat xlink:href="#sSpan539" value="·"/>
		<feat xlink:href="#sSpan543" value="ⲉⲣⲉⲧⲉⲩϩⲉⲗⲡⲉⲓ̈ⲥ"/>
		<feat xlink:href="#sSpan554" value="ϩⲙⲡⲛⲟⲩⲧⲉ"/>
		<feat xlink:href="#sSpan564" value="ⲙⲛⲡⲉϥⲭ︤ⲥ︥"/>
		<feat xlink:href="#sSpan576" value="ⲓ︤ⲥ︥"/>
		<feat xlink:href="#sSpan580" value="·"/>
		<feat xlink:href="#sSpan585" value="ⲧⲁⲙⲉⲗⲓⲁ"/>
		<feat xlink:href="#sSpan597" value="ⲛϩⲉⲛϫⲉⲓ̈ⲥⲟⲟⲩⲉ"/>
		<feat xlink:href="#sSpan607" value="ⲛⲁⲡⲉⲓ̈ⲥⲧⲟⲥ"/>
		<feat xlink:href="#sSpan614" value="ⲁⲩⲱ"/>
		<feat xlink:href="#sSpan619" value="ⲛⲣⲉϥϫⲓ̈"/>
		<feat xlink:href="#sSpan628" value="ⲛϭⲟⲛⲥ"/>
		<feat xlink:href="#sSpan635" value="·"/>
		<feat xlink:href="#sSpan639" value="ⲉⲥⲛⲁϣⲱⲡⲉ"/>
		<feat xlink:href="#sSpan650" value="ⲉϩⲣⲁⲓ̈"/>
		<feat xlink:href="#sSpan654" value="ⲉϫⲱⲟⲩ"/>
		<feat xlink:href="#sSpan660" value="·"/>
		<feat xlink:href="#sSpan665" value="ⲁⲩⲱ"/>
		<feat xlink:href="#sSpan670" value="ⲧⲇⲓ̈ⲕⲁⲓ̈ⲟⲥⲩⲛⲏ"/>
		<feat xlink:href="#sSpan679" value="ⲛϩⲛϩⲙϩⲁⲗ"/>
		<feat xlink:href="#sSpan688" value="ⲙⲡⲓ̈ⲥⲧⲟⲥ"/>
		<feat xlink:href="#sSpan696" value="ⲛⲁⲉⲓ̈"/>
		<feat xlink:href="#sSpan703" value="ⲉϩⲣⲁⲓ"/>
		<feat xlink:href="#sSpan708" value="ⲉϫⲱⲟⲩ"/>
		<feat xlink:href="#sSpan714" value="·"/>
		<feat xlink:href="#sSpan719" value="ⲙⲙⲛⲙⲛⲧϩⲙϩⲁⲗ"/>
		<feat xlink:href="#sSpan733" value="ϣⲟⲟⲡ"/>
		<feat xlink:href="#sSpan740" value="ϩⲙⲡⲙⲁ"/>
		<feat xlink:href="#sSpan749" value="ⲉⲧⲛⲛⲁⲃⲱⲕ"/>
		<feat xlink:href="#sSpan760" value="ⲉⲣⲟϥ"/>
		<feat xlink:href="#sSpan767" value="·"/>
		<feat xlink:href="#sSpan771" value="ⲛⲛⲉⲧⲛⲁⲁⲁⲩ"/>
		<feat xlink:href="#sSpan787" value="ⲧⲉⲛⲟⲩ"/>
		<feat xlink:href="#sSpan791" value="ⲛⲣⲙϩⲉ"/>
		<feat xlink:href="#sSpan799" value="ⲉⲃⲟⲗ"/>
		<feat xlink:href="#sSpan804" value="ϩⲛⲧⲙⲛⲧϩⲙϩⲁⲗ"/>
		<feat xlink:href="#sSpan816" value="ⲙ̄ⲡⲛⲟⲃⲉ"/>
		<feat xlink:href="#sSpan825" value="·"/>
		<feat xlink:href="#sSpan830" value="ⲛ̄ϩⲟⲥⲟⲛ"/>
		<feat xlink:href="#sSpan841" value="ϭⲉ"/>
		<feat xlink:href="#sSpan845" value="ⲉⲣⲉⲡⲟⲩⲁ"/>
		<feat xlink:href="#sSpan854" value="ⲡⲟⲩⲁ"/>
		<feat xlink:href="#sSpan861" value="ⲛⲁϯⲗⲟⲅⲟⲥ"/>
		<feat xlink:href="#sSpan870" value="ϩⲁⲣⲟϥ"/>
		<feat xlink:href="#sSpan877" value="ⲙⲡⲛⲟⲩⲧⲉ"/>
		<feat xlink:href="#sSpan887" value="ⲥⲱⲧⲙ"/>
		<feat xlink:href="#sSpan892" value="ⲛⲥⲁⲡⲉⲧⲥⲏϩ"/>
		<feat xlink:href="#sSpan905" value="·"/>
		<feat xlink:href="#sSpan909" value="ϫⲉⲥⲁϩⲱⲧⲛ̄"/>
		<feat xlink:href="#sSpan918" value="ⲉⲃⲟⲗ"/>
		<feat xlink:href="#sSpan922" value="·"/>
		<feat xlink:href="#sSpan926" value="ⲥⲁϩⲱⲧⲛ"/>
		<feat xlink:href="#sSpan933" value="ⲉⲃⲟⲗ"/>
		<feat xlink:href="#sSpan937" value="·"/>
		<feat xlink:href="#sSpan941" value="ⲙⲡⲣϫⲱϩ"/>
		<feat xlink:href="#sSpan949" value="ⲉⲅⲁⲑⲁⲣⲧⲟⲛ"/>
		<feat xlink:href="#sSpan958" value="·"/>
		<feat xlink:href="#sSpan963" value="ⲙⲡⲣⲕⲟⲓ̈ⲛⲱⲛⲉⲓ̈"/>
		<feat xlink:href="#sSpan973" value="ⲉⲛⲉϩⲃⲏⲩⲉ"/>
		<feat xlink:href="#sSpan983" value="ⲛⲛⲉⲧⲟ"/>
		<feat xlink:href="#sSpan995" value="ⲛϩⲙϩⲁⲗ"/>
		<feat xlink:href="#sSpan1002" value="ⲛⲕⲣⲟⲛⲟⲥ"/>
		<feat xlink:href="#sSpan1011" value="·"/>
		<feat xlink:href="#sSpan1015" value="ⲉⲧⲙⲉ"/>
		<feat xlink:href="#sSpan1021" value="ⲁⲩⲱ"/>
		<feat xlink:href="#sSpan1026" value="ⲉⲧⲗⲟⲃⲉ"/>
		<feat xlink:href="#sSpan1032" value="ⲛⲥⲁⲑⲉⲕⲁⲧⲏ"/>
		<feat xlink:href="#sSpan1043" value="ⲉϭⲱϣⲧ"/>
		<feat xlink:href="#sSpan1049" value="ⲉϩⲟⲩⲛ"/>
		<feat xlink:href="#sSpan1054" value="ⲉϩⲣⲁⲥ"/>
		<feat xlink:href="#sSpan1060" value="·"/>
		<feat xlink:href="#sSpan1064" value="ⲧⲉⲥⲙⲟⲧ"/>
		<feat xlink:href="#sSpan1072" value="ⲙⲡⲟⲣⲛⲏ"/>
		<feat xlink:href="#sSpan1080" value="·"/>
		<feat xlink:href="#sSpan1085" value="ϫⲉⲛⲛⲉⲡⲉⲧⲙⲟⲥⲧⲉ"/>
		<feat xlink:href="#sSpan1100" value="ⲛⲛⲉⲧⲙⲙⲁⲩ"/>
		<feat xlink:href="#sSpan1113" value="ⲓ︤ⲥ︥"/>
		<feat xlink:href="#sSpan1118" value="ⲙⲉⲥⲧⲉⲧⲏⲩⲧⲛ"/>
		<feat xlink:href="#sSpan1125" value="ⲛⲙⲙⲁⲩ"/>
		<feat xlink:href="#sSpan1131" value="·"/>
		<feat xlink:href="#sSpan1136" value="ⲁⲩⲱ"/>
		<feat xlink:href="#sSpan1143" value="ⲁⲡⲉⲥϩⲁⲓ̈"/>
		<feat xlink:href="#sSpan1152" value="ⲉⲧⲟⲩⲁⲁⲃ"/>
		<feat xlink:href="#sSpan1159" value="ϫⲟⲟⲥ"/>
		<feat xlink:href="#sSpan1165" value="ϫⲉⲁⲛⲁⲅⲅⲉⲗⲟⲥ"/>
		<feat xlink:href="#sSpan1178" value="ϣⲁϫⲉ"/>
		<feat xlink:href="#sSpan1183" value="ⲙⲛⲗⲱⲧ"/>
		<feat xlink:href="#sSpan1191" value="ⲉⲧⲣⲉϥⲉⲓ̈"/>
		<feat xlink:href="#sSpan1203" value="ⲉⲃⲟⲗ"/>
		<feat xlink:href="#sSpan1207" value="ϩⲛⲥⲟⲇⲟⲙⲁ"/>
		<feat xlink:href="#sSpan1217" value="ⲧⲁⲭⲏ"/>
		<feat xlink:href="#sSpan1221" value="ⲉⲩⲧⲉⲓ̈ⲥⲟ"/>
		<feat xlink:href="#sSpan1232" value="ⲉⲣⲟϥ"/>
		<feat xlink:href="#sSpan1238" value="ϫⲉⲛⲛⲉϥⲧⲁⲕⲟ"/>
		<feat xlink:href="#sSpan1249" value="ⲛⲙⲙⲁⲩ"/>
		<feat xlink:href="#sSpan1256" value="·"/>
		<feat xlink:href="#sSpan1261" value="ⲉⲩϫⲱ"/>
		<feat xlink:href="#sSpan1272" value="ⲙⲙⲟⲥ"/>
		<feat xlink:href="#sSpan1278" value="ⲛⲁⲕ"/>
		<feat xlink:href="#sSpan1284" value="ⲧⲉⲛⲟⲩ"/>
		<feat xlink:href="#sSpan1289" value="ϩⲱⲱⲕ"/>
		<feat xlink:href="#sSpan1296" value="ⲱ̄"/>
		<feat xlink:href="#sSpan1301" value="ⲡⲣⲱⲙⲉ"/>
		<feat xlink:href="#sSpan1308" value="ⲉⲃⲟⲗ"/>
		<feat xlink:href="#sSpan1312" value="ϩⲉⲓ̈ⲧⲙⲡⲗⲟⲅⲟⲥ"/>
		<feat xlink:href="#sSpan1323" value="ⲙⲡⲛⲟⲩⲧⲉ"/>
		<feat xlink:href="#sSpan1333" value="·"/>
		<feat xlink:href="#sSpan1337" value="ⲁⲩⲱ"/>
		<feat xlink:href="#sSpan1341" value="ⲛ︤ⲅ︥ⲥⲁϩⲱⲱⲕ"/>
		<feat xlink:href="#sSpan1352" value="ⲉⲃⲟⲗ"/>
		<feat xlink:href="#sSpan1357" value="ⲛⲛⲉⲩⲛⲟⲃⲉ"/>
		<feat xlink:href="#sSpan1366" value="ϫⲉⲛ̄ⲛⲉϥⲁⲁⲕ"/>
		<feat xlink:href="#sSpan1379" value="ⲛⲧⲉⲩϩⲉ"/>
		<feat xlink:href="#sSpan1388" value="·"/>
		<feat xlink:href="#sSpan1392" value="ⲁⲩⲱ"/>
		<feat xlink:href="#sSpan1396" value="ⲛ︤ϥ︥ⲃⲟⲧⲕ"/>
		<feat xlink:href="#sSpan1407" value="ⲉⲃⲟⲗ"/>
		<feat xlink:href="#sSpan1411" value="ⲛⲙⲙⲁⲩ"/>
		<feat xlink:href="#sSpan1419" value="."/>
		<feat xlink:href="#sSpan1424" value="ⲟⲩⲛⲟⲩⲙⲛⲧϭⲱⲃ"/>
		<feat xlink:href="#sSpan1439" value="ϣⲟⲟⲡ"/>
		<feat xlink:href="#sSpan1445" value="ⲉⲓ̈ⲕⲏ"/>
		<feat xlink:href="#sSpan1449" value="ⲙ̄ⲡⲉⲧⲛⲁⲉⲓ̈"/>
		<feat xlink:href="#sSpan1467" value="ⲉϩⲣⲁⲓ̈"/>
		<feat xlink:href="#sSpan1471" value="ⲉⲣⲟⲥ"/>
		<feat xlink:href="#sSpan1478" value="ⲉⲧⲉⲡⲁⲓ"/>
		<feat xlink:href="#sSpan1485" value="ⲡⲉ"/>
		<feat xlink:href="#sSpan1489" value="ⲉⲧⲣⲉϩⲉⲛⲣⲱⲙⲉ"/>
		<feat xlink:href="#sSpan1501" value="ⲛⲧⲛⲙⲉⲓⲛⲉ"/>
		<feat xlink:href="#sSpan1511" value="ⲉⲩϫⲱ"/>
		<feat xlink:href="#sSpan1520" value="ⲙⲙⲟⲥ"/>
		<feat xlink:href="#sSpan1526" value="·"/>
		<feat xlink:href="#sSpan1530" value="ϫⲉⲧⲛⲙⲉ"/>
		<feat xlink:href="#sSpan1539" value="ⲙⲡⲉⲛⲧⲁϥϯⲥⲟⲟⲩⲛ"/>
		<feat xlink:href="#sSpan1557" value="ⲛⲁⲛ"/>
		<feat xlink:href="#sSpan1563" value="ⲡⲉ"/>
		<feat xlink:href="#sSpan1568" value="ⲭ︤ⲥ︥"/>
		<feat xlink:href="#sSpan1573" value="·"/>
		<feat xlink:href="#sSpan1578" value="ϫⲉⲓ̈ⲇⲱⲣⲟⲛ"/>
		<feat xlink:href="#sSpan1585" value="ⲛⲗⲁⲁⲩ"/>
		<feat xlink:href="#sSpan1592" value="ⲛϩⲛⲟ"/>
		<feat xlink:href="#sSpan1600" value="ϩⲟⲗⲱⲥ"/>
		<feat xlink:href="#sSpan1604" value="ⲛⲧⲟⲟⲧⲟⲩ"/>
		<feat xlink:href="#sSpan1611" value="ⲛϩⲉⲛⲣⲱⲙⲉ"/>
		<feat xlink:href="#sSpan1621" value="ⲛⲁⲧⲛⲟⲩⲧⲉ"/>
		<feat xlink:href="#sSpan1630" value="·"/>
		<feat xlink:href="#sSpan1635" value="ⲏ"/>
		<feat xlink:href="#sSpan1639" value="ⲛⲧⲟϥ"/>
		<feat xlink:href="#sSpan1643" value="ⲛⲧⲉⲛϫⲉⲩⲇⲱⲣⲟⲛ"/>
		<feat xlink:href="#sSpan1658" value="ⲛⲁⲩ"/>
		<feat xlink:href="#sSpan1665" value="·"/>
		<feat xlink:href="#sSpan1669" value="ⲛⲕⲱ"/>
		<feat xlink:href="#sSpan1675" value="ⲛⲁⲛ"/>
		<feat xlink:href="#sSpan1681" value="ⲛⲟⲩⲙⲛ̄ⲧϣⲃ︤ⲣ︥"/>
		<feat xlink:href="#sSpan1693" value="ⲙⲛⲛϫⲁϫⲉ"/>
		<feat xlink:href="#sSpan1703" value="ⲙⲡⲉⲭ︤ⲥ︥"/>
		<feat xlink:href="#sSpan1715" value="·"/>
		<feat xlink:href="#sSpan1719" value="ⲉⲩ{ⲟⲩ}ⲟⲩⲟⲛϩ"/>
		<feat xlink:href="#sSpan1732" value="ⲉⲃⲟⲗ"/>
		<feat xlink:href="#sSpan1736" value="ⲉⲛⲉⲛⲣⲱⲙⲉ"/>
		<feat xlink:href="#sSpan1747" value="ⲏ"/>
		<feat xlink:href="#sSpan1751" value="ϩⲉⲛⲙⲏⲏϣⲉ"/>
		<feat xlink:href="#sSpan1760" value="ⲛⲣⲱⲙⲉ"/>
		<feat xlink:href="#sSpan1767" value="ϫⲉϩⲉⲛⲣⲉϥϣⲙϣⲉⲉⲓ̈ⲇⲱⲗⲟⲛ"/>
		<feat xlink:href="#sSpan1781" value="ⲛⲉ"/>
		<feat xlink:href="#sSpan1787" value="ⲉⲩⲟⲩⲱϣⲧ"/>
		<feat xlink:href="#sSpan1795" value="ⲉⲛⲉⲛϩⲉⲓ̈ⲕⲱⲛ"/>
		<feat xlink:href="#sSpan1806" value="ⲛ̄ⲇⲁⲓ̈ⲙⲟⲛⲉⲓ̈ⲟⲛ"/>
		<feat xlink:href="#sSpan1815" value="ⲁⲩⲱ"/>
		<feat xlink:href="#sSpan1820" value="ⲉⲩϫⲱ"/>
		<feat xlink:href="#sSpan1828" value="ⲙⲙⲟⲥ"/>
		<feat xlink:href="#sSpan1835" value="ϩⲛⲧⲉⲩⲙⲛⲧⲧⲟⲗⲙⲉⲣⲟⲥ"/>
		<feat xlink:href="#sSpan1848" value="·"/>
		<feat xlink:href="#sSpan1852" value="ϫⲉⲛⲑⲉ"/>
		<feat xlink:href="#sSpan1863" value="ⲉⲧⲉⲛⲛⲁⲉϣⲡⲉⲉⲛⲉⲧⲏⲩⲧⲛ"/>
		<feat xlink:href="#sSpan1879" value="ⲁⲛ"/>
		<feat xlink:href="#sSpan1883" value="ⲉⲉⲣϩⲉⲗⲗⲏⲛ"/>
		<feat xlink:href="#sSpan1894" value="ⲛⲧⲉⲧⲛⲛⲁⲉϣⲡⲟⲟⲛⲉⲛ"/>
		<feat xlink:href="#sSpan1911" value="ⲁⲛ"/>
		<feat xlink:href="#sSpan1916" value="ⲉⲉⲣⲭⲣⲓ̈ⲥⲧⲉⲓ̈ⲁⲛⲟⲥ"/>
		<feat xlink:href="#sSpan1926" value="·"/>
		<feat xlink:href="#sSpan1932" value="ⲡⲉⲧⲟⲩⲱϣⲧ"/>
		<feat xlink:href="#sSpan1945" value="ⲅⲁⲣ"/>
		<feat xlink:href="#sSpan1949" value="ⲛϩⲉⲛⲣⲱⲙⲉ"/>
		<feat xlink:href="#sSpan1959" value="ⲉⲛⲁⲧⲛⲟⲩⲧⲉ"/>
		<feat xlink:href="#sSpan1968" value="·"/>
		<feat xlink:href="#sSpan1972" value="ⲉϥⲟⲩⲱϣⲧ"/>
		<feat xlink:href="#sSpan1981" value="ⲙⲡⲉⲧⲟⲩⲏϩ"/>
		<feat xlink:href="#sSpan1993" value="ⲛϩⲏⲧⲟⲩ"/>
		<feat xlink:href="#sSpan2000" value="ⲡⲇⲓ̈ⲁⲃⲟⲗⲟⲥ"/>
		<feat xlink:href="#sSpan2008" value="·"/>
		<feat xlink:href="#sSpan2012" value="ⲁⲩⲱ"/>
		<feat xlink:href="#sSpan2016" value="ⲉϥⲧⲉⲓ̈ⲡⲉⲓ̈"/>
		<feat xlink:href="#sSpan2027" value="ⲉⲡⲉⲧⲟⲩϣⲙϣⲉ"/>
		<feat xlink:href="#sSpan2041" value="ⲛⲁϥ"/>
		<feat xlink:href="#sSpan2048" value="ⲡϩⲟⲃ"/>
		<feat xlink:href="#sSpan2054" value="·"/>
		<feat xlink:href="#sSpan2060" value="ⲡⲉⲧⲟⲩⲱϣⲧ"/>
		<feat xlink:href="#sSpan2070" value="ⲇⲉ"/>
		<feat xlink:href="#sSpan2075" value="ⲛϩⲉⲛⲣⲙⲛⲛⲟⲩⲧⲉ"/>
		<feat xlink:href="#sSpan2091" value="ⲉϥⲟⲩⲱϣⲧ"/>
		<feat xlink:href="#sSpan2099" value="ⲙⲡⲛⲟⲩⲧⲉ"/>
		<feat xlink:href="#sSpan2109" value="ⲉⲧⲟⲩⲏϩ"/>
		<feat xlink:href="#sSpan2115" value="ⲛϩⲏⲧⲟⲩ"/>
		<feat xlink:href="#sSpan2122" value="·"/>
		<feat xlink:href="#sSpan2126" value="ⲁⲩⲱ"/>
		<feat xlink:href="#sSpan2130" value="ⲉϥϯⲡⲉⲓ̈"/>
		<feat xlink:href="#sSpan2141" value="ⲉⲣⲙⲡⲉⲧⲟⲩϣⲙϣⲉ"/>
		<feat xlink:href="#sSpan2155" value="ⲛⲁϥ"/>
		<feat xlink:href="#sSpan2162" value="ⲓ︤ⲥ︥"/>
		<feat xlink:href="#sSpan2167" value="·"/>
		<feat xlink:href="#sSpan2172" value="ⲉⲕϣⲁⲛϫⲟⲟⲥ"/>
		<feat xlink:href="#sSpan2183" value="ϫⲉⲡϫⲟⲉⲓ̈ⲥ"/>
		<feat xlink:href="#sSpan2193" value="ϣⲉⲡⲣⲉϥⲣⲛⲟⲃⲉ"/>
		<feat xlink:href="#sSpan2205" value="ⲉⲣⲟϥ"/>
		<feat xlink:href="#sSpan2211" value="ⲁⲩⲱ"/>
		<feat xlink:href="#sSpan2216" value="ϥⲟⲩⲱⲙ"/>
		<feat xlink:href="#sSpan2222" value="ⲛⲙ̄ⲙⲁⲩ"/>
		<feat xlink:href="#sSpan2229" value="·"/>
		<feat xlink:href="#sSpan2234" value="ⲁⲗⲗⲁ"/>
		<feat xlink:href="#sSpan2241" value="ⲧⲉⲭⲣⲓ̈ⲁ"/>
		<feat xlink:href="#sSpan2249" value="ⲇⲉ"/>
		<feat xlink:href="#sSpan2253" value="ⲉⲛⲟⲓ̈"/>
		<feat xlink:href="#sSpan2260" value="ⲛⲧⲟϥ"/>
		<feat xlink:href="#sSpan2265" value="ϫⲉⲉⲧⲃⲉⲟⲩ"/>
		<feat xlink:href="#sSpan2275" value="·"/>
		<feat xlink:href="#sSpan2279" value="ϫⲉⲉⲩⲉⲡⲉⲓ̈ⲥⲧⲉⲩⲉ"/>
		<feat xlink:href="#sSpan2289" value="ⲉⲣⲟϥ"/>
		<feat xlink:href="#sSpan2295" value="·"/>
		<feat xlink:href="#sSpan2299" value="ϫⲛⲉⲉⲩⲉϫⲉⲓ̈ⲟⲩⲁ"/>
		<feat xlink:href="#sSpan2308" value="ⲉⲣⲟϥ"/>
		<feat xlink:href="#sSpan2314" value="·"/>
		<feat xlink:href="#sSpan2320" value="ⲏ"/>
		<feat xlink:href="#sSpan2327" value="ⲉⲛⲉϥⲛⲁϯϩⲏⲩ"/>
		<feat xlink:href="#sSpan2341" value="ⲁⲛ"/>
		<feat xlink:href="#sSpan2346" value="ⲉⲣⲟⲟⲩ"/>
		<feat xlink:href="#sSpan2353" value="·"/>
		<feat xlink:href="#sSpan2357" value="ⲛⲁϣ"/>
		<feat xlink:href="#sSpan2364" value="ⲛϩⲉ"/>
		<feat xlink:href="#sSpan2370" value="ϥⲛⲁϫⲟⲟⲥ"/>
		<feat xlink:href="#sSpan2380" value="ϫⲉⲛⲧⲁⲓ̈ⲉⲓ̈"/>
		<feat xlink:href="#sSpan2394" value="ⲉⲧⲉϩⲙⲛ̄ⲣⲉϥⲣⲛⲟⲃⲉ"/>
		<feat xlink:href="#sSpan2409" value="ⲉⲩⲙⲉⲇⲁⲛⲟⲓ̈ⲁ"/>
		<feat xlink:href="#sSpan2420" value="·"/>
		<feat xlink:href="#sSpan2426" value="ⲏ"/>
		<feat xlink:href="#sSpan2433" value="ⲛⲧⲉⲧⲛⲛⲁⲩ"/>
		<feat xlink:href="#sSpan2441" value="ⲁⲛ"/>
		<feat xlink:href="#sSpan2446" value="ⲉⲡⲙⲁⲉⲓ̈ⲛ"/>
		<feat xlink:href="#sSpan2455" value="ⲙ̄ⲡⲉⲩⲟⲩⲱϣ"/>
		<feat xlink:href="#sSpan2465" value="ⲉϩⲟⲩⲛ"/>
		<feat xlink:href="#sSpan2469" value="ⲉⲡⲉⲛⲧⲁϥⲧⲁϩⲙⲟⲩ"/>
		<feat xlink:href="#sSpan2489" value="ⲉⲧⲉⲡⲁⲓ̈"/>
		<feat xlink:href="#sSpan2497" value="ⲡⲉ"/>
		<feat xlink:href="#sSpan2501" value="ϫⲉⲛⲉⲣⲉⲛⲧⲉⲗⲱⲛⲏⲥ"/>
		<feat xlink:href="#sSpan2515" value="ⲧⲉ"/>
		<feat xlink:href="#sSpan2520" value="ⲧⲏⲣⲟⲩ"/>
		<feat xlink:href="#sSpan2526" value="ⲙⲛⲛⲣⲉϥⲣⲛⲟⲃⲉ"/>
		<feat xlink:href="#sSpan2539" value="ϩⲏⲛ"/>
		<feat xlink:href="#sSpan2543" value="ⲉϩⲟⲩⲛ"/>
		<feat xlink:href="#sSpan2548" value="ⲉⲣⲟϥ"/>
		<feat xlink:href="#sSpan2554" value="·"/>
		<feat xlink:href="#sSpan2558" value="ϫⲉⲉⲩⲉⲥⲱⲧⲙ"/>
		<feat xlink:href="#sSpan2567" value="ⲉⲣⲟϥ"/>
		<feat xlink:href="#sSpan2573" value="·"/>
		<feat xlink:href="#sSpan2578" value="ⲉϣⲱⲡⲉ"/>
		<feat xlink:href="#sSpan2586" value="ⲙⲉⲛ"/>
		<feat xlink:href="#sSpan2590" value="ⲉⲕϣⲁⲛⲧⲉϩⲙⲟⲩⲁⲡⲉⲓ̈ⲥⲧⲟⲥ"/>
		<feat xlink:href="#sSpan2604" value="·"/>
		<feat xlink:href="#sSpan2608" value="ⲛϥⲉⲓ̈"/>
		<feat xlink:href="#sSpan2617" value="ⲉⲡⲇⲓ̈ⲡⲛⲟⲛ"/>
		<feat xlink:href="#sSpan2628" value="ⲙⲡⲉⲕⲛⲟⲩⲧⲉ"/>
		<feat xlink:href="#sSpan2638" value="·"/>
		<feat xlink:href="#sSpan2643" value="ⲛϥⲟⲩⲱⲙ"/>
		<feat xlink:href="#sSpan2652" value="ⲉⲃⲟⲗ"/>
		<feat xlink:href="#sSpan2657" value="ϩⲛⲛⲁⲅⲁⲑⲟⲛ"/>
		<feat xlink:href="#sSpan2668" value="ⲛⲧⲁϥϫⲟⲟⲩ"/>
		<feat xlink:href="#sSpan2681" value="ϫⲉⲁⲓ̈ⲥⲃⲧⲱⲧⲟⲩ"/>
		<feat xlink:href="#sSpan2694" value="·"/>
		<feat xlink:href="#sSpan2699" value="ⲉⲓ̈ⲉⲕⲁⲗⲱⲥ"/>
		<feat xlink:href="#sSpan2707" value="ⲉϥϣⲁⲛⲧⲁϩⲙⲉⲕ"/>
		<feat xlink:href="#sSpan2718" value="ⲉⲩⲇⲓ̈ⲡⲟⲛⲟⲛ"/>
		<feat xlink:href="#sSpan2729" value="ⲛϭⲉⲓⲟⲩⲁⲡⲉⲓ̈ⲥⲧⲟⲥ"/>
		<feat xlink:href="#sSpan2740" value="ⲛⲅⲟⲩⲱⲙ"/>
		<feat xlink:href="#sSpan2749" value="ϩⲱⲱⲕ"/>
		<feat xlink:href="#sSpan2755" value="ⲛⲙⲙⲁϥ"/>
		<feat xlink:href="#sSpan2762" value="ⲛ̄ⲑⲉ"/>
		<feat xlink:href="#sSpan2770" value="ⲙⲡⲉⲕϫⲟⲉⲓ̈ⲥ"/>
		<feat xlink:href="#sSpan2781" value="ⲓ︤ⲥ︥"/>
		<feat xlink:href="#sSpan2785" value="·"/>
		<feat xlink:href="#sSpan2791" value="ⲡⲉⲕⲁⲡⲟⲧ"/>
		<feat xlink:href="#sSpan2798" value="ⲡⲟⲣ︤ϫ︥"/>
		<feat xlink:href="#sSpan2802" value="ⲉⲃⲟⲗ"/>
		<feat xlink:href="#sSpan2807" value="ⲉⲡⲁⲡϩⲉⲗ"/></featList></paula>