<?xml version='1.0' encoding='UTF-8'?><!DOCTYPE paula SYSTEM "paula_feat.dtd">
<paula version="1.1">
	<header paula_id="scriptorium.shenoute.those.GF253-256.mark_orig"/>
	<featList xmlns:xlink="http://www.w3.org/1999/xlink" type="orig" xml:base="scriptorium.shenoute.those.GF253-256.mark.xml">
		<feat xlink:href="#sSpan3" value="ⲟⲩ"/>
		<feat xlink:href="#sSpan16" value="ⲉϫⲏⲕⲏⲥⲓⲥ"/>
		<feat xlink:href="#sSpan18" value="ⲉ"/>
		<feat xlink:href="#sSpan24" value="ⲁ"/>
		<feat xlink:href="#sSpan26" value="ϥ"/>
		<feat xlink:href="#sSpan28" value="ⲧⲁⲩⲟⲩⲟ"/>
		<feat xlink:href="#sSpan30" value="ⲥ"/>
		<feat xlink:href="#sSpan32" value="ⲉⲛ"/>
		<feat xlink:href="#sSpan37" value="ⲟⲩ"/>
		<feat xlink:href="#sSpan40" value="ϩⲟⲟⲩ"/>
		<feat xlink:href="#sSpan42" value="ϩⲙ"/>
		<feat xlink:href="#sSpan46" value="ⲡ"/>
		<feat xlink:href="#sSpan50" value="ⲧⲣⲉ"/>
		<feat xlink:href="#sSpan52" value="ϥ"/>
		<feat xlink:href="#sSpan54" value="ⲛⲁⲩ"/>
		<feat xlink:href="#sSpan56" value="ⲉ"/>
		<feat xlink:href="#sSpan60" value="ⲡ"/>
		<feat xlink:href="#sSpan63" value="ⲙⲏⲏϣⲉ"/>
		<feat xlink:href="#sSpan66" value="ⲉ"/>
		<feat xlink:href="#sSpan70" value="ⲩ"/>
		<feat xlink:href="#sSpan72" value="ⲏⲡ"/>
		<feat xlink:href="#sSpan74" value="ⲉ"/>
		<feat xlink:href="#sSpan78" value="ⲡ"/>
		<feat xlink:href="#sSpan81" value="ⲣⲱⲙⲉ"/>
		<feat xlink:href="#sSpan84" value="ⲉⲧ"/>
		<feat xlink:href="#sSpan88" value="ⲙⲡϣⲁ"/>
		<feat xlink:href="#sSpan90" value="ⲙ"/>
		<feat xlink:href="#sSpan94" value="ⲡ"/>
		<feat xlink:href="#sSpan97" value="ⲥⲁϩⲟⲩ"/>
		<feat xlink:href="#sSpan100" value="·"/>
		<feat xlink:href="#sSpan104" value="ⲉ"/>
		<feat xlink:href="#sSpan108" value="ϥ"/>
		<feat xlink:href="#sSpan110" value="ⲟⲩⲱϣ"/>
		<feat xlink:href="#sSpan112" value="ⲉ"/>
		<feat xlink:href="#sSpan116" value="ⲧⲣⲉ"/>
		<feat xlink:href="#sSpan119" value="ⲩ"/>
		<feat xlink:href="#sSpan121" value="ⲧⲁⲙⲟ"/>
		<feat xlink:href="#sSpan123" value="ϥ"/>
		<feat xlink:href="#sSpan125" value="ⲉ"/>
		<feat xlink:href="#sSpan129" value="ⲛ"/>
		<feat xlink:href="#sSpan132" value="ⲉⲧⲉ"/>
		<feat xlink:href="#sSpan135" value="ϥ"/>
		<feat xlink:href="#sSpan137" value="ϫⲱ"/>
		<feat xlink:href="#sSpan139" value="ⲙⲙⲟ"/>
		<feat xlink:href="#sSpan143" value="ⲟⲩ"/>
		<feat xlink:href="#sSpan145" value="·"/>
		<feat xlink:href="#sSpan149" value="ⲉⲧⲃⲏⲏⲧ"/>
		<feat xlink:href="#sSpan154" value="ϥ"/>
		<feat xlink:href="#sSpan156" value="ⲛ"/>
		<feat xlink:href="#sSpan160" value="ϩⲁϩ"/>
		<feat xlink:href="#sSpan163" value="ⲛ"/>
		<feat xlink:href="#sSpan166" value="ⲥⲟⲡ"/>
		<feat xlink:href="#sSpan168" value="·"/>
		<feat xlink:href="#sSpan172" value="ⲁⲩⲱ"/>
		<feat xlink:href="#sSpan176" value="ⲉ"/>
		<feat xlink:href="#sSpan180" value="ϥ"/>
		<feat xlink:href="#sSpan182" value="ⲟⲩⲱϣ"/>
		<feat xlink:href="#sSpan185" value="ⲉ"/>
		<feat xlink:href="#sSpan189" value="ⲧⲣⲉ"/>
		<feat xlink:href="#sSpan191" value="ⲛⲓ"/>
		<feat xlink:href="#sSpan194" value="ⲕⲟⲟⲩⲉ"/>
		<feat xlink:href="#sSpan196" value="ϩⲁⲣⲉϩ"/>
		<feat xlink:href="#sSpan201" value="ⲉⲣⲟ"/>
		<feat xlink:href="#sSpan205" value="ⲟⲩ"/>
		<feat xlink:href="#sSpan207" value="ⲉ"/>
		<feat xlink:href="#sSpan211" value="ⲛⲉ"/>
		<feat xlink:href="#sSpan214" value="ϩⲃⲏⲩⲉ"/>
		<feat xlink:href="#sSpan217" value="ⲙ"/>
		<feat xlink:href="#sSpan221" value="ⲡ"/>
		<feat xlink:href="#sSpan224" value="ⲉⲧ"/>
		<feat xlink:href="#sSpan226" value="ⲙⲙⲁⲩ"/>
		<feat xlink:href="#sSpan229" value=":"/>
		<feat xlink:href="#sSpan235" value="························"/>
		<feat xlink:href="#sSpan243" value="ⲡ"/>
		<feat xlink:href="#sSpan252" value="ⲛⲟⲩⲧⲉ"/>
		<feat xlink:href="#sSpan254" value="ϫⲱ"/>
		<feat xlink:href="#sSpan258" value="ⲙⲙⲟ"/>
		<feat xlink:href="#sSpan263" value="ⲥ"/>
		<feat xlink:href="#sSpan265" value="ϩ︤ⲛ︥"/>
		<feat xlink:href="#sSpan269" value="ⲛ"/>
		<feat xlink:href="#sSpan272" value="ⲉⲧⲉ"/>
		<feat xlink:href="#sSpan275" value="ⲛⲟⲩ"/>
		<feat xlink:href="#sSpan277" value="ϥ"/>
		<feat xlink:href="#sSpan279" value="ⲛⲉ"/>
		<feat xlink:href="#sSpan283" value="·"/>
		<feat xlink:href="#sSpan287" value="ϫⲉ"/>
		<feat xlink:href="#sSpan292" value="ⲛ̄ⲛⲉ"/>
		<feat xlink:href="#sSpan294" value="ϣⲏⲣⲉ"/>
		<feat xlink:href="#sSpan298" value="ⲙⲟⲩ"/>
		<feat xlink:href="#sSpan302" value="ϩⲁ"/>
		<feat xlink:href="#sSpan306" value="ⲉⲓ̈ⲟⲧⲉ"/>
		<feat xlink:href="#sSpan309" value="·"/>
		<feat xlink:href="#sSpan313" value="ⲁⲩⲱ"/>
		<feat xlink:href="#sSpan318" value="ϫⲉ"/>
		<feat xlink:href="#sSpan322" value="ⲛⲛⲉ"/>
		<feat xlink:href="#sSpan324" value="ⲛ"/>
		<feat xlink:href="#sSpan327" value="ⲉⲓⲟⲧⲉ"/>
		<feat xlink:href="#sSpan330" value="ⲟⲩⲉⲙ"/>
		<feat xlink:href="#sSpan335" value="ⲉⲗⲉⲗϩⲏⲙ̄ϫ"/>
		<feat xlink:href="#sSpan340" value="·"/>
		<feat xlink:href="#sSpan344" value="ⲛⲧⲉ"/>
		<feat xlink:href="#sSpan348" value="ⲛ̄"/>
		<feat xlink:href="#sSpan351" value="ⲛⲁϫϩⲉ"/>
		<feat xlink:href="#sSpan355" value="ⲛ︤"/>
		<feat xlink:href="#sSpan359" value="ⲛ︥"/>
		<feat xlink:href="#sSpan362" value="ϣⲏⲣⲉ"/>
		<feat xlink:href="#sSpan364" value="ⲛⲟⲩϭⲥ"/>
		<feat xlink:href="#sSpan369" value="·"/>
		<feat xlink:href="#sSpan374" value="ⲛ"/>
		<feat xlink:href="#sSpan381" value="ⲧⲉⲓ̈"/>
		<feat xlink:href="#sSpan383" value="ϩⲉ"/>
		<feat xlink:href="#sSpan385" value="ⲟⲛ"/>
		<feat xlink:href="#sSpan389" value="ⲙ̄ⲙⲛ"/>
		<feat xlink:href="#sSpan393" value="ϩⲙϩⲁⲗ"/>
		<feat xlink:href="#sSpan397" value="ⲙ"/>
		<feat xlink:href="#sSpan402" value="ⲡⲉⲓ̈ⲥⲧⲟⲥ"/>
		<feat xlink:href="#sSpan405" value="ⲛⲁ"/>
		<feat xlink:href="#sSpan409" value="ⲙⲟⲩ"/>
		<feat xlink:href="#sSpan411" value="ϩⲁ"/>
		<feat xlink:href="#sSpan415" value="ϩⲉⲛ"/>
		<feat xlink:href="#sSpan418" value="ϫⲉⲓ̈ⲥⲟⲟⲩⲉ"/>
		<feat xlink:href="#sSpan421" value="ⲛ"/>
		<feat xlink:href="#sSpan426" value="ⲁⲡⲉⲓ̈ⲥⲧⲟⲥ"/>
		<feat xlink:href="#sSpan429" value="·"/>
		<feat xlink:href="#sSpan435" value="ⲟⲩⲇⲉ"/>
		<feat xlink:href="#sSpan440" value="ⲙ"/>
		<feat xlink:href="#sSpan445" value="ⲙⲛⲧⲁⲥⲉⲃⲏⲥ"/>
		<feat xlink:href="#sSpan450" value="ⲛ"/>
		<feat xlink:href="#sSpan455" value="ϩⲉⲛ"/>
		<feat xlink:href="#sSpan458" value="ϫⲉⲓⲥⲟⲟⲩⲉ"/>
		<feat xlink:href="#sSpan460" value="ⲉ"/>
		<feat xlink:href="#sSpan464" value="ⲛ"/>
		<feat xlink:href="#sSpan469" value="ⲁⲧⲛⲟⲩⲧⲉ"/>
		<feat xlink:href="#sSpan472" value="·"/>
		<feat xlink:href="#sSpan476" value="ⲉ"/>
		<feat xlink:href="#sSpan480" value="ⲩ"/>
		<feat xlink:href="#sSpan482" value="ⲟⲩⲱϣⲧ"/>
		<feat xlink:href="#sSpan485" value="ⲛ"/>
		<feat xlink:href="#sSpan489" value="ϩⲉⲛ"/>
		<feat xlink:href="#sSpan492" value="ϣⲉ"/>
		<feat xlink:href="#sSpan495" value="·"/>
		<feat xlink:href="#sSpan499" value="ⲙⲛ"/>
		<feat xlink:href="#sSpan503" value="ϩⲉⲛ"/>
		<feat xlink:href="#sSpan506" value="ⲱⲛⲉ"/>
		<feat xlink:href="#sSpan509" value="·"/>
		<feat xlink:href="#sSpan513" value="ⲛ"/>
		<feat xlink:href="#sSpan517" value="ⲥⲉ"/>
		<feat xlink:href="#sSpan519" value="ⲛⲁ"/>
		<feat xlink:href="#sSpan521" value="ⲉⲓ̈"/>
		<feat xlink:href="#sSpan523" value="ⲁⲛ"/>
		<feat xlink:href="#sSpan527" value="ⲉϫⲛ"/>
		<feat xlink:href="#sSpan532" value="ϩⲛ"/>
		<feat xlink:href="#sSpan535" value="ϩⲙϩⲁⲗ"/>
		<feat xlink:href="#sSpan537" value="·"/>
		<feat xlink:href="#sSpan541" value="ⲉⲣⲉ"/>
		<feat xlink:href="#sSpan546" value="ⲧⲉⲩ"/>
		<feat xlink:href="#sSpan550" value="ϩⲉⲗⲡⲉⲓ̈ⲥ"/>
		<feat xlink:href="#sSpan552" value="ϩⲙ"/>
		<feat xlink:href="#sSpan557" value="ⲡ"/>
		<feat xlink:href="#sSpan560" value="ⲛⲟⲩⲧⲉ"/>
		<feat xlink:href="#sSpan562" value="ⲙⲛ"/>
		<feat xlink:href="#sSpan566" value="ⲡⲉϥ"/>
		<feat xlink:href="#sSpan571" value="ⲭ︤ⲥ︥"/>
		<feat xlink:href="#sSpan574" value="ⲓ︤ⲥ︥"/>
		<feat xlink:href="#sSpan578" value="·"/>
		<feat xlink:href="#sSpan583" value="ⲧ"/>
		<feat xlink:href="#sSpan592" value="ⲁⲙⲉⲗⲓⲁ"/>
		<feat xlink:href="#sSpan595" value="ⲛ"/>
		<feat xlink:href="#sSpan599" value="ϩⲉⲛ"/>
		<feat xlink:href="#sSpan602" value="ϫⲉⲓ̈ⲥⲟⲟⲩⲉ"/>
		<feat xlink:href="#sSpan605" value="ⲛ"/>
		<feat xlink:href="#sSpan610" value="ⲁⲡⲉⲓ̈ⲥⲧⲟⲥ"/>
		<feat xlink:href="#sSpan612" value="ⲁⲩⲱ"/>
		<feat xlink:href="#sSpan617" value="ⲛ"/>
		<feat xlink:href="#sSpan623" value="ⲣⲉϥϫⲓ̈"/>
		<feat xlink:href="#sSpan626" value="ⲛ"/>
		<feat xlink:href="#sSpan630" value="ϭⲟⲛⲥ"/>
		<feat xlink:href="#sSpan633" value="·"/>
		<feat xlink:href="#sSpan637" value="ⲉ"/>
		<feat xlink:href="#sSpan641" value="ⲥ"/>
		<feat xlink:href="#sSpan643" value="ⲛⲁ"/>
		<feat xlink:href="#sSpan645" value="ϣⲱⲡⲉ"/>
		<feat xlink:href="#sSpan648" value="ⲉϩⲣⲁⲓ̈"/>
		<feat xlink:href="#sSpan652" value="ⲉϫⲱ"/>
		<feat xlink:href="#sSpan656" value="ⲟⲩ"/>
		<feat xlink:href="#sSpan658" value="·"/>
		<feat xlink:href="#sSpan663" value="ⲁⲩⲱ"/>
		<feat xlink:href="#sSpan668" value="ⲧ"/>
		<feat xlink:href="#sSpan674" value="ⲇⲓ̈ⲕⲁⲓ̈ⲟⲥⲩⲛⲏ"/>
		<feat xlink:href="#sSpan677" value="ⲛ"/>
		<feat xlink:href="#sSpan681" value="ϩⲛ"/>
		<feat xlink:href="#sSpan684" value="ϩⲙϩⲁⲗ"/>
		<feat xlink:href="#sSpan686" value="ⲙ"/>
		<feat xlink:href="#sSpan692" value="ⲡⲓ̈ⲥⲧⲟⲥ"/>
		<feat xlink:href="#sSpan694" value="ⲛⲁ"/>
		<feat xlink:href="#sSpan698" value="ⲉⲓ̈"/>
		<feat xlink:href="#sSpan701" value="ⲉϩⲣⲁⲓ"/>
		<feat xlink:href="#sSpan706" value="ⲉϫⲱ"/>
		<feat xlink:href="#sSpan710" value="ⲟⲩ"/>
		<feat xlink:href="#sSpan712" value="·"/>
		<feat xlink:href="#sSpan717" value="ⲙⲙⲛ"/>
		<feat xlink:href="#sSpan725" value="ⲙⲛⲧϩⲙϩⲁⲗ"/>
		<feat xlink:href="#sSpan731" value="ϣⲟⲟⲡ"/>
		<feat xlink:href="#sSpan738" value="ϩⲙ"/>
		<feat xlink:href="#sSpan742" value="ⲡ"/>
		<feat xlink:href="#sSpan745" value="ⲙⲁ"/>
		<feat xlink:href="#sSpan747" value="ⲉⲧ"/>
		<feat xlink:href="#sSpan752" value="ⲛ"/>
		<feat xlink:href="#sSpan754" value="ⲛⲁ"/>
		<feat xlink:href="#sSpan756" value="ⲃⲱⲕ"/>
		<feat xlink:href="#sSpan758" value="ⲉⲣⲟ"/>
		<feat xlink:href="#sSpan763" value="ϥ"/>
		<feat xlink:href="#sSpan765" value="·"/>
		<feat xlink:href="#sSpan769" value="ⲛ"/>
		<feat xlink:href="#sSpan773" value="ⲛ"/>
		<feat xlink:href="#sSpan776" value="ⲉⲧ"/>
		<feat xlink:href="#sSpan778" value="ⲛⲁ"/>
		<feat xlink:href="#sSpan780" value="ⲁⲁ"/>
		<feat xlink:href="#sSpan783" value="ⲩ"/>
		<feat xlink:href="#sSpan785" value="ⲧⲉⲛⲟⲩ"/>
		<feat xlink:href="#sSpan789" value="ⲛ"/>
		<feat xlink:href="#sSpan793" value="ⲣⲙϩⲉ"/>
		<feat xlink:href="#sSpan797" value="ⲉⲃⲟⲗ"/>
		<feat xlink:href="#sSpan802" value="ϩⲛ"/>
		<feat xlink:href="#sSpan806" value="ⲧ"/>
		<feat xlink:href="#sSpan810" value="ⲙⲛⲧϩⲙϩⲁⲗ"/>
		<feat xlink:href="#sSpan814" value="ⲙ̄"/>
		<feat xlink:href="#sSpan818" value="ⲡ"/>
		<feat xlink:href="#sSpan821" value="ⲛⲟⲃⲉ"/>
		<feat xlink:href="#sSpan823" value="·"/>
		<feat xlink:href="#sSpan828" value="ⲛ̄"/>
		<feat xlink:href="#sSpan837" value="ϩⲟⲥⲟⲛ"/>
		<feat xlink:href="#sSpan839" value="ϭⲉ"/>
		<feat xlink:href="#sSpan843" value="ⲉⲣⲉ"/>
		<feat xlink:href="#sSpan847" value="ⲡ"/>
		<feat xlink:href="#sSpan850" value="ⲟⲩⲁ"/>
		<feat xlink:href="#sSpan852" value="ⲡ"/>
		<feat xlink:href="#sSpan857" value="ⲟⲩⲁ"/>
		<feat xlink:href="#sSpan859" value="ⲛⲁ"/>
		<feat xlink:href="#sSpan864" value="ϯⲗⲟⲅⲟⲥ"/>
		<feat xlink:href="#sSpan868" value="ϩⲁⲣⲟ"/>
		<feat xlink:href="#sSpan873" value="ϥ"/>
		<feat xlink:href="#sSpan875" value="ⲙ"/>
		<feat xlink:href="#sSpan879" value="ⲡ"/>
		<feat xlink:href="#sSpan882" value="ⲛⲟⲩⲧⲉ"/>
		<feat xlink:href="#sSpan885" value="ⲥⲱⲧⲙ"/>
		<feat xlink:href="#sSpan890" value="ⲛⲥⲁ"/>
		<feat xlink:href="#sSpan895" value="ⲡ"/>
		<feat xlink:href="#sSpan899" value="ⲉⲧ"/>
		<feat xlink:href="#sSpan901" value="ⲥⲏϩ"/>
		<feat xlink:href="#sSpan903" value="·"/>
		<feat xlink:href="#sSpan907" value="ϫⲉ"/>
		<feat xlink:href="#sSpan911" value="ⲥⲁϩⲱ"/>
		<feat xlink:href="#sSpan914" value="ⲧⲛ̄"/>
		<feat xlink:href="#sSpan916" value="ⲉⲃⲟⲗ"/>
		<feat xlink:href="#sSpan920" value="·"/>
		<feat xlink:href="#sSpan924" value="ⲥⲁϩⲱ"/>
		<feat xlink:href="#sSpan929" value="ⲧⲛ"/>
		<feat xlink:href="#sSpan931" value="ⲉⲃⲟⲗ"/>
		<feat xlink:href="#sSpan935" value="·"/>
		<feat xlink:href="#sSpan939" value="ⲙⲡⲣ"/>
		<feat xlink:href="#sSpan944" value="ϫⲱϩ"/>
		<feat xlink:href="#sSpan946" value="ⲉ"/>
		<feat xlink:href="#sSpan952" value="ⲅⲁⲑⲁⲣⲧⲟⲛ"/>
		<feat xlink:href="#sSpan956" value="·"/>
		<feat xlink:href="#sSpan961" value="ⲙⲡⲣ"/>
		<feat xlink:href="#sSpan969" value="ⲕⲟⲓ̈ⲛⲱⲛⲉⲓ̈"/>
		<feat xlink:href="#sSpan971" value="ⲉ"/>
		<feat xlink:href="#sSpan975" value="ⲛⲉ"/>
		<feat xlink:href="#sSpan979" value="ϩⲃⲏⲩⲉ"/>
		<feat xlink:href="#sSpan981" value="ⲛ"/>
		<feat xlink:href="#sSpan985" value="ⲛ"/>
		<feat xlink:href="#sSpan988" value="ⲉⲧ"/>
		<feat xlink:href="#sSpan991" value="ⲟ"/>
		<feat xlink:href="#sSpan993" value="ⲛ"/>
		<feat xlink:href="#sSpan997" value="ϩⲙϩⲁⲗ"/>
		<feat xlink:href="#sSpan1000" value="ⲛ"/>
		<feat xlink:href="#sSpan1005" value="ⲕⲣⲟⲛⲟⲥ"/>
		<feat xlink:href="#sSpan1009" value="·"/>
		<feat xlink:href="#sSpan1013" value="ⲉⲧ"/>
		<feat xlink:href="#sSpan1017" value="ⲙⲉ"/>
		<feat xlink:href="#sSpan1019" value="ⲁⲩⲱ"/>
		<feat xlink:href="#sSpan1024" value="ⲉⲧ"/>
		<feat xlink:href="#sSpan1028" value="ⲗⲟⲃⲉ"/>
		<feat xlink:href="#sSpan1030" value="ⲛⲥⲁ"/>
		<feat xlink:href="#sSpan1034" value="ⲑ"/>
		<feat xlink:href="#sSpan1039" value="ⲉⲕⲁⲧⲏ"/>
		<feat xlink:href="#sSpan1041" value="ⲉ"/>
		<feat xlink:href="#sSpan1045" value="ϭⲱϣⲧ"/>
		<feat xlink:href="#sSpan1047" value="ⲉϩⲟⲩⲛ"/>
		<feat xlink:href="#sSpan1052" value="ⲉϩⲣⲁ"/>
		<feat xlink:href="#sSpan1056" value="ⲥ"/>
		<feat xlink:href="#sSpan1058" value="·"/>
		<feat xlink:href="#sSpan1062" value="ⲧⲉ"/>
		<feat xlink:href="#sSpan1067" value="ⲥⲙⲟⲧ"/>
		<feat xlink:href="#sSpan1070" value="ⲙ"/>
		<feat xlink:href="#sSpan1075" value="ⲡⲟⲣⲛⲏ"/>
		<feat xlink:href="#sSpan1078" value="·"/>
		<feat xlink:href="#sSpan1082" value="ϫⲉ"/>
		<feat xlink:href="#sSpan1087" value="ⲛⲛⲉ"/>
		<feat xlink:href="#sSpan1089" value="ⲡ"/>
		<feat xlink:href="#sSpan1092" value="ⲉⲧ"/>
		<feat xlink:href="#sSpan1094" value="ⲙⲟⲥⲧⲉ"/>
		<feat xlink:href="#sSpan1098" value="ⲛ"/>
		<feat xlink:href="#sSpan1102" value="ⲛ"/>
		<feat xlink:href="#sSpan1105" value="ⲉⲧ"/>
		<feat xlink:href="#sSpan1107" value="ⲙⲙⲁⲩ"/>
		<feat xlink:href="#sSpan1110" value="ⲓ︤ⲥ︥"/>
		<feat xlink:href="#sSpan1116" value="ⲙⲉⲥⲧⲉ"/>
		<feat xlink:href="#sSpan1120" value="ⲧⲏⲩⲧⲛ"/>
		<feat xlink:href="#sSpan1123" value="ⲛⲙⲙⲁ"/>
		<feat xlink:href="#sSpan1127" value="ⲩ"/>
		<feat xlink:href="#sSpan1129" value="·"/>
		<feat xlink:href="#sSpan1134" value="ⲁⲩⲱ"/>
		<feat xlink:href="#sSpan1141" value="ⲁ"/>
		<feat xlink:href="#sSpan1145" value="ⲡⲉ"/>
		<feat xlink:href="#sSpan1148" value="ⲥϩⲁⲓ̈"/>
		<feat xlink:href="#sSpan1150" value="ⲉⲧ"/>
		<feat xlink:href="#sSpan1155" value="ⲟⲩⲁⲁⲃ"/>
		<feat xlink:href="#sSpan1157" value="ϫⲟⲟ"/>
		<feat xlink:href="#sSpan1161" value="ⲥ"/>
		<feat xlink:href="#sSpan1163" value="ϫⲉ"/>
		<feat xlink:href="#sSpan1168" value="ⲁ"/>
		<feat xlink:href="#sSpan1170" value="ⲛ"/>
		<feat xlink:href="#sSpan1174" value="ⲁⲅⲅⲉⲗⲟⲥ"/>
		<feat xlink:href="#sSpan1176" value="ϣⲁϫⲉ"/>
		<feat xlink:href="#sSpan1181" value="ⲙⲛ"/>
		<feat xlink:href="#sSpan1186" value="ⲗⲱⲧ"/>
		<feat xlink:href="#sSpan1189" value="ⲉ"/>
		<feat xlink:href="#sSpan1194" value="ⲧⲣⲉ"/>
		<feat xlink:href="#sSpan1196" value="ϥ"/>
		<feat xlink:href="#sSpan1198" value="ⲉⲓ̈"/>
		<feat xlink:href="#sSpan1201" value="ⲉⲃⲟⲗ"/>
		<feat xlink:href="#sSpan1205" value="ϩⲛ"/>
		<feat xlink:href="#sSpan1210" value="ⲥⲟⲇⲟⲙⲁ"/>
		<feat xlink:href="#sSpan1215" value="ⲧⲁⲭⲏ"/>
		<feat xlink:href="#sSpan1219" value="ⲉ"/>
		<feat xlink:href="#sSpan1224" value="ⲩ"/>
		<feat xlink:href="#sSpan1227" value="ⲧⲉⲓ̈ⲥⲟ"/>
		<feat xlink:href="#sSpan1230" value="ⲉⲣⲟ"/>
		<feat xlink:href="#sSpan1234" value="ϥ"/>
		<feat xlink:href="#sSpan1236" value="ϫⲉ"/>
		<feat xlink:href="#sSpan1240" value="ⲛⲛⲉ"/>
		<feat xlink:href="#sSpan1243" value="ϥ"/>
		<feat xlink:href="#sSpan1245" value="ⲧⲁⲕⲟ"/>
		<feat xlink:href="#sSpan1247" value="ⲛⲙⲙⲁ"/>
		<feat xlink:href="#sSpan1252" value="ⲩ"/>
		<feat xlink:href="#sSpan1254" value="·"/>
		<feat xlink:href="#sSpan1259" value="ⲉ"/>
		<feat xlink:href="#sSpan1266" value="ⲩ"/>
		<feat xlink:href="#sSpan1268" value="ϫⲱ"/>
		<feat xlink:href="#sSpan1270" value="ⲙⲙⲟ"/>
		<feat xlink:href="#sSpan1274" value="ⲥ"/>
		<feat xlink:href="#sSpan1276" value="ⲛⲁ"/>
		<feat xlink:href="#sSpan1280" value="ⲕ"/>
		<feat xlink:href="#sSpan1282" value="ⲧⲉⲛⲟⲩ"/>
		<feat xlink:href="#sSpan1287" value="ϩⲱⲱ"/>
		<feat xlink:href="#sSpan1291" value="ⲕ"/>
		<feat xlink:href="#sSpan1294" value="ⲱ̄"/>
		<feat xlink:href="#sSpan1299" value="ⲡ"/>
		<feat xlink:href="#sSpan1304" value="ⲣⲱⲙⲉ"/>
		<feat xlink:href="#sSpan1306" value="ⲉⲃⲟⲗ"/>
		<feat xlink:href="#sSpan1310" value="ϩⲉⲓ̈ⲧⲙ"/>
		<feat xlink:href="#sSpan1315" value="ⲡ"/>
		<feat xlink:href="#sSpan1319" value="ⲗⲟⲅⲟⲥ"/>
		<feat xlink:href="#sSpan1321" value="ⲙ"/>
		<feat xlink:href="#sSpan1326" value="ⲡ"/>
		<feat xlink:href="#sSpan1329" value="ⲛⲟⲩⲧⲉ"/>
		<feat xlink:href="#sSpan1331" value="·"/>
		<feat xlink:href="#sSpan1335" value="ⲁⲩⲱ"/>
		<feat xlink:href="#sSpan1339" value="ⲛ︤"/>
		<feat xlink:href="#sSpan1344" value="ⲅ︥"/>
		<feat xlink:href="#sSpan1346" value="ⲥⲁϩⲱⲱ"/>
		<feat xlink:href="#sSpan1348" value="ⲕ"/>
		<feat xlink:href="#sSpan1350" value="ⲉⲃⲟⲗ"/>
		<feat xlink:href="#sSpan1355" value="ⲛ"/>
		<feat xlink:href="#sSpan1359" value="ⲛⲉⲩ"/>
		<feat xlink:href="#sSpan1362" value="ⲛⲟⲃⲉ"/>
		<feat xlink:href="#sSpan1364" value="ϫⲉ"/>
		<feat xlink:href="#sSpan1369" value="ⲛ̄ⲛⲉ"/>
		<feat xlink:href="#sSpan1371" value="ϥ"/>
		<feat xlink:href="#sSpan1373" value="ⲁⲁ"/>
		<feat xlink:href="#sSpan1375" value="ⲕ"/>
		<feat xlink:href="#sSpan1377" value="ⲛ"/>
		<feat xlink:href="#sSpan1381" value="ⲧⲉⲩ"/>
		<feat xlink:href="#sSpan1384" value="ϩⲉ"/>
		<feat xlink:href="#sSpan1386" value="·"/>
		<feat xlink:href="#sSpan1390" value="ⲁⲩⲱ"/>
		<feat xlink:href="#sSpan1394" value="ⲛ︤"/>
		<feat xlink:href="#sSpan1398" value="ϥ︥"/>
		<feat xlink:href="#sSpan1400" value="ⲃⲟⲧ"/>
		<feat xlink:href="#sSpan1403" value="ⲕ"/>
		<feat xlink:href="#sSpan1405" value="ⲉⲃⲟⲗ"/>
		<feat xlink:href="#sSpan1409" value="ⲛⲙⲙⲁ"/>
		<feat xlink:href="#sSpan1415" value="ⲩ"/>
		<feat xlink:href="#sSpan1417" value="."/>
		<feat xlink:href="#sSpan1422" value="ⲟⲩⲛ"/>
		<feat xlink:href="#sSpan1430" value="ⲟⲩ"/>
		<feat xlink:href="#sSpan1434" value="ⲙⲛⲧϭⲱⲃ"/>
		<feat xlink:href="#sSpan1437" value="ϣⲟⲟⲡ"/>
		<feat xlink:href="#sSpan1443" value="ⲉⲓ̈ⲕⲏ"/>
		<feat xlink:href="#sSpan1447" value="ⲙ̄"/>
		<feat xlink:href="#sSpan1452" value="ⲡ"/>
		<feat xlink:href="#sSpan1458" value="ⲉⲧ"/>
		<feat xlink:href="#sSpan1460" value="ⲛⲁ"/>
		<feat xlink:href="#sSpan1462" value="ⲉⲓ̈"/>
		<feat xlink:href="#sSpan1465" value="ⲉϩⲣⲁⲓ̈"/>
		<feat xlink:href="#sSpan1469" value="ⲉⲣⲟ"/>
		<feat xlink:href="#sSpan1474" value="ⲥ"/>
		<feat xlink:href="#sSpan1476" value="ⲉⲧⲉ"/>
		<feat xlink:href="#sSpan1480" value="ⲡⲁⲓ"/>
		<feat xlink:href="#sSpan1483" value="ⲡⲉ"/>
		<feat xlink:href="#sSpan1487" value="ⲉ"/>
		<feat xlink:href="#sSpan1492" value="ⲧⲣⲉ"/>
		<feat xlink:href="#sSpan1494" value="ϩⲉⲛ"/>
		<feat xlink:href="#sSpan1497" value="ⲣⲱⲙⲉ"/>
		<feat xlink:href="#sSpan1499" value="ⲛ"/>
		<feat xlink:href="#sSpan1504" value="ⲧⲛ"/>
		<feat xlink:href="#sSpan1507" value="ⲙⲉⲓⲛⲉ"/>
		<feat xlink:href="#sSpan1509" value="ⲉ"/>
		<feat xlink:href="#sSpan1513" value="ⲩ"/>
		<feat xlink:href="#sSpan1515" value="ϫⲱ"/>
		<feat xlink:href="#sSpan1518" value="ⲙⲙⲟ"/>
		<feat xlink:href="#sSpan1522" value="ⲥ"/>
		<feat xlink:href="#sSpan1524" value="·"/>
		<feat xlink:href="#sSpan1528" value="ϫⲉ"/>
		<feat xlink:href="#sSpan1532" value="ⲧⲛ"/>
		<feat xlink:href="#sSpan1534" value="ⲙⲉ"/>
		<feat xlink:href="#sSpan1537" value="ⲙ"/>
		<feat xlink:href="#sSpan1541" value="ⲡ"/>
		<feat xlink:href="#sSpan1544" value="ⲉⲛⲧ"/>
		<feat xlink:href="#sSpan1546" value="ⲁ"/>
		<feat xlink:href="#sSpan1548" value="ϥ"/>
		<feat xlink:href="#sSpan1551" value="ϯⲥⲟⲟⲩⲛ"/>
		<feat xlink:href="#sSpan1555" value="ⲛⲁ"/>
		<feat xlink:href="#sSpan1559" value="ⲛ"/>
		<feat xlink:href="#sSpan1561" value="ⲡⲉ"/>
		<feat xlink:href="#sSpan1566" value="ⲭ︤ⲥ︥"/>
		<feat xlink:href="#sSpan1571" value="·"/>
		<feat xlink:href="#sSpan1576" value="ϫⲉⲓ̈ⲇⲱⲣⲟⲛ"/>
		<feat xlink:href="#sSpan1583" value="ⲛ"/>
		<feat xlink:href="#sSpan1587" value="ⲗⲁⲁⲩ"/>
		<feat xlink:href="#sSpan1590" value="ⲛ"/>
		<feat xlink:href="#sSpan1594" value="ϩⲛⲟ"/>
		<feat xlink:href="#sSpan1598" value="ϩⲟⲗⲱⲥ"/>
		<feat xlink:href="#sSpan1602" value="ⲛⲧⲟⲟⲧ"/>
		<feat xlink:href="#sSpan1607" value="ⲟⲩ"/>
		<feat xlink:href="#sSpan1609" value="ⲛ"/>
		<feat xlink:href="#sSpan1613" value="ϩⲉⲛ"/>
		<feat xlink:href="#sSpan1616" value="ⲣⲱⲙⲉ"/>
		<feat xlink:href="#sSpan1619" value="ⲛ"/>
		<feat xlink:href="#sSpan1624" value="ⲁⲧⲛⲟⲩⲧⲉ"/>
		<feat xlink:href="#sSpan1628" value="·"/>
		<feat xlink:href="#sSpan1633" value="ⲏ"/>
		<feat xlink:href="#sSpan1637" value="ⲛⲧⲟϥ"/>
		<feat xlink:href="#sSpan1641" value="ⲛⲧⲉ"/>
		<feat xlink:href="#sSpan1646" value="ⲛ"/>
		<feat xlink:href="#sSpan1648" value="ϫⲉ"/>
		<feat xlink:href="#sSpan1650" value="ⲩ"/>
		<feat xlink:href="#sSpan1654" value="ⲇⲱⲣⲟⲛ"/>
		<feat xlink:href="#sSpan1656" value="ⲛⲁ"/>
		<feat xlink:href="#sSpan1661" value="ⲩ"/>
		<feat xlink:href="#sSpan1663" value="·"/>
		<feat xlink:href="#sSpan1667" value="ⲛ"/>
		<feat xlink:href="#sSpan1671" value="ⲕⲱ"/>
		<feat xlink:href="#sSpan1673" value="ⲛⲁ"/>
		<feat xlink:href="#sSpan1677" value="ⲛ"/>
		<feat xlink:href="#sSpan1679" value="ⲛ"/>
		<feat xlink:href="#sSpan1684" value="ⲟⲩ"/>
		<feat xlink:href="#sSpan1688" value="ⲙⲛ̄ⲧϣⲃ︤ⲣ︥"/>
		<feat xlink:href="#sSpan1691" value="ⲙⲛ"/>
		<feat xlink:href="#sSpan1696" value="ⲛ"/>
		<feat xlink:href="#sSpan1699" value="ϫⲁϫⲉ"/>
		<feat xlink:href="#sSpan1701" value="ⲙ"/>
		<feat xlink:href="#sSpan1706" value="ⲡⲉ"/>
		<feat xlink:href="#sSpan1711" value="ⲭ︤ⲥ︥"/>
		<feat xlink:href="#sSpan1713" value="·"/>
		<feat xlink:href="#sSpan1717" value="ⲉ"/>
		<feat xlink:href="#sSpan1723" value="ⲩ"/>
		<feat xlink:href="#sSpan1726" value="{ⲟⲩ}ⲟⲩⲟⲛϩ"/>
		<feat xlink:href="#sSpan1730" value="ⲉⲃⲟⲗ"/>
		<feat xlink:href="#sSpan1734" value="ⲉ"/>
		<feat xlink:href="#sSpan1738" value="ⲛⲉⲛ"/>
		<feat xlink:href="#sSpan1741" value="ⲣⲱⲙⲉ"/>
		<feat xlink:href="#sSpan1745" value="ⲏ"/>
		<feat xlink:href="#sSpan1749" value="ϩⲉⲛ"/>
		<feat xlink:href="#sSpan1754" value="ⲙⲏⲏϣⲉ"/>
		<feat xlink:href="#sSpan1758" value="ⲛ"/>
		<feat xlink:href="#sSpan1762" value="ⲣⲱⲙⲉ"/>
		<feat xlink:href="#sSpan1764" value="ϫⲉ"/>
		<feat xlink:href="#sSpan1769" value="ϩⲉⲛ"/>
		<feat xlink:href="#sSpan1773" value="ⲣⲉϥϣⲙϣⲉⲉⲓ̈ⲇⲱⲗⲟⲛ"/>
		<feat xlink:href="#sSpan1779" value="ⲛⲉ"/>
		<feat xlink:href="#sSpan1785" value="ⲉ"/>
		<feat xlink:href="#sSpan1789" value="ⲩ"/>
		<feat xlink:href="#sSpan1791" value="ⲟⲩⲱϣⲧ"/>
		<feat xlink:href="#sSpan1793" value="ⲉⲛ"/>
		<feat xlink:href="#sSpan1798" value="ⲉⲛ"/>
		<feat xlink:href="#sSpan1802" value="ϩⲉⲓ̈ⲕⲱⲛ"/>
		<feat xlink:href="#sSpan1804" value="ⲛ̄"/>
		<feat xlink:href="#sSpan1809" value="ⲇⲁⲓ̈ⲙⲟⲛⲉⲓ̈ⲟⲛ"/>
		<feat xlink:href="#sSpan1813" value="ⲁⲩⲱ"/>
		<feat xlink:href="#sSpan1818" value="ⲉ"/>
		<feat xlink:href="#sSpan1822" value="ⲩ"/>
		<feat xlink:href="#sSpan1824" value="ϫⲱ"/>
		<feat xlink:href="#sSpan1826" value="ⲙⲙⲟ"/>
		<feat xlink:href="#sSpan1831" value="ⲥ"/>
		<feat xlink:href="#sSpan1833" value="ϩⲛ"/>
		<feat xlink:href="#sSpan1837" value="ⲧⲉⲩ"/>
		<feat xlink:href="#sSpan1841" value="ⲙⲛⲧⲧⲟⲗⲙⲉⲣⲟⲥ"/>
		<feat xlink:href="#sSpan1846" value="·"/>
		<feat xlink:href="#sSpan1850" value="ϫⲉ"/>
		<feat xlink:href="#sSpan1854" value="ⲛ"/>
		<feat xlink:href="#sSpan1857" value="ⲑ"/>
		<feat xlink:href="#sSpan1859" value="ⲉ"/>
		<feat xlink:href="#sSpan1861" value="ⲉⲧ"/>
		<feat xlink:href="#sSpan1865" value="ⲉⲛ"/>
		<feat xlink:href="#sSpan1867" value="ⲛⲁ"/>
		<feat xlink:href="#sSpan1869" value="ⲉϣ"/>
		<feat xlink:href="#sSpan1872" value="ⲡⲉⲉⲛⲉ"/>
		<feat xlink:href="#sSpan1874" value="ⲧⲏⲩⲧⲛ"/>
		<feat xlink:href="#sSpan1877" value="ⲁⲛ"/>
		<feat xlink:href="#sSpan1881" value="ⲉ"/>
		<feat xlink:href="#sSpan1886" value="ⲉⲣϩⲉⲗⲗⲏⲛ"/>
		<feat xlink:href="#sSpan1891" value="ⲛ"/>
		<feat xlink:href="#sSpan1896" value="ⲧⲉⲧⲛ"/>
		<feat xlink:href="#sSpan1898" value="ⲛⲁ"/>
		<feat xlink:href="#sSpan1900" value="ⲉϣ"/>
		<feat xlink:href="#sSpan1902" value="ⲡⲟⲟⲛⲉ"/>
		<feat xlink:href="#sSpan1906" value="ⲛ"/>
		<feat xlink:href="#sSpan1909" value="ⲁⲛ"/>
		<feat xlink:href="#sSpan1913" value="ⲉ"/>
		<feat xlink:href="#sSpan1919" value="ⲉⲣⲭⲣⲓ̈ⲥⲧⲉⲓ̈ⲁⲛⲟⲥ"/>
		<feat xlink:href="#sSpan1924" value="·"/>
		<feat xlink:href="#sSpan1929" value="ⲡ"/>
		<feat xlink:href="#sSpan1938" value="ⲉⲧ"/>
		<feat xlink:href="#sSpan1940" value="ⲟⲩⲱϣⲧ"/>
		<feat xlink:href="#sSpan1943" value="ⲅⲁⲣ"/>
		<feat xlink:href="#sSpan1947" value="ⲛ"/>
		<feat xlink:href="#sSpan1952" value="ϩⲉⲛ"/>
		<feat xlink:href="#sSpan1955" value="ⲣⲱⲙⲉ"/>
		<feat xlink:href="#sSpan1957" value="ⲉⲛ"/>
		<feat xlink:href="#sSpan1963" value="ⲁⲧⲛⲟⲩⲧⲉ"/>
		<feat xlink:href="#sSpan1966" value="·"/>
		<feat xlink:href="#sSpan1970" value="ⲉ"/>
		<feat xlink:href="#sSpan1975" value="ϥ"/>
		<feat xlink:href="#sSpan1977" value="ⲟⲩⲱϣⲧ"/>
		<feat xlink:href="#sSpan1979" value="ⲙ"/>
		<feat xlink:href="#sSpan1983" value="ⲡ"/>
		<feat xlink:href="#sSpan1986" value="ⲉⲧ"/>
		<feat xlink:href="#sSpan1989" value="ⲟⲩⲏϩ"/>
		<feat xlink:href="#sSpan1991" value="ⲛϩⲏⲧ"/>
		<feat xlink:href="#sSpan1995" value="ⲟⲩ"/>
		<feat xlink:href="#sSpan1997" value="ⲡ"/>
		<feat xlink:href="#sSpan2004" value="ⲇⲓ̈ⲁⲃⲟⲗⲟⲥ"/>
		<feat xlink:href="#sSpan2006" value="·"/>
		<feat xlink:href="#sSpan2010" value="ⲁⲩⲱ"/>
		<feat xlink:href="#sSpan2014" value="ⲉ"/>
		<feat xlink:href="#sSpan2019" value="ϥ"/>
		<feat xlink:href="#sSpan2022" value="ⲧⲉⲓ̈ⲡⲉⲓ̈"/>
		<feat xlink:href="#sSpan2025" value="ⲉ"/>
		<feat xlink:href="#sSpan2029" value="ⲡ"/>
		<feat xlink:href="#sSpan2032" value="ⲉⲧ"/>
		<feat xlink:href="#sSpan2035" value="ⲟⲩ"/>
		<feat xlink:href="#sSpan2037" value="ϣⲙϣⲉ"/>
		<feat xlink:href="#sSpan2039" value="ⲛⲁ"/>
		<feat xlink:href="#sSpan2044" value="ϥ"/>
		<feat xlink:href="#sSpan2046" value="ⲡ"/>
		<feat xlink:href="#sSpan2050" value="ϩⲟⲃ"/>
		<feat xlink:href="#sSpan2052" value="·"/>
		<feat xlink:href="#sSpan2057" value="ⲡ"/>
		<feat xlink:href="#sSpan2063" value="ⲉⲧ"/>
		<feat xlink:href="#sSpan2065" value="ⲟⲩⲱϣⲧ"/>
		<feat xlink:href="#sSpan2068" value="ⲇⲉ"/>
		<feat xlink:href="#sSpan2072" value="ⲛ"/>
		<feat xlink:href="#sSpan2077" value="ϩⲉⲛ"/>
		<feat xlink:href="#sSpan2081" value="ⲣⲙⲛⲛⲟⲩⲧⲉ"/>
		<feat xlink:href="#sSpan2089" value="ⲉ"/>
		<feat xlink:href="#sSpan2093" value="ϥ"/>
		<feat xlink:href="#sSpan2095" value="ⲟⲩⲱϣⲧ"/>
		<feat xlink:href="#sSpan2097" value="ⲙ"/>
		<feat xlink:href="#sSpan2101" value="ⲡ"/>
		<feat xlink:href="#sSpan2105" value="ⲛⲟⲩⲧⲉ"/>
		<feat xlink:href="#sSpan2107" value="ⲉⲧ"/>
		<feat xlink:href="#sSpan2111" value="ⲟⲩⲏϩ"/>
		<feat xlink:href="#sSpan2113" value="ⲛϩⲏⲧ"/>
		<feat xlink:href="#sSpan2118" value="ⲟⲩ"/>
		<feat xlink:href="#sSpan2120" value="·"/>
		<feat xlink:href="#sSpan2124" value="ⲁⲩⲱ"/>
		<feat xlink:href="#sSpan2128" value="ⲉ"/>
		<feat xlink:href="#sSpan2133" value="ϥ"/>
		<feat xlink:href="#sSpan2136" value="ϯⲡⲉⲓ̈"/>
		<feat xlink:href="#sSpan2139" value="ⲉⲣⲙ"/>
		<feat xlink:href="#sSpan2143" value="ⲡ"/>
		<feat xlink:href="#sSpan2146" value="ⲉⲧ"/>
		<feat xlink:href="#sSpan2149" value="ⲟⲩ"/>
		<feat xlink:href="#sSpan2151" value="ϣⲙϣⲉ"/>
		<feat xlink:href="#sSpan2153" value="ⲛⲁ"/>
		<feat xlink:href="#sSpan2157" value="ϥ"/>
		<feat xlink:href="#sSpan2160" value="ⲓ︤ⲥ︥"/>
		<feat xlink:href="#sSpan2165" value="·"/>
		<feat xlink:href="#sSpan2170" value="ⲉⲕϣⲁⲛ"/>
		<feat xlink:href="#sSpan2177" value="ϫⲟⲟ"/>
		<feat xlink:href="#sSpan2179" value="ⲥ"/>
		<feat xlink:href="#sSpan2181" value="ϫⲉ"/>
		<feat xlink:href="#sSpan2185" value="ⲡ"/>
		<feat xlink:href="#sSpan2189" value="ϫⲟⲉⲓ̈ⲥ"/>
		<feat xlink:href="#sSpan2191" value="ϣⲉⲡ"/>
		<feat xlink:href="#sSpan2197" value="ⲣⲉϥⲣⲛⲟⲃⲉ"/>
		<feat xlink:href="#sSpan2203" value="ⲉⲣⲟ"/>
		<feat xlink:href="#sSpan2207" value="ϥ"/>
		<feat xlink:href="#sSpan2209" value="ⲁⲩⲱ"/>
		<feat xlink:href="#sSpan2214" value="ϥ"/>
		<feat xlink:href="#sSpan2218" value="ⲟⲩⲱⲙ"/>
		<feat xlink:href="#sSpan2220" value="ⲛⲙ̄ⲙⲁ"/>
		<feat xlink:href="#sSpan2225" value="ⲩ"/>
		<feat xlink:href="#sSpan2227" value="·"/>
		<feat xlink:href="#sSpan2232" value="ⲁⲗⲗⲁ"/>
		<feat xlink:href="#sSpan2238" value="ⲧⲉ"/>
		<feat xlink:href="#sSpan2244" value="ⲭⲣⲓ̈ⲁ"/>
		<feat xlink:href="#sSpan2247" value="ⲇⲉ"/>
		<feat xlink:href="#sSpan2251" value="ⲉ"/>
		<feat xlink:href="#sSpan2256" value="ⲛⲟⲓ̈"/>
		<feat xlink:href="#sSpan2258" value="ⲛⲧⲟϥ"/>
		<feat xlink:href="#sSpan2263" value="ϫⲉ"/>
		<feat xlink:href="#sSpan2267" value="ⲉⲧⲃⲉ"/>
		<feat xlink:href="#sSpan2270" value="ⲟⲩ"/>
		<feat xlink:href="#sSpan2273" value="·"/>
		<feat xlink:href="#sSpan2277" value="ϫⲉ"/>
		<feat xlink:href="#sSpan2281" value="ⲉⲩⲉ"/>
		<feat xlink:href="#sSpan2284" value="ⲡⲉⲓ̈ⲥⲧⲉⲩⲉ"/>
		<feat xlink:href="#sSpan2287" value="ⲉⲣⲟ"/>
		<feat xlink:href="#sSpan2291" value="ϥ"/>
		<feat xlink:href="#sSpan2293" value="·"/>
		<feat xlink:href="#sSpan2297" value="ϫⲛⲉ"/>
		<feat xlink:href="#sSpan2301" value="ⲉⲩⲉ"/>
		<feat xlink:href="#sSpan2304" value="ϫⲉⲓ̈ⲟⲩⲁ"/>
		<feat xlink:href="#sSpan2306" value="ⲉⲣⲟ"/>
		<feat xlink:href="#sSpan2310" value="ϥ"/>
		<feat xlink:href="#sSpan2312" value="·"/>
		<feat xlink:href="#sSpan2318" value="ⲏ"/>
		<feat xlink:href="#sSpan2325" value="ⲉ"/>
		<feat xlink:href="#sSpan2329" value="ⲛⲉ"/>
		<feat xlink:href="#sSpan2331" value="ϥ"/>
		<feat xlink:href="#sSpan2333" value="ⲛⲁ"/>
		<feat xlink:href="#sSpan2336" value="ϯϩⲏⲩ"/>
		<feat xlink:href="#sSpan2339" value="ⲁⲛ"/>
		<feat xlink:href="#sSpan2344" value="ⲉⲣⲟ"/>
		<feat xlink:href="#sSpan2349" value="ⲟⲩ"/>
		<feat xlink:href="#sSpan2351" value="·"/>
		<feat xlink:href="#sSpan2355" value="ⲛ"/>
		<feat xlink:href="#sSpan2359" value="ⲁϣ"/>
		<feat xlink:href="#sSpan2362" value="ⲛ"/>
		<feat xlink:href="#sSpan2366" value="ϩⲉ"/>
		<feat xlink:href="#sSpan2368" value="ϥ"/>
		<feat xlink:href="#sSpan2372" value="ⲛⲁ"/>
		<feat xlink:href="#sSpan2374" value="ϫⲟⲟ"/>
		<feat xlink:href="#sSpan2376" value="ⲥ"/>
		<feat xlink:href="#sSpan2378" value="ϫⲉ"/>
		<feat xlink:href="#sSpan2383" value="ⲛⲧ"/>
		<feat xlink:href="#sSpan2385" value="ⲁ"/>
		<feat xlink:href="#sSpan2387" value="ⲓ̈"/>
		<feat xlink:href="#sSpan2389" value="ⲉⲓ̈"/>
		<feat xlink:href="#sSpan2392" value="ⲉ"/>
		<feat xlink:href="#sSpan2396" value="ⲧⲉϩⲙ"/>
		<feat xlink:href="#sSpan2398" value="ⲛ̄"/>
		<feat xlink:href="#sSpan2403" value="ⲣⲉϥⲣⲛⲟⲃⲉ"/>
		<feat xlink:href="#sSpan2407" value="ⲉ"/>
		<feat xlink:href="#sSpan2411" value="ⲩ"/>
		<feat xlink:href="#sSpan2415" value="ⲙⲉⲇⲁⲛⲟⲓ̈ⲁ"/>
		<feat xlink:href="#sSpan2418" value="·"/>
		<feat xlink:href="#sSpan2424" value="ⲏ"/>
		<feat xlink:href="#sSpan2431" value="ⲛ"/>
		<feat xlink:href="#sSpan2435" value="ⲧⲉⲧⲛ"/>
		<feat xlink:href="#sSpan2437" value="ⲛⲁⲩ"/>
		<feat xlink:href="#sSpan2439" value="ⲁⲛ"/>
		<feat xlink:href="#sSpan2444" value="ⲉ"/>
		<feat xlink:href="#sSpan2448" value="ⲡ"/>
		<feat xlink:href="#sSpan2451" value="ⲙⲁⲉⲓ̈ⲛ"/>
		<feat xlink:href="#sSpan2453" value="ⲙ̄"/>
		<feat xlink:href="#sSpan2457" value="ⲡⲉⲩ"/>
		<feat xlink:href="#sSpan2461" value="ⲟⲩⲱϣ"/>
		<feat xlink:href="#sSpan2463" value="ⲉϩⲟⲩⲛ"/>
		<feat xlink:href="#sSpan2467" value="ⲉ"/>
		<feat xlink:href="#sSpan2473" value="ⲡ"/>
		<feat xlink:href="#sSpan2476" value="ⲉⲛⲧ"/>
		<feat xlink:href="#sSpan2478" value="ⲁ"/>
		<feat xlink:href="#sSpan2480" value="ϥ"/>
		<feat xlink:href="#sSpan2482" value="ⲧⲁϩⲙ"/>
		<feat xlink:href="#sSpan2484" value="ⲟⲩ"/>
		<feat xlink:href="#sSpan2487" value="ⲉⲧⲉ"/>
		<feat xlink:href="#sSpan2492" value="ⲡⲁⲓ̈"/>
		<feat xlink:href="#sSpan2495" value="ⲡⲉ"/>
		<feat xlink:href="#sSpan2499" value="ϫⲉ"/>
		<feat xlink:href="#sSpan2503" value="ⲛⲉⲣⲉ"/>
		<feat xlink:href="#sSpan2506" value="ⲛ"/>
		<feat xlink:href="#sSpan2510" value="ⲧⲉⲗⲱⲛⲏⲥ"/>
		<feat xlink:href="#sSpan2513" value="ⲧⲉ"/>
		<feat xlink:href="#sSpan2518" value="ⲧⲏⲣ"/>
		<feat xlink:href="#sSpan2522" value="ⲟⲩ"/>
		<feat xlink:href="#sSpan2524" value="ⲙⲛ"/>
		<feat xlink:href="#sSpan2528" value="ⲛ"/>
		<feat xlink:href="#sSpan2533" value="ⲣⲉϥⲣⲛⲟⲃⲉ"/>
		<feat xlink:href="#sSpan2537" value="ϩⲏⲛ"/>
		<feat xlink:href="#sSpan2541" value="ⲉϩⲟⲩⲛ"/>
		<feat xlink:href="#sSpan2546" value="ⲉⲣⲟ"/>
		<feat xlink:href="#sSpan2550" value="ϥ"/>
		<feat xlink:href="#sSpan2552" value="·"/>
		<feat xlink:href="#sSpan2556" value="ϫⲉ"/>
		<feat xlink:href="#sSpan2560" value="ⲉⲩⲉ"/>
		<feat xlink:href="#sSpan2562" value="ⲥⲱⲧⲙ"/>
		<feat xlink:href="#sSpan2565" value="ⲉⲣⲟ"/>
		<feat xlink:href="#sSpan2569" value="ϥ"/>
		<feat xlink:href="#sSpan2571" value="·"/>
		<feat xlink:href="#sSpan2576" value="ⲉϣⲱⲡⲉ"/>
		<feat xlink:href="#sSpan2584" value="ⲙⲉⲛ"/>
		<feat xlink:href="#sSpan2588" value="ⲉⲕϣⲁⲛ"/>
		<feat xlink:href="#sSpan2593" value="ⲧⲉϩⲙ"/>
		<feat xlink:href="#sSpan2595" value="ⲟⲩ"/>
		<feat xlink:href="#sSpan2599" value="ⲁⲡⲉⲓ̈ⲥⲧⲟⲥ"/>
		<feat xlink:href="#sSpan2602" value="·"/>
		<feat xlink:href="#sSpan2606" value="ⲛ"/>
		<feat xlink:href="#sSpan2610" value="ϥ"/>
		<feat xlink:href="#sSpan2612" value="ⲉⲓ̈"/>
		<feat xlink:href="#sSpan2615" value="ⲉ"/>
		<feat xlink:href="#sSpan2620" value="ⲡ"/>
		<feat xlink:href="#sSpan2624" value="ⲇⲓ̈ⲡⲛⲟⲛ"/>
		<feat xlink:href="#sSpan2626" value="ⲙ"/>
		<feat xlink:href="#sSpan2630" value="ⲡⲉⲕ"/>
		<feat xlink:href="#sSpan2634" value="ⲛⲟⲩⲧⲉ"/>
		<feat xlink:href="#sSpan2636" value="·"/>
		<feat xlink:href="#sSpan2641" value="ⲛ"/>
		<feat xlink:href="#sSpan2646" value="ϥ"/>
		<feat xlink:href="#sSpan2648" value="ⲟⲩⲱⲙ"/>
		<feat xlink:href="#sSpan2650" value="ⲉⲃⲟⲗ"/>
		<feat xlink:href="#sSpan2655" value="ϩⲛ"/>
		<feat xlink:href="#sSpan2660" value="ⲛ"/>
		<feat xlink:href="#sSpan2664" value="ⲁⲅⲁⲑⲟⲛ"/>
		<feat xlink:href="#sSpan2666" value="ⲛⲧ"/>
		<feat xlink:href="#sSpan2671" value="ⲁ"/>
		<feat xlink:href="#sSpan2673" value="ϥ"/>
		<feat xlink:href="#sSpan2675" value="ϫⲟ"/>
		<feat xlink:href="#sSpan2677" value="ⲟⲩ"/>
		<feat xlink:href="#sSpan2679" value="ϫⲉ"/>
		<feat xlink:href="#sSpan2683" value="ⲁ"/>
		<feat xlink:href="#sSpan2685" value="ⲓ̈"/>
		<feat xlink:href="#sSpan2687" value="ⲥⲃⲧⲱⲧ"/>
		<feat xlink:href="#sSpan2690" value="ⲟⲩ"/>
		<feat xlink:href="#sSpan2692" value="·"/>
		<feat xlink:href="#sSpan2697" value="ⲉⲓ̈ⲉ"/>
		<feat xlink:href="#sSpan2703" value="ⲕⲁⲗⲱⲥ"/>
		<feat xlink:href="#sSpan2705" value="ⲉⲣϣⲁⲛ"/>
		<feat xlink:href="#sSpan2711" value="ⲧⲁϩⲙⲉ"/>
		<feat xlink:href="#sSpan2714" value="ⲕ"/>
		<feat xlink:href="#sSpan2716" value="ⲉ"/>
		<feat xlink:href="#sSpan2720" value="ⲩ"/>
		<feat xlink:href="#sSpan2724" value="ⲇⲓ̈ⲡⲟⲛⲟⲛ"/>
		<feat xlink:href="#sSpan2727" value="ⲛϭⲉⲓ"/>
		<feat xlink:href="#sSpan2731" value="ⲟⲩ"/>
		<feat xlink:href="#sSpan2735" value="ⲁⲡⲉⲓ̈ⲥⲧⲟⲥ"/>
		<feat xlink:href="#sSpan2738" value="ⲛ"/>
		<feat xlink:href="#sSpan2742" value="ⲅ"/>
		<feat xlink:href="#sSpan2744" value="ⲟⲩⲱⲙ"/>
		<feat xlink:href="#sSpan2747" value="ϩⲱⲱ"/>
		<feat xlink:href="#sSpan2751" value="ⲕ"/>
		<feat xlink:href="#sSpan2753" value="ⲛⲙⲙⲁ"/>
		<feat xlink:href="#sSpan2758" value="ϥ"/>
		<feat xlink:href="#sSpan2760" value="ⲛ̄"/>
		<feat xlink:href="#sSpan2764" value="ⲑ"/>
		<feat xlink:href="#sSpan2766" value="ⲉ"/>
		<feat xlink:href="#sSpan2768" value="ⲙ"/>
		<feat xlink:href="#sSpan2772" value="ⲡⲉⲕ"/>
		<feat xlink:href="#sSpan2775" value="ϫⲟⲉⲓ̈ⲥ"/>
		<feat xlink:href="#sSpan2779" value="ⲓ︤ⲥ︥"/>
		<feat xlink:href="#sSpan2783" value="·"/>
		<feat xlink:href="#sSpan2788" value="ⲡⲉⲕ"/>
		<feat xlink:href="#sSpan2794" value="ⲁⲡⲟⲧ"/>
		<feat xlink:href="#sSpan2796" value="ⲡⲟⲣ︤ϫ︥"/>
		<feat xlink:href="#sSpan2800" value="ⲉⲃⲟⲗ"/>
		<feat xlink:href="#sSpan2805" value="ⲉ"/>
		<feat xlink:href="#sSpan2809" value="ⲡⲁ"/>
		<feat xlink:href="#sSpan2812" value="ⲡ"/>
		<feat xlink:href="#sSpan2815" value="ϩⲉⲗ"/></featList></paula>