<?xml version='1.0' encoding='UTF-8'?><!DOCTYPE paula SYSTEM "paula_feat.dtd">
<paula version="1.1">
	<header paula_id="scriptorium.shenoute.those.GF253-256.mark_identity"/>
	<featList xmlns:xlink="http://www.w3.org/1999/xlink" type="identity" xml:base="scriptorium.shenoute.those.GF253-256.mark.xml">
		<feat xlink:href="#sSpan567" value="Jesus"/>
		<feat xlink:href="#sSpan1006" value="Cronus"/>
		<feat xlink:href="#sSpan1035" value="Hecate"/>
		<feat xlink:href="#sSpan1111" value="Jesus"/>
		<feat xlink:href="#sSpan1187" value="Lot (biblical person)"/>
		<feat xlink:href="#sSpan1211" value="Sodom and Gomorrah"/>
		<feat xlink:href="#sSpan1998" value="Devil"/>
		<feat xlink:href="#sSpan2144" value="Jesus"/>
		<feat xlink:href="#sSpan2773" value="Jesus"/></featList></paula>