<?xml version='1.0' encoding='UTF-8'?><!DOCTYPE paula SYSTEM "paula_feat.dtd">
<paula version="1.1">
	<header paula_id="scriptorium.shenoute.those.GF253-256.mark_note"/>
	<featList xmlns:xlink="http://www.w3.org/1999/xlink" type="note" xml:base="scriptorium.shenoute.those.GF253-256.mark.xml">
		<feat xlink:href="#sSpan1" value="Upper right is vacat. Page number ⲥⲛⲅ visible upper right"/>
		<feat xlink:href="#sSpan13" value="Brakke notes that heading in slightly right-sloping script, with elaborate (but not colored) headband. At start of line 1 there is an asterisk, and thereafter a column of diples alternating with straight lines."/>
		<feat xlink:href="#sSpan227" value="There are three lines of decoration separating the colophon from the incipit"/>
		<feat xlink:href="#sSpan232" value="Decoration"/>
		<feat xlink:href="#sSpan238" value="Decoration"/>
		<feat xlink:href="#sSpan240" value="Decoration"/>
		<feat xlink:href="#sSpan728" value="Drawing of bird at bottom of page"/>
		<feat xlink:href="#sSpan729" value="Upper right has ⲥⲛⲇ Upper left is vacat"/>
		<feat xlink:href="#sSpan893" value="lines 11 to 15 marked with dimples"/>
		<feat xlink:href="#sSpan947" value="ⲉⲅⲁⲣⲑⲁⲣⲧⲟⲛ normalized to ⲉⲁⲕⲁⲣⲑⲁⲣⲧⲟⲛ (unclean) to match Brakke and Crislip translation"/>
		<feat xlink:href="#sSpan1413" value="ⲩ corrected over ϥ (or vice versa?)"/>
		<feat xlink:href="#sSpan1450" value="Upper left is vacat Upper right has ⲥⲛⲉ"/>
		<feat xlink:href="#sSpan1704" value="ⲡⲉ is smeared but seems not to be a correction"/>
		<feat xlink:href="#sSpan1887" value="possibly ⲉⲉⲣ︦ (with a short stroke or point over ⲣ)"/>
		<feat xlink:href="#sSpan1904" value="ⲟⲟ corrected over ⲉⲉ"/>
		<feat xlink:href="#sSpan2084" value="Upper left has ⲥⲛⲋ. Middle has ⲓ︤ⲥ︥ ornament ⲭ︤ⲥ︥ Right has ⲓⲋ"/>
		<feat xlink:href="#sSpan2194" value="There is a large splotch where both Zoega and Amélineau read ⲛⲛ at the beginning of the line before ⲣⲉϥⲣⲛⲟⲃⲉ, but there is no trace of ink there"/>
		<feat xlink:href="#sSpan2347" value="second ⲟ corr. from ϥ (i.e. ⲉⲣⲟϥ corr. to ⲉⲣⲟⲟⲩ)"/>
		<feat xlink:href="#sSpan2511" value="ⲧⲉ i.e ⲇⲉ; ⲙ corr. from ϩ"/></featList></paula>