<?xml version='1.0' encoding='UTF-8'?><!DOCTYPE paula SYSTEM "paula_feat.dtd">
<paula version="1.1">
	<header paula_id="scriptorium.shenoute.those.GF253-256.mark_norm_group"/>
	<featList xmlns:xlink="http://www.w3.org/1999/xlink" type="norm_group" xml:base="scriptorium.shenoute.those.GF253-256.mark.xml">
		<feat xlink:href="#sSpan4" value="ⲟⲩⲉϫⲏⲕⲏⲥⲓⲥ"/>
		<feat xlink:href="#sSpan20" value="ⲉⲁϥⲧⲁⲩⲟⲩⲟⲥ"/>
		<feat xlink:href="#sSpan33" value="ⲛⲟⲩϩⲟⲟⲩ"/>
		<feat xlink:href="#sSpan43" value="ϩⲙⲡⲧⲣⲉϥⲛⲁⲩ"/>
		<feat xlink:href="#sSpan57" value="ⲉⲡⲙⲏⲏϣⲉ"/>
		<feat xlink:href="#sSpan67" value="ⲉⲩⲏⲡ"/>
		<feat xlink:href="#sSpan75" value="ⲉⲡⲣⲱⲙⲉ"/>
		<feat xlink:href="#sSpan85" value="ⲉⲧⲙⲡϣⲁ"/>
		<feat xlink:href="#sSpan91" value="ⲙⲡⲥⲁϩⲟⲩ"/>
		<feat xlink:href="#sSpan101" value="·"/>
		<feat xlink:href="#sSpan105" value="ⲉϥⲟⲩⲱϣ"/>
		<feat xlink:href="#sSpan113" value="ⲉⲧⲣⲉⲩⲧⲁⲙⲟϥ"/>
		<feat xlink:href="#sSpan126" value="ⲉⲛⲉⲧⲉϥϫⲱ"/>
		<feat xlink:href="#sSpan140" value="ⲙⲙⲟⲟⲩ"/>
		<feat xlink:href="#sSpan146" value="·"/>
		<feat xlink:href="#sSpan150" value="ⲉⲧⲃⲏⲏⲧϥ"/>
		<feat xlink:href="#sSpan157" value="ⲛϩⲁϩⲛⲥⲟⲡ"/>
		<feat xlink:href="#sSpan169" value="·"/>
		<feat xlink:href="#sSpan173" value="ⲁⲩⲱ"/>
		<feat xlink:href="#sSpan177" value="ⲉϥⲟⲩⲱϣ"/>
		<feat xlink:href="#sSpan186" value="ⲉⲧⲣⲉⲛⲓⲕⲟⲟⲩⲉ"/>
		<feat xlink:href="#sSpan197" value="ϩⲁⲣⲉϩ"/>
		<feat xlink:href="#sSpan202" value="ⲉⲣⲟⲟⲩ"/>
		<feat xlink:href="#sSpan208" value="ⲉⲛⲉϩⲃⲏⲩⲉ"/>
		<feat xlink:href="#sSpan218" value="ⲙⲡⲉⲧⲙⲙⲁⲩ"/>
		<feat xlink:href="#sSpan230" value=":"/>
		<feat xlink:href="#sSpan236" value="························"/>
		<feat xlink:href="#sSpan245" value="ⲡⲛⲟⲩⲧⲉ"/>
		<feat xlink:href="#sSpan255" value="ϫⲱ"/>
		<feat xlink:href="#sSpan259" value="ⲙⲙⲟⲥ"/>
		<feat xlink:href="#sSpan266" value="ϩⲛⲛⲉⲧⲉⲛⲟⲩϥ"/>
		<feat xlink:href="#sSpan280" value="ⲛⲉ"/>
		<feat xlink:href="#sSpan284" value="·"/>
		<feat xlink:href="#sSpan289" value="ϫⲉⲛⲛⲉϣⲏⲣⲉ"/>
		<feat xlink:href="#sSpan299" value="ⲙⲟⲩ"/>
		<feat xlink:href="#sSpan303" value="ϩⲁⲉⲓⲟⲧⲉ"/>
		<feat xlink:href="#sSpan310" value="·"/>
		<feat xlink:href="#sSpan314" value="ⲁⲩⲱ"/>
		<feat xlink:href="#sSpan319" value="ϫⲉⲛⲛⲉⲛⲉⲓⲟⲧⲉ"/>
		<feat xlink:href="#sSpan331" value="ⲟⲩⲉⲙⲉⲗⲉⲗϩⲏⲙϫ"/>
		<feat xlink:href="#sSpan341" value="·"/>
		<feat xlink:href="#sSpan345" value="ⲛⲧⲉⲛⲛⲁϫϩⲉ"/>
		<feat xlink:href="#sSpan356" value="ⲛⲛϣⲏⲣⲉ"/>
		<feat xlink:href="#sSpan365" value="ⲛⲟⲩϭⲥ"/>
		<feat xlink:href="#sSpan370" value="·"/>
		<feat xlink:href="#sSpan375" value="ⲛⲧⲉⲓϩⲉ"/>
		<feat xlink:href="#sSpan386" value="ⲟⲛ"/>
		<feat xlink:href="#sSpan390" value="ⲙⲙⲛϩⲙϩⲁⲗ"/>
		<feat xlink:href="#sSpan398" value="ⲙⲡⲓⲥⲧⲟⲥ"/>
		<feat xlink:href="#sSpan406" value="ⲛⲁⲙⲟⲩ"/>
		<feat xlink:href="#sSpan412" value="ϩⲁϩⲉⲛϫⲉⲓⲥⲟⲟⲩⲉ"/>
		<feat xlink:href="#sSpan422" value="ⲛⲁⲡⲓⲥⲧⲟⲥ"/>
		<feat xlink:href="#sSpan430" value="·"/>
		<feat xlink:href="#sSpan436" value="ⲟⲩⲇⲉ"/>
		<feat xlink:href="#sSpan441" value="ⲙⲙⲛⲧⲁⲥⲉⲃⲏⲥ"/>
		<feat xlink:href="#sSpan451" value="ⲛϩⲉⲛϫⲉⲓⲥⲟⲟⲩⲉ"/>
		<feat xlink:href="#sSpan461" value="ⲉⲛⲁⲧⲛⲟⲩⲧⲉ"/>
		<feat xlink:href="#sSpan473" value="·"/>
		<feat xlink:href="#sSpan477" value="ⲉⲩⲟⲩⲱϣⲧ"/>
		<feat xlink:href="#sSpan486" value="ⲛϩⲉⲛϣⲉ"/>
		<feat xlink:href="#sSpan496" value="·"/>
		<feat xlink:href="#sSpan500" value="ⲙⲛϩⲉⲛⲱⲛⲉ"/>
		<feat xlink:href="#sSpan510" value="·"/>
		<feat xlink:href="#sSpan514" value="ⲛⲥⲉⲛⲁⲉⲓ"/>
		<feat xlink:href="#sSpan524" value="ⲁⲛ"/>
		<feat xlink:href="#sSpan528" value="ⲉϫⲛϩⲛϩⲙϩⲁⲗ"/>
		<feat xlink:href="#sSpan538" value="·"/>
		<feat xlink:href="#sSpan542" value="ⲉⲣⲉⲧⲉⲩϩⲉⲗⲡⲓⲥ"/>
		<feat xlink:href="#sSpan553" value="ϩⲙⲡⲛⲟⲩⲧⲉ"/>
		<feat xlink:href="#sSpan563" value="ⲙⲛⲡⲉϥⲭⲣⲓⲥⲧⲟⲥ"/>
		<feat xlink:href="#sSpan575" value="ⲓⲏⲥⲟⲩⲥ"/>
		<feat xlink:href="#sSpan579" value="·"/>
		<feat xlink:href="#sSpan584" value="ⲧⲁⲙⲉⲗⲉⲓⲁ"/>
		<feat xlink:href="#sSpan596" value="ⲛϩⲉⲛϫⲉⲓⲥⲟⲟⲩⲉ"/>
		<feat xlink:href="#sSpan606" value="ⲛⲁⲡⲓⲥⲧⲟⲥ"/>
		<feat xlink:href="#sSpan613" value="ⲁⲩⲱ"/>
		<feat xlink:href="#sSpan618" value="ⲛⲣⲉϥϫⲓ"/>
		<feat xlink:href="#sSpan627" value="ⲛϭⲟⲛⲥ"/>
		<feat xlink:href="#sSpan634" value="·"/>
		<feat xlink:href="#sSpan638" value="ⲉⲥⲛⲁϣⲱⲡⲉ"/>
		<feat xlink:href="#sSpan649" value="ⲉϩⲣⲁⲓ"/>
		<feat xlink:href="#sSpan653" value="ⲉϫⲱⲟⲩ"/>
		<feat xlink:href="#sSpan659" value="·"/>
		<feat xlink:href="#sSpan664" value="ⲁⲩⲱ"/>
		<feat xlink:href="#sSpan669" value="ⲧⲇⲓⲕⲁⲓⲟⲥⲩⲛⲏ"/>
		<feat xlink:href="#sSpan678" value="ⲛϩⲛϩⲙϩⲁⲗ"/>
		<feat xlink:href="#sSpan687" value="ⲙⲡⲓⲥⲧⲟⲥ"/>
		<feat xlink:href="#sSpan695" value="ⲛⲁⲉⲓ"/>
		<feat xlink:href="#sSpan702" value="ⲉϩⲣⲁⲓ"/>
		<feat xlink:href="#sSpan707" value="ⲉϫⲱⲟⲩ"/>
		<feat xlink:href="#sSpan713" value="·"/>
		<feat xlink:href="#sSpan718" value="ⲙⲙⲛⲙⲛⲧϩⲙϩⲁⲗ"/>
		<feat xlink:href="#sSpan732" value="ϣⲟⲟⲡ"/>
		<feat xlink:href="#sSpan739" value="ϩⲙⲡⲙⲁ"/>
		<feat xlink:href="#sSpan748" value="ⲉⲧⲛⲛⲁⲃⲱⲕ"/>
		<feat xlink:href="#sSpan759" value="ⲉⲣⲟϥ"/>
		<feat xlink:href="#sSpan766" value="·"/>
		<feat xlink:href="#sSpan770" value="ⲛⲛⲉⲧⲛⲁⲁⲁⲩ"/>
		<feat xlink:href="#sSpan786" value="ⲧⲉⲛⲟⲩ"/>
		<feat xlink:href="#sSpan790" value="ⲛⲣⲙϩⲉ"/>
		<feat xlink:href="#sSpan798" value="ⲉⲃⲟⲗ"/>
		<feat xlink:href="#sSpan803" value="ϩⲛⲧⲙⲛⲧϩⲙϩⲁⲗ"/>
		<feat xlink:href="#sSpan815" value="ⲙⲡⲛⲟⲃⲉ"/>
		<feat xlink:href="#sSpan824" value="·"/>
		<feat xlink:href="#sSpan829" value="ⲛϩⲟⲥⲟⲛ"/>
		<feat xlink:href="#sSpan840" value="ϭⲉ"/>
		<feat xlink:href="#sSpan844" value="ⲉⲣⲉⲡⲟⲩⲁ"/>
		<feat xlink:href="#sSpan853" value="ⲡⲟⲩⲁ"/>
		<feat xlink:href="#sSpan860" value="ⲛⲁϯⲗⲟⲅⲟⲥ"/>
		<feat xlink:href="#sSpan869" value="ϩⲁⲣⲟϥ"/>
		<feat xlink:href="#sSpan876" value="ⲙⲡⲛⲟⲩⲧⲉ"/>
		<feat xlink:href="#sSpan886" value="ⲥⲱⲧⲙ"/>
		<feat xlink:href="#sSpan891" value="ⲛⲥⲁⲡⲉⲧⲥⲏϩ"/>
		<feat xlink:href="#sSpan904" value="·"/>
		<feat xlink:href="#sSpan908" value="ϫⲉⲥⲁϩⲱⲧⲛ"/>
		<feat xlink:href="#sSpan917" value="ⲉⲃⲟⲗ"/>
		<feat xlink:href="#sSpan921" value="·"/>
		<feat xlink:href="#sSpan925" value="ⲥⲁϩⲱⲧⲛ"/>
		<feat xlink:href="#sSpan932" value="ⲉⲃⲟⲗ"/>
		<feat xlink:href="#sSpan936" value="·"/>
		<feat xlink:href="#sSpan940" value="ⲙⲡⲣϫⲱϩ"/>
		<feat xlink:href="#sSpan948" value="ⲉⲁⲕⲁⲑⲁⲣⲧⲟⲛ"/>
		<feat xlink:href="#sSpan957" value="·"/>
		<feat xlink:href="#sSpan962" value="ⲙⲡⲣⲕⲟⲓⲛⲱⲛⲉⲓ"/>
		<feat xlink:href="#sSpan972" value="ⲉⲛⲉϩⲃⲏⲩⲉ"/>
		<feat xlink:href="#sSpan982" value="ⲛⲛⲉⲧⲟ"/>
		<feat xlink:href="#sSpan994" value="ⲛϩⲙϩⲁⲗ"/>
		<feat xlink:href="#sSpan1001" value="ⲛⲕⲣⲟⲛⲟⲥ"/>
		<feat xlink:href="#sSpan1010" value="·"/>
		<feat xlink:href="#sSpan1014" value="ⲉⲧⲙⲉ"/>
		<feat xlink:href="#sSpan1020" value="ⲁⲩⲱ"/>
		<feat xlink:href="#sSpan1025" value="ⲉⲧⲗⲟⲃⲉ"/>
		<feat xlink:href="#sSpan1031" value="ⲛⲥⲁⲧϩⲉⲕⲁⲧⲏ"/>
		<feat xlink:href="#sSpan1042" value="ⲉϭⲱϣⲧ"/>
		<feat xlink:href="#sSpan1048" value="ⲉϩⲟⲩⲛ"/>
		<feat xlink:href="#sSpan1053" value="ⲉϩⲣⲁⲥ"/>
		<feat xlink:href="#sSpan1059" value="·"/>
		<feat xlink:href="#sSpan1063" value="ⲧⲉⲥⲙⲟⲧ"/>
		<feat xlink:href="#sSpan1071" value="ⲙⲡⲟⲣⲛⲏ"/>
		<feat xlink:href="#sSpan1079" value="·"/>
		<feat xlink:href="#sSpan1084" value="ϫⲉⲛⲛⲉⲡⲉⲧⲙⲟⲥⲧⲉ"/>
		<feat xlink:href="#sSpan1099" value="ⲛⲛⲉⲧⲙⲙⲁⲩ"/>
		<feat xlink:href="#sSpan1112" value="ⲓⲏⲥⲟⲩⲥ"/>
		<feat xlink:href="#sSpan1117" value="ⲙⲉⲥⲧⲉⲧⲏⲩⲧⲛ"/>
		<feat xlink:href="#sSpan1124" value="ⲛⲙⲙⲁⲩ"/>
		<feat xlink:href="#sSpan1130" value="·"/>
		<feat xlink:href="#sSpan1135" value="ⲁⲩⲱ"/>
		<feat xlink:href="#sSpan1142" value="ⲁⲡⲉⲥϩⲁⲓ"/>
		<feat xlink:href="#sSpan1151" value="ⲉⲧⲟⲩⲁⲁⲃ"/>
		<feat xlink:href="#sSpan1158" value="ϫⲟⲟⲥ"/>
		<feat xlink:href="#sSpan1164" value="ϫⲉⲁⲛⲁⲅⲅⲉⲗⲟⲥ"/>
		<feat xlink:href="#sSpan1177" value="ϣⲁϫⲉ"/>
		<feat xlink:href="#sSpan1182" value="ⲙⲛⲗⲱⲧ"/>
		<feat xlink:href="#sSpan1190" value="ⲉⲧⲣⲉϥⲉⲓ"/>
		<feat xlink:href="#sSpan1202" value="ⲉⲃⲟⲗ"/>
		<feat xlink:href="#sSpan1206" value="ϩⲛⲥⲟⲇⲟⲙⲁ"/>
		<feat xlink:href="#sSpan1216" value="ⲧⲁⲭⲏ"/>
		<feat xlink:href="#sSpan1220" value="ⲉⲩϯⲥⲟ"/>
		<feat xlink:href="#sSpan1231" value="ⲉⲣⲟϥ"/>
		<feat xlink:href="#sSpan1237" value="ϫⲉⲛⲛⲉϥⲧⲁⲕⲟ"/>
		<feat xlink:href="#sSpan1248" value="ⲛⲙⲙⲁⲩ"/>
		<feat xlink:href="#sSpan1255" value="·"/>
		<feat xlink:href="#sSpan1260" value="ⲉⲩϫⲱ"/>
		<feat xlink:href="#sSpan1271" value="ⲙⲙⲟⲥ"/>
		<feat xlink:href="#sSpan1277" value="ⲛⲁⲕ"/>
		<feat xlink:href="#sSpan1283" value="ⲧⲉⲛⲟⲩ"/>
		<feat xlink:href="#sSpan1288" value="ϩⲱⲱⲕ"/>
		<feat xlink:href="#sSpan1295" value="ⲱ"/>
		<feat xlink:href="#sSpan1300" value="ⲡⲣⲱⲙⲉ"/>
		<feat xlink:href="#sSpan1307" value="ⲉⲃⲟⲗ"/>
		<feat xlink:href="#sSpan1311" value="ϩⲓⲧⲙⲡⲗⲟⲅⲟⲥ"/>
		<feat xlink:href="#sSpan1322" value="ⲙⲡⲛⲟⲩⲧⲉ"/>
		<feat xlink:href="#sSpan1332" value="·"/>
		<feat xlink:href="#sSpan1336" value="ⲁⲩⲱ"/>
		<feat xlink:href="#sSpan1340" value="ⲛⲅⲥⲁϩⲱⲱⲕ"/>
		<feat xlink:href="#sSpan1351" value="ⲉⲃⲟⲗ"/>
		<feat xlink:href="#sSpan1356" value="ⲛⲛⲉⲩⲛⲟⲃⲉ"/>
		<feat xlink:href="#sSpan1365" value="ϫⲉⲛⲛⲉϥⲁⲁⲕ"/>
		<feat xlink:href="#sSpan1378" value="ⲛⲧⲉⲩϩⲉ"/>
		<feat xlink:href="#sSpan1387" value="·"/>
		<feat xlink:href="#sSpan1391" value="ⲁⲩⲱ"/>
		<feat xlink:href="#sSpan1395" value="ⲛϥⲃⲟⲧⲕ"/>
		<feat xlink:href="#sSpan1406" value="ⲉⲃⲟⲗ"/>
		<feat xlink:href="#sSpan1410" value="ⲛⲙⲙⲁⲩ"/>
		<feat xlink:href="#sSpan1418" value="."/>
		<feat xlink:href="#sSpan1423" value="ⲟⲩⲛⲟⲩⲙⲛⲧϭⲱⲃ"/>
		<feat xlink:href="#sSpan1438" value="ϣⲟⲟⲡ"/>
		<feat xlink:href="#sSpan1444" value="ⲉⲓⲕⲏ"/>
		<feat xlink:href="#sSpan1448" value="ⲙⲡⲉⲧⲛⲁⲉⲓ"/>
		<feat xlink:href="#sSpan1466" value="ⲉϩⲣⲁⲓ"/>
		<feat xlink:href="#sSpan1470" value="ⲉⲣⲟⲥ"/>
		<feat xlink:href="#sSpan1477" value="ⲉⲧⲉⲡⲁⲓ"/>
		<feat xlink:href="#sSpan1484" value="ⲡⲉ"/>
		<feat xlink:href="#sSpan1488" value="ⲉⲧⲣⲉϩⲉⲛⲣⲱⲙⲉ"/>
		<feat xlink:href="#sSpan1500" value="ⲛⲧⲛⲙⲉⲓⲛⲉ"/>
		<feat xlink:href="#sSpan1510" value="ⲉⲩϫⲱ"/>
		<feat xlink:href="#sSpan1519" value="ⲙⲙⲟⲥ"/>
		<feat xlink:href="#sSpan1525" value="·"/>
		<feat xlink:href="#sSpan1529" value="ϫⲉⲧⲛⲙⲉ"/>
		<feat xlink:href="#sSpan1538" value="ⲙⲡⲉⲛⲧⲁϥϯⲥⲟⲟⲩⲛ"/>
		<feat xlink:href="#sSpan1556" value="ⲛⲁⲛ"/>
		<feat xlink:href="#sSpan1562" value="ⲡⲉ"/>
		<feat xlink:href="#sSpan1567" value="ⲭⲣⲓⲥⲧⲟⲥ"/>
		<feat xlink:href="#sSpan1572" value="·"/>
		<feat xlink:href="#sSpan1577" value="ϫⲓⲇⲱⲣⲟⲛ"/>
		<feat xlink:href="#sSpan1584" value="ⲛⲗⲁⲁⲩ"/>
		<feat xlink:href="#sSpan1591" value="ⲛϩⲛⲟ"/>
		<feat xlink:href="#sSpan1599" value="ϩⲟⲗⲱⲥ"/>
		<feat xlink:href="#sSpan1603" value="ⲛⲧⲟⲟⲧⲟⲩ"/>
		<feat xlink:href="#sSpan1610" value="ⲛϩⲉⲛⲣⲱⲙⲉ"/>
		<feat xlink:href="#sSpan1620" value="ⲛⲁⲧⲛⲟⲩⲧⲉ"/>
		<feat xlink:href="#sSpan1629" value="·"/>
		<feat xlink:href="#sSpan1634" value="ⲏ"/>
		<feat xlink:href="#sSpan1638" value="ⲛⲧⲟϥ"/>
		<feat xlink:href="#sSpan1642" value="ⲛⲧⲉⲛϫⲓⲟⲩⲇⲱⲣⲟⲛ"/>
		<feat xlink:href="#sSpan1657" value="ⲛⲁⲩ"/>
		<feat xlink:href="#sSpan1664" value="·"/>
		<feat xlink:href="#sSpan1668" value="ⲛⲕⲱ"/>
		<feat xlink:href="#sSpan1674" value="ⲛⲁⲛ"/>
		<feat xlink:href="#sSpan1680" value="ⲛⲟⲩⲙⲛⲧϣⲃⲣ"/>
		<feat xlink:href="#sSpan1692" value="ⲙⲛⲛϫⲁϫⲉ"/>
		<feat xlink:href="#sSpan1702" value="ⲙⲡⲉⲭⲣⲓⲥⲧⲟⲥ"/>
		<feat xlink:href="#sSpan1714" value="·"/>
		<feat xlink:href="#sSpan1718" value="ⲉⲩⲟⲩⲟⲛϩ"/>
		<feat xlink:href="#sSpan1731" value="ⲉⲃⲟⲗ"/>
		<feat xlink:href="#sSpan1735" value="ⲉⲛⲉⲛⲣⲱⲙⲉ"/>
		<feat xlink:href="#sSpan1746" value="ⲏ"/>
		<feat xlink:href="#sSpan1750" value="ϩⲉⲛⲙⲏⲏϣⲉ"/>
		<feat xlink:href="#sSpan1759" value="ⲛⲣⲱⲙⲉ"/>
		<feat xlink:href="#sSpan1766" value="ϫⲉϩⲉⲛⲣⲉϥϣⲙϣⲉⲉⲓⲇⲱⲗⲟⲛ"/>
		<feat xlink:href="#sSpan1780" value="ⲛⲉ"/>
		<feat xlink:href="#sSpan1786" value="ⲉⲩⲟⲩⲱϣⲧ"/>
		<feat xlink:href="#sSpan1794" value="ⲛⲛϩⲉⲓⲕⲱⲛ"/>
		<feat xlink:href="#sSpan1805" value="ⲛⲇⲁⲓⲙⲟⲛⲓⲟⲛ"/>
		<feat xlink:href="#sSpan1814" value="ⲁⲩⲱ"/>
		<feat xlink:href="#sSpan1819" value="ⲉⲩϫⲱ"/>
		<feat xlink:href="#sSpan1827" value="ⲙⲙⲟⲥ"/>
		<feat xlink:href="#sSpan1834" value="ϩⲛⲧⲉⲩⲙⲛⲧⲧⲟⲗⲙⲏⲣⲟⲥ"/>
		<feat xlink:href="#sSpan1847" value="·"/>
		<feat xlink:href="#sSpan1851" value="ϫⲉⲛⲧϩⲉ"/>
		<feat xlink:href="#sSpan1862" value="ⲉⲧⲛⲛⲁⲉϣⲡⲉⲉⲛⲉⲧⲏⲩⲧⲛ"/>
		<feat xlink:href="#sSpan1878" value="ⲁⲛ"/>
		<feat xlink:href="#sSpan1882" value="ⲉⲣϩⲉⲗⲗⲏⲛ"/>
		<feat xlink:href="#sSpan1893" value="ⲛⲧⲉⲧⲛⲛⲁⲉϣⲡⲟⲟⲛⲉⲛ"/>
		<feat xlink:href="#sSpan1910" value="ⲁⲛ"/>
		<feat xlink:href="#sSpan1915" value="ⲉⲣⲭⲣⲓⲥⲧⲓⲁⲛⲟⲥ"/>
		<feat xlink:href="#sSpan1925" value="·"/>
		<feat xlink:href="#sSpan1931" value="ⲡⲉⲧⲟⲩⲱϣⲧ"/>
		<feat xlink:href="#sSpan1944" value="ⲅⲁⲣ"/>
		<feat xlink:href="#sSpan1948" value="ⲛϩⲉⲛⲣⲱⲙⲉ"/>
		<feat xlink:href="#sSpan1958" value="ⲛⲁⲧⲛⲟⲩⲧⲉ"/>
		<feat xlink:href="#sSpan1967" value="·"/>
		<feat xlink:href="#sSpan1971" value="ⲉϥⲟⲩⲱϣⲧ"/>
		<feat xlink:href="#sSpan1980" value="ⲙⲡⲉⲧⲟⲩⲏϩ"/>
		<feat xlink:href="#sSpan1992" value="ⲛϩⲏⲧⲟⲩ"/>
		<feat xlink:href="#sSpan1999" value="ⲡⲇⲓⲁⲃⲟⲗⲟⲥ"/>
		<feat xlink:href="#sSpan2007" value="·"/>
		<feat xlink:href="#sSpan2011" value="ⲁⲩⲱ"/>
		<feat xlink:href="#sSpan2015" value="ⲉϥϯⲡⲓ"/>
		<feat xlink:href="#sSpan2026" value="ⲉⲡⲉⲧⲟⲩϣⲙϣⲉ"/>
		<feat xlink:href="#sSpan2040" value="ⲛⲁϥ"/>
		<feat xlink:href="#sSpan2047" value="ⲡϩⲟⲃ"/>
		<feat xlink:href="#sSpan2053" value="·"/>
		<feat xlink:href="#sSpan2059" value="ⲡⲉⲧⲟⲩⲱϣⲧ"/>
		<feat xlink:href="#sSpan2069" value="ⲇⲉ"/>
		<feat xlink:href="#sSpan2074" value="ⲛϩⲉⲛⲣⲙⲛⲛⲟⲩⲧⲉ"/>
		<feat xlink:href="#sSpan2090" value="ⲉϥⲟⲩⲱϣⲧ"/>
		<feat xlink:href="#sSpan2098" value="ⲙⲡⲛⲟⲩⲧⲉ"/>
		<feat xlink:href="#sSpan2108" value="ⲉⲧⲟⲩⲏϩ"/>
		<feat xlink:href="#sSpan2114" value="ⲛϩⲏⲧⲟⲩ"/>
		<feat xlink:href="#sSpan2121" value="·"/>
		<feat xlink:href="#sSpan2125" value="ⲁⲩⲱ"/>
		<feat xlink:href="#sSpan2129" value="ⲉϥϯⲡⲓ"/>
		<feat xlink:href="#sSpan2140" value="ⲉⲣⲙⲡⲉⲧⲟⲩϣⲙϣⲉ"/>
		<feat xlink:href="#sSpan2154" value="ⲛⲁϥ"/>
		<feat xlink:href="#sSpan2161" value="ⲓⲏⲥⲟⲩⲥ"/>
		<feat xlink:href="#sSpan2166" value="·"/>
		<feat xlink:href="#sSpan2171" value="ⲉⲕϣⲁⲛϫⲟⲟⲥ"/>
		<feat xlink:href="#sSpan2182" value="ϫⲉⲡϫⲟⲉⲓⲥ"/>
		<feat xlink:href="#sSpan2192" value="ϣⲉⲡⲣⲉϥⲣⲛⲟⲃⲉ"/>
		<feat xlink:href="#sSpan2204" value="ⲉⲣⲟϥ"/>
		<feat xlink:href="#sSpan2210" value="ⲁⲩⲱ"/>
		<feat xlink:href="#sSpan2215" value="ϥⲟⲩⲱⲙ"/>
		<feat xlink:href="#sSpan2221" value="ⲛⲙⲙⲁⲩ"/>
		<feat xlink:href="#sSpan2228" value="·"/>
		<feat xlink:href="#sSpan2233" value="ⲁⲗⲗⲁ"/>
		<feat xlink:href="#sSpan2240" value="ⲧⲉⲭⲣⲉⲓⲁ"/>
		<feat xlink:href="#sSpan2248" value="ⲇⲉ"/>
		<feat xlink:href="#sSpan2252" value="ⲉⲛⲟⲓ"/>
		<feat xlink:href="#sSpan2259" value="ⲛⲧⲟϥ"/>
		<feat xlink:href="#sSpan2264" value="ϫⲉⲉⲧⲃⲉⲟⲩ"/>
		<feat xlink:href="#sSpan2274" value="·"/>
		<feat xlink:href="#sSpan2278" value="ϫⲉⲉⲩⲉⲡⲉⲓⲥⲧⲉⲩⲉ"/>
		<feat xlink:href="#sSpan2288" value="ⲉⲣⲟϥ"/>
		<feat xlink:href="#sSpan2294" value="·"/>
		<feat xlink:href="#sSpan2298" value="ϫⲛⲉⲉⲩⲉϫⲉⲓⲟⲩⲁ"/>
		<feat xlink:href="#sSpan2307" value="ⲉⲣⲟϥ"/>
		<feat xlink:href="#sSpan2313" value="·"/>
		<feat xlink:href="#sSpan2319" value="ⲏ"/>
		<feat xlink:href="#sSpan2326" value="ⲉⲛⲉϥⲛⲁϯϩⲏⲩ"/>
		<feat xlink:href="#sSpan2340" value="ⲁⲛ"/>
		<feat xlink:href="#sSpan2345" value="ⲉⲣⲟⲟⲩ"/>
		<feat xlink:href="#sSpan2352" value="·"/>
		<feat xlink:href="#sSpan2356" value="ⲛⲁϣ"/>
		<feat xlink:href="#sSpan2363" value="ⲛϩⲉ"/>
		<feat xlink:href="#sSpan2369" value="ϥⲛⲁϫⲟⲟⲥ"/>
		<feat xlink:href="#sSpan2379" value="ϫⲉⲛⲧⲁⲓⲉⲓ"/>
		<feat xlink:href="#sSpan2393" value="ⲉⲧⲉϩⲙⲛⲣⲉϥⲣⲛⲟⲃⲉ"/>
		<feat xlink:href="#sSpan2408" value="ⲉⲩⲙⲉⲧⲁⲛⲟⲓⲁ"/>
		<feat xlink:href="#sSpan2419" value="·"/>
		<feat xlink:href="#sSpan2425" value="ⲏ"/>
		<feat xlink:href="#sSpan2432" value="ⲛⲧⲉⲧⲛⲛⲁⲩ"/>
		<feat xlink:href="#sSpan2440" value="ⲁⲛ"/>
		<feat xlink:href="#sSpan2445" value="ⲉⲡⲙⲁⲉⲓⲛ"/>
		<feat xlink:href="#sSpan2454" value="ⲙⲡⲉⲩⲟⲩⲱϣ"/>
		<feat xlink:href="#sSpan2464" value="ⲉϩⲟⲩⲛ"/>
		<feat xlink:href="#sSpan2468" value="ⲉⲡⲉⲛⲧⲁϥⲧⲁϩⲙⲟⲩ"/>
		<feat xlink:href="#sSpan2488" value="ⲉⲧⲉⲡⲁⲓ"/>
		<feat xlink:href="#sSpan2496" value="ⲡⲉ"/>
		<feat xlink:href="#sSpan2500" value="ϫⲉⲛⲉⲣⲉⲛⲧⲉⲗⲱⲛⲏⲥ"/>
		<feat xlink:href="#sSpan2514" value="ⲇⲉ"/>
		<feat xlink:href="#sSpan2519" value="ⲧⲏⲣⲟⲩ"/>
		<feat xlink:href="#sSpan2525" value="ⲙⲛⲛⲣⲉϥⲣⲛⲟⲃⲉ"/>
		<feat xlink:href="#sSpan2538" value="ϩⲏⲛ"/>
		<feat xlink:href="#sSpan2542" value="ⲉϩⲟⲩⲛ"/>
		<feat xlink:href="#sSpan2547" value="ⲉⲣⲟϥ"/>
		<feat xlink:href="#sSpan2553" value="·"/>
		<feat xlink:href="#sSpan2557" value="ϫⲉⲉⲩⲉⲥⲱⲧⲙ"/>
		<feat xlink:href="#sSpan2566" value="ⲉⲣⲟϥ"/>
		<feat xlink:href="#sSpan2572" value="·"/>
		<feat xlink:href="#sSpan2577" value="ⲉϣⲱⲡⲉ"/>
		<feat xlink:href="#sSpan2585" value="ⲙⲉⲛ"/>
		<feat xlink:href="#sSpan2589" value="ⲉⲕϣⲁⲛⲧⲉϩⲙⲟⲩⲁⲡⲓⲥⲧⲟⲥ"/>
		<feat xlink:href="#sSpan2603" value="·"/>
		<feat xlink:href="#sSpan2607" value="ⲛϥⲉⲓ"/>
		<feat xlink:href="#sSpan2616" value="ⲉⲡⲇⲉⲓⲡⲛⲟⲛ"/>
		<feat xlink:href="#sSpan2627" value="ⲙⲡⲉⲕⲛⲟⲩⲧⲉ"/>
		<feat xlink:href="#sSpan2637" value="·"/>
		<feat xlink:href="#sSpan2642" value="ⲛϥⲟⲩⲱⲙ"/>
		<feat xlink:href="#sSpan2651" value="ⲉⲃⲟⲗ"/>
		<feat xlink:href="#sSpan2656" value="ϩⲛⲛⲁⲅⲁⲑⲟⲛ"/>
		<feat xlink:href="#sSpan2667" value="ⲛⲧⲁϥϫⲟⲟⲩ"/>
		<feat xlink:href="#sSpan2680" value="ϫⲉⲁⲓⲥⲃⲧⲱⲧⲟⲩ"/>
		<feat xlink:href="#sSpan2693" value="·"/>
		<feat xlink:href="#sSpan2698" value="ⲉⲓⲉⲕⲁⲗⲱⲥ"/>
		<feat xlink:href="#sSpan2706" value="ⲉϥϣⲁⲛⲧⲁϩⲙⲉⲕ"/>
		<feat xlink:href="#sSpan2717" value="ⲉⲩⲇⲓⲡⲛⲟⲛ"/>
		<feat xlink:href="#sSpan2728" value="ⲛϭⲉⲓⲟⲩⲁⲡⲓⲥⲧⲟⲥ"/>
		<feat xlink:href="#sSpan2739" value="ⲛⲅⲟⲩⲱⲙ"/>
		<feat xlink:href="#sSpan2748" value="ϩⲱⲱⲕ"/>
		<feat xlink:href="#sSpan2754" value="ⲛⲙⲙⲁϥ"/>
		<feat xlink:href="#sSpan2761" value="ⲛⲧϩⲉ"/>
		<feat xlink:href="#sSpan2769" value="ⲙⲡⲉⲕϫⲟⲉⲓⲥ"/>
		<feat xlink:href="#sSpan2780" value="ⲓⲏⲥⲟⲩⲥ"/>
		<feat xlink:href="#sSpan2784" value="·"/>
		<feat xlink:href="#sSpan2790" value="ⲡⲉⲕⲁⲡⲟⲧ"/>
		<feat xlink:href="#sSpan2797" value="ⲡⲟⲣϫ"/>
		<feat xlink:href="#sSpan2801" value="ⲉⲃⲟⲗ"/>
		<feat xlink:href="#sSpan2806" value="ⲉⲡⲁⲡϩⲉⲗ"/></featList></paula>