<?xml version='1.0' encoding='UTF-8'?><!DOCTYPE paula SYSTEM "paula_feat.dtd">
<paula version="1.1">
	<header paula_id="scriptorium.shenoute.those.GF253-256.mark_multiword"/>
	<featList xmlns:xlink="http://www.w3.org/1999/xlink" type="multiword" xml:base="scriptorium.shenoute.those.GF253-256.mark.xml">
		<feat xlink:href="#sSpan19" value="ⲉ ⲁ"/>
		<feat xlink:href="#sSpan699" value="ⲉⲓ ⲉϩⲣⲁⲓ"/>
		<feat xlink:href="#sSpan800" value="ⲉⲃⲟⲗ ϩⲛ"/>
		<feat xlink:href="#sSpan888" value="ⲥⲱⲧⲙ ⲛⲥⲁ"/>
		<feat xlink:href="#sSpan1199" value="ⲉⲓ ⲉⲃⲟⲗ"/>
		<feat xlink:href="#sSpan1463" value="ⲉⲓ ⲉϩⲣⲁⲓ"/>
		<feat xlink:href="#sSpan1755" value="ⲙⲏⲏϣⲉ ⲛ"/>
		<feat xlink:href="#sSpan1907" value="ⲛ ⲁⲛ"/>
		<feat xlink:href="#sSpan2268" value="ⲉⲧⲃⲉ ⲟⲩ"/>
		<feat xlink:href="#sSpan2390" value="ⲉⲓ ⲉ"/>
		<feat xlink:href="#sSpan2613" value="ⲉⲓ ⲉ"/>
		<feat xlink:href="#sSpan2653" value="ⲉⲃⲟⲗ ϩⲛ"/></featList></paula>