<?xml version='1.0' encoding='UTF-8'?><!DOCTYPE paula SYSTEM "paula_feat.dtd">
<paula version="1.1">
	<header paula_id="scriptorium.shenoute.those.GF253-256.dep_func"/>
	<featList xmlns:xlink="http://www.w3.org/1999/xlink" type="func" xml:base="scriptorium.shenoute.those.GF253-256.dep.xml">
		<feat xlink:href="#sPointingRel1" value="mark"/>
		<feat xlink:href="#sPointingRel3" value="nmod"/>
		<feat xlink:href="#sPointingRel5" value="mark"/>
		<feat xlink:href="#sPointingRel7" value="nsubj"/>
		<feat xlink:href="#sPointingRel9" value="case"/>
		<feat xlink:href="#sPointingRel11" value="obl"/>
		<feat xlink:href="#sPointingRel13" value="ccomp"/>
		<feat xlink:href="#sPointingRel15" value="acl"/>
		<feat xlink:href="#sPointingRel17" value="advmod"/>
		<feat xlink:href="#sPointingRel19" value="nsubj"/>
		<feat xlink:href="#sPointingRel21" value="obl"/>
		<feat xlink:href="#sPointingRel23" value="case"/>
		<feat xlink:href="#sPointingRel25" value="cc"/>
		<feat xlink:href="#sPointingRel27" value="case"/>
		<feat xlink:href="#sPointingRel29" value="obj"/>
		<feat xlink:href="#sPointingRel31" value="obl"/>
		<feat xlink:href="#sPointingRel33" value="obj"/>
		<feat xlink:href="#sPointingRel35" value="det"/>
		<feat xlink:href="#sPointingRel37" value="obl"/>
		<feat xlink:href="#sPointingRel39" value="nsubj"/>
		<feat xlink:href="#sPointingRel41" value="obj"/>
		<feat xlink:href="#sPointingRel43" value="det"/>
		<feat xlink:href="#sPointingRel45" value="advmod"/>
		<feat xlink:href="#sPointingRel47" value="obj"/>
		<feat xlink:href="#sPointingRel49" value="det"/>
		<feat xlink:href="#sPointingRel51" value="case"/>
		<feat xlink:href="#sPointingRel53" value="dislocated"/>
		<feat xlink:href="#sPointingRel55" value="obl"/>
		<feat xlink:href="#sPointingRel57" value="ccomp"/>
		<feat xlink:href="#sPointingRel59" value="advcl"/>
		<feat xlink:href="#sPointingRel61" value="case"/>
		<feat xlink:href="#sPointingRel63" value="case"/>
		<feat xlink:href="#sPointingRel65" value="nsubj"/>
		<feat xlink:href="#sPointingRel67" value="parataxis"/>
		<feat xlink:href="#sPointingRel69" value="advmod"/>
		<feat xlink:href="#sPointingRel71" value="aux"/>
		<feat xlink:href="#sPointingRel73" value="nsubj"/>
		<feat xlink:href="#sPointingRel75" value="det"/>
		<feat xlink:href="#sPointingRel77" value="case"/>
		<feat xlink:href="#sPointingRel79" value="case"/>
		<feat xlink:href="#sPointingRel81" value="advcl"/>
		<feat xlink:href="#sPointingRel83" value="obl"/>
		<feat xlink:href="#sPointingRel85" value="case"/>
		<feat xlink:href="#sPointingRel87" value="cc"/>
		<feat xlink:href="#sPointingRel89" value="nsubj"/>
		<feat xlink:href="#sPointingRel91" value="parataxis"/>
		<feat xlink:href="#sPointingRel93" value="nsubj"/>
		<feat xlink:href="#sPointingRel95" value="ccomp"/>
		<feat xlink:href="#sPointingRel97" value="obj"/>
		<feat xlink:href="#sPointingRel99" value="obl"/>
		<feat xlink:href="#sPointingRel101" value="mark"/>
		<feat xlink:href="#sPointingRel103" value="obj"/>
		<feat xlink:href="#sPointingRel105" value="case"/>
		<feat xlink:href="#sPointingRel107" value="case"/>
		<feat xlink:href="#sPointingRel109" value="cc"/>
		<feat xlink:href="#sPointingRel111" value="case"/>
		<feat xlink:href="#sPointingRel113" value="obj"/>
		<feat xlink:href="#sPointingRel115" value="det"/>
		<feat xlink:href="#sPointingRel117" value="case"/>
		<feat xlink:href="#sPointingRel119" value="aux"/>
		<feat xlink:href="#sPointingRel121" value="mark"/>
		<feat xlink:href="#sPointingRel123" value="case"/>
		<feat xlink:href="#sPointingRel125" value="obj"/>
		<feat xlink:href="#sPointingRel127" value="case"/>
		<feat xlink:href="#sPointingRel129" value="aux"/>
		<feat xlink:href="#sPointingRel131" value="case"/>
		<feat xlink:href="#sPointingRel133" value="parataxis"/>
		<feat xlink:href="#sPointingRel135" value="nsubj"/>
		<feat xlink:href="#sPointingRel137" value="mark"/>
		<feat xlink:href="#sPointingRel139" value="mark"/>
		<feat xlink:href="#sPointingRel141" value="advcl"/>
		<feat xlink:href="#sPointingRel143" value="parataxis"/>
		<feat xlink:href="#sPointingRel145" value="xcomp"/>
		<feat xlink:href="#sPointingRel147" value="obl"/>
		<feat xlink:href="#sPointingRel149" value="obl"/>
		<feat xlink:href="#sPointingRel151" value="obl"/>
		<feat xlink:href="#sPointingRel153" value="advmod"/>
		<feat xlink:href="#sPointingRel155" value="case"/>
		<feat xlink:href="#sPointingRel157" value="obl"/>
		<feat xlink:href="#sPointingRel159" value="case"/>
		<feat xlink:href="#sPointingRel161" value="case"/>
		<feat xlink:href="#sPointingRel163" value="case"/>
		<feat xlink:href="#sPointingRel165" value="obj"/>
		<feat xlink:href="#sPointingRel167" value="cop"/>
		<feat xlink:href="#sPointingRel169" value="conj"/>
		<feat xlink:href="#sPointingRel171" value="case"/>
		<feat xlink:href="#sPointingRel173" value="det"/>
		<feat xlink:href="#sPointingRel175" value="conj"/>
		<feat xlink:href="#sPointingRel177" value="det"/>
		<feat xlink:href="#sPointingRel179" value="case"/>
		<feat xlink:href="#sPointingRel181" value="case"/>
		<feat xlink:href="#sPointingRel183" value="nsubj"/>
		<feat xlink:href="#sPointingRel185" value="nsubj"/>
		<feat xlink:href="#sPointingRel187" value="advmod"/>
		<feat xlink:href="#sPointingRel189" value="aux"/>
		<feat xlink:href="#sPointingRel191" value="case"/>
		<feat xlink:href="#sPointingRel193" value="obl"/>
		<feat xlink:href="#sPointingRel195" value="nsubj"/>
		<feat xlink:href="#sPointingRel197" value="obj"/>
		<feat xlink:href="#sPointingRel199" value="nmod"/>
		<feat xlink:href="#sPointingRel201" value="aux"/>
		<feat xlink:href="#sPointingRel203" value="mark"/>
		<feat xlink:href="#sPointingRel205" value="nmod"/>
		<feat xlink:href="#sPointingRel207" value="case"/>
		<feat xlink:href="#sPointingRel209" value="aux"/>
		<feat xlink:href="#sPointingRel211" value="nmod"/>
		<feat xlink:href="#sPointingRel213" value="acl"/>
		<feat xlink:href="#sPointingRel215" value="mark"/>
		<feat xlink:href="#sPointingRel217" value="case"/>
		<feat xlink:href="#sPointingRel219" value="case"/>
		<feat xlink:href="#sPointingRel221" value="obl"/>
		<feat xlink:href="#sPointingRel223" value="advcl"/>
		<feat xlink:href="#sPointingRel225" value="acl"/>
		<feat xlink:href="#sPointingRel227" value="aux"/>
		<feat xlink:href="#sPointingRel229" value="nsubj"/>
		<feat xlink:href="#sPointingRel231" value="obl"/>
		<feat xlink:href="#sPointingRel233" value="case"/>
		<feat xlink:href="#sPointingRel235" value="nsubj"/>
		<feat xlink:href="#sPointingRel237" value="nsubj"/>
		<feat xlink:href="#sPointingRel239" value="advmod"/>
		<feat xlink:href="#sPointingRel241" value="det"/>
		<feat xlink:href="#sPointingRel243" value="nmod"/>
		<feat xlink:href="#sPointingRel245" value="conj"/>
		<feat xlink:href="#sPointingRel247" value="advmod"/>
		<feat xlink:href="#sPointingRel249" value="cc"/>
		<feat xlink:href="#sPointingRel251" value="advmod"/>
		<feat xlink:href="#sPointingRel253" value="det"/>
		<feat xlink:href="#sPointingRel255" value="case"/>
		<feat xlink:href="#sPointingRel257" value="det"/>
		<feat xlink:href="#sPointingRel259" value="obj"/>
		<feat xlink:href="#sPointingRel261" value="advmod"/>
		<feat xlink:href="#sPointingRel263" value="acl"/>
		<feat xlink:href="#sPointingRel265" value="mark"/>
		<feat xlink:href="#sPointingRel267" value="aux"/>
		<feat xlink:href="#sPointingRel269" value="mark"/>
		<feat xlink:href="#sPointingRel271" value="mark"/>
		<feat xlink:href="#sPointingRel273" value="case"/>
		<feat xlink:href="#sPointingRel275" value="acl"/>
		<feat xlink:href="#sPointingRel277" value="case"/>
		<feat xlink:href="#sPointingRel279" value="det"/>
		<feat xlink:href="#sPointingRel281" value="nsubj"/>
		<feat xlink:href="#sPointingRel283" value="dislocated"/>
		<feat xlink:href="#sPointingRel285" value="advcl"/>
		<feat xlink:href="#sPointingRel287" value="case"/>
		<feat xlink:href="#sPointingRel289" value="appos"/>
		<feat xlink:href="#sPointingRel291" value="obj"/>
		<feat xlink:href="#sPointingRel293" value="mark"/>
		<feat xlink:href="#sPointingRel295" value="aux"/>
		<feat xlink:href="#sPointingRel297" value="acl"/>
		<feat xlink:href="#sPointingRel299" value="nsubj"/>
		<feat xlink:href="#sPointingRel301" value="case"/>
		<feat xlink:href="#sPointingRel303" value="mark"/>
		<feat xlink:href="#sPointingRel305" value="case"/>
		<feat xlink:href="#sPointingRel307" value="obj"/>
		<feat xlink:href="#sPointingRel309" value="acl"/>
		<feat xlink:href="#sPointingRel311" value="nmod"/>
		<feat xlink:href="#sPointingRel313" value="mark"/>
		<feat xlink:href="#sPointingRel315" value="det"/>
		<feat xlink:href="#sPointingRel317" value="obj"/>
		<feat xlink:href="#sPointingRel319" value="cop"/>
		<feat xlink:href="#sPointingRel321" value="obl"/>
		<feat xlink:href="#sPointingRel323" value="advmod"/>
		<feat xlink:href="#sPointingRel325" value="mark"/>
		<feat xlink:href="#sPointingRel327" value="aux"/>
		<feat xlink:href="#sPointingRel329" value="nsubj"/>
		<feat xlink:href="#sPointingRel331" value="advmod"/>
		<feat xlink:href="#sPointingRel333" value="cc"/>
		<feat xlink:href="#sPointingRel335" value="case"/>
		<feat xlink:href="#sPointingRel337" value="acl"/>
		<feat xlink:href="#sPointingRel339" value="conj"/>
		<feat xlink:href="#sPointingRel341" value="det"/>
		<feat xlink:href="#sPointingRel343" value="det"/>
		<feat xlink:href="#sPointingRel345" value="case"/>
		<feat xlink:href="#sPointingRel347" value="ccomp"/>
		<feat xlink:href="#sPointingRel349" value="mark"/>
		<feat xlink:href="#sPointingRel351" value="ccomp"/>
		<feat xlink:href="#sPointingRel353" value="det"/>
		<feat xlink:href="#sPointingRel355" value="det"/>
		<feat xlink:href="#sPointingRel357" value="case"/>
		<feat xlink:href="#sPointingRel359" value="mark"/>
		<feat xlink:href="#sPointingRel361" value="conj"/>
		<feat xlink:href="#sPointingRel363" value="nmod"/>
		<feat xlink:href="#sPointingRel365" value="mark"/>
		<feat xlink:href="#sPointingRel367" value="det"/>
		<feat xlink:href="#sPointingRel369" value="acl"/>
		<feat xlink:href="#sPointingRel371" value="case"/>
		<feat xlink:href="#sPointingRel373" value="nsubj"/>
		<feat xlink:href="#sPointingRel375" value="nsubj"/>
		<feat xlink:href="#sPointingRel377" value="case"/>
		<feat xlink:href="#sPointingRel379" value="nmod"/>
		<feat xlink:href="#sPointingRel381" value="case"/>
		<feat xlink:href="#sPointingRel383" value="mark"/>
		<feat xlink:href="#sPointingRel385" value="cc"/>
		<feat xlink:href="#sPointingRel387" value="obl"/>
		<feat xlink:href="#sPointingRel389" value="appos"/>
		<feat xlink:href="#sPointingRel391" value="acl"/>
		<feat xlink:href="#sPointingRel393" value="obl"/>
		<feat xlink:href="#sPointingRel395" value="mark"/>
		<feat xlink:href="#sPointingRel397" value="case"/>
		<feat xlink:href="#sPointingRel399" value="aux"/>
		<feat xlink:href="#sPointingRel401" value="advmod"/>
		<feat xlink:href="#sPointingRel403" value="acl"/>
		<feat xlink:href="#sPointingRel405" value="det"/>
		<feat xlink:href="#sPointingRel407" value="det"/>
		<feat xlink:href="#sPointingRel409" value="case"/>
		<feat xlink:href="#sPointingRel411" value="obj"/>
		<feat xlink:href="#sPointingRel413" value="aux"/>
		<feat xlink:href="#sPointingRel415" value="xcomp"/>
		<feat xlink:href="#sPointingRel417" value="case"/>
		<feat xlink:href="#sPointingRel419" value="obj"/>
		<feat xlink:href="#sPointingRel421" value="case"/>
		<feat xlink:href="#sPointingRel423" value="conj"/>
		<feat xlink:href="#sPointingRel425" value="acl"/>
		<feat xlink:href="#sPointingRel427" value="nsubj"/>
		<feat xlink:href="#sPointingRel429" value="nmod"/>
		<feat xlink:href="#sPointingRel431" value="det"/>
		<feat xlink:href="#sPointingRel433" value="obj"/>
		<feat xlink:href="#sPointingRel435" value="det"/>
		<feat xlink:href="#sPointingRel437" value="obj"/>
		<feat xlink:href="#sPointingRel439" value="nmod"/>
		<feat xlink:href="#sPointingRel441" value="det"/>
		<feat xlink:href="#sPointingRel443" value="case"/>
		<feat xlink:href="#sPointingRel445" value="obl"/>
		<feat xlink:href="#sPointingRel447" value="case"/>
		<feat xlink:href="#sPointingRel449" value="det"/>
		<feat xlink:href="#sPointingRel451" value="aux"/>
		<feat xlink:href="#sPointingRel453" value="acl"/>
		<feat xlink:href="#sPointingRel455" value="aux"/>
		<feat xlink:href="#sPointingRel457" value="nsubj"/>
		<feat xlink:href="#sPointingRel459" value="advmod"/>
		<feat xlink:href="#sPointingRel461" value="det"/>
		<feat xlink:href="#sPointingRel463" value="advmod"/>
		<feat xlink:href="#sPointingRel465" value="cop"/>
		<feat xlink:href="#sPointingRel467" value="obl"/>
		<feat xlink:href="#sPointingRel469" value="det"/>
		<feat xlink:href="#sPointingRel471" value="nsubj"/>
		<feat xlink:href="#sPointingRel473" value="obl"/>
		<feat xlink:href="#sPointingRel475" value="cc"/>
		<feat xlink:href="#sPointingRel477" value="discourse"/>
		<feat xlink:href="#sPointingRel479" value="conj"/>
		<feat xlink:href="#sPointingRel481" value="obl"/>
		<feat xlink:href="#sPointingRel483" value="obj"/>
		<feat xlink:href="#sPointingRel485" value="obj"/>
		<feat xlink:href="#sPointingRel487" value="obj"/>
		<feat xlink:href="#sPointingRel489" value="det"/>
		<feat xlink:href="#sPointingRel491" value="obj"/>
		<feat xlink:href="#sPointingRel493" value="det"/>
		<feat xlink:href="#sPointingRel495" value="advmod"/>
		<feat xlink:href="#sPointingRel497" value="case"/>
		<feat xlink:href="#sPointingRel499" value="obl"/>
		<feat xlink:href="#sPointingRel501" value="acl"/>
		<feat xlink:href="#sPointingRel503" value="aux"/>
		<feat xlink:href="#sPointingRel505" value="cc"/>
		<feat xlink:href="#sPointingRel507" value="nsubj"/>
		<feat xlink:href="#sPointingRel509" value="det"/>
		<feat xlink:href="#sPointingRel511" value="mark"/>
		<feat xlink:href="#sPointingRel513" value="nmod"/>
		<feat xlink:href="#sPointingRel515" value="nsubj"/>
		<feat xlink:href="#sPointingRel517" value="nsubj"/>
		<feat xlink:href="#sPointingRel519" value="case"/>
		<feat xlink:href="#sPointingRel521" value="case"/>
		<feat xlink:href="#sPointingRel523" value="det"/>
		<feat xlink:href="#sPointingRel525" value="case"/>
		<feat xlink:href="#sPointingRel527" value="case"/>
		<feat xlink:href="#sPointingRel529" value="case"/>
		<feat xlink:href="#sPointingRel531" value="case"/>
		<feat xlink:href="#sPointingRel533" value="nsubj"/>
		<feat xlink:href="#sPointingRel535" value="mark"/>
		<feat xlink:href="#sPointingRel537" value="mark"/>
		<feat xlink:href="#sPointingRel539" value="acl"/>
		<feat xlink:href="#sPointingRel541" value="case"/>
		<feat xlink:href="#sPointingRel543" value="det"/>
		<feat xlink:href="#sPointingRel545" value="case"/>
		<feat xlink:href="#sPointingRel547" value="mark"/>
		<feat xlink:href="#sPointingRel549" value="mark"/>
		<feat xlink:href="#sPointingRel551" value="cc"/>
		<feat xlink:href="#sPointingRel553" value="acl"/>
		<feat xlink:href="#sPointingRel555" value="det"/>
		<feat xlink:href="#sPointingRel557" value="acl"/>
		<feat xlink:href="#sPointingRel559" value="dislocated"/>
		<feat xlink:href="#sPointingRel561" value="obj"/>
		<feat xlink:href="#sPointingRel563" value="acl"/>
		<feat xlink:href="#sPointingRel565" value="nsubj"/>
		<feat xlink:href="#sPointingRel567" value="acl"/>
		<feat xlink:href="#sPointingRel569" value="appos"/>
		<feat xlink:href="#sPointingRel571" value="mark"/>
		<feat xlink:href="#sPointingRel573" value="obl"/>
		<feat xlink:href="#sPointingRel575" value="mark"/>
		<feat xlink:href="#sPointingRel577" value="obj"/>
		<feat xlink:href="#sPointingRel579" value="det"/>
		<feat xlink:href="#sPointingRel581" value="aux"/>
		<feat xlink:href="#sPointingRel583" value="obl"/>
		<feat xlink:href="#sPointingRel585" value="obl"/>
		<feat xlink:href="#sPointingRel587" value="case"/>
		<feat xlink:href="#sPointingRel589" value="cc"/>
		<feat xlink:href="#sPointingRel591" value="obl"/>
		<feat xlink:href="#sPointingRel593" value="case"/>
		<feat xlink:href="#sPointingRel595" value="fixed"/>
		<feat xlink:href="#sPointingRel597" value="mark"/>
		<feat xlink:href="#sPointingRel599" value="xcomp"/>
		<feat xlink:href="#sPointingRel601" value="case"/>
		<feat xlink:href="#sPointingRel603" value="det"/>
		<feat xlink:href="#sPointingRel605" value="acl"/>
		<feat xlink:href="#sPointingRel607" value="aux"/>
		<feat xlink:href="#sPointingRel609" value="acl"/>
		<feat xlink:href="#sPointingRel611" value="acl"/>
		<feat xlink:href="#sPointingRel613" value="mark"/>
		<feat xlink:href="#sPointingRel615" value="aux"/>
		<feat xlink:href="#sPointingRel617" value="case"/>
		<feat xlink:href="#sPointingRel619" value="nmod"/>
		<feat xlink:href="#sPointingRel621" value="case"/>
		<feat xlink:href="#sPointingRel623" value="case"/>
		<feat xlink:href="#sPointingRel625" value="case"/>
		<feat xlink:href="#sPointingRel627" value="cc"/>
		<feat xlink:href="#sPointingRel629" value="aux"/>
		<feat xlink:href="#sPointingRel631" value="mark"/>
		<feat xlink:href="#sPointingRel633" value="advmod"/>
		<feat xlink:href="#sPointingRel635" value="case"/>
		<feat xlink:href="#sPointingRel637" value="case"/>
		<feat xlink:href="#sPointingRel639" value="mark"/>
		<feat xlink:href="#sPointingRel641" value="obl"/>
		<feat xlink:href="#sPointingRel643" value="det"/>
		<feat xlink:href="#sPointingRel645" value="appos"/>
		<feat xlink:href="#sPointingRel647" value="advcl"/>
		<feat xlink:href="#sPointingRel649" value="det"/>
		<feat xlink:href="#sPointingRel651" value="case"/>
		<feat xlink:href="#sPointingRel653" value="nsubj"/>
		<feat xlink:href="#sPointingRel655" value="obl"/>
		<feat xlink:href="#sPointingRel657" value="case"/>
		<feat xlink:href="#sPointingRel659" value="obl"/>
		<feat xlink:href="#sPointingRel661" value="obj"/>
		<feat xlink:href="#sPointingRel663" value="nsubj"/>
		<feat xlink:href="#sPointingRel665" value="cc"/>
		<feat xlink:href="#sPointingRel667" value="det"/>
		<feat xlink:href="#sPointingRel669" value="advmod"/>
		<feat xlink:href="#sPointingRel671" value="case"/>
		<feat xlink:href="#sPointingRel673" value="case"/>
		<feat xlink:href="#sPointingRel675" value="mark"/>
		<feat xlink:href="#sPointingRel677" value="nsubj"/>
		<feat xlink:href="#sPointingRel679" value="nsubj"/>
		<feat xlink:href="#sPointingRel681" value="aux"/>
		<feat xlink:href="#sPointingRel683" value="nmod"/>
		<feat xlink:href="#sPointingRel685" value="nsubj"/>
		<feat xlink:href="#sPointingRel687" value="nsubj"/>
		<feat xlink:href="#sPointingRel689" value="obl"/>
		<feat xlink:href="#sPointingRel691" value="mark"/>
		<feat xlink:href="#sPointingRel693" value="conj"/>
		<feat xlink:href="#sPointingRel695" value="advcl"/>
		<feat xlink:href="#sPointingRel697" value="obl"/>
		<feat xlink:href="#sPointingRel699" value="nsubj"/>
		<feat xlink:href="#sPointingRel701" value="det"/>
		<feat xlink:href="#sPointingRel703" value="obl"/>
		<feat xlink:href="#sPointingRel705" value="mark"/>
		<feat xlink:href="#sPointingRel707" value="case"/>
		<feat xlink:href="#sPointingRel709" value="acl"/>
		<feat xlink:href="#sPointingRel711" value="case"/>
		<feat xlink:href="#sPointingRel713" value="det"/>
		<feat xlink:href="#sPointingRel715" value="nsubj"/>
		<feat xlink:href="#sPointingRel717" value="nmod"/>
		<feat xlink:href="#sPointingRel719" value="advcl"/>
		<feat xlink:href="#sPointingRel721" value="mark"/>
		<feat xlink:href="#sPointingRel723" value="case"/>
		<feat xlink:href="#sPointingRel725" value="obl"/>
		<feat xlink:href="#sPointingRel727" value="mark"/>
		<feat xlink:href="#sPointingRel729" value="nmod"/>
		<feat xlink:href="#sPointingRel731" value="mark"/>
		<feat xlink:href="#sPointingRel733" value="det"/>
		<feat xlink:href="#sPointingRel735" value="mark"/>
		<feat xlink:href="#sPointingRel737" value="obl"/>
		<feat xlink:href="#sPointingRel739" value="mark"/>
		<feat xlink:href="#sPointingRel741" value="det"/>
		<feat xlink:href="#sPointingRel743" value="nsubj"/>
		<feat xlink:href="#sPointingRel745" value="fixed"/>
		<feat xlink:href="#sPointingRel747" value="obl"/>
		<feat xlink:href="#sPointingRel749" value="nmod"/>
		<feat xlink:href="#sPointingRel751" value="nsubj"/>
		<feat xlink:href="#sPointingRel753" value="appos"/>
		<feat xlink:href="#sPointingRel755" value="case"/>
		<feat xlink:href="#sPointingRel757" value="advmod"/>
		<feat xlink:href="#sPointingRel759" value="acl"/>
		<feat xlink:href="#sPointingRel761" value="nsubj"/>
		<feat xlink:href="#sPointingRel763" value="case"/>
		<feat xlink:href="#sPointingRel765" value="case"/>
		<feat xlink:href="#sPointingRel767" value="nsubj"/>
		<feat xlink:href="#sPointingRel769" value="obj"/>
		<feat xlink:href="#sPointingRel771" value="nsubj"/>
		<feat xlink:href="#sPointingRel773" value="case"/>
		<feat xlink:href="#sPointingRel775" value="cc"/>
		<feat xlink:href="#sPointingRel777" value="xcomp"/>
		<feat xlink:href="#sPointingRel779" value="det"/>
		<feat xlink:href="#sPointingRel781" value="cop"/>
		<feat xlink:href="#sPointingRel783" value="aux"/>
		<feat xlink:href="#sPointingRel785" value="case"/>
		<feat xlink:href="#sPointingRel787" value="advmod"/>
		<feat xlink:href="#sPointingRel789" value="case"/>
		<feat xlink:href="#sPointingRel791" value="acl"/>
		<feat xlink:href="#sPointingRel793" value="advcl"/>
		<feat xlink:href="#sPointingRel795" value="mark"/>
		<feat xlink:href="#sPointingRel797" value="xcomp"/>
		<feat xlink:href="#sPointingRel799" value="obl"/>
		<feat xlink:href="#sPointingRel801" value="mark"/>
		<feat xlink:href="#sPointingRel803" value="case"/>
		<feat xlink:href="#sPointingRel805" value="conj"/>
		<feat xlink:href="#sPointingRel807" value="det"/>
		<feat xlink:href="#sPointingRel809" value="parataxis"/>
		<feat xlink:href="#sPointingRel811" value="aux"/>
		<feat xlink:href="#sPointingRel813" value="nsubj"/>
		<feat xlink:href="#sPointingRel815" value="cc"/>
		<feat xlink:href="#sPointingRel817" value="obl"/>
		<feat xlink:href="#sPointingRel819" value="advmod"/>
		<feat xlink:href="#sPointingRel821" value="advmod"/>
		<feat xlink:href="#sPointingRel823" value="advcl"/>
		<feat xlink:href="#sPointingRel825" value="det"/>
		<feat xlink:href="#sPointingRel827" value="obl"/>
		<feat xlink:href="#sPointingRel829" value="det"/>
		<feat xlink:href="#sPointingRel831" value="dislocated"/>
		<feat xlink:href="#sPointingRel833" value="acl"/>
		<feat xlink:href="#sPointingRel835" value="acl"/>
		<feat xlink:href="#sPointingRel837" value="obj"/>
		<feat xlink:href="#sPointingRel839" value="xcomp"/>
		<feat xlink:href="#sPointingRel841" value="nsubj"/>
		<feat xlink:href="#sPointingRel843" value="obj"/>
		<feat xlink:href="#sPointingRel845" value="obl"/>
		<feat xlink:href="#sPointingRel847" value="det"/>
		<feat xlink:href="#sPointingRel849" value="mark"/>
		<feat xlink:href="#sPointingRel851" value="fixed"/>
		<feat xlink:href="#sPointingRel853" value="mark"/>
		<feat xlink:href="#sPointingRel855" value="case"/>
		<feat xlink:href="#sPointingRel857" value="nmod"/>
		<feat xlink:href="#sPointingRel859" value="mark"/>
		<feat xlink:href="#sPointingRel861" value="case"/>
		<feat xlink:href="#sPointingRel863" value="conj"/>
		<feat xlink:href="#sPointingRel865" value="det"/>
		<feat xlink:href="#sPointingRel867" value="det"/>
		<feat xlink:href="#sPointingRel869" value="aux"/>
		<feat xlink:href="#sPointingRel871" value="case"/>
		<feat xlink:href="#sPointingRel873" value="aux"/>
		<feat xlink:href="#sPointingRel875" value="det"/>
		<feat xlink:href="#sPointingRel877" value="obl"/>
		<feat xlink:href="#sPointingRel879" value="case"/>
		<feat xlink:href="#sPointingRel881" value="case"/>
		<feat xlink:href="#sPointingRel883" value="conj"/>
		<feat xlink:href="#sPointingRel885" value="mark"/>
		<feat xlink:href="#sPointingRel887" value="advcl"/>
		<feat xlink:href="#sPointingRel889" value="nsubj"/>
		<feat xlink:href="#sPointingRel891" value="nmod"/>
		<feat xlink:href="#sPointingRel893" value="obl"/>
		<feat xlink:href="#sPointingRel895" value="det"/>
		<feat xlink:href="#sPointingRel897" value="mark"/>
		<feat xlink:href="#sPointingRel899" value="aux"/>
		<feat xlink:href="#sPointingRel901" value="xcomp"/>
		<feat xlink:href="#sPointingRel903" value="acl"/>
		<feat xlink:href="#sPointingRel905" value="cc"/>
		<feat xlink:href="#sPointingRel907" value="case"/>
		<feat xlink:href="#sPointingRel909" value="mark"/>
		<feat xlink:href="#sPointingRel911" value="det"/>
		<feat xlink:href="#sPointingRel913" value="nsubj"/>
		<feat xlink:href="#sPointingRel915" value="case"/>
		<feat xlink:href="#sPointingRel917" value="obl"/>
		<feat xlink:href="#sPointingRel919" value="mark"/>
		<feat xlink:href="#sPointingRel921" value="obl"/>
		<feat xlink:href="#sPointingRel923" value="nsubj"/>
		<feat xlink:href="#sPointingRel925" value="nmod"/>
		<feat xlink:href="#sPointingRel927" value="det"/>
		<feat xlink:href="#sPointingRel929" value="advmod"/>
		<feat xlink:href="#sPointingRel931" value="advmod"/>
		<feat xlink:href="#sPointingRel933" value="advmod"/>
		<feat xlink:href="#sPointingRel935" value="aux"/>
		<feat xlink:href="#sPointingRel937" value="nsubj"/>
		<feat xlink:href="#sPointingRel939" value="case"/>
		<feat xlink:href="#sPointingRel941" value="mark"/>
		<feat xlink:href="#sPointingRel943" value="det"/>
		<feat xlink:href="#sPointingRel945" value="det"/>
		<feat xlink:href="#sPointingRel947" value="nsubj"/>
		<feat xlink:href="#sPointingRel949" value="obl"/>
		<feat xlink:href="#sPointingRel951" value="det"/>
		<feat xlink:href="#sPointingRel953" value="case"/>
		<feat xlink:href="#sPointingRel955" value="det"/>
		<feat xlink:href="#sPointingRel957" value="det"/>
		<feat xlink:href="#sPointingRel959" value="obl"/>
		<feat xlink:href="#sPointingRel961" value="obl"/>
		<feat xlink:href="#sPointingRel963" value="mark"/>
		<feat xlink:href="#sPointingRel965" value="case"/>
		<feat xlink:href="#sPointingRel967" value="case"/>
		<feat xlink:href="#sPointingRel969" value="advmod"/>
		<feat xlink:href="#sPointingRel971" value="case"/>
		<feat xlink:href="#sPointingRel973" value="nsubj"/>
		<feat xlink:href="#sPointingRel975" value="obl"/>
		<feat xlink:href="#sPointingRel977" value="mark"/>
		<feat xlink:href="#sPointingRel979" value="advmod"/>
		<feat xlink:href="#sPointingRel981" value="obj"/>
		<feat xlink:href="#sPointingRel983" value="obj"/>
		<feat xlink:href="#sPointingRel985" value="cc"/>
		<feat xlink:href="#sPointingRel987" value="conj"/>
		<feat xlink:href="#sPointingRel989" value="nmod"/>
		<feat xlink:href="#sPointingRel991" value="case"/>
		<feat xlink:href="#sPointingRel993" value="nsubj"/>
		<feat xlink:href="#sPointingRel995" value="det"/>
		<feat xlink:href="#sPointingRel997" value="nsubj"/>
		<feat xlink:href="#sPointingRel999" value="obl"/>
		<feat xlink:href="#sPointingRel1001" value="nmod"/>
		<feat xlink:href="#sPointingRel1003" value="obj"/>
		<feat xlink:href="#sPointingRel1005" value="dislocated"/>
		<feat xlink:href="#sPointingRel1007" value="cc"/>
		<feat xlink:href="#sPointingRel1009" value="nmod"/>
		<feat xlink:href="#sPointingRel1011" value="case"/>
		<feat xlink:href="#sPointingRel1013" value="acl"/>
		<feat xlink:href="#sPointingRel1015" value="advmod"/>
		<feat xlink:href="#sPointingRel1017" value="mark"/>
		<feat xlink:href="#sPointingRel1019" value="obl"/>
		<feat xlink:href="#sPointingRel1021" value="aux"/>
		<feat xlink:href="#sPointingRel1023" value="case"/>
		<feat xlink:href="#sPointingRel1025" value="case"/>
		<feat xlink:href="#sPointingRel1027" value="nsubj"/>
		<feat xlink:href="#sPointingRel1029" value="case"/>
		<feat xlink:href="#sPointingRel1031" value="det"/>
		<feat xlink:href="#sPointingRel1033" value="obl"/>
		<feat xlink:href="#sPointingRel1035" value="obl"/>
		<feat xlink:href="#sPointingRel1037" value="aux"/>
		<feat xlink:href="#sPointingRel1039" value="case"/>
		<feat xlink:href="#sPointingRel1041" value="det"/>
		<feat xlink:href="#sPointingRel1043" value="conj"/>
		<feat xlink:href="#sPointingRel1045" value="advcl"/>
		<feat xlink:href="#sPointingRel1047" value="mark"/>
		<feat xlink:href="#sPointingRel1049" value="aux"/>
		<feat xlink:href="#sPointingRel1051" value="nsubj"/>
		<feat xlink:href="#sPointingRel1053" value="nmod"/>
		<feat xlink:href="#sPointingRel1055" value="vocative"/>
		<feat xlink:href="#sPointingRel1057" value="case"/>
		<feat xlink:href="#sPointingRel1059" value="acl"/>
		<feat xlink:href="#sPointingRel1061" value="aux"/>
		<feat xlink:href="#sPointingRel1063" value="acl"/>
		<feat xlink:href="#sPointingRel1065" value="mark"/>
		<feat xlink:href="#sPointingRel1067" value="xcomp"/>
		<feat xlink:href="#sPointingRel1069" value="nmod"/>
		<feat xlink:href="#sPointingRel1071" value="nsubj"/>
		<feat xlink:href="#sPointingRel1073" value="xcomp"/>
		<feat xlink:href="#sPointingRel1075" value="obl"/>
		<feat xlink:href="#sPointingRel1077" value="det"/>
		<feat xlink:href="#sPointingRel1079" value="case"/>
		<feat xlink:href="#sPointingRel1081" value="nmod"/>
		<feat xlink:href="#sPointingRel1083" value="advmod"/>
		<feat xlink:href="#sPointingRel1085" value="mark"/>
		<feat xlink:href="#sPointingRel1087" value="case"/>
		<feat xlink:href="#sPointingRel1089" value="advmod"/>
		<feat xlink:href="#sPointingRel1091" value="mark"/>
		<feat xlink:href="#sPointingRel1093" value="mark"/>
		<feat xlink:href="#sPointingRel1095" value="advmod"/>
		<feat xlink:href="#sPointingRel1097" value="cc"/>
		<feat xlink:href="#sPointingRel1099" value="aux"/>
		<feat xlink:href="#sPointingRel1101" value="obl"/>
		<feat xlink:href="#sPointingRel1103" value="fixed"/>
		<feat xlink:href="#sPointingRel1105" value="case"/>
		<feat xlink:href="#sPointingRel1107" value="case"/>
		<feat xlink:href="#sPointingRel1109" value="det"/>
		<feat xlink:href="#sPointingRel1111" value="nsubj"/>
		<feat xlink:href="#sPointingRel1113" value="nmod"/>
		<feat xlink:href="#sPointingRel1115" value="det"/>
		<feat xlink:href="#sPointingRel1117" value="obj"/>
		<feat xlink:href="#sPointingRel1119" value="case"/>
		<feat xlink:href="#sPointingRel1121" value="obj"/>
		<feat xlink:href="#sPointingRel1123" value="mark"/>
		<feat xlink:href="#sPointingRel1125" value="acl"/>
		<feat xlink:href="#sPointingRel1127" value="nsubj"/>
		<feat xlink:href="#sPointingRel1129" value="mark"/>
		<feat xlink:href="#sPointingRel1131" value="det"/>
		<feat xlink:href="#sPointingRel1133" value="obj"/>
		<feat xlink:href="#sPointingRel1135" value="mark"/>
		<feat xlink:href="#sPointingRel1137" value="nsubj"/>
		<feat xlink:href="#sPointingRel1139" value="ccomp"/>
		<feat xlink:href="#sPointingRel1141" value="obl"/>
		<feat xlink:href="#sPointingRel1143" value="mark"/>
		<feat xlink:href="#sPointingRel1145" value="obl"/>
		<feat xlink:href="#sPointingRel1147" value="obl"/>
		<feat xlink:href="#sPointingRel1149" value="obl"/>
		<feat xlink:href="#sPointingRel1151" value="advcl"/>
		<feat xlink:href="#sPointingRel1153" value="advcl"/>
		<feat xlink:href="#sPointingRel1155" value="mark"/>
		<feat xlink:href="#sPointingRel1157" value="det"/>
		<feat xlink:href="#sPointingRel1159" value="advcl"/>
		<feat xlink:href="#sPointingRel1161" value="obl"/>
		<feat xlink:href="#sPointingRel1163" value="case"/>
		<feat xlink:href="#sPointingRel1165" value="mark"/>
		<feat xlink:href="#sPointingRel1167" value="mark"/>
		<feat xlink:href="#sPointingRel1169" value="det"/>
		<feat xlink:href="#sPointingRel1171" value="nsubj"/>
		<feat xlink:href="#sPointingRel1173" value="mark"/>
		<feat xlink:href="#sPointingRel1175" value="nsubj"/>
		<feat xlink:href="#sPointingRel1177" value="acl"/>
		<feat xlink:href="#sPointingRel1179" value="nsubj"/>
		<feat xlink:href="#sPointingRel1181" value="obl"/>
		<feat xlink:href="#sPointingRel1183" value="case"/>
		<feat xlink:href="#sPointingRel1185" value="aux"/>
		<feat xlink:href="#sPointingRel1187" value="case"/>
		<feat xlink:href="#sPointingRel1189" value="advmod"/>
		<feat xlink:href="#sPointingRel1191" value="conj"/>
		<feat xlink:href="#sPointingRel1193" value="case"/>
		<feat xlink:href="#sPointingRel1195" value="det"/>
		<feat xlink:href="#sPointingRel1197" value="det"/>
		<feat xlink:href="#sPointingRel1199" value="obl"/>
		<feat xlink:href="#sPointingRel1201" value="xcomp"/>
		<feat xlink:href="#sPointingRel1203" value="advmod"/>
		<feat xlink:href="#sPointingRel1205" value="mark"/>
		<feat xlink:href="#sPointingRel1207" value="obl"/>
		<feat xlink:href="#sPointingRel1209" value="nsubj"/>
		<feat xlink:href="#sPointingRel1211" value="det"/>
		<feat xlink:href="#sPointingRel1213" value="nsubj"/>
		<feat xlink:href="#sPointingRel1215" value="advmod"/>
		<feat xlink:href="#sPointingRel1217" value="case"/>
		<feat xlink:href="#sPointingRel1219" value="det"/>
		<feat xlink:href="#sPointingRel1221" value="nsubj"/>
		<feat xlink:href="#sPointingRel1223" value="obj"/>
		<feat xlink:href="#sPointingRel1225" value="det"/>
		<feat xlink:href="#sPointingRel1227" value="nsubj"/>
		<feat xlink:href="#sPointingRel1229" value="obl"/>
		<feat xlink:href="#sPointingRel1231" value="det"/>
		<feat xlink:href="#sPointingRel1233" value="nsubj"/>
		<feat xlink:href="#sPointingRel1235" value="conj"/>
		<feat xlink:href="#sPointingRel1237" value="aux"/>
		<feat xlink:href="#sPointingRel1239" value="appos"/>
		<feat xlink:href="#sPointingRel1241" value="det"/>
		<feat xlink:href="#sPointingRel1243" value="dislocated"/>
		<feat xlink:href="#sPointingRel1245" value="nsubj"/>
		<feat xlink:href="#sPointingRel1247" value="advmod"/>
		<feat xlink:href="#sPointingRel1249" value="vocative"/>
		<feat xlink:href="#sPointingRel1251" value="det"/>
		<feat xlink:href="#sPointingRel1253" value="nmod"/>
		<feat xlink:href="#sPointingRel1255" value="aux"/>
		<feat xlink:href="#sPointingRel1257" value="mark"/>
		<feat xlink:href="#sPointingRel1259" value="nmod"/>
		<feat xlink:href="#sPointingRel1261" value="mark"/>
		<feat xlink:href="#sPointingRel1263" value="advmod"/>
		<feat xlink:href="#sPointingRel1265" value="obl"/>
		<feat xlink:href="#sPointingRel1267" value="obl"/>
		<feat xlink:href="#sPointingRel1269" value="det"/>
		<feat xlink:href="#sPointingRel1271" value="nmod"/>
		<feat xlink:href="#sPointingRel1273" value="obl"/>
		<feat xlink:href="#sPointingRel1275" value="advmod"/>
		<feat xlink:href="#sPointingRel1277" value="conj"/>
		<feat xlink:href="#sPointingRel1279" value="det"/>
		<feat xlink:href="#sPointingRel1281" value="cc"/>
		<feat xlink:href="#sPointingRel1283" value="mark"/>
		<feat xlink:href="#sPointingRel1285" value="advmod"/>
		<feat xlink:href="#sPointingRel1287" value="mark"/>
		<feat xlink:href="#sPointingRel1289" value="nsubj"/>
		<feat xlink:href="#sPointingRel1291" value="advmod"/>
		<feat xlink:href="#sPointingRel1293" value="case"/>
		<feat xlink:href="#sPointingRel1295" value="case"/>
		<feat xlink:href="#sPointingRel1297" value="obl"/>
		<feat xlink:href="#sPointingRel1299" value="nsubj"/>
		<feat xlink:href="#sPointingRel1301" value="conj"/>
		<feat xlink:href="#sPointingRel1303" value="advcl"/>
		<feat xlink:href="#sPointingRel1305" value="obl"/>
		<feat xlink:href="#sPointingRel1307" value="advmod"/>
		<feat xlink:href="#sPointingRel1309" value="advmod"/>
		<feat xlink:href="#sPointingRel1311" value="case"/>
		<feat xlink:href="#sPointingRel1313" value="aux"/>
		<feat xlink:href="#sPointingRel1315" value="det"/>
		<feat xlink:href="#sPointingRel1317" value="det"/>
		<feat xlink:href="#sPointingRel1319" value="xcomp"/>
		<feat xlink:href="#sPointingRel1321" value="cc"/>
		<feat xlink:href="#sPointingRel1323" value="conj"/>
		<feat xlink:href="#sPointingRel1325" value="det"/>
		<feat xlink:href="#sPointingRel1327" value="case"/>
		<feat xlink:href="#sPointingRel1329" value="advcl"/>
		<feat xlink:href="#sPointingRel1331" value="cc"/>
		<feat xlink:href="#sPointingRel1333" value="mark"/>
		<feat xlink:href="#sPointingRel1335" value="mark"/>
		<feat xlink:href="#sPointingRel1337" value="cc"/>
		<feat xlink:href="#sPointingRel1339" value="obl"/>
		<feat xlink:href="#sPointingRel1341" value="obl"/>
		<feat xlink:href="#sPointingRel1343" value="discourse"/>
		<feat xlink:href="#sPointingRel1345" value="obl"/>
		<feat xlink:href="#sPointingRel1347" value="det"/>
		<feat xlink:href="#sPointingRel1349" value="conj"/>
		<feat xlink:href="#sPointingRel1351" value="case"/>
		<feat xlink:href="#sPointingRel1353" value="obl"/>
		<feat xlink:href="#sPointingRel1355" value="obl"/>
		<feat xlink:href="#sPointingRel1357" value="aux"/>
		<feat xlink:href="#sPointingRel1359" value="conj"/>
		<feat xlink:href="#sPointingRel1361" value="conj"/>
		<feat xlink:href="#sPointingRel1363" value="case"/>
		<feat xlink:href="#sPointingRel1365" value="obj"/>
		<feat xlink:href="#sPointingRel1367" value="case"/>
		<feat xlink:href="#sPointingRel1369" value="case"/>
		<feat xlink:href="#sPointingRel1371" value="case"/>
		<feat xlink:href="#sPointingRel1373" value="obl"/>
		<feat xlink:href="#sPointingRel1375" value="det"/>
		<feat xlink:href="#sPointingRel1377" value="ccomp"/>
		<feat xlink:href="#sPointingRel1379" value="aux"/>
		<feat xlink:href="#sPointingRel1381" value="obl"/>
		<feat xlink:href="#sPointingRel1383" value="obj"/>
		<feat xlink:href="#sPointingRel1385" value="nsubj"/>
		<feat xlink:href="#sPointingRel1387" value="case"/>
		<feat xlink:href="#sPointingRel1389" value="nmod"/>
		<feat xlink:href="#sPointingRel1391" value="nsubj"/>
		<feat xlink:href="#sPointingRel1393" value="det"/>
		<feat xlink:href="#sPointingRel1395" value="det"/>
		<feat xlink:href="#sPointingRel1397" value="case"/>
		<feat xlink:href="#sPointingRel1399" value="det"/>
		<feat xlink:href="#sPointingRel1401" value="conj"/>
		<feat xlink:href="#sPointingRel1403" value="aux"/>
		<feat xlink:href="#sPointingRel1405" value="nmod"/>
		<feat xlink:href="#sPointingRel1407" value="case"/>
		<feat xlink:href="#sPointingRel1409" value="advmod"/>
		<feat xlink:href="#sPointingRel1411" value="obl"/>
		<feat xlink:href="#sPointingRel1413" value="aux"/>
		<feat xlink:href="#sPointingRel1415" value="mark"/>
		<feat xlink:href="#sPointingRel1417" value="obl"/>
		<feat xlink:href="#sPointingRel1419" value="det"/></featList></paula>