<?xml version='1.0' encoding='UTF-8'?><!DOCTYPE paula SYSTEM "paula_feat.dtd">
<paula version="1.1">
	<header paula_id="scriptorium.shenoute.those.GF253-256.mark_lb_n"/>
	<featList xmlns:xlink="http://www.w3.org/1999/xlink" type="lb_n" xml:base="scriptorium.shenoute.those.GF253-256.mark.xml">
		<feat xlink:href="#sSpan6" value="1"/>
		<feat xlink:href="#sSpan22" value="2"/>
		<feat xlink:href="#sSpan35" value="3"/>
		<feat xlink:href="#sSpan47" value="4"/>
		<feat xlink:href="#sSpan64" value="5"/>
		<feat xlink:href="#sSpan82" value="6"/>
		<feat xlink:href="#sSpan98" value="7"/>
		<feat xlink:href="#sSpan117" value="8"/>
		<feat xlink:href="#sSpan133" value="9"/>
		<feat xlink:href="#sSpan152" value="10"/>
		<feat xlink:href="#sSpan164" value="11"/>
		<feat xlink:href="#sSpan183" value="12"/>
		<feat xlink:href="#sSpan199" value="13"/>
		<feat xlink:href="#sSpan215" value="14"/>
		<feat xlink:href="#sSpan233" value="15"/>
		<feat xlink:href="#sSpan239" value="16"/>
		<feat xlink:href="#sSpan241" value="17"/>
		<feat xlink:href="#sSpan247" value="18"/>
		<feat xlink:href="#sSpan261" value="19"/>
		<feat xlink:href="#sSpan273" value="20"/>
		<feat xlink:href="#sSpan288" value="21"/>
		<feat xlink:href="#sSpan296" value="22"/>
		<feat xlink:href="#sSpan316" value="23"/>
		<feat xlink:href="#sSpan328" value="24"/>
		<feat xlink:href="#sSpan338" value="25"/>
		<feat xlink:href="#sSpan352" value="1"/>
		<feat xlink:href="#sSpan367" value="2"/>
		<feat xlink:href="#sSpan377" value="3"/>
		<feat xlink:href="#sSpan394" value="4"/>
		<feat xlink:href="#sSpan403" value="5"/>
		<feat xlink:href="#sSpan419" value="6"/>
		<feat xlink:href="#sSpan427" value="7"/>
		<feat xlink:href="#sSpan438" value="8"/>
		<feat xlink:href="#sSpan453" value="9"/>
		<feat xlink:href="#sSpan466" value="10"/>
		<feat xlink:href="#sSpan483" value="11"/>
		<feat xlink:href="#sSpan493" value="12"/>
		<feat xlink:href="#sSpan507" value="13"/>
		<feat xlink:href="#sSpan530" value="14"/>
		<feat xlink:href="#sSpan544" value="15"/>
		<feat xlink:href="#sSpan555" value="16"/>
		<feat xlink:href="#sSpan568" value="17"/>
		<feat xlink:href="#sSpan586" value="18"/>
		<feat xlink:href="#sSpan603" value="19"/>
		<feat xlink:href="#sSpan615" value="20"/>
		<feat xlink:href="#sSpan631" value="21"/>
		<feat xlink:href="#sSpan646" value="22"/>
		<feat xlink:href="#sSpan666" value="23"/>
		<feat xlink:href="#sSpan675" value="24"/>
		<feat xlink:href="#sSpan689" value="25"/>
		<feat xlink:href="#sSpan704" value="26"/>
		<feat xlink:href="#sSpan720" value="27"/>
		<feat xlink:href="#sSpan734" value="1"/>
		<feat xlink:href="#sSpan750" value="2"/>
		<feat xlink:href="#sSpan761" value="3"/>
		<feat xlink:href="#sSpan781" value="4"/>
		<feat xlink:href="#sSpan795" value="5"/>
		<feat xlink:href="#sSpan812" value="6"/>
		<feat xlink:href="#sSpan831" value="7"/>
		<feat xlink:href="#sSpan855" value="8"/>
		<feat xlink:href="#sSpan871" value="9"/>
		<feat xlink:href="#sSpan883" value="10"/>
		<feat xlink:href="#sSpan897" value="11"/>
		<feat xlink:href="#sSpan912" value="12"/>
		<feat xlink:href="#sSpan927" value="13"/>
		<feat xlink:href="#sSpan942" value="14"/>
		<feat xlink:href="#sSpan954" value="15"/>
		<feat xlink:href="#sSpan964" value="16"/>
		<feat xlink:href="#sSpan976" value="17"/>
		<feat xlink:href="#sSpan989" value="18"/>
		<feat xlink:href="#sSpan1007" value="19"/>
		<feat xlink:href="#sSpan1022" value="20"/>
		<feat xlink:href="#sSpan1036" value="21"/>
		<feat xlink:href="#sSpan1050" value="22"/>
		<feat xlink:href="#sSpan1068" value="23"/>
		<feat xlink:href="#sSpan1083" value="24"/>
		<feat xlink:href="#sSpan1095" value="1"/>
		<feat xlink:href="#sSpan1114" value="2"/>
		<feat xlink:href="#sSpan1121" value="3"/>
		<feat xlink:href="#sSpan1137" value="4"/>
		<feat xlink:href="#sSpan1153" value="5"/>
		<feat xlink:href="#sSpan1166" value="6"/>
		<feat xlink:href="#sSpan1179" value="7"/>
		<feat xlink:href="#sSpan1192" value="8"/>
		<feat xlink:href="#sSpan1212" value="9"/>
		<feat xlink:href="#sSpan1222" value="10"/>
		<feat xlink:href="#sSpan1241" value="11"/>
		<feat xlink:href="#sSpan1250" value="12"/>
		<feat xlink:href="#sSpan1262" value="13"/>
		<feat xlink:href="#sSpan1285" value="14"/>
		<feat xlink:href="#sSpan1297" value="15"/>
		<feat xlink:href="#sSpan1313" value="16"/>
		<feat xlink:href="#sSpan1324" value="17"/>
		<feat xlink:href="#sSpan1342" value="18"/>
		<feat xlink:href="#sSpan1353" value="19"/>
		<feat xlink:href="#sSpan1367" value="20"/>
		<feat xlink:href="#sSpan1382" value="21"/>
		<feat xlink:href="#sSpan1401" value="22"/>
		<feat xlink:href="#sSpan1412" value="23"/>
		<feat xlink:href="#sSpan1425" value="24"/>
		<feat xlink:href="#sSpan1440" value="25"/>
		<feat xlink:href="#sSpan1453" value="1"/>
		<feat xlink:href="#sSpan1472" value="2"/>
		<feat xlink:href="#sSpan1490" value="3"/>
		<feat xlink:href="#sSpan1502" value="4"/>
		<feat xlink:href="#sSpan1516" value="5"/>
		<feat xlink:href="#sSpan1535" value="6"/>
		<feat xlink:href="#sSpan1553" value="7"/>
		<feat xlink:href="#sSpan1569" value="8"/>
		<feat xlink:href="#sSpan1581" value="9"/>
		<feat xlink:href="#sSpan1595" value="10"/>
		<feat xlink:href="#sSpan1605" value="11"/>
		<feat xlink:href="#sSpan1617" value="12"/>
		<feat xlink:href="#sSpan1626" value="13"/>
		<feat xlink:href="#sSpan1644" value="14"/>
		<feat xlink:href="#sSpan1659" value="15"/>
		<feat xlink:href="#sSpan1682" value="16"/>
		<feat xlink:href="#sSpan1694" value="17"/>
		<feat xlink:href="#sSpan1708" value="18"/>
		<feat xlink:href="#sSpan1728" value="19"/>
		<feat xlink:href="#sSpan1742" value="20"/>
		<feat xlink:href="#sSpan1756" value="21"/>
		<feat xlink:href="#sSpan1765" value="22"/>
		<feat xlink:href="#sSpan1775" value="23"/>
		<feat xlink:href="#sSpan1782" value="1"/>
		<feat xlink:href="#sSpan1796" value="2"/>
		<feat xlink:href="#sSpan1811" value="3"/>
		<feat xlink:href="#sSpan1816" value="4"/>
		<feat xlink:href="#sSpan1829" value="5"/>
		<feat xlink:href="#sSpan1844" value="6"/>
		<feat xlink:href="#sSpan1855" value="7"/>
		<feat xlink:href="#sSpan1870" value="8"/>
		<feat xlink:href="#sSpan1875" value="9"/>
		<feat xlink:href="#sSpan1892" value="10"/>
		<feat xlink:href="#sSpan1903" value="11"/>
		<feat xlink:href="#sSpan1914" value="12"/>
		<feat xlink:href="#sSpan1922" value="13"/>
		<feat xlink:href="#sSpan1933" value="14"/>
		<feat xlink:href="#sSpan1950" value="15"/>
		<feat xlink:href="#sSpan1960" value="16"/>
		<feat xlink:href="#sSpan1973" value="17"/>
		<feat xlink:href="#sSpan1987" value="18"/>
		<feat xlink:href="#sSpan2001" value="19"/>
		<feat xlink:href="#sSpan2017" value="20"/>
		<feat xlink:href="#sSpan2033" value="21"/>
		<feat xlink:href="#sSpan2042" value="22"/>
		<feat xlink:href="#sSpan2061" value="23"/>
		<feat xlink:href="#sSpan2073" value="24"/>
		<feat xlink:href="#sSpan2085" value="1"/>
		<feat xlink:href="#sSpan2102" value="2"/>
		<feat xlink:href="#sSpan2116" value="3"/>
		<feat xlink:href="#sSpan2131" value="4"/>
		<feat xlink:href="#sSpan2147" value="5"/>
		<feat xlink:href="#sSpan2163" value="6"/>
		<feat xlink:href="#sSpan2173" value="7"/>
		<feat xlink:href="#sSpan2187" value="8"/>
		<feat xlink:href="#sSpan2199" value="9"/>
		<feat xlink:href="#sSpan2212" value="10"/>
		<feat xlink:href="#sSpan2223" value="11"/>
		<feat xlink:href="#sSpan2236" value="12"/>
		<feat xlink:href="#sSpan2261" value="13"/>
		<feat xlink:href="#sSpan2271" value="14"/>
		<feat xlink:href="#sSpan2285" value="15"/>
		<feat xlink:href="#sSpan2302" value="16"/>
		<feat xlink:href="#sSpan2321" value="17"/>
		<feat xlink:href="#sSpan2342" value="18"/>
		<feat xlink:href="#sSpan2360" value="19"/>
		<feat xlink:href="#sSpan2381" value="20"/>
		<feat xlink:href="#sSpan2399" value="21"/>
		<feat xlink:href="#sSpan2416" value="22"/>
		<feat xlink:href="#sSpan2427" value="23"/>
		<feat xlink:href="#sSpan2442" value="24"/>
		<feat xlink:href="#sSpan2459" value="25"/>
		<feat xlink:href="#sSpan2470" value="1"/>
		<feat xlink:href="#sSpan2490" value="2"/>
		<feat xlink:href="#sSpan2504" value="3"/>
		<feat xlink:href="#sSpan2516" value="4"/>
		<feat xlink:href="#sSpan2530" value="5"/>
		<feat xlink:href="#sSpan2544" value="6"/>
		<feat xlink:href="#sSpan2563" value="7"/>
		<feat xlink:href="#sSpan2579" value="8"/>
		<feat xlink:href="#sSpan2591" value="9"/>
		<feat xlink:href="#sSpan2600" value="10"/>
		<feat xlink:href="#sSpan2618" value="11"/>
		<feat xlink:href="#sSpan2632" value="12"/>
		<feat xlink:href="#sSpan2644" value="13"/>
		<feat xlink:href="#sSpan2658" value="14"/>
		<feat xlink:href="#sSpan2669" value="15"/>
		<feat xlink:href="#sSpan2688" value="16"/>
		<feat xlink:href="#sSpan2700" value="17"/>
		<feat xlink:href="#sSpan2712" value="18"/>
		<feat xlink:href="#sSpan2725" value="19"/>
		<feat xlink:href="#sSpan2736" value="20"/>
		<feat xlink:href="#sSpan2745" value="21"/>
		<feat xlink:href="#sSpan2756" value="22"/>
		<feat xlink:href="#sSpan2776" value="23"/>
		<feat xlink:href="#sSpan2792" value="24"/>
		<feat xlink:href="#sSpan2803" value="25"/></featList></paula>