<?xml version='1.0' encoding='UTF-8'?><!DOCTYPE paula SYSTEM "paula_feat.dtd">
<paula version="1.1">
	<header paula_id="scriptorium.shenoute.those.GF253-256.mark_pos"/>
	<featList xmlns:xlink="http://www.w3.org/1999/xlink" type="pos" xml:base="scriptorium.shenoute.those.GF253-256.mark.xml">
		<feat xlink:href="#sSpan2" value="ART"/>
		<feat xlink:href="#sSpan15" value="N"/>
		<feat xlink:href="#sSpan17" value="CCIRC"/>
		<feat xlink:href="#sSpan23" value="APST"/>
		<feat xlink:href="#sSpan25" value="PPERS"/>
		<feat xlink:href="#sSpan27" value="V"/>
		<feat xlink:href="#sSpan29" value="PPERO"/>
		<feat xlink:href="#sSpan31" value="PREP"/>
		<feat xlink:href="#sSpan36" value="ART"/>
		<feat xlink:href="#sSpan39" value="N"/>
		<feat xlink:href="#sSpan41" value="PREP"/>
		<feat xlink:href="#sSpan45" value="ART"/>
		<feat xlink:href="#sSpan49" value="ACAUS"/>
		<feat xlink:href="#sSpan51" value="PPERS"/>
		<feat xlink:href="#sSpan53" value="V"/>
		<feat xlink:href="#sSpan55" value="PREP"/>
		<feat xlink:href="#sSpan59" value="ART"/>
		<feat xlink:href="#sSpan62" value="N"/>
		<feat xlink:href="#sSpan65" value="CCIRC"/>
		<feat xlink:href="#sSpan69" value="PPERS"/>
		<feat xlink:href="#sSpan71" value="VSTAT"/>
		<feat xlink:href="#sSpan73" value="PREP"/>
		<feat xlink:href="#sSpan77" value="ART"/>
		<feat xlink:href="#sSpan80" value="N"/>
		<feat xlink:href="#sSpan83" value="CREL"/>
		<feat xlink:href="#sSpan87" value="V"/>
		<feat xlink:href="#sSpan89" value="PREP"/>
		<feat xlink:href="#sSpan93" value="ART"/>
		<feat xlink:href="#sSpan96" value="N"/>
		<feat xlink:href="#sSpan99" value="PUNCT"/>
		<feat xlink:href="#sSpan103" value="CCIRC"/>
		<feat xlink:href="#sSpan107" value="PPERS"/>
		<feat xlink:href="#sSpan109" value="V"/>
		<feat xlink:href="#sSpan111" value="PREP"/>
		<feat xlink:href="#sSpan115" value="ACAUS"/>
		<feat xlink:href="#sSpan118" value="PPERS"/>
		<feat xlink:href="#sSpan120" value="V"/>
		<feat xlink:href="#sSpan122" value="PPERO"/>
		<feat xlink:href="#sSpan124" value="PREP"/>
		<feat xlink:href="#sSpan128" value="ART"/>
		<feat xlink:href="#sSpan131" value="CREL"/>
		<feat xlink:href="#sSpan134" value="PPERS"/>
		<feat xlink:href="#sSpan136" value="V"/>
		<feat xlink:href="#sSpan138" value="PREP"/>
		<feat xlink:href="#sSpan142" value="PPERO"/>
		<feat xlink:href="#sSpan144" value="PUNCT"/>
		<feat xlink:href="#sSpan148" value="PREP"/>
		<feat xlink:href="#sSpan153" value="PPERO"/>
		<feat xlink:href="#sSpan155" value="PREP"/>
		<feat xlink:href="#sSpan159" value="N"/>
		<feat xlink:href="#sSpan162" value="PREP"/>
		<feat xlink:href="#sSpan165" value="N"/>
		<feat xlink:href="#sSpan167" value="PUNCT"/>
		<feat xlink:href="#sSpan171" value="CONJ"/>
		<feat xlink:href="#sSpan175" value="CCIRC"/>
		<feat xlink:href="#sSpan179" value="PPERS"/>
		<feat xlink:href="#sSpan181" value="V"/>
		<feat xlink:href="#sSpan184" value="PREP"/>
		<feat xlink:href="#sSpan188" value="ACAUS"/>
		<feat xlink:href="#sSpan190" value="PDEM"/>
		<feat xlink:href="#sSpan193" value="N"/>
		<feat xlink:href="#sSpan195" value="V"/>
		<feat xlink:href="#sSpan200" value="PREP"/>
		<feat xlink:href="#sSpan204" value="PPERO"/>
		<feat xlink:href="#sSpan206" value="PREP"/>
		<feat xlink:href="#sSpan210" value="ART"/>
		<feat xlink:href="#sSpan213" value="N"/>
		<feat xlink:href="#sSpan216" value="PREP"/>
		<feat xlink:href="#sSpan220" value="ART"/>
		<feat xlink:href="#sSpan223" value="CREL"/>
		<feat xlink:href="#sSpan225" value="ADV"/>
		<feat xlink:href="#sSpan228" value="PUNCT"/>
		<feat xlink:href="#sSpan234" value="PUNCT"/>
		<feat xlink:href="#sSpan242" value="ART"/>
		<feat xlink:href="#sSpan251" value="N"/>
		<feat xlink:href="#sSpan253" value="V"/>
		<feat xlink:href="#sSpan257" value="PREP"/>
		<feat xlink:href="#sSpan262" value="PPERO"/>
		<feat xlink:href="#sSpan264" value="PREP"/>
		<feat xlink:href="#sSpan268" value="ART"/>
		<feat xlink:href="#sSpan271" value="CREL"/>
		<feat xlink:href="#sSpan274" value="PPOS"/>
		<feat xlink:href="#sSpan276" value="PPERO"/>
		<feat xlink:href="#sSpan278" value="COP"/>
		<feat xlink:href="#sSpan282" value="PUNCT"/>
		<feat xlink:href="#sSpan286" value="CONJ"/>
		<feat xlink:href="#sSpan291" value="ANEGOPT"/>
		<feat xlink:href="#sSpan293" value="N"/>
		<feat xlink:href="#sSpan297" value="V"/>
		<feat xlink:href="#sSpan301" value="PREP"/>
		<feat xlink:href="#sSpan305" value="N"/>
		<feat xlink:href="#sSpan308" value="PUNCT"/>
		<feat xlink:href="#sSpan312" value="CONJ"/>
		<feat xlink:href="#sSpan317" value="CONJ"/>
		<feat xlink:href="#sSpan321" value="ANEGOPT"/>
		<feat xlink:href="#sSpan323" value="ART"/>
		<feat xlink:href="#sSpan326" value="N"/>
		<feat xlink:href="#sSpan329" value="V"/>
		<feat xlink:href="#sSpan334" value="N"/>
		<feat xlink:href="#sSpan339" value="PUNCT"/>
		<feat xlink:href="#sSpan343" value="ACONJ"/>
		<feat xlink:href="#sSpan347" value="ART"/>
		<feat xlink:href="#sSpan350" value="N"/>
		<feat xlink:href="#sSpan354" value="PREP"/>
		<feat xlink:href="#sSpan358" value="ART"/>
		<feat xlink:href="#sSpan361" value="N"/>
		<feat xlink:href="#sSpan363" value="V"/>
		<feat xlink:href="#sSpan368" value="PUNCT"/>
		<feat xlink:href="#sSpan373" value="PREP"/>
		<feat xlink:href="#sSpan380" value="PDEM"/>
		<feat xlink:href="#sSpan382" value="N"/>
		<feat xlink:href="#sSpan384" value="ADV"/>
		<feat xlink:href="#sSpan388" value="EXIST"/>
		<feat xlink:href="#sSpan392" value="N"/>
		<feat xlink:href="#sSpan396" value="PREP"/>
		<feat xlink:href="#sSpan401" value="N"/>
		<feat xlink:href="#sSpan404" value="FUT"/>
		<feat xlink:href="#sSpan408" value="V"/>
		<feat xlink:href="#sSpan410" value="PREP"/>
		<feat xlink:href="#sSpan414" value="ART"/>
		<feat xlink:href="#sSpan417" value="N"/>
		<feat xlink:href="#sSpan420" value="PREP"/>
		<feat xlink:href="#sSpan425" value="N"/>
		<feat xlink:href="#sSpan428" value="PUNCT"/>
		<feat xlink:href="#sSpan434" value="CONJ"/>
		<feat xlink:href="#sSpan439" value="PREP"/>
		<feat xlink:href="#sSpan444" value="N"/>
		<feat xlink:href="#sSpan449" value="PREP"/>
		<feat xlink:href="#sSpan454" value="ART"/>
		<feat xlink:href="#sSpan457" value="N"/>
		<feat xlink:href="#sSpan459" value="PREP"/>
		<feat xlink:href="#sSpan463" value="ART"/>
		<feat xlink:href="#sSpan468" value="N"/>
		<feat xlink:href="#sSpan471" value="PUNCT"/>
		<feat xlink:href="#sSpan475" value="CCIRC"/>
		<feat xlink:href="#sSpan479" value="PPERS"/>
		<feat xlink:href="#sSpan481" value="V"/>
		<feat xlink:href="#sSpan484" value="PREP"/>
		<feat xlink:href="#sSpan488" value="ART"/>
		<feat xlink:href="#sSpan491" value="N"/>
		<feat xlink:href="#sSpan494" value="PUNCT"/>
		<feat xlink:href="#sSpan498" value="PREP"/>
		<feat xlink:href="#sSpan502" value="ART"/>
		<feat xlink:href="#sSpan505" value="N"/>
		<feat xlink:href="#sSpan508" value="PUNCT"/>
		<feat xlink:href="#sSpan512" value="NEG"/>
		<feat xlink:href="#sSpan516" value="PPERS"/>
		<feat xlink:href="#sSpan518" value="FUT"/>
		<feat xlink:href="#sSpan520" value="V"/>
		<feat xlink:href="#sSpan522" value="NEG"/>
		<feat xlink:href="#sSpan526" value="PREP"/>
		<feat xlink:href="#sSpan531" value="ART"/>
		<feat xlink:href="#sSpan534" value="N"/>
		<feat xlink:href="#sSpan536" value="PUNCT"/>
		<feat xlink:href="#sSpan540" value="CCIRC"/>
		<feat xlink:href="#sSpan545" value="PPOS"/>
		<feat xlink:href="#sSpan549" value="N"/>
		<feat xlink:href="#sSpan551" value="PREP"/>
		<feat xlink:href="#sSpan556" value="ART"/>
		<feat xlink:href="#sSpan559" value="N"/>
		<feat xlink:href="#sSpan561" value="PREP"/>
		<feat xlink:href="#sSpan565" value="PPOS"/>
		<feat xlink:href="#sSpan570" value="N"/>
		<feat xlink:href="#sSpan573" value="NPROP"/>
		<feat xlink:href="#sSpan577" value="PUNCT"/>
		<feat xlink:href="#sSpan582" value="ART"/>
		<feat xlink:href="#sSpan591" value="N"/>
		<feat xlink:href="#sSpan594" value="PREP"/>
		<feat xlink:href="#sSpan598" value="ART"/>
		<feat xlink:href="#sSpan601" value="N"/>
		<feat xlink:href="#sSpan604" value="PREP"/>
		<feat xlink:href="#sSpan609" value="N"/>
		<feat xlink:href="#sSpan611" value="CONJ"/>
		<feat xlink:href="#sSpan616" value="ART"/>
		<feat xlink:href="#sSpan622" value="N"/>
		<feat xlink:href="#sSpan625" value="PREP"/>
		<feat xlink:href="#sSpan629" value="N"/>
		<feat xlink:href="#sSpan632" value="PUNCT"/>
		<feat xlink:href="#sSpan636" value="CCIRC"/>
		<feat xlink:href="#sSpan640" value="PPERS"/>
		<feat xlink:href="#sSpan642" value="FUT"/>
		<feat xlink:href="#sSpan644" value="V"/>
		<feat xlink:href="#sSpan647" value="ADV"/>
		<feat xlink:href="#sSpan651" value="PREP"/>
		<feat xlink:href="#sSpan655" value="PPERO"/>
		<feat xlink:href="#sSpan657" value="PUNCT"/>
		<feat xlink:href="#sSpan662" value="CONJ"/>
		<feat xlink:href="#sSpan667" value="ART"/>
		<feat xlink:href="#sSpan673" value="N"/>
		<feat xlink:href="#sSpan676" value="PREP"/>
		<feat xlink:href="#sSpan680" value="ART"/>
		<feat xlink:href="#sSpan683" value="N"/>
		<feat xlink:href="#sSpan685" value="PREP"/>
		<feat xlink:href="#sSpan691" value="N"/>
		<feat xlink:href="#sSpan693" value="FUT"/>
		<feat xlink:href="#sSpan697" value="V"/>
		<feat xlink:href="#sSpan700" value="ADV"/>
		<feat xlink:href="#sSpan705" value="PREP"/>
		<feat xlink:href="#sSpan709" value="PPERO"/>
		<feat xlink:href="#sSpan711" value="PUNCT"/>
		<feat xlink:href="#sSpan716" value="EXIST"/>
		<feat xlink:href="#sSpan724" value="N"/>
		<feat xlink:href="#sSpan730" value="VSTAT"/>
		<feat xlink:href="#sSpan737" value="PREP"/>
		<feat xlink:href="#sSpan741" value="ART"/>
		<feat xlink:href="#sSpan744" value="N"/>
		<feat xlink:href="#sSpan746" value="CREL"/>
		<feat xlink:href="#sSpan751" value="PPERS"/>
		<feat xlink:href="#sSpan753" value="FUT"/>
		<feat xlink:href="#sSpan755" value="V"/>
		<feat xlink:href="#sSpan757" value="PREP"/>
		<feat xlink:href="#sSpan762" value="PPERO"/>
		<feat xlink:href="#sSpan764" value="PUNCT"/>
		<feat xlink:href="#sSpan768" value="PREP"/>
		<feat xlink:href="#sSpan772" value="ART"/>
		<feat xlink:href="#sSpan775" value="CREL"/>
		<feat xlink:href="#sSpan777" value="FUT"/>
		<feat xlink:href="#sSpan779" value="V"/>
		<feat xlink:href="#sSpan782" value="PPERO"/>
		<feat xlink:href="#sSpan784" value="ADV"/>
		<feat xlink:href="#sSpan788" value="PREP"/>
		<feat xlink:href="#sSpan792" value="N"/>
		<feat xlink:href="#sSpan796" value="ADV"/>
		<feat xlink:href="#sSpan801" value="PREP"/>
		<feat xlink:href="#sSpan805" value="ART"/>
		<feat xlink:href="#sSpan809" value="N"/>
		<feat xlink:href="#sSpan813" value="PREP"/>
		<feat xlink:href="#sSpan817" value="ART"/>
		<feat xlink:href="#sSpan820" value="N"/>
		<feat xlink:href="#sSpan822" value="PUNCT"/>
		<feat xlink:href="#sSpan827" value="PREP"/>
		<feat xlink:href="#sSpan836" value="N"/>
		<feat xlink:href="#sSpan838" value="PTC"/>
		<feat xlink:href="#sSpan842" value="CCIRC"/>
		<feat xlink:href="#sSpan846" value="ART"/>
		<feat xlink:href="#sSpan849" value="NUM"/>
		<feat xlink:href="#sSpan851" value="ART"/>
		<feat xlink:href="#sSpan856" value="NUM"/>
		<feat xlink:href="#sSpan858" value="FUT"/>
		<feat xlink:href="#sSpan863" value="V"/>
		<feat xlink:href="#sSpan867" value="PREP"/>
		<feat xlink:href="#sSpan872" value="PPERO"/>
		<feat xlink:href="#sSpan874" value="PREP"/>
		<feat xlink:href="#sSpan878" value="ART"/>
		<feat xlink:href="#sSpan881" value="N"/>
		<feat xlink:href="#sSpan884" value="V"/>
		<feat xlink:href="#sSpan889" value="PREP"/>
		<feat xlink:href="#sSpan894" value="ART"/>
		<feat xlink:href="#sSpan898" value="CREL"/>
		<feat xlink:href="#sSpan900" value="VSTAT"/>
		<feat xlink:href="#sSpan902" value="PUNCT"/>
		<feat xlink:href="#sSpan906" value="CONJ"/>
		<feat xlink:href="#sSpan910" value="V"/>
		<feat xlink:href="#sSpan913" value="PPERO"/>
		<feat xlink:href="#sSpan915" value="ADV"/>
		<feat xlink:href="#sSpan919" value="PUNCT"/>
		<feat xlink:href="#sSpan923" value="V"/>
		<feat xlink:href="#sSpan928" value="PPERO"/>
		<feat xlink:href="#sSpan930" value="ADV"/>
		<feat xlink:href="#sSpan934" value="PUNCT"/>
		<feat xlink:href="#sSpan938" value="NEG"/>
		<feat xlink:href="#sSpan943" value="V"/>
		<feat xlink:href="#sSpan945" value="PREP"/>
		<feat xlink:href="#sSpan951" value="N"/>
		<feat xlink:href="#sSpan955" value="PUNCT"/>
		<feat xlink:href="#sSpan960" value="NEG"/>
		<feat xlink:href="#sSpan968" value="V"/>
		<feat xlink:href="#sSpan970" value="PREP"/>
		<feat xlink:href="#sSpan974" value="ART"/>
		<feat xlink:href="#sSpan978" value="N"/>
		<feat xlink:href="#sSpan980" value="PREP"/>
		<feat xlink:href="#sSpan984" value="ART"/>
		<feat xlink:href="#sSpan987" value="CREL"/>
		<feat xlink:href="#sSpan990" value="VSTAT"/>
		<feat xlink:href="#sSpan992" value="PREP"/>
		<feat xlink:href="#sSpan996" value="N"/>
		<feat xlink:href="#sSpan999" value="PREP"/>
		<feat xlink:href="#sSpan1004" value="NPROP"/>
		<feat xlink:href="#sSpan1008" value="PUNCT"/>
		<feat xlink:href="#sSpan1012" value="CREL"/>
		<feat xlink:href="#sSpan1016" value="V"/>
		<feat xlink:href="#sSpan1018" value="CONJ"/>
		<feat xlink:href="#sSpan1023" value="CREL"/>
		<feat xlink:href="#sSpan1027" value="VSTAT"/>
		<feat xlink:href="#sSpan1029" value="PREP"/>
		<feat xlink:href="#sSpan1033" value="ART"/>
		<feat xlink:href="#sSpan1038" value="NPROP"/>
		<feat xlink:href="#sSpan1040" value="CCIRC"/>
		<feat xlink:href="#sSpan1044" value="V"/>
		<feat xlink:href="#sSpan1046" value="ADV"/>
		<feat xlink:href="#sSpan1051" value="PREP"/>
		<feat xlink:href="#sSpan1055" value="PPERO"/>
		<feat xlink:href="#sSpan1057" value="PUNCT"/>
		<feat xlink:href="#sSpan1061" value="ART"/>
		<feat xlink:href="#sSpan1066" value="N"/>
		<feat xlink:href="#sSpan1069" value="PREP"/>
		<feat xlink:href="#sSpan1074" value="N"/>
		<feat xlink:href="#sSpan1077" value="PUNCT"/>
		<feat xlink:href="#sSpan1081" value="CONJ"/>
		<feat xlink:href="#sSpan1086" value="ANEGOPT"/>
		<feat xlink:href="#sSpan1088" value="ART"/>
		<feat xlink:href="#sSpan1091" value="CREL"/>
		<feat xlink:href="#sSpan1093" value="V"/>
		<feat xlink:href="#sSpan1097" value="PREP"/>
		<feat xlink:href="#sSpan1101" value="ART"/>
		<feat xlink:href="#sSpan1104" value="CREL"/>
		<feat xlink:href="#sSpan1106" value="ADV"/>
		<feat xlink:href="#sSpan1109" value="NPROP"/>
		<feat xlink:href="#sSpan1115" value="V"/>
		<feat xlink:href="#sSpan1119" value="PPERO"/>
		<feat xlink:href="#sSpan1122" value="PREP"/>
		<feat xlink:href="#sSpan1126" value="PPERO"/>
		<feat xlink:href="#sSpan1128" value="PUNCT"/>
		<feat xlink:href="#sSpan1133" value="CONJ"/>
		<feat xlink:href="#sSpan1140" value="APST"/>
		<feat xlink:href="#sSpan1144" value="ART"/>
		<feat xlink:href="#sSpan1147" value="N"/>
		<feat xlink:href="#sSpan1149" value="CREL"/>
		<feat xlink:href="#sSpan1154" value="VSTAT"/>
		<feat xlink:href="#sSpan1156" value="V"/>
		<feat xlink:href="#sSpan1160" value="PPERO"/>
		<feat xlink:href="#sSpan1162" value="CONJ"/>
		<feat xlink:href="#sSpan1167" value="APST"/>
		<feat xlink:href="#sSpan1169" value="ART"/>
		<feat xlink:href="#sSpan1173" value="N"/>
		<feat xlink:href="#sSpan1175" value="V"/>
		<feat xlink:href="#sSpan1180" value="PREP"/>
		<feat xlink:href="#sSpan1185" value="NPROP"/>
		<feat xlink:href="#sSpan1188" value="PREP"/>
		<feat xlink:href="#sSpan1193" value="ACAUS"/>
		<feat xlink:href="#sSpan1195" value="PPERS"/>
		<feat xlink:href="#sSpan1197" value="V"/>
		<feat xlink:href="#sSpan1200" value="ADV"/>
		<feat xlink:href="#sSpan1204" value="PREP"/>
		<feat xlink:href="#sSpan1209" value="NPROP"/>
		<feat xlink:href="#sSpan1214" value="ADV"/>
		<feat xlink:href="#sSpan1218" value="CCIRC"/>
		<feat xlink:href="#sSpan1223" value="PPERS"/>
		<feat xlink:href="#sSpan1226" value="V"/>
		<feat xlink:href="#sSpan1229" value="PREP"/>
		<feat xlink:href="#sSpan1233" value="PPERO"/>
		<feat xlink:href="#sSpan1235" value="CONJ"/>
		<feat xlink:href="#sSpan1239" value="ANEGOPT"/>
		<feat xlink:href="#sSpan1242" value="PPERS"/>
		<feat xlink:href="#sSpan1244" value="V"/>
		<feat xlink:href="#sSpan1246" value="PREP"/>
		<feat xlink:href="#sSpan1251" value="PPERO"/>
		<feat xlink:href="#sSpan1253" value="PUNCT"/>
		<feat xlink:href="#sSpan1258" value="CCIRC"/>
		<feat xlink:href="#sSpan1265" value="PPERS"/>
		<feat xlink:href="#sSpan1267" value="V"/>
		<feat xlink:href="#sSpan1269" value="PREP"/>
		<feat xlink:href="#sSpan1273" value="PPERO"/>
		<feat xlink:href="#sSpan1275" value="PREP"/>
		<feat xlink:href="#sSpan1279" value="PPERO"/>
		<feat xlink:href="#sSpan1281" value="ADV"/>
		<feat xlink:href="#sSpan1286" value="IMOD"/>
		<feat xlink:href="#sSpan1290" value="PPERO"/>
		<feat xlink:href="#sSpan1293" value="PTC"/>
		<feat xlink:href="#sSpan1298" value="ART"/>
		<feat xlink:href="#sSpan1303" value="N"/>
		<feat xlink:href="#sSpan1305" value="ADV"/>
		<feat xlink:href="#sSpan1309" value="PREP"/>
		<feat xlink:href="#sSpan1314" value="ART"/>
		<feat xlink:href="#sSpan1318" value="N"/>
		<feat xlink:href="#sSpan1320" value="PREP"/>
		<feat xlink:href="#sSpan1325" value="ART"/>
		<feat xlink:href="#sSpan1328" value="N"/>
		<feat xlink:href="#sSpan1330" value="PUNCT"/>
		<feat xlink:href="#sSpan1334" value="CONJ"/>
		<feat xlink:href="#sSpan1338" value="ACONJ"/>
		<feat xlink:href="#sSpan1343" value="PPERS"/>
		<feat xlink:href="#sSpan1345" value="V"/>
		<feat xlink:href="#sSpan1347" value="PPERO"/>
		<feat xlink:href="#sSpan1349" value="ADV"/>
		<feat xlink:href="#sSpan1354" value="PREP"/>
		<feat xlink:href="#sSpan1358" value="PPOS"/>
		<feat xlink:href="#sSpan1361" value="N"/>
		<feat xlink:href="#sSpan1363" value="CONJ"/>
		<feat xlink:href="#sSpan1368" value="ANEGOPT"/>
		<feat xlink:href="#sSpan1370" value="PPERS"/>
		<feat xlink:href="#sSpan1372" value="V"/>
		<feat xlink:href="#sSpan1374" value="PPERO"/>
		<feat xlink:href="#sSpan1376" value="PREP"/>
		<feat xlink:href="#sSpan1380" value="PPOS"/>
		<feat xlink:href="#sSpan1383" value="N"/>
		<feat xlink:href="#sSpan1385" value="PUNCT"/>
		<feat xlink:href="#sSpan1389" value="CONJ"/>
		<feat xlink:href="#sSpan1393" value="ACONJ"/>
		<feat xlink:href="#sSpan1397" value="PPERS"/>
		<feat xlink:href="#sSpan1399" value="V"/>
		<feat xlink:href="#sSpan1402" value="PPERO"/>
		<feat xlink:href="#sSpan1404" value="ADV"/>
		<feat xlink:href="#sSpan1408" value="PREP"/>
		<feat xlink:href="#sSpan1414" value="PPERO"/>
		<feat xlink:href="#sSpan1416" value="PUNCT"/>
		<feat xlink:href="#sSpan1421" value="EXIST"/>
		<feat xlink:href="#sSpan1429" value="ART"/>
		<feat xlink:href="#sSpan1433" value="N"/>
		<feat xlink:href="#sSpan1436" value="VSTAT"/>
		<feat xlink:href="#sSpan1442" value="ADV"/>
		<feat xlink:href="#sSpan1446" value="PREP"/>
		<feat xlink:href="#sSpan1451" value="ART"/>
		<feat xlink:href="#sSpan1457" value="CREL"/>
		<feat xlink:href="#sSpan1459" value="FUT"/>
		<feat xlink:href="#sSpan1461" value="V"/>
		<feat xlink:href="#sSpan1464" value="ADV"/>
		<feat xlink:href="#sSpan1468" value="PREP"/>
		<feat xlink:href="#sSpan1473" value="PPERO"/>
		<feat xlink:href="#sSpan1475" value="CREL"/>
		<feat xlink:href="#sSpan1479" value="PDEM"/>
		<feat xlink:href="#sSpan1482" value="COP"/>
		<feat xlink:href="#sSpan1486" value="PREP"/>
		<feat xlink:href="#sSpan1491" value="ACAUS"/>
		<feat xlink:href="#sSpan1493" value="ART"/>
		<feat xlink:href="#sSpan1496" value="N"/>
		<feat xlink:href="#sSpan1498" value="PREP"/>
		<feat xlink:href="#sSpan1503" value="PPERO"/>
		<feat xlink:href="#sSpan1506" value="N"/>
		<feat xlink:href="#sSpan1508" value="CCIRC"/>
		<feat xlink:href="#sSpan1512" value="PPERS"/>
		<feat xlink:href="#sSpan1514" value="V"/>
		<feat xlink:href="#sSpan1517" value="PREP"/>
		<feat xlink:href="#sSpan1521" value="PPERO"/>
		<feat xlink:href="#sSpan1523" value="PUNCT"/>
		<feat xlink:href="#sSpan1527" value="CONJ"/>
		<feat xlink:href="#sSpan1531" value="PPERS"/>
		<feat xlink:href="#sSpan1533" value="V"/>
		<feat xlink:href="#sSpan1536" value="PREP"/>
		<feat xlink:href="#sSpan1540" value="ART"/>
		<feat xlink:href="#sSpan1543" value="CREL"/>
		<feat xlink:href="#sSpan1545" value="APST"/>
		<feat xlink:href="#sSpan1547" value="PPERS"/>
		<feat xlink:href="#sSpan1550" value="V"/>
		<feat xlink:href="#sSpan1554" value="PREP"/>
		<feat xlink:href="#sSpan1558" value="PPERO"/>
		<feat xlink:href="#sSpan1560" value="ART"/>
		<feat xlink:href="#sSpan1565" value="N"/>
		<feat xlink:href="#sSpan1570" value="PUNCT"/>
		<feat xlink:href="#sSpan1575" value="V"/>
		<feat xlink:href="#sSpan1582" value="PREP"/>
		<feat xlink:href="#sSpan1586" value="N"/>
		<feat xlink:href="#sSpan1589" value="PREP"/>
		<feat xlink:href="#sSpan1593" value="N"/>
		<feat xlink:href="#sSpan1597" value="ADV"/>
		<feat xlink:href="#sSpan1601" value="PREP"/>
		<feat xlink:href="#sSpan1606" value="PPERO"/>
		<feat xlink:href="#sSpan1608" value="PREP"/>
		<feat xlink:href="#sSpan1612" value="ART"/>
		<feat xlink:href="#sSpan1615" value="N"/>
		<feat xlink:href="#sSpan1618" value="PREP"/>
		<feat xlink:href="#sSpan1623" value="N"/>
		<feat xlink:href="#sSpan1627" value="PUNCT"/>
		<feat xlink:href="#sSpan1632" value="CONJ"/>
		<feat xlink:href="#sSpan1636" value="PPERI"/>
		<feat xlink:href="#sSpan1640" value="ACONJ"/>
		<feat xlink:href="#sSpan1645" value="PPERS"/>
		<feat xlink:href="#sSpan1647" value="V"/>
		<feat xlink:href="#sSpan1649" value="ART"/>
		<feat xlink:href="#sSpan1653" value="N"/>
		<feat xlink:href="#sSpan1655" value="PREP"/>
		<feat xlink:href="#sSpan1660" value="PPERO"/>
		<feat xlink:href="#sSpan1662" value="PUNCT"/>
		<feat xlink:href="#sSpan1666" value="PPERS"/>
		<feat xlink:href="#sSpan1670" value="V"/>
		<feat xlink:href="#sSpan1672" value="PREP"/>
		<feat xlink:href="#sSpan1676" value="PPERO"/>
		<feat xlink:href="#sSpan1678" value="PREP"/>
		<feat xlink:href="#sSpan1683" value="ART"/>
		<feat xlink:href="#sSpan1687" value="N"/>
		<feat xlink:href="#sSpan1690" value="PREP"/>
		<feat xlink:href="#sSpan1695" value="ART"/>
		<feat xlink:href="#sSpan1698" value="N"/>
		<feat xlink:href="#sSpan1700" value="PREP"/>
		<feat xlink:href="#sSpan1705" value="ART"/>
		<feat xlink:href="#sSpan1710" value="N"/>
		<feat xlink:href="#sSpan1712" value="PUNCT"/>
		<feat xlink:href="#sSpan1716" value="CFOC"/>
		<feat xlink:href="#sSpan1722" value="PPERS"/>
		<feat xlink:href="#sSpan1725" value="V"/>
		<feat xlink:href="#sSpan1729" value="ADV"/>
		<feat xlink:href="#sSpan1733" value="PREP"/>
		<feat xlink:href="#sSpan1737" value="PPOS"/>
		<feat xlink:href="#sSpan1740" value="N"/>
		<feat xlink:href="#sSpan1744" value="CONJ"/>
		<feat xlink:href="#sSpan1748" value="ART"/>
		<feat xlink:href="#sSpan1753" value="N"/>
		<feat xlink:href="#sSpan1757" value="PREP"/>
		<feat xlink:href="#sSpan1761" value="N"/>
		<feat xlink:href="#sSpan1763" value="CONJ"/>
		<feat xlink:href="#sSpan1768" value="ART"/>
		<feat xlink:href="#sSpan1772" value="N"/>
		<feat xlink:href="#sSpan1778" value="COP"/>
		<feat xlink:href="#sSpan1784" value="CCIRC"/>
		<feat xlink:href="#sSpan1788" value="PPERS"/>
		<feat xlink:href="#sSpan1790" value="V"/>
		<feat xlink:href="#sSpan1792" value="PREP"/>
		<feat xlink:href="#sSpan1797" value="ART"/>
		<feat xlink:href="#sSpan1801" value="N"/>
		<feat xlink:href="#sSpan1803" value="PREP"/>
		<feat xlink:href="#sSpan1808" value="N"/>
		<feat xlink:href="#sSpan1812" value="CONJ"/>
		<feat xlink:href="#sSpan1817" value="CCIRC"/>
		<feat xlink:href="#sSpan1821" value="PPERS"/>
		<feat xlink:href="#sSpan1823" value="V"/>
		<feat xlink:href="#sSpan1825" value="PREP"/>
		<feat xlink:href="#sSpan1830" value="PPERO"/>
		<feat xlink:href="#sSpan1832" value="PREP"/>
		<feat xlink:href="#sSpan1836" value="PPOS"/>
		<feat xlink:href="#sSpan1840" value="N"/>
		<feat xlink:href="#sSpan1845" value="PUNCT"/>
		<feat xlink:href="#sSpan1849" value="CONJ"/>
		<feat xlink:href="#sSpan1853" value="PREP"/>
		<feat xlink:href="#sSpan1856" value="ART"/>
		<feat xlink:href="#sSpan1858" value="N"/>
		<feat xlink:href="#sSpan1860" value="CREL"/>
		<feat xlink:href="#sSpan1864" value="PPERS"/>
		<feat xlink:href="#sSpan1866" value="FUT"/>
		<feat xlink:href="#sSpan1868" value="V"/>
		<feat xlink:href="#sSpan1871" value="V"/>
		<feat xlink:href="#sSpan1873" value="PPERO"/>
		<feat xlink:href="#sSpan1876" value="NEG"/>
		<feat xlink:href="#sSpan1880" value="PREP"/>
		<feat xlink:href="#sSpan1885" value="V"/>
		<feat xlink:href="#sSpan1890" value="NEG"/>
		<feat xlink:href="#sSpan1895" value="PPERS"/>
		<feat xlink:href="#sSpan1897" value="FUT"/>
		<feat xlink:href="#sSpan1899" value="V"/>
		<feat xlink:href="#sSpan1901" value="V"/>
		<feat xlink:href="#sSpan1905" value="PPERO"/>
		<feat xlink:href="#sSpan1908" value="NEG"/>
		<feat xlink:href="#sSpan1912" value="PREP"/>
		<feat xlink:href="#sSpan1918" value="V"/>
		<feat xlink:href="#sSpan1923" value="PUNCT"/>
		<feat xlink:href="#sSpan1928" value="ART"/>
		<feat xlink:href="#sSpan1937" value="CREL"/>
		<feat xlink:href="#sSpan1939" value="V"/>
		<feat xlink:href="#sSpan1942" value="PTC"/>
		<feat xlink:href="#sSpan1946" value="PREP"/>
		<feat xlink:href="#sSpan1951" value="ART"/>
		<feat xlink:href="#sSpan1954" value="N"/>
		<feat xlink:href="#sSpan1956" value="PREP"/>
		<feat xlink:href="#sSpan1962" value="N"/>
		<feat xlink:href="#sSpan1965" value="PUNCT"/>
		<feat xlink:href="#sSpan1969" value="CCIRC"/>
		<feat xlink:href="#sSpan1974" value="PPERS"/>
		<feat xlink:href="#sSpan1976" value="V"/>
		<feat xlink:href="#sSpan1978" value="PREP"/>
		<feat xlink:href="#sSpan1982" value="ART"/>
		<feat xlink:href="#sSpan1985" value="CREL"/>
		<feat xlink:href="#sSpan1988" value="VSTAT"/>
		<feat xlink:href="#sSpan1990" value="PREP"/>
		<feat xlink:href="#sSpan1994" value="PPERO"/>
		<feat xlink:href="#sSpan1996" value="ART"/>
		<feat xlink:href="#sSpan2003" value="NPROP"/>
		<feat xlink:href="#sSpan2005" value="PUNCT"/>
		<feat xlink:href="#sSpan2009" value="CONJ"/>
		<feat xlink:href="#sSpan2013" value="CFOC"/>
		<feat xlink:href="#sSpan2018" value="PPERS"/>
		<feat xlink:href="#sSpan2021" value="V"/>
		<feat xlink:href="#sSpan2024" value="PREP"/>
		<feat xlink:href="#sSpan2028" value="ART"/>
		<feat xlink:href="#sSpan2031" value="CREL"/>
		<feat xlink:href="#sSpan2034" value="PPERS"/>
		<feat xlink:href="#sSpan2036" value="V"/>
		<feat xlink:href="#sSpan2038" value="PREP"/>
		<feat xlink:href="#sSpan2043" value="PPERO"/>
		<feat xlink:href="#sSpan2045" value="ART"/>
		<feat xlink:href="#sSpan2049" value="N"/>
		<feat xlink:href="#sSpan2051" value="PUNCT"/>
		<feat xlink:href="#sSpan2056" value="ART"/>
		<feat xlink:href="#sSpan2062" value="CREL"/>
		<feat xlink:href="#sSpan2064" value="V"/>
		<feat xlink:href="#sSpan2067" value="PTC"/>
		<feat xlink:href="#sSpan2071" value="PREP"/>
		<feat xlink:href="#sSpan2076" value="ART"/>
		<feat xlink:href="#sSpan2080" value="N"/>
		<feat xlink:href="#sSpan2088" value="CCIRC"/>
		<feat xlink:href="#sSpan2092" value="PPERS"/>
		<feat xlink:href="#sSpan2094" value="V"/>
		<feat xlink:href="#sSpan2096" value="PREP"/>
		<feat xlink:href="#sSpan2100" value="ART"/>
		<feat xlink:href="#sSpan2104" value="N"/>
		<feat xlink:href="#sSpan2106" value="CREL"/>
		<feat xlink:href="#sSpan2110" value="VSTAT"/>
		<feat xlink:href="#sSpan2112" value="PREP"/>
		<feat xlink:href="#sSpan2117" value="PPERO"/>
		<feat xlink:href="#sSpan2119" value="PUNCT"/>
		<feat xlink:href="#sSpan2123" value="CONJ"/>
		<feat xlink:href="#sSpan2127" value="CCIRC"/>
		<feat xlink:href="#sSpan2132" value="PPERS"/>
		<feat xlink:href="#sSpan2135" value="V"/>
		<feat xlink:href="#sSpan2138" value="PREP"/>
		<feat xlink:href="#sSpan2142" value="ART"/>
		<feat xlink:href="#sSpan2145" value="CREL"/>
		<feat xlink:href="#sSpan2148" value="PPERS"/>
		<feat xlink:href="#sSpan2150" value="V"/>
		<feat xlink:href="#sSpan2152" value="PREP"/>
		<feat xlink:href="#sSpan2156" value="PPERO"/>
		<feat xlink:href="#sSpan2159" value="NPROP"/>
		<feat xlink:href="#sSpan2164" value="PUNCT"/>
		<feat xlink:href="#sSpan2169" value="ACOND_PPERS"/>
		<feat xlink:href="#sSpan2176" value="V"/>
		<feat xlink:href="#sSpan2178" value="PPERO"/>
		<feat xlink:href="#sSpan2180" value="CONJ"/>
		<feat xlink:href="#sSpan2184" value="ART"/>
		<feat xlink:href="#sSpan2188" value="N"/>
		<feat xlink:href="#sSpan2190" value="V"/>
		<feat xlink:href="#sSpan2196" value="N"/>
		<feat xlink:href="#sSpan2202" value="PREP"/>
		<feat xlink:href="#sSpan2206" value="PPERO"/>
		<feat xlink:href="#sSpan2208" value="CONJ"/>
		<feat xlink:href="#sSpan2213" value="PPERS"/>
		<feat xlink:href="#sSpan2217" value="V"/>
		<feat xlink:href="#sSpan2219" value="PREP"/>
		<feat xlink:href="#sSpan2224" value="PPERO"/>
		<feat xlink:href="#sSpan2226" value="PUNCT"/>
		<feat xlink:href="#sSpan2231" value="CONJ"/>
		<feat xlink:href="#sSpan2237" value="ART"/>
		<feat xlink:href="#sSpan2243" value="N"/>
		<feat xlink:href="#sSpan2246" value="PTC"/>
		<feat xlink:href="#sSpan2250" value="CCIRC"/>
		<feat xlink:href="#sSpan2255" value="V"/>
		<feat xlink:href="#sSpan2257" value="ADV"/>
		<feat xlink:href="#sSpan2262" value="CONJ"/>
		<feat xlink:href="#sSpan2266" value="PREP"/>
		<feat xlink:href="#sSpan2269" value="PINT"/>
		<feat xlink:href="#sSpan2272" value="PUNCT"/>
		<feat xlink:href="#sSpan2276" value="CONJ"/>
		<feat xlink:href="#sSpan2280" value="AOPT_PPERS"/>
		<feat xlink:href="#sSpan2283" value="V"/>
		<feat xlink:href="#sSpan2286" value="PREP"/>
		<feat xlink:href="#sSpan2290" value="PPERO"/>
		<feat xlink:href="#sSpan2292" value="PUNCT"/>
		<feat xlink:href="#sSpan2296" value="CONJ"/>
		<feat xlink:href="#sSpan2300" value="AOPT_PPERS"/>
		<feat xlink:href="#sSpan2303" value="V"/>
		<feat xlink:href="#sSpan2305" value="PREP"/>
		<feat xlink:href="#sSpan2309" value="PPERO"/>
		<feat xlink:href="#sSpan2311" value="PUNCT"/>
		<feat xlink:href="#sSpan2317" value="CONJ"/>
		<feat xlink:href="#sSpan2324" value="CFOC"/>
		<feat xlink:href="#sSpan2328" value="CPRET"/>
		<feat xlink:href="#sSpan2330" value="PPERS"/>
		<feat xlink:href="#sSpan2332" value="FUT"/>
		<feat xlink:href="#sSpan2335" value="V"/>
		<feat xlink:href="#sSpan2338" value="NEG"/>
		<feat xlink:href="#sSpan2343" value="PREP"/>
		<feat xlink:href="#sSpan2348" value="PPERO"/>
		<feat xlink:href="#sSpan2350" value="PUNCT"/>
		<feat xlink:href="#sSpan2354" value="PREP"/>
		<feat xlink:href="#sSpan2358" value="PINT"/>
		<feat xlink:href="#sSpan2361" value="PREP"/>
		<feat xlink:href="#sSpan2365" value="N"/>
		<feat xlink:href="#sSpan2367" value="PPERS"/>
		<feat xlink:href="#sSpan2371" value="FUT"/>
		<feat xlink:href="#sSpan2373" value="V"/>
		<feat xlink:href="#sSpan2375" value="PPERO"/>
		<feat xlink:href="#sSpan2377" value="CONJ"/>
		<feat xlink:href="#sSpan2382" value="CFOC"/>
		<feat xlink:href="#sSpan2384" value="APST"/>
		<feat xlink:href="#sSpan2386" value="PPERS"/>
		<feat xlink:href="#sSpan2388" value="V"/>
		<feat xlink:href="#sSpan2391" value="PREP"/>
		<feat xlink:href="#sSpan2395" value="V"/>
		<feat xlink:href="#sSpan2397" value="ART"/>
		<feat xlink:href="#sSpan2402" value="N"/>
		<feat xlink:href="#sSpan2406" value="PREP"/>
		<feat xlink:href="#sSpan2410" value="ART"/>
		<feat xlink:href="#sSpan2414" value="N"/>
		<feat xlink:href="#sSpan2417" value="PUNCT"/>
		<feat xlink:href="#sSpan2423" value="CONJ"/>
		<feat xlink:href="#sSpan2430" value="NEG"/>
		<feat xlink:href="#sSpan2434" value="PPERS"/>
		<feat xlink:href="#sSpan2436" value="V"/>
		<feat xlink:href="#sSpan2438" value="NEG"/>
		<feat xlink:href="#sSpan2443" value="PREP"/>
		<feat xlink:href="#sSpan2447" value="ART"/>
		<feat xlink:href="#sSpan2450" value="N"/>
		<feat xlink:href="#sSpan2452" value="PREP"/>
		<feat xlink:href="#sSpan2456" value="PPOS"/>
		<feat xlink:href="#sSpan2460" value="N"/>
		<feat xlink:href="#sSpan2462" value="ADV"/>
		<feat xlink:href="#sSpan2466" value="PREP"/>
		<feat xlink:href="#sSpan2472" value="ART"/>
		<feat xlink:href="#sSpan2475" value="CREL"/>
		<feat xlink:href="#sSpan2477" value="APST"/>
		<feat xlink:href="#sSpan2479" value="PPERS"/>
		<feat xlink:href="#sSpan2481" value="V"/>
		<feat xlink:href="#sSpan2483" value="PPERO"/>
		<feat xlink:href="#sSpan2486" value="CREL"/>
		<feat xlink:href="#sSpan2491" value="PDEM"/>
		<feat xlink:href="#sSpan2494" value="COP"/>
		<feat xlink:href="#sSpan2498" value="CONJ"/>
		<feat xlink:href="#sSpan2502" value="CPRET"/>
		<feat xlink:href="#sSpan2505" value="ART"/>
		<feat xlink:href="#sSpan2509" value="N"/>
		<feat xlink:href="#sSpan2512" value="PTC"/>
		<feat xlink:href="#sSpan2517" value="IMOD"/>
		<feat xlink:href="#sSpan2521" value="PPERO"/>
		<feat xlink:href="#sSpan2523" value="PREP"/>
		<feat xlink:href="#sSpan2527" value="ART"/>
		<feat xlink:href="#sSpan2532" value="N"/>
		<feat xlink:href="#sSpan2536" value="VSTAT"/>
		<feat xlink:href="#sSpan2540" value="ADV"/>
		<feat xlink:href="#sSpan2545" value="PREP"/>
		<feat xlink:href="#sSpan2549" value="PPERO"/>
		<feat xlink:href="#sSpan2551" value="PUNCT"/>
		<feat xlink:href="#sSpan2555" value="CONJ"/>
		<feat xlink:href="#sSpan2559" value="AOPT_PPERS"/>
		<feat xlink:href="#sSpan2561" value="V"/>
		<feat xlink:href="#sSpan2564" value="PREP"/>
		<feat xlink:href="#sSpan2568" value="PPERO"/>
		<feat xlink:href="#sSpan2570" value="PUNCT"/>
		<feat xlink:href="#sSpan2575" value="CONJ"/>
		<feat xlink:href="#sSpan2583" value="PTC"/>
		<feat xlink:href="#sSpan2587" value="ACOND_PPERS"/>
		<feat xlink:href="#sSpan2592" value="V"/>
		<feat xlink:href="#sSpan2594" value="ART"/>
		<feat xlink:href="#sSpan2598" value="N"/>
		<feat xlink:href="#sSpan2601" value="PUNCT"/>
		<feat xlink:href="#sSpan2605" value="ACONJ"/>
		<feat xlink:href="#sSpan2609" value="PPERS"/>
		<feat xlink:href="#sSpan2611" value="V"/>
		<feat xlink:href="#sSpan2614" value="PREP"/>
		<feat xlink:href="#sSpan2619" value="ART"/>
		<feat xlink:href="#sSpan2623" value="N"/>
		<feat xlink:href="#sSpan2625" value="PREP"/>
		<feat xlink:href="#sSpan2629" value="PPOS"/>
		<feat xlink:href="#sSpan2633" value="N"/>
		<feat xlink:href="#sSpan2635" value="PUNCT"/>
		<feat xlink:href="#sSpan2640" value="ACONJ"/>
		<feat xlink:href="#sSpan2645" value="PPERS"/>
		<feat xlink:href="#sSpan2647" value="V"/>
		<feat xlink:href="#sSpan2649" value="ADV"/>
		<feat xlink:href="#sSpan2654" value="PREP"/>
		<feat xlink:href="#sSpan2659" value="ART"/>
		<feat xlink:href="#sSpan2663" value="N"/>
		<feat xlink:href="#sSpan2665" value="CREL"/>
		<feat xlink:href="#sSpan2670" value="APST"/>
		<feat xlink:href="#sSpan2672" value="PPERS"/>
		<feat xlink:href="#sSpan2674" value="V"/>
		<feat xlink:href="#sSpan2676" value="PPERO"/>
		<feat xlink:href="#sSpan2678" value="CONJ"/>
		<feat xlink:href="#sSpan2682" value="APST"/>
		<feat xlink:href="#sSpan2684" value="PPERS"/>
		<feat xlink:href="#sSpan2686" value="V"/>
		<feat xlink:href="#sSpan2689" value="PPERO"/>
		<feat xlink:href="#sSpan2691" value="PUNCT"/>
		<feat xlink:href="#sSpan2696" value="CONJ"/>
		<feat xlink:href="#sSpan2702" value="ADV"/>
		<feat xlink:href="#sSpan2704" value="ACOND_PPERS"/>
		<feat xlink:href="#sSpan2710" value="V"/>
		<feat xlink:href="#sSpan2713" value="PPERO"/>
		<feat xlink:href="#sSpan2715" value="PREP"/>
		<feat xlink:href="#sSpan2719" value="ART"/>
		<feat xlink:href="#sSpan2723" value="N"/>
		<feat xlink:href="#sSpan2726" value="PTC"/>
		<feat xlink:href="#sSpan2730" value="ART"/>
		<feat xlink:href="#sSpan2734" value="N"/>
		<feat xlink:href="#sSpan2737" value="ACONJ"/>
		<feat xlink:href="#sSpan2741" value="PPERS"/>
		<feat xlink:href="#sSpan2743" value="V"/>
		<feat xlink:href="#sSpan2746" value="IMOD"/>
		<feat xlink:href="#sSpan2750" value="PPERO"/>
		<feat xlink:href="#sSpan2752" value="PREP"/>
		<feat xlink:href="#sSpan2757" value="PPERO"/>
		<feat xlink:href="#sSpan2759" value="PREP"/>
		<feat xlink:href="#sSpan2763" value="ART"/>
		<feat xlink:href="#sSpan2765" value="N"/>
		<feat xlink:href="#sSpan2767" value="PREP"/>
		<feat xlink:href="#sSpan2771" value="PPOS"/>
		<feat xlink:href="#sSpan2774" value="N"/>
		<feat xlink:href="#sSpan2778" value="NPROP"/>
		<feat xlink:href="#sSpan2782" value="PUNCT"/>
		<feat xlink:href="#sSpan2787" value="PPOS"/>
		<feat xlink:href="#sSpan2793" value="N"/>
		<feat xlink:href="#sSpan2795" value="V"/>
		<feat xlink:href="#sSpan2799" value="ADV"/>
		<feat xlink:href="#sSpan2804" value="PREP"/>
		<feat xlink:href="#sSpan2808" value="PPOS"/>
		<feat xlink:href="#sSpan2811" value="ART"/>
		<feat xlink:href="#sSpan2814" value="N"/></featList></paula>