<?xml version='1.0' encoding='UTF-8'?><!DOCTYPE paula SYSTEM "paula_feat.dtd">
<paula version="1.1">
	<header paula_id="scriptorium.shenoute.those.GF253-256.mark_lang"/>
	<featList xmlns:xlink="http://www.w3.org/1999/xlink" type="lang" xml:base="scriptorium.shenoute.those.GF253-256.mark.xml">
		<feat xlink:href="#sSpan14" value="Greek"/>
		<feat xlink:href="#sSpan400" value="Greek"/>
		<feat xlink:href="#sSpan424" value="Greek"/>
		<feat xlink:href="#sSpan433" value="Greek"/>
		<feat xlink:href="#sSpan448" value="Greek"/>
		<feat xlink:href="#sSpan548" value="Greek"/>
		<feat xlink:href="#sSpan569" value="Greek"/>
		<feat xlink:href="#sSpan572" value="Hebrew"/>
		<feat xlink:href="#sSpan590" value="Greek"/>
		<feat xlink:href="#sSpan608" value="Greek"/>
		<feat xlink:href="#sSpan672" value="Greek"/>
		<feat xlink:href="#sSpan690" value="Greek"/>
		<feat xlink:href="#sSpan835" value="Greek"/>
		<feat xlink:href="#sSpan866" value="Greek"/>
		<feat xlink:href="#sSpan950" value="Greek"/>
		<feat xlink:href="#sSpan967" value="Greek"/>
		<feat xlink:href="#sSpan1003" value="Greek"/>
		<feat xlink:href="#sSpan1037" value="Greek"/>
		<feat xlink:href="#sSpan1073" value="Greek"/>
		<feat xlink:href="#sSpan1108" value="Hebrew"/>
		<feat xlink:href="#sSpan1172" value="Greek"/>
		<feat xlink:href="#sSpan1184" value="Hebrew"/>
		<feat xlink:href="#sSpan1208" value="Hebrew"/>
		<feat xlink:href="#sSpan1213" value="Greek"/>
		<feat xlink:href="#sSpan1292" value="Greek"/>
		<feat xlink:href="#sSpan1317" value="Greek"/>
		<feat xlink:href="#sSpan1441" value="Greek"/>
		<feat xlink:href="#sSpan1564" value="Greek"/>
		<feat xlink:href="#sSpan1580" value="Greek"/>
		<feat xlink:href="#sSpan1596" value="Greek"/>
		<feat xlink:href="#sSpan1631" value="Greek"/>
		<feat xlink:href="#sSpan1652" value="Greek"/>
		<feat xlink:href="#sSpan1709" value="Greek"/>
		<feat xlink:href="#sSpan1743" value="Greek"/>
		<feat xlink:href="#sSpan1777" value="Greek"/>
		<feat xlink:href="#sSpan1800" value="Greek"/>
		<feat xlink:href="#sSpan1807" value="Greek"/>
		<feat xlink:href="#sSpan1843" value="Greek"/>
		<feat xlink:href="#sSpan1889" value="Greek"/>
		<feat xlink:href="#sSpan1921" value="Greek"/>
		<feat xlink:href="#sSpan1941" value="Greek"/>
		<feat xlink:href="#sSpan2002" value="Greek"/>
		<feat xlink:href="#sSpan2066" value="Greek"/>
		<feat xlink:href="#sSpan2158" value="Hebrew"/>
		<feat xlink:href="#sSpan2230" value="Greek"/>
		<feat xlink:href="#sSpan2242" value="Greek"/>
		<feat xlink:href="#sSpan2245" value="Greek"/>
		<feat xlink:href="#sSpan2254" value="Greek"/>
		<feat xlink:href="#sSpan2282" value="Greek"/>
		<feat xlink:href="#sSpan2316" value="Greek"/>
		<feat xlink:href="#sSpan2413" value="Greek"/>
		<feat xlink:href="#sSpan2422" value="Greek"/>
		<feat xlink:href="#sSpan2508" value="Greek"/>
		<feat xlink:href="#sSpan2582" value="Greek"/>
		<feat xlink:href="#sSpan2597" value="Greek"/>
		<feat xlink:href="#sSpan2622" value="Greek"/>
		<feat xlink:href="#sSpan2662" value="Greek"/>
		<feat xlink:href="#sSpan2701" value="Greek"/>
		<feat xlink:href="#sSpan2722" value="Greek"/>
		<feat xlink:href="#sSpan2733" value="Greek"/>
		<feat xlink:href="#sSpan2777" value="Hebrew"/></featList></paula>