<?xml version='1.0' encoding='UTF-8'?><!DOCTYPE paula SYSTEM "paula_feat.dtd">
<paula version="1.1">
	<header paula_id="scriptorium.shenoute.those.GF253-256.mark_verse_n"/>
	<featList xmlns:xlink="http://www.w3.org/1999/xlink" type="verse_n" xml:base="scriptorium.shenoute.those.GF253-256.mark.xml">
		<feat xlink:href="#sSpan10" value="1"/>
		<feat xlink:href="#sSpan249" value="1"/>
		<feat xlink:href="#sSpan379" value="2"/>
		<feat xlink:href="#sSpan589" value="3"/>
		<feat xlink:href="#sSpan722" value="4"/>
		<feat xlink:href="#sSpan833" value="1"/>
		<feat xlink:href="#sSpan966" value="2"/>
		<feat xlink:href="#sSpan1139" value="3"/>
		<feat xlink:href="#sSpan1264" value="4"/>
		<feat xlink:href="#sSpan1427" value="1"/>
		<feat xlink:href="#sSpan1721" value="2"/>
		<feat xlink:href="#sSpan1935" value="1"/>
		<feat xlink:href="#sSpan2175" value="2"/>
		<feat xlink:href="#sSpan2323" value="3"/>
		<feat xlink:href="#sSpan2429" value="4"/>
		<feat xlink:href="#sSpan2581" value="5"/>
		<feat xlink:href="#sSpan2709" value="6"/></featList></paula>