<?xml version='1.0' encoding='UTF-8'?><!DOCTYPE paula SYSTEM "paula_feat.dtd">
<paula version="1.1">
	<header paula_id="scriptorium.shenoute.those.GF253-256.mark_hi_rend"/>
	<featList xmlns:xlink="http://www.w3.org/1999/xlink" type="hi_rend" xml:base="scriptorium.shenoute.those.GF253-256.mark.xml">
		<feat xlink:href="#sSpan372" value="ekthetic large"/>
		<feat xlink:href="#sSpan432" value="ekthetic large"/>
		<feat xlink:href="#sSpan581" value="ekthetic large"/>
		<feat xlink:href="#sSpan661" value="ekthetic large"/>
		<feat xlink:href="#sSpan715" value="ekthetic large"/>
		<feat xlink:href="#sSpan826" value="ekthetic large"/>
		<feat xlink:href="#sSpan959" value="ekthetic large"/>
		<feat xlink:href="#sSpan1132" value="ekthetic large"/>
		<feat xlink:href="#sSpan1257" value="ekthetic large"/>
		<feat xlink:href="#sSpan1420" value="ekthetic large"/>
		<feat xlink:href="#sSpan1727" value="ekthetic large"/>
		<feat xlink:href="#sSpan1927" value="ekthetic large"/>
		<feat xlink:href="#sSpan2055" value="ekthetic large"/>
		<feat xlink:href="#sSpan2168" value="ekthetic large"/>
		<feat xlink:href="#sSpan2235" value="ekthetic large"/>
		<feat xlink:href="#sSpan2315" value="ekthetic large"/>
		<feat xlink:href="#sSpan2421" value="ekthetic large"/>
		<feat xlink:href="#sSpan2485" value="ekthetic large"/>
		<feat xlink:href="#sSpan2574" value="ekthetic large"/>
		<feat xlink:href="#sSpan2639" value="ekthetic large"/>
		<feat xlink:href="#sSpan2695" value="ekthetic large"/>
		<feat xlink:href="#sSpan2786" value="ekthetic large"/></featList></paula>