<?xml version='1.0' encoding='UTF-8'?><!DOCTYPE paula SYSTEM "paula_feat.dtd">
<paula version="1.1">
	<header paula_id="scriptorium.shenoute.those.GF253-256.mark_norm"/>
	<featList xmlns:xlink="http://www.w3.org/1999/xlink" type="norm" xml:base="scriptorium.shenoute.those.GF253-256.mark.xml">
		<feat xlink:href="#sSpan2" value="ⲟⲩ"/>
		<feat xlink:href="#sSpan15" value="ⲉϫⲏⲕⲏⲥⲓⲥ"/>
		<feat xlink:href="#sSpan17" value="ⲉ"/>
		<feat xlink:href="#sSpan23" value="ⲁ"/>
		<feat xlink:href="#sSpan25" value="ϥ"/>
		<feat xlink:href="#sSpan27" value="ⲧⲁⲩⲟⲩⲟ"/>
		<feat xlink:href="#sSpan29" value="ⲥ"/>
		<feat xlink:href="#sSpan31" value="ⲛ"/>
		<feat xlink:href="#sSpan36" value="ⲟⲩ"/>
		<feat xlink:href="#sSpan39" value="ϩⲟⲟⲩ"/>
		<feat xlink:href="#sSpan41" value="ϩⲙ"/>
		<feat xlink:href="#sSpan45" value="ⲡ"/>
		<feat xlink:href="#sSpan49" value="ⲧⲣⲉ"/>
		<feat xlink:href="#sSpan51" value="ϥ"/>
		<feat xlink:href="#sSpan53" value="ⲛⲁⲩ"/>
		<feat xlink:href="#sSpan55" value="ⲉ"/>
		<feat xlink:href="#sSpan59" value="ⲡ"/>
		<feat xlink:href="#sSpan62" value="ⲙⲏⲏϣⲉ"/>
		<feat xlink:href="#sSpan65" value="ⲉ"/>
		<feat xlink:href="#sSpan69" value="ⲩ"/>
		<feat xlink:href="#sSpan71" value="ⲏⲡ"/>
		<feat xlink:href="#sSpan73" value="ⲉ"/>
		<feat xlink:href="#sSpan77" value="ⲡ"/>
		<feat xlink:href="#sSpan80" value="ⲣⲱⲙⲉ"/>
		<feat xlink:href="#sSpan83" value="ⲉⲧ"/>
		<feat xlink:href="#sSpan87" value="ⲙⲡϣⲁ"/>
		<feat xlink:href="#sSpan89" value="ⲙ"/>
		<feat xlink:href="#sSpan93" value="ⲡ"/>
		<feat xlink:href="#sSpan96" value="ⲥⲁϩⲟⲩ"/>
		<feat xlink:href="#sSpan99" value="·"/>
		<feat xlink:href="#sSpan103" value="ⲉ"/>
		<feat xlink:href="#sSpan107" value="ϥ"/>
		<feat xlink:href="#sSpan109" value="ⲟⲩⲱϣ"/>
		<feat xlink:href="#sSpan111" value="ⲉ"/>
		<feat xlink:href="#sSpan115" value="ⲧⲣⲉ"/>
		<feat xlink:href="#sSpan118" value="ⲩ"/>
		<feat xlink:href="#sSpan120" value="ⲧⲁⲙⲟ"/>
		<feat xlink:href="#sSpan122" value="ϥ"/>
		<feat xlink:href="#sSpan124" value="ⲉ"/>
		<feat xlink:href="#sSpan128" value="ⲛ"/>
		<feat xlink:href="#sSpan131" value="ⲉⲧⲉ"/>
		<feat xlink:href="#sSpan134" value="ϥ"/>
		<feat xlink:href="#sSpan136" value="ϫⲱ"/>
		<feat xlink:href="#sSpan138" value="ⲙⲙⲟ"/>
		<feat xlink:href="#sSpan142" value="ⲟⲩ"/>
		<feat xlink:href="#sSpan144" value="·"/>
		<feat xlink:href="#sSpan148" value="ⲉⲧⲃⲏⲏⲧ"/>
		<feat xlink:href="#sSpan153" value="ϥ"/>
		<feat xlink:href="#sSpan155" value="ⲛ"/>
		<feat xlink:href="#sSpan159" value="ϩⲁϩ"/>
		<feat xlink:href="#sSpan162" value="ⲛ"/>
		<feat xlink:href="#sSpan165" value="ⲥⲟⲡ"/>
		<feat xlink:href="#sSpan167" value="·"/>
		<feat xlink:href="#sSpan171" value="ⲁⲩⲱ"/>
		<feat xlink:href="#sSpan175" value="ⲉ"/>
		<feat xlink:href="#sSpan179" value="ϥ"/>
		<feat xlink:href="#sSpan181" value="ⲟⲩⲱϣ"/>
		<feat xlink:href="#sSpan184" value="ⲉ"/>
		<feat xlink:href="#sSpan188" value="ⲧⲣⲉ"/>
		<feat xlink:href="#sSpan190" value="ⲛⲓ"/>
		<feat xlink:href="#sSpan193" value="ⲕⲟⲟⲩⲉ"/>
		<feat xlink:href="#sSpan195" value="ϩⲁⲣⲉϩ"/>
		<feat xlink:href="#sSpan200" value="ⲉⲣⲟ"/>
		<feat xlink:href="#sSpan204" value="ⲟⲩ"/>
		<feat xlink:href="#sSpan206" value="ⲉ"/>
		<feat xlink:href="#sSpan210" value="ⲛⲉ"/>
		<feat xlink:href="#sSpan213" value="ϩⲃⲏⲩⲉ"/>
		<feat xlink:href="#sSpan216" value="ⲙ"/>
		<feat xlink:href="#sSpan220" value="ⲡ"/>
		<feat xlink:href="#sSpan223" value="ⲉⲧ"/>
		<feat xlink:href="#sSpan225" value="ⲙⲙⲁⲩ"/>
		<feat xlink:href="#sSpan228" value=":"/>
		<feat xlink:href="#sSpan234" value="························"/>
		<feat xlink:href="#sSpan242" value="ⲡ"/>
		<feat xlink:href="#sSpan251" value="ⲛⲟⲩⲧⲉ"/>
		<feat xlink:href="#sSpan253" value="ϫⲱ"/>
		<feat xlink:href="#sSpan257" value="ⲙⲙⲟ"/>
		<feat xlink:href="#sSpan262" value="ⲥ"/>
		<feat xlink:href="#sSpan264" value="ϩⲛ"/>
		<feat xlink:href="#sSpan268" value="ⲛ"/>
		<feat xlink:href="#sSpan271" value="ⲉⲧⲉ"/>
		<feat xlink:href="#sSpan274" value="ⲛⲟⲩ"/>
		<feat xlink:href="#sSpan276" value="ϥ"/>
		<feat xlink:href="#sSpan278" value="ⲛⲉ"/>
		<feat xlink:href="#sSpan282" value="·"/>
		<feat xlink:href="#sSpan286" value="ϫⲉ"/>
		<feat xlink:href="#sSpan291" value="ⲛⲛⲉ"/>
		<feat xlink:href="#sSpan293" value="ϣⲏⲣⲉ"/>
		<feat xlink:href="#sSpan297" value="ⲙⲟⲩ"/>
		<feat xlink:href="#sSpan301" value="ϩⲁ"/>
		<feat xlink:href="#sSpan305" value="ⲉⲓⲟⲧⲉ"/>
		<feat xlink:href="#sSpan308" value="·"/>
		<feat xlink:href="#sSpan312" value="ⲁⲩⲱ"/>
		<feat xlink:href="#sSpan317" value="ϫⲉ"/>
		<feat xlink:href="#sSpan321" value="ⲛⲛⲉ"/>
		<feat xlink:href="#sSpan323" value="ⲛ"/>
		<feat xlink:href="#sSpan326" value="ⲉⲓⲟⲧⲉ"/>
		<feat xlink:href="#sSpan329" value="ⲟⲩⲉⲙ"/>
		<feat xlink:href="#sSpan334" value="ⲉⲗⲉⲗϩⲏⲙϫ"/>
		<feat xlink:href="#sSpan339" value="·"/>
		<feat xlink:href="#sSpan343" value="ⲛⲧⲉ"/>
		<feat xlink:href="#sSpan347" value="ⲛ"/>
		<feat xlink:href="#sSpan350" value="ⲛⲁϫϩⲉ"/>
		<feat xlink:href="#sSpan354" value="ⲛ"/>
		<feat xlink:href="#sSpan358" value="ⲛ"/>
		<feat xlink:href="#sSpan361" value="ϣⲏⲣⲉ"/>
		<feat xlink:href="#sSpan363" value="ⲛⲟⲩϭⲥ"/>
		<feat xlink:href="#sSpan368" value="·"/>
		<feat xlink:href="#sSpan373" value="ⲛ"/>
		<feat xlink:href="#sSpan380" value="ⲧⲉⲓ"/>
		<feat xlink:href="#sSpan382" value="ϩⲉ"/>
		<feat xlink:href="#sSpan384" value="ⲟⲛ"/>
		<feat xlink:href="#sSpan388" value="ⲙⲙⲛ"/>
		<feat xlink:href="#sSpan392" value="ϩⲙϩⲁⲗ"/>
		<feat xlink:href="#sSpan396" value="ⲙ"/>
		<feat xlink:href="#sSpan401" value="ⲡⲓⲥⲧⲟⲥ"/>
		<feat xlink:href="#sSpan404" value="ⲛⲁ"/>
		<feat xlink:href="#sSpan408" value="ⲙⲟⲩ"/>
		<feat xlink:href="#sSpan410" value="ϩⲁ"/>
		<feat xlink:href="#sSpan414" value="ϩⲉⲛ"/>
		<feat xlink:href="#sSpan417" value="ϫⲉⲓⲥⲟⲟⲩⲉ"/>
		<feat xlink:href="#sSpan420" value="ⲛ"/>
		<feat xlink:href="#sSpan425" value="ⲁⲡⲓⲥⲧⲟⲥ"/>
		<feat xlink:href="#sSpan428" value="·"/>
		<feat xlink:href="#sSpan434" value="ⲟⲩⲇⲉ"/>
		<feat xlink:href="#sSpan439" value="ⲙ"/>
		<feat xlink:href="#sSpan444" value="ⲙⲛⲧⲁⲥⲉⲃⲏⲥ"/>
		<feat xlink:href="#sSpan449" value="ⲛ"/>
		<feat xlink:href="#sSpan454" value="ϩⲉⲛ"/>
		<feat xlink:href="#sSpan457" value="ϫⲉⲓⲥⲟⲟⲩⲉ"/>
		<feat xlink:href="#sSpan459" value="ⲉ"/>
		<feat xlink:href="#sSpan463" value="ⲛ"/>
		<feat xlink:href="#sSpan468" value="ⲁⲧⲛⲟⲩⲧⲉ"/>
		<feat xlink:href="#sSpan471" value="·"/>
		<feat xlink:href="#sSpan475" value="ⲉ"/>
		<feat xlink:href="#sSpan479" value="ⲩ"/>
		<feat xlink:href="#sSpan481" value="ⲟⲩⲱϣⲧ"/>
		<feat xlink:href="#sSpan484" value="ⲛ"/>
		<feat xlink:href="#sSpan488" value="ϩⲉⲛ"/>
		<feat xlink:href="#sSpan491" value="ϣⲉ"/>
		<feat xlink:href="#sSpan494" value="·"/>
		<feat xlink:href="#sSpan498" value="ⲙⲛ"/>
		<feat xlink:href="#sSpan502" value="ϩⲉⲛ"/>
		<feat xlink:href="#sSpan505" value="ⲱⲛⲉ"/>
		<feat xlink:href="#sSpan508" value="·"/>
		<feat xlink:href="#sSpan512" value="ⲛ"/>
		<feat xlink:href="#sSpan516" value="ⲥⲉ"/>
		<feat xlink:href="#sSpan518" value="ⲛⲁ"/>
		<feat xlink:href="#sSpan520" value="ⲉⲓ"/>
		<feat xlink:href="#sSpan522" value="ⲁⲛ"/>
		<feat xlink:href="#sSpan526" value="ⲉϫⲛ"/>
		<feat xlink:href="#sSpan531" value="ϩⲛ"/>
		<feat xlink:href="#sSpan534" value="ϩⲙϩⲁⲗ"/>
		<feat xlink:href="#sSpan536" value="·"/>
		<feat xlink:href="#sSpan540" value="ⲉⲣⲉ"/>
		<feat xlink:href="#sSpan545" value="ⲧⲉⲩ"/>
		<feat xlink:href="#sSpan549" value="ϩⲉⲗⲡⲓⲥ"/>
		<feat xlink:href="#sSpan551" value="ϩⲙ"/>
		<feat xlink:href="#sSpan556" value="ⲡ"/>
		<feat xlink:href="#sSpan559" value="ⲛⲟⲩⲧⲉ"/>
		<feat xlink:href="#sSpan561" value="ⲙⲛ"/>
		<feat xlink:href="#sSpan565" value="ⲡⲉϥ"/>
		<feat xlink:href="#sSpan570" value="ⲭⲣⲓⲥⲧⲟⲥ"/>
		<feat xlink:href="#sSpan573" value="ⲓⲏⲥⲟⲩⲥ"/>
		<feat xlink:href="#sSpan577" value="·"/>
		<feat xlink:href="#sSpan582" value="ⲧ"/>
		<feat xlink:href="#sSpan591" value="ⲁⲙⲉⲗⲉⲓⲁ"/>
		<feat xlink:href="#sSpan594" value="ⲛ"/>
		<feat xlink:href="#sSpan598" value="ϩⲉⲛ"/>
		<feat xlink:href="#sSpan601" value="ϫⲉⲓⲥⲟⲟⲩⲉ"/>
		<feat xlink:href="#sSpan604" value="ⲛ"/>
		<feat xlink:href="#sSpan609" value="ⲁⲡⲓⲥⲧⲟⲥ"/>
		<feat xlink:href="#sSpan611" value="ⲁⲩⲱ"/>
		<feat xlink:href="#sSpan616" value="ⲛ"/>
		<feat xlink:href="#sSpan622" value="ⲣⲉϥϫⲓ"/>
		<feat xlink:href="#sSpan625" value="ⲛ"/>
		<feat xlink:href="#sSpan629" value="ϭⲟⲛⲥ"/>
		<feat xlink:href="#sSpan632" value="·"/>
		<feat xlink:href="#sSpan636" value="ⲉ"/>
		<feat xlink:href="#sSpan640" value="ⲥ"/>
		<feat xlink:href="#sSpan642" value="ⲛⲁ"/>
		<feat xlink:href="#sSpan644" value="ϣⲱⲡⲉ"/>
		<feat xlink:href="#sSpan647" value="ⲉϩⲣⲁⲓ"/>
		<feat xlink:href="#sSpan651" value="ⲉϫⲱ"/>
		<feat xlink:href="#sSpan655" value="ⲟⲩ"/>
		<feat xlink:href="#sSpan657" value="·"/>
		<feat xlink:href="#sSpan662" value="ⲁⲩⲱ"/>
		<feat xlink:href="#sSpan667" value="ⲧ"/>
		<feat xlink:href="#sSpan673" value="ⲇⲓⲕⲁⲓⲟⲥⲩⲛⲏ"/>
		<feat xlink:href="#sSpan676" value="ⲛ"/>
		<feat xlink:href="#sSpan680" value="ϩⲛ"/>
		<feat xlink:href="#sSpan683" value="ϩⲙϩⲁⲗ"/>
		<feat xlink:href="#sSpan685" value="ⲙ"/>
		<feat xlink:href="#sSpan691" value="ⲡⲓⲥⲧⲟⲥ"/>
		<feat xlink:href="#sSpan693" value="ⲛⲁ"/>
		<feat xlink:href="#sSpan697" value="ⲉⲓ"/>
		<feat xlink:href="#sSpan700" value="ⲉϩⲣⲁⲓ"/>
		<feat xlink:href="#sSpan705" value="ⲉϫⲱ"/>
		<feat xlink:href="#sSpan709" value="ⲟⲩ"/>
		<feat xlink:href="#sSpan711" value="·"/>
		<feat xlink:href="#sSpan716" value="ⲙⲙⲛ"/>
		<feat xlink:href="#sSpan724" value="ⲙⲛⲧϩⲙϩⲁⲗ"/>
		<feat xlink:href="#sSpan730" value="ϣⲟⲟⲡ"/>
		<feat xlink:href="#sSpan737" value="ϩⲙ"/>
		<feat xlink:href="#sSpan741" value="ⲡ"/>
		<feat xlink:href="#sSpan744" value="ⲙⲁ"/>
		<feat xlink:href="#sSpan746" value="ⲉⲧ"/>
		<feat xlink:href="#sSpan751" value="ⲛ"/>
		<feat xlink:href="#sSpan753" value="ⲛⲁ"/>
		<feat xlink:href="#sSpan755" value="ⲃⲱⲕ"/>
		<feat xlink:href="#sSpan757" value="ⲉⲣⲟ"/>
		<feat xlink:href="#sSpan762" value="ϥ"/>
		<feat xlink:href="#sSpan764" value="·"/>
		<feat xlink:href="#sSpan768" value="ⲛ"/>
		<feat xlink:href="#sSpan772" value="ⲛ"/>
		<feat xlink:href="#sSpan775" value="ⲉⲧ"/>
		<feat xlink:href="#sSpan777" value="ⲛⲁ"/>
		<feat xlink:href="#sSpan779" value="ⲁⲁ"/>
		<feat xlink:href="#sSpan782" value="ⲩ"/>
		<feat xlink:href="#sSpan784" value="ⲧⲉⲛⲟⲩ"/>
		<feat xlink:href="#sSpan788" value="ⲛ"/>
		<feat xlink:href="#sSpan792" value="ⲣⲙϩⲉ"/>
		<feat xlink:href="#sSpan796" value="ⲉⲃⲟⲗ"/>
		<feat xlink:href="#sSpan801" value="ϩⲛ"/>
		<feat xlink:href="#sSpan805" value="ⲧ"/>
		<feat xlink:href="#sSpan809" value="ⲙⲛⲧϩⲙϩⲁⲗ"/>
		<feat xlink:href="#sSpan813" value="ⲙ"/>
		<feat xlink:href="#sSpan817" value="ⲡ"/>
		<feat xlink:href="#sSpan820" value="ⲛⲟⲃⲉ"/>
		<feat xlink:href="#sSpan822" value="·"/>
		<feat xlink:href="#sSpan827" value="ⲛ"/>
		<feat xlink:href="#sSpan836" value="ϩⲟⲥⲟⲛ"/>
		<feat xlink:href="#sSpan838" value="ϭⲉ"/>
		<feat xlink:href="#sSpan842" value="ⲉⲣⲉ"/>
		<feat xlink:href="#sSpan846" value="ⲡ"/>
		<feat xlink:href="#sSpan849" value="ⲟⲩⲁ"/>
		<feat xlink:href="#sSpan851" value="ⲡ"/>
		<feat xlink:href="#sSpan856" value="ⲟⲩⲁ"/>
		<feat xlink:href="#sSpan858" value="ⲛⲁ"/>
		<feat xlink:href="#sSpan863" value="ϯⲗⲟⲅⲟⲥ"/>
		<feat xlink:href="#sSpan867" value="ϩⲁⲣⲟ"/>
		<feat xlink:href="#sSpan872" value="ϥ"/>
		<feat xlink:href="#sSpan874" value="ⲙ"/>
		<feat xlink:href="#sSpan878" value="ⲡ"/>
		<feat xlink:href="#sSpan881" value="ⲛⲟⲩⲧⲉ"/>
		<feat xlink:href="#sSpan884" value="ⲥⲱⲧⲙ"/>
		<feat xlink:href="#sSpan889" value="ⲛⲥⲁ"/>
		<feat xlink:href="#sSpan894" value="ⲡ"/>
		<feat xlink:href="#sSpan898" value="ⲉⲧ"/>
		<feat xlink:href="#sSpan900" value="ⲥⲏϩ"/>
		<feat xlink:href="#sSpan902" value="·"/>
		<feat xlink:href="#sSpan906" value="ϫⲉ"/>
		<feat xlink:href="#sSpan910" value="ⲥⲁϩⲱ"/>
		<feat xlink:href="#sSpan913" value="ⲧⲛ"/>
		<feat xlink:href="#sSpan915" value="ⲉⲃⲟⲗ"/>
		<feat xlink:href="#sSpan919" value="·"/>
		<feat xlink:href="#sSpan923" value="ⲥⲁϩⲱ"/>
		<feat xlink:href="#sSpan928" value="ⲧⲛ"/>
		<feat xlink:href="#sSpan930" value="ⲉⲃⲟⲗ"/>
		<feat xlink:href="#sSpan934" value="·"/>
		<feat xlink:href="#sSpan938" value="ⲙⲡⲣ"/>
		<feat xlink:href="#sSpan943" value="ϫⲱϩ"/>
		<feat xlink:href="#sSpan945" value="ⲉ"/>
		<feat xlink:href="#sSpan951" value="ⲁⲕⲁⲑⲁⲣⲧⲟⲛ"/>
		<feat xlink:href="#sSpan955" value="·"/>
		<feat xlink:href="#sSpan960" value="ⲙⲡⲣ"/>
		<feat xlink:href="#sSpan968" value="ⲕⲟⲓⲛⲱⲛⲉⲓ"/>
		<feat xlink:href="#sSpan970" value="ⲉ"/>
		<feat xlink:href="#sSpan974" value="ⲛⲉ"/>
		<feat xlink:href="#sSpan978" value="ϩⲃⲏⲩⲉ"/>
		<feat xlink:href="#sSpan980" value="ⲛ"/>
		<feat xlink:href="#sSpan984" value="ⲛ"/>
		<feat xlink:href="#sSpan987" value="ⲉⲧ"/>
		<feat xlink:href="#sSpan990" value="ⲟ"/>
		<feat xlink:href="#sSpan992" value="ⲛ"/>
		<feat xlink:href="#sSpan996" value="ϩⲙϩⲁⲗ"/>
		<feat xlink:href="#sSpan999" value="ⲛ"/>
		<feat xlink:href="#sSpan1004" value="ⲕⲣⲟⲛⲟⲥ"/>
		<feat xlink:href="#sSpan1008" value="·"/>
		<feat xlink:href="#sSpan1012" value="ⲉⲧ"/>
		<feat xlink:href="#sSpan1016" value="ⲙⲉ"/>
		<feat xlink:href="#sSpan1018" value="ⲁⲩⲱ"/>
		<feat xlink:href="#sSpan1023" value="ⲉⲧ"/>
		<feat xlink:href="#sSpan1027" value="ⲗⲟⲃⲉ"/>
		<feat xlink:href="#sSpan1029" value="ⲛⲥⲁ"/>
		<feat xlink:href="#sSpan1033" value="ⲧ"/>
		<feat xlink:href="#sSpan1038" value="ϩⲉⲕⲁⲧⲏ"/>
		<feat xlink:href="#sSpan1040" value="ⲉ"/>
		<feat xlink:href="#sSpan1044" value="ϭⲱϣⲧ"/>
		<feat xlink:href="#sSpan1046" value="ⲉϩⲟⲩⲛ"/>
		<feat xlink:href="#sSpan1051" value="ⲉϩⲣⲁ"/>
		<feat xlink:href="#sSpan1055" value="ⲥ"/>
		<feat xlink:href="#sSpan1057" value="·"/>
		<feat xlink:href="#sSpan1061" value="ⲧⲉ"/>
		<feat xlink:href="#sSpan1066" value="ⲥⲙⲟⲧ"/>
		<feat xlink:href="#sSpan1069" value="ⲙ"/>
		<feat xlink:href="#sSpan1074" value="ⲡⲟⲣⲛⲏ"/>
		<feat xlink:href="#sSpan1077" value="·"/>
		<feat xlink:href="#sSpan1081" value="ϫⲉ"/>
		<feat xlink:href="#sSpan1086" value="ⲛⲛⲉ"/>
		<feat xlink:href="#sSpan1088" value="ⲡ"/>
		<feat xlink:href="#sSpan1091" value="ⲉⲧ"/>
		<feat xlink:href="#sSpan1093" value="ⲙⲟⲥⲧⲉ"/>
		<feat xlink:href="#sSpan1097" value="ⲛ"/>
		<feat xlink:href="#sSpan1101" value="ⲛ"/>
		<feat xlink:href="#sSpan1104" value="ⲉⲧ"/>
		<feat xlink:href="#sSpan1106" value="ⲙⲙⲁⲩ"/>
		<feat xlink:href="#sSpan1109" value="ⲓⲏⲥⲟⲩⲥ"/>
		<feat xlink:href="#sSpan1115" value="ⲙⲉⲥⲧⲉ"/>
		<feat xlink:href="#sSpan1119" value="ⲧⲏⲩⲧⲛ"/>
		<feat xlink:href="#sSpan1122" value="ⲛⲙⲙⲁ"/>
		<feat xlink:href="#sSpan1126" value="ⲩ"/>
		<feat xlink:href="#sSpan1128" value="·"/>
		<feat xlink:href="#sSpan1133" value="ⲁⲩⲱ"/>
		<feat xlink:href="#sSpan1140" value="ⲁ"/>
		<feat xlink:href="#sSpan1144" value="ⲡⲉ"/>
		<feat xlink:href="#sSpan1147" value="ⲥϩⲁⲓ"/>
		<feat xlink:href="#sSpan1149" value="ⲉⲧ"/>
		<feat xlink:href="#sSpan1154" value="ⲟⲩⲁⲁⲃ"/>
		<feat xlink:href="#sSpan1156" value="ϫⲟⲟ"/>
		<feat xlink:href="#sSpan1160" value="ⲥ"/>
		<feat xlink:href="#sSpan1162" value="ϫⲉ"/>
		<feat xlink:href="#sSpan1167" value="ⲁ"/>
		<feat xlink:href="#sSpan1169" value="ⲛ"/>
		<feat xlink:href="#sSpan1173" value="ⲁⲅⲅⲉⲗⲟⲥ"/>
		<feat xlink:href="#sSpan1175" value="ϣⲁϫⲉ"/>
		<feat xlink:href="#sSpan1180" value="ⲙⲛ"/>
		<feat xlink:href="#sSpan1185" value="ⲗⲱⲧ"/>
		<feat xlink:href="#sSpan1188" value="ⲉ"/>
		<feat xlink:href="#sSpan1193" value="ⲧⲣⲉ"/>
		<feat xlink:href="#sSpan1195" value="ϥ"/>
		<feat xlink:href="#sSpan1197" value="ⲉⲓ"/>
		<feat xlink:href="#sSpan1200" value="ⲉⲃⲟⲗ"/>
		<feat xlink:href="#sSpan1204" value="ϩⲛ"/>
		<feat xlink:href="#sSpan1209" value="ⲥⲟⲇⲟⲙⲁ"/>
		<feat xlink:href="#sSpan1214" value="ⲧⲁⲭⲏ"/>
		<feat xlink:href="#sSpan1218" value="ⲉ"/>
		<feat xlink:href="#sSpan1223" value="ⲩ"/>
		<feat xlink:href="#sSpan1226" value="ϯⲥⲟ"/>
		<feat xlink:href="#sSpan1229" value="ⲉⲣⲟ"/>
		<feat xlink:href="#sSpan1233" value="ϥ"/>
		<feat xlink:href="#sSpan1235" value="ϫⲉ"/>
		<feat xlink:href="#sSpan1239" value="ⲛⲛⲉ"/>
		<feat xlink:href="#sSpan1242" value="ϥ"/>
		<feat xlink:href="#sSpan1244" value="ⲧⲁⲕⲟ"/>
		<feat xlink:href="#sSpan1246" value="ⲛⲙⲙⲁ"/>
		<feat xlink:href="#sSpan1251" value="ⲩ"/>
		<feat xlink:href="#sSpan1253" value="·"/>
		<feat xlink:href="#sSpan1258" value="ⲉ"/>
		<feat xlink:href="#sSpan1265" value="ⲩ"/>
		<feat xlink:href="#sSpan1267" value="ϫⲱ"/>
		<feat xlink:href="#sSpan1269" value="ⲙⲙⲟ"/>
		<feat xlink:href="#sSpan1273" value="ⲥ"/>
		<feat xlink:href="#sSpan1275" value="ⲛⲁ"/>
		<feat xlink:href="#sSpan1279" value="ⲕ"/>
		<feat xlink:href="#sSpan1281" value="ⲧⲉⲛⲟⲩ"/>
		<feat xlink:href="#sSpan1286" value="ϩⲱⲱ"/>
		<feat xlink:href="#sSpan1290" value="ⲕ"/>
		<feat xlink:href="#sSpan1293" value="ⲱ"/>
		<feat xlink:href="#sSpan1298" value="ⲡ"/>
		<feat xlink:href="#sSpan1303" value="ⲣⲱⲙⲉ"/>
		<feat xlink:href="#sSpan1305" value="ⲉⲃⲟⲗ"/>
		<feat xlink:href="#sSpan1309" value="ϩⲓⲧⲙ"/>
		<feat xlink:href="#sSpan1314" value="ⲡ"/>
		<feat xlink:href="#sSpan1318" value="ⲗⲟⲅⲟⲥ"/>
		<feat xlink:href="#sSpan1320" value="ⲙ"/>
		<feat xlink:href="#sSpan1325" value="ⲡ"/>
		<feat xlink:href="#sSpan1328" value="ⲛⲟⲩⲧⲉ"/>
		<feat xlink:href="#sSpan1330" value="·"/>
		<feat xlink:href="#sSpan1334" value="ⲁⲩⲱ"/>
		<feat xlink:href="#sSpan1338" value="ⲛ"/>
		<feat xlink:href="#sSpan1343" value="ⲅ"/>
		<feat xlink:href="#sSpan1345" value="ⲥⲁϩⲱⲱ"/>
		<feat xlink:href="#sSpan1347" value="ⲕ"/>
		<feat xlink:href="#sSpan1349" value="ⲉⲃⲟⲗ"/>
		<feat xlink:href="#sSpan1354" value="ⲛ"/>
		<feat xlink:href="#sSpan1358" value="ⲛⲉⲩ"/>
		<feat xlink:href="#sSpan1361" value="ⲛⲟⲃⲉ"/>
		<feat xlink:href="#sSpan1363" value="ϫⲉ"/>
		<feat xlink:href="#sSpan1368" value="ⲛⲛⲉ"/>
		<feat xlink:href="#sSpan1370" value="ϥ"/>
		<feat xlink:href="#sSpan1372" value="ⲁⲁ"/>
		<feat xlink:href="#sSpan1374" value="ⲕ"/>
		<feat xlink:href="#sSpan1376" value="ⲛ"/>
		<feat xlink:href="#sSpan1380" value="ⲧⲉⲩ"/>
		<feat xlink:href="#sSpan1383" value="ϩⲉ"/>
		<feat xlink:href="#sSpan1385" value="·"/>
		<feat xlink:href="#sSpan1389" value="ⲁⲩⲱ"/>
		<feat xlink:href="#sSpan1393" value="ⲛ"/>
		<feat xlink:href="#sSpan1397" value="ϥ"/>
		<feat xlink:href="#sSpan1399" value="ⲃⲟⲧ"/>
		<feat xlink:href="#sSpan1402" value="ⲕ"/>
		<feat xlink:href="#sSpan1404" value="ⲉⲃⲟⲗ"/>
		<feat xlink:href="#sSpan1408" value="ⲛⲙⲙⲁ"/>
		<feat xlink:href="#sSpan1414" value="ⲩ"/>
		<feat xlink:href="#sSpan1416" value="."/>
		<feat xlink:href="#sSpan1421" value="ⲟⲩⲛ"/>
		<feat xlink:href="#sSpan1429" value="ⲟⲩ"/>
		<feat xlink:href="#sSpan1433" value="ⲙⲛⲧϭⲱⲃ"/>
		<feat xlink:href="#sSpan1436" value="ϣⲟⲟⲡ"/>
		<feat xlink:href="#sSpan1442" value="ⲉⲓⲕⲏ"/>
		<feat xlink:href="#sSpan1446" value="ⲙ"/>
		<feat xlink:href="#sSpan1451" value="ⲡ"/>
		<feat xlink:href="#sSpan1457" value="ⲉⲧ"/>
		<feat xlink:href="#sSpan1459" value="ⲛⲁ"/>
		<feat xlink:href="#sSpan1461" value="ⲉⲓ"/>
		<feat xlink:href="#sSpan1464" value="ⲉϩⲣⲁⲓ"/>
		<feat xlink:href="#sSpan1468" value="ⲉⲣⲟ"/>
		<feat xlink:href="#sSpan1473" value="ⲥ"/>
		<feat xlink:href="#sSpan1475" value="ⲉⲧⲉ"/>
		<feat xlink:href="#sSpan1479" value="ⲡⲁⲓ"/>
		<feat xlink:href="#sSpan1482" value="ⲡⲉ"/>
		<feat xlink:href="#sSpan1486" value="ⲉ"/>
		<feat xlink:href="#sSpan1491" value="ⲧⲣⲉ"/>
		<feat xlink:href="#sSpan1493" value="ϩⲉⲛ"/>
		<feat xlink:href="#sSpan1496" value="ⲣⲱⲙⲉ"/>
		<feat xlink:href="#sSpan1498" value="ⲛ"/>
		<feat xlink:href="#sSpan1503" value="ⲧⲛ"/>
		<feat xlink:href="#sSpan1506" value="ⲙⲉⲓⲛⲉ"/>
		<feat xlink:href="#sSpan1508" value="ⲉ"/>
		<feat xlink:href="#sSpan1512" value="ⲩ"/>
		<feat xlink:href="#sSpan1514" value="ϫⲱ"/>
		<feat xlink:href="#sSpan1517" value="ⲙⲙⲟ"/>
		<feat xlink:href="#sSpan1521" value="ⲥ"/>
		<feat xlink:href="#sSpan1523" value="·"/>
		<feat xlink:href="#sSpan1527" value="ϫⲉ"/>
		<feat xlink:href="#sSpan1531" value="ⲧⲛ"/>
		<feat xlink:href="#sSpan1533" value="ⲙⲉ"/>
		<feat xlink:href="#sSpan1536" value="ⲙ"/>
		<feat xlink:href="#sSpan1540" value="ⲡ"/>
		<feat xlink:href="#sSpan1543" value="ⲉⲛⲧ"/>
		<feat xlink:href="#sSpan1545" value="ⲁ"/>
		<feat xlink:href="#sSpan1547" value="ϥ"/>
		<feat xlink:href="#sSpan1550" value="ϯⲥⲟⲟⲩⲛ"/>
		<feat xlink:href="#sSpan1554" value="ⲛⲁ"/>
		<feat xlink:href="#sSpan1558" value="ⲛ"/>
		<feat xlink:href="#sSpan1560" value="ⲡⲉ"/>
		<feat xlink:href="#sSpan1565" value="ⲭⲣⲓⲥⲧⲟⲥ"/>
		<feat xlink:href="#sSpan1570" value="·"/>
		<feat xlink:href="#sSpan1575" value="ϫⲓⲇⲱⲣⲟⲛ"/>
		<feat xlink:href="#sSpan1582" value="ⲛ"/>
		<feat xlink:href="#sSpan1586" value="ⲗⲁⲁⲩ"/>
		<feat xlink:href="#sSpan1589" value="ⲛ"/>
		<feat xlink:href="#sSpan1593" value="ϩⲛⲟ"/>
		<feat xlink:href="#sSpan1597" value="ϩⲟⲗⲱⲥ"/>
		<feat xlink:href="#sSpan1601" value="ⲛⲧⲟⲟⲧ"/>
		<feat xlink:href="#sSpan1606" value="ⲟⲩ"/>
		<feat xlink:href="#sSpan1608" value="ⲛ"/>
		<feat xlink:href="#sSpan1612" value="ϩⲉⲛ"/>
		<feat xlink:href="#sSpan1615" value="ⲣⲱⲙⲉ"/>
		<feat xlink:href="#sSpan1618" value="ⲛ"/>
		<feat xlink:href="#sSpan1623" value="ⲁⲧⲛⲟⲩⲧⲉ"/>
		<feat xlink:href="#sSpan1627" value="·"/>
		<feat xlink:href="#sSpan1632" value="ⲏ"/>
		<feat xlink:href="#sSpan1636" value="ⲛⲧⲟϥ"/>
		<feat xlink:href="#sSpan1640" value="ⲛⲧⲉ"/>
		<feat xlink:href="#sSpan1645" value="ⲛ"/>
		<feat xlink:href="#sSpan1647" value="ϫⲓ"/>
		<feat xlink:href="#sSpan1649" value="ⲟⲩ"/>
		<feat xlink:href="#sSpan1653" value="ⲇⲱⲣⲟⲛ"/>
		<feat xlink:href="#sSpan1655" value="ⲛⲁ"/>
		<feat xlink:href="#sSpan1660" value="ⲩ"/>
		<feat xlink:href="#sSpan1662" value="·"/>
		<feat xlink:href="#sSpan1666" value="ⲛ"/>
		<feat xlink:href="#sSpan1670" value="ⲕⲱ"/>
		<feat xlink:href="#sSpan1672" value="ⲛⲁ"/>
		<feat xlink:href="#sSpan1676" value="ⲛ"/>
		<feat xlink:href="#sSpan1678" value="ⲛ"/>
		<feat xlink:href="#sSpan1683" value="ⲟⲩ"/>
		<feat xlink:href="#sSpan1687" value="ⲙⲛⲧϣⲃⲣ"/>
		<feat xlink:href="#sSpan1690" value="ⲙⲛ"/>
		<feat xlink:href="#sSpan1695" value="ⲛ"/>
		<feat xlink:href="#sSpan1698" value="ϫⲁϫⲉ"/>
		<feat xlink:href="#sSpan1700" value="ⲙ"/>
		<feat xlink:href="#sSpan1705" value="ⲡⲉ"/>
		<feat xlink:href="#sSpan1710" value="ⲭⲣⲓⲥⲧⲟⲥ"/>
		<feat xlink:href="#sSpan1712" value="·"/>
		<feat xlink:href="#sSpan1716" value="ⲉ"/>
		<feat xlink:href="#sSpan1722" value="ⲩ"/>
		<feat xlink:href="#sSpan1725" value="ⲟⲩⲟⲛϩ"/>
		<feat xlink:href="#sSpan1729" value="ⲉⲃⲟⲗ"/>
		<feat xlink:href="#sSpan1733" value="ⲉ"/>
		<feat xlink:href="#sSpan1737" value="ⲛⲉⲛ"/>
		<feat xlink:href="#sSpan1740" value="ⲣⲱⲙⲉ"/>
		<feat xlink:href="#sSpan1744" value="ⲏ"/>
		<feat xlink:href="#sSpan1748" value="ϩⲉⲛ"/>
		<feat xlink:href="#sSpan1753" value="ⲙⲏⲏϣⲉ"/>
		<feat xlink:href="#sSpan1757" value="ⲛ"/>
		<feat xlink:href="#sSpan1761" value="ⲣⲱⲙⲉ"/>
		<feat xlink:href="#sSpan1763" value="ϫⲉ"/>
		<feat xlink:href="#sSpan1768" value="ϩⲉⲛ"/>
		<feat xlink:href="#sSpan1772" value="ⲣⲉϥϣⲙϣⲉⲉⲓⲇⲱⲗⲟⲛ"/>
		<feat xlink:href="#sSpan1778" value="ⲛⲉ"/>
		<feat xlink:href="#sSpan1784" value="ⲉ"/>
		<feat xlink:href="#sSpan1788" value="ⲩ"/>
		<feat xlink:href="#sSpan1790" value="ⲟⲩⲱϣⲧ"/>
		<feat xlink:href="#sSpan1792" value="ⲛ"/>
		<feat xlink:href="#sSpan1797" value="ⲛ"/>
		<feat xlink:href="#sSpan1801" value="ϩⲉⲓⲕⲱⲛ"/>
		<feat xlink:href="#sSpan1803" value="ⲛ"/>
		<feat xlink:href="#sSpan1808" value="ⲇⲁⲓⲙⲟⲛⲓⲟⲛ"/>
		<feat xlink:href="#sSpan1812" value="ⲁⲩⲱ"/>
		<feat xlink:href="#sSpan1817" value="ⲉ"/>
		<feat xlink:href="#sSpan1821" value="ⲩ"/>
		<feat xlink:href="#sSpan1823" value="ϫⲱ"/>
		<feat xlink:href="#sSpan1825" value="ⲙⲙⲟ"/>
		<feat xlink:href="#sSpan1830" value="ⲥ"/>
		<feat xlink:href="#sSpan1832" value="ϩⲛ"/>
		<feat xlink:href="#sSpan1836" value="ⲧⲉⲩ"/>
		<feat xlink:href="#sSpan1840" value="ⲙⲛⲧⲧⲟⲗⲙⲏⲣⲟⲥ"/>
		<feat xlink:href="#sSpan1845" value="·"/>
		<feat xlink:href="#sSpan1849" value="ϫⲉ"/>
		<feat xlink:href="#sSpan1853" value="ⲛ"/>
		<feat xlink:href="#sSpan1856" value="ⲧ"/>
		<feat xlink:href="#sSpan1858" value="ϩⲉ"/>
		<feat xlink:href="#sSpan1860" value="ⲉⲧ"/>
		<feat xlink:href="#sSpan1864" value="ⲛ"/>
		<feat xlink:href="#sSpan1866" value="ⲛⲁ"/>
		<feat xlink:href="#sSpan1868" value="ⲉϣ"/>
		<feat xlink:href="#sSpan1871" value="ⲡⲉⲉⲛⲉ"/>
		<feat xlink:href="#sSpan1873" value="ⲧⲏⲩⲧⲛ"/>
		<feat xlink:href="#sSpan1876" value="ⲁⲛ"/>
		<feat xlink:href="#sSpan1880" value="ⲉ"/>
		<feat xlink:href="#sSpan1885" value="ⲣϩⲉⲗⲗⲏⲛ"/>
		<feat xlink:href="#sSpan1890" value="ⲛ"/>
		<feat xlink:href="#sSpan1895" value="ⲧⲉⲧⲛ"/>
		<feat xlink:href="#sSpan1897" value="ⲛⲁ"/>
		<feat xlink:href="#sSpan1899" value="ⲉϣ"/>
		<feat xlink:href="#sSpan1901" value="ⲡⲟⲟⲛⲉ"/>
		<feat xlink:href="#sSpan1905" value="ⲛ"/>
		<feat xlink:href="#sSpan1908" value="ⲁⲛ"/>
		<feat xlink:href="#sSpan1912" value="ⲉ"/>
		<feat xlink:href="#sSpan1918" value="ⲣⲭⲣⲓⲥⲧⲓⲁⲛⲟⲥ"/>
		<feat xlink:href="#sSpan1923" value="·"/>
		<feat xlink:href="#sSpan1928" value="ⲡ"/>
		<feat xlink:href="#sSpan1937" value="ⲉⲧ"/>
		<feat xlink:href="#sSpan1939" value="ⲟⲩⲱϣⲧ"/>
		<feat xlink:href="#sSpan1942" value="ⲅⲁⲣ"/>
		<feat xlink:href="#sSpan1946" value="ⲛ"/>
		<feat xlink:href="#sSpan1951" value="ϩⲉⲛ"/>
		<feat xlink:href="#sSpan1954" value="ⲣⲱⲙⲉ"/>
		<feat xlink:href="#sSpan1956" value="ⲛ"/>
		<feat xlink:href="#sSpan1962" value="ⲁⲧⲛⲟⲩⲧⲉ"/>
		<feat xlink:href="#sSpan1965" value="·"/>
		<feat xlink:href="#sSpan1969" value="ⲉ"/>
		<feat xlink:href="#sSpan1974" value="ϥ"/>
		<feat xlink:href="#sSpan1976" value="ⲟⲩⲱϣⲧ"/>
		<feat xlink:href="#sSpan1978" value="ⲙ"/>
		<feat xlink:href="#sSpan1982" value="ⲡ"/>
		<feat xlink:href="#sSpan1985" value="ⲉⲧ"/>
		<feat xlink:href="#sSpan1988" value="ⲟⲩⲏϩ"/>
		<feat xlink:href="#sSpan1990" value="ⲛϩⲏⲧ"/>
		<feat xlink:href="#sSpan1994" value="ⲟⲩ"/>
		<feat xlink:href="#sSpan1996" value="ⲡ"/>
		<feat xlink:href="#sSpan2003" value="ⲇⲓⲁⲃⲟⲗⲟⲥ"/>
		<feat xlink:href="#sSpan2005" value="·"/>
		<feat xlink:href="#sSpan2009" value="ⲁⲩⲱ"/>
		<feat xlink:href="#sSpan2013" value="ⲉ"/>
		<feat xlink:href="#sSpan2018" value="ϥ"/>
		<feat xlink:href="#sSpan2021" value="ϯⲡⲓ"/>
		<feat xlink:href="#sSpan2024" value="ⲉ"/>
		<feat xlink:href="#sSpan2028" value="ⲡ"/>
		<feat xlink:href="#sSpan2031" value="ⲉⲧ"/>
		<feat xlink:href="#sSpan2034" value="ⲟⲩ"/>
		<feat xlink:href="#sSpan2036" value="ϣⲙϣⲉ"/>
		<feat xlink:href="#sSpan2038" value="ⲛⲁ"/>
		<feat xlink:href="#sSpan2043" value="ϥ"/>
		<feat xlink:href="#sSpan2045" value="ⲡ"/>
		<feat xlink:href="#sSpan2049" value="ϩⲟⲃ"/>
		<feat xlink:href="#sSpan2051" value="·"/>
		<feat xlink:href="#sSpan2056" value="ⲡ"/>
		<feat xlink:href="#sSpan2062" value="ⲉⲧ"/>
		<feat xlink:href="#sSpan2064" value="ⲟⲩⲱϣⲧ"/>
		<feat xlink:href="#sSpan2067" value="ⲇⲉ"/>
		<feat xlink:href="#sSpan2071" value="ⲛ"/>
		<feat xlink:href="#sSpan2076" value="ϩⲉⲛ"/>
		<feat xlink:href="#sSpan2080" value="ⲣⲙⲛⲛⲟⲩⲧⲉ"/>
		<feat xlink:href="#sSpan2088" value="ⲉ"/>
		<feat xlink:href="#sSpan2092" value="ϥ"/>
		<feat xlink:href="#sSpan2094" value="ⲟⲩⲱϣⲧ"/>
		<feat xlink:href="#sSpan2096" value="ⲙ"/>
		<feat xlink:href="#sSpan2100" value="ⲡ"/>
		<feat xlink:href="#sSpan2104" value="ⲛⲟⲩⲧⲉ"/>
		<feat xlink:href="#sSpan2106" value="ⲉⲧ"/>
		<feat xlink:href="#sSpan2110" value="ⲟⲩⲏϩ"/>
		<feat xlink:href="#sSpan2112" value="ⲛϩⲏⲧ"/>
		<feat xlink:href="#sSpan2117" value="ⲟⲩ"/>
		<feat xlink:href="#sSpan2119" value="·"/>
		<feat xlink:href="#sSpan2123" value="ⲁⲩⲱ"/>
		<feat xlink:href="#sSpan2127" value="ⲉ"/>
		<feat xlink:href="#sSpan2132" value="ϥ"/>
		<feat xlink:href="#sSpan2135" value="ϯⲡⲓ"/>
		<feat xlink:href="#sSpan2138" value="ⲉⲣⲙ"/>
		<feat xlink:href="#sSpan2142" value="ⲡ"/>
		<feat xlink:href="#sSpan2145" value="ⲉⲧ"/>
		<feat xlink:href="#sSpan2148" value="ⲟⲩ"/>
		<feat xlink:href="#sSpan2150" value="ϣⲙϣⲉ"/>
		<feat xlink:href="#sSpan2152" value="ⲛⲁ"/>
		<feat xlink:href="#sSpan2156" value="ϥ"/>
		<feat xlink:href="#sSpan2159" value="ⲓⲏⲥⲟⲩⲥ"/>
		<feat xlink:href="#sSpan2164" value="·"/>
		<feat xlink:href="#sSpan2169" value="ⲉⲕϣⲁⲛ"/>
		<feat xlink:href="#sSpan2176" value="ϫⲟⲟ"/>
		<feat xlink:href="#sSpan2178" value="ⲥ"/>
		<feat xlink:href="#sSpan2180" value="ϫⲉ"/>
		<feat xlink:href="#sSpan2184" value="ⲡ"/>
		<feat xlink:href="#sSpan2188" value="ϫⲟⲉⲓⲥ"/>
		<feat xlink:href="#sSpan2190" value="ϣⲉⲡ"/>
		<feat xlink:href="#sSpan2196" value="ⲣⲉϥⲣⲛⲟⲃⲉ"/>
		<feat xlink:href="#sSpan2202" value="ⲉⲣⲟ"/>
		<feat xlink:href="#sSpan2206" value="ϥ"/>
		<feat xlink:href="#sSpan2208" value="ⲁⲩⲱ"/>
		<feat xlink:href="#sSpan2213" value="ϥ"/>
		<feat xlink:href="#sSpan2217" value="ⲟⲩⲱⲙ"/>
		<feat xlink:href="#sSpan2219" value="ⲛⲙⲙⲁ"/>
		<feat xlink:href="#sSpan2224" value="ⲩ"/>
		<feat xlink:href="#sSpan2226" value="·"/>
		<feat xlink:href="#sSpan2231" value="ⲁⲗⲗⲁ"/>
		<feat xlink:href="#sSpan2237" value="ⲧⲉ"/>
		<feat xlink:href="#sSpan2243" value="ⲭⲣⲉⲓⲁ"/>
		<feat xlink:href="#sSpan2246" value="ⲇⲉ"/>
		<feat xlink:href="#sSpan2250" value="ⲉ"/>
		<feat xlink:href="#sSpan2255" value="ⲛⲟⲓ"/>
		<feat xlink:href="#sSpan2257" value="ⲛⲧⲟϥ"/>
		<feat xlink:href="#sSpan2262" value="ϫⲉ"/>
		<feat xlink:href="#sSpan2266" value="ⲉⲧⲃⲉ"/>
		<feat xlink:href="#sSpan2269" value="ⲟⲩ"/>
		<feat xlink:href="#sSpan2272" value="·"/>
		<feat xlink:href="#sSpan2276" value="ϫⲉ"/>
		<feat xlink:href="#sSpan2280" value="ⲉⲩⲉ"/>
		<feat xlink:href="#sSpan2283" value="ⲡⲓⲥⲧⲉⲩⲉ"/>
		<feat xlink:href="#sSpan2286" value="ⲉⲣⲟ"/>
		<feat xlink:href="#sSpan2290" value="ϥ"/>
		<feat xlink:href="#sSpan2292" value="·"/>
		<feat xlink:href="#sSpan2296" value="ϫⲛⲉ"/>
		<feat xlink:href="#sSpan2300" value="ⲉⲩⲉ"/>
		<feat xlink:href="#sSpan2303" value="ϫⲓⲟⲩⲁ"/>
		<feat xlink:href="#sSpan2305" value="ⲉⲣⲟ"/>
		<feat xlink:href="#sSpan2309" value="ϥ"/>
		<feat xlink:href="#sSpan2311" value="·"/>
		<feat xlink:href="#sSpan2317" value="ⲏ"/>
		<feat xlink:href="#sSpan2324" value="ⲉ"/>
		<feat xlink:href="#sSpan2328" value="ⲛⲉ"/>
		<feat xlink:href="#sSpan2330" value="ϥ"/>
		<feat xlink:href="#sSpan2332" value="ⲛⲁ"/>
		<feat xlink:href="#sSpan2335" value="ϯϩⲏⲩ"/>
		<feat xlink:href="#sSpan2338" value="ⲁⲛ"/>
		<feat xlink:href="#sSpan2343" value="ⲉⲣⲟ"/>
		<feat xlink:href="#sSpan2348" value="ⲟⲩ"/>
		<feat xlink:href="#sSpan2350" value="·"/>
		<feat xlink:href="#sSpan2354" value="ⲛ"/>
		<feat xlink:href="#sSpan2358" value="ⲁϣ"/>
		<feat xlink:href="#sSpan2361" value="ⲛ"/>
		<feat xlink:href="#sSpan2365" value="ϩⲉ"/>
		<feat xlink:href="#sSpan2367" value="ϥ"/>
		<feat xlink:href="#sSpan2371" value="ⲛⲁ"/>
		<feat xlink:href="#sSpan2373" value="ϫⲟⲟ"/>
		<feat xlink:href="#sSpan2375" value="ⲥ"/>
		<feat xlink:href="#sSpan2377" value="ϫⲉ"/>
		<feat xlink:href="#sSpan2382" value="ⲛⲧ"/>
		<feat xlink:href="#sSpan2384" value="ⲁ"/>
		<feat xlink:href="#sSpan2386" value="ⲓ"/>
		<feat xlink:href="#sSpan2388" value="ⲉⲓ"/>
		<feat xlink:href="#sSpan2391" value="ⲉ"/>
		<feat xlink:href="#sSpan2395" value="ⲧⲉϩⲙ"/>
		<feat xlink:href="#sSpan2397" value="ⲛ"/>
		<feat xlink:href="#sSpan2402" value="ⲣⲉϥⲣⲛⲟⲃⲉ"/>
		<feat xlink:href="#sSpan2406" value="ⲉ"/>
		<feat xlink:href="#sSpan2410" value="ⲩ"/>
		<feat xlink:href="#sSpan2414" value="ⲙⲉⲧⲁⲛⲟⲓⲁ"/>
		<feat xlink:href="#sSpan2417" value="·"/>
		<feat xlink:href="#sSpan2423" value="ⲏ"/>
		<feat xlink:href="#sSpan2430" value="ⲛ"/>
		<feat xlink:href="#sSpan2434" value="ⲧⲉⲧⲛ"/>
		<feat xlink:href="#sSpan2436" value="ⲛⲁⲩ"/>
		<feat xlink:href="#sSpan2438" value="ⲁⲛ"/>
		<feat xlink:href="#sSpan2443" value="ⲉ"/>
		<feat xlink:href="#sSpan2447" value="ⲡ"/>
		<feat xlink:href="#sSpan2450" value="ⲙⲁⲉⲓⲛ"/>
		<feat xlink:href="#sSpan2452" value="ⲙ"/>
		<feat xlink:href="#sSpan2456" value="ⲡⲉⲩ"/>
		<feat xlink:href="#sSpan2460" value="ⲟⲩⲱϣ"/>
		<feat xlink:href="#sSpan2462" value="ⲉϩⲟⲩⲛ"/>
		<feat xlink:href="#sSpan2466" value="ⲉ"/>
		<feat xlink:href="#sSpan2472" value="ⲡ"/>
		<feat xlink:href="#sSpan2475" value="ⲉⲛⲧ"/>
		<feat xlink:href="#sSpan2477" value="ⲁ"/>
		<feat xlink:href="#sSpan2479" value="ϥ"/>
		<feat xlink:href="#sSpan2481" value="ⲧⲁϩⲙ"/>
		<feat xlink:href="#sSpan2483" value="ⲟⲩ"/>
		<feat xlink:href="#sSpan2486" value="ⲉⲧⲉ"/>
		<feat xlink:href="#sSpan2491" value="ⲡⲁⲓ"/>
		<feat xlink:href="#sSpan2494" value="ⲡⲉ"/>
		<feat xlink:href="#sSpan2498" value="ϫⲉ"/>
		<feat xlink:href="#sSpan2502" value="ⲛⲉⲣⲉ"/>
		<feat xlink:href="#sSpan2505" value="ⲛ"/>
		<feat xlink:href="#sSpan2509" value="ⲧⲉⲗⲱⲛⲏⲥ"/>
		<feat xlink:href="#sSpan2512" value="ⲇⲉ"/>
		<feat xlink:href="#sSpan2517" value="ⲧⲏⲣ"/>
		<feat xlink:href="#sSpan2521" value="ⲟⲩ"/>
		<feat xlink:href="#sSpan2523" value="ⲙⲛ"/>
		<feat xlink:href="#sSpan2527" value="ⲛ"/>
		<feat xlink:href="#sSpan2532" value="ⲣⲉϥⲣⲛⲟⲃⲉ"/>
		<feat xlink:href="#sSpan2536" value="ϩⲏⲛ"/>
		<feat xlink:href="#sSpan2540" value="ⲉϩⲟⲩⲛ"/>
		<feat xlink:href="#sSpan2545" value="ⲉⲣⲟ"/>
		<feat xlink:href="#sSpan2549" value="ϥ"/>
		<feat xlink:href="#sSpan2551" value="·"/>
		<feat xlink:href="#sSpan2555" value="ϫⲉ"/>
		<feat xlink:href="#sSpan2559" value="ⲉⲩⲉ"/>
		<feat xlink:href="#sSpan2561" value="ⲥⲱⲧⲙ"/>
		<feat xlink:href="#sSpan2564" value="ⲉⲣⲟ"/>
		<feat xlink:href="#sSpan2568" value="ϥ"/>
		<feat xlink:href="#sSpan2570" value="·"/>
		<feat xlink:href="#sSpan2575" value="ⲉϣⲱⲡⲉ"/>
		<feat xlink:href="#sSpan2583" value="ⲙⲉⲛ"/>
		<feat xlink:href="#sSpan2587" value="ⲉⲕϣⲁⲛ"/>
		<feat xlink:href="#sSpan2592" value="ⲧⲉϩⲙ"/>
		<feat xlink:href="#sSpan2594" value="ⲟⲩ"/>
		<feat xlink:href="#sSpan2598" value="ⲁⲡⲓⲥⲧⲟⲥ"/>
		<feat xlink:href="#sSpan2601" value="·"/>
		<feat xlink:href="#sSpan2605" value="ⲛ"/>
		<feat xlink:href="#sSpan2609" value="ϥ"/>
		<feat xlink:href="#sSpan2611" value="ⲉⲓ"/>
		<feat xlink:href="#sSpan2614" value="ⲉ"/>
		<feat xlink:href="#sSpan2619" value="ⲡ"/>
		<feat xlink:href="#sSpan2623" value="ⲇⲉⲓⲡⲛⲟⲛ"/>
		<feat xlink:href="#sSpan2625" value="ⲙ"/>
		<feat xlink:href="#sSpan2629" value="ⲡⲉⲕ"/>
		<feat xlink:href="#sSpan2633" value="ⲛⲟⲩⲧⲉ"/>
		<feat xlink:href="#sSpan2635" value="·"/>
		<feat xlink:href="#sSpan2640" value="ⲛ"/>
		<feat xlink:href="#sSpan2645" value="ϥ"/>
		<feat xlink:href="#sSpan2647" value="ⲟⲩⲱⲙ"/>
		<feat xlink:href="#sSpan2649" value="ⲉⲃⲟⲗ"/>
		<feat xlink:href="#sSpan2654" value="ϩⲛ"/>
		<feat xlink:href="#sSpan2659" value="ⲛ"/>
		<feat xlink:href="#sSpan2663" value="ⲁⲅⲁⲑⲟⲛ"/>
		<feat xlink:href="#sSpan2665" value="ⲛⲧ"/>
		<feat xlink:href="#sSpan2670" value="ⲁ"/>
		<feat xlink:href="#sSpan2672" value="ϥ"/>
		<feat xlink:href="#sSpan2674" value="ϫⲟ"/>
		<feat xlink:href="#sSpan2676" value="ⲟⲩ"/>
		<feat xlink:href="#sSpan2678" value="ϫⲉ"/>
		<feat xlink:href="#sSpan2682" value="ⲁ"/>
		<feat xlink:href="#sSpan2684" value="ⲓ"/>
		<feat xlink:href="#sSpan2686" value="ⲥⲃⲧⲱⲧ"/>
		<feat xlink:href="#sSpan2689" value="ⲟⲩ"/>
		<feat xlink:href="#sSpan2691" value="·"/>
		<feat xlink:href="#sSpan2696" value="ⲉⲓⲉ"/>
		<feat xlink:href="#sSpan2702" value="ⲕⲁⲗⲱⲥ"/>
		<feat xlink:href="#sSpan2704" value="ⲉⲣϣⲁⲛ"/>
		<feat xlink:href="#sSpan2710" value="ⲧⲁϩⲙⲉ"/>
		<feat xlink:href="#sSpan2713" value="ⲕ"/>
		<feat xlink:href="#sSpan2715" value="ⲉ"/>
		<feat xlink:href="#sSpan2719" value="ⲩ"/>
		<feat xlink:href="#sSpan2723" value="ⲇⲓⲡⲛⲟⲛ"/>
		<feat xlink:href="#sSpan2726" value="ⲛϭⲓ"/>
		<feat xlink:href="#sSpan2730" value="ⲟⲩ"/>
		<feat xlink:href="#sSpan2734" value="ⲁⲡⲓⲥⲧⲟⲥ"/>
		<feat xlink:href="#sSpan2737" value="ⲛ"/>
		<feat xlink:href="#sSpan2741" value="ⲅ"/>
		<feat xlink:href="#sSpan2743" value="ⲟⲩⲱⲙ"/>
		<feat xlink:href="#sSpan2746" value="ϩⲱⲱ"/>
		<feat xlink:href="#sSpan2750" value="ⲕ"/>
		<feat xlink:href="#sSpan2752" value="ⲛⲙⲙⲁ"/>
		<feat xlink:href="#sSpan2757" value="ϥ"/>
		<feat xlink:href="#sSpan2759" value="ⲛ"/>
		<feat xlink:href="#sSpan2763" value="ⲧ"/>
		<feat xlink:href="#sSpan2765" value="ϩⲉ"/>
		<feat xlink:href="#sSpan2767" value="ⲙ"/>
		<feat xlink:href="#sSpan2771" value="ⲡⲉⲕ"/>
		<feat xlink:href="#sSpan2774" value="ϫⲟⲉⲓⲥ"/>
		<feat xlink:href="#sSpan2778" value="ⲓⲏⲥⲟⲩⲥ"/>
		<feat xlink:href="#sSpan2782" value="·"/>
		<feat xlink:href="#sSpan2787" value="ⲡⲉⲕ"/>
		<feat xlink:href="#sSpan2793" value="ⲁⲡⲟⲧ"/>
		<feat xlink:href="#sSpan2795" value="ⲡⲟⲣϫ"/>
		<feat xlink:href="#sSpan2799" value="ⲉⲃⲟⲗ"/>
		<feat xlink:href="#sSpan2804" value="ⲉ"/>
		<feat xlink:href="#sSpan2808" value="ⲡⲁ"/>
		<feat xlink:href="#sSpan2811" value="ⲡ"/>
		<feat xlink:href="#sSpan2814" value="ϩⲉⲗ"/></featList></paula>