<?xml version='1.0' encoding='UTF-8'?><!DOCTYPE paula SYSTEM "paula_feat.dtd">
<paula version="1.1">
	<header paula_id="scriptorium.shenoute.those.GF253-256.mark_translation"/>
	<featList xmlns:xlink="http://www.w3.org/1999/xlink" type="translation" xml:base="scriptorium.shenoute.those.GF253-256.mark.xml">
		<feat xlink:href="#sSpan9" value="..."/>
		<feat xlink:href="#sSpan248" value="..."/>
		<feat xlink:href="#sSpan378" value="..."/>
		<feat xlink:href="#sSpan588" value="..."/>
		<feat xlink:href="#sSpan721" value="..."/>
		<feat xlink:href="#sSpan832" value="..."/>
		<feat xlink:href="#sSpan965" value="..."/>
		<feat xlink:href="#sSpan1138" value="..."/>
		<feat xlink:href="#sSpan1263" value="..."/>
		<feat xlink:href="#sSpan1426" value="..."/>
		<feat xlink:href="#sSpan1720" value="..."/>
		<feat xlink:href="#sSpan1934" value="..."/>
		<feat xlink:href="#sSpan2174" value="..."/>
		<feat xlink:href="#sSpan2322" value="..."/>
		<feat xlink:href="#sSpan2428" value="..."/>
		<feat xlink:href="#sSpan2580" value="..."/>
		<feat xlink:href="#sSpan2708" value="..."/></featList></paula>