<?xml version='1.0' encoding='UTF-8'?><!DOCTYPE paula SYSTEM "paula_feat.dtd">
<paula version="1.1">
	<header paula_id="scriptorium.shenoute.those.GF253-256.mark_cb_n"/>
	<featList xmlns:xlink="http://www.w3.org/1999/xlink" type="cb_n" xml:base="scriptorium.shenoute.those.GF253-256.mark.xml">
		<feat xlink:href="#sSpan11" value="1"/>
		<feat xlink:href="#sSpan353" value="2"/>
		<feat xlink:href="#sSpan735" value="1"/>
		<feat xlink:href="#sSpan1096" value="2"/>
		<feat xlink:href="#sSpan1455" value="1"/>
		<feat xlink:href="#sSpan1783" value="2"/>
		<feat xlink:href="#sSpan2086" value="1"/>
		<feat xlink:href="#sSpan2471" value="2"/></featList></paula>