<?xml version='1.0' encoding='UTF-8'?><!DOCTYPE paula SYSTEM "paula_mark.dtd">
<paula version="1.1">
	<header paula_id="40_Matthew_11.tok"/>
	<markList xmlns:xlink="http://www.w3.org/1999/xlink" type="tok" xml:base="40_Matthew_11.text.xml">
		<!--ⲁ-->
		<mark id="sTok1" xlink:href="#xpointer(string-range(//body,'',1,1))"/>
		<!--ⲥ-->
		<mark id="sTok2" xlink:href="#xpointer(string-range(//body,'',3,1))"/>
		<!--ϣⲱⲡⲉ-->
		<mark id="sTok3" xlink:href="#xpointer(string-range(//body,'',5,4))"/>
		<!--ⲇⲉ-->
		<mark id="sTok4" xlink:href="#xpointer(string-range(//body,'',10,2))"/>
		<!--ⲛⲧⲉⲣⲉ-->
		<mark id="sTok5" xlink:href="#xpointer(string-range(//body,'',13,5))"/>
		<!--ⲓⲏⲥⲟⲩⲥ-->
		<mark id="sTok6" xlink:href="#xpointer(string-range(//body,'',19,6))"/>
		<!--ⲟⲩⲱ-->
		<mark id="sTok7" xlink:href="#xpointer(string-range(//body,'',26,3))"/>
		<!--ⲉ-->
		<mark id="sTok8" xlink:href="#xpointer(string-range(//body,'',30,1))"/>
		<!--ϥ-->
		<mark id="sTok9" xlink:href="#xpointer(string-range(//body,'',32,1))"/>
		<!--ⲟⲩⲉϩ-->
		<mark id="sTok10" xlink:href="#xpointer(string-range(//body,'',34,4))"/>
		<!--ⲥⲁϩⲛⲉ-->
		<mark id="sTok11" xlink:href="#xpointer(string-range(//body,'',39,5))"/>
		<!--ⲙ-->
		<mark id="sTok12" xlink:href="#xpointer(string-range(//body,'',45,1))"/>
		<!--ⲡⲉϥ-->
		<mark id="sTok13" xlink:href="#xpointer(string-range(//body,'',47,3))"/>
		<!--ⲙⲛⲧ-->
		<mark id="sTok14" xlink:href="#xpointer(string-range(//body,'',51,3))"/>
		<!--ⲥⲛⲟⲟⲩⲥ-->
		<mark id="sTok15" xlink:href="#xpointer(string-range(//body,'',55,6))"/>
		<!--ⲙ-->
		<mark id="sTok16" xlink:href="#xpointer(string-range(//body,'',62,1))"/>
		<!--ⲙⲁⲑⲏⲧⲏⲥ-->
		<mark id="sTok17" xlink:href="#xpointer(string-range(//body,'',64,7))"/>
		<!--ⲁ-->
		<mark id="sTok18" xlink:href="#xpointer(string-range(//body,'',72,1))"/>
		<!--ϥ-->
		<mark id="sTok19" xlink:href="#xpointer(string-range(//body,'',74,1))"/>
		<!--ⲡⲱⲱⲛⲉ-->
		<mark id="sTok20" xlink:href="#xpointer(string-range(//body,'',76,5))"/>
		<!--ⲉⲃⲟⲗ-->
		<mark id="sTok21" xlink:href="#xpointer(string-range(//body,'',82,4))"/>
		<!--ϩⲙ-->
		<mark id="sTok22" xlink:href="#xpointer(string-range(//body,'',87,2))"/>
		<!--ⲡ-->
		<mark id="sTok23" xlink:href="#xpointer(string-range(//body,'',90,1))"/>
		<!--ⲙⲁ-->
		<mark id="sTok24" xlink:href="#xpointer(string-range(//body,'',92,2))"/>
		<!--ⲉⲧ-->
		<mark id="sTok25" xlink:href="#xpointer(string-range(//body,'',95,2))"/>
		<!--ⲙⲙⲁⲩ-->
		<mark id="sTok26" xlink:href="#xpointer(string-range(//body,'',98,4))"/>
		<!--ⲉ-->
		<mark id="sTok27" xlink:href="#xpointer(string-range(//body,'',103,1))"/>
		<!--ϥ-->
		<mark id="sTok28" xlink:href="#xpointer(string-range(//body,'',105,1))"/>
		<!--ϯ-->
		<mark id="sTok29" xlink:href="#xpointer(string-range(//body,'',107,1))"/>
		<!--ⲥⲃⲱ-->
		<mark id="sTok30" xlink:href="#xpointer(string-range(//body,'',109,3))"/>
		<!--ⲁⲩⲱ-->
		<mark id="sTok31" xlink:href="#xpointer(string-range(//body,'',113,3))"/>
		<!--ⲉ-->
		<mark id="sTok32" xlink:href="#xpointer(string-range(//body,'',117,1))"/>
		<!--ϥ-->
		<mark id="sTok33" xlink:href="#xpointer(string-range(//body,'',119,1))"/>
		<!--ⲧⲁϣⲉ-->
		<mark id="sTok34" xlink:href="#xpointer(string-range(//body,'',121,4))"/>
		<!--ⲟⲉⲓϣ-->
		<mark id="sTok35" xlink:href="#xpointer(string-range(//body,'',126,4))"/>
		<!--ϩⲣⲁⲓ-->
		<mark id="sTok36" xlink:href="#xpointer(string-range(//body,'',131,4))"/>
		<!--ϩⲛ-->
		<mark id="sTok37" xlink:href="#xpointer(string-range(//body,'',136,2))"/>
		<!--ⲛⲉⲩ-->
		<mark id="sTok38" xlink:href="#xpointer(string-range(//body,'',139,3))"/>
		<!--ⲡⲟⲗⲓⲥ-->
		<mark id="sTok39" xlink:href="#xpointer(string-range(//body,'',143,5))"/>
		<!--.-->
		<mark id="sTok40" xlink:href="#xpointer(string-range(//body,'',149,1))"/>
		<!--ⲛⲧⲉⲣⲉ-->
		<mark id="sTok41" xlink:href="#xpointer(string-range(//body,'',151,5))"/>
		<!--ϥ-->
		<mark id="sTok42" xlink:href="#xpointer(string-range(//body,'',157,1))"/>
		<!--ⲥⲱⲧⲙ-->
		<mark id="sTok43" xlink:href="#xpointer(string-range(//body,'',159,4))"/>
		<!--ⲇⲉ-->
		<mark id="sTok44" xlink:href="#xpointer(string-range(//body,'',164,2))"/>
		<!--ⲛϭⲓ-->
		<mark id="sTok45" xlink:href="#xpointer(string-range(//body,'',167,3))"/>
		<!--ⲓⲱϩⲁⲛⲛⲏⲥ-->
		<mark id="sTok46" xlink:href="#xpointer(string-range(//body,'',171,8))"/>
		<!--ϩⲣⲁⲓ-->
		<mark id="sTok47" xlink:href="#xpointer(string-range(//body,'',180,4))"/>
		<!--ϩⲙ-->
		<mark id="sTok48" xlink:href="#xpointer(string-range(//body,'',185,2))"/>
		<!--ⲡⲉ-->
		<mark id="sTok49" xlink:href="#xpointer(string-range(//body,'',188,2))"/>
		<!--ϣⲧⲉⲕⲟ-->
		<mark id="sTok50" xlink:href="#xpointer(string-range(//body,'',191,5))"/>
		<!--ⲉ-->
		<mark id="sTok51" xlink:href="#xpointer(string-range(//body,'',197,1))"/>
		<!--ⲛⲉ-->
		<mark id="sTok52" xlink:href="#xpointer(string-range(//body,'',199,2))"/>
		<!--ϩⲃⲏⲩⲉ-->
		<mark id="sTok53" xlink:href="#xpointer(string-range(//body,'',202,5))"/>
		<!--ⲙ-->
		<mark id="sTok54" xlink:href="#xpointer(string-range(//body,'',208,1))"/>
		<!--ⲡⲉ-->
		<mark id="sTok55" xlink:href="#xpointer(string-range(//body,'',210,2))"/>
		<!--ⲭⲣⲓⲥⲧⲟⲥ-->
		<mark id="sTok56" xlink:href="#xpointer(string-range(//body,'',213,7))"/>
		<!--ⲁ-->
		<mark id="sTok57" xlink:href="#xpointer(string-range(//body,'',221,1))"/>
		<!--ϥ-->
		<mark id="sTok58" xlink:href="#xpointer(string-range(//body,'',223,1))"/>
		<!--ϫⲟⲟⲩ-->
		<mark id="sTok59" xlink:href="#xpointer(string-range(//body,'',225,4))"/>
		<!--ⲉⲃⲟⲗ-->
		<mark id="sTok60" xlink:href="#xpointer(string-range(//body,'',230,4))"/>
		<!--ϩⲓⲧⲟⲟⲧ-->
		<mark id="sTok61" xlink:href="#xpointer(string-range(//body,'',235,6))"/>
		<!--ⲟⲩ-->
		<mark id="sTok62" xlink:href="#xpointer(string-range(//body,'',242,2))"/>
		<!--ⲛ-->
		<mark id="sTok63" xlink:href="#xpointer(string-range(//body,'',245,1))"/>
		<!--ⲛⲉϥ-->
		<mark id="sTok64" xlink:href="#xpointer(string-range(//body,'',247,3))"/>
		<!--ⲙⲁⲑⲏⲧⲏⲥ-->
		<mark id="sTok65" xlink:href="#xpointer(string-range(//body,'',251,7))"/>
		<!--.-->
		<mark id="sTok66" xlink:href="#xpointer(string-range(//body,'',259,1))"/>
		<!--ⲡⲉϫⲁ-->
		<mark id="sTok67" xlink:href="#xpointer(string-range(//body,'',261,4))"/>
		<!--ϥ-->
		<mark id="sTok68" xlink:href="#xpointer(string-range(//body,'',266,1))"/>
		<!--ⲛⲁ-->
		<mark id="sTok69" xlink:href="#xpointer(string-range(//body,'',268,2))"/>
		<!--ⲩ-->
		<mark id="sTok70" xlink:href="#xpointer(string-range(//body,'',271,1))"/>
		<!--ϫⲉ-->
		<mark id="sTok71" xlink:href="#xpointer(string-range(//body,'',273,2))"/>
		<!--ⲛⲧⲟⲕ-->
		<mark id="sTok72" xlink:href="#xpointer(string-range(//body,'',276,4))"/>
		<!--ⲡ-->
		<mark id="sTok73" xlink:href="#xpointer(string-range(//body,'',281,1))"/>
		<!--ⲉⲧ-->
		<mark id="sTok74" xlink:href="#xpointer(string-range(//body,'',283,2))"/>
		<!--ⲛⲏⲩ-->
		<mark id="sTok75" xlink:href="#xpointer(string-range(//body,'',286,3))"/>
		<!--ϫⲉ-->
		<mark id="sTok76" xlink:href="#xpointer(string-range(//body,'',290,2))"/>
		<!--ⲧⲁⲣⲉ-->
		<mark id="sTok77" xlink:href="#xpointer(string-range(//body,'',293,4))"/>
		<!--ⲛ-->
		<mark id="sTok78" xlink:href="#xpointer(string-range(//body,'',298,1))"/>
		<!--ϭⲱϣⲧ-->
		<mark id="sTok79" xlink:href="#xpointer(string-range(//body,'',300,4))"/>
		<!--ϩⲏⲧ-->
		<mark id="sTok80" xlink:href="#xpointer(string-range(//body,'',305,3))"/>
		<!--ϥ-->
		<mark id="sTok81" xlink:href="#xpointer(string-range(//body,'',309,1))"/>
		<!--ⲛ-->
		<mark id="sTok82" xlink:href="#xpointer(string-range(//body,'',311,1))"/>
		<!--ⲕⲉ-->
		<mark id="sTok83" xlink:href="#xpointer(string-range(//body,'',313,2))"/>
		<!--ⲟⲩⲁ-->
		<mark id="sTok84" xlink:href="#xpointer(string-range(//body,'',316,3))"/>
		<!--.-->
		<mark id="sTok85" xlink:href="#xpointer(string-range(//body,'',320,1))"/>
		<!--ⲁ-->
		<mark id="sTok86" xlink:href="#xpointer(string-range(//body,'',322,1))"/>
		<!--ϥ-->
		<mark id="sTok87" xlink:href="#xpointer(string-range(//body,'',324,1))"/>
		<!--ⲟⲩⲱϣⲃ-->
		<mark id="sTok88" xlink:href="#xpointer(string-range(//body,'',326,5))"/>
		<!--ⲇⲉ-->
		<mark id="sTok89" xlink:href="#xpointer(string-range(//body,'',332,2))"/>
		<!--ⲛϭⲓ-->
		<mark id="sTok90" xlink:href="#xpointer(string-range(//body,'',335,3))"/>
		<!--ⲓⲏⲥⲟⲩⲥ-->
		<mark id="sTok91" xlink:href="#xpointer(string-range(//body,'',339,6))"/>
		<!--ⲡⲉϫⲁ-->
		<mark id="sTok92" xlink:href="#xpointer(string-range(//body,'',346,4))"/>
		<!--ϥ-->
		<mark id="sTok93" xlink:href="#xpointer(string-range(//body,'',351,1))"/>
		<!--ⲛⲁ-->
		<mark id="sTok94" xlink:href="#xpointer(string-range(//body,'',353,2))"/>
		<!--ⲩ-->
		<mark id="sTok95" xlink:href="#xpointer(string-range(//body,'',356,1))"/>
		<!--ϫⲉ-->
		<mark id="sTok96" xlink:href="#xpointer(string-range(//body,'',358,2))"/>
		<!--ⲃⲱⲕ-->
		<mark id="sTok97" xlink:href="#xpointer(string-range(//body,'',361,3))"/>
		<!--ⲛ-->
		<mark id="sTok98" xlink:href="#xpointer(string-range(//body,'',365,1))"/>
		<!--ⲧⲉⲧⲛ-->
		<mark id="sTok99" xlink:href="#xpointer(string-range(//body,'',367,4))"/>
		<!--ϫⲱ-->
		<mark id="sTok100" xlink:href="#xpointer(string-range(//body,'',372,2))"/>
		<!--ⲉ-->
		<mark id="sTok101" xlink:href="#xpointer(string-range(//body,'',375,1))"/>
		<!--ⲓⲱϩⲁⲛⲛⲏⲥ-->
		<mark id="sTok102" xlink:href="#xpointer(string-range(//body,'',377,8))"/>
		<!--ⲛⲛⲉ-->
		<mark id="sTok103" xlink:href="#xpointer(string-range(//body,'',386,3))"/>
		<!--ⲧⲉⲧⲛ-->
		<mark id="sTok104" xlink:href="#xpointer(string-range(//body,'',390,4))"/>
		<!--ⲥⲱⲧⲙ-->
		<mark id="sTok105" xlink:href="#xpointer(string-range(//body,'',395,4))"/>
		<!--ⲉⲣⲟ-->
		<mark id="sTok106" xlink:href="#xpointer(string-range(//body,'',400,3))"/>
		<!--ⲟⲩ-->
		<mark id="sTok107" xlink:href="#xpointer(string-range(//body,'',404,2))"/>
		<!--ⲙⲛ-->
		<mark id="sTok108" xlink:href="#xpointer(string-range(//body,'',407,2))"/>
		<!--ⲛ-->
		<mark id="sTok109" xlink:href="#xpointer(string-range(//body,'',410,1))"/>
		<!--ⲉⲧⲉⲧⲛ-->
		<mark id="sTok110" xlink:href="#xpointer(string-range(//body,'',412,5))"/>
		<!--ⲛⲁⲩ-->
		<mark id="sTok111" xlink:href="#xpointer(string-range(//body,'',418,3))"/>
		<!--ⲉⲣⲟ-->
		<mark id="sTok112" xlink:href="#xpointer(string-range(//body,'',422,3))"/>
		<!--ⲟⲩ-->
		<mark id="sTok113" xlink:href="#xpointer(string-range(//body,'',426,2))"/>
		<!--.-->
		<mark id="sTok114" xlink:href="#xpointer(string-range(//body,'',429,1))"/>
		<!--ϫⲉ-->
		<mark id="sTok115" xlink:href="#xpointer(string-range(//body,'',431,2))"/>
		<!--ⲛ-->
		<mark id="sTok116" xlink:href="#xpointer(string-range(//body,'',434,1))"/>
		<!--ⲃⲗⲗⲉ-->
		<mark id="sTok117" xlink:href="#xpointer(string-range(//body,'',436,4))"/>
		<!--ⲛⲁ-->
		<mark id="sTok118" xlink:href="#xpointer(string-range(//body,'',441,2))"/>
		<!--ⲩ-->
		<mark id="sTok119" xlink:href="#xpointer(string-range(//body,'',444,1))"/>
		<!--ⲉⲃⲟⲗ-->
		<mark id="sTok120" xlink:href="#xpointer(string-range(//body,'',446,4))"/>
		<!--ⲛ-->
		<mark id="sTok121" xlink:href="#xpointer(string-range(//body,'',451,1))"/>
		<!--ϭⲁⲗⲉ-->
		<mark id="sTok122" xlink:href="#xpointer(string-range(//body,'',453,4))"/>
		<!--ⲙⲟⲟϣⲉ-->
		<mark id="sTok123" xlink:href="#xpointer(string-range(//body,'',458,5))"/>
		<!--ⲛ-->
		<mark id="sTok124" xlink:href="#xpointer(string-range(//body,'',464,1))"/>
		<!--ⲉⲧ-->
		<mark id="sTok125" xlink:href="#xpointer(string-range(//body,'',466,2))"/>
		<!--ⲥⲟⲃϩ-->
		<mark id="sTok126" xlink:href="#xpointer(string-range(//body,'',469,4))"/>
		<!--ⲧⲃⲃⲟ-->
		<mark id="sTok127" xlink:href="#xpointer(string-range(//body,'',474,4))"/>
		<!--ⲛ-->
		<mark id="sTok128" xlink:href="#xpointer(string-range(//body,'',479,1))"/>
		<!--ⲁⲗ-->
		<mark id="sTok129" xlink:href="#xpointer(string-range(//body,'',481,2))"/>
		<!--ⲥⲱⲧⲙ-->
		<mark id="sTok130" xlink:href="#xpointer(string-range(//body,'',484,4))"/>
		<!--ⲛⲉ-->
		<mark id="sTok131" xlink:href="#xpointer(string-range(//body,'',489,2))"/>
		<!--ⲙⲡⲟ-->
		<mark id="sTok132" xlink:href="#xpointer(string-range(//body,'',492,3))"/>
		<!--ϣⲁϫⲉ-->
		<mark id="sTok133" xlink:href="#xpointer(string-range(//body,'',496,4))"/>
		<!--ⲛ-->
		<mark id="sTok134" xlink:href="#xpointer(string-range(//body,'',501,1))"/>
		<!--ⲉⲧ-->
		<mark id="sTok135" xlink:href="#xpointer(string-range(//body,'',503,2))"/>
		<!--ⲙⲟⲟⲩⲧ-->
		<mark id="sTok136" xlink:href="#xpointer(string-range(//body,'',506,5))"/>
		<!--ⲧⲱⲟⲩⲛ-->
		<mark id="sTok137" xlink:href="#xpointer(string-range(//body,'',512,5))"/>
		<!--ⲛ-->
		<mark id="sTok138" xlink:href="#xpointer(string-range(//body,'',518,1))"/>
		<!--ϩⲏⲕⲉ-->
		<mark id="sTok139" xlink:href="#xpointer(string-range(//body,'',520,4))"/>
		<!--ⲥⲉ-->
		<mark id="sTok140" xlink:href="#xpointer(string-range(//body,'',525,2))"/>
		<!--ⲉⲩⲁⲅⲅⲉⲗⲓⲍⲉ-->
		<mark id="sTok141" xlink:href="#xpointer(string-range(//body,'',528,10))"/>
		<!--ⲛⲁ-->
		<mark id="sTok142" xlink:href="#xpointer(string-range(//body,'',539,2))"/>
		<!--ⲩ-->
		<mark id="sTok143" xlink:href="#xpointer(string-range(//body,'',542,1))"/>
		<!--.-->
		<mark id="sTok144" xlink:href="#xpointer(string-range(//body,'',544,1))"/>
		<!--ⲁⲩⲱ-->
		<mark id="sTok145" xlink:href="#xpointer(string-range(//body,'',546,3))"/>
		<!--ⲛⲁⲓⲁⲧ-->
		<mark id="sTok146" xlink:href="#xpointer(string-range(//body,'',550,5))"/>
		<!--ϥ-->
		<mark id="sTok147" xlink:href="#xpointer(string-range(//body,'',556,1))"/>
		<!--ⲙ-->
		<mark id="sTok148" xlink:href="#xpointer(string-range(//body,'',558,1))"/>
		<!--ⲡ-->
		<mark id="sTok149" xlink:href="#xpointer(string-range(//body,'',560,1))"/>
		<!--ⲉⲧⲉ-->
		<mark id="sTok150" xlink:href="#xpointer(string-range(//body,'',562,3))"/>
		<!--ⲛ-->
		<mark id="sTok151" xlink:href="#xpointer(string-range(//body,'',566,1))"/>
		<!--ϥ-->
		<mark id="sTok152" xlink:href="#xpointer(string-range(//body,'',568,1))"/>
		<!--ⲛⲁ-->
		<mark id="sTok153" xlink:href="#xpointer(string-range(//body,'',570,2))"/>
		<!--ⲥⲕⲁⲛⲇⲁⲗⲓⲍⲉ-->
		<mark id="sTok154" xlink:href="#xpointer(string-range(//body,'',573,10))"/>
		<!--ⲁⲛ-->
		<mark id="sTok155" xlink:href="#xpointer(string-range(//body,'',584,2))"/>
		<!--ϩⲣⲁⲓ-->
		<mark id="sTok156" xlink:href="#xpointer(string-range(//body,'',587,4))"/>
		<!--ⲛ-->
		<mark id="sTok157" xlink:href="#xpointer(string-range(//body,'',592,1))"/>
		<!--ϩⲏⲧ-->
		<mark id="sTok158" xlink:href="#xpointer(string-range(//body,'',594,3))"/>
		<!--.-->
		<mark id="sTok159" xlink:href="#xpointer(string-range(//body,'',598,1))"/>
		<!--ⲛⲧⲉⲣⲉ-->
		<mark id="sTok160" xlink:href="#xpointer(string-range(//body,'',600,5))"/>
		<!--ⲛⲁⲓ-->
		<mark id="sTok161" xlink:href="#xpointer(string-range(//body,'',606,3))"/>
		<!--ⲇⲉ-->
		<mark id="sTok162" xlink:href="#xpointer(string-range(//body,'',610,2))"/>
		<!--ⲃⲱⲕ-->
		<mark id="sTok163" xlink:href="#xpointer(string-range(//body,'',613,3))"/>
		<!--ⲁ-->
		<mark id="sTok164" xlink:href="#xpointer(string-range(//body,'',617,1))"/>
		<!--ϥ-->
		<mark id="sTok165" xlink:href="#xpointer(string-range(//body,'',619,1))"/>
		<!--ⲁⲣⲭⲉⲓ-->
		<mark id="sTok166" xlink:href="#xpointer(string-range(//body,'',621,5))"/>
		<!--ⲛϭⲓ-->
		<mark id="sTok167" xlink:href="#xpointer(string-range(//body,'',627,3))"/>
		<!--ⲓⲏⲥⲟⲩⲥ-->
		<mark id="sTok168" xlink:href="#xpointer(string-range(//body,'',631,6))"/>
		<!--ⲉ-->
		<mark id="sTok169" xlink:href="#xpointer(string-range(//body,'',638,1))"/>
		<!--ϫⲟⲟ-->
		<mark id="sTok170" xlink:href="#xpointer(string-range(//body,'',640,3))"/>
		<!--ⲥ-->
		<mark id="sTok171" xlink:href="#xpointer(string-range(//body,'',644,1))"/>
		<!--ⲛ-->
		<mark id="sTok172" xlink:href="#xpointer(string-range(//body,'',646,1))"/>
		<!--ⲙ-->
		<mark id="sTok173" xlink:href="#xpointer(string-range(//body,'',648,1))"/>
		<!--ⲙⲏⲏϣⲉ-->
		<mark id="sTok174" xlink:href="#xpointer(string-range(//body,'',650,5))"/>
		<!--ⲉⲧⲃⲉ-->
		<mark id="sTok175" xlink:href="#xpointer(string-range(//body,'',656,4))"/>
		<!--ⲓⲱϩⲁⲛⲛⲏⲥ-->
		<mark id="sTok176" xlink:href="#xpointer(string-range(//body,'',661,8))"/>
		<!--.-->
		<mark id="sTok177" xlink:href="#xpointer(string-range(//body,'',670,1))"/>
		<!--ϫⲉ-->
		<mark id="sTok178" xlink:href="#xpointer(string-range(//body,'',672,2))"/>
		<!--ⲛⲧ-->
		<mark id="sTok179" xlink:href="#xpointer(string-range(//body,'',675,2))"/>
		<!--ⲁ-->
		<mark id="sTok180" xlink:href="#xpointer(string-range(//body,'',678,1))"/>
		<!--ⲧⲉⲧⲛ-->
		<mark id="sTok181" xlink:href="#xpointer(string-range(//body,'',680,4))"/>
		<!--ⲉⲓ-->
		<mark id="sTok182" xlink:href="#xpointer(string-range(//body,'',685,2))"/>
		<!--ⲉⲃⲟⲗ-->
		<mark id="sTok183" xlink:href="#xpointer(string-range(//body,'',688,4))"/>
		<!--ⲉ-->
		<mark id="sTok184" xlink:href="#xpointer(string-range(//body,'',693,1))"/>
		<!--ⲧ-->
		<mark id="sTok185" xlink:href="#xpointer(string-range(//body,'',695,1))"/>
		<!--ⲉⲣⲏⲙⲟⲥ-->
		<mark id="sTok186" xlink:href="#xpointer(string-range(//body,'',697,6))"/>
		<!--ⲉ-->
		<mark id="sTok187" xlink:href="#xpointer(string-range(//body,'',704,1))"/>
		<!--ⲛⲁⲩ-->
		<mark id="sTok188" xlink:href="#xpointer(string-range(//body,'',706,3))"/>
		<!--ⲉ-->
		<mark id="sTok189" xlink:href="#xpointer(string-range(//body,'',710,1))"/>
		<!--ⲟⲩ-->
		<mark id="sTok190" xlink:href="#xpointer(string-range(//body,'',712,2))"/>
		<!--.-->
		<mark id="sTok191" xlink:href="#xpointer(string-range(//body,'',715,1))"/>
		<!--ⲉ-->
		<mark id="sTok192" xlink:href="#xpointer(string-range(//body,'',717,1))"/>
		<!--ⲩ-->
		<mark id="sTok193" xlink:href="#xpointer(string-range(//body,'',719,1))"/>
		<!--ⲕⲁϣ-->
		<mark id="sTok194" xlink:href="#xpointer(string-range(//body,'',721,3))"/>
		<!--ⲉⲣⲉ-->
		<mark id="sTok195" xlink:href="#xpointer(string-range(//body,'',725,3))"/>
		<!--ⲡ-->
		<mark id="sTok196" xlink:href="#xpointer(string-range(//body,'',729,1))"/>
		<!--ⲧⲏⲩ-->
		<mark id="sTok197" xlink:href="#xpointer(string-range(//body,'',731,3))"/>
		<!--ⲕⲓⲙ-->
		<mark id="sTok198" xlink:href="#xpointer(string-range(//body,'',735,3))"/>
		<!--ⲉⲣⲟ-->
		<mark id="sTok199" xlink:href="#xpointer(string-range(//body,'',739,3))"/>
		<!--ϥ-->
		<mark id="sTok200" xlink:href="#xpointer(string-range(//body,'',743,1))"/>
		<!--.-->
		<mark id="sTok201" xlink:href="#xpointer(string-range(//body,'',745,1))"/>
		<!--ⲁⲗⲗⲁ-->
		<mark id="sTok202" xlink:href="#xpointer(string-range(//body,'',747,4))"/>
		<!--ⲛⲧ-->
		<mark id="sTok203" xlink:href="#xpointer(string-range(//body,'',752,2))"/>
		<!--ⲁ-->
		<mark id="sTok204" xlink:href="#xpointer(string-range(//body,'',755,1))"/>
		<!--ⲧⲉⲧⲛ-->
		<mark id="sTok205" xlink:href="#xpointer(string-range(//body,'',757,4))"/>
		<!--ⲉⲓ-->
		<mark id="sTok206" xlink:href="#xpointer(string-range(//body,'',762,2))"/>
		<!--ⲉⲃⲟⲗ-->
		<mark id="sTok207" xlink:href="#xpointer(string-range(//body,'',765,4))"/>
		<!--ⲉ-->
		<mark id="sTok208" xlink:href="#xpointer(string-range(//body,'',770,1))"/>
		<!--ⲛⲁⲩ-->
		<mark id="sTok209" xlink:href="#xpointer(string-range(//body,'',772,3))"/>
		<!--ⲉ-->
		<mark id="sTok210" xlink:href="#xpointer(string-range(//body,'',776,1))"/>
		<!--ⲟⲩ-->
		<mark id="sTok211" xlink:href="#xpointer(string-range(//body,'',778,2))"/>
		<!--.-->
		<mark id="sTok212" xlink:href="#xpointer(string-range(//body,'',781,1))"/>
		<!--ⲉ-->
		<mark id="sTok213" xlink:href="#xpointer(string-range(//body,'',783,1))"/>
		<!--ⲩ-->
		<mark id="sTok214" xlink:href="#xpointer(string-range(//body,'',785,1))"/>
		<!--ⲣⲱⲙⲉ-->
		<mark id="sTok215" xlink:href="#xpointer(string-range(//body,'',787,4))"/>
		<!--ⲉⲣⲉ-->
		<mark id="sTok216" xlink:href="#xpointer(string-range(//body,'',792,3))"/>
		<!--ϩⲉⲛ-->
		<mark id="sTok217" xlink:href="#xpointer(string-range(//body,'',796,3))"/>
		<!--ϩⲃⲥⲱ-->
		<mark id="sTok218" xlink:href="#xpointer(string-range(//body,'',800,4))"/>
		<!--ⲉ-->
		<mark id="sTok219" xlink:href="#xpointer(string-range(//body,'',805,1))"/>
		<!--ⲩ-->
		<mark id="sTok220" xlink:href="#xpointer(string-range(//body,'',807,1))"/>
		<!--ϭⲏⲛ-->
		<mark id="sTok221" xlink:href="#xpointer(string-range(//body,'',809,3))"/>
		<!--ⲧⲟ-->
		<mark id="sTok222" xlink:href="#xpointer(string-range(//body,'',813,2))"/>
		<!--ϩⲓⲱⲱ-->
		<mark id="sTok223" xlink:href="#xpointer(string-range(//body,'',816,4))"/>
		<!--ϥ-->
		<mark id="sTok224" xlink:href="#xpointer(string-range(//body,'',821,1))"/>
		<!--.-->
		<mark id="sTok225" xlink:href="#xpointer(string-range(//body,'',823,1))"/>
		<!--ⲉⲓⲥ-->
		<mark id="sTok226" xlink:href="#xpointer(string-range(//body,'',825,3))"/>
		<!--ϩⲏⲏⲧⲉ-->
		<mark id="sTok227" xlink:href="#xpointer(string-range(//body,'',829,5))"/>
		<!--ⲛ-->
		<mark id="sTok228" xlink:href="#xpointer(string-range(//body,'',835,1))"/>
		<!--ⲉⲧ-->
		<mark id="sTok229" xlink:href="#xpointer(string-range(//body,'',837,2))"/>
		<!--ⲫⲟⲣⲉⲓ-->
		<mark id="sTok230" xlink:href="#xpointer(string-range(//body,'',840,5))"/>
		<!--ⲛ-->
		<mark id="sTok231" xlink:href="#xpointer(string-range(//body,'',846,1))"/>
		<!--ⲛ-->
		<mark id="sTok232" xlink:href="#xpointer(string-range(//body,'',848,1))"/>
		<!--ϩⲃⲥⲱ-->
		<mark id="sTok233" xlink:href="#xpointer(string-range(//body,'',850,4))"/>
		<!--ⲉ-->
		<mark id="sTok234" xlink:href="#xpointer(string-range(//body,'',855,1))"/>
		<!--ⲩ-->
		<mark id="sTok235" xlink:href="#xpointer(string-range(//body,'',857,1))"/>
		<!--ϭⲏⲛ-->
		<mark id="sTok236" xlink:href="#xpointer(string-range(//body,'',859,3))"/>
		<!--ⲥⲉ-->
		<mark id="sTok237" xlink:href="#xpointer(string-range(//body,'',863,2))"/>
		<!--ϩⲛⲛⲏ-->
		<mark id="sTok238" xlink:href="#xpointer(string-range(//body,'',866,4))"/>
		<!--ⲓ-->
		<mark id="sTok239" xlink:href="#xpointer(string-range(//body,'',871,1))"/>
		<!--ⲛ-->
		<mark id="sTok240" xlink:href="#xpointer(string-range(//body,'',873,1))"/>
		<!--ⲛ-->
		<mark id="sTok241" xlink:href="#xpointer(string-range(//body,'',875,1))"/>
		<!--ⲣⲣⲱⲟⲩ-->
		<mark id="sTok242" xlink:href="#xpointer(string-range(//body,'',877,5))"/>
		<!--.-->
		<mark id="sTok243" xlink:href="#xpointer(string-range(//body,'',883,1))"/>
		<!--ⲁⲗⲗⲁ-->
		<mark id="sTok244" xlink:href="#xpointer(string-range(//body,'',885,4))"/>
		<!--ⲛⲧ-->
		<mark id="sTok245" xlink:href="#xpointer(string-range(//body,'',890,2))"/>
		<!--ⲁ-->
		<mark id="sTok246" xlink:href="#xpointer(string-range(//body,'',893,1))"/>
		<!--ⲧⲉⲧⲛ-->
		<mark id="sTok247" xlink:href="#xpointer(string-range(//body,'',895,4))"/>
		<!--ⲉⲓ-->
		<mark id="sTok248" xlink:href="#xpointer(string-range(//body,'',900,2))"/>
		<!--ⲉⲃⲟⲗ-->
		<mark id="sTok249" xlink:href="#xpointer(string-range(//body,'',903,4))"/>
		<!--ⲉ-->
		<mark id="sTok250" xlink:href="#xpointer(string-range(//body,'',908,1))"/>
		<!--ⲛⲁⲩ-->
		<mark id="sTok251" xlink:href="#xpointer(string-range(//body,'',910,3))"/>
		<!--ⲉ-->
		<mark id="sTok252" xlink:href="#xpointer(string-range(//body,'',914,1))"/>
		<!--ⲟⲩ-->
		<mark id="sTok253" xlink:href="#xpointer(string-range(//body,'',916,2))"/>
		<!--ⲉ-->
		<mark id="sTok254" xlink:href="#xpointer(string-range(//body,'',919,1))"/>
		<!--ⲩ-->
		<mark id="sTok255" xlink:href="#xpointer(string-range(//body,'',921,1))"/>
		<!--ⲡⲣⲟⲫⲏⲧⲏⲥ-->
		<mark id="sTok256" xlink:href="#xpointer(string-range(//body,'',923,8))"/>
		<!--ⲉ-->
		<mark id="sTok257" xlink:href="#xpointer(string-range(//body,'',932,1))"/>
		<!--ϩⲉ-->
		<mark id="sTok258" xlink:href="#xpointer(string-range(//body,'',934,2))"/>
		<!--ϯ-->
		<mark id="sTok259" xlink:href="#xpointer(string-range(//body,'',937,1))"/>
		<!--ϫⲱ-->
		<mark id="sTok260" xlink:href="#xpointer(string-range(//body,'',939,2))"/>
		<!--ⲙⲙⲟ-->
		<mark id="sTok261" xlink:href="#xpointer(string-range(//body,'',942,3))"/>
		<!--ⲥ-->
		<mark id="sTok262" xlink:href="#xpointer(string-range(//body,'',946,1))"/>
		<!--ⲛⲏ-->
		<mark id="sTok263" xlink:href="#xpointer(string-range(//body,'',948,2))"/>
		<!--ⲧⲛ-->
		<mark id="sTok264" xlink:href="#xpointer(string-range(//body,'',951,2))"/>
		<!--ϫⲉ-->
		<mark id="sTok265" xlink:href="#xpointer(string-range(//body,'',954,2))"/>
		<!--ⲟⲩ-->
		<mark id="sTok266" xlink:href="#xpointer(string-range(//body,'',957,2))"/>
		<!--ϩⲟⲩⲉ-->
		<mark id="sTok267" xlink:href="#xpointer(string-range(//body,'',960,4))"/>
		<!--ⲡⲣⲟⲫⲏⲧⲏⲥ-->
		<mark id="sTok268" xlink:href="#xpointer(string-range(//body,'',965,8))"/>
		<!--ⲡⲉ-->
		<mark id="sTok269" xlink:href="#xpointer(string-range(//body,'',974,2))"/>
		<!--.-->
		<mark id="sTok270" xlink:href="#xpointer(string-range(//body,'',977,1))"/>
		<!--ⲡⲁⲓ-->
		<mark id="sTok271" xlink:href="#xpointer(string-range(//body,'',979,3))"/>
		<!--ⲅⲁⲣ-->
		<mark id="sTok272" xlink:href="#xpointer(string-range(//body,'',983,3))"/>
		<!--ⲡ-->
		<mark id="sTok273" xlink:href="#xpointer(string-range(//body,'',987,1))"/>
		<!--ⲉⲧ-->
		<mark id="sTok274" xlink:href="#xpointer(string-range(//body,'',989,2))"/>
		<!--ⲥⲏϩ-->
		<mark id="sTok275" xlink:href="#xpointer(string-range(//body,'',992,3))"/>
		<!--ⲉⲧⲃⲏⲏⲧ-->
		<mark id="sTok276" xlink:href="#xpointer(string-range(//body,'',996,6))"/>
		<!--ϥ-->
		<mark id="sTok277" xlink:href="#xpointer(string-range(//body,'',1003,1))"/>
		<!--.-->
		<mark id="sTok278" xlink:href="#xpointer(string-range(//body,'',1005,1))"/>
		<!--ϫⲉ-->
		<mark id="sTok279" xlink:href="#xpointer(string-range(//body,'',1007,2))"/>
		<!--ⲉⲓⲥ-->
		<mark id="sTok280" xlink:href="#xpointer(string-range(//body,'',1010,3))"/>
		<!--ϩⲏⲏⲧⲉ-->
		<mark id="sTok281" xlink:href="#xpointer(string-range(//body,'',1014,5))"/>
		<!--ⲁⲛⲟⲕ-->
		<mark id="sTok282" xlink:href="#xpointer(string-range(//body,'',1020,4))"/>
		<!--ϯ-->
		<mark id="sTok283" xlink:href="#xpointer(string-range(//body,'',1025,1))"/>
		<!--ⲛⲁ-->
		<mark id="sTok284" xlink:href="#xpointer(string-range(//body,'',1027,2))"/>
		<!--ⲧⲛⲛⲟⲟⲩ-->
		<mark id="sTok285" xlink:href="#xpointer(string-range(//body,'',1030,6))"/>
		<!--ⲙ-->
		<mark id="sTok286" xlink:href="#xpointer(string-range(//body,'',1037,1))"/>
		<!--ⲡⲁ-->
		<mark id="sTok287" xlink:href="#xpointer(string-range(//body,'',1039,2))"/>
		<!--ⲁⲅⲅⲉⲗⲟⲥ-->
		<mark id="sTok288" xlink:href="#xpointer(string-range(//body,'',1042,7))"/>
		<!--ϩⲁ-->
		<mark id="sTok289" xlink:href="#xpointer(string-range(//body,'',1050,2))"/>
		<!--ⲧⲉⲕ-->
		<mark id="sTok290" xlink:href="#xpointer(string-range(//body,'',1053,3))"/>
		<!--ϩⲏ-->
		<mark id="sTok291" xlink:href="#xpointer(string-range(//body,'',1057,2))"/>
		<!--.-->
		<mark id="sTok292" xlink:href="#xpointer(string-range(//body,'',1060,1))"/>
		<!--ⲡⲁⲓ-->
		<mark id="sTok293" xlink:href="#xpointer(string-range(//body,'',1062,3))"/>
		<!--ⲉⲧ-->
		<mark id="sTok294" xlink:href="#xpointer(string-range(//body,'',1066,2))"/>
		<!--ⲛⲁ-->
		<mark id="sTok295" xlink:href="#xpointer(string-range(//body,'',1069,2))"/>
		<!--ⲥⲟϥⲧⲉ-->
		<mark id="sTok296" xlink:href="#xpointer(string-range(//body,'',1072,5))"/>
		<!--ⲛ-->
		<mark id="sTok297" xlink:href="#xpointer(string-range(//body,'',1078,1))"/>
		<!--ⲧⲉⲕ-->
		<mark id="sTok298" xlink:href="#xpointer(string-range(//body,'',1080,3))"/>
		<!--ϩⲓⲏ-->
		<mark id="sTok299" xlink:href="#xpointer(string-range(//body,'',1084,3))"/>
		<!--ⲙ-->
		<mark id="sTok300" xlink:href="#xpointer(string-range(//body,'',1088,1))"/>
		<!--ⲡⲉ-->
		<mark id="sTok301" xlink:href="#xpointer(string-range(//body,'',1090,2))"/>
		<!--ⲕⲙⲧⲟ-->
		<mark id="sTok302" xlink:href="#xpointer(string-range(//body,'',1093,4))"/>
		<!--ⲉⲃⲟⲗ-->
		<mark id="sTok303" xlink:href="#xpointer(string-range(//body,'',1098,4))"/>
		<!--.-->
		<mark id="sTok304" xlink:href="#xpointer(string-range(//body,'',1103,1))"/>
		<!--ϩⲁⲙⲏⲛ-->
		<mark id="sTok305" xlink:href="#xpointer(string-range(//body,'',1105,5))"/>
		<!--ϯ-->
		<mark id="sTok306" xlink:href="#xpointer(string-range(//body,'',1111,1))"/>
		<!--ϫⲱ-->
		<mark id="sTok307" xlink:href="#xpointer(string-range(//body,'',1113,2))"/>
		<!--ⲙⲙⲟ-->
		<mark id="sTok308" xlink:href="#xpointer(string-range(//body,'',1116,3))"/>
		<!--ⲥ-->
		<mark id="sTok309" xlink:href="#xpointer(string-range(//body,'',1120,1))"/>
		<!--ⲛⲏ-->
		<mark id="sTok310" xlink:href="#xpointer(string-range(//body,'',1122,2))"/>
		<!--ⲧⲛ-->
		<mark id="sTok311" xlink:href="#xpointer(string-range(//body,'',1125,2))"/>
		<!--.-->
		<mark id="sTok312" xlink:href="#xpointer(string-range(//body,'',1128,1))"/>
		<!--ϫⲉ-->
		<mark id="sTok313" xlink:href="#xpointer(string-range(//body,'',1130,2))"/>
		<!--ⲙ-->
		<mark id="sTok314" xlink:href="#xpointer(string-range(//body,'',1133,1))"/>
		<!--ⲡⲉϥ-->
		<mark id="sTok315" xlink:href="#xpointer(string-range(//body,'',1135,3))"/>
		<!--ⲧⲱⲟⲩⲛ-->
		<mark id="sTok316" xlink:href="#xpointer(string-range(//body,'',1139,5))"/>
		<!--ϩⲙ-->
		<mark id="sTok317" xlink:href="#xpointer(string-range(//body,'',1145,2))"/>
		<!--ⲡⲉ-->
		<mark id="sTok318" xlink:href="#xpointer(string-range(//body,'',1148,2))"/>
		<!--ϫⲡⲟ-->
		<mark id="sTok319" xlink:href="#xpointer(string-range(//body,'',1151,3))"/>
		<!--ⲛ-->
		<mark id="sTok320" xlink:href="#xpointer(string-range(//body,'',1155,1))"/>
		<!--ⲛⲉ-->
		<mark id="sTok321" xlink:href="#xpointer(string-range(//body,'',1157,2))"/>
		<!--ϩⲓⲟⲙⲉ-->
		<mark id="sTok322" xlink:href="#xpointer(string-range(//body,'',1160,5))"/>
		<!--ⲛϭⲓ-->
		<mark id="sTok323" xlink:href="#xpointer(string-range(//body,'',1166,3))"/>
		<!--ⲡ-->
		<mark id="sTok324" xlink:href="#xpointer(string-range(//body,'',1170,1))"/>
		<!--ⲉⲧ-->
		<mark id="sTok325" xlink:href="#xpointer(string-range(//body,'',1172,2))"/>
		<!--ⲟ-->
		<mark id="sTok326" xlink:href="#xpointer(string-range(//body,'',1175,1))"/>
		<!--ⲛ-->
		<mark id="sTok327" xlink:href="#xpointer(string-range(//body,'',1177,1))"/>
		<!--ⲛⲟϭ-->
		<mark id="sTok328" xlink:href="#xpointer(string-range(//body,'',1179,3))"/>
		<!--ⲉ-->
		<mark id="sTok329" xlink:href="#xpointer(string-range(//body,'',1183,1))"/>
		<!--ⲓⲱϩⲁⲛⲛⲏⲥ-->
		<mark id="sTok330" xlink:href="#xpointer(string-range(//body,'',1185,8))"/>
		<!--ⲡ-->
		<mark id="sTok331" xlink:href="#xpointer(string-range(//body,'',1194,1))"/>
		<!--ⲃⲁⲡⲧⲓⲥⲧⲏⲥ-->
		<mark id="sTok332" xlink:href="#xpointer(string-range(//body,'',1196,9))"/>
		<!--.-->
		<mark id="sTok333" xlink:href="#xpointer(string-range(//body,'',1206,1))"/>
		<!--ⲡ-->
		<mark id="sTok334" xlink:href="#xpointer(string-range(//body,'',1208,1))"/>
		<!--ⲕⲟⲩⲓ-->
		<mark id="sTok335" xlink:href="#xpointer(string-range(//body,'',1210,4))"/>
		<!--ⲇⲉ-->
		<mark id="sTok336" xlink:href="#xpointer(string-range(//body,'',1215,2))"/>
		<!--ⲉⲣⲟ-->
		<mark id="sTok337" xlink:href="#xpointer(string-range(//body,'',1218,3))"/>
		<!--ϥ-->
		<mark id="sTok338" xlink:href="#xpointer(string-range(//body,'',1222,1))"/>
		<!--ⲟⲩ-->
		<mark id="sTok339" xlink:href="#xpointer(string-range(//body,'',1224,2))"/>
		<!--ⲛⲟϭ-->
		<mark id="sTok340" xlink:href="#xpointer(string-range(//body,'',1227,3))"/>
		<!--ⲉⲣⲟ-->
		<mark id="sTok341" xlink:href="#xpointer(string-range(//body,'',1231,3))"/>
		<!--ϥ-->
		<mark id="sTok342" xlink:href="#xpointer(string-range(//body,'',1235,1))"/>
		<!--ⲡⲉ-->
		<mark id="sTok343" xlink:href="#xpointer(string-range(//body,'',1237,2))"/>
		<!--ϩⲛ-->
		<mark id="sTok344" xlink:href="#xpointer(string-range(//body,'',1240,2))"/>
		<!--ⲧ-->
		<mark id="sTok345" xlink:href="#xpointer(string-range(//body,'',1243,1))"/>
		<!--ⲙⲛⲧ-->
		<mark id="sTok346" xlink:href="#xpointer(string-range(//body,'',1245,3))"/>
		<!--ⲣⲣⲟ-->
		<mark id="sTok347" xlink:href="#xpointer(string-range(//body,'',1249,3))"/>
		<!--ⲛ-->
		<mark id="sTok348" xlink:href="#xpointer(string-range(//body,'',1253,1))"/>
		<!--ⲙ-->
		<mark id="sTok349" xlink:href="#xpointer(string-range(//body,'',1255,1))"/>
		<!--ⲡⲏⲩⲉ-->
		<mark id="sTok350" xlink:href="#xpointer(string-range(//body,'',1257,4))"/>
		<!--.-->
		<mark id="sTok351" xlink:href="#xpointer(string-range(//body,'',1262,1))"/>
		<!--ϫⲓⲛ-->
		<mark id="sTok352" xlink:href="#xpointer(string-range(//body,'',1264,3))"/>
		<!--ⲛ-->
		<mark id="sTok353" xlink:href="#xpointer(string-range(//body,'',1268,1))"/>
		<!--ⲉϩⲟⲟⲩ-->
		<mark id="sTok354" xlink:href="#xpointer(string-range(//body,'',1270,5))"/>
		<!--ⲇⲉ-->
		<mark id="sTok355" xlink:href="#xpointer(string-range(//body,'',1276,2))"/>
		<!--ⲛ-->
		<mark id="sTok356" xlink:href="#xpointer(string-range(//body,'',1279,1))"/>
		<!--ⲓⲱϩⲁⲛⲛⲏⲥ-->
		<mark id="sTok357" xlink:href="#xpointer(string-range(//body,'',1281,8))"/>
		<!--ⲡ-->
		<mark id="sTok358" xlink:href="#xpointer(string-range(//body,'',1290,1))"/>
		<!--ⲃⲁⲡⲧⲓⲥⲧⲏⲥ-->
		<mark id="sTok359" xlink:href="#xpointer(string-range(//body,'',1292,9))"/>
		<!--ϣⲁ-->
		<mark id="sTok360" xlink:href="#xpointer(string-range(//body,'',1302,2))"/>
		<!--ⲉϩⲣⲁⲓ-->
		<mark id="sTok361" xlink:href="#xpointer(string-range(//body,'',1305,5))"/>
		<!--ⲉ-->
		<mark id="sTok362" xlink:href="#xpointer(string-range(//body,'',1311,1))"/>
		<!--ⲧⲉⲛⲟⲩ-->
		<mark id="sTok363" xlink:href="#xpointer(string-range(//body,'',1313,5))"/>
		<!--ⲧ-->
		<mark id="sTok364" xlink:href="#xpointer(string-range(//body,'',1319,1))"/>
		<!--ⲙⲛⲧ-->
		<mark id="sTok365" xlink:href="#xpointer(string-range(//body,'',1321,3))"/>
		<!--ⲣⲣⲟ-->
		<mark id="sTok366" xlink:href="#xpointer(string-range(//body,'',1325,3))"/>
		<!--ⲛ-->
		<mark id="sTok367" xlink:href="#xpointer(string-range(//body,'',1329,1))"/>
		<!--ⲙ-->
		<mark id="sTok368" xlink:href="#xpointer(string-range(//body,'',1331,1))"/>
		<!--ⲡⲏⲩⲉ-->
		<mark id="sTok369" xlink:href="#xpointer(string-range(//body,'',1333,4))"/>
		<!--ⲥⲉ-->
		<mark id="sTok370" xlink:href="#xpointer(string-range(//body,'',1338,2))"/>
		<!--ϫⲓ-->
		<mark id="sTok371" xlink:href="#xpointer(string-range(//body,'',1341,2))"/>
		<!--ⲙⲙⲟ-->
		<mark id="sTok372" xlink:href="#xpointer(string-range(//body,'',1344,3))"/>
		<!--ⲥ-->
		<mark id="sTok373" xlink:href="#xpointer(string-range(//body,'',1348,1))"/>
		<!--ⲛ-->
		<mark id="sTok374" xlink:href="#xpointer(string-range(//body,'',1350,1))"/>
		<!--ϭⲟⲛⲥ-->
		<mark id="sTok375" xlink:href="#xpointer(string-range(//body,'',1352,4))"/>
		<!--.-->
		<mark id="sTok376" xlink:href="#xpointer(string-range(//body,'',1357,1))"/>
		<!--ⲁⲩⲱ-->
		<mark id="sTok377" xlink:href="#xpointer(string-range(//body,'',1359,3))"/>
		<!--ⲛ-->
		<mark id="sTok378" xlink:href="#xpointer(string-range(//body,'',1363,1))"/>
		<!--ⲣⲉϥ-->
		<mark id="sTok379" xlink:href="#xpointer(string-range(//body,'',1365,3))"/>
		<!--ϫⲓ-->
		<mark id="sTok380" xlink:href="#xpointer(string-range(//body,'',1369,2))"/>
		<!--ⲛ-->
		<mark id="sTok381" xlink:href="#xpointer(string-range(//body,'',1372,1))"/>
		<!--ϭⲟⲛⲥ-->
		<mark id="sTok382" xlink:href="#xpointer(string-range(//body,'',1374,4))"/>
		<!--ⲧⲱⲣⲡ-->
		<mark id="sTok383" xlink:href="#xpointer(string-range(//body,'',1379,4))"/>
		<!--ⲙⲙⲟ-->
		<mark id="sTok384" xlink:href="#xpointer(string-range(//body,'',1384,3))"/>
		<!--ⲥ-->
		<mark id="sTok385" xlink:href="#xpointer(string-range(//body,'',1388,1))"/>
		<!--.-->
		<mark id="sTok386" xlink:href="#xpointer(string-range(//body,'',1390,1))"/>
		<!--ⲛⲉ-->
		<mark id="sTok387" xlink:href="#xpointer(string-range(//body,'',1392,2))"/>
		<!--ⲡⲣⲟⲫⲏⲧⲏⲥ-->
		<mark id="sTok388" xlink:href="#xpointer(string-range(//body,'',1395,8))"/>
		<!--ⲅⲁⲣ-->
		<mark id="sTok389" xlink:href="#xpointer(string-range(//body,'',1404,3))"/>
		<!--ⲧⲏⲣ-->
		<mark id="sTok390" xlink:href="#xpointer(string-range(//body,'',1408,3))"/>
		<!--ⲟⲩ-->
		<mark id="sTok391" xlink:href="#xpointer(string-range(//body,'',1412,2))"/>
		<!--ⲁⲩⲱ-->
		<mark id="sTok392" xlink:href="#xpointer(string-range(//body,'',1415,3))"/>
		<!--ⲡ-->
		<mark id="sTok393" xlink:href="#xpointer(string-range(//body,'',1419,1))"/>
		<!--ⲛⲟⲙⲟⲥ-->
		<mark id="sTok394" xlink:href="#xpointer(string-range(//body,'',1421,5))"/>
		<!--ⲛⲧ-->
		<mark id="sTok395" xlink:href="#xpointer(string-range(//body,'',1427,2))"/>
		<!--ⲁ-->
		<mark id="sTok396" xlink:href="#xpointer(string-range(//body,'',1430,1))"/>
		<!--ⲩ-->
		<mark id="sTok397" xlink:href="#xpointer(string-range(//body,'',1432,1))"/>
		<!--ⲡⲣⲟⲫⲏⲧⲉⲩⲉ-->
		<mark id="sTok398" xlink:href="#xpointer(string-range(//body,'',1434,9))"/>
		<!--ϣⲁ-->
		<mark id="sTok399" xlink:href="#xpointer(string-range(//body,'',1444,2))"/>
		<!--ⲓⲱϩⲁⲛⲛⲏⲥ-->
		<mark id="sTok400" xlink:href="#xpointer(string-range(//body,'',1447,8))"/>
		<!--.-->
		<mark id="sTok401" xlink:href="#xpointer(string-range(//body,'',1456,1))"/>
		<!--ⲁⲩⲱ-->
		<mark id="sTok402" xlink:href="#xpointer(string-range(//body,'',1458,3))"/>
		<!--ⲉϣϫⲉ-->
		<mark id="sTok403" xlink:href="#xpointer(string-range(//body,'',1462,4))"/>
		<!--ⲧⲉⲧⲛ-->
		<mark id="sTok404" xlink:href="#xpointer(string-range(//body,'',1467,4))"/>
		<!--ⲟⲩⲉϣ-->
		<mark id="sTok405" xlink:href="#xpointer(string-range(//body,'',1472,4))"/>
		<!--ϫⲓⲧ-->
		<mark id="sTok406" xlink:href="#xpointer(string-range(//body,'',1477,3))"/>
		<!--ϥ-->
		<mark id="sTok407" xlink:href="#xpointer(string-range(//body,'',1481,1))"/>
		<!--ⲛⲧⲟϥ-->
		<mark id="sTok408" xlink:href="#xpointer(string-range(//body,'',1483,4))"/>
		<!--ⲡⲉ-->
		<mark id="sTok409" xlink:href="#xpointer(string-range(//body,'',1488,2))"/>
		<!--ϩⲏⲗⲉⲓⲁⲥ-->
		<mark id="sTok410" xlink:href="#xpointer(string-range(//body,'',1491,7))"/>
		<!--ⲡ-->
		<mark id="sTok411" xlink:href="#xpointer(string-range(//body,'',1499,1))"/>
		<!--ⲉⲧ-->
		<mark id="sTok412" xlink:href="#xpointer(string-range(//body,'',1501,2))"/>
		<!--ⲛⲏⲩ-->
		<mark id="sTok413" xlink:href="#xpointer(string-range(//body,'',1504,3))"/>
		<!--.-->
		<mark id="sTok414" xlink:href="#xpointer(string-range(//body,'',1508,1))"/>
		<!--ⲡ-->
		<mark id="sTok415" xlink:href="#xpointer(string-range(//body,'',1510,1))"/>
		<!--ⲉⲧⲉ-->
		<mark id="sTok416" xlink:href="#xpointer(string-range(//body,'',1512,3))"/>
		<!--ⲟⲩⲛⲧ-->
		<mark id="sTok417" xlink:href="#xpointer(string-range(//body,'',1516,4))"/>
		<!--ϥ-->
		<mark id="sTok418" xlink:href="#xpointer(string-range(//body,'',1521,1))"/>
		<!--ⲙⲁⲁϫⲉ-->
		<mark id="sTok419" xlink:href="#xpointer(string-range(//body,'',1523,5))"/>
		<!--ⲙⲙⲁⲩ-->
		<mark id="sTok420" xlink:href="#xpointer(string-range(//body,'',1529,4))"/>
		<!--ⲉ-->
		<mark id="sTok421" xlink:href="#xpointer(string-range(//body,'',1534,1))"/>
		<!--ⲥⲱⲧⲙ-->
		<mark id="sTok422" xlink:href="#xpointer(string-range(//body,'',1536,4))"/>
		<!--ⲙⲁⲣⲉ-->
		<mark id="sTok423" xlink:href="#xpointer(string-range(//body,'',1541,4))"/>
		<!--ϥ-->
		<mark id="sTok424" xlink:href="#xpointer(string-range(//body,'',1546,1))"/>
		<!--ⲥⲱⲧⲙ-->
		<mark id="sTok425" xlink:href="#xpointer(string-range(//body,'',1548,4))"/>
		<!--.-->
		<mark id="sTok426" xlink:href="#xpointer(string-range(//body,'',1553,1))"/>
		<!--ⲧⲉⲓ-->
		<mark id="sTok427" xlink:href="#xpointer(string-range(//body,'',1555,3))"/>
		<!--ⲅⲉⲛⲉⲁ-->
		<mark id="sTok428" xlink:href="#xpointer(string-range(//body,'',1559,5))"/>
		<!--ⲇⲉ-->
		<mark id="sTok429" xlink:href="#xpointer(string-range(//body,'',1565,2))"/>
		<!--ⲉ-->
		<mark id="sTok430" xlink:href="#xpointer(string-range(//body,'',1568,1))"/>
		<!--ⲓ-->
		<mark id="sTok431" xlink:href="#xpointer(string-range(//body,'',1570,1))"/>
		<!--ⲛⲁ-->
		<mark id="sTok432" xlink:href="#xpointer(string-range(//body,'',1572,2))"/>
		<!--ⲧⲛⲧⲱⲛ-->
		<mark id="sTok433" xlink:href="#xpointer(string-range(//body,'',1575,5))"/>
		<!--ⲥ-->
		<mark id="sTok434" xlink:href="#xpointer(string-range(//body,'',1581,1))"/>
		<!--ⲉ-->
		<mark id="sTok435" xlink:href="#xpointer(string-range(//body,'',1583,1))"/>
		<!--ⲛⲓⲙ-->
		<mark id="sTok436" xlink:href="#xpointer(string-range(//body,'',1585,3))"/>
		<!--.-->
		<mark id="sTok437" xlink:href="#xpointer(string-range(//body,'',1589,1))"/>
		<!--ⲉ-->
		<mark id="sTok438" xlink:href="#xpointer(string-range(//body,'',1591,1))"/>
		<!--ⲥ-->
		<mark id="sTok439" xlink:href="#xpointer(string-range(//body,'',1593,1))"/>
		<!--ⲧⲛⲧⲱⲛ-->
		<mark id="sTok440" xlink:href="#xpointer(string-range(//body,'',1595,5))"/>
		<!--ⲉ-->
		<mark id="sTok441" xlink:href="#xpointer(string-range(//body,'',1601,1))"/>
		<!--ϩⲉⲛ-->
		<mark id="sTok442" xlink:href="#xpointer(string-range(//body,'',1603,3))"/>
		<!--ϣⲏⲣⲉ-->
		<mark id="sTok443" xlink:href="#xpointer(string-range(//body,'',1607,4))"/>
		<!--ϣⲏⲙ-->
		<mark id="sTok444" xlink:href="#xpointer(string-range(//body,'',1612,3))"/>
		<!--ⲉ-->
		<mark id="sTok445" xlink:href="#xpointer(string-range(//body,'',1616,1))"/>
		<!--ⲩ-->
		<mark id="sTok446" xlink:href="#xpointer(string-range(//body,'',1618,1))"/>
		<!--ϩⲙⲟⲟⲥ-->
		<mark id="sTok447" xlink:href="#xpointer(string-range(//body,'',1620,5))"/>
		<!--ϩⲛ-->
		<mark id="sTok448" xlink:href="#xpointer(string-range(//body,'',1626,2))"/>
		<!--ⲛ-->
		<mark id="sTok449" xlink:href="#xpointer(string-range(//body,'',1629,1))"/>
		<!--ⲁⲅⲟⲣⲁ-->
		<mark id="sTok450" xlink:href="#xpointer(string-range(//body,'',1631,5))"/>
		<!--.-->
		<mark id="sTok451" xlink:href="#xpointer(string-range(//body,'',1637,1))"/>
		<!--ⲛⲁⲓ-->
		<mark id="sTok452" xlink:href="#xpointer(string-range(//body,'',1639,3))"/>
		<!--ⲉ-->
		<mark id="sTok453" xlink:href="#xpointer(string-range(//body,'',1643,1))"/>
		<!--ⲧ-->
		<mark id="sTok454" xlink:href="#xpointer(string-range(//body,'',1645,1))"/>
		<!--ⲙⲟⲩⲧⲉ-->
		<mark id="sTok455" xlink:href="#xpointer(string-range(//body,'',1647,5))"/>
		<!--ⲉ-->
		<mark id="sTok456" xlink:href="#xpointer(string-range(//body,'',1653,1))"/>
		<!--ⲛⲉⲩ-->
		<mark id="sTok457" xlink:href="#xpointer(string-range(//body,'',1655,3))"/>
		<!--ϣⲃⲉⲉⲣ-->
		<mark id="sTok458" xlink:href="#xpointer(string-range(//body,'',1659,5))"/>
		<!--ⲉ-->
		<mark id="sTok459" xlink:href="#xpointer(string-range(//body,'',1665,1))"/>
		<!--ⲩ-->
		<mark id="sTok460" xlink:href="#xpointer(string-range(//body,'',1667,1))"/>
		<!--ϫⲱ-->
		<mark id="sTok461" xlink:href="#xpointer(string-range(//body,'',1669,2))"/>
		<!--ⲙⲙⲟ-->
		<mark id="sTok462" xlink:href="#xpointer(string-range(//body,'',1672,3))"/>
		<!--ⲥ-->
		<mark id="sTok463" xlink:href="#xpointer(string-range(//body,'',1676,1))"/>
		<!--ϫⲉ-->
		<mark id="sTok464" xlink:href="#xpointer(string-range(//body,'',1678,2))"/>
		<!--ⲁ-->
		<mark id="sTok465" xlink:href="#xpointer(string-range(//body,'',1681,1))"/>
		<!--ⲛ-->
		<mark id="sTok466" xlink:href="#xpointer(string-range(//body,'',1683,1))"/>
		<!--ϫⲱ-->
		<mark id="sTok467" xlink:href="#xpointer(string-range(//body,'',1685,2))"/>
		<!--ⲉⲣⲱ-->
		<mark id="sTok468" xlink:href="#xpointer(string-range(//body,'',1688,3))"/>
		<!--ⲧⲛ-->
		<mark id="sTok469" xlink:href="#xpointer(string-range(//body,'',1692,2))"/>
		<!--ⲙ-->
		<mark id="sTok470" xlink:href="#xpointer(string-range(//body,'',1695,1))"/>
		<!--ⲡⲉⲧⲛ-->
		<mark id="sTok471" xlink:href="#xpointer(string-range(//body,'',1697,4))"/>
		<!--ϭⲟⲥϭⲥ-->
		<mark id="sTok472" xlink:href="#xpointer(string-range(//body,'',1702,5))"/>
		<!--.-->
		<mark id="sTok473" xlink:href="#xpointer(string-range(//body,'',1708,1))"/>
		<!--ⲁ-->
		<mark id="sTok474" xlink:href="#xpointer(string-range(//body,'',1710,1))"/>
		<!--ⲛ-->
		<mark id="sTok475" xlink:href="#xpointer(string-range(//body,'',1712,1))"/>
		<!--ⲧⲟⲉⲓⲧ-->
		<mark id="sTok476" xlink:href="#xpointer(string-range(//body,'',1714,5))"/>
		<!--ⲙⲡⲉ-->
		<mark id="sTok477" xlink:href="#xpointer(string-range(//body,'',1720,3))"/>
		<!--ⲧⲛ-->
		<mark id="sTok478" xlink:href="#xpointer(string-range(//body,'',1724,2))"/>
		<!--ⲛⲉϩ-->
		<mark id="sTok479" xlink:href="#xpointer(string-range(//body,'',1727,3))"/>
		<!--ⲡⲉ-->
		<mark id="sTok480" xlink:href="#xpointer(string-range(//body,'',1731,2))"/>
		<!--.-->
		<mark id="sTok481" xlink:href="#xpointer(string-range(//body,'',1734,1))"/>
		<!--ⲁ-->
		<mark id="sTok482" xlink:href="#xpointer(string-range(//body,'',1736,1))"/>
		<!--ϥ-->
		<mark id="sTok483" xlink:href="#xpointer(string-range(//body,'',1738,1))"/>
		<!--ⲉⲓ-->
		<mark id="sTok484" xlink:href="#xpointer(string-range(//body,'',1740,2))"/>
		<!--ⲅⲁⲣ-->
		<mark id="sTok485" xlink:href="#xpointer(string-range(//body,'',1743,3))"/>
		<!--ⲛϭⲓ-->
		<mark id="sTok486" xlink:href="#xpointer(string-range(//body,'',1747,3))"/>
		<!--ⲓⲱϩⲁⲛⲛⲏⲥ-->
		<mark id="sTok487" xlink:href="#xpointer(string-range(//body,'',1751,8))"/>
		<!--ⲉ-->
		<mark id="sTok488" xlink:href="#xpointer(string-range(//body,'',1760,1))"/>
		<!--ⲛ-->
		<mark id="sTok489" xlink:href="#xpointer(string-range(//body,'',1762,1))"/>
		<!--ϥ-->
		<mark id="sTok490" xlink:href="#xpointer(string-range(//body,'',1764,1))"/>
		<!--ⲟⲩⲱⲙ-->
		<mark id="sTok491" xlink:href="#xpointer(string-range(//body,'',1766,4))"/>
		<!--ⲁⲛ-->
		<mark id="sTok492" xlink:href="#xpointer(string-range(//body,'',1771,2))"/>
		<!--ⲟⲩⲇⲉ-->
		<mark id="sTok493" xlink:href="#xpointer(string-range(//body,'',1774,4))"/>
		<!--ⲛ-->
		<mark id="sTok494" xlink:href="#xpointer(string-range(//body,'',1779,1))"/>
		<!--ϥ-->
		<mark id="sTok495" xlink:href="#xpointer(string-range(//body,'',1781,1))"/>
		<!--ⲥⲱ-->
		<mark id="sTok496" xlink:href="#xpointer(string-range(//body,'',1783,2))"/>
		<!--ⲁⲛ-->
		<mark id="sTok497" xlink:href="#xpointer(string-range(//body,'',1786,2))"/>
		<!--.-->
		<mark id="sTok498" xlink:href="#xpointer(string-range(//body,'',1789,1))"/>
		<!--ⲡⲉϫⲁ-->
		<mark id="sTok499" xlink:href="#xpointer(string-range(//body,'',1791,4))"/>
		<!--ⲩ-->
		<mark id="sTok500" xlink:href="#xpointer(string-range(//body,'',1796,1))"/>
		<!--ϫⲉ-->
		<mark id="sTok501" xlink:href="#xpointer(string-range(//body,'',1798,2))"/>
		<!--ⲟⲩⲛ-->
		<mark id="sTok502" xlink:href="#xpointer(string-range(//body,'',1801,3))"/>
		<!--ⲟⲩ-->
		<mark id="sTok503" xlink:href="#xpointer(string-range(//body,'',1805,2))"/>
		<!--ⲇⲁⲓⲙⲱⲛⲓⲟⲛ-->
		<mark id="sTok504" xlink:href="#xpointer(string-range(//body,'',1808,9))"/>
		<!--ϩⲓⲱⲱ-->
		<mark id="sTok505" xlink:href="#xpointer(string-range(//body,'',1818,4))"/>
		<!--ϥ-->
		<mark id="sTok506" xlink:href="#xpointer(string-range(//body,'',1823,1))"/>
		<!--.-->
		<mark id="sTok507" xlink:href="#xpointer(string-range(//body,'',1825,1))"/>
		<!--ⲁ-->
		<mark id="sTok508" xlink:href="#xpointer(string-range(//body,'',1827,1))"/>
		<!--ϥ-->
		<mark id="sTok509" xlink:href="#xpointer(string-range(//body,'',1829,1))"/>
		<!--ⲉⲓ-->
		<mark id="sTok510" xlink:href="#xpointer(string-range(//body,'',1831,2))"/>
		<!--ⲛϭⲓ-->
		<mark id="sTok511" xlink:href="#xpointer(string-range(//body,'',1834,3))"/>
		<!--ⲡ-->
		<mark id="sTok512" xlink:href="#xpointer(string-range(//body,'',1838,1))"/>
		<!--ϣⲏⲣⲉ-->
		<mark id="sTok513" xlink:href="#xpointer(string-range(//body,'',1840,4))"/>
		<!--ⲙ-->
		<mark id="sTok514" xlink:href="#xpointer(string-range(//body,'',1845,1))"/>
		<!--ⲡ-->
		<mark id="sTok515" xlink:href="#xpointer(string-range(//body,'',1847,1))"/>
		<!--ⲣⲱⲙⲉ-->
		<mark id="sTok516" xlink:href="#xpointer(string-range(//body,'',1849,4))"/>
		<!--ⲉ-->
		<mark id="sTok517" xlink:href="#xpointer(string-range(//body,'',1854,1))"/>
		<!--ϥ-->
		<mark id="sTok518" xlink:href="#xpointer(string-range(//body,'',1856,1))"/>
		<!--ⲟⲩⲱⲙ-->
		<mark id="sTok519" xlink:href="#xpointer(string-range(//body,'',1858,4))"/>
		<!--ⲁⲩⲱ-->
		<mark id="sTok520" xlink:href="#xpointer(string-range(//body,'',1863,3))"/>
		<!--ⲉ-->
		<mark id="sTok521" xlink:href="#xpointer(string-range(//body,'',1867,1))"/>
		<!--ϥ-->
		<mark id="sTok522" xlink:href="#xpointer(string-range(//body,'',1869,1))"/>
		<!--ⲥⲱ-->
		<mark id="sTok523" xlink:href="#xpointer(string-range(//body,'',1871,2))"/>
		<!--.-->
		<mark id="sTok524" xlink:href="#xpointer(string-range(//body,'',1874,1))"/>
		<!--ⲡⲉϫⲁ-->
		<mark id="sTok525" xlink:href="#xpointer(string-range(//body,'',1876,4))"/>
		<!--ⲩ-->
		<mark id="sTok526" xlink:href="#xpointer(string-range(//body,'',1881,1))"/>
		<!--ϫⲉ-->
		<mark id="sTok527" xlink:href="#xpointer(string-range(//body,'',1883,2))"/>
		<!--ⲉⲓⲥ-->
		<mark id="sTok528" xlink:href="#xpointer(string-range(//body,'',1886,3))"/>
		<!--ⲟⲩ-->
		<mark id="sTok529" xlink:href="#xpointer(string-range(//body,'',1890,2))"/>
		<!--ⲣⲱⲙⲉ-->
		<mark id="sTok530" xlink:href="#xpointer(string-range(//body,'',1893,4))"/>
		<!--ⲛ-->
		<mark id="sTok531" xlink:href="#xpointer(string-range(//body,'',1898,1))"/>
		<!--ⲣⲉϥ-->
		<mark id="sTok532" xlink:href="#xpointer(string-range(//body,'',1900,3))"/>
		<!--ⲟⲩⲱⲙ-->
		<mark id="sTok533" xlink:href="#xpointer(string-range(//body,'',1904,4))"/>
		<!--ⲁⲩⲱ-->
		<mark id="sTok534" xlink:href="#xpointer(string-range(//body,'',1909,3))"/>
		<!--ⲛ-->
		<mark id="sTok535" xlink:href="#xpointer(string-range(//body,'',1913,1))"/>
		<!--ⲣⲉϥ-->
		<mark id="sTok536" xlink:href="#xpointer(string-range(//body,'',1915,3))"/>
		<!--ⲥⲉⲏⲣⲡ-->
		<mark id="sTok537" xlink:href="#xpointer(string-range(//body,'',1919,5))"/>
		<!--ⲛ-->
		<mark id="sTok538" xlink:href="#xpointer(string-range(//body,'',1925,1))"/>
		<!--ϣⲃⲏⲣ-->
		<mark id="sTok539" xlink:href="#xpointer(string-range(//body,'',1927,4))"/>
		<!--ⲧⲉⲗⲱⲛⲏⲥ-->
		<mark id="sTok540" xlink:href="#xpointer(string-range(//body,'',1932,7))"/>
		<!--ϩⲓ-->
		<mark id="sTok541" xlink:href="#xpointer(string-range(//body,'',1940,2))"/>
		<!--ⲣⲉϥ-->
		<mark id="sTok542" xlink:href="#xpointer(string-range(//body,'',1943,3))"/>
		<!--ⲣ-->
		<mark id="sTok543" xlink:href="#xpointer(string-range(//body,'',1947,1))"/>
		<!--ⲛⲟⲃⲉ-->
		<mark id="sTok544" xlink:href="#xpointer(string-range(//body,'',1949,4))"/>
		<!--.-->
		<mark id="sTok545" xlink:href="#xpointer(string-range(//body,'',1954,1))"/>
		<!--ⲁⲩⲱ-->
		<mark id="sTok546" xlink:href="#xpointer(string-range(//body,'',1956,3))"/>
		<!--ⲁ-->
		<mark id="sTok547" xlink:href="#xpointer(string-range(//body,'',1960,1))"/>
		<!--ⲥ-->
		<mark id="sTok548" xlink:href="#xpointer(string-range(//body,'',1962,1))"/>
		<!--ⲧⲙⲁⲓⲟ-->
		<mark id="sTok549" xlink:href="#xpointer(string-range(//body,'',1964,5))"/>
		<!--ⲛϭⲓ-->
		<mark id="sTok550" xlink:href="#xpointer(string-range(//body,'',1970,3))"/>
		<!--ⲧ-->
		<mark id="sTok551" xlink:href="#xpointer(string-range(//body,'',1974,1))"/>
		<!--ⲥⲟⲫⲓⲁ-->
		<mark id="sTok552" xlink:href="#xpointer(string-range(//body,'',1976,5))"/>
		<!--ⲉⲃⲟⲗ-->
		<mark id="sTok553" xlink:href="#xpointer(string-range(//body,'',1982,4))"/>
		<!--ϩⲛ-->
		<mark id="sTok554" xlink:href="#xpointer(string-range(//body,'',1987,2))"/>
		<!--ⲛⲉⲥ-->
		<mark id="sTok555" xlink:href="#xpointer(string-range(//body,'',1990,3))"/>
		<!--ϩⲃⲏⲩⲉ-->
		<mark id="sTok556" xlink:href="#xpointer(string-range(//body,'',1994,5))"/>
		<!--.-->
		<mark id="sTok557" xlink:href="#xpointer(string-range(//body,'',2000,1))"/>
		<!--ⲧⲟⲧⲉ-->
		<mark id="sTok558" xlink:href="#xpointer(string-range(//body,'',2002,4))"/>
		<!--ⲁ-->
		<mark id="sTok559" xlink:href="#xpointer(string-range(//body,'',2007,1))"/>
		<!--ϥ-->
		<mark id="sTok560" xlink:href="#xpointer(string-range(//body,'',2009,1))"/>
		<!--ⲁⲣⲭⲉⲓ-->
		<mark id="sTok561" xlink:href="#xpointer(string-range(//body,'',2011,5))"/>
		<!--ⲛϭⲓ-->
		<mark id="sTok562" xlink:href="#xpointer(string-range(//body,'',2017,3))"/>
		<!--ⲓⲏⲥⲟⲩⲥ-->
		<mark id="sTok563" xlink:href="#xpointer(string-range(//body,'',2021,6))"/>
		<!--ⲛ-->
		<mark id="sTok564" xlink:href="#xpointer(string-range(//body,'',2028,1))"/>
		<!--ⲛⲟϭⲛⲉϭ-->
		<mark id="sTok565" xlink:href="#xpointer(string-range(//body,'',2030,6))"/>
		<!--ⲛ-->
		<mark id="sTok566" xlink:href="#xpointer(string-range(//body,'',2037,1))"/>
		<!--ⲙ-->
		<mark id="sTok567" xlink:href="#xpointer(string-range(//body,'',2039,1))"/>
		<!--ⲡⲟⲗⲓⲥ-->
		<mark id="sTok568" xlink:href="#xpointer(string-range(//body,'',2041,5))"/>
		<!--.-->
		<mark id="sTok569" xlink:href="#xpointer(string-range(//body,'',2047,1))"/>
		<!--ⲛⲁⲓ-->
		<mark id="sTok570" xlink:href="#xpointer(string-range(//body,'',2049,3))"/>
		<!--ⲛⲧ-->
		<mark id="sTok571" xlink:href="#xpointer(string-range(//body,'',2053,2))"/>
		<!--ⲁ-->
		<mark id="sTok572" xlink:href="#xpointer(string-range(//body,'',2056,1))"/>
		<!--ⲡⲉ-->
		<mark id="sTok573" xlink:href="#xpointer(string-range(//body,'',2058,2))"/>
		<!--ϩⲟⲩⲟ-->
		<mark id="sTok574" xlink:href="#xpointer(string-range(//body,'',2061,4))"/>
		<!--ⲛ-->
		<mark id="sTok575" xlink:href="#xpointer(string-range(//body,'',2066,1))"/>
		<!--ⲛⲉϥ-->
		<mark id="sTok576" xlink:href="#xpointer(string-range(//body,'',2068,3))"/>
		<!--ϭⲟⲙ-->
		<mark id="sTok577" xlink:href="#xpointer(string-range(//body,'',2072,3))"/>
		<!--ϣⲱⲡⲉ-->
		<mark id="sTok578" xlink:href="#xpointer(string-range(//body,'',2076,4))"/>
		<!--ϩⲣⲁⲓ-->
		<mark id="sTok579" xlink:href="#xpointer(string-range(//body,'',2081,4))"/>
		<!--ⲛϩⲏⲧ-->
		<mark id="sTok580" xlink:href="#xpointer(string-range(//body,'',2086,4))"/>
		<!--ⲟⲩ-->
		<mark id="sTok581" xlink:href="#xpointer(string-range(//body,'',2091,2))"/>
		<!--ϫⲉ-->
		<mark id="sTok582" xlink:href="#xpointer(string-range(//body,'',2094,2))"/>
		<!--ⲙⲡ-->
		<mark id="sTok583" xlink:href="#xpointer(string-range(//body,'',2097,2))"/>
		<!--ⲟⲩ-->
		<mark id="sTok584" xlink:href="#xpointer(string-range(//body,'',2100,2))"/>
		<!--ⲙⲉⲧⲁⲛⲟⲓ-->
		<mark id="sTok585" xlink:href="#xpointer(string-range(//body,'',2103,7))"/>
		<!--.-->
		<mark id="sTok586" xlink:href="#xpointer(string-range(//body,'',2111,1))"/>
		<!--ϫⲉ-->
		<mark id="sTok587" xlink:href="#xpointer(string-range(//body,'',2113,2))"/>
		<!--ⲟⲩⲟⲓ-->
		<mark id="sTok588" xlink:href="#xpointer(string-range(//body,'',2116,4))"/>
		<!--ⲛⲏ-->
		<mark id="sTok589" xlink:href="#xpointer(string-range(//body,'',2121,2))"/>
		<!--ⲭⲟⲣⲁⲍⲉⲓⲛ-->
		<mark id="sTok590" xlink:href="#xpointer(string-range(//body,'',2124,8))"/>
		<!--.-->
		<mark id="sTok591" xlink:href="#xpointer(string-range(//body,'',2133,1))"/>
		<!--ⲟⲩⲟⲓ-->
		<mark id="sTok592" xlink:href="#xpointer(string-range(//body,'',2135,4))"/>
		<!--ⲛⲏ-->
		<mark id="sTok593" xlink:href="#xpointer(string-range(//body,'',2140,2))"/>
		<!--ⲃⲏⲇⲥⲁⲓⲇⲁ-->
		<mark id="sTok594" xlink:href="#xpointer(string-range(//body,'',2143,8))"/>
		<!--.-->
		<mark id="sTok595" xlink:href="#xpointer(string-range(//body,'',2152,1))"/>
		<!--ϫⲉ-->
		<mark id="sTok596" xlink:href="#xpointer(string-range(//body,'',2154,2))"/>
		<!--ⲉⲛⲉ-->
		<mark id="sTok597" xlink:href="#xpointer(string-range(//body,'',2157,3))"/>
		<!--ⲛⲧ-->
		<mark id="sTok598" xlink:href="#xpointer(string-range(//body,'',2161,2))"/>
		<!--ⲁ-->
		<mark id="sTok599" xlink:href="#xpointer(string-range(//body,'',2164,1))"/>
		<!--ⲛ-->
		<mark id="sTok600" xlink:href="#xpointer(string-range(//body,'',2166,1))"/>
		<!--ϭⲟⲙ-->
		<mark id="sTok601" xlink:href="#xpointer(string-range(//body,'',2168,3))"/>
		<!--ⲛⲧ-->
		<mark id="sTok602" xlink:href="#xpointer(string-range(//body,'',2172,2))"/>
		<!--ⲁ-->
		<mark id="sTok603" xlink:href="#xpointer(string-range(//body,'',2175,1))"/>
		<!--ⲩ-->
		<mark id="sTok604" xlink:href="#xpointer(string-range(//body,'',2177,1))"/>
		<!--ϣⲱⲡⲉ-->
		<mark id="sTok605" xlink:href="#xpointer(string-range(//body,'',2179,4))"/>
		<!--ⲛϩⲏⲧ-->
		<mark id="sTok606" xlink:href="#xpointer(string-range(//body,'',2184,4))"/>
		<!--ⲧⲏⲩⲧⲛ-->
		<mark id="sTok607" xlink:href="#xpointer(string-range(//body,'',2189,5))"/>
		<!--ϣⲱⲡⲉ-->
		<mark id="sTok608" xlink:href="#xpointer(string-range(//body,'',2195,4))"/>
		<!--ϩⲛ-->
		<mark id="sTok609" xlink:href="#xpointer(string-range(//body,'',2200,2))"/>
		<!--ⲧⲩⲣⲟⲥ-->
		<mark id="sTok610" xlink:href="#xpointer(string-range(//body,'',2203,5))"/>
		<!--ⲙⲛ-->
		<mark id="sTok611" xlink:href="#xpointer(string-range(//body,'',2209,2))"/>
		<!--ⲥⲓⲇⲱⲛ-->
		<mark id="sTok612" xlink:href="#xpointer(string-range(//body,'',2212,5))"/>
		<!--ⲉϣϫⲉ-->
		<mark id="sTok613" xlink:href="#xpointer(string-range(//body,'',2218,4))"/>
		<!--ⲁ-->
		<mark id="sTok614" xlink:href="#xpointer(string-range(//body,'',2223,1))"/>
		<!--ⲩ-->
		<mark id="sTok615" xlink:href="#xpointer(string-range(//body,'',2225,1))"/>
		<!--ⲙⲉⲧⲁⲛⲟⲉⲓ-->
		<mark id="sTok616" xlink:href="#xpointer(string-range(//body,'',2227,8))"/>
		<!--ϩⲛ-->
		<mark id="sTok617" xlink:href="#xpointer(string-range(//body,'',2236,2))"/>
		<!--ⲟⲩ-->
		<mark id="sTok618" xlink:href="#xpointer(string-range(//body,'',2239,2))"/>
		<!--ϭⲟⲟⲩⲛⲉ-->
		<mark id="sTok619" xlink:href="#xpointer(string-range(//body,'',2242,6))"/>
		<!--ⲙⲛ-->
		<mark id="sTok620" xlink:href="#xpointer(string-range(//body,'',2249,2))"/>
		<!--ⲟⲩ-->
		<mark id="sTok621" xlink:href="#xpointer(string-range(//body,'',2252,2))"/>
		<!--ⲕⲣⲙⲉⲥ-->
		<mark id="sTok622" xlink:href="#xpointer(string-range(//body,'',2255,5))"/>
		<!--.-->
		<mark id="sTok623" xlink:href="#xpointer(string-range(//body,'',2261,1))"/>
		<!--ⲡⲗⲏⲛ-->
		<mark id="sTok624" xlink:href="#xpointer(string-range(//body,'',2263,4))"/>
		<!--ϯ-->
		<mark id="sTok625" xlink:href="#xpointer(string-range(//body,'',2268,1))"/>
		<!--ϫⲱ-->
		<mark id="sTok626" xlink:href="#xpointer(string-range(//body,'',2270,2))"/>
		<!--ⲙⲙⲟ-->
		<mark id="sTok627" xlink:href="#xpointer(string-range(//body,'',2273,3))"/>
		<!--ⲥ-->
		<mark id="sTok628" xlink:href="#xpointer(string-range(//body,'',2277,1))"/>
		<!--ⲛⲏ-->
		<mark id="sTok629" xlink:href="#xpointer(string-range(//body,'',2279,2))"/>
		<!--ⲧⲛ-->
		<mark id="sTok630" xlink:href="#xpointer(string-range(//body,'',2282,2))"/>
		<!--.-->
		<mark id="sTok631" xlink:href="#xpointer(string-range(//body,'',2285,1))"/>
		<!--ϫⲉ-->
		<mark id="sTok632" xlink:href="#xpointer(string-range(//body,'',2287,2))"/>
		<!--ⲟⲩⲛ-->
		<mark id="sTok633" xlink:href="#xpointer(string-range(//body,'',2290,3))"/>
		<!--ⲟⲩ-->
		<mark id="sTok634" xlink:href="#xpointer(string-range(//body,'',2294,2))"/>
		<!--ⲙⲧⲟⲛ-->
		<mark id="sTok635" xlink:href="#xpointer(string-range(//body,'',2297,4))"/>
		<!--ⲛⲁ-->
		<mark id="sTok636" xlink:href="#xpointer(string-range(//body,'',2302,2))"/>
		<!--ϣⲱⲡⲉ-->
		<mark id="sTok637" xlink:href="#xpointer(string-range(//body,'',2305,4))"/>
		<!--ⲛ-->
		<mark id="sTok638" xlink:href="#xpointer(string-range(//body,'',2310,1))"/>
		<!--ⲧⲩⲣⲟⲥ-->
		<mark id="sTok639" xlink:href="#xpointer(string-range(//body,'',2312,5))"/>
		<!--ⲙⲛ-->
		<mark id="sTok640" xlink:href="#xpointer(string-range(//body,'',2318,2))"/>
		<!--ⲥⲓⲇⲱⲛ-->
		<mark id="sTok641" xlink:href="#xpointer(string-range(//body,'',2321,5))"/>
		<!--ⲙ-->
		<mark id="sTok642" xlink:href="#xpointer(string-range(//body,'',2327,1))"/>
		<!--ⲡⲉ-->
		<mark id="sTok643" xlink:href="#xpointer(string-range(//body,'',2329,2))"/>
		<!--ϩⲟⲟⲩ-->
		<mark id="sTok644" xlink:href="#xpointer(string-range(//body,'',2332,4))"/>
		<!--ⲛ-->
		<mark id="sTok645" xlink:href="#xpointer(string-range(//body,'',2337,1))"/>
		<!--ⲧⲉ-->
		<mark id="sTok646" xlink:href="#xpointer(string-range(//body,'',2339,2))"/>
		<!--ⲕⲣⲓⲥⲓⲥ-->
		<mark id="sTok647" xlink:href="#xpointer(string-range(//body,'',2342,6))"/>
		<!--ⲉϩⲟⲩⲉⲉⲣⲱⲧⲛ-->
		<mark id="sTok648" xlink:href="#xpointer(string-range(//body,'',2349,10))"/>
		<!--.-->
		<mark id="sTok649" xlink:href="#xpointer(string-range(//body,'',2360,1))"/>
		<!--ⲛⲧⲟ-->
		<mark id="sTok650" xlink:href="#xpointer(string-range(//body,'',2362,3))"/>
		<!--ϩⲱⲱ-->
		<mark id="sTok651" xlink:href="#xpointer(string-range(//body,'',2366,3))"/>
		<!--ⲧⲉ-->
		<mark id="sTok652" xlink:href="#xpointer(string-range(//body,'',2370,2))"/>
		<!--ⲕⲁⲫⲁⲣⲛⲁⲟⲩⲙ-->
		<mark id="sTok653" xlink:href="#xpointer(string-range(//body,'',2373,10))"/>
		<!--ⲙⲏ-->
		<mark id="sTok654" xlink:href="#xpointer(string-range(//body,'',2384,2))"/>
		<!--ⲧⲉ-->
		<mark id="sTok655" xlink:href="#xpointer(string-range(//body,'',2387,2))"/>
		<!--ⲛⲁ-->
		<mark id="sTok656" xlink:href="#xpointer(string-range(//body,'',2390,2))"/>
		<!--ϫⲓⲥⲉ-->
		<mark id="sTok657" xlink:href="#xpointer(string-range(//body,'',2393,4))"/>
		<!--ϣⲁ-->
		<mark id="sTok658" xlink:href="#xpointer(string-range(//body,'',2398,2))"/>
		<!--ⲉϩⲣⲁⲓ-->
		<mark id="sTok659" xlink:href="#xpointer(string-range(//body,'',2401,5))"/>
		<!--ⲉ-->
		<mark id="sTok660" xlink:href="#xpointer(string-range(//body,'',2407,1))"/>
		<!--ⲧ-->
		<mark id="sTok661" xlink:href="#xpointer(string-range(//body,'',2409,1))"/>
		<!--ⲡⲉ-->
		<mark id="sTok662" xlink:href="#xpointer(string-range(//body,'',2411,2))"/>
		<!--.-->
		<mark id="sTok663" xlink:href="#xpointer(string-range(//body,'',2414,1))"/>
		<!--ⲧⲉ-->
		<mark id="sTok664" xlink:href="#xpointer(string-range(//body,'',2416,2))"/>
		<!--ⲛⲁ-->
		<mark id="sTok665" xlink:href="#xpointer(string-range(//body,'',2419,2))"/>
		<!--ⲃⲱⲕ-->
		<mark id="sTok666" xlink:href="#xpointer(string-range(//body,'',2422,3))"/>
		<!--ⲉ-->
		<mark id="sTok667" xlink:href="#xpointer(string-range(//body,'',2426,1))"/>
		<!--ⲡ-->
		<mark id="sTok668" xlink:href="#xpointer(string-range(//body,'',2428,1))"/>
		<!--ⲉⲥⲏⲧ-->
		<mark id="sTok669" xlink:href="#xpointer(string-range(//body,'',2430,4))"/>
		<!--ϣⲁ-->
		<mark id="sTok670" xlink:href="#xpointer(string-range(//body,'',2435,2))"/>
		<!--ⲁⲙⲛⲧⲉ-->
		<mark id="sTok671" xlink:href="#xpointer(string-range(//body,'',2438,5))"/>
		<!--ϫⲉ-->
		<mark id="sTok672" xlink:href="#xpointer(string-range(//body,'',2444,2))"/>
		<!--ⲉⲛⲉ-->
		<mark id="sTok673" xlink:href="#xpointer(string-range(//body,'',2447,3))"/>
		<!--ⲛⲧ-->
		<mark id="sTok674" xlink:href="#xpointer(string-range(//body,'',2451,2))"/>
		<!--ⲁ-->
		<mark id="sTok675" xlink:href="#xpointer(string-range(//body,'',2454,1))"/>
		<!--ⲛ-->
		<mark id="sTok676" xlink:href="#xpointer(string-range(//body,'',2456,1))"/>
		<!--ϭⲟⲙ-->
		<mark id="sTok677" xlink:href="#xpointer(string-range(//body,'',2458,3))"/>
		<!--ⲛⲧ-->
		<mark id="sTok678" xlink:href="#xpointer(string-range(//body,'',2462,2))"/>
		<!--ⲁ-->
		<mark id="sTok679" xlink:href="#xpointer(string-range(//body,'',2465,1))"/>
		<!--ⲩ-->
		<mark id="sTok680" xlink:href="#xpointer(string-range(//body,'',2467,1))"/>
		<!--ϣⲱⲡⲉ-->
		<mark id="sTok681" xlink:href="#xpointer(string-range(//body,'',2469,4))"/>
		<!--ϩⲣⲁⲓ-->
		<mark id="sTok682" xlink:href="#xpointer(string-range(//body,'',2474,4))"/>
		<!--ⲛ-->
		<mark id="sTok683" xlink:href="#xpointer(string-range(//body,'',2479,1))"/>
		<!--ϩⲏⲧⲉ-->
		<mark id="sTok684" xlink:href="#xpointer(string-range(//body,'',2481,4))"/>
		<!--ϣⲱⲡⲉ-->
		<mark id="sTok685" xlink:href="#xpointer(string-range(//body,'',2486,4))"/>
		<!--ϩⲛ-->
		<mark id="sTok686" xlink:href="#xpointer(string-range(//body,'',2491,2))"/>
		<!--ⲥⲟⲇⲟⲙⲁ-->
		<mark id="sTok687" xlink:href="#xpointer(string-range(//body,'',2494,6))"/>
		<!--ⲙⲛ-->
		<mark id="sTok688" xlink:href="#xpointer(string-range(//body,'',2501,2))"/>
		<!--ⲅⲟⲙⲟⲣⲣⲁ-->
		<mark id="sTok689" xlink:href="#xpointer(string-range(//body,'',2504,7))"/>
		<!--ⲛⲉ-->
		<mark id="sTok690" xlink:href="#xpointer(string-range(//body,'',2512,2))"/>
		<!--ⲩ-->
		<mark id="sTok691" xlink:href="#xpointer(string-range(//body,'',2515,1))"/>
		<!--ⲛⲁ-->
		<mark id="sTok692" xlink:href="#xpointer(string-range(//body,'',2517,2))"/>
		<!--ϭⲱ-->
		<mark id="sTok693" xlink:href="#xpointer(string-range(//body,'',2520,2))"/>
		<!--ⲡⲉ-->
		<mark id="sTok694" xlink:href="#xpointer(string-range(//body,'',2523,2))"/>
		<!--ϣⲁ-->
		<mark id="sTok695" xlink:href="#xpointer(string-range(//body,'',2526,2))"/>
		<!--ⲡ-->
		<mark id="sTok696" xlink:href="#xpointer(string-range(//body,'',2529,1))"/>
		<!--ⲟⲟⲩ-->
		<mark id="sTok697" xlink:href="#xpointer(string-range(//body,'',2531,3))"/>
		<!--ⲛ-->
		<mark id="sTok698" xlink:href="#xpointer(string-range(//body,'',2535,1))"/>
		<!--ϩⲟⲟⲩ-->
		<mark id="sTok699" xlink:href="#xpointer(string-range(//body,'',2537,4))"/>
		<!--.-->
		<mark id="sTok700" xlink:href="#xpointer(string-range(//body,'',2542,1))"/>
		<!--ⲡⲗⲏⲛ-->
		<mark id="sTok701" xlink:href="#xpointer(string-range(//body,'',2544,4))"/>
		<!--ϯ-->
		<mark id="sTok702" xlink:href="#xpointer(string-range(//body,'',2549,1))"/>
		<!--ϫⲱ-->
		<mark id="sTok703" xlink:href="#xpointer(string-range(//body,'',2551,2))"/>
		<!--ⲙⲙⲟ-->
		<mark id="sTok704" xlink:href="#xpointer(string-range(//body,'',2554,3))"/>
		<!--ⲥ-->
		<mark id="sTok705" xlink:href="#xpointer(string-range(//body,'',2558,1))"/>
		<!--ⲛⲏ-->
		<mark id="sTok706" xlink:href="#xpointer(string-range(//body,'',2560,2))"/>
		<!--ⲧⲛ-->
		<mark id="sTok707" xlink:href="#xpointer(string-range(//body,'',2563,2))"/>
		<!--.-->
		<mark id="sTok708" xlink:href="#xpointer(string-range(//body,'',2566,1))"/>
		<!--ϫⲉ-->
		<mark id="sTok709" xlink:href="#xpointer(string-range(//body,'',2568,2))"/>
		<!--ⲟⲩⲛ-->
		<mark id="sTok710" xlink:href="#xpointer(string-range(//body,'',2571,3))"/>
		<!--ⲟⲩ-->
		<mark id="sTok711" xlink:href="#xpointer(string-range(//body,'',2575,2))"/>
		<!--ⲙⲧⲟⲛ-->
		<mark id="sTok712" xlink:href="#xpointer(string-range(//body,'',2578,4))"/>
		<!--ⲛⲁ-->
		<mark id="sTok713" xlink:href="#xpointer(string-range(//body,'',2583,2))"/>
		<!--ϣⲱⲡⲉ-->
		<mark id="sTok714" xlink:href="#xpointer(string-range(//body,'',2586,4))"/>
		<!--ⲙ-->
		<mark id="sTok715" xlink:href="#xpointer(string-range(//body,'',2591,1))"/>
		<!--ⲡ-->
		<mark id="sTok716" xlink:href="#xpointer(string-range(//body,'',2593,1))"/>
		<!--ⲕⲁϩ-->
		<mark id="sTok717" xlink:href="#xpointer(string-range(//body,'',2595,3))"/>
		<!--ⲛ-->
		<mark id="sTok718" xlink:href="#xpointer(string-range(//body,'',2599,1))"/>
		<!--ⲥⲟⲇⲟⲙⲁ-->
		<mark id="sTok719" xlink:href="#xpointer(string-range(//body,'',2601,6))"/>
		<!--ⲙⲛ-->
		<mark id="sTok720" xlink:href="#xpointer(string-range(//body,'',2608,2))"/>
		<!--ⲅⲟⲙⲟⲣⲣⲁ-->
		<mark id="sTok721" xlink:href="#xpointer(string-range(//body,'',2611,7))"/>
		<!--ⲙ-->
		<mark id="sTok722" xlink:href="#xpointer(string-range(//body,'',2619,1))"/>
		<!--ⲡⲉ-->
		<mark id="sTok723" xlink:href="#xpointer(string-range(//body,'',2621,2))"/>
		<!--ϩⲟⲟⲩ-->
		<mark id="sTok724" xlink:href="#xpointer(string-range(//body,'',2624,4))"/>
		<!--ⲛ-->
		<mark id="sTok725" xlink:href="#xpointer(string-range(//body,'',2629,1))"/>
		<!--ⲧⲉ-->
		<mark id="sTok726" xlink:href="#xpointer(string-range(//body,'',2631,2))"/>
		<!--ⲕⲣⲓⲥⲓⲥ-->
		<mark id="sTok727" xlink:href="#xpointer(string-range(//body,'',2634,6))"/>
		<!--ⲉϩⲟⲩⲉ-->
		<mark id="sTok728" xlink:href="#xpointer(string-range(//body,'',2641,5))"/>
		<!--ⲉⲣⲟ-->
		<mark id="sTok729" xlink:href="#xpointer(string-range(//body,'',2647,3))"/>
		<!--.-->
		<mark id="sTok730" xlink:href="#xpointer(string-range(//body,'',2651,1))"/>
		<!--ϩⲙ-->
		<mark id="sTok731" xlink:href="#xpointer(string-range(//body,'',2653,2))"/>
		<!--ⲡⲉ-->
		<mark id="sTok732" xlink:href="#xpointer(string-range(//body,'',2656,2))"/>
		<!--ⲩⲟⲉⲓϣ-->
		<mark id="sTok733" xlink:href="#xpointer(string-range(//body,'',2659,5))"/>
		<!--ⲉⲧ-->
		<mark id="sTok734" xlink:href="#xpointer(string-range(//body,'',2665,2))"/>
		<!--ⲙⲙⲁⲩ-->
		<mark id="sTok735" xlink:href="#xpointer(string-range(//body,'',2668,4))"/>
		<!--ⲁ-->
		<mark id="sTok736" xlink:href="#xpointer(string-range(//body,'',2673,1))"/>
		<!--ϥ-->
		<mark id="sTok737" xlink:href="#xpointer(string-range(//body,'',2675,1))"/>
		<!--ⲟⲩⲱϣⲃ-->
		<mark id="sTok738" xlink:href="#xpointer(string-range(//body,'',2677,5))"/>
		<!--ⲛϭⲓ-->
		<mark id="sTok739" xlink:href="#xpointer(string-range(//body,'',2683,3))"/>
		<!--ⲓⲏⲥⲟⲩⲥ-->
		<mark id="sTok740" xlink:href="#xpointer(string-range(//body,'',2687,6))"/>
		<!--ⲉ-->
		<mark id="sTok741" xlink:href="#xpointer(string-range(//body,'',2694,1))"/>
		<!--ϥ-->
		<mark id="sTok742" xlink:href="#xpointer(string-range(//body,'',2696,1))"/>
		<!--ϫⲱ-->
		<mark id="sTok743" xlink:href="#xpointer(string-range(//body,'',2698,2))"/>
		<!--ⲙⲙⲟ-->
		<mark id="sTok744" xlink:href="#xpointer(string-range(//body,'',2701,3))"/>
		<!--ⲥ-->
		<mark id="sTok745" xlink:href="#xpointer(string-range(//body,'',2705,1))"/>
		<!--ϫⲉ-->
		<mark id="sTok746" xlink:href="#xpointer(string-range(//body,'',2707,2))"/>
		<!--ϯ-->
		<mark id="sTok747" xlink:href="#xpointer(string-range(//body,'',2710,1))"/>
		<!--ⲉⲝⲟⲙⲟⲗⲟⲅⲉⲓ-->
		<mark id="sTok748" xlink:href="#xpointer(string-range(//body,'',2712,10))"/>
		<!--ⲛⲁ-->
		<mark id="sTok749" xlink:href="#xpointer(string-range(//body,'',2723,2))"/>
		<!--ⲕ-->
		<mark id="sTok750" xlink:href="#xpointer(string-range(//body,'',2726,1))"/>
		<!--ⲡⲁ-->
		<mark id="sTok751" xlink:href="#xpointer(string-range(//body,'',2728,2))"/>
		<!--ⲉⲓⲱⲧ-->
		<mark id="sTok752" xlink:href="#xpointer(string-range(//body,'',2731,4))"/>
		<!--ⲡ-->
		<mark id="sTok753" xlink:href="#xpointer(string-range(//body,'',2736,1))"/>
		<!--ϫⲟⲉⲓⲥ-->
		<mark id="sTok754" xlink:href="#xpointer(string-range(//body,'',2738,5))"/>
		<!--ⲛ-->
		<mark id="sTok755" xlink:href="#xpointer(string-range(//body,'',2744,1))"/>
		<!--ⲧ-->
		<mark id="sTok756" xlink:href="#xpointer(string-range(//body,'',2746,1))"/>
		<!--ⲡⲉ-->
		<mark id="sTok757" xlink:href="#xpointer(string-range(//body,'',2748,2))"/>
		<!--ⲙⲛ-->
		<mark id="sTok758" xlink:href="#xpointer(string-range(//body,'',2751,2))"/>
		<!--ⲡ-->
		<mark id="sTok759" xlink:href="#xpointer(string-range(//body,'',2754,1))"/>
		<!--ⲕⲁϩ-->
		<mark id="sTok760" xlink:href="#xpointer(string-range(//body,'',2756,3))"/>
		<!--.-->
		<mark id="sTok761" xlink:href="#xpointer(string-range(//body,'',2760,1))"/>
		<!--ϫⲉ-->
		<mark id="sTok762" xlink:href="#xpointer(string-range(//body,'',2762,2))"/>
		<!--ⲛⲁⲓ-->
		<mark id="sTok763" xlink:href="#xpointer(string-range(//body,'',2765,3))"/>
		<!--ⲁ-->
		<mark id="sTok764" xlink:href="#xpointer(string-range(//body,'',2769,1))"/>
		<!--ⲕ-->
		<mark id="sTok765" xlink:href="#xpointer(string-range(//body,'',2771,1))"/>
		<!--ϩⲟⲡ-->
		<mark id="sTok766" xlink:href="#xpointer(string-range(//body,'',2773,3))"/>
		<!--ⲟⲩ-->
		<mark id="sTok767" xlink:href="#xpointer(string-range(//body,'',2777,2))"/>
		<!--ⲉ-->
		<mark id="sTok768" xlink:href="#xpointer(string-range(//body,'',2780,1))"/>
		<!--ⲛ-->
		<mark id="sTok769" xlink:href="#xpointer(string-range(//body,'',2782,1))"/>
		<!--ⲥⲟⲫⲟⲥ-->
		<mark id="sTok770" xlink:href="#xpointer(string-range(//body,'',2784,5))"/>
		<!--ⲙⲛ-->
		<mark id="sTok771" xlink:href="#xpointer(string-range(//body,'',2790,2))"/>
		<!--ⲛ-->
		<mark id="sTok772" xlink:href="#xpointer(string-range(//body,'',2793,1))"/>
		<!--ⲥⲁⲃⲉⲉⲩ-->
		<mark id="sTok773" xlink:href="#xpointer(string-range(//body,'',2795,6))"/>
		<!--ⲁ-->
		<mark id="sTok774" xlink:href="#xpointer(string-range(//body,'',2802,1))"/>
		<!--ⲕ-->
		<mark id="sTok775" xlink:href="#xpointer(string-range(//body,'',2804,1))"/>
		<!--ϭⲟⲗⲡ-->
		<mark id="sTok776" xlink:href="#xpointer(string-range(//body,'',2806,4))"/>
		<!--ⲟⲩ-->
		<mark id="sTok777" xlink:href="#xpointer(string-range(//body,'',2811,2))"/>
		<!--ⲇⲉ-->
		<mark id="sTok778" xlink:href="#xpointer(string-range(//body,'',2814,2))"/>
		<!--ⲉⲃⲟⲗ-->
		<mark id="sTok779" xlink:href="#xpointer(string-range(//body,'',2817,4))"/>
		<!--ⲛ-->
		<mark id="sTok780" xlink:href="#xpointer(string-range(//body,'',2822,1))"/>
		<!--ⲛ-->
		<mark id="sTok781" xlink:href="#xpointer(string-range(//body,'',2824,1))"/>
		<!--ϣⲏⲣⲉ-->
		<mark id="sTok782" xlink:href="#xpointer(string-range(//body,'',2826,4))"/>
		<!--ϣⲏⲙ-->
		<mark id="sTok783" xlink:href="#xpointer(string-range(//body,'',2831,3))"/>
		<!--.-->
		<mark id="sTok784" xlink:href="#xpointer(string-range(//body,'',2835,1))"/>
		<!--ⲁ-->
		<mark id="sTok785" xlink:href="#xpointer(string-range(//body,'',2837,1))"/>
		<!--ϩⲉ-->
		<mark id="sTok786" xlink:href="#xpointer(string-range(//body,'',2839,2))"/>
		<!--ⲡⲁ-->
		<mark id="sTok787" xlink:href="#xpointer(string-range(//body,'',2842,2))"/>
		<!--ⲉⲓⲱⲧ-->
		<mark id="sTok788" xlink:href="#xpointer(string-range(//body,'',2845,4))"/>
		<!--ϫⲉ-->
		<mark id="sTok789" xlink:href="#xpointer(string-range(//body,'',2850,2))"/>
		<!--ⲛⲧ-->
		<mark id="sTok790" xlink:href="#xpointer(string-range(//body,'',2853,2))"/>
		<!--ⲁ-->
		<mark id="sTok791" xlink:href="#xpointer(string-range(//body,'',2856,1))"/>
		<!--ⲥ-->
		<mark id="sTok792" xlink:href="#xpointer(string-range(//body,'',2858,1))"/>
		<!--ⲣ-->
		<mark id="sTok793" xlink:href="#xpointer(string-range(//body,'',2860,1))"/>
		<!--ⲁⲛⲁ-->
		<mark id="sTok794" xlink:href="#xpointer(string-range(//body,'',2862,3))"/>
		<!--ⲕ-->
		<mark id="sTok795" xlink:href="#xpointer(string-range(//body,'',2866,1))"/>
		<!--ⲛ-->
		<mark id="sTok796" xlink:href="#xpointer(string-range(//body,'',2868,1))"/>
		<!--ⲧⲉⲓ-->
		<mark id="sTok797" xlink:href="#xpointer(string-range(//body,'',2870,3))"/>
		<!--ϩⲉ-->
		<mark id="sTok798" xlink:href="#xpointer(string-range(//body,'',2874,2))"/>
		<!--ⲙ-->
		<mark id="sTok799" xlink:href="#xpointer(string-range(//body,'',2877,1))"/>
		<!--ⲡⲉ-->
		<mark id="sTok800" xlink:href="#xpointer(string-range(//body,'',2879,2))"/>
		<!--ⲕⲙⲧⲟ-->
		<mark id="sTok801" xlink:href="#xpointer(string-range(//body,'',2882,4))"/>
		<!--ⲉⲃⲟⲗ-->
		<mark id="sTok802" xlink:href="#xpointer(string-range(//body,'',2887,4))"/>
		<!--.-->
		<mark id="sTok803" xlink:href="#xpointer(string-range(//body,'',2892,1))"/>
		<!--ⲁ-->
		<mark id="sTok804" xlink:href="#xpointer(string-range(//body,'',2894,1))"/>
		<!--ⲩ-->
		<mark id="sTok805" xlink:href="#xpointer(string-range(//body,'',2896,1))"/>
		<!--ϯ-->
		<mark id="sTok806" xlink:href="#xpointer(string-range(//body,'',2898,1))"/>
		<!--ⲛⲁ-->
		<mark id="sTok807" xlink:href="#xpointer(string-range(//body,'',2900,2))"/>
		<!--ⲓ-->
		<mark id="sTok808" xlink:href="#xpointer(string-range(//body,'',2903,1))"/>
		<!--ⲙ-->
		<mark id="sTok809" xlink:href="#xpointer(string-range(//body,'',2905,1))"/>
		<!--ⲡ-->
		<mark id="sTok810" xlink:href="#xpointer(string-range(//body,'',2907,1))"/>
		<!--ⲧⲏⲣ-->
		<mark id="sTok811" xlink:href="#xpointer(string-range(//body,'',2909,3))"/>
		<!--ϥ-->
		<mark id="sTok812" xlink:href="#xpointer(string-range(//body,'',2913,1))"/>
		<!--ⲉⲃⲟⲗ-->
		<mark id="sTok813" xlink:href="#xpointer(string-range(//body,'',2915,4))"/>
		<!--ϩⲓⲧⲟⲟⲧ-->
		<mark id="sTok814" xlink:href="#xpointer(string-range(//body,'',2920,6))"/>
		<!--ϥ-->
		<mark id="sTok815" xlink:href="#xpointer(string-range(//body,'',2927,1))"/>
		<!--ⲙ-->
		<mark id="sTok816" xlink:href="#xpointer(string-range(//body,'',2929,1))"/>
		<!--ⲡⲁ-->
		<mark id="sTok817" xlink:href="#xpointer(string-range(//body,'',2931,2))"/>
		<!--ⲉⲓⲱⲧ-->
		<mark id="sTok818" xlink:href="#xpointer(string-range(//body,'',2934,4))"/>
		<!--ⲁⲩⲱ-->
		<mark id="sTok819" xlink:href="#xpointer(string-range(//body,'',2939,3))"/>
		<!--ⲙⲛ-->
		<mark id="sTok820" xlink:href="#xpointer(string-range(//body,'',2943,2))"/>
		<!--ⲗⲁⲁⲩ-->
		<mark id="sTok821" xlink:href="#xpointer(string-range(//body,'',2946,4))"/>
		<!--ⲥⲟⲟⲩⲛ-->
		<mark id="sTok822" xlink:href="#xpointer(string-range(//body,'',2951,5))"/>
		<!--ⲙ-->
		<mark id="sTok823" xlink:href="#xpointer(string-range(//body,'',2957,1))"/>
		<!--ⲡ-->
		<mark id="sTok824" xlink:href="#xpointer(string-range(//body,'',2959,1))"/>
		<!--ϣⲏⲣⲉ-->
		<mark id="sTok825" xlink:href="#xpointer(string-range(//body,'',2961,4))"/>
		<!--ⲉⲓ-->
		<mark id="sTok826" xlink:href="#xpointer(string-range(//body,'',2966,2))"/>
		<!--ⲙⲏⲧⲓ-->
		<mark id="sTok827" xlink:href="#xpointer(string-range(//body,'',2969,4))"/>
		<!--ⲡ-->
		<mark id="sTok828" xlink:href="#xpointer(string-range(//body,'',2974,1))"/>
		<!--ⲉⲓⲱⲧ-->
		<mark id="sTok829" xlink:href="#xpointer(string-range(//body,'',2976,4))"/>
		<!--ⲟⲩⲇⲉ-->
		<mark id="sTok830" xlink:href="#xpointer(string-range(//body,'',2981,4))"/>
		<!--ⲙⲛ-->
		<mark id="sTok831" xlink:href="#xpointer(string-range(//body,'',2986,2))"/>
		<!--ⲗⲁⲁⲩ-->
		<mark id="sTok832" xlink:href="#xpointer(string-range(//body,'',2989,4))"/>
		<!--ⲥⲟⲟⲩⲛ-->
		<mark id="sTok833" xlink:href="#xpointer(string-range(//body,'',2994,5))"/>
		<!--ⲙ-->
		<mark id="sTok834" xlink:href="#xpointer(string-range(//body,'',3000,1))"/>
		<!--ⲡ-->
		<mark id="sTok835" xlink:href="#xpointer(string-range(//body,'',3002,1))"/>
		<!--ⲉⲓⲱⲧ-->
		<mark id="sTok836" xlink:href="#xpointer(string-range(//body,'',3004,4))"/>
		<!--ⲉⲓⲙⲏⲧⲓ-->
		<mark id="sTok837" xlink:href="#xpointer(string-range(//body,'',3009,6))"/>
		<!--ⲡ-->
		<mark id="sTok838" xlink:href="#xpointer(string-range(//body,'',3016,1))"/>
		<!--ϣⲏⲣⲉ-->
		<mark id="sTok839" xlink:href="#xpointer(string-range(//body,'',3018,4))"/>
		<!--ⲙⲛ-->
		<mark id="sTok840" xlink:href="#xpointer(string-range(//body,'',3023,2))"/>
		<!--ⲡ-->
		<mark id="sTok841" xlink:href="#xpointer(string-range(//body,'',3026,1))"/>
		<!--ⲉⲧⲉⲣⲉ-->
		<mark id="sTok842" xlink:href="#xpointer(string-range(//body,'',3028,5))"/>
		<!--ⲡ-->
		<mark id="sTok843" xlink:href="#xpointer(string-range(//body,'',3034,1))"/>
		<!--ϣⲏⲣⲉ-->
		<mark id="sTok844" xlink:href="#xpointer(string-range(//body,'',3036,4))"/>
		<!--ⲛⲁ-->
		<mark id="sTok845" xlink:href="#xpointer(string-range(//body,'',3041,2))"/>
		<!--ⲟⲩⲱϣ-->
		<mark id="sTok846" xlink:href="#xpointer(string-range(//body,'',3044,4))"/>
		<!--ⲉ-->
		<mark id="sTok847" xlink:href="#xpointer(string-range(//body,'',3049,1))"/>
		<!--ⲟⲩ-->
		<mark id="sTok848" xlink:href="#xpointer(string-range(//body,'',3051,2))"/>
		<!--ⲱϣ-->
		<mark id="sTok849" xlink:href="#xpointer(string-range(//body,'',3054,2))"/>
		<!--ⲉ-->
		<mark id="sTok850" xlink:href="#xpointer(string-range(//body,'',3057,1))"/>
		<!--ⲩ-->
		<mark id="sTok851" xlink:href="#xpointer(string-range(//body,'',3059,1))"/>
		<!--ⲱⲛϩ-->
		<mark id="sTok852" xlink:href="#xpointer(string-range(//body,'',3061,3))"/>
		<!--ⲛⲁ-->
		<mark id="sTok853" xlink:href="#xpointer(string-range(//body,'',3065,2))"/>
		<!--ϥ-->
		<mark id="sTok854" xlink:href="#xpointer(string-range(//body,'',3068,1))"/>
		<!--ⲉⲃⲟⲗ-->
		<mark id="sTok855" xlink:href="#xpointer(string-range(//body,'',3070,4))"/>
		<!--.-->
		<mark id="sTok856" xlink:href="#xpointer(string-range(//body,'',3075,1))"/>
		<!--ⲁⲙⲏⲓ-->
		<mark id="sTok857" xlink:href="#xpointer(string-range(//body,'',3077,4))"/>
		<!--ⲧⲛ-->
		<mark id="sTok858" xlink:href="#xpointer(string-range(//body,'',3082,2))"/>
		<!--ϣⲁⲣⲟ-->
		<mark id="sTok859" xlink:href="#xpointer(string-range(//body,'',3085,4))"/>
		<!--ⲓ-->
		<mark id="sTok860" xlink:href="#xpointer(string-range(//body,'',3090,1))"/>
		<!--ⲟⲩⲟⲛ-->
		<mark id="sTok861" xlink:href="#xpointer(string-range(//body,'',3092,4))"/>
		<!--ⲛⲓⲙ-->
		<mark id="sTok862" xlink:href="#xpointer(string-range(//body,'',3097,3))"/>
		<!--ⲉ-->
		<mark id="sTok863" xlink:href="#xpointer(string-range(//body,'',3101,1))"/>
		<!--ⲧ-->
		<mark id="sTok864" xlink:href="#xpointer(string-range(//body,'',3103,1))"/>
		<!--ϩⲟⲥⲉ-->
		<mark id="sTok865" xlink:href="#xpointer(string-range(//body,'',3105,4))"/>
		<!--ⲁⲩⲱ-->
		<mark id="sTok866" xlink:href="#xpointer(string-range(//body,'',3110,3))"/>
		<!--ⲉⲧ-->
		<mark id="sTok867" xlink:href="#xpointer(string-range(//body,'',3114,2))"/>
		<!--ⲟⲧⲡ-->
		<mark id="sTok868" xlink:href="#xpointer(string-range(//body,'',3117,3))"/>
		<!--.-->
		<mark id="sTok869" xlink:href="#xpointer(string-range(//body,'',3121,1))"/>
		<!--ⲁⲩⲱ-->
		<mark id="sTok870" xlink:href="#xpointer(string-range(//body,'',3123,3))"/>
		<!--ⲁⲛⲟⲕ-->
		<mark id="sTok871" xlink:href="#xpointer(string-range(//body,'',3127,4))"/>
		<!--ϯ-->
		<mark id="sTok872" xlink:href="#xpointer(string-range(//body,'',3132,1))"/>
		<!--ⲛⲁ-->
		<mark id="sTok873" xlink:href="#xpointer(string-range(//body,'',3134,2))"/>
		<!--ϯ-->
		<mark id="sTok874" xlink:href="#xpointer(string-range(//body,'',3137,1))"/>
		<!--ⲙⲧⲟⲛ-->
		<mark id="sTok875" xlink:href="#xpointer(string-range(//body,'',3139,4))"/>
		<!--ⲛⲏ-->
		<mark id="sTok876" xlink:href="#xpointer(string-range(//body,'',3144,2))"/>
		<!--ⲧⲛ-->
		<mark id="sTok877" xlink:href="#xpointer(string-range(//body,'',3147,2))"/>
		<!--.-->
		<mark id="sTok878" xlink:href="#xpointer(string-range(//body,'',3150,1))"/>
		<!--ϥⲓ-->
		<mark id="sTok879" xlink:href="#xpointer(string-range(//body,'',3152,2))"/>
		<!--ⲙ-->
		<mark id="sTok880" xlink:href="#xpointer(string-range(//body,'',3155,1))"/>
		<!--ⲡⲁ-->
		<mark id="sTok881" xlink:href="#xpointer(string-range(//body,'',3157,2))"/>
		<!--ⲛⲁϩⲃ-->
		<mark id="sTok882" xlink:href="#xpointer(string-range(//body,'',3160,4))"/>
		<!--ⲉϩⲣⲁⲓ-->
		<mark id="sTok883" xlink:href="#xpointer(string-range(//body,'',3165,5))"/>
		<!--ⲉϫⲛ-->
		<mark id="sTok884" xlink:href="#xpointer(string-range(//body,'',3171,3))"/>
		<!--ⲧⲏⲩⲧⲛ-->
		<mark id="sTok885" xlink:href="#xpointer(string-range(//body,'',3175,5))"/>
		<!--.-->
		<mark id="sTok886" xlink:href="#xpointer(string-range(//body,'',3181,1))"/>
		<!--ⲛ-->
		<mark id="sTok887" xlink:href="#xpointer(string-range(//body,'',3183,1))"/>
		<!--ⲧⲉⲧⲛ-->
		<mark id="sTok888" xlink:href="#xpointer(string-range(//body,'',3185,4))"/>
		<!--ⲉⲓⲙⲉ-->
		<mark id="sTok889" xlink:href="#xpointer(string-range(//body,'',3190,4))"/>
		<!--ⲉⲃⲟⲗ-->
		<mark id="sTok890" xlink:href="#xpointer(string-range(//body,'',3195,4))"/>
		<!--ⲛϩⲏⲧ-->
		<mark id="sTok891" xlink:href="#xpointer(string-range(//body,'',3200,4))"/>
		<!--ϫⲉ-->
		<mark id="sTok892" xlink:href="#xpointer(string-range(//body,'',3205,2))"/>
		<!--ⲁⲛⲅ-->
		<mark id="sTok893" xlink:href="#xpointer(string-range(//body,'',3208,3))"/>
		<!--ⲟⲩ-->
		<mark id="sTok894" xlink:href="#xpointer(string-range(//body,'',3212,2))"/>
		<!--ⲣⲙ-->
		<mark id="sTok895" xlink:href="#xpointer(string-range(//body,'',3215,2))"/>
		<!--ⲣⲁϣ-->
		<mark id="sTok896" xlink:href="#xpointer(string-range(//body,'',3218,3))"/>
		<!--ⲁⲩⲱ-->
		<mark id="sTok897" xlink:href="#xpointer(string-range(//body,'',3222,3))"/>
		<!--ϯ-->
		<mark id="sTok898" xlink:href="#xpointer(string-range(//body,'',3226,1))"/>
		<!--ⲑⲃⲃⲓⲏⲩ-->
		<mark id="sTok899" xlink:href="#xpointer(string-range(//body,'',3228,6))"/>
		<!--ϩⲙ-->
		<mark id="sTok900" xlink:href="#xpointer(string-range(//body,'',3235,2))"/>
		<!--ⲡⲁ-->
		<mark id="sTok901" xlink:href="#xpointer(string-range(//body,'',3238,2))"/>
		<!--ϩⲏⲧ-->
		<mark id="sTok902" xlink:href="#xpointer(string-range(//body,'',3241,3))"/>
		<!--.-->
		<mark id="sTok903" xlink:href="#xpointer(string-range(//body,'',3245,1))"/>
		<!--ⲧⲁⲣⲉ-->
		<mark id="sTok904" xlink:href="#xpointer(string-range(//body,'',3247,4))"/>
		<!--ⲧⲉⲧⲛ-->
		<mark id="sTok905" xlink:href="#xpointer(string-range(//body,'',3252,4))"/>
		<!--ϩⲉ-->
		<mark id="sTok906" xlink:href="#xpointer(string-range(//body,'',3257,2))"/>
		<!--ⲉ-->
		<mark id="sTok907" xlink:href="#xpointer(string-range(//body,'',3260,1))"/>
		<!--ⲩ-->
		<mark id="sTok908" xlink:href="#xpointer(string-range(//body,'',3262,1))"/>
		<!--ⲙⲧⲟⲛ-->
		<mark id="sTok909" xlink:href="#xpointer(string-range(//body,'',3264,4))"/>
		<!--ⲛ-->
		<mark id="sTok910" xlink:href="#xpointer(string-range(//body,'',3269,1))"/>
		<!--ⲛⲉ-->
		<mark id="sTok911" xlink:href="#xpointer(string-range(//body,'',3271,2))"/>
		<!--ⲯⲩⲭⲏ-->
		<mark id="sTok912" xlink:href="#xpointer(string-range(//body,'',3274,4))"/>
		<!--.-->
		<mark id="sTok913" xlink:href="#xpointer(string-range(//body,'',3279,1))"/>
		<!--ⲡⲁ-->
		<mark id="sTok914" xlink:href="#xpointer(string-range(//body,'',3281,2))"/>
		<!--ⲛⲁϩⲃ-->
		<mark id="sTok915" xlink:href="#xpointer(string-range(//body,'',3284,4))"/>
		<!--ⲅⲁⲣ-->
		<mark id="sTok916" xlink:href="#xpointer(string-range(//body,'',3289,3))"/>
		<!--ⲛⲁ-->
		<mark id="sTok917" xlink:href="#xpointer(string-range(//body,'',3293,2))"/>
		<!--ϩⲗⲱϭ-->
		<mark id="sTok918" xlink:href="#xpointer(string-range(//body,'',3296,4))"/>
		<!--ϥ-->
		<mark id="sTok919" xlink:href="#xpointer(string-range(//body,'',3301,1))"/>
		<!--ⲁⲩⲱ-->
		<mark id="sTok920" xlink:href="#xpointer(string-range(//body,'',3303,3))"/>
		<!--ⲥ-->
		<mark id="sTok921" xlink:href="#xpointer(string-range(//body,'',3307,1))"/>
		<!--ⲁⲥⲱⲟⲩ-->
		<mark id="sTok922" xlink:href="#xpointer(string-range(//body,'',3309,5))"/>
		<!--ⲛϭⲓ-->
		<mark id="sTok923" xlink:href="#xpointer(string-range(//body,'',3315,3))"/>
		<!--ⲧⲁ-->
		<mark id="sTok924" xlink:href="#xpointer(string-range(//body,'',3319,2))"/>
		<!--ⲉⲧⲡⲱ-->
		<mark id="sTok925" xlink:href="#xpointer(string-range(//body,'',3322,4))"/>
		<!--.-->
		<mark id="sTok926" xlink:href="#xpointer(string-range(//body,'',3327,1))"/></markList></paula>