<?xml version='1.0' encoding='UTF-8'?><!DOCTYPE paula SYSTEM "paula_feat.dtd">
<paula version="1.1">
	<header paula_id="scriptorium.40_Matthew_11.mark_morph"/>
	<featList xmlns:xlink="http://www.w3.org/1999/xlink" type="morph" xml:base="scriptorium.40_Matthew_11.mark.xml">
		<feat xlink:href="#sSpan17" value="ⲟⲩⲉϩ"/>
		<feat xlink:href="#sSpan19" value="ⲥⲁϩⲛⲉ"/>
		<feat xlink:href="#sSpan24" value="ⲙⲛⲧ"/>
		<feat xlink:href="#sSpan26" value="ⲥⲛⲟⲟⲩⲥ"/>
		<feat xlink:href="#sSpan49" value="ϯ"/>
		<feat xlink:href="#sSpan51" value="ⲥⲃⲱ"/>
		<feat xlink:href="#sSpan57" value="ⲧⲁϣⲉ"/>
		<feat xlink:href="#sSpan59" value="ⲟⲉⲓϣ"/>
		<feat xlink:href="#sSpan588" value="ⲙⲛⲧ"/>
		<feat xlink:href="#sSpan590" value="ⲣⲣⲟ"/>
		<feat xlink:href="#sSpan622" value="ⲙⲛⲧ"/>
		<feat xlink:href="#sSpan624" value="ⲣⲣⲟ"/>
		<feat xlink:href="#sSpan647" value="ⲣⲉϥ"/>
		<feat xlink:href="#sSpan649" value="ϫⲓ"/>
		<feat xlink:href="#sSpan650" value="ⲛ"/>
		<feat xlink:href="#sSpan651" value="ϭⲟⲛⲥ"/>
		<feat xlink:href="#sSpan813" value="ⲛⲉϩ"/>
		<feat xlink:href="#sSpan815" value="ⲡⲉ"/>
		<feat xlink:href="#sSpan897" value="ⲣⲉϥ"/>
		<feat xlink:href="#sSpan900" value="ⲟⲩⲱⲙ"/>
		<feat xlink:href="#sSpan906" value="ⲣⲉϥ"/>
		<feat xlink:href="#sSpan908" value="ⲥⲉⲏⲣⲡ"/>
		<feat xlink:href="#sSpan917" value="ⲣⲉϥ"/>
		<feat xlink:href="#sSpan920" value="ⲣ"/>
		<feat xlink:href="#sSpan921" value="ⲛⲟⲃⲉ"/>
		<feat xlink:href="#sSpan1333" value="ⲣ"/>
		<feat xlink:href="#sSpan1335" value="ⲁⲛⲁ"/>
		<feat xlink:href="#sSpan1362" value="ⲧⲏⲣ"/>
		<feat xlink:href="#sSpan1364" value="ϥ"/>
		<feat xlink:href="#sSpan1475" value="ϯ"/>
		<feat xlink:href="#sSpan1477" value="ⲙⲧⲟⲛ"/>
		<feat xlink:href="#sSpan1511" value="ⲣⲙ"/>
		<feat xlink:href="#sSpan1513" value="ⲣⲁϣ"/></featList></paula>