<?xml version='1.0' encoding='UTF-8'?><!DOCTYPE paula SYSTEM "paula_feat.dtd">
<paula version="1.1">
	<header paula_id="scriptorium.40_Matthew_11.mark_pos"/>
	<featList xmlns:xlink="http://www.w3.org/1999/xlink" type="pos" xml:base="scriptorium.40_Matthew_11.mark.xml">
		<feat xlink:href="#sSpan1" value="APST"/>
		<feat xlink:href="#sSpan4" value="PPERS"/>
		<feat xlink:href="#sSpan5" value="V"/>
		<feat xlink:href="#sSpan6" value="PTC"/>
		<feat xlink:href="#sSpan8" value="APREC"/>
		<feat xlink:href="#sSpan10" value="NPROP"/>
		<feat xlink:href="#sSpan12" value="V"/>
		<feat xlink:href="#sSpan14" value="CCIRC"/>
		<feat xlink:href="#sSpan16" value="PPERS"/>
		<feat xlink:href="#sSpan18" value="V"/>
		<feat xlink:href="#sSpan20" value="PREP"/>
		<feat xlink:href="#sSpan22" value="PPOS"/>
		<feat xlink:href="#sSpan25" value="NUM"/>
		<feat xlink:href="#sSpan27" value="PREP"/>
		<feat xlink:href="#sSpan29" value="N"/>
		<feat xlink:href="#sSpan31" value="APST"/>
		<feat xlink:href="#sSpan33" value="PPERS"/>
		<feat xlink:href="#sSpan34" value="V"/>
		<feat xlink:href="#sSpan36" value="ADV"/>
		<feat xlink:href="#sSpan38" value="PREP"/>
		<feat xlink:href="#sSpan40" value="ART"/>
		<feat xlink:href="#sSpan42" value="N"/>
		<feat xlink:href="#sSpan43" value="CREL"/>
		<feat xlink:href="#sSpan45" value="ADV"/>
		<feat xlink:href="#sSpan46" value="CCIRC"/>
		<feat xlink:href="#sSpan48" value="PPERS"/>
		<feat xlink:href="#sSpan50" value="V"/>
		<feat xlink:href="#sSpan52" value="CONJ"/>
		<feat xlink:href="#sSpan54" value="CFOC"/>
		<feat xlink:href="#sSpan56" value="PPERS"/>
		<feat xlink:href="#sSpan58" value="V"/>
		<feat xlink:href="#sSpan60" value="ADV"/>
		<feat xlink:href="#sSpan63" value="PREP"/>
		<feat xlink:href="#sSpan65" value="PPOS"/>
		<feat xlink:href="#sSpan67" value="N"/>
		<feat xlink:href="#sSpan68" value="PUNCT"/>
		<feat xlink:href="#sSpan70" value="APREC"/>
		<feat xlink:href="#sSpan73" value="PPERS"/>
		<feat xlink:href="#sSpan74" value="V"/>
		<feat xlink:href="#sSpan75" value="PTC"/>
		<feat xlink:href="#sSpan77" value="PTC"/>
		<feat xlink:href="#sSpan79" value="NPROP"/>
		<feat xlink:href="#sSpan81" value="ADV"/>
		<feat xlink:href="#sSpan84" value="PREP"/>
		<feat xlink:href="#sSpan86" value="ART"/>
		<feat xlink:href="#sSpan88" value="N"/>
		<feat xlink:href="#sSpan89" value="PREP"/>
		<feat xlink:href="#sSpan91" value="ART"/>
		<feat xlink:href="#sSpan93" value="N"/>
		<feat xlink:href="#sSpan94" value="PREP"/>
		<feat xlink:href="#sSpan96" value="ART"/>
		<feat xlink:href="#sSpan98" value="N"/>
		<feat xlink:href="#sSpan99" value="APST"/>
		<feat xlink:href="#sSpan101" value="PPERS"/>
		<feat xlink:href="#sSpan102" value="V"/>
		<feat xlink:href="#sSpan103" value="ADV"/>
		<feat xlink:href="#sSpan106" value="PREP"/>
		<feat xlink:href="#sSpan108" value="PPERO"/>
		<feat xlink:href="#sSpan109" value="PREP"/>
		<feat xlink:href="#sSpan111" value="PPOS"/>
		<feat xlink:href="#sSpan113" value="N"/>
		<feat xlink:href="#sSpan114" value="PUNCT"/>
		<feat xlink:href="#sSpan116" value="VBD"/>
		<feat xlink:href="#sSpan119" value="PPERS"/>
		<feat xlink:href="#sSpan120" value="PREP"/>
		<feat xlink:href="#sSpan122" value="PPERO"/>
		<feat xlink:href="#sSpan123" value="CONJ"/>
		<feat xlink:href="#sSpan125" value="PPERI"/>
		<feat xlink:href="#sSpan126" value="COP"/>
		<feat xlink:href="#sSpan128" value="CREL"/>
		<feat xlink:href="#sSpan129" value="VSTAT"/>
		<feat xlink:href="#sSpan130" value="CONJ"/>
		<feat xlink:href="#sSpan132" value="AFUTCONJ"/>
		<feat xlink:href="#sSpan133" value="PPERS"/>
		<feat xlink:href="#sSpan134" value="V"/>
		<feat xlink:href="#sSpan135" value="N"/>
		<feat xlink:href="#sSpan137" value="PPERO"/>
		<feat xlink:href="#sSpan138" value="PREP"/>
		<feat xlink:href="#sSpan140" value="ART"/>
		<feat xlink:href="#sSpan142" value="NUM"/>
		<feat xlink:href="#sSpan143" value="PUNCT"/>
		<feat xlink:href="#sSpan145" value="APST"/>
		<feat xlink:href="#sSpan148" value="PPERS"/>
		<feat xlink:href="#sSpan149" value="V"/>
		<feat xlink:href="#sSpan150" value="PTC"/>
		<feat xlink:href="#sSpan152" value="PTC"/>
		<feat xlink:href="#sSpan154" value="NPROP"/>
		<feat xlink:href="#sSpan156" value="VBD"/>
		<feat xlink:href="#sSpan158" value="PPERS"/>
		<feat xlink:href="#sSpan159" value="PREP"/>
		<feat xlink:href="#sSpan161" value="PPERO"/>
		<feat xlink:href="#sSpan162" value="CONJ"/>
		<feat xlink:href="#sSpan164" value="V"/>
		<feat xlink:href="#sSpan165" value="ACONJ"/>
		<feat xlink:href="#sSpan167" value="PPERS"/>
		<feat xlink:href="#sSpan168" value="V"/>
		<feat xlink:href="#sSpan169" value="PREP"/>
		<feat xlink:href="#sSpan171" value="NPROP"/>
		<feat xlink:href="#sSpan173" value="ANEGOPT"/>
		<feat xlink:href="#sSpan175" value="PPERS"/>
		<feat xlink:href="#sSpan176" value="V"/>
		<feat xlink:href="#sSpan177" value="PREP"/>
		<feat xlink:href="#sSpan179" value="PPERO"/>
		<feat xlink:href="#sSpan180" value="PREP"/>
		<feat xlink:href="#sSpan182" value="ART"/>
		<feat xlink:href="#sSpan184" value="N"/>
		<feat xlink:href="#sSpan185" value="V"/>
		<feat xlink:href="#sSpan186" value="PREP"/>
		<feat xlink:href="#sSpan188" value="PPERO"/>
		<feat xlink:href="#sSpan189" value="PUNCT"/>
		<feat xlink:href="#sSpan191" value="CONJ"/>
		<feat xlink:href="#sSpan194" value="ART"/>
		<feat xlink:href="#sSpan196" value="N"/>
		<feat xlink:href="#sSpan197" value="PREP"/>
		<feat xlink:href="#sSpan199" value="PPERO"/>
		<feat xlink:href="#sSpan200" value="ADV"/>
		<feat xlink:href="#sSpan202" value="PREP"/>
		<feat xlink:href="#sSpan204" value="N"/>
		<feat xlink:href="#sSpan206" value="V"/>
		<feat xlink:href="#sSpan208" value="ART"/>
		<feat xlink:href="#sSpan211" value="CREL"/>
		<feat xlink:href="#sSpan212" value="VSTAT"/>
		<feat xlink:href="#sSpan213" value="V"/>
		<feat xlink:href="#sSpan215" value="PREP"/>
		<feat xlink:href="#sSpan217" value="N"/>
		<feat xlink:href="#sSpan219" value="V"/>
		<feat xlink:href="#sSpan221" value="ART"/>
		<feat xlink:href="#sSpan224" value="N"/>
		<feat xlink:href="#sSpan225" value="V"/>
		<feat xlink:href="#sSpan227" value="ART"/>
		<feat xlink:href="#sSpan230" value="CREL"/>
		<feat xlink:href="#sSpan231" value="VSTAT"/>
		<feat xlink:href="#sSpan232" value="V"/>
		<feat xlink:href="#sSpan234" value="PREP"/>
		<feat xlink:href="#sSpan236" value="N"/>
		<feat xlink:href="#sSpan238" value="PPERS"/>
		<feat xlink:href="#sSpan240" value="V"/>
		<feat xlink:href="#sSpan241" value="PREP"/>
		<feat xlink:href="#sSpan243" value="PPERO"/>
		<feat xlink:href="#sSpan244" value="PUNCT"/>
		<feat xlink:href="#sSpan246" value="CONJ"/>
		<feat xlink:href="#sSpan249" value="VBD"/>
		<feat xlink:href="#sSpan251" value="PPERS"/>
		<feat xlink:href="#sSpan252" value="PREP"/>
		<feat xlink:href="#sSpan254" value="ART"/>
		<feat xlink:href="#sSpan256" value="CREL"/>
		<feat xlink:href="#sSpan257" value="NEG"/>
		<feat xlink:href="#sSpan259" value="PPERS"/>
		<feat xlink:href="#sSpan260" value="FUT"/>
		<feat xlink:href="#sSpan261" value="V"/>
		<feat xlink:href="#sSpan262" value="NEG"/>
		<feat xlink:href="#sSpan264" value="ADV"/>
		<feat xlink:href="#sSpan266" value="PREP"/>
		<feat xlink:href="#sSpan268" value="N"/>
		<feat xlink:href="#sSpan270" value="PUNCT"/>
		<feat xlink:href="#sSpan272" value="APREC"/>
		<feat xlink:href="#sSpan275" value="PDEM"/>
		<feat xlink:href="#sSpan277" value="PTC"/>
		<feat xlink:href="#sSpan279" value="V"/>
		<feat xlink:href="#sSpan281" value="APST"/>
		<feat xlink:href="#sSpan283" value="PPERS"/>
		<feat xlink:href="#sSpan284" value="V"/>
		<feat xlink:href="#sSpan285" value="PTC"/>
		<feat xlink:href="#sSpan287" value="NPROP"/>
		<feat xlink:href="#sSpan289" value="PREP"/>
		<feat xlink:href="#sSpan291" value="V"/>
		<feat xlink:href="#sSpan292" value="PPERO"/>
		<feat xlink:href="#sSpan293" value="PREP"/>
		<feat xlink:href="#sSpan295" value="ART"/>
		<feat xlink:href="#sSpan297" value="N"/>
		<feat xlink:href="#sSpan298" value="PREP"/>
		<feat xlink:href="#sSpan300" value="NPROP"/>
		<feat xlink:href="#sSpan302" value="PUNCT"/>
		<feat xlink:href="#sSpan304" value="CONJ"/>
		<feat xlink:href="#sSpan306" value="CFOC"/>
		<feat xlink:href="#sSpan307" value="APST"/>
		<feat xlink:href="#sSpan308" value="PPERS"/>
		<feat xlink:href="#sSpan309" value="V"/>
		<feat xlink:href="#sSpan311" value="ADV"/>
		<feat xlink:href="#sSpan313" value="PREP"/>
		<feat xlink:href="#sSpan315" value="ART"/>
		<feat xlink:href="#sSpan317" value="N"/>
		<feat xlink:href="#sSpan318" value="PREP"/>
		<feat xlink:href="#sSpan320" value="V"/>
		<feat xlink:href="#sSpan321" value="PREP"/>
		<feat xlink:href="#sSpan323" value="PINT"/>
		<feat xlink:href="#sSpan324" value="PUNCT"/>
		<feat xlink:href="#sSpan326" value="CCIRC"/>
		<feat xlink:href="#sSpan328" value="PPERS"/>
		<feat xlink:href="#sSpan329" value="V"/>
		<feat xlink:href="#sSpan330" value="CCIRC"/>
		<feat xlink:href="#sSpan332" value="ART"/>
		<feat xlink:href="#sSpan334" value="N"/>
		<feat xlink:href="#sSpan335" value="V"/>
		<feat xlink:href="#sSpan337" value="PREP"/>
		<feat xlink:href="#sSpan339" value="PPERO"/>
		<feat xlink:href="#sSpan340" value="PUNCT"/>
		<feat xlink:href="#sSpan342" value="CONJ"/>
		<feat xlink:href="#sSpan345" value="CFOC"/>
		<feat xlink:href="#sSpan347" value="APST"/>
		<feat xlink:href="#sSpan348" value="PPERS"/>
		<feat xlink:href="#sSpan349" value="V"/>
		<feat xlink:href="#sSpan351" value="ADV"/>
		<feat xlink:href="#sSpan353" value="PREP"/>
		<feat xlink:href="#sSpan355" value="V"/>
		<feat xlink:href="#sSpan356" value="PREP"/>
		<feat xlink:href="#sSpan358" value="PINT"/>
		<feat xlink:href="#sSpan359" value="PUNCT"/>
		<feat xlink:href="#sSpan361" value="PREP"/>
		<feat xlink:href="#sSpan363" value="ART"/>
		<feat xlink:href="#sSpan365" value="N"/>
		<feat xlink:href="#sSpan366" value="CCIRC"/>
		<feat xlink:href="#sSpan368" value="ART"/>
		<feat xlink:href="#sSpan370" value="N"/>
		<feat xlink:href="#sSpan371" value="PREP"/>
		<feat xlink:href="#sSpan373" value="ART"/>
		<feat xlink:href="#sSpan375" value="N"/>
		<feat xlink:href="#sSpan376" value="VSTAT"/>
		<feat xlink:href="#sSpan379" value="PREP"/>
		<feat xlink:href="#sSpan381" value="PPERO"/>
		<feat xlink:href="#sSpan382" value="PUNCT"/>
		<feat xlink:href="#sSpan384" value="PTC"/>
		<feat xlink:href="#sSpan387" value="PTC"/>
		<feat xlink:href="#sSpan389" value="ART"/>
		<feat xlink:href="#sSpan392" value="CREL"/>
		<feat xlink:href="#sSpan393" value="V"/>
		<feat xlink:href="#sSpan394" value="PREP"/>
		<feat xlink:href="#sSpan396" value="ART"/>
		<feat xlink:href="#sSpan398" value="N"/>
		<feat xlink:href="#sSpan399" value="CCIRC"/>
		<feat xlink:href="#sSpan401" value="PPERS"/>
		<feat xlink:href="#sSpan402" value="V"/>
		<feat xlink:href="#sSpan403" value="PPERO"/>
		<feat xlink:href="#sSpan405" value="PREP"/>
		<feat xlink:href="#sSpan406" value="PPERO"/>
		<feat xlink:href="#sSpan407" value="PREP"/>
		<feat xlink:href="#sSpan409" value="ART"/>
		<feat xlink:href="#sSpan411" value="N"/>
		<feat xlink:href="#sSpan412" value="PUNCT"/>
		<feat xlink:href="#sSpan414" value="CONJ"/>
		<feat xlink:href="#sSpan417" value="CFOC"/>
		<feat xlink:href="#sSpan419" value="APST"/>
		<feat xlink:href="#sSpan420" value="PPERS"/>
		<feat xlink:href="#sSpan421" value="V"/>
		<feat xlink:href="#sSpan423" value="ADV"/>
		<feat xlink:href="#sSpan425" value="PREP"/>
		<feat xlink:href="#sSpan427" value="V"/>
		<feat xlink:href="#sSpan428" value="PREP"/>
		<feat xlink:href="#sSpan430" value="PPERO"/>
		<feat xlink:href="#sSpan431" value="PREP"/>
		<feat xlink:href="#sSpan432" value="ART"/>
		<feat xlink:href="#sSpan434" value="N"/>
		<feat xlink:href="#sSpan435" value="PREP"/>
		<feat xlink:href="#sSpan437" value="N"/>
		<feat xlink:href="#sSpan438" value="PPERS"/>
		<feat xlink:href="#sSpan440" value="V"/>
		<feat xlink:href="#sSpan441" value="PREP"/>
		<feat xlink:href="#sSpan443" value="PPERO"/>
		<feat xlink:href="#sSpan444" value="PREP"/>
		<feat xlink:href="#sSpan446" value="PPERO"/>
		<feat xlink:href="#sSpan447" value="CONJ"/>
		<feat xlink:href="#sSpan449" value="ART"/>
		<feat xlink:href="#sSpan451" value="N"/>
		<feat xlink:href="#sSpan452" value="N"/>
		<feat xlink:href="#sSpan454" value="COP"/>
		<feat xlink:href="#sSpan456" value="PUNCT"/>
		<feat xlink:href="#sSpan458" value="PDEM"/>
		<feat xlink:href="#sSpan462" value="PTC"/>
		<feat xlink:href="#sSpan464" value="COP"/>
		<feat xlink:href="#sSpan466" value="CREL"/>
		<feat xlink:href="#sSpan467" value="VSTAT"/>
		<feat xlink:href="#sSpan468" value="PREP"/>
		<feat xlink:href="#sSpan470" value="PPERO"/>
		<feat xlink:href="#sSpan471" value="PUNCT"/>
		<feat xlink:href="#sSpan473" value="CONJ"/>
		<feat xlink:href="#sSpan475" value="PTC"/>
		<feat xlink:href="#sSpan477" value="PTC"/>
		<feat xlink:href="#sSpan478" value="PPERI"/>
		<feat xlink:href="#sSpan480" value="PPERS"/>
		<feat xlink:href="#sSpan482" value="FUT"/>
		<feat xlink:href="#sSpan483" value="V"/>
		<feat xlink:href="#sSpan484" value="PREP"/>
		<feat xlink:href="#sSpan486" value="PPOS"/>
		<feat xlink:href="#sSpan488" value="N"/>
		<feat xlink:href="#sSpan489" value="PREP"/>
		<feat xlink:href="#sSpan491" value="PPOS"/>
		<feat xlink:href="#sSpan493" value="N"/>
		<feat xlink:href="#sSpan494" value="PUNCT"/>
		<feat xlink:href="#sSpan496" value="PDEM"/>
		<feat xlink:href="#sSpan499" value="CREL"/>
		<feat xlink:href="#sSpan501" value="FUT"/>
		<feat xlink:href="#sSpan502" value="V"/>
		<feat xlink:href="#sSpan503" value="PREP"/>
		<feat xlink:href="#sSpan505" value="PPOS"/>
		<feat xlink:href="#sSpan507" value="N"/>
		<feat xlink:href="#sSpan508" value="PREP"/>
		<feat xlink:href="#sSpan510" value="ART"/>
		<feat xlink:href="#sSpan512" value="N"/>
		<feat xlink:href="#sSpan513" value="ADV"/>
		<feat xlink:href="#sSpan515" value="PUNCT"/>
		<feat xlink:href="#sSpan517" value="PTC"/>
		<feat xlink:href="#sSpan520" value="PPERS"/>
		<feat xlink:href="#sSpan522" value="V"/>
		<feat xlink:href="#sSpan523" value="PREP"/>
		<feat xlink:href="#sSpan525" value="PPERO"/>
		<feat xlink:href="#sSpan526" value="PREP"/>
		<feat xlink:href="#sSpan528" value="PPERO"/>
		<feat xlink:href="#sSpan529" value="PUNCT"/>
		<feat xlink:href="#sSpan531" value="CONJ"/>
		<feat xlink:href="#sSpan533" value="PREP"/>
		<feat xlink:href="#sSpan534" value="PPOS"/>
		<feat xlink:href="#sSpan536" value="N"/>
		<feat xlink:href="#sSpan537" value="PREP"/>
		<feat xlink:href="#sSpan539" value="ART"/>
		<feat xlink:href="#sSpan541" value="N"/>
		<feat xlink:href="#sSpan542" value="PREP"/>
		<feat xlink:href="#sSpan544" value="ART"/>
		<feat xlink:href="#sSpan546" value="N"/>
		<feat xlink:href="#sSpan547" value="PTC"/>
		<feat xlink:href="#sSpan549" value="ART"/>
		<feat xlink:href="#sSpan551" value="CREL"/>
		<feat xlink:href="#sSpan552" value="VSTAT"/>
		<feat xlink:href="#sSpan554" value="PREP"/>
		<feat xlink:href="#sSpan556" value="N"/>
		<feat xlink:href="#sSpan558" value="PREP"/>
		<feat xlink:href="#sSpan560" value="NPROP"/>
		<feat xlink:href="#sSpan561" value="ART"/>
		<feat xlink:href="#sSpan563" value="N"/>
		<feat xlink:href="#sSpan564" value="PUNCT"/>
		<feat xlink:href="#sSpan566" value="ART"/>
		<feat xlink:href="#sSpan569" value="N"/>
		<feat xlink:href="#sSpan570" value="PTC"/>
		<feat xlink:href="#sSpan572" value="PREP"/>
		<feat xlink:href="#sSpan574" value="PPERO"/>
		<feat xlink:href="#sSpan575" value="ART"/>
		<feat xlink:href="#sSpan578" value="N"/>
		<feat xlink:href="#sSpan579" value="PREP"/>
		<feat xlink:href="#sSpan581" value="PPERO"/>
		<feat xlink:href="#sSpan582" value="COP"/>
		<feat xlink:href="#sSpan584" value="PREP"/>
		<feat xlink:href="#sSpan586" value="ART"/>
		<feat xlink:href="#sSpan589" value="N"/>
		<feat xlink:href="#sSpan591" value="PREP"/>
		<feat xlink:href="#sSpan593" value="ART"/>
		<feat xlink:href="#sSpan595" value="N"/>
		<feat xlink:href="#sSpan596" value="PUNCT"/>
		<feat xlink:href="#sSpan598" value="PREP"/>
		<feat xlink:href="#sSpan601" value="ART"/>
		<feat xlink:href="#sSpan603" value="N"/>
		<feat xlink:href="#sSpan604" value="PTC"/>
		<feat xlink:href="#sSpan606" value="PREP"/>
		<feat xlink:href="#sSpan608" value="NPROP"/>
		<feat xlink:href="#sSpan610" value="ART"/>
		<feat xlink:href="#sSpan612" value="N"/>
		<feat xlink:href="#sSpan613" value="V"/>
		<feat xlink:href="#sSpan615" value="ADV"/>
		<feat xlink:href="#sSpan616" value="PREP"/>
		<feat xlink:href="#sSpan618" value="ADV"/>
		<feat xlink:href="#sSpan619" value="ART"/>
		<feat xlink:href="#sSpan623" value="N"/>
		<feat xlink:href="#sSpan625" value="PREP"/>
		<feat xlink:href="#sSpan627" value="ART"/>
		<feat xlink:href="#sSpan629" value="N"/>
		<feat xlink:href="#sSpan630" value="PPERS"/>
		<feat xlink:href="#sSpan632" value="V"/>
		<feat xlink:href="#sSpan633" value="PREP"/>
		<feat xlink:href="#sSpan635" value="PPERO"/>
		<feat xlink:href="#sSpan636" value="PREP"/>
		<feat xlink:href="#sSpan638" value="N"/>
		<feat xlink:href="#sSpan640" value="PUNCT"/>
		<feat xlink:href="#sSpan642" value="CONJ"/>
		<feat xlink:href="#sSpan644" value="ART"/>
		<feat xlink:href="#sSpan648" value="N"/>
		<feat xlink:href="#sSpan652" value="V"/>
		<feat xlink:href="#sSpan654" value="PREP"/>
		<feat xlink:href="#sSpan656" value="PPERO"/>
		<feat xlink:href="#sSpan657" value="PUNCT"/>
		<feat xlink:href="#sSpan659" value="ART"/>
		<feat xlink:href="#sSpan663" value="N"/>
		<feat xlink:href="#sSpan664" value="PTC"/>
		<feat xlink:href="#sSpan666" value="IMOD"/>
		<feat xlink:href="#sSpan668" value="PPERO"/>
		<feat xlink:href="#sSpan669" value="CONJ"/>
		<feat xlink:href="#sSpan671" value="ART"/>
		<feat xlink:href="#sSpan674" value="N"/>
		<feat xlink:href="#sSpan675" value="CREL"/>
		<feat xlink:href="#sSpan677" value="APST"/>
		<feat xlink:href="#sSpan678" value="PPERS"/>
		<feat xlink:href="#sSpan679" value="V"/>
		<feat xlink:href="#sSpan680" value="PREP"/>
		<feat xlink:href="#sSpan682" value="NPROP"/>
		<feat xlink:href="#sSpan684" value="PUNCT"/>
		<feat xlink:href="#sSpan686" value="CONJ"/>
		<feat xlink:href="#sSpan689" value="CONJ"/>
		<feat xlink:href="#sSpan691" value="PPERS"/>
		<feat xlink:href="#sSpan693" value="V"/>
		<feat xlink:href="#sSpan694" value="V"/>
		<feat xlink:href="#sSpan695" value="PPERO"/>
		<feat xlink:href="#sSpan696" value="PPERI"/>
		<feat xlink:href="#sSpan698" value="COP"/>
		<feat xlink:href="#sSpan700" value="NPROP"/>
		<feat xlink:href="#sSpan703" value="ART"/>
		<feat xlink:href="#sSpan705" value="CREL"/>
		<feat xlink:href="#sSpan706" value="VSTAT"/>
		<feat xlink:href="#sSpan707" value="PUNCT"/>
		<feat xlink:href="#sSpan709" value="ART"/>
		<feat xlink:href="#sSpan713" value="CREL"/>
		<feat xlink:href="#sSpan714" value="EXIST"/>
		<feat xlink:href="#sSpan715" value="PPERO"/>
		<feat xlink:href="#sSpan716" value="N"/>
		<feat xlink:href="#sSpan718" value="ADV"/>
		<feat xlink:href="#sSpan720" value="PREP"/>
		<feat xlink:href="#sSpan722" value="V"/>
		<feat xlink:href="#sSpan723" value="AJUS"/>
		<feat xlink:href="#sSpan725" value="PPERS"/>
		<feat xlink:href="#sSpan726" value="V"/>
		<feat xlink:href="#sSpan727" value="PUNCT"/>
		<feat xlink:href="#sSpan729" value="PDEM"/>
		<feat xlink:href="#sSpan733" value="N"/>
		<feat xlink:href="#sSpan734" value="PTC"/>
		<feat xlink:href="#sSpan736" value="CCIRC"/>
		<feat xlink:href="#sSpan738" value="PPERS"/>
		<feat xlink:href="#sSpan739" value="FUT"/>
		<feat xlink:href="#sSpan740" value="V"/>
		<feat xlink:href="#sSpan741" value="PPERO"/>
		<feat xlink:href="#sSpan742" value="PREP"/>
		<feat xlink:href="#sSpan744" value="PINT"/>
		<feat xlink:href="#sSpan745" value="PUNCT"/>
		<feat xlink:href="#sSpan747" value="CCIRC"/>
		<feat xlink:href="#sSpan749" value="PPERS"/>
		<feat xlink:href="#sSpan750" value="VSTAT"/>
		<feat xlink:href="#sSpan751" value="PREP"/>
		<feat xlink:href="#sSpan753" value="ART"/>
		<feat xlink:href="#sSpan755" value="N"/>
		<feat xlink:href="#sSpan757" value="N"/>
		<feat xlink:href="#sSpan759" value="CCIRC"/>
		<feat xlink:href="#sSpan761" value="PPERS"/>
		<feat xlink:href="#sSpan762" value="V"/>
		<feat xlink:href="#sSpan763" value="PREP"/>
		<feat xlink:href="#sSpan765" value="ART"/>
		<feat xlink:href="#sSpan767" value="N"/>
		<feat xlink:href="#sSpan768" value="PUNCT"/>
		<feat xlink:href="#sSpan770" value="PDEM"/>
		<feat xlink:href="#sSpan773" value="PREP"/>
		<feat xlink:href="#sSpan775" value="ART"/>
		<feat xlink:href="#sSpan777" value="N"/>
		<feat xlink:href="#sSpan778" value="PREP"/>
		<feat xlink:href="#sSpan780" value="PPOS"/>
		<feat xlink:href="#sSpan782" value="N"/>
		<feat xlink:href="#sSpan783" value="CCIRC"/>
		<feat xlink:href="#sSpan786" value="PPERS"/>
		<feat xlink:href="#sSpan787" value="V"/>
		<feat xlink:href="#sSpan788" value="PREP"/>
		<feat xlink:href="#sSpan790" value="PPERO"/>
		<feat xlink:href="#sSpan791" value="CONJ"/>
		<feat xlink:href="#sSpan793" value="APST"/>
		<feat xlink:href="#sSpan794" value="PPERS"/>
		<feat xlink:href="#sSpan795" value="V"/>
		<feat xlink:href="#sSpan796" value="PREP"/>
		<feat xlink:href="#sSpan798" value="PPERO"/>
		<feat xlink:href="#sSpan799" value="PREP"/>
		<feat xlink:href="#sSpan801" value="PPOS"/>
		<feat xlink:href="#sSpan803" value="N"/>
		<feat xlink:href="#sSpan804" value="PUNCT"/>
		<feat xlink:href="#sSpan806" value="APST"/>
		<feat xlink:href="#sSpan808" value="PPERS"/>
		<feat xlink:href="#sSpan809" value="V"/>
		<feat xlink:href="#sSpan810" value="ANEGPST"/>
		<feat xlink:href="#sSpan812" value="PPERS"/>
		<feat xlink:href="#sSpan814" value="V"/>
		<feat xlink:href="#sSpan816" value="PUNCT"/>
		<feat xlink:href="#sSpan818" value="APST"/>
		<feat xlink:href="#sSpan821" value="PPERS"/>
		<feat xlink:href="#sSpan822" value="V"/>
		<feat xlink:href="#sSpan823" value="PTC"/>
		<feat xlink:href="#sSpan825" value="PTC"/>
		<feat xlink:href="#sSpan827" value="NPROP"/>
		<feat xlink:href="#sSpan829" value="CCIRC"/>
		<feat xlink:href="#sSpan831" value="NEG"/>
		<feat xlink:href="#sSpan832" value="PPERS"/>
		<feat xlink:href="#sSpan833" value="V"/>
		<feat xlink:href="#sSpan834" value="NEG"/>
		<feat xlink:href="#sSpan836" value="CONJ"/>
		<feat xlink:href="#sSpan838" value="ACONJ"/>
		<feat xlink:href="#sSpan840" value="PPERS"/>
		<feat xlink:href="#sSpan841" value="V"/>
		<feat xlink:href="#sSpan842" value="NEG"/>
		<feat xlink:href="#sSpan844" value="PUNCT"/>
		<feat xlink:href="#sSpan846" value="VBD"/>
		<feat xlink:href="#sSpan848" value="PPERS"/>
		<feat xlink:href="#sSpan849" value="CONJ"/>
		<feat xlink:href="#sSpan851" value="EXIST"/>
		<feat xlink:href="#sSpan852" value="ART"/>
		<feat xlink:href="#sSpan854" value="N"/>
		<feat xlink:href="#sSpan855" value="PREP"/>
		<feat xlink:href="#sSpan857" value="PPERO"/>
		<feat xlink:href="#sSpan858" value="PUNCT"/>
		<feat xlink:href="#sSpan860" value="APST"/>
		<feat xlink:href="#sSpan863" value="PPERS"/>
		<feat xlink:href="#sSpan864" value="V"/>
		<feat xlink:href="#sSpan865" value="PTC"/>
		<feat xlink:href="#sSpan867" value="ART"/>
		<feat xlink:href="#sSpan869" value="N"/>
		<feat xlink:href="#sSpan870" value="PREP"/>
		<feat xlink:href="#sSpan872" value="ART"/>
		<feat xlink:href="#sSpan873" value="N"/>
		<feat xlink:href="#sSpan874" value="CCIRC"/>
		<feat xlink:href="#sSpan876" value="PPERS"/>
		<feat xlink:href="#sSpan877" value="V"/>
		<feat xlink:href="#sSpan878" value="CONJ"/>
		<feat xlink:href="#sSpan880" value="CFOC"/>
		<feat xlink:href="#sSpan882" value="PPERS"/>
		<feat xlink:href="#sSpan883" value="V"/>
		<feat xlink:href="#sSpan884" value="PUNCT"/>
		<feat xlink:href="#sSpan886" value="VBD"/>
		<feat xlink:href="#sSpan888" value="PPERS"/>
		<feat xlink:href="#sSpan889" value="CONJ"/>
		<feat xlink:href="#sSpan891" value="PTC"/>
		<feat xlink:href="#sSpan892" value="ART"/>
		<feat xlink:href="#sSpan894" value="N"/>
		<feat xlink:href="#sSpan895" value="PREP"/>
		<feat xlink:href="#sSpan898" value="N"/>
		<feat xlink:href="#sSpan901" value="CONJ"/>
		<feat xlink:href="#sSpan903" value="ART"/>
		<feat xlink:href="#sSpan907" value="N"/>
		<feat xlink:href="#sSpan909" value="PREP"/>
		<feat xlink:href="#sSpan911" value="N"/>
		<feat xlink:href="#sSpan913" value="N"/>
		<feat xlink:href="#sSpan915" value="PREP"/>
		<feat xlink:href="#sSpan918" value="N"/>
		<feat xlink:href="#sSpan922" value="PUNCT"/>
		<feat xlink:href="#sSpan924" value="CONJ"/>
		<feat xlink:href="#sSpan926" value="APST"/>
		<feat xlink:href="#sSpan928" value="PPERS"/>
		<feat xlink:href="#sSpan929" value="V"/>
		<feat xlink:href="#sSpan930" value="PTC"/>
		<feat xlink:href="#sSpan932" value="ART"/>
		<feat xlink:href="#sSpan934" value="N"/>
		<feat xlink:href="#sSpan935" value="ADV"/>
		<feat xlink:href="#sSpan938" value="PREP"/>
		<feat xlink:href="#sSpan940" value="PPOS"/>
		<feat xlink:href="#sSpan942" value="N"/>
		<feat xlink:href="#sSpan943" value="PUNCT"/>
		<feat xlink:href="#sSpan945" value="ADV"/>
		<feat xlink:href="#sSpan948" value="APST"/>
		<feat xlink:href="#sSpan950" value="PPERS"/>
		<feat xlink:href="#sSpan951" value="V"/>
		<feat xlink:href="#sSpan952" value="PTC"/>
		<feat xlink:href="#sSpan954" value="NPROP"/>
		<feat xlink:href="#sSpan956" value="PREP"/>
		<feat xlink:href="#sSpan958" value="N"/>
		<feat xlink:href="#sSpan960" value="PREP"/>
		<feat xlink:href="#sSpan962" value="ART"/>
		<feat xlink:href="#sSpan964" value="N"/>
		<feat xlink:href="#sSpan965" value="PUNCT"/>
		<feat xlink:href="#sSpan967" value="PDEM"/>
		<feat xlink:href="#sSpan969" value="CREL"/>
		<feat xlink:href="#sSpan971" value="APST"/>
		<feat xlink:href="#sSpan972" value="ART"/>
		<feat xlink:href="#sSpan973" value="N"/>
		<feat xlink:href="#sSpan974" value="PREP"/>
		<feat xlink:href="#sSpan976" value="PPOS"/>
		<feat xlink:href="#sSpan978" value="N"/>
		<feat xlink:href="#sSpan979" value="V"/>
		<feat xlink:href="#sSpan981" value="ADV"/>
		<feat xlink:href="#sSpan984" value="PREP"/>
		<feat xlink:href="#sSpan986" value="PPERO"/>
		<feat xlink:href="#sSpan987" value="CONJ"/>
		<feat xlink:href="#sSpan989" value="ANEGPST"/>
		<feat xlink:href="#sSpan990" value="PPERS"/>
		<feat xlink:href="#sSpan991" value="V"/>
		<feat xlink:href="#sSpan992" value="PUNCT"/>
		<feat xlink:href="#sSpan994" value="CONJ"/>
		<feat xlink:href="#sSpan997" value="PTC"/>
		<feat xlink:href="#sSpan998" value="PUNCT"/>
		<feat xlink:href="#sSpan1000" value="PUNCT"/>
		<feat xlink:href="#sSpan1002" value="N"/>
		<feat xlink:href="#sSpan1004" value="NPROP"/>
		<feat xlink:href="#sSpan1006" value="PUNCT"/>
		<feat xlink:href="#sSpan1008" value="CONJ"/>
		<feat xlink:href="#sSpan1010" value="CONJ"/>
		<feat xlink:href="#sSpan1011" value="CFOC"/>
		<feat xlink:href="#sSpan1012" value="APST"/>
		<feat xlink:href="#sSpan1013" value="ART"/>
		<feat xlink:href="#sSpan1015" value="N"/>
		<feat xlink:href="#sSpan1016" value="CREL"/>
		<feat xlink:href="#sSpan1018" value="APST"/>
		<feat xlink:href="#sSpan1019" value="PPERS"/>
		<feat xlink:href="#sSpan1020" value="V"/>
		<feat xlink:href="#sSpan1021" value="PREP"/>
		<feat xlink:href="#sSpan1023" value="PPERO"/>
		<feat xlink:href="#sSpan1024" value="V"/>
		<feat xlink:href="#sSpan1026" value="PREP"/>
		<feat xlink:href="#sSpan1028" value="NPROP"/>
		<feat xlink:href="#sSpan1030" value="PREP"/>
		<feat xlink:href="#sSpan1032" value="NPROP"/>
		<feat xlink:href="#sSpan1034" value="CONJ"/>
		<feat xlink:href="#sSpan1036" value="APST"/>
		<feat xlink:href="#sSpan1038" value="PPERS"/>
		<feat xlink:href="#sSpan1039" value="V"/>
		<feat xlink:href="#sSpan1040" value="PREP"/>
		<feat xlink:href="#sSpan1042" value="ART"/>
		<feat xlink:href="#sSpan1044" value="N"/>
		<feat xlink:href="#sSpan1045" value="PREP"/>
		<feat xlink:href="#sSpan1047" value="ART"/>
		<feat xlink:href="#sSpan1049" value="N"/>
		<feat xlink:href="#sSpan1050" value="PUNCT"/>
		<feat xlink:href="#sSpan1052" value="CONJ"/>
		<feat xlink:href="#sSpan1055" value="PPERS"/>
		<feat xlink:href="#sSpan1057" value="V"/>
		<feat xlink:href="#sSpan1058" value="PREP"/>
		<feat xlink:href="#sSpan1060" value="PPERO"/>
		<feat xlink:href="#sSpan1061" value="PREP"/>
		<feat xlink:href="#sSpan1063" value="PPERO"/>
		<feat xlink:href="#sSpan1064" value="PUNCT"/>
		<feat xlink:href="#sSpan1066" value="CONJ"/>
		<feat xlink:href="#sSpan1068" value="EXIST"/>
		<feat xlink:href="#sSpan1069" value="ART"/>
		<feat xlink:href="#sSpan1071" value="N"/>
		<feat xlink:href="#sSpan1072" value="FUT"/>
		<feat xlink:href="#sSpan1074" value="V"/>
		<feat xlink:href="#sSpan1075" value="PREP"/>
		<feat xlink:href="#sSpan1077" value="NPROP"/>
		<feat xlink:href="#sSpan1079" value="PREP"/>
		<feat xlink:href="#sSpan1081" value="N"/>
		<feat xlink:href="#sSpan1083" value="PREP"/>
		<feat xlink:href="#sSpan1085" value="ART"/>
		<feat xlink:href="#sSpan1087" value="N"/>
		<feat xlink:href="#sSpan1088" value="PREP"/>
		<feat xlink:href="#sSpan1090" value="ART"/>
		<feat xlink:href="#sSpan1092" value="N"/>
		<feat xlink:href="#sSpan1093" value="V"/>
		<feat xlink:href="#sSpan1095" value="PUNCT"/>
		<feat xlink:href="#sSpan1097" value="PPERI"/>
		<feat xlink:href="#sSpan1100" value="IMOD"/>
		<feat xlink:href="#sSpan1102" value="PPERO"/>
		<feat xlink:href="#sSpan1103" value="NPROP"/>
		<feat xlink:href="#sSpan1106" value="CONJ"/>
		<feat xlink:href="#sSpan1108" value="PPERS"/>
		<feat xlink:href="#sSpan1110" value="FUT"/>
		<feat xlink:href="#sSpan1111" value="V"/>
		<feat xlink:href="#sSpan1112" value="PREP"/>
		<feat xlink:href="#sSpan1114" value="ADV"/>
		<feat xlink:href="#sSpan1115" value="PREP"/>
		<feat xlink:href="#sSpan1117" value="ART"/>
		<feat xlink:href="#sSpan1119" value="N"/>
		<feat xlink:href="#sSpan1120" value="PUNCT"/>
		<feat xlink:href="#sSpan1122" value="PPERS"/>
		<feat xlink:href="#sSpan1124" value="FUT"/>
		<feat xlink:href="#sSpan1125" value="V"/>
		<feat xlink:href="#sSpan1127" value="PREP"/>
		<feat xlink:href="#sSpan1129" value="ART"/>
		<feat xlink:href="#sSpan1130" value="N"/>
		<feat xlink:href="#sSpan1131" value="PREP"/>
		<feat xlink:href="#sSpan1133" value="NPROP"/>
		<feat xlink:href="#sSpan1135" value="CONJ"/>
		<feat xlink:href="#sSpan1137" value="CONJ"/>
		<feat xlink:href="#sSpan1138" value="CFOC"/>
		<feat xlink:href="#sSpan1139" value="APST"/>
		<feat xlink:href="#sSpan1140" value="ART"/>
		<feat xlink:href="#sSpan1142" value="N"/>
		<feat xlink:href="#sSpan1143" value="CREL"/>
		<feat xlink:href="#sSpan1145" value="APST"/>
		<feat xlink:href="#sSpan1146" value="PPERS"/>
		<feat xlink:href="#sSpan1147" value="V"/>
		<feat xlink:href="#sSpan1148" value="ADV"/>
		<feat xlink:href="#sSpan1150" value="PREP"/>
		<feat xlink:href="#sSpan1152" value="N"/>
		<feat xlink:href="#sSpan1154" value="V"/>
		<feat xlink:href="#sSpan1156" value="PREP"/>
		<feat xlink:href="#sSpan1158" value="NPROP"/>
		<feat xlink:href="#sSpan1160" value="PREP"/>
		<feat xlink:href="#sSpan1162" value="NPROP"/>
		<feat xlink:href="#sSpan1164" value="CPRET"/>
		<feat xlink:href="#sSpan1166" value="PPERS"/>
		<feat xlink:href="#sSpan1167" value="FUT"/>
		<feat xlink:href="#sSpan1168" value="V"/>
		<feat xlink:href="#sSpan1169" value="COP"/>
		<feat xlink:href="#sSpan1171" value="PREP"/>
		<feat xlink:href="#sSpan1173" value="ART"/>
		<feat xlink:href="#sSpan1175" value="N"/>
		<feat xlink:href="#sSpan1176" value="PREP"/>
		<feat xlink:href="#sSpan1178" value="N"/>
		<feat xlink:href="#sSpan1179" value="PUNCT"/>
		<feat xlink:href="#sSpan1181" value="CONJ"/>
		<feat xlink:href="#sSpan1184" value="PPERS"/>
		<feat xlink:href="#sSpan1186" value="V"/>
		<feat xlink:href="#sSpan1187" value="PREP"/>
		<feat xlink:href="#sSpan1189" value="PPERO"/>
		<feat xlink:href="#sSpan1190" value="PREP"/>
		<feat xlink:href="#sSpan1192" value="PPERO"/>
		<feat xlink:href="#sSpan1193" value="PUNCT"/>
		<feat xlink:href="#sSpan1195" value="CONJ"/>
		<feat xlink:href="#sSpan1197" value="EXIST"/>
		<feat xlink:href="#sSpan1198" value="ART"/>
		<feat xlink:href="#sSpan1200" value="N"/>
		<feat xlink:href="#sSpan1201" value="FUT"/>
		<feat xlink:href="#sSpan1203" value="V"/>
		<feat xlink:href="#sSpan1204" value="PREP"/>
		<feat xlink:href="#sSpan1206" value="ART"/>
		<feat xlink:href="#sSpan1208" value="N"/>
		<feat xlink:href="#sSpan1209" value="PREP"/>
		<feat xlink:href="#sSpan1211" value="NPROP"/>
		<feat xlink:href="#sSpan1213" value="PREP"/>
		<feat xlink:href="#sSpan1215" value="NPROP"/>
		<feat xlink:href="#sSpan1217" value="PREP"/>
		<feat xlink:href="#sSpan1219" value="ART"/>
		<feat xlink:href="#sSpan1221" value="N"/>
		<feat xlink:href="#sSpan1222" value="PREP"/>
		<feat xlink:href="#sSpan1224" value="ART"/>
		<feat xlink:href="#sSpan1226" value="N"/>
		<feat xlink:href="#sSpan1227" value="ADV"/>
		<feat xlink:href="#sSpan1229" value="PREP_PPERO"/>
		<feat xlink:href="#sSpan1230" value="PUNCT"/>
		<feat xlink:href="#sSpan1232" value="PREP"/>
		<feat xlink:href="#sSpan1235" value="ART"/>
		<feat xlink:href="#sSpan1237" value="N"/>
		<feat xlink:href="#sSpan1238" value="CREL"/>
		<feat xlink:href="#sSpan1240" value="ADV"/>
		<feat xlink:href="#sSpan1241" value="APST"/>
		<feat xlink:href="#sSpan1243" value="PPERS"/>
		<feat xlink:href="#sSpan1244" value="V"/>
		<feat xlink:href="#sSpan1245" value="PTC"/>
		<feat xlink:href="#sSpan1247" value="NPROP"/>
		<feat xlink:href="#sSpan1249" value="CCIRC"/>
		<feat xlink:href="#sSpan1251" value="PPERS"/>
		<feat xlink:href="#sSpan1252" value="V"/>
		<feat xlink:href="#sSpan1253" value="PREP"/>
		<feat xlink:href="#sSpan1255" value="PPERO"/>
		<feat xlink:href="#sSpan1256" value="CONJ"/>
		<feat xlink:href="#sSpan1258" value="PPERS"/>
		<feat xlink:href="#sSpan1259" value="V"/>
		<feat xlink:href="#sSpan1260" value="PREP"/>
		<feat xlink:href="#sSpan1262" value="PPERO"/>
		<feat xlink:href="#sSpan1263" value="PPOS"/>
		<feat xlink:href="#sSpan1266" value="N"/>
		<feat xlink:href="#sSpan1267" value="ART"/>
		<feat xlink:href="#sSpan1269" value="N"/>
		<feat xlink:href="#sSpan1270" value="PREP"/>
		<feat xlink:href="#sSpan1272" value="ART"/>
		<feat xlink:href="#sSpan1274" value="N"/>
		<feat xlink:href="#sSpan1275" value="PREP"/>
		<feat xlink:href="#sSpan1277" value="ART"/>
		<feat xlink:href="#sSpan1279" value="N"/>
		<feat xlink:href="#sSpan1280" value="PUNCT"/>
		<feat xlink:href="#sSpan1282" value="CONJ"/>
		<feat xlink:href="#sSpan1284" value="PDEM"/>
		<feat xlink:href="#sSpan1286" value="APST"/>
		<feat xlink:href="#sSpan1288" value="PPERS"/>
		<feat xlink:href="#sSpan1289" value="V"/>
		<feat xlink:href="#sSpan1290" value="PPERO"/>
		<feat xlink:href="#sSpan1291" value="PREP"/>
		<feat xlink:href="#sSpan1293" value="ART"/>
		<feat xlink:href="#sSpan1295" value="N"/>
		<feat xlink:href="#sSpan1296" value="PREP"/>
		<feat xlink:href="#sSpan1298" value="ART"/>
		<feat xlink:href="#sSpan1300" value="N"/>
		<feat xlink:href="#sSpan1301" value="APST"/>
		<feat xlink:href="#sSpan1303" value="PPERS"/>
		<feat xlink:href="#sSpan1304" value="V"/>
		<feat xlink:href="#sSpan1305" value="PPERO"/>
		<feat xlink:href="#sSpan1306" value="PTC"/>
		<feat xlink:href="#sSpan1308" value="ADV"/>
		<feat xlink:href="#sSpan1310" value="PREP"/>
		<feat xlink:href="#sSpan1312" value="ART"/>
		<feat xlink:href="#sSpan1314" value="N"/>
		<feat xlink:href="#sSpan1316" value="N"/>
		<feat xlink:href="#sSpan1318" value="PUNCT"/>
		<feat xlink:href="#sSpan1320" value="APST"/>
		<feat xlink:href="#sSpan1323" value="N"/>
		<feat xlink:href="#sSpan1324" value="PPOS"/>
		<feat xlink:href="#sSpan1327" value="N"/>
		<feat xlink:href="#sSpan1328" value="CONJ"/>
		<feat xlink:href="#sSpan1330" value="CFOC"/>
		<feat xlink:href="#sSpan1331" value="APST"/>
		<feat xlink:href="#sSpan1332" value="PPERS"/>
		<feat xlink:href="#sSpan1334" value="V"/>
		<feat xlink:href="#sSpan1336" value="PPERO"/>
		<feat xlink:href="#sSpan1337" value="PREP"/>
		<feat xlink:href="#sSpan1339" value="PDEM"/>
		<feat xlink:href="#sSpan1340" value="N"/>
		<feat xlink:href="#sSpan1341" value="PREP"/>
		<feat xlink:href="#sSpan1343" value="ART"/>
		<feat xlink:href="#sSpan1345" value="N"/>
		<feat xlink:href="#sSpan1346" value="ADV"/>
		<feat xlink:href="#sSpan1348" value="PUNCT"/>
		<feat xlink:href="#sSpan1350" value="APST"/>
		<feat xlink:href="#sSpan1353" value="PPERS"/>
		<feat xlink:href="#sSpan1354" value="V"/>
		<feat xlink:href="#sSpan1355" value="PREP"/>
		<feat xlink:href="#sSpan1357" value="PPERO"/>
		<feat xlink:href="#sSpan1358" value="PREP"/>
		<feat xlink:href="#sSpan1360" value="ART"/>
		<feat xlink:href="#sSpan1363" value="N"/>
		<feat xlink:href="#sSpan1365" value="ADV"/>
		<feat xlink:href="#sSpan1368" value="PREP"/>
		<feat xlink:href="#sSpan1370" value="PPERO"/>
		<feat xlink:href="#sSpan1371" value="PREP"/>
		<feat xlink:href="#sSpan1373" value="PPOS"/>
		<feat xlink:href="#sSpan1375" value="N"/>
		<feat xlink:href="#sSpan1376" value="CONJ"/>
		<feat xlink:href="#sSpan1378" value="EXIST"/>
		<feat xlink:href="#sSpan1380" value="N"/>
		<feat xlink:href="#sSpan1382" value="V"/>
		<feat xlink:href="#sSpan1384" value="PREP"/>
		<feat xlink:href="#sSpan1386" value="ART"/>
		<feat xlink:href="#sSpan1388" value="N"/>
		<feat xlink:href="#sSpan1389" value="V"/>
		<feat xlink:href="#sSpan1392" value="CONJ"/>
		<feat xlink:href="#sSpan1394" value="ART"/>
		<feat xlink:href="#sSpan1397" value="N"/>
		<feat xlink:href="#sSpan1398" value="CONJ"/>
		<feat xlink:href="#sSpan1400" value="EXIST"/>
		<feat xlink:href="#sSpan1402" value="N"/>
		<feat xlink:href="#sSpan1404" value="V"/>
		<feat xlink:href="#sSpan1406" value="PREP"/>
		<feat xlink:href="#sSpan1408" value="ART"/>
		<feat xlink:href="#sSpan1410" value="N"/>
		<feat xlink:href="#sSpan1411" value="CONJ"/>
		<feat xlink:href="#sSpan1413" value="ART"/>
		<feat xlink:href="#sSpan1416" value="N"/>
		<feat xlink:href="#sSpan1417" value="PREP"/>
		<feat xlink:href="#sSpan1419" value="ART"/>
		<feat xlink:href="#sSpan1421" value="CREL"/>
		<feat xlink:href="#sSpan1422" value="ART"/>
		<feat xlink:href="#sSpan1424" value="N"/>
		<feat xlink:href="#sSpan1425" value="FUT"/>
		<feat xlink:href="#sSpan1427" value="V"/>
		<feat xlink:href="#sSpan1428" value="CCIRC"/>
		<feat xlink:href="#sSpan1430" value="PPERS"/>
		<feat xlink:href="#sSpan1431" value="V"/>
		<feat xlink:href="#sSpan1432" value="CCIRC"/>
		<feat xlink:href="#sSpan1434" value="PPERS"/>
		<feat xlink:href="#sSpan1435" value="V"/>
		<feat xlink:href="#sSpan1436" value="PREP"/>
		<feat xlink:href="#sSpan1438" value="PPERO"/>
		<feat xlink:href="#sSpan1439" value="ADV"/>
		<feat xlink:href="#sSpan1441" value="PUNCT"/>
		<feat xlink:href="#sSpan1443" value="VIMP"/>
		<feat xlink:href="#sSpan1446" value="PPERO"/>
		<feat xlink:href="#sSpan1447" value="PREP"/>
		<feat xlink:href="#sSpan1449" value="PPERO"/>
		<feat xlink:href="#sSpan1450" value="N"/>
		<feat xlink:href="#sSpan1454" value="PINT"/>
		<feat xlink:href="#sSpan1456" value="PREP"/>
		<feat xlink:href="#sSpan1458" value="ART"/>
		<feat xlink:href="#sSpan1460" value="N"/>
		<feat xlink:href="#sSpan1461" value="CONJ"/>
		<feat xlink:href="#sSpan1463" value="CREL"/>
		<feat xlink:href="#sSpan1465" value="VSTAT"/>
		<feat xlink:href="#sSpan1466" value="PUNCT"/>
		<feat xlink:href="#sSpan1468" value="CONJ"/>
		<feat xlink:href="#sSpan1470" value="PPERI"/>
		<feat xlink:href="#sSpan1472" value="PPERS"/>
		<feat xlink:href="#sSpan1474" value="FUT"/>
		<feat xlink:href="#sSpan1476" value="V"/>
		<feat xlink:href="#sSpan1478" value="PREP"/>
		<feat xlink:href="#sSpan1480" value="PPERO"/>
		<feat xlink:href="#sSpan1481" value="PUNCT"/>
		<feat xlink:href="#sSpan1483" value="V"/>
		<feat xlink:href="#sSpan1486" value="PREP"/>
		<feat xlink:href="#sSpan1488" value="PPOS"/>
		<feat xlink:href="#sSpan1490" value="N"/>
		<feat xlink:href="#sSpan1491" value="ADV"/>
		<feat xlink:href="#sSpan1493" value="PREP"/>
		<feat xlink:href="#sSpan1495" value="PPERO"/>
		<feat xlink:href="#sSpan1496" value="PUNCT"/>
		<feat xlink:href="#sSpan1498" value="ACONJ"/>
		<feat xlink:href="#sSpan1500" value="PPERS"/>
		<feat xlink:href="#sSpan1501" value="V"/>
		<feat xlink:href="#sSpan1502" value="ADV"/>
		<feat xlink:href="#sSpan1504" value="PREP_PPERO"/>
		<feat xlink:href="#sSpan1506" value="CONJ"/>
		<feat xlink:href="#sSpan1508" value="PPERI"/>
		<feat xlink:href="#sSpan1509" value="ART"/>
		<feat xlink:href="#sSpan1512" value="N"/>
		<feat xlink:href="#sSpan1514" value="CONJ"/>
		<feat xlink:href="#sSpan1516" value="PPERS"/>
		<feat xlink:href="#sSpan1518" value="VSTAT"/>
		<feat xlink:href="#sSpan1519" value="PREP"/>
		<feat xlink:href="#sSpan1521" value="PPOS"/>
		<feat xlink:href="#sSpan1523" value="N"/>
		<feat xlink:href="#sSpan1524" value="PUNCT"/>
		<feat xlink:href="#sSpan1526" value="AFUTCONJ"/>
		<feat xlink:href="#sSpan1528" value="PPERS"/>
		<feat xlink:href="#sSpan1529" value="V"/>
		<feat xlink:href="#sSpan1531" value="CCIRC"/>
		<feat xlink:href="#sSpan1533" value="PPERS"/>
		<feat xlink:href="#sSpan1534" value="V"/>
		<feat xlink:href="#sSpan1535" value="PREP"/>
		<feat xlink:href="#sSpan1537" value="ART"/>
		<feat xlink:href="#sSpan1539" value="N"/>
		<feat xlink:href="#sSpan1540" value="PUNCT"/>
		<feat xlink:href="#sSpan1542" value="PPOS"/>
		<feat xlink:href="#sSpan1546" value="N"/>
		<feat xlink:href="#sSpan1547" value="PTC"/>
		<feat xlink:href="#sSpan1549" value="FUT"/>
		<feat xlink:href="#sSpan1551" value="V"/>
		<feat xlink:href="#sSpan1552" value="PPERO"/>
		<feat xlink:href="#sSpan1553" value="CONJ"/>
		<feat xlink:href="#sSpan1555" value="PPERS"/>
		<feat xlink:href="#sSpan1557" value="VSTAT"/>
		<feat xlink:href="#sSpan1558" value="PTC"/>
		<feat xlink:href="#sSpan1560" value="PPOS"/>
		<feat xlink:href="#sSpan1562" value="N"/>
		<feat xlink:href="#sSpan1563" value="PUNCT"/></featList></paula>