<?xml version='1.0' encoding='UTF-8'?><!DOCTYPE paula SYSTEM "paula_feat.dtd">
<paula version="1.1">
	<header paula_id="scriptorium.40_Matthew_11.mark_orig_group"/>
	<featList xmlns:xlink="http://www.w3.org/1999/xlink" type="orig_group" xml:base="scriptorium.40_Matthew_11.mark.xml">
		<feat xlink:href="#sSpan2" value="ⲁⲥϣⲱⲡⲉ"/>
		<feat xlink:href="#sSpan7" value="ⲇⲉ"/>
		<feat xlink:href="#sSpan9" value="ⲛⲧⲉⲣⲉⲓⲏⲥⲟⲩⲥ"/>
		<feat xlink:href="#sSpan13" value="ⲟⲩⲱ"/>
		<feat xlink:href="#sSpan15" value="ⲉϥⲟⲩⲉϩⲥⲁϩⲛⲉ"/>
		<feat xlink:href="#sSpan21" value="ⲙⲡⲉϥⲙⲛⲧⲥⲛⲟⲟⲩⲥ"/>
		<feat xlink:href="#sSpan28" value="ⲙⲙⲁⲑⲏⲧⲏⲥ"/>
		<feat xlink:href="#sSpan32" value="ⲁϥⲡⲱⲱⲛⲉ"/>
		<feat xlink:href="#sSpan37" value="ⲉⲃⲟⲗ"/>
		<feat xlink:href="#sSpan39" value="ϩⲙⲡⲙⲁ"/>
		<feat xlink:href="#sSpan44" value="ⲉⲧⲙⲙⲁⲩ"/>
		<feat xlink:href="#sSpan47" value="ⲉϥϯⲥⲃⲱ"/>
		<feat xlink:href="#sSpan53" value="ⲁⲩⲱ"/>
		<feat xlink:href="#sSpan55" value="ⲉϥⲧⲁϣⲉⲟⲉⲓϣ"/>
		<feat xlink:href="#sSpan61" value="ϩⲣⲁⲓ"/>
		<feat xlink:href="#sSpan64" value="ϩⲛⲛⲉⲩⲡⲟⲗⲓⲥ"/>
		<feat xlink:href="#sSpan69" value="."/>
		<feat xlink:href="#sSpan71" value="ⲛⲧⲉⲣⲉϥⲥⲱⲧⲙ"/>
		<feat xlink:href="#sSpan76" value="ⲇⲉ"/>
		<feat xlink:href="#sSpan78" value="ⲛϭⲓⲓⲱϩⲁⲛⲛⲏⲥ"/>
		<feat xlink:href="#sSpan82" value="ϩⲣⲁⲓ"/>
		<feat xlink:href="#sSpan85" value="ϩⲙⲡⲉϣⲧⲉⲕⲟ"/>
		<feat xlink:href="#sSpan90" value="ⲉⲛⲉϩⲃⲏⲩⲉ"/>
		<feat xlink:href="#sSpan95" value="ⲙⲡⲉⲭⲣⲓⲥⲧⲟⲥ"/>
		<feat xlink:href="#sSpan100" value="ⲁϥϫⲟⲟⲩ"/>
		<feat xlink:href="#sSpan104" value="ⲉⲃⲟⲗ"/>
		<feat xlink:href="#sSpan107" value="ϩⲓⲧⲟⲟⲧⲟⲩ"/>
		<feat xlink:href="#sSpan110" value="ⲛⲛⲉϥⲙⲁⲑⲏⲧⲏⲥ"/>
		<feat xlink:href="#sSpan115" value="."/>
		<feat xlink:href="#sSpan117" value="ⲡⲉϫⲁϥ"/>
		<feat xlink:href="#sSpan121" value="ⲛⲁⲩ"/>
		<feat xlink:href="#sSpan124" value="ϫⲉⲛⲧⲟⲕ"/>
		<feat xlink:href="#sSpan127" value="ⲡⲉⲧⲛⲏⲩ"/>
		<feat xlink:href="#sSpan131" value="ϫⲉⲧⲁⲣⲉⲛϭⲱϣⲧ"/>
		<feat xlink:href="#sSpan136" value="ϩⲏⲧϥ"/>
		<feat xlink:href="#sSpan139" value="ⲛⲕⲉⲟⲩⲁ"/>
		<feat xlink:href="#sSpan144" value="."/>
		<feat xlink:href="#sSpan146" value="ⲁϥⲟⲩⲱϣⲃ"/>
		<feat xlink:href="#sSpan151" value="ⲇⲉ"/>
		<feat xlink:href="#sSpan153" value="ⲛϭⲓⲓⲏⲥⲟⲩⲥ"/>
		<feat xlink:href="#sSpan157" value="ⲡⲉϫⲁϥ"/>
		<feat xlink:href="#sSpan160" value="ⲛⲁⲩ"/>
		<feat xlink:href="#sSpan163" value="ϫⲉⲃⲱⲕ"/>
		<feat xlink:href="#sSpan166" value="ⲛⲧⲉⲧⲛϫⲱ"/>
		<feat xlink:href="#sSpan170" value="ⲉⲓⲱϩⲁⲛⲛⲏⲥ"/>
		<feat xlink:href="#sSpan174" value="ⲛⲛⲉⲧⲉⲧⲛⲥⲱⲧⲙ"/>
		<feat xlink:href="#sSpan178" value="ⲉⲣⲟⲟⲩ"/>
		<feat xlink:href="#sSpan181" value="ⲙⲛⲛⲉⲧⲉⲧⲛⲛⲁⲩ"/>
		<feat xlink:href="#sSpan187" value="ⲉⲣⲟⲟⲩ"/>
		<feat xlink:href="#sSpan190" value="."/>
		<feat xlink:href="#sSpan192" value="ϫⲉⲛⲃⲗⲗⲉ"/>
		<feat xlink:href="#sSpan198" value="ⲛⲁⲩ"/>
		<feat xlink:href="#sSpan201" value="ⲉⲃⲟⲗ"/>
		<feat xlink:href="#sSpan203" value="ⲛϭⲁⲗⲉ"/>
		<feat xlink:href="#sSpan207" value="ⲙⲟⲟϣⲉ"/>
		<feat xlink:href="#sSpan210" value="ⲛⲉⲧⲥⲟⲃϩ"/>
		<feat xlink:href="#sSpan214" value="ⲧⲃⲃⲟ"/>
		<feat xlink:href="#sSpan216" value="ⲛⲁⲗ"/>
		<feat xlink:href="#sSpan220" value="ⲥⲱⲧⲙ"/>
		<feat xlink:href="#sSpan223" value="ⲛⲉⲙⲡⲟ"/>
		<feat xlink:href="#sSpan226" value="ϣⲁϫⲉ"/>
		<feat xlink:href="#sSpan229" value="ⲛⲉⲧⲙⲟⲟⲩⲧ"/>
		<feat xlink:href="#sSpan233" value="ⲧⲱⲟⲩⲛ"/>
		<feat xlink:href="#sSpan235" value="ⲛϩⲏⲕⲉ"/>
		<feat xlink:href="#sSpan239" value="ⲥⲉⲉⲩⲁⲅⲅⲉⲗⲓⲍⲉ"/>
		<feat xlink:href="#sSpan242" value="ⲛⲁⲩ"/>
		<feat xlink:href="#sSpan245" value="."/>
		<feat xlink:href="#sSpan247" value="ⲁⲩⲱ"/>
		<feat xlink:href="#sSpan250" value="ⲛⲁⲓⲁⲧϥ"/>
		<feat xlink:href="#sSpan253" value="ⲙⲡⲉⲧⲉ"/>
		<feat xlink:href="#sSpan258" value="ⲛϥⲛⲁⲥⲕⲁⲛⲇⲁⲗⲓⲍⲉ"/>
		<feat xlink:href="#sSpan263" value="ⲁⲛ"/>
		<feat xlink:href="#sSpan265" value="ϩⲣⲁⲓ"/>
		<feat xlink:href="#sSpan267" value="ⲛϩⲏⲧ"/>
		<feat xlink:href="#sSpan271" value="."/>
		<feat xlink:href="#sSpan273" value="ⲛⲧⲉⲣⲉⲛⲁⲓ"/>
		<feat xlink:href="#sSpan278" value="ⲇⲉ"/>
		<feat xlink:href="#sSpan280" value="ⲃⲱⲕ"/>
		<feat xlink:href="#sSpan282" value="ⲁϥⲁⲣⲭⲉⲓ"/>
		<feat xlink:href="#sSpan286" value="ⲛϭⲓⲓⲏⲥⲟⲩⲥ"/>
		<feat xlink:href="#sSpan290" value="ⲉϫⲟⲟⲥ"/>
		<feat xlink:href="#sSpan294" value="ⲛⲙⲙⲏⲏϣⲉ"/>
		<feat xlink:href="#sSpan299" value="ⲉⲧⲃⲉⲓⲱϩⲁⲛⲛⲏⲥ"/>
		<feat xlink:href="#sSpan303" value="."/>
		<feat xlink:href="#sSpan305" value="ϫⲉⲛⲧⲁⲧⲉⲧⲛⲉⲓ"/>
		<feat xlink:href="#sSpan312" value="ⲉⲃⲟⲗ"/>
		<feat xlink:href="#sSpan314" value="ⲉⲧⲉⲣⲏⲙⲟⲥ"/>
		<feat xlink:href="#sSpan319" value="ⲉⲛⲁⲩ"/>
		<feat xlink:href="#sSpan322" value="ⲉⲟⲩ"/>
		<feat xlink:href="#sSpan325" value="."/>
		<feat xlink:href="#sSpan327" value="ⲉⲩⲕⲁϣ"/>
		<feat xlink:href="#sSpan331" value="ⲉⲣⲉⲡⲧⲏⲩ"/>
		<feat xlink:href="#sSpan336" value="ⲕⲓⲙ"/>
		<feat xlink:href="#sSpan338" value="ⲉⲣⲟϥ"/>
		<feat xlink:href="#sSpan341" value="."/>
		<feat xlink:href="#sSpan343" value="ⲁⲗⲗⲁ"/>
		<feat xlink:href="#sSpan346" value="ⲛⲧⲁⲧⲉⲧⲛⲉⲓ"/>
		<feat xlink:href="#sSpan352" value="ⲉⲃⲟⲗ"/>
		<feat xlink:href="#sSpan354" value="ⲉⲛⲁⲩ"/>
		<feat xlink:href="#sSpan357" value="ⲉⲟⲩ"/>
		<feat xlink:href="#sSpan360" value="."/>
		<feat xlink:href="#sSpan362" value="ⲉⲩⲣⲱⲙⲉ"/>
		<feat xlink:href="#sSpan367" value="ⲉⲣⲉϩⲉⲛϩⲃⲥⲱ"/>
		<feat xlink:href="#sSpan372" value="ⲉⲩϭⲏⲛ"/>
		<feat xlink:href="#sSpan377" value="ⲧⲟ"/>
		<feat xlink:href="#sSpan380" value="ϩⲓⲱⲱϥ"/>
		<feat xlink:href="#sSpan383" value="."/>
		<feat xlink:href="#sSpan385" value="ⲉⲓⲥ"/>
		<feat xlink:href="#sSpan388" value="ϩⲏⲏⲧⲉ"/>
		<feat xlink:href="#sSpan390" value="ⲛⲉⲧⲫⲟⲣⲉⲓ"/>
		<feat xlink:href="#sSpan395" value="ⲛⲛϩⲃⲥⲱ"/>
		<feat xlink:href="#sSpan400" value="ⲉⲩϭⲏⲛ"/>
		<feat xlink:href="#sSpan404" value="ⲥⲉϩⲛⲛⲏⲓ"/>
		<feat xlink:href="#sSpan408" value="ⲛⲛⲣⲣⲱⲟⲩ"/>
		<feat xlink:href="#sSpan413" value="."/>
		<feat xlink:href="#sSpan415" value="ⲁⲗⲗⲁ"/>
		<feat xlink:href="#sSpan418" value="ⲛⲧⲁⲧⲉⲧⲛⲉⲓ"/>
		<feat xlink:href="#sSpan424" value="ⲉⲃⲟⲗ"/>
		<feat xlink:href="#sSpan426" value="ⲉⲛⲁⲩ"/>
		<feat xlink:href="#sSpan429" value="ⲉⲟⲩⲉⲩⲡⲣⲟⲫⲏⲧⲏⲥ"/>
		<feat xlink:href="#sSpan436" value="ⲉϩⲉ"/>
		<feat xlink:href="#sSpan439" value="ϯϫⲱ"/>
		<feat xlink:href="#sSpan442" value="ⲙⲙⲟⲥ"/>
		<feat xlink:href="#sSpan445" value="ⲛⲏⲧⲛ"/>
		<feat xlink:href="#sSpan448" value="ϫⲉⲟⲩϩⲟⲩⲉⲡⲣⲟⲫⲏⲧⲏⲥ"/>
		<feat xlink:href="#sSpan455" value="ⲡⲉ"/>
		<feat xlink:href="#sSpan457" value="."/>
		<feat xlink:href="#sSpan460" value="ⲡⲁⲓ"/>
		<feat xlink:href="#sSpan463" value="ⲅⲁⲣ"/>
		<feat xlink:href="#sSpan465" value="ⲡⲉⲧⲥⲏϩ"/>
		<feat xlink:href="#sSpan469" value="ⲉⲧⲃⲏⲏⲧϥ"/>
		<feat xlink:href="#sSpan472" value="."/>
		<feat xlink:href="#sSpan474" value="ϫⲉⲉⲓⲥϩⲏⲏⲧⲉ"/>
		<feat xlink:href="#sSpan479" value="ⲁⲛⲟⲕ"/>
		<feat xlink:href="#sSpan481" value="ϯⲛⲁⲧⲛⲛⲟⲟⲩ"/>
		<feat xlink:href="#sSpan485" value="ⲙⲡⲁⲁⲅⲅⲉⲗⲟⲥ"/>
		<feat xlink:href="#sSpan490" value="ϩⲁⲧⲉⲕϩⲏ"/>
		<feat xlink:href="#sSpan495" value="."/>
		<feat xlink:href="#sSpan497" value="ⲡⲁⲓ"/>
		<feat xlink:href="#sSpan500" value="ⲉⲧⲛⲁⲥⲟϥⲧⲉ"/>
		<feat xlink:href="#sSpan504" value="ⲛⲧⲉⲕϩⲓⲏ"/>
		<feat xlink:href="#sSpan509" value="ⲙⲡⲉⲕⲙⲧⲟ"/>
		<feat xlink:href="#sSpan514" value="ⲉⲃⲟⲗ"/>
		<feat xlink:href="#sSpan516" value="."/>
		<feat xlink:href="#sSpan518" value="ϩⲁⲙⲏⲛ"/>
		<feat xlink:href="#sSpan521" value="ϯϫⲱ"/>
		<feat xlink:href="#sSpan524" value="ⲙⲙⲟⲥ"/>
		<feat xlink:href="#sSpan527" value="ⲛⲏⲧⲛ"/>
		<feat xlink:href="#sSpan530" value="."/>
		<feat xlink:href="#sSpan532" value="ϫⲉⲙⲡⲉϥⲧⲱⲟⲩⲛ"/>
		<feat xlink:href="#sSpan538" value="ϩⲙⲡⲉϫⲡⲟ"/>
		<feat xlink:href="#sSpan543" value="ⲛⲛⲉϩⲓⲟⲙⲉ"/>
		<feat xlink:href="#sSpan548" value="ⲛϭⲓⲡⲉⲧⲟ"/>
		<feat xlink:href="#sSpan555" value="ⲛⲛⲟϭ"/>
		<feat xlink:href="#sSpan559" value="ⲉⲓⲱϩⲁⲛⲛⲏⲥ"/>
		<feat xlink:href="#sSpan562" value="ⲡⲃⲁⲡⲧⲓⲥⲧⲏⲥ"/>
		<feat xlink:href="#sSpan565" value="."/>
		<feat xlink:href="#sSpan567" value="ⲡⲕⲟⲩⲓ"/>
		<feat xlink:href="#sSpan571" value="ⲇⲉ"/>
		<feat xlink:href="#sSpan573" value="ⲉⲣⲟϥ"/>
		<feat xlink:href="#sSpan577" value="ⲟⲩⲛⲟϭ"/>
		<feat xlink:href="#sSpan580" value="ⲉⲣⲟϥ"/>
		<feat xlink:href="#sSpan583" value="ⲡⲉ"/>
		<feat xlink:href="#sSpan585" value="ϩⲛⲧⲙⲛⲧⲣⲣⲟ"/>
		<feat xlink:href="#sSpan592" value="ⲛⲙⲡⲏⲩⲉ"/>
		<feat xlink:href="#sSpan597" value="."/>
		<feat xlink:href="#sSpan599" value="ϫⲓⲛⲛⲉϩⲟⲟⲩ"/>
		<feat xlink:href="#sSpan605" value="ⲇⲉ"/>
		<feat xlink:href="#sSpan607" value="ⲛⲓⲱϩⲁⲛⲛⲏⲥ"/>
		<feat xlink:href="#sSpan611" value="ⲡⲃⲁⲡⲧⲓⲥⲧⲏⲥ"/>
		<feat xlink:href="#sSpan614" value="ϣⲁⲉϩⲣⲁⲓ"/>
		<feat xlink:href="#sSpan617" value="ⲉⲧⲉⲛⲟⲩ"/>
		<feat xlink:href="#sSpan620" value="ⲧⲙⲛⲧⲣⲣⲟ"/>
		<feat xlink:href="#sSpan626" value="ⲛⲙⲡⲏⲩⲉ"/>
		<feat xlink:href="#sSpan631" value="ⲥⲉϫⲓ"/>
		<feat xlink:href="#sSpan634" value="ⲙⲙⲟⲥ"/>
		<feat xlink:href="#sSpan637" value="ⲛϭⲟⲛⲥ"/>
		<feat xlink:href="#sSpan641" value="."/>
		<feat xlink:href="#sSpan643" value="ⲁⲩⲱ"/>
		<feat xlink:href="#sSpan646" value="ⲛⲣⲉϥϫⲓⲛϭⲟⲛⲥ"/>
		<feat xlink:href="#sSpan653" value="ⲧⲱⲣⲡ"/>
		<feat xlink:href="#sSpan655" value="ⲙⲙⲟⲥ"/>
		<feat xlink:href="#sSpan658" value="."/>
		<feat xlink:href="#sSpan660" value="ⲛⲉⲡⲣⲟⲫⲏⲧⲏⲥ"/>
		<feat xlink:href="#sSpan665" value="ⲅⲁⲣ"/>
		<feat xlink:href="#sSpan667" value="ⲧⲏⲣⲟⲩ"/>
		<feat xlink:href="#sSpan670" value="ⲁⲩⲱ"/>
		<feat xlink:href="#sSpan672" value="ⲡⲛⲟⲙⲟⲥ"/>
		<feat xlink:href="#sSpan676" value="ⲛⲧⲁⲩⲡⲣⲟⲫⲏⲧⲉⲩⲉ"/>
		<feat xlink:href="#sSpan681" value="ϣⲁⲓⲱϩⲁⲛⲛⲏⲥ"/>
		<feat xlink:href="#sSpan685" value="."/>
		<feat xlink:href="#sSpan687" value="ⲁⲩⲱ"/>
		<feat xlink:href="#sSpan690" value="ⲉϣϫⲉ"/>
		<feat xlink:href="#sSpan692" value="ⲧⲉⲧⲛⲟⲩⲉϣϫⲓⲧϥ"/>
		<feat xlink:href="#sSpan697" value="ⲛⲧⲟϥ"/>
		<feat xlink:href="#sSpan699" value="ⲡⲉ"/>
		<feat xlink:href="#sSpan701" value="ϩⲏⲗⲉⲓⲁⲥ"/>
		<feat xlink:href="#sSpan704" value="ⲡⲉⲧⲛⲏⲩ"/>
		<feat xlink:href="#sSpan708" value="."/>
		<feat xlink:href="#sSpan710" value="ⲡⲉⲧⲉⲟⲩⲛⲧϥⲙⲁⲁϫⲉ"/>
		<feat xlink:href="#sSpan719" value="ⲙⲙⲁⲩ"/>
		<feat xlink:href="#sSpan721" value="ⲉⲥⲱⲧⲙ"/>
		<feat xlink:href="#sSpan724" value="ⲙⲁⲣⲉϥⲥⲱⲧⲙ"/>
		<feat xlink:href="#sSpan728" value="."/>
		<feat xlink:href="#sSpan731" value="ⲧⲉⲓⲅⲉⲛⲉⲁ"/>
		<feat xlink:href="#sSpan735" value="ⲇⲉ"/>
		<feat xlink:href="#sSpan737" value="ⲉⲓⲛⲁⲧⲛⲧⲱⲛⲥ"/>
		<feat xlink:href="#sSpan743" value="ⲉⲛⲓⲙ"/>
		<feat xlink:href="#sSpan746" value="."/>
		<feat xlink:href="#sSpan748" value="ⲉⲥⲧⲛⲧⲱⲛ"/>
		<feat xlink:href="#sSpan752" value="ⲉϩⲉⲛϣⲏⲣⲉ"/>
		<feat xlink:href="#sSpan758" value="ϣⲏⲙ"/>
		<feat xlink:href="#sSpan760" value="ⲉⲩϩⲙⲟⲟⲥ"/>
		<feat xlink:href="#sSpan764" value="ϩⲛⲛⲁⲅⲟⲣⲁ"/>
		<feat xlink:href="#sSpan769" value="."/>
		<feat xlink:href="#sSpan771" value="ⲛⲁⲓ"/>
		<feat xlink:href="#sSpan774" value="ⲉⲧⲙⲟⲩⲧⲉ"/>
		<feat xlink:href="#sSpan779" value="ⲉⲛⲉⲩϣⲃⲉⲉⲣ"/>
		<feat xlink:href="#sSpan784" value="ⲉⲩϫⲱ"/>
		<feat xlink:href="#sSpan789" value="ⲙⲙⲟⲥ"/>
		<feat xlink:href="#sSpan792" value="ϫⲉⲁⲛϫⲱ"/>
		<feat xlink:href="#sSpan797" value="ⲉⲣⲱⲧⲛ"/>
		<feat xlink:href="#sSpan800" value="ⲙⲡⲉⲧⲛϭⲟⲥϭⲥ"/>
		<feat xlink:href="#sSpan805" value="."/>
		<feat xlink:href="#sSpan807" value="ⲁⲛⲧⲟⲉⲓⲧ"/>
		<feat xlink:href="#sSpan811" value="ⲙⲡⲉⲧⲛⲛⲉϩⲡⲉ"/>
		<feat xlink:href="#sSpan817" value="."/>
		<feat xlink:href="#sSpan819" value="ⲁϥⲉⲓ"/>
		<feat xlink:href="#sSpan824" value="ⲅⲁⲣ"/>
		<feat xlink:href="#sSpan826" value="ⲛϭⲓⲓⲱϩⲁⲛⲛⲏⲥ"/>
		<feat xlink:href="#sSpan830" value="ⲉⲛϥⲟⲩⲱⲙ"/>
		<feat xlink:href="#sSpan835" value="ⲁⲛ"/>
		<feat xlink:href="#sSpan837" value="ⲟⲩⲇⲉ"/>
		<feat xlink:href="#sSpan839" value="ⲛϥⲥⲱ"/>
		<feat xlink:href="#sSpan843" value="ⲁⲛ"/>
		<feat xlink:href="#sSpan845" value="."/>
		<feat xlink:href="#sSpan847" value="ⲡⲉϫⲁⲩ"/>
		<feat xlink:href="#sSpan850" value="ϫⲉⲟⲩⲛⲟⲩⲇⲁⲓⲙⲱⲛⲓⲟⲛ"/>
		<feat xlink:href="#sSpan856" value="ϩⲓⲱⲱϥ"/>
		<feat xlink:href="#sSpan859" value="."/>
		<feat xlink:href="#sSpan861" value="ⲁϥⲉⲓ"/>
		<feat xlink:href="#sSpan866" value="ⲛϭⲓⲡϣⲏⲣⲉ"/>
		<feat xlink:href="#sSpan871" value="ⲙⲡⲣⲱⲙⲉ"/>
		<feat xlink:href="#sSpan875" value="ⲉϥⲟⲩⲱⲙ"/>
		<feat xlink:href="#sSpan879" value="ⲁⲩⲱ"/>
		<feat xlink:href="#sSpan881" value="ⲉϥⲥⲱ"/>
		<feat xlink:href="#sSpan885" value="."/>
		<feat xlink:href="#sSpan887" value="ⲡⲉϫⲁⲩ"/>
		<feat xlink:href="#sSpan890" value="ϫⲉⲉⲓⲥⲟⲩⲣⲱⲙⲉ"/>
		<feat xlink:href="#sSpan896" value="ⲛⲣⲉϥⲟⲩⲱⲙ"/>
		<feat xlink:href="#sSpan902" value="ⲁⲩⲱ"/>
		<feat xlink:href="#sSpan904" value="ⲛⲣⲉϥⲥⲉⲏⲣⲡ"/>
		<feat xlink:href="#sSpan910" value="ⲛϣⲃⲏⲣⲧⲉⲗⲱⲛⲏⲥ"/>
		<feat xlink:href="#sSpan916" value="ϩⲓⲣⲉϥⲣⲛⲟⲃⲉ"/>
		<feat xlink:href="#sSpan923" value="."/>
		<feat xlink:href="#sSpan925" value="ⲁⲩⲱ"/>
		<feat xlink:href="#sSpan927" value="ⲁⲥⲧⲙⲁⲓⲟ"/>
		<feat xlink:href="#sSpan931" value="ⲛϭⲓⲧⲥⲟⲫⲓⲁ"/>
		<feat xlink:href="#sSpan936" value="ⲉⲃⲟⲗ"/>
		<feat xlink:href="#sSpan939" value="ϩⲛⲛⲉⲥϩⲃⲏⲩⲉ"/>
		<feat xlink:href="#sSpan944" value="."/>
		<feat xlink:href="#sSpan946" value="ⲧⲟⲧⲉ"/>
		<feat xlink:href="#sSpan949" value="ⲁϥⲁⲣⲭⲉⲓ"/>
		<feat xlink:href="#sSpan953" value="ⲛϭⲓⲓⲏⲥⲟⲩⲥ"/>
		<feat xlink:href="#sSpan957" value="ⲛⲛⲟϭⲛⲉϭ"/>
		<feat xlink:href="#sSpan961" value="ⲛⲙⲡⲟⲗⲓⲥ"/>
		<feat xlink:href="#sSpan966" value="."/>
		<feat xlink:href="#sSpan968" value="ⲛⲁⲓ"/>
		<feat xlink:href="#sSpan970" value="ⲛⲧⲁⲡⲉϩⲟⲩⲟ"/>
		<feat xlink:href="#sSpan975" value="ⲛⲛⲉϥϭⲟⲙ"/>
		<feat xlink:href="#sSpan980" value="ϣⲱⲡⲉ"/>
		<feat xlink:href="#sSpan982" value="ϩⲣⲁⲓ"/>
		<feat xlink:href="#sSpan985" value="ⲛϩⲏⲧⲟⲩ"/>
		<feat xlink:href="#sSpan988" value="ϫⲉⲙⲡⲟⲩⲙⲉⲧⲁⲛⲟⲓ"/>
		<feat xlink:href="#sSpan993" value="."/>
		<feat xlink:href="#sSpan995" value="ϫⲉⲟⲩⲟⲓ"/>
		<feat xlink:href="#sSpan999" value="ⲛⲏⲭⲟⲣⲁⲍⲉⲓⲛ"/>
		<feat xlink:href="#sSpan1001" value="."/>
		<feat xlink:href="#sSpan1003" value="ⲟⲩⲟⲓ"/>
		<feat xlink:href="#sSpan1005" value="ⲛⲏⲃⲏⲇⲥⲁⲓⲇⲁ"/>
		<feat xlink:href="#sSpan1007" value="."/>
		<feat xlink:href="#sSpan1009" value="ϫⲉⲉⲛⲉⲛⲧⲁⲛϭⲟⲙ"/>
		<feat xlink:href="#sSpan1017" value="ⲛⲧⲁⲩϣⲱⲡⲉ"/>
		<feat xlink:href="#sSpan1022" value="ⲛϩⲏⲧⲧⲏⲩⲧⲛ"/>
		<feat xlink:href="#sSpan1025" value="ϣⲱⲡⲉ"/>
		<feat xlink:href="#sSpan1027" value="ϩⲛⲧⲩⲣⲟⲥ"/>
		<feat xlink:href="#sSpan1031" value="ⲙⲛⲥⲓⲇⲱⲛ"/>
		<feat xlink:href="#sSpan1035" value="ⲉϣϫⲉ"/>
		<feat xlink:href="#sSpan1037" value="ⲁⲩⲙⲉⲧⲁⲛⲟⲉⲓ"/>
		<feat xlink:href="#sSpan1041" value="ϩⲛⲟⲩϭⲟⲟⲩⲛⲉ"/>
		<feat xlink:href="#sSpan1046" value="ⲙⲛⲟⲩⲕⲣⲙⲉⲥ"/>
		<feat xlink:href="#sSpan1051" value="."/>
		<feat xlink:href="#sSpan1053" value="ⲡⲗⲏⲛ"/>
		<feat xlink:href="#sSpan1056" value="ϯϫⲱ"/>
		<feat xlink:href="#sSpan1059" value="ⲙⲙⲟⲥ"/>
		<feat xlink:href="#sSpan1062" value="ⲛⲏⲧⲛ"/>
		<feat xlink:href="#sSpan1065" value="."/>
		<feat xlink:href="#sSpan1067" value="ϫⲉⲟⲩⲛⲟⲩⲙⲧⲟⲛ"/>
		<feat xlink:href="#sSpan1073" value="ⲛⲁϣⲱⲡⲉ"/>
		<feat xlink:href="#sSpan1076" value="ⲛⲧⲩⲣⲟⲥ"/>
		<feat xlink:href="#sSpan1080" value="ⲙⲛⲥⲓⲇⲱⲛ"/>
		<feat xlink:href="#sSpan1084" value="ⲙⲡⲉϩⲟⲟⲩ"/>
		<feat xlink:href="#sSpan1089" value="ⲛⲧⲉⲕⲣⲓⲥⲓⲥ"/>
		<feat xlink:href="#sSpan1094" value="ⲉϩⲟⲩⲉⲉⲣⲱⲧⲛ"/>
		<feat xlink:href="#sSpan1096" value="."/>
		<feat xlink:href="#sSpan1098" value="ⲛⲧⲟ"/>
		<feat xlink:href="#sSpan1101" value="ϩⲱⲱⲧⲉ"/>
		<feat xlink:href="#sSpan1105" value="ⲕⲁⲫⲁⲣⲛⲁⲟⲩⲙ"/>
		<feat xlink:href="#sSpan1107" value="ⲙⲏ"/>
		<feat xlink:href="#sSpan1109" value="ⲧⲉⲛⲁϫⲓⲥⲉ"/>
		<feat xlink:href="#sSpan1113" value="ϣⲁⲉϩⲣⲁⲓ"/>
		<feat xlink:href="#sSpan1116" value="ⲉⲧⲡⲉ"/>
		<feat xlink:href="#sSpan1121" value="."/>
		<feat xlink:href="#sSpan1123" value="ⲧⲉⲛⲁⲃⲱⲕ"/>
		<feat xlink:href="#sSpan1128" value="ⲉⲡⲉⲥⲏⲧ"/>
		<feat xlink:href="#sSpan1132" value="ϣⲁⲁⲙⲛⲧⲉ"/>
		<feat xlink:href="#sSpan1136" value="ϫⲉⲉⲛⲉⲛⲧⲁⲛϭⲟⲙ"/>
		<feat xlink:href="#sSpan1144" value="ⲛⲧⲁⲩϣⲱⲡⲉ"/>
		<feat xlink:href="#sSpan1149" value="ϩⲣⲁⲓ"/>
		<feat xlink:href="#sSpan1151" value="ⲛϩⲏⲧⲉ"/>
		<feat xlink:href="#sSpan1155" value="ϣⲱⲡⲉ"/>
		<feat xlink:href="#sSpan1157" value="ϩⲛⲥⲟⲇⲟⲙⲁ"/>
		<feat xlink:href="#sSpan1161" value="ⲙⲛⲅⲟⲙⲟⲣⲣⲁ"/>
		<feat xlink:href="#sSpan1165" value="ⲛⲉⲩⲛⲁϭⲱ"/>
		<feat xlink:href="#sSpan1170" value="ⲡⲉ"/>
		<feat xlink:href="#sSpan1172" value="ϣⲁⲡⲟⲟⲩ"/>
		<feat xlink:href="#sSpan1177" value="ⲛϩⲟⲟⲩ"/>
		<feat xlink:href="#sSpan1180" value="."/>
		<feat xlink:href="#sSpan1182" value="ⲡⲗⲏⲛ"/>
		<feat xlink:href="#sSpan1185" value="ϯϫⲱ"/>
		<feat xlink:href="#sSpan1188" value="ⲙⲙⲟⲥ"/>
		<feat xlink:href="#sSpan1191" value="ⲛⲏⲧⲛ"/>
		<feat xlink:href="#sSpan1194" value="."/>
		<feat xlink:href="#sSpan1196" value="ϫⲉⲟⲩⲛⲟⲩⲙⲧⲟⲛ"/>
		<feat xlink:href="#sSpan1202" value="ⲛⲁϣⲱⲡⲉ"/>
		<feat xlink:href="#sSpan1205" value="ⲙⲡⲕⲁϩ"/>
		<feat xlink:href="#sSpan1210" value="ⲛⲥⲟⲇⲟⲙⲁ"/>
		<feat xlink:href="#sSpan1214" value="ⲙⲛⲅⲟⲙⲟⲣⲣⲁ"/>
		<feat xlink:href="#sSpan1218" value="ⲙⲡⲉϩⲟⲟⲩ"/>
		<feat xlink:href="#sSpan1223" value="ⲛⲧⲉⲕⲣⲓⲥⲓⲥ"/>
		<feat xlink:href="#sSpan1228" value="ⲉϩⲟⲩⲉⲉⲣⲟ"/>
		<feat xlink:href="#sSpan1231" value="."/>
		<feat xlink:href="#sSpan1233" value="ϩⲙⲡⲉⲩⲟⲉⲓϣ"/>
		<feat xlink:href="#sSpan1239" value="ⲉⲧⲙⲙⲁⲩ"/>
		<feat xlink:href="#sSpan1242" value="ⲁϥⲟⲩⲱϣⲃ"/>
		<feat xlink:href="#sSpan1246" value="ⲛϭⲓⲓⲏⲥⲟⲩⲥ"/>
		<feat xlink:href="#sSpan1250" value="ⲉϥϫⲱ"/>
		<feat xlink:href="#sSpan1254" value="ⲙⲙⲟⲥ"/>
		<feat xlink:href="#sSpan1257" value="ϫⲉϯⲉⲝⲟⲙⲟⲗⲟⲅⲉⲓ"/>
		<feat xlink:href="#sSpan1261" value="ⲛⲁⲕ"/>
		<feat xlink:href="#sSpan1264" value="ⲡⲁⲉⲓⲱⲧ"/>
		<feat xlink:href="#sSpan1268" value="ⲡϫⲟⲉⲓⲥ"/>
		<feat xlink:href="#sSpan1271" value="ⲛⲧⲡⲉ"/>
		<feat xlink:href="#sSpan1276" value="ⲙⲛⲡⲕⲁϩ"/>
		<feat xlink:href="#sSpan1281" value="."/>
		<feat xlink:href="#sSpan1283" value="ϫⲉⲛⲁⲓ"/>
		<feat xlink:href="#sSpan1287" value="ⲁⲕϩⲟⲡⲟⲩ"/>
		<feat xlink:href="#sSpan1292" value="ⲉⲛⲥⲟⲫⲟⲥ"/>
		<feat xlink:href="#sSpan1297" value="ⲙⲛⲛⲥⲁⲃⲉⲉⲩ"/>
		<feat xlink:href="#sSpan1302" value="ⲁⲕϭⲟⲗⲡⲟⲩ"/>
		<feat xlink:href="#sSpan1307" value="ⲇⲉ"/>
		<feat xlink:href="#sSpan1309" value="ⲉⲃⲟⲗ"/>
		<feat xlink:href="#sSpan1311" value="ⲛⲛϣⲏⲣⲉ"/>
		<feat xlink:href="#sSpan1317" value="ϣⲏⲙ"/>
		<feat xlink:href="#sSpan1319" value="."/>
		<feat xlink:href="#sSpan1321" value="ⲁϩⲉ"/>
		<feat xlink:href="#sSpan1326" value="ⲡⲁⲉⲓⲱⲧ"/>
		<feat xlink:href="#sSpan1329" value="ϫⲉⲛⲧⲁⲥⲣⲁⲛⲁⲕ"/>
		<feat xlink:href="#sSpan1338" value="ⲛⲧⲉⲓϩⲉ"/>
		<feat xlink:href="#sSpan1342" value="ⲙⲡⲉⲕⲙⲧⲟ"/>
		<feat xlink:href="#sSpan1347" value="ⲉⲃⲟⲗ"/>
		<feat xlink:href="#sSpan1349" value="."/>
		<feat xlink:href="#sSpan1351" value="ⲁⲩϯ"/>
		<feat xlink:href="#sSpan1356" value="ⲛⲁⲓ"/>
		<feat xlink:href="#sSpan1359" value="ⲙⲡⲧⲏⲣϥ"/>
		<feat xlink:href="#sSpan1366" value="ⲉⲃⲟⲗ"/>
		<feat xlink:href="#sSpan1369" value="ϩⲓⲧⲟⲟⲧϥ"/>
		<feat xlink:href="#sSpan1372" value="ⲙⲡⲁⲉⲓⲱⲧ"/>
		<feat xlink:href="#sSpan1377" value="ⲁⲩⲱ"/>
		<feat xlink:href="#sSpan1379" value="ⲙⲛⲗⲁⲁⲩ"/>
		<feat xlink:href="#sSpan1383" value="ⲥⲟⲟⲩⲛ"/>
		<feat xlink:href="#sSpan1385" value="ⲙⲡϣⲏⲣⲉ"/>
		<feat xlink:href="#sSpan1390" value="ⲉⲓ"/>
		<feat xlink:href="#sSpan1393" value="ⲙⲏⲧⲓ"/>
		<feat xlink:href="#sSpan1396" value="ⲡⲉⲓⲱⲧ"/>
		<feat xlink:href="#sSpan1399" value="ⲟⲩⲇⲉ"/>
		<feat xlink:href="#sSpan1401" value="ⲙⲛⲗⲁⲁⲩ"/>
		<feat xlink:href="#sSpan1405" value="ⲥⲟⲟⲩⲛ"/>
		<feat xlink:href="#sSpan1407" value="ⲙⲡⲉⲓⲱⲧ"/>
		<feat xlink:href="#sSpan1412" value="ⲉⲓⲙⲏⲧⲓ"/>
		<feat xlink:href="#sSpan1415" value="ⲡϣⲏⲣⲉ"/>
		<feat xlink:href="#sSpan1418" value="ⲙⲛⲡⲉⲧⲉⲣⲉⲡϣⲏⲣⲉ"/>
		<feat xlink:href="#sSpan1426" value="ⲛⲁⲟⲩⲱϣ"/>
		<feat xlink:href="#sSpan1429" value="ⲉⲟⲩⲱϣ"/>
		<feat xlink:href="#sSpan1433" value="ⲉⲩⲱⲛϩ"/>
		<feat xlink:href="#sSpan1437" value="ⲛⲁϥ"/>
		<feat xlink:href="#sSpan1440" value="ⲉⲃⲟⲗ"/>
		<feat xlink:href="#sSpan1442" value="."/>
		<feat xlink:href="#sSpan1444" value="ⲁⲙⲏⲓⲧⲛ"/>
		<feat xlink:href="#sSpan1448" value="ϣⲁⲣⲟⲓ"/>
		<feat xlink:href="#sSpan1451" value="ⲟⲩⲟⲛ"/>
		<feat xlink:href="#sSpan1455" value="ⲛⲓⲙ"/>
		<feat xlink:href="#sSpan1457" value="ⲉⲧϩⲟⲥⲉ"/>
		<feat xlink:href="#sSpan1462" value="ⲁⲩⲱ"/>
		<feat xlink:href="#sSpan1464" value="ⲉⲧⲟⲧⲡ"/>
		<feat xlink:href="#sSpan1467" value="."/>
		<feat xlink:href="#sSpan1469" value="ⲁⲩⲱ"/>
		<feat xlink:href="#sSpan1471" value="ⲁⲛⲟⲕ"/>
		<feat xlink:href="#sSpan1473" value="ϯⲛⲁϯⲙⲧⲟⲛ"/>
		<feat xlink:href="#sSpan1479" value="ⲛⲏⲧⲛ"/>
		<feat xlink:href="#sSpan1482" value="."/>
		<feat xlink:href="#sSpan1484" value="ϥⲓ"/>
		<feat xlink:href="#sSpan1487" value="ⲙⲡⲁⲛⲁϩⲃ"/>
		<feat xlink:href="#sSpan1492" value="ⲉϩⲣⲁⲓ"/>
		<feat xlink:href="#sSpan1494" value="ⲉϫⲛⲧⲏⲩⲧⲛ"/>
		<feat xlink:href="#sSpan1497" value="."/>
		<feat xlink:href="#sSpan1499" value="ⲛⲧⲉⲧⲛⲉⲓⲙⲉ"/>
		<feat xlink:href="#sSpan1503" value="ⲉⲃⲟⲗ"/>
		<feat xlink:href="#sSpan1505" value="ⲛϩⲏⲧ"/>
		<feat xlink:href="#sSpan1507" value="ϫⲉⲁⲛⲅⲟⲩⲣⲙⲣⲁϣ"/>
		<feat xlink:href="#sSpan1515" value="ⲁⲩⲱ"/>
		<feat xlink:href="#sSpan1517" value="ϯⲑⲃⲃⲓⲏⲩ"/>
		<feat xlink:href="#sSpan1520" value="ϩⲙⲡⲁϩⲏⲧ"/>
		<feat xlink:href="#sSpan1525" value="."/>
		<feat xlink:href="#sSpan1527" value="ⲧⲁⲣⲉⲧⲉⲧⲛϩⲉ"/>
		<feat xlink:href="#sSpan1532" value="ⲉⲩⲙⲧⲟⲛ"/>
		<feat xlink:href="#sSpan1536" value="ⲛⲛⲉⲯⲩⲭⲏ"/>
		<feat xlink:href="#sSpan1541" value="."/>
		<feat xlink:href="#sSpan1544" value="ⲡⲁⲛⲁϩⲃ"/>
		<feat xlink:href="#sSpan1548" value="ⲅⲁⲣ"/>
		<feat xlink:href="#sSpan1550" value="ⲛⲁϩⲗⲱϭϥ"/>
		<feat xlink:href="#sSpan1554" value="ⲁⲩⲱ"/>
		<feat xlink:href="#sSpan1556" value="ⲥⲁⲥⲱⲟⲩ"/>
		<feat xlink:href="#sSpan1559" value="ⲛϭⲓⲧⲁⲉⲧⲡⲱ"/>
		<feat xlink:href="#sSpan1564" value="."/></featList></paula>