<?xml version='1.0' encoding='UTF-8'?><!DOCTYPE paula SYSTEM "paula_feat.dtd">
<paula version="1.1">
	<header paula_id="scriptorium.40_Matthew_11.dep_func"/>
	<featList xmlns:xlink="http://www.w3.org/1999/xlink" type="func" xml:base="scriptorium.40_Matthew_11.dep.xml">
		<feat xlink:href="#sPointingRel1" value="nsubj"/>
		<feat xlink:href="#sPointingRel3" value="case"/>
		<feat xlink:href="#sPointingRel5" value="case"/>
		<feat xlink:href="#sPointingRel7" value="advmod"/>
		<feat xlink:href="#sPointingRel9" value="conj"/>
		<feat xlink:href="#sPointingRel11" value="cc"/>
		<feat xlink:href="#sPointingRel13" value="obj"/>
		<feat xlink:href="#sPointingRel15" value="case"/>
		<feat xlink:href="#sPointingRel17" value="case"/>
		<feat xlink:href="#sPointingRel19" value="nsubj"/>
		<feat xlink:href="#sPointingRel21" value="ccomp"/>
		<feat xlink:href="#sPointingRel23" value="mark"/>
		<feat xlink:href="#sPointingRel25" value="parataxis"/>
		<feat xlink:href="#sPointingRel27" value="aux"/>
		<feat xlink:href="#sPointingRel29" value="nsubj"/>
		<feat xlink:href="#sPointingRel31" value="conj"/>
		<feat xlink:href="#sPointingRel33" value="conj"/>
		<feat xlink:href="#sPointingRel35" value="nsubj"/>
		<feat xlink:href="#sPointingRel37" value="nsubj"/>
		<feat xlink:href="#sPointingRel39" value="case"/>
		<feat xlink:href="#sPointingRel41" value="ccomp"/>
		<feat xlink:href="#sPointingRel43" value="case"/>
		<feat xlink:href="#sPointingRel45" value="det"/>
		<feat xlink:href="#sPointingRel47" value="case"/>
		<feat xlink:href="#sPointingRel49" value="nsubj"/>
		<feat xlink:href="#sPointingRel51" value="conj"/>
		<feat xlink:href="#sPointingRel53" value="aux"/>
		<feat xlink:href="#sPointingRel55" value="conj"/>
		<feat xlink:href="#sPointingRel57" value="det"/>
		<feat xlink:href="#sPointingRel59" value="case"/>
		<feat xlink:href="#sPointingRel61" value="nsubj"/>
		<feat xlink:href="#sPointingRel63" value="obl"/>
		<feat xlink:href="#sPointingRel65" value="dislocated"/>
		<feat xlink:href="#sPointingRel67" value="case"/>
		<feat xlink:href="#sPointingRel69" value="case"/>
		<feat xlink:href="#sPointingRel71" value="parataxis"/>
		<feat xlink:href="#sPointingRel73" value="case"/>
		<feat xlink:href="#sPointingRel75" value="case"/>
		<feat xlink:href="#sPointingRel77" value="obl"/>
		<feat xlink:href="#sPointingRel79" value="case"/>
		<feat xlink:href="#sPointingRel81" value="advmod"/>
		<feat xlink:href="#sPointingRel83" value="case"/>
		<feat xlink:href="#sPointingRel85" value="mark"/>
		<feat xlink:href="#sPointingRel87" value="nsubj"/>
		<feat xlink:href="#sPointingRel89" value="obl"/>
		<feat xlink:href="#sPointingRel91" value="advmod"/>
		<feat xlink:href="#sPointingRel93" value="case"/>
		<feat xlink:href="#sPointingRel95" value="cop"/>
		<feat xlink:href="#sPointingRel97" value="dislocated"/>
		<feat xlink:href="#sPointingRel99" value="amod"/>
		<feat xlink:href="#sPointingRel101" value="obl"/>
		<feat xlink:href="#sPointingRel103" value="det"/>
		<feat xlink:href="#sPointingRel105" value="case"/>
		<feat xlink:href="#sPointingRel107" value="aux"/>
		<feat xlink:href="#sPointingRel109" value="parataxis"/>
		<feat xlink:href="#sPointingRel111" value="cc"/>
		<feat xlink:href="#sPointingRel113" value="nsubj"/>
		<feat xlink:href="#sPointingRel115" value="fixed"/>
		<feat xlink:href="#sPointingRel117" value="parataxis"/>
		<feat xlink:href="#sPointingRel119" value="mark"/>
		<feat xlink:href="#sPointingRel121" value="det"/>
		<feat xlink:href="#sPointingRel123" value="nsubj"/>
		<feat xlink:href="#sPointingRel125" value="case"/>
		<feat xlink:href="#sPointingRel127" value="obl"/>
		<feat xlink:href="#sPointingRel129" value="case"/>
		<feat xlink:href="#sPointingRel131" value="parataxis"/>
		<feat xlink:href="#sPointingRel133" value="obl"/>
		<feat xlink:href="#sPointingRel135" value="det"/>
		<feat xlink:href="#sPointingRel137" value="acl"/>
		<feat xlink:href="#sPointingRel139" value="advmod"/>
		<feat xlink:href="#sPointingRel141" value="nsubj"/>
		<feat xlink:href="#sPointingRel143" value="obj"/>
		<feat xlink:href="#sPointingRel145" value="case"/>
		<feat xlink:href="#sPointingRel147" value="det"/>
		<feat xlink:href="#sPointingRel149" value="advcl"/>
		<feat xlink:href="#sPointingRel151" value="aux"/>
		<feat xlink:href="#sPointingRel153" value="mark"/>
		<feat xlink:href="#sPointingRel155" value="nsubj"/>
		<feat xlink:href="#sPointingRel157" value="acl"/>
		<feat xlink:href="#sPointingRel159" value="case"/>
		<feat xlink:href="#sPointingRel161" value="mark"/>
		<feat xlink:href="#sPointingRel163" value="mark"/>
		<feat xlink:href="#sPointingRel165" value="dislocated"/>
		<feat xlink:href="#sPointingRel167" value="case"/>
		<feat xlink:href="#sPointingRel169" value="nsubj"/>
		<feat xlink:href="#sPointingRel171" value="obl"/>
		<feat xlink:href="#sPointingRel173" value="dislocated"/>
		<feat xlink:href="#sPointingRel175" value="nmod"/>
		<feat xlink:href="#sPointingRel177" value="obl"/>
		<feat xlink:href="#sPointingRel179" value="case"/>
		<feat xlink:href="#sPointingRel181" value="obl"/>
		<feat xlink:href="#sPointingRel183" value="nsubj"/>
		<feat xlink:href="#sPointingRel185" value="nmod"/>
		<feat xlink:href="#sPointingRel187" value="obj"/>
		<feat xlink:href="#sPointingRel189" value="aux"/>
		<feat xlink:href="#sPointingRel191" value="advcl"/>
		<feat xlink:href="#sPointingRel193" value="case"/>
		<feat xlink:href="#sPointingRel195" value="nmod"/>
		<feat xlink:href="#sPointingRel197" value="mark"/>
		<feat xlink:href="#sPointingRel199" value="det"/>
		<feat xlink:href="#sPointingRel201" value="nsubj"/>
		<feat xlink:href="#sPointingRel203" value="aux"/>
		<feat xlink:href="#sPointingRel205" value="ccomp"/>
		<feat xlink:href="#sPointingRel207" value="nmod"/>
		<feat xlink:href="#sPointingRel209" value="conj"/>
		<feat xlink:href="#sPointingRel211" value="obl"/>
		<feat xlink:href="#sPointingRel213" value="advmod"/>
		<feat xlink:href="#sPointingRel215" value="cc"/>
		<feat xlink:href="#sPointingRel217" value="mark"/>
		<feat xlink:href="#sPointingRel219" value="conj"/>
		<feat xlink:href="#sPointingRel221" value="advcl"/>
		<feat xlink:href="#sPointingRel223" value="case"/>
		<feat xlink:href="#sPointingRel225" value="case"/>
		<feat xlink:href="#sPointingRel227" value="dislocated"/>
		<feat xlink:href="#sPointingRel229" value="advmod"/>
		<feat xlink:href="#sPointingRel231" value="obl"/>
		<feat xlink:href="#sPointingRel233" value="aux"/>
		<feat xlink:href="#sPointingRel235" value="case"/>
		<feat xlink:href="#sPointingRel237" value="case"/>
		<feat xlink:href="#sPointingRel239" value="conj"/>
		<feat xlink:href="#sPointingRel241" value="case"/>
		<feat xlink:href="#sPointingRel243" value="obl"/>
		<feat xlink:href="#sPointingRel245" value="conj"/>
		<feat xlink:href="#sPointingRel247" value="mark"/>
		<feat xlink:href="#sPointingRel249" value="nsubj"/>
		<feat xlink:href="#sPointingRel251" value="obl"/>
		<feat xlink:href="#sPointingRel253" value="mark"/>
		<feat xlink:href="#sPointingRel255" value="nsubj"/>
		<feat xlink:href="#sPointingRel257" value="nmod"/>
		<feat xlink:href="#sPointingRel259" value="advmod"/>
		<feat xlink:href="#sPointingRel261" value="advmod"/>
		<feat xlink:href="#sPointingRel263" value="obj"/>
		<feat xlink:href="#sPointingRel265" value="iobj"/>
		<feat xlink:href="#sPointingRel267" value="obl"/>
		<feat xlink:href="#sPointingRel269" value="nsubj"/>
		<feat xlink:href="#sPointingRel271" value="aux"/>
		<feat xlink:href="#sPointingRel273" value="det"/>
		<feat xlink:href="#sPointingRel275" value="parataxis"/>
		<feat xlink:href="#sPointingRel277" value="det"/>
		<feat xlink:href="#sPointingRel279" value="nsubj"/>
		<feat xlink:href="#sPointingRel281" value="mark"/>
		<feat xlink:href="#sPointingRel283" value="case"/>
		<feat xlink:href="#sPointingRel285" value="cc"/>
		<feat xlink:href="#sPointingRel287" value="obl"/>
		<feat xlink:href="#sPointingRel289" value="det"/>
		<feat xlink:href="#sPointingRel291" value="cc"/>
		<feat xlink:href="#sPointingRel293" value="det"/>
		<feat xlink:href="#sPointingRel295" value="case"/>
		<feat xlink:href="#sPointingRel297" value="aux"/>
		<feat xlink:href="#sPointingRel299" value="advmod"/>
		<feat xlink:href="#sPointingRel301" value="det"/>
		<feat xlink:href="#sPointingRel303" value="mark"/>
		<feat xlink:href="#sPointingRel305" value="det"/>
		<feat xlink:href="#sPointingRel307" value="mark"/>
		<feat xlink:href="#sPointingRel309" value="mark"/>
		<feat xlink:href="#sPointingRel311" value="conj"/>
		<feat xlink:href="#sPointingRel313" value="advmod"/>
		<feat xlink:href="#sPointingRel315" value="appos"/>
		<feat xlink:href="#sPointingRel317" value="obj"/>
		<feat xlink:href="#sPointingRel319" value="case"/>
		<feat xlink:href="#sPointingRel321" value="obj"/>
		<feat xlink:href="#sPointingRel323" value="obl"/>
		<feat xlink:href="#sPointingRel325" value="case"/>
		<feat xlink:href="#sPointingRel327" value="fixed"/>
		<feat xlink:href="#sPointingRel329" value="det"/>
		<feat xlink:href="#sPointingRel331" value="det"/>
		<feat xlink:href="#sPointingRel333" value="case"/>
		<feat xlink:href="#sPointingRel335" value="nsubj"/>
		<feat xlink:href="#sPointingRel337" value="case"/>
		<feat xlink:href="#sPointingRel339" value="nsubj"/>
		<feat xlink:href="#sPointingRel341" value="fixed"/>
		<feat xlink:href="#sPointingRel343" value="nsubj"/>
		<feat xlink:href="#sPointingRel345" value="det"/>
		<feat xlink:href="#sPointingRel347" value="mark"/>
		<feat xlink:href="#sPointingRel349" value="obj"/>
		<feat xlink:href="#sPointingRel351" value="case"/>
		<feat xlink:href="#sPointingRel353" value="advcl"/>
		<feat xlink:href="#sPointingRel355" value="mark"/>
		<feat xlink:href="#sPointingRel357" value="obl"/>
		<feat xlink:href="#sPointingRel359" value="det"/>
		<feat xlink:href="#sPointingRel361" value="csubj"/>
		<feat xlink:href="#sPointingRel363" value="case"/>
		<feat xlink:href="#sPointingRel365" value="nmod"/>
		<feat xlink:href="#sPointingRel367" value="mark"/>
		<feat xlink:href="#sPointingRel369" value="ccomp"/>
		<feat xlink:href="#sPointingRel371" value="acl"/>
		<feat xlink:href="#sPointingRel373" value="mark"/>
		<feat xlink:href="#sPointingRel375" value="nmod"/>
		<feat xlink:href="#sPointingRel377" value="advcl"/>
		<feat xlink:href="#sPointingRel379" value="mark"/>
		<feat xlink:href="#sPointingRel381" value="mark"/>
		<feat xlink:href="#sPointingRel383" value="advmod"/>
		<feat xlink:href="#sPointingRel385" value="nmod"/>
		<feat xlink:href="#sPointingRel387" value="cc"/>
		<feat xlink:href="#sPointingRel389" value="nmod"/>
		<feat xlink:href="#sPointingRel391" value="advmod"/>
		<feat xlink:href="#sPointingRel393" value="det"/>
		<feat xlink:href="#sPointingRel395" value="vocative"/>
		<feat xlink:href="#sPointingRel397" value="mark"/>
		<feat xlink:href="#sPointingRel399" value="obl"/>
		<feat xlink:href="#sPointingRel401" value="nsubj"/>
		<feat xlink:href="#sPointingRel403" value="det"/>
		<feat xlink:href="#sPointingRel405" value="advmod"/>
		<feat xlink:href="#sPointingRel407" value="nsubj"/>
		<feat xlink:href="#sPointingRel409" value="conj"/>
		<feat xlink:href="#sPointingRel411" value="aux"/>
		<feat xlink:href="#sPointingRel413" value="det"/>
		<feat xlink:href="#sPointingRel415" value="case"/>
		<feat xlink:href="#sPointingRel417" value="case"/>
		<feat xlink:href="#sPointingRel419" value="mark"/>
		<feat xlink:href="#sPointingRel421" value="advcl"/>
		<feat xlink:href="#sPointingRel423" value="parataxis"/>
		<feat xlink:href="#sPointingRel425" value="det"/>
		<feat xlink:href="#sPointingRel427" value="advmod"/>
		<feat xlink:href="#sPointingRel429" value="nsubj"/>
		<feat xlink:href="#sPointingRel431" value="mark"/>
		<feat xlink:href="#sPointingRel433" value="case"/>
		<feat xlink:href="#sPointingRel435" value="xcomp"/>
		<feat xlink:href="#sPointingRel437" value="cc"/>
		<feat xlink:href="#sPointingRel439" value="cc"/>
		<feat xlink:href="#sPointingRel441" value="dislocated"/>
		<feat xlink:href="#sPointingRel443" value="nsubj"/>
		<feat xlink:href="#sPointingRel445" value="aux"/>
		<feat xlink:href="#sPointingRel447" value="cop"/>
		<feat xlink:href="#sPointingRel449" value="obj"/>
		<feat xlink:href="#sPointingRel451" value="aux"/>
		<feat xlink:href="#sPointingRel453" value="cc"/>
		<feat xlink:href="#sPointingRel455" value="obl"/>
		<feat xlink:href="#sPointingRel457" value="aux"/>
		<feat xlink:href="#sPointingRel459" value="aux"/>
		<feat xlink:href="#sPointingRel461" value="mark"/>
		<feat xlink:href="#sPointingRel463" value="dislocated"/>
		<feat xlink:href="#sPointingRel465" value="obl"/>
		<feat xlink:href="#sPointingRel467" value="amod"/>
		<feat xlink:href="#sPointingRel469" value="obl"/>
		<feat xlink:href="#sPointingRel471" value="cc"/>
		<feat xlink:href="#sPointingRel473" value="conj"/>
		<feat xlink:href="#sPointingRel475" value="case"/>
		<feat xlink:href="#sPointingRel477" value="case"/>
		<feat xlink:href="#sPointingRel479" value="advcl"/>
		<feat xlink:href="#sPointingRel481" value="obj"/>
		<feat xlink:href="#sPointingRel483" value="advcl"/>
		<feat xlink:href="#sPointingRel485" value="dislocated"/>
		<feat xlink:href="#sPointingRel487" value="advcl"/>
		<feat xlink:href="#sPointingRel489" value="nmod"/>
		<feat xlink:href="#sPointingRel491" value="det"/>
		<feat xlink:href="#sPointingRel493" value="advmod"/>
		<feat xlink:href="#sPointingRel495" value="obl"/>
		<feat xlink:href="#sPointingRel497" value="case"/>
		<feat xlink:href="#sPointingRel499" value="det"/>
		<feat xlink:href="#sPointingRel501" value="aux"/>
		<feat xlink:href="#sPointingRel503" value="nsubj"/>
		<feat xlink:href="#sPointingRel505" value="case"/>
		<feat xlink:href="#sPointingRel507" value="det"/>
		<feat xlink:href="#sPointingRel509" value="obl"/>
		<feat xlink:href="#sPointingRel511" value="obl"/>
		<feat xlink:href="#sPointingRel513" value="acl"/>
		<feat xlink:href="#sPointingRel515" value="case"/>
		<feat xlink:href="#sPointingRel517" value="nsubj"/>
		<feat xlink:href="#sPointingRel519" value="aux"/>
		<feat xlink:href="#sPointingRel521" value="case"/>
		<feat xlink:href="#sPointingRel523" value="nsubj"/>
		<feat xlink:href="#sPointingRel525" value="case"/>
		<feat xlink:href="#sPointingRel527" value="mark"/>
		<feat xlink:href="#sPointingRel529" value="case"/>
		<feat xlink:href="#sPointingRel531" value="case"/>
		<feat xlink:href="#sPointingRel533" value="case"/>
		<feat xlink:href="#sPointingRel535" value="cop"/>
		<feat xlink:href="#sPointingRel537" value="nsubj"/>
		<feat xlink:href="#sPointingRel539" value="nmod"/>
		<feat xlink:href="#sPointingRel541" value="case"/>
		<feat xlink:href="#sPointingRel543" value="mark"/>
		<feat xlink:href="#sPointingRel545" value="mark"/>
		<feat xlink:href="#sPointingRel547" value="obl"/>
		<feat xlink:href="#sPointingRel549" value="nsubj"/>
		<feat xlink:href="#sPointingRel551" value="nsubj"/>
		<feat xlink:href="#sPointingRel553" value="nsubj"/>
		<feat xlink:href="#sPointingRel555" value="cop"/>
		<feat xlink:href="#sPointingRel557" value="advmod"/>
		<feat xlink:href="#sPointingRel559" value="det"/>
		<feat xlink:href="#sPointingRel561" value="case"/>
		<feat xlink:href="#sPointingRel563" value="det"/>
		<feat xlink:href="#sPointingRel565" value="det"/>
		<feat xlink:href="#sPointingRel567" value="mark"/>
		<feat xlink:href="#sPointingRel569" value="nsubj"/>
		<feat xlink:href="#sPointingRel571" value="advmod"/>
		<feat xlink:href="#sPointingRel573" value="aux"/>
		<feat xlink:href="#sPointingRel575" value="case"/>
		<feat xlink:href="#sPointingRel577" value="case"/>
		<feat xlink:href="#sPointingRel579" value="case"/>
		<feat xlink:href="#sPointingRel581" value="det"/>
		<feat xlink:href="#sPointingRel583" value="advmod"/>
		<feat xlink:href="#sPointingRel585" value="det"/>
		<feat xlink:href="#sPointingRel587" value="obl"/>
		<feat xlink:href="#sPointingRel589" value="xcomp"/>
		<feat xlink:href="#sPointingRel591" value="det"/>
		<feat xlink:href="#sPointingRel593" value="case"/>
		<feat xlink:href="#sPointingRel595" value="nsubj"/>
		<feat xlink:href="#sPointingRel597" value="aux"/>
		<feat xlink:href="#sPointingRel599" value="case"/>
		<feat xlink:href="#sPointingRel601" value="aux"/>
		<feat xlink:href="#sPointingRel603" value="fixed"/>
		<feat xlink:href="#sPointingRel605" value="conj"/>
		<feat xlink:href="#sPointingRel607" value="nsubj"/>
		<feat xlink:href="#sPointingRel609" value="parataxis"/>
		<feat xlink:href="#sPointingRel611" value="obl"/>
		<feat xlink:href="#sPointingRel613" value="det"/>
		<feat xlink:href="#sPointingRel615" value="cc"/>
		<feat xlink:href="#sPointingRel617" value="obj"/>
		<feat xlink:href="#sPointingRel619" value="mark"/>
		<feat xlink:href="#sPointingRel621" value="mark"/>
		<feat xlink:href="#sPointingRel623" value="nsubj"/>
		<feat xlink:href="#sPointingRel625" value="case"/>
		<feat xlink:href="#sPointingRel627" value="det"/>
		<feat xlink:href="#sPointingRel629" value="cc"/>
		<feat xlink:href="#sPointingRel631" value="advcl"/>
		<feat xlink:href="#sPointingRel633" value="mark"/>
		<feat xlink:href="#sPointingRel635" value="advcl"/>
		<feat xlink:href="#sPointingRel637" value="conj"/>
		<feat xlink:href="#sPointingRel639" value="obl"/>
		<feat xlink:href="#sPointingRel641" value="cc"/>
		<feat xlink:href="#sPointingRel643" value="obl"/>
		<feat xlink:href="#sPointingRel645" value="cc"/>
		<feat xlink:href="#sPointingRel647" value="advmod"/>
		<feat xlink:href="#sPointingRel649" value="det"/>
		<feat xlink:href="#sPointingRel651" value="advcl"/>
		<feat xlink:href="#sPointingRel653" value="case"/>
		<feat xlink:href="#sPointingRel655" value="case"/>
		<feat xlink:href="#sPointingRel657" value="obl"/>
		<feat xlink:href="#sPointingRel659" value="nsubj"/>
		<feat xlink:href="#sPointingRel661" value="acl"/>
		<feat xlink:href="#sPointingRel663" value="nmod"/>
		<feat xlink:href="#sPointingRel665" value="det"/>
		<feat xlink:href="#sPointingRel667" value="case"/>
		<feat xlink:href="#sPointingRel669" value="aux"/>
		<feat xlink:href="#sPointingRel671" value="nmod"/>
		<feat xlink:href="#sPointingRel673" value="mark"/>
		<feat xlink:href="#sPointingRel675" value="conj"/>
		<feat xlink:href="#sPointingRel677" value="det"/>
		<feat xlink:href="#sPointingRel679" value="aux"/>
		<feat xlink:href="#sPointingRel681" value="det"/>
		<feat xlink:href="#sPointingRel683" value="nsubj"/>
		<feat xlink:href="#sPointingRel685" value="advmod"/>
		<feat xlink:href="#sPointingRel687" value="det"/>
		<feat xlink:href="#sPointingRel689" value="advmod"/>
		<feat xlink:href="#sPointingRel691" value="ccomp"/>
		<feat xlink:href="#sPointingRel693" value="aux"/>
		<feat xlink:href="#sPointingRel695" value="cc"/>
		<feat xlink:href="#sPointingRel697" value="dislocated"/>
		<feat xlink:href="#sPointingRel699" value="obl"/>
		<feat xlink:href="#sPointingRel701" value="obj"/>
		<feat xlink:href="#sPointingRel703" value="aux"/>
		<feat xlink:href="#sPointingRel705" value="det"/>
		<feat xlink:href="#sPointingRel707" value="mark"/>
		<feat xlink:href="#sPointingRel709" value="obl"/>
		<feat xlink:href="#sPointingRel711" value="obl"/>
		<feat xlink:href="#sPointingRel713" value="case"/>
		<feat xlink:href="#sPointingRel715" value="case"/>
		<feat xlink:href="#sPointingRel717" value="aux"/>
		<feat xlink:href="#sPointingRel719" value="case"/>
		<feat xlink:href="#sPointingRel721" value="nsubj"/>
		<feat xlink:href="#sPointingRel723" value="advcl"/>
		<feat xlink:href="#sPointingRel725" value="det"/>
		<feat xlink:href="#sPointingRel727" value="aux"/>
		<feat xlink:href="#sPointingRel729" value="parataxis"/>
		<feat xlink:href="#sPointingRel731" value="det"/>
		<feat xlink:href="#sPointingRel733" value="det"/>
		<feat xlink:href="#sPointingRel735" value="det"/>
		<feat xlink:href="#sPointingRel737" value="mark"/>
		<feat xlink:href="#sPointingRel739" value="ccomp"/>
		<feat xlink:href="#sPointingRel741" value="dislocated"/>
		<feat xlink:href="#sPointingRel743" value="conj"/>
		<feat xlink:href="#sPointingRel745" value="det"/>
		<feat xlink:href="#sPointingRel747" value="nsubj"/>
		<feat xlink:href="#sPointingRel749" value="aux"/>
		<feat xlink:href="#sPointingRel751" value="aux"/>
		<feat xlink:href="#sPointingRel753" value="appos"/>
		<feat xlink:href="#sPointingRel755" value="case"/>
		<feat xlink:href="#sPointingRel757" value="case"/>
		<feat xlink:href="#sPointingRel759" value="conj"/>
		<feat xlink:href="#sPointingRel761" value="obl"/>
		<feat xlink:href="#sPointingRel763" value="mark"/>
		<feat xlink:href="#sPointingRel765" value="ccomp"/>
		<feat xlink:href="#sPointingRel767" value="xcomp"/>
		<feat xlink:href="#sPointingRel769" value="acl"/>
		<feat xlink:href="#sPointingRel771" value="csubj"/>
		<feat xlink:href="#sPointingRel773" value="case"/>
		<feat xlink:href="#sPointingRel775" value="parataxis"/>
		<feat xlink:href="#sPointingRel777" value="case"/>
		<feat xlink:href="#sPointingRel779" value="aux"/>
		<feat xlink:href="#sPointingRel781" value="acl"/>
		<feat xlink:href="#sPointingRel783" value="det"/>
		<feat xlink:href="#sPointingRel785" value="advcl"/>
		<feat xlink:href="#sPointingRel787" value="advcl"/>
		<feat xlink:href="#sPointingRel789" value="conj"/>
		<feat xlink:href="#sPointingRel791" value="nsubj"/>
		<feat xlink:href="#sPointingRel793" value="xcomp"/>
		<feat xlink:href="#sPointingRel795" value="nmod"/>
		<feat xlink:href="#sPointingRel797" value="nmod"/>
		<feat xlink:href="#sPointingRel799" value="advcl"/>
		<feat xlink:href="#sPointingRel801" value="aux"/>
		<feat xlink:href="#sPointingRel803" value="det"/>
		<feat xlink:href="#sPointingRel805" value="mark"/>
		<feat xlink:href="#sPointingRel807" value="aux"/>
		<feat xlink:href="#sPointingRel809" value="case"/>
		<feat xlink:href="#sPointingRel811" value="det"/>
		<feat xlink:href="#sPointingRel813" value="obl"/>
		<feat xlink:href="#sPointingRel815" value="aux"/>
		<feat xlink:href="#sPointingRel817" value="det"/>
		<feat xlink:href="#sPointingRel819" value="case"/>
		<feat xlink:href="#sPointingRel821" value="case"/>
		<feat xlink:href="#sPointingRel823" value="det"/>
		<feat xlink:href="#sPointingRel825" value="case"/>
		<feat xlink:href="#sPointingRel827" value="case"/>
		<feat xlink:href="#sPointingRel829" value="conj"/>
		<feat xlink:href="#sPointingRel831" value="obl"/>
		<feat xlink:href="#sPointingRel833" value="nsubj"/>
		<feat xlink:href="#sPointingRel835" value="det"/>
		<feat xlink:href="#sPointingRel837" value="case"/>
		<feat xlink:href="#sPointingRel839" value="acl"/>
		<feat xlink:href="#sPointingRel841" value="fixed"/>
		<feat xlink:href="#sPointingRel843" value="case"/>
		<feat xlink:href="#sPointingRel845" value="det"/>
		<feat xlink:href="#sPointingRel847" value="aux"/>
		<feat xlink:href="#sPointingRel849" value="case"/>
		<feat xlink:href="#sPointingRel851" value="aux"/>
		<feat xlink:href="#sPointingRel853" value="obj"/>
		<feat xlink:href="#sPointingRel855" value="aux"/>
		<feat xlink:href="#sPointingRel857" value="nmod"/>
		<feat xlink:href="#sPointingRel859" value="nsubj"/>
		<feat xlink:href="#sPointingRel861" value="ccomp"/>
		<feat xlink:href="#sPointingRel863" value="obl"/>
		<feat xlink:href="#sPointingRel865" value="cop"/>
		<feat xlink:href="#sPointingRel867" value="obj"/>
		<feat xlink:href="#sPointingRel869" value="nmod"/>
		<feat xlink:href="#sPointingRel871" value="advmod"/>
		<feat xlink:href="#sPointingRel873" value="mark"/>
		<feat xlink:href="#sPointingRel875" value="case"/>
		<feat xlink:href="#sPointingRel877" value="det"/>
		<feat xlink:href="#sPointingRel879" value="aux"/>
		<feat xlink:href="#sPointingRel881" value="obl"/>
		<feat xlink:href="#sPointingRel883" value="case"/>
		<feat xlink:href="#sPointingRel885" value="obl"/>
		<feat xlink:href="#sPointingRel887" value="obj"/>
		<feat xlink:href="#sPointingRel889" value="nsubj"/>
		<feat xlink:href="#sPointingRel891" value="case"/>
		<feat xlink:href="#sPointingRel893" value="det"/>
		<feat xlink:href="#sPointingRel895" value="case"/>
		<feat xlink:href="#sPointingRel897" value="mark"/>
		<feat xlink:href="#sPointingRel899" value="case"/>
		<feat xlink:href="#sPointingRel901" value="case"/>
		<feat xlink:href="#sPointingRel903" value="obl"/>
		<feat xlink:href="#sPointingRel905" value="cc"/>
		<feat xlink:href="#sPointingRel907" value="advmod"/>
		<feat xlink:href="#sPointingRel909" value="advmod"/>
		<feat xlink:href="#sPointingRel911" value="advcl"/>
		<feat xlink:href="#sPointingRel913" value="obl"/>
		<feat xlink:href="#sPointingRel915" value="fixed"/>
		<feat xlink:href="#sPointingRel917" value="mark"/>
		<feat xlink:href="#sPointingRel919" value="det"/>
		<feat xlink:href="#sPointingRel921" value="obl"/>
		<feat xlink:href="#sPointingRel923" value="case"/>
		<feat xlink:href="#sPointingRel925" value="mark"/>
		<feat xlink:href="#sPointingRel927" value="acl"/>
		<feat xlink:href="#sPointingRel929" value="mark"/>
		<feat xlink:href="#sPointingRel931" value="conj"/>
		<feat xlink:href="#sPointingRel933" value="fixed"/>
		<feat xlink:href="#sPointingRel935" value="det"/>
		<feat xlink:href="#sPointingRel937" value="parataxis"/>
		<feat xlink:href="#sPointingRel939" value="advmod"/>
		<feat xlink:href="#sPointingRel941" value="case"/>
		<feat xlink:href="#sPointingRel943" value="obl"/>
		<feat xlink:href="#sPointingRel945" value="case"/>
		<feat xlink:href="#sPointingRel947" value="aux"/>
		<feat xlink:href="#sPointingRel949" value="xcomp"/>
		<feat xlink:href="#sPointingRel951" value="det"/>
		<feat xlink:href="#sPointingRel953" value="mark"/>
		<feat xlink:href="#sPointingRel955" value="mark"/>
		<feat xlink:href="#sPointingRel957" value="obj"/>
		<feat xlink:href="#sPointingRel959" value="case"/>
		<feat xlink:href="#sPointingRel961" value="case"/>
		<feat xlink:href="#sPointingRel963" value="advcl"/>
		<feat xlink:href="#sPointingRel965" value="obl"/>
		<feat xlink:href="#sPointingRel967" value="appos"/>
		<feat xlink:href="#sPointingRel969" value="det"/>
		<feat xlink:href="#sPointingRel971" value="vocative"/>
		<feat xlink:href="#sPointingRel973" value="case"/>
		<feat xlink:href="#sPointingRel975" value="case"/>
		<feat xlink:href="#sPointingRel977" value="nsubj"/>
		<feat xlink:href="#sPointingRel979" value="case"/>
		<feat xlink:href="#sPointingRel981" value="mark"/>
		<feat xlink:href="#sPointingRel983" value="case"/>
		<feat xlink:href="#sPointingRel985" value="aux"/>
		<feat xlink:href="#sPointingRel987" value="advmod"/>
		<feat xlink:href="#sPointingRel989" value="aux"/>
		<feat xlink:href="#sPointingRel991" value="obl"/>
		<feat xlink:href="#sPointingRel993" value="parataxis"/>
		<feat xlink:href="#sPointingRel995" value="det"/>
		<feat xlink:href="#sPointingRel997" value="aux"/>
		<feat xlink:href="#sPointingRel999" value="obl:npmod"/>
		<feat xlink:href="#sPointingRel1001" value="nsubj"/>
		<feat xlink:href="#sPointingRel1003" value="det"/>
		<feat xlink:href="#sPointingRel1005" value="aux"/>
		<feat xlink:href="#sPointingRel1007" value="case"/>
		<feat xlink:href="#sPointingRel1009" value="case"/>
		<feat xlink:href="#sPointingRel1011" value="mark"/>
		<feat xlink:href="#sPointingRel1013" value="cc"/>
		<feat xlink:href="#sPointingRel1015" value="advmod"/>
		<feat xlink:href="#sPointingRel1017" value="det"/>
		<feat xlink:href="#sPointingRel1019" value="case"/>
		<feat xlink:href="#sPointingRel1021" value="det"/>
		<feat xlink:href="#sPointingRel1023" value="case"/>
		<feat xlink:href="#sPointingRel1025" value="cc"/>
		<feat xlink:href="#sPointingRel1027" value="obl"/>
		<feat xlink:href="#sPointingRel1029" value="aux"/>
		<feat xlink:href="#sPointingRel1031" value="nmod"/>
		<feat xlink:href="#sPointingRel1033" value="nmod"/>
		<feat xlink:href="#sPointingRel1035" value="case"/>
		<feat xlink:href="#sPointingRel1037" value="det"/>
		<feat xlink:href="#sPointingRel1039" value="det"/>
		<feat xlink:href="#sPointingRel1041" value="obl"/>
		<feat xlink:href="#sPointingRel1043" value="mark"/>
		<feat xlink:href="#sPointingRel1045" value="case"/>
		<feat xlink:href="#sPointingRel1047" value="advmod"/>
		<feat xlink:href="#sPointingRel1049" value="advmod"/>
		<feat xlink:href="#sPointingRel1051" value="obl"/>
		<feat xlink:href="#sPointingRel1053" value="det"/>
		<feat xlink:href="#sPointingRel1055" value="aux"/>
		<feat xlink:href="#sPointingRel1057" value="obl"/>
		<feat xlink:href="#sPointingRel1059" value="case"/>
		<feat xlink:href="#sPointingRel1061" value="cc"/>
		<feat xlink:href="#sPointingRel1063" value="fixed"/>
		<feat xlink:href="#sPointingRel1065" value="mark"/>
		<feat xlink:href="#sPointingRel1067" value="case"/>
		<feat xlink:href="#sPointingRel1069" value="nsubj"/>
		<feat xlink:href="#sPointingRel1071" value="ccomp"/>
		<feat xlink:href="#sPointingRel1073" value="nsubj"/>
		<feat xlink:href="#sPointingRel1075" value="mark"/>
		<feat xlink:href="#sPointingRel1077" value="nsubj"/>
		<feat xlink:href="#sPointingRel1079" value="dislocated"/>
		<feat xlink:href="#sPointingRel1081" value="det"/>
		<feat xlink:href="#sPointingRel1083" value="cc"/>
		<feat xlink:href="#sPointingRel1085" value="obl"/>
		<feat xlink:href="#sPointingRel1087" value="obl"/>
		<feat xlink:href="#sPointingRel1089" value="obl"/>
		<feat xlink:href="#sPointingRel1091" value="aux"/>
		<feat xlink:href="#sPointingRel1093" value="case"/>
		<feat xlink:href="#sPointingRel1095" value="nsubj"/>
		<feat xlink:href="#sPointingRel1097" value="obl"/>
		<feat xlink:href="#sPointingRel1099" value="obl"/>
		<feat xlink:href="#sPointingRel1101" value="fixed"/>
		<feat xlink:href="#sPointingRel1103" value="det"/>
		<feat xlink:href="#sPointingRel1105" value="nsubj"/>
		<feat xlink:href="#sPointingRel1107" value="det"/>
		<feat xlink:href="#sPointingRel1109" value="xcomp"/>
		<feat xlink:href="#sPointingRel1111" value="parataxis"/>
		<feat xlink:href="#sPointingRel1113" value="mark"/>
		<feat xlink:href="#sPointingRel1115" value="conj"/>
		<feat xlink:href="#sPointingRel1117" value="obl"/>
		<feat xlink:href="#sPointingRel1119" value="mark"/>
		<feat xlink:href="#sPointingRel1121" value="case"/>
		<feat xlink:href="#sPointingRel1123" value="nsubj"/>
		<feat xlink:href="#sPointingRel1125" value="obl"/>
		<feat xlink:href="#sPointingRel1127" value="csubj"/>
		<feat xlink:href="#sPointingRel1129" value="obl"/>
		<feat xlink:href="#sPointingRel1131" value="ccomp"/>
		<feat xlink:href="#sPointingRel1133" value="aux"/>
		<feat xlink:href="#sPointingRel1135" value="mark"/>
		<feat xlink:href="#sPointingRel1137" value="nsubj"/>
		<feat xlink:href="#sPointingRel1139" value="advcl"/>
		<feat xlink:href="#sPointingRel1141" value="conj"/>
		<feat xlink:href="#sPointingRel1143" value="nsubj"/>
		<feat xlink:href="#sPointingRel1145" value="advcl"/>
		<feat xlink:href="#sPointingRel1147" value="case"/>
		<feat xlink:href="#sPointingRel1149" value="acl"/>
		<feat xlink:href="#sPointingRel1151" value="advmod"/>
		<feat xlink:href="#sPointingRel1153" value="mark"/>
		<feat xlink:href="#sPointingRel1155" value="conj"/>
		<feat xlink:href="#sPointingRel1157" value="advcl"/>
		<feat xlink:href="#sPointingRel1159" value="det"/>
		<feat xlink:href="#sPointingRel1161" value="mark"/>
		<feat xlink:href="#sPointingRel1163" value="obl"/>
		<feat xlink:href="#sPointingRel1165" value="advmod"/>
		<feat xlink:href="#sPointingRel1167" value="obl"/>
		<feat xlink:href="#sPointingRel1169" value="advcl"/>
		<feat xlink:href="#sPointingRel1171" value="obj"/>
		<feat xlink:href="#sPointingRel1173" value="mark"/>
		<feat xlink:href="#sPointingRel1175" value="nsubj"/>
		<feat xlink:href="#sPointingRel1177" value="det"/>
		<feat xlink:href="#sPointingRel1179" value="obj"/>
		<feat xlink:href="#sPointingRel1181" value="cop"/>
		<feat xlink:href="#sPointingRel1183" value="det"/>
		<feat xlink:href="#sPointingRel1185" value="case"/>
		<feat xlink:href="#sPointingRel1187" value="det"/>
		<feat xlink:href="#sPointingRel1189" value="case"/>
		<feat xlink:href="#sPointingRel1191" value="dislocated"/>
		<feat xlink:href="#sPointingRel1193" value="det"/>
		<feat xlink:href="#sPointingRel1195" value="aux"/>
		<feat xlink:href="#sPointingRel1197" value="mark"/>
		<feat xlink:href="#sPointingRel1199" value="advmod"/>
		<feat xlink:href="#sPointingRel1201" value="advmod"/>
		<feat xlink:href="#sPointingRel1203" value="advmod"/>
		<feat xlink:href="#sPointingRel1205" value="nsubj"/>
		<feat xlink:href="#sPointingRel1207" value="det"/>
		<feat xlink:href="#sPointingRel1209" value="advmod"/>
		<feat xlink:href="#sPointingRel1211" value="conj"/>
		<feat xlink:href="#sPointingRel1213" value="mark"/>
		<feat xlink:href="#sPointingRel1215" value="mark"/>
		<feat xlink:href="#sPointingRel1217" value="det"/>
		<feat xlink:href="#sPointingRel1219" value="obl"/>
		<feat xlink:href="#sPointingRel1221" value="det"/>
		<feat xlink:href="#sPointingRel1223" value="det"/>
		<feat xlink:href="#sPointingRel1225" value="nsubj"/>
		<feat xlink:href="#sPointingRel1227" value="det"/>
		<feat xlink:href="#sPointingRel1229" value="det"/>
		<feat xlink:href="#sPointingRel1231" value="det"/>
		<feat xlink:href="#sPointingRel1233" value="nsubj"/>
		<feat xlink:href="#sPointingRel1235" value="advmod"/>
		<feat xlink:href="#sPointingRel1237" value="cc"/>
		<feat xlink:href="#sPointingRel1239" value="nsubj"/>
		<feat xlink:href="#sPointingRel1241" value="nsubj"/>
		<feat xlink:href="#sPointingRel1243" value="aux"/>
		<feat xlink:href="#sPointingRel1245" value="nsubj"/>
		<feat xlink:href="#sPointingRel1247" value="nsubj"/>
		<feat xlink:href="#sPointingRel1249" value="parataxis"/>
		<feat xlink:href="#sPointingRel1251" value="dislocated"/>
		<feat xlink:href="#sPointingRel1253" value="aux"/>
		<feat xlink:href="#sPointingRel1255" value="aux"/>
		<feat xlink:href="#sPointingRel1257" value="det"/>
		<feat xlink:href="#sPointingRel1259" value="obl"/>
		<feat xlink:href="#sPointingRel1261" value="ccomp"/>
		<feat xlink:href="#sPointingRel1263" value="det"/>
		<feat xlink:href="#sPointingRel1265" value="mark"/>
		<feat xlink:href="#sPointingRel1267" value="aux"/>
		<feat xlink:href="#sPointingRel1269" value="nmod"/>
		<feat xlink:href="#sPointingRel1271" value="xcomp"/>
		<feat xlink:href="#sPointingRel1273" value="obl"/>
		<feat xlink:href="#sPointingRel1275" value="advcl"/>
		<feat xlink:href="#sPointingRel1277" value="obj"/>
		<feat xlink:href="#sPointingRel1279" value="obl"/>
		<feat xlink:href="#sPointingRel1281" value="mark"/>
		<feat xlink:href="#sPointingRel1283" value="advmod"/>
		<feat xlink:href="#sPointingRel1285" value="det"/>
		<feat xlink:href="#sPointingRel1287" value="nsubj"/>
		<feat xlink:href="#sPointingRel1289" value="case"/>
		<feat xlink:href="#sPointingRel1291" value="case"/>
		<feat xlink:href="#sPointingRel1293" value="det"/>
		<feat xlink:href="#sPointingRel1295" value="case"/>
		<feat xlink:href="#sPointingRel1297" value="nsubj"/>
		<feat xlink:href="#sPointingRel1299" value="dislocated"/>
		<feat xlink:href="#sPointingRel1301" value="mark"/>
		<feat xlink:href="#sPointingRel1303" value="det"/>
		<feat xlink:href="#sPointingRel1305" value="nsubj"/>
		<feat xlink:href="#sPointingRel1307" value="nsubj"/>
		<feat xlink:href="#sPointingRel1309" value="det"/>
		<feat xlink:href="#sPointingRel1311" value="fixed"/>
		<feat xlink:href="#sPointingRel1313" value="nsubj"/>
		<feat xlink:href="#sPointingRel1315" value="dislocated"/>
		<feat xlink:href="#sPointingRel1317" value="advmod"/>
		<feat xlink:href="#sPointingRel1319" value="case"/>
		<feat xlink:href="#sPointingRel1321" value="nsubj"/>
		<feat xlink:href="#sPointingRel1323" value="flat"/>
		<feat xlink:href="#sPointingRel1325" value="obl"/>
		<feat xlink:href="#sPointingRel1327" value="obl"/>
		<feat xlink:href="#sPointingRel1329" value="obl"/>
		<feat xlink:href="#sPointingRel1331" value="nmod"/>
		<feat xlink:href="#sPointingRel1333" value="case"/>
		<feat xlink:href="#sPointingRel1335" value="aux"/>
		<feat xlink:href="#sPointingRel1337" value="mark"/>
		<feat xlink:href="#sPointingRel1339" value="case"/>
		<feat xlink:href="#sPointingRel1341" value="case"/>
		<feat xlink:href="#sPointingRel1343" value="advmod"/>
		<feat xlink:href="#sPointingRel1345" value="obl"/>
		<feat xlink:href="#sPointingRel1347" value="case"/>
		<feat xlink:href="#sPointingRel1349" value="case"/>
		<feat xlink:href="#sPointingRel1351" value="advmod"/>
		<feat xlink:href="#sPointingRel1353" value="det"/>
		<feat xlink:href="#sPointingRel1355" value="det"/>
		<feat xlink:href="#sPointingRel1357" value="det"/>
		<feat xlink:href="#sPointingRel1359" value="case"/>
		<feat xlink:href="#sPointingRel1361" value="acl"/>
		<feat xlink:href="#sPointingRel1363" value="nsubj"/>
		<feat xlink:href="#sPointingRel1365" value="aux"/>
		<feat xlink:href="#sPointingRel1367" value="obj"/>
		<feat xlink:href="#sPointingRel1369" value="dislocated"/>
		<feat xlink:href="#sPointingRel1371" value="cc"/>
		<feat xlink:href="#sPointingRel1373" value="aux"/>
		<feat xlink:href="#sPointingRel1375" value="ccomp"/>
		<feat xlink:href="#sPointingRel1377" value="case"/>
		<feat xlink:href="#sPointingRel1379" value="case"/>
		<feat xlink:href="#sPointingRel1381" value="advmod"/>
		<feat xlink:href="#sPointingRel1383" value="obj"/>
		<feat xlink:href="#sPointingRel1385" value="case"/>
		<feat xlink:href="#sPointingRel1387" value="nmod"/>
		<feat xlink:href="#sPointingRel1389" value="obl"/>
		<feat xlink:href="#sPointingRel1391" value="advmod"/>
		<feat xlink:href="#sPointingRel1393" value="obl"/>
		<feat xlink:href="#sPointingRel1395" value="nsubj"/>
		<feat xlink:href="#sPointingRel1397" value="mark"/>
		<feat xlink:href="#sPointingRel1399" value="nmod"/>
		<feat xlink:href="#sPointingRel1401" value="acl"/>
		<feat xlink:href="#sPointingRel1403" value="nmod"/>
		<feat xlink:href="#sPointingRel1405" value="aux"/>
		<feat xlink:href="#sPointingRel1407" value="mark"/>
		<feat xlink:href="#sPointingRel1409" value="cc"/>
		<feat xlink:href="#sPointingRel1411" value="mark"/>
		<feat xlink:href="#sPointingRel1413" value="nsubj"/>
		<feat xlink:href="#sPointingRel1415" value="det"/>
		<feat xlink:href="#sPointingRel1417" value="dislocated"/>
		<feat xlink:href="#sPointingRel1419" value="appos"/>
		<feat xlink:href="#sPointingRel1421" value="parataxis"/>
		<feat xlink:href="#sPointingRel1423" value="aux"/>
		<feat xlink:href="#sPointingRel1425" value="nsubj"/>
		<feat xlink:href="#sPointingRel1427" value="det"/>
		<feat xlink:href="#sPointingRel1429" value="mark"/>
		<feat xlink:href="#sPointingRel1431" value="obl"/>
		<feat xlink:href="#sPointingRel1433" value="case"/>
		<feat xlink:href="#sPointingRel1435" value="nsubj"/>
		<feat xlink:href="#sPointingRel1437" value="parataxis"/>
		<feat xlink:href="#sPointingRel1439" value="obl"/>
		<feat xlink:href="#sPointingRel1441" value="parataxis"/>
		<feat xlink:href="#sPointingRel1443" value="nsubj"/>
		<feat xlink:href="#sPointingRel1445" value="ccomp"/>
		<feat xlink:href="#sPointingRel1447" value="nsubj"/>
		<feat xlink:href="#sPointingRel1449" value="advcl"/>
		<feat xlink:href="#sPointingRel1451" value="acl"/>
		<feat xlink:href="#sPointingRel1453" value="case"/>
		<feat xlink:href="#sPointingRel1455" value="mark"/>
		<feat xlink:href="#sPointingRel1457" value="nsubj"/>
		<feat xlink:href="#sPointingRel1459" value="dislocated"/>
		<feat xlink:href="#sPointingRel1461" value="obj"/>
		<feat xlink:href="#sPointingRel1463" value="obl"/>
		<feat xlink:href="#sPointingRel1465" value="case"/>
		<feat xlink:href="#sPointingRel1467" value="nsubj"/>
		<feat xlink:href="#sPointingRel1469" value="obl"/>
		<feat xlink:href="#sPointingRel1471" value="case"/>
		<feat xlink:href="#sPointingRel1473" value="obl"/>
		<feat xlink:href="#sPointingRel1475" value="advcl"/>
		<feat xlink:href="#sPointingRel1477" value="case"/>
		<feat xlink:href="#sPointingRel1479" value="nsubj"/>
		<feat xlink:href="#sPointingRel1481" value="case"/>
		<feat xlink:href="#sPointingRel1483" value="det"/>
		<feat xlink:href="#sPointingRel1485" value="vocative"/>
		<feat xlink:href="#sPointingRel1487" value="aux"/>
		<feat xlink:href="#sPointingRel1489" value="ccomp"/>
		<feat xlink:href="#sPointingRel1491" value="obj"/>
		<feat xlink:href="#sPointingRel1493" value="advcl"/>
		<feat xlink:href="#sPointingRel1495" value="obj"/>
		<feat xlink:href="#sPointingRel1497" value="obl"/>
		<feat xlink:href="#sPointingRel1499" value="mark"/>
		<feat xlink:href="#sPointingRel1501" value="obl"/>
		<feat xlink:href="#sPointingRel1503" value="advmod"/>
		<feat xlink:href="#sPointingRel1505" value="nsubj"/>
		<feat xlink:href="#sPointingRel1507" value="acl"/>
		<feat xlink:href="#sPointingRel1509" value="aux"/>
		<feat xlink:href="#sPointingRel1511" value="nsubj"/>
		<feat xlink:href="#sPointingRel1513" value="advmod"/>
		<feat xlink:href="#sPointingRel1515" value="case"/>
		<feat xlink:href="#sPointingRel1517" value="cc"/>
		<feat xlink:href="#sPointingRel1519" value="nmod"/>
		<feat xlink:href="#sPointingRel1521" value="obj"/>
		<feat xlink:href="#sPointingRel1523" value="obl"/>
		<feat xlink:href="#sPointingRel1525" value="det"/>
		<feat xlink:href="#sPointingRel1527" value="det"/>
		<feat xlink:href="#sPointingRel1529" value="mark"/>
		<feat xlink:href="#sPointingRel1531" value="advmod"/>
		<feat xlink:href="#sPointingRel1533" value="obl"/>
		<feat xlink:href="#sPointingRel1535" value="obj"/>
		<feat xlink:href="#sPointingRel1537" value="nsubj"/>
		<feat xlink:href="#sPointingRel1539" value="case"/>
		<feat xlink:href="#sPointingRel1541" value="nsubj"/>
		<feat xlink:href="#sPointingRel1543" value="nmod"/>
		<feat xlink:href="#sPointingRel1545" value="parataxis"/>
		<feat xlink:href="#sPointingRel1547" value="case"/>
		<feat xlink:href="#sPointingRel1549" value="det"/>
		<feat xlink:href="#sPointingRel1551" value="case"/>
		<feat xlink:href="#sPointingRel1553" value="det"/>
		<feat xlink:href="#sPointingRel1555" value="nsubj"/>
		<feat xlink:href="#sPointingRel1557" value="advmod"/>
		<feat xlink:href="#sPointingRel1559" value="obj"/>
		<feat xlink:href="#sPointingRel1561" value="case"/>
		<feat xlink:href="#sPointingRel1563" value="nsubj"/>
		<feat xlink:href="#sPointingRel1565" value="obl"/>
		<feat xlink:href="#sPointingRel1567" value="nmod"/>
		<feat xlink:href="#sPointingRel1569" value="nsubj"/>
		<feat xlink:href="#sPointingRel1571" value="acl"/>
		<feat xlink:href="#sPointingRel1573" value="case"/>
		<feat xlink:href="#sPointingRel1575" value="case"/>
		<feat xlink:href="#sPointingRel1577" value="nsubj"/>
		<feat xlink:href="#sPointingRel1579" value="dislocated"/>
		<feat xlink:href="#sPointingRel1581" value="obl"/>
		<feat xlink:href="#sPointingRel1583" value="case"/>
		<feat xlink:href="#sPointingRel1585" value="mark"/>
		<feat xlink:href="#sPointingRel1587" value="cc"/>
		<feat xlink:href="#sPointingRel1589" value="det"/>
		<feat xlink:href="#sPointingRel1591" value="case"/>
		<feat xlink:href="#sPointingRel1593" value="mark"/>
		<feat xlink:href="#sPointingRel1595" value="cc"/>
		<feat xlink:href="#sPointingRel1597" value="mark"/>
		<feat xlink:href="#sPointingRel1599" value="case"/>
		<feat xlink:href="#sPointingRel1601" value="nsubj"/>
		<feat xlink:href="#sPointingRel1603" value="mark"/>
		<feat xlink:href="#sPointingRel1605" value="mark"/>
		<feat xlink:href="#sPointingRel1607" value="appos"/>
		<feat xlink:href="#sPointingRel1609" value="case"/>
		<feat xlink:href="#sPointingRel1611" value="det"/>
		<feat xlink:href="#sPointingRel1613" value="nmod"/>
		<feat xlink:href="#sPointingRel1615" value="obj"/>
		<feat xlink:href="#sPointingRel1617" value="nsubj"/>
		<feat xlink:href="#sPointingRel1619" value="nsubj"/>
		<feat xlink:href="#sPointingRel1621" value="det"/>
		<feat xlink:href="#sPointingRel1623" value="nsubj"/>
		<feat xlink:href="#sPointingRel1625" value="det"/>
		<feat xlink:href="#sPointingRel1627" value="det"/>
		<feat xlink:href="#sPointingRel1629" value="acl"/>
		<feat xlink:href="#sPointingRel1631" value="aux"/>
		<feat xlink:href="#sPointingRel1633" value="case"/>
		<feat xlink:href="#sPointingRel1635" value="advmod"/>
		<feat xlink:href="#sPointingRel1637" value="ccomp"/>
		<feat xlink:href="#sPointingRel1639" value="ccomp"/>
		<feat xlink:href="#sPointingRel1641" value="case"/></featList></paula>