<?xml version='1.0' encoding='UTF-8'?><!DOCTYPE paula SYSTEM "paula_rel.dtd">
<paula version="1.1">
	<header paula_id="scriptorium.40_Matthew_11.head"/>
	<relList xmlns:xlink="http://www.w3.org/1999/xlink" type="head">
		<rel id="sPointingRel1643" xlink:href="scriptorium.40_Matthew_11.mark.xml#sSpan576" target="scriptorium.40_Matthew_11.mark.xml#sSpan578"/>
		<rel id="sPointingRel1645" xlink:href="scriptorium.40_Matthew_11.mark.xml#sSpan1248" target="scriptorium.40_Matthew_11.mark.xml#sSpan1247"/>
		<rel id="sPointingRel1647" xlink:href="scriptorium.40_Matthew_11.mark.xml#sSpan868" target="scriptorium.40_Matthew_11.mark.xml#sSpan869"/>
		<rel id="sPointingRel1649" xlink:href="scriptorium.40_Matthew_11.mark.xml#sSpan112" target="scriptorium.40_Matthew_11.mark.xml#sSpan113"/>
		<rel id="sPointingRel1651" xlink:href="scriptorium.40_Matthew_11.mark.xml#sSpan222" target="scriptorium.40_Matthew_11.mark.xml#sSpan224"/>
		<rel id="sPointingRel1653" xlink:href="scriptorium.40_Matthew_11.mark.xml#sSpan205" target="scriptorium.40_Matthew_11.mark.xml#sSpan204"/>
		<rel id="sPointingRel1655" xlink:href="scriptorium.40_Matthew_11.mark.xml#sSpan914" target="scriptorium.40_Matthew_11.mark.xml#sSpan913"/>
		<rel id="sPointingRel1657" xlink:href="scriptorium.40_Matthew_11.mark.xml#sSpan397" target="scriptorium.40_Matthew_11.mark.xml#sSpan398"/>
		<rel id="sPointingRel1659" xlink:href="scriptorium.40_Matthew_11.mark.xml#sSpan459" target="scriptorium.40_Matthew_11.mark.xml#sSpan458"/>
		<rel id="sPointingRel1661" xlink:href="scriptorium.40_Matthew_11.mark.xml#sSpan364" target="scriptorium.40_Matthew_11.mark.xml#sSpan365"/>
		<rel id="sPointingRel1663" xlink:href="scriptorium.40_Matthew_11.mark.xml#sSpan1538" target="scriptorium.40_Matthew_11.mark.xml#sSpan1539"/>
		<rel id="sPointingRel1665" xlink:href="scriptorium.40_Matthew_11.mark.xml#sSpan587" target="scriptorium.40_Matthew_11.mark.xml#sSpan589"/>
		<rel id="sPointingRel1667" xlink:href="scriptorium.40_Matthew_11.mark.xml#sSpan1459" target="scriptorium.40_Matthew_11.mark.xml#sSpan1460"/>
		<rel id="sPointingRel1669" xlink:href="scriptorium.40_Matthew_11.mark.xml#sSpan776" target="scriptorium.40_Matthew_11.mark.xml#sSpan777"/>
		<rel id="sPointingRel1671" xlink:href="scriptorium.40_Matthew_11.mark.xml#sSpan30" target="scriptorium.40_Matthew_11.mark.xml#sSpan29"/>
		<rel id="sPointingRel1673" xlink:href="scriptorium.40_Matthew_11.mark.xml#sSpan1174" target="scriptorium.40_Matthew_11.mark.xml#sSpan1175"/>
		<rel id="sPointingRel1675" xlink:href="scriptorium.40_Matthew_11.mark.xml#sSpan661" target="scriptorium.40_Matthew_11.mark.xml#sSpan663"/>
		<rel id="sPointingRel1677" xlink:href="scriptorium.40_Matthew_11.mark.xml#sSpan433" target="scriptorium.40_Matthew_11.mark.xml#sSpan434"/>
		<rel id="sPointingRel1679" xlink:href="scriptorium.40_Matthew_11.mark.xml#sSpan506" target="scriptorium.40_Matthew_11.mark.xml#sSpan507"/>
		<rel id="sPointingRel1681" xlink:href="scriptorium.40_Matthew_11.mark.xml#sSpan540" target="scriptorium.40_Matthew_11.mark.xml#sSpan541"/>
		<rel id="sPointingRel1683" xlink:href="scriptorium.40_Matthew_11.mark.xml#sSpan1104" target="scriptorium.40_Matthew_11.mark.xml#sSpan1103"/>
		<rel id="sPointingRel1685" xlink:href="scriptorium.40_Matthew_11.mark.xml#sSpan255" target="scriptorium.40_Matthew_11.mark.xml#sSpan254"/>
		<rel id="sPointingRel1687" xlink:href="scriptorium.40_Matthew_11.mark.xml#sSpan568" target="scriptorium.40_Matthew_11.mark.xml#sSpan569"/>
		<rel id="sPointingRel1689" xlink:href="scriptorium.40_Matthew_11.mark.xml#sSpan1134" target="scriptorium.40_Matthew_11.mark.xml#sSpan1133"/>
		<rel id="sPointingRel1691" xlink:href="scriptorium.40_Matthew_11.mark.xml#sSpan919" target="scriptorium.40_Matthew_11.mark.xml#sSpan918"/>
		<rel id="sPointingRel1693" xlink:href="scriptorium.40_Matthew_11.mark.xml#sSpan1225" target="scriptorium.40_Matthew_11.mark.xml#sSpan1226"/>
		<rel id="sPointingRel1695" xlink:href="scriptorium.40_Matthew_11.mark.xml#sSpan450" target="scriptorium.40_Matthew_11.mark.xml#sSpan451"/>
		<rel id="sPointingRel1697" xlink:href="scriptorium.40_Matthew_11.mark.xml#sSpan1199" target="scriptorium.40_Matthew_11.mark.xml#sSpan1200"/>
		<rel id="sPointingRel1699" xlink:href="scriptorium.40_Matthew_11.mark.xml#sSpan237" target="scriptorium.40_Matthew_11.mark.xml#sSpan236"/>
		<rel id="sPointingRel1701" xlink:href="scriptorium.40_Matthew_11.mark.xml#sSpan195" target="scriptorium.40_Matthew_11.mark.xml#sSpan196"/>
		<rel id="sPointingRel1703" xlink:href="scriptorium.40_Matthew_11.mark.xml#sSpan628" target="scriptorium.40_Matthew_11.mark.xml#sSpan629"/>
		<rel id="sPointingRel1705" xlink:href="scriptorium.40_Matthew_11.mark.xml#sSpan155" target="scriptorium.40_Matthew_11.mark.xml#sSpan154"/>
		<rel id="sPointingRel1707" xlink:href="scriptorium.40_Matthew_11.mark.xml#sSpan1220" target="scriptorium.40_Matthew_11.mark.xml#sSpan1221"/>
		<rel id="sPointingRel1709" xlink:href="scriptorium.40_Matthew_11.mark.xml#sSpan1153" target="scriptorium.40_Matthew_11.mark.xml#sSpan1152"/>
		<rel id="sPointingRel1711" xlink:href="scriptorium.40_Matthew_11.mark.xml#sSpan673" target="scriptorium.40_Matthew_11.mark.xml#sSpan674"/>
		<rel id="sPointingRel1713" xlink:href="scriptorium.40_Matthew_11.mark.xml#sSpan545" target="scriptorium.40_Matthew_11.mark.xml#sSpan546"/>
		<rel id="sPointingRel1715" xlink:href="scriptorium.40_Matthew_11.mark.xml#sSpan912" target="scriptorium.40_Matthew_11.mark.xml#sSpan911"/>
		<rel id="sPointingRel1717" xlink:href="scriptorium.40_Matthew_11.mark.xml#sSpan1236" target="scriptorium.40_Matthew_11.mark.xml#sSpan1237"/>
		<rel id="sPointingRel1719" xlink:href="scriptorium.40_Matthew_11.mark.xml#sSpan1086" target="scriptorium.40_Matthew_11.mark.xml#sSpan1087"/>
		<rel id="sPointingRel1721" xlink:href="scriptorium.40_Matthew_11.mark.xml#sSpan781" target="scriptorium.40_Matthew_11.mark.xml#sSpan782"/>
		<rel id="sPointingRel1723" xlink:href="scriptorium.40_Matthew_11.mark.xml#sSpan453" target="scriptorium.40_Matthew_11.mark.xml#sSpan452"/>
		<rel id="sPointingRel1725" xlink:href="scriptorium.40_Matthew_11.mark.xml#sSpan498" target="scriptorium.40_Matthew_11.mark.xml#sSpan496"/>
		<rel id="sPointingRel1727" xlink:href="scriptorium.40_Matthew_11.mark.xml#sSpan296" target="scriptorium.40_Matthew_11.mark.xml#sSpan297"/>
		<rel id="sPointingRel1729" xlink:href="scriptorium.40_Matthew_11.mark.xml#sSpan609" target="scriptorium.40_Matthew_11.mark.xml#sSpan608"/>
		<rel id="sPointingRel1731" xlink:href="scriptorium.40_Matthew_11.mark.xml#sSpan1374" target="scriptorium.40_Matthew_11.mark.xml#sSpan1375"/>
		<rel id="sPointingRel1733" xlink:href="scriptorium.40_Matthew_11.mark.xml#sSpan802" target="scriptorium.40_Matthew_11.mark.xml#sSpan803"/>
		<rel id="sPointingRel1735" xlink:href="scriptorium.40_Matthew_11.mark.xml#sSpan717" target="scriptorium.40_Matthew_11.mark.xml#sSpan716"/>
		<rel id="sPointingRel1737" xlink:href="scriptorium.40_Matthew_11.mark.xml#sSpan276" target="scriptorium.40_Matthew_11.mark.xml#sSpan275"/>
		<rel id="sPointingRel1739" xlink:href="scriptorium.40_Matthew_11.mark.xml#sSpan1091" target="scriptorium.40_Matthew_11.mark.xml#sSpan1092"/>
		<rel id="sPointingRel1741" xlink:href="scriptorium.40_Matthew_11.mark.xml#sSpan1299" target="scriptorium.40_Matthew_11.mark.xml#sSpan1300"/>
		<rel id="sPointingRel1743" xlink:href="scriptorium.40_Matthew_11.mark.xml#sSpan711" target="scriptorium.40_Matthew_11.mark.xml#sSpan709"/>
		<rel id="sPointingRel1745" xlink:href="scriptorium.40_Matthew_11.mark.xml#sSpan959" target="scriptorium.40_Matthew_11.mark.xml#sSpan958"/>
		<rel id="sPointingRel1747" xlink:href="scriptorium.40_Matthew_11.mark.xml#sSpan639" target="scriptorium.40_Matthew_11.mark.xml#sSpan638"/>
		<rel id="sPointingRel1749" xlink:href="scriptorium.40_Matthew_11.mark.xml#sSpan1212" target="scriptorium.40_Matthew_11.mark.xml#sSpan1211"/>
		<rel id="sPointingRel1751" xlink:href="scriptorium.40_Matthew_11.mark.xml#sSpan905" target="scriptorium.40_Matthew_11.mark.xml#sSpan907"/>
		<rel id="sPointingRel1753" xlink:href="scriptorium.40_Matthew_11.mark.xml#sSpan535" target="scriptorium.40_Matthew_11.mark.xml#sSpan536"/>
		<rel id="sPointingRel1755" xlink:href="scriptorium.40_Matthew_11.mark.xml#sSpan1070" target="scriptorium.40_Matthew_11.mark.xml#sSpan1071"/>
		<rel id="sPointingRel1757" xlink:href="scriptorium.40_Matthew_11.mark.xml#sSpan92" target="scriptorium.40_Matthew_11.mark.xml#sSpan93"/>
		<rel id="sPointingRel1759" xlink:href="scriptorium.40_Matthew_11.mark.xml#sSpan645" target="scriptorium.40_Matthew_11.mark.xml#sSpan648"/>
		<rel id="sPointingRel1761" xlink:href="scriptorium.40_Matthew_11.mark.xml#sSpan23" target="scriptorium.40_Matthew_11.mark.xml#sSpan25"/>
		<rel id="sPointingRel1763" xlink:href="scriptorium.40_Matthew_11.mark.xml#sSpan550" target="scriptorium.40_Matthew_11.mark.xml#sSpan549"/>
		<rel id="sPointingRel1765" xlink:href="scriptorium.40_Matthew_11.mark.xml#sSpan1294" target="scriptorium.40_Matthew_11.mark.xml#sSpan1295"/>
		<rel id="sPointingRel1767" xlink:href="scriptorium.40_Matthew_11.mark.xml#sSpan1141" target="scriptorium.40_Matthew_11.mark.xml#sSpan1142"/>
		<rel id="sPointingRel1769" xlink:href="scriptorium.40_Matthew_11.mark.xml#sSpan1285" target="scriptorium.40_Matthew_11.mark.xml#sSpan1284"/>
		<rel id="sPointingRel1771" xlink:href="scriptorium.40_Matthew_11.mark.xml#sSpan333" target="scriptorium.40_Matthew_11.mark.xml#sSpan334"/>
		<rel id="sPointingRel1773" xlink:href="scriptorium.40_Matthew_11.mark.xml#sSpan374" target="scriptorium.40_Matthew_11.mark.xml#sSpan375"/>
		<rel id="sPointingRel1775" xlink:href="scriptorium.40_Matthew_11.mark.xml#sSpan1325" target="scriptorium.40_Matthew_11.mark.xml#sSpan1327"/>
		<rel id="sPointingRel1777" xlink:href="scriptorium.40_Matthew_11.mark.xml#sSpan621" target="scriptorium.40_Matthew_11.mark.xml#sSpan623"/>
		<rel id="sPointingRel1779" xlink:href="scriptorium.40_Matthew_11.mark.xml#sSpan754" target="scriptorium.40_Matthew_11.mark.xml#sSpan755"/>
		<rel id="sPointingRel1781" xlink:href="scriptorium.40_Matthew_11.mark.xml#sSpan1395" target="scriptorium.40_Matthew_11.mark.xml#sSpan1397"/>
		<rel id="sPointingRel1783" xlink:href="scriptorium.40_Matthew_11.mark.xml#sSpan1216" target="scriptorium.40_Matthew_11.mark.xml#sSpan1215"/>
		<rel id="sPointingRel1785" xlink:href="scriptorium.40_Matthew_11.mark.xml#sSpan492" target="scriptorium.40_Matthew_11.mark.xml#sSpan493"/>
		<rel id="sPointingRel1787" xlink:href="scriptorium.40_Matthew_11.mark.xml#sSpan1453" target="scriptorium.40_Matthew_11.mark.xml#sSpan1450"/>
		<rel id="sPointingRel1789" xlink:href="scriptorium.40_Matthew_11.mark.xml#sSpan1033" target="scriptorium.40_Matthew_11.mark.xml#sSpan1032"/>
		<rel id="sPointingRel1791" xlink:href="scriptorium.40_Matthew_11.mark.xml#sSpan1361" target="scriptorium.40_Matthew_11.mark.xml#sSpan1363"/>
		<rel id="sPointingRel1793" xlink:href="scriptorium.40_Matthew_11.mark.xml#sSpan963" target="scriptorium.40_Matthew_11.mark.xml#sSpan964"/>
		<rel id="sPointingRel1795" xlink:href="scriptorium.40_Matthew_11.mark.xml#sSpan183" target="scriptorium.40_Matthew_11.mark.xml#sSpan184"/>
		<rel id="sPointingRel1797" xlink:href="scriptorium.40_Matthew_11.mark.xml#sSpan172" target="scriptorium.40_Matthew_11.mark.xml#sSpan171"/>
		<rel id="sPointingRel1799" xlink:href="scriptorium.40_Matthew_11.mark.xml#sSpan1423" target="scriptorium.40_Matthew_11.mark.xml#sSpan1424"/>
		<rel id="sPointingRel1801" xlink:href="scriptorium.40_Matthew_11.mark.xml#sSpan1043" target="scriptorium.40_Matthew_11.mark.xml#sSpan1044"/>
		<rel id="sPointingRel1803" xlink:href="scriptorium.40_Matthew_11.mark.xml#sSpan87" target="scriptorium.40_Matthew_11.mark.xml#sSpan88"/>
		<rel id="sPointingRel1805" xlink:href="scriptorium.40_Matthew_11.mark.xml#sSpan1029" target="scriptorium.40_Matthew_11.mark.xml#sSpan1028"/>
		<rel id="sPointingRel1807" xlink:href="scriptorium.40_Matthew_11.mark.xml#sSpan1159" target="scriptorium.40_Matthew_11.mark.xml#sSpan1158"/>
		<rel id="sPointingRel1809" xlink:href="scriptorium.40_Matthew_11.mark.xml#sSpan1082" target="scriptorium.40_Matthew_11.mark.xml#sSpan1081"/>
		<rel id="sPointingRel1811" xlink:href="scriptorium.40_Matthew_11.mark.xml#sSpan141" target="scriptorium.40_Matthew_11.mark.xml#sSpan142"/>
		<rel id="sPointingRel1813" xlink:href="scriptorium.40_Matthew_11.mark.xml#sSpan977" target="scriptorium.40_Matthew_11.mark.xml#sSpan978"/>
		<rel id="sPointingRel1815" xlink:href="scriptorium.40_Matthew_11.mark.xml#sSpan730" target="scriptorium.40_Matthew_11.mark.xml#sSpan733"/>
		<rel id="sPointingRel1817" xlink:href="scriptorium.40_Matthew_11.mark.xml#sSpan11" target="scriptorium.40_Matthew_11.mark.xml#sSpan10"/>
		<rel id="sPointingRel1819" xlink:href="scriptorium.40_Matthew_11.mark.xml#sSpan893" target="scriptorium.40_Matthew_11.mark.xml#sSpan894"/>
		<rel id="sPointingRel1821" xlink:href="scriptorium.40_Matthew_11.mark.xml#sSpan511" target="scriptorium.40_Matthew_11.mark.xml#sSpan512"/>
		<rel id="sPointingRel1823" xlink:href="scriptorium.40_Matthew_11.mark.xml#sSpan97" target="scriptorium.40_Matthew_11.mark.xml#sSpan98"/>
		<rel id="sPointingRel1825" xlink:href="scriptorium.40_Matthew_11.mark.xml#sSpan301" target="scriptorium.40_Matthew_11.mark.xml#sSpan300"/>
		<rel id="sPointingRel1827" xlink:href="scriptorium.40_Matthew_11.mark.xml#sSpan80" target="scriptorium.40_Matthew_11.mark.xml#sSpan79"/>
		<rel id="sPointingRel1829" xlink:href="scriptorium.40_Matthew_11.mark.xml#sSpan941" target="scriptorium.40_Matthew_11.mark.xml#sSpan942"/>
		<rel id="sPointingRel1831" xlink:href="scriptorium.40_Matthew_11.mark.xml#sSpan1207" target="scriptorium.40_Matthew_11.mark.xml#sSpan1208"/>
		<rel id="sPointingRel1833" xlink:href="scriptorium.40_Matthew_11.mark.xml#sSpan1078" target="scriptorium.40_Matthew_11.mark.xml#sSpan1077"/>
		<rel id="sPointingRel1835" xlink:href="scriptorium.40_Matthew_11.mark.xml#sSpan1543" target="scriptorium.40_Matthew_11.mark.xml#sSpan1546"/>
		<rel id="sPointingRel1837" xlink:href="scriptorium.40_Matthew_11.mark.xml#sSpan899" target="scriptorium.40_Matthew_11.mark.xml#sSpan898"/>
		<rel id="sPointingRel1839" xlink:href="scriptorium.40_Matthew_11.mark.xml#sSpan933" target="scriptorium.40_Matthew_11.mark.xml#sSpan934"/>
		<rel id="sPointingRel1841" xlink:href="scriptorium.40_Matthew_11.mark.xml#sSpan702" target="scriptorium.40_Matthew_11.mark.xml#sSpan700"/>
		<rel id="sPointingRel1843" xlink:href="scriptorium.40_Matthew_11.mark.xml#sSpan269" target="scriptorium.40_Matthew_11.mark.xml#sSpan268"/>
		<rel id="sPointingRel1845" xlink:href="scriptorium.40_Matthew_11.mark.xml#sSpan410" target="scriptorium.40_Matthew_11.mark.xml#sSpan411"/>
		<rel id="sPointingRel1847" xlink:href="scriptorium.40_Matthew_11.mark.xml#sSpan1510" target="scriptorium.40_Matthew_11.mark.xml#sSpan1512"/>
		<rel id="sPointingRel1849" xlink:href="scriptorium.40_Matthew_11.mark.xml#sSpan955" target="scriptorium.40_Matthew_11.mark.xml#sSpan954"/>
		<rel id="sPointingRel1851" xlink:href="scriptorium.40_Matthew_11.mark.xml#sSpan1278" target="scriptorium.40_Matthew_11.mark.xml#sSpan1279"/>
		<rel id="sPointingRel1853" xlink:href="scriptorium.40_Matthew_11.mark.xml#sSpan316" target="scriptorium.40_Matthew_11.mark.xml#sSpan317"/>
		<rel id="sPointingRel1855" xlink:href="scriptorium.40_Matthew_11.mark.xml#sSpan1014" target="scriptorium.40_Matthew_11.mark.xml#sSpan1015"/>
		<rel id="sPointingRel1857" xlink:href="scriptorium.40_Matthew_11.mark.xml#sSpan1561" target="scriptorium.40_Matthew_11.mark.xml#sSpan1562"/>
		<rel id="sPointingRel1859" xlink:href="scriptorium.40_Matthew_11.mark.xml#sSpan1414" target="scriptorium.40_Matthew_11.mark.xml#sSpan1416"/>
		<rel id="sPointingRel1861" xlink:href="scriptorium.40_Matthew_11.mark.xml#sSpan1048" target="scriptorium.40_Matthew_11.mark.xml#sSpan1049"/>
		<rel id="sPointingRel1863" xlink:href="scriptorium.40_Matthew_11.mark.xml#sSpan369" target="scriptorium.40_Matthew_11.mark.xml#sSpan370"/>
		<rel id="sPointingRel1865" xlink:href="scriptorium.40_Matthew_11.mark.xml#sSpan1381" target="scriptorium.40_Matthew_11.mark.xml#sSpan1380"/>
		<rel id="sPointingRel1867" xlink:href="scriptorium.40_Matthew_11.mark.xml#sSpan1265" target="scriptorium.40_Matthew_11.mark.xml#sSpan1266"/>
		<rel id="sPointingRel1869" xlink:href="scriptorium.40_Matthew_11.mark.xml#sSpan1409" target="scriptorium.40_Matthew_11.mark.xml#sSpan1410"/>
		<rel id="sPointingRel1871" xlink:href="scriptorium.40_Matthew_11.mark.xml#sSpan391" target="scriptorium.40_Matthew_11.mark.xml#sSpan389"/>
		<rel id="sPointingRel1873" xlink:href="scriptorium.40_Matthew_11.mark.xml#sSpan1489" target="scriptorium.40_Matthew_11.mark.xml#sSpan1490"/>
		<rel id="sPointingRel1875" xlink:href="scriptorium.40_Matthew_11.mark.xml#sSpan209" target="scriptorium.40_Matthew_11.mark.xml#sSpan208"/>
		<rel id="sPointingRel1877" xlink:href="scriptorium.40_Matthew_11.mark.xml#sSpan1313" target="scriptorium.40_Matthew_11.mark.xml#sSpan1314"/>
		<rel id="sPointingRel1879" xlink:href="scriptorium.40_Matthew_11.mark.xml#sSpan1273" target="scriptorium.40_Matthew_11.mark.xml#sSpan1274"/>
		<rel id="sPointingRel1881" xlink:href="scriptorium.40_Matthew_11.mark.xml#sSpan41" target="scriptorium.40_Matthew_11.mark.xml#sSpan42"/>
		<rel id="sPointingRel1883" xlink:href="scriptorium.40_Matthew_11.mark.xml#sSpan228" target="scriptorium.40_Matthew_11.mark.xml#sSpan227"/>
		<rel id="sPointingRel1885" xlink:href="scriptorium.40_Matthew_11.mark.xml#sSpan1163" target="scriptorium.40_Matthew_11.mark.xml#sSpan1162"/>
		<rel id="sPointingRel1887" xlink:href="scriptorium.40_Matthew_11.mark.xml#sSpan1522" target="scriptorium.40_Matthew_11.mark.xml#sSpan1523"/>
		<rel id="sPointingRel1889" xlink:href="scriptorium.40_Matthew_11.mark.xml#sSpan66" target="scriptorium.40_Matthew_11.mark.xml#sSpan67"/>
		<rel id="sPointingRel1891" xlink:href="scriptorium.40_Matthew_11.mark.xml#sSpan602" target="scriptorium.40_Matthew_11.mark.xml#sSpan603"/>
		<rel id="sPointingRel1893" xlink:href="scriptorium.40_Matthew_11.mark.xml#sSpan1387" target="scriptorium.40_Matthew_11.mark.xml#sSpan1388"/>
		<rel id="sPointingRel1895" xlink:href="scriptorium.40_Matthew_11.mark.xml#sSpan487" target="scriptorium.40_Matthew_11.mark.xml#sSpan488"/>
		<rel id="sPointingRel1897" xlink:href="scriptorium.40_Matthew_11.mark.xml#sSpan1118" target="scriptorium.40_Matthew_11.mark.xml#sSpan1119"/>
		<rel id="sPointingRel1899" xlink:href="scriptorium.40_Matthew_11.mark.xml#sSpan1403" target="scriptorium.40_Matthew_11.mark.xml#sSpan1402"/>
		<rel id="sPointingRel1901" xlink:href="scriptorium.40_Matthew_11.mark.xml#sSpan853" target="scriptorium.40_Matthew_11.mark.xml#sSpan854"/>
		<rel id="sPointingRel1903" xlink:href="scriptorium.40_Matthew_11.mark.xml#sSpan594" target="scriptorium.40_Matthew_11.mark.xml#sSpan595"/>
		<rel id="sPointingRel1905" xlink:href="scriptorium.40_Matthew_11.mark.xml#sSpan683" target="scriptorium.40_Matthew_11.mark.xml#sSpan682"/>
		<rel id="sPointingRel1907" xlink:href="scriptorium.40_Matthew_11.mark.xml#sSpan557" target="scriptorium.40_Matthew_11.mark.xml#sSpan560"/>
		<rel id="sPointingRel1909" xlink:href="scriptorium.40_Matthew_11.mark.xml#sSpan1344" target="scriptorium.40_Matthew_11.mark.xml#sSpan1345"/>
		<rel id="sPointingRel1911" xlink:href="scriptorium.40_Matthew_11.mark.xml#sSpan828" target="scriptorium.40_Matthew_11.mark.xml#sSpan827"/>
		<rel id="sPointingRel1913" xlink:href="scriptorium.40_Matthew_11.mark.xml#sSpan288" target="scriptorium.40_Matthew_11.mark.xml#sSpan287"/>
		<rel id="sPointingRel1915" xlink:href="scriptorium.40_Matthew_11.mark.xml#sSpan1420" target="scriptorium.40_Matthew_11.mark.xml#sSpan1419"/>
		<rel id="sPointingRel1917" xlink:href="scriptorium.40_Matthew_11.mark.xml#sSpan766" target="scriptorium.40_Matthew_11.mark.xml#sSpan767"/>
		<rel id="sPointingRel1919" xlink:href="scriptorium.40_Matthew_11.mark.xml#sSpan218" target="scriptorium.40_Matthew_11.mark.xml#sSpan217"/>
		<rel id="sPointingRel1921" xlink:href="scriptorium.40_Matthew_11.mark.xml#sSpan772" target="scriptorium.40_Matthew_11.mark.xml#sSpan770"/></relList></paula>