<?xml version='1.0' encoding='UTF-8'?><!DOCTYPE paula SYSTEM "paula_feat.dtd">
<paula version="1.1">
	<header paula_id="scriptorium.40_Matthew_11.mark_lang"/>
	<featList xmlns:xlink="http://www.w3.org/1999/xlink" type="lang" xml:base="scriptorium.40_Matthew_11.mark.xml">
		<feat xlink:href="#sSpan6" value="Greek"/>
		<feat xlink:href="#sSpan10" value="Hebrew"/>
		<feat xlink:href="#sSpan29" value="Greek"/>
		<feat xlink:href="#sSpan67" value="Greek"/>
		<feat xlink:href="#sSpan75" value="Greek"/>
		<feat xlink:href="#sSpan79" value="Hebrew"/>
		<feat xlink:href="#sSpan98" value="Greek"/>
		<feat xlink:href="#sSpan113" value="Greek"/>
		<feat xlink:href="#sSpan150" value="Greek"/>
		<feat xlink:href="#sSpan154" value="Hebrew"/>
		<feat xlink:href="#sSpan171" value="Hebrew"/>
		<feat xlink:href="#sSpan240" value="Greek"/>
		<feat xlink:href="#sSpan261" value="Greek"/>
		<feat xlink:href="#sSpan277" value="Greek"/>
		<feat xlink:href="#sSpan284" value="Greek"/>
		<feat xlink:href="#sSpan287" value="Hebrew"/>
		<feat xlink:href="#sSpan300" value="Hebrew"/>
		<feat xlink:href="#sSpan317" value="Greek"/>
		<feat xlink:href="#sSpan342" value="Greek"/>
		<feat xlink:href="#sSpan393" value="Greek"/>
		<feat xlink:href="#sSpan414" value="Greek"/>
		<feat xlink:href="#sSpan434" value="Greek"/>
		<feat xlink:href="#sSpan452" value="Greek"/>
		<feat xlink:href="#sSpan462" value="Greek"/>
		<feat xlink:href="#sSpan488" value="Greek"/>
		<feat xlink:href="#sSpan517" value="Hebrew"/>
		<feat xlink:href="#sSpan560" value="Hebrew"/>
		<feat xlink:href="#sSpan563" value="Greek"/>
		<feat xlink:href="#sSpan570" value="Greek"/>
		<feat xlink:href="#sSpan604" value="Greek"/>
		<feat xlink:href="#sSpan608" value="Hebrew"/>
		<feat xlink:href="#sSpan612" value="Greek"/>
		<feat xlink:href="#sSpan663" value="Greek"/>
		<feat xlink:href="#sSpan664" value="Greek"/>
		<feat xlink:href="#sSpan674" value="Greek"/>
		<feat xlink:href="#sSpan679" value="Greek"/>
		<feat xlink:href="#sSpan682" value="Hebrew"/>
		<feat xlink:href="#sSpan700" value="Hebrew"/>
		<feat xlink:href="#sSpan733" value="Greek"/>
		<feat xlink:href="#sSpan734" value="Greek"/>
		<feat xlink:href="#sSpan767" value="Greek"/>
		<feat xlink:href="#sSpan823" value="Greek"/>
		<feat xlink:href="#sSpan827" value="Hebrew"/>
		<feat xlink:href="#sSpan836" value="Greek"/>
		<feat xlink:href="#sSpan854" value="Greek"/>
		<feat xlink:href="#sSpan913" value="Greek"/>
		<feat xlink:href="#sSpan934" value="Greek"/>
		<feat xlink:href="#sSpan945" value="Greek"/>
		<feat xlink:href="#sSpan951" value="Greek"/>
		<feat xlink:href="#sSpan954" value="Hebrew"/>
		<feat xlink:href="#sSpan964" value="Greek"/>
		<feat xlink:href="#sSpan991" value="Greek"/>
		<feat xlink:href="#sSpan1028" value="Greek"/>
		<feat xlink:href="#sSpan1032" value="Greek"/>
		<feat xlink:href="#sSpan1039" value="Greek"/>
		<feat xlink:href="#sSpan1052" value="Greek"/>
		<feat xlink:href="#sSpan1077" value="Greek"/>
		<feat xlink:href="#sSpan1081" value="Greek"/>
		<feat xlink:href="#sSpan1092" value="Greek"/>
		<feat xlink:href="#sSpan1103" value="Hebrew"/>
		<feat xlink:href="#sSpan1106" value="Greek"/>
		<feat xlink:href="#sSpan1181" value="Greek"/>
		<feat xlink:href="#sSpan1226" value="Greek"/>
		<feat xlink:href="#sSpan1247" value="Hebrew"/>
		<feat xlink:href="#sSpan1259" value="Greek"/>
		<feat xlink:href="#sSpan1295" value="Greek"/>
		<feat xlink:href="#sSpan1306" value="Greek"/>
		<feat xlink:href="#sSpan1392" value="Greek"/>
		<feat xlink:href="#sSpan1398" value="Greek"/>
		<feat xlink:href="#sSpan1411" value="Greek"/>
		<feat xlink:href="#sSpan1539" value="Greek"/>
		<feat xlink:href="#sSpan1547" value="Greek"/></featList></paula>