<?xml version='1.0' encoding='UTF-8'?><!DOCTYPE paula SYSTEM "paula_feat.dtd">
<paula version="1.1">
	<header paula_id="scriptorium.40_Matthew_11.mark_orig"/>
	<featList xmlns:xlink="http://www.w3.org/1999/xlink" type="orig" xml:base="scriptorium.40_Matthew_11.mark.xml">
		<feat xlink:href="#sSpan1" value="ⲁ"/>
		<feat xlink:href="#sSpan4" value="ⲥ"/>
		<feat xlink:href="#sSpan5" value="ϣⲱⲡⲉ"/>
		<feat xlink:href="#sSpan6" value="ⲇⲉ"/>
		<feat xlink:href="#sSpan8" value="ⲛⲧⲉⲣⲉ"/>
		<feat xlink:href="#sSpan10" value="ⲓⲏⲥⲟⲩⲥ"/>
		<feat xlink:href="#sSpan12" value="ⲟⲩⲱ"/>
		<feat xlink:href="#sSpan14" value="ⲉ"/>
		<feat xlink:href="#sSpan16" value="ϥ"/>
		<feat xlink:href="#sSpan18" value="ⲟⲩⲉϩⲥⲁϩⲛⲉ"/>
		<feat xlink:href="#sSpan20" value="ⲙ"/>
		<feat xlink:href="#sSpan22" value="ⲡⲉϥ"/>
		<feat xlink:href="#sSpan25" value="ⲙⲛⲧⲥⲛⲟⲟⲩⲥ"/>
		<feat xlink:href="#sSpan27" value="ⲙ"/>
		<feat xlink:href="#sSpan29" value="ⲙⲁⲑⲏⲧⲏⲥ"/>
		<feat xlink:href="#sSpan31" value="ⲁ"/>
		<feat xlink:href="#sSpan33" value="ϥ"/>
		<feat xlink:href="#sSpan34" value="ⲡⲱⲱⲛⲉ"/>
		<feat xlink:href="#sSpan36" value="ⲉⲃⲟⲗ"/>
		<feat xlink:href="#sSpan38" value="ϩⲙ"/>
		<feat xlink:href="#sSpan40" value="ⲡ"/>
		<feat xlink:href="#sSpan42" value="ⲙⲁ"/>
		<feat xlink:href="#sSpan43" value="ⲉⲧ"/>
		<feat xlink:href="#sSpan45" value="ⲙⲙⲁⲩ"/>
		<feat xlink:href="#sSpan46" value="ⲉ"/>
		<feat xlink:href="#sSpan48" value="ϥ"/>
		<feat xlink:href="#sSpan50" value="ϯⲥⲃⲱ"/>
		<feat xlink:href="#sSpan52" value="ⲁⲩⲱ"/>
		<feat xlink:href="#sSpan54" value="ⲉ"/>
		<feat xlink:href="#sSpan56" value="ϥ"/>
		<feat xlink:href="#sSpan58" value="ⲧⲁϣⲉⲟⲉⲓϣ"/>
		<feat xlink:href="#sSpan60" value="ϩⲣⲁⲓ"/>
		<feat xlink:href="#sSpan63" value="ϩⲛ"/>
		<feat xlink:href="#sSpan65" value="ⲛⲉⲩ"/>
		<feat xlink:href="#sSpan67" value="ⲡⲟⲗⲓⲥ"/>
		<feat xlink:href="#sSpan68" value="."/>
		<feat xlink:href="#sSpan70" value="ⲛⲧⲉⲣⲉ"/>
		<feat xlink:href="#sSpan73" value="ϥ"/>
		<feat xlink:href="#sSpan74" value="ⲥⲱⲧⲙ"/>
		<feat xlink:href="#sSpan75" value="ⲇⲉ"/>
		<feat xlink:href="#sSpan77" value="ⲛϭⲓ"/>
		<feat xlink:href="#sSpan79" value="ⲓⲱϩⲁⲛⲛⲏⲥ"/>
		<feat xlink:href="#sSpan81" value="ϩⲣⲁⲓ"/>
		<feat xlink:href="#sSpan84" value="ϩⲙ"/>
		<feat xlink:href="#sSpan86" value="ⲡⲉ"/>
		<feat xlink:href="#sSpan88" value="ϣⲧⲉⲕⲟ"/>
		<feat xlink:href="#sSpan89" value="ⲉ"/>
		<feat xlink:href="#sSpan91" value="ⲛⲉ"/>
		<feat xlink:href="#sSpan93" value="ϩⲃⲏⲩⲉ"/>
		<feat xlink:href="#sSpan94" value="ⲙ"/>
		<feat xlink:href="#sSpan96" value="ⲡⲉ"/>
		<feat xlink:href="#sSpan98" value="ⲭⲣⲓⲥⲧⲟⲥ"/>
		<feat xlink:href="#sSpan99" value="ⲁ"/>
		<feat xlink:href="#sSpan101" value="ϥ"/>
		<feat xlink:href="#sSpan102" value="ϫⲟⲟⲩ"/>
		<feat xlink:href="#sSpan103" value="ⲉⲃⲟⲗ"/>
		<feat xlink:href="#sSpan106" value="ϩⲓⲧⲟⲟⲧ"/>
		<feat xlink:href="#sSpan108" value="ⲟⲩ"/>
		<feat xlink:href="#sSpan109" value="ⲛ"/>
		<feat xlink:href="#sSpan111" value="ⲛⲉϥ"/>
		<feat xlink:href="#sSpan113" value="ⲙⲁⲑⲏⲧⲏⲥ"/>
		<feat xlink:href="#sSpan114" value="."/>
		<feat xlink:href="#sSpan116" value="ⲡⲉϫⲁ"/>
		<feat xlink:href="#sSpan119" value="ϥ"/>
		<feat xlink:href="#sSpan120" value="ⲛⲁ"/>
		<feat xlink:href="#sSpan122" value="ⲩ"/>
		<feat xlink:href="#sSpan123" value="ϫⲉ"/>
		<feat xlink:href="#sSpan125" value="ⲛⲧⲟⲕ"/>
		<feat xlink:href="#sSpan126" value="ⲡ"/>
		<feat xlink:href="#sSpan128" value="ⲉⲧ"/>
		<feat xlink:href="#sSpan129" value="ⲛⲏⲩ"/>
		<feat xlink:href="#sSpan130" value="ϫⲉ"/>
		<feat xlink:href="#sSpan132" value="ⲧⲁⲣⲉ"/>
		<feat xlink:href="#sSpan133" value="ⲛ"/>
		<feat xlink:href="#sSpan134" value="ϭⲱϣⲧ"/>
		<feat xlink:href="#sSpan135" value="ϩⲏⲧ"/>
		<feat xlink:href="#sSpan137" value="ϥ"/>
		<feat xlink:href="#sSpan138" value="ⲛ"/>
		<feat xlink:href="#sSpan140" value="ⲕⲉ"/>
		<feat xlink:href="#sSpan142" value="ⲟⲩⲁ"/>
		<feat xlink:href="#sSpan143" value="."/>
		<feat xlink:href="#sSpan145" value="ⲁ"/>
		<feat xlink:href="#sSpan148" value="ϥ"/>
		<feat xlink:href="#sSpan149" value="ⲟⲩⲱϣⲃ"/>
		<feat xlink:href="#sSpan150" value="ⲇⲉ"/>
		<feat xlink:href="#sSpan152" value="ⲛϭⲓ"/>
		<feat xlink:href="#sSpan154" value="ⲓⲏⲥⲟⲩⲥ"/>
		<feat xlink:href="#sSpan156" value="ⲡⲉϫⲁ"/>
		<feat xlink:href="#sSpan158" value="ϥ"/>
		<feat xlink:href="#sSpan159" value="ⲛⲁ"/>
		<feat xlink:href="#sSpan161" value="ⲩ"/>
		<feat xlink:href="#sSpan162" value="ϫⲉ"/>
		<feat xlink:href="#sSpan164" value="ⲃⲱⲕ"/>
		<feat xlink:href="#sSpan165" value="ⲛ"/>
		<feat xlink:href="#sSpan167" value="ⲧⲉⲧⲛ"/>
		<feat xlink:href="#sSpan168" value="ϫⲱ"/>
		<feat xlink:href="#sSpan169" value="ⲉ"/>
		<feat xlink:href="#sSpan171" value="ⲓⲱϩⲁⲛⲛⲏⲥ"/>
		<feat xlink:href="#sSpan173" value="ⲛⲛⲉ"/>
		<feat xlink:href="#sSpan175" value="ⲧⲉⲧⲛ"/>
		<feat xlink:href="#sSpan176" value="ⲥⲱⲧⲙ"/>
		<feat xlink:href="#sSpan177" value="ⲉⲣⲟ"/>
		<feat xlink:href="#sSpan179" value="ⲟⲩ"/>
		<feat xlink:href="#sSpan180" value="ⲙⲛ"/>
		<feat xlink:href="#sSpan182" value="ⲛ"/>
		<feat xlink:href="#sSpan184" value="ⲉⲧⲉⲧⲛ"/>
		<feat xlink:href="#sSpan185" value="ⲛⲁⲩ"/>
		<feat xlink:href="#sSpan186" value="ⲉⲣⲟ"/>
		<feat xlink:href="#sSpan188" value="ⲟⲩ"/>
		<feat xlink:href="#sSpan189" value="."/>
		<feat xlink:href="#sSpan191" value="ϫⲉ"/>
		<feat xlink:href="#sSpan194" value="ⲛ"/>
		<feat xlink:href="#sSpan196" value="ⲃⲗⲗⲉ"/>
		<feat xlink:href="#sSpan197" value="ⲛⲁ"/>
		<feat xlink:href="#sSpan199" value="ⲩ"/>
		<feat xlink:href="#sSpan200" value="ⲉⲃⲟⲗ"/>
		<feat xlink:href="#sSpan202" value="ⲛ"/>
		<feat xlink:href="#sSpan204" value="ϭⲁⲗⲉ"/>
		<feat xlink:href="#sSpan206" value="ⲙⲟⲟϣⲉ"/>
		<feat xlink:href="#sSpan208" value="ⲛ"/>
		<feat xlink:href="#sSpan211" value="ⲉⲧ"/>
		<feat xlink:href="#sSpan212" value="ⲥⲟⲃϩ"/>
		<feat xlink:href="#sSpan213" value="ⲧⲃⲃⲟ"/>
		<feat xlink:href="#sSpan215" value="ⲛ"/>
		<feat xlink:href="#sSpan217" value="ⲁⲗ"/>
		<feat xlink:href="#sSpan219" value="ⲥⲱⲧⲙ"/>
		<feat xlink:href="#sSpan221" value="ⲛⲉ"/>
		<feat xlink:href="#sSpan224" value="ⲙⲡⲟ"/>
		<feat xlink:href="#sSpan225" value="ϣⲁϫⲉ"/>
		<feat xlink:href="#sSpan227" value="ⲛ"/>
		<feat xlink:href="#sSpan230" value="ⲉⲧ"/>
		<feat xlink:href="#sSpan231" value="ⲙⲟⲟⲩⲧ"/>
		<feat xlink:href="#sSpan232" value="ⲧⲱⲟⲩⲛ"/>
		<feat xlink:href="#sSpan234" value="ⲛ"/>
		<feat xlink:href="#sSpan236" value="ϩⲏⲕⲉ"/>
		<feat xlink:href="#sSpan238" value="ⲥⲉ"/>
		<feat xlink:href="#sSpan240" value="ⲉⲩⲁⲅⲅⲉⲗⲓⲍⲉ"/>
		<feat xlink:href="#sSpan241" value="ⲛⲁ"/>
		<feat xlink:href="#sSpan243" value="ⲩ"/>
		<feat xlink:href="#sSpan244" value="."/>
		<feat xlink:href="#sSpan246" value="ⲁⲩⲱ"/>
		<feat xlink:href="#sSpan249" value="ⲛⲁⲓⲁⲧ"/>
		<feat xlink:href="#sSpan251" value="ϥ"/>
		<feat xlink:href="#sSpan252" value="ⲙ"/>
		<feat xlink:href="#sSpan254" value="ⲡ"/>
		<feat xlink:href="#sSpan256" value="ⲉⲧⲉ"/>
		<feat xlink:href="#sSpan257" value="ⲛ"/>
		<feat xlink:href="#sSpan259" value="ϥ"/>
		<feat xlink:href="#sSpan260" value="ⲛⲁ"/>
		<feat xlink:href="#sSpan261" value="ⲥⲕⲁⲛⲇⲁⲗⲓⲍⲉ"/>
		<feat xlink:href="#sSpan262" value="ⲁⲛ"/>
		<feat xlink:href="#sSpan264" value="ϩⲣⲁⲓ"/>
		<feat xlink:href="#sSpan266" value="ⲛ"/>
		<feat xlink:href="#sSpan268" value="ϩⲏⲧ"/>
		<feat xlink:href="#sSpan270" value="."/>
		<feat xlink:href="#sSpan272" value="ⲛⲧⲉⲣⲉ"/>
		<feat xlink:href="#sSpan275" value="ⲛⲁⲓ"/>
		<feat xlink:href="#sSpan277" value="ⲇⲉ"/>
		<feat xlink:href="#sSpan279" value="ⲃⲱⲕ"/>
		<feat xlink:href="#sSpan281" value="ⲁ"/>
		<feat xlink:href="#sSpan283" value="ϥ"/>
		<feat xlink:href="#sSpan284" value="ⲁⲣⲭⲉⲓ"/>
		<feat xlink:href="#sSpan285" value="ⲛϭⲓ"/>
		<feat xlink:href="#sSpan287" value="ⲓⲏⲥⲟⲩⲥ"/>
		<feat xlink:href="#sSpan289" value="ⲉ"/>
		<feat xlink:href="#sSpan291" value="ϫⲟⲟ"/>
		<feat xlink:href="#sSpan292" value="ⲥ"/>
		<feat xlink:href="#sSpan293" value="ⲛ"/>
		<feat xlink:href="#sSpan295" value="ⲙ"/>
		<feat xlink:href="#sSpan297" value="ⲙⲏⲏϣⲉ"/>
		<feat xlink:href="#sSpan298" value="ⲉⲧⲃⲉ"/>
		<feat xlink:href="#sSpan300" value="ⲓⲱϩⲁⲛⲛⲏⲥ"/>
		<feat xlink:href="#sSpan302" value="."/>
		<feat xlink:href="#sSpan304" value="ϫⲉ"/>
		<feat xlink:href="#sSpan306" value="ⲛⲧ"/>
		<feat xlink:href="#sSpan307" value="ⲁ"/>
		<feat xlink:href="#sSpan308" value="ⲧⲉⲧⲛ"/>
		<feat xlink:href="#sSpan309" value="ⲉⲓ"/>
		<feat xlink:href="#sSpan311" value="ⲉⲃⲟⲗ"/>
		<feat xlink:href="#sSpan313" value="ⲉ"/>
		<feat xlink:href="#sSpan315" value="ⲧ"/>
		<feat xlink:href="#sSpan317" value="ⲉⲣⲏⲙⲟⲥ"/>
		<feat xlink:href="#sSpan318" value="ⲉ"/>
		<feat xlink:href="#sSpan320" value="ⲛⲁⲩ"/>
		<feat xlink:href="#sSpan321" value="ⲉ"/>
		<feat xlink:href="#sSpan323" value="ⲟⲩ"/>
		<feat xlink:href="#sSpan324" value="."/>
		<feat xlink:href="#sSpan326" value="ⲉ"/>
		<feat xlink:href="#sSpan328" value="ⲩ"/>
		<feat xlink:href="#sSpan329" value="ⲕⲁϣ"/>
		<feat xlink:href="#sSpan330" value="ⲉⲣⲉ"/>
		<feat xlink:href="#sSpan332" value="ⲡ"/>
		<feat xlink:href="#sSpan334" value="ⲧⲏⲩ"/>
		<feat xlink:href="#sSpan335" value="ⲕⲓⲙ"/>
		<feat xlink:href="#sSpan337" value="ⲉⲣⲟ"/>
		<feat xlink:href="#sSpan339" value="ϥ"/>
		<feat xlink:href="#sSpan340" value="."/>
		<feat xlink:href="#sSpan342" value="ⲁⲗⲗⲁ"/>
		<feat xlink:href="#sSpan345" value="ⲛⲧ"/>
		<feat xlink:href="#sSpan347" value="ⲁ"/>
		<feat xlink:href="#sSpan348" value="ⲧⲉⲧⲛ"/>
		<feat xlink:href="#sSpan349" value="ⲉⲓ"/>
		<feat xlink:href="#sSpan351" value="ⲉⲃⲟⲗ"/>
		<feat xlink:href="#sSpan353" value="ⲉ"/>
		<feat xlink:href="#sSpan355" value="ⲛⲁⲩ"/>
		<feat xlink:href="#sSpan356" value="ⲉ"/>
		<feat xlink:href="#sSpan358" value="ⲟⲩ"/>
		<feat xlink:href="#sSpan359" value="."/>
		<feat xlink:href="#sSpan361" value="ⲉ"/>
		<feat xlink:href="#sSpan363" value="ⲩ"/>
		<feat xlink:href="#sSpan365" value="ⲣⲱⲙⲉ"/>
		<feat xlink:href="#sSpan366" value="ⲉⲣⲉ"/>
		<feat xlink:href="#sSpan368" value="ϩⲉⲛ"/>
		<feat xlink:href="#sSpan370" value="ϩⲃⲥⲱ"/>
		<feat xlink:href="#sSpan371" value="ⲉ"/>
		<feat xlink:href="#sSpan373" value="ⲩ"/>
		<feat xlink:href="#sSpan375" value="ϭⲏⲛ"/>
		<feat xlink:href="#sSpan376" value="ⲧⲟ"/>
		<feat xlink:href="#sSpan379" value="ϩⲓⲱⲱ"/>
		<feat xlink:href="#sSpan381" value="ϥ"/>
		<feat xlink:href="#sSpan382" value="."/>
		<feat xlink:href="#sSpan384" value="ⲉⲓⲥ"/>
		<feat xlink:href="#sSpan387" value="ϩⲏⲏⲧⲉ"/>
		<feat xlink:href="#sSpan389" value="ⲛ"/>
		<feat xlink:href="#sSpan392" value="ⲉⲧ"/>
		<feat xlink:href="#sSpan393" value="ⲫⲟⲣⲉⲓ"/>
		<feat xlink:href="#sSpan394" value="ⲛ"/>
		<feat xlink:href="#sSpan396" value="ⲛ"/>
		<feat xlink:href="#sSpan398" value="ϩⲃⲥⲱ"/>
		<feat xlink:href="#sSpan399" value="ⲉ"/>
		<feat xlink:href="#sSpan401" value="ⲩ"/>
		<feat xlink:href="#sSpan402" value="ϭⲏⲛ"/>
		<feat xlink:href="#sSpan403" value="ⲥⲉ"/>
		<feat xlink:href="#sSpan405" value="ϩⲛⲛⲏ"/>
		<feat xlink:href="#sSpan406" value="ⲓ"/>
		<feat xlink:href="#sSpan407" value="ⲛ"/>
		<feat xlink:href="#sSpan409" value="ⲛ"/>
		<feat xlink:href="#sSpan411" value="ⲣⲣⲱⲟⲩ"/>
		<feat xlink:href="#sSpan412" value="."/>
		<feat xlink:href="#sSpan414" value="ⲁⲗⲗⲁ"/>
		<feat xlink:href="#sSpan417" value="ⲛⲧ"/>
		<feat xlink:href="#sSpan419" value="ⲁ"/>
		<feat xlink:href="#sSpan420" value="ⲧⲉⲧⲛ"/>
		<feat xlink:href="#sSpan421" value="ⲉⲓ"/>
		<feat xlink:href="#sSpan423" value="ⲉⲃⲟⲗ"/>
		<feat xlink:href="#sSpan425" value="ⲉ"/>
		<feat xlink:href="#sSpan427" value="ⲛⲁⲩ"/>
		<feat xlink:href="#sSpan428" value="ⲉ"/>
		<feat xlink:href="#sSpan430" value="ⲟⲩ"/>
		<feat xlink:href="#sSpan431" value="ⲉ"/>
		<feat xlink:href="#sSpan432" value="ⲩ"/>
		<feat xlink:href="#sSpan434" value="ⲡⲣⲟⲫⲏⲧⲏⲥ"/>
		<feat xlink:href="#sSpan435" value="ⲉ"/>
		<feat xlink:href="#sSpan437" value="ϩⲉ"/>
		<feat xlink:href="#sSpan438" value="ϯ"/>
		<feat xlink:href="#sSpan440" value="ϫⲱ"/>
		<feat xlink:href="#sSpan441" value="ⲙⲙⲟ"/>
		<feat xlink:href="#sSpan443" value="ⲥ"/>
		<feat xlink:href="#sSpan444" value="ⲛⲏ"/>
		<feat xlink:href="#sSpan446" value="ⲧⲛ"/>
		<feat xlink:href="#sSpan447" value="ϫⲉ"/>
		<feat xlink:href="#sSpan449" value="ⲟⲩ"/>
		<feat xlink:href="#sSpan451" value="ϩⲟⲩⲉ"/>
		<feat xlink:href="#sSpan452" value="ⲡⲣⲟⲫⲏⲧⲏⲥ"/>
		<feat xlink:href="#sSpan454" value="ⲡⲉ"/>
		<feat xlink:href="#sSpan456" value="."/>
		<feat xlink:href="#sSpan458" value="ⲡⲁⲓ"/>
		<feat xlink:href="#sSpan462" value="ⲅⲁⲣ"/>
		<feat xlink:href="#sSpan464" value="ⲡ"/>
		<feat xlink:href="#sSpan466" value="ⲉⲧ"/>
		<feat xlink:href="#sSpan467" value="ⲥⲏϩ"/>
		<feat xlink:href="#sSpan468" value="ⲉⲧⲃⲏⲏⲧ"/>
		<feat xlink:href="#sSpan470" value="ϥ"/>
		<feat xlink:href="#sSpan471" value="."/>
		<feat xlink:href="#sSpan473" value="ϫⲉ"/>
		<feat xlink:href="#sSpan475" value="ⲉⲓⲥ"/>
		<feat xlink:href="#sSpan477" value="ϩⲏⲏⲧⲉ"/>
		<feat xlink:href="#sSpan478" value="ⲁⲛⲟⲕ"/>
		<feat xlink:href="#sSpan480" value="ϯ"/>
		<feat xlink:href="#sSpan482" value="ⲛⲁ"/>
		<feat xlink:href="#sSpan483" value="ⲧⲛⲛⲟⲟⲩ"/>
		<feat xlink:href="#sSpan484" value="ⲙ"/>
		<feat xlink:href="#sSpan486" value="ⲡⲁ"/>
		<feat xlink:href="#sSpan488" value="ⲁⲅⲅⲉⲗⲟⲥ"/>
		<feat xlink:href="#sSpan489" value="ϩⲁ"/>
		<feat xlink:href="#sSpan491" value="ⲧⲉⲕ"/>
		<feat xlink:href="#sSpan493" value="ϩⲏ"/>
		<feat xlink:href="#sSpan494" value="."/>
		<feat xlink:href="#sSpan496" value="ⲡⲁⲓ"/>
		<feat xlink:href="#sSpan499" value="ⲉⲧ"/>
		<feat xlink:href="#sSpan501" value="ⲛⲁ"/>
		<feat xlink:href="#sSpan502" value="ⲥⲟϥⲧⲉ"/>
		<feat xlink:href="#sSpan503" value="ⲛ"/>
		<feat xlink:href="#sSpan505" value="ⲧⲉⲕ"/>
		<feat xlink:href="#sSpan507" value="ϩⲓⲏ"/>
		<feat xlink:href="#sSpan508" value="ⲙ"/>
		<feat xlink:href="#sSpan510" value="ⲡⲉ"/>
		<feat xlink:href="#sSpan512" value="ⲕⲙⲧⲟ"/>
		<feat xlink:href="#sSpan513" value="ⲉⲃⲟⲗ"/>
		<feat xlink:href="#sSpan515" value="."/>
		<feat xlink:href="#sSpan517" value="ϩⲁⲙⲏⲛ"/>
		<feat xlink:href="#sSpan520" value="ϯ"/>
		<feat xlink:href="#sSpan522" value="ϫⲱ"/>
		<feat xlink:href="#sSpan523" value="ⲙⲙⲟ"/>
		<feat xlink:href="#sSpan525" value="ⲥ"/>
		<feat xlink:href="#sSpan526" value="ⲛⲏ"/>
		<feat xlink:href="#sSpan528" value="ⲧⲛ"/>
		<feat xlink:href="#sSpan529" value="."/>
		<feat xlink:href="#sSpan531" value="ϫⲉ"/>
		<feat xlink:href="#sSpan533" value="ⲙ"/>
		<feat xlink:href="#sSpan534" value="ⲡⲉϥ"/>
		<feat xlink:href="#sSpan536" value="ⲧⲱⲟⲩⲛ"/>
		<feat xlink:href="#sSpan537" value="ϩⲙ"/>
		<feat xlink:href="#sSpan539" value="ⲡⲉ"/>
		<feat xlink:href="#sSpan541" value="ϫⲡⲟ"/>
		<feat xlink:href="#sSpan542" value="ⲛ"/>
		<feat xlink:href="#sSpan544" value="ⲛⲉ"/>
		<feat xlink:href="#sSpan546" value="ϩⲓⲟⲙⲉ"/>
		<feat xlink:href="#sSpan547" value="ⲛϭⲓ"/>
		<feat xlink:href="#sSpan549" value="ⲡ"/>
		<feat xlink:href="#sSpan551" value="ⲉⲧ"/>
		<feat xlink:href="#sSpan552" value="ⲟ"/>
		<feat xlink:href="#sSpan554" value="ⲛ"/>
		<feat xlink:href="#sSpan556" value="ⲛⲟϭ"/>
		<feat xlink:href="#sSpan558" value="ⲉ"/>
		<feat xlink:href="#sSpan560" value="ⲓⲱϩⲁⲛⲛⲏⲥ"/>
		<feat xlink:href="#sSpan561" value="ⲡ"/>
		<feat xlink:href="#sSpan563" value="ⲃⲁⲡⲧⲓⲥⲧⲏⲥ"/>
		<feat xlink:href="#sSpan564" value="."/>
		<feat xlink:href="#sSpan566" value="ⲡ"/>
		<feat xlink:href="#sSpan569" value="ⲕⲟⲩⲓ"/>
		<feat xlink:href="#sSpan570" value="ⲇⲉ"/>
		<feat xlink:href="#sSpan572" value="ⲉⲣⲟ"/>
		<feat xlink:href="#sSpan574" value="ϥ"/>
		<feat xlink:href="#sSpan575" value="ⲟⲩ"/>
		<feat xlink:href="#sSpan578" value="ⲛⲟϭ"/>
		<feat xlink:href="#sSpan579" value="ⲉⲣⲟ"/>
		<feat xlink:href="#sSpan581" value="ϥ"/>
		<feat xlink:href="#sSpan582" value="ⲡⲉ"/>
		<feat xlink:href="#sSpan584" value="ϩⲛ"/>
		<feat xlink:href="#sSpan586" value="ⲧ"/>
		<feat xlink:href="#sSpan589" value="ⲙⲛⲧⲣⲣⲟ"/>
		<feat xlink:href="#sSpan591" value="ⲛ"/>
		<feat xlink:href="#sSpan593" value="ⲙ"/>
		<feat xlink:href="#sSpan595" value="ⲡⲏⲩⲉ"/>
		<feat xlink:href="#sSpan596" value="."/>
		<feat xlink:href="#sSpan598" value="ϫⲓⲛ"/>
		<feat xlink:href="#sSpan601" value="ⲛ"/>
		<feat xlink:href="#sSpan603" value="ⲉϩⲟⲟⲩ"/>
		<feat xlink:href="#sSpan604" value="ⲇⲉ"/>
		<feat xlink:href="#sSpan606" value="ⲛ"/>
		<feat xlink:href="#sSpan608" value="ⲓⲱϩⲁⲛⲛⲏⲥ"/>
		<feat xlink:href="#sSpan610" value="ⲡ"/>
		<feat xlink:href="#sSpan612" value="ⲃⲁⲡⲧⲓⲥⲧⲏⲥ"/>
		<feat xlink:href="#sSpan613" value="ϣⲁ"/>
		<feat xlink:href="#sSpan615" value="ⲉϩⲣⲁⲓ"/>
		<feat xlink:href="#sSpan616" value="ⲉ"/>
		<feat xlink:href="#sSpan618" value="ⲧⲉⲛⲟⲩ"/>
		<feat xlink:href="#sSpan619" value="ⲧ"/>
		<feat xlink:href="#sSpan623" value="ⲙⲛⲧⲣⲣⲟ"/>
		<feat xlink:href="#sSpan625" value="ⲛ"/>
		<feat xlink:href="#sSpan627" value="ⲙ"/>
		<feat xlink:href="#sSpan629" value="ⲡⲏⲩⲉ"/>
		<feat xlink:href="#sSpan630" value="ⲥⲉ"/>
		<feat xlink:href="#sSpan632" value="ϫⲓ"/>
		<feat xlink:href="#sSpan633" value="ⲙⲙⲟ"/>
		<feat xlink:href="#sSpan635" value="ⲥ"/>
		<feat xlink:href="#sSpan636" value="ⲛ"/>
		<feat xlink:href="#sSpan638" value="ϭⲟⲛⲥ"/>
		<feat xlink:href="#sSpan640" value="."/>
		<feat xlink:href="#sSpan642" value="ⲁⲩⲱ"/>
		<feat xlink:href="#sSpan644" value="ⲛ"/>
		<feat xlink:href="#sSpan648" value="ⲣⲉϥϫⲓⲛϭⲟⲛⲥ"/>
		<feat xlink:href="#sSpan652" value="ⲧⲱⲣⲡ"/>
		<feat xlink:href="#sSpan654" value="ⲙⲙⲟ"/>
		<feat xlink:href="#sSpan656" value="ⲥ"/>
		<feat xlink:href="#sSpan657" value="."/>
		<feat xlink:href="#sSpan659" value="ⲛⲉ"/>
		<feat xlink:href="#sSpan663" value="ⲡⲣⲟⲫⲏⲧⲏⲥ"/>
		<feat xlink:href="#sSpan664" value="ⲅⲁⲣ"/>
		<feat xlink:href="#sSpan666" value="ⲧⲏⲣ"/>
		<feat xlink:href="#sSpan668" value="ⲟⲩ"/>
		<feat xlink:href="#sSpan669" value="ⲁⲩⲱ"/>
		<feat xlink:href="#sSpan671" value="ⲡ"/>
		<feat xlink:href="#sSpan674" value="ⲛⲟⲙⲟⲥ"/>
		<feat xlink:href="#sSpan675" value="ⲛⲧ"/>
		<feat xlink:href="#sSpan677" value="ⲁ"/>
		<feat xlink:href="#sSpan678" value="ⲩ"/>
		<feat xlink:href="#sSpan679" value="ⲡⲣⲟⲫⲏⲧⲉⲩⲉ"/>
		<feat xlink:href="#sSpan680" value="ϣⲁ"/>
		<feat xlink:href="#sSpan682" value="ⲓⲱϩⲁⲛⲛⲏⲥ"/>
		<feat xlink:href="#sSpan684" value="."/>
		<feat xlink:href="#sSpan686" value="ⲁⲩⲱ"/>
		<feat xlink:href="#sSpan689" value="ⲉϣϫⲉ"/>
		<feat xlink:href="#sSpan691" value="ⲧⲉⲧⲛ"/>
		<feat xlink:href="#sSpan693" value="ⲟⲩⲉϣ"/>
		<feat xlink:href="#sSpan694" value="ϫⲓⲧ"/>
		<feat xlink:href="#sSpan695" value="ϥ"/>
		<feat xlink:href="#sSpan696" value="ⲛⲧⲟϥ"/>
		<feat xlink:href="#sSpan698" value="ⲡⲉ"/>
		<feat xlink:href="#sSpan700" value="ϩⲏⲗⲉⲓⲁⲥ"/>
		<feat xlink:href="#sSpan703" value="ⲡ"/>
		<feat xlink:href="#sSpan705" value="ⲉⲧ"/>
		<feat xlink:href="#sSpan706" value="ⲛⲏⲩ"/>
		<feat xlink:href="#sSpan707" value="."/>
		<feat xlink:href="#sSpan709" value="ⲡ"/>
		<feat xlink:href="#sSpan713" value="ⲉⲧⲉ"/>
		<feat xlink:href="#sSpan714" value="ⲟⲩⲛⲧ"/>
		<feat xlink:href="#sSpan715" value="ϥ"/>
		<feat xlink:href="#sSpan716" value="ⲙⲁⲁϫⲉ"/>
		<feat xlink:href="#sSpan718" value="ⲙⲙⲁⲩ"/>
		<feat xlink:href="#sSpan720" value="ⲉ"/>
		<feat xlink:href="#sSpan722" value="ⲥⲱⲧⲙ"/>
		<feat xlink:href="#sSpan723" value="ⲙⲁⲣⲉ"/>
		<feat xlink:href="#sSpan725" value="ϥ"/>
		<feat xlink:href="#sSpan726" value="ⲥⲱⲧⲙ"/>
		<feat xlink:href="#sSpan727" value="."/>
		<feat xlink:href="#sSpan729" value="ⲧⲉⲓ"/>
		<feat xlink:href="#sSpan733" value="ⲅⲉⲛⲉⲁ"/>
		<feat xlink:href="#sSpan734" value="ⲇⲉ"/>
		<feat xlink:href="#sSpan736" value="ⲉ"/>
		<feat xlink:href="#sSpan738" value="ⲓ"/>
		<feat xlink:href="#sSpan739" value="ⲛⲁ"/>
		<feat xlink:href="#sSpan740" value="ⲧⲛⲧⲱⲛ"/>
		<feat xlink:href="#sSpan741" value="ⲥ"/>
		<feat xlink:href="#sSpan742" value="ⲉ"/>
		<feat xlink:href="#sSpan744" value="ⲛⲓⲙ"/>
		<feat xlink:href="#sSpan745" value="."/>
		<feat xlink:href="#sSpan747" value="ⲉ"/>
		<feat xlink:href="#sSpan749" value="ⲥ"/>
		<feat xlink:href="#sSpan750" value="ⲧⲛⲧⲱⲛ"/>
		<feat xlink:href="#sSpan751" value="ⲉ"/>
		<feat xlink:href="#sSpan753" value="ϩⲉⲛ"/>
		<feat xlink:href="#sSpan755" value="ϣⲏⲣⲉ"/>
		<feat xlink:href="#sSpan757" value="ϣⲏⲙ"/>
		<feat xlink:href="#sSpan759" value="ⲉ"/>
		<feat xlink:href="#sSpan761" value="ⲩ"/>
		<feat xlink:href="#sSpan762" value="ϩⲙⲟⲟⲥ"/>
		<feat xlink:href="#sSpan763" value="ϩⲛ"/>
		<feat xlink:href="#sSpan765" value="ⲛ"/>
		<feat xlink:href="#sSpan767" value="ⲁⲅⲟⲣⲁ"/>
		<feat xlink:href="#sSpan768" value="."/>
		<feat xlink:href="#sSpan770" value="ⲛⲁⲓ"/>
		<feat xlink:href="#sSpan773" value="ⲉ"/>
		<feat xlink:href="#sSpan775" value="ⲧ"/>
		<feat xlink:href="#sSpan777" value="ⲙⲟⲩⲧⲉ"/>
		<feat xlink:href="#sSpan778" value="ⲉ"/>
		<feat xlink:href="#sSpan780" value="ⲛⲉⲩ"/>
		<feat xlink:href="#sSpan782" value="ϣⲃⲉⲉⲣ"/>
		<feat xlink:href="#sSpan783" value="ⲉ"/>
		<feat xlink:href="#sSpan786" value="ⲩ"/>
		<feat xlink:href="#sSpan787" value="ϫⲱ"/>
		<feat xlink:href="#sSpan788" value="ⲙⲙⲟ"/>
		<feat xlink:href="#sSpan790" value="ⲥ"/>
		<feat xlink:href="#sSpan791" value="ϫⲉ"/>
		<feat xlink:href="#sSpan793" value="ⲁ"/>
		<feat xlink:href="#sSpan794" value="ⲛ"/>
		<feat xlink:href="#sSpan795" value="ϫⲱ"/>
		<feat xlink:href="#sSpan796" value="ⲉⲣⲱ"/>
		<feat xlink:href="#sSpan798" value="ⲧⲛ"/>
		<feat xlink:href="#sSpan799" value="ⲙ"/>
		<feat xlink:href="#sSpan801" value="ⲡⲉⲧⲛ"/>
		<feat xlink:href="#sSpan803" value="ϭⲟⲥϭⲥ"/>
		<feat xlink:href="#sSpan804" value="."/>
		<feat xlink:href="#sSpan806" value="ⲁ"/>
		<feat xlink:href="#sSpan808" value="ⲛ"/>
		<feat xlink:href="#sSpan809" value="ⲧⲟⲉⲓⲧ"/>
		<feat xlink:href="#sSpan810" value="ⲙⲡⲉ"/>
		<feat xlink:href="#sSpan812" value="ⲧⲛ"/>
		<feat xlink:href="#sSpan814" value="ⲛⲉϩⲡⲉ"/>
		<feat xlink:href="#sSpan816" value="."/>
		<feat xlink:href="#sSpan818" value="ⲁ"/>
		<feat xlink:href="#sSpan821" value="ϥ"/>
		<feat xlink:href="#sSpan822" value="ⲉⲓ"/>
		<feat xlink:href="#sSpan823" value="ⲅⲁⲣ"/>
		<feat xlink:href="#sSpan825" value="ⲛϭⲓ"/>
		<feat xlink:href="#sSpan827" value="ⲓⲱϩⲁⲛⲛⲏⲥ"/>
		<feat xlink:href="#sSpan829" value="ⲉ"/>
		<feat xlink:href="#sSpan831" value="ⲛ"/>
		<feat xlink:href="#sSpan832" value="ϥ"/>
		<feat xlink:href="#sSpan833" value="ⲟⲩⲱⲙ"/>
		<feat xlink:href="#sSpan834" value="ⲁⲛ"/>
		<feat xlink:href="#sSpan836" value="ⲟⲩⲇⲉ"/>
		<feat xlink:href="#sSpan838" value="ⲛ"/>
		<feat xlink:href="#sSpan840" value="ϥ"/>
		<feat xlink:href="#sSpan841" value="ⲥⲱ"/>
		<feat xlink:href="#sSpan842" value="ⲁⲛ"/>
		<feat xlink:href="#sSpan844" value="."/>
		<feat xlink:href="#sSpan846" value="ⲡⲉϫⲁ"/>
		<feat xlink:href="#sSpan848" value="ⲩ"/>
		<feat xlink:href="#sSpan849" value="ϫⲉ"/>
		<feat xlink:href="#sSpan851" value="ⲟⲩⲛ"/>
		<feat xlink:href="#sSpan852" value="ⲟⲩ"/>
		<feat xlink:href="#sSpan854" value="ⲇⲁⲓⲙⲱⲛⲓⲟⲛ"/>
		<feat xlink:href="#sSpan855" value="ϩⲓⲱⲱ"/>
		<feat xlink:href="#sSpan857" value="ϥ"/>
		<feat xlink:href="#sSpan858" value="."/>
		<feat xlink:href="#sSpan860" value="ⲁ"/>
		<feat xlink:href="#sSpan863" value="ϥ"/>
		<feat xlink:href="#sSpan864" value="ⲉⲓ"/>
		<feat xlink:href="#sSpan865" value="ⲛϭⲓ"/>
		<feat xlink:href="#sSpan867" value="ⲡ"/>
		<feat xlink:href="#sSpan869" value="ϣⲏⲣⲉ"/>
		<feat xlink:href="#sSpan870" value="ⲙ"/>
		<feat xlink:href="#sSpan872" value="ⲡ"/>
		<feat xlink:href="#sSpan873" value="ⲣⲱⲙⲉ"/>
		<feat xlink:href="#sSpan874" value="ⲉ"/>
		<feat xlink:href="#sSpan876" value="ϥ"/>
		<feat xlink:href="#sSpan877" value="ⲟⲩⲱⲙ"/>
		<feat xlink:href="#sSpan878" value="ⲁⲩⲱ"/>
		<feat xlink:href="#sSpan880" value="ⲉ"/>
		<feat xlink:href="#sSpan882" value="ϥ"/>
		<feat xlink:href="#sSpan883" value="ⲥⲱ"/>
		<feat xlink:href="#sSpan884" value="."/>
		<feat xlink:href="#sSpan886" value="ⲡⲉϫⲁ"/>
		<feat xlink:href="#sSpan888" value="ⲩ"/>
		<feat xlink:href="#sSpan889" value="ϫⲉ"/>
		<feat xlink:href="#sSpan891" value="ⲉⲓⲥ"/>
		<feat xlink:href="#sSpan892" value="ⲟⲩ"/>
		<feat xlink:href="#sSpan894" value="ⲣⲱⲙⲉ"/>
		<feat xlink:href="#sSpan895" value="ⲛ"/>
		<feat xlink:href="#sSpan898" value="ⲣⲉϥⲟⲩⲱⲙ"/>
		<feat xlink:href="#sSpan901" value="ⲁⲩⲱ"/>
		<feat xlink:href="#sSpan903" value="ⲛ"/>
		<feat xlink:href="#sSpan907" value="ⲣⲉϥⲥⲉⲏⲣⲡ"/>
		<feat xlink:href="#sSpan909" value="ⲛ"/>
		<feat xlink:href="#sSpan911" value="ϣⲃⲏⲣ"/>
		<feat xlink:href="#sSpan913" value="ⲧⲉⲗⲱⲛⲏⲥ"/>
		<feat xlink:href="#sSpan915" value="ϩⲓ"/>
		<feat xlink:href="#sSpan918" value="ⲣⲉϥⲣⲛⲟⲃⲉ"/>
		<feat xlink:href="#sSpan922" value="."/>
		<feat xlink:href="#sSpan924" value="ⲁⲩⲱ"/>
		<feat xlink:href="#sSpan926" value="ⲁ"/>
		<feat xlink:href="#sSpan928" value="ⲥ"/>
		<feat xlink:href="#sSpan929" value="ⲧⲙⲁⲓⲟ"/>
		<feat xlink:href="#sSpan930" value="ⲛϭⲓ"/>
		<feat xlink:href="#sSpan932" value="ⲧ"/>
		<feat xlink:href="#sSpan934" value="ⲥⲟⲫⲓⲁ"/>
		<feat xlink:href="#sSpan935" value="ⲉⲃⲟⲗ"/>
		<feat xlink:href="#sSpan938" value="ϩⲛ"/>
		<feat xlink:href="#sSpan940" value="ⲛⲉⲥ"/>
		<feat xlink:href="#sSpan942" value="ϩⲃⲏⲩⲉ"/>
		<feat xlink:href="#sSpan943" value="."/>
		<feat xlink:href="#sSpan945" value="ⲧⲟⲧⲉ"/>
		<feat xlink:href="#sSpan948" value="ⲁ"/>
		<feat xlink:href="#sSpan950" value="ϥ"/>
		<feat xlink:href="#sSpan951" value="ⲁⲣⲭⲉⲓ"/>
		<feat xlink:href="#sSpan952" value="ⲛϭⲓ"/>
		<feat xlink:href="#sSpan954" value="ⲓⲏⲥⲟⲩⲥ"/>
		<feat xlink:href="#sSpan956" value="ⲛ"/>
		<feat xlink:href="#sSpan958" value="ⲛⲟϭⲛⲉϭ"/>
		<feat xlink:href="#sSpan960" value="ⲛ"/>
		<feat xlink:href="#sSpan962" value="ⲙ"/>
		<feat xlink:href="#sSpan964" value="ⲡⲟⲗⲓⲥ"/>
		<feat xlink:href="#sSpan965" value="."/>
		<feat xlink:href="#sSpan967" value="ⲛⲁⲓ"/>
		<feat xlink:href="#sSpan969" value="ⲛⲧ"/>
		<feat xlink:href="#sSpan971" value="ⲁ"/>
		<feat xlink:href="#sSpan972" value="ⲡⲉ"/>
		<feat xlink:href="#sSpan973" value="ϩⲟⲩⲟ"/>
		<feat xlink:href="#sSpan974" value="ⲛ"/>
		<feat xlink:href="#sSpan976" value="ⲛⲉϥ"/>
		<feat xlink:href="#sSpan978" value="ϭⲟⲙ"/>
		<feat xlink:href="#sSpan979" value="ϣⲱⲡⲉ"/>
		<feat xlink:href="#sSpan981" value="ϩⲣⲁⲓ"/>
		<feat xlink:href="#sSpan984" value="ⲛϩⲏⲧ"/>
		<feat xlink:href="#sSpan986" value="ⲟⲩ"/>
		<feat xlink:href="#sSpan987" value="ϫⲉ"/>
		<feat xlink:href="#sSpan989" value="ⲙⲡ"/>
		<feat xlink:href="#sSpan990" value="ⲟⲩ"/>
		<feat xlink:href="#sSpan991" value="ⲙⲉⲧⲁⲛⲟⲓ"/>
		<feat xlink:href="#sSpan992" value="."/>
		<feat xlink:href="#sSpan994" value="ϫⲉ"/>
		<feat xlink:href="#sSpan997" value="ⲟⲩⲟⲓ"/>
		<feat xlink:href="#sSpan998" value="ⲛⲏⲭⲟⲣⲁⲍⲉⲓⲛ"/>
		<feat xlink:href="#sSpan1000" value="."/>
		<feat xlink:href="#sSpan1002" value="ⲟⲩⲟⲓ"/>
		<feat xlink:href="#sSpan1004" value="ⲛⲏⲃⲏⲇⲥⲁⲓⲇⲁ"/>
		<feat xlink:href="#sSpan1006" value="."/>
		<feat xlink:href="#sSpan1008" value="ϫⲉ"/>
		<feat xlink:href="#sSpan1010" value="ⲉⲛⲉ"/>
		<feat xlink:href="#sSpan1011" value="ⲛⲧ"/>
		<feat xlink:href="#sSpan1012" value="ⲁ"/>
		<feat xlink:href="#sSpan1013" value="ⲛ"/>
		<feat xlink:href="#sSpan1015" value="ϭⲟⲙ"/>
		<feat xlink:href="#sSpan1016" value="ⲛⲧ"/>
		<feat xlink:href="#sSpan1018" value="ⲁ"/>
		<feat xlink:href="#sSpan1019" value="ⲩ"/>
		<feat xlink:href="#sSpan1020" value="ϣⲱⲡⲉ"/>
		<feat xlink:href="#sSpan1021" value="ⲛϩⲏⲧ"/>
		<feat xlink:href="#sSpan1023" value="ⲧⲏⲩⲧⲛ"/>
		<feat xlink:href="#sSpan1024" value="ϣⲱⲡⲉ"/>
		<feat xlink:href="#sSpan1026" value="ϩⲛ"/>
		<feat xlink:href="#sSpan1028" value="ⲧⲩⲣⲟⲥ"/>
		<feat xlink:href="#sSpan1030" value="ⲙⲛ"/>
		<feat xlink:href="#sSpan1032" value="ⲥⲓⲇⲱⲛ"/>
		<feat xlink:href="#sSpan1034" value="ⲉϣϫⲉ"/>
		<feat xlink:href="#sSpan1036" value="ⲁ"/>
		<feat xlink:href="#sSpan1038" value="ⲩ"/>
		<feat xlink:href="#sSpan1039" value="ⲙⲉⲧⲁⲛⲟⲉⲓ"/>
		<feat xlink:href="#sSpan1040" value="ϩⲛ"/>
		<feat xlink:href="#sSpan1042" value="ⲟⲩ"/>
		<feat xlink:href="#sSpan1044" value="ϭⲟⲟⲩⲛⲉ"/>
		<feat xlink:href="#sSpan1045" value="ⲙⲛ"/>
		<feat xlink:href="#sSpan1047" value="ⲟⲩ"/>
		<feat xlink:href="#sSpan1049" value="ⲕⲣⲙⲉⲥ"/>
		<feat xlink:href="#sSpan1050" value="."/>
		<feat xlink:href="#sSpan1052" value="ⲡⲗⲏⲛ"/>
		<feat xlink:href="#sSpan1055" value="ϯ"/>
		<feat xlink:href="#sSpan1057" value="ϫⲱ"/>
		<feat xlink:href="#sSpan1058" value="ⲙⲙⲟ"/>
		<feat xlink:href="#sSpan1060" value="ⲥ"/>
		<feat xlink:href="#sSpan1061" value="ⲛⲏ"/>
		<feat xlink:href="#sSpan1063" value="ⲧⲛ"/>
		<feat xlink:href="#sSpan1064" value="."/>
		<feat xlink:href="#sSpan1066" value="ϫⲉ"/>
		<feat xlink:href="#sSpan1068" value="ⲟⲩⲛ"/>
		<feat xlink:href="#sSpan1069" value="ⲟⲩ"/>
		<feat xlink:href="#sSpan1071" value="ⲙⲧⲟⲛ"/>
		<feat xlink:href="#sSpan1072" value="ⲛⲁ"/>
		<feat xlink:href="#sSpan1074" value="ϣⲱⲡⲉ"/>
		<feat xlink:href="#sSpan1075" value="ⲛ"/>
		<feat xlink:href="#sSpan1077" value="ⲧⲩⲣⲟⲥ"/>
		<feat xlink:href="#sSpan1079" value="ⲙⲛ"/>
		<feat xlink:href="#sSpan1081" value="ⲥⲓⲇⲱⲛ"/>
		<feat xlink:href="#sSpan1083" value="ⲙ"/>
		<feat xlink:href="#sSpan1085" value="ⲡⲉ"/>
		<feat xlink:href="#sSpan1087" value="ϩⲟⲟⲩ"/>
		<feat xlink:href="#sSpan1088" value="ⲛ"/>
		<feat xlink:href="#sSpan1090" value="ⲧⲉ"/>
		<feat xlink:href="#sSpan1092" value="ⲕⲣⲓⲥⲓⲥ"/>
		<feat xlink:href="#sSpan1093" value="ⲉϩⲟⲩⲉⲉⲣⲱⲧⲛ"/>
		<feat xlink:href="#sSpan1095" value="."/>
		<feat xlink:href="#sSpan1097" value="ⲛⲧⲟ"/>
		<feat xlink:href="#sSpan1100" value="ϩⲱⲱ"/>
		<feat xlink:href="#sSpan1102" value="ⲧⲉ"/>
		<feat xlink:href="#sSpan1103" value="ⲕⲁⲫⲁⲣⲛⲁⲟⲩⲙ"/>
		<feat xlink:href="#sSpan1106" value="ⲙⲏ"/>
		<feat xlink:href="#sSpan1108" value="ⲧⲉ"/>
		<feat xlink:href="#sSpan1110" value="ⲛⲁ"/>
		<feat xlink:href="#sSpan1111" value="ϫⲓⲥⲉ"/>
		<feat xlink:href="#sSpan1112" value="ϣⲁ"/>
		<feat xlink:href="#sSpan1114" value="ⲉϩⲣⲁⲓ"/>
		<feat xlink:href="#sSpan1115" value="ⲉ"/>
		<feat xlink:href="#sSpan1117" value="ⲧ"/>
		<feat xlink:href="#sSpan1119" value="ⲡⲉ"/>
		<feat xlink:href="#sSpan1120" value="."/>
		<feat xlink:href="#sSpan1122" value="ⲧⲉ"/>
		<feat xlink:href="#sSpan1124" value="ⲛⲁ"/>
		<feat xlink:href="#sSpan1125" value="ⲃⲱⲕ"/>
		<feat xlink:href="#sSpan1127" value="ⲉ"/>
		<feat xlink:href="#sSpan1129" value="ⲡ"/>
		<feat xlink:href="#sSpan1130" value="ⲉⲥⲏⲧ"/>
		<feat xlink:href="#sSpan1131" value="ϣⲁ"/>
		<feat xlink:href="#sSpan1133" value="ⲁⲙⲛⲧⲉ"/>
		<feat xlink:href="#sSpan1135" value="ϫⲉ"/>
		<feat xlink:href="#sSpan1137" value="ⲉⲛⲉ"/>
		<feat xlink:href="#sSpan1138" value="ⲛⲧ"/>
		<feat xlink:href="#sSpan1139" value="ⲁ"/>
		<feat xlink:href="#sSpan1140" value="ⲛ"/>
		<feat xlink:href="#sSpan1142" value="ϭⲟⲙ"/>
		<feat xlink:href="#sSpan1143" value="ⲛⲧ"/>
		<feat xlink:href="#sSpan1145" value="ⲁ"/>
		<feat xlink:href="#sSpan1146" value="ⲩ"/>
		<feat xlink:href="#sSpan1147" value="ϣⲱⲡⲉ"/>
		<feat xlink:href="#sSpan1148" value="ϩⲣⲁⲓ"/>
		<feat xlink:href="#sSpan1150" value="ⲛ"/>
		<feat xlink:href="#sSpan1152" value="ϩⲏⲧⲉ"/>
		<feat xlink:href="#sSpan1154" value="ϣⲱⲡⲉ"/>
		<feat xlink:href="#sSpan1156" value="ϩⲛ"/>
		<feat xlink:href="#sSpan1158" value="ⲥⲟⲇⲟⲙⲁ"/>
		<feat xlink:href="#sSpan1160" value="ⲙⲛ"/>
		<feat xlink:href="#sSpan1162" value="ⲅⲟⲙⲟⲣⲣⲁ"/>
		<feat xlink:href="#sSpan1164" value="ⲛⲉ"/>
		<feat xlink:href="#sSpan1166" value="ⲩ"/>
		<feat xlink:href="#sSpan1167" value="ⲛⲁ"/>
		<feat xlink:href="#sSpan1168" value="ϭⲱ"/>
		<feat xlink:href="#sSpan1169" value="ⲡⲉ"/>
		<feat xlink:href="#sSpan1171" value="ϣⲁ"/>
		<feat xlink:href="#sSpan1173" value="ⲡ"/>
		<feat xlink:href="#sSpan1175" value="ⲟⲟⲩ"/>
		<feat xlink:href="#sSpan1176" value="ⲛ"/>
		<feat xlink:href="#sSpan1178" value="ϩⲟⲟⲩ"/>
		<feat xlink:href="#sSpan1179" value="."/>
		<feat xlink:href="#sSpan1181" value="ⲡⲗⲏⲛ"/>
		<feat xlink:href="#sSpan1184" value="ϯ"/>
		<feat xlink:href="#sSpan1186" value="ϫⲱ"/>
		<feat xlink:href="#sSpan1187" value="ⲙⲙⲟ"/>
		<feat xlink:href="#sSpan1189" value="ⲥ"/>
		<feat xlink:href="#sSpan1190" value="ⲛⲏ"/>
		<feat xlink:href="#sSpan1192" value="ⲧⲛ"/>
		<feat xlink:href="#sSpan1193" value="."/>
		<feat xlink:href="#sSpan1195" value="ϫⲉ"/>
		<feat xlink:href="#sSpan1197" value="ⲟⲩⲛ"/>
		<feat xlink:href="#sSpan1198" value="ⲟⲩ"/>
		<feat xlink:href="#sSpan1200" value="ⲙⲧⲟⲛ"/>
		<feat xlink:href="#sSpan1201" value="ⲛⲁ"/>
		<feat xlink:href="#sSpan1203" value="ϣⲱⲡⲉ"/>
		<feat xlink:href="#sSpan1204" value="ⲙ"/>
		<feat xlink:href="#sSpan1206" value="ⲡ"/>
		<feat xlink:href="#sSpan1208" value="ⲕⲁϩ"/>
		<feat xlink:href="#sSpan1209" value="ⲛ"/>
		<feat xlink:href="#sSpan1211" value="ⲥⲟⲇⲟⲙⲁ"/>
		<feat xlink:href="#sSpan1213" value="ⲙⲛ"/>
		<feat xlink:href="#sSpan1215" value="ⲅⲟⲙⲟⲣⲣⲁ"/>
		<feat xlink:href="#sSpan1217" value="ⲙ"/>
		<feat xlink:href="#sSpan1219" value="ⲡⲉ"/>
		<feat xlink:href="#sSpan1221" value="ϩⲟⲟⲩ"/>
		<feat xlink:href="#sSpan1222" value="ⲛ"/>
		<feat xlink:href="#sSpan1224" value="ⲧⲉ"/>
		<feat xlink:href="#sSpan1226" value="ⲕⲣⲓⲥⲓⲥ"/>
		<feat xlink:href="#sSpan1227" value="ⲉϩⲟⲩⲉ"/>
		<feat xlink:href="#sSpan1229" value="ⲉⲣⲟ"/>
		<feat xlink:href="#sSpan1230" value="."/>
		<feat xlink:href="#sSpan1232" value="ϩⲙ"/>
		<feat xlink:href="#sSpan1235" value="ⲡⲉ"/>
		<feat xlink:href="#sSpan1237" value="ⲩⲟⲉⲓϣ"/>
		<feat xlink:href="#sSpan1238" value="ⲉⲧ"/>
		<feat xlink:href="#sSpan1240" value="ⲙⲙⲁⲩ"/>
		<feat xlink:href="#sSpan1241" value="ⲁ"/>
		<feat xlink:href="#sSpan1243" value="ϥ"/>
		<feat xlink:href="#sSpan1244" value="ⲟⲩⲱϣⲃ"/>
		<feat xlink:href="#sSpan1245" value="ⲛϭⲓ"/>
		<feat xlink:href="#sSpan1247" value="ⲓⲏⲥⲟⲩⲥ"/>
		<feat xlink:href="#sSpan1249" value="ⲉ"/>
		<feat xlink:href="#sSpan1251" value="ϥ"/>
		<feat xlink:href="#sSpan1252" value="ϫⲱ"/>
		<feat xlink:href="#sSpan1253" value="ⲙⲙⲟ"/>
		<feat xlink:href="#sSpan1255" value="ⲥ"/>
		<feat xlink:href="#sSpan1256" value="ϫⲉ"/>
		<feat xlink:href="#sSpan1258" value="ϯ"/>
		<feat xlink:href="#sSpan1259" value="ⲉⲝⲟⲙⲟⲗⲟⲅⲉⲓ"/>
		<feat xlink:href="#sSpan1260" value="ⲛⲁ"/>
		<feat xlink:href="#sSpan1262" value="ⲕ"/>
		<feat xlink:href="#sSpan1263" value="ⲡⲁ"/>
		<feat xlink:href="#sSpan1266" value="ⲉⲓⲱⲧ"/>
		<feat xlink:href="#sSpan1267" value="ⲡ"/>
		<feat xlink:href="#sSpan1269" value="ϫⲟⲉⲓⲥ"/>
		<feat xlink:href="#sSpan1270" value="ⲛ"/>
		<feat xlink:href="#sSpan1272" value="ⲧ"/>
		<feat xlink:href="#sSpan1274" value="ⲡⲉ"/>
		<feat xlink:href="#sSpan1275" value="ⲙⲛ"/>
		<feat xlink:href="#sSpan1277" value="ⲡ"/>
		<feat xlink:href="#sSpan1279" value="ⲕⲁϩ"/>
		<feat xlink:href="#sSpan1280" value="."/>
		<feat xlink:href="#sSpan1282" value="ϫⲉ"/>
		<feat xlink:href="#sSpan1284" value="ⲛⲁⲓ"/>
		<feat xlink:href="#sSpan1286" value="ⲁ"/>
		<feat xlink:href="#sSpan1288" value="ⲕ"/>
		<feat xlink:href="#sSpan1289" value="ϩⲟⲡ"/>
		<feat xlink:href="#sSpan1290" value="ⲟⲩ"/>
		<feat xlink:href="#sSpan1291" value="ⲉ"/>
		<feat xlink:href="#sSpan1293" value="ⲛ"/>
		<feat xlink:href="#sSpan1295" value="ⲥⲟⲫⲟⲥ"/>
		<feat xlink:href="#sSpan1296" value="ⲙⲛ"/>
		<feat xlink:href="#sSpan1298" value="ⲛ"/>
		<feat xlink:href="#sSpan1300" value="ⲥⲁⲃⲉⲉⲩ"/>
		<feat xlink:href="#sSpan1301" value="ⲁ"/>
		<feat xlink:href="#sSpan1303" value="ⲕ"/>
		<feat xlink:href="#sSpan1304" value="ϭⲟⲗⲡ"/>
		<feat xlink:href="#sSpan1305" value="ⲟⲩ"/>
		<feat xlink:href="#sSpan1306" value="ⲇⲉ"/>
		<feat xlink:href="#sSpan1308" value="ⲉⲃⲟⲗ"/>
		<feat xlink:href="#sSpan1310" value="ⲛ"/>
		<feat xlink:href="#sSpan1312" value="ⲛ"/>
		<feat xlink:href="#sSpan1314" value="ϣⲏⲣⲉ"/>
		<feat xlink:href="#sSpan1316" value="ϣⲏⲙ"/>
		<feat xlink:href="#sSpan1318" value="."/>
		<feat xlink:href="#sSpan1320" value="ⲁ"/>
		<feat xlink:href="#sSpan1323" value="ϩⲉ"/>
		<feat xlink:href="#sSpan1324" value="ⲡⲁ"/>
		<feat xlink:href="#sSpan1327" value="ⲉⲓⲱⲧ"/>
		<feat xlink:href="#sSpan1328" value="ϫⲉ"/>
		<feat xlink:href="#sSpan1330" value="ⲛⲧ"/>
		<feat xlink:href="#sSpan1331" value="ⲁ"/>
		<feat xlink:href="#sSpan1332" value="ⲥ"/>
		<feat xlink:href="#sSpan1334" value="ⲣⲁⲛⲁ"/>
		<feat xlink:href="#sSpan1336" value="ⲕ"/>
		<feat xlink:href="#sSpan1337" value="ⲛ"/>
		<feat xlink:href="#sSpan1339" value="ⲧⲉⲓ"/>
		<feat xlink:href="#sSpan1340" value="ϩⲉ"/>
		<feat xlink:href="#sSpan1341" value="ⲙ"/>
		<feat xlink:href="#sSpan1343" value="ⲡⲉ"/>
		<feat xlink:href="#sSpan1345" value="ⲕⲙⲧⲟ"/>
		<feat xlink:href="#sSpan1346" value="ⲉⲃⲟⲗ"/>
		<feat xlink:href="#sSpan1348" value="."/>
		<feat xlink:href="#sSpan1350" value="ⲁ"/>
		<feat xlink:href="#sSpan1353" value="ⲩ"/>
		<feat xlink:href="#sSpan1354" value="ϯ"/>
		<feat xlink:href="#sSpan1355" value="ⲛⲁ"/>
		<feat xlink:href="#sSpan1357" value="ⲓ"/>
		<feat xlink:href="#sSpan1358" value="ⲙ"/>
		<feat xlink:href="#sSpan1360" value="ⲡ"/>
		<feat xlink:href="#sSpan1363" value="ⲧⲏⲣϥ"/>
		<feat xlink:href="#sSpan1365" value="ⲉⲃⲟⲗ"/>
		<feat xlink:href="#sSpan1368" value="ϩⲓⲧⲟⲟⲧ"/>
		<feat xlink:href="#sSpan1370" value="ϥ"/>
		<feat xlink:href="#sSpan1371" value="ⲙ"/>
		<feat xlink:href="#sSpan1373" value="ⲡⲁ"/>
		<feat xlink:href="#sSpan1375" value="ⲉⲓⲱⲧ"/>
		<feat xlink:href="#sSpan1376" value="ⲁⲩⲱ"/>
		<feat xlink:href="#sSpan1378" value="ⲙⲛ"/>
		<feat xlink:href="#sSpan1380" value="ⲗⲁⲁⲩ"/>
		<feat xlink:href="#sSpan1382" value="ⲥⲟⲟⲩⲛ"/>
		<feat xlink:href="#sSpan1384" value="ⲙ"/>
		<feat xlink:href="#sSpan1386" value="ⲡ"/>
		<feat xlink:href="#sSpan1388" value="ϣⲏⲣⲉ"/>
		<feat xlink:href="#sSpan1389" value="ⲉⲓ"/>
		<feat xlink:href="#sSpan1392" value="ⲙⲏⲧⲓ"/>
		<feat xlink:href="#sSpan1394" value="ⲡ"/>
		<feat xlink:href="#sSpan1397" value="ⲉⲓⲱⲧ"/>
		<feat xlink:href="#sSpan1398" value="ⲟⲩⲇⲉ"/>
		<feat xlink:href="#sSpan1400" value="ⲙⲛ"/>
		<feat xlink:href="#sSpan1402" value="ⲗⲁⲁⲩ"/>
		<feat xlink:href="#sSpan1404" value="ⲥⲟⲟⲩⲛ"/>
		<feat xlink:href="#sSpan1406" value="ⲙ"/>
		<feat xlink:href="#sSpan1408" value="ⲡ"/>
		<feat xlink:href="#sSpan1410" value="ⲉⲓⲱⲧ"/>
		<feat xlink:href="#sSpan1411" value="ⲉⲓⲙⲏⲧⲓ"/>
		<feat xlink:href="#sSpan1413" value="ⲡ"/>
		<feat xlink:href="#sSpan1416" value="ϣⲏⲣⲉ"/>
		<feat xlink:href="#sSpan1417" value="ⲙⲛ"/>
		<feat xlink:href="#sSpan1419" value="ⲡ"/>
		<feat xlink:href="#sSpan1421" value="ⲉⲧⲉⲣⲉ"/>
		<feat xlink:href="#sSpan1422" value="ⲡ"/>
		<feat xlink:href="#sSpan1424" value="ϣⲏⲣⲉ"/>
		<feat xlink:href="#sSpan1425" value="ⲛⲁ"/>
		<feat xlink:href="#sSpan1427" value="ⲟⲩⲱϣ"/>
		<feat xlink:href="#sSpan1428" value="ⲉ"/>
		<feat xlink:href="#sSpan1430" value="ⲟⲩ"/>
		<feat xlink:href="#sSpan1431" value="ⲱϣ"/>
		<feat xlink:href="#sSpan1432" value="ⲉ"/>
		<feat xlink:href="#sSpan1434" value="ⲩ"/>
		<feat xlink:href="#sSpan1435" value="ⲱⲛϩ"/>
		<feat xlink:href="#sSpan1436" value="ⲛⲁ"/>
		<feat xlink:href="#sSpan1438" value="ϥ"/>
		<feat xlink:href="#sSpan1439" value="ⲉⲃⲟⲗ"/>
		<feat xlink:href="#sSpan1441" value="."/>
		<feat xlink:href="#sSpan1443" value="ⲁⲙⲏⲓ"/>
		<feat xlink:href="#sSpan1446" value="ⲧⲛ"/>
		<feat xlink:href="#sSpan1447" value="ϣⲁⲣⲟ"/>
		<feat xlink:href="#sSpan1449" value="ⲓ"/>
		<feat xlink:href="#sSpan1450" value="ⲟⲩⲟⲛ"/>
		<feat xlink:href="#sSpan1454" value="ⲛⲓⲙ"/>
		<feat xlink:href="#sSpan1456" value="ⲉ"/>
		<feat xlink:href="#sSpan1458" value="ⲧ"/>
		<feat xlink:href="#sSpan1460" value="ϩⲟⲥⲉ"/>
		<feat xlink:href="#sSpan1461" value="ⲁⲩⲱ"/>
		<feat xlink:href="#sSpan1463" value="ⲉⲧ"/>
		<feat xlink:href="#sSpan1465" value="ⲟⲧⲡ"/>
		<feat xlink:href="#sSpan1466" value="."/>
		<feat xlink:href="#sSpan1468" value="ⲁⲩⲱ"/>
		<feat xlink:href="#sSpan1470" value="ⲁⲛⲟⲕ"/>
		<feat xlink:href="#sSpan1472" value="ϯ"/>
		<feat xlink:href="#sSpan1474" value="ⲛⲁ"/>
		<feat xlink:href="#sSpan1476" value="ϯⲙⲧⲟⲛ"/>
		<feat xlink:href="#sSpan1478" value="ⲛⲏ"/>
		<feat xlink:href="#sSpan1480" value="ⲧⲛ"/>
		<feat xlink:href="#sSpan1481" value="."/>
		<feat xlink:href="#sSpan1483" value="ϥⲓ"/>
		<feat xlink:href="#sSpan1486" value="ⲙ"/>
		<feat xlink:href="#sSpan1488" value="ⲡⲁ"/>
		<feat xlink:href="#sSpan1490" value="ⲛⲁϩⲃ"/>
		<feat xlink:href="#sSpan1491" value="ⲉϩⲣⲁⲓ"/>
		<feat xlink:href="#sSpan1493" value="ⲉϫⲛ"/>
		<feat xlink:href="#sSpan1495" value="ⲧⲏⲩⲧⲛ"/>
		<feat xlink:href="#sSpan1496" value="."/>
		<feat xlink:href="#sSpan1498" value="ⲛ"/>
		<feat xlink:href="#sSpan1500" value="ⲧⲉⲧⲛ"/>
		<feat xlink:href="#sSpan1501" value="ⲉⲓⲙⲉ"/>
		<feat xlink:href="#sSpan1502" value="ⲉⲃⲟⲗ"/>
		<feat xlink:href="#sSpan1504" value="ⲛϩⲏⲧ"/>
		<feat xlink:href="#sSpan1506" value="ϫⲉ"/>
		<feat xlink:href="#sSpan1508" value="ⲁⲛⲅ"/>
		<feat xlink:href="#sSpan1509" value="ⲟⲩ"/>
		<feat xlink:href="#sSpan1512" value="ⲣⲙⲣⲁϣ"/>
		<feat xlink:href="#sSpan1514" value="ⲁⲩⲱ"/>
		<feat xlink:href="#sSpan1516" value="ϯ"/>
		<feat xlink:href="#sSpan1518" value="ⲑⲃⲃⲓⲏⲩ"/>
		<feat xlink:href="#sSpan1519" value="ϩⲙ"/>
		<feat xlink:href="#sSpan1521" value="ⲡⲁ"/>
		<feat xlink:href="#sSpan1523" value="ϩⲏⲧ"/>
		<feat xlink:href="#sSpan1524" value="."/>
		<feat xlink:href="#sSpan1526" value="ⲧⲁⲣⲉ"/>
		<feat xlink:href="#sSpan1528" value="ⲧⲉⲧⲛ"/>
		<feat xlink:href="#sSpan1529" value="ϩⲉ"/>
		<feat xlink:href="#sSpan1531" value="ⲉ"/>
		<feat xlink:href="#sSpan1533" value="ⲩ"/>
		<feat xlink:href="#sSpan1534" value="ⲙⲧⲟⲛ"/>
		<feat xlink:href="#sSpan1535" value="ⲛ"/>
		<feat xlink:href="#sSpan1537" value="ⲛⲉ"/>
		<feat xlink:href="#sSpan1539" value="ⲯⲩⲭⲏ"/>
		<feat xlink:href="#sSpan1540" value="."/>
		<feat xlink:href="#sSpan1542" value="ⲡⲁ"/>
		<feat xlink:href="#sSpan1546" value="ⲛⲁϩⲃ"/>
		<feat xlink:href="#sSpan1547" value="ⲅⲁⲣ"/>
		<feat xlink:href="#sSpan1549" value="ⲛⲁ"/>
		<feat xlink:href="#sSpan1551" value="ϩⲗⲱϭ"/>
		<feat xlink:href="#sSpan1552" value="ϥ"/>
		<feat xlink:href="#sSpan1553" value="ⲁⲩⲱ"/>
		<feat xlink:href="#sSpan1555" value="ⲥ"/>
		<feat xlink:href="#sSpan1557" value="ⲁⲥⲱⲟⲩ"/>
		<feat xlink:href="#sSpan1558" value="ⲛϭⲓ"/>
		<feat xlink:href="#sSpan1560" value="ⲧⲁ"/>
		<feat xlink:href="#sSpan1562" value="ⲉⲧⲡⲱ"/>
		<feat xlink:href="#sSpan1563" value="."/></featList></paula>