<?xml version='1.0' encoding='UTF-8'?><!DOCTYPE paula SYSTEM "paula_rel.dtd">
<paula version="1.1">
	<header paula_id="scriptorium.GL29.dep"/>
	<relList xmlns:xlink="http://www.w3.org/1999/xlink" type="dep">
		<rel id="sPointingRel1" xlink:href="scriptorium.GL29.mark.xml#sSpan81" target="scriptorium.GL29.mark.xml#sSpan72"/>
		<rel id="sPointingRel3" xlink:href="scriptorium.GL29.mark.xml#sSpan105" target="scriptorium.GL29.mark.xml#sSpan100"/>
		<rel id="sPointingRel5" xlink:href="scriptorium.GL29.mark.xml#sSpan66" target="scriptorium.GL29.mark.xml#sSpan58"/>
		<rel id="sPointingRel7" xlink:href="scriptorium.GL29.mark.xml#sSpan56" target="scriptorium.GL29.mark.xml#sSpan52"/>
		<rel id="sPointingRel9" xlink:href="scriptorium.GL29.mark.xml#sSpan113" target="scriptorium.GL29.mark.xml#sSpan108"/>
		<rel id="sPointingRel11" xlink:href="scriptorium.GL29.mark.xml#sSpan45" target="scriptorium.GL29.mark.xml#sSpan66"/>
		<rel id="sPointingRel13" xlink:href="scriptorium.GL29.mark.xml#sSpan105" target="scriptorium.GL29.mark.xml#sSpan102"/>
		<rel id="sPointingRel15" xlink:href="scriptorium.GL29.mark.xml#sSpan28" target="scriptorium.GL29.mark.xml#sSpan19"/>
		<rel id="sPointingRel17" xlink:href="scriptorium.GL29.mark.xml#sSpan66" target="scriptorium.GL29.mark.xml#sSpan62"/>
		<rel id="sPointingRel19" xlink:href="scriptorium.GL29.mark.xml#sSpan11" target="scriptorium.GL29.mark.xml#sSpan28"/>
		<rel id="sPointingRel21" xlink:href="scriptorium.GL29.mark.xml#sSpan105" target="scriptorium.GL29.mark.xml#sSpan98"/>
		<rel id="sPointingRel23" xlink:href="scriptorium.GL29.mark.xml#sSpan11" target="scriptorium.GL29.mark.xml#sSpan14"/>
		<rel id="sPointingRel25" xlink:href="scriptorium.GL29.mark.xml#sSpan88" target="scriptorium.GL29.mark.xml#sSpan94"/>
		<rel id="sPointingRel27" xlink:href="scriptorium.GL29.mark.xml#sSpan94" target="scriptorium.GL29.mark.xml#sSpan90"/>
		<rel id="sPointingRel29" xlink:href="scriptorium.GL29.mark.xml#sSpan81" target="scriptorium.GL29.mark.xml#sSpan77"/>
		<rel id="sPointingRel31" xlink:href="scriptorium.GL29.mark.xml#sSpan81" target="scriptorium.GL29.mark.xml#sSpan88"/>
		<rel id="sPointingRel33" xlink:href="scriptorium.GL29.mark.xml#sSpan81" target="scriptorium.GL29.mark.xml#sSpan79"/>
		<rel id="sPointingRel35" xlink:href="scriptorium.GL29.mark.xml#sSpan45" target="scriptorium.GL29.mark.xml#sSpan48"/>
		<rel id="sPointingRel37" xlink:href="scriptorium.GL29.mark.xml#sSpan88" target="scriptorium.GL29.mark.xml#sSpan84"/>
		<rel id="sPointingRel39" xlink:href="scriptorium.GL29.mark.xml#sSpan45" target="scriptorium.GL29.mark.xml#sSpan35"/>
		<rel id="sPointingRel41" xlink:href="scriptorium.GL29.mark.xml#sSpan105" target="scriptorium.GL29.mark.xml#sSpan113"/>
		<rel id="sPointingRel43" xlink:href="scriptorium.GL29.mark.xml#sSpan94" target="scriptorium.GL29.mark.xml#sSpan105"/>
		<rel id="sPointingRel45" xlink:href="scriptorium.GL29.mark.xml#sSpan45" target="scriptorium.GL29.mark.xml#sSpan41"/>
		<rel id="sPointingRel47" xlink:href="scriptorium.GL29.mark.xml#sSpan88" target="scriptorium.GL29.mark.xml#sSpan116"/>
		<rel id="sPointingRel49" xlink:href="scriptorium.GL29.mark.xml#sSpan28" target="scriptorium.GL29.mark.xml#sSpan24"/>
		<rel id="sPointingRel51" xlink:href="scriptorium.GL29.mark.xml#sSpan11" target="scriptorium.GL29.mark.xml#sSpan2"/>
		<rel id="sPointingRel53" xlink:href="scriptorium.GL29.mark.xml#sSpan45" target="scriptorium.GL29.mark.xml#sSpan56"/></relList></paula>