<?xml version='1.0' encoding='UTF-8'?><!DOCTYPE paula SYSTEM "paula_feat.dtd">
<paula version="1.1">
	<header paula_id="scriptorium.GL29.mark_pos"/>
	<featList xmlns:xlink="http://www.w3.org/1999/xlink" type="pos" xml:base="scriptorium.GL29.mark.xml">
		<feat xlink:href="#sSpan2" value="PREP"/>
		<feat xlink:href="#sSpan11" value="N"/>
		<feat xlink:href="#sSpan14" value="PINT"/>
		<feat xlink:href="#sSpan19" value="CONJ"/>
		<feat xlink:href="#sSpan24" value="CREL"/>
		<feat xlink:href="#sSpan28" value="V"/>
		<feat xlink:href="#sSpan30" value="PUNCT"/>
		<feat xlink:href="#sSpan35" value="CONJ"/>
		<feat xlink:href="#sSpan41" value="PREP"/>
		<feat xlink:href="#sSpan45" value="V"/>
		<feat xlink:href="#sSpan48" value="ADV"/>
		<feat xlink:href="#sSpan52" value="PREP"/>
		<feat xlink:href="#sSpan56" value="PPERO"/>
		<feat xlink:href="#sSpan58" value="PREP"/>
		<feat xlink:href="#sSpan62" value="ART"/>
		<feat xlink:href="#sSpan66" value="N"/>
		<feat xlink:href="#sSpan68" value="PUNCT"/>
		<feat xlink:href="#sSpan72" value="CCIRC"/>
		<feat xlink:href="#sSpan77" value="PPERS"/>
		<feat xlink:href="#sSpan79" value="FUT"/>
		<feat xlink:href="#sSpan81" value="V"/>
		<feat xlink:href="#sSpan84" value="ART"/>
		<feat xlink:href="#sSpan88" value="N"/>
		<feat xlink:href="#sSpan90" value="PREP"/>
		<feat xlink:href="#sSpan94" value="ART"/>
		<feat xlink:href="#sSpan98" value="CREL"/>
		<feat xlink:href="#sSpan100" value="APST"/>
		<feat xlink:href="#sSpan102" value="PPERS"/>
		<feat xlink:href="#sSpan105" value="V"/>
		<feat xlink:href="#sSpan108" value="PREP"/>
		<feat xlink:href="#sSpan113" value="PPERO"/>
		<feat xlink:href="#sSpan116" value="ART"/></featList></paula>