<?xml version='1.0' encoding='UTF-8'?><!DOCTYPE paula SYSTEM "paula_feat.dtd">
<paula version="1.1">
	<header paula_id="scriptorium.GL29.dep_func"/>
	<featList xmlns:xlink="http://www.w3.org/1999/xlink" type="func" xml:base="scriptorium.GL29.dep.xml">
		<feat xlink:href="#sPointingRel1" value="mark"/>
		<feat xlink:href="#sPointingRel3" value="aux"/>
		<feat xlink:href="#sPointingRel5" value="case"/>
		<feat xlink:href="#sPointingRel7" value="case"/>
		<feat xlink:href="#sPointingRel9" value="case"/>
		<feat xlink:href="#sPointingRel11" value="obj"/>
		<feat xlink:href="#sPointingRel13" value="nsubj"/>
		<feat xlink:href="#sPointingRel15" value="cc"/>
		<feat xlink:href="#sPointingRel17" value="det"/>
		<feat xlink:href="#sPointingRel19" value="conj"/>
		<feat xlink:href="#sPointingRel21" value="mark"/>
		<feat xlink:href="#sPointingRel23" value="det"/>
		<feat xlink:href="#sPointingRel25" value="nmod"/>
		<feat xlink:href="#sPointingRel27" value="case"/>
		<feat xlink:href="#sPointingRel29" value="nsubj"/>
		<feat xlink:href="#sPointingRel31" value="obj"/>
		<feat xlink:href="#sPointingRel33" value="aux"/>
		<feat xlink:href="#sPointingRel35" value="advmod"/>
		<feat xlink:href="#sPointingRel37" value="det"/>
		<feat xlink:href="#sPointingRel39" value="cc"/>
		<feat xlink:href="#sPointingRel41" value="obl"/>
		<feat xlink:href="#sPointingRel43" value="acl:relcl"/>
		<feat xlink:href="#sPointingRel45" value="mark"/>
		<feat xlink:href="#sPointingRel47" value="cop"/>
		<feat xlink:href="#sPointingRel49" value="mark"/>
		<feat xlink:href="#sPointingRel51" value="case"/>
		<feat xlink:href="#sPointingRel53" value="obl"/></featList></paula>