<?xml version='1.0' encoding='UTF-8'?><!DOCTYPE paula SYSTEM "paula_feat.dtd">
<paula version="1.1">
	<header paula_id="scriptorium.shenoute.those.GF263-267.mark_hi_rend"/>
	<featList xmlns:xlink="http://www.w3.org/1999/xlink" type="hi_rend" xml:base="scriptorium.shenoute.those.GF263-267.mark.xml">
		<feat xlink:href="#sSpan67" value="ekthetic large"/>
		<feat xlink:href="#sSpan254" value="ekthetic large"/>
		<feat xlink:href="#sSpan401" value="ekthetic large"/>
		<feat xlink:href="#sSpan568" value="ekthetic large"/>
		<feat xlink:href="#sSpan690" value="ekthetic large"/>
		<feat xlink:href="#sSpan751" value="ekthetic large"/>
		<feat xlink:href="#sSpan874" value="ekthetic large"/>
		<feat xlink:href="#sSpan928" value="ekthetic large"/>
		<feat xlink:href="#sSpan1044" value="ekthetic large"/>
		<feat xlink:href="#sSpan1275" value="ekthetic large"/>
		<feat xlink:href="#sSpan1460" value="ekthetic large"/>
		<feat xlink:href="#sSpan1523" value="ekthetic large"/>
		<feat xlink:href="#sSpan1660" value="ekthetic large"/>
		<feat xlink:href="#sSpan1967" value="superscript"/>
		<feat xlink:href="#sSpan2212" value="ekthetic large"/>
		<feat xlink:href="#sSpan2291" value="ekthetic large"/>
		<feat xlink:href="#sSpan2390" value="ekthetic large"/>
		<feat xlink:href="#sSpan2591" value="ekthetic large"/>
		<feat xlink:href="#sSpan2868" value="ekthetic large"/>
		<feat xlink:href="#sSpan3274" value="ekthetic large"/>
		<feat xlink:href="#sSpan3410" value="ekthetic large"/></featList></paula>