<?xml version='1.0' encoding='UTF-8'?><!DOCTYPE paula SYSTEM "paula_feat.dtd">
<paula version="1.1">
	<header paula_id="scriptorium.shenoute.those.GF263-267.mark_func"/>
	<featList xmlns:xlink="http://www.w3.org/1999/xlink" type="func" xml:base="scriptorium.shenoute.those.GF263-267.mark.xml">
		<feat xlink:href="#sSpan2" value="det"/>
		<feat xlink:href="#sSpan13" value="root"/>
		<feat xlink:href="#sSpan15" value="nsubj"/>
		<feat xlink:href="#sSpan17" value="xcomp"/>
		<feat xlink:href="#sSpan19" value="case"/>
		<feat xlink:href="#sSpan23" value="det"/>
		<feat xlink:href="#sSpan26" value="obl"/>
		<feat xlink:href="#sSpan29" value="case"/>
		<feat xlink:href="#sSpan33" value="det"/>
		<feat xlink:href="#sSpan36" value="nmod"/>
		<feat xlink:href="#sSpan39" value="punct"/>
		<feat xlink:href="#sSpan44" value="cc"/>
		<feat xlink:href="#sSpan48" value="aux"/>
		<feat xlink:href="#sSpan52" value="nsubj"/>
		<feat xlink:href="#sSpan54" value="advcl"/>
		<feat xlink:href="#sSpan56" value="case"/>
		<feat xlink:href="#sSpan61" value="obl"/>
		<feat xlink:href="#sSpan63" value="punct"/>
		<feat xlink:href="#sSpan69" value="cc"/>
		<feat xlink:href="#sSpan76" value="aux"/>
		<feat xlink:href="#sSpan80" value="nsubj"/>
		<feat xlink:href="#sSpan82" value="root"/>
		<feat xlink:href="#sSpan84" value="obj"/>
		<feat xlink:href="#sSpan86" value="det"/>
		<feat xlink:href="#sSpan92" value="obj"/>
		<feat xlink:href="#sSpan94" value="case"/>
		<feat xlink:href="#sSpan98" value="nmod"/>
		<feat xlink:href="#sSpan102" value="advmod"/>
		<feat xlink:href="#sSpan106" value="punct"/>
		<feat xlink:href="#sSpan110" value="mark"/>
		<feat xlink:href="#sSpan114" value="det"/>
		<feat xlink:href="#sSpan118" value="acl"/>
		<feat xlink:href="#sSpan120" value="cop"/>
		<feat xlink:href="#sSpan124" value="case"/>
		<feat xlink:href="#sSpan128" value="nmod"/>
		<feat xlink:href="#sSpan132" value="case"/>
		<feat xlink:href="#sSpan136" value="nmod"/>
		<feat xlink:href="#sSpan138" value="punct"/>
		<feat xlink:href="#sSpan142" value="cc"/>
		<feat xlink:href="#sSpan147" value="det"/>
		<feat xlink:href="#sSpan153" value="conj"/>
		<feat xlink:href="#sSpan156" value="det"/>
		<feat xlink:href="#sSpan161" value="conj"/>
		<feat xlink:href="#sSpan164" value="det"/>
		<feat xlink:href="#sSpan168" value="punct"/>
		<feat xlink:href="#sSpan172" value="det"/>
		<feat xlink:href="#sSpan177" value="dislocated"/>
		<feat xlink:href="#sSpan180" value="advmod"/>
		<feat xlink:href="#sSpan184" value="aux"/>
		<feat xlink:href="#sSpan188" value="nsubj"/>
		<feat xlink:href="#sSpan190" value="parataxis"/>
		<feat xlink:href="#sSpan193" value="obj"/>
		<feat xlink:href="#sSpan195" value="advmod"/>
		<feat xlink:href="#sSpan199" value="case"/>
		<feat xlink:href="#sSpan204" value="obl"/>
		<feat xlink:href="#sSpan207" value="case"/>
		<feat xlink:href="#sSpan211" value="det"/>
		<feat xlink:href="#sSpan215" value="nmod"/>
		<feat xlink:href="#sSpan217" value="punct"/>
		<feat xlink:href="#sSpan221" value="cc"/>
		<feat xlink:href="#sSpan226" value="conj"/>
		<feat xlink:href="#sSpan229" value="mark"/>
		<feat xlink:href="#sSpan231" value="acl"/>
		<feat xlink:href="#sSpan233" value="case"/>
		<feat xlink:href="#sSpan237" value="det"/>
		<feat xlink:href="#sSpan240" value="obj"/>
		<feat xlink:href="#sSpan243" value="case"/>
		<feat xlink:href="#sSpan247" value="nmod"/>
		<feat xlink:href="#sSpan250" value="punct"/>
		<feat xlink:href="#sSpan255" value="det"/>
		<feat xlink:href="#sSpan264" value="root"/>
		<feat xlink:href="#sSpan267" value="advmod"/>
		<feat xlink:href="#sSpan271" value="case"/>
		<feat xlink:href="#sSpan276" value="nmod"/>
		<feat xlink:href="#sSpan279" value="mark"/>
		<feat xlink:href="#sSpan283" value="det"/>
		<feat xlink:href="#sSpan288" value="nsubj"/>
		<feat xlink:href="#sSpan290" value="acl"/>
		<feat xlink:href="#sSpan295" value="case"/>
		<feat xlink:href="#sSpan299" value="obj"/>
		<feat xlink:href="#sSpan301" value="advmod"/>
		<feat xlink:href="#sSpan306" value="case"/>
		<feat xlink:href="#sSpan310" value="obl"/>
		<feat xlink:href="#sSpan312" value="mark"/>
		<feat xlink:href="#sSpan316" value="nsubj"/>
		<feat xlink:href="#sSpan318" value="advcl"/>
		<feat xlink:href="#sSpan321" value="advmod"/>
		<feat xlink:href="#sSpan325" value="case"/>
		<feat xlink:href="#sSpan329" value="obl"/>
		<feat xlink:href="#sSpan332" value="mark"/>
		<feat xlink:href="#sSpan334" value="det"/>
		<feat xlink:href="#sSpan338" value="nsubj"/>
		<feat xlink:href="#sSpan340" value="acl"/>
		<feat xlink:href="#sSpan344" value="case"/>
		<feat xlink:href="#sSpan350" value="obj"/>
		<feat xlink:href="#sSpan352" value="case"/>
		<feat xlink:href="#sSpan356" value="det"/>
		<feat xlink:href="#sSpan359" value="obl"/>
		<feat xlink:href="#sSpan362" value="case"/>
		<feat xlink:href="#sSpan366" value="nmod"/>
		<feat xlink:href="#sSpan369" value="mark"/>
		<feat xlink:href="#sSpan371" value="acl"/>
		<feat xlink:href="#sSpan374" value="case"/>
		<feat xlink:href="#sSpan378" value="det"/>
		<feat xlink:href="#sSpan383" value="obl"/>
		<feat xlink:href="#sSpan385" value="case"/>
		<feat xlink:href="#sSpan390" value="obl"/>
		<feat xlink:href="#sSpan393" value="det"/>
		<feat xlink:href="#sSpan397" value="punct"/>
		<feat xlink:href="#sSpan403" value="cc"/>
		<feat xlink:href="#sSpan410" value="advmod"/>
		<feat xlink:href="#sSpan415" value="advmod"/>
		<feat xlink:href="#sSpan419" value="case"/>
		<feat xlink:href="#sSpan423" value="obl"/>
		<feat xlink:href="#sSpan426" value="case"/>
		<feat xlink:href="#sSpan430" value="nmod"/>
		<feat xlink:href="#sSpan434" value="det"/>
		<feat xlink:href="#sSpan439" value="nmod"/>
		<feat xlink:href="#sSpan442" value="mark"/>
		<feat xlink:href="#sSpan446" value="nsubj"/>
		<feat xlink:href="#sSpan449" value="aux"/>
		<feat xlink:href="#sSpan454" value="acl"/>
		<feat xlink:href="#sSpan456" value="obj"/>
		<feat xlink:href="#sSpan458" value="advmod"/>
		<feat xlink:href="#sSpan462" value="case"/>
		<feat xlink:href="#sSpan467" value="obl"/>
		<feat xlink:href="#sSpan469" value="punct"/>
		<feat xlink:href="#sSpan473" value="aux"/>
		<feat xlink:href="#sSpan477" value="nsubj"/>
		<feat xlink:href="#sSpan479" value="root"/>
		<feat xlink:href="#sSpan481" value="advmod"/>
		<feat xlink:href="#sSpan486" value="case"/>
		<feat xlink:href="#sSpan490" value="obl"/>
		<feat xlink:href="#sSpan492" value="mark"/>
		<feat xlink:href="#sSpan495" value="acl"/>
		<feat xlink:href="#sSpan498" value="det"/>
		<feat xlink:href="#sSpan503" value="appos"/>
		<feat xlink:href="#sSpan505" value="punct"/>
		<feat xlink:href="#sSpan509" value="cc"/>
		<feat xlink:href="#sSpan513" value="det"/>
		<feat xlink:href="#sSpan519" value="conj"/>
		<feat xlink:href="#sSpan521" value="punct"/>
		<feat xlink:href="#sSpan525" value="conj"/>
		<feat xlink:href="#sSpan531" value="case"/>
		<feat xlink:href="#sSpan536" value="obj"/>
		<feat xlink:href="#sSpan538" value="advmod"/>
		<feat xlink:href="#sSpan542" value="case"/>
		<feat xlink:href="#sSpan546" value="det"/>
		<feat xlink:href="#sSpan550" value="obl"/>
		<feat xlink:href="#sSpan552" value="case"/>
		<feat xlink:href="#sSpan556" value="obl"/>
		<feat xlink:href="#sSpan559" value="det"/>
		<feat xlink:href="#sSpan564" value="punct"/>
		<feat xlink:href="#sSpan570" value="cc"/>
		<feat xlink:href="#sSpan577" value="aux"/>
		<feat xlink:href="#sSpan581" value="det"/>
		<feat xlink:href="#sSpan584" value="nsubj"/>
		<feat xlink:href="#sSpan587" value="case"/>
		<feat xlink:href="#sSpan591" value="nmod"/>
		<feat xlink:href="#sSpan594" value="mark"/>
		<feat xlink:href="#sSpan596" value="acl"/>
		<feat xlink:href="#sSpan598" value="case"/>
		<feat xlink:href="#sSpan601" value="obl"/>
		<feat xlink:href="#sSpan603" value="punct"/>
		<feat xlink:href="#sSpan607" value="root"/>
		<feat xlink:href="#sSpan611" value="case"/>
		<feat xlink:href="#sSpan615" value="obl"/>
		<feat xlink:href="#sSpan617" value="advmod"/>
		<feat xlink:href="#sSpan622" value="case"/>
		<feat xlink:href="#sSpan626" value="det"/>
		<feat xlink:href="#sSpan629" value="obl"/>
		<feat xlink:href="#sSpan631" value="case"/>
		<feat xlink:href="#sSpan635" value="det"/>
		<feat xlink:href="#sSpan639" value="nmod"/>
		<feat xlink:href="#sSpan641" value="det"/>
		<feat xlink:href="#sSpan646" value="appos"/>
		<feat xlink:href="#sSpan649" value="punct"/>
		<feat xlink:href="#sSpan653" value="mark"/>
		<feat xlink:href="#sSpan657" value="nsubj"/>
		<feat xlink:href="#sSpan659" value="acl"/>
		<feat xlink:href="#sSpan662" value="case"/>
		<feat xlink:href="#sSpan666" value="obl"/>
		<feat xlink:href="#sSpan668" value="case"/>
		<feat xlink:href="#sSpan673" value="obl"/>
		<feat xlink:href="#sSpan676" value="det"/>
		<feat xlink:href="#sSpan680" value="punct"/>
		<feat xlink:href="#sSpan684" value="mark"/>
		<feat xlink:href="#sSpan695" value="advcl"/>
		<feat xlink:href="#sSpan697" value="det"/>
		<feat xlink:href="#sSpan701" value="nsubj"/>
		<feat xlink:href="#sSpan703" value="case"/>
		<feat xlink:href="#sSpan708" value="det"/>
		<feat xlink:href="#sSpan711" value="nmod"/>
		<feat xlink:href="#sSpan713" value="punct"/>
		<feat xlink:href="#sSpan717" value="cc"/>
		<feat xlink:href="#sSpan721" value="det"/>
		<feat xlink:href="#sSpan727" value="conj"/>
		<feat xlink:href="#sSpan729" value="mark"/>
		<feat xlink:href="#sSpan733" value="nsubj"/>
		<feat xlink:href="#sSpan736" value="acl"/>
		<feat xlink:href="#sSpan739" value="case"/>
		<feat xlink:href="#sSpan743" value="det"/>
		<feat xlink:href="#sSpan745" value="obl"/>
		<feat xlink:href="#sSpan747" value="punct"/>
		<feat xlink:href="#sSpan752" value="root"/>
		<feat xlink:href="#sSpan757" value="nsubj"/>
		<feat xlink:href="#sSpan760" value="advmod"/>
		<feat xlink:href="#sSpan764" value="aux"/>
		<feat xlink:href="#sSpan768" value="det"/>
		<feat xlink:href="#sSpan772" value="nsubj"/>
		<feat xlink:href="#sSpan774" value="advcl"/>
		<feat xlink:href="#sSpan778" value="det"/>
		<feat xlink:href="#sSpan782" value="obj"/>
		<feat xlink:href="#sSpan784" value="case"/>
		<feat xlink:href="#sSpan789" value="nmod"/>
		<feat xlink:href="#sSpan792" value="punct"/>
		<feat xlink:href="#sSpan796" value="cc"/>
		<feat xlink:href="#sSpan800" value="det"/>
		<feat xlink:href="#sSpan805" value="conj"/>
		<feat xlink:href="#sSpan808" value="advmod"/>
		<feat xlink:href="#sSpan812" value="punct"/>
		<feat xlink:href="#sSpan817" value="cc"/>
		<feat xlink:href="#sSpan822" value="det"/>
		<feat xlink:href="#sSpan828" value="conj"/>
		<feat xlink:href="#sSpan830" value="case"/>
		<feat xlink:href="#sSpan834" value="det"/>
		<feat xlink:href="#sSpan838" value="nmod"/>
		<feat xlink:href="#sSpan840" value="punct"/>
		<feat xlink:href="#sSpan844" value="det"/>
		<feat xlink:href="#sSpan849" value="parataxis"/>
		<feat xlink:href="#sSpan852" value="cop"/>
		<feat xlink:href="#sSpan856" value="case"/>
		<feat xlink:href="#sSpan860" value="nmod"/>
		<feat xlink:href="#sSpan863" value="advmod"/>
		<feat xlink:href="#sSpan868" value="det"/>
		<feat xlink:href="#sSpan870" value="punct"/>
		<feat xlink:href="#sSpan875" value="case"/>
		<feat xlink:href="#sSpan883" value="obl"/>
		<feat xlink:href="#sSpan886" value="case"/>
		<feat xlink:href="#sSpan890" value="det"/>
		<feat xlink:href="#sSpan893" value="root"/>
		<feat xlink:href="#sSpan896" value="advmod"/>
		<feat xlink:href="#sSpan900" value="cop"/>
		<feat xlink:href="#sSpan904" value="case"/>
		<feat xlink:href="#sSpan908" value="obl"/>
		<feat xlink:href="#sSpan910" value="punct"/>
		<feat xlink:href="#sSpan914" value="cc"/>
		<feat xlink:href="#sSpan919" value="det"/>
		<feat xlink:href="#sSpan922" value="conj"/>
		<feat xlink:href="#sSpan924" value="punct"/>
		<feat xlink:href="#sSpan930" value="advmod"/>
		<feat xlink:href="#sSpan938" value="aux"/>
		<feat xlink:href="#sSpan942" value="det"/>
		<feat xlink:href="#sSpan946" value="nsubj"/>
		<feat xlink:href="#sSpan949" value="vocative"/>
		<feat xlink:href="#sSpan955" value="det"/>
		<feat xlink:href="#sSpan961" value="nsubj"/>
		<feat xlink:href="#sSpan963" value="case"/>
		<feat xlink:href="#sSpan969" value="nmod"/>
		<feat xlink:href="#sSpan973" value="root"/>
		<feat xlink:href="#sSpan978" value="mark"/>
		<feat xlink:href="#sSpan982" value="xcomp"/>
		<feat xlink:href="#sSpan984" value="obj"/>
		<feat xlink:href="#sSpan986" value="punct"/>
		<feat xlink:href="#sSpan990" value="case"/>
		<feat xlink:href="#sSpan994" value="det"/>
		<feat xlink:href="#sSpan998" value="obl"/>
		<feat xlink:href="#sSpan1000" value="nsubj"/>
		<feat xlink:href="#sSpan1002" value="xcomp"/>
		<feat xlink:href="#sSpan1005" value="case"/>
		<feat xlink:href="#sSpan1009" value="det"/>
		<feat xlink:href="#sSpan1012" value="obl"/>
		<feat xlink:href="#sSpan1015" value="punct"/>
		<feat xlink:href="#sSpan1019" value="mark"/>
		<feat xlink:href="#sSpan1023" value="aux"/>
		<feat xlink:href="#sSpan1025" value="nsubj"/>
		<feat xlink:href="#sSpan1028" value="advcl"/>
		<feat xlink:href="#sSpan1032" value="advmod"/>
		<feat xlink:href="#sSpan1036" value="mark"/>
		<feat xlink:href="#sSpan1040" value="nsubj"/>
		<feat xlink:href="#sSpan1042" value="ccomp"/>
		<feat xlink:href="#sSpan1045" value="aux"/>
		<feat xlink:href="#sSpan1052" value="nsubj"/>
		<feat xlink:href="#sSpan1054" value="root"/>
		<feat xlink:href="#sSpan1056" value="obj"/>
		<feat xlink:href="#sSpan1058" value="case"/>
		<feat xlink:href="#sSpan1062" value="obl"/>
		<feat xlink:href="#sSpan1064" value="case"/>
		<feat xlink:href="#sSpan1068" value="det"/>
		<feat xlink:href="#sSpan1070" value="obl"/>
		<feat xlink:href="#sSpan1073" value="punct"/>
		<feat xlink:href="#sSpan1077" value="mark"/>
		<feat xlink:href="#sSpan1081" value="case"/>
		<feat xlink:href="#sSpan1084" value="obl"/>
		<feat xlink:href="#sSpan1086" value="aux"/>
		<feat xlink:href="#sSpan1092" value="nsubj"/>
		<feat xlink:href="#sSpan1094" value="aux"/>
		<feat xlink:href="#sSpan1096" value="ccomp"/>
		<feat xlink:href="#sSpan1098" value="advmod"/>
		<feat xlink:href="#sSpan1102" value="case"/>
		<feat xlink:href="#sSpan1107" value="dislocated"/>
		<feat xlink:href="#sSpan1110" value="mark"/>
		<feat xlink:href="#sSpan1112" value="aux"/>
		<feat xlink:href="#sSpan1114" value="nsubj"/>
		<feat xlink:href="#sSpan1118" value="acl"/>
		<feat xlink:href="#sSpan1122" value="case"/>
		<feat xlink:href="#sSpan1128" value="obl"/>
		<feat xlink:href="#sSpan1131" value="punct"/>
		<feat xlink:href="#sSpan1136" value="advmod"/>
		<feat xlink:href="#sSpan1142" value="mark"/>
		<feat xlink:href="#sSpan1146" value="nsubj"/>
		<feat xlink:href="#sSpan1148" value="root"/>
		<feat xlink:href="#sSpan1151" value="case"/>
		<feat xlink:href="#sSpan1155" value="nummod"/>
		<feat xlink:href="#sSpan1158" value="case"/>
		<feat xlink:href="#sSpan1163" value="obl"/>
		<feat xlink:href="#sSpan1166" value="case"/>
		<feat xlink:href="#sSpan1171" value="nmod"/>
		<feat xlink:href="#sSpan1175" value="case"/>
		<feat xlink:href="#sSpan1180" value="obl"/>
		<feat xlink:href="#sSpan1184" value="punct"/>
		<feat xlink:href="#sSpan1188" value="case"/>
		<feat xlink:href="#sSpan1194" value="det"/>
		<feat xlink:href="#sSpan1196" value="root"/>
		<feat xlink:href="#sSpan1198" value="mark"/>
		<feat xlink:href="#sSpan1203" value="aux"/>
		<feat xlink:href="#sSpan1205" value="det"/>
		<feat xlink:href="#sSpan1209" value="nsubj"/>
		<feat xlink:href="#sSpan1212" value="acl"/>
		<feat xlink:href="#sSpan1216" value="obj"/>
		<feat xlink:href="#sSpan1218" value="case"/>
		<feat xlink:href="#sSpan1223" value="obl"/>
		<feat xlink:href="#sSpan1225" value="punct"/>
		<feat xlink:href="#sSpan1229" value="mark"/>
		<feat xlink:href="#sSpan1233" value="aux"/>
		<feat xlink:href="#sSpan1236" value="nsubj"/>
		<feat xlink:href="#sSpan1239" value="ccomp"/>
		<feat xlink:href="#sSpan1243" value="case"/>
		<feat xlink:href="#sSpan1247" value="det"/>
		<feat xlink:href="#sSpan1252" value="obl"/>
		<feat xlink:href="#sSpan1254" value="parataxis"/>
		<feat xlink:href="#sSpan1259" value="det"/>
		<feat xlink:href="#sSpan1262" value="nsubj"/>
		<feat xlink:href="#sSpan1264" value="det"/>
		<feat xlink:href="#sSpan1268" value="appos"/>
		<feat xlink:href="#sSpan1271" value="punct"/>
		<feat xlink:href="#sSpan1277" value="advmod"/>
		<feat xlink:href="#sSpan1285" value="root"/>
		<feat xlink:href="#sSpan1289" value="det"/>
		<feat xlink:href="#sSpan1293" value="nsubj"/>
		<feat xlink:href="#sSpan1298" value="case"/>
		<feat xlink:href="#sSpan1302" value="det"/>
		<feat xlink:href="#sSpan1307" value="vocative"/>
		<feat xlink:href="#sSpan1310" value="case"/>
		<feat xlink:href="#sSpan1314" value="nmod"/>
		<feat xlink:href="#sSpan1316" value="cc"/>
		<feat xlink:href="#sSpan1321" value="conj"/>
		<feat xlink:href="#sSpan1323" value="punct"/>
		<feat xlink:href="#sSpan1327" value="cc"/>
		<feat xlink:href="#sSpan1332" value="conj"/>
		<feat xlink:href="#sSpan1335" value="det"/>
		<feat xlink:href="#sSpan1339" value="det"/>
		<feat xlink:href="#sSpan1344" value="appos"/>
		<feat xlink:href="#sSpan1346" value="mark"/>
		<feat xlink:href="#sSpan1350" value="aux"/>
		<feat xlink:href="#sSpan1353" value="det"/>
		<feat xlink:href="#sSpan1356" value="nsubj"/>
		<feat xlink:href="#sSpan1358" value="case"/>
		<feat xlink:href="#sSpan1362" value="det"/>
		<feat xlink:href="#sSpan1366" value="nmod"/>
		<feat xlink:href="#sSpan1368" value="acl"/>
		<feat xlink:href="#sSpan1372" value="obj"/>
		<feat xlink:href="#sSpan1375" value="obj"/>
		<feat xlink:href="#sSpan1381" value="case"/>
		<feat xlink:href="#sSpan1385" value="obl"/>
		<feat xlink:href="#sSpan1387" value="advmod"/>
		<feat xlink:href="#sSpan1396" value="case"/>
		<feat xlink:href="#sSpan1400" value="obl"/>
		<feat xlink:href="#sSpan1402" value="punct"/>
		<feat xlink:href="#sSpan1406" value="cc"/>
		<feat xlink:href="#sSpan1410" value="case"/>
		<feat xlink:href="#sSpan1415" value="det"/>
		<feat xlink:href="#sSpan1419" value="conj"/>
		<feat xlink:href="#sSpan1421" value="mark"/>
		<feat xlink:href="#sSpan1426" value="det"/>
		<feat xlink:href="#sSpan1430" value="acl"/>
		<feat xlink:href="#sSpan1434" value="advmod"/>
		<feat xlink:href="#sSpan1438" value="case"/>
		<feat xlink:href="#sSpan1443" value="nmod"/>
		<feat xlink:href="#sSpan1446" value="punct"/>
		<feat xlink:href="#sSpan1450" value="det"/>
		<feat xlink:href="#sSpan1458" value="dislocated"/>
		<feat xlink:href="#sSpan1463" value="advmod"/>
		<feat xlink:href="#sSpan1467" value="case"/>
		<feat xlink:href="#sSpan1471" value="nmod"/>
		<feat xlink:href="#sSpan1475" value="cc"/>
		<feat xlink:href="#sSpan1479" value="conj"/>
		<feat xlink:href="#sSpan1482" value="aux"/>
		<feat xlink:href="#sSpan1487" value="nsubj"/>
		<feat xlink:href="#sSpan1489" value="root"/>
		<feat xlink:href="#sSpan1491" value="case"/>
		<feat xlink:href="#sSpan1495" value="obl"/>
		<feat xlink:href="#sSpan1497" value="cc"/>
		<feat xlink:href="#sSpan1502" value="mark"/>
		<feat xlink:href="#sSpan1506" value="aux"/>
		<feat xlink:href="#sSpan1508" value="nsubj"/>
		<feat xlink:href="#sSpan1510" value="conj"/>
		<feat xlink:href="#sSpan1513" value="case"/>
		<feat xlink:href="#sSpan1517" value="obj"/>
		<feat xlink:href="#sSpan1519" value="punct"/>
		<feat xlink:href="#sSpan1524" value="det"/>
		<feat xlink:href="#sSpan1533" value="nsubj"/>
		<feat xlink:href="#sSpan1537" value="root"/>
		<feat xlink:href="#sSpan1542" value="mark"/>
		<feat xlink:href="#sSpan1544" value="acl"/>
		<feat xlink:href="#sSpan1546" value="advmod"/>
		<feat xlink:href="#sSpan1550" value="case"/>
		<feat xlink:href="#sSpan1555" value="obl"/>
		<feat xlink:href="#sSpan1559" value="punct"/>
		<feat xlink:href="#sSpan1564" value="cc"/>
		<feat xlink:href="#sSpan1568" value="aux"/>
		<feat xlink:href="#sSpan1572" value="nsubj"/>
		<feat xlink:href="#sSpan1574" value="conj"/>
		<feat xlink:href="#sSpan1577" value="advmod"/>
		<feat xlink:href="#sSpan1581" value="case"/>
		<feat xlink:href="#sSpan1585" value="obl"/>
		<feat xlink:href="#sSpan1587" value="punct"/>
		<feat xlink:href="#sSpan1591" value="mark"/>
		<feat xlink:href="#sSpan1595" value="nsubj"/>
		<feat xlink:href="#sSpan1598" value="advcl"/>
		<feat xlink:href="#sSpan1600" value="case"/>
		<feat xlink:href="#sSpan1604" value="obj"/>
		<feat xlink:href="#sSpan1606" value="punct"/>
		<feat xlink:href="#sSpan1610" value="cc"/>
		<feat xlink:href="#sSpan1615" value="det"/>
		<feat xlink:href="#sSpan1617" value="obl"/>
		<feat xlink:href="#sSpan1620" value="mark"/>
		<feat xlink:href="#sSpan1622" value="acl"/>
		<feat xlink:href="#sSpan1624" value="advmod"/>
		<feat xlink:href="#sSpan1629" value="case"/>
		<feat xlink:href="#sSpan1633" value="obl"/>
		<feat xlink:href="#sSpan1635" value="punct"/>
		<feat xlink:href="#sSpan1640" value="cc"/>
		<feat xlink:href="#sSpan1644" value="case"/>
		<feat xlink:href="#sSpan1650" value="fixed"/>
		<feat xlink:href="#sSpan1654" value="conj"/>
		<feat xlink:href="#sSpan1656" value="punct"/>
		<feat xlink:href="#sSpan1661" value="aux"/>
		<feat xlink:href="#sSpan1668" value="nsubj"/>
		<feat xlink:href="#sSpan1670" value="root"/>
		<feat xlink:href="#sSpan1673" value="advmod"/>
		<feat xlink:href="#sSpan1677" value="mark"/>
		<feat xlink:href="#sSpan1681" value="nsubj"/>
		<feat xlink:href="#sSpan1684" value="advcl"/>
		<feat xlink:href="#sSpan1687" value="case"/>
		<feat xlink:href="#sSpan1691" value="det"/>
		<feat xlink:href="#sSpan1694" value="obl"/>
		<feat xlink:href="#sSpan1697" value="mark"/>
		<feat xlink:href="#sSpan1701" value="ccomp"/>
		<feat xlink:href="#sSpan1704" value="mark"/>
		<feat xlink:href="#sSpan1706" value="acl"/>
		<feat xlink:href="#sSpan1709" value="case"/>
		<feat xlink:href="#sSpan1714" value="obl"/>
		<feat xlink:href="#sSpan1718" value="appos"/>
		<feat xlink:href="#sSpan1722" value="mark"/>
		<feat xlink:href="#sSpan1724" value="aux"/>
		<feat xlink:href="#sSpan1727" value="nsubj"/>
		<feat xlink:href="#sSpan1731" value="det"/>
		<feat xlink:href="#sSpan1736" value="case"/>
		<feat xlink:href="#sSpan1741" value="nmod"/>
		<feat xlink:href="#sSpan1743" value="acl"/>
		<feat xlink:href="#sSpan1749" value="case"/>
		<feat xlink:href="#sSpan1753" value="obl"/>
		<feat xlink:href="#sSpan1755" value="punct"/>
		<feat xlink:href="#sSpan1759" value="mark"/>
		<feat xlink:href="#sSpan1763" value="xcomp"/>
		<feat xlink:href="#sSpan1765" value="nsubj"/>
		<feat xlink:href="#sSpan1767" value="xcomp"/>
		<feat xlink:href="#sSpan1770" value="advmod"/>
		<feat xlink:href="#sSpan1774" value="case"/>
		<feat xlink:href="#sSpan1778" value="det"/>
		<feat xlink:href="#sSpan1782" value="obj"/>
		<feat xlink:href="#sSpan1785" value="case"/>
		<feat xlink:href="#sSpan1790" value="obl"/>
		<feat xlink:href="#sSpan1792" value="punct"/>
		<feat xlink:href="#sSpan1796" value="cc"/>
		<feat xlink:href="#sSpan1800" value="conj"/>
		<feat xlink:href="#sSpan1804" value="case"/>
		<feat xlink:href="#sSpan1809" value="obl"/>
		<feat xlink:href="#sSpan1811" value="punct"/>
		<feat xlink:href="#sSpan1815" value="det"/>
		<feat xlink:href="#sSpan1821" value="obl"/>
		<feat xlink:href="#sSpan1824" value="case"/>
		<feat xlink:href="#sSpan1828" value="nmod"/>
		<feat xlink:href="#sSpan1831" value="mark"/>
		<feat xlink:href="#sSpan1834" value="acl"/>
		<feat xlink:href="#sSpan1838" value="case"/>
		<feat xlink:href="#sSpan1842" value="det"/>
		<feat xlink:href="#sSpan1845" value="obl"/>
		<feat xlink:href="#sSpan1847" value="nsubj"/>
		<feat xlink:href="#sSpan1855" value="root"/>
		<feat xlink:href="#sSpan1858" value="obj"/>
		<feat xlink:href="#sSpan1860" value="case"/>
		<feat xlink:href="#sSpan1864" value="det"/>
		<feat xlink:href="#sSpan1867" value="obl"/>
		<feat xlink:href="#sSpan1869" value="case"/>
		<feat xlink:href="#sSpan1874" value="det"/>
		<feat xlink:href="#sSpan1877" value="nmod"/>
		<feat xlink:href="#sSpan1879" value="punct"/>
		<feat xlink:href="#sSpan1884" value="cc"/>
		<feat xlink:href="#sSpan1892" value="root"/>
		<feat xlink:href="#sSpan1898" value="case"/>
		<feat xlink:href="#sSpan1902" value="conj"/>
		<feat xlink:href="#sSpan1905" value="mark"/>
		<feat xlink:href="#sSpan1907" value="acl"/>
		<feat xlink:href="#sSpan1910" value="obl"/>
		<feat xlink:href="#sSpan1914" value="punct"/>
		<feat xlink:href="#sSpan1918" value="mark"/>
		<feat xlink:href="#sSpan1924" value="nsubj"/>
		<feat xlink:href="#sSpan1926" value="root"/>
		<feat xlink:href="#sSpan1929" value="case"/>
		<feat xlink:href="#sSpan1933" value="det"/>
		<feat xlink:href="#sSpan1936" value="obl"/>
		<feat xlink:href="#sSpan1938" value="cc"/>
		<feat xlink:href="#sSpan1943" value="nsubj"/>
		<feat xlink:href="#sSpan1947" value="conj"/>
		<feat xlink:href="#sSpan1949" value="case"/>
		<feat xlink:href="#sSpan1954" value="det"/>
		<feat xlink:href="#sSpan1958" value="obl"/>
		<feat xlink:href="#sSpan1962" value="nsubj"/>
		<feat xlink:href="#sSpan1968" value="advcl"/>
		<feat xlink:href="#sSpan1970" value="punct"/>
		<feat xlink:href="#sSpan1974" value="mark"/>
		<feat xlink:href="#sSpan1980" value="nsubj"/>
		<feat xlink:href="#sSpan1982" value="root"/>
		<feat xlink:href="#sSpan1986" value="obj"/>
		<feat xlink:href="#sSpan1992" value="advmod"/>
		<feat xlink:href="#sSpan1997" value="advmod"/>
		<feat xlink:href="#sSpan2001" value="case"/>
		<feat xlink:href="#sSpan2005" value="det"/>
		<feat xlink:href="#sSpan2008" value="obl"/>
		<feat xlink:href="#sSpan2010" value="cc"/>
		<feat xlink:href="#sSpan2015" value="det"/>
		<feat xlink:href="#sSpan2020" value="conj"/>
		<feat xlink:href="#sSpan2022" value="case"/>
		<feat xlink:href="#sSpan2027" value="det"/>
		<feat xlink:href="#sSpan2032" value="nmod"/>
		<feat xlink:href="#sSpan2035" value="punct"/>
		<feat xlink:href="#sSpan2040" value="cc"/>
		<feat xlink:href="#sSpan2044" value="case"/>
		<feat xlink:href="#sSpan2048" value="det"/>
		<feat xlink:href="#sSpan2053" value="conj"/>
		<feat xlink:href="#sSpan2055" value="punct"/>
		<feat xlink:href="#sSpan2059" value="cc"/>
		<feat xlink:href="#sSpan2063" value="case"/>
		<feat xlink:href="#sSpan2068" value="det"/>
		<feat xlink:href="#sSpan2072" value="conj"/>
		<feat xlink:href="#sSpan2074" value="mark"/>
		<feat xlink:href="#sSpan2079" value="acl"/>
		<feat xlink:href="#sSpan2081" value="nsubj"/>
		<feat xlink:href="#sSpan2084" value="mark"/>
		<feat xlink:href="#sSpan2086" value="acl"/>
		<feat xlink:href="#sSpan2090" value="punct"/>
		<feat xlink:href="#sSpan2094" value="dislocated"/>
		<feat xlink:href="#sSpan2101" value="obl:npmod"/>
		<feat xlink:href="#sSpan2106" value="nsubj"/>
		<feat xlink:href="#sSpan2110" value="root"/>
		<feat xlink:href="#sSpan2112" value="case"/>
		<feat xlink:href="#sSpan2116" value="obj"/>
		<feat xlink:href="#sSpan2118" value="punct"/>
		<feat xlink:href="#sSpan2123" value="case"/>
		<feat xlink:href="#sSpan2130" value="obl"/>
		<feat xlink:href="#sSpan2133" value="dislocated"/>
		<feat xlink:href="#sSpan2139" value="punct"/>
		<feat xlink:href="#sSpan2143" value="case"/>
		<feat xlink:href="#sSpan2147" value="det"/>
		<feat xlink:href="#sSpan2150" value="obl"/>
		<feat xlink:href="#sSpan2153" value="case"/>
		<feat xlink:href="#sSpan2157" value="det"/>
		<feat xlink:href="#sSpan2160" value="nmod"/>
		<feat xlink:href="#sSpan2163" value="mark"/>
		<feat xlink:href="#sSpan2167" value="xcomp"/>
		<feat xlink:href="#sSpan2169" value="nsubj"/>
		<feat xlink:href="#sSpan2171" value="xcomp"/>
		<feat xlink:href="#sSpan2175" value="case"/>
		<feat xlink:href="#sSpan2179" value="obl"/>
		<feat xlink:href="#sSpan2182" value="case"/>
		<feat xlink:href="#sSpan2187" value="det"/>
		<feat xlink:href="#sSpan2190" value="obl"/>
		<feat xlink:href="#sSpan2192" value="cc"/>
		<feat xlink:href="#sSpan2196" value="det"/>
		<feat xlink:href="#sSpan2200" value="conj"/>
		<feat xlink:href="#sSpan2202" value="advmod"/>
		<feat xlink:href="#sSpan2206" value="det"/>
		<feat xlink:href="#sSpan2208" value="punct"/>
		<feat xlink:href="#sSpan2213" value="mark"/>
		<feat xlink:href="#sSpan2220" value="nsubj"/>
		<feat xlink:href="#sSpan2222" value="root"/>
		<feat xlink:href="#sSpan2224" value="case"/>
		<feat xlink:href="#sSpan2228" value="dislocated"/>
		<feat xlink:href="#sSpan2232" value="mark"/>
		<feat xlink:href="#sSpan2234" value="acl"/>
		<feat xlink:href="#sSpan2236" value="case"/>
		<feat xlink:href="#sSpan2240" value="obj"/>
		<feat xlink:href="#sSpan2242" value="mark"/>
		<feat xlink:href="#sSpan2247" value="aux"/>
		<feat xlink:href="#sSpan2249" value="aux"/>
		<feat xlink:href="#sSpan2251" value="nsubj"/>
		<feat xlink:href="#sSpan2254" value="ccomp"/>
		<feat xlink:href="#sSpan2256" value="case"/>
		<feat xlink:href="#sSpan2261" value="obl"/>
		<feat xlink:href="#sSpan2264" value="punct"/>
		<feat xlink:href="#sSpan2269" value="cc"/>
		<feat xlink:href="#sSpan2273" value="mark"/>
		<feat xlink:href="#sSpan2277" value="aux"/>
		<feat xlink:href="#sSpan2280" value="nsubj"/>
		<feat xlink:href="#sSpan2283" value="conj"/>
		<feat xlink:href="#sSpan2287" value="punct"/>
		<feat xlink:href="#sSpan2292" value="nsubj"/>
		<feat xlink:href="#sSpan2299" value="root"/>
		<feat xlink:href="#sSpan2301" value="case"/>
		<feat xlink:href="#sSpan2305" value="dislocated"/>
		<feat xlink:href="#sSpan2309" value="mark"/>
		<feat xlink:href="#sSpan2311" value="acl"/>
		<feat xlink:href="#sSpan2313" value="case"/>
		<feat xlink:href="#sSpan2317" value="obj"/>
		<feat xlink:href="#sSpan2319" value="mark"/>
		<feat xlink:href="#sSpan2324" value="mark"/>
		<feat xlink:href="#sSpan2326" value="det"/>
		<feat xlink:href="#sSpan2329" value="advcl"/>
		<feat xlink:href="#sSpan2332" value="cop"/>
		<feat xlink:href="#sSpan2336" value="det"/>
		<feat xlink:href="#sSpan2341" value="nsubj"/>
		<feat xlink:href="#sSpan2343" value="punct"/>
		<feat xlink:href="#sSpan2347" value="parataxis"/>
		<feat xlink:href="#sSpan2352" value="obj"/>
		<feat xlink:href="#sSpan2354" value="aux"/>
		<feat xlink:href="#sSpan2358" value="nsubj"/>
		<feat xlink:href="#sSpan2360" value="parataxis"/>
		<feat xlink:href="#sSpan2363" value="mark"/>
		<feat xlink:href="#sSpan2367" value="mark"/>
		<feat xlink:href="#sSpan2369" value="aux"/>
		<feat xlink:href="#sSpan2371" value="det"/>
		<feat xlink:href="#sSpan2375" value="nsubj"/>
		<feat xlink:href="#sSpan2378" value="ccomp"/>
		<feat xlink:href="#sSpan2382" value="advmod"/>
		<feat xlink:href="#sSpan2386" value="punct"/>
		<feat xlink:href="#sSpan2391" value="mark"/>
		<feat xlink:href="#sSpan2398" value="aux"/>
		<feat xlink:href="#sSpan2400" value="nsubj"/>
		<feat xlink:href="#sSpan2402" value="root"/>
		<feat xlink:href="#sSpan2404" value="obj"/>
		<feat xlink:href="#sSpan2407" value="advmod"/>
		<feat xlink:href="#sSpan2412" value="mark"/>
		<feat xlink:href="#sSpan2417" value="aux"/>
		<feat xlink:href="#sSpan2419" value="nsubj"/>
		<feat xlink:href="#sSpan2421" value="ccomp"/>
		<feat xlink:href="#sSpan2423" value="case"/>
		<feat xlink:href="#sSpan2429" value="obl"/>
		<feat xlink:href="#sSpan2432" value="det"/>
		<feat xlink:href="#sSpan2437" value="appos"/>
		<feat xlink:href="#sSpan2439" value="det"/>
		<feat xlink:href="#sSpan2444" value="appos"/>
		<feat xlink:href="#sSpan2446" value="det"/>
		<feat xlink:href="#sSpan2451" value="appos"/>
		<feat xlink:href="#sSpan2454" value="punct"/>
		<feat xlink:href="#sSpan2459" value="mark"/>
		<feat xlink:href="#sSpan2464" value="nsubj"/>
		<feat xlink:href="#sSpan2466" value="advcl"/>
		<feat xlink:href="#sSpan2468" value="case"/>
		<feat xlink:href="#sSpan2472" value="det"/>
		<feat xlink:href="#sSpan2476" value="obj"/>
		<feat xlink:href="#sSpan2480" value="mark"/>
		<feat xlink:href="#sSpan2484" value="acl"/>
		<feat xlink:href="#sSpan2486" value="mark"/>
		<feat xlink:href="#sSpan2491" value="mark"/>
		<feat xlink:href="#sSpan2493" value="aux"/>
		<feat xlink:href="#sSpan2495" value="nsubj"/>
		<feat xlink:href="#sSpan2497" value="advcl"/>
		<feat xlink:href="#sSpan2501" value="advmod"/>
		<feat xlink:href="#sSpan2505" value="aux"/>
		<feat xlink:href="#sSpan2512" value="nsubj"/>
		<feat xlink:href="#sSpan2514" value="root"/>
		<feat xlink:href="#sSpan2516" value="case"/>
		<feat xlink:href="#sSpan2520" value="det"/>
		<feat xlink:href="#sSpan2525" value="obl"/>
		<feat xlink:href="#sSpan2527" value="case"/>
		<feat xlink:href="#sSpan2531" value="nmod"/>
		<feat xlink:href="#sSpan2534" value="mark"/>
		<feat xlink:href="#sSpan2536" value="nsubj"/>
		<feat xlink:href="#sSpan2538" value="acl"/>
		<feat xlink:href="#sSpan2541" value="case"/>
		<feat xlink:href="#sSpan2545" value="obl"/>
		<feat xlink:href="#sSpan2547" value="punct"/>
		<feat xlink:href="#sSpan2551" value="mark"/>
		<feat xlink:href="#sSpan2555" value="dislocated"/>
		<feat xlink:href="#sSpan2559" value="case"/>
		<feat xlink:href="#sSpan2563" value="nmod"/>
		<feat xlink:href="#sSpan2565" value="aux"/>
		<feat xlink:href="#sSpan2569" value="det"/>
		<feat xlink:href="#sSpan2573" value="nsubj"/>
		<feat xlink:href="#sSpan2575" value="ccomp"/>
		<feat xlink:href="#sSpan2580" value="case"/>
		<feat xlink:href="#sSpan2584" value="det"/>
		<feat xlink:href="#sSpan2588" value="obl"/>
		<feat xlink:href="#sSpan2592" value="mark"/>
		<feat xlink:href="#sSpan2599" value="dislocated"/>
		<feat xlink:href="#sSpan2602" value="case"/>
		<feat xlink:href="#sSpan2604" value="aux"/>
		<feat xlink:href="#sSpan2606" value="nsubj"/>
		<feat xlink:href="#sSpan2608" value="acl"/>
		<feat xlink:href="#sSpan2611" value="advmod"/>
		<feat xlink:href="#sSpan2616" value="case"/>
		<feat xlink:href="#sSpan2620" value="case"/>
		<feat xlink:href="#sSpan2623" value="dislocated"/>
		<feat xlink:href="#sSpan2628" value="mark"/>
		<feat xlink:href="#sSpan2632" value="acl"/>
		<feat xlink:href="#sSpan2635" value="punct"/>
		<feat xlink:href="#sSpan2639" value="aux"/>
		<feat xlink:href="#sSpan2643" value="nsubj"/>
		<feat xlink:href="#sSpan2646" value="root"/>
		<feat xlink:href="#sSpan2648" value="advmod"/>
		<feat xlink:href="#sSpan2653" value="cop"/>
		<feat xlink:href="#sSpan2657" value="mark"/>
		<feat xlink:href="#sSpan2661" value="det"/>
		<feat xlink:href="#sSpan2665" value="dislocated"/>
		<feat xlink:href="#sSpan2668" value="case"/>
		<feat xlink:href="#sSpan2672" value="det"/>
		<feat xlink:href="#sSpan2675" value="nmod"/>
		<feat xlink:href="#sSpan2678" value="det"/>
		<feat xlink:href="#sSpan2684" value="vocative"/>
		<feat xlink:href="#sSpan2688" value="case"/>
		<feat xlink:href="#sSpan2693" value="det"/>
		<feat xlink:href="#sSpan2696" value="obl"/>
		<feat xlink:href="#sSpan2698" value="ccomp"/>
		<feat xlink:href="#sSpan2703" value="obj"/>
		<feat xlink:href="#sSpan2707" value="punct"/>
		<feat xlink:href="#sSpan2711" value="cc"/>
		<feat xlink:href="#sSpan2715" value="mark"/>
		<feat xlink:href="#sSpan2720" value="conj"/>
		<feat xlink:href="#sSpan2722" value="obj"/>
		<feat xlink:href="#sSpan2724" value="mark"/>
		<feat xlink:href="#sSpan2728" value="mark"/>
		<feat xlink:href="#sSpan2730" value="nsubj"/>
		<feat xlink:href="#sSpan2732" value="ccomp"/>
		<feat xlink:href="#sSpan2734" value="advmod"/>
		<feat xlink:href="#sSpan2739" value="punct"/>
		<feat xlink:href="#sSpan2744" value="cc"/>
		<feat xlink:href="#sSpan2748" value="mark"/>
		<feat xlink:href="#sSpan2752" value="nsubj"/>
		<feat xlink:href="#sSpan2754" value="conj"/>
		<feat xlink:href="#sSpan2757" value="punct"/>
		<feat xlink:href="#sSpan2762" value="case"/>
		<feat xlink:href="#sSpan2768" value="det"/>
		<feat xlink:href="#sSpan2771" value="root"/>
		<feat xlink:href="#sSpan2773" value="mark"/>
		<feat xlink:href="#sSpan2777" value="aux"/>
		<feat xlink:href="#sSpan2780" value="nsubj"/>
		<feat xlink:href="#sSpan2783" value="acl"/>
		<feat xlink:href="#sSpan2789" value="obj"/>
		<feat xlink:href="#sSpan2792" value="punct"/>
		<feat xlink:href="#sSpan2796" value="mark"/>
		<feat xlink:href="#sSpan2800" value="nsubj"/>
		<feat xlink:href="#sSpan2802" value="advcl"/>
		<feat xlink:href="#sSpan2805" value="mark"/>
		<feat xlink:href="#sSpan2809" value="mark"/>
		<feat xlink:href="#sSpan2811" value="aux"/>
		<feat xlink:href="#sSpan2813" value="nsubj"/>
		<feat xlink:href="#sSpan2816" value="ccomp"/>
		<feat xlink:href="#sSpan2821" value="advmod"/>
		<feat xlink:href="#sSpan2825" value="punct"/>
		<feat xlink:href="#sSpan2829" value="cc"/>
		<feat xlink:href="#sSpan2833" value="mark"/>
		<feat xlink:href="#sSpan2838" value="conj"/>
		<feat xlink:href="#sSpan2840" value="cop"/>
		<feat xlink:href="#sSpan2844" value="mark"/>
		<feat xlink:href="#sSpan2846" value="aux"/>
		<feat xlink:href="#sSpan2848" value="nsubj"/>
		<feat xlink:href="#sSpan2850" value="csubj"/>
		<feat xlink:href="#sSpan2853" value="obj"/>
		<feat xlink:href="#sSpan2855" value="punct"/>
		<feat xlink:href="#sSpan2859" value="parataxis"/>
		<feat xlink:href="#sSpan2864" value="cop"/>
		<feat xlink:href="#sSpan2869" value="det"/>
		<feat xlink:href="#sSpan2874" value="nsubj"/>
		<feat xlink:href="#sSpan2876" value="mark"/>
		<feat xlink:href="#sSpan2880" value="aux"/>
		<feat xlink:href="#sSpan2882" value="det"/>
		<feat xlink:href="#sSpan2885" value="nsubj"/>
		<feat xlink:href="#sSpan2887" value="acl"/>
		<feat xlink:href="#sSpan2892" value="det"/>
		<feat xlink:href="#sSpan2896" value="obj"/>
		<feat xlink:href="#sSpan2899" value="punct"/>
		<feat xlink:href="#sSpan2903" value="case"/>
		<feat xlink:href="#sSpan2907" value="det"/>
		<feat xlink:href="#sSpan2911" value="obl"/>
		<feat xlink:href="#sSpan2914" value="punct"/>
		<feat xlink:href="#sSpan2918" value="mark"/>
		<feat xlink:href="#sSpan2924" value="mark"/>
		<feat xlink:href="#sSpan2926" value="nsubj"/>
		<feat xlink:href="#sSpan2928" value="root"/>
		<feat xlink:href="#sSpan2930" value="advmod"/>
		<feat xlink:href="#sSpan2935" value="det"/>
		<feat xlink:href="#sSpan2941" value="dislocated"/>
		<feat xlink:href="#sSpan2945" value="punct"/>
		<feat xlink:href="#sSpan2949" value="det"/>
		<feat xlink:href="#sSpan2954" value="appos"/>
		<feat xlink:href="#sSpan2959" value="punct"/>
		<feat xlink:href="#sSpan2963" value="appos"/>
		<feat xlink:href="#sSpan2967" value="mark"/>
		<feat xlink:href="#sSpan2969" value="acl"/>
		<feat xlink:href="#sSpan2972" value="case"/>
		<feat xlink:href="#sSpan2976" value="obj"/>
		<feat xlink:href="#sSpan2978" value="case"/>
		<feat xlink:href="#sSpan2982" value="det"/>
		<feat xlink:href="#sSpan2986" value="obl"/>
		<feat xlink:href="#sSpan2988" value="mark"/>
		<feat xlink:href="#sSpan2992" value="acl"/>
		<feat xlink:href="#sSpan2995" value="punct"/>
		<feat xlink:href="#sSpan2999" value="aux"/>
		<feat xlink:href="#sSpan3005" value="nsubj"/>
		<feat xlink:href="#sSpan3008" value="root"/>
		<feat xlink:href="#sSpan3011" value="obj"/>
		<feat xlink:href="#sSpan3013" value="advmod"/>
		<feat xlink:href="#sSpan3018" value="det"/>
		<feat xlink:href="#sSpan3023" value="vocative"/>
		<feat xlink:href="#sSpan3025" value="case"/>
		<feat xlink:href="#sSpan3029" value="det"/>
		<feat xlink:href="#sSpan3032" value="nmod"/>
		<feat xlink:href="#sSpan3036" value="appos"/>
		<feat xlink:href="#sSpan3040" value="punct"/>
		<feat xlink:href="#sSpan3044" value="mark"/>
		<feat xlink:href="#sSpan3048" value="ccomp"/>
		<feat xlink:href="#sSpan3051" value="nsubj"/>
		<feat xlink:href="#sSpan3054" value="mark"/>
		<feat xlink:href="#sSpan3058" value="nsubj"/>
		<feat xlink:href="#sSpan3060" value="advcl"/>
		<feat xlink:href="#sSpan3063" value="case"/>
		<feat xlink:href="#sSpan3067" value="obl"/>
		<feat xlink:href="#sSpan3069" value="punct"/>
		<feat xlink:href="#sSpan3073" value="mark"/>
		<feat xlink:href="#sSpan3080" value="nsubj"/>
		<feat xlink:href="#sSpan3082" value="advcl"/>
		<feat xlink:href="#sSpan3084" value="case"/>
		<feat xlink:href="#sSpan3089" value="obl"/>
		<feat xlink:href="#sSpan3092" value="root"/>
		<feat xlink:href="#sSpan3096" value="det"/>
		<feat xlink:href="#sSpan3099" value="obj"/>
		<feat xlink:href="#sSpan3102" value="case"/>
		<feat xlink:href="#sSpan3106" value="obl"/>
		<feat xlink:href="#sSpan3109" value="punct"/>
		<feat xlink:href="#sSpan3113" value="mark"/>
		<feat xlink:href="#sSpan3120" value="aux"/>
		<feat xlink:href="#sSpan3122" value="nsubj"/>
		<feat xlink:href="#sSpan3125" value="root"/>
		<feat xlink:href="#sSpan3128" value="advmod"/>
		<feat xlink:href="#sSpan3132" value="case"/>
		<feat xlink:href="#sSpan3137" value="obj"/>
		<feat xlink:href="#sSpan3139" value="det"/>
		<feat xlink:href="#sSpan3145" value="vocative"/>
		<feat xlink:href="#sSpan3148" value="case"/>
		<feat xlink:href="#sSpan3152" value="det"/>
		<feat xlink:href="#sSpan3156" value="obl"/>
		<feat xlink:href="#sSpan3159" value="case"/>
		<feat xlink:href="#sSpan3163" value="det"/>
		<feat xlink:href="#sSpan3166" value="nmod"/>
		<feat xlink:href="#sSpan3168" value="mark"/>
		<feat xlink:href="#sSpan3174" value="xcomp"/>
		<feat xlink:href="#sSpan3176" value="nsubj"/>
		<feat xlink:href="#sSpan3178" value="xcomp"/>
		<feat xlink:href="#sSpan3180" value="case"/>
		<feat xlink:href="#sSpan3184" value="obj"/>
		<feat xlink:href="#sSpan3186" value="case"/>
		<feat xlink:href="#sSpan3191" value="obl"/>
		<feat xlink:href="#sSpan3194" value="mark"/>
		<feat xlink:href="#sSpan3196" value="nsubj"/>
		<feat xlink:href="#sSpan3199" value="acl"/>
		<feat xlink:href="#sSpan3203" value="advmod"/>
		<feat xlink:href="#sSpan3208" value="fixed"/>
		<feat xlink:href="#sSpan3213" value="obl"/>
		<feat xlink:href="#sSpan3215" value="advmod"/>
		<feat xlink:href="#sSpan3219" value="det"/>
		<feat xlink:href="#sSpan3221" value="punct"/>
		<feat xlink:href="#sSpan3225" value="case"/>
		<feat xlink:href="#sSpan3230" value="det"/>
		<feat xlink:href="#sSpan3233" value="obl"/>
		<feat xlink:href="#sSpan3235" value="nsubj"/>
		<feat xlink:href="#sSpan3237" value="xcomp"/>
		<feat xlink:href="#sSpan3239" value="case"/>
		<feat xlink:href="#sSpan3244" value="obl"/>
		<feat xlink:href="#sSpan3246" value="punct"/>
		<feat xlink:href="#sSpan3250" value="det"/>
		<feat xlink:href="#sSpan3256" value="dislocated"/>
		<feat xlink:href="#sSpan3258" value="mark"/>
		<feat xlink:href="#sSpan3263" value="nsubj"/>
		<feat xlink:href="#sSpan3265" value="acl"/>
		<feat xlink:href="#sSpan3267" value="case"/>
		<feat xlink:href="#sSpan3272" value="obj"/>
		<feat xlink:href="#sSpan3275" value="det"/>
		<feat xlink:href="#sSpan3280" value="obj"/>
		<feat xlink:href="#sSpan3282" value="cc"/>
		<feat xlink:href="#sSpan3286" value="det"/>
		<feat xlink:href="#sSpan3291" value="conj"/>
		<feat xlink:href="#sSpan3294" value="mark"/>
		<feat xlink:href="#sSpan3298" value="nsubj"/>
		<feat xlink:href="#sSpan3300" value="acl"/>
		<feat xlink:href="#sSpan3303" value="case"/>
		<feat xlink:href="#sSpan3307" value="obl"/>
		<feat xlink:href="#sSpan3309" value="case"/>
		<feat xlink:href="#sSpan3314" value="obl"/>
		<feat xlink:href="#sSpan3317" value="mark"/>
		<feat xlink:href="#sSpan3319" value="aux"/>
		<feat xlink:href="#sSpan3321" value="nsubj"/>
		<feat xlink:href="#sSpan3323" value="acl"/>
		<feat xlink:href="#sSpan3326" value="mark"/>
		<feat xlink:href="#sSpan3331" value="xcomp"/>
		<feat xlink:href="#sSpan3333" value="nsubj"/>
		<feat xlink:href="#sSpan3335" value="xcomp"/>
		<feat xlink:href="#sSpan3337" value="obj"/>
		<feat xlink:href="#sSpan3339" value="case"/>
		<feat xlink:href="#sSpan3343" value="det"/>
		<feat xlink:href="#sSpan3346" value="obl"/>
		<feat xlink:href="#sSpan3349" value="punct"/>
		<feat xlink:href="#sSpan3353" value="cc"/>
		<feat xlink:href="#sSpan3357" value="mark"/>
		<feat xlink:href="#sSpan3361" value="advcl"/>
		<feat xlink:href="#sSpan3363" value="nsubj"/>
		<feat xlink:href="#sSpan3365" value="xcomp"/>
		<feat xlink:href="#sSpan3368" value="obj"/>
		<feat xlink:href="#sSpan3370" value="case"/>
		<feat xlink:href="#sSpan3374" value="det"/>
		<feat xlink:href="#sSpan3378" value="obl"/>
		<feat xlink:href="#sSpan3382" value="punct"/>
		<feat xlink:href="#sSpan3386" value="mark"/>
		<feat xlink:href="#sSpan3390" value="advcl"/>
		<feat xlink:href="#sSpan3393" value="case"/>
		<feat xlink:href="#sSpan3397" value="det"/>
		<feat xlink:href="#sSpan3401" value="obl"/>
		<feat xlink:href="#sSpan3406" value="punct"/>
		<feat xlink:href="#sSpan3411" value="nsubj"/>
		<feat xlink:href="#sSpan3419" value="root"/>
		<feat xlink:href="#sSpan3421" value="case"/>
		<feat xlink:href="#sSpan3425" value="dislocated"/>
		<feat xlink:href="#sSpan3428" value="mark"/>
		<feat xlink:href="#sSpan3430" value="acl"/>
		<feat xlink:href="#sSpan3433" value="case"/>
		<feat xlink:href="#sSpan3437" value="obj"/>
		<feat xlink:href="#sSpan3439" value="mark"/>
		<feat xlink:href="#sSpan3443" value="mark"/>
		<feat xlink:href="#sSpan3446" value="det"/>
		<feat xlink:href="#sSpan3449" value="advcl"/>
		<feat xlink:href="#sSpan3451" value="cop"/>
		<feat xlink:href="#sSpan3455" value="punct"/>
		<feat xlink:href="#sSpan3459" value="mark"/>
		<feat xlink:href="#sSpan3464" value="case"/>
		<feat xlink:href="#sSpan3467" value="obl"/>
		<feat xlink:href="#sSpan3469" value="aux"/>
		<feat xlink:href="#sSpan3474" value="nsubj"/>
		<feat xlink:href="#sSpan3476" value="ccomp"/>
		<feat xlink:href="#sSpan3478" value="mark"/>
		<feat xlink:href="#sSpan3482" value="mark"/>
		<feat xlink:href="#sSpan3485" value="nsubj"/>
		<feat xlink:href="#sSpan3489" value="ccomp"/></featList></paula>