<?xml version='1.0' encoding='UTF-8'?><!DOCTYPE paula SYSTEM "paula_feat.dtd">
<paula version="1.1">
	<header paula_id="scriptorium.shenoute.those.GF263-267.mark_orig"/>
	<featList xmlns:xlink="http://www.w3.org/1999/xlink" type="orig" xml:base="scriptorium.shenoute.those.GF263-267.mark.xml">
		<feat xlink:href="#sSpan3" value="ⲡ"/>
		<feat xlink:href="#sSpan14" value="ⲧⲣⲉ"/>
		<feat xlink:href="#sSpan16" value="ⲩ"/>
		<feat xlink:href="#sSpan18" value="ⲥⲱⲧⲙ"/>
		<feat xlink:href="#sSpan20" value="ⲉ"/>
		<feat xlink:href="#sSpan24" value="ⲡⲉ"/>
		<feat xlink:href="#sSpan27" value="ϩⲣⲟⲟⲩ"/>
		<feat xlink:href="#sSpan30" value="ⲉⲛ"/>
		<feat xlink:href="#sSpan34" value="ϩⲉⲛ"/>
		<feat xlink:href="#sSpan37" value="ⲃⲁϣⲟⲟⲣ"/>
		<feat xlink:href="#sSpan40" value="·"/>
		<feat xlink:href="#sSpan45" value="ⲏ"/>
		<feat xlink:href="#sSpan49" value="ⲁ"/>
		<feat xlink:href="#sSpan53" value="ⲩ"/>
		<feat xlink:href="#sSpan55" value="ⲛⲁⲩ"/>
		<feat xlink:href="#sSpan57" value="ⲉⲣⲟ"/>
		<feat xlink:href="#sSpan62" value="ⲟⲩ"/>
		<feat xlink:href="#sSpan64" value="·"/>
		<feat xlink:href="#sSpan70" value="ⲁⲗⲗⲁ"/>
		<feat xlink:href="#sSpan77" value="ⲉⲙⲉ"/>
		<feat xlink:href="#sSpan81" value="ⲩ"/>
		<feat xlink:href="#sSpan83" value="ⲧⲁϩⲟ"/>
		<feat xlink:href="#sSpan85" value="ⲕ"/>
		<feat xlink:href="#sSpan87" value="ϩⲉⲛ"/>
		<feat xlink:href="#sSpan93" value="ⲗⲁⲁⲩ"/>
		<feat xlink:href="#sSpan95" value="ⲛⲥⲁ"/>
		<feat xlink:href="#sSpan99" value="ⲡⲁⲓ̈"/>
		<feat xlink:href="#sSpan103" value="ⲙⲙⲁⲧⲉ"/>
		<feat xlink:href="#sSpan107" value="·"/>
		<feat xlink:href="#sSpan111" value="ⲉⲧⲉ"/>
		<feat xlink:href="#sSpan115" value="ⲛ"/>
		<feat xlink:href="#sSpan119" value="ϩⲁⲡ"/>
		<feat xlink:href="#sSpan121" value="ⲛⲉ"/>
		<feat xlink:href="#sSpan125" value="ⲙ"/>
		<feat xlink:href="#sSpan129" value="ⲙⲓ̈ϣⲉ"/>
		<feat xlink:href="#sSpan133" value="ⲉϫⲱ"/>
		<feat xlink:href="#sSpan137" value="ⲟⲩ"/>
		<feat xlink:href="#sSpan139" value="·"/>
		<feat xlink:href="#sSpan143" value="ⲁⲩⲱ"/>
		<feat xlink:href="#sSpan148" value="ⲡ"/>
		<feat xlink:href="#sSpan154" value="ⲇⲓ̈ⲕⲁⲓ̈ⲟⲛ"/>
		<feat xlink:href="#sSpan157" value="ϩⲉⲛ"/>
		<feat xlink:href="#sSpan162" value="ϩⲱⲃ"/>
		<feat xlink:href="#sSpan165" value="ⲛⲓ̈ⲙ"/>
		<feat xlink:href="#sSpan169" value="·"/>
		<feat xlink:href="#sSpan173" value="ⲛ"/>
		<feat xlink:href="#sSpan178" value="ϩⲟⲩⲟ"/>
		<feat xlink:href="#sSpan181" value="ⲇⲉ"/>
		<feat xlink:href="#sSpan185" value="ⲛⲉ"/>
		<feat xlink:href="#sSpan189" value="ⲕ"/>
		<feat xlink:href="#sSpan191" value="ⲥⲁϩⲱⲱ"/>
		<feat xlink:href="#sSpan194" value="ⲕ"/>
		<feat xlink:href="#sSpan196" value="ⲉⲃⲟⲗ"/>
		<feat xlink:href="#sSpan200" value="ⲛ"/>
		<feat xlink:href="#sSpan205" value="ϫⲁϫⲉ"/>
		<feat xlink:href="#sSpan208" value="ⲙ"/>
		<feat xlink:href="#sSpan212" value="ⲡⲉ"/>
		<feat xlink:href="#sSpan216" value="ⲭ︤ⲥ︥"/>
		<feat xlink:href="#sSpan218" value="·"/>
		<feat xlink:href="#sSpan222" value="ⲙⲛ"/>
		<feat xlink:href="#sSpan227" value="ⲛ"/>
		<feat xlink:href="#sSpan230" value="ⲉⲧ"/>
		<feat xlink:href="#sSpan232" value="ϫⲉⲓ̈"/>
		<feat xlink:href="#sSpan234" value="ⲛ"/>
		<feat xlink:href="#sSpan238" value="ⲉⲛ"/>
		<feat xlink:href="#sSpan241" value="ϩⲏⲕⲉ"/>
		<feat xlink:href="#sSpan244" value="ⲛ"/>
		<feat xlink:href="#sSpan248" value="ϭⲟⲛⲥ"/>
		<feat xlink:href="#sSpan251" value="·"/>
		<feat xlink:href="#sSpan256" value="ⲛ"/>
		<feat xlink:href="#sSpan265" value="ϣⲁϫⲉ"/>
		<feat xlink:href="#sSpan268" value="ⲅⲁⲣ"/>
		<feat xlink:href="#sSpan272" value="ⲙ"/>
		<feat xlink:href="#sSpan277" value="ⲡⲟⲛⲏⲣⲟⲛ"/>
		<feat xlink:href="#sSpan280" value="ⲉⲧⲉⲣⲉ"/>
		<feat xlink:href="#sSpan284" value="ⲡⲉⲩ"/>
		<feat xlink:href="#sSpan289" value="ⲥⲡⲉⲣⲙⲁ"/>
		<feat xlink:href="#sSpan291" value="ϫⲱ"/>
		<feat xlink:href="#sSpan296" value="ⲙⲙⲟ"/>
		<feat xlink:href="#sSpan300" value="ⲟⲩ"/>
		<feat xlink:href="#sSpan302" value="ⲉϩⲟⲩⲛ"/>
		<feat xlink:href="#sSpan307" value="ⲉⲣⲟ"/>
		<feat xlink:href="#sSpan311" value="ⲛ"/>
		<feat xlink:href="#sSpan313" value="ⲉ"/>
		<feat xlink:href="#sSpan317" value="ⲩ"/>
		<feat xlink:href="#sSpan319" value="ϩⲟⲟⲩ"/>
		<feat xlink:href="#sSpan322" value="ⲁⲛ"/>
		<feat xlink:href="#sSpan326" value="ⲉ"/>
		<feat xlink:href="#sSpan330" value="ⲛ"/>
		<feat xlink:href="#sSpan333" value="ⲉⲧⲉⲣⲉ"/>
		<feat xlink:href="#sSpan335" value="ⲡⲉⲩ"/>
		<feat xlink:href="#sSpan339" value="ⲉⲓ̈ⲱⲧ"/>
		<feat xlink:href="#sSpan341" value="ϫⲱ"/>
		<feat xlink:href="#sSpan345" value="ⲙⲙⲟ"/>
		<feat xlink:href="#sSpan351" value="ⲟⲩ"/>
		<feat xlink:href="#sSpan353" value="ⲙ"/>
		<feat xlink:href="#sSpan357" value="ⲡ"/>
		<feat xlink:href="#sSpan360" value="ⲕⲱⲧⲉ"/>
		<feat xlink:href="#sSpan363" value="ⲛ"/>
		<feat xlink:href="#sSpan367" value="ⲛ"/>
		<feat xlink:href="#sSpan370" value="ⲉⲧ"/>
		<feat xlink:href="#sSpan372" value="ⲧⲉⲓ̈"/>
		<feat xlink:href="#sSpan375" value="ⲟⲩⲃⲉ"/>
		<feat xlink:href="#sSpan379" value="ⲉⲛⲉϥ"/>
		<feat xlink:href="#sSpan384" value="ⲗⲟⲅⲓ̈ⲥⲙⲟⲥ"/>
		<feat xlink:href="#sSpan386" value="ⲛ"/>
		<feat xlink:href="#sSpan391" value="ⲛⲁⲩ"/>
		<feat xlink:href="#sSpan394" value="ⲛⲓ̈ⲙ"/>
		<feat xlink:href="#sSpan398" value="·"/>
		<feat xlink:href="#sSpan404" value="ⲟⲩϭⲉ"/>
		<feat xlink:href="#sSpan411" value="ⲟⲛ"/>
		<feat xlink:href="#sSpan416" value="ⲇⲉ"/>
		<feat xlink:href="#sSpan420" value="ⲛ"/>
		<feat xlink:href="#sSpan424" value="ⲟⲩ"/>
		<feat xlink:href="#sSpan427" value="ⲛ"/>
		<feat xlink:href="#sSpan431" value="ϣⲁϫⲉ"/>
		<feat xlink:href="#sSpan435" value="ⲉⲛ"/>
		<feat xlink:href="#sSpan440" value="ⲁⲅⲁⲑⲟⲛ"/>
		<feat xlink:href="#sSpan443" value="ⲉⲧⲉⲣⲉ"/>
		<feat xlink:href="#sSpan447" value="ϩⲟⲓ̈ⲛⲉ"/>
		<feat xlink:href="#sSpan450" value="ⲛⲁ"/>
		<feat xlink:href="#sSpan455" value="ϫⲟ"/>
		<feat xlink:href="#sSpan457" value="ⲟⲩ"/>
		<feat xlink:href="#sSpan459" value="ⲉϩⲟⲩⲛ"/>
		<feat xlink:href="#sSpan463" value="ⲉⲣⲟ"/>
		<feat xlink:href="#sSpan468" value="ⲛ"/>
		<feat xlink:href="#sSpan470" value="·"/>
		<feat xlink:href="#sSpan474" value="ⲛⲉ"/>
		<feat xlink:href="#sSpan478" value="ⲩ"/>
		<feat xlink:href="#sSpan480" value="ⲥⲟⲧⲡ"/>
		<feat xlink:href="#sSpan482" value="ⲁⲛ"/>
		<feat xlink:href="#sSpan487" value="ⲉ"/>
		<feat xlink:href="#sSpan491" value="ⲛ"/>
		<feat xlink:href="#sSpan493" value="ⲉⲧⲉⲣⲉ"/>
		<feat xlink:href="#sSpan496" value="ⲓ︤ⲥ︥"/>
		<feat xlink:href="#sSpan499" value="ⲡⲉⲛ"/>
		<feat xlink:href="#sSpan504" value="ⲣⲣⲟ"/>
		<feat xlink:href="#sSpan506" value="·"/>
		<feat xlink:href="#sSpan510" value="ⲁⲩⲱ̣"/>
		<feat xlink:href="#sSpan514" value="ⲡⲉⲛ"/>
		<feat xlink:href="#sSpan520" value="ϫⲟⲉⲓ̈ⲥ"/>
		<feat xlink:href="#sSpan522" value="·"/>
		<feat xlink:href="#sSpan526" value="ϫ[ⲱ]"/>
		<feat xlink:href="#sSpan532" value="ⲙⲙⲟ"/>
		<feat xlink:href="#sSpan537" value="ⲟⲩ"/>
		<feat xlink:href="#sSpan539" value="ⲉϩⲣⲁⲓ̈"/>
		<feat xlink:href="#sSpan543" value="ⲉ"/>
		<feat xlink:href="#sSpan547" value="ⲡⲉⲛ"/>
		<feat xlink:href="#sSpan551" value="ϩⲏⲧ"/>
		<feat xlink:href="#sSpan553" value="ⲛ"/>
		<feat xlink:href="#sSpan557" value="ⲛⲁⲩ"/>
		<feat xlink:href="#sSpan560" value="ⲛⲓ̈ⲙ"/>
		<feat xlink:href="#sSpan565" value="·"/>
		<feat xlink:href="#sSpan571" value="ⲟⲩⲇⲉ"/>
		<feat xlink:href="#sSpan578" value="ⲛⲉⲣⲉ"/>
		<feat xlink:href="#sSpan582" value="ⲡ"/>
		<feat xlink:href="#sSpan585" value="ⲙⲉⲓ̈ϣⲉ"/>
		<feat xlink:href="#sSpan588" value="ⲛ"/>
		<feat xlink:href="#sSpan592" value="ⲛ"/>
		<feat xlink:href="#sSpan595" value="ⲉⲧ"/>
		<feat xlink:href="#sSpan597" value="ϯ"/>
		<feat xlink:href="#sSpan599" value="ⲟⲩⲃⲏ"/>
		<feat xlink:href="#sSpan602" value="ⲛ"/>
		<feat xlink:href="#sSpan604" value="·"/>
		<feat xlink:href="#sSpan608" value="ⲟ"/>
		<feat xlink:href="#sSpan612" value="ⲛ"/>
		<feat xlink:href="#sSpan616" value="ⲛⲟϭ"/>
		<feat xlink:href="#sSpan618" value="ⲁⲛ"/>
		<feat xlink:href="#sSpan623" value="ⲉ"/>
		<feat xlink:href="#sSpan627" value="ⲡ"/>
		<feat xlink:href="#sSpan630" value="ⲙⲉⲓ̈ϣⲉ"/>
		<feat xlink:href="#sSpan632" value="ⲙ"/>
		<feat xlink:href="#sSpan636" value="ⲡⲉⲩ"/>
		<feat xlink:href="#sSpan640" value="ⲉⲓ̈ⲱⲧ"/>
		<feat xlink:href="#sSpan642" value="ⲡ"/>
		<feat xlink:href="#sSpan647" value="ⲇⲓ̈ⲁⲃⲟⲗⲟⲥ"/>
		<feat xlink:href="#sSpan650" value="·"/>
		<feat xlink:href="#sSpan654" value="ⲉⲧ"/>
		<feat xlink:href="#sSpan658" value="ⲉⲛ"/>
		<feat xlink:href="#sSpan660" value="ⲙⲉⲓ̈ϣⲉ"/>
		<feat xlink:href="#sSpan663" value="ⲟⲩⲃⲏ"/>
		<feat xlink:href="#sSpan667" value="ϥ"/>
		<feat xlink:href="#sSpan669" value="ⲛ"/>
		<feat xlink:href="#sSpan674" value="ⲛⲁⲩ"/>
		<feat xlink:href="#sSpan677" value="ⲛⲓ̈ⲙ"/>
		<feat xlink:href="#sSpan681" value="·"/>
		<feat xlink:href="#sSpan685" value="ⲉϣϫⲉ"/>
		<feat xlink:href="#sSpan696" value="ⲛⲁⲛⲟⲩ"/>
		<feat xlink:href="#sSpan698" value="ⲧ"/>
		<feat xlink:href="#sSpan702" value="ⲃⲟⲓ̈ⲑⲓ̈ⲁ"/>
		<feat xlink:href="#sSpan704" value="ⲛ"/>
		<feat xlink:href="#sSpan709" value="ϩⲉⲛ"/>
		<feat xlink:href="#sSpan712" value="ⲥⲛⲏⲩ"/>
		<feat xlink:href="#sSpan714" value="·"/>
		<feat xlink:href="#sSpan718" value="ⲁⲩⲱ"/>
		<feat xlink:href="#sSpan722" value="ϩⲉⲛ"/>
		<feat xlink:href="#sSpan728" value="ϣⲃⲏⲣ"/>
		<feat xlink:href="#sSpan730" value="ⲉ"/>
		<feat xlink:href="#sSpan734" value="ⲩ"/>
		<feat xlink:href="#sSpan737" value="ⲃⲟⲓ̈ⲏⲑⲓ̈ⲁ"/>
		<feat xlink:href="#sSpan740" value="ⲉ"/>
		<feat xlink:href="#sSpan744" value="ⲛⲉⲩ"/>
		<feat xlink:href="#sSpan746" value="ⲉⲣⲏⲩ"/>
		<feat xlink:href="#sSpan748" value="·"/>
		<feat xlink:href="#sSpan753" value="ⲛⲁⲛⲟⲩ"/>
		<feat xlink:href="#sSpan758" value="ⲥ"/>
		<feat xlink:href="#sSpan761" value="ⲅⲁⲣ"/>
		<feat xlink:href="#sSpan765" value="ⲣϣⲁⲛ"/>
		<feat xlink:href="#sSpan769" value="ϩⲉⲛ"/>
		<feat xlink:href="#sSpan773" value="ⲣⲱⲙⲉ"/>
		<feat xlink:href="#sSpan775" value="ϭⲛ"/>
		<feat xlink:href="#sSpan779" value="ϩⲉⲛ"/>
		<feat xlink:href="#sSpan783" value="ϣⲃ︤ⲣ︥"/>
		<feat xlink:href="#sSpan785" value="ⲙ"/>
		<feat xlink:href="#sSpan790" value="ⲡⲉⲓ̈ⲥⲧⲟⲥ"/>
		<feat xlink:href="#sSpan793" value="·"/>
		<feat xlink:href="#sSpan797" value="ⲁⲩⲱ"/>
		<feat xlink:href="#sSpan801" value="ϩⲉⲛ"/>
		<feat xlink:href="#sSpan806" value="ⲥⲛⲏⲩ"/>
		<feat xlink:href="#sSpan809" value="ⲛⲁⲙⲉ"/>
		<feat xlink:href="#sSpan813" value="·"/>
		<feat xlink:href="#sSpan818" value="ⲁⲗⲗⲁ"/>
		<feat xlink:href="#sSpan823" value="ⲧ"/>
		<feat xlink:href="#sSpan829" value="ⲃⲟⲓ̈ⲑⲓ̈ⲁ"/>
		<feat xlink:href="#sSpan831" value="ⲙ"/>
		<feat xlink:href="#sSpan835" value="ⲡ"/>
		<feat xlink:href="#sSpan839" value="ⲛⲟⲩⲧⲉ"/>
		<feat xlink:href="#sSpan841" value="·"/>
		<feat xlink:href="#sSpan845" value="ⲟⲩ"/>
		<feat xlink:href="#sSpan850" value="ⲛⲟϭ"/>
		<feat xlink:href="#sSpan853" value="ⲧⲉ"/>
		<feat xlink:href="#sSpan857" value="ⲉ"/>
		<feat xlink:href="#sSpan861" value="ⲛⲁⲓ"/>
		<feat xlink:href="#sSpan864" value="ⲧⲏⲣ"/>
		<feat xlink:href="#sSpan869" value="ⲟⲩ"/>
		<feat xlink:href="#sSpan871" value="·"/>
		<feat xlink:href="#sSpan876" value="ⲉⲧⲃⲉ"/>
		<feat xlink:href="#sSpan884" value="ⲡⲁⲓ̈"/>
		<feat xlink:href="#sSpan887" value="ⲙ"/>
		<feat xlink:href="#sSpan891" value="ⲡⲁ"/>
		<feat xlink:href="#sSpan894" value="ⲣⲟⲟⲩϣ"/>
		<feat xlink:href="#sSpan897" value="ⲁⲛ"/>
		<feat xlink:href="#sSpan901" value="ⲡⲉ"/>
		<feat xlink:href="#sSpan905" value="ⲛⲁ"/>
		<feat xlink:href="#sSpan909" value="ⲓ̈"/>
		<feat xlink:href="#sSpan911" value="·"/>
		<feat xlink:href="#sSpan915" value="ⲙⲛ"/>
		<feat xlink:href="#sSpan920" value="ⲛⲉⲓ̈"/>
		<feat xlink:href="#sSpan923" value="ⲕⲟⲟⲩⲉ"/>
		<feat xlink:href="#sSpan925" value="·"/>
		<feat xlink:href="#sSpan931" value="ⲙⲏ"/>
		<feat xlink:href="#sSpan939" value="ⲙⲡⲉ"/>
		<feat xlink:href="#sSpan943" value="ⲟⲩ"/>
		<feat xlink:href="#sSpan947" value="ⲇⲟⲩⲝ"/>
		<feat xlink:href="#sSpan950" value="ⲅⲉⲛⲏⲥⲉⲛ"/>
		<feat xlink:href="#sSpan956" value="ⲟⲩ"/>
		<feat xlink:href="#sSpan962" value="ⲇⲟⲩⲝ"/>
		<feat xlink:href="#sSpan964" value="ⲛ"/>
		<feat xlink:href="#sSpan970" value="ϩⲉⲗⲗⲏⲛ"/>
		<feat xlink:href="#sSpan974" value="ⲇⲟⲗⲟⲙⲁ"/>
		<feat xlink:href="#sSpan979" value="ⲉ"/>
		<feat xlink:href="#sSpan983" value="ϫⲟⲟ"/>
		<feat xlink:href="#sSpan985" value="ⲥ"/>
		<feat xlink:href="#sSpan987" value="·"/>
		<feat xlink:href="#sSpan991" value="ϩⲙ"/>
		<feat xlink:href="#sSpan995" value="ⲡ"/>
		<feat xlink:href="#sSpan999" value="ⲧⲣⲉ"/>
		<feat xlink:href="#sSpan1001" value="ϥ"/>
		<feat xlink:href="#sSpan1003" value="ⲉⲓ̈"/>
		<feat xlink:href="#sSpan1006" value="ⲉ"/>
		<feat xlink:href="#sSpan1010" value="ⲡⲉⲓ̈"/>
		<feat xlink:href="#sSpan1013" value="ⲙⲁ"/>
		<feat xlink:href="#sSpan1016" value="·"/>
		<feat xlink:href="#sSpan1020" value="ϫⲉ"/>
		<feat xlink:href="#sSpan1024" value="ⲁ"/>
		<feat xlink:href="#sSpan1026" value="ⲓ̈"/>
		<feat xlink:href="#sSpan1029" value="ⲣⲙⲟⲓ̈ϩⲉ"/>
		<feat xlink:href="#sSpan1033" value="ⲣⲱ"/>
		<feat xlink:href="#sSpan1037" value="ϫⲉ"/>
		<feat xlink:href="#sSpan1041" value="ⲕ"/>
		<feat xlink:href="#sSpan1043" value="ⲣⲟⲟⲩⲧ"/>
		<feat xlink:href="#sSpan1046" value="ⲁ"/>
		<feat xlink:href="#sSpan1053" value="ⲓ"/>
		<feat xlink:href="#sSpan1055" value="ϫⲟⲟ"/>
		<feat xlink:href="#sSpan1057" value="ⲥ"/>
		<feat xlink:href="#sSpan1059" value="ⲛⲁ"/>
		<feat xlink:href="#sSpan1063" value="ϥ"/>
		<feat xlink:href="#sSpan1065" value="ⲛ"/>
		<feat xlink:href="#sSpan1069" value="ⲧⲉⲓ"/>
		<feat xlink:href="#sSpan1071" value="ϩⲉ"/>
		<feat xlink:href="#sSpan1074" value="·"/>
		<feat xlink:href="#sSpan1078" value="ϫⲉ"/>
		<feat xlink:href="#sSpan1082" value="ⲉⲧⲃⲉ"/>
		<feat xlink:href="#sSpan1085" value="ⲟⲩ"/>
		<feat xlink:href="#sSpan1087" value="ⲛⲉ"/>
		<feat xlink:href="#sSpan1093" value="ϥ"/>
		<feat xlink:href="#sSpan1095" value="ⲛⲁ"/>
		<feat xlink:href="#sSpan1097" value="ⲟⲩⲣⲟⲧ"/>
		<feat xlink:href="#sSpan1099" value="ⲁⲛ"/>
		<feat xlink:href="#sSpan1103" value="ⲛϭⲉⲓ̈"/>
		<feat xlink:href="#sSpan1108" value="ⲡ"/>
		<feat xlink:href="#sSpan1111" value="ⲉⲧⲉ"/>
		<feat xlink:href="#sSpan1113" value="ⲙⲛ"/>
		<feat xlink:href="#sSpan1115" value="ⲛⲟⲩⲧⲉ"/>
		<feat xlink:href="#sSpan1119" value="ϣⲟⲟⲡ"/>
		<feat xlink:href="#sSpan1123" value="ⲛⲥⲁ"/>
		<feat xlink:href="#sSpan1129" value="ⲓ︤ⲥ︥"/>
		<feat xlink:href="#sSpan1132" value="·"/>
		<feat xlink:href="#sSpan1137" value="ⲙⲏ"/>
		<feat xlink:href="#sSpan1143" value="ⲉ"/>
		<feat xlink:href="#sSpan1147" value="ⲛ"/>
		<feat xlink:href="#sSpan1149" value="ⲟⲩⲱϣⲧ"/>
		<feat xlink:href="#sSpan1152" value="ⲙ"/>
		<feat xlink:href="#sSpan1156" value="ⲙⲟⲩⲛⲅ"/>
		<feat xlink:href="#sSpan1159" value="ⲛ"/>
		<feat xlink:href="#sSpan1164" value="ϭⲓϫ"/>
		<feat xlink:href="#sSpan1167" value="ⲛ"/>
		<feat xlink:href="#sSpan1172" value="ⲉⲓ̈ⲇⲱⲗⲟⲛ"/>
		<feat xlink:href="#sSpan1176" value="ⲛ"/>
		<feat xlink:href="#sSpan1181" value="ⲇⲁⲓ̈ⲙⲟⲛⲉⲓ̈ⲟⲛ"/>
		<feat xlink:href="#sSpan1185" value="·"/>
		<feat xlink:href="#sSpan1189" value="ⲛ̄"/>
		<feat xlink:href="#sSpan1195" value="ⲑ"/>
		<feat xlink:href="#sSpan1197" value="ⲉ"/>
		<feat xlink:href="#sSpan1199" value="ⲛⲧ"/>
		<feat xlink:href="#sSpan1204" value="ⲁ"/>
		<feat xlink:href="#sSpan1206" value="ⲛⲉ"/>
		<feat xlink:href="#sSpan1210" value="ⲡⲣⲟⲫⲏⲧⲏⲥ"/>
		<feat xlink:href="#sSpan1213" value="ϫⲟⲟ"/>
		<feat xlink:href="#sSpan1217" value="ⲥ"/>
		<feat xlink:href="#sSpan1219" value="ⲉⲧⲃⲏⲏⲧ"/>
		<feat xlink:href="#sSpan1224" value="ⲟⲩ"/>
		<feat xlink:href="#sSpan1226" value="·"/>
		<feat xlink:href="#sSpan1230" value="ϫⲉ"/>
		<feat xlink:href="#sSpan1234" value="ⲙⲛ"/>
		<feat xlink:href="#sSpan1237" value="ⲣⲁϣⲉ"/>
		<feat xlink:href="#sSpan1240" value="ϣⲟⲟⲡ"/>
		<feat xlink:href="#sSpan1244" value="ⲛ"/>
		<feat xlink:href="#sSpan1248" value="ⲛ"/>
		<feat xlink:href="#sSpan1253" value="ⲁⲥⲉⲃⲏⲥ"/>
		<feat xlink:href="#sSpan1255" value="ⲡⲉϫⲉ"/>
		<feat xlink:href="#sSpan1260" value="ⲡ"/>
		<feat xlink:href="#sSpan1263" value="ϫⲟⲉⲓⲥ"/>
		<feat xlink:href="#sSpan1265" value="ⲡ"/>
		<feat xlink:href="#sSpan1269" value="ⲛⲟⲩⲧⲉ"/>
		<feat xlink:href="#sSpan1272" value="·"/>
		<feat xlink:href="#sSpan1278" value="ⲡⲗⲏⲛ"/>
		<feat xlink:href="#sSpan1286" value="ⲟⲩⲟⲓ̈"/>
		<feat xlink:href="#sSpan1290" value="ⲛⲉ"/>
		<feat xlink:href="#sSpan1294" value="ⲟⲩⲟⲓ̈"/>
		<feat xlink:href="#sSpan1299" value="ⲛⲉ"/>
		<feat xlink:href="#sSpan1303" value="ⲧ"/>
		<feat xlink:href="#sSpan1308" value="ⲥⲩⲛⲁⲅⲱⲅⲏ"/>
		<feat xlink:href="#sSpan1311" value="ⲙ"/>
		<feat xlink:href="#sSpan1315" value="ⲙⲁⲥⲉ"/>
		<feat xlink:href="#sSpan1317" value="ϩⲉⲓ̈"/>
		<feat xlink:href="#sSpan1322" value="ⲟⲩϩⲟⲟⲣ"/>
		<feat xlink:href="#sSpan1324" value="·"/>
		<feat xlink:href="#sSpan1328" value="ϩⲉⲓ̈"/>
		<feat xlink:href="#sSpan1333" value="ⲑⲏⲣⲓ̈ⲟⲛ"/>
		<feat xlink:href="#sSpan1336" value="ⲛⲓ̈ⲙ"/>
		<feat xlink:href="#sSpan1340" value="ⲡ"/>
		<feat xlink:href="#sSpan1345" value="ⲥⲱⲛⲧ"/>
		<feat xlink:href="#sSpan1347" value="ⲉⲧⲉ"/>
		<feat xlink:href="#sSpan1351" value="ⲙⲡⲉ"/>
		<feat xlink:href="#sSpan1354" value="ⲡ"/>
		<feat xlink:href="#sSpan1357" value="ϭⲱⲛⲧ"/>
		<feat xlink:href="#sSpan1359" value="ⲙ"/>
		<feat xlink:href="#sSpan1363" value="ⲡ"/>
		<feat xlink:href="#sSpan1367" value="ⲛⲟⲩⲧⲉ"/>
		<feat xlink:href="#sSpan1369" value="ⲥⲁϩⲱ"/>
		<feat xlink:href="#sSpan1373" value="ϥ"/>
		<feat xlink:href="#sSpan1376" value="ⲃⲟⲗ"/>
		<feat xlink:href="#sSpan1382" value="ⲙⲙⲟ"/>
		<feat xlink:href="#sSpan1386" value="ϥ"/>
		<feat xlink:href="#sSpan1388" value="ϣⲁϩⲣⲁⲓ̈"/>
		<feat xlink:href="#sSpan1397" value="ⲉ"/>
		<feat xlink:href="#sSpan1401" value="ⲡⲟⲟⲩ"/>
		<feat xlink:href="#sSpan1403" value="·"/>
		<feat xlink:href="#sSpan1407" value="ⲁⲩⲱ"/>
		<feat xlink:href="#sSpan1411" value="ϣⲁ"/>
		<feat xlink:href="#sSpan1416" value="ⲧ"/>
		<feat xlink:href="#sSpan1420" value="ⲥⲩⲛⲧⲉⲗⲓ̈ⲁ"/>
		<feat xlink:href="#sSpan1422" value="ϫⲉ"/>
		<feat xlink:href="#sSpan1427" value="ⲟⲩ"/>
		<feat xlink:href="#sSpan1431" value="ⲥⲏⲛⲁⲅⲱⲅⲏ"/>
		<feat xlink:href="#sSpan1435" value="ⲇⲉ"/>
		<feat xlink:href="#sSpan1439" value="ⲙ"/>
		<feat xlink:href="#sSpan1444" value="ⲡⲟⲛⲏⲣⲟⲛ"/>
		<feat xlink:href="#sSpan1447" value="·"/>
		<feat xlink:href="#sSpan1451" value="ⲟⲩ"/>
		<feat xlink:href="#sSpan1459" value="ⲥⲩⲛⲁⲅⲱⲅⲏ"/>
		<feat xlink:href="#sSpan1464" value="ⲇⲉ"/>
		<feat xlink:href="#sSpan1468" value="ⲙ"/>
		<feat xlink:href="#sSpan1472" value="ⲙⲁⲥⲉ"/>
		<feat xlink:href="#sSpan1476" value="ϩⲉⲓ̈"/>
		<feat xlink:href="#sSpan1480" value="ⲟⲩϩⲟⲟⲣ"/>
		<feat xlink:href="#sSpan1483" value="ⲁ"/>
		<feat xlink:href="#sSpan1488" value="ⲥ"/>
		<feat xlink:href="#sSpan1490" value="ⲕⲱⲧⲉ"/>
		<feat xlink:href="#sSpan1492" value="ⲉⲣⲟ"/>
		<feat xlink:href="#sSpan1496" value="ⲓ̈"/>
		<feat xlink:href="#sSpan1498" value="ⲁⲩⲱ"/>
		<feat xlink:href="#sSpan1503" value="ϫⲉ"/>
		<feat xlink:href="#sSpan1507" value="ⲁ"/>
		<feat xlink:href="#sSpan1509" value="ⲥ"/>
		<feat xlink:href="#sSpan1511" value="ⲁⲙⲁϩⲧⲉ"/>
		<feat xlink:href="#sSpan1514" value="ⲙⲙⲟ"/>
		<feat xlink:href="#sSpan1518" value="ⲓ̈"/>
		<feat xlink:href="#sSpan1520" value="·"/>
		<feat xlink:href="#sSpan1525" value="ⲧ"/>
		<feat xlink:href="#sSpan1534" value="ⲁⲧϣⲉⲡϩⲙⲟⲧ"/>
		<feat xlink:href="#sSpan1538" value="ⲧ"/>
		<feat xlink:href="#sSpan1543" value="ⲉⲧ"/>
		<feat xlink:href="#sSpan1545" value="ϩⲏⲡ"/>
		<feat xlink:href="#sSpan1547" value="ⲁⲛ"/>
		<feat xlink:href="#sSpan1551" value="ⲉ"/>
		<feat xlink:href="#sSpan1556" value="ⲓ︤ⲥ︥"/>
		<feat xlink:href="#sSpan1560" value="·"/>
		<feat xlink:href="#sSpan1565" value="ⲟⲩⲇⲉ"/>
		<feat xlink:href="#sSpan1569" value="ⲛⲉ"/>
		<feat xlink:href="#sSpan1573" value="ϥ"/>
		<feat xlink:href="#sSpan1575" value="ⲟⲃϣ"/>
		<feat xlink:href="#sSpan1578" value="ⲁⲛ"/>
		<feat xlink:href="#sSpan1582" value="ⲉⲣⲟ"/>
		<feat xlink:href="#sSpan1586" value="ⲥ"/>
		<feat xlink:href="#sSpan1588" value="·"/>
		<feat xlink:href="#sSpan1592" value="ϫⲉ"/>
		<feat xlink:href="#sSpan1596" value="ⲥⲉ"/>
		<feat xlink:href="#sSpan1599" value="ⲥⲱϣ"/>
		<feat xlink:href="#sSpan1601" value="ⲙⲙⲟ"/>
		<feat xlink:href="#sSpan1605" value="ϥ"/>
		<feat xlink:href="#sSpan1607" value="·"/>
		<feat xlink:href="#sSpan1611" value="ⲙ︤ⲛ︥"/>
		<feat xlink:href="#sSpan1616" value="ⲛⲉϥ"/>
		<feat xlink:href="#sSpan1618" value="ⲡ"/>
		<feat xlink:href="#sSpan1621" value="ⲉⲧ"/>
		<feat xlink:href="#sSpan1623" value="ⲟⲩⲁⲁⲃ"/>
		<feat xlink:href="#sSpan1625" value="ϩⲣⲁⲓ̈"/>
		<feat xlink:href="#sSpan1630" value="ⲛϩⲏⲧ"/>
		<feat xlink:href="#sSpan1634" value="ⲉ"/>
		<feat xlink:href="#sSpan1636" value="·"/>
		<feat xlink:href="#sSpan1641" value="ⲏ"/>
		<feat xlink:href="#sSpan1645" value="ⲉⲃⲟⲗ"/>
		<feat xlink:href="#sSpan1651" value="ϩⲉⲓ̈ⲧⲟⲟⲧ"/>
		<feat xlink:href="#sSpan1655" value="ⲟⲩ"/>
		<feat xlink:href="#sSpan1657" value="·"/>
		<feat xlink:href="#sSpan1662" value="ⲁ"/>
		<feat xlink:href="#sSpan1669" value="ⲩ"/>
		<feat xlink:href="#sSpan1671" value="ⲟⲩⲱ"/>
		<feat xlink:href="#sSpan1674" value="ⲅⲁⲣ"/>
		<feat xlink:href="#sSpan1678" value="ⲉ"/>
		<feat xlink:href="#sSpan1682" value="ⲩ"/>
		<feat xlink:href="#sSpan1685" value="ϩⲉⲣⲙⲉⲛⲉⲩⲉ"/>
		<feat xlink:href="#sSpan1688" value="ⲙ"/>
		<feat xlink:href="#sSpan1692" value="ⲡⲟⲩ"/>
		<feat xlink:href="#sSpan1695" value="ⲣⲁⲛ"/>
		<feat xlink:href="#sSpan1698" value="ϫⲉ"/>
		<feat xlink:href="#sSpan1702" value="ⲧ"/>
		<feat xlink:href="#sSpan1705" value="ⲉⲧ"/>
		<feat xlink:href="#sSpan1707" value="ⲙⲉϩ"/>
		<feat xlink:href="#sSpan1710" value="ⲛ"/>
		<feat xlink:href="#sSpan1715" value="ⲇⲁⲓ̈ⲙⲟⲛⲉⲓ̈ⲟⲛ"/>
		<feat xlink:href="#sSpan1719" value="ⲧ"/>
		<feat xlink:href="#sSpan1723" value="ⲉⲛⲧ"/>
		<feat xlink:href="#sSpan1725" value="ⲁ"/>
		<feat xlink:href="#sSpan1728" value="ⲡ︤ⲛ︦ⲁ︥"/>
		<feat xlink:href="#sSpan1732" value="ⲛⲓ̈ⲙ"/>
		<feat xlink:href="#sSpan1737" value="ⲙ"/>
		<feat xlink:href="#sSpan1742" value="ⲡⲟⲛⲏⲣⲟⲛ"/>
		<feat xlink:href="#sSpan1744" value="ϭⲟⲓ̈ⲗⲉ"/>
		<feat xlink:href="#sSpan1750" value="ⲉⲣⲟ"/>
		<feat xlink:href="#sSpan1754" value="ⲥ"/>
		<feat xlink:href="#sSpan1756" value="·"/>
		<feat xlink:href="#sSpan1760" value="ⲉ"/>
		<feat xlink:href="#sSpan1764" value="ⲧⲣⲉ"/>
		<feat xlink:href="#sSpan1766" value="ⲩ"/>
		<feat xlink:href="#sSpan1768" value="ϫⲱⲕ"/>
		<feat xlink:href="#sSpan1771" value="ⲉⲃⲟⲗ"/>
		<feat xlink:href="#sSpan1775" value="ⲛ"/>
		<feat xlink:href="#sSpan1779" value="ⲛⲉⲩ"/>
		<feat xlink:href="#sSpan1783" value="ⲉⲡⲉⲓ̈ⲑⲩⲙⲉⲓ̈ⲁ"/>
		<feat xlink:href="#sSpan1786" value="ⲛ︤ⲙ︥ⲙⲁ"/>
		<feat xlink:href="#sSpan1791" value="ⲥ"/>
		<feat xlink:href="#sSpan1793" value="·"/>
		<feat xlink:href="#sSpan1797" value="ⲁⲩⲱ"/>
		<feat xlink:href="#sSpan1801" value="ⲛⲟⲩⲥ"/>
		<feat xlink:href="#sSpan1805" value="ⲛⲙⲙⲁ"/>
		<feat xlink:href="#sSpan1810" value="ⲩ"/>
		<feat xlink:href="#sSpan1812" value="·"/>
		<feat xlink:href="#sSpan1816" value="ⲧ"/>
		<feat xlink:href="#sSpan1822" value="ⲕⲟⲓ̈ⲛⲱⲛⲟⲥ"/>
		<feat xlink:href="#sSpan1825" value="ⲛ"/>
		<feat xlink:href="#sSpan1829" value="ⲛ"/>
		<feat xlink:href="#sSpan1832" value="ⲉⲧ"/>
		<feat xlink:href="#sSpan1835" value="ϫⲓ̈ⲟⲩⲁ"/>
		<feat xlink:href="#sSpan1839" value="ⲉ"/>
		<feat xlink:href="#sSpan1843" value="ⲡ"/>
		<feat xlink:href="#sSpan1846" value="ⲛⲟⲩⲧⲉ"/>
		<feat xlink:href="#sSpan1848" value="ⲉⲣⲉ"/>
		<feat xlink:href="#sSpan1856" value="ⲣ"/>
		<feat xlink:href="#sSpan1859" value="ⲟⲩ"/>
		<feat xlink:href="#sSpan1861" value="ϩⲙ"/>
		<feat xlink:href="#sSpan1865" value="ⲡⲉ"/>
		<feat xlink:href="#sSpan1868" value="ϩⲟⲟⲩ"/>
		<feat xlink:href="#sSpan1870" value="ⲙ"/>
		<feat xlink:href="#sSpan1875" value="ⲡⲟⲩ"/>
		<feat xlink:href="#sSpan1878" value="ϫⲡⲉⲓ̈ⲟ"/>
		<feat xlink:href="#sSpan1880" value="·"/>
		<feat xlink:href="#sSpan1885" value="ⲏ"/>
		<feat xlink:href="#sSpan1893" value="ⲣⲁⲥⲱⲃⲉ"/>
		<feat xlink:href="#sSpan1899" value="ⲙⲛ"/>
		<feat xlink:href="#sSpan1903" value="ⲛ"/>
		<feat xlink:href="#sSpan1906" value="ⲉⲧ"/>
		<feat xlink:href="#sSpan1908" value="ⲥⲱⲃⲉ"/>
		<feat xlink:href="#sSpan1911" value="ⲛⲥⲱ"/>
		<feat xlink:href="#sSpan1915" value="·"/>
		<feat xlink:href="#sSpan1919" value="ϫⲉ"/>
		<feat xlink:href="#sSpan1925" value="ⲥⲉ"/>
		<feat xlink:href="#sSpan1927" value="ⲥⲱϣ"/>
		<feat xlink:href="#sSpan1930" value="ⲙ"/>
		<feat xlink:href="#sSpan1934" value="ⲡ"/>
		<feat xlink:href="#sSpan1937" value="ⲛⲟⲩⲧⲉ"/>
		<feat xlink:href="#sSpan1939" value="ⲁⲩⲱ"/>
		<feat xlink:href="#sSpan1944" value="ⲥⲉ"/>
		<feat xlink:href="#sSpan1948" value="ϩⲟⲟⲩϣ"/>
		<feat xlink:href="#sSpan1950" value="ⲉ"/>
		<feat xlink:href="#sSpan1955" value="ⲛⲉϥ"/>
		<feat xlink:href="#sSpan1959" value="ⲡⲉⲧⲟⲩⲁⲁⲃ"/>
		<feat xlink:href="#sSpan1963" value="ⲉⲣⲉ"/>
		<feat xlink:href="#sSpan1969" value="ⲥⲱⲧ︤ⲙ︥"/>
		<feat xlink:href="#sSpan1971" value="·"/>
		<feat xlink:href="#sSpan1975" value="ⲉ"/>
		<feat xlink:href="#sSpan1981" value="ⲩ"/>
		<feat xlink:href="#sSpan1983" value="ϫⲉ"/>
		<feat xlink:href="#sSpan1987" value="ⲙⲛⲧⲣϩⲟⲩⲟ"/>
		<feat xlink:href="#sSpan1993" value="ⲅⲁⲣ"/>
		<feat xlink:href="#sSpan1998" value="ⲁⲛ"/>
		<feat xlink:href="#sSpan2002" value="ⲉ"/>
		<feat xlink:href="#sSpan2006" value="ⲡ"/>
		<feat xlink:href="#sSpan2009" value="ⲛⲟⲩⲧⲉ"/>
		<feat xlink:href="#sSpan2011" value="ⲁⲩⲱ"/>
		<feat xlink:href="#sSpan2016" value="ⲛⲉϥ"/>
		<feat xlink:href="#sSpan2021" value="ⲣⲱⲙⲉ"/>
		<feat xlink:href="#sSpan2023" value="ϩⲛ"/>
		<feat xlink:href="#sSpan2028" value="ⲛ"/>
		<feat xlink:href="#sSpan2033" value="ⲇⲁⲓ̈ⲙⲉⲓ̈ⲟⲛ"/>
		<feat xlink:href="#sSpan2036" value="·"/>
		<feat xlink:href="#sSpan2041" value="ⲁⲗⲗⲁ"/>
		<feat xlink:href="#sSpan2045" value="ϩⲛ"/>
		<feat xlink:href="#sSpan2049" value="ⲛ"/>
		<feat xlink:href="#sSpan2054" value="ⲁⲅⲱⲣⲁ"/>
		<feat xlink:href="#sSpan2056" value="·"/>
		<feat xlink:href="#sSpan2060" value="ⲁⲩⲱ"/>
		<feat xlink:href="#sSpan2064" value="ϩⲛ"/>
		<feat xlink:href="#sSpan2069" value="ϩⲉⲛ"/>
		<feat xlink:href="#sSpan2073" value="ⲡⲗⲁⲧⲓ̈ⲁ"/>
		<feat xlink:href="#sSpan2075" value="ⲉ"/>
		<feat xlink:href="#sSpan2080" value="ⲛⲁϣⲉ"/>
		<feat xlink:href="#sSpan2082" value="ⲛ"/>
		<feat xlink:href="#sSpan2085" value="ⲉⲧ"/>
		<feat xlink:href="#sSpan2087" value="ⲥⲱⲧⲙ"/>
		<feat xlink:href="#sSpan2091" value="·"/>
		<feat xlink:href="#sSpan2095" value="ⲁⲛⲟⲕ"/>
		<feat xlink:href="#sSpan2102" value="ϩⲱ"/>
		<feat xlink:href="#sSpan2107" value="ϯ"/>
		<feat xlink:href="#sSpan2111" value="ϫⲱ"/>
		<feat xlink:href="#sSpan2113" value="ⲙⲙⲟ"/>
		<feat xlink:href="#sSpan2117" value="ⲥ"/>
		<feat xlink:href="#sSpan2119" value="·"/>
		<feat xlink:href="#sSpan2124" value="ⲛⲏ"/>
		<feat xlink:href="#sSpan2131" value="ⲧⲛ"/>
		<feat xlink:href="#sSpan2134" value="ⲡⲁⲣⲣⲏⲥⲓ̈ⲁ"/>
		<feat xlink:href="#sSpan2140" value="·"/>
		<feat xlink:href="#sSpan2144" value="ϩⲛ"/>
		<feat xlink:href="#sSpan2148" value="ⲧ"/>
		<feat xlink:href="#sSpan2151" value="ⲙⲏⲏⲧⲉ"/>
		<feat xlink:href="#sSpan2154" value="ⲙ̄"/>
		<feat xlink:href="#sSpan2158" value="ⲡⲉⲓ̈"/>
		<feat xlink:href="#sSpan2161" value="ⲙⲏⲏϣⲉ"/>
		<feat xlink:href="#sSpan2164" value="ⲉ"/>
		<feat xlink:href="#sSpan2168" value="ⲧⲣⲉ"/>
		<feat xlink:href="#sSpan2170" value="ⲩ"/>
		<feat xlink:href="#sSpan2172" value="ⲥⲱⲧⲙ"/>
		<feat xlink:href="#sSpan2176" value="ⲛⲥⲁ"/>
		<feat xlink:href="#sSpan2180" value="ϫⲱⲟⲩ"/>
		<feat xlink:href="#sSpan2183" value="ⲛ"/>
		<feat xlink:href="#sSpan2188" value="ⲛ"/>
		<feat xlink:href="#sSpan2191" value="ⲧⲟϣ"/>
		<feat xlink:href="#sSpan2193" value="ⲙⲛ"/>
		<feat xlink:href="#sSpan2197" value="ⲡ"/>
		<feat xlink:href="#sSpan2201" value="ⲕⲁϩ"/>
		<feat xlink:href="#sSpan2203" value="ⲧⲏⲣ"/>
		<feat xlink:href="#sSpan2207" value="ϥ"/>
		<feat xlink:href="#sSpan2209" value="·"/>
		<feat xlink:href="#sSpan2214" value="ϫⲉ"/>
		<feat xlink:href="#sSpan2221" value="ⲥⲉ"/>
		<feat xlink:href="#sSpan2223" value="ⲥϩⲟⲩⲟⲣⲧ"/>
		<feat xlink:href="#sSpan2225" value="ⲛϭⲉⲓ̈"/>
		<feat xlink:href="#sSpan2229" value="ⲛ"/>
		<feat xlink:href="#sSpan2233" value="ⲉⲧ"/>
		<feat xlink:href="#sSpan2235" value="ϫⲱ"/>
		<feat xlink:href="#sSpan2237" value="ⲙⲙⲟ"/>
		<feat xlink:href="#sSpan2241" value="ⲥ"/>
		<feat xlink:href="#sSpan2243" value="ϫⲉ"/>
		<feat xlink:href="#sSpan2248" value="ⲛⲉ"/>
		<feat xlink:href="#sSpan2250" value="ϣⲁ"/>
		<feat xlink:href="#sSpan2252" value="ⲩ"/>
		<feat xlink:href="#sSpan2255" value="ⲥ̄ⳁⲟ︤ⲩ︥"/>
		<feat xlink:href="#sSpan2257" value="ⲛ"/>
		<feat xlink:href="#sSpan2262" value="ⲛⲟⲩⲧⲉ"/>
		<feat xlink:href="#sSpan2265" value="·"/>
		<feat xlink:href="#sSpan2270" value="ⲏ"/>
		<feat xlink:href="#sSpan2274" value="ϫⲉ"/>
		<feat xlink:href="#sSpan2278" value="ϣⲁⲣⲉ"/>
		<feat xlink:href="#sSpan2281" value="ⲛⲟⲩⲧⲉ"/>
		<feat xlink:href="#sSpan2284" value="ⲙⲟⲩ"/>
		<feat xlink:href="#sSpan2288" value="·"/>
		<feat xlink:href="#sSpan2293" value="ⲥⲉ"/>
		<feat xlink:href="#sSpan2300" value="ⲥϩⲟⲩⲟⲣⲧ"/>
		<feat xlink:href="#sSpan2302" value="ⲛϭⲉⲓ̈"/>
		<feat xlink:href="#sSpan2306" value="ⲛ"/>
		<feat xlink:href="#sSpan2310" value="ⲉⲧ"/>
		<feat xlink:href="#sSpan2312" value="ϫⲱ"/>
		<feat xlink:href="#sSpan2314" value="ⲙⲙⲟ"/>
		<feat xlink:href="#sSpan2318" value="ⲥ"/>
		<feat xlink:href="#sSpan2320" value="ϫⲉ"/>
		<feat xlink:href="#sSpan2325" value="ⲉϣϫⲉ"/>
		<feat xlink:href="#sSpan2327" value="ⲟⲩ"/>
		<feat xlink:href="#sSpan2330" value="ⲛⲟⲩⲧⲉ"/>
		<feat xlink:href="#sSpan2333" value="ⲡⲉ"/>
		<feat xlink:href="#sSpan2337" value="ⲡ"/>
		<feat xlink:href="#sSpan2342" value="ⲛⲟⲩⲧⲉ"/>
		<feat xlink:href="#sSpan2344" value="·"/>
		<feat xlink:href="#sSpan2348" value="ⲁϩⲣⲟ"/>
		<feat xlink:href="#sSpan2353" value="ϥ"/>
		<feat xlink:href="#sSpan2355" value="ⲙⲡⲉ"/>
		<feat xlink:href="#sSpan2359" value="ϥ"/>
		<feat xlink:href="#sSpan2361" value="ⲉⲓ̈ⲙⲉ"/>
		<feat xlink:href="#sSpan2364" value="ϫⲉ"/>
		<feat xlink:href="#sSpan2368" value="ⲉⲛⲧ"/>
		<feat xlink:href="#sSpan2370" value="ⲁ"/>
		<feat xlink:href="#sSpan2372" value="ⲡ"/>
		<feat xlink:href="#sSpan2376" value="ⲇⲓ̈ⲁⲃⲟⲗⲟⲥ"/>
		<feat xlink:href="#sSpan2379" value="ⲉⲓ̈"/>
		<feat xlink:href="#sSpan2383" value="ⲧⲱⲛ"/>
		<feat xlink:href="#sSpan2387" value="·"/>
		<feat xlink:href="#sSpan2392" value="ⲛ̄ⲧ"/>
		<feat xlink:href="#sSpan2399" value="ⲁ"/>
		<feat xlink:href="#sSpan2401" value="ⲩ"/>
		<feat xlink:href="#sSpan2403" value="ϫⲉ"/>
		<feat xlink:href="#sSpan2405" value="ⲡⲁⲓ̈"/>
		<feat xlink:href="#sSpan2408" value="ⲉⲃⲟⲗ"/>
		<feat xlink:href="#sSpan2413" value="ϫⲉ"/>
		<feat xlink:href="#sSpan2418" value="ⲁ"/>
		<feat xlink:href="#sSpan2420" value="ⲩ"/>
		<feat xlink:href="#sSpan2422" value="ⲥⲱⲧ︤ⲙ︥"/>
		<feat xlink:href="#sSpan2424" value="ϩⲛⲉ"/>
		<feat xlink:href="#sSpan2430" value="ⲓ̈ⲱⲃ"/>
		<feat xlink:href="#sSpan2433" value="ⲡ"/>
		<feat xlink:href="#sSpan2438" value="ⲣⲣⲟ"/>
		<feat xlink:href="#sSpan2440" value="ⲡ"/>
		<feat xlink:href="#sSpan2445" value="ⲛⲟⲩⲧⲉ"/>
		<feat xlink:href="#sSpan2447" value="ⲡ"/>
		<feat xlink:href="#sSpan2452" value="ⲡⲁⲛⲧⲱⲕⲣⲁⲧⲱⲣ"/>
		<feat xlink:href="#sSpan2455" value="·"/>
		<feat xlink:href="#sSpan2460" value="ⲉ"/>
		<feat xlink:href="#sSpan2465" value="ϥ"/>
		<feat xlink:href="#sSpan2467" value="ϫⲛⲟⲩ"/>
		<feat xlink:href="#sSpan2469" value="ⲛ̄"/>
		<feat xlink:href="#sSpan2473" value="ⲡ"/>
		<feat xlink:href="#sSpan2477" value="ⲇⲁⲓ̈ⲙⲱⲛ"/>
		<feat xlink:href="#sSpan2481" value="ⲉⲧ"/>
		<feat xlink:href="#sSpan2485" value="ⲙⲙⲁⲩ"/>
		<feat xlink:href="#sSpan2487" value="ϫⲉ"/>
		<feat xlink:href="#sSpan2492" value="ⲛ̄ⲧ"/>
		<feat xlink:href="#sSpan2494" value="ⲁ"/>
		<feat xlink:href="#sSpan2496" value="ⲕ"/>
		<feat xlink:href="#sSpan2498" value="ⲉⲓ̈"/>
		<feat xlink:href="#sSpan2502" value="ⲧⲱⲛ"/>
		<feat xlink:href="#sSpan2506" value="ⲙⲡ"/>
		<feat xlink:href="#sSpan2513" value="ⲟⲩ"/>
		<feat xlink:href="#sSpan2515" value="ⲉⲓ̈ⲙⲉ"/>
		<feat xlink:href="#sSpan2517" value="ⲉ"/>
		<feat xlink:href="#sSpan2521" value="ⲡ"/>
		<feat xlink:href="#sSpan2526" value="ⲛⲟⲩⲥ"/>
		<feat xlink:href="#sSpan2528" value="ⲛ"/>
		<feat xlink:href="#sSpan2532" value="ⲛ"/>
		<feat xlink:href="#sSpan2535" value="ⲉⲧ"/>
		<feat xlink:href="#sSpan2537" value="ⲟⲩ"/>
		<feat xlink:href="#sSpan2539" value="ⲥⲱⲧ︤ⲙ︥"/>
		<feat xlink:href="#sSpan2542" value="ⲉⲣⲟ"/>
		<feat xlink:href="#sSpan2546" value="ⲟⲩ"/>
		<feat xlink:href="#sSpan2548" value="·"/>
		<feat xlink:href="#sSpan2552" value="ϫⲉ"/>
		<feat xlink:href="#sSpan2556" value="ϩⲁⲡ"/>
		<feat xlink:href="#sSpan2560" value="ⲛ"/>
		<feat xlink:href="#sSpan2564" value="ⲥⲟⲡ"/>
		<feat xlink:href="#sSpan2566" value="ⲁ"/>
		<feat xlink:href="#sSpan2570" value="ⲡ"/>
		<feat xlink:href="#sSpan2574" value="ⲛⲟⲩⲧⲉ"/>
		<feat xlink:href="#sSpan2576" value="ϣⲁϫⲉ"/>
		<feat xlink:href="#sSpan2581" value="ϩⲛ"/>
		<feat xlink:href="#sSpan2585" value="ⲛⲉ"/>
		<feat xlink:href="#sSpan2589" value="ⲅⲣⲁⲫⲏ"/>
		<feat xlink:href="#sSpan2593" value="ⲉ"/>
		<feat xlink:href="#sSpan2600" value="ⲛ"/>
		<feat xlink:href="#sSpan2603" value="ⲉⲛⲧ"/>
		<feat xlink:href="#sSpan2605" value="ⲁ"/>
		<feat xlink:href="#sSpan2607" value="ⲩ"/>
		<feat xlink:href="#sSpan2609" value="ⲉⲓ̈ⲙⲉ"/>
		<feat xlink:href="#sSpan2612" value="ⲅⲁⲣ"/>
		<feat xlink:href="#sSpan2617" value="ⲛϭⲉⲓ̈"/>
		<feat xlink:href="#sSpan2621" value="ⲛ"/>
		<feat xlink:href="#sSpan2624" value="ⲁⲧⲛⲟⲩⲧⲉ"/>
		<feat xlink:href="#sSpan2629" value="ⲉⲧ"/>
		<feat xlink:href="#sSpan2633" value="ⲙⲙⲁⲩ"/>
		<feat xlink:href="#sSpan2636" value="·"/>
		<feat xlink:href="#sSpan2640" value="ⲛⲉ"/>
		<feat xlink:href="#sSpan2644" value="ⲩ"/>
		<feat xlink:href="#sSpan2647" value="ⲛⲟⲓ̈"/>
		<feat xlink:href="#sSpan2649" value="ⲁⲛ"/>
		<feat xlink:href="#sSpan2654" value="ⲡⲉ"/>
		<feat xlink:href="#sSpan2658" value="ϫⲉ"/>
		<feat xlink:href="#sSpan2662" value="ⲧ"/>
		<feat xlink:href="#sSpan2666" value="ⲥⲩⲛⲏⲑⲓ̈ⲁ"/>
		<feat xlink:href="#sSpan2669" value="ⲛ"/>
		<feat xlink:href="#sSpan2673" value="ⲛ̄"/>
		<feat xlink:href="#sSpan2676" value="ⲣⲱⲙⲉ"/>
		<feat xlink:href="#sSpan2679" value="ⲡⲉ"/>
		<feat xlink:href="#sSpan2685" value="ⲁⲡⲉⲓ̈ⲗⲏ"/>
		<feat xlink:href="#sSpan2689" value="ⲉ"/>
		<feat xlink:href="#sSpan2694" value="ϩⲉⲛ"/>
		<feat xlink:href="#sSpan2697" value="ϩⲉⲙϩⲁⲗ"/>
		<feat xlink:href="#sSpan2699" value="⟦..⟧ϩⲟⲟⲩ"/>
		<feat xlink:href="#sSpan2704" value="⟦..⟧"/>
		<feat xlink:href="#sSpan2708" value="·"/>
		<feat xlink:href="#sSpan2712" value="ⲁⲩⲱ"/>
		<feat xlink:href="#sSpan2716" value="ⲉ"/>
		<feat xlink:href="#sSpan2721" value="ϫⲟⲟ"/>
		<feat xlink:href="#sSpan2723" value="ⲥ"/>
		<feat xlink:href="#sSpan2725" value="ϫⲉ"/>
		<feat xlink:href="#sSpan2729" value="ⲉ"/>
		<feat xlink:href="#sSpan2731" value="ⲕ"/>
		<feat xlink:href="#sSpan2733" value="ⲛⲏⲩ"/>
		<feat xlink:href="#sSpan2735" value="ⲧⲱⲛ"/>
		<feat xlink:href="#sSpan2740" value="·"/>
		<feat xlink:href="#sSpan2745" value="ⲕⲁⲛ"/>
		<feat xlink:href="#sSpan2749" value="ⲉ"/>
		<feat xlink:href="#sSpan2753" value="ⲩ"/>
		<feat xlink:href="#sSpan2755" value="ⲥⲟⲟⲩⲛ"/>
		<feat xlink:href="#sSpan2758" value="·"/>
		<feat xlink:href="#sSpan2763" value="ⲕⲁⲧⲁ"/>
		<feat xlink:href="#sSpan2769" value="ⲑ"/>
		<feat xlink:href="#sSpan2772" value="ⲉ"/>
		<feat xlink:href="#sSpan2774" value="ⲛⲧ"/>
		<feat xlink:href="#sSpan2778" value="ⲁ"/>
		<feat xlink:href="#sSpan2781" value="ⲉⲗⲓⲥⲉⲓ̈ⲟⲥ"/>
		<feat xlink:href="#sSpan2784" value="ϫⲛⲉ"/>
		<feat xlink:href="#sSpan2790" value="ⲅⲉⲉⲓ̈ⲥⲉⲓ̈"/>
		<feat xlink:href="#sSpan2793" value="·"/>
		<feat xlink:href="#sSpan2797" value="ⲉ"/>
		<feat xlink:href="#sSpan2801" value="ϥ"/>
		<feat xlink:href="#sSpan2803" value="ⲥⲟⲟⲩⲛ"/>
		<feat xlink:href="#sSpan2806" value="ϫⲉ"/>
		<feat xlink:href="#sSpan2810" value="ⲛⲧ"/>
		<feat xlink:href="#sSpan2812" value="ⲁ"/>
		<feat xlink:href="#sSpan2814" value="ϥ"/>
		<feat xlink:href="#sSpan2817" value="ⲉⲓ̈"/>
		<feat xlink:href="#sSpan2822" value="ⲧⲱⲛ"/>
		<feat xlink:href="#sSpan2826" value="·"/>
		<feat xlink:href="#sSpan2830" value="ⲁⲩⲱ"/>
		<feat xlink:href="#sSpan2834" value="ϫⲉ"/>
		<feat xlink:href="#sSpan2839" value="ⲟⲩ"/>
		<feat xlink:href="#sSpan2841" value="ⲡ"/>
		<feat xlink:href="#sSpan2845" value="ⲉⲛⲧ"/>
		<feat xlink:href="#sSpan2847" value="ⲁ"/>
		<feat xlink:href="#sSpan2849" value="ϥ"/>
		<feat xlink:href="#sSpan2851" value="ⲁⲁ"/>
		<feat xlink:href="#sSpan2854" value="ϥ"/>
		<feat xlink:href="#sSpan2856" value="·"/>
		<feat xlink:href="#sSpan2860" value="ⲧⲁⲓ̈"/>
		<feat xlink:href="#sSpan2865" value="ⲧⲉ"/>
		<feat xlink:href="#sSpan2870" value="ⲑ"/>
		<feat xlink:href="#sSpan2875" value="ⲉ"/>
		<feat xlink:href="#sSpan2877" value="ⲛⲧ"/>
		<feat xlink:href="#sSpan2881" value="ⲁ"/>
		<feat xlink:href="#sSpan2883" value="ⲡ"/>
		<feat xlink:href="#sSpan2886" value="ϫⲟⲉⲓ̈ⲥ"/>
		<feat xlink:href="#sSpan2888" value="ϫⲛⲉ"/>
		<feat xlink:href="#sSpan2893" value="ⲡ"/>
		<feat xlink:href="#sSpan2897" value="ⲇⲉⲓ̈ⲁⲃⲟⲗⲟⲥ"/>
		<feat xlink:href="#sSpan2900" value="·"/>
		<feat xlink:href="#sSpan2904" value="ϩⲛ"/>
		<feat xlink:href="#sSpan2908" value="ⲟⲩ"/>
		<feat xlink:href="#sSpan2912" value="ⲁⲡⲉⲓ̈ⲗⲏ"/>
		<feat xlink:href="#sSpan2915" value="·"/>
		<feat xlink:href="#sSpan2919" value="ϫⲉ"/>
		<feat xlink:href="#sSpan2925" value="ⲉ"/>
		<feat xlink:href="#sSpan2927" value="ⲕ"/>
		<feat xlink:href="#sSpan2929" value="ⲛⲏⲩ"/>
		<feat xlink:href="#sSpan2931" value="ⲧⲱⲛ"/>
		<feat xlink:href="#sSpan2936" value="ⲡ"/>
		<feat xlink:href="#sSpan2942" value="ⲣⲉϥⲧⲁⲕⲟ"/>
		<feat xlink:href="#sSpan2946" value="·"/>
		<feat xlink:href="#sSpan2950" value="ⲡ"/>
		<feat xlink:href="#sSpan2955" value="ⲣⲉϥϫⲉⲓ̈ϭⲟⲗ"/>
		<feat xlink:href="#sSpan2960" value="·"/>
		<feat xlink:href="#sSpan2964" value="ⲡ"/>
		<feat xlink:href="#sSpan2968" value="ⲉⲧ"/>
		<feat xlink:href="#sSpan2970" value="ϣⲟⲩϣⲟⲩ"/>
		<feat xlink:href="#sSpan2973" value="ⲙⲙⲟ"/>
		<feat xlink:href="#sSpan2977" value="ϥ"/>
		<feat xlink:href="#sSpan2979" value="ⲉϫⲛ"/>
		<feat xlink:href="#sSpan2983" value="ⲛ"/>
		<feat xlink:href="#sSpan2987" value="ⲣⲱⲙⲉ"/>
		<feat xlink:href="#sSpan2989" value="ⲉⲧ"/>
		<feat xlink:href="#sSpan2993" value="ϭⲟⲟⲙⲉ"/>
		<feat xlink:href="#sSpan2996" value="·"/>
		<feat xlink:href="#sSpan3000" value="ⲁ"/>
		<feat xlink:href="#sSpan3006" value="ⲕ"/>
		<feat xlink:href="#sSpan3009" value="ϯϩⲧⲏ"/>
		<feat xlink:href="#sSpan3012" value="ⲕ"/>
		<feat xlink:href="#sSpan3014" value="ϭⲉ"/>
		<feat xlink:href="#sSpan3019" value="ⲡ"/>
		<feat xlink:href="#sSpan3024" value="ϭⲱⲃ"/>
		<feat xlink:href="#sSpan3026" value="ⲉ"/>
		<feat xlink:href="#sSpan3030" value="ⲡⲁ"/>
		<feat xlink:href="#sSpan3033" value="ϩⲙϩⲁⲗ"/>
		<feat xlink:href="#sSpan3037" value="ⲓ̈ⲱⲃ"/>
		<feat xlink:href="#sSpan3041" value="·"/>
		<feat xlink:href="#sSpan3045" value="ϫⲉ"/>
		<feat xlink:href="#sSpan3049" value="ⲙⲛ"/>
		<feat xlink:href="#sSpan3052" value="ⲣⲱⲙⲉ"/>
		<feat xlink:href="#sSpan3055" value="ⲉ"/>
		<feat xlink:href="#sSpan3059" value="ϥ"/>
		<feat xlink:href="#sSpan3061" value="ⲧⲛⲧⲱⲛ"/>
		<feat xlink:href="#sSpan3064" value="ⲉⲣⲟ"/>
		<feat xlink:href="#sSpan3068" value="ϥ"/>
		<feat xlink:href="#sSpan3070" value="·"/>
		<feat xlink:href="#sSpan3074" value="ⲉϣϫⲉ"/>
		<feat xlink:href="#sSpan3081" value="ⲕ"/>
		<feat xlink:href="#sSpan3083" value="ⲟⲩⲱϣ"/>
		<feat xlink:href="#sSpan3085" value="ⲉ"/>
		<feat xlink:href="#sSpan3090" value="ⲙⲉⲓ̈ϣⲉ"/>
		<feat xlink:href="#sSpan3093" value="ϯ"/>
		<feat xlink:href="#sSpan3097" value="ⲡⲉⲕ"/>
		<feat xlink:href="#sSpan3100" value="ⲟⲩⲟⲓ̈"/>
		<feat xlink:href="#sSpan3103" value="ⲉ"/>
		<feat xlink:href="#sSpan3107" value="ⲡⲁⲓ̈"/>
		<feat xlink:href="#sSpan3110" value="·"/>
		<feat xlink:href="#sSpan3114" value="ⲛⲧ"/>
		<feat xlink:href="#sSpan3121" value="ⲁ"/>
		<feat xlink:href="#sSpan3123" value="ⲓ̈"/>
		<feat xlink:href="#sSpan3126" value="ⲁⲛⲉⲭⲉ"/>
		<feat xlink:href="#sSpan3129" value="ⲅⲁⲣ"/>
		<feat xlink:href="#sSpan3133" value="ⲙⲙⲟ"/>
		<feat xlink:href="#sSpan3138" value="ⲕ"/>
		<feat xlink:href="#sSpan3140" value="ⲡ"/>
		<feat xlink:href="#sSpan3146" value="ⲇⲁⲓ̈ⲙⲱⲛ"/>
		<feat xlink:href="#sSpan3149" value="ⲉ"/>
		<feat xlink:href="#sSpan3153" value="ⲩ"/>
		<feat xlink:href="#sSpan3157" value="ⲇⲟⲕⲉⲓ̈ⲙⲏ"/>
		<feat xlink:href="#sSpan3160" value="ⲛ"/>
		<feat xlink:href="#sSpan3164" value="ⲛⲁ"/>
		<feat xlink:href="#sSpan3167" value="ⲥⲱⲧⲡ"/>
		<feat xlink:href="#sSpan3169" value="ⲉ"/>
		<feat xlink:href="#sSpan3175" value="ⲧⲣⲉ"/>
		<feat xlink:href="#sSpan3177" value="ⲩ"/>
		<feat xlink:href="#sSpan3179" value="ⲥⲱⲃⲉ"/>
		<feat xlink:href="#sSpan3181" value="ⲙⲙⲟ"/>
		<feat xlink:href="#sSpan3185" value="ⲕ"/>
		<feat xlink:href="#sSpan3187" value="ϩⲉⲓⲧⲛ"/>
		<feat xlink:href="#sSpan3192" value="ⲛ"/>
		<feat xlink:href="#sSpan3195" value="ⲉⲧⲉ"/>
		<feat xlink:href="#sSpan3197" value="ⲕ"/>
		<feat xlink:href="#sSpan3200" value="ϫⲓ̈ϣⲓ̈ⲡⲉ"/>
		<feat xlink:href="#sSpan3204" value="ⲉⲃⲟⲗ"/>
		<feat xlink:href="#sSpan3209" value="ϩⲉⲓ̈ⲧⲟⲟⲧ"/>
		<feat xlink:href="#sSpan3214" value="ⲟⲩ"/>
		<feat xlink:href="#sSpan3216" value="ⲧⲏⲣ"/>
		<feat xlink:href="#sSpan3220" value="ⲟⲩ"/>
		<feat xlink:href="#sSpan3222" value="·"/>
		<feat xlink:href="#sSpan3226" value="ϩⲙ"/>
		<feat xlink:href="#sSpan3231" value="ⲡ"/>
		<feat xlink:href="#sSpan3234" value="ⲧⲣⲉ"/>
		<feat xlink:href="#sSpan3236" value="ⲩ"/>
		<feat xlink:href="#sSpan3238" value="ϫⲣⲟ"/>
		<feat xlink:href="#sSpan3240" value="ⲉⲣⲟ"/>
		<feat xlink:href="#sSpan3245" value="ⲕ"/>
		<feat xlink:href="#sSpan3247" value="·"/>
		<feat xlink:href="#sSpan3251" value="ⲡ"/>
		<feat xlink:href="#sSpan3257" value="ⲁⲅⲅⲉⲗⲟⲥ"/>
		<feat xlink:href="#sSpan3259" value="ⲉⲧ"/>
		<feat xlink:href="#sSpan3264" value="ⲟⲩ"/>
		<feat xlink:href="#sSpan3266" value="ⲙⲟⲩⲟⲩⲧ"/>
		<feat xlink:href="#sSpan3268" value="ⲙⲙⲟ"/>
		<feat xlink:href="#sSpan3273" value="ϥ"/>
		<feat xlink:href="#sSpan3276" value="ⲡ"/>
		<feat xlink:href="#sSpan3281" value="ⲙⲟⲩⲓ̈"/>
		<feat xlink:href="#sSpan3283" value="ⲁⲩⲱ"/>
		<feat xlink:href="#sSpan3287" value="ⲡⲉ"/>
		<feat xlink:href="#sSpan3292" value="ⲇⲣⲁⲕⲱⲛ"/>
		<feat xlink:href="#sSpan3295" value="ⲉⲧ"/>
		<feat xlink:href="#sSpan3299" value="ⲟⲩ"/>
		<feat xlink:href="#sSpan3301" value="ϩⲱⲙ"/>
		<feat xlink:href="#sSpan3304" value="ⲉϫⲱ"/>
		<feat xlink:href="#sSpan3308" value="ϥ"/>
		<feat xlink:href="#sSpan3310" value="ϩⲉⲓ̈ⲧⲛ"/>
		<feat xlink:href="#sSpan3315" value="ⲛ"/>
		<feat xlink:href="#sSpan3318" value="ⲉⲧ"/>
		<feat xlink:href="#sSpan3320" value="ⲁ"/>
		<feat xlink:href="#sSpan3322" value="ⲓ̈"/>
		<feat xlink:href="#sSpan3324" value="ϯ"/>
		<feat xlink:href="#sSpan3327" value="ⲉ"/>
		<feat xlink:href="#sSpan3332" value="ⲧⲣ"/>
		<feat xlink:href="#sSpan3334" value="ⲁ"/>
		<feat xlink:href="#sSpan3336" value="ⲙⲟⲣ"/>
		<feat xlink:href="#sSpan3338" value="ⲟⲩ"/>
		<feat xlink:href="#sSpan3340" value="ⲛ"/>
		<feat xlink:href="#sSpan3344" value="ⲟⲩ"/>
		<feat xlink:href="#sSpan3347" value="ϭⲟⲙ"/>
		<feat xlink:href="#sSpan3350" value="·"/>
		<feat xlink:href="#sSpan3354" value="ⲁⲩⲱ"/>
		<feat xlink:href="#sSpan3358" value="ⲉ"/>
		<feat xlink:href="#sSpan3362" value="ⲧⲣ"/>
		<feat xlink:href="#sSpan3364" value="ⲁ"/>
		<feat xlink:href="#sSpan3366" value="ⲙⲟⲣ"/>
		<feat xlink:href="#sSpan3369" value="ⲟⲩ"/>
		<feat xlink:href="#sSpan3371" value="ⲉ"/>
		<feat xlink:href="#sSpan3375" value="ⲛⲟⲩ"/>
		<feat xlink:href="#sSpan3379" value="ⲙⲛⲧϫⲱⲱⲣⲉ"/>
		<feat xlink:href="#sSpan3383" value="·"/>
		<feat xlink:href="#sSpan3387" value="ⲉ"/>
		<feat xlink:href="#sSpan3391" value="ϯⲟⲩⲃⲉ"/>
		<feat xlink:href="#sSpan3394" value="ⲉ"/>
		<feat xlink:href="#sSpan3398" value="ⲛⲉⲕ"/>
		<feat xlink:href="#sSpan3402" value="ⲙⲉⲛⲧⲁⲥⲉⲃⲏⲥ"/>
		<feat xlink:href="#sSpan3407" value="·"/>
		<feat xlink:href="#sSpan3412" value="ⲥⲉ"/>
		<feat xlink:href="#sSpan3420" value="ⲥϩⲟⲩⲟⲣⲧ"/>
		<feat xlink:href="#sSpan3422" value="ⲛϭⲉⲓ"/>
		<feat xlink:href="#sSpan3426" value="ⲛ"/>
		<feat xlink:href="#sSpan3429" value="ⲉⲧ"/>
		<feat xlink:href="#sSpan3431" value="ϫⲱ"/>
		<feat xlink:href="#sSpan3434" value="ⲙⲙⲟ"/>
		<feat xlink:href="#sSpan3438" value="ⲥ"/>
		<feat xlink:href="#sSpan3440" value="ϫⲉ"/>
		<feat xlink:href="#sSpan3444" value="ⲉϣϫⲉ"/>
		<feat xlink:href="#sSpan3447" value="ⲟⲩ"/>
		<feat xlink:href="#sSpan3450" value="ⲛⲟⲩⲧⲉ"/>
		<feat xlink:href="#sSpan3452" value="ⲡⲉ"/>
		<feat xlink:href="#sSpan3456" value="·"/>
		<feat xlink:href="#sSpan3460" value="ϫⲉ"/>
		<feat xlink:href="#sSpan3465" value="ⲉⲧⲃⲉ"/>
		<feat xlink:href="#sSpan3468" value="ⲟⲩ"/>
		<feat xlink:href="#sSpan3470" value="ⲙⲡⲉ"/>
		<feat xlink:href="#sSpan3475" value="ϥ"/>
		<feat xlink:href="#sSpan3477" value="ⲉⲓ̈ⲙⲉ"/>
		<feat xlink:href="#sSpan3479" value="ϫⲉ"/>
		<feat xlink:href="#sSpan3483" value="ⲉⲣⲉ"/>
		<feat xlink:href="#sSpan3486" value="ⲁⲇⲁⲙ"/>
		<feat xlink:href="#sSpan3490" value="ⲧⲱⲛ"/></featList></paula>