<?xml version='1.0' encoding='UTF-8'?><!DOCTYPE paula SYSTEM "paula_feat.dtd">
<paula version="1.1">
	<header paula_id="scriptorium.shenoute.those.GF263-267.mark_orig_group"/>
	<featList xmlns:xlink="http://www.w3.org/1999/xlink" type="orig_group" xml:base="scriptorium.shenoute.those.GF263-267.mark.xml">
		<feat xlink:href="#sSpan5" value="ⲡⲧⲣⲉⲩⲥⲱⲧⲙ"/>
		<feat xlink:href="#sSpan22" value="ⲉⲡⲉϩⲣⲟⲟⲩ"/>
		<feat xlink:href="#sSpan32" value="ⲉⲛϩⲉⲛⲃⲁϣⲟⲟⲣ"/>
		<feat xlink:href="#sSpan42" value="·"/>
		<feat xlink:href="#sSpan47" value="ⲏ"/>
		<feat xlink:href="#sSpan51" value="ⲁⲩⲛⲁⲩ"/>
		<feat xlink:href="#sSpan59" value="ⲉⲣⲟⲟⲩ"/>
		<feat xlink:href="#sSpan66" value="·"/>
		<feat xlink:href="#sSpan72" value="ⲁⲗⲗⲁ"/>
		<feat xlink:href="#sSpan79" value="ⲉⲙⲉⲩⲧⲁϩⲟⲕ"/>
		<feat xlink:href="#sSpan89" value="ϩⲉⲛⲗⲁⲁⲩ"/>
		<feat xlink:href="#sSpan97" value="ⲛⲥⲁⲡⲁⲓ̈"/>
		<feat xlink:href="#sSpan105" value="ⲙⲙⲁⲧⲉ"/>
		<feat xlink:href="#sSpan109" value="·"/>
		<feat xlink:href="#sSpan113" value="ⲉⲧⲉⲛϩⲁⲡ"/>
		<feat xlink:href="#sSpan123" value="ⲛⲉ"/>
		<feat xlink:href="#sSpan127" value="ⲙⲙⲓ̈ϣⲉ"/>
		<feat xlink:href="#sSpan135" value="ⲉϫⲱⲟⲩ"/>
		<feat xlink:href="#sSpan141" value="·"/>
		<feat xlink:href="#sSpan145" value="ⲁⲩⲱ"/>
		<feat xlink:href="#sSpan150" value="ⲡⲇⲓ̈ⲕⲁⲓ̈ⲟⲛ"/>
		<feat xlink:href="#sSpan159" value="ϩⲉⲛϩⲱⲃ"/>
		<feat xlink:href="#sSpan167" value="ⲛⲓ̈ⲙ"/>
		<feat xlink:href="#sSpan171" value="·"/>
		<feat xlink:href="#sSpan175" value="ⲛϩⲟⲩⲟ"/>
		<feat xlink:href="#sSpan183" value="ⲇⲉ"/>
		<feat xlink:href="#sSpan187" value="ⲛⲉⲕⲥⲁϩⲱⲱⲕ"/>
		<feat xlink:href="#sSpan198" value="ⲉⲃⲟⲗ"/>
		<feat xlink:href="#sSpan202" value="ⲛϫⲁϫⲉ"/>
		<feat xlink:href="#sSpan210" value="ⲙⲡⲉⲭ︤ⲥ︥"/>
		<feat xlink:href="#sSpan220" value="·"/>
		<feat xlink:href="#sSpan224" value="ⲙⲛⲛⲉⲧϫⲉⲓ̈"/>
		<feat xlink:href="#sSpan236" value="ⲛⲉⲛϩⲏⲕⲉ"/>
		<feat xlink:href="#sSpan246" value="ⲛϭⲟⲛⲥ"/>
		<feat xlink:href="#sSpan253" value="·"/>
		<feat xlink:href="#sSpan259" value="ⲛϣⲁϫⲉ"/>
		<feat xlink:href="#sSpan270" value="ⲅⲁⲣ"/>
		<feat xlink:href="#sSpan274" value="ⲙⲡⲟⲛⲏⲣⲟⲛ"/>
		<feat xlink:href="#sSpan282" value="ⲉⲧⲉⲣⲉⲡⲉⲩⲥⲡⲉⲣⲙⲁ"/>
		<feat xlink:href="#sSpan293" value="ϫⲱ"/>
		<feat xlink:href="#sSpan298" value="ⲙⲙⲟⲟⲩ"/>
		<feat xlink:href="#sSpan304" value="ⲉϩⲟⲩⲛ"/>
		<feat xlink:href="#sSpan309" value="ⲉⲣⲟⲛ"/>
		<feat xlink:href="#sSpan315" value="ⲉⲩϩⲟⲟⲩ"/>
		<feat xlink:href="#sSpan324" value="ⲁⲛ"/>
		<feat xlink:href="#sSpan328" value="ⲉⲛⲉⲧⲉⲣⲉⲡⲉⲩⲉⲓ̈ⲱⲧ"/>
		<feat xlink:href="#sSpan343" value="ϫⲱ"/>
		<feat xlink:href="#sSpan347" value="ⲙⲙⲟⲟⲩ"/>
		<feat xlink:href="#sSpan355" value="ⲙⲡⲕⲱⲧⲉ"/>
		<feat xlink:href="#sSpan365" value="ⲛⲛⲉⲧⲧⲉⲓ̈"/>
		<feat xlink:href="#sSpan377" value="ⲟⲩⲃⲉⲉⲛⲉϥⲗⲟⲅⲓ̈ⲥⲙⲟⲥ"/>
		<feat xlink:href="#sSpan388" value="ⲛⲛⲁⲩ"/>
		<feat xlink:href="#sSpan396" value="ⲛⲓ̈ⲙ"/>
		<feat xlink:href="#sSpan400" value="·"/>
		<feat xlink:href="#sSpan406" value="ⲟⲩϭⲉ"/>
		<feat xlink:href="#sSpan413" value="ⲟⲛ"/>
		<feat xlink:href="#sSpan418" value="ⲇⲉ"/>
		<feat xlink:href="#sSpan422" value="ⲛⲟⲩ"/>
		<feat xlink:href="#sSpan429" value="ⲛϣⲁϫⲉ"/>
		<feat xlink:href="#sSpan437" value="ⲉⲛⲁⲅⲁⲑⲟⲛ"/>
		<feat xlink:href="#sSpan445" value="ⲉⲧⲉⲣⲉϩⲟⲓ̈ⲛⲉ"/>
		<feat xlink:href="#sSpan452" value="ⲛⲁϫⲟⲟⲩ"/>
		<feat xlink:href="#sSpan461" value="ⲉϩⲟⲩⲛ"/>
		<feat xlink:href="#sSpan465" value="ⲉⲣⲟⲛ"/>
		<feat xlink:href="#sSpan472" value="·"/>
		<feat xlink:href="#sSpan476" value="ⲛⲉⲩⲥⲟⲧⲡ"/>
		<feat xlink:href="#sSpan484" value="ⲁⲛ"/>
		<feat xlink:href="#sSpan489" value="ⲉⲛⲉⲧⲉⲣⲉⲓ︤ⲥ︥"/>
		<feat xlink:href="#sSpan501" value="ⲡⲉⲛⲣⲣⲟ"/>
		<feat xlink:href="#sSpan508" value="·"/>
		<feat xlink:href="#sSpan512" value="ⲁⲩⲱ̣"/>
		<feat xlink:href="#sSpan517" value="ⲡⲉⲛϫⲟⲉⲓ̈ⲥ"/>
		<feat xlink:href="#sSpan524" value="·"/>
		<feat xlink:href="#sSpan528" value="ϫ[ⲱ]"/>
		<feat xlink:href="#sSpan534" value="ⲙⲙⲟⲟⲩ"/>
		<feat xlink:href="#sSpan541" value="ⲉϩⲣⲁⲓ̈"/>
		<feat xlink:href="#sSpan545" value="ⲉⲡⲉⲛϩⲏⲧ"/>
		<feat xlink:href="#sSpan555" value="ⲛⲛⲁⲩ"/>
		<feat xlink:href="#sSpan562" value="ⲛⲓ̈ⲙ"/>
		<feat xlink:href="#sSpan567" value="·"/>
		<feat xlink:href="#sSpan573" value="ⲟⲩⲇⲉ"/>
		<feat xlink:href="#sSpan580" value="ⲛⲉⲣⲉⲡⲙⲉⲓ̈ϣⲉ"/>
		<feat xlink:href="#sSpan590" value="ⲛⲛⲉⲧϯⲟⲩⲃⲏⲛ"/>
		<feat xlink:href="#sSpan606" value="·"/>
		<feat xlink:href="#sSpan610" value="ⲟ"/>
		<feat xlink:href="#sSpan614" value="ⲛⲛⲟϭ"/>
		<feat xlink:href="#sSpan620" value="ⲁⲛ"/>
		<feat xlink:href="#sSpan625" value="ⲉⲡⲙⲉⲓ̈ϣⲉ"/>
		<feat xlink:href="#sSpan634" value="ⲙⲡⲉⲩⲉⲓ̈ⲱⲧ"/>
		<feat xlink:href="#sSpan644" value="ⲡⲇⲓ̈ⲁⲃⲟⲗⲟⲥ"/>
		<feat xlink:href="#sSpan652" value="·"/>
		<feat xlink:href="#sSpan656" value="ⲉⲧⲉⲛⲙⲉⲓ̈ϣⲉ"/>
		<feat xlink:href="#sSpan665" value="ⲟⲩⲃⲏϥ"/>
		<feat xlink:href="#sSpan671" value="ⲛⲛⲁⲩ"/>
		<feat xlink:href="#sSpan679" value="ⲛⲓ̈ⲙ"/>
		<feat xlink:href="#sSpan683" value="·"/>
		<feat xlink:href="#sSpan687" value="ⲉϣϫⲉⲛⲁⲛⲟⲩⲧⲃⲟⲓ̈ⲑⲓ̈ⲁ"/>
		<feat xlink:href="#sSpan706" value="ⲛϩⲉⲛⲥⲛⲏⲩ"/>
		<feat xlink:href="#sSpan716" value="·"/>
		<feat xlink:href="#sSpan720" value="ⲁⲩⲱ"/>
		<feat xlink:href="#sSpan725" value="ϩⲉⲛϣⲃⲏⲣ"/>
		<feat xlink:href="#sSpan732" value="ⲉⲩⲃⲟⲓ̈ⲏⲑⲓ̈ⲁ"/>
		<feat xlink:href="#sSpan742" value="ⲉⲛⲉⲩⲉⲣⲏⲩ"/>
		<feat xlink:href="#sSpan750" value="·"/>
		<feat xlink:href="#sSpan755" value="ⲛⲁⲛⲟⲩⲥ"/>
		<feat xlink:href="#sSpan763" value="ⲅⲁⲣ"/>
		<feat xlink:href="#sSpan767" value="ⲣϣⲁⲛϩⲉⲛⲣⲱⲙⲉ"/>
		<feat xlink:href="#sSpan777" value="ϭⲛϩⲉⲛϣⲃ︤ⲣ︥"/>
		<feat xlink:href="#sSpan787" value="ⲙⲡⲉⲓ̈ⲥⲧⲟⲥ"/>
		<feat xlink:href="#sSpan795" value="·"/>
		<feat xlink:href="#sSpan799" value="ⲁⲩⲱ"/>
		<feat xlink:href="#sSpan804" value="ϩⲉⲛⲥⲛⲏⲩ"/>
		<feat xlink:href="#sSpan811" value="ⲛⲁⲙⲉ"/>
		<feat xlink:href="#sSpan815" value="·"/>
		<feat xlink:href="#sSpan820" value="ⲁⲗⲗⲁ"/>
		<feat xlink:href="#sSpan825" value="ⲧⲃⲟⲓ̈ⲑⲓ̈ⲁ"/>
		<feat xlink:href="#sSpan833" value="ⲙⲡⲛⲟⲩⲧⲉ"/>
		<feat xlink:href="#sSpan843" value="·"/>
		<feat xlink:href="#sSpan847" value="ⲟⲩⲛⲟϭ"/>
		<feat xlink:href="#sSpan855" value="ⲧⲉ"/>
		<feat xlink:href="#sSpan859" value="ⲉⲛⲁⲓ"/>
		<feat xlink:href="#sSpan866" value="ⲧⲏⲣⲟⲩ"/>
		<feat xlink:href="#sSpan873" value="·"/>
		<feat xlink:href="#sSpan879" value="ⲉⲧⲃⲉⲡⲁⲓ̈"/>
		<feat xlink:href="#sSpan889" value="ⲙⲡⲁⲣⲟⲟⲩϣ"/>
		<feat xlink:href="#sSpan899" value="ⲁⲛ"/>
		<feat xlink:href="#sSpan903" value="ⲡⲉ"/>
		<feat xlink:href="#sSpan907" value="ⲛⲁⲓ̈"/>
		<feat xlink:href="#sSpan913" value="·"/>
		<feat xlink:href="#sSpan917" value="ⲙⲛⲛⲉⲓ̈ⲕⲟⲟⲩⲉ"/>
		<feat xlink:href="#sSpan927" value="·"/>
		<feat xlink:href="#sSpan933" value="ⲙⲏ"/>
		<feat xlink:href="#sSpan941" value="ⲙⲡⲉⲟⲩⲇⲟⲩⲝ"/>
		<feat xlink:href="#sSpan953" value="ⲅⲉⲛⲏⲥⲉⲛ"/>
		<feat xlink:href="#sSpan958" value="ⲟⲩⲇⲟⲩⲝ"/>
		<feat xlink:href="#sSpan966" value="ⲛϩⲉⲗⲗⲏⲛ"/>
		<feat xlink:href="#sSpan976" value="ⲇⲟⲗⲟⲙⲁ"/>
		<feat xlink:href="#sSpan981" value="ⲉϫⲟⲟⲥ"/>
		<feat xlink:href="#sSpan989" value="·"/>
		<feat xlink:href="#sSpan993" value="ϩⲙⲡⲧⲣⲉϥⲉⲓ̈"/>
		<feat xlink:href="#sSpan1008" value="ⲉⲡⲉⲓ̈ⲙⲁ"/>
		<feat xlink:href="#sSpan1018" value="·"/>
		<feat xlink:href="#sSpan1022" value="ϫⲉⲁⲓ̈ⲣⲙⲟⲓ̈ϩⲉ"/>
		<feat xlink:href="#sSpan1035" value="ⲣⲱ"/>
		<feat xlink:href="#sSpan1039" value="ϫⲉⲕⲣⲟⲟⲩⲧ"/>
		<feat xlink:href="#sSpan1048" value="ⲁⲓϫⲟⲟⲥ"/>
		<feat xlink:href="#sSpan1061" value="ⲛⲁϥ"/>
		<feat xlink:href="#sSpan1067" value="ⲛⲧⲉⲓϩⲉ"/>
		<feat xlink:href="#sSpan1076" value="·"/>
		<feat xlink:href="#sSpan1080" value="ϫⲉⲉⲧⲃⲉⲟⲩ"/>
		<feat xlink:href="#sSpan1089" value="ⲛⲉϥⲛⲁⲟⲩⲣⲟⲧ"/>
		<feat xlink:href="#sSpan1101" value="ⲁⲛ"/>
		<feat xlink:href="#sSpan1106" value="ⲛϭⲉⲓ̈ⲡⲉⲧⲉⲙⲛⲛⲟⲩⲧⲉ"/>
		<feat xlink:href="#sSpan1121" value="ϣⲟⲟⲡ"/>
		<feat xlink:href="#sSpan1125" value="ⲛⲥⲁⲓ︤ⲥ︥"/>
		<feat xlink:href="#sSpan1134" value="·"/>
		<feat xlink:href="#sSpan1139" value="ⲙⲏ"/>
		<feat xlink:href="#sSpan1145" value="ⲉⲛⲟⲩⲱϣⲧ"/>
		<feat xlink:href="#sSpan1154" value="ⲙⲙⲟⲩⲛⲅ"/>
		<feat xlink:href="#sSpan1161" value="ⲛϭⲓϫ"/>
		<feat xlink:href="#sSpan1169" value="ⲛⲉⲓ̈ⲇⲱⲗⲟⲛ"/>
		<feat xlink:href="#sSpan1178" value="ⲛⲇⲁⲓ̈ⲙⲟⲛⲉⲓ̈ⲟⲛ"/>
		<feat xlink:href="#sSpan1187" value="·"/>
		<feat xlink:href="#sSpan1191" value="ⲛ̄ⲑⲉ"/>
		<feat xlink:href="#sSpan1201" value="ⲛⲧⲁⲛⲉⲡⲣⲟⲫⲏⲧⲏⲥ"/>
		<feat xlink:href="#sSpan1215" value="ϫⲟⲟⲥ"/>
		<feat xlink:href="#sSpan1221" value="ⲉⲧⲃⲏⲏⲧⲟⲩ"/>
		<feat xlink:href="#sSpan1228" value="·"/>
		<feat xlink:href="#sSpan1232" value="ϫⲉⲙⲛⲣⲁϣⲉ"/>
		<feat xlink:href="#sSpan1242" value="ϣⲟⲟⲡ"/>
		<feat xlink:href="#sSpan1246" value="ⲛⲛⲁⲥⲉⲃⲏⲥ"/>
		<feat xlink:href="#sSpan1257" value="ⲡⲉϫⲉⲡϫⲟⲉⲓⲥ"/>
		<feat xlink:href="#sSpan1267" value="ⲡⲛⲟⲩⲧⲉ"/>
		<feat xlink:href="#sSpan1274" value="·"/>
		<feat xlink:href="#sSpan1280" value="ⲡⲗⲏⲛ"/>
		<feat xlink:href="#sSpan1288" value="ⲟⲩⲟⲓ̈"/>
		<feat xlink:href="#sSpan1292" value="ⲛⲉ"/>
		<feat xlink:href="#sSpan1296" value="ⲟⲩⲟⲓ̈"/>
		<feat xlink:href="#sSpan1301" value="ⲛⲉ"/>
		<feat xlink:href="#sSpan1305" value="ⲧⲥⲩⲛⲁⲅⲱⲅⲏ"/>
		<feat xlink:href="#sSpan1313" value="ⲙⲙⲁⲥⲉ"/>
		<feat xlink:href="#sSpan1319" value="ϩⲉⲓ̈ⲟⲩϩⲟⲟⲣ"/>
		<feat xlink:href="#sSpan1326" value="·"/>
		<feat xlink:href="#sSpan1330" value="ϩⲉⲓ̈ⲑⲏⲣⲓ̈ⲟⲛ"/>
		<feat xlink:href="#sSpan1338" value="ⲛⲓ̈ⲙ"/>
		<feat xlink:href="#sSpan1342" value="ⲡⲥⲱⲛⲧ"/>
		<feat xlink:href="#sSpan1349" value="ⲉⲧⲉⲙⲡⲉⲡϭⲱⲛⲧ"/>
		<feat xlink:href="#sSpan1361" value="ⲙⲡⲛⲟⲩⲧⲉ"/>
		<feat xlink:href="#sSpan1371" value="ⲥⲁϩⲱϥ"/>
		<feat xlink:href="#sSpan1378" value="ⲃⲟⲗ"/>
		<feat xlink:href="#sSpan1384" value="ⲙⲙⲟϥ"/>
		<feat xlink:href="#sSpan1390" value="ϣⲁϩⲣⲁⲓ̈"/>
		<feat xlink:href="#sSpan1399" value="ⲉⲡⲟⲟⲩ"/>
		<feat xlink:href="#sSpan1405" value="·"/>
		<feat xlink:href="#sSpan1409" value="ⲁⲩⲱ"/>
		<feat xlink:href="#sSpan1413" value="ϣⲁⲧⲥⲩⲛⲧⲉⲗⲓ̈ⲁ"/>
		<feat xlink:href="#sSpan1425" value="ϫⲉⲟⲩⲥⲏⲛⲁⲅⲱⲅⲏ"/>
		<feat xlink:href="#sSpan1437" value="ⲇⲉ"/>
		<feat xlink:href="#sSpan1441" value="ⲙⲡⲟⲛⲏⲣⲟⲛ"/>
		<feat xlink:href="#sSpan1449" value="·"/>
		<feat xlink:href="#sSpan1454" value="ⲟⲩⲥⲩⲛⲁⲅⲱⲅⲏ"/>
		<feat xlink:href="#sSpan1466" value="ⲇⲉ"/>
		<feat xlink:href="#sSpan1470" value="ⲙⲙⲁⲥⲉ"/>
		<feat xlink:href="#sSpan1478" value="ϩⲉⲓ̈ⲟⲩϩⲟⲟⲣ"/>
		<feat xlink:href="#sSpan1485" value="ⲁⲥⲕⲱⲧⲉ"/>
		<feat xlink:href="#sSpan1494" value="ⲉⲣⲟⲓ̈"/>
		<feat xlink:href="#sSpan1500" value="ⲁⲩⲱ"/>
		<feat xlink:href="#sSpan1505" value="ϫⲉⲁⲥⲁⲙⲁϩⲧⲉ"/>
		<feat xlink:href="#sSpan1516" value="ⲙⲙⲟⲓ̈"/>
		<feat xlink:href="#sSpan1522" value="·"/>
		<feat xlink:href="#sSpan1527" value="ⲧⲁⲧϣⲉⲡϩⲙⲟⲧ"/>
		<feat xlink:href="#sSpan1540" value="ⲧⲉⲧϩⲏⲡ"/>
		<feat xlink:href="#sSpan1549" value="ⲁⲛ"/>
		<feat xlink:href="#sSpan1553" value="ⲉⲓ︤ⲥ︥"/>
		<feat xlink:href="#sSpan1562" value="·"/>
		<feat xlink:href="#sSpan1567" value="ⲟⲩⲇⲉ"/>
		<feat xlink:href="#sSpan1571" value="ⲛⲉϥⲟⲃϣ"/>
		<feat xlink:href="#sSpan1580" value="ⲁⲛ"/>
		<feat xlink:href="#sSpan1584" value="ⲉⲣⲟⲥ"/>
		<feat xlink:href="#sSpan1590" value="·"/>
		<feat xlink:href="#sSpan1594" value="ϫⲉⲥⲉⲥⲱϣ"/>
		<feat xlink:href="#sSpan1603" value="ⲙⲙⲟϥ"/>
		<feat xlink:href="#sSpan1609" value="·"/>
		<feat xlink:href="#sSpan1613" value="ⲙ︤ⲛ︥ⲛⲉϥⲡⲉⲧⲟⲩⲁⲁⲃ"/>
		<feat xlink:href="#sSpan1627" value="ϩⲣⲁⲓ̈"/>
		<feat xlink:href="#sSpan1632" value="ⲛϩⲏⲧⲉ"/>
		<feat xlink:href="#sSpan1638" value="·"/>
		<feat xlink:href="#sSpan1643" value="ⲏ"/>
		<feat xlink:href="#sSpan1647" value="ⲉⲃⲟⲗ"/>
		<feat xlink:href="#sSpan1653" value="ϩⲉⲓ̈ⲧⲟⲟⲧⲟⲩ"/>
		<feat xlink:href="#sSpan1659" value="·"/>
		<feat xlink:href="#sSpan1664" value="ⲁⲩⲟⲩⲱ"/>
		<feat xlink:href="#sSpan1676" value="ⲅⲁⲣ"/>
		<feat xlink:href="#sSpan1680" value="ⲉⲩϩⲉⲣⲙⲉⲛⲉⲩⲉ"/>
		<feat xlink:href="#sSpan1690" value="ⲙⲡⲟⲩⲣⲁⲛ"/>
		<feat xlink:href="#sSpan1700" value="ϫⲉⲧⲉⲧⲙⲉϩ"/>
		<feat xlink:href="#sSpan1712" value="ⲛⲇⲁⲓ̈ⲙⲟⲛⲉⲓ̈ⲟⲛ"/>
		<feat xlink:href="#sSpan1721" value="ⲧⲉⲛⲧⲁⲡ︤ⲛ︦ⲁ︥"/>
		<feat xlink:href="#sSpan1734" value="ⲛⲓ̈ⲙ"/>
		<feat xlink:href="#sSpan1739" value="ⲙⲡⲟⲛⲏⲣⲟⲛ"/>
		<feat xlink:href="#sSpan1746" value="ϭⲟⲓ̈ⲗⲉ"/>
		<feat xlink:href="#sSpan1752" value="ⲉⲣⲟⲥ"/>
		<feat xlink:href="#sSpan1758" value="·"/>
		<feat xlink:href="#sSpan1762" value="ⲉⲧⲣⲉⲩϫⲱⲕ"/>
		<feat xlink:href="#sSpan1773" value="ⲉⲃⲟⲗ"/>
		<feat xlink:href="#sSpan1777" value="ⲛⲛⲉⲩⲉⲡⲉⲓ̈ⲑⲩⲙⲉⲓ̈ⲁ"/>
		<feat xlink:href="#sSpan1788" value="ⲛ︤ⲙ︥ⲙⲁⲥ"/>
		<feat xlink:href="#sSpan1795" value="·"/>
		<feat xlink:href="#sSpan1799" value="ⲁⲩⲱ"/>
		<feat xlink:href="#sSpan1803" value="ⲛⲟⲩⲥ"/>
		<feat xlink:href="#sSpan1807" value="ⲛⲙⲙⲁⲩ"/>
		<feat xlink:href="#sSpan1814" value="·"/>
		<feat xlink:href="#sSpan1818" value="ⲧⲕⲟⲓ̈ⲛⲱⲛⲟⲥ"/>
		<feat xlink:href="#sSpan1827" value="ⲛⲛⲉⲧϫⲓ̈ⲟⲩⲁ"/>
		<feat xlink:href="#sSpan1841" value="ⲉⲡⲛⲟⲩⲧⲉ"/>
		<feat xlink:href="#sSpan1850" value="ⲉⲣⲉⲣⲟⲩ"/>
		<feat xlink:href="#sSpan1863" value="ϩⲙⲡⲉϩⲟⲟⲩ"/>
		<feat xlink:href="#sSpan1872" value="ⲙⲡⲟⲩϫⲡⲉⲓ̈ⲟ"/>
		<feat xlink:href="#sSpan1882" value="·"/>
		<feat xlink:href="#sSpan1887" value="ⲏ"/>
		<feat xlink:href="#sSpan1896" value="ⲣⲁⲥⲱⲃⲉ"/>
		<feat xlink:href="#sSpan1901" value="ⲙⲛⲛⲉⲧⲥⲱⲃⲉ"/>
		<feat xlink:href="#sSpan1913" value="ⲛⲥⲱ"/>
		<feat xlink:href="#sSpan1917" value="·"/>
		<feat xlink:href="#sSpan1921" value="ϫⲉⲥⲉⲥⲱϣ"/>
		<feat xlink:href="#sSpan1932" value="ⲙⲡⲛⲟⲩⲧⲉ"/>
		<feat xlink:href="#sSpan1941" value="ⲁⲩⲱ"/>
		<feat xlink:href="#sSpan1946" value="ⲥⲉϩⲟⲟⲩϣ"/>
		<feat xlink:href="#sSpan1952" value="ⲉⲛⲉϥⲡⲉⲧⲟⲩⲁⲁⲃ"/>
		<feat xlink:href="#sSpan1965" value="ⲉ̄ⲣⲉⲥⲱⲧ︤ⲙ︥"/>
		<feat xlink:href="#sSpan1973" value="·"/>
		<feat xlink:href="#sSpan1977" value="ⲉⲩϫⲉⲙⲛⲧⲣϩⲟⲩⲟ"/>
		<feat xlink:href="#sSpan1995" value="ⲅⲁⲣ"/>
		<feat xlink:href="#sSpan2000" value="ⲁⲛ"/>
		<feat xlink:href="#sSpan2004" value="ⲉⲡⲛⲟⲩⲧⲉ"/>
		<feat xlink:href="#sSpan2013" value="ⲁⲩⲱ"/>
		<feat xlink:href="#sSpan2018" value="ⲛⲉϥⲣⲱⲙⲉ"/>
		<feat xlink:href="#sSpan2026" value="ϩⲛⲛⲇⲁⲓ̈ⲙⲉⲓ̈ⲟⲛ"/>
		<feat xlink:href="#sSpan2038" value="·"/>
		<feat xlink:href="#sSpan2043" value="ⲁⲗⲗⲁ"/>
		<feat xlink:href="#sSpan2047" value="ϩⲛⲛⲁⲅⲱⲣⲁ"/>
		<feat xlink:href="#sSpan2058" value="·"/>
		<feat xlink:href="#sSpan2062" value="ⲁⲩⲱ"/>
		<feat xlink:href="#sSpan2066" value="ϩⲛϩⲉⲛⲡⲗⲁⲧⲓ̈ⲁ"/>
		<feat xlink:href="#sSpan2078" value="ⲉⲛⲁϣⲉⲛⲉⲧⲥⲱⲧⲙ"/>
		<feat xlink:href="#sSpan2093" value="·"/>
		<feat xlink:href="#sSpan2097" value="ⲁⲛⲟⲕ"/>
		<feat xlink:href="#sSpan2104" value="ϩⲱ"/>
		<feat xlink:href="#sSpan2109" value="ϯϫⲱ"/>
		<feat xlink:href="#sSpan2115" value="ⲙⲙⲟⲥ"/>
		<feat xlink:href="#sSpan2121" value="·"/>
		<feat xlink:href="#sSpan2126" value="ⲛⲏⲧⲛ"/>
		<feat xlink:href="#sSpan2137" value="ⲡⲁⲣⲣⲏⲥⲓ̈ⲁ"/>
		<feat xlink:href="#sSpan2142" value="·"/>
		<feat xlink:href="#sSpan2146" value="ϩⲛⲧⲙⲏⲏⲧⲉ"/>
		<feat xlink:href="#sSpan2156" value="ⲙ̄ⲡⲉⲓ̈ⲙⲏⲏϣⲉ"/>
		<feat xlink:href="#sSpan2166" value="ⲉⲧⲣⲉⲩⲥⲱⲧⲙ"/>
		<feat xlink:href="#sSpan2178" value="ⲛⲥⲁϫⲱⲟⲩ"/>
		<feat xlink:href="#sSpan2185" value="ⲛⲛⲧⲟϣ"/>
		<feat xlink:href="#sSpan2195" value="ⲙⲛⲡⲕⲁϩ"/>
		<feat xlink:href="#sSpan2205" value="ⲧⲏⲣϥ"/>
		<feat xlink:href="#sSpan2211" value="·"/>
		<feat xlink:href="#sSpan2216" value="ϫⲉⲥⲉⲥϩⲟⲩⲟⲣⲧ"/>
		<feat xlink:href="#sSpan2227" value="ⲛϭⲉⲓ̈ⲛⲉⲧϫⲱ"/>
		<feat xlink:href="#sSpan2239" value="ⲙⲙⲟⲥ"/>
		<feat xlink:href="#sSpan2245" value="ϫⲉⲛⲉϣⲁⲩⲥ̄ⳁⲟ︤ⲩ︥"/>
		<feat xlink:href="#sSpan2259" value="ⲛⲛⲟⲩⲧⲉ"/>
		<feat xlink:href="#sSpan2267" value="·"/>
		<feat xlink:href="#sSpan2272" value="ⲏ"/>
		<feat xlink:href="#sSpan2276" value="ϫⲉϣⲁⲣⲉⲛⲟⲩⲧⲉ"/>
		<feat xlink:href="#sSpan2286" value="ⲙⲟⲩ"/>
		<feat xlink:href="#sSpan2290" value="·"/>
		<feat xlink:href="#sSpan2295" value="ⲥⲉⲥϩⲟⲩⲟⲣⲧ"/>
		<feat xlink:href="#sSpan2304" value="ⲛϭⲉⲓ̈ⲛⲉⲧϫⲱ"/>
		<feat xlink:href="#sSpan2316" value="ⲙⲙⲟⲥ"/>
		<feat xlink:href="#sSpan2323" value="ϫⲉⲉϣϫⲉⲟⲩⲛⲟⲩⲧⲉ"/>
		<feat xlink:href="#sSpan2335" value="ⲡⲉ"/>
		<feat xlink:href="#sSpan2340" value="ⲡⲛⲟⲩⲧⲉ"/>
		<feat xlink:href="#sSpan2346" value="·"/>
		<feat xlink:href="#sSpan2350" value="ⲁϩⲣⲟϥ"/>
		<feat xlink:href="#sSpan2357" value="ⲙⲡⲉϥⲉⲓ̈ⲙⲉ"/>
		<feat xlink:href="#sSpan2366" value="ϫⲉⲉⲛⲧⲁⲡⲇⲓ̈ⲁⲃⲟⲗⲟⲥ"/>
		<feat xlink:href="#sSpan2381" value="ⲉⲓ̈"/>
		<feat xlink:href="#sSpan2385" value="ⲧⲱⲛ"/>
		<feat xlink:href="#sSpan2389" value="·"/>
		<feat xlink:href="#sSpan2394" value="ⲛ̄ⲧⲁⲩϫⲉⲡⲁⲓ̈"/>
		<feat xlink:href="#sSpan2410" value="ⲉⲃⲟⲗ"/>
		<feat xlink:href="#sSpan2415" value="ϫⲉⲁⲩⲥⲱⲧ︤ⲙ︥"/>
		<feat xlink:href="#sSpan2426" value="ϩⲛⲉⲓ̈ⲱⲃ"/>
		<feat xlink:href="#sSpan2435" value="ⲡⲣⲣⲟ"/>
		<feat xlink:href="#sSpan2442" value="ⲡⲛⲟⲩⲧⲉ"/>
		<feat xlink:href="#sSpan2449" value="ⲡⲡⲁⲛⲧⲱⲕⲣⲁⲧⲱⲣ"/>
		<feat xlink:href="#sSpan2457" value="·"/>
		<feat xlink:href="#sSpan2462" value="ⲉϥϫⲛⲟⲩ"/>
		<feat xlink:href="#sSpan2471" value="ⲛ̄ⲡⲇⲁⲓ̈ⲙⲱⲛ"/>
		<feat xlink:href="#sSpan2483" value="ⲉⲧⲙⲙⲁⲩ"/>
		<feat xlink:href="#sSpan2489" value="ϫⲉⲛⲧⲁⲕ"/>
		<feat xlink:href="#sSpan2500" value="ⲉⲓ̈"/>
		<feat xlink:href="#sSpan2504" value="ⲧⲱⲛ"/>
		<feat xlink:href="#sSpan2508" value="ⲙⲡⲟⲩⲉⲓ̈ⲙⲉ"/>
		<feat xlink:href="#sSpan2519" value="ⲉⲡⲛⲟⲩⲥ"/>
		<feat xlink:href="#sSpan2530" value="ⲛⲛⲉⲧⲟⲩⲥⲱⲧ︤ⲙ︥"/>
		<feat xlink:href="#sSpan2544" value="ⲉⲣⲟⲟⲩ"/>
		<feat xlink:href="#sSpan2550" value="·"/>
		<feat xlink:href="#sSpan2554" value="ϫⲉϩⲁⲡ"/>
		<feat xlink:href="#sSpan2562" value="ⲛⲥⲟⲡ"/>
		<feat xlink:href="#sSpan2568" value="ⲁⲡⲛⲟⲩⲧⲉ"/>
		<feat xlink:href="#sSpan2578" value="ϣⲁϫⲉ"/>
		<feat xlink:href="#sSpan2583" value="ϩⲛⲛⲉⲅⲣⲁⲫⲏ"/>
		<feat xlink:href="#sSpan2595" value="ⲉⲛⲉⲛⲧⲁⲩⲉⲓ̈ⲙⲉ"/>
		<feat xlink:href="#sSpan2614" value="ⲅⲁⲣ"/>
		<feat xlink:href="#sSpan2619" value="ⲛϭⲉⲓ̈ⲛⲁⲧⲛⲟⲩⲧⲉ"/>
		<feat xlink:href="#sSpan2631" value="ⲉⲧⲙⲙⲁⲩ"/>
		<feat xlink:href="#sSpan2638" value="·"/>
		<feat xlink:href="#sSpan2642" value="ⲛⲉⲩⲛⲟⲓ̈"/>
		<feat xlink:href="#sSpan2651" value="ⲁⲛ"/>
		<feat xlink:href="#sSpan2656" value="ⲡⲉ"/>
		<feat xlink:href="#sSpan2660" value="ϫⲉⲧⲥⲩⲛⲏⲑⲓ̈ⲁ"/>
		<feat xlink:href="#sSpan2671" value="ⲛⲛ̄ⲣⲱⲙⲉ"/>
		<feat xlink:href="#sSpan2681" value="ⲡⲉ"/>
		<feat xlink:href="#sSpan2687" value="ⲁⲡⲉⲓ̈ⲗⲏ"/>
		<feat xlink:href="#sSpan2691" value="ⲉϩⲉⲛϩⲉⲙϩⲁⲗ"/>
		<feat xlink:href="#sSpan2701" value="⟦..⟧ϩⲟⲟⲩ"/>
		<feat xlink:href="#sSpan2706" value="⟦..⟧"/>
		<feat xlink:href="#sSpan2710" value="·"/>
		<feat xlink:href="#sSpan2714" value="ⲁⲩⲱ"/>
		<feat xlink:href="#sSpan2718" value="ⲉϫⲟⲟⲥ"/>
		<feat xlink:href="#sSpan2727" value="ϫⲉⲉⲕⲛⲏⲩ"/>
		<feat xlink:href="#sSpan2737" value="ⲧⲱⲛ"/>
		<feat xlink:href="#sSpan2742" value="·"/>
		<feat xlink:href="#sSpan2747" value="ⲕⲁⲛ"/>
		<feat xlink:href="#sSpan2751" value="ⲉⲩⲥⲟⲟⲩⲛ"/>
		<feat xlink:href="#sSpan2760" value="·"/>
		<feat xlink:href="#sSpan2765" value="ⲕⲁⲧⲁⲑⲉ"/>
		<feat xlink:href="#sSpan2776" value="ⲛⲧⲁⲉⲗⲓⲥⲉⲓ̈ⲟⲥ"/>
		<feat xlink:href="#sSpan2786" value="ϫⲛⲉⲅⲉⲉⲓ̈ⲥⲉⲓ̈"/>
		<feat xlink:href="#sSpan2795" value="·"/>
		<feat xlink:href="#sSpan2799" value="ⲉϥⲥⲟⲟⲩⲛ"/>
		<feat xlink:href="#sSpan2808" value="ϫⲉⲛⲧⲁϥⲉⲓ̈"/>
		<feat xlink:href="#sSpan2824" value="ⲧⲱⲛ"/>
		<feat xlink:href="#sSpan2828" value="·"/>
		<feat xlink:href="#sSpan2832" value="ⲁⲩⲱ"/>
		<feat xlink:href="#sSpan2836" value="ϫⲉⲟⲩ"/>
		<feat xlink:href="#sSpan2843" value="ⲡⲉⲛⲧⲁϥⲁⲁϥ"/>
		<feat xlink:href="#sSpan2858" value="·"/>
		<feat xlink:href="#sSpan2863" value="ⲧⲁⲓ̈"/>
		<feat xlink:href="#sSpan2867" value="ⲧⲉ"/>
		<feat xlink:href="#sSpan2872" value="ⲑⲉ"/>
		<feat xlink:href="#sSpan2879" value="ⲛⲧⲁⲡϫⲟⲉⲓ̈ⲥ"/>
		<feat xlink:href="#sSpan2891" value="ϫⲛⲉⲡⲇⲉⲓ̈ⲁⲃⲟⲗⲟⲥ"/>
		<feat xlink:href="#sSpan2902" value="·"/>
		<feat xlink:href="#sSpan2906" value="ϩⲛⲟⲩⲁⲡⲉⲓ̈ⲗⲏ"/>
		<feat xlink:href="#sSpan2917" value="·"/>
		<feat xlink:href="#sSpan2921" value="ϫⲉⲉⲕⲛⲏⲩ"/>
		<feat xlink:href="#sSpan2933" value="ⲧⲱⲛ"/>
		<feat xlink:href="#sSpan2938" value="ⲡⲣⲉϥⲧⲁⲕⲟ"/>
		<feat xlink:href="#sSpan2948" value="·"/>
		<feat xlink:href="#sSpan2952" value="ⲡⲣⲉϥϫⲉⲓ̈ϭⲟⲗ"/>
		<feat xlink:href="#sSpan2962" value="·"/>
		<feat xlink:href="#sSpan2966" value="ⲡⲉⲧϣⲟⲩϣⲟⲩ"/>
		<feat xlink:href="#sSpan2975" value="ⲙⲙⲟϥ"/>
		<feat xlink:href="#sSpan2981" value="ⲉϫⲛⲛⲣⲱⲙⲉ"/>
		<feat xlink:href="#sSpan2991" value="ⲉⲧϭⲟⲟⲙⲉ"/>
		<feat xlink:href="#sSpan2998" value="·"/>
		<feat xlink:href="#sSpan3002" value="ⲁⲕϯϩⲧⲏⲕ"/>
		<feat xlink:href="#sSpan3016" value="ϭⲉ"/>
		<feat xlink:href="#sSpan3022" value="ⲡϭⲱⲃ"/>
		<feat xlink:href="#sSpan3028" value="ⲉⲡⲁϩⲙϩⲁⲗ"/>
		<feat xlink:href="#sSpan3039" value="ⲓ̈ⲱⲃ"/>
		<feat xlink:href="#sSpan3043" value="·"/>
		<feat xlink:href="#sSpan3047" value="ϫⲉⲙⲛⲣⲱⲙⲉ"/>
		<feat xlink:href="#sSpan3057" value="ⲉϥⲧⲛⲧⲱⲛ"/>
		<feat xlink:href="#sSpan3066" value="ⲉⲣⲟϥ"/>
		<feat xlink:href="#sSpan3072" value="·"/>
		<feat xlink:href="#sSpan3076" value="ⲉϣϫⲉⲕⲟⲩⲱϣ"/>
		<feat xlink:href="#sSpan3087" value="ⲉⲙⲉⲓ̈ϣⲉ"/>
		<feat xlink:href="#sSpan3095" value="ϯⲡⲉⲕⲟⲩⲟⲓ̈"/>
		<feat xlink:href="#sSpan3105" value="ⲉⲡⲁⲓ̈"/>
		<feat xlink:href="#sSpan3112" value="·"/>
		<feat xlink:href="#sSpan3116" value="ⲛⲧⲁⲓ̈ⲁⲛⲉⲭⲉ"/>
		<feat xlink:href="#sSpan3131" value="ⲅⲁⲣ"/>
		<feat xlink:href="#sSpan3135" value="ⲙⲙⲟⲕ"/>
		<feat xlink:href="#sSpan3143" value="ⲡⲇⲁⲓ̈ⲙⲱⲛ"/>
		<feat xlink:href="#sSpan3151" value="ⲉⲩⲇⲟⲕⲉⲓ̈ⲙⲏ"/>
		<feat xlink:href="#sSpan3162" value="ⲛⲛⲁⲥⲱⲧⲡ"/>
		<feat xlink:href="#sSpan3171" value="ⲉⲧⲣⲉⲩⲥⲱⲃⲉ"/>
		<feat xlink:href="#sSpan3183" value="ⲙⲙⲟⲕ"/>
		<feat xlink:href="#sSpan3190" value="ϩⲉⲓⲧⲛⲛⲉⲧⲉⲕϫⲓ̈ϣⲓ̈ⲡⲉ"/>
		<feat xlink:href="#sSpan3206" value="ⲉⲃⲟⲗ"/>
		<feat xlink:href="#sSpan3211" value="ϩⲉⲓ̈ⲧⲟⲟⲧⲟⲩ"/>
		<feat xlink:href="#sSpan3218" value="ⲧⲏⲣⲟⲩ"/>
		<feat xlink:href="#sSpan3224" value="·"/>
		<feat xlink:href="#sSpan3228" value="ϩⲙⲡⲧⲣⲉⲩϫⲣⲟ"/>
		<feat xlink:href="#sSpan3242" value="ⲉⲣⲟⲕ"/>
		<feat xlink:href="#sSpan3249" value="·"/>
		<feat xlink:href="#sSpan3253" value="ⲡⲁⲅⲅⲉⲗⲟⲥ"/>
		<feat xlink:href="#sSpan3261" value="ⲉⲧⲟⲩⲙⲟⲩⲟⲩⲧ"/>
		<feat xlink:href="#sSpan3270" value="ⲙⲙⲟϥ"/>
		<feat xlink:href="#sSpan3278" value="ⲡⲙⲟⲩⲓ̈"/>
		<feat xlink:href="#sSpan3285" value="ⲁⲩⲱ"/>
		<feat xlink:href="#sSpan3289" value="ⲡⲉⲇⲣⲁⲕⲱⲛ"/>
		<feat xlink:href="#sSpan3297" value="ⲉⲧⲟⲩϩⲱⲙ"/>
		<feat xlink:href="#sSpan3306" value="ⲉϫⲱϥ"/>
		<feat xlink:href="#sSpan3312" value="ϩⲉⲓ̈ⲧⲛⲛⲉⲧⲁⲓ̈ϯ"/>
		<feat xlink:href="#sSpan3329" value="ⲉⲧⲣⲁⲙⲟⲣⲟⲩ"/>
		<feat xlink:href="#sSpan3342" value="ⲛⲟⲩϭⲟⲙ"/>
		<feat xlink:href="#sSpan3352" value="·"/>
		<feat xlink:href="#sSpan3356" value="ⲁⲩⲱ"/>
		<feat xlink:href="#sSpan3360" value="ⲉⲧⲣⲁⲙⲟⲣⲟⲩ"/>
		<feat xlink:href="#sSpan3373" value="ⲉⲛⲟⲩⲙⲛⲧϫⲱⲱⲣⲉ"/>
		<feat xlink:href="#sSpan3385" value="·"/>
		<feat xlink:href="#sSpan3389" value="ⲉϯⲟⲩⲃⲉ"/>
		<feat xlink:href="#sSpan3396" value="ⲉⲛⲉⲕⲙⲉⲛⲧⲁⲥⲉⲃⲏⲥ"/>
		<feat xlink:href="#sSpan3409" value="·"/>
		<feat xlink:href="#sSpan3414" value="ⲥⲉⲥϩⲟⲩⲟⲣⲧ"/>
		<feat xlink:href="#sSpan3424" value="ⲛϭⲉⲓⲛⲉⲧϫⲱ"/>
		<feat xlink:href="#sSpan3436" value="ⲙⲙⲟⲥ"/>
		<feat xlink:href="#sSpan3442" value="ϫⲉⲉϣϫⲉⲟⲩⲛⲟⲩⲧⲉ"/>
		<feat xlink:href="#sSpan3454" value="ⲡⲉ"/>
		<feat xlink:href="#sSpan3458" value="·"/>
		<feat xlink:href="#sSpan3462" value="ϫⲉⲉⲧⲃⲉⲟⲩ"/>
		<feat xlink:href="#sSpan3472" value="ⲙⲡⲉϥⲉⲓ̈ⲙⲉ"/>
		<feat xlink:href="#sSpan3481" value="ϫⲉⲉⲣⲉⲁⲇⲁⲙ"/>
		<feat xlink:href="#sSpan3492" value="ⲧⲱⲛ"/></featList></paula>