<?xml version='1.0' encoding='UTF-8'?><!DOCTYPE paula SYSTEM "paula_feat.dtd">
<paula version="1.1">
	<header paula_id="scriptorium.shenoute.those.GF263-267.mark_entity"/>
	<featList xmlns:xlink="http://www.w3.org/1999/xlink" type="entity" xml:base="scriptorium.shenoute.those.GF263-267.mark.xml">
		<feat xlink:href="#sSpan7" value="event"/>
		<feat xlink:href="#sSpan25" value="abstract"/>
		<feat xlink:href="#sSpan35" value="animal"/>
		<feat xlink:href="#sSpan91" value="person"/>
		<feat xlink:href="#sSpan100" value="abstract"/>
		<feat xlink:href="#sSpan116" value="abstract"/>
		<feat xlink:href="#sSpan130" value="abstract"/>
		<feat xlink:href="#sSpan151" value="abstract"/>
		<feat xlink:href="#sSpan160" value="abstract"/>
		<feat xlink:href="#sSpan206" value="person"/>
		<feat xlink:href="#sSpan213" value="person"/>
		<feat xlink:href="#sSpan228" value="person"/>
		<feat xlink:href="#sSpan239" value="person"/>
		<feat xlink:href="#sSpan249" value="abstract"/>
		<feat xlink:href="#sSpan257" value="abstract"/>
		<feat xlink:href="#sSpan285" value="object"/>
		<feat xlink:href="#sSpan331" value="person"/>
		<feat xlink:href="#sSpan336" value="person"/>
		<feat xlink:href="#sSpan358" value="place"/>
		<feat xlink:href="#sSpan368" value="person"/>
		<feat xlink:href="#sSpan381" value="abstract"/>
		<feat xlink:href="#sSpan392" value="time"/>
		<feat xlink:href="#sSpan425" value="person"/>
		<feat xlink:href="#sSpan433" value="abstract"/>
		<feat xlink:href="#sSpan448" value="person"/>
		<feat xlink:href="#sSpan497" value="person"/>
		<feat xlink:href="#sSpan515" value="person"/>
		<feat xlink:href="#sSpan549" value="abstract"/>
		<feat xlink:href="#sSpan558" value="time"/>
		<feat xlink:href="#sSpan583" value="abstract"/>
		<feat xlink:href="#sSpan593" value="person"/>
		<feat xlink:href="#sSpan628" value="abstract"/>
		<feat xlink:href="#sSpan638" value="person"/>
		<feat xlink:href="#sSpan675" value="time"/>
		<feat xlink:href="#sSpan699" value="abstract"/>
		<feat xlink:href="#sSpan710" value="person"/>
		<feat xlink:href="#sSpan723" value="person"/>
		<feat xlink:href="#sSpan770" value="person"/>
		<feat xlink:href="#sSpan781" value="person"/>
		<feat xlink:href="#sSpan802" value="person"/>
		<feat xlink:href="#sSpan826" value="abstract"/>
		<feat xlink:href="#sSpan836" value="person"/>
		<feat xlink:href="#sSpan848" value="abstract"/>
		<feat xlink:href="#sSpan862" value="person"/>
		<feat xlink:href="#sSpan885" value="abstract"/>
		<feat xlink:href="#sSpan892" value="abstract"/>
		<feat xlink:href="#sSpan921" value="person"/>
		<feat xlink:href="#sSpan944" value="person"/>
		<feat xlink:href="#sSpan951" value="object"/>
		<feat xlink:href="#sSpan959" value="person"/>
		<feat xlink:href="#sSpan971" value="person"/>
		<feat xlink:href="#sSpan997" value="event"/>
		<feat xlink:href="#sSpan1011" value="place"/>
		<feat xlink:href="#sSpan1109" value="person"/>
		<feat xlink:href="#sSpan1116" value="person"/>
		<feat xlink:href="#sSpan1130" value="person"/>
		<feat xlink:href="#sSpan1157" value="object"/>
		<feat xlink:href="#sSpan1165" value="object"/>
		<feat xlink:href="#sSpan1173" value="object"/>
		<feat xlink:href="#sSpan1182" value="person"/>
		<feat xlink:href="#sSpan1207" value="person"/>
		<feat xlink:href="#sSpan1235" value="abstract"/>
		<feat xlink:href="#sSpan1249" value="person"/>
		<feat xlink:href="#sSpan1261" value="person"/>
		<feat xlink:href="#sSpan1355" value="abstract"/>
		<feat xlink:href="#sSpan1364" value="person"/>
		<feat xlink:href="#sSpan1379" value="place"/>
		<feat xlink:href="#sSpan1391" value="time"/>
		<feat xlink:href="#sSpan1417" value="time"/>
		<feat xlink:href="#sSpan1428" value="organization"/>
		<feat xlink:href="#sSpan1452" value="organization"/>
		<feat xlink:href="#sSpan1473" value="animal"/>
		<feat xlink:href="#sSpan1481" value="animal"/>
		<feat xlink:href="#sSpan1529" value="abstract"/>
		<feat xlink:href="#sSpan1557" value="person"/>
		<feat xlink:href="#sSpan1619" value="person"/>
		<feat xlink:href="#sSpan1693" value="abstract"/>
		<feat xlink:href="#sSpan1703" value="abstract"/>
		<feat xlink:href="#sSpan1716" value="person"/>
		<feat xlink:href="#sSpan1729" value="abstract"/>
		<feat xlink:href="#sSpan1780" value="abstract"/>
		<feat xlink:href="#sSpan1819" value="person"/>
		<feat xlink:href="#sSpan1830" value="person"/>
		<feat xlink:href="#sSpan1844" value="person"/>
		<feat xlink:href="#sSpan1866" value="time"/>
		<feat xlink:href="#sSpan1876" value="abstract"/>
		<feat xlink:href="#sSpan1894" value="abstract"/>
		<feat xlink:href="#sSpan1904" value="person"/>
		<feat xlink:href="#sSpan1935" value="person"/>
		<feat xlink:href="#sSpan1956" value="person"/>
		<feat xlink:href="#sSpan1988" value="abstract"/>
		<feat xlink:href="#sSpan2007" value="person"/>
		<feat xlink:href="#sSpan2019" value="person"/>
		<feat xlink:href="#sSpan2029" value="place"/>
		<feat xlink:href="#sSpan2050" value="place"/>
		<feat xlink:href="#sSpan2070" value="abstract"/>
		<feat xlink:href="#sSpan2083" value="person"/>
		<feat xlink:href="#sSpan2135" value="abstract"/>
		<feat xlink:href="#sSpan2149" value="place"/>
		<feat xlink:href="#sSpan2159" value="person"/>
		<feat xlink:href="#sSpan2181" value="abstract"/>
		<feat xlink:href="#sSpan2189" value="place"/>
		<feat xlink:href="#sSpan2198" value="place"/>
		<feat xlink:href="#sSpan2230" value="person"/>
		<feat xlink:href="#sSpan2263" value="person"/>
		<feat xlink:href="#sSpan2282" value="person"/>
		<feat xlink:href="#sSpan2307" value="person"/>
		<feat xlink:href="#sSpan2328" value="person"/>
		<feat xlink:href="#sSpan2338" value="person"/>
		<feat xlink:href="#sSpan2373" value="person"/>
		<feat xlink:href="#sSpan2406" value="abstract"/>
		<feat xlink:href="#sSpan2431" value="person"/>
		<feat xlink:href="#sSpan2436" value="person"/>
		<feat xlink:href="#sSpan2474" value="person"/>
		<feat xlink:href="#sSpan2523" value="abstract"/>
		<feat xlink:href="#sSpan2533" value="person"/>
		<feat xlink:href="#sSpan2557" value="time"/>
		<feat xlink:href="#sSpan2571" value="person"/>
		<feat xlink:href="#sSpan2586" value="abstract"/>
		<feat xlink:href="#sSpan2601" value="person"/>
		<feat xlink:href="#sSpan2625" value="person"/>
		<feat xlink:href="#sSpan2663" value="abstract"/>
		<feat xlink:href="#sSpan2674" value="person"/>
		<feat xlink:href="#sSpan2682" value="object"/>
		<feat xlink:href="#sSpan2695" value="person"/>
		<feat xlink:href="#sSpan2782" value="person"/>
		<feat xlink:href="#sSpan2791" value="person"/>
		<feat xlink:href="#sSpan2861" value="abstract"/>
		<feat xlink:href="#sSpan2884" value="person"/>
		<feat xlink:href="#sSpan2894" value="person"/>
		<feat xlink:href="#sSpan2909" value="object"/>
		<feat xlink:href="#sSpan2939" value="person"/>
		<feat xlink:href="#sSpan2985" value="person"/>
		<feat xlink:href="#sSpan3020" value="person"/>
		<feat xlink:href="#sSpan3031" value="person"/>
		<feat xlink:href="#sSpan3053" value="person"/>
		<feat xlink:href="#sSpan3091" value="abstract"/>
		<feat xlink:href="#sSpan3098" value="abstract"/>
		<feat xlink:href="#sSpan3108" value="abstract"/>
		<feat xlink:href="#sSpan3141" value="person"/>
		<feat xlink:href="#sSpan3154" value="abstract"/>
		<feat xlink:href="#sSpan3165" value="object"/>
		<feat xlink:href="#sSpan3193" value="person"/>
		<feat xlink:href="#sSpan3232" value="event"/>
		<feat xlink:href="#sSpan3254" value="person"/>
		<feat xlink:href="#sSpan3316" value="person"/>
		<feat xlink:href="#sSpan3345" value="abstract"/>
		<feat xlink:href="#sSpan3376" value="abstract"/>
		<feat xlink:href="#sSpan3399" value="abstract"/>
		<feat xlink:href="#sSpan3427" value="person"/>
		<feat xlink:href="#sSpan3448" value="person"/>
		<feat xlink:href="#sSpan3487" value="person"/></featList></paula>