<?xml version='1.0' encoding='UTF-8'?><!DOCTYPE paula SYSTEM "paula_feat.dtd">
<paula version="1.1">
	<header paula_id="scriptorium.shenoute.those.GF263-267.mark_pos"/>
	<featList xmlns:xlink="http://www.w3.org/1999/xlink" type="pos" xml:base="scriptorium.shenoute.those.GF263-267.mark.xml">
		<feat xlink:href="#sSpan2" value="ART"/>
		<feat xlink:href="#sSpan13" value="ACAUS"/>
		<feat xlink:href="#sSpan15" value="PPERS"/>
		<feat xlink:href="#sSpan17" value="V"/>
		<feat xlink:href="#sSpan19" value="PREP"/>
		<feat xlink:href="#sSpan23" value="ART"/>
		<feat xlink:href="#sSpan26" value="N"/>
		<feat xlink:href="#sSpan29" value="PREP"/>
		<feat xlink:href="#sSpan33" value="ART"/>
		<feat xlink:href="#sSpan36" value="N"/>
		<feat xlink:href="#sSpan39" value="PUNCT"/>
		<feat xlink:href="#sSpan44" value="CONJ"/>
		<feat xlink:href="#sSpan48" value="APST"/>
		<feat xlink:href="#sSpan52" value="PPERS"/>
		<feat xlink:href="#sSpan54" value="V"/>
		<feat xlink:href="#sSpan56" value="PREP"/>
		<feat xlink:href="#sSpan61" value="PPERO"/>
		<feat xlink:href="#sSpan63" value="PUNCT"/>
		<feat xlink:href="#sSpan69" value="CONJ"/>
		<feat xlink:href="#sSpan76" value="ANEGAOR"/>
		<feat xlink:href="#sSpan80" value="PPERS"/>
		<feat xlink:href="#sSpan82" value="V"/>
		<feat xlink:href="#sSpan84" value="PPERO"/>
		<feat xlink:href="#sSpan86" value="ART"/>
		<feat xlink:href="#sSpan92" value="N"/>
		<feat xlink:href="#sSpan94" value="PREP"/>
		<feat xlink:href="#sSpan98" value="PDEM"/>
		<feat xlink:href="#sSpan102" value="ADV"/>
		<feat xlink:href="#sSpan106" value="PUNCT"/>
		<feat xlink:href="#sSpan110" value="CREL"/>
		<feat xlink:href="#sSpan114" value="ART"/>
		<feat xlink:href="#sSpan118" value="N"/>
		<feat xlink:href="#sSpan120" value="COP"/>
		<feat xlink:href="#sSpan124" value="PREP"/>
		<feat xlink:href="#sSpan128" value="N"/>
		<feat xlink:href="#sSpan132" value="PREP"/>
		<feat xlink:href="#sSpan136" value="PPERO"/>
		<feat xlink:href="#sSpan138" value="PUNCT"/>
		<feat xlink:href="#sSpan142" value="CONJ"/>
		<feat xlink:href="#sSpan147" value="ART"/>
		<feat xlink:href="#sSpan153" value="N"/>
		<feat xlink:href="#sSpan156" value="ART"/>
		<feat xlink:href="#sSpan161" value="N"/>
		<feat xlink:href="#sSpan164" value="PINT"/>
		<feat xlink:href="#sSpan168" value="PUNCT"/>
		<feat xlink:href="#sSpan172" value="ART"/>
		<feat xlink:href="#sSpan177" value="N"/>
		<feat xlink:href="#sSpan180" value="PTC"/>
		<feat xlink:href="#sSpan184" value="CPRET"/>
		<feat xlink:href="#sSpan188" value="PPERS"/>
		<feat xlink:href="#sSpan190" value="V"/>
		<feat xlink:href="#sSpan193" value="PPERO"/>
		<feat xlink:href="#sSpan195" value="ADV"/>
		<feat xlink:href="#sSpan199" value="PREP"/>
		<feat xlink:href="#sSpan204" value="N"/>
		<feat xlink:href="#sSpan207" value="PREP"/>
		<feat xlink:href="#sSpan211" value="ART"/>
		<feat xlink:href="#sSpan215" value="N"/>
		<feat xlink:href="#sSpan217" value="PUNCT"/>
		<feat xlink:href="#sSpan221" value="PREP"/>
		<feat xlink:href="#sSpan226" value="ART"/>
		<feat xlink:href="#sSpan229" value="CREL"/>
		<feat xlink:href="#sSpan231" value="V"/>
		<feat xlink:href="#sSpan233" value="PREP"/>
		<feat xlink:href="#sSpan237" value="ART"/>
		<feat xlink:href="#sSpan240" value="N"/>
		<feat xlink:href="#sSpan243" value="PREP"/>
		<feat xlink:href="#sSpan247" value="N"/>
		<feat xlink:href="#sSpan250" value="PUNCT"/>
		<feat xlink:href="#sSpan255" value="ART"/>
		<feat xlink:href="#sSpan264" value="N"/>
		<feat xlink:href="#sSpan267" value="PTC"/>
		<feat xlink:href="#sSpan271" value="PREP"/>
		<feat xlink:href="#sSpan276" value="N"/>
		<feat xlink:href="#sSpan279" value="CREL"/>
		<feat xlink:href="#sSpan283" value="PPOS"/>
		<feat xlink:href="#sSpan288" value="N"/>
		<feat xlink:href="#sSpan290" value="V"/>
		<feat xlink:href="#sSpan295" value="PREP"/>
		<feat xlink:href="#sSpan299" value="PPERO"/>
		<feat xlink:href="#sSpan301" value="ADV"/>
		<feat xlink:href="#sSpan306" value="PREP"/>
		<feat xlink:href="#sSpan310" value="PPERO"/>
		<feat xlink:href="#sSpan312" value="CCIRC"/>
		<feat xlink:href="#sSpan316" value="PPERS"/>
		<feat xlink:href="#sSpan318" value="VSTAT"/>
		<feat xlink:href="#sSpan321" value="NEG"/>
		<feat xlink:href="#sSpan325" value="PREP"/>
		<feat xlink:href="#sSpan329" value="ART"/>
		<feat xlink:href="#sSpan332" value="CREL"/>
		<feat xlink:href="#sSpan334" value="PPOS"/>
		<feat xlink:href="#sSpan338" value="N"/>
		<feat xlink:href="#sSpan340" value="V"/>
		<feat xlink:href="#sSpan344" value="PREP"/>
		<feat xlink:href="#sSpan350" value="PPERO"/>
		<feat xlink:href="#sSpan352" value="PREP"/>
		<feat xlink:href="#sSpan356" value="ART"/>
		<feat xlink:href="#sSpan359" value="N"/>
		<feat xlink:href="#sSpan362" value="PREP"/>
		<feat xlink:href="#sSpan366" value="ART"/>
		<feat xlink:href="#sSpan369" value="CREL"/>
		<feat xlink:href="#sSpan371" value="V"/>
		<feat xlink:href="#sSpan374" value="PREP"/>
		<feat xlink:href="#sSpan378" value="PPOS"/>
		<feat xlink:href="#sSpan383" value="N"/>
		<feat xlink:href="#sSpan385" value="PREP"/>
		<feat xlink:href="#sSpan390" value="N"/>
		<feat xlink:href="#sSpan393" value="PINT"/>
		<feat xlink:href="#sSpan397" value="PUNCT"/>
		<feat xlink:href="#sSpan403" value="CONJ"/>
		<feat xlink:href="#sSpan410" value="ADV"/>
		<feat xlink:href="#sSpan415" value="PTC"/>
		<feat xlink:href="#sSpan419" value="PREP"/>
		<feat xlink:href="#sSpan423" value="PPERO"/>
		<feat xlink:href="#sSpan426" value="PREP"/>
		<feat xlink:href="#sSpan430" value="N"/>
		<feat xlink:href="#sSpan434" value="ART"/>
		<feat xlink:href="#sSpan439" value="N"/>
		<feat xlink:href="#sSpan442" value="CREL"/>
		<feat xlink:href="#sSpan446" value="N"/>
		<feat xlink:href="#sSpan449" value="FUT"/>
		<feat xlink:href="#sSpan454" value="V"/>
		<feat xlink:href="#sSpan456" value="PPERO"/>
		<feat xlink:href="#sSpan458" value="ADV"/>
		<feat xlink:href="#sSpan462" value="PREP"/>
		<feat xlink:href="#sSpan467" value="PPERO"/>
		<feat xlink:href="#sSpan469" value="PUNCT"/>
		<feat xlink:href="#sSpan473" value="CPRET"/>
		<feat xlink:href="#sSpan477" value="PPERS"/>
		<feat xlink:href="#sSpan479" value="VSTAT"/>
		<feat xlink:href="#sSpan481" value="NEG"/>
		<feat xlink:href="#sSpan486" value="PREP"/>
		<feat xlink:href="#sSpan490" value="ART"/>
		<feat xlink:href="#sSpan492" value="CREL"/>
		<feat xlink:href="#sSpan495" value="NPROP"/>
		<feat xlink:href="#sSpan498" value="PPOS"/>
		<feat xlink:href="#sSpan503" value="N"/>
		<feat xlink:href="#sSpan505" value="PUNCT"/>
		<feat xlink:href="#sSpan509" value="CONJ"/>
		<feat xlink:href="#sSpan513" value="PPOS"/>
		<feat xlink:href="#sSpan519" value="N"/>
		<feat xlink:href="#sSpan521" value="PUNCT"/>
		<feat xlink:href="#sSpan525" value="V"/>
		<feat xlink:href="#sSpan531" value="PREP"/>
		<feat xlink:href="#sSpan536" value="PPERO"/>
		<feat xlink:href="#sSpan538" value="ADV"/>
		<feat xlink:href="#sSpan542" value="PREP"/>
		<feat xlink:href="#sSpan546" value="PPOS"/>
		<feat xlink:href="#sSpan550" value="N"/>
		<feat xlink:href="#sSpan552" value="PREP"/>
		<feat xlink:href="#sSpan556" value="N"/>
		<feat xlink:href="#sSpan559" value="PINT"/>
		<feat xlink:href="#sSpan564" value="PUNCT"/>
		<feat xlink:href="#sSpan570" value="CONJ"/>
		<feat xlink:href="#sSpan577" value="CPRET"/>
		<feat xlink:href="#sSpan581" value="ART"/>
		<feat xlink:href="#sSpan584" value="N"/>
		<feat xlink:href="#sSpan587" value="PREP"/>
		<feat xlink:href="#sSpan591" value="ART"/>
		<feat xlink:href="#sSpan594" value="CREL"/>
		<feat xlink:href="#sSpan596" value="V"/>
		<feat xlink:href="#sSpan598" value="PREP"/>
		<feat xlink:href="#sSpan601" value="PPERO"/>
		<feat xlink:href="#sSpan603" value="PUNCT"/>
		<feat xlink:href="#sSpan607" value="VSTAT"/>
		<feat xlink:href="#sSpan611" value="PREP"/>
		<feat xlink:href="#sSpan615" value="N"/>
		<feat xlink:href="#sSpan617" value="NEG"/>
		<feat xlink:href="#sSpan622" value="PREP"/>
		<feat xlink:href="#sSpan626" value="ART"/>
		<feat xlink:href="#sSpan629" value="N"/>
		<feat xlink:href="#sSpan631" value="PREP"/>
		<feat xlink:href="#sSpan635" value="PPOS"/>
		<feat xlink:href="#sSpan639" value="N"/>
		<feat xlink:href="#sSpan641" value="ART"/>
		<feat xlink:href="#sSpan646" value="N"/>
		<feat xlink:href="#sSpan649" value="PUNCT"/>
		<feat xlink:href="#sSpan653" value="CREL"/>
		<feat xlink:href="#sSpan657" value="PPERS"/>
		<feat xlink:href="#sSpan659" value="V"/>
		<feat xlink:href="#sSpan662" value="PREP"/>
		<feat xlink:href="#sSpan666" value="PPERO"/>
		<feat xlink:href="#sSpan668" value="PREP"/>
		<feat xlink:href="#sSpan673" value="N"/>
		<feat xlink:href="#sSpan676" value="PINT"/>
		<feat xlink:href="#sSpan680" value="PUNCT"/>
		<feat xlink:href="#sSpan684" value="CONJ"/>
		<feat xlink:href="#sSpan695" value="VBD"/>
		<feat xlink:href="#sSpan697" value="ART"/>
		<feat xlink:href="#sSpan701" value="N"/>
		<feat xlink:href="#sSpan703" value="PREP"/>
		<feat xlink:href="#sSpan708" value="ART"/>
		<feat xlink:href="#sSpan711" value="N"/>
		<feat xlink:href="#sSpan713" value="PUNCT"/>
		<feat xlink:href="#sSpan717" value="CONJ"/>
		<feat xlink:href="#sSpan721" value="ART"/>
		<feat xlink:href="#sSpan727" value="N"/>
		<feat xlink:href="#sSpan729" value="CCIRC"/>
		<feat xlink:href="#sSpan733" value="PPERS"/>
		<feat xlink:href="#sSpan736" value="V"/>
		<feat xlink:href="#sSpan739" value="PREP"/>
		<feat xlink:href="#sSpan743" value="PPOS"/>
		<feat xlink:href="#sSpan745" value="N"/>
		<feat xlink:href="#sSpan747" value="PUNCT"/>
		<feat xlink:href="#sSpan752" value="VBD"/>
		<feat xlink:href="#sSpan757" value="PPERS"/>
		<feat xlink:href="#sSpan760" value="PTC"/>
		<feat xlink:href="#sSpan764" value="ACOND"/>
		<feat xlink:href="#sSpan768" value="ART"/>
		<feat xlink:href="#sSpan772" value="N"/>
		<feat xlink:href="#sSpan774" value="V"/>
		<feat xlink:href="#sSpan778" value="ART"/>
		<feat xlink:href="#sSpan782" value="N"/>
		<feat xlink:href="#sSpan784" value="PREP"/>
		<feat xlink:href="#sSpan789" value="N"/>
		<feat xlink:href="#sSpan792" value="PUNCT"/>
		<feat xlink:href="#sSpan796" value="CONJ"/>
		<feat xlink:href="#sSpan800" value="ART"/>
		<feat xlink:href="#sSpan805" value="N"/>
		<feat xlink:href="#sSpan808" value="ADV"/>
		<feat xlink:href="#sSpan812" value="PUNCT"/>
		<feat xlink:href="#sSpan817" value="CONJ"/>
		<feat xlink:href="#sSpan822" value="ART"/>
		<feat xlink:href="#sSpan828" value="N"/>
		<feat xlink:href="#sSpan830" value="PREP"/>
		<feat xlink:href="#sSpan834" value="ART"/>
		<feat xlink:href="#sSpan838" value="N"/>
		<feat xlink:href="#sSpan840" value="PUNCT"/>
		<feat xlink:href="#sSpan844" value="ART"/>
		<feat xlink:href="#sSpan849" value="N"/>
		<feat xlink:href="#sSpan852" value="COP"/>
		<feat xlink:href="#sSpan856" value="PREP"/>
		<feat xlink:href="#sSpan860" value="PDEM"/>
		<feat xlink:href="#sSpan863" value="IMOD"/>
		<feat xlink:href="#sSpan868" value="PPERO"/>
		<feat xlink:href="#sSpan870" value="PUNCT"/>
		<feat xlink:href="#sSpan875" value="PREP"/>
		<feat xlink:href="#sSpan883" value="PDEM"/>
		<feat xlink:href="#sSpan886" value="PREP"/>
		<feat xlink:href="#sSpan890" value="PPOS"/>
		<feat xlink:href="#sSpan893" value="N"/>
		<feat xlink:href="#sSpan896" value="NEG"/>
		<feat xlink:href="#sSpan900" value="COP"/>
		<feat xlink:href="#sSpan904" value="PREP"/>
		<feat xlink:href="#sSpan908" value="PPERO"/>
		<feat xlink:href="#sSpan910" value="PUNCT"/>
		<feat xlink:href="#sSpan914" value="PREP"/>
		<feat xlink:href="#sSpan919" value="PDEM"/>
		<feat xlink:href="#sSpan922" value="N"/>
		<feat xlink:href="#sSpan924" value="PUNCT"/>
		<feat xlink:href="#sSpan930" value="CONJ"/>
		<feat xlink:href="#sSpan938" value="ANEGPST"/>
		<feat xlink:href="#sSpan942" value="ART"/>
		<feat xlink:href="#sSpan946" value="N"/>
		<feat xlink:href="#sSpan949" value="N"/>
		<feat xlink:href="#sSpan955" value="ART"/>
		<feat xlink:href="#sSpan961" value="N"/>
		<feat xlink:href="#sSpan963" value="PREP"/>
		<feat xlink:href="#sSpan969" value="N"/>
		<feat xlink:href="#sSpan973" value="V"/>
		<feat xlink:href="#sSpan978" value="CCIRC"/>
		<feat xlink:href="#sSpan982" value="V"/>
		<feat xlink:href="#sSpan984" value="PPERO"/>
		<feat xlink:href="#sSpan986" value="PUNCT"/>
		<feat xlink:href="#sSpan990" value="PREP"/>
		<feat xlink:href="#sSpan994" value="ART"/>
		<feat xlink:href="#sSpan998" value="ACAUS"/>
		<feat xlink:href="#sSpan1000" value="PPERS"/>
		<feat xlink:href="#sSpan1002" value="V"/>
		<feat xlink:href="#sSpan1005" value="PREP"/>
		<feat xlink:href="#sSpan1009" value="PDEM"/>
		<feat xlink:href="#sSpan1012" value="N"/>
		<feat xlink:href="#sSpan1015" value="PUNCT"/>
		<feat xlink:href="#sSpan1019" value="CONJ"/>
		<feat xlink:href="#sSpan1023" value="APST"/>
		<feat xlink:href="#sSpan1025" value="PPERS"/>
		<feat xlink:href="#sSpan1028" value="V"/>
		<feat xlink:href="#sSpan1032" value="ADV"/>
		<feat xlink:href="#sSpan1036" value="CONJ"/>
		<feat xlink:href="#sSpan1040" value="PPERS"/>
		<feat xlink:href="#sSpan1042" value="VSTAT"/>
		<feat xlink:href="#sSpan1045" value="APST"/>
		<feat xlink:href="#sSpan1052" value="PPERS"/>
		<feat xlink:href="#sSpan1054" value="V"/>
		<feat xlink:href="#sSpan1056" value="PPERO"/>
		<feat xlink:href="#sSpan1058" value="PREP"/>
		<feat xlink:href="#sSpan1062" value="PPERO"/>
		<feat xlink:href="#sSpan1064" value="PREP"/>
		<feat xlink:href="#sSpan1068" value="PDEM"/>
		<feat xlink:href="#sSpan1070" value="N"/>
		<feat xlink:href="#sSpan1073" value="PUNCT"/>
		<feat xlink:href="#sSpan1077" value="CONJ"/>
		<feat xlink:href="#sSpan1081" value="PREP"/>
		<feat xlink:href="#sSpan1084" value="PINT"/>
		<feat xlink:href="#sSpan1086" value="CPRET"/>
		<feat xlink:href="#sSpan1092" value="PPERS"/>
		<feat xlink:href="#sSpan1094" value="FUT"/>
		<feat xlink:href="#sSpan1096" value="V"/>
		<feat xlink:href="#sSpan1098" value="NEG"/>
		<feat xlink:href="#sSpan1102" value="PTC"/>
		<feat xlink:href="#sSpan1107" value="ART"/>
		<feat xlink:href="#sSpan1110" value="CREL"/>
		<feat xlink:href="#sSpan1112" value="EXIST"/>
		<feat xlink:href="#sSpan1114" value="N"/>
		<feat xlink:href="#sSpan1118" value="VSTAT"/>
		<feat xlink:href="#sSpan1122" value="PREP"/>
		<feat xlink:href="#sSpan1128" value="NPROP"/>
		<feat xlink:href="#sSpan1131" value="PUNCT"/>
		<feat xlink:href="#sSpan1136" value="CONJ"/>
		<feat xlink:href="#sSpan1142" value="CFOC"/>
		<feat xlink:href="#sSpan1146" value="PPERS"/>
		<feat xlink:href="#sSpan1148" value="V"/>
		<feat xlink:href="#sSpan1151" value="PREP"/>
		<feat xlink:href="#sSpan1155" value="N"/>
		<feat xlink:href="#sSpan1158" value="PREP"/>
		<feat xlink:href="#sSpan1163" value="N"/>
		<feat xlink:href="#sSpan1166" value="PREP"/>
		<feat xlink:href="#sSpan1171" value="N"/>
		<feat xlink:href="#sSpan1175" value="PREP"/>
		<feat xlink:href="#sSpan1180" value="N"/>
		<feat xlink:href="#sSpan1184" value="PUNCT"/>
		<feat xlink:href="#sSpan1188" value="PREP"/>
		<feat xlink:href="#sSpan1194" value="ART"/>
		<feat xlink:href="#sSpan1196" value="N"/>
		<feat xlink:href="#sSpan1198" value="CREL"/>
		<feat xlink:href="#sSpan1203" value="APST"/>
		<feat xlink:href="#sSpan1205" value="ART"/>
		<feat xlink:href="#sSpan1209" value="N"/>
		<feat xlink:href="#sSpan1212" value="V"/>
		<feat xlink:href="#sSpan1216" value="PPERO"/>
		<feat xlink:href="#sSpan1218" value="PREP"/>
		<feat xlink:href="#sSpan1223" value="PPERO"/>
		<feat xlink:href="#sSpan1225" value="PUNCT"/>
		<feat xlink:href="#sSpan1229" value="CONJ"/>
		<feat xlink:href="#sSpan1233" value="NEG"/>
		<feat xlink:href="#sSpan1236" value="N"/>
		<feat xlink:href="#sSpan1239" value="VSTAT"/>
		<feat xlink:href="#sSpan1243" value="PREP"/>
		<feat xlink:href="#sSpan1247" value="ART"/>
		<feat xlink:href="#sSpan1252" value="N"/>
		<feat xlink:href="#sSpan1254" value="VBD"/>
		<feat xlink:href="#sSpan1259" value="ART"/>
		<feat xlink:href="#sSpan1262" value="N"/>
		<feat xlink:href="#sSpan1264" value="ART"/>
		<feat xlink:href="#sSpan1268" value="N"/>
		<feat xlink:href="#sSpan1271" value="PUNCT"/>
		<feat xlink:href="#sSpan1277" value="CONJ"/>
		<feat xlink:href="#sSpan1285" value="PTC"/>
		<feat xlink:href="#sSpan1289" value="PREP_PPERO"/>
		<feat xlink:href="#sSpan1293" value="N"/>
		<feat xlink:href="#sSpan1298" value="PREP_PPERO"/>
		<feat xlink:href="#sSpan1302" value="ART"/>
		<feat xlink:href="#sSpan1307" value="N"/>
		<feat xlink:href="#sSpan1310" value="PREP"/>
		<feat xlink:href="#sSpan1314" value="N"/>
		<feat xlink:href="#sSpan1316" value="PREP"/>
		<feat xlink:href="#sSpan1321" value="N"/>
		<feat xlink:href="#sSpan1323" value="PUNCT"/>
		<feat xlink:href="#sSpan1327" value="PREP"/>
		<feat xlink:href="#sSpan1332" value="N"/>
		<feat xlink:href="#sSpan1335" value="PINT"/>
		<feat xlink:href="#sSpan1339" value="ART"/>
		<feat xlink:href="#sSpan1344" value="N"/>
		<feat xlink:href="#sSpan1346" value="CREL"/>
		<feat xlink:href="#sSpan1350" value="ANEGPST"/>
		<feat xlink:href="#sSpan1353" value="ART"/>
		<feat xlink:href="#sSpan1356" value="N"/>
		<feat xlink:href="#sSpan1358" value="PREP"/>
		<feat xlink:href="#sSpan1362" value="ART"/>
		<feat xlink:href="#sSpan1366" value="N"/>
		<feat xlink:href="#sSpan1368" value="V"/>
		<feat xlink:href="#sSpan1372" value="PPERO"/>
		<feat xlink:href="#sSpan1375" value="N"/>
		<feat xlink:href="#sSpan1381" value="PREP"/>
		<feat xlink:href="#sSpan1385" value="PPERO"/>
		<feat xlink:href="#sSpan1387" value="ADV"/>
		<feat xlink:href="#sSpan1396" value="PREP"/>
		<feat xlink:href="#sSpan1400" value="N"/>
		<feat xlink:href="#sSpan1402" value="PUNCT"/>
		<feat xlink:href="#sSpan1406" value="CONJ"/>
		<feat xlink:href="#sSpan1410" value="PREP"/>
		<feat xlink:href="#sSpan1415" value="ART"/>
		<feat xlink:href="#sSpan1419" value="N"/>
		<feat xlink:href="#sSpan1421" value="CONJ"/>
		<feat xlink:href="#sSpan1426" value="ART"/>
		<feat xlink:href="#sSpan1430" value="N"/>
		<feat xlink:href="#sSpan1434" value="PTC"/>
		<feat xlink:href="#sSpan1438" value="PREP"/>
		<feat xlink:href="#sSpan1443" value="N"/>
		<feat xlink:href="#sSpan1446" value="PUNCT"/>
		<feat xlink:href="#sSpan1450" value="ART"/>
		<feat xlink:href="#sSpan1458" value="N"/>
		<feat xlink:href="#sSpan1463" value="PTC"/>
		<feat xlink:href="#sSpan1467" value="PREP"/>
		<feat xlink:href="#sSpan1471" value="N"/>
		<feat xlink:href="#sSpan1475" value="PREP"/>
		<feat xlink:href="#sSpan1479" value="N"/>
		<feat xlink:href="#sSpan1482" value="APST"/>
		<feat xlink:href="#sSpan1487" value="PPERS"/>
		<feat xlink:href="#sSpan1489" value="V"/>
		<feat xlink:href="#sSpan1491" value="PREP"/>
		<feat xlink:href="#sSpan1495" value="PPERO"/>
		<feat xlink:href="#sSpan1497" value="CONJ"/>
		<feat xlink:href="#sSpan1502" value="CONJ"/>
		<feat xlink:href="#sSpan1506" value="APST"/>
		<feat xlink:href="#sSpan1508" value="PPERS"/>
		<feat xlink:href="#sSpan1510" value="V"/>
		<feat xlink:href="#sSpan1513" value="PREP"/>
		<feat xlink:href="#sSpan1517" value="PPERO"/>
		<feat xlink:href="#sSpan1519" value="PUNCT"/>
		<feat xlink:href="#sSpan1524" value="ART"/>
		<feat xlink:href="#sSpan1533" value="N"/>
		<feat xlink:href="#sSpan1537" value="ART"/>
		<feat xlink:href="#sSpan1542" value="CREL"/>
		<feat xlink:href="#sSpan1544" value="VSTAT"/>
		<feat xlink:href="#sSpan1546" value="NEG"/>
		<feat xlink:href="#sSpan1550" value="PREP"/>
		<feat xlink:href="#sSpan1555" value="NPROP"/>
		<feat xlink:href="#sSpan1559" value="PUNCT"/>
		<feat xlink:href="#sSpan1564" value="CONJ"/>
		<feat xlink:href="#sSpan1568" value="CPRET"/>
		<feat xlink:href="#sSpan1572" value="PPERS"/>
		<feat xlink:href="#sSpan1574" value="V"/>
		<feat xlink:href="#sSpan1577" value="NEG"/>
		<feat xlink:href="#sSpan1581" value="PREP"/>
		<feat xlink:href="#sSpan1585" value="PPERO"/>
		<feat xlink:href="#sSpan1587" value="PUNCT"/>
		<feat xlink:href="#sSpan1591" value="CONJ"/>
		<feat xlink:href="#sSpan1595" value="PPERS"/>
		<feat xlink:href="#sSpan1598" value="V"/>
		<feat xlink:href="#sSpan1600" value="PREP"/>
		<feat xlink:href="#sSpan1604" value="PPERO"/>
		<feat xlink:href="#sSpan1606" value="PUNCT"/>
		<feat xlink:href="#sSpan1610" value="PREP"/>
		<feat xlink:href="#sSpan1615" value="PPOS"/>
		<feat xlink:href="#sSpan1617" value="ART"/>
		<feat xlink:href="#sSpan1620" value="CREL"/>
		<feat xlink:href="#sSpan1622" value="VSTAT"/>
		<feat xlink:href="#sSpan1624" value="ADV"/>
		<feat xlink:href="#sSpan1629" value="PREP"/>
		<feat xlink:href="#sSpan1633" value="PPERO"/>
		<feat xlink:href="#sSpan1635" value="PUNCT"/>
		<feat xlink:href="#sSpan1640" value="CONJ"/>
		<feat xlink:href="#sSpan1644" value="ADV"/>
		<feat xlink:href="#sSpan1650" value="PREP"/>
		<feat xlink:href="#sSpan1654" value="PPERO"/>
		<feat xlink:href="#sSpan1656" value="PUNCT"/>
		<feat xlink:href="#sSpan1661" value="APST"/>
		<feat xlink:href="#sSpan1668" value="PPERS"/>
		<feat xlink:href="#sSpan1670" value="V"/>
		<feat xlink:href="#sSpan1673" value="PTC"/>
		<feat xlink:href="#sSpan1677" value="CCIRC"/>
		<feat xlink:href="#sSpan1681" value="PPERS"/>
		<feat xlink:href="#sSpan1684" value="V"/>
		<feat xlink:href="#sSpan1687" value="PREP"/>
		<feat xlink:href="#sSpan1691" value="PPOS"/>
		<feat xlink:href="#sSpan1694" value="N"/>
		<feat xlink:href="#sSpan1697" value="CONJ"/>
		<feat xlink:href="#sSpan1701" value="ART"/>
		<feat xlink:href="#sSpan1704" value="CREL"/>
		<feat xlink:href="#sSpan1706" value="VSTAT"/>
		<feat xlink:href="#sSpan1709" value="PREP"/>
		<feat xlink:href="#sSpan1714" value="N"/>
		<feat xlink:href="#sSpan1718" value="ART"/>
		<feat xlink:href="#sSpan1722" value="CREL"/>
		<feat xlink:href="#sSpan1724" value="APST"/>
		<feat xlink:href="#sSpan1727" value="N"/>
		<feat xlink:href="#sSpan1731" value="PINT"/>
		<feat xlink:href="#sSpan1736" value="PREP"/>
		<feat xlink:href="#sSpan1741" value="N"/>
		<feat xlink:href="#sSpan1743" value="V"/>
		<feat xlink:href="#sSpan1749" value="PREP"/>
		<feat xlink:href="#sSpan1753" value="PPERO"/>
		<feat xlink:href="#sSpan1755" value="PUNCT"/>
		<feat xlink:href="#sSpan1759" value="PREP"/>
		<feat xlink:href="#sSpan1763" value="ACAUS"/>
		<feat xlink:href="#sSpan1765" value="PPERS"/>
		<feat xlink:href="#sSpan1767" value="V"/>
		<feat xlink:href="#sSpan1770" value="ADV"/>
		<feat xlink:href="#sSpan1774" value="PREP"/>
		<feat xlink:href="#sSpan1778" value="PPOS"/>
		<feat xlink:href="#sSpan1782" value="N"/>
		<feat xlink:href="#sSpan1785" value="PREP"/>
		<feat xlink:href="#sSpan1790" value="PPERO"/>
		<feat xlink:href="#sSpan1792" value="PUNCT"/>
		<feat xlink:href="#sSpan1796" value="CONJ"/>
		<feat xlink:href="#sSpan1800" value="PPOS"/>
		<feat xlink:href="#sSpan1804" value="PREP"/>
		<feat xlink:href="#sSpan1809" value="PPERO"/>
		<feat xlink:href="#sSpan1811" value="PUNCT"/>
		<feat xlink:href="#sSpan1815" value="ART"/>
		<feat xlink:href="#sSpan1821" value="N"/>
		<feat xlink:href="#sSpan1824" value="PREP"/>
		<feat xlink:href="#sSpan1828" value="ART"/>
		<feat xlink:href="#sSpan1831" value="CREL"/>
		<feat xlink:href="#sSpan1834" value="V"/>
		<feat xlink:href="#sSpan1838" value="PREP"/>
		<feat xlink:href="#sSpan1842" value="ART"/>
		<feat xlink:href="#sSpan1845" value="N"/>
		<feat xlink:href="#sSpan1847" value="CCIRC_PPERS"/>
		<feat xlink:href="#sSpan1855" value="V"/>
		<feat xlink:href="#sSpan1858" value="PINT"/>
		<feat xlink:href="#sSpan1860" value="PREP"/>
		<feat xlink:href="#sSpan1864" value="ART"/>
		<feat xlink:href="#sSpan1867" value="N"/>
		<feat xlink:href="#sSpan1869" value="PREP"/>
		<feat xlink:href="#sSpan1874" value="PPOS"/>
		<feat xlink:href="#sSpan1877" value="N"/>
		<feat xlink:href="#sSpan1879" value="PUNCT"/>
		<feat xlink:href="#sSpan1884" value="CONJ"/>
		<feat xlink:href="#sSpan1892" value="N"/>
		<feat xlink:href="#sSpan1898" value="PREP"/>
		<feat xlink:href="#sSpan1902" value="ART"/>
		<feat xlink:href="#sSpan1905" value="CREL"/>
		<feat xlink:href="#sSpan1907" value="V"/>
		<feat xlink:href="#sSpan1910" value="PREP_PPERO"/>
		<feat xlink:href="#sSpan1914" value="PUNCT"/>
		<feat xlink:href="#sSpan1918" value="CONJ"/>
		<feat xlink:href="#sSpan1924" value="PPERS"/>
		<feat xlink:href="#sSpan1926" value="V"/>
		<feat xlink:href="#sSpan1929" value="PREP"/>
		<feat xlink:href="#sSpan1933" value="ART"/>
		<feat xlink:href="#sSpan1936" value="N"/>
		<feat xlink:href="#sSpan1938" value="CONJ"/>
		<feat xlink:href="#sSpan1943" value="PPERS"/>
		<feat xlink:href="#sSpan1947" value="V"/>
		<feat xlink:href="#sSpan1949" value="PREP"/>
		<feat xlink:href="#sSpan1954" value="PPOS"/>
		<feat xlink:href="#sSpan1958" value="N"/>
		<feat xlink:href="#sSpan1962" value="CCIRC_PPERS"/>
		<feat xlink:href="#sSpan1968" value="V"/>
		<feat xlink:href="#sSpan1970" value="PUNCT"/>
		<feat xlink:href="#sSpan1974" value="CCIRC"/>
		<feat xlink:href="#sSpan1980" value="PPERS"/>
		<feat xlink:href="#sSpan1982" value="V"/>
		<feat xlink:href="#sSpan1986" value="N"/>
		<feat xlink:href="#sSpan1992" value="PTC"/>
		<feat xlink:href="#sSpan1997" value="NEG"/>
		<feat xlink:href="#sSpan2001" value="PREP"/>
		<feat xlink:href="#sSpan2005" value="ART"/>
		<feat xlink:href="#sSpan2008" value="N"/>
		<feat xlink:href="#sSpan2010" value="CONJ"/>
		<feat xlink:href="#sSpan2015" value="PPOS"/>
		<feat xlink:href="#sSpan2020" value="N"/>
		<feat xlink:href="#sSpan2022" value="PREP"/>
		<feat xlink:href="#sSpan2027" value="ART"/>
		<feat xlink:href="#sSpan2032" value="N"/>
		<feat xlink:href="#sSpan2035" value="PUNCT"/>
		<feat xlink:href="#sSpan2040" value="CONJ"/>
		<feat xlink:href="#sSpan2044" value="PREP"/>
		<feat xlink:href="#sSpan2048" value="ART"/>
		<feat xlink:href="#sSpan2053" value="N"/>
		<feat xlink:href="#sSpan2055" value="PUNCT"/>
		<feat xlink:href="#sSpan2059" value="CONJ"/>
		<feat xlink:href="#sSpan2063" value="PREP"/>
		<feat xlink:href="#sSpan2068" value="ART"/>
		<feat xlink:href="#sSpan2072" value="N"/>
		<feat xlink:href="#sSpan2074" value="CCIRC"/>
		<feat xlink:href="#sSpan2079" value="VBD"/>
		<feat xlink:href="#sSpan2081" value="ART"/>
		<feat xlink:href="#sSpan2084" value="CREL"/>
		<feat xlink:href="#sSpan2086" value="V"/>
		<feat xlink:href="#sSpan2090" value="PUNCT"/>
		<feat xlink:href="#sSpan2094" value="PPERI"/>
		<feat xlink:href="#sSpan2101" value="IMOD_PPERO"/>
		<feat xlink:href="#sSpan2106" value="PPERS"/>
		<feat xlink:href="#sSpan2110" value="V"/>
		<feat xlink:href="#sSpan2112" value="PREP"/>
		<feat xlink:href="#sSpan2116" value="PPERO"/>
		<feat xlink:href="#sSpan2118" value="PUNCT"/>
		<feat xlink:href="#sSpan2123" value="PREP"/>
		<feat xlink:href="#sSpan2130" value="PPERO"/>
		<feat xlink:href="#sSpan2133" value="N"/>
		<feat xlink:href="#sSpan2139" value="PUNCT"/>
		<feat xlink:href="#sSpan2143" value="PREP"/>
		<feat xlink:href="#sSpan2147" value="ART"/>
		<feat xlink:href="#sSpan2150" value="N"/>
		<feat xlink:href="#sSpan2153" value="PREP"/>
		<feat xlink:href="#sSpan2157" value="PDEM"/>
		<feat xlink:href="#sSpan2160" value="N"/>
		<feat xlink:href="#sSpan2163" value="PREP"/>
		<feat xlink:href="#sSpan2167" value="ACAUS"/>
		<feat xlink:href="#sSpan2169" value="PPERS"/>
		<feat xlink:href="#sSpan2171" value="V"/>
		<feat xlink:href="#sSpan2175" value="PREP"/>
		<feat xlink:href="#sSpan2179" value="N"/>
		<feat xlink:href="#sSpan2182" value="PREP"/>
		<feat xlink:href="#sSpan2187" value="ART"/>
		<feat xlink:href="#sSpan2190" value="N"/>
		<feat xlink:href="#sSpan2192" value="PREP"/>
		<feat xlink:href="#sSpan2196" value="ART"/>
		<feat xlink:href="#sSpan2200" value="N"/>
		<feat xlink:href="#sSpan2202" value="IMOD"/>
		<feat xlink:href="#sSpan2206" value="PPERO"/>
		<feat xlink:href="#sSpan2208" value="PUNCT"/>
		<feat xlink:href="#sSpan2213" value="CONJ"/>
		<feat xlink:href="#sSpan2220" value="PPERS"/>
		<feat xlink:href="#sSpan2222" value="VSTAT"/>
		<feat xlink:href="#sSpan2224" value="PTC"/>
		<feat xlink:href="#sSpan2228" value="ART"/>
		<feat xlink:href="#sSpan2232" value="CREL"/>
		<feat xlink:href="#sSpan2234" value="V"/>
		<feat xlink:href="#sSpan2236" value="PREP"/>
		<feat xlink:href="#sSpan2240" value="PPERO"/>
		<feat xlink:href="#sSpan2242" value="CONJ"/>
		<feat xlink:href="#sSpan2247" value="CPRET"/>
		<feat xlink:href="#sSpan2249" value="AAOR"/>
		<feat xlink:href="#sSpan2251" value="PPERS"/>
		<feat xlink:href="#sSpan2254" value="V"/>
		<feat xlink:href="#sSpan2256" value="PREP"/>
		<feat xlink:href="#sSpan2261" value="N"/>
		<feat xlink:href="#sSpan2264" value="PUNCT"/>
		<feat xlink:href="#sSpan2269" value="CONJ"/>
		<feat xlink:href="#sSpan2273" value="CONJ"/>
		<feat xlink:href="#sSpan2277" value="AAOR"/>
		<feat xlink:href="#sSpan2280" value="N"/>
		<feat xlink:href="#sSpan2283" value="V"/>
		<feat xlink:href="#sSpan2287" value="PUNCT"/>
		<feat xlink:href="#sSpan2292" value="PPERS"/>
		<feat xlink:href="#sSpan2299" value="VSTAT"/>
		<feat xlink:href="#sSpan2301" value="PTC"/>
		<feat xlink:href="#sSpan2305" value="ART"/>
		<feat xlink:href="#sSpan2309" value="CREL"/>
		<feat xlink:href="#sSpan2311" value="V"/>
		<feat xlink:href="#sSpan2313" value="PREP"/>
		<feat xlink:href="#sSpan2317" value="PPERO"/>
		<feat xlink:href="#sSpan2319" value="CONJ"/>
		<feat xlink:href="#sSpan2324" value="CONJ"/>
		<feat xlink:href="#sSpan2326" value="ART"/>
		<feat xlink:href="#sSpan2329" value="N"/>
		<feat xlink:href="#sSpan2332" value="COP"/>
		<feat xlink:href="#sSpan2336" value="ART"/>
		<feat xlink:href="#sSpan2341" value="N"/>
		<feat xlink:href="#sSpan2343" value="PUNCT"/>
		<feat xlink:href="#sSpan2347" value="VBD"/>
		<feat xlink:href="#sSpan2352" value="PPERO"/>
		<feat xlink:href="#sSpan2354" value="ANEGPST"/>
		<feat xlink:href="#sSpan2358" value="PPERS"/>
		<feat xlink:href="#sSpan2360" value="V"/>
		<feat xlink:href="#sSpan2363" value="CONJ"/>
		<feat xlink:href="#sSpan2367" value="CFOC"/>
		<feat xlink:href="#sSpan2369" value="APST"/>
		<feat xlink:href="#sSpan2371" value="ART"/>
		<feat xlink:href="#sSpan2375" value="NPROP"/>
		<feat xlink:href="#sSpan2378" value="V"/>
		<feat xlink:href="#sSpan2382" value="PINT"/>
		<feat xlink:href="#sSpan2386" value="PUNCT"/>
		<feat xlink:href="#sSpan2391" value="CFOC"/>
		<feat xlink:href="#sSpan2398" value="APST"/>
		<feat xlink:href="#sSpan2400" value="PPERS"/>
		<feat xlink:href="#sSpan2402" value="V"/>
		<feat xlink:href="#sSpan2404" value="PDEM"/>
		<feat xlink:href="#sSpan2407" value="ADV"/>
		<feat xlink:href="#sSpan2412" value="CONJ"/>
		<feat xlink:href="#sSpan2417" value="APST"/>
		<feat xlink:href="#sSpan2419" value="PPERS"/>
		<feat xlink:href="#sSpan2421" value="V"/>
		<feat xlink:href="#sSpan2423" value="PREP"/>
		<feat xlink:href="#sSpan2429" value="NPROP"/>
		<feat xlink:href="#sSpan2432" value="ART"/>
		<feat xlink:href="#sSpan2437" value="N"/>
		<feat xlink:href="#sSpan2439" value="ART"/>
		<feat xlink:href="#sSpan2444" value="N"/>
		<feat xlink:href="#sSpan2446" value="ART"/>
		<feat xlink:href="#sSpan2451" value="N"/>
		<feat xlink:href="#sSpan2454" value="PUNCT"/>
		<feat xlink:href="#sSpan2459" value="CCIRC"/>
		<feat xlink:href="#sSpan2464" value="PPERS"/>
		<feat xlink:href="#sSpan2466" value="V"/>
		<feat xlink:href="#sSpan2468" value="PREP"/>
		<feat xlink:href="#sSpan2472" value="ART"/>
		<feat xlink:href="#sSpan2476" value="N"/>
		<feat xlink:href="#sSpan2480" value="CREL"/>
		<feat xlink:href="#sSpan2484" value="ADV"/>
		<feat xlink:href="#sSpan2486" value="CONJ"/>
		<feat xlink:href="#sSpan2491" value="CFOC"/>
		<feat xlink:href="#sSpan2493" value="APST"/>
		<feat xlink:href="#sSpan2495" value="PPERS"/>
		<feat xlink:href="#sSpan2497" value="V"/>
		<feat xlink:href="#sSpan2501" value="PINT"/>
		<feat xlink:href="#sSpan2505" value="ANEGPST"/>
		<feat xlink:href="#sSpan2512" value="PPERS"/>
		<feat xlink:href="#sSpan2514" value="V"/>
		<feat xlink:href="#sSpan2516" value="PREP"/>
		<feat xlink:href="#sSpan2520" value="ART"/>
		<feat xlink:href="#sSpan2525" value="N"/>
		<feat xlink:href="#sSpan2527" value="PREP"/>
		<feat xlink:href="#sSpan2531" value="ART"/>
		<feat xlink:href="#sSpan2534" value="CREL"/>
		<feat xlink:href="#sSpan2536" value="PPERS"/>
		<feat xlink:href="#sSpan2538" value="V"/>
		<feat xlink:href="#sSpan2541" value="PREP"/>
		<feat xlink:href="#sSpan2545" value="PPERO"/>
		<feat xlink:href="#sSpan2547" value="PUNCT"/>
		<feat xlink:href="#sSpan2551" value="CONJ"/>
		<feat xlink:href="#sSpan2555" value="N"/>
		<feat xlink:href="#sSpan2559" value="PREP"/>
		<feat xlink:href="#sSpan2563" value="N"/>
		<feat xlink:href="#sSpan2565" value="APST"/>
		<feat xlink:href="#sSpan2569" value="ART"/>
		<feat xlink:href="#sSpan2573" value="N"/>
		<feat xlink:href="#sSpan2575" value="V"/>
		<feat xlink:href="#sSpan2580" value="PREP"/>
		<feat xlink:href="#sSpan2584" value="ART"/>
		<feat xlink:href="#sSpan2588" value="N"/>
		<feat xlink:href="#sSpan2592" value="CFOC"/>
		<feat xlink:href="#sSpan2599" value="ART"/>
		<feat xlink:href="#sSpan2602" value="CREL"/>
		<feat xlink:href="#sSpan2604" value="APST"/>
		<feat xlink:href="#sSpan2606" value="PPERS"/>
		<feat xlink:href="#sSpan2608" value="V"/>
		<feat xlink:href="#sSpan2611" value="PTC"/>
		<feat xlink:href="#sSpan2616" value="PTC"/>
		<feat xlink:href="#sSpan2620" value="PREP"/>
		<feat xlink:href="#sSpan2623" value="N"/>
		<feat xlink:href="#sSpan2628" value="CREL"/>
		<feat xlink:href="#sSpan2632" value="ADV"/>
		<feat xlink:href="#sSpan2635" value="PUNCT"/>
		<feat xlink:href="#sSpan2639" value="CPRET"/>
		<feat xlink:href="#sSpan2643" value="PPERS"/>
		<feat xlink:href="#sSpan2646" value="V"/>
		<feat xlink:href="#sSpan2648" value="NEG"/>
		<feat xlink:href="#sSpan2653" value="COP"/>
		<feat xlink:href="#sSpan2657" value="CONJ"/>
		<feat xlink:href="#sSpan2661" value="ART"/>
		<feat xlink:href="#sSpan2665" value="N"/>
		<feat xlink:href="#sSpan2668" value="PREP"/>
		<feat xlink:href="#sSpan2672" value="ART"/>
		<feat xlink:href="#sSpan2675" value="N"/>
		<feat xlink:href="#sSpan2678" value="ART"/>
		<feat xlink:href="#sSpan2684" value="N"/>
		<feat xlink:href="#sSpan2688" value="PREP"/>
		<feat xlink:href="#sSpan2693" value="ART"/>
		<feat xlink:href="#sSpan2696" value="N"/>
		<feat xlink:href="#sSpan2698" value="V"/>
		<feat xlink:href="#sSpan2703" value="UNKNOWN"/>
		<feat xlink:href="#sSpan2707" value="PUNCT"/>
		<feat xlink:href="#sSpan2711" value="CONJ"/>
		<feat xlink:href="#sSpan2715" value="PREP"/>
		<feat xlink:href="#sSpan2720" value="V"/>
		<feat xlink:href="#sSpan2722" value="PPERO"/>
		<feat xlink:href="#sSpan2724" value="CONJ"/>
		<feat xlink:href="#sSpan2728" value="CFOC"/>
		<feat xlink:href="#sSpan2730" value="PPERS"/>
		<feat xlink:href="#sSpan2732" value="VSTAT"/>
		<feat xlink:href="#sSpan2734" value="PINT"/>
		<feat xlink:href="#sSpan2739" value="PUNCT"/>
		<feat xlink:href="#sSpan2744" value="CONJ"/>
		<feat xlink:href="#sSpan2748" value="CFOC"/>
		<feat xlink:href="#sSpan2752" value="PPERS"/>
		<feat xlink:href="#sSpan2754" value="V"/>
		<feat xlink:href="#sSpan2757" value="PUNCT"/>
		<feat xlink:href="#sSpan2762" value="PREP"/>
		<feat xlink:href="#sSpan2768" value="ART"/>
		<feat xlink:href="#sSpan2771" value="N"/>
		<feat xlink:href="#sSpan2773" value="CREL"/>
		<feat xlink:href="#sSpan2777" value="APST"/>
		<feat xlink:href="#sSpan2780" value="NPROP"/>
		<feat xlink:href="#sSpan2783" value="V"/>
		<feat xlink:href="#sSpan2789" value="NPROP"/>
		<feat xlink:href="#sSpan2792" value="PUNCT"/>
		<feat xlink:href="#sSpan2796" value="CCIRC"/>
		<feat xlink:href="#sSpan2800" value="PPERS"/>
		<feat xlink:href="#sSpan2802" value="V"/>
		<feat xlink:href="#sSpan2805" value="CONJ"/>
		<feat xlink:href="#sSpan2809" value="CFOC"/>
		<feat xlink:href="#sSpan2811" value="APST"/>
		<feat xlink:href="#sSpan2813" value="PPERS"/>
		<feat xlink:href="#sSpan2816" value="V"/>
		<feat xlink:href="#sSpan2821" value="PINT"/>
		<feat xlink:href="#sSpan2825" value="PUNCT"/>
		<feat xlink:href="#sSpan2829" value="CONJ"/>
		<feat xlink:href="#sSpan2833" value="CONJ"/>
		<feat xlink:href="#sSpan2838" value="PINT"/>
		<feat xlink:href="#sSpan2840" value="COP"/>
		<feat xlink:href="#sSpan2844" value="CREL"/>
		<feat xlink:href="#sSpan2846" value="APST"/>
		<feat xlink:href="#sSpan2848" value="PPERS"/>
		<feat xlink:href="#sSpan2850" value="V"/>
		<feat xlink:href="#sSpan2853" value="PPERO"/>
		<feat xlink:href="#sSpan2855" value="PUNCT"/>
		<feat xlink:href="#sSpan2859" value="PDEM"/>
		<feat xlink:href="#sSpan2864" value="COP"/>
		<feat xlink:href="#sSpan2869" value="ART"/>
		<feat xlink:href="#sSpan2874" value="N"/>
		<feat xlink:href="#sSpan2876" value="CREL"/>
		<feat xlink:href="#sSpan2880" value="APST"/>
		<feat xlink:href="#sSpan2882" value="ART"/>
		<feat xlink:href="#sSpan2885" value="N"/>
		<feat xlink:href="#sSpan2887" value="V"/>
		<feat xlink:href="#sSpan2892" value="ART"/>
		<feat xlink:href="#sSpan2896" value="N"/>
		<feat xlink:href="#sSpan2899" value="PUNCT"/>
		<feat xlink:href="#sSpan2903" value="PREP"/>
		<feat xlink:href="#sSpan2907" value="ART"/>
		<feat xlink:href="#sSpan2911" value="N"/>
		<feat xlink:href="#sSpan2914" value="PUNCT"/>
		<feat xlink:href="#sSpan2918" value="CONJ"/>
		<feat xlink:href="#sSpan2924" value="CFOC"/>
		<feat xlink:href="#sSpan2926" value="PPERS"/>
		<feat xlink:href="#sSpan2928" value="VSTAT"/>
		<feat xlink:href="#sSpan2930" value="PINT"/>
		<feat xlink:href="#sSpan2935" value="ART"/>
		<feat xlink:href="#sSpan2941" value="N"/>
		<feat xlink:href="#sSpan2945" value="PUNCT"/>
		<feat xlink:href="#sSpan2949" value="ART"/>
		<feat xlink:href="#sSpan2954" value="N"/>
		<feat xlink:href="#sSpan2959" value="PUNCT"/>
		<feat xlink:href="#sSpan2963" value="ART"/>
		<feat xlink:href="#sSpan2967" value="CREL"/>
		<feat xlink:href="#sSpan2969" value="V"/>
		<feat xlink:href="#sSpan2972" value="PREP"/>
		<feat xlink:href="#sSpan2976" value="PPERO"/>
		<feat xlink:href="#sSpan2978" value="PREP"/>
		<feat xlink:href="#sSpan2982" value="ART"/>
		<feat xlink:href="#sSpan2986" value="N"/>
		<feat xlink:href="#sSpan2988" value="CREL"/>
		<feat xlink:href="#sSpan2992" value="VSTAT"/>
		<feat xlink:href="#sSpan2995" value="PUNCT"/>
		<feat xlink:href="#sSpan2999" value="APST"/>
		<feat xlink:href="#sSpan3005" value="PPERS"/>
		<feat xlink:href="#sSpan3008" value="V"/>
		<feat xlink:href="#sSpan3011" value="PPERO"/>
		<feat xlink:href="#sSpan3013" value="PTC"/>
		<feat xlink:href="#sSpan3018" value="ART"/>
		<feat xlink:href="#sSpan3023" value="N"/>
		<feat xlink:href="#sSpan3025" value="PREP"/>
		<feat xlink:href="#sSpan3029" value="PPOS"/>
		<feat xlink:href="#sSpan3032" value="N"/>
		<feat xlink:href="#sSpan3036" value="NPROP"/>
		<feat xlink:href="#sSpan3040" value="PUNCT"/>
		<feat xlink:href="#sSpan3044" value="CONJ"/>
		<feat xlink:href="#sSpan3048" value="EXIST"/>
		<feat xlink:href="#sSpan3051" value="N"/>
		<feat xlink:href="#sSpan3054" value="CCIRC"/>
		<feat xlink:href="#sSpan3058" value="PPERS"/>
		<feat xlink:href="#sSpan3060" value="VSTAT"/>
		<feat xlink:href="#sSpan3063" value="PREP"/>
		<feat xlink:href="#sSpan3067" value="PPERO"/>
		<feat xlink:href="#sSpan3069" value="PUNCT"/>
		<feat xlink:href="#sSpan3073" value="CONJ"/>
		<feat xlink:href="#sSpan3080" value="PPERS"/>
		<feat xlink:href="#sSpan3082" value="V"/>
		<feat xlink:href="#sSpan3084" value="PREP"/>
		<feat xlink:href="#sSpan3089" value="N"/>
		<feat xlink:href="#sSpan3092" value="V"/>
		<feat xlink:href="#sSpan3096" value="PPOS"/>
		<feat xlink:href="#sSpan3099" value="N"/>
		<feat xlink:href="#sSpan3102" value="PREP"/>
		<feat xlink:href="#sSpan3106" value="PDEM"/>
		<feat xlink:href="#sSpan3109" value="PUNCT"/>
		<feat xlink:href="#sSpan3113" value="CFOC"/>
		<feat xlink:href="#sSpan3120" value="APST"/>
		<feat xlink:href="#sSpan3122" value="PPERS"/>
		<feat xlink:href="#sSpan3125" value="V"/>
		<feat xlink:href="#sSpan3128" value="PTC"/>
		<feat xlink:href="#sSpan3132" value="PREP"/>
		<feat xlink:href="#sSpan3137" value="PPERO"/>
		<feat xlink:href="#sSpan3139" value="ART"/>
		<feat xlink:href="#sSpan3145" value="N"/>
		<feat xlink:href="#sSpan3148" value="PREP"/>
		<feat xlink:href="#sSpan3152" value="ART"/>
		<feat xlink:href="#sSpan3156" value="N"/>
		<feat xlink:href="#sSpan3159" value="PREP"/>
		<feat xlink:href="#sSpan3163" value="PPOS"/>
		<feat xlink:href="#sSpan3166" value="N"/>
		<feat xlink:href="#sSpan3168" value="PREP"/>
		<feat xlink:href="#sSpan3174" value="ACAUS"/>
		<feat xlink:href="#sSpan3176" value="PPERS"/>
		<feat xlink:href="#sSpan3178" value="V"/>
		<feat xlink:href="#sSpan3180" value="PREP"/>
		<feat xlink:href="#sSpan3184" value="PPERO"/>
		<feat xlink:href="#sSpan3186" value="PREP"/>
		<feat xlink:href="#sSpan3191" value="ART"/>
		<feat xlink:href="#sSpan3194" value="CREL"/>
		<feat xlink:href="#sSpan3196" value="PPERS"/>
		<feat xlink:href="#sSpan3199" value="V"/>
		<feat xlink:href="#sSpan3203" value="ADV"/>
		<feat xlink:href="#sSpan3208" value="PREP"/>
		<feat xlink:href="#sSpan3213" value="PPERO"/>
		<feat xlink:href="#sSpan3215" value="IMOD"/>
		<feat xlink:href="#sSpan3219" value="PPERO"/>
		<feat xlink:href="#sSpan3221" value="PUNCT"/>
		<feat xlink:href="#sSpan3225" value="PREP"/>
		<feat xlink:href="#sSpan3230" value="ART"/>
		<feat xlink:href="#sSpan3233" value="ACAUS"/>
		<feat xlink:href="#sSpan3235" value="PPERS"/>
		<feat xlink:href="#sSpan3237" value="V"/>
		<feat xlink:href="#sSpan3239" value="PREP"/>
		<feat xlink:href="#sSpan3244" value="PPERO"/>
		<feat xlink:href="#sSpan3246" value="PUNCT"/>
		<feat xlink:href="#sSpan3250" value="ART"/>
		<feat xlink:href="#sSpan3256" value="N"/>
		<feat xlink:href="#sSpan3258" value="CREL"/>
		<feat xlink:href="#sSpan3263" value="PPERS"/>
		<feat xlink:href="#sSpan3265" value="V"/>
		<feat xlink:href="#sSpan3267" value="PREP"/>
		<feat xlink:href="#sSpan3272" value="PPERO"/>
		<feat xlink:href="#sSpan3275" value="ART"/>
		<feat xlink:href="#sSpan3280" value="N"/>
		<feat xlink:href="#sSpan3282" value="CONJ"/>
		<feat xlink:href="#sSpan3286" value="ART"/>
		<feat xlink:href="#sSpan3291" value="N"/>
		<feat xlink:href="#sSpan3294" value="CREL"/>
		<feat xlink:href="#sSpan3298" value="PPERS"/>
		<feat xlink:href="#sSpan3300" value="V"/>
		<feat xlink:href="#sSpan3303" value="PREP"/>
		<feat xlink:href="#sSpan3307" value="PPERO"/>
		<feat xlink:href="#sSpan3309" value="PREP"/>
		<feat xlink:href="#sSpan3314" value="ART"/>
		<feat xlink:href="#sSpan3317" value="CREL"/>
		<feat xlink:href="#sSpan3319" value="APST"/>
		<feat xlink:href="#sSpan3321" value="PPERS"/>
		<feat xlink:href="#sSpan3323" value="V"/>
		<feat xlink:href="#sSpan3326" value="PREP"/>
		<feat xlink:href="#sSpan3331" value="ACAUS"/>
		<feat xlink:href="#sSpan3333" value="PPERS"/>
		<feat xlink:href="#sSpan3335" value="V"/>
		<feat xlink:href="#sSpan3337" value="PPERO"/>
		<feat xlink:href="#sSpan3339" value="PREP"/>
		<feat xlink:href="#sSpan3343" value="ART"/>
		<feat xlink:href="#sSpan3346" value="N"/>
		<feat xlink:href="#sSpan3349" value="PUNCT"/>
		<feat xlink:href="#sSpan3353" value="CONJ"/>
		<feat xlink:href="#sSpan3357" value="PREP"/>
		<feat xlink:href="#sSpan3361" value="ACAUS"/>
		<feat xlink:href="#sSpan3363" value="PPERS"/>
		<feat xlink:href="#sSpan3365" value="V"/>
		<feat xlink:href="#sSpan3368" value="PPERO"/>
		<feat xlink:href="#sSpan3370" value="PREP"/>
		<feat xlink:href="#sSpan3374" value="PPOS"/>
		<feat xlink:href="#sSpan3378" value="N"/>
		<feat xlink:href="#sSpan3382" value="PUNCT"/>
		<feat xlink:href="#sSpan3386" value="PREP"/>
		<feat xlink:href="#sSpan3390" value="V"/>
		<feat xlink:href="#sSpan3393" value="PREP"/>
		<feat xlink:href="#sSpan3397" value="PPOS"/>
		<feat xlink:href="#sSpan3401" value="N"/>
		<feat xlink:href="#sSpan3406" value="PUNCT"/>
		<feat xlink:href="#sSpan3411" value="PPERS"/>
		<feat xlink:href="#sSpan3419" value="VSTAT"/>
		<feat xlink:href="#sSpan3421" value="PTC"/>
		<feat xlink:href="#sSpan3425" value="ART"/>
		<feat xlink:href="#sSpan3428" value="CREL"/>
		<feat xlink:href="#sSpan3430" value="V"/>
		<feat xlink:href="#sSpan3433" value="PREP"/>
		<feat xlink:href="#sSpan3437" value="PPERO"/>
		<feat xlink:href="#sSpan3439" value="CONJ"/>
		<feat xlink:href="#sSpan3443" value="CONJ"/>
		<feat xlink:href="#sSpan3446" value="ART"/>
		<feat xlink:href="#sSpan3449" value="N"/>
		<feat xlink:href="#sSpan3451" value="COP"/>
		<feat xlink:href="#sSpan3455" value="PUNCT"/>
		<feat xlink:href="#sSpan3459" value="CONJ"/>
		<feat xlink:href="#sSpan3464" value="PREP"/>
		<feat xlink:href="#sSpan3467" value="PINT"/>
		<feat xlink:href="#sSpan3469" value="ANEGPST"/>
		<feat xlink:href="#sSpan3474" value="PPERS"/>
		<feat xlink:href="#sSpan3476" value="V"/>
		<feat xlink:href="#sSpan3478" value="CONJ"/>
		<feat xlink:href="#sSpan3482" value="CCIRC"/>
		<feat xlink:href="#sSpan3485" value="NPROP"/>
		<feat xlink:href="#sSpan3489" value="PINT"/></featList></paula>