<?xml version='1.0' encoding='UTF-8'?><!DOCTYPE paula SYSTEM "paula_feat.dtd">
<paula version="1.1">
	<header paula_id="scriptorium.shenoute.those.GF263-267.mark_pb_xml_id"/>
	<featList xmlns:xlink="http://www.w3.org/1999/xlink" type="pb_xml_id" xml:base="scriptorium.shenoute.those.GF263-267.mark.xml">
		<feat xlink:href="#sSpan12" value="GF263"/>
		<feat xlink:href="#sSpan693" value="GF264"/>
		<feat xlink:href="#sSpan1395" value="GF265"/>
		<feat xlink:href="#sSpan2129" value="GF266"/>
		<feat xlink:href="#sSpan2820" value="GF267"/></featList></paula>