<?xml version='1.0' encoding='UTF-8'?><!DOCTYPE paula SYSTEM "paula_feat.dtd">
<paula version="1.1">
	<header paula_id="scriptorium.shenoute.those.GF263-267.mark_new_sent"/>
	<featList xmlns:xlink="http://www.w3.org/1999/xlink" type="new_sent" xml:base="scriptorium.shenoute.those.GF263-267.mark.xml">
		<feat xlink:href="#sSpan2" value="true"/>
		<feat xlink:href="#sSpan69" value="true"/>
		<feat xlink:href="#sSpan255" value="true"/>
		<feat xlink:href="#sSpan403" value="true"/>
		<feat xlink:href="#sSpan570" value="true"/>
		<feat xlink:href="#sSpan684" value="true"/>
		<feat xlink:href="#sSpan875" value="true"/>
		<feat xlink:href="#sSpan930" value="true"/>
		<feat xlink:href="#sSpan1045" value="true"/>
		<feat xlink:href="#sSpan1136" value="true"/>
		<feat xlink:href="#sSpan1188" value="true"/>
		<feat xlink:href="#sSpan1277" value="true"/>
		<feat xlink:href="#sSpan1450" value="true"/>
		<feat xlink:href="#sSpan1524" value="true"/>
		<feat xlink:href="#sSpan1661" value="true"/>
		<feat xlink:href="#sSpan1847" value="true"/>
		<feat xlink:href="#sSpan1884" value="true"/>
		<feat xlink:href="#sSpan1918" value="true"/>
		<feat xlink:href="#sSpan1974" value="true"/>
		<feat xlink:href="#sSpan2094" value="true"/>
		<feat xlink:href="#sSpan2213" value="true"/>
		<feat xlink:href="#sSpan2292" value="true"/>
		<feat xlink:href="#sSpan2391" value="true"/>
		<feat xlink:href="#sSpan2505" value="true"/>
		<feat xlink:href="#sSpan2592" value="true"/>
		<feat xlink:href="#sSpan2762" value="true"/>
		<feat xlink:href="#sSpan2918" value="true"/>
		<feat xlink:href="#sSpan2999" value="true"/>
		<feat xlink:href="#sSpan3073" value="true"/>
		<feat xlink:href="#sSpan3113" value="true"/>
		<feat xlink:href="#sSpan3411" value="true"/></featList></paula>