<?xml version='1.0' encoding='UTF-8'?><!DOCTYPE paula SYSTEM "paula_feat.dtd">
<paula version="1.1">
	<header paula_id="scriptorium.shenoute.those.GF263-267.mark_lang"/>
	<featList xmlns:xlink="http://www.w3.org/1999/xlink" type="lang" xml:base="scriptorium.shenoute.those.GF263-267.mark.xml">
		<feat xlink:href="#sSpan43" value="Greek"/>
		<feat xlink:href="#sSpan68" value="Greek"/>
		<feat xlink:href="#sSpan152" value="Greek"/>
		<feat xlink:href="#sSpan179" value="Greek"/>
		<feat xlink:href="#sSpan214" value="Greek"/>
		<feat xlink:href="#sSpan266" value="Greek"/>
		<feat xlink:href="#sSpan275" value="Greek"/>
		<feat xlink:href="#sSpan287" value="Greek"/>
		<feat xlink:href="#sSpan382" value="Greek"/>
		<feat xlink:href="#sSpan402" value="Greek"/>
		<feat xlink:href="#sSpan414" value="Greek"/>
		<feat xlink:href="#sSpan438" value="Greek"/>
		<feat xlink:href="#sSpan494" value="Hebrew"/>
		<feat xlink:href="#sSpan569" value="Greek"/>
		<feat xlink:href="#sSpan645" value="Greek"/>
		<feat xlink:href="#sSpan700" value="Greek"/>
		<feat xlink:href="#sSpan735" value="Greek"/>
		<feat xlink:href="#sSpan759" value="Greek"/>
		<feat xlink:href="#sSpan788" value="Greek"/>
		<feat xlink:href="#sSpan816" value="Greek"/>
		<feat xlink:href="#sSpan827" value="Greek"/>
		<feat xlink:href="#sSpan929" value="Greek"/>
		<feat xlink:href="#sSpan945" value="Latin"/>
		<feat xlink:href="#sSpan948" value="Greek"/>
		<feat xlink:href="#sSpan960" value="Latin"/>
		<feat xlink:href="#sSpan968" value="Greek"/>
		<feat xlink:href="#sSpan972" value="Greek"/>
		<feat xlink:href="#sSpan1127" value="Hebrew"/>
		<feat xlink:href="#sSpan1135" value="Greek"/>
		<feat xlink:href="#sSpan1170" value="Greek"/>
		<feat xlink:href="#sSpan1179" value="Greek"/>
		<feat xlink:href="#sSpan1208" value="Greek"/>
		<feat xlink:href="#sSpan1251" value="Greek"/>
		<feat xlink:href="#sSpan1276" value="Greek"/>
		<feat xlink:href="#sSpan1306" value="Greek"/>
		<feat xlink:href="#sSpan1331" value="Greek"/>
		<feat xlink:href="#sSpan1418" value="Greek"/>
		<feat xlink:href="#sSpan1429" value="Greek"/>
		<feat xlink:href="#sSpan1433" value="Greek"/>
		<feat xlink:href="#sSpan1442" value="Greek"/>
		<feat xlink:href="#sSpan1457" value="Greek"/>
		<feat xlink:href="#sSpan1462" value="Greek"/>
		<feat xlink:href="#sSpan1554" value="Hebrew"/>
		<feat xlink:href="#sSpan1563" value="Greek"/>
		<feat xlink:href="#sSpan1639" value="Greek"/>
		<feat xlink:href="#sSpan1672" value="Greek"/>
		<feat xlink:href="#sSpan1683" value="Greek"/>
		<feat xlink:href="#sSpan1713" value="Greek"/>
		<feat xlink:href="#sSpan1726" value="Greek"/>
		<feat xlink:href="#sSpan1740" value="Greek"/>
		<feat xlink:href="#sSpan1781" value="Greek"/>
		<feat xlink:href="#sSpan1820" value="Greek"/>
		<feat xlink:href="#sSpan1883" value="Greek"/>
		<feat xlink:href="#sSpan1991" value="Greek"/>
		<feat xlink:href="#sSpan2031" value="Greek"/>
		<feat xlink:href="#sSpan2039" value="Greek"/>
		<feat xlink:href="#sSpan2052" value="Greek"/>
		<feat xlink:href="#sSpan2071" value="Greek"/>
		<feat xlink:href="#sSpan2132" value="Greek"/>
		<feat xlink:href="#sSpan2253" value="Greek"/>
		<feat xlink:href="#sSpan2268" value="Greek"/>
		<feat xlink:href="#sSpan2374" value="Greek"/>
		<feat xlink:href="#sSpan2428" value="Hebrew"/>
		<feat xlink:href="#sSpan2450" value="Greek"/>
		<feat xlink:href="#sSpan2475" value="Greek"/>
		<feat xlink:href="#sSpan2524" value="Greek"/>
		<feat xlink:href="#sSpan2587" value="Greek"/>
		<feat xlink:href="#sSpan2610" value="Greek"/>
		<feat xlink:href="#sSpan2645" value="Greek"/>
		<feat xlink:href="#sSpan2664" value="Greek"/>
		<feat xlink:href="#sSpan2683" value="Greek"/>
		<feat xlink:href="#sSpan2743" value="Greek"/>
		<feat xlink:href="#sSpan2761" value="Greek"/>
		<feat xlink:href="#sSpan2779" value="Hebrew"/>
		<feat xlink:href="#sSpan2788" value="Hebrew"/>
		<feat xlink:href="#sSpan2895" value="Greek"/>
		<feat xlink:href="#sSpan2910" value="Greek"/>
		<feat xlink:href="#sSpan3035" value="Hebrew"/>
		<feat xlink:href="#sSpan3124" value="Greek"/>
		<feat xlink:href="#sSpan3127" value="Greek"/>
		<feat xlink:href="#sSpan3144" value="Greek"/>
		<feat xlink:href="#sSpan3155" value="Greek"/>
		<feat xlink:href="#sSpan3255" value="Greek"/>
		<feat xlink:href="#sSpan3290" value="Greek"/>
		<feat xlink:href="#sSpan3404" value="Greek"/>
		<feat xlink:href="#sSpan3484" value="Hebrew"/></featList></paula>