<?xml version='1.0' encoding='UTF-8'?><!DOCTYPE paula SYSTEM "paula_feat.dtd">
<paula version="1.1">
	<header paula_id="scriptorium.shenoute.those.GF263-267.mark_translation"/>
	<featList xmlns:xlink="http://www.w3.org/1999/xlink" type="translation" xml:base="scriptorium.shenoute.those.GF263-267.mark.xml">
		<feat xlink:href="#sSpan8" value="..."/>
		<feat xlink:href="#sSpan74" value="..."/>
		<feat xlink:href="#sSpan261" value="..."/>
		<feat xlink:href="#sSpan408" value="..."/>
		<feat xlink:href="#sSpan575" value="..."/>
		<feat xlink:href="#sSpan688" value="..."/>
		<feat xlink:href="#sSpan881" value="..."/>
		<feat xlink:href="#sSpan935" value="..."/>
		<feat xlink:href="#sSpan1050" value="..."/>
		<feat xlink:href="#sSpan1140" value="..."/>
		<feat xlink:href="#sSpan1192" value="..."/>
		<feat xlink:href="#sSpan1282" value="..."/>
		<feat xlink:href="#sSpan1455" value="..."/>
		<feat xlink:href="#sSpan1530" value="..."/>
		<feat xlink:href="#sSpan1666" value="..."/>
		<feat xlink:href="#sSpan1852" value="..."/>
		<feat xlink:href="#sSpan1889" value="..."/>
		<feat xlink:href="#sSpan1922" value="..."/>
		<feat xlink:href="#sSpan1978" value="..."/>
		<feat xlink:href="#sSpan2098" value="..."/>
		<feat xlink:href="#sSpan2218" value="..."/>
		<feat xlink:href="#sSpan2297" value="..."/>
		<feat xlink:href="#sSpan2396" value="..."/>
		<feat xlink:href="#sSpan2510" value="..."/>
		<feat xlink:href="#sSpan2597" value="..."/>
		<feat xlink:href="#sSpan2766" value="..."/>
		<feat xlink:href="#sSpan2922" value="..."/>
		<feat xlink:href="#sSpan3003" value="..."/>
		<feat xlink:href="#sSpan3078" value="..."/>
		<feat xlink:href="#sSpan3117" value="..."/>
		<feat xlink:href="#sSpan3417" value="..."/></featList></paula>