<?xml version='1.0' encoding='UTF-8'?><!DOCTYPE paula SYSTEM "paula_feat.dtd">
<paula version="1.1">
	<header paula_id="scriptorium.shenoute.those.GF263-267.mark_morph"/>
	<featList xmlns:xlink="http://www.w3.org/1999/xlink" type="morph" xml:base="scriptorium.shenoute.those.GF263-267.mark.xml">
		<feat xlink:href="#sSpan1027" value="ⲣ"/>
		<feat xlink:href="#sSpan1030" value="ⲙⲟⲓϩⲉ"/>
		<feat xlink:href="#sSpan1532" value="ⲁⲧ"/>
		<feat xlink:href="#sSpan1535" value="ϣⲉⲡ"/>
		<feat xlink:href="#sSpan1536" value="ϩⲙⲟⲧ"/>
		<feat xlink:href="#sSpan1833" value="ϫⲓ"/>
		<feat xlink:href="#sSpan1837" value="ⲟⲩⲁ"/>
		<feat xlink:href="#sSpan1854" value="ⲣ"/>
		<feat xlink:href="#sSpan1857" value="ⲟⲩ"/>
		<feat xlink:href="#sSpan1891" value="ⲣⲁ"/>
		<feat xlink:href="#sSpan1897" value="ⲥⲱⲃⲉ"/>
		<feat xlink:href="#sSpan1957" value="ⲡ"/>
		<feat xlink:href="#sSpan1960" value="ⲉⲧ"/>
		<feat xlink:href="#sSpan1961" value="ⲟⲩⲁⲁⲃ"/>
		<feat xlink:href="#sSpan1985" value="ⲙⲛⲧ"/>
		<feat xlink:href="#sSpan1989" value="ⲣ"/>
		<feat xlink:href="#sSpan1990" value="ϩⲟⲩⲟ"/>
		<feat xlink:href="#sSpan2622" value="ⲁⲧ"/>
		<feat xlink:href="#sSpan2626" value="ⲛⲟⲩⲧⲉ"/>
		<feat xlink:href="#sSpan2940" value="ⲣⲉϥ"/>
		<feat xlink:href="#sSpan2943" value="ⲧⲁⲕⲟ"/>
		<feat xlink:href="#sSpan2953" value="ⲣⲉϥ"/>
		<feat xlink:href="#sSpan2956" value="ϫⲉⲓ"/>
		<feat xlink:href="#sSpan2957" value="ϭⲟⲗ"/>
		<feat xlink:href="#sSpan3007" value="ϯ"/>
		<feat xlink:href="#sSpan3010" value="ϩⲧⲏ"/>
		<feat xlink:href="#sSpan3198" value="ϫⲓ"/>
		<feat xlink:href="#sSpan3201" value="ϣⲓⲡⲉ"/>
		<feat xlink:href="#sSpan3377" value="ⲙⲛⲧ"/>
		<feat xlink:href="#sSpan3380" value="ϫⲱⲱⲣⲉ"/>
		<feat xlink:href="#sSpan3400" value="ⲙⲛⲧ"/>
		<feat xlink:href="#sSpan3403" value="ⲁⲥⲉⲃⲏⲥ"/></featList></paula>