<?xml version='1.0' encoding='UTF-8'?><!DOCTYPE paula SYSTEM "paula_feat.dtd">
<paula version="1.1">
	<header paula_id="scriptorium.shenoute.those.GF263-267.mark_norm_group"/>
	<featList xmlns:xlink="http://www.w3.org/1999/xlink" type="norm_group" xml:base="scriptorium.shenoute.those.GF263-267.mark.xml">
		<feat xlink:href="#sSpan4" value="ⲡⲧⲣⲉⲩⲥⲱⲧⲙ"/>
		<feat xlink:href="#sSpan21" value="ⲉⲡⲉϩⲣⲟⲟⲩ"/>
		<feat xlink:href="#sSpan31" value="ⲛϩⲉⲛⲃⲁϣⲟⲣ"/>
		<feat xlink:href="#sSpan41" value="·"/>
		<feat xlink:href="#sSpan46" value="ⲏ"/>
		<feat xlink:href="#sSpan50" value="ⲁⲩⲛⲁⲩ"/>
		<feat xlink:href="#sSpan58" value="ⲉⲣⲟⲟⲩ"/>
		<feat xlink:href="#sSpan65" value="·"/>
		<feat xlink:href="#sSpan71" value="ⲁⲗⲗⲁ"/>
		<feat xlink:href="#sSpan78" value="ⲙⲉⲩⲧⲁϩⲟⲕ"/>
		<feat xlink:href="#sSpan88" value="ϩⲉⲛⲗⲁⲁⲩ"/>
		<feat xlink:href="#sSpan96" value="ⲛⲥⲁⲡⲁⲓ"/>
		<feat xlink:href="#sSpan104" value="ⲙⲙⲁⲧⲉ"/>
		<feat xlink:href="#sSpan108" value="·"/>
		<feat xlink:href="#sSpan112" value="ⲉⲧⲉⲛϩⲁⲡ"/>
		<feat xlink:href="#sSpan122" value="ⲛⲉ"/>
		<feat xlink:href="#sSpan126" value="ⲙⲙⲓϣⲉ"/>
		<feat xlink:href="#sSpan134" value="ⲉϫⲱⲟⲩ"/>
		<feat xlink:href="#sSpan140" value="·"/>
		<feat xlink:href="#sSpan144" value="ⲁⲩⲱ"/>
		<feat xlink:href="#sSpan149" value="ⲡⲇⲓⲕⲁⲓⲟⲛ"/>
		<feat xlink:href="#sSpan158" value="ϩⲉⲛϩⲱⲃ"/>
		<feat xlink:href="#sSpan166" value="ⲛⲓⲙ"/>
		<feat xlink:href="#sSpan170" value="·"/>
		<feat xlink:href="#sSpan174" value="ⲛϩⲟⲩⲟ"/>
		<feat xlink:href="#sSpan182" value="ⲇⲉ"/>
		<feat xlink:href="#sSpan186" value="ⲛⲉⲕⲥⲁϩⲱⲱⲕ"/>
		<feat xlink:href="#sSpan197" value="ⲉⲃⲟⲗ"/>
		<feat xlink:href="#sSpan201" value="ⲛϫⲁϫⲉ"/>
		<feat xlink:href="#sSpan209" value="ⲙⲡⲉⲭⲣⲓⲥⲧⲟⲥ"/>
		<feat xlink:href="#sSpan219" value="·"/>
		<feat xlink:href="#sSpan223" value="ⲙⲛⲛⲉⲧϫⲓ"/>
		<feat xlink:href="#sSpan235" value="ⲛⲛϩⲏⲕⲉ"/>
		<feat xlink:href="#sSpan245" value="ⲛϭⲟⲛⲥ"/>
		<feat xlink:href="#sSpan252" value="·"/>
		<feat xlink:href="#sSpan258" value="ⲛϣⲁϫⲉ"/>
		<feat xlink:href="#sSpan269" value="ⲅⲁⲣ"/>
		<feat xlink:href="#sSpan273" value="ⲙⲡⲟⲛⲏⲣⲟⲛ"/>
		<feat xlink:href="#sSpan281" value="ⲉⲧⲉⲣⲉⲡⲉⲩⲥⲡⲉⲣⲙⲁ"/>
		<feat xlink:href="#sSpan292" value="ϫⲱ"/>
		<feat xlink:href="#sSpan297" value="ⲙⲙⲟⲟⲩ"/>
		<feat xlink:href="#sSpan303" value="ⲉϩⲟⲩⲛ"/>
		<feat xlink:href="#sSpan308" value="ⲉⲣⲟⲛ"/>
		<feat xlink:href="#sSpan314" value="ⲉⲩϩⲟⲟⲩ"/>
		<feat xlink:href="#sSpan323" value="ⲁⲛ"/>
		<feat xlink:href="#sSpan327" value="ⲉⲛⲉⲧⲉⲣⲉⲡⲉⲩⲉⲓⲱⲧ"/>
		<feat xlink:href="#sSpan342" value="ϫⲱ"/>
		<feat xlink:href="#sSpan346" value="ⲙⲙⲟⲟⲩ"/>
		<feat xlink:href="#sSpan354" value="ⲙⲡⲕⲱⲧⲉ"/>
		<feat xlink:href="#sSpan364" value="ⲛⲛⲉⲧϯ"/>
		<feat xlink:href="#sSpan376" value="ⲟⲩⲃⲉⲛⲉϥⲗⲟⲅⲓⲥⲙⲟⲥ"/>
		<feat xlink:href="#sSpan387" value="ⲛⲛⲁⲩ"/>
		<feat xlink:href="#sSpan395" value="ⲛⲓⲙ"/>
		<feat xlink:href="#sSpan399" value="·"/>
		<feat xlink:href="#sSpan405" value="ⲟⲩⲇⲉ"/>
		<feat xlink:href="#sSpan412" value="ⲟⲛ"/>
		<feat xlink:href="#sSpan417" value="ⲇⲉ"/>
		<feat xlink:href="#sSpan421" value="ⲛⲟⲩ"/>
		<feat xlink:href="#sSpan428" value="ⲛϣⲁϫⲉ"/>
		<feat xlink:href="#sSpan436" value="ⲛⲁⲅⲁⲑⲟⲛ"/>
		<feat xlink:href="#sSpan444" value="ⲉⲧⲉⲣⲉϩⲟⲓⲛⲉ"/>
		<feat xlink:href="#sSpan451" value="ⲛⲁϫⲟⲟⲩ"/>
		<feat xlink:href="#sSpan460" value="ⲉϩⲟⲩⲛ"/>
		<feat xlink:href="#sSpan464" value="ⲉⲣⲟⲛ"/>
		<feat xlink:href="#sSpan471" value="·"/>
		<feat xlink:href="#sSpan475" value="ⲛⲉⲩⲥⲟⲧⲡ"/>
		<feat xlink:href="#sSpan483" value="ⲁⲛ"/>
		<feat xlink:href="#sSpan488" value="ⲛⲉⲧⲉⲣⲉⲓⲏⲥⲟⲩⲥ"/>
		<feat xlink:href="#sSpan500" value="ⲡⲉⲛⲣⲣⲟ"/>
		<feat xlink:href="#sSpan507" value="·"/>
		<feat xlink:href="#sSpan511" value="ⲁⲩⲱ"/>
		<feat xlink:href="#sSpan516" value="ⲡⲉⲛϫⲟⲉⲓⲥ"/>
		<feat xlink:href="#sSpan523" value="·"/>
		<feat xlink:href="#sSpan527" value="ϫⲱ"/>
		<feat xlink:href="#sSpan533" value="ⲙⲙⲟⲟⲩ"/>
		<feat xlink:href="#sSpan540" value="ⲉϩⲣⲁⲓ"/>
		<feat xlink:href="#sSpan544" value="ⲉⲡⲉⲛϩⲏⲧ"/>
		<feat xlink:href="#sSpan554" value="ⲛⲛⲁⲩ"/>
		<feat xlink:href="#sSpan561" value="ⲛⲓⲙ"/>
		<feat xlink:href="#sSpan566" value="·"/>
		<feat xlink:href="#sSpan572" value="ⲟⲩⲇⲉ"/>
		<feat xlink:href="#sSpan579" value="ⲛⲉⲣⲉⲡⲙⲓϣⲉ"/>
		<feat xlink:href="#sSpan589" value="ⲛⲛⲉⲧϯⲟⲩⲃⲏⲛ"/>
		<feat xlink:href="#sSpan605" value="·"/>
		<feat xlink:href="#sSpan609" value="ⲟ"/>
		<feat xlink:href="#sSpan613" value="ⲛⲛⲟϭ"/>
		<feat xlink:href="#sSpan619" value="ⲁⲛ"/>
		<feat xlink:href="#sSpan624" value="ⲉⲡⲙⲓϣⲉ"/>
		<feat xlink:href="#sSpan633" value="ⲙⲡⲉⲩⲉⲓⲱⲧ"/>
		<feat xlink:href="#sSpan643" value="ⲡⲇⲓⲁⲃⲟⲗⲟⲥ"/>
		<feat xlink:href="#sSpan651" value="·"/>
		<feat xlink:href="#sSpan655" value="ⲉⲧⲛⲙⲉⲓϣⲉ"/>
		<feat xlink:href="#sSpan664" value="ⲟⲩⲃⲏϥ"/>
		<feat xlink:href="#sSpan670" value="ⲛⲛⲁⲩ"/>
		<feat xlink:href="#sSpan678" value="ⲛⲓⲙ"/>
		<feat xlink:href="#sSpan682" value="·"/>
		<feat xlink:href="#sSpan686" value="ⲉϣϫⲉⲛⲁⲛⲟⲩⲧⲃⲟⲏⲑⲉⲓⲁ"/>
		<feat xlink:href="#sSpan705" value="ⲛϩⲉⲛⲥⲛⲏⲩ"/>
		<feat xlink:href="#sSpan715" value="·"/>
		<feat xlink:href="#sSpan719" value="ⲁⲩⲱ"/>
		<feat xlink:href="#sSpan724" value="ϩⲉⲛϣⲃⲏⲣ"/>
		<feat xlink:href="#sSpan731" value="ⲉⲩⲃⲃⲟⲏⲑⲉⲓⲁ"/>
		<feat xlink:href="#sSpan741" value="ⲉⲛⲉⲩⲉⲣⲏⲩ"/>
		<feat xlink:href="#sSpan749" value="·"/>
		<feat xlink:href="#sSpan754" value="ⲛⲁⲛⲟⲩⲥ"/>
		<feat xlink:href="#sSpan762" value="ⲅⲁⲣ"/>
		<feat xlink:href="#sSpan766" value="eⲣϣⲁⲛϩⲉⲛⲣⲱⲙⲉ"/>
		<feat xlink:href="#sSpan776" value="ϭⲛϩⲉⲛϣⲃⲣ"/>
		<feat xlink:href="#sSpan786" value="ⲙⲡⲓⲥⲧⲟⲥ"/>
		<feat xlink:href="#sSpan794" value="·"/>
		<feat xlink:href="#sSpan798" value="ⲁⲩⲱ"/>
		<feat xlink:href="#sSpan803" value="ϩⲉⲛⲥⲛⲏⲩ"/>
		<feat xlink:href="#sSpan810" value="ⲛⲁⲙⲉ"/>
		<feat xlink:href="#sSpan814" value="·"/>
		<feat xlink:href="#sSpan819" value="ⲁⲗⲗⲁ"/>
		<feat xlink:href="#sSpan824" value="ⲧⲃⲟⲏⲑⲉⲓⲁ"/>
		<feat xlink:href="#sSpan832" value="ⲙⲡⲛⲟⲩⲧⲉ"/>
		<feat xlink:href="#sSpan842" value="·"/>
		<feat xlink:href="#sSpan846" value="ⲟⲩⲛⲟϭ"/>
		<feat xlink:href="#sSpan854" value="ⲧⲉ"/>
		<feat xlink:href="#sSpan858" value="ⲉⲛⲁⲓ"/>
		<feat xlink:href="#sSpan865" value="ⲧⲏⲣⲟⲩ"/>
		<feat xlink:href="#sSpan872" value="·"/>
		<feat xlink:href="#sSpan878" value="ⲉⲧⲃⲉⲡⲁⲓ"/>
		<feat xlink:href="#sSpan888" value="ⲙⲡⲁⲣⲟⲟⲩϣ"/>
		<feat xlink:href="#sSpan898" value="ⲁⲛ"/>
		<feat xlink:href="#sSpan902" value="ⲡⲉ"/>
		<feat xlink:href="#sSpan906" value="ⲛⲁⲓ"/>
		<feat xlink:href="#sSpan912" value="·"/>
		<feat xlink:href="#sSpan916" value="ⲙⲛⲛⲉⲓⲕⲟⲟⲩⲉ"/>
		<feat xlink:href="#sSpan926" value="·"/>
		<feat xlink:href="#sSpan932" value="ⲙⲏ"/>
		<feat xlink:href="#sSpan940" value="ⲙⲡⲉⲟⲩⲇⲟⲩⲝ"/>
		<feat xlink:href="#sSpan952" value="ⲅⲉⲛⲏⲥⲉⲛ"/>
		<feat xlink:href="#sSpan957" value="ⲟⲩⲇⲟⲩⲝ"/>
		<feat xlink:href="#sSpan965" value="ⲛϩⲉⲗⲗⲏⲛ"/>
		<feat xlink:href="#sSpan975" value="ⲧⲟⲗⲙⲁ"/>
		<feat xlink:href="#sSpan980" value="ⲉϫⲟⲟⲥ"/>
		<feat xlink:href="#sSpan988" value="·"/>
		<feat xlink:href="#sSpan992" value="ϩⲙⲡⲧⲣⲉϥⲉⲓ"/>
		<feat xlink:href="#sSpan1007" value="ⲉⲡⲉⲓⲙⲁ"/>
		<feat xlink:href="#sSpan1017" value="·"/>
		<feat xlink:href="#sSpan1021" value="ϫⲉⲁⲓⲣⲙⲟⲉⲓϩⲉ"/>
		<feat xlink:href="#sSpan1034" value="ⲣⲱ"/>
		<feat xlink:href="#sSpan1038" value="ϫⲉⲕⲣⲟⲟⲩⲧ"/>
		<feat xlink:href="#sSpan1047" value="ⲁⲓϫⲟⲟⲥ"/>
		<feat xlink:href="#sSpan1060" value="ⲛⲁϥ"/>
		<feat xlink:href="#sSpan1066" value="ⲛⲧⲉⲓϩⲉ"/>
		<feat xlink:href="#sSpan1075" value="·"/>
		<feat xlink:href="#sSpan1079" value="ϫⲉⲉⲧⲃⲉⲟⲩ"/>
		<feat xlink:href="#sSpan1088" value="ⲛⲉϥⲛⲁⲟⲩⲣⲟⲧ"/>
		<feat xlink:href="#sSpan1100" value="ⲁⲛ"/>
		<feat xlink:href="#sSpan1105" value="ⲛϭⲓⲡⲉⲧⲉⲙⲛⲛⲟⲩⲧⲉ"/>
		<feat xlink:href="#sSpan1120" value="ϣⲟⲟⲡ"/>
		<feat xlink:href="#sSpan1124" value="ⲛⲥⲁⲓⲏⲥⲟⲩⲥ"/>
		<feat xlink:href="#sSpan1133" value="·"/>
		<feat xlink:href="#sSpan1138" value="ⲙⲏ"/>
		<feat xlink:href="#sSpan1144" value="ⲉⲛⲟⲩⲱϣⲧ"/>
		<feat xlink:href="#sSpan1153" value="ⲙⲙⲟⲩⲛⲅ"/>
		<feat xlink:href="#sSpan1160" value="ⲛϭⲓϫ"/>
		<feat xlink:href="#sSpan1168" value="ⲛⲉⲓⲇⲱⲗⲟⲛ"/>
		<feat xlink:href="#sSpan1177" value="ⲛⲇⲁⲓⲙⲟⲛⲓⲟⲛ"/>
		<feat xlink:href="#sSpan1186" value="·"/>
		<feat xlink:href="#sSpan1190" value="ⲛⲧϩⲉ"/>
		<feat xlink:href="#sSpan1200" value="ⲛⲧⲁⲛⲉⲡⲣⲟⲫⲏⲧⲏⲥ"/>
		<feat xlink:href="#sSpan1214" value="ϫⲟⲟⲥ"/>
		<feat xlink:href="#sSpan1220" value="ⲉⲧⲃⲏⲏⲧⲟⲩ"/>
		<feat xlink:href="#sSpan1227" value="·"/>
		<feat xlink:href="#sSpan1231" value="ϫⲉⲙⲛⲣⲁϣⲉ"/>
		<feat xlink:href="#sSpan1241" value="ϣⲟⲟⲡ"/>
		<feat xlink:href="#sSpan1245" value="ⲛⲛⲁⲥⲉⲃⲏⲥ"/>
		<feat xlink:href="#sSpan1256" value="ⲡⲉϫⲉⲡϫⲟⲉⲓⲥ"/>
		<feat xlink:href="#sSpan1266" value="ⲡⲛⲟⲩⲧⲉ"/>
		<feat xlink:href="#sSpan1273" value="·"/>
		<feat xlink:href="#sSpan1279" value="ⲡⲗⲏⲛ"/>
		<feat xlink:href="#sSpan1287" value="ⲟⲩⲟⲓ"/>
		<feat xlink:href="#sSpan1291" value="ⲛⲉ"/>
		<feat xlink:href="#sSpan1295" value="ⲟⲩⲟⲓ"/>
		<feat xlink:href="#sSpan1300" value="ⲛⲉ"/>
		<feat xlink:href="#sSpan1304" value="ⲧⲥⲩⲛⲁⲅⲱⲅⲏ"/>
		<feat xlink:href="#sSpan1312" value="ⲙⲙⲁⲥⲉ"/>
		<feat xlink:href="#sSpan1318" value="ϩⲓⲟⲩϩⲟⲣ"/>
		<feat xlink:href="#sSpan1325" value="·"/>
		<feat xlink:href="#sSpan1329" value="ϩⲓⲑⲏⲣⲓⲟⲛ"/>
		<feat xlink:href="#sSpan1337" value="ⲛⲓⲙ"/>
		<feat xlink:href="#sSpan1341" value="ⲡⲥⲱⲛⲧ"/>
		<feat xlink:href="#sSpan1348" value="ⲉⲧⲉⲙⲡⲉⲡϭⲱⲛⲧ"/>
		<feat xlink:href="#sSpan1360" value="ⲙⲡⲛⲟⲩⲧⲉ"/>
		<feat xlink:href="#sSpan1370" value="ⲥⲁϩⲱϥ"/>
		<feat xlink:href="#sSpan1377" value="ⲃⲟⲗ"/>
		<feat xlink:href="#sSpan1383" value="ⲙⲙⲟϥ"/>
		<feat xlink:href="#sSpan1389" value="ϣⲁϩⲣⲁⲓ"/>
		<feat xlink:href="#sSpan1398" value="ⲉⲡⲟⲟⲩ"/>
		<feat xlink:href="#sSpan1404" value="·"/>
		<feat xlink:href="#sSpan1408" value="ⲁⲩⲱ"/>
		<feat xlink:href="#sSpan1412" value="ϣⲁⲧⲥⲩⲛⲧⲉⲗⲓⲁ"/>
		<feat xlink:href="#sSpan1424" value="ϫⲉⲟⲩⲥⲩⲛⲁⲅⲱⲅⲏ"/>
		<feat xlink:href="#sSpan1436" value="ⲇⲉ"/>
		<feat xlink:href="#sSpan1440" value="ⲙⲡⲟⲛⲏⲣⲟⲛ"/>
		<feat xlink:href="#sSpan1448" value="·"/>
		<feat xlink:href="#sSpan1453" value="ⲟⲩⲥⲩⲛⲁⲅⲱⲅⲏ"/>
		<feat xlink:href="#sSpan1465" value="ⲇⲉ"/>
		<feat xlink:href="#sSpan1469" value="ⲙⲙⲁⲥⲉ"/>
		<feat xlink:href="#sSpan1477" value="ϩⲓⲟⲩϩⲟⲣ"/>
		<feat xlink:href="#sSpan1484" value="ⲁⲥⲕⲱⲧⲉ"/>
		<feat xlink:href="#sSpan1493" value="ⲉⲣⲟⲓ"/>
		<feat xlink:href="#sSpan1499" value="ⲁⲩⲱ"/>
		<feat xlink:href="#sSpan1504" value="ϫⲉⲁⲥⲁⲙⲁϩⲧⲉ"/>
		<feat xlink:href="#sSpan1515" value="ⲙⲙⲟⲓ"/>
		<feat xlink:href="#sSpan1521" value="·"/>
		<feat xlink:href="#sSpan1526" value="ⲧⲁⲧϣⲉⲡϩⲙⲟⲧ"/>
		<feat xlink:href="#sSpan1539" value="ⲧⲉⲧϩⲏⲡ"/>
		<feat xlink:href="#sSpan1548" value="ⲁⲛ"/>
		<feat xlink:href="#sSpan1552" value="ⲉⲓⲏⲥⲟⲩⲥ"/>
		<feat xlink:href="#sSpan1561" value="·"/>
		<feat xlink:href="#sSpan1566" value="ⲟⲩⲇⲉ"/>
		<feat xlink:href="#sSpan1570" value="ⲛⲉϥⲟⲃϣ"/>
		<feat xlink:href="#sSpan1579" value="ⲁⲛ"/>
		<feat xlink:href="#sSpan1583" value="ⲉⲣⲟⲥ"/>
		<feat xlink:href="#sSpan1589" value="·"/>
		<feat xlink:href="#sSpan1593" value="ϫⲉⲥⲉⲥⲱϣ"/>
		<feat xlink:href="#sSpan1602" value="ⲙⲙⲟϥ"/>
		<feat xlink:href="#sSpan1608" value="·"/>
		<feat xlink:href="#sSpan1612" value="ⲙⲛⲛⲉϥⲡⲉⲧⲟⲩⲁⲁⲃ"/>
		<feat xlink:href="#sSpan1626" value="ϩⲣⲁⲓ"/>
		<feat xlink:href="#sSpan1631" value="ⲛϩⲏⲧⲉ"/>
		<feat xlink:href="#sSpan1637" value="·"/>
		<feat xlink:href="#sSpan1642" value="ⲏ"/>
		<feat xlink:href="#sSpan1646" value="ⲉⲃⲟⲗ"/>
		<feat xlink:href="#sSpan1652" value="ϩⲉⲓⲧⲟⲟⲧⲟⲩ"/>
		<feat xlink:href="#sSpan1658" value="·"/>
		<feat xlink:href="#sSpan1663" value="ⲁⲩⲟⲩⲱ"/>
		<feat xlink:href="#sSpan1675" value="ⲅⲁⲣ"/>
		<feat xlink:href="#sSpan1679" value="ⲉⲩϩⲉⲣⲙⲏⲛⲉⲩⲉ"/>
		<feat xlink:href="#sSpan1689" value="ⲙⲡⲟⲩⲣⲁⲛ"/>
		<feat xlink:href="#sSpan1699" value="ϫⲉⲧⲉⲧⲙⲉϩ"/>
		<feat xlink:href="#sSpan1711" value="ⲛⲇⲁⲓⲙⲟⲛⲓⲟⲛ"/>
		<feat xlink:href="#sSpan1720" value="ⲧⲉⲛⲧⲁⲡⲛⲉⲩⲙⲁ"/>
		<feat xlink:href="#sSpan1733" value="ⲛⲓⲙ"/>
		<feat xlink:href="#sSpan1738" value="ⲙⲡⲟⲛⲏⲣⲟⲛ"/>
		<feat xlink:href="#sSpan1745" value="ϭⲟⲓⲗⲉ"/>
		<feat xlink:href="#sSpan1751" value="ⲉⲣⲟⲥ"/>
		<feat xlink:href="#sSpan1757" value="·"/>
		<feat xlink:href="#sSpan1761" value="ⲉⲧⲣⲉⲩϫⲱⲕ"/>
		<feat xlink:href="#sSpan1772" value="ⲉⲃⲟⲗ"/>
		<feat xlink:href="#sSpan1776" value="ⲛⲛⲉⲩⲉⲡⲓⲑⲩⲙⲓⲁ"/>
		<feat xlink:href="#sSpan1787" value="ⲛⲙⲙⲁⲥ"/>
		<feat xlink:href="#sSpan1794" value="·"/>
		<feat xlink:href="#sSpan1798" value="ⲁⲩⲱ"/>
		<feat xlink:href="#sSpan1802" value="ⲛⲟⲩⲥ"/>
		<feat xlink:href="#sSpan1806" value="ⲛⲙⲙⲁⲩ"/>
		<feat xlink:href="#sSpan1813" value="·"/>
		<feat xlink:href="#sSpan1817" value="ⲧⲕⲟⲓⲛⲱⲛⲟⲥ"/>
		<feat xlink:href="#sSpan1826" value="ⲛⲛⲉⲧϫⲓⲟⲩⲁ"/>
		<feat xlink:href="#sSpan1840" value="ⲉⲡⲛⲟⲩⲧⲉ"/>
		<feat xlink:href="#sSpan1849" value="ⲉⲣⲉⲣⲟⲩ"/>
		<feat xlink:href="#sSpan1862" value="ϩⲙⲡⲉϩⲟⲟⲩ"/>
		<feat xlink:href="#sSpan1871" value="ⲙⲡⲟⲩϫⲡⲓⲟ"/>
		<feat xlink:href="#sSpan1881" value="·"/>
		<feat xlink:href="#sSpan1886" value="ⲏ"/>
		<feat xlink:href="#sSpan1895" value="ⲣⲁⲥⲱⲃⲉ"/>
		<feat xlink:href="#sSpan1900" value="ⲙⲛⲛⲉⲧⲥⲱⲃⲉ"/>
		<feat xlink:href="#sSpan1912" value="ⲛⲥⲱ"/>
		<feat xlink:href="#sSpan1916" value="·"/>
		<feat xlink:href="#sSpan1920" value="ϫⲉⲥⲉⲥⲱϣ"/>
		<feat xlink:href="#sSpan1931" value="ⲙⲡⲛⲟⲩⲧⲉ"/>
		<feat xlink:href="#sSpan1940" value="ⲁⲩⲱ"/>
		<feat xlink:href="#sSpan1945" value="ⲥⲉϩⲟⲟⲩϣ"/>
		<feat xlink:href="#sSpan1951" value="ⲉⲛⲉϥⲡⲉⲧⲟⲩⲁⲁⲃ"/>
		<feat xlink:href="#sSpan1964" value="ⲉⲣⲉⲥⲱⲧⲙ"/>
		<feat xlink:href="#sSpan1972" value="·"/>
		<feat xlink:href="#sSpan1976" value="ⲉⲩϫⲉⲙⲛⲧⲣϩⲟⲩⲟ"/>
		<feat xlink:href="#sSpan1994" value="ⲅⲁⲣ"/>
		<feat xlink:href="#sSpan1999" value="ⲁⲛ"/>
		<feat xlink:href="#sSpan2003" value="ⲉⲡⲛⲟⲩⲧⲉ"/>
		<feat xlink:href="#sSpan2012" value="ⲁⲩⲱ"/>
		<feat xlink:href="#sSpan2017" value="ⲛⲉϥⲣⲱⲙⲉ"/>
		<feat xlink:href="#sSpan2025" value="ϩⲛⲛⲧⲁⲙⲉⲓⲟⲛ"/>
		<feat xlink:href="#sSpan2037" value="·"/>
		<feat xlink:href="#sSpan2042" value="ⲁⲗⲗⲁ"/>
		<feat xlink:href="#sSpan2046" value="ϩⲛⲛⲁⲅⲱⲣⲁ"/>
		<feat xlink:href="#sSpan2057" value="·"/>
		<feat xlink:href="#sSpan2061" value="ⲁⲩⲱ"/>
		<feat xlink:href="#sSpan2065" value="ϩⲛϩⲉⲛⲡⲗⲁⲧⲉⲓⲁ"/>
		<feat xlink:href="#sSpan2077" value="ⲉⲛⲁϣⲉⲛⲉⲧⲥⲱⲧⲙ"/>
		<feat xlink:href="#sSpan2092" value="·"/>
		<feat xlink:href="#sSpan2096" value="ⲁⲛⲟⲕ"/>
		<feat xlink:href="#sSpan2103" value="ϩⲱ"/>
		<feat xlink:href="#sSpan2108" value="ϯϫⲱ"/>
		<feat xlink:href="#sSpan2114" value="ⲙⲙⲟⲥ"/>
		<feat xlink:href="#sSpan2120" value="·"/>
		<feat xlink:href="#sSpan2125" value="ⲛⲏⲧⲛ"/>
		<feat xlink:href="#sSpan2136" value="ⲡⲁⲣⲣⲏⲥⲓⲁ"/>
		<feat xlink:href="#sSpan2141" value="·"/>
		<feat xlink:href="#sSpan2145" value="ϩⲛⲧⲙⲏⲏⲧⲉ"/>
		<feat xlink:href="#sSpan2155" value="ⲙⲡⲉⲓⲙⲏⲏϣⲉ"/>
		<feat xlink:href="#sSpan2165" value="ⲉⲧⲣⲉⲩⲥⲱⲧⲙ"/>
		<feat xlink:href="#sSpan2177" value="ⲛⲥⲁϫⲱⲟⲩ"/>
		<feat xlink:href="#sSpan2184" value="ⲛⲛⲧⲟϣ"/>
		<feat xlink:href="#sSpan2194" value="ⲙⲛⲡⲕⲁϩ"/>
		<feat xlink:href="#sSpan2204" value="ⲧⲏⲣϥ"/>
		<feat xlink:href="#sSpan2210" value="·"/>
		<feat xlink:href="#sSpan2215" value="ϫⲉⲥⲉⲥϩⲟⲩⲟⲣⲧ"/>
		<feat xlink:href="#sSpan2226" value="ⲛϭⲉⲓⲛⲉⲧϫⲱ"/>
		<feat xlink:href="#sSpan2238" value="ⲙⲙⲟⲥ"/>
		<feat xlink:href="#sSpan2244" value="ϫⲉⲛⲉϣⲁⲩⲥⲧⲁⲩⲣⲟⲩ"/>
		<feat xlink:href="#sSpan2258" value="ⲛⲛⲟⲩⲧⲉ"/>
		<feat xlink:href="#sSpan2266" value="·"/>
		<feat xlink:href="#sSpan2271" value="ⲏ"/>
		<feat xlink:href="#sSpan2275" value="ϫⲉϣⲁⲣⲉⲛⲟⲩⲧⲉ"/>
		<feat xlink:href="#sSpan2285" value="ⲙⲟⲩ"/>
		<feat xlink:href="#sSpan2289" value="·"/>
		<feat xlink:href="#sSpan2294" value="ⲥⲉⲥϩⲟⲩⲟⲣⲧ"/>
		<feat xlink:href="#sSpan2303" value="ⲛϭⲓⲛⲉⲧϫⲱ"/>
		<feat xlink:href="#sSpan2315" value="ⲙⲙⲟⲥ"/>
		<feat xlink:href="#sSpan2322" value="ϫⲉⲉϣϫⲉⲟⲩⲛⲟⲩⲧⲉ"/>
		<feat xlink:href="#sSpan2334" value="ⲡⲉ"/>
		<feat xlink:href="#sSpan2339" value="ⲡⲛⲟⲩⲧⲉ"/>
		<feat xlink:href="#sSpan2345" value="·"/>
		<feat xlink:href="#sSpan2349" value="ⲁϩⲣⲟϥ"/>
		<feat xlink:href="#sSpan2356" value="ⲙⲡⲉϥⲉⲓⲙⲉ"/>
		<feat xlink:href="#sSpan2365" value="ϫⲉⲉⲛⲧⲁⲡⲇⲓⲁⲃⲟⲗⲟⲥ"/>
		<feat xlink:href="#sSpan2380" value="ⲉⲓ"/>
		<feat xlink:href="#sSpan2384" value="ⲧⲱⲛ"/>
		<feat xlink:href="#sSpan2388" value="·"/>
		<feat xlink:href="#sSpan2393" value="ⲛⲧⲁⲩϫⲉⲡⲁⲓ"/>
		<feat xlink:href="#sSpan2409" value="ⲉⲃⲟⲗ"/>
		<feat xlink:href="#sSpan2414" value="ϫⲉⲁⲩⲥⲱⲧⲙ"/>
		<feat xlink:href="#sSpan2425" value="ϩⲛⲉⲓⲱⲃ"/>
		<feat xlink:href="#sSpan2434" value="ⲡⲣⲣⲟ"/>
		<feat xlink:href="#sSpan2441" value="ⲡⲛⲟⲩⲧⲉ"/>
		<feat xlink:href="#sSpan2448" value="ⲡⲡⲁⲛⲧⲟⲕⲣⲁⲧⲱⲣ"/>
		<feat xlink:href="#sSpan2456" value="·"/>
		<feat xlink:href="#sSpan2461" value="ⲉϥϫⲛⲟⲩ"/>
		<feat xlink:href="#sSpan2470" value="ⲛⲡⲇⲁⲓⲙⲱⲛ"/>
		<feat xlink:href="#sSpan2482" value="ⲉⲧⲙⲙⲁⲩ"/>
		<feat xlink:href="#sSpan2488" value="ϫⲉⲛⲧⲁⲕ"/>
		<feat xlink:href="#sSpan2499" value="ⲉⲓ"/>
		<feat xlink:href="#sSpan2503" value="ⲧⲱⲛ"/>
		<feat xlink:href="#sSpan2507" value="ⲙⲡⲟⲩⲉⲓⲙⲉ"/>
		<feat xlink:href="#sSpan2518" value="ⲉⲡⲛⲟⲩⲥ"/>
		<feat xlink:href="#sSpan2529" value="ⲛⲛⲉⲧⲟⲩⲥⲱⲧⲙ"/>
		<feat xlink:href="#sSpan2543" value="ⲉⲣⲟⲟⲩ"/>
		<feat xlink:href="#sSpan2549" value="·"/>
		<feat xlink:href="#sSpan2553" value="ϫⲉϩⲁϩ"/>
		<feat xlink:href="#sSpan2561" value="ⲛⲥⲟⲡ"/>
		<feat xlink:href="#sSpan2567" value="ⲁⲡⲛⲟⲩⲧⲉ"/>
		<feat xlink:href="#sSpan2577" value="ϣⲁϫⲉ"/>
		<feat xlink:href="#sSpan2582" value="ϩⲛⲛⲉⲅⲣⲁⲫⲏ"/>
		<feat xlink:href="#sSpan2594" value="ⲉⲛⲉⲛⲧⲁⲩⲉⲓⲙⲉ"/>
		<feat xlink:href="#sSpan2613" value="ⲅⲁⲣ"/>
		<feat xlink:href="#sSpan2618" value="ⲛϭⲓⲛⲁⲧⲛⲟⲩⲧⲉ"/>
		<feat xlink:href="#sSpan2630" value="ⲉⲧⲙⲙⲁⲩ"/>
		<feat xlink:href="#sSpan2637" value="·"/>
		<feat xlink:href="#sSpan2641" value="ⲛⲉⲩⲛⲟⲉⲓ"/>
		<feat xlink:href="#sSpan2650" value="ⲁⲛ"/>
		<feat xlink:href="#sSpan2655" value="ⲡⲉ"/>
		<feat xlink:href="#sSpan2659" value="ϫⲉⲧⲥⲩⲛⲏⲑⲓⲁ"/>
		<feat xlink:href="#sSpan2670" value="ⲛⲛⲣⲱⲙⲉ"/>
		<feat xlink:href="#sSpan2680" value="ⲡⲉ"/>
		<feat xlink:href="#sSpan2686" value="ⲁⲡⲉⲓⲗⲏ"/>
		<feat xlink:href="#sSpan2690" value="ⲉϩⲉⲛϩⲙϩⲁⲗ"/>
		<feat xlink:href="#sSpan2700" value="⟦..⟧ϩⲟⲟⲩ"/>
		<feat xlink:href="#sSpan2705" value="⟦..⟧"/>
		<feat xlink:href="#sSpan2709" value="·"/>
		<feat xlink:href="#sSpan2713" value="ⲁⲩⲱ"/>
		<feat xlink:href="#sSpan2717" value="ⲉϫⲟⲟⲥ"/>
		<feat xlink:href="#sSpan2726" value="ϫⲉⲉⲕⲛⲏⲩ"/>
		<feat xlink:href="#sSpan2736" value="ⲧⲱⲛ"/>
		<feat xlink:href="#sSpan2741" value="·"/>
		<feat xlink:href="#sSpan2746" value="ⲕⲁⲛ"/>
		<feat xlink:href="#sSpan2750" value="ⲉⲩⲥⲟⲟⲩⲛ"/>
		<feat xlink:href="#sSpan2759" value="·"/>
		<feat xlink:href="#sSpan2764" value="ⲕⲁⲧⲁⲧϩⲉ"/>
		<feat xlink:href="#sSpan2775" value="ⲛⲧⲁⲉⲗⲓⲥⲥⲁⲓⲟⲥ"/>
		<feat xlink:href="#sSpan2785" value="ϫⲛⲉⲅⲉⲉⲓⲥⲉⲓ"/>
		<feat xlink:href="#sSpan2794" value="·"/>
		<feat xlink:href="#sSpan2798" value="ⲉϥⲥⲟⲟⲩⲛ"/>
		<feat xlink:href="#sSpan2807" value="ϫⲉⲛⲧⲁϥⲉⲓ"/>
		<feat xlink:href="#sSpan2823" value="ⲧⲱⲛ"/>
		<feat xlink:href="#sSpan2827" value="·"/>
		<feat xlink:href="#sSpan2831" value="ⲁⲩⲱ"/>
		<feat xlink:href="#sSpan2835" value="ϫⲉⲟⲩ"/>
		<feat xlink:href="#sSpan2842" value="ⲡⲉⲛⲧⲁϥⲁⲁϥ"/>
		<feat xlink:href="#sSpan2857" value="·"/>
		<feat xlink:href="#sSpan2862" value="ⲧⲁⲓ"/>
		<feat xlink:href="#sSpan2866" value="ⲧⲉ"/>
		<feat xlink:href="#sSpan2871" value="ⲧϩⲉ"/>
		<feat xlink:href="#sSpan2878" value="ⲛⲧⲁⲡϫⲟⲉⲓⲥ"/>
		<feat xlink:href="#sSpan2890" value="ϫⲛⲉⲡⲇⲓⲁⲃⲟⲗⲟⲥ"/>
		<feat xlink:href="#sSpan2901" value="·"/>
		<feat xlink:href="#sSpan2905" value="ϩⲛⲟⲩⲁⲡⲉⲓⲗⲏ"/>
		<feat xlink:href="#sSpan2916" value="·"/>
		<feat xlink:href="#sSpan2920" value="ϫⲉⲉⲕⲛⲏⲩ"/>
		<feat xlink:href="#sSpan2932" value="ⲧⲱⲛ"/>
		<feat xlink:href="#sSpan2937" value="ⲡⲣⲉϥⲧⲁⲕⲟ"/>
		<feat xlink:href="#sSpan2947" value="·"/>
		<feat xlink:href="#sSpan2951" value="ⲡⲣⲉϥϫⲓϭⲟⲗ"/>
		<feat xlink:href="#sSpan2961" value="·"/>
		<feat xlink:href="#sSpan2965" value="ⲡⲉⲧϣⲟⲩϣⲟⲩ"/>
		<feat xlink:href="#sSpan2974" value="ⲙⲙⲟϥ"/>
		<feat xlink:href="#sSpan2980" value="ⲉϫⲛⲛⲣⲱⲙⲉ"/>
		<feat xlink:href="#sSpan2990" value="ⲉⲧϭⲟⲟⲙⲉ"/>
		<feat xlink:href="#sSpan2997" value="·"/>
		<feat xlink:href="#sSpan3001" value="ⲁⲕϯϩⲧⲏⲕ"/>
		<feat xlink:href="#sSpan3015" value="ϭⲉ"/>
		<feat xlink:href="#sSpan3021" value="ⲡϭⲱⲃ"/>
		<feat xlink:href="#sSpan3027" value="ⲉⲡⲁϩⲙϩⲁⲗ"/>
		<feat xlink:href="#sSpan3038" value="ⲓⲱⲃ"/>
		<feat xlink:href="#sSpan3042" value="·"/>
		<feat xlink:href="#sSpan3046" value="ϫⲉⲙⲛⲣⲱⲙⲉ"/>
		<feat xlink:href="#sSpan3056" value="ⲉϥⲧⲛⲧⲱⲛ"/>
		<feat xlink:href="#sSpan3065" value="ⲉⲣⲟϥ"/>
		<feat xlink:href="#sSpan3071" value="·"/>
		<feat xlink:href="#sSpan3075" value="ⲉϣϫⲉⲕⲟⲩⲱϣ"/>
		<feat xlink:href="#sSpan3086" value="ⲉⲙⲓϣⲉ"/>
		<feat xlink:href="#sSpan3094" value="ϯⲡⲉⲕⲟⲩⲟⲉⲓ"/>
		<feat xlink:href="#sSpan3104" value="ⲉⲡⲁⲓ"/>
		<feat xlink:href="#sSpan3111" value="·"/>
		<feat xlink:href="#sSpan3115" value="ⲛⲧⲁⲓⲁⲛⲉⲭⲉ"/>
		<feat xlink:href="#sSpan3130" value="ⲅⲁⲣ"/>
		<feat xlink:href="#sSpan3134" value="ⲙⲙⲟⲕ"/>
		<feat xlink:href="#sSpan3142" value="ⲡⲇⲁⲓⲙⲱⲛ"/>
		<feat xlink:href="#sSpan3150" value="ⲉⲩⲇⲟⲕⲓⲙⲏ"/>
		<feat xlink:href="#sSpan3161" value="ⲛⲛⲁⲥⲱⲧⲡ"/>
		<feat xlink:href="#sSpan3170" value="ⲉⲧⲣⲉⲩⲥⲱⲃⲉ"/>
		<feat xlink:href="#sSpan3182" value="ⲙⲙⲟⲕ"/>
		<feat xlink:href="#sSpan3189" value="ϩⲓⲧⲛⲛⲉⲧⲉⲕϫⲓϣⲓⲡⲉ"/>
		<feat xlink:href="#sSpan3205" value="ⲉⲃⲟⲗ"/>
		<feat xlink:href="#sSpan3210" value="ϩⲓⲧⲟⲟⲧⲟⲩ"/>
		<feat xlink:href="#sSpan3217" value="ⲧⲏⲣⲟⲩ"/>
		<feat xlink:href="#sSpan3223" value="·"/>
		<feat xlink:href="#sSpan3227" value="ϩⲙⲡⲧⲣⲉⲩϫⲣⲟ"/>
		<feat xlink:href="#sSpan3241" value="ⲉⲣⲟⲕ"/>
		<feat xlink:href="#sSpan3248" value="·"/>
		<feat xlink:href="#sSpan3252" value="ⲡⲁⲅⲅⲉⲗⲟⲥ"/>
		<feat xlink:href="#sSpan3260" value="ⲉⲧⲟⲩⲙⲟⲩⲟⲩⲧ"/>
		<feat xlink:href="#sSpan3269" value="ⲙⲙⲟϥ"/>
		<feat xlink:href="#sSpan3277" value="ⲡⲙⲟⲩⲓ"/>
		<feat xlink:href="#sSpan3284" value="ⲁⲩⲱ"/>
		<feat xlink:href="#sSpan3288" value="ⲡⲉⲇⲣⲁⲕⲱⲛ"/>
		<feat xlink:href="#sSpan3296" value="ⲉⲧⲟⲩϩⲱⲙ"/>
		<feat xlink:href="#sSpan3305" value="ⲉϫⲱϥ"/>
		<feat xlink:href="#sSpan3311" value="ϩⲓⲧⲛⲛⲉⲧⲁⲓϯ"/>
		<feat xlink:href="#sSpan3328" value="ⲉⲧⲣⲁⲙⲟⲩⲣⲟⲩ"/>
		<feat xlink:href="#sSpan3341" value="ⲛⲟⲩϭⲟⲙ"/>
		<feat xlink:href="#sSpan3351" value="·"/>
		<feat xlink:href="#sSpan3355" value="ⲁⲩⲱ"/>
		<feat xlink:href="#sSpan3359" value="ⲉⲧⲣⲁⲙⲟⲣⲟⲩ"/>
		<feat xlink:href="#sSpan3372" value="ⲉⲛⲟⲩⲙⲛⲧϫⲱⲱⲣⲉ"/>
		<feat xlink:href="#sSpan3384" value="·"/>
		<feat xlink:href="#sSpan3388" value="ⲉϯⲟⲩⲃⲉ"/>
		<feat xlink:href="#sSpan3395" value="ⲉⲛⲉⲕⲙⲛⲧⲁⲥⲉⲃⲏⲥ"/>
		<feat xlink:href="#sSpan3408" value="·"/>
		<feat xlink:href="#sSpan3413" value="ⲥⲉⲥϩⲟⲩⲟⲣⲧ"/>
		<feat xlink:href="#sSpan3423" value="ⲛϭⲓⲛⲉⲧϫⲱ"/>
		<feat xlink:href="#sSpan3435" value="ⲙⲙⲟⲥ"/>
		<feat xlink:href="#sSpan3441" value="ϫⲉⲉϣϫⲉⲟⲩⲛⲟⲩⲧⲉ"/>
		<feat xlink:href="#sSpan3453" value="ⲡⲉ"/>
		<feat xlink:href="#sSpan3457" value="·"/>
		<feat xlink:href="#sSpan3461" value="ϫⲉⲉⲧⲃⲉⲟⲩ"/>
		<feat xlink:href="#sSpan3471" value="ⲙⲡⲉϥⲉⲓⲙⲉ"/>
		<feat xlink:href="#sSpan3480" value="ϫⲉⲉⲣⲉⲁⲇⲁⲙ"/>
		<feat xlink:href="#sSpan3491" value="ⲧⲱⲛ"/></featList></paula>