<?xml version='1.0' encoding='UTF-8'?><!DOCTYPE paula SYSTEM "paula_feat.dtd">
<paula version="1.1">
	<header paula_id="scriptorium.shenoute.those.GF263-267.mark_identity"/>
	<featList xmlns:xlink="http://www.w3.org/1999/xlink" type="identity" xml:base="scriptorium.shenoute.those.GF263-267.mark.xml">
		<feat xlink:href="#sSpan497" value="Jesus"/>
		<feat xlink:href="#sSpan1130" value="Jesus"/>
		<feat xlink:href="#sSpan1557" value="Jesus"/>
		<feat xlink:href="#sSpan2373" value="Devil"/>
		<feat xlink:href="#sSpan2431" value="Job (biblical figure)"/>
		<feat xlink:href="#sSpan2894" value="Devil"/>
		<feat xlink:href="#sSpan3031" value="Job (biblical figure)"/>
		<feat xlink:href="#sSpan3487" value="Adam"/></featList></paula>