<?xml version='1.0' encoding='UTF-8'?><!DOCTYPE paula SYSTEM "paula_feat.dtd">
<paula version="1.1">
	<header paula_id="scriptorium.shenoute.those.GF263-267.mark_text"/>
	<featList xmlns:xlink="http://www.w3.org/1999/xlink" type="text" xml:base="scriptorium.shenoute.those.GF263-267.mark.xml">
		<feat xlink:href="#sSpan7" value="ⲡ ⲧⲣⲉ ⲩ ⲥⲱⲧⲙ ⲉ ⲡⲉ ϩⲣⲟⲟⲩ ⲛ ϩⲉⲛ ⲃⲁϣⲟⲣ"/>
		<feat xlink:href="#sSpan25" value="ⲡⲉ ϩⲣⲟⲟⲩ ⲛ ϩⲉⲛ ⲃⲁϣⲟⲣ"/>
		<feat xlink:href="#sSpan35" value="ϩⲉⲛ ⲃⲁϣⲟⲣ"/>
		<feat xlink:href="#sSpan91" value="ϩⲉⲛ ⲗⲁⲁⲩ ⲛⲥⲁ ⲡⲁⲓ ⲙⲙⲁⲧⲉ · ⲉⲧⲉ ⲛ ϩⲁⲡ ⲛⲉ ⲙ ⲙⲓϣⲉ ⲉϫⲱ ⲟⲩ"/>
		<feat xlink:href="#sSpan100" value="ⲡⲁⲓ"/>
		<feat xlink:href="#sSpan116" value="ⲛ ϩⲁⲡ"/>
		<feat xlink:href="#sSpan130" value="ⲙⲓϣⲉ ⲉϫⲱ ⲟⲩ"/>
		<feat xlink:href="#sSpan151" value="ⲡ ⲇⲓⲕⲁⲓⲟⲛ ϩⲉⲛ ϩⲱⲃ ⲛⲓⲙ · ⲛ ϩⲟⲩⲟ ⲇⲉ ⲛⲉ ⲕ ⲥⲁϩⲱⲱ ⲕ ⲉⲃⲟⲗ ⲛ ϫⲁϫⲉ ⲙ ⲡⲉ ⲭⲣⲓⲥⲧⲟⲥ · ⲙⲛ ⲛ ⲉⲧ ϫⲓ ⲛ ⲛ ϩⲏⲕⲉ ⲛ ϭⲟⲛⲥ"/>
		<feat xlink:href="#sSpan160" value="ϩⲉⲛ ϩⲱⲃ ⲛⲓⲙ"/>
		<feat xlink:href="#sSpan206" value="ϫⲁϫⲉ ⲙ ⲡⲉ ⲭⲣⲓⲥⲧⲟⲥ"/>
		<feat xlink:href="#sSpan213" value="ⲡⲉ ⲭⲣⲓⲥⲧⲟⲥ"/>
		<feat xlink:href="#sSpan228" value="ⲛ ⲉⲧ ϫⲓ ⲛ ⲛ ϩⲏⲕⲉ ⲛ ϭⲟⲛⲥ"/>
		<feat xlink:href="#sSpan239" value="ⲛ ϩⲏⲕⲉ"/>
		<feat xlink:href="#sSpan249" value="ϭⲟⲛⲥ"/>
		<feat xlink:href="#sSpan257" value="ⲛ ϣⲁϫⲉ"/>
		<feat xlink:href="#sSpan285" value="ⲡⲉⲩ ⲥⲡⲉⲣⲙⲁ"/>
		<feat xlink:href="#sSpan331" value="ⲛ ⲉⲧⲉⲣⲉ ⲡⲉⲩ ⲉⲓⲱⲧ ϫⲱ ⲙⲙⲟ ⲟⲩ ⲙ ⲡ ⲕⲱⲧⲉ ⲛ ⲛ ⲉⲧ ϯ ⲟⲩⲃⲉ ⲛⲉϥ ⲗⲟⲅⲓⲥⲙⲟⲥ ⲛ ⲛⲁⲩ ⲛⲓⲙ"/>
		<feat xlink:href="#sSpan336" value="ⲡⲉⲩ ⲉⲓⲱⲧ"/>
		<feat xlink:href="#sSpan358" value="ⲡ ⲕⲱⲧⲉ ⲛ ⲛ ⲉⲧ ϯ ⲟⲩⲃⲉ ⲛⲉϥ ⲗⲟⲅⲓⲥⲙⲟⲥ ⲛ ⲛⲁⲩ ⲛⲓⲙ"/>
		<feat xlink:href="#sSpan368" value="ⲛ ⲉⲧ ϯ ⲟⲩⲃⲉ ⲛⲉϥ ⲗⲟⲅⲓⲥⲙⲟⲥ ⲛ ⲛⲁⲩ ⲛⲓⲙ"/>
		<feat xlink:href="#sSpan381" value="ⲛⲉϥ ⲗⲟⲅⲓⲥⲙⲟⲥ ⲛ ⲛⲁⲩ ⲛⲓⲙ"/>
		<feat xlink:href="#sSpan392" value="ⲛⲁⲩ ⲛⲓⲙ"/>
		<feat xlink:href="#sSpan425" value="ⲟⲩ ⲛ ϣⲁϫⲉ ⲛ ⲁⲅⲁⲑⲟⲛ ⲉⲧⲉⲣⲉ ϩⲟⲓⲛⲉ ⲛⲁ ϫⲟ ⲟⲩ ⲉϩⲟⲩⲛ ⲉⲣⲟ ⲛ · ⲛⲉ ⲩ ⲥⲟⲧⲡ ⲁⲛ ⲉ ⲛ ⲉⲧⲉⲣⲉ ⲓⲏⲥⲟⲩⲥ ⲡⲉⲛ ⲣⲣⲟ · ⲁⲩⲱ ⲡⲉⲛ ϫⲟⲉⲓⲥ · ϫⲱ ⲙⲙⲟ ⲟⲩ ⲉϩⲣⲁⲓ ⲉ ⲡⲉⲛ ϩⲏⲧ ⲛ ⲛⲁⲩ ⲛⲓⲙ"/>
		<feat xlink:href="#sSpan433" value="ϣⲁϫⲉ ⲛ ⲁⲅⲁⲑⲟⲛ ⲉⲧⲉⲣⲉ ϩⲟⲓⲛⲉ ⲛⲁ ϫⲟ ⲟⲩ ⲉϩⲟⲩⲛ ⲉⲣⲟ ⲛ"/>
		<feat xlink:href="#sSpan448" value="ϩⲟⲓⲛⲉ"/>
		<feat xlink:href="#sSpan497" value="ⲓⲏⲥⲟⲩⲥ ⲡⲉⲛ ⲣⲣⲟ"/>
		<feat xlink:href="#sSpan515" value="ⲡⲉⲛ ϫⲟⲉⲓⲥ"/>
		<feat xlink:href="#sSpan549" value="ⲡⲉⲛ ϩⲏⲧ ⲛ ⲛⲁⲩ ⲛⲓⲙ"/>
		<feat xlink:href="#sSpan558" value="ⲛⲁⲩ ⲛⲓⲙ"/>
		<feat xlink:href="#sSpan583" value="ⲡ ⲙⲓϣⲉ ⲛ ⲛ ⲉⲧ ϯ ⲟⲩⲃⲏ ⲛ"/>
		<feat xlink:href="#sSpan593" value="ⲛ ⲉⲧ ϯ ⲟⲩⲃⲏ ⲛ"/>
		<feat xlink:href="#sSpan628" value="ⲡ ⲙⲓϣⲉ ⲙ ⲡⲉⲩ ⲉⲓⲱⲧ ⲡ ⲇⲓⲁⲃⲟⲗⲟⲥ"/>
		<feat xlink:href="#sSpan638" value="ⲡⲉⲩ ⲉⲓⲱⲧ ⲡ ⲇⲓⲁⲃⲟⲗⲟⲥ"/>
		<feat xlink:href="#sSpan675" value="ⲛⲁⲩ ⲛⲓⲙ"/>
		<feat xlink:href="#sSpan699" value="ⲧ ⲃⲟⲏⲑⲉⲓⲁ ⲛ ϩⲉⲛ ⲥⲛⲏⲩ"/>
		<feat xlink:href="#sSpan710" value="ϩⲉⲛ ⲥⲛⲏⲩ"/>
		<feat xlink:href="#sSpan723" value="ϩⲉⲛ ϣⲃⲏⲣ"/>
		<feat xlink:href="#sSpan770" value="ϩⲉⲛ ⲣⲱⲙⲉ"/>
		<feat xlink:href="#sSpan781" value="ϩⲉⲛ ϣⲃⲣ ⲙ ⲡⲓⲥⲧⲟⲥ"/>
		<feat xlink:href="#sSpan802" value="ϩⲉⲛ ⲥⲛⲏⲩ"/>
		<feat xlink:href="#sSpan826" value="ⲧ ⲃⲟⲏⲑⲉⲓⲁ ⲙ ⲡ ⲛⲟⲩⲧⲉ"/>
		<feat xlink:href="#sSpan836" value="ⲡ ⲛⲟⲩⲧⲉ"/>
		<feat xlink:href="#sSpan848" value="ⲟⲩ ⲛⲟϭ ⲧⲉ ⲉ ⲛⲁⲓ ⲧⲏⲣ ⲟⲩ"/>
		<feat xlink:href="#sSpan862" value="ⲛⲁⲓ ⲧⲏⲣ ⲟⲩ"/>
		<feat xlink:href="#sSpan885" value="ⲡⲁⲓ ⲙ ⲡⲁ ⲣⲟⲟⲩϣ ⲁⲛ ⲡⲉ ⲛⲁ ⲓ"/>
		<feat xlink:href="#sSpan892" value="ⲡⲁ ⲣⲟⲟⲩϣ"/>
		<feat xlink:href="#sSpan921" value="ⲛⲉⲓ ⲕⲟⲟⲩⲉ"/>
		<feat xlink:href="#sSpan944" value="ⲟⲩ ⲇⲟⲩⲝ"/>
		<feat xlink:href="#sSpan951" value="ⲅⲉⲛⲏⲥⲉⲛ"/>
		<feat xlink:href="#sSpan959" value="ⲟⲩ ⲇⲟⲩⲝ ⲛ ϩⲉⲗⲗⲏⲛ"/>
		<feat xlink:href="#sSpan971" value="ϩⲉⲗⲗⲏⲛ"/>
		<feat xlink:href="#sSpan997" value="ⲡ ⲧⲣⲉ ϥ ⲉⲓ ⲉ ⲡⲉⲓ ⲙⲁ"/>
		<feat xlink:href="#sSpan1011" value="ⲡⲉⲓ ⲙⲁ"/>
		<feat xlink:href="#sSpan1109" value="ⲡ ⲉⲧⲉ ⲙⲛ ⲛⲟⲩⲧⲉ ϣⲟⲟⲡ ⲛⲥⲁ ⲓⲏⲥⲟⲩⲥ"/>
		<feat xlink:href="#sSpan1116" value="ⲛⲟⲩⲧⲉ"/>
		<feat xlink:href="#sSpan1130" value="ⲓⲏⲥⲟⲩⲥ"/>
		<feat xlink:href="#sSpan1157" value="ⲙⲟⲩⲛⲅ ⲛ ϭⲓϫ ⲛ ⲉⲓⲇⲱⲗⲟⲛ ⲛ ⲇⲁⲓⲙⲟⲛⲓⲟⲛ"/>
		<feat xlink:href="#sSpan1165" value="ϭⲓϫ ⲛ ⲉⲓⲇⲱⲗⲟⲛ ⲛ ⲇⲁⲓⲙⲟⲛⲓⲟⲛ"/>
		<feat xlink:href="#sSpan1173" value="ⲉⲓⲇⲱⲗⲟⲛ ⲛ ⲇⲁⲓⲙⲟⲛⲓⲟⲛ"/>
		<feat xlink:href="#sSpan1182" value="ⲇⲁⲓⲙⲟⲛⲓⲟⲛ"/>
		<feat xlink:href="#sSpan1207" value="ⲛⲉ ⲡⲣⲟⲫⲏⲧⲏⲥ"/>
		<feat xlink:href="#sSpan1235" value="ⲙⲛ ⲣⲁϣⲉ"/>
		<feat xlink:href="#sSpan1249" value="ⲛ ⲁⲥⲉⲃⲏⲥ"/>
		<feat xlink:href="#sSpan1261" value="ⲡ ϫⲟⲉⲓⲥ ⲡ ⲛⲟⲩⲧⲉ"/>
		<feat xlink:href="#sSpan1355" value="ⲡ ϭⲱⲛⲧ ⲙ ⲡ ⲛⲟⲩⲧⲉ"/>
		<feat xlink:href="#sSpan1364" value="ⲡ ⲛⲟⲩⲧⲉ"/>
		<feat xlink:href="#sSpan1379" value="ⲃⲟⲗ ⲙⲙⲟ ϥ"/>
		<feat xlink:href="#sSpan1391" value="ϣⲁϩⲣⲁⲓ ⲉ ⲡⲟⲟⲩ"/>
		<feat xlink:href="#sSpan1417" value="ⲧ ⲥⲩⲛⲧⲉⲗⲓⲁ"/>
		<feat xlink:href="#sSpan1428" value="ⲟⲩ ⲥⲩⲛⲁⲅⲱⲅⲏ ⲇⲉ ⲙ ⲡⲟⲛⲏⲣⲟⲛ"/>
		<feat xlink:href="#sSpan1452" value="ⲟⲩ ⲥⲩⲛⲁⲅⲱⲅⲏ"/>
		<feat xlink:href="#sSpan1473" value="ⲙⲁⲥⲉ"/>
		<feat xlink:href="#sSpan1481" value="ⲟⲩϩⲟⲣ"/>
		<feat xlink:href="#sSpan1529" value="ⲧ ⲁⲧϣⲉⲡϩⲙⲟⲧ ⲧ ⲉⲧ ϩⲏⲡ ⲁⲛ ⲉ ⲓⲏⲥⲟⲩⲥ"/>
		<feat xlink:href="#sSpan1557" value="ⲓⲏⲥⲟⲩⲥ"/>
		<feat xlink:href="#sSpan1619" value="ⲡ ⲉⲧ ⲟⲩⲁⲁⲃ"/>
		<feat xlink:href="#sSpan1693" value="ⲡⲟⲩ ⲣⲁⲛ"/>
		<feat xlink:href="#sSpan1703" value="ⲧ ⲉⲧ ⲙⲉϩ ⲛ ⲇⲁⲓⲙⲟⲛⲓⲟⲛ ⲧ ⲉⲛⲧ ⲁ ⲡⲛⲉⲩⲙⲁ ⲛⲓⲙ ⲙ ⲡⲟⲛⲏⲣⲟⲛ ϭⲟⲓⲗⲉ ⲉⲣⲟ ⲥ"/>
		<feat xlink:href="#sSpan1716" value="ⲇⲁⲓⲙⲟⲛⲓⲟⲛ"/>
		<feat xlink:href="#sSpan1729" value="ⲡⲛⲉⲩⲙⲁ ⲛⲓⲙ ⲙ ⲡⲟⲛⲏⲣⲟⲛ"/>
		<feat xlink:href="#sSpan1780" value="ⲛⲉⲩ ⲉⲡⲓⲑⲩⲙⲓⲁ"/>
		<feat xlink:href="#sSpan1819" value="ⲧ ⲕⲟⲓⲛⲱⲛⲟⲥ ⲛ ⲛ ⲉⲧ ϫⲓⲟⲩⲁ ⲉ ⲡ ⲛⲟⲩⲧⲉ"/>
		<feat xlink:href="#sSpan1830" value="ⲛ ⲉⲧ ϫⲓⲟⲩⲁ ⲉ ⲡ ⲛⲟⲩⲧⲉ"/>
		<feat xlink:href="#sSpan1844" value="ⲡ ⲛⲟⲩⲧⲉ"/>
		<feat xlink:href="#sSpan1866" value="ⲡⲉ ϩⲟⲟⲩ ⲙ ⲡⲟⲩ ϫⲡⲓⲟ"/>
		<feat xlink:href="#sSpan1876" value="ⲡⲟⲩ ϫⲡⲓⲟ"/>
		<feat xlink:href="#sSpan1894" value="ⲣⲁⲥⲱⲃⲉ"/>
		<feat xlink:href="#sSpan1904" value="ⲛ ⲉⲧ ⲥⲱⲃⲉ ⲛⲥⲱ"/>
		<feat xlink:href="#sSpan1935" value="ⲡ ⲛⲟⲩⲧⲉ"/>
		<feat xlink:href="#sSpan1956" value="ⲛⲉϥ ⲡⲉⲧⲟⲩⲁⲁⲃ"/>
		<feat xlink:href="#sSpan1988" value="ⲙⲛⲧⲣϩⲟⲩⲟ"/>
		<feat xlink:href="#sSpan2007" value="ⲡ ⲛⲟⲩⲧⲉ"/>
		<feat xlink:href="#sSpan2019" value="ⲛⲉϥ ⲣⲱⲙⲉ ϩⲛ ⲛ ⲧⲁⲙⲉⲓⲟⲛ"/>
		<feat xlink:href="#sSpan2029" value="ⲛ ⲧⲁⲙⲉⲓⲟⲛ"/>
		<feat xlink:href="#sSpan2050" value="ⲛ ⲁⲅⲱⲣⲁ"/>
		<feat xlink:href="#sSpan2070" value="ϩⲉⲛ ⲡⲗⲁⲧⲉⲓⲁ ⲉ ⲛⲁϣⲉ ⲛ ⲉⲧ ⲥⲱⲧⲙ"/>
		<feat xlink:href="#sSpan2083" value="ⲛ ⲉⲧ ⲥⲱⲧⲙ"/>
		<feat xlink:href="#sSpan2135" value="ⲡⲁⲣⲣⲏⲥⲓⲁ"/>
		<feat xlink:href="#sSpan2149" value="ⲧ ⲙⲏⲏⲧⲉ ⲙ ⲡⲉⲓ ⲙⲏⲏϣⲉ"/>
		<feat xlink:href="#sSpan2159" value="ⲡⲉⲓ ⲙⲏⲏϣⲉ"/>
		<feat xlink:href="#sSpan2181" value="ϫⲱⲟⲩ ⲛ ⲛ ⲧⲟϣ ⲙⲛ ⲡ ⲕⲁϩ ⲧⲏⲣ ϥ"/>
		<feat xlink:href="#sSpan2189" value="ⲛ ⲧⲟϣ"/>
		<feat xlink:href="#sSpan2198" value="ⲡ ⲕⲁϩ ⲧⲏⲣ ϥ"/>
		<feat xlink:href="#sSpan2230" value="ⲛ ⲉⲧ ϫⲱ ⲙⲙⲟ ⲥ"/>
		<feat xlink:href="#sSpan2263" value="ⲛⲟⲩⲧⲉ"/>
		<feat xlink:href="#sSpan2282" value="ⲛⲟⲩⲧⲉ"/>
		<feat xlink:href="#sSpan2307" value="ⲛ ⲉⲧ ϫⲱ ⲙⲙⲟ ⲥ"/>
		<feat xlink:href="#sSpan2328" value="ⲟⲩ ⲛⲟⲩⲧⲉ"/>
		<feat xlink:href="#sSpan2338" value="ⲡ ⲛⲟⲩⲧⲉ"/>
		<feat xlink:href="#sSpan2373" value="ⲡ ⲇⲓⲁⲃⲟⲗⲟⲥ"/>
		<feat xlink:href="#sSpan2406" value="ⲡⲁⲓ"/>
		<feat xlink:href="#sSpan2431" value="ⲓⲱⲃ"/>
		<feat xlink:href="#sSpan2436" value="ⲡ ⲣⲣⲟ ⲡ ⲛⲟⲩⲧⲉ ⲡ ⲡⲁⲛⲧⲟⲕⲣⲁⲧⲱⲣ"/>
		<feat xlink:href="#sSpan2474" value="ⲡ ⲇⲁⲓⲙⲱⲛ ⲉⲧ ⲙⲙⲁⲩ"/>
		<feat xlink:href="#sSpan2523" value="ⲡ ⲛⲟⲩⲥ ⲛ ⲛ ⲉⲧ ⲟⲩ ⲥⲱⲧⲙ ⲉⲣⲟ ⲟⲩ"/>
		<feat xlink:href="#sSpan2533" value="ⲛ ⲉⲧ ⲟⲩ ⲥⲱⲧⲙ ⲉⲣⲟ ⲟⲩ"/>
		<feat xlink:href="#sSpan2557" value="ϩⲁϩ ⲛ ⲥⲟⲡ"/>
		<feat xlink:href="#sSpan2571" value="ⲡ ⲛⲟⲩⲧⲉ"/>
		<feat xlink:href="#sSpan2586" value="ⲛⲉ ⲅⲣⲁⲫⲏ"/>
		<feat xlink:href="#sSpan2601" value="ⲛ ⲉⲛⲧ ⲁ ⲩ ⲉⲓⲙⲉ"/>
		<feat xlink:href="#sSpan2625" value="ⲁⲧⲛⲟⲩⲧⲉ ⲉⲧ ⲙⲙⲁⲩ"/>
		<feat xlink:href="#sSpan2663" value="ⲧ ⲥⲩⲛⲏⲑⲓⲁ ⲛ ⲛ ⲣⲱⲙⲉ ⲡⲉ ⲁⲡⲉⲓⲗⲏ ⲉ ϩⲉⲛ ϩⲙϩⲁⲗ"/>
		<feat xlink:href="#sSpan2674" value="ⲛ ⲣⲱⲙⲉ ⲡⲉ ⲁⲡⲉⲓⲗⲏ ⲉ ϩⲉⲛ ϩⲙϩⲁⲗ"/>
		<feat xlink:href="#sSpan2682" value="ⲡⲉ ⲁⲡⲉⲓⲗⲏ ⲉ ϩⲉⲛ ϩⲙϩⲁⲗ"/>
		<feat xlink:href="#sSpan2695" value="ϩⲉⲛ ϩⲙϩⲁⲗ"/>
		<feat xlink:href="#sSpan2782" value="ⲉⲗⲓⲥⲥⲁⲓⲟⲥ"/>
		<feat xlink:href="#sSpan2791" value="ⲅⲉⲉⲓⲥⲉⲓ"/>
		<feat xlink:href="#sSpan2861" value="ⲧⲁⲓ"/>
		<feat xlink:href="#sSpan2884" value="ⲡ ϫⲟⲉⲓⲥ"/>
		<feat xlink:href="#sSpan2894" value="ⲡ ⲇⲓⲁⲃⲟⲗⲟⲥ"/>
		<feat xlink:href="#sSpan2909" value="ⲟⲩ ⲁⲡⲉⲓⲗⲏ"/>
		<feat xlink:href="#sSpan2939" value="ⲡ ⲣⲉϥⲧⲁⲕⲟ · ⲡ ⲣⲉϥϫⲓϭⲟⲗ · ⲡ ⲉⲧ ϣⲟⲩϣⲟⲩ ⲙⲙⲟ ϥ ⲉϫⲛ ⲛ ⲣⲱⲙⲉ ⲉⲧ ϭⲟⲟⲙⲉ"/>
		<feat xlink:href="#sSpan2985" value="ⲛ ⲣⲱⲙⲉ ⲉⲧ ϭⲟⲟⲙⲉ"/>
		<feat xlink:href="#sSpan3020" value="ⲡ ϭⲱⲃ"/>
		<feat xlink:href="#sSpan3031" value="ⲡⲁ ϩⲙϩⲁⲗ ⲓⲱⲃ"/>
		<feat xlink:href="#sSpan3053" value="ⲣⲱⲙⲉ ⲉ ϥ ⲧⲛⲧⲱⲛ ⲉⲣⲟ ϥ"/>
		<feat xlink:href="#sSpan3091" value="ⲙⲓϣⲉ"/>
		<feat xlink:href="#sSpan3098" value="ⲡⲉⲕ ⲟⲩⲟⲉⲓ"/>
		<feat xlink:href="#sSpan3108" value="ⲡⲁⲓ"/>
		<feat xlink:href="#sSpan3141" value="ⲡ ⲇⲁⲓⲙⲱⲛ"/>
		<feat xlink:href="#sSpan3154" value="ⲩ ⲇⲟⲕⲓⲙⲏ ⲛ ⲛⲁ ⲥⲱⲧⲡ"/>
		<feat xlink:href="#sSpan3165" value="ⲛⲁ ⲥⲱⲧⲡ"/>
		<feat xlink:href="#sSpan3193" value="ⲛ ⲉⲧⲉ ⲕ ϫⲓϣⲓⲡⲉ ⲉⲃⲟⲗ ϩⲓⲧⲟⲟⲧ ⲟⲩ ⲧⲏⲣ ⲟⲩ"/>
		<feat xlink:href="#sSpan3232" value="ⲡ ⲧⲣⲉ ⲩ ϫⲣⲟ ⲉⲣⲟ ⲕ"/>
		<feat xlink:href="#sSpan3254" value="ⲡ ⲁⲅⲅⲉⲗⲟⲥ ⲉⲧ ⲟⲩ ⲙⲟⲩⲟⲩⲧ ⲙⲙⲟ ϥ ⲡ ⲙⲟⲩⲓ ⲁⲩⲱ ⲡⲉ ⲇⲣⲁⲕⲱⲛ ⲉⲧ ⲟⲩ ϩⲱⲙ ⲉϫⲱ ϥ ϩⲓⲧⲛ ⲛ ⲉⲧ ⲁ ⲓ ϯ ⲉ ⲧⲣ ⲁ ⲙⲟⲩⲣ ⲟⲩ ⲛ ⲟⲩ ϭⲟⲙ · ⲁⲩⲱ ⲉ ⲧⲣ ⲁ ⲙⲟⲩⲣ ⲟⲩ ⲉ ⲛⲟⲩ ⲙⲛⲧϫⲱⲱⲣⲉ"/>
		<feat xlink:href="#sSpan3316" value="ⲛ ⲉⲧ ⲁ ⲓ ϯ ⲉ ⲧⲣ ⲁ ⲙⲟⲩⲣ ⲟⲩ ⲛ ⲟⲩ ϭⲟⲙ"/>
		<feat xlink:href="#sSpan3345" value="ⲟⲩ ϭⲟⲙ"/>
		<feat xlink:href="#sSpan3376" value="ⲛⲟⲩ ⲙⲛⲧϫⲱⲱⲣⲉ"/>
		<feat xlink:href="#sSpan3399" value="ⲛⲉⲕ ⲙⲛⲧⲁⲥⲉⲃⲏⲥ"/>
		<feat xlink:href="#sSpan3427" value="ⲛ ⲉⲧ ϫⲱ ⲙⲙⲟ ⲥ"/>
		<feat xlink:href="#sSpan3448" value="ⲟⲩ ⲛⲟⲩⲧⲉ"/>
		<feat xlink:href="#sSpan3487" value="ⲁⲇⲁⲙ"/></featList></paula>