<?xml version='1.0' encoding='UTF-8'?><!DOCTYPE paula SYSTEM "paula_feat.dtd">
<paula version="1.1">
	<header paula_id="scriptorium.shenoute.those.GF263-267.mark_chapter_n"/>
	<featList xmlns:xlink="http://www.w3.org/1999/xlink" type="chapter_n" xml:base="scriptorium.shenoute.those.GF263-267.mark.xml">
		<feat xlink:href="#sSpan10" value="11"/>
		<feat xlink:href="#sSpan263" value="12"/>
		<feat xlink:href="#sSpan937" value="13"/>
		<feat xlink:href="#sSpan1284" value="14"/>
		<feat xlink:href="#sSpan2100" value="15"/>
		<feat xlink:href="#sSpan3416" value="16"/></featList></paula>