<?xml version='1.0' encoding='UTF-8'?><!DOCTYPE paula SYSTEM "paula_feat.dtd">
<paula version="1.1">
	<header paula_id="scriptorium.shenoute.those.GF263-267.mark_multiword"/>
	<featList xmlns:xlink="http://www.w3.org/1999/xlink" type="multiword" xml:base="scriptorium.shenoute.those.GF263-267.mark.xml">
		<feat xlink:href="#sSpan163" value="ϩⲱⲃ ⲛⲓⲙ"/>
		<feat xlink:href="#sSpan373" value="ϯ ⲟⲩⲃⲉ"/>
		<feat xlink:href="#sSpan877" value="ⲉⲧⲃⲉ ⲡⲁⲓ"/>
		<feat xlink:href="#sSpan1004" value="ⲉⲓ ⲉ"/>
		<feat xlink:href="#sSpan1083" value="ⲉⲧⲃⲉ ⲟⲩ"/>
		<feat xlink:href="#sSpan1648" value="ⲉⲃⲟⲗ ϩⲓⲧⲟⲟⲧ"/>
		<feat xlink:href="#sSpan2173" value="ⲥⲱⲧⲙ ⲛⲥⲁ"/>
		<feat xlink:href="#sSpan2411" value="ⲉⲃⲟⲗ ϫⲉ"/>
		<feat xlink:href="#sSpan3207" value="ⲉⲃⲟⲗ ϩⲓⲧⲟⲟⲧ"/>
		<feat xlink:href="#sSpan3325" value="ϯ ⲉ"/>
		<feat xlink:href="#sSpan3466" value="ⲉⲧⲃⲉ ⲟⲩ"/></featList></paula>