<?xml version='1.0' encoding='UTF-8'?><!DOCTYPE paula SYSTEM "paula_feat.dtd">
<paula version="1.1">
	<header paula_id="scriptorium.shenoute.those.GF263-267.mark_norm"/>
	<featList xmlns:xlink="http://www.w3.org/1999/xlink" type="norm" xml:base="scriptorium.shenoute.those.GF263-267.mark.xml">
		<feat xlink:href="#sSpan2" value="ⲡ"/>
		<feat xlink:href="#sSpan13" value="ⲧⲣⲉ"/>
		<feat xlink:href="#sSpan15" value="ⲩ"/>
		<feat xlink:href="#sSpan17" value="ⲥⲱⲧⲙ"/>
		<feat xlink:href="#sSpan19" value="ⲉ"/>
		<feat xlink:href="#sSpan23" value="ⲡⲉ"/>
		<feat xlink:href="#sSpan26" value="ϩⲣⲟⲟⲩ"/>
		<feat xlink:href="#sSpan29" value="ⲛ"/>
		<feat xlink:href="#sSpan33" value="ϩⲉⲛ"/>
		<feat xlink:href="#sSpan36" value="ⲃⲁϣⲟⲣ"/>
		<feat xlink:href="#sSpan39" value="·"/>
		<feat xlink:href="#sSpan44" value="ⲏ"/>
		<feat xlink:href="#sSpan48" value="ⲁ"/>
		<feat xlink:href="#sSpan52" value="ⲩ"/>
		<feat xlink:href="#sSpan54" value="ⲛⲁⲩ"/>
		<feat xlink:href="#sSpan56" value="ⲉⲣⲟ"/>
		<feat xlink:href="#sSpan61" value="ⲟⲩ"/>
		<feat xlink:href="#sSpan63" value="·"/>
		<feat xlink:href="#sSpan69" value="ⲁⲗⲗⲁ"/>
		<feat xlink:href="#sSpan76" value="ⲙⲉ"/>
		<feat xlink:href="#sSpan80" value="ⲩ"/>
		<feat xlink:href="#sSpan82" value="ⲧⲁϩⲟ"/>
		<feat xlink:href="#sSpan84" value="ⲕ"/>
		<feat xlink:href="#sSpan86" value="ϩⲉⲛ"/>
		<feat xlink:href="#sSpan92" value="ⲗⲁⲁⲩ"/>
		<feat xlink:href="#sSpan94" value="ⲛⲥⲁ"/>
		<feat xlink:href="#sSpan98" value="ⲡⲁⲓ"/>
		<feat xlink:href="#sSpan102" value="ⲙⲙⲁⲧⲉ"/>
		<feat xlink:href="#sSpan106" value="·"/>
		<feat xlink:href="#sSpan110" value="ⲉⲧⲉ"/>
		<feat xlink:href="#sSpan114" value="ⲛ"/>
		<feat xlink:href="#sSpan118" value="ϩⲁⲡ"/>
		<feat xlink:href="#sSpan120" value="ⲛⲉ"/>
		<feat xlink:href="#sSpan124" value="ⲙ"/>
		<feat xlink:href="#sSpan128" value="ⲙⲓϣⲉ"/>
		<feat xlink:href="#sSpan132" value="ⲉϫⲱ"/>
		<feat xlink:href="#sSpan136" value="ⲟⲩ"/>
		<feat xlink:href="#sSpan138" value="·"/>
		<feat xlink:href="#sSpan142" value="ⲁⲩⲱ"/>
		<feat xlink:href="#sSpan147" value="ⲡ"/>
		<feat xlink:href="#sSpan153" value="ⲇⲓⲕⲁⲓⲟⲛ"/>
		<feat xlink:href="#sSpan156" value="ϩⲉⲛ"/>
		<feat xlink:href="#sSpan161" value="ϩⲱⲃ"/>
		<feat xlink:href="#sSpan164" value="ⲛⲓⲙ"/>
		<feat xlink:href="#sSpan168" value="·"/>
		<feat xlink:href="#sSpan172" value="ⲛ"/>
		<feat xlink:href="#sSpan177" value="ϩⲟⲩⲟ"/>
		<feat xlink:href="#sSpan180" value="ⲇⲉ"/>
		<feat xlink:href="#sSpan184" value="ⲛⲉ"/>
		<feat xlink:href="#sSpan188" value="ⲕ"/>
		<feat xlink:href="#sSpan190" value="ⲥⲁϩⲱⲱ"/>
		<feat xlink:href="#sSpan193" value="ⲕ"/>
		<feat xlink:href="#sSpan195" value="ⲉⲃⲟⲗ"/>
		<feat xlink:href="#sSpan199" value="ⲛ"/>
		<feat xlink:href="#sSpan204" value="ϫⲁϫⲉ"/>
		<feat xlink:href="#sSpan207" value="ⲙ"/>
		<feat xlink:href="#sSpan211" value="ⲡⲉ"/>
		<feat xlink:href="#sSpan215" value="ⲭⲣⲓⲥⲧⲟⲥ"/>
		<feat xlink:href="#sSpan217" value="·"/>
		<feat xlink:href="#sSpan221" value="ⲙⲛ"/>
		<feat xlink:href="#sSpan226" value="ⲛ"/>
		<feat xlink:href="#sSpan229" value="ⲉⲧ"/>
		<feat xlink:href="#sSpan231" value="ϫⲓ"/>
		<feat xlink:href="#sSpan233" value="ⲛ"/>
		<feat xlink:href="#sSpan237" value="ⲛ"/>
		<feat xlink:href="#sSpan240" value="ϩⲏⲕⲉ"/>
		<feat xlink:href="#sSpan243" value="ⲛ"/>
		<feat xlink:href="#sSpan247" value="ϭⲟⲛⲥ"/>
		<feat xlink:href="#sSpan250" value="·"/>
		<feat xlink:href="#sSpan255" value="ⲛ"/>
		<feat xlink:href="#sSpan264" value="ϣⲁϫⲉ"/>
		<feat xlink:href="#sSpan267" value="ⲅⲁⲣ"/>
		<feat xlink:href="#sSpan271" value="ⲙ"/>
		<feat xlink:href="#sSpan276" value="ⲡⲟⲛⲏⲣⲟⲛ"/>
		<feat xlink:href="#sSpan279" value="ⲉⲧⲉⲣⲉ"/>
		<feat xlink:href="#sSpan283" value="ⲡⲉⲩ"/>
		<feat xlink:href="#sSpan288" value="ⲥⲡⲉⲣⲙⲁ"/>
		<feat xlink:href="#sSpan290" value="ϫⲱ"/>
		<feat xlink:href="#sSpan295" value="ⲙⲙⲟ"/>
		<feat xlink:href="#sSpan299" value="ⲟⲩ"/>
		<feat xlink:href="#sSpan301" value="ⲉϩⲟⲩⲛ"/>
		<feat xlink:href="#sSpan306" value="ⲉⲣⲟ"/>
		<feat xlink:href="#sSpan310" value="ⲛ"/>
		<feat xlink:href="#sSpan312" value="ⲉ"/>
		<feat xlink:href="#sSpan316" value="ⲩ"/>
		<feat xlink:href="#sSpan318" value="ϩⲟⲟⲩ"/>
		<feat xlink:href="#sSpan321" value="ⲁⲛ"/>
		<feat xlink:href="#sSpan325" value="ⲉ"/>
		<feat xlink:href="#sSpan329" value="ⲛ"/>
		<feat xlink:href="#sSpan332" value="ⲉⲧⲉⲣⲉ"/>
		<feat xlink:href="#sSpan334" value="ⲡⲉⲩ"/>
		<feat xlink:href="#sSpan338" value="ⲉⲓⲱⲧ"/>
		<feat xlink:href="#sSpan340" value="ϫⲱ"/>
		<feat xlink:href="#sSpan344" value="ⲙⲙⲟ"/>
		<feat xlink:href="#sSpan350" value="ⲟⲩ"/>
		<feat xlink:href="#sSpan352" value="ⲙ"/>
		<feat xlink:href="#sSpan356" value="ⲡ"/>
		<feat xlink:href="#sSpan359" value="ⲕⲱⲧⲉ"/>
		<feat xlink:href="#sSpan362" value="ⲛ"/>
		<feat xlink:href="#sSpan366" value="ⲛ"/>
		<feat xlink:href="#sSpan369" value="ⲉⲧ"/>
		<feat xlink:href="#sSpan371" value="ϯ"/>
		<feat xlink:href="#sSpan374" value="ⲟⲩⲃⲉ"/>
		<feat xlink:href="#sSpan378" value="ⲛⲉϥ"/>
		<feat xlink:href="#sSpan383" value="ⲗⲟⲅⲓⲥⲙⲟⲥ"/>
		<feat xlink:href="#sSpan385" value="ⲛ"/>
		<feat xlink:href="#sSpan390" value="ⲛⲁⲩ"/>
		<feat xlink:href="#sSpan393" value="ⲛⲓⲙ"/>
		<feat xlink:href="#sSpan397" value="·"/>
		<feat xlink:href="#sSpan403" value="ⲟⲩⲇⲉ"/>
		<feat xlink:href="#sSpan410" value="ⲟⲛ"/>
		<feat xlink:href="#sSpan415" value="ⲇⲉ"/>
		<feat xlink:href="#sSpan419" value="ⲛ"/>
		<feat xlink:href="#sSpan423" value="ⲟⲩ"/>
		<feat xlink:href="#sSpan426" value="ⲛ"/>
		<feat xlink:href="#sSpan430" value="ϣⲁϫⲉ"/>
		<feat xlink:href="#sSpan434" value="ⲛ"/>
		<feat xlink:href="#sSpan439" value="ⲁⲅⲁⲑⲟⲛ"/>
		<feat xlink:href="#sSpan442" value="ⲉⲧⲉⲣⲉ"/>
		<feat xlink:href="#sSpan446" value="ϩⲟⲓⲛⲉ"/>
		<feat xlink:href="#sSpan449" value="ⲛⲁ"/>
		<feat xlink:href="#sSpan454" value="ϫⲟ"/>
		<feat xlink:href="#sSpan456" value="ⲟⲩ"/>
		<feat xlink:href="#sSpan458" value="ⲉϩⲟⲩⲛ"/>
		<feat xlink:href="#sSpan462" value="ⲉⲣⲟ"/>
		<feat xlink:href="#sSpan467" value="ⲛ"/>
		<feat xlink:href="#sSpan469" value="·"/>
		<feat xlink:href="#sSpan473" value="ⲛⲉ"/>
		<feat xlink:href="#sSpan477" value="ⲩ"/>
		<feat xlink:href="#sSpan479" value="ⲥⲟⲧⲡ"/>
		<feat xlink:href="#sSpan481" value="ⲁⲛ"/>
		<feat xlink:href="#sSpan486" value="ⲉ"/>
		<feat xlink:href="#sSpan490" value="ⲛ"/>
		<feat xlink:href="#sSpan492" value="ⲉⲧⲉⲣⲉ"/>
		<feat xlink:href="#sSpan495" value="ⲓⲏⲥⲟⲩⲥ"/>
		<feat xlink:href="#sSpan498" value="ⲡⲉⲛ"/>
		<feat xlink:href="#sSpan503" value="ⲣⲣⲟ"/>
		<feat xlink:href="#sSpan505" value="·"/>
		<feat xlink:href="#sSpan509" value="ⲁⲩⲱ"/>
		<feat xlink:href="#sSpan513" value="ⲡⲉⲛ"/>
		<feat xlink:href="#sSpan519" value="ϫⲟⲉⲓⲥ"/>
		<feat xlink:href="#sSpan521" value="·"/>
		<feat xlink:href="#sSpan525" value="ϫⲱ"/>
		<feat xlink:href="#sSpan531" value="ⲙⲙⲟ"/>
		<feat xlink:href="#sSpan536" value="ⲟⲩ"/>
		<feat xlink:href="#sSpan538" value="ⲉϩⲣⲁⲓ"/>
		<feat xlink:href="#sSpan542" value="ⲉ"/>
		<feat xlink:href="#sSpan546" value="ⲡⲉⲛ"/>
		<feat xlink:href="#sSpan550" value="ϩⲏⲧ"/>
		<feat xlink:href="#sSpan552" value="ⲛ"/>
		<feat xlink:href="#sSpan556" value="ⲛⲁⲩ"/>
		<feat xlink:href="#sSpan559" value="ⲛⲓⲙ"/>
		<feat xlink:href="#sSpan564" value="·"/>
		<feat xlink:href="#sSpan570" value="ⲟⲩⲇⲉ"/>
		<feat xlink:href="#sSpan577" value="ⲛⲉⲣⲉ"/>
		<feat xlink:href="#sSpan581" value="ⲡ"/>
		<feat xlink:href="#sSpan584" value="ⲙⲓϣⲉ"/>
		<feat xlink:href="#sSpan587" value="ⲛ"/>
		<feat xlink:href="#sSpan591" value="ⲛ"/>
		<feat xlink:href="#sSpan594" value="ⲉⲧ"/>
		<feat xlink:href="#sSpan596" value="ϯ"/>
		<feat xlink:href="#sSpan598" value="ⲟⲩⲃⲏ"/>
		<feat xlink:href="#sSpan601" value="ⲛ"/>
		<feat xlink:href="#sSpan603" value="·"/>
		<feat xlink:href="#sSpan607" value="ⲟ"/>
		<feat xlink:href="#sSpan611" value="ⲛ"/>
		<feat xlink:href="#sSpan615" value="ⲛⲟϭ"/>
		<feat xlink:href="#sSpan617" value="ⲁⲛ"/>
		<feat xlink:href="#sSpan622" value="ⲉ"/>
		<feat xlink:href="#sSpan626" value="ⲡ"/>
		<feat xlink:href="#sSpan629" value="ⲙⲓϣⲉ"/>
		<feat xlink:href="#sSpan631" value="ⲙ"/>
		<feat xlink:href="#sSpan635" value="ⲡⲉⲩ"/>
		<feat xlink:href="#sSpan639" value="ⲉⲓⲱⲧ"/>
		<feat xlink:href="#sSpan641" value="ⲡ"/>
		<feat xlink:href="#sSpan646" value="ⲇⲓⲁⲃⲟⲗⲟⲥ"/>
		<feat xlink:href="#sSpan649" value="·"/>
		<feat xlink:href="#sSpan653" value="ⲉⲧ"/>
		<feat xlink:href="#sSpan657" value="ⲛ"/>
		<feat xlink:href="#sSpan659" value="ⲙⲓϣⲉ"/>
		<feat xlink:href="#sSpan662" value="ⲟⲩⲃⲏ"/>
		<feat xlink:href="#sSpan666" value="ϥ"/>
		<feat xlink:href="#sSpan668" value="ⲛ"/>
		<feat xlink:href="#sSpan673" value="ⲛⲁⲩ"/>
		<feat xlink:href="#sSpan676" value="ⲛⲓⲙ"/>
		<feat xlink:href="#sSpan680" value="·"/>
		<feat xlink:href="#sSpan684" value="ⲉϣϫⲉ"/>
		<feat xlink:href="#sSpan695" value="ⲛⲁⲛⲟⲩ"/>
		<feat xlink:href="#sSpan697" value="ⲧ"/>
		<feat xlink:href="#sSpan701" value="ⲃⲟⲏⲑⲉⲓⲁ"/>
		<feat xlink:href="#sSpan703" value="ⲛ"/>
		<feat xlink:href="#sSpan708" value="ϩⲉⲛ"/>
		<feat xlink:href="#sSpan711" value="ⲥⲛⲏⲩ"/>
		<feat xlink:href="#sSpan713" value="·"/>
		<feat xlink:href="#sSpan717" value="ⲁⲩⲱ"/>
		<feat xlink:href="#sSpan721" value="ϩⲉⲛ"/>
		<feat xlink:href="#sSpan727" value="ϣⲃⲏⲣ"/>
		<feat xlink:href="#sSpan729" value="ⲉ"/>
		<feat xlink:href="#sSpan733" value="ⲩ"/>
		<feat xlink:href="#sSpan736" value="ⲃⲟⲏⲑⲉⲓⲁ"/>
		<feat xlink:href="#sSpan739" value="ⲉ"/>
		<feat xlink:href="#sSpan743" value="ⲛⲉⲩ"/>
		<feat xlink:href="#sSpan745" value="ⲉⲣⲏⲩ"/>
		<feat xlink:href="#sSpan747" value="·"/>
		<feat xlink:href="#sSpan752" value="ⲛⲁⲛⲟⲩ"/>
		<feat xlink:href="#sSpan757" value="ⲥ"/>
		<feat xlink:href="#sSpan760" value="ⲅⲁⲣ"/>
		<feat xlink:href="#sSpan764" value="ⲉⲣϣⲁⲛ"/>
		<feat xlink:href="#sSpan768" value="ϩⲉⲛ"/>
		<feat xlink:href="#sSpan772" value="ⲣⲱⲙⲉ"/>
		<feat xlink:href="#sSpan774" value="ϭⲛ"/>
		<feat xlink:href="#sSpan778" value="ϩⲉⲛ"/>
		<feat xlink:href="#sSpan782" value="ϣⲃⲣ"/>
		<feat xlink:href="#sSpan784" value="ⲙ"/>
		<feat xlink:href="#sSpan789" value="ⲡⲓⲥⲧⲟⲥ"/>
		<feat xlink:href="#sSpan792" value="·"/>
		<feat xlink:href="#sSpan796" value="ⲁⲩⲱ"/>
		<feat xlink:href="#sSpan800" value="ϩⲉⲛ"/>
		<feat xlink:href="#sSpan805" value="ⲥⲛⲏⲩ"/>
		<feat xlink:href="#sSpan808" value="ⲛⲁⲙⲉ"/>
		<feat xlink:href="#sSpan812" value="·"/>
		<feat xlink:href="#sSpan817" value="ⲁⲗⲗⲁ"/>
		<feat xlink:href="#sSpan822" value="ⲧ"/>
		<feat xlink:href="#sSpan828" value="ⲃⲟⲏⲑⲉⲓⲁ"/>
		<feat xlink:href="#sSpan830" value="ⲙ"/>
		<feat xlink:href="#sSpan834" value="ⲡ"/>
		<feat xlink:href="#sSpan838" value="ⲛⲟⲩⲧⲉ"/>
		<feat xlink:href="#sSpan840" value="·"/>
		<feat xlink:href="#sSpan844" value="ⲟⲩ"/>
		<feat xlink:href="#sSpan849" value="ⲛⲟϭ"/>
		<feat xlink:href="#sSpan852" value="ⲧⲉ"/>
		<feat xlink:href="#sSpan856" value="ⲉ"/>
		<feat xlink:href="#sSpan860" value="ⲛⲁⲓ"/>
		<feat xlink:href="#sSpan863" value="ⲧⲏⲣ"/>
		<feat xlink:href="#sSpan868" value="ⲟⲩ"/>
		<feat xlink:href="#sSpan870" value="·"/>
		<feat xlink:href="#sSpan875" value="ⲉⲧⲃⲉ"/>
		<feat xlink:href="#sSpan883" value="ⲡⲁⲓ"/>
		<feat xlink:href="#sSpan886" value="ⲙ"/>
		<feat xlink:href="#sSpan890" value="ⲡⲁ"/>
		<feat xlink:href="#sSpan893" value="ⲣⲟⲟⲩϣ"/>
		<feat xlink:href="#sSpan896" value="ⲁⲛ"/>
		<feat xlink:href="#sSpan900" value="ⲡⲉ"/>
		<feat xlink:href="#sSpan904" value="ⲛⲁ"/>
		<feat xlink:href="#sSpan908" value="ⲓ"/>
		<feat xlink:href="#sSpan910" value="·"/>
		<feat xlink:href="#sSpan914" value="ⲙⲛ"/>
		<feat xlink:href="#sSpan919" value="ⲛⲉⲓ"/>
		<feat xlink:href="#sSpan922" value="ⲕⲟⲟⲩⲉ"/>
		<feat xlink:href="#sSpan924" value="·"/>
		<feat xlink:href="#sSpan930" value="ⲙⲏ"/>
		<feat xlink:href="#sSpan938" value="ⲙⲡⲉ"/>
		<feat xlink:href="#sSpan942" value="ⲟⲩ"/>
		<feat xlink:href="#sSpan946" value="ⲇⲟⲩⲝ"/>
		<feat xlink:href="#sSpan949" value="ⲅⲉⲛⲏⲥⲉⲛ"/>
		<feat xlink:href="#sSpan955" value="ⲟⲩ"/>
		<feat xlink:href="#sSpan961" value="ⲇⲟⲩⲝ"/>
		<feat xlink:href="#sSpan963" value="ⲛ"/>
		<feat xlink:href="#sSpan969" value="ϩⲉⲗⲗⲏⲛ"/>
		<feat xlink:href="#sSpan973" value="ⲧⲟⲗⲙⲁ"/>
		<feat xlink:href="#sSpan978" value="ⲉ"/>
		<feat xlink:href="#sSpan982" value="ϫⲟⲟ"/>
		<feat xlink:href="#sSpan984" value="ⲥ"/>
		<feat xlink:href="#sSpan986" value="·"/>
		<feat xlink:href="#sSpan990" value="ϩⲙ"/>
		<feat xlink:href="#sSpan994" value="ⲡ"/>
		<feat xlink:href="#sSpan998" value="ⲧⲣⲉ"/>
		<feat xlink:href="#sSpan1000" value="ϥ"/>
		<feat xlink:href="#sSpan1002" value="ⲉⲓ"/>
		<feat xlink:href="#sSpan1005" value="ⲉ"/>
		<feat xlink:href="#sSpan1009" value="ⲡⲉⲓ"/>
		<feat xlink:href="#sSpan1012" value="ⲙⲁ"/>
		<feat xlink:href="#sSpan1015" value="·"/>
		<feat xlink:href="#sSpan1019" value="ϫⲉ"/>
		<feat xlink:href="#sSpan1023" value="ⲁ"/>
		<feat xlink:href="#sSpan1025" value="ⲓ"/>
		<feat xlink:href="#sSpan1028" value="ⲣⲙⲟⲉⲓϩⲉ"/>
		<feat xlink:href="#sSpan1032" value="ⲣⲱ"/>
		<feat xlink:href="#sSpan1036" value="ϫⲉ"/>
		<feat xlink:href="#sSpan1040" value="ⲕ"/>
		<feat xlink:href="#sSpan1042" value="ⲣⲟⲟⲩⲧ"/>
		<feat xlink:href="#sSpan1045" value="ⲁ"/>
		<feat xlink:href="#sSpan1052" value="ⲓ"/>
		<feat xlink:href="#sSpan1054" value="ϫⲟⲟ"/>
		<feat xlink:href="#sSpan1056" value="ⲥ"/>
		<feat xlink:href="#sSpan1058" value="ⲛⲁ"/>
		<feat xlink:href="#sSpan1062" value="ϥ"/>
		<feat xlink:href="#sSpan1064" value="ⲛ"/>
		<feat xlink:href="#sSpan1068" value="ⲧⲉⲓ"/>
		<feat xlink:href="#sSpan1070" value="ϩⲉ"/>
		<feat xlink:href="#sSpan1073" value="·"/>
		<feat xlink:href="#sSpan1077" value="ϫⲉ"/>
		<feat xlink:href="#sSpan1081" value="ⲉⲧⲃⲉ"/>
		<feat xlink:href="#sSpan1084" value="ⲟⲩ"/>
		<feat xlink:href="#sSpan1086" value="ⲛⲉ"/>
		<feat xlink:href="#sSpan1092" value="ϥ"/>
		<feat xlink:href="#sSpan1094" value="ⲛⲁ"/>
		<feat xlink:href="#sSpan1096" value="ⲟⲩⲣⲟⲧ"/>
		<feat xlink:href="#sSpan1098" value="ⲁⲛ"/>
		<feat xlink:href="#sSpan1102" value="ⲛϭⲓ"/>
		<feat xlink:href="#sSpan1107" value="ⲡ"/>
		<feat xlink:href="#sSpan1110" value="ⲉⲧⲉ"/>
		<feat xlink:href="#sSpan1112" value="ⲙⲛ"/>
		<feat xlink:href="#sSpan1114" value="ⲛⲟⲩⲧⲉ"/>
		<feat xlink:href="#sSpan1118" value="ϣⲟⲟⲡ"/>
		<feat xlink:href="#sSpan1122" value="ⲛⲥⲁ"/>
		<feat xlink:href="#sSpan1128" value="ⲓⲏⲥⲟⲩⲥ"/>
		<feat xlink:href="#sSpan1131" value="·"/>
		<feat xlink:href="#sSpan1136" value="ⲙⲏ"/>
		<feat xlink:href="#sSpan1142" value="ⲉ"/>
		<feat xlink:href="#sSpan1146" value="ⲛ"/>
		<feat xlink:href="#sSpan1148" value="ⲟⲩⲱϣⲧ"/>
		<feat xlink:href="#sSpan1151" value="ⲙ"/>
		<feat xlink:href="#sSpan1155" value="ⲙⲟⲩⲛⲅ"/>
		<feat xlink:href="#sSpan1158" value="ⲛ"/>
		<feat xlink:href="#sSpan1163" value="ϭⲓϫ"/>
		<feat xlink:href="#sSpan1166" value="ⲛ"/>
		<feat xlink:href="#sSpan1171" value="ⲉⲓⲇⲱⲗⲟⲛ"/>
		<feat xlink:href="#sSpan1175" value="ⲛ"/>
		<feat xlink:href="#sSpan1180" value="ⲇⲁⲓⲙⲟⲛⲓⲟⲛ"/>
		<feat xlink:href="#sSpan1184" value="·"/>
		<feat xlink:href="#sSpan1188" value="ⲛ"/>
		<feat xlink:href="#sSpan1194" value="ⲧ"/>
		<feat xlink:href="#sSpan1196" value="ϩⲉ"/>
		<feat xlink:href="#sSpan1198" value="ⲛⲧ"/>
		<feat xlink:href="#sSpan1203" value="ⲁ"/>
		<feat xlink:href="#sSpan1205" value="ⲛⲉ"/>
		<feat xlink:href="#sSpan1209" value="ⲡⲣⲟⲫⲏⲧⲏⲥ"/>
		<feat xlink:href="#sSpan1212" value="ϫⲟⲟ"/>
		<feat xlink:href="#sSpan1216" value="ⲥ"/>
		<feat xlink:href="#sSpan1218" value="ⲉⲧⲃⲏⲏⲧ"/>
		<feat xlink:href="#sSpan1223" value="ⲟⲩ"/>
		<feat xlink:href="#sSpan1225" value="·"/>
		<feat xlink:href="#sSpan1229" value="ϫⲉ"/>
		<feat xlink:href="#sSpan1233" value="ⲙⲛ"/>
		<feat xlink:href="#sSpan1236" value="ⲣⲁϣⲉ"/>
		<feat xlink:href="#sSpan1239" value="ϣⲟⲟⲡ"/>
		<feat xlink:href="#sSpan1243" value="ⲛ"/>
		<feat xlink:href="#sSpan1247" value="ⲛ"/>
		<feat xlink:href="#sSpan1252" value="ⲁⲥⲉⲃⲏⲥ"/>
		<feat xlink:href="#sSpan1254" value="ⲡⲉϫⲉ"/>
		<feat xlink:href="#sSpan1259" value="ⲡ"/>
		<feat xlink:href="#sSpan1262" value="ϫⲟⲉⲓⲥ"/>
		<feat xlink:href="#sSpan1264" value="ⲡ"/>
		<feat xlink:href="#sSpan1268" value="ⲛⲟⲩⲧⲉ"/>
		<feat xlink:href="#sSpan1271" value="·"/>
		<feat xlink:href="#sSpan1277" value="ⲡⲗⲏⲛ"/>
		<feat xlink:href="#sSpan1285" value="ⲟⲩⲟⲓ"/>
		<feat xlink:href="#sSpan1289" value="ⲛⲉ"/>
		<feat xlink:href="#sSpan1293" value="ⲟⲩⲟⲓ"/>
		<feat xlink:href="#sSpan1298" value="ⲛⲉ"/>
		<feat xlink:href="#sSpan1302" value="ⲧ"/>
		<feat xlink:href="#sSpan1307" value="ⲥⲩⲛⲁⲅⲱⲅⲏ"/>
		<feat xlink:href="#sSpan1310" value="ⲙ"/>
		<feat xlink:href="#sSpan1314" value="ⲙⲁⲥⲉ"/>
		<feat xlink:href="#sSpan1316" value="ϩⲓ"/>
		<feat xlink:href="#sSpan1321" value="ⲟⲩϩⲟⲣ"/>
		<feat xlink:href="#sSpan1323" value="·"/>
		<feat xlink:href="#sSpan1327" value="ϩⲓ"/>
		<feat xlink:href="#sSpan1332" value="ⲑⲏⲣⲓⲟⲛ"/>
		<feat xlink:href="#sSpan1335" value="ⲛⲓⲙ"/>
		<feat xlink:href="#sSpan1339" value="ⲡ"/>
		<feat xlink:href="#sSpan1344" value="ⲥⲱⲛⲧ"/>
		<feat xlink:href="#sSpan1346" value="ⲉⲧⲉ"/>
		<feat xlink:href="#sSpan1350" value="ⲙⲡⲉ"/>
		<feat xlink:href="#sSpan1353" value="ⲡ"/>
		<feat xlink:href="#sSpan1356" value="ϭⲱⲛⲧ"/>
		<feat xlink:href="#sSpan1358" value="ⲙ"/>
		<feat xlink:href="#sSpan1362" value="ⲡ"/>
		<feat xlink:href="#sSpan1366" value="ⲛⲟⲩⲧⲉ"/>
		<feat xlink:href="#sSpan1368" value="ⲥⲁϩⲱ"/>
		<feat xlink:href="#sSpan1372" value="ϥ"/>
		<feat xlink:href="#sSpan1375" value="ⲃⲟⲗ"/>
		<feat xlink:href="#sSpan1381" value="ⲙⲙⲟ"/>
		<feat xlink:href="#sSpan1385" value="ϥ"/>
		<feat xlink:href="#sSpan1387" value="ϣⲁϩⲣⲁⲓ"/>
		<feat xlink:href="#sSpan1396" value="ⲉ"/>
		<feat xlink:href="#sSpan1400" value="ⲡⲟⲟⲩ"/>
		<feat xlink:href="#sSpan1402" value="·"/>
		<feat xlink:href="#sSpan1406" value="ⲁⲩⲱ"/>
		<feat xlink:href="#sSpan1410" value="ϣⲁ"/>
		<feat xlink:href="#sSpan1415" value="ⲧ"/>
		<feat xlink:href="#sSpan1419" value="ⲥⲩⲛⲧⲉⲗⲓⲁ"/>
		<feat xlink:href="#sSpan1421" value="ϫⲉ"/>
		<feat xlink:href="#sSpan1426" value="ⲟⲩ"/>
		<feat xlink:href="#sSpan1430" value="ⲥⲩⲛⲁⲅⲱⲅⲏ"/>
		<feat xlink:href="#sSpan1434" value="ⲇⲉ"/>
		<feat xlink:href="#sSpan1438" value="ⲙ"/>
		<feat xlink:href="#sSpan1443" value="ⲡⲟⲛⲏⲣⲟⲛ"/>
		<feat xlink:href="#sSpan1446" value="·"/>
		<feat xlink:href="#sSpan1450" value="ⲟⲩ"/>
		<feat xlink:href="#sSpan1458" value="ⲥⲩⲛⲁⲅⲱⲅⲏ"/>
		<feat xlink:href="#sSpan1463" value="ⲇⲉ"/>
		<feat xlink:href="#sSpan1467" value="ⲙ"/>
		<feat xlink:href="#sSpan1471" value="ⲙⲁⲥⲉ"/>
		<feat xlink:href="#sSpan1475" value="ϩⲓ"/>
		<feat xlink:href="#sSpan1479" value="ⲟⲩϩⲟⲣ"/>
		<feat xlink:href="#sSpan1482" value="ⲁ"/>
		<feat xlink:href="#sSpan1487" value="ⲥ"/>
		<feat xlink:href="#sSpan1489" value="ⲕⲱⲧⲉ"/>
		<feat xlink:href="#sSpan1491" value="ⲉⲣⲟ"/>
		<feat xlink:href="#sSpan1495" value="ⲓ"/>
		<feat xlink:href="#sSpan1497" value="ⲁⲩⲱ"/>
		<feat xlink:href="#sSpan1502" value="ϫⲉ"/>
		<feat xlink:href="#sSpan1506" value="ⲁ"/>
		<feat xlink:href="#sSpan1508" value="ⲥ"/>
		<feat xlink:href="#sSpan1510" value="ⲁⲙⲁϩⲧⲉ"/>
		<feat xlink:href="#sSpan1513" value="ⲙⲙⲟ"/>
		<feat xlink:href="#sSpan1517" value="ⲓ"/>
		<feat xlink:href="#sSpan1519" value="·"/>
		<feat xlink:href="#sSpan1524" value="ⲧ"/>
		<feat xlink:href="#sSpan1533" value="ⲁⲧϣⲉⲡϩⲙⲟⲧ"/>
		<feat xlink:href="#sSpan1537" value="ⲧ"/>
		<feat xlink:href="#sSpan1542" value="ⲉⲧ"/>
		<feat xlink:href="#sSpan1544" value="ϩⲏⲡ"/>
		<feat xlink:href="#sSpan1546" value="ⲁⲛ"/>
		<feat xlink:href="#sSpan1550" value="ⲉ"/>
		<feat xlink:href="#sSpan1555" value="ⲓⲏⲥⲟⲩⲥ"/>
		<feat xlink:href="#sSpan1559" value="·"/>
		<feat xlink:href="#sSpan1564" value="ⲟⲩⲇⲉ"/>
		<feat xlink:href="#sSpan1568" value="ⲛⲉ"/>
		<feat xlink:href="#sSpan1572" value="ϥ"/>
		<feat xlink:href="#sSpan1574" value="ⲟⲃϣ"/>
		<feat xlink:href="#sSpan1577" value="ⲁⲛ"/>
		<feat xlink:href="#sSpan1581" value="ⲉⲣⲟ"/>
		<feat xlink:href="#sSpan1585" value="ⲥ"/>
		<feat xlink:href="#sSpan1587" value="·"/>
		<feat xlink:href="#sSpan1591" value="ϫⲉ"/>
		<feat xlink:href="#sSpan1595" value="ⲥⲉ"/>
		<feat xlink:href="#sSpan1598" value="ⲥⲱϣ"/>
		<feat xlink:href="#sSpan1600" value="ⲙⲙⲟ"/>
		<feat xlink:href="#sSpan1604" value="ϥ"/>
		<feat xlink:href="#sSpan1606" value="·"/>
		<feat xlink:href="#sSpan1610" value="ⲙⲛ"/>
		<feat xlink:href="#sSpan1615" value="ⲛⲉϥ"/>
		<feat xlink:href="#sSpan1617" value="ⲡ"/>
		<feat xlink:href="#sSpan1620" value="ⲉⲧ"/>
		<feat xlink:href="#sSpan1622" value="ⲟⲩⲁⲁⲃ"/>
		<feat xlink:href="#sSpan1624" value="ϩⲣⲁⲓ"/>
		<feat xlink:href="#sSpan1629" value="ⲛϩⲏⲧ"/>
		<feat xlink:href="#sSpan1633" value="ⲉ"/>
		<feat xlink:href="#sSpan1635" value="·"/>
		<feat xlink:href="#sSpan1640" value="ⲏ"/>
		<feat xlink:href="#sSpan1644" value="ⲉⲃⲟⲗ"/>
		<feat xlink:href="#sSpan1650" value="ϩⲓⲧⲟⲟⲧ"/>
		<feat xlink:href="#sSpan1654" value="ⲟⲩ"/>
		<feat xlink:href="#sSpan1656" value="·"/>
		<feat xlink:href="#sSpan1661" value="ⲁ"/>
		<feat xlink:href="#sSpan1668" value="ⲩ"/>
		<feat xlink:href="#sSpan1670" value="ⲟⲩⲱ"/>
		<feat xlink:href="#sSpan1673" value="ⲅⲁⲣ"/>
		<feat xlink:href="#sSpan1677" value="ⲉ"/>
		<feat xlink:href="#sSpan1681" value="ⲩ"/>
		<feat xlink:href="#sSpan1684" value="ϩⲉⲣⲙⲏⲛⲉⲩⲉ"/>
		<feat xlink:href="#sSpan1687" value="ⲙ"/>
		<feat xlink:href="#sSpan1691" value="ⲡⲟⲩ"/>
		<feat xlink:href="#sSpan1694" value="ⲣⲁⲛ"/>
		<feat xlink:href="#sSpan1697" value="ϫⲉ"/>
		<feat xlink:href="#sSpan1701" value="ⲧ"/>
		<feat xlink:href="#sSpan1704" value="ⲉⲧ"/>
		<feat xlink:href="#sSpan1706" value="ⲙⲉϩ"/>
		<feat xlink:href="#sSpan1709" value="ⲛ"/>
		<feat xlink:href="#sSpan1714" value="ⲇⲁⲓⲙⲟⲛⲓⲟⲛ"/>
		<feat xlink:href="#sSpan1718" value="ⲧ"/>
		<feat xlink:href="#sSpan1722" value="ⲉⲛⲧ"/>
		<feat xlink:href="#sSpan1724" value="ⲁ"/>
		<feat xlink:href="#sSpan1727" value="ⲡⲛⲉⲩⲙⲁ"/>
		<feat xlink:href="#sSpan1731" value="ⲛⲓⲙ"/>
		<feat xlink:href="#sSpan1736" value="ⲙ"/>
		<feat xlink:href="#sSpan1741" value="ⲡⲟⲛⲏⲣⲟⲛ"/>
		<feat xlink:href="#sSpan1743" value="ϭⲟⲓⲗⲉ"/>
		<feat xlink:href="#sSpan1749" value="ⲉⲣⲟ"/>
		<feat xlink:href="#sSpan1753" value="ⲥ"/>
		<feat xlink:href="#sSpan1755" value="·"/>
		<feat xlink:href="#sSpan1759" value="ⲉ"/>
		<feat xlink:href="#sSpan1763" value="ⲧⲣⲉ"/>
		<feat xlink:href="#sSpan1765" value="ⲩ"/>
		<feat xlink:href="#sSpan1767" value="ϫⲱⲕ"/>
		<feat xlink:href="#sSpan1770" value="ⲉⲃⲟⲗ"/>
		<feat xlink:href="#sSpan1774" value="ⲛ"/>
		<feat xlink:href="#sSpan1778" value="ⲛⲉⲩ"/>
		<feat xlink:href="#sSpan1782" value="ⲉⲡⲓⲑⲩⲙⲓⲁ"/>
		<feat xlink:href="#sSpan1785" value="ⲛⲙⲙⲁ"/>
		<feat xlink:href="#sSpan1790" value="ⲥ"/>
		<feat xlink:href="#sSpan1792" value="·"/>
		<feat xlink:href="#sSpan1796" value="ⲁⲩⲱ"/>
		<feat xlink:href="#sSpan1800" value="ⲛⲟⲩⲥ"/>
		<feat xlink:href="#sSpan1804" value="ⲛⲙⲙⲁ"/>
		<feat xlink:href="#sSpan1809" value="ⲩ"/>
		<feat xlink:href="#sSpan1811" value="·"/>
		<feat xlink:href="#sSpan1815" value="ⲧ"/>
		<feat xlink:href="#sSpan1821" value="ⲕⲟⲓⲛⲱⲛⲟⲥ"/>
		<feat xlink:href="#sSpan1824" value="ⲛ"/>
		<feat xlink:href="#sSpan1828" value="ⲛ"/>
		<feat xlink:href="#sSpan1831" value="ⲉⲧ"/>
		<feat xlink:href="#sSpan1834" value="ϫⲓⲟⲩⲁ"/>
		<feat xlink:href="#sSpan1838" value="ⲉ"/>
		<feat xlink:href="#sSpan1842" value="ⲡ"/>
		<feat xlink:href="#sSpan1845" value="ⲛⲟⲩⲧⲉ"/>
		<feat xlink:href="#sSpan1847" value="ⲉⲣⲉ"/>
		<feat xlink:href="#sSpan1855" value="ⲣ"/>
		<feat xlink:href="#sSpan1858" value="ⲟⲩ"/>
		<feat xlink:href="#sSpan1860" value="ϩⲙ"/>
		<feat xlink:href="#sSpan1864" value="ⲡⲉ"/>
		<feat xlink:href="#sSpan1867" value="ϩⲟⲟⲩ"/>
		<feat xlink:href="#sSpan1869" value="ⲙ"/>
		<feat xlink:href="#sSpan1874" value="ⲡⲟⲩ"/>
		<feat xlink:href="#sSpan1877" value="ϫⲡⲓⲟ"/>
		<feat xlink:href="#sSpan1879" value="·"/>
		<feat xlink:href="#sSpan1884" value="ⲏ"/>
		<feat xlink:href="#sSpan1892" value="ⲣⲁⲥⲱⲃⲉ"/>
		<feat xlink:href="#sSpan1898" value="ⲙⲛ"/>
		<feat xlink:href="#sSpan1902" value="ⲛ"/>
		<feat xlink:href="#sSpan1905" value="ⲉⲧ"/>
		<feat xlink:href="#sSpan1907" value="ⲥⲱⲃⲉ"/>
		<feat xlink:href="#sSpan1910" value="ⲛⲥⲱ"/>
		<feat xlink:href="#sSpan1914" value="·"/>
		<feat xlink:href="#sSpan1918" value="ϫⲉ"/>
		<feat xlink:href="#sSpan1924" value="ⲥⲉ"/>
		<feat xlink:href="#sSpan1926" value="ⲥⲱϣ"/>
		<feat xlink:href="#sSpan1929" value="ⲙ"/>
		<feat xlink:href="#sSpan1933" value="ⲡ"/>
		<feat xlink:href="#sSpan1936" value="ⲛⲟⲩⲧⲉ"/>
		<feat xlink:href="#sSpan1938" value="ⲁⲩⲱ"/>
		<feat xlink:href="#sSpan1943" value="ⲥⲉ"/>
		<feat xlink:href="#sSpan1947" value="ϩⲟⲟⲩϣ"/>
		<feat xlink:href="#sSpan1949" value="ⲉ"/>
		<feat xlink:href="#sSpan1954" value="ⲛⲉϥ"/>
		<feat xlink:href="#sSpan1958" value="ⲡⲉⲧⲟⲩⲁⲁⲃ"/>
		<feat xlink:href="#sSpan1962" value="ⲉⲣⲉ"/>
		<feat xlink:href="#sSpan1968" value="ⲥⲱⲧⲙ"/>
		<feat xlink:href="#sSpan1970" value="·"/>
		<feat xlink:href="#sSpan1974" value="ⲉ"/>
		<feat xlink:href="#sSpan1980" value="ⲩ"/>
		<feat xlink:href="#sSpan1982" value="ϫⲉ"/>
		<feat xlink:href="#sSpan1986" value="ⲙⲛⲧⲣϩⲟⲩⲟ"/>
		<feat xlink:href="#sSpan1992" value="ⲅⲁⲣ"/>
		<feat xlink:href="#sSpan1997" value="ⲁⲛ"/>
		<feat xlink:href="#sSpan2001" value="ⲉ"/>
		<feat xlink:href="#sSpan2005" value="ⲡ"/>
		<feat xlink:href="#sSpan2008" value="ⲛⲟⲩⲧⲉ"/>
		<feat xlink:href="#sSpan2010" value="ⲁⲩⲱ"/>
		<feat xlink:href="#sSpan2015" value="ⲛⲉϥ"/>
		<feat xlink:href="#sSpan2020" value="ⲣⲱⲙⲉ"/>
		<feat xlink:href="#sSpan2022" value="ϩⲛ"/>
		<feat xlink:href="#sSpan2027" value="ⲛ"/>
		<feat xlink:href="#sSpan2032" value="ⲧⲁⲙⲉⲓⲟⲛ"/>
		<feat xlink:href="#sSpan2035" value="·"/>
		<feat xlink:href="#sSpan2040" value="ⲁⲗⲗⲁ"/>
		<feat xlink:href="#sSpan2044" value="ϩⲛ"/>
		<feat xlink:href="#sSpan2048" value="ⲛ"/>
		<feat xlink:href="#sSpan2053" value="ⲁⲅⲱⲣⲁ"/>
		<feat xlink:href="#sSpan2055" value="·"/>
		<feat xlink:href="#sSpan2059" value="ⲁⲩⲱ"/>
		<feat xlink:href="#sSpan2063" value="ϩⲛ"/>
		<feat xlink:href="#sSpan2068" value="ϩⲉⲛ"/>
		<feat xlink:href="#sSpan2072" value="ⲡⲗⲁⲧⲉⲓⲁ"/>
		<feat xlink:href="#sSpan2074" value="ⲉ"/>
		<feat xlink:href="#sSpan2079" value="ⲛⲁϣⲉ"/>
		<feat xlink:href="#sSpan2081" value="ⲛ"/>
		<feat xlink:href="#sSpan2084" value="ⲉⲧ"/>
		<feat xlink:href="#sSpan2086" value="ⲥⲱⲧⲙ"/>
		<feat xlink:href="#sSpan2090" value="·"/>
		<feat xlink:href="#sSpan2094" value="ⲁⲛⲟⲕ"/>
		<feat xlink:href="#sSpan2101" value="ϩⲱ"/>
		<feat xlink:href="#sSpan2106" value="ϯ"/>
		<feat xlink:href="#sSpan2110" value="ϫⲱ"/>
		<feat xlink:href="#sSpan2112" value="ⲙⲙⲟ"/>
		<feat xlink:href="#sSpan2116" value="ⲥ"/>
		<feat xlink:href="#sSpan2118" value="·"/>
		<feat xlink:href="#sSpan2123" value="ⲛⲏ"/>
		<feat xlink:href="#sSpan2130" value="ⲧⲛ"/>
		<feat xlink:href="#sSpan2133" value="ⲡⲁⲣⲣⲏⲥⲓⲁ"/>
		<feat xlink:href="#sSpan2139" value="·"/>
		<feat xlink:href="#sSpan2143" value="ϩⲛ"/>
		<feat xlink:href="#sSpan2147" value="ⲧ"/>
		<feat xlink:href="#sSpan2150" value="ⲙⲏⲏⲧⲉ"/>
		<feat xlink:href="#sSpan2153" value="ⲙ"/>
		<feat xlink:href="#sSpan2157" value="ⲡⲉⲓ"/>
		<feat xlink:href="#sSpan2160" value="ⲙⲏⲏϣⲉ"/>
		<feat xlink:href="#sSpan2163" value="ⲉ"/>
		<feat xlink:href="#sSpan2167" value="ⲧⲣⲉ"/>
		<feat xlink:href="#sSpan2169" value="ⲩ"/>
		<feat xlink:href="#sSpan2171" value="ⲥⲱⲧⲙ"/>
		<feat xlink:href="#sSpan2175" value="ⲛⲥⲁ"/>
		<feat xlink:href="#sSpan2179" value="ϫⲱⲟⲩ"/>
		<feat xlink:href="#sSpan2182" value="ⲛ"/>
		<feat xlink:href="#sSpan2187" value="ⲛ"/>
		<feat xlink:href="#sSpan2190" value="ⲧⲟϣ"/>
		<feat xlink:href="#sSpan2192" value="ⲙⲛ"/>
		<feat xlink:href="#sSpan2196" value="ⲡ"/>
		<feat xlink:href="#sSpan2200" value="ⲕⲁϩ"/>
		<feat xlink:href="#sSpan2202" value="ⲧⲏⲣ"/>
		<feat xlink:href="#sSpan2206" value="ϥ"/>
		<feat xlink:href="#sSpan2208" value="·"/>
		<feat xlink:href="#sSpan2213" value="ϫⲉ"/>
		<feat xlink:href="#sSpan2220" value="ⲥⲉ"/>
		<feat xlink:href="#sSpan2222" value="ⲥϩⲟⲩⲟⲣⲧ"/>
		<feat xlink:href="#sSpan2224" value="ⲛϭⲓ"/>
		<feat xlink:href="#sSpan2228" value="ⲛ"/>
		<feat xlink:href="#sSpan2232" value="ⲉⲧ"/>
		<feat xlink:href="#sSpan2234" value="ϫⲱ"/>
		<feat xlink:href="#sSpan2236" value="ⲙⲙⲟ"/>
		<feat xlink:href="#sSpan2240" value="ⲥ"/>
		<feat xlink:href="#sSpan2242" value="ϫⲉ"/>
		<feat xlink:href="#sSpan2247" value="ⲛⲉ"/>
		<feat xlink:href="#sSpan2249" value="ϣⲁ"/>
		<feat xlink:href="#sSpan2251" value="ⲩ"/>
		<feat xlink:href="#sSpan2254" value="ⲥⲧⲁⲩⲣⲟⲩ"/>
		<feat xlink:href="#sSpan2256" value="ⲛ"/>
		<feat xlink:href="#sSpan2261" value="ⲛⲟⲩⲧⲉ"/>
		<feat xlink:href="#sSpan2264" value="·"/>
		<feat xlink:href="#sSpan2269" value="ⲏ"/>
		<feat xlink:href="#sSpan2273" value="ϫⲉ"/>
		<feat xlink:href="#sSpan2277" value="ϣⲁⲣⲉ"/>
		<feat xlink:href="#sSpan2280" value="ⲛⲟⲩⲧⲉ"/>
		<feat xlink:href="#sSpan2283" value="ⲙⲟⲩ"/>
		<feat xlink:href="#sSpan2287" value="·"/>
		<feat xlink:href="#sSpan2292" value="ⲥⲉ"/>
		<feat xlink:href="#sSpan2299" value="ⲥϩⲟⲩⲟⲣⲧ"/>
		<feat xlink:href="#sSpan2301" value="ⲛϭⲓ"/>
		<feat xlink:href="#sSpan2305" value="ⲛ"/>
		<feat xlink:href="#sSpan2309" value="ⲉⲧ"/>
		<feat xlink:href="#sSpan2311" value="ϫⲱ"/>
		<feat xlink:href="#sSpan2313" value="ⲙⲙⲟ"/>
		<feat xlink:href="#sSpan2317" value="ⲥ"/>
		<feat xlink:href="#sSpan2319" value="ϫⲉ"/>
		<feat xlink:href="#sSpan2324" value="ⲉϣϫⲉ"/>
		<feat xlink:href="#sSpan2326" value="ⲟⲩ"/>
		<feat xlink:href="#sSpan2329" value="ⲛⲟⲩⲧⲉ"/>
		<feat xlink:href="#sSpan2332" value="ⲡⲉ"/>
		<feat xlink:href="#sSpan2336" value="ⲡ"/>
		<feat xlink:href="#sSpan2341" value="ⲛⲟⲩⲧⲉ"/>
		<feat xlink:href="#sSpan2343" value="·"/>
		<feat xlink:href="#sSpan2347" value="ⲁϩⲣⲟ"/>
		<feat xlink:href="#sSpan2352" value="ϥ"/>
		<feat xlink:href="#sSpan2354" value="ⲙⲡⲉ"/>
		<feat xlink:href="#sSpan2358" value="ϥ"/>
		<feat xlink:href="#sSpan2360" value="ⲉⲓⲙⲉ"/>
		<feat xlink:href="#sSpan2363" value="ϫⲉ"/>
		<feat xlink:href="#sSpan2367" value="ⲉⲛⲧ"/>
		<feat xlink:href="#sSpan2369" value="ⲁ"/>
		<feat xlink:href="#sSpan2371" value="ⲡ"/>
		<feat xlink:href="#sSpan2375" value="ⲇⲓⲁⲃⲟⲗⲟⲥ"/>
		<feat xlink:href="#sSpan2378" value="ⲉⲓ"/>
		<feat xlink:href="#sSpan2382" value="ⲧⲱⲛ"/>
		<feat xlink:href="#sSpan2386" value="·"/>
		<feat xlink:href="#sSpan2391" value="ⲛⲧ"/>
		<feat xlink:href="#sSpan2398" value="ⲁ"/>
		<feat xlink:href="#sSpan2400" value="ⲩ"/>
		<feat xlink:href="#sSpan2402" value="ϫⲉ"/>
		<feat xlink:href="#sSpan2404" value="ⲡⲁⲓ"/>
		<feat xlink:href="#sSpan2407" value="ⲉⲃⲟⲗ"/>
		<feat xlink:href="#sSpan2412" value="ϫⲉ"/>
		<feat xlink:href="#sSpan2417" value="ⲁ"/>
		<feat xlink:href="#sSpan2419" value="ⲩ"/>
		<feat xlink:href="#sSpan2421" value="ⲥⲱⲧⲙ"/>
		<feat xlink:href="#sSpan2423" value="ϩⲛ"/>
		<feat xlink:href="#sSpan2429" value="ⲓⲱⲃ"/>
		<feat xlink:href="#sSpan2432" value="ⲡ"/>
		<feat xlink:href="#sSpan2437" value="ⲣⲣⲟ"/>
		<feat xlink:href="#sSpan2439" value="ⲡ"/>
		<feat xlink:href="#sSpan2444" value="ⲛⲟⲩⲧⲉ"/>
		<feat xlink:href="#sSpan2446" value="ⲡ"/>
		<feat xlink:href="#sSpan2451" value="ⲡⲁⲛⲧⲟⲕⲣⲁⲧⲱⲣ"/>
		<feat xlink:href="#sSpan2454" value="·"/>
		<feat xlink:href="#sSpan2459" value="ⲉ"/>
		<feat xlink:href="#sSpan2464" value="ϥ"/>
		<feat xlink:href="#sSpan2466" value="ϫⲛⲟⲩ"/>
		<feat xlink:href="#sSpan2468" value="ⲛ"/>
		<feat xlink:href="#sSpan2472" value="ⲡ"/>
		<feat xlink:href="#sSpan2476" value="ⲇⲁⲓⲙⲱⲛ"/>
		<feat xlink:href="#sSpan2480" value="ⲉⲧ"/>
		<feat xlink:href="#sSpan2484" value="ⲙⲙⲁⲩ"/>
		<feat xlink:href="#sSpan2486" value="ϫⲉ"/>
		<feat xlink:href="#sSpan2491" value="ⲛⲧ"/>
		<feat xlink:href="#sSpan2493" value="ⲁ"/>
		<feat xlink:href="#sSpan2495" value="ⲕ"/>
		<feat xlink:href="#sSpan2497" value="ⲉⲓ"/>
		<feat xlink:href="#sSpan2501" value="ⲧⲱⲛ"/>
		<feat xlink:href="#sSpan2505" value="ⲙⲡ"/>
		<feat xlink:href="#sSpan2512" value="ⲟⲩ"/>
		<feat xlink:href="#sSpan2514" value="ⲉⲓⲙⲉ"/>
		<feat xlink:href="#sSpan2516" value="ⲉ"/>
		<feat xlink:href="#sSpan2520" value="ⲡ"/>
		<feat xlink:href="#sSpan2525" value="ⲛⲟⲩⲥ"/>
		<feat xlink:href="#sSpan2527" value="ⲛ"/>
		<feat xlink:href="#sSpan2531" value="ⲛ"/>
		<feat xlink:href="#sSpan2534" value="ⲉⲧ"/>
		<feat xlink:href="#sSpan2536" value="ⲟⲩ"/>
		<feat xlink:href="#sSpan2538" value="ⲥⲱⲧⲙ"/>
		<feat xlink:href="#sSpan2541" value="ⲉⲣⲟ"/>
		<feat xlink:href="#sSpan2545" value="ⲟⲩ"/>
		<feat xlink:href="#sSpan2547" value="·"/>
		<feat xlink:href="#sSpan2551" value="ϫⲉ"/>
		<feat xlink:href="#sSpan2555" value="ϩⲁϩ"/>
		<feat xlink:href="#sSpan2559" value="ⲛ"/>
		<feat xlink:href="#sSpan2563" value="ⲥⲟⲡ"/>
		<feat xlink:href="#sSpan2565" value="ⲁ"/>
		<feat xlink:href="#sSpan2569" value="ⲡ"/>
		<feat xlink:href="#sSpan2573" value="ⲛⲟⲩⲧⲉ"/>
		<feat xlink:href="#sSpan2575" value="ϣⲁϫⲉ"/>
		<feat xlink:href="#sSpan2580" value="ϩⲛ"/>
		<feat xlink:href="#sSpan2584" value="ⲛⲉ"/>
		<feat xlink:href="#sSpan2588" value="ⲅⲣⲁⲫⲏ"/>
		<feat xlink:href="#sSpan2592" value="ⲉ"/>
		<feat xlink:href="#sSpan2599" value="ⲛ"/>
		<feat xlink:href="#sSpan2602" value="ⲉⲛⲧ"/>
		<feat xlink:href="#sSpan2604" value="ⲁ"/>
		<feat xlink:href="#sSpan2606" value="ⲩ"/>
		<feat xlink:href="#sSpan2608" value="ⲉⲓⲙⲉ"/>
		<feat xlink:href="#sSpan2611" value="ⲅⲁⲣ"/>
		<feat xlink:href="#sSpan2616" value="ⲛϭⲓ"/>
		<feat xlink:href="#sSpan2620" value="ⲛ"/>
		<feat xlink:href="#sSpan2623" value="ⲁⲧⲛⲟⲩⲧⲉ"/>
		<feat xlink:href="#sSpan2628" value="ⲉⲧ"/>
		<feat xlink:href="#sSpan2632" value="ⲙⲙⲁⲩ"/>
		<feat xlink:href="#sSpan2635" value="·"/>
		<feat xlink:href="#sSpan2639" value="ⲛⲉ"/>
		<feat xlink:href="#sSpan2643" value="ⲩ"/>
		<feat xlink:href="#sSpan2646" value="ⲛⲟⲉⲓ"/>
		<feat xlink:href="#sSpan2648" value="ⲁⲛ"/>
		<feat xlink:href="#sSpan2653" value="ⲡⲉ"/>
		<feat xlink:href="#sSpan2657" value="ϫⲉ"/>
		<feat xlink:href="#sSpan2661" value="ⲧ"/>
		<feat xlink:href="#sSpan2665" value="ⲥⲩⲛⲏⲑⲓⲁ"/>
		<feat xlink:href="#sSpan2668" value="ⲛ"/>
		<feat xlink:href="#sSpan2672" value="ⲛ"/>
		<feat xlink:href="#sSpan2675" value="ⲣⲱⲙⲉ"/>
		<feat xlink:href="#sSpan2678" value="ⲡⲉ"/>
		<feat xlink:href="#sSpan2684" value="ⲁⲡⲉⲓⲗⲏ"/>
		<feat xlink:href="#sSpan2688" value="ⲉ"/>
		<feat xlink:href="#sSpan2693" value="ϩⲉⲛ"/>
		<feat xlink:href="#sSpan2696" value="ϩⲙϩⲁⲗ"/>
		<feat xlink:href="#sSpan2698" value="⟦..⟧ϩⲟⲟⲩ"/>
		<feat xlink:href="#sSpan2703" value="⟦..⟧"/>
		<feat xlink:href="#sSpan2707" value="·"/>
		<feat xlink:href="#sSpan2711" value="ⲁⲩⲱ"/>
		<feat xlink:href="#sSpan2715" value="ⲉ"/>
		<feat xlink:href="#sSpan2720" value="ϫⲟⲟ"/>
		<feat xlink:href="#sSpan2722" value="ⲥ"/>
		<feat xlink:href="#sSpan2724" value="ϫⲉ"/>
		<feat xlink:href="#sSpan2728" value="ⲉ"/>
		<feat xlink:href="#sSpan2730" value="ⲕ"/>
		<feat xlink:href="#sSpan2732" value="ⲛⲏⲩ"/>
		<feat xlink:href="#sSpan2734" value="ⲧⲱⲛ"/>
		<feat xlink:href="#sSpan2739" value="·"/>
		<feat xlink:href="#sSpan2744" value="ⲕⲁⲛ"/>
		<feat xlink:href="#sSpan2748" value="ⲉ"/>
		<feat xlink:href="#sSpan2752" value="ⲩ"/>
		<feat xlink:href="#sSpan2754" value="ⲥⲟⲟⲩⲛ"/>
		<feat xlink:href="#sSpan2757" value="·"/>
		<feat xlink:href="#sSpan2762" value="ⲕⲁⲧⲁ"/>
		<feat xlink:href="#sSpan2768" value="ⲧ"/>
		<feat xlink:href="#sSpan2771" value="ϩⲉ"/>
		<feat xlink:href="#sSpan2773" value="ⲛⲧ"/>
		<feat xlink:href="#sSpan2777" value="ⲁ"/>
		<feat xlink:href="#sSpan2780" value="ⲉⲗⲓⲥⲥⲁⲓⲟⲥ"/>
		<feat xlink:href="#sSpan2783" value="ϫⲛⲉ"/>
		<feat xlink:href="#sSpan2789" value="ⲅⲉⲉⲓⲥⲉⲓ"/>
		<feat xlink:href="#sSpan2792" value="·"/>
		<feat xlink:href="#sSpan2796" value="ⲉ"/>
		<feat xlink:href="#sSpan2800" value="ϥ"/>
		<feat xlink:href="#sSpan2802" value="ⲥⲟⲟⲩⲛ"/>
		<feat xlink:href="#sSpan2805" value="ϫⲉ"/>
		<feat xlink:href="#sSpan2809" value="ⲛⲧ"/>
		<feat xlink:href="#sSpan2811" value="ⲁ"/>
		<feat xlink:href="#sSpan2813" value="ϥ"/>
		<feat xlink:href="#sSpan2816" value="ⲉⲓ"/>
		<feat xlink:href="#sSpan2821" value="ⲧⲱⲛ"/>
		<feat xlink:href="#sSpan2825" value="·"/>
		<feat xlink:href="#sSpan2829" value="ⲁⲩⲱ"/>
		<feat xlink:href="#sSpan2833" value="ϫⲉ"/>
		<feat xlink:href="#sSpan2838" value="ⲟⲩ"/>
		<feat xlink:href="#sSpan2840" value="ⲡ"/>
		<feat xlink:href="#sSpan2844" value="ⲉⲛⲧ"/>
		<feat xlink:href="#sSpan2846" value="ⲁ"/>
		<feat xlink:href="#sSpan2848" value="ϥ"/>
		<feat xlink:href="#sSpan2850" value="ⲁⲁ"/>
		<feat xlink:href="#sSpan2853" value="ϥ"/>
		<feat xlink:href="#sSpan2855" value="·"/>
		<feat xlink:href="#sSpan2859" value="ⲧⲁⲓ"/>
		<feat xlink:href="#sSpan2864" value="ⲧⲉ"/>
		<feat xlink:href="#sSpan2869" value="ⲧ"/>
		<feat xlink:href="#sSpan2874" value="ϩⲉ"/>
		<feat xlink:href="#sSpan2876" value="ⲛⲧ"/>
		<feat xlink:href="#sSpan2880" value="ⲁ"/>
		<feat xlink:href="#sSpan2882" value="ⲡ"/>
		<feat xlink:href="#sSpan2885" value="ϫⲟⲉⲓⲥ"/>
		<feat xlink:href="#sSpan2887" value="ϫⲛⲉ"/>
		<feat xlink:href="#sSpan2892" value="ⲡ"/>
		<feat xlink:href="#sSpan2896" value="ⲇⲓⲁⲃⲟⲗⲟⲥ"/>
		<feat xlink:href="#sSpan2899" value="·"/>
		<feat xlink:href="#sSpan2903" value="ϩⲛ"/>
		<feat xlink:href="#sSpan2907" value="ⲟⲩ"/>
		<feat xlink:href="#sSpan2911" value="ⲁⲡⲉⲓⲗⲏ"/>
		<feat xlink:href="#sSpan2914" value="·"/>
		<feat xlink:href="#sSpan2918" value="ϫⲉ"/>
		<feat xlink:href="#sSpan2924" value="ⲉ"/>
		<feat xlink:href="#sSpan2926" value="ⲕ"/>
		<feat xlink:href="#sSpan2928" value="ⲛⲏⲩ"/>
		<feat xlink:href="#sSpan2930" value="ⲧⲱⲛ"/>
		<feat xlink:href="#sSpan2935" value="ⲡ"/>
		<feat xlink:href="#sSpan2941" value="ⲣⲉϥⲧⲁⲕⲟ"/>
		<feat xlink:href="#sSpan2945" value="·"/>
		<feat xlink:href="#sSpan2949" value="ⲡ"/>
		<feat xlink:href="#sSpan2954" value="ⲣⲉϥϫⲓϭⲟⲗ"/>
		<feat xlink:href="#sSpan2959" value="·"/>
		<feat xlink:href="#sSpan2963" value="ⲡ"/>
		<feat xlink:href="#sSpan2967" value="ⲉⲧ"/>
		<feat xlink:href="#sSpan2969" value="ϣⲟⲩϣⲟⲩ"/>
		<feat xlink:href="#sSpan2972" value="ⲙⲙⲟ"/>
		<feat xlink:href="#sSpan2976" value="ϥ"/>
		<feat xlink:href="#sSpan2978" value="ⲉϫⲛ"/>
		<feat xlink:href="#sSpan2982" value="ⲛ"/>
		<feat xlink:href="#sSpan2986" value="ⲣⲱⲙⲉ"/>
		<feat xlink:href="#sSpan2988" value="ⲉⲧ"/>
		<feat xlink:href="#sSpan2992" value="ϭⲟⲟⲙⲉ"/>
		<feat xlink:href="#sSpan2995" value="·"/>
		<feat xlink:href="#sSpan2999" value="ⲁ"/>
		<feat xlink:href="#sSpan3005" value="ⲕ"/>
		<feat xlink:href="#sSpan3008" value="ϯϩⲧⲏ"/>
		<feat xlink:href="#sSpan3011" value="ⲕ"/>
		<feat xlink:href="#sSpan3013" value="ϭⲉ"/>
		<feat xlink:href="#sSpan3018" value="ⲡ"/>
		<feat xlink:href="#sSpan3023" value="ϭⲱⲃ"/>
		<feat xlink:href="#sSpan3025" value="ⲉ"/>
		<feat xlink:href="#sSpan3029" value="ⲡⲁ"/>
		<feat xlink:href="#sSpan3032" value="ϩⲙϩⲁⲗ"/>
		<feat xlink:href="#sSpan3036" value="ⲓⲱⲃ"/>
		<feat xlink:href="#sSpan3040" value="·"/>
		<feat xlink:href="#sSpan3044" value="ϫⲉ"/>
		<feat xlink:href="#sSpan3048" value="ⲙⲛ"/>
		<feat xlink:href="#sSpan3051" value="ⲣⲱⲙⲉ"/>
		<feat xlink:href="#sSpan3054" value="ⲉ"/>
		<feat xlink:href="#sSpan3058" value="ϥ"/>
		<feat xlink:href="#sSpan3060" value="ⲧⲛⲧⲱⲛ"/>
		<feat xlink:href="#sSpan3063" value="ⲉⲣⲟ"/>
		<feat xlink:href="#sSpan3067" value="ϥ"/>
		<feat xlink:href="#sSpan3069" value="·"/>
		<feat xlink:href="#sSpan3073" value="ⲉϣϫⲉ"/>
		<feat xlink:href="#sSpan3080" value="ⲕ"/>
		<feat xlink:href="#sSpan3082" value="ⲟⲩⲱϣ"/>
		<feat xlink:href="#sSpan3084" value="ⲉ"/>
		<feat xlink:href="#sSpan3089" value="ⲙⲓϣⲉ"/>
		<feat xlink:href="#sSpan3092" value="ϯ"/>
		<feat xlink:href="#sSpan3096" value="ⲡⲉⲕ"/>
		<feat xlink:href="#sSpan3099" value="ⲟⲩⲟⲉⲓ"/>
		<feat xlink:href="#sSpan3102" value="ⲉ"/>
		<feat xlink:href="#sSpan3106" value="ⲡⲁⲓ"/>
		<feat xlink:href="#sSpan3109" value="·"/>
		<feat xlink:href="#sSpan3113" value="ⲛⲧ"/>
		<feat xlink:href="#sSpan3120" value="ⲁ"/>
		<feat xlink:href="#sSpan3122" value="ⲓ"/>
		<feat xlink:href="#sSpan3125" value="ⲁⲛⲉⲭⲉ"/>
		<feat xlink:href="#sSpan3128" value="ⲅⲁⲣ"/>
		<feat xlink:href="#sSpan3132" value="ⲙⲙⲟ"/>
		<feat xlink:href="#sSpan3137" value="ⲕ"/>
		<feat xlink:href="#sSpan3139" value="ⲡ"/>
		<feat xlink:href="#sSpan3145" value="ⲇⲁⲓⲙⲱⲛ"/>
		<feat xlink:href="#sSpan3148" value="ⲉ"/>
		<feat xlink:href="#sSpan3152" value="ⲩ"/>
		<feat xlink:href="#sSpan3156" value="ⲇⲟⲕⲓⲙⲏ"/>
		<feat xlink:href="#sSpan3159" value="ⲛ"/>
		<feat xlink:href="#sSpan3163" value="ⲛⲁ"/>
		<feat xlink:href="#sSpan3166" value="ⲥⲱⲧⲡ"/>
		<feat xlink:href="#sSpan3168" value="ⲉ"/>
		<feat xlink:href="#sSpan3174" value="ⲧⲣⲉ"/>
		<feat xlink:href="#sSpan3176" value="ⲩ"/>
		<feat xlink:href="#sSpan3178" value="ⲥⲱⲃⲉ"/>
		<feat xlink:href="#sSpan3180" value="ⲙⲙⲟ"/>
		<feat xlink:href="#sSpan3184" value="ⲕ"/>
		<feat xlink:href="#sSpan3186" value="ϩⲓⲧⲛ"/>
		<feat xlink:href="#sSpan3191" value="ⲛ"/>
		<feat xlink:href="#sSpan3194" value="ⲉⲧⲉ"/>
		<feat xlink:href="#sSpan3196" value="ⲕ"/>
		<feat xlink:href="#sSpan3199" value="ϫⲓϣⲓⲡⲉ"/>
		<feat xlink:href="#sSpan3203" value="ⲉⲃⲟⲗ"/>
		<feat xlink:href="#sSpan3208" value="ϩⲓⲧⲟⲟⲧ"/>
		<feat xlink:href="#sSpan3213" value="ⲟⲩ"/>
		<feat xlink:href="#sSpan3215" value="ⲧⲏⲣ"/>
		<feat xlink:href="#sSpan3219" value="ⲟⲩ"/>
		<feat xlink:href="#sSpan3221" value="·"/>
		<feat xlink:href="#sSpan3225" value="ϩⲙ"/>
		<feat xlink:href="#sSpan3230" value="ⲡ"/>
		<feat xlink:href="#sSpan3233" value="ⲧⲣⲉ"/>
		<feat xlink:href="#sSpan3235" value="ⲩ"/>
		<feat xlink:href="#sSpan3237" value="ϫⲣⲟ"/>
		<feat xlink:href="#sSpan3239" value="ⲉⲣⲟ"/>
		<feat xlink:href="#sSpan3244" value="ⲕ"/>
		<feat xlink:href="#sSpan3246" value="·"/>
		<feat xlink:href="#sSpan3250" value="ⲡ"/>
		<feat xlink:href="#sSpan3256" value="ⲁⲅⲅⲉⲗⲟⲥ"/>
		<feat xlink:href="#sSpan3258" value="ⲉⲧ"/>
		<feat xlink:href="#sSpan3263" value="ⲟⲩ"/>
		<feat xlink:href="#sSpan3265" value="ⲙⲟⲩⲟⲩⲧ"/>
		<feat xlink:href="#sSpan3267" value="ⲙⲙⲟ"/>
		<feat xlink:href="#sSpan3272" value="ϥ"/>
		<feat xlink:href="#sSpan3275" value="ⲡ"/>
		<feat xlink:href="#sSpan3280" value="ⲙⲟⲩⲓ"/>
		<feat xlink:href="#sSpan3282" value="ⲁⲩⲱ"/>
		<feat xlink:href="#sSpan3286" value="ⲡⲉ"/>
		<feat xlink:href="#sSpan3291" value="ⲇⲣⲁⲕⲱⲛ"/>
		<feat xlink:href="#sSpan3294" value="ⲉⲧ"/>
		<feat xlink:href="#sSpan3298" value="ⲟⲩ"/>
		<feat xlink:href="#sSpan3300" value="ϩⲱⲙ"/>
		<feat xlink:href="#sSpan3303" value="ⲉϫⲱ"/>
		<feat xlink:href="#sSpan3307" value="ϥ"/>
		<feat xlink:href="#sSpan3309" value="ϩⲓⲧⲛ"/>
		<feat xlink:href="#sSpan3314" value="ⲛ"/>
		<feat xlink:href="#sSpan3317" value="ⲉⲧ"/>
		<feat xlink:href="#sSpan3319" value="ⲁ"/>
		<feat xlink:href="#sSpan3321" value="ⲓ"/>
		<feat xlink:href="#sSpan3323" value="ϯ"/>
		<feat xlink:href="#sSpan3326" value="ⲉ"/>
		<feat xlink:href="#sSpan3331" value="ⲧⲣ"/>
		<feat xlink:href="#sSpan3333" value="ⲁ"/>
		<feat xlink:href="#sSpan3335" value="ⲙⲟⲩⲣ"/>
		<feat xlink:href="#sSpan3337" value="ⲟⲩ"/>
		<feat xlink:href="#sSpan3339" value="ⲛ"/>
		<feat xlink:href="#sSpan3343" value="ⲟⲩ"/>
		<feat xlink:href="#sSpan3346" value="ϭⲟⲙ"/>
		<feat xlink:href="#sSpan3349" value="·"/>
		<feat xlink:href="#sSpan3353" value="ⲁⲩⲱ"/>
		<feat xlink:href="#sSpan3357" value="ⲉ"/>
		<feat xlink:href="#sSpan3361" value="ⲧⲣ"/>
		<feat xlink:href="#sSpan3363" value="ⲁ"/>
		<feat xlink:href="#sSpan3365" value="ⲙⲟⲩⲣ"/>
		<feat xlink:href="#sSpan3368" value="ⲟⲩ"/>
		<feat xlink:href="#sSpan3370" value="ⲉ"/>
		<feat xlink:href="#sSpan3374" value="ⲛⲟⲩ"/>
		<feat xlink:href="#sSpan3378" value="ⲙⲛⲧϫⲱⲱⲣⲉ"/>
		<feat xlink:href="#sSpan3382" value="·"/>
		<feat xlink:href="#sSpan3386" value="ⲉ"/>
		<feat xlink:href="#sSpan3390" value="ϯⲟⲩⲃⲉ"/>
		<feat xlink:href="#sSpan3393" value="ⲉ"/>
		<feat xlink:href="#sSpan3397" value="ⲛⲉⲕ"/>
		<feat xlink:href="#sSpan3401" value="ⲙⲛⲧⲁⲥⲉⲃⲏⲥ"/>
		<feat xlink:href="#sSpan3406" value="·"/>
		<feat xlink:href="#sSpan3411" value="ⲥⲉ"/>
		<feat xlink:href="#sSpan3419" value="ⲥϩⲟⲩⲟⲣⲧ"/>
		<feat xlink:href="#sSpan3421" value="ⲛϭⲓ"/>
		<feat xlink:href="#sSpan3425" value="ⲛ"/>
		<feat xlink:href="#sSpan3428" value="ⲉⲧ"/>
		<feat xlink:href="#sSpan3430" value="ϫⲱ"/>
		<feat xlink:href="#sSpan3433" value="ⲙⲙⲟ"/>
		<feat xlink:href="#sSpan3437" value="ⲥ"/>
		<feat xlink:href="#sSpan3439" value="ϫⲉ"/>
		<feat xlink:href="#sSpan3443" value="ⲉϣϫⲉ"/>
		<feat xlink:href="#sSpan3446" value="ⲟⲩ"/>
		<feat xlink:href="#sSpan3449" value="ⲛⲟⲩⲧⲉ"/>
		<feat xlink:href="#sSpan3451" value="ⲡⲉ"/>
		<feat xlink:href="#sSpan3455" value="·"/>
		<feat xlink:href="#sSpan3459" value="ϫⲉ"/>
		<feat xlink:href="#sSpan3464" value="ⲉⲧⲃⲉ"/>
		<feat xlink:href="#sSpan3467" value="ⲟⲩ"/>
		<feat xlink:href="#sSpan3469" value="ⲙⲡⲉ"/>
		<feat xlink:href="#sSpan3474" value="ϥ"/>
		<feat xlink:href="#sSpan3476" value="ⲉⲓⲙⲉ"/>
		<feat xlink:href="#sSpan3478" value="ϫⲉ"/>
		<feat xlink:href="#sSpan3482" value="ⲉⲣⲉ"/>
		<feat xlink:href="#sSpan3485" value="ⲁⲇⲁⲙ"/>
		<feat xlink:href="#sSpan3489" value="ⲧⲱⲛ"/></featList></paula>