<?xml version='1.0' encoding='UTF-8'?><!DOCTYPE paula SYSTEM "paula_rel.dtd">
<paula version="1.1">
	<header paula_id="scriptorium.shenoute.those.GF263-267.head"/>
	<relList xmlns:xlink="http://www.w3.org/1999/xlink" type="head">
		<rel id="sPointingRel1709" xlink:href="scriptorium.shenoute.those.GF263-267.mark.xml#sSpan1261" target="scriptorium.shenoute.those.GF263-267.mark.xml#sSpan1262"/>
		<rel id="sPointingRel1711" xlink:href="scriptorium.shenoute.those.GF263-267.mark.xml#sSpan91" target="scriptorium.shenoute.those.GF263-267.mark.xml#sSpan92"/>
		<rel id="sPointingRel1713" xlink:href="scriptorium.shenoute.those.GF263-267.mark.xml#sSpan100" target="scriptorium.shenoute.those.GF263-267.mark.xml#sSpan98"/>
		<rel id="sPointingRel1715" xlink:href="scriptorium.shenoute.those.GF263-267.mark.xml#sSpan130" target="scriptorium.shenoute.those.GF263-267.mark.xml#sSpan128"/>
		<rel id="sPointingRel1717" xlink:href="scriptorium.shenoute.those.GF263-267.mark.xml#sSpan1988" target="scriptorium.shenoute.those.GF263-267.mark.xml#sSpan1986"/>
		<rel id="sPointingRel1719" xlink:href="scriptorium.shenoute.those.GF263-267.mark.xml#sSpan1780" target="scriptorium.shenoute.those.GF263-267.mark.xml#sSpan1782"/>
		<rel id="sPointingRel1721" xlink:href="scriptorium.shenoute.those.GF263-267.mark.xml#sSpan3193" target="scriptorium.shenoute.those.GF263-267.mark.xml#sSpan3191"/>
		<rel id="sPointingRel1723" xlink:href="scriptorium.shenoute.those.GF263-267.mark.xml#sSpan862" target="scriptorium.shenoute.those.GF263-267.mark.xml#sSpan860"/>
		<rel id="sPointingRel1725" xlink:href="scriptorium.shenoute.those.GF263-267.mark.xml#sSpan2625" target="scriptorium.shenoute.those.GF263-267.mark.xml#sSpan2623"/>
		<rel id="sPointingRel1727" xlink:href="scriptorium.shenoute.those.GF263-267.mark.xml#sSpan2050" target="scriptorium.shenoute.those.GF263-267.mark.xml#sSpan2053"/>
		<rel id="sPointingRel1729" xlink:href="scriptorium.shenoute.those.GF263-267.mark.xml#sSpan336" target="scriptorium.shenoute.those.GF263-267.mark.xml#sSpan338"/>
		<rel id="sPointingRel1731" xlink:href="scriptorium.shenoute.those.GF263-267.mark.xml#sSpan1557" target="scriptorium.shenoute.those.GF263-267.mark.xml#sSpan1555"/>
		<rel id="sPointingRel1733" xlink:href="scriptorium.shenoute.those.GF263-267.mark.xml#sSpan3316" target="scriptorium.shenoute.those.GF263-267.mark.xml#sSpan3314"/>
		<rel id="sPointingRel1735" xlink:href="scriptorium.shenoute.those.GF263-267.mark.xml#sSpan1417" target="scriptorium.shenoute.those.GF263-267.mark.xml#sSpan1419"/>
		<rel id="sPointingRel1737" xlink:href="scriptorium.shenoute.those.GF263-267.mark.xml#sSpan2198" target="scriptorium.shenoute.those.GF263-267.mark.xml#sSpan2200"/>
		<rel id="sPointingRel1739" xlink:href="scriptorium.shenoute.those.GF263-267.mark.xml#sSpan1619" target="scriptorium.shenoute.those.GF263-267.mark.xml#sSpan1617"/>
		<rel id="sPointingRel1741" xlink:href="scriptorium.shenoute.those.GF263-267.mark.xml#sSpan433" target="scriptorium.shenoute.those.GF263-267.mark.xml#sSpan430"/>
		<rel id="sPointingRel1743" xlink:href="scriptorium.shenoute.those.GF263-267.mark.xml#sSpan892" target="scriptorium.shenoute.those.GF263-267.mark.xml#sSpan893"/>
		<rel id="sPointingRel1745" xlink:href="scriptorium.shenoute.those.GF263-267.mark.xml#sSpan1830" target="scriptorium.shenoute.those.GF263-267.mark.xml#sSpan1828"/>
		<rel id="sPointingRel1747" xlink:href="scriptorium.shenoute.those.GF263-267.mark.xml#sSpan448" target="scriptorium.shenoute.those.GF263-267.mark.xml#sSpan446"/>
		<rel id="sPointingRel1749" xlink:href="scriptorium.shenoute.those.GF263-267.mark.xml#sSpan723" target="scriptorium.shenoute.those.GF263-267.mark.xml#sSpan727"/>
		<rel id="sPointingRel1751" xlink:href="scriptorium.shenoute.those.GF263-267.mark.xml#sSpan1529" target="scriptorium.shenoute.those.GF263-267.mark.xml#sSpan1537"/>
		<rel id="sPointingRel1753" xlink:href="scriptorium.shenoute.those.GF263-267.mark.xml#sSpan257" target="scriptorium.shenoute.those.GF263-267.mark.xml#sSpan264"/>
		<rel id="sPointingRel1755" xlink:href="scriptorium.shenoute.those.GF263-267.mark.xml#sSpan1473" target="scriptorium.shenoute.those.GF263-267.mark.xml#sSpan1471"/>
		<rel id="sPointingRel1757" xlink:href="scriptorium.shenoute.those.GF263-267.mark.xml#sSpan3020" target="scriptorium.shenoute.those.GF263-267.mark.xml#sSpan3023"/>
		<rel id="sPointingRel1759" xlink:href="scriptorium.shenoute.those.GF263-267.mark.xml#sSpan549" target="scriptorium.shenoute.those.GF263-267.mark.xml#sSpan550"/>
		<rel id="sPointingRel1761" xlink:href="scriptorium.shenoute.those.GF263-267.mark.xml#sSpan2189" target="scriptorium.shenoute.those.GF263-267.mark.xml#sSpan2190"/>
		<rel id="sPointingRel1763" xlink:href="scriptorium.shenoute.those.GF263-267.mark.xml#sSpan249" target="scriptorium.shenoute.those.GF263-267.mark.xml#sSpan247"/>
		<rel id="sPointingRel1765" xlink:href="scriptorium.shenoute.those.GF263-267.mark.xml#sSpan2985" target="scriptorium.shenoute.those.GF263-267.mark.xml#sSpan2986"/>
		<rel id="sPointingRel1767" xlink:href="scriptorium.shenoute.those.GF263-267.mark.xml#sSpan515" target="scriptorium.shenoute.those.GF263-267.mark.xml#sSpan519"/>
		<rel id="sPointingRel1769" xlink:href="scriptorium.shenoute.those.GF263-267.mark.xml#sSpan392" target="scriptorium.shenoute.those.GF263-267.mark.xml#sSpan390"/>
		<rel id="sPointingRel1771" xlink:href="scriptorium.shenoute.those.GF263-267.mark.xml#sSpan1182" target="scriptorium.shenoute.those.GF263-267.mark.xml#sSpan1180"/>
		<rel id="sPointingRel1773" xlink:href="scriptorium.shenoute.those.GF263-267.mark.xml#sSpan2894" target="scriptorium.shenoute.those.GF263-267.mark.xml#sSpan2896"/>
		<rel id="sPointingRel1775" xlink:href="scriptorium.shenoute.those.GF263-267.mark.xml#sSpan7" target="scriptorium.shenoute.those.GF263-267.mark.xml#sSpan13"/>
		<rel id="sPointingRel1777" xlink:href="scriptorium.shenoute.those.GF263-267.mark.xml#sSpan1866" target="scriptorium.shenoute.those.GF263-267.mark.xml#sSpan1867"/>
		<rel id="sPointingRel1779" xlink:href="scriptorium.shenoute.those.GF263-267.mark.xml#sSpan3165" target="scriptorium.shenoute.those.GF263-267.mark.xml#sSpan3166"/>
		<rel id="sPointingRel1781" xlink:href="scriptorium.shenoute.those.GF263-267.mark.xml#sSpan885" target="scriptorium.shenoute.those.GF263-267.mark.xml#sSpan893"/>
		<rel id="sPointingRel1783" xlink:href="scriptorium.shenoute.those.GF263-267.mark.xml#sSpan1904" target="scriptorium.shenoute.those.GF263-267.mark.xml#sSpan1902"/>
		<rel id="sPointingRel1785" xlink:href="scriptorium.shenoute.those.GF263-267.mark.xml#sSpan1109" target="scriptorium.shenoute.those.GF263-267.mark.xml#sSpan1107"/>
		<rel id="sPointingRel1787" xlink:href="scriptorium.shenoute.those.GF263-267.mark.xml#sSpan1157" target="scriptorium.shenoute.those.GF263-267.mark.xml#sSpan1163"/>
		<rel id="sPointingRel1789" xlink:href="scriptorium.shenoute.those.GF263-267.mark.xml#sSpan2939" target="scriptorium.shenoute.those.GF263-267.mark.xml#sSpan2941"/>
		<rel id="sPointingRel1791" xlink:href="scriptorium.shenoute.those.GF263-267.mark.xml#sSpan959" target="scriptorium.shenoute.those.GF263-267.mark.xml#sSpan961"/>
		<rel id="sPointingRel1793" xlink:href="scriptorium.shenoute.those.GF263-267.mark.xml#sSpan1130" target="scriptorium.shenoute.those.GF263-267.mark.xml#sSpan1128"/>
		<rel id="sPointingRel1795" xlink:href="scriptorium.shenoute.those.GF263-267.mark.xml#sSpan1249" target="scriptorium.shenoute.those.GF263-267.mark.xml#sSpan1252"/>
		<rel id="sPointingRel1797" xlink:href="scriptorium.shenoute.those.GF263-267.mark.xml#sSpan2695" target="scriptorium.shenoute.those.GF263-267.mark.xml#sSpan2696"/>
		<rel id="sPointingRel1799" xlink:href="scriptorium.shenoute.those.GF263-267.mark.xml#sSpan3108" target="scriptorium.shenoute.those.GF263-267.mark.xml#sSpan3106"/>
		<rel id="sPointingRel1801" xlink:href="scriptorium.shenoute.those.GF263-267.mark.xml#sSpan1481" target="scriptorium.shenoute.those.GF263-267.mark.xml#sSpan1479"/>
		<rel id="sPointingRel1803" xlink:href="scriptorium.shenoute.those.GF263-267.mark.xml#sSpan2782" target="scriptorium.shenoute.those.GF263-267.mark.xml#sSpan2780"/>
		<rel id="sPointingRel1805" xlink:href="scriptorium.shenoute.those.GF263-267.mark.xml#sSpan3345" target="scriptorium.shenoute.those.GF263-267.mark.xml#sSpan3346"/>
		<rel id="sPointingRel1807" xlink:href="scriptorium.shenoute.those.GF263-267.mark.xml#sSpan699" target="scriptorium.shenoute.those.GF263-267.mark.xml#sSpan701"/>
		<rel id="sPointingRel1809" xlink:href="scriptorium.shenoute.those.GF263-267.mark.xml#sSpan2406" target="scriptorium.shenoute.those.GF263-267.mark.xml#sSpan2404"/>
		<rel id="sPointingRel1811" xlink:href="scriptorium.shenoute.those.GF263-267.mark.xml#sSpan2338" target="scriptorium.shenoute.those.GF263-267.mark.xml#sSpan2341"/>
		<rel id="sPointingRel1813" xlink:href="scriptorium.shenoute.those.GF263-267.mark.xml#sSpan497" target="scriptorium.shenoute.those.GF263-267.mark.xml#sSpan495"/>
		<rel id="sPointingRel1815" xlink:href="scriptorium.shenoute.those.GF263-267.mark.xml#sSpan2586" target="scriptorium.shenoute.those.GF263-267.mark.xml#sSpan2588"/>
		<rel id="sPointingRel1817" xlink:href="scriptorium.shenoute.those.GF263-267.mark.xml#sSpan2571" target="scriptorium.shenoute.those.GF263-267.mark.xml#sSpan2573"/>
		<rel id="sPointingRel1819" xlink:href="scriptorium.shenoute.those.GF263-267.mark.xml#sSpan848" target="scriptorium.shenoute.those.GF263-267.mark.xml#sSpan860"/>
		<rel id="sPointingRel1821" xlink:href="scriptorium.shenoute.those.GF263-267.mark.xml#sSpan2019" target="scriptorium.shenoute.those.GF263-267.mark.xml#sSpan2020"/>
		<rel id="sPointingRel1823" xlink:href="scriptorium.shenoute.those.GF263-267.mark.xml#sSpan2070" target="scriptorium.shenoute.those.GF263-267.mark.xml#sSpan2072"/>
		<rel id="sPointingRel1825" xlink:href="scriptorium.shenoute.those.GF263-267.mark.xml#sSpan1165" target="scriptorium.shenoute.those.GF263-267.mark.xml#sSpan1163"/>
		<rel id="sPointingRel1827" xlink:href="scriptorium.shenoute.those.GF263-267.mark.xml#sSpan2083" target="scriptorium.shenoute.those.GF263-267.mark.xml#sSpan2081"/>
		<rel id="sPointingRel1829" xlink:href="scriptorium.shenoute.those.GF263-267.mark.xml#sSpan951" target="scriptorium.shenoute.those.GF263-267.mark.xml#sSpan949"/>
		<rel id="sPointingRel1831" xlink:href="scriptorium.shenoute.those.GF263-267.mark.xml#sSpan638" target="scriptorium.shenoute.those.GF263-267.mark.xml#sSpan639"/>
		<rel id="sPointingRel1833" xlink:href="scriptorium.shenoute.those.GF263-267.mark.xml#sSpan239" target="scriptorium.shenoute.those.GF263-267.mark.xml#sSpan240"/>
		<rel id="sPointingRel1835" xlink:href="scriptorium.shenoute.those.GF263-267.mark.xml#sSpan1956" target="scriptorium.shenoute.those.GF263-267.mark.xml#sSpan1958"/>
		<rel id="sPointingRel1837" xlink:href="scriptorium.shenoute.those.GF263-267.mark.xml#sSpan2601" target="scriptorium.shenoute.those.GF263-267.mark.xml#sSpan2599"/>
		<rel id="sPointingRel1839" xlink:href="scriptorium.shenoute.those.GF263-267.mark.xml#sSpan2373" target="scriptorium.shenoute.those.GF263-267.mark.xml#sSpan2375"/>
		<rel id="sPointingRel1841" xlink:href="scriptorium.shenoute.those.GF263-267.mark.xml#sSpan2263" target="scriptorium.shenoute.those.GF263-267.mark.xml#sSpan2261"/>
		<rel id="sPointingRel1843" xlink:href="scriptorium.shenoute.those.GF263-267.mark.xml#sSpan1116" target="scriptorium.shenoute.those.GF263-267.mark.xml#sSpan1114"/>
		<rel id="sPointingRel1845" xlink:href="scriptorium.shenoute.those.GF263-267.mark.xml#sSpan1391" target="scriptorium.shenoute.those.GF263-267.mark.xml#sSpan1387"/>
		<rel id="sPointingRel1847" xlink:href="scriptorium.shenoute.those.GF263-267.mark.xml#sSpan1894" target="scriptorium.shenoute.those.GF263-267.mark.xml#sSpan1892"/>
		<rel id="sPointingRel1849" xlink:href="scriptorium.shenoute.those.GF263-267.mark.xml#sSpan1935" target="scriptorium.shenoute.those.GF263-267.mark.xml#sSpan1936"/>
		<rel id="sPointingRel1851" xlink:href="scriptorium.shenoute.those.GF263-267.mark.xml#sSpan997" target="scriptorium.shenoute.those.GF263-267.mark.xml#sSpan998"/>
		<rel id="sPointingRel1853" xlink:href="scriptorium.shenoute.those.GF263-267.mark.xml#sSpan2149" target="scriptorium.shenoute.those.GF263-267.mark.xml#sSpan2150"/>
		<rel id="sPointingRel1855" xlink:href="scriptorium.shenoute.those.GF263-267.mark.xml#sSpan2181" target="scriptorium.shenoute.those.GF263-267.mark.xml#sSpan2179"/>
		<rel id="sPointingRel1857" xlink:href="scriptorium.shenoute.those.GF263-267.mark.xml#sSpan583" target="scriptorium.shenoute.those.GF263-267.mark.xml#sSpan584"/>
		<rel id="sPointingRel1859" xlink:href="scriptorium.shenoute.those.GF263-267.mark.xml#sSpan1235" target="scriptorium.shenoute.those.GF263-267.mark.xml#sSpan1233"/>
		<rel id="sPointingRel1861" xlink:href="scriptorium.shenoute.those.GF263-267.mark.xml#sSpan358" target="scriptorium.shenoute.those.GF263-267.mark.xml#sSpan359"/>
		<rel id="sPointingRel1863" xlink:href="scriptorium.shenoute.those.GF263-267.mark.xml#sSpan675" target="scriptorium.shenoute.those.GF263-267.mark.xml#sSpan673"/>
		<rel id="sPointingRel1865" xlink:href="scriptorium.shenoute.those.GF263-267.mark.xml#sSpan3399" target="scriptorium.shenoute.those.GF263-267.mark.xml#sSpan3401"/>
		<rel id="sPointingRel1867" xlink:href="scriptorium.shenoute.those.GF263-267.mark.xml#sSpan213" target="scriptorium.shenoute.those.GF263-267.mark.xml#sSpan215"/>
		<rel id="sPointingRel1869" xlink:href="scriptorium.shenoute.those.GF263-267.mark.xml#sSpan593" target="scriptorium.shenoute.those.GF263-267.mark.xml#sSpan591"/>
		<rel id="sPointingRel1871" xlink:href="scriptorium.shenoute.those.GF263-267.mark.xml#sSpan206" target="scriptorium.shenoute.those.GF263-267.mark.xml#sSpan204"/>
		<rel id="sPointingRel1873" xlink:href="scriptorium.shenoute.those.GF263-267.mark.xml#sSpan3254" target="scriptorium.shenoute.those.GF263-267.mark.xml#sSpan3256"/>
		<rel id="sPointingRel1875" xlink:href="scriptorium.shenoute.those.GF263-267.mark.xml#sSpan1729" target="scriptorium.shenoute.those.GF263-267.mark.xml#sSpan1727"/>
		<rel id="sPointingRel1877" xlink:href="scriptorium.shenoute.those.GF263-267.mark.xml#sSpan944" target="scriptorium.shenoute.those.GF263-267.mark.xml#sSpan946"/>
		<rel id="sPointingRel1879" xlink:href="scriptorium.shenoute.those.GF263-267.mark.xml#sSpan116" target="scriptorium.shenoute.those.GF263-267.mark.xml#sSpan118"/>
		<rel id="sPointingRel1881" xlink:href="scriptorium.shenoute.those.GF263-267.mark.xml#sSpan1379" target="scriptorium.shenoute.those.GF263-267.mark.xml#sSpan1375"/>
		<rel id="sPointingRel1883" xlink:href="scriptorium.shenoute.those.GF263-267.mark.xml#sSpan25" target="scriptorium.shenoute.those.GF263-267.mark.xml#sSpan26"/>
		<rel id="sPointingRel1885" xlink:href="scriptorium.shenoute.those.GF263-267.mark.xml#sSpan1819" target="scriptorium.shenoute.those.GF263-267.mark.xml#sSpan1821"/>
		<rel id="sPointingRel1887" xlink:href="scriptorium.shenoute.those.GF263-267.mark.xml#sSpan1703" target="scriptorium.shenoute.those.GF263-267.mark.xml#sSpan1701"/>
		<rel id="sPointingRel1889" xlink:href="scriptorium.shenoute.those.GF263-267.mark.xml#sSpan3053" target="scriptorium.shenoute.those.GF263-267.mark.xml#sSpan3051"/>
		<rel id="sPointingRel1891" xlink:href="scriptorium.shenoute.those.GF263-267.mark.xml#sSpan2431" target="scriptorium.shenoute.those.GF263-267.mark.xml#sSpan2429"/>
		<rel id="sPointingRel1893" xlink:href="scriptorium.shenoute.those.GF263-267.mark.xml#sSpan2909" target="scriptorium.shenoute.those.GF263-267.mark.xml#sSpan2911"/>
		<rel id="sPointingRel1895" xlink:href="scriptorium.shenoute.those.GF263-267.mark.xml#sSpan2682" target="scriptorium.shenoute.those.GF263-267.mark.xml#sSpan2684"/>
		<rel id="sPointingRel1897" xlink:href="scriptorium.shenoute.those.GF263-267.mark.xml#sSpan2307" target="scriptorium.shenoute.those.GF263-267.mark.xml#sSpan2305"/>
		<rel id="sPointingRel1899" xlink:href="scriptorium.shenoute.those.GF263-267.mark.xml#sSpan3376" target="scriptorium.shenoute.those.GF263-267.mark.xml#sSpan3378"/>
		<rel id="sPointingRel1901" xlink:href="scriptorium.shenoute.those.GF263-267.mark.xml#sSpan3091" target="scriptorium.shenoute.those.GF263-267.mark.xml#sSpan3089"/>
		<rel id="sPointingRel1903" xlink:href="scriptorium.shenoute.those.GF263-267.mark.xml#sSpan3232" target="scriptorium.shenoute.those.GF263-267.mark.xml#sSpan3233"/>
		<rel id="sPointingRel1905" xlink:href="scriptorium.shenoute.those.GF263-267.mark.xml#sSpan3448" target="scriptorium.shenoute.those.GF263-267.mark.xml#sSpan3449"/>
		<rel id="sPointingRel1907" xlink:href="scriptorium.shenoute.those.GF263-267.mark.xml#sSpan2884" target="scriptorium.shenoute.those.GF263-267.mark.xml#sSpan2885"/>
		<rel id="sPointingRel1909" xlink:href="scriptorium.shenoute.those.GF263-267.mark.xml#sSpan971" target="scriptorium.shenoute.those.GF263-267.mark.xml#sSpan969"/>
		<rel id="sPointingRel1911" xlink:href="scriptorium.shenoute.those.GF263-267.mark.xml#sSpan2007" target="scriptorium.shenoute.those.GF263-267.mark.xml#sSpan2008"/>
		<rel id="sPointingRel1913" xlink:href="scriptorium.shenoute.those.GF263-267.mark.xml#sSpan1173" target="scriptorium.shenoute.those.GF263-267.mark.xml#sSpan1171"/>
		<rel id="sPointingRel1915" xlink:href="scriptorium.shenoute.those.GF263-267.mark.xml#sSpan1876" target="scriptorium.shenoute.those.GF263-267.mark.xml#sSpan1877"/>
		<rel id="sPointingRel1917" xlink:href="scriptorium.shenoute.those.GF263-267.mark.xml#sSpan2029" target="scriptorium.shenoute.those.GF263-267.mark.xml#sSpan2032"/>
		<rel id="sPointingRel1919" xlink:href="scriptorium.shenoute.those.GF263-267.mark.xml#sSpan781" target="scriptorium.shenoute.those.GF263-267.mark.xml#sSpan782"/>
		<rel id="sPointingRel1921" xlink:href="scriptorium.shenoute.those.GF263-267.mark.xml#sSpan802" target="scriptorium.shenoute.those.GF263-267.mark.xml#sSpan805"/>
		<rel id="sPointingRel1923" xlink:href="scriptorium.shenoute.those.GF263-267.mark.xml#sSpan2230" target="scriptorium.shenoute.those.GF263-267.mark.xml#sSpan2228"/>
		<rel id="sPointingRel1925" xlink:href="scriptorium.shenoute.those.GF263-267.mark.xml#sSpan558" target="scriptorium.shenoute.those.GF263-267.mark.xml#sSpan556"/>
		<rel id="sPointingRel1927" xlink:href="scriptorium.shenoute.those.GF263-267.mark.xml#sSpan3487" target="scriptorium.shenoute.those.GF263-267.mark.xml#sSpan3485"/>
		<rel id="sPointingRel1929" xlink:href="scriptorium.shenoute.those.GF263-267.mark.xml#sSpan1428" target="scriptorium.shenoute.those.GF263-267.mark.xml#sSpan1430"/>
		<rel id="sPointingRel1931" xlink:href="scriptorium.shenoute.those.GF263-267.mark.xml#sSpan710" target="scriptorium.shenoute.those.GF263-267.mark.xml#sSpan711"/>
		<rel id="sPointingRel1933" xlink:href="scriptorium.shenoute.those.GF263-267.mark.xml#sSpan2663" target="scriptorium.shenoute.those.GF263-267.mark.xml#sSpan2665"/>
		<rel id="sPointingRel1935" xlink:href="scriptorium.shenoute.those.GF263-267.mark.xml#sSpan3098" target="scriptorium.shenoute.those.GF263-267.mark.xml#sSpan3099"/>
		<rel id="sPointingRel1937" xlink:href="scriptorium.shenoute.those.GF263-267.mark.xml#sSpan35" target="scriptorium.shenoute.those.GF263-267.mark.xml#sSpan36"/>
		<rel id="sPointingRel1939" xlink:href="scriptorium.shenoute.those.GF263-267.mark.xml#sSpan3154" target="scriptorium.shenoute.those.GF263-267.mark.xml#sSpan3156"/>
		<rel id="sPointingRel1941" xlink:href="scriptorium.shenoute.those.GF263-267.mark.xml#sSpan160" target="scriptorium.shenoute.those.GF263-267.mark.xml#sSpan161"/>
		<rel id="sPointingRel1943" xlink:href="scriptorium.shenoute.those.GF263-267.mark.xml#sSpan921" target="scriptorium.shenoute.those.GF263-267.mark.xml#sSpan922"/>
		<rel id="sPointingRel1945" xlink:href="scriptorium.shenoute.those.GF263-267.mark.xml#sSpan2328" target="scriptorium.shenoute.those.GF263-267.mark.xml#sSpan2329"/>
		<rel id="sPointingRel1947" xlink:href="scriptorium.shenoute.those.GF263-267.mark.xml#sSpan836" target="scriptorium.shenoute.those.GF263-267.mark.xml#sSpan838"/>
		<rel id="sPointingRel1949" xlink:href="scriptorium.shenoute.those.GF263-267.mark.xml#sSpan1693" target="scriptorium.shenoute.those.GF263-267.mark.xml#sSpan1694"/>
		<rel id="sPointingRel1951" xlink:href="scriptorium.shenoute.those.GF263-267.mark.xml#sSpan1844" target="scriptorium.shenoute.those.GF263-267.mark.xml#sSpan1845"/>
		<rel id="sPointingRel1953" xlink:href="scriptorium.shenoute.those.GF263-267.mark.xml#sSpan3427" target="scriptorium.shenoute.those.GF263-267.mark.xml#sSpan3425"/>
		<rel id="sPointingRel1955" xlink:href="scriptorium.shenoute.those.GF263-267.mark.xml#sSpan2557" target="scriptorium.shenoute.those.GF263-267.mark.xml#sSpan2563"/>
		<rel id="sPointingRel1957" xlink:href="scriptorium.shenoute.those.GF263-267.mark.xml#sSpan368" target="scriptorium.shenoute.those.GF263-267.mark.xml#sSpan366"/>
		<rel id="sPointingRel1959" xlink:href="scriptorium.shenoute.those.GF263-267.mark.xml#sSpan2159" target="scriptorium.shenoute.those.GF263-267.mark.xml#sSpan2160"/>
		<rel id="sPointingRel1961" xlink:href="scriptorium.shenoute.those.GF263-267.mark.xml#sSpan2135" target="scriptorium.shenoute.those.GF263-267.mark.xml#sSpan2133"/>
		<rel id="sPointingRel1963" xlink:href="scriptorium.shenoute.those.GF263-267.mark.xml#sSpan2474" target="scriptorium.shenoute.those.GF263-267.mark.xml#sSpan2476"/>
		<rel id="sPointingRel1965" xlink:href="scriptorium.shenoute.those.GF263-267.mark.xml#sSpan770" target="scriptorium.shenoute.those.GF263-267.mark.xml#sSpan772"/>
		<rel id="sPointingRel1967" xlink:href="scriptorium.shenoute.those.GF263-267.mark.xml#sSpan2523" target="scriptorium.shenoute.those.GF263-267.mark.xml#sSpan2525"/>
		<rel id="sPointingRel1969" xlink:href="scriptorium.shenoute.those.GF263-267.mark.xml#sSpan1716" target="scriptorium.shenoute.those.GF263-267.mark.xml#sSpan1714"/>
		<rel id="sPointingRel1971" xlink:href="scriptorium.shenoute.those.GF263-267.mark.xml#sSpan2861" target="scriptorium.shenoute.those.GF263-267.mark.xml#sSpan2859"/>
		<rel id="sPointingRel1973" xlink:href="scriptorium.shenoute.those.GF263-267.mark.xml#sSpan1452" target="scriptorium.shenoute.those.GF263-267.mark.xml#sSpan1458"/>
		<rel id="sPointingRel1975" xlink:href="scriptorium.shenoute.those.GF263-267.mark.xml#sSpan3141" target="scriptorium.shenoute.those.GF263-267.mark.xml#sSpan3145"/>
		<rel id="sPointingRel1977" xlink:href="scriptorium.shenoute.those.GF263-267.mark.xml#sSpan2282" target="scriptorium.shenoute.those.GF263-267.mark.xml#sSpan2280"/>
		<rel id="sPointingRel1979" xlink:href="scriptorium.shenoute.those.GF263-267.mark.xml#sSpan826" target="scriptorium.shenoute.those.GF263-267.mark.xml#sSpan828"/>
		<rel id="sPointingRel1981" xlink:href="scriptorium.shenoute.those.GF263-267.mark.xml#sSpan1011" target="scriptorium.shenoute.those.GF263-267.mark.xml#sSpan1012"/>
		<rel id="sPointingRel1983" xlink:href="scriptorium.shenoute.those.GF263-267.mark.xml#sSpan2674" target="scriptorium.shenoute.those.GF263-267.mark.xml#sSpan2675"/>
		<rel id="sPointingRel1985" xlink:href="scriptorium.shenoute.those.GF263-267.mark.xml#sSpan1364" target="scriptorium.shenoute.those.GF263-267.mark.xml#sSpan1366"/>
		<rel id="sPointingRel1987" xlink:href="scriptorium.shenoute.those.GF263-267.mark.xml#sSpan3031" target="scriptorium.shenoute.those.GF263-267.mark.xml#sSpan3036"/>
		<rel id="sPointingRel1989" xlink:href="scriptorium.shenoute.those.GF263-267.mark.xml#sSpan1207" target="scriptorium.shenoute.those.GF263-267.mark.xml#sSpan1209"/>
		<rel id="sPointingRel1991" xlink:href="scriptorium.shenoute.those.GF263-267.mark.xml#sSpan1355" target="scriptorium.shenoute.those.GF263-267.mark.xml#sSpan1356"/>
		<rel id="sPointingRel1993" xlink:href="scriptorium.shenoute.those.GF263-267.mark.xml#sSpan2791" target="scriptorium.shenoute.those.GF263-267.mark.xml#sSpan2789"/>
		<rel id="sPointingRel1995" xlink:href="scriptorium.shenoute.those.GF263-267.mark.xml#sSpan285" target="scriptorium.shenoute.those.GF263-267.mark.xml#sSpan288"/>
		<rel id="sPointingRel1997" xlink:href="scriptorium.shenoute.those.GF263-267.mark.xml#sSpan381" target="scriptorium.shenoute.those.GF263-267.mark.xml#sSpan383"/>
		<rel id="sPointingRel1999" xlink:href="scriptorium.shenoute.those.GF263-267.mark.xml#sSpan228" target="scriptorium.shenoute.those.GF263-267.mark.xml#sSpan226"/>
		<rel id="sPointingRel2001" xlink:href="scriptorium.shenoute.those.GF263-267.mark.xml#sSpan2533" target="scriptorium.shenoute.those.GF263-267.mark.xml#sSpan2531"/>
		<rel id="sPointingRel2003" xlink:href="scriptorium.shenoute.those.GF263-267.mark.xml#sSpan151" target="scriptorium.shenoute.those.GF263-267.mark.xml#sSpan153"/>
		<rel id="sPointingRel2005" xlink:href="scriptorium.shenoute.those.GF263-267.mark.xml#sSpan425" target="scriptorium.shenoute.those.GF263-267.mark.xml#sSpan479"/>
		<rel id="sPointingRel2007" xlink:href="scriptorium.shenoute.those.GF263-267.mark.xml#sSpan331" target="scriptorium.shenoute.those.GF263-267.mark.xml#sSpan329"/>
		<rel id="sPointingRel2009" xlink:href="scriptorium.shenoute.those.GF263-267.mark.xml#sSpan2436" target="scriptorium.shenoute.those.GF263-267.mark.xml#sSpan2437"/>
		<rel id="sPointingRel2011" xlink:href="scriptorium.shenoute.those.GF263-267.mark.xml#sSpan628" target="scriptorium.shenoute.those.GF263-267.mark.xml#sSpan629"/></relList></paula>