<?xml version='1.0' encoding='UTF-8'?><!DOCTYPE paula SYSTEM "paula_feat.dtd">
<paula version="1.1">
	<header paula_id="scriptorium.shenoute.those.GF263-267.mark_note"/>
	<featList xmlns:xlink="http://www.w3.org/1999/xlink" type="note" xml:base="scriptorium.shenoute.those.GF263-267.mark.xml">
		<feat xlink:href="#sSpan1" value="Upper left is vacat  Upper right is ⲥⲝⲅ"/>
		<feat xlink:href="#sSpan694" value="Upper left is ⲥⲝⲇ Upper right is vacat"/>
		<feat xlink:href="#sSpan1374" value="ⲃⲟ is written over ⲙⲙ"/>
		<feat xlink:href="#sSpan1392" value="Upper left is vacat  Upper right is ⲥⲝⲉ"/>
		<feat xlink:href="#sSpan1730" value="col i has 24 lines col ii has 25"/>
		<feat xlink:href="#sSpan2030" value="Scribal error, corrected by parallel"/>
		<feat xlink:href="#sSpan2089" value="Dots in the shape of a diamond after the raised dot"/>
		<feat xlink:href="#sSpan2122" value="Upper left is ⲥⲝⲋ Upper right is vacat"/>
		<feat xlink:href="#sSpan2458" value="Column i has 25 lines; column ii, 24 lines"/>
		<feat xlink:href="#sSpan2815" value="Upper left is vacat  Upper right is ⲥⲝⲍ"/></featList></paula>