<?xml version='1.0' encoding='UTF-8'?><!DOCTYPE paula SYSTEM "paula_feat.dtd">
<paula version="1.1">
	<header paula_id="scriptorium.shenoute.those.GF263-267.mark_cb_n"/>
	<featList xmlns:xlink="http://www.w3.org/1999/xlink" type="cb_n" xml:base="scriptorium.shenoute.those.GF263-267.mark.xml">
		<feat xlink:href="#sSpan11" value="1"/>
		<feat xlink:href="#sSpan349" value="2"/>
		<feat xlink:href="#sSpan692" value="1"/>
		<feat xlink:href="#sSpan1091" value="2"/>
		<feat xlink:href="#sSpan1394" value="1"/>
		<feat xlink:href="#sSpan1748" value="2"/>
		<feat xlink:href="#sSpan2128" value="1"/>
		<feat xlink:href="#sSpan2479" value="2"/>
		<feat xlink:href="#sSpan2819" value="1"/>
		<feat xlink:href="#sSpan3173" value="2"/></featList></paula>