<?xml version='1.0' encoding='UTF-8'?><!DOCTYPE paula SYSTEM "paula_feat.dtd">
<paula version="1.1">
	<header paula_id="scriptorium.shenoute.those.GF263-267.mark_lb_n"/>
	<featList xmlns:xlink="http://www.w3.org/1999/xlink" type="lb_n" xml:base="scriptorium.shenoute.those.GF263-267.mark.xml">
		<feat xlink:href="#sSpan6" value="1"/>
		<feat xlink:href="#sSpan28" value="2"/>
		<feat xlink:href="#sSpan38" value="3"/>
		<feat xlink:href="#sSpan60" value="4"/>
		<feat xlink:href="#sSpan73" value="5"/>
		<feat xlink:href="#sSpan90" value="6"/>
		<feat xlink:href="#sSpan101" value="7"/>
		<feat xlink:href="#sSpan117" value="8"/>
		<feat xlink:href="#sSpan131" value="9"/>
		<feat xlink:href="#sSpan146" value="10"/>
		<feat xlink:href="#sSpan155" value="11"/>
		<feat xlink:href="#sSpan176" value="12"/>
		<feat xlink:href="#sSpan192" value="13"/>
		<feat xlink:href="#sSpan203" value="14"/>
		<feat xlink:href="#sSpan225" value="15"/>
		<feat xlink:href="#sSpan242" value="16"/>
		<feat xlink:href="#sSpan260" value="17"/>
		<feat xlink:href="#sSpan278" value="18"/>
		<feat xlink:href="#sSpan286" value="19"/>
		<feat xlink:href="#sSpan294" value="20"/>
		<feat xlink:href="#sSpan305" value="21"/>
		<feat xlink:href="#sSpan320" value="22"/>
		<feat xlink:href="#sSpan337" value="23"/>
		<feat xlink:href="#sSpan348" value="1"/>
		<feat xlink:href="#sSpan361" value="2"/>
		<feat xlink:href="#sSpan380" value="3"/>
		<feat xlink:href="#sSpan389" value="4"/>
		<feat xlink:href="#sSpan407" value="5"/>
		<feat xlink:href="#sSpan432" value="6"/>
		<feat xlink:href="#sSpan441" value="7"/>
		<feat xlink:href="#sSpan453" value="8"/>
		<feat xlink:href="#sSpan466" value="9"/>
		<feat xlink:href="#sSpan485" value="10"/>
		<feat xlink:href="#sSpan502" value="11"/>
		<feat xlink:href="#sSpan518" value="12"/>
		<feat xlink:href="#sSpan535" value="13"/>
		<feat xlink:href="#sSpan548" value="14"/>
		<feat xlink:href="#sSpan563" value="15"/>
		<feat xlink:href="#sSpan574" value="16"/>
		<feat xlink:href="#sSpan586" value="17"/>
		<feat xlink:href="#sSpan600" value="18"/>
		<feat xlink:href="#sSpan621" value="19"/>
		<feat xlink:href="#sSpan637" value="20"/>
		<feat xlink:href="#sSpan648" value="21"/>
		<feat xlink:href="#sSpan661" value="22"/>
		<feat xlink:href="#sSpan672" value="23"/>
		<feat xlink:href="#sSpan691" value="1"/>
		<feat xlink:href="#sSpan707" value="2"/>
		<feat xlink:href="#sSpan726" value="3"/>
		<feat xlink:href="#sSpan738" value="4"/>
		<feat xlink:href="#sSpan756" value="5"/>
		<feat xlink:href="#sSpan771" value="6"/>
		<feat xlink:href="#sSpan780" value="7"/>
		<feat xlink:href="#sSpan791" value="8"/>
		<feat xlink:href="#sSpan807" value="9"/>
		<feat xlink:href="#sSpan821" value="10"/>
		<feat xlink:href="#sSpan837" value="11"/>
		<feat xlink:href="#sSpan851" value="12"/>
		<feat xlink:href="#sSpan867" value="13"/>
		<feat xlink:href="#sSpan880" value="14"/>
		<feat xlink:href="#sSpan895" value="15"/>
		<feat xlink:href="#sSpan918" value="16"/>
		<feat xlink:href="#sSpan934" value="17"/>
		<feat xlink:href="#sSpan954" value="18"/>
		<feat xlink:href="#sSpan967" value="19"/>
		<feat xlink:href="#sSpan977" value="20"/>
		<feat xlink:href="#sSpan996" value="21"/>
		<feat xlink:href="#sSpan1014" value="22"/>
		<feat xlink:href="#sSpan1031" value="23"/>
		<feat xlink:href="#sSpan1049" value="24"/>
		<feat xlink:href="#sSpan1072" value="25"/>
		<feat xlink:href="#sSpan1090" value="1"/>
		<feat xlink:href="#sSpan1104" value="2"/>
		<feat xlink:href="#sSpan1117" value="3"/>
		<feat xlink:href="#sSpan1126" value="4"/>
		<feat xlink:href="#sSpan1150" value="5"/>
		<feat xlink:href="#sSpan1162" value="6"/>
		<feat xlink:href="#sSpan1174" value="7"/>
		<feat xlink:href="#sSpan1183" value="8"/>
		<feat xlink:href="#sSpan1202" value="9"/>
		<feat xlink:href="#sSpan1211" value="10"/>
		<feat xlink:href="#sSpan1222" value="11"/>
		<feat xlink:href="#sSpan1238" value="12"/>
		<feat xlink:href="#sSpan1250" value="13"/>
		<feat xlink:href="#sSpan1258" value="14"/>
		<feat xlink:href="#sSpan1270" value="15"/>
		<feat xlink:href="#sSpan1281" value="16"/>
		<feat xlink:href="#sSpan1297" value="17"/>
		<feat xlink:href="#sSpan1309" value="18"/>
		<feat xlink:href="#sSpan1320" value="19"/>
		<feat xlink:href="#sSpan1334" value="20"/>
		<feat xlink:href="#sSpan1343" value="21"/>
		<feat xlink:href="#sSpan1352" value="22"/>
		<feat xlink:href="#sSpan1365" value="23"/>
		<feat xlink:href="#sSpan1380" value="24"/>
		<feat xlink:href="#sSpan1393" value="1"/>
		<feat xlink:href="#sSpan1414" value="2"/>
		<feat xlink:href="#sSpan1423" value="3"/>
		<feat xlink:href="#sSpan1432" value="4"/>
		<feat xlink:href="#sSpan1445" value="5"/>
		<feat xlink:href="#sSpan1461" value="6"/>
		<feat xlink:href="#sSpan1474" value="7"/>
		<feat xlink:href="#sSpan1486" value="8"/>
		<feat xlink:href="#sSpan1501" value="9"/>
		<feat xlink:href="#sSpan1512" value="10"/>
		<feat xlink:href="#sSpan1528" value="11"/>
		<feat xlink:href="#sSpan1541" value="12"/>
		<feat xlink:href="#sSpan1558" value="13"/>
		<feat xlink:href="#sSpan1576" value="14"/>
		<feat xlink:href="#sSpan1597" value="15"/>
		<feat xlink:href="#sSpan1614" value="16"/>
		<feat xlink:href="#sSpan1628" value="17"/>
		<feat xlink:href="#sSpan1649" value="18"/>
		<feat xlink:href="#sSpan1665" value="19"/>
		<feat xlink:href="#sSpan1686" value="20"/>
		<feat xlink:href="#sSpan1696" value="21"/>
		<feat xlink:href="#sSpan1708" value="22"/>
		<feat xlink:href="#sSpan1717" value="23"/>
		<feat xlink:href="#sSpan1735" value="24"/>
		<feat xlink:href="#sSpan1747" value="1"/>
		<feat xlink:href="#sSpan1769" value="2"/>
		<feat xlink:href="#sSpan1784" value="3"/>
		<feat xlink:href="#sSpan1789" value="4"/>
		<feat xlink:href="#sSpan1808" value="5"/>
		<feat xlink:href="#sSpan1823" value="6"/>
		<feat xlink:href="#sSpan1836" value="7"/>
		<feat xlink:href="#sSpan1851" value="8"/>
		<feat xlink:href="#sSpan1873" value="9"/>
		<feat xlink:href="#sSpan1888" value="10"/>
		<feat xlink:href="#sSpan1909" value="11"/>
		<feat xlink:href="#sSpan1928" value="12"/>
		<feat xlink:href="#sSpan1942" value="13"/>
		<feat xlink:href="#sSpan1953" value="14"/>
		<feat xlink:href="#sSpan1966" value="15"/>
		<feat xlink:href="#sSpan1984" value="16"/>
		<feat xlink:href="#sSpan1996" value="17"/>
		<feat xlink:href="#sSpan2014" value="18"/>
		<feat xlink:href="#sSpan2024" value="19"/>
		<feat xlink:href="#sSpan2034" value="20"/>
		<feat xlink:href="#sSpan2051" value="21"/>
		<feat xlink:href="#sSpan2067" value="22"/>
		<feat xlink:href="#sSpan2076" value="23"/>
		<feat xlink:href="#sSpan2088" value="24"/>
		<feat xlink:href="#sSpan2105" value="25"/>
		<feat xlink:href="#sSpan2127" value="1"/>
		<feat xlink:href="#sSpan2138" value="2"/>
		<feat xlink:href="#sSpan2152" value="3"/>
		<feat xlink:href="#sSpan2162" value="4"/>
		<feat xlink:href="#sSpan2174" value="5"/>
		<feat xlink:href="#sSpan2186" value="6"/>
		<feat xlink:href="#sSpan2199" value="7"/>
		<feat xlink:href="#sSpan2217" value="8"/>
		<feat xlink:href="#sSpan2231" value="9"/>
		<feat xlink:href="#sSpan2246" value="10"/>
		<feat xlink:href="#sSpan2260" value="11"/>
		<feat xlink:href="#sSpan2279" value="12"/>
		<feat xlink:href="#sSpan2296" value="13"/>
		<feat xlink:href="#sSpan2308" value="14"/>
		<feat xlink:href="#sSpan2321" value="15"/>
		<feat xlink:href="#sSpan2331" value="16"/>
		<feat xlink:href="#sSpan2351" value="17"/>
		<feat xlink:href="#sSpan2362" value="18"/>
		<feat xlink:href="#sSpan2377" value="19"/>
		<feat xlink:href="#sSpan2395" value="20"/>
		<feat xlink:href="#sSpan2416" value="21"/>
		<feat xlink:href="#sSpan2427" value="22"/>
		<feat xlink:href="#sSpan2443" value="23"/>
		<feat xlink:href="#sSpan2453" value="24"/>
		<feat xlink:href="#sSpan2463" value="25"/>
		<feat xlink:href="#sSpan2478" value="1"/>
		<feat xlink:href="#sSpan2490" value="2"/>
		<feat xlink:href="#sSpan2509" value="3"/>
		<feat xlink:href="#sSpan2522" value="4"/>
		<feat xlink:href="#sSpan2540" value="5"/>
		<feat xlink:href="#sSpan2558" value="6"/>
		<feat xlink:href="#sSpan2572" value="7"/>
		<feat xlink:href="#sSpan2579" value="8"/>
		<feat xlink:href="#sSpan2590" value="9"/>
		<feat xlink:href="#sSpan2596" value="10"/>
		<feat xlink:href="#sSpan2615" value="11"/>
		<feat xlink:href="#sSpan2627" value="12"/>
		<feat xlink:href="#sSpan2634" value="13"/>
		<feat xlink:href="#sSpan2652" value="14"/>
		<feat xlink:href="#sSpan2667" value="15"/>
		<feat xlink:href="#sSpan2677" value="16"/>
		<feat xlink:href="#sSpan2692" value="17"/>
		<feat xlink:href="#sSpan2702" value="18"/>
		<feat xlink:href="#sSpan2719" value="19"/>
		<feat xlink:href="#sSpan2738" value="20"/>
		<feat xlink:href="#sSpan2756" value="21"/>
		<feat xlink:href="#sSpan2770" value="22"/>
		<feat xlink:href="#sSpan2787" value="23"/>
		<feat xlink:href="#sSpan2804" value="24"/>
		<feat xlink:href="#sSpan2818" value="1"/>
		<feat xlink:href="#sSpan2837" value="2"/>
		<feat xlink:href="#sSpan2852" value="3"/>
		<feat xlink:href="#sSpan2873" value="4"/>
		<feat xlink:href="#sSpan2889" value="5"/>
		<feat xlink:href="#sSpan2898" value="6"/>
		<feat xlink:href="#sSpan2913" value="7"/>
		<feat xlink:href="#sSpan2934" value="8"/>
		<feat xlink:href="#sSpan2944" value="9"/>
		<feat xlink:href="#sSpan2958" value="10"/>
		<feat xlink:href="#sSpan2971" value="11"/>
		<feat xlink:href="#sSpan2984" value="12"/>
		<feat xlink:href="#sSpan2994" value="13"/>
		<feat xlink:href="#sSpan3017" value="14"/>
		<feat xlink:href="#sSpan3034" value="15"/>
		<feat xlink:href="#sSpan3050" value="16"/>
		<feat xlink:href="#sSpan3062" value="17"/>
		<feat xlink:href="#sSpan3077" value="18"/>
		<feat xlink:href="#sSpan3088" value="19"/>
		<feat xlink:href="#sSpan3101" value="20"/>
		<feat xlink:href="#sSpan3119" value="21"/>
		<feat xlink:href="#sSpan3136" value="22"/>
		<feat xlink:href="#sSpan3147" value="23"/>
		<feat xlink:href="#sSpan3158" value="24"/>
		<feat xlink:href="#sSpan3172" value="1"/>
		<feat xlink:href="#sSpan3188" value="2"/>
		<feat xlink:href="#sSpan3202" value="3"/>
		<feat xlink:href="#sSpan3212" value="4"/>
		<feat xlink:href="#sSpan3229" value="5"/>
		<feat xlink:href="#sSpan3243" value="6"/>
		<feat xlink:href="#sSpan3262" value="7"/>
		<feat xlink:href="#sSpan3271" value="8"/>
		<feat xlink:href="#sSpan3279" value="9"/>
		<feat xlink:href="#sSpan3293" value="10"/>
		<feat xlink:href="#sSpan3302" value="11"/>
		<feat xlink:href="#sSpan3313" value="12"/>
		<feat xlink:href="#sSpan3330" value="13"/>
		<feat xlink:href="#sSpan3348" value="14"/>
		<feat xlink:href="#sSpan3367" value="15"/>
		<feat xlink:href="#sSpan3381" value="16"/>
		<feat xlink:href="#sSpan3392" value="17"/>
		<feat xlink:href="#sSpan3405" value="18"/>
		<feat xlink:href="#sSpan3415" value="19"/>
		<feat xlink:href="#sSpan3432" value="20"/>
		<feat xlink:href="#sSpan3445" value="21"/>
		<feat xlink:href="#sSpan3463" value="22"/>
		<feat xlink:href="#sSpan3473" value="23"/>
		<feat xlink:href="#sSpan3488" value="24"/></featList></paula>