<?xml version='1.0' encoding='UTF-8'?><!DOCTYPE paula SYSTEM "paula_rel.dtd">
<paula version="1.1">
	<header paula_id="scriptorium.cross.michbr287-290.head"/>
	<relList xmlns:xlink="http://www.w3.org/1999/xlink" type="head">
		<rel id="sPointingRel2263" xlink:href="scriptorium.cross.michbr287-290.mark.xml#sSpan2550" target="scriptorium.cross.michbr287-290.mark.xml#sSpan2548"/>
		<rel id="sPointingRel2265" xlink:href="scriptorium.cross.michbr287-290.mark.xml#sSpan4383" target="scriptorium.cross.michbr287-290.mark.xml#sSpan4385"/>
		<rel id="sPointingRel2267" xlink:href="scriptorium.cross.michbr287-290.mark.xml#sSpan965" target="scriptorium.cross.michbr287-290.mark.xml#sSpan967"/>
		<rel id="sPointingRel2269" xlink:href="scriptorium.cross.michbr287-290.mark.xml#sSpan3701" target="scriptorium.cross.michbr287-290.mark.xml#sSpan3703"/>
		<rel id="sPointingRel2271" xlink:href="scriptorium.cross.michbr287-290.mark.xml#sSpan608" target="scriptorium.cross.michbr287-290.mark.xml#sSpan610"/>
		<rel id="sPointingRel2273" xlink:href="scriptorium.cross.michbr287-290.mark.xml#sSpan2020" target="scriptorium.cross.michbr287-290.mark.xml#sSpan2027"/>
		<rel id="sPointingRel2275" xlink:href="scriptorium.cross.michbr287-290.mark.xml#sSpan1755" target="scriptorium.cross.michbr287-290.mark.xml#sSpan1753"/>
		<rel id="sPointingRel2277" xlink:href="scriptorium.cross.michbr287-290.mark.xml#sSpan2839" target="scriptorium.cross.michbr287-290.mark.xml#sSpan2836"/>
		<rel id="sPointingRel2279" xlink:href="scriptorium.cross.michbr287-290.mark.xml#sSpan2440" target="scriptorium.cross.michbr287-290.mark.xml#sSpan2441"/>
		<rel id="sPointingRel2281" xlink:href="scriptorium.cross.michbr287-290.mark.xml#sSpan3488" target="scriptorium.cross.michbr287-290.mark.xml#sSpan3490"/>
		<rel id="sPointingRel2283" xlink:href="scriptorium.cross.michbr287-290.mark.xml#sSpan1534" target="scriptorium.cross.michbr287-290.mark.xml#sSpan1535"/>
		<rel id="sPointingRel2285" xlink:href="scriptorium.cross.michbr287-290.mark.xml#sSpan1560" target="scriptorium.cross.michbr287-290.mark.xml#sSpan1561"/>
		<rel id="sPointingRel2287" xlink:href="scriptorium.cross.michbr287-290.mark.xml#sSpan22" target="scriptorium.cross.michbr287-290.mark.xml#sSpan20"/>
		<rel id="sPointingRel2289" xlink:href="scriptorium.cross.michbr287-290.mark.xml#sSpan2063" target="scriptorium.cross.michbr287-290.mark.xml#sSpan2061"/>
		<rel id="sPointingRel2291" xlink:href="scriptorium.cross.michbr287-290.mark.xml#sSpan4255" target="scriptorium.cross.michbr287-290.mark.xml#sSpan4256"/>
		<rel id="sPointingRel2293" xlink:href="scriptorium.cross.michbr287-290.mark.xml#sSpan3774" target="scriptorium.cross.michbr287-290.mark.xml#sSpan3775"/>
		<rel id="sPointingRel2295" xlink:href="scriptorium.cross.michbr287-290.mark.xml#sSpan2082" target="scriptorium.cross.michbr287-290.mark.xml#sSpan2083"/>
		<rel id="sPointingRel2297" xlink:href="scriptorium.cross.michbr287-290.mark.xml#sSpan519" target="scriptorium.cross.michbr287-290.mark.xml#sSpan520"/>
		<rel id="sPointingRel2299" xlink:href="scriptorium.cross.michbr287-290.mark.xml#sSpan3158" target="scriptorium.cross.michbr287-290.mark.xml#sSpan3159"/>
		<rel id="sPointingRel2301" xlink:href="scriptorium.cross.michbr287-290.mark.xml#sSpan4234" target="scriptorium.cross.michbr287-290.mark.xml#sSpan4236"/>
		<rel id="sPointingRel2303" xlink:href="scriptorium.cross.michbr287-290.mark.xml#sSpan1657" target="scriptorium.cross.michbr287-290.mark.xml#sSpan1658"/>
		<rel id="sPointingRel2305" xlink:href="scriptorium.cross.michbr287-290.mark.xml#sSpan3520" target="scriptorium.cross.michbr287-290.mark.xml#sSpan3518"/>
		<rel id="sPointingRel2307" xlink:href="scriptorium.cross.michbr287-290.mark.xml#sSpan453" target="scriptorium.cross.michbr287-290.mark.xml#sSpan455"/>
		<rel id="sPointingRel2309" xlink:href="scriptorium.cross.michbr287-290.mark.xml#sSpan3370" target="scriptorium.cross.michbr287-290.mark.xml#sSpan3371"/>
		<rel id="sPointingRel2311" xlink:href="scriptorium.cross.michbr287-290.mark.xml#sSpan3325" target="scriptorium.cross.michbr287-290.mark.xml#sSpan3326"/>
		<rel id="sPointingRel2313" xlink:href="scriptorium.cross.michbr287-290.mark.xml#sSpan1476" target="scriptorium.cross.michbr287-290.mark.xml#sSpan1477"/>
		<rel id="sPointingRel2315" xlink:href="scriptorium.cross.michbr287-290.mark.xml#sSpan686" target="scriptorium.cross.michbr287-290.mark.xml#sSpan687"/>
		<rel id="sPointingRel2317" xlink:href="scriptorium.cross.michbr287-290.mark.xml#sSpan4042" target="scriptorium.cross.michbr287-290.mark.xml#sSpan4040"/>
		<rel id="sPointingRel2319" xlink:href="scriptorium.cross.michbr287-290.mark.xml#sSpan3985" target="scriptorium.cross.michbr287-290.mark.xml#sSpan3994"/>
		<rel id="sPointingRel2321" xlink:href="scriptorium.cross.michbr287-290.mark.xml#sSpan2045" target="scriptorium.cross.michbr287-290.mark.xml#sSpan2051"/>
		<rel id="sPointingRel2323" xlink:href="scriptorium.cross.michbr287-290.mark.xml#sSpan2592" target="scriptorium.cross.michbr287-290.mark.xml#sSpan2596"/>
		<rel id="sPointingRel2325" xlink:href="scriptorium.cross.michbr287-290.mark.xml#sSpan2628" target="scriptorium.cross.michbr287-290.mark.xml#sSpan2630"/>
		<rel id="sPointingRel2327" xlink:href="scriptorium.cross.michbr287-290.mark.xml#sSpan4601" target="scriptorium.cross.michbr287-290.mark.xml#sSpan4617"/>
		<rel id="sPointingRel2329" xlink:href="scriptorium.cross.michbr287-290.mark.xml#sSpan3598" target="scriptorium.cross.michbr287-290.mark.xml#sSpan3594"/>
		<rel id="sPointingRel2331" xlink:href="scriptorium.cross.michbr287-290.mark.xml#sSpan2091" target="scriptorium.cross.michbr287-290.mark.xml#sSpan2092"/>
		<rel id="sPointingRel2333" xlink:href="scriptorium.cross.michbr287-290.mark.xml#sSpan2149" target="scriptorium.cross.michbr287-290.mark.xml#sSpan2153"/>
		<rel id="sPointingRel2335" xlink:href="scriptorium.cross.michbr287-290.mark.xml#sSpan1832" target="scriptorium.cross.michbr287-290.mark.xml#sSpan1834"/>
		<rel id="sPointingRel2337" xlink:href="scriptorium.cross.michbr287-290.mark.xml#sSpan2394" target="scriptorium.cross.michbr287-290.mark.xml#sSpan2397"/>
		<rel id="sPointingRel2339" xlink:href="scriptorium.cross.michbr287-290.mark.xml#sSpan4032" target="scriptorium.cross.michbr287-290.mark.xml#sSpan4034"/>
		<rel id="sPointingRel2341" xlink:href="scriptorium.cross.michbr287-290.mark.xml#sSpan2812" target="scriptorium.cross.michbr287-290.mark.xml#sSpan2813"/>
		<rel id="sPointingRel2343" xlink:href="scriptorium.cross.michbr287-290.mark.xml#sSpan4224" target="scriptorium.cross.michbr287-290.mark.xml#sSpan4225"/>
		<rel id="sPointingRel2345" xlink:href="scriptorium.cross.michbr287-290.mark.xml#sSpan3280" target="scriptorium.cross.michbr287-290.mark.xml#sSpan3278"/>
		<rel id="sPointingRel2347" xlink:href="scriptorium.cross.michbr287-290.mark.xml#sSpan2496" target="scriptorium.cross.michbr287-290.mark.xml#sSpan2498"/>
		<rel id="sPointingRel2349" xlink:href="scriptorium.cross.michbr287-290.mark.xml#sSpan2186" target="scriptorium.cross.michbr287-290.mark.xml#sSpan2189"/>
		<rel id="sPointingRel2351" xlink:href="scriptorium.cross.michbr287-290.mark.xml#sSpan1425" target="scriptorium.cross.michbr287-290.mark.xml#sSpan1426"/>
		<rel id="sPointingRel2353" xlink:href="scriptorium.cross.michbr287-290.mark.xml#sSpan2139" target="scriptorium.cross.michbr287-290.mark.xml#sSpan2140"/>
		<rel id="sPointingRel2355" xlink:href="scriptorium.cross.michbr287-290.mark.xml#sSpan3607" target="scriptorium.cross.michbr287-290.mark.xml#sSpan3605"/>
		<rel id="sPointingRel2357" xlink:href="scriptorium.cross.michbr287-290.mark.xml#sSpan4513" target="scriptorium.cross.michbr287-290.mark.xml#sSpan4514"/>
		<rel id="sPointingRel2359" xlink:href="scriptorium.cross.michbr287-290.mark.xml#sSpan2729" target="scriptorium.cross.michbr287-290.mark.xml#sSpan2731"/>
		<rel id="sPointingRel2361" xlink:href="scriptorium.cross.michbr287-290.mark.xml#sSpan2306" target="scriptorium.cross.michbr287-290.mark.xml#sSpan2308"/>
		<rel id="sPointingRel2363" xlink:href="scriptorium.cross.michbr287-290.mark.xml#sSpan1788" target="scriptorium.cross.michbr287-290.mark.xml#sSpan1791"/>
		<rel id="sPointingRel2365" xlink:href="scriptorium.cross.michbr287-290.mark.xml#sSpan1900" target="scriptorium.cross.michbr287-290.mark.xml#sSpan1898"/>
		<rel id="sPointingRel2367" xlink:href="scriptorium.cross.michbr287-290.mark.xml#sSpan3692" target="scriptorium.cross.michbr287-290.mark.xml#sSpan3693"/>
		<rel id="sPointingRel2369" xlink:href="scriptorium.cross.michbr287-290.mark.xml#sSpan3388" target="scriptorium.cross.michbr287-290.mark.xml#sSpan3389"/>
		<rel id="sPointingRel2371" xlink:href="scriptorium.cross.michbr287-290.mark.xml#sSpan94" target="scriptorium.cross.michbr287-290.mark.xml#sSpan92"/>
		<rel id="sPointingRel2373" xlink:href="scriptorium.cross.michbr287-290.mark.xml#sSpan83" target="scriptorium.cross.michbr287-290.mark.xml#sSpan85"/>
		<rel id="sPointingRel2375" xlink:href="scriptorium.cross.michbr287-290.mark.xml#sSpan2246" target="scriptorium.cross.michbr287-290.mark.xml#sSpan2249"/>
		<rel id="sPointingRel2377" xlink:href="scriptorium.cross.michbr287-290.mark.xml#sSpan1677" target="scriptorium.cross.michbr287-290.mark.xml#sSpan1678"/>
		<rel id="sPointingRel2379" xlink:href="scriptorium.cross.michbr287-290.mark.xml#sSpan3539" target="scriptorium.cross.michbr287-290.mark.xml#sSpan3537"/>
		<rel id="sPointingRel2381" xlink:href="scriptorium.cross.michbr287-290.mark.xml#sSpan3580" target="scriptorium.cross.michbr287-290.mark.xml#sSpan3581"/>
		<rel id="sPointingRel2383" xlink:href="scriptorium.cross.michbr287-290.mark.xml#sSpan2258" target="scriptorium.cross.michbr287-290.mark.xml#sSpan2263"/>
		<rel id="sPointingRel2385" xlink:href="scriptorium.cross.michbr287-290.mark.xml#sSpan199" target="scriptorium.cross.michbr287-290.mark.xml#sSpan196"/>
		<rel id="sPointingRel2387" xlink:href="scriptorium.cross.michbr287-290.mark.xml#sSpan1746" target="scriptorium.cross.michbr287-290.mark.xml#sSpan1747"/>
		<rel id="sPointingRel2389" xlink:href="scriptorium.cross.michbr287-290.mark.xml#sSpan3785" target="scriptorium.cross.michbr287-290.mark.xml#sSpan3783"/>
		<rel id="sPointingRel2391" xlink:href="scriptorium.cross.michbr287-290.mark.xml#sSpan2425" target="scriptorium.cross.michbr287-290.mark.xml#sSpan2427"/>
		<rel id="sPointingRel2393" xlink:href="scriptorium.cross.michbr287-290.mark.xml#sSpan1767" target="scriptorium.cross.michbr287-290.mark.xml#sSpan1765"/>
		<rel id="sPointingRel2395" xlink:href="scriptorium.cross.michbr287-290.mark.xml#sSpan1499" target="scriptorium.cross.michbr287-290.mark.xml#sSpan1497"/>
		<rel id="sPointingRel2397" xlink:href="scriptorium.cross.michbr287-290.mark.xml#sSpan4213" target="scriptorium.cross.michbr287-290.mark.xml#sSpan4215"/>
		<rel id="sPointingRel2399" xlink:href="scriptorium.cross.michbr287-290.mark.xml#sSpan2892" target="scriptorium.cross.michbr287-290.mark.xml#sSpan2893"/>
		<rel id="sPointingRel2401" xlink:href="scriptorium.cross.michbr287-290.mark.xml#sSpan2473" target="scriptorium.cross.michbr287-290.mark.xml#sSpan2475"/>
		<rel id="sPointingRel2403" xlink:href="scriptorium.cross.michbr287-290.mark.xml#sSpan2450" target="scriptorium.cross.michbr287-290.mark.xml#sSpan2452"/>
		<rel id="sPointingRel2405" xlink:href="scriptorium.cross.michbr287-290.mark.xml#sSpan4070" target="scriptorium.cross.michbr287-290.mark.xml#sSpan4072"/>
		<rel id="sPointingRel2407" xlink:href="scriptorium.cross.michbr287-290.mark.xml#sSpan2854" target="scriptorium.cross.michbr287-290.mark.xml#sSpan2855"/>
		<rel id="sPointingRel2409" xlink:href="scriptorium.cross.michbr287-290.mark.xml#sSpan3076" target="scriptorium.cross.michbr287-290.mark.xml#sSpan3077"/>
		<rel id="sPointingRel2411" xlink:href="scriptorium.cross.michbr287-290.mark.xml#sSpan759" target="scriptorium.cross.michbr287-290.mark.xml#sSpan757"/>
		<rel id="sPointingRel2413" xlink:href="scriptorium.cross.michbr287-290.mark.xml#sSpan4460" target="scriptorium.cross.michbr287-290.mark.xml#sSpan4458"/>
		<rel id="sPointingRel2415" xlink:href="scriptorium.cross.michbr287-290.mark.xml#sSpan465" target="scriptorium.cross.michbr287-290.mark.xml#sSpan466"/>
		<rel id="sPointingRel2417" xlink:href="scriptorium.cross.michbr287-290.mark.xml#sSpan680" target="scriptorium.cross.michbr287-290.mark.xml#sSpan678"/>
		<rel id="sPointingRel2419" xlink:href="scriptorium.cross.michbr287-290.mark.xml#sSpan1261" target="scriptorium.cross.michbr287-290.mark.xml#sSpan1263"/>
		<rel id="sPointingRel2421" xlink:href="scriptorium.cross.michbr287-290.mark.xml#sSpan1615" target="scriptorium.cross.michbr287-290.mark.xml#sSpan1618"/>
		<rel id="sPointingRel2423" xlink:href="scriptorium.cross.michbr287-290.mark.xml#sSpan188" target="scriptorium.cross.michbr287-290.mark.xml#sSpan189"/>
		<rel id="sPointingRel2425" xlink:href="scriptorium.cross.michbr287-290.mark.xml#sSpan2557" target="scriptorium.cross.michbr287-290.mark.xml#sSpan2559"/>
		<rel id="sPointingRel2427" xlink:href="scriptorium.cross.michbr287-290.mark.xml#sSpan4083" target="scriptorium.cross.michbr287-290.mark.xml#sSpan4086"/>
		<rel id="sPointingRel2429" xlink:href="scriptorium.cross.michbr287-290.mark.xml#sSpan2357" target="scriptorium.cross.michbr287-290.mark.xml#sSpan2358"/>
		<rel id="sPointingRel2431" xlink:href="scriptorium.cross.michbr287-290.mark.xml#sSpan56" target="scriptorium.cross.michbr287-290.mark.xml#sSpan60"/>
		<rel id="sPointingRel2433" xlink:href="scriptorium.cross.michbr287-290.mark.xml#sSpan346" target="scriptorium.cross.michbr287-290.mark.xml#sSpan348"/>
		<rel id="sPointingRel2435" xlink:href="scriptorium.cross.michbr287-290.mark.xml#sSpan3673" target="scriptorium.cross.michbr287-290.mark.xml#sSpan3670"/>
		<rel id="sPointingRel2437" xlink:href="scriptorium.cross.michbr287-290.mark.xml#sSpan767" target="scriptorium.cross.michbr287-290.mark.xml#sSpan769"/>
		<rel id="sPointingRel2439" xlink:href="scriptorium.cross.michbr287-290.mark.xml#sSpan3954" target="scriptorium.cross.michbr287-290.mark.xml#sSpan3957"/>
		<rel id="sPointingRel2441" xlink:href="scriptorium.cross.michbr287-290.mark.xml#sSpan2235" target="scriptorium.cross.michbr287-290.mark.xml#sSpan2237"/>
		<rel id="sPointingRel2443" xlink:href="scriptorium.cross.michbr287-290.mark.xml#sSpan4150" target="scriptorium.cross.michbr287-290.mark.xml#sSpan4148"/>
		<rel id="sPointingRel2445" xlink:href="scriptorium.cross.michbr287-290.mark.xml#sSpan1145" target="scriptorium.cross.michbr287-290.mark.xml#sSpan1151"/>
		<rel id="sPointingRel2447" xlink:href="scriptorium.cross.michbr287-290.mark.xml#sSpan3228" target="scriptorium.cross.michbr287-290.mark.xml#sSpan3229"/>
		<rel id="sPointingRel2449" xlink:href="scriptorium.cross.michbr287-290.mark.xml#sSpan1695" target="scriptorium.cross.michbr287-290.mark.xml#sSpan1693"/>
		<rel id="sPointingRel2451" xlink:href="scriptorium.cross.michbr287-290.mark.xml#sSpan2527" target="scriptorium.cross.michbr287-290.mark.xml#sSpan2529"/>
		<rel id="sPointingRel2453" xlink:href="scriptorium.cross.michbr287-290.mark.xml#sSpan576" target="scriptorium.cross.michbr287-290.mark.xml#sSpan578"/>
		<rel id="sPointingRel2455" xlink:href="scriptorium.cross.michbr287-290.mark.xml#sSpan1520" target="scriptorium.cross.michbr287-290.mark.xml#sSpan1521"/>
		<rel id="sPointingRel2457" xlink:href="scriptorium.cross.michbr287-290.mark.xml#sSpan824" target="scriptorium.cross.michbr287-290.mark.xml#sSpan822"/>
		<rel id="sPointingRel2459" xlink:href="scriptorium.cross.michbr287-290.mark.xml#sSpan4559" target="scriptorium.cross.michbr287-290.mark.xml#sSpan4561"/>
		<rel id="sPointingRel2461" xlink:href="scriptorium.cross.michbr287-290.mark.xml#sSpan1627" target="scriptorium.cross.michbr287-290.mark.xml#sSpan1628"/>
		<rel id="sPointingRel2463" xlink:href="scriptorium.cross.michbr287-290.mark.xml#sSpan2325" target="scriptorium.cross.michbr287-290.mark.xml#sSpan2326"/>
		<rel id="sPointingRel2465" xlink:href="scriptorium.cross.michbr287-290.mark.xml#sSpan1842" target="scriptorium.cross.michbr287-290.mark.xml#sSpan1846"/>
		<rel id="sPointingRel2467" xlink:href="scriptorium.cross.michbr287-290.mark.xml#sSpan881" target="scriptorium.cross.michbr287-290.mark.xml#sSpan882"/>
		<rel id="sPointingRel2469" xlink:href="scriptorium.cross.michbr287-290.mark.xml#sSpan1188" target="scriptorium.cross.michbr287-290.mark.xml#sSpan1189"/>
		<rel id="sPointingRel2471" xlink:href="scriptorium.cross.michbr287-290.mark.xml#sSpan2507" target="scriptorium.cross.michbr287-290.mark.xml#sSpan2505"/>
		<rel id="sPointingRel2473" xlink:href="scriptorium.cross.michbr287-290.mark.xml#sSpan2753" target="scriptorium.cross.michbr287-290.mark.xml#sSpan2754"/>
		<rel id="sPointingRel2475" xlink:href="scriptorium.cross.michbr287-290.mark.xml#sSpan1487" target="scriptorium.cross.michbr287-290.mark.xml#sSpan1484"/>
		<rel id="sPointingRel2477" xlink:href="scriptorium.cross.michbr287-290.mark.xml#sSpan2715" target="scriptorium.cross.michbr287-290.mark.xml#sSpan2716"/>
		<rel id="sPointingRel2479" xlink:href="scriptorium.cross.michbr287-290.mark.xml#sSpan3967" target="scriptorium.cross.michbr287-290.mark.xml#sSpan3965"/>
		<rel id="sPointingRel2481" xlink:href="scriptorium.cross.michbr287-290.mark.xml#sSpan1220" target="scriptorium.cross.michbr287-290.mark.xml#sSpan1222"/>
		<rel id="sPointingRel2483" xlink:href="scriptorium.cross.michbr287-290.mark.xml#sSpan1130" target="scriptorium.cross.michbr287-290.mark.xml#sSpan1131"/>
		<rel id="sPointingRel2485" xlink:href="scriptorium.cross.michbr287-290.mark.xml#sSpan393" target="scriptorium.cross.michbr287-290.mark.xml#sSpan395"/>
		<rel id="sPointingRel2487" xlink:href="scriptorium.cross.michbr287-290.mark.xml#sSpan2686" target="scriptorium.cross.michbr287-290.mark.xml#sSpan2687"/>
		<rel id="sPointingRel2489" xlink:href="scriptorium.cross.michbr287-290.mark.xml#sSpan589" target="scriptorium.cross.michbr287-290.mark.xml#sSpan587"/>
		<rel id="sPointingRel2491" xlink:href="scriptorium.cross.michbr287-290.mark.xml#sSpan789" target="scriptorium.cross.michbr287-290.mark.xml#sSpan791"/>
		<rel id="sPointingRel2493" xlink:href="scriptorium.cross.michbr287-290.mark.xml#sSpan4590" target="scriptorium.cross.michbr287-290.mark.xml#sSpan4591"/>
		<rel id="sPointingRel2495" xlink:href="scriptorium.cross.michbr287-290.mark.xml#sSpan2882" target="scriptorium.cross.michbr287-290.mark.xml#sSpan2883"/>
		<rel id="sPointingRel2497" xlink:href="scriptorium.cross.michbr287-290.mark.xml#sSpan1301" target="scriptorium.cross.michbr287-290.mark.xml#sSpan1299"/>
		<rel id="sPointingRel2499" xlink:href="scriptorium.cross.michbr287-290.mark.xml#sSpan3270" target="scriptorium.cross.michbr287-290.mark.xml#sSpan3272"/>
		<rel id="sPointingRel2501" xlink:href="scriptorium.cross.michbr287-290.mark.xml#sSpan1949" target="scriptorium.cross.michbr287-290.mark.xml#sSpan1951"/>
		<rel id="sPointingRel2503" xlink:href="scriptorium.cross.michbr287-290.mark.xml#sSpan119" target="scriptorium.cross.michbr287-290.mark.xml#sSpan117"/>
		<rel id="sPointingRel2505" xlink:href="scriptorium.cross.michbr287-290.mark.xml#sSpan3253" target="scriptorium.cross.michbr287-290.mark.xml#sSpan3255"/>
		<rel id="sPointingRel2507" xlink:href="scriptorium.cross.michbr287-290.mark.xml#sSpan2275" target="scriptorium.cross.michbr287-290.mark.xml#sSpan2280"/>
		<rel id="sPointingRel2509" xlink:href="scriptorium.cross.michbr287-290.mark.xml#sSpan1961" target="scriptorium.cross.michbr287-290.mark.xml#sSpan1959"/>
		<rel id="sPointingRel2511" xlink:href="scriptorium.cross.michbr287-290.mark.xml#sSpan1008" target="scriptorium.cross.michbr287-290.mark.xml#sSpan1009"/>
		<rel id="sPointingRel2513" xlink:href="scriptorium.cross.michbr287-290.mark.xml#sSpan3142" target="scriptorium.cross.michbr287-290.mark.xml#sSpan3143"/>
		<rel id="sPointingRel2515" xlink:href="scriptorium.cross.michbr287-290.mark.xml#sSpan3054" target="scriptorium.cross.michbr287-290.mark.xml#sSpan3062"/>
		<rel id="sPointingRel2517" xlink:href="scriptorium.cross.michbr287-290.mark.xml#sSpan2208" target="scriptorium.cross.michbr287-290.mark.xml#sSpan2213"/>
		<rel id="sPointingRel2519" xlink:href="scriptorium.cross.michbr287-290.mark.xml#sSpan1402" target="scriptorium.cross.michbr287-290.mark.xml#sSpan1404"/>
		<rel id="sPointingRel2521" xlink:href="scriptorium.cross.michbr287-290.mark.xml#sSpan231" target="scriptorium.cross.michbr287-290.mark.xml#sSpan232"/>
		<rel id="sPointingRel2523" xlink:href="scriptorium.cross.michbr287-290.mark.xml#sSpan2661" target="scriptorium.cross.michbr287-290.mark.xml#sSpan2663"/>
		<rel id="sPointingRel2525" xlink:href="scriptorium.cross.michbr287-290.mark.xml#sSpan4638" target="scriptorium.cross.michbr287-290.mark.xml#sSpan4636"/>
		<rel id="sPointingRel2527" xlink:href="scriptorium.cross.michbr287-290.mark.xml#sSpan3510" target="scriptorium.cross.michbr287-290.mark.xml#sSpan3512"/>
		<rel id="sPointingRel2529" xlink:href="scriptorium.cross.michbr287-290.mark.xml#sSpan2978" target="scriptorium.cross.michbr287-290.mark.xml#sSpan2979"/>
		<rel id="sPointingRel2531" xlink:href="scriptorium.cross.michbr287-290.mark.xml#sSpan127" target="scriptorium.cross.michbr287-290.mark.xml#sSpan125"/>
		<rel id="sPointingRel2533" xlink:href="scriptorium.cross.michbr287-290.mark.xml#sSpan3089" target="scriptorium.cross.michbr287-290.mark.xml#sSpan3090"/>
		<rel id="sPointingRel2535" xlink:href="scriptorium.cross.michbr287-290.mark.xml#sSpan3177" target="scriptorium.cross.michbr287-290.mark.xml#sSpan3175"/>
		<rel id="sPointingRel2537" xlink:href="scriptorium.cross.michbr287-290.mark.xml#sSpan302" target="scriptorium.cross.michbr287-290.mark.xml#sSpan303"/>
		<rel id="sPointingRel2539" xlink:href="scriptorium.cross.michbr287-290.mark.xml#sSpan4372" target="scriptorium.cross.michbr287-290.mark.xml#sSpan4374"/>
		<rel id="sPointingRel2541" xlink:href="scriptorium.cross.michbr287-290.mark.xml#sSpan1395" target="scriptorium.cross.michbr287-290.mark.xml#sSpan1413"/>
		<rel id="sPointingRel2543" xlink:href="scriptorium.cross.michbr287-290.mark.xml#sSpan3758" target="scriptorium.cross.michbr287-290.mark.xml#sSpan3756"/>
		<rel id="sPointingRel2545" xlink:href="scriptorium.cross.michbr287-290.mark.xml#sSpan373" target="scriptorium.cross.michbr287-290.mark.xml#sSpan371"/>
		<rel id="sPointingRel2547" xlink:href="scriptorium.cross.michbr287-290.mark.xml#sSpan1779" target="scriptorium.cross.michbr287-290.mark.xml#sSpan1780"/>
		<rel id="sPointingRel2549" xlink:href="scriptorium.cross.michbr287-290.mark.xml#sSpan4398" target="scriptorium.cross.michbr287-290.mark.xml#sSpan4394"/>
		<rel id="sPointingRel2551" xlink:href="scriptorium.cross.michbr287-290.mark.xml#sSpan251" target="scriptorium.cross.michbr287-290.mark.xml#sSpan252"/>
		<rel id="sPointingRel2553" xlink:href="scriptorium.cross.michbr287-290.mark.xml#sSpan1585" target="scriptorium.cross.michbr287-290.mark.xml#sSpan1587"/>
		<rel id="sPointingRel2555" xlink:href="scriptorium.cross.michbr287-290.mark.xml#sSpan3904" target="scriptorium.cross.michbr287-290.mark.xml#sSpan3905"/>
		<rel id="sPointingRel2557" xlink:href="scriptorium.cross.michbr287-290.mark.xml#sSpan3019" target="scriptorium.cross.michbr287-290.mark.xml#sSpan3017"/>
		<rel id="sPointingRel2559" xlink:href="scriptorium.cross.michbr287-290.mark.xml#sSpan2780" target="scriptorium.cross.michbr287-290.mark.xml#sSpan2776"/>
		<rel id="sPointingRel2561" xlink:href="scriptorium.cross.michbr287-290.mark.xml#sSpan478" target="scriptorium.cross.michbr287-290.mark.xml#sSpan476"/>
		<rel id="sPointingRel2563" xlink:href="scriptorium.cross.michbr287-290.mark.xml#sSpan3442" target="scriptorium.cross.michbr287-290.mark.xml#sSpan3440"/>
		<rel id="sPointingRel2565" xlink:href="scriptorium.cross.michbr287-290.mark.xml#sSpan2198" target="scriptorium.cross.michbr287-290.mark.xml#sSpan2200"/>
		<rel id="sPointingRel2567" xlink:href="scriptorium.cross.michbr287-290.mark.xml#sSpan3200" target="scriptorium.cross.michbr287-290.mark.xml#sSpan3201"/>
		<rel id="sPointingRel2569" xlink:href="scriptorium.cross.michbr287-290.mark.xml#sSpan4102" target="scriptorium.cross.michbr287-290.mark.xml#sSpan4104"/>
		<rel id="sPointingRel2571" xlink:href="scriptorium.cross.michbr287-290.mark.xml#sSpan7" target="scriptorium.cross.michbr287-290.mark.xml#sSpan14"/>
		<rel id="sPointingRel2573" xlink:href="scriptorium.cross.michbr287-290.mark.xml#sSpan3726" target="scriptorium.cross.michbr287-290.mark.xml#sSpan3735"/>
		<rel id="sPointingRel2575" xlink:href="scriptorium.cross.michbr287-290.mark.xml#sSpan2002" target="scriptorium.cross.michbr287-290.mark.xml#sSpan2003"/>
		<rel id="sPointingRel2577" xlink:href="scriptorium.cross.michbr287-290.mark.xml#sSpan4488" target="scriptorium.cross.michbr287-290.mark.xml#sSpan4489"/>
		<rel id="sPointingRel2579" xlink:href="scriptorium.cross.michbr287-290.mark.xml#sSpan4613" target="scriptorium.cross.michbr287-290.mark.xml#sSpan4614"/>
		<rel id="sPointingRel2581" xlink:href="scriptorium.cross.michbr287-290.mark.xml#sSpan2367" target="scriptorium.cross.michbr287-290.mark.xml#sSpan2369"/>
		<rel id="sPointingRel2583" xlink:href="scriptorium.cross.michbr287-290.mark.xml#sSpan1333" target="scriptorium.cross.michbr287-290.mark.xml#sSpan1335"/>
		<rel id="sPointingRel2585" xlink:href="scriptorium.cross.michbr287-290.mark.xml#sSpan311" target="scriptorium.cross.michbr287-290.mark.xml#sSpan313"/>
		<rel id="sPointingRel2587" xlink:href="scriptorium.cross.michbr287-290.mark.xml#sSpan2035" target="scriptorium.cross.michbr287-290.mark.xml#sSpan2033"/>
		<rel id="sPointingRel2589" xlink:href="scriptorium.cross.michbr287-290.mark.xml#sSpan3216" target="scriptorium.cross.michbr287-290.mark.xml#sSpan3217"/>
		<rel id="sPointingRel2591" xlink:href="scriptorium.cross.michbr287-290.mark.xml#sSpan1408" target="scriptorium.cross.michbr287-290.mark.xml#sSpan1411"/>
		<rel id="sPointingRel2593" xlink:href="scriptorium.cross.michbr287-290.mark.xml#sSpan1806" target="scriptorium.cross.michbr287-290.mark.xml#sSpan1804"/>
		<rel id="sPointingRel2595" xlink:href="scriptorium.cross.michbr287-290.mark.xml#sSpan4436" target="scriptorium.cross.michbr287-290.mark.xml#sSpan4437"/>
		<rel id="sPointingRel2597" xlink:href="scriptorium.cross.michbr287-290.mark.xml#sSpan2873" target="scriptorium.cross.michbr287-290.mark.xml#sSpan2874"/>
		<rel id="sPointingRel2599" xlink:href="scriptorium.cross.michbr287-290.mark.xml#sSpan1085" target="scriptorium.cross.michbr287-290.mark.xml#sSpan1088"/>
		<rel id="sPointingRel2601" xlink:href="scriptorium.cross.michbr287-290.mark.xml#sSpan928" target="scriptorium.cross.michbr287-290.mark.xml#sSpan930"/>
		<rel id="sPointingRel2603" xlink:href="scriptorium.cross.michbr287-290.mark.xml#sSpan621" target="scriptorium.cross.michbr287-290.mark.xml#sSpan619"/>
		<rel id="sPointingRel2605" xlink:href="scriptorium.cross.michbr287-290.mark.xml#sSpan2288" target="scriptorium.cross.michbr287-290.mark.xml#sSpan2290"/>
		<rel id="sPointingRel2607" xlink:href="scriptorium.cross.michbr287-290.mark.xml#sSpan2824" target="scriptorium.cross.michbr287-290.mark.xml#sSpan2825"/>
		<rel id="sPointingRel2609" xlink:href="scriptorium.cross.michbr287-290.mark.xml#sSpan3927" target="scriptorium.cross.michbr287-290.mark.xml#sSpan3928"/>
		<rel id="sPointingRel2611" xlink:href="scriptorium.cross.michbr287-290.mark.xml#sSpan4314" target="scriptorium.cross.michbr287-290.mark.xml#sSpan4323"/>
		<rel id="sPointingRel2613" xlink:href="scriptorium.cross.michbr287-290.mark.xml#sSpan1891" target="scriptorium.cross.michbr287-290.mark.xml#sSpan1892"/>
		<rel id="sPointingRel2615" xlink:href="scriptorium.cross.michbr287-290.mark.xml#sSpan3659" target="scriptorium.cross.michbr287-290.mark.xml#sSpan3660"/>
		<rel id="sPointingRel2617" xlink:href="scriptorium.cross.michbr287-290.mark.xml#sSpan1574" target="scriptorium.cross.michbr287-290.mark.xml#sSpan1575"/>
		<rel id="sPointingRel2619" xlink:href="scriptorium.cross.michbr287-290.mark.xml#sSpan660" target="scriptorium.cross.michbr287-290.mark.xml#sSpan663"/>
		<rel id="sPointingRel2621" xlink:href="scriptorium.cross.michbr287-290.mark.xml#sSpan3822" target="scriptorium.cross.michbr287-290.mark.xml#sSpan3824"/>
		<rel id="sPointingRel2623" xlink:href="scriptorium.cross.michbr287-290.mark.xml#sSpan1863" target="scriptorium.cross.michbr287-290.mark.xml#sSpan1865"/>
		<rel id="sPointingRel2625" xlink:href="scriptorium.cross.michbr287-290.mark.xml#sSpan3122" target="scriptorium.cross.michbr287-290.mark.xml#sSpan3124"/>
		<rel id="sPointingRel2627" xlink:href="scriptorium.cross.michbr287-290.mark.xml#sSpan241" target="scriptorium.cross.michbr287-290.mark.xml#sSpan242"/>
		<rel id="sPointingRel2629" xlink:href="scriptorium.cross.michbr287-290.mark.xml#sSpan1041" target="scriptorium.cross.michbr287-290.mark.xml#sSpan1042"/>
		<rel id="sPointingRel2631" xlink:href="scriptorium.cross.michbr287-290.mark.xml#sSpan161" target="scriptorium.cross.michbr287-290.mark.xml#sSpan159"/>
		<rel id="sPointingRel2633" xlink:href="scriptorium.cross.michbr287-290.mark.xml#sSpan1096" target="scriptorium.cross.michbr287-290.mark.xml#sSpan1098"/></relList></paula>