<?xml version='1.0' encoding='UTF-8'?><!DOCTYPE paula SYSTEM "paula_feat.dtd">
<paula version="1.1">
	<header paula_id="scriptorium.cross.michbr287-290.mark_multiword"/>
	<featList xmlns:xlink="http://www.w3.org/1999/xlink" type="multiword" xml:base="scriptorium.cross.michbr287-290.mark.xml">
		<feat xlink:href="#sSpan138" value="ⲉⲓⲥ ϩⲏⲏⲧⲉ"/>
		<feat xlink:href="#sSpan198" value="ⲟⲩⲟⲛ ⲛⲓⲙ"/>
		<feat xlink:href="#sSpan256" value="ⲉⲓⲥ ϩⲏⲏⲧⲉ"/>
		<feat xlink:href="#sSpan672" value="ⲉⲧⲃⲉ ⲡⲁⲓ"/>
		<feat xlink:href="#sSpan712" value="ⲉⲃⲟⲗ ϫⲉ"/>
		<feat xlink:href="#sSpan1133" value="ⲟⲩⲱϣⲥ ⲉⲃⲟⲗ"/>
		<feat xlink:href="#sSpan1354" value="ϭⲱ ⲉ"/>
		<feat xlink:href="#sSpan1390" value="ⲉⲧⲃⲉ ⲡⲁⲓ"/>
		<feat xlink:href="#sSpan1486" value="ⲟⲩⲟⲛ ⲛⲓⲙ"/>
		<feat xlink:href="#sSpan1686" value="ⲉⲧⲃⲉ ⲡⲁⲓ"/>
		<feat xlink:href="#sSpan2341" value="ⲛⲏⲩ ⲉ"/>
		<feat xlink:href="#sSpan2967" value="ⲱϣ ⲉⲃⲟⲗ"/>
		<feat xlink:href="#sSpan2996" value="ⲉⲃⲟⲗ ϫⲉ"/>
		<feat xlink:href="#sSpan3426" value="ⲃⲱⲕ ⲉ"/>
		<feat xlink:href="#sSpan3473" value="ⲃⲱⲗ ⲉⲃⲟⲗ"/>
		<feat xlink:href="#sSpan3613" value="ⲉⲓ ⲉⲃⲟⲗ"/>
		<feat xlink:href="#sSpan3672" value="ⲟⲩⲟⲛ ⲛⲓⲙ"/>
		<feat xlink:href="#sSpan4018" value="ϣⲓⲛⲉ ⲛⲥⲁ"/>
		<feat xlink:href="#sSpan4141" value="ϣⲓⲛⲉ ⲛⲥⲁ"/>
		<feat xlink:href="#sSpan4270" value="ϩⲉ ⲉ"/>
		<feat xlink:href="#sSpan4582" value="ⲃⲱⲕ ⲉ"/></featList></paula>