<?xml version='1.0' encoding='UTF-8'?><!DOCTYPE paula SYSTEM "paula_feat.dtd">
<paula version="1.1">
	<header paula_id="scriptorium.cross.michbr287-290.mark_norm"/>
	<featList xmlns:xlink="http://www.w3.org/1999/xlink" type="norm" xml:base="scriptorium.cross.michbr287-290.mark.xml">
		<feat xlink:href="#sSpan1" value="ⲡⲉⲕ"/>
		<feat xlink:href="#sSpan14" value="ⲟⲩⲱϣ"/>
		<feat xlink:href="#sSpan16" value="ⲛ"/>
		<feat xlink:href="#sSpan20" value="ϩⲏⲧ"/>
		<feat xlink:href="#sSpan23" value="ⲁⲛⲟⲕ"/>
		<feat xlink:href="#sSpan31" value="ϩⲱ"/>
		<feat xlink:href="#sSpan35" value="ϯ"/>
		<feat xlink:href="#sSpan39" value="ⲛⲁ"/>
		<feat xlink:href="#sSpan41" value="ⲙⲉⲣⲓⲧ"/>
		<feat xlink:href="#sSpan44" value="ⲕ"/>
		<feat xlink:href="#sSpan46" value="."/>
		<feat xlink:href="#sSpan50" value="ⲁⲩⲱ"/>
		<feat xlink:href="#sSpan54" value="ⲛⲁ"/>
		<feat xlink:href="#sSpan60" value="ⲁⲅⲅⲉⲗⲟⲥ"/>
		<feat xlink:href="#sSpan63" value="ⲛⲁ"/>
		<feat xlink:href="#sSpan68" value="ⲇⲓⲁⲕⲱⲛⲉⲓ"/>
		<feat xlink:href="#sSpan71" value="ⲛⲁ"/>
		<feat xlink:href="#sSpan75" value="ⲕ"/>
		<feat xlink:href="#sSpan77" value="ϩⲙ"/>
		<feat xlink:href="#sSpan81" value="ⲡ"/>
		<feat xlink:href="#sSpan85" value="ⲇⲓⲡⲛⲟⲛ"/>
		<feat xlink:href="#sSpan88" value="ⲛ"/>
		<feat xlink:href="#sSpan92" value="ⲛ"/>
		<feat xlink:href="#sSpan95" value="ⲉⲧ"/>
		<feat xlink:href="#sSpan97" value="ⲟⲩⲁⲁⲃ"/>
		<feat xlink:href="#sSpan99" value="."/>
		<feat xlink:href="#sSpan103" value="ⲛⲉ"/>
		<feat xlink:href="#sSpan111" value="ⲕⲱ"/>
		<feat xlink:href="#sSpan113" value="ⲛ"/>
		<feat xlink:href="#sSpan117" value="ϣⲃⲏⲣ"/>
		<feat xlink:href="#sSpan120" value="ⲛ"/>
		<feat xlink:href="#sSpan125" value="ⲣⲉϥϩⲱⲧⲃ"/>
		<feat xlink:href="#sSpan130" value="ⲛ"/>
		<feat xlink:href="#sSpan134" value="ϣⲟⲣⲡ"/>
		<feat xlink:href="#sSpan136" value="ⲉⲓⲥ"/>
		<feat xlink:href="#sSpan142" value="ϩⲏⲏⲧⲉ"/>
		<feat xlink:href="#sSpan144" value="ⲁ"/>
		<feat xlink:href="#sSpan148" value="ⲓ"/>
		<feat xlink:href="#sSpan150" value="ⲁⲁ"/>
		<feat xlink:href="#sSpan152" value="ⲕ"/>
		<feat xlink:href="#sSpan154" value="ⲛ"/>
		<feat xlink:href="#sSpan159" value="ϣⲃⲏⲣ"/>
		<feat xlink:href="#sSpan162" value="ⲉⲣⲟ"/>
		<feat xlink:href="#sSpan166" value="ⲓ"/>
		<feat xlink:href="#sSpan168" value="."/>
		<feat xlink:href="#sSpan172" value="ⲁⲛⲟⲕ"/>
		<feat xlink:href="#sSpan180" value="ⲡⲉ"/>
		<feat xlink:href="#sSpan184" value="ⲡ"/>
		<feat xlink:href="#sSpan189" value="ⲱⲛϩ"/>
		<feat xlink:href="#sSpan191" value="ⲛ"/>
		<feat xlink:href="#sSpan196" value="ⲟⲩⲟⲛ"/>
		<feat xlink:href="#sSpan200" value="ⲛⲓⲙ"/>
		<feat xlink:href="#sSpan204" value="."/>
		<feat xlink:href="#sSpan208" value="ⲛⲉ"/>
		<feat xlink:href="#sSpan215" value="ⲕ"/>
		<feat xlink:href="#sSpan217" value="ⲙⲟⲟϣⲉ"/>
		<feat xlink:href="#sSpan221" value="ⲅⲁⲣ"/>
		<feat xlink:href="#sSpan225" value="ϩⲛ"/>
		<feat xlink:href="#sSpan229" value="ⲛⲉⲩ"/>
		<feat xlink:href="#sSpan232" value="ϣⲟⲟⲩⲉ"/>
		<feat xlink:href="#sSpan235" value="ⲙⲛ"/>
		<feat xlink:href="#sSpan239" value="ⲛ"/>
		<feat xlink:href="#sSpan242" value="ϣⲏⲣⲉ"/>
		<feat xlink:href="#sSpan245" value="ⲙ"/>
		<feat xlink:href="#sSpan249" value="ⲡ"/>
		<feat xlink:href="#sSpan252" value="ⲕⲁⲕⲉ"/>
		<feat xlink:href="#sSpan254" value="ⲉⲓⲥ"/>
		<feat xlink:href="#sSpan260" value="ϩⲏⲏⲧⲉ"/>
		<feat xlink:href="#sSpan262" value="ⲁ"/>
		<feat xlink:href="#sSpan266" value="ⲓ"/>
		<feat xlink:href="#sSpan268" value="ⲧⲣⲉ"/>
		<feat xlink:href="#sSpan271" value="ⲕ"/>
		<feat xlink:href="#sSpan273" value="ⲙⲟⲟϣⲉ"/>
		<feat xlink:href="#sSpan275" value="ⲛⲙⲙⲁ"/>
		<feat xlink:href="#sSpan280" value="ⲓ"/>
		<feat xlink:href="#sSpan282" value="."/>
		<feat xlink:href="#sSpan286" value="ⲁⲛⲟⲕ"/>
		<feat xlink:href="#sSpan293" value="ⲡⲉ"/>
		<feat xlink:href="#sSpan297" value="ⲡ"/>
		<feat xlink:href="#sSpan303" value="ⲟⲩⲟⲉⲓⲛ"/>
		<feat xlink:href="#sSpan305" value="ⲙ"/>
		<feat xlink:href="#sSpan309" value="ⲡ"/>
		<feat xlink:href="#sSpan313" value="ⲕⲟⲥⲙⲟⲥ"/>
		<feat xlink:href="#sSpan316" value="."/>
		<feat xlink:href="#sSpan320" value="ⲛⲉ"/>
		<feat xlink:href="#sSpan327" value="ⲕ"/>
		<feat xlink:href="#sSpan330" value="ϫⲓϣⲟϫⲛⲉ"/>
		<feat xlink:href="#sSpan334" value="ⲛ"/>
		<feat xlink:href="#sSpan338" value="ϣⲟⲣⲡ"/>
		<feat xlink:href="#sSpan340" value="ⲙⲛ"/>
		<feat xlink:href="#sSpan344" value="ⲛ"/>
		<feat xlink:href="#sSpan348" value="ⲣⲉϥϩⲱⲧⲃ"/>
		<feat xlink:href="#sSpan352" value="."/>
		<feat xlink:href="#sSpan356" value="ⲁ"/>
		<feat xlink:href="#sSpan360" value="ⲓ"/>
		<feat xlink:href="#sSpan362" value="ⲁⲁ"/>
		<feat xlink:href="#sSpan364" value="ⲕ"/>
		<feat xlink:href="#sSpan366" value="ⲛ"/>
		<feat xlink:href="#sSpan371" value="ϣⲃⲏⲣ"/>
		<feat xlink:href="#sSpan374" value="ⲉⲣⲟ"/>
		<feat xlink:href="#sSpan378" value="ⲓ"/>
		<feat xlink:href="#sSpan380" value="ⲁⲛⲟⲕ"/>
		<feat xlink:href="#sSpan384" value="ⲡⲉ"/>
		<feat xlink:href="#sSpan389" value="ⲡ"/>
		<feat xlink:href="#sSpan395" value="ⲣⲉϥⲧⲁⲛϩⲟ"/>
		<feat xlink:href="#sSpan398" value="ⲛⲁⲓ"/>
		<feat xlink:href="#sSpan403" value="ⲧⲏⲣ"/>
		<feat xlink:href="#sSpan407" value="ⲟⲩ"/>
		<feat xlink:href="#sSpan409" value="ϯ"/>
		<feat xlink:href="#sSpan416" value="ⲛⲁ"/>
		<feat xlink:href="#sSpan419" value="ⲭⲁⲣⲓⲍⲉ"/>
		<feat xlink:href="#sSpan422" value="ⲙⲙⲟ"/>
		<feat xlink:href="#sSpan426" value="ⲟⲩ"/>
		<feat xlink:href="#sSpan428" value="ⲛⲁ"/>
		<feat xlink:href="#sSpan432" value="ⲕ"/>
		<feat xlink:href="#sSpan434" value="ϫⲉ"/>
		<feat xlink:href="#sSpan439" value="ⲁ"/>
		<feat xlink:href="#sSpan441" value="ⲕ"/>
		<feat xlink:href="#sSpan444" value="ϩⲟⲙⲟⲗⲟⲅⲉⲓ"/>
		<feat xlink:href="#sSpan446" value="ⲛ"/>
		<feat xlink:href="#sSpan451" value="ⲧⲁ"/>
		<feat xlink:href="#sSpan455" value="ⲙⲛⲧⲛⲟⲩⲧⲉ"/>
		<feat xlink:href="#sSpan458" value="ⲙ"/>
		<feat xlink:href="#sSpan463" value="ⲡ"/>
		<feat xlink:href="#sSpan466" value="ⲙⲧⲟ"/>
		<feat xlink:href="#sSpan468" value="ⲉⲃⲟⲗ"/>
		<feat xlink:href="#sSpan472" value="ⲛ"/>
		<feat xlink:href="#sSpan476" value="ⲛ"/>
		<feat xlink:href="#sSpan480" value="ⲉⲧ"/>
		<feat xlink:href="#sSpan483" value="ⲁⲣⲛⲁ"/>
		<feat xlink:href="#sSpan485" value="ⲙⲙⲟ"/>
		<feat xlink:href="#sSpan489" value="ⲓ"/>
		<feat xlink:href="#sSpan491" value="ⲛⲧⲟⲟⲩ"/>
		<feat xlink:href="#sSpan500" value="ⲇⲉ"/>
		<feat xlink:href="#sSpan504" value="ⲁ"/>
		<feat xlink:href="#sSpan508" value="ⲩ"/>
		<feat xlink:href="#sSpan510" value="ⲛⲁⲩ"/>
		<feat xlink:href="#sSpan512" value="ⲉ"/>
		<feat xlink:href="#sSpan517" value="ⲛⲁ"/>
		<feat xlink:href="#sSpan520" value="ϭⲟⲙ"/>
		<feat xlink:href="#sSpan522" value="ⲧⲏⲣ"/>
		<feat xlink:href="#sSpan526" value="ⲟⲩ"/>
		<feat xlink:href="#sSpan528" value="ⲛⲧ"/>
		<feat xlink:href="#sSpan533" value="ⲁ"/>
		<feat xlink:href="#sSpan535" value="ⲓ"/>
		<feat xlink:href="#sSpan537" value="ⲁⲁ"/>
		<feat xlink:href="#sSpan539" value="ⲩ"/>
		<feat xlink:href="#sSpan541" value="ⲙⲡ"/>
		<feat xlink:href="#sSpan545" value="ⲟⲩ"/>
		<feat xlink:href="#sSpan548" value="ⲡⲓⲥⲧⲉⲩⲉ"/>
		<feat xlink:href="#sSpan551" value="ⲉⲣⲟ"/>
		<feat xlink:href="#sSpan555" value="ⲓ"/>
		<feat xlink:href="#sSpan557" value="ⲛⲧⲟⲕ"/>
		<feat xlink:href="#sSpan566" value="ⲇⲉ"/>
		<feat xlink:href="#sSpan570" value="ⲛⲧⲕ"/>
		<feat xlink:href="#sSpan574" value="ⲟⲩ"/>
		<feat xlink:href="#sSpan578" value="ⲗⲏⲥⲧⲏⲥ"/>
		<feat xlink:href="#sSpan582" value="ⲛ"/>
		<feat xlink:href="#sSpan587" value="ⲣⲉϥϩⲱⲧⲃ"/>
		<feat xlink:href="#sSpan591" value="ⲛ"/>
		<feat xlink:href="#sSpan597" value="ⲣⲉϥϫⲓⲟⲩⲉ"/>
		<feat xlink:href="#sSpan600" value="."/>
		<feat xlink:href="#sSpan604" value="ⲛ"/>
		<feat xlink:href="#sSpan610" value="ⲣⲉϥⲃⲱϭⲉ"/>
		<feat xlink:href="#sSpan614" value="ⲛ"/>
		<feat xlink:href="#sSpan619" value="ⲣⲉϥⲧⲁⲕⲟ"/>
		<feat xlink:href="#sSpan623" value="."/>
		<feat xlink:href="#sSpan627" value="ⲁⲩⲱ"/>
		<feat xlink:href="#sSpan631" value="ⲁ"/>
		<feat xlink:href="#sSpan636" value="ⲕ"/>
		<feat xlink:href="#sSpan639" value="ϩⲟⲙⲟⲗⲟⲅⲉⲓ"/>
		<feat xlink:href="#sSpan641" value="ⲙⲙⲟ"/>
		<feat xlink:href="#sSpan646" value="ⲓ"/>
		<feat xlink:href="#sSpan648" value="ϫⲉ"/>
		<feat xlink:href="#sSpan652" value="ⲁⲛⲟⲕ"/>
		<feat xlink:href="#sSpan654" value="ⲡⲉ"/>
		<feat xlink:href="#sSpan658" value="ⲡ"/>
		<feat xlink:href="#sSpan663" value="ⲛⲟⲩⲧⲉ"/>
		<feat xlink:href="#sSpan666" value="."/>
		<feat xlink:href="#sSpan670" value="ⲉⲧⲃⲉ"/>
		<feat xlink:href="#sSpan678" value="ⲡⲁⲓ"/>
		<feat xlink:href="#sSpan681" value="ⲛⲉⲕ"/>
		<feat xlink:href="#sSpan687" value="ⲛⲟⲃⲉ"/>
		<feat xlink:href="#sSpan689" value="ⲉⲧ"/>
		<feat xlink:href="#sSpan693" value="ⲛⲁϣⲱ"/>
		<feat xlink:href="#sSpan695" value="ⲟⲩ"/>
		<feat xlink:href="#sSpan698" value="ⲕⲏ"/>
		<feat xlink:href="#sSpan702" value="ⲛⲁ"/>
		<feat xlink:href="#sSpan706" value="ⲕ"/>
		<feat xlink:href="#sSpan708" value="ⲉⲃⲟⲗ"/>
		<feat xlink:href="#sSpan713" value="ϫⲉ"/>
		<feat xlink:href="#sSpan718" value="ⲁ"/>
		<feat xlink:href="#sSpan720" value="ⲕ"/>
		<feat xlink:href="#sSpan723" value="ϩⲟⲙⲟⲗⲟⲅⲉⲓ"/>
		<feat xlink:href="#sSpan725" value="ⲙⲙⲟ"/>
		<feat xlink:href="#sSpan730" value="ⲓ"/>
		<feat xlink:href="#sSpan732" value="."/>
		<feat xlink:href="#sSpan736" value="ϯ"/>
		<feat xlink:href="#sSpan743" value="ⲛⲁ"/>
		<feat xlink:href="#sSpan745" value="ⲧⲣⲉ"/>
		<feat xlink:href="#sSpan747" value="ⲕ"/>
		<feat xlink:href="#sSpan749" value="ϣⲱⲡⲉ"/>
		<feat xlink:href="#sSpan752" value="ⲙ"/>
		<feat xlink:href="#sSpan757" value="ⲡⲟⲗⲓⲧⲏⲥ"/>
		<feat xlink:href="#sSpan761" value="ⲙ"/>
		<feat xlink:href="#sSpan765" value="ⲡ"/>
		<feat xlink:href="#sSpan769" value="ⲡⲁⲣⲁⲇⲓⲥⲟⲥ"/>
		<feat xlink:href="#sSpan772" value="."/>
		<feat xlink:href="#sSpan776" value="ϯ"/>
		<feat xlink:href="#sSpan783" value="ⲛⲁ"/>
		<feat xlink:href="#sSpan785" value="ⲧⲣⲉ"/>
		<feat xlink:href="#sSpan787" value="ⲡⲉⲕ"/>
		<feat xlink:href="#sSpan791" value="ⲥⲱⲙⲁ"/>
		<feat xlink:href="#sSpan794" value="ϣⲱⲡⲉ"/>
		<feat xlink:href="#sSpan798" value="ⲉ"/>
		<feat xlink:href="#sSpan802" value="ϥ"/>
		<feat xlink:href="#sSpan804" value="ϫⲏⲕ"/>
		<feat xlink:href="#sSpan807" value="ϣⲁⲛ"/>
		<feat xlink:href="#sSpan811" value="ϯ"/>
		<feat xlink:href="#sSpan813" value="ⲧⲟⲩⲛⲟⲥ"/>
		<feat xlink:href="#sSpan816" value="ⲕ"/>
		<feat xlink:href="#sSpan818" value="."/>
		<feat xlink:href="#sSpan822" value="ⲡⲁⲓ"/>
		<feat xlink:href="#sSpan831" value="ⲇⲉ"/>
		<feat xlink:href="#sSpan835" value="ⲛⲧ"/>
		<feat xlink:href="#sSpan839" value="ⲁ"/>
		<feat xlink:href="#sSpan841" value="ϥ"/>
		<feat xlink:href="#sSpan844" value="ⲁⲣⲛⲁ"/>
		<feat xlink:href="#sSpan847" value="ⲙⲙⲟ"/>
		<feat xlink:href="#sSpan851" value="ⲓ"/>
		<feat xlink:href="#sSpan853" value="ⲛⲁ"/>
		<feat xlink:href="#sSpan857" value="ⲛⲁⲩ"/>
		<feat xlink:href="#sSpan860" value="ⲉⲣⲟ"/>
		<feat xlink:href="#sSpan864" value="ⲕ"/>
		<feat xlink:href="#sSpan866" value="ⲉ"/>
		<feat xlink:href="#sSpan870" value="ⲕ"/>
		<feat xlink:href="#sSpan872" value="ϭⲟⲟⲗⲉ"/>
		<feat xlink:href="#sSpan875" value="ⲛ"/>
		<feat xlink:href="#sSpan879" value="ⲟⲩ"/>
		<feat xlink:href="#sSpan882" value="ⲉⲟⲟⲩ"/>
		<feat xlink:href="#sSpan884" value="."/>
		<feat xlink:href="#sSpan888" value="ⲛⲧⲟϥ"/>
		<feat xlink:href="#sSpan897" value="ⲇⲉ"/>
		<feat xlink:href="#sSpan901" value="ⲉ"/>
		<feat xlink:href="#sSpan905" value="ϥ"/>
		<feat xlink:href="#sSpan907" value="ϭⲟⲟⲗⲉ"/>
		<feat xlink:href="#sSpan909" value="ⲛ"/>
		<feat xlink:href="#sSpan914" value="ⲟⲩ"/>
		<feat xlink:href="#sSpan916" value="ϣⲱϣ"/>
		<feat xlink:href="#sSpan918" value="."/>
		<feat xlink:href="#sSpan922" value="ⲙ"/>
		<feat xlink:href="#sSpan926" value="ⲛⲟⲩ"/>
		<feat xlink:href="#sSpan930" value="ϩⲓⲥⲉ"/>
		<feat xlink:href="#sSpan932" value="."/>
		<feat xlink:href="#sSpan936" value="ϥ"/>
		<feat xlink:href="#sSpan940" value="ⲛⲁ"/>
		<feat xlink:href="#sSpan942" value="ⲛⲁⲩ"/>
		<feat xlink:href="#sSpan944" value="ⲉⲣⲟ"/>
		<feat xlink:href="#sSpan949" value="ⲕ"/>
		<feat xlink:href="#sSpan951" value="ⲉ"/>
		<feat xlink:href="#sSpan955" value="ⲕ"/>
		<feat xlink:href="#sSpan957" value="ϭⲟⲟⲗⲉ"/>
		<feat xlink:href="#sSpan959" value="ⲙ"/>
		<feat xlink:href="#sSpan963" value="ⲡ"/>
		<feat xlink:href="#sSpan967" value="ⲟⲩⲟⲉⲓⲛ"/>
		<feat xlink:href="#sSpan969" value="."/>
		<feat xlink:href="#sSpan973" value="ⲛⲧⲟϥ"/>
		<feat xlink:href="#sSpan981" value="ⲇⲉ"/>
		<feat xlink:href="#sSpan986" value="ⲉ"/>
		<feat xlink:href="#sSpan990" value="ϥ"/>
		<feat xlink:href="#sSpan993" value="ⲁⲡⲟⲗⲁⲩⲉ"/>
		<feat xlink:href="#sSpan995" value="ⲙⲙⲟ"/>
		<feat xlink:href="#sSpan1000" value="ϥ"/>
		<feat xlink:href="#sSpan1002" value="ϩⲙ"/>
		<feat xlink:href="#sSpan1006" value="ⲡ"/>
		<feat xlink:href="#sSpan1009" value="ⲕⲁⲕⲉ"/>
		<feat xlink:href="#sSpan1011" value="ϥ"/>
		<feat xlink:href="#sSpan1016" value="ⲛⲁ"/>
		<feat xlink:href="#sSpan1018" value="ⲛⲁⲩ"/>
		<feat xlink:href="#sSpan1020" value="ⲉⲣⲟ"/>
		<feat xlink:href="#sSpan1024" value="ⲕ"/>
		<feat xlink:href="#sSpan1026" value="ⲉ"/>
		<feat xlink:href="#sSpan1031" value="ⲕ"/>
		<feat xlink:href="#sSpan1033" value="ϭⲟⲟⲗⲉ"/>
		<feat xlink:href="#sSpan1035" value="ⲙ"/>
		<feat xlink:href="#sSpan1039" value="ⲡ"/>
		<feat xlink:href="#sSpan1042" value="ⲣⲁϣⲉ"/>
		<feat xlink:href="#sSpan1045" value="ⲙⲛ"/>
		<feat xlink:href="#sSpan1049" value="ⲡ"/>
		<feat xlink:href="#sSpan1051" value="ⲟⲩⲛⲟϥ"/>
		<feat xlink:href="#sSpan1053" value="ⲛⲧⲟϥ"/>
		<feat xlink:href="#sSpan1059" value="ⲇⲉ"/>
		<feat xlink:href="#sSpan1063" value="ⲉ"/>
		<feat xlink:href="#sSpan1067" value="ϥ"/>
		<feat xlink:href="#sSpan1070" value="ⲁⲡⲟⲗⲁⲩⲉ"/>
		<feat xlink:href="#sSpan1073" value="ⲙⲙⲟ"/>
		<feat xlink:href="#sSpan1077" value="ϥ"/>
		<feat xlink:href="#sSpan1079" value="ϩⲛ"/>
		<feat xlink:href="#sSpan1083" value="ⲧ"/>
		<feat xlink:href="#sSpan1088" value="ⲗⲩⲡⲏ"/>
		<feat xlink:href="#sSpan1090" value="ⲙⲛ"/>
		<feat xlink:href="#sSpan1094" value="ⲡ"/>
		<feat xlink:href="#sSpan1098" value="ⲁϣⲁϩⲟⲙ"/>
		<feat xlink:href="#sSpan1102" value="."/>
		<feat xlink:href="#sSpan1106" value="ϥ"/>
		<feat xlink:href="#sSpan1113" value="ⲛⲁ"/>
		<feat xlink:href="#sSpan1115" value="ⲛⲁⲩ"/>
		<feat xlink:href="#sSpan1118" value="ⲉⲣⲟ"/>
		<feat xlink:href="#sSpan1122" value="ⲕ"/>
		<feat xlink:href="#sSpan1124" value="ϩⲙ"/>
		<feat xlink:href="#sSpan1128" value="ⲡ"/>
		<feat xlink:href="#sSpan1131" value="ⲟⲩⲱϣⲥ"/>
		<feat xlink:href="#sSpan1135" value="ⲉⲃⲟⲗ"/>
		<feat xlink:href="#sSpan1139" value="ⲙⲛ"/>
		<feat xlink:href="#sSpan1143" value="ⲧ"/>
		<feat xlink:href="#sSpan1151" value="ⲉⲩⲫⲣⲟⲥⲩⲛⲏ"/>
		<feat xlink:href="#sSpan1154" value="."/>
		<feat xlink:href="#sSpan1158" value="ⲛⲧⲟϥ"/>
		<feat xlink:href="#sSpan1163" value="ϩⲱⲱ"/>
		<feat xlink:href="#sSpan1167" value="ϥ"/>
		<feat xlink:href="#sSpan1169" value="ⲉ"/>
		<feat xlink:href="#sSpan1173" value="ϥ"/>
		<feat xlink:href="#sSpan1175" value="ϩⲙ"/>
		<feat xlink:href="#sSpan1177" value="ⲡ"/>
		<feat xlink:href="#sSpan1180" value="ϩⲁϫϩⲉϫ"/>
		<feat xlink:href="#sSpan1182" value="ⲙⲛ"/>
		<feat xlink:href="#sSpan1186" value="ⲡ"/>
		<feat xlink:href="#sSpan1189" value="ⲥⲁϩⲟⲩ"/>
		<feat xlink:href="#sSpan1192" value="."/>
		<feat xlink:href="#sSpan1196" value="ϥ"/>
		<feat xlink:href="#sSpan1203" value="ⲛⲁ"/>
		<feat xlink:href="#sSpan1205" value="ⲛⲁⲩ"/>
		<feat xlink:href="#sSpan1207" value="ⲉⲣⲟ"/>
		<feat xlink:href="#sSpan1212" value="ⲕ"/>
		<feat xlink:href="#sSpan1214" value="ⲉⲣⲉ"/>
		<feat xlink:href="#sSpan1218" value="ⲛ"/>
		<feat xlink:href="#sSpan1222" value="ⲁⲅⲅⲉⲗⲟⲥ"/>
		<feat xlink:href="#sSpan1225" value="ⲥⲟⲗⲥⲗ"/>
		<feat xlink:href="#sSpan1229" value="ⲙⲙⲟ"/>
		<feat xlink:href="#sSpan1233" value="ⲕ"/>
		<feat xlink:href="#sSpan1235" value="ⲛⲧⲟϥ"/>
		<feat xlink:href="#sSpan1240" value="ϩⲱⲱ"/>
		<feat xlink:href="#sSpan1244" value="ϥ"/>
		<feat xlink:href="#sSpan1246" value="ⲉ"/>
		<feat xlink:href="#sSpan1250" value="ϥ"/>
		<feat xlink:href="#sSpan1252" value="ϣⲟⲟⲡ"/>
		<feat xlink:href="#sSpan1255" value="ϩⲙ"/>
		<feat xlink:href="#sSpan1259" value="ⲡ"/>
		<feat xlink:href="#sSpan1263" value="ⲧⲁⲣⲧⲁⲣⲟⲥ"/>
		<feat xlink:href="#sSpan1266" value="."/>
		<feat xlink:href="#sSpan1270" value="ⲟⲩ"/>
		<feat xlink:href="#sSpan1278" value="ⲙⲟⲛⲟⲛ"/>
		<feat xlink:href="#sSpan1282" value="ϫⲉ"/>
		<feat xlink:href="#sSpan1286" value="ⲙⲡⲉ"/>
		<feat xlink:href="#sSpan1289" value="ϥ"/>
		<feat xlink:href="#sSpan1292" value="ϩⲟⲙⲟⲗⲟⲅⲉⲓ"/>
		<feat xlink:href="#sSpan1294" value="ⲙⲙⲟ"/>
		<feat xlink:href="#sSpan1299" value="ⲓ"/>
		<feat xlink:href="#sSpan1302" value="."/>
		<feat xlink:href="#sSpan1307" value="ⲁⲗⲗⲁ"/>
		<feat xlink:href="#sSpan1311" value="ⲁ"/>
		<feat xlink:href="#sSpan1315" value="ϥ"/>
		<feat xlink:href="#sSpan1318" value="ⲁⲣⲛⲁ"/>
		<feat xlink:href="#sSpan1321" value="ⲙⲙⲟ"/>
		<feat xlink:href="#sSpan1325" value="ⲓ"/>
		<feat xlink:href="#sSpan1327" value="ⲙⲛ"/>
		<feat xlink:href="#sSpan1331" value="ⲧⲁ"/>
		<feat xlink:href="#sSpan1335" value="ⲙⲛⲧⲛⲟⲩⲧⲉ"/>
		<feat xlink:href="#sSpan1339" value="."/>
		<feat xlink:href="#sSpan1343" value="ⲁ"/>
		<feat xlink:href="#sSpan1350" value="ϥ"/>
		<feat xlink:href="#sSpan1352" value="ϭⲱ"/>
		<feat xlink:href="#sSpan1356" value="ⲉ"/>
		<feat xlink:href="#sSpan1360" value="ϥ"/>
		<feat xlink:href="#sSpan1362" value="ⲛⲟϭⲛⲉϭ"/>
		<feat xlink:href="#sSpan1364" value="ⲁⲩⲱ"/>
		<feat xlink:href="#sSpan1369" value="ⲉ"/>
		<feat xlink:href="#sSpan1373" value="ϥ"/>
		<feat xlink:href="#sSpan1375" value="ⲥⲱϣ"/>
		<feat xlink:href="#sSpan1377" value="ⲙⲙⲟ"/>
		<feat xlink:href="#sSpan1382" value="ⲓ"/>
		<feat xlink:href="#sSpan1384" value="."/>
		<feat xlink:href="#sSpan1388" value="ⲉⲧⲃⲉ"/>
		<feat xlink:href="#sSpan1393" value="ⲡⲁⲓ"/>
		<feat xlink:href="#sSpan1396" value="ⲉⲣⲉ"/>
		<feat xlink:href="#sSpan1400" value="ⲡ"/>
		<feat xlink:href="#sSpan1404" value="ⲟⲩⲁ"/>
		<feat xlink:href="#sSpan1406" value="ⲡ"/>
		<feat xlink:href="#sSpan1411" value="ⲟⲩⲁ"/>
		<feat xlink:href="#sSpan1413" value="ϫⲓ"/>
		<feat xlink:href="#sSpan1418" value="ⲕⲁⲧⲁ"/>
		<feat xlink:href="#sSpan1423" value="ⲛⲉϥ"/>
		<feat xlink:href="#sSpan1426" value="ϩⲃⲏⲩⲉ"/>
		<feat xlink:href="#sSpan1428" value="."/>
		<feat xlink:href="#sSpan1432" value="ⲁ"/>
		<feat xlink:href="#sSpan1440" value="ⲓ"/>
		<feat xlink:href="#sSpan1442" value="ⲟⲩⲱ"/>
		<feat xlink:href="#sSpan1445" value="ⲅⲁⲣ"/>
		<feat xlink:href="#sSpan1449" value="ⲉ"/>
		<feat xlink:href="#sSpan1453" value="ⲓ"/>
		<feat xlink:href="#sSpan1455" value="ϫⲱ"/>
		<feat xlink:href="#sSpan1457" value="ⲙⲙⲟ"/>
		<feat xlink:href="#sSpan1462" value="ⲥ"/>
		<feat xlink:href="#sSpan1464" value="ⲛⲁ"/>
		<feat xlink:href="#sSpan1468" value="ⲩ"/>
		<feat xlink:href="#sSpan1470" value="ϩⲛ"/>
		<feat xlink:href="#sSpan1474" value="ⲧ"/>
		<feat xlink:href="#sSpan1477" value="ⲙⲏⲧⲉ"/>
		<feat xlink:href="#sSpan1480" value="ⲛ"/>
		<feat xlink:href="#sSpan1484" value="ⲟⲩⲟⲛ"/>
		<feat xlink:href="#sSpan1488" value="ⲛⲓⲙ"/>
		<feat xlink:href="#sSpan1492" value="ϫⲉ"/>
		<feat xlink:href="#sSpan1497" value="ⲡ"/>
		<feat xlink:href="#sSpan1500" value="ⲉⲧ"/>
		<feat xlink:href="#sSpan1502" value="ⲛⲁ"/>
		<feat xlink:href="#sSpan1505" value="ϩⲟⲙⲟⲗⲟⲅⲉⲓ"/>
		<feat xlink:href="#sSpan1508" value="ⲙⲙⲟ"/>
		<feat xlink:href="#sSpan1512" value="ⲓ"/>
		<feat xlink:href="#sSpan1514" value="ⲙ"/>
		<feat xlink:href="#sSpan1518" value="ⲡ"/>
		<feat xlink:href="#sSpan1521" value="ⲙⲧⲟ"/>
		<feat xlink:href="#sSpan1524" value="ⲉⲃⲟⲗ"/>
		<feat xlink:href="#sSpan1528" value="ⲛ"/>
		<feat xlink:href="#sSpan1532" value="ⲛ"/>
		<feat xlink:href="#sSpan1535" value="ⲣⲱⲙⲉ"/>
		<feat xlink:href="#sSpan1537" value="ϯ"/>
		<feat xlink:href="#sSpan1542" value="ⲛⲁ"/>
		<feat xlink:href="#sSpan1545" value="ϩⲟⲙⲟⲗⲟⲅⲉⲓ"/>
		<feat xlink:href="#sSpan1547" value="ⲙⲙⲟ"/>
		<feat xlink:href="#sSpan1552" value="ϥ"/>
		<feat xlink:href="#sSpan1554" value="ⲙ"/>
		<feat xlink:href="#sSpan1558" value="ⲡ"/>
		<feat xlink:href="#sSpan1561" value="ⲙⲧⲟ"/>
		<feat xlink:href="#sSpan1563" value="ⲉⲃⲟⲗ"/>
		<feat xlink:href="#sSpan1567" value="ⲙ"/>
		<feat xlink:href="#sSpan1572" value="ⲡⲁ"/>
		<feat xlink:href="#sSpan1575" value="ⲉⲓⲱⲧ"/>
		<feat xlink:href="#sSpan1577" value="ⲉⲧ"/>
		<feat xlink:href="#sSpan1581" value="ϩⲛ"/>
		<feat xlink:href="#sSpan1583" value="ⲙ"/>
		<feat xlink:href="#sSpan1587" value="ⲡⲏⲩⲉ"/>
		<feat xlink:href="#sSpan1589" value="."/>
		<feat xlink:href="#sSpan1593" value="ⲧⲉⲧⲛ"/>
		<feat xlink:href="#sSpan1601" value="ⲛⲁⲩ"/>
		<feat xlink:href="#sSpan1604" value="ϭⲉ"/>
		<feat xlink:href="#sSpan1609" value="ⲱ"/>
		<feat xlink:href="#sSpan1613" value="ⲛⲉ"/>
		<feat xlink:href="#sSpan1618" value="ⲥⲛⲏⲩ"/>
		<feat xlink:href="#sSpan1620" value="ϫⲉ"/>
		<feat xlink:href="#sSpan1625" value="ⲟⲩ"/>
		<feat xlink:href="#sSpan1628" value="ϩⲓⲥⲉ"/>
		<feat xlink:href="#sSpan1630" value="ⲛ"/>
		<feat xlink:href="#sSpan1634" value="ⲁϣ"/>
		<feat xlink:href="#sSpan1636" value="ⲛ"/>
		<feat xlink:href="#sSpan1640" value="ϩⲉ"/>
		<feat xlink:href="#sSpan1643" value="ⲡ"/>
		<feat xlink:href="#sSpan1647" value="ⲉⲧ"/>
		<feat xlink:href="#sSpan1649" value="ⲛⲁ"/>
		<feat xlink:href="#sSpan1651" value="ⲧⲁϩⲉ"/>
		<feat xlink:href="#sSpan1653" value="ⲡ"/>
		<feat xlink:href="#sSpan1658" value="ⲣⲱⲙⲉ"/>
		<feat xlink:href="#sSpan1661" value="ⲉⲧ"/>
		<feat xlink:href="#sSpan1665" value="ⲛⲁ"/>
		<feat xlink:href="#sSpan1668" value="ⲁⲣⲛⲁ"/>
		<feat xlink:href="#sSpan1670" value="ⲙ"/>
		<feat xlink:href="#sSpan1675" value="ⲡⲉϥ"/>
		<feat xlink:href="#sSpan1678" value="ϫⲟⲉⲓⲥ"/>
		<feat xlink:href="#sSpan1680" value="."/>
		<feat xlink:href="#sSpan1684" value="ⲉⲧⲃⲉ"/>
		<feat xlink:href="#sSpan1693" value="ⲡⲁⲓ"/>
		<feat xlink:href="#sSpan1696" value="ⲙⲁⲣⲉ"/>
		<feat xlink:href="#sSpan1700" value="ⲛ"/>
		<feat xlink:href="#sSpan1702" value="ⲣⲟⲉⲓⲥ"/>
		<feat xlink:href="#sSpan1704" value="ⲉⲣⲟ"/>
		<feat xlink:href="#sSpan1709" value="ⲛ"/>
		<feat xlink:href="#sSpan1711" value="ϫⲉ"/>
		<feat xlink:href="#sSpan1715" value="ⲛⲛⲉ"/>
		<feat xlink:href="#sSpan1717" value="ⲩ"/>
		<feat xlink:href="#sSpan1720" value="ⲣϩⲁⲗ"/>
		<feat xlink:href="#sSpan1725" value="ⲙⲙⲟ"/>
		<feat xlink:href="#sSpan1729" value="ⲛ"/>
		<feat xlink:href="#sSpan1731" value="ⲛ"/>
		<feat xlink:href="#sSpan1735" value="ⲥⲉ"/>
		<feat xlink:href="#sSpan1737" value="ⲁⲁ"/>
		<feat xlink:href="#sSpan1740" value="ⲛ"/>
		<feat xlink:href="#sSpan1742" value="ⲛ"/>
		<feat xlink:href="#sSpan1747" value="ϣⲙⲙⲟ"/>
		<feat xlink:href="#sSpan1749" value="ⲉ"/>
		<feat xlink:href="#sSpan1753" value="ⲡ"/>
		<feat xlink:href="#sSpan1757" value="ⲉⲛⲧ"/>
		<feat xlink:href="#sSpan1759" value="ⲁ"/>
		<feat xlink:href="#sSpan1761" value="ϥ"/>
		<feat xlink:href="#sSpan1763" value="ⲧⲁⲙⲓⲟ"/>
		<feat xlink:href="#sSpan1765" value="ⲛ"/>
		<feat xlink:href="#sSpan1768" value="."/>
		<feat xlink:href="#sSpan1772" value="ⲉⲧⲃⲉ"/>
		<feat xlink:href="#sSpan1777" value="ⲛⲉ"/>
		<feat xlink:href="#sSpan1780" value="ⲛⲕⲁ"/>
		<feat xlink:href="#sSpan1782" value="ⲙ"/>
		<feat xlink:href="#sSpan1786" value="ⲡⲉⲓ"/>
		<feat xlink:href="#sSpan1791" value="ⲁⲓⲱⲛ"/>
		<feat xlink:href="#sSpan1793" value="."/>
		<feat xlink:href="#sSpan1797" value="ⲟⲩⲛ"/>
		<feat xlink:href="#sSpan1804" value="ϩⲟⲓⲛⲉ"/>
		<feat xlink:href="#sSpan1808" value="ϣⲟⲟⲡ"/>
		<feat xlink:href="#sSpan1812" value="ⲧⲉⲛⲟⲩ"/>
		<feat xlink:href="#sSpan1817" value="ⲉ"/>
		<feat xlink:href="#sSpan1821" value="ⲩ"/>
		<feat xlink:href="#sSpan1824" value="ⲁⲣⲛⲁ"/>
		<feat xlink:href="#sSpan1826" value="ⲙ"/>
		<feat xlink:href="#sSpan1830" value="ⲡ"/>
		<feat xlink:href="#sSpan1834" value="ⲛⲟⲩⲧⲉ"/>
		<feat xlink:href="#sSpan1836" value="ⲉⲧⲃⲉ"/>
		<feat xlink:href="#sSpan1840" value="ϩⲉⲛ"/>
		<feat xlink:href="#sSpan1846" value="ⲭⲣⲏⲙⲁ"/>
		<feat xlink:href="#sSpan1849" value="."/>
		<feat xlink:href="#sSpan1853" value="ϣⲁⲣⲉ"/>
		<feat xlink:href="#sSpan1860" value="ⲧ"/>
		<feat xlink:href="#sSpan1865" value="ⲙⲛⲧⲙⲁⲓⲭⲣⲏⲙⲁ"/>
		<feat xlink:href="#sSpan1872" value="ⲅⲁⲣ"/>
		<feat xlink:href="#sSpan1876" value="."/>
		<feat xlink:href="#sSpan1880" value="ⲧⲱⲙ"/>
		<feat xlink:href="#sSpan1884" value="ⲛ"/>
		<feat xlink:href="#sSpan1889" value="ⲛ"/>
		<feat xlink:href="#sSpan1892" value="ⲃⲁⲗ"/>
		<feat xlink:href="#sSpan1894" value="ⲙ"/>
		<feat xlink:href="#sSpan1898" value="ⲡ"/>
		<feat xlink:href="#sSpan1901" value="ⲉⲛⲧ"/>
		<feat xlink:href="#sSpan1904" value="ⲁ"/>
		<feat xlink:href="#sSpan1906" value="ϥ"/>
		<feat xlink:href="#sSpan1908" value="ⲙⲉⲣⲓⲧ"/>
		<feat xlink:href="#sSpan1910" value="ⲥ"/>
		<feat xlink:href="#sSpan1912" value="."/>
		<feat xlink:href="#sSpan1916" value="ⲛⲧⲟϥ"/>
		<feat xlink:href="#sSpan1924" value="ϩⲱⲱ"/>
		<feat xlink:href="#sSpan1928" value="ϥ"/>
		<feat xlink:href="#sSpan1930" value="ⲟⲛ"/>
		<feat xlink:href="#sSpan1934" value="ϣⲁ"/>
		<feat xlink:href="#sSpan1939" value="ϥ"/>
		<feat xlink:href="#sSpan1941" value="ϫⲓ"/>
		<feat xlink:href="#sSpan1943" value="ⲛ"/>
		<feat xlink:href="#sSpan1947" value="ⲧ"/>
		<feat xlink:href="#sSpan1951" value="ⲙⲉⲣⲓⲥ"/>
		<feat xlink:href="#sSpan1953" value="ⲛ"/>
		<feat xlink:href="#sSpan1959" value="ⲓⲟⲩⲇⲁⲥ"/>
		<feat xlink:href="#sSpan1962" value="."/>
		<feat xlink:href="#sSpan1967" value="ⲕⲁⲓ"/>
		<feat xlink:href="#sSpan1972" value="ⲅⲁⲣ"/>
		<feat xlink:href="#sSpan1977" value="ⲛⲧⲟϥ"/>
		<feat xlink:href="#sSpan1981" value="ϩⲱⲱ"/>
		<feat xlink:href="#sSpan1985" value="ϥ"/>
		<feat xlink:href="#sSpan1987" value="ⲁ"/>
		<feat xlink:href="#sSpan1992" value="ϥ"/>
		<feat xlink:href="#sSpan1994" value="ϯ"/>
		<feat xlink:href="#sSpan1996" value="ⲙ"/>
		<feat xlink:href="#sSpan2000" value="ⲡⲉϥ"/>
		<feat xlink:href="#sSpan2003" value="ϫⲟⲉⲓⲥ"/>
		<feat xlink:href="#sSpan2005" value="ⲉⲃⲟⲗ"/>
		<feat xlink:href="#sSpan2010" value="."/>
		<feat xlink:href="#sSpan2014" value="ϩⲁ"/>
		<feat xlink:href="#sSpan2018" value="ⲙⲁⲁⲃⲉ"/>
		<feat xlink:href="#sSpan2021" value="ⲛ"/>
		<feat xlink:href="#sSpan2027" value="ⲥⲁⲧⲉⲉⲣⲉ"/>
		<feat xlink:href="#sSpan2029" value="ⲛ"/>
		<feat xlink:href="#sSpan2033" value="ϩⲁⲧ"/>
		<feat xlink:href="#sSpan2036" value="."/>
		<feat xlink:href="#sSpan2040" value="ⲟⲩ"/>
		<feat xlink:href="#sSpan2051" value="ⲁⲅⲁⲑⲟⲛ"/>
		<feat xlink:href="#sSpan2053" value="ϭⲉ"/>
		<feat xlink:href="#sSpan2057" value="ⲛⲁ"/>
		<feat xlink:href="#sSpan2061" value="ⲛ"/>
		<feat xlink:href="#sSpan2064" value="ⲡⲉ"/>
		<feat xlink:href="#sSpan2069" value="."/>
		<feat xlink:href="#sSpan2073" value="ⲉⲛϣⲁⲛ"/>
		<feat xlink:href="#sSpan2077" value="ⲛⲉϫ"/>
		<feat xlink:href="#sSpan2079" value="ⲡⲉⲛ"/>
		<feat xlink:href="#sSpan2083" value="ⲣⲟⲟⲩϣ"/>
		<feat xlink:href="#sSpan2085" value="ⲙ"/>
		<feat xlink:href="#sSpan2089" value="ⲡ"/>
		<feat xlink:href="#sSpan2092" value="ϫⲟⲉⲓⲥ"/>
		<feat xlink:href="#sSpan2095" value="."/>
		<feat xlink:href="#sSpan2099" value="ⲛⲧⲟϥ"/>
		<feat xlink:href="#sSpan2104" value="ⲅⲁⲣ"/>
		<feat xlink:href="#sSpan2108" value="ⲡ"/>
		<feat xlink:href="#sSpan2113" value="ⲉⲧ"/>
		<feat xlink:href="#sSpan2115" value="ⲛⲁ"/>
		<feat xlink:href="#sSpan2118" value="ϥⲓⲣⲟⲟⲩϣ"/>
		<feat xlink:href="#sSpan2121" value="ϩⲁⲣⲟ"/>
		<feat xlink:href="#sSpan2126" value="ⲛ"/>
		<feat xlink:href="#sSpan2128" value="."/>
		<feat xlink:href="#sSpan2133" value="ⲕⲁⲧⲁ"/>
		<feat xlink:href="#sSpan2137" value="ⲡ"/>
		<feat xlink:href="#sSpan2140" value="ϣⲁϫⲉ"/>
		<feat xlink:href="#sSpan2143" value="ⲙ"/>
		<feat xlink:href="#sSpan2147" value="ⲡⲉⲛ"/>
		<feat xlink:href="#sSpan2150" value="ⲉⲓⲱⲧ"/>
		<feat xlink:href="#sSpan2153" value="ⲡⲉⲧⲣⲟⲥ"/>
		<feat xlink:href="#sSpan2158" value="."/>
		<feat xlink:href="#sSpan2162" value="ⲙⲁⲣⲉ"/>
		<feat xlink:href="#sSpan2170" value="ⲛ"/>
		<feat xlink:href="#sSpan2172" value="ⲕⲧⲟ"/>
		<feat xlink:href="#sSpan2174" value="ⲛ"/>
		<feat xlink:href="#sSpan2176" value="ϭⲉ"/>
		<feat xlink:href="#sSpan2180" value="ⲉϫⲙ"/>
		<feat xlink:href="#sSpan2184" value="ⲡⲉ"/>
		<feat xlink:href="#sSpan2189" value="ⲡⲣⲟⲕⲉⲓⲙⲉⲛⲟⲛ"/>
		<feat xlink:href="#sSpan2191" value="ⲉⲧⲃⲉ"/>
		<feat xlink:href="#sSpan2196" value="ⲡⲉ"/>
		<feat xlink:href="#sSpan2200" value="ⲥⲧⲁⲩⲣⲟⲥ"/>
		<feat xlink:href="#sSpan2202" value="ⲙ"/>
		<feat xlink:href="#sSpan2206" value="ⲡⲉⲛ"/>
		<feat xlink:href="#sSpan2210" value="ϫⲟⲉⲓⲥ"/>
		<feat xlink:href="#sSpan2213" value="ⲓⲏⲥⲟⲩⲥ"/>
		<feat xlink:href="#sSpan2217" value="ⲡⲉ"/>
		<feat xlink:href="#sSpan2222" value="ⲭⲣⲓⲥⲧⲟⲥ"/>
		<feat xlink:href="#sSpan2225" value="."/>
		<feat xlink:href="#sSpan2229" value="ⲙⲛ"/>
		<feat xlink:href="#sSpan2233" value="ⲡ"/>
		<feat xlink:href="#sSpan2237" value="ⲗⲏⲥⲧⲏⲥ"/>
		<feat xlink:href="#sSpan2240" value="."/>
		<feat xlink:href="#sSpan2244" value="ⲟⲩ"/>
		<feat xlink:href="#sSpan2249" value="ϣⲉ"/>
		<feat xlink:href="#sSpan2252" value="ⲅⲁⲣ"/>
		<feat xlink:href="#sSpan2256" value="ⲛ"/>
		<feat xlink:href="#sSpan2263" value="ⲣⲉϥϯⲱⲛϩ"/>
		<feat xlink:href="#sSpan2267" value="ⲡⲉ"/>
		<feat xlink:href="#sSpan2271" value="ⲡ"/>
		<feat xlink:href="#sSpan2280" value="ϣⲉ"/>
		<feat xlink:href="#sSpan2282" value="ⲙ"/>
		<feat xlink:href="#sSpan2286" value="ⲡⲉ"/>
		<feat xlink:href="#sSpan2290" value="ⲥⲧⲁⲩⲣⲟⲥ"/>
		<feat xlink:href="#sSpan2292" value="."/>
		<feat xlink:href="#sSpan2296" value="ⲉⲣⲉ"/>
		<feat xlink:href="#sSpan2304" value="ⲛ"/>
		<feat xlink:href="#sSpan2308" value="ⲁⲅⲅⲉⲗⲟⲥ"/>
		<feat xlink:href="#sSpan2310" value="ⲃⲏⲕ"/>
		<feat xlink:href="#sSpan2314" value="ⲉϩⲣⲁⲓ"/>
		<feat xlink:href="#sSpan2319" value="ϣⲁ"/>
		<feat xlink:href="#sSpan2323" value="ⲡ"/>
		<feat xlink:href="#sSpan2326" value="ⲉⲓⲱⲧ"/>
		<feat xlink:href="#sSpan2328" value="ⲁⲩⲱ"/>
		<feat xlink:href="#sSpan2333" value="ⲉ"/>
		<feat xlink:href="#sSpan2337" value="ⲩ"/>
		<feat xlink:href="#sSpan2339" value="ⲛⲏⲩ"/>
		<feat xlink:href="#sSpan2342" value="ⲉ"/>
		<feat xlink:href="#sSpan2346" value="ⲡ"/>
		<feat xlink:href="#sSpan2348" value="ⲉⲥⲏⲧ"/>
		<feat xlink:href="#sSpan2351" value="ϣⲁ"/>
		<feat xlink:href="#sSpan2355" value="ⲡ"/>
		<feat xlink:href="#sSpan2358" value="ϣⲏⲣⲉ"/>
		<feat xlink:href="#sSpan2360" value="ϩⲓϫⲙ"/>
		<feat xlink:href="#sSpan2365" value="ⲡⲉ"/>
		<feat xlink:href="#sSpan2369" value="ⲥⲧⲁⲩⲣⲟⲥ"/>
		<feat xlink:href="#sSpan2371" value="."/>
		<feat xlink:href="#sSpan2375" value="ⲉ"/>
		<feat xlink:href="#sSpan2379" value="ⲩ"/>
		<feat xlink:href="#sSpan2381" value="ϭⲱϣⲧ"/>
		<feat xlink:href="#sSpan2384" value="ⲉⲃⲟⲗ"/>
		<feat xlink:href="#sSpan2388" value="ϩⲓ"/>
		<feat xlink:href="#sSpan2392" value="ⲧ"/>
		<feat xlink:href="#sSpan2397" value="ϩⲏ"/>
		<feat xlink:href="#sSpan2399" value="ⲙⲡⲉ"/>
		<feat xlink:href="#sSpan2403" value="ϥ"/>
		<feat xlink:href="#sSpan2405" value="ⲟⲩⲱϣ"/>
		<feat xlink:href="#sSpan2407" value="."/>
		<feat xlink:href="#sSpan2411" value="ⲁⲛⲁⲩ"/>
		<feat xlink:href="#sSpan2419" value="ⲉ"/>
		<feat xlink:href="#sSpan2423" value="ⲧ"/>
		<feat xlink:href="#sSpan2427" value="ⲙⲛⲧϣⲁⲛϩⲧⲏϥ"/>
		<feat xlink:href="#sSpan2434" value="ⲙ"/>
		<feat xlink:href="#sSpan2438" value="ⲡ"/>
		<feat xlink:href="#sSpan2441" value="ⲛⲟⲩⲧⲉ"/>
		<feat xlink:href="#sSpan2443" value="ⲙⲛ"/>
		<feat xlink:href="#sSpan2448" value="ⲧⲉϥ"/>
		<feat xlink:href="#sSpan2452" value="ⲁⲛⲟⲭⲏ"/>
		<feat xlink:href="#sSpan2454" value="ⲉ"/>
		<feat xlink:href="#sSpan2459" value="ϥ"/>
		<feat xlink:href="#sSpan2461" value="ϭⲱϣⲧ"/>
		<feat xlink:href="#sSpan2463" value="ⲉⲃⲟⲗ"/>
		<feat xlink:href="#sSpan2467" value="ϩⲙ"/>
		<feat xlink:href="#sSpan2471" value="ⲡ"/>
		<feat xlink:href="#sSpan2475" value="ϫⲓⲥⲉ"/>
		<feat xlink:href="#sSpan2477" value="."/>
		<feat xlink:href="#sSpan2481" value="ⲉ"/>
		<feat xlink:href="#sSpan2485" value="ϥ"/>
		<feat xlink:href="#sSpan2487" value="ⲛⲁⲩ"/>
		<feat xlink:href="#sSpan2489" value="ⲉ"/>
		<feat xlink:href="#sSpan2493" value="ⲡⲉϥ"/>
		<feat xlink:href="#sSpan2498" value="ⲙⲟⲛⲟⲅⲉⲛⲏⲥ"/>
		<feat xlink:href="#sSpan2500" value="ⲛ"/>
		<feat xlink:href="#sSpan2505" value="ϣⲏⲣⲉ"/>
		<feat xlink:href="#sSpan2508" value="ⲉ"/>
		<feat xlink:href="#sSpan2512" value="ϥ"/>
		<feat xlink:href="#sSpan2514" value="ⲟⲃⲧ"/>
		<feat xlink:href="#sSpan2516" value="ⲉϩⲟⲩⲛ"/>
		<feat xlink:href="#sSpan2521" value="ⲉ"/>
		<feat xlink:href="#sSpan2525" value="ⲡⲉ"/>
		<feat xlink:href="#sSpan2529" value="ⲥⲧⲁⲩⲣⲟⲥ"/>
		<feat xlink:href="#sSpan2531" value="."/>
		<feat xlink:href="#sSpan2535" value="ⲉ"/>
		<feat xlink:href="#sSpan2539" value="ϥ"/>
		<feat xlink:href="#sSpan2541" value="ϩⲟⲣϣ"/>
		<feat xlink:href="#sSpan2544" value="ⲛ"/>
		<feat xlink:href="#sSpan2548" value="ϩⲏⲧ"/>
		<feat xlink:href="#sSpan2551" value="ϩⲛ"/>
		<feat xlink:href="#sSpan2555" value="ⲧⲉϥ"/>
		<feat xlink:href="#sSpan2559" value="ⲙⲛⲧⲭⲣⲏⲥⲧⲟⲥ"/>
		<feat xlink:href="#sSpan2564" value="."/>
		<feat xlink:href="#sSpan2568" value="ⲛⲧⲟϥ"/>
		<feat xlink:href="#sSpan2577" value="ⲇⲉ"/>
		<feat xlink:href="#sSpan2581" value="ϩⲱⲱ"/>
		<feat xlink:href="#sSpan2585" value="ϥ"/>
		<feat xlink:href="#sSpan2587" value="ⲡⲉⲛ"/>
		<feat xlink:href="#sSpan2593" value="ϫⲟⲉⲓⲥ"/>
		<feat xlink:href="#sSpan2596" value="ⲓⲏⲥⲟⲩⲥ"/>
		<feat xlink:href="#sSpan2600" value="ⲡⲉ"/>
		<feat xlink:href="#sSpan2605" value="ⲭⲣⲓⲥⲧⲟⲥ"/>
		<feat xlink:href="#sSpan2608" value="."/>
		<feat xlink:href="#sSpan2612" value="ⲉ"/>
		<feat xlink:href="#sSpan2616" value="ⲩ"/>
		<feat xlink:href="#sSpan2619" value="ϯⲉⲓⲃⲧ"/>
		<feat xlink:href="#sSpan2622" value="ⲉ"/>
		<feat xlink:href="#sSpan2626" value="ⲛⲉϥ"/>
		<feat xlink:href="#sSpan2630" value="ϭⲓϫ"/>
		<feat xlink:href="#sSpan2632" value="."/>
		<feat xlink:href="#sSpan2636" value="ⲁⲩⲱ"/>
		<feat xlink:href="#sSpan2640" value="ⲉ"/>
		<feat xlink:href="#sSpan2644" value="ⲩ"/>
		<feat xlink:href="#sSpan2647" value="ϯⲁⲁⲥ"/>
		<feat xlink:href="#sSpan2651" value="ⲉϩⲟⲩⲛ"/>
		<feat xlink:href="#sSpan2655" value="ϩⲙ"/>
		<feat xlink:href="#sSpan2659" value="ⲡⲉϥ"/>
		<feat xlink:href="#sSpan2663" value="ϩⲟ"/>
		<feat xlink:href="#sSpan2665" value="."/>
		<feat xlink:href="#sSpan2669" value="ⲉ"/>
		<feat xlink:href="#sSpan2673" value="ⲩ"/>
		<feat xlink:href="#sSpan2676" value="ϯⲕⲗⲯ"/>
		<feat xlink:href="#sSpan2679" value="ϩⲓϫⲛ"/>
		<feat xlink:href="#sSpan2684" value="ⲧⲉϥ"/>
		<feat xlink:href="#sSpan2687" value="ⲁⲡⲉ"/>
		<feat xlink:href="#sSpan2689" value="."/>
		<feat xlink:href="#sSpan2693" value="ⲉ"/>
		<feat xlink:href="#sSpan2698" value="ⲩ"/>
		<feat xlink:href="#sSpan2700" value="ⲧⲥⲟ"/>
		<feat xlink:href="#sSpan2702" value="ⲙⲙⲟ"/>
		<feat xlink:href="#sSpan2706" value="ϥ"/>
		<feat xlink:href="#sSpan2708" value="ⲛ"/>
		<feat xlink:href="#sSpan2713" value="ⲟⲩ"/>
		<feat xlink:href="#sSpan2716" value="ϩⲙϫ"/>
		<feat xlink:href="#sSpan2718" value="."/>
		<feat xlink:href="#sSpan2722" value="ⲙⲛ"/>
		<feat xlink:href="#sSpan2727" value="ⲟⲩ"/>
		<feat xlink:href="#sSpan2731" value="ⲥⲓϣⲉ"/>
		<feat xlink:href="#sSpan2734" value="."/>
		<feat xlink:href="#sSpan2738" value="ⲉ"/>
		<feat xlink:href="#sSpan2742" value="ⲩ"/>
		<feat xlink:href="#sSpan2744" value="ⲡⲱϣ"/>
		<feat xlink:href="#sSpan2746" value="ⲛ"/>
		<feat xlink:href="#sSpan2751" value="ⲛⲉϥ"/>
		<feat xlink:href="#sSpan2754" value="ϩⲟⲓⲧⲉ"/>
		<feat xlink:href="#sSpan2756" value="ⲉϫⲱ"/>
		<feat xlink:href="#sSpan2761" value="ⲟⲩ"/>
		<feat xlink:href="#sSpan2763" value="."/>
		<feat xlink:href="#sSpan2767" value="ⲉ"/>
		<feat xlink:href="#sSpan2771" value="ⲩ"/>
		<feat xlink:href="#sSpan2773" value="ⲛⲏϫ"/>
		<feat xlink:href="#sSpan2776" value="ⲕⲗⲏⲣⲟⲥ"/>
		<feat xlink:href="#sSpan2782" value="ⲉⲣⲟ"/>
		<feat xlink:href="#sSpan2788" value="ⲟⲩ"/>
		<feat xlink:href="#sSpan2790" value="ⲁⲩⲱ"/>
		<feat xlink:href="#sSpan2795" value="ⲉ"/>
		<feat xlink:href="#sSpan2799" value="ⲩ"/>
		<feat xlink:href="#sSpan2801" value="ϩⲓⲟⲩⲉ"/>
		<feat xlink:href="#sSpan2805" value="ϩⲓϫⲛ"/>
		<feat xlink:href="#sSpan2810" value="ⲧⲉϥ"/>
		<feat xlink:href="#sSpan2813" value="ⲁⲡⲉ"/>
		<feat xlink:href="#sSpan2818" value="ⲛ"/>
		<feat xlink:href="#sSpan2822" value="ⲟⲩ"/>
		<feat xlink:href="#sSpan2825" value="ⲕⲁϣ"/>
		<feat xlink:href="#sSpan2827" value="ϩⲛ"/>
		<feat xlink:href="#sSpan2836" value="ⲛⲁⲓ"/>
		<feat xlink:href="#sSpan2840" value="ⲧⲏⲣ"/>
		<feat xlink:href="#sSpan2844" value="ⲟⲩ"/>
		<feat xlink:href="#sSpan2846" value="ⲙ"/>
		<feat xlink:href="#sSpan2852" value="ⲡⲉϥ"/>
		<feat xlink:href="#sSpan2855" value="ϭⲱⲛⲧ"/>
		<feat xlink:href="#sSpan2857" value="."/>
		<feat xlink:href="#sSpan2862" value="ⲟⲩⲇⲉ"/>
		<feat xlink:href="#sSpan2866" value="ⲙ"/>
		<feat xlink:href="#sSpan2871" value="ⲡⲉϥ"/>
		<feat xlink:href="#sSpan2874" value="ⲕⲱ"/>
		<feat xlink:href="#sSpan2876" value="ⲛ"/>
		<feat xlink:href="#sSpan2880" value="ⲟⲩ"/>
		<feat xlink:href="#sSpan2883" value="ⲕⲣⲟϥ"/>
		<feat xlink:href="#sSpan2886" value="ϩⲙ"/>
		<feat xlink:href="#sSpan2890" value="ⲡⲉϥ"/>
		<feat xlink:href="#sSpan2893" value="ϩⲏⲧ"/>
		<feat xlink:href="#sSpan2895" value="ⲉϩⲟⲩⲛ"/>
		<feat xlink:href="#sSpan2900" value="ⲉⲣⲟ"/>
		<feat xlink:href="#sSpan2904" value="ⲟⲩ"/>
		<feat xlink:href="#sSpan2906" value="."/>
		<feat xlink:href="#sSpan2910" value="ⲕ"/>
		<feat xlink:href="#sSpan2917" value="ⲟⲩⲱϣ"/>
		<feat xlink:href="#sSpan2920" value="ⲉ"/>
		<feat xlink:href="#sSpan2924" value="ⲉⲓⲙⲉ"/>
		<feat xlink:href="#sSpan2926" value="ⲥⲱⲧⲙ"/>
		<feat xlink:href="#sSpan2930" value="ⲧ"/>
		<feat xlink:href="#sSpan2934" value="ⲁ"/>
		<feat xlink:href="#sSpan2936" value="ⲧⲁⲙⲟ"/>
		<feat xlink:href="#sSpan2939" value="ⲕ"/>
		<feat xlink:href="#sSpan2941" value="."/>
		<feat xlink:href="#sSpan2945" value="ⲥⲱⲧⲙ"/>
		<feat xlink:href="#sSpan2952" value="ⲉⲣⲟ"/>
		<feat xlink:href="#sSpan2956" value="ϥ"/>
		<feat xlink:href="#sSpan2958" value="ⲉ"/>
		<feat xlink:href="#sSpan2963" value="ϥ"/>
		<feat xlink:href="#sSpan2965" value="ⲱϣ"/>
		<feat xlink:href="#sSpan2968" value="ⲉⲃⲟⲗ"/>
		<feat xlink:href="#sSpan2972" value="ϫⲉ"/>
		<feat xlink:href="#sSpan2976" value="ⲡⲁ"/>
		<feat xlink:href="#sSpan2979" value="ⲉⲓⲱⲧ"/>
		<feat xlink:href="#sSpan2982" value="ⲕⲱ"/>
		<feat xlink:href="#sSpan2986" value="ⲛⲁ"/>
		<feat xlink:href="#sSpan2990" value="ⲩ"/>
		<feat xlink:href="#sSpan2992" value="ⲉⲃⲟⲗ"/>
		<feat xlink:href="#sSpan2997" value="ϫⲉ"/>
		<feat xlink:href="#sSpan3002" value="ⲛ"/>
		<feat xlink:href="#sSpan3004" value="ⲥⲉ"/>
		<feat xlink:href="#sSpan3006" value="ⲥⲟⲟⲩⲛ"/>
		<feat xlink:href="#sSpan3008" value="ⲁⲛ"/>
		<feat xlink:href="#sSpan3012" value="ⲙ"/>
		<feat xlink:href="#sSpan3017" value="ⲡ"/>
		<feat xlink:href="#sSpan3020" value="ⲉⲧ"/>
		<feat xlink:href="#sSpan3022" value="ⲟⲩ"/>
		<feat xlink:href="#sSpan3024" value="ⲉⲓⲣⲉ"/>
		<feat xlink:href="#sSpan3026" value="ⲙⲙⲟ"/>
		<feat xlink:href="#sSpan3030" value="ϥ"/>
		<feat xlink:href="#sSpan3032" value="ⲁ"/>
		<feat xlink:href="#sSpan3040" value="ⲕ"/>
		<feat xlink:href="#sSpan3042" value="ⲛⲁⲩ"/>
		<feat xlink:href="#sSpan3044" value="ϭⲉ"/>
		<feat xlink:href="#sSpan3048" value="ⲉ"/>
		<feat xlink:href="#sSpan3052" value="ⲧ"/>
		<feat xlink:href="#sSpan3055" value="ⲛⲟϭ"/>
		<feat xlink:href="#sSpan3057" value="ⲛ"/>
		<feat xlink:href="#sSpan3062" value="ⲙⲛⲧϣⲁⲛϩⲧⲏϥ"/>
		<feat xlink:href="#sSpan3069" value="ⲙ"/>
		<feat xlink:href="#sSpan3074" value="ⲡ"/>
		<feat xlink:href="#sSpan3077" value="ⲉⲓⲱⲧ"/>
		<feat xlink:href="#sSpan3079" value="."/>
		<feat xlink:href="#sSpan3083" value="ⲙⲛ"/>
		<feat xlink:href="#sSpan3087" value="ⲡⲉϥ"/>
		<feat xlink:href="#sSpan3090" value="ϣⲏⲣⲉ"/>
		<feat xlink:href="#sSpan3093" value="ⲉϩⲟⲩⲛ"/>
		<feat xlink:href="#sSpan3097" value="ⲉⲣⲟ"/>
		<feat xlink:href="#sSpan3101" value="ⲛ"/>
		<feat xlink:href="#sSpan3103" value="ⲁ"/>
		<feat xlink:href="#sSpan3112" value="ϥ"/>
		<feat xlink:href="#sSpan3114" value="ⲁⲗⲉ"/>
		<feat xlink:href="#sSpan3116" value="ⲉϫⲙ"/>
		<feat xlink:href="#sSpan3120" value="ⲡⲉ"/>
		<feat xlink:href="#sSpan3124" value="ⲥⲧⲁⲩⲣⲟⲥ"/>
		<feat xlink:href="#sSpan3126" value="ϣⲁⲛⲧⲉ"/>
		<feat xlink:href="#sSpan3131" value="ϥ"/>
		<feat xlink:href="#sSpan3133" value="ⲥⲱⲧⲉ"/>
		<feat xlink:href="#sSpan3135" value="ⲙ"/>
		<feat xlink:href="#sSpan3140" value="ⲡ"/>
		<feat xlink:href="#sSpan3143" value="ⲥⲱⲛⲧ"/>
		<feat xlink:href="#sSpan3145" value="ⲧⲏⲣ"/>
		<feat xlink:href="#sSpan3149" value="ϥ"/>
		<feat xlink:href="#sSpan3151" value="ⲙ"/>
		<feat xlink:href="#sSpan3156" value="ⲡ"/>
		<feat xlink:href="#sSpan3159" value="ⲛⲁⲩ"/>
		<feat xlink:href="#sSpan3161" value="ⲉ"/>
		<feat xlink:href="#sSpan3165" value="ϥ"/>
		<feat xlink:href="#sSpan3167" value="ⲁϣⲉ"/>
		<feat xlink:href="#sSpan3169" value="ⲉⲡⲉ"/>
		<feat xlink:href="#sSpan3175" value="ⲥⲧⲁⲩⲣⲟⲥ"/>
		<feat xlink:href="#sSpan3178" value="."/>
		<feat xlink:href="#sSpan3182" value="ⲁ"/>
		<feat xlink:href="#sSpan3189" value="ϥ"/>
		<feat xlink:href="#sSpan3191" value="ⲧⲃⲃⲟ"/>
		<feat xlink:href="#sSpan3194" value="ⲙ"/>
		<feat xlink:href="#sSpan3198" value="ⲡ"/>
		<feat xlink:href="#sSpan3201" value="ⲥⲱⲛⲧ"/>
		<feat xlink:href="#sSpan3203" value="ⲧⲏⲣ"/>
		<feat xlink:href="#sSpan3208" value="ϥ"/>
		<feat xlink:href="#sSpan3210" value="ⲛⲁ"/>
		<feat xlink:href="#sSpan3214" value="ⲧ"/>
		<feat xlink:href="#sSpan3217" value="ⲡⲉ"/>
		<feat xlink:href="#sSpan3219" value="ⲙⲛ"/>
		<feat xlink:href="#sSpan3223" value="ⲛⲁ"/>
		<feat xlink:href="#sSpan3226" value="ⲡ"/>
		<feat xlink:href="#sSpan3229" value="ⲕⲁϩ"/>
		<feat xlink:href="#sSpan3231" value="."/>
		<feat xlink:href="#sSpan3235" value="ⲁ"/>
		<feat xlink:href="#sSpan3242" value="ϥ"/>
		<feat xlink:href="#sSpan3244" value="ⲧⲃⲃⲟ"/>
		<feat xlink:href="#sSpan3247" value="ⲙ"/>
		<feat xlink:href="#sSpan3251" value="ⲡ"/>
		<feat xlink:href="#sSpan3255" value="ⲁⲏⲣ"/>
		<feat xlink:href="#sSpan3257" value="ⲧⲏⲣ"/>
		<feat xlink:href="#sSpan3261" value="ϥ"/>
		<feat xlink:href="#sSpan3263" value="ϩⲙ"/>
		<feat xlink:href="#sSpan3268" value="ⲡⲉϥ"/>
		<feat xlink:href="#sSpan3272" value="ⲥⲱⲙⲁ"/>
		<feat xlink:href="#sSpan3274" value="ⲛ"/>
		<feat xlink:href="#sSpan3278" value="ⲛⲟⲩⲧⲉ"/>
		<feat xlink:href="#sSpan3282" value="."/>
		<feat xlink:href="#sSpan3286" value="ⲁ"/>
		<feat xlink:href="#sSpan3290" value="ϥ"/>
		<feat xlink:href="#sSpan3293" value="ⲕⲁⲑⲁⲣⲓⲍⲉ"/>
		<feat xlink:href="#sSpan3296" value="ⲙⲙⲟ"/>
		<feat xlink:href="#sSpan3300" value="ϥ"/>
		<feat xlink:href="#sSpan3302" value="."/>
		<feat xlink:href="#sSpan3307" value="ϩⲟⲙⲟⲓⲱⲥ"/>
		<feat xlink:href="#sSpan3315" value="."/>
		<feat xlink:href="#sSpan3319" value="ⲁ"/>
		<feat xlink:href="#sSpan3323" value="ⲡⲉϥ"/>
		<feat xlink:href="#sSpan3326" value="ⲥⲛⲟϥ"/>
		<feat xlink:href="#sSpan3328" value="ⲉⲧ"/>
		<feat xlink:href="#sSpan3333" value="ⲟⲩⲁⲁⲃ"/>
		<feat xlink:href="#sSpan3335" value="ⲛⲧ"/>
		<feat xlink:href="#sSpan3339" value="ⲁ"/>
		<feat xlink:href="#sSpan3341" value="ⲩ"/>
		<feat xlink:href="#sSpan3343" value="ⲡⲁϩⲧ"/>
		<feat xlink:href="#sSpan3346" value="ϥ"/>
		<feat xlink:href="#sSpan3348" value="ⲉⲃⲟⲗ"/>
		<feat xlink:href="#sSpan3352" value="."/>
		<feat xlink:href="#sSpan3356" value="ⲁ"/>
		<feat xlink:href="#sSpan3363" value="ϥ"/>
		<feat xlink:href="#sSpan3365" value="ⲧⲣⲉ"/>
		<feat xlink:href="#sSpan3368" value="ⲡ"/>
		<feat xlink:href="#sSpan3371" value="ⲕⲁϩ"/>
		<feat xlink:href="#sSpan3373" value="ⲧⲃⲃⲟ"/>
		<feat xlink:href="#sSpan3377" value="ⲉⲃⲟⲗ"/>
		<feat xlink:href="#sSpan3382" value="ϩⲙ"/>
		<feat xlink:href="#sSpan3386" value="ⲡ"/>
		<feat xlink:href="#sSpan3389" value="ϫⲱϩⲙ"/>
		<feat xlink:href="#sSpan3391" value="ⲉⲧ"/>
		<feat xlink:href="#sSpan3396" value="ϩⲓϫⲱ"/>
		<feat xlink:href="#sSpan3398" value="ϥ"/>
		<feat xlink:href="#sSpan3400" value="."/>
		<feat xlink:href="#sSpan3405" value="ⲁⲓⲧⲓ"/>
		<feat xlink:href="#sSpan3413" value="ⲟⲛ"/>
		<feat xlink:href="#sSpan3418" value="ⲁ"/>
		<feat xlink:href="#sSpan3422" value="ϥ"/>
		<feat xlink:href="#sSpan3424" value="ⲃⲱⲕ"/>
		<feat xlink:href="#sSpan3427" value="ⲉ"/>
		<feat xlink:href="#sSpan3431" value="ⲡ"/>
		<feat xlink:href="#sSpan3433" value="ⲉⲥⲏⲧ"/>
		<feat xlink:href="#sSpan3436" value="ⲉ"/>
		<feat xlink:href="#sSpan3440" value="ⲁⲙⲛⲧⲉ"/>
		<feat xlink:href="#sSpan3443" value="ⲁ"/>
		<feat xlink:href="#sSpan3447" value="ϥ"/>
		<feat xlink:href="#sSpan3449" value="ϣⲱⲗ"/>
		<feat xlink:href="#sSpan3452" value="ⲙⲙⲟ"/>
		<feat xlink:href="#sSpan3456" value="ϥ"/>
		<feat xlink:href="#sSpan3458" value="."/>
		<feat xlink:href="#sSpan3462" value="ⲁ"/>
		<feat xlink:href="#sSpan3469" value="ϥ"/>
		<feat xlink:href="#sSpan3471" value="ⲃⲱⲗ"/>
		<feat xlink:href="#sSpan3478" value="ⲉⲃⲟⲗ"/>
		<feat xlink:href="#sSpan3482" value="ⲛ"/>
		<feat xlink:href="#sSpan3486" value="ⲛⲉ"/>
		<feat xlink:href="#sSpan3490" value="ⲯⲩⲭⲏ"/>
		<feat xlink:href="#sSpan3493" value="ⲉⲧ"/>
		<feat xlink:href="#sSpan3497" value="ⲟⲧⲡ"/>
		<feat xlink:href="#sSpan3499" value="ⲉϩⲟⲩⲛ"/>
		<feat xlink:href="#sSpan3503" value="ⲉ"/>
		<feat xlink:href="#sSpan3508" value="ⲛ"/>
		<feat xlink:href="#sSpan3512" value="ⲧⲁⲙⲓⲉⲓⲟⲛ"/>
		<feat xlink:href="#sSpan3514" value="ⲛ"/>
		<feat xlink:href="#sSpan3518" value="ⲕⲁⲕⲉ"/>
		<feat xlink:href="#sSpan3521" value="ⲁ"/>
		<feat xlink:href="#sSpan3526" value="ϥ"/>
		<feat xlink:href="#sSpan3528" value="ⲁⲁ"/>
		<feat xlink:href="#sSpan3530" value="ⲩ"/>
		<feat xlink:href="#sSpan3532" value="ⲛ"/>
		<feat xlink:href="#sSpan3537" value="ⲣⲙϩⲉ"/>
		<feat xlink:href="#sSpan3541" value="."/>
		<feat xlink:href="#sSpan3545" value="ⲛⲧⲟϥ"/>
		<feat xlink:href="#sSpan3555" value="ⲅⲁⲣ"/>
		<feat xlink:href="#sSpan3559" value="ⲁ"/>
		<feat xlink:href="#sSpan3563" value="ϥ"/>
		<feat xlink:href="#sSpan3565" value="ⲉⲣⲏⲧ"/>
		<feat xlink:href="#sSpan3567" value="ⲛⲁ"/>
		<feat xlink:href="#sSpan3572" value="ⲛ"/>
		<feat xlink:href="#sSpan3574" value="ϩⲛ"/>
		<feat xlink:href="#sSpan3578" value="ⲧⲉϥ"/>
		<feat xlink:href="#sSpan3581" value="ⲧⲁⲡⲣⲟ"/>
		<feat xlink:href="#sSpan3583" value="ⲙ"/>
		<feat xlink:href="#sSpan3588" value="ⲙⲉ"/>
		<feat xlink:href="#sSpan3590" value="."/>
		<feat xlink:href="#sSpan3594" value="ⲧⲁⲓ"/>
		<feat xlink:href="#sSpan3599" value="ⲉⲧ"/>
		<feat xlink:href="#sSpan3603" value="ⲙⲡⲉ"/>
		<feat xlink:href="#sSpan3605" value="ϭⲟⲗ"/>
		<feat xlink:href="#sSpan3609" value="ⲉⲓ"/>
		<feat xlink:href="#sSpan3614" value="ⲉⲃⲟⲗ"/>
		<feat xlink:href="#sSpan3618" value="ⲛϩⲏⲧ"/>
		<feat xlink:href="#sSpan3622" value="ⲥ"/>
		<feat xlink:href="#sSpan3624" value="ⲉⲛⲉϩ"/>
		<feat xlink:href="#sSpan3629" value="ϫⲉ"/>
		<feat xlink:href="#sSpan3637" value="ϩⲟⲧⲁⲛ"/>
		<feat xlink:href="#sSpan3639" value="ⲉⲩϣⲁⲛ"/>
		<feat xlink:href="#sSpan3644" value="ϫⲁⲥ"/>
		<feat xlink:href="#sSpan3646" value="ⲧ"/>
		<feat xlink:href="#sSpan3648" value="ⲉⲃⲟⲗ"/>
		<feat xlink:href="#sSpan3652" value="ϩⲓϫⲙ"/>
		<feat xlink:href="#sSpan3657" value="ⲡ"/>
		<feat xlink:href="#sSpan3660" value="ⲕⲁϩ"/>
		<feat xlink:href="#sSpan3662" value="ϯ"/>
		<feat xlink:href="#sSpan3666" value="ⲛⲁ"/>
		<feat xlink:href="#sSpan3668" value="ⲥⲉⲕ"/>
		<feat xlink:href="#sSpan3670" value="ⲟⲩⲟⲛ"/>
		<feat xlink:href="#sSpan3675" value="ⲛⲓⲙ"/>
		<feat xlink:href="#sSpan3679" value="ϣⲁⲣⲟ"/>
		<feat xlink:href="#sSpan3683" value="ⲓ"/>
		<feat xlink:href="#sSpan3685" value="ϩⲛ"/>
		<feat xlink:href="#sSpan3690" value="ⲧ"/>
		<feat xlink:href="#sSpan3693" value="ⲙⲣⲣⲉ"/>
		<feat xlink:href="#sSpan3695" value="ⲛ"/>
		<feat xlink:href="#sSpan3699" value="ⲧⲁ"/>
		<feat xlink:href="#sSpan3703" value="ⲁⲅⲁⲡⲏ"/>
		<feat xlink:href="#sSpan3706" value="."/>
		<feat xlink:href="#sSpan3710" value="ⲁϣ"/>
		<feat xlink:href="#sSpan3714" value="ϭⲉ"/>
		<feat xlink:href="#sSpan3718" value="ⲧⲉ"/>
		<feat xlink:href="#sSpan3722" value="ⲧ"/>
		<feat xlink:href="#sSpan3727" value="ⲛⲟϭ"/>
		<feat xlink:href="#sSpan3729" value="ⲛ"/>
		<feat xlink:href="#sSpan3735" value="ⲁⲅⲁⲡⲏ"/>
		<feat xlink:href="#sSpan3737" value="."/>
		<feat xlink:href="#sSpan3741" value="ⲛ"/>
		<feat xlink:href="#sSpan3748" value="ⲧ"/>
		<feat xlink:href="#sSpan3750" value="ϩⲉ"/>
		<feat xlink:href="#sSpan3752" value="ⲛ"/>
		<feat xlink:href="#sSpan3756" value="ⲧⲁⲓ"/>
		<feat xlink:href="#sSpan3759" value="ⲛⲧⲉⲣⲉ"/>
		<feat xlink:href="#sSpan3764" value="ϥ"/>
		<feat xlink:href="#sSpan3766" value="ⲁⲗⲉ"/>
		<feat xlink:href="#sSpan3768" value="ⲉϫⲛ"/>
		<feat xlink:href="#sSpan3772" value="ⲟⲩ"/>
		<feat xlink:href="#sSpan3775" value="ϣⲉ"/>
		<feat xlink:href="#sSpan3778" value="ⲛ"/>
		<feat xlink:href="#sSpan3783" value="ⲥⲧⲁⲩⲣⲟⲥ"/>
		<feat xlink:href="#sSpan3786" value="."/>
		<feat xlink:href="#sSpan3790" value="ⲛ"/>
		<feat xlink:href="#sSpan3794" value="ϥ"/>
		<feat xlink:href="#sSpan3796" value="ⲥⲟⲛϩ"/>
		<feat xlink:href="#sSpan3798" value="ϥ"/>
		<feat xlink:href="#sSpan3800" value="ⲙⲁⲩⲁⲁ"/>
		<feat xlink:href="#sSpan3805" value="ϥ"/>
		<feat xlink:href="#sSpan3807" value="."/>
		<feat xlink:href="#sSpan3811" value="ⲉⲛⲉ"/>
		<feat xlink:href="#sSpan3818" value="ⲙ"/>
		<feat xlink:href="#sSpan3820" value="ⲡⲉϥ"/>
		<feat xlink:href="#sSpan3824" value="ⲟⲩⲱϣ"/>
		<feat xlink:href="#sSpan3827" value="ⲅⲁⲣ"/>
		<feat xlink:href="#sSpan3831" value="ⲁⲛ"/>
		<feat xlink:href="#sSpan3835" value="ⲡⲉ"/>
		<feat xlink:href="#sSpan3840" value="."/>
		<feat xlink:href="#sSpan3844" value="ⲛⲓⲙ"/>
		<feat xlink:href="#sSpan3848" value="ⲡ"/>
		<feat xlink:href="#sSpan3852" value="ⲉⲧ"/>
		<feat xlink:href="#sSpan3854" value="ⲛⲁ"/>
		<feat xlink:href="#sSpan3856" value="ϣ"/>
		<feat xlink:href="#sSpan3859" value="ⲁⲙⲁϩⲧⲉ"/>
		<feat xlink:href="#sSpan3861" value="ⲙⲙⲟ"/>
		<feat xlink:href="#sSpan3865" value="ϥ"/>
		<feat xlink:href="#sSpan3867" value="."/>
		<feat xlink:href="#sSpan3871" value="ⲛⲓⲙ"/>
		<feat xlink:href="#sSpan3880" value="ⲅⲁⲣ"/>
		<feat xlink:href="#sSpan3884" value="ⲡ"/>
		<feat xlink:href="#sSpan3888" value="ⲉⲧ"/>
		<feat xlink:href="#sSpan3890" value="ⲛⲁ"/>
		<feat xlink:href="#sSpan3892" value="ϣ"/>
		<feat xlink:href="#sSpan3895" value="ⲁⲙⲁϩⲧⲉ"/>
		<feat xlink:href="#sSpan3898" value="ⲙ"/>
		<feat xlink:href="#sSpan3902" value="ⲡ"/>
		<feat xlink:href="#sSpan3905" value="ⲛⲟⲩⲧⲉ"/>
		<feat xlink:href="#sSpan3907" value="ⲉⲧ"/>
		<feat xlink:href="#sSpan3912" value="ⲟⲛϩ"/>
		<feat xlink:href="#sSpan3914" value="."/>
		<feat xlink:href="#sSpan3918" value="ⲙ"/>
		<feat xlink:href="#sSpan3925" value="ⲡ"/>
		<feat xlink:href="#sSpan3928" value="ⲛⲁⲩ"/>
		<feat xlink:href="#sSpan3931" value="ⲅⲁⲣ"/>
		<feat xlink:href="#sSpan3936" value="ⲛⲧ"/>
		<feat xlink:href="#sSpan3940" value="ⲁ"/>
		<feat xlink:href="#sSpan3942" value="ⲩ"/>
		<feat xlink:href="#sSpan3944" value="ϭⲟⲡ"/>
		<feat xlink:href="#sSpan3946" value="ϥ"/>
		<feat xlink:href="#sSpan3948" value="ⲛϭⲓ"/>
		<feat xlink:href="#sSpan3952" value="ⲛ"/>
		<feat xlink:href="#sSpan3957" value="ⲁⲧⲛⲟⲩⲧⲉ"/>
		<feat xlink:href="#sSpan3960" value="ⲛ"/>
		<feat xlink:href="#sSpan3965" value="ⲓⲟⲩⲇⲁⲓ"/>
		<feat xlink:href="#sSpan3968" value="ⲁ"/>
		<feat xlink:href="#sSpan3973" value="ϥ"/>
		<feat xlink:href="#sSpan3975" value="ϫⲛⲟⲩ"/>
		<feat xlink:href="#sSpan3977" value="ⲟⲩ"/>
		<feat xlink:href="#sSpan3979" value="ϩⲛ"/>
		<feat xlink:href="#sSpan3983" value="ⲟⲩ"/>
		<feat xlink:href="#sSpan3986" value="ⲛⲟϭ"/>
		<feat xlink:href="#sSpan3989" value="ⲙ"/>
		<feat xlink:href="#sSpan3994" value="ⲙⲛⲧϣⲁⲛϩⲧⲏϥ"/>
		<feat xlink:href="#sSpan4001" value="."/>
		<feat xlink:href="#sSpan4005" value="ϫⲉ"/>
		<feat xlink:href="#sSpan4012" value="ⲉ"/>
		<feat xlink:href="#sSpan4014" value="ⲧⲉⲧⲛ"/>
		<feat xlink:href="#sSpan4016" value="ϣⲓⲛⲉ"/>
		<feat xlink:href="#sSpan4020" value="ⲛⲥⲁ"/>
		<feat xlink:href="#sSpan4024" value="ⲛⲓⲙ"/>
		<feat xlink:href="#sSpan4026" value="ⲙⲛ"/>
		<feat xlink:href="#sSpan4030" value="ⲛⲉⲓ"/>
		<feat xlink:href="#sSpan4034" value="ⲥⲏϥⲉ"/>
		<feat xlink:href="#sSpan4036" value="ⲙⲛ"/>
		<feat xlink:href="#sSpan4040" value="ⲛⲓ"/>
		<feat xlink:href="#sSpan4043" value="ϭⲉ"/>
		<feat xlink:href="#sSpan4045" value="ⲣⲱⲃ"/>
		<feat xlink:href="#sSpan4048" value="."/>
		<feat xlink:href="#sSpan4052" value="ⲁ"/>
		<feat xlink:href="#sSpan4059" value="ⲩ"/>
		<feat xlink:href="#sSpan4061" value="ⲟⲩⲱϣⲃ"/>
		<feat xlink:href="#sSpan4064" value="ϩⲛ"/>
		<feat xlink:href="#sSpan4068" value="ⲧⲉⲩ"/>
		<feat xlink:href="#sSpan4072" value="ⲙⲛⲧⲁⲧⲥⲟⲟⲩⲛ"/>
		<feat xlink:href="#sSpan4077" value="ⲙⲛ"/>
		<feat xlink:href="#sSpan4081" value="ⲧⲉⲩ"/>
		<feat xlink:href="#sSpan4086" value="ⲙⲛⲧϫⲁⲥⲓϩⲏⲧ"/>
		<feat xlink:href="#sSpan4090" value="."/>
		<feat xlink:href="#sSpan4094" value="ⲙⲛ"/>
		<feat xlink:href="#sSpan4100" value="ⲧⲉⲩ"/>
		<feat xlink:href="#sSpan4104" value="ⲙⲛⲧⲁⲩⲑⲁⲇⲏⲥ"/>
		<feat xlink:href="#sSpan4109" value="ⲉ"/>
		<feat xlink:href="#sSpan4113" value="ⲩ"/>
		<feat xlink:href="#sSpan4115" value="ϫⲱ"/>
		<feat xlink:href="#sSpan4117" value="ⲙⲙⲟ"/>
		<feat xlink:href="#sSpan4122" value="ⲥ"/>
		<feat xlink:href="#sSpan4124" value="."/>
		<feat xlink:href="#sSpan4128" value="ϫⲉ"/>
		<feat xlink:href="#sSpan4135" value="ⲉ"/>
		<feat xlink:href="#sSpan4137" value="ⲛ"/>
		<feat xlink:href="#sSpan4139" value="ϣⲓⲛⲉ"/>
		<feat xlink:href="#sSpan4143" value="ⲛⲥⲁ"/>
		<feat xlink:href="#sSpan4148" value="ⲓⲏⲥⲟⲩⲥ"/>
		<feat xlink:href="#sSpan4151" value="ⲡ"/>
		<feat xlink:href="#sSpan4156" value="ⲛⲁⲍⲱⲣⲁⲓⲟⲥ"/>
		<feat xlink:href="#sSpan4159" value="."/>
		<feat xlink:href="#sSpan4163" value="ⲁ"/>
		<feat xlink:href="#sSpan4170" value="ϥ"/>
		<feat xlink:href="#sSpan4172" value="ⲟⲩⲱϣⲃ"/>
		<feat xlink:href="#sSpan4175" value="ⲉ"/>
		<feat xlink:href="#sSpan4179" value="ϥ"/>
		<feat xlink:href="#sSpan4181" value="ϫⲱ"/>
		<feat xlink:href="#sSpan4183" value="ⲙⲙⲟ"/>
		<feat xlink:href="#sSpan4187" value="ⲥ"/>
		<feat xlink:href="#sSpan4189" value="ϫⲉ"/>
		<feat xlink:href="#sSpan4194" value="ⲁⲛⲟⲕ"/>
		<feat xlink:href="#sSpan4196" value="ⲡⲉ"/>
		<feat xlink:href="#sSpan4200" value="."/>
		<feat xlink:href="#sSpan4204" value="ⲁ"/>
		<feat xlink:href="#sSpan4211" value="ⲛ"/>
		<feat xlink:href="#sSpan4215" value="ⲁⲕⲧⲓⲛ"/>
		<feat xlink:href="#sSpan4218" value="ⲙ"/>
		<feat xlink:href="#sSpan4222" value="ⲡ"/>
		<feat xlink:href="#sSpan4225" value="ⲟⲩⲟⲉⲓⲛ"/>
		<feat xlink:href="#sSpan4227" value="ⲛ"/>
		<feat xlink:href="#sSpan4232" value="ⲧⲉϥ"/>
		<feat xlink:href="#sSpan4236" value="ⲙⲛⲧⲛⲟⲩⲧⲉ"/>
		<feat xlink:href="#sSpan4240" value="ⲣⲱϩⲧ"/>
		<feat xlink:href="#sSpan4244" value="ⲉϩⲟⲩⲛ"/>
		<feat xlink:href="#sSpan4248" value="ϩⲙ"/>
		<feat xlink:href="#sSpan4253" value="ⲡⲉⲩ"/>
		<feat xlink:href="#sSpan4256" value="ϩⲟ"/>
		<feat xlink:href="#sSpan4258" value="."/>
		<feat xlink:href="#sSpan4262" value="ⲁ"/>
		<feat xlink:href="#sSpan4266" value="ⲩ"/>
		<feat xlink:href="#sSpan4268" value="ϩⲉ"/>
		<feat xlink:href="#sSpan4271" value="ⲉ"/>
		<feat xlink:href="#sSpan4276" value="ⲡ"/>
		<feat xlink:href="#sSpan4278" value="ⲉⲥⲏⲧ"/>
		<feat xlink:href="#sSpan4280" value="."/>
		<feat xlink:href="#sSpan4285" value="ϩⲟⲙⲟⲓⲱⲥ"/>
		<feat xlink:href="#sSpan4293" value="ⲟⲛ"/>
		<feat xlink:href="#sSpan4297" value="ⲁ"/>
		<feat xlink:href="#sSpan4301" value="ϥ"/>
		<feat xlink:href="#sSpan4303" value="ⲧⲟⲩⲛⲟⲥ"/>
		<feat xlink:href="#sSpan4306" value="ⲟⲩ"/>
		<feat xlink:href="#sSpan4308" value="ϩⲛ"/>
		<feat xlink:href="#sSpan4312" value="ⲧⲉϥ"/>
		<feat xlink:href="#sSpan4315" value="ⲛⲟϭ"/>
		<feat xlink:href="#sSpan4317" value="ⲙ"/>
		<feat xlink:href="#sSpan4323" value="ⲙⲛⲧϣⲁⲛϩⲧⲏϥ"/>
		<feat xlink:href="#sSpan4329" value="."/>
		<feat xlink:href="#sSpan4333" value="ϫⲉ"/>
		<feat xlink:href="#sSpan4338" value="ⲁⲣⲏⲩ"/>
		<feat xlink:href="#sSpan4340" value="ⲥⲉ"/>
		<feat xlink:href="#sSpan4344" value="ⲛⲁ"/>
		<feat xlink:href="#sSpan4347" value="ⲙⲉⲧⲁⲛⲟⲉⲓ"/>
		<feat xlink:href="#sSpan4350" value="."/>
		<feat xlink:href="#sSpan4354" value="ⲁ"/>
		<feat xlink:href="#sSpan4361" value="ⲩ"/>
		<feat xlink:href="#sSpan4363" value="ⲁⲙⲁϩⲧⲉ"/>
		<feat xlink:href="#sSpan4366" value="ⲛ"/>
		<feat xlink:href="#sSpan4370" value="ⲛⲉϥ"/>
		<feat xlink:href="#sSpan4374" value="ⲙⲁⲑⲏⲧⲏⲥ"/>
		<feat xlink:href="#sSpan4377" value="ϩⲛ"/>
		<feat xlink:href="#sSpan4381" value="ⲟⲩ"/>
		<feat xlink:href="#sSpan4385" value="ⲙⲛⲧⲁⲧⲥⲟⲟⲩⲛ"/>
		<feat xlink:href="#sSpan4390" value="."/>
		<feat xlink:href="#sSpan4394" value="ⲛⲁⲓ"/>
		<feat xlink:href="#sSpan4404" value="ϭⲉ"/>
		<feat xlink:href="#sSpan4408" value="ⲧⲏⲣ"/>
		<feat xlink:href="#sSpan4412" value="ⲟⲩ"/>
		<feat xlink:href="#sSpan4414" value="ⲉ"/>
		<feat xlink:href="#sSpan4418" value="ϥ"/>
		<feat xlink:href="#sSpan4420" value="ⲉⲓⲣⲉ"/>
		<feat xlink:href="#sSpan4423" value="ⲙⲙⲟ"/>
		<feat xlink:href="#sSpan4427" value="ⲟⲩ"/>
		<feat xlink:href="#sSpan4429" value="ⲛϭⲓ"/>
		<feat xlink:href="#sSpan4434" value="ⲡ"/>
		<feat xlink:href="#sSpan4437" value="ⲛⲟⲩⲧⲉ"/>
		<feat xlink:href="#sSpan4439" value="."/>
		<feat xlink:href="#sSpan4443" value="ⲉ"/>
		<feat xlink:href="#sSpan4447" value="ϥ"/>
		<feat xlink:href="#sSpan4449" value="ⲟⲩⲱϣ"/>
		<feat xlink:href="#sSpan4452" value="ⲉ"/>
		<feat xlink:href="#sSpan4456" value="ⲧⲣⲉ"/>
		<feat xlink:href="#sSpan4458" value="ⲣⲱⲙⲉ"/>
		<feat xlink:href="#sSpan4462" value="ⲛⲓⲙ"/>
		<feat xlink:href="#sSpan4466" value="ⲟⲩϫⲁⲓ"/>
		<feat xlink:href="#sSpan4470" value="."/>
		<feat xlink:href="#sSpan4474" value="ⲙⲙⲟⲛ"/>
		<feat xlink:href="#sSpan4482" value="ⲙ"/>
		<feat xlink:href="#sSpan4486" value="ⲡ"/>
		<feat xlink:href="#sSpan4489" value="ⲛⲁⲩ"/>
		<feat xlink:href="#sSpan4491" value="ⲉⲧ"/>
		<feat xlink:href="#sSpan4496" value="ⲙⲙⲁⲩ"/>
		<feat xlink:href="#sSpan4498" value="."/>
		<feat xlink:href="#sSpan4502" value="ϥ"/>
		<feat xlink:href="#sSpan4506" value="ⲛⲁ"/>
		<feat xlink:href="#sSpan4508" value="ⲧⲣⲉ"/>
		<feat xlink:href="#sSpan4511" value="ⲡ"/>
		<feat xlink:href="#sSpan4514" value="ⲕⲁϩ"/>
		<feat xlink:href="#sSpan4516" value="ⲟⲩⲱ"/>
		<feat xlink:href="#sSpan4521" value="ⲛ"/>
		<feat xlink:href="#sSpan4523" value="ⲉⲣⲱ"/>
		<feat xlink:href="#sSpan4527" value="ϥ"/>
		<feat xlink:href="#sSpan4529" value="ⲛ"/>
		<feat xlink:href="#sSpan4534" value="ϥ"/>
		<feat xlink:href="#sSpan4536" value="ⲟⲙⲕ"/>
		<feat xlink:href="#sSpan4538" value="ⲟⲩ"/>
		<feat xlink:href="#sSpan4540" value="ⲉ"/>
		<feat xlink:href="#sSpan4544" value="ⲡ"/>
		<feat xlink:href="#sSpan4546" value="ⲉⲥⲏⲧ"/>
		<feat xlink:href="#sSpan4549" value="."/>
		<feat xlink:href="#sSpan4553" value="ⲉ"/>
		<feat xlink:href="#sSpan4557" value="ⲡⲉ"/>
		<feat xlink:href="#sSpan4561" value="ⲭⲁⲟⲥ"/>
		<feat xlink:href="#sSpan4563" value="."/>
		<feat xlink:href="#sSpan4567" value="ⲛ"/>
		<feat xlink:href="#sSpan4572" value="ϥ"/>
		<feat xlink:href="#sSpan4574" value="ⲧⲣⲉ"/>
		<feat xlink:href="#sSpan4576" value="ⲩ"/>
		<feat xlink:href="#sSpan4580" value="ⲃⲱⲕ"/>
		<feat xlink:href="#sSpan4583" value="ⲉ"/>
		<feat xlink:href="#sSpan4588" value="ⲡⲉ"/>
		<feat xlink:href="#sSpan4591" value="ⲥⲏⲧ"/>
		<feat xlink:href="#sSpan4595" value="ⲉ"/>
		<feat xlink:href="#sSpan4599" value="ⲡ"/>
		<feat xlink:href="#sSpan4602" value="ⲙⲁ"/>
		<feat xlink:href="#sSpan4605" value="ⲙ"/>
		<feat xlink:href="#sSpan4611" value="ⲡⲉⲩ"/>
		<feat xlink:href="#sSpan4614" value="ⲥⲟⲛ"/>
		<feat xlink:href="#sSpan4617" value="ⲛⲓⲛⲉⲩⲏ"/>
		<feat xlink:href="#sSpan4624" value="."/>
		<feat xlink:href="#sSpan4629" value="ⲏ"/>
		<feat xlink:href="#sSpan4636" value="ⲛⲉⲩ"/></featList></paula>