<?xml version='1.0' encoding='UTF-8'?><!DOCTYPE paula SYSTEM "paula_feat.dtd">
<paula version="1.1">
	<header paula_id="scriptorium.cross.michbr287-290.dep_func"/>
	<featList xmlns:xlink="http://www.w3.org/1999/xlink" type="func" xml:base="scriptorium.cross.michbr287-290.dep.xml">
		<feat xlink:href="#sPointingRel1" value="case"/>
		<feat xlink:href="#sPointingRel3" value="nsubj"/>
		<feat xlink:href="#sPointingRel5" value="obj"/>
		<feat xlink:href="#sPointingRel7" value="det"/>
		<feat xlink:href="#sPointingRel9" value="mark"/>
		<feat xlink:href="#sPointingRel11" value="obl"/>
		<feat xlink:href="#sPointingRel13" value="case"/>
		<feat xlink:href="#sPointingRel15" value="case"/>
		<feat xlink:href="#sPointingRel17" value="det"/>
		<feat xlink:href="#sPointingRel19" value="nsubj"/>
		<feat xlink:href="#sPointingRel21" value="advmod"/>
		<feat xlink:href="#sPointingRel23" value="advcl"/>
		<feat xlink:href="#sPointingRel25" value="advcl"/>
		<feat xlink:href="#sPointingRel27" value="cc"/>
		<feat xlink:href="#sPointingRel29" value="det"/>
		<feat xlink:href="#sPointingRel31" value="obl"/>
		<feat xlink:href="#sPointingRel33" value="det"/>
		<feat xlink:href="#sPointingRel35" value="aux"/>
		<feat xlink:href="#sPointingRel37" value="obl"/>
		<feat xlink:href="#sPointingRel39" value="appos"/>
		<feat xlink:href="#sPointingRel41" value="nmod"/>
		<feat xlink:href="#sPointingRel43" value="nsubj"/>
		<feat xlink:href="#sPointingRel45" value="obl"/>
		<feat xlink:href="#sPointingRel47" value="nsubj"/>
		<feat xlink:href="#sPointingRel49" value="aux"/>
		<feat xlink:href="#sPointingRel51" value="det"/>
		<feat xlink:href="#sPointingRel53" value="det"/>
		<feat xlink:href="#sPointingRel55" value="parataxis"/>
		<feat xlink:href="#sPointingRel57" value="discourse"/>
		<feat xlink:href="#sPointingRel59" value="case"/>
		<feat xlink:href="#sPointingRel61" value="det"/>
		<feat xlink:href="#sPointingRel63" value="aux"/>
		<feat xlink:href="#sPointingRel65" value="obl"/>
		<feat xlink:href="#sPointingRel67" value="nsubj"/>
		<feat xlink:href="#sPointingRel69" value="mark"/>
		<feat xlink:href="#sPointingRel71" value="mark"/>
		<feat xlink:href="#sPointingRel73" value="cc"/>
		<feat xlink:href="#sPointingRel75" value="mark"/>
		<feat xlink:href="#sPointingRel77" value="case"/>
		<feat xlink:href="#sPointingRel79" value="case"/>
		<feat xlink:href="#sPointingRel81" value="aux"/>
		<feat xlink:href="#sPointingRel83" value="obj"/>
		<feat xlink:href="#sPointingRel85" value="advmod"/>
		<feat xlink:href="#sPointingRel87" value="det"/>
		<feat xlink:href="#sPointingRel89" value="advcl"/>
		<feat xlink:href="#sPointingRel91" value="nmod"/>
		<feat xlink:href="#sPointingRel93" value="mark"/>
		<feat xlink:href="#sPointingRel95" value="obj"/>
		<feat xlink:href="#sPointingRel97" value="det"/>
		<feat xlink:href="#sPointingRel99" value="case"/>
		<feat xlink:href="#sPointingRel101" value="obl"/>
		<feat xlink:href="#sPointingRel103" value="advmod"/>
		<feat xlink:href="#sPointingRel105" value="case"/>
		<feat xlink:href="#sPointingRel107" value="cop"/>
		<feat xlink:href="#sPointingRel109" value="obj"/>
		<feat xlink:href="#sPointingRel111" value="obl"/>
		<feat xlink:href="#sPointingRel113" value="case"/>
		<feat xlink:href="#sPointingRel115" value="case"/>
		<feat xlink:href="#sPointingRel117" value="nsubj"/>
		<feat xlink:href="#sPointingRel119" value="det"/>
		<feat xlink:href="#sPointingRel121" value="parataxis"/>
		<feat xlink:href="#sPointingRel123" value="obl"/>
		<feat xlink:href="#sPointingRel125" value="cc"/>
		<feat xlink:href="#sPointingRel127" value="acl:relcl"/>
		<feat xlink:href="#sPointingRel129" value="nsubj"/>
		<feat xlink:href="#sPointingRel131" value="mark"/>
		<feat xlink:href="#sPointingRel133" value="fixed"/>
		<feat xlink:href="#sPointingRel135" value="det"/>
		<feat xlink:href="#sPointingRel137" value="case"/>
		<feat xlink:href="#sPointingRel139" value="det"/>
		<feat xlink:href="#sPointingRel141" value="appos"/>
		<feat xlink:href="#sPointingRel143" value="case"/>
		<feat xlink:href="#sPointingRel145" value="advmod"/>
		<feat xlink:href="#sPointingRel147" value="mark"/>
		<feat xlink:href="#sPointingRel149" value="mark"/>
		<feat xlink:href="#sPointingRel151" value="det"/>
		<feat xlink:href="#sPointingRel153" value="nsubj"/>
		<feat xlink:href="#sPointingRel155" value="case"/>
		<feat xlink:href="#sPointingRel157" value="aux"/>
		<feat xlink:href="#sPointingRel159" value="obj"/>
		<feat xlink:href="#sPointingRel161" value="advmod"/>
		<feat xlink:href="#sPointingRel163" value="advmod"/>
		<feat xlink:href="#sPointingRel165" value="nsubj"/>
		<feat xlink:href="#sPointingRel167" value="case"/>
		<feat xlink:href="#sPointingRel169" value="nummod"/>
		<feat xlink:href="#sPointingRel171" value="acl:relcl"/>
		<feat xlink:href="#sPointingRel173" value="nsubj"/>
		<feat xlink:href="#sPointingRel175" value="xcomp"/>
		<feat xlink:href="#sPointingRel177" value="advmod"/>
		<feat xlink:href="#sPointingRel179" value="mark"/>
		<feat xlink:href="#sPointingRel181" value="case"/>
		<feat xlink:href="#sPointingRel183" value="advmod"/>
		<feat xlink:href="#sPointingRel185" value="obl"/>
		<feat xlink:href="#sPointingRel187" value="obj"/>
		<feat xlink:href="#sPointingRel189" value="cop"/>
		<feat xlink:href="#sPointingRel191" value="nsubj"/>
		<feat xlink:href="#sPointingRel193" value="aux"/>
		<feat xlink:href="#sPointingRel195" value="det"/>
		<feat xlink:href="#sPointingRel197" value="advmod"/>
		<feat xlink:href="#sPointingRel199" value="parataxis"/>
		<feat xlink:href="#sPointingRel201" value="fixed"/>
		<feat xlink:href="#sPointingRel203" value="nsubj"/>
		<feat xlink:href="#sPointingRel205" value="advmod"/>
		<feat xlink:href="#sPointingRel207" value="obl"/>
		<feat xlink:href="#sPointingRel209" value="aux"/>
		<feat xlink:href="#sPointingRel211" value="obj"/>
		<feat xlink:href="#sPointingRel213" value="det"/>
		<feat xlink:href="#sPointingRel215" value="case"/>
		<feat xlink:href="#sPointingRel217" value="nsubj"/>
		<feat xlink:href="#sPointingRel219" value="nsubj"/>
		<feat xlink:href="#sPointingRel221" value="nsubj"/>
		<feat xlink:href="#sPointingRel223" value="obl"/>
		<feat xlink:href="#sPointingRel225" value="case"/>
		<feat xlink:href="#sPointingRel227" value="case"/>
		<feat xlink:href="#sPointingRel229" value="aux"/>
		<feat xlink:href="#sPointingRel231" value="obl"/>
		<feat xlink:href="#sPointingRel233" value="mark"/>
		<feat xlink:href="#sPointingRel235" value="case"/>
		<feat xlink:href="#sPointingRel237" value="nmod"/>
		<feat xlink:href="#sPointingRel239" value="obj"/>
		<feat xlink:href="#sPointingRel241" value="obl"/>
		<feat xlink:href="#sPointingRel243" value="det"/>
		<feat xlink:href="#sPointingRel245" value="nsubj"/>
		<feat xlink:href="#sPointingRel247" value="det"/>
		<feat xlink:href="#sPointingRel249" value="case"/>
		<feat xlink:href="#sPointingRel251" value="obj"/>
		<feat xlink:href="#sPointingRel253" value="det"/>
		<feat xlink:href="#sPointingRel255" value="cop"/>
		<feat xlink:href="#sPointingRel257" value="mark"/>
		<feat xlink:href="#sPointingRel259" value="cc"/>
		<feat xlink:href="#sPointingRel261" value="advmod"/>
		<feat xlink:href="#sPointingRel263" value="case"/>
		<feat xlink:href="#sPointingRel265" value="aux"/>
		<feat xlink:href="#sPointingRel267" value="cc"/>
		<feat xlink:href="#sPointingRel269" value="obl"/>
		<feat xlink:href="#sPointingRel271" value="acl:relcl"/>
		<feat xlink:href="#sPointingRel273" value="nsubj"/>
		<feat xlink:href="#sPointingRel275" value="det"/>
		<feat xlink:href="#sPointingRel277" value="det"/>
		<feat xlink:href="#sPointingRel279" value="obj"/>
		<feat xlink:href="#sPointingRel281" value="mark"/>
		<feat xlink:href="#sPointingRel283" value="case"/>
		<feat xlink:href="#sPointingRel285" value="case"/>
		<feat xlink:href="#sPointingRel287" value="nsubj"/>
		<feat xlink:href="#sPointingRel289" value="obl"/>
		<feat xlink:href="#sPointingRel291" value="det"/>
		<feat xlink:href="#sPointingRel293" value="advcl"/>
		<feat xlink:href="#sPointingRel295" value="case"/>
		<feat xlink:href="#sPointingRel297" value="advcl"/>
		<feat xlink:href="#sPointingRel299" value="case"/>
		<feat xlink:href="#sPointingRel301" value="aux"/>
		<feat xlink:href="#sPointingRel303" value="mark"/>
		<feat xlink:href="#sPointingRel305" value="obj"/>
		<feat xlink:href="#sPointingRel307" value="det"/>
		<feat xlink:href="#sPointingRel309" value="case"/>
		<feat xlink:href="#sPointingRel311" value="cop"/>
		<feat xlink:href="#sPointingRel313" value="conj"/>
		<feat xlink:href="#sPointingRel315" value="case"/>
		<feat xlink:href="#sPointingRel317" value="mark"/>
		<feat xlink:href="#sPointingRel319" value="nsubj"/>
		<feat xlink:href="#sPointingRel321" value="acl:relcl"/>
		<feat xlink:href="#sPointingRel323" value="obj"/>
		<feat xlink:href="#sPointingRel325" value="case"/>
		<feat xlink:href="#sPointingRel327" value="case"/>
		<feat xlink:href="#sPointingRel329" value="acl:relcl"/>
		<feat xlink:href="#sPointingRel331" value="det"/>
		<feat xlink:href="#sPointingRel333" value="case"/>
		<feat xlink:href="#sPointingRel335" value="obj"/>
		<feat xlink:href="#sPointingRel337" value="case"/>
		<feat xlink:href="#sPointingRel339" value="nsubj"/>
		<feat xlink:href="#sPointingRel341" value="det"/>
		<feat xlink:href="#sPointingRel343" value="xcomp"/>
		<feat xlink:href="#sPointingRel345" value="mark"/>
		<feat xlink:href="#sPointingRel347" value="cc"/>
		<feat xlink:href="#sPointingRel349" value="obl"/>
		<feat xlink:href="#sPointingRel351" value="advcl"/>
		<feat xlink:href="#sPointingRel353" value="nsubj"/>
		<feat xlink:href="#sPointingRel355" value="obj"/>
		<feat xlink:href="#sPointingRel357" value="case"/>
		<feat xlink:href="#sPointingRel359" value="det"/>
		<feat xlink:href="#sPointingRel361" value="nmod"/>
		<feat xlink:href="#sPointingRel363" value="case"/>
		<feat xlink:href="#sPointingRel365" value="case"/>
		<feat xlink:href="#sPointingRel367" value="advcl"/>
		<feat xlink:href="#sPointingRel369" value="conj"/>
		<feat xlink:href="#sPointingRel371" value="mark"/>
		<feat xlink:href="#sPointingRel373" value="mark"/>
		<feat xlink:href="#sPointingRel375" value="obl"/>
		<feat xlink:href="#sPointingRel377" value="nsubj"/>
		<feat xlink:href="#sPointingRel379" value="advcl"/>
		<feat xlink:href="#sPointingRel381" value="aux"/>
		<feat xlink:href="#sPointingRel383" value="det"/>
		<feat xlink:href="#sPointingRel385" value="advmod"/>
		<feat xlink:href="#sPointingRel387" value="case"/>
		<feat xlink:href="#sPointingRel389" value="obl"/>
		<feat xlink:href="#sPointingRel391" value="det"/>
		<feat xlink:href="#sPointingRel393" value="nsubj"/>
		<feat xlink:href="#sPointingRel395" value="aux"/>
		<feat xlink:href="#sPointingRel397" value="det"/>
		<feat xlink:href="#sPointingRel399" value="advmod"/>
		<feat xlink:href="#sPointingRel401" value="case"/>
		<feat xlink:href="#sPointingRel403" value="case"/>
		<feat xlink:href="#sPointingRel405" value="case"/>
		<feat xlink:href="#sPointingRel407" value="case"/>
		<feat xlink:href="#sPointingRel409" value="obl"/>
		<feat xlink:href="#sPointingRel411" value="nsubj"/>
		<feat xlink:href="#sPointingRel413" value="advmod"/>
		<feat xlink:href="#sPointingRel415" value="nsubj"/>
		<feat xlink:href="#sPointingRel417" value="obj"/>
		<feat xlink:href="#sPointingRel419" value="det"/>
		<feat xlink:href="#sPointingRel421" value="mark"/>
		<feat xlink:href="#sPointingRel423" value="det"/>
		<feat xlink:href="#sPointingRel425" value="obj"/>
		<feat xlink:href="#sPointingRel427" value="ccomp"/>
		<feat xlink:href="#sPointingRel429" value="advmod"/>
		<feat xlink:href="#sPointingRel431" value="conj"/>
		<feat xlink:href="#sPointingRel433" value="obl"/>
		<feat xlink:href="#sPointingRel435" value="aux"/>
		<feat xlink:href="#sPointingRel437" value="mark"/>
		<feat xlink:href="#sPointingRel439" value="obl"/>
		<feat xlink:href="#sPointingRel441" value="det"/>
		<feat xlink:href="#sPointingRel443" value="obl"/>
		<feat xlink:href="#sPointingRel445" value="obl"/>
		<feat xlink:href="#sPointingRel447" value="obl"/>
		<feat xlink:href="#sPointingRel449" value="aux"/>
		<feat xlink:href="#sPointingRel451" value="case"/>
		<feat xlink:href="#sPointingRel453" value="cc"/>
		<feat xlink:href="#sPointingRel455" value="obl"/>
		<feat xlink:href="#sPointingRel457" value="case"/>
		<feat xlink:href="#sPointingRel459" value="case"/>
		<feat xlink:href="#sPointingRel461" value="obl"/>
		<feat xlink:href="#sPointingRel463" value="conj"/>
		<feat xlink:href="#sPointingRel465" value="aux"/>
		<feat xlink:href="#sPointingRel467" value="case"/>
		<feat xlink:href="#sPointingRel469" value="advmod"/>
		<feat xlink:href="#sPointingRel471" value="nmod"/>
		<feat xlink:href="#sPointingRel473" value="case"/>
		<feat xlink:href="#sPointingRel475" value="csubj"/>
		<feat xlink:href="#sPointingRel477" value="det"/>
		<feat xlink:href="#sPointingRel479" value="case"/>
		<feat xlink:href="#sPointingRel481" value="aux"/>
		<feat xlink:href="#sPointingRel483" value="det"/>
		<feat xlink:href="#sPointingRel485" value="det"/>
		<feat xlink:href="#sPointingRel487" value="det"/>
		<feat xlink:href="#sPointingRel489" value="aux"/>
		<feat xlink:href="#sPointingRel491" value="conj"/>
		<feat xlink:href="#sPointingRel493" value="nsubj"/>
		<feat xlink:href="#sPointingRel495" value="case"/>
		<feat xlink:href="#sPointingRel497" value="advmod"/>
		<feat xlink:href="#sPointingRel499" value="parataxis"/>
		<feat xlink:href="#sPointingRel501" value="cc"/>
		<feat xlink:href="#sPointingRel503" value="obj"/>
		<feat xlink:href="#sPointingRel505" value="aux"/>
		<feat xlink:href="#sPointingRel507" value="det"/>
		<feat xlink:href="#sPointingRel509" value="obl"/>
		<feat xlink:href="#sPointingRel511" value="advmod"/>
		<feat xlink:href="#sPointingRel513" value="mark"/>
		<feat xlink:href="#sPointingRel515" value="det"/>
		<feat xlink:href="#sPointingRel517" value="det"/>
		<feat xlink:href="#sPointingRel519" value="appos"/>
		<feat xlink:href="#sPointingRel521" value="det"/>
		<feat xlink:href="#sPointingRel523" value="case"/>
		<feat xlink:href="#sPointingRel525" value="det"/>
		<feat xlink:href="#sPointingRel527" value="mark"/>
		<feat xlink:href="#sPointingRel529" value="det"/>
		<feat xlink:href="#sPointingRel531" value="aux"/>
		<feat xlink:href="#sPointingRel533" value="nsubj"/>
		<feat xlink:href="#sPointingRel535" value="nsubj"/>
		<feat xlink:href="#sPointingRel537" value="case"/>
		<feat xlink:href="#sPointingRel539" value="aux"/>
		<feat xlink:href="#sPointingRel541" value="cc"/>
		<feat xlink:href="#sPointingRel543" value="advmod"/>
		<feat xlink:href="#sPointingRel545" value="det"/>
		<feat xlink:href="#sPointingRel547" value="det"/>
		<feat xlink:href="#sPointingRel549" value="ccomp"/>
		<feat xlink:href="#sPointingRel551" value="aux"/>
		<feat xlink:href="#sPointingRel553" value="det"/>
		<feat xlink:href="#sPointingRel555" value="case"/>
		<feat xlink:href="#sPointingRel557" value="case"/>
		<feat xlink:href="#sPointingRel559" value="mark"/>
		<feat xlink:href="#sPointingRel561" value="obl"/>
		<feat xlink:href="#sPointingRel563" value="cop"/>
		<feat xlink:href="#sPointingRel565" value="case"/>
		<feat xlink:href="#sPointingRel567" value="cc"/>
		<feat xlink:href="#sPointingRel569" value="det"/>
		<feat xlink:href="#sPointingRel571" value="nsubj"/>
		<feat xlink:href="#sPointingRel573" value="nmod"/>
		<feat xlink:href="#sPointingRel575" value="mark"/>
		<feat xlink:href="#sPointingRel577" value="obl"/>
		<feat xlink:href="#sPointingRel579" value="aux"/>
		<feat xlink:href="#sPointingRel581" value="nsubj"/>
		<feat xlink:href="#sPointingRel583" value="case"/>
		<feat xlink:href="#sPointingRel585" value="nsubj"/>
		<feat xlink:href="#sPointingRel587" value="advmod"/>
		<feat xlink:href="#sPointingRel589" value="aux"/>
		<feat xlink:href="#sPointingRel591" value="advmod"/>
		<feat xlink:href="#sPointingRel593" value="case"/>
		<feat xlink:href="#sPointingRel595" value="nsubj"/>
		<feat xlink:href="#sPointingRel597" value="nsubj"/>
		<feat xlink:href="#sPointingRel599" value="obl"/>
		<feat xlink:href="#sPointingRel601" value="appos"/>
		<feat xlink:href="#sPointingRel603" value="case"/>
		<feat xlink:href="#sPointingRel605" value="obj"/>
		<feat xlink:href="#sPointingRel607" value="obl"/>
		<feat xlink:href="#sPointingRel609" value="nsubj"/>
		<feat xlink:href="#sPointingRel611" value="det"/>
		<feat xlink:href="#sPointingRel613" value="case"/>
		<feat xlink:href="#sPointingRel615" value="conj"/>
		<feat xlink:href="#sPointingRel617" value="advcl"/>
		<feat xlink:href="#sPointingRel619" value="advmod"/>
		<feat xlink:href="#sPointingRel621" value="nsubj"/>
		<feat xlink:href="#sPointingRel623" value="case"/>
		<feat xlink:href="#sPointingRel625" value="xcomp"/>
		<feat xlink:href="#sPointingRel627" value="obj"/>
		<feat xlink:href="#sPointingRel629" value="det"/>
		<feat xlink:href="#sPointingRel631" value="obj"/>
		<feat xlink:href="#sPointingRel633" value="obj"/>
		<feat xlink:href="#sPointingRel635" value="case"/>
		<feat xlink:href="#sPointingRel637" value="det"/>
		<feat xlink:href="#sPointingRel639" value="parataxis"/>
		<feat xlink:href="#sPointingRel641" value="aux"/>
		<feat xlink:href="#sPointingRel643" value="aux"/>
		<feat xlink:href="#sPointingRel645" value="obj"/>
		<feat xlink:href="#sPointingRel647" value="det"/>
		<feat xlink:href="#sPointingRel649" value="advmod"/>
		<feat xlink:href="#sPointingRel651" value="det"/>
		<feat xlink:href="#sPointingRel653" value="advmod"/>
		<feat xlink:href="#sPointingRel655" value="case"/>
		<feat xlink:href="#sPointingRel657" value="aux"/>
		<feat xlink:href="#sPointingRel659" value="aux"/>
		<feat xlink:href="#sPointingRel661" value="case"/>
		<feat xlink:href="#sPointingRel663" value="nsubj"/>
		<feat xlink:href="#sPointingRel665" value="case"/>
		<feat xlink:href="#sPointingRel667" value="nsubj"/>
		<feat xlink:href="#sPointingRel669" value="aux"/>
		<feat xlink:href="#sPointingRel671" value="nsubj"/>
		<feat xlink:href="#sPointingRel673" value="det"/>
		<feat xlink:href="#sPointingRel675" value="case"/>
		<feat xlink:href="#sPointingRel677" value="dislocated"/>
		<feat xlink:href="#sPointingRel679" value="det"/>
		<feat xlink:href="#sPointingRel681" value="obj"/>
		<feat xlink:href="#sPointingRel683" value="appos"/>
		<feat xlink:href="#sPointingRel685" value="det"/>
		<feat xlink:href="#sPointingRel687" value="cc"/>
		<feat xlink:href="#sPointingRel689" value="mark"/>
		<feat xlink:href="#sPointingRel691" value="ccomp"/>
		<feat xlink:href="#sPointingRel693" value="mark"/>
		<feat xlink:href="#sPointingRel695" value="advcl"/>
		<feat xlink:href="#sPointingRel697" value="cc"/>
		<feat xlink:href="#sPointingRel699" value="det"/>
		<feat xlink:href="#sPointingRel701" value="det"/>
		<feat xlink:href="#sPointingRel703" value="obl"/>
		<feat xlink:href="#sPointingRel705" value="case"/>
		<feat xlink:href="#sPointingRel707" value="obl"/>
		<feat xlink:href="#sPointingRel709" value="mark"/>
		<feat xlink:href="#sPointingRel711" value="cc"/>
		<feat xlink:href="#sPointingRel713" value="nsubj"/>
		<feat xlink:href="#sPointingRel715" value="aux"/>
		<feat xlink:href="#sPointingRel717" value="det"/>
		<feat xlink:href="#sPointingRel719" value="dislocated"/>
		<feat xlink:href="#sPointingRel721" value="det"/>
		<feat xlink:href="#sPointingRel723" value="vocative"/>
		<feat xlink:href="#sPointingRel725" value="det"/>
		<feat xlink:href="#sPointingRel727" value="mark"/>
		<feat xlink:href="#sPointingRel729" value="case"/>
		<feat xlink:href="#sPointingRel731" value="cop"/>
		<feat xlink:href="#sPointingRel733" value="dislocated"/>
		<feat xlink:href="#sPointingRel735" value="obl"/>
		<feat xlink:href="#sPointingRel737" value="obj"/>
		<feat xlink:href="#sPointingRel739" value="nsubj"/>
		<feat xlink:href="#sPointingRel741" value="case"/>
		<feat xlink:href="#sPointingRel743" value="case"/>
		<feat xlink:href="#sPointingRel745" value="advmod"/>
		<feat xlink:href="#sPointingRel747" value="aux"/>
		<feat xlink:href="#sPointingRel749" value="aux"/>
		<feat xlink:href="#sPointingRel751" value="case"/>
		<feat xlink:href="#sPointingRel753" value="obl"/>
		<feat xlink:href="#sPointingRel755" value="aux"/>
		<feat xlink:href="#sPointingRel757" value="acl:relcl"/>
		<feat xlink:href="#sPointingRel759" value="advmod"/>
		<feat xlink:href="#sPointingRel761" value="obl"/>
		<feat xlink:href="#sPointingRel763" value="det"/>
		<feat xlink:href="#sPointingRel765" value="obj"/>
		<feat xlink:href="#sPointingRel767" value="acl:relcl"/>
		<feat xlink:href="#sPointingRel769" value="aux"/>
		<feat xlink:href="#sPointingRel771" value="case"/>
		<feat xlink:href="#sPointingRel773" value="obl"/>
		<feat xlink:href="#sPointingRel775" value="nsubj"/>
		<feat xlink:href="#sPointingRel777" value="conj"/>
		<feat xlink:href="#sPointingRel779" value="aux"/>
		<feat xlink:href="#sPointingRel781" value="nsubj"/>
		<feat xlink:href="#sPointingRel783" value="det"/>
		<feat xlink:href="#sPointingRel785" value="det"/>
		<feat xlink:href="#sPointingRel787" value="obl"/>
		<feat xlink:href="#sPointingRel789" value="obl"/>
		<feat xlink:href="#sPointingRel791" value="nsubj"/>
		<feat xlink:href="#sPointingRel793" value="nsubj"/>
		<feat xlink:href="#sPointingRel795" value="nmod"/>
		<feat xlink:href="#sPointingRel797" value="case"/>
		<feat xlink:href="#sPointingRel799" value="case"/>
		<feat xlink:href="#sPointingRel801" value="advmod"/>
		<feat xlink:href="#sPointingRel803" value="det"/>
		<feat xlink:href="#sPointingRel805" value="nsubj"/>
		<feat xlink:href="#sPointingRel807" value="obj"/>
		<feat xlink:href="#sPointingRel809" value="nsubj"/>
		<feat xlink:href="#sPointingRel811" value="det"/>
		<feat xlink:href="#sPointingRel813" value="advmod"/>
		<feat xlink:href="#sPointingRel815" value="nmod"/>
		<feat xlink:href="#sPointingRel817" value="case"/>
		<feat xlink:href="#sPointingRel819" value="advcl"/>
		<feat xlink:href="#sPointingRel821" value="obl"/>
		<feat xlink:href="#sPointingRel823" value="nsubj"/>
		<feat xlink:href="#sPointingRel825" value="advmod"/>
		<feat xlink:href="#sPointingRel827" value="obl"/>
		<feat xlink:href="#sPointingRel829" value="det"/>
		<feat xlink:href="#sPointingRel831" value="case"/>
		<feat xlink:href="#sPointingRel833" value="aux"/>
		<feat xlink:href="#sPointingRel835" value="obl"/>
		<feat xlink:href="#sPointingRel837" value="mark"/>
		<feat xlink:href="#sPointingRel839" value="obj"/>
		<feat xlink:href="#sPointingRel841" value="case"/>
		<feat xlink:href="#sPointingRel843" value="dislocated"/>
		<feat xlink:href="#sPointingRel845" value="xcomp"/>
		<feat xlink:href="#sPointingRel847" value="advmod"/>
		<feat xlink:href="#sPointingRel849" value="det"/>
		<feat xlink:href="#sPointingRel851" value="det"/>
		<feat xlink:href="#sPointingRel853" value="mark"/>
		<feat xlink:href="#sPointingRel855" value="case"/>
		<feat xlink:href="#sPointingRel857" value="aux"/>
		<feat xlink:href="#sPointingRel859" value="case"/>
		<feat xlink:href="#sPointingRel861" value="case"/>
		<feat xlink:href="#sPointingRel863" value="nmod"/>
		<feat xlink:href="#sPointingRel865" value="advmod"/>
		<feat xlink:href="#sPointingRel867" value="acl:relcl"/>
		<feat xlink:href="#sPointingRel869" value="obj"/>
		<feat xlink:href="#sPointingRel871" value="nsubj"/>
		<feat xlink:href="#sPointingRel873" value="case"/>
		<feat xlink:href="#sPointingRel875" value="case"/>
		<feat xlink:href="#sPointingRel877" value="fixed"/>
		<feat xlink:href="#sPointingRel879" value="mark"/>
		<feat xlink:href="#sPointingRel881" value="det"/>
		<feat xlink:href="#sPointingRel883" value="case"/>
		<feat xlink:href="#sPointingRel885" value="det"/>
		<feat xlink:href="#sPointingRel887" value="obj"/>
		<feat xlink:href="#sPointingRel889" value="obl"/>
		<feat xlink:href="#sPointingRel891" value="obl"/>
		<feat xlink:href="#sPointingRel893" value="aux"/>
		<feat xlink:href="#sPointingRel895" value="case"/>
		<feat xlink:href="#sPointingRel897" value="mark"/>
		<feat xlink:href="#sPointingRel899" value="acl:relcl"/>
		<feat xlink:href="#sPointingRel901" value="conj"/>
		<feat xlink:href="#sPointingRel903" value="case"/>
		<feat xlink:href="#sPointingRel905" value="obj"/>
		<feat xlink:href="#sPointingRel907" value="nmod"/>
		<feat xlink:href="#sPointingRel909" value="obl"/>
		<feat xlink:href="#sPointingRel911" value="nmod"/>
		<feat xlink:href="#sPointingRel913" value="nsubj"/>
		<feat xlink:href="#sPointingRel915" value="case"/>
		<feat xlink:href="#sPointingRel917" value="nsubj"/>
		<feat xlink:href="#sPointingRel919" value="aux"/>
		<feat xlink:href="#sPointingRel921" value="acl:relcl"/>
		<feat xlink:href="#sPointingRel923" value="nsubj"/>
		<feat xlink:href="#sPointingRel925" value="obl"/>
		<feat xlink:href="#sPointingRel927" value="conj"/>
		<feat xlink:href="#sPointingRel929" value="nmod"/>
		<feat xlink:href="#sPointingRel931" value="obl"/>
		<feat xlink:href="#sPointingRel933" value="det"/>
		<feat xlink:href="#sPointingRel935" value="obl"/>
		<feat xlink:href="#sPointingRel937" value="obl"/>
		<feat xlink:href="#sPointingRel939" value="det"/>
		<feat xlink:href="#sPointingRel941" value="advmod"/>
		<feat xlink:href="#sPointingRel943" value="det"/>
		<feat xlink:href="#sPointingRel945" value="nsubj"/>
		<feat xlink:href="#sPointingRel947" value="det"/>
		<feat xlink:href="#sPointingRel949" value="xcomp"/>
		<feat xlink:href="#sPointingRel951" value="dislocated"/>
		<feat xlink:href="#sPointingRel953" value="mark"/>
		<feat xlink:href="#sPointingRel955" value="nmod"/>
		<feat xlink:href="#sPointingRel957" value="advcl"/>
		<feat xlink:href="#sPointingRel959" value="det"/>
		<feat xlink:href="#sPointingRel961" value="obl"/>
		<feat xlink:href="#sPointingRel963" value="advmod"/>
		<feat xlink:href="#sPointingRel965" value="obj"/>
		<feat xlink:href="#sPointingRel967" value="det"/>
		<feat xlink:href="#sPointingRel969" value="advcl"/>
		<feat xlink:href="#sPointingRel971" value="det"/>
		<feat xlink:href="#sPointingRel973" value="advcl"/>
		<feat xlink:href="#sPointingRel975" value="nmod"/>
		<feat xlink:href="#sPointingRel977" value="det"/>
		<feat xlink:href="#sPointingRel979" value="obj"/>
		<feat xlink:href="#sPointingRel981" value="mark"/>
		<feat xlink:href="#sPointingRel983" value="det"/>
		<feat xlink:href="#sPointingRel985" value="case"/>
		<feat xlink:href="#sPointingRel987" value="aux"/>
		<feat xlink:href="#sPointingRel989" value="case"/>
		<feat xlink:href="#sPointingRel991" value="det"/>
		<feat xlink:href="#sPointingRel993" value="cc"/>
		<feat xlink:href="#sPointingRel995" value="conj"/>
		<feat xlink:href="#sPointingRel997" value="det"/>
		<feat xlink:href="#sPointingRel999" value="obl"/>
		<feat xlink:href="#sPointingRel1001" value="case"/>
		<feat xlink:href="#sPointingRel1003" value="nmod"/>
		<feat xlink:href="#sPointingRel1005" value="case"/>
		<feat xlink:href="#sPointingRel1007" value="aux"/>
		<feat xlink:href="#sPointingRel1009" value="nmod"/>
		<feat xlink:href="#sPointingRel1011" value="case"/>
		<feat xlink:href="#sPointingRel1013" value="nsubj"/>
		<feat xlink:href="#sPointingRel1015" value="case"/>
		<feat xlink:href="#sPointingRel1017" value="advmod"/>
		<feat xlink:href="#sPointingRel1019" value="det"/>
		<feat xlink:href="#sPointingRel1021" value="case"/>
		<feat xlink:href="#sPointingRel1023" value="aux"/>
		<feat xlink:href="#sPointingRel1025" value="advmod"/>
		<feat xlink:href="#sPointingRel1027" value="obl"/>
		<feat xlink:href="#sPointingRel1029" value="obl"/>
		<feat xlink:href="#sPointingRel1031" value="mark"/>
		<feat xlink:href="#sPointingRel1033" value="advmod"/>
		<feat xlink:href="#sPointingRel1035" value="nsubj"/>
		<feat xlink:href="#sPointingRel1037" value="nsubj"/>
		<feat xlink:href="#sPointingRel1039" value="advmod"/>
		<feat xlink:href="#sPointingRel1041" value="obj"/>
		<feat xlink:href="#sPointingRel1043" value="det"/>
		<feat xlink:href="#sPointingRel1045" value="mark"/>
		<feat xlink:href="#sPointingRel1047" value="obj"/>
		<feat xlink:href="#sPointingRel1049" value="aux"/>
		<feat xlink:href="#sPointingRel1051" value="dislocated"/>
		<feat xlink:href="#sPointingRel1053" value="dislocated"/>
		<feat xlink:href="#sPointingRel1055" value="nsubj"/>
		<feat xlink:href="#sPointingRel1057" value="obj"/>
		<feat xlink:href="#sPointingRel1059" value="aux"/>
		<feat xlink:href="#sPointingRel1061" value="det"/>
		<feat xlink:href="#sPointingRel1063" value="det"/>
		<feat xlink:href="#sPointingRel1065" value="nsubj"/>
		<feat xlink:href="#sPointingRel1067" value="obl"/>
		<feat xlink:href="#sPointingRel1069" value="case"/>
		<feat xlink:href="#sPointingRel1071" value="advmod"/>
		<feat xlink:href="#sPointingRel1073" value="det"/>
		<feat xlink:href="#sPointingRel1075" value="nmod"/>
		<feat xlink:href="#sPointingRel1077" value="nmod"/>
		<feat xlink:href="#sPointingRel1079" value="obl"/>
		<feat xlink:href="#sPointingRel1081" value="nsubj"/>
		<feat xlink:href="#sPointingRel1083" value="dislocated"/>
		<feat xlink:href="#sPointingRel1085" value="det"/>
		<feat xlink:href="#sPointingRel1087" value="cc"/>
		<feat xlink:href="#sPointingRel1089" value="case"/>
		<feat xlink:href="#sPointingRel1091" value="nmod"/>
		<feat xlink:href="#sPointingRel1093" value="case"/>
		<feat xlink:href="#sPointingRel1095" value="case"/>
		<feat xlink:href="#sPointingRel1097" value="case"/>
		<feat xlink:href="#sPointingRel1099" value="case"/>
		<feat xlink:href="#sPointingRel1101" value="aux"/>
		<feat xlink:href="#sPointingRel1103" value="xcomp"/>
		<feat xlink:href="#sPointingRel1105" value="advcl"/>
		<feat xlink:href="#sPointingRel1107" value="case"/>
		<feat xlink:href="#sPointingRel1109" value="obl"/>
		<feat xlink:href="#sPointingRel1111" value="det"/>
		<feat xlink:href="#sPointingRel1113" value="obl"/>
		<feat xlink:href="#sPointingRel1115" value="mark"/>
		<feat xlink:href="#sPointingRel1117" value="case"/>
		<feat xlink:href="#sPointingRel1119" value="conj"/>
		<feat xlink:href="#sPointingRel1121" value="parataxis"/>
		<feat xlink:href="#sPointingRel1123" value="cop"/>
		<feat xlink:href="#sPointingRel1125" value="nsubj"/>
		<feat xlink:href="#sPointingRel1127" value="nsubj"/>
		<feat xlink:href="#sPointingRel1129" value="nsubj"/>
		<feat xlink:href="#sPointingRel1131" value="det"/>
		<feat xlink:href="#sPointingRel1133" value="nmod"/>
		<feat xlink:href="#sPointingRel1135" value="acl:relcl"/>
		<feat xlink:href="#sPointingRel1137" value="det"/>
		<feat xlink:href="#sPointingRel1139" value="advmod"/>
		<feat xlink:href="#sPointingRel1141" value="obl"/>
		<feat xlink:href="#sPointingRel1143" value="case"/>
		<feat xlink:href="#sPointingRel1145" value="case"/>
		<feat xlink:href="#sPointingRel1147" value="obl"/>
		<feat xlink:href="#sPointingRel1149" value="nsubj"/>
		<feat xlink:href="#sPointingRel1151" value="advmod"/>
		<feat xlink:href="#sPointingRel1153" value="advmod"/>
		<feat xlink:href="#sPointingRel1155" value="case"/>
		<feat xlink:href="#sPointingRel1157" value="case"/>
		<feat xlink:href="#sPointingRel1159" value="obl"/>
		<feat xlink:href="#sPointingRel1161" value="det"/>
		<feat xlink:href="#sPointingRel1163" value="mark"/>
		<feat xlink:href="#sPointingRel1165" value="det"/>
		<feat xlink:href="#sPointingRel1167" value="case"/>
		<feat xlink:href="#sPointingRel1169" value="case"/>
		<feat xlink:href="#sPointingRel1171" value="mark"/>
		<feat xlink:href="#sPointingRel1173" value="conj"/>
		<feat xlink:href="#sPointingRel1175" value="cc"/>
		<feat xlink:href="#sPointingRel1177" value="obj"/>
		<feat xlink:href="#sPointingRel1179" value="obj"/>
		<feat xlink:href="#sPointingRel1181" value="discourse"/>
		<feat xlink:href="#sPointingRel1183" value="case"/>
		<feat xlink:href="#sPointingRel1185" value="conj"/>
		<feat xlink:href="#sPointingRel1187" value="obl"/>
		<feat xlink:href="#sPointingRel1189" value="nsubj"/>
		<feat xlink:href="#sPointingRel1191" value="obl"/>
		<feat xlink:href="#sPointingRel1193" value="mark"/>
		<feat xlink:href="#sPointingRel1195" value="obj"/>
		<feat xlink:href="#sPointingRel1197" value="case"/>
		<feat xlink:href="#sPointingRel1199" value="advmod"/>
		<feat xlink:href="#sPointingRel1201" value="det"/>
		<feat xlink:href="#sPointingRel1203" value="det"/>
		<feat xlink:href="#sPointingRel1205" value="obl"/>
		<feat xlink:href="#sPointingRel1207" value="aux"/>
		<feat xlink:href="#sPointingRel1209" value="ccomp"/>
		<feat xlink:href="#sPointingRel1211" value="obj"/>
		<feat xlink:href="#sPointingRel1213" value="mark"/>
		<feat xlink:href="#sPointingRel1215" value="aux"/>
		<feat xlink:href="#sPointingRel1217" value="case"/>
		<feat xlink:href="#sPointingRel1219" value="case"/>
		<feat xlink:href="#sPointingRel1221" value="acl:relcl"/>
		<feat xlink:href="#sPointingRel1223" value="case"/>
		<feat xlink:href="#sPointingRel1225" value="mark"/>
		<feat xlink:href="#sPointingRel1227" value="nmod"/>
		<feat xlink:href="#sPointingRel1229" value="nmod"/>
		<feat xlink:href="#sPointingRel1231" value="obj"/>
		<feat xlink:href="#sPointingRel1233" value="nsubj"/>
		<feat xlink:href="#sPointingRel1235" value="aux"/>
		<feat xlink:href="#sPointingRel1237" value="dislocated"/>
		<feat xlink:href="#sPointingRel1239" value="det"/>
		<feat xlink:href="#sPointingRel1241" value="det"/>
		<feat xlink:href="#sPointingRel1243" value="nsubj"/>
		<feat xlink:href="#sPointingRel1245" value="advcl"/>
		<feat xlink:href="#sPointingRel1247" value="cc"/>
		<feat xlink:href="#sPointingRel1249" value="det"/>
		<feat xlink:href="#sPointingRel1251" value="obl"/>
		<feat xlink:href="#sPointingRel1253" value="aux"/>
		<feat xlink:href="#sPointingRel1255" value="det"/>
		<feat xlink:href="#sPointingRel1257" value="aux"/>
		<feat xlink:href="#sPointingRel1259" value="case"/>
		<feat xlink:href="#sPointingRel1261" value="aux"/>
		<feat xlink:href="#sPointingRel1263" value="acl:relcl"/>
		<feat xlink:href="#sPointingRel1265" value="advmod"/>
		<feat xlink:href="#sPointingRel1267" value="nmod"/>
		<feat xlink:href="#sPointingRel1269" value="aux"/>
		<feat xlink:href="#sPointingRel1271" value="acl:relcl"/>
		<feat xlink:href="#sPointingRel1273" value="case"/>
		<feat xlink:href="#sPointingRel1275" value="cop"/>
		<feat xlink:href="#sPointingRel1277" value="case"/>
		<feat xlink:href="#sPointingRel1279" value="case"/>
		<feat xlink:href="#sPointingRel1281" value="xcomp"/>
		<feat xlink:href="#sPointingRel1283" value="case"/>
		<feat xlink:href="#sPointingRel1285" value="obl"/>
		<feat xlink:href="#sPointingRel1287" value="cc"/>
		<feat xlink:href="#sPointingRel1289" value="obl"/>
		<feat xlink:href="#sPointingRel1291" value="det"/>
		<feat xlink:href="#sPointingRel1293" value="obl"/>
		<feat xlink:href="#sPointingRel1295" value="case"/>
		<feat xlink:href="#sPointingRel1297" value="case"/>
		<feat xlink:href="#sPointingRel1299" value="acl:relcl"/>
		<feat xlink:href="#sPointingRel1301" value="det"/>
		<feat xlink:href="#sPointingRel1303" value="advmod"/>
		<feat xlink:href="#sPointingRel1305" value="det"/>
		<feat xlink:href="#sPointingRel1307" value="case"/>
		<feat xlink:href="#sPointingRel1309" value="xcomp"/>
		<feat xlink:href="#sPointingRel1311" value="nsubj"/>
		<feat xlink:href="#sPointingRel1313" value="det"/>
		<feat xlink:href="#sPointingRel1315" value="nsubj"/>
		<feat xlink:href="#sPointingRel1317" value="det"/>
		<feat xlink:href="#sPointingRel1319" value="case"/>
		<feat xlink:href="#sPointingRel1321" value="nmod"/>
		<feat xlink:href="#sPointingRel1323" value="case"/>
		<feat xlink:href="#sPointingRel1325" value="det"/>
		<feat xlink:href="#sPointingRel1327" value="obl"/>
		<feat xlink:href="#sPointingRel1329" value="det"/>
		<feat xlink:href="#sPointingRel1331" value="advcl"/>
		<feat xlink:href="#sPointingRel1333" value="obj"/>
		<feat xlink:href="#sPointingRel1335" value="nsubj"/>
		<feat xlink:href="#sPointingRel1337" value="mark"/>
		<feat xlink:href="#sPointingRel1339" value="cc"/>
		<feat xlink:href="#sPointingRel1341" value="advmod"/>
		<feat xlink:href="#sPointingRel1343" value="conj"/>
		<feat xlink:href="#sPointingRel1345" value="aux"/>
		<feat xlink:href="#sPointingRel1347" value="det"/>
		<feat xlink:href="#sPointingRel1349" value="case"/>
		<feat xlink:href="#sPointingRel1351" value="parataxis"/>
		<feat xlink:href="#sPointingRel1353" value="det"/>
		<feat xlink:href="#sPointingRel1355" value="conj"/>
		<feat xlink:href="#sPointingRel1357" value="aux"/>
		<feat xlink:href="#sPointingRel1359" value="nsubj"/>
		<feat xlink:href="#sPointingRel1361" value="obj"/>
		<feat xlink:href="#sPointingRel1363" value="det"/>
		<feat xlink:href="#sPointingRel1365" value="nmod"/>
		<feat xlink:href="#sPointingRel1367" value="nsubj"/>
		<feat xlink:href="#sPointingRel1369" value="case"/>
		<feat xlink:href="#sPointingRel1371" value="case"/>
		<feat xlink:href="#sPointingRel1373" value="mark"/>
		<feat xlink:href="#sPointingRel1375" value="mark"/>
		<feat xlink:href="#sPointingRel1377" value="case"/>
		<feat xlink:href="#sPointingRel1379" value="nsubj"/>
		<feat xlink:href="#sPointingRel1381" value="det"/>
		<feat xlink:href="#sPointingRel1383" value="advmod"/>
		<feat xlink:href="#sPointingRel1385" value="advmod"/>
		<feat xlink:href="#sPointingRel1387" value="det"/>
		<feat xlink:href="#sPointingRel1389" value="case"/>
		<feat xlink:href="#sPointingRel1391" value="acl:relcl"/>
		<feat xlink:href="#sPointingRel1393" value="advcl"/>
		<feat xlink:href="#sPointingRel1395" value="aux"/>
		<feat xlink:href="#sPointingRel1397" value="obj"/>
		<feat xlink:href="#sPointingRel1399" value="nmod"/>
		<feat xlink:href="#sPointingRel1401" value="det"/>
		<feat xlink:href="#sPointingRel1403" value="nsubj"/>
		<feat xlink:href="#sPointingRel1405" value="mark"/>
		<feat xlink:href="#sPointingRel1407" value="case"/>
		<feat xlink:href="#sPointingRel1409" value="obl"/>
		<feat xlink:href="#sPointingRel1411" value="aux"/>
		<feat xlink:href="#sPointingRel1413" value="parataxis"/>
		<feat xlink:href="#sPointingRel1415" value="case"/>
		<feat xlink:href="#sPointingRel1417" value="det"/>
		<feat xlink:href="#sPointingRel1419" value="advmod"/>
		<feat xlink:href="#sPointingRel1421" value="aux"/>
		<feat xlink:href="#sPointingRel1423" value="mark"/>
		<feat xlink:href="#sPointingRel1425" value="obl"/>
		<feat xlink:href="#sPointingRel1427" value="obl"/>
		<feat xlink:href="#sPointingRel1429" value="advcl"/>
		<feat xlink:href="#sPointingRel1431" value="nmod"/>
		<feat xlink:href="#sPointingRel1433" value="det"/>
		<feat xlink:href="#sPointingRel1435" value="dislocated"/>
		<feat xlink:href="#sPointingRel1437" value="obl"/>
		<feat xlink:href="#sPointingRel1439" value="aux"/>
		<feat xlink:href="#sPointingRel1441" value="cc"/>
		<feat xlink:href="#sPointingRel1443" value="obl"/>
		<feat xlink:href="#sPointingRel1445" value="mark"/>
		<feat xlink:href="#sPointingRel1447" value="fixed"/>
		<feat xlink:href="#sPointingRel1449" value="parataxis"/>
		<feat xlink:href="#sPointingRel1451" value="csubj"/>
		<feat xlink:href="#sPointingRel1453" value="det"/>
		<feat xlink:href="#sPointingRel1455" value="det"/>
		<feat xlink:href="#sPointingRel1457" value="det"/>
		<feat xlink:href="#sPointingRel1459" value="mark"/>
		<feat xlink:href="#sPointingRel1461" value="det"/>
		<feat xlink:href="#sPointingRel1463" value="case"/>
		<feat xlink:href="#sPointingRel1465" value="case"/>
		<feat xlink:href="#sPointingRel1467" value="advcl"/>
		<feat xlink:href="#sPointingRel1469" value="case"/>
		<feat xlink:href="#sPointingRel1471" value="nmod"/>
		<feat xlink:href="#sPointingRel1473" value="nmod"/>
		<feat xlink:href="#sPointingRel1475" value="case"/>
		<feat xlink:href="#sPointingRel1477" value="case"/>
		<feat xlink:href="#sPointingRel1479" value="advmod"/>
		<feat xlink:href="#sPointingRel1481" value="obl"/>
		<feat xlink:href="#sPointingRel1483" value="det"/>
		<feat xlink:href="#sPointingRel1485" value="nsubj"/>
		<feat xlink:href="#sPointingRel1487" value="fixed"/>
		<feat xlink:href="#sPointingRel1489" value="acl:relcl"/>
		<feat xlink:href="#sPointingRel1491" value="det"/>
		<feat xlink:href="#sPointingRel1493" value="advcl"/>
		<feat xlink:href="#sPointingRel1495" value="mark"/>
		<feat xlink:href="#sPointingRel1497" value="advmod"/>
		<feat xlink:href="#sPointingRel1499" value="case"/>
		<feat xlink:href="#sPointingRel1501" value="case"/>
		<feat xlink:href="#sPointingRel1503" value="mark"/>
		<feat xlink:href="#sPointingRel1505" value="aux"/>
		<feat xlink:href="#sPointingRel1507" value="obl"/>
		<feat xlink:href="#sPointingRel1509" value="nmod"/>
		<feat xlink:href="#sPointingRel1511" value="dislocated"/>
		<feat xlink:href="#sPointingRel1513" value="advcl"/>
		<feat xlink:href="#sPointingRel1515" value="advmod"/>
		<feat xlink:href="#sPointingRel1517" value="nmod"/>
		<feat xlink:href="#sPointingRel1519" value="nsubj"/>
		<feat xlink:href="#sPointingRel1521" value="mark"/>
		<feat xlink:href="#sPointingRel1523" value="case"/>
		<feat xlink:href="#sPointingRel1525" value="aux"/>
		<feat xlink:href="#sPointingRel1527" value="obj"/>
		<feat xlink:href="#sPointingRel1529" value="case"/>
		<feat xlink:href="#sPointingRel1531" value="dislocated"/>
		<feat xlink:href="#sPointingRel1533" value="aux"/>
		<feat xlink:href="#sPointingRel1535" value="advcl"/>
		<feat xlink:href="#sPointingRel1537" value="det"/>
		<feat xlink:href="#sPointingRel1539" value="case"/>
		<feat xlink:href="#sPointingRel1541" value="advmod"/>
		<feat xlink:href="#sPointingRel1543" value="nmod"/>
		<feat xlink:href="#sPointingRel1545" value="case"/>
		<feat xlink:href="#sPointingRel1547" value="det"/>
		<feat xlink:href="#sPointingRel1549" value="case"/>
		<feat xlink:href="#sPointingRel1551" value="advmod"/>
		<feat xlink:href="#sPointingRel1553" value="case"/>
		<feat xlink:href="#sPointingRel1555" value="case"/>
		<feat xlink:href="#sPointingRel1557" value="nmod"/>
		<feat xlink:href="#sPointingRel1559" value="appos"/>
		<feat xlink:href="#sPointingRel1561" value="nmod"/>
		<feat xlink:href="#sPointingRel1563" value="det"/>
		<feat xlink:href="#sPointingRel1565" value="mark"/>
		<feat xlink:href="#sPointingRel1567" value="appos"/>
		<feat xlink:href="#sPointingRel1569" value="det"/>
		<feat xlink:href="#sPointingRel1571" value="det"/>
		<feat xlink:href="#sPointingRel1573" value="det"/>
		<feat xlink:href="#sPointingRel1575" value="det"/>
		<feat xlink:href="#sPointingRel1577" value="obl"/>
		<feat xlink:href="#sPointingRel1579" value="obl"/>
		<feat xlink:href="#sPointingRel1581" value="case"/>
		<feat xlink:href="#sPointingRel1583" value="case"/>
		<feat xlink:href="#sPointingRel1585" value="nsubj"/>
		<feat xlink:href="#sPointingRel1587" value="nmod"/>
		<feat xlink:href="#sPointingRel1589" value="obj"/>
		<feat xlink:href="#sPointingRel1591" value="case"/>
		<feat xlink:href="#sPointingRel1593" value="obl"/>
		<feat xlink:href="#sPointingRel1595" value="det"/>
		<feat xlink:href="#sPointingRel1597" value="obl"/>
		<feat xlink:href="#sPointingRel1599" value="obj"/>
		<feat xlink:href="#sPointingRel1601" value="cc"/>
		<feat xlink:href="#sPointingRel1603" value="case"/>
		<feat xlink:href="#sPointingRel1605" value="xcomp"/>
		<feat xlink:href="#sPointingRel1607" value="nsubj"/>
		<feat xlink:href="#sPointingRel1609" value="acl:relcl"/>
		<feat xlink:href="#sPointingRel1611" value="mark"/>
		<feat xlink:href="#sPointingRel1613" value="case"/>
		<feat xlink:href="#sPointingRel1615" value="obj"/>
		<feat xlink:href="#sPointingRel1617" value="case"/>
		<feat xlink:href="#sPointingRel1619" value="det"/>
		<feat xlink:href="#sPointingRel1621" value="det"/>
		<feat xlink:href="#sPointingRel1623" value="cop"/>
		<feat xlink:href="#sPointingRel1625" value="det"/>
		<feat xlink:href="#sPointingRel1627" value="det"/>
		<feat xlink:href="#sPointingRel1629" value="advmod"/>
		<feat xlink:href="#sPointingRel1631" value="xcomp"/>
		<feat xlink:href="#sPointingRel1633" value="mark"/>
		<feat xlink:href="#sPointingRel1635" value="advcl"/>
		<feat xlink:href="#sPointingRel1637" value="nsubj"/>
		<feat xlink:href="#sPointingRel1639" value="aux"/>
		<feat xlink:href="#sPointingRel1641" value="case"/>
		<feat xlink:href="#sPointingRel1643" value="advcl"/>
		<feat xlink:href="#sPointingRel1645" value="parataxis"/>
		<feat xlink:href="#sPointingRel1647" value="det"/>
		<feat xlink:href="#sPointingRel1649" value="case"/>
		<feat xlink:href="#sPointingRel1651" value="advcl"/>
		<feat xlink:href="#sPointingRel1653" value="advmod"/>
		<feat xlink:href="#sPointingRel1655" value="nsubj"/>
		<feat xlink:href="#sPointingRel1657" value="nsubj"/>
		<feat xlink:href="#sPointingRel1659" value="aux"/>
		<feat xlink:href="#sPointingRel1661" value="obl"/>
		<feat xlink:href="#sPointingRel1663" value="xcomp"/>
		<feat xlink:href="#sPointingRel1665" value="parataxis"/>
		<feat xlink:href="#sPointingRel1667" value="obj"/>
		<feat xlink:href="#sPointingRel1669" value="cc"/>
		<feat xlink:href="#sPointingRel1671" value="det"/>
		<feat xlink:href="#sPointingRel1673" value="case"/>
		<feat xlink:href="#sPointingRel1675" value="nsubj"/>
		<feat xlink:href="#sPointingRel1677" value="case"/>
		<feat xlink:href="#sPointingRel1679" value="advmod"/>
		<feat xlink:href="#sPointingRel1681" value="advmod"/>
		<feat xlink:href="#sPointingRel1683" value="aux"/>
		<feat xlink:href="#sPointingRel1685" value="fixed"/>
		<feat xlink:href="#sPointingRel1687" value="advmod"/>
		<feat xlink:href="#sPointingRel1689" value="case"/>
		<feat xlink:href="#sPointingRel1691" value="obj"/>
		<feat xlink:href="#sPointingRel1693" value="nsubj"/>
		<feat xlink:href="#sPointingRel1695" value="det"/>
		<feat xlink:href="#sPointingRel1697" value="case"/>
		<feat xlink:href="#sPointingRel1699" value="cop"/>
		<feat xlink:href="#sPointingRel1701" value="parataxis"/>
		<feat xlink:href="#sPointingRel1703" value="dislocated"/>
		<feat xlink:href="#sPointingRel1705" value="obl"/>
		<feat xlink:href="#sPointingRel1707" value="obj"/>
		<feat xlink:href="#sPointingRel1709" value="det"/>
		<feat xlink:href="#sPointingRel1711" value="obl"/>
		<feat xlink:href="#sPointingRel1713" value="advcl"/>
		<feat xlink:href="#sPointingRel1715" value="obl"/>
		<feat xlink:href="#sPointingRel1717" value="nmod"/>
		<feat xlink:href="#sPointingRel1719" value="conj"/>
		<feat xlink:href="#sPointingRel1721" value="obl"/>
		<feat xlink:href="#sPointingRel1723" value="mark"/>
		<feat xlink:href="#sPointingRel1725" value="case"/>
		<feat xlink:href="#sPointingRel1727" value="advcl"/>
		<feat xlink:href="#sPointingRel1729" value="det"/>
		<feat xlink:href="#sPointingRel1731" value="advmod"/>
		<feat xlink:href="#sPointingRel1733" value="obl"/>
		<feat xlink:href="#sPointingRel1735" value="obj"/>
		<feat xlink:href="#sPointingRel1737" value="aux"/>
		<feat xlink:href="#sPointingRel1739" value="mark"/>
		<feat xlink:href="#sPointingRel1741" value="aux"/>
		<feat xlink:href="#sPointingRel1743" value="nsubj"/>
		<feat xlink:href="#sPointingRel1745" value="case"/>
		<feat xlink:href="#sPointingRel1747" value="det"/>
		<feat xlink:href="#sPointingRel1749" value="advmod"/>
		<feat xlink:href="#sPointingRel1751" value="obj"/>
		<feat xlink:href="#sPointingRel1753" value="nsubj"/>
		<feat xlink:href="#sPointingRel1755" value="mark"/>
		<feat xlink:href="#sPointingRel1757" value="mark"/>
		<feat xlink:href="#sPointingRel1759" value="det"/>
		<feat xlink:href="#sPointingRel1761" value="case"/>
		<feat xlink:href="#sPointingRel1763" value="det"/>
		<feat xlink:href="#sPointingRel1765" value="acl:relcl"/>
		<feat xlink:href="#sPointingRel1767" value="case"/>
		<feat xlink:href="#sPointingRel1769" value="mark"/>
		<feat xlink:href="#sPointingRel1771" value="advmod"/>
		<feat xlink:href="#sPointingRel1773" value="obl"/>
		<feat xlink:href="#sPointingRel1775" value="aux"/>
		<feat xlink:href="#sPointingRel1777" value="advmod"/>
		<feat xlink:href="#sPointingRel1779" value="det"/>
		<feat xlink:href="#sPointingRel1781" value="case"/>
		<feat xlink:href="#sPointingRel1783" value="case"/>
		<feat xlink:href="#sPointingRel1785" value="case"/>
		<feat xlink:href="#sPointingRel1787" value="obl"/>
		<feat xlink:href="#sPointingRel1789" value="obj"/>
		<feat xlink:href="#sPointingRel1791" value="advmod"/>
		<feat xlink:href="#sPointingRel1793" value="appos"/>
		<feat xlink:href="#sPointingRel1795" value="obj"/>
		<feat xlink:href="#sPointingRel1797" value="obl"/>
		<feat xlink:href="#sPointingRel1799" value="mark"/>
		<feat xlink:href="#sPointingRel1801" value="nmod"/>
		<feat xlink:href="#sPointingRel1803" value="advmod"/>
		<feat xlink:href="#sPointingRel1805" value="conj"/>
		<feat xlink:href="#sPointingRel1807" value="det"/>
		<feat xlink:href="#sPointingRel1809" value="nsubj"/>
		<feat xlink:href="#sPointingRel1811" value="nsubj"/>
		<feat xlink:href="#sPointingRel1813" value="acl:relcl"/>
		<feat xlink:href="#sPointingRel1815" value="case"/>
		<feat xlink:href="#sPointingRel1817" value="case"/>
		<feat xlink:href="#sPointingRel1819" value="nsubj"/>
		<feat xlink:href="#sPointingRel1821" value="cc"/>
		<feat xlink:href="#sPointingRel1823" value="det"/>
		<feat xlink:href="#sPointingRel1825" value="nsubj"/>
		<feat xlink:href="#sPointingRel1827" value="obl"/>
		<feat xlink:href="#sPointingRel1829" value="advmod"/>
		<feat xlink:href="#sPointingRel1831" value="obj"/>
		<feat xlink:href="#sPointingRel1833" value="obl"/>
		<feat xlink:href="#sPointingRel1835" value="case"/>
		<feat xlink:href="#sPointingRel1837" value="advmod"/>
		<feat xlink:href="#sPointingRel1839" value="obl"/>
		<feat xlink:href="#sPointingRel1841" value="det"/>
		<feat xlink:href="#sPointingRel1843" value="case"/>
		<feat xlink:href="#sPointingRel1845" value="advmod"/>
		<feat xlink:href="#sPointingRel1847" value="conj"/>
		<feat xlink:href="#sPointingRel1849" value="obj"/>
		<feat xlink:href="#sPointingRel1851" value="aux"/>
		<feat xlink:href="#sPointingRel1853" value="case"/>
		<feat xlink:href="#sPointingRel1855" value="obl"/>
		<feat xlink:href="#sPointingRel1857" value="mark"/>
		<feat xlink:href="#sPointingRel1859" value="mark"/>
		<feat xlink:href="#sPointingRel1861" value="advmod"/>
		<feat xlink:href="#sPointingRel1863" value="obl"/>
		<feat xlink:href="#sPointingRel1865" value="det"/>
		<feat xlink:href="#sPointingRel1867" value="nsubj"/>
		<feat xlink:href="#sPointingRel1869" value="obl"/>
		<feat xlink:href="#sPointingRel1871" value="case"/>
		<feat xlink:href="#sPointingRel1873" value="nsubj"/>
		<feat xlink:href="#sPointingRel1875" value="nsubj"/>
		<feat xlink:href="#sPointingRel1877" value="acl:relcl"/>
		<feat xlink:href="#sPointingRel1879" value="obl"/>
		<feat xlink:href="#sPointingRel1881" value="obj"/>
		<feat xlink:href="#sPointingRel1883" value="case"/>
		<feat xlink:href="#sPointingRel1885" value="mark"/>
		<feat xlink:href="#sPointingRel1887" value="mark"/>
		<feat xlink:href="#sPointingRel1889" value="mark"/>
		<feat xlink:href="#sPointingRel1891" value="nmod"/>
		<feat xlink:href="#sPointingRel1893" value="obj"/>
		<feat xlink:href="#sPointingRel1895" value="mark"/>
		<feat xlink:href="#sPointingRel1897" value="nmod"/>
		<feat xlink:href="#sPointingRel1899" value="det"/>
		<feat xlink:href="#sPointingRel1901" value="case"/>
		<feat xlink:href="#sPointingRel1903" value="ccomp"/>
		<feat xlink:href="#sPointingRel1905" value="nsubj"/>
		<feat xlink:href="#sPointingRel1907" value="nmod"/>
		<feat xlink:href="#sPointingRel1909" value="fixed"/>
		<feat xlink:href="#sPointingRel1911" value="nsubj"/>
		<feat xlink:href="#sPointingRel1913" value="advmod"/>
		<feat xlink:href="#sPointingRel1915" value="obl"/>
		<feat xlink:href="#sPointingRel1917" value="nsubj"/>
		<feat xlink:href="#sPointingRel1919" value="mark"/>
		<feat xlink:href="#sPointingRel1921" value="det"/>
		<feat xlink:href="#sPointingRel1923" value="aux"/>
		<feat xlink:href="#sPointingRel1925" value="parataxis"/>
		<feat xlink:href="#sPointingRel1927" value="nmod"/>
		<feat xlink:href="#sPointingRel1929" value="nsubj"/>
		<feat xlink:href="#sPointingRel1931" value="obj"/>
		<feat xlink:href="#sPointingRel1933" value="mark"/>
		<feat xlink:href="#sPointingRel1935" value="nsubj"/>
		<feat xlink:href="#sPointingRel1937" value="conj"/>
		<feat xlink:href="#sPointingRel1939" value="aux"/>
		<feat xlink:href="#sPointingRel1941" value="case"/>
		<feat xlink:href="#sPointingRel1943" value="mark"/>
		<feat xlink:href="#sPointingRel1945" value="case"/>
		<feat xlink:href="#sPointingRel1947" value="case"/>
		<feat xlink:href="#sPointingRel1949" value="aux"/>
		<feat xlink:href="#sPointingRel1951" value="det"/>
		<feat xlink:href="#sPointingRel1953" value="advcl"/>
		<feat xlink:href="#sPointingRel1955" value="aux"/>
		<feat xlink:href="#sPointingRel1957" value="det"/>
		<feat xlink:href="#sPointingRel1959" value="case"/>
		<feat xlink:href="#sPointingRel1961" value="obj"/>
		<feat xlink:href="#sPointingRel1963" value="case"/>
		<feat xlink:href="#sPointingRel1965" value="mark"/>
		<feat xlink:href="#sPointingRel1967" value="aux"/>
		<feat xlink:href="#sPointingRel1969" value="parataxis"/>
		<feat xlink:href="#sPointingRel1971" value="nmod"/>
		<feat xlink:href="#sPointingRel1973" value="nsubj"/>
		<feat xlink:href="#sPointingRel1975" value="advmod"/>
		<feat xlink:href="#sPointingRel1977" value="nsubj"/>
		<feat xlink:href="#sPointingRel1979" value="nsubj"/>
		<feat xlink:href="#sPointingRel1981" value="nsubj"/>
		<feat xlink:href="#sPointingRel1983" value="acl:relcl"/>
		<feat xlink:href="#sPointingRel1985" value="cc"/>
		<feat xlink:href="#sPointingRel1987" value="dislocated"/>
		<feat xlink:href="#sPointingRel1989" value="det"/>
		<feat xlink:href="#sPointingRel1991" value="aux"/>
		<feat xlink:href="#sPointingRel1993" value="case"/>
		<feat xlink:href="#sPointingRel1995" value="obl"/>
		<feat xlink:href="#sPointingRel1997" value="aux"/>
		<feat xlink:href="#sPointingRel1999" value="parataxis"/>
		<feat xlink:href="#sPointingRel2001" value="cop"/>
		<feat xlink:href="#sPointingRel2003" value="case"/>
		<feat xlink:href="#sPointingRel2005" value="nsubj"/>
		<feat xlink:href="#sPointingRel2007" value="det"/>
		<feat xlink:href="#sPointingRel2009" value="case"/>
		<feat xlink:href="#sPointingRel2011" value="conj"/>
		<feat xlink:href="#sPointingRel2013" value="case"/>
		<feat xlink:href="#sPointingRel2015" value="obl"/>
		<feat xlink:href="#sPointingRel2017" value="mark"/>
		<feat xlink:href="#sPointingRel2019" value="nmod"/>
		<feat xlink:href="#sPointingRel2021" value="nsubj"/>
		<feat xlink:href="#sPointingRel2023" value="det"/>
		<feat xlink:href="#sPointingRel2025" value="case"/>
		<feat xlink:href="#sPointingRel2027" value="case"/>
		<feat xlink:href="#sPointingRel2029" value="nmod"/>
		<feat xlink:href="#sPointingRel2031" value="case"/>
		<feat xlink:href="#sPointingRel2033" value="det"/>
		<feat xlink:href="#sPointingRel2035" value="obj"/>
		<feat xlink:href="#sPointingRel2037" value="conj"/>
		<feat xlink:href="#sPointingRel2039" value="mark"/>
		<feat xlink:href="#sPointingRel2041" value="advmod"/>
		<feat xlink:href="#sPointingRel2043" value="det"/>
		<feat xlink:href="#sPointingRel2045" value="case"/>
		<feat xlink:href="#sPointingRel2047" value="appos"/>
		<feat xlink:href="#sPointingRel2049" value="det"/>
		<feat xlink:href="#sPointingRel2051" value="det"/>
		<feat xlink:href="#sPointingRel2053" value="csubj"/>
		<feat xlink:href="#sPointingRel2055" value="case"/>
		<feat xlink:href="#sPointingRel2057" value="case"/>
		<feat xlink:href="#sPointingRel2059" value="aux"/>
		<feat xlink:href="#sPointingRel2061" value="advcl"/>
		<feat xlink:href="#sPointingRel2063" value="case"/>
		<feat xlink:href="#sPointingRel2065" value="nsubj"/>
		<feat xlink:href="#sPointingRel2067" value="det"/>
		<feat xlink:href="#sPointingRel2069" value="advcl"/>
		<feat xlink:href="#sPointingRel2071" value="nsubj"/>
		<feat xlink:href="#sPointingRel2073" value="mark"/>
		<feat xlink:href="#sPointingRel2075" value="case"/>
		<feat xlink:href="#sPointingRel2077" value="obj"/>
		<feat xlink:href="#sPointingRel2079" value="case"/>
		<feat xlink:href="#sPointingRel2081" value="det"/>
		<feat xlink:href="#sPointingRel2083" value="parataxis"/>
		<feat xlink:href="#sPointingRel2085" value="obj"/>
		<feat xlink:href="#sPointingRel2087" value="mark"/>
		<feat xlink:href="#sPointingRel2089" value="advcl"/>
		<feat xlink:href="#sPointingRel2091" value="nmod"/>
		<feat xlink:href="#sPointingRel2093" value="case"/>
		<feat xlink:href="#sPointingRel2095" value="case"/>
		<feat xlink:href="#sPointingRel2097" value="obl"/>
		<feat xlink:href="#sPointingRel2099" value="aux"/>
		<feat xlink:href="#sPointingRel2101" value="conj"/>
		<feat xlink:href="#sPointingRel2103" value="det"/>
		<feat xlink:href="#sPointingRel2105" value="advmod"/>
		<feat xlink:href="#sPointingRel2107" value="case"/>
		<feat xlink:href="#sPointingRel2109" value="det"/>
		<feat xlink:href="#sPointingRel2111" value="parataxis"/>
		<feat xlink:href="#sPointingRel2113" value="mark"/>
		<feat xlink:href="#sPointingRel2115" value="det"/>
		<feat xlink:href="#sPointingRel2117" value="nmod"/>
		<feat xlink:href="#sPointingRel2119" value="nsubj"/>
		<feat xlink:href="#sPointingRel2121" value="acl:relcl"/>
		<feat xlink:href="#sPointingRel2123" value="obj"/>
		<feat xlink:href="#sPointingRel2125" value="obj"/>
		<feat xlink:href="#sPointingRel2127" value="cop"/>
		<feat xlink:href="#sPointingRel2129" value="obj"/>
		<feat xlink:href="#sPointingRel2131" value="advmod"/>
		<feat xlink:href="#sPointingRel2133" value="nsubj"/>
		<feat xlink:href="#sPointingRel2135" value="aux"/>
		<feat xlink:href="#sPointingRel2137" value="nsubj"/>
		<feat xlink:href="#sPointingRel2139" value="obj"/>
		<feat xlink:href="#sPointingRel2141" value="case"/>
		<feat xlink:href="#sPointingRel2143" value="nsubj"/>
		<feat xlink:href="#sPointingRel2145" value="nsubj"/>
		<feat xlink:href="#sPointingRel2147" value="nsubj"/>
		<feat xlink:href="#sPointingRel2149" value="nsubj"/>
		<feat xlink:href="#sPointingRel2151" value="ccomp"/>
		<feat xlink:href="#sPointingRel2153" value="det"/>
		<feat xlink:href="#sPointingRel2155" value="acl:relcl"/>
		<feat xlink:href="#sPointingRel2157" value="obj"/>
		<feat xlink:href="#sPointingRel2159" value="nsubj"/>
		<feat xlink:href="#sPointingRel2161" value="conj"/>
		<feat xlink:href="#sPointingRel2163" value="nsubj"/>
		<feat xlink:href="#sPointingRel2165" value="det"/>
		<feat xlink:href="#sPointingRel2167" value="det"/>
		<feat xlink:href="#sPointingRel2169" value="cc"/>
		<feat xlink:href="#sPointingRel2171" value="aux"/>
		<feat xlink:href="#sPointingRel2173" value="det"/>
		<feat xlink:href="#sPointingRel2175" value="aux"/>
		<feat xlink:href="#sPointingRel2177" value="case"/>
		<feat xlink:href="#sPointingRel2179" value="case"/>
		<feat xlink:href="#sPointingRel2181" value="dislocated"/>
		<feat xlink:href="#sPointingRel2183" value="det"/>
		<feat xlink:href="#sPointingRel2185" value="conj"/>
		<feat xlink:href="#sPointingRel2187" value="obj"/>
		<feat xlink:href="#sPointingRel2189" value="case"/>
		<feat xlink:href="#sPointingRel2191" value="nsubj"/>
		<feat xlink:href="#sPointingRel2193" value="nsubj"/>
		<feat xlink:href="#sPointingRel2195" value="nsubj"/>
		<feat xlink:href="#sPointingRel2197" value="ccomp"/>
		<feat xlink:href="#sPointingRel2199" value="conj"/>
		<feat xlink:href="#sPointingRel2201" value="nsubj"/>
		<feat xlink:href="#sPointingRel2203" value="nsubj"/>
		<feat xlink:href="#sPointingRel2205" value="mark"/>
		<feat xlink:href="#sPointingRel2207" value="det"/>
		<feat xlink:href="#sPointingRel2209" value="case"/>
		<feat xlink:href="#sPointingRel2211" value="appos"/>
		<feat xlink:href="#sPointingRel2213" value="acl:relcl"/>
		<feat xlink:href="#sPointingRel2215" value="nsubj"/>
		<feat xlink:href="#sPointingRel2217" value="case"/>
		<feat xlink:href="#sPointingRel2219" value="nsubj"/>
		<feat xlink:href="#sPointingRel2221" value="det"/>
		<feat xlink:href="#sPointingRel2223" value="nsubj"/>
		<feat xlink:href="#sPointingRel2225" value="det"/>
		<feat xlink:href="#sPointingRel2227" value="nsubj"/>
		<feat xlink:href="#sPointingRel2229" value="case"/>
		<feat xlink:href="#sPointingRel2231" value="obl"/>
		<feat xlink:href="#sPointingRel2233" value="case"/>
		<feat xlink:href="#sPointingRel2235" value="advcl"/>
		<feat xlink:href="#sPointingRel2237" value="nsubj"/>
		<feat xlink:href="#sPointingRel2239" value="case"/>
		<feat xlink:href="#sPointingRel2241" value="mark"/>
		<feat xlink:href="#sPointingRel2243" value="case"/>
		<feat xlink:href="#sPointingRel2245" value="dislocated"/>
		<feat xlink:href="#sPointingRel2247" value="obj"/>
		<feat xlink:href="#sPointingRel2249" value="nmod"/>
		<feat xlink:href="#sPointingRel2251" value="det"/>
		<feat xlink:href="#sPointingRel2253" value="nmod"/>
		<feat xlink:href="#sPointingRel2255" value="det"/>
		<feat xlink:href="#sPointingRel2257" value="case"/>
		<feat xlink:href="#sPointingRel2259" value="obl"/>
		<feat xlink:href="#sPointingRel2261" value="obl"/></featList></paula>