<?xml version='1.0' encoding='UTF-8'?><!DOCTYPE paula SYSTEM "paula_feat.dtd">
<paula version="1.1">
	<header paula_id="scriptorium.cross.michbr287-290.mark_lang"/>
	<featList xmlns:xlink="http://www.w3.org/1999/xlink" type="lang" xml:base="scriptorium.cross.michbr287-290.mark.xml">
		<feat xlink:href="#sSpan59" value="Greek"/>
		<feat xlink:href="#sSpan67" value="Greek"/>
		<feat xlink:href="#sSpan84" value="Greek"/>
		<feat xlink:href="#sSpan220" value="Greek"/>
		<feat xlink:href="#sSpan312" value="Greek"/>
		<feat xlink:href="#sSpan418" value="Greek"/>
		<feat xlink:href="#sSpan443" value="Greek"/>
		<feat xlink:href="#sSpan482" value="Greek"/>
		<feat xlink:href="#sSpan499" value="Greek"/>
		<feat xlink:href="#sSpan547" value="Greek"/>
		<feat xlink:href="#sSpan565" value="Greek"/>
		<feat xlink:href="#sSpan577" value="Greek"/>
		<feat xlink:href="#sSpan638" value="Greek"/>
		<feat xlink:href="#sSpan722" value="Greek"/>
		<feat xlink:href="#sSpan756" value="Greek"/>
		<feat xlink:href="#sSpan768" value="Greek"/>
		<feat xlink:href="#sSpan790" value="Greek"/>
		<feat xlink:href="#sSpan830" value="Greek"/>
		<feat xlink:href="#sSpan843" value="Greek"/>
		<feat xlink:href="#sSpan896" value="Greek"/>
		<feat xlink:href="#sSpan980" value="Greek"/>
		<feat xlink:href="#sSpan992" value="Greek"/>
		<feat xlink:href="#sSpan1058" value="Greek"/>
		<feat xlink:href="#sSpan1069" value="Greek"/>
		<feat xlink:href="#sSpan1087" value="Greek"/>
		<feat xlink:href="#sSpan1150" value="Greek"/>
		<feat xlink:href="#sSpan1221" value="Greek"/>
		<feat xlink:href="#sSpan1262" value="Greek"/>
		<feat xlink:href="#sSpan1277" value="Greek"/>
		<feat xlink:href="#sSpan1291" value="Greek"/>
		<feat xlink:href="#sSpan1306" value="Greek"/>
		<feat xlink:href="#sSpan1317" value="Greek"/>
		<feat xlink:href="#sSpan1417" value="Greek"/>
		<feat xlink:href="#sSpan1444" value="Greek"/>
		<feat xlink:href="#sSpan1504" value="Greek"/>
		<feat xlink:href="#sSpan1544" value="Greek"/>
		<feat xlink:href="#sSpan1608" value="Greek"/>
		<feat xlink:href="#sSpan1667" value="Greek"/>
		<feat xlink:href="#sSpan1790" value="Greek"/>
		<feat xlink:href="#sSpan1823" value="Greek"/>
		<feat xlink:href="#sSpan1845" value="Greek"/>
		<feat xlink:href="#sSpan1869" value="Greek"/>
		<feat xlink:href="#sSpan1871" value="Greek"/>
		<feat xlink:href="#sSpan1950" value="Greek"/>
		<feat xlink:href="#sSpan1958" value="Hebrew"/>
		<feat xlink:href="#sSpan1966" value="Greek"/>
		<feat xlink:href="#sSpan1971" value="Greek"/>
		<feat xlink:href="#sSpan2026" value="Greek"/>
		<feat xlink:href="#sSpan2050" value="Greek"/>
		<feat xlink:href="#sSpan2103" value="Greek"/>
		<feat xlink:href="#sSpan2132" value="Greek"/>
		<feat xlink:href="#sSpan2152" value="Greek"/>
		<feat xlink:href="#sSpan2188" value="Greek"/>
		<feat xlink:href="#sSpan2199" value="Greek"/>
		<feat xlink:href="#sSpan2212" value="Hebrew"/>
		<feat xlink:href="#sSpan2221" value="Greek"/>
		<feat xlink:href="#sSpan2236" value="Greek"/>
		<feat xlink:href="#sSpan2251" value="Greek"/>
		<feat xlink:href="#sSpan2289" value="Greek"/>
		<feat xlink:href="#sSpan2307" value="Greek"/>
		<feat xlink:href="#sSpan2368" value="Greek"/>
		<feat xlink:href="#sSpan2396" value="Greek"/>
		<feat xlink:href="#sSpan2451" value="Greek"/>
		<feat xlink:href="#sSpan2497" value="Greek"/>
		<feat xlink:href="#sSpan2528" value="Greek"/>
		<feat xlink:href="#sSpan2563" value="Greek"/>
		<feat xlink:href="#sSpan2576" value="Greek"/>
		<feat xlink:href="#sSpan2595" value="Hebrew"/>
		<feat xlink:href="#sSpan2604" value="Greek"/>
		<feat xlink:href="#sSpan2775" value="Greek"/>
		<feat xlink:href="#sSpan2861" value="Greek"/>
		<feat xlink:href="#sSpan3123" value="Greek"/>
		<feat xlink:href="#sSpan3174" value="Greek"/>
		<feat xlink:href="#sSpan3254" value="Greek"/>
		<feat xlink:href="#sSpan3271" value="Greek"/>
		<feat xlink:href="#sSpan3292" value="Greek"/>
		<feat xlink:href="#sSpan3306" value="Greek"/>
		<feat xlink:href="#sSpan3404" value="Greek"/>
		<feat xlink:href="#sSpan3412" value="Greek"/>
		<feat xlink:href="#sSpan3489" value="Greek"/>
		<feat xlink:href="#sSpan3511" value="Greek"/>
		<feat xlink:href="#sSpan3554" value="Greek"/>
		<feat xlink:href="#sSpan3636" value="Greek"/>
		<feat xlink:href="#sSpan3702" value="Greek"/>
		<feat xlink:href="#sSpan3734" value="Greek"/>
		<feat xlink:href="#sSpan3782" value="Greek"/>
		<feat xlink:href="#sSpan3826" value="Greek"/>
		<feat xlink:href="#sSpan3879" value="Greek"/>
		<feat xlink:href="#sSpan3930" value="Greek"/>
		<feat xlink:href="#sSpan3964" value="Greek"/>
		<feat xlink:href="#sSpan4107" value="Greek"/>
		<feat xlink:href="#sSpan4147" value="Hebrew"/>
		<feat xlink:href="#sSpan4155" value="Hebrew"/>
		<feat xlink:href="#sSpan4214" value="Greek"/>
		<feat xlink:href="#sSpan4284" value="Greek"/>
		<feat xlink:href="#sSpan4346" value="Greek"/>
		<feat xlink:href="#sSpan4373" value="Greek"/>
		<feat xlink:href="#sSpan4560" value="Greek"/>
		<feat xlink:href="#sSpan4616" value="Hebrew"/>
		<feat xlink:href="#sSpan4628" value="Greek"/></featList></paula>