<?xml version='1.0' encoding='UTF-8'?><!DOCTYPE paula SYSTEM "paula_mark.dtd">
<paula version="1.1">
	<header paula_id="1Cor_05.tok"/>
	<markList xmlns:xlink="http://www.w3.org/1999/xlink" type="tok" xml:base="1Cor_05.text.xml">
		<!--ⲥⲉ-->
		<mark id="sTok1" xlink:href="#xpointer(string-range(//body,'',1,2))"/>
		<!--ⲥⲱⲧⲙ-->
		<mark id="sTok2" xlink:href="#xpointer(string-range(//body,'',4,4))"/>
		<!--ⲣⲱ-->
		<mark id="sTok3" xlink:href="#xpointer(string-range(//body,'',9,2))"/>
		<!--ⲉ-->
		<mark id="sTok4" xlink:href="#xpointer(string-range(//body,'',12,1))"/>
		<!--ⲩ-->
		<mark id="sTok5" xlink:href="#xpointer(string-range(//body,'',14,1))"/>
		<!--ⲡⲟⲣⲛⲉⲓⲁ-->
		<mark id="sTok6" xlink:href="#xpointer(string-range(//body,'',16,7))"/>
		<!--ⲛϩⲏⲧ-->
		<mark id="sTok7" xlink:href="#xpointer(string-range(//body,'',24,4))"/>
		<!--ⲧⲏⲩⲧⲛ-->
		<mark id="sTok8" xlink:href="#xpointer(string-range(//body,'',29,5))"/>
		<!--ⲁⲩⲱ-->
		<mark id="sTok9" xlink:href="#xpointer(string-range(//body,'',35,3))"/>
		<!--ⲟⲩ-->
		<mark id="sTok10" xlink:href="#xpointer(string-range(//body,'',39,2))"/>
		<!--ⲡⲟⲣⲛⲉⲓⲁ-->
		<mark id="sTok11" xlink:href="#xpointer(string-range(//body,'',42,7))"/>
		<!--ⲛ-->
		<mark id="sTok12" xlink:href="#xpointer(string-range(//body,'',50,1))"/>
		<!--ⲧⲉⲉⲓ-->
		<mark id="sTok13" xlink:href="#xpointer(string-range(//body,'',52,4))"/>
		<!--ⲙⲓⲛⲉ-->
		<mark id="sTok14" xlink:href="#xpointer(string-range(//body,'',57,4))"/>
		<!--ⲉ-->
		<mark id="sTok15" xlink:href="#xpointer(string-range(//body,'',62,1))"/>
		<!--ⲛ-->
		<mark id="sTok16" xlink:href="#xpointer(string-range(//body,'',64,1))"/>
		<!--ⲥ-->
		<mark id="sTok17" xlink:href="#xpointer(string-range(//body,'',66,1))"/>
		<!--ϩⲛ-->
		<mark id="sTok18" xlink:href="#xpointer(string-range(//body,'',68,2))"/>
		<!--ⲛ-->
		<mark id="sTok19" xlink:href="#xpointer(string-range(//body,'',71,1))"/>
		<!--ⲕⲉ-->
		<mark id="sTok20" xlink:href="#xpointer(string-range(//body,'',73,2))"/>
		<!--ϩⲉⲑⲛⲟⲥ-->
		<mark id="sTok21" xlink:href="#xpointer(string-range(//body,'',76,6))"/>
		<!--ⲁⲛ-->
		<mark id="sTok22" xlink:href="#xpointer(string-range(//body,'',83,2))"/>
		<!--.-->
		<mark id="sTok23" xlink:href="#xpointer(string-range(//body,'',86,1))"/>
		<!--ϩⲱⲥⲧⲉ-->
		<mark id="sTok24" xlink:href="#xpointer(string-range(//body,'',88,5))"/>
		<!--ⲉ-->
		<mark id="sTok25" xlink:href="#xpointer(string-range(//body,'',94,1))"/>
		<!--ⲧⲣⲉ-->
		<mark id="sTok26" xlink:href="#xpointer(string-range(//body,'',96,3))"/>
		<!--ⲟⲩⲁ-->
		<mark id="sTok27" xlink:href="#xpointer(string-range(//body,'',100,3))"/>
		<!--ϫⲓ-->
		<mark id="sTok28" xlink:href="#xpointer(string-range(//body,'',104,2))"/>
		<!--ⲑ-->
		<mark id="sTok29" xlink:href="#xpointer(string-range(//body,'',107,1))"/>
		<!--ⲓⲙⲉ-->
		<mark id="sTok30" xlink:href="#xpointer(string-range(//body,'',109,3))"/>
		<!--ⲙ-->
		<mark id="sTok31" xlink:href="#xpointer(string-range(//body,'',113,1))"/>
		<!--ⲡⲉϥ-->
		<mark id="sTok32" xlink:href="#xpointer(string-range(//body,'',115,3))"/>
		<!--ⲉⲓⲱⲧ-->
		<mark id="sTok33" xlink:href="#xpointer(string-range(//body,'',119,4))"/>
		<!--.-->
		<mark id="sTok34" xlink:href="#xpointer(string-range(//body,'',124,1))"/>
		<!--ⲁⲩⲱ-->
		<mark id="sTok35" xlink:href="#xpointer(string-range(//body,'',126,3))"/>
		<!--ⲛⲧⲱⲧⲛ-->
		<mark id="sTok36" xlink:href="#xpointer(string-range(//body,'',130,5))"/>
		<!--ⲧⲉⲧⲛ-->
		<mark id="sTok37" xlink:href="#xpointer(string-range(//body,'',136,4))"/>
		<!--ϫⲟⲥⲉ-->
		<mark id="sTok38" xlink:href="#xpointer(string-range(//body,'',141,4))"/>
		<!--ⲛ-->
		<mark id="sTok39" xlink:href="#xpointer(string-range(//body,'',146,1))"/>
		<!--ϩⲏⲧ-->
		<mark id="sTok40" xlink:href="#xpointer(string-range(//body,'',148,3))"/>
		<!--ⲁⲩⲱ-->
		<mark id="sTok41" xlink:href="#xpointer(string-range(//body,'',152,3))"/>
		<!--ⲛⲧ-->
		<mark id="sTok42" xlink:href="#xpointer(string-range(//body,'',156,2))"/>
		<!--ⲁ-->
		<mark id="sTok43" xlink:href="#xpointer(string-range(//body,'',159,1))"/>
		<!--ⲧⲉⲧⲛ-->
		<mark id="sTok44" xlink:href="#xpointer(string-range(//body,'',161,4))"/>
		<!--ⲣ-->
		<mark id="sTok45" xlink:href="#xpointer(string-range(//body,'',166,1))"/>
		<!--ϩⲏⲃⲉ-->
		<mark id="sTok46" xlink:href="#xpointer(string-range(//body,'',168,4))"/>
		<!--ⲁⲛ-->
		<mark id="sTok47" xlink:href="#xpointer(string-range(//body,'',173,2))"/>
		<!--ⲛϩⲟⲩⲟ-->
		<mark id="sTok48" xlink:href="#xpointer(string-range(//body,'',176,5))"/>
		<!--.-->
		<mark id="sTok49" xlink:href="#xpointer(string-range(//body,'',182,1))"/>
		<!--ϫⲉⲕⲁⲁⲥ-->
		<mark id="sTok50" xlink:href="#xpointer(string-range(//body,'',184,6))"/>
		<!--ⲉⲩⲉ-->
		<mark id="sTok51" xlink:href="#xpointer(string-range(//body,'',191,3))"/>
		<!--ϥⲓ-->
		<mark id="sTok52" xlink:href="#xpointer(string-range(//body,'',195,2))"/>
		<!--ϩⲛ-->
		<mark id="sTok53" xlink:href="#xpointer(string-range(//body,'',198,2))"/>
		<!--ⲧⲉⲧⲛ-->
		<mark id="sTok54" xlink:href="#xpointer(string-range(//body,'',201,4))"/>
		<!--ⲙⲏⲧⲉ-->
		<mark id="sTok55" xlink:href="#xpointer(string-range(//body,'',206,4))"/>
		<!--ⲙ-->
		<mark id="sTok56" xlink:href="#xpointer(string-range(//body,'',211,1))"/>
		<!--ⲡ-->
		<mark id="sTok57" xlink:href="#xpointer(string-range(//body,'',213,1))"/>
		<!--ⲉⲛⲧ-->
		<mark id="sTok58" xlink:href="#xpointer(string-range(//body,'',215,3))"/>
		<!--ⲁ-->
		<mark id="sTok59" xlink:href="#xpointer(string-range(//body,'',219,1))"/>
		<!--ϥ-->
		<mark id="sTok60" xlink:href="#xpointer(string-range(//body,'',221,1))"/>
		<!--ⲉⲓⲣⲉ-->
		<mark id="sTok61" xlink:href="#xpointer(string-range(//body,'',223,4))"/>
		<!--ⲙ-->
		<mark id="sTok62" xlink:href="#xpointer(string-range(//body,'',228,1))"/>
		<!--ⲡⲉⲉⲓ-->
		<mark id="sTok63" xlink:href="#xpointer(string-range(//body,'',230,4))"/>
		<!--ϩⲱⲃ-->
		<mark id="sTok64" xlink:href="#xpointer(string-range(//body,'',235,3))"/>
		<!--.-->
		<mark id="sTok65" xlink:href="#xpointer(string-range(//body,'',239,1))"/>
		<!--ⲁⲛⲟⲕ-->
		<mark id="sTok66" xlink:href="#xpointer(string-range(//body,'',241,4))"/>
		<!--ⲅⲁⲣ-->
		<mark id="sTok67" xlink:href="#xpointer(string-range(//body,'',246,3))"/>
		<!--ⲉ-->
		<mark id="sTok68" xlink:href="#xpointer(string-range(//body,'',250,1))"/>
		<!--ⲛ-->
		<mark id="sTok69" xlink:href="#xpointer(string-range(//body,'',252,1))"/>
		<!--ϯ-->
		<mark id="sTok70" xlink:href="#xpointer(string-range(//body,'',254,1))"/>
		<!--ϩⲁⲧⲉ-->
		<mark id="sTok71" xlink:href="#xpointer(string-range(//body,'',256,4))"/>
		<!--ⲧⲏⲩⲧⲛ-->
		<mark id="sTok72" xlink:href="#xpointer(string-range(//body,'',261,5))"/>
		<!--ⲁⲛ-->
		<mark id="sTok73" xlink:href="#xpointer(string-range(//body,'',267,2))"/>
		<!--ϩⲙ-->
		<mark id="sTok74" xlink:href="#xpointer(string-range(//body,'',270,2))"/>
		<!--ⲡ-->
		<mark id="sTok75" xlink:href="#xpointer(string-range(//body,'',273,1))"/>
		<!--ⲥⲱⲙⲁ-->
		<mark id="sTok76" xlink:href="#xpointer(string-range(//body,'',275,4))"/>
		<!--.-->
		<mark id="sTok77" xlink:href="#xpointer(string-range(//body,'',280,1))"/>
		<!--ⲉ-->
		<mark id="sTok78" xlink:href="#xpointer(string-range(//body,'',282,1))"/>
		<!--ⲓ-->
		<mark id="sTok79" xlink:href="#xpointer(string-range(//body,'',284,1))"/>
		<!--ϩⲁⲧⲉ-->
		<mark id="sTok80" xlink:href="#xpointer(string-range(//body,'',286,4))"/>
		<!--ⲧⲏⲩⲧⲛ-->
		<mark id="sTok81" xlink:href="#xpointer(string-range(//body,'',291,5))"/>
		<!--ⲇⲉ-->
		<mark id="sTok82" xlink:href="#xpointer(string-range(//body,'',297,2))"/>
		<!--ϩⲙ-->
		<mark id="sTok83" xlink:href="#xpointer(string-range(//body,'',300,2))"/>
		<!--ⲡⲉ-->
		<mark id="sTok84" xlink:href="#xpointer(string-range(//body,'',303,2))"/>
		<!--ⲡⲛⲉⲩⲙⲁ-->
		<mark id="sTok85" xlink:href="#xpointer(string-range(//body,'',306,6))"/>
		<!--.-->
		<mark id="sTok86" xlink:href="#xpointer(string-range(//body,'',313,1))"/>
		<!--ⲁ-->
		<mark id="sTok87" xlink:href="#xpointer(string-range(//body,'',315,1))"/>
		<!--ⲓ-->
		<mark id="sTok88" xlink:href="#xpointer(string-range(//body,'',317,1))"/>
		<!--ⲟⲩⲱ-->
		<mark id="sTok89" xlink:href="#xpointer(string-range(//body,'',319,3))"/>
		<!--ⲉ-->
		<mark id="sTok90" xlink:href="#xpointer(string-range(//body,'',323,1))"/>
		<!--ⲓ-->
		<mark id="sTok91" xlink:href="#xpointer(string-range(//body,'',325,1))"/>
		<!--ⲕⲣⲓⲛⲉ-->
		<mark id="sTok92" xlink:href="#xpointer(string-range(//body,'',327,5))"/>
		<!--ϩⲱⲥ-->
		<mark id="sTok93" xlink:href="#xpointer(string-range(//body,'',333,3))"/>
		<!--ⲉ-->
		<mark id="sTok94" xlink:href="#xpointer(string-range(//body,'',337,1))"/>
		<!--ⲓ-->
		<mark id="sTok95" xlink:href="#xpointer(string-range(//body,'',339,1))"/>
		<!--ϩⲁⲧⲛ-->
		<mark id="sTok96" xlink:href="#xpointer(string-range(//body,'',341,4))"/>
		<!--ⲧⲏⲩⲧⲛ-->
		<mark id="sTok97" xlink:href="#xpointer(string-range(//body,'',346,5))"/>
		<!--ⲙ-->
		<mark id="sTok98" xlink:href="#xpointer(string-range(//body,'',352,1))"/>
		<!--ⲡ-->
		<mark id="sTok99" xlink:href="#xpointer(string-range(//body,'',354,1))"/>
		<!--ⲉⲛⲧ-->
		<mark id="sTok100" xlink:href="#xpointer(string-range(//body,'',356,3))"/>
		<!--ⲁ-->
		<mark id="sTok101" xlink:href="#xpointer(string-range(//body,'',360,1))"/>
		<!--ϥ-->
		<mark id="sTok102" xlink:href="#xpointer(string-range(//body,'',362,1))"/>
		<!--ⲉⲓⲣⲉ-->
		<mark id="sTok103" xlink:href="#xpointer(string-range(//body,'',364,4))"/>
		<!--ⲙ-->
		<mark id="sTok104" xlink:href="#xpointer(string-range(//body,'',369,1))"/>
		<!--ⲡⲉⲉⲓ-->
		<mark id="sTok105" xlink:href="#xpointer(string-range(//body,'',371,4))"/>
		<!--ϩⲱⲃ-->
		<mark id="sTok106" xlink:href="#xpointer(string-range(//body,'',376,3))"/>
		<!--ⲛ-->
		<mark id="sTok107" xlink:href="#xpointer(string-range(//body,'',380,1))"/>
		<!--ⲧⲉⲓ-->
		<mark id="sTok108" xlink:href="#xpointer(string-range(//body,'',382,3))"/>
		<!--ϩⲉ-->
		<mark id="sTok109" xlink:href="#xpointer(string-range(//body,'',386,2))"/>
		<!--.-->
		<mark id="sTok110" xlink:href="#xpointer(string-range(//body,'',389,1))"/>
		<!--ⲉ-->
		<mark id="sTok111" xlink:href="#xpointer(string-range(//body,'',391,1))"/>
		<!--ⲁ-->
		<mark id="sTok112" xlink:href="#xpointer(string-range(//body,'',393,1))"/>
		<!--ⲧⲉⲧⲛ-->
		<mark id="sTok113" xlink:href="#xpointer(string-range(//body,'',395,4))"/>
		<!--ⲥⲱⲟⲩϩ-->
		<mark id="sTok114" xlink:href="#xpointer(string-range(//body,'',400,5))"/>
		<!--ⲉϩⲟⲩⲛ-->
		<mark id="sTok115" xlink:href="#xpointer(string-range(//body,'',406,5))"/>
		<!--ⲉ-->
		<mark id="sTok116" xlink:href="#xpointer(string-range(//body,'',412,1))"/>
		<!--ⲛⲉⲧⲛ-->
		<mark id="sTok117" xlink:href="#xpointer(string-range(//body,'',414,4))"/>
		<!--ⲉⲣⲏⲩ-->
		<mark id="sTok118" xlink:href="#xpointer(string-range(//body,'',419,4))"/>
		<!--ϩⲙ-->
		<mark id="sTok119" xlink:href="#xpointer(string-range(//body,'',424,2))"/>
		<!--ⲡ-->
		<mark id="sTok120" xlink:href="#xpointer(string-range(//body,'',427,1))"/>
		<!--ⲣⲁⲛ-->
		<mark id="sTok121" xlink:href="#xpointer(string-range(//body,'',429,3))"/>
		<!--ⲙ-->
		<mark id="sTok122" xlink:href="#xpointer(string-range(//body,'',433,1))"/>
		<!--ⲡⲉⲛ-->
		<mark id="sTok123" xlink:href="#xpointer(string-range(//body,'',435,3))"/>
		<!--ϫⲟⲉⲓⲥ-->
		<mark id="sTok124" xlink:href="#xpointer(string-range(//body,'',439,5))"/>
		<!--ⲓⲏⲥⲟⲩⲥ-->
		<mark id="sTok125" xlink:href="#xpointer(string-range(//body,'',445,6))"/>
		<!--ⲡⲉ-->
		<mark id="sTok126" xlink:href="#xpointer(string-range(//body,'',452,2))"/>
		<!--ⲭⲣⲓⲥⲧⲟⲥ-->
		<mark id="sTok127" xlink:href="#xpointer(string-range(//body,'',455,7))"/>
		<!--ⲙⲛ-->
		<mark id="sTok128" xlink:href="#xpointer(string-range(//body,'',463,2))"/>
		<!--ⲡⲁ-->
		<mark id="sTok129" xlink:href="#xpointer(string-range(//body,'',466,2))"/>
		<!--ⲡⲛⲉⲩⲙⲁ-->
		<mark id="sTok130" xlink:href="#xpointer(string-range(//body,'',469,6))"/>
		<!--ⲙⲛ-->
		<mark id="sTok131" xlink:href="#xpointer(string-range(//body,'',476,2))"/>
		<!--ⲧ-->
		<mark id="sTok132" xlink:href="#xpointer(string-range(//body,'',479,1))"/>
		<!--ϭⲟⲙ-->
		<mark id="sTok133" xlink:href="#xpointer(string-range(//body,'',481,3))"/>
		<!--ⲙ-->
		<mark id="sTok134" xlink:href="#xpointer(string-range(//body,'',485,1))"/>
		<!--ⲡⲉⲛ-->
		<mark id="sTok135" xlink:href="#xpointer(string-range(//body,'',487,3))"/>
		<!--ϫⲟⲉⲓⲥ-->
		<mark id="sTok136" xlink:href="#xpointer(string-range(//body,'',491,5))"/>
		<!--ⲓⲏⲥⲟⲩⲥ-->
		<mark id="sTok137" xlink:href="#xpointer(string-range(//body,'',497,6))"/>
		<!--.-->
		<mark id="sTok138" xlink:href="#xpointer(string-range(//body,'',504,1))"/>
		<!--ⲉ-->
		<mark id="sTok139" xlink:href="#xpointer(string-range(//body,'',506,1))"/>
		<!--ϯ-->
		<mark id="sTok140" xlink:href="#xpointer(string-range(//body,'',508,1))"/>
		<!--ⲙ-->
		<mark id="sTok141" xlink:href="#xpointer(string-range(//body,'',510,1))"/>
		<!--ⲡⲁⲓ-->
		<mark id="sTok142" xlink:href="#xpointer(string-range(//body,'',512,3))"/>
		<!--ⲛ-->
		<mark id="sTok143" xlink:href="#xpointer(string-range(//body,'',516,1))"/>
		<!--ⲧⲉⲉⲓ-->
		<mark id="sTok144" xlink:href="#xpointer(string-range(//body,'',518,4))"/>
		<!--ⲙⲓⲛⲉ-->
		<mark id="sTok145" xlink:href="#xpointer(string-range(//body,'',523,4))"/>
		<!--ⲙ-->
		<mark id="sTok146" xlink:href="#xpointer(string-range(//body,'',528,1))"/>
		<!--ⲡ-->
		<mark id="sTok147" xlink:href="#xpointer(string-range(//body,'',530,1))"/>
		<!--ⲥⲁⲧⲁⲛⲁⲥ-->
		<mark id="sTok148" xlink:href="#xpointer(string-range(//body,'',532,7))"/>
		<!--ⲉ-->
		<mark id="sTok149" xlink:href="#xpointer(string-range(//body,'',540,1))"/>
		<!--ⲩ-->
		<mark id="sTok150" xlink:href="#xpointer(string-range(//body,'',542,1))"/>
		<!--ⲧⲁⲕⲟ-->
		<mark id="sTok151" xlink:href="#xpointer(string-range(//body,'',544,4))"/>
		<!--ⲛ-->
		<mark id="sTok152" xlink:href="#xpointer(string-range(//body,'',549,1))"/>
		<!--ⲧ-->
		<mark id="sTok153" xlink:href="#xpointer(string-range(//body,'',551,1))"/>
		<!--ⲥⲁⲣⲝ-->
		<mark id="sTok154" xlink:href="#xpointer(string-range(//body,'',553,4))"/>
		<!--.-->
		<mark id="sTok155" xlink:href="#xpointer(string-range(//body,'',558,1))"/>
		<!--ϫⲉ-->
		<mark id="sTok156" xlink:href="#xpointer(string-range(//body,'',560,2))"/>
		<!--ⲉⲣⲉ-->
		<mark id="sTok157" xlink:href="#xpointer(string-range(//body,'',563,3))"/>
		<!--ⲡⲉ-->
		<mark id="sTok158" xlink:href="#xpointer(string-range(//body,'',567,2))"/>
		<!--ⲡⲛⲉⲩⲙⲁ-->
		<mark id="sTok159" xlink:href="#xpointer(string-range(//body,'',570,6))"/>
		<!--ⲟⲩϫⲁⲓ-->
		<mark id="sTok160" xlink:href="#xpointer(string-range(//body,'',577,5))"/>
		<!--ϩⲙ-->
		<mark id="sTok161" xlink:href="#xpointer(string-range(//body,'',583,2))"/>
		<!--ⲡⲉ-->
		<mark id="sTok162" xlink:href="#xpointer(string-range(//body,'',586,2))"/>
		<!--ϩⲟⲟⲩ-->
		<mark id="sTok163" xlink:href="#xpointer(string-range(//body,'',589,4))"/>
		<!--ⲙ-->
		<mark id="sTok164" xlink:href="#xpointer(string-range(//body,'',594,1))"/>
		<!--ⲡⲉⲛ-->
		<mark id="sTok165" xlink:href="#xpointer(string-range(//body,'',596,3))"/>
		<!--ϫⲟⲉⲓⲥ-->
		<mark id="sTok166" xlink:href="#xpointer(string-range(//body,'',600,5))"/>
		<!--ⲓⲏⲥⲟⲩⲥ-->
		<mark id="sTok167" xlink:href="#xpointer(string-range(//body,'',606,6))"/>
		<!--ⲡⲉ-->
		<mark id="sTok168" xlink:href="#xpointer(string-range(//body,'',613,2))"/>
		<!--ⲭⲣⲓⲥⲧⲟⲥ-->
		<mark id="sTok169" xlink:href="#xpointer(string-range(//body,'',616,7))"/>
		<!--.-->
		<mark id="sTok170" xlink:href="#xpointer(string-range(//body,'',624,1))"/>
		<!--ⲛ-->
		<mark id="sTok171" xlink:href="#xpointer(string-range(//body,'',626,1))"/>
		<!--ⲛⲁⲛⲟⲩ-->
		<mark id="sTok172" xlink:href="#xpointer(string-range(//body,'',628,5))"/>
		<!--ⲡⲉⲧⲛ-->
		<mark id="sTok173" xlink:href="#xpointer(string-range(//body,'',634,4))"/>
		<!--ϣⲟⲩϣⲟⲩ-->
		<mark id="sTok174" xlink:href="#xpointer(string-range(//body,'',639,6))"/>
		<!--ⲁⲛ-->
		<mark id="sTok175" xlink:href="#xpointer(string-range(//body,'',646,2))"/>
		<!--.-->
		<mark id="sTok176" xlink:href="#xpointer(string-range(//body,'',649,1))"/>
		<!--ⲛ-->
		<mark id="sTok177" xlink:href="#xpointer(string-range(//body,'',651,1))"/>
		<!--ⲧⲉⲧⲛ-->
		<mark id="sTok178" xlink:href="#xpointer(string-range(//body,'',653,4))"/>
		<!--ⲥⲟⲟⲩⲛ-->
		<mark id="sTok179" xlink:href="#xpointer(string-range(//body,'',658,5))"/>
		<!--ⲁⲛ-->
		<mark id="sTok180" xlink:href="#xpointer(string-range(//body,'',664,2))"/>
		<!--ϫⲉ-->
		<mark id="sTok181" xlink:href="#xpointer(string-range(//body,'',667,2))"/>
		<!--ϣⲁⲣⲉ-->
		<mark id="sTok182" xlink:href="#xpointer(string-range(//body,'',670,4))"/>
		<!--ⲟⲩ-->
		<mark id="sTok183" xlink:href="#xpointer(string-range(//body,'',675,2))"/>
		<!--ⲕⲟⲩⲓ-->
		<mark id="sTok184" xlink:href="#xpointer(string-range(//body,'',678,4))"/>
		<!--ⲛ-->
		<mark id="sTok185" xlink:href="#xpointer(string-range(//body,'',683,1))"/>
		<!--ⲑⲁⲃ-->
		<mark id="sTok186" xlink:href="#xpointer(string-range(//body,'',685,3))"/>
		<!--ⲧⲣⲉ-->
		<mark id="sTok187" xlink:href="#xpointer(string-range(//body,'',689,3))"/>
		<!--ⲡ-->
		<mark id="sTok188" xlink:href="#xpointer(string-range(//body,'',693,1))"/>
		<!--ⲟⲩⲱϣⲙ-->
		<mark id="sTok189" xlink:href="#xpointer(string-range(//body,'',695,5))"/>
		<!--ⲧⲏⲣ-->
		<mark id="sTok190" xlink:href="#xpointer(string-range(//body,'',701,3))"/>
		<!--ϥ-->
		<mark id="sTok191" xlink:href="#xpointer(string-range(//body,'',705,1))"/>
		<!--ϥⲓ-->
		<mark id="sTok192" xlink:href="#xpointer(string-range(//body,'',707,2))"/>
		<!--.-->
		<mark id="sTok193" xlink:href="#xpointer(string-range(//body,'',710,1))"/>
		<!--ϥⲓ-->
		<mark id="sTok194" xlink:href="#xpointer(string-range(//body,'',712,2))"/>
		<!--ⲙ-->
		<mark id="sTok195" xlink:href="#xpointer(string-range(//body,'',715,1))"/>
		<!--ⲡⲓ-->
		<mark id="sTok196" xlink:href="#xpointer(string-range(//body,'',717,2))"/>
		<!--ⲑⲁⲃ-->
		<mark id="sTok197" xlink:href="#xpointer(string-range(//body,'',720,3))"/>
		<!--ⲛ-->
		<mark id="sTok198" xlink:href="#xpointer(string-range(//body,'',724,1))"/>
		<!--ⲁⲥ-->
		<mark id="sTok199" xlink:href="#xpointer(string-range(//body,'',726,2))"/>
		<!--ⲉⲃⲟⲗ-->
		<mark id="sTok200" xlink:href="#xpointer(string-range(//body,'',729,4))"/>
		<!--ⲛϩⲏⲧ-->
		<mark id="sTok201" xlink:href="#xpointer(string-range(//body,'',734,4))"/>
		<!--ⲧⲏⲩⲧⲛ-->
		<mark id="sTok202" xlink:href="#xpointer(string-range(//body,'',739,5))"/>
		<!--ϫⲉ-->
		<mark id="sTok203" xlink:href="#xpointer(string-range(//body,'',745,2))"/>
		<!--ⲉⲧⲉⲧⲛⲉ-->
		<mark id="sTok204" xlink:href="#xpointer(string-range(//body,'',748,6))"/>
		<!--ϣⲱⲡⲉ-->
		<mark id="sTok205" xlink:href="#xpointer(string-range(//body,'',755,4))"/>
		<!--ⲛ-->
		<mark id="sTok206" xlink:href="#xpointer(string-range(//body,'',760,1))"/>
		<!--ⲟⲩ-->
		<mark id="sTok207" xlink:href="#xpointer(string-range(//body,'',762,2))"/>
		<!--ⲟⲩⲱϣⲙ-->
		<mark id="sTok208" xlink:href="#xpointer(string-range(//body,'',765,5))"/>
		<!--ⲛ-->
		<mark id="sTok209" xlink:href="#xpointer(string-range(//body,'',771,1))"/>
		<!--ⲃⲣⲣⲉ-->
		<mark id="sTok210" xlink:href="#xpointer(string-range(//body,'',773,4))"/>
		<!--ⲕⲁⲧⲁ-->
		<mark id="sTok211" xlink:href="#xpointer(string-range(//body,'',778,4))"/>
		<!--ⲧ-->
		<mark id="sTok212" xlink:href="#xpointer(string-range(//body,'',783,1))"/>
		<!--ϩⲉ-->
		<mark id="sTok213" xlink:href="#xpointer(string-range(//body,'',785,2))"/>
		<!--ⲉ-->
		<mark id="sTok214" xlink:href="#xpointer(string-range(//body,'',788,1))"/>
		<!--ⲛⲧⲉⲧⲛ-->
		<mark id="sTok215" xlink:href="#xpointer(string-range(//body,'',790,5))"/>
		<!--ϩⲉⲛ-->
		<mark id="sTok216" xlink:href="#xpointer(string-range(//body,'',796,3))"/>
		<!--ⲁ-->
		<mark id="sTok217" xlink:href="#xpointer(string-range(//body,'',800,1))"/>
		<!--ⲑⲁⲃ-->
		<mark id="sTok218" xlink:href="#xpointer(string-range(//body,'',802,3))"/>
		<!--.-->
		<mark id="sTok219" xlink:href="#xpointer(string-range(//body,'',806,1))"/>
		<!--ⲕⲁⲓ-->
		<mark id="sTok220" xlink:href="#xpointer(string-range(//body,'',808,3))"/>
		<!--ⲅⲁⲣ-->
		<mark id="sTok221" xlink:href="#xpointer(string-range(//body,'',812,3))"/>
		<!--ⲁ-->
		<mark id="sTok222" xlink:href="#xpointer(string-range(//body,'',816,1))"/>
		<!--ⲩ-->
		<mark id="sTok223" xlink:href="#xpointer(string-range(//body,'',818,1))"/>
		<!--ϣⲱⲱⲧ-->
		<mark id="sTok224" xlink:href="#xpointer(string-range(//body,'',820,4))"/>
		<!--ⲙ-->
		<mark id="sTok225" xlink:href="#xpointer(string-range(//body,'',825,1))"/>
		<!--ⲡⲉⲛ-->
		<mark id="sTok226" xlink:href="#xpointer(string-range(//body,'',827,3))"/>
		<!--ⲡⲁⲥⲭⲁ-->
		<mark id="sTok227" xlink:href="#xpointer(string-range(//body,'',831,5))"/>
		<!--ϩⲁⲣⲟ-->
		<mark id="sTok228" xlink:href="#xpointer(string-range(//body,'',837,4))"/>
		<!--ⲛ-->
		<mark id="sTok229" xlink:href="#xpointer(string-range(//body,'',842,1))"/>
		<!--ⲡⲉ-->
		<mark id="sTok230" xlink:href="#xpointer(string-range(//body,'',844,2))"/>
		<!--ⲭⲣⲓⲥⲧⲟⲥ-->
		<mark id="sTok231" xlink:href="#xpointer(string-range(//body,'',847,7))"/>
		<!--.-->
		<mark id="sTok232" xlink:href="#xpointer(string-range(//body,'',855,1))"/>
		<!--ϩⲱⲥⲧⲉ-->
		<mark id="sTok233" xlink:href="#xpointer(string-range(//body,'',857,5))"/>
		<!--ⲙⲁⲣ-->
		<mark id="sTok234" xlink:href="#xpointer(string-range(//body,'',863,3))"/>
		<!--ⲛ-->
		<mark id="sTok235" xlink:href="#xpointer(string-range(//body,'',867,1))"/>
		<!--ⲣ-->
		<mark id="sTok236" xlink:href="#xpointer(string-range(//body,'',869,1))"/>
		<!--ϣⲁ-->
		<mark id="sTok237" xlink:href="#xpointer(string-range(//body,'',871,2))"/>
		<!--ϩⲛ-->
		<mark id="sTok238" xlink:href="#xpointer(string-range(//body,'',874,2))"/>
		<!--ⲟⲩ-->
		<mark id="sTok239" xlink:href="#xpointer(string-range(//body,'',877,2))"/>
		<!--ⲑⲁⲃ-->
		<mark id="sTok240" xlink:href="#xpointer(string-range(//body,'',880,3))"/>
		<!--ⲁⲛ-->
		<mark id="sTok241" xlink:href="#xpointer(string-range(//body,'',884,2))"/>
		<!--ⲛ-->
		<mark id="sTok242" xlink:href="#xpointer(string-range(//body,'',887,1))"/>
		<!--ⲁⲥ-->
		<mark id="sTok243" xlink:href="#xpointer(string-range(//body,'',889,2))"/>
		<!--.-->
		<mark id="sTok244" xlink:href="#xpointer(string-range(//body,'',892,1))"/>
		<!--ⲟⲩⲇⲉ-->
		<mark id="sTok245" xlink:href="#xpointer(string-range(//body,'',894,4))"/>
		<!--ϩⲛ-->
		<mark id="sTok246" xlink:href="#xpointer(string-range(//body,'',899,2))"/>
		<!--ⲟⲩ-->
		<mark id="sTok247" xlink:href="#xpointer(string-range(//body,'',902,2))"/>
		<!--ⲑⲁⲃ-->
		<mark id="sTok248" xlink:href="#xpointer(string-range(//body,'',905,3))"/>
		<!--ⲁⲛ-->
		<mark id="sTok249" xlink:href="#xpointer(string-range(//body,'',909,2))"/>
		<!--ⲛ-->
		<mark id="sTok250" xlink:href="#xpointer(string-range(//body,'',912,1))"/>
		<!--ⲕⲁⲕⲓⲁ-->
		<mark id="sTok251" xlink:href="#xpointer(string-range(//body,'',914,5))"/>
		<!--ϩⲓ-->
		<mark id="sTok252" xlink:href="#xpointer(string-range(//body,'',920,2))"/>
		<!--ⲡⲟⲛⲏⲣⲓⲁ-->
		<mark id="sTok253" xlink:href="#xpointer(string-range(//body,'',923,7))"/>
		<!--.-->
		<mark id="sTok254" xlink:href="#xpointer(string-range(//body,'',931,1))"/>
		<!--ⲁⲗⲗⲁ-->
		<mark id="sTok255" xlink:href="#xpointer(string-range(//body,'',933,4))"/>
		<!--ϩⲛ-->
		<mark id="sTok256" xlink:href="#xpointer(string-range(//body,'',938,2))"/>
		<!--ϩⲉⲛ-->
		<mark id="sTok257" xlink:href="#xpointer(string-range(//body,'',941,3))"/>
		<!--ⲁ-->
		<mark id="sTok258" xlink:href="#xpointer(string-range(//body,'',945,1))"/>
		<!--ⲑⲁⲃ-->
		<mark id="sTok259" xlink:href="#xpointer(string-range(//body,'',947,3))"/>
		<!--ⲛ-->
		<mark id="sTok260" xlink:href="#xpointer(string-range(//body,'',951,1))"/>
		<!--ⲧⲃⲃⲟ-->
		<mark id="sTok261" xlink:href="#xpointer(string-range(//body,'',953,4))"/>
		<!--ϩⲓ-->
		<mark id="sTok262" xlink:href="#xpointer(string-range(//body,'',958,2))"/>
		<!--ⲙⲉ-->
		<mark id="sTok263" xlink:href="#xpointer(string-range(//body,'',961,2))"/>
		<!--.-->
		<mark id="sTok264" xlink:href="#xpointer(string-range(//body,'',964,1))"/>
		<!--ⲁ-->
		<mark id="sTok265" xlink:href="#xpointer(string-range(//body,'',966,1))"/>
		<!--ⲓ-->
		<mark id="sTok266" xlink:href="#xpointer(string-range(//body,'',968,1))"/>
		<!--ⲥϩⲁⲓ-->
		<mark id="sTok267" xlink:href="#xpointer(string-range(//body,'',970,4))"/>
		<!--ⲛⲏ-->
		<mark id="sTok268" xlink:href="#xpointer(string-range(//body,'',975,2))"/>
		<!--ⲧⲛ-->
		<mark id="sTok269" xlink:href="#xpointer(string-range(//body,'',978,2))"/>
		<!--ϩⲛ-->
		<mark id="sTok270" xlink:href="#xpointer(string-range(//body,'',981,2))"/>
		<!--ⲧ-->
		<mark id="sTok271" xlink:href="#xpointer(string-range(//body,'',984,1))"/>
		<!--ⲉⲡⲓⲥⲧⲟⲗⲏ-->
		<mark id="sTok272" xlink:href="#xpointer(string-range(//body,'',986,8))"/>
		<!--ϫⲉ-->
		<mark id="sTok273" xlink:href="#xpointer(string-range(//body,'',995,2))"/>
		<!--ⲙⲡⲣ-->
		<mark id="sTok274" xlink:href="#xpointer(string-range(//body,'',998,3))"/>
		<!--ⲧⲱϩ-->
		<mark id="sTok275" xlink:href="#xpointer(string-range(//body,'',1002,3))"/>
		<!--ⲙⲛ-->
		<mark id="sTok276" xlink:href="#xpointer(string-range(//body,'',1006,2))"/>
		<!--ⲡⲟⲣⲛⲟⲥ-->
		<mark id="sTok277" xlink:href="#xpointer(string-range(//body,'',1009,6))"/>
		<!--.-->
		<mark id="sTok278" xlink:href="#xpointer(string-range(//body,'',1016,1))"/>
		<!--ⲟⲩ-->
		<mark id="sTok279" xlink:href="#xpointer(string-range(//body,'',1018,2))"/>
		<!--ⲡⲁⲛⲧⲱⲥ-->
		<mark id="sTok280" xlink:href="#xpointer(string-range(//body,'',1021,6))"/>
		<!--ⲉ-->
		<mark id="sTok281" xlink:href="#xpointer(string-range(//body,'',1028,1))"/>
		<!--ⲓ-->
		<mark id="sTok282" xlink:href="#xpointer(string-range(//body,'',1030,1))"/>
		<!--ϫⲱ-->
		<mark id="sTok283" xlink:href="#xpointer(string-range(//body,'',1032,2))"/>
		<!--ⲙⲙⲟ-->
		<mark id="sTok284" xlink:href="#xpointer(string-range(//body,'',1035,3))"/>
		<!--ⲥ-->
		<mark id="sTok285" xlink:href="#xpointer(string-range(//body,'',1039,1))"/>
		<!--ϫⲉ-->
		<mark id="sTok286" xlink:href="#xpointer(string-range(//body,'',1041,2))"/>
		<!--ⲙ-->
		<mark id="sTok287" xlink:href="#xpointer(string-range(//body,'',1044,1))"/>
		<!--ⲡⲟⲣⲛⲟⲥ-->
		<mark id="sTok288" xlink:href="#xpointer(string-range(//body,'',1046,6))"/>
		<!--ⲙ-->
		<mark id="sTok289" xlink:href="#xpointer(string-range(//body,'',1053,1))"/>
		<!--ⲡⲉⲓ-->
		<mark id="sTok290" xlink:href="#xpointer(string-range(//body,'',1055,3))"/>
		<!--ⲕⲟⲥⲙⲟⲥ-->
		<mark id="sTok291" xlink:href="#xpointer(string-range(//body,'',1059,6))"/>
		<!--ⲏ-->
		<mark id="sTok292" xlink:href="#xpointer(string-range(//body,'',1066,1))"/>
		<!--ⲙ-->
		<mark id="sTok293" xlink:href="#xpointer(string-range(//body,'',1068,1))"/>
		<!--ⲙⲁⲓ-->
		<mark id="sTok294" xlink:href="#xpointer(string-range(//body,'',1070,3))"/>
		<!--ⲧⲟ-->
		<mark id="sTok295" xlink:href="#xpointer(string-range(//body,'',1074,2))"/>
		<!--ⲛ-->
		<mark id="sTok296" xlink:href="#xpointer(string-range(//body,'',1077,1))"/>
		<!--ϩⲟⲩⲟ-->
		<mark id="sTok297" xlink:href="#xpointer(string-range(//body,'',1079,4))"/>
		<!--ⲏ-->
		<mark id="sTok298" xlink:href="#xpointer(string-range(//body,'',1084,1))"/>
		<!--ⲛ-->
		<mark id="sTok299" xlink:href="#xpointer(string-range(//body,'',1086,1))"/>
		<!--ⲣⲉϥ-->
		<mark id="sTok300" xlink:href="#xpointer(string-range(//body,'',1088,3))"/>
		<!--ⲧⲱⲣⲡ-->
		<mark id="sTok301" xlink:href="#xpointer(string-range(//body,'',1092,4))"/>
		<!--ⲏ-->
		<mark id="sTok302" xlink:href="#xpointer(string-range(//body,'',1097,1))"/>
		<!--ⲛ-->
		<mark id="sTok303" xlink:href="#xpointer(string-range(//body,'',1099,1))"/>
		<!--ⲣⲉϥ-->
		<mark id="sTok304" xlink:href="#xpointer(string-range(//body,'',1101,3))"/>
		<!--ϣⲙϣⲉ-->
		<mark id="sTok305" xlink:href="#xpointer(string-range(//body,'',1105,4))"/>
		<!--ⲉⲓⲇⲱⲗⲟⲛ-->
		<mark id="sTok306" xlink:href="#xpointer(string-range(//body,'',1110,7))"/>
		<!--ⲉϣϫⲉ-->
		<mark id="sTok307" xlink:href="#xpointer(string-range(//body,'',1118,4))"/>
		<!--ⲉϩⲉ-->
		<mark id="sTok308" xlink:href="#xpointer(string-range(//body,'',1123,3))"/>
		<!--ⲉⲓⲉ-->
		<mark id="sTok309" xlink:href="#xpointer(string-range(//body,'',1127,3))"/>
		<!--ϣϣⲉ-->
		<mark id="sTok310" xlink:href="#xpointer(string-range(//body,'',1131,3))"/>
		<!--ⲉⲣⲱ-->
		<mark id="sTok311" xlink:href="#xpointer(string-range(//body,'',1135,3))"/>
		<!--ⲧⲛ-->
		<mark id="sTok312" xlink:href="#xpointer(string-range(//body,'',1139,2))"/>
		<!--ⲉ-->
		<mark id="sTok313" xlink:href="#xpointer(string-range(//body,'',1142,1))"/>
		<!--ⲉⲓ-->
		<mark id="sTok314" xlink:href="#xpointer(string-range(//body,'',1144,2))"/>
		<!--ⲉⲃⲟⲗ-->
		<mark id="sTok315" xlink:href="#xpointer(string-range(//body,'',1147,4))"/>
		<!--ϩⲙ-->
		<mark id="sTok316" xlink:href="#xpointer(string-range(//body,'',1152,2))"/>
		<!--ⲡ-->
		<mark id="sTok317" xlink:href="#xpointer(string-range(//body,'',1155,1))"/>
		<!--ⲕⲟⲥⲙⲟⲥ-->
		<mark id="sTok318" xlink:href="#xpointer(string-range(//body,'',1157,6))"/>
		<!--.-->
		<mark id="sTok319" xlink:href="#xpointer(string-range(//body,'',1164,1))"/>
		<!--ⲧⲉⲛⲟⲩ-->
		<mark id="sTok320" xlink:href="#xpointer(string-range(//body,'',1166,5))"/>
		<!--ⲇⲉ-->
		<mark id="sTok321" xlink:href="#xpointer(string-range(//body,'',1172,2))"/>
		<!--ⲛⲧ-->
		<mark id="sTok322" xlink:href="#xpointer(string-range(//body,'',1175,2))"/>
		<!--ⲁ-->
		<mark id="sTok323" xlink:href="#xpointer(string-range(//body,'',1178,1))"/>
		<!--ⲓ-->
		<mark id="sTok324" xlink:href="#xpointer(string-range(//body,'',1180,1))"/>
		<!--ⲥϩⲁⲓ-->
		<mark id="sTok325" xlink:href="#xpointer(string-range(//body,'',1182,4))"/>
		<!--ⲛⲏ-->
		<mark id="sTok326" xlink:href="#xpointer(string-range(//body,'',1187,2))"/>
		<!--ⲧⲛ-->
		<mark id="sTok327" xlink:href="#xpointer(string-range(//body,'',1190,2))"/>
		<!--ϫⲉ-->
		<mark id="sTok328" xlink:href="#xpointer(string-range(//body,'',1193,2))"/>
		<!--ⲙⲡⲣ-->
		<mark id="sTok329" xlink:href="#xpointer(string-range(//body,'',1196,3))"/>
		<!--ⲧⲱϩ-->
		<mark id="sTok330" xlink:href="#xpointer(string-range(//body,'',1200,3))"/>
		<!--ⲙⲛ-->
		<mark id="sTok331" xlink:href="#xpointer(string-range(//body,'',1204,2))"/>
		<!--ⲟⲩⲁ-->
		<mark id="sTok332" xlink:href="#xpointer(string-range(//body,'',1207,3))"/>
		<!--ⲉ-->
		<mark id="sTok333" xlink:href="#xpointer(string-range(//body,'',1211,1))"/>
		<!--ⲩ-->
		<mark id="sTok334" xlink:href="#xpointer(string-range(//body,'',1213,1))"/>
		<!--ⲙⲟⲩⲧⲉ-->
		<mark id="sTok335" xlink:href="#xpointer(string-range(//body,'',1215,5))"/>
		<!--ⲉⲣⲟ-->
		<mark id="sTok336" xlink:href="#xpointer(string-range(//body,'',1221,3))"/>
		<!--ϥ-->
		<mark id="sTok337" xlink:href="#xpointer(string-range(//body,'',1225,1))"/>
		<!--ϫⲉ-->
		<mark id="sTok338" xlink:href="#xpointer(string-range(//body,'',1227,2))"/>
		<!--ⲟⲩ-->
		<mark id="sTok339" xlink:href="#xpointer(string-range(//body,'',1230,2))"/>
		<!--ⲥⲟⲛ-->
		<mark id="sTok340" xlink:href="#xpointer(string-range(//body,'',1233,3))"/>
		<!--ⲡⲉ-->
		<mark id="sTok341" xlink:href="#xpointer(string-range(//body,'',1237,2))"/>
		<!--ⲉϣⲱⲡⲉ-->
		<mark id="sTok342" xlink:href="#xpointer(string-range(//body,'',1240,5))"/>
		<!--ⲟⲩ-->
		<mark id="sTok343" xlink:href="#xpointer(string-range(//body,'',1246,2))"/>
		<!--ⲡⲟⲣⲛⲟⲥ-->
		<mark id="sTok344" xlink:href="#xpointer(string-range(//body,'',1249,6))"/>
		<!--ⲡⲉ-->
		<mark id="sTok345" xlink:href="#xpointer(string-range(//body,'',1256,2))"/>
		<!--ⲏ-->
		<mark id="sTok346" xlink:href="#xpointer(string-range(//body,'',1259,1))"/>
		<!--ⲛ-->
		<mark id="sTok347" xlink:href="#xpointer(string-range(//body,'',1261,1))"/>
		<!--ⲣⲉϥ-->
		<mark id="sTok348" xlink:href="#xpointer(string-range(//body,'',1263,3))"/>
		<!--ϣⲙϣⲉ-->
		<mark id="sTok349" xlink:href="#xpointer(string-range(//body,'',1267,4))"/>
		<!--ⲉⲓⲇⲱⲗⲟⲛ-->
		<mark id="sTok350" xlink:href="#xpointer(string-range(//body,'',1272,7))"/>
		<!--ⲏ-->
		<mark id="sTok351" xlink:href="#xpointer(string-range(//body,'',1280,1))"/>
		<!--ⲙ-->
		<mark id="sTok352" xlink:href="#xpointer(string-range(//body,'',1282,1))"/>
		<!--ⲙⲁⲓ-->
		<mark id="sTok353" xlink:href="#xpointer(string-range(//body,'',1284,3))"/>
		<!--ⲧⲟ-->
		<mark id="sTok354" xlink:href="#xpointer(string-range(//body,'',1288,2))"/>
		<!--ⲛ-->
		<mark id="sTok355" xlink:href="#xpointer(string-range(//body,'',1291,1))"/>
		<!--ϩⲟⲩⲟ-->
		<mark id="sTok356" xlink:href="#xpointer(string-range(//body,'',1293,4))"/>
		<!--ⲏ-->
		<mark id="sTok357" xlink:href="#xpointer(string-range(//body,'',1298,1))"/>
		<!--ⲛ-->
		<mark id="sTok358" xlink:href="#xpointer(string-range(//body,'',1300,1))"/>
		<!--ⲣⲉϥ-->
		<mark id="sTok359" xlink:href="#xpointer(string-range(//body,'',1302,3))"/>
		<!--ⲥⲁϩⲟⲩ-->
		<mark id="sTok360" xlink:href="#xpointer(string-range(//body,'',1306,5))"/>
		<!--ⲏ-->
		<mark id="sTok361" xlink:href="#xpointer(string-range(//body,'',1312,1))"/>
		<!--ⲛ-->
		<mark id="sTok362" xlink:href="#xpointer(string-range(//body,'',1314,1))"/>
		<!--ⲣⲉϥ-->
		<mark id="sTok363" xlink:href="#xpointer(string-range(//body,'',1316,3))"/>
		<!--ϯϩⲉ-->
		<mark id="sTok364" xlink:href="#xpointer(string-range(//body,'',1320,3))"/>
		<!--ⲏ-->
		<mark id="sTok365" xlink:href="#xpointer(string-range(//body,'',1324,1))"/>
		<!--ⲛ-->
		<mark id="sTok366" xlink:href="#xpointer(string-range(//body,'',1326,1))"/>
		<!--ⲣⲉϥ-->
		<mark id="sTok367" xlink:href="#xpointer(string-range(//body,'',1328,3))"/>
		<!--ⲧⲱⲣⲡ-->
		<mark id="sTok368" xlink:href="#xpointer(string-range(//body,'',1332,4))"/>
		<!--ⲡⲁⲓ-->
		<mark id="sTok369" xlink:href="#xpointer(string-range(//body,'',1337,3))"/>
		<!--ⲛ-->
		<mark id="sTok370" xlink:href="#xpointer(string-range(//body,'',1341,1))"/>
		<!--ⲧⲉⲉⲓ-->
		<mark id="sTok371" xlink:href="#xpointer(string-range(//body,'',1343,4))"/>
		<!--ⲙⲓⲛⲉ-->
		<mark id="sTok372" xlink:href="#xpointer(string-range(//body,'',1348,4))"/>
		<!--ⲟⲩⲇⲉ-->
		<mark id="sTok373" xlink:href="#xpointer(string-range(//body,'',1353,4))"/>
		<!--ⲙⲡⲣ-->
		<mark id="sTok374" xlink:href="#xpointer(string-range(//body,'',1358,3))"/>
		<!--ⲟⲩⲱⲙ-->
		<mark id="sTok375" xlink:href="#xpointer(string-range(//body,'',1362,4))"/>
		<!--ⲛⲙⲙⲁ-->
		<mark id="sTok376" xlink:href="#xpointer(string-range(//body,'',1367,4))"/>
		<!--ϥ-->
		<mark id="sTok377" xlink:href="#xpointer(string-range(//body,'',1372,1))"/>
		<!--.-->
		<mark id="sTok378" xlink:href="#xpointer(string-range(//body,'',1374,1))"/>
		<!--ⲟⲩ-->
		<mark id="sTok379" xlink:href="#xpointer(string-range(//body,'',1376,2))"/>
		<!--ⲅⲁⲣ-->
		<mark id="sTok380" xlink:href="#xpointer(string-range(//body,'',1379,3))"/>
		<!--ⲉⲣⲟ-->
		<mark id="sTok381" xlink:href="#xpointer(string-range(//body,'',1383,3))"/>
		<!--ⲓ-->
		<mark id="sTok382" xlink:href="#xpointer(string-range(//body,'',1387,1))"/>
		<!--ⲡⲉ-->
		<mark id="sTok383" xlink:href="#xpointer(string-range(//body,'',1389,2))"/>
		<!--ⲉ-->
		<mark id="sTok384" xlink:href="#xpointer(string-range(//body,'',1392,1))"/>
		<!--ⲕⲣⲓⲛⲉ-->
		<mark id="sTok385" xlink:href="#xpointer(string-range(//body,'',1394,5))"/>
		<!--ⲛ-->
		<mark id="sTok386" xlink:href="#xpointer(string-range(//body,'',1400,1))"/>
		<!--ⲛ-->
		<mark id="sTok387" xlink:href="#xpointer(string-range(//body,'',1402,1))"/>
		<!--ⲉⲧ-->
		<mark id="sTok388" xlink:href="#xpointer(string-range(//body,'',1404,2))"/>
		<!--ϩⲓⲃⲟⲗ-->
		<mark id="sTok389" xlink:href="#xpointer(string-range(//body,'',1407,5))"/>
		<!--.-->
		<mark id="sTok390" xlink:href="#xpointer(string-range(//body,'',1413,1))"/>
		<!--ⲁⲩⲱ-->
		<mark id="sTok391" xlink:href="#xpointer(string-range(//body,'',1415,3))"/>
		<!--ⲛ-->
		<mark id="sTok392" xlink:href="#xpointer(string-range(//body,'',1419,1))"/>
		<!--ⲛ-->
		<mark id="sTok393" xlink:href="#xpointer(string-range(//body,'',1421,1))"/>
		<!--ⲉⲧ-->
		<mark id="sTok394" xlink:href="#xpointer(string-range(//body,'',1423,2))"/>
		<!--ϩⲓϩⲟⲩⲛ-->
		<mark id="sTok395" xlink:href="#xpointer(string-range(//body,'',1426,6))"/>
		<!--ⲁⲛ-->
		<mark id="sTok396" xlink:href="#xpointer(string-range(//body,'',1433,2))"/>
		<!--.-->
		<mark id="sTok397" xlink:href="#xpointer(string-range(//body,'',1436,1))"/>
		<!--ⲛⲧⲱⲧⲛ-->
		<mark id="sTok398" xlink:href="#xpointer(string-range(//body,'',1438,5))"/>
		<!--ⲕⲣⲓⲛⲉ-->
		<mark id="sTok399" xlink:href="#xpointer(string-range(//body,'',1444,5))"/>
		<!--ⲛ-->
		<mark id="sTok400" xlink:href="#xpointer(string-range(//body,'',1450,1))"/>
		<!--ⲛ-->
		<mark id="sTok401" xlink:href="#xpointer(string-range(//body,'',1452,1))"/>
		<!--ⲉⲧ-->
		<mark id="sTok402" xlink:href="#xpointer(string-range(//body,'',1454,2))"/>
		<!--ϩⲓϩⲟⲩⲛ-->
		<mark id="sTok403" xlink:href="#xpointer(string-range(//body,'',1457,6))"/>
		<!--ⲡ-->
		<mark id="sTok404" xlink:href="#xpointer(string-range(//body,'',1464,1))"/>
		<!--ⲛⲟⲩⲧⲉ-->
		<mark id="sTok405" xlink:href="#xpointer(string-range(//body,'',1466,5))"/>
		<!--ⲇⲉ-->
		<mark id="sTok406" xlink:href="#xpointer(string-range(//body,'',1472,2))"/>
		<!--ⲛⲁ-->
		<mark id="sTok407" xlink:href="#xpointer(string-range(//body,'',1475,2))"/>
		<!--ⲕⲣⲓⲛⲉ-->
		<mark id="sTok408" xlink:href="#xpointer(string-range(//body,'',1478,5))"/>
		<!--ⲛ-->
		<mark id="sTok409" xlink:href="#xpointer(string-range(//body,'',1484,1))"/>
		<!--ⲛ-->
		<mark id="sTok410" xlink:href="#xpointer(string-range(//body,'',1486,1))"/>
		<!--ⲉⲧ-->
		<mark id="sTok411" xlink:href="#xpointer(string-range(//body,'',1488,2))"/>
		<!--ϩⲓⲃⲟⲗ-->
		<mark id="sTok412" xlink:href="#xpointer(string-range(//body,'',1491,5))"/>
		<!--ϥⲓ-->
		<mark id="sTok413" xlink:href="#xpointer(string-range(//body,'',1497,2))"/>
		<!--ⲙ-->
		<mark id="sTok414" xlink:href="#xpointer(string-range(//body,'',1500,1))"/>
		<!--ⲡ-->
		<mark id="sTok415" xlink:href="#xpointer(string-range(//body,'',1502,1))"/>
		<!--ⲡⲟⲛⲏⲣⲟⲥ-->
		<mark id="sTok416" xlink:href="#xpointer(string-range(//body,'',1504,7))"/>
		<!--ⲉⲃⲟⲗ-->
		<mark id="sTok417" xlink:href="#xpointer(string-range(//body,'',1512,4))"/>
		<!--ⲛϩⲏⲧ-->
		<mark id="sTok418" xlink:href="#xpointer(string-range(//body,'',1517,4))"/>
		<!--ⲧⲏⲩⲧⲛ-->
		<mark id="sTok419" xlink:href="#xpointer(string-range(//body,'',1522,5))"/>
		<!--.-->
		<mark id="sTok420" xlink:href="#xpointer(string-range(//body,'',1528,1))"/></markList></paula>