<?xml version='1.0' encoding='UTF-8'?><!DOCTYPE paula SYSTEM "paula_feat.dtd">
<paula version="1.1">
	<header paula_id="scriptorium.1Cor_05.mark_pos"/>
	<featList xmlns:xlink="http://www.w3.org/1999/xlink" type="pos" xml:base="scriptorium.1Cor_05.mark.xml">
		<feat xlink:href="#sSpan1" value="PPERS"/>
		<feat xlink:href="#sSpan13" value="V"/>
		<feat xlink:href="#sSpan15" value="ADV"/>
		<feat xlink:href="#sSpan19" value="PREP"/>
		<feat xlink:href="#sSpan23" value="ART"/>
		<feat xlink:href="#sSpan27" value="N"/>
		<feat xlink:href="#sSpan29" value="PREP"/>
		<feat xlink:href="#sSpan33" value="PPERO"/>
		<feat xlink:href="#sSpan35" value="CONJ"/>
		<feat xlink:href="#sSpan39" value="ART"/>
		<feat xlink:href="#sSpan45" value="N"/>
		<feat xlink:href="#sSpan47" value="PREP"/>
		<feat xlink:href="#sSpan51" value="PDEM"/>
		<feat xlink:href="#sSpan53" value="N"/>
		<feat xlink:href="#sSpan55" value="CCIRC"/>
		<feat xlink:href="#sSpan59" value="NEG"/>
		<feat xlink:href="#sSpan61" value="PPERS"/>
		<feat xlink:href="#sSpan63" value="PREP"/>
		<feat xlink:href="#sSpan65" value="ART"/>
		<feat xlink:href="#sSpan68" value="ART"/>
		<feat xlink:href="#sSpan71" value="N"/>
		<feat xlink:href="#sSpan73" value="NEG"/>
		<feat xlink:href="#sSpan77" value="PUNCT"/>
		<feat xlink:href="#sSpan82" value="CONJ"/>
		<feat xlink:href="#sSpan86" value="PREP"/>
		<feat xlink:href="#sSpan90" value="ACAUS"/>
		<feat xlink:href="#sSpan92" value="NUM"/>
		<feat xlink:href="#sSpan95" value="V"/>
		<feat xlink:href="#sSpan99" value="ART"/>
		<feat xlink:href="#sSpan102" value="N"/>
		<feat xlink:href="#sSpan104" value="PREP"/>
		<feat xlink:href="#sSpan108" value="PPOS"/>
		<feat xlink:href="#sSpan111" value="N"/>
		<feat xlink:href="#sSpan113" value="PUNCT"/>
		<feat xlink:href="#sSpan117" value="CONJ"/>
		<feat xlink:href="#sSpan127" value="PPERI"/>
		<feat xlink:href="#sSpan131" value="PPERS"/>
		<feat xlink:href="#sSpan135" value="VSTAT"/>
		<feat xlink:href="#sSpan137" value="PREP"/>
		<feat xlink:href="#sSpan141" value="N"/>
		<feat xlink:href="#sSpan143" value="CONJ"/>
		<feat xlink:href="#sSpan147" value="CFOC"/>
		<feat xlink:href="#sSpan151" value="APST"/>
		<feat xlink:href="#sSpan153" value="PPERS"/>
		<feat xlink:href="#sSpan156" value="V"/>
		<feat xlink:href="#sSpan159" value="NEG"/>
		<feat xlink:href="#sSpan163" value="ADV"/>
		<feat xlink:href="#sSpan167" value="PUNCT"/>
		<feat xlink:href="#sSpan171" value="CONJ"/>
		<feat xlink:href="#sSpan175" value="AOPT_PPERS"/>
		<feat xlink:href="#sSpan179" value="V"/>
		<feat xlink:href="#sSpan181" value="PREP"/>
		<feat xlink:href="#sSpan185" value="PPOS"/>
		<feat xlink:href="#sSpan188" value="N"/>
		<feat xlink:href="#sSpan190" value="PREP"/>
		<feat xlink:href="#sSpan194" value="ART"/>
		<feat xlink:href="#sSpan197" value="CREL"/>
		<feat xlink:href="#sSpan199" value="APST"/>
		<feat xlink:href="#sSpan201" value="PPERS"/>
		<feat xlink:href="#sSpan203" value="V"/>
		<feat xlink:href="#sSpan205" value="PREP"/>
		<feat xlink:href="#sSpan209" value="PDEM"/>
		<feat xlink:href="#sSpan212" value="N"/>
		<feat xlink:href="#sSpan214" value="PUNCT"/>
		<feat xlink:href="#sSpan218" value="PPERI"/>
		<feat xlink:href="#sSpan229" value="PTC"/>
		<feat xlink:href="#sSpan233" value="CCIRC"/>
		<feat xlink:href="#sSpan237" value="NEG"/>
		<feat xlink:href="#sSpan239" value="PPERS"/>
		<feat xlink:href="#sSpan241" value="PREP"/>
		<feat xlink:href="#sSpan243" value="PPERO"/>
		<feat xlink:href="#sSpan245" value="NEG"/>
		<feat xlink:href="#sSpan249" value="PREP"/>
		<feat xlink:href="#sSpan253" value="ART"/>
		<feat xlink:href="#sSpan257" value="N"/>
		<feat xlink:href="#sSpan259" value="PUNCT"/>
		<feat xlink:href="#sSpan263" value="CCIRC"/>
		<feat xlink:href="#sSpan267" value="PPERS"/>
		<feat xlink:href="#sSpan269" value="PREP"/>
		<feat xlink:href="#sSpan271" value="PPERO"/>
		<feat xlink:href="#sSpan274" value="PTC"/>
		<feat xlink:href="#sSpan278" value="PREP"/>
		<feat xlink:href="#sSpan282" value="ART"/>
		<feat xlink:href="#sSpan286" value="N"/>
		<feat xlink:href="#sSpan288" value="PUNCT"/>
		<feat xlink:href="#sSpan292" value="APST"/>
		<feat xlink:href="#sSpan296" value="PPERS"/>
		<feat xlink:href="#sSpan298" value="V"/>
		<feat xlink:href="#sSpan300" value="CCIRC"/>
		<feat xlink:href="#sSpan304" value="PPERS"/>
		<feat xlink:href="#sSpan307" value="V"/>
		<feat xlink:href="#sSpan310" value="CONJ"/>
		<feat xlink:href="#sSpan314" value="CCIRC"/>
		<feat xlink:href="#sSpan318" value="PPERS"/>
		<feat xlink:href="#sSpan320" value="PREP"/>
		<feat xlink:href="#sSpan322" value="PPERO"/>
		<feat xlink:href="#sSpan324" value="PREP"/>
		<feat xlink:href="#sSpan328" value="ART"/>
		<feat xlink:href="#sSpan331" value="CREL"/>
		<feat xlink:href="#sSpan333" value="APST"/>
		<feat xlink:href="#sSpan335" value="PPERS"/>
		<feat xlink:href="#sSpan337" value="V"/>
		<feat xlink:href="#sSpan339" value="PREP"/>
		<feat xlink:href="#sSpan343" value="PDEM"/>
		<feat xlink:href="#sSpan346" value="N"/>
		<feat xlink:href="#sSpan348" value="PREP"/>
		<feat xlink:href="#sSpan352" value="PDEM"/>
		<feat xlink:href="#sSpan354" value="N"/>
		<feat xlink:href="#sSpan356" value="PUNCT"/>
		<feat xlink:href="#sSpan360" value="CCIRC"/>
		<feat xlink:href="#sSpan371" value="APST"/>
		<feat xlink:href="#sSpan373" value="PPERS"/>
		<feat xlink:href="#sSpan375" value="V"/>
		<feat xlink:href="#sSpan377" value="ADV"/>
		<feat xlink:href="#sSpan381" value="PREP"/>
		<feat xlink:href="#sSpan385" value="PPOS"/>
		<feat xlink:href="#sSpan387" value="N"/>
		<feat xlink:href="#sSpan389" value="PREP"/>
		<feat xlink:href="#sSpan393" value="ART"/>
		<feat xlink:href="#sSpan396" value="N"/>
		<feat xlink:href="#sSpan398" value="PREP"/>
		<feat xlink:href="#sSpan402" value="PPOS"/>
		<feat xlink:href="#sSpan405" value="N"/>
		<feat xlink:href="#sSpan408" value="NPROP"/>
		<feat xlink:href="#sSpan412" value="ART"/>
		<feat xlink:href="#sSpan417" value="N"/>
		<feat xlink:href="#sSpan419" value="PREP"/>
		<feat xlink:href="#sSpan423" value="PPOS"/>
		<feat xlink:href="#sSpan427" value="N"/>
		<feat xlink:href="#sSpan429" value="PREP"/>
		<feat xlink:href="#sSpan433" value="ART"/>
		<feat xlink:href="#sSpan436" value="N"/>
		<feat xlink:href="#sSpan438" value="PREP"/>
		<feat xlink:href="#sSpan442" value="PPOS"/>
		<feat xlink:href="#sSpan445" value="N"/>
		<feat xlink:href="#sSpan448" value="NPROP"/>
		<feat xlink:href="#sSpan452" value="PUNCT"/>
		<feat xlink:href="#sSpan456" value="PREP"/>
		<feat xlink:href="#sSpan466" value="V"/>
		<feat xlink:href="#sSpan468" value="PREP"/>
		<feat xlink:href="#sSpan472" value="PDEM"/>
		<feat xlink:href="#sSpan475" value="PREP"/>
		<feat xlink:href="#sSpan479" value="PDEM"/>
		<feat xlink:href="#sSpan481" value="N"/>
		<feat xlink:href="#sSpan483" value="PREP"/>
		<feat xlink:href="#sSpan487" value="ART"/>
		<feat xlink:href="#sSpan491" value="NPROP"/>
		<feat xlink:href="#sSpan493" value="CCIRC"/>
		<feat xlink:href="#sSpan497" value="PPERS"/>
		<feat xlink:href="#sSpan499" value="V"/>
		<feat xlink:href="#sSpan501" value="PREP"/>
		<feat xlink:href="#sSpan505" value="ART"/>
		<feat xlink:href="#sSpan509" value="N"/>
		<feat xlink:href="#sSpan511" value="PUNCT"/>
		<feat xlink:href="#sSpan515" value="CONJ"/>
		<feat xlink:href="#sSpan519" value="AOPT"/>
		<feat xlink:href="#sSpan521" value="ART"/>
		<feat xlink:href="#sSpan525" value="N"/>
		<feat xlink:href="#sSpan527" value="V"/>
		<feat xlink:href="#sSpan531" value="PREP"/>
		<feat xlink:href="#sSpan535" value="ART"/>
		<feat xlink:href="#sSpan538" value="N"/>
		<feat xlink:href="#sSpan540" value="PREP"/>
		<feat xlink:href="#sSpan544" value="PPOS"/>
		<feat xlink:href="#sSpan547" value="N"/>
		<feat xlink:href="#sSpan550" value="NPROP"/>
		<feat xlink:href="#sSpan554" value="ART"/>
		<feat xlink:href="#sSpan559" value="N"/>
		<feat xlink:href="#sSpan561" value="PUNCT"/>
		<feat xlink:href="#sSpan565" value="NEG"/>
		<feat xlink:href="#sSpan574" value="VBD"/>
		<feat xlink:href="#sSpan576" value="PPOS"/>
		<feat xlink:href="#sSpan579" value="N"/>
		<feat xlink:href="#sSpan581" value="NEG"/>
		<feat xlink:href="#sSpan585" value="PUNCT"/>
		<feat xlink:href="#sSpan589" value="NEG"/>
		<feat xlink:href="#sSpan593" value="PPERS"/>
		<feat xlink:href="#sSpan595" value="V"/>
		<feat xlink:href="#sSpan597" value="NEG"/>
		<feat xlink:href="#sSpan601" value="CONJ"/>
		<feat xlink:href="#sSpan605" value="AAOR"/>
		<feat xlink:href="#sSpan607" value="ART"/>
		<feat xlink:href="#sSpan610" value="N"/>
		<feat xlink:href="#sSpan612" value="PREP"/>
		<feat xlink:href="#sSpan616" value="N"/>
		<feat xlink:href="#sSpan618" value="ACAUS"/>
		<feat xlink:href="#sSpan622" value="ART"/>
		<feat xlink:href="#sSpan625" value="N"/>
		<feat xlink:href="#sSpan627" value="IMOD"/>
		<feat xlink:href="#sSpan631" value="PPERO"/>
		<feat xlink:href="#sSpan633" value="V"/>
		<feat xlink:href="#sSpan637" value="PUNCT"/>
		<feat xlink:href="#sSpan641" value="V"/>
		<feat xlink:href="#sSpan651" value="PREP"/>
		<feat xlink:href="#sSpan655" value="PDEM"/>
		<feat xlink:href="#sSpan658" value="N"/>
		<feat xlink:href="#sSpan660" value="PREP"/>
		<feat xlink:href="#sSpan664" value="N"/>
		<feat xlink:href="#sSpan666" value="ADV"/>
		<feat xlink:href="#sSpan670" value="PREP"/>
		<feat xlink:href="#sSpan674" value="PPERO"/>
		<feat xlink:href="#sSpan676" value="CONJ"/>
		<feat xlink:href="#sSpan680" value="AOPT_PPERS"/>
		<feat xlink:href="#sSpan682" value="V"/>
		<feat xlink:href="#sSpan684" value="PREP"/>
		<feat xlink:href="#sSpan688" value="ART"/>
		<feat xlink:href="#sSpan691" value="N"/>
		<feat xlink:href="#sSpan693" value="PREP"/>
		<feat xlink:href="#sSpan697" value="N"/>
		<feat xlink:href="#sSpan700" value="PREP"/>
		<feat xlink:href="#sSpan704" value="ART"/>
		<feat xlink:href="#sSpan706" value="N"/>
		<feat xlink:href="#sSpan709" value="CCIRC"/>
		<feat xlink:href="#sSpan713" value="PPERS"/>
		<feat xlink:href="#sSpan715" value="ART"/>
		<feat xlink:href="#sSpan719" value="N"/>
		<feat xlink:href="#sSpan722" value="PUNCT"/>
		<feat xlink:href="#sSpan727" value="CONJ"/>
		<feat xlink:href="#sSpan732" value="CONJ"/>
		<feat xlink:href="#sSpan736" value="APST"/>
		<feat xlink:href="#sSpan740" value="PPERS"/>
		<feat xlink:href="#sSpan742" value="V"/>
		<feat xlink:href="#sSpan744" value="PREP"/>
		<feat xlink:href="#sSpan748" value="PPOS"/>
		<feat xlink:href="#sSpan752" value="N"/>
		<feat xlink:href="#sSpan754" value="PREP"/>
		<feat xlink:href="#sSpan758" value="PPERO"/>
		<feat xlink:href="#sSpan760" value="ART"/>
		<feat xlink:href="#sSpan766" value="N"/>
		<feat xlink:href="#sSpan768" value="PUNCT"/>
		<feat xlink:href="#sSpan773" value="CONJ"/>
		<feat xlink:href="#sSpan782" value="AJUS"/>
		<feat xlink:href="#sSpan786" value="PPERS"/>
		<feat xlink:href="#sSpan789" value="V"/>
		<feat xlink:href="#sSpan792" value="PREP"/>
		<feat xlink:href="#sSpan796" value="ART"/>
		<feat xlink:href="#sSpan799" value="N"/>
		<feat xlink:href="#sSpan801" value="NEG"/>
		<feat xlink:href="#sSpan805" value="PREP"/>
		<feat xlink:href="#sSpan809" value="N"/>
		<feat xlink:href="#sSpan811" value="PUNCT"/>
		<feat xlink:href="#sSpan816" value="CONJ"/>
		<feat xlink:href="#sSpan820" value="PREP"/>
		<feat xlink:href="#sSpan824" value="ART"/>
		<feat xlink:href="#sSpan827" value="N"/>
		<feat xlink:href="#sSpan829" value="NEG"/>
		<feat xlink:href="#sSpan833" value="PREP"/>
		<feat xlink:href="#sSpan838" value="N"/>
		<feat xlink:href="#sSpan841" value="PREP"/>
		<feat xlink:href="#sSpan846" value="N"/>
		<feat xlink:href="#sSpan849" value="PUNCT"/>
		<feat xlink:href="#sSpan854" value="CONJ"/>
		<feat xlink:href="#sSpan858" value="PREP"/>
		<feat xlink:href="#sSpan862" value="ART"/>
		<feat xlink:href="#sSpan866" value="N"/>
		<feat xlink:href="#sSpan869" value="PREP"/>
		<feat xlink:href="#sSpan873" value="N"/>
		<feat xlink:href="#sSpan876" value="PREP"/>
		<feat xlink:href="#sSpan880" value="N"/>
		<feat xlink:href="#sSpan883" value="PUNCT"/>
		<feat xlink:href="#sSpan887" value="APST"/>
		<feat xlink:href="#sSpan896" value="PPERS"/>
		<feat xlink:href="#sSpan898" value="V"/>
		<feat xlink:href="#sSpan900" value="PREP"/>
		<feat xlink:href="#sSpan904" value="PPERO"/>
		<feat xlink:href="#sSpan906" value="PREP"/>
		<feat xlink:href="#sSpan910" value="ART"/>
		<feat xlink:href="#sSpan914" value="N"/>
		<feat xlink:href="#sSpan916" value="CONJ"/>
		<feat xlink:href="#sSpan920" value="NEG"/>
		<feat xlink:href="#sSpan922" value="V"/>
		<feat xlink:href="#sSpan924" value="PREP"/>
		<feat xlink:href="#sSpan929" value="N"/>
		<feat xlink:href="#sSpan932" value="PUNCT"/>
		<feat xlink:href="#sSpan937" value="NEG"/>
		<feat xlink:href="#sSpan948" value="ADV"/>
		<feat xlink:href="#sSpan952" value="CFOC"/>
		<feat xlink:href="#sSpan956" value="PPERS"/>
		<feat xlink:href="#sSpan958" value="V"/>
		<feat xlink:href="#sSpan960" value="PREP"/>
		<feat xlink:href="#sSpan964" value="PPERO"/>
		<feat xlink:href="#sSpan966" value="CONJ"/>
		<feat xlink:href="#sSpan970" value="ART"/>
		<feat xlink:href="#sSpan974" value="N"/>
		<feat xlink:href="#sSpan976" value="PREP"/>
		<feat xlink:href="#sSpan980" value="PDEM"/>
		<feat xlink:href="#sSpan984" value="N"/>
		<feat xlink:href="#sSpan987" value="CONJ"/>
		<feat xlink:href="#sSpan991" value="ART"/>
		<feat xlink:href="#sSpan997" value="N"/>
		<feat xlink:href="#sSpan1000" value="PREP"/>
		<feat xlink:href="#sSpan1004" value="N"/>
		<feat xlink:href="#sSpan1007" value="CONJ"/>
		<feat xlink:href="#sSpan1011" value="ART"/>
		<feat xlink:href="#sSpan1017" value="N"/>
		<feat xlink:href="#sSpan1021" value="CONJ"/>
		<feat xlink:href="#sSpan1025" value="ART"/>
		<feat xlink:href="#sSpan1031" value="N"/>
		<feat xlink:href="#sSpan1036" value="CONJ"/>
		<feat xlink:href="#sSpan1040" value="PTC"/>
		<feat xlink:href="#sSpan1042" value="ADV"/>
		<feat xlink:href="#sSpan1046" value="V"/>
		<feat xlink:href="#sSpan1050" value="PREP"/>
		<feat xlink:href="#sSpan1054" value="PPERO"/>
		<feat xlink:href="#sSpan1056" value="PREP"/>
		<feat xlink:href="#sSpan1060" value="V"/>
		<feat xlink:href="#sSpan1063" value="ADV"/>
		<feat xlink:href="#sSpan1067" value="PREP"/>
		<feat xlink:href="#sSpan1071" value="ART"/>
		<feat xlink:href="#sSpan1075" value="N"/>
		<feat xlink:href="#sSpan1077" value="PUNCT"/>
		<feat xlink:href="#sSpan1081" value="ADV"/>
		<feat xlink:href="#sSpan1091" value="PTC"/>
		<feat xlink:href="#sSpan1095" value="CFOC"/>
		<feat xlink:href="#sSpan1099" value="APST"/>
		<feat xlink:href="#sSpan1101" value="PPERS"/>
		<feat xlink:href="#sSpan1103" value="V"/>
		<feat xlink:href="#sSpan1105" value="PREP"/>
		<feat xlink:href="#sSpan1109" value="PPERO"/>
		<feat xlink:href="#sSpan1111" value="CONJ"/>
		<feat xlink:href="#sSpan1115" value="NEG"/>
		<feat xlink:href="#sSpan1117" value="V"/>
		<feat xlink:href="#sSpan1119" value="PREP"/>
		<feat xlink:href="#sSpan1123" value="NUM"/>
		<feat xlink:href="#sSpan1126" value="CCIRC"/>
		<feat xlink:href="#sSpan1130" value="PPERS"/>
		<feat xlink:href="#sSpan1132" value="V"/>
		<feat xlink:href="#sSpan1134" value="PREP"/>
		<feat xlink:href="#sSpan1138" value="PPERO"/>
		<feat xlink:href="#sSpan1140" value="CONJ"/>
		<feat xlink:href="#sSpan1144" value="ART"/>
		<feat xlink:href="#sSpan1147" value="N"/>
		<feat xlink:href="#sSpan1149" value="COP"/>
		<feat xlink:href="#sSpan1153" value="CONJ"/>
		<feat xlink:href="#sSpan1157" value="ART"/>
		<feat xlink:href="#sSpan1163" value="N"/>
		<feat xlink:href="#sSpan1165" value="COP"/>
		<feat xlink:href="#sSpan1170" value="CONJ"/>
		<feat xlink:href="#sSpan1174" value="ART"/>
		<feat xlink:href="#sSpan1180" value="N"/>
		<feat xlink:href="#sSpan1186" value="CONJ"/>
		<feat xlink:href="#sSpan1190" value="ART"/>
		<feat xlink:href="#sSpan1196" value="N"/>
		<feat xlink:href="#sSpan1199" value="PREP"/>
		<feat xlink:href="#sSpan1203" value="N"/>
		<feat xlink:href="#sSpan1206" value="CONJ"/>
		<feat xlink:href="#sSpan1210" value="ART"/>
		<feat xlink:href="#sSpan1216" value="N"/>
		<feat xlink:href="#sSpan1220" value="CONJ"/>
		<feat xlink:href="#sSpan1224" value="ART"/>
		<feat xlink:href="#sSpan1230" value="N"/>
		<feat xlink:href="#sSpan1234" value="CONJ"/>
		<feat xlink:href="#sSpan1238" value="ART"/>
		<feat xlink:href="#sSpan1244" value="N"/>
		<feat xlink:href="#sSpan1247" value="PDEM"/>
		<feat xlink:href="#sSpan1252" value="ART"/>
		<feat xlink:href="#sSpan1256" value="PDEM"/>
		<feat xlink:href="#sSpan1258" value="N"/>
		<feat xlink:href="#sSpan1261" value="CONJ"/>
		<feat xlink:href="#sSpan1265" value="NEG"/>
		<feat xlink:href="#sSpan1269" value="V"/>
		<feat xlink:href="#sSpan1271" value="PREP"/>
		<feat xlink:href="#sSpan1275" value="PPERO"/>
		<feat xlink:href="#sSpan1277" value="PUNCT"/>
		<feat xlink:href="#sSpan1281" value="PINT"/>
		<feat xlink:href="#sSpan1292" value="PTC"/>
		<feat xlink:href="#sSpan1296" value="PREP"/>
		<feat xlink:href="#sSpan1300" value="PPERO"/>
		<feat xlink:href="#sSpan1302" value="COP"/>
		<feat xlink:href="#sSpan1306" value="PREP"/>
		<feat xlink:href="#sSpan1311" value="V"/>
		<feat xlink:href="#sSpan1313" value="PREP"/>
		<feat xlink:href="#sSpan1317" value="ART"/>
		<feat xlink:href="#sSpan1320" value="CREL"/>
		<feat xlink:href="#sSpan1322" value="ADV"/>
		<feat xlink:href="#sSpan1324" value="PUNCT"/>
		<feat xlink:href="#sSpan1328" value="CONJ"/>
		<feat xlink:href="#sSpan1332" value="PREP"/>
		<feat xlink:href="#sSpan1336" value="ART"/>
		<feat xlink:href="#sSpan1339" value="CREL"/>
		<feat xlink:href="#sSpan1341" value="ADV"/>
		<feat xlink:href="#sSpan1343" value="NEG"/>
		<feat xlink:href="#sSpan1347" value="PUNCT"/>
		<feat xlink:href="#sSpan1351" value="PPERI"/>
		<feat xlink:href="#sSpan1356" value="V"/>
		<feat xlink:href="#sSpan1360" value="PREP"/>
		<feat xlink:href="#sSpan1364" value="ART"/>
		<feat xlink:href="#sSpan1367" value="CREL"/>
		<feat xlink:href="#sSpan1369" value="ADV"/>
		<feat xlink:href="#sSpan1371" value="ART"/>
		<feat xlink:href="#sSpan1382" value="N"/>
		<feat xlink:href="#sSpan1385" value="PTC"/>
		<feat xlink:href="#sSpan1389" value="FUT"/>
		<feat xlink:href="#sSpan1394" value="V"/>
		<feat xlink:href="#sSpan1396" value="PREP"/>
		<feat xlink:href="#sSpan1400" value="ART"/>
		<feat xlink:href="#sSpan1403" value="CREL"/>
		<feat xlink:href="#sSpan1405" value="ADV"/>
		<feat xlink:href="#sSpan1407" value="V"/>
		<feat xlink:href="#sSpan1411" value="PREP"/>
		<feat xlink:href="#sSpan1415" value="ART"/>
		<feat xlink:href="#sSpan1419" value="N"/>
		<feat xlink:href="#sSpan1421" value="ADV"/>
		<feat xlink:href="#sSpan1425" value="PREP"/>
		<feat xlink:href="#sSpan1429" value="PPERO"/>
		<feat xlink:href="#sSpan1431" value="PUNCT"/></featList></paula>