<?xml version='1.0' encoding='UTF-8'?><!DOCTYPE paula SYSTEM "paula_rel.dtd">
<paula version="1.1">
	<header paula_id="scriptorium.1Cor_05.head"/>
	<relList xmlns:xlink="http://www.w3.org/1999/xlink" type="head">
		<rel id="sPointingRel787" xlink:href="scriptorium.1Cor_05.mark.xml#sSpan798" target="scriptorium.1Cor_05.mark.xml#sSpan799"/>
		<rel id="sPointingRel789" xlink:href="scriptorium.1Cor_05.mark.xml#sSpan1240" target="scriptorium.1Cor_05.mark.xml#sSpan1244"/>
		<rel id="sPointingRel791" xlink:href="scriptorium.1Cor_05.mark.xml#sSpan864" target="scriptorium.1Cor_05.mark.xml#sSpan866"/>
		<rel id="sPointingRel793" xlink:href="scriptorium.1Cor_05.mark.xml#sSpan101" target="scriptorium.1Cor_05.mark.xml#sSpan102"/>
		<rel id="sPointingRel795" xlink:href="scriptorium.1Cor_05.mark.xml#sSpan1146" target="scriptorium.1Cor_05.mark.xml#sSpan1147"/>
		<rel id="sPointingRel797" xlink:href="scriptorium.1Cor_05.mark.xml#sSpan523" target="scriptorium.1Cor_05.mark.xml#sSpan525"/>
		<rel id="sPointingRel799" xlink:href="scriptorium.1Cor_05.mark.xml#sSpan187" target="scriptorium.1Cor_05.mark.xml#sSpan188"/>
		<rel id="sPointingRel801" xlink:href="scriptorium.1Cor_05.mark.xml#sSpan435" target="scriptorium.1Cor_05.mark.xml#sSpan436"/>
		<rel id="sPointingRel803" xlink:href="scriptorium.1Cor_05.mark.xml#sSpan1073" target="scriptorium.1Cor_05.mark.xml#sSpan1075"/>
		<rel id="sPointingRel805" xlink:href="scriptorium.1Cor_05.mark.xml#sSpan43" target="scriptorium.1Cor_05.mark.xml#sSpan45"/>
		<rel id="sPointingRel807" xlink:href="scriptorium.1Cor_05.mark.xml#sSpan94" target="scriptorium.1Cor_05.mark.xml#sSpan92"/>
		<rel id="sPointingRel809" xlink:href="scriptorium.1Cor_05.mark.xml#sSpan1402" target="scriptorium.1Cor_05.mark.xml#sSpan1400"/>
		<rel id="sPointingRel811" xlink:href="scriptorium.1Cor_05.mark.xml#sSpan444" target="scriptorium.1Cor_05.mark.xml#sSpan448"/>
		<rel id="sPointingRel813" xlink:href="scriptorium.1Cor_05.mark.xml#sSpan1027" target="scriptorium.1Cor_05.mark.xml#sSpan1031"/>
		<rel id="sPointingRel815" xlink:href="scriptorium.1Cor_05.mark.xml#sSpan912" target="scriptorium.1Cor_05.mark.xml#sSpan914"/>
		<rel id="sPointingRel817" xlink:href="scriptorium.1Cor_05.mark.xml#sSpan624" target="scriptorium.1Cor_05.mark.xml#sSpan625"/>
		<rel id="sPointingRel819" xlink:href="scriptorium.1Cor_05.mark.xml#sSpan848" target="scriptorium.1Cor_05.mark.xml#sSpan846"/>
		<rel id="sPointingRel821" xlink:href="scriptorium.1Cor_05.mark.xml#sSpan196" target="scriptorium.1Cor_05.mark.xml#sSpan194"/>
		<rel id="sPointingRel823" xlink:href="scriptorium.1Cor_05.mark.xml#sSpan750" target="scriptorium.1Cor_05.mark.xml#sSpan752"/>
		<rel id="sPointingRel825" xlink:href="scriptorium.1Cor_05.mark.xml#sSpan882" target="scriptorium.1Cor_05.mark.xml#sSpan880"/>
		<rel id="sPointingRel827" xlink:href="scriptorium.1Cor_05.mark.xml#sSpan110" target="scriptorium.1Cor_05.mark.xml#sSpan111"/>
		<rel id="sPointingRel829" xlink:href="scriptorium.1Cor_05.mark.xml#sSpan840" target="scriptorium.1Cor_05.mark.xml#sSpan838"/>
		<rel id="sPointingRel831" xlink:href="scriptorium.1Cor_05.mark.xml#sSpan1251" target="scriptorium.1Cor_05.mark.xml#sSpan1247"/>
		<rel id="sPointingRel833" xlink:href="scriptorium.1Cor_05.mark.xml#sSpan875" target="scriptorium.1Cor_05.mark.xml#sSpan873"/>
		<rel id="sPointingRel835" xlink:href="scriptorium.1Cor_05.mark.xml#sSpan425" target="scriptorium.1Cor_05.mark.xml#sSpan427"/>
		<rel id="sPointingRel837" xlink:href="scriptorium.1Cor_05.mark.xml#sSpan507" target="scriptorium.1Cor_05.mark.xml#sSpan509"/>
		<rel id="sPointingRel839" xlink:href="scriptorium.1Cor_05.mark.xml#sSpan931" target="scriptorium.1Cor_05.mark.xml#sSpan929"/>
		<rel id="sPointingRel841" xlink:href="scriptorium.1Cor_05.mark.xml#sSpan762" target="scriptorium.1Cor_05.mark.xml#sSpan766"/>
		<rel id="sPointingRel843" xlink:href="scriptorium.1Cor_05.mark.xml#sSpan1125" target="scriptorium.1Cor_05.mark.xml#sSpan1123"/>
		<rel id="sPointingRel845" xlink:href="scriptorium.1Cor_05.mark.xml#sSpan657" target="scriptorium.1Cor_05.mark.xml#sSpan658"/>
		<rel id="sPointingRel847" xlink:href="scriptorium.1Cor_05.mark.xml#sSpan995" target="scriptorium.1Cor_05.mark.xml#sSpan997"/>
		<rel id="sPointingRel849" xlink:href="scriptorium.1Cor_05.mark.xml#sSpan1194" target="scriptorium.1Cor_05.mark.xml#sSpan1196"/>
		<rel id="sPointingRel851" xlink:href="scriptorium.1Cor_05.mark.xml#sSpan1338" target="scriptorium.1Cor_05.mark.xml#sSpan1336"/>
		<rel id="sPointingRel853" xlink:href="scriptorium.1Cor_05.mark.xml#sSpan972" target="scriptorium.1Cor_05.mark.xml#sSpan974"/>
		<rel id="sPointingRel855" xlink:href="scriptorium.1Cor_05.mark.xml#sSpan395" target="scriptorium.1Cor_05.mark.xml#sSpan396"/>
		<rel id="sPointingRel857" xlink:href="scriptorium.1Cor_05.mark.xml#sSpan609" target="scriptorium.1Cor_05.mark.xml#sSpan610"/>
		<rel id="sPointingRel859" xlink:href="scriptorium.1Cor_05.mark.xml#sSpan826" target="scriptorium.1Cor_05.mark.xml#sSpan827"/>
		<rel id="sPointingRel861" xlink:href="scriptorium.1Cor_05.mark.xml#sSpan537" target="scriptorium.1Cor_05.mark.xml#sSpan538"/>
		<rel id="sPointingRel863" xlink:href="scriptorium.1Cor_05.mark.xml#sSpan1212" target="scriptorium.1Cor_05.mark.xml#sSpan1216"/>
		<rel id="sPointingRel865" xlink:href="scriptorium.1Cor_05.mark.xml#sSpan25" target="scriptorium.1Cor_05.mark.xml#sSpan27"/>
		<rel id="sPointingRel867" xlink:href="scriptorium.1Cor_05.mark.xml#sSpan1417" target="scriptorium.1Cor_05.mark.xml#sSpan1419"/>
		<rel id="sPointingRel869" xlink:href="scriptorium.1Cor_05.mark.xml#sSpan690" target="scriptorium.1Cor_05.mark.xml#sSpan691"/>
		<rel id="sPointingRel871" xlink:href="scriptorium.1Cor_05.mark.xml#sSpan578" target="scriptorium.1Cor_05.mark.xml#sSpan579"/>
		<rel id="sPointingRel873" xlink:href="scriptorium.1Cor_05.mark.xml#sSpan1013" target="scriptorium.1Cor_05.mark.xml#sSpan1017"/>
		<rel id="sPointingRel875" xlink:href="scriptorium.1Cor_05.mark.xml#sSpan982" target="scriptorium.1Cor_05.mark.xml#sSpan984"/>
		<rel id="sPointingRel877" xlink:href="scriptorium.1Cor_05.mark.xml#sSpan211" target="scriptorium.1Cor_05.mark.xml#sSpan212"/>
		<rel id="sPointingRel879" xlink:href="scriptorium.1Cor_05.mark.xml#sSpan284" target="scriptorium.1Cor_05.mark.xml#sSpan286"/>
		<rel id="sPointingRel881" xlink:href="scriptorium.1Cor_05.mark.xml#sSpan1319" target="scriptorium.1Cor_05.mark.xml#sSpan1317"/>
		<rel id="sPointingRel883" xlink:href="scriptorium.1Cor_05.mark.xml#sSpan255" target="scriptorium.1Cor_05.mark.xml#sSpan257"/>
		<rel id="sPointingRel885" xlink:href="scriptorium.1Cor_05.mark.xml#sSpan1159" target="scriptorium.1Cor_05.mark.xml#sSpan1163"/>
		<rel id="sPointingRel887" xlink:href="scriptorium.1Cor_05.mark.xml#sSpan1226" target="scriptorium.1Cor_05.mark.xml#sSpan1230"/>
		<rel id="sPointingRel889" xlink:href="scriptorium.1Cor_05.mark.xml#sSpan345" target="scriptorium.1Cor_05.mark.xml#sSpan346"/>
		<rel id="sPointingRel891" xlink:href="scriptorium.1Cor_05.mark.xml#sSpan1373" target="scriptorium.1Cor_05.mark.xml#sSpan1382"/>
		<rel id="sPointingRel893" xlink:href="scriptorium.1Cor_05.mark.xml#sSpan1366" target="scriptorium.1Cor_05.mark.xml#sSpan1364"/>
		<rel id="sPointingRel895" xlink:href="scriptorium.1Cor_05.mark.xml#sSpan67" target="scriptorium.1Cor_05.mark.xml#sSpan71"/>
		<rel id="sPointingRel897" xlink:href="scriptorium.1Cor_05.mark.xml#sSpan1176" target="scriptorium.1Cor_05.mark.xml#sSpan1180"/>
		<rel id="sPointingRel899" xlink:href="scriptorium.1Cor_05.mark.xml#sSpan404" target="scriptorium.1Cor_05.mark.xml#sSpan408"/>
		<rel id="sPointingRel901" xlink:href="scriptorium.1Cor_05.mark.xml#sSpan489" target="scriptorium.1Cor_05.mark.xml#sSpan491"/>
		<rel id="sPointingRel903" xlink:href="scriptorium.1Cor_05.mark.xml#sSpan330" target="scriptorium.1Cor_05.mark.xml#sSpan328"/>
		<rel id="sPointingRel905" xlink:href="scriptorium.1Cor_05.mark.xml#sSpan717" target="scriptorium.1Cor_05.mark.xml#sSpan719"/>
		<rel id="sPointingRel907" xlink:href="scriptorium.1Cor_05.mark.xml#sSpan474" target="scriptorium.1Cor_05.mark.xml#sSpan472"/>
		<rel id="sPointingRel909" xlink:href="scriptorium.1Cor_05.mark.xml#sSpan546" target="scriptorium.1Cor_05.mark.xml#sSpan550"/></relList></paula>