<?xml version='1.0' encoding='UTF-8'?><!DOCTYPE paula SYSTEM "paula_rel.dtd">
<paula version="1.1">
	<header paula_id="scriptorium.1Cor_05.dep"/>
	<relList xmlns:xlink="http://www.w3.org/1999/xlink" type="dep">
		<rel id="sPointingRel1" xlink:href="scriptorium.1Cor_05.mark.xml#sSpan472" target="scriptorium.1Cor_05.mark.xml#sSpan468"/>
		<rel id="sPointingRel3" xlink:href="scriptorium.1Cor_05.mark.xml#sSpan866" target="scriptorium.1Cor_05.mark.xml#sSpan858"/>
		<rel id="sPointingRel5" xlink:href="scriptorium.1Cor_05.mark.xml#sSpan914" target="scriptorium.1Cor_05.mark.xml#sSpan910"/>
		<rel id="sPointingRel7" xlink:href="scriptorium.1Cor_05.mark.xml#sSpan1336" target="scriptorium.1Cor_05.mark.xml#sSpan1341"/>
		<rel id="sPointingRel9" xlink:href="scriptorium.1Cor_05.mark.xml#sSpan929" target="scriptorium.1Cor_05.mark.xml#sSpan924"/>
		<rel id="sPointingRel11" xlink:href="scriptorium.1Cor_05.mark.xml#sSpan396" target="scriptorium.1Cor_05.mark.xml#sSpan436"/>
		<rel id="sPointingRel13" xlink:href="scriptorium.1Cor_05.mark.xml#sSpan618" target="scriptorium.1Cor_05.mark.xml#sSpan605"/>
		<rel id="sPointingRel15" xlink:href="scriptorium.1Cor_05.mark.xml#sSpan71" target="scriptorium.1Cor_05.mark.xml#sSpan59"/>
		<rel id="sPointingRel17" xlink:href="scriptorium.1Cor_05.mark.xml#sSpan53" target="scriptorium.1Cor_05.mark.xml#sSpan47"/>
		<rel id="sPointingRel19" xlink:href="scriptorium.1Cor_05.mark.xml#sSpan742" target="scriptorium.1Cor_05.mark.xml#sSpan752"/>
		<rel id="sPointingRel21" xlink:href="scriptorium.1Cor_05.mark.xml#sSpan337" target="scriptorium.1Cor_05.mark.xml#sSpan354"/>
		<rel id="sPointingRel23" xlink:href="scriptorium.1Cor_05.mark.xml#sSpan922" target="scriptorium.1Cor_05.mark.xml#sSpan920"/>
		<rel id="sPointingRel25" xlink:href="scriptorium.1Cor_05.mark.xml#sSpan1196" target="scriptorium.1Cor_05.mark.xml#sSpan1203"/>
		<rel id="sPointingRel27" xlink:href="scriptorium.1Cor_05.mark.xml#sSpan243" target="scriptorium.1Cor_05.mark.xml#sSpan257"/>
		<rel id="sPointingRel29" xlink:href="scriptorium.1Cor_05.mark.xml#sSpan658" target="scriptorium.1Cor_05.mark.xml#sSpan655"/>
		<rel id="sPointingRel31" xlink:href="scriptorium.1Cor_05.mark.xml#sSpan1394" target="scriptorium.1Cor_05.mark.xml#sSpan1382"/>
		<rel id="sPointingRel33" xlink:href="scriptorium.1Cor_05.mark.xml#sSpan243" target="scriptorium.1Cor_05.mark.xml#sSpan245"/>
		<rel id="sPointingRel35" xlink:href="scriptorium.1Cor_05.mark.xml#sSpan203" target="scriptorium.1Cor_05.mark.xml#sSpan212"/>
		<rel id="sPointingRel37" xlink:href="scriptorium.1Cor_05.mark.xml#sSpan789" target="scriptorium.1Cor_05.mark.xml#sSpan786"/>
		<rel id="sPointingRel39" xlink:href="scriptorium.1Cor_05.mark.xml#sSpan102" target="scriptorium.1Cor_05.mark.xml#sSpan111"/>
		<rel id="sPointingRel41" xlink:href="scriptorium.1Cor_05.mark.xml#sSpan1103" target="scriptorium.1Cor_05.mark.xml#sSpan1109"/>
		<rel id="sPointingRel43" xlink:href="scriptorium.1Cor_05.mark.xml#sSpan1123" target="scriptorium.1Cor_05.mark.xml#sSpan1132"/>
		<rel id="sPointingRel45" xlink:href="scriptorium.1Cor_05.mark.xml#sSpan13" target="scriptorium.1Cor_05.mark.xml#sSpan15"/>
		<rel id="sPointingRel47" xlink:href="scriptorium.1Cor_05.mark.xml#sSpan45" target="scriptorium.1Cor_05.mark.xml#sSpan39"/>
		<rel id="sPointingRel49" xlink:href="scriptorium.1Cor_05.mark.xml#sSpan499" target="scriptorium.1Cor_05.mark.xml#sSpan497"/>
		<rel id="sPointingRel51" xlink:href="scriptorium.1Cor_05.mark.xml#sSpan298" target="scriptorium.1Cor_05.mark.xml#sSpan218"/>
		<rel id="sPointingRel53" xlink:href="scriptorium.1Cor_05.mark.xml#sSpan1216" target="scriptorium.1Cor_05.mark.xml#sSpan1206"/>
		<rel id="sPointingRel55" xlink:href="scriptorium.1Cor_05.mark.xml#sSpan27" target="scriptorium.1Cor_05.mark.xml#sSpan19"/>
		<rel id="sPointingRel57" xlink:href="scriptorium.1Cor_05.mark.xml#sSpan1341" target="scriptorium.1Cor_05.mark.xml#sSpan1339"/>
		<rel id="sPointingRel59" xlink:href="scriptorium.1Cor_05.mark.xml#sSpan574" target="scriptorium.1Cor_05.mark.xml#sSpan595"/>
		<rel id="sPointingRel61" xlink:href="scriptorium.1Cor_05.mark.xml#sSpan1275" target="scriptorium.1Cor_05.mark.xml#sSpan1271"/>
		<rel id="sPointingRel63" xlink:href="scriptorium.1Cor_05.mark.xml#sSpan799" target="scriptorium.1Cor_05.mark.xml#sSpan809"/>
		<rel id="sPointingRel65" xlink:href="scriptorium.1Cor_05.mark.xml#sSpan387" target="scriptorium.1Cor_05.mark.xml#sSpan381"/>
		<rel id="sPointingRel67" xlink:href="scriptorium.1Cor_05.mark.xml#sSpan1031" target="scriptorium.1Cor_05.mark.xml#sSpan1025"/>
		<rel id="sPointingRel69" xlink:href="scriptorium.1Cor_05.mark.xml#sSpan547" target="scriptorium.1Cor_05.mark.xml#sSpan540"/>
		<rel id="sPointingRel71" xlink:href="scriptorium.1Cor_05.mark.xml#sSpan179" target="scriptorium.1Cor_05.mark.xml#sSpan188"/>
		<rel id="sPointingRel73" xlink:href="scriptorium.1Cor_05.mark.xml#sSpan1117" target="scriptorium.1Cor_05.mark.xml#sSpan1111"/>
		<rel id="sPointingRel75" xlink:href="scriptorium.1Cor_05.mark.xml#sSpan1017" target="scriptorium.1Cor_05.mark.xml#sSpan1011"/>
		<rel id="sPointingRel77" xlink:href="scriptorium.1Cor_05.mark.xml#sSpan1336" target="scriptorium.1Cor_05.mark.xml#sSpan1343"/>
		<rel id="sPointingRel79" xlink:href="scriptorium.1Cor_05.mark.xml#sSpan1419" target="scriptorium.1Cor_05.mark.xml#sSpan1411"/>
		<rel id="sPointingRel81" xlink:href="scriptorium.1Cor_05.mark.xml#sSpan1103" target="scriptorium.1Cor_05.mark.xml#sSpan1101"/>
		<rel id="sPointingRel83" xlink:href="scriptorium.1Cor_05.mark.xml#sSpan974" target="scriptorium.1Cor_05.mark.xml#sSpan1017"/>
		<rel id="sPointingRel85" xlink:href="scriptorium.1Cor_05.mark.xml#sSpan641" target="scriptorium.1Cor_05.mark.xml#sSpan768"/>
		<rel id="sPointingRel87" xlink:href="scriptorium.1Cor_05.mark.xml#sSpan71" target="scriptorium.1Cor_05.mark.xml#sSpan61"/>
		<rel id="sPointingRel89" xlink:href="scriptorium.1Cor_05.mark.xml#sSpan527" target="scriptorium.1Cor_05.mark.xml#sSpan525"/>
		<rel id="sPointingRel91" xlink:href="scriptorium.1Cor_05.mark.xml#sSpan958" target="scriptorium.1Cor_05.mark.xml#sSpan956"/>
		<rel id="sPointingRel93" xlink:href="scriptorium.1Cor_05.mark.xml#sSpan271" target="scriptorium.1Cor_05.mark.xml#sSpan269"/>
		<rel id="sPointingRel95" xlink:href="scriptorium.1Cor_05.mark.xml#sSpan1132" target="scriptorium.1Cor_05.mark.xml#sSpan1126"/>
		<rel id="sPointingRel97" xlink:href="scriptorium.1Cor_05.mark.xml#sSpan914" target="scriptorium.1Cor_05.mark.xml#sSpan906"/>
		<rel id="sPointingRel99" xlink:href="scriptorium.1Cor_05.mark.xml#sSpan1103" target="scriptorium.1Cor_05.mark.xml#sSpan1091"/>
		<rel id="sPointingRel101" xlink:href="scriptorium.1Cor_05.mark.xml#sSpan1117" target="scriptorium.1Cor_05.mark.xml#sSpan1115"/>
		<rel id="sPointingRel103" xlink:href="scriptorium.1Cor_05.mark.xml#sSpan135" target="scriptorium.1Cor_05.mark.xml#sSpan141"/>
		<rel id="sPointingRel105" xlink:href="scriptorium.1Cor_05.mark.xml#sSpan135" target="scriptorium.1Cor_05.mark.xml#sSpan131"/>
		<rel id="sPointingRel107" xlink:href="scriptorium.1Cor_05.mark.xml#sSpan71" target="scriptorium.1Cor_05.mark.xml#sSpan55"/>
		<rel id="sPointingRel109" xlink:href="scriptorium.1Cor_05.mark.xml#sSpan898" target="scriptorium.1Cor_05.mark.xml#sSpan904"/>
		<rel id="sPointingRel111" xlink:href="scriptorium.1Cor_05.mark.xml#sSpan1317" target="scriptorium.1Cor_05.mark.xml#sSpan1313"/>
		<rel id="sPointingRel113" xlink:href="scriptorium.1Cor_05.mark.xml#sSpan974" target="scriptorium.1Cor_05.mark.xml#sSpan997"/>
		<rel id="sPointingRel115" xlink:href="scriptorium.1Cor_05.mark.xml#sSpan706" target="scriptorium.1Cor_05.mark.xml#sSpan704"/>
		<rel id="sPointingRel117" xlink:href="scriptorium.1Cor_05.mark.xml#sSpan846" target="scriptorium.1Cor_05.mark.xml#sSpan841"/>
		<rel id="sPointingRel119" xlink:href="scriptorium.1Cor_05.mark.xml#sSpan1336" target="scriptorium.1Cor_05.mark.xml#sSpan1328"/>
		<rel id="sPointingRel121" xlink:href="scriptorium.1Cor_05.mark.xml#sSpan1103" target="scriptorium.1Cor_05.mark.xml#sSpan1099"/>
		<rel id="sPointingRel123" xlink:href="scriptorium.1Cor_05.mark.xml#sSpan1163" target="scriptorium.1Cor_05.mark.xml#sSpan1196"/>
		<rel id="sPointingRel125" xlink:href="scriptorium.1Cor_05.mark.xml#sSpan1196" target="scriptorium.1Cor_05.mark.xml#sSpan1190"/>
		<rel id="sPointingRel127" xlink:href="scriptorium.1Cor_05.mark.xml#sSpan974" target="scriptorium.1Cor_05.mark.xml#sSpan1031"/>
		<rel id="sPointingRel129" xlink:href="scriptorium.1Cor_05.mark.xml#sSpan1244" target="scriptorium.1Cor_05.mark.xml#sSpan1238"/>
		<rel id="sPointingRel131" xlink:href="scriptorium.1Cor_05.mark.xml#sSpan789" target="scriptorium.1Cor_05.mark.xml#sSpan799"/>
		<rel id="sPointingRel133" xlink:href="scriptorium.1Cor_05.mark.xml#sSpan527" target="scriptorium.1Cor_05.mark.xml#sSpan519"/>
		<rel id="sPointingRel135" xlink:href="scriptorium.1Cor_05.mark.xml#sSpan466" target="scriptorium.1Cor_05.mark.xml#sSpan499"/>
		<rel id="sPointingRel137" xlink:href="scriptorium.1Cor_05.mark.xml#sSpan271" target="scriptorium.1Cor_05.mark.xml#sSpan286"/>
		<rel id="sPointingRel139" xlink:href="scriptorium.1Cor_05.mark.xml#sSpan697" target="scriptorium.1Cor_05.mark.xml#sSpan693"/>
		<rel id="sPointingRel141" xlink:href="scriptorium.1Cor_05.mark.xml#sSpan156" target="scriptorium.1Cor_05.mark.xml#sSpan163"/>
		<rel id="sPointingRel143" xlink:href="scriptorium.1Cor_05.mark.xml#sSpan346" target="scriptorium.1Cor_05.mark.xml#sSpan343"/>
		<rel id="sPointingRel145" xlink:href="scriptorium.1Cor_05.mark.xml#sSpan547" target="scriptorium.1Cor_05.mark.xml#sSpan550"/>
		<rel id="sPointingRel147" xlink:href="scriptorium.1Cor_05.mark.xml#sSpan948" target="scriptorium.1Cor_05.mark.xml#sSpan937"/>
		<rel id="sPointingRel149" xlink:href="scriptorium.1Cor_05.mark.xml#sSpan752" target="scriptorium.1Cor_05.mark.xml#sSpan744"/>
		<rel id="sPointingRel151" xlink:href="scriptorium.1Cor_05.mark.xml#sSpan1109" target="scriptorium.1Cor_05.mark.xml#sSpan1105"/>
		<rel id="sPointingRel153" xlink:href="scriptorium.1Cor_05.mark.xml#sSpan1180" target="scriptorium.1Cor_05.mark.xml#sSpan1170"/>
		<rel id="sPointingRel155" xlink:href="scriptorium.1Cor_05.mark.xml#sSpan866" target="scriptorium.1Cor_05.mark.xml#sSpan873"/>
		<rel id="sPointingRel157" xlink:href="scriptorium.1Cor_05.mark.xml#sSpan298" target="scriptorium.1Cor_05.mark.xml#sSpan292"/>
		<rel id="sPointingRel159" xlink:href="scriptorium.1Cor_05.mark.xml#sSpan1317" target="scriptorium.1Cor_05.mark.xml#sSpan1336"/>
		<rel id="sPointingRel161" xlink:href="scriptorium.1Cor_05.mark.xml#sSpan1054" target="scriptorium.1Cor_05.mark.xml#sSpan1050"/>
		<rel id="sPointingRel163" xlink:href="scriptorium.1Cor_05.mark.xml#sSpan789" target="scriptorium.1Cor_05.mark.xml#sSpan801"/>
		<rel id="sPointingRel165" xlink:href="scriptorium.1Cor_05.mark.xml#sSpan898" target="scriptorium.1Cor_05.mark.xml#sSpan922"/>
		<rel id="sPointingRel167" xlink:href="scriptorium.1Cor_05.mark.xml#sSpan243" target="scriptorium.1Cor_05.mark.xml#sSpan233"/>
		<rel id="sPointingRel169" xlink:href="scriptorium.1Cor_05.mark.xml#sSpan298" target="scriptorium.1Cor_05.mark.xml#sSpan243"/>
		<rel id="sPointingRel171" xlink:href="scriptorium.1Cor_05.mark.xml#sSpan1269" target="scriptorium.1Cor_05.mark.xml#sSpan1265"/>
		<rel id="sPointingRel173" xlink:href="scriptorium.1Cor_05.mark.xml#sSpan1216" target="scriptorium.1Cor_05.mark.xml#sSpan1210"/>
		<rel id="sPointingRel175" xlink:href="scriptorium.1Cor_05.mark.xml#sSpan898" target="scriptorium.1Cor_05.mark.xml#sSpan896"/>
		<rel id="sPointingRel177" xlink:href="scriptorium.1Cor_05.mark.xml#sSpan827" target="scriptorium.1Cor_05.mark.xml#sSpan816"/>
		<rel id="sPointingRel179" xlink:href="scriptorium.1Cor_05.mark.xml#sSpan610" target="scriptorium.1Cor_05.mark.xml#sSpan607"/>
		<rel id="sPointingRel181" xlink:href="scriptorium.1Cor_05.mark.xml#sSpan997" target="scriptorium.1Cor_05.mark.xml#sSpan991"/>
		<rel id="sPointingRel183" xlink:href="scriptorium.1Cor_05.mark.xml#sSpan307" target="scriptorium.1Cor_05.mark.xml#sSpan300"/>
		<rel id="sPointingRel185" xlink:href="scriptorium.1Cor_05.mark.xml#sSpan1103" target="scriptorium.1Cor_05.mark.xml#sSpan1117"/>
		<rel id="sPointingRel187" xlink:href="scriptorium.1Cor_05.mark.xml#sSpan445" target="scriptorium.1Cor_05.mark.xml#sSpan448"/>
		<rel id="sPointingRel189" xlink:href="scriptorium.1Cor_05.mark.xml#sSpan90" target="scriptorium.1Cor_05.mark.xml#sSpan92"/>
		<rel id="sPointingRel191" xlink:href="scriptorium.1Cor_05.mark.xml#sSpan90" target="scriptorium.1Cor_05.mark.xml#sSpan82"/>
		<rel id="sPointingRel193" xlink:href="scriptorium.1Cor_05.mark.xml#sSpan1311" target="scriptorium.1Cor_05.mark.xml#sSpan1306"/>
		<rel id="sPointingRel195" xlink:href="scriptorium.1Cor_05.mark.xml#sSpan1369" target="scriptorium.1Cor_05.mark.xml#sSpan1367"/>
		<rel id="sPointingRel197" xlink:href="scriptorium.1Cor_05.mark.xml#sSpan354" target="scriptorium.1Cor_05.mark.xml#sSpan352"/>
		<rel id="sPointingRel199" xlink:href="scriptorium.1Cor_05.mark.xml#sSpan243" target="scriptorium.1Cor_05.mark.xml#sSpan237"/>
		<rel id="sPointingRel201" xlink:href="scriptorium.1Cor_05.mark.xml#sSpan243" target="scriptorium.1Cor_05.mark.xml#sSpan239"/>
		<rel id="sPointingRel203" xlink:href="scriptorium.1Cor_05.mark.xml#sSpan1281" target="scriptorium.1Cor_05.mark.xml#sSpan1302"/>
		<rel id="sPointingRel205" xlink:href="scriptorium.1Cor_05.mark.xml#sSpan203" target="scriptorium.1Cor_05.mark.xml#sSpan201"/>
		<rel id="sPointingRel207" xlink:href="scriptorium.1Cor_05.mark.xml#sSpan322" target="scriptorium.1Cor_05.mark.xml#sSpan310"/>
		<rel id="sPointingRel209" xlink:href="scriptorium.1Cor_05.mark.xml#sSpan1163" target="scriptorium.1Cor_05.mark.xml#sSpan1230"/>
		<rel id="sPointingRel211" xlink:href="scriptorium.1Cor_05.mark.xml#sSpan1421" target="scriptorium.1Cor_05.mark.xml#sSpan1425"/>
		<rel id="sPointingRel213" xlink:href="scriptorium.1Cor_05.mark.xml#sSpan466" target="scriptorium.1Cor_05.mark.xml#sSpan472"/>
		<rel id="sPointingRel215" xlink:href="scriptorium.1Cor_05.mark.xml#sSpan298" target="scriptorium.1Cor_05.mark.xml#sSpan271"/>
		<rel id="sPointingRel217" xlink:href="scriptorium.1Cor_05.mark.xml#sSpan641" target="scriptorium.1Cor_05.mark.xml#sSpan682"/>
		<rel id="sPointingRel219" xlink:href="scriptorium.1Cor_05.mark.xml#sSpan1364" target="scriptorium.1Cor_05.mark.xml#sSpan1369"/>
		<rel id="sPointingRel221" xlink:href="scriptorium.1Cor_05.mark.xml#sSpan674" target="scriptorium.1Cor_05.mark.xml#sSpan666"/>
		<rel id="sPointingRel223" xlink:href="scriptorium.1Cor_05.mark.xml#sSpan574" target="scriptorium.1Cor_05.mark.xml#sSpan579"/>
		<rel id="sPointingRel225" xlink:href="scriptorium.1Cor_05.mark.xml#sSpan71" target="scriptorium.1Cor_05.mark.xml#sSpan65"/>
		<rel id="sPointingRel227" xlink:href="scriptorium.1Cor_05.mark.xml#sSpan375" target="scriptorium.1Cor_05.mark.xml#sSpan396"/>
		<rel id="sPointingRel229" xlink:href="scriptorium.1Cor_05.mark.xml#sSpan766" target="scriptorium.1Cor_05.mark.xml#sSpan760"/>
		<rel id="sPointingRel231" xlink:href="scriptorium.1Cor_05.mark.xml#sSpan1258" target="scriptorium.1Cor_05.mark.xml#sSpan1256"/>
		<rel id="sPointingRel233" xlink:href="scriptorium.1Cor_05.mark.xml#sSpan1117" target="scriptorium.1Cor_05.mark.xml#sSpan1163"/>
		<rel id="sPointingRel235" xlink:href="scriptorium.1Cor_05.mark.xml#sSpan838" target="scriptorium.1Cor_05.mark.xml#sSpan833"/>
		<rel id="sPointingRel237" xlink:href="scriptorium.1Cor_05.mark.xml#sSpan1364" target="scriptorium.1Cor_05.mark.xml#sSpan1360"/>
		<rel id="sPointingRel239" xlink:href="scriptorium.1Cor_05.mark.xml#sSpan1060" target="scriptorium.1Cor_05.mark.xml#sSpan1056"/>
		<rel id="sPointingRel241" xlink:href="scriptorium.1Cor_05.mark.xml#sSpan1336" target="scriptorium.1Cor_05.mark.xml#sSpan1332"/>
		<rel id="sPointingRel243" xlink:href="scriptorium.1Cor_05.mark.xml#sSpan1163" target="scriptorium.1Cor_05.mark.xml#sSpan1244"/>
		<rel id="sPointingRel245" xlink:href="scriptorium.1Cor_05.mark.xml#sSpan1244" target="scriptorium.1Cor_05.mark.xml#sSpan1234"/>
		<rel id="sPointingRel247" xlink:href="scriptorium.1Cor_05.mark.xml#sSpan618" target="scriptorium.1Cor_05.mark.xml#sSpan625"/>
		<rel id="sPointingRel249" xlink:href="scriptorium.1Cor_05.mark.xml#sSpan445" target="scriptorium.1Cor_05.mark.xml#sSpan442"/>
		<rel id="sPointingRel251" xlink:href="scriptorium.1Cor_05.mark.xml#sSpan527" target="scriptorium.1Cor_05.mark.xml#sSpan538"/>
		<rel id="sPointingRel253" xlink:href="scriptorium.1Cor_05.mark.xml#sSpan1317" target="scriptorium.1Cor_05.mark.xml#sSpan1324"/>
		<rel id="sPointingRel255" xlink:href="scriptorium.1Cor_05.mark.xml#sSpan789" target="scriptorium.1Cor_05.mark.xml#sSpan827"/>
		<rel id="sPointingRel257" xlink:href="scriptorium.1Cor_05.mark.xml#sSpan1017" target="scriptorium.1Cor_05.mark.xml#sSpan1007"/>
		<rel id="sPointingRel259" xlink:href="scriptorium.1Cor_05.mark.xml#sSpan298" target="scriptorium.1Cor_05.mark.xml#sSpan356"/>
		<rel id="sPointingRel261" xlink:href="scriptorium.1Cor_05.mark.xml#sSpan1311" target="scriptorium.1Cor_05.mark.xml#sSpan1317"/>
		<rel id="sPointingRel263" xlink:href="scriptorium.1Cor_05.mark.xml#sSpan641" target="scriptorium.1Cor_05.mark.xml#sSpan658"/>
		<rel id="sPointingRel265" xlink:href="scriptorium.1Cor_05.mark.xml#sSpan1163" target="scriptorium.1Cor_05.mark.xml#sSpan1157"/>
		<rel id="sPointingRel267" xlink:href="scriptorium.1Cor_05.mark.xml#sSpan1138" target="scriptorium.1Cor_05.mark.xml#sSpan1134"/>
		<rel id="sPointingRel269" xlink:href="scriptorium.1Cor_05.mark.xml#sSpan719" target="scriptorium.1Cor_05.mark.xml#sSpan715"/>
		<rel id="sPointingRel271" xlink:href="scriptorium.1Cor_05.mark.xml#sSpan1407" target="scriptorium.1Cor_05.mark.xml#sSpan1419"/>
		<rel id="sPointingRel273" xlink:href="scriptorium.1Cor_05.mark.xml#sSpan405" target="scriptorium.1Cor_05.mark.xml#sSpan417"/>
		<rel id="sPointingRel275" xlink:href="scriptorium.1Cor_05.mark.xml#sSpan417" target="scriptorium.1Cor_05.mark.xml#sSpan412"/>
		<rel id="sPointingRel277" xlink:href="scriptorium.1Cor_05.mark.xml#sSpan997" target="scriptorium.1Cor_05.mark.xml#sSpan987"/>
		<rel id="sPointingRel279" xlink:href="scriptorium.1Cor_05.mark.xml#sSpan45" target="scriptorium.1Cor_05.mark.xml#sSpan53"/>
		<rel id="sPointingRel281" xlink:href="scriptorium.1Cor_05.mark.xml#sSpan898" target="scriptorium.1Cor_05.mark.xml#sSpan932"/>
		<rel id="sPointingRel283" xlink:href="scriptorium.1Cor_05.mark.xml#sSpan257" target="scriptorium.1Cor_05.mark.xml#sSpan249"/>
		<rel id="sPointingRel285" xlink:href="scriptorium.1Cor_05.mark.xml#sSpan827" target="scriptorium.1Cor_05.mark.xml#sSpan838"/>
		<rel id="sPointingRel287" xlink:href="scriptorium.1Cor_05.mark.xml#sSpan405" target="scriptorium.1Cor_05.mark.xml#sSpan402"/>
		<rel id="sPointingRel289" xlink:href="scriptorium.1Cor_05.mark.xml#sSpan1269" target="scriptorium.1Cor_05.mark.xml#sSpan1247"/>
		<rel id="sPointingRel291" xlink:href="scriptorium.1Cor_05.mark.xml#sSpan243" target="scriptorium.1Cor_05.mark.xml#sSpan241"/>
		<rel id="sPointingRel293" xlink:href="scriptorium.1Cor_05.mark.xml#sSpan156" target="scriptorium.1Cor_05.mark.xml#sSpan153"/>
		<rel id="sPointingRel295" xlink:href="scriptorium.1Cor_05.mark.xml#sSpan1405" target="scriptorium.1Cor_05.mark.xml#sSpan1403"/>
		<rel id="sPointingRel297" xlink:href="scriptorium.1Cor_05.mark.xml#sSpan964" target="scriptorium.1Cor_05.mark.xml#sSpan960"/>
		<rel id="sPointingRel299" xlink:href="scriptorium.1Cor_05.mark.xml#sSpan742" target="scriptorium.1Cor_05.mark.xml#sSpan740"/>
		<rel id="sPointingRel301" xlink:href="scriptorium.1Cor_05.mark.xml#sSpan866" target="scriptorium.1Cor_05.mark.xml#sSpan854"/>
		<rel id="sPointingRel303" xlink:href="scriptorium.1Cor_05.mark.xml#sSpan1132" target="scriptorium.1Cor_05.mark.xml#sSpan1130"/>
		<rel id="sPointingRel305" xlink:href="scriptorium.1Cor_05.mark.xml#sSpan706" target="scriptorium.1Cor_05.mark.xml#sSpan700"/>
		<rel id="sPointingRel307" xlink:href="scriptorium.1Cor_05.mark.xml#sSpan1247" target="scriptorium.1Cor_05.mark.xml#sSpan1258"/>
		<rel id="sPointingRel309" xlink:href="scriptorium.1Cor_05.mark.xml#sSpan337" target="scriptorium.1Cor_05.mark.xml#sSpan333"/>
		<rel id="sPointingRel311" xlink:href="scriptorium.1Cor_05.mark.xml#sSpan880" target="scriptorium.1Cor_05.mark.xml#sSpan876"/>
		<rel id="sPointingRel313" xlink:href="scriptorium.1Cor_05.mark.xml#sSpan574" target="scriptorium.1Cor_05.mark.xml#sSpan637"/>
		<rel id="sPointingRel315" xlink:href="scriptorium.1Cor_05.mark.xml#sSpan491" target="scriptorium.1Cor_05.mark.xml#sSpan483"/>
		<rel id="sPointingRel317" xlink:href="scriptorium.1Cor_05.mark.xml#sSpan45" target="scriptorium.1Cor_05.mark.xml#sSpan71"/>
		<rel id="sPointingRel319" xlink:href="scriptorium.1Cor_05.mark.xml#sSpan1046" target="scriptorium.1Cor_05.mark.xml#sSpan1040"/>
		<rel id="sPointingRel321" xlink:href="scriptorium.1Cor_05.mark.xml#sSpan641" target="scriptorium.1Cor_05.mark.xml#sSpan742"/>
		<rel id="sPointingRel323" xlink:href="scriptorium.1Cor_05.mark.xml#sSpan789" target="scriptorium.1Cor_05.mark.xml#sSpan849"/>
		<rel id="sPointingRel325" xlink:href="scriptorium.1Cor_05.mark.xml#sSpan307" target="scriptorium.1Cor_05.mark.xml#sSpan322"/>
		<rel id="sPointingRel327" xlink:href="scriptorium.1Cor_05.mark.xml#sSpan427" target="scriptorium.1Cor_05.mark.xml#sSpan423"/>
		<rel id="sPointingRel329" xlink:href="scriptorium.1Cor_05.mark.xml#sSpan322" target="scriptorium.1Cor_05.mark.xml#sSpan320"/>
		<rel id="sPointingRel331" xlink:href="scriptorium.1Cor_05.mark.xml#sSpan1046" target="scriptorium.1Cor_05.mark.xml#sSpan1054"/>
		<rel id="sPointingRel333" xlink:href="scriptorium.1Cor_05.mark.xml#sSpan1407" target="scriptorium.1Cor_05.mark.xml#sSpan1429"/>
		<rel id="sPointingRel335" xlink:href="scriptorium.1Cor_05.mark.xml#sSpan974" target="scriptorium.1Cor_05.mark.xml#sSpan966"/>
		<rel id="sPointingRel337" xlink:href="scriptorium.1Cor_05.mark.xml#sSpan1147" target="scriptorium.1Cor_05.mark.xml#sSpan1144"/>
		<rel id="sPointingRel339" xlink:href="scriptorium.1Cor_05.mark.xml#sSpan691" target="scriptorium.1Cor_05.mark.xml#sSpan697"/>
		<rel id="sPointingRel341" xlink:href="scriptorium.1Cor_05.mark.xml#sSpan625" target="scriptorium.1Cor_05.mark.xml#sSpan622"/>
		<rel id="sPointingRel343" xlink:href="scriptorium.1Cor_05.mark.xml#sSpan1060" target="scriptorium.1Cor_05.mark.xml#sSpan1075"/>
		<rel id="sPointingRel345" xlink:href="scriptorium.1Cor_05.mark.xml#sSpan1269" target="scriptorium.1Cor_05.mark.xml#sSpan1261"/>
		<rel id="sPointingRel347" xlink:href="scriptorium.1Cor_05.mark.xml#sSpan1103" target="scriptorium.1Cor_05.mark.xml#sSpan1081"/>
		<rel id="sPointingRel349" xlink:href="scriptorium.1Cor_05.mark.xml#sSpan873" target="scriptorium.1Cor_05.mark.xml#sSpan880"/>
		<rel id="sPointingRel351" xlink:href="scriptorium.1Cor_05.mark.xml#sSpan898" target="scriptorium.1Cor_05.mark.xml#sSpan914"/>
		<rel id="sPointingRel353" xlink:href="scriptorium.1Cor_05.mark.xml#sSpan1075" target="scriptorium.1Cor_05.mark.xml#sSpan1063"/>
		<rel id="sPointingRel355" xlink:href="scriptorium.1Cor_05.mark.xml#sSpan396" target="scriptorium.1Cor_05.mark.xml#sSpan405"/>
		<rel id="sPointingRel357" xlink:href="scriptorium.1Cor_05.mark.xml#sSpan375" target="scriptorium.1Cor_05.mark.xml#sSpan452"/>
		<rel id="sPointingRel359" xlink:href="scriptorium.1Cor_05.mark.xml#sSpan1117" target="scriptorium.1Cor_05.mark.xml#sSpan1269"/>
		<rel id="sPointingRel361" xlink:href="scriptorium.1Cor_05.mark.xml#sSpan799" target="scriptorium.1Cor_05.mark.xml#sSpan796"/>
		<rel id="sPointingRel363" xlink:href="scriptorium.1Cor_05.mark.xml#sSpan491" target="scriptorium.1Cor_05.mark.xml#sSpan487"/>
		<rel id="sPointingRel365" xlink:href="scriptorium.1Cor_05.mark.xml#sSpan627" target="scriptorium.1Cor_05.mark.xml#sSpan631"/>
		<rel id="sPointingRel367" xlink:href="scriptorium.1Cor_05.mark.xml#sSpan742" target="scriptorium.1Cor_05.mark.xml#sSpan766"/>
		<rel id="sPointingRel369" xlink:href="scriptorium.1Cor_05.mark.xml#sSpan547" target="scriptorium.1Cor_05.mark.xml#sSpan559"/>
		<rel id="sPointingRel371" xlink:href="scriptorium.1Cor_05.mark.xml#sSpan719" target="scriptorium.1Cor_05.mark.xml#sSpan713"/>
		<rel id="sPointingRel373" xlink:href="scriptorium.1Cor_05.mark.xml#sSpan466" target="scriptorium.1Cor_05.mark.xml#sSpan491"/>
		<rel id="sPointingRel375" xlink:href="scriptorium.1Cor_05.mark.xml#sSpan1196" target="scriptorium.1Cor_05.mark.xml#sSpan1186"/>
		<rel id="sPointingRel377" xlink:href="scriptorium.1Cor_05.mark.xml#sSpan328" target="scriptorium.1Cor_05.mark.xml#sSpan337"/>
		<rel id="sPointingRel379" xlink:href="scriptorium.1Cor_05.mark.xml#sSpan271" target="scriptorium.1Cor_05.mark.xml#sSpan267"/>
		<rel id="sPointingRel381" xlink:href="scriptorium.1Cor_05.mark.xml#sSpan1429" target="scriptorium.1Cor_05.mark.xml#sSpan1421"/>
		<rel id="sPointingRel383" xlink:href="scriptorium.1Cor_05.mark.xml#sSpan610" target="scriptorium.1Cor_05.mark.xml#sSpan616"/>
		<rel id="sPointingRel385" xlink:href="scriptorium.1Cor_05.mark.xml#sSpan1400" target="scriptorium.1Cor_05.mark.xml#sSpan1405"/>
		<rel id="sPointingRel387" xlink:href="scriptorium.1Cor_05.mark.xml#sSpan1281" target="scriptorium.1Cor_05.mark.xml#sSpan1347"/>
		<rel id="sPointingRel389" xlink:href="scriptorium.1Cor_05.mark.xml#sSpan789" target="scriptorium.1Cor_05.mark.xml#sSpan883"/>
		<rel id="sPointingRel391" xlink:href="scriptorium.1Cor_05.mark.xml#sSpan742" target="scriptorium.1Cor_05.mark.xml#sSpan758"/>
		<rel id="sPointingRel393" xlink:href="scriptorium.1Cor_05.mark.xml#sSpan436" target="scriptorium.1Cor_05.mark.xml#sSpan429"/>
		<rel id="sPointingRel395" xlink:href="scriptorium.1Cor_05.mark.xml#sSpan574" target="scriptorium.1Cor_05.mark.xml#sSpan565"/>
		<rel id="sPointingRel397" xlink:href="scriptorium.1Cor_05.mark.xml#sSpan1163" target="scriptorium.1Cor_05.mark.xml#sSpan1216"/>
		<rel id="sPointingRel399" xlink:href="scriptorium.1Cor_05.mark.xml#sSpan405" target="scriptorium.1Cor_05.mark.xml#sSpan408"/>
		<rel id="sPointingRel401" xlink:href="scriptorium.1Cor_05.mark.xml#sSpan1004" target="scriptorium.1Cor_05.mark.xml#sSpan1000"/>
		<rel id="sPointingRel403" xlink:href="scriptorium.1Cor_05.mark.xml#sSpan271" target="scriptorium.1Cor_05.mark.xml#sSpan263"/>
		<rel id="sPointingRel405" xlink:href="scriptorium.1Cor_05.mark.xml#sSpan691" target="scriptorium.1Cor_05.mark.xml#sSpan684"/>
		<rel id="sPointingRel407" xlink:href="scriptorium.1Cor_05.mark.xml#sSpan71" target="scriptorium.1Cor_05.mark.xml#sSpan73"/>
		<rel id="sPointingRel409" xlink:href="scriptorium.1Cor_05.mark.xml#sSpan135" target="scriptorium.1Cor_05.mark.xml#sSpan214"/>
		<rel id="sPointingRel411" xlink:href="scriptorium.1Cor_05.mark.xml#sSpan904" target="scriptorium.1Cor_05.mark.xml#sSpan900"/>
		<rel id="sPointingRel413" xlink:href="scriptorium.1Cor_05.mark.xml#sSpan45" target="scriptorium.1Cor_05.mark.xml#sSpan77"/>
		<rel id="sPointingRel415" xlink:href="scriptorium.1Cor_05.mark.xml#sSpan595" target="scriptorium.1Cor_05.mark.xml#sSpan597"/>
		<rel id="sPointingRel417" xlink:href="scriptorium.1Cor_05.mark.xml#sSpan156" target="scriptorium.1Cor_05.mark.xml#sSpan151"/>
		<rel id="sPointingRel419" xlink:href="scriptorium.1Cor_05.mark.xml#sSpan641" target="scriptorium.1Cor_05.mark.xml#sSpan722"/>
		<rel id="sPointingRel421" xlink:href="scriptorium.1Cor_05.mark.xml#sSpan337" target="scriptorium.1Cor_05.mark.xml#sSpan346"/>
		<rel id="sPointingRel423" xlink:href="scriptorium.1Cor_05.mark.xml#sSpan322" target="scriptorium.1Cor_05.mark.xml#sSpan314"/>
		<rel id="sPointingRel425" xlink:href="scriptorium.1Cor_05.mark.xml#sSpan641" target="scriptorium.1Cor_05.mark.xml#sSpan674"/>
		<rel id="sPointingRel427" xlink:href="scriptorium.1Cor_05.mark.xml#sSpan1230" target="scriptorium.1Cor_05.mark.xml#sSpan1220"/>
		<rel id="sPointingRel429" xlink:href="scriptorium.1Cor_05.mark.xml#sSpan984" target="scriptorium.1Cor_05.mark.xml#sSpan976"/>
		<rel id="sPointingRel431" xlink:href="scriptorium.1Cor_05.mark.xml#sSpan102" target="scriptorium.1Cor_05.mark.xml#sSpan99"/>
		<rel id="sPointingRel433" xlink:href="scriptorium.1Cor_05.mark.xml#sSpan1281" target="scriptorium.1Cor_05.mark.xml#sSpan1300"/>
		<rel id="sPointingRel435" xlink:href="scriptorium.1Cor_05.mark.xml#sSpan666" target="scriptorium.1Cor_05.mark.xml#sSpan670"/>
		<rel id="sPointingRel437" xlink:href="scriptorium.1Cor_05.mark.xml#sSpan827" target="scriptorium.1Cor_05.mark.xml#sSpan820"/>
		<rel id="sPointingRel439" xlink:href="scriptorium.1Cor_05.mark.xml#sSpan1269" target="scriptorium.1Cor_05.mark.xml#sSpan1275"/>
		<rel id="sPointingRel441" xlink:href="scriptorium.1Cor_05.mark.xml#sSpan719" target="scriptorium.1Cor_05.mark.xml#sSpan709"/>
		<rel id="sPointingRel443" xlink:href="scriptorium.1Cor_05.mark.xml#sSpan466" target="scriptorium.1Cor_05.mark.xml#sSpan511"/>
		<rel id="sPointingRel445" xlink:href="scriptorium.1Cor_05.mark.xml#sSpan396" target="scriptorium.1Cor_05.mark.xml#sSpan389"/>
		<rel id="sPointingRel447" xlink:href="scriptorium.1Cor_05.mark.xml#sSpan156" target="scriptorium.1Cor_05.mark.xml#sSpan147"/>
		<rel id="sPointingRel449" xlink:href="scriptorium.1Cor_05.mark.xml#sSpan595" target="scriptorium.1Cor_05.mark.xml#sSpan593"/>
		<rel id="sPointingRel451" xlink:href="scriptorium.1Cor_05.mark.xml#sSpan574" target="scriptorium.1Cor_05.mark.xml#sSpan581"/>
		<rel id="sPointingRel453" xlink:href="scriptorium.1Cor_05.mark.xml#sSpan212" target="scriptorium.1Cor_05.mark.xml#sSpan209"/>
		<rel id="sPointingRel455" xlink:href="scriptorium.1Cor_05.mark.xml#sSpan958" target="scriptorium.1Cor_05.mark.xml#sSpan964"/>
		<rel id="sPointingRel457" xlink:href="scriptorium.1Cor_05.mark.xml#sSpan1382" target="scriptorium.1Cor_05.mark.xml#sSpan1371"/>
		<rel id="sPointingRel459" xlink:href="scriptorium.1Cor_05.mark.xml#sSpan958" target="scriptorium.1Cor_05.mark.xml#sSpan948"/>
		<rel id="sPointingRel461" xlink:href="scriptorium.1Cor_05.mark.xml#sSpan499" target="scriptorium.1Cor_05.mark.xml#sSpan493"/>
		<rel id="sPointingRel463" xlink:href="scriptorium.1Cor_05.mark.xml#sSpan203" target="scriptorium.1Cor_05.mark.xml#sSpan197"/>
		<rel id="sPointingRel465" xlink:href="scriptorium.1Cor_05.mark.xml#sSpan658" target="scriptorium.1Cor_05.mark.xml#sSpan651"/>
		<rel id="sPointingRel467" xlink:href="scriptorium.1Cor_05.mark.xml#sSpan974" target="scriptorium.1Cor_05.mark.xml#sSpan984"/>
		<rel id="sPointingRel469" xlink:href="scriptorium.1Cor_05.mark.xml#sSpan1031" target="scriptorium.1Cor_05.mark.xml#sSpan1021"/>
		<rel id="sPointingRel471" xlink:href="scriptorium.1Cor_05.mark.xml#sSpan789" target="scriptorium.1Cor_05.mark.xml#sSpan773"/>
		<rel id="sPointingRel473" xlink:href="scriptorium.1Cor_05.mark.xml#sSpan838" target="scriptorium.1Cor_05.mark.xml#sSpan846"/>
		<rel id="sPointingRel475" xlink:href="scriptorium.1Cor_05.mark.xml#sSpan1322" target="scriptorium.1Cor_05.mark.xml#sSpan1320"/>
		<rel id="sPointingRel477" xlink:href="scriptorium.1Cor_05.mark.xml#sSpan664" target="scriptorium.1Cor_05.mark.xml#sSpan660"/>
		<rel id="sPointingRel479" xlink:href="scriptorium.1Cor_05.mark.xml#sSpan538" target="scriptorium.1Cor_05.mark.xml#sSpan547"/>
		<rel id="sPointingRel481" xlink:href="scriptorium.1Cor_05.mark.xml#sSpan466" target="scriptorium.1Cor_05.mark.xml#sSpan561"/>
		<rel id="sPointingRel483" xlink:href="scriptorium.1Cor_05.mark.xml#sSpan271" target="scriptorium.1Cor_05.mark.xml#sSpan288"/>
		<rel id="sPointingRel485" xlink:href="scriptorium.1Cor_05.mark.xml#sSpan742" target="scriptorium.1Cor_05.mark.xml#sSpan736"/>
		<rel id="sPointingRel487" xlink:href="scriptorium.1Cor_05.mark.xml#sSpan618" target="scriptorium.1Cor_05.mark.xml#sSpan610"/>
		<rel id="sPointingRel489" xlink:href="scriptorium.1Cor_05.mark.xml#sSpan337" target="scriptorium.1Cor_05.mark.xml#sSpan335"/>
		<rel id="sPointingRel491" xlink:href="scriptorium.1Cor_05.mark.xml#sSpan27" target="scriptorium.1Cor_05.mark.xml#sSpan23"/>
		<rel id="sPointingRel493" xlink:href="scriptorium.1Cor_05.mark.xml#sSpan375" target="scriptorium.1Cor_05.mark.xml#sSpan377"/>
		<rel id="sPointingRel495" xlink:href="scriptorium.1Cor_05.mark.xml#sSpan1132" target="scriptorium.1Cor_05.mark.xml#sSpan1147"/>
		<rel id="sPointingRel497" xlink:href="scriptorium.1Cor_05.mark.xml#sSpan509" target="scriptorium.1Cor_05.mark.xml#sSpan501"/>
		<rel id="sPointingRel499" xlink:href="scriptorium.1Cor_05.mark.xml#sSpan1394" target="scriptorium.1Cor_05.mark.xml#sSpan1400"/>
		<rel id="sPointingRel501" xlink:href="scriptorium.1Cor_05.mark.xml#sSpan1400" target="scriptorium.1Cor_05.mark.xml#sSpan1396"/>
		<rel id="sPointingRel503" xlink:href="scriptorium.1Cor_05.mark.xml#sSpan307" target="scriptorium.1Cor_05.mark.xml#sSpan328"/>
		<rel id="sPointingRel505" xlink:href="scriptorium.1Cor_05.mark.xml#sSpan984" target="scriptorium.1Cor_05.mark.xml#sSpan980"/>
		<rel id="sPointingRel507" xlink:href="scriptorium.1Cor_05.mark.xml#sSpan1394" target="scriptorium.1Cor_05.mark.xml#sSpan1389"/>
		<rel id="sPointingRel509" xlink:href="scriptorium.1Cor_05.mark.xml#sSpan1163" target="scriptorium.1Cor_05.mark.xml#sSpan1153"/>
		<rel id="sPointingRel511" xlink:href="scriptorium.1Cor_05.mark.xml#sSpan111" target="scriptorium.1Cor_05.mark.xml#sSpan104"/>
		<rel id="sPointingRel513" xlink:href="scriptorium.1Cor_05.mark.xml#sSpan194" target="scriptorium.1Cor_05.mark.xml#sSpan203"/>
		<rel id="sPointingRel515" xlink:href="scriptorium.1Cor_05.mark.xml#sSpan156" target="scriptorium.1Cor_05.mark.xml#sSpan159"/>
		<rel id="sPointingRel517" xlink:href="scriptorium.1Cor_05.mark.xml#sSpan1419" target="scriptorium.1Cor_05.mark.xml#sSpan1415"/>
		<rel id="sPointingRel519" xlink:href="scriptorium.1Cor_05.mark.xml#sSpan682" target="scriptorium.1Cor_05.mark.xml#sSpan691"/>
		<rel id="sPointingRel521" xlink:href="scriptorium.1Cor_05.mark.xml#sSpan625" target="scriptorium.1Cor_05.mark.xml#sSpan627"/>
		<rel id="sPointingRel523" xlink:href="scriptorium.1Cor_05.mark.xml#sSpan658" target="scriptorium.1Cor_05.mark.xml#sSpan664"/>
		<rel id="sPointingRel525" xlink:href="scriptorium.1Cor_05.mark.xml#sSpan1046" target="scriptorium.1Cor_05.mark.xml#sSpan1060"/>
		<rel id="sPointingRel527" xlink:href="scriptorium.1Cor_05.mark.xml#sSpan1394" target="scriptorium.1Cor_05.mark.xml#sSpan1385"/>
		<rel id="sPointingRel529" xlink:href="scriptorium.1Cor_05.mark.xml#sSpan1356" target="scriptorium.1Cor_05.mark.xml#sSpan1364"/>
		<rel id="sPointingRel531" xlink:href="scriptorium.1Cor_05.mark.xml#sSpan1281" target="scriptorium.1Cor_05.mark.xml#sSpan1311"/>
		<rel id="sPointingRel533" xlink:href="scriptorium.1Cor_05.mark.xml#sSpan135" target="scriptorium.1Cor_05.mark.xml#sSpan127"/>
		<rel id="sPointingRel535" xlink:href="scriptorium.1Cor_05.mark.xml#sSpan789" target="scriptorium.1Cor_05.mark.xml#sSpan811"/>
		<rel id="sPointingRel537" xlink:href="scriptorium.1Cor_05.mark.xml#sSpan90" target="scriptorium.1Cor_05.mark.xml#sSpan95"/>
		<rel id="sPointingRel539" xlink:href="scriptorium.1Cor_05.mark.xml#sSpan1258" target="scriptorium.1Cor_05.mark.xml#sSpan1252"/>
		<rel id="sPointingRel541" xlink:href="scriptorium.1Cor_05.mark.xml#sSpan1147" target="scriptorium.1Cor_05.mark.xml#sSpan1149"/>
		<rel id="sPointingRel543" xlink:href="scriptorium.1Cor_05.mark.xml#sSpan1103" target="scriptorium.1Cor_05.mark.xml#sSpan1277"/>
		<rel id="sPointingRel545" xlink:href="scriptorium.1Cor_05.mark.xml#sSpan188" target="scriptorium.1Cor_05.mark.xml#sSpan181"/>
		<rel id="sPointingRel547" xlink:href="scriptorium.1Cor_05.mark.xml#sSpan579" target="scriptorium.1Cor_05.mark.xml#sSpan576"/>
		<rel id="sPointingRel549" xlink:href="scriptorium.1Cor_05.mark.xml#sSpan974" target="scriptorium.1Cor_05.mark.xml#sSpan970"/>
		<rel id="sPointingRel551" xlink:href="scriptorium.1Cor_05.mark.xml#sSpan445" target="scriptorium.1Cor_05.mark.xml#sSpan438"/>
		<rel id="sPointingRel553" xlink:href="scriptorium.1Cor_05.mark.xml#sSpan1281" target="scriptorium.1Cor_05.mark.xml#sSpan1356"/>
		<rel id="sPointingRel555" xlink:href="scriptorium.1Cor_05.mark.xml#sSpan375" target="scriptorium.1Cor_05.mark.xml#sSpan387"/>
		<rel id="sPointingRel557" xlink:href="scriptorium.1Cor_05.mark.xml#sSpan179" target="scriptorium.1Cor_05.mark.xml#sSpan194"/>
		<rel id="sPointingRel559" xlink:href="scriptorium.1Cor_05.mark.xml#sSpan618" target="scriptorium.1Cor_05.mark.xml#sSpan633"/>
		<rel id="sPointingRel561" xlink:href="scriptorium.1Cor_05.mark.xml#sSpan1180" target="scriptorium.1Cor_05.mark.xml#sSpan1174"/>
		<rel id="sPointingRel563" xlink:href="scriptorium.1Cor_05.mark.xml#sSpan257" target="scriptorium.1Cor_05.mark.xml#sSpan253"/>
		<rel id="sPointingRel565" xlink:href="scriptorium.1Cor_05.mark.xml#sSpan1317" target="scriptorium.1Cor_05.mark.xml#sSpan1322"/>
		<rel id="sPointingRel567" xlink:href="scriptorium.1Cor_05.mark.xml#sSpan752" target="scriptorium.1Cor_05.mark.xml#sSpan748"/>
		<rel id="sPointingRel569" xlink:href="scriptorium.1Cor_05.mark.xml#sSpan27" target="scriptorium.1Cor_05.mark.xml#sSpan33"/>
		<rel id="sPointingRel571" xlink:href="scriptorium.1Cor_05.mark.xml#sSpan1356" target="scriptorium.1Cor_05.mark.xml#sSpan1351"/>
		<rel id="sPointingRel573" xlink:href="scriptorium.1Cor_05.mark.xml#sSpan328" target="scriptorium.1Cor_05.mark.xml#sSpan324"/>
		<rel id="sPointingRel575" xlink:href="scriptorium.1Cor_05.mark.xml#sSpan212" target="scriptorium.1Cor_05.mark.xml#sSpan205"/>
		<rel id="sPointingRel577" xlink:href="scriptorium.1Cor_05.mark.xml#sSpan135" target="scriptorium.1Cor_05.mark.xml#sSpan117"/>
		<rel id="sPointingRel579" xlink:href="scriptorium.1Cor_05.mark.xml#sSpan1103" target="scriptorium.1Cor_05.mark.xml#sSpan1095"/>
		<rel id="sPointingRel581" xlink:href="scriptorium.1Cor_05.mark.xml#sSpan346" target="scriptorium.1Cor_05.mark.xml#sSpan339"/>
		<rel id="sPointingRel583" xlink:href="scriptorium.1Cor_05.mark.xml#sSpan525" target="scriptorium.1Cor_05.mark.xml#sSpan521"/>
		<rel id="sPointingRel585" xlink:href="scriptorium.1Cor_05.mark.xml#sSpan682" target="scriptorium.1Cor_05.mark.xml#sSpan680"/>
		<rel id="sPointingRel587" xlink:href="scriptorium.1Cor_05.mark.xml#sSpan559" target="scriptorium.1Cor_05.mark.xml#sSpan554"/>
		<rel id="sPointingRel589" xlink:href="scriptorium.1Cor_05.mark.xml#sSpan298" target="scriptorium.1Cor_05.mark.xml#sSpan307"/>
		<rel id="sPointingRel591" xlink:href="scriptorium.1Cor_05.mark.xml#sSpan298" target="scriptorium.1Cor_05.mark.xml#sSpan229"/>
		<rel id="sPointingRel593" xlink:href="scriptorium.1Cor_05.mark.xml#sSpan156" target="scriptorium.1Cor_05.mark.xml#sSpan143"/>
		<rel id="sPointingRel595" xlink:href="scriptorium.1Cor_05.mark.xml#sSpan396" target="scriptorium.1Cor_05.mark.xml#sSpan427"/>
		<rel id="sPointingRel597" xlink:href="scriptorium.1Cor_05.mark.xml#sSpan827" target="scriptorium.1Cor_05.mark.xml#sSpan829"/>
		<rel id="sPointingRel599" xlink:href="scriptorium.1Cor_05.mark.xml#sSpan958" target="scriptorium.1Cor_05.mark.xml#sSpan952"/>
		<rel id="sPointingRel601" xlink:href="scriptorium.1Cor_05.mark.xml#sSpan547" target="scriptorium.1Cor_05.mark.xml#sSpan544"/>
		<rel id="sPointingRel603" xlink:href="scriptorium.1Cor_05.mark.xml#sSpan922" target="scriptorium.1Cor_05.mark.xml#sSpan916"/>
		<rel id="sPointingRel605" xlink:href="scriptorium.1Cor_05.mark.xml#sSpan595" target="scriptorium.1Cor_05.mark.xml#sSpan589"/>
		<rel id="sPointingRel607" xlink:href="scriptorium.1Cor_05.mark.xml#sSpan243" target="scriptorium.1Cor_05.mark.xml#sSpan259"/>
		<rel id="sPointingRel609" xlink:href="scriptorium.1Cor_05.mark.xml#sSpan682" target="scriptorium.1Cor_05.mark.xml#sSpan676"/>
		<rel id="sPointingRel611" xlink:href="scriptorium.1Cor_05.mark.xml#sSpan375" target="scriptorium.1Cor_05.mark.xml#sSpan371"/>
		<rel id="sPointingRel613" xlink:href="scriptorium.1Cor_05.mark.xml#sSpan1163" target="scriptorium.1Cor_05.mark.xml#sSpan1180"/>
		<rel id="sPointingRel615" xlink:href="scriptorium.1Cor_05.mark.xml#sSpan866" target="scriptorium.1Cor_05.mark.xml#sSpan862"/>
		<rel id="sPointingRel617" xlink:href="scriptorium.1Cor_05.mark.xml#sSpan13" target="scriptorium.1Cor_05.mark.xml#sSpan1"/>
		<rel id="sPointingRel619" xlink:href="scriptorium.1Cor_05.mark.xml#sSpan13" target="scriptorium.1Cor_05.mark.xml#sSpan27"/>
		<rel id="sPointingRel621" xlink:href="scriptorium.1Cor_05.mark.xml#sSpan95" target="scriptorium.1Cor_05.mark.xml#sSpan102"/>
		<rel id="sPointingRel623" xlink:href="scriptorium.1Cor_05.mark.xml#sSpan922" target="scriptorium.1Cor_05.mark.xml#sSpan929"/>
		<rel id="sPointingRel625" xlink:href="scriptorium.1Cor_05.mark.xml#sSpan481" target="scriptorium.1Cor_05.mark.xml#sSpan475"/>
		<rel id="sPointingRel627" xlink:href="scriptorium.1Cor_05.mark.xml#sSpan1230" target="scriptorium.1Cor_05.mark.xml#sSpan1224"/>
		<rel id="sPointingRel629" xlink:href="scriptorium.1Cor_05.mark.xml#sSpan90" target="scriptorium.1Cor_05.mark.xml#sSpan86"/>
		<rel id="sPointingRel631" xlink:href="scriptorium.1Cor_05.mark.xml#sSpan427" target="scriptorium.1Cor_05.mark.xml#sSpan419"/>
		<rel id="sPointingRel633" xlink:href="scriptorium.1Cor_05.mark.xml#sSpan466" target="scriptorium.1Cor_05.mark.xml#sSpan527"/>
		<rel id="sPointingRel635" xlink:href="scriptorium.1Cor_05.mark.xml#sSpan396" target="scriptorium.1Cor_05.mark.xml#sSpan393"/>
		<rel id="sPointingRel637" xlink:href="scriptorium.1Cor_05.mark.xml#sSpan188" target="scriptorium.1Cor_05.mark.xml#sSpan185"/>
		<rel id="sPointingRel639" xlink:href="scriptorium.1Cor_05.mark.xml#sSpan742" target="scriptorium.1Cor_05.mark.xml#sSpan727"/>
		<rel id="sPointingRel641" xlink:href="scriptorium.1Cor_05.mark.xml#sSpan691" target="scriptorium.1Cor_05.mark.xml#sSpan688"/>
		<rel id="sPointingRel643" xlink:href="scriptorium.1Cor_05.mark.xml#sSpan1117" target="scriptorium.1Cor_05.mark.xml#sSpan1123"/>
		<rel id="sPointingRel645" xlink:href="scriptorium.1Cor_05.mark.xml#sSpan71" target="scriptorium.1Cor_05.mark.xml#sSpan63"/>
		<rel id="sPointingRel647" xlink:href="scriptorium.1Cor_05.mark.xml#sSpan1123" target="scriptorium.1Cor_05.mark.xml#sSpan1119"/>
		<rel id="sPointingRel649" xlink:href="scriptorium.1Cor_05.mark.xml#sSpan1203" target="scriptorium.1Cor_05.mark.xml#sSpan1199"/>
		<rel id="sPointingRel651" xlink:href="scriptorium.1Cor_05.mark.xml#sSpan499" target="scriptorium.1Cor_05.mark.xml#sSpan509"/>
		<rel id="sPointingRel653" xlink:href="scriptorium.1Cor_05.mark.xml#sSpan958" target="scriptorium.1Cor_05.mark.xml#sSpan1046"/>
		<rel id="sPointingRel655" xlink:href="scriptorium.1Cor_05.mark.xml#sSpan997" target="scriptorium.1Cor_05.mark.xml#sSpan1004"/>
		<rel id="sPointingRel657" xlink:href="scriptorium.1Cor_05.mark.xml#sSpan203" target="scriptorium.1Cor_05.mark.xml#sSpan199"/>
		<rel id="sPointingRel659" xlink:href="scriptorium.1Cor_05.mark.xml#sSpan809" target="scriptorium.1Cor_05.mark.xml#sSpan805"/>
		<rel id="sPointingRel661" xlink:href="scriptorium.1Cor_05.mark.xml#sSpan1394" target="scriptorium.1Cor_05.mark.xml#sSpan1407"/>
		<rel id="sPointingRel663" xlink:href="scriptorium.1Cor_05.mark.xml#sSpan1281" target="scriptorium.1Cor_05.mark.xml#sSpan1292"/>
		<rel id="sPointingRel665" xlink:href="scriptorium.1Cor_05.mark.xml#sSpan1147" target="scriptorium.1Cor_05.mark.xml#sSpan1140"/>
		<rel id="sPointingRel667" xlink:href="scriptorium.1Cor_05.mark.xml#sSpan799" target="scriptorium.1Cor_05.mark.xml#sSpan792"/>
		<rel id="sPointingRel669" xlink:href="scriptorium.1Cor_05.mark.xml#sSpan387" target="scriptorium.1Cor_05.mark.xml#sSpan385"/>
		<rel id="sPointingRel671" xlink:href="scriptorium.1Cor_05.mark.xml#sSpan45" target="scriptorium.1Cor_05.mark.xml#sSpan35"/>
		<rel id="sPointingRel673" xlink:href="scriptorium.1Cor_05.mark.xml#sSpan538" target="scriptorium.1Cor_05.mark.xml#sSpan535"/>
		<rel id="sPointingRel675" xlink:href="scriptorium.1Cor_05.mark.xml#sSpan481" target="scriptorium.1Cor_05.mark.xml#sSpan479"/>
		<rel id="sPointingRel677" xlink:href="scriptorium.1Cor_05.mark.xml#sSpan706" target="scriptorium.1Cor_05.mark.xml#sSpan719"/>
		<rel id="sPointingRel679" xlink:href="scriptorium.1Cor_05.mark.xml#sSpan322" target="scriptorium.1Cor_05.mark.xml#sSpan318"/>
		<rel id="sPointingRel681" xlink:href="scriptorium.1Cor_05.mark.xml#sSpan156" target="scriptorium.1Cor_05.mark.xml#sSpan167"/>
		<rel id="sPointingRel683" xlink:href="scriptorium.1Cor_05.mark.xml#sSpan286" target="scriptorium.1Cor_05.mark.xml#sSpan278"/>
		<rel id="sPointingRel685" xlink:href="scriptorium.1Cor_05.mark.xml#sSpan1040" target="scriptorium.1Cor_05.mark.xml#sSpan1036"/>
		<rel id="sPointingRel687" xlink:href="scriptorium.1Cor_05.mark.xml#sSpan538" target="scriptorium.1Cor_05.mark.xml#sSpan531"/>
		<rel id="sPointingRel689" xlink:href="scriptorium.1Cor_05.mark.xml#sSpan53" target="scriptorium.1Cor_05.mark.xml#sSpan51"/>
		<rel id="sPointingRel691" xlink:href="scriptorium.1Cor_05.mark.xml#sSpan742" target="scriptorium.1Cor_05.mark.xml#sSpan732"/>
		<rel id="sPointingRel693" xlink:href="scriptorium.1Cor_05.mark.xml#sSpan1046" target="scriptorium.1Cor_05.mark.xml#sSpan1042"/>
		<rel id="sPointingRel695" xlink:href="scriptorium.1Cor_05.mark.xml#sSpan27" target="scriptorium.1Cor_05.mark.xml#sSpan45"/>
		<rel id="sPointingRel697" xlink:href="scriptorium.1Cor_05.mark.xml#sSpan436" target="scriptorium.1Cor_05.mark.xml#sSpan433"/>
		<rel id="sPointingRel699" xlink:href="scriptorium.1Cor_05.mark.xml#sSpan1075" target="scriptorium.1Cor_05.mark.xml#sSpan1071"/>
		<rel id="sPointingRel701" xlink:href="scriptorium.1Cor_05.mark.xml#sSpan45" target="scriptorium.1Cor_05.mark.xml#sSpan90"/>
		<rel id="sPointingRel703" xlink:href="scriptorium.1Cor_05.mark.xml#sSpan1163" target="scriptorium.1Cor_05.mark.xml#sSpan1165"/>
		<rel id="sPointingRel705" xlink:href="scriptorium.1Cor_05.mark.xml#sSpan141" target="scriptorium.1Cor_05.mark.xml#sSpan137"/>
		<rel id="sPointingRel707" xlink:href="scriptorium.1Cor_05.mark.xml#sSpan616" target="scriptorium.1Cor_05.mark.xml#sSpan612"/>
		<rel id="sPointingRel709" xlink:href="scriptorium.1Cor_05.mark.xml#sSpan595" target="scriptorium.1Cor_05.mark.xml#sSpan618"/>
		<rel id="sPointingRel711" xlink:href="scriptorium.1Cor_05.mark.xml#sSpan375" target="scriptorium.1Cor_05.mark.xml#sSpan360"/>
		<rel id="sPointingRel713" xlink:href="scriptorium.1Cor_05.mark.xml#sSpan33" target="scriptorium.1Cor_05.mark.xml#sSpan29"/>
		<rel id="sPointingRel715" xlink:href="scriptorium.1Cor_05.mark.xml#sSpan436" target="scriptorium.1Cor_05.mark.xml#sSpan445"/>
		<rel id="sPointingRel717" xlink:href="scriptorium.1Cor_05.mark.xml#sSpan307" target="scriptorium.1Cor_05.mark.xml#sSpan304"/>
		<rel id="sPointingRel719" xlink:href="scriptorium.1Cor_05.mark.xml#sSpan898" target="scriptorium.1Cor_05.mark.xml#sSpan887"/>
		<rel id="sPointingRel721" xlink:href="scriptorium.1Cor_05.mark.xml#sSpan827" target="scriptorium.1Cor_05.mark.xml#sSpan824"/>
		<rel id="sPointingRel723" xlink:href="scriptorium.1Cor_05.mark.xml#sSpan179" target="scriptorium.1Cor_05.mark.xml#sSpan171"/>
		<rel id="sPointingRel725" xlink:href="scriptorium.1Cor_05.mark.xml#sSpan789" target="scriptorium.1Cor_05.mark.xml#sSpan782"/>
		<rel id="sPointingRel727" xlink:href="scriptorium.1Cor_05.mark.xml#sSpan1063" target="scriptorium.1Cor_05.mark.xml#sSpan1067"/>
		<rel id="sPointingRel729" xlink:href="scriptorium.1Cor_05.mark.xml#sSpan789" target="scriptorium.1Cor_05.mark.xml#sSpan866"/>
		<rel id="sPointingRel731" xlink:href="scriptorium.1Cor_05.mark.xml#sSpan13" target="scriptorium.1Cor_05.mark.xml#sSpan113"/>
		<rel id="sPointingRel733" xlink:href="scriptorium.1Cor_05.mark.xml#sSpan135" target="scriptorium.1Cor_05.mark.xml#sSpan156"/>
		<rel id="sPointingRel735" xlink:href="scriptorium.1Cor_05.mark.xml#sSpan286" target="scriptorium.1Cor_05.mark.xml#sSpan282"/>
		<rel id="sPointingRel737" xlink:href="scriptorium.1Cor_05.mark.xml#sSpan298" target="scriptorium.1Cor_05.mark.xml#sSpan296"/>
		<rel id="sPointingRel739" xlink:href="scriptorium.1Cor_05.mark.xml#sSpan574" target="scriptorium.1Cor_05.mark.xml#sSpan585"/>
		<rel id="sPointingRel741" xlink:href="scriptorium.1Cor_05.mark.xml#sSpan179" target="scriptorium.1Cor_05.mark.xml#sSpan175"/>
		<rel id="sPointingRel743" xlink:href="scriptorium.1Cor_05.mark.xml#sSpan958" target="scriptorium.1Cor_05.mark.xml#sSpan974"/>
		<rel id="sPointingRel745" xlink:href="scriptorium.1Cor_05.mark.xml#sSpan618" target="scriptorium.1Cor_05.mark.xml#sSpan601"/>
		<rel id="sPointingRel747" xlink:href="scriptorium.1Cor_05.mark.xml#sSpan1394" target="scriptorium.1Cor_05.mark.xml#sSpan1431"/>
		<rel id="sPointingRel749" xlink:href="scriptorium.1Cor_05.mark.xml#sSpan873" target="scriptorium.1Cor_05.mark.xml#sSpan869"/>
		<rel id="sPointingRel751" xlink:href="scriptorium.1Cor_05.mark.xml#sSpan466" target="scriptorium.1Cor_05.mark.xml#sSpan456"/>
		<rel id="sPointingRel753" xlink:href="scriptorium.1Cor_05.mark.xml#sSpan271" target="scriptorium.1Cor_05.mark.xml#sSpan274"/>
		<rel id="sPointingRel755" xlink:href="scriptorium.1Cor_05.mark.xml#sSpan111" target="scriptorium.1Cor_05.mark.xml#sSpan108"/>
		<rel id="sPointingRel757" xlink:href="scriptorium.1Cor_05.mark.xml#sSpan509" target="scriptorium.1Cor_05.mark.xml#sSpan505"/>
		<rel id="sPointingRel759" xlink:href="scriptorium.1Cor_05.mark.xml#sSpan354" target="scriptorium.1Cor_05.mark.xml#sSpan348"/>
		<rel id="sPointingRel761" xlink:href="scriptorium.1Cor_05.mark.xml#sSpan71" target="scriptorium.1Cor_05.mark.xml#sSpan68"/>
		<rel id="sPointingRel763" xlink:href="scriptorium.1Cor_05.mark.xml#sSpan1300" target="scriptorium.1Cor_05.mark.xml#sSpan1296"/>
		<rel id="sPointingRel765" xlink:href="scriptorium.1Cor_05.mark.xml#sSpan1132" target="scriptorium.1Cor_05.mark.xml#sSpan1138"/>
		<rel id="sPointingRel767" xlink:href="scriptorium.1Cor_05.mark.xml#sSpan194" target="scriptorium.1Cor_05.mark.xml#sSpan190"/>
		<rel id="sPointingRel769" xlink:href="scriptorium.1Cor_05.mark.xml#sSpan758" target="scriptorium.1Cor_05.mark.xml#sSpan754"/>
		<rel id="sPointingRel771" xlink:href="scriptorium.1Cor_05.mark.xml#sSpan958" target="scriptorium.1Cor_05.mark.xml#sSpan1077"/>
		<rel id="sPointingRel773" xlink:href="scriptorium.1Cor_05.mark.xml#sSpan375" target="scriptorium.1Cor_05.mark.xml#sSpan373"/>
		<rel id="sPointingRel775" xlink:href="scriptorium.1Cor_05.mark.xml#sSpan682" target="scriptorium.1Cor_05.mark.xml#sSpan706"/>
		<rel id="sPointingRel777" xlink:href="scriptorium.1Cor_05.mark.xml#sSpan337" target="scriptorium.1Cor_05.mark.xml#sSpan331"/>
		<rel id="sPointingRel779" xlink:href="scriptorium.1Cor_05.mark.xml#sSpan527" target="scriptorium.1Cor_05.mark.xml#sSpan515"/>
		<rel id="sPointingRel781" xlink:href="scriptorium.1Cor_05.mark.xml#sSpan472" target="scriptorium.1Cor_05.mark.xml#sSpan481"/>
		<rel id="sPointingRel783" xlink:href="scriptorium.1Cor_05.mark.xml#sSpan156" target="scriptorium.1Cor_05.mark.xml#sSpan179"/>
		<rel id="sPointingRel785" xlink:href="scriptorium.1Cor_05.mark.xml#sSpan405" target="scriptorium.1Cor_05.mark.xml#sSpan398"/></relList></paula>