<?xml version='1.0' encoding='UTF-8'?><!DOCTYPE paula SYSTEM "paula_feat.dtd">
<paula version="1.1">
	<header paula_id="scriptorium.1Cor_05.mark_orig_group"/>
	<featList xmlns:xlink="http://www.w3.org/1999/xlink" type="orig_group" xml:base="scriptorium.1Cor_05.mark.xml">
		<feat xlink:href="#sSpan4" value="ⲥⲉⲥⲱⲧⲙ"/>
		<feat xlink:href="#sSpan18" value="ⲣⲱ"/>
		<feat xlink:href="#sSpan22" value="ⲉⲩⲡⲟⲣⲛⲉⲓⲁ"/>
		<feat xlink:href="#sSpan32" value="ⲛϩⲏⲧⲧⲏⲩⲧⲛ"/>
		<feat xlink:href="#sSpan38" value="ⲁⲩⲱ"/>
		<feat xlink:href="#sSpan42" value="ⲟⲩⲡⲟⲣⲛⲉⲓⲁ"/>
		<feat xlink:href="#sSpan50" value="ⲛⲧⲉⲉⲓⲙⲓⲛⲉ"/>
		<feat xlink:href="#sSpan58" value="ⲉⲛⲥϩⲛⲛⲕⲉϩⲉⲑⲛⲟⲥ"/>
		<feat xlink:href="#sSpan76" value="ⲁⲛ"/>
		<feat xlink:href="#sSpan80" value="."/>
		<feat xlink:href="#sSpan85" value="ϩⲱⲥⲧⲉ"/>
		<feat xlink:href="#sSpan89" value="ⲉⲧⲣⲉⲟⲩⲁ"/>
		<feat xlink:href="#sSpan98" value="ϫⲓⲑⲓⲙⲉ"/>
		<feat xlink:href="#sSpan107" value="ⲙⲡⲉϥⲉⲓⲱⲧ"/>
		<feat xlink:href="#sSpan116" value="."/>
		<feat xlink:href="#sSpan120" value="ⲁⲩⲱ"/>
		<feat xlink:href="#sSpan130" value="ⲛⲧⲱⲧⲛ"/>
		<feat xlink:href="#sSpan134" value="ⲧⲉⲧⲛϫⲟⲥⲉ"/>
		<feat xlink:href="#sSpan140" value="ⲛϩⲏⲧ"/>
		<feat xlink:href="#sSpan146" value="ⲁⲩⲱ"/>
		<feat xlink:href="#sSpan150" value="ⲛⲧⲁⲧⲉⲧⲛⲣϩⲏⲃⲉ"/>
		<feat xlink:href="#sSpan162" value="ⲁⲛ"/>
		<feat xlink:href="#sSpan166" value="ⲛϩⲟⲩⲟ"/>
		<feat xlink:href="#sSpan170" value="."/>
		<feat xlink:href="#sSpan174" value="ϫⲉⲕⲁⲁⲥ"/>
		<feat xlink:href="#sSpan178" value="ⲉⲩⲉϥⲓ"/>
		<feat xlink:href="#sSpan184" value="ϩⲛⲧⲉⲧⲛⲙⲏⲧⲉ"/>
		<feat xlink:href="#sSpan193" value="ⲙⲡⲉⲛⲧⲁϥⲉⲓⲣⲉ"/>
		<feat xlink:href="#sSpan208" value="ⲙⲡⲉⲉⲓϩⲱⲃ"/>
		<feat xlink:href="#sSpan217" value="."/>
		<feat xlink:href="#sSpan221" value="ⲁⲛⲟⲕ"/>
		<feat xlink:href="#sSpan232" value="ⲅⲁⲣ"/>
		<feat xlink:href="#sSpan236" value="ⲉⲛϯϩⲁⲧⲉⲧⲏⲩⲧⲛ"/>
		<feat xlink:href="#sSpan248" value="ⲁⲛ"/>
		<feat xlink:href="#sSpan252" value="ϩⲙⲡⲥⲱⲙⲁ"/>
		<feat xlink:href="#sSpan262" value="."/>
		<feat xlink:href="#sSpan266" value="ⲉⲓϩⲁⲧⲉⲧⲏⲩⲧⲛ"/>
		<feat xlink:href="#sSpan277" value="ⲇⲉ"/>
		<feat xlink:href="#sSpan281" value="ϩⲙⲡⲉⲡⲛⲉⲩⲙⲁ"/>
		<feat xlink:href="#sSpan291" value="."/>
		<feat xlink:href="#sSpan295" value="ⲁⲓⲟⲩⲱ"/>
		<feat xlink:href="#sSpan303" value="ⲉⲓⲕⲣⲓⲛⲉ"/>
		<feat xlink:href="#sSpan313" value="ϩⲱⲥ"/>
		<feat xlink:href="#sSpan317" value="ⲉⲓϩⲁⲧⲛⲧⲏⲩⲧⲛ"/>
		<feat xlink:href="#sSpan327" value="ⲙⲡⲉⲛⲧⲁϥⲉⲓⲣⲉ"/>
		<feat xlink:href="#sSpan342" value="ⲙⲡⲉⲉⲓϩⲱⲃ"/>
		<feat xlink:href="#sSpan351" value="ⲛⲧⲉⲓϩⲉ"/>
		<feat xlink:href="#sSpan359" value="."/>
		<feat xlink:href="#sSpan364" value="ⲉⲁⲧⲉⲧⲛⲥⲱⲟⲩϩ"/>
		<feat xlink:href="#sSpan380" value="ⲉϩⲟⲩⲛ"/>
		<feat xlink:href="#sSpan384" value="ⲉⲛⲉⲧⲛⲉⲣⲏⲩ"/>
		<feat xlink:href="#sSpan392" value="ϩⲙⲡⲣⲁⲛ"/>
		<feat xlink:href="#sSpan401" value="ⲙⲡⲉⲛϫⲟⲉⲓⲥ"/>
		<feat xlink:href="#sSpan411" value="ⲓⲏⲥⲟⲩⲥ"/>
		<feat xlink:href="#sSpan415" value="ⲡⲉⲭⲣⲓⲥⲧⲟⲥ"/>
		<feat xlink:href="#sSpan422" value="ⲙⲛⲡⲁⲡⲛⲉⲩⲙⲁ"/>
		<feat xlink:href="#sSpan432" value="ⲙⲛⲧϭⲟⲙ"/>
		<feat xlink:href="#sSpan441" value="ⲙⲡⲉⲛϫⲟⲉⲓⲥ"/>
		<feat xlink:href="#sSpan451" value="ⲓⲏⲥⲟⲩⲥ"/>
		<feat xlink:href="#sSpan455" value="."/>
		<feat xlink:href="#sSpan459" value="ⲉϯ"/>
		<feat xlink:href="#sSpan471" value="ⲙⲡⲁⲓ"/>
		<feat xlink:href="#sSpan478" value="ⲛⲧⲉⲉⲓⲙⲓⲛⲉ"/>
		<feat xlink:href="#sSpan486" value="ⲙⲡⲥⲁⲧⲁⲛⲁⲥ"/>
		<feat xlink:href="#sSpan496" value="ⲉⲩⲧⲁⲕⲟ"/>
		<feat xlink:href="#sSpan504" value="ⲛⲧⲥⲁⲣⲝ"/>
		<feat xlink:href="#sSpan514" value="."/>
		<feat xlink:href="#sSpan518" value="ϫⲉⲉⲣⲉⲡⲉⲡⲛⲉⲩⲙⲁ"/>
		<feat xlink:href="#sSpan530" value="ⲟⲩϫⲁⲓ"/>
		<feat xlink:href="#sSpan534" value="ϩⲙⲡⲉϩⲟⲟⲩ"/>
		<feat xlink:href="#sSpan543" value="ⲙⲡⲉⲛϫⲟⲉⲓⲥ"/>
		<feat xlink:href="#sSpan553" value="ⲓⲏⲥⲟⲩⲥ"/>
		<feat xlink:href="#sSpan557" value="ⲡⲉⲭⲣⲓⲥⲧⲟⲥ"/>
		<feat xlink:href="#sSpan564" value="."/>
		<feat xlink:href="#sSpan568" value="ⲛⲛⲁⲛⲟⲩⲡⲉⲧⲛϣⲟⲩϣⲟⲩ"/>
		<feat xlink:href="#sSpan584" value="ⲁⲛ"/>
		<feat xlink:href="#sSpan588" value="."/>
		<feat xlink:href="#sSpan592" value="ⲛⲧⲉⲧⲛⲥⲟⲟⲩⲛ"/>
		<feat xlink:href="#sSpan600" value="ⲁⲛ"/>
		<feat xlink:href="#sSpan604" value="ϫⲉϣⲁⲣⲉⲟⲩⲕⲟⲩⲓ"/>
		<feat xlink:href="#sSpan615" value="ⲛⲑⲁⲃ"/>
		<feat xlink:href="#sSpan621" value="ⲧⲣⲉⲡⲟⲩⲱϣⲙ"/>
		<feat xlink:href="#sSpan630" value="ⲧⲏⲣϥ"/>
		<feat xlink:href="#sSpan636" value="ϥⲓ"/>
		<feat xlink:href="#sSpan640" value="."/>
		<feat xlink:href="#sSpan644" value="ϥⲓ"/>
		<feat xlink:href="#sSpan654" value="ⲙⲡⲓⲑⲁⲃ"/>
		<feat xlink:href="#sSpan663" value="ⲛⲁⲥ"/>
		<feat xlink:href="#sSpan669" value="ⲉⲃⲟⲗ"/>
		<feat xlink:href="#sSpan673" value="ⲛϩⲏⲧⲧⲏⲩⲧⲛ"/>
		<feat xlink:href="#sSpan679" value="ϫⲉⲉⲧⲉⲧⲛⲉϣⲱⲡⲉ"/>
		<feat xlink:href="#sSpan687" value="ⲛⲟⲩⲟⲩⲱϣⲙ"/>
		<feat xlink:href="#sSpan696" value="ⲛⲃⲣⲣⲉ"/>
		<feat xlink:href="#sSpan703" value="ⲕⲁⲧⲁⲧϩⲉ"/>
		<feat xlink:href="#sSpan712" value="ⲉⲛⲧⲉⲧⲛϩⲉⲛⲁⲑⲁⲃ"/>
		<feat xlink:href="#sSpan725" value="."/>
		<feat xlink:href="#sSpan730" value="ⲕⲁⲓ"/>
		<feat xlink:href="#sSpan735" value="ⲅⲁⲣ"/>
		<feat xlink:href="#sSpan739" value="ⲁⲩϣⲱⲱⲧ"/>
		<feat xlink:href="#sSpan747" value="ⲙⲡⲉⲛⲡⲁⲥⲭⲁ"/>
		<feat xlink:href="#sSpan757" value="ϩⲁⲣⲟⲛ"/>
		<feat xlink:href="#sSpan764" value="ⲡⲉⲭⲣⲓⲥⲧⲟⲥ"/>
		<feat xlink:href="#sSpan771" value="."/>
		<feat xlink:href="#sSpan776" value="ϩⲱⲥⲧⲉ"/>
		<feat xlink:href="#sSpan785" value="ⲙⲁⲣⲛⲣϣⲁ"/>
		<feat xlink:href="#sSpan795" value="ϩⲛⲟⲩⲑⲁⲃ"/>
		<feat xlink:href="#sSpan804" value="ⲁⲛ"/>
		<feat xlink:href="#sSpan808" value="ⲛⲁⲥ"/>
		<feat xlink:href="#sSpan814" value="."/>
		<feat xlink:href="#sSpan819" value="ⲟⲩⲇⲉ"/>
		<feat xlink:href="#sSpan823" value="ϩⲛⲟⲩⲑⲁⲃ"/>
		<feat xlink:href="#sSpan832" value="ⲁⲛ"/>
		<feat xlink:href="#sSpan836" value="ⲛⲕⲁⲕⲓⲁ"/>
		<feat xlink:href="#sSpan844" value="ϩⲓⲡⲟⲛⲏⲣⲓⲁ"/>
		<feat xlink:href="#sSpan852" value="."/>
		<feat xlink:href="#sSpan857" value="ⲁⲗⲗⲁ"/>
		<feat xlink:href="#sSpan861" value="ϩⲛϩⲉⲛⲁⲑⲁⲃ"/>
		<feat xlink:href="#sSpan872" value="ⲛⲧⲃⲃⲟ"/>
		<feat xlink:href="#sSpan879" value="ϩⲓⲙⲉ"/>
		<feat xlink:href="#sSpan886" value="."/>
		<feat xlink:href="#sSpan890" value="ⲁⲓⲥϩⲁⲓ"/>
		<feat xlink:href="#sSpan903" value="ⲛⲏⲧⲛ"/>
		<feat xlink:href="#sSpan909" value="ϩⲛⲧⲉⲡⲓⲥⲧⲟⲗⲏ"/>
		<feat xlink:href="#sSpan919" value="ϫⲉⲙⲡⲣⲧⲱϩ"/>
		<feat xlink:href="#sSpan927" value="ⲙⲛⲡⲟⲣⲛⲟⲥ"/>
		<feat xlink:href="#sSpan935" value="."/>
		<feat xlink:href="#sSpan940" value="ⲟⲩ"/>
		<feat xlink:href="#sSpan951" value="ⲡⲁⲛⲧⲱⲥ"/>
		<feat xlink:href="#sSpan955" value="ⲉⲓϫⲱ"/>
		<feat xlink:href="#sSpan963" value="ⲙⲙⲟⲥ"/>
		<feat xlink:href="#sSpan969" value="ϫⲉⲙⲡⲟⲣⲛⲟⲥ"/>
		<feat xlink:href="#sSpan979" value="ⲙⲡⲉⲓⲕⲟⲥⲙⲟⲥ"/>
		<feat xlink:href="#sSpan990" value="ⲏ"/>
		<feat xlink:href="#sSpan994" value="ⲙⲙⲁⲓⲧⲟ"/>
		<feat xlink:href="#sSpan1003" value="ⲛϩⲟⲩⲟ"/>
		<feat xlink:href="#sSpan1010" value="ⲏ"/>
		<feat xlink:href="#sSpan1015" value="ⲛⲣⲉϥⲧⲱⲣⲡ"/>
		<feat xlink:href="#sSpan1024" value="ⲏ"/>
		<feat xlink:href="#sSpan1029" value="ⲛⲣⲉϥϣⲙϣⲉⲉⲓⲇⲱⲗⲟⲛ"/>
		<feat xlink:href="#sSpan1039" value="ⲉϣϫⲉⲉϩⲉ"/>
		<feat xlink:href="#sSpan1045" value="ⲉⲓⲉ"/>
		<feat xlink:href="#sSpan1049" value="ϣϣⲉ"/>
		<feat xlink:href="#sSpan1053" value="ⲉⲣⲱⲧⲛ"/>
		<feat xlink:href="#sSpan1059" value="ⲉⲉⲓ"/>
		<feat xlink:href="#sSpan1066" value="ⲉⲃⲟⲗ"/>
		<feat xlink:href="#sSpan1070" value="ϩⲙⲡⲕⲟⲥⲙⲟⲥ"/>
		<feat xlink:href="#sSpan1080" value="."/>
		<feat xlink:href="#sSpan1084" value="ⲧⲉⲛⲟⲩ"/>
		<feat xlink:href="#sSpan1094" value="ⲇⲉ"/>
		<feat xlink:href="#sSpan1098" value="ⲛⲧⲁⲓⲥϩⲁⲓ"/>
		<feat xlink:href="#sSpan1108" value="ⲛⲏⲧⲛ"/>
		<feat xlink:href="#sSpan1114" value="ϫⲉⲙⲡⲣⲧⲱϩ"/>
		<feat xlink:href="#sSpan1122" value="ⲙⲛⲟⲩⲁ"/>
		<feat xlink:href="#sSpan1129" value="ⲉⲩⲙⲟⲩⲧⲉ"/>
		<feat xlink:href="#sSpan1137" value="ⲉⲣⲟϥ"/>
		<feat xlink:href="#sSpan1143" value="ϫⲉⲟⲩⲥⲟⲛ"/>
		<feat xlink:href="#sSpan1152" value="ⲡⲉ"/>
		<feat xlink:href="#sSpan1156" value="ⲉϣⲱⲡⲉ"/>
		<feat xlink:href="#sSpan1161" value="ⲟⲩⲡⲟⲣⲛⲟⲥ"/>
		<feat xlink:href="#sSpan1168" value="ⲡⲉ"/>
		<feat xlink:href="#sSpan1173" value="ⲏ"/>
		<feat xlink:href="#sSpan1178" value="ⲛⲣⲉϥϣⲙϣⲉⲉⲓⲇⲱⲗⲟⲛ"/>
		<feat xlink:href="#sSpan1189" value="ⲏ"/>
		<feat xlink:href="#sSpan1193" value="ⲙⲙⲁⲓⲧⲟ"/>
		<feat xlink:href="#sSpan1202" value="ⲛϩⲟⲩⲟ"/>
		<feat xlink:href="#sSpan1209" value="ⲏ"/>
		<feat xlink:href="#sSpan1214" value="ⲛⲣⲉϥⲥⲁϩⲟⲩ"/>
		<feat xlink:href="#sSpan1223" value="ⲏ"/>
		<feat xlink:href="#sSpan1228" value="ⲛⲣⲉϥϯϩⲉ"/>
		<feat xlink:href="#sSpan1237" value="ⲏ"/>
		<feat xlink:href="#sSpan1242" value="ⲛⲣⲉϥⲧⲱⲣⲡ"/>
		<feat xlink:href="#sSpan1250" value="ⲡⲁⲓ"/>
		<feat xlink:href="#sSpan1255" value="ⲛⲧⲉⲉⲓⲙⲓⲛⲉ"/>
		<feat xlink:href="#sSpan1264" value="ⲟⲩⲇⲉ"/>
		<feat xlink:href="#sSpan1268" value="ⲙⲡⲣⲟⲩⲱⲙ"/>
		<feat xlink:href="#sSpan1274" value="ⲛⲙⲙⲁϥ"/>
		<feat xlink:href="#sSpan1280" value="."/>
		<feat xlink:href="#sSpan1284" value="ⲟⲩ"/>
		<feat xlink:href="#sSpan1295" value="ⲅⲁⲣ"/>
		<feat xlink:href="#sSpan1299" value="ⲉⲣⲟⲓ"/>
		<feat xlink:href="#sSpan1305" value="ⲡⲉ"/>
		<feat xlink:href="#sSpan1309" value="ⲉⲕⲣⲓⲛⲉ"/>
		<feat xlink:href="#sSpan1316" value="ⲛⲛⲉⲧϩⲓⲃⲟⲗ"/>
		<feat xlink:href="#sSpan1327" value="."/>
		<feat xlink:href="#sSpan1331" value="ⲁⲩⲱ"/>
		<feat xlink:href="#sSpan1335" value="ⲛⲛⲉⲧϩⲓϩⲟⲩⲛ"/>
		<feat xlink:href="#sSpan1346" value="ⲁⲛ"/>
		<feat xlink:href="#sSpan1350" value="."/>
		<feat xlink:href="#sSpan1354" value="ⲛⲧⲱⲧⲛ"/>
		<feat xlink:href="#sSpan1359" value="ⲕⲣⲓⲛⲉ"/>
		<feat xlink:href="#sSpan1363" value="ⲛⲛⲉⲧϩⲓϩⲟⲩⲛ"/>
		<feat xlink:href="#sSpan1375" value="ⲡⲛⲟⲩⲧⲉ"/>
		<feat xlink:href="#sSpan1388" value="ⲇⲉ"/>
		<feat xlink:href="#sSpan1392" value="ⲛⲁⲕⲣⲓⲛⲉ"/>
		<feat xlink:href="#sSpan1399" value="ⲛⲛⲉⲧϩⲓⲃⲟⲗ"/>
		<feat xlink:href="#sSpan1410" value="ϥⲓ"/>
		<feat xlink:href="#sSpan1414" value="ⲙⲡⲡⲟⲛⲏⲣⲟⲥ"/>
		<feat xlink:href="#sSpan1424" value="ⲉⲃⲟⲗ"/>
		<feat xlink:href="#sSpan1428" value="ⲛϩⲏⲧⲧⲏⲩⲧⲛ"/>
		<feat xlink:href="#sSpan1434" value="."/></featList></paula>