<?xml version='1.0' encoding='UTF-8'?><!DOCTYPE paula SYSTEM "paula_feat.dtd">
<paula version="1.1">
	<header paula_id="scriptorium.life.onnophrius.04.mark_translation"/>
	<featList xmlns:xlink="http://www.w3.org/1999/xlink" type="translation" xml:base="scriptorium.life.onnophrius.04.mark.xml">
		<feat xlink:href="#sSpan5" value="And I cast myself upon the ground"/>
		<feat xlink:href="#sSpan28" value="and made obeisance unto them,"/>
		<feat xlink:href="#sSpan48" value="but they raised me up"/>
		<feat xlink:href="#sSpan71" value="and kissed me."/>
		<feat xlink:href="#sSpan92" value="And they remained in a state of great dignity (?), and they were like unto beings who had transferred themselves from another world in respect for the joy and comfort which they displayed towards me;"/>
		<feat xlink:href="#sSpan198" value="and they gathered fruit from the trees and placed it in my mouth."/>
		<feat xlink:href="#sSpan277" value="And as for me my heart rejoiced because of the affection which they shewed towards me,"/>
		<feat xlink:href="#sSpan338" value="and I passed seven days with them eating of the fruit of the trees."/>
		<feat xlink:href="#sSpan400" value="And I asked them, saying, 'Whence have ye come to this place? And of what region are ye natives?'"/>
		<feat xlink:href="#sSpan468" value="And they said unto me, ``O our brother, God hath sent thee unto us so that we may declare unto thee our whole manner of life."/>
		<feat xlink:href="#sSpan557" value="For we are natives of a city of Egypt called Pemdje (Oxyrhynchus)."/>
		<feat xlink:href="#sSpan606" value="Our fathers were councillors (or, magistrates) of the city, and they sent us to the school there to have us educated;"/>
		<feat xlink:href="#sSpan702" value="and we were all in the same school together, and we were all of the same mind."/>
		<feat xlink:href="#sSpan774" value="when we had finished our education in the school they sent us on to the college,"/>
		<feat xlink:href="#sSpan845" value="and when we had been thoroughly well taught there and had learned therein all the learning (?) and all the wisdom of this world, we wished to be instructed in the wisdom of God."/>
		<feat xlink:href="#sSpan936" value="And it came to pass on a certain day that whilst we were talking together about these things a good resolution stirred in our inner man,"/>
		<feat xlink:href="#sSpan1044" value="and we four rose up,"/>
		<feat xlink:href="#sSpan1064" value=" and we set ourselves on the way to the desert, so that we might live therein quietly until we should see what the Lord had ordained for us."/>
		<feat xlink:href="#sSpan1159" value="And we took with us a few loaves of bread, sufficient for seven days."/>
		<feat xlink:href="#sSpan1217" value="And when we had come into the mountain, straightway an ecstasy fell upon us,"/>
		<feat xlink:href="#sSpan1288" value="and a man, who was all light, laid hold of our hands"/>
		<feat xlink:href="#sSpan1338" value="and brought us into this place."/>
		<feat xlink:href="#sSpan1364" value="And when we had come into this place we found a holy man of God, and the angel of the Lord put us in his hand,"/>
		<feat xlink:href="#sSpan1466" value="and he taught us to be servants of God for a year of days."/>
		<feat xlink:href="#sSpan1528" value="And at the end of the year the holy and blessed old man died,"/>
		<feat xlink:href="#sSpan1596" value="and we remained by ourselves in this place."/>
		<feat xlink:href="#sSpan1655" value="``Behold, O our lord brother, we declare unto thee by God that for sixty years we have not known the taste of bread, or of any other kind of food except the fruit of these trees whereon we live."/>
		<feat xlink:href="#sSpan1806" value="If we wish to see each other we come here every week to do so. We pass the whole night of the First Day of the week together, and after that each one departeth to perform his spiritual labours [for the rest of the week].''"/>
		<feat xlink:href="#sSpan1962" value="And I said unto them, 'Where do ye receive the Eucharist?''"/>
		<feat xlink:href="#sSpan2001" value="And they said unto me, 'We assemble here for that purpose, for an angel of God cometh hither every Sabbath, and he administereth unto us the Eucharist on the Sabbath and on the First Day of the week.'"/>
		<feat xlink:href="#sSpan2132" value="And I stayed with them, and I rejoiced exceedingly."/>
		<feat xlink:href="#sSpan2171" value="[And they said unto me], 'On the seventh day the angel of the Lord will come, and he will administer the Eucharist to thee and to us together."/>
		<feat xlink:href="#sSpan2265" value="And the man who shall receive the Eucharist at the hand of that angel shall be cleansed from all sin, and the Adversary shall never have dominion over him.'"/>
		<feat xlink:href="#sSpan2381" value="And whilst we were talking together I smelled a strong sweet smell, the like whereof I never smelled before."/>
		<feat xlink:href="#sSpan2459" value="And immediately the sweet smell reached us we rose up, and we stood on our feet, and we blessed God."/>
		<feat xlink:href="#sSpan2533" value="And afterwards the angel came,"/>
		<feat xlink:href="#sSpan2564" value="and he administered unto us the Eucharist, the Body and Blood of the Lord."/>
		<feat xlink:href="#sSpan2626" value="And I became like unto those who sleep, because of the awesome sight which I saw."/>
		<feat xlink:href="#sSpan2689" value="And he blessed us,"/>
		<feat xlink:href="#sSpan2711" value="and he went up into heaven, and we watched him with our eyes."/>
		<feat xlink:href="#sSpan2761" value="And when he had gone up they comforted me,"/>
		<feat xlink:href="#sSpan2792" value="and said unto me, ``Be of good cheer, for thou shalt prevail, and thou shalt become a man of might;''"/>
		<feat xlink:href="#sSpan2848" value="and straightway I became of good cheer, even as those who are under [the influence of] wine."/>
		<feat xlink:href="#sSpan2896" value="And we stood on our feet during the [eve of] the First Day of the week, and we prayed the whole night long until the morning."/>
		<feat xlink:href="#sSpan2965" value="And when the light appeared at dawn on the First Day of the week, behold, we smelled that exceedingly sweet smell again,"/>
		<feat xlink:href="#sSpan3059" value="and we enjoyed it, and we rejoiced after the manner of those who are in another world."/>
		<feat xlink:href="#sSpan3119" value="And afterwards the angel came,"/>
		<feat xlink:href="#sSpan3147" value="and he administered unto us the Eucharist, and he blessed each one of us, saying, ``Everlasting life shall be unto thee, and [the power of] prophecy which shall never be destroyed.''"/>
		<feat xlink:href="#sSpan3269" value="And we all, with one mouth and with one accord, answered and said, ``Amen; so be it!''"/>
		<feat xlink:href="#sSpan3353" value="And afterwards the angel turned to me,"/>
		<feat xlink:href="#sSpan3389" value="and said unto me, ``Arise, and depart thou to Egypt, and tell the God-loving brethren the things which thou hast seen, so that they may emulate the life and conversation of the saints.''"/>
		<feat xlink:href="#sSpan3530" value="And I entreated him to let me remain with them,"/>
		<feat xlink:href="#sSpan3571" value="but he said unto me, 'The Lord doth not allot unto us the work which is imagined by the heart, but God giveth unto each man according to what he is able to bear."/>
		<feat xlink:href="#sSpan3717" value="Now, therefore, arise and depart, for that is what the Lord hath ordained for thee.'"/>
		<feat xlink:href="#sSpan3777" value="And he blessed me,"/>
		<feat xlink:href="#sSpan3802" value="and went up into the heavens in great glory."/>
		<feat xlink:href="#sSpan3833" value="And they brought a large number of plums,"/>
		<feat xlink:href="#sSpan3864" value="and we ate them together,"/>
		<feat xlink:href="#sSpan3883" value="and I came forth from them, and they accompanied me on my way for a distance of six miles."/>
		<feat xlink:href="#sSpan3947" value="And I entreated them, saying, ``Declare unto me your names,''"/>
		<feat xlink:href="#sSpan3999" value="and they declared me their names, each one of them."/>
		<feat xlink:href="#sSpan4052" value="The name of the first was John,"/>
		<feat xlink:href="#sSpan4075" value="of the second Andrew,"/>
		<feat xlink:href="#sSpan4100" value="of the third Heraklamon,"/>
		<feat xlink:href="#sSpan4126" value="and of the fourth Theophilus;"/>
		<feat xlink:href="#sSpan4151" value="and they commanded me to declare their names unto the brethren, [so that] they might remember them [in their prayers]."/>
		<feat xlink:href="#sSpan4229" value="And I on my part entreated them to keep my name in remembrance."/>
		<feat xlink:href="#sSpan4281" value="And we prayed and we kissed each other."/>
		<feat xlink:href="#sSpan4319" value="And I journeyed forth, and I grieved exceedingly;"/>
		<feat xlink:href="#sSpan4353" value="nevertheless, because of the blessing which the holy men had bestowed upon me, I rejoiced."/>
		<feat xlink:href="#sSpan4410" value="And I came into Egypt after a journey of three days,"/>
		<feat xlink:href="#sSpan4475" value="and having found certain God-loving brethren I rested with them for ten days,"/>
		<feat xlink:href="#sSpan4553" value="and I described unto them what had happened unto me;"/>
		<feat xlink:href="#sSpan4603" value="and they said unto me, ``Verily thou art worthy of a great reward.''"/>
		<feat xlink:href="#sSpan4655" value="Now those brethren were lovers of God, and they contended strenuously in the ascetic life, and they were worshippers of God with their whole hearts; and their place of abode was Shiet (Scete)."/>
		<feat xlink:href="#sSpan4790" value="And they made haste and they wrote down these things which they had heard from Apa Papnoute,"/>
		<feat xlink:href="#sSpan4859" value="and they quickly put them in a book,"/>
		<feat xlink:href="#sSpan4894" value="which they sent to Shiet,"/>
		<feat xlink:href="#sSpan4917" value="where it was deposited in the church for the benefit of those who should hear it [read]."/>
		<feat xlink:href="#sSpan4972" value="And they spoke about it, and it was the subject of meditation in the mouth of everyone."/>
		<feat xlink:href="#sSpan5044" value="And they glorified God, and blessed His saints, through the grace and love to man of our Lord Jesus the Christ, to Whom be glory, and His Good Father, and the Holy Spirit, for ever and ever!"/>
		<feat xlink:href="#sSpan5227" value="Amen."/>
		<feat xlink:href="#sSpan5285" value="I, Victor, the least of all men, the deacon, the son of the blessed Mercurius, the deacon of [the church of] Saint Mercurius, the general-in-chief, of the city of Latopolis, wrote this book."/>
		<feat xlink:href="#sSpan5387" value="Remember me, O Lord, when Thou comest into Thy kingdom!"/>
		<feat xlink:href="#sSpan5483" value="Written [in the month of] Tybi, the third day (December 30), in the Third Indiction, in the seven hundred and twenty-first year of the Era of the Martyrs (i.e. A.D. 1005), year [of Saracens] 365 (i.e. A.D. 987)."/>
		<feat xlink:href="#sSpan5574" value=". . . by the zeal and care of our fathers and beloved brethren, Abba Abraham, the governor, and Abba Khael, the archdeacon, and the warden Zacharias, deacon and monk of the Monastery of Saint Mercurius, the general-in-chief, which is in the Mountain of Tbo (Edfu, or Utfu)."/>
		<feat xlink:href="#sSpan5770" value="They made the book with [the proceeds of] their own labour,"/>
		<feat xlink:href="#sSpan5803" value="and they deposited it in their monastery in order that [the brethren] may read therein, and that those who read therein, and those who hear it read with attention, may profit to the full thereby, and our Good Saviour and Saint Apa Onnophrios, the anchorite, may bless them, and all those who are assembled in their monastery, with the blessing of heaven, and the blessing of earth, in the most complete fulfilment."/>
		<feat xlink:href="#sSpan6077" value="May He give blessing, and fullness, and abundance, and lasting salvation in this Monastery."/>
		<feat xlink:href="#sSpan6150" value="May He deliver them from the wiles of the Devil and of evil-doing men,"/>
		<feat xlink:href="#sSpan6200" value="and when they come forth from the body, according to what is ordained for every man, may they hear [the words], 'Well [done], servants good and faithful; since ye have been faithful in a few things, I will set you over many. Enter into the joy of thy Lord.'"/>
		<feat xlink:href="#sSpan6380" value=" May they be worthy of an inheritance with all the saints. Amen. So be it!"/></featList></paula>