<?xml version='1.0' encoding='UTF-8'?><!DOCTYPE paula SYSTEM "paula_feat.dtd">
<paula version="1.1">
	<header paula_id="scriptorium.life.onnophrius.04.mark_entity"/>
	<featList xmlns:xlink="http://www.w3.org/1999/xlink" type="entity" xml:base="scriptorium.life.onnophrius.04.mark.xml">
		<feat xlink:href="#sSpan104" value="abstract"/>
		<feat xlink:href="#sSpan140" value="person"/>
		<feat xlink:href="#sSpan155" value="time"/>
		<feat xlink:href="#sSpan168" value="abstract"/>
		<feat xlink:href="#sSpan177" value="abstract"/>
		<feat xlink:href="#sSpan224" value="plant"/>
		<feat xlink:href="#sSpan234" value="plant"/>
		<feat xlink:href="#sSpan266" value="object"/>
		<feat xlink:href="#sSpan290" value="abstract"/>
		<feat xlink:href="#sSpan309" value="abstract"/>
		<feat xlink:href="#sSpan346" value="time"/>
		<feat xlink:href="#sSpan371" value="event"/>
		<feat xlink:href="#sSpan378" value="plant"/>
		<feat xlink:href="#sSpan388" value="plant"/>
		<feat xlink:href="#sSpan435" value="place"/>
		<feat xlink:href="#sSpan455" value="person"/>
		<feat xlink:href="#sSpan489" value="person"/>
		<feat xlink:href="#sSpan503" value="person"/>
		<feat xlink:href="#sSpan539" value="abstract"/>
		<feat xlink:href="#sSpan572" value="person"/>
		<feat xlink:href="#sSpan579" value="place"/>
		<feat xlink:href="#sSpan590" value="place"/>
		<feat xlink:href="#sSpan603" value="person"/>
		<feat xlink:href="#sSpan621" value="person"/>
		<feat xlink:href="#sSpan636" value="place"/>
		<feat xlink:href="#sSpan670" value="organization"/>
		<feat xlink:href="#sSpan718" value="person"/>
		<feat xlink:href="#sSpan756" value="abstract"/>
		<feat xlink:href="#sSpan793" value="organization"/>
		<feat xlink:href="#sSpan816" value="organization"/>
		<feat xlink:href="#sSpan853" value="abstract"/>
		<feat xlink:href="#sSpan868" value="abstract"/>
		<feat xlink:href="#sSpan879" value="place"/>
		<feat xlink:href="#sSpan914" value="abstract"/>
		<feat xlink:href="#sSpan924" value="person"/>
		<feat xlink:href="#sSpan933" value="time"/>
		<feat xlink:href="#sSpan957" value="time"/>
		<feat xlink:href="#sSpan984" value="abstract"/>
		<feat xlink:href="#sSpan998" value="abstract"/>
		<feat xlink:href="#sSpan1021" value="person"/>
		<feat xlink:href="#sSpan1056" value="person"/>
		<feat xlink:href="#sSpan1082" value="place"/>
		<feat xlink:href="#sSpan1133" value="person"/>
		<feat xlink:href="#sSpan1177" value="object"/>
		<feat xlink:href="#sSpan1200" value="time"/>
		<feat xlink:href="#sSpan1239" value="place"/>
		<feat xlink:href="#sSpan1260" value="abstract"/>
		<feat xlink:href="#sSpan1292" value="person"/>
		<feat xlink:href="#sSpan1309" value="abstract"/>
		<feat xlink:href="#sSpan1327" value="object"/>
		<feat xlink:href="#sSpan1352" value="place"/>
		<feat xlink:href="#sSpan1381" value="place"/>
		<feat xlink:href="#sSpan1402" value="person"/>
		<feat xlink:href="#sSpan1419" value="person"/>
		<feat xlink:href="#sSpan1436" value="person"/>
		<feat xlink:href="#sSpan1446" value="person"/>
		<feat xlink:href="#sSpan1501" value="person"/>
		<feat xlink:href="#sSpan1511" value="time"/>
		<feat xlink:href="#sSpan1532" value="abstract"/>
		<feat xlink:href="#sSpan1546" value="time"/>
		<feat xlink:href="#sSpan1571" value="person"/>
		<feat xlink:href="#sSpan1613" value="person"/>
		<feat xlink:href="#sSpan1624" value="place"/>
		<feat xlink:href="#sSpan1637" value="person"/>
		<feat xlink:href="#sSpan1679" value="person"/>
		<feat xlink:href="#sSpan1694" value="time"/>
		<feat xlink:href="#sSpan1721" value="abstract"/>
		<feat xlink:href="#sSpan1730" value="object"/>
		<feat xlink:href="#sSpan1744" value="object"/>
		<feat xlink:href="#sSpan1762" value="plant"/>
		<feat xlink:href="#sSpan1794" value="plant"/>
		<feat xlink:href="#sSpan1848" value="time"/>
		<feat xlink:href="#sSpan1856" value="place"/>
		<feat xlink:href="#sSpan1887" value="time"/>
		<feat xlink:href="#sSpan1903" value="time"/>
		<feat xlink:href="#sSpan1931" value="person"/>
		<feat xlink:href="#sSpan2025" value="place"/>
		<feat xlink:href="#sSpan2035" value="abstract"/>
		<feat xlink:href="#sSpan2055" value="time"/>
		<feat xlink:href="#sSpan2071" value="person"/>
		<feat xlink:href="#sSpan2081" value="person"/>
		<feat xlink:href="#sSpan2106" value="time"/>
		<feat xlink:href="#sSpan2120" value="time"/>
		<feat xlink:href="#sSpan2185" value="time"/>
		<feat xlink:href="#sSpan2208" value="person"/>
		<feat xlink:href="#sSpan2219" value="person"/>
		<feat xlink:href="#sSpan2264" value="person"/>
		<feat xlink:href="#sSpan2300" value="person"/>
		<feat xlink:href="#sSpan2331" value="abstract"/>
		<feat xlink:href="#sSpan2351" value="abstract"/>
		<feat xlink:href="#sSpan2393" value="abstract"/>
		<feat xlink:href="#sSpan2474" value="abstract"/>
		<feat xlink:href="#sSpan2522" value="person"/>
		<feat xlink:href="#sSpan2552" value="person"/>
		<feat xlink:href="#sSpan2596" value="object"/>
		<feat xlink:href="#sSpan2606" value="substance"/>
		<feat xlink:href="#sSpan2615" value="person"/>
		<feat xlink:href="#sSpan2651" value="person"/>
		<feat xlink:href="#sSpan2662" value="abstract"/>
		<feat xlink:href="#sSpan2728" value="place"/>
		<feat xlink:href="#sSpan2750" value="object"/>
		<feat xlink:href="#sSpan2831" value="person"/>
		<feat xlink:href="#sSpan2877" value="person"/>
		<feat xlink:href="#sSpan2885" value="substance"/>
		<feat xlink:href="#sSpan2908" value="time"/>
		<feat xlink:href="#sSpan2923" value="time"/>
		<feat xlink:href="#sSpan2947" value="abstract"/>
		<feat xlink:href="#sSpan2956" value="time"/>
		<feat xlink:href="#sSpan2969" value="abstract"/>
		<feat xlink:href="#sSpan2993" value="time"/>
		<feat xlink:href="#sSpan3000" value="time"/>
		<feat xlink:href="#sSpan3027" value="abstract"/>
		<feat xlink:href="#sSpan3098" value="person"/>
		<feat xlink:href="#sSpan3105" value="time"/>
		<feat xlink:href="#sSpan3139" value="person"/>
		<feat xlink:href="#sSpan3179" value="person"/>
		<feat xlink:href="#sSpan3229" value="abstract"/>
		<feat xlink:href="#sSpan3238" value="time"/>
		<feat xlink:href="#sSpan3249" value="abstract"/>
		<feat xlink:href="#sSpan3306" value="object"/>
		<feat xlink:href="#sSpan3380" value="person"/>
		<feat xlink:href="#sSpan3425" value="place"/>
		<feat xlink:href="#sSpan3444" value="person"/>
		<feat xlink:href="#sSpan3465" value="person"/>
		<feat xlink:href="#sSpan3480" value="person"/>
		<feat xlink:href="#sSpan3506" value="abstract"/>
		<feat xlink:href="#sSpan3517" value="person"/>
		<feat xlink:href="#sSpan3591" value="person"/>
		<feat xlink:href="#sSpan3601" value="abstract"/>
		<feat xlink:href="#sSpan3647" value="abstract"/>
		<feat xlink:href="#sSpan3664" value="person"/>
		<feat xlink:href="#sSpan3677" value="person"/>
		<feat xlink:href="#sSpan3742" value="abstract"/>
		<feat xlink:href="#sSpan3751" value="abstract"/>
		<feat xlink:href="#sSpan3814" value="place"/>
		<feat xlink:href="#sSpan3821" value="abstract"/>
		<feat xlink:href="#sSpan3850" value="plant"/>
		<feat xlink:href="#sSpan3929" value="abstract"/>
		<feat xlink:href="#sSpan3987" value="abstract"/>
		<feat xlink:href="#sSpan4026" value="abstract"/>
		<feat xlink:href="#sSpan4033" value="person"/>
		<feat xlink:href="#sSpan4049" value="person"/>
		<feat xlink:href="#sSpan4063" value="person"/>
		<feat xlink:href="#sSpan4072" value="person"/>
		<feat xlink:href="#sSpan4088" value="person"/>
		<feat xlink:href="#sSpan4097" value="person"/>
		<feat xlink:href="#sSpan4114" value="person"/>
		<feat xlink:href="#sSpan4123" value="person"/>
		<feat xlink:href="#sSpan4140" value="person"/>
		<feat xlink:href="#sSpan4187" value="abstract"/>
		<feat xlink:href="#sSpan4200" value="person"/>
		<feat xlink:href="#sSpan4209" value="abstract"/>
		<feat xlink:href="#sSpan4361" value="abstract"/>
		<feat xlink:href="#sSpan4372" value="person"/>
		<feat xlink:href="#sSpan4432" value="place"/>
		<feat xlink:href="#sSpan4439" value="place"/>
		<feat xlink:href="#sSpan4452" value="time"/>
		<feat xlink:href="#sSpan4465" value="event"/>
		<feat xlink:href="#sSpan4495" value="person"/>
		<feat xlink:href="#sSpan4538" value="time"/>
		<feat xlink:href="#sSpan4576" value="event"/>
		<feat xlink:href="#sSpan4638" value="abstract"/>
		<feat xlink:href="#sSpan4659" value="person"/>
		<feat xlink:href="#sSpan4678" value="person"/>
		<feat xlink:href="#sSpan4705" value="person"/>
		<feat xlink:href="#sSpan4722" value="person"/>
		<feat xlink:href="#sSpan4733" value="person"/>
		<feat xlink:href="#sSpan4742" value="abstract"/>
		<feat xlink:href="#sSpan4764" value="place"/>
		<feat xlink:href="#sSpan4779" value="place"/>
		<feat xlink:href="#sSpan4816" value="abstract"/>
		<feat xlink:href="#sSpan4850" value="person"/>
		<feat xlink:href="#sSpan4882" value="object"/>
		<feat xlink:href="#sSpan4908" value="place"/>
		<feat xlink:href="#sSpan4931" value="organization"/>
		<feat xlink:href="#sSpan4942" value="abstract"/>
		<feat xlink:href="#sSpan4955" value="person"/>
		<feat xlink:href="#sSpan5008" value="abstract"/>
		<feat xlink:href="#sSpan5021" value="object"/>
		<feat xlink:href="#sSpan5030" value="person"/>
		<feat xlink:href="#sSpan5058" value="person"/>
		<feat xlink:href="#sSpan5080" value="person"/>
		<feat xlink:href="#sSpan5096" value="abstract"/>
		<feat xlink:href="#sSpan5110" value="abstract"/>
		<feat xlink:href="#sSpan5123" value="person"/>
		<feat xlink:href="#sSpan5146" value="person"/>
		<feat xlink:href="#sSpan5163" value="abstract"/>
		<feat xlink:href="#sSpan5178" value="person"/>
		<feat xlink:href="#sSpan5194" value="abstract"/>
		<feat xlink:href="#sSpan5211" value="time"/>
		<feat xlink:href="#sSpan5293" value="person"/>
		<feat xlink:href="#sSpan5313" value="person"/>
		<feat xlink:href="#sSpan5330" value="person"/>
		<feat xlink:href="#sSpan5359" value="place"/>
		<feat xlink:href="#sSpan5379" value="object"/>
		<feat xlink:href="#sSpan5397" value="person"/>
		<feat xlink:href="#sSpan5421" value="place"/>
		<feat xlink:href="#sSpan5489" value="time"/>
		<feat xlink:href="#sSpan5490" value="time"/>
		<feat xlink:href="#sSpan5507" value="person"/>
		<feat xlink:href="#sSpan5508" value="time"/>
		<feat xlink:href="#sSpan5580" value="abstract"/>
		<feat xlink:href="#sSpan5587" value="abstract"/>
		<feat xlink:href="#sSpan5598" value="person"/>
		<feat xlink:href="#sSpan5608" value="person"/>
		<feat xlink:href="#sSpan5622" value="person"/>
		<feat xlink:href="#sSpan5643" value="person"/>
		<feat xlink:href="#sSpan5652" value="person"/>
		<feat xlink:href="#sSpan5673" value="person"/>
		<feat xlink:href="#sSpan5707" value="place"/>
		<feat xlink:href="#sSpan5718" value="person"/>
		<feat xlink:href="#sSpan5752" value="place"/>
		<feat xlink:href="#sSpan5761" value="place"/>
		<feat xlink:href="#sSpan5778" value="object"/>
		<feat xlink:href="#sSpan5790" value="abstract"/>
		<feat xlink:href="#sSpan5818" value="place"/>
		<feat xlink:href="#sSpan5853" value="abstract"/>
		<feat xlink:href="#sSpan5862" value="abstract"/>
		<feat xlink:href="#sSpan5872" value="person"/>
		<feat xlink:href="#sSpan5892" value="person"/>
		<feat xlink:href="#sSpan5914" value="abstract"/>
		<feat xlink:href="#sSpan5928" value="person"/>
		<feat xlink:href="#sSpan5944" value="person"/>
		<feat xlink:href="#sSpan5986" value="organization"/>
		<feat xlink:href="#sSpan5999" value="place"/>
		<feat xlink:href="#sSpan6016" value="abstract"/>
		<feat xlink:href="#sSpan6025" value="place"/>
		<feat xlink:href="#sSpan6036" value="abstract"/>
		<feat xlink:href="#sSpan6046" value="place"/>
		<feat xlink:href="#sSpan6055" value="abstract"/>
		<feat xlink:href="#sSpan6087" value="abstract"/>
		<feat xlink:href="#sSpan6096" value="abstract"/>
		<feat xlink:href="#sSpan6105" value="abstract"/>
		<feat xlink:href="#sSpan6115" value="abstract"/>
		<feat xlink:href="#sSpan6137" value="place"/>
		<feat xlink:href="#sSpan6164" value="abstract"/>
		<feat xlink:href="#sSpan6171" value="person"/>
		<feat xlink:href="#sSpan6182" value="person"/>
		<feat xlink:href="#sSpan6226" value="object"/>
		<feat xlink:href="#sSpan6236" value="person"/>
		<feat xlink:href="#sSpan6251" value="person"/>
		<feat xlink:href="#sSpan6283" value="person"/>
		<feat xlink:href="#sSpan6313" value="abstract"/>
		<feat xlink:href="#sSpan6322" value="abstract"/>
		<feat xlink:href="#sSpan6347" value="abstract"/>
		<feat xlink:href="#sSpan6364" value="abstract"/>
		<feat xlink:href="#sSpan6373" value="person"/>
		<feat xlink:href="#sSpan6406" value="person"/></featList></paula>