<?xml version='1.0' encoding='UTF-8'?><!DOCTYPE paula SYSTEM "paula_feat.dtd">
<paula version="1.1">
	<header paula_id="scriptorium.life.onnophrius.04.mark_norm"/>
	<featList xmlns:xlink="http://www.w3.org/1999/xlink" type="norm" xml:base="scriptorium.life.onnophrius.04.mark.xml">
		<feat xlink:href="#sSpan1" value="ⲁⲛⲟⲕ"/>
		<feat xlink:href="#sSpan12" value="ⲇⲉ"/>
		<feat xlink:href="#sSpan16" value="ⲁ"/>
		<feat xlink:href="#sSpan20" value="ⲓ"/>
		<feat xlink:href="#sSpan22" value="ⲡⲁϩⲧ"/>
		<feat xlink:href="#sSpan24" value="ⲁ"/>
		<feat xlink:href="#sSpan30" value="ⲓ"/>
		<feat xlink:href="#sSpan32" value="ⲟⲩⲱϣⲧ"/>
		<feat xlink:href="#sSpan34" value="ⲛⲁ"/>
		<feat xlink:href="#sSpan38" value="ⲩ"/>
		<feat xlink:href="#sSpan40" value="·"/>
		<feat xlink:href="#sSpan44" value="ⲛⲧⲟⲟⲩ"/>
		<feat xlink:href="#sSpan51" value="ⲇⲉ"/>
		<feat xlink:href="#sSpan55" value="ⲁ"/>
		<feat xlink:href="#sSpan59" value="ⲩ"/>
		<feat xlink:href="#sSpan61" value="ⲧⲟⲩⲛⲟⲥ"/>
		<feat xlink:href="#sSpan65" value="ⲧ"/>
		<feat xlink:href="#sSpan67" value="ⲁ"/>
		<feat xlink:href="#sSpan73" value="ⲩ"/>
		<feat xlink:href="#sSpan76" value="ⲁⲥⲡⲁⲍⲉ"/>
		<feat xlink:href="#sSpan78" value="ⲙⲙⲟ"/>
		<feat xlink:href="#sSpan82" value="ⲓ"/>
		<feat xlink:href="#sSpan84" value="·"/>
		<feat xlink:href="#sSpan88" value="ⲛⲉ"/>
		<feat xlink:href="#sSpan94" value="ⲩ"/>
		<feat xlink:href="#sSpan96" value="ϣⲟⲟⲡ"/>
		<feat xlink:href="#sSpan98" value="ϩⲛ"/>
		<feat xlink:href="#sSpan102" value="ⲟⲩ"/>
		<feat xlink:href="#sSpan105" value="ⲛⲟϭ"/>
		<feat xlink:href="#sSpan107" value="ⲛ"/>
		<feat xlink:href="#sSpan112" value="ⲥϭⲣⲁϩⲧ"/>
		<feat xlink:href="#sSpan114" value="·"/>
		<feat xlink:href="#sSpan118" value="ⲉ"/>
		<feat xlink:href="#sSpan122" value="ⲩ"/>
		<feat xlink:href="#sSpan124" value="ⲟ"/>
		<feat xlink:href="#sSpan126" value="ⲛ"/>
		<feat xlink:href="#sSpan130" value="ⲧ"/>
		<feat xlink:href="#sSpan132" value="ϩⲉ"/>
		<feat xlink:href="#sSpan134" value="ⲛ"/>
		<feat xlink:href="#sSpan138" value="ⲛ"/>
		<feat xlink:href="#sSpan141" value="ⲉⲛⲧ"/>
		<feat xlink:href="#sSpan143" value="ⲁ"/>
		<feat xlink:href="#sSpan145" value="ⲩ"/>
		<feat xlink:href="#sSpan147" value="ⲡⲱⲛⲉ"/>
		<feat xlink:href="#sSpan149" value="ⲉ"/>
		<feat xlink:href="#sSpan153" value="ⲡ"/>
		<feat xlink:href="#sSpan156" value="ⲕⲉ"/>
		<feat xlink:href="#sSpan159" value="ⲁⲓⲱⲛ"/>
		<feat xlink:href="#sSpan161" value="ϩⲙ"/>
		<feat xlink:href="#sSpan166" value="ⲡⲉⲩ"/>
		<feat xlink:href="#sSpan169" value="ⲣⲁϣⲉ"/>
		<feat xlink:href="#sSpan171" value="ⲙⲛ"/>
		<feat xlink:href="#sSpan175" value="ⲡⲉⲩ"/>
		<feat xlink:href="#sSpan178" value="ⲥⲟⲗⲥⲗ"/>
		<feat xlink:href="#sSpan180" value="ⲉϩⲟⲩⲛ"/>
		<feat xlink:href="#sSpan184" value="ⲉⲣⲟ"/>
		<feat xlink:href="#sSpan188" value="ⲓ"/>
		<feat xlink:href="#sSpan190" value="·"/>
		<feat xlink:href="#sSpan194" value="ⲁ"/>
		<feat xlink:href="#sSpan200" value="ⲩ"/>
		<feat xlink:href="#sSpan202" value="ϭⲱ"/>
		<feat xlink:href="#sSpan205" value="ⲇⲉ"/>
		<feat xlink:href="#sSpan210" value="ⲉ"/>
		<feat xlink:href="#sSpan214" value="ⲩ"/>
		<feat xlink:href="#sSpan216" value="ⲕⲟⲧϥ"/>
		<feat xlink:href="#sSpan218" value="ⲛ"/>
		<feat xlink:href="#sSpan222" value="ⲛ"/>
		<feat xlink:href="#sSpan226" value="ⲕⲁⲣⲡⲟⲥ"/>
		<feat xlink:href="#sSpan228" value="ϩⲛ"/>
		<feat xlink:href="#sSpan232" value="ⲛ"/>
		<feat xlink:href="#sSpan235" value="ϣⲏⲛ"/>
		<feat xlink:href="#sSpan237" value="·"/>
		<feat xlink:href="#sSpan241" value="ⲉ"/>
		<feat xlink:href="#sSpan245" value="ⲩ"/>
		<feat xlink:href="#sSpan247" value="ϯ"/>
		<feat xlink:href="#sSpan249" value="ⲙⲙⲟ"/>
		<feat xlink:href="#sSpan253" value="ⲟⲩ"/>
		<feat xlink:href="#sSpan255" value="ⲉϩⲟⲩⲛ"/>
		<feat xlink:href="#sSpan260" value="ⲉ"/>
		<feat xlink:href="#sSpan264" value="ⲧⲁ"/>
		<feat xlink:href="#sSpan267" value="ⲧⲁⲡⲣⲟ"/>
		<feat xlink:href="#sSpan269" value="·"/>
		<feat xlink:href="#sSpan273" value="ⲁⲛⲟⲕ"/>
		<feat xlink:href="#sSpan280" value="ⲇⲉ"/>
		<feat xlink:href="#sSpan284" value="ⲁ"/>
		<feat xlink:href="#sSpan288" value="ⲡⲁ"/>
		<feat xlink:href="#sSpan291" value="ϩⲏⲧ"/>
		<feat xlink:href="#sSpan294" value="ⲉⲩⲫⲣⲁⲛⲉ"/>
		<feat xlink:href="#sSpan298" value="·"/>
		<feat xlink:href="#sSpan302" value="ⲉⲧⲃⲉ"/>
		<feat xlink:href="#sSpan307" value="ⲧ"/>
		<feat xlink:href="#sSpan310" value="ϩⲉ"/>
		<feat xlink:href="#sSpan312" value="ⲉⲧ"/>
		<feat xlink:href="#sSpan316" value="ⲟⲩ"/>
		<feat xlink:href="#sSpan318" value="ϩⲗⲟⲗⲉ"/>
		<feat xlink:href="#sSpan320" value="ⲉϩⲟⲩⲛ"/>
		<feat xlink:href="#sSpan324" value="ⲉⲣⲟ"/>
		<feat xlink:href="#sSpan328" value="ⲓ"/>
		<feat xlink:href="#sSpan330" value="·"/>
		<feat xlink:href="#sSpan334" value="ⲁ"/>
		<feat xlink:href="#sSpan340" value="ⲓ"/>
		<feat xlink:href="#sSpan342" value="ⲣ"/>
		<feat xlink:href="#sSpan344" value="ⲥⲁϣϥ"/>
		<feat xlink:href="#sSpan348" value="ⲅⲁⲣ"/>
		<feat xlink:href="#sSpan352" value="ⲛ"/>
		<feat xlink:href="#sSpan357" value="ϩⲟⲟⲩ"/>
		<feat xlink:href="#sSpan359" value="ϩⲁϩⲧⲏ"/>
		<feat xlink:href="#sSpan363" value="ⲩ"/>
		<feat xlink:href="#sSpan365" value="ⲛ"/>
		<feat xlink:href="#sSpan369" value="ⲟⲩⲱⲙ"/>
		<feat xlink:href="#sSpan372" value="ϩⲛ"/>
		<feat xlink:href="#sSpan376" value="ⲛ"/>
		<feat xlink:href="#sSpan380" value="ⲕⲁⲣⲡⲟⲥ"/>
		<feat xlink:href="#sSpan382" value="ⲛ"/>
		<feat xlink:href="#sSpan386" value="ⲛ"/>
		<feat xlink:href="#sSpan389" value="ϣⲏⲛ"/>
		<feat xlink:href="#sSpan391" value="·"/>
		<feat xlink:href="#sSpan395" value="ⲁ"/>
		<feat xlink:href="#sSpan402" value="ⲓ"/>
		<feat xlink:href="#sSpan404" value="ϫⲛⲟⲩ"/>
		<feat xlink:href="#sSpan406" value="ⲟⲩ"/>
		<feat xlink:href="#sSpan408" value="ϫⲉ"/>
		<feat xlink:href="#sSpan412" value="ⲉⲃⲟⲗ"/>
		<feat xlink:href="#sSpan415" value="ⲧⲱⲛ"/>
		<feat xlink:href="#sSpan420" value="ⲁ"/>
		<feat xlink:href="#sSpan424" value="ⲧⲉⲧⲛ"/>
		<feat xlink:href="#sSpan426" value="ⲉⲓ"/>
		<feat xlink:href="#sSpan429" value="ⲉ"/>
		<feat xlink:href="#sSpan433" value="ⲡⲉⲓ"/>
		<feat xlink:href="#sSpan436" value="ⲙⲁ"/>
		<feat xlink:href="#sSpan438" value="·"/>
		<feat xlink:href="#sSpan442" value="ⲁⲩⲱ"/>
		<feat xlink:href="#sSpan447" value="ⲛ"/>
		<feat xlink:href="#sSpan451" value="ⲧⲉⲧⲛ"/>
		<feat xlink:href="#sSpan453" value="ϩⲉⲛ"/>
		<feat xlink:href="#sSpan457" value="ⲣⲙⲧⲱⲛ"/>
		<feat xlink:href="#sSpan460" value="·"/>
		<feat xlink:href="#sSpan464" value="ⲡⲉϫⲁ"/>
		<feat xlink:href="#sSpan470" value="ⲩ"/>
		<feat xlink:href="#sSpan472" value="ⲛⲁ"/>
		<feat xlink:href="#sSpan477" value="ϥ"/>
		<feat xlink:href="#sSpan479" value="·"/>
		<feat xlink:href="#sSpan483" value="ϫⲉ"/>
		<feat xlink:href="#sSpan487" value="ⲡⲉⲛ"/>
		<feat xlink:href="#sSpan490" value="ⲥⲟⲛ"/>
		<feat xlink:href="#sSpan493" value="·"/>
		<feat xlink:href="#sSpan497" value="ⲁ"/>
		<feat xlink:href="#sSpan501" value="ⲡ"/>
		<feat xlink:href="#sSpan504" value="ⲛⲟⲩⲧⲉ"/>
		<feat xlink:href="#sSpan506" value="ⲧⲛⲛⲟⲟⲩ"/>
		<feat xlink:href="#sSpan510" value="ⲕ"/>
		<feat xlink:href="#sSpan512" value="ϣⲁⲣⲟ"/>
		<feat xlink:href="#sSpan516" value="ⲛ"/>
		<feat xlink:href="#sSpan518" value="ⲧⲛ"/>
		<feat xlink:href="#sSpan522" value="ⲛⲁ"/>
		<feat xlink:href="#sSpan524" value="ϫⲱ"/>
		<feat xlink:href="#sSpan526" value="ⲉⲣⲟ"/>
		<feat xlink:href="#sSpan530" value="ⲕ"/>
		<feat xlink:href="#sSpan532" value="ⲙ"/>
		<feat xlink:href="#sSpan537" value="ⲡⲉⲛ"/>
		<feat xlink:href="#sSpan541" value="ⲃⲓⲟⲥ"/>
		<feat xlink:href="#sSpan543" value="ⲧⲏⲣ"/>
		<feat xlink:href="#sSpan547" value="ϥ"/>
		<feat xlink:href="#sSpan549" value="·"/>
		<feat xlink:href="#sSpan553" value="ⲁⲛⲟⲛ"/>
		<feat xlink:href="#sSpan560" value="ⲅⲁⲣ"/>
		<feat xlink:href="#sSpan564" value="ⲁⲛⲟⲛ"/>
		<feat xlink:href="#sSpan568" value="ⲛ"/>
		<feat xlink:href="#sSpan573" value="ⲣⲙ"/>
		<feat xlink:href="#sSpan575" value="ⲟⲩ"/>
		<feat xlink:href="#sSpan581" value="ⲡⲟⲗⲓⲥ"/>
		<feat xlink:href="#sSpan584" value="ⲛⲧⲉ"/>
		<feat xlink:href="#sSpan588" value="ⲕⲏⲙⲉ"/>
		<feat xlink:href="#sSpan591" value="ϫⲉ"/>
		<feat xlink:href="#sSpan595" value="ⲡⲙϫⲉ"/>
		<feat xlink:href="#sSpan597" value="·"/>
		<feat xlink:href="#sSpan601" value="ⲛⲉⲛ"/>
		<feat xlink:href="#sSpan608" value="ⲉⲓⲟⲧⲉ"/>
		<feat xlink:href="#sSpan611" value="ⲇⲉ"/>
		<feat xlink:href="#sSpan615" value="ⲛⲉ"/>
		<feat xlink:href="#sSpan619" value="ϩⲉⲛ"/>
		<feat xlink:href="#sSpan624" value="ⲃⲟⲩⲗⲉⲩⲧⲏⲥ"/>
		<feat xlink:href="#sSpan626" value="ⲛⲉ"/>
		<feat xlink:href="#sSpan630" value="ⲛⲧⲉ"/>
		<feat xlink:href="#sSpan634" value="ⲧ"/>
		<feat xlink:href="#sSpan638" value="ⲡⲟⲗⲓⲥ"/>
		<feat xlink:href="#sSpan640" value="·"/>
		<feat xlink:href="#sSpan644" value="ⲁⲛⲟⲛ"/>
		<feat xlink:href="#sSpan649" value="ⲇⲉ"/>
		<feat xlink:href="#sSpan653" value="ⲁ"/>
		<feat xlink:href="#sSpan657" value="ⲩ"/>
		<feat xlink:href="#sSpan659" value="ⲛⲟϫ"/>
		<feat xlink:href="#sSpan662" value="ⲛ"/>
		<feat xlink:href="#sSpan664" value="ⲉ"/>
		<feat xlink:href="#sSpan668" value="ⲧ"/>
		<feat xlink:href="#sSpan671" value="ⲁⲛⲍⲏⲃⲉ"/>
		<feat xlink:href="#sSpan673" value="·"/>
		<feat xlink:href="#sSpan677" value="ⲉ"/>
		<feat xlink:href="#sSpan681" value="ⲧⲣⲉ"/>
		<feat xlink:href="#sSpan683" value="ⲩ"/>
		<feat xlink:href="#sSpan686" value="ⲡⲁⲓⲇⲉⲩⲉ"/>
		<feat xlink:href="#sSpan688" value="ⲙⲙⲟ"/>
		<feat xlink:href="#sSpan692" value="ⲛ"/>
		<feat xlink:href="#sSpan694" value="·"/>
		<feat xlink:href="#sSpan698" value="ⲛⲉ"/>
		<feat xlink:href="#sSpan704" value="ⲛ"/>
		<feat xlink:href="#sSpan706" value="ϣⲟⲟⲡ"/>
		<feat xlink:href="#sSpan710" value="ⲇⲉ"/>
		<feat xlink:href="#sSpan714" value="ϩⲉⲛ"/>
		<feat xlink:href="#sSpan719" value="ϯ"/>
		<feat xlink:href="#sSpan721" value="ⲁⲛⲍⲏⲃⲉ"/>
		<feat xlink:href="#sSpan723" value="ⲛ"/>
		<feat xlink:href="#sSpan727" value="ⲟⲩⲱⲧ"/>
		<feat xlink:href="#sSpan729" value="ⲙⲛ"/>
		<feat xlink:href="#sSpan733" value="ⲛⲉⲛ"/>
		<feat xlink:href="#sSpan735" value="ⲉⲣⲏⲩ"/>
		<feat xlink:href="#sSpan737" value="·"/>
		<feat xlink:href="#sSpan741" value="ⲉ"/>
		<feat xlink:href="#sSpan745" value="ⲛ"/>
		<feat xlink:href="#sSpan747" value="ⲟ"/>
		<feat xlink:href="#sSpan749" value="ⲛ"/>
		<feat xlink:href="#sSpan754" value="ⲟⲩ"/>
		<feat xlink:href="#sSpan757" value="ϩⲏⲧ"/>
		<feat xlink:href="#sSpan759" value="ⲛ"/>
		<feat xlink:href="#sSpan763" value="ⲟⲩⲱⲧ"/>
		<feat xlink:href="#sSpan765" value="·"/>
		<feat xlink:href="#sSpan769" value="ⲛⲧⲉⲣ"/>
		<feat xlink:href="#sSpan777" value="ⲛ"/>
		<feat xlink:href="#sSpan780" value="ⲡⲁⲓⲇⲉⲩⲉ"/>
		<feat xlink:href="#sSpan783" value="ⲇⲉ"/>
		<feat xlink:href="#sSpan787" value="ϩⲛ"/>
		<feat xlink:href="#sSpan791" value="ⲧ"/>
		<feat xlink:href="#sSpan794" value="ⲁⲛⲍⲏⲃⲉ"/>
		<feat xlink:href="#sSpan796" value="·"/>
		<feat xlink:href="#sSpan800" value="ⲁ"/>
		<feat xlink:href="#sSpan804" value="ⲩ"/>
		<feat xlink:href="#sSpan806" value="ⲛⲟϫ"/>
		<feat xlink:href="#sSpan808" value="ⲛ"/>
		<feat xlink:href="#sSpan810" value="ⲉ"/>
		<feat xlink:href="#sSpan814" value="ⲡ"/>
		<feat xlink:href="#sSpan818" value="ⲍⲏⲙⲓⲟⲛ"/>
		<feat xlink:href="#sSpan821" value="ⲛⲧⲉⲣ"/>
		<feat xlink:href="#sSpan825" value="ⲟⲩ"/>
		<feat xlink:href="#sSpan828" value="ⲡⲁⲓⲇⲉⲩⲉ"/>
		<feat xlink:href="#sSpan830" value="ⲙⲙⲟ"/>
		<feat xlink:href="#sSpan834" value="ⲛ"/>
		<feat xlink:href="#sSpan836" value="·"/>
		<feat xlink:href="#sSpan841" value="ⲕⲁⲗⲱⲥ"/>
		<feat xlink:href="#sSpan847" value="ϩⲛ"/>
		<feat xlink:href="#sSpan851" value="ⲟⲩ"/>
		<feat xlink:href="#sSpan854" value="ⲱⲣϫ"/>
		<feat xlink:href="#sSpan856" value="ⲛⲓⲙ"/>
		<feat xlink:href="#sSpan861" value="ϩⲓ"/>
		<feat xlink:href="#sSpan866" value="ⲥⲟⲫⲓⲁ"/>
		<feat xlink:href="#sSpan869" value="ⲛⲓⲙ"/>
		<feat xlink:href="#sSpan873" value="ⲛⲧⲉ"/>
		<feat xlink:href="#sSpan877" value="ⲡⲉⲓ"/>
		<feat xlink:href="#sSpan881" value="ⲕⲟⲥⲙⲟⲥ"/>
		<feat xlink:href="#sSpan883" value="·"/>
		<feat xlink:href="#sSpan887" value="ⲛ"/>
		<feat xlink:href="#sSpan891" value="ⲟⲩⲉϣ"/>
		<feat xlink:href="#sSpan894" value="ⲡⲁⲓⲇⲉⲩⲉ"/>
		<feat xlink:href="#sSpan900" value="ⲇⲉ"/>
		<feat xlink:href="#sSpan904" value="ⲧⲉⲛⲟⲩ"/>
		<feat xlink:href="#sSpan908" value="ϩⲛ"/>
		<feat xlink:href="#sSpan912" value="ⲧ"/>
		<feat xlink:href="#sSpan916" value="ⲥⲟⲫⲓⲁ"/>
		<feat xlink:href="#sSpan918" value="ⲙ"/>
		<feat xlink:href="#sSpan922" value="ⲡ"/>
		<feat xlink:href="#sSpan925" value="ⲛⲟⲩⲧⲉ"/>
		<feat xlink:href="#sSpan927" value="·"/>
		<feat xlink:href="#sSpan931" value="ⲟⲩ"/>
		<feat xlink:href="#sSpan938" value="ϩⲟⲟⲩ"/>
		<feat xlink:href="#sSpan941" value="ⲇⲉ"/>
		<feat xlink:href="#sSpan946" value="ⲉⲃⲟⲗ"/>
		<feat xlink:href="#sSpan951" value="ϩⲛ"/>
		<feat xlink:href="#sSpan955" value="ⲟⲩ"/>
		<feat xlink:href="#sSpan958" value="ϩⲟⲟⲩ"/>
		<feat xlink:href="#sSpan960" value="·"/>
		<feat xlink:href="#sSpan964" value="ⲛ"/>
		<feat xlink:href="#sSpan968" value="ϣⲁϫⲉ"/>
		<feat xlink:href="#sSpan970" value="ⲙⲛ"/>
		<feat xlink:href="#sSpan974" value="ⲛⲉⲛ"/>
		<feat xlink:href="#sSpan976" value="ⲉⲣⲏⲩ"/>
		<feat xlink:href="#sSpan978" value="ϩⲛ"/>
		<feat xlink:href="#sSpan982" value="ⲛⲉⲓ"/>
		<feat xlink:href="#sSpan986" value="ϣⲁϫⲉ"/>
		<feat xlink:href="#sSpan988" value="·"/>
		<feat xlink:href="#sSpan992" value="ⲁ"/>
		<feat xlink:href="#sSpan996" value="ⲡ"/>
		<feat xlink:href="#sSpan999" value="ⲙⲉⲉⲩⲉ"/>
		<feat xlink:href="#sSpan1001" value="ⲉⲧ"/>
		<feat xlink:href="#sSpan1005" value="ⲛⲁⲛⲟⲩ"/>
		<feat xlink:href="#sSpan1007" value="ϥ"/>
		<feat xlink:href="#sSpan1010" value="ⲣϩⲱⲃ"/>
		<feat xlink:href="#sSpan1015" value="ϩⲙ"/>
		<feat xlink:href="#sSpan1019" value="ⲡⲉⲛ"/>
		<feat xlink:href="#sSpan1023" value="ⲣⲱⲙⲉ"/>
		<feat xlink:href="#sSpan1025" value="·"/>
		<feat xlink:href="#sSpan1029" value="ⲉⲧ"/>
		<feat xlink:href="#sSpan1034" value="ϩⲓϩⲟⲩⲛ"/>
		<feat xlink:href="#sSpan1036" value="·"/>
		<feat xlink:href="#sSpan1040" value="ⲁ"/>
		<feat xlink:href="#sSpan1046" value="ⲛ"/>
		<feat xlink:href="#sSpan1048" value="ⲧⲱⲟⲩⲛ"/>
		<feat xlink:href="#sSpan1050" value="ⲙ"/>
		<feat xlink:href="#sSpan1054" value="ⲡ"/>
		<feat xlink:href="#sSpan1057" value="ϥⲧⲟⲟⲩ"/>
		<feat xlink:href="#sSpan1059" value="ⲁ"/>
		<feat xlink:href="#sSpan1066" value="ⲛ"/>
		<feat xlink:href="#sSpan1068" value="ⲧⲁⲁ"/>
		<feat xlink:href="#sSpan1070" value="ⲛ"/>
		<feat xlink:href="#sSpan1072" value="ⲉϩⲟⲩⲛ"/>
		<feat xlink:href="#sSpan1076" value="ⲉ"/>
		<feat xlink:href="#sSpan1080" value="ⲡ"/>
		<feat xlink:href="#sSpan1083" value="ⲧⲟⲟⲩ"/>
		<feat xlink:href="#sSpan1085" value="·"/>
		<feat xlink:href="#sSpan1089" value="ⲉ"/>
		<feat xlink:href="#sSpan1093" value="ⲧⲣⲉ"/>
		<feat xlink:href="#sSpan1095" value="ⲛ"/>
		<feat xlink:href="#sSpan1098" value="ⲉⲥⲩⲭⲁⲍⲉ"/>
		<feat xlink:href="#sSpan1100" value="ⲙⲙⲟ"/>
		<feat xlink:href="#sSpan1104" value="ⲛ"/>
		<feat xlink:href="#sSpan1106" value="·"/>
		<feat xlink:href="#sSpan1110" value="ϣⲁⲛⲧ"/>
		<feat xlink:href="#sSpan1115" value="ⲛ"/>
		<feat xlink:href="#sSpan1117" value="ⲛⲁⲩ"/>
		<feat xlink:href="#sSpan1119" value="ⲉ"/>
		<feat xlink:href="#sSpan1123" value="ⲧ"/>
		<feat xlink:href="#sSpan1125" value="ϩⲉ"/>
		<feat xlink:href="#sSpan1127" value="ⲉⲧⲉⲣⲉ"/>
		<feat xlink:href="#sSpan1131" value="ⲡ"/>
		<feat xlink:href="#sSpan1134" value="ϫⲟⲉⲓⲥ"/>
		<feat xlink:href="#sSpan1136" value="ⲛⲁ"/>
		<feat xlink:href="#sSpan1140" value="ⲧⲟϣ"/>
		<feat xlink:href="#sSpan1142" value="ⲛ"/>
		<feat xlink:href="#sSpan1144" value="ⲙⲙⲟ"/>
		<feat xlink:href="#sSpan1148" value="ⲥ"/>
		<feat xlink:href="#sSpan1150" value="·"/>
		<feat xlink:href="#sSpan1154" value="ⲁ"/>
		<feat xlink:href="#sSpan1161" value="ⲛ"/>
		<feat xlink:href="#sSpan1163" value="ϫⲓⲥⲉ"/>
		<feat xlink:href="#sSpan1165" value="ⲛⲙⲙⲁ"/>
		<feat xlink:href="#sSpan1169" value="ⲛ"/>
		<feat xlink:href="#sSpan1171" value="ⲛ"/>
		<feat xlink:href="#sSpan1175" value="ϩⲉⲛ"/>
		<feat xlink:href="#sSpan1178" value="ⲕⲟⲩⲓ"/>
		<feat xlink:href="#sSpan1180" value="ⲛ"/>
		<feat xlink:href="#sSpan1184" value="ⲟⲉⲓⲕ"/>
		<feat xlink:href="#sSpan1186" value="ⲛ"/>
		<feat xlink:href="#sSpan1190" value="ⲁ"/>
		<feat xlink:href="#sSpan1192" value="ⲡϣⲁⲩ"/>
		<feat xlink:href="#sSpan1194" value="ⲛ"/>
		<feat xlink:href="#sSpan1198" value="ⲥⲁϣϥ"/>
		<feat xlink:href="#sSpan1202" value="ⲛ"/>
		<feat xlink:href="#sSpan1206" value="ϩⲟⲟⲩ"/>
		<feat xlink:href="#sSpan1208" value="·"/>
		<feat xlink:href="#sSpan1212" value="ⲛⲧⲉⲣ"/>
		<feat xlink:href="#sSpan1220" value="ⲛ"/>
		<feat xlink:href="#sSpan1222" value="ⲟⲩⲉ"/>
		<feat xlink:href="#sSpan1225" value="ⲇⲉ"/>
		<feat xlink:href="#sSpan1229" value="ⲉϩⲟⲩⲛ"/>
		<feat xlink:href="#sSpan1233" value="ϩⲙ"/>
		<feat xlink:href="#sSpan1237" value="ⲡ"/>
		<feat xlink:href="#sSpan1240" value="ⲧⲟⲟⲩ"/>
		<feat xlink:href="#sSpan1242" value="·"/>
		<feat xlink:href="#sSpan1246" value="ⲛ"/>
		<feat xlink:href="#sSpan1250" value="ⲧⲉ"/>
		<feat xlink:href="#sSpan1252" value="ⲩⲛⲟⲩ"/>
		<feat xlink:href="#sSpan1254" value="ⲁ"/>
		<feat xlink:href="#sSpan1258" value="ⲩ"/>
		<feat xlink:href="#sSpan1262" value="ⲉⲕⲥⲧⲁⲥⲓⲥ"/>
		<feat xlink:href="#sSpan1265" value="ϩⲉ"/>
		<feat xlink:href="#sSpan1270" value="ⲉϩⲣⲁⲓ"/>
		<feat xlink:href="#sSpan1274" value="ⲉϫⲱ"/>
		<feat xlink:href="#sSpan1278" value="ⲛ"/>
		<feat xlink:href="#sSpan1280" value="·"/>
		<feat xlink:href="#sSpan1284" value="ⲁ"/>
		<feat xlink:href="#sSpan1290" value="ⲩ"/>
		<feat xlink:href="#sSpan1293" value="ⲣⲱⲙⲉ"/>
		<feat xlink:href="#sSpan1295" value="ⲉ"/>
		<feat xlink:href="#sSpan1299" value="ϥ"/>
		<feat xlink:href="#sSpan1301" value="ⲟ"/>
		<feat xlink:href="#sSpan1303" value="ⲛ"/>
		<feat xlink:href="#sSpan1307" value="ⲟⲩⲟⲉⲓⲛ"/>
		<feat xlink:href="#sSpan1310" value="ⲧⲏⲣ"/>
		<feat xlink:href="#sSpan1315" value="ϥ"/>
		<feat xlink:href="#sSpan1317" value="ⲁⲙⲁϩⲧⲉ"/>
		<feat xlink:href="#sSpan1321" value="ⲛ"/>
		<feat xlink:href="#sSpan1325" value="ⲧⲉⲛ"/>
		<feat xlink:href="#sSpan1328" value="ϭⲓϫ"/>
		<feat xlink:href="#sSpan1330" value="·"/>
		<feat xlink:href="#sSpan1334" value="ⲁ"/>
		<feat xlink:href="#sSpan1340" value="ϥ"/>
		<feat xlink:href="#sSpan1342" value="ⲛⲧ"/>
		<feat xlink:href="#sSpan1344" value="ⲛ"/>
		<feat xlink:href="#sSpan1346" value="ⲉ"/>
		<feat xlink:href="#sSpan1350" value="ⲡⲉⲓ"/>
		<feat xlink:href="#sSpan1353" value="ⲙⲁ"/>
		<feat xlink:href="#sSpan1355" value="·"/>
		<feat xlink:href="#sSpan1359" value="ⲛ"/>
		<feat xlink:href="#sSpan1366" value="ⲧⲛ"/>
		<feat xlink:href="#sSpan1368" value="ⲉⲓ"/>
		<feat xlink:href="#sSpan1371" value="ⲇⲉ"/>
		<feat xlink:href="#sSpan1375" value="ⲉ"/>
		<feat xlink:href="#sSpan1379" value="ⲡⲉⲓ"/>
		<feat xlink:href="#sSpan1382" value="ⲙⲁ"/>
		<feat xlink:href="#sSpan1384" value="·"/>
		<feat xlink:href="#sSpan1388" value="ⲁ"/>
		<feat xlink:href="#sSpan1392" value="ⲛ"/>
		<feat xlink:href="#sSpan1394" value="ϭⲓⲛⲉ"/>
		<feat xlink:href="#sSpan1396" value="ⲛ"/>
		<feat xlink:href="#sSpan1400" value="ⲟⲩ"/>
		<feat xlink:href="#sSpan1403" value="ⲣⲱⲙⲉ"/>
		<feat xlink:href="#sSpan1405" value="ⲛ"/>
		<feat xlink:href="#sSpan1410" value="ϩⲁⲅⲓⲟⲥ"/>
		<feat xlink:href="#sSpan1412" value="ⲛⲧⲉ"/>
		<feat xlink:href="#sSpan1417" value="ⲡ"/>
		<feat xlink:href="#sSpan1420" value="ⲛⲟⲩⲧⲉ"/>
		<feat xlink:href="#sSpan1422" value="·"/>
		<feat xlink:href="#sSpan1426" value="ⲁⲩⲱ"/>
		<feat xlink:href="#sSpan1430" value="ⲁ"/>
		<feat xlink:href="#sSpan1434" value="ⲡ"/>
		<feat xlink:href="#sSpan1438" value="ⲁⲅⲅⲉⲗⲟⲥ"/>
		<feat xlink:href="#sSpan1440" value="ⲙ"/>
		<feat xlink:href="#sSpan1444" value="ⲡ"/>
		<feat xlink:href="#sSpan1447" value="ϫⲟⲉⲓⲥ"/>
		<feat xlink:href="#sSpan1449" value="ⲧⲁⲁ"/>
		<feat xlink:href="#sSpan1453" value="ⲛ"/>
		<feat xlink:href="#sSpan1455" value="ⲉⲧⲟⲟⲧ"/>
		<feat xlink:href="#sSpan1460" value="ϥ"/>
		<feat xlink:href="#sSpan1462" value="ⲁ"/>
		<feat xlink:href="#sSpan1468" value="ϥ"/>
		<feat xlink:href="#sSpan1470" value="ϭⲱ"/>
		<feat xlink:href="#sSpan1473" value="ⲉ"/>
		<feat xlink:href="#sSpan1477" value="ϥ"/>
		<feat xlink:href="#sSpan1479" value="ⲧⲥⲁⲃⲟ"/>
		<feat xlink:href="#sSpan1481" value="ⲙⲙⲟ"/>
		<feat xlink:href="#sSpan1485" value="ⲛ"/>
		<feat xlink:href="#sSpan1487" value="ⲉ"/>
		<feat xlink:href="#sSpan1492" value="ⲣϩⲙϩⲁⲗ"/>
		<feat xlink:href="#sSpan1495" value="ⲙ"/>
		<feat xlink:href="#sSpan1499" value="ⲡ"/>
		<feat xlink:href="#sSpan1503" value="ⲛⲟⲩⲧⲉ"/>
		<feat xlink:href="#sSpan1505" value="ⲛ"/>
		<feat xlink:href="#sSpan1509" value="ⲟⲩ"/>
		<feat xlink:href="#sSpan1512" value="ⲣⲟⲙⲡⲉ"/>
		<feat xlink:href="#sSpan1514" value="ⲛ"/>
		<feat xlink:href="#sSpan1518" value="ϩⲟⲟⲩ"/>
		<feat xlink:href="#sSpan1520" value="·"/>
		<feat xlink:href="#sSpan1524" value="ϩⲙ"/>
		<feat xlink:href="#sSpan1530" value="ⲡ"/>
		<feat xlink:href="#sSpan1533" value="ϫⲱⲕ"/>
		<feat xlink:href="#sSpan1536" value="ⲇⲉ"/>
		<feat xlink:href="#sSpan1540" value="ⲛ"/>
		<feat xlink:href="#sSpan1544" value="ⲧ"/>
		<feat xlink:href="#sSpan1549" value="ⲣⲟⲙⲡⲉ"/>
		<feat xlink:href="#sSpan1551" value="ⲁ"/>
		<feat xlink:href="#sSpan1555" value="ϥ"/>
		<feat xlink:href="#sSpan1557" value="ⲙⲧⲟⲛ"/>
		<feat xlink:href="#sSpan1559" value="ⲙⲙⲟ"/>
		<feat xlink:href="#sSpan1563" value="ϥ"/>
		<feat xlink:href="#sSpan1565" value="ⲛϭⲓ"/>
		<feat xlink:href="#sSpan1569" value="ⲡ"/>
		<feat xlink:href="#sSpan1572" value="ϩⲗⲗⲟ"/>
		<feat xlink:href="#sSpan1574" value="ⲉⲧ"/>
		<feat xlink:href="#sSpan1578" value="ⲟⲩⲁⲁⲃ"/>
		<feat xlink:href="#sSpan1580" value="ⲙ"/>
		<feat xlink:href="#sSpan1586" value="ⲙⲁⲕⲁⲣⲓⲟⲥ"/>
		<feat xlink:href="#sSpan1588" value="·"/>
		<feat xlink:href="#sSpan1592" value="ⲁⲛⲟⲛ"/>
		<feat xlink:href="#sSpan1599" value="ⲇⲉ"/>
		<feat xlink:href="#sSpan1603" value="ⲙⲁⲩⲁⲁ"/>
		<feat xlink:href="#sSpan1607" value="ⲛ"/>
		<feat xlink:href="#sSpan1609" value="ⲡ"/>
		<feat xlink:href="#sSpan1614" value="ⲉⲧ"/>
		<feat xlink:href="#sSpan1616" value="ϣⲟⲟⲡ"/>
		<feat xlink:href="#sSpan1618" value="ⲙ"/>
		<feat xlink:href="#sSpan1622" value="ⲡⲉⲓ"/>
		<feat xlink:href="#sSpan1626" value="ⲙⲁ"/>
		<feat xlink:href="#sSpan1629" value="ⲱ"/>
		<feat xlink:href="#sSpan1633" value="ⲡⲉⲛ"/>
		<feat xlink:href="#sSpan1638" value="ϫⲟⲉⲓⲥ"/>
		<feat xlink:href="#sSpan1640" value="ⲛ"/>
		<feat xlink:href="#sSpan1644" value="ⲥⲟⲛ"/>
		<feat xlink:href="#sSpan1646" value="·"/>
		<feat xlink:href="#sSpan1650" value="ⲉⲓⲥ"/>
		<feat xlink:href="#sSpan1657" value="ϩⲏⲏⲧⲉ"/>
		<feat xlink:href="#sSpan1659" value="ⲧⲛ"/>
		<feat xlink:href="#sSpan1664" value="ϩⲟⲙⲟⲗⲟⲅⲉⲓ"/>
		<feat xlink:href="#sSpan1666" value="ⲛⲁ"/>
		<feat xlink:href="#sSpan1671" value="ⲕ"/>
		<feat xlink:href="#sSpan1673" value="ⲙ"/>
		<feat xlink:href="#sSpan1677" value="ⲡ"/>
		<feat xlink:href="#sSpan1680" value="ϫⲟⲉⲓⲥ"/>
		<feat xlink:href="#sSpan1682" value="·"/>
		<feat xlink:href="#sSpan1686" value="ϫⲉ"/>
		<feat xlink:href="#sSpan1690" value="ⲉⲓⲥ"/>
		<feat xlink:href="#sSpan1692" value="ⲥⲉ"/>
		<feat xlink:href="#sSpan1695" value="ⲛ"/>
		<feat xlink:href="#sSpan1699" value="ⲣⲟⲙⲡⲉ"/>
		<feat xlink:href="#sSpan1701" value="·"/>
		<feat xlink:href="#sSpan1705" value="ⲧⲛ"/>
		<feat xlink:href="#sSpan1709" value="ⲥⲟⲟⲩⲛ"/>
		<feat xlink:href="#sSpan1711" value="ⲁⲛ"/>
		<feat xlink:href="#sSpan1715" value="ⲛ"/>
		<feat xlink:href="#sSpan1719" value="ϯⲡⲉ"/>
		<feat xlink:href="#sSpan1723" value="ⲛ"/>
		<feat xlink:href="#sSpan1728" value="ⲟⲉⲓⲕ"/>
		<feat xlink:href="#sSpan1731" value="·"/>
		<feat xlink:href="#sSpan1736" value="ⲟⲩⲇⲉ"/>
		<feat xlink:href="#sSpan1740" value="ⲗⲁⲁⲩ"/>
		<feat xlink:href="#sSpan1745" value="ⲛ"/>
		<feat xlink:href="#sSpan1750" value="ⲧⲣⲟⲫⲏ"/>
		<feat xlink:href="#sSpan1752" value="·"/>
		<feat xlink:href="#sSpan1756" value="ⲛⲥⲁ"/>
		<feat xlink:href="#sSpan1760" value="ⲛⲉⲓ"/>
		<feat xlink:href="#sSpan1763" value="·"/>
		<feat xlink:href="#sSpan1767" value="ϣⲏⲛ"/>
		<feat xlink:href="#sSpan1772" value="ⲙⲙⲁⲧⲉ"/>
		<feat xlink:href="#sSpan1776" value="·"/>
		<feat xlink:href="#sSpan1780" value="ⲉ"/>
		<feat xlink:href="#sSpan1784" value="ⲛ"/>
		<feat xlink:href="#sSpan1786" value="ⲟⲛϩ"/>
		<feat xlink:href="#sSpan1788" value="ⲉ"/>
		<feat xlink:href="#sSpan1792" value="ⲛⲉⲩ"/>
		<feat xlink:href="#sSpan1796" value="ⲕⲁⲣⲡⲟⲥ"/>
		<feat xlink:href="#sSpan1798" value="·"/>
		<feat xlink:href="#sSpan1802" value="ⲉⲛϣⲁⲛ"/>
		<feat xlink:href="#sSpan1808" value="ⲟⲩⲱϣ"/>
		<feat xlink:href="#sSpan1811" value="ⲅⲁⲣ"/>
		<feat xlink:href="#sSpan1816" value="ⲉ"/>
		<feat xlink:href="#sSpan1820" value="ⲛⲁⲩ"/>
		<feat xlink:href="#sSpan1822" value="ⲉ"/>
		<feat xlink:href="#sSpan1826" value="ⲛⲉⲛ"/>
		<feat xlink:href="#sSpan1828" value="ⲉⲣⲏⲩ"/>
		<feat xlink:href="#sSpan1830" value="·"/>
		<feat xlink:href="#sSpan1834" value="ⲛ"/>
		<feat xlink:href="#sSpan1838" value="ⲛⲏⲩ"/>
		<feat xlink:href="#sSpan1841" value="ⲕⲁⲧⲁ"/>
		<feat xlink:href="#sSpan1846" value="ϩⲃⲇⲱⲙⲁⲥ"/>
		<feat xlink:href="#sSpan1849" value="ⲉ"/>
		<feat xlink:href="#sSpan1854" value="ⲡⲉⲓ"/>
		<feat xlink:href="#sSpan1857" value="ⲙⲁ"/>
		<feat xlink:href="#sSpan1859" value="ⲛ"/>
		<feat xlink:href="#sSpan1863" value="ⲛⲁⲩ"/>
		<feat xlink:href="#sSpan1865" value="ⲉ"/>
		<feat xlink:href="#sSpan1869" value="ⲛⲉⲛ"/>
		<feat xlink:href="#sSpan1871" value="ⲉⲣⲏⲩ"/>
		<feat xlink:href="#sSpan1873" value="·"/>
		<feat xlink:href="#sSpan1877" value="ⲛ"/>
		<feat xlink:href="#sSpan1881" value="ⲧⲛ"/>
		<feat xlink:href="#sSpan1883" value="ⲣ"/>
		<feat xlink:href="#sSpan1885" value="ⲧⲉ"/>
		<feat xlink:href="#sSpan1888" value="ⲩϣⲏ"/>
		<feat xlink:href="#sSpan1890" value="ⲧⲏⲣ"/>
		<feat xlink:href="#sSpan1894" value="ⲥ"/>
		<feat xlink:href="#sSpan1896" value="ⲛ"/>
		<feat xlink:href="#sSpan1901" value="ⲧ"/>
		<feat xlink:href="#sSpan1905" value="ⲕⲩⲣⲓⲁⲕⲏ"/>
		<feat xlink:href="#sSpan1907" value="ⲙⲛ"/>
		<feat xlink:href="#sSpan1911" value="ⲛⲉⲛ"/>
		<feat xlink:href="#sSpan1913" value="ⲉⲣⲏⲩ"/>
		<feat xlink:href="#sSpan1915" value="·"/>
		<feat xlink:href="#sSpan1919" value="ⲙⲛⲛⲥⲱ"/>
		<feat xlink:href="#sSpan1923" value="ⲥ"/>
		<feat xlink:href="#sSpan1925" value="ⲛⲧⲉ"/>
		<feat xlink:href="#sSpan1929" value="ⲡ"/>
		<feat xlink:href="#sSpan1932" value="ⲟⲩⲁ"/>
		<feat xlink:href="#sSpan1934" value="ⲡ"/>
		<feat xlink:href="#sSpan1939" value="ⲟⲩⲁ"/>
		<feat xlink:href="#sSpan1941" value="ⲃⲱⲕ"/>
		<feat xlink:href="#sSpan1945" value="ⲛ"/>
		<feat xlink:href="#sSpan1949" value="ϥ"/>
		<feat xlink:href="#sSpan1952" value="ⲡⲟⲗⲓⲧⲉⲩⲉ"/>
		<feat xlink:href="#sSpan1954" value="·"/>
		<feat xlink:href="#sSpan1958" value="ⲡⲉϫⲁ"/>
		<feat xlink:href="#sSpan1964" value="ⲓ"/>
		<feat xlink:href="#sSpan1967" value="ⲇⲉ"/>
		<feat xlink:href="#sSpan1971" value="ⲛⲁ"/>
		<feat xlink:href="#sSpan1975" value="ⲩ"/>
		<feat xlink:href="#sSpan1977" value="ϫⲉ"/>
		<feat xlink:href="#sSpan1981" value="ⲉ"/>
		<feat xlink:href="#sSpan1983" value="ⲧⲉⲧⲛ"/>
		<feat xlink:href="#sSpan1987" value="ⲥⲩⲛⲁⲅⲉ"/>
		<feat xlink:href="#sSpan1989" value="ⲧⲱⲛ"/>
		<feat xlink:href="#sSpan1993" value="·"/>
		<feat xlink:href="#sSpan1997" value="ⲡⲉϫⲁ"/>
		<feat xlink:href="#sSpan2003" value="ⲩ"/>
		<feat xlink:href="#sSpan2005" value="ⲛⲁ"/>
		<feat xlink:href="#sSpan2009" value="ⲓ"/>
		<feat xlink:href="#sSpan2011" value="ϫⲉ"/>
		<feat xlink:href="#sSpan2015" value="ⲛ"/>
		<feat xlink:href="#sSpan2017" value="ⲥⲟⲟⲩϩ"/>
		<feat xlink:href="#sSpan2019" value="ⲉ"/>
		<feat xlink:href="#sSpan2023" value="ⲡⲉⲓ"/>
		<feat xlink:href="#sSpan2026" value="ⲙⲁ"/>
		<feat xlink:href="#sSpan2029" value="ⲉⲧⲃⲉ"/>
		<feat xlink:href="#sSpan2033" value="ⲡⲉⲓ"/>
		<feat xlink:href="#sSpan2036" value="ϩⲱⲃ"/>
		<feat xlink:href="#sSpan2038" value="·"/>
		<feat xlink:href="#sSpan2043" value="ⲉⲡⲉⲓⲇⲏ"/>
		<feat xlink:href="#sSpan2048" value="ⲕⲁⲧⲁ"/>
		<feat xlink:href="#sSpan2053" value="ⲥⲁⲃⲃⲁⲧⲟⲛ"/>
		<feat xlink:href="#sSpan2056" value="ϣⲁ"/>
		<feat xlink:href="#sSpan2061" value="ϥ"/>
		<feat xlink:href="#sSpan2063" value="ⲉⲓ"/>
		<feat xlink:href="#sSpan2065" value="ⲛϭⲓ"/>
		<feat xlink:href="#sSpan2069" value="ⲟⲩ"/>
		<feat xlink:href="#sSpan2073" value="ⲁⲅⲅⲉⲗⲟⲥ"/>
		<feat xlink:href="#sSpan2075" value="ⲛⲧⲉ"/>
		<feat xlink:href="#sSpan2079" value="ⲡ"/>
		<feat xlink:href="#sSpan2082" value="ⲛⲟⲩⲧⲉ"/>
		<feat xlink:href="#sSpan2084" value="ⲛ"/>
		<feat xlink:href="#sSpan2088" value="ϥ"/>
		<feat xlink:href="#sSpan2091" value="ⲥⲩⲛⲁⲅⲉ"/>
		<feat xlink:href="#sSpan2093" value="ⲙⲙⲟ"/>
		<feat xlink:href="#sSpan2098" value="ⲛ"/>
		<feat xlink:href="#sSpan2100" value="ⲙ"/>
		<feat xlink:href="#sSpan2104" value="ⲡ"/>
		<feat xlink:href="#sSpan2108" value="ⲥⲁⲃⲃⲁⲧⲟⲛ"/>
		<feat xlink:href="#sSpan2110" value="·"/>
		<feat xlink:href="#sSpan2114" value="ⲙⲛ"/>
		<feat xlink:href="#sSpan2118" value="ⲧ"/>
		<feat xlink:href="#sSpan2122" value="ⲕⲩⲣⲓⲁⲕⲏ"/>
		<feat xlink:href="#sSpan2124" value="·"/>
		<feat xlink:href="#sSpan2128" value="ⲛⲉ"/>
		<feat xlink:href="#sSpan2134" value="ⲓ"/>
		<feat xlink:href="#sSpan2136" value="ϣⲟⲟⲡ"/>
		<feat xlink:href="#sSpan2139" value="ⲇⲉ"/>
		<feat xlink:href="#sSpan2144" value="ⲛⲙⲙⲁ"/>
		<feat xlink:href="#sSpan2148" value="ⲩ"/>
		<feat xlink:href="#sSpan2150" value="ⲉ"/>
		<feat xlink:href="#sSpan2154" value="ⲓ"/>
		<feat xlink:href="#sSpan2156" value="ⲣⲁϣⲉ"/>
		<feat xlink:href="#sSpan2158" value="ⲉⲙⲁⲧⲉ"/>
		<feat xlink:href="#sSpan2162" value="·"/>
		<feat xlink:href="#sSpan2166" value="ϩⲣⲁⲓ"/>
		<feat xlink:href="#sSpan2175" value="ⲇⲉ"/>
		<feat xlink:href="#sSpan2179" value="ϩⲙ"/>
		<feat xlink:href="#sSpan2183" value="ⲡ"/>
		<feat xlink:href="#sSpan2187" value="ⲙⲉϩⲥⲁϣϥ"/>
		<feat xlink:href="#sSpan2190" value="ⲛ"/>
		<feat xlink:href="#sSpan2194" value="ϩⲟⲟⲩ"/>
		<feat xlink:href="#sSpan2196" value="ϥ"/>
		<feat xlink:href="#sSpan2200" value="ⲛⲏⲩ"/>
		<feat xlink:href="#sSpan2202" value="ⲛϭⲓ"/>
		<feat xlink:href="#sSpan2206" value="ⲟⲩ"/>
		<feat xlink:href="#sSpan2210" value="ⲁⲅⲅⲉⲗⲟⲥ"/>
		<feat xlink:href="#sSpan2213" value="ⲛⲧⲉ"/>
		<feat xlink:href="#sSpan2217" value="ⲡ"/>
		<feat xlink:href="#sSpan2220" value="ϫⲟⲉⲓⲥ"/>
		<feat xlink:href="#sSpan2222" value="·"/>
		<feat xlink:href="#sSpan2226" value="ⲛ"/>
		<feat xlink:href="#sSpan2230" value="ϥ"/>
		<feat xlink:href="#sSpan2233" value="ⲥⲩⲛⲁⲅⲉ"/>
		<feat xlink:href="#sSpan2235" value="ⲙⲙⲟ"/>
		<feat xlink:href="#sSpan2239" value="ⲛ"/>
		<feat xlink:href="#sSpan2241" value="ⲛⲙⲙⲁ"/>
		<feat xlink:href="#sSpan2245" value="ⲕ"/>
		<feat xlink:href="#sSpan2247" value="ϩⲓ"/>
		<feat xlink:href="#sSpan2251" value="ⲟⲩ"/>
		<feat xlink:href="#sSpan2253" value="ⲥⲟⲡ"/>
		<feat xlink:href="#sSpan2255" value="·"/>
		<feat xlink:href="#sSpan2259" value="ⲡ"/>
		<feat xlink:href="#sSpan2267" value="ⲣⲱⲙⲉ"/>
		<feat xlink:href="#sSpan2270" value="ⲇⲉ"/>
		<feat xlink:href="#sSpan2274" value="ⲉⲧ"/>
		<feat xlink:href="#sSpan2278" value="ⲛⲁ"/>
		<feat xlink:href="#sSpan2281" value="ⲥⲩⲛⲁⲅⲉ"/>
		<feat xlink:href="#sSpan2283" value="ⲉⲃⲟⲗ"/>
		<feat xlink:href="#sSpan2288" value="ϩⲓⲧⲟⲟⲧ"/>
		<feat xlink:href="#sSpan2292" value="ϥ"/>
		<feat xlink:href="#sSpan2294" value="ⲙ"/>
		<feat xlink:href="#sSpan2298" value="ⲡ"/>
		<feat xlink:href="#sSpan2302" value="ⲁⲅⲅⲉⲗⲟⲥ"/>
		<feat xlink:href="#sSpan2305" value="ⲉⲧ"/>
		<feat xlink:href="#sSpan2309" value="ⲙⲙⲁⲩ"/>
		<feat xlink:href="#sSpan2311" value="ϥ"/>
		<feat xlink:href="#sSpan2315" value="ⲛⲁ"/>
		<feat xlink:href="#sSpan2317" value="ⲧⲃⲃⲟ"/>
		<feat xlink:href="#sSpan2319" value="ⲉⲃⲟⲗ"/>
		<feat xlink:href="#sSpan2324" value="ϩⲛ"/>
		<feat xlink:href="#sSpan2329" value="ⲛⲟⲃⲉ"/>
		<feat xlink:href="#sSpan2332" value="ⲛⲓⲙ"/>
		<feat xlink:href="#sSpan2336" value="·"/>
		<feat xlink:href="#sSpan2340" value="ⲁⲩⲱ"/>
		<feat xlink:href="#sSpan2345" value="ⲙⲛ"/>
		<feat xlink:href="#sSpan2349" value="ⲗⲁⲁⲩ"/>
		<feat xlink:href="#sSpan2352" value="ⲛ"/>
		<feat xlink:href="#sSpan2356" value="ⲁⲛϯⲅⲏⲙⲉⲛⲟⲥ"/>
		<feat xlink:href="#sSpan2358" value="ⲛⲁ"/>
		<feat xlink:href="#sSpan2362" value="ⲉϣ"/>
		<feat xlink:href="#sSpan2364" value="ϭⲙϭⲟⲙ"/>
		<feat xlink:href="#sSpan2366" value="ⲉⲣⲟ"/>
		<feat xlink:href="#sSpan2371" value="ϥ"/>
		<feat xlink:href="#sSpan2373" value="·"/>
		<feat xlink:href="#sSpan2377" value="ⲛ"/>
		<feat xlink:href="#sSpan2384" value="ϩⲟⲥⲟⲛ"/>
		<feat xlink:href="#sSpan2387" value="ⲇⲉ"/>
		<feat xlink:href="#sSpan2391" value="ⲛ"/>
		<feat xlink:href="#sSpan2396" value="ϣⲁϫⲉ"/>
		<feat xlink:href="#sSpan2398" value="ⲙⲛ"/>
		<feat xlink:href="#sSpan2402" value="ⲛⲉⲛ"/>
		<feat xlink:href="#sSpan2404" value="ⲉⲣⲏⲩ"/>
		<feat xlink:href="#sSpan2406" value="ⲁ"/>
		<feat xlink:href="#sSpan2410" value="ⲓ"/>
		<feat xlink:href="#sSpan2412" value="ϣⲱⲗⲙ"/>
		<feat xlink:href="#sSpan2414" value="ⲉ"/>
		<feat xlink:href="#sSpan2419" value="ⲩ"/>
		<feat xlink:href="#sSpan2421" value="ⲥϯⲛⲟⲩϥⲉ"/>
		<feat xlink:href="#sSpan2423" value="ⲛⲟϭ"/>
		<feat xlink:href="#sSpan2427" value="ⲙⲡ"/>
		<feat xlink:href="#sSpan2431" value="ⲓ"/>
		<feat xlink:href="#sSpan2433" value="ϣⲱⲗⲙ"/>
		<feat xlink:href="#sSpan2435" value="ⲛ"/>
		<feat xlink:href="#sSpan2439" value="ⲧⲉϥ"/>
		<feat xlink:href="#sSpan2441" value="ϩⲉ"/>
		<feat xlink:href="#sSpan2443" value="·"/>
		<feat xlink:href="#sSpan2447" value="ⲉⲛⲉϩ"/>
		<feat xlink:href="#sSpan2451" value="·"/>
		<feat xlink:href="#sSpan2455" value="ⲛ"/>
		<feat xlink:href="#sSpan2461" value="ⲧⲉ"/>
		<feat xlink:href="#sSpan2464" value="ⲩⲛⲟⲩ"/>
		<feat xlink:href="#sSpan2466" value="ⲛⲧ"/>
		<feat xlink:href="#sSpan2470" value="ⲁ"/>
		<feat xlink:href="#sSpan2472" value="ⲡⲉ"/>
		<feat xlink:href="#sSpan2475" value="ⲥϯⲛⲟⲩϥⲉ"/>
		<feat xlink:href="#sSpan2477" value="ⲧⲁϩⲟ"/>
		<feat xlink:href="#sSpan2481" value="ⲛ"/>
		<feat xlink:href="#sSpan2483" value="·"/>
		<feat xlink:href="#sSpan2487" value="ⲁ"/>
		<feat xlink:href="#sSpan2491" value="ⲛ"/>
		<feat xlink:href="#sSpan2493" value="ⲧⲱⲟⲩⲛ"/>
		<feat xlink:href="#sSpan2495" value="ⲁ"/>
		<feat xlink:href="#sSpan2499" value="ⲛ"/>
		<feat xlink:href="#sSpan2501" value="ⲁϩⲉ"/>
		<feat xlink:href="#sSpan2504" value="ⲣⲁⲧ"/>
		<feat xlink:href="#sSpan2506" value="ⲛ"/>
		<feat xlink:href="#sSpan2508" value="ⲁ"/>
		<feat xlink:href="#sSpan2512" value="ⲛ"/>
		<feat xlink:href="#sSpan2514" value="ⲥⲙⲟⲩ"/>
		<feat xlink:href="#sSpan2516" value="ⲉ"/>
		<feat xlink:href="#sSpan2520" value="ⲡ"/>
		<feat xlink:href="#sSpan2523" value="ⲛⲟⲩⲧⲉ"/>
		<feat xlink:href="#sSpan2525" value="·"/>
		<feat xlink:href="#sSpan2529" value="ⲙⲛⲛⲥⲱ"/>
		<feat xlink:href="#sSpan2535" value="ⲥ"/>
		<feat xlink:href="#sSpan2537" value="ⲁ"/>
		<feat xlink:href="#sSpan2541" value="ϥ"/>
		<feat xlink:href="#sSpan2543" value="ⲉⲓ"/>
		<feat xlink:href="#sSpan2545" value="ⲛϭⲓ"/>
		<feat xlink:href="#sSpan2550" value="ⲟⲩ"/>
		<feat xlink:href="#sSpan2554" value="ⲁⲅⲅⲉⲗⲟⲥ"/>
		<feat xlink:href="#sSpan2556" value="·"/>
		<feat xlink:href="#sSpan2560" value="ⲁ"/>
		<feat xlink:href="#sSpan2566" value="ϥ"/>
		<feat xlink:href="#sSpan2569" value="ⲥⲩⲛⲁⲅⲉ"/>
		<feat xlink:href="#sSpan2571" value="ⲙⲙⲟ"/>
		<feat xlink:href="#sSpan2575" value="ⲛ"/>
		<feat xlink:href="#sSpan2577" value="ⲙⲛ"/>
		<feat xlink:href="#sSpan2581" value="ⲛⲉⲛ"/>
		<feat xlink:href="#sSpan2583" value="ⲉⲣⲏⲩ"/>
		<feat xlink:href="#sSpan2586" value="·"/>
		<feat xlink:href="#sSpan2590" value="ϩⲙ"/>
		<feat xlink:href="#sSpan2594" value="ⲡ"/>
		<feat xlink:href="#sSpan2598" value="ⲥⲱⲙⲁ"/>
		<feat xlink:href="#sSpan2600" value="ⲙⲛ"/>
		<feat xlink:href="#sSpan2604" value="ⲡⲉ"/>
		<feat xlink:href="#sSpan2607" value="ⲥⲛⲟϥ"/>
		<feat xlink:href="#sSpan2609" value="ⲙ"/>
		<feat xlink:href="#sSpan2613" value="ⲡ"/>
		<feat xlink:href="#sSpan2616" value="ϫⲟⲉⲓⲥ"/>
		<feat xlink:href="#sSpan2618" value="·"/>
		<feat xlink:href="#sSpan2622" value="ⲁⲛⲟⲕ"/>
		<feat xlink:href="#sSpan2629" value="ⲇⲉ"/>
		<feat xlink:href="#sSpan2633" value="ⲁ"/>
		<feat xlink:href="#sSpan2638" value="ⲓ"/>
		<feat xlink:href="#sSpan2641" value="ⲣⲧϩⲉ"/>
		<feat xlink:href="#sSpan2645" value="ⲛ"/>
		<feat xlink:href="#sSpan2649" value="ⲛ"/>
		<feat xlink:href="#sSpan2652" value="ⲉⲧ"/>
		<feat xlink:href="#sSpan2654" value="ϩⲓⲛⲏⲃ"/>
		<feat xlink:href="#sSpan2656" value="ⲉⲧⲃⲉ"/>
		<feat xlink:href="#sSpan2660" value="ⲧ"/>
		<feat xlink:href="#sSpan2663" value="ϩⲟⲧⲉ"/>
		<feat xlink:href="#sSpan2665" value="ⲛⲧ"/>
		<feat xlink:href="#sSpan2669" value="ⲁ"/>
		<feat xlink:href="#sSpan2671" value="ⲓ"/>
		<feat xlink:href="#sSpan2673" value="ⲛⲁⲩ"/>
		<feat xlink:href="#sSpan2675" value="ⲉⲣⲟ"/>
		<feat xlink:href="#sSpan2679" value="ⲥ"/>
		<feat xlink:href="#sSpan2681" value="·"/>
		<feat xlink:href="#sSpan2685" value="ⲁ"/>
		<feat xlink:href="#sSpan2692" value="ϥ"/>
		<feat xlink:href="#sSpan2694" value="ⲥⲙⲟⲩ"/>
		<feat xlink:href="#sSpan2697" value="ⲇⲉ"/>
		<feat xlink:href="#sSpan2701" value="ⲉⲣⲟ"/>
		<feat xlink:href="#sSpan2705" value="ⲛ"/>
		<feat xlink:href="#sSpan2707" value="ⲁ"/>
		<feat xlink:href="#sSpan2713" value="ϥ"/>
		<feat xlink:href="#sSpan2715" value="ⲃⲱⲕ"/>
		<feat xlink:href="#sSpan2718" value="ⲉϩⲣⲁⲓ"/>
		<feat xlink:href="#sSpan2722" value="ⲙ"/>
		<feat xlink:href="#sSpan2726" value="ⲡⲏⲩⲉ"/>
		<feat xlink:href="#sSpan2729" value="ⲉ"/>
		<feat xlink:href="#sSpan2733" value="ⲛ"/>
		<feat xlink:href="#sSpan2735" value="ϭⲱϣⲧ"/>
		<feat xlink:href="#sSpan2737" value="ⲛⲥⲱ"/>
		<feat xlink:href="#sSpan2742" value="ϥ"/>
		<feat xlink:href="#sSpan2744" value="ϩⲛ"/>
		<feat xlink:href="#sSpan2748" value="ⲛⲉⲛ"/>
		<feat xlink:href="#sSpan2751" value="ⲃⲁⲗ"/>
		<feat xlink:href="#sSpan2753" value="·"/>
		<feat xlink:href="#sSpan2757" value="ⲛⲧⲉⲣ"/>
		<feat xlink:href="#sSpan2763" value="ϥ"/>
		<feat xlink:href="#sSpan2765" value="ⲃⲱⲕ"/>
		<feat xlink:href="#sSpan2768" value="ⲇⲉ"/>
		<feat xlink:href="#sSpan2772" value="ⲁ"/>
		<feat xlink:href="#sSpan2776" value="ⲩ"/>
		<feat xlink:href="#sSpan2779" value="ⲛⲏⲫⲉ"/>
		<feat xlink:href="#sSpan2781" value="ⲙⲙⲟ"/>
		<feat xlink:href="#sSpan2786" value="ⲓ"/>
		<feat xlink:href="#sSpan2788" value="ⲡⲉϫⲁ"/>
		<feat xlink:href="#sSpan2794" value="ⲩ"/>
		<feat xlink:href="#sSpan2796" value="ⲛⲁ"/>
		<feat xlink:href="#sSpan2800" value="ⲓ"/>
		<feat xlink:href="#sSpan2802" value="ϫⲉ"/>
		<feat xlink:href="#sSpan2806" value="ⲧⲁϫⲣⲟ"/>
		<feat xlink:href="#sSpan2808" value="ⲛ"/>
		<feat xlink:href="#sSpan2812" value="ⲅ"/>
		<feat xlink:href="#sSpan2814" value="ϭⲙϭⲟⲙ"/>
		<feat xlink:href="#sSpan2816" value="ⲛ"/>
		<feat xlink:href="#sSpan2820" value="ⲅ"/>
		<feat xlink:href="#sSpan2822" value="ϣⲱⲡⲉ"/>
		<feat xlink:href="#sSpan2824" value="ⲛ"/>
		<feat xlink:href="#sSpan2829" value="ⲟⲩ"/>
		<feat xlink:href="#sSpan2832" value="ⲣⲱⲙⲉ"/>
		<feat xlink:href="#sSpan2834" value="ⲛ"/>
		<feat xlink:href="#sSpan2838" value="ϫⲱⲱⲣⲉ"/>
		<feat xlink:href="#sSpan2840" value="·"/>
		<feat xlink:href="#sSpan2844" value="ⲛ"/>
		<feat xlink:href="#sSpan2850" value="ⲧⲉ"/>
		<feat xlink:href="#sSpan2852" value="ⲩⲛⲟⲩ"/>
		<feat xlink:href="#sSpan2854" value="ⲁ"/>
		<feat xlink:href="#sSpan2858" value="ⲓ"/>
		<feat xlink:href="#sSpan2861" value="ⲛⲏⲫⲉ"/>
		<feat xlink:href="#sSpan2863" value="ⲛ"/>
		<feat xlink:href="#sSpan2867" value="ⲧ"/>
		<feat xlink:href="#sSpan2869" value="ϩⲉ"/>
		<feat xlink:href="#sSpan2871" value="ⲛ"/>
		<feat xlink:href="#sSpan2875" value="ⲛ"/>
		<feat xlink:href="#sSpan2879" value="ⲉⲧ"/>
		<feat xlink:href="#sSpan2881" value="ϩⲁ"/>
		<feat xlink:href="#sSpan2883" value="ⲡ"/>
		<feat xlink:href="#sSpan2886" value="ⲏⲣⲡ"/>
		<feat xlink:href="#sSpan2888" value="·"/>
		<feat xlink:href="#sSpan2892" value="ⲁⲩⲱ"/>
		<feat xlink:href="#sSpan2898" value="ⲁ"/>
		<feat xlink:href="#sSpan2902" value="ⲛ"/>
		<feat xlink:href="#sSpan2904" value="ⲣ"/>
		<feat xlink:href="#sSpan2906" value="ⲧⲉ"/>
		<feat xlink:href="#sSpan2909" value="ⲩϣⲏ"/>
		<feat xlink:href="#sSpan2911" value="ⲧⲏⲣ"/>
		<feat xlink:href="#sSpan2915" value="ⲥ"/>
		<feat xlink:href="#sSpan2917" value="ⲛ"/>
		<feat xlink:href="#sSpan2921" value="ⲧ"/>
		<feat xlink:href="#sSpan2925" value="ⲕⲩⲣⲓⲁⲕⲏ"/>
		<feat xlink:href="#sSpan2929" value="·"/>
		<feat xlink:href="#sSpan2933" value="ⲛ"/>
		<feat xlink:href="#sSpan2937" value="ⲁϩⲉ"/>
		<feat xlink:href="#sSpan2939" value="ⲣⲁⲧ"/>
		<feat xlink:href="#sSpan2941" value="ⲛ"/>
		<feat xlink:href="#sSpan2943" value="ⲛ"/>
		<feat xlink:href="#sSpan2948" value="ϣⲗⲏⲗ"/>
		<feat xlink:href="#sSpan2950" value="ϣⲁ"/>
		<feat xlink:href="#sSpan2954" value="ϩⲧⲟⲟⲩⲉ"/>
		<feat xlink:href="#sSpan2957" value="·"/>
		<feat xlink:href="#sSpan2961" value="ⲛⲧⲉⲣⲉ"/>
		<feat xlink:href="#sSpan2967" value="ⲡ"/>
		<feat xlink:href="#sSpan2971" value="ⲟⲩⲟⲉⲓⲛ"/>
		<feat xlink:href="#sSpan2974" value="ⲇⲉ"/>
		<feat xlink:href="#sSpan2978" value="ⲉⲓ"/>
		<feat xlink:href="#sSpan2983" value="ⲉϩⲣⲁⲓ"/>
		<feat xlink:href="#sSpan2987" value="ⲛ"/>
		<feat xlink:href="#sSpan2991" value="ϣⲱⲣⲡ"/>
		<feat xlink:href="#sSpan2994" value="ⲛ"/>
		<feat xlink:href="#sSpan2998" value="ⲧ"/>
		<feat xlink:href="#sSpan3002" value="ⲕⲩⲣⲓⲁⲕⲏ"/>
		<feat xlink:href="#sSpan3004" value="·"/>
		<feat xlink:href="#sSpan3008" value="ⲉⲓⲥ"/>
		<feat xlink:href="#sSpan3013" value="ϩⲏⲏⲧⲉ"/>
		<feat xlink:href="#sSpan3017" value="ⲟⲛ"/>
		<feat xlink:href="#sSpan3021" value="ⲉⲓⲥ"/>
		<feat xlink:href="#sSpan3025" value="ⲡⲉ"/>
		<feat xlink:href="#sSpan3028" value="ⲥϯⲛⲟⲩϥⲉ"/>
		<feat xlink:href="#sSpan3030" value="ⲉⲧ"/>
		<feat xlink:href="#sSpan3034" value="ⲛⲟⲧⲙ"/>
		<feat xlink:href="#sSpan3036" value="ⲁ"/>
		<feat xlink:href="#sSpan3040" value="ⲛ"/>
		<feat xlink:href="#sSpan3042" value="ϣⲱⲗⲙ"/>
		<feat xlink:href="#sSpan3044" value="ⲙⲙⲟ"/>
		<feat xlink:href="#sSpan3049" value="ϥ"/>
		<feat xlink:href="#sSpan3051" value="·"/>
		<feat xlink:href="#sSpan3055" value="ⲁ"/>
		<feat xlink:href="#sSpan3061" value="ⲛ"/>
		<feat xlink:href="#sSpan3064" value="ϩⲏⲇⲟⲛⲉ"/>
		<feat xlink:href="#sSpan3066" value="ⲛⲥⲱ"/>
		<feat xlink:href="#sSpan3070" value="ϥ"/>
		<feat xlink:href="#sSpan3072" value="ⲁⲩⲱ"/>
		<feat xlink:href="#sSpan3076" value="ⲁ"/>
		<feat xlink:href="#sSpan3081" value="ⲉⲩⲫⲣⲁⲛⲉ"/>
		<feat xlink:href="#sSpan3083" value="ⲛ"/>
		<feat xlink:href="#sSpan3087" value="ⲧ"/>
		<feat xlink:href="#sSpan3089" value="ϩⲉ"/>
		<feat xlink:href="#sSpan3091" value="ⲛ"/>
		<feat xlink:href="#sSpan3096" value="ⲛ"/>
		<feat xlink:href="#sSpan3099" value="ⲉⲧ"/>
		<feat xlink:href="#sSpan3101" value="ϩⲙ"/>
		<feat xlink:href="#sSpan3103" value="ⲡ"/>
		<feat xlink:href="#sSpan3106" value="ⲕⲉ"/>
		<feat xlink:href="#sSpan3109" value="ⲁⲓⲱⲛ"/>
		<feat xlink:href="#sSpan3111" value="·"/>
		<feat xlink:href="#sSpan3115" value="ⲙⲛⲛⲥⲱ"/>
		<feat xlink:href="#sSpan3123" value="ⲥ"/>
		<feat xlink:href="#sSpan3125" value="ⲁ"/>
		<feat xlink:href="#sSpan3129" value="ϥ"/>
		<feat xlink:href="#sSpan3131" value="ⲉⲓ"/>
		<feat xlink:href="#sSpan3133" value="ⲛϭⲓ"/>
		<feat xlink:href="#sSpan3137" value="ⲡ"/>
		<feat xlink:href="#sSpan3141" value="ⲁⲅⲅⲉⲗⲟⲥ"/>
		<feat xlink:href="#sSpan3143" value="ⲁ"/>
		<feat xlink:href="#sSpan3149" value="ϥ"/>
		<feat xlink:href="#sSpan3152" value="ⲥⲩⲛⲁⲅⲉ"/>
		<feat xlink:href="#sSpan3154" value="ⲙⲙⲟ"/>
		<feat xlink:href="#sSpan3158" value="ⲛ"/>
		<feat xlink:href="#sSpan3160" value="ⲁⲩⲱ"/>
		<feat xlink:href="#sSpan3165" value="ⲁ"/>
		<feat xlink:href="#sSpan3169" value="ϥ"/>
		<feat xlink:href="#sSpan3171" value="ⲥⲙⲟⲩ"/>
		<feat xlink:href="#sSpan3173" value="ⲉ"/>
		<feat xlink:href="#sSpan3177" value="ⲡ"/>
		<feat xlink:href="#sSpan3180" value="ⲟⲩⲁ"/>
		<feat xlink:href="#sSpan3182" value="ⲡ"/>
		<feat xlink:href="#sSpan3186" value="ⲟⲩⲁ"/>
		<feat xlink:href="#sSpan3188" value="ⲙⲙⲟ"/>
		<feat xlink:href="#sSpan3192" value="ⲛ"/>
		<feat xlink:href="#sSpan3194" value="ⲉ"/>
		<feat xlink:href="#sSpan3198" value="ϥ"/>
		<feat xlink:href="#sSpan3200" value="ϫⲱ"/>
		<feat xlink:href="#sSpan3202" value="ⲙⲙⲟ"/>
		<feat xlink:href="#sSpan3206" value="ⲥ"/>
		<feat xlink:href="#sSpan3208" value="ϫⲉ"/>
		<feat xlink:href="#sSpan3213" value="ⲉϥⲉ"/>
		<feat xlink:href="#sSpan3215" value="ϣⲱⲡⲉ"/>
		<feat xlink:href="#sSpan3217" value="ⲛⲁ"/>
		<feat xlink:href="#sSpan3221" value="ⲕ"/>
		<feat xlink:href="#sSpan3223" value="ⲛ"/>
		<feat xlink:href="#sSpan3227" value="ⲟⲩ"/>
		<feat xlink:href="#sSpan3230" value="ⲱⲛϩ"/>
		<feat xlink:href="#sSpan3232" value="ϣⲁ"/>
		<feat xlink:href="#sSpan3236" value="ⲉⲛⲉϩ"/>
		<feat xlink:href="#sSpan3239" value="·"/>
		<feat xlink:href="#sSpan3243" value="ⲙⲛ"/>
		<feat xlink:href="#sSpan3247" value="ⲟⲩ"/>
		<feat xlink:href="#sSpan3250" value="ⲡⲣⲟⲫⲏϯⲁ"/>
		<feat xlink:href="#sSpan3253" value="ⲛ"/>
		<feat xlink:href="#sSpan3258" value="ⲁⲧⲧⲁⲕⲟ"/>
		<feat xlink:href="#sSpan3261" value="·"/>
		<feat xlink:href="#sSpan3265" value="ⲁⲛⲟⲛ"/>
		<feat xlink:href="#sSpan3272" value="ⲇⲉ"/>
		<feat xlink:href="#sSpan3276" value="ⲧⲏⲣ"/>
		<feat xlink:href="#sSpan3280" value="ⲛ"/>
		<feat xlink:href="#sSpan3282" value="ϩⲓ"/>
		<feat xlink:href="#sSpan3286" value="ⲟⲩ"/>
		<feat xlink:href="#sSpan3288" value="ⲥⲟⲡ"/>
		<feat xlink:href="#sSpan3290" value="·"/>
		<feat xlink:href="#sSpan3294" value="ⲉⲃⲟⲗ"/>
		<feat xlink:href="#sSpan3300" value="ϩⲛ"/>
		<feat xlink:href="#sSpan3304" value="ⲟⲩ"/>
		<feat xlink:href="#sSpan3307" value="ⲧⲁⲡⲣⲟ"/>
		<feat xlink:href="#sSpan3309" value="ⲛ"/>
		<feat xlink:href="#sSpan3313" value="ⲟⲩⲱⲧ"/>
		<feat xlink:href="#sSpan3315" value="·"/>
		<feat xlink:href="#sSpan3319" value="ⲁ"/>
		<feat xlink:href="#sSpan3323" value="ⲛ"/>
		<feat xlink:href="#sSpan3325" value="ⲟⲩⲱϣⲃ"/>
		<feat xlink:href="#sSpan3327" value="ϫⲉ"/>
		<feat xlink:href="#sSpan3332" value="ϩⲁⲙⲏⲛ"/>
		<feat xlink:href="#sSpan3335" value="·"/>
		<feat xlink:href="#sSpan3339" value="ⲉϥⲉ"/>
		<feat xlink:href="#sSpan3343" value="ϣⲱⲡⲉ"/>
		<feat xlink:href="#sSpan3345" value="·"/>
		<feat xlink:href="#sSpan3349" value="ⲙⲛⲛⲥⲱ"/>
		<feat xlink:href="#sSpan3355" value="ⲥ"/>
		<feat xlink:href="#sSpan3357" value="ⲁ"/>
		<feat xlink:href="#sSpan3362" value="ϥ"/>
		<feat xlink:href="#sSpan3364" value="ⲕⲟⲧ"/>
		<feat xlink:href="#sSpan3366" value="ϥ"/>
		<feat xlink:href="#sSpan3368" value="ⲉⲣⲟ"/>
		<feat xlink:href="#sSpan3372" value="ⲓ"/>
		<feat xlink:href="#sSpan3374" value="ⲛϭⲓ"/>
		<feat xlink:href="#sSpan3378" value="ⲡ"/>
		<feat xlink:href="#sSpan3383" value="ⲁⲅⲅⲉⲗⲟⲥ"/>
		<feat xlink:href="#sSpan3385" value="ⲡⲉϫⲁ"/>
		<feat xlink:href="#sSpan3391" value="ϥ"/>
		<feat xlink:href="#sSpan3393" value="ⲛⲁ"/>
		<feat xlink:href="#sSpan3397" value="ⲓ"/>
		<feat xlink:href="#sSpan3399" value="ϫⲉ"/>
		<feat xlink:href="#sSpan3403" value="ⲧⲱⲟⲩⲛ"/>
		<feat xlink:href="#sSpan3405" value="ⲛ"/>
		<feat xlink:href="#sSpan3409" value="ⲅ"/>
		<feat xlink:href="#sSpan3412" value="ⲧⲱⲟⲩⲛ"/>
		<feat xlink:href="#sSpan3414" value="·"/>
		<feat xlink:href="#sSpan3418" value="ⲉ"/>
		<feat xlink:href="#sSpan3423" value="ⲕⲏⲙⲉ"/>
		<feat xlink:href="#sSpan3426" value="·"/>
		<feat xlink:href="#sSpan3430" value="ⲛ"/>
		<feat xlink:href="#sSpan3434" value="ⲅ"/>
		<feat xlink:href="#sSpan3436" value="ϫⲱ"/>
		<feat xlink:href="#sSpan3438" value="ⲛ"/>
		<feat xlink:href="#sSpan3442" value="ⲛ"/>
		<feat xlink:href="#sSpan3445" value="ⲉⲛⲧ"/>
		<feat xlink:href="#sSpan3447" value="ⲁ"/>
		<feat xlink:href="#sSpan3449" value="ⲕ"/>
		<feat xlink:href="#sSpan3451" value="ⲛⲁⲩ"/>
		<feat xlink:href="#sSpan3453" value="ⲉⲣⲟ"/>
		<feat xlink:href="#sSpan3457" value="ⲟⲩ"/>
		<feat xlink:href="#sSpan3459" value="ⲉ"/>
		<feat xlink:href="#sSpan3463" value="ⲛⲉ"/>
		<feat xlink:href="#sSpan3466" value="ⲥⲛⲏⲩ"/>
		<feat xlink:href="#sSpan3469" value="·"/>
		<feat xlink:href="#sSpan3473" value="ⲙ"/>
		<feat xlink:href="#sSpan3478" value="ⲙⲁⲓⲛⲟⲩⲧⲉ"/>
		<feat xlink:href="#sSpan3482" value="·"/>
		<feat xlink:href="#sSpan3486" value="ϫⲉⲕⲁⲥ"/>
		<feat xlink:href="#sSpan3490" value="ⲉ"/>
		<feat xlink:href="#sSpan3494" value="ⲩ"/>
		<feat xlink:href="#sSpan3496" value="ⲛⲁ"/>
		<feat xlink:href="#sSpan3498" value="ⲕⲱϩ"/>
		<feat xlink:href="#sSpan3500" value="ⲛ"/>
		<feat xlink:href="#sSpan3504" value="ⲙ"/>
		<feat xlink:href="#sSpan3508" value="ⲡⲟⲗⲓⲧⲉⲓⲁ"/>
		<feat xlink:href="#sSpan3511" value="ⲛ"/>
		<feat xlink:href="#sSpan3515" value="ⲛ"/>
		<feat xlink:href="#sSpan3518" value="ⲉⲧ"/>
		<feat xlink:href="#sSpan3520" value="ⲟⲩⲁⲁⲃ"/>
		<feat xlink:href="#sSpan3522" value="·"/>
		<feat xlink:href="#sSpan3526" value="ⲁ"/>
		<feat xlink:href="#sSpan3532" value="ⲓ"/>
		<feat xlink:href="#sSpan3535" value="ⲡⲁⲣⲁⲕⲁⲗⲉⲓ"/>
		<feat xlink:href="#sSpan3537" value="ⲙⲙⲟ"/>
		<feat xlink:href="#sSpan3541" value="ϥ"/>
		<feat xlink:href="#sSpan3543" value="ⲉ"/>
		<feat xlink:href="#sSpan3547" value="ⲧⲣⲉ"/>
		<feat xlink:href="#sSpan3550" value="ϥ"/>
		<feat xlink:href="#sSpan3552" value="ⲕⲁⲁ"/>
		<feat xlink:href="#sSpan3554" value="ⲧ"/>
		<feat xlink:href="#sSpan3556" value="ϩⲁϩⲧⲏ"/>
		<feat xlink:href="#sSpan3561" value="ⲩ"/>
		<feat xlink:href="#sSpan3563" value="·"/>
		<feat xlink:href="#sSpan3567" value="ⲡⲉϫⲁ"/>
		<feat xlink:href="#sSpan3573" value="ϥ"/>
		<feat xlink:href="#sSpan3575" value="ⲛⲁ"/>
		<feat xlink:href="#sSpan3579" value="ⲓ"/>
		<feat xlink:href="#sSpan3581" value="ϫⲉ"/>
		<feat xlink:href="#sSpan3585" value="ⲛⲧ"/>
		<feat xlink:href="#sSpan3587" value="ⲁ"/>
		<feat xlink:href="#sSpan3589" value="ⲡ"/>
		<feat xlink:href="#sSpan3592" value="ϫⲟⲉⲓⲥ"/>
		<feat xlink:href="#sSpan3594" value="ⲧⲉϣ"/>
		<feat xlink:href="#sSpan3599" value="ⲡ"/>
		<feat xlink:href="#sSpan3604" value="ϩⲱⲃ"/>
		<feat xlink:href="#sSpan3606" value="ⲛⲁ"/>
		<feat xlink:href="#sSpan3610" value="ⲛ"/>
		<feat xlink:href="#sSpan3613" value="ⲁⲛ"/>
		<feat xlink:href="#sSpan3617" value="·"/>
		<feat xlink:href="#sSpan3621" value="ⲉ"/>
		<feat xlink:href="#sSpan3625" value="ⲧⲣⲉ"/>
		<feat xlink:href="#sSpan3627" value="ⲛ"/>
		<feat xlink:href="#sSpan3630" value="ⲣϩⲱⲃ"/>
		<feat xlink:href="#sSpan3633" value="ⲉ"/>
		<feat xlink:href="#sSpan3637" value="ⲩ"/>
		<feat xlink:href="#sSpan3639" value="ⲧⲱⲧ"/>
		<feat xlink:href="#sSpan3641" value="ⲛ"/>
		<feat xlink:href="#sSpan3645" value="ϩⲏⲧ"/>
		<feat xlink:href="#sSpan3648" value="·"/>
		<feat xlink:href="#sSpan3653" value="ⲁⲗⲗⲁ"/>
		<feat xlink:href="#sSpan3658" value="ⲉⲣⲉ"/>
		<feat xlink:href="#sSpan3662" value="ⲡ"/>
		<feat xlink:href="#sSpan3665" value="ⲛⲟⲩⲧⲉ"/>
		<feat xlink:href="#sSpan3667" value="ϯ"/>
		<feat xlink:href="#sSpan3671" value="ⲙ"/>
		<feat xlink:href="#sSpan3675" value="ⲡ"/>
		<feat xlink:href="#sSpan3678" value="ⲟⲩⲁ"/>
		<feat xlink:href="#sSpan3680" value="ⲡ"/>
		<feat xlink:href="#sSpan3684" value="ⲟⲩⲁ"/>
		<feat xlink:href="#sSpan3687" value="ⲕⲁⲧⲁ"/>
		<feat xlink:href="#sSpan3691" value="ⲧ"/>
		<feat xlink:href="#sSpan3693" value="ϩⲉ"/>
		<feat xlink:href="#sSpan3695" value="ⲉⲧ"/>
		<feat xlink:href="#sSpan3699" value="ϥ"/>
		<feat xlink:href="#sSpan3702" value="ⲛⲁ"/>
		<feat xlink:href="#sSpan3704" value="ϣ"/>
		<feat xlink:href="#sSpan3706" value="ϥⲓ"/>
		<feat xlink:href="#sSpan3708" value="·"/>
		<feat xlink:href="#sSpan3712" value="ⲧⲉⲛⲟⲩ"/>
		<feat xlink:href="#sSpan3720" value="ϭⲉ"/>
		<feat xlink:href="#sSpan3724" value="ⲧⲱⲟⲩⲛ"/>
		<feat xlink:href="#sSpan3728" value="ⲛ"/>
		<feat xlink:href="#sSpan3732" value="ⲅ"/>
		<feat xlink:href="#sSpan3734" value="ⲃⲱⲕ"/>
		<feat xlink:href="#sSpan3736" value="ϫⲉ"/>
		<feat xlink:href="#sSpan3740" value="ⲧⲁⲓ"/>
		<feat xlink:href="#sSpan3743" value="ⲧⲉ"/>
		<feat xlink:href="#sSpan3747" value="ⲧ"/>
		<feat xlink:href="#sSpan3752" value="ϩⲉ"/>
		<feat xlink:href="#sSpan3754" value="ⲛⲧ"/>
		<feat xlink:href="#sSpan3758" value="ⲁ"/>
		<feat xlink:href="#sSpan3760" value="ϥ"/>
		<feat xlink:href="#sSpan3762" value="ⲧⲟϣ"/>
		<feat xlink:href="#sSpan3764" value="ⲥ"/>
		<feat xlink:href="#sSpan3766" value="ⲛⲁ"/>
		<feat xlink:href="#sSpan3771" value="ⲕ"/>
		<feat xlink:href="#sSpan3773" value="ⲁ"/>
		<feat xlink:href="#sSpan3779" value="ϥ"/>
		<feat xlink:href="#sSpan3781" value="ⲥⲙⲟⲩ"/>
		<feat xlink:href="#sSpan3784" value="ⲇⲉ"/>
		<feat xlink:href="#sSpan3788" value="ⲉⲣⲟ"/>
		<feat xlink:href="#sSpan3792" value="ⲓ"/>
		<feat xlink:href="#sSpan3794" value="·"/>
		<feat xlink:href="#sSpan3798" value="ⲁ"/>
		<feat xlink:href="#sSpan3804" value="ϥ"/>
		<feat xlink:href="#sSpan3806" value="ⲃⲱⲕ"/>
		<feat xlink:href="#sSpan3808" value="ⲙ"/>
		<feat xlink:href="#sSpan3812" value="ⲡⲏⲩⲉ"/>
		<feat xlink:href="#sSpan3815" value="ϩⲛ"/>
		<feat xlink:href="#sSpan3819" value="ⲟⲩ"/>
		<feat xlink:href="#sSpan3823" value="ⲉⲟⲟⲩ"/>
		<feat xlink:href="#sSpan3825" value="·"/>
		<feat xlink:href="#sSpan3829" value="ⲁ"/>
		<feat xlink:href="#sSpan3835" value="ⲩ"/>
		<feat xlink:href="#sSpan3837" value="ⲉⲓⲛⲉ"/>
		<feat xlink:href="#sSpan3840" value="ⲇⲉ"/>
		<feat xlink:href="#sSpan3844" value="ⲛ"/>
		<feat xlink:href="#sSpan3848" value="ⲟⲩ"/>
		<feat xlink:href="#sSpan3851" value="ⲙⲏⲏϣⲉ"/>
		<feat xlink:href="#sSpan3854" value="ⲛ"/>
		<feat xlink:href="#sSpan3858" value="ϩⲩⲡⲱⲣⲁ"/>
		<feat xlink:href="#sSpan3860" value="ⲁ"/>
		<feat xlink:href="#sSpan3867" value="ⲛ"/>
		<feat xlink:href="#sSpan3869" value="ⲟⲩⲱⲙ"/>
		<feat xlink:href="#sSpan3871" value="ⲙⲛ"/>
		<feat xlink:href="#sSpan3875" value="ⲛⲉⲛ"/>
		<feat xlink:href="#sSpan3877" value="ⲉⲣⲏⲩ"/>
		<feat xlink:href="#sSpan3879" value="ⲁⲩⲱ"/>
		<feat xlink:href="#sSpan3885" value="ⲁ"/>
		<feat xlink:href="#sSpan3889" value="ⲓ"/>
		<feat xlink:href="#sSpan3891" value="ⲉⲓ"/>
		<feat xlink:href="#sSpan3894" value="ⲉⲃⲟⲗ"/>
		<feat xlink:href="#sSpan3898" value="ϩⲓⲧⲟⲟⲧ"/>
		<feat xlink:href="#sSpan3903" value="ⲟⲩ"/>
		<feat xlink:href="#sSpan3905" value="ⲉ"/>
		<feat xlink:href="#sSpan3909" value="ⲩ"/>
		<feat xlink:href="#sSpan3911" value="ⲑⲡⲟ"/>
		<feat xlink:href="#sSpan3913" value="ⲙⲙⲟ"/>
		<feat xlink:href="#sSpan3917" value="ⲓ"/>
		<feat xlink:href="#sSpan3919" value="ⲉⲃⲟⲗ"/>
		<feat xlink:href="#sSpan3923" value="ⲉ"/>
		<feat xlink:href="#sSpan3927" value="ⲛⲁ"/>
		<feat xlink:href="#sSpan3930" value="ⲥⲟⲟⲩ"/>
		<feat xlink:href="#sSpan3932" value="ⲙ"/>
		<feat xlink:href="#sSpan3936" value="ⲙⲏⲗⲓⲟⲛ"/>
		<feat xlink:href="#sSpan3938" value="·"/>
		<feat xlink:href="#sSpan3942" value="ⲁ"/>
		<feat xlink:href="#sSpan3949" value="ⲓ"/>
		<feat xlink:href="#sSpan3952" value="ⲡⲁⲣⲁⲕⲁⲗⲉⲓ"/>
		<feat xlink:href="#sSpan3955" value="ⲇⲉ"/>
		<feat xlink:href="#sSpan3959" value="ⲙⲙⲟ"/>
		<feat xlink:href="#sSpan3963" value="ⲟⲩ"/>
		<feat xlink:href="#sSpan3965" value="·"/>
		<feat xlink:href="#sSpan3969" value="ϫⲉ"/>
		<feat xlink:href="#sSpan3973" value="ϫⲱ"/>
		<feat xlink:href="#sSpan3975" value="ⲉⲣⲟ"/>
		<feat xlink:href="#sSpan3979" value="ⲓ"/>
		<feat xlink:href="#sSpan3981" value="ⲛ"/>
		<feat xlink:href="#sSpan3985" value="ⲛⲉⲧⲛ"/>
		<feat xlink:href="#sSpan3988" value="ⲣⲁⲛ"/>
		<feat xlink:href="#sSpan3991" value="·"/>
		<feat xlink:href="#sSpan3995" value="ⲛⲧⲟⲟⲩ"/>
		<feat xlink:href="#sSpan4002" value="ⲇⲉ"/>
		<feat xlink:href="#sSpan4006" value="ⲁ"/>
		<feat xlink:href="#sSpan4010" value="ⲩ"/>
		<feat xlink:href="#sSpan4012" value="ϫⲱ"/>
		<feat xlink:href="#sSpan4014" value="ⲉⲣⲟ"/>
		<feat xlink:href="#sSpan4018" value="ⲓ"/>
		<feat xlink:href="#sSpan4020" value="ⲛ"/>
		<feat xlink:href="#sSpan4024" value="ⲛⲉⲩ"/>
		<feat xlink:href="#sSpan4027" value="ⲣⲁⲛ"/>
		<feat xlink:href="#sSpan4029" value="ⲡ"/>
		<feat xlink:href="#sSpan4034" value="ⲟⲩⲁ"/>
		<feat xlink:href="#sSpan4036" value="ⲡ"/>
		<feat xlink:href="#sSpan4041" value="ⲟⲩⲁ"/>
		<feat xlink:href="#sSpan4043" value="·"/>
		<feat xlink:href="#sSpan4047" value="ⲡ"/>
		<feat xlink:href="#sSpan4054" value="ϣⲱⲣⲡ"/>
		<feat xlink:href="#sSpan4056" value="ⲡⲉ"/>
		<feat xlink:href="#sSpan4061" value="ⲓⲱϩⲁⲛⲛⲏⲥ"/>
		<feat xlink:href="#sSpan4066" value="·"/>
		<feat xlink:href="#sSpan4070" value="ⲡ"/>
		<feat xlink:href="#sSpan4078" value="ⲙⲉϩⲥⲛⲁⲩ"/>
		<feat xlink:href="#sSpan4081" value="ⲡⲉ"/>
		<feat xlink:href="#sSpan4086" value="ⲁⲛⲇⲣⲉⲁⲥ"/>
		<feat xlink:href="#sSpan4091" value="·"/>
		<feat xlink:href="#sSpan4095" value="ⲡ"/>
		<feat xlink:href="#sSpan4104" value="ⲙⲉϩϣⲟⲙⲛⲧ"/>
		<feat xlink:href="#sSpan4107" value="ⲡⲉ"/>
		<feat xlink:href="#sSpan4112" value="ϩⲏⲣⲁⲕⲗⲁⲙⲱⲛ"/>
		<feat xlink:href="#sSpan4117" value="·"/>
		<feat xlink:href="#sSpan4121" value="ⲡ"/>
		<feat xlink:href="#sSpan4129" value="ⲙⲉϩϥⲧⲟⲟⲩ"/>
		<feat xlink:href="#sSpan4132" value="ⲡⲉ"/>
		<feat xlink:href="#sSpan4138" value="ⲑⲉⲟⲫⲓⲗⲟⲥ"/>
		<feat xlink:href="#sSpan4143" value="·"/>
		<feat xlink:href="#sSpan4147" value="ⲛⲧⲟⲟⲩ"/>
		<feat xlink:href="#sSpan4154" value="ⲇⲉ"/>
		<feat xlink:href="#sSpan4158" value="ⲁ"/>
		<feat xlink:href="#sSpan4162" value="ⲩ"/>
		<feat xlink:href="#sSpan4164" value="ϩⲱⲛ"/>
		<feat xlink:href="#sSpan4166" value="ⲉⲧⲟⲟⲧ"/>
		<feat xlink:href="#sSpan4170" value="·"/>
		<feat xlink:href="#sSpan4174" value="ⲉ"/>
		<feat xlink:href="#sSpan4178" value="ϫⲱ"/>
		<feat xlink:href="#sSpan4180" value="ⲙ"/>
		<feat xlink:href="#sSpan4185" value="ⲡⲉⲩ"/>
		<feat xlink:href="#sSpan4188" value="ⲣⲁⲛ"/>
		<feat xlink:href="#sSpan4190" value="·"/>
		<feat xlink:href="#sSpan4194" value="ⲉ"/>
		<feat xlink:href="#sSpan4198" value="ⲛⲉ"/>
		<feat xlink:href="#sSpan4201" value="ⲥⲛⲏⲩ"/>
		<feat xlink:href="#sSpan4203" value="ⲉ"/>
		<feat xlink:href="#sSpan4207" value="ⲩ"/>
		<feat xlink:href="#sSpan4211" value="ⲣⲡⲙⲉⲉⲩⲉ"/>
		<feat xlink:href="#sSpan4215" value="ⲛⲁ"/>
		<feat xlink:href="#sSpan4219" value="ⲩ"/>
		<feat xlink:href="#sSpan4221" value="·"/>
		<feat xlink:href="#sSpan4225" value="ⲁⲛⲟⲕ"/>
		<feat xlink:href="#sSpan4232" value="ⲇⲉ"/>
		<feat xlink:href="#sSpan4237" value="ϩⲱ"/>
		<feat xlink:href="#sSpan4241" value="ⲛⲉ"/>
		<feat xlink:href="#sSpan4245" value="ⲓ"/>
		<feat xlink:href="#sSpan4247" value="ⲥⲟⲡⲥⲡ"/>
		<feat xlink:href="#sSpan4249" value="ⲙⲙⲟ"/>
		<feat xlink:href="#sSpan4253" value="ⲟⲩ"/>
		<feat xlink:href="#sSpan4255" value="·"/>
		<feat xlink:href="#sSpan4259" value="ⲉ"/>
		<feat xlink:href="#sSpan4263" value="ⲧⲣⲉ"/>
		<feat xlink:href="#sSpan4265" value="ⲩ"/>
		<feat xlink:href="#sSpan4267" value="ⲣ"/>
		<feat xlink:href="#sSpan4269" value="ⲡⲁ"/>
		<feat xlink:href="#sSpan4271" value="ⲙⲉⲉⲩⲉ"/>
		<feat xlink:href="#sSpan4273" value="·"/>
		<feat xlink:href="#sSpan4277" value="ⲁ"/>
		<feat xlink:href="#sSpan4284" value="ⲛ"/>
		<feat xlink:href="#sSpan4286" value="ϣⲗⲏⲗ"/>
		<feat xlink:href="#sSpan4289" value="ⲇⲉ"/>
		<feat xlink:href="#sSpan4293" value="ⲁ"/>
		<feat xlink:href="#sSpan4297" value="ⲛ"/>
		<feat xlink:href="#sSpan4300" value="ⲁⲥⲡⲁⲍⲉ"/>
		<feat xlink:href="#sSpan4302" value="ⲛ"/>
		<feat xlink:href="#sSpan4307" value="ⲛⲉⲛ"/>
		<feat xlink:href="#sSpan4309" value="ⲉⲣⲏⲩ"/>
		<feat xlink:href="#sSpan4311" value="·"/>
		<feat xlink:href="#sSpan4315" value="ⲁ"/>
		<feat xlink:href="#sSpan4321" value="ⲓ"/>
		<feat xlink:href="#sSpan4323" value="ⲙⲟⲟϣⲉ"/>
		<feat xlink:href="#sSpan4326" value="ⲉⲃⲟⲗ"/>
		<feat xlink:href="#sSpan4331" value="ⲉ"/>
		<feat xlink:href="#sSpan4335" value="ⲓ"/>
		<feat xlink:href="#sSpan4338" value="ⲗⲩⲡⲏ"/>
		<feat xlink:href="#sSpan4340" value="ⲉⲙⲁⲧⲉ"/>
		<feat xlink:href="#sSpan4344" value="·"/>
		<feat xlink:href="#sSpan4349" value="ⲁⲗⲗⲁ"/>
		<feat xlink:href="#sSpan4355" value="ⲉⲧⲃⲉ"/>
		<feat xlink:href="#sSpan4359" value="ⲡⲉ"/>
		<feat xlink:href="#sSpan4362" value="ⲥⲙⲟⲩ"/>
		<feat xlink:href="#sSpan4364" value="ⲛⲧ"/>
		<feat xlink:href="#sSpan4368" value="ⲁ"/>
		<feat xlink:href="#sSpan4370" value="ⲛ"/>
		<feat xlink:href="#sSpan4374" value="ⲉⲧ"/>
		<feat xlink:href="#sSpan4376" value="ⲟⲩⲁⲁⲃ"/>
		<feat xlink:href="#sSpan4378" value="ⲧⲁⲁ"/>
		<feat xlink:href="#sSpan4382" value="ⲩ"/>
		<feat xlink:href="#sSpan4384" value="ⲛⲁ"/>
		<feat xlink:href="#sSpan4388" value="ⲓ"/>
		<feat xlink:href="#sSpan4390" value="ⲛⲉ"/>
		<feat xlink:href="#sSpan4394" value="ⲓ"/>
		<feat xlink:href="#sSpan4396" value="ⲣⲁϣⲉ"/>
		<feat xlink:href="#sSpan4398" value="ⲡⲉ"/>
		<feat xlink:href="#sSpan4402" value="·"/>
		<feat xlink:href="#sSpan4406" value="ⲁ"/>
		<feat xlink:href="#sSpan4412" value="ⲓ"/>
		<feat xlink:href="#sSpan4414" value="ⲉⲓ"/>
		<feat xlink:href="#sSpan4417" value="ⲇⲉ"/>
		<feat xlink:href="#sSpan4421" value="ⲉⲃⲟⲗ"/>
		<feat xlink:href="#sSpan4425" value="ⲉ"/>
		<feat xlink:href="#sSpan4430" value="ⲕⲏⲙⲉ"/>
		<feat xlink:href="#sSpan4433" value="ⲛ"/>
		<feat xlink:href="#sSpan4437" value="ⲟⲩ"/>
		<feat xlink:href="#sSpan4440" value="ϩⲓⲏ"/>
		<feat xlink:href="#sSpan4442" value="·"/>
		<feat xlink:href="#sSpan4446" value="ⲛ"/>
		<feat xlink:href="#sSpan4450" value="ϣⲟⲙⲛⲧ"/>
		<feat xlink:href="#sSpan4453" value="ⲛ"/>
		<feat xlink:href="#sSpan4457" value="ϩⲟⲟⲩ"/>
		<feat xlink:href="#sSpan4459" value="ⲙ"/>
		<feat xlink:href="#sSpan4463" value="ⲙⲟⲟϣⲉ"/>
		<feat xlink:href="#sSpan4466" value="·"/>
		<feat xlink:href="#sSpan4470" value="ⲁⲩⲱ"/>
		<feat xlink:href="#sSpan4477" value="ⲛⲧⲉⲣ"/>
		<feat xlink:href="#sSpan4481" value="ⲓ"/>
		<feat xlink:href="#sSpan4483" value="ϩⲉ"/>
		<feat xlink:href="#sSpan4485" value="·"/>
		<feat xlink:href="#sSpan4489" value="ⲉ"/>
		<feat xlink:href="#sSpan4493" value="ⲛⲉ"/>
		<feat xlink:href="#sSpan4496" value="ⲥⲛⲏⲩ"/>
		<feat xlink:href="#sSpan4498" value="ⲙ"/>
		<feat xlink:href="#sSpan4503" value="ⲙⲁⲓⲛⲟⲩⲧⲉ"/>
		<feat xlink:href="#sSpan4506" value="ⲁ"/>
		<feat xlink:href="#sSpan4510" value="ⲓ"/>
		<feat xlink:href="#sSpan4512" value="ⲙⲧⲟⲛ"/>
		<feat xlink:href="#sSpan4514" value="ⲙⲙⲟ"/>
		<feat xlink:href="#sSpan4520" value="ⲓ"/>
		<feat xlink:href="#sSpan4522" value="ϩⲁϩⲧⲏ"/>
		<feat xlink:href="#sSpan4526" value="ⲩ"/>
		<feat xlink:href="#sSpan4528" value="·"/>
		<feat xlink:href="#sSpan4532" value="ⲙ"/>
		<feat xlink:href="#sSpan4536" value="ⲙⲏⲧ"/>
		<feat xlink:href="#sSpan4539" value="ⲛ"/>
		<feat xlink:href="#sSpan4543" value="ϩⲟⲟⲩ"/>
		<feat xlink:href="#sSpan4545" value="·"/>
		<feat xlink:href="#sSpan4549" value="ⲁⲩⲱ"/>
		<feat xlink:href="#sSpan4555" value="ⲁ"/>
		<feat xlink:href="#sSpan4559" value="ⲓ"/>
		<feat xlink:href="#sSpan4561" value="ϫⲱ"/>
		<feat xlink:href="#sSpan4563" value="ⲉⲣⲟ"/>
		<feat xlink:href="#sSpan4568" value="ⲟⲩ"/>
		<feat xlink:href="#sSpan4570" value="ⲛ"/>
		<feat xlink:href="#sSpan4574" value="ⲧ"/>
		<feat xlink:href="#sSpan4577" value="ϩⲉ"/>
		<feat xlink:href="#sSpan4579" value="ⲛⲧ"/>
		<feat xlink:href="#sSpan4583" value="ⲁ"/>
		<feat xlink:href="#sSpan4585" value="ⲥ"/>
		<feat xlink:href="#sSpan4587" value="ϣⲱⲡⲉ"/>
		<feat xlink:href="#sSpan4589" value="ⲙⲙⲟ"/>
		<feat xlink:href="#sSpan4593" value="ⲓ"/>
		<feat xlink:href="#sSpan4595" value="·"/>
		<feat xlink:href="#sSpan4599" value="ⲛⲧⲟⲟⲩ"/>
		<feat xlink:href="#sSpan4606" value="ⲇⲉ"/>
		<feat xlink:href="#sSpan4610" value="ⲡⲉϫⲁ"/>
		<feat xlink:href="#sSpan4614" value="ⲩ"/>
		<feat xlink:href="#sSpan4616" value="ϫⲉ"/>
		<feat xlink:href="#sSpan4621" value="ⲁⲗⲏⲑⲱⲥ"/>
		<feat xlink:href="#sSpan4624" value="ⲁ"/>
		<feat xlink:href="#sSpan4628" value="ⲕ"/>
		<feat xlink:href="#sSpan4630" value="ⲙⲡϣⲁ"/>
		<feat xlink:href="#sSpan4632" value="ⲛ"/>
		<feat xlink:href="#sSpan4636" value="ⲟⲩ"/>
		<feat xlink:href="#sSpan4639" value="ⲛⲟϭ"/>
		<feat xlink:href="#sSpan4641" value="ⲛ"/>
		<feat xlink:href="#sSpan4645" value="ϩⲙⲟⲧ"/>
		<feat xlink:href="#sSpan4647" value="·"/>
		<feat xlink:href="#sSpan4651" value="ⲛⲉ"/>
		<feat xlink:href="#sSpan4657" value="ϩⲉⲛ"/>
		<feat xlink:href="#sSpan4661" value="ⲙⲁⲓⲛⲟⲩⲧⲉ"/>
		<feat xlink:href="#sSpan4666" value="ⲅⲁⲣ"/>
		<feat xlink:href="#sSpan4670" value="ⲛⲉ"/>
		<feat xlink:href="#sSpan4674" value="ⲛⲉ"/>
		<feat xlink:href="#sSpan4679" value="ⲥⲛⲏⲩ"/>
		<feat xlink:href="#sSpan4681" value="·"/>
		<feat xlink:href="#sSpan4685" value="ⲉⲧ"/>
		<feat xlink:href="#sSpan4689" value="ⲙⲙⲁⲩ"/>
		<feat xlink:href="#sSpan4691" value="·"/>
		<feat xlink:href="#sSpan4695" value="ⲁⲩⲱ"/>
		<feat xlink:href="#sSpan4699" value="ⲛⲉ"/>
		<feat xlink:href="#sSpan4703" value="ϩⲉⲛ"/>
		<feat xlink:href="#sSpan4707" value="ⲁⲅⲱⲛⲓⲥⲧⲏⲥ"/>
		<feat xlink:href="#sSpan4710" value="ⲛⲉ"/>
		<feat xlink:href="#sSpan4714" value="·"/>
		<feat xlink:href="#sSpan4718" value="ⲛ"/>
		<feat xlink:href="#sSpan4724" value="ⲣⲉϥϣⲙϣⲉ"/>
		<feat xlink:href="#sSpan4727" value="ⲙ"/>
		<feat xlink:href="#sSpan4731" value="ⲡ"/>
		<feat xlink:href="#sSpan4734" value="ⲛⲟⲩⲧⲉ"/>
		<feat xlink:href="#sSpan4736" value="ϩⲙ"/>
		<feat xlink:href="#sSpan4740" value="ⲡⲉⲩ"/>
		<feat xlink:href="#sSpan4743" value="ϩⲏⲧ"/>
		<feat xlink:href="#sSpan4746" value="ⲧⲏⲣ"/>
		<feat xlink:href="#sSpan4750" value="ϥ"/>
		<feat xlink:href="#sSpan4752" value="·"/>
		<feat xlink:href="#sSpan4756" value="ⲁⲩⲱ"/>
		<feat xlink:href="#sSpan4760" value="ⲡⲉⲩ"/>
		<feat xlink:href="#sSpan4765" value="ⲙⲁ"/>
		<feat xlink:href="#sSpan4767" value="ⲛ"/>
		<feat xlink:href="#sSpan4771" value="ϣⲱⲡⲉ"/>
		<feat xlink:href="#sSpan4773" value="ⲡⲉ"/>
		<feat xlink:href="#sSpan4777" value="ϣⲓⲏⲧ"/>
		<feat xlink:href="#sSpan4782" value="·"/>
		<feat xlink:href="#sSpan4786" value="ⲁ"/>
		<feat xlink:href="#sSpan4792" value="ⲩ"/>
		<feat xlink:href="#sSpan4794" value="ϭⲉⲡⲏ"/>
		<feat xlink:href="#sSpan4798" value="ⲇⲉ"/>
		<feat xlink:href="#sSpan4802" value="ⲁ"/>
		<feat xlink:href="#sSpan4806" value="ⲩ"/>
		<feat xlink:href="#sSpan4808" value="ⲥϩⲁⲓ"/>
		<feat xlink:href="#sSpan4810" value="ⲛ"/>
		<feat xlink:href="#sSpan4814" value="ⲛⲉⲓ"/>
		<feat xlink:href="#sSpan4817" value="ϣⲁϫⲉ"/>
		<feat xlink:href="#sSpan4819" value="ⲛⲧ"/>
		<feat xlink:href="#sSpan4823" value="ⲁ"/>
		<feat xlink:href="#sSpan4825" value="ⲩ"/>
		<feat xlink:href="#sSpan4827" value="ⲥⲟⲧⲙ"/>
		<feat xlink:href="#sSpan4829" value="ⲟⲩ"/>
		<feat xlink:href="#sSpan4831" value="ⲉⲃⲟⲗ"/>
		<feat xlink:href="#sSpan4836" value="ϩⲓⲧⲟⲟⲧ"/>
		<feat xlink:href="#sSpan4841" value="ϥ"/>
		<feat xlink:href="#sSpan4843" value="ⲛ"/>
		<feat xlink:href="#sSpan4848" value="ⲁⲡⲁ"/>
		<feat xlink:href="#sSpan4851" value="ⲡⲁⲡⲛⲟⲩⲧⲉ"/>
		<feat xlink:href="#sSpan4855" value="ⲁ"/>
		<feat xlink:href="#sSpan4861" value="ⲩ"/>
		<feat xlink:href="#sSpan4864" value="ⲧⲁⲭⲩ"/>
		<feat xlink:href="#sSpan4866" value="ⲁ"/>
		<feat xlink:href="#sSpan4870" value="ⲩ"/>
		<feat xlink:href="#sSpan4872" value="ⲧⲁⲁ"/>
		<feat xlink:href="#sSpan4874" value="ⲩ"/>
		<feat xlink:href="#sSpan4876" value="ⲉ"/>
		<feat xlink:href="#sSpan4880" value="ⲩ"/>
		<feat xlink:href="#sSpan4883" value="ϫⲱⲱⲙⲉ"/>
		<feat xlink:href="#sSpan4886" value="·"/>
		<feat xlink:href="#sSpan4890" value="ⲁ"/>
		<feat xlink:href="#sSpan4896" value="ⲩ"/>
		<feat xlink:href="#sSpan4898" value="ϫⲟⲟⲩ"/>
		<feat xlink:href="#sSpan4900" value="ϥ"/>
		<feat xlink:href="#sSpan4902" value="ⲉ"/>
		<feat xlink:href="#sSpan4906" value="ϣⲓⲏⲧ"/>
		<feat xlink:href="#sSpan4909" value="·"/>
		<feat xlink:href="#sSpan4913" value="ⲁ"/>
		<feat xlink:href="#sSpan4919" value="ⲩ"/>
		<feat xlink:href="#sSpan4921" value="ⲕⲁⲁ"/>
		<feat xlink:href="#sSpan4923" value="ϥ"/>
		<feat xlink:href="#sSpan4925" value="ϩⲛ"/>
		<feat xlink:href="#sSpan4929" value="ⲧ"/>
		<feat xlink:href="#sSpan4933" value="ⲉⲕⲕⲗⲏⲥⲓⲁ"/>
		<feat xlink:href="#sSpan4936" value="ⲉ"/>
		<feat xlink:href="#sSpan4940" value="ⲩ"/>
		<feat xlink:href="#sSpan4943" value="ϩⲏⲩ"/>
		<feat xlink:href="#sSpan4945" value="·"/>
		<feat xlink:href="#sSpan4949" value="ⲛ"/>
		<feat xlink:href="#sSpan4953" value="ⲛ"/>
		<feat xlink:href="#sSpan4956" value="ⲉⲧ"/>
		<feat xlink:href="#sSpan4958" value="ⲛⲁ"/>
		<feat xlink:href="#sSpan4960" value="ⲥⲱⲧⲙ"/>
		<feat xlink:href="#sSpan4962" value="ⲉⲣⲟ"/>
		<feat xlink:href="#sSpan4966" value="ϥ"/>
		<feat xlink:href="#sSpan4968" value="ⲁⲩⲱ"/>
		<feat xlink:href="#sSpan4974" value="ⲛⲉ"/>
		<feat xlink:href="#sSpan4978" value="ⲩ"/>
		<feat xlink:href="#sSpan4980" value="ϣⲁϫⲉ"/>
		<feat xlink:href="#sSpan4982" value="ⲛϩⲏⲧ"/>
		<feat xlink:href="#sSpan4987" value="ϥ"/>
		<feat xlink:href="#sSpan4989" value="·"/>
		<feat xlink:href="#sSpan4993" value="ⲉ"/>
		<feat xlink:href="#sSpan4997" value="ϥ"/>
		<feat xlink:href="#sSpan4999" value="ⲟ"/>
		<feat xlink:href="#sSpan5001" value="ⲙ"/>
		<feat xlink:href="#sSpan5006" value="ⲙⲉⲗⲉⲧⲏⲥⲓⲥ"/>
		<feat xlink:href="#sSpan5009" value="ⲛⲁ"/>
		<feat xlink:href="#sSpan5013" value="ⲩ"/>
		<feat xlink:href="#sSpan5015" value="ϩⲛ"/>
		<feat xlink:href="#sSpan5019" value="ⲧⲁⲡⲣⲟ"/>
		<feat xlink:href="#sSpan5022" value="ⲛ"/>
		<feat xlink:href="#sSpan5027" value="ⲟⲩⲟⲛ"/>
		<feat xlink:href="#sSpan5032" value="ⲛⲓⲙ"/>
		<feat xlink:href="#sSpan5036" value="·"/>
		<feat xlink:href="#sSpan5040" value="ⲉ"/>
		<feat xlink:href="#sSpan5046" value="ⲩ"/>
		<feat xlink:href="#sSpan5049" value="ϯⲉⲟⲟⲩ"/>
		<feat xlink:href="#sSpan5052" value="ⲙ"/>
		<feat xlink:href="#sSpan5056" value="ⲡ"/>
		<feat xlink:href="#sSpan5059" value="ⲛⲟⲩⲧⲉ"/>
		<feat xlink:href="#sSpan5061" value="ⲁⲩⲱ"/>
		<feat xlink:href="#sSpan5065" value="ⲉ"/>
		<feat xlink:href="#sSpan5069" value="ⲩ"/>
		<feat xlink:href="#sSpan5071" value="ⲥⲙⲟⲩ"/>
		<feat xlink:href="#sSpan5073" value="ⲉ"/>
		<feat xlink:href="#sSpan5078" value="ⲛⲉϥ"/>
		<feat xlink:href="#sSpan5082" value="ⲡⲉⲧⲟⲩⲁⲁⲃ"/>
		<feat xlink:href="#sSpan5086" value="·"/>
		<feat xlink:href="#sSpan5090" value="ϩⲓⲧⲛ"/>
		<feat xlink:href="#sSpan5094" value="ⲧⲉ"/>
		<feat xlink:href="#sSpan5098" value="ⲭⲁⲣⲓⲥ"/>
		<feat xlink:href="#sSpan5100" value="·"/>
		<feat xlink:href="#sSpan5104" value="ⲙⲛ"/>
		<feat xlink:href="#sSpan5108" value="ⲧ"/>
		<feat xlink:href="#sSpan5112" value="ⲙⲛⲧⲙⲁⲓⲣⲱⲙⲉ"/>
		<feat xlink:href="#sSpan5117" value="ⲙ"/>
		<feat xlink:href="#sSpan5121" value="ⲡⲉⲛ"/>
		<feat xlink:href="#sSpan5124" value="ϫⲟⲉⲓⲥ"/>
		<feat xlink:href="#sSpan5127" value="ⲓⲏⲥⲟⲩⲥ"/>
		<feat xlink:href="#sSpan5131" value="ⲡⲉ"/>
		<feat xlink:href="#sSpan5136" value="ⲭⲣⲓⲥⲧⲟⲥ"/>
		<feat xlink:href="#sSpan5138" value="·"/>
		<feat xlink:href="#sSpan5142" value="ⲡⲁⲓ"/>
		<feat xlink:href="#sSpan5147" value="ⲉⲃⲟⲗ"/>
		<feat xlink:href="#sSpan5152" value="ϩⲓⲧⲟⲟⲧ"/>
		<feat xlink:href="#sSpan5157" value="ϥ"/>
		<feat xlink:href="#sSpan5159" value="ⲡ"/>
		<feat xlink:href="#sSpan5164" value="ⲉⲟⲟⲩ"/>
		<feat xlink:href="#sSpan5166" value="ⲛⲁ"/>
		<feat xlink:href="#sSpan5170" value="ϥ"/>
		<feat xlink:href="#sSpan5172" value="ⲙⲛ"/>
		<feat xlink:href="#sSpan5176" value="ⲡⲉϥ"/>
		<feat xlink:href="#sSpan5179" value="ⲉⲓⲱⲧ"/>
		<feat xlink:href="#sSpan5181" value="ⲛ"/>
		<feat xlink:href="#sSpan5186" value="ⲁⲅⲁⲑⲟⲥ"/>
		<feat xlink:href="#sSpan5188" value="ⲙⲛ"/>
		<feat xlink:href="#sSpan5192" value="ⲡⲉ"/>
		<feat xlink:href="#sSpan5197" value="ⲡⲛⲉⲩⲙⲁ"/>
		<feat xlink:href="#sSpan5199" value="ⲉⲧ"/>
		<feat xlink:href="#sSpan5203" value="ⲟⲩⲁⲁⲃ"/>
		<feat xlink:href="#sSpan5205" value="ϣⲁ"/>
		<feat xlink:href="#sSpan5209" value="ⲉⲛⲉϩ"/>
		<feat xlink:href="#sSpan5212" value="ⲛ"/>
		<feat xlink:href="#sSpan5216" value="ⲉⲛⲉϩ"/>
		<feat xlink:href="#sSpan5218" value="·"/>
		<feat xlink:href="#sSpan5223" value="ϩⲁⲙⲏⲛ"/>
		<feat xlink:href="#sSpan5229" value="·"/>
		<feat xlink:href="#sSpan5233" value="—"/>
		<feat xlink:href="#sSpan5238" value="···"/>
		<feat xlink:href="#sSpan5242" value="—"/>
		<feat xlink:href="#sSpan5246" value="···"/>
		<feat xlink:href="#sSpan5250" value="—"/>
		<feat xlink:href="#sSpan5254" value="···"/>
		<feat xlink:href="#sSpan5258" value="—"/>
		<feat xlink:href="#sSpan5262" value="···"/>
		<feat xlink:href="#sSpan5266" value="—"/>
		<feat xlink:href="#sSpan5270" value="···"/>
		<feat xlink:href="#sSpan5274" value="—"/>
		<feat xlink:href="#sSpan5280" value="ⲉⲅⲱ"/>
		<feat xlink:href="#sSpan5289" value="ⲃⲓⲕⲧⲟⲣ"/>
		<feat xlink:href="#sSpan5295" value="ⲉⲗⲁⲭⲓⲥⲧⲟⲥ"/>
		<feat xlink:href="#sSpan5300" value="ⲇⲓⲁⲕⲟⲛⲟⲥ"/>
		<feat xlink:href="#sSpan5304" value="ⲩⲩ"/>
		<feat xlink:href="#sSpan5309" value="ⲙⲁⲕⲁⲣⲓⲟⲥ"/>
		<feat xlink:href="#sSpan5315" value="ⲙⲉⲣⲕⲟⲩⲣⲓⲟⲥ"/>
		<feat xlink:href="#sSpan5321" value="ⲇⲓⲁⲕⲟⲛⲟⲥ"/>
		<feat xlink:href="#sSpan5326" value="ⲧⲟⲩ"/>
		<feat xlink:href="#sSpan5332" value="ⲁⲅⲓⲟⲩ"/>
		<feat xlink:href="#sSpan5337" value="ⲙⲉⲣⲕⲩⲣⲓⲟⲩ"/>
		<feat xlink:href="#sSpan5343" value="ⲙⲉⲅⲁⲥⲧⲣⲁⲧⲏⲗⲁⲧⲁ"/>
		<feat xlink:href="#sSpan5350" value="ⲁⲡⲟ"/>
		<feat xlink:href="#sSpan5355" value="ⲧⲏⲥ"/>
		<feat xlink:href="#sSpan5361" value="ⲡⲟⲗⲉⲟⲥ"/>
		<feat xlink:href="#sSpan5366" value="ⲗⲁⲧⲱⲛ"/>
		<feat xlink:href="#sSpan5371" value="ⲉⲅⲣⲁⲯⲁⲥ"/>
		<feat xlink:href="#sSpan5377" value="ⲃⲓⲃⲗⲟⲥ"/>
		<feat xlink:href="#sSpan5383" value="ⲙⲛⲏⲥⲑⲏϯ"/>
		<feat xlink:href="#sSpan5390" value="ⲙⲟⲩ"/>
		<feat xlink:href="#sSpan5395" value="ⲕⲩⲣⲓⲉ"/>
		<feat xlink:href="#sSpan5401" value="ⲟⲧⲁⲛ"/>
		<feat xlink:href="#sSpan5406" value="ⲉⲗⲑⲏⲥ"/>
		<feat xlink:href="#sSpan5412" value="ⲉⲛ"/>
		<feat xlink:href="#sSpan5417" value="ⲧⲏ"/>
		<feat xlink:href="#sSpan5423" value="ⲃⲁⲥⲓⲗⲓⲁ"/>
		<feat xlink:href="#sSpan5428" value="ⲥⲟⲩ"/>
		<feat xlink:href="#sSpan5432" value="—"/>
		<feat xlink:href="#sSpan5437" value="···"/>
		<feat xlink:href="#sSpan5441" value="—"/>
		<feat xlink:href="#sSpan5445" value="···"/>
		<feat xlink:href="#sSpan5449" value="—"/>
		<feat xlink:href="#sSpan5453" value="···"/>
		<feat xlink:href="#sSpan5457" value="—"/>
		<feat xlink:href="#sSpan5461" value="···"/>
		<feat xlink:href="#sSpan5465" value="—"/>
		<feat xlink:href="#sSpan5469" value="···"/>
		<feat xlink:href="#sSpan5473" value="—"/>
		<feat xlink:href="#sSpan5477" value="ⲉⲅⲣⲁⲫⲏ"/>
		<feat xlink:href="#sSpan5485" value="ⲙⲩⲛⲏ"/>
		<feat xlink:href="#sSpan5491" value="ⲧⲩⲃⲓ"/>
		<feat xlink:href="#sSpan5495" value="ⲅ"/>
		<feat xlink:href="#sSpan5499" value="ⲁⲡⲟ"/>
		<feat xlink:href="#sSpan5503" value="ⲧⲱⲛ"/>
		<feat xlink:href="#sSpan5510" value="ⲁⲅⲓⲟⲛ"/>
		<feat xlink:href="#sSpan5514" value="ⲙⲁⲣⲧⲩⲣⲱⲛ"/>
		<feat xlink:href="#sSpan5519" value="ⲯ"/>
		<feat xlink:href="#sSpan5523" value="ⲕ"/>
		<feat xlink:href="#sSpan5525" value="ⲁ"/>
		<feat xlink:href="#sSpan5527" value="ⲉⲧⲟⲩⲥ"/>
		<feat xlink:href="#sSpan5531" value="ⲧⲝⲉⲓⲛⲇ"/>
		<feat xlink:href="#sSpan5536" value="ⲅ"/>
		<feat xlink:href="#sSpan5540" value="—"/>
		<feat xlink:href="#sSpan5545" value="···"/>
		<feat xlink:href="#sSpan5549" value="—"/>
		<feat xlink:href="#sSpan5553" value="···"/>
		<feat xlink:href="#sSpan5557" value="—"/>
		<feat xlink:href="#sSpan5561" value="···"/>
		<feat xlink:href="#sSpan5565" value="—"/>
		<feat xlink:href="#sSpan5569" value="ϩⲓⲧⲛ"/>
		<feat xlink:href="#sSpan5578" value="ⲇⲉⲥⲡⲟⲇⲏ"/>
		<feat xlink:href="#sSpan5581" value="ⲙⲛ"/>
		<feat xlink:href="#sSpan5585" value="ⲧ"/>
		<feat xlink:href="#sSpan5589" value="ⲙⲛⲧⲃⲁⲓⲣⲟⲟⲩϣ"/>
		<feat xlink:href="#sSpan5592" value="ⲛ"/>
		<feat xlink:href="#sSpan5596" value="ⲛⲉⲛ"/>
		<feat xlink:href="#sSpan5599" value="ⲉⲓⲟⲟⲧⲉ"/>
		<feat xlink:href="#sSpan5601" value="ⲙⲛ"/>
		<feat xlink:href="#sSpan5606" value="ⲙ"/>
		<feat xlink:href="#sSpan5609" value="ⲙⲉⲣⲁⲧⲉ"/>
		<feat xlink:href="#sSpan5611" value="ⲛ"/>
		<feat xlink:href="#sSpan5615" value="ⲥⲛⲏⲩ"/>
		<feat xlink:href="#sSpan5618" value="ⲁⲃⲃⲁ"/>
		<feat xlink:href="#sSpan5624" value="ⲁⲃⲣⲁϩⲁⲙ"/>
		<feat xlink:href="#sSpan5628" value="ⲡⲉ"/>
		<feat xlink:href="#sSpan5633" value="ⲡⲣⲁⲉⲓⲥⲧⲟⲥ"/>
		<feat xlink:href="#sSpan5636" value="ⲙ"/>
		<feat xlink:href="#sSpan5641" value="ⲡ"/>
		<feat xlink:href="#sSpan5644" value="ⲛⲟⲩⲧⲉ"/>
		<feat xlink:href="#sSpan5646" value="ⲙⲛ"/>
		<feat xlink:href="#sSpan5650" value="ⲡ"/>
		<feat xlink:href="#sSpan5655" value="ⲁⲣⲭⲏⲇⲓⲁⲕⲟⲛⲟⲥ"/>
		<feat xlink:href="#sSpan5660" value="ⲁⲃⲃⲁ"/>
		<feat xlink:href="#sSpan5664" value="ⲭⲁⲏⲗ"/>
		<feat xlink:href="#sSpan5667" value="ⲙⲛ"/>
		<feat xlink:href="#sSpan5671" value="ⲡ"/>
		<feat xlink:href="#sSpan5675" value="ⲇⲉⲩⲇⲉⲗⲁⲣⲏⲥ"/>
		<feat xlink:href="#sSpan5678" value="ⲍⲁⲭⲁⲣⲓⲁⲥ"/>
		<feat xlink:href="#sSpan5682" value="ⲡ"/>
		<feat xlink:href="#sSpan5687" value="ⲇⲓⲁⲕⲟⲛⲟⲥ"/>
		<feat xlink:href="#sSpan5690" value="ⲁⲩⲱ"/>
		<feat xlink:href="#sSpan5694" value="ⲡ"/>
		<feat xlink:href="#sSpan5699" value="ⲙⲟⲛⲁⲭⲟⲥ"/>
		<feat xlink:href="#sSpan5701" value="ⲙ"/>
		<feat xlink:href="#sSpan5705" value="ⲡ"/>
		<feat xlink:href="#sSpan5709" value="ⲙⲟⲛⲁⲥⲧⲏⲣⲓⲟⲛ"/>
		<feat xlink:href="#sSpan5711" value="ⲙ"/>
		<feat xlink:href="#sSpan5716" value="ⲡ"/>
		<feat xlink:href="#sSpan5720" value=" ϩⲁⲅⲓⲟⲥ"/>
		<feat xlink:href="#sSpan5723" value="ⲙⲉⲣⲕⲟⲩⲣⲓⲟⲥ"/>
		<feat xlink:href="#sSpan5727" value="ⲡⲉ"/>
		<feat xlink:href="#sSpan5732" value="ⲥⲧⲣⲁⲧⲏⲗⲁⲧⲏⲥ"/>
		<feat xlink:href="#sSpan5734" value="ⲡⲁⲓ"/>
		<feat xlink:href="#sSpan5740" value="ⲉⲧ"/>
		<feat xlink:href="#sSpan5744" value="ϣⲟⲟⲡ"/>
		<feat xlink:href="#sSpan5746" value="ϩⲙ"/>
		<feat xlink:href="#sSpan5750" value="ⲡ"/>
		<feat xlink:href="#sSpan5753" value="ⲧⲟⲟⲩ"/>
		<feat xlink:href="#sSpan5755" value="ⲛ"/>
		<feat xlink:href="#sSpan5759" value="ⲧⲃⲱ"/>
		<feat xlink:href="#sSpan5762" value="·"/>
		<feat xlink:href="#sSpan5766" value="ⲁ"/>
		<feat xlink:href="#sSpan5772" value="ⲩ"/>
		<feat xlink:href="#sSpan5774" value="ⲥⲙⲛ"/>
		<feat xlink:href="#sSpan5776" value="ⲡⲉⲓ"/>
		<feat xlink:href="#sSpan5781" value="ϫⲱⲱⲙⲉ"/>
		<feat xlink:href="#sSpan5784" value="ϩⲛ"/>
		<feat xlink:href="#sSpan5788" value="ⲛⲉⲩ"/>
		<feat xlink:href="#sSpan5791" value="ϩⲓⲥⲉ"/>
		<feat xlink:href="#sSpan5793" value="ⲙⲙⲓⲛⲙⲙⲟ"/>
		<feat xlink:href="#sSpan5797" value="ⲟⲩ"/>
		<feat xlink:href="#sSpan5799" value="ⲁ"/>
		<feat xlink:href="#sSpan5805" value="ⲩ"/>
		<feat xlink:href="#sSpan5807" value="ⲕⲁⲁ"/>
		<feat xlink:href="#sSpan5809" value="ϥ"/>
		<feat xlink:href="#sSpan5811" value="ϩⲙ"/>
		<feat xlink:href="#sSpan5816" value="ⲡⲉⲩ"/>
		<feat xlink:href="#sSpan5820" value="ⲙⲟⲛⲁⲥⲧⲏⲣⲓⲟⲛ"/>
		<feat xlink:href="#sSpan5822" value="·"/>
		<feat xlink:href="#sSpan5826" value="ϫⲉⲕⲁⲥ"/>
		<feat xlink:href="#sSpan5830" value="ⲉ"/>
		<feat xlink:href="#sSpan5834" value="ⲩ"/>
		<feat xlink:href="#sSpan5836" value="ⲛⲁ"/>
		<feat xlink:href="#sSpan5838" value="ⲱϣ"/>
		<feat xlink:href="#sSpan5840" value="ⲛϩⲏⲧ"/>
		<feat xlink:href="#sSpan5845" value="ϥ"/>
		<feat xlink:href="#sSpan5847" value="ⲉ"/>
		<feat xlink:href="#sSpan5851" value="ⲩ"/>
		<feat xlink:href="#sSpan5854" value="ϩⲏⲩ"/>
		<feat xlink:href="#sSpan5856" value="ⲙⲛ"/>
		<feat xlink:href="#sSpan5860" value="ⲟⲩ"/>
		<feat xlink:href="#sSpan5864" value="ⲡⲗⲩⲣⲟⲫⲟⲣⲓⲁ"/>
		<feat xlink:href="#sSpan5866" value="ⲛ"/>
		<feat xlink:href="#sSpan5870" value="ⲛ"/>
		<feat xlink:href="#sSpan5873" value="ⲉⲧ"/>
		<feat xlink:href="#sSpan5875" value="ⲛⲁ"/>
		<feat xlink:href="#sSpan5877" value="ⲱϣ"/>
		<feat xlink:href="#sSpan5879" value="ⲛϩⲏⲧ"/>
		<feat xlink:href="#sSpan5884" value="ϥ"/>
		<feat xlink:href="#sSpan5886" value="ⲙⲛ"/>
		<feat xlink:href="#sSpan5890" value="ⲡ"/>
		<feat xlink:href="#sSpan5893" value="ⲉⲧ"/>
		<feat xlink:href="#sSpan5895" value="ⲛⲁ"/>
		<feat xlink:href="#sSpan5897" value="ⲥⲱⲧⲙ"/>
		<feat xlink:href="#sSpan5899" value="ⲉⲣⲟ"/>
		<feat xlink:href="#sSpan5903" value="ϥ"/>
		<feat xlink:href="#sSpan5905" value="ϩⲛ"/>
		<feat xlink:href="#sSpan5909" value="ⲟⲩ"/>
		<feat xlink:href="#sSpan5912" value="ϯϩⲧⲏϥ"/>
		<feat xlink:href="#sSpan5917" value="ϫⲉⲕⲁⲥ"/>
		<feat xlink:href="#sSpan5922" value="ⲉⲣⲉ"/>
		<feat xlink:href="#sSpan5926" value="ⲡⲉⲛ"/>
		<feat xlink:href="#sSpan5929" value="ⲥⲏⲣ"/>
		<feat xlink:href="#sSpan5931" value="ⲛ"/>
		<feat xlink:href="#sSpan5936" value="ⲁⲅⲁⲑⲟⲥ"/>
		<feat xlink:href="#sSpan5938" value="ⲙⲛ"/>
		<feat xlink:href="#sSpan5942" value="ⲡ"/>
		<feat xlink:href="#sSpan5946" value="ⲡⲉⲧⲟⲩⲁⲁⲃ"/>
		<feat xlink:href="#sSpan5952" value="ⲁⲡⲁ"/>
		<feat xlink:href="#sSpan5956" value="ⲟⲛⲛⲟⲫⲣⲓⲟⲥ"/>
		<feat xlink:href="#sSpan5960" value="ⲡ"/>
		<feat xlink:href="#sSpan5965" value="ⲁⲛⲁⲭⲱⲣⲏⲧⲏⲥ"/>
		<feat xlink:href="#sSpan5967" value="ⲛⲁ"/>
		<feat xlink:href="#sSpan5971" value="ⲥⲙⲟⲩ"/>
		<feat xlink:href="#sSpan5974" value="ⲉⲣⲟ"/>
		<feat xlink:href="#sSpan5978" value="ⲟⲩ"/>
		<feat xlink:href="#sSpan5980" value="ⲙⲛ"/>
		<feat xlink:href="#sSpan5984" value="ⲡ"/>
		<feat xlink:href="#sSpan5987" value="ⲥⲱⲟⲩϩ"/>
		<feat xlink:href="#sSpan5989" value="ⲉϩⲟⲩⲛ"/>
		<feat xlink:href="#sSpan5993" value="ⲙ"/>
		<feat xlink:href="#sSpan5997" value="ⲡⲉⲩ"/>
		<feat xlink:href="#sSpan6001" value="ⲙⲟⲛⲁⲥⲧⲏⲣⲓⲟⲛ"/>
		<feat xlink:href="#sSpan6004" value="ⲧⲏⲣ"/>
		<feat xlink:href="#sSpan6008" value="ϥ"/>
		<feat xlink:href="#sSpan6010" value="ϩⲙ"/>
		<feat xlink:href="#sSpan6014" value="ⲡⲉ"/>
		<feat xlink:href="#sSpan6017" value="ⲥⲙⲟⲩ"/>
		<feat xlink:href="#sSpan6019" value="ⲛ"/>
		<feat xlink:href="#sSpan6023" value="ⲧ"/>
		<feat xlink:href="#sSpan6026" value="ⲡⲉ"/>
		<feat xlink:href="#sSpan6028" value="ⲁⲩⲱ"/>
		<feat xlink:href="#sSpan6032" value="ⲡⲉ"/>
		<feat xlink:href="#sSpan6038" value="ⲥⲙⲟⲩ"/>
		<feat xlink:href="#sSpan6040" value="ⲙ"/>
		<feat xlink:href="#sSpan6044" value="ⲡ"/>
		<feat xlink:href="#sSpan6047" value="ⲕⲁϩ"/>
		<feat xlink:href="#sSpan6049" value="ⲉ"/>
		<feat xlink:href="#sSpan6053" value="ⲡ"/>
		<feat xlink:href="#sSpan6056" value="ϫⲏⲕ"/>
		<feat xlink:href="#sSpan6058" value="ⲉⲃⲟⲗ"/>
		<feat xlink:href="#sSpan6062" value="ⲙ"/>
		<feat xlink:href="#sSpan6066" value="ⲡ"/>
		<feat xlink:href="#sSpan6069" value="ⲧⲏⲣ"/>
		<feat xlink:href="#sSpan6072" value="ⲛ"/>
		<feat xlink:href="#sSpan6079" value="ϥ"/>
		<feat xlink:href="#sSpan6081" value="ⲕⲱ"/>
		<feat xlink:href="#sSpan6083" value="ⲟⲩ"/>
		<feat xlink:href="#sSpan6088" value="ⲥⲙⲟⲩ"/>
		<feat xlink:href="#sSpan6090" value="ⲙⲛ"/>
		<feat xlink:href="#sSpan6094" value="ⲟⲩ"/>
		<feat xlink:href="#sSpan6097" value="ⲥⲉⲓ"/>
		<feat xlink:href="#sSpan6099" value="ⲙⲛ"/>
		<feat xlink:href="#sSpan6103" value="ⲟⲩ"/>
		<feat xlink:href="#sSpan6106" value="ϩⲓⲛⲟⲩϥⲉ"/>
		<feat xlink:href="#sSpan6108" value="ⲙⲛ"/>
		<feat xlink:href="#sSpan6113" value="ⲟⲩ"/>
		<feat xlink:href="#sSpan6117" value="ⲥⲱⲧⲏⲣⲓⲁ"/>
		<feat xlink:href="#sSpan6119" value="ⲉ"/>
		<feat xlink:href="#sSpan6123" value="ⲩ"/>
		<feat xlink:href="#sSpan6125" value="ⲙⲏⲛ"/>
		<feat xlink:href="#sSpan6127" value="ⲉⲃⲟⲗ"/>
		<feat xlink:href="#sSpan6131" value="ϩⲙ"/>
		<feat xlink:href="#sSpan6135" value="ⲡⲉⲩ"/>
		<feat xlink:href="#sSpan6139" value="ⲙⲟⲛⲁⲥⲧⲏⲣⲓⲟⲛ"/>
		<feat xlink:href="#sSpan6142" value="·"/>
		<feat xlink:href="#sSpan6146" value="ⲛ"/>
		<feat xlink:href="#sSpan6152" value="ϥ"/>
		<feat xlink:href="#sSpan6154" value="ⲧⲟⲩϫⲟ"/>
		<feat xlink:href="#sSpan6156" value="ⲟⲩ"/>
		<feat xlink:href="#sSpan6158" value="ⲛ"/>
		<feat xlink:href="#sSpan6162" value="ϭⲟⲣϭⲥ"/>
		<feat xlink:href="#sSpan6165" value="ⲙ"/>
		<feat xlink:href="#sSpan6169" value="ⲡ"/>
		<feat xlink:href="#sSpan6173" value="ⲇⲓⲁⲃⲟⲗⲟⲥ"/>
		<feat xlink:href="#sSpan6175" value="ⲙⲛ"/>
		<feat xlink:href="#sSpan6180" value="ⲛ"/>
		<feat xlink:href="#sSpan6183" value="ⲣⲱⲙⲉ"/>
		<feat xlink:href="#sSpan6185" value="ⲙ"/>
		<feat xlink:href="#sSpan6190" value="ⲡⲟⲛⲏⲣⲟⲥ"/>
		<feat xlink:href="#sSpan6192" value="·"/>
		<feat xlink:href="#sSpan6196" value="ⲉⲩϣⲁⲛ"/>
		<feat xlink:href="#sSpan6202" value="ⲉⲓ"/>
		<feat xlink:href="#sSpan6205" value="ⲇⲉ"/>
		<feat xlink:href="#sSpan6209" value="ⲟⲛ"/>
		<feat xlink:href="#sSpan6213" value="ⲉⲃⲟⲗ"/>
		<feat xlink:href="#sSpan6219" value="ϩⲛ"/>
		<feat xlink:href="#sSpan6224" value="ⲥⲱⲙⲁ"/>
		<feat xlink:href="#sSpan6228" value="ⲡⲣⲟⲥ"/>
		<feat xlink:href="#sSpan6232" value="ⲡ"/>
		<feat xlink:href="#sSpan6237" value="ⲉⲧ"/>
		<feat xlink:href="#sSpan6239" value="ⲕⲏ"/>
		<feat xlink:href="#sSpan6241" value="ⲉϩⲣⲁⲓ"/>
		<feat xlink:href="#sSpan6245" value="ⲛ"/>
		<feat xlink:href="#sSpan6249" value="ⲣⲱⲙⲉ"/>
		<feat xlink:href="#sSpan6252" value="ⲛⲓⲙ"/>
		<feat xlink:href="#sSpan6257" value="·"/>
		<feat xlink:href="#sSpan6261" value="ⲉⲩⲉ"/>
		<feat xlink:href="#sSpan6265" value="ⲥⲱⲧⲙ"/>
		<feat xlink:href="#sSpan6268" value="ⲇⲉ"/>
		<feat xlink:href="#sSpan6273" value="ⲕⲁⲗⲱⲥ"/>
		<feat xlink:href="#sSpan6277" value="ⲛ"/>
		<feat xlink:href="#sSpan6281" value="ϩⲙϩⲁⲗ"/>
		<feat xlink:href="#sSpan6284" value="ⲉⲧ"/>
		<feat xlink:href="#sSpan6288" value="ⲛⲁⲛⲟⲩ"/>
		<feat xlink:href="#sSpan6291" value="ⲥ"/>
		<feat xlink:href="#sSpan6293" value="ⲁⲩⲱ"/>
		<feat xlink:href="#sSpan6297" value="ⲙ"/>
		<feat xlink:href="#sSpan6302" value="ⲡⲓⲥⲧⲟⲥ"/>
		<feat xlink:href="#sSpan6305" value="ⲉⲡⲉⲓⲇⲏ"/>
		<feat xlink:href="#sSpan6309" value="ⲛⲉⲧⲛ"/>
		<feat xlink:href="#sSpan6314" value="ⲛϩⲟⲧ"/>
		<feat xlink:href="#sSpan6316" value="ⲉ"/>
		<feat xlink:href="#sSpan6320" value="ϩⲉⲛ"/>
		<feat xlink:href="#sSpan6324" value="ⲕⲟⲩⲓ"/>
		<feat xlink:href="#sSpan6326" value="ϯ"/>
		<feat xlink:href="#sSpan6330" value="ⲛⲁ"/>
		<feat xlink:href="#sSpan6333" value="ⲕⲁⲑⲓⲥⲧⲁ"/>
		<feat xlink:href="#sSpan6335" value="ⲙⲙⲱ"/>
		<feat xlink:href="#sSpan6339" value="ⲧⲛ"/>
		<feat xlink:href="#sSpan6341" value="ⲉϫⲛ"/>
		<feat xlink:href="#sSpan6345" value="ϩⲁϩ"/>
		<feat xlink:href="#sSpan6348" value="ⲃⲱⲕ"/>
		<feat xlink:href="#sSpan6353" value="ⲉϩⲟⲩⲛ"/>
		<feat xlink:href="#sSpan6358" value="ⲉ"/>
		<feat xlink:href="#sSpan6362" value="ⲡ"/>
		<feat xlink:href="#sSpan6365" value="ⲣⲁϣⲉ"/>
		<feat xlink:href="#sSpan6367" value="ⲙ"/>
		<feat xlink:href="#sSpan6371" value="ⲡⲉⲕ"/>
		<feat xlink:href="#sSpan6374" value="ϫⲟⲉⲓⲥ"/>
		<feat xlink:href="#sSpan6376" value="ⲁⲩⲱ"/>
		<feat xlink:href="#sSpan6382" value="ⲛ"/>
		<feat xlink:href="#sSpan6386" value="ⲥⲉ"/>
		<feat xlink:href="#sSpan6388" value="ⲣⲙⲡϣⲁ"/>
		<feat xlink:href="#sSpan6390" value="ⲛ"/>
		<feat xlink:href="#sSpan6396" value="ϫⲓⲕⲗⲏⲣⲟⲛⲟⲙⲓⲁ"/>
		<feat xlink:href="#sSpan6400" value="ⲙⲛ"/>
		<feat xlink:href="#sSpan6404" value="ⲛ"/>
		<feat xlink:href="#sSpan6407" value="ⲉⲧ"/>
		<feat xlink:href="#sSpan6409" value="ⲟⲩⲁⲁⲃ"/>
		<feat xlink:href="#sSpan6411" value="ⲧⲏⲣ"/>
		<feat xlink:href="#sSpan6415" value="ⲟⲩ"/>
		<feat xlink:href="#sSpan6418" value="ϩⲁⲙⲏⲛ"/>
		<feat xlink:href="#sSpan6423" value="ⲉⲥⲉ"/>
		<feat xlink:href="#sSpan6427" value="ϣⲟⲡⲉ"/>
		<feat xlink:href="#sSpan6429" value="·"/></featList></paula>