<?xml version='1.0' encoding='UTF-8'?><!DOCTYPE paula SYSTEM "paula_feat.dtd">
<paula version="1.1">
	<header paula_id="scriptorium.life.onnophrius.04.mark_orig"/>
	<featList xmlns:xlink="http://www.w3.org/1999/xlink" type="orig" xml:base="scriptorium.life.onnophrius.04.mark.xml">
		<feat xlink:href="#sSpan2" value="Ⲁⲛⲟⲕ"/>
		<feat xlink:href="#sSpan13" value="ⲇⲉ"/>
		<feat xlink:href="#sSpan17" value="ⲁ"/>
		<feat xlink:href="#sSpan21" value="ⲓ"/>
		<feat xlink:href="#sSpan23" value="ⲡⲁϩⲧ̅"/>
		<feat xlink:href="#sSpan25" value="ⲁ"/>
		<feat xlink:href="#sSpan31" value="ⲓ"/>
		<feat xlink:href="#sSpan33" value="ⲟⲩⲱϣⲧ̅"/>
		<feat xlink:href="#sSpan35" value="ⲛⲁ"/>
		<feat xlink:href="#sSpan39" value="ⲩ"/>
		<feat xlink:href="#sSpan41" value="·"/>
		<feat xlink:href="#sSpan45" value="ⲛ̅ⲧⲟⲟⲩ"/>
		<feat xlink:href="#sSpan52" value="ⲇⲉ"/>
		<feat xlink:href="#sSpan56" value="ⲁ"/>
		<feat xlink:href="#sSpan60" value="ⲩ"/>
		<feat xlink:href="#sSpan62" value="ⲧⲟⲩⲛⲟⲥ"/>
		<feat xlink:href="#sSpan66" value="ⲧ̅"/>
		<feat xlink:href="#sSpan68" value="ⲁ"/>
		<feat xlink:href="#sSpan74" value="ⲩ"/>
		<feat xlink:href="#sSpan77" value="ⲁⲥⲡⲁⲍⲉ"/>
		<feat xlink:href="#sSpan79" value="ⲙ̅ⲙⲟ"/>
		<feat xlink:href="#sSpan83" value="ⲓ"/>
		<feat xlink:href="#sSpan85" value="·"/>
		<feat xlink:href="#sSpan89" value="ⲛⲉ"/>
		<feat xlink:href="#sSpan95" value="ⲩ"/>
		<feat xlink:href="#sSpan97" value="ϣⲟⲟⲡ"/>
		<feat xlink:href="#sSpan99" value="ϩⲛ̅"/>
		<feat xlink:href="#sSpan103" value="ⲟⲩ"/>
		<feat xlink:href="#sSpan106" value="ⲛⲟϭ"/>
		<feat xlink:href="#sSpan108" value="ⲛ̅"/>
		<feat xlink:href="#sSpan113" value="ⲥϭⲣⲁϩⲧ̅"/>
		<feat xlink:href="#sSpan115" value="·"/>
		<feat xlink:href="#sSpan119" value="ⲉ"/>
		<feat xlink:href="#sSpan123" value="ⲩ"/>
		<feat xlink:href="#sSpan125" value="ⲟ"/>
		<feat xlink:href="#sSpan127" value="ⲛ̅"/>
		<feat xlink:href="#sSpan131" value="ⲑ"/>
		<feat xlink:href="#sSpan133" value="ⲉ"/>
		<feat xlink:href="#sSpan135" value="ⲛ̅"/>
		<feat xlink:href="#sSpan139" value="ⲛ"/>
		<feat xlink:href="#sSpan142" value="ⲉⲛⲧ"/>
		<feat xlink:href="#sSpan144" value="ⲁ"/>
		<feat xlink:href="#sSpan146" value="ⲩ"/>
		<feat xlink:href="#sSpan148" value="ⲡⲱⲛⲉ"/>
		<feat xlink:href="#sSpan150" value="ⲉ"/>
		<feat xlink:href="#sSpan154" value="ⲡ"/>
		<feat xlink:href="#sSpan157" value="ⲕⲉ"/>
		<feat xlink:href="#sSpan160" value="ⲁⲓⲱⲛ"/>
		<feat xlink:href="#sSpan162" value="ϩⲙ̅"/>
		<feat xlink:href="#sSpan167" value="ⲡⲉⲩ"/>
		<feat xlink:href="#sSpan170" value="ⲣⲁϣⲉ"/>
		<feat xlink:href="#sSpan172" value="ⲙⲛ̅"/>
		<feat xlink:href="#sSpan176" value="ⲡⲉⲩ"/>
		<feat xlink:href="#sSpan179" value="ⲥⲟⲗⲥⲗ̅"/>
		<feat xlink:href="#sSpan181" value="ⲉϩⲟⲩⲛ"/>
		<feat xlink:href="#sSpan185" value="ⲉⲣⲟ"/>
		<feat xlink:href="#sSpan189" value="ⲓ"/>
		<feat xlink:href="#sSpan191" value="·"/>
		<feat xlink:href="#sSpan195" value="ⲁ"/>
		<feat xlink:href="#sSpan201" value="ⲩ"/>
		<feat xlink:href="#sSpan203" value="ϭⲱ"/>
		<feat xlink:href="#sSpan206" value="ⲇⲉ"/>
		<feat xlink:href="#sSpan211" value="ⲉ"/>
		<feat xlink:href="#sSpan215" value="ⲩ"/>
		<feat xlink:href="#sSpan217" value="ⲕⲟⲧϥ̅"/>
		<feat xlink:href="#sSpan219" value="ⲛ̅"/>
		<feat xlink:href="#sSpan223" value="ⲛ̅"/>
		<feat xlink:href="#sSpan227" value="ⲕⲁⲣⲡⲟⲥ"/>
		<feat xlink:href="#sSpan229" value="ϩⲛ̅"/>
		<feat xlink:href="#sSpan233" value="ⲛ̅"/>
		<feat xlink:href="#sSpan236" value="ϣⲏⲛ"/>
		<feat xlink:href="#sSpan238" value="·"/>
		<feat xlink:href="#sSpan242" value="ⲉ"/>
		<feat xlink:href="#sSpan246" value="ⲩ"/>
		<feat xlink:href="#sSpan248" value="ϯ"/>
		<feat xlink:href="#sSpan250" value="ⲙ̅ⲙⲟ"/>
		<feat xlink:href="#sSpan254" value="ⲟⲩ"/>
		<feat xlink:href="#sSpan256" value="ⲉϩⲟⲩⲛ"/>
		<feat xlink:href="#sSpan261" value="ⲉ"/>
		<feat xlink:href="#sSpan265" value="ⲧⲁ"/>
		<feat xlink:href="#sSpan268" value="ⲧⲁⲡⲣⲟ"/>
		<feat xlink:href="#sSpan270" value="·"/>
		<feat xlink:href="#sSpan274" value="ⲁⲛⲟⲕ"/>
		<feat xlink:href="#sSpan281" value="ⲇⲉ"/>
		<feat xlink:href="#sSpan285" value="ⲁ"/>
		<feat xlink:href="#sSpan289" value="ⲡⲁ"/>
		<feat xlink:href="#sSpan292" value="ϩⲏⲧ"/>
		<feat xlink:href="#sSpan295" value="ⲉⲩⲫⲣⲁⲛⲉ"/>
		<feat xlink:href="#sSpan299" value="·"/>
		<feat xlink:href="#sSpan303" value="ⲉⲧⲃⲉ"/>
		<feat xlink:href="#sSpan308" value="ⲑ"/>
		<feat xlink:href="#sSpan311" value="ⲉ"/>
		<feat xlink:href="#sSpan313" value="ⲉⲧ"/>
		<feat xlink:href="#sSpan317" value="ⲟⲩ"/>
		<feat xlink:href="#sSpan319" value="ϩⲗⲟⲗⲉ"/>
		<feat xlink:href="#sSpan321" value="ⲉϩⲟⲩⲛ"/>
		<feat xlink:href="#sSpan325" value="ⲉⲣⲟ"/>
		<feat xlink:href="#sSpan329" value="ⲓ"/>
		<feat xlink:href="#sSpan331" value="·"/>
		<feat xlink:href="#sSpan335" value="ⲁ"/>
		<feat xlink:href="#sSpan341" value="ⲓ"/>
		<feat xlink:href="#sSpan343" value="ⲣ̅"/>
		<feat xlink:href="#sSpan345" value="ⲥⲁϣϥ̅"/>
		<feat xlink:href="#sSpan349" value="ⲅⲁⲣ"/>
		<feat xlink:href="#sSpan353" value="ⲛ̅"/>
		<feat xlink:href="#sSpan358" value="ϩⲟⲟⲩ"/>
		<feat xlink:href="#sSpan360" value="ϩⲁϩⲧⲏ"/>
		<feat xlink:href="#sSpan364" value="ⲩ"/>
		<feat xlink:href="#sSpan366" value="ⲛ̅"/>
		<feat xlink:href="#sSpan370" value="ⲟⲩⲱⲙ"/>
		<feat xlink:href="#sSpan373" value="ϩⲛ̅"/>
		<feat xlink:href="#sSpan377" value="ⲛ̅"/>
		<feat xlink:href="#sSpan381" value="ⲕⲁⲣⲡⲟⲥ"/>
		<feat xlink:href="#sSpan383" value="ⲛ̅"/>
		<feat xlink:href="#sSpan387" value="ⲛ̅"/>
		<feat xlink:href="#sSpan390" value="ϣⲏⲛ"/>
		<feat xlink:href="#sSpan392" value="·"/>
		<feat xlink:href="#sSpan396" value="ⲁ"/>
		<feat xlink:href="#sSpan403" value="ⲓ"/>
		<feat xlink:href="#sSpan405" value="ϫⲛⲟⲩ"/>
		<feat xlink:href="#sSpan407" value="ⲟⲩ"/>
		<feat xlink:href="#sSpan409" value="ϫⲉ"/>
		<feat xlink:href="#sSpan413" value="ⲉⲃⲟⲗ"/>
		<feat xlink:href="#sSpan416" value="ⲧⲱⲛ"/>
		<feat xlink:href="#sSpan421" value="ⲁ"/>
		<feat xlink:href="#sSpan425" value="ⲧⲉⲧⲛ̅"/>
		<feat xlink:href="#sSpan427" value="ⲉⲓ"/>
		<feat xlink:href="#sSpan430" value="ⲉ"/>
		<feat xlink:href="#sSpan434" value="ⲡⲉⲓ"/>
		<feat xlink:href="#sSpan437" value="ⲙⲁ"/>
		<feat xlink:href="#sSpan439" value="·"/>
		<feat xlink:href="#sSpan443" value="ⲁⲩⲱ"/>
		<feat xlink:href="#sSpan448" value="ⲛ̅"/>
		<feat xlink:href="#sSpan452" value="ⲧⲉⲧⲛ̅"/>
		<feat xlink:href="#sSpan454" value="ϩⲉⲛ"/>
		<feat xlink:href="#sSpan458" value="ⲣⲙ̅ⲧⲱⲛ"/>
		<feat xlink:href="#sSpan461" value="·"/>
		<feat xlink:href="#sSpan465" value="Ⲡⲉϫⲁ"/>
		<feat xlink:href="#sSpan471" value="ⲩ"/>
		<feat xlink:href="#sSpan473" value="ⲛⲁ"/>
		<feat xlink:href="#sSpan478" value="ϥ"/>
		<feat xlink:href="#sSpan480" value="·"/>
		<feat xlink:href="#sSpan484" value="ϫⲉ"/>
		<feat xlink:href="#sSpan488" value="ⲡⲉⲛ"/>
		<feat xlink:href="#sSpan491" value="ⲥⲟⲛ"/>
		<feat xlink:href="#sSpan494" value="·"/>
		<feat xlink:href="#sSpan498" value="ⲁ"/>
		<feat xlink:href="#sSpan502" value="ⲡ"/>
		<feat xlink:href="#sSpan505" value="ⲛⲟⲩⲧⲉ"/>
		<feat xlink:href="#sSpan507" value="ⲧⲛ̅ⲛⲟⲟⲩ"/>
		<feat xlink:href="#sSpan511" value="ⲕ"/>
		<feat xlink:href="#sSpan513" value="ϣⲁⲣⲟ"/>
		<feat xlink:href="#sSpan517" value="ⲛ"/>
		<feat xlink:href="#sSpan519" value="ⲧⲛ̅"/>
		<feat xlink:href="#sSpan523" value="ⲛⲁ"/>
		<feat xlink:href="#sSpan525" value="ϫⲱ"/>
		<feat xlink:href="#sSpan527" value="ⲉⲣⲟ"/>
		<feat xlink:href="#sSpan531" value="ⲕ"/>
		<feat xlink:href="#sSpan533" value="ⲙ̅"/>
		<feat xlink:href="#sSpan538" value="ⲡⲉⲛ"/>
		<feat xlink:href="#sSpan542" value="ⲃⲓⲟⲥ"/>
		<feat xlink:href="#sSpan544" value="ⲧⲏⲣ"/>
		<feat xlink:href="#sSpan548" value="ϥ̅"/>
		<feat xlink:href="#sSpan550" value="·"/>
		<feat xlink:href="#sSpan554" value="ⲁⲛⲟⲛ"/>
		<feat xlink:href="#sSpan561" value="ⲅⲁⲣ"/>
		<feat xlink:href="#sSpan565" value="ⲁⲛⲟⲛ"/>
		<feat xlink:href="#sSpan569" value="ⲛ̅"/>
		<feat xlink:href="#sSpan574" value="ⲣⲙ̅"/>
		<feat xlink:href="#sSpan576" value="ⲟⲩ"/>
		<feat xlink:href="#sSpan582" value="ⲡⲟⲗⲓⲥ"/>
		<feat xlink:href="#sSpan585" value="ⲛ̅ⲧⲉ"/>
		<feat xlink:href="#sSpan589" value="ⲕⲏⲙⲉ"/>
		<feat xlink:href="#sSpan592" value="ϫⲉ"/>
		<feat xlink:href="#sSpan596" value="ⲡⲙ̅ϫⲉ"/>
		<feat xlink:href="#sSpan598" value="·"/>
		<feat xlink:href="#sSpan602" value="ⲛⲉⲛ"/>
		<feat xlink:href="#sSpan609" value="ⲉⲓⲟⲟⲧⲉ"/>
		<feat xlink:href="#sSpan612" value="ⲇⲉ"/>
		<feat xlink:href="#sSpan616" value="ⲛⲉ"/>
		<feat xlink:href="#sSpan620" value="ϩⲉⲛ"/>
		<feat xlink:href="#sSpan625" value="ⲃⲟⲩⲗⲉⲩⲧⲏⲥ"/>
		<feat xlink:href="#sSpan627" value="ⲛⲉ"/>
		<feat xlink:href="#sSpan631" value="ⲛ̅ⲧⲉ"/>
		<feat xlink:href="#sSpan635" value="ⲧ"/>
		<feat xlink:href="#sSpan639" value="ⲡⲟⲗⲓⲥ"/>
		<feat xlink:href="#sSpan641" value="·"/>
		<feat xlink:href="#sSpan645" value="ⲁⲛⲟⲛ"/>
		<feat xlink:href="#sSpan650" value="ⲇⲉ"/>
		<feat xlink:href="#sSpan654" value="ⲁ"/>
		<feat xlink:href="#sSpan658" value="ⲩ"/>
		<feat xlink:href="#sSpan660" value="ⲛⲟϫ"/>
		<feat xlink:href="#sSpan663" value="ⲛ̅"/>
		<feat xlink:href="#sSpan665" value="ⲉ"/>
		<feat xlink:href="#sSpan669" value="ⲧ"/>
		<feat xlink:href="#sSpan672" value="ⲁⲛⲍⲏⲃⲉ"/>
		<feat xlink:href="#sSpan674" value="·"/>
		<feat xlink:href="#sSpan678" value="ⲉ"/>
		<feat xlink:href="#sSpan682" value="ⲧⲣⲉ"/>
		<feat xlink:href="#sSpan684" value="ⲩ"/>
		<feat xlink:href="#sSpan687" value="ⲡⲁⲓⲇⲉⲩⲉ"/>
		<feat xlink:href="#sSpan689" value="ⲙ̅ⲙⲟ"/>
		<feat xlink:href="#sSpan693" value="ⲛ"/>
		<feat xlink:href="#sSpan695" value="·"/>
		<feat xlink:href="#sSpan699" value="ⲛⲉ"/>
		<feat xlink:href="#sSpan705" value="ⲛ"/>
		<feat xlink:href="#sSpan707" value="ϣⲟⲟⲡ"/>
		<feat xlink:href="#sSpan711" value="ⲇⲉ"/>
		<feat xlink:href="#sSpan715" value="ϩⲉⲛ"/>
		<feat xlink:href="#sSpan720" value="ϯ"/>
		<feat xlink:href="#sSpan722" value="ⲁⲛⲍⲏⲃⲉ"/>
		<feat xlink:href="#sSpan724" value="ⲛ̅"/>
		<feat xlink:href="#sSpan728" value="ⲟⲩⲱⲧ"/>
		<feat xlink:href="#sSpan730" value="ⲙⲛ̅"/>
		<feat xlink:href="#sSpan734" value="ⲛⲉⲛ"/>
		<feat xlink:href="#sSpan736" value="ⲉⲣⲏⲩ"/>
		<feat xlink:href="#sSpan738" value="·"/>
		<feat xlink:href="#sSpan742" value="ⲉ"/>
		<feat xlink:href="#sSpan746" value="ⲛ"/>
		<feat xlink:href="#sSpan748" value="ⲟ"/>
		<feat xlink:href="#sSpan750" value="ⲛ̅"/>
		<feat xlink:href="#sSpan755" value="ⲟⲩ"/>
		<feat xlink:href="#sSpan758" value="ϩⲏⲧ"/>
		<feat xlink:href="#sSpan760" value="ⲛ̅"/>
		<feat xlink:href="#sSpan764" value="ⲟⲩⲱⲧ"/>
		<feat xlink:href="#sSpan766" value="·"/>
		<feat xlink:href="#sSpan770" value="Ⲛ̅ⲧⲉⲣ"/>
		<feat xlink:href="#sSpan778" value="ⲛ̅"/>
		<feat xlink:href="#sSpan781" value="ⲡⲁⲓⲇⲉⲩⲉ"/>
		<feat xlink:href="#sSpan784" value="ⲇⲉ"/>
		<feat xlink:href="#sSpan788" value="ϩⲉⲛ"/>
		<feat xlink:href="#sSpan792" value="ⲧ"/>
		<feat xlink:href="#sSpan795" value="ⲁⲛⲍⲏⲃⲉ"/>
		<feat xlink:href="#sSpan797" value="·"/>
		<feat xlink:href="#sSpan801" value="ⲁ"/>
		<feat xlink:href="#sSpan805" value="ⲩ"/>
		<feat xlink:href="#sSpan807" value="ⲛⲟϫ"/>
		<feat xlink:href="#sSpan809" value="ⲛ̅"/>
		<feat xlink:href="#sSpan811" value="ⲉ"/>
		<feat xlink:href="#sSpan815" value="ⲡ"/>
		<feat xlink:href="#sSpan819" value="ⲍⲏⲙⲓⲟⲛ"/>
		<feat xlink:href="#sSpan822" value="ⲛ̅ⲧⲉⲣ"/>
		<feat xlink:href="#sSpan826" value="ⲟⲩ"/>
		<feat xlink:href="#sSpan829" value="ⲡⲁⲓⲇⲉⲩⲉ"/>
		<feat xlink:href="#sSpan831" value="ⲙ̅ⲙⲟ"/>
		<feat xlink:href="#sSpan835" value="ⲛ"/>
		<feat xlink:href="#sSpan837" value="·"/>
		<feat xlink:href="#sSpan842" value="ⲕⲁⲗⲱⲥ"/>
		<feat xlink:href="#sSpan848" value="ϩⲛ̅"/>
		<feat xlink:href="#sSpan852" value="ⲟⲩ"/>
		<feat xlink:href="#sSpan855" value="ⲱⲣϫ̅"/>
		<feat xlink:href="#sSpan857" value="ⲛⲓⲙ"/>
		<feat xlink:href="#sSpan862" value="ϩⲓ"/>
		<feat xlink:href="#sSpan867" value="ⲥⲟⲫⲓⲁ"/>
		<feat xlink:href="#sSpan870" value="ⲛⲓⲙ"/>
		<feat xlink:href="#sSpan874" value="ⲛ̅ⲧⲉ"/>
		<feat xlink:href="#sSpan878" value="ⲡⲉⲓ"/>
		<feat xlink:href="#sSpan882" value="ⲕⲟⲥⲙⲟⲥ"/>
		<feat xlink:href="#sSpan884" value="·"/>
		<feat xlink:href="#sSpan888" value="ⲛ̅"/>
		<feat xlink:href="#sSpan892" value="ⲟⲩⲉϣ"/>
		<feat xlink:href="#sSpan895" value="ⲡⲁⲓⲇⲉⲩⲉ"/>
		<feat xlink:href="#sSpan901" value="ⲇⲉ"/>
		<feat xlink:href="#sSpan905" value="ⲧⲉⲛⲟⲩ"/>
		<feat xlink:href="#sSpan909" value="ϩⲛ̅"/>
		<feat xlink:href="#sSpan913" value="ⲧ"/>
		<feat xlink:href="#sSpan917" value="ⲥⲟⲫⲓⲁ"/>
		<feat xlink:href="#sSpan919" value="ⲙ̅"/>
		<feat xlink:href="#sSpan923" value="ⲡ"/>
		<feat xlink:href="#sSpan926" value="ⲛⲟⲩⲧⲉ"/>
		<feat xlink:href="#sSpan928" value="·"/>
		<feat xlink:href="#sSpan932" value="ⲟⲩ"/>
		<feat xlink:href="#sSpan939" value="ϩⲟⲟⲩ"/>
		<feat xlink:href="#sSpan942" value="ⲇⲉ"/>
		<feat xlink:href="#sSpan947" value="ⲉⲃⲟⲗ"/>
		<feat xlink:href="#sSpan952" value="ϩⲛ̅"/>
		<feat xlink:href="#sSpan956" value="ⲟⲩ"/>
		<feat xlink:href="#sSpan959" value="ϩⲟⲟⲩ"/>
		<feat xlink:href="#sSpan961" value="·"/>
		<feat xlink:href="#sSpan965" value="ⲛ̅"/>
		<feat xlink:href="#sSpan969" value="ϣⲁϫⲉ"/>
		<feat xlink:href="#sSpan971" value="ⲙⲛ̅"/>
		<feat xlink:href="#sSpan975" value="ⲛⲉⲛ"/>
		<feat xlink:href="#sSpan977" value="ⲉⲣⲏⲩ"/>
		<feat xlink:href="#sSpan979" value="ϩⲉⲛ"/>
		<feat xlink:href="#sSpan983" value="ⲛⲉⲓ"/>
		<feat xlink:href="#sSpan987" value="ϣⲁϫⲉ"/>
		<feat xlink:href="#sSpan989" value="·"/>
		<feat xlink:href="#sSpan993" value="ⲁ"/>
		<feat xlink:href="#sSpan997" value="ⲡ"/>
		<feat xlink:href="#sSpan1000" value="ⲙⲉⲉⲩⲉ"/>
		<feat xlink:href="#sSpan1002" value="ⲉⲧ"/>
		<feat xlink:href="#sSpan1006" value="ⲛⲁⲛⲟⲩ"/>
		<feat xlink:href="#sSpan1008" value="ϥ"/>
		<feat xlink:href="#sSpan1011" value="ⲣ̅ϩⲱⲃ"/>
		<feat xlink:href="#sSpan1016" value="ϩⲙ̅"/>
		<feat xlink:href="#sSpan1020" value="ⲡⲉⲛ"/>
		<feat xlink:href="#sSpan1024" value="ⲣⲱⲙⲉ"/>
		<feat xlink:href="#sSpan1026" value="·"/>
		<feat xlink:href="#sSpan1030" value="ⲉⲧ"/>
		<feat xlink:href="#sSpan1035" value="ϩⲓϩⲟⲩⲛ"/>
		<feat xlink:href="#sSpan1037" value="·"/>
		<feat xlink:href="#sSpan1041" value="ⲁ"/>
		<feat xlink:href="#sSpan1047" value="ⲛ"/>
		<feat xlink:href="#sSpan1049" value="ⲧⲱⲟⲩⲛ"/>
		<feat xlink:href="#sSpan1051" value="ⲙ̅"/>
		<feat xlink:href="#sSpan1055" value="ⲡ"/>
		<feat xlink:href="#sSpan1058" value="ϥ̅ⲧⲟⲟⲩ"/>
		<feat xlink:href="#sSpan1060" value="ⲁ"/>
		<feat xlink:href="#sSpan1067" value="ⲛ"/>
		<feat xlink:href="#sSpan1069" value="ⲧⲁⲁ"/>
		<feat xlink:href="#sSpan1071" value="ⲛ"/>
		<feat xlink:href="#sSpan1073" value="ⲉϩⲟⲩⲛ"/>
		<feat xlink:href="#sSpan1077" value="ⲉ"/>
		<feat xlink:href="#sSpan1081" value="ⲡ"/>
		<feat xlink:href="#sSpan1084" value="ⲧⲟⲟⲩ"/>
		<feat xlink:href="#sSpan1086" value="·"/>
		<feat xlink:href="#sSpan1090" value="ⲉ"/>
		<feat xlink:href="#sSpan1094" value="ⲧⲣ"/>
		<feat xlink:href="#sSpan1096" value="ⲛ̅"/>
		<feat xlink:href="#sSpan1099" value="ⲉⲥⲩⲭⲁⲍⲉ"/>
		<feat xlink:href="#sSpan1101" value="ⲙ̅ⲙⲟ"/>
		<feat xlink:href="#sSpan1105" value="ⲛ"/>
		<feat xlink:href="#sSpan1107" value="·"/>
		<feat xlink:href="#sSpan1111" value="ϣⲁⲛⲧ"/>
		<feat xlink:href="#sSpan1116" value="ⲛ̅"/>
		<feat xlink:href="#sSpan1118" value="ⲛⲁⲩ"/>
		<feat xlink:href="#sSpan1120" value="ⲉ"/>
		<feat xlink:href="#sSpan1124" value="ⲑ"/>
		<feat xlink:href="#sSpan1126" value="ⲉ"/>
		<feat xlink:href="#sSpan1128" value="ⲉⲧⲉⲣⲉ"/>
		<feat xlink:href="#sSpan1132" value="ⲡ"/>
		<feat xlink:href="#sSpan1135" value="ϫⲥ̅"/>
		<feat xlink:href="#sSpan1137" value="ⲛⲁ"/>
		<feat xlink:href="#sSpan1141" value="ⲧⲟϣ"/>
		<feat xlink:href="#sSpan1143" value="ⲛ̅"/>
		<feat xlink:href="#sSpan1145" value="ⲙ̅ⲙⲟ"/>
		<feat xlink:href="#sSpan1149" value="ⲥ"/>
		<feat xlink:href="#sSpan1151" value="·"/>
		<feat xlink:href="#sSpan1155" value="ⲁ"/>
		<feat xlink:href="#sSpan1162" value="ⲛ"/>
		<feat xlink:href="#sSpan1164" value="ϫⲓⲥⲉ"/>
		<feat xlink:href="#sSpan1166" value="ⲛⲙ̅ⲙⲁ"/>
		<feat xlink:href="#sSpan1170" value="ⲛ"/>
		<feat xlink:href="#sSpan1172" value="ⲛ̅"/>
		<feat xlink:href="#sSpan1176" value="ϩⲉⲛ"/>
		<feat xlink:href="#sSpan1179" value="ⲕⲟⲩⲓ"/>
		<feat xlink:href="#sSpan1181" value="ⲛ̅"/>
		<feat xlink:href="#sSpan1185" value="ⲟⲉⲓⲕ"/>
		<feat xlink:href="#sSpan1187" value="ⲛ̅"/>
		<feat xlink:href="#sSpan1191" value="ⲁ"/>
		<feat xlink:href="#sSpan1193" value="ⲡϣⲁⲩ"/>
		<feat xlink:href="#sSpan1195" value="ⲛ̅"/>
		<feat xlink:href="#sSpan1199" value="ⲥⲁϣϥ̅"/>
		<feat xlink:href="#sSpan1203" value="ⲛ̅"/>
		<feat xlink:href="#sSpan1207" value="ϩⲟⲟⲩ"/>
		<feat xlink:href="#sSpan1209" value="·"/>
		<feat xlink:href="#sSpan1213" value="Ⲛ̅ⲧⲉⲣ"/>
		<feat xlink:href="#sSpan1221" value="ⲛ̅"/>
		<feat xlink:href="#sSpan1223" value="ⲟⲩⲉ"/>
		<feat xlink:href="#sSpan1226" value="ⲇⲉ"/>
		<feat xlink:href="#sSpan1230" value="ⲉϩⲟⲩⲛ"/>
		<feat xlink:href="#sSpan1234" value="ϩⲙ̅"/>
		<feat xlink:href="#sSpan1238" value="ⲡ"/>
		<feat xlink:href="#sSpan1241" value="ⲧⲟⲟⲩ"/>
		<feat xlink:href="#sSpan1243" value="·"/>
		<feat xlink:href="#sSpan1247" value="ⲛ̅"/>
		<feat xlink:href="#sSpan1251" value="ⲧⲉ"/>
		<feat xlink:href="#sSpan1253" value="ⲩⲛⲟⲩ"/>
		<feat xlink:href="#sSpan1255" value="ⲁ"/>
		<feat xlink:href="#sSpan1259" value="ⲩ"/>
		<feat xlink:href="#sSpan1263" value="ⲉⲕⲥⲧⲁⲥⲓⲥ"/>
		<feat xlink:href="#sSpan1266" value="ϩⲉ"/>
		<feat xlink:href="#sSpan1271" value="ⲉϩⲣⲁⲓ̈"/>
		<feat xlink:href="#sSpan1275" value="ⲉϫⲱ"/>
		<feat xlink:href="#sSpan1279" value="ⲛ"/>
		<feat xlink:href="#sSpan1281" value="·"/>
		<feat xlink:href="#sSpan1285" value="ⲁ"/>
		<feat xlink:href="#sSpan1291" value="ⲩ"/>
		<feat xlink:href="#sSpan1294" value="ⲣⲱⲙⲉ"/>
		<feat xlink:href="#sSpan1296" value="ⲉ"/>
		<feat xlink:href="#sSpan1300" value="ϥ"/>
		<feat xlink:href="#sSpan1302" value="ⲟ"/>
		<feat xlink:href="#sSpan1304" value="ⲛ̅"/>
		<feat xlink:href="#sSpan1308" value="ⲟⲩⲟⲉⲓⲛ"/>
		<feat xlink:href="#sSpan1311" value="ⲧⲏⲣ"/>
		<feat xlink:href="#sSpan1316" value="ϥ̅"/>
		<feat xlink:href="#sSpan1318" value="ⲁⲙⲁϩⲧⲉ"/>
		<feat xlink:href="#sSpan1322" value="ⲛ̅"/>
		<feat xlink:href="#sSpan1326" value="ⲧⲛ̅"/>
		<feat xlink:href="#sSpan1329" value="ϭⲓϫ"/>
		<feat xlink:href="#sSpan1331" value="·"/>
		<feat xlink:href="#sSpan1335" value="ⲁ"/>
		<feat xlink:href="#sSpan1341" value="ϥ̅"/>
		<feat xlink:href="#sSpan1343" value="ⲛⲧ"/>
		<feat xlink:href="#sSpan1345" value="ⲛ̅"/>
		<feat xlink:href="#sSpan1347" value="ⲉ"/>
		<feat xlink:href="#sSpan1351" value="ⲡⲉⲓ"/>
		<feat xlink:href="#sSpan1354" value="ⲙⲁ"/>
		<feat xlink:href="#sSpan1356" value="·"/>
		<feat xlink:href="#sSpan1360" value="ⲛ̅"/>
		<feat xlink:href="#sSpan1367" value="ⲧⲉⲛ"/>
		<feat xlink:href="#sSpan1369" value="ⲉⲓ"/>
		<feat xlink:href="#sSpan1372" value="ⲇⲉ"/>
		<feat xlink:href="#sSpan1376" value="ⲉ"/>
		<feat xlink:href="#sSpan1380" value="ⲡⲉⲓ"/>
		<feat xlink:href="#sSpan1383" value="ⲙⲁ"/>
		<feat xlink:href="#sSpan1385" value="·"/>
		<feat xlink:href="#sSpan1389" value="ⲁ"/>
		<feat xlink:href="#sSpan1393" value="ⲛ"/>
		<feat xlink:href="#sSpan1395" value="ϭⲓⲛⲉ"/>
		<feat xlink:href="#sSpan1397" value="ⲛ̅"/>
		<feat xlink:href="#sSpan1401" value="ⲟⲩ"/>
		<feat xlink:href="#sSpan1404" value="ⲣⲱⲙⲉ"/>
		<feat xlink:href="#sSpan1406" value="ⲛ̅"/>
		<feat xlink:href="#sSpan1411" value="ϩⲁⲅⲓⲟⲥ"/>
		<feat xlink:href="#sSpan1413" value="ⲛ̅ⲧⲉ"/>
		<feat xlink:href="#sSpan1418" value="ⲡ"/>
		<feat xlink:href="#sSpan1421" value="ⲛⲟⲩⲧⲉ"/>
		<feat xlink:href="#sSpan1423" value="·"/>
		<feat xlink:href="#sSpan1427" value="ⲁⲩⲱ"/>
		<feat xlink:href="#sSpan1431" value="ⲁ"/>
		<feat xlink:href="#sSpan1435" value="ⲡ"/>
		<feat xlink:href="#sSpan1439" value="ⲁⲅⲅⲉⲗⲟⲥ"/>
		<feat xlink:href="#sSpan1441" value="ⲙ̅"/>
		<feat xlink:href="#sSpan1445" value="ⲡ"/>
		<feat xlink:href="#sSpan1448" value="ϫⲥ̅"/>
		<feat xlink:href="#sSpan1450" value="ⲧⲁⲁ"/>
		<feat xlink:href="#sSpan1454" value="ⲛ"/>
		<feat xlink:href="#sSpan1456" value="ⲉⲧⲟⲟⲧ"/>
		<feat xlink:href="#sSpan1461" value="ϥ̅"/>
		<feat xlink:href="#sSpan1463" value="ⲁ"/>
		<feat xlink:href="#sSpan1469" value="ϥ"/>
		<feat xlink:href="#sSpan1471" value="ϭⲱ"/>
		<feat xlink:href="#sSpan1474" value="ⲉ"/>
		<feat xlink:href="#sSpan1478" value="ϥ"/>
		<feat xlink:href="#sSpan1480" value="ⲧⲥⲁⲃⲟ"/>
		<feat xlink:href="#sSpan1482" value="ⲙ̅ⲙⲟ"/>
		<feat xlink:href="#sSpan1486" value="ⲛ"/>
		<feat xlink:href="#sSpan1488" value="ⲉ"/>
		<feat xlink:href="#sSpan1493" value="ⲣ̅ϩⲙ̅ϩⲁⲗ"/>
		<feat xlink:href="#sSpan1496" value="ⲙ̅"/>
		<feat xlink:href="#sSpan1500" value="ⲡ"/>
		<feat xlink:href="#sSpan1504" value="ⲛⲟⲩⲧⲉ"/>
		<feat xlink:href="#sSpan1506" value="ⲛ̅"/>
		<feat xlink:href="#sSpan1510" value="ⲟⲩ"/>
		<feat xlink:href="#sSpan1513" value="ⲣⲟⲙⲡⲉ"/>
		<feat xlink:href="#sSpan1515" value="ⲛ̅"/>
		<feat xlink:href="#sSpan1519" value="ϩⲟⲟⲩ"/>
		<feat xlink:href="#sSpan1521" value="·"/>
		<feat xlink:href="#sSpan1525" value="ϩⲙ̅"/>
		<feat xlink:href="#sSpan1531" value="ⲡ"/>
		<feat xlink:href="#sSpan1534" value="ϫⲱⲕ"/>
		<feat xlink:href="#sSpan1537" value="ⲇⲉ"/>
		<feat xlink:href="#sSpan1541" value="ⲛ̅"/>
		<feat xlink:href="#sSpan1545" value="ⲧ"/>
		<feat xlink:href="#sSpan1550" value="ⲣⲟⲙⲡⲉ"/>
		<feat xlink:href="#sSpan1552" value="ⲁ"/>
		<feat xlink:href="#sSpan1556" value="ϥ"/>
		<feat xlink:href="#sSpan1558" value="ⲙ̅ⲧⲟⲛ"/>
		<feat xlink:href="#sSpan1560" value="ⲙ̅ⲙⲟ"/>
		<feat xlink:href="#sSpan1564" value="ϥ"/>
		<feat xlink:href="#sSpan1566" value="ⲛ̅ϭⲓ"/>
		<feat xlink:href="#sSpan1570" value="ⲡ"/>
		<feat xlink:href="#sSpan1573" value="ϩⲗ̅ⲗⲟ"/>
		<feat xlink:href="#sSpan1575" value="ⲉⲧ"/>
		<feat xlink:href="#sSpan1579" value="ⲟⲩⲁⲁⲃ"/>
		<feat xlink:href="#sSpan1581" value="ⲙ̅"/>
		<feat xlink:href="#sSpan1587" value="ⲙⲁⲕⲁⲣⲓⲟⲥ"/>
		<feat xlink:href="#sSpan1589" value="·"/>
		<feat xlink:href="#sSpan1593" value="ⲁⲛⲟⲛ"/>
		<feat xlink:href="#sSpan1600" value="ⲇⲉ"/>
		<feat xlink:href="#sSpan1604" value="ⲙⲁⲩⲁⲁ"/>
		<feat xlink:href="#sSpan1608" value="ⲛ"/>
		<feat xlink:href="#sSpan1610" value="ⲡ"/>
		<feat xlink:href="#sSpan1615" value="ⲉⲧ"/>
		<feat xlink:href="#sSpan1617" value="ϣⲟⲟⲡ"/>
		<feat xlink:href="#sSpan1619" value="ⲙ̅"/>
		<feat xlink:href="#sSpan1623" value="ⲡⲉⲓ"/>
		<feat xlink:href="#sSpan1627" value="ⲙⲁ"/>
		<feat xlink:href="#sSpan1630" value="ⲱ̅"/>
		<feat xlink:href="#sSpan1634" value="ⲡⲉⲛ"/>
		<feat xlink:href="#sSpan1639" value="ϫⲥ̅"/>
		<feat xlink:href="#sSpan1641" value="ⲛ̅"/>
		<feat xlink:href="#sSpan1645" value="ⲥⲟⲛ"/>
		<feat xlink:href="#sSpan1647" value="·"/>
		<feat xlink:href="#sSpan1651" value="ⲉⲓⲥ"/>
		<feat xlink:href="#sSpan1658" value="ϩⲏⲏⲧⲉ"/>
		<feat xlink:href="#sSpan1660" value="ⲧⲛ̅"/>
		<feat xlink:href="#sSpan1665" value="ϩⲟⲙⲟⲗⲟⲅⲉⲓ"/>
		<feat xlink:href="#sSpan1667" value="ⲛⲁ"/>
		<feat xlink:href="#sSpan1672" value="ⲕ"/>
		<feat xlink:href="#sSpan1674" value="ⲙ̅"/>
		<feat xlink:href="#sSpan1678" value="ⲡ"/>
		<feat xlink:href="#sSpan1681" value="ϫⲥ̅"/>
		<feat xlink:href="#sSpan1683" value="·"/>
		<feat xlink:href="#sSpan1687" value="ϫⲉ"/>
		<feat xlink:href="#sSpan1691" value="ⲉⲓⲥ"/>
		<feat xlink:href="#sSpan1693" value="ⲥⲉ"/>
		<feat xlink:href="#sSpan1696" value="ⲛ̅"/>
		<feat xlink:href="#sSpan1700" value="ⲣⲟⲙⲡⲉ"/>
		<feat xlink:href="#sSpan1702" value="·"/>
		<feat xlink:href="#sSpan1706" value="ⲧⲛ̅"/>
		<feat xlink:href="#sSpan1710" value="ⲥⲟⲟⲩⲛ"/>
		<feat xlink:href="#sSpan1712" value="ⲁⲛ"/>
		<feat xlink:href="#sSpan1716" value="ⲛ̅"/>
		<feat xlink:href="#sSpan1720" value="ϯⲡⲉ"/>
		<feat xlink:href="#sSpan1724" value="ⲛ̅"/>
		<feat xlink:href="#sSpan1729" value="ⲟⲉⲓⲕ"/>
		<feat xlink:href="#sSpan1732" value="·"/>
		<feat xlink:href="#sSpan1737" value="ⲟⲩⲇⲉ"/>
		<feat xlink:href="#sSpan1741" value="ⲗⲁⲁⲩ"/>
		<feat xlink:href="#sSpan1746" value="ⲛ̅"/>
		<feat xlink:href="#sSpan1751" value="ⲧⲣⲟⲫⲏ"/>
		<feat xlink:href="#sSpan1753" value="·"/>
		<feat xlink:href="#sSpan1757" value="ⲛ̅ⲥⲁ"/>
		<feat xlink:href="#sSpan1761" value="ⲛⲉⲓ"/>
		<feat xlink:href="#sSpan1764" value="·"/>
		<feat xlink:href="#sSpan1768" value="ϣⲏⲛ"/>
		<feat xlink:href="#sSpan1773" value="ⲙ̅ⲙⲁⲧⲉ"/>
		<feat xlink:href="#sSpan1777" value="·"/>
		<feat xlink:href="#sSpan1781" value="ⲉ"/>
		<feat xlink:href="#sSpan1785" value="ⲛ"/>
		<feat xlink:href="#sSpan1787" value="ⲟⲛϩ̅"/>
		<feat xlink:href="#sSpan1789" value="ⲉ"/>
		<feat xlink:href="#sSpan1793" value="ⲛⲉⲩ"/>
		<feat xlink:href="#sSpan1797" value="ⲕⲁⲣⲡⲟⲥ"/>
		<feat xlink:href="#sSpan1799" value="·"/>
		<feat xlink:href="#sSpan1803" value="ⲉⲛϣⲁⲛ"/>
		<feat xlink:href="#sSpan1809" value="ⲟⲩⲱϣ"/>
		<feat xlink:href="#sSpan1812" value="ⲅⲁⲣ"/>
		<feat xlink:href="#sSpan1817" value="ⲉ"/>
		<feat xlink:href="#sSpan1821" value="ⲛⲁⲩ"/>
		<feat xlink:href="#sSpan1823" value="ⲉ"/>
		<feat xlink:href="#sSpan1827" value="ⲛⲉⲛ"/>
		<feat xlink:href="#sSpan1829" value="ⲉⲣⲏⲩ"/>
		<feat xlink:href="#sSpan1831" value="·"/>
		<feat xlink:href="#sSpan1835" value="ⲛ̅"/>
		<feat xlink:href="#sSpan1839" value="ⲛⲏⲩ"/>
		<feat xlink:href="#sSpan1842" value="ⲕⲁⲧⲁ"/>
		<feat xlink:href="#sSpan1847" value="ϩⲃ̅ⲇⲱⲙⲁⲥ"/>
		<feat xlink:href="#sSpan1850" value="ⲉ"/>
		<feat xlink:href="#sSpan1855" value="ⲡⲉⲓ"/>
		<feat xlink:href="#sSpan1858" value="ⲙⲁ"/>
		<feat xlink:href="#sSpan1860" value="ⲛ̅"/>
		<feat xlink:href="#sSpan1864" value="ⲛⲁⲩ"/>
		<feat xlink:href="#sSpan1866" value="ⲉ"/>
		<feat xlink:href="#sSpan1870" value="ⲛⲉⲛ"/>
		<feat xlink:href="#sSpan1872" value="ⲉⲣⲏⲩ"/>
		<feat xlink:href="#sSpan1874" value="·"/>
		<feat xlink:href="#sSpan1878" value="ⲛ̅"/>
		<feat xlink:href="#sSpan1882" value="ⲧⲛ̅"/>
		<feat xlink:href="#sSpan1884" value="ⲣ̅"/>
		<feat xlink:href="#sSpan1886" value="ⲧⲉ"/>
		<feat xlink:href="#sSpan1889" value="ⲩϣⲏ"/>
		<feat xlink:href="#sSpan1891" value="ⲧⲏⲣ"/>
		<feat xlink:href="#sSpan1895" value="ⲥ̅"/>
		<feat xlink:href="#sSpan1897" value="ⲛ̅"/>
		<feat xlink:href="#sSpan1902" value="ⲧ"/>
		<feat xlink:href="#sSpan1906" value="ⲕⲩⲣⲓⲁⲕⲏ"/>
		<feat xlink:href="#sSpan1908" value="ⲙⲛ̅"/>
		<feat xlink:href="#sSpan1912" value="ⲛⲉⲛ"/>
		<feat xlink:href="#sSpan1914" value="ⲉⲣⲏⲩ"/>
		<feat xlink:href="#sSpan1916" value="·"/>
		<feat xlink:href="#sSpan1920" value="ⲙⲛ̅ⲛ̅ⲥⲱ"/>
		<feat xlink:href="#sSpan1924" value="ⲥ"/>
		<feat xlink:href="#sSpan1926" value="ⲛ̅ⲧⲉ"/>
		<feat xlink:href="#sSpan1930" value="ⲡ"/>
		<feat xlink:href="#sSpan1933" value="ⲟⲩⲁ̅"/>
		<feat xlink:href="#sSpan1935" value="ⲡ"/>
		<feat xlink:href="#sSpan1940" value="ⲟⲩⲁ̅"/>
		<feat xlink:href="#sSpan1942" value="ⲃⲱⲕ"/>
		<feat xlink:href="#sSpan1946" value="ⲛ"/>
		<feat xlink:href="#sSpan1950" value="ϥ̅"/>
		<feat xlink:href="#sSpan1953" value="ⲡⲟⲗⲩⲧⲉⲩⲉ"/>
		<feat xlink:href="#sSpan1955" value="·"/>
		<feat xlink:href="#sSpan1959" value="ⲡⲉϫⲁ"/>
		<feat xlink:href="#sSpan1965" value="ⲓ"/>
		<feat xlink:href="#sSpan1968" value="ⲇⲉ"/>
		<feat xlink:href="#sSpan1972" value="ⲛⲁ"/>
		<feat xlink:href="#sSpan1976" value="ⲩ"/>
		<feat xlink:href="#sSpan1978" value="ϫⲉ"/>
		<feat xlink:href="#sSpan1982" value="ⲉ"/>
		<feat xlink:href="#sSpan1984" value="ⲧⲉⲧⲛ̅"/>
		<feat xlink:href="#sSpan1988" value="ⲥⲩⲛⲁⲅⲉ"/>
		<feat xlink:href="#sSpan1990" value="ⲧⲱⲛ"/>
		<feat xlink:href="#sSpan1994" value="·"/>
		<feat xlink:href="#sSpan1998" value="ⲡⲉϫⲁ"/>
		<feat xlink:href="#sSpan2004" value="ⲩ"/>
		<feat xlink:href="#sSpan2006" value="ⲛⲁ"/>
		<feat xlink:href="#sSpan2010" value="ⲓ"/>
		<feat xlink:href="#sSpan2012" value="ϫⲉ"/>
		<feat xlink:href="#sSpan2016" value="ⲛ̅"/>
		<feat xlink:href="#sSpan2018" value="ⲥⲟⲟⲩϩ"/>
		<feat xlink:href="#sSpan2020" value="ⲉ"/>
		<feat xlink:href="#sSpan2024" value="ⲡⲉⲓ"/>
		<feat xlink:href="#sSpan2027" value="ⲙⲁ"/>
		<feat xlink:href="#sSpan2030" value="ⲉⲧⲃⲉ"/>
		<feat xlink:href="#sSpan2034" value="ⲡⲉⲓ"/>
		<feat xlink:href="#sSpan2037" value="ϩⲱⲃ"/>
		<feat xlink:href="#sSpan2039" value="·"/>
		<feat xlink:href="#sSpan2044" value="ⲉⲡⲉⲓⲇⲏ"/>
		<feat xlink:href="#sSpan2049" value="ⲕⲁⲧⲁ"/>
		<feat xlink:href="#sSpan2054" value="ⲥⲁⲃⲃⲁⲧⲟⲛ"/>
		<feat xlink:href="#sSpan2057" value="ϣⲁ"/>
		<feat xlink:href="#sSpan2062" value="ϥ"/>
		<feat xlink:href="#sSpan2064" value="ⲉⲓ"/>
		<feat xlink:href="#sSpan2066" value="ⲛ̅ϭⲓ"/>
		<feat xlink:href="#sSpan2070" value="ⲟⲩ"/>
		<feat xlink:href="#sSpan2074" value="ⲁⲅⲅⲉⲗⲟⲥ"/>
		<feat xlink:href="#sSpan2076" value="ⲛ̅ⲧⲉ"/>
		<feat xlink:href="#sSpan2080" value="ⲡ"/>
		<feat xlink:href="#sSpan2083" value="ⲛⲟⲩⲧⲉ"/>
		<feat xlink:href="#sSpan2085" value="ⲛ"/>
		<feat xlink:href="#sSpan2089" value="ϥ̅"/>
		<feat xlink:href="#sSpan2092" value="ⲥⲩⲛⲁⲅⲉ"/>
		<feat xlink:href="#sSpan2094" value="ⲙ̅ⲙⲟ"/>
		<feat xlink:href="#sSpan2099" value="ⲛ"/>
		<feat xlink:href="#sSpan2101" value="ⲙ̅"/>
		<feat xlink:href="#sSpan2105" value="ⲡ"/>
		<feat xlink:href="#sSpan2109" value="ⲥⲁⲃⲃⲁⲧⲟⲛ"/>
		<feat xlink:href="#sSpan2111" value="·"/>
		<feat xlink:href="#sSpan2115" value="ⲙⲛ̅"/>
		<feat xlink:href="#sSpan2119" value="ⲧ"/>
		<feat xlink:href="#sSpan2123" value="ⲕⲩⲣⲓⲁⲕⲏ"/>
		<feat xlink:href="#sSpan2125" value="·"/>
		<feat xlink:href="#sSpan2129" value="ⲛⲉ"/>
		<feat xlink:href="#sSpan2135" value="ⲓ"/>
		<feat xlink:href="#sSpan2137" value="ϣⲟⲟⲡ"/>
		<feat xlink:href="#sSpan2140" value="ⲇⲉ"/>
		<feat xlink:href="#sSpan2145" value="ⲛⲙ̅ⲙⲁ"/>
		<feat xlink:href="#sSpan2149" value="ⲩ"/>
		<feat xlink:href="#sSpan2151" value="ⲉ"/>
		<feat xlink:href="#sSpan2155" value="ⲓ"/>
		<feat xlink:href="#sSpan2157" value="ⲣⲁϣⲉ"/>
		<feat xlink:href="#sSpan2159" value="ⲉⲙⲁⲧⲉ"/>
		<feat xlink:href="#sSpan2163" value="·"/>
		<feat xlink:href="#sSpan2167" value="Ϩⲣⲁⲓ"/>
		<feat xlink:href="#sSpan2176" value="ⲇⲉ"/>
		<feat xlink:href="#sSpan2180" value="ϩⲙ̅"/>
		<feat xlink:href="#sSpan2184" value="ⲡ"/>
		<feat xlink:href="#sSpan2188" value="ⲙⲉϩⲥⲁϣϥ̅"/>
		<feat xlink:href="#sSpan2191" value="ⲛ̅"/>
		<feat xlink:href="#sSpan2195" value="ϩⲟⲟⲩ"/>
		<feat xlink:href="#sSpan2197" value="ϥ"/>
		<feat xlink:href="#sSpan2201" value="ⲛⲏⲩ"/>
		<feat xlink:href="#sSpan2203" value="ⲛ̅ϭⲓ"/>
		<feat xlink:href="#sSpan2207" value="ⲟⲩ"/>
		<feat xlink:href="#sSpan2211" value="ⲁⲅⲅⲉⲗⲟⲥ"/>
		<feat xlink:href="#sSpan2214" value="ⲛ̅ⲧⲉ"/>
		<feat xlink:href="#sSpan2218" value="ⲡ"/>
		<feat xlink:href="#sSpan2221" value="ϫⲥ̅"/>
		<feat xlink:href="#sSpan2223" value="·"/>
		<feat xlink:href="#sSpan2227" value="ⲛ"/>
		<feat xlink:href="#sSpan2231" value="ϥ̅"/>
		<feat xlink:href="#sSpan2234" value="ⲥⲩⲛⲁⲅⲉ"/>
		<feat xlink:href="#sSpan2236" value="ⲙ̅ⲙⲟ"/>
		<feat xlink:href="#sSpan2240" value="ⲛ"/>
		<feat xlink:href="#sSpan2242" value="ⲛⲙ̅ⲙⲁ"/>
		<feat xlink:href="#sSpan2246" value="ⲕ"/>
		<feat xlink:href="#sSpan2248" value="ϩⲓ"/>
		<feat xlink:href="#sSpan2252" value="ⲟⲩ"/>
		<feat xlink:href="#sSpan2254" value="ⲥⲟⲡ"/>
		<feat xlink:href="#sSpan2256" value="·"/>
		<feat xlink:href="#sSpan2260" value="ⲡ"/>
		<feat xlink:href="#sSpan2268" value="ⲣⲱⲙⲉ"/>
		<feat xlink:href="#sSpan2271" value="ⲇⲉ"/>
		<feat xlink:href="#sSpan2275" value="ⲉⲧ"/>
		<feat xlink:href="#sSpan2279" value="ⲛⲁ"/>
		<feat xlink:href="#sSpan2282" value="ⲥⲩⲛⲁⲅⲉ"/>
		<feat xlink:href="#sSpan2284" value="ⲉⲃⲟⲗ"/>
		<feat xlink:href="#sSpan2289" value="ϩⲓⲧⲟⲟⲧ"/>
		<feat xlink:href="#sSpan2293" value="ϥ̅"/>
		<feat xlink:href="#sSpan2295" value="ⲙ̅"/>
		<feat xlink:href="#sSpan2299" value="ⲡ"/>
		<feat xlink:href="#sSpan2303" value="ⲁⲅⲅⲉⲗⲟⲥ"/>
		<feat xlink:href="#sSpan2306" value="ⲉⲧ"/>
		<feat xlink:href="#sSpan2310" value="ⲙ̅ⲙⲁⲩ"/>
		<feat xlink:href="#sSpan2312" value="ϥ"/>
		<feat xlink:href="#sSpan2316" value="ⲛⲁ"/>
		<feat xlink:href="#sSpan2318" value="ⲧⲃ̅ⲃⲟ"/>
		<feat xlink:href="#sSpan2320" value="ⲉⲃⲟⲗ"/>
		<feat xlink:href="#sSpan2325" value="ϩⲛ̅"/>
		<feat xlink:href="#sSpan2330" value="ⲛⲟⲃⲉ"/>
		<feat xlink:href="#sSpan2333" value="ⲛⲓⲙ"/>
		<feat xlink:href="#sSpan2337" value="·"/>
		<feat xlink:href="#sSpan2341" value="ⲁⲩⲱ"/>
		<feat xlink:href="#sSpan2346" value="ⲙⲛ̅"/>
		<feat xlink:href="#sSpan2350" value="ⲗⲁⲁⲩ"/>
		<feat xlink:href="#sSpan2353" value="ⲛ̅"/>
		<feat xlink:href="#sSpan2357" value="ⲁⲛϯⲅⲏⲙⲉⲛⲟⲥ"/>
		<feat xlink:href="#sSpan2359" value="ⲛⲁ"/>
		<feat xlink:href="#sSpan2363" value="ⲉϣ"/>
		<feat xlink:href="#sSpan2365" value="ϭⲙ̅ϭⲟⲙ"/>
		<feat xlink:href="#sSpan2367" value="ⲉⲣⲟ"/>
		<feat xlink:href="#sSpan2372" value="ϥ"/>
		<feat xlink:href="#sSpan2374" value="·"/>
		<feat xlink:href="#sSpan2378" value="ⲛ̅"/>
		<feat xlink:href="#sSpan2385" value="ϩⲟⲥⲟⲛ"/>
		<feat xlink:href="#sSpan2388" value="ⲇⲉ"/>
		<feat xlink:href="#sSpan2392" value="ⲛ"/>
		<feat xlink:href="#sSpan2397" value="ϣⲁϫⲉ"/>
		<feat xlink:href="#sSpan2399" value="ⲙⲛ̅"/>
		<feat xlink:href="#sSpan2403" value="ⲛⲉⲛ"/>
		<feat xlink:href="#sSpan2405" value="ⲉⲣⲏⲩ"/>
		<feat xlink:href="#sSpan2407" value="ⲁ"/>
		<feat xlink:href="#sSpan2411" value="ⲓ̈"/>
		<feat xlink:href="#sSpan2413" value="ϣⲱⲗⲙ̅"/>
		<feat xlink:href="#sSpan2415" value="ⲉ"/>
		<feat xlink:href="#sSpan2420" value="ⲩ"/>
		<feat xlink:href="#sSpan2422" value="ⲥϯⲛⲟⲩϥⲉ"/>
		<feat xlink:href="#sSpan2424" value="ⲛⲟϭ"/>
		<feat xlink:href="#sSpan2428" value="ⲙ̅ⲡ"/>
		<feat xlink:href="#sSpan2432" value="ⲉⲓ"/>
		<feat xlink:href="#sSpan2434" value="ϣⲱⲗⲙ̅"/>
		<feat xlink:href="#sSpan2436" value="ⲛ̅"/>
		<feat xlink:href="#sSpan2440" value="ⲧⲉϥ"/>
		<feat xlink:href="#sSpan2442" value="ϩⲉ"/>
		<feat xlink:href="#sSpan2444" value="·"/>
		<feat xlink:href="#sSpan2448" value="ⲉⲛⲉϩ"/>
		<feat xlink:href="#sSpan2452" value="·"/>
		<feat xlink:href="#sSpan2456" value="ⲛ̅"/>
		<feat xlink:href="#sSpan2462" value="ⲧⲉ"/>
		<feat xlink:href="#sSpan2465" value="ⲩⲛⲟⲩ"/>
		<feat xlink:href="#sSpan2467" value="ⲛ̅ⲧ"/>
		<feat xlink:href="#sSpan2471" value="ⲁ"/>
		<feat xlink:href="#sSpan2473" value="ⲡⲉ"/>
		<feat xlink:href="#sSpan2476" value="ⲥϯⲛⲟⲩϥⲉ"/>
		<feat xlink:href="#sSpan2478" value="ⲧⲁϩⲟ"/>
		<feat xlink:href="#sSpan2482" value="ⲛ"/>
		<feat xlink:href="#sSpan2484" value="·"/>
		<feat xlink:href="#sSpan2488" value="ⲁ"/>
		<feat xlink:href="#sSpan2492" value="ⲛ"/>
		<feat xlink:href="#sSpan2494" value="ⲧⲱⲟⲩⲛ"/>
		<feat xlink:href="#sSpan2496" value="ⲁ"/>
		<feat xlink:href="#sSpan2500" value="ⲛ"/>
		<feat xlink:href="#sSpan2502" value="ⲁⲁϩⲉ"/>
		<feat xlink:href="#sSpan2505" value="ⲣⲁⲧ"/>
		<feat xlink:href="#sSpan2507" value="ⲛ̅"/>
		<feat xlink:href="#sSpan2509" value="ⲁ"/>
		<feat xlink:href="#sSpan2513" value="ⲛ"/>
		<feat xlink:href="#sSpan2515" value="ⲥⲙⲟⲩ"/>
		<feat xlink:href="#sSpan2517" value="ⲉ"/>
		<feat xlink:href="#sSpan2521" value="ⲡ"/>
		<feat xlink:href="#sSpan2524" value="ⲛⲟⲩⲧⲉ"/>
		<feat xlink:href="#sSpan2526" value="·"/>
		<feat xlink:href="#sSpan2530" value="ⲙⲛ̅ⲛ̅ⲥⲱ"/>
		<feat xlink:href="#sSpan2536" value="ⲥ"/>
		<feat xlink:href="#sSpan2538" value="ⲁ"/>
		<feat xlink:href="#sSpan2542" value="ϥ"/>
		<feat xlink:href="#sSpan2544" value="ⲉⲓ"/>
		<feat xlink:href="#sSpan2546" value="ⲛ̅ϭⲓ"/>
		<feat xlink:href="#sSpan2551" value="ⲟⲩ"/>
		<feat xlink:href="#sSpan2555" value="ⲁⲅⲅⲉⲗⲟⲥ"/>
		<feat xlink:href="#sSpan2557" value="·"/>
		<feat xlink:href="#sSpan2561" value="ⲁ"/>
		<feat xlink:href="#sSpan2567" value="ϥ"/>
		<feat xlink:href="#sSpan2570" value="ⲥⲩⲛⲁⲅⲉ"/>
		<feat xlink:href="#sSpan2572" value="ⲙ̅ⲙⲟ"/>
		<feat xlink:href="#sSpan2576" value="ⲛ"/>
		<feat xlink:href="#sSpan2578" value="ⲙⲛ̅"/>
		<feat xlink:href="#sSpan2582" value="ⲛⲉⲛ"/>
		<feat xlink:href="#sSpan2584" value="ⲉⲣⲏⲩ"/>
		<feat xlink:href="#sSpan2587" value="·"/>
		<feat xlink:href="#sSpan2591" value="ϩⲙ̅"/>
		<feat xlink:href="#sSpan2595" value="ⲡ"/>
		<feat xlink:href="#sSpan2599" value="ⲥⲱⲙⲁ"/>
		<feat xlink:href="#sSpan2601" value="ⲙⲛ̅"/>
		<feat xlink:href="#sSpan2605" value="ⲡⲉ"/>
		<feat xlink:href="#sSpan2608" value="ⲥⲛⲟϥ"/>
		<feat xlink:href="#sSpan2610" value="ⲙ̅"/>
		<feat xlink:href="#sSpan2614" value="ⲡ"/>
		<feat xlink:href="#sSpan2617" value="ϫⲥ̅"/>
		<feat xlink:href="#sSpan2619" value="·"/>
		<feat xlink:href="#sSpan2623" value="ⲁⲛⲟⲕ"/>
		<feat xlink:href="#sSpan2630" value="ⲇⲉ"/>
		<feat xlink:href="#sSpan2634" value="ⲁ"/>
		<feat xlink:href="#sSpan2639" value="ⲓ"/>
		<feat xlink:href="#sSpan2642" value="ⲣ̅ⲑⲉ"/>
		<feat xlink:href="#sSpan2646" value="ⲛ̅"/>
		<feat xlink:href="#sSpan2650" value="ⲛ"/>
		<feat xlink:href="#sSpan2653" value="ⲉⲧ"/>
		<feat xlink:href="#sSpan2655" value="ϩⲓⲛⲏⲃ"/>
		<feat xlink:href="#sSpan2657" value="ⲉⲧⲃⲉ"/>
		<feat xlink:href="#sSpan2661" value="ⲑ"/>
		<feat xlink:href="#sSpan2664" value="ⲟⲧⲉ"/>
		<feat xlink:href="#sSpan2666" value="ⲛ̅ⲧ"/>
		<feat xlink:href="#sSpan2670" value="ⲁ"/>
		<feat xlink:href="#sSpan2672" value="ⲓ"/>
		<feat xlink:href="#sSpan2674" value="ⲛⲁⲩ"/>
		<feat xlink:href="#sSpan2676" value="ⲉⲣⲟ"/>
		<feat xlink:href="#sSpan2680" value="ⲥ"/>
		<feat xlink:href="#sSpan2682" value="·"/>
		<feat xlink:href="#sSpan2686" value="ⲁ"/>
		<feat xlink:href="#sSpan2693" value="ϥ"/>
		<feat xlink:href="#sSpan2695" value="ⲥⲙⲟⲩ"/>
		<feat xlink:href="#sSpan2698" value="ⲇⲉ"/>
		<feat xlink:href="#sSpan2702" value="ⲉⲣⲟ"/>
		<feat xlink:href="#sSpan2706" value="ⲛ"/>
		<feat xlink:href="#sSpan2708" value="ⲁ"/>
		<feat xlink:href="#sSpan2714" value="ϥ"/>
		<feat xlink:href="#sSpan2716" value="ⲃⲱⲕ"/>
		<feat xlink:href="#sSpan2719" value="ⲉϩⲣⲁⲓ"/>
		<feat xlink:href="#sSpan2723" value="ⲙ̅"/>
		<feat xlink:href="#sSpan2727" value="ⲡⲏⲩⲉ"/>
		<feat xlink:href="#sSpan2730" value="ⲉ"/>
		<feat xlink:href="#sSpan2734" value="ⲛ"/>
		<feat xlink:href="#sSpan2736" value="ϭⲱϣⲧ̅"/>
		<feat xlink:href="#sSpan2738" value="ⲛ̅ⲥⲱ"/>
		<feat xlink:href="#sSpan2743" value="ϥ"/>
		<feat xlink:href="#sSpan2745" value="ϩⲛ̅"/>
		<feat xlink:href="#sSpan2749" value="ⲛⲉⲛ"/>
		<feat xlink:href="#sSpan2752" value="ⲃⲁⲗ"/>
		<feat xlink:href="#sSpan2754" value="·"/>
		<feat xlink:href="#sSpan2758" value="ⲛ̅ⲧⲉⲣ"/>
		<feat xlink:href="#sSpan2764" value="ϥ̅"/>
		<feat xlink:href="#sSpan2766" value="ⲃⲱⲕ"/>
		<feat xlink:href="#sSpan2769" value="ⲇⲉ"/>
		<feat xlink:href="#sSpan2773" value="ⲁ"/>
		<feat xlink:href="#sSpan2777" value="ⲩ"/>
		<feat xlink:href="#sSpan2780" value="ⲛⲏⲫⲉ"/>
		<feat xlink:href="#sSpan2782" value="ⲙ̅ⲙⲟ"/>
		<feat xlink:href="#sSpan2787" value="ⲓ"/>
		<feat xlink:href="#sSpan2789" value="ⲡⲉϫⲁ"/>
		<feat xlink:href="#sSpan2795" value="ⲩ"/>
		<feat xlink:href="#sSpan2797" value="ⲛⲁ"/>
		<feat xlink:href="#sSpan2801" value="ⲓ"/>
		<feat xlink:href="#sSpan2803" value="ϫⲉ"/>
		<feat xlink:href="#sSpan2807" value="ⲧⲁϫⲣⲟ"/>
		<feat xlink:href="#sSpan2809" value="ⲛ"/>
		<feat xlink:href="#sSpan2813" value="ⲅ̅"/>
		<feat xlink:href="#sSpan2815" value="ϭⲙ̅ϭⲟⲙ"/>
		<feat xlink:href="#sSpan2817" value="ⲛ"/>
		<feat xlink:href="#sSpan2821" value="ⲅ̅"/>
		<feat xlink:href="#sSpan2823" value="ϣⲱⲡⲉ"/>
		<feat xlink:href="#sSpan2825" value="ⲛ̅"/>
		<feat xlink:href="#sSpan2830" value="ⲟⲩ"/>
		<feat xlink:href="#sSpan2833" value="ⲣⲱⲙⲉ"/>
		<feat xlink:href="#sSpan2835" value="ⲛ̅"/>
		<feat xlink:href="#sSpan2839" value="ϫⲱⲱⲣⲉ"/>
		<feat xlink:href="#sSpan2841" value="·"/>
		<feat xlink:href="#sSpan2845" value="ⲛ̅"/>
		<feat xlink:href="#sSpan2851" value="ⲧⲉ"/>
		<feat xlink:href="#sSpan2853" value="ⲩⲛⲟⲩ"/>
		<feat xlink:href="#sSpan2855" value="ⲁ"/>
		<feat xlink:href="#sSpan2859" value="ⲓ"/>
		<feat xlink:href="#sSpan2862" value="ⲛⲏⲫⲉ"/>
		<feat xlink:href="#sSpan2864" value="ⲛ̅"/>
		<feat xlink:href="#sSpan2868" value="ⲑ"/>
		<feat xlink:href="#sSpan2870" value="ⲉ"/>
		<feat xlink:href="#sSpan2872" value="ⲛ̅"/>
		<feat xlink:href="#sSpan2876" value="ⲛ"/>
		<feat xlink:href="#sSpan2880" value="ⲉⲧ"/>
		<feat xlink:href="#sSpan2882" value="ϩⲁ"/>
		<feat xlink:href="#sSpan2884" value="ⲡ"/>
		<feat xlink:href="#sSpan2887" value="ⲏⲣⲡ̅"/>
		<feat xlink:href="#sSpan2889" value="·"/>
		<feat xlink:href="#sSpan2893" value="ⲁⲩⲱ"/>
		<feat xlink:href="#sSpan2899" value="ⲁ"/>
		<feat xlink:href="#sSpan2903" value="ⲛ"/>
		<feat xlink:href="#sSpan2905" value="ⲣ̅"/>
		<feat xlink:href="#sSpan2907" value="ⲧⲉ"/>
		<feat xlink:href="#sSpan2910" value="ⲩϣⲏ"/>
		<feat xlink:href="#sSpan2912" value="ⲧⲏⲣ"/>
		<feat xlink:href="#sSpan2916" value="ⲥ̅"/>
		<feat xlink:href="#sSpan2918" value="ⲛ̅"/>
		<feat xlink:href="#sSpan2922" value="ⲧ"/>
		<feat xlink:href="#sSpan2926" value="ⲕⲩⲣⲓⲁⲕⲏ"/>
		<feat xlink:href="#sSpan2930" value="·"/>
		<feat xlink:href="#sSpan2934" value="ⲛ̅"/>
		<feat xlink:href="#sSpan2938" value="ⲁϩⲉ"/>
		<feat xlink:href="#sSpan2940" value="ⲣⲁⲧ"/>
		<feat xlink:href="#sSpan2942" value="ⲛ̅"/>
		<feat xlink:href="#sSpan2944" value="ⲛ̅"/>
		<feat xlink:href="#sSpan2949" value="ϣⲗⲏⲗ"/>
		<feat xlink:href="#sSpan2951" value="ϣⲁ"/>
		<feat xlink:href="#sSpan2955" value="ϩⲧⲟⲟⲩⲉ"/>
		<feat xlink:href="#sSpan2958" value="·"/>
		<feat xlink:href="#sSpan2962" value="ⲛ̅ⲧⲉⲣⲉ"/>
		<feat xlink:href="#sSpan2968" value="ⲡ"/>
		<feat xlink:href="#sSpan2972" value="ⲟⲩⲟⲉⲓⲛ"/>
		<feat xlink:href="#sSpan2975" value="ⲇⲉ"/>
		<feat xlink:href="#sSpan2979" value="ⲉⲓ"/>
		<feat xlink:href="#sSpan2984" value="ⲉϩⲣⲁⲓ"/>
		<feat xlink:href="#sSpan2988" value="ⲛ̅"/>
		<feat xlink:href="#sSpan2992" value="ϣⲱⲣⲡ̅"/>
		<feat xlink:href="#sSpan2995" value="ⲛ̅"/>
		<feat xlink:href="#sSpan2999" value="ⲧ"/>
		<feat xlink:href="#sSpan3003" value="ⲕⲩⲣⲓⲁⲕⲏ"/>
		<feat xlink:href="#sSpan3005" value="·"/>
		<feat xlink:href="#sSpan3009" value="ⲉⲓⲥ"/>
		<feat xlink:href="#sSpan3014" value="ϩⲏⲏⲧⲉ"/>
		<feat xlink:href="#sSpan3018" value="ⲟⲛ"/>
		<feat xlink:href="#sSpan3022" value="ⲉⲓⲥ"/>
		<feat xlink:href="#sSpan3026" value="ⲡⲉ"/>
		<feat xlink:href="#sSpan3029" value="ⲥϯⲛⲟⲩϥⲉ"/>
		<feat xlink:href="#sSpan3031" value="ⲉⲧ"/>
		<feat xlink:href="#sSpan3035" value="ⲛⲟⲧⲙ̅"/>
		<feat xlink:href="#sSpan3037" value="ⲁ"/>
		<feat xlink:href="#sSpan3041" value="ⲛ"/>
		<feat xlink:href="#sSpan3043" value="ϣⲱⲗⲙ̅"/>
		<feat xlink:href="#sSpan3045" value="ⲙ̅ⲙⲟ"/>
		<feat xlink:href="#sSpan3050" value="ϥ"/>
		<feat xlink:href="#sSpan3052" value="·"/>
		<feat xlink:href="#sSpan3056" value="ⲁ"/>
		<feat xlink:href="#sSpan3062" value="ⲛ"/>
		<feat xlink:href="#sSpan3065" value="ϩⲏⲇⲁⲛⲉ"/>
		<feat xlink:href="#sSpan3067" value="ⲛ̅ⲥⲱ"/>
		<feat xlink:href="#sSpan3071" value="ϥ"/>
		<feat xlink:href="#sSpan3073" value="ⲁⲩⲱ"/>
		<feat xlink:href="#sSpan3077" value="ⲁ"/>
		<feat xlink:href="#sSpan3082" value="ⲉⲩⲫⲣⲁⲛⲉ"/>
		<feat xlink:href="#sSpan3084" value="ⲛ̅"/>
		<feat xlink:href="#sSpan3088" value="ⲑ"/>
		<feat xlink:href="#sSpan3090" value="ⲉ"/>
		<feat xlink:href="#sSpan3092" value="ⲛ̅"/>
		<feat xlink:href="#sSpan3097" value="ⲛ"/>
		<feat xlink:href="#sSpan3100" value="ⲉⲧ"/>
		<feat xlink:href="#sSpan3102" value="ϩⲙ̅"/>
		<feat xlink:href="#sSpan3104" value="ⲡ"/>
		<feat xlink:href="#sSpan3107" value="ⲕⲉ"/>
		<feat xlink:href="#sSpan3110" value="ⲁⲓⲱⲛ"/>
		<feat xlink:href="#sSpan3112" value="·"/>
		<feat xlink:href="#sSpan3116" value="Ⲙⲛ̅ⲛ̅ⲥⲱ"/>
		<feat xlink:href="#sSpan3124" value="ⲥ"/>
		<feat xlink:href="#sSpan3126" value="ⲁ"/>
		<feat xlink:href="#sSpan3130" value="ϥ"/>
		<feat xlink:href="#sSpan3132" value="ⲉⲓ"/>
		<feat xlink:href="#sSpan3134" value="ⲛ̅ϭⲓ"/>
		<feat xlink:href="#sSpan3138" value="ⲡ"/>
		<feat xlink:href="#sSpan3142" value="ⲁⲅⲅⲉⲗⲟⲥ"/>
		<feat xlink:href="#sSpan3144" value="ⲁ"/>
		<feat xlink:href="#sSpan3150" value="ϥ"/>
		<feat xlink:href="#sSpan3153" value="ⲥⲩⲛⲁⲅⲉ"/>
		<feat xlink:href="#sSpan3155" value="ⲙ̅ⲙⲟ"/>
		<feat xlink:href="#sSpan3159" value="ⲛ"/>
		<feat xlink:href="#sSpan3161" value="ⲁⲩⲱ"/>
		<feat xlink:href="#sSpan3166" value="ⲁ"/>
		<feat xlink:href="#sSpan3170" value="ϥ"/>
		<feat xlink:href="#sSpan3172" value="ⲥⲙⲟⲩ"/>
		<feat xlink:href="#sSpan3174" value="ⲉ"/>
		<feat xlink:href="#sSpan3178" value="ⲡ"/>
		<feat xlink:href="#sSpan3181" value="ⲟⲩⲁ"/>
		<feat xlink:href="#sSpan3183" value="ⲡ"/>
		<feat xlink:href="#sSpan3187" value="ⲟⲩⲁ"/>
		<feat xlink:href="#sSpan3189" value="ⲙ̅ⲙⲟ"/>
		<feat xlink:href="#sSpan3193" value="ⲛ"/>
		<feat xlink:href="#sSpan3195" value="ⲉ"/>
		<feat xlink:href="#sSpan3199" value="ϥ"/>
		<feat xlink:href="#sSpan3201" value="ϫⲱ"/>
		<feat xlink:href="#sSpan3203" value="ⲙ̅ⲙⲟ"/>
		<feat xlink:href="#sSpan3207" value="ⲥ"/>
		<feat xlink:href="#sSpan3209" value="ϫⲉ"/>
		<feat xlink:href="#sSpan3214" value="ⲉϥⲉ"/>
		<feat xlink:href="#sSpan3216" value="ϣⲱⲡⲉ"/>
		<feat xlink:href="#sSpan3218" value="ⲛⲁ"/>
		<feat xlink:href="#sSpan3222" value="ⲕ"/>
		<feat xlink:href="#sSpan3224" value="ⲛ̅"/>
		<feat xlink:href="#sSpan3228" value="ⲟⲩ"/>
		<feat xlink:href="#sSpan3231" value="ⲱⲛϩ̅"/>
		<feat xlink:href="#sSpan3233" value="ϣⲁ"/>
		<feat xlink:href="#sSpan3237" value="ⲉⲛⲉϩ"/>
		<feat xlink:href="#sSpan3240" value="·"/>
		<feat xlink:href="#sSpan3244" value="ⲙⲛ̅"/>
		<feat xlink:href="#sSpan3248" value="ⲟⲩ"/>
		<feat xlink:href="#sSpan3251" value="ⲡⲣⲟⲫⲏϯⲁ"/>
		<feat xlink:href="#sSpan3254" value="ⲛ̅"/>
		<feat xlink:href="#sSpan3259" value="ⲁⲧⲧⲁⲕⲟ"/>
		<feat xlink:href="#sSpan3262" value="·"/>
		<feat xlink:href="#sSpan3266" value="ⲁⲛⲟⲛ"/>
		<feat xlink:href="#sSpan3273" value="ⲇⲉ"/>
		<feat xlink:href="#sSpan3277" value="ⲧⲏⲣ"/>
		<feat xlink:href="#sSpan3281" value="ⲛ̅"/>
		<feat xlink:href="#sSpan3283" value="ϩⲓ"/>
		<feat xlink:href="#sSpan3287" value="ⲟⲩ"/>
		<feat xlink:href="#sSpan3289" value="ⲥⲟⲡ"/>
		<feat xlink:href="#sSpan3291" value="·"/>
		<feat xlink:href="#sSpan3295" value="ⲉⲃⲟⲗ"/>
		<feat xlink:href="#sSpan3301" value="ϩⲛ̅"/>
		<feat xlink:href="#sSpan3305" value="ⲟⲩ"/>
		<feat xlink:href="#sSpan3308" value="ⲧⲁⲡⲣⲟ"/>
		<feat xlink:href="#sSpan3310" value="ⲛ̅"/>
		<feat xlink:href="#sSpan3314" value="ⲟⲩⲱⲧ"/>
		<feat xlink:href="#sSpan3316" value="·"/>
		<feat xlink:href="#sSpan3320" value="ⲁ"/>
		<feat xlink:href="#sSpan3324" value="ⲛ"/>
		<feat xlink:href="#sSpan3326" value="ⲟⲩⲱϣⲃ̅"/>
		<feat xlink:href="#sSpan3328" value="ϫⲉ"/>
		<feat xlink:href="#sSpan3333" value="ϩⲁⲙⲏⲛ"/>
		<feat xlink:href="#sSpan3336" value="·"/>
		<feat xlink:href="#sSpan3340" value="ⲉϥⲉ"/>
		<feat xlink:href="#sSpan3344" value="ϣⲱⲡⲉ"/>
		<feat xlink:href="#sSpan3346" value="·"/>
		<feat xlink:href="#sSpan3350" value="ⲙⲛ̅ⲛ̅ⲥⲱ"/>
		<feat xlink:href="#sSpan3356" value="ⲥ"/>
		<feat xlink:href="#sSpan3358" value="ⲁ"/>
		<feat xlink:href="#sSpan3363" value="ϥ"/>
		<feat xlink:href="#sSpan3365" value="ⲕⲟⲧ"/>
		<feat xlink:href="#sSpan3367" value="ϥ̅"/>
		<feat xlink:href="#sSpan3369" value="ⲉⲣⲟ"/>
		<feat xlink:href="#sSpan3373" value="ⲓ"/>
		<feat xlink:href="#sSpan3375" value="ⲛ̅ϭⲓ"/>
		<feat xlink:href="#sSpan3379" value="ⲡ"/>
		<feat xlink:href="#sSpan3384" value="ⲁⲅⲅⲉⲗⲟⲥ"/>
		<feat xlink:href="#sSpan3386" value="ⲡⲉϫⲁ"/>
		<feat xlink:href="#sSpan3392" value="ϥ"/>
		<feat xlink:href="#sSpan3394" value="ⲛⲁ"/>
		<feat xlink:href="#sSpan3398" value="ⲓ"/>
		<feat xlink:href="#sSpan3400" value="ϫⲉ"/>
		<feat xlink:href="#sSpan3404" value="ⲧⲱⲟⲩⲛ"/>
		<feat xlink:href="#sSpan3406" value="ⲛ"/>
		<feat xlink:href="#sSpan3410" value="ⲅ̅"/>
		<feat xlink:href="#sSpan3413" value="ⲧⲱⲟⲩⲛ"/>
		<feat xlink:href="#sSpan3415" value="·"/>
		<feat xlink:href="#sSpan3419" value="ⲉ"/>
		<feat xlink:href="#sSpan3424" value="ⲕⲏⲙⲉ"/>
		<feat xlink:href="#sSpan3427" value="·"/>
		<feat xlink:href="#sSpan3431" value="ⲛ"/>
		<feat xlink:href="#sSpan3435" value="ⲅ̅"/>
		<feat xlink:href="#sSpan3437" value="ϫⲱ"/>
		<feat xlink:href="#sSpan3439" value="ⲛ̅"/>
		<feat xlink:href="#sSpan3443" value="ⲛ"/>
		<feat xlink:href="#sSpan3446" value="ⲉⲛⲧ"/>
		<feat xlink:href="#sSpan3448" value="ⲁ"/>
		<feat xlink:href="#sSpan3450" value="ⲕ"/>
		<feat xlink:href="#sSpan3452" value="ⲛⲁⲩ"/>
		<feat xlink:href="#sSpan3454" value="ⲉⲣⲟ"/>
		<feat xlink:href="#sSpan3458" value="ⲟⲩ"/>
		<feat xlink:href="#sSpan3460" value="ⲉ"/>
		<feat xlink:href="#sSpan3464" value="ⲛⲉ"/>
		<feat xlink:href="#sSpan3467" value="ⲥⲛⲏⲩ"/>
		<feat xlink:href="#sSpan3470" value="·"/>
		<feat xlink:href="#sSpan3474" value="ⲙ̅"/>
		<feat xlink:href="#sSpan3479" value="ⲙⲁⲓⲛⲟⲩⲧⲉ"/>
		<feat xlink:href="#sSpan3483" value="·"/>
		<feat xlink:href="#sSpan3487" value="ϫⲉⲕⲁⲥ"/>
		<feat xlink:href="#sSpan3491" value="ⲉ"/>
		<feat xlink:href="#sSpan3495" value="ⲩ"/>
		<feat xlink:href="#sSpan3497" value="ⲛⲁ"/>
		<feat xlink:href="#sSpan3499" value="ⲕⲱϩ"/>
		<feat xlink:href="#sSpan3501" value="ⲛ̅"/>
		<feat xlink:href="#sSpan3505" value="ⲙ̅"/>
		<feat xlink:href="#sSpan3509" value="ⲡⲟⲗⲩϯⲁ"/>
		<feat xlink:href="#sSpan3512" value="ⲛ̅"/>
		<feat xlink:href="#sSpan3516" value="ⲛ"/>
		<feat xlink:href="#sSpan3519" value="ⲉⲧ"/>
		<feat xlink:href="#sSpan3521" value="ⲟⲩⲁⲁⲃ"/>
		<feat xlink:href="#sSpan3523" value="·"/>
		<feat xlink:href="#sSpan3527" value="ⲁ"/>
		<feat xlink:href="#sSpan3533" value="ⲓ"/>
		<feat xlink:href="#sSpan3536" value="ⲡⲁⲣⲁⲕⲁⲗⲉⲓ"/>
		<feat xlink:href="#sSpan3538" value="ⲙ̅ⲙⲟ"/>
		<feat xlink:href="#sSpan3542" value="ϥ"/>
		<feat xlink:href="#sSpan3544" value="ⲉ"/>
		<feat xlink:href="#sSpan3548" value="ⲧⲣⲉ"/>
		<feat xlink:href="#sSpan3551" value="ϥ"/>
		<feat xlink:href="#sSpan3553" value="ⲕⲁⲁ"/>
		<feat xlink:href="#sSpan3555" value="ⲧ"/>
		<feat xlink:href="#sSpan3557" value="ϩⲁϩⲧⲏ"/>
		<feat xlink:href="#sSpan3562" value="ⲩ"/>
		<feat xlink:href="#sSpan3564" value="·"/>
		<feat xlink:href="#sSpan3568" value="ⲡⲉϫⲁ"/>
		<feat xlink:href="#sSpan3574" value="ϥ"/>
		<feat xlink:href="#sSpan3576" value="ⲛⲁ"/>
		<feat xlink:href="#sSpan3580" value="ⲓ"/>
		<feat xlink:href="#sSpan3582" value="ϫⲉ"/>
		<feat xlink:href="#sSpan3586" value="ⲛ̅ⲧ"/>
		<feat xlink:href="#sSpan3588" value="ⲁ"/>
		<feat xlink:href="#sSpan3590" value="ⲡ"/>
		<feat xlink:href="#sSpan3593" value="ϫⲥ̅"/>
		<feat xlink:href="#sSpan3595" value="ⲧⲉϣ"/>
		<feat xlink:href="#sSpan3600" value="ⲡ"/>
		<feat xlink:href="#sSpan3605" value="ϩⲱⲃ"/>
		<feat xlink:href="#sSpan3607" value="ⲛⲁ"/>
		<feat xlink:href="#sSpan3611" value="ⲛ"/>
		<feat xlink:href="#sSpan3614" value="ⲁⲛ"/>
		<feat xlink:href="#sSpan3618" value="·"/>
		<feat xlink:href="#sSpan3622" value="ⲉ"/>
		<feat xlink:href="#sSpan3626" value="ⲧⲣ"/>
		<feat xlink:href="#sSpan3628" value="ⲛ̅"/>
		<feat xlink:href="#sSpan3631" value="ⲣ̅ϩⲱⲃ"/>
		<feat xlink:href="#sSpan3634" value="ⲉ"/>
		<feat xlink:href="#sSpan3638" value="ⲩ"/>
		<feat xlink:href="#sSpan3640" value="ⲧⲱⲧ"/>
		<feat xlink:href="#sSpan3642" value="ⲛ̅"/>
		<feat xlink:href="#sSpan3646" value="ϩⲏⲧ"/>
		<feat xlink:href="#sSpan3649" value="·"/>
		<feat xlink:href="#sSpan3654" value="ⲁⲗⲗⲁ"/>
		<feat xlink:href="#sSpan3659" value="ⲉⲣⲉ"/>
		<feat xlink:href="#sSpan3663" value="ⲡ"/>
		<feat xlink:href="#sSpan3666" value="ⲛⲟⲩⲧⲉ"/>
		<feat xlink:href="#sSpan3668" value="ϯ"/>
		<feat xlink:href="#sSpan3672" value="ⲙ̅"/>
		<feat xlink:href="#sSpan3676" value="ⲡ"/>
		<feat xlink:href="#sSpan3679" value="ⲟⲩⲁ"/>
		<feat xlink:href="#sSpan3681" value="ⲡ"/>
		<feat xlink:href="#sSpan3685" value="ⲟⲩⲁ"/>
		<feat xlink:href="#sSpan3688" value="ⲕⲁⲧⲁ"/>
		<feat xlink:href="#sSpan3692" value="ⲑ"/>
		<feat xlink:href="#sSpan3694" value="ⲉ"/>
		<feat xlink:href="#sSpan3696" value="ⲉⲧ"/>
		<feat xlink:href="#sSpan3700" value="ϥ̅"/>
		<feat xlink:href="#sSpan3703" value="ⲛⲁ"/>
		<feat xlink:href="#sSpan3705" value="ϣ"/>
		<feat xlink:href="#sSpan3707" value="ϥⲓ"/>
		<feat xlink:href="#sSpan3709" value="·"/>
		<feat xlink:href="#sSpan3713" value="Ⲧⲉⲛⲟⲩ"/>
		<feat xlink:href="#sSpan3721" value="ϭⲉ"/>
		<feat xlink:href="#sSpan3725" value="ⲧⲱⲟⲩⲛ"/>
		<feat xlink:href="#sSpan3729" value="ⲛ"/>
		<feat xlink:href="#sSpan3733" value="ⲅ̅"/>
		<feat xlink:href="#sSpan3735" value="ⲃⲱⲕ"/>
		<feat xlink:href="#sSpan3737" value="ϫⲉ"/>
		<feat xlink:href="#sSpan3741" value="ⲧⲁⲓ"/>
		<feat xlink:href="#sSpan3744" value="ⲧⲉ"/>
		<feat xlink:href="#sSpan3748" value="ⲑ"/>
		<feat xlink:href="#sSpan3753" value="ⲉ"/>
		<feat xlink:href="#sSpan3755" value="ⲛ̅ⲧ"/>
		<feat xlink:href="#sSpan3759" value="ⲁ"/>
		<feat xlink:href="#sSpan3761" value="ϥ"/>
		<feat xlink:href="#sSpan3763" value="ⲧⲟϣ"/>
		<feat xlink:href="#sSpan3765" value="ⲥ̅"/>
		<feat xlink:href="#sSpan3767" value="ⲛⲁ"/>
		<feat xlink:href="#sSpan3772" value="ⲕ"/>
		<feat xlink:href="#sSpan3774" value="ⲁ"/>
		<feat xlink:href="#sSpan3780" value="ϥ"/>
		<feat xlink:href="#sSpan3782" value="ⲥⲙⲟⲩ"/>
		<feat xlink:href="#sSpan3785" value="ⲇⲉ"/>
		<feat xlink:href="#sSpan3789" value="ⲉⲣⲟ"/>
		<feat xlink:href="#sSpan3793" value="ⲓ"/>
		<feat xlink:href="#sSpan3795" value="·"/>
		<feat xlink:href="#sSpan3799" value="ⲁ"/>
		<feat xlink:href="#sSpan3805" value="ϥ"/>
		<feat xlink:href="#sSpan3807" value="ⲃⲱⲕ"/>
		<feat xlink:href="#sSpan3809" value="ⲙ̅"/>
		<feat xlink:href="#sSpan3813" value="ⲡⲏⲩⲉ"/>
		<feat xlink:href="#sSpan3816" value="ϩⲛ̅"/>
		<feat xlink:href="#sSpan3820" value="ⲟⲩ"/>
		<feat xlink:href="#sSpan3824" value="ⲉⲟⲟⲩ"/>
		<feat xlink:href="#sSpan3826" value="·"/>
		<feat xlink:href="#sSpan3830" value="ⲁ"/>
		<feat xlink:href="#sSpan3836" value="ⲩ"/>
		<feat xlink:href="#sSpan3838" value="ⲉⲓⲛⲉ"/>
		<feat xlink:href="#sSpan3841" value="ⲇⲉ"/>
		<feat xlink:href="#sSpan3845" value="ⲛ̅"/>
		<feat xlink:href="#sSpan3849" value="ⲟⲩ"/>
		<feat xlink:href="#sSpan3852" value="ⲙⲏⲏϣⲉ"/>
		<feat xlink:href="#sSpan3855" value="ⲛ̅"/>
		<feat xlink:href="#sSpan3859" value="ϩⲩⲡⲟⲣⲁ"/>
		<feat xlink:href="#sSpan3861" value="ⲁ"/>
		<feat xlink:href="#sSpan3868" value="ⲛ"/>
		<feat xlink:href="#sSpan3870" value="ⲟⲩⲱⲙ"/>
		<feat xlink:href="#sSpan3872" value="ⲙⲛ̅"/>
		<feat xlink:href="#sSpan3876" value="ⲛⲉⲛ"/>
		<feat xlink:href="#sSpan3878" value="ⲉⲣⲏⲩ"/>
		<feat xlink:href="#sSpan3880" value="ⲁⲩⲱ"/>
		<feat xlink:href="#sSpan3886" value="ⲁ"/>
		<feat xlink:href="#sSpan3890" value="ⲓ̈"/>
		<feat xlink:href="#sSpan3892" value="ⲉⲓ"/>
		<feat xlink:href="#sSpan3895" value="ⲉⲃⲟⲗ"/>
		<feat xlink:href="#sSpan3899" value="ϩⲓⲧⲟⲟⲧ"/>
		<feat xlink:href="#sSpan3904" value="ⲟⲩ"/>
		<feat xlink:href="#sSpan3906" value="ⲉ"/>
		<feat xlink:href="#sSpan3910" value="ⲩ"/>
		<feat xlink:href="#sSpan3912" value="ⲑⲡⲟ"/>
		<feat xlink:href="#sSpan3914" value="ⲙ̅ⲙⲟ"/>
		<feat xlink:href="#sSpan3918" value="ⲓ"/>
		<feat xlink:href="#sSpan3920" value="ⲉⲃⲟⲗ"/>
		<feat xlink:href="#sSpan3924" value="ⲉ"/>
		<feat xlink:href="#sSpan3928" value="ⲛⲁ"/>
		<feat xlink:href="#sSpan3931" value="ⲥⲟⲟⲩ"/>
		<feat xlink:href="#sSpan3933" value="ⲙ̅"/>
		<feat xlink:href="#sSpan3937" value="ⲙⲏⲗⲓⲟⲛ"/>
		<feat xlink:href="#sSpan3939" value="·"/>
		<feat xlink:href="#sSpan3943" value="ⲁ"/>
		<feat xlink:href="#sSpan3950" value="ⲓ̈"/>
		<feat xlink:href="#sSpan3953" value="ⲡⲁⲣⲁⲕⲁⲗⲉⲓ"/>
		<feat xlink:href="#sSpan3956" value="ⲇⲉ"/>
		<feat xlink:href="#sSpan3960" value="ⲙ̅ⲙⲟ"/>
		<feat xlink:href="#sSpan3964" value="ⲟⲩ"/>
		<feat xlink:href="#sSpan3966" value="·"/>
		<feat xlink:href="#sSpan3970" value="ϫⲉ"/>
		<feat xlink:href="#sSpan3974" value="ϫⲱ"/>
		<feat xlink:href="#sSpan3976" value="ⲉⲣⲟ"/>
		<feat xlink:href="#sSpan3980" value="ⲓ"/>
		<feat xlink:href="#sSpan3982" value="ⲛ̅"/>
		<feat xlink:href="#sSpan3986" value="ⲛⲉⲧⲛ̅"/>
		<feat xlink:href="#sSpan3989" value="ⲣⲁⲛ"/>
		<feat xlink:href="#sSpan3992" value="·"/>
		<feat xlink:href="#sSpan3996" value="ⲛ̅ⲧⲟⲟⲩ"/>
		<feat xlink:href="#sSpan4003" value="ⲇⲉ"/>
		<feat xlink:href="#sSpan4007" value="ⲁ"/>
		<feat xlink:href="#sSpan4011" value="ⲩ"/>
		<feat xlink:href="#sSpan4013" value="ϫⲱ"/>
		<feat xlink:href="#sSpan4015" value="ⲉⲣⲟ"/>
		<feat xlink:href="#sSpan4019" value="ⲓ"/>
		<feat xlink:href="#sSpan4021" value="ⲛ̅"/>
		<feat xlink:href="#sSpan4025" value="ⲛⲉⲩ"/>
		<feat xlink:href="#sSpan4028" value="ⲣⲁⲛ"/>
		<feat xlink:href="#sSpan4030" value="ⲡ"/>
		<feat xlink:href="#sSpan4035" value="ⲟⲩⲁ"/>
		<feat xlink:href="#sSpan4037" value="ⲡ"/>
		<feat xlink:href="#sSpan4042" value="ⲟⲩⲁ"/>
		<feat xlink:href="#sSpan4044" value="·"/>
		<feat xlink:href="#sSpan4048" value="ⲡ"/>
		<feat xlink:href="#sSpan4055" value="ϣⲱⲣⲡ̅"/>
		<feat xlink:href="#sSpan4057" value="ⲡⲉ"/>
		<feat xlink:href="#sSpan4062" value="ⲓⲱ̅ⲥ̅"/>
		<feat xlink:href="#sSpan4067" value="·"/>
		<feat xlink:href="#sSpan4071" value="ⲡ"/>
		<feat xlink:href="#sSpan4079" value="ⲙⲉϩⲥⲛⲁⲩ"/>
		<feat xlink:href="#sSpan4082" value="ⲡⲉ"/>
		<feat xlink:href="#sSpan4087" value="ⲁⲛⲇⲣⲉⲁⲥ"/>
		<feat xlink:href="#sSpan4092" value="·"/>
		<feat xlink:href="#sSpan4096" value="ⲡ"/>
		<feat xlink:href="#sSpan4105" value="ⲙⲉϩϣⲟⲙⲛ̅ⲧ̅"/>
		<feat xlink:href="#sSpan4108" value="ⲡⲉ"/>
		<feat xlink:href="#sSpan4113" value="ϩⲏⲣⲁⲕⲗⲁⲙⲱⲛ"/>
		<feat xlink:href="#sSpan4118" value="·"/>
		<feat xlink:href="#sSpan4122" value="ⲡ"/>
		<feat xlink:href="#sSpan4130" value="ⲙⲉϩϥⲧⲟⲟⲩ"/>
		<feat xlink:href="#sSpan4133" value="ⲡⲉ"/>
		<feat xlink:href="#sSpan4139" value="ⲑⲉⲟⲫⲓⲗⲟⲥ"/>
		<feat xlink:href="#sSpan4144" value="ⲛ̅ⲧⲟⲟⲩ"/>
		<feat xlink:href="#sSpan4148" value="ⲛ̅ⲧⲟⲟⲩ"/>
		<feat xlink:href="#sSpan4155" value="ⲇⲉ"/>
		<feat xlink:href="#sSpan4159" value="ⲁ"/>
		<feat xlink:href="#sSpan4163" value="ⲩ"/>
		<feat xlink:href="#sSpan4165" value="ϩⲱⲛ"/>
		<feat xlink:href="#sSpan4167" value="ⲉⲧⲟⲟⲧ"/>
		<feat xlink:href="#sSpan4171" value="·"/>
		<feat xlink:href="#sSpan4175" value="ⲉ"/>
		<feat xlink:href="#sSpan4179" value="ϫⲱ"/>
		<feat xlink:href="#sSpan4181" value="ⲙ̅"/>
		<feat xlink:href="#sSpan4186" value="ⲡⲉⲩ"/>
		<feat xlink:href="#sSpan4189" value="ⲣⲁⲛ"/>
		<feat xlink:href="#sSpan4191" value="·"/>
		<feat xlink:href="#sSpan4195" value="ⲉ"/>
		<feat xlink:href="#sSpan4199" value="ⲛⲉ"/>
		<feat xlink:href="#sSpan4202" value="ⲥⲛⲏⲩ"/>
		<feat xlink:href="#sSpan4204" value="ⲉ"/>
		<feat xlink:href="#sSpan4208" value="ⲩ"/>
		<feat xlink:href="#sSpan4212" value="ⲣ̅ⲡⲙⲉⲉⲩⲉ"/>
		<feat xlink:href="#sSpan4216" value="ⲛⲁ"/>
		<feat xlink:href="#sSpan4220" value="ⲩ"/>
		<feat xlink:href="#sSpan4222" value="·"/>
		<feat xlink:href="#sSpan4226" value="ⲁⲛⲟⲕ"/>
		<feat xlink:href="#sSpan4233" value="ⲇⲉ"/>
		<feat xlink:href="#sSpan4238" value="ϩⲱ"/>
		<feat xlink:href="#sSpan4242" value="ⲛⲉ"/>
		<feat xlink:href="#sSpan4246" value="ⲓ"/>
		<feat xlink:href="#sSpan4248" value="ⲥⲟⲡⲥⲡ̅"/>
		<feat xlink:href="#sSpan4250" value="ⲙ̅ⲙⲟ"/>
		<feat xlink:href="#sSpan4254" value="ⲟⲩ"/>
		<feat xlink:href="#sSpan4256" value="·"/>
		<feat xlink:href="#sSpan4260" value="ⲉ"/>
		<feat xlink:href="#sSpan4264" value="ⲧⲣⲉ"/>
		<feat xlink:href="#sSpan4266" value="ⲩ"/>
		<feat xlink:href="#sSpan4268" value="ⲣ̅"/>
		<feat xlink:href="#sSpan4270" value="ⲡⲁ"/>
		<feat xlink:href="#sSpan4272" value="ⲙⲉⲉⲩⲉ"/>
		<feat xlink:href="#sSpan4274" value="·"/>
		<feat xlink:href="#sSpan4278" value="Ⲁ"/>
		<feat xlink:href="#sSpan4285" value="ⲛ"/>
		<feat xlink:href="#sSpan4287" value="ϣⲗⲏⲗ"/>
		<feat xlink:href="#sSpan4290" value="ⲇⲉ"/>
		<feat xlink:href="#sSpan4294" value="ⲁ"/>
		<feat xlink:href="#sSpan4298" value="ⲛ"/>
		<feat xlink:href="#sSpan4301" value="ⲁⲥⲡⲁⲍⲉ"/>
		<feat xlink:href="#sSpan4303" value="ⲛ"/>
		<feat xlink:href="#sSpan4308" value="ⲛⲉⲛ"/>
		<feat xlink:href="#sSpan4310" value="ⲉⲣⲏⲩ"/>
		<feat xlink:href="#sSpan4312" value="·"/>
		<feat xlink:href="#sSpan4316" value="ⲁ"/>
		<feat xlink:href="#sSpan4322" value="ⲓ"/>
		<feat xlink:href="#sSpan4324" value="ⲙⲟⲟϣⲉ"/>
		<feat xlink:href="#sSpan4327" value="ⲉⲃⲟⲗ"/>
		<feat xlink:href="#sSpan4332" value="ⲉ"/>
		<feat xlink:href="#sSpan4336" value="ⲓ"/>
		<feat xlink:href="#sSpan4339" value="ⲗⲩⲡⲏ"/>
		<feat xlink:href="#sSpan4341" value="ⲉⲙⲁⲧⲉ"/>
		<feat xlink:href="#sSpan4345" value="·"/>
		<feat xlink:href="#sSpan4350" value="ⲁⲗⲗⲁ"/>
		<feat xlink:href="#sSpan4356" value="ⲉⲧⲃⲉ"/>
		<feat xlink:href="#sSpan4360" value="ⲡⲉ"/>
		<feat xlink:href="#sSpan4363" value="ⲥⲙⲟⲩ"/>
		<feat xlink:href="#sSpan4365" value="ⲛ̅ⲧ"/>
		<feat xlink:href="#sSpan4369" value="ⲁ"/>
		<feat xlink:href="#sSpan4371" value="ⲛ"/>
		<feat xlink:href="#sSpan4375" value="ⲉⲧ"/>
		<feat xlink:href="#sSpan4377" value="ⲟⲩⲁⲁⲃ"/>
		<feat xlink:href="#sSpan4379" value="ⲧⲁⲁ"/>
		<feat xlink:href="#sSpan4383" value="ⲩ"/>
		<feat xlink:href="#sSpan4385" value="ⲛⲁ"/>
		<feat xlink:href="#sSpan4389" value="ⲓ"/>
		<feat xlink:href="#sSpan4391" value="ⲛⲉ"/>
		<feat xlink:href="#sSpan4395" value="ⲓ"/>
		<feat xlink:href="#sSpan4397" value="ⲣⲁϣⲉ"/>
		<feat xlink:href="#sSpan4399" value="ⲡⲉ"/>
		<feat xlink:href="#sSpan4403" value="·"/>
		<feat xlink:href="#sSpan4407" value="ⲁ"/>
		<feat xlink:href="#sSpan4413" value="ⲓ"/>
		<feat xlink:href="#sSpan4415" value="ⲉⲓ"/>
		<feat xlink:href="#sSpan4418" value="ⲇⲉ"/>
		<feat xlink:href="#sSpan4422" value="ⲉⲃⲟⲗ"/>
		<feat xlink:href="#sSpan4426" value="ⲉ"/>
		<feat xlink:href="#sSpan4431" value="ⲕⲏⲙⲉ"/>
		<feat xlink:href="#sSpan4434" value="ⲛ̅"/>
		<feat xlink:href="#sSpan4438" value="ⲟⲩ"/>
		<feat xlink:href="#sSpan4441" value="ϩⲓⲏ"/>
		<feat xlink:href="#sSpan4443" value="·"/>
		<feat xlink:href="#sSpan4447" value="ⲛ̅"/>
		<feat xlink:href="#sSpan4451" value="ϣⲟⲙⲛ̅ⲧ̅"/>
		<feat xlink:href="#sSpan4454" value="ⲛ̅"/>
		<feat xlink:href="#sSpan4458" value="ϩⲟⲟⲩ"/>
		<feat xlink:href="#sSpan4460" value="ⲙ̅"/>
		<feat xlink:href="#sSpan4464" value="ⲙⲟⲟϣⲉ"/>
		<feat xlink:href="#sSpan4467" value="·"/>
		<feat xlink:href="#sSpan4471" value="ⲁⲩⲱ"/>
		<feat xlink:href="#sSpan4478" value="ⲛⲧⲉⲣ"/>
		<feat xlink:href="#sSpan4482" value="ⲉⲓ"/>
		<feat xlink:href="#sSpan4484" value="ϩⲉ"/>
		<feat xlink:href="#sSpan4486" value="·"/>
		<feat xlink:href="#sSpan4490" value="ⲉ"/>
		<feat xlink:href="#sSpan4494" value="ⲛⲉ"/>
		<feat xlink:href="#sSpan4497" value="ⲥⲛⲏⲩ"/>
		<feat xlink:href="#sSpan4499" value="ⲙ̅"/>
		<feat xlink:href="#sSpan4504" value="ⲙⲁⲓⲛⲟⲩⲧⲉ"/>
		<feat xlink:href="#sSpan4507" value="ⲁ"/>
		<feat xlink:href="#sSpan4511" value="ⲓ"/>
		<feat xlink:href="#sSpan4513" value="ⲙ̅ⲧⲟⲛ"/>
		<feat xlink:href="#sSpan4515" value="ⲙ̅ⲙⲟ"/>
		<feat xlink:href="#sSpan4521" value="ⲓ"/>
		<feat xlink:href="#sSpan4523" value="ϩⲁϩⲧⲏ"/>
		<feat xlink:href="#sSpan4527" value="ⲩ"/>
		<feat xlink:href="#sSpan4529" value="·"/>
		<feat xlink:href="#sSpan4533" value="ⲙ̅"/>
		<feat xlink:href="#sSpan4537" value="ⲙⲏⲧ"/>
		<feat xlink:href="#sSpan4540" value="ⲛ̅"/>
		<feat xlink:href="#sSpan4544" value="ϩⲟⲟⲩ"/>
		<feat xlink:href="#sSpan4546" value="·"/>
		<feat xlink:href="#sSpan4550" value="ⲁⲩⲱ"/>
		<feat xlink:href="#sSpan4556" value="ⲁ"/>
		<feat xlink:href="#sSpan4560" value="ⲓ̈"/>
		<feat xlink:href="#sSpan4562" value="ϫⲱ"/>
		<feat xlink:href="#sSpan4564" value="ⲉⲣⲟ"/>
		<feat xlink:href="#sSpan4569" value="ⲟⲩ"/>
		<feat xlink:href="#sSpan4571" value="ⲛ̅"/>
		<feat xlink:href="#sSpan4575" value="ⲑ"/>
		<feat xlink:href="#sSpan4578" value="ⲉ"/>
		<feat xlink:href="#sSpan4580" value="ⲛ̅ⲧ"/>
		<feat xlink:href="#sSpan4584" value="ⲁ"/>
		<feat xlink:href="#sSpan4586" value="ⲥ"/>
		<feat xlink:href="#sSpan4588" value="ϣⲱⲡⲉ"/>
		<feat xlink:href="#sSpan4590" value="ⲙ̅ⲙⲟ"/>
		<feat xlink:href="#sSpan4594" value="ⲓ"/>
		<feat xlink:href="#sSpan4596" value="·"/>
		<feat xlink:href="#sSpan4600" value="ⲛ̅ⲧⲟⲟⲩ"/>
		<feat xlink:href="#sSpan4607" value="ⲇⲉ"/>
		<feat xlink:href="#sSpan4611" value="ⲡⲉϫⲁ"/>
		<feat xlink:href="#sSpan4615" value="ⲩ"/>
		<feat xlink:href="#sSpan4617" value="ϫⲉ"/>
		<feat xlink:href="#sSpan4622" value="ⲁⲗⲏⲑⲱⲥ"/>
		<feat xlink:href="#sSpan4625" value="ⲁ"/>
		<feat xlink:href="#sSpan4629" value="ⲕ"/>
		<feat xlink:href="#sSpan4631" value="ⲙ̅ⲡϣⲁ"/>
		<feat xlink:href="#sSpan4633" value="ⲛ̅"/>
		<feat xlink:href="#sSpan4637" value="ⲟⲩ"/>
		<feat xlink:href="#sSpan4640" value="ⲛⲟϭ"/>
		<feat xlink:href="#sSpan4642" value="ⲛ̅"/>
		<feat xlink:href="#sSpan4646" value="ϩⲙⲟⲧ"/>
		<feat xlink:href="#sSpan4648" value="·"/>
		<feat xlink:href="#sSpan4652" value="ⲛⲉ"/>
		<feat xlink:href="#sSpan4658" value="ϩⲉⲛ"/>
		<feat xlink:href="#sSpan4662" value="ⲙⲁⲓⲛⲟⲩⲧⲉ"/>
		<feat xlink:href="#sSpan4667" value="ⲅⲁⲣ"/>
		<feat xlink:href="#sSpan4671" value="ⲛⲉ"/>
		<feat xlink:href="#sSpan4675" value="ⲛⲉ"/>
		<feat xlink:href="#sSpan4680" value="ⲥⲛⲏⲩ"/>
		<feat xlink:href="#sSpan4682" value="·"/>
		<feat xlink:href="#sSpan4686" value="ⲉⲧ"/>
		<feat xlink:href="#sSpan4690" value="ⲙ̅ⲙⲁⲩ"/>
		<feat xlink:href="#sSpan4692" value="·"/>
		<feat xlink:href="#sSpan4696" value="ⲁⲩⲱ"/>
		<feat xlink:href="#sSpan4700" value="ⲛⲉ"/>
		<feat xlink:href="#sSpan4704" value="ϩⲉⲛ"/>
		<feat xlink:href="#sSpan4708" value="ⲁⲅⲱⲛⲓⲥⲧⲏⲥ"/>
		<feat xlink:href="#sSpan4711" value="ⲛⲉ"/>
		<feat xlink:href="#sSpan4715" value="·"/>
		<feat xlink:href="#sSpan4719" value="ⲛ̅"/>
		<feat xlink:href="#sSpan4725" value="ⲣⲉϥϣⲙ̅ϣⲉ"/>
		<feat xlink:href="#sSpan4728" value="ⲙ̅"/>
		<feat xlink:href="#sSpan4732" value="ⲡ"/>
		<feat xlink:href="#sSpan4735" value="ⲛⲟⲩⲧⲉ"/>
		<feat xlink:href="#sSpan4737" value="ϩⲙ̅"/>
		<feat xlink:href="#sSpan4741" value="ⲡⲉⲩ"/>
		<feat xlink:href="#sSpan4744" value="ϩⲏⲧ"/>
		<feat xlink:href="#sSpan4747" value="ⲧⲏⲣ"/>
		<feat xlink:href="#sSpan4751" value="ϥ̅"/>
		<feat xlink:href="#sSpan4753" value="·"/>
		<feat xlink:href="#sSpan4757" value="ⲁⲩⲱ"/>
		<feat xlink:href="#sSpan4761" value="ⲡⲉⲩ"/>
		<feat xlink:href="#sSpan4766" value="ⲙⲁ"/>
		<feat xlink:href="#sSpan4768" value="ⲛ̅"/>
		<feat xlink:href="#sSpan4772" value="ϣⲱⲡⲉ"/>
		<feat xlink:href="#sSpan4774" value="ⲡⲉ"/>
		<feat xlink:href="#sSpan4778" value="ϣⲓⲏⲧ"/>
		<feat xlink:href="#sSpan4783" value="·"/>
		<feat xlink:href="#sSpan4787" value="ⲁ"/>
		<feat xlink:href="#sSpan4793" value="ⲩ"/>
		<feat xlink:href="#sSpan4795" value="ϭⲉⲡⲏ"/>
		<feat xlink:href="#sSpan4799" value="ⲇⲉ"/>
		<feat xlink:href="#sSpan4803" value="ⲁ"/>
		<feat xlink:href="#sSpan4807" value="ⲩ"/>
		<feat xlink:href="#sSpan4809" value="ⲥϩⲁⲓ"/>
		<feat xlink:href="#sSpan4811" value="ⲛ̅"/>
		<feat xlink:href="#sSpan4815" value="ⲛⲉⲓ"/>
		<feat xlink:href="#sSpan4818" value="ϣⲁϫⲉ"/>
		<feat xlink:href="#sSpan4820" value="ⲛ̅ⲧ"/>
		<feat xlink:href="#sSpan4824" value="ⲁ"/>
		<feat xlink:href="#sSpan4826" value="ⲩ"/>
		<feat xlink:href="#sSpan4828" value="ⲥⲟⲧⲙ"/>
		<feat xlink:href="#sSpan4830" value="ⲟⲩ"/>
		<feat xlink:href="#sSpan4832" value="ⲉⲃⲟⲗ"/>
		<feat xlink:href="#sSpan4837" value="ϩⲓⲧⲟⲟⲧ"/>
		<feat xlink:href="#sSpan4842" value="ϥ̅"/>
		<feat xlink:href="#sSpan4844" value="ⲛ̅"/>
		<feat xlink:href="#sSpan4849" value="ⲁⲡⲁ"/>
		<feat xlink:href="#sSpan4852" value="ⲡⲁⲡⲛⲟⲩⲧⲉ"/>
		<feat xlink:href="#sSpan4856" value="ⲁ"/>
		<feat xlink:href="#sSpan4862" value="ⲩ"/>
		<feat xlink:href="#sSpan4865" value="ⲧⲁⲭⲩ"/>
		<feat xlink:href="#sSpan4867" value="ⲁ"/>
		<feat xlink:href="#sSpan4871" value="ⲩ"/>
		<feat xlink:href="#sSpan4873" value="ⲧⲁⲁ"/>
		<feat xlink:href="#sSpan4875" value="ⲩ"/>
		<feat xlink:href="#sSpan4877" value="ⲉ"/>
		<feat xlink:href="#sSpan4881" value="ⲩ"/>
		<feat xlink:href="#sSpan4884" value="ϫⲱⲱⲙⲉ"/>
		<feat xlink:href="#sSpan4887" value="·"/>
		<feat xlink:href="#sSpan4891" value="ⲁ"/>
		<feat xlink:href="#sSpan4897" value="ⲩ"/>
		<feat xlink:href="#sSpan4899" value="ϫⲟⲟⲩ"/>
		<feat xlink:href="#sSpan4901" value="ϥ"/>
		<feat xlink:href="#sSpan4903" value="ⲉ"/>
		<feat xlink:href="#sSpan4907" value="ϣⲓⲏⲧ"/>
		<feat xlink:href="#sSpan4910" value="·"/>
		<feat xlink:href="#sSpan4914" value="ⲁ"/>
		<feat xlink:href="#sSpan4920" value="ⲩ"/>
		<feat xlink:href="#sSpan4922" value="ⲕⲁⲁ"/>
		<feat xlink:href="#sSpan4924" value="ϥ"/>
		<feat xlink:href="#sSpan4926" value="ϩⲛ̅"/>
		<feat xlink:href="#sSpan4930" value="ⲧ"/>
		<feat xlink:href="#sSpan4934" value="ⲕ̅ⲕⲗⲏⲥⲓⲁ"/>
		<feat xlink:href="#sSpan4937" value="ⲉ"/>
		<feat xlink:href="#sSpan4941" value="ⲩ"/>
		<feat xlink:href="#sSpan4944" value="ϩⲏⲩ"/>
		<feat xlink:href="#sSpan4946" value="·"/>
		<feat xlink:href="#sSpan4950" value="ⲛ̅"/>
		<feat xlink:href="#sSpan4954" value="ⲛ"/>
		<feat xlink:href="#sSpan4957" value="ⲉⲧ"/>
		<feat xlink:href="#sSpan4959" value="ⲛⲁ"/>
		<feat xlink:href="#sSpan4961" value="ⲥⲱⲧⲙ̅"/>
		<feat xlink:href="#sSpan4963" value="ⲉⲣⲟ"/>
		<feat xlink:href="#sSpan4967" value="ϥ"/>
		<feat xlink:href="#sSpan4969" value="ⲁⲩⲱ"/>
		<feat xlink:href="#sSpan4975" value="ⲛⲉ"/>
		<feat xlink:href="#sSpan4979" value="ⲩ"/>
		<feat xlink:href="#sSpan4981" value="ϣⲁϫⲉ"/>
		<feat xlink:href="#sSpan4983" value="ⲛ̅ϩⲏⲧ"/>
		<feat xlink:href="#sSpan4988" value="ϥ̅"/>
		<feat xlink:href="#sSpan4990" value="·"/>
		<feat xlink:href="#sSpan4994" value="ⲉ"/>
		<feat xlink:href="#sSpan4998" value="ϥ"/>
		<feat xlink:href="#sSpan5000" value="ⲟ̅"/>
		<feat xlink:href="#sSpan5002" value="ⲙ̅"/>
		<feat xlink:href="#sSpan5007" value="ⲙⲉⲗⲉⲧⲏⲥⲓⲥ"/>
		<feat xlink:href="#sSpan5010" value="ⲛⲁ"/>
		<feat xlink:href="#sSpan5014" value="ⲩ"/>
		<feat xlink:href="#sSpan5016" value="ϩⲛ̅"/>
		<feat xlink:href="#sSpan5020" value="ⲧⲁⲡⲣⲟ"/>
		<feat xlink:href="#sSpan5023" value="ⲛ̅"/>
		<feat xlink:href="#sSpan5028" value="ⲟⲩⲟⲛ"/>
		<feat xlink:href="#sSpan5033" value="ⲛⲓⲙ"/>
		<feat xlink:href="#sSpan5037" value="·"/>
		<feat xlink:href="#sSpan5041" value="ⲉ"/>
		<feat xlink:href="#sSpan5047" value="ⲩ"/>
		<feat xlink:href="#sSpan5050" value="ϯⲉⲟⲟⲩ"/>
		<feat xlink:href="#sSpan5053" value="ⲙ̅"/>
		<feat xlink:href="#sSpan5057" value="ⲡ"/>
		<feat xlink:href="#sSpan5060" value="ⲛⲟⲩⲧⲉ"/>
		<feat xlink:href="#sSpan5062" value="ⲁⲩⲱ"/>
		<feat xlink:href="#sSpan5066" value="ⲉ"/>
		<feat xlink:href="#sSpan5070" value="ⲩ"/>
		<feat xlink:href="#sSpan5072" value="ⲥⲙⲟⲩ"/>
		<feat xlink:href="#sSpan5074" value="ⲉ"/>
		<feat xlink:href="#sSpan5079" value="ⲛⲉϥ"/>
		<feat xlink:href="#sSpan5083" value="ⲡⲉⲧⲟⲩⲁⲁⲃ"/>
		<feat xlink:href="#sSpan5087" value="·"/>
		<feat xlink:href="#sSpan5091" value="ϩⲓⲧⲛ̅"/>
		<feat xlink:href="#sSpan5095" value="ⲧⲉ"/>
		<feat xlink:href="#sSpan5099" value="ⲭⲁⲣⲓⲥ"/>
		<feat xlink:href="#sSpan5101" value="·"/>
		<feat xlink:href="#sSpan5105" value="ⲙⲛ̅"/>
		<feat xlink:href="#sSpan5109" value="ⲧ"/>
		<feat xlink:href="#sSpan5113" value="ⲙⲛ̅ⲧ̅ⲙⲁⲓⲣⲱⲙⲉ"/>
		<feat xlink:href="#sSpan5118" value="ⲙ̅"/>
		<feat xlink:href="#sSpan5122" value="ⲡⲉⲛ"/>
		<feat xlink:href="#sSpan5125" value="ϫⲥ̅"/>
		<feat xlink:href="#sSpan5128" value="ⲓⲥ̅"/>
		<feat xlink:href="#sSpan5132" value="ⲡⲉ"/>
		<feat xlink:href="#sSpan5137" value="ⲭⲥ̅"/>
		<feat xlink:href="#sSpan5139" value="·"/>
		<feat xlink:href="#sSpan5143" value="ⲡⲁⲓ"/>
		<feat xlink:href="#sSpan5148" value="ⲉⲃⲟⲗ"/>
		<feat xlink:href="#sSpan5153" value="ϩⲓⲧⲟⲟⲧ"/>
		<feat xlink:href="#sSpan5158" value="ϥ̅"/>
		<feat xlink:href="#sSpan5160" value="ⲡ"/>
		<feat xlink:href="#sSpan5165" value="ⲉⲟⲟⲩ"/>
		<feat xlink:href="#sSpan5167" value="ⲛⲁ"/>
		<feat xlink:href="#sSpan5171" value="ϥ"/>
		<feat xlink:href="#sSpan5173" value="ⲙⲛ̅"/>
		<feat xlink:href="#sSpan5177" value="ⲡϥ̅"/>
		<feat xlink:href="#sSpan5180" value="ⲉⲓⲱⲧ"/>
		<feat xlink:href="#sSpan5182" value="ⲛ̅"/>
		<feat xlink:href="#sSpan5187" value="ⲁⲅⲁⲑⲟⲥ"/>
		<feat xlink:href="#sSpan5189" value="ⲙⲛ̅"/>
		<feat xlink:href="#sSpan5193" value="ⲡⲉ"/>
		<feat xlink:href="#sSpan5198" value="ⲡⲛⲁ̅"/>
		<feat xlink:href="#sSpan5200" value="ⲉⲧ"/>
		<feat xlink:href="#sSpan5204" value="ⲟⲩⲁⲁⲃ"/>
		<feat xlink:href="#sSpan5206" value="ϣⲁ"/>
		<feat xlink:href="#sSpan5210" value="ⲉⲛⲉϩ"/>
		<feat xlink:href="#sSpan5213" value="ⲛ̅"/>
		<feat xlink:href="#sSpan5217" value="ⲉⲛⲉϩ"/>
		<feat xlink:href="#sSpan5219" value="·"/>
		<feat xlink:href="#sSpan5224" value="ϩⲁⲙⲏⲛ"/>
		<feat xlink:href="#sSpan5230" value="·"/>
		<feat xlink:href="#sSpan5234" value="—"/>
		<feat xlink:href="#sSpan5239" value="···"/>
		<feat xlink:href="#sSpan5243" value="—"/>
		<feat xlink:href="#sSpan5247" value="···"/>
		<feat xlink:href="#sSpan5251" value="—"/>
		<feat xlink:href="#sSpan5255" value="···"/>
		<feat xlink:href="#sSpan5259" value="—"/>
		<feat xlink:href="#sSpan5263" value="···"/>
		<feat xlink:href="#sSpan5267" value="—"/>
		<feat xlink:href="#sSpan5271" value="···"/>
		<feat xlink:href="#sSpan5275" value="—"/>
		<feat xlink:href="#sSpan5281" value="ⲉⲅⲱ"/>
		<feat xlink:href="#sSpan5290" value="ⲃⲓⲕⲧⲟⲣ"/>
		<feat xlink:href="#sSpan5296" value="ⲉⲗⲁⲭ[ⲓⲥⲧⲟⲥ]"/>
		<feat xlink:href="#sSpan5301" value="ⲇⲓⲁⲕⲟ[ⲛⲟⲥ]"/>
		<feat xlink:href="#sSpan5305" value="ⲩ̅ⲩ̅"/>
		<feat xlink:href="#sSpan5310" value="ⲙⲁⲕⲁⲣⲓⲟⲥ"/>
		<feat xlink:href="#sSpan5316" value="ⲙⲉⲣⲕⲟⲩⲣⲓⲟⲥ"/>
		<feat xlink:href="#sSpan5322" value="ⲇⲓⲁⲕⲟ[ⲛⲟⲥ]"/>
		<feat xlink:href="#sSpan5327" value="ⲧⲟⲩ"/>
		<feat xlink:href="#sSpan5333" value="ⲁⲅⲓⲟⲩ"/>
		<feat xlink:href="#sSpan5338" value="ⲙⲉⲣ[ⲕⲩⲣⲓⲟⲩ]"/>
		<feat xlink:href="#sSpan5344" value="ⲙⲉⲅⲁⲥⲧⲣⲁⲧⲏⲗⲁⲧⲁ"/>
		<feat xlink:href="#sSpan5351" value="ⲁⲡⲟ"/>
		<feat xlink:href="#sSpan5356" value="ⲧⲏⲥ"/>
		<feat xlink:href="#sSpan5362" value="ⲡⲟⲗⲉⲟⲥ"/>
		<feat xlink:href="#sSpan5367" value="ⲗⲁⲧⲱⲛ"/>
		<feat xlink:href="#sSpan5372" value="ⲉⲅⲣⲁⲯⲁⲥ"/>
		<feat xlink:href="#sSpan5378" value="ⲃⲓⲃⲗⲟⲥ"/>
		<feat xlink:href="#sSpan5384" value="ⲙⲛⲏⲥⲑⲏϯ"/>
		<feat xlink:href="#sSpan5391" value="ⲙⲟⲩ"/>
		<feat xlink:href="#sSpan5396" value="ⲕ̅ⲉ̅"/>
		<feat xlink:href="#sSpan5402" value="ⲟⲧⲁⲛ"/>
		<feat xlink:href="#sSpan5407" value="ⲉⲗⲑⲏⲥ"/>
		<feat xlink:href="#sSpan5413" value="ⲉⲛ"/>
		<feat xlink:href="#sSpan5418" value="ⲧⲏ"/>
		<feat xlink:href="#sSpan5424" value="ⲃⲁⲥⲓⲗⲓⲁ"/>
		<feat xlink:href="#sSpan5429" value="ⲥⲟⲩ"/>
		<feat xlink:href="#sSpan5433" value="—"/>
		<feat xlink:href="#sSpan5438" value="···"/>
		<feat xlink:href="#sSpan5442" value="—"/>
		<feat xlink:href="#sSpan5446" value="···"/>
		<feat xlink:href="#sSpan5450" value="—"/>
		<feat xlink:href="#sSpan5454" value="···"/>
		<feat xlink:href="#sSpan5458" value="—"/>
		<feat xlink:href="#sSpan5462" value="···"/>
		<feat xlink:href="#sSpan5466" value="—"/>
		<feat xlink:href="#sSpan5470" value="···"/>
		<feat xlink:href="#sSpan5474" value="—"/>
		<feat xlink:href="#sSpan5478" value="ⲉⲅⲣⲁⲫⲏ"/>
		<feat xlink:href="#sSpan5486" value="ⲙⲩⲛⲏ"/>
		<feat xlink:href="#sSpan5492" value="ⲧⲩⲃⲓ"/>
		<feat xlink:href="#sSpan5496" value="ⲅ̅"/>
		<feat xlink:href="#sSpan5500" value="ⲁⲡⲟ"/>
		<feat xlink:href="#sSpan5504" value="ⲧⲱⲛ"/>
		<feat xlink:href="#sSpan5511" value="ⲁⲅⲓⲟⲛ"/>
		<feat xlink:href="#sSpan5515" value="ⲙⲁⲣⲧ[ⲩⲣⲱⲛ]"/>
		<feat xlink:href="#sSpan5520" value="ⲯ"/>
		<feat xlink:href="#sSpan5524" value="ⲕ"/>
		<feat xlink:href="#sSpan5526" value="ⲁ"/>
		<feat xlink:href="#sSpan5528" value="ⲉⲧⲟⲩⲥ"/>
		<feat xlink:href="#sSpan5532" value="ⲧⲝⲉⲓⲛⲇ"/>
		<feat xlink:href="#sSpan5537" value="ⲅ̅"/>
		<feat xlink:href="#sSpan5541" value="—"/>
		<feat xlink:href="#sSpan5546" value="···"/>
		<feat xlink:href="#sSpan5550" value="—"/>
		<feat xlink:href="#sSpan5554" value="···"/>
		<feat xlink:href="#sSpan5558" value="—"/>
		<feat xlink:href="#sSpan5562" value="···"/>
		<feat xlink:href="#sSpan5566" value="—"/>
		<feat xlink:href="#sSpan5570" value="Ϩⲓ̈ⲧⲛ̅"/>
		<feat xlink:href="#sSpan5579" value="ⲇⲉⲥⲡⲟⲇⲏ"/>
		<feat xlink:href="#sSpan5582" value="ⲙⲛ̅"/>
		<feat xlink:href="#sSpan5586" value="ⲧ"/>
		<feat xlink:href="#sSpan5590" value="ⲙⲛ̅ⲧ̅ⲃⲁⲓⲣⲟⲟⲩϣ"/>
		<feat xlink:href="#sSpan5593" value="ⲛ̅"/>
		<feat xlink:href="#sSpan5597" value="ⲛⲉⲛ"/>
		<feat xlink:href="#sSpan5600" value="ⲉⲓⲟⲟⲧⲉ"/>
		<feat xlink:href="#sSpan5602" value="ⲙⲛ̅ⲛ"/>
		<feat xlink:href="#sSpan5607" value="ⲙ̅"/>
		<feat xlink:href="#sSpan5610" value="ⲙⲉⲣⲁⲧⲉ"/>
		<feat xlink:href="#sSpan5612" value="ⲛ̅"/>
		<feat xlink:href="#sSpan5616" value="ⲥⲛⲏⲩ"/>
		<feat xlink:href="#sSpan5619" value="ⲁⲃⲃⲁ"/>
		<feat xlink:href="#sSpan5625" value="ⲁⲃⲣⲁϩⲁⲙ"/>
		<feat xlink:href="#sSpan5629" value="ⲡⲉ"/>
		<feat xlink:href="#sSpan5634" value="ⲡⲣⲁⲉⲓⲥⲧⲟⲥ"/>
		<feat xlink:href="#sSpan5637" value="ⲙ"/>
		<feat xlink:href="#sSpan5642" value="ⲡ"/>
		<feat xlink:href="#sSpan5645" value="[]"/>
		<feat xlink:href="#sSpan5647" value="ⲙⲛ̅"/>
		<feat xlink:href="#sSpan5651" value="ⲡ"/>
		<feat xlink:href="#sSpan5656" value="ⲁⲣⲭ[ⲏ]ⲇⲓⲁⲕⲟ[ⲛⲟⲥ]"/>
		<feat xlink:href="#sSpan5661" value="ⲁⲃⲃⲁ"/>
		<feat xlink:href="#sSpan5665" value="ⲭⲁⲏⲗ"/>
		<feat xlink:href="#sSpan5668" value="ⲙⲛ̅"/>
		<feat xlink:href="#sSpan5672" value="ⲡ"/>
		<feat xlink:href="#sSpan5676" value="ⲇⲉⲩⲇⲉⲗⲁⲣⲏⲥ"/>
		<feat xlink:href="#sSpan5679" value="ⲍⲁⲭⲁⲣⲓⲁⲥ"/>
		<feat xlink:href="#sSpan5683" value="ⲡ"/>
		<feat xlink:href="#sSpan5688" value="ⲇⲓⲁⲕⲟ[ⲛⲟⲥ]"/>
		<feat xlink:href="#sSpan5691" value="ⲁⲩⲱ"/>
		<feat xlink:href="#sSpan5695" value="ⲡ"/>
		<feat xlink:href="#sSpan5700" value="ⲙⲟⲛⲟⲭⲟⲥ"/>
		<feat xlink:href="#sSpan5702" value="ⲙ̅"/>
		<feat xlink:href="#sSpan5706" value="ⲡ"/>
		<feat xlink:href="#sSpan5710" value="ⲙⲟⲛⲁⲥⲧⲏⲣⲓⲟⲛ"/>
		<feat xlink:href="#sSpan5712" value="ⲙ̅"/>
		<feat xlink:href="#sSpan5717" value="ⲫ"/>
		<feat xlink:href="#sSpan5721" value="ⲁⲅⲓⲟⲥ"/>
		<feat xlink:href="#sSpan5724" value="ⲙⲉⲣ[ⲕⲟⲩⲣⲓⲟⲥ]"/>
		<feat xlink:href="#sSpan5728" value="ⲡⲉ"/>
		<feat xlink:href="#sSpan5733" value="ⲥⲧⲣⲁⲧⲏⲗⲁⲧⲏⲥ"/>
		<feat xlink:href="#sSpan5735" value="ⲡⲁⲓ"/>
		<feat xlink:href="#sSpan5741" value="ⲉⲧ"/>
		<feat xlink:href="#sSpan5745" value="ϣⲟⲟⲡ"/>
		<feat xlink:href="#sSpan5747" value="ϩⲙ̅"/>
		<feat xlink:href="#sSpan5751" value="ⲡ"/>
		<feat xlink:href="#sSpan5754" value="ⲧⲟⲟⲩ"/>
		<feat xlink:href="#sSpan5756" value="ⲛ̅"/>
		<feat xlink:href="#sSpan5760" value="ⲧⲃⲱ"/>
		<feat xlink:href="#sSpan5763" value="·"/>
		<feat xlink:href="#sSpan5767" value="ⲁ"/>
		<feat xlink:href="#sSpan5773" value="ⲩ"/>
		<feat xlink:href="#sSpan5775" value="ⲥⲙⲛ̅"/>
		<feat xlink:href="#sSpan5777" value="ⲡⲉⲓ"/>
		<feat xlink:href="#sSpan5782" value="ϫⲱⲱⲙⲉ"/>
		<feat xlink:href="#sSpan5785" value="ϩⲛ̅"/>
		<feat xlink:href="#sSpan5789" value="ⲛⲉⲩ"/>
		<feat xlink:href="#sSpan5792" value="ϩⲓⲥⲉ"/>
		<feat xlink:href="#sSpan5794" value="ⲙ̅ⲙⲓⲛⲙ̅ⲙⲟ"/>
		<feat xlink:href="#sSpan5798" value="ⲟⲩ"/>
		<feat xlink:href="#sSpan5800" value="ⲁ"/>
		<feat xlink:href="#sSpan5806" value="ⲩ"/>
		<feat xlink:href="#sSpan5808" value="ⲕⲁⲁ"/>
		<feat xlink:href="#sSpan5810" value="ϥ"/>
		<feat xlink:href="#sSpan5812" value="ϩⲙ̅"/>
		<feat xlink:href="#sSpan5817" value="ⲡⲉⲩ"/>
		<feat xlink:href="#sSpan5821" value="ⲙⲟⲛⲁⲥⲧⲏⲣⲓⲟⲛ"/>
		<feat xlink:href="#sSpan5823" value="·"/>
		<feat xlink:href="#sSpan5827" value="ϫⲉⲕⲁⲥ"/>
		<feat xlink:href="#sSpan5831" value="ⲉ"/>
		<feat xlink:href="#sSpan5835" value="ⲩ"/>
		<feat xlink:href="#sSpan5837" value="ⲛⲁ"/>
		<feat xlink:href="#sSpan5839" value="ⲱϣ"/>
		<feat xlink:href="#sSpan5841" value="ⲛ̅ϩⲏⲧ"/>
		<feat xlink:href="#sSpan5846" value="ϥ̅"/>
		<feat xlink:href="#sSpan5848" value="ⲉ"/>
		<feat xlink:href="#sSpan5852" value="ⲩ"/>
		<feat xlink:href="#sSpan5855" value="ϩⲏⲩ"/>
		<feat xlink:href="#sSpan5857" value="ⲙⲛ̅"/>
		<feat xlink:href="#sSpan5861" value="ⲟⲩ"/>
		<feat xlink:href="#sSpan5865" value="ⲡⲗⲩⲣⲟⲫⲟⲣⲓⲁ"/>
		<feat xlink:href="#sSpan5867" value="ⲛ̅"/>
		<feat xlink:href="#sSpan5871" value="ⲛ"/>
		<feat xlink:href="#sSpan5874" value="ⲉⲧ"/>
		<feat xlink:href="#sSpan5876" value="ⲛⲁ"/>
		<feat xlink:href="#sSpan5878" value="ⲱϣ"/>
		<feat xlink:href="#sSpan5880" value="ⲛ̅ϩⲏⲧ"/>
		<feat xlink:href="#sSpan5885" value="ϥ̅"/>
		<feat xlink:href="#sSpan5887" value="ⲙⲛ̅"/>
		<feat xlink:href="#sSpan5891" value="ⲡ"/>
		<feat xlink:href="#sSpan5894" value="ⲉⲧ"/>
		<feat xlink:href="#sSpan5896" value="ⲛⲁ"/>
		<feat xlink:href="#sSpan5898" value="ⲥⲱⲧⲙ̅"/>
		<feat xlink:href="#sSpan5900" value="ⲉⲣⲟ"/>
		<feat xlink:href="#sSpan5904" value="ϥ"/>
		<feat xlink:href="#sSpan5906" value="ϩⲛ̅"/>
		<feat xlink:href="#sSpan5910" value="ⲟⲩ"/>
		<feat xlink:href="#sSpan5913" value="ϯϩⲧⲏϥ"/>
		<feat xlink:href="#sSpan5918" value="ϫⲉⲕⲁⲥ"/>
		<feat xlink:href="#sSpan5923" value="ⲉⲣⲉ"/>
		<feat xlink:href="#sSpan5927" value="ⲡⲉⲛ"/>
		<feat xlink:href="#sSpan5930" value="ⲥ̅ⲏ̅ⲣ̅"/>
		<feat xlink:href="#sSpan5932" value="ⲛ̅"/>
		<feat xlink:href="#sSpan5937" value="ⲁⲅⲁⲑⲟⲥ"/>
		<feat xlink:href="#sSpan5939" value="ⲙⲛ̅"/>
		<feat xlink:href="#sSpan5943" value="ⲡ"/>
		<feat xlink:href="#sSpan5947" value="ⲡⲉⲧⲟⲩⲁⲁⲃ"/>
		<feat xlink:href="#sSpan5953" value="ⲁⲡⲁ"/>
		<feat xlink:href="#sSpan5957" value="ⲟⲛⲛⲟⲫⲣⲓⲟⲥ"/>
		<feat xlink:href="#sSpan5961" value="ⲡ"/>
		<feat xlink:href="#sSpan5966" value="ⲁⲛⲁⲭⲱⲣⲓⲧⲏⲥ"/>
		<feat xlink:href="#sSpan5968" value="ⲛⲁ"/>
		<feat xlink:href="#sSpan5972" value="ⲥⲙⲟⲩ"/>
		<feat xlink:href="#sSpan5975" value="ⲉⲣⲟ"/>
		<feat xlink:href="#sSpan5979" value="ⲟⲩ"/>
		<feat xlink:href="#sSpan5981" value="ⲙⲛ̅"/>
		<feat xlink:href="#sSpan5985" value="ⲡ"/>
		<feat xlink:href="#sSpan5988" value="ⲥⲱⲟⲩϩ"/>
		<feat xlink:href="#sSpan5990" value="ⲉϩⲟⲩⲛ"/>
		<feat xlink:href="#sSpan5994" value="ⲙ̅"/>
		<feat xlink:href="#sSpan5998" value="ⲡⲉⲩ"/>
		<feat xlink:href="#sSpan6002" value="ⲙⲟⲛⲁⲥⲧⲏⲣⲓⲟⲛ"/>
		<feat xlink:href="#sSpan6005" value="ⲧⲏⲣ"/>
		<feat xlink:href="#sSpan6009" value="ϥ̅"/>
		<feat xlink:href="#sSpan6011" value="ϩⲙ̅"/>
		<feat xlink:href="#sSpan6015" value="ⲡⲉ"/>
		<feat xlink:href="#sSpan6018" value="ⲥⲙⲟⲩ"/>
		<feat xlink:href="#sSpan6020" value="ⲛ̅"/>
		<feat xlink:href="#sSpan6024" value="ⲧ"/>
		<feat xlink:href="#sSpan6027" value="ⲡⲉ"/>
		<feat xlink:href="#sSpan6029" value="ⲁⲩⲱ"/>
		<feat xlink:href="#sSpan6033" value="ⲡⲉ"/>
		<feat xlink:href="#sSpan6039" value="ⲥⲙⲟⲩ"/>
		<feat xlink:href="#sSpan6041" value="ⲙ̅"/>
		<feat xlink:href="#sSpan6045" value="ⲡ"/>
		<feat xlink:href="#sSpan6048" value="ⲕⲁϩ"/>
		<feat xlink:href="#sSpan6050" value="ⲉ"/>
		<feat xlink:href="#sSpan6054" value="ⲡ"/>
		<feat xlink:href="#sSpan6057" value="ϫⲏⲕ"/>
		<feat xlink:href="#sSpan6059" value="ⲉⲃⲟⲗ"/>
		<feat xlink:href="#sSpan6063" value="ⲙ̅"/>
		<feat xlink:href="#sSpan6067" value="ⲡ"/>
		<feat xlink:href="#sSpan6070" value="ⲧⲏⲣϥ̅"/>
		<feat xlink:href="#sSpan6073" value="ⲛ"/>
		<feat xlink:href="#sSpan6080" value="ϥ̅"/>
		<feat xlink:href="#sSpan6082" value="ⲕⲱ"/>
		<feat xlink:href="#sSpan6084" value="ⲟⲩ"/>
		<feat xlink:href="#sSpan6089" value="ⲥⲙⲟⲩ"/>
		<feat xlink:href="#sSpan6091" value="ⲙⲛ̅"/>
		<feat xlink:href="#sSpan6095" value="ⲟⲩ"/>
		<feat xlink:href="#sSpan6098" value="ⲥⲉⲓ"/>
		<feat xlink:href="#sSpan6100" value="ⲙⲛ̅"/>
		<feat xlink:href="#sSpan6104" value="ⲟⲩ"/>
		<feat xlink:href="#sSpan6107" value="ϩⲓⲛⲟⲩϥⲉ"/>
		<feat xlink:href="#sSpan6109" value="ⲙⲛ̅"/>
		<feat xlink:href="#sSpan6114" value="ⲟⲩ"/>
		<feat xlink:href="#sSpan6118" value="ⲥⲱⲧⲏⲣⲓⲁ"/>
		<feat xlink:href="#sSpan6120" value="ⲉ"/>
		<feat xlink:href="#sSpan6124" value="ⲩ"/>
		<feat xlink:href="#sSpan6126" value="ⲙⲏⲛ"/>
		<feat xlink:href="#sSpan6128" value="ⲉⲃⲟⲗ"/>
		<feat xlink:href="#sSpan6132" value="ϩⲙ̅"/>
		<feat xlink:href="#sSpan6136" value="ⲡⲉⲩ"/>
		<feat xlink:href="#sSpan6140" value="ⲙⲟⲛⲁⲥⲧⲏⲣⲓⲟⲛ"/>
		<feat xlink:href="#sSpan6143" value="·"/>
		<feat xlink:href="#sSpan6147" value="ⲛ"/>
		<feat xlink:href="#sSpan6153" value="ϥ̅"/>
		<feat xlink:href="#sSpan6155" value="ⲧⲟⲩϫⲟ"/>
		<feat xlink:href="#sSpan6157" value="ⲟⲩ"/>
		<feat xlink:href="#sSpan6159" value="ⲛ̅"/>
		<feat xlink:href="#sSpan6163" value="ϭⲟⲣϭⲥ̅"/>
		<feat xlink:href="#sSpan6166" value="ⲙ̅"/>
		<feat xlink:href="#sSpan6170" value="ⲡ"/>
		<feat xlink:href="#sSpan6174" value="ⲇⲓⲁⲃⲟⲗⲟⲥ"/>
		<feat xlink:href="#sSpan6176" value="ⲙⲛ̅"/>
		<feat xlink:href="#sSpan6181" value="ⲛ̅"/>
		<feat xlink:href="#sSpan6184" value="ⲣⲱⲙⲉ"/>
		<feat xlink:href="#sSpan6186" value="ⲙ̅"/>
		<feat xlink:href="#sSpan6191" value="ⲡⲟⲛⲩⲣⲟⲥ"/>
		<feat xlink:href="#sSpan6193" value="·"/>
		<feat xlink:href="#sSpan6197" value="ⲉⲩϣⲁⲛ"/>
		<feat xlink:href="#sSpan6203" value="ⲉⲓ"/>
		<feat xlink:href="#sSpan6206" value="ⲇⲉ"/>
		<feat xlink:href="#sSpan6210" value="ⲟⲛ"/>
		<feat xlink:href="#sSpan6214" value="ⲉⲃⲟⲗ"/>
		<feat xlink:href="#sSpan6220" value="ϩⲛ̅"/>
		<feat xlink:href="#sSpan6225" value="ⲥⲱⲙⲁ"/>
		<feat xlink:href="#sSpan6229" value="ⲡⲣⲟⲥ"/>
		<feat xlink:href="#sSpan6233" value="ⲡ"/>
		<feat xlink:href="#sSpan6238" value="ⲉⲧ"/>
		<feat xlink:href="#sSpan6240" value="ⲕⲏ"/>
		<feat xlink:href="#sSpan6242" value="ⲉϩⲣⲁⲓ"/>
		<feat xlink:href="#sSpan6246" value="ⲛ̅"/>
		<feat xlink:href="#sSpan6250" value="ⲣⲱⲙⲉ"/>
		<feat xlink:href="#sSpan6253" value="ⲛⲓⲙ"/>
		<feat xlink:href="#sSpan6258" value="·"/>
		<feat xlink:href="#sSpan6262" value="ⲉⲩⲉ"/>
		<feat xlink:href="#sSpan6266" value="ⲥⲱⲧⲙ̅"/>
		<feat xlink:href="#sSpan6269" value="ⲇⲉ"/>
		<feat xlink:href="#sSpan6274" value="ⲕⲁⲗⲱⲥ"/>
		<feat xlink:href="#sSpan6278" value="ⲛ̅"/>
		<feat xlink:href="#sSpan6282" value="ϩⲙ̅ϩⲁⲗ"/>
		<feat xlink:href="#sSpan6285" value="ⲉⲧ"/>
		<feat xlink:href="#sSpan6289" value="ⲛⲁⲛⲟⲩ"/>
		<feat xlink:href="#sSpan6292" value="ⲥ"/>
		<feat xlink:href="#sSpan6294" value="ⲁⲩⲱ"/>
		<feat xlink:href="#sSpan6298" value="ⲙ̅"/>
		<feat xlink:href="#sSpan6303" value="ⲡⲓⲥⲧⲟⲥ"/>
		<feat xlink:href="#sSpan6306" value="ⲉⲡⲉⲓⲇⲏ"/>
		<feat xlink:href="#sSpan6310" value="ⲛⲉⲧⲛ̅ⲧ"/>
		<feat xlink:href="#sSpan6315" value="ⲛ̅ϩⲟⲧ"/>
		<feat xlink:href="#sSpan6317" value="ⲉ"/>
		<feat xlink:href="#sSpan6321" value="ϩⲉⲛ"/>
		<feat xlink:href="#sSpan6325" value="ⲕⲟⲩⲓ"/>
		<feat xlink:href="#sSpan6327" value="ϯ"/>
		<feat xlink:href="#sSpan6331" value="[ⲛⲁ"/>
		<feat xlink:href="#sSpan6334" value="ⲕⲁⲑ]ⲓⲥⲧⲁ"/>
		<feat xlink:href="#sSpan6336" value="ⲙ̅ⲙⲱ"/>
		<feat xlink:href="#sSpan6340" value="ⲧⲛ̅"/>
		<feat xlink:href="#sSpan6342" value="ⲉϫⲛ̅"/>
		<feat xlink:href="#sSpan6346" value="ϩⲁϩ"/>
		<feat xlink:href="#sSpan6349" value="ⲃⲱⲕ"/>
		<feat xlink:href="#sSpan6354" value="ⲉϩⲟⲩⲛ"/>
		<feat xlink:href="#sSpan6359" value="ⲉ"/>
		<feat xlink:href="#sSpan6363" value="ⲡ"/>
		<feat xlink:href="#sSpan6366" value="ⲣⲁϣⲉ"/>
		<feat xlink:href="#sSpan6368" value="ⲙ̅"/>
		<feat xlink:href="#sSpan6372" value="ⲡⲉⲕ"/>
		<feat xlink:href="#sSpan6375" value="ϫⲥ̅"/>
		<feat xlink:href="#sSpan6377" value="ⲁⲩⲱ"/>
		<feat xlink:href="#sSpan6383" value="ⲛ̅"/>
		<feat xlink:href="#sSpan6387" value="ⲥⲉ"/>
		<feat xlink:href="#sSpan6389" value="ⲣⲙ̅ⲡϣⲁ"/>
		<feat xlink:href="#sSpan6391" value="ⲛ̅"/>
		<feat xlink:href="#sSpan6397" value="ϫⲓⲕⲗⲏⲣⲟⲛⲟⲙⲓⲁ"/>
		<feat xlink:href="#sSpan6401" value="ⲙⲛ̅"/>
		<feat xlink:href="#sSpan6405" value="ⲛ"/>
		<feat xlink:href="#sSpan6408" value="ⲉⲧ"/>
		<feat xlink:href="#sSpan6410" value="ⲟⲩⲁⲁⲃ"/>
		<feat xlink:href="#sSpan6412" value="ⲧⲏⲣ"/>
		<feat xlink:href="#sSpan6416" value="ⲟⲩ"/>
		<feat xlink:href="#sSpan6419" value="ϩⲁⲙⲏⲛ"/>
		<feat xlink:href="#sSpan6424" value="ⲉⲥⲉ"/>
		<feat xlink:href="#sSpan6428" value="ϣⲟⲡⲉ"/>
		<feat xlink:href="#sSpan6430" value="·"/></featList></paula>