<?xml version='1.0' encoding='UTF-8'?><!DOCTYPE paula SYSTEM "paula_feat.dtd">
<paula version="1.1">
	<header paula_id="scriptorium.life.onnophrius.04.mark_norm_group"/>
	<featList xmlns:xlink="http://www.w3.org/1999/xlink" type="norm_group" xml:base="scriptorium.life.onnophrius.04.mark.xml">
		<feat xlink:href="#sSpan3" value="ⲁⲛⲟⲕ"/>
		<feat xlink:href="#sSpan14" value="ⲇⲉ"/>
		<feat xlink:href="#sSpan18" value="ⲁⲓⲡⲁϩⲧ"/>
		<feat xlink:href="#sSpan26" value="ⲁⲓⲟⲩⲱϣⲧ"/>
		<feat xlink:href="#sSpan36" value="ⲛⲁⲩ"/>
		<feat xlink:href="#sSpan42" value="·"/>
		<feat xlink:href="#sSpan46" value="ⲛⲧⲟⲟⲩ"/>
		<feat xlink:href="#sSpan53" value="ⲇⲉ"/>
		<feat xlink:href="#sSpan57" value="ⲁⲩⲧⲟⲩⲛⲟⲥⲧ"/>
		<feat xlink:href="#sSpan69" value="ⲁⲩⲁⲥⲡⲁⲍⲉ"/>
		<feat xlink:href="#sSpan80" value="ⲙⲙⲟⲓ"/>
		<feat xlink:href="#sSpan86" value="·"/>
		<feat xlink:href="#sSpan90" value="ⲛⲉⲩϣⲟⲟⲡ"/>
		<feat xlink:href="#sSpan100" value="ϩⲛⲟⲩⲛⲟϭ"/>
		<feat xlink:href="#sSpan109" value="ⲛⲥϭⲣⲁϩⲧ"/>
		<feat xlink:href="#sSpan116" value="·"/>
		<feat xlink:href="#sSpan120" value="ⲉⲩⲟ"/>
		<feat xlink:href="#sSpan128" value="ⲛⲧϩⲉ"/>
		<feat xlink:href="#sSpan136" value="ⲛⲛⲉⲛⲧⲁⲩⲡⲱⲛⲉ"/>
		<feat xlink:href="#sSpan151" value="ⲉⲡⲕⲉⲁⲓⲱⲛ"/>
		<feat xlink:href="#sSpan163" value="ϩⲙⲡⲉⲩⲣⲁϣⲉ"/>
		<feat xlink:href="#sSpan173" value="ⲙⲛⲡⲉⲩⲥⲟⲗⲥⲗ"/>
		<feat xlink:href="#sSpan182" value="ⲉϩⲟⲩⲛ"/>
		<feat xlink:href="#sSpan186" value="ⲉⲣⲟⲓ"/>
		<feat xlink:href="#sSpan192" value="·"/>
		<feat xlink:href="#sSpan196" value="ⲁⲩϭⲱ"/>
		<feat xlink:href="#sSpan207" value="ⲇⲉ"/>
		<feat xlink:href="#sSpan212" value="ⲉⲩⲕⲟⲧϥ"/>
		<feat xlink:href="#sSpan220" value="ⲛⲛⲕⲁⲣⲡⲟⲥ"/>
		<feat xlink:href="#sSpan230" value="ϩⲛⲛϣⲏⲛ"/>
		<feat xlink:href="#sSpan239" value="·"/>
		<feat xlink:href="#sSpan243" value="ⲉⲩϯ"/>
		<feat xlink:href="#sSpan251" value="ⲙⲙⲟⲟⲩ"/>
		<feat xlink:href="#sSpan257" value="ⲉϩⲟⲩⲛ"/>
		<feat xlink:href="#sSpan262" value="ⲉⲧⲁⲧⲁⲡⲣⲟ"/>
		<feat xlink:href="#sSpan271" value="·"/>
		<feat xlink:href="#sSpan275" value="ⲁⲛⲟⲕ"/>
		<feat xlink:href="#sSpan282" value="ⲇⲉ"/>
		<feat xlink:href="#sSpan286" value="ⲁⲡⲁϩⲏⲧ"/>
		<feat xlink:href="#sSpan296" value="ⲉⲩⲫⲣⲁⲛⲉ"/>
		<feat xlink:href="#sSpan300" value="·"/>
		<feat xlink:href="#sSpan304" value="ⲉⲧⲃⲉⲧϩⲉ"/>
		<feat xlink:href="#sSpan314" value="ⲉⲧⲟⲩϩⲗⲟⲗⲉ"/>
		<feat xlink:href="#sSpan322" value="ⲉϩⲟⲩⲛ"/>
		<feat xlink:href="#sSpan326" value="ⲉⲣⲟⲓ"/>
		<feat xlink:href="#sSpan332" value="·"/>
		<feat xlink:href="#sSpan336" value="ⲁⲓⲣⲥⲁϣϥ"/>
		<feat xlink:href="#sSpan350" value="ⲅⲁⲣ"/>
		<feat xlink:href="#sSpan354" value="ⲛϩⲟⲟⲩ"/>
		<feat xlink:href="#sSpan361" value="ϩⲁϩⲧⲏⲩ"/>
		<feat xlink:href="#sSpan367" value="ⲛⲟⲩⲱⲙ"/>
		<feat xlink:href="#sSpan374" value="ϩⲛⲛⲕⲁⲣⲡⲟⲥ"/>
		<feat xlink:href="#sSpan384" value="ⲛⲛϣⲏⲛ"/>
		<feat xlink:href="#sSpan393" value="·"/>
		<feat xlink:href="#sSpan397" value="ⲁⲓϫⲛⲟⲩⲟⲩ"/>
		<feat xlink:href="#sSpan410" value="ϫⲉⲉⲃⲟⲗ"/>
		<feat xlink:href="#sSpan417" value="ⲧⲱⲛ"/>
		<feat xlink:href="#sSpan422" value="ⲁⲧⲉⲧⲛⲉⲓ"/>
		<feat xlink:href="#sSpan431" value="ⲉⲡⲉⲓⲙⲁ"/>
		<feat xlink:href="#sSpan440" value="·"/>
		<feat xlink:href="#sSpan444" value="ⲁⲩⲱ"/>
		<feat xlink:href="#sSpan449" value="ⲛⲧⲉⲧⲛϩⲉⲛⲣⲙⲧⲱⲛ"/>
		<feat xlink:href="#sSpan462" value="·"/>
		<feat xlink:href="#sSpan466" value="ⲡⲉϫⲁⲩ"/>
		<feat xlink:href="#sSpan475" value="ⲛⲁϥ"/>
		<feat xlink:href="#sSpan481" value="·"/>
		<feat xlink:href="#sSpan485" value="ϫⲉⲡⲉⲛⲥⲟⲛ"/>
		<feat xlink:href="#sSpan495" value="·"/>
		<feat xlink:href="#sSpan499" value="ⲁⲡⲛⲟⲩⲧⲉ"/>
		<feat xlink:href="#sSpan508" value="ⲧⲛⲛⲟⲟⲩⲕ"/>
		<feat xlink:href="#sSpan514" value="ϣⲁⲣⲟⲛ"/>
		<feat xlink:href="#sSpan520" value="ⲧⲛⲛⲁϫⲱ"/>
		<feat xlink:href="#sSpan528" value="ⲉⲣⲟⲕ"/>
		<feat xlink:href="#sSpan534" value="ⲙⲡⲉⲛⲃⲓⲟⲥ"/>
		<feat xlink:href="#sSpan545" value="ⲧⲏⲣϥ"/>
		<feat xlink:href="#sSpan551" value="·"/>
		<feat xlink:href="#sSpan555" value="ⲁⲛⲟⲛ"/>
		<feat xlink:href="#sSpan562" value="ⲅⲁⲣ"/>
		<feat xlink:href="#sSpan566" value="ⲁⲛⲟⲛ"/>
		<feat xlink:href="#sSpan570" value="ⲛⲣⲙ"/>
		<feat xlink:href="#sSpan577" value="ⲟⲩⲡⲟⲗⲓⲥ"/>
		<feat xlink:href="#sSpan586" value="ⲛⲧⲉⲕⲏⲙⲉ"/>
		<feat xlink:href="#sSpan593" value="ϫⲉⲡⲙϫⲉ"/>
		<feat xlink:href="#sSpan599" value="·"/>
		<feat xlink:href="#sSpan604" value="ⲛⲉⲛⲉⲓⲟⲧⲉ"/>
		<feat xlink:href="#sSpan613" value="ⲇⲉ"/>
		<feat xlink:href="#sSpan617" value="ⲛⲉϩⲉⲛⲃⲟⲩⲗⲉⲩⲧⲏⲥ"/>
		<feat xlink:href="#sSpan628" value="ⲛⲉ"/>
		<feat xlink:href="#sSpan632" value="ⲛⲧⲉⲧⲡⲟⲗⲓⲥ"/>
		<feat xlink:href="#sSpan642" value="·"/>
		<feat xlink:href="#sSpan646" value="ⲁⲛⲟⲛ"/>
		<feat xlink:href="#sSpan651" value="ⲇⲉ"/>
		<feat xlink:href="#sSpan655" value="ⲁⲩⲛⲟϫⲛ"/>
		<feat xlink:href="#sSpan666" value="ⲉⲧⲁⲛⲍⲏⲃⲉ"/>
		<feat xlink:href="#sSpan675" value="·"/>
		<feat xlink:href="#sSpan679" value="ⲉⲧⲣⲉⲩⲡⲁⲓⲇⲉⲩⲉ"/>
		<feat xlink:href="#sSpan690" value="ⲙⲙⲟⲛ"/>
		<feat xlink:href="#sSpan696" value="·"/>
		<feat xlink:href="#sSpan700" value="ⲛⲉⲛϣⲟⲟⲡ"/>
		<feat xlink:href="#sSpan712" value="ⲇⲉ"/>
		<feat xlink:href="#sSpan716" value="ϩⲉⲛϯⲁⲛⲍⲏⲃⲉ"/>
		<feat xlink:href="#sSpan725" value="ⲛⲟⲩⲱⲧ"/>
		<feat xlink:href="#sSpan731" value="ⲙⲛⲛⲉⲛⲉⲣⲏⲩ"/>
		<feat xlink:href="#sSpan739" value="·"/>
		<feat xlink:href="#sSpan743" value="ⲉⲛⲟ"/>
		<feat xlink:href="#sSpan751" value="ⲛⲟⲩϩⲏⲧ"/>
		<feat xlink:href="#sSpan761" value="ⲛⲟⲩⲱⲧ"/>
		<feat xlink:href="#sSpan767" value="·"/>
		<feat xlink:href="#sSpan771" value="ⲛⲧⲉⲣⲛⲡⲁⲓⲇⲉⲩⲉ"/>
		<feat xlink:href="#sSpan785" value="ⲇⲉ"/>
		<feat xlink:href="#sSpan789" value="ϩⲛⲧⲁⲛⲍⲏⲃⲉ"/>
		<feat xlink:href="#sSpan798" value="·"/>
		<feat xlink:href="#sSpan802" value="ⲁⲩⲛⲟϫⲛ"/>
		<feat xlink:href="#sSpan812" value="ⲉⲡⲍⲏⲙⲓⲟⲛ"/>
		<feat xlink:href="#sSpan823" value="ⲛⲧⲉⲣⲟⲩⲡⲁⲓⲇⲉⲩⲉ"/>
		<feat xlink:href="#sSpan832" value="ⲙⲙⲟⲛ"/>
		<feat xlink:href="#sSpan838" value="·"/>
		<feat xlink:href="#sSpan843" value="ⲕⲁⲗⲱⲥ"/>
		<feat xlink:href="#sSpan849" value="ϩⲛⲟⲩⲱⲣϫ"/>
		<feat xlink:href="#sSpan858" value="ⲛⲓⲙ"/>
		<feat xlink:href="#sSpan863" value="ϩⲓⲥⲟⲫⲓⲁ"/>
		<feat xlink:href="#sSpan871" value="ⲛⲓⲙ"/>
		<feat xlink:href="#sSpan875" value="ⲛⲧⲉⲡⲉⲓⲕⲟⲥⲙⲟⲥ"/>
		<feat xlink:href="#sSpan885" value="·"/>
		<feat xlink:href="#sSpan889" value="ⲛⲟⲩⲉϣ"/>
		<feat xlink:href="#sSpan896" value="ⲡⲁⲓⲇⲉⲩⲉ"/>
		<feat xlink:href="#sSpan902" value="ⲇⲉ"/>
		<feat xlink:href="#sSpan906" value="ⲧⲉⲛⲟⲩ"/>
		<feat xlink:href="#sSpan910" value="ϩⲛⲧⲥⲟⲫⲓⲁ"/>
		<feat xlink:href="#sSpan920" value="ⲙⲡⲛⲟⲩⲧⲉ"/>
		<feat xlink:href="#sSpan929" value="·"/>
		<feat xlink:href="#sSpan934" value="ⲟⲩϩⲟⲟⲩ"/>
		<feat xlink:href="#sSpan943" value="ⲇⲉ"/>
		<feat xlink:href="#sSpan948" value="ⲉⲃⲟⲗ"/>
		<feat xlink:href="#sSpan953" value="ϩⲛⲟⲩϩⲟⲟⲩ"/>
		<feat xlink:href="#sSpan962" value="·"/>
		<feat xlink:href="#sSpan966" value="ⲛϣⲁϫⲉ"/>
		<feat xlink:href="#sSpan972" value="ⲙⲛⲛⲉⲛⲉⲣⲏⲩ"/>
		<feat xlink:href="#sSpan980" value="ϩⲛⲛⲉⲓϣⲁϫⲉ"/>
		<feat xlink:href="#sSpan990" value="·"/>
		<feat xlink:href="#sSpan994" value="ⲁⲡⲙⲉⲉⲩⲉ"/>
		<feat xlink:href="#sSpan1003" value="ⲉⲧⲛⲁⲛⲟⲩϥ"/>
		<feat xlink:href="#sSpan1012" value="ⲣϩⲱⲃ"/>
		<feat xlink:href="#sSpan1017" value="ϩⲙⲡⲉⲛⲣⲱⲙⲉ"/>
		<feat xlink:href="#sSpan1027" value="·"/>
		<feat xlink:href="#sSpan1031" value="ⲉⲧϩⲓϩⲟⲩⲛ"/>
		<feat xlink:href="#sSpan1038" value="·"/>
		<feat xlink:href="#sSpan1042" value="ⲁⲛⲧⲱⲟⲩⲛ"/>
		<feat xlink:href="#sSpan1052" value="ⲙⲡϥⲧⲟⲟⲩ"/>
		<feat xlink:href="#sSpan1061" value="ⲁⲛⲧⲁⲁⲛ"/>
		<feat xlink:href="#sSpan1074" value="ⲉϩⲟⲩⲛ"/>
		<feat xlink:href="#sSpan1078" value="ⲉⲡⲧⲟⲟⲩ"/>
		<feat xlink:href="#sSpan1087" value="·"/>
		<feat xlink:href="#sSpan1091" value="ⲉⲧⲣⲉⲛⲉⲥⲩⲭⲁⲍⲉ"/>
		<feat xlink:href="#sSpan1102" value="ⲙⲙⲟⲛ"/>
		<feat xlink:href="#sSpan1108" value="·"/>
		<feat xlink:href="#sSpan1112" value="ϣⲁⲛⲧⲛⲛⲁⲩ"/>
		<feat xlink:href="#sSpan1121" value="ⲉⲧϩⲉ"/>
		<feat xlink:href="#sSpan1129" value="ⲉⲧⲉⲣⲉⲡϫⲟⲉⲓⲥ"/>
		<feat xlink:href="#sSpan1138" value="ⲛⲁⲧⲟϣⲛ"/>
		<feat xlink:href="#sSpan1146" value="ⲙⲙⲟⲥ"/>
		<feat xlink:href="#sSpan1152" value="·"/>
		<feat xlink:href="#sSpan1156" value="ⲁⲛϫⲓⲥⲉ"/>
		<feat xlink:href="#sSpan1167" value="ⲛⲙⲙⲁⲛ"/>
		<feat xlink:href="#sSpan1173" value="ⲛϩⲉⲛⲕⲟⲩⲓ"/>
		<feat xlink:href="#sSpan1182" value="ⲛⲟⲉⲓⲕ"/>
		<feat xlink:href="#sSpan1188" value="ⲛⲁⲡϣⲁⲩ"/>
		<feat xlink:href="#sSpan1196" value="ⲛⲥⲁϣϥ"/>
		<feat xlink:href="#sSpan1204" value="ⲛϩⲟⲟⲩ"/>
		<feat xlink:href="#sSpan1210" value="·"/>
		<feat xlink:href="#sSpan1214" value="ⲛⲧⲉⲣⲛⲟⲩⲉ"/>
		<feat xlink:href="#sSpan1227" value="ⲇⲉ"/>
		<feat xlink:href="#sSpan1231" value="ⲉϩⲟⲩⲛ"/>
		<feat xlink:href="#sSpan1235" value="ϩⲙⲡⲧⲟⲟⲩ"/>
		<feat xlink:href="#sSpan1244" value="·"/>
		<feat xlink:href="#sSpan1248" value="ⲛⲧⲉⲩⲛⲟⲩ"/>
		<feat xlink:href="#sSpan1256" value="ⲁⲩⲉⲕⲥⲧⲁⲥⲓⲥ"/>
		<feat xlink:href="#sSpan1267" value="ϩⲉ"/>
		<feat xlink:href="#sSpan1272" value="ⲉϩⲣⲁⲓ"/>
		<feat xlink:href="#sSpan1276" value="ⲉϫⲱⲛ"/>
		<feat xlink:href="#sSpan1282" value="·"/>
		<feat xlink:href="#sSpan1286" value="ⲁⲩⲣⲱⲙⲉ"/>
		<feat xlink:href="#sSpan1297" value="ⲉϥⲟ"/>
		<feat xlink:href="#sSpan1305" value="ⲛⲟⲩⲟⲉⲓⲛ"/>
		<feat xlink:href="#sSpan1312" value="ⲧⲏⲣϥ"/>
		<feat xlink:href="#sSpan1319" value="ⲁⲙⲁϩⲧⲉ"/>
		<feat xlink:href="#sSpan1323" value="ⲛⲧⲉⲛϭⲓϫ"/>
		<feat xlink:href="#sSpan1332" value="·"/>
		<feat xlink:href="#sSpan1336" value="ⲁϥⲛⲧⲛ"/>
		<feat xlink:href="#sSpan1348" value="ⲉⲡⲉⲓⲙⲁ"/>
		<feat xlink:href="#sSpan1357" value="·"/>
		<feat xlink:href="#sSpan1361" value="ⲛⲧⲛⲉⲓ"/>
		<feat xlink:href="#sSpan1373" value="ⲇⲉ"/>
		<feat xlink:href="#sSpan1377" value="ⲉⲡⲉⲓⲙⲁ"/>
		<feat xlink:href="#sSpan1386" value="·"/>
		<feat xlink:href="#sSpan1390" value="ⲁⲛϭⲓⲛⲉ"/>
		<feat xlink:href="#sSpan1398" value="ⲛⲟⲩⲣⲱⲙⲉ"/>
		<feat xlink:href="#sSpan1407" value="ⲛϩⲁⲅⲓⲟⲥ"/>
		<feat xlink:href="#sSpan1414" value="ⲛⲧⲉⲡⲛⲟⲩⲧⲉ"/>
		<feat xlink:href="#sSpan1424" value="·"/>
		<feat xlink:href="#sSpan1428" value="ⲁⲩⲱ"/>
		<feat xlink:href="#sSpan1432" value="ⲁⲡⲁⲅⲅⲉⲗⲟⲥ"/>
		<feat xlink:href="#sSpan1442" value="ⲙⲡϫⲟⲉⲓⲥ"/>
		<feat xlink:href="#sSpan1451" value="ⲧⲁⲁⲛ"/>
		<feat xlink:href="#sSpan1457" value="ⲉⲧⲟⲟⲧϥ"/>
		<feat xlink:href="#sSpan1464" value="ⲁϥϭⲱ"/>
		<feat xlink:href="#sSpan1475" value="ⲉϥⲧⲥⲁⲃⲟ"/>
		<feat xlink:href="#sSpan1483" value="ⲙⲙⲟⲛ"/>
		<feat xlink:href="#sSpan1489" value="ⲉⲣϩⲙϩⲁⲗ"/>
		<feat xlink:href="#sSpan1497" value="ⲙⲡⲛⲟⲩⲧⲉ"/>
		<feat xlink:href="#sSpan1507" value="ⲛⲟⲩⲣⲟⲙⲡⲉ"/>
		<feat xlink:href="#sSpan1516" value="ⲛϩⲟⲟⲩ"/>
		<feat xlink:href="#sSpan1522" value="·"/>
		<feat xlink:href="#sSpan1526" value="ϩⲙⲡϫⲱⲕ"/>
		<feat xlink:href="#sSpan1538" value="ⲇⲉ"/>
		<feat xlink:href="#sSpan1542" value="ⲛⲧⲣⲟⲙⲡⲉ"/>
		<feat xlink:href="#sSpan1553" value="ⲁϥⲙⲧⲟⲛ"/>
		<feat xlink:href="#sSpan1561" value="ⲙⲙⲟϥ"/>
		<feat xlink:href="#sSpan1567" value="ⲛϭⲓⲡϩⲗⲗⲟ"/>
		<feat xlink:href="#sSpan1576" value="ⲉⲧⲟⲩⲁⲁⲃ"/>
		<feat xlink:href="#sSpan1582" value="ⲙⲙⲁⲕⲁⲣⲓⲟⲥ"/>
		<feat xlink:href="#sSpan1590" value="·"/>
		<feat xlink:href="#sSpan1594" value="ⲁⲛⲟⲛ"/>
		<feat xlink:href="#sSpan1601" value="ⲇⲉ"/>
		<feat xlink:href="#sSpan1605" value="ⲙⲁⲩⲁⲁⲛ"/>
		<feat xlink:href="#sSpan1611" value="ⲡⲉⲧϣⲟⲟⲡ"/>
		<feat xlink:href="#sSpan1620" value="ⲙⲡⲉⲓⲙⲁ"/>
		<feat xlink:href="#sSpan1631" value="ⲱ"/>
		<feat xlink:href="#sSpan1635" value="ⲡⲉⲛϫⲟⲉⲓⲥ"/>
		<feat xlink:href="#sSpan1642" value="ⲛⲥⲟⲛ"/>
		<feat xlink:href="#sSpan1648" value="·"/>
		<feat xlink:href="#sSpan1653" value="ⲉⲓⲥϩⲏⲏⲧⲉ"/>
		<feat xlink:href="#sSpan1661" value="ⲧⲛϩⲟⲙⲟⲗⲟⲅⲉⲓ"/>
		<feat xlink:href="#sSpan1668" value="ⲛⲁⲕ"/>
		<feat xlink:href="#sSpan1675" value="ⲙⲡϫⲟⲉⲓⲥ"/>
		<feat xlink:href="#sSpan1684" value="·"/>
		<feat xlink:href="#sSpan1688" value="ϫⲉⲉⲓⲥⲥⲉ"/>
		<feat xlink:href="#sSpan1697" value="ⲛⲣⲟⲙⲡⲉ"/>
		<feat xlink:href="#sSpan1703" value="·"/>
		<feat xlink:href="#sSpan1707" value="ⲧⲛⲥⲟⲟⲩⲛ"/>
		<feat xlink:href="#sSpan1713" value="ⲁⲛ"/>
		<feat xlink:href="#sSpan1717" value="ⲛϯⲡⲉ"/>
		<feat xlink:href="#sSpan1725" value="ⲛⲟⲉⲓⲕ"/>
		<feat xlink:href="#sSpan1733" value="·"/>
		<feat xlink:href="#sSpan1738" value="ⲟⲩⲇⲉ"/>
		<feat xlink:href="#sSpan1742" value="ⲗⲁⲁⲩ"/>
		<feat xlink:href="#sSpan1747" value="ⲛⲧⲣⲟⲫⲏ"/>
		<feat xlink:href="#sSpan1754" value="·"/>
		<feat xlink:href="#sSpan1758" value="ⲛⲥⲁⲛⲉⲓ"/>
		<feat xlink:href="#sSpan1765" value="·"/>
		<feat xlink:href="#sSpan1769" value="ϣⲏⲛ"/>
		<feat xlink:href="#sSpan1774" value="ⲙⲙⲁⲧⲉ"/>
		<feat xlink:href="#sSpan1778" value="·"/>
		<feat xlink:href="#sSpan1782" value="ⲉⲛⲟⲛϩ"/>
		<feat xlink:href="#sSpan1790" value="ⲉⲛⲉⲩⲕⲁⲣⲡⲟⲥ"/>
		<feat xlink:href="#sSpan1800" value="·"/>
		<feat xlink:href="#sSpan1804" value="ⲉⲛϣⲁⲛⲟⲩⲱϣ"/>
		<feat xlink:href="#sSpan1813" value="ⲅⲁⲣ"/>
		<feat xlink:href="#sSpan1818" value="ⲉⲛⲁⲩ"/>
		<feat xlink:href="#sSpan1824" value="ⲉⲛⲉⲛⲉⲣⲏⲩ"/>
		<feat xlink:href="#sSpan1832" value="·"/>
		<feat xlink:href="#sSpan1836" value="ⲛⲛⲏⲩ"/>
		<feat xlink:href="#sSpan1843" value="ⲕⲁⲧⲁϩⲃⲇⲱⲙⲁⲥ"/>
		<feat xlink:href="#sSpan1851" value="ⲉⲡⲉⲓⲙⲁ"/>
		<feat xlink:href="#sSpan1861" value="ⲛⲛⲁⲩ"/>
		<feat xlink:href="#sSpan1867" value="ⲉⲛⲉⲛⲉⲣⲏⲩ"/>
		<feat xlink:href="#sSpan1875" value="·"/>
		<feat xlink:href="#sSpan1879" value="ⲛⲧⲛⲣⲧⲉⲩϣⲏ"/>
		<feat xlink:href="#sSpan1892" value="ⲧⲏⲣⲥ"/>
		<feat xlink:href="#sSpan1898" value="ⲛⲧⲕⲩⲣⲓⲁⲕⲏ"/>
		<feat xlink:href="#sSpan1909" value="ⲙⲛⲛⲉⲛⲉⲣⲏⲩ"/>
		<feat xlink:href="#sSpan1917" value="·"/>
		<feat xlink:href="#sSpan1921" value="ⲙⲛⲛⲥⲱⲥ"/>
		<feat xlink:href="#sSpan1927" value="ⲛⲧⲉⲡⲟⲩⲁ"/>
		<feat xlink:href="#sSpan1936" value="ⲡⲟⲩⲁ"/>
		<feat xlink:href="#sSpan1943" value="ⲃⲱⲕ"/>
		<feat xlink:href="#sSpan1947" value="ⲛϥⲡⲟⲗⲓⲧⲉⲩⲉ"/>
		<feat xlink:href="#sSpan1956" value="·"/>
		<feat xlink:href="#sSpan1960" value="ⲡⲉϫⲁⲓ"/>
		<feat xlink:href="#sSpan1969" value="ⲇⲉ"/>
		<feat xlink:href="#sSpan1973" value="ⲛⲁⲩ"/>
		<feat xlink:href="#sSpan1979" value="ϫⲉⲉⲧⲉⲧⲛⲥⲩⲛⲁⲅⲉ"/>
		<feat xlink:href="#sSpan1991" value="ⲧⲱⲛ"/>
		<feat xlink:href="#sSpan1995" value="·"/>
		<feat xlink:href="#sSpan1999" value="ⲡⲉϫⲁⲩ"/>
		<feat xlink:href="#sSpan2007" value="ⲛⲁⲓ"/>
		<feat xlink:href="#sSpan2013" value="ϫⲉⲛⲥⲟⲟⲩϩ"/>
		<feat xlink:href="#sSpan2021" value="ⲉⲡⲉⲓⲙⲁ"/>
		<feat xlink:href="#sSpan2031" value="ⲉⲧⲃⲉⲡⲉⲓϩⲱⲃ"/>
		<feat xlink:href="#sSpan2040" value="·"/>
		<feat xlink:href="#sSpan2045" value="ⲉⲡⲉⲓⲇⲏ"/>
		<feat xlink:href="#sSpan2050" value="ⲕⲁⲧⲁⲥⲁⲃⲃⲁⲧⲟⲛ"/>
		<feat xlink:href="#sSpan2058" value="ϣⲁϥⲉⲓ"/>
		<feat xlink:href="#sSpan2067" value="ⲛϭⲓⲟⲩⲁⲅⲅⲉⲗⲟⲥ"/>
		<feat xlink:href="#sSpan2077" value="ⲛⲧⲉⲡⲛⲟⲩⲧⲉ"/>
		<feat xlink:href="#sSpan2086" value="ⲛϥⲥⲩⲛⲁⲅⲉ"/>
		<feat xlink:href="#sSpan2095" value="ⲙⲙⲟⲛ"/>
		<feat xlink:href="#sSpan2102" value="ⲙⲡⲥⲁⲃⲃⲁⲧⲟⲛ"/>
		<feat xlink:href="#sSpan2112" value="·"/>
		<feat xlink:href="#sSpan2116" value="ⲙⲛⲧⲕⲩⲣⲓⲁⲕⲏ"/>
		<feat xlink:href="#sSpan2126" value="·"/>
		<feat xlink:href="#sSpan2130" value="ⲛⲉⲓϣⲟⲟⲡ"/>
		<feat xlink:href="#sSpan2141" value="ⲇⲉ"/>
		<feat xlink:href="#sSpan2146" value="ⲛⲙⲙⲁⲩ"/>
		<feat xlink:href="#sSpan2152" value="ⲉⲓⲣⲁϣⲉ"/>
		<feat xlink:href="#sSpan2160" value="ⲉⲙⲁⲧⲉ"/>
		<feat xlink:href="#sSpan2164" value="·"/>
		<feat xlink:href="#sSpan2168" value="ϩⲣⲁⲓ"/>
		<feat xlink:href="#sSpan2177" value="ⲇⲉ"/>
		<feat xlink:href="#sSpan2181" value="ϩⲙⲡⲙⲉϩⲥⲁϣϥ"/>
		<feat xlink:href="#sSpan2192" value="ⲛϩⲟⲟⲩ"/>
		<feat xlink:href="#sSpan2198" value="ϥⲛⲏⲩ"/>
		<feat xlink:href="#sSpan2204" value="ⲛϭⲓⲟⲩⲁⲅⲅⲉⲗⲟⲥ"/>
		<feat xlink:href="#sSpan2215" value="ⲛⲧⲉⲡϫⲟⲉⲓⲥ"/>
		<feat xlink:href="#sSpan2224" value="·"/>
		<feat xlink:href="#sSpan2228" value="ⲛϥⲥⲩⲛⲁⲅⲉ"/>
		<feat xlink:href="#sSpan2237" value="ⲙⲙⲟⲛ"/>
		<feat xlink:href="#sSpan2243" value="ⲛⲙⲙⲁⲕ"/>
		<feat xlink:href="#sSpan2249" value="ϩⲓⲟⲩⲥⲟⲡ"/>
		<feat xlink:href="#sSpan2257" value="·"/>
		<feat xlink:href="#sSpan2261" value="ⲡⲣⲱⲙⲉ"/>
		<feat xlink:href="#sSpan2272" value="ⲇⲉ"/>
		<feat xlink:href="#sSpan2276" value="ⲉⲧⲛⲁⲥⲩⲛⲁⲅⲉ"/>
		<feat xlink:href="#sSpan2285" value="ⲉⲃⲟⲗ"/>
		<feat xlink:href="#sSpan2290" value="ϩⲓⲧⲟⲟⲧϥ"/>
		<feat xlink:href="#sSpan2296" value="ⲙⲡⲁⲅⲅⲉⲗⲟⲥ"/>
		<feat xlink:href="#sSpan2307" value="ⲉⲧⲙⲙⲁⲩ"/>
		<feat xlink:href="#sSpan2313" value="ϥⲛⲁⲧⲃⲃⲟ"/>
		<feat xlink:href="#sSpan2321" value="ⲉⲃⲟⲗ"/>
		<feat xlink:href="#sSpan2326" value="ϩⲛⲛⲟⲃⲉ"/>
		<feat xlink:href="#sSpan2334" value="ⲛⲓⲙ"/>
		<feat xlink:href="#sSpan2338" value="·"/>
		<feat xlink:href="#sSpan2342" value="ⲁⲩⲱ"/>
		<feat xlink:href="#sSpan2347" value="ⲙⲛⲗⲁⲁⲩ"/>
		<feat xlink:href="#sSpan2354" value="ⲛⲁⲛϯⲅⲏⲙⲉⲛⲟⲥ"/>
		<feat xlink:href="#sSpan2360" value="ⲛⲁⲉϣϭⲙϭⲟⲙ"/>
		<feat xlink:href="#sSpan2368" value="ⲉⲣⲟϥ"/>
		<feat xlink:href="#sSpan2375" value="·"/>
		<feat xlink:href="#sSpan2379" value="ⲛϩⲟⲥⲟⲛ"/>
		<feat xlink:href="#sSpan2389" value="ⲇⲉ"/>
		<feat xlink:href="#sSpan2394" value="ⲛϣⲁϫⲉ"/>
		<feat xlink:href="#sSpan2400" value="ⲙⲛⲛⲉⲛⲉⲣⲏⲩ"/>
		<feat xlink:href="#sSpan2408" value="ⲁⲓϣⲱⲗⲙ"/>
		<feat xlink:href="#sSpan2416" value="ⲉⲩⲥϯⲛⲟⲩϥⲉ"/>
		<feat xlink:href="#sSpan2425" value="ⲛⲟϭ"/>
		<feat xlink:href="#sSpan2429" value="ⲙⲡⲓϣⲱⲗⲙ"/>
		<feat xlink:href="#sSpan2437" value="ⲛⲧⲉϥϩⲉ"/>
		<feat xlink:href="#sSpan2445" value="·"/>
		<feat xlink:href="#sSpan2449" value="ⲉⲛⲉϩ"/>
		<feat xlink:href="#sSpan2453" value="·"/>
		<feat xlink:href="#sSpan2457" value="ⲛⲧⲉⲩⲛⲟⲩ"/>
		<feat xlink:href="#sSpan2468" value="ⲛⲧⲁⲡⲉⲥϯⲛⲟⲩϥⲉ"/>
		<feat xlink:href="#sSpan2479" value="ⲧⲁϩⲟⲛ"/>
		<feat xlink:href="#sSpan2485" value="·"/>
		<feat xlink:href="#sSpan2489" value="ⲁⲛⲧⲱⲟⲩⲛ"/>
		<feat xlink:href="#sSpan2497" value="ⲁⲛⲁϩⲉⲣⲁⲧⲛ"/>
		<feat xlink:href="#sSpan2510" value="ⲁⲛⲥⲙⲟⲩ"/>
		<feat xlink:href="#sSpan2518" value="ⲉⲡⲛⲟⲩⲧⲉ"/>
		<feat xlink:href="#sSpan2527" value="·"/>
		<feat xlink:href="#sSpan2531" value="ⲙⲛⲛⲥⲱⲥ"/>
		<feat xlink:href="#sSpan2539" value="ⲁϥⲉⲓ"/>
		<feat xlink:href="#sSpan2547" value="ⲛϭⲓⲟⲩⲁⲅⲅⲉⲗⲟⲥ"/>
		<feat xlink:href="#sSpan2558" value="·"/>
		<feat xlink:href="#sSpan2562" value="ⲁϥⲥⲩⲛⲁⲅⲉ"/>
		<feat xlink:href="#sSpan2573" value="ⲙⲙⲟⲛ"/>
		<feat xlink:href="#sSpan2579" value="ⲙⲛⲛⲉⲛⲉⲣⲏⲩ"/>
		<feat xlink:href="#sSpan2588" value="·"/>
		<feat xlink:href="#sSpan2592" value="ϩⲙⲡⲥⲱⲙⲁ"/>
		<feat xlink:href="#sSpan2602" value="ⲙⲛⲡⲉⲥⲛⲟϥ"/>
		<feat xlink:href="#sSpan2611" value="ⲙⲡϫⲟⲉⲓⲥ"/>
		<feat xlink:href="#sSpan2620" value="·"/>
		<feat xlink:href="#sSpan2624" value="ⲁⲛⲟⲕ"/>
		<feat xlink:href="#sSpan2631" value="ⲇⲉ"/>
		<feat xlink:href="#sSpan2635" value="ⲁⲓⲣⲧϩⲉ"/>
		<feat xlink:href="#sSpan2647" value="ⲛⲛⲉⲧϩⲓⲛⲏⲃ"/>
		<feat xlink:href="#sSpan2658" value="ⲉⲧⲃⲉⲧϩⲟⲧⲉ"/>
		<feat xlink:href="#sSpan2667" value="ⲛⲧⲁⲓⲛⲁⲩ"/>
		<feat xlink:href="#sSpan2677" value="ⲉⲣⲟⲥ"/>
		<feat xlink:href="#sSpan2683" value="·"/>
		<feat xlink:href="#sSpan2687" value="ⲁϥⲥⲙⲟⲩ"/>
		<feat xlink:href="#sSpan2699" value="ⲇⲉ"/>
		<feat xlink:href="#sSpan2703" value="ⲉⲣⲟⲛ"/>
		<feat xlink:href="#sSpan2709" value="ⲁϥⲃⲱⲕ"/>
		<feat xlink:href="#sSpan2720" value="ⲉϩⲣⲁⲓ"/>
		<feat xlink:href="#sSpan2724" value="ⲙⲡⲏⲩⲉ"/>
		<feat xlink:href="#sSpan2731" value="ⲉⲛϭⲱϣⲧ"/>
		<feat xlink:href="#sSpan2739" value="ⲛⲥⲱϥ"/>
		<feat xlink:href="#sSpan2746" value="ϩⲛⲛⲉⲛⲃⲁⲗ"/>
		<feat xlink:href="#sSpan2755" value="·"/>
		<feat xlink:href="#sSpan2759" value="ⲛⲧⲉⲣϥⲃⲱⲕ"/>
		<feat xlink:href="#sSpan2770" value="ⲇⲉ"/>
		<feat xlink:href="#sSpan2774" value="ⲁⲩⲛⲏⲫⲉ"/>
		<feat xlink:href="#sSpan2783" value="ⲙⲙⲟⲓ"/>
		<feat xlink:href="#sSpan2790" value="ⲡⲉϫⲁⲩ"/>
		<feat xlink:href="#sSpan2798" value="ⲛⲁⲓ"/>
		<feat xlink:href="#sSpan2804" value="ϫⲉⲧⲁϫⲣⲟ"/>
		<feat xlink:href="#sSpan2810" value="ⲛⲅϭⲙϭⲟⲙ"/>
		<feat xlink:href="#sSpan2818" value="ⲛⲅϣⲱⲡⲉ"/>
		<feat xlink:href="#sSpan2826" value="ⲛⲟⲩⲣⲱⲙⲉ"/>
		<feat xlink:href="#sSpan2836" value="ⲛϫⲱⲱⲣⲉ"/>
		<feat xlink:href="#sSpan2842" value="·"/>
		<feat xlink:href="#sSpan2846" value="ⲛⲧⲉⲩⲛⲟⲩ"/>
		<feat xlink:href="#sSpan2856" value="ⲁⲓⲛⲏⲫⲉ"/>
		<feat xlink:href="#sSpan2865" value="ⲛⲧϩⲉ"/>
		<feat xlink:href="#sSpan2873" value="ⲛⲛⲉⲧϩⲁⲡⲏⲣⲡ"/>
		<feat xlink:href="#sSpan2890" value="·"/>
		<feat xlink:href="#sSpan2894" value="ⲁⲩⲱ"/>
		<feat xlink:href="#sSpan2900" value="ⲁⲛⲣⲧⲉⲩϣⲏ"/>
		<feat xlink:href="#sSpan2913" value="ⲧⲏⲣⲥ"/>
		<feat xlink:href="#sSpan2919" value="ⲛⲧⲕⲩⲣⲓⲁⲕⲏ"/>
		<feat xlink:href="#sSpan2931" value="·"/>
		<feat xlink:href="#sSpan2935" value="ⲛⲁϩⲉⲣⲁⲧⲛ"/>
		<feat xlink:href="#sSpan2945" value="ⲛϣⲗⲏⲗ"/>
		<feat xlink:href="#sSpan2952" value="ϣⲁϩⲧⲟⲟⲩⲉ"/>
		<feat xlink:href="#sSpan2959" value="·"/>
		<feat xlink:href="#sSpan2963" value="ⲛⲧⲉⲣⲉⲡⲟⲩⲟⲉⲓⲛ"/>
		<feat xlink:href="#sSpan2976" value="ⲇⲉ"/>
		<feat xlink:href="#sSpan2980" value="ⲉⲓ"/>
		<feat xlink:href="#sSpan2985" value="ⲉϩⲣⲁⲓ"/>
		<feat xlink:href="#sSpan2989" value="ⲛϣⲱⲣⲡ"/>
		<feat xlink:href="#sSpan2996" value="ⲛⲧⲕⲩⲣⲓⲁⲕⲏ"/>
		<feat xlink:href="#sSpan3006" value="·"/>
		<feat xlink:href="#sSpan3011" value="ⲉⲓⲥϩⲏⲏⲧⲉ"/>
		<feat xlink:href="#sSpan3019" value="ⲟⲛ"/>
		<feat xlink:href="#sSpan3023" value="ⲉⲓⲥⲡⲉⲥϯⲛⲟⲩϥⲉ"/>
		<feat xlink:href="#sSpan3032" value="ⲉⲧⲛⲟⲧⲙ"/>
		<feat xlink:href="#sSpan3038" value="ⲁⲛϣⲱⲗⲙ"/>
		<feat xlink:href="#sSpan3046" value="ⲙⲙⲟϥ"/>
		<feat xlink:href="#sSpan3053" value="·"/>
		<feat xlink:href="#sSpan3057" value="ⲁⲛϩⲏⲇⲟⲛⲉ"/>
		<feat xlink:href="#sSpan3068" value="ⲛⲥⲱϥ"/>
		<feat xlink:href="#sSpan3074" value="ⲁⲩⲱ"/>
		<feat xlink:href="#sSpan3078" value="ⲁⲉⲩⲫⲣⲁⲛⲉ"/>
		<feat xlink:href="#sSpan3085" value="ⲛⲧϩⲉ"/>
		<feat xlink:href="#sSpan3093" value="ⲛⲛⲉⲧϩⲙⲡⲕⲉⲁⲓⲱⲛ"/>
		<feat xlink:href="#sSpan3113" value="·"/>
		<feat xlink:href="#sSpan3117" value="ⲙⲛⲛⲥⲱⲥ"/>
		<feat xlink:href="#sSpan3127" value="ⲁϥⲉⲓ"/>
		<feat xlink:href="#sSpan3135" value="ⲛϭⲓⲡⲁⲅⲅⲉⲗⲟⲥ"/>
		<feat xlink:href="#sSpan3145" value="ⲁϥⲥⲩⲛⲁⲅⲉ"/>
		<feat xlink:href="#sSpan3156" value="ⲙⲙⲟⲛ"/>
		<feat xlink:href="#sSpan3162" value="ⲁⲩⲱ"/>
		<feat xlink:href="#sSpan3167" value="ⲁϥⲥⲙⲟⲩ"/>
		<feat xlink:href="#sSpan3175" value="ⲉⲡⲟⲩⲁ"/>
		<feat xlink:href="#sSpan3184" value="ⲡⲟⲩⲁ"/>
		<feat xlink:href="#sSpan3190" value="ⲙⲙⲟⲛ"/>
		<feat xlink:href="#sSpan3196" value="ⲉϥϫⲱ"/>
		<feat xlink:href="#sSpan3204" value="ⲙⲙⲟⲥ"/>
		<feat xlink:href="#sSpan3210" value="ϫⲉⲉϥⲉϣⲱⲡⲉ"/>
		<feat xlink:href="#sSpan3219" value="ⲛⲁⲕ"/>
		<feat xlink:href="#sSpan3225" value="ⲛⲟⲩⲱⲛϩ"/>
		<feat xlink:href="#sSpan3234" value="ϣⲁⲉⲛⲉϩ"/>
		<feat xlink:href="#sSpan3241" value="·"/>
		<feat xlink:href="#sSpan3245" value="ⲙⲛⲟⲩⲡⲣⲟⲫⲏϯⲁ"/>
		<feat xlink:href="#sSpan3255" value="ⲛⲁⲧⲧⲁⲕⲟ"/>
		<feat xlink:href="#sSpan3263" value="·"/>
		<feat xlink:href="#sSpan3267" value="ⲁⲛⲟⲛ"/>
		<feat xlink:href="#sSpan3274" value="ⲇⲉ"/>
		<feat xlink:href="#sSpan3278" value="ⲧⲏⲣⲛ"/>
		<feat xlink:href="#sSpan3284" value="ϩⲓⲟⲩⲥⲟⲡ"/>
		<feat xlink:href="#sSpan3292" value="·"/>
		<feat xlink:href="#sSpan3296" value="ⲉⲃⲟⲗ"/>
		<feat xlink:href="#sSpan3302" value="ϩⲛⲟⲩⲧⲁⲡⲣⲟ"/>
		<feat xlink:href="#sSpan3311" value="ⲛⲟⲩⲱⲧ"/>
		<feat xlink:href="#sSpan3317" value="·"/>
		<feat xlink:href="#sSpan3321" value="ⲁⲛⲟⲩⲱϣⲃ"/>
		<feat xlink:href="#sSpan3329" value="ϫⲉϩⲁⲙⲏⲛ"/>
		<feat xlink:href="#sSpan3337" value="·"/>
		<feat xlink:href="#sSpan3341" value="ⲉϥⲉϣⲱⲡⲉ"/>
		<feat xlink:href="#sSpan3347" value="·"/>
		<feat xlink:href="#sSpan3351" value="ⲙⲛⲛⲥⲱⲥ"/>
		<feat xlink:href="#sSpan3360" value="ⲁϥⲕⲟⲧϥ"/>
		<feat xlink:href="#sSpan3370" value="ⲉⲣⲟⲓ"/>
		<feat xlink:href="#sSpan3376" value="ⲛϭⲓⲡⲁⲅⲅⲉⲗⲟⲥ"/>
		<feat xlink:href="#sSpan3387" value="ⲡⲉϫⲁϥ"/>
		<feat xlink:href="#sSpan3395" value="ⲛⲁⲓ"/>
		<feat xlink:href="#sSpan3401" value="ϫⲉⲧⲱⲟⲩⲛ"/>
		<feat xlink:href="#sSpan3407" value="ⲛⲅⲧⲱⲟⲩⲛ"/>
		<feat xlink:href="#sSpan3416" value="·"/>
		<feat xlink:href="#sSpan3420" value="ⲉⲕⲏⲙⲉ"/>
		<feat xlink:href="#sSpan3428" value="·"/>
		<feat xlink:href="#sSpan3432" value="ⲛⲅϫⲱ"/>
		<feat xlink:href="#sSpan3440" value="ⲛⲛⲉⲛⲧⲁⲕⲛⲁⲩ"/>
		<feat xlink:href="#sSpan3455" value="ⲉⲣⲟⲟⲩ"/>
		<feat xlink:href="#sSpan3461" value="ⲉⲛⲉⲥⲛⲏⲩ"/>
		<feat xlink:href="#sSpan3471" value="·"/>
		<feat xlink:href="#sSpan3475" value="ⲙⲙⲁⲓⲛⲟⲩⲧⲉ"/>
		<feat xlink:href="#sSpan3484" value="·"/>
		<feat xlink:href="#sSpan3488" value="ϫⲉⲕⲁⲥ"/>
		<feat xlink:href="#sSpan3492" value="ⲉⲩⲛⲁⲕⲱϩ"/>
		<feat xlink:href="#sSpan3502" value="ⲛⲙⲡⲟⲗⲓⲧⲉⲓⲁ"/>
		<feat xlink:href="#sSpan3513" value="ⲛⲛⲉⲧⲟⲩⲁⲁⲃ"/>
		<feat xlink:href="#sSpan3524" value="·"/>
		<feat xlink:href="#sSpan3528" value="ⲁⲓⲡⲁⲣⲁⲕⲁⲗⲉⲓ"/>
		<feat xlink:href="#sSpan3539" value="ⲙⲙⲟϥ"/>
		<feat xlink:href="#sSpan3545" value="ⲉⲧⲣⲉϥⲕⲁⲁⲧ"/>
		<feat xlink:href="#sSpan3558" value="ϩⲁϩⲧⲏⲩ"/>
		<feat xlink:href="#sSpan3565" value="·"/>
		<feat xlink:href="#sSpan3569" value="ⲡⲉϫⲁϥ"/>
		<feat xlink:href="#sSpan3577" value="ⲛⲁⲓ"/>
		<feat xlink:href="#sSpan3583" value="ϫⲉⲛⲧⲁⲡϫⲟⲉⲓⲥ"/>
		<feat xlink:href="#sSpan3596" value="ⲧⲉϣ"/>
		<feat xlink:href="#sSpan3602" value="ⲡϩⲱⲃ"/>
		<feat xlink:href="#sSpan3608" value="ⲛⲁⲛ"/>
		<feat xlink:href="#sSpan3615" value="ⲁⲛ"/>
		<feat xlink:href="#sSpan3619" value="·"/>
		<feat xlink:href="#sSpan3623" value="ⲉⲧⲣⲉⲛⲣϩⲱⲃ"/>
		<feat xlink:href="#sSpan3635" value="ⲉⲩⲧⲱⲧ"/>
		<feat xlink:href="#sSpan3643" value="ⲛϩⲏⲧ"/>
		<feat xlink:href="#sSpan3650" value="·"/>
		<feat xlink:href="#sSpan3655" value="ⲁⲗⲗⲁ"/>
		<feat xlink:href="#sSpan3660" value="ⲉⲣⲉⲡⲛⲟⲩⲧⲉ"/>
		<feat xlink:href="#sSpan3669" value="ϯ"/>
		<feat xlink:href="#sSpan3673" value="ⲙⲡⲟⲩⲁ"/>
		<feat xlink:href="#sSpan3682" value="ⲡⲟⲩⲁ"/>
		<feat xlink:href="#sSpan3689" value="ⲕⲁⲧⲁⲧϩⲉ"/>
		<feat xlink:href="#sSpan3697" value="ⲉⲧϥⲛⲁϣϥⲓ"/>
		<feat xlink:href="#sSpan3710" value="·"/>
		<feat xlink:href="#sSpan3714" value="ⲧⲉⲛⲟⲩ"/>
		<feat xlink:href="#sSpan3722" value="ϭⲉ"/>
		<feat xlink:href="#sSpan3726" value="ⲧⲱⲟⲩⲛ"/>
		<feat xlink:href="#sSpan3730" value="ⲛⲅⲃⲱⲕ"/>
		<feat xlink:href="#sSpan3738" value="ϫⲉⲧⲁⲓ"/>
		<feat xlink:href="#sSpan3745" value="ⲧⲉ"/>
		<feat xlink:href="#sSpan3749" value="ⲧϩⲉ"/>
		<feat xlink:href="#sSpan3756" value="ⲛⲧⲁϥⲧⲟϣⲥ"/>
		<feat xlink:href="#sSpan3768" value="ⲛⲁⲕ"/>
		<feat xlink:href="#sSpan3775" value="ⲁϥⲥⲙⲟⲩ"/>
		<feat xlink:href="#sSpan3786" value="ⲇⲉ"/>
		<feat xlink:href="#sSpan3790" value="ⲉⲣⲟⲓ"/>
		<feat xlink:href="#sSpan3796" value="·"/>
		<feat xlink:href="#sSpan3800" value="ⲁϥⲃⲱⲕ"/>
		<feat xlink:href="#sSpan3810" value="ⲙⲡⲏⲩⲉ"/>
		<feat xlink:href="#sSpan3817" value="ϩⲛⲟⲩⲉⲟⲟⲩ"/>
		<feat xlink:href="#sSpan3827" value="·"/>
		<feat xlink:href="#sSpan3831" value="ⲁⲩⲉⲓⲛⲉ"/>
		<feat xlink:href="#sSpan3842" value="ⲇⲉ"/>
		<feat xlink:href="#sSpan3846" value="ⲛⲟⲩⲙⲏⲏϣⲉ"/>
		<feat xlink:href="#sSpan3856" value="ⲛϩⲩⲡⲱⲣⲁ"/>
		<feat xlink:href="#sSpan3862" value="ⲁⲛⲟⲩⲱⲙ"/>
		<feat xlink:href="#sSpan3873" value="ⲙⲛⲛⲉⲛⲉⲣⲏⲩ"/>
		<feat xlink:href="#sSpan3881" value="ⲁⲩⲱ"/>
		<feat xlink:href="#sSpan3887" value="ⲁⲓⲉⲓ"/>
		<feat xlink:href="#sSpan3896" value="ⲉⲃⲟⲗ"/>
		<feat xlink:href="#sSpan3900" value="ϩⲓⲧⲟⲟⲧⲟⲩ"/>
		<feat xlink:href="#sSpan3907" value="ⲉⲩⲑⲡⲟ"/>
		<feat xlink:href="#sSpan3915" value="ⲙⲙⲟⲓ"/>
		<feat xlink:href="#sSpan3921" value="ⲉⲃⲟⲗ"/>
		<feat xlink:href="#sSpan3925" value="ⲉⲛⲁⲥⲟⲟⲩ"/>
		<feat xlink:href="#sSpan3934" value="ⲙⲙⲏⲗⲓⲟⲛ"/>
		<feat xlink:href="#sSpan3940" value="·"/>
		<feat xlink:href="#sSpan3944" value="ⲁⲓⲡⲁⲣⲁⲕⲁⲗⲉⲓ"/>
		<feat xlink:href="#sSpan3957" value="ⲇⲉ"/>
		<feat xlink:href="#sSpan3961" value="ⲙⲙⲟⲟⲩ"/>
		<feat xlink:href="#sSpan3967" value="·"/>
		<feat xlink:href="#sSpan3971" value="ϫⲉϫⲱ"/>
		<feat xlink:href="#sSpan3977" value="ⲉⲣⲟⲓ"/>
		<feat xlink:href="#sSpan3983" value="ⲛⲛⲉⲧⲛⲣⲁⲛ"/>
		<feat xlink:href="#sSpan3993" value="·"/>
		<feat xlink:href="#sSpan3997" value="ⲛⲧⲟⲟⲩ"/>
		<feat xlink:href="#sSpan4004" value="ⲇⲉ"/>
		<feat xlink:href="#sSpan4008" value="ⲁⲩϫⲱ"/>
		<feat xlink:href="#sSpan4016" value="ⲉⲣⲟⲓ"/>
		<feat xlink:href="#sSpan4022" value="ⲛⲛⲉⲩⲣⲁⲛ"/>
		<feat xlink:href="#sSpan4031" value="ⲡⲟⲩⲁ"/>
		<feat xlink:href="#sSpan4038" value="ⲡⲟⲩⲁ"/>
		<feat xlink:href="#sSpan4045" value="·"/>
		<feat xlink:href="#sSpan4050" value="ⲡϣⲱⲣⲡ"/>
		<feat xlink:href="#sSpan4058" value="ⲡⲉ"/>
		<feat xlink:href="#sSpan4064" value="ⲓⲱϩⲁⲛⲛⲏⲥ"/>
		<feat xlink:href="#sSpan4068" value="·"/>
		<feat xlink:href="#sSpan4073" value="ⲡⲙⲉϩⲥⲛⲁⲩ"/>
		<feat xlink:href="#sSpan4083" value="ⲡⲉ"/>
		<feat xlink:href="#sSpan4089" value="ⲁⲛⲇⲣⲉⲁⲥ"/>
		<feat xlink:href="#sSpan4093" value="·"/>
		<feat xlink:href="#sSpan4098" value="ⲡⲙⲉϩϣⲟⲙⲛⲧ"/>
		<feat xlink:href="#sSpan4109" value="ⲡⲉ"/>
		<feat xlink:href="#sSpan4115" value="ϩⲏⲣⲁⲕⲗⲁⲙⲱⲛ"/>
		<feat xlink:href="#sSpan4119" value="·"/>
		<feat xlink:href="#sSpan4124" value="ⲡⲙⲉϩϥⲧⲟⲟⲩ"/>
		<feat xlink:href="#sSpan4134" value="ⲡⲉ"/>
		<feat xlink:href="#sSpan4141" value="ⲑⲉⲟⲫⲓⲗⲟⲥ"/>
		<feat xlink:href="#sSpan4145" value="·"/>
		<feat xlink:href="#sSpan4149" value="ⲛⲧⲟⲟⲩ"/>
		<feat xlink:href="#sSpan4156" value="ⲇⲉ"/>
		<feat xlink:href="#sSpan4160" value="ⲁⲩϩⲱⲛ"/>
		<feat xlink:href="#sSpan4168" value="ⲉⲧⲟⲟⲧ"/>
		<feat xlink:href="#sSpan4172" value="·"/>
		<feat xlink:href="#sSpan4176" value="ⲉϫⲱ"/>
		<feat xlink:href="#sSpan4182" value="ⲙⲡⲉⲩⲣⲁⲛ"/>
		<feat xlink:href="#sSpan4192" value="·"/>
		<feat xlink:href="#sSpan4196" value="ⲉⲛⲉⲥⲛⲏⲩ"/>
		<feat xlink:href="#sSpan4205" value="ⲉⲩⲣⲡⲙⲉⲉⲩⲉ"/>
		<feat xlink:href="#sSpan4217" value="ⲛⲁⲩ"/>
		<feat xlink:href="#sSpan4223" value="·"/>
		<feat xlink:href="#sSpan4227" value="ⲁⲛⲟⲕ"/>
		<feat xlink:href="#sSpan4234" value="ⲇⲉ"/>
		<feat xlink:href="#sSpan4239" value="ϩⲱ"/>
		<feat xlink:href="#sSpan4243" value="ⲛⲉⲓⲥⲟⲡⲥⲡ"/>
		<feat xlink:href="#sSpan4251" value="ⲙⲙⲟⲟⲩ"/>
		<feat xlink:href="#sSpan4257" value="·"/>
		<feat xlink:href="#sSpan4261" value="ⲉⲧⲣⲉⲩⲣⲡⲁⲙⲉⲉⲩⲉ"/>
		<feat xlink:href="#sSpan4275" value="·"/>
		<feat xlink:href="#sSpan4279" value="ⲁⲛϣⲗⲏⲗ"/>
		<feat xlink:href="#sSpan4291" value="ⲇⲉ"/>
		<feat xlink:href="#sSpan4295" value="ⲁⲛⲁⲥⲡⲁⲍⲉ"/>
		<feat xlink:href="#sSpan4304" value="ⲛⲛⲉⲛⲉⲣⲏⲩ"/>
		<feat xlink:href="#sSpan4313" value="·"/>
		<feat xlink:href="#sSpan4317" value="ⲁⲓⲙⲟⲟϣⲉ"/>
		<feat xlink:href="#sSpan4328" value="ⲉⲃⲟⲗ"/>
		<feat xlink:href="#sSpan4333" value="ⲉⲓⲗⲩⲡⲏ"/>
		<feat xlink:href="#sSpan4342" value="ⲉⲙⲁⲧⲉ"/>
		<feat xlink:href="#sSpan4346" value="·"/>
		<feat xlink:href="#sSpan4351" value="ⲁⲗⲗⲁ"/>
		<feat xlink:href="#sSpan4357" value="ⲉⲧⲃⲉⲡⲉⲥⲙⲟⲩ"/>
		<feat xlink:href="#sSpan4366" value="ⲛⲧⲁⲛⲉⲧⲟⲩⲁⲁⲃ"/>
		<feat xlink:href="#sSpan4380" value="ⲧⲁⲁⲩ"/>
		<feat xlink:href="#sSpan4386" value="ⲛⲁⲓ"/>
		<feat xlink:href="#sSpan4392" value="ⲛⲉⲓⲣⲁϣⲉ"/>
		<feat xlink:href="#sSpan4400" value="ⲡⲉ"/>
		<feat xlink:href="#sSpan4404" value="·"/>
		<feat xlink:href="#sSpan4408" value="ⲁⲓⲉⲓ"/>
		<feat xlink:href="#sSpan4419" value="ⲇⲉ"/>
		<feat xlink:href="#sSpan4423" value="ⲉⲃⲟⲗ"/>
		<feat xlink:href="#sSpan4427" value="ⲉⲕⲏⲙⲉ"/>
		<feat xlink:href="#sSpan4435" value="ⲛⲟⲩϩⲓⲏ"/>
		<feat xlink:href="#sSpan4444" value="·"/>
		<feat xlink:href="#sSpan4448" value="ⲛϣⲟⲙⲛⲧ"/>
		<feat xlink:href="#sSpan4455" value="ⲛϩⲟⲟⲩ"/>
		<feat xlink:href="#sSpan4461" value="ⲙⲙⲟⲟϣⲉ"/>
		<feat xlink:href="#sSpan4468" value="·"/>
		<feat xlink:href="#sSpan4472" value="ⲁⲩⲱ"/>
		<feat xlink:href="#sSpan4479" value="ⲛⲧⲉⲣⲓϩⲉ"/>
		<feat xlink:href="#sSpan4487" value="·"/>
		<feat xlink:href="#sSpan4491" value="ⲉⲛⲉⲥⲛⲏⲩ"/>
		<feat xlink:href="#sSpan4500" value="ⲙⲙⲁⲓⲛⲟⲩⲧⲉ"/>
		<feat xlink:href="#sSpan4508" value="ⲁⲓⲙⲧⲟⲛ"/>
		<feat xlink:href="#sSpan4516" value="ⲙⲙⲟⲓ"/>
		<feat xlink:href="#sSpan4524" value="ϩⲁϩⲧⲏⲩ"/>
		<feat xlink:href="#sSpan4530" value="·"/>
		<feat xlink:href="#sSpan4534" value="ⲙⲙⲏⲧ"/>
		<feat xlink:href="#sSpan4541" value="ⲛϩⲟⲟⲩ"/>
		<feat xlink:href="#sSpan4547" value="·"/>
		<feat xlink:href="#sSpan4551" value="ⲁⲩⲱ"/>
		<feat xlink:href="#sSpan4557" value="ⲁⲓϫⲱ"/>
		<feat xlink:href="#sSpan4565" value="ⲉⲣⲟⲟⲩ"/>
		<feat xlink:href="#sSpan4572" value="ⲛⲧϩⲉ"/>
		<feat xlink:href="#sSpan4581" value="ⲛⲧⲁⲥϣⲱⲡⲉ"/>
		<feat xlink:href="#sSpan4591" value="ⲙⲙⲟⲓ"/>
		<feat xlink:href="#sSpan4597" value="·"/>
		<feat xlink:href="#sSpan4601" value="ⲛⲧⲟⲟⲩ"/>
		<feat xlink:href="#sSpan4608" value="ⲇⲉ"/>
		<feat xlink:href="#sSpan4612" value="ⲡⲉϫⲁⲩ"/>
		<feat xlink:href="#sSpan4618" value="ϫⲉⲁⲗⲏⲑⲱⲥ"/>
		<feat xlink:href="#sSpan4626" value="ⲁⲕⲙⲡϣⲁ"/>
		<feat xlink:href="#sSpan4634" value="ⲛⲟⲩⲛⲟϭ"/>
		<feat xlink:href="#sSpan4643" value="ⲛϩⲙⲟⲧ"/>
		<feat xlink:href="#sSpan4649" value="·"/>
		<feat xlink:href="#sSpan4653" value="ⲛⲉϩⲉⲛⲙⲁⲓⲛⲟⲩⲧⲉ"/>
		<feat xlink:href="#sSpan4668" value="ⲅⲁⲣ"/>
		<feat xlink:href="#sSpan4672" value="ⲛⲉ"/>
		<feat xlink:href="#sSpan4676" value="ⲛⲉⲥⲛⲏⲩ"/>
		<feat xlink:href="#sSpan4683" value="·"/>
		<feat xlink:href="#sSpan4687" value="ⲉⲧⲙⲙⲁⲩ"/>
		<feat xlink:href="#sSpan4693" value="·"/>
		<feat xlink:href="#sSpan4697" value="ⲁⲩⲱ"/>
		<feat xlink:href="#sSpan4701" value="ⲛⲉϩⲉⲛⲁⲅⲱⲛⲓⲥⲧⲏⲥ"/>
		<feat xlink:href="#sSpan4712" value="ⲛⲉ"/>
		<feat xlink:href="#sSpan4716" value="·"/>
		<feat xlink:href="#sSpan4720" value="ⲛⲣⲉϥϣⲙϣⲉ"/>
		<feat xlink:href="#sSpan4729" value="ⲙⲡⲛⲟⲩⲧⲉ"/>
		<feat xlink:href="#sSpan4738" value="ϩⲙⲡⲉⲩϩⲏⲧ"/>
		<feat xlink:href="#sSpan4748" value="ⲧⲏⲣϥ"/>
		<feat xlink:href="#sSpan4754" value="·"/>
		<feat xlink:href="#sSpan4758" value="ⲁⲩⲱ"/>
		<feat xlink:href="#sSpan4762" value="ⲡⲉⲩⲙⲁ"/>
		<feat xlink:href="#sSpan4769" value="ⲛϣⲱⲡⲉ"/>
		<feat xlink:href="#sSpan4775" value="ⲡⲉ"/>
		<feat xlink:href="#sSpan4780" value="ϣⲓⲏⲧ"/>
		<feat xlink:href="#sSpan4784" value="·"/>
		<feat xlink:href="#sSpan4788" value="ⲁⲩϭⲉⲡⲏ"/>
		<feat xlink:href="#sSpan4800" value="ⲇⲉ"/>
		<feat xlink:href="#sSpan4804" value="ⲁⲩⲥϩⲁⲓ"/>
		<feat xlink:href="#sSpan4812" value="ⲛⲛⲉⲓϣⲁϫⲉ"/>
		<feat xlink:href="#sSpan4821" value="ⲛⲧⲁⲩⲥⲟⲧⲙⲟⲩ"/>
		<feat xlink:href="#sSpan4833" value="ⲉⲃⲟⲗ"/>
		<feat xlink:href="#sSpan4838" value="ϩⲓⲧⲟⲟⲧϥ"/>
		<feat xlink:href="#sSpan4845" value="ⲛⲁⲡⲁ"/>
		<feat xlink:href="#sSpan4853" value="ⲡⲁⲡⲛⲟⲩⲧⲉ"/>
		<feat xlink:href="#sSpan4857" value="ⲁⲩⲧⲁⲭⲩ"/>
		<feat xlink:href="#sSpan4868" value="ⲁⲩⲧⲁⲁⲩ"/>
		<feat xlink:href="#sSpan4878" value="ⲉⲩϫⲱⲱⲙⲉ"/>
		<feat xlink:href="#sSpan4888" value="·"/>
		<feat xlink:href="#sSpan4892" value="ⲁⲩϫⲟⲟⲩϥ"/>
		<feat xlink:href="#sSpan4904" value="ⲉϣⲓⲏⲧ"/>
		<feat xlink:href="#sSpan4911" value="·"/>
		<feat xlink:href="#sSpan4915" value="ⲁⲩⲕⲁⲁϥ"/>
		<feat xlink:href="#sSpan4927" value="ϩⲛⲧⲉⲕⲕⲗⲏⲥⲓⲁ"/>
		<feat xlink:href="#sSpan4938" value="ⲉⲩϩⲏⲩ"/>
		<feat xlink:href="#sSpan4947" value="·"/>
		<feat xlink:href="#sSpan4951" value="ⲛⲛⲉⲧⲛⲁⲥⲱⲧⲙ"/>
		<feat xlink:href="#sSpan4964" value="ⲉⲣⲟϥ"/>
		<feat xlink:href="#sSpan4970" value="ⲁⲩⲱ"/>
		<feat xlink:href="#sSpan4976" value="ⲛⲉⲩϣⲁϫⲉ"/>
		<feat xlink:href="#sSpan4984" value="ⲛϩⲏⲧϥ"/>
		<feat xlink:href="#sSpan4991" value="·"/>
		<feat xlink:href="#sSpan4995" value="ⲉϥⲟ"/>
		<feat xlink:href="#sSpan5003" value="ⲙⲙⲉⲗⲉⲧⲏⲥⲓⲥ"/>
		<feat xlink:href="#sSpan5011" value="ⲛⲁⲩ"/>
		<feat xlink:href="#sSpan5017" value="ϩⲛⲧⲁⲡⲣⲟ"/>
		<feat xlink:href="#sSpan5024" value="ⲛⲟⲩⲟⲛ"/>
		<feat xlink:href="#sSpan5034" value="ⲛⲓⲙ"/>
		<feat xlink:href="#sSpan5038" value="·"/>
		<feat xlink:href="#sSpan5042" value="ⲉⲩϯⲉⲟⲟⲩ"/>
		<feat xlink:href="#sSpan5054" value="ⲙⲡⲛⲟⲩⲧⲉ"/>
		<feat xlink:href="#sSpan5063" value="ⲁⲩⲱ"/>
		<feat xlink:href="#sSpan5067" value="ⲉⲩⲥⲙⲟⲩ"/>
		<feat xlink:href="#sSpan5075" value="ⲉⲛⲉϥⲡⲉⲧⲟⲩⲁⲁⲃ"/>
		<feat xlink:href="#sSpan5088" value="·"/>
		<feat xlink:href="#sSpan5092" value="ϩⲓⲧⲛⲧⲉⲭⲁⲣⲓⲥ"/>
		<feat xlink:href="#sSpan5102" value="·"/>
		<feat xlink:href="#sSpan5106" value="ⲙⲛⲧⲙⲛⲧⲙⲁⲓⲣⲱⲙⲉ"/>
		<feat xlink:href="#sSpan5119" value="ⲙⲡⲉⲛϫⲟⲉⲓⲥ"/>
		<feat xlink:href="#sSpan5129" value="ⲓⲏⲥⲟⲩⲥ"/>
		<feat xlink:href="#sSpan5133" value="ⲡⲉⲭⲣⲓⲥⲧⲟⲥ"/>
		<feat xlink:href="#sSpan5140" value="·"/>
		<feat xlink:href="#sSpan5144" value="ⲡⲁⲓ"/>
		<feat xlink:href="#sSpan5149" value="ⲉⲃⲟⲗ"/>
		<feat xlink:href="#sSpan5154" value="ϩⲓⲧⲟⲟⲧϥ"/>
		<feat xlink:href="#sSpan5161" value="ⲡⲉⲟⲟⲩ"/>
		<feat xlink:href="#sSpan5168" value="ⲛⲁϥ"/>
		<feat xlink:href="#sSpan5174" value="ⲙⲛⲡⲉϥⲉⲓⲱⲧ"/>
		<feat xlink:href="#sSpan5183" value="ⲛⲁⲅⲁⲑⲟⲥ"/>
		<feat xlink:href="#sSpan5190" value="ⲙⲛⲡⲉⲡⲛⲉⲩⲙⲁ"/>
		<feat xlink:href="#sSpan5201" value="ⲉⲧⲟⲩⲁⲁⲃ"/>
		<feat xlink:href="#sSpan5207" value="ϣⲁⲉⲛⲉϩ"/>
		<feat xlink:href="#sSpan5214" value="ⲛⲉⲛⲉϩ"/>
		<feat xlink:href="#sSpan5220" value="·"/>
		<feat xlink:href="#sSpan5225" value="ϩⲁⲙⲏⲛ"/>
		<feat xlink:href="#sSpan5231" value="·"/>
		<feat xlink:href="#sSpan5235" value="—"/>
		<feat xlink:href="#sSpan5240" value="···"/>
		<feat xlink:href="#sSpan5244" value="—"/>
		<feat xlink:href="#sSpan5248" value="···"/>
		<feat xlink:href="#sSpan5252" value="—"/>
		<feat xlink:href="#sSpan5256" value="···"/>
		<feat xlink:href="#sSpan5260" value="—"/>
		<feat xlink:href="#sSpan5264" value="···"/>
		<feat xlink:href="#sSpan5268" value="—"/>
		<feat xlink:href="#sSpan5272" value="···"/>
		<feat xlink:href="#sSpan5276" value="—"/>
		<feat xlink:href="#sSpan5282" value="ⲉⲅⲱ"/>
		<feat xlink:href="#sSpan5291" value="ⲃⲓⲕⲧⲟⲣ"/>
		<feat xlink:href="#sSpan5297" value="ⲉⲗⲁⲭⲓⲥⲧⲟⲥ"/>
		<feat xlink:href="#sSpan5302" value="ⲇⲓⲁⲕⲟⲛⲟⲥ"/>
		<feat xlink:href="#sSpan5306" value="ⲩⲩ"/>
		<feat xlink:href="#sSpan5311" value="ⲙⲁⲕⲁⲣⲓⲟⲥ"/>
		<feat xlink:href="#sSpan5317" value="ⲙⲉⲣⲕⲟⲩⲣⲓⲟⲥ"/>
		<feat xlink:href="#sSpan5323" value="ⲇⲓⲁⲕⲟⲛⲟⲥ"/>
		<feat xlink:href="#sSpan5328" value="ⲧⲟⲩ"/>
		<feat xlink:href="#sSpan5334" value="ⲁⲅⲓⲟⲩ"/>
		<feat xlink:href="#sSpan5339" value="ⲙⲉⲣⲕⲩⲣⲓⲟⲩ"/>
		<feat xlink:href="#sSpan5345" value="ⲙⲉⲅⲁⲥⲧⲣⲁⲧⲏⲗⲁⲧⲁ"/>
		<feat xlink:href="#sSpan5352" value="ⲁⲡⲟ"/>
		<feat xlink:href="#sSpan5357" value="ⲧⲏⲥ"/>
		<feat xlink:href="#sSpan5363" value="ⲡⲟⲗⲉⲟⲥ"/>
		<feat xlink:href="#sSpan5368" value="ⲗⲁⲧⲱⲛ"/>
		<feat xlink:href="#sSpan5373" value="ⲉⲅⲣⲁⲯⲁⲥ"/>
		<feat xlink:href="#sSpan5380" value="ⲃⲓⲃⲗⲟⲥ"/>
		<feat xlink:href="#sSpan5385" value="ⲙⲛⲏⲥⲑⲏϯ"/>
		<feat xlink:href="#sSpan5392" value="ⲙⲟⲩ"/>
		<feat xlink:href="#sSpan5398" value="ⲕⲩⲣⲓⲉ"/>
		<feat xlink:href="#sSpan5403" value="ⲟⲧⲁⲛ"/>
		<feat xlink:href="#sSpan5408" value="ⲉⲗⲑⲏⲥ"/>
		<feat xlink:href="#sSpan5414" value="ⲉⲛ"/>
		<feat xlink:href="#sSpan5419" value="ⲧⲏ"/>
		<feat xlink:href="#sSpan5425" value="ⲃⲁⲥⲓⲗⲓⲁ"/>
		<feat xlink:href="#sSpan5430" value="ⲥⲟⲩ"/>
		<feat xlink:href="#sSpan5434" value="—"/>
		<feat xlink:href="#sSpan5439" value="···"/>
		<feat xlink:href="#sSpan5443" value="—"/>
		<feat xlink:href="#sSpan5447" value="···"/>
		<feat xlink:href="#sSpan5451" value="—"/>
		<feat xlink:href="#sSpan5455" value="···"/>
		<feat xlink:href="#sSpan5459" value="—"/>
		<feat xlink:href="#sSpan5463" value="···"/>
		<feat xlink:href="#sSpan5467" value="—"/>
		<feat xlink:href="#sSpan5471" value="···"/>
		<feat xlink:href="#sSpan5475" value="—"/>
		<feat xlink:href="#sSpan5479" value="ⲉⲅⲣⲁⲫⲏ"/>
		<feat xlink:href="#sSpan5487" value="ⲙⲩⲛⲏ"/>
		<feat xlink:href="#sSpan5493" value="ⲧⲩⲃⲓ"/>
		<feat xlink:href="#sSpan5497" value="ⲅ"/>
		<feat xlink:href="#sSpan5501" value="ⲁⲡⲟ"/>
		<feat xlink:href="#sSpan5505" value="ⲧⲱⲛ"/>
		<feat xlink:href="#sSpan5512" value="ⲁⲅⲓⲟⲛ"/>
		<feat xlink:href="#sSpan5516" value="ⲙⲁⲣⲧⲩⲣⲱⲛ"/>
		<feat xlink:href="#sSpan5521" value="ⲯⲕⲁ"/>
		<feat xlink:href="#sSpan5529" value="ⲉⲧⲟⲩⲥ"/>
		<feat xlink:href="#sSpan5533" value="ⲧⲝⲉⲓⲛⲇ"/>
		<feat xlink:href="#sSpan5538" value="ⲅ"/>
		<feat xlink:href="#sSpan5542" value="—"/>
		<feat xlink:href="#sSpan5547" value="···"/>
		<feat xlink:href="#sSpan5551" value="—"/>
		<feat xlink:href="#sSpan5555" value="···"/>
		<feat xlink:href="#sSpan5559" value="—"/>
		<feat xlink:href="#sSpan5563" value="···"/>
		<feat xlink:href="#sSpan5567" value="—"/>
		<feat xlink:href="#sSpan5571" value="ϩⲓⲧⲛⲇⲉⲥⲡⲟⲇⲏ"/>
		<feat xlink:href="#sSpan5583" value="ⲙⲛⲧⲙⲛⲧⲃⲁⲓⲣⲟⲟⲩϣ"/>
		<feat xlink:href="#sSpan5594" value="ⲛⲛⲉⲛⲉⲓⲟⲟⲧⲉ"/>
		<feat xlink:href="#sSpan5603" value="ⲙⲛⲙⲙⲉⲣⲁⲧⲉ"/>
		<feat xlink:href="#sSpan5613" value="ⲛⲥⲛⲏⲩ"/>
		<feat xlink:href="#sSpan5620" value="ⲁⲃⲃⲁ"/>
		<feat xlink:href="#sSpan5626" value="ⲁⲃⲣⲁϩⲁⲙ"/>
		<feat xlink:href="#sSpan5630" value="ⲡⲉⲡⲣⲁⲉⲓⲥⲧⲟⲥ"/>
		<feat xlink:href="#sSpan5639" value="ⲙⲡⲛⲟⲩⲧⲉ"/>
		<feat xlink:href="#sSpan5648" value="ⲙⲛⲡⲁⲣⲭⲏⲇⲓⲁⲕⲟⲛⲟⲥ"/>
		<feat xlink:href="#sSpan5662" value="ⲁⲃⲃⲁⲭⲁⲏⲗ"/>
		<feat xlink:href="#sSpan5669" value="ⲙⲛⲡⲇⲉⲩⲇⲉⲗⲁⲣⲏⲥ"/>
		<feat xlink:href="#sSpan5680" value="ⲍⲁⲭⲁⲣⲓⲁⲥ"/>
		<feat xlink:href="#sSpan5684" value="ⲡⲇⲓⲁⲕⲟⲛⲟⲥ"/>
		<feat xlink:href="#sSpan5692" value="ⲁⲩⲱ"/>
		<feat xlink:href="#sSpan5696" value="ⲡⲙⲟⲛⲁⲭⲟⲥ"/>
		<feat xlink:href="#sSpan5703" value="ⲙⲡⲙⲟⲛⲁⲥⲧⲏⲣⲓⲟⲛ"/>
		<feat xlink:href="#sSpan5713" value="ⲙⲡϩⲁⲅⲓⲟⲥ"/>
		<feat xlink:href="#sSpan5725" value="ⲙⲉⲣⲕⲟⲩⲣⲓⲟⲥ"/>
		<feat xlink:href="#sSpan5729" value="ⲡⲉⲥⲧⲣⲁⲧⲏⲗⲁⲧⲏⲥ"/>
		<feat xlink:href="#sSpan5736" value="ⲡⲁⲓ"/>
		<feat xlink:href="#sSpan5742" value="ⲉⲧϣⲟⲟⲡ"/>
		<feat xlink:href="#sSpan5748" value="ϩⲙⲡⲧⲟⲟⲩ"/>
		<feat xlink:href="#sSpan5757" value="ⲛⲧⲃⲱ"/>
		<feat xlink:href="#sSpan5764" value="·"/>
		<feat xlink:href="#sSpan5768" value="ⲁⲩⲥⲙⲛ"/>
		<feat xlink:href="#sSpan5779" value="ⲡⲉⲓϫⲱⲱⲙⲉ"/>
		<feat xlink:href="#sSpan5786" value="ϩⲛⲛⲉⲩϩⲓⲥⲉ"/>
		<feat xlink:href="#sSpan5795" value="ⲙⲙⲓⲛⲙⲙⲟⲟⲩ"/>
		<feat xlink:href="#sSpan5801" value="ⲁⲩⲕⲁⲁϥ"/>
		<feat xlink:href="#sSpan5813" value="ϩⲙⲡⲉⲩⲙⲟⲛⲁⲥⲧⲏⲣⲓⲟⲛ"/>
		<feat xlink:href="#sSpan5824" value="·"/>
		<feat xlink:href="#sSpan5828" value="ϫⲉⲕⲁⲥ"/>
		<feat xlink:href="#sSpan5832" value="ⲉⲩⲛⲁⲱϣ"/>
		<feat xlink:href="#sSpan5842" value="ⲛϩⲏⲧϥ"/>
		<feat xlink:href="#sSpan5849" value="ⲉⲩϩⲏⲩ"/>
		<feat xlink:href="#sSpan5858" value="ⲙⲛⲟⲩⲡⲗⲩⲣⲟⲫⲟⲣⲓⲁ"/>
		<feat xlink:href="#sSpan5868" value="ⲛⲛⲉⲧⲛⲁⲱϣ"/>
		<feat xlink:href="#sSpan5881" value="ⲛϩⲏⲧϥ"/>
		<feat xlink:href="#sSpan5888" value="ⲙⲛⲡⲉⲧⲛⲁⲥⲱⲧⲙ"/>
		<feat xlink:href="#sSpan5901" value="ⲉⲣⲟϥ"/>
		<feat xlink:href="#sSpan5907" value="ϩⲛⲟⲩϯϩⲧⲏϥ"/>
		<feat xlink:href="#sSpan5919" value="ϫⲉⲕⲁⲥ"/>
		<feat xlink:href="#sSpan5924" value="ⲉⲣⲉⲡⲉⲛⲥⲏⲣ"/>
		<feat xlink:href="#sSpan5933" value="ⲛⲁⲅⲁⲑⲟⲥ"/>
		<feat xlink:href="#sSpan5940" value="ⲙⲛⲡⲡⲉⲧⲟⲩⲁⲁⲃ"/>
		<feat xlink:href="#sSpan5954" value="ⲁⲡⲁ"/>
		<feat xlink:href="#sSpan5958" value="ⲟⲛⲛⲟⲫⲣⲓⲟⲥ"/>
		<feat xlink:href="#sSpan5962" value="ⲡⲁⲛⲁⲭⲱⲣⲏⲧⲏⲥ"/>
		<feat xlink:href="#sSpan5969" value="ⲛⲁⲥⲙⲟⲩ"/>
		<feat xlink:href="#sSpan5976" value="ⲉⲣⲟⲟⲩ"/>
		<feat xlink:href="#sSpan5982" value="ⲙⲛⲡⲥⲱⲟⲩϩ"/>
		<feat xlink:href="#sSpan5991" value="ⲉϩⲟⲩⲛ"/>
		<feat xlink:href="#sSpan5995" value="ⲙⲡⲉⲩⲙⲟⲛⲁⲥⲧⲏⲣⲓⲟⲛ"/>
		<feat xlink:href="#sSpan6006" value="ⲧⲏⲣϥ"/>
		<feat xlink:href="#sSpan6012" value="ϩⲙⲡⲉⲥⲙⲟⲩ"/>
		<feat xlink:href="#sSpan6021" value="ⲛⲧⲡⲉ"/>
		<feat xlink:href="#sSpan6030" value="ⲁⲩⲱ"/>
		<feat xlink:href="#sSpan6034" value="ⲡⲉⲥⲙⲟⲩ"/>
		<feat xlink:href="#sSpan6042" value="ⲙⲡⲕⲁϩ"/>
		<feat xlink:href="#sSpan6051" value="ⲉⲡϫⲏⲕ"/>
		<feat xlink:href="#sSpan6060" value="ⲉⲃⲟⲗ"/>
		<feat xlink:href="#sSpan6064" value="ⲙⲡⲧⲏⲣϥ"/>
		<feat xlink:href="#sSpan6074" value="ⲛϥⲕⲱ"/>
		<feat xlink:href="#sSpan6085" value="ⲟⲩⲥⲙⲟⲩ"/>
		<feat xlink:href="#sSpan6092" value="ⲙⲛⲟⲩⲥⲉⲓ"/>
		<feat xlink:href="#sSpan6101" value="ⲙⲛⲟⲩϩⲓⲛⲟⲩϥⲉ"/>
		<feat xlink:href="#sSpan6110" value="ⲙⲛⲟⲩⲥⲱⲧⲏⲣⲓⲁ"/>
		<feat xlink:href="#sSpan6121" value="ⲉⲩⲙⲏⲛ"/>
		<feat xlink:href="#sSpan6129" value="ⲉⲃⲟⲗ"/>
		<feat xlink:href="#sSpan6133" value="ϩⲙⲡⲉⲩⲙⲟⲛⲁⲥⲧⲏⲣⲓⲟⲛ"/>
		<feat xlink:href="#sSpan6144" value="·"/>
		<feat xlink:href="#sSpan6148" value="ⲛϥⲧⲟⲩϫⲟⲟⲩ"/>
		<feat xlink:href="#sSpan6160" value="ⲛϭⲟⲣϭⲥ"/>
		<feat xlink:href="#sSpan6167" value="ⲙⲡⲇⲓⲁⲃⲟⲗⲟⲥ"/>
		<feat xlink:href="#sSpan6177" value="ⲙⲛⲛⲣⲱⲙⲉ"/>
		<feat xlink:href="#sSpan6187" value="ⲙⲡⲟⲛⲏⲣⲟⲥ"/>
		<feat xlink:href="#sSpan6194" value="·"/>
		<feat xlink:href="#sSpan6198" value="ⲉⲩϣⲁⲛⲉⲓ"/>
		<feat xlink:href="#sSpan6207" value="ⲇⲉ"/>
		<feat xlink:href="#sSpan6211" value="ⲟⲛ"/>
		<feat xlink:href="#sSpan6215" value="ⲉⲃⲟⲗ"/>
		<feat xlink:href="#sSpan6221" value="ϩⲛⲥⲱⲙⲁ"/>
		<feat xlink:href="#sSpan6230" value="ⲡⲣⲟⲥ"/>
		<feat xlink:href="#sSpan6234" value="ⲡⲉⲧⲕⲏ"/>
		<feat xlink:href="#sSpan6243" value="ⲉϩⲣⲁⲓ"/>
		<feat xlink:href="#sSpan6247" value="ⲛⲣⲱⲙⲉ"/>
		<feat xlink:href="#sSpan6254" value="ⲛⲓⲙ"/>
		<feat xlink:href="#sSpan6259" value="·"/>
		<feat xlink:href="#sSpan6263" value="ⲉⲩⲉⲥⲱⲧⲙ"/>
		<feat xlink:href="#sSpan6270" value="ⲇⲉ"/>
		<feat xlink:href="#sSpan6275" value="ⲕⲁⲗⲱⲥ"/>
		<feat xlink:href="#sSpan6279" value="ⲛϩⲙϩⲁⲗ"/>
		<feat xlink:href="#sSpan6286" value="ⲉⲧⲛⲁⲛⲟⲩⲥ"/>
		<feat xlink:href="#sSpan6295" value="ⲁⲩⲱ"/>
		<feat xlink:href="#sSpan6299" value="ⲙⲡⲓⲥⲧⲟⲥ"/>
		<feat xlink:href="#sSpan6307" value="ⲉⲡⲉⲓⲇⲏ"/>
		<feat xlink:href="#sSpan6311" value="ⲛⲉⲧⲛⲛϩⲟⲧ"/>
		<feat xlink:href="#sSpan6318" value="ⲉϩⲉⲛⲕⲟⲩⲓ"/>
		<feat xlink:href="#sSpan6328" value="ϯⲛⲁⲕⲁⲑⲓⲥⲧⲁ"/>
		<feat xlink:href="#sSpan6337" value="ⲙⲙⲱⲧⲛ"/>
		<feat xlink:href="#sSpan6343" value="ⲉϫⲛϩⲁϩ"/>
		<feat xlink:href="#sSpan6350" value="ⲃⲱⲕ"/>
		<feat xlink:href="#sSpan6355" value="ⲉϩⲟⲩⲛ"/>
		<feat xlink:href="#sSpan6360" value="ⲉⲡⲣⲁϣⲉ"/>
		<feat xlink:href="#sSpan6369" value="ⲙⲡⲉⲕϫⲟⲉⲓⲥ"/>
		<feat xlink:href="#sSpan6378" value="ⲁⲩⲱ"/>
		<feat xlink:href="#sSpan6384" value="ⲛⲥⲉⲣⲙⲡϣⲁ"/>
		<feat xlink:href="#sSpan6392" value="ⲛϫⲓⲕⲗⲏⲣⲟⲛⲟⲙⲓⲁ"/>
		<feat xlink:href="#sSpan6402" value="ⲙⲛⲛⲉⲧⲟⲩⲁⲁⲃ"/>
		<feat xlink:href="#sSpan6413" value="ⲧⲏⲣⲟⲩ"/>
		<feat xlink:href="#sSpan6420" value="ϩⲁⲙⲏⲛ"/>
		<feat xlink:href="#sSpan6425" value="ⲉⲥⲉϣⲟⲡⲉ"/>
		<feat xlink:href="#sSpan6431" value="·"/></featList></paula>