<?xml version='1.0' encoding='UTF-8'?><!DOCTYPE paula SYSTEM "paula_feat.dtd">
<paula version="1.1">
	<header paula_id="scriptorium.life.onnophrius.04.mark_ed_line_n"/>
	<featList xmlns:xlink="http://www.w3.org/1999/xlink" type="ed_line_n" xml:base="scriptorium.life.onnophrius.04.mark.xml">
		<feat xlink:href="#sSpan8" value="34"/>
		<feat xlink:href="#sSpan63" value="1"/>
		<feat xlink:href="#sSpan111" value="2"/>
		<feat xlink:href="#sSpan165" value="3"/>
		<feat xlink:href="#sSpan209" value="4"/>
		<feat xlink:href="#sSpan259" value="5"/>
		<feat xlink:href="#sSpan306" value="6"/>
		<feat xlink:href="#sSpan356" value="7"/>
		<feat xlink:href="#sSpan399" value="8"/>
		<feat xlink:href="#sSpan446" value="9"/>
		<feat xlink:href="#sSpan492" value="10"/>
		<feat xlink:href="#sSpan536" value="11"/>
		<feat xlink:href="#sSpan583" value="12"/>
		<feat xlink:href="#sSpan622" value="13"/>
		<feat xlink:href="#sSpan661" value="14"/>
		<feat xlink:href="#sSpan708" value="15"/>
		<feat xlink:href="#sSpan753" value="16"/>
		<feat xlink:href="#sSpan773" value="17"/>
		<feat xlink:href="#sSpan820" value="18"/>
		<feat xlink:href="#sSpan860" value="19"/>
		<feat xlink:href="#sSpan898" value="20"/>
		<feat xlink:href="#sSpan945" value="21"/>
		<feat xlink:href="#sSpan985" value="22"/>
		<feat xlink:href="#sSpan1022" value="23"/>
		<feat xlink:href="#sSpan1063" value="24"/>
		<feat xlink:href="#sSpan1114" value="25"/>
		<feat xlink:href="#sSpan1158" value="26"/>
		<feat xlink:href="#sSpan1201" value="27"/>
		<feat xlink:href="#sSpan1216" value="28"/>
		<feat xlink:href="#sSpan1264" value="29"/>
		<feat xlink:href="#sSpan1314" value="30"/>
		<feat xlink:href="#sSpan1363" value="31"/>
		<feat xlink:href="#sSpan1416" value="32"/>
		<feat xlink:href="#sSpan1459" value="33"/>
		<feat xlink:href="#sSpan1502" value="34"/>
		<feat xlink:href="#sSpan1547" value="1"/>
		<feat xlink:href="#sSpan1584" value="2"/>
		<feat xlink:href="#sSpan1625" value="3"/>
		<feat xlink:href="#sSpan1670" value="4"/>
		<feat xlink:href="#sSpan1722" value="5"/>
		<feat xlink:href="#sSpan1771" value="6"/>
		<feat xlink:href="#sSpan1815" value="7"/>
		<feat xlink:href="#sSpan1853" value="8"/>
		<feat xlink:href="#sSpan1900" value="9"/>
		<feat xlink:href="#sSpan1938" value="10"/>
		<feat xlink:href="#sSpan1985" value="11"/>
		<feat xlink:href="#sSpan2028" value="12"/>
		<feat xlink:href="#sSpan2060" value="13"/>
		<feat xlink:href="#sSpan2097" value="14"/>
		<feat xlink:href="#sSpan2143" value="15"/>
		<feat xlink:href="#sSpan2170" value="16"/>
		<feat xlink:href="#sSpan2212" value="17"/>
		<feat xlink:href="#sSpan2263" value="18"/>
		<feat xlink:href="#sSpan2304" value="19"/>
		<feat xlink:href="#sSpan2344" value="20"/>
		<feat xlink:href="#sSpan2370" value="21"/>
		<feat xlink:href="#sSpan2418" value="22"/>
		<feat xlink:href="#sSpan2463" value="23"/>
		<feat xlink:href="#sSpan2503" value="24"/>
		<feat xlink:href="#sSpan2549" value="25"/>
		<feat xlink:href="#sSpan2585" value="26"/>
		<feat xlink:href="#sSpan2637" value="27"/>
		<feat xlink:href="#sSpan2691" value="28"/>
		<feat xlink:href="#sSpan2741" value="29"/>
		<feat xlink:href="#sSpan2785" value="30"/>
		<feat xlink:href="#sSpan2828" value="31"/>
		<feat xlink:href="#sSpan2878" value="32"/>
		<feat xlink:href="#sSpan2927" value="33"/>
		<feat xlink:href="#sSpan2970" value="34"/>
		<feat xlink:href="#sSpan3015" value="1"/>
		<feat xlink:href="#sSpan3048" value="2"/>
		<feat xlink:href="#sSpan3095" value="3"/>
		<feat xlink:href="#sSpan3121" value="4"/>
		<feat xlink:href="#sSpan3164" value="5"/>
		<feat xlink:href="#sSpan3212" value="6"/>
		<feat xlink:href="#sSpan3252" value="7"/>
		<feat xlink:href="#sSpan3299" value="8"/>
		<feat xlink:href="#sSpan3334" value="9"/>
		<feat xlink:href="#sSpan3381" value="10"/>
		<feat xlink:href="#sSpan3422" value="11"/>
		<feat xlink:href="#sSpan3468" value="12"/>
		<feat xlink:href="#sSpan3510" value="13"/>
		<feat xlink:href="#sSpan3549" value="14"/>
		<feat xlink:href="#sSpan3598" value="15"/>
		<feat xlink:href="#sSpan3657" value="16"/>
		<feat xlink:href="#sSpan3701" value="17"/>
		<feat xlink:href="#sSpan3716" value="18"/>
		<feat xlink:href="#sSpan3770" value="19"/>
		<feat xlink:href="#sSpan3822" value="20"/>
		<feat xlink:href="#sSpan3866" value="21"/>
		<feat xlink:href="#sSpan3902" value="22"/>
		<feat xlink:href="#sSpan3946" value="23"/>
		<feat xlink:href="#sSpan3990" value="24"/>
		<feat xlink:href="#sSpan4040" value="25"/>
		<feat xlink:href="#sSpan4102" value="26"/>
		<feat xlink:href="#sSpan4136" value="27"/>
		<feat xlink:href="#sSpan4184" value="28"/>
		<feat xlink:href="#sSpan4236" value="29"/>
		<feat xlink:href="#sSpan4283" value="30"/>
		<feat xlink:href="#sSpan4330" value="31"/>
		<feat xlink:href="#sSpan4373" value="32"/>
		<feat xlink:href="#sSpan4429" value="33"/>
		<feat xlink:href="#sSpan4474" value="34"/>
		<feat xlink:href="#sSpan4518" value="1"/>
		<feat xlink:href="#sSpan4567" value="2"/>
		<feat xlink:href="#sSpan4623" value="3"/>
		<feat xlink:href="#sSpan4664" value="4"/>
		<feat xlink:href="#sSpan4709" value="5"/>
		<feat xlink:href="#sSpan4745" value="6"/>
		<feat xlink:href="#sSpan4796" value="7"/>
		<feat xlink:href="#sSpan4840" value="8"/>
		<feat xlink:href="#sSpan4885" value="9"/>
		<feat xlink:href="#sSpan4935" value="10"/>
		<feat xlink:href="#sSpan4986" value="11"/>
		<feat xlink:href="#sSpan5031" value="12"/>
		<feat xlink:href="#sSpan5077" value="13"/>
		<feat xlink:href="#sSpan5115" value="14"/>
		<feat xlink:href="#sSpan5156" value="15"/>
		<feat xlink:href="#sSpan5195" value="16"/>
		<feat xlink:href="#sSpan5237" value="17"/>
		<feat xlink:href="#sSpan5284" value="19"/>
		<feat xlink:href="#sSpan5319" value="20"/>
		<feat xlink:href="#sSpan5347" value="21"/>
		<feat xlink:href="#sSpan5375" value="22"/>
		<feat xlink:href="#sSpan5410" value="23"/>
		<feat xlink:href="#sSpan5436" value="24"/>
		<feat xlink:href="#sSpan5481" value="25"/>
		<feat xlink:href="#sSpan5518" value="26"/>
		<feat xlink:href="#sSpan5544" value="27"/>
		<feat xlink:href="#sSpan5573" value="28"/>
		<feat xlink:href="#sSpan5605" value="29"/>
		<feat xlink:href="#sSpan5635" value="30"/>
		<feat xlink:href="#sSpan5666" value="31"/>
		<feat xlink:href="#sSpan5689" value="32"/>
		<feat xlink:href="#sSpan5715" value="33"/>
		<feat xlink:href="#sSpan5738" value="1"/>
		<feat xlink:href="#sSpan5783" value="2"/>
		<feat xlink:href="#sSpan5815" value="3"/>
		<feat xlink:href="#sSpan5844" value="4"/>
		<feat xlink:href="#sSpan5883" value="5"/>
		<feat xlink:href="#sSpan5921" value="6"/>
		<feat xlink:href="#sSpan5950" value="7"/>
		<feat xlink:href="#sSpan5973" value="8"/>
		<feat xlink:href="#sSpan6003" value="9"/>
		<feat xlink:href="#sSpan6037" value="10"/>
		<feat xlink:href="#sSpan6076" value="11"/>
		<feat xlink:href="#sSpan6112" value="12"/>
		<feat xlink:href="#sSpan6141" value="13"/>
		<feat xlink:href="#sSpan6179" value="14"/>
		<feat xlink:href="#sSpan6218" value="15"/>
		<feat xlink:href="#sSpan6256" value="16"/>
		<feat xlink:href="#sSpan6290" value="17"/>
		<feat xlink:href="#sSpan6323" value="18"/>
		<feat xlink:href="#sSpan6357" value="19"/>
		<feat xlink:href="#sSpan6394" value="20"/>
		<feat xlink:href="#sSpan6422" value="21"/></featList></paula>