<?xml version='1.0' encoding='UTF-8'?><!DOCTYPE paula SYSTEM "paula_feat.dtd">
<paula version="1.1">
	<header paula_id="scriptorium.life.onnophrius.04.mark_verse_n"/>
	<featList xmlns:xlink="http://www.w3.org/1999/xlink" type="verse_n" xml:base="scriptorium.life.onnophrius.04.mark.xml">
		<feat xlink:href="#sSpan6" value="1"/>
		<feat xlink:href="#sSpan29" value="2"/>
		<feat xlink:href="#sSpan49" value="3"/>
		<feat xlink:href="#sSpan72" value="4"/>
		<feat xlink:href="#sSpan93" value="5"/>
		<feat xlink:href="#sSpan199" value="6"/>
		<feat xlink:href="#sSpan278" value="7"/>
		<feat xlink:href="#sSpan339" value="8"/>
		<feat xlink:href="#sSpan401" value="9"/>
		<feat xlink:href="#sSpan469" value="10"/>
		<feat xlink:href="#sSpan558" value="11"/>
		<feat xlink:href="#sSpan607" value="12"/>
		<feat xlink:href="#sSpan703" value="13"/>
		<feat xlink:href="#sSpan775" value="1"/>
		<feat xlink:href="#sSpan846" value="2"/>
		<feat xlink:href="#sSpan937" value="3"/>
		<feat xlink:href="#sSpan1045" value="4"/>
		<feat xlink:href="#sSpan1065" value="5"/>
		<feat xlink:href="#sSpan1160" value="6"/>
		<feat xlink:href="#sSpan1218" value="1"/>
		<feat xlink:href="#sSpan1289" value="2"/>
		<feat xlink:href="#sSpan1339" value="3"/>
		<feat xlink:href="#sSpan1365" value="4"/>
		<feat xlink:href="#sSpan1467" value="5"/>
		<feat xlink:href="#sSpan1529" value="6"/>
		<feat xlink:href="#sSpan1597" value="7"/>
		<feat xlink:href="#sSpan1656" value="8"/>
		<feat xlink:href="#sSpan1807" value="9"/>
		<feat xlink:href="#sSpan1963" value="10"/>
		<feat xlink:href="#sSpan2002" value="11"/>
		<feat xlink:href="#sSpan2133" value="12"/>
		<feat xlink:href="#sSpan2172" value="1"/>
		<feat xlink:href="#sSpan2266" value="2"/>
		<feat xlink:href="#sSpan2382" value="3"/>
		<feat xlink:href="#sSpan2460" value="4"/>
		<feat xlink:href="#sSpan2534" value="5"/>
		<feat xlink:href="#sSpan2565" value="6"/>
		<feat xlink:href="#sSpan2627" value="7"/>
		<feat xlink:href="#sSpan2690" value="8"/>
		<feat xlink:href="#sSpan2712" value="9"/>
		<feat xlink:href="#sSpan2762" value="10"/>
		<feat xlink:href="#sSpan2793" value="11"/>
		<feat xlink:href="#sSpan2849" value="12"/>
		<feat xlink:href="#sSpan2897" value="13"/>
		<feat xlink:href="#sSpan2966" value="14"/>
		<feat xlink:href="#sSpan3060" value="15"/>
		<feat xlink:href="#sSpan3120" value="1"/>
		<feat xlink:href="#sSpan3148" value="2"/>
		<feat xlink:href="#sSpan3270" value="3"/>
		<feat xlink:href="#sSpan3354" value="4"/>
		<feat xlink:href="#sSpan3390" value="5"/>
		<feat xlink:href="#sSpan3531" value="6"/>
		<feat xlink:href="#sSpan3572" value="7"/>
		<feat xlink:href="#sSpan3718" value="1"/>
		<feat xlink:href="#sSpan3778" value="2"/>
		<feat xlink:href="#sSpan3803" value="3"/>
		<feat xlink:href="#sSpan3834" value="4"/>
		<feat xlink:href="#sSpan3865" value="5"/>
		<feat xlink:href="#sSpan3884" value="6"/>
		<feat xlink:href="#sSpan3948" value="7"/>
		<feat xlink:href="#sSpan4000" value="8"/>
		<feat xlink:href="#sSpan4053" value="9"/>
		<feat xlink:href="#sSpan4076" value="10"/>
		<feat xlink:href="#sSpan4101" value="11"/>
		<feat xlink:href="#sSpan4127" value="12"/>
		<feat xlink:href="#sSpan4152" value="13"/>
		<feat xlink:href="#sSpan4230" value="14"/>
		<feat xlink:href="#sSpan4282" value="15"/>
		<feat xlink:href="#sSpan4320" value="16"/>
		<feat xlink:href="#sSpan4354" value="17"/>
		<feat xlink:href="#sSpan4411" value="18"/>
		<feat xlink:href="#sSpan4476" value="19"/>
		<feat xlink:href="#sSpan4554" value="20"/>
		<feat xlink:href="#sSpan4604" value="21"/>
		<feat xlink:href="#sSpan4656" value="22"/>
		<feat xlink:href="#sSpan4791" value="23"/>
		<feat xlink:href="#sSpan4860" value="24"/>
		<feat xlink:href="#sSpan4895" value="25"/>
		<feat xlink:href="#sSpan4918" value="26"/>
		<feat xlink:href="#sSpan4973" value="27"/>
		<feat xlink:href="#sSpan5045" value="28"/>
		<feat xlink:href="#sSpan5228" value="29"/>
		<feat xlink:href="#sSpan5286" value="1"/>
		<feat xlink:href="#sSpan5388" value="2"/>
		<feat xlink:href="#sSpan5484" value="1"/>
		<feat xlink:href="#sSpan5575" value="1"/>
		<feat xlink:href="#sSpan5771" value="2"/>
		<feat xlink:href="#sSpan5804" value="3"/>
		<feat xlink:href="#sSpan6078" value="4"/>
		<feat xlink:href="#sSpan6151" value="5"/>
		<feat xlink:href="#sSpan6201" value="6"/>
		<feat xlink:href="#sSpan6381" value="7"/></featList></paula>