<?xml version='1.0' encoding='UTF-8'?><!DOCTYPE paula SYSTEM "paula_feat.dtd">
<paula version="1.1">
	<header paula_id="scriptorium.life.onnophrius.04.mark_chapter_n"/>
	<featList xmlns:xlink="http://www.w3.org/1999/xlink" type="chapter_n" xml:base="scriptorium.life.onnophrius.04.mark.xml">
		<feat xlink:href="#sSpan10" value="25"/>
		<feat xlink:href="#sSpan776" value="26"/>
		<feat xlink:href="#sSpan1219" value="27"/>
		<feat xlink:href="#sSpan2173" value="28"/>
		<feat xlink:href="#sSpan3122" value="29"/>
		<feat xlink:href="#sSpan3719" value="30"/>
		<feat xlink:href="#sSpan5287" value="31"/>
		<feat xlink:href="#sSpan5482" value="32"/>
		<feat xlink:href="#sSpan5576" value="33"/></featList></paula>