<?xml version='1.0' encoding='UTF-8'?><!DOCTYPE paula SYSTEM "paula_feat.dtd">
<paula version="1.1">
	<header paula_id="scriptorium.life.onnophrius.04.mark_morph"/>
	<featList xmlns:xlink="http://www.w3.org/1999/xlink" type="morph" xml:base="scriptorium.life.onnophrius.04.mark.xml">
		<feat xlink:href="#sSpan456" value="ⲣⲙ"/>
		<feat xlink:href="#sSpan459" value="ⲧⲱⲛ"/>
		<feat xlink:href="#sSpan1009" value="ⲣ"/>
		<feat xlink:href="#sSpan1014" value="ϩⲱⲃ"/>
		<feat xlink:href="#sSpan1491" value="ⲣ"/>
		<feat xlink:href="#sSpan1494" value="ϩⲙϩⲁⲗ"/>
		<feat xlink:href="#sSpan2186" value="ⲙⲉϩ"/>
		<feat xlink:href="#sSpan2189" value="ⲥⲁϣϥ"/>
		<feat xlink:href="#sSpan2640" value="ⲣ"/>
		<feat xlink:href="#sSpan2643" value="ⲧ"/>
		<feat xlink:href="#sSpan2644" value="ϩⲉ"/>
		<feat xlink:href="#sSpan3257" value="ⲁⲧ"/>
		<feat xlink:href="#sSpan3260" value="ⲧⲁⲕⲟ"/>
		<feat xlink:href="#sSpan3477" value="ⲙⲁⲓ"/>
		<feat xlink:href="#sSpan3481" value="ⲛⲟⲩⲧⲉ"/>
		<feat xlink:href="#sSpan3629" value="ⲣ"/>
		<feat xlink:href="#sSpan3632" value="ϩⲱⲃ"/>
		<feat xlink:href="#sSpan4077" value="ⲙⲉϩ"/>
		<feat xlink:href="#sSpan4080" value="ⲥⲛⲁⲩ"/>
		<feat xlink:href="#sSpan4103" value="ⲙⲉϩ"/>
		<feat xlink:href="#sSpan4106" value="ϣⲟⲙⲛⲧ"/>
		<feat xlink:href="#sSpan4128" value="ⲙⲉϩ"/>
		<feat xlink:href="#sSpan4131" value="ϥⲧⲟⲟⲩ"/>
		<feat xlink:href="#sSpan4210" value="ⲣ"/>
		<feat xlink:href="#sSpan4213" value="ⲡ"/>
		<feat xlink:href="#sSpan4214" value="ⲙⲉⲉⲩⲉ"/>
		<feat xlink:href="#sSpan4502" value="ⲙⲁⲓ"/>
		<feat xlink:href="#sSpan4505" value="ⲛⲟⲩⲧⲉ"/>
		<feat xlink:href="#sSpan4660" value="ⲙⲁⲓ"/>
		<feat xlink:href="#sSpan4663" value="ⲛⲟⲩⲧⲉ"/>
		<feat xlink:href="#sSpan4723" value="ⲣⲉϥ"/>
		<feat xlink:href="#sSpan4726" value="ϣⲙϣⲉ"/>
		<feat xlink:href="#sSpan5048" value="ϯ"/>
		<feat xlink:href="#sSpan5051" value="ⲉⲟⲟⲩ"/>
		<feat xlink:href="#sSpan5081" value="ⲡ"/>
		<feat xlink:href="#sSpan5084" value="ⲉⲧ"/>
		<feat xlink:href="#sSpan5085" value="ⲟⲩⲁⲁⲃ"/>
		<feat xlink:href="#sSpan5111" value="ⲙⲛⲧ"/>
		<feat xlink:href="#sSpan5114" value="ⲙⲁⲓ"/>
		<feat xlink:href="#sSpan5116" value="ⲣⲱⲙⲉ"/>
		<feat xlink:href="#sSpan5341" value="ⲙⲉⲅⲁ"/>
		<feat xlink:href="#sSpan5348" value="ⲥⲧⲣⲁⲧⲏⲗⲁⲧⲁ"/>
		<feat xlink:href="#sSpan5588" value="ⲙⲛⲧ"/>
		<feat xlink:href="#sSpan5591" value="ⲃⲁⲓⲣⲟⲟⲩϣ"/>
		<feat xlink:href="#sSpan5653" value="ⲁⲣⲭⲏ"/>
		<feat xlink:href="#sSpan5657" value="ⲇⲓⲁⲕⲟⲛⲟⲥ"/>
		<feat xlink:href="#sSpan5911" value="ϯ"/>
		<feat xlink:href="#sSpan5915" value="ϩⲧⲏ"/>
		<feat xlink:href="#sSpan5916" value="ϥ"/>
		<feat xlink:href="#sSpan5945" value="ⲡ"/>
		<feat xlink:href="#sSpan5948" value="ⲉⲧ"/>
		<feat xlink:href="#sSpan5949" value="ⲟⲩⲁⲁⲃ"/>
		<feat xlink:href="#sSpan6068" value="ⲧⲏⲣ"/>
		<feat xlink:href="#sSpan6071" value="ϥ"/>
		<feat xlink:href="#sSpan6395" value="ϫⲓ"/>
		<feat xlink:href="#sSpan6398" value="ⲕⲗⲏⲣⲟⲛⲟⲙⲓⲁ"/></featList></paula>