<?xml version='1.0' encoding='UTF-8'?><!DOCTYPE paula SYSTEM "paula_feat.dtd">
<paula version="1.1">
	<header paula_id="scriptorium.life.onnophrius.04.mark_lang"/>
	<featList xmlns:xlink="http://www.w3.org/1999/xlink" type="lang" xml:base="scriptorium.life.onnophrius.04.mark.xml">
		<feat xlink:href="#sSpan11" value="Greek"/>
		<feat xlink:href="#sSpan50" value="Greek"/>
		<feat xlink:href="#sSpan75" value="Greek"/>
		<feat xlink:href="#sSpan158" value="Greek"/>
		<feat xlink:href="#sSpan204" value="Greek"/>
		<feat xlink:href="#sSpan225" value="Greek"/>
		<feat xlink:href="#sSpan279" value="Greek"/>
		<feat xlink:href="#sSpan293" value="Greek"/>
		<feat xlink:href="#sSpan347" value="Greek"/>
		<feat xlink:href="#sSpan379" value="Greek"/>
		<feat xlink:href="#sSpan540" value="Greek"/>
		<feat xlink:href="#sSpan559" value="Greek"/>
		<feat xlink:href="#sSpan580" value="Greek"/>
		<feat xlink:href="#sSpan610" value="Greek"/>
		<feat xlink:href="#sSpan623" value="Greek"/>
		<feat xlink:href="#sSpan637" value="Greek"/>
		<feat xlink:href="#sSpan648" value="Greek"/>
		<feat xlink:href="#sSpan685" value="Greek"/>
		<feat xlink:href="#sSpan709" value="Greek"/>
		<feat xlink:href="#sSpan779" value="Greek"/>
		<feat xlink:href="#sSpan782" value="Greek"/>
		<feat xlink:href="#sSpan817" value="Greek"/>
		<feat xlink:href="#sSpan827" value="Greek"/>
		<feat xlink:href="#sSpan840" value="Greek"/>
		<feat xlink:href="#sSpan865" value="Greek"/>
		<feat xlink:href="#sSpan880" value="Greek"/>
		<feat xlink:href="#sSpan893" value="Greek"/>
		<feat xlink:href="#sSpan899" value="Greek"/>
		<feat xlink:href="#sSpan915" value="Greek"/>
		<feat xlink:href="#sSpan940" value="Greek"/>
		<feat xlink:href="#sSpan1097" value="Greek"/>
		<feat xlink:href="#sSpan1224" value="Greek"/>
		<feat xlink:href="#sSpan1261" value="Greek"/>
		<feat xlink:href="#sSpan1370" value="Greek"/>
		<feat xlink:href="#sSpan1409" value="Greek"/>
		<feat xlink:href="#sSpan1437" value="Greek"/>
		<feat xlink:href="#sSpan1535" value="Greek"/>
		<feat xlink:href="#sSpan1585" value="Greek"/>
		<feat xlink:href="#sSpan1598" value="Greek"/>
		<feat xlink:href="#sSpan1628" value="Greek"/>
		<feat xlink:href="#sSpan1663" value="Greek"/>
		<feat xlink:href="#sSpan1735" value="Greek"/>
		<feat xlink:href="#sSpan1749" value="Greek"/>
		<feat xlink:href="#sSpan1795" value="Greek"/>
		<feat xlink:href="#sSpan1810" value="Greek"/>
		<feat xlink:href="#sSpan1840" value="Greek"/>
		<feat xlink:href="#sSpan1845" value="Greek"/>
		<feat xlink:href="#sSpan1904" value="Greek"/>
		<feat xlink:href="#sSpan1951" value="Greek"/>
		<feat xlink:href="#sSpan1966" value="Greek"/>
		<feat xlink:href="#sSpan1986" value="Greek"/>
		<feat xlink:href="#sSpan2042" value="Greek"/>
		<feat xlink:href="#sSpan2047" value="Greek"/>
		<feat xlink:href="#sSpan2052" value="Hebrew"/>
		<feat xlink:href="#sSpan2072" value="Greek"/>
		<feat xlink:href="#sSpan2090" value="Greek"/>
		<feat xlink:href="#sSpan2107" value="Hebrew"/>
		<feat xlink:href="#sSpan2121" value="Greek"/>
		<feat xlink:href="#sSpan2138" value="Greek"/>
		<feat xlink:href="#sSpan2174" value="Greek"/>
		<feat xlink:href="#sSpan2209" value="Greek"/>
		<feat xlink:href="#sSpan2232" value="Greek"/>
		<feat xlink:href="#sSpan2269" value="Greek"/>
		<feat xlink:href="#sSpan2280" value="Greek"/>
		<feat xlink:href="#sSpan2301" value="Greek"/>
		<feat xlink:href="#sSpan2383" value="Greek"/>
		<feat xlink:href="#sSpan2386" value="Greek"/>
		<feat xlink:href="#sSpan2553" value="Greek"/>
		<feat xlink:href="#sSpan2568" value="Greek"/>
		<feat xlink:href="#sSpan2597" value="Greek"/>
		<feat xlink:href="#sSpan2628" value="Greek"/>
		<feat xlink:href="#sSpan2696" value="Greek"/>
		<feat xlink:href="#sSpan2767" value="Greek"/>
		<feat xlink:href="#sSpan2778" value="Greek"/>
		<feat xlink:href="#sSpan2860" value="Greek"/>
		<feat xlink:href="#sSpan2924" value="Greek"/>
		<feat xlink:href="#sSpan2973" value="Greek"/>
		<feat xlink:href="#sSpan3001" value="Greek"/>
		<feat xlink:href="#sSpan3063" value="Greek"/>
		<feat xlink:href="#sSpan3080" value="Greek"/>
		<feat xlink:href="#sSpan3108" value="Greek"/>
		<feat xlink:href="#sSpan3140" value="Greek"/>
		<feat xlink:href="#sSpan3151" value="Greek"/>
		<feat xlink:href="#sSpan3271" value="Greek"/>
		<feat xlink:href="#sSpan3331" value="Hebrew"/>
		<feat xlink:href="#sSpan3382" value="Greek"/>
		<feat xlink:href="#sSpan3507" value="Greek"/>
		<feat xlink:href="#sSpan3534" value="Greek"/>
		<feat xlink:href="#sSpan3652" value="Greek"/>
		<feat xlink:href="#sSpan3686" value="Greek"/>
		<feat xlink:href="#sSpan3783" value="Greek"/>
		<feat xlink:href="#sSpan3839" value="Greek"/>
		<feat xlink:href="#sSpan3951" value="Greek"/>
		<feat xlink:href="#sSpan3954" value="Greek"/>
		<feat xlink:href="#sSpan4001" value="Greek"/>
		<feat xlink:href="#sSpan4060" value="Hebrew"/>
		<feat xlink:href="#sSpan4085" value="Greek"/>
		<feat xlink:href="#sSpan4111" value="Greek"/>
		<feat xlink:href="#sSpan4137" value="Greek"/>
		<feat xlink:href="#sSpan4153" value="Greek"/>
		<feat xlink:href="#sSpan4231" value="Greek"/>
		<feat xlink:href="#sSpan4288" value="Greek"/>
		<feat xlink:href="#sSpan4299" value="Greek"/>
		<feat xlink:href="#sSpan4337" value="Greek"/>
		<feat xlink:href="#sSpan4348" value="Greek"/>
		<feat xlink:href="#sSpan4416" value="Greek"/>
		<feat xlink:href="#sSpan4605" value="Greek"/>
		<feat xlink:href="#sSpan4620" value="Greek"/>
		<feat xlink:href="#sSpan4665" value="Greek"/>
		<feat xlink:href="#sSpan4706" value="Greek"/>
		<feat xlink:href="#sSpan4797" value="Greek"/>
		<feat xlink:href="#sSpan4847" value="Hebrew"/>
		<feat xlink:href="#sSpan4863" value="Greek"/>
		<feat xlink:href="#sSpan4932" value="Greek"/>
		<feat xlink:href="#sSpan5005" value="Greek"/>
		<feat xlink:href="#sSpan5097" value="Greek"/>
		<feat xlink:href="#sSpan5126" value="Hebrew"/>
		<feat xlink:href="#sSpan5135" value="Greek"/>
		<feat xlink:href="#sSpan5185" value="Greek"/>
		<feat xlink:href="#sSpan5196" value="Greek"/>
		<feat xlink:href="#sSpan5222" value="Hebrew"/>
		<feat xlink:href="#sSpan5279" value="Greek"/>
		<feat xlink:href="#sSpan5288" value="Latin"/>
		<feat xlink:href="#sSpan5294" value="Greek"/>
		<feat xlink:href="#sSpan5299" value="Greek"/>
		<feat xlink:href="#sSpan5308" value="Greek"/>
		<feat xlink:href="#sSpan5314" value="Latin"/>
		<feat xlink:href="#sSpan5320" value="Greek"/>
		<feat xlink:href="#sSpan5325" value="Greek"/>
		<feat xlink:href="#sSpan5331" value="Greek"/>
		<feat xlink:href="#sSpan5336" value="Latin"/>
		<feat xlink:href="#sSpan5342" value="Greek"/>
		<feat xlink:href="#sSpan5349" value="Greek"/>
		<feat xlink:href="#sSpan5354" value="Greek"/>
		<feat xlink:href="#sSpan5360" value="Greek"/>
		<feat xlink:href="#sSpan5365" value="Greek"/>
		<feat xlink:href="#sSpan5370" value="Greek"/>
		<feat xlink:href="#sSpan5376" value="Greek"/>
		<feat xlink:href="#sSpan5382" value="Greek"/>
		<feat xlink:href="#sSpan5389" value="Greek"/>
		<feat xlink:href="#sSpan5394" value="Greek"/>
		<feat xlink:href="#sSpan5400" value="Greek"/>
		<feat xlink:href="#sSpan5405" value="Greek"/>
		<feat xlink:href="#sSpan5411" value="Greek"/>
		<feat xlink:href="#sSpan5416" value="Greek"/>
		<feat xlink:href="#sSpan5422" value="Greek"/>
		<feat xlink:href="#sSpan5427" value="Greek"/>
		<feat xlink:href="#sSpan5509" value="Greek"/>
		<feat xlink:href="#sSpan5577" value="Greek"/>
		<feat xlink:href="#sSpan5617" value="Hebrew"/>
		<feat xlink:href="#sSpan5623" value="Hebrew"/>
		<feat xlink:href="#sSpan5632" value="Latin"/>
		<feat xlink:href="#sSpan5654" value="Greek"/>
		<feat xlink:href="#sSpan5658" value="Greek"/>
		<feat xlink:href="#sSpan5659" value="Hebrew"/>
		<feat xlink:href="#sSpan5674" value="Greek"/>
		<feat xlink:href="#sSpan5677" value="Hebrew"/>
		<feat xlink:href="#sSpan5686" value="Greek"/>
		<feat xlink:href="#sSpan5698" value="Greek"/>
		<feat xlink:href="#sSpan5708" value="Greek"/>
		<feat xlink:href="#sSpan5719" value="Greek"/>
		<feat xlink:href="#sSpan5722" value="Latin"/>
		<feat xlink:href="#sSpan5731" value="Greek"/>
		<feat xlink:href="#sSpan5819" value="Greek"/>
		<feat xlink:href="#sSpan5863" value="Greek"/>
		<feat xlink:href="#sSpan5935" value="Greek"/>
		<feat xlink:href="#sSpan5951" value="Hebrew"/>
		<feat xlink:href="#sSpan5964" value="Greek"/>
		<feat xlink:href="#sSpan6000" value="Greek"/>
		<feat xlink:href="#sSpan6116" value="Greek"/>
		<feat xlink:href="#sSpan6138" value="Greek"/>
		<feat xlink:href="#sSpan6172" value="Greek"/>
		<feat xlink:href="#sSpan6189" value="Greek"/>
		<feat xlink:href="#sSpan6204" value="Greek"/>
		<feat xlink:href="#sSpan6223" value="Greek"/>
		<feat xlink:href="#sSpan6227" value="Greek"/>
		<feat xlink:href="#sSpan6267" value="Greek"/>
		<feat xlink:href="#sSpan6272" value="Greek"/>
		<feat xlink:href="#sSpan6301" value="Greek"/>
		<feat xlink:href="#sSpan6304" value="Greek"/>
		<feat xlink:href="#sSpan6332" value="Greek"/>
		<feat xlink:href="#sSpan6399" value="Greek"/>
		<feat xlink:href="#sSpan6417" value="Hebrew"/></featList></paula>