<?xml version='1.0' encoding='UTF-8'?><!DOCTYPE paula SYSTEM "paula_feat.dtd">
<paula version="1.1">
	<header paula_id="scriptorium.life.onnophrius.04.mark_new_sent"/>
	<featList xmlns:xlink="http://www.w3.org/1999/xlink" type="new_sent" xml:base="scriptorium.life.onnophrius.04.mark.xml">
		<feat xlink:href="#sSpan1" value="true"/>
		<feat xlink:href="#sSpan24" value="true"/>
		<feat xlink:href="#sSpan44" value="true"/>
		<feat xlink:href="#sSpan67" value="true"/>
		<feat xlink:href="#sSpan88" value="true"/>
		<feat xlink:href="#sSpan194" value="true"/>
		<feat xlink:href="#sSpan273" value="true"/>
		<feat xlink:href="#sSpan334" value="true"/>
		<feat xlink:href="#sSpan395" value="true"/>
		<feat xlink:href="#sSpan464" value="true"/>
		<feat xlink:href="#sSpan553" value="true"/>
		<feat xlink:href="#sSpan601" value="true"/>
		<feat xlink:href="#sSpan698" value="true"/>
		<feat xlink:href="#sSpan769" value="true"/>
		<feat xlink:href="#sSpan841" value="true"/>
		<feat xlink:href="#sSpan931" value="true"/>
		<feat xlink:href="#sSpan1040" value="true"/>
		<feat xlink:href="#sSpan1059" value="true"/>
		<feat xlink:href="#sSpan1154" value="true"/>
		<feat xlink:href="#sSpan1212" value="true"/>
		<feat xlink:href="#sSpan1284" value="true"/>
		<feat xlink:href="#sSpan1334" value="true"/>
		<feat xlink:href="#sSpan1359" value="true"/>
		<feat xlink:href="#sSpan1462" value="true"/>
		<feat xlink:href="#sSpan1524" value="true"/>
		<feat xlink:href="#sSpan1592" value="true"/>
		<feat xlink:href="#sSpan1650" value="true"/>
		<feat xlink:href="#sSpan1802" value="true"/>
		<feat xlink:href="#sSpan1958" value="true"/>
		<feat xlink:href="#sSpan1997" value="true"/>
		<feat xlink:href="#sSpan2128" value="true"/>
		<feat xlink:href="#sSpan2166" value="true"/>
		<feat xlink:href="#sSpan2259" value="true"/>
		<feat xlink:href="#sSpan2377" value="true"/>
		<feat xlink:href="#sSpan2455" value="true"/>
		<feat xlink:href="#sSpan2529" value="true"/>
		<feat xlink:href="#sSpan2560" value="true"/>
		<feat xlink:href="#sSpan2622" value="true"/>
		<feat xlink:href="#sSpan2685" value="true"/>
		<feat xlink:href="#sSpan2707" value="true"/>
		<feat xlink:href="#sSpan2757" value="true"/>
		<feat xlink:href="#sSpan2788" value="true"/>
		<feat xlink:href="#sSpan2844" value="true"/>
		<feat xlink:href="#sSpan2892" value="true"/>
		<feat xlink:href="#sSpan2961" value="true"/>
		<feat xlink:href="#sSpan3055" value="true"/>
		<feat xlink:href="#sSpan3115" value="true"/>
		<feat xlink:href="#sSpan3143" value="true"/>
		<feat xlink:href="#sSpan3265" value="true"/>
		<feat xlink:href="#sSpan3349" value="true"/>
		<feat xlink:href="#sSpan3385" value="true"/>
		<feat xlink:href="#sSpan3526" value="true"/>
		<feat xlink:href="#sSpan3567" value="true"/>
		<feat xlink:href="#sSpan3712" value="true"/>
		<feat xlink:href="#sSpan3773" value="true"/>
		<feat xlink:href="#sSpan3798" value="true"/>
		<feat xlink:href="#sSpan3829" value="true"/>
		<feat xlink:href="#sSpan3860" value="true"/>
		<feat xlink:href="#sSpan3879" value="true"/>
		<feat xlink:href="#sSpan3942" value="true"/>
		<feat xlink:href="#sSpan3995" value="true"/>
		<feat xlink:href="#sSpan4047" value="true"/>
		<feat xlink:href="#sSpan4070" value="true"/>
		<feat xlink:href="#sSpan4095" value="true"/>
		<feat xlink:href="#sSpan4121" value="true"/>
		<feat xlink:href="#sSpan4147" value="true"/>
		<feat xlink:href="#sSpan4225" value="true"/>
		<feat xlink:href="#sSpan4277" value="true"/>
		<feat xlink:href="#sSpan4315" value="true"/>
		<feat xlink:href="#sSpan4349" value="true"/>
		<feat xlink:href="#sSpan4406" value="true"/>
		<feat xlink:href="#sSpan4470" value="true"/>
		<feat xlink:href="#sSpan4549" value="true"/>
		<feat xlink:href="#sSpan4599" value="true"/>
		<feat xlink:href="#sSpan4651" value="true"/>
		<feat xlink:href="#sSpan4786" value="true"/>
		<feat xlink:href="#sSpan4855" value="true"/>
		<feat xlink:href="#sSpan4890" value="true"/>
		<feat xlink:href="#sSpan4913" value="true"/>
		<feat xlink:href="#sSpan4968" value="true"/>
		<feat xlink:href="#sSpan5040" value="true"/>
		<feat xlink:href="#sSpan5223" value="true"/>
		<feat xlink:href="#sSpan5280" value="true"/>
		<feat xlink:href="#sSpan5383" value="true"/>
		<feat xlink:href="#sSpan5477" value="true"/>
		<feat xlink:href="#sSpan5569" value="true"/>
		<feat xlink:href="#sSpan5766" value="true"/>
		<feat xlink:href="#sSpan5799" value="true"/>
		<feat xlink:href="#sSpan6072" value="true"/>
		<feat xlink:href="#sSpan6146" value="true"/>
		<feat xlink:href="#sSpan6196" value="true"/>
		<feat xlink:href="#sSpan6376" value="true"/></featList></paula>