<?xml version='1.0' encoding='UTF-8'?><!DOCTYPE paula SYSTEM "paula_feat.dtd">
<paula version="1.1">
	<header paula_id="scriptorium.life.onnophrius.04.mark_text"/>
	<featList xmlns:xlink="http://www.w3.org/1999/xlink" type="text" xml:base="scriptorium.life.onnophrius.04.mark.xml">
		<feat xlink:href="#sSpan104" value="ⲟⲩ ⲛⲟϭ ⲛ ⲥϭⲣⲁϩⲧ"/>
		<feat xlink:href="#sSpan140" value="ⲛ ⲉⲛⲧ ⲁ ⲩ ⲡⲱⲛⲉ ⲉ ⲡ ⲕⲉ ⲁⲓⲱⲛ ϩⲙ ⲡⲉⲩ ⲣⲁϣⲉ ⲙⲛ ⲡⲉⲩ ⲥⲟⲗⲥⲗ ⲉϩⲟⲩⲛ ⲉⲣⲟ ⲓ"/>
		<feat xlink:href="#sSpan155" value="ⲡ ⲕⲉ ⲁⲓⲱⲛ"/>
		<feat xlink:href="#sSpan168" value="ⲡⲉⲩ ⲣⲁϣⲉ"/>
		<feat xlink:href="#sSpan177" value="ⲡⲉⲩ ⲥⲟⲗⲥⲗ"/>
		<feat xlink:href="#sSpan224" value="ⲛ ⲕⲁⲣⲡⲟⲥ ϩⲛ ⲛ ϣⲏⲛ"/>
		<feat xlink:href="#sSpan234" value="ⲛ ϣⲏⲛ"/>
		<feat xlink:href="#sSpan266" value="ⲧⲁ ⲧⲁⲡⲣⲟ"/>
		<feat xlink:href="#sSpan290" value="ⲡⲁ ϩⲏⲧ"/>
		<feat xlink:href="#sSpan309" value="ⲧ ϩⲉ ⲉⲧ ⲟⲩ ϩⲗⲟⲗⲉ ⲉϩⲟⲩⲛ ⲉⲣⲟ ⲓ"/>
		<feat xlink:href="#sSpan346" value="ⲥⲁϣϥ ⲅⲁⲣ ⲛ ϩⲟⲟⲩ"/>
		<feat xlink:href="#sSpan371" value="ⲟⲩⲱⲙ ϩⲛ ⲛ ⲕⲁⲣⲡⲟⲥ ⲛ ⲛ ϣⲏⲛ"/>
		<feat xlink:href="#sSpan378" value="ⲛ ⲕⲁⲣⲡⲟⲥ ⲛ ⲛ ϣⲏⲛ"/>
		<feat xlink:href="#sSpan388" value="ⲛ ϣⲏⲛ"/>
		<feat xlink:href="#sSpan435" value="ⲡⲉⲓ ⲙⲁ"/>
		<feat xlink:href="#sSpan455" value="ϩⲉⲛ ⲣⲙⲧⲱⲛ"/>
		<feat xlink:href="#sSpan489" value="ⲡⲉⲛ ⲥⲟⲛ"/>
		<feat xlink:href="#sSpan503" value="ⲡ ⲛⲟⲩⲧⲉ"/>
		<feat xlink:href="#sSpan539" value="ⲡⲉⲛ ⲃⲓⲟⲥ ⲧⲏⲣ ϥ"/>
		<feat xlink:href="#sSpan572" value="ⲛ ⲣⲙ ⲟⲩ ⲡⲟⲗⲓⲥ ⲛⲧⲉ ⲕⲏⲙⲉ ϫⲉ ⲡⲙϫⲉ"/>
		<feat xlink:href="#sSpan579" value="ⲟⲩ ⲡⲟⲗⲓⲥ ⲛⲧⲉ ⲕⲏⲙⲉ ϫⲉ ⲡⲙϫⲉ"/>
		<feat xlink:href="#sSpan590" value="ⲕⲏⲙⲉ"/>
		<feat xlink:href="#sSpan603" value="ⲛⲉⲛ ⲉⲓⲟⲧⲉ"/>
		<feat xlink:href="#sSpan621" value="ϩⲉⲛ ⲃⲟⲩⲗⲉⲩⲧⲏⲥ ⲛⲉ ⲛⲧⲉ ⲧ ⲡⲟⲗⲓⲥ"/>
		<feat xlink:href="#sSpan636" value="ⲧ ⲡⲟⲗⲓⲥ"/>
		<feat xlink:href="#sSpan670" value="ⲧ ⲁⲛⲍⲏⲃⲉ"/>
		<feat xlink:href="#sSpan718" value="ϩⲉⲛ ϯ ⲁⲛⲍⲏⲃⲉ ⲛ ⲟⲩⲱⲧ ⲙⲛ ⲛⲉⲛ ⲉⲣⲏⲩ"/>
		<feat xlink:href="#sSpan756" value="ⲟⲩ ϩⲏⲧ ⲛ ⲟⲩⲱⲧ"/>
		<feat xlink:href="#sSpan793" value="ⲧ ⲁⲛⲍⲏⲃⲉ"/>
		<feat xlink:href="#sSpan816" value="ⲡ ⲍⲏⲙⲓⲟⲛ"/>
		<feat xlink:href="#sSpan853" value="ⲟⲩ ⲱⲣϫ ⲛⲓⲙ"/>
		<feat xlink:href="#sSpan868" value="ⲥⲟⲫⲓⲁ ⲛⲓⲙ ⲛⲧⲉ ⲡⲉⲓ ⲕⲟⲥⲙⲟⲥ"/>
		<feat xlink:href="#sSpan879" value="ⲡⲉⲓ ⲕⲟⲥⲙⲟⲥ"/>
		<feat xlink:href="#sSpan914" value="ⲧ ⲥⲟⲫⲓⲁ ⲙ ⲡ ⲛⲟⲩⲧⲉ"/>
		<feat xlink:href="#sSpan924" value="ⲡ ⲛⲟⲩⲧⲉ"/>
		<feat xlink:href="#sSpan933" value="ⲟⲩ ϩⲟⲟⲩ"/>
		<feat xlink:href="#sSpan957" value="ⲟⲩ ϩⲟⲟⲩ"/>
		<feat xlink:href="#sSpan984" value="ⲛⲉⲓ ϣⲁϫⲉ"/>
		<feat xlink:href="#sSpan998" value="ⲡ ⲙⲉⲉⲩⲉ ⲉⲧ ⲛⲁⲛⲟⲩ ϥ"/>
		<feat xlink:href="#sSpan1021" value="ⲡⲉⲛ ⲣⲱⲙⲉ · ⲉⲧ ϩⲓϩⲟⲩⲛ"/>
		<feat xlink:href="#sSpan1056" value="ⲡ ϥⲧⲟⲟⲩ"/>
		<feat xlink:href="#sSpan1082" value="ⲡ ⲧⲟⲟⲩ"/>
		<feat xlink:href="#sSpan1133" value="ⲡ ϫⲟⲉⲓⲥ"/>
		<feat xlink:href="#sSpan1177" value="ϩⲉⲛ ⲕⲟⲩⲓ ⲛ ⲟⲉⲓⲕ"/>
		<feat xlink:href="#sSpan1200" value="ⲥⲁϣϥ ⲛ ϩⲟⲟⲩ"/>
		<feat xlink:href="#sSpan1239" value="ⲡ ⲧⲟⲟⲩ"/>
		<feat xlink:href="#sSpan1260" value="ⲩ ⲉⲕⲥⲧⲁⲥⲓⲥ"/>
		<feat xlink:href="#sSpan1292" value="ⲩ ⲣⲱⲙⲉ ⲉ ϥ ⲟ ⲛ ⲟⲩⲟⲉⲓⲛ ⲧⲏⲣ ϥ"/>
		<feat xlink:href="#sSpan1309" value="ⲟⲩⲟⲉⲓⲛ ⲧⲏⲣ ϥ"/>
		<feat xlink:href="#sSpan1327" value="ⲧⲉⲛ ϭⲓϫ"/>
		<feat xlink:href="#sSpan1352" value="ⲡⲉⲓ ⲙⲁ"/>
		<feat xlink:href="#sSpan1381" value="ⲡⲉⲓ ⲙⲁ"/>
		<feat xlink:href="#sSpan1402" value="ⲟⲩ ⲣⲱⲙⲉ ⲛ ϩⲁⲅⲓⲟⲥ ⲛⲧⲉ ⲡ ⲛⲟⲩⲧⲉ"/>
		<feat xlink:href="#sSpan1419" value="ⲡ ⲛⲟⲩⲧⲉ"/>
		<feat xlink:href="#sSpan1436" value="ⲡ ⲁⲅⲅⲉⲗⲟⲥ ⲙ ⲡ ϫⲟⲉⲓⲥ"/>
		<feat xlink:href="#sSpan1446" value="ⲡ ϫⲟⲉⲓⲥ"/>
		<feat xlink:href="#sSpan1501" value="ⲡ ⲛⲟⲩⲧⲉ"/>
		<feat xlink:href="#sSpan1511" value="ⲟⲩ ⲣⲟⲙⲡⲉ ⲛ ϩⲟⲟⲩ"/>
		<feat xlink:href="#sSpan1532" value="ⲡ ϫⲱⲕ"/>
		<feat xlink:href="#sSpan1546" value="ⲧ ⲣⲟⲙⲡⲉ"/>
		<feat xlink:href="#sSpan1571" value="ⲡ ϩⲗⲗⲟ ⲉⲧ ⲟⲩⲁⲁⲃ ⲙ ⲙⲁⲕⲁⲣⲓⲟⲥ"/>
		<feat xlink:href="#sSpan1613" value="ⲡ ⲉⲧ ϣⲟⲟⲡ ⲙ ⲡⲉⲓ ⲙⲁ"/>
		<feat xlink:href="#sSpan1624" value="ⲡⲉⲓ ⲙⲁ"/>
		<feat xlink:href="#sSpan1637" value="ⲡⲉⲛ ϫⲟⲉⲓⲥ ⲛ ⲥⲟⲛ"/>
		<feat xlink:href="#sSpan1679" value="ⲡ ϫⲟⲉⲓⲥ"/>
		<feat xlink:href="#sSpan1694" value="ⲥⲉ ⲛ ⲣⲟⲙⲡⲉ"/>
		<feat xlink:href="#sSpan1721" value="ϯⲡⲉ ⲛ ⲟⲉⲓⲕ"/>
		<feat xlink:href="#sSpan1730" value="ⲟⲉⲓⲕ"/>
		<feat xlink:href="#sSpan1744" value="ⲗⲁⲁⲩ ⲛ ⲧⲣⲟⲫⲏ · ⲛⲥⲁ ⲛⲉⲓ · ϣⲏⲛ ⲙⲙⲁⲧⲉ"/>
		<feat xlink:href="#sSpan1762" value="ⲛⲉⲓ · ϣⲏⲛ"/>
		<feat xlink:href="#sSpan1794" value="ⲛⲉⲩ ⲕⲁⲣⲡⲟⲥ"/>
		<feat xlink:href="#sSpan1848" value="ϩⲃⲇⲱⲙⲁⲥ"/>
		<feat xlink:href="#sSpan1856" value="ⲡⲉⲓ ⲙⲁ"/>
		<feat xlink:href="#sSpan1887" value="ⲧⲉ ⲩϣⲏ ⲧⲏⲣ ⲥ ⲛ ⲧ ⲕⲩⲣⲓⲁⲕⲏ"/>
		<feat xlink:href="#sSpan1903" value="ⲧ ⲕⲩⲣⲓⲁⲕⲏ"/>
		<feat xlink:href="#sSpan1931" value="ⲡ ⲟⲩⲁ ⲡ ⲟⲩⲁ"/>
		<feat xlink:href="#sSpan2025" value="ⲡⲉⲓ ⲙⲁ"/>
		<feat xlink:href="#sSpan2035" value="ⲡⲉⲓ ϩⲱⲃ"/>
		<feat xlink:href="#sSpan2055" value="ⲥⲁⲃⲃⲁⲧⲟⲛ"/>
		<feat xlink:href="#sSpan2071" value="ⲟⲩ ⲁⲅⲅⲉⲗⲟⲥ ⲛⲧⲉ ⲡ ⲛⲟⲩⲧⲉ"/>
		<feat xlink:href="#sSpan2081" value="ⲡ ⲛⲟⲩⲧⲉ"/>
		<feat xlink:href="#sSpan2106" value="ⲡ ⲥⲁⲃⲃⲁⲧⲟⲛ"/>
		<feat xlink:href="#sSpan2120" value="ⲧ ⲕⲩⲣⲓⲁⲕⲏ"/>
		<feat xlink:href="#sSpan2185" value="ⲡ ⲙⲉϩⲥⲁϣϥ ⲛ ϩⲟⲟⲩ"/>
		<feat xlink:href="#sSpan2208" value="ⲟⲩ ⲁⲅⲅⲉⲗⲟⲥ ⲛⲧⲉ ⲡ ϫⲟⲉⲓⲥ"/>
		<feat xlink:href="#sSpan2219" value="ⲡ ϫⲟⲉⲓⲥ"/>
		<feat xlink:href="#sSpan2264" value="ⲡ ⲣⲱⲙⲉ ⲇⲉ ⲉⲧ ⲛⲁ ⲥⲩⲛⲁⲅⲉ ⲉⲃⲟⲗ ϩⲓⲧⲟⲟⲧ ϥ ⲙ ⲡ ⲁⲅⲅⲉⲗⲟⲥ ⲉⲧ ⲙⲙⲁⲩ"/>
		<feat xlink:href="#sSpan2300" value="ⲡ ⲁⲅⲅⲉⲗⲟⲥ ⲉⲧ ⲙⲙⲁⲩ"/>
		<feat xlink:href="#sSpan2331" value="ⲛⲟⲃⲉ ⲛⲓⲙ"/>
		<feat xlink:href="#sSpan2351" value="ⲗⲁⲁⲩ ⲛ ⲁⲛϯⲅⲏⲙⲉⲛⲟⲥ"/>
		<feat xlink:href="#sSpan2393" value="ⲛ ϣⲁϫⲉ"/>
		<feat xlink:href="#sSpan2474" value="ⲡⲉ ⲥϯⲛⲟⲩϥⲉ"/>
		<feat xlink:href="#sSpan2522" value="ⲡ ⲛⲟⲩⲧⲉ"/>
		<feat xlink:href="#sSpan2552" value="ⲟⲩ ⲁⲅⲅⲉⲗⲟⲥ"/>
		<feat xlink:href="#sSpan2596" value="ⲡ ⲥⲱⲙⲁ ⲙⲛ ⲡⲉ ⲥⲛⲟϥ ⲙ ⲡ ϫⲟⲉⲓⲥ"/>
		<feat xlink:href="#sSpan2606" value="ⲡⲉ ⲥⲛⲟϥ ⲙ ⲡ ϫⲟⲉⲓⲥ"/>
		<feat xlink:href="#sSpan2615" value="ⲡ ϫⲟⲉⲓⲥ"/>
		<feat xlink:href="#sSpan2651" value="ⲛ ⲉⲧ ϩⲓⲛⲏⲃ"/>
		<feat xlink:href="#sSpan2662" value="ⲧ ϩⲟⲧⲉ ⲛⲧ ⲁ ⲓ ⲛⲁⲩ ⲉⲣⲟ ⲥ"/>
		<feat xlink:href="#sSpan2728" value="ⲡⲏⲩⲉ"/>
		<feat xlink:href="#sSpan2750" value="ⲛⲉⲛ ⲃⲁⲗ"/>
		<feat xlink:href="#sSpan2831" value="ⲟⲩ ⲣⲱⲙⲉ ⲛ ϫⲱⲱⲣⲉ"/>
		<feat xlink:href="#sSpan2877" value="ⲛ ⲉⲧ ϩⲁ ⲡ ⲏⲣⲡ"/>
		<feat xlink:href="#sSpan2885" value="ⲡ ⲏⲣⲡ"/>
		<feat xlink:href="#sSpan2908" value="ⲧⲉ ⲩϣⲏ ⲧⲏⲣ ⲥ ⲛ ⲧ ⲕⲩⲣⲓⲁⲕⲏ"/>
		<feat xlink:href="#sSpan2923" value="ⲧ ⲕⲩⲣⲓⲁⲕⲏ"/>
		<feat xlink:href="#sSpan2947" value="ⲛ ϣⲗⲏⲗ ϣⲁ ϩⲧⲟⲟⲩⲉ"/>
		<feat xlink:href="#sSpan2956" value="ϩⲧⲟⲟⲩⲉ"/>
		<feat xlink:href="#sSpan2969" value="ⲡ ⲟⲩⲟⲉⲓⲛ"/>
		<feat xlink:href="#sSpan2993" value="ϣⲱⲣⲡ ⲛ ⲧ ⲕⲩⲣⲓⲁⲕⲏ"/>
		<feat xlink:href="#sSpan3000" value="ⲧ ⲕⲩⲣⲓⲁⲕⲏ"/>
		<feat xlink:href="#sSpan3027" value="ⲡⲉ ⲥϯⲛⲟⲩϥⲉ ⲉⲧ ⲛⲟⲧⲙ"/>
		<feat xlink:href="#sSpan3098" value="ⲛ ⲉⲧ ϩⲙ ⲡ ⲕⲉ ⲁⲓⲱⲛ"/>
		<feat xlink:href="#sSpan3105" value="ⲡ ⲕⲉ ⲁⲓⲱⲛ"/>
		<feat xlink:href="#sSpan3139" value="ⲡ ⲁⲅⲅⲉⲗⲟⲥ"/>
		<feat xlink:href="#sSpan3179" value="ⲡ ⲟⲩⲁ ⲡ ⲟⲩⲁ ⲙⲙⲟ ⲛ"/>
		<feat xlink:href="#sSpan3229" value="ⲟⲩ ⲱⲛϩ ϣⲁ ⲉⲛⲉϩ"/>
		<feat xlink:href="#sSpan3238" value="ⲉⲛⲉϩ"/>
		<feat xlink:href="#sSpan3249" value="ⲟⲩ ⲡⲣⲟⲫⲏϯⲁ ⲛ ⲁⲧⲧⲁⲕⲟ"/>
		<feat xlink:href="#sSpan3306" value="ⲟⲩ ⲧⲁⲡⲣⲟ ⲛ ⲟⲩⲱⲧ"/>
		<feat xlink:href="#sSpan3380" value="ⲡ ⲁⲅⲅⲉⲗⲟⲥ"/>
		<feat xlink:href="#sSpan3425" value="ⲕⲏⲙⲉ"/>
		<feat xlink:href="#sSpan3444" value="ⲛ ⲉⲛⲧ ⲁ ⲕ ⲛⲁⲩ ⲉⲣⲟ ⲟⲩ"/>
		<feat xlink:href="#sSpan3465" value="ⲛⲉ ⲥⲛⲏⲩ · ⲙ ⲙⲁⲓⲛⲟⲩⲧⲉ"/>
		<feat xlink:href="#sSpan3480" value="ⲙⲁⲓⲛⲟⲩⲧⲉ"/>
		<feat xlink:href="#sSpan3506" value="ⲙ ⲡⲟⲗⲓⲧⲉⲓⲁ ⲛ ⲛ ⲉⲧ ⲟⲩⲁⲁⲃ"/>
		<feat xlink:href="#sSpan3517" value="ⲛ ⲉⲧ ⲟⲩⲁⲁⲃ"/>
		<feat xlink:href="#sSpan3591" value="ⲡ ϫⲟⲉⲓⲥ"/>
		<feat xlink:href="#sSpan3601" value="ⲡ ϩⲱⲃ"/>
		<feat xlink:href="#sSpan3647" value="ϩⲏⲧ"/>
		<feat xlink:href="#sSpan3664" value="ⲡ ⲛⲟⲩⲧⲉ"/>
		<feat xlink:href="#sSpan3677" value="ⲡ ⲟⲩⲁ ⲡ ⲟⲩⲁ"/>
		<feat xlink:href="#sSpan3742" value="ⲧⲁⲓ"/>
		<feat xlink:href="#sSpan3751" value="ⲧ ϩⲉ ⲛⲧ ⲁ ϥ ⲧⲟϣ ⲥ ⲛⲁ ⲕ"/>
		<feat xlink:href="#sSpan3814" value="ⲡⲏⲩⲉ"/>
		<feat xlink:href="#sSpan3821" value="ⲟⲩ ⲉⲟⲟⲩ"/>
		<feat xlink:href="#sSpan3850" value="ⲟⲩ ⲙⲏⲏϣⲉ ⲛ ϩⲩⲡⲱⲣⲁ"/>
		<feat xlink:href="#sSpan3929" value="ⲛⲁ ⲥⲟⲟⲩ ⲙ ⲙⲏⲗⲓⲟⲛ"/>
		<feat xlink:href="#sSpan3987" value="ⲛⲉⲧⲛ ⲣⲁⲛ"/>
		<feat xlink:href="#sSpan4026" value="ⲛⲉⲩ ⲣⲁⲛ"/>
		<feat xlink:href="#sSpan4033" value="ⲡ ⲟⲩⲁ ⲡ ⲟⲩⲁ"/>
		<feat xlink:href="#sSpan4049" value="ⲡ ϣⲱⲣⲡ"/>
		<feat xlink:href="#sSpan4063" value="ⲓⲱϩⲁⲛⲛⲏⲥ"/>
		<feat xlink:href="#sSpan4072" value="ⲡ ⲙⲉϩⲥⲛⲁⲩ"/>
		<feat xlink:href="#sSpan4088" value="ⲁⲛⲇⲣⲉⲁⲥ"/>
		<feat xlink:href="#sSpan4097" value="ⲡ ⲙⲉϩϣⲟⲙⲛⲧ"/>
		<feat xlink:href="#sSpan4114" value="ϩⲏⲣⲁⲕⲗⲁⲙⲱⲛ"/>
		<feat xlink:href="#sSpan4123" value="ⲡ ⲙⲉϩϥⲧⲟⲟⲩ"/>
		<feat xlink:href="#sSpan4140" value="ⲑⲉⲟⲫⲓⲗⲟⲥ"/>
		<feat xlink:href="#sSpan4187" value="ⲡⲉⲩ ⲣⲁⲛ"/>
		<feat xlink:href="#sSpan4200" value="ⲛⲉ ⲥⲛⲏⲩ"/>
		<feat xlink:href="#sSpan4209" value="ⲩ ⲣⲡⲙⲉⲉⲩⲉ"/>
		<feat xlink:href="#sSpan4361" value="ⲡⲉ ⲥⲙⲟⲩ ⲛⲧ ⲁ ⲛ ⲉⲧ ⲟⲩⲁⲁⲃ ⲧⲁⲁ ⲩ ⲛⲁ ⲓ"/>
		<feat xlink:href="#sSpan4372" value="ⲛ ⲉⲧ ⲟⲩⲁⲁⲃ"/>
		<feat xlink:href="#sSpan4432" value="ⲕⲏⲙⲉ"/>
		<feat xlink:href="#sSpan4439" value="ⲟⲩ ϩⲓⲏ · ⲛ ϣⲟⲙⲛⲧ ⲛ ϩⲟⲟⲩ ⲙ ⲙⲟⲟϣⲉ"/>
		<feat xlink:href="#sSpan4452" value="ϣⲟⲙⲛⲧ ⲛ ϩⲟⲟⲩ ⲙ ⲙⲟⲟϣⲉ"/>
		<feat xlink:href="#sSpan4465" value="ⲙⲟⲟϣⲉ"/>
		<feat xlink:href="#sSpan4495" value="ⲛⲉ ⲥⲛⲏⲩ ⲙ ⲙⲁⲓⲛⲟⲩⲧⲉ"/>
		<feat xlink:href="#sSpan4538" value="ⲙⲏⲧ ⲛ ϩⲟⲟⲩ"/>
		<feat xlink:href="#sSpan4576" value="ⲧ ϩⲉ ⲛⲧ ⲁ ⲥ ϣⲱⲡⲉ ⲙⲙⲟ ⲓ"/>
		<feat xlink:href="#sSpan4638" value="ⲟⲩ ⲛⲟϭ ⲛ ϩⲙⲟⲧ"/>
		<feat xlink:href="#sSpan4659" value="ϩⲉⲛ ⲙⲁⲓⲛⲟⲩⲧⲉ"/>
		<feat xlink:href="#sSpan4678" value="ⲛⲉ ⲥⲛⲏⲩ · ⲉⲧ ⲙⲙⲁⲩ"/>
		<feat xlink:href="#sSpan4705" value="ϩⲉⲛ ⲁⲅⲱⲛⲓⲥⲧⲏⲥ"/>
		<feat xlink:href="#sSpan4722" value="ⲛ ⲣⲉϥϣⲙϣⲉ ⲙ ⲡ ⲛⲟⲩⲧⲉ ϩⲙ ⲡⲉⲩ ϩⲏⲧ ⲧⲏⲣ ϥ"/>
		<feat xlink:href="#sSpan4733" value="ⲡ ⲛⲟⲩⲧⲉ"/>
		<feat xlink:href="#sSpan4742" value="ⲡⲉⲩ ϩⲏⲧ ⲧⲏⲣ ϥ"/>
		<feat xlink:href="#sSpan4764" value="ⲡⲉⲩ ⲙⲁ ⲛ ϣⲱⲡⲉ"/>
		<feat xlink:href="#sSpan4779" value="ϣⲓⲏⲧ"/>
		<feat xlink:href="#sSpan4816" value="ⲛⲉⲓ ϣⲁϫⲉ ⲛⲧ ⲁ ⲩ ⲥⲟⲧⲙ ⲟⲩ ⲉⲃⲟⲗ ϩⲓⲧⲟⲟⲧ ϥ ⲛ ⲁⲡⲁ ⲡⲁⲡⲛⲟⲩⲧⲉ"/>
		<feat xlink:href="#sSpan4850" value="ⲁⲡⲁ ⲡⲁⲡⲛⲟⲩⲧⲉ"/>
		<feat xlink:href="#sSpan4882" value="ⲩ ϫⲱⲱⲙⲉ"/>
		<feat xlink:href="#sSpan4908" value="ϣⲓⲏⲧ"/>
		<feat xlink:href="#sSpan4931" value="ⲧ ⲉⲕⲕⲗⲏⲥⲓⲁ"/>
		<feat xlink:href="#sSpan4942" value="ⲩ ϩⲏⲩ · ⲛ ⲛ ⲉⲧ ⲛⲁ ⲥⲱⲧⲙ ⲉⲣⲟ ϥ"/>
		<feat xlink:href="#sSpan4955" value="ⲛ ⲉⲧ ⲛⲁ ⲥⲱⲧⲙ ⲉⲣⲟ ϥ"/>
		<feat xlink:href="#sSpan5008" value="ⲙⲉⲗⲉⲧⲏⲥⲓⲥ ⲛⲁ ⲩ"/>
		<feat xlink:href="#sSpan5021" value="ⲧⲁⲡⲣⲟ ⲛ ⲟⲩⲟⲛ ⲛⲓⲙ"/>
		<feat xlink:href="#sSpan5030" value="ⲟⲩⲟⲛ ⲛⲓⲙ"/>
		<feat xlink:href="#sSpan5058" value="ⲡ ⲛⲟⲩⲧⲉ"/>
		<feat xlink:href="#sSpan5080" value="ⲛⲉϥ ⲡⲉⲧⲟⲩⲁⲁⲃ"/>
		<feat xlink:href="#sSpan5096" value="ⲧⲉ ⲭⲁⲣⲓⲥ · ⲙⲛ ⲧ ⲙⲛⲧⲙⲁⲓⲣⲱⲙⲉ ⲙ ⲡⲉⲛ ϫⲟⲉⲓⲥ ⲓⲏⲥⲟⲩⲥ ⲡⲉ ⲭⲣⲓⲥⲧⲟⲥ"/>
		<feat xlink:href="#sSpan5110" value="ⲧ ⲙⲛⲧⲙⲁⲓⲣⲱⲙⲉ ⲙ ⲡⲉⲛ ϫⲟⲉⲓⲥ ⲓⲏⲥⲟⲩⲥ ⲡⲉ ⲭⲣⲓⲥⲧⲟⲥ"/>
		<feat xlink:href="#sSpan5123" value="ⲡⲉⲛ ϫⲟⲉⲓⲥ ⲓⲏⲥⲟⲩⲥ ⲡⲉ ⲭⲣⲓⲥⲧⲟⲥ"/>
		<feat xlink:href="#sSpan5146" value="ⲡⲁⲓ ⲉⲃⲟⲗ ϩⲓⲧⲟⲟⲧ ϥ ⲡ ⲉⲟⲟⲩ ⲛⲁ ϥ"/>
		<feat xlink:href="#sSpan5163" value="ⲡ ⲉⲟⲟⲩ ⲛⲁ ϥ"/>
		<feat xlink:href="#sSpan5178" value="ⲡⲉϥ ⲉⲓⲱⲧ ⲛ ⲁⲅⲁⲑⲟⲥ"/>
		<feat xlink:href="#sSpan5194" value="ⲡⲉ ⲡⲛⲉⲩⲙⲁ ⲉⲧ ⲟⲩⲁⲁⲃ"/>
		<feat xlink:href="#sSpan5211" value="ⲉⲛⲉϩ ⲛ ⲉⲛⲉϩ"/>
		<feat xlink:href="#sSpan5293" value="ⲃⲓⲕⲧⲟⲣ ⲉⲗⲁⲭⲓⲥⲧⲟⲥ ⲇⲓⲁⲕⲟⲛⲟⲥ ⲩⲩ ⲙⲁⲕⲁⲣⲓⲟⲥ ⲙⲉⲣⲕⲟⲩⲣⲓⲟⲥ ⲇⲓⲁⲕⲟⲛⲟⲥ ⲧⲟⲩ ⲁⲅⲓⲟⲩ ⲙⲉⲣⲕⲩⲣⲓⲟⲩ ⲙⲉⲅⲁⲥⲧⲣⲁⲧⲏⲗⲁⲧⲁ ⲁⲡⲟ ⲧⲏⲥ ⲡⲟⲗⲉⲟⲥ ⲗⲁⲧⲱⲛ"/>
		<feat xlink:href="#sSpan5313" value="ⲙⲁⲕⲁⲣⲓⲟⲥ ⲙⲉⲣⲕⲟⲩⲣⲓⲟⲥ ⲇⲓⲁⲕⲟⲛⲟⲥ ⲧⲟⲩ ⲁⲅⲓⲟⲩ ⲙⲉⲣⲕⲩⲣⲓⲟⲩ"/>
		<feat xlink:href="#sSpan5330" value="ⲧⲟⲩ ⲁⲅⲓⲟⲩ ⲙⲉⲣⲕⲩⲣⲓⲟⲩ"/>
		<feat xlink:href="#sSpan5359" value="ⲧⲏⲥ ⲡⲟⲗⲉⲟⲥ ⲗⲁⲧⲱⲛ"/>
		<feat xlink:href="#sSpan5379" value="ⲃⲓⲃⲗⲟⲥ"/>
		<feat xlink:href="#sSpan5397" value="ⲕⲩⲣⲓⲉ"/>
		<feat xlink:href="#sSpan5421" value="ⲧⲏ ⲃⲁⲥⲓⲗⲓⲁ ⲥⲟⲩ"/>
		<feat xlink:href="#sSpan5489" value="ⲙⲩⲛⲏ ⲧⲩⲃⲓ"/>
		<feat xlink:href="#sSpan5490" value="ⲙⲩⲛⲏ ⲧⲩⲃⲓ ⲅ ⲁⲡⲟ ⲧⲱⲛ ⲁⲅⲓⲟⲛ ⲙⲁⲣⲧⲩⲣⲱⲛ ⲯ ⲕ ⲁ ⲉⲧⲟⲩⲥ ⲧⲝⲉⲓⲛⲇ ⲅ"/>
		<feat xlink:href="#sSpan5507" value="ⲧⲱⲛ ⲁⲅⲓⲟⲛ ⲙⲁⲣⲧⲩⲣⲱⲛ"/>
		<feat xlink:href="#sSpan5508" value="ⲧⲱⲛ ⲁⲅⲓⲟⲛ ⲙⲁⲣⲧⲩⲣⲱⲛ ⲯ ⲕ ⲁ ⲉⲧⲟⲩⲥ ⲧⲝⲉⲓⲛⲇ ⲅ"/>
		<feat xlink:href="#sSpan5580" value="ⲇⲉⲥⲡⲟⲇⲏ ⲙⲛ ⲧ ⲙⲛⲧⲃⲁⲓⲣⲟⲟⲩϣ ⲛ ⲛⲉⲛ ⲉⲓⲟⲟⲧⲉ ⲙⲛ ⲙ ⲙⲉⲣⲁⲧⲉ ⲛ ⲥⲛⲏⲩ ⲁⲃⲃⲁ ⲁⲃⲣⲁϩⲁⲙ ⲡⲉ ⲡⲣⲁⲉⲓⲥⲧⲟⲥ ⲙ ⲡ ⲛⲟⲩⲧⲉ ⲙⲛ ⲡ ⲁⲣⲭⲏⲇⲓⲁⲕⲟⲛⲟⲥ ⲁⲃⲃⲁ ⲭⲁⲏⲗ ⲙⲛ ⲡ ⲇⲉⲩⲇⲉⲗⲁⲣⲏⲥ ⲍⲁⲭⲁⲣⲓⲁⲥ ⲡ ⲇⲓⲁⲕⲟⲛⲟⲥ ⲁⲩⲱ ⲡ ⲙⲟⲛⲁⲭⲟⲥ ⲙ ⲡ ⲙⲟⲛⲁⲥⲧⲏⲣⲓⲟⲛ ⲙ ⲡ  ϩⲁⲅⲓⲟⲥ ⲙⲉⲣⲕⲟⲩⲣⲓⲟⲥ ⲡⲉ ⲥⲧⲣⲁⲧⲏⲗⲁⲧⲏⲥ ⲡⲁⲓ ⲉⲧ ϣⲟⲟⲡ ϩⲙ ⲡ ⲧⲟⲟⲩ ⲛ ⲧⲃⲱ"/>
		<feat xlink:href="#sSpan5587" value="ⲧ ⲙⲛⲧⲃⲁⲓⲣⲟⲟⲩϣ ⲛ ⲛⲉⲛ ⲉⲓⲟⲟⲧⲉ ⲙⲛ ⲙ ⲙⲉⲣⲁⲧⲉ ⲛ ⲥⲛⲏⲩ ⲁⲃⲃⲁ ⲁⲃⲣⲁϩⲁⲙ ⲡⲉ ⲡⲣⲁⲉⲓⲥⲧⲟⲥ ⲙ ⲡ ⲛⲟⲩⲧⲉ ⲙⲛ ⲡ ⲁⲣⲭⲏⲇⲓⲁⲕⲟⲛⲟⲥ ⲁⲃⲃⲁ ⲭⲁⲏⲗ ⲙⲛ ⲡ ⲇⲉⲩⲇⲉⲗⲁⲣⲏⲥ ⲍⲁⲭⲁⲣⲓⲁⲥ ⲡ ⲇⲓⲁⲕⲟⲛⲟⲥ ⲁⲩⲱ ⲡ ⲙⲟⲛⲁⲭⲟⲥ ⲙ ⲡ ⲙⲟⲛⲁⲥⲧⲏⲣⲓⲟⲛ ⲙ ⲡ  ϩⲁⲅⲓⲟⲥ ⲙⲉⲣⲕⲟⲩⲣⲓⲟⲥ ⲡⲉ ⲥⲧⲣⲁⲧⲏⲗⲁⲧⲏⲥ ⲡⲁⲓ ⲉⲧ ϣⲟⲟⲡ ϩⲙ ⲡ ⲧⲟⲟⲩ ⲛ ⲧⲃⲱ"/>
		<feat xlink:href="#sSpan5598" value="ⲛⲉⲛ ⲉⲓⲟⲟⲧⲉ"/>
		<feat xlink:href="#sSpan5608" value="ⲙ ⲙⲉⲣⲁⲧⲉ ⲛ ⲥⲛⲏⲩ ⲁⲃⲃⲁ ⲁⲃⲣⲁϩⲁⲙ ⲡⲉ ⲡⲣⲁⲉⲓⲥⲧⲟⲥ ⲙ ⲡ ⲛⲟⲩⲧⲉ ⲙⲛ ⲡ ⲁⲣⲭⲏⲇⲓⲁⲕⲟⲛⲟⲥ ⲁⲃⲃⲁ ⲭⲁⲏⲗ ⲙⲛ ⲡ ⲇⲉⲩⲇⲉⲗⲁⲣⲏⲥ ⲍⲁⲭⲁⲣⲓⲁⲥ ⲡ ⲇⲓⲁⲕⲟⲛⲟⲥ ⲁⲩⲱ ⲡ ⲙⲟⲛⲁⲭⲟⲥ ⲙ ⲡ ⲙⲟⲛⲁⲥⲧⲏⲣⲓⲟⲛ ⲙ ⲡ  ϩⲁⲅⲓⲟⲥ ⲙⲉⲣⲕⲟⲩⲣⲓⲟⲥ ⲡⲉ ⲥⲧⲣⲁⲧⲏⲗⲁⲧⲏⲥ ⲡⲁⲓ ⲉⲧ ϣⲟⲟⲡ ϩⲙ ⲡ ⲧⲟⲟⲩ ⲛ ⲧⲃⲱ"/>
		<feat xlink:href="#sSpan5622" value="ⲁⲃⲃⲁ ⲁⲃⲣⲁϩⲁⲙ ⲡⲉ ⲡⲣⲁⲉⲓⲥⲧⲟⲥ ⲙ ⲡ ⲛⲟⲩⲧⲉ"/>
		<feat xlink:href="#sSpan5643" value="ⲡ ⲛⲟⲩⲧⲉ"/>
		<feat xlink:href="#sSpan5652" value="ⲡ ⲁⲣⲭⲏⲇⲓⲁⲕⲟⲛⲟⲥ ⲁⲃⲃⲁ ⲭⲁⲏⲗ"/>
		<feat xlink:href="#sSpan5673" value="ⲡ ⲇⲉⲩⲇⲉⲗⲁⲣⲏⲥ ⲍⲁⲭⲁⲣⲓⲁⲥ ⲡ ⲇⲓⲁⲕⲟⲛⲟⲥ ⲁⲩⲱ ⲡ ⲙⲟⲛⲁⲭⲟⲥ ⲙ ⲡ ⲙⲟⲛⲁⲥⲧⲏⲣⲓⲟⲛ ⲙ ⲡ  ϩⲁⲅⲓⲟⲥ ⲙⲉⲣⲕⲟⲩⲣⲓⲟⲥ ⲡⲉ ⲥⲧⲣⲁⲧⲏⲗⲁⲧⲏⲥ ⲡⲁⲓ ⲉⲧ ϣⲟⲟⲡ ϩⲙ ⲡ ⲧⲟⲟⲩ ⲛ ⲧⲃⲱ"/>
		<feat xlink:href="#sSpan5707" value="ⲡ ⲙⲟⲛⲁⲥⲧⲏⲣⲓⲟⲛ ⲙ ⲡ  ϩⲁⲅⲓⲟⲥ ⲙⲉⲣⲕⲟⲩⲣⲓⲟⲥ ⲡⲉ ⲥⲧⲣⲁⲧⲏⲗⲁⲧⲏⲥ ⲡⲁⲓ ⲉⲧ ϣⲟⲟⲡ ϩⲙ ⲡ ⲧⲟⲟⲩ ⲛ ⲧⲃⲱ"/>
		<feat xlink:href="#sSpan5718" value="ⲡ  ϩⲁⲅⲓⲟⲥ ⲙⲉⲣⲕⲟⲩⲣⲓⲟⲥ ⲡⲉ ⲥⲧⲣⲁⲧⲏⲗⲁⲧⲏⲥ"/>
		<feat xlink:href="#sSpan5752" value="ⲡ ⲧⲟⲟⲩ ⲛ ⲧⲃⲱ"/>
		<feat xlink:href="#sSpan5761" value="ⲧⲃⲱ"/>
		<feat xlink:href="#sSpan5778" value="ⲡⲉⲓ ϫⲱⲱⲙⲉ"/>
		<feat xlink:href="#sSpan5790" value="ⲛⲉⲩ ϩⲓⲥⲉ"/>
		<feat xlink:href="#sSpan5818" value="ⲡⲉⲩ ⲙⲟⲛⲁⲥⲧⲏⲣⲓⲟⲛ"/>
		<feat xlink:href="#sSpan5853" value="ⲩ ϩⲏⲩ ⲙⲛ ⲟⲩ ⲡⲗⲩⲣⲟⲫⲟⲣⲓⲁ ⲛ ⲛ ⲉⲧ ⲛⲁ ⲱϣ ⲛϩⲏⲧ ϥ ⲙⲛ ⲡ ⲉⲧ ⲛⲁ ⲥⲱⲧⲙ ⲉⲣⲟ ϥ ϩⲛ ⲟⲩ ϯϩⲧⲏϥ"/>
		<feat xlink:href="#sSpan5862" value="ⲟⲩ ⲡⲗⲩⲣⲟⲫⲟⲣⲓⲁ ⲛ ⲛ ⲉⲧ ⲛⲁ ⲱϣ ⲛϩⲏⲧ ϥ ⲙⲛ ⲡ ⲉⲧ ⲛⲁ ⲥⲱⲧⲙ ⲉⲣⲟ ϥ ϩⲛ ⲟⲩ ϯϩⲧⲏϥ"/>
		<feat xlink:href="#sSpan5872" value="ⲛ ⲉⲧ ⲛⲁ ⲱϣ ⲛϩⲏⲧ ϥ"/>
		<feat xlink:href="#sSpan5892" value="ⲡ ⲉⲧ ⲛⲁ ⲥⲱⲧⲙ ⲉⲣⲟ ϥ ϩⲛ ⲟⲩ ϯϩⲧⲏϥ"/>
		<feat xlink:href="#sSpan5914" value="ϯϩⲧⲏϥ"/>
		<feat xlink:href="#sSpan5928" value="ⲡⲉⲛ ⲥⲏⲣ ⲛ ⲁⲅⲁⲑⲟⲥ"/>
		<feat xlink:href="#sSpan5944" value="ⲡ ⲡⲉⲧⲟⲩⲁⲁⲃ ⲁⲡⲁ ⲟⲛⲛⲟⲫⲣⲓⲟⲥ ⲡ ⲁⲛⲁⲭⲱⲣⲏⲧⲏⲥ"/>
		<feat xlink:href="#sSpan5986" value="ⲡ ⲥⲱⲟⲩϩ ⲉϩⲟⲩⲛ ⲙ ⲡⲉⲩ ⲙⲟⲛⲁⲥⲧⲏⲣⲓⲟⲛ ⲧⲏⲣ ϥ"/>
		<feat xlink:href="#sSpan5999" value="ⲡⲉⲩ ⲙⲟⲛⲁⲥⲧⲏⲣⲓⲟⲛ ⲧⲏⲣ ϥ"/>
		<feat xlink:href="#sSpan6016" value="ⲡⲉ ⲥⲙⲟⲩ ⲛ ⲧ ⲡⲉ"/>
		<feat xlink:href="#sSpan6025" value="ⲧ ⲡⲉ"/>
		<feat xlink:href="#sSpan6036" value="ⲡⲉ ⲥⲙⲟⲩ ⲙ ⲡ ⲕⲁϩ"/>
		<feat xlink:href="#sSpan6046" value="ⲡ ⲕⲁϩ"/>
		<feat xlink:href="#sSpan6055" value="ⲡ ϫⲏⲕ ⲉⲃⲟⲗ ⲙ ⲡ ⲧⲏⲣ"/>
		<feat xlink:href="#sSpan6087" value="ⲟⲩ ⲥⲙⲟⲩ ⲙⲛ ⲟⲩ ⲥⲉⲓ ⲙⲛ ⲟⲩ ϩⲓⲛⲟⲩϥⲉ ⲙⲛ ⲟⲩ ⲥⲱⲧⲏⲣⲓⲁ ⲉ ⲩ ⲙⲏⲛ ⲉⲃⲟⲗ ϩⲙ ⲡⲉⲩ ⲙⲟⲛⲁⲥⲧⲏⲣⲓⲟⲛ"/>
		<feat xlink:href="#sSpan6096" value="ⲟⲩ ⲥⲉⲓ ⲙⲛ ⲟⲩ ϩⲓⲛⲟⲩϥⲉ ⲙⲛ ⲟⲩ ⲥⲱⲧⲏⲣⲓⲁ ⲉ ⲩ ⲙⲏⲛ ⲉⲃⲟⲗ ϩⲙ ⲡⲉⲩ ⲙⲟⲛⲁⲥⲧⲏⲣⲓⲟⲛ"/>
		<feat xlink:href="#sSpan6105" value="ⲟⲩ ϩⲓⲛⲟⲩϥⲉ ⲙⲛ ⲟⲩ ⲥⲱⲧⲏⲣⲓⲁ ⲉ ⲩ ⲙⲏⲛ ⲉⲃⲟⲗ ϩⲙ ⲡⲉⲩ ⲙⲟⲛⲁⲥⲧⲏⲣⲓⲟⲛ"/>
		<feat xlink:href="#sSpan6115" value="ⲟⲩ ⲥⲱⲧⲏⲣⲓⲁ ⲉ ⲩ ⲙⲏⲛ ⲉⲃⲟⲗ ϩⲙ ⲡⲉⲩ ⲙⲟⲛⲁⲥⲧⲏⲣⲓⲟⲛ"/>
		<feat xlink:href="#sSpan6137" value="ⲡⲉⲩ ⲙⲟⲛⲁⲥⲧⲏⲣⲓⲟⲛ"/>
		<feat xlink:href="#sSpan6164" value="ϭⲟⲣϭⲥ ⲙ ⲡ ⲇⲓⲁⲃⲟⲗⲟⲥ ⲙⲛ ⲛ ⲣⲱⲙⲉ ⲙ ⲡⲟⲛⲏⲣⲟⲥ"/>
		<feat xlink:href="#sSpan6171" value="ⲡ ⲇⲓⲁⲃⲟⲗⲟⲥ"/>
		<feat xlink:href="#sSpan6182" value="ⲛ ⲣⲱⲙⲉ ⲙ ⲡⲟⲛⲏⲣⲟⲥ"/>
		<feat xlink:href="#sSpan6226" value="ⲥⲱⲙⲁ"/>
		<feat xlink:href="#sSpan6236" value="ⲡ ⲉⲧ ⲕⲏ ⲉϩⲣⲁⲓ ⲛ ⲣⲱⲙⲉ ⲛⲓⲙ"/>
		<feat xlink:href="#sSpan6251" value="ⲣⲱⲙⲉ ⲛⲓⲙ"/>
		<feat xlink:href="#sSpan6283" value="ϩⲙϩⲁⲗ ⲉⲧ ⲛⲁⲛⲟⲩ ⲥ ⲁⲩⲱ ⲙ ⲡⲓⲥⲧⲟⲥ"/>
		<feat xlink:href="#sSpan6313" value="ⲛⲉⲧⲛ ⲛϩⲟⲧ ⲉ ϩⲉⲛ ⲕⲟⲩⲓ"/>
		<feat xlink:href="#sSpan6322" value="ϩⲉⲛ ⲕⲟⲩⲓ"/>
		<feat xlink:href="#sSpan6347" value="ϩⲁϩ"/>
		<feat xlink:href="#sSpan6364" value="ⲡ ⲣⲁϣⲉ ⲙ ⲡⲉⲕ ϫⲟⲉⲓⲥ"/>
		<feat xlink:href="#sSpan6373" value="ⲡⲉⲕ ϫⲟⲉⲓⲥ"/>
		<feat xlink:href="#sSpan6406" value="ⲛ ⲉⲧ ⲟⲩⲁⲁⲃ ⲧⲏⲣ ⲟⲩ"/></featList></paula>