<?xml version='1.0' encoding='UTF-8'?><!DOCTYPE paula SYSTEM "paula_feat.dtd">
<paula version="1.1">
	<header paula_id="scriptorium.life.onnophrius.04.mark_pos"/>
	<featList xmlns:xlink="http://www.w3.org/1999/xlink" type="pos" xml:base="scriptorium.life.onnophrius.04.mark.xml">
		<feat xlink:href="#sSpan1" value="PPERI"/>
		<feat xlink:href="#sSpan12" value="PTC"/>
		<feat xlink:href="#sSpan16" value="APST"/>
		<feat xlink:href="#sSpan20" value="PPERS"/>
		<feat xlink:href="#sSpan22" value="V_PPERO"/>
		<feat xlink:href="#sSpan24" value="APST"/>
		<feat xlink:href="#sSpan30" value="PPERS"/>
		<feat xlink:href="#sSpan32" value="V"/>
		<feat xlink:href="#sSpan34" value="PREP"/>
		<feat xlink:href="#sSpan38" value="PPERO"/>
		<feat xlink:href="#sSpan40" value="PUNCT"/>
		<feat xlink:href="#sSpan44" value="PPERI"/>
		<feat xlink:href="#sSpan51" value="PTC"/>
		<feat xlink:href="#sSpan55" value="APST"/>
		<feat xlink:href="#sSpan59" value="PPERS"/>
		<feat xlink:href="#sSpan61" value="V"/>
		<feat xlink:href="#sSpan65" value="PPERO"/>
		<feat xlink:href="#sSpan67" value="APST"/>
		<feat xlink:href="#sSpan73" value="PPERS"/>
		<feat xlink:href="#sSpan76" value="V"/>
		<feat xlink:href="#sSpan78" value="PREP"/>
		<feat xlink:href="#sSpan82" value="PPERO"/>
		<feat xlink:href="#sSpan84" value="PUNCT"/>
		<feat xlink:href="#sSpan88" value="CPRET"/>
		<feat xlink:href="#sSpan94" value="PPERS"/>
		<feat xlink:href="#sSpan96" value="VSTAT"/>
		<feat xlink:href="#sSpan98" value="PREP"/>
		<feat xlink:href="#sSpan102" value="ART"/>
		<feat xlink:href="#sSpan105" value="N"/>
		<feat xlink:href="#sSpan107" value="PREP"/>
		<feat xlink:href="#sSpan112" value="N"/>
		<feat xlink:href="#sSpan114" value="PUNCT"/>
		<feat xlink:href="#sSpan118" value="CCIRC"/>
		<feat xlink:href="#sSpan122" value="PPERS"/>
		<feat xlink:href="#sSpan124" value="VSTAT"/>
		<feat xlink:href="#sSpan126" value="PREP"/>
		<feat xlink:href="#sSpan130" value="ART"/>
		<feat xlink:href="#sSpan132" value="N"/>
		<feat xlink:href="#sSpan134" value="PREP"/>
		<feat xlink:href="#sSpan138" value="ART"/>
		<feat xlink:href="#sSpan141" value="CREL"/>
		<feat xlink:href="#sSpan143" value="APST"/>
		<feat xlink:href="#sSpan145" value="PPERS"/>
		<feat xlink:href="#sSpan147" value="V"/>
		<feat xlink:href="#sSpan149" value="PREP"/>
		<feat xlink:href="#sSpan153" value="ART"/>
		<feat xlink:href="#sSpan156" value="ART"/>
		<feat xlink:href="#sSpan159" value="N"/>
		<feat xlink:href="#sSpan161" value="PREP"/>
		<feat xlink:href="#sSpan166" value="PPOS"/>
		<feat xlink:href="#sSpan169" value="N"/>
		<feat xlink:href="#sSpan171" value="PREP"/>
		<feat xlink:href="#sSpan175" value="PPOS"/>
		<feat xlink:href="#sSpan178" value="N"/>
		<feat xlink:href="#sSpan180" value="ADV"/>
		<feat xlink:href="#sSpan184" value="PREP"/>
		<feat xlink:href="#sSpan188" value="PPERO"/>
		<feat xlink:href="#sSpan190" value="PUNCT"/>
		<feat xlink:href="#sSpan194" value="APST"/>
		<feat xlink:href="#sSpan200" value="PPERS"/>
		<feat xlink:href="#sSpan202" value="V"/>
		<feat xlink:href="#sSpan205" value="PTC"/>
		<feat xlink:href="#sSpan210" value="CCIRC"/>
		<feat xlink:href="#sSpan214" value="PPERS"/>
		<feat xlink:href="#sSpan216" value="V"/>
		<feat xlink:href="#sSpan218" value="PREP"/>
		<feat xlink:href="#sSpan222" value="ART"/>
		<feat xlink:href="#sSpan226" value="N"/>
		<feat xlink:href="#sSpan228" value="PREP"/>
		<feat xlink:href="#sSpan232" value="ART"/>
		<feat xlink:href="#sSpan235" value="N"/>
		<feat xlink:href="#sSpan237" value="PUNCT"/>
		<feat xlink:href="#sSpan241" value="CCIRC"/>
		<feat xlink:href="#sSpan245" value="PPERS"/>
		<feat xlink:href="#sSpan247" value="V"/>
		<feat xlink:href="#sSpan249" value="PREP"/>
		<feat xlink:href="#sSpan253" value="PPERO"/>
		<feat xlink:href="#sSpan255" value="ADV"/>
		<feat xlink:href="#sSpan260" value="PREP"/>
		<feat xlink:href="#sSpan264" value="PPOS"/>
		<feat xlink:href="#sSpan267" value="N"/>
		<feat xlink:href="#sSpan269" value="PUNCT"/>
		<feat xlink:href="#sSpan273" value="PPERI"/>
		<feat xlink:href="#sSpan280" value="PTC"/>
		<feat xlink:href="#sSpan284" value="APST"/>
		<feat xlink:href="#sSpan288" value="PPOS"/>
		<feat xlink:href="#sSpan291" value="N"/>
		<feat xlink:href="#sSpan294" value="V"/>
		<feat xlink:href="#sSpan298" value="PUNCT"/>
		<feat xlink:href="#sSpan302" value="PREP"/>
		<feat xlink:href="#sSpan307" value="ART"/>
		<feat xlink:href="#sSpan310" value="N"/>
		<feat xlink:href="#sSpan312" value="CREL"/>
		<feat xlink:href="#sSpan316" value="PPERS"/>
		<feat xlink:href="#sSpan318" value="V"/>
		<feat xlink:href="#sSpan320" value="ADV"/>
		<feat xlink:href="#sSpan324" value="PREP"/>
		<feat xlink:href="#sSpan328" value="PPERO"/>
		<feat xlink:href="#sSpan330" value="PUNCT"/>
		<feat xlink:href="#sSpan334" value="APST"/>
		<feat xlink:href="#sSpan340" value="PPERS"/>
		<feat xlink:href="#sSpan342" value="V"/>
		<feat xlink:href="#sSpan344" value="NUM"/>
		<feat xlink:href="#sSpan348" value="PTC"/>
		<feat xlink:href="#sSpan352" value="PREP"/>
		<feat xlink:href="#sSpan357" value="N"/>
		<feat xlink:href="#sSpan359" value="PREP"/>
		<feat xlink:href="#sSpan363" value="PPERO"/>
		<feat xlink:href="#sSpan365" value="PREP"/>
		<feat xlink:href="#sSpan369" value="N"/>
		<feat xlink:href="#sSpan372" value="PREP"/>
		<feat xlink:href="#sSpan376" value="ART"/>
		<feat xlink:href="#sSpan380" value="N"/>
		<feat xlink:href="#sSpan382" value="PREP"/>
		<feat xlink:href="#sSpan386" value="ART"/>
		<feat xlink:href="#sSpan389" value="N"/>
		<feat xlink:href="#sSpan391" value="PUNCT"/>
		<feat xlink:href="#sSpan395" value="APST"/>
		<feat xlink:href="#sSpan402" value="PPERS"/>
		<feat xlink:href="#sSpan404" value="V"/>
		<feat xlink:href="#sSpan406" value="PPERO"/>
		<feat xlink:href="#sSpan408" value="CONJ"/>
		<feat xlink:href="#sSpan412" value="ADV"/>
		<feat xlink:href="#sSpan415" value="PINT"/>
		<feat xlink:href="#sSpan420" value="APST"/>
		<feat xlink:href="#sSpan424" value="PPERS"/>
		<feat xlink:href="#sSpan426" value="V"/>
		<feat xlink:href="#sSpan429" value="PREP"/>
		<feat xlink:href="#sSpan433" value="PDEM"/>
		<feat xlink:href="#sSpan436" value="N"/>
		<feat xlink:href="#sSpan438" value="PUNCT"/>
		<feat xlink:href="#sSpan442" value="CONJ"/>
		<feat xlink:href="#sSpan447" value="ACONJ"/>
		<feat xlink:href="#sSpan451" value="PPERS"/>
		<feat xlink:href="#sSpan453" value="ART"/>
		<feat xlink:href="#sSpan457" value="N"/>
		<feat xlink:href="#sSpan460" value="PUNCT"/>
		<feat xlink:href="#sSpan464" value="VBD"/>
		<feat xlink:href="#sSpan470" value="PPERS"/>
		<feat xlink:href="#sSpan472" value="PREP"/>
		<feat xlink:href="#sSpan477" value="PPERO"/>
		<feat xlink:href="#sSpan479" value="PUNCT"/>
		<feat xlink:href="#sSpan483" value="CONJ"/>
		<feat xlink:href="#sSpan487" value="PPOS"/>
		<feat xlink:href="#sSpan490" value="N"/>
		<feat xlink:href="#sSpan493" value="PUNCT"/>
		<feat xlink:href="#sSpan497" value="APST"/>
		<feat xlink:href="#sSpan501" value="ART"/>
		<feat xlink:href="#sSpan504" value="N"/>
		<feat xlink:href="#sSpan506" value="V"/>
		<feat xlink:href="#sSpan510" value="PPERO"/>
		<feat xlink:href="#sSpan512" value="PREP"/>
		<feat xlink:href="#sSpan516" value="PPERO"/>
		<feat xlink:href="#sSpan518" value="PPERS"/>
		<feat xlink:href="#sSpan522" value="FUT"/>
		<feat xlink:href="#sSpan524" value="V"/>
		<feat xlink:href="#sSpan526" value="PREP"/>
		<feat xlink:href="#sSpan530" value="PPERO"/>
		<feat xlink:href="#sSpan532" value="PREP"/>
		<feat xlink:href="#sSpan537" value="PPOS"/>
		<feat xlink:href="#sSpan541" value="N"/>
		<feat xlink:href="#sSpan543" value="IMOD"/>
		<feat xlink:href="#sSpan547" value="PPERO"/>
		<feat xlink:href="#sSpan549" value="PUNCT"/>
		<feat xlink:href="#sSpan553" value="PPERI"/>
		<feat xlink:href="#sSpan560" value="PTC"/>
		<feat xlink:href="#sSpan564" value="PPERI"/>
		<feat xlink:href="#sSpan568" value="ART"/>
		<feat xlink:href="#sSpan573" value="N"/>
		<feat xlink:href="#sSpan575" value="ART"/>
		<feat xlink:href="#sSpan581" value="N"/>
		<feat xlink:href="#sSpan584" value="PREP"/>
		<feat xlink:href="#sSpan588" value="NPROP"/>
		<feat xlink:href="#sSpan591" value="CONJ"/>
		<feat xlink:href="#sSpan595" value="NPROP"/>
		<feat xlink:href="#sSpan597" value="PUNCT"/>
		<feat xlink:href="#sSpan601" value="PPOS"/>
		<feat xlink:href="#sSpan608" value="N"/>
		<feat xlink:href="#sSpan611" value="PTC"/>
		<feat xlink:href="#sSpan615" value="CPRET"/>
		<feat xlink:href="#sSpan619" value="ART"/>
		<feat xlink:href="#sSpan624" value="N"/>
		<feat xlink:href="#sSpan626" value="COP"/>
		<feat xlink:href="#sSpan630" value="PREP"/>
		<feat xlink:href="#sSpan634" value="ART"/>
		<feat xlink:href="#sSpan638" value="N"/>
		<feat xlink:href="#sSpan640" value="PUNCT"/>
		<feat xlink:href="#sSpan644" value="PPERI"/>
		<feat xlink:href="#sSpan649" value="PTC"/>
		<feat xlink:href="#sSpan653" value="APST"/>
		<feat xlink:href="#sSpan657" value="PPERS"/>
		<feat xlink:href="#sSpan659" value="V"/>
		<feat xlink:href="#sSpan662" value="PPERO"/>
		<feat xlink:href="#sSpan664" value="PREP"/>
		<feat xlink:href="#sSpan668" value="ART"/>
		<feat xlink:href="#sSpan671" value="N"/>
		<feat xlink:href="#sSpan673" value="PUNCT"/>
		<feat xlink:href="#sSpan677" value="PREP"/>
		<feat xlink:href="#sSpan681" value="ACAUS"/>
		<feat xlink:href="#sSpan683" value="PPERS"/>
		<feat xlink:href="#sSpan686" value="V"/>
		<feat xlink:href="#sSpan688" value="PREP"/>
		<feat xlink:href="#sSpan692" value="PPERO"/>
		<feat xlink:href="#sSpan694" value="PUNCT"/>
		<feat xlink:href="#sSpan698" value="CPRET"/>
		<feat xlink:href="#sSpan704" value="PPERS"/>
		<feat xlink:href="#sSpan706" value="VSTAT"/>
		<feat xlink:href="#sSpan710" value="PTC"/>
		<feat xlink:href="#sSpan714" value="ART"/>
		<feat xlink:href="#sSpan719" value="N"/>
		<feat xlink:href="#sSpan721" value="V"/>
		<feat xlink:href="#sSpan723" value="PREP"/>
		<feat xlink:href="#sSpan727" value="N"/>
		<feat xlink:href="#sSpan729" value="PREP"/>
		<feat xlink:href="#sSpan733" value="PPOS"/>
		<feat xlink:href="#sSpan735" value="N"/>
		<feat xlink:href="#sSpan737" value="PUNCT"/>
		<feat xlink:href="#sSpan741" value="CCIRC"/>
		<feat xlink:href="#sSpan745" value="PPERS"/>
		<feat xlink:href="#sSpan747" value="VSTAT"/>
		<feat xlink:href="#sSpan749" value="PREP"/>
		<feat xlink:href="#sSpan754" value="ART"/>
		<feat xlink:href="#sSpan757" value="N"/>
		<feat xlink:href="#sSpan759" value="PREP"/>
		<feat xlink:href="#sSpan763" value="N"/>
		<feat xlink:href="#sSpan765" value="PUNCT"/>
		<feat xlink:href="#sSpan769" value="APREC"/>
		<feat xlink:href="#sSpan777" value="PPERS"/>
		<feat xlink:href="#sSpan780" value="V"/>
		<feat xlink:href="#sSpan783" value="PTC"/>
		<feat xlink:href="#sSpan787" value="PREP"/>
		<feat xlink:href="#sSpan791" value="ART"/>
		<feat xlink:href="#sSpan794" value="N"/>
		<feat xlink:href="#sSpan796" value="PUNCT"/>
		<feat xlink:href="#sSpan800" value="APST"/>
		<feat xlink:href="#sSpan804" value="PPERS"/>
		<feat xlink:href="#sSpan806" value="V"/>
		<feat xlink:href="#sSpan808" value="PPERO"/>
		<feat xlink:href="#sSpan810" value="PREP"/>
		<feat xlink:href="#sSpan814" value="ART"/>
		<feat xlink:href="#sSpan818" value="N"/>
		<feat xlink:href="#sSpan821" value="APREC"/>
		<feat xlink:href="#sSpan825" value="PPERS"/>
		<feat xlink:href="#sSpan828" value="V"/>
		<feat xlink:href="#sSpan830" value="PREP"/>
		<feat xlink:href="#sSpan834" value="PPERO"/>
		<feat xlink:href="#sSpan836" value="PUNCT"/>
		<feat xlink:href="#sSpan841" value="ADV"/>
		<feat xlink:href="#sSpan847" value="PREP"/>
		<feat xlink:href="#sSpan851" value="ART"/>
		<feat xlink:href="#sSpan854" value="N"/>
		<feat xlink:href="#sSpan856" value="PINT"/>
		<feat xlink:href="#sSpan861" value="PREP"/>
		<feat xlink:href="#sSpan866" value="N"/>
		<feat xlink:href="#sSpan869" value="PINT"/>
		<feat xlink:href="#sSpan873" value="PREP"/>
		<feat xlink:href="#sSpan877" value="PDEM"/>
		<feat xlink:href="#sSpan881" value="N"/>
		<feat xlink:href="#sSpan883" value="PUNCT"/>
		<feat xlink:href="#sSpan887" value="ART"/>
		<feat xlink:href="#sSpan891" value="N"/>
		<feat xlink:href="#sSpan894" value="V"/>
		<feat xlink:href="#sSpan900" value="PTC"/>
		<feat xlink:href="#sSpan904" value="ADV"/>
		<feat xlink:href="#sSpan908" value="PREP"/>
		<feat xlink:href="#sSpan912" value="ART"/>
		<feat xlink:href="#sSpan916" value="N"/>
		<feat xlink:href="#sSpan918" value="PREP"/>
		<feat xlink:href="#sSpan922" value="ART"/>
		<feat xlink:href="#sSpan925" value="N"/>
		<feat xlink:href="#sSpan927" value="PUNCT"/>
		<feat xlink:href="#sSpan931" value="ART"/>
		<feat xlink:href="#sSpan938" value="N"/>
		<feat xlink:href="#sSpan941" value="PTC"/>
		<feat xlink:href="#sSpan946" value="ADV"/>
		<feat xlink:href="#sSpan951" value="PREP"/>
		<feat xlink:href="#sSpan955" value="ART"/>
		<feat xlink:href="#sSpan958" value="N"/>
		<feat xlink:href="#sSpan960" value="PUNCT"/>
		<feat xlink:href="#sSpan964" value="ART"/>
		<feat xlink:href="#sSpan968" value="N"/>
		<feat xlink:href="#sSpan970" value="PREP"/>
		<feat xlink:href="#sSpan974" value="PPOS"/>
		<feat xlink:href="#sSpan976" value="N"/>
		<feat xlink:href="#sSpan978" value="PREP"/>
		<feat xlink:href="#sSpan982" value="PDEM"/>
		<feat xlink:href="#sSpan986" value="N"/>
		<feat xlink:href="#sSpan988" value="PUNCT"/>
		<feat xlink:href="#sSpan992" value="APST"/>
		<feat xlink:href="#sSpan996" value="ART"/>
		<feat xlink:href="#sSpan999" value="N"/>
		<feat xlink:href="#sSpan1001" value="CREL"/>
		<feat xlink:href="#sSpan1005" value="VBD"/>
		<feat xlink:href="#sSpan1007" value="PPERS"/>
		<feat xlink:href="#sSpan1010" value="V"/>
		<feat xlink:href="#sSpan1015" value="PREP"/>
		<feat xlink:href="#sSpan1019" value="PPOS"/>
		<feat xlink:href="#sSpan1023" value="N"/>
		<feat xlink:href="#sSpan1025" value="PUNCT"/>
		<feat xlink:href="#sSpan1029" value="CREL"/>
		<feat xlink:href="#sSpan1034" value="ADV"/>
		<feat xlink:href="#sSpan1036" value="PUNCT"/>
		<feat xlink:href="#sSpan1040" value="APST"/>
		<feat xlink:href="#sSpan1046" value="PPERS"/>
		<feat xlink:href="#sSpan1048" value="V"/>
		<feat xlink:href="#sSpan1050" value="PREP"/>
		<feat xlink:href="#sSpan1054" value="ART"/>
		<feat xlink:href="#sSpan1057" value="NUM"/>
		<feat xlink:href="#sSpan1059" value="APST"/>
		<feat xlink:href="#sSpan1066" value="PPERS"/>
		<feat xlink:href="#sSpan1068" value="V"/>
		<feat xlink:href="#sSpan1070" value="PPERO"/>
		<feat xlink:href="#sSpan1072" value="ADV"/>
		<feat xlink:href="#sSpan1076" value="PREP"/>
		<feat xlink:href="#sSpan1080" value="ART"/>
		<feat xlink:href="#sSpan1083" value="N"/>
		<feat xlink:href="#sSpan1085" value="PUNCT"/>
		<feat xlink:href="#sSpan1089" value="PREP"/>
		<feat xlink:href="#sSpan1093" value="ACAUS"/>
		<feat xlink:href="#sSpan1095" value="PPERS"/>
		<feat xlink:href="#sSpan1098" value="V"/>
		<feat xlink:href="#sSpan1100" value="PREP"/>
		<feat xlink:href="#sSpan1104" value="PPERO"/>
		<feat xlink:href="#sSpan1106" value="PUNCT"/>
		<feat xlink:href="#sSpan1110" value="ALIM"/>
		<feat xlink:href="#sSpan1115" value="PPERS"/>
		<feat xlink:href="#sSpan1117" value="V"/>
		<feat xlink:href="#sSpan1119" value="PREP"/>
		<feat xlink:href="#sSpan1123" value="ART"/>
		<feat xlink:href="#sSpan1125" value="N"/>
		<feat xlink:href="#sSpan1127" value="CREL"/>
		<feat xlink:href="#sSpan1131" value="ART"/>
		<feat xlink:href="#sSpan1134" value="N"/>
		<feat xlink:href="#sSpan1136" value="FUT"/>
		<feat xlink:href="#sSpan1140" value="V"/>
		<feat xlink:href="#sSpan1142" value="PPERO"/>
		<feat xlink:href="#sSpan1144" value="PREP"/>
		<feat xlink:href="#sSpan1148" value="PPERO"/>
		<feat xlink:href="#sSpan1150" value="PUNCT"/>
		<feat xlink:href="#sSpan1154" value="APST"/>
		<feat xlink:href="#sSpan1161" value="PPERS"/>
		<feat xlink:href="#sSpan1163" value="V"/>
		<feat xlink:href="#sSpan1165" value="PREP"/>
		<feat xlink:href="#sSpan1169" value="PPERO"/>
		<feat xlink:href="#sSpan1171" value="PREP"/>
		<feat xlink:href="#sSpan1175" value="ART"/>
		<feat xlink:href="#sSpan1178" value="N"/>
		<feat xlink:href="#sSpan1180" value="PREP"/>
		<feat xlink:href="#sSpan1184" value="N"/>
		<feat xlink:href="#sSpan1186" value="ACONJ"/>
		<feat xlink:href="#sSpan1190" value="PPERS"/>
		<feat xlink:href="#sSpan1192" value="V"/>
		<feat xlink:href="#sSpan1194" value="PREP"/>
		<feat xlink:href="#sSpan1198" value="NUM"/>
		<feat xlink:href="#sSpan1202" value="PREP"/>
		<feat xlink:href="#sSpan1206" value="N"/>
		<feat xlink:href="#sSpan1208" value="PUNCT"/>
		<feat xlink:href="#sSpan1212" value="APREC"/>
		<feat xlink:href="#sSpan1220" value="PPERS"/>
		<feat xlink:href="#sSpan1222" value="V"/>
		<feat xlink:href="#sSpan1225" value="PTC"/>
		<feat xlink:href="#sSpan1229" value="ADV"/>
		<feat xlink:href="#sSpan1233" value="PREP"/>
		<feat xlink:href="#sSpan1237" value="ART"/>
		<feat xlink:href="#sSpan1240" value="N"/>
		<feat xlink:href="#sSpan1242" value="PUNCT"/>
		<feat xlink:href="#sSpan1246" value="PREP"/>
		<feat xlink:href="#sSpan1250" value="ART"/>
		<feat xlink:href="#sSpan1252" value="N"/>
		<feat xlink:href="#sSpan1254" value="APST"/>
		<feat xlink:href="#sSpan1258" value="ART"/>
		<feat xlink:href="#sSpan1262" value="N"/>
		<feat xlink:href="#sSpan1265" value="V"/>
		<feat xlink:href="#sSpan1270" value="ADV"/>
		<feat xlink:href="#sSpan1274" value="PREP"/>
		<feat xlink:href="#sSpan1278" value="PPERO"/>
		<feat xlink:href="#sSpan1280" value="PUNCT"/>
		<feat xlink:href="#sSpan1284" value="APST"/>
		<feat xlink:href="#sSpan1290" value="ART"/>
		<feat xlink:href="#sSpan1293" value="N"/>
		<feat xlink:href="#sSpan1295" value="CCIRC"/>
		<feat xlink:href="#sSpan1299" value="PPERS"/>
		<feat xlink:href="#sSpan1301" value="VSTAT"/>
		<feat xlink:href="#sSpan1303" value="PREP"/>
		<feat xlink:href="#sSpan1307" value="N"/>
		<feat xlink:href="#sSpan1310" value="IMOD"/>
		<feat xlink:href="#sSpan1315" value="PPERO"/>
		<feat xlink:href="#sSpan1317" value="V"/>
		<feat xlink:href="#sSpan1321" value="PREP"/>
		<feat xlink:href="#sSpan1325" value="PPOS"/>
		<feat xlink:href="#sSpan1328" value="N"/>
		<feat xlink:href="#sSpan1330" value="PUNCT"/>
		<feat xlink:href="#sSpan1334" value="APST"/>
		<feat xlink:href="#sSpan1340" value="PPERS"/>
		<feat xlink:href="#sSpan1342" value="V"/>
		<feat xlink:href="#sSpan1344" value="PPERO"/>
		<feat xlink:href="#sSpan1346" value="PREP"/>
		<feat xlink:href="#sSpan1350" value="PDEM"/>
		<feat xlink:href="#sSpan1353" value="N"/>
		<feat xlink:href="#sSpan1355" value="PUNCT"/>
		<feat xlink:href="#sSpan1359" value="ACONJ"/>
		<feat xlink:href="#sSpan1366" value="PPERS"/>
		<feat xlink:href="#sSpan1368" value="V"/>
		<feat xlink:href="#sSpan1371" value="PTC"/>
		<feat xlink:href="#sSpan1375" value="PREP"/>
		<feat xlink:href="#sSpan1379" value="PDEM"/>
		<feat xlink:href="#sSpan1382" value="N"/>
		<feat xlink:href="#sSpan1384" value="PUNCT"/>
		<feat xlink:href="#sSpan1388" value="APST"/>
		<feat xlink:href="#sSpan1392" value="PPERS"/>
		<feat xlink:href="#sSpan1394" value="V"/>
		<feat xlink:href="#sSpan1396" value="PREP"/>
		<feat xlink:href="#sSpan1400" value="ART"/>
		<feat xlink:href="#sSpan1403" value="N"/>
		<feat xlink:href="#sSpan1405" value="PREP"/>
		<feat xlink:href="#sSpan1410" value="N"/>
		<feat xlink:href="#sSpan1412" value="PREP"/>
		<feat xlink:href="#sSpan1417" value="ART"/>
		<feat xlink:href="#sSpan1420" value="N"/>
		<feat xlink:href="#sSpan1422" value="PUNCT"/>
		<feat xlink:href="#sSpan1426" value="CONJ"/>
		<feat xlink:href="#sSpan1430" value="APST"/>
		<feat xlink:href="#sSpan1434" value="ART"/>
		<feat xlink:href="#sSpan1438" value="N"/>
		<feat xlink:href="#sSpan1440" value="PREP"/>
		<feat xlink:href="#sSpan1444" value="ART"/>
		<feat xlink:href="#sSpan1447" value="N"/>
		<feat xlink:href="#sSpan1449" value="V"/>
		<feat xlink:href="#sSpan1453" value="PPERO"/>
		<feat xlink:href="#sSpan1455" value="PREP"/>
		<feat xlink:href="#sSpan1460" value="PPERO"/>
		<feat xlink:href="#sSpan1462" value="APST"/>
		<feat xlink:href="#sSpan1468" value="PPERS"/>
		<feat xlink:href="#sSpan1470" value="V"/>
		<feat xlink:href="#sSpan1473" value="CCIRC"/>
		<feat xlink:href="#sSpan1477" value="PPERS"/>
		<feat xlink:href="#sSpan1479" value="V"/>
		<feat xlink:href="#sSpan1481" value="PREP"/>
		<feat xlink:href="#sSpan1485" value="PPERO"/>
		<feat xlink:href="#sSpan1487" value="CCIRC"/>
		<feat xlink:href="#sSpan1492" value="V"/>
		<feat xlink:href="#sSpan1495" value="PREP"/>
		<feat xlink:href="#sSpan1499" value="ART"/>
		<feat xlink:href="#sSpan1503" value="N"/>
		<feat xlink:href="#sSpan1505" value="PREP"/>
		<feat xlink:href="#sSpan1509" value="ART"/>
		<feat xlink:href="#sSpan1512" value="N"/>
		<feat xlink:href="#sSpan1514" value="PREP"/>
		<feat xlink:href="#sSpan1518" value="N"/>
		<feat xlink:href="#sSpan1520" value="PUNCT"/>
		<feat xlink:href="#sSpan1524" value="PREP"/>
		<feat xlink:href="#sSpan1530" value="ART"/>
		<feat xlink:href="#sSpan1533" value="N"/>
		<feat xlink:href="#sSpan1536" value="PTC"/>
		<feat xlink:href="#sSpan1540" value="PREP"/>
		<feat xlink:href="#sSpan1544" value="ART"/>
		<feat xlink:href="#sSpan1549" value="N"/>
		<feat xlink:href="#sSpan1551" value="APST"/>
		<feat xlink:href="#sSpan1555" value="PPERS"/>
		<feat xlink:href="#sSpan1557" value="V"/>
		<feat xlink:href="#sSpan1559" value="PREP"/>
		<feat xlink:href="#sSpan1563" value="PPERO"/>
		<feat xlink:href="#sSpan1565" value="PTC"/>
		<feat xlink:href="#sSpan1569" value="ART"/>
		<feat xlink:href="#sSpan1572" value="N"/>
		<feat xlink:href="#sSpan1574" value="CREL"/>
		<feat xlink:href="#sSpan1578" value="VSTAT"/>
		<feat xlink:href="#sSpan1580" value="PREP"/>
		<feat xlink:href="#sSpan1586" value="N"/>
		<feat xlink:href="#sSpan1588" value="PUNCT"/>
		<feat xlink:href="#sSpan1592" value="PPERI"/>
		<feat xlink:href="#sSpan1599" value="PTC"/>
		<feat xlink:href="#sSpan1603" value="IMOD"/>
		<feat xlink:href="#sSpan1607" value="PPERO"/>
		<feat xlink:href="#sSpan1609" value="ART"/>
		<feat xlink:href="#sSpan1614" value="CREL"/>
		<feat xlink:href="#sSpan1616" value="VSTAT"/>
		<feat xlink:href="#sSpan1618" value="PREP"/>
		<feat xlink:href="#sSpan1622" value="PDEM"/>
		<feat xlink:href="#sSpan1626" value="N"/>
		<feat xlink:href="#sSpan1629" value="PTC"/>
		<feat xlink:href="#sSpan1633" value="PPOS"/>
		<feat xlink:href="#sSpan1638" value="N"/>
		<feat xlink:href="#sSpan1640" value="PREP"/>
		<feat xlink:href="#sSpan1644" value="N"/>
		<feat xlink:href="#sSpan1646" value="PUNCT"/>
		<feat xlink:href="#sSpan1650" value="PTC"/>
		<feat xlink:href="#sSpan1657" value="N"/>
		<feat xlink:href="#sSpan1659" value="PPERS"/>
		<feat xlink:href="#sSpan1664" value="V"/>
		<feat xlink:href="#sSpan1666" value="PREP"/>
		<feat xlink:href="#sSpan1671" value="PPERO"/>
		<feat xlink:href="#sSpan1673" value="PREP"/>
		<feat xlink:href="#sSpan1677" value="ART"/>
		<feat xlink:href="#sSpan1680" value="N"/>
		<feat xlink:href="#sSpan1682" value="PUNCT"/>
		<feat xlink:href="#sSpan1686" value="CONJ"/>
		<feat xlink:href="#sSpan1690" value="PTC"/>
		<feat xlink:href="#sSpan1692" value="NUM"/>
		<feat xlink:href="#sSpan1695" value="PREP"/>
		<feat xlink:href="#sSpan1699" value="N"/>
		<feat xlink:href="#sSpan1701" value="PUNCT"/>
		<feat xlink:href="#sSpan1705" value="PPERS"/>
		<feat xlink:href="#sSpan1709" value="V"/>
		<feat xlink:href="#sSpan1711" value="NEG"/>
		<feat xlink:href="#sSpan1715" value="PREP"/>
		<feat xlink:href="#sSpan1719" value="N"/>
		<feat xlink:href="#sSpan1723" value="PREP"/>
		<feat xlink:href="#sSpan1728" value="N"/>
		<feat xlink:href="#sSpan1731" value="PUNCT"/>
		<feat xlink:href="#sSpan1736" value="CONJ"/>
		<feat xlink:href="#sSpan1740" value="N"/>
		<feat xlink:href="#sSpan1745" value="PREP"/>
		<feat xlink:href="#sSpan1750" value="N"/>
		<feat xlink:href="#sSpan1752" value="PUNCT"/>
		<feat xlink:href="#sSpan1756" value="PREP"/>
		<feat xlink:href="#sSpan1760" value="PDEM"/>
		<feat xlink:href="#sSpan1763" value="PUNCT"/>
		<feat xlink:href="#sSpan1767" value="N"/>
		<feat xlink:href="#sSpan1772" value="ADV"/>
		<feat xlink:href="#sSpan1776" value="PUNCT"/>
		<feat xlink:href="#sSpan1780" value="CCIRC"/>
		<feat xlink:href="#sSpan1784" value="PPERS"/>
		<feat xlink:href="#sSpan1786" value="VSTAT"/>
		<feat xlink:href="#sSpan1788" value="PREP"/>
		<feat xlink:href="#sSpan1792" value="PPOS"/>
		<feat xlink:href="#sSpan1796" value="N"/>
		<feat xlink:href="#sSpan1798" value="PUNCT"/>
		<feat xlink:href="#sSpan1802" value="ACOND_PPERS"/>
		<feat xlink:href="#sSpan1808" value="V"/>
		<feat xlink:href="#sSpan1811" value="PTC"/>
		<feat xlink:href="#sSpan1816" value="PREP"/>
		<feat xlink:href="#sSpan1820" value="V"/>
		<feat xlink:href="#sSpan1822" value="PREP"/>
		<feat xlink:href="#sSpan1826" value="PPOS"/>
		<feat xlink:href="#sSpan1828" value="N"/>
		<feat xlink:href="#sSpan1830" value="PUNCT"/>
		<feat xlink:href="#sSpan1834" value="PPERS"/>
		<feat xlink:href="#sSpan1838" value="VSTAT"/>
		<feat xlink:href="#sSpan1841" value="PREP"/>
		<feat xlink:href="#sSpan1846" value="N"/>
		<feat xlink:href="#sSpan1849" value="PREP"/>
		<feat xlink:href="#sSpan1854" value="PDEM"/>
		<feat xlink:href="#sSpan1857" value="N"/>
		<feat xlink:href="#sSpan1859" value="PREP"/>
		<feat xlink:href="#sSpan1863" value="V"/>
		<feat xlink:href="#sSpan1865" value="PREP"/>
		<feat xlink:href="#sSpan1869" value="PPOS"/>
		<feat xlink:href="#sSpan1871" value="N"/>
		<feat xlink:href="#sSpan1873" value="PUNCT"/>
		<feat xlink:href="#sSpan1877" value="ACONJ"/>
		<feat xlink:href="#sSpan1881" value="PPERS"/>
		<feat xlink:href="#sSpan1883" value="V"/>
		<feat xlink:href="#sSpan1885" value="ART"/>
		<feat xlink:href="#sSpan1888" value="N"/>
		<feat xlink:href="#sSpan1890" value="IMOD"/>
		<feat xlink:href="#sSpan1894" value="PPERO"/>
		<feat xlink:href="#sSpan1896" value="PREP"/>
		<feat xlink:href="#sSpan1901" value="ART"/>
		<feat xlink:href="#sSpan1905" value="N"/>
		<feat xlink:href="#sSpan1907" value="PREP"/>
		<feat xlink:href="#sSpan1911" value="PPOS"/>
		<feat xlink:href="#sSpan1913" value="N"/>
		<feat xlink:href="#sSpan1915" value="PUNCT"/>
		<feat xlink:href="#sSpan1919" value="PREP"/>
		<feat xlink:href="#sSpan1923" value="PPERO"/>
		<feat xlink:href="#sSpan1925" value="PREP"/>
		<feat xlink:href="#sSpan1929" value="ART"/>
		<feat xlink:href="#sSpan1932" value="NUM"/>
		<feat xlink:href="#sSpan1934" value="ART"/>
		<feat xlink:href="#sSpan1939" value="NUM"/>
		<feat xlink:href="#sSpan1941" value="V"/>
		<feat xlink:href="#sSpan1945" value="ACONJ"/>
		<feat xlink:href="#sSpan1949" value="PPERS"/>
		<feat xlink:href="#sSpan1952" value="V"/>
		<feat xlink:href="#sSpan1954" value="PUNCT"/>
		<feat xlink:href="#sSpan1958" value="VBD"/>
		<feat xlink:href="#sSpan1964" value="PPERS"/>
		<feat xlink:href="#sSpan1967" value="PTC"/>
		<feat xlink:href="#sSpan1971" value="PREP"/>
		<feat xlink:href="#sSpan1975" value="PPERO"/>
		<feat xlink:href="#sSpan1977" value="CONJ"/>
		<feat xlink:href="#sSpan1981" value="CFOC"/>
		<feat xlink:href="#sSpan1983" value="PPERS"/>
		<feat xlink:href="#sSpan1987" value="V"/>
		<feat xlink:href="#sSpan1989" value="PINT"/>
		<feat xlink:href="#sSpan1993" value="PUNCT"/>
		<feat xlink:href="#sSpan1997" value="VBD"/>
		<feat xlink:href="#sSpan2003" value="PPERS"/>
		<feat xlink:href="#sSpan2005" value="PREP"/>
		<feat xlink:href="#sSpan2009" value="PPERO"/>
		<feat xlink:href="#sSpan2011" value="CONJ"/>
		<feat xlink:href="#sSpan2015" value="PPERS"/>
		<feat xlink:href="#sSpan2017" value="VSTAT"/>
		<feat xlink:href="#sSpan2019" value="PREP"/>
		<feat xlink:href="#sSpan2023" value="PDEM"/>
		<feat xlink:href="#sSpan2026" value="N"/>
		<feat xlink:href="#sSpan2029" value="PREP"/>
		<feat xlink:href="#sSpan2033" value="PDEM"/>
		<feat xlink:href="#sSpan2036" value="N"/>
		<feat xlink:href="#sSpan2038" value="PUNCT"/>
		<feat xlink:href="#sSpan2043" value="CONJ"/>
		<feat xlink:href="#sSpan2048" value="PREP"/>
		<feat xlink:href="#sSpan2053" value="N"/>
		<feat xlink:href="#sSpan2056" value="AAOR"/>
		<feat xlink:href="#sSpan2061" value="PPERS"/>
		<feat xlink:href="#sSpan2063" value="V"/>
		<feat xlink:href="#sSpan2065" value="PTC"/>
		<feat xlink:href="#sSpan2069" value="ART"/>
		<feat xlink:href="#sSpan2073" value="N"/>
		<feat xlink:href="#sSpan2075" value="PREP"/>
		<feat xlink:href="#sSpan2079" value="ART"/>
		<feat xlink:href="#sSpan2082" value="N"/>
		<feat xlink:href="#sSpan2084" value="ACONJ"/>
		<feat xlink:href="#sSpan2088" value="PPERS"/>
		<feat xlink:href="#sSpan2091" value="V"/>
		<feat xlink:href="#sSpan2093" value="PREP"/>
		<feat xlink:href="#sSpan2098" value="PPERO"/>
		<feat xlink:href="#sSpan2100" value="PREP"/>
		<feat xlink:href="#sSpan2104" value="ART"/>
		<feat xlink:href="#sSpan2108" value="N"/>
		<feat xlink:href="#sSpan2110" value="PUNCT"/>
		<feat xlink:href="#sSpan2114" value="PREP"/>
		<feat xlink:href="#sSpan2118" value="ART"/>
		<feat xlink:href="#sSpan2122" value="N"/>
		<feat xlink:href="#sSpan2124" value="PUNCT"/>
		<feat xlink:href="#sSpan2128" value="CPRET"/>
		<feat xlink:href="#sSpan2134" value="PPERS"/>
		<feat xlink:href="#sSpan2136" value="VSTAT"/>
		<feat xlink:href="#sSpan2139" value="PTC"/>
		<feat xlink:href="#sSpan2144" value="PREP"/>
		<feat xlink:href="#sSpan2148" value="PPERO"/>
		<feat xlink:href="#sSpan2150" value="CCIRC"/>
		<feat xlink:href="#sSpan2154" value="PPERS"/>
		<feat xlink:href="#sSpan2156" value="V"/>
		<feat xlink:href="#sSpan2158" value="ADV"/>
		<feat xlink:href="#sSpan2162" value="PUNCT"/>
		<feat xlink:href="#sSpan2166" value="ADV"/>
		<feat xlink:href="#sSpan2175" value="PTC"/>
		<feat xlink:href="#sSpan2179" value="PREP"/>
		<feat xlink:href="#sSpan2183" value="ART"/>
		<feat xlink:href="#sSpan2187" value="NUM"/>
		<feat xlink:href="#sSpan2190" value="PREP"/>
		<feat xlink:href="#sSpan2194" value="N"/>
		<feat xlink:href="#sSpan2196" value="PPERS"/>
		<feat xlink:href="#sSpan2200" value="VSTAT"/>
		<feat xlink:href="#sSpan2202" value="PTC"/>
		<feat xlink:href="#sSpan2206" value="ART"/>
		<feat xlink:href="#sSpan2210" value="N"/>
		<feat xlink:href="#sSpan2213" value="PREP"/>
		<feat xlink:href="#sSpan2217" value="ART"/>
		<feat xlink:href="#sSpan2220" value="N"/>
		<feat xlink:href="#sSpan2222" value="PUNCT"/>
		<feat xlink:href="#sSpan2226" value="ACONJ"/>
		<feat xlink:href="#sSpan2230" value="PPERS"/>
		<feat xlink:href="#sSpan2233" value="V"/>
		<feat xlink:href="#sSpan2235" value="PREP"/>
		<feat xlink:href="#sSpan2239" value="PPERO"/>
		<feat xlink:href="#sSpan2241" value="PREP"/>
		<feat xlink:href="#sSpan2245" value="PPERO"/>
		<feat xlink:href="#sSpan2247" value="PREP"/>
		<feat xlink:href="#sSpan2251" value="ART"/>
		<feat xlink:href="#sSpan2253" value="N"/>
		<feat xlink:href="#sSpan2255" value="PUNCT"/>
		<feat xlink:href="#sSpan2259" value="ART"/>
		<feat xlink:href="#sSpan2267" value="N"/>
		<feat xlink:href="#sSpan2270" value="PTC"/>
		<feat xlink:href="#sSpan2274" value="CREL"/>
		<feat xlink:href="#sSpan2278" value="FUT"/>
		<feat xlink:href="#sSpan2281" value="V"/>
		<feat xlink:href="#sSpan2283" value="ADV"/>
		<feat xlink:href="#sSpan2288" value="PREP"/>
		<feat xlink:href="#sSpan2292" value="PPERO"/>
		<feat xlink:href="#sSpan2294" value="PREP"/>
		<feat xlink:href="#sSpan2298" value="ART"/>
		<feat xlink:href="#sSpan2302" value="N"/>
		<feat xlink:href="#sSpan2305" value="CREL"/>
		<feat xlink:href="#sSpan2309" value="ADV"/>
		<feat xlink:href="#sSpan2311" value="PPERS"/>
		<feat xlink:href="#sSpan2315" value="FUT"/>
		<feat xlink:href="#sSpan2317" value="V"/>
		<feat xlink:href="#sSpan2319" value="ADV"/>
		<feat xlink:href="#sSpan2324" value="PREP"/>
		<feat xlink:href="#sSpan2329" value="N"/>
		<feat xlink:href="#sSpan2332" value="PINT"/>
		<feat xlink:href="#sSpan2336" value="PUNCT"/>
		<feat xlink:href="#sSpan2340" value="CONJ"/>
		<feat xlink:href="#sSpan2345" value="EXIST"/>
		<feat xlink:href="#sSpan2349" value="N"/>
		<feat xlink:href="#sSpan2352" value="PREP"/>
		<feat xlink:href="#sSpan2356" value="N"/>
		<feat xlink:href="#sSpan2358" value="FUT"/>
		<feat xlink:href="#sSpan2362" value="V"/>
		<feat xlink:href="#sSpan2364" value="V"/>
		<feat xlink:href="#sSpan2366" value="PREP"/>
		<feat xlink:href="#sSpan2371" value="PPERO"/>
		<feat xlink:href="#sSpan2373" value="PUNCT"/>
		<feat xlink:href="#sSpan2377" value="ART"/>
		<feat xlink:href="#sSpan2384" value="N"/>
		<feat xlink:href="#sSpan2387" value="PTC"/>
		<feat xlink:href="#sSpan2391" value="ART"/>
		<feat xlink:href="#sSpan2396" value="N"/>
		<feat xlink:href="#sSpan2398" value="PREP"/>
		<feat xlink:href="#sSpan2402" value="PPOS"/>
		<feat xlink:href="#sSpan2404" value="N"/>
		<feat xlink:href="#sSpan2406" value="APST"/>
		<feat xlink:href="#sSpan2410" value="PPERS"/>
		<feat xlink:href="#sSpan2412" value="V"/>
		<feat xlink:href="#sSpan2414" value="CCIRC"/>
		<feat xlink:href="#sSpan2419" value="PPERS"/>
		<feat xlink:href="#sSpan2421" value="V"/>
		<feat xlink:href="#sSpan2423" value="N"/>
		<feat xlink:href="#sSpan2427" value="ANEGPST"/>
		<feat xlink:href="#sSpan2431" value="PPERS"/>
		<feat xlink:href="#sSpan2433" value="V"/>
		<feat xlink:href="#sSpan2435" value="PREP"/>
		<feat xlink:href="#sSpan2439" value="PPOS"/>
		<feat xlink:href="#sSpan2441" value="N"/>
		<feat xlink:href="#sSpan2443" value="PUNCT"/>
		<feat xlink:href="#sSpan2447" value="ADV"/>
		<feat xlink:href="#sSpan2451" value="PUNCT"/>
		<feat xlink:href="#sSpan2455" value="PREP"/>
		<feat xlink:href="#sSpan2461" value="ART"/>
		<feat xlink:href="#sSpan2464" value="N"/>
		<feat xlink:href="#sSpan2466" value="CREL"/>
		<feat xlink:href="#sSpan2470" value="APST"/>
		<feat xlink:href="#sSpan2472" value="ART"/>
		<feat xlink:href="#sSpan2475" value="N"/>
		<feat xlink:href="#sSpan2477" value="V"/>
		<feat xlink:href="#sSpan2481" value="PPERO"/>
		<feat xlink:href="#sSpan2483" value="PUNCT"/>
		<feat xlink:href="#sSpan2487" value="APST"/>
		<feat xlink:href="#sSpan2491" value="PPERS"/>
		<feat xlink:href="#sSpan2493" value="V"/>
		<feat xlink:href="#sSpan2495" value="APST"/>
		<feat xlink:href="#sSpan2499" value="PPERS"/>
		<feat xlink:href="#sSpan2501" value="V"/>
		<feat xlink:href="#sSpan2504" value="N"/>
		<feat xlink:href="#sSpan2506" value="PPERO"/>
		<feat xlink:href="#sSpan2508" value="APST"/>
		<feat xlink:href="#sSpan2512" value="PPERS"/>
		<feat xlink:href="#sSpan2514" value="V"/>
		<feat xlink:href="#sSpan2516" value="PREP"/>
		<feat xlink:href="#sSpan2520" value="ART"/>
		<feat xlink:href="#sSpan2523" value="N"/>
		<feat xlink:href="#sSpan2525" value="PUNCT"/>
		<feat xlink:href="#sSpan2529" value="PREP"/>
		<feat xlink:href="#sSpan2535" value="PPERO"/>
		<feat xlink:href="#sSpan2537" value="APST"/>
		<feat xlink:href="#sSpan2541" value="PPERS"/>
		<feat xlink:href="#sSpan2543" value="V"/>
		<feat xlink:href="#sSpan2545" value="PTC"/>
		<feat xlink:href="#sSpan2550" value="ART"/>
		<feat xlink:href="#sSpan2554" value="N"/>
		<feat xlink:href="#sSpan2556" value="PUNCT"/>
		<feat xlink:href="#sSpan2560" value="APST"/>
		<feat xlink:href="#sSpan2566" value="PPERS"/>
		<feat xlink:href="#sSpan2569" value="V"/>
		<feat xlink:href="#sSpan2571" value="PREP"/>
		<feat xlink:href="#sSpan2575" value="PPERO"/>
		<feat xlink:href="#sSpan2577" value="PREP"/>
		<feat xlink:href="#sSpan2581" value="PPOS"/>
		<feat xlink:href="#sSpan2583" value="N"/>
		<feat xlink:href="#sSpan2586" value="PUNCT"/>
		<feat xlink:href="#sSpan2590" value="PREP"/>
		<feat xlink:href="#sSpan2594" value="ART"/>
		<feat xlink:href="#sSpan2598" value="N"/>
		<feat xlink:href="#sSpan2600" value="PREP"/>
		<feat xlink:href="#sSpan2604" value="ART"/>
		<feat xlink:href="#sSpan2607" value="N"/>
		<feat xlink:href="#sSpan2609" value="PREP"/>
		<feat xlink:href="#sSpan2613" value="ART"/>
		<feat xlink:href="#sSpan2616" value="N"/>
		<feat xlink:href="#sSpan2618" value="PUNCT"/>
		<feat xlink:href="#sSpan2622" value="PPERI"/>
		<feat xlink:href="#sSpan2629" value="PTC"/>
		<feat xlink:href="#sSpan2633" value="APST"/>
		<feat xlink:href="#sSpan2638" value="PPERS"/>
		<feat xlink:href="#sSpan2641" value="V"/>
		<feat xlink:href="#sSpan2645" value="PREP"/>
		<feat xlink:href="#sSpan2649" value="ART"/>
		<feat xlink:href="#sSpan2652" value="CREL"/>
		<feat xlink:href="#sSpan2654" value="VSTAT"/>
		<feat xlink:href="#sSpan2656" value="PREP"/>
		<feat xlink:href="#sSpan2660" value="ART"/>
		<feat xlink:href="#sSpan2663" value="N"/>
		<feat xlink:href="#sSpan2665" value="CREL"/>
		<feat xlink:href="#sSpan2669" value="APST"/>
		<feat xlink:href="#sSpan2671" value="PPERS"/>
		<feat xlink:href="#sSpan2673" value="V"/>
		<feat xlink:href="#sSpan2675" value="PREP"/>
		<feat xlink:href="#sSpan2679" value="PPERO"/>
		<feat xlink:href="#sSpan2681" value="PUNCT"/>
		<feat xlink:href="#sSpan2685" value="APST"/>
		<feat xlink:href="#sSpan2692" value="PPERS"/>
		<feat xlink:href="#sSpan2694" value="V"/>
		<feat xlink:href="#sSpan2697" value="PTC"/>
		<feat xlink:href="#sSpan2701" value="PREP"/>
		<feat xlink:href="#sSpan2705" value="PPERO"/>
		<feat xlink:href="#sSpan2707" value="APST"/>
		<feat xlink:href="#sSpan2713" value="PPERS"/>
		<feat xlink:href="#sSpan2715" value="V"/>
		<feat xlink:href="#sSpan2718" value="ADV"/>
		<feat xlink:href="#sSpan2722" value="PREP"/>
		<feat xlink:href="#sSpan2726" value="N"/>
		<feat xlink:href="#sSpan2729" value="CCIRC"/>
		<feat xlink:href="#sSpan2733" value="PPERS"/>
		<feat xlink:href="#sSpan2735" value="V"/>
		<feat xlink:href="#sSpan2737" value="PREP"/>
		<feat xlink:href="#sSpan2742" value="PPERO"/>
		<feat xlink:href="#sSpan2744" value="PREP"/>
		<feat xlink:href="#sSpan2748" value="PPOS"/>
		<feat xlink:href="#sSpan2751" value="N"/>
		<feat xlink:href="#sSpan2753" value="PUNCT"/>
		<feat xlink:href="#sSpan2757" value="APREC"/>
		<feat xlink:href="#sSpan2763" value="PPERS"/>
		<feat xlink:href="#sSpan2765" value="V"/>
		<feat xlink:href="#sSpan2768" value="PTC"/>
		<feat xlink:href="#sSpan2772" value="APST"/>
		<feat xlink:href="#sSpan2776" value="PPERS"/>
		<feat xlink:href="#sSpan2779" value="V"/>
		<feat xlink:href="#sSpan2781" value="PREP"/>
		<feat xlink:href="#sSpan2786" value="PPERO"/>
		<feat xlink:href="#sSpan2788" value="VBD"/>
		<feat xlink:href="#sSpan2794" value="PPERS"/>
		<feat xlink:href="#sSpan2796" value="PREP"/>
		<feat xlink:href="#sSpan2800" value="PPERO"/>
		<feat xlink:href="#sSpan2802" value="CONJ"/>
		<feat xlink:href="#sSpan2806" value="V"/>
		<feat xlink:href="#sSpan2808" value="ACONJ"/>
		<feat xlink:href="#sSpan2812" value="PPERS"/>
		<feat xlink:href="#sSpan2814" value="V"/>
		<feat xlink:href="#sSpan2816" value="ACONJ"/>
		<feat xlink:href="#sSpan2820" value="PPERS"/>
		<feat xlink:href="#sSpan2822" value="V"/>
		<feat xlink:href="#sSpan2824" value="PREP"/>
		<feat xlink:href="#sSpan2829" value="ART"/>
		<feat xlink:href="#sSpan2832" value="N"/>
		<feat xlink:href="#sSpan2834" value="PREP"/>
		<feat xlink:href="#sSpan2838" value="N"/>
		<feat xlink:href="#sSpan2840" value="PUNCT"/>
		<feat xlink:href="#sSpan2844" value="PREP"/>
		<feat xlink:href="#sSpan2850" value="ART"/>
		<feat xlink:href="#sSpan2852" value="N"/>
		<feat xlink:href="#sSpan2854" value="APST"/>
		<feat xlink:href="#sSpan2858" value="PPERS"/>
		<feat xlink:href="#sSpan2861" value="V"/>
		<feat xlink:href="#sSpan2863" value="PREP"/>
		<feat xlink:href="#sSpan2867" value="ART"/>
		<feat xlink:href="#sSpan2869" value="N"/>
		<feat xlink:href="#sSpan2871" value="PREP"/>
		<feat xlink:href="#sSpan2875" value="ART"/>
		<feat xlink:href="#sSpan2879" value="CREL"/>
		<feat xlink:href="#sSpan2881" value="PREP"/>
		<feat xlink:href="#sSpan2883" value="ART"/>
		<feat xlink:href="#sSpan2886" value="N"/>
		<feat xlink:href="#sSpan2888" value="PUNCT"/>
		<feat xlink:href="#sSpan2892" value="CONJ"/>
		<feat xlink:href="#sSpan2898" value="APST"/>
		<feat xlink:href="#sSpan2902" value="PPERS"/>
		<feat xlink:href="#sSpan2904" value="V"/>
		<feat xlink:href="#sSpan2906" value="ART"/>
		<feat xlink:href="#sSpan2909" value="N"/>
		<feat xlink:href="#sSpan2911" value="IMOD"/>
		<feat xlink:href="#sSpan2915" value="PPERO"/>
		<feat xlink:href="#sSpan2917" value="PREP"/>
		<feat xlink:href="#sSpan2921" value="ART"/>
		<feat xlink:href="#sSpan2925" value="N"/>
		<feat xlink:href="#sSpan2929" value="PUNCT"/>
		<feat xlink:href="#sSpan2933" value="ART"/>
		<feat xlink:href="#sSpan2937" value="N"/>
		<feat xlink:href="#sSpan2939" value="N_PPERO"/>
		<feat xlink:href="#sSpan2941" value="PREP"/>
		<feat xlink:href="#sSpan2943" value="ART"/>
		<feat xlink:href="#sSpan2948" value="N"/>
		<feat xlink:href="#sSpan2950" value="PREP"/>
		<feat xlink:href="#sSpan2954" value="N"/>
		<feat xlink:href="#sSpan2957" value="PUNCT"/>
		<feat xlink:href="#sSpan2961" value="APREC"/>
		<feat xlink:href="#sSpan2967" value="ART"/>
		<feat xlink:href="#sSpan2971" value="N"/>
		<feat xlink:href="#sSpan2974" value="PTC"/>
		<feat xlink:href="#sSpan2978" value="V"/>
		<feat xlink:href="#sSpan2983" value="ADV"/>
		<feat xlink:href="#sSpan2987" value="PREP"/>
		<feat xlink:href="#sSpan2991" value="N"/>
		<feat xlink:href="#sSpan2994" value="PREP"/>
		<feat xlink:href="#sSpan2998" value="ART"/>
		<feat xlink:href="#sSpan3002" value="N"/>
		<feat xlink:href="#sSpan3004" value="PUNCT"/>
		<feat xlink:href="#sSpan3008" value="PTC"/>
		<feat xlink:href="#sSpan3013" value="N"/>
		<feat xlink:href="#sSpan3017" value="ADV"/>
		<feat xlink:href="#sSpan3021" value="PTC"/>
		<feat xlink:href="#sSpan3025" value="ART"/>
		<feat xlink:href="#sSpan3028" value="N"/>
		<feat xlink:href="#sSpan3030" value="CREL"/>
		<feat xlink:href="#sSpan3034" value="V"/>
		<feat xlink:href="#sSpan3036" value="APST"/>
		<feat xlink:href="#sSpan3040" value="PPERS"/>
		<feat xlink:href="#sSpan3042" value="V"/>
		<feat xlink:href="#sSpan3044" value="PREP"/>
		<feat xlink:href="#sSpan3049" value="PPERO"/>
		<feat xlink:href="#sSpan3051" value="PUNCT"/>
		<feat xlink:href="#sSpan3055" value="APST"/>
		<feat xlink:href="#sSpan3061" value="PPERS"/>
		<feat xlink:href="#sSpan3064" value="V"/>
		<feat xlink:href="#sSpan3066" value="PREP"/>
		<feat xlink:href="#sSpan3070" value="PPERO"/>
		<feat xlink:href="#sSpan3072" value="CONJ"/>
		<feat xlink:href="#sSpan3076" value="APST"/>
		<feat xlink:href="#sSpan3081" value="V"/>
		<feat xlink:href="#sSpan3083" value="PREP"/>
		<feat xlink:href="#sSpan3087" value="ART"/>
		<feat xlink:href="#sSpan3089" value="N"/>
		<feat xlink:href="#sSpan3091" value="PREP"/>
		<feat xlink:href="#sSpan3096" value="ART"/>
		<feat xlink:href="#sSpan3099" value="CREL"/>
		<feat xlink:href="#sSpan3101" value="PREP"/>
		<feat xlink:href="#sSpan3103" value="ART"/>
		<feat xlink:href="#sSpan3106" value="ART"/>
		<feat xlink:href="#sSpan3109" value="N"/>
		<feat xlink:href="#sSpan3111" value="PUNCT"/>
		<feat xlink:href="#sSpan3115" value="PREP"/>
		<feat xlink:href="#sSpan3123" value="PPERO"/>
		<feat xlink:href="#sSpan3125" value="APST"/>
		<feat xlink:href="#sSpan3129" value="PPERS"/>
		<feat xlink:href="#sSpan3131" value="V"/>
		<feat xlink:href="#sSpan3133" value="PTC"/>
		<feat xlink:href="#sSpan3137" value="ART"/>
		<feat xlink:href="#sSpan3141" value="N"/>
		<feat xlink:href="#sSpan3143" value="APST"/>
		<feat xlink:href="#sSpan3149" value="PPERS"/>
		<feat xlink:href="#sSpan3152" value="V"/>
		<feat xlink:href="#sSpan3154" value="PREP"/>
		<feat xlink:href="#sSpan3158" value="PPERO"/>
		<feat xlink:href="#sSpan3160" value="CONJ"/>
		<feat xlink:href="#sSpan3165" value="APST"/>
		<feat xlink:href="#sSpan3169" value="PPERS"/>
		<feat xlink:href="#sSpan3171" value="V"/>
		<feat xlink:href="#sSpan3173" value="PREP"/>
		<feat xlink:href="#sSpan3177" value="ART"/>
		<feat xlink:href="#sSpan3180" value="NUM"/>
		<feat xlink:href="#sSpan3182" value="ART"/>
		<feat xlink:href="#sSpan3186" value="NUM"/>
		<feat xlink:href="#sSpan3188" value="PREP"/>
		<feat xlink:href="#sSpan3192" value="PPERO"/>
		<feat xlink:href="#sSpan3194" value="CCIRC"/>
		<feat xlink:href="#sSpan3198" value="PPERS"/>
		<feat xlink:href="#sSpan3200" value="V"/>
		<feat xlink:href="#sSpan3202" value="PREP"/>
		<feat xlink:href="#sSpan3206" value="PPERO"/>
		<feat xlink:href="#sSpan3208" value="CONJ"/>
		<feat xlink:href="#sSpan3213" value="AOPT_PPERS"/>
		<feat xlink:href="#sSpan3215" value="V"/>
		<feat xlink:href="#sSpan3217" value="PREP"/>
		<feat xlink:href="#sSpan3221" value="PPERO"/>
		<feat xlink:href="#sSpan3223" value="PREP"/>
		<feat xlink:href="#sSpan3227" value="ART"/>
		<feat xlink:href="#sSpan3230" value="N"/>
		<feat xlink:href="#sSpan3232" value="PREP"/>
		<feat xlink:href="#sSpan3236" value="N"/>
		<feat xlink:href="#sSpan3239" value="PUNCT"/>
		<feat xlink:href="#sSpan3243" value="PREP"/>
		<feat xlink:href="#sSpan3247" value="ART"/>
		<feat xlink:href="#sSpan3250" value="N"/>
		<feat xlink:href="#sSpan3253" value="PREP"/>
		<feat xlink:href="#sSpan3258" value="N"/>
		<feat xlink:href="#sSpan3261" value="PUNCT"/>
		<feat xlink:href="#sSpan3265" value="PPERI"/>
		<feat xlink:href="#sSpan3272" value="PTC"/>
		<feat xlink:href="#sSpan3276" value="IMOD"/>
		<feat xlink:href="#sSpan3280" value="PPERO"/>
		<feat xlink:href="#sSpan3282" value="PREP"/>
		<feat xlink:href="#sSpan3286" value="ART"/>
		<feat xlink:href="#sSpan3288" value="N"/>
		<feat xlink:href="#sSpan3290" value="PUNCT"/>
		<feat xlink:href="#sSpan3294" value="ADV"/>
		<feat xlink:href="#sSpan3300" value="PREP"/>
		<feat xlink:href="#sSpan3304" value="ART"/>
		<feat xlink:href="#sSpan3307" value="N"/>
		<feat xlink:href="#sSpan3309" value="PREP"/>
		<feat xlink:href="#sSpan3313" value="N"/>
		<feat xlink:href="#sSpan3315" value="PUNCT"/>
		<feat xlink:href="#sSpan3319" value="APST"/>
		<feat xlink:href="#sSpan3323" value="PPERS"/>
		<feat xlink:href="#sSpan3325" value="V"/>
		<feat xlink:href="#sSpan3327" value="CONJ"/>
		<feat xlink:href="#sSpan3332" value="PTC"/>
		<feat xlink:href="#sSpan3335" value="PUNCT"/>
		<feat xlink:href="#sSpan3339" value="AOPT_PPERS"/>
		<feat xlink:href="#sSpan3343" value="V"/>
		<feat xlink:href="#sSpan3345" value="PUNCT"/>
		<feat xlink:href="#sSpan3349" value="PREP"/>
		<feat xlink:href="#sSpan3355" value="PPERO"/>
		<feat xlink:href="#sSpan3357" value="APST"/>
		<feat xlink:href="#sSpan3362" value="PPERS"/>
		<feat xlink:href="#sSpan3364" value="V"/>
		<feat xlink:href="#sSpan3366" value="PPERO"/>
		<feat xlink:href="#sSpan3368" value="PREP"/>
		<feat xlink:href="#sSpan3372" value="PPERO"/>
		<feat xlink:href="#sSpan3374" value="PTC"/>
		<feat xlink:href="#sSpan3378" value="ART"/>
		<feat xlink:href="#sSpan3383" value="N"/>
		<feat xlink:href="#sSpan3385" value="VBD"/>
		<feat xlink:href="#sSpan3391" value="PPERS"/>
		<feat xlink:href="#sSpan3393" value="PREP"/>
		<feat xlink:href="#sSpan3397" value="PPERO"/>
		<feat xlink:href="#sSpan3399" value="CONJ"/>
		<feat xlink:href="#sSpan3403" value="V"/>
		<feat xlink:href="#sSpan3405" value="ACONJ"/>
		<feat xlink:href="#sSpan3409" value="PPERS"/>
		<feat xlink:href="#sSpan3412" value="V"/>
		<feat xlink:href="#sSpan3414" value="PUNCT"/>
		<feat xlink:href="#sSpan3418" value="PREP"/>
		<feat xlink:href="#sSpan3423" value="NPROP"/>
		<feat xlink:href="#sSpan3426" value="PUNCT"/>
		<feat xlink:href="#sSpan3430" value="ACONJ"/>
		<feat xlink:href="#sSpan3434" value="PPERS"/>
		<feat xlink:href="#sSpan3436" value="V"/>
		<feat xlink:href="#sSpan3438" value="PREP"/>
		<feat xlink:href="#sSpan3442" value="ART"/>
		<feat xlink:href="#sSpan3445" value="CREL"/>
		<feat xlink:href="#sSpan3447" value="APST"/>
		<feat xlink:href="#sSpan3449" value="PPERS"/>
		<feat xlink:href="#sSpan3451" value="V"/>
		<feat xlink:href="#sSpan3453" value="PREP"/>
		<feat xlink:href="#sSpan3457" value="PPERO"/>
		<feat xlink:href="#sSpan3459" value="PREP"/>
		<feat xlink:href="#sSpan3463" value="ART"/>
		<feat xlink:href="#sSpan3466" value="N"/>
		<feat xlink:href="#sSpan3469" value="PUNCT"/>
		<feat xlink:href="#sSpan3473" value="PREP"/>
		<feat xlink:href="#sSpan3478" value="N"/>
		<feat xlink:href="#sSpan3482" value="PUNCT"/>
		<feat xlink:href="#sSpan3486" value="CONJ"/>
		<feat xlink:href="#sSpan3490" value="CFOC"/>
		<feat xlink:href="#sSpan3494" value="PPERS"/>
		<feat xlink:href="#sSpan3496" value="FUT"/>
		<feat xlink:href="#sSpan3498" value="V"/>
		<feat xlink:href="#sSpan3500" value="PREP"/>
		<feat xlink:href="#sSpan3504" value="ART"/>
		<feat xlink:href="#sSpan3508" value="N"/>
		<feat xlink:href="#sSpan3511" value="PREP"/>
		<feat xlink:href="#sSpan3515" value="ART"/>
		<feat xlink:href="#sSpan3518" value="CREL"/>
		<feat xlink:href="#sSpan3520" value="VSTAT"/>
		<feat xlink:href="#sSpan3522" value="PUNCT"/>
		<feat xlink:href="#sSpan3526" value="APST"/>
		<feat xlink:href="#sSpan3532" value="PPERS"/>
		<feat xlink:href="#sSpan3535" value="V"/>
		<feat xlink:href="#sSpan3537" value="PREP"/>
		<feat xlink:href="#sSpan3541" value="PPERO"/>
		<feat xlink:href="#sSpan3543" value="PREP"/>
		<feat xlink:href="#sSpan3547" value="ACAUS"/>
		<feat xlink:href="#sSpan3550" value="PPERS"/>
		<feat xlink:href="#sSpan3552" value="V"/>
		<feat xlink:href="#sSpan3554" value="PPERO"/>
		<feat xlink:href="#sSpan3556" value="PREP"/>
		<feat xlink:href="#sSpan3561" value="PPERO"/>
		<feat xlink:href="#sSpan3563" value="PUNCT"/>
		<feat xlink:href="#sSpan3567" value="VBD"/>
		<feat xlink:href="#sSpan3573" value="PPERS"/>
		<feat xlink:href="#sSpan3575" value="PREP"/>
		<feat xlink:href="#sSpan3579" value="PPERO"/>
		<feat xlink:href="#sSpan3581" value="CONJ"/>
		<feat xlink:href="#sSpan3585" value="CFOC"/>
		<feat xlink:href="#sSpan3587" value="APST"/>
		<feat xlink:href="#sSpan3589" value="ART"/>
		<feat xlink:href="#sSpan3592" value="N"/>
		<feat xlink:href="#sSpan3594" value="V"/>
		<feat xlink:href="#sSpan3599" value="ART"/>
		<feat xlink:href="#sSpan3604" value="N"/>
		<feat xlink:href="#sSpan3606" value="PREP"/>
		<feat xlink:href="#sSpan3610" value="PPERO"/>
		<feat xlink:href="#sSpan3613" value="NEG"/>
		<feat xlink:href="#sSpan3617" value="PUNCT"/>
		<feat xlink:href="#sSpan3621" value="PREP"/>
		<feat xlink:href="#sSpan3625" value="ACAUS"/>
		<feat xlink:href="#sSpan3627" value="PPERS"/>
		<feat xlink:href="#sSpan3630" value="V"/>
		<feat xlink:href="#sSpan3633" value="CCIRC"/>
		<feat xlink:href="#sSpan3637" value="PPERS"/>
		<feat xlink:href="#sSpan3639" value="V"/>
		<feat xlink:href="#sSpan3641" value="PREP"/>
		<feat xlink:href="#sSpan3645" value="N"/>
		<feat xlink:href="#sSpan3648" value="PUNCT"/>
		<feat xlink:href="#sSpan3653" value="CONJ"/>
		<feat xlink:href="#sSpan3658" value="CFOC"/>
		<feat xlink:href="#sSpan3662" value="ART"/>
		<feat xlink:href="#sSpan3665" value="N"/>
		<feat xlink:href="#sSpan3667" value="V"/>
		<feat xlink:href="#sSpan3671" value="PREP"/>
		<feat xlink:href="#sSpan3675" value="ART"/>
		<feat xlink:href="#sSpan3678" value="NUM"/>
		<feat xlink:href="#sSpan3680" value="ART"/>
		<feat xlink:href="#sSpan3684" value="NUM"/>
		<feat xlink:href="#sSpan3687" value="PREP"/>
		<feat xlink:href="#sSpan3691" value="ART"/>
		<feat xlink:href="#sSpan3693" value="N"/>
		<feat xlink:href="#sSpan3695" value="CREL"/>
		<feat xlink:href="#sSpan3699" value="PPERS"/>
		<feat xlink:href="#sSpan3702" value="FUT"/>
		<feat xlink:href="#sSpan3704" value="V"/>
		<feat xlink:href="#sSpan3706" value="V"/>
		<feat xlink:href="#sSpan3708" value="PUNCT"/>
		<feat xlink:href="#sSpan3712" value="ADV"/>
		<feat xlink:href="#sSpan3720" value="ART"/>
		<feat xlink:href="#sSpan3724" value="V"/>
		<feat xlink:href="#sSpan3728" value="ACONJ"/>
		<feat xlink:href="#sSpan3732" value="PPERS"/>
		<feat xlink:href="#sSpan3734" value="V"/>
		<feat xlink:href="#sSpan3736" value="CONJ"/>
		<feat xlink:href="#sSpan3740" value="PDEM"/>
		<feat xlink:href="#sSpan3743" value="COP"/>
		<feat xlink:href="#sSpan3747" value="ART"/>
		<feat xlink:href="#sSpan3752" value="N"/>
		<feat xlink:href="#sSpan3754" value="CREL"/>
		<feat xlink:href="#sSpan3758" value="APST"/>
		<feat xlink:href="#sSpan3760" value="PPERS"/>
		<feat xlink:href="#sSpan3762" value="V"/>
		<feat xlink:href="#sSpan3764" value="PPERO"/>
		<feat xlink:href="#sSpan3766" value="PREP"/>
		<feat xlink:href="#sSpan3771" value="PPERO"/>
		<feat xlink:href="#sSpan3773" value="APST"/>
		<feat xlink:href="#sSpan3779" value="PPERS"/>
		<feat xlink:href="#sSpan3781" value="V"/>
		<feat xlink:href="#sSpan3784" value="PTC"/>
		<feat xlink:href="#sSpan3788" value="PREP"/>
		<feat xlink:href="#sSpan3792" value="PPERO"/>
		<feat xlink:href="#sSpan3794" value="PUNCT"/>
		<feat xlink:href="#sSpan3798" value="APST"/>
		<feat xlink:href="#sSpan3804" value="PPERS"/>
		<feat xlink:href="#sSpan3806" value="V"/>
		<feat xlink:href="#sSpan3808" value="PREP"/>
		<feat xlink:href="#sSpan3812" value="N"/>
		<feat xlink:href="#sSpan3815" value="PREP"/>
		<feat xlink:href="#sSpan3819" value="ART"/>
		<feat xlink:href="#sSpan3823" value="N"/>
		<feat xlink:href="#sSpan3825" value="PUNCT"/>
		<feat xlink:href="#sSpan3829" value="APST"/>
		<feat xlink:href="#sSpan3835" value="PPERS"/>
		<feat xlink:href="#sSpan3837" value="V"/>
		<feat xlink:href="#sSpan3840" value="PTC"/>
		<feat xlink:href="#sSpan3844" value="PREP"/>
		<feat xlink:href="#sSpan3848" value="ART"/>
		<feat xlink:href="#sSpan3851" value="N"/>
		<feat xlink:href="#sSpan3854" value="PREP"/>
		<feat xlink:href="#sSpan3858" value="N"/>
		<feat xlink:href="#sSpan3860" value="APST"/>
		<feat xlink:href="#sSpan3867" value="PPERS"/>
		<feat xlink:href="#sSpan3869" value="V"/>
		<feat xlink:href="#sSpan3871" value="PREP"/>
		<feat xlink:href="#sSpan3875" value="PPOS"/>
		<feat xlink:href="#sSpan3877" value="N"/>
		<feat xlink:href="#sSpan3879" value="CONJ"/>
		<feat xlink:href="#sSpan3885" value="APST"/>
		<feat xlink:href="#sSpan3889" value="PPERS"/>
		<feat xlink:href="#sSpan3891" value="V"/>
		<feat xlink:href="#sSpan3894" value="ADV"/>
		<feat xlink:href="#sSpan3898" value="PREP"/>
		<feat xlink:href="#sSpan3903" value="PPERO"/>
		<feat xlink:href="#sSpan3905" value="CCIRC"/>
		<feat xlink:href="#sSpan3909" value="PPERS"/>
		<feat xlink:href="#sSpan3911" value="V"/>
		<feat xlink:href="#sSpan3913" value="PREP"/>
		<feat xlink:href="#sSpan3917" value="PPERO"/>
		<feat xlink:href="#sSpan3919" value="ADV"/>
		<feat xlink:href="#sSpan3923" value="PREP"/>
		<feat xlink:href="#sSpan3927" value="PPOS"/>
		<feat xlink:href="#sSpan3930" value="N"/>
		<feat xlink:href="#sSpan3932" value="PREP"/>
		<feat xlink:href="#sSpan3936" value="N"/>
		<feat xlink:href="#sSpan3938" value="PUNCT"/>
		<feat xlink:href="#sSpan3942" value="APST"/>
		<feat xlink:href="#sSpan3949" value="PPERS"/>
		<feat xlink:href="#sSpan3952" value="V"/>
		<feat xlink:href="#sSpan3955" value="PTC"/>
		<feat xlink:href="#sSpan3959" value="PREP"/>
		<feat xlink:href="#sSpan3963" value="PPERO"/>
		<feat xlink:href="#sSpan3965" value="PUNCT"/>
		<feat xlink:href="#sSpan3969" value="CONJ"/>
		<feat xlink:href="#sSpan3973" value="V"/>
		<feat xlink:href="#sSpan3975" value="PREP"/>
		<feat xlink:href="#sSpan3979" value="PPERO"/>
		<feat xlink:href="#sSpan3981" value="PREP"/>
		<feat xlink:href="#sSpan3985" value="PPOS"/>
		<feat xlink:href="#sSpan3988" value="N"/>
		<feat xlink:href="#sSpan3991" value="PUNCT"/>
		<feat xlink:href="#sSpan3995" value="PPERI"/>
		<feat xlink:href="#sSpan4002" value="PTC"/>
		<feat xlink:href="#sSpan4006" value="APST"/>
		<feat xlink:href="#sSpan4010" value="PPERS"/>
		<feat xlink:href="#sSpan4012" value="V"/>
		<feat xlink:href="#sSpan4014" value="PREP"/>
		<feat xlink:href="#sSpan4018" value="PPERO"/>
		<feat xlink:href="#sSpan4020" value="PREP"/>
		<feat xlink:href="#sSpan4024" value="PPOS"/>
		<feat xlink:href="#sSpan4027" value="N"/>
		<feat xlink:href="#sSpan4029" value="ART"/>
		<feat xlink:href="#sSpan4034" value="NUM"/>
		<feat xlink:href="#sSpan4036" value="ART"/>
		<feat xlink:href="#sSpan4041" value="NUM"/>
		<feat xlink:href="#sSpan4043" value="PUNCT"/>
		<feat xlink:href="#sSpan4047" value="ART"/>
		<feat xlink:href="#sSpan4054" value="N"/>
		<feat xlink:href="#sSpan4056" value="COP"/>
		<feat xlink:href="#sSpan4061" value="NPROP"/>
		<feat xlink:href="#sSpan4066" value="PUNCT"/>
		<feat xlink:href="#sSpan4070" value="ART"/>
		<feat xlink:href="#sSpan4078" value="NUM"/>
		<feat xlink:href="#sSpan4081" value="COP"/>
		<feat xlink:href="#sSpan4086" value="NPROP"/>
		<feat xlink:href="#sSpan4091" value="PUNCT"/>
		<feat xlink:href="#sSpan4095" value="ART"/>
		<feat xlink:href="#sSpan4104" value="NUM"/>
		<feat xlink:href="#sSpan4107" value="COP"/>
		<feat xlink:href="#sSpan4112" value="NPROP"/>
		<feat xlink:href="#sSpan4117" value="PUNCT"/>
		<feat xlink:href="#sSpan4121" value="ART"/>
		<feat xlink:href="#sSpan4129" value="NUM"/>
		<feat xlink:href="#sSpan4132" value="COP"/>
		<feat xlink:href="#sSpan4138" value="NPROP"/>
		<feat xlink:href="#sSpan4143" value="PUNCT"/>
		<feat xlink:href="#sSpan4147" value="PPERI"/>
		<feat xlink:href="#sSpan4154" value="PTC"/>
		<feat xlink:href="#sSpan4158" value="APST"/>
		<feat xlink:href="#sSpan4162" value="PPERS"/>
		<feat xlink:href="#sSpan4164" value="V"/>
		<feat xlink:href="#sSpan4166" value="PREP_PPERO"/>
		<feat xlink:href="#sSpan4170" value="PUNCT"/>
		<feat xlink:href="#sSpan4174" value="PREP"/>
		<feat xlink:href="#sSpan4178" value="V"/>
		<feat xlink:href="#sSpan4180" value="PREP"/>
		<feat xlink:href="#sSpan4185" value="PPOS"/>
		<feat xlink:href="#sSpan4188" value="N"/>
		<feat xlink:href="#sSpan4190" value="PUNCT"/>
		<feat xlink:href="#sSpan4194" value="PREP"/>
		<feat xlink:href="#sSpan4198" value="ART"/>
		<feat xlink:href="#sSpan4201" value="N"/>
		<feat xlink:href="#sSpan4203" value="PREP"/>
		<feat xlink:href="#sSpan4207" value="ART"/>
		<feat xlink:href="#sSpan4211" value="N"/>
		<feat xlink:href="#sSpan4215" value="PREP"/>
		<feat xlink:href="#sSpan4219" value="PPERO"/>
		<feat xlink:href="#sSpan4221" value="PUNCT"/>
		<feat xlink:href="#sSpan4225" value="PPERI"/>
		<feat xlink:href="#sSpan4232" value="PTC"/>
		<feat xlink:href="#sSpan4237" value="IMOD"/>
		<feat xlink:href="#sSpan4241" value="CPRET"/>
		<feat xlink:href="#sSpan4245" value="PPERS"/>
		<feat xlink:href="#sSpan4247" value="V"/>
		<feat xlink:href="#sSpan4249" value="PREP"/>
		<feat xlink:href="#sSpan4253" value="PPERO"/>
		<feat xlink:href="#sSpan4255" value="PUNCT"/>
		<feat xlink:href="#sSpan4259" value="PREP"/>
		<feat xlink:href="#sSpan4263" value="ACAUS"/>
		<feat xlink:href="#sSpan4265" value="PPERS"/>
		<feat xlink:href="#sSpan4267" value="V"/>
		<feat xlink:href="#sSpan4269" value="PPOS"/>
		<feat xlink:href="#sSpan4271" value="N"/>
		<feat xlink:href="#sSpan4273" value="PUNCT"/>
		<feat xlink:href="#sSpan4277" value="APST"/>
		<feat xlink:href="#sSpan4284" value="PPERS"/>
		<feat xlink:href="#sSpan4286" value="V"/>
		<feat xlink:href="#sSpan4289" value="PTC"/>
		<feat xlink:href="#sSpan4293" value="APST"/>
		<feat xlink:href="#sSpan4297" value="PPERS"/>
		<feat xlink:href="#sSpan4300" value="V"/>
		<feat xlink:href="#sSpan4302" value="PREP"/>
		<feat xlink:href="#sSpan4307" value="PPOS"/>
		<feat xlink:href="#sSpan4309" value="N"/>
		<feat xlink:href="#sSpan4311" value="PUNCT"/>
		<feat xlink:href="#sSpan4315" value="APST"/>
		<feat xlink:href="#sSpan4321" value="PPERS"/>
		<feat xlink:href="#sSpan4323" value="V"/>
		<feat xlink:href="#sSpan4326" value="ADV"/>
		<feat xlink:href="#sSpan4331" value="CCIRC"/>
		<feat xlink:href="#sSpan4335" value="PPERS"/>
		<feat xlink:href="#sSpan4338" value="V"/>
		<feat xlink:href="#sSpan4340" value="ADV"/>
		<feat xlink:href="#sSpan4344" value="PUNCT"/>
		<feat xlink:href="#sSpan4349" value="CONJ"/>
		<feat xlink:href="#sSpan4355" value="PREP"/>
		<feat xlink:href="#sSpan4359" value="ART"/>
		<feat xlink:href="#sSpan4362" value="N"/>
		<feat xlink:href="#sSpan4364" value="CREL"/>
		<feat xlink:href="#sSpan4368" value="APST"/>
		<feat xlink:href="#sSpan4370" value="ART"/>
		<feat xlink:href="#sSpan4374" value="CREL"/>
		<feat xlink:href="#sSpan4376" value="VSTAT"/>
		<feat xlink:href="#sSpan4378" value="V"/>
		<feat xlink:href="#sSpan4382" value="PPERO"/>
		<feat xlink:href="#sSpan4384" value="PREP"/>
		<feat xlink:href="#sSpan4388" value="PPERO"/>
		<feat xlink:href="#sSpan4390" value="CPRET"/>
		<feat xlink:href="#sSpan4394" value="PPERS"/>
		<feat xlink:href="#sSpan4396" value="V"/>
		<feat xlink:href="#sSpan4398" value="COP"/>
		<feat xlink:href="#sSpan4402" value="PUNCT"/>
		<feat xlink:href="#sSpan4406" value="APST"/>
		<feat xlink:href="#sSpan4412" value="PPERS"/>
		<feat xlink:href="#sSpan4414" value="V"/>
		<feat xlink:href="#sSpan4417" value="PTC"/>
		<feat xlink:href="#sSpan4421" value="ADV"/>
		<feat xlink:href="#sSpan4425" value="PREP"/>
		<feat xlink:href="#sSpan4430" value="NPROP"/>
		<feat xlink:href="#sSpan4433" value="PREP"/>
		<feat xlink:href="#sSpan4437" value="ART"/>
		<feat xlink:href="#sSpan4440" value="N"/>
		<feat xlink:href="#sSpan4442" value="PUNCT"/>
		<feat xlink:href="#sSpan4446" value="PREP"/>
		<feat xlink:href="#sSpan4450" value="NUM"/>
		<feat xlink:href="#sSpan4453" value="PREP"/>
		<feat xlink:href="#sSpan4457" value="N"/>
		<feat xlink:href="#sSpan4459" value="PREP"/>
		<feat xlink:href="#sSpan4463" value="V"/>
		<feat xlink:href="#sSpan4466" value="PUNCT"/>
		<feat xlink:href="#sSpan4470" value="CONJ"/>
		<feat xlink:href="#sSpan4477" value="APREC"/>
		<feat xlink:href="#sSpan4481" value="PPERS"/>
		<feat xlink:href="#sSpan4483" value="V"/>
		<feat xlink:href="#sSpan4485" value="PUNCT"/>
		<feat xlink:href="#sSpan4489" value="PREP"/>
		<feat xlink:href="#sSpan4493" value="ART"/>
		<feat xlink:href="#sSpan4496" value="N"/>
		<feat xlink:href="#sSpan4498" value="PREP"/>
		<feat xlink:href="#sSpan4503" value="N"/>
		<feat xlink:href="#sSpan4506" value="APST"/>
		<feat xlink:href="#sSpan4510" value="PPERS"/>
		<feat xlink:href="#sSpan4512" value="V"/>
		<feat xlink:href="#sSpan4514" value="PREP"/>
		<feat xlink:href="#sSpan4520" value="PPERO"/>
		<feat xlink:href="#sSpan4522" value="PREP"/>
		<feat xlink:href="#sSpan4526" value="PPERO"/>
		<feat xlink:href="#sSpan4528" value="PUNCT"/>
		<feat xlink:href="#sSpan4532" value="PREP"/>
		<feat xlink:href="#sSpan4536" value="NUM"/>
		<feat xlink:href="#sSpan4539" value="PREP"/>
		<feat xlink:href="#sSpan4543" value="N"/>
		<feat xlink:href="#sSpan4545" value="PUNCT"/>
		<feat xlink:href="#sSpan4549" value="CONJ"/>
		<feat xlink:href="#sSpan4555" value="APST"/>
		<feat xlink:href="#sSpan4559" value="PPERS"/>
		<feat xlink:href="#sSpan4561" value="V"/>
		<feat xlink:href="#sSpan4563" value="PREP"/>
		<feat xlink:href="#sSpan4568" value="PPERO"/>
		<feat xlink:href="#sSpan4570" value="PREP"/>
		<feat xlink:href="#sSpan4574" value="ART"/>
		<feat xlink:href="#sSpan4577" value="N"/>
		<feat xlink:href="#sSpan4579" value="CREL"/>
		<feat xlink:href="#sSpan4583" value="APST"/>
		<feat xlink:href="#sSpan4585" value="PPERS"/>
		<feat xlink:href="#sSpan4587" value="V"/>
		<feat xlink:href="#sSpan4589" value="PREP"/>
		<feat xlink:href="#sSpan4593" value="PPERO"/>
		<feat xlink:href="#sSpan4595" value="PUNCT"/>
		<feat xlink:href="#sSpan4599" value="PPERI"/>
		<feat xlink:href="#sSpan4606" value="PTC"/>
		<feat xlink:href="#sSpan4610" value="VBD"/>
		<feat xlink:href="#sSpan4614" value="PPERS"/>
		<feat xlink:href="#sSpan4616" value="CONJ"/>
		<feat xlink:href="#sSpan4621" value="ADV"/>
		<feat xlink:href="#sSpan4624" value="APST"/>
		<feat xlink:href="#sSpan4628" value="PPERS"/>
		<feat xlink:href="#sSpan4630" value="V"/>
		<feat xlink:href="#sSpan4632" value="PREP"/>
		<feat xlink:href="#sSpan4636" value="ART"/>
		<feat xlink:href="#sSpan4639" value="N"/>
		<feat xlink:href="#sSpan4641" value="PREP"/>
		<feat xlink:href="#sSpan4645" value="N"/>
		<feat xlink:href="#sSpan4647" value="PUNCT"/>
		<feat xlink:href="#sSpan4651" value="CPRET"/>
		<feat xlink:href="#sSpan4657" value="ART"/>
		<feat xlink:href="#sSpan4661" value="N"/>
		<feat xlink:href="#sSpan4666" value="PTC"/>
		<feat xlink:href="#sSpan4670" value="CPRET"/>
		<feat xlink:href="#sSpan4674" value="ART"/>
		<feat xlink:href="#sSpan4679" value="N"/>
		<feat xlink:href="#sSpan4681" value="PUNCT"/>
		<feat xlink:href="#sSpan4685" value="CREL"/>
		<feat xlink:href="#sSpan4689" value="ADV"/>
		<feat xlink:href="#sSpan4691" value="PUNCT"/>
		<feat xlink:href="#sSpan4695" value="CONJ"/>
		<feat xlink:href="#sSpan4699" value="CPRET"/>
		<feat xlink:href="#sSpan4703" value="ART"/>
		<feat xlink:href="#sSpan4707" value="N"/>
		<feat xlink:href="#sSpan4710" value="COP"/>
		<feat xlink:href="#sSpan4714" value="PUNCT"/>
		<feat xlink:href="#sSpan4718" value="ART"/>
		<feat xlink:href="#sSpan4724" value="N"/>
		<feat xlink:href="#sSpan4727" value="PREP"/>
		<feat xlink:href="#sSpan4731" value="ART"/>
		<feat xlink:href="#sSpan4734" value="N"/>
		<feat xlink:href="#sSpan4736" value="PREP"/>
		<feat xlink:href="#sSpan4740" value="PPOS"/>
		<feat xlink:href="#sSpan4743" value="N"/>
		<feat xlink:href="#sSpan4746" value="IMOD"/>
		<feat xlink:href="#sSpan4750" value="PPERO"/>
		<feat xlink:href="#sSpan4752" value="PUNCT"/>
		<feat xlink:href="#sSpan4756" value="CONJ"/>
		<feat xlink:href="#sSpan4760" value="PPOS"/>
		<feat xlink:href="#sSpan4765" value="N"/>
		<feat xlink:href="#sSpan4767" value="PREP"/>
		<feat xlink:href="#sSpan4771" value="N"/>
		<feat xlink:href="#sSpan4773" value="COP"/>
		<feat xlink:href="#sSpan4777" value="NPROP"/>
		<feat xlink:href="#sSpan4782" value="PUNCT"/>
		<feat xlink:href="#sSpan4786" value="APST"/>
		<feat xlink:href="#sSpan4792" value="PPERS"/>
		<feat xlink:href="#sSpan4794" value="V"/>
		<feat xlink:href="#sSpan4798" value="PTC"/>
		<feat xlink:href="#sSpan4802" value="APST"/>
		<feat xlink:href="#sSpan4806" value="PPERS"/>
		<feat xlink:href="#sSpan4808" value="V"/>
		<feat xlink:href="#sSpan4810" value="PREP"/>
		<feat xlink:href="#sSpan4814" value="PDEM"/>
		<feat xlink:href="#sSpan4817" value="N"/>
		<feat xlink:href="#sSpan4819" value="CREL"/>
		<feat xlink:href="#sSpan4823" value="APST"/>
		<feat xlink:href="#sSpan4825" value="PPERS"/>
		<feat xlink:href="#sSpan4827" value="V"/>
		<feat xlink:href="#sSpan4829" value="PPERO"/>
		<feat xlink:href="#sSpan4831" value="ADV"/>
		<feat xlink:href="#sSpan4836" value="PREP"/>
		<feat xlink:href="#sSpan4841" value="PPERO"/>
		<feat xlink:href="#sSpan4843" value="PREP"/>
		<feat xlink:href="#sSpan4848" value="N"/>
		<feat xlink:href="#sSpan4851" value="NPROP"/>
		<feat xlink:href="#sSpan4855" value="APST"/>
		<feat xlink:href="#sSpan4861" value="PPERS"/>
		<feat xlink:href="#sSpan4864" value="V"/>
		<feat xlink:href="#sSpan4866" value="APST"/>
		<feat xlink:href="#sSpan4870" value="PPERS"/>
		<feat xlink:href="#sSpan4872" value="V"/>
		<feat xlink:href="#sSpan4874" value="PPERO"/>
		<feat xlink:href="#sSpan4876" value="PREP"/>
		<feat xlink:href="#sSpan4880" value="ART"/>
		<feat xlink:href="#sSpan4883" value="N"/>
		<feat xlink:href="#sSpan4886" value="PUNCT"/>
		<feat xlink:href="#sSpan4890" value="APST"/>
		<feat xlink:href="#sSpan4896" value="PPERS"/>
		<feat xlink:href="#sSpan4898" value="V"/>
		<feat xlink:href="#sSpan4900" value="PPERO"/>
		<feat xlink:href="#sSpan4902" value="PREP"/>
		<feat xlink:href="#sSpan4906" value="NPROP"/>
		<feat xlink:href="#sSpan4909" value="PUNCT"/>
		<feat xlink:href="#sSpan4913" value="APST"/>
		<feat xlink:href="#sSpan4919" value="PPERS"/>
		<feat xlink:href="#sSpan4921" value="V"/>
		<feat xlink:href="#sSpan4923" value="PPERO"/>
		<feat xlink:href="#sSpan4925" value="PREP"/>
		<feat xlink:href="#sSpan4929" value="ART"/>
		<feat xlink:href="#sSpan4933" value="N"/>
		<feat xlink:href="#sSpan4936" value="CCIRC"/>
		<feat xlink:href="#sSpan4940" value="PPERS"/>
		<feat xlink:href="#sSpan4943" value="VSTAT"/>
		<feat xlink:href="#sSpan4945" value="PUNCT"/>
		<feat xlink:href="#sSpan4949" value="PREP"/>
		<feat xlink:href="#sSpan4953" value="ART"/>
		<feat xlink:href="#sSpan4956" value="CREL"/>
		<feat xlink:href="#sSpan4958" value="FUT"/>
		<feat xlink:href="#sSpan4960" value="V"/>
		<feat xlink:href="#sSpan4962" value="PREP"/>
		<feat xlink:href="#sSpan4966" value="PPERO"/>
		<feat xlink:href="#sSpan4968" value="CONJ"/>
		<feat xlink:href="#sSpan4974" value="CPRET"/>
		<feat xlink:href="#sSpan4978" value="PPERS"/>
		<feat xlink:href="#sSpan4980" value="V"/>
		<feat xlink:href="#sSpan4982" value="PREP"/>
		<feat xlink:href="#sSpan4987" value="PPERO"/>
		<feat xlink:href="#sSpan4989" value="PUNCT"/>
		<feat xlink:href="#sSpan4993" value="CCIRC"/>
		<feat xlink:href="#sSpan4997" value="PPERS"/>
		<feat xlink:href="#sSpan4999" value="VSTAT"/>
		<feat xlink:href="#sSpan5001" value="PREP"/>
		<feat xlink:href="#sSpan5006" value="N"/>
		<feat xlink:href="#sSpan5009" value="PREP"/>
		<feat xlink:href="#sSpan5013" value="PPERO"/>
		<feat xlink:href="#sSpan5015" value="PREP"/>
		<feat xlink:href="#sSpan5019" value="N"/>
		<feat xlink:href="#sSpan5022" value="PREP"/>
		<feat xlink:href="#sSpan5027" value="N"/>
		<feat xlink:href="#sSpan5032" value="PINT"/>
		<feat xlink:href="#sSpan5036" value="PUNCT"/>
		<feat xlink:href="#sSpan5040" value="CCIRC"/>
		<feat xlink:href="#sSpan5046" value="PPERS"/>
		<feat xlink:href="#sSpan5049" value="V"/>
		<feat xlink:href="#sSpan5052" value="PREP"/>
		<feat xlink:href="#sSpan5056" value="ART"/>
		<feat xlink:href="#sSpan5059" value="N"/>
		<feat xlink:href="#sSpan5061" value="CONJ"/>
		<feat xlink:href="#sSpan5065" value="CFOC"/>
		<feat xlink:href="#sSpan5069" value="PPERS"/>
		<feat xlink:href="#sSpan5071" value="V"/>
		<feat xlink:href="#sSpan5073" value="PREP"/>
		<feat xlink:href="#sSpan5078" value="PPOS"/>
		<feat xlink:href="#sSpan5082" value="N"/>
		<feat xlink:href="#sSpan5086" value="PUNCT"/>
		<feat xlink:href="#sSpan5090" value="PREP"/>
		<feat xlink:href="#sSpan5094" value="ART"/>
		<feat xlink:href="#sSpan5098" value="N"/>
		<feat xlink:href="#sSpan5100" value="PUNCT"/>
		<feat xlink:href="#sSpan5104" value="PREP"/>
		<feat xlink:href="#sSpan5108" value="ART"/>
		<feat xlink:href="#sSpan5112" value="N"/>
		<feat xlink:href="#sSpan5117" value="PREP"/>
		<feat xlink:href="#sSpan5121" value="PPOS"/>
		<feat xlink:href="#sSpan5124" value="N"/>
		<feat xlink:href="#sSpan5127" value="NPROP"/>
		<feat xlink:href="#sSpan5131" value="ART"/>
		<feat xlink:href="#sSpan5136" value="N"/>
		<feat xlink:href="#sSpan5138" value="PUNCT"/>
		<feat xlink:href="#sSpan5142" value="PDEM"/>
		<feat xlink:href="#sSpan5147" value="ADV"/>
		<feat xlink:href="#sSpan5152" value="PREP"/>
		<feat xlink:href="#sSpan5157" value="PPERO"/>
		<feat xlink:href="#sSpan5159" value="ART"/>
		<feat xlink:href="#sSpan5164" value="N"/>
		<feat xlink:href="#sSpan5166" value="PREP"/>
		<feat xlink:href="#sSpan5170" value="PPERO"/>
		<feat xlink:href="#sSpan5172" value="PREP"/>
		<feat xlink:href="#sSpan5176" value="PPOS"/>
		<feat xlink:href="#sSpan5179" value="N"/>
		<feat xlink:href="#sSpan5181" value="PREP"/>
		<feat xlink:href="#sSpan5186" value="N"/>
		<feat xlink:href="#sSpan5188" value="PREP"/>
		<feat xlink:href="#sSpan5192" value="ART"/>
		<feat xlink:href="#sSpan5197" value="N"/>
		<feat xlink:href="#sSpan5199" value="CREL"/>
		<feat xlink:href="#sSpan5203" value="VSTAT"/>
		<feat xlink:href="#sSpan5205" value="PREP"/>
		<feat xlink:href="#sSpan5209" value="N"/>
		<feat xlink:href="#sSpan5212" value="PREP"/>
		<feat xlink:href="#sSpan5216" value="N"/>
		<feat xlink:href="#sSpan5218" value="PUNCT"/>
		<feat xlink:href="#sSpan5223" value="PTC"/>
		<feat xlink:href="#sSpan5229" value="PUNCT"/>
		<feat xlink:href="#sSpan5233" value="PUNCT"/>
		<feat xlink:href="#sSpan5238" value="PUNCT"/>
		<feat xlink:href="#sSpan5242" value="PUNCT"/>
		<feat xlink:href="#sSpan5246" value="PUNCT"/>
		<feat xlink:href="#sSpan5250" value="PUNCT"/>
		<feat xlink:href="#sSpan5254" value="PUNCT"/>
		<feat xlink:href="#sSpan5258" value="PUNCT"/>
		<feat xlink:href="#sSpan5262" value="PUNCT"/>
		<feat xlink:href="#sSpan5266" value="PUNCT"/>
		<feat xlink:href="#sSpan5270" value="PUNCT"/>
		<feat xlink:href="#sSpan5274" value="PUNCT"/>
		<feat xlink:href="#sSpan5280" value="FM"/>
		<feat xlink:href="#sSpan5289" value="NPROP"/>
		<feat xlink:href="#sSpan5295" value="FM"/>
		<feat xlink:href="#sSpan5300" value="FM"/>
		<feat xlink:href="#sSpan5304" value="FM"/>
		<feat xlink:href="#sSpan5309" value="FM"/>
		<feat xlink:href="#sSpan5315" value="FM"/>
		<feat xlink:href="#sSpan5321" value="FM"/>
		<feat xlink:href="#sSpan5326" value="FM"/>
		<feat xlink:href="#sSpan5332" value="FM"/>
		<feat xlink:href="#sSpan5337" value="FM"/>
		<feat xlink:href="#sSpan5343" value="FM"/>
		<feat xlink:href="#sSpan5350" value="FM"/>
		<feat xlink:href="#sSpan5355" value="FM"/>
		<feat xlink:href="#sSpan5361" value="FM"/>
		<feat xlink:href="#sSpan5366" value="FM"/>
		<feat xlink:href="#sSpan5371" value="FM"/>
		<feat xlink:href="#sSpan5377" value="FM"/>
		<feat xlink:href="#sSpan5383" value="FM"/>
		<feat xlink:href="#sSpan5390" value="FM"/>
		<feat xlink:href="#sSpan5395" value="FM"/>
		<feat xlink:href="#sSpan5401" value="FM"/>
		<feat xlink:href="#sSpan5406" value="FM"/>
		<feat xlink:href="#sSpan5412" value="FM"/>
		<feat xlink:href="#sSpan5417" value="FM"/>
		<feat xlink:href="#sSpan5423" value="FM"/>
		<feat xlink:href="#sSpan5428" value="FM"/>
		<feat xlink:href="#sSpan5432" value="PUNCT"/>
		<feat xlink:href="#sSpan5437" value="PUNCT"/>
		<feat xlink:href="#sSpan5441" value="PUNCT"/>
		<feat xlink:href="#sSpan5445" value="PUNCT"/>
		<feat xlink:href="#sSpan5449" value="PUNCT"/>
		<feat xlink:href="#sSpan5453" value="PUNCT"/>
		<feat xlink:href="#sSpan5457" value="PUNCT"/>
		<feat xlink:href="#sSpan5461" value="PUNCT"/>
		<feat xlink:href="#sSpan5465" value="PUNCT"/>
		<feat xlink:href="#sSpan5469" value="PUNCT"/>
		<feat xlink:href="#sSpan5473" value="PUNCT"/>
		<feat xlink:href="#sSpan5477" value="FM"/>
		<feat xlink:href="#sSpan5485" value="FM"/>
		<feat xlink:href="#sSpan5491" value="FM"/>
		<feat xlink:href="#sSpan5495" value="NUM"/>
		<feat xlink:href="#sSpan5499" value="FM"/>
		<feat xlink:href="#sSpan5503" value="FM"/>
		<feat xlink:href="#sSpan5510" value="FM"/>
		<feat xlink:href="#sSpan5514" value="FM"/>
		<feat xlink:href="#sSpan5519" value="NUM"/>
		<feat xlink:href="#sSpan5523" value="NUM"/>
		<feat xlink:href="#sSpan5525" value="NUM"/>
		<feat xlink:href="#sSpan5527" value="FM"/>
		<feat xlink:href="#sSpan5531" value="FM"/>
		<feat xlink:href="#sSpan5536" value="FM"/>
		<feat xlink:href="#sSpan5540" value="PUNCT"/>
		<feat xlink:href="#sSpan5545" value="PUNCT"/>
		<feat xlink:href="#sSpan5549" value="PUNCT"/>
		<feat xlink:href="#sSpan5553" value="PUNCT"/>
		<feat xlink:href="#sSpan5557" value="PUNCT"/>
		<feat xlink:href="#sSpan5561" value="PUNCT"/>
		<feat xlink:href="#sSpan5565" value="PUNCT"/>
		<feat xlink:href="#sSpan5569" value="PREP"/>
		<feat xlink:href="#sSpan5578" value="N"/>
		<feat xlink:href="#sSpan5581" value="PREP"/>
		<feat xlink:href="#sSpan5585" value="ART"/>
		<feat xlink:href="#sSpan5589" value="N"/>
		<feat xlink:href="#sSpan5592" value="PREP"/>
		<feat xlink:href="#sSpan5596" value="PPOS"/>
		<feat xlink:href="#sSpan5599" value="N"/>
		<feat xlink:href="#sSpan5601" value="PREP"/>
		<feat xlink:href="#sSpan5606" value="ART"/>
		<feat xlink:href="#sSpan5609" value="N"/>
		<feat xlink:href="#sSpan5611" value="ART"/>
		<feat xlink:href="#sSpan5615" value="N"/>
		<feat xlink:href="#sSpan5618" value="N"/>
		<feat xlink:href="#sSpan5624" value="NPROP"/>
		<feat xlink:href="#sSpan5628" value="ART"/>
		<feat xlink:href="#sSpan5633" value="N"/>
		<feat xlink:href="#sSpan5636" value="PREP"/>
		<feat xlink:href="#sSpan5641" value="ART"/>
		<feat xlink:href="#sSpan5644" value="N"/>
		<feat xlink:href="#sSpan5646" value="PREP"/>
		<feat xlink:href="#sSpan5650" value="ART"/>
		<feat xlink:href="#sSpan5655" value="N"/>
		<feat xlink:href="#sSpan5660" value="N"/>
		<feat xlink:href="#sSpan5664" value="NPROP"/>
		<feat xlink:href="#sSpan5667" value="PREP"/>
		<feat xlink:href="#sSpan5671" value="ART"/>
		<feat xlink:href="#sSpan5675" value="N"/>
		<feat xlink:href="#sSpan5678" value="NPROP"/>
		<feat xlink:href="#sSpan5682" value="ART"/>
		<feat xlink:href="#sSpan5687" value="N"/>
		<feat xlink:href="#sSpan5690" value="CONJ"/>
		<feat xlink:href="#sSpan5694" value="ART"/>
		<feat xlink:href="#sSpan5699" value="N"/>
		<feat xlink:href="#sSpan5701" value="PREP"/>
		<feat xlink:href="#sSpan5705" value="ART"/>
		<feat xlink:href="#sSpan5709" value="N"/>
		<feat xlink:href="#sSpan5711" value="PREP"/>
		<feat xlink:href="#sSpan5716" value="ART"/>
		<feat xlink:href="#sSpan5720" value="N"/>
		<feat xlink:href="#sSpan5723" value="NPROP"/>
		<feat xlink:href="#sSpan5727" value="ART"/>
		<feat xlink:href="#sSpan5732" value="N"/>
		<feat xlink:href="#sSpan5734" value="PDEM"/>
		<feat xlink:href="#sSpan5740" value="CREL"/>
		<feat xlink:href="#sSpan5744" value="VSTAT"/>
		<feat xlink:href="#sSpan5746" value="PREP"/>
		<feat xlink:href="#sSpan5750" value="ART"/>
		<feat xlink:href="#sSpan5753" value="N"/>
		<feat xlink:href="#sSpan5755" value="PREP"/>
		<feat xlink:href="#sSpan5759" value="N"/>
		<feat xlink:href="#sSpan5762" value="PUNCT"/>
		<feat xlink:href="#sSpan5766" value="APST"/>
		<feat xlink:href="#sSpan5772" value="PPERS"/>
		<feat xlink:href="#sSpan5774" value="V"/>
		<feat xlink:href="#sSpan5776" value="PDEM"/>
		<feat xlink:href="#sSpan5781" value="N"/>
		<feat xlink:href="#sSpan5784" value="PREP"/>
		<feat xlink:href="#sSpan5788" value="PPOS"/>
		<feat xlink:href="#sSpan5791" value="N"/>
		<feat xlink:href="#sSpan5793" value="IMOD"/>
		<feat xlink:href="#sSpan5797" value="PPERO"/>
		<feat xlink:href="#sSpan5799" value="APST"/>
		<feat xlink:href="#sSpan5805" value="PPERS"/>
		<feat xlink:href="#sSpan5807" value="V"/>
		<feat xlink:href="#sSpan5809" value="PPERO"/>
		<feat xlink:href="#sSpan5811" value="PREP"/>
		<feat xlink:href="#sSpan5816" value="PPOS"/>
		<feat xlink:href="#sSpan5820" value="N"/>
		<feat xlink:href="#sSpan5822" value="PUNCT"/>
		<feat xlink:href="#sSpan5826" value="CONJ"/>
		<feat xlink:href="#sSpan5830" value="CFOC"/>
		<feat xlink:href="#sSpan5834" value="PPERS"/>
		<feat xlink:href="#sSpan5836" value="FUT"/>
		<feat xlink:href="#sSpan5838" value="V"/>
		<feat xlink:href="#sSpan5840" value="PREP"/>
		<feat xlink:href="#sSpan5845" value="PPERO"/>
		<feat xlink:href="#sSpan5847" value="PREP"/>
		<feat xlink:href="#sSpan5851" value="ART"/>
		<feat xlink:href="#sSpan5854" value="N"/>
		<feat xlink:href="#sSpan5856" value="PREP"/>
		<feat xlink:href="#sSpan5860" value="ART"/>
		<feat xlink:href="#sSpan5864" value="N"/>
		<feat xlink:href="#sSpan5866" value="PREP"/>
		<feat xlink:href="#sSpan5870" value="ART"/>
		<feat xlink:href="#sSpan5873" value="CREL"/>
		<feat xlink:href="#sSpan5875" value="FUT"/>
		<feat xlink:href="#sSpan5877" value="V"/>
		<feat xlink:href="#sSpan5879" value="PREP"/>
		<feat xlink:href="#sSpan5884" value="PPERO"/>
		<feat xlink:href="#sSpan5886" value="PREP"/>
		<feat xlink:href="#sSpan5890" value="ART"/>
		<feat xlink:href="#sSpan5893" value="CREL"/>
		<feat xlink:href="#sSpan5895" value="FUT"/>
		<feat xlink:href="#sSpan5897" value="V"/>
		<feat xlink:href="#sSpan5899" value="PREP"/>
		<feat xlink:href="#sSpan5903" value="PPERO"/>
		<feat xlink:href="#sSpan5905" value="PREP"/>
		<feat xlink:href="#sSpan5909" value="ART"/>
		<feat xlink:href="#sSpan5912" value="N"/>
		<feat xlink:href="#sSpan5917" value="CONJ"/>
		<feat xlink:href="#sSpan5922" value="CFOC"/>
		<feat xlink:href="#sSpan5926" value="PPOS"/>
		<feat xlink:href="#sSpan5929" value="N"/>
		<feat xlink:href="#sSpan5931" value="PREP"/>
		<feat xlink:href="#sSpan5936" value="N"/>
		<feat xlink:href="#sSpan5938" value="PREP"/>
		<feat xlink:href="#sSpan5942" value="ART"/>
		<feat xlink:href="#sSpan5946" value="N"/>
		<feat xlink:href="#sSpan5952" value="N"/>
		<feat xlink:href="#sSpan5956" value="NPROP"/>
		<feat xlink:href="#sSpan5960" value="ART"/>
		<feat xlink:href="#sSpan5965" value="N"/>
		<feat xlink:href="#sSpan5967" value="FUT"/>
		<feat xlink:href="#sSpan5971" value="V"/>
		<feat xlink:href="#sSpan5974" value="PREP"/>
		<feat xlink:href="#sSpan5978" value="PPERO"/>
		<feat xlink:href="#sSpan5980" value="PREP"/>
		<feat xlink:href="#sSpan5984" value="ART"/>
		<feat xlink:href="#sSpan5987" value="N"/>
		<feat xlink:href="#sSpan5989" value="ADV"/>
		<feat xlink:href="#sSpan5993" value="PREP"/>
		<feat xlink:href="#sSpan5997" value="PPOS"/>
		<feat xlink:href="#sSpan6001" value="N"/>
		<feat xlink:href="#sSpan6004" value="IMOD"/>
		<feat xlink:href="#sSpan6008" value="PPERO"/>
		<feat xlink:href="#sSpan6010" value="PREP"/>
		<feat xlink:href="#sSpan6014" value="ART"/>
		<feat xlink:href="#sSpan6017" value="N"/>
		<feat xlink:href="#sSpan6019" value="PREP"/>
		<feat xlink:href="#sSpan6023" value="ART"/>
		<feat xlink:href="#sSpan6026" value="N"/>
		<feat xlink:href="#sSpan6028" value="CONJ"/>
		<feat xlink:href="#sSpan6032" value="ART"/>
		<feat xlink:href="#sSpan6038" value="N"/>
		<feat xlink:href="#sSpan6040" value="PREP"/>
		<feat xlink:href="#sSpan6044" value="ART"/>
		<feat xlink:href="#sSpan6047" value="N"/>
		<feat xlink:href="#sSpan6049" value="PREP"/>
		<feat xlink:href="#sSpan6053" value="ART"/>
		<feat xlink:href="#sSpan6056" value="N"/>
		<feat xlink:href="#sSpan6058" value="ADV"/>
		<feat xlink:href="#sSpan6062" value="PREP"/>
		<feat xlink:href="#sSpan6066" value="ART"/>
		<feat xlink:href="#sSpan6069" value="N"/>
		<feat xlink:href="#sSpan6072" value="ACONJ"/>
		<feat xlink:href="#sSpan6079" value="PPERS"/>
		<feat xlink:href="#sSpan6081" value="V"/>
		<feat xlink:href="#sSpan6083" value="ART"/>
		<feat xlink:href="#sSpan6088" value="N"/>
		<feat xlink:href="#sSpan6090" value="PREP"/>
		<feat xlink:href="#sSpan6094" value="ART"/>
		<feat xlink:href="#sSpan6097" value="N"/>
		<feat xlink:href="#sSpan6099" value="PREP"/>
		<feat xlink:href="#sSpan6103" value="ART"/>
		<feat xlink:href="#sSpan6106" value="N"/>
		<feat xlink:href="#sSpan6108" value="PREP"/>
		<feat xlink:href="#sSpan6113" value="ART"/>
		<feat xlink:href="#sSpan6117" value="N"/>
		<feat xlink:href="#sSpan6119" value="CCIRC"/>
		<feat xlink:href="#sSpan6123" value="PPERS"/>
		<feat xlink:href="#sSpan6125" value="VSTAT"/>
		<feat xlink:href="#sSpan6127" value="ADV"/>
		<feat xlink:href="#sSpan6131" value="PREP"/>
		<feat xlink:href="#sSpan6135" value="PPOS"/>
		<feat xlink:href="#sSpan6139" value="N"/>
		<feat xlink:href="#sSpan6142" value="PUNCT"/>
		<feat xlink:href="#sSpan6146" value="ACONJ"/>
		<feat xlink:href="#sSpan6152" value="PPERS"/>
		<feat xlink:href="#sSpan6154" value="V"/>
		<feat xlink:href="#sSpan6156" value="PPERO"/>
		<feat xlink:href="#sSpan6158" value="PREP"/>
		<feat xlink:href="#sSpan6162" value="N"/>
		<feat xlink:href="#sSpan6165" value="PREP"/>
		<feat xlink:href="#sSpan6169" value="ART"/>
		<feat xlink:href="#sSpan6173" value="NPROP"/>
		<feat xlink:href="#sSpan6175" value="PREP"/>
		<feat xlink:href="#sSpan6180" value="ART"/>
		<feat xlink:href="#sSpan6183" value="N"/>
		<feat xlink:href="#sSpan6185" value="PREP"/>
		<feat xlink:href="#sSpan6190" value="N"/>
		<feat xlink:href="#sSpan6192" value="PUNCT"/>
		<feat xlink:href="#sSpan6196" value="ACOND_PPERS"/>
		<feat xlink:href="#sSpan6202" value="V"/>
		<feat xlink:href="#sSpan6205" value="PTC"/>
		<feat xlink:href="#sSpan6209" value="ADV"/>
		<feat xlink:href="#sSpan6213" value="ADV"/>
		<feat xlink:href="#sSpan6219" value="PREP"/>
		<feat xlink:href="#sSpan6224" value="N"/>
		<feat xlink:href="#sSpan6228" value="PREP"/>
		<feat xlink:href="#sSpan6232" value="ART"/>
		<feat xlink:href="#sSpan6237" value="CREL"/>
		<feat xlink:href="#sSpan6239" value="VSTAT"/>
		<feat xlink:href="#sSpan6241" value="ADV"/>
		<feat xlink:href="#sSpan6245" value="PREP"/>
		<feat xlink:href="#sSpan6249" value="N"/>
		<feat xlink:href="#sSpan6252" value="PINT"/>
		<feat xlink:href="#sSpan6257" value="PUNCT"/>
		<feat xlink:href="#sSpan6261" value="AOPT_PPERS"/>
		<feat xlink:href="#sSpan6265" value="V"/>
		<feat xlink:href="#sSpan6268" value="PTC"/>
		<feat xlink:href="#sSpan6273" value="ADV"/>
		<feat xlink:href="#sSpan6277" value="PREP"/>
		<feat xlink:href="#sSpan6281" value="N"/>
		<feat xlink:href="#sSpan6284" value="CREL"/>
		<feat xlink:href="#sSpan6288" value="VBD"/>
		<feat xlink:href="#sSpan6291" value="PPERS"/>
		<feat xlink:href="#sSpan6293" value="CONJ"/>
		<feat xlink:href="#sSpan6297" value="PREP"/>
		<feat xlink:href="#sSpan6302" value="N"/>
		<feat xlink:href="#sSpan6305" value="CONJ"/>
		<feat xlink:href="#sSpan6309" value="PPOS"/>
		<feat xlink:href="#sSpan6314" value="N"/>
		<feat xlink:href="#sSpan6316" value="PREP"/>
		<feat xlink:href="#sSpan6320" value="ART"/>
		<feat xlink:href="#sSpan6324" value="N"/>
		<feat xlink:href="#sSpan6326" value="PPERS"/>
		<feat xlink:href="#sSpan6330" value="FUT"/>
		<feat xlink:href="#sSpan6333" value="V"/>
		<feat xlink:href="#sSpan6335" value="PREP"/>
		<feat xlink:href="#sSpan6339" value="PPERO"/>
		<feat xlink:href="#sSpan6341" value="PREP"/>
		<feat xlink:href="#sSpan6345" value="N"/>
		<feat xlink:href="#sSpan6348" value="V"/>
		<feat xlink:href="#sSpan6353" value="ADV"/>
		<feat xlink:href="#sSpan6358" value="PREP"/>
		<feat xlink:href="#sSpan6362" value="ART"/>
		<feat xlink:href="#sSpan6365" value="N"/>
		<feat xlink:href="#sSpan6367" value="PREP"/>
		<feat xlink:href="#sSpan6371" value="PPOS"/>
		<feat xlink:href="#sSpan6374" value="N"/>
		<feat xlink:href="#sSpan6376" value="CONJ"/>
		<feat xlink:href="#sSpan6382" value="ACONJ"/>
		<feat xlink:href="#sSpan6386" value="PPERS"/>
		<feat xlink:href="#sSpan6388" value="V"/>
		<feat xlink:href="#sSpan6390" value="PREP"/>
		<feat xlink:href="#sSpan6396" value="V"/>
		<feat xlink:href="#sSpan6400" value="PREP"/>
		<feat xlink:href="#sSpan6404" value="ART"/>
		<feat xlink:href="#sSpan6407" value="CREL"/>
		<feat xlink:href="#sSpan6409" value="VSTAT"/>
		<feat xlink:href="#sSpan6411" value="IMOD"/>
		<feat xlink:href="#sSpan6415" value="PPERO"/>
		<feat xlink:href="#sSpan6418" value="PTC"/>
		<feat xlink:href="#sSpan6423" value="AOPT_PPERS"/>
		<feat xlink:href="#sSpan6427" value="V"/>
		<feat xlink:href="#sSpan6429" value="PUNCT"/></featList></paula>