<?xml version='1.0' encoding='UTF-8'?><!DOCTYPE paula SYSTEM "paula_feat.dtd">
<paula version="1.1">
	<header paula_id="scriptorium.life.onnophrius.04.mark_pb_xml_id"/>
	<featList xmlns:xlink="http://www.w3.org/1999/xlink" type="pb_xml_id" xml:base="scriptorium.life.onnophrius.04.mark.xml">
		<feat xlink:href="#sSpan9" value="MERC.AC34"/>
		<feat xlink:href="#sSpan419" value="MERC.AC35"/>
		<feat xlink:href="#sSpan1033" value="MERC.AC36"/>
		<feat xlink:href="#sSpan1727" value="MERC.AC37"/>
		<feat xlink:href="#sSpan2328" value="MERC.AC38"/>
		<feat xlink:href="#sSpan2928" value="MERC.AC39"/>
		<feat xlink:href="#sSpan3560" value="MERC.AC40"/>
		<feat xlink:href="#sSpan4306" value="MERC.AC41"/>
		<feat xlink:href="#sSpan5026" value="MERC.AC42"/></featList></paula>