<?xml version='1.0' encoding='UTF-8'?><!DOCTYPE paula SYSTEM "paula_feat.dtd">
<paula version="1.1">
	<header paula_id="scriptorium.life.aphou.02.mark_p_n"/>
	<featList xmlns:xlink="http://www.w3.org/1999/xlink" type="p_n" xml:base="scriptorium.life.aphou.02.mark.xml">
		<feat xlink:href="#sSpan7" value="62"/>
		<feat xlink:href="#sSpan119" value="63"/>
		<feat xlink:href="#sSpan250" value="64"/>
		<feat xlink:href="#sSpan306" value="65"/>
		<feat xlink:href="#sSpan395" value="66"/>
		<feat xlink:href="#sSpan418" value="67"/>
		<feat xlink:href="#sSpan521" value="68"/>
		<feat xlink:href="#sSpan596" value="69"/>
		<feat xlink:href="#sSpan795" value="70"/>
		<feat xlink:href="#sSpan990" value="71"/>
		<feat xlink:href="#sSpan1132" value="72"/>
		<feat xlink:href="#sSpan1253" value="73"/>
		<feat xlink:href="#sSpan1397" value="74"/>
		<feat xlink:href="#sSpan1459" value="75"/>
		<feat xlink:href="#sSpan1559" value="76"/>
		<feat xlink:href="#sSpan1605" value="77"/>
		<feat xlink:href="#sSpan1828" value="78"/>
		<feat xlink:href="#sSpan1934" value="79"/>
		<feat xlink:href="#sSpan1984" value="80"/>
		<feat xlink:href="#sSpan2034" value="81"/>
		<feat xlink:href="#sSpan2084" value="82"/>
		<feat xlink:href="#sSpan2148" value="83"/>
		<feat xlink:href="#sSpan2271" value="84"/>
		<feat xlink:href="#sSpan2413" value="85"/>
		<feat xlink:href="#sSpan2504" value="86"/>
		<feat xlink:href="#sSpan2563" value="87"/>
		<feat xlink:href="#sSpan2645" value="88"/>
		<feat xlink:href="#sSpan2682" value="89"/>
		<feat xlink:href="#sSpan2752" value="90"/>
		<feat xlink:href="#sSpan2810" value="91"/>
		<feat xlink:href="#sSpan2895" value="92"/>
		<feat xlink:href="#sSpan3132" value="93"/>
		<feat xlink:href="#sSpan3391" value="94"/>
		<feat xlink:href="#sSpan3437" value="95"/>
		<feat xlink:href="#sSpan3590" value="96"/>
		<feat xlink:href="#sSpan3704" value="97"/>
		<feat xlink:href="#sSpan3767" value="98"/>
		<feat xlink:href="#sSpan3822" value="99"/>
		<feat xlink:href="#sSpan3915" value="100"/>
		<feat xlink:href="#sSpan4043" value="101"/>
		<feat xlink:href="#sSpan4289" value="102"/>
		<feat xlink:href="#sSpan4371" value="103"/>
		<feat xlink:href="#sSpan4455" value="104"/>
		<feat xlink:href="#sSpan4644" value="105"/>
		<feat xlink:href="#sSpan4710" value="106"/>
		<feat xlink:href="#sSpan4749" value="107"/>
		<feat xlink:href="#sSpan4816" value="108"/>
		<feat xlink:href="#sSpan4905" value="109"/>
		<feat xlink:href="#sSpan5150" value="110"/>
		<feat xlink:href="#sSpan5346" value="111"/>
		<feat xlink:href="#sSpan5434" value="112"/>
		<feat xlink:href="#sSpan5534" value="113"/>
		<feat xlink:href="#sSpan5576" value="114"/>
		<feat xlink:href="#sSpan5779" value="115"/>
		<feat xlink:href="#sSpan5862" value="116"/>
		<feat xlink:href="#sSpan5943" value="117"/>
		<feat xlink:href="#sSpan6079" value="118"/>
		<feat xlink:href="#sSpan6146" value="119"/>
		<feat xlink:href="#sSpan6222" value="120"/>
		<feat xlink:href="#sSpan6313" value="121"/>
		<feat xlink:href="#sSpan6385" value="122"/>
		<feat xlink:href="#sSpan6490" value="123"/>
		<feat xlink:href="#sSpan6587" value="124"/>
		<feat xlink:href="#sSpan6636" value="125"/>
		<feat xlink:href="#sSpan6843" value="126"/>
		<feat xlink:href="#sSpan6962" value="127"/>
		<feat xlink:href="#sSpan7053" value="128"/>
		<feat xlink:href="#sSpan7175" value="129"/>
		<feat xlink:href="#sSpan7299" value="130"/>
		<feat xlink:href="#sSpan7382" value="131"/>
		<feat xlink:href="#sSpan7562" value="132"/></featList></paula>