<?xml version='1.0' encoding='UTF-8'?><!DOCTYPE paula SYSTEM "paula_feat.dtd">
<paula version="1.1">
	<header paula_id="scriptorium.life.aphou.02.mark_translation"/>
	<featList xmlns:xlink="http://www.w3.org/1999/xlink" type="translation" xml:base="scriptorium.life.aphou.02.mark.xml">
		<feat xlink:href="#sSpan6" value="..."/>
		<feat xlink:href="#sSpan118" value="..."/>
		<feat xlink:href="#sSpan249" value="..."/>
		<feat xlink:href="#sSpan305" value="..."/>
		<feat xlink:href="#sSpan394" value="..."/>
		<feat xlink:href="#sSpan417" value="..."/>
		<feat xlink:href="#sSpan520" value="..."/>
		<feat xlink:href="#sSpan595" value="..."/>
		<feat xlink:href="#sSpan794" value="..."/>
		<feat xlink:href="#sSpan989" value="..."/>
		<feat xlink:href="#sSpan1131" value="..."/>
		<feat xlink:href="#sSpan1252" value="..."/>
		<feat xlink:href="#sSpan1396" value="..."/>
		<feat xlink:href="#sSpan1458" value="..."/>
		<feat xlink:href="#sSpan1558" value="..."/>
		<feat xlink:href="#sSpan1604" value="..."/>
		<feat xlink:href="#sSpan1827" value="..."/>
		<feat xlink:href="#sSpan1933" value="..."/>
		<feat xlink:href="#sSpan1983" value="..."/>
		<feat xlink:href="#sSpan2033" value="..."/>
		<feat xlink:href="#sSpan2083" value="..."/>
		<feat xlink:href="#sSpan2147" value="..."/>
		<feat xlink:href="#sSpan2270" value="..."/>
		<feat xlink:href="#sSpan2412" value="..."/>
		<feat xlink:href="#sSpan2503" value="..."/>
		<feat xlink:href="#sSpan2562" value="..."/>
		<feat xlink:href="#sSpan2644" value="..."/>
		<feat xlink:href="#sSpan2681" value="..."/>
		<feat xlink:href="#sSpan2751" value="..."/>
		<feat xlink:href="#sSpan2809" value="..."/>
		<feat xlink:href="#sSpan2894" value="..."/>
		<feat xlink:href="#sSpan3131" value="..."/>
		<feat xlink:href="#sSpan3390" value="..."/>
		<feat xlink:href="#sSpan3436" value="..."/>
		<feat xlink:href="#sSpan3589" value="..."/>
		<feat xlink:href="#sSpan3703" value="..."/>
		<feat xlink:href="#sSpan3766" value="..."/>
		<feat xlink:href="#sSpan3821" value="..."/>
		<feat xlink:href="#sSpan3914" value="..."/>
		<feat xlink:href="#sSpan4042" value="..."/>
		<feat xlink:href="#sSpan4288" value="..."/>
		<feat xlink:href="#sSpan4370" value="..."/>
		<feat xlink:href="#sSpan4454" value="..."/>
		<feat xlink:href="#sSpan4643" value="..."/>
		<feat xlink:href="#sSpan4709" value="..."/>
		<feat xlink:href="#sSpan4748" value="..."/>
		<feat xlink:href="#sSpan4815" value="..."/>
		<feat xlink:href="#sSpan4904" value="..."/>
		<feat xlink:href="#sSpan5149" value="..."/>
		<feat xlink:href="#sSpan5345" value="..."/>
		<feat xlink:href="#sSpan5433" value="..."/>
		<feat xlink:href="#sSpan5533" value="..."/>
		<feat xlink:href="#sSpan5575" value="..."/>
		<feat xlink:href="#sSpan5778" value="..."/>
		<feat xlink:href="#sSpan5861" value="..."/>
		<feat xlink:href="#sSpan5942" value="..."/>
		<feat xlink:href="#sSpan6078" value="..."/>
		<feat xlink:href="#sSpan6145" value="..."/>
		<feat xlink:href="#sSpan6221" value="..."/>
		<feat xlink:href="#sSpan6312" value="..."/>
		<feat xlink:href="#sSpan6384" value="..."/>
		<feat xlink:href="#sSpan6489" value="..."/>
		<feat xlink:href="#sSpan6586" value="..."/>
		<feat xlink:href="#sSpan6635" value="..."/>
		<feat xlink:href="#sSpan6842" value="..."/>
		<feat xlink:href="#sSpan6961" value="..."/>
		<feat xlink:href="#sSpan7052" value="..."/>
		<feat xlink:href="#sSpan7174" value="..."/>
		<feat xlink:href="#sSpan7298" value="..."/>
		<feat xlink:href="#sSpan7381" value="..."/>
		<feat xlink:href="#sSpan7561" value="..."/></featList></paula>