<?xml version='1.0' encoding='UTF-8'?><!DOCTYPE paula SYSTEM "paula_feat.dtd">
<paula version="1.1">
	<header paula_id="scriptorium.life.aphou.02.mark_norm_group"/>
	<featList xmlns:xlink="http://www.w3.org/1999/xlink" type="norm_group" xml:base="scriptorium.life.aphou.02.mark.xml">
		<feat xlink:href="#sSpan3" value="ⲁⲩⲱ"/>
		<feat xlink:href="#sSpan11" value="ⲛⲧⲉⲩⲛⲟⲩ"/>
		<feat xlink:href="#sSpan19" value="ⲁϥⲥϩⲁⲓ"/>
		<feat xlink:href="#sSpan28" value="ⲉⲃⲟⲗ"/>
		<feat xlink:href="#sSpan32" value="ϩⲛⲧⲉⲭⲱⲣⲁ"/>
		<feat xlink:href="#sSpan43" value="ⲧⲏⲣⲥ"/>
		<feat xlink:href="#sSpan49" value="ⲉϥⲁⲡⲟⲕⲩⲣⲏⲥⲥⲉ"/>
		<feat xlink:href="#sSpan57" value="ⲛⲧⲗⲉⲝⲓⲥ"/>
		<feat xlink:href="#sSpan67" value="ⲉⲧⲙⲙⲁⲩ"/>
		<feat xlink:href="#sSpan73" value="ϫⲉⲉⲥϣⲟϥⲧ"/>
		<feat xlink:href="#sSpan83" value="ⲁⲩⲱ"/>
		<feat xlink:href="#sSpan87" value="ϩⲛⲟⲩⲙⲛⲧⲁⲛⲟⲏⲧⲟⲥ"/>
		<feat xlink:href="#sSpan99" value="ⲛⲧⲁⲛⲙⲉⲉⲩⲉ"/>
		<feat xlink:href="#sSpan109" value="ⲉⲣⲟⲥ"/>
		<feat xlink:href="#sSpan115" value="ⲙⲛⲛⲥⲁⲛⲁⲓ"/>
		<feat xlink:href="#sSpan126" value="ⲇⲉ"/>
		<feat xlink:href="#sSpan130" value="ⲁϥⲧⲁⲣⲕⲉⲡⲙⲁⲕⲁⲣⲓⲟⲥ"/>
		<feat xlink:href="#sSpan146" value="ⲉϥϫⲱ"/>
		<feat xlink:href="#sSpan154" value="ⲙⲙⲟⲥ"/>
		<feat xlink:href="#sSpan160" value="ϫⲉⲙⲁⲧⲁⲙⲟⲓ"/>
		<feat xlink:href="#sSpan168" value="ϫⲉⲟⲩ"/>
		<feat xlink:href="#sSpan174" value="ⲡⲉ"/>
		<feat xlink:href="#sSpan179" value="ⲡⲉⲕⲃⲓⲟⲥ"/>
		<feat xlink:href="#sSpan186" value="ⲁⲩⲱ"/>
		<feat xlink:href="#sSpan190" value="ⲛⲧⲕⲟⲩⲣⲙⲧⲱⲛ"/>
		<feat xlink:href="#sSpan198" value="ϩⲙⲡⲉⲕⲅⲉⲛⲟⲥ"/>
		<feat xlink:href="#sSpan208" value="ϯⲛⲁⲩ"/>
		<feat xlink:href="#sSpan215" value="ⲅⲁⲣ"/>
		<feat xlink:href="#sSpan219" value="ⲉⲡⲉⲕⲥⲙⲟⲧ"/>
		<feat xlink:href="#sSpan228" value="ⲛⲧϩⲉ"/>
		<feat xlink:href="#sSpan236" value="ⲛⲛⲓϩⲓⲇⲓⲱⲧⲏⲥ"/>
		<feat xlink:href="#sSpan246" value="ϯⲥⲱⲧⲙ"/>
		<feat xlink:href="#sSpan256" value="ⲇⲉ"/>
		<feat xlink:href="#sSpan260" value="ϩⲱⲱϥ"/>
		<feat xlink:href="#sSpan266" value="ⲉⲛⲉⲕϣⲁϫⲉ"/>
		<feat xlink:href="#sSpan275" value="ⲉⲩϫⲟⲥⲉ"/>
		<feat xlink:href="#sSpan283" value="ⲉⲙⲁⲧⲉ"/>
		<feat xlink:href="#sSpan288" value="ⲡⲁⲣⲁ"/>
		<feat xlink:href="#sSpan292" value="ⲛⲁⲛⲥⲟⲫⲟⲥ"/>
		<feat xlink:href="#sSpan302" value="ⲁϥⲟⲩⲱϣⲃ"/>
		<feat xlink:href="#sSpan313" value="ⲉϥϫⲱ"/>
		<feat xlink:href="#sSpan321" value="ⲙⲙⲟⲥ"/>
		<feat xlink:href="#sSpan327" value="ϫⲉⲁⲓⲟⲩⲱϣ"/>
		<feat xlink:href="#sSpan338" value="ⲙⲉⲛ"/>
		<feat xlink:href="#sSpan342" value="ⲉⲱⲛϩ"/>
		<feat xlink:href="#sSpan350" value="ϩⲱⲥ"/>
		<feat xlink:href="#sSpan357" value="ⲙⲟⲛⲁⲭⲟⲥ"/>
		<feat xlink:href="#sSpan362" value="ⲡⲗⲏⲛ"/>
		<feat xlink:href="#sSpan366" value="ϯⲟⲩⲏⲩ"/>
		<feat xlink:href="#sSpan372" value="ⲉⲃⲟⲗ"/>
		<feat xlink:href="#sSpan376" value="ⲙⲡⲧⲁⲉⲓⲟ"/>
		<feat xlink:href="#sSpan385" value="ⲉⲧⲙⲙⲁⲩ"/>
		<feat xlink:href="#sSpan391" value="ⲁⲩⲱ"/>
		<feat xlink:href="#sSpan398" value="ⲟⲛ"/>
		<feat xlink:href="#sSpan402" value="ⲁⲛⲅⲟⲩⲣⲙⲡⲉⲙϫⲉ"/>
		<feat xlink:href="#sSpan414" value="ⲁⲗⲗⲁ"/>
		<feat xlink:href="#sSpan422" value="ⲉⲡⲉⲓⲇⲏ"/>
		<feat xlink:href="#sSpan426" value="ⲛⲧⲟⲕ"/>
		<feat xlink:href="#sSpan431" value="ⲡⲉⲧⲛⲧⲁϫⲣⲏⲩ"/>
		<feat xlink:href="#sSpan441" value="ⲉϫⲛⲧⲉⲕⲥⲟⲫⲓⲁ"/>
		<feat xlink:href="#sSpan452" value="ⲉⲧⲃⲉⲡⲁⲓ"/>
		<feat xlink:href="#sSpan459" value="ⲁⲡϫⲁϫⲉ"/>
		<feat xlink:href="#sSpan468" value="ϩⲓⲧⲟⲟⲧϥ"/>
		<feat xlink:href="#sSpan474" value="ⲉⲣⲡⲁⲓ"/>
		<feat xlink:href="#sSpan483" value="ϩⲓⲧⲟⲟⲧⲕ"/>
		<feat xlink:href="#sSpan489" value="ⲉϥⲥⲟⲟⲩⲛ"/>
		<feat xlink:href="#sSpan497" value="ϫⲉⲟⲩⲛⲟⲩⲙⲏⲏϣⲉ"/>
		<feat xlink:href="#sSpan508" value="ⲛⲁϫⲓϫⲣⲟⲡ"/>
		<feat xlink:href="#sSpan517" value="ⲉⲧⲃⲉⲡⲁⲓ"/>
		<feat xlink:href="#sSpan527" value="ⲛⲥⲉϯⲟⲥⲉ"/>
		<feat xlink:href="#sSpan537" value="ⲛⲥⲉⲧⲙⲥⲱⲧⲙ"/>
		<feat xlink:href="#sSpan547" value="ⲉⲡϣⲁϫⲉ"/>
		<feat xlink:href="#sSpan556" value="ⲛⲧⲉⲥⲃⲱ"/>
		<feat xlink:href="#sSpan565" value="ⲉⲧⲟⲩⲁⲁⲃ"/>
		<feat xlink:href="#sSpan571" value="ⲉⲧⲛⲏⲩ"/>
		<feat xlink:href="#sSpan578" value="ⲉⲃⲟⲗ"/>
		<feat xlink:href="#sSpan582" value="ϩⲛⲣⲱⲕ"/>
		<feat xlink:href="#sSpan592" value="ⲡⲗⲏⲛ"/>
		<feat xlink:href="#sSpan599" value="ⲉⲧⲃⲉⲡⲙⲉ"/>
		<feat xlink:href="#sSpan606" value="ⲉⲧϣⲟⲟⲡ"/>
		<feat xlink:href="#sSpan612" value="ⲛϩⲏⲧⲕ"/>
		<feat xlink:href="#sSpan618" value="ⲉϩⲟⲩⲛ"/>
		<feat xlink:href="#sSpan622" value="ⲉⲡⲛⲟⲩⲧⲉ"/>
		<feat xlink:href="#sSpan632" value="ⲉⲓⲥϩⲏⲏⲧⲉ"/>
		<feat xlink:href="#sSpan638" value="ⲁⲕϫⲣⲟ"/>
		<feat xlink:href="#sSpan646" value="ⲉⲥⲙⲟⲧ"/>
		<feat xlink:href="#sSpan653" value="ⲛⲓⲙ"/>
		<feat xlink:href="#sSpan657" value="ⲛⲕⲟⲧⲥ"/>
		<feat xlink:href="#sSpan664" value="ⲛⲧⲉⲡⲇⲓⲁⲃⲟⲗⲟⲥ"/>
		<feat xlink:href="#sSpan674" value="ϩⲙⲡⲧⲣⲉⲕⲥⲱⲧⲙ"/>
		<feat xlink:href="#sSpan687" value="ⲉⲡϣⲁϫⲉ"/>
		<feat xlink:href="#sSpan696" value="ⲛⲧⲁⲙⲛⲧⲉⲗⲁⲭⲓⲥⲧⲟⲥ"/>
		<feat xlink:href="#sSpan708" value="ⲙⲡϥϭⲙϭⲟⲙ"/>
		<feat xlink:href="#sSpan717" value="ⲅⲁⲣ"/>
		<feat xlink:href="#sSpan721" value="ⲉϫⲁⲥⲧⲕ"/>
		<feat xlink:href="#sSpan729" value="ⲉⲩⲉⲛⲟⲛⲟⲓⲁ"/>
		<feat xlink:href="#sSpan738" value="ⲛϭⲓⲡⲙⲉⲅⲉⲑⲟⲥ"/>
		<feat xlink:href="#sSpan748" value="ⲉⲧⲛϩⲏⲧⲕ"/>
		<feat xlink:href="#sSpan757" value="ϩⲱⲥⲧⲉ"/>
		<feat xlink:href="#sSpan761" value="ⲉⲧⲣⲉⲕⲁⲙⲁϩⲧⲉ"/>
		<feat xlink:href="#sSpan771" value="ⲉϫⲙⲡⲉⲕⲟⲩⲱϣ"/>
		<feat xlink:href="#sSpan780" value="ⲙⲙⲓⲛ"/>
		<feat xlink:href="#sSpan784" value="ⲙⲙⲟⲕ"/>
		<feat xlink:href="#sSpan791" value="ⲁⲗⲗⲁ"/>
		<feat xlink:href="#sSpan798" value="ⲁⲕⲟⲩⲱⲛϩ"/>
		<feat xlink:href="#sSpan807" value="ⲉⲃⲟⲗ"/>
		<feat xlink:href="#sSpan811" value="ⲛⲧⲙⲛⲧⲕⲟⲩⲓ"/>
		<feat xlink:href="#sSpan822" value="ⲉⲧϩⲙⲡⲉⲭⲣⲓⲥⲧⲟⲥ"/>
		<feat xlink:href="#sSpan834" value="ⲛⲧϩⲉ"/>
		<feat xlink:href="#sSpan842" value="ϩⲱⲱϥ"/>
		<feat xlink:href="#sSpan848" value="ⲙⲡⲛⲟϭ"/>
		<feat xlink:href="#sSpan859" value="ⲙⲱⲩⲥⲏⲥ"/>
		<feat xlink:href="#sSpan864" value="ⲉⲁϥⲥⲱⲧⲙ"/>
		<feat xlink:href="#sSpan875" value="ⲛⲥⲁⲓⲱⲑⲟⲣ"/>
		<feat xlink:href="#sSpan883" value="ⲡⲟⲩⲏⲏⲃ"/>
		<feat xlink:href="#sSpan889" value="ⲙⲙⲁⲇⲓϩⲁⲙ"/>
		<feat xlink:href="#sSpan896" value="ⲉⲡⲁⲓ"/>
		<feat xlink:href="#sSpan903" value="ⲛⲁⲙⲉ"/>
		<feat xlink:href="#sSpan907" value="ⲡⲉⲛⲧⲁⲡⲥⲱⲧⲏⲣ"/>
		<feat xlink:href="#sSpan921" value="ϫⲟⲟϥ"/>
		<feat xlink:href="#sSpan927" value="ⲛⲛⲉⲛⲉⲓⲟⲧⲉ"/>
		<feat xlink:href="#sSpan936" value="ⲛⲁⲡⲟⲥⲧⲟⲗⲟⲥ"/>
		<feat xlink:href="#sSpan943" value="ϫⲉⲉⲧⲉⲧⲛⲕⲉⲧ"/>
		<feat xlink:href="#sSpan953" value="ⲧⲏⲩⲧⲛ"/>
		<feat xlink:href="#sSpan957" value="ⲛⲧⲉⲧⲛⲣ"/>
		<feat xlink:href="#sSpan966" value="ⲧϩⲉ"/>
		<feat xlink:href="#sSpan972" value="ⲛⲛⲓϣⲏⲣⲉ"/>
		<feat xlink:href="#sSpan982" value="ϣⲏⲙ"/>
		<feat xlink:href="#sSpan986" value="ⲛⲧⲟⲕ"/>
		<feat xlink:href="#sSpan994" value="ⲇⲉ"/>
		<feat xlink:href="#sSpan998" value="ⲁⲕⲟⲩⲟⲛϩⲕ"/>
		<feat xlink:href="#sSpan1008" value="ⲉⲃⲟⲗ"/>
		<feat xlink:href="#sSpan1012" value="ⲛⲁⲙⲉ"/>
		<feat xlink:href="#sSpan1016" value="ϫⲉⲁⲕⲕⲧⲟⲕ"/>
		<feat xlink:href="#sSpan1028" value="ⲧⲏⲣⲕ"/>
		<feat xlink:href="#sSpan1034" value="ⲉⲃⲟⲗ"/>
		<feat xlink:href="#sSpan1038" value="ϩⲙⲡϫⲟⲥⲉⲛϩⲏⲧ"/>
		<feat xlink:href="#sSpan1050" value="ⲉϩⲟⲩⲛ"/>
		<feat xlink:href="#sSpan1054" value="ⲉⲡⲧⲃⲃⲟ"/>
		<feat xlink:href="#sSpan1063" value="ⲙⲛⲧⲙⲛⲧϩⲁⲡⲗⲟⲩⲥ"/>
		<feat xlink:href="#sSpan1075" value="ⲛⲧⲙⲛⲧⲕⲟⲩⲓ"/>
		<feat xlink:href="#sSpan1086" value="ⲙⲛⲛⲥⲁⲛⲁⲓ"/>
		<feat xlink:href="#sSpan1093" value="ⲁϥⲥⲉⲡⲥⲱⲡϥ"/>
		<feat xlink:href="#sSpan1103" value="ⲉⲧⲣⲉϥϭⲱ"/>
		<feat xlink:href="#sSpan1113" value="ⲛⲙⲙⲁϥ"/>
		<feat xlink:href="#sSpan1119" value="ⲛϩⲉⲛϩⲟⲟⲩ"/>
		<feat xlink:href="#sSpan1128" value="ⲛⲧⲟϥ"/>
		<feat xlink:href="#sSpan1136" value="ⲇⲉ"/>
		<feat xlink:href="#sSpan1140" value="ⲁϥⲡⲁⲣⲁⲕⲁⲗⲉⲓ"/>
		<feat xlink:href="#sSpan1149" value="ⲉϥϫⲱ"/>
		<feat xlink:href="#sSpan1157" value="ⲙⲙⲟⲥ"/>
		<feat xlink:href="#sSpan1163" value="ϫⲉⲟⲩⲁⲧϭⲟⲙ"/>
		<feat xlink:href="#sSpan1174" value="ⲛⲁⲓ"/>
		<feat xlink:href="#sSpan1180" value="ⲡⲉ"/>
		<feat xlink:href="#sSpan1185" value="ⲡⲁⲓ"/>
		<feat xlink:href="#sSpan1189" value="ⲁⲩⲱ"/>
		<feat xlink:href="#sSpan1194" value="ⲧⲁⲓ"/>
		<feat xlink:href="#sSpan1198" value="ⲧⲉ"/>
		<feat xlink:href="#sSpan1202" value="ⲧϩⲉ"/>
		<feat xlink:href="#sSpan1208" value="ⲛⲧⲁϥⲉⲓ"/>
		<feat xlink:href="#sSpan1219" value="ⲉⲃⲟⲗ"/>
		<feat xlink:href="#sSpan1223" value="ϩⲓⲧⲟⲟⲧϥ"/>
		<feat xlink:href="#sSpan1229" value="ϩⲛⲟⲩⲉⲓⲣⲏⲛⲏ"/>
		<feat xlink:href="#sSpan1239" value="ⲙⲛⲟⲩⲧⲓⲙⲏ"/>
		<feat xlink:href="#sSpan1249" value="ⲛⲉϥⲙⲟⲕϩ"/>
		<feat xlink:href="#sSpan1261" value="ⲇⲉ"/>
		<feat xlink:href="#sSpan1265" value="ⲛϩⲏⲧ"/>
		<feat xlink:href="#sSpan1272" value="ⲉϥⲛⲏⲩ"/>
		<feat xlink:href="#sSpan1281" value="ⲉⲃⲟⲗ"/>
		<feat xlink:href="#sSpan1285" value="ϩⲓⲧⲟⲟⲧϥ"/>
		<feat xlink:href="#sSpan1291" value="ⲛⲧϩⲉ"/>
		<feat xlink:href="#sSpan1299" value="ⲛⲟⲩϣⲏⲣⲉ"/>
		<feat xlink:href="#sSpan1308" value="ⲉⲣⲉⲡⲉϥⲉⲓⲱⲧ"/>
		<feat xlink:href="#sSpan1317" value="ⲙⲟⲟϣⲉ"/>
		<feat xlink:href="#sSpan1322" value="ⲉⲃⲟⲗ"/>
		<feat xlink:href="#sSpan1326" value="ϩⲓⲧⲟⲟⲧϥ"/>
		<feat xlink:href="#sSpan1332" value="ⲙⲛⲛⲥⲁϣⲟⲙⲧⲉ"/>
		<feat xlink:href="#sSpan1340" value="ⲇⲉ"/>
		<feat xlink:href="#sSpan1344" value="ⲛⲣⲟⲙⲡⲉ"/>
		<feat xlink:href="#sSpan1350" value="ϫⲓⲛⲛⲧⲁⲛⲁⲓ"/>
		<feat xlink:href="#sSpan1361" value="ϣⲱⲡⲉ"/>
		<feat xlink:href="#sSpan1365" value="ⲁϥⲛⲕⲟⲧⲕ"/>
		<feat xlink:href="#sSpan1373" value="ⲛϭⲓⲡⲉⲡⲓⲥⲕⲟⲡⲟⲥ"/>
		<feat xlink:href="#sSpan1384" value="ⲙⲡⲙϫⲏ"/>
		<feat xlink:href="#sSpan1393" value="ⲁⲩⲱ"/>
		<feat xlink:href="#sSpan1401" value="ⲕⲁⲧⲁⲡϩⲉⲑⲟⲥ"/>
		<feat xlink:href="#sSpan1411" value="ⲁⲧⲡⲟⲗⲓⲥ"/>
		<feat xlink:href="#sSpan1421" value="ⲧⲏⲣⲥ"/>
		<feat xlink:href="#sSpan1427" value="ⲥⲱⲟⲩϩ"/>
		<feat xlink:href="#sSpan1431" value="ⲉⲛⲉⲥⲉⲣⲏⲩ"/>
		<feat xlink:href="#sSpan1439" value="ϩⲛⲟⲩⲥⲩⲙⲫⲱⲛⲓⲁ"/>
		<feat xlink:href="#sSpan1449" value="ⲛⲟⲩⲱⲧ"/>
		<feat xlink:href="#sSpan1455" value="ⲁⲩⲱ"/>
		<feat xlink:href="#sSpan1462" value="ⲁⲩϯⲯⲩⲫⲓⲥⲙⲁ"/>
		<feat xlink:href="#sSpan1474" value="ϩⲁⲟⲩⲁ"/>
		<feat xlink:href="#sSpan1481" value="ⲛⲛⲉⲡⲣⲉⲥⲃⲩⲧⲉⲣⲟⲥ"/>
		<feat xlink:href="#sSpan1490" value="ⲉⲩⲉⲩⲗⲁⲃⲏⲥ"/>
		<feat xlink:href="#sSpan1499" value="ϩⲱⲱϥ"/>
		<feat xlink:href="#sSpan1505" value="ⲡⲉ"/>
		<feat xlink:href="#sSpan1509" value="ⲁⲩϫⲟⲟⲩϥ"/>
		<feat xlink:href="#sSpan1519" value="ⲉⲣⲁⲕⲟⲧⲉ"/>
		<feat xlink:href="#sSpan1527" value="ⲙⲛⲛⲉⲯⲩⲫⲓⲥⲙⲁ"/>
		<feat xlink:href="#sSpan1537" value="ϫⲉⲉⲩⲉⲁⲁϥ"/>
		<feat xlink:href="#sSpan1547" value="ⲛⲉⲡⲓⲥⲕⲟⲡⲟⲥ"/>
		<feat xlink:href="#sSpan1555" value="ⲛⲧⲉⲣⲉϥϫⲓ"/>
		<feat xlink:href="#sSpan1568" value="ⲇⲉ"/>
		<feat xlink:href="#sSpan1572" value="ⲛⲛⲉⲥϩⲁⲓ"/>
		<feat xlink:href="#sSpan1581" value="ⲛϭⲓⲡⲁⲣⲭⲓⲉⲡⲓⲥⲕⲟⲡⲟⲥ"/>
		<feat xlink:href="#sSpan1592" value="ⲁⲡⲁ"/>
		<feat xlink:href="#sSpan1597" value="ⲑⲉⲟⲫⲓⲗⲟⲥ"/>
		<feat xlink:href="#sSpan1601" value="ⲁϥⲟⲩⲱϣⲃ"/>
		<feat xlink:href="#sSpan1612" value="ⲉϥϫⲱ"/>
		<feat xlink:href="#sSpan1620" value="ⲙⲙⲟⲥ"/>
		<feat xlink:href="#sSpan1626" value="ϫⲉⲁⲫⲟⲩ"/>
		<feat xlink:href="#sSpan1634" value="ⲟⲩⲙⲟⲛⲁⲭⲟⲥ"/>
		<feat xlink:href="#sSpan1642" value="ⲡⲉ"/>
		<feat xlink:href="#sSpan1646" value="ⲉⲡⲁⲧⲉⲧⲛⲡⲟⲗⲓⲥ"/>
		<feat xlink:href="#sSpan1658" value="ⲡⲉ"/>
		<feat xlink:href="#sSpan1662" value="ⲁⲛⲓϥ"/>
		<feat xlink:href="#sSpan1672" value="ⲛⲁⲓ"/>
		<feat xlink:href="#sSpan1678" value="ⲧⲁⲁϥ"/>
		<feat xlink:href="#sSpan1684" value="ⲛⲏⲧⲛ"/>
		<feat xlink:href="#sSpan1691" value="ⲛⲉⲡⲓⲥⲕⲟⲡⲟⲥ"/>
		<feat xlink:href="#sSpan1699" value="ⲁⲩⲟⲩⲱϣⲃ"/>
		<feat xlink:href="#sSpan1708" value="ⲇⲉ"/>
		<feat xlink:href="#sSpan1712" value="ⲛϭⲓⲛⲉⲡⲣⲉⲥⲃⲩⲧⲉⲣⲟⲥ"/>
		<feat xlink:href="#sSpan1722" value="ⲉⲩϫⲱ"/>
		<feat xlink:href="#sSpan1730" value="ⲙⲙⲟⲥ"/>
		<feat xlink:href="#sSpan1736" value="ϫⲉⲁⲛⲟⲛ"/>
		<feat xlink:href="#sSpan1742" value="ⲣⲱ"/>
		<feat xlink:href="#sSpan1746" value="ⲛⲧⲛⲥⲟⲟⲩⲛ"/>
		<feat xlink:href="#sSpan1754" value="ⲁⲛ"/>
		<feat xlink:href="#sSpan1758" value="ⲙⲙⲟⲛⲁⲭⲟⲥ"/>
		<feat xlink:href="#sSpan1766" value="ϩⲛⲛⲉⲛⲧⲟϣ"/>
		<feat xlink:href="#sSpan1775" value="ϫⲉⲁⲫⲟⲩ"/>
		<feat xlink:href="#sSpan1783" value="ⲁⲩⲱ"/>
		<feat xlink:href="#sSpan1787" value="ⲧⲛⲙⲉⲉⲩⲉ"/>
		<feat xlink:href="#sSpan1793" value="ⲟⲛ"/>
		<feat xlink:href="#sSpan1797" value="ϫⲉⲙⲛⲟⲩⲟⲛ"/>
		<feat xlink:href="#sSpan1807" value="ⲛϩⲏⲧⲛ"/>
		<feat xlink:href="#sSpan1814" value="ⲥⲟⲟⲩⲛ"/>
		<feat xlink:href="#sSpan1818" value="ⲙⲙⲟϥ"/>
		<feat xlink:href="#sSpan1824" value="ⲁϥⲟⲩⲱϣⲃ"/>
		<feat xlink:href="#sSpan1836" value="ⲇⲉ"/>
		<feat xlink:href="#sSpan1840" value="ⲟⲛ"/>
		<feat xlink:href="#sSpan1844" value="ⲛϭⲓⲡⲁⲣⲭⲓⲉⲡⲓⲥⲕⲟⲡⲟⲥ"/>
		<feat xlink:href="#sSpan1855" value="ⲉϥϫⲱ"/>
		<feat xlink:href="#sSpan1863" value="ⲙⲙⲟⲥ"/>
		<feat xlink:href="#sSpan1869" value="ⲛⲁⲩ"/>
		<feat xlink:href="#sSpan1875" value="ϫⲉⲉϣⲱⲡⲉ"/>
		<feat xlink:href="#sSpan1881" value="ⲛⲧⲉⲧⲛⲛⲁⲛⲧϥ"/>
		<feat xlink:href="#sSpan1891" value="ⲛⲁⲓ"/>
		<feat xlink:href="#sSpan1897" value="ⲁⲛ"/>
		<feat xlink:href="#sSpan1901" value="ⲛϯⲛⲁⲡⲉϣⲛⲣⲱⲙⲉ"/>
		<feat xlink:href="#sSpan1916" value="ⲛⲏⲧⲛ"/>
		<feat xlink:href="#sSpan1922" value="ⲁⲛ"/>
		<feat xlink:href="#sSpan1926" value="ⲧⲉⲛⲟⲩ"/>
		<feat xlink:href="#sSpan1930" value="ⲛⲧⲟⲟⲩ"/>
		<feat xlink:href="#sSpan1938" value="ⲇⲉ"/>
		<feat xlink:href="#sSpan1942" value="ⲁⲩⲉⲓ"/>
		<feat xlink:href="#sSpan1951" value="ⲉⲃⲟⲗ"/>
		<feat xlink:href="#sSpan1955" value="ϩⲓⲧⲟⲟⲧϥ"/>
		<feat xlink:href="#sSpan1961" value="ⲁⲩⲃⲱⲕ"/>
		<feat xlink:href="#sSpan1970" value="ⲉⲧⲉⲩⲡⲟⲗⲓⲥ"/>
		<feat xlink:href="#sSpan1980" value="ⲁⲩϣⲓⲛⲉ"/>
		<feat xlink:href="#sSpan1992" value="ⲛⲥⲁⲡⲣⲱⲙⲉ"/>
		<feat xlink:href="#sSpan2001" value="ⲁⲩⲱ"/>
		<feat xlink:href="#sSpan2005" value="ⲙⲡⲟⲩⲥⲟⲩⲱⲛϥ"/>
		<feat xlink:href="#sSpan2015" value="ϩⲙⲡⲧⲟϣ"/>
		<feat xlink:href="#sSpan2024" value="ⲧⲏⲣϥ"/>
		<feat xlink:href="#sSpan2030" value="ⲉⲛⲉϥϣⲟⲟⲡ"/>
		<feat xlink:href="#sSpan2044" value="ⲅⲁⲣ"/>
		<feat xlink:href="#sSpan2048" value="ⲁⲛ"/>
		<feat xlink:href="#sSpan2052" value="ⲡⲉ"/>
		<feat xlink:href="#sSpan2056" value="ⲙⲛⲛⲣⲱⲙⲉ"/>
		<feat xlink:href="#sSpan2066" value="ⲁⲗⲗⲁ"/>
		<feat xlink:href="#sSpan2070" value="ⲙⲛⲛⲉⲑⲏⲣⲓⲟⲛ"/>
		<feat xlink:href="#sSpan2080" value="ⲛⲧⲉⲣⲟⲩⲑⲗⲓⲃⲉ"/>
		<feat xlink:href="#sSpan2094" value="ⲇⲉ"/>
		<feat xlink:href="#sSpan2098" value="ⲁⲩⲥⲱⲟⲩϩ"/>
		<feat xlink:href="#sSpan2106" value="ⲉϩⲟⲩⲛ"/>
		<feat xlink:href="#sSpan2111" value="ⲛⲙⲙⲟⲛⲁⲭⲟⲥ"/>
		<feat xlink:href="#sSpan2121" value="ⲁⲩⲱ"/>
		<feat xlink:href="#sSpan2125" value="ⲁⲩϫⲛⲟⲩⲟⲩ"/>
		<feat xlink:href="#sSpan2135" value="ⲉⲡⲣⲱⲙⲉ"/>
		<feat xlink:href="#sSpan2144" value="ⲁϥⲟⲩⲱϣⲃ"/>
		<feat xlink:href="#sSpan2156" value="ⲇⲉ"/>
		<feat xlink:href="#sSpan2160" value="ⲛϭⲓⲡⲉⲧⲥⲟⲟⲩⲛ"/>
		<feat xlink:href="#sSpan2171" value="ⲙⲙⲟϥ"/>
		<feat xlink:href="#sSpan2177" value="ⲛϩⲏⲧⲟⲩ"/>
		<feat xlink:href="#sSpan2183" value="ϫⲉⲥⲉ"/>
		<feat xlink:href="#sSpan2189" value="ϯⲥⲟⲟⲩⲛ"/>
		<feat xlink:href="#sSpan2195" value="ⲙⲙⲟϥ"/>
		<feat xlink:href="#sSpan2201" value="ϩⲁⲧϩⲏ"/>
		<feat xlink:href="#sSpan2210" value="ⲙⲡϩⲟⲟⲩ"/>
		<feat xlink:href="#sSpan2219" value="ⲛⲉϣⲁⲓϭⲛⲧϥ"/>
		<feat xlink:href="#sSpan2232" value="ⲇⲉ"/>
		<feat xlink:href="#sSpan2236" value="ⲡⲉ"/>
		<feat xlink:href="#sSpan2240" value="ϩⲛⲧⲉⲣⲏⲙⲟⲥ"/>
		<feat xlink:href="#sSpan2250" value="ⲉϥϭⲉⲉⲧ"/>
		<feat xlink:href="#sSpan2258" value="ⲙⲛⲛϣⲟϣ"/>
		<feat xlink:href="#sSpan2267" value="ⲛⲧⲉⲩⲛⲟⲩ"/>
		<feat xlink:href="#sSpan2279" value="ⲇⲉ"/>
		<feat xlink:href="#sSpan2283" value="ⲁⲩⲕⲉⲗⲉⲩⲉ"/>
		<feat xlink:href="#sSpan2292" value="ⲉⲧⲣⲉⲛϭⲉⲣⲁϭⲉ"/>
		<feat xlink:href="#sSpan2303" value="ϭⲱⲣϭ"/>
		<feat xlink:href="#sSpan2307" value="ⲉⲣⲟϥ"/>
		<feat xlink:href="#sSpan2313" value="ⲛⲥⲉϭⲟⲡϥ"/>
		<feat xlink:href="#sSpan2323" value="ⲉⲃⲟⲗ"/>
		<feat xlink:href="#sSpan2328" value="ϫⲉⲁⲡⲥⲟⲛ"/>
		<feat xlink:href="#sSpan2340" value="ⲧⲁⲙⲟⲟⲩ"/>
		<feat xlink:href="#sSpan2346" value="ϫⲉⲉϥϣⲁⲛⲉⲓⲙⲉ"/>
		<feat xlink:href="#sSpan2361" value="ⲉⲡⲁⲓ"/>
		<feat xlink:href="#sSpan2368" value="ϫⲉⲉⲧⲉⲧⲛϣⲓⲛⲉ"/>
		<feat xlink:href="#sSpan2378" value="ⲛⲥⲱϥ"/>
		<feat xlink:href="#sSpan2384" value="ⲉⲁⲁϥ"/>
		<feat xlink:href="#sSpan2393" value="ⲛⲉⲡⲓⲥⲕⲟⲡⲟⲥ"/>
		<feat xlink:href="#sSpan2401" value="ϥⲛⲁⲡⲱⲧ"/>
		<feat xlink:href="#sSpan2409" value="ⲛϭⲉⲣⲁϭⲉ"/>
		<feat xlink:href="#sSpan2419" value="ϭⲉ"/>
		<feat xlink:href="#sSpan2423" value="ⲁⲩϭⲱⲣϭ"/>
		<feat xlink:href="#sSpan2431" value="ⲉⲣⲟϥ"/>
		<feat xlink:href="#sSpan2437" value="ϩⲛⲛⲉⲩϭⲟⲣϭⲥ"/>
		<feat xlink:href="#sSpan2446" value="ⲁⲩⲱ"/>
		<feat xlink:href="#sSpan2450" value="ⲁϥⲉⲓ"/>
		<feat xlink:href="#sSpan2459" value="ⲉⲃⲟⲗ"/>
		<feat xlink:href="#sSpan2463" value="ⲛⲧⲉⲩϣⲏ"/>
		<feat xlink:href="#sSpan2472" value="ϫⲉⲉϥⲛⲁⲥⲱ"/>
		<feat xlink:href="#sSpan2484" value="ⲙⲙⲟⲟⲩ"/>
		<feat xlink:href="#sSpan2491" value="ⲙⲛⲛϣⲟϣ"/>
		<feat xlink:href="#sSpan2500" value="ⲛⲧⲉⲩⲛⲟⲩ"/>
		<feat xlink:href="#sSpan2512" value="ⲇⲉ"/>
		<feat xlink:href="#sSpan2516" value="ⲁⲛϭⲉⲣⲁϭⲉ"/>
		<feat xlink:href="#sSpan2525" value="ϥⲱϭⲉ"/>
		<feat xlink:href="#sSpan2529" value="ⲉϫⲱϥ"/>
		<feat xlink:href="#sSpan2535" value="ⲁⲩϭⲟⲡϥ"/>
		<feat xlink:href="#sSpan2545" value="ⲁⲩⲁⲙⲁϩⲧⲉ"/>
		<feat xlink:href="#sSpan2553" value="ⲙⲙⲟϥ"/>
		<feat xlink:href="#sSpan2559" value="ⲁϥϣⲁϫⲉ"/>
		<feat xlink:href="#sSpan2571" value="ⲇⲉ"/>
		<feat xlink:href="#sSpan2575" value="ⲛⲙⲙⲁⲩ"/>
		<feat xlink:href="#sSpan2581" value="ϫⲉⲟⲩ"/>
		<feat xlink:href="#sSpan2587" value="ⲡⲉ"/>
		<feat xlink:href="#sSpan2592" value="ⲡⲉⲧⲛϩⲱⲃ"/>
		<feat xlink:href="#sSpan2598" value="ⲛⲙⲙⲁⲓ"/>
		<feat xlink:href="#sSpan2604" value="ⲉⲧⲉⲧⲛⲁⲙⲁϩⲧⲉ"/>
		<feat xlink:href="#sSpan2612" value="ⲙⲙⲟⲓ"/>
		<feat xlink:href="#sSpan2618" value="ⲁⲛⲅⲟⲩⲣⲱⲙⲉ"/>
		<feat xlink:href="#sSpan2627" value="ϩⲱⲱⲧ"/>
		<feat xlink:href="#sSpan2633" value="ⲛⲧⲉⲧⲛϩⲉ"/>
		<feat xlink:href="#sSpan2641" value="ⲉϣϫⲉ"/>
		<feat xlink:href="#sSpan2648" value="ⲉⲧⲉⲧⲛϭⲉⲡⲧⲃⲛⲏ"/>
		<feat xlink:href="#sSpan2657" value="ⲉⲓⲥ"/>
		<feat xlink:href="#sSpan2662" value="ⲡϣⲟϣ"/>
		<feat xlink:href="#sSpan2668" value="ⲁⲧⲉⲧⲛϭⲉⲡϥ"/>
		<feat xlink:href="#sSpan2678" value="ⲡⲉϫⲁⲩ"/>
		<feat xlink:href="#sSpan2687" value="ⲛⲁϥ"/>
		<feat xlink:href="#sSpan2693" value="ϫⲉⲧⲛⲥⲟⲟⲩⲛ"/>
		<feat xlink:href="#sSpan2701" value="ϫⲉⲛⲧⲕⲟⲩⲣⲱⲙⲉ"/>
		<feat xlink:href="#sSpan2712" value="ⲁⲩⲱ"/>
		<feat xlink:href="#sSpan2716" value="ⲉⲛⲕⲱⲧⲉ"/>
		<feat xlink:href="#sSpan2724" value="ⲛⲥⲱⲕ"/>
		<feat xlink:href="#sSpan2731" value="ⲉⲧⲃⲉⲡⲁⲓ"/>
		<feat xlink:href="#sSpan2738" value="ⲁⲛϭⲟⲡⲕ"/>
		<feat xlink:href="#sSpan2748" value="ⲡⲉϫⲁϥ"/>
		<feat xlink:href="#sSpan2757" value="ⲛⲁⲩ"/>
		<feat xlink:href="#sSpan2763" value="ϫⲉⲁⲛⲟⲕ"/>
		<feat xlink:href="#sSpan2769" value="ⲟⲩⲛ"/>
		<feat xlink:href="#sSpan2773" value="ⲡⲉⲧⲉⲧⲛϣⲓⲛⲉ"/>
		<feat xlink:href="#sSpan2781" value="ⲛⲥⲱϥ"/>
		<feat xlink:href="#sSpan2787" value="ⲁⲗⲱⲧⲛ"/>
		<feat xlink:href="#sSpan2791" value="ϩⲁⲡⲁⲓ"/>
		<feat xlink:href="#sSpan2798" value="ⲙⲁⲣⲉϥⲃⲱⲕ"/>
		<feat xlink:href="#sSpan2806" value="ⲛⲧⲉⲩⲛⲟⲩ"/>
		<feat xlink:href="#sSpan2817" value="ⲁⲩⲕⲱ"/>
		<feat xlink:href="#sSpan2826" value="ⲉⲃⲟⲗ"/>
		<feat xlink:href="#sSpan2830" value="ⲙⲡϣⲟϣ"/>
		<feat xlink:href="#sSpan2839" value="ⲁⲩⲧⲁⲗⲟϥ"/>
		<feat xlink:href="#sSpan2849" value="ⲛⲧⲉⲩⲛⲟⲩ"/>
		<feat xlink:href="#sSpan2857" value="ⲁⲩⲛⲧϥ"/>
		<feat xlink:href="#sSpan2869" value="ⲉⲣⲁⲕⲟⲧⲉ"/>
		<feat xlink:href="#sSpan2875" value="ⲉⲣⲁⲧϥ"/>
		<feat xlink:href="#sSpan2881" value="ⲙⲡⲁⲣⲭⲓⲉⲡⲓⲥⲕⲟⲡⲟⲥ"/>
		<feat xlink:href="#sSpan2891" value="ⲛⲧⲉⲣⲉϥⲛⲁⲩ"/>
		<feat xlink:href="#sSpan2904" value="ⲇⲉ"/>
		<feat xlink:href="#sSpan2908" value="ⲉⲣⲟϥ"/>
		<feat xlink:href="#sSpan2914" value="ⲁϥⲣⲁϣⲉ"/>
		<feat xlink:href="#sSpan2922" value="ⲉⲙⲁⲧⲉ"/>
		<feat xlink:href="#sSpan2926" value="ⲁⲩⲱ"/>
		<feat xlink:href="#sSpan2930" value="ⲛⲧⲉⲣⲟⲩⲧⲁⲙⲟϥ"/>
		<feat xlink:href="#sSpan2940" value="ⲉⲧϩⲉ"/>
		<feat xlink:href="#sSpan2948" value="ⲛⲧⲁⲩϭⲟⲡϥ"/>
		<feat xlink:href="#sSpan2960" value="ⲙⲙⲟⲥ"/>
		<feat xlink:href="#sSpan2966" value="ⲁϥⲣϣⲡⲏⲣⲉ"/>
		<feat xlink:href="#sSpan2976" value="ⲉⲙⲁⲧⲉ"/>
		<feat xlink:href="#sSpan2980" value="ⲁⲩⲱ"/>
		<feat xlink:href="#sSpan2984" value="ⲡⲉϫⲁϥ"/>
		<feat xlink:href="#sSpan2990" value="ϫⲉⲁⲕⲉⲓⲁⲫⲟⲩ"/>
		<feat xlink:href="#sSpan3000" value="ⲁⲙⲟⲩ"/>
		<feat xlink:href="#sSpan3004" value="ϩⲱⲱⲕ"/>
		<feat xlink:href="#sSpan3010" value="ⲛⲅϣⲡϩⲓⲥⲉ"/>
		<feat xlink:href="#sSpan3020" value="ⲙⲛⲛⲉⲕϣⲃⲣ"/>
		<feat xlink:href="#sSpan3030" value="ⲙⲉⲗⲟⲥ"/>
		<feat xlink:href="#sSpan3034" value="ϣⲁⲡϩⲟⲟⲩ"/>
		<feat xlink:href="#sSpan3043" value="ⲉⲕⲙⲓϣⲉ"/>
		<feat xlink:href="#sSpan3051" value="ⲉⲣⲟⲕ"/>
		<feat xlink:href="#sSpan3057" value="ⲙⲁⲩⲁⲁⲕ"/>
		<feat xlink:href="#sSpan3063" value="ⲉⲕⲧⲟⲩϫⲟ"/>
		<feat xlink:href="#sSpan3071" value="ⲙⲙⲟⲕ"/>
		<feat xlink:href="#sSpan3077" value="ⲧⲉⲛⲟⲩ"/>
		<feat xlink:href="#sSpan3081" value="ϩⲱⲱϥ"/>
		<feat xlink:href="#sSpan3087" value="ⲕⲧⲟⲕ"/>
		<feat xlink:href="#sSpan3093" value="ⲛⲅⲧⲁϫⲣⲉ"/>
		<feat xlink:href="#sSpan3102" value="ⲛⲉⲕⲥⲛⲏⲩ"/>
		<feat xlink:href="#sSpan3108" value="ⲛⲅⲙⲓϣⲉ"/>
		<feat xlink:href="#sSpan3116" value="ⲉϫⲱⲟⲩ"/>
		<feat xlink:href="#sSpan3122" value="ⲛⲙⲙⲁⲕ"/>
		<feat xlink:href="#sSpan3128" value="ⲁϥⲟⲩⲱϣⲃ"/>
		<feat xlink:href="#sSpan3139" value="ⲛϭⲓⲁⲡⲁ"/>
		<feat xlink:href="#sSpan3148" value="ⲁⲫⲟⲩ"/>
		<feat xlink:href="#sSpan3152" value="ϫⲉⲁⲛⲅ"/>
		<feat xlink:href="#sSpan3158" value="ⲛⲓⲙ"/>
		<feat xlink:href="#sSpan3162" value="ⲁⲛⲟⲕ"/>
		<feat xlink:href="#sSpan3166" value="ⲡϫⲟⲉⲓⲥ"/>
		<feat xlink:href="#sSpan3173" value="ⲡⲁϫⲟⲉⲓⲥ"/>
		<feat xlink:href="#sSpan3179" value="ϫⲉⲉⲕⲉϫⲉⲛⲉⲓϣⲁϫⲉ"/>
		<feat xlink:href="#sSpan3190" value="ⲛⲁⲓ"/>
		<feat xlink:href="#sSpan3196" value="ⲛⲧⲉⲓϩⲉ"/>
		<feat xlink:href="#sSpan3204" value="ⲁⲛⲟⲕ"/>
		<feat xlink:href="#sSpan3209" value="ⲅⲁⲣ"/>
		<feat xlink:href="#sSpan3213" value="ⲁⲛⲅⲟⲩⲣⲱⲙⲉ"/>
		<feat xlink:href="#sSpan3222" value="ⲛⲁⲥⲑⲉⲛⲏⲥ"/>
		<feat xlink:href="#sSpan3229" value="ⲁⲩⲱ"/>
		<feat xlink:href="#sSpan3233" value="ⲉⲧⲃⲉⲧⲁⲙⲛⲧϭⲱⲃ"/>
		<feat xlink:href="#sSpan3244" value="ⲛⲧⲁⲓⲡⲱⲧ"/>
		<feat xlink:href="#sSpan3255" value="ⲉⲃⲟⲗ"/>
		<feat xlink:href="#sSpan3259" value="ⲛⲥⲩⲛⲧⲉⲭⲓⲁ"/>
		<feat xlink:href="#sSpan3266" value="ⲛⲛⲣⲱⲙⲉ"/>
		<feat xlink:href="#sSpan3275" value="ϫⲉⲛⲛⲉⲓⲃⲱⲕ"/>
		<feat xlink:href="#sSpan3285" value="ϩⲙⲡⲧⲱϩ"/>
		<feat xlink:href="#sSpan3294" value="ⲛⲛϩⲟⲉⲓⲙ"/>
		<feat xlink:href="#sSpan3303" value="ⲙⲙⲡⲓⲃⲓⲟⲥ"/>
		<feat xlink:href="#sSpan3311" value="ⲧⲉⲛⲟⲩ"/>
		<feat xlink:href="#sSpan3315" value="ϯⲧⲁⲣⲕⲟ"/>
		<feat xlink:href="#sSpan3321" value="ⲙⲙⲟⲕ"/>
		<feat xlink:href="#sSpan3327" value="ⲙⲡϫⲟⲉⲓⲥ"/>
		<feat xlink:href="#sSpan3336" value="ⲉⲧⲙⲧⲣⲉⲕϫⲓⲧ"/>
		<feat xlink:href="#sSpan3348" value="ⲛϭⲟⲛⲥ"/>
		<feat xlink:href="#sSpan3355" value="ⲡⲉⲓϩⲱⲃ"/>
		<feat xlink:href="#sSpan3362" value="ⲅⲁⲣ"/>
		<feat xlink:href="#sSpan3366" value="ⲟ"/>
		<feat xlink:href="#sSpan3370" value="ⲛⲁⲓ"/>
		<feat xlink:href="#sSpan3376" value="ⲛⲁⲧϭⲟⲙ"/>
		<feat xlink:href="#sSpan3387" value="ⲡⲁⲣⲭⲓⲉⲡⲓⲥⲕⲟⲡⲟⲥ"/>
		<feat xlink:href="#sSpan3398" value="ⲇⲉ"/>
		<feat xlink:href="#sSpan3402" value="ⲁϥⲗⲩⲡⲉⲓ"/>
		<feat xlink:href="#sSpan3411" value="ⲉⲙⲁⲧⲉ"/>
		<feat xlink:href="#sSpan3415" value="ⲉⲧⲃⲉⲡⲁⲛⲁϣ"/>
		<feat xlink:href="#sSpan3424" value="ⲙⲡϫⲟⲉⲓⲥ"/>
		<feat xlink:href="#sSpan3433" value="ⲁⲩⲱ"/>
		<feat xlink:href="#sSpan3440" value="ⲡⲉϫⲁϥ"/>
		<feat xlink:href="#sSpan3446" value="ⲛⲁϥ"/>
		<feat xlink:href="#sSpan3452" value="ϫⲉϥⲟⲛϩ"/>
		<feat xlink:href="#sSpan3460" value="ⲛϭⲓⲡϫⲟⲉⲓⲥ"/>
		<feat xlink:href="#sSpan3469" value="ϫⲉⲉⲕⲧⲙⲃⲟⲗⲧ"/>
		<feat xlink:href="#sSpan3483" value="ⲉⲃⲟⲗ"/>
		<feat xlink:href="#sSpan3487" value="ⲙⲡⲁⲛⲁϣ"/>
		<feat xlink:href="#sSpan3496" value="ⲛⲧⲁⲕⲙⲟⲣⲧ"/>
		<feat xlink:href="#sSpan3506" value="ⲛϩⲏⲧϥ"/>
		<feat xlink:href="#sSpan3512" value="ϯⲉⲓⲣⲉ"/>
		<feat xlink:href="#sSpan3518" value="ⲙⲙⲟⲕ"/>
		<feat xlink:href="#sSpan3524" value="ⲛϣⲙϣⲟ"/>
		<feat xlink:href="#sSpan3533" value="ⲉⲡⲧⲱϩⲙ"/>
		<feat xlink:href="#sSpan3542" value="ⲧⲏⲣϥ"/>
		<feat xlink:href="#sSpan3548" value="ⲛⲛⲉⲭⲣⲓⲥⲧⲓⲁ"/>
		<feat xlink:href="#sSpan3557" value="ⲛϫⲟⲉⲓⲥ"/>
		<feat xlink:href="#sSpan3564" value="ϩⲙⲡⲓⲁⲓⲱⲛ"/>
		<feat xlink:href="#sSpan3574" value="ⲙⲛⲡⲉⲧⲛⲏⲩ"/>
		<feat xlink:href="#sSpan3586" value="ⲛⲧⲉⲩⲛⲟⲩ"/>
		<feat xlink:href="#sSpan3598" value="ⲇⲉ"/>
		<feat xlink:href="#sSpan3602" value="ⲁϥⲡⲁϩⲧϥ"/>
		<feat xlink:href="#sSpan3612" value="ⲛϭⲓⲁⲡⲁ"/>
		<feat xlink:href="#sSpan3621" value="ⲁⲫⲟⲩ"/>
		<feat xlink:href="#sSpan3625" value="ⲉϥϫⲱ"/>
		<feat xlink:href="#sSpan3633" value="ⲙⲙⲟⲥ"/>
		<feat xlink:href="#sSpan3639" value="ϫⲉⲁⲓϭⲱⲧⲡ"/>
		<feat xlink:href="#sSpan3650" value="ⲡⲁⲓ"/>
		<feat xlink:href="#sSpan3655" value="ⲅⲁⲣ"/>
		<feat xlink:href="#sSpan3660" value="ⲟⲩϣⲗⲟϥ"/>
		<feat xlink:href="#sSpan3666" value="ⲛⲁⲓ"/>
		<feat xlink:href="#sSpan3672" value="ⲡⲉ"/>
		<feat xlink:href="#sSpan3676" value="ⲁⲩⲱ"/>
		<feat xlink:href="#sSpan3680" value="ⲟⲩⲑⲗⲓⲯⲓⲥ"/>
		<feat xlink:href="#sSpan3688" value="ⲧⲉ"/>
		<feat xlink:href="#sSpan3692" value="ϣⲁⲉⲛⲉϩ"/>
		<feat xlink:href="#sSpan3700" value="ⲉⲓⲥϩⲏⲏⲧⲉ"/>
		<feat xlink:href="#sSpan3709" value="ϯϩⲁϩⲧⲏⲕ"/>
		<feat xlink:href="#sSpan3715" value="ⲉϣϫⲉ"/>
		<feat xlink:href="#sSpan3719" value="ϯⲛⲁϣⲣⲡϩⲱⲃ"/>
		<feat xlink:href="#sSpan3732" value="ⲁⲣⲓⲣⲉ"/>
		<feat xlink:href="#sSpan3736" value="ⲛⲁⲓ"/>
		<feat xlink:href="#sSpan3742" value="ⲛⲧϩⲉ"/>
		<feat xlink:href="#sSpan3751" value="ⲉⲧⲣⲁⲛⲁⲕ"/>
		<feat xlink:href="#sSpan3763" value="ⲛⲧⲉⲩⲛⲟⲩ"/>
		<feat xlink:href="#sSpan3775" value="ⲇⲉ"/>
		<feat xlink:href="#sSpan3779" value="ⲁϥⲡⲁϩⲧϥ"/>
		<feat xlink:href="#sSpan3789" value="ϫⲉⲕⲱ"/>
		<feat xlink:href="#sSpan3795" value="ⲛⲁⲓ"/>
		<feat xlink:href="#sSpan3801" value="ⲉⲃⲟⲗ"/>
		<feat xlink:href="#sSpan3805" value="ⲡⲁϫⲟⲉⲓⲥ"/>
		<feat xlink:href="#sSpan3812" value="ⲛⲉⲓⲱⲧ"/>
		<feat xlink:href="#sSpan3818" value="ⲁⲩⲱ"/>
		<feat xlink:href="#sSpan3825" value="ⲁϥⲛⲟϭⲛⲉϥ"/>
		<feat xlink:href="#sSpan3833" value="ⲁϥϫⲟⲟⲩϥ"/>
		<feat xlink:href="#sSpan3843" value="ⲉⲧⲉϥⲡⲟⲗⲓⲥ"/>
		<feat xlink:href="#sSpan3853" value="ⲛⲧⲉⲣⲉϥⲁⲣⲭⲉⲓ"/>
		<feat xlink:href="#sSpan3864" value="ⲇⲉ"/>
		<feat xlink:href="#sSpan3868" value="ⲉⲧⲙⲛⲧⲉⲡⲓⲥⲕⲟⲡⲟⲥ"/>
		<feat xlink:href="#sSpan3881" value="ⲁϥⲁⲣⲭⲉⲓ"/>
		<feat xlink:href="#sSpan3890" value="ⲟⲛ"/>
		<feat xlink:href="#sSpan3894" value="ⲉⲕⲉⲡⲣⲁⲕⲧⲓⲕⲟⲛ"/>
		<feat xlink:href="#sSpan3903" value="ⲛⲧⲓⲙⲓⲛⲉ"/>
		<feat xlink:href="#sSpan3910" value="ⲧⲙⲛⲧⲉⲡⲓⲥⲕⲟⲡⲟⲥ"/>
		<feat xlink:href="#sSpan3924" value="ⲅⲁⲣ"/>
		<feat xlink:href="#sSpan3928" value="ⲧⲏⲣⲥ"/>
		<feat xlink:href="#sSpan3934" value="ⲛⲧⲁϥⲁⲁⲥ"/>
		<feat xlink:href="#sSpan3946" value="ⲙⲡϥⲣⲟⲩⲟⲩϣⲏ"/>
		<feat xlink:href="#sSpan3961" value="ⲛⲟⲩⲱⲧ"/>
		<feat xlink:href="#sSpan3967" value="ⲛⲛⲕⲟⲧⲕ"/>
		<feat xlink:href="#sSpan3975" value="ϩⲛⲧⲡⲟⲗⲓⲥ"/>
		<feat xlink:href="#sSpan3986" value="ⲟⲩⲇⲉ"/>
		<feat xlink:href="#sSpan3990" value="ⲙⲡϥⲟⲩⲉⲙⲟⲩⲟⲉⲓⲕ"/>
		<feat xlink:href="#sSpan4003" value="ⲛⲟⲩⲱⲧ"/>
		<feat xlink:href="#sSpan4009" value="ⲛϩⲏⲧⲥ"/>
		<feat xlink:href="#sSpan4015" value="ⲉⲡⲧⲏⲣϥ"/>
		<feat xlink:href="#sSpan4023" value="ⲛⲟⲩϩⲟⲟⲩ"/>
		<feat xlink:href="#sSpan4032" value="ⲛⲟⲩⲱⲧ"/>
		<feat xlink:href="#sSpan4039" value="ⲁⲗⲗⲁ"/>
		<feat xlink:href="#sSpan4046" value="ⲛⲉϥϭⲉⲉⲧ"/>
		<feat xlink:href="#sSpan4054" value="ⲙⲁⲩⲁⲁϥ"/>
		<feat xlink:href="#sSpan4060" value="ⲡⲉ"/>
		<feat xlink:href="#sSpan4064" value="ϩⲛⲟⲩⲙⲟⲛⲁⲥⲧⲏⲣⲓⲟⲛ"/>
		<feat xlink:href="#sSpan4075" value="ⲙⲡⲃⲟⲗ"/>
		<feat xlink:href="#sSpan4084" value="ⲛⲧⲡⲟⲗⲓⲥ"/>
		<feat xlink:href="#sSpan4095" value="ⲡⲥⲁⲃⲃⲁⲧⲟⲛ"/>
		<feat xlink:href="#sSpan4103" value="ⲇⲉ"/>
		<feat xlink:href="#sSpan4107" value="ⲛⲉϣⲁϥⲉⲓ"/>
		<feat xlink:href="#sSpan4118" value="ⲉⲧⲉⲕⲕⲗⲏⲥⲓⲁ"/>
		<feat xlink:href="#sSpan4129" value="ⲁⲩⲱ"/>
		<feat xlink:href="#sSpan4133" value="ⲛϥⲥⲉⲩϩⲡⲗⲁⲟⲥ"/>
		<feat xlink:href="#sSpan4147" value="ⲛϥϣⲁϫⲉ"/>
		<feat xlink:href="#sSpan4155" value="ⲛⲙⲙⲁⲩ"/>
		<feat xlink:href="#sSpan4161" value="ϩⲙⲡϣⲁϫⲉ"/>
		<feat xlink:href="#sSpan4170" value="ⲙⲡⲛⲟⲩⲧⲉ"/>
		<feat xlink:href="#sSpan4179" value="ϣⲁⲡⲣⲟⲩϩⲉ"/>
		<feat xlink:href="#sSpan4188" value="ⲁⲩⲱ"/>
		<feat xlink:href="#sSpan4193" value="ⲛⲉϣⲁⲩⲣⲧⲉⲩϣⲏ"/>
		<feat xlink:href="#sSpan4203" value="ⲙⲡⲥⲁⲃⲃⲁⲧⲟⲛ"/>
		<feat xlink:href="#sSpan4213" value="ⲉⲩⲉⲓⲣⲉ"/>
		<feat xlink:href="#sSpan4222" value="ⲛⲛⲉⲩⲥⲩⲛⲁⲝⲓⲥ"/>
		<feat xlink:href="#sSpan4232" value="ⲙⲛⲛⲉⲩϣⲗⲏⲗ"/>
		<feat xlink:href="#sSpan4241" value="ⲙⲛⲛⲉⲩⲯⲁⲗⲙⲟⲥ"/>
		<feat xlink:href="#sSpan4251" value="ⲉϥⲁϩⲉⲣⲁⲧϥ"/>
		<feat xlink:href="#sSpan4263" value="ϩⲓϫⲱⲟⲩ"/>
		<feat xlink:href="#sSpan4269" value="ϩⲛⲛⲗⲓⲧⲟⲩⲣⲅⲓⲁ"/>
		<feat xlink:href="#sSpan4279" value="ⲉⲧⲟⲩⲁⲁⲃ"/>
		<feat xlink:href="#sSpan4285" value="ⲁⲩⲱ"/>
		<feat xlink:href="#sSpan4292" value="ⲟⲛ"/>
		<feat xlink:href="#sSpan4296" value="ⲛϣⲁϥⲕⲁⲑⲏⲕⲉⲓ"/>
		<feat xlink:href="#sSpan4306" value="ⲙⲙⲟⲟⲩ"/>
		<feat xlink:href="#sSpan4312" value="ⲡⲉ"/>
		<feat xlink:href="#sSpan4317" value="ϣⲁϫⲡⲥⲟ"/>
		<feat xlink:href="#sSpan4323" value="ⲛⲧⲕⲩⲣⲓⲁⲕⲏ"/>
		<feat xlink:href="#sSpan4334" value="ⲛϥⲁⲛⲁⲭⲟⲣⲉⲓ"/>
		<feat xlink:href="#sSpan4342" value="ⲟⲛ"/>
		<feat xlink:href="#sSpan4346" value="ⲉⲡⲉϥⲙⲟⲛⲁⲥⲧⲏⲣⲓⲟⲛ"/>
		<feat xlink:href="#sSpan4357" value="ϣⲁⲡⲥⲁⲃⲃⲁⲧⲟⲛ"/>
		<feat xlink:href="#sSpan4367" value="ⲁϥⲕⲁⲑⲓⲥⲧⲁ"/>
		<feat xlink:href="#sSpan4380" value="ⲇⲉ"/>
		<feat xlink:href="#sSpan4384" value="ⲙⲡⲉⲡⲣⲉⲥⲃⲩⲧⲉⲣⲟⲥ"/>
		<feat xlink:href="#sSpan4395" value="ⲛⲧⲁⲩϫⲓⲧϥ"/>
		<feat xlink:href="#sSpan4407" value="ⲉⲁⲁϥ"/>
		<feat xlink:href="#sSpan4415" value="ⲛⲉⲡⲓⲥⲕⲟⲡⲟⲥ"/>
		<feat xlink:href="#sSpan4422" value="ⲉϩⲣⲁⲓ"/>
		<feat xlink:href="#sSpan4426" value="ⲉϫⲛⲧⲉⲕⲗⲟⲅⲓⲥⲧⲓⲁ"/>
		<feat xlink:href="#sSpan4435" value="ⲧⲏⲣⲥ"/>
		<feat xlink:href="#sSpan4441" value="ⲛⲧⲉⲕⲕⲗⲏⲥⲓⲁ"/>
		<feat xlink:href="#sSpan4451" value="ⲁⲩⲱ"/>
		<feat xlink:href="#sSpan4458" value="ⲛⲉϣⲁϥϯ"/>
		<feat xlink:href="#sSpan4468" value="ⲛⲛⲱⲡ"/>
		<feat xlink:href="#sSpan4477" value="ⲛⲧⲉⲕⲕⲗⲏⲥⲓⲁ"/>
		<feat xlink:href="#sSpan4487" value="ⲛⲟⲩⲥⲟⲡ"/>
		<feat xlink:href="#sSpan4497" value="ⲧⲉⲣⲟⲙⲡⲉ"/>
		<feat xlink:href="#sSpan4503" value="ⲁⲩⲱ"/>
		<feat xlink:href="#sSpan4507" value="ⲡⲉϣⲁϥⲥⲉⲉⲡⲉ"/>
		<feat xlink:href="#sSpan4518" value="ⲧⲏⲣϥ"/>
		<feat xlink:href="#sSpan4524" value="ⲉⲡⲁⲛϩⲟⲗⲟⲙⲁ"/>
		<feat xlink:href="#sSpan4533" value="ⲛⲧⲉⲕⲕⲗⲏⲥⲓⲁ"/>
		<feat xlink:href="#sSpan4543" value="ⲛⲉϣⲁϥϫⲟⲟϥ"/>
		<feat xlink:href="#sSpan4555" value="ⲉⲃⲟⲗ"/>
		<feat xlink:href="#sSpan4559" value="ⲉⲛϩⲏⲕⲉ"/>
		<feat xlink:href="#sSpan4568" value="ⲛⲧⲡⲟⲗⲓⲥ"/>
		<feat xlink:href="#sSpan4578" value="ⲙⲛⲛⲉⲧϩⲏⲛ"/>
		<feat xlink:href="#sSpan4589" value="ⲉⲣⲟϥ"/>
		<feat xlink:href="#sSpan4596" value="ϩⲱⲥⲧⲉ"/>
		<feat xlink:href="#sSpan4600" value="ⲛⲥⲉⲣⲡⲱⲃϣ"/>
		<feat xlink:href="#sSpan4613" value="ⲙⲡϩⲓⲥⲉ"/>
		<feat xlink:href="#sSpan4622" value="ⲛⲧⲉⲩⲙⲛⲧϩⲏⲕⲉ"/>
		<feat xlink:href="#sSpan4633" value="ⲉⲧⲃⲏⲏⲧϥ"/>
		<feat xlink:href="#sSpan4640" value="ⲕⲁⲓ"/>
		<feat xlink:href="#sSpan4648" value="ⲅⲁⲣ"/>
		<feat xlink:href="#sSpan4652" value="ⲛⲉⲣⲉⲛⲕⲉⲁⲣⲭⲱⲛ"/>
		<feat xlink:href="#sSpan4665" value="ϯ"/>
		<feat xlink:href="#sSpan4670" value="ⲛⲧⲟⲟⲧϥ"/>
		<feat xlink:href="#sSpan4676" value="ⲡⲉ"/>
		<feat xlink:href="#sSpan4680" value="ⲙⲡⲃⲟⲗ"/>
		<feat xlink:href="#sSpan4689" value="ⲛⲛⲕⲁ"/>
		<feat xlink:href="#sSpan4696" value="ⲛⲧⲉⲕⲕⲗⲏⲥⲓⲁ"/>
		<feat xlink:href="#sSpan4706" value="ⲁⲩⲱ"/>
		<feat xlink:href="#sSpan4713" value="ⲛⲉⲩϯ"/>
		<feat xlink:href="#sSpan4721" value="ⲛⲁϥ"/>
		<feat xlink:href="#sSpan4727" value="ⲛϩⲉⲛⲉⲣⲏⲧ"/>
		<feat xlink:href="#sSpan4735" value="ⲙⲛϩⲉⲛⲇⲱⲣⲟⲛ"/>
		<feat xlink:href="#sSpan4745" value="ⲁⲩⲱ"/>
		<feat xlink:href="#sSpan4752" value="ⲛⲉϥⲡⲱϣ"/>
		<feat xlink:href="#sSpan4760" value="ⲙⲙⲟⲟⲩ"/>
		<feat xlink:href="#sSpan4766" value="ⲡⲉ"/>
		<feat xlink:href="#sSpan4770" value="ⲉϫⲛⲟⲩⲟⲛ"/>
		<feat xlink:href="#sSpan4778" value="ⲛⲓⲙ"/>
		<feat xlink:href="#sSpan4783" value="ⲕⲁⲧⲁⲧϩⲉ"/>
		<feat xlink:href="#sSpan4791" value="ⲉⲧⲉⲣⲉⲡⲟⲩⲁⲡⲟⲩⲁ"/>
		<feat xlink:href="#sSpan4799" value="ⲣⲭⲣⲉⲓⲁ"/>
		<feat xlink:href="#sSpan4805" value="ⲙⲙⲟⲟⲩ"/>
		<feat xlink:href="#sSpan4812" value="ⲡⲥⲁⲃⲃⲁⲧⲟⲛ"/>
		<feat xlink:href="#sSpan4823" value="ⲇⲉ"/>
		<feat xlink:href="#sSpan4827" value="ⲛⲉϣⲁϥⲁⲁϥ"/>
		<feat xlink:href="#sSpan4839" value="ⲡⲉ"/>
		<feat xlink:href="#sSpan4844" value="ϩⲛ..."/>
		<feat xlink:href="#sSpan4849" value="ⲛⲉⲧϣⲁⲁⲧ"/>
		<feat xlink:href="#sSpan4858" value="ⲇⲉ"/>
		<feat xlink:href="#sSpan4862" value="ⲙⲛⲛⲉⲧϫⲏⲩ"/>
		<feat xlink:href="#sSpan4873" value="ⲛϭⲟⲛⲥ"/>
		<feat xlink:href="#sSpan4880" value="ⲛⲉϣⲁϥⲣⲱϣⲉ"/>
		<feat xlink:href="#sSpan4891" value="ⲉⲛⲉⲩⲭⲣⲉⲓⲁ"/>
		<feat xlink:href="#sSpan4901" value="ⲁⲩⲱ"/>
		<feat xlink:href="#sSpan4908" value="ⲛⲉϥⲙⲏⲛ"/>
		<feat xlink:href="#sSpan4916" value="ⲉⲃⲟⲗ"/>
		<feat xlink:href="#sSpan4920" value="ⲡⲉ"/>
		<feat xlink:href="#sSpan4924" value="ⲉϥⲧⲱⲟⲩⲛ"/>
		<feat xlink:href="#sSpan4933" value="ϩⲁⲧⲉⲩⲙⲛⲧϩⲣⲟⲩⲱ"/>
		<feat xlink:href="#sSpan4944" value="ϣⲁϫⲡⲯⲓⲧⲉ"/>
		<feat xlink:href="#sSpan4951" value="ϫⲓⲛⲛϫⲡⲯⲓⲧⲉ"/>
		<feat xlink:href="#sSpan4962" value="ⲉϩⲣⲁⲓ"/>
		<feat xlink:href="#sSpan4966" value="ϣⲁϥⲥⲣϥⲉ"/>
		<feat xlink:href="#sSpan4975" value="ⲉⲡⲉϣⲗⲏⲗ"/>
		<feat xlink:href="#sSpan4984" value="ⲉⲧⲟⲩⲁⲁⲃ"/>
		<feat xlink:href="#sSpan4990" value="ϣⲁⲡⲛⲁⲩ"/>
		<feat xlink:href="#sSpan4999" value="ⲛⲣⲟⲩϩⲉ"/>
		<feat xlink:href="#sSpan5005" value="ⲛϥⲥⲩⲛⲁⲅⲉ"/>
		<feat xlink:href="#sSpan5014" value="ⲙⲙⲟⲟⲩ"/>
		<feat xlink:href="#sSpan5020" value="ⲛϥⲉⲓ"/>
		<feat xlink:href="#sSpan5029" value="ⲉⲃⲟⲗ"/>
		<feat xlink:href="#sSpan5033" value="...ⲟⲛ"/>
		<feat xlink:href="#sSpan5039" value="ⲛϥϩⲩⲡⲟⲙⲓⲛⲉ"/>
		<feat xlink:href="#sSpan5048" value="ⲉⲡⲟⲩϣⲏⲛⲣⲟⲉⲓⲥ"/>
		<feat xlink:href="#sSpan5057" value="ϣⲁⲡⲛⲁⲩ"/>
		<feat xlink:href="#sSpan5066" value="ⲛϣⲱⲣⲡ"/>
		<feat xlink:href="#sSpan5072" value="ⲛⲉⲙⲉⲣⲉ"/>
		<feat xlink:href="#sSpan5079" value="ⲗⲁⲁⲩ"/>
		<feat xlink:href="#sSpan5084" value="ⲇⲉ"/>
		<feat xlink:href="#sSpan5089" value="ⲛⲥϩⲓⲙⲉ"/>
		<feat xlink:href="#sSpan5096" value="ⲧⲟⲗⲙⲁ"/>
		<feat xlink:href="#sSpan5100" value="ⲉϩⲱⲛ"/>
		<feat xlink:href="#sSpan5106" value="ⲉϩⲟⲩⲛ"/>
		<feat xlink:href="#sSpan5110" value="ⲉⲣⲟϥ"/>
		<feat xlink:href="#sSpan5116" value="ⲉϫⲓ"/>
		<feat xlink:href="#sSpan5123" value="ⲉⲣⲉⲗⲁⲁⲩ"/>
		<feat xlink:href="#sSpan5132" value="ⲛⲛⲟⲩⲃ"/>
		<feat xlink:href="#sSpan5139" value="ⲙⲙⲟⲥ"/>
		<feat xlink:href="#sSpan5146" value="ⲧⲁⲓ"/>
		<feat xlink:href="#sSpan5153" value="ⲧⲉ"/>
		<feat xlink:href="#sSpan5157" value="ⲧϩⲉ"/>
		<feat xlink:href="#sSpan5163" value="ⲛⲧⲁϥⲡⲁⲣⲁⲅⲅⲉⲓⲗⲉ"/>
		<feat xlink:href="#sSpan5174" value="ⲉⲧⲙⲧⲣⲉⲗⲁⲁⲩ"/>
		<feat xlink:href="#sSpan5185" value="ⲛⲥϩⲓⲙⲉ"/>
		<feat xlink:href="#sSpan5191" value="ϩⲱⲛ"/>
		<feat xlink:href="#sSpan5195" value="ⲉϩⲟⲩⲛ"/>
		<feat xlink:href="#sSpan5199" value="ⲉⲣⲟϥ"/>
		<feat xlink:href="#sSpan5205" value="ⲉϫⲓ"/>
		<feat xlink:href="#sSpan5211" value="ⲉⲃⲟⲗ"/>
		<feat xlink:href="#sSpan5215" value="ϩⲙⲡⲥⲱⲙⲁ"/>
		<feat xlink:href="#sSpan5225" value="ⲙⲛⲡⲉⲥⲛⲟϥ"/>
		<feat xlink:href="#sSpan5234" value="ⲙⲡⲉⲭⲣⲓⲥⲧⲟⲥ"/>
		<feat xlink:href="#sSpan5244" value="ⲉⲣⲉⲗⲁⲁⲩ"/>
		<feat xlink:href="#sSpan5251" value="ⲛⲛⲟⲩⲃ"/>
		<feat xlink:href="#sSpan5258" value="ⲙⲙⲟⲥ"/>
		<feat xlink:href="#sSpan5264" value="ⲉϥⲟⲩⲟⲛϩ"/>
		<feat xlink:href="#sSpan5272" value="ⲉⲃⲟⲗ"/>
		<feat xlink:href="#sSpan5277" value="ⲏ"/>
		<feat xlink:href="#sSpan5281" value="ⲗⲁⲁⲩ"/>
		<feat xlink:href="#sSpan5286" value="ⲛϩⲟⲉⲓⲧⲉ"/>
		<feat xlink:href="#sSpan5293" value="ⲉϥⲟ"/>
		<feat xlink:href="#sSpan5301" value="ⲛⲁⲩⲁⲛ"/>
		<feat xlink:href="#sSpan5309" value="ⲉⲃⲟⲗϫⲉ"/>
		<feat xlink:href="#sSpan5315" value="ⲛⲉⲣⲉⲛⲇⲓⲁⲕⲱⲛ"/>
		<feat xlink:href="#sSpan5326" value="ⲡⲉ"/>
		<feat xlink:href="#sSpan5331" value="ⲣϩⲟⲧⲉ"/>
		<feat xlink:href="#sSpan5336" value="ϩⲏⲧϥ"/>
		<feat xlink:href="#sSpan5342" value="ⲁⲩⲱ"/>
		<feat xlink:href="#sSpan5349" value="ⲛⲉⲩⲁϩⲉⲣⲁⲧⲟⲩ"/>
		<feat xlink:href="#sSpan5360" value="ⲕⲁⲧⲁⲟⲣⲇⲓⲛⲟⲛ"/>
		<feat xlink:href="#sSpan5368" value="ⲕⲁⲧⲁⲣⲟ"/>
		<feat xlink:href="#sSpan5372" value="ⲉⲙⲉⲩⲕⲁ"/>
		<feat xlink:href="#sSpan5383" value="ⲗⲁⲁⲩ"/>
		<feat xlink:href="#sSpan5387" value="ⲉⲃⲱⲕ"/>
		<feat xlink:href="#sSpan5394" value="ⲉϩⲟⲩⲛ"/>
		<feat xlink:href="#sSpan5399" value="ⲉⲓⲙⲏⲧⲓ"/>
		<feat xlink:href="#sSpan5403" value="ⲉⲛⲉⲧⲉⲣⲉⲧⲙⲛⲧⲥⲉⲙⲛⲟⲥ"/>
		<feat xlink:href="#sSpan5420" value="ⲧⲟ"/>
		<feat xlink:href="#sSpan5424" value="ϩⲓⲱⲟⲩ"/>
		<feat xlink:href="#sSpan5430" value="ⲉⲧⲉⲡⲁⲓ"/>
		<feat xlink:href="#sSpan5440" value="ⲡⲉ"/>
		<feat xlink:href="#sSpan5444" value="ϩⲱⲃⲥ"/>
		<feat xlink:href="#sSpan5448" value="ⲙⲡⲉⲩϩⲟ"/>
		<feat xlink:href="#sSpan5457" value="ⲙⲛⲛⲉⲩϭⲓϫ"/>
		<feat xlink:href="#sSpan5466" value="ⲁⲩⲱ"/>
		<feat xlink:href="#sSpan5470" value="ⲛⲕⲉϩⲟⲓⲧⲉ"/>
		<feat xlink:href="#sSpan5479" value="ⲉⲧⲧⲟ"/>
		<feat xlink:href="#sSpan5488" value="ϩⲓⲱⲟⲩ"/>
		<feat xlink:href="#sSpan5494" value="ⲛⲉ"/>
		<feat xlink:href="#sSpan5498" value="ϩⲉⲛⲉⲃⲟⲗ"/>
		<feat xlink:href="#sSpan5505" value="ⲁⲛ"/>
		<feat xlink:href="#sSpan5509" value="ⲛⲉ"/>
		<feat xlink:href="#sSpan5513" value="ϩⲛⲟⲩϫⲱϭⲉ"/>
		<feat xlink:href="#sSpan5521" value="ⲛⲣⲉϥϫⲉϭⲥⲟⲣⲧ"/>
		<feat xlink:href="#sSpan5530" value="ⲁⲩⲱ"/>
		<feat xlink:href="#sSpan5537" value="ⲟⲛ"/>
		<feat xlink:href="#sSpan5541" value="ⲉⲣⲉⲡⲉⲩⲭⲣⲱⲙⲁ"/>
		<feat xlink:href="#sSpan5550" value="ⲡⲣⲉⲓⲱⲟⲩ"/>
		<feat xlink:href="#sSpan5556" value="ⲉⲩⲟ"/>
		<feat xlink:href="#sSpan5564" value="ⲛⲗⲁⲙⲡⲣⲟⲛ"/>
		<feat xlink:href="#sSpan5572" value="ⲛⲇⲓⲁⲕⲟⲛⲟⲥ"/>
		<feat xlink:href="#sSpan5583" value="ⲟⲛ"/>
		<feat xlink:href="#sSpan5587" value="ϩⲟⲙⲟⲓⲱⲥ"/>
		<feat xlink:href="#sSpan5591" value="ⲛⲉⲁⲩⲟⲩⲁϩⲟⲩ"/>
		<feat xlink:href="#sSpan5603" value="ⲡⲉ"/>
		<feat xlink:href="#sSpan5607" value="ⲛⲥⲁⲧⲉϥⲧϩⲉ"/>
		<feat xlink:href="#sSpan5616" value="ⲉⲙⲛⲗⲁⲁⲩ"/>
		<feat xlink:href="#sSpan5625" value="ⲛϩⲏⲧⲟⲩ"/>
		<feat xlink:href="#sSpan5633" value="ⲣϩⲱⲃ"/>
		<feat xlink:href="#sSpan5638" value="ⲛⲁⲇⲓⲕⲟⲛ"/>
		<feat xlink:href="#sSpan5647" value="ⲟⲩⲇⲉ"/>
		<feat xlink:href="#sSpan5651" value="ⲟⲛ"/>
		<feat xlink:href="#sSpan5655" value="ⲙⲉⲩϫⲓ"/>
		<feat xlink:href="#sSpan5664" value="ⲙⲏⲥⲉ"/>
		<feat xlink:href="#sSpan5670" value="ⲛⲁⲓ"/>
		<feat xlink:href="#sSpan5676" value="ⲇⲉ"/>
		<feat xlink:href="#sSpan5680" value="ⲙⲁⲩⲁⲁϥ"/>
		<feat xlink:href="#sSpan5686" value="ⲁⲛ"/>
		<feat xlink:href="#sSpan5691" value="ⲁⲗⲗⲁ"/>
		<feat xlink:href="#sSpan5696" value="ⲟⲩⲙⲏⲏϣⲉ"/>
		<feat xlink:href="#sSpan5702" value="ⲟⲛ"/>
		<feat xlink:href="#sSpan5706" value="ⲁⲩⲕⲁⲧⲟⲟⲧⲟⲩ"/>
		<feat xlink:href="#sSpan5718" value="ⲉⲃⲟⲗ"/>
		<feat xlink:href="#sSpan5722" value="ⲛⲧⲙⲛⲧⲣⲉϥϫⲓⲙⲏⲥⲉ"/>
		<feat xlink:href="#sSpan5734" value="ⲉⲩⲕⲱϩ"/>
		<feat xlink:href="#sSpan5742" value="ⲁⲩⲱ"/>
		<feat xlink:href="#sSpan5746" value="ⲉⲩⲉⲓⲣⲉ"/>
		<feat xlink:href="#sSpan5756" value="ⲛⲧⲡⲟⲗⲓⲧⲓⲁ"/>
		<feat xlink:href="#sSpan5765" value="ⲙⲡⲱⲛϩ"/>
		<feat xlink:href="#sSpan5775" value="ⲛⲉϩⲓⲟⲙⲉ"/>
		<feat xlink:href="#sSpan5784" value="ⲟⲛ"/>
		<feat xlink:href="#sSpan5788" value="ⲛⲉⲁⲩⲕⲱϩ"/>
		<feat xlink:href="#sSpan5798" value="ⲡⲉ"/>
		<feat xlink:href="#sSpan5802" value="ⲉⲧⲙⲛⲧϩⲁⲕ"/>
		<feat xlink:href="#sSpan5813" value="ⲉⲙⲛⲗⲁⲁⲩ"/>
		<feat xlink:href="#sSpan5822" value="ⲛϩⲏⲧⲟⲩ"/>
		<feat xlink:href="#sSpan5828" value="ϯⲛⲟⲩϭⲥ"/>
		<feat xlink:href="#sSpan5834" value="ⲙⲡϣⲙϣⲉ"/>
		<feat xlink:href="#sSpan5842" value="ⲛⲙⲙⲁ"/>
		<feat xlink:href="#sSpan5851" value="ⲉⲧⲟⲩⲁⲁⲃ"/>
		<feat xlink:href="#sSpan5858" value="ϩⲱⲥⲧⲉ"/>
		<feat xlink:href="#sSpan5865" value="ⲛⲥⲉϫⲟⲟⲥ"/>
		<feat xlink:href="#sSpan5875" value="ⲉⲧⲡⲟⲗⲓⲥ"/>
		<feat xlink:href="#sSpan5885" value="ⲧⲏⲣⲥ"/>
		<feat xlink:href="#sSpan5891" value="ϩⲛⲛⲉϩⲟⲟⲩ"/>
		<feat xlink:href="#sSpan5900" value="ⲉⲧⲙⲙⲁⲩ"/>
		<feat xlink:href="#sSpan5906" value="ϫⲉⲛⲁⲓ"/>
		<feat xlink:href="#sSpan5913" value="ⲛⲁⲙⲉ"/>
		<feat xlink:href="#sSpan5917" value="ⲛⲉ"/>
		<feat xlink:href="#sSpan5921" value="ⲡⲗⲁⲟⲥ"/>
		<feat xlink:href="#sSpan5929" value="ⲙⲡϫⲟⲉⲓⲥ"/>
		<feat xlink:href="#sSpan5939" value="ⲕⲁⲓ"/>
		<feat xlink:href="#sSpan5947" value="ⲅⲁⲣ"/>
		<feat xlink:href="#sSpan5951" value="ⲛⲉϣⲁϥϫⲟⲟⲥ"/>
		<feat xlink:href="#sSpan5963" value="ⲉⲣⲟⲟⲩ"/>
		<feat xlink:href="#sSpan5969" value="ⲡⲉ"/>
		<feat xlink:href="#sSpan5973" value="ⲛϩⲁϩ"/>
		<feat xlink:href="#sSpan5980" value="ⲛⲥⲟⲡ"/>
		<feat xlink:href="#sSpan5986" value="ⲛⲧⲕⲁⲧⲏⲭⲉⲥⲓⲥ"/>
		<feat xlink:href="#sSpan5995" value="ⲉϥϫⲱ"/>
		<feat xlink:href="#sSpan6003" value="ⲙⲙⲟⲥ"/>
		<feat xlink:href="#sSpan6009" value="ϫⲉⲙⲉⲣⲉⲡⲁϩⲏⲧ"/>
		<feat xlink:href="#sSpan6020" value="ⲙⲕⲁϩ"/>
		<feat xlink:href="#sSpan6024" value="ϩⲁⲛⲉⲛⲧⲁⲩ"/>
		<feat xlink:href="#sSpan6035" value="ϫⲓⲧⲟⲩ"/>
		<feat xlink:href="#sSpan6041" value="ⲛϭⲟⲛⲥ"/>
		<feat xlink:href="#sSpan6048" value="ⲛⲧϩⲉ"/>
		<feat xlink:href="#sSpan6056" value="ⲛⲛⲉⲧϫⲓ"/>
		<feat xlink:href="#sSpan6067" value="ⲛϭⲟⲛⲥ"/>
		<feat xlink:href="#sSpan6075" value="ⲛⲉⲛⲧⲁⲩϫⲓⲧⲟⲩ"/>
		<feat xlink:href="#sSpan6093" value="ⲅⲁⲣ"/>
		<feat xlink:href="#sSpan6097" value="ⲛϭⲟⲛⲥ"/>
		<feat xlink:href="#sSpan6104" value="ⲉⲩⲟⲩⲱϣⲥ"/>
		<feat xlink:href="#sSpan6112" value="ⲛⲁⲩ"/>
		<feat xlink:href="#sSpan6118" value="ⲉⲃⲟⲗ"/>
		<feat xlink:href="#sSpan6122" value="ⲛⲧⲙⲛⲧⲣⲣⲟ"/>
		<feat xlink:href="#sSpan6133" value="ⲛⲙⲡⲏⲩⲉ"/>
		<feat xlink:href="#sSpan6142" value="ⲛⲣⲉϥϫⲓⲛϭⲟⲛⲥ"/>
		<feat xlink:href="#sSpan6157" value="ⲇⲉ"/>
		<feat xlink:href="#sSpan6161" value="ⲉⲩϥⲱϭⲉ"/>
		<feat xlink:href="#sSpan6169" value="ⲙⲙⲟⲟⲩ"/>
		<feat xlink:href="#sSpan6175" value="ⲙⲁⲩⲁⲁⲩ"/>
		<feat xlink:href="#sSpan6181" value="ⲙⲙⲟⲥ"/>
		<feat xlink:href="#sSpan6187" value="ⲁⲩⲱ"/>
		<feat xlink:href="#sSpan6191" value="ⲉⲩⲟⲩⲱϣⲥ"/>
		<feat xlink:href="#sSpan6199" value="ⲛⲁⲩ"/>
		<feat xlink:href="#sSpan6205" value="ⲉⲃⲟⲗ"/>
		<feat xlink:href="#sSpan6209" value="ⲙⲡⲧⲁⲕⲟ"/>
		<feat xlink:href="#sSpan6218" value="ϣⲁⲥϣⲱⲡⲉ"/>
		<feat xlink:href="#sSpan6230" value="ⲇⲉ"/>
		<feat xlink:href="#sSpan6234" value="ⲟⲛ"/>
		<feat xlink:href="#sSpan6238" value="ⲛϩⲁϩ"/>
		<feat xlink:href="#sSpan6245" value="ⲛⲥⲟⲡ"/>
		<feat xlink:href="#sSpan6251" value="ⲛϥⲱⲛϣ"/>
		<feat xlink:href="#sSpan6260" value="ⲉⲃⲟⲗ"/>
		<feat xlink:href="#sSpan6264" value="ⲁⲩⲱ"/>
		<feat xlink:href="#sSpan6268" value="ⲛⲉϣⲁⲩϫⲱ"/>
		<feat xlink:href="#sSpan6278" value="ⲉⲣⲟϥ"/>
		<feat xlink:href="#sSpan6284" value="ⲡⲉ"/>
		<feat xlink:href="#sSpan6288" value="ⲛⲛⲉⲧϣⲟⲟⲡ"/>
		<feat xlink:href="#sSpan6299" value="ϩⲛⲧⲡⲟⲗⲓⲥ"/>
		<feat xlink:href="#sSpan6309" value="ⲁⲩⲱ"/>
		<feat xlink:href="#sSpan6316" value="ⲛⲉϣⲁϥⲧⲁⲙⲉⲡⲗⲁⲟⲥ"/>
		<feat xlink:href="#sSpan6332" value="ⲡⲉ"/>
		<feat xlink:href="#sSpan6336" value="ⲉⲧⲣⲉⲩⲙⲉⲧⲁⲛⲟⲉⲓ"/>
		<feat xlink:href="#sSpan6347" value="ⲁⲩⲱ"/>
		<feat xlink:href="#sSpan6351" value="ⲛϥⲕⲱⲗⲩⲉ"/>
		<feat xlink:href="#sSpan6360" value="ⲛⲧⲟⲣⲅⲏ"/>
		<feat xlink:href="#sSpan6370" value="ⲉⲧⲙⲧⲁϩⲟⲟⲩ"/>
		<feat xlink:href="#sSpan6381" value="ⲕⲁⲛ"/>
		<feat xlink:href="#sSpan6388" value="ⲉⲣϣⲁⲛⲡⲉⲧⲯⲁⲗⲗⲉⲓ"/>
		<feat xlink:href="#sSpan6401" value="ϣⲱϥⲧⲛⲟⲩⲗⲉⲝⲓⲥ"/>
		<feat xlink:href="#sSpan6412" value="ⲏ"/>
		<feat xlink:href="#sSpan6416" value="ⲛϥⲡⲟⲟⲛⲉⲥ"/>
		<feat xlink:href="#sSpan6426" value="ⲛⲉϣⲁϥⲕⲱⲗⲩⲉ"/>
		<feat xlink:href="#sSpan6437" value="ⲡⲉ"/>
		<feat xlink:href="#sSpan6441" value="ⲉⲧⲙϯ"/>
		<feat xlink:href="#sSpan6449" value="ⲛⲗⲁⲁⲩ"/>
		<feat xlink:href="#sSpan6456" value="ϣⲁⲛⲧϥϫⲟⲟⲩ"/>
		<feat xlink:href="#sSpan6464" value="ⲉⲃⲟⲗ"/>
		<feat xlink:href="#sSpan6468" value="ⲛϥⲇⲓⲟⲣⲑⲟⲩ"/>
		<feat xlink:href="#sSpan6476" value="ⲙⲡⲉⲯⲁⲗⲙⲟⲥ"/>
		<feat xlink:href="#sSpan6486" value="ⲁⲩⲱ"/>
		<feat xlink:href="#sSpan6493" value="ⲛⲉϣⲁϥϫⲟⲟⲥ"/>
		<feat xlink:href="#sSpan6505" value="ⲉϥⲣⲓⲙⲉ"/>
		<feat xlink:href="#sSpan6513" value="ⲉϥϫⲱ"/>
		<feat xlink:href="#sSpan6521" value="ⲙⲙⲟⲥ"/>
		<feat xlink:href="#sSpan6527" value="ϫⲉⲛⲉⲓϣⲁϫⲉ"/>
		<feat xlink:href="#sSpan6537" value="ⲛⲁⲟⲩⲣⲱⲙⲉ"/>
		<feat xlink:href="#sSpan6546" value="ⲛⲣⲣⲟ"/>
		<feat xlink:href="#sSpan6552" value="ⲛⲉ"/>
		<feat xlink:href="#sSpan6556" value="ⲁϥϫⲟⲟⲩ"/>
		<feat xlink:href="#sSpan6564" value="ϩⲛϩⲉⲛⲛⲏⲥⲧⲉⲓⲁ"/>
		<feat xlink:href="#sSpan6574" value="ⲙⲛⲟⲩϭⲟⲟⲩⲛⲉ"/>
		<feat xlink:href="#sSpan6583" value="ⲁⲛⲟⲛ"/>
		<feat xlink:href="#sSpan6591" value="ⲇⲉ"/>
		<feat xlink:href="#sSpan6595" value="ϩⲛⲟⲩⲙⲛⲧⲁⲧⲃⲟⲧⲉ"/>
		<feat xlink:href="#sSpan6607" value="ⲛⲧⲛϯⲛϩⲧⲏⲛ"/>
		<feat xlink:href="#sSpan6622" value="ⲁⲛ"/>
		<feat xlink:href="#sSpan6626" value="ⲉⲣⲟⲟⲩ"/>
		<feat xlink:href="#sSpan6632" value="ⲁⲩⲱ"/>
		<feat xlink:href="#sSpan6640" value="ⲁⲥϣⲱⲡⲉ"/>
		<feat xlink:href="#sSpan6648" value="ⲛⲧⲉⲣⲉϥϫⲱⲕ"/>
		<feat xlink:href="#sSpan6656" value="ⲉⲃⲟⲗ"/>
		<feat xlink:href="#sSpan6660" value="ⲙⲡⲉϥⲃⲓⲟⲥ"/>
		<feat xlink:href="#sSpan6670" value="ⲁⲛⲉⲥⲛⲏⲩ"/>
		<feat xlink:href="#sSpan6679" value="ϯ"/>
		<feat xlink:href="#sSpan6683" value="ⲙⲡⲉⲩⲟⲩⲟⲓ"/>
		<feat xlink:href="#sSpan6691" value="ⲉⲣⲟϥ"/>
		<feat xlink:href="#sSpan6697" value="ⲉϥⲛⲁⲙⲟⲩ"/>
		<feat xlink:href="#sSpan6708" value="ϩⲱⲥ"/>
		<feat xlink:href="#sSpan6712" value="ⲉⲩⲑⲁⲣⲣⲉⲓ"/>
		<feat xlink:href="#sSpan6720" value="ⲛⲧⲕⲁⲧⲟⲣⲑⲱⲉⲓ"/>
		<feat xlink:href="#sSpan6729" value="ⲙⲡⲉϥⲗⲁⲟⲥ"/>
		<feat xlink:href="#sSpan6739" value="ⲙⲛⲧⲙⲛⲧⲕⲁⲑⲁⲣⲟⲥ"/>
		<feat xlink:href="#sSpan6751" value="ⲛⲧⲉϥⲉⲡⲓⲥⲕⲟⲡⲏ"/>
		<feat xlink:href="#sSpan6762" value="ⲛⲧⲁⲩⲣⲙⲛⲧⲣⲉ"/>
		<feat xlink:href="#sSpan6774" value="ⲙⲙⲟⲥ"/>
		<feat xlink:href="#sSpan6780" value="ⲁⲩⲱ"/>
		<feat xlink:href="#sSpan6784" value="ⲡⲉϫⲁⲩ"/>
		<feat xlink:href="#sSpan6790" value="ⲛⲁϥ"/>
		<feat xlink:href="#sSpan6796" value="ϫⲉⲡⲉⲛⲉⲓⲱⲧ"/>
		<feat xlink:href="#sSpan6805" value="ⲧⲁⲩⲉⲟⲩϣⲁϫⲉ"/>
		<feat xlink:href="#sSpan6814" value="ⲉⲣⲟⲛ"/>
		<feat xlink:href="#sSpan6820" value="ⲙⲡⲁⲧⲕⲃⲱⲕ"/>
		<feat xlink:href="#sSpan6829" value="ⲉⲃⲟⲗ"/>
		<feat xlink:href="#sSpan6833" value="ϩⲓⲧⲟⲟⲧⲛ"/>
		<feat xlink:href="#sSpan6839" value="ⲛⲧⲟϥ"/>
		<feat xlink:href="#sSpan6847" value="ⲇⲉ"/>
		<feat xlink:href="#sSpan6851" value="ⲁϥϣⲁϫⲉ"/>
		<feat xlink:href="#sSpan6859" value="ⲛⲙⲙⲁⲩ"/>
		<feat xlink:href="#sSpan6865" value="ⲉϥϫⲱ"/>
		<feat xlink:href="#sSpan6873" value="ⲙⲙⲟⲥ"/>
		<feat xlink:href="#sSpan6879" value="ϫⲉⲁⲛⲟⲕ"/>
		<feat xlink:href="#sSpan6885" value="ⲟⲩϩⲱⲃ"/>
		<feat xlink:href="#sSpan6892" value="ⲛⲟⲩⲱⲧ"/>
		<feat xlink:href="#sSpan6898" value="ⲡⲉⲧⲓϩⲱⲛ"/>
		<feat xlink:href="#sSpan6907" value="ⲙⲙⲟϥ"/>
		<feat xlink:href="#sSpan6913" value="ⲉⲧⲟⲧⲧⲏⲩⲧⲛ"/>
		<feat xlink:href="#sSpan6919" value="ⲉⲧⲙⲧⲣⲉⲗⲁⲁⲩ"/>
		<feat xlink:href="#sSpan6930" value="ⲙⲙⲱⲧⲛ"/>
		<feat xlink:href="#sSpan6937" value="ⲉⲡⲓⲑⲩⲙⲉⲓ"/>
		<feat xlink:href="#sSpan6941" value="ⲉⲗⲁⲁⲩ"/>
		<feat xlink:href="#sSpan6948" value="ⲙⲙⲛⲧⲛⲟϭ"/>
		<feat xlink:href="#sSpan6958" value="ⲕⲁⲓⲅⲁⲣ"/>
		<feat xlink:href="#sSpan6968" value="ⲁⲛⲟⲕ"/>
		<feat xlink:href="#sSpan6972" value="ⲙⲛⲛⲥⲁⲧⲉ"/>
		<feat xlink:href="#sSpan6983" value="ⲛⲧⲁⲓⲡⲱⲧ"/>
		<feat xlink:href="#sSpan6993" value="ⲙⲙⲟⲥ"/>
		<feat xlink:href="#sSpan7000" value="ⲙⲟⲅⲓⲥ"/>
		<feat xlink:href="#sSpan7004" value="ⲉⲁⲓⲉϣϭⲙϭⲟⲙ"/>
		<feat xlink:href="#sSpan7015" value="ⲉϩⲁⲣⲉϩ"/>
		<feat xlink:href="#sSpan7021" value="ⲉⲛⲉⲛⲧⲁⲓϫⲡⲟⲟⲩ"/>
		<feat xlink:href="#sSpan7034" value="ϩⲛⲧⲙⲛⲧⲙⲟⲛⲁⲭⲟⲥ"/>
		<feat xlink:href="#sSpan7049" value="ⲧⲙⲛⲧⲉⲡⲓⲥⲕⲟⲡⲟⲥ"/>
		<feat xlink:href="#sSpan7062" value="ⲇⲉ"/>
		<feat xlink:href="#sSpan7066" value="ⲛϯⲙⲉⲉⲩⲉ"/>
		<feat xlink:href="#sSpan7074" value="ⲁⲛ"/>
		<feat xlink:href="#sSpan7078" value="ϫⲉⲁⲓϯϩⲏⲩ"/>
		<feat xlink:href="#sSpan7090" value="ⲙⲙⲟⲥ"/>
		<feat xlink:href="#sSpan7096" value="ϩⲛⲗⲁⲁⲩ"/>
		<feat xlink:href="#sSpan7103" value="ⲛϩⲱⲃ"/>
		<feat xlink:href="#sSpan7109" value="ⲁⲩⲱ"/>
		<feat xlink:href="#sSpan7113" value="ⲟⲛ"/>
		<feat xlink:href="#sSpan7118" value="ⲙⲟⲅⲓⲥ"/>
		<feat xlink:href="#sSpan7122" value="ⲁⲓϭⲙϭⲟⲙ"/>
		<feat xlink:href="#sSpan7130" value="ⲉϩⲁⲣⲉϩ"/>
		<feat xlink:href="#sSpan7136" value="ⲉⲣⲟⲓ"/>
		<feat xlink:href="#sSpan7142" value="ⲉⲧϩⲉ"/>
		<feat xlink:href="#sSpan7151" value="ⲉϯⲟ"/>
		<feat xlink:href="#sSpan7159" value="ⲙⲙⲟⲥ"/>
		<feat xlink:href="#sSpan7165" value="ⲛϣⲟⲣⲡ"/>
		<feat xlink:href="#sSpan7171" value="ⲁⲩⲱ"/>
		<feat xlink:href="#sSpan7178" value="ⲛⲧⲟϥ"/>
		<feat xlink:href="#sSpan7182" value="ⲉϥϣⲁⲛⲛⲟⲩⲉ"/>
		<feat xlink:href="#sSpan7188" value="ⲉⲡⲱϣⲛ"/>
		<feat xlink:href="#sSpan7194" value="ⲛⲟⲩⲇⲓⲁⲕⲟⲛⲟⲥ"/>
		<feat xlink:href="#sSpan7205" value="ⲙⲉϥⲭⲉⲓⲣⲟⲇⲟⲛⲉⲓ"/>
		<feat xlink:href="#sSpan7213" value="ⲙⲙⲟϥ"/>
		<feat xlink:href="#sSpan7219" value="ⲛϣⲟⲣⲡ"/>
		<feat xlink:href="#sSpan7226" value="ⲉⲓⲙⲏⲧⲓ"/>
		<feat xlink:href="#sSpan7230" value="ⲛϥⲁⲡⲟⲥⲧⲏⲑⲓⲍⲉ"/>
		<feat xlink:href="#sSpan7239" value="ⲛϫⲟⲩⲧⲏ"/>
		<feat xlink:href="#sSpan7246" value="ⲙⲯⲁⲗⲙⲟⲥ"/>
		<feat xlink:href="#sSpan7253" value="ⲁⲩⲱ"/>
		<feat xlink:href="#sSpan7258" value="ⲉⲡⲓⲥⲧⲟⲗⲏ"/>
		<feat xlink:href="#sSpan7263" value="ⲥⲛⲧⲉ"/>
		<feat xlink:href="#sSpan7267" value="ⲛⲁⲡⲟⲥⲧⲟⲗⲟⲥ"/>
		<feat xlink:href="#sSpan7275" value="ⲁⲩⲱ"/>
		<feat xlink:href="#sSpan7279" value="ⲟⲩⲙⲉⲣⲟⲥ"/>
		<feat xlink:href="#sSpan7287" value="ⲛⲉⲩⲁⲅⲅⲉⲗⲓⲟⲛ"/>
		<feat xlink:href="#sSpan7295" value="ⲉϣⲱⲡⲉ"/>
		<feat xlink:href="#sSpan7303" value="ⲇⲉ"/>
		<feat xlink:href="#sSpan7309" value="ⲟⲩⲡⲣⲉⲥⲃⲩⲧⲉⲣⲟⲥ"/>
		<feat xlink:href="#sSpan7316" value="ⲡⲉ"/>
		<feat xlink:href="#sSpan7320" value="ⲟⲩⲙⲉⲣⲟⲥ"/>
		<feat xlink:href="#sSpan7328" value="ϩⲙⲡⲇⲉⲩⲧⲉⲣⲟⲛⲟⲙⲓⲟⲛ"/>
		<feat xlink:href="#sSpan7338" value="ⲙⲛⲟⲩⲙⲉⲣⲟⲥ"/>
		<feat xlink:href="#sSpan7348" value="ϩⲛⲙⲡⲁⲣϩⲟⲓⲙⲓⲁ"/>
		<feat xlink:href="#sSpan7358" value="ⲁⲩⲱ"/>
		<feat xlink:href="#sSpan7363" value="ⲕⲉⲙⲉⲣⲟⲥ"/>
		<feat xlink:href="#sSpan7370" value="ϩⲛⲏⲥⲁⲓⲁⲥ"/>
		<feat xlink:href="#sSpan7378" value="ⲁⲩⲱ"/>
		<feat xlink:href="#sSpan7385" value="ⲉⲧⲃⲉⲡⲛⲟⲙⲟⲥ"/>
		<feat xlink:href="#sSpan7395" value="ⲛⲧⲁϥⲁⲙⲁϩⲧⲉ"/>
		<feat xlink:href="#sSpan7405" value="ⲛϩⲏⲧϥ"/>
		<feat xlink:href="#sSpan7411" value="ⲛⲉ"/>
		<feat xlink:href="#sSpan7415" value="ⲙⲛϩⲁϩ"/>
		<feat xlink:href="#sSpan7422" value="ⲛⲣⲱⲙⲉ"/>
		<feat xlink:href="#sSpan7428" value="ⲡⲉ"/>
		<feat xlink:href="#sSpan7432" value="ϯ"/>
		<feat xlink:href="#sSpan7436" value="ⲙⲡⲉϥⲟⲩⲟⲓ"/>
		<feat xlink:href="#sSpan7444" value="ⲉϩⲟⲩⲛ"/>
		<feat xlink:href="#sSpan7448" value="ⲉϩⲱⲃ"/>
		<feat xlink:href="#sSpan7455" value="ⲛⲧⲉⲓⲙⲓⲛⲉ"/>
		<feat xlink:href="#sSpan7464" value="ⲉⲓⲙⲏⲧⲓ"/>
		<feat xlink:href="#sSpan7468" value="ⲛⲥⲉⲥⲃⲧⲱⲧⲟⲩ"/>
		<feat xlink:href="#sSpan7478" value="ⲛϣⲟⲣⲡ"/>
		<feat xlink:href="#sSpan7484" value="ϩⲛⲱⲣϫ"/>
		<feat xlink:href="#sSpan7491" value="ⲛⲓⲙ"/>
		<feat xlink:href="#sSpan7496" value="ⲟⲩⲇⲉ"/>
		<feat xlink:href="#sSpan7500" value="ⲟⲛ"/>
		<feat xlink:href="#sSpan7504" value="ⲙⲡⲉϩⲱⲃ"/>
		<feat xlink:href="#sSpan7511" value="ϣⲱⲡⲉ"/>
		<feat xlink:href="#sSpan7515" value="ⲉⲡⲧⲏⲣϥ"/>
		<feat xlink:href="#sSpan7523" value="ⲛⲧⲉⲗⲁⲁⲩ"/>
		<feat xlink:href="#sSpan7530" value="ϫⲓϩⲟⲙⲛⲧ"/>
		<feat xlink:href="#sSpan7534" value="ⲉⲧⲃⲉϩⲱⲃ"/>
		<feat xlink:href="#sSpan7541" value="ⲛⲭⲓⲣⲟⲇⲟⲛⲓⲁ"/>
		<feat xlink:href="#sSpan7548" value="ϩⲛⲛⲉϥϩⲟⲟⲩ"/>
		<feat xlink:href="#sSpan7558" value="ⲁⲗⲗⲁ"/>
		<feat xlink:href="#sSpan7566" value="ϩⲟⲧⲁⲛ"/>
		<feat xlink:href="#sSpan7570" value="ⲉⲩϣⲁⲛⲥⲉⲧⲡⲟⲩⲁ"/>
		<feat xlink:href="#sSpan7583" value="ⲉⲃⲟⲗ"/>
		<feat xlink:href="#sSpan7587" value="ϩⲙⲡⲗⲁⲟⲥ"/>
		<feat xlink:href="#sSpan7597" value="ⲉⲡⲙⲁ"/>
		<feat xlink:href="#sSpan7606" value="ⲉⲧⲟⲩⲣⲭⲣⲉⲓⲁ"/>
		<feat xlink:href="#sSpan7617" value="ⲙⲙⲟϥ"/>
		<feat xlink:href="#sSpan7623" value="ⲉⲙⲁⲩⲛⲉϣⲁϥⲧⲣⲉⲩϩⲙⲟⲟⲥ"/>
		<feat xlink:href="#sSpan7641" value="ⲛϣⲟⲣⲡ"/>
		<feat xlink:href="#sSpan7647" value="ϩⲛⲟⲩϩⲩⲡⲟⲙⲟⲛⲏ"/>
		<feat xlink:href="#sSpan7657" value="ⲛⲥⲉⲟⲩⲱⲛϩ"/>
		<feat xlink:href="#sSpan7666" value="ⲉⲃⲟⲗ"/>
		<feat xlink:href="#sSpan7670" value="ϫⲉⲥⲉⲙⲉ"/>
		<feat xlink:href="#sSpan7678" value="ⲙⲡϣⲁϫⲉ"/>
		<feat xlink:href="#sSpan7687" value="ⲙⲡⲛⲟⲩⲧⲉ"/>
		<feat xlink:href="#sSpan7696" value="ϫⲉⲕⲁⲥ"/>
		<feat xlink:href="#sSpan7700" value="ϩⲱⲟⲩ"/>
		<feat xlink:href="#sSpan7706" value="ⲟⲛ"/>
		<feat xlink:href="#sSpan7710" value="ⲉⲩⲛⲁⲕⲱⲧ"/>
		<feat xlink:href="#sSpan7720" value="ⲙⲡⲗⲁⲟⲥ"/>
		<feat xlink:href="#sSpan7730" value="ϩⲛⲧⲉⲓϩⲩⲡⲟⲙⲟⲛⲏ"/>
		<feat xlink:href="#sSpan7740" value="ⲛⲧⲉⲓⲙⲓⲛⲉ"/>
		<feat xlink:href="#sSpan7748" value="ⲁⲩⲱ"/>
		<feat xlink:href="#sSpan7753" value="ⲧⲁⲓ"/>
		<feat xlink:href="#sSpan7757" value="ⲧⲉ"/>
		<feat xlink:href="#sSpan7761" value="ⲧϩⲉ"/>
		<feat xlink:href="#sSpan7767" value="ⲛⲧⲁϥϫⲱⲕ"/>
		<feat xlink:href="#sSpan7777" value="ⲉⲃⲟⲗ"/>
		<feat xlink:href="#sSpan7781" value="ⲙⲡⲉϥⲃⲓⲟⲥ"/>
		<feat xlink:href="#sSpan7792" value="ⲕⲁⲗⲱⲥ"/>
		<feat xlink:href="#sSpan7797" value="ⲉⲁϥⲃⲱⲕ"/>
		<feat xlink:href="#sSpan7808" value="ⲉⲣⲁⲧϥ"/>
		<feat xlink:href="#sSpan7814" value="ⲙⲡⲛⲟⲩⲧⲉ"/>
		<feat xlink:href="#sSpan7823" value="ϩⲛⲟⲩⲉⲓⲣⲏⲛⲏ"/>
		<feat xlink:href="#sSpan7833" value="ϩⲛⲥⲟⲩϫⲟⲩⲧⲟⲩⲉ"/>
		<feat xlink:href="#sSpan7841" value="ⲛⲧϩⲟⲟⲩⲧ"/>
		<feat xlink:href="#sSpan7850" value="ϩⲙⲡⲉⲭⲣⲓⲥⲧⲟⲥ"/>
		<feat xlink:href="#sSpan7861" value="ⲓⲏⲥⲟⲩⲥ"/>
		<feat xlink:href="#sSpan7865" value="ⲡⲉⲛϫⲟⲉⲓⲥ"/>
		<feat xlink:href="#sSpan7871" value="ⲡⲁⲓ"/>
		<feat xlink:href="#sSpan7875" value="ⲉⲃⲟⲗ"/>
		<feat xlink:href="#sSpan7880" value="ϩⲓⲧⲟⲟⲧϥ"/>
		<feat xlink:href="#sSpan7886" value="ⲡⲉⲟⲟⲩ"/>
		<feat xlink:href="#sSpan7893" value="ⲙⲡⲛⲟⲩⲧⲉ"/>
		<feat xlink:href="#sSpan7902" value="ⲡⲉⲓⲱⲧ"/>
		<feat xlink:href="#sSpan7908" value="ⲛⲙⲙⲁϥ"/>
		<feat xlink:href="#sSpan7914" value="ⲙⲛⲡⲉⲡⲛⲉⲩⲙⲁ"/>
		<feat xlink:href="#sSpan7924" value="ⲉⲧⲟⲩⲁⲁⲃ"/>
		<feat xlink:href="#sSpan7930" value="ϣⲁⲉⲛⲉϩ"/>
		<feat xlink:href="#sSpan7937" value="ⲛⲉⲛⲉϩ"/>
		<feat xlink:href="#sSpan7944" value="ϩⲁⲙⲏⲛ"/></featList></paula>