<?xml version='1.0' encoding='UTF-8'?><!DOCTYPE paula SYSTEM "paula_feat.dtd">
<paula version="1.1">
	<header paula_id="scriptorium.life.aphou.02.mark_p_source"/>
	<featList xmlns:xlink="http://www.w3.org/1999/xlink" type="p_source" xml:base="scriptorium.life.aphou.02.mark.xml">
		<feat xlink:href="#sSpan8" value="PATHS"/>
		<feat xlink:href="#sSpan1560" value="PATHS"/>
		<feat xlink:href="#sSpan2085" value="PATHS"/>
		<feat xlink:href="#sSpan2896" value="PATHS"/>
		<feat xlink:href="#sSpan3855" value="PATHS"/>
		<feat xlink:href="#sSpan6637" value="PATHS"/></featList></paula>