<?xml version='1.0' encoding='UTF-8'?><!DOCTYPE paula SYSTEM "paula_feat.dtd">
<paula version="1.1">
	<header paula_id="scriptorium.life.aphou.02.mark_lang"/>
	<featList xmlns:xlink="http://www.w3.org/1999/xlink" type="lang" xml:base="scriptorium.life.aphou.02.mark.xml">
		<feat xlink:href="#sSpan38" value="Greek"/>
		<feat xlink:href="#sSpan62" value="Greek"/>
		<feat xlink:href="#sSpan96" value="Greek"/>
		<feat xlink:href="#sSpan123" value="Greek"/>
		<feat xlink:href="#sSpan141" value="Greek"/>
		<feat xlink:href="#sSpan181" value="Greek"/>
		<feat xlink:href="#sSpan203" value="Greek"/>
		<feat xlink:href="#sSpan212" value="Greek"/>
		<feat xlink:href="#sSpan241" value="Greek"/>
		<feat xlink:href="#sSpan253" value="Greek"/>
		<feat xlink:href="#sSpan285" value="Greek"/>
		<feat xlink:href="#sSpan297" value="Greek"/>
		<feat xlink:href="#sSpan335" value="Greek"/>
		<feat xlink:href="#sSpan347" value="Greek"/>
		<feat xlink:href="#sSpan353" value="Greek"/>
		<feat xlink:href="#sSpan359" value="Greek"/>
		<feat xlink:href="#sSpan411" value="Greek"/>
		<feat xlink:href="#sSpan419" value="Greek"/>
		<feat xlink:href="#sSpan446" value="Greek"/>
		<feat xlink:href="#sSpan589" value="Greek"/>
		<feat xlink:href="#sSpan669" value="Greek"/>
		<feat xlink:href="#sSpan705" value="Greek"/>
		<feat xlink:href="#sSpan714" value="Greek"/>
		<feat xlink:href="#sSpan743" value="Greek"/>
		<feat xlink:href="#sSpan754" value="Greek"/>
		<feat xlink:href="#sSpan788" value="Greek"/>
		<feat xlink:href="#sSpan829" value="Greek"/>
		<feat xlink:href="#sSpan856" value="Hebrew"/>
		<feat xlink:href="#sSpan916" value="Greek"/>
		<feat xlink:href="#sSpan938" value="Greek"/>
		<feat xlink:href="#sSpan991" value="Greek"/>
		<feat xlink:href="#sSpan1072" value="Greek"/>
		<feat xlink:href="#sSpan1133" value="Greek"/>
		<feat xlink:href="#sSpan1144" value="Greek"/>
		<feat xlink:href="#sSpan1234" value="Greek"/>
		<feat xlink:href="#sSpan1244" value="Greek"/>
		<feat xlink:href="#sSpan1258" value="Greek"/>
		<feat xlink:href="#sSpan1337" value="Greek"/>
		<feat xlink:href="#sSpan1379" value="Greek"/>
		<feat xlink:href="#sSpan1398" value="Greek"/>
		<feat xlink:href="#sSpan1406" value="Greek"/>
		<feat xlink:href="#sSpan1416" value="Greek"/>
		<feat xlink:href="#sSpan1444" value="Greek"/>
		<feat xlink:href="#sSpan1468" value="Greek"/>
		<feat xlink:href="#sSpan1485" value="Greek"/>
		<feat xlink:href="#sSpan1532" value="Greek"/>
		<feat xlink:href="#sSpan1549" value="Greek"/>
		<feat xlink:href="#sSpan1565" value="Greek"/>
		<feat xlink:href="#sSpan1586" value="Greek"/>
		<feat xlink:href="#sSpan1589" value="Hebrew"/>
		<feat xlink:href="#sSpan1637" value="Greek"/>
		<feat xlink:href="#sSpan1653" value="Greek"/>
		<feat xlink:href="#sSpan1693" value="Greek"/>
		<feat xlink:href="#sSpan1705" value="Greek"/>
		<feat xlink:href="#sSpan1717" value="Greek"/>
		<feat xlink:href="#sSpan1760" value="Greek"/>
		<feat xlink:href="#sSpan1833" value="Greek"/>
		<feat xlink:href="#sSpan1850" value="Greek"/>
		<feat xlink:href="#sSpan1935" value="Greek"/>
		<feat xlink:href="#sSpan1975" value="Greek"/>
		<feat xlink:href="#sSpan2041" value="Greek"/>
		<feat xlink:href="#sSpan2063" value="Greek"/>
		<feat xlink:href="#sSpan2075" value="Greek"/>
		<feat xlink:href="#sSpan2088" value="Greek"/>
		<feat xlink:href="#sSpan2091" value="Greek"/>
		<feat xlink:href="#sSpan2116" value="Greek"/>
		<feat xlink:href="#sSpan2153" value="Greek"/>
		<feat xlink:href="#sSpan2229" value="Greek"/>
		<feat xlink:href="#sSpan2245" value="Greek"/>
		<feat xlink:href="#sSpan2276" value="Greek"/>
		<feat xlink:href="#sSpan2287" value="Greek"/>
		<feat xlink:href="#sSpan2395" value="Greek"/>
		<feat xlink:href="#sSpan2509" value="Greek"/>
		<feat xlink:href="#sSpan2568" value="Greek"/>
		<feat xlink:href="#sSpan2886" value="Greek"/>
		<feat xlink:href="#sSpan2901" value="Greek"/>
		<feat xlink:href="#sSpan3027" value="Greek"/>
		<feat xlink:href="#sSpan3141" value="Hebrew"/>
		<feat xlink:href="#sSpan3206" value="Greek"/>
		<feat xlink:href="#sSpan3224" value="Greek"/>
		<feat xlink:href="#sSpan3305" value="Greek"/>
		<feat xlink:href="#sSpan3359" value="Greek"/>
		<feat xlink:href="#sSpan3392" value="Greek"/>
		<feat xlink:href="#sSpan3395" value="Greek"/>
		<feat xlink:href="#sSpan3406" value="Greek"/>
		<feat xlink:href="#sSpan3569" value="Greek"/>
		<feat xlink:href="#sSpan3595" value="Greek"/>
		<feat xlink:href="#sSpan3614" value="Hebrew"/>
		<feat xlink:href="#sSpan3652" value="Greek"/>
		<feat xlink:href="#sSpan3683" value="Greek"/>
		<feat xlink:href="#sSpan3772" value="Greek"/>
		<feat xlink:href="#sSpan3848" value="Greek"/>
		<feat xlink:href="#sSpan3858" value="Greek"/>
		<feat xlink:href="#sSpan3861" value="Greek"/>
		<feat xlink:href="#sSpan3878" value="Greek"/>
		<feat xlink:href="#sSpan3885" value="Greek"/>
		<feat xlink:href="#sSpan3920" value="Greek"/>
		<feat xlink:href="#sSpan3921" value="Greek"/>
		<feat xlink:href="#sSpan3980" value="Greek"/>
		<feat xlink:href="#sSpan3983" value="Greek"/>
		<feat xlink:href="#sSpan4036" value="Greek"/>
		<feat xlink:href="#sSpan4070" value="Greek"/>
		<feat xlink:href="#sSpan4089" value="Greek"/>
		<feat xlink:href="#sSpan4097" value="Hebrew"/>
		<feat xlink:href="#sSpan4100" value="Greek"/>
		<feat xlink:href="#sSpan4124" value="Greek"/>
		<feat xlink:href="#sSpan4142" value="Greek"/>
		<feat xlink:href="#sSpan4208" value="Hebrew"/>
		<feat xlink:href="#sSpan4227" value="Greek"/>
		<feat xlink:href="#sSpan4246" value="Greek"/>
		<feat xlink:href="#sSpan4274" value="Greek"/>
		<feat xlink:href="#sSpan4329" value="Greek"/>
		<feat xlink:href="#sSpan4352" value="Greek"/>
		<feat xlink:href="#sSpan4362" value="Hebrew"/>
		<feat xlink:href="#sSpan4374" value="Greek"/>
		<feat xlink:href="#sSpan4377" value="Greek"/>
		<feat xlink:href="#sSpan4390" value="Greek"/>
		<feat xlink:href="#sSpan4417" value="Greek"/>
		<feat xlink:href="#sSpan4446" value="Greek"/>
		<feat xlink:href="#sSpan4482" value="Greek"/>
		<feat xlink:href="#sSpan4538" value="Greek"/>
		<feat xlink:href="#sSpan4573" value="Greek"/>
		<feat xlink:href="#sSpan4593" value="Greek"/>
		<feat xlink:href="#sSpan4637" value="Greek"/>
		<feat xlink:href="#sSpan4645" value="Greek"/>
		<feat xlink:href="#sSpan4660" value="Greek"/>
		<feat xlink:href="#sSpan4701" value="Greek"/>
		<feat xlink:href="#sSpan4740" value="Greek"/>
		<feat xlink:href="#sSpan4780" value="Greek"/>
		<feat xlink:href="#sSpan4802" value="Greek"/>
		<feat xlink:href="#sSpan4817" value="Hebrew"/>
		<feat xlink:href="#sSpan4820" value="Greek"/>
		<feat xlink:href="#sSpan4855" value="Greek"/>
		<feat xlink:href="#sSpan4896" value="Greek"/>
		<feat xlink:href="#sSpan5009" value="Greek"/>
		<feat xlink:href="#sSpan5043" value="Greek"/>
		<feat xlink:href="#sSpan5081" value="Greek"/>
		<feat xlink:href="#sSpan5093" value="Greek"/>
		<feat xlink:href="#sSpan5169" value="Greek"/>
		<feat xlink:href="#sSpan5220" value="Greek"/>
		<feat xlink:href="#sSpan5239" value="Greek"/>
		<feat xlink:href="#sSpan5274" value="Greek"/>
		<feat xlink:href="#sSpan5321" value="Greek"/>
		<feat xlink:href="#sSpan5357" value="Greek"/>
		<feat xlink:href="#sSpan5362" value="Greek"/>
		<feat xlink:href="#sSpan5396" value="Greek"/>
		<feat xlink:href="#sSpan5417" value="Greek"/>
		<feat xlink:href="#sSpan5577" value="Greek"/>
		<feat xlink:href="#sSpan5640" value="Greek"/>
		<feat xlink:href="#sSpan5644" value="Greek"/>
		<feat xlink:href="#sSpan5661" value="Greek"/>
		<feat xlink:href="#sSpan5673" value="Greek"/>
		<feat xlink:href="#sSpan5688" value="Greek"/>
		<feat xlink:href="#sSpan5855" value="Greek"/>
		<feat xlink:href="#sSpan5880" value="Greek"/>
		<feat xlink:href="#sSpan5924" value="Greek"/>
		<feat xlink:href="#sSpan5936" value="Greek"/>
		<feat xlink:href="#sSpan5944" value="Greek"/>
		<feat xlink:href="#sSpan6090" value="Greek"/>
		<feat xlink:href="#sSpan6154" value="Greek"/>
		<feat xlink:href="#sSpan6227" value="Greek"/>
		<feat xlink:href="#sSpan6304" value="Greek"/>
		<feat xlink:href="#sSpan6327" value="Greek"/>
		<feat xlink:href="#sSpan6342" value="Greek"/>
		<feat xlink:href="#sSpan6355" value="Greek"/>
		<feat xlink:href="#sSpan6365" value="Greek"/>
		<feat xlink:href="#sSpan6378" value="Greek"/>
		<feat xlink:href="#sSpan6396" value="Greek"/>
		<feat xlink:href="#sSpan6406" value="Greek"/>
		<feat xlink:href="#sSpan6409" value="Greek"/>
		<feat xlink:href="#sSpan6432" value="Greek"/>
		<feat xlink:href="#sSpan6481" value="Greek"/>
		<feat xlink:href="#sSpan6569" value="Greek"/>
		<feat xlink:href="#sSpan6588" value="Greek"/>
		<feat xlink:href="#sSpan6665" value="Greek"/>
		<feat xlink:href="#sSpan6705" value="Greek"/>
		<feat xlink:href="#sSpan6734" value="Greek"/>
		<feat xlink:href="#sSpan6748" value="Greek"/>
		<feat xlink:href="#sSpan6757" value="Greek"/>
		<feat xlink:href="#sSpan6844" value="Greek"/>
		<feat xlink:href="#sSpan6900" value="Greek"/>
		<feat xlink:href="#sSpan6934" value="Greek"/>
		<feat xlink:href="#sSpan6955" value="Greek"/>
		<feat xlink:href="#sSpan6963" value="Greek"/>
		<feat xlink:href="#sSpan6997" value="Greek"/>
		<feat xlink:href="#sSpan7044" value="Greek"/>
		<feat xlink:href="#sSpan7058" value="Greek"/>
		<feat xlink:href="#sSpan7059" value="Greek"/>
		<feat xlink:href="#sSpan7115" value="Greek"/>
		<feat xlink:href="#sSpan7200" value="Greek"/>
		<feat xlink:href="#sSpan7223" value="Greek"/>
		<feat xlink:href="#sSpan7234" value="Greek"/>
		<feat xlink:href="#sSpan7248" value="Greek"/>
		<feat xlink:href="#sSpan7255" value="Greek"/>
		<feat xlink:href="#sSpan7269" value="Greek"/>
		<feat xlink:href="#sSpan7282" value="Greek"/>
		<feat xlink:href="#sSpan7289" value="Greek"/>
		<feat xlink:href="#sSpan7300" value="Greek"/>
		<feat xlink:href="#sSpan7311" value="Greek"/>
		<feat xlink:href="#sSpan7323" value="Greek"/>
		<feat xlink:href="#sSpan7333" value="Greek"/>
		<feat xlink:href="#sSpan7343" value="Greek"/>
		<feat xlink:href="#sSpan7353" value="Greek"/>
		<feat xlink:href="#sSpan7365" value="Greek"/>
		<feat xlink:href="#sSpan7372" value="Hebrew"/>
		<feat xlink:href="#sSpan7390" value="Greek"/>
		<feat xlink:href="#sSpan7461" value="Greek"/>
		<feat xlink:href="#sSpan7493" value="Greek"/>
		<feat xlink:href="#sSpan7555" value="Greek"/>
		<feat xlink:href="#sSpan7563" value="Greek"/>
		<feat xlink:href="#sSpan7592" value="Greek"/>
		<feat xlink:href="#sSpan7614" value="Greek"/>
		<feat xlink:href="#sSpan7652" value="Greek"/>
		<feat xlink:href="#sSpan7725" value="Greek"/>
		<feat xlink:href="#sSpan7735" value="Greek"/>
		<feat xlink:href="#sSpan7786" value="Greek"/>
		<feat xlink:href="#sSpan7789" value="Greek"/>
		<feat xlink:href="#sSpan7828" value="Greek"/>
		<feat xlink:href="#sSpan7855" value="Greek"/>
		<feat xlink:href="#sSpan7858" value="Hebrew"/>
		<feat xlink:href="#sSpan7919" value="Greek"/>
		<feat xlink:href="#sSpan7941" value="Hebrew"/></featList></paula>