<?xml version='1.0' encoding='UTF-8'?><!DOCTYPE paula SYSTEM "paula_feat.dtd">
<paula version="1.1">
	<header paula_id="scriptorium.life.aphou.02.mark_text"/>
	<featList xmlns:xlink="http://www.w3.org/1999/xlink" type="text" xml:base="scriptorium.life.aphou.02.mark.xml">
		<feat xlink:href="#sSpan37" value="ⲧⲉ ⲭⲱⲣⲁ ⲧⲏⲣ ⲥ"/>
		<feat xlink:href="#sSpan61" value="ⲧ ⲗⲉⲝⲓⲥ ⲉⲧ ⲙⲙⲁⲩ"/>
		<feat xlink:href="#sSpan91" value="ⲟⲩ ⲙⲛⲧⲁⲛⲟⲏⲧⲟⲥ ⲛⲧ ⲁ ⲛ ⲙⲉⲉⲩⲉ ⲉⲣⲟ ⲥ"/>
		<feat xlink:href="#sSpan122" value="ⲛⲁⲓ ⲇⲉ ⲁ ϥ ⲧⲁⲣ ⲕⲉ ⲡ ⲙⲁⲕⲁⲣⲓⲟⲥ ⲉ ϥ ϫⲱ ⲙⲙⲟ ⲥ"/>
		<feat xlink:href="#sSpan138" value="ⲕⲉ ⲡ ⲙⲁⲕⲁⲣⲓⲟⲥ ⲉ ϥ ϫⲱ ⲙⲙⲟ ⲥ"/>
		<feat xlink:href="#sSpan178" value="ⲡⲉⲕ ⲃⲓⲟⲥ"/>
		<feat xlink:href="#sSpan202" value="ⲡⲉⲕ ⲅⲉⲛⲟⲥ"/>
		<feat xlink:href="#sSpan223" value="ⲡⲉⲕ ⲥⲙⲟⲧ ⲛ ⲧ ϩⲉ ⲛ ⲛⲓ ϩⲓⲇⲓⲱⲧⲏⲥ"/>
		<feat xlink:href="#sSpan240" value="ⲛⲓ ϩⲓⲇⲓⲱⲧⲏⲥ"/>
		<feat xlink:href="#sSpan270" value="ⲛⲉⲕ ϣⲁϫⲉ ⲉ ⲩ ϫⲟⲥⲉ ⲉⲙⲁⲧⲉ ⲡⲁⲣⲁ ⲛⲁ ⲛ ⲥⲟⲫⲟⲥ"/>
		<feat xlink:href="#sSpan296" value="ⲛ ⲥⲟⲫⲟⲥ"/>
		<feat xlink:href="#sSpan346" value="ⲱⲛϩ"/>
		<feat xlink:href="#sSpan356" value="ⲙⲟⲛⲁⲭⲟⲥ"/>
		<feat xlink:href="#sSpan380" value="ⲡ ⲧⲁⲉⲓⲟ ⲉⲧ ⲙⲙⲁⲩ"/>
		<feat xlink:href="#sSpan406" value="ⲟⲩ ⲣⲙⲡⲉⲙϫⲉ"/>
		<feat xlink:href="#sSpan428" value="ⲛⲧⲟⲕ ⲡ ⲉⲧ ⲛ ⲧⲁϫⲣⲏⲩ ⲉϫⲛ ⲧⲉⲕ ⲥⲟⲫⲓⲁ ⲉⲧⲃⲉ ⲡⲁⲓ"/>
		<feat xlink:href="#sSpan445" value="ⲧⲉⲕ ⲥⲟⲫⲓⲁ ⲉⲧⲃⲉ ⲡⲁⲓ"/>
		<feat xlink:href="#sSpan456" value="ⲡⲁⲓ"/>
		<feat xlink:href="#sSpan463" value="ⲡ ϫⲁϫⲉ"/>
		<feat xlink:href="#sSpan480" value="ⲡⲁⲓ"/>
		<feat xlink:href="#sSpan503" value="ⲟⲩ ⲙⲏⲏϣⲉ"/>
		<feat xlink:href="#sSpan524" value="ⲡⲁⲓ"/>
		<feat xlink:href="#sSpan551" value="ⲡ ϣⲁϫⲉ ⲛ ⲧⲉ ⲥⲃⲱ ⲉⲧ ⲟⲩⲁⲁⲃ ⲉⲧ ⲛⲏⲩ ⲉⲃⲟⲗ ϩⲛ ⲣⲱ ⲕ"/>
		<feat xlink:href="#sSpan560" value="ⲧⲉ ⲥⲃⲱ ⲉⲧ ⲟⲩⲁⲁⲃ ⲉⲧ ⲛⲏⲩ ⲉⲃⲟⲗ ϩⲛ ⲣⲱ ⲕ"/>
		<feat xlink:href="#sSpan586" value="ⲣⲱ"/>
		<feat xlink:href="#sSpan603" value="ⲡⲙⲉ ⲉⲧ ϣⲟⲟⲡ ⲛϩⲏⲧ ⲕ ⲉϩⲟⲩⲛ ⲉ ⲡ ⲛⲟⲩⲧⲉ"/>
		<feat xlink:href="#sSpan626" value="ⲡ ⲛⲟⲩⲧⲉ"/>
		<feat xlink:href="#sSpan650" value="ⲥⲙⲟⲧ ⲛⲓⲙ ⲛ ⲕⲟⲧⲥ ⲛⲧⲉ ⲡ ⲇⲓⲁⲃⲟⲗⲟⲥ"/>
		<feat xlink:href="#sSpan661" value="ⲕⲟⲧⲥ ⲛⲧⲉ ⲡ ⲇⲓⲁⲃⲟⲗⲟⲥ"/>
		<feat xlink:href="#sSpan668" value="ⲡ ⲇⲓⲁⲃⲟⲗⲟⲥ"/>
		<feat xlink:href="#sSpan678" value="ⲡ ⲧⲣⲉ ⲕ ⲥⲱⲧⲙ ⲉ ⲡ ϣⲁϫⲉ ⲛ ⲧⲁ ⲙⲛⲧⲉⲗⲁⲭⲓⲥⲧⲟⲥ"/>
		<feat xlink:href="#sSpan691" value="ⲡ ϣⲁϫⲉ ⲛ ⲧⲁ ⲙⲛⲧⲉⲗⲁⲭⲓⲥⲧⲟⲥ"/>
		<feat xlink:href="#sSpan700" value="ⲧⲁ ⲙⲛⲧⲉⲗⲁⲭⲓⲥⲧⲟⲥ"/>
		<feat xlink:href="#sSpan735" value="ⲛⲟⲛⲟⲓⲁ"/>
		<feat xlink:href="#sSpan742" value="ⲡ ⲙⲉⲅⲉⲑⲟⲥ ⲉⲧ ⲛϩⲏⲧ ⲕ"/>
		<feat xlink:href="#sSpan775" value="ⲡⲉⲕ ⲟⲩⲱϣ"/>
		<feat xlink:href="#sSpan815" value="ⲧ ⲙⲛⲧⲕⲟⲩⲓ ⲉⲧ ϩⲙ ⲡⲉ ⲭⲣⲓⲥⲧⲟⲥ"/>
		<feat xlink:href="#sSpan828" value="ⲡⲉ ⲭⲣⲓⲥⲧⲟⲥ"/>
		<feat xlink:href="#sSpan852" value="ⲡ ⲛⲟϭ ⲙⲱⲩⲥⲏⲥ"/>
		<feat xlink:href="#sSpan880" value="ⲓⲱⲑⲟⲣ ⲡ ⲟⲩⲏⲏⲃ ⲙ ⲙⲁⲇⲓϩⲁⲙ"/>
		<feat xlink:href="#sSpan893" value="ⲙⲁⲇⲓϩⲁⲙ"/>
		<feat xlink:href="#sSpan900" value="ⲡⲁⲓ ⲛⲁⲙⲉ ⲡ ⲉⲛⲧ ⲁ ⲡ ⲥⲱⲧⲏⲣ ϫⲟⲟ ϥ ⲛ ⲛⲉⲛ ⲉⲓⲟⲧⲉ ⲛ ⲁⲡⲟⲥⲧⲟⲗⲟⲥ"/>
		<feat xlink:href="#sSpan915" value="ⲡ ⲥⲱⲧⲏⲣ"/>
		<feat xlink:href="#sSpan931" value="ⲛⲉⲛ ⲉⲓⲟⲧⲉ ⲛ ⲁⲡⲟⲥⲧⲟⲗⲟⲥ"/>
		<feat xlink:href="#sSpan976" value="ⲛⲓ ϣⲏⲣⲉ ϣⲏⲙ"/>
		<feat xlink:href="#sSpan1058" value="ⲡ ⲧⲃⲃⲟ"/>
		<feat xlink:href="#sSpan1067" value="ⲧ ⲙⲛⲧϩⲁⲡⲗⲟⲩⲥ ⲛ ⲧ ⲙⲛⲧⲕⲟⲩⲓ"/>
		<feat xlink:href="#sSpan1079" value="ⲧ ⲙⲛⲧⲕⲟⲩⲓ"/>
		<feat xlink:href="#sSpan1090" value="ⲛⲁⲓ"/>
		<feat xlink:href="#sSpan1123" value="ϩⲉⲛ ϩⲟⲟⲩ"/>
		<feat xlink:href="#sSpan1167" value="ⲟⲩ ⲁⲧϭⲟⲙ"/>
		<feat xlink:href="#sSpan1184" value="ⲡⲁⲓ"/>
		<feat xlink:href="#sSpan1193" value="ⲧⲁⲓ"/>
		<feat xlink:href="#sSpan1233" value="ⲟⲩ ⲉⲓⲣⲏⲛⲏ"/>
		<feat xlink:href="#sSpan1243" value="ⲟⲩ ⲧⲓⲙⲏ"/>
		<feat xlink:href="#sSpan1269" value="ϩⲏⲧ"/>
		<feat xlink:href="#sSpan1303" value="ⲟⲩ ϣⲏⲣⲉ ⲉⲣⲉ ⲡⲉϥ ⲉⲓⲱⲧ ⲙⲟⲟϣⲉ ⲉⲃⲟⲗ ϩⲓⲧⲟⲟⲧ"/>
		<feat xlink:href="#sSpan1312" value="ⲡⲉϥ ⲉⲓⲱⲧ"/>
		<feat xlink:href="#sSpan1336" value="ϣⲟⲙⲧⲉ ⲇⲉ ⲛ ⲣⲟⲙⲡⲉ"/>
		<feat xlink:href="#sSpan1358" value="ⲛⲁⲓ"/>
		<feat xlink:href="#sSpan1378" value="ⲡ ⲉⲡⲓⲥⲕⲟⲡⲟⲥ ⲙ ⲡⲙϫⲏ"/>
		<feat xlink:href="#sSpan1390" value="ⲡⲙϫⲏ"/>
		<feat xlink:href="#sSpan1405" value="ⲡ ϩⲉⲑⲟⲥ"/>
		<feat xlink:href="#sSpan1415" value="ⲧ ⲡⲟⲗⲓⲥ ⲧⲏⲣ ⲥ"/>
		<feat xlink:href="#sSpan1443" value="ⲟⲩ ⲥⲩⲙⲫⲱⲛⲓⲁ ⲛ ⲟⲩⲱⲧ"/>
		<feat xlink:href="#sSpan1471" value="ⲯⲩⲫⲓⲥⲙⲁ ϩⲁ ⲟⲩⲁ ⲛ ⲛⲉ ⲡⲣⲉⲥⲃⲩⲧⲉⲣⲟⲥ"/>
		<feat xlink:href="#sSpan1494" value="ⲩ ⲉⲩⲗⲁⲃⲏⲥ ϩⲱⲱ ϥ"/>
		<feat xlink:href="#sSpan1531" value="ⲛⲉ ⲯⲩⲫⲓⲥⲙⲁ"/>
		<feat xlink:href="#sSpan1552" value="ⲉⲡⲓⲥⲕⲟⲡⲟⲥ"/>
		<feat xlink:href="#sSpan1576" value="ⲛⲉ ⲥϩⲁⲓ"/>
		<feat xlink:href="#sSpan1585" value="ⲡ ⲁⲣⲭⲓⲉⲡⲓⲥⲕⲟⲡⲟⲥ ⲁⲡⲁ ⲑⲉⲟⲫⲓⲗⲟⲥ"/>
		<feat xlink:href="#sSpan1630" value="ⲁⲫⲟⲩ"/>
		<feat xlink:href="#sSpan1636" value="ⲟⲩ ⲙⲟⲛⲁⲭⲟⲥ ⲡⲉ ⲉ ⲡⲁ ⲧⲉⲧⲛ ⲡⲟⲗⲓⲥ ⲡⲉ"/>
		<feat xlink:href="#sSpan1652" value="ⲧⲉⲧⲛ ⲡⲟⲗⲓⲥ"/>
		<feat xlink:href="#sSpan1696" value="ⲉⲡⲓⲥⲕⲟⲡⲟⲥ"/>
		<feat xlink:href="#sSpan1716" value="ⲛⲉ ⲡⲣⲉⲥⲃⲩⲧⲉⲣⲟⲥ"/>
		<feat xlink:href="#sSpan1763" value="ⲙⲟⲛⲁⲭⲟⲥ ϩⲛ ⲛⲉ ⲛⲧⲟϣ"/>
		<feat xlink:href="#sSpan1770" value="ⲛⲉ ⲛⲧⲟϣ"/>
		<feat xlink:href="#sSpan1780" value="ⲁⲫⲟⲩ"/>
		<feat xlink:href="#sSpan1804" value="ⲟⲩⲟⲛ"/>
		<feat xlink:href="#sSpan1811" value="ⲛ ⲥⲟⲟⲩⲛ ⲙⲙⲟ ϥ"/>
		<feat xlink:href="#sSpan1849" value="ⲡ ⲁⲣⲭⲓⲉⲡⲓⲥⲕⲟⲡⲟⲥ"/>
		<feat xlink:href="#sSpan1913" value="ⲣⲱⲙⲉ"/>
		<feat xlink:href="#sSpan1974" value="ⲧⲉⲩ ⲡⲟⲗⲓⲥ"/>
		<feat xlink:href="#sSpan1996" value="ⲡ ⲣⲱⲙⲉ"/>
		<feat xlink:href="#sSpan2019" value="ⲡ ⲧⲟϣ ⲧⲏⲣ ϥ"/>
		<feat xlink:href="#sSpan2060" value="ⲛ ⲣⲱⲙⲉ"/>
		<feat xlink:href="#sSpan2074" value="ⲛⲉ ⲑⲏⲣⲓⲟⲛ"/>
		<feat xlink:href="#sSpan2115" value="ⲙ ⲙⲟⲛⲁⲭⲟⲥ"/>
		<feat xlink:href="#sSpan2139" value="ⲡ ⲣⲱⲙⲉ"/>
		<feat xlink:href="#sSpan2164" value="ⲡ ⲉⲧ ⲥⲟⲟⲩⲛ ⲙⲙⲟ ϥ ⲛϩⲏⲧ ⲟⲩ"/>
		<feat xlink:href="#sSpan2205" value="ⲧ ϩⲏ ⲙ ⲡ ϩⲟⲟⲩ"/>
		<feat xlink:href="#sSpan2214" value="ⲡ ϩⲟⲟⲩ"/>
		<feat xlink:href="#sSpan2244" value="ⲧ ⲉⲣⲏⲙⲟⲥ"/>
		<feat xlink:href="#sSpan2262" value="ⲛ ϣⲟϣ"/>
		<feat xlink:href="#sSpan2298" value="ⲛ ϭⲉⲣⲁϭⲉ"/>
		<feat xlink:href="#sSpan2334" value="ⲡ ⲥⲟⲛ"/>
		<feat xlink:href="#sSpan2339" value="ⲧⲁ ⲙⲟⲟⲩ"/>
		<feat xlink:href="#sSpan2356" value="ⲛⲉⲓ ⲙⲉ ⲉ ⲡⲁⲓ"/>
		<feat xlink:href="#sSpan2365" value="ⲡⲁⲓ"/>
		<feat xlink:href="#sSpan2398" value="ⲉⲡⲓⲥⲕⲟⲡⲟⲥ"/>
		<feat xlink:href="#sSpan2416" value="ϭⲉⲣⲁϭⲉ"/>
		<feat xlink:href="#sSpan2441" value="ⲛⲉⲩ ϭⲟⲣϭⲥ"/>
		<feat xlink:href="#sSpan2467" value="ⲧⲉ ⲩϣⲏ"/>
		<feat xlink:href="#sSpan2488" value="ⲙⲟⲟⲩ"/>
		<feat xlink:href="#sSpan2495" value="ⲛ ϣⲟϣ"/>
		<feat xlink:href="#sSpan2520" value="ⲛ ϭⲉⲣⲁϭⲉ"/>
		<feat xlink:href="#sSpan2591" value="ⲡⲉⲧⲛ ϩⲱⲃ"/>
		<feat xlink:href="#sSpan2622" value="ⲟⲩ ⲣⲱⲙⲉ"/>
		<feat xlink:href="#sSpan2654" value="ⲧⲃⲛⲏ"/>
		<feat xlink:href="#sSpan2661" value="ⲡ ϣⲟϣ"/>
		<feat xlink:href="#sSpan2707" value="ⲟⲩ ⲣⲱⲙⲉ"/>
		<feat xlink:href="#sSpan2735" value="ⲡⲁⲓ"/>
		<feat xlink:href="#sSpan2795" value="ⲡⲁⲓ"/>
		<feat xlink:href="#sSpan2834" value="ⲡ ϣⲟϣ"/>
		<feat xlink:href="#sSpan2885" value="ⲡ ⲁⲣⲭⲓⲉⲡⲓⲥⲕⲟⲡⲟⲥ"/>
		<feat xlink:href="#sSpan2996" value="ⲕⲉⲓⲁⲫⲟⲩ"/>
		<feat xlink:href="#sSpan3024" value="ⲛⲉⲕ ϣⲃⲣ ⲙⲉⲗⲟⲥ"/>
		<feat xlink:href="#sSpan3038" value="ⲡ ϩⲟⲟⲩ"/>
		<feat xlink:href="#sSpan3101" value="ⲛⲉⲕ ⲥⲛⲏⲩ"/>
		<feat xlink:href="#sSpan3144" value="ⲁⲡⲁ ⲁⲫⲟⲩ"/>
		<feat xlink:href="#sSpan3168" value="ⲡ ϫⲟⲉⲓⲥ ⲡⲁ ϫⲟⲉⲓⲥ"/>
		<feat xlink:href="#sSpan3185" value="ⲛⲉⲓ ϣⲁϫⲉ"/>
		<feat xlink:href="#sSpan3217" value="ⲟⲩ ⲣⲱⲙⲉ ⲛ ⲁⲥⲑⲉⲛⲏⲥ"/>
		<feat xlink:href="#sSpan3237" value="ⲧⲁ ⲙⲛⲧϭⲱⲃ ⲛⲧ ⲁ ⲓ ⲡⲱⲧ ⲉⲃⲟⲗ ⲛ ⲥⲩⲛⲧⲉⲭⲓⲁ ⲛ ⲛ ⲣⲱⲙⲉ"/>
		<feat xlink:href="#sSpan3263" value="ⲥⲩⲛⲧⲉⲭⲓⲁ ⲛ ⲛ ⲣⲱⲙⲉ"/>
		<feat xlink:href="#sSpan3270" value="ⲛ ⲣⲱⲙⲉ"/>
		<feat xlink:href="#sSpan3289" value="ⲡ ⲧⲱϩ ⲛ ⲛ ϩⲟⲉⲓⲙ ⲙⲙⲡⲓ ⲃⲓⲟⲥ"/>
		<feat xlink:href="#sSpan3298" value="ⲛ ϩⲟⲉⲓⲙ ⲙⲙⲡⲓ ⲃⲓⲟⲥ"/>
		<feat xlink:href="#sSpan3308" value="ⲃⲓⲟⲥ"/>
		<feat xlink:href="#sSpan3331" value="ⲡ ϫⲟⲉⲓⲥ"/>
		<feat xlink:href="#sSpan3354" value="ⲡⲉⲓ ϩⲱⲃ"/>
		<feat xlink:href="#sSpan3381" value="ⲁⲧϭⲟⲙ"/>
		<feat xlink:href="#sSpan3386" value="ⲡ ⲁⲣⲭⲓⲉⲡⲓⲥⲕⲟⲡⲟⲥ"/>
		<feat xlink:href="#sSpan3419" value="ⲡ ⲁⲛⲁϣ ⲙ ⲡ ϫⲟⲉⲓⲥ"/>
		<feat xlink:href="#sSpan3428" value="ⲡ ϫⲟⲉⲓⲥ"/>
		<feat xlink:href="#sSpan3464" value="ⲡ ϫⲟⲉⲓⲥ"/>
		<feat xlink:href="#sSpan3491" value="ⲡ ⲁⲛⲁϣ ⲛⲧ ⲁ ⲕ ⲙⲟⲣⲧ ⲛϩⲏⲧ ϥ"/>
		<feat xlink:href="#sSpan3528" value="ϣⲙ"/>
		<feat xlink:href="#sSpan3537" value="ⲡ ⲧⲱϩⲙ ⲧⲏⲣ ϥ"/>
		<feat xlink:href="#sSpan3552" value="ⲛⲉ ⲭⲣⲓⲥⲧⲓⲁ ⲛ ϫⲟⲉⲓⲥ"/>
		<feat xlink:href="#sSpan3561" value="ϫⲟⲉⲓⲥ"/>
		<feat xlink:href="#sSpan3568" value="ⲡⲓ ⲁⲓⲱⲛ"/>
		<feat xlink:href="#sSpan3578" value="ⲡ ⲉⲧ ⲛⲏⲩ"/>
		<feat xlink:href="#sSpan3617" value="ⲁⲡⲁ ⲁⲫⲟⲩ"/>
		<feat xlink:href="#sSpan3649" value="ⲡⲁⲓ"/>
		<feat xlink:href="#sSpan3659" value="ⲟⲩ ϣⲗⲟϥ"/>
		<feat xlink:href="#sSpan3682" value="ⲟⲩ ⲑⲗⲓⲯⲓⲥ ⲧⲉ ϣⲁ ⲉⲛⲉϩ"/>
		<feat xlink:href="#sSpan3696" value="ⲉⲛⲉϩ"/>
		<feat xlink:href="#sSpan3727" value="ⲡ ϩⲱⲃ"/>
		<feat xlink:href="#sSpan3807" value="ⲡⲁ ϫⲟⲉⲓⲥ ⲛ ⲉⲓⲱⲧ"/>
		<feat xlink:href="#sSpan3847" value="ⲧⲉϥ ⲡⲟⲗⲓⲥ"/>
		<feat xlink:href="#sSpan3873" value="ⲧ ⲙⲛⲧⲉⲡⲓⲥⲕⲟⲡⲟⲥ"/>
		<feat xlink:href="#sSpan3898" value="ⲕⲉ ⲡⲣⲁⲕⲧⲓⲕⲟⲛ ⲛ ⲧⲓⲙⲓⲛⲉ"/>
		<feat xlink:href="#sSpan3912" value="ⲧ ⲙⲛⲧⲉⲡⲓⲥⲕⲟⲡⲟⲥ ⲅⲁⲣ ⲧⲏⲣ ⲥ"/>
		<feat xlink:href="#sSpan3956" value="ⲟⲩ ϣⲏ ⲛ ⲟⲩⲱⲧ ⲛ ⲛⲕⲟⲧⲕ"/>
		<feat xlink:href="#sSpan3971" value="ⲛⲕⲟⲧⲕ"/>
		<feat xlink:href="#sSpan3979" value="ⲧ ⲡⲟⲗⲓⲥ"/>
		<feat xlink:href="#sSpan3998" value="ⲟⲩ ⲟⲉⲓⲕ ⲛ ⲟⲩⲱⲧ"/>
		<feat xlink:href="#sSpan4027" value="ⲟⲩ ϩⲟⲟⲩ ⲛ ⲟⲩⲱⲧ"/>
		<feat xlink:href="#sSpan4069" value="ⲟⲩ ⲙⲟⲛⲁⲥⲧⲏⲣⲓⲟⲛ ⲙ ⲡ ⲃⲟⲗ ⲛ ⲧ ⲡⲟⲗⲓⲥ"/>
		<feat xlink:href="#sSpan4079" value="ⲡ ⲃⲟⲗ ⲛ ⲧ ⲡⲟⲗⲓⲥ"/>
		<feat xlink:href="#sSpan4088" value="ⲧ ⲡⲟⲗⲓⲥ"/>
		<feat xlink:href="#sSpan4094" value="ⲡ ⲥⲁⲃⲃⲁⲧⲟⲛ"/>
		<feat xlink:href="#sSpan4123" value="ⲧ ⲉⲕⲕⲗⲏⲥⲓⲁ"/>
		<feat xlink:href="#sSpan4141" value="ⲡ ⲗⲁⲟⲥ"/>
		<feat xlink:href="#sSpan4165" value="ⲡ ϣⲁϫⲉ ⲙ ⲡ ⲛⲟⲩⲧⲉ"/>
		<feat xlink:href="#sSpan4174" value="ⲡ ⲛⲟⲩⲧⲉ"/>
		<feat xlink:href="#sSpan4183" value="ⲡ ⲣⲟⲩϩⲉ"/>
		<feat xlink:href="#sSpan4207" value="ⲡ ⲥⲁⲃⲃⲁⲧⲟⲛ"/>
		<feat xlink:href="#sSpan4226" value="ⲛⲉⲩ ⲥⲩⲛⲁⲝⲓⲥ"/>
		<feat xlink:href="#sSpan4236" value="ⲛⲉⲩ ϣⲗⲏⲗ"/>
		<feat xlink:href="#sSpan4245" value="ⲛⲉⲩ ⲯⲁⲗⲙⲟⲥ"/>
		<feat xlink:href="#sSpan4273" value="ⲛ ⲗⲓⲧⲟⲩⲣⲅⲓⲁ ⲉⲧ ⲟⲩⲁⲁⲃ"/>
		<feat xlink:href="#sSpan4314" value="ⲡⲉ ϣⲁϫⲡ"/>
		<feat xlink:href="#sSpan4328" value="ⲧ ⲕⲩⲣⲓⲁⲕⲏ"/>
		<feat xlink:href="#sSpan4350" value="ⲡⲉϥ ⲙⲟⲛⲁⲥⲧⲏⲣⲓⲟⲛ"/>
		<feat xlink:href="#sSpan4361" value="ⲡ ⲥⲁⲃⲃⲁⲧⲟⲛ"/>
		<feat xlink:href="#sSpan4389" value="ⲡⲉ ⲡⲣⲉⲥⲃⲩⲧⲉⲣⲟⲥ ⲛⲧ ⲁ ⲩ ϫⲓⲧ ϥ ⲉ ⲁⲁ ϥ ⲛ ⲉⲡⲓⲥⲕⲟⲡⲟⲥ ⲉϩⲣⲁⲓ ⲉϫⲛ ⲧ ⲉⲕⲗⲟⲅⲓⲥⲧⲓⲁ ⲧⲏⲣ ⲥ ⲛ ⲧ ⲉⲕⲕⲗⲏⲥⲓⲁ"/>
		<feat xlink:href="#sSpan4430" value="ⲧ ⲉⲕⲗⲟⲅⲓⲥⲧⲓⲁ ⲧⲏⲣ ⲥ ⲛ ⲧ ⲉⲕⲕⲗⲏⲥⲓⲁ"/>
		<feat xlink:href="#sSpan4445" value="ⲧ ⲉⲕⲕⲗⲏⲥⲓⲁ"/>
		<feat xlink:href="#sSpan4472" value="ⲛ ⲱⲡ ⲛ ⲧ ⲉⲕⲕⲗⲏⲥⲓⲁ"/>
		<feat xlink:href="#sSpan4481" value="ⲧ ⲉⲕⲕⲗⲏⲥⲓⲁ"/>
		<feat xlink:href="#sSpan4491" value="ⲟⲩ ⲥⲟⲡ"/>
		<feat xlink:href="#sSpan4496" value="ⲧⲉ ⲣⲟⲙⲡⲉ"/>
		<feat xlink:href="#sSpan4515" value="ⲥⲉⲉⲡⲉ ⲧⲏⲣ ϥ ⲉ ⲡ ⲁⲛϩⲟⲗⲟⲙⲁ ⲛ ⲧ ⲉⲕⲕⲗⲏⲥⲓⲁ"/>
		<feat xlink:href="#sSpan4528" value="ⲡ ⲁⲛϩⲟⲗⲟⲙⲁ ⲛ ⲧ ⲉⲕⲕⲗⲏⲥⲓⲁ"/>
		<feat xlink:href="#sSpan4537" value="ⲧ ⲉⲕⲕⲗⲏⲥⲓⲁ"/>
		<feat xlink:href="#sSpan4563" value="ⲛ ϩⲏⲕⲉ ⲛ ⲧ ⲡⲟⲗⲓⲥ"/>
		<feat xlink:href="#sSpan4572" value="ⲧ ⲡⲟⲗⲓⲥ"/>
		<feat xlink:href="#sSpan4582" value="ⲛ ⲉⲧ ϩⲏⲛ ⲉⲣⲟ ϥ"/>
		<feat xlink:href="#sSpan4617" value="ⲡ ϩⲓⲥⲉ ⲛ ⲧⲉⲩ ⲙⲛⲧϩⲏⲕⲉ"/>
		<feat xlink:href="#sSpan4626" value="ⲧⲉⲩ ⲙⲛⲧϩⲏⲕⲉ"/>
		<feat xlink:href="#sSpan4658" value="ⲕⲉ ⲁⲣⲭⲱⲛ"/>
		<feat xlink:href="#sSpan4684" value="ⲡ ⲃⲟⲗ ⲛ ⲛⲕⲁ ⲛ ⲧ ⲉⲕⲕⲗⲏⲥⲓⲁ"/>
		<feat xlink:href="#sSpan4693" value="ⲛⲕⲁ ⲛ ⲧ ⲉⲕⲕⲗⲏⲥⲓⲁ"/>
		<feat xlink:href="#sSpan4700" value="ⲧ ⲉⲕⲕⲗⲏⲥⲓⲁ"/>
		<feat xlink:href="#sSpan4739" value="ϩⲉⲛ ⲇⲱⲣⲟⲛ"/>
		<feat xlink:href="#sSpan4775" value="ⲟⲩⲟⲛ ⲛⲓⲙ"/>
		<feat xlink:href="#sSpan4795" value="ⲡⲟⲩⲁⲡⲟⲩⲁ"/>
		<feat xlink:href="#sSpan4811" value="ⲡ ⲥⲁⲃⲃⲁⲧⲟⲛ"/>
		<feat xlink:href="#sSpan4841" value="ⲡⲉ ϩⲛ..."/>
		<feat xlink:href="#sSpan4848" value="ⲛ ⲉⲧ ϣⲁⲁⲧ"/>
		<feat xlink:href="#sSpan4866" value="ⲛ ⲉⲧ ϫⲏⲩ ⲛ ϭⲟⲛⲥ"/>
		<feat xlink:href="#sSpan4877" value="ϭⲟⲛⲥ"/>
		<feat xlink:href="#sSpan4895" value="ⲛⲉⲩ ⲭⲣⲉⲓⲁ"/>
		<feat xlink:href="#sSpan4937" value="ⲧⲉⲩ ⲙⲛⲧϩⲣⲟⲩⲱ ϣⲁϫⲡ ⲯⲓⲧⲉ"/>
		<feat xlink:href="#sSpan4948" value="ⲯⲓⲧⲉ"/>
		<feat xlink:href="#sSpan4955" value="ⲛ ϫⲡ"/>
		<feat xlink:href="#sSpan4979" value="ⲡⲉ ϣⲗⲏⲗ ⲉⲧ ⲟⲩⲁⲁⲃ"/>
		<feat xlink:href="#sSpan4994" value="ⲡ ⲛⲁⲩ ⲛ ⲣⲟⲩϩⲉ"/>
		<feat xlink:href="#sSpan5052" value="ⲡ ⲟⲩϣⲏⲛⲣⲟⲉⲓⲥ"/>
		<feat xlink:href="#sSpan5061" value="ⲡ ⲛⲁⲩ ⲛ ϣⲱⲣⲡ"/>
		<feat xlink:href="#sSpan5078" value="ⲗⲁⲁⲩ"/>
		<feat xlink:href="#sSpan5088" value="ⲛ ⲥϩⲓⲙⲉ"/>
		<feat xlink:href="#sSpan5129" value="ⲗⲁⲁⲩ ⲛ ⲛⲟⲩⲃ"/>
		<feat xlink:href="#sSpan5136" value="ⲛⲟⲩⲃ"/>
		<feat xlink:href="#sSpan5145" value="ⲧⲁⲓ"/>
		<feat xlink:href="#sSpan5182" value="ⲗⲁⲁⲩ ⲛ ⲥϩⲓⲙⲉ"/>
		<feat xlink:href="#sSpan5219" value="ⲡ ⲥⲱⲙⲁ ⲙⲛ ⲡⲉ ⲥⲛⲟϥ ⲙ ⲡⲉ ⲭⲣⲓⲥⲧⲟⲥ ⲉⲣⲉ ⲗⲁⲁⲩ ⲛ ⲛⲟⲩⲃ ⲙⲙⲟ ⲥ"/>
		<feat xlink:href="#sSpan5229" value="ⲡⲉ ⲥⲛⲟϥ ⲙ ⲡⲉ ⲭⲣⲓⲥⲧⲟⲥ"/>
		<feat xlink:href="#sSpan5238" value="ⲡⲉ ⲭⲣⲓⲥⲧⲟⲥ"/>
		<feat xlink:href="#sSpan5248" value="ⲗⲁⲁⲩ ⲛ ⲛⲟⲩⲃ"/>
		<feat xlink:href="#sSpan5255" value="ⲛⲟⲩⲃ"/>
		<feat xlink:href="#sSpan5283" value="ⲗⲁⲁⲩ ⲛ ϩⲟⲉⲓⲧⲉ ⲉ ϥ ⲟ ⲛ ⲁⲩⲁⲛ ⲉⲃⲟⲗ ϫⲉ ⲛⲉⲣⲉ ⲛ ⲇⲓⲁⲕⲱⲛ ⲡⲉ ⲣϩⲟⲧⲉ ϩⲏⲧ ϥ"/>
		<feat xlink:href="#sSpan5290" value="ϩⲟⲉⲓⲧⲉ"/>
		<feat xlink:href="#sSpan5305" value="ⲁⲩⲁⲛ"/>
		<feat xlink:href="#sSpan5320" value="ⲛ ⲇⲓⲁⲕⲱⲛ"/>
		<feat xlink:href="#sSpan5365" value="ⲟⲣⲇⲓⲛⲟⲛ"/>
		<feat xlink:href="#sSpan5382" value="ⲗⲁⲁⲩ"/>
		<feat xlink:href="#sSpan5407" value="ⲛ ⲉⲧⲉⲣⲉ ⲧ ⲙⲛⲧⲥⲉⲙⲛⲟⲥ ⲧⲟ ϩⲓⲱ ⲟⲩ"/>
		<feat xlink:href="#sSpan5412" value="ⲧ ⲙⲛⲧⲥⲉⲙⲛⲟⲥ"/>
		<feat xlink:href="#sSpan5437" value="ⲡⲁⲓ"/>
		<feat xlink:href="#sSpan5452" value="ⲡⲉⲩ ϩⲟ"/>
		<feat xlink:href="#sSpan5461" value="ⲛⲉⲩ ϭⲓϫ"/>
		<feat xlink:href="#sSpan5474" value="ⲕⲉ ϩⲟⲓⲧⲉ"/>
		<feat xlink:href="#sSpan5483" value="ⲧ ⲧⲟ ϩⲓⲱ ⲟⲩ"/>
		<feat xlink:href="#sSpan5500" value="ϩⲉⲛ ⲉⲃⲟⲗ ⲁⲛ ⲛⲉ ϩⲛ ⲟⲩ ϫⲱϭⲉ ⲛ ⲣⲉϥϫⲉϭⲥⲟⲣⲧ"/>
		<feat xlink:href="#sSpan5526" value="ⲣⲉϥϫⲉϭⲥⲟⲣⲧ"/>
		<feat xlink:href="#sSpan5545" value="ⲡⲉⲩ ⲭⲣⲱⲙⲁ"/>
		<feat xlink:href="#sSpan5568" value="ⲗⲁⲙⲡⲣⲟⲛ"/>
		<feat xlink:href="#sSpan5580" value="ⲇⲓⲁⲕⲟⲛⲟⲥ ⲟⲛ"/>
		<feat xlink:href="#sSpan5611" value="ⲧⲉϥ ⲧϩⲉ ⲉ ⲙⲛ ⲗⲁⲁⲩ ⲛϩⲏⲧ ⲟⲩ ⲣϩⲱⲃ ⲛ ⲁⲇⲓⲕⲟⲛ"/>
		<feat xlink:href="#sSpan5622" value="ⲗⲁⲁⲩ"/>
		<feat xlink:href="#sSpan5629" value="ⲟⲩ ⲣϩⲱⲃ ⲛ ⲁⲇⲓⲕⲟⲛ"/>
		<feat xlink:href="#sSpan5643" value="ⲁⲇⲓⲕⲟⲛ"/>
		<feat xlink:href="#sSpan5672" value="ⲛⲁⲓ ⲇⲉ ⲙⲁⲩⲁⲁ ϥ ⲁⲛ"/>
		<feat xlink:href="#sSpan5695" value="ⲟⲩ ⲙⲏⲏϣⲉ"/>
		<feat xlink:href="#sSpan5726" value="ⲧ ⲙⲛⲧⲣⲉϥϫⲓⲙⲏⲥⲉ ⲉ ⲩ ⲕⲱϩ ⲁⲩⲱ ⲉ ⲩ ⲉⲓⲣⲉ ⲛ ⲧ ⲡⲟⲗⲓⲧⲓⲁ ⲙ ⲡ ⲱⲛϩ"/>
		<feat xlink:href="#sSpan5760" value="ⲧ ⲡⲟⲗⲓⲧⲓⲁ ⲙ ⲡ ⲱⲛϩ"/>
		<feat xlink:href="#sSpan5769" value="ⲡ ⲱⲛϩ"/>
		<feat xlink:href="#sSpan5774" value="ⲛⲉ ϩⲓⲟⲙⲉ"/>
		<feat xlink:href="#sSpan5806" value="ⲧ ⲙⲛⲧϩⲁⲕ ⲉ ⲙⲛ ⲗⲁⲁⲩ ⲛϩⲏⲧ ⲟⲩ"/>
		<feat xlink:href="#sSpan5819" value="ⲗⲁⲁⲩ"/>
		<feat xlink:href="#sSpan5846" value="ⲙ ⲙⲁ ⲉⲧ ⲟⲩⲁⲁⲃ"/>
		<feat xlink:href="#sSpan5879" value="ⲧ ⲡⲟⲗⲓⲥ ⲧⲏⲣ ⲥ"/>
		<feat xlink:href="#sSpan5895" value="ⲛⲉ ϩⲟⲟⲩ ⲉⲧ ⲙⲙⲁⲩ"/>
		<feat xlink:href="#sSpan5910" value="ⲛⲁⲓ ⲛⲁⲙⲉ"/>
		<feat xlink:href="#sSpan5923" value="ⲡ ⲗⲁⲟⲥ ⲙ ⲡ ϫⲟⲉⲓⲥ"/>
		<feat xlink:href="#sSpan5933" value="ⲡ ϫⲟⲉⲓⲥ"/>
		<feat xlink:href="#sSpan5977" value="ϩⲁϩ ⲛ ⲥⲟⲡ ⲛ ⲧ ⲕⲁⲧⲏⲭⲉⲥⲓⲥ"/>
		<feat xlink:href="#sSpan5990" value="ⲧ ⲕⲁⲧⲏⲭⲉⲥⲓⲥ"/>
		<feat xlink:href="#sSpan6015" value="ⲡⲁ ϩⲏⲧ"/>
		<feat xlink:href="#sSpan6028" value="ⲛⲉⲛⲧ"/>
		<feat xlink:href="#sSpan6045" value="ϭⲟⲛⲥ"/>
		<feat xlink:href="#sSpan6060" value="ⲛ ⲉⲧ ϫⲓ ⲛ ϭⲟⲛⲥ"/>
		<feat xlink:href="#sSpan6071" value="ϭⲟⲛⲥ"/>
		<feat xlink:href="#sSpan6074" value="ⲛ ⲉⲛⲧ ⲁ ⲩ ϫⲓⲧ ⲟⲩ"/>
		<feat xlink:href="#sSpan6101" value="ϭⲟⲛⲥ ⲉ ⲩ ⲟⲩⲱϣⲥ ⲛⲁ ⲩ ⲉⲃⲟⲗ ⲛ ⲧ ⲙⲛⲧⲣⲣⲟ ⲛ ⲙ ⲡⲏⲩⲉ"/>
		<feat xlink:href="#sSpan6126" value="ⲧ ⲙⲛⲧⲣⲣⲟ ⲛ ⲙ ⲡⲏⲩⲉ"/>
		<feat xlink:href="#sSpan6137" value="ⲙ ⲡⲏⲩⲉ"/>
		<feat xlink:href="#sSpan6150" value="ⲣⲉϥϫⲓⲛϭⲟⲛⲥ"/>
		<feat xlink:href="#sSpan6213" value="ⲡ ⲧⲁⲕⲟ"/>
		<feat xlink:href="#sSpan6242" value="ϩⲁϩ ⲛ ⲥⲟⲡ"/>
		<feat xlink:href="#sSpan6292" value="ⲛ ⲉⲧ ϣⲟⲟⲡ ϩⲛ ⲧ ⲡⲟⲗⲓⲥ"/>
		<feat xlink:href="#sSpan6303" value="ⲧ ⲡⲟⲗⲓⲥ"/>
		<feat xlink:href="#sSpan6326" value="ⲡ ⲗⲁⲟⲥ"/>
		<feat xlink:href="#sSpan6364" value="ⲧ ⲟⲣⲅⲏ"/>
		<feat xlink:href="#sSpan6393" value="ⲡ ⲉⲧ ⲯⲁⲗⲗⲉⲓ"/>
		<feat xlink:href="#sSpan6405" value="ⲛⲟⲩ ⲗⲉⲝⲓⲥ"/>
		<feat xlink:href="#sSpan6453" value="ⲗⲁⲁⲩ"/>
		<feat xlink:href="#sSpan6480" value="ⲡⲉ ⲯⲁⲗⲙⲟⲥ"/>
		<feat xlink:href="#sSpan6541" value="ⲟⲩ ⲣⲱⲙⲉ ⲛ ⲣⲣⲟ"/>
		<feat xlink:href="#sSpan6568" value="ϩⲉⲛ ⲛⲏⲥⲧⲉⲓⲁ"/>
		<feat xlink:href="#sSpan6578" value="ⲟⲩ ϭⲟⲟⲩⲛⲉ"/>
		<feat xlink:href="#sSpan6599" value="ⲟⲩ ⲙⲛⲧⲁⲧⲃⲟⲧⲉ"/>
		<feat xlink:href="#sSpan6664" value="ⲡⲉϥ ⲃⲓⲟⲥ"/>
		<feat xlink:href="#sSpan6674" value="ⲛⲉ ⲥⲛⲏⲩ"/>
		<feat xlink:href="#sSpan6724" value="ⲧ ⲕⲁⲧⲟⲣⲑⲱⲉⲓ ⲙ ⲡⲉϥ ⲗⲁⲟⲥ"/>
		<feat xlink:href="#sSpan6733" value="ⲡⲉϥ ⲗⲁⲟⲥ"/>
		<feat xlink:href="#sSpan6743" value="ⲧ ⲙⲛⲧⲕⲁⲑⲁⲣⲟⲥ ⲛ ⲧⲉϥ ⲉⲡⲓⲥⲕⲟⲡⲏ ⲛⲧ ⲁ ⲩ ⲣⲙⲛⲧⲣⲉ ⲙⲙⲟ ⲥ"/>
		<feat xlink:href="#sSpan6756" value="ⲧⲉϥ ⲉⲡⲓⲥⲕⲟⲡⲏ"/>
		<feat xlink:href="#sSpan6800" value="ⲡⲉⲛ ⲉⲓⲱⲧ"/>
		<feat xlink:href="#sSpan6809" value="ⲟⲩ ϣⲁϫⲉ"/>
		<feat xlink:href="#sSpan6887" value="ⲟⲩ ϩⲱⲃ ⲛ ⲟⲩⲱⲧ"/>
		<feat xlink:href="#sSpan6927" value="ⲗⲁⲁⲩ ⲙⲙⲱ ⲧⲛ"/>
		<feat xlink:href="#sSpan6945" value="ⲗⲁⲁⲩ ⲙ ⲙⲛⲧⲛⲟϭ"/>
		<feat xlink:href="#sSpan6953" value="ⲙⲛⲧⲛⲟϭ"/>
		<feat xlink:href="#sSpan6978" value="ⲧ ⲉ ⲛⲧ ⲁ ⲓ ⲡⲱⲧ ⲙⲙⲟ ⲥ ⲙⲟⲅⲓⲥ ⲉ ⲁⲓⲉ"/>
		<feat xlink:href="#sSpan7008" value="ⲁⲓⲉ"/>
		<feat xlink:href="#sSpan7025" value="ⲛⲉⲛⲧ"/>
		<feat xlink:href="#sSpan7039" value="ⲧ ⲙⲛⲧⲙⲟⲛⲁⲭⲟⲥ"/>
		<feat xlink:href="#sSpan7048" value="ⲧ ⲙⲛⲧⲉⲡⲓⲥⲕⲟⲡⲟⲥ"/>
		<feat xlink:href="#sSpan7100" value="ⲗⲁⲁⲩ ⲛ ϩⲱⲃ"/>
		<feat xlink:href="#sSpan7199" value="ⲟⲩ ⲇⲓⲁⲕⲟⲛⲟⲥ"/>
		<feat xlink:href="#sSpan7243" value="ϫⲟⲩⲧⲏ ⲙ ⲯⲁⲗⲙⲟⲥ"/>
		<feat xlink:href="#sSpan7260" value="ⲉⲡⲓⲥⲧⲟⲗⲏ ⲥⲛⲧⲉ"/>
		<feat xlink:href="#sSpan7272" value="ⲁⲡⲟⲥⲧⲟⲗⲟⲥ"/>
		<feat xlink:href="#sSpan7281" value="ⲟⲩ ⲙⲉⲣⲟⲥ ⲛ ⲉⲩⲁⲅⲅⲉⲗⲓⲟⲛ"/>
		<feat xlink:href="#sSpan7292" value="ⲉⲩⲁⲅⲅⲉⲗⲓⲟⲛ"/>
		<feat xlink:href="#sSpan7308" value="ⲟⲩ ⲡⲣⲉⲥⲃⲩⲧⲉⲣⲟⲥ"/>
		<feat xlink:href="#sSpan7322" value="ⲟⲩ ⲙⲉⲣⲟⲥ ϩⲙ ⲡ ⲇⲉⲩⲧⲉⲣⲟⲛⲟⲙⲓⲟⲛ"/>
		<feat xlink:href="#sSpan7332" value="ⲡ ⲇⲉⲩⲧⲉⲣⲟⲛⲟⲙⲓⲟⲛ"/>
		<feat xlink:href="#sSpan7342" value="ⲟⲩ ⲙⲉⲣⲟⲥ ϩⲛ ⲙ ⲡⲁⲣϩⲟⲓⲙⲓⲁ"/>
		<feat xlink:href="#sSpan7352" value="ⲙ ⲡⲁⲣϩⲟⲓⲙⲓⲁ"/>
		<feat xlink:href="#sSpan7362" value="ⲕⲉ ⲙⲉⲣⲟⲥ"/>
		<feat xlink:href="#sSpan7375" value="ⲏⲥⲁⲓⲁⲥ"/>
		<feat xlink:href="#sSpan7389" value="ⲡ ⲛⲟⲙⲟⲥ ⲛⲧ ⲁ ϥ ⲁⲙⲁϩⲧⲉ ⲛϩⲏⲧ ϥ"/>
		<feat xlink:href="#sSpan7419" value="ϩⲁϩ ⲛ ⲣⲱⲙⲉ"/>
		<feat xlink:href="#sSpan7452" value="ϩⲱⲃ ⲛ ⲧⲉⲓ ⲙⲓⲛⲉ"/>
		<feat xlink:href="#sSpan7488" value="ⲱⲣϫ ⲛⲓⲙ"/>
		<feat xlink:href="#sSpan7508" value="ϩⲱⲃ"/>
		<feat xlink:href="#sSpan7527" value="ⲗⲁⲁⲩ"/>
		<feat xlink:href="#sSpan7538" value="ϩⲱⲃ ⲛ ⲭⲓⲣⲟⲇⲟⲛⲓⲁ"/>
		<feat xlink:href="#sSpan7545" value="ⲭⲓⲣⲟⲇⲟⲛⲓⲁ"/>
		<feat xlink:href="#sSpan7552" value="ⲛⲉϥ ϩⲟⲟⲩ"/>
		<feat xlink:href="#sSpan7576" value="ⲧ ⲡ ⲟⲩⲁ ⲉⲃⲟⲗ ϩⲙ ⲡ ⲗⲁⲟⲥ"/>
		<feat xlink:href="#sSpan7591" value="ⲡ ⲗⲁⲟⲥ"/>
		<feat xlink:href="#sSpan7601" value="ⲡ ⲙⲁ ⲉⲧ ⲟⲩ ⲣⲭⲣⲉⲓⲁ ⲙⲙⲟ ϥ"/>
		<feat xlink:href="#sSpan7651" value="ⲟⲩ ϩⲩⲡⲟⲙⲟⲛⲏ"/>
		<feat xlink:href="#sSpan7682" value="ⲡ ϣⲁϫⲉ ⲙ ⲡ ⲛⲟⲩⲧⲉ"/>
		<feat xlink:href="#sSpan7691" value="ⲡ ⲛⲟⲩⲧⲉ"/>
		<feat xlink:href="#sSpan7724" value="ⲡ ⲗⲁⲟⲥ"/>
		<feat xlink:href="#sSpan7734" value="ⲧⲉⲓ ϩⲩⲡⲟⲙⲟⲛⲏ ⲛ ⲧⲉⲓ ⲙⲓⲛⲉ"/>
		<feat xlink:href="#sSpan7752" value="ⲧⲁⲓ"/>
		<feat xlink:href="#sSpan7785" value="ⲡⲉϥ ⲃⲓⲟⲥ"/>
		<feat xlink:href="#sSpan7818" value="ⲡ ⲛⲟⲩⲧⲉ"/>
		<feat xlink:href="#sSpan7827" value="ⲟⲩ ⲉⲓⲣⲏⲛⲏ ϩⲛ ⲥⲟⲩϫⲟⲩⲧⲟⲩⲉ ⲛ ⲧ ϩⲟⲟⲩⲧ"/>
		<feat xlink:href="#sSpan7838" value="ⲥⲟⲩϫⲟⲩⲧⲟⲩⲉ ⲛ ⲧ ϩⲟⲟⲩⲧ"/>
		<feat xlink:href="#sSpan7845" value="ⲧ ϩⲟⲟⲩⲧ"/>
		<feat xlink:href="#sSpan7854" value="ⲡⲉ ⲭⲣⲓⲥⲧⲟⲥ ⲓⲏⲥⲟⲩⲥ ⲡⲉⲛ ϫⲟⲉⲓⲥ ⲡⲁⲓ ⲉⲃⲟⲗ ϩⲓⲧⲟⲟⲧ ϥ ⲡ ⲉⲟⲟⲩ ⲙ ⲡ ⲛⲟⲩⲧⲉ ⲡ ⲉⲓⲱⲧ ⲛⲙⲙⲁ ϥ"/>
		<feat xlink:href="#sSpan7888" value="ⲡ ⲉⲟⲟⲩ ⲙ ⲡ ⲛⲟⲩⲧⲉ ⲡ ⲉⲓⲱⲧ"/>
		<feat xlink:href="#sSpan7897" value="ⲡ ⲛⲟⲩⲧⲉ ⲡ ⲉⲓⲱⲧ"/>
		<feat xlink:href="#sSpan7918" value="ⲡⲉ ⲡⲛⲉⲩⲙⲁ ⲉⲧ ⲟⲩⲁⲁⲃ"/>
		<feat xlink:href="#sSpan7934" value="ⲉⲛⲉϩ ⲛ ⲉⲛⲉϩ"/></featList></paula>