<?xml version='1.0' encoding='UTF-8'?><!DOCTYPE paula SYSTEM "paula_rel.dtd">
<paula version="1.1">
	<header paula_id="scriptorium.life.aphou.02.head"/>
	<relList xmlns:xlink="http://www.w3.org/1999/xlink" type="head">
		<rel id="sPointingRel4727" xlink:href="scriptorium.life.aphou.02.mark.xml#sSpan2735" target="scriptorium.life.aphou.02.mark.xml#sSpan2733"/>
		<rel id="sPointingRel4729" xlink:href="scriptorium.life.aphou.02.mark.xml#sSpan37" target="scriptorium.life.aphou.02.mark.xml#sSpan39"/>
		<rel id="sPointingRel4731" xlink:href="scriptorium.life.aphou.02.mark.xml#sSpan3649" target="scriptorium.life.aphou.02.mark.xml#sSpan3647"/>
		<rel id="sPointingRel4733" xlink:href="scriptorium.life.aphou.02.mark.xml#sSpan223" target="scriptorium.life.aphou.02.mark.xml#sSpan224"/>
		<rel id="sPointingRel4735" xlink:href="scriptorium.life.aphou.02.mark.xml#sSpan7389" target="scriptorium.life.aphou.02.mark.xml#sSpan7391"/>
		<rel id="sPointingRel4737" xlink:href="scriptorium.life.aphou.02.mark.xml#sSpan3428" target="scriptorium.life.aphou.02.mark.xml#sSpan3429"/>
		<rel id="sPointingRel4739" xlink:href="scriptorium.life.aphou.02.mark.xml#sSpan7845" target="scriptorium.life.aphou.02.mark.xml#sSpan7846"/>
		<rel id="sPointingRel4741" xlink:href="scriptorium.life.aphou.02.mark.xml#sSpan91" target="scriptorium.life.aphou.02.mark.xml#sSpan93"/>
		<rel id="sPointingRel4743" xlink:href="scriptorium.life.aphou.02.mark.xml#sSpan742" target="scriptorium.life.aphou.02.mark.xml#sSpan744"/>
		<rel id="sPointingRel4745" xlink:href="scriptorium.life.aphou.02.mark.xml#sSpan6568" target="scriptorium.life.aphou.02.mark.xml#sSpan6570"/>
		<rel id="sPointingRel4747" xlink:href="scriptorium.life.aphou.02.mark.xml#sSpan463" target="scriptorium.life.aphou.02.mark.xml#sSpan464"/>
		<rel id="sPointingRel4749" xlink:href="scriptorium.life.aphou.02.mark.xml#sSpan650" target="scriptorium.life.aphou.02.mark.xml#sSpan648"/>
		<rel id="sPointingRel4751" xlink:href="scriptorium.life.aphou.02.mark.xml#sSpan700" target="scriptorium.life.aphou.02.mark.xml#sSpan702"/>
		<rel id="sPointingRel4753" xlink:href="scriptorium.life.aphou.02.mark.xml#sSpan1494" target="scriptorium.life.aphou.02.mark.xml#sSpan1495"/>
		<rel id="sPointingRel4755" xlink:href="scriptorium.life.aphou.02.mark.xml#sSpan4491" target="scriptorium.life.aphou.02.mark.xml#sSpan4492"/>
		<rel id="sPointingRel4757" xlink:href="scriptorium.life.aphou.02.mark.xml#sSpan6137" target="scriptorium.life.aphou.02.mark.xml#sSpan6138"/>
		<rel id="sPointingRel4759" xlink:href="scriptorium.life.aphou.02.mark.xml#sSpan4841" target="scriptorium.life.aphou.02.mark.xml#sSpan4837"/>
		<rel id="sPointingRel4761" xlink:href="scriptorium.life.aphou.02.mark.xml#sSpan3617" target="scriptorium.life.aphou.02.mark.xml#sSpan3619"/>
		<rel id="sPointingRel4763" xlink:href="scriptorium.life.aphou.02.mark.xml#sSpan5923" target="scriptorium.life.aphou.02.mark.xml#sSpan5925"/>
		<rel id="sPointingRel4765" xlink:href="scriptorium.life.aphou.02.mark.xml#sSpan7419" target="scriptorium.life.aphou.02.mark.xml#sSpan7424"/>
		<rel id="sPointingRel4767" xlink:href="scriptorium.life.aphou.02.mark.xml#sSpan6015" target="scriptorium.life.aphou.02.mark.xml#sSpan6016"/>
		<rel id="sPointingRel4769" xlink:href="scriptorium.life.aphou.02.mark.xml#sSpan3998" target="scriptorium.life.aphou.02.mark.xml#sSpan3999"/>
		<rel id="sPointingRel4771" xlink:href="scriptorium.life.aphou.02.mark.xml#sSpan5933" target="scriptorium.life.aphou.02.mark.xml#sSpan5934"/>
		<rel id="sPointingRel4773" xlink:href="scriptorium.life.aphou.02.mark.xml#sSpan5846" target="scriptorium.life.aphou.02.mark.xml#sSpan5847"/>
		<rel id="sPointingRel4775" xlink:href="scriptorium.life.aphou.02.mark.xml#sSpan626" target="scriptorium.life.aphou.02.mark.xml#sSpan627"/>
		<rel id="sPointingRel4777" xlink:href="scriptorium.life.aphou.02.mark.xml#sSpan5643" target="scriptorium.life.aphou.02.mark.xml#sSpan5641"/>
		<rel id="sPointingRel4779" xlink:href="scriptorium.life.aphou.02.mark.xml#sSpan5078" target="scriptorium.life.aphou.02.mark.xml#sSpan5076"/>
		<rel id="sPointingRel4781" xlink:href="scriptorium.life.aphou.02.mark.xml#sSpan4430" target="scriptorium.life.aphou.02.mark.xml#sSpan4431"/>
		<rel id="sPointingRel4783" xlink:href="scriptorium.life.aphou.02.mark.xml#sSpan4537" target="scriptorium.life.aphou.02.mark.xml#sSpan4539"/>
		<rel id="sPointingRel4785" xlink:href="scriptorium.life.aphou.02.mark.xml#sSpan7818" target="scriptorium.life.aphou.02.mark.xml#sSpan7819"/>
		<rel id="sPointingRel4787" xlink:href="scriptorium.life.aphou.02.mark.xml#sSpan5248" target="scriptorium.life.aphou.02.mark.xml#sSpan5246"/>
		<rel id="sPointingRel4789" xlink:href="scriptorium.life.aphou.02.mark.xml#sSpan6303" target="scriptorium.life.aphou.02.mark.xml#sSpan6305"/>
		<rel id="sPointingRel4791" xlink:href="scriptorium.life.aphou.02.mark.xml#sSpan3578" target="scriptorium.life.aphou.02.mark.xml#sSpan3576"/>
		<rel id="sPointingRel4793" xlink:href="scriptorium.life.aphou.02.mark.xml#sSpan2591" target="scriptorium.life.aphou.02.mark.xml#sSpan2594"/>
		<rel id="sPointingRel4795" xlink:href="scriptorium.life.aphou.02.mark.xml#sSpan61" target="scriptorium.life.aphou.02.mark.xml#sSpan63"/>
		<rel id="sPointingRel4797" xlink:href="scriptorium.life.aphou.02.mark.xml#sSpan7292" target="scriptorium.life.aphou.02.mark.xml#sSpan7290"/>
		<rel id="sPointingRel4799" xlink:href="scriptorium.life.aphou.02.mark.xml#sSpan4895" target="scriptorium.life.aphou.02.mark.xml#sSpan4897"/>
		<rel id="sPointingRel4801" xlink:href="scriptorium.life.aphou.02.mark.xml#sSpan1763" target="scriptorium.life.aphou.02.mark.xml#sSpan1761"/>
		<rel id="sPointingRel4803" xlink:href="scriptorium.life.aphou.02.mark.xml#sSpan4027" target="scriptorium.life.aphou.02.mark.xml#sSpan4028"/>
		<rel id="sPointingRel4805" xlink:href="scriptorium.life.aphou.02.mark.xml#sSpan3696" target="scriptorium.life.aphou.02.mark.xml#sSpan3694"/>
		<rel id="sPointingRel4807" xlink:href="scriptorium.life.aphou.02.mark.xml#sSpan7362" target="scriptorium.life.aphou.02.mark.xml#sSpan7366"/>
		<rel id="sPointingRel4809" xlink:href="scriptorium.life.aphou.02.mark.xml#sSpan661" target="scriptorium.life.aphou.02.mark.xml#sSpan659"/>
		<rel id="sPointingRel4811" xlink:href="scriptorium.life.aphou.02.mark.xml#sSpan7752" target="scriptorium.life.aphou.02.mark.xml#sSpan7750"/>
		<rel id="sPointingRel4813" xlink:href="scriptorium.life.aphou.02.mark.xml#sSpan2356" target="scriptorium.life.aphou.02.mark.xml#sSpan2357"/>
		<rel id="sPointingRel4815" xlink:href="scriptorium.life.aphou.02.mark.xml#sSpan900" target="scriptorium.life.aphou.02.mark.xml#sSpan898"/>
		<rel id="sPointingRel4817" xlink:href="scriptorium.life.aphou.02.mark.xml#sSpan6292" target="scriptorium.life.aphou.02.mark.xml#sSpan6290"/>
		<rel id="sPointingRel4819" xlink:href="scriptorium.life.aphou.02.mark.xml#sSpan5895" target="scriptorium.life.aphou.02.mark.xml#sSpan5896"/>
		<rel id="sPointingRel4821" xlink:href="scriptorium.life.aphou.02.mark.xml#sSpan5461" target="scriptorium.life.aphou.02.mark.xml#sSpan5462"/>
		<rel id="sPointingRel4823" xlink:href="scriptorium.life.aphou.02.mark.xml#sSpan5545" target="scriptorium.life.aphou.02.mark.xml#sSpan5546"/>
		<rel id="sPointingRel4825" xlink:href="scriptorium.life.aphou.02.mark.xml#sSpan7527" target="scriptorium.life.aphou.02.mark.xml#sSpan7525"/>
		<rel id="sPointingRel4827" xlink:href="scriptorium.life.aphou.02.mark.xml#sSpan5910" target="scriptorium.life.aphou.02.mark.xml#sSpan5908"/>
		<rel id="sPointingRel4829" xlink:href="scriptorium.life.aphou.02.mark.xml#sSpan5365" target="scriptorium.life.aphou.02.mark.xml#sSpan5363"/>
		<rel id="sPointingRel4831" xlink:href="scriptorium.life.aphou.02.mark.xml#sSpan4226" target="scriptorium.life.aphou.02.mark.xml#sSpan4228"/>
		<rel id="sPointingRel4833" xlink:href="scriptorium.life.aphou.02.mark.xml#sSpan7897" target="scriptorium.life.aphou.02.mark.xml#sSpan7898"/>
		<rel id="sPointingRel4835" xlink:href="scriptorium.life.aphou.02.mark.xml#sSpan5774" target="scriptorium.life.aphou.02.mark.xml#sSpan5780"/>
		<rel id="sPointingRel4837" xlink:href="scriptorium.life.aphou.02.mark.xml#sSpan3419" target="scriptorium.life.aphou.02.mark.xml#sSpan3420"/>
		<rel id="sPointingRel4839" xlink:href="scriptorium.life.aphou.02.mark.xml#sSpan2060" target="scriptorium.life.aphou.02.mark.xml#sSpan2061"/>
		<rel id="sPointingRel4841" xlink:href="scriptorium.life.aphou.02.mark.xml#sSpan2298" target="scriptorium.life.aphou.02.mark.xml#sSpan2299"/>
		<rel id="sPointingRel4843" xlink:href="scriptorium.life.aphou.02.mark.xml#sSpan828" target="scriptorium.life.aphou.02.mark.xml#sSpan830"/>
		<rel id="sPointingRel4845" xlink:href="scriptorium.life.aphou.02.mark.xml#sSpan2074" target="scriptorium.life.aphou.02.mark.xml#sSpan2076"/>
		<rel id="sPointingRel4847" xlink:href="scriptorium.life.aphou.02.mark.xml#sSpan1630" target="scriptorium.life.aphou.02.mark.xml#sSpan1628"/>
		<rel id="sPointingRel4849" xlink:href="scriptorium.life.aphou.02.mark.xml#sSpan3491" target="scriptorium.life.aphou.02.mark.xml#sSpan3492"/>
		<rel id="sPointingRel4851" xlink:href="scriptorium.life.aphou.02.mark.xml#sSpan5255" target="scriptorium.life.aphou.02.mark.xml#sSpan5253"/>
		<rel id="sPointingRel4853" xlink:href="scriptorium.life.aphou.02.mark.xml#sSpan6242" target="scriptorium.life.aphou.02.mark.xml#sSpan6247"/>
		<rel id="sPointingRel4855" xlink:href="scriptorium.life.aphou.02.mark.xml#sSpan815" target="scriptorium.life.aphou.02.mark.xml#sSpan817"/>
		<rel id="sPointingRel4857" xlink:href="scriptorium.life.aphou.02.mark.xml#sSpan6480" target="scriptorium.life.aphou.02.mark.xml#sSpan6482"/>
		<rel id="sPointingRel4859" xlink:href="scriptorium.life.aphou.02.mark.xml#sSpan7734" target="scriptorium.life.aphou.02.mark.xml#sSpan7736"/>
		<rel id="sPointingRel4861" xlink:href="scriptorium.life.aphou.02.mark.xml#sSpan1233" target="scriptorium.life.aphou.02.mark.xml#sSpan1235"/>
		<rel id="sPointingRel4863" xlink:href="scriptorium.life.aphou.02.mark.xml#sSpan2622" target="scriptorium.life.aphou.02.mark.xml#sSpan2623"/>
		<rel id="sPointingRel4865" xlink:href="scriptorium.life.aphou.02.mark.xml#sSpan880" target="scriptorium.life.aphou.02.mark.xml#sSpan877"/>
		<rel id="sPointingRel4867" xlink:href="scriptorium.life.aphou.02.mark.xml#sSpan4245" target="scriptorium.life.aphou.02.mark.xml#sSpan4247"/>
		<rel id="sPointingRel4869" xlink:href="scriptorium.life.aphou.02.mark.xml#sSpan1636" target="scriptorium.life.aphou.02.mark.xml#sSpan1638"/>
		<rel id="sPointingRel4871" xlink:href="scriptorium.life.aphou.02.mark.xml#sSpan2441" target="scriptorium.life.aphou.02.mark.xml#sSpan2442"/>
		<rel id="sPointingRel4873" xlink:href="scriptorium.life.aphou.02.mark.xml#sSpan4273" target="scriptorium.life.aphou.02.mark.xml#sSpan4275"/>
		<rel id="sPointingRel4875" xlink:href="scriptorium.life.aphou.02.mark.xml#sSpan5061" target="scriptorium.life.aphou.02.mark.xml#sSpan5062"/>
		<rel id="sPointingRel4877" xlink:href="scriptorium.life.aphou.02.mark.xml#sSpan5145" target="scriptorium.life.aphou.02.mark.xml#sSpan5143"/>
		<rel id="sPointingRel4879" xlink:href="scriptorium.life.aphou.02.mark.xml#sSpan7724" target="scriptorium.life.aphou.02.mark.xml#sSpan7726"/>
		<rel id="sPointingRel4881" xlink:href="scriptorium.life.aphou.02.mark.xml#sSpan1067" target="scriptorium.life.aphou.02.mark.xml#sSpan1069"/>
		<rel id="sPointingRel4883" xlink:href="scriptorium.life.aphou.02.mark.xml#sSpan3270" target="scriptorium.life.aphou.02.mark.xml#sSpan3271"/>
		<rel id="sPointingRel4885" xlink:href="scriptorium.life.aphou.02.mark.xml#sSpan2019" target="scriptorium.life.aphou.02.mark.xml#sSpan2020"/>
		<rel id="sPointingRel4887" xlink:href="scriptorium.life.aphou.02.mark.xml#sSpan1804" target="scriptorium.life.aphou.02.mark.xml#sSpan1802"/>
		<rel id="sPointingRel4889" xlink:href="scriptorium.life.aphou.02.mark.xml#sSpan3298" target="scriptorium.life.aphou.02.mark.xml#sSpan3299"/>
		<rel id="sPointingRel4891" xlink:href="scriptorium.life.aphou.02.mark.xml#sSpan4955" target="scriptorium.life.aphou.02.mark.xml#sSpan4956"/>
		<rel id="sPointingRel4893" xlink:href="scriptorium.life.aphou.02.mark.xml#sSpan1079" target="scriptorium.life.aphou.02.mark.xml#sSpan1081"/>
		<rel id="sPointingRel4895" xlink:href="scriptorium.life.aphou.02.mark.xml#sSpan1167" target="scriptorium.life.aphou.02.mark.xml#sSpan1169"/>
		<rel id="sPointingRel4897" xlink:href="scriptorium.life.aphou.02.mark.xml#sSpan202" target="scriptorium.life.aphou.02.mark.xml#sSpan204"/>
		<rel id="sPointingRel4899" xlink:href="scriptorium.life.aphou.02.mark.xml#sSpan4389" target="scriptorium.life.aphou.02.mark.xml#sSpan4391"/>
		<rel id="sPointingRel4901" xlink:href="scriptorium.life.aphou.02.mark.xml#sSpan5437" target="scriptorium.life.aphou.02.mark.xml#sSpan5435"/>
		<rel id="sPointingRel4903" xlink:href="scriptorium.life.aphou.02.mark.xml#sSpan5483" target="scriptorium.life.aphou.02.mark.xml#sSpan5484"/>
		<rel id="sPointingRel4905" xlink:href="scriptorium.life.aphou.02.mark.xml#sSpan7281" target="scriptorium.life.aphou.02.mark.xml#sSpan7283"/>
		<rel id="sPointingRel4907" xlink:href="scriptorium.life.aphou.02.mark.xml#sSpan2654" target="scriptorium.life.aphou.02.mark.xml#sSpan2652"/>
		<rel id="sPointingRel4909" xlink:href="scriptorium.life.aphou.02.mark.xml#sSpan4866" target="scriptorium.life.aphou.02.mark.xml#sSpan4864"/>
		<rel id="sPointingRel4911" xlink:href="scriptorium.life.aphou.02.mark.xml#sSpan5611" target="scriptorium.life.aphou.02.mark.xml#sSpan5612"/>
		<rel id="sPointingRel4913" xlink:href="scriptorium.life.aphou.02.mark.xml#sSpan7352" target="scriptorium.life.aphou.02.mark.xml#sSpan7354"/>
		<rel id="sPointingRel4915" xlink:href="scriptorium.life.aphou.02.mark.xml#sSpan4445" target="scriptorium.life.aphou.02.mark.xml#sSpan4447"/>
		<rel id="sPointingRel4917" xlink:href="scriptorium.life.aphou.02.mark.xml#sSpan1303" target="scriptorium.life.aphou.02.mark.xml#sSpan1304"/>
		<rel id="sPointingRel4919" xlink:href="scriptorium.life.aphou.02.mark.xml#sSpan7342" target="scriptorium.life.aphou.02.mark.xml#sSpan7344"/>
		<rel id="sPointingRel4921" xlink:href="scriptorium.life.aphou.02.mark.xml#sSpan4795" target="scriptorium.life.aphou.02.mark.xml#sSpan4793"/>
		<rel id="sPointingRel4923" xlink:href="scriptorium.life.aphou.02.mark.xml#sSpan976" target="scriptorium.life.aphou.02.mark.xml#sSpan977"/>
		<rel id="sPointingRel4925" xlink:href="scriptorium.life.aphou.02.mark.xml#sSpan5568" target="scriptorium.life.aphou.02.mark.xml#sSpan5566"/>
		<rel id="sPointingRel4927" xlink:href="scriptorium.life.aphou.02.mark.xml#sSpan3979" target="scriptorium.life.aphou.02.mark.xml#sSpan3981"/>
		<rel id="sPointingRel4929" xlink:href="scriptorium.life.aphou.02.mark.xml#sSpan1358" target="scriptorium.life.aphou.02.mark.xml#sSpan1356"/>
		<rel id="sPointingRel4931" xlink:href="scriptorium.life.aphou.02.mark.xml#sSpan3308" target="scriptorium.life.aphou.02.mark.xml#sSpan3306"/>
		<rel id="sPointingRel4933" xlink:href="scriptorium.life.aphou.02.mark.xml#sSpan2339" target="scriptorium.life.aphou.02.mark.xml#sSpan2342"/>
		<rel id="sPointingRel4935" xlink:href="scriptorium.life.aphou.02.mark.xml#sSpan3568" target="scriptorium.life.aphou.02.mark.xml#sSpan3570"/>
		<rel id="sPointingRel4937" xlink:href="scriptorium.life.aphou.02.mark.xml#sSpan4994" target="scriptorium.life.aphou.02.mark.xml#sSpan4995"/>
		<rel id="sPointingRel4939" xlink:href="scriptorium.life.aphou.02.mark.xml#sSpan4948" target="scriptorium.life.aphou.02.mark.xml#sSpan4946"/>
		<rel id="sPointingRel4941" xlink:href="scriptorium.life.aphou.02.mark.xml#sSpan1996" target="scriptorium.life.aphou.02.mark.xml#sSpan1997"/>
		<rel id="sPointingRel4943" xlink:href="scriptorium.life.aphou.02.mark.xml#sSpan5760" target="scriptorium.life.aphou.02.mark.xml#sSpan5761"/>
		<rel id="sPointingRel4945" xlink:href="scriptorium.life.aphou.02.mark.xml#sSpan735" target="scriptorium.life.aphou.02.mark.xml#sSpan733"/>
		<rel id="sPointingRel4947" xlink:href="scriptorium.life.aphou.02.mark.xml#sSpan4079" target="scriptorium.life.aphou.02.mark.xml#sSpan4080"/>
		<rel id="sPointingRel4949" xlink:href="scriptorium.life.aphou.02.mark.xml#sSpan1849" target="scriptorium.life.aphou.02.mark.xml#sSpan1851"/>
		<rel id="sPointingRel4951" xlink:href="scriptorium.life.aphou.02.mark.xml#sSpan775" target="scriptorium.life.aphou.02.mark.xml#sSpan776"/>
		<rel id="sPointingRel4953" xlink:href="scriptorium.life.aphou.02.mark.xml#sSpan5622" target="scriptorium.life.aphou.02.mark.xml#sSpan5620"/>
		<rel id="sPointingRel4955" xlink:href="scriptorium.life.aphou.02.mark.xml#sSpan138" target="scriptorium.life.aphou.02.mark.xml#sSpan142"/>
		<rel id="sPointingRel4957" xlink:href="scriptorium.life.aphou.02.mark.xml#sSpan6326" target="scriptorium.life.aphou.02.mark.xml#sSpan6328"/>
		<rel id="sPointingRel4959" xlink:href="scriptorium.life.aphou.02.mark.xml#sSpan7854" target="scriptorium.life.aphou.02.mark.xml#sSpan7859"/>
		<rel id="sPointingRel4961" xlink:href="scriptorium.life.aphou.02.mark.xml#sSpan1716" target="scriptorium.life.aphou.02.mark.xml#sSpan1718"/>
		<rel id="sPointingRel4963" xlink:href="scriptorium.life.aphou.02.mark.xml#sSpan5229" target="scriptorium.life.aphou.02.mark.xml#sSpan5230"/>
		<rel id="sPointingRel4965" xlink:href="scriptorium.life.aphou.02.mark.xml#sSpan5305" target="scriptorium.life.aphou.02.mark.xml#sSpan5303"/>
		<rel id="sPointingRel4967" xlink:href="scriptorium.life.aphou.02.mark.xml#sSpan5672" target="scriptorium.life.aphou.02.mark.xml#sSpan5668"/>
		<rel id="sPointingRel4969" xlink:href="scriptorium.life.aphou.02.mark.xml#sSpan6724" target="scriptorium.life.aphou.02.mark.xml#sSpan6725"/>
		<rel id="sPointingRel4971" xlink:href="scriptorium.life.aphou.02.mark.xml#sSpan4472" target="scriptorium.life.aphou.02.mark.xml#sSpan4473"/>
		<rel id="sPointingRel4973" xlink:href="scriptorium.life.aphou.02.mark.xml#sSpan551" target="scriptorium.life.aphou.02.mark.xml#sSpan552"/>
		<rel id="sPointingRel4975" xlink:href="scriptorium.life.aphou.02.mark.xml#sSpan5052" target="scriptorium.life.aphou.02.mark.xml#sSpan5053"/>
		<rel id="sPointingRel4977" xlink:href="scriptorium.life.aphou.02.mark.xml#sSpan4069" target="scriptorium.life.aphou.02.mark.xml#sSpan4071"/>
		<rel id="sPointingRel4979" xlink:href="scriptorium.life.aphou.02.mark.xml#sSpan586" target="scriptorium.life.aphou.02.mark.xml#sSpan584"/>
		<rel id="sPointingRel4981" xlink:href="scriptorium.life.aphou.02.mark.xml#sSpan2416" target="scriptorium.life.aphou.02.mark.xml#sSpan2414"/>
		<rel id="sPointingRel4983" xlink:href="scriptorium.life.aphou.02.mark.xml#sSpan6887" target="scriptorium.life.aphou.02.mark.xml#sSpan6888"/>
		<rel id="sPointingRel4985" xlink:href="scriptorium.life.aphou.02.mark.xml#sSpan1770" target="scriptorium.life.aphou.02.mark.xml#sSpan1771"/>
		<rel id="sPointingRel4987" xlink:href="scriptorium.life.aphou.02.mark.xml#sSpan4496" target="scriptorium.life.aphou.02.mark.xml#sSpan4499"/>
		<rel id="sPointingRel4989" xlink:href="scriptorium.life.aphou.02.mark.xml#sSpan3263" target="scriptorium.life.aphou.02.mark.xml#sSpan3261"/>
		<rel id="sPointingRel4991" xlink:href="scriptorium.life.aphou.02.mark.xml#sSpan6213" target="scriptorium.life.aphou.02.mark.xml#sSpan6214"/>
		<rel id="sPointingRel4993" xlink:href="scriptorium.life.aphou.02.mark.xml#sSpan7934" target="scriptorium.life.aphou.02.mark.xml#sSpan7932"/>
		<rel id="sPointingRel4995" xlink:href="scriptorium.life.aphou.02.mark.xml#sSpan1378" target="scriptorium.life.aphou.02.mark.xml#sSpan1380"/>
		<rel id="sPointingRel4997" xlink:href="scriptorium.life.aphou.02.mark.xml#sSpan4314" target="scriptorium.life.aphou.02.mark.xml#sSpan4310"/>
		<rel id="sPointingRel4999" xlink:href="scriptorium.life.aphou.02.mark.xml#sSpan1269" target="scriptorium.life.aphou.02.mark.xml#sSpan1267"/>
		<rel id="sPointingRel5001" xlink:href="scriptorium.life.aphou.02.mark.xml#sSpan6045" target="scriptorium.life.aphou.02.mark.xml#sSpan6043"/>
		<rel id="sPointingRel5003" xlink:href="scriptorium.life.aphou.02.mark.xml#sSpan668" target="scriptorium.life.aphou.02.mark.xml#sSpan670"/>
		<rel id="sPointingRel5005" xlink:href="scriptorium.life.aphou.02.mark.xml#sSpan1123" target="scriptorium.life.aphou.02.mark.xml#sSpan1124"/>
		<rel id="sPointingRel5007" xlink:href="scriptorium.life.aphou.02.mark.xml#sSpan7827" target="scriptorium.life.aphou.02.mark.xml#sSpan7829"/>
		<rel id="sPointingRel5009" xlink:href="scriptorium.life.aphou.02.mark.xml#sSpan1780" target="scriptorium.life.aphou.02.mark.xml#sSpan1778"/>
		<rel id="sPointingRel5011" xlink:href="scriptorium.life.aphou.02.mark.xml#sSpan7601" target="scriptorium.life.aphou.02.mark.xml#sSpan7602"/>
		<rel id="sPointingRel5013" xlink:href="scriptorium.life.aphou.02.mark.xml#sSpan2661" target="scriptorium.life.aphou.02.mark.xml#sSpan2664"/>
		<rel id="sPointingRel5015" xlink:href="scriptorium.life.aphou.02.mark.xml#sSpan1471" target="scriptorium.life.aphou.02.mark.xml#sSpan1469"/>
		<rel id="sPointingRel5017" xlink:href="scriptorium.life.aphou.02.mark.xml#sSpan7651" target="scriptorium.life.aphou.02.mark.xml#sSpan7653"/>
		<rel id="sPointingRel5019" xlink:href="scriptorium.life.aphou.02.mark.xml#sSpan4626" target="scriptorium.life.aphou.02.mark.xml#sSpan4628"/>
		<rel id="sPointingRel5021" xlink:href="scriptorium.life.aphou.02.mark.xml#sSpan5088" target="scriptorium.life.aphou.02.mark.xml#sSpan5091"/>
		<rel id="sPointingRel5023" xlink:href="scriptorium.life.aphou.02.mark.xml#sSpan7322" target="scriptorium.life.aphou.02.mark.xml#sSpan7324"/>
		<rel id="sPointingRel5025" xlink:href="scriptorium.life.aphou.02.mark.xml#sSpan5879" target="scriptorium.life.aphou.02.mark.xml#sSpan5881"/>
		<rel id="sPointingRel5027" xlink:href="scriptorium.life.aphou.02.mark.xml#sSpan3289" target="scriptorium.life.aphou.02.mark.xml#sSpan3290"/>
		<rel id="sPointingRel5029" xlink:href="scriptorium.life.aphou.02.mark.xml#sSpan6541" target="scriptorium.life.aphou.02.mark.xml#sSpan6542"/>
		<rel id="sPointingRel5031" xlink:href="scriptorium.life.aphou.02.mark.xml#sSpan6028" target="scriptorium.life.aphou.02.mark.xml#sSpan6026"/>
		<rel id="sPointingRel5033" xlink:href="scriptorium.life.aphou.02.mark.xml#sSpan4094" target="scriptorium.life.aphou.02.mark.xml#sSpan4098"/>
		<rel id="sPointingRel5035" xlink:href="scriptorium.life.aphou.02.mark.xml#sSpan4693" target="scriptorium.life.aphou.02.mark.xml#sSpan4691"/>
		<rel id="sPointingRel5037" xlink:href="scriptorium.life.aphou.02.mark.xml#sSpan7375" target="scriptorium.life.aphou.02.mark.xml#sSpan7373"/>
		<rel id="sPointingRel5039" xlink:href="scriptorium.life.aphou.02.mark.xml#sSpan6060" target="scriptorium.life.aphou.02.mark.xml#sSpan6058"/>
		<rel id="sPointingRel5041" xlink:href="scriptorium.life.aphou.02.mark.xml#sSpan4088" target="scriptorium.life.aphou.02.mark.xml#sSpan4090"/>
		<rel id="sPointingRel5043" xlink:href="scriptorium.life.aphou.02.mark.xml#sSpan3956" target="scriptorium.life.aphou.02.mark.xml#sSpan3957"/>
		<rel id="sPointingRel5045" xlink:href="scriptorium.life.aphou.02.mark.xml#sSpan3168" target="scriptorium.life.aphou.02.mark.xml#sSpan3169"/>
		<rel id="sPointingRel5047" xlink:href="scriptorium.life.aphou.02.mark.xml#sSpan7691" target="scriptorium.life.aphou.02.mark.xml#sSpan7692"/>
		<rel id="sPointingRel5049" xlink:href="scriptorium.life.aphou.02.mark.xml#sSpan5136" target="scriptorium.life.aphou.02.mark.xml#sSpan5134"/>
		<rel id="sPointingRel5051" xlink:href="scriptorium.life.aphou.02.mark.xml#sSpan5977" target="scriptorium.life.aphou.02.mark.xml#sSpan5982"/>
		<rel id="sPointingRel5053" xlink:href="scriptorium.life.aphou.02.mark.xml#sSpan4582" target="scriptorium.life.aphou.02.mark.xml#sSpan4580"/>
		<rel id="sPointingRel5055" xlink:href="scriptorium.life.aphou.02.mark.xml#sSpan4658" target="scriptorium.life.aphou.02.mark.xml#sSpan4661"/>
		<rel id="sPointingRel5057" xlink:href="scriptorium.life.aphou.02.mark.xml#sSpan3659" target="scriptorium.life.aphou.02.mark.xml#sSpan3662"/>
		<rel id="sPointingRel5059" xlink:href="scriptorium.life.aphou.02.mark.xml#sSpan4684" target="scriptorium.life.aphou.02.mark.xml#sSpan4685"/>
		<rel id="sPointingRel5061" xlink:href="scriptorium.life.aphou.02.mark.xml#sSpan4528" target="scriptorium.life.aphou.02.mark.xml#sSpan4529"/>
		<rel id="sPointingRel5063" xlink:href="scriptorium.life.aphou.02.mark.xml#sSpan7545" target="scriptorium.life.aphou.02.mark.xml#sSpan7543"/>
		<rel id="sPointingRel5065" xlink:href="scriptorium.life.aphou.02.mark.xml#sSpan122" target="scriptorium.life.aphou.02.mark.xml#sSpan134"/>
		<rel id="sPointingRel5067" xlink:href="scriptorium.life.aphou.02.mark.xml#sSpan2996" target="scriptorium.life.aphou.02.mark.xml#sSpan2994"/>
		<rel id="sPointingRel5069" xlink:href="scriptorium.life.aphou.02.mark.xml#sSpan5474" target="scriptorium.life.aphou.02.mark.xml#sSpan5475"/>
		<rel id="sPointingRel5071" xlink:href="scriptorium.life.aphou.02.mark.xml#sSpan270" target="scriptorium.life.aphou.02.mark.xml#sSpan271"/>
		<rel id="sPointingRel5073" xlink:href="scriptorium.life.aphou.02.mark.xml#sSpan356" target="scriptorium.life.aphou.02.mark.xml#sSpan354"/>
		<rel id="sPointingRel5075" xlink:href="scriptorium.life.aphou.02.mark.xml#sSpan5629" target="scriptorium.life.aphou.02.mark.xml#sSpan5627"/>
		<rel id="sPointingRel5077" xlink:href="scriptorium.life.aphou.02.mark.xml#sSpan456" target="scriptorium.life.aphou.02.mark.xml#sSpan454"/>
		<rel id="sPointingRel5079" xlink:href="scriptorium.life.aphou.02.mark.xml#sSpan4183" target="scriptorium.life.aphou.02.mark.xml#sSpan4184"/>
		<rel id="sPointingRel5081" xlink:href="scriptorium.life.aphou.02.mark.xml#sSpan3024" target="scriptorium.life.aphou.02.mark.xml#sSpan3025"/>
		<rel id="sPointingRel5083" xlink:href="scriptorium.life.aphou.02.mark.xml#sSpan4563" target="scriptorium.life.aphou.02.mark.xml#sSpan4564"/>
		<rel id="sPointingRel5085" xlink:href="scriptorium.life.aphou.02.mark.xml#sSpan7576" target="scriptorium.life.aphou.02.mark.xml#sSpan7579"/>
		<rel id="sPointingRel5087" xlink:href="scriptorium.life.aphou.02.mark.xml#sSpan5382" target="scriptorium.life.aphou.02.mark.xml#sSpan5380"/>
		<rel id="sPointingRel5089" xlink:href="scriptorium.life.aphou.02.mark.xml#sSpan3552" target="scriptorium.life.aphou.02.mark.xml#sSpan3553"/>
		<rel id="sPointingRel5091" xlink:href="scriptorium.life.aphou.02.mark.xml#sSpan7243" target="scriptorium.life.aphou.02.mark.xml#sSpan7241"/>
		<rel id="sPointingRel5093" xlink:href="scriptorium.life.aphou.02.mark.xml#sSpan1184" target="scriptorium.life.aphou.02.mark.xml#sSpan1182"/>
		<rel id="sPointingRel5095" xlink:href="scriptorium.life.aphou.02.mark.xml#sSpan6150" target="scriptorium.life.aphou.02.mark.xml#sSpan6148"/>
		<rel id="sPointingRel5097" xlink:href="scriptorium.life.aphou.02.mark.xml#sSpan2139" target="scriptorium.life.aphou.02.mark.xml#sSpan2140"/>
		<rel id="sPointingRel5099" xlink:href="scriptorium.life.aphou.02.mark.xml#sSpan7272" target="scriptorium.life.aphou.02.mark.xml#sSpan7270"/>
		<rel id="sPointingRel5101" xlink:href="scriptorium.life.aphou.02.mark.xml#sSpan4165" target="scriptorium.life.aphou.02.mark.xml#sSpan4166"/>
		<rel id="sPointingRel5103" xlink:href="scriptorium.life.aphou.02.mark.xml#sSpan5695" target="scriptorium.life.aphou.02.mark.xml#sSpan5698"/>
		<rel id="sPointingRel5105" xlink:href="scriptorium.life.aphou.02.mark.xml#sSpan7888" target="scriptorium.life.aphou.02.mark.xml#sSpan7889"/>
		<rel id="sPointingRel5107" xlink:href="scriptorium.life.aphou.02.mark.xml#sSpan6978" target="scriptorium.life.aphou.02.mark.xml#sSpan6989"/>
		<rel id="sPointingRel5109" xlink:href="scriptorium.life.aphou.02.mark.xml#sSpan7838" target="scriptorium.life.aphou.02.mark.xml#sSpan7835"/>
		<rel id="sPointingRel5111" xlink:href="scriptorium.life.aphou.02.mark.xml#sSpan3912" target="scriptorium.life.aphou.02.mark.xml#sSpan3917"/>
		<rel id="sPointingRel5113" xlink:href="scriptorium.life.aphou.02.mark.xml#sSpan296" target="scriptorium.life.aphou.02.mark.xml#sSpan298"/>
		<rel id="sPointingRel5115" xlink:href="scriptorium.life.aphou.02.mark.xml#sSpan6743" target="scriptorium.life.aphou.02.mark.xml#sSpan6745"/>
		<rel id="sPointingRel5117" xlink:href="scriptorium.life.aphou.02.mark.xml#sSpan3038" target="scriptorium.life.aphou.02.mark.xml#sSpan3039"/>
		<rel id="sPointingRel5119" xlink:href="scriptorium.life.aphou.02.mark.xml#sSpan5819" target="scriptorium.life.aphou.02.mark.xml#sSpan5817"/>
		<rel id="sPointingRel5121" xlink:href="scriptorium.life.aphou.02.mark.xml#sSpan2495" target="scriptorium.life.aphou.02.mark.xml#sSpan2496"/>
		<rel id="sPointingRel5123" xlink:href="scriptorium.life.aphou.02.mark.xml#sSpan4481" target="scriptorium.life.aphou.02.mark.xml#sSpan4483"/>
		<rel id="sPointingRel5125" xlink:href="scriptorium.life.aphou.02.mark.xml#sSpan5238" target="scriptorium.life.aphou.02.mark.xml#sSpan5240"/>
		<rel id="sPointingRel5127" xlink:href="scriptorium.life.aphou.02.mark.xml#sSpan524" target="scriptorium.life.aphou.02.mark.xml#sSpan522"/>
		<rel id="sPointingRel5129" xlink:href="scriptorium.life.aphou.02.mark.xml#sSpan2467" target="scriptorium.life.aphou.02.mark.xml#sSpan2468"/>
		<rel id="sPointingRel5131" xlink:href="scriptorium.life.aphou.02.mark.xml#sSpan7508" target="scriptorium.life.aphou.02.mark.xml#sSpan7506"/>
		<rel id="sPointingRel5133" xlink:href="scriptorium.life.aphou.02.mark.xml#sSpan4174" target="scriptorium.life.aphou.02.mark.xml#sSpan4175"/>
		<rel id="sPointingRel5135" xlink:href="scriptorium.life.aphou.02.mark.xml#sSpan5182" target="scriptorium.life.aphou.02.mark.xml#sSpan5180"/>
		<rel id="sPointingRel5137" xlink:href="scriptorium.life.aphou.02.mark.xml#sSpan5407" target="scriptorium.life.aphou.02.mark.xml#sSpan5405"/>
		<rel id="sPointingRel5139" xlink:href="scriptorium.life.aphou.02.mark.xml#sSpan7538" target="scriptorium.life.aphou.02.mark.xml#sSpan7536"/>
		<rel id="sPointingRel5141" xlink:href="scriptorium.life.aphou.02.mark.xml#sSpan4617" target="scriptorium.life.aphou.02.mark.xml#sSpan4618"/>
		<rel id="sPointingRel5143" xlink:href="scriptorium.life.aphou.02.mark.xml#sSpan7025" target="scriptorium.life.aphou.02.mark.xml#sSpan7023"/>
		<rel id="sPointingRel5145" xlink:href="scriptorium.life.aphou.02.mark.xml#sSpan1090" target="scriptorium.life.aphou.02.mark.xml#sSpan1088"/>
		<rel id="sPointingRel5147" xlink:href="scriptorium.life.aphou.02.mark.xml#sSpan3807" target="scriptorium.life.aphou.02.mark.xml#sSpan3808"/>
		<rel id="sPointingRel5149" xlink:href="scriptorium.life.aphou.02.mark.xml#sSpan346" target="scriptorium.life.aphou.02.mark.xml#sSpan344"/>
		<rel id="sPointingRel5151" xlink:href="scriptorium.life.aphou.02.mark.xml#sSpan3464" target="scriptorium.life.aphou.02.mark.xml#sSpan3465"/>
		<rel id="sPointingRel5153" xlink:href="scriptorium.life.aphou.02.mark.xml#sSpan4123" target="scriptorium.life.aphou.02.mark.xml#sSpan4125"/>
		<rel id="sPointingRel5155" xlink:href="scriptorium.life.aphou.02.mark.xml#sSpan4937" target="scriptorium.life.aphou.02.mark.xml#sSpan4939"/>
		<rel id="sPointingRel5157" xlink:href="scriptorium.life.aphou.02.mark.xml#sSpan3971" target="scriptorium.life.aphou.02.mark.xml#sSpan3969"/>
		<rel id="sPointingRel5159" xlink:href="scriptorium.life.aphou.02.mark.xml#sSpan3727" target="scriptorium.life.aphou.02.mark.xml#sSpan3728"/>
		<rel id="sPointingRel5161" xlink:href="scriptorium.life.aphou.02.mark.xml#sSpan4775" target="scriptorium.life.aphou.02.mark.xml#sSpan4772"/>
		<rel id="sPointingRel5163" xlink:href="scriptorium.life.aphou.02.mark.xml#sSpan3217" target="scriptorium.life.aphou.02.mark.xml#sSpan3218"/>
		<rel id="sPointingRel5165" xlink:href="scriptorium.life.aphou.02.mark.xml#sSpan5500" target="scriptorium.life.aphou.02.mark.xml#sSpan5517"/>
		<rel id="sPointingRel5167" xlink:href="scriptorium.life.aphou.02.mark.xml#sSpan4207" target="scriptorium.life.aphou.02.mark.xml#sSpan4209"/>
		<rel id="sPointingRel5169" xlink:href="scriptorium.life.aphou.02.mark.xml#sSpan2262" target="scriptorium.life.aphou.02.mark.xml#sSpan2263"/>
		<rel id="sPointingRel5171" xlink:href="scriptorium.life.aphou.02.mark.xml#sSpan2520" target="scriptorium.life.aphou.02.mark.xml#sSpan2521"/>
		<rel id="sPointingRel5173" xlink:href="scriptorium.life.aphou.02.mark.xml#sSpan240" target="scriptorium.life.aphou.02.mark.xml#sSpan242"/>
		<rel id="sPointingRel5175" xlink:href="scriptorium.life.aphou.02.mark.xml#sSpan852" target="scriptorium.life.aphou.02.mark.xml#sSpan857"/>
		<rel id="sPointingRel5177" xlink:href="scriptorium.life.aphou.02.mark.xml#sSpan5990" target="scriptorium.life.aphou.02.mark.xml#sSpan5991"/>
		<rel id="sPointingRel5179" xlink:href="scriptorium.life.aphou.02.mark.xml#sSpan5806" target="scriptorium.life.aphou.02.mark.xml#sSpan5808"/>
		<rel id="sPointingRel5181" xlink:href="scriptorium.life.aphou.02.mark.xml#sSpan178" target="scriptorium.life.aphou.02.mark.xml#sSpan182"/>
		<rel id="sPointingRel5183" xlink:href="scriptorium.life.aphou.02.mark.xml#sSpan3144" target="scriptorium.life.aphou.02.mark.xml#sSpan3146"/>
		<rel id="sPointingRel5185" xlink:href="scriptorium.life.aphou.02.mark.xml#sSpan6945" target="scriptorium.life.aphou.02.mark.xml#sSpan6943"/>
		<rel id="sPointingRel5187" xlink:href="scriptorium.life.aphou.02.mark.xml#sSpan7785" target="scriptorium.life.aphou.02.mark.xml#sSpan7787"/>
		<rel id="sPointingRel5189" xlink:href="scriptorium.life.aphou.02.mark.xml#sSpan3537" target="scriptorium.life.aphou.02.mark.xml#sSpan3538"/>
		<rel id="sPointingRel5191" xlink:href="scriptorium.life.aphou.02.mark.xml#sSpan6101" target="scriptorium.life.aphou.02.mark.xml#sSpan6099"/>
		<rel id="sPointingRel5193" xlink:href="scriptorium.life.aphou.02.mark.xml#sSpan6578" target="scriptorium.life.aphou.02.mark.xml#sSpan6579"/>
		<rel id="sPointingRel5195" xlink:href="scriptorium.life.aphou.02.mark.xml#sSpan6809" target="scriptorium.life.aphou.02.mark.xml#sSpan6810"/>
		<rel id="sPointingRel5197" xlink:href="scriptorium.life.aphou.02.mark.xml#sSpan3528" target="scriptorium.life.aphou.02.mark.xml#sSpan3526"/>
		<rel id="sPointingRel5199" xlink:href="scriptorium.life.aphou.02.mark.xml#sSpan6800" target="scriptorium.life.aphou.02.mark.xml#sSpan6801"/>
		<rel id="sPointingRel5201" xlink:href="scriptorium.life.aphou.02.mark.xml#sSpan2365" target="scriptorium.life.aphou.02.mark.xml#sSpan2363"/>
		<rel id="sPointingRel5203" xlink:href="scriptorium.life.aphou.02.mark.xml#sSpan5290" target="scriptorium.life.aphou.02.mark.xml#sSpan5288"/>
		<rel id="sPointingRel5205" xlink:href="scriptorium.life.aphou.02.mark.xml#sSpan4739" target="scriptorium.life.aphou.02.mark.xml#sSpan4741"/>
		<rel id="sPointingRel5207" xlink:href="scriptorium.life.aphou.02.mark.xml#sSpan1552" target="scriptorium.life.aphou.02.mark.xml#sSpan1550"/>
		<rel id="sPointingRel5209" xlink:href="scriptorium.life.aphou.02.mark.xml#sSpan6453" target="scriptorium.life.aphou.02.mark.xml#sSpan6451"/>
		<rel id="sPointingRel5211" xlink:href="scriptorium.life.aphou.02.mark.xml#sSpan6393" target="scriptorium.life.aphou.02.mark.xml#sSpan6390"/>
		<rel id="sPointingRel5213" xlink:href="scriptorium.life.aphou.02.mark.xml#sSpan4572" target="scriptorium.life.aphou.02.mark.xml#sSpan4574"/>
		<rel id="sPointingRel5215" xlink:href="scriptorium.life.aphou.02.mark.xml#sSpan1913" target="scriptorium.life.aphou.02.mark.xml#sSpan1911"/>
		<rel id="sPointingRel5217" xlink:href="scriptorium.life.aphou.02.mark.xml#sSpan2488" target="scriptorium.life.aphou.02.mark.xml#sSpan2486"/>
		<rel id="sPointingRel5219" xlink:href="scriptorium.life.aphou.02.mark.xml#sSpan6674" target="scriptorium.life.aphou.02.mark.xml#sSpan6675"/>
		<rel id="sPointingRel5221" xlink:href="scriptorium.life.aphou.02.mark.xml#sSpan3847" target="scriptorium.life.aphou.02.mark.xml#sSpan3849"/>
		<rel id="sPointingRel5223" xlink:href="scriptorium.life.aphou.02.mark.xml#sSpan1390" target="scriptorium.life.aphou.02.mark.xml#sSpan1388"/>
		<rel id="sPointingRel5225" xlink:href="scriptorium.life.aphou.02.mark.xml#sSpan5412" target="scriptorium.life.aphou.02.mark.xml#sSpan5414"/>
		<rel id="sPointingRel5227" xlink:href="scriptorium.life.aphou.02.mark.xml#sSpan2334" target="scriptorium.life.aphou.02.mark.xml#sSpan2335"/>
		<rel id="sPointingRel5229" xlink:href="scriptorium.life.aphou.02.mark.xml#sSpan4328" target="scriptorium.life.aphou.02.mark.xml#sSpan4330"/>
		<rel id="sPointingRel5231" xlink:href="scriptorium.life.aphou.02.mark.xml#sSpan6953" target="scriptorium.life.aphou.02.mark.xml#sSpan6951"/>
		<rel id="sPointingRel5233" xlink:href="scriptorium.life.aphou.02.mark.xml#sSpan603" target="scriptorium.life.aphou.02.mark.xml#sSpan601"/>
		<rel id="sPointingRel5235" xlink:href="scriptorium.life.aphou.02.mark.xml#sSpan2795" target="scriptorium.life.aphou.02.mark.xml#sSpan2793"/>
		<rel id="sPointingRel5237" xlink:href="scriptorium.life.aphou.02.mark.xml#sSpan6074" target="scriptorium.life.aphou.02.mark.xml#sSpan6072"/>
		<rel id="sPointingRel5239" xlink:href="scriptorium.life.aphou.02.mark.xml#sSpan445" target="scriptorium.life.aphou.02.mark.xml#sSpan447"/>
		<rel id="sPointingRel5241" xlink:href="scriptorium.life.aphou.02.mark.xml#sSpan1811" target="scriptorium.life.aphou.02.mark.xml#sSpan1809"/>
		<rel id="sPointingRel5243" xlink:href="scriptorium.life.aphou.02.mark.xml#sSpan1652" target="scriptorium.life.aphou.02.mark.xml#sSpan1654"/>
		<rel id="sPointingRel5245" xlink:href="scriptorium.life.aphou.02.mark.xml#sSpan3561" target="scriptorium.life.aphou.02.mark.xml#sSpan3559"/>
		<rel id="sPointingRel5247" xlink:href="scriptorium.life.aphou.02.mark.xml#sSpan2205" target="scriptorium.life.aphou.02.mark.xml#sSpan2206"/>
		<rel id="sPointingRel5249" xlink:href="scriptorium.life.aphou.02.mark.xml#sSpan1531" target="scriptorium.life.aphou.02.mark.xml#sSpan1533"/>
		<rel id="sPointingRel5251" xlink:href="scriptorium.life.aphou.02.mark.xml#sSpan5320" target="scriptorium.life.aphou.02.mark.xml#sSpan5322"/>
		<rel id="sPointingRel5253" xlink:href="scriptorium.life.aphou.02.mark.xml#sSpan915" target="scriptorium.life.aphou.02.mark.xml#sSpan917"/>
		<rel id="sPointingRel5255" xlink:href="scriptorium.life.aphou.02.mark.xml#sSpan7308" target="scriptorium.life.aphou.02.mark.xml#sSpan7312"/>
		<rel id="sPointingRel5257" xlink:href="scriptorium.life.aphou.02.mark.xml#sSpan3386" target="scriptorium.life.aphou.02.mark.xml#sSpan3393"/>
		<rel id="sPointingRel5259" xlink:href="scriptorium.life.aphou.02.mark.xml#sSpan2214" target="scriptorium.life.aphou.02.mark.xml#sSpan2215"/>
		<rel id="sPointingRel5261" xlink:href="scriptorium.life.aphou.02.mark.xml#sSpan3185" target="scriptorium.life.aphou.02.mark.xml#sSpan3186"/>
		<rel id="sPointingRel5263" xlink:href="scriptorium.life.aphou.02.mark.xml#sSpan2164" target="scriptorium.life.aphou.02.mark.xml#sSpan2162"/>
		<rel id="sPointingRel5265" xlink:href="scriptorium.life.aphou.02.mark.xml#sSpan3898" target="scriptorium.life.aphou.02.mark.xml#sSpan3899"/>
		<rel id="sPointingRel5267" xlink:href="scriptorium.life.aphou.02.mark.xml#sSpan406" target="scriptorium.life.aphou.02.mark.xml#sSpan407"/>
		<rel id="sPointingRel5269" xlink:href="scriptorium.life.aphou.02.mark.xml#sSpan3331" target="scriptorium.life.aphou.02.mark.xml#sSpan3332"/>
		<rel id="sPointingRel5271" xlink:href="scriptorium.life.aphou.02.mark.xml#sSpan7048" target="scriptorium.life.aphou.02.mark.xml#sSpan7055"/>
		<rel id="sPointingRel5273" xlink:href="scriptorium.life.aphou.02.mark.xml#sSpan7591" target="scriptorium.life.aphou.02.mark.xml#sSpan7593"/>
		<rel id="sPointingRel5275" xlink:href="scriptorium.life.aphou.02.mark.xml#sSpan4361" target="scriptorium.life.aphou.02.mark.xml#sSpan4363"/>
		<rel id="sPointingRel5277" xlink:href="scriptorium.life.aphou.02.mark.xml#sSpan5219" target="scriptorium.life.aphou.02.mark.xml#sSpan5221"/>
		<rel id="sPointingRel5279" xlink:href="scriptorium.life.aphou.02.mark.xml#sSpan3237" target="scriptorium.life.aphou.02.mark.xml#sSpan3239"/>
		<rel id="sPointingRel5281" xlink:href="scriptorium.life.aphou.02.mark.xml#sSpan1585" target="scriptorium.life.aphou.02.mark.xml#sSpan1595"/>
		<rel id="sPointingRel5283" xlink:href="scriptorium.life.aphou.02.mark.xml#sSpan1576" target="scriptorium.life.aphou.02.mark.xml#sSpan1577"/>
		<rel id="sPointingRel5285" xlink:href="scriptorium.life.aphou.02.mark.xml#sSpan3381" target="scriptorium.life.aphou.02.mark.xml#sSpan3379"/>
		<rel id="sPointingRel5287" xlink:href="scriptorium.life.aphou.02.mark.xml#sSpan7039" target="scriptorium.life.aphou.02.mark.xml#sSpan7041"/>
		<rel id="sPointingRel5289" xlink:href="scriptorium.life.aphou.02.mark.xml#sSpan6364" target="scriptorium.life.aphou.02.mark.xml#sSpan6366"/>
		<rel id="sPointingRel5291" xlink:href="scriptorium.life.aphou.02.mark.xml#sSpan7100" target="scriptorium.life.aphou.02.mark.xml#sSpan7098"/>
		<rel id="sPointingRel5293" xlink:href="scriptorium.life.aphou.02.mark.xml#sSpan503" target="scriptorium.life.aphou.02.mark.xml#sSpan504"/>
		<rel id="sPointingRel5295" xlink:href="scriptorium.life.aphou.02.mark.xml#sSpan1193" target="scriptorium.life.aphou.02.mark.xml#sSpan1191"/>
		<rel id="sPointingRel5297" xlink:href="scriptorium.life.aphou.02.mark.xml#sSpan7260" target="scriptorium.life.aphou.02.mark.xml#sSpan7256"/>
		<rel id="sPointingRel5299" xlink:href="scriptorium.life.aphou.02.mark.xml#sSpan4236" target="scriptorium.life.aphou.02.mark.xml#sSpan4237"/>
		<rel id="sPointingRel5301" xlink:href="scriptorium.life.aphou.02.mark.xml#sSpan6126" target="scriptorium.life.aphou.02.mark.xml#sSpan6128"/>
		<rel id="sPointingRel5303" xlink:href="scriptorium.life.aphou.02.mark.xml#sSpan4141" target="scriptorium.life.aphou.02.mark.xml#sSpan4143"/>
		<rel id="sPointingRel5305" xlink:href="scriptorium.life.aphou.02.mark.xml#sSpan1443" target="scriptorium.life.aphou.02.mark.xml#sSpan1445"/>
		<rel id="sPointingRel5307" xlink:href="scriptorium.life.aphou.02.mark.xml#sSpan2707" target="scriptorium.life.aphou.02.mark.xml#sSpan2708"/>
		<rel id="sPointingRel5309" xlink:href="scriptorium.life.aphou.02.mark.xml#sSpan7682" target="scriptorium.life.aphou.02.mark.xml#sSpan7683"/>
		<rel id="sPointingRel5311" xlink:href="scriptorium.life.aphou.02.mark.xml#sSpan560" target="scriptorium.life.aphou.02.mark.xml#sSpan561"/>
		<rel id="sPointingRel5313" xlink:href="scriptorium.life.aphou.02.mark.xml#sSpan4979" target="scriptorium.life.aphou.02.mark.xml#sSpan4980"/>
		<rel id="sPointingRel5315" xlink:href="scriptorium.life.aphou.02.mark.xml#sSpan3682" target="scriptorium.life.aphou.02.mark.xml#sSpan3684"/>
		<rel id="sPointingRel5317" xlink:href="scriptorium.life.aphou.02.mark.xml#sSpan1415" target="scriptorium.life.aphou.02.mark.xml#sSpan1417"/>
		<rel id="sPointingRel5319" xlink:href="scriptorium.life.aphou.02.mark.xml#sSpan7918" target="scriptorium.life.aphou.02.mark.xml#sSpan7920"/>
		<rel id="sPointingRel5321" xlink:href="scriptorium.life.aphou.02.mark.xml#sSpan3354" target="scriptorium.life.aphou.02.mark.xml#sSpan3357"/>
		<rel id="sPointingRel5323" xlink:href="scriptorium.life.aphou.02.mark.xml#sSpan2834" target="scriptorium.life.aphou.02.mark.xml#sSpan2835"/>
		<rel id="sPointingRel5325" xlink:href="scriptorium.life.aphou.02.mark.xml#sSpan6071" target="scriptorium.life.aphou.02.mark.xml#sSpan6069"/>
		<rel id="sPointingRel5327" xlink:href="scriptorium.life.aphou.02.mark.xml#sSpan2244" target="scriptorium.life.aphou.02.mark.xml#sSpan2246"/>
		<rel id="sPointingRel5329" xlink:href="scriptorium.life.aphou.02.mark.xml#sSpan5129" target="scriptorium.life.aphou.02.mark.xml#sSpan5127"/>
		<rel id="sPointingRel5331" xlink:href="scriptorium.life.aphou.02.mark.xml#sSpan7552" target="scriptorium.life.aphou.02.mark.xml#sSpan7553"/>
		<rel id="sPointingRel5333" xlink:href="scriptorium.life.aphou.02.mark.xml#sSpan2115" target="scriptorium.life.aphou.02.mark.xml#sSpan2117"/>
		<rel id="sPointingRel5335" xlink:href="scriptorium.life.aphou.02.mark.xml#sSpan7488" target="scriptorium.life.aphou.02.mark.xml#sSpan7486"/>
		<rel id="sPointingRel5337" xlink:href="scriptorium.life.aphou.02.mark.xml#sSpan1405" target="scriptorium.life.aphou.02.mark.xml#sSpan1407"/>
		<rel id="sPointingRel5339" xlink:href="scriptorium.life.aphou.02.mark.xml#sSpan678" target="scriptorium.life.aphou.02.mark.xml#sSpan679"/>
		<rel id="sPointingRel5341" xlink:href="scriptorium.life.aphou.02.mark.xml#sSpan931" target="scriptorium.life.aphou.02.mark.xml#sSpan932"/>
		<rel id="sPointingRel5343" xlink:href="scriptorium.life.aphou.02.mark.xml#sSpan4877" target="scriptorium.life.aphou.02.mark.xml#sSpan4875"/>
		<rel id="sPointingRel5345" xlink:href="scriptorium.life.aphou.02.mark.xml#sSpan6733" target="scriptorium.life.aphou.02.mark.xml#sSpan6735"/>
		<rel id="sPointingRel5347" xlink:href="scriptorium.life.aphou.02.mark.xml#sSpan6599" target="scriptorium.life.aphou.02.mark.xml#sSpan6601"/>
		<rel id="sPointingRel5349" xlink:href="scriptorium.life.aphou.02.mark.xml#sSpan4515" target="scriptorium.life.aphou.02.mark.xml#sSpan4513"/>
		<rel id="sPointingRel5351" xlink:href="scriptorium.life.aphou.02.mark.xml#sSpan6927" target="scriptorium.life.aphou.02.mark.xml#sSpan6925"/>
		<rel id="sPointingRel5353" xlink:href="scriptorium.life.aphou.02.mark.xml#sSpan4350" target="scriptorium.life.aphou.02.mark.xml#sSpan4353"/>
		<rel id="sPointingRel5355" xlink:href="scriptorium.life.aphou.02.mark.xml#sSpan6756" target="scriptorium.life.aphou.02.mark.xml#sSpan6758"/>
		<rel id="sPointingRel5357" xlink:href="scriptorium.life.aphou.02.mark.xml#sSpan380" target="scriptorium.life.aphou.02.mark.xml#sSpan381"/>
		<rel id="sPointingRel5359" xlink:href="scriptorium.life.aphou.02.mark.xml#sSpan7332" target="scriptorium.life.aphou.02.mark.xml#sSpan7334"/>
		<rel id="sPointingRel5361" xlink:href="scriptorium.life.aphou.02.mark.xml#sSpan7008" target="scriptorium.life.aphou.02.mark.xml#sSpan7006"/>
		<rel id="sPointingRel5363" xlink:href="scriptorium.life.aphou.02.mark.xml#sSpan1243" target="scriptorium.life.aphou.02.mark.xml#sSpan1245"/>
		<rel id="sPointingRel5365" xlink:href="scriptorium.life.aphou.02.mark.xml#sSpan3101" target="scriptorium.life.aphou.02.mark.xml#sSpan3104"/>
		<rel id="sPointingRel5367" xlink:href="scriptorium.life.aphou.02.mark.xml#sSpan6405" target="scriptorium.life.aphou.02.mark.xml#sSpan6407"/>
		<rel id="sPointingRel5369" xlink:href="scriptorium.life.aphou.02.mark.xml#sSpan1336" target="scriptorium.life.aphou.02.mark.xml#sSpan1346"/>
		<rel id="sPointingRel5371" xlink:href="scriptorium.life.aphou.02.mark.xml#sSpan1312" target="scriptorium.life.aphou.02.mark.xml#sSpan1313"/>
		<rel id="sPointingRel5373" xlink:href="scriptorium.life.aphou.02.mark.xml#sSpan5452" target="scriptorium.life.aphou.02.mark.xml#sSpan5453"/>
		<rel id="sPointingRel5375" xlink:href="scriptorium.life.aphou.02.mark.xml#sSpan893" target="scriptorium.life.aphou.02.mark.xml#sSpan891"/>
		<rel id="sPointingRel5377" xlink:href="scriptorium.life.aphou.02.mark.xml#sSpan5726" target="scriptorium.life.aphou.02.mark.xml#sSpan5728"/>
		<rel id="sPointingRel5379" xlink:href="scriptorium.life.aphou.02.mark.xml#sSpan3873" target="scriptorium.life.aphou.02.mark.xml#sSpan3875"/>
		<rel id="sPointingRel5381" xlink:href="scriptorium.life.aphou.02.mark.xml#sSpan5580" target="scriptorium.life.aphou.02.mark.xml#sSpan5578"/>
		<rel id="sPointingRel5383" xlink:href="scriptorium.life.aphou.02.mark.xml#sSpan4811" target="scriptorium.life.aphou.02.mark.xml#sSpan4818"/>
		<rel id="sPointingRel5385" xlink:href="scriptorium.life.aphou.02.mark.xml#sSpan480" target="scriptorium.life.aphou.02.mark.xml#sSpan478"/>
		<rel id="sPointingRel5387" xlink:href="scriptorium.life.aphou.02.mark.xml#sSpan4700" target="scriptorium.life.aphou.02.mark.xml#sSpan4702"/>
		<rel id="sPointingRel5389" xlink:href="scriptorium.life.aphou.02.mark.xml#sSpan1974" target="scriptorium.life.aphou.02.mark.xml#sSpan1976"/>
		<rel id="sPointingRel5391" xlink:href="scriptorium.life.aphou.02.mark.xml#sSpan4848" target="scriptorium.life.aphou.02.mark.xml#sSpan4846"/>
		<rel id="sPointingRel5393" xlink:href="scriptorium.life.aphou.02.mark.xml#sSpan7452" target="scriptorium.life.aphou.02.mark.xml#sSpan7450"/>
		<rel id="sPointingRel5395" xlink:href="scriptorium.life.aphou.02.mark.xml#sSpan7199" target="scriptorium.life.aphou.02.mark.xml#sSpan7201"/>
		<rel id="sPointingRel5397" xlink:href="scriptorium.life.aphou.02.mark.xml#sSpan5769" target="scriptorium.life.aphou.02.mark.xml#sSpan5770"/>
		<rel id="sPointingRel5399" xlink:href="scriptorium.life.aphou.02.mark.xml#sSpan5283" target="scriptorium.life.aphou.02.mark.xml#sSpan5279"/>
		<rel id="sPointingRel5401" xlink:href="scriptorium.life.aphou.02.mark.xml#sSpan1058" target="scriptorium.life.aphou.02.mark.xml#sSpan1059"/>
		<rel id="sPointingRel5403" xlink:href="scriptorium.life.aphou.02.mark.xml#sSpan691" target="scriptorium.life.aphou.02.mark.xml#sSpan692"/>
		<rel id="sPointingRel5405" xlink:href="scriptorium.life.aphou.02.mark.xml#sSpan2885" target="scriptorium.life.aphou.02.mark.xml#sSpan2887"/>
		<rel id="sPointingRel5407" xlink:href="scriptorium.life.aphou.02.mark.xml#sSpan5526" target="scriptorium.life.aphou.02.mark.xml#sSpan5524"/>
		<rel id="sPointingRel5409" xlink:href="scriptorium.life.aphou.02.mark.xml#sSpan6664" target="scriptorium.life.aphou.02.mark.xml#sSpan6666"/>
		<rel id="sPointingRel5411" xlink:href="scriptorium.life.aphou.02.mark.xml#sSpan428" target="scriptorium.life.aphou.02.mark.xml#sSpan424"/>
		<rel id="sPointingRel5413" xlink:href="scriptorium.life.aphou.02.mark.xml#sSpan1696" target="scriptorium.life.aphou.02.mark.xml#sSpan1694"/>
		<rel id="sPointingRel5415" xlink:href="scriptorium.life.aphou.02.mark.xml#sSpan2398" target="scriptorium.life.aphou.02.mark.xml#sSpan2396"/></relList></paula>