<?xml version='1.0' encoding='UTF-8'?><!DOCTYPE paula SYSTEM "paula_feat.dtd">
<paula version="1.1">
	<header paula_id="scriptorium.life.aphou.02.mark_orig_group"/>
	<featList xmlns:xlink="http://www.w3.org/1999/xlink" type="orig_group" xml:base="scriptorium.life.aphou.02.mark.xml">
		<feat xlink:href="#sSpan4" value="ⲁⲩⲱ"/>
		<feat xlink:href="#sSpan12" value="ⲛⲧⲉⲩⲛⲟⲩ"/>
		<feat xlink:href="#sSpan20" value="ⲁϥⲥϩⲁⲓ"/>
		<feat xlink:href="#sSpan29" value="ⲉⲃⲟⲗ"/>
		<feat xlink:href="#sSpan33" value="ϩⲛⲧⲉⲭⲱⲣⲁ"/>
		<feat xlink:href="#sSpan44" value="ⲧⲏⲣⲥ"/>
		<feat xlink:href="#sSpan50" value="ⲉϥⲁⲡⲟⲕⲩⲣⲏⲥⲥⲉ"/>
		<feat xlink:href="#sSpan58" value="ⲛⲧⲗⲉⲝⲓⲥ"/>
		<feat xlink:href="#sSpan68" value="ⲉⲧⲙⲙⲁⲩ"/>
		<feat xlink:href="#sSpan74" value="ϫⲉⲉⲥϣⲟϥⲧ"/>
		<feat xlink:href="#sSpan84" value="ⲁⲩⲱ"/>
		<feat xlink:href="#sSpan88" value="ϩⲛⲟⲩⲙⲛⲧⲁⲛⲟⲏⲧⲟⲥ"/>
		<feat xlink:href="#sSpan100" value="ⲛⲧⲁⲛⲙⲉⲉⲩⲉ"/>
		<feat xlink:href="#sSpan110" value="ⲉⲣⲟⲥ"/>
		<feat xlink:href="#sSpan116" value="ⲙⲛⲛⲥⲁⲛⲁⲓ"/>
		<feat xlink:href="#sSpan127" value="ⲇⲉ"/>
		<feat xlink:href="#sSpan131" value="ⲁϥⲧⲁⲣⲕⲉⲡⲙⲁⲕⲁⲣⲓⲟⲥ"/>
		<feat xlink:href="#sSpan147" value="ⲉϥϫⲱ"/>
		<feat xlink:href="#sSpan155" value="ⲙⲙⲟⲥ"/>
		<feat xlink:href="#sSpan161" value="ϫⲉⲙⲁⲧⲁⲙⲟⲓ"/>
		<feat xlink:href="#sSpan169" value="ϫⲉⲟⲩ"/>
		<feat xlink:href="#sSpan175" value="ⲡⲉ"/>
		<feat xlink:href="#sSpan180" value="ⲡⲉⲕⲃⲓⲟⲥ"/>
		<feat xlink:href="#sSpan187" value="ⲁⲩⲱ"/>
		<feat xlink:href="#sSpan191" value="ⲛⲧⲕⲟⲩⲣⲙⲧⲱⲛ"/>
		<feat xlink:href="#sSpan199" value="ϩⲙⲡⲉⲕⲅⲉⲛⲟⲥ"/>
		<feat xlink:href="#sSpan209" value="ϯⲛⲁⲩ"/>
		<feat xlink:href="#sSpan216" value="ⲅⲁⲣ"/>
		<feat xlink:href="#sSpan220" value="ⲉⲡⲉⲕⲥⲙⲟⲧ"/>
		<feat xlink:href="#sSpan229" value="ⲛⲑⲉ"/>
		<feat xlink:href="#sSpan237" value="ⲛⲛⲓϩⲩⲇⲓⲱⲧⲏⲥ"/>
		<feat xlink:href="#sSpan247" value="ϯⲥⲱⲧⲙ"/>
		<feat xlink:href="#sSpan257" value="ⲇⲉ"/>
		<feat xlink:href="#sSpan261" value="ϩⲱⲱϥ"/>
		<feat xlink:href="#sSpan267" value="ⲉⲛⲉⲕϣⲁϫⲉ"/>
		<feat xlink:href="#sSpan276" value="ⲉⲩϫⲟⲥⲉ"/>
		<feat xlink:href="#sSpan284" value="ⲉⲙⲁⲧⲉ"/>
		<feat xlink:href="#sSpan289" value="ⲡⲁⲣⲁ"/>
		<feat xlink:href="#sSpan293" value="ⲛⲁⲛⲥⲟⲫⲟⲥ"/>
		<feat xlink:href="#sSpan303" value="ⲁϥⲟⲩⲱϣⲃ"/>
		<feat xlink:href="#sSpan314" value="ⲉϥϫⲱ"/>
		<feat xlink:href="#sSpan322" value="ⲙⲙⲟⲥ"/>
		<feat xlink:href="#sSpan328" value="ϫⲉⲁⲓⲟⲩⲱϣ"/>
		<feat xlink:href="#sSpan339" value="ⲙⲉⲛ"/>
		<feat xlink:href="#sSpan343" value="ⲉⲱⲛϩ"/>
		<feat xlink:href="#sSpan351" value="ϩⲱⲥ"/>
		<feat xlink:href="#sSpan358" value="ⲙⲟⲛⲁⲭⲟⲥ"/>
		<feat xlink:href="#sSpan363" value="ⲡⲗⲏⲛ"/>
		<feat xlink:href="#sSpan367" value="ϯⲟⲩⲏⲩ"/>
		<feat xlink:href="#sSpan373" value="ⲉⲃⲟⲗ"/>
		<feat xlink:href="#sSpan377" value="ⲙⲡⲧⲁⲉⲓⲟ"/>
		<feat xlink:href="#sSpan386" value="ⲉⲧⲙⲙⲁⲩ"/>
		<feat xlink:href="#sSpan392" value="ⲁⲩⲱ"/>
		<feat xlink:href="#sSpan399" value="ⲟⲛ"/>
		<feat xlink:href="#sSpan403" value="ⲁⲛⲅⲟⲩⲣⲙⲡⲉⲙϫⲉ"/>
		<feat xlink:href="#sSpan415" value="ⲁⲗⲗⲁ"/>
		<feat xlink:href="#sSpan423" value="ⲉⲡⲉⲓⲇⲏ"/>
		<feat xlink:href="#sSpan427" value="ⲛⲧⲟⲕ"/>
		<feat xlink:href="#sSpan432" value="ⲡⲉⲧⲛⲧⲁϫⲣⲏⲩ"/>
		<feat xlink:href="#sSpan442" value="ⲉϫⲛⲧⲉⲕⲥⲟⲫⲓⲁ"/>
		<feat xlink:href="#sSpan453" value="ⲉⲧⲃⲉⲡⲁⲓ"/>
		<feat xlink:href="#sSpan460" value="ⲁⲡϫⲁϫⲉ"/>
		<feat xlink:href="#sSpan469" value="ϩⲓⲧⲟⲟⲧϥ"/>
		<feat xlink:href="#sSpan475" value="ⲉⲣⲡⲁⲓ"/>
		<feat xlink:href="#sSpan484" value="ϩⲓⲧⲟⲟⲧⲕ"/>
		<feat xlink:href="#sSpan490" value="ⲉϥⲥⲟⲟⲩⲛ"/>
		<feat xlink:href="#sSpan498" value="ϫⲉⲟⲩⲛⲟⲩⲙⲏⲏϣⲉ"/>
		<feat xlink:href="#sSpan509" value="ⲛⲁϫⲓϫⲣⲟⲡ"/>
		<feat xlink:href="#sSpan518" value="ⲉⲧⲃⲉⲡⲁⲓ"/>
		<feat xlink:href="#sSpan528" value="ⲛⲥⲉϯⲟⲥⲉ"/>
		<feat xlink:href="#sSpan538" value="ⲛⲥⲉⲧⲙⲥⲱⲧⲙ"/>
		<feat xlink:href="#sSpan548" value="ⲉⲡϣⲁϫⲉ"/>
		<feat xlink:href="#sSpan557" value="ⲛⲧⲉⲥⲃⲱ"/>
		<feat xlink:href="#sSpan566" value="ⲉⲧⲟⲩⲁⲁⲃ"/>
		<feat xlink:href="#sSpan572" value="ⲉⲧⲛⲏⲩ"/>
		<feat xlink:href="#sSpan579" value="ⲉⲃⲟⲗ"/>
		<feat xlink:href="#sSpan583" value="ϩⲛⲣⲱⲕ"/>
		<feat xlink:href="#sSpan593" value="ⲡⲗⲏⲛ"/>
		<feat xlink:href="#sSpan600" value="ⲉⲧⲃⲉⲡⲙⲉ"/>
		<feat xlink:href="#sSpan607" value="ⲉⲧϣⲟⲟⲡ"/>
		<feat xlink:href="#sSpan613" value="ⲛϩⲏⲧⲕ"/>
		<feat xlink:href="#sSpan619" value="ⲉϩⲟⲩⲛ"/>
		<feat xlink:href="#sSpan623" value="ⲉⲡⲛⲟⲩⲧⲉ"/>
		<feat xlink:href="#sSpan633" value="ⲉⲓⲥϩⲏⲏⲧⲉ"/>
		<feat xlink:href="#sSpan639" value="ⲁⲕϫⲣⲟ"/>
		<feat xlink:href="#sSpan647" value="ⲉⲥⲙⲟⲧ"/>
		<feat xlink:href="#sSpan654" value="ⲛⲓⲙ"/>
		<feat xlink:href="#sSpan658" value="ⲛⲕⲟⲧⲥ"/>
		<feat xlink:href="#sSpan665" value="ⲛⲧⲉⲡⲇⲓⲁⲃⲟⲗⲟⲥ"/>
		<feat xlink:href="#sSpan675" value="ϩⲙⲡⲧⲣⲉⲕⲥⲱⲧⲙ"/>
		<feat xlink:href="#sSpan688" value="ⲉⲡϣⲁϫⲉ"/>
		<feat xlink:href="#sSpan697" value="ⲛⲧⲁⲙⲛⲧⲉⲗⲁⲭⲓⲥⲧⲟⲥ"/>
		<feat xlink:href="#sSpan709" value="ⲙⲡϥϭⲙϭⲟⲙ"/>
		<feat xlink:href="#sSpan718" value="ⲅⲁⲣ"/>
		<feat xlink:href="#sSpan722" value="ⲉϫⲁⲥⲧⲕ"/>
		<feat xlink:href="#sSpan730" value="ⲉⲩⲉⲛⲟⲛⲟⲓⲁ"/>
		<feat xlink:href="#sSpan739" value="ⲛϭⲓⲡⲙⲉⲅⲉⲑⲟⲥ"/>
		<feat xlink:href="#sSpan749" value="ⲉⲧⲛϩⲏⲧⲕ"/>
		<feat xlink:href="#sSpan758" value="ϩⲱⲥⲧⲉ"/>
		<feat xlink:href="#sSpan762" value="ⲉⲧⲣⲉⲕⲁⲙⲁϩⲧⲉ"/>
		<feat xlink:href="#sSpan772" value="ⲉϫⲙⲡⲉⲕⲟⲩⲱϣ"/>
		<feat xlink:href="#sSpan781" value="ⲙⲙⲓⲛ"/>
		<feat xlink:href="#sSpan785" value="ⲙⲙⲟⲕ"/>
		<feat xlink:href="#sSpan792" value="ⲁⲗⲗⲁ"/>
		<feat xlink:href="#sSpan799" value="ⲁⲕⲟⲩⲱⲛϩ"/>
		<feat xlink:href="#sSpan808" value="ⲉⲃⲟⲗ"/>
		<feat xlink:href="#sSpan812" value="ⲛⲧⲙⲛⲧⲕⲟⲩⲓ"/>
		<feat xlink:href="#sSpan823" value="ⲉⲧϩⲙⲡⲉⲭⲣⲓⲥⲧⲟⲥ"/>
		<feat xlink:href="#sSpan835" value="ⲛⲑⲉ"/>
		<feat xlink:href="#sSpan843" value="ϩⲱⲱϥ"/>
		<feat xlink:href="#sSpan849" value="ⲙⲡⲛⲟϭ"/>
		<feat xlink:href="#sSpan860" value="ⲙⲱⲩⲥⲏⲥ"/>
		<feat xlink:href="#sSpan865" value="ⲉⲁϥⲥⲱⲧⲙ"/>
		<feat xlink:href="#sSpan876" value="ⲛⲥⲁⲓⲱⲑⲟⲣ"/>
		<feat xlink:href="#sSpan884" value="ⲡⲟⲩⲏⲏⲃ"/>
		<feat xlink:href="#sSpan890" value="ⲙⲙⲁⲇⲓϩⲁⲙ"/>
		<feat xlink:href="#sSpan897" value="ⲉⲡⲁⲓ"/>
		<feat xlink:href="#sSpan904" value="ⲛⲁⲙⲉ"/>
		<feat xlink:href="#sSpan908" value="ⲡⲉⲛⲧⲁⲡⲥⲱⲧⲏⲣ"/>
		<feat xlink:href="#sSpan922" value="ϫⲟⲟϥ"/>
		<feat xlink:href="#sSpan928" value="ⲛⲛⲉⲛⲉⲓⲟⲧⲉ"/>
		<feat xlink:href="#sSpan937" value="ⲛⲁⲡⲟⲥⲧⲟⲗⲟⲥ"/>
		<feat xlink:href="#sSpan944" value="ϫⲉⲉⲧⲉⲧⲛⲕⲉⲧ"/>
		<feat xlink:href="#sSpan954" value="ⲧⲏⲩⲧⲛ"/>
		<feat xlink:href="#sSpan958" value="ⲛⲧⲉⲧⲛⲣ"/>
		<feat xlink:href="#sSpan967" value="ⲑⲉ"/>
		<feat xlink:href="#sSpan973" value="ⲛⲛⲓϣⲏⲣⲉ"/>
		<feat xlink:href="#sSpan983" value="ϣⲏⲙ"/>
		<feat xlink:href="#sSpan987" value="ⲛⲧⲟⲕ"/>
		<feat xlink:href="#sSpan995" value="ⲇⲉ"/>
		<feat xlink:href="#sSpan999" value="ⲁⲕⲟⲩⲟⲛϩⲕ"/>
		<feat xlink:href="#sSpan1009" value="ⲉⲃⲟⲗ"/>
		<feat xlink:href="#sSpan1013" value="ⲛⲁⲙⲉ"/>
		<feat xlink:href="#sSpan1017" value="ϫⲉⲁⲕⲕⲧⲟⲕ"/>
		<feat xlink:href="#sSpan1029" value="ⲧⲏⲣⲕ"/>
		<feat xlink:href="#sSpan1035" value="ⲉⲃⲟⲗ"/>
		<feat xlink:href="#sSpan1039" value="ϩⲙⲡϫⲟⲥⲉⲛϩⲏⲧ"/>
		<feat xlink:href="#sSpan1051" value="ⲉϩⲟⲩⲛ"/>
		<feat xlink:href="#sSpan1055" value="ⲉⲡⲧⲃⲃⲟ"/>
		<feat xlink:href="#sSpan1064" value="ⲙⲛⲧⲙⲛⲧϩⲁⲡⲗⲟⲩⲥ"/>
		<feat xlink:href="#sSpan1076" value="ⲛⲧⲙⲛⲧⲕⲟⲩⲓ"/>
		<feat xlink:href="#sSpan1087" value="ⲙⲛⲛⲥⲁⲛⲁⲓ"/>
		<feat xlink:href="#sSpan1094" value="ⲁϥⲥⲉⲡⲥⲱⲡϥ"/>
		<feat xlink:href="#sSpan1104" value="ⲉⲧⲣⲉϥϭⲱ"/>
		<feat xlink:href="#sSpan1114" value="ⲛⲙⲙⲁϥ"/>
		<feat xlink:href="#sSpan1120" value="ⲛϩⲉⲛϩⲟⲟⲩ"/>
		<feat xlink:href="#sSpan1129" value="ⲛⲧⲟϥ"/>
		<feat xlink:href="#sSpan1137" value="ⲇⲉ"/>
		<feat xlink:href="#sSpan1141" value="ⲁϥⲡⲁⲣⲁⲕⲁⲗⲉⲓ"/>
		<feat xlink:href="#sSpan1150" value="ⲉϥϫⲱ"/>
		<feat xlink:href="#sSpan1158" value="ⲙⲙⲟⲥ"/>
		<feat xlink:href="#sSpan1164" value="ϫⲉⲟⲩⲁⲧϭⲟⲙ"/>
		<feat xlink:href="#sSpan1175" value="ⲛⲁⲓ"/>
		<feat xlink:href="#sSpan1181" value="ⲡⲉ"/>
		<feat xlink:href="#sSpan1186" value="ⲡⲁⲓ"/>
		<feat xlink:href="#sSpan1190" value="ⲁⲩⲱ"/>
		<feat xlink:href="#sSpan1195" value="ⲧⲁⲓ"/>
		<feat xlink:href="#sSpan1199" value="ⲧⲉ"/>
		<feat xlink:href="#sSpan1203" value="ⲑⲉ"/>
		<feat xlink:href="#sSpan1209" value="ⲛⲧⲁϥⲉⲓ"/>
		<feat xlink:href="#sSpan1220" value="ⲉⲃⲟⲗ"/>
		<feat xlink:href="#sSpan1224" value="ϩⲓⲧⲟⲟⲧϥ"/>
		<feat xlink:href="#sSpan1230" value="ϩⲛⲟⲩⲉⲓⲣⲏⲛⲏ"/>
		<feat xlink:href="#sSpan1240" value="ⲙⲛⲟⲩⲧⲓⲙⲏ"/>
		<feat xlink:href="#sSpan1250" value="ⲛⲉϥⲙⲟⲕϩ"/>
		<feat xlink:href="#sSpan1262" value="ⲇⲉ"/>
		<feat xlink:href="#sSpan1266" value="ⲛϩⲏⲧ"/>
		<feat xlink:href="#sSpan1273" value="ⲉϥⲛⲏⲩ"/>
		<feat xlink:href="#sSpan1282" value="ⲉⲃⲟⲗ"/>
		<feat xlink:href="#sSpan1286" value="ϩⲓⲧⲟⲟⲧϥ"/>
		<feat xlink:href="#sSpan1292" value="ⲛⲑⲉ"/>
		<feat xlink:href="#sSpan1300" value="ⲛⲟⲩϣⲏⲣⲉ"/>
		<feat xlink:href="#sSpan1309" value="ⲉⲣⲉⲡⲉϥⲉⲓⲱⲧ"/>
		<feat xlink:href="#sSpan1318" value="ⲙⲟⲟϣⲉ"/>
		<feat xlink:href="#sSpan1323" value="ⲉⲃⲟⲗ"/>
		<feat xlink:href="#sSpan1327" value="ϩⲓⲧⲟⲟⲧϥ"/>
		<feat xlink:href="#sSpan1333" value="ⲙⲛⲛⲥⲁϣⲟⲙⲧⲉ"/>
		<feat xlink:href="#sSpan1341" value="ⲇⲉ"/>
		<feat xlink:href="#sSpan1345" value="ⲛⲣⲟⲙⲡⲉ"/>
		<feat xlink:href="#sSpan1351" value="ϫⲓⲛⲧⲁⲛⲁⲓ"/>
		<feat xlink:href="#sSpan1362" value="ϣⲱⲡⲉ"/>
		<feat xlink:href="#sSpan1366" value="ⲁϥⲛⲕⲟⲧⲕ"/>
		<feat xlink:href="#sSpan1374" value="ⲛϭⲓⲡⲉⲡⲓⲥⲕⲟⲡⲟⲥ"/>
		<feat xlink:href="#sSpan1385" value="ⲙⲡⲉⲙϫⲉ"/>
		<feat xlink:href="#sSpan1394" value="ⲁⲩⲱ"/>
		<feat xlink:href="#sSpan1402" value="ⲕⲁⲧⲁⲡϩⲉⲑⲟⲥ"/>
		<feat xlink:href="#sSpan1412" value="ⲁⲧⲡⲟⲗⲓⲥ"/>
		<feat xlink:href="#sSpan1422" value="ⲧⲏⲣⲥ"/>
		<feat xlink:href="#sSpan1428" value="ⲥⲱⲟⲩϩ"/>
		<feat xlink:href="#sSpan1432" value="ⲉⲛⲉⲥⲉⲣⲏⲩ"/>
		<feat xlink:href="#sSpan1440" value="ϩⲛⲟⲩⲥⲩⲙⲫⲱⲛⲓⲁ"/>
		<feat xlink:href="#sSpan1450" value="ⲛⲟⲩⲱⲧ"/>
		<feat xlink:href="#sSpan1456" value="ⲁⲩⲱ"/>
		<feat xlink:href="#sSpan1463" value="ⲁⲩϯⲯⲩⲫⲓⲥⲙⲁ"/>
		<feat xlink:href="#sSpan1475" value="ϩⲁⲟⲩⲁ"/>
		<feat xlink:href="#sSpan1482" value="ⲛⲛⲉⲡⲣⲉⲥⲃⲩⲧⲉⲣⲟⲥ"/>
		<feat xlink:href="#sSpan1491" value="ⲉⲩⲉⲩⲗⲁⲃⲏⲥ"/>
		<feat xlink:href="#sSpan1500" value="ϩⲱⲱϥ"/>
		<feat xlink:href="#sSpan1506" value="ⲡⲉ"/>
		<feat xlink:href="#sSpan1510" value="ⲁⲩϫⲟⲟⲩϥ"/>
		<feat xlink:href="#sSpan1520" value="ⲉⲣⲁⲕⲟⲧⲉ"/>
		<feat xlink:href="#sSpan1528" value="ⲙⲛⲛⲉⲯⲩⲫⲓⲥⲙⲁ"/>
		<feat xlink:href="#sSpan1538" value="ϫⲉⲉⲩⲉⲁⲁϥ"/>
		<feat xlink:href="#sSpan1548" value="ⲛⲉⲡⲓⲥⲕⲟⲡⲟⲥ"/>
		<feat xlink:href="#sSpan1556" value="ⲛⲧⲉⲣⲉϥϫⲓ"/>
		<feat xlink:href="#sSpan1569" value="ⲇⲉ"/>
		<feat xlink:href="#sSpan1573" value="ⲛⲛⲉⲥϩⲁⲓ"/>
		<feat xlink:href="#sSpan1582" value="ⲛϭⲓⲡⲁⲣⲭⲓⲉⲡⲓⲥⲕⲟⲡⲟⲥ"/>
		<feat xlink:href="#sSpan1593" value="ⲁⲡⲁ"/>
		<feat xlink:href="#sSpan1598" value="ⲑⲉⲟⲫⲓⲗⲟⲥ"/>
		<feat xlink:href="#sSpan1602" value="ⲁϥⲟⲩⲱϣⲃ"/>
		<feat xlink:href="#sSpan1613" value="ⲉϥϫⲱ"/>
		<feat xlink:href="#sSpan1621" value="ⲙⲙⲟⲥ"/>
		<feat xlink:href="#sSpan1627" value="ϫⲉⲁⲫⲟⲩ"/>
		<feat xlink:href="#sSpan1635" value="ⲟⲩⲙⲟⲛⲁⲭⲟⲥ"/>
		<feat xlink:href="#sSpan1643" value="ⲡⲉ"/>
		<feat xlink:href="#sSpan1647" value="ⲉⲡⲁⲧⲉⲧⲛⲡⲟⲗⲓⲥ"/>
		<feat xlink:href="#sSpan1659" value="ⲡⲉ"/>
		<feat xlink:href="#sSpan1663" value="ⲁⲛⲓϥ"/>
		<feat xlink:href="#sSpan1673" value="ⲛⲁⲓ"/>
		<feat xlink:href="#sSpan1679" value="ⲧⲁⲁⲁϥ"/>
		<feat xlink:href="#sSpan1685" value="ⲛⲏⲧⲛ"/>
		<feat xlink:href="#sSpan1692" value="ⲛⲉⲡⲓⲥⲕⲟⲡⲟⲥ"/>
		<feat xlink:href="#sSpan1700" value="ⲁⲩⲟⲩⲱϣⲃ"/>
		<feat xlink:href="#sSpan1709" value="ⲇⲉ"/>
		<feat xlink:href="#sSpan1713" value="ⲛϭⲓⲛⲉⲡⲣⲉⲥⲃⲩⲧⲉⲣⲟⲥ"/>
		<feat xlink:href="#sSpan1723" value="ⲉⲩϫⲱ"/>
		<feat xlink:href="#sSpan1731" value="ⲙⲙⲟⲥ"/>
		<feat xlink:href="#sSpan1737" value="ϫⲉⲁⲛⲟⲛ"/>
		<feat xlink:href="#sSpan1743" value="ⲣⲱ"/>
		<feat xlink:href="#sSpan1747" value="ⲛⲧⲛⲥⲟⲟⲩⲛ"/>
		<feat xlink:href="#sSpan1755" value="ⲁⲛ"/>
		<feat xlink:href="#sSpan1759" value="ⲙⲙⲟⲛⲁⲭⲟⲥ"/>
		<feat xlink:href="#sSpan1767" value="ϩⲛⲛⲉⲛⲧⲟϣ"/>
		<feat xlink:href="#sSpan1776" value="ϫⲉⲁⲫⲟⲩ"/>
		<feat xlink:href="#sSpan1784" value="ⲁⲩⲱ"/>
		<feat xlink:href="#sSpan1788" value="ⲧⲛⲙⲉⲉⲩⲉ"/>
		<feat xlink:href="#sSpan1794" value="ⲟⲛ"/>
		<feat xlink:href="#sSpan1798" value="ϫⲉⲙⲛⲟⲩⲟⲛ"/>
		<feat xlink:href="#sSpan1808" value="ⲛϩⲏⲧⲛ"/>
		<feat xlink:href="#sSpan1815" value="ⲥⲟⲟⲩⲛ"/>
		<feat xlink:href="#sSpan1819" value="ⲙⲙⲟϥ"/>
		<feat xlink:href="#sSpan1825" value="ⲁϥⲟⲩⲱϣⲃ"/>
		<feat xlink:href="#sSpan1837" value="ⲇⲉ"/>
		<feat xlink:href="#sSpan1841" value="ⲟⲛ"/>
		<feat xlink:href="#sSpan1845" value="ⲛϭⲓⲡⲁⲣⲭⲓⲉⲡⲓⲥⲕⲟⲡⲟⲥ"/>
		<feat xlink:href="#sSpan1856" value="ⲉϥϫⲱ"/>
		<feat xlink:href="#sSpan1864" value="ⲙⲙⲟⲥ"/>
		<feat xlink:href="#sSpan1870" value="ⲛⲁⲩ"/>
		<feat xlink:href="#sSpan1876" value="ϫⲉⲉϣⲱⲡⲉ"/>
		<feat xlink:href="#sSpan1882" value="ⲛⲧⲉⲧⲛⲛⲁⲛⲧϥ"/>
		<feat xlink:href="#sSpan1892" value="ⲛⲁⲓ"/>
		<feat xlink:href="#sSpan1898" value="ⲁⲛ"/>
		<feat xlink:href="#sSpan1902" value="ⲛϯⲛⲁⲡⲉϣⲛⲣⲱⲙⲉ"/>
		<feat xlink:href="#sSpan1917" value="ⲛⲏⲧⲛ"/>
		<feat xlink:href="#sSpan1923" value="ⲁⲛ"/>
		<feat xlink:href="#sSpan1927" value="ⲧⲉⲛⲟⲩ"/>
		<feat xlink:href="#sSpan1931" value="ⲛⲧⲟⲟⲩ"/>
		<feat xlink:href="#sSpan1939" value="ⲇⲉ"/>
		<feat xlink:href="#sSpan1943" value="ⲁⲩⲉⲓ"/>
		<feat xlink:href="#sSpan1952" value="ⲉⲃⲟⲗ"/>
		<feat xlink:href="#sSpan1956" value="ϩⲓⲧⲟⲟⲧϥ"/>
		<feat xlink:href="#sSpan1962" value="ⲁⲩⲃⲱⲕ"/>
		<feat xlink:href="#sSpan1971" value="ⲉⲧⲉⲩⲡⲟⲗⲓⲥ"/>
		<feat xlink:href="#sSpan1981" value="ⲁⲩϣⲓⲛⲉ"/>
		<feat xlink:href="#sSpan1993" value="ⲛⲥⲁⲡⲣⲱⲙⲉ"/>
		<feat xlink:href="#sSpan2002" value="ⲁⲩⲱ"/>
		<feat xlink:href="#sSpan2006" value="ⲙⲡⲟⲩⲥⲟⲩⲱⲛϥ"/>
		<feat xlink:href="#sSpan2016" value="ϩⲙⲡⲧⲟϣ"/>
		<feat xlink:href="#sSpan2025" value="ⲧⲏⲣϥ"/>
		<feat xlink:href="#sSpan2031" value="ⲉⲛⲉϥϣⲟⲟⲡ"/>
		<feat xlink:href="#sSpan2045" value="ⲅⲁⲣ"/>
		<feat xlink:href="#sSpan2049" value="ⲁⲛ"/>
		<feat xlink:href="#sSpan2053" value="ⲡⲉ"/>
		<feat xlink:href="#sSpan2057" value="ⲙⲛⲛⲣⲱⲙⲉ"/>
		<feat xlink:href="#sSpan2067" value="ⲁⲗⲗⲁ"/>
		<feat xlink:href="#sSpan2071" value="ⲙⲛⲛⲉⲑⲏⲣⲓⲟⲛ"/>
		<feat xlink:href="#sSpan2081" value="ⲛⲧⲉⲣⲟⲩⲑⲗⲓⲃⲉ"/>
		<feat xlink:href="#sSpan2095" value="ⲇⲉ"/>
		<feat xlink:href="#sSpan2099" value="ⲁⲩⲥⲱⲟⲩϩ"/>
		<feat xlink:href="#sSpan2107" value="ⲉϩⲟⲩⲛ"/>
		<feat xlink:href="#sSpan2112" value="ⲛⲙⲙⲟⲛⲁⲭⲟⲥ"/>
		<feat xlink:href="#sSpan2122" value="ⲁⲩⲱ"/>
		<feat xlink:href="#sSpan2126" value="ⲁⲩϫⲛⲟⲩⲟⲩ"/>
		<feat xlink:href="#sSpan2136" value="ⲉⲡⲣⲱⲙⲉ"/>
		<feat xlink:href="#sSpan2145" value="ⲁϥⲟⲩⲱϣⲃ"/>
		<feat xlink:href="#sSpan2157" value="ⲇⲉ"/>
		<feat xlink:href="#sSpan2161" value="ⲛϭⲓⲡⲉⲧⲥⲟⲟⲩⲛ"/>
		<feat xlink:href="#sSpan2172" value="ⲙⲙⲟϥ"/>
		<feat xlink:href="#sSpan2178" value="ⲛϩⲏⲧⲟⲩ"/>
		<feat xlink:href="#sSpan2184" value="ϫⲉⲥⲉ"/>
		<feat xlink:href="#sSpan2190" value="ϯⲥⲟⲟⲩⲛ"/>
		<feat xlink:href="#sSpan2196" value="ⲙⲙⲟϥ"/>
		<feat xlink:href="#sSpan2202" value="ϩⲁⲑⲏ"/>
		<feat xlink:href="#sSpan2211" value="ⲙⲡⲟⲟⲩ"/>
		<feat xlink:href="#sSpan2220" value="ⲛⲉϣⲁⲓϭⲛⲧϥ"/>
		<feat xlink:href="#sSpan2233" value="ⲇⲉ"/>
		<feat xlink:href="#sSpan2237" value="ⲡⲉ"/>
		<feat xlink:href="#sSpan2241" value="ϩⲛⲧⲉⲣⲏⲙⲟⲥ"/>
		<feat xlink:href="#sSpan2251" value="ⲉϥϭⲉⲉⲧ"/>
		<feat xlink:href="#sSpan2259" value="ⲙⲛⲛϣⲟϣ"/>
		<feat xlink:href="#sSpan2268" value="ⲛⲧⲉⲩⲛⲟⲩ"/>
		<feat xlink:href="#sSpan2280" value="ⲇⲉ"/>
		<feat xlink:href="#sSpan2284" value="ⲁⲩⲕⲉⲗⲉⲩⲉ"/>
		<feat xlink:href="#sSpan2293" value="ⲉⲧⲣⲉⲛϭⲉⲣⲁϭⲉ"/>
		<feat xlink:href="#sSpan2304" value="ϭⲱⲣϭ"/>
		<feat xlink:href="#sSpan2308" value="ⲉⲣⲟϥ"/>
		<feat xlink:href="#sSpan2314" value="ⲛⲥⲉϭⲟⲡϥ"/>
		<feat xlink:href="#sSpan2324" value="ⲉⲃⲟⲗ"/>
		<feat xlink:href="#sSpan2329" value="ϫⲉⲁⲡⲥⲟⲛ"/>
		<feat xlink:href="#sSpan2341" value="ⲧⲁⲙⲟⲟⲩ"/>
		<feat xlink:href="#sSpan2347" value="ϫⲉⲉϥϣⲁⲛⲉⲓⲙⲉ"/>
		<feat xlink:href="#sSpan2362" value="ⲉⲡⲁⲓ"/>
		<feat xlink:href="#sSpan2369" value="ϫⲉⲉⲧⲉⲧⲛϣⲓⲛⲉ"/>
		<feat xlink:href="#sSpan2379" value="ⲛⲥⲱϥ"/>
		<feat xlink:href="#sSpan2385" value="ⲉⲁⲁϥ"/>
		<feat xlink:href="#sSpan2394" value="ⲛⲉⲡⲓⲥⲕⲟⲡⲟⲥ"/>
		<feat xlink:href="#sSpan2402" value="ϥⲛⲁⲡⲱⲧ"/>
		<feat xlink:href="#sSpan2410" value="ⲛϭⲉⲣⲁϭⲉ"/>
		<feat xlink:href="#sSpan2420" value="ϭⲉ"/>
		<feat xlink:href="#sSpan2424" value="ⲁⲩϭⲱⲣϭ"/>
		<feat xlink:href="#sSpan2432" value="ⲉⲣⲟϥ"/>
		<feat xlink:href="#sSpan2438" value="ϩⲛⲛⲉⲩϭⲟⲣϭⲥ"/>
		<feat xlink:href="#sSpan2447" value="ⲁⲩⲱ"/>
		<feat xlink:href="#sSpan2451" value="ⲁϥⲉⲓ"/>
		<feat xlink:href="#sSpan2460" value="ⲉⲃⲟⲗ"/>
		<feat xlink:href="#sSpan2464" value="ⲛⲧⲉⲩϣⲏ"/>
		<feat xlink:href="#sSpan2473" value="ϫⲉⲉϥⲛⲁⲥⲱ"/>
		<feat xlink:href="#sSpan2485" value="ⲙⲟⲟⲩ"/>
		<feat xlink:href="#sSpan2492" value="ⲙⲛⲛϣⲟϣ"/>
		<feat xlink:href="#sSpan2501" value="ⲛⲧⲉⲩⲛⲟⲩ"/>
		<feat xlink:href="#sSpan2513" value="ⲇⲉ"/>
		<feat xlink:href="#sSpan2517" value="ⲁⲛϭⲉⲣⲁϭⲉ"/>
		<feat xlink:href="#sSpan2526" value="ϥⲱϭⲉ"/>
		<feat xlink:href="#sSpan2530" value="ⲉϫⲱϥ"/>
		<feat xlink:href="#sSpan2536" value="ⲁⲩϭⲟⲡϥ"/>
		<feat xlink:href="#sSpan2546" value="ⲁⲩⲁⲙⲁϩⲧⲉ"/>
		<feat xlink:href="#sSpan2554" value="ⲙⲙⲟϥ"/>
		<feat xlink:href="#sSpan2560" value="ⲁϥϣⲁϫⲉ"/>
		<feat xlink:href="#sSpan2572" value="ⲇⲉ"/>
		<feat xlink:href="#sSpan2576" value="ⲛⲙⲙⲁⲩ"/>
		<feat xlink:href="#sSpan2582" value="ϫⲉⲟⲩ"/>
		<feat xlink:href="#sSpan2588" value="ⲡⲉ"/>
		<feat xlink:href="#sSpan2593" value="ⲡⲉⲧⲛϩⲱⲃ"/>
		<feat xlink:href="#sSpan2599" value="ⲛⲙⲙⲁⲓ"/>
		<feat xlink:href="#sSpan2605" value="ⲉⲧⲉⲧⲛⲁⲙⲁϩⲧⲉ"/>
		<feat xlink:href="#sSpan2613" value="ⲙⲙⲟⲓ"/>
		<feat xlink:href="#sSpan2619" value="ⲁⲛⲅⲟⲩⲣⲱⲙⲉ"/>
		<feat xlink:href="#sSpan2628" value="ϩⲱⲱⲧ"/>
		<feat xlink:href="#sSpan2634" value="ⲛⲧⲉⲧⲛϩⲉ"/>
		<feat xlink:href="#sSpan2642" value="ⲉϣϫⲉ"/>
		<feat xlink:href="#sSpan2649" value="ⲉⲧⲉⲧⲛϭⲉⲡⲧⲃⲛⲏ"/>
		<feat xlink:href="#sSpan2658" value="ⲉⲓⲥ"/>
		<feat xlink:href="#sSpan2663" value="ⲡϣⲟϣ"/>
		<feat xlink:href="#sSpan2669" value="ⲁⲧⲉⲧⲛϭⲉⲡϥ"/>
		<feat xlink:href="#sSpan2679" value="ⲡⲉϫⲁⲩ"/>
		<feat xlink:href="#sSpan2688" value="ⲛⲁϥ"/>
		<feat xlink:href="#sSpan2694" value="ϫⲉⲧⲛⲥⲟⲟⲩⲛ"/>
		<feat xlink:href="#sSpan2702" value="ϫⲉⲛⲧⲕⲟⲩⲣⲱⲙⲉ"/>
		<feat xlink:href="#sSpan2713" value="ⲁⲩⲱ"/>
		<feat xlink:href="#sSpan2717" value="ⲉⲛⲕⲱⲧⲉ"/>
		<feat xlink:href="#sSpan2725" value="ⲛⲥⲱⲕ"/>
		<feat xlink:href="#sSpan2732" value="ⲉⲧⲃⲉⲡⲁⲓ"/>
		<feat xlink:href="#sSpan2739" value="ⲁⲛϭⲟⲡⲕ"/>
		<feat xlink:href="#sSpan2749" value="ⲡⲉϫⲁϥ"/>
		<feat xlink:href="#sSpan2758" value="ⲛⲁⲩ"/>
		<feat xlink:href="#sSpan2764" value="ϫⲉⲁⲛⲟⲕ"/>
		<feat xlink:href="#sSpan2770" value="ⲟⲩⲛ"/>
		<feat xlink:href="#sSpan2774" value="ⲡⲉⲧⲉⲧⲛϣⲓⲛⲉ"/>
		<feat xlink:href="#sSpan2782" value="ⲛⲥⲱϥ"/>
		<feat xlink:href="#sSpan2788" value="ⲁⲗⲱⲧⲛ"/>
		<feat xlink:href="#sSpan2792" value="ϩⲁⲡⲁⲓ"/>
		<feat xlink:href="#sSpan2799" value="ⲙⲁⲣⲉϥⲃⲱⲕ"/>
		<feat xlink:href="#sSpan2807" value="ⲛⲧⲉⲩⲛⲟⲩ"/>
		<feat xlink:href="#sSpan2818" value="ⲁⲩⲕⲱ"/>
		<feat xlink:href="#sSpan2827" value="ⲉⲃⲟⲗ"/>
		<feat xlink:href="#sSpan2831" value="ⲙⲡϣⲟϣ"/>
		<feat xlink:href="#sSpan2840" value="ⲁⲩⲧⲁⲗⲟϥ"/>
		<feat xlink:href="#sSpan2850" value="ⲛⲧⲉⲩⲛⲟⲩ"/>
		<feat xlink:href="#sSpan2858" value="ⲁⲩⲛⲧϥ"/>
		<feat xlink:href="#sSpan2870" value="ⲉⲣⲁⲕⲟⲧⲉ"/>
		<feat xlink:href="#sSpan2876" value="ⲉⲣⲁⲧϥ"/>
		<feat xlink:href="#sSpan2882" value="ⲙⲡⲁⲣⲭⲓⲉⲡⲓⲥⲕⲟⲡⲟⲥ"/>
		<feat xlink:href="#sSpan2892" value="ⲛⲧⲉⲣⲉϥⲛⲁⲩ"/>
		<feat xlink:href="#sSpan2905" value="ⲇⲉ"/>
		<feat xlink:href="#sSpan2909" value="ⲉⲣⲟϥ"/>
		<feat xlink:href="#sSpan2915" value="ⲁϥⲣⲁϣⲉ"/>
		<feat xlink:href="#sSpan2923" value="ⲉⲙⲁⲧⲉ"/>
		<feat xlink:href="#sSpan2927" value="ⲁⲩⲱ"/>
		<feat xlink:href="#sSpan2931" value="ⲛⲧⲉⲣⲟⲩⲧⲁⲙⲟϥ"/>
		<feat xlink:href="#sSpan2941" value="ⲉⲑⲉ"/>
		<feat xlink:href="#sSpan2949" value="ⲛⲧⲁⲩϭⲟⲡϥ"/>
		<feat xlink:href="#sSpan2961" value="ⲙⲙⲟⲥ"/>
		<feat xlink:href="#sSpan2967" value="ⲁϥⲣϣⲡⲏⲣⲉ"/>
		<feat xlink:href="#sSpan2977" value="ⲉⲙⲁⲧⲉ"/>
		<feat xlink:href="#sSpan2981" value="ⲁⲩⲱ"/>
		<feat xlink:href="#sSpan2985" value="ⲡⲉϫⲁϥ"/>
		<feat xlink:href="#sSpan2991" value="ϫⲉⲁⲕⲉⲓⲁⲫⲟⲩ"/>
		<feat xlink:href="#sSpan3001" value="ⲁⲙⲟⲩ"/>
		<feat xlink:href="#sSpan3005" value="ϩⲱⲱⲕ"/>
		<feat xlink:href="#sSpan3011" value="ⲛⲅϣⲡϩⲓⲥⲉ"/>
		<feat xlink:href="#sSpan3021" value="ⲙⲛⲛⲉⲕϣⲃⲣ"/>
		<feat xlink:href="#sSpan3031" value="ⲙⲉⲗⲟⲥ"/>
		<feat xlink:href="#sSpan3035" value="ϣⲁⲡⲟⲟⲩ"/>
		<feat xlink:href="#sSpan3044" value="ⲉⲕⲙⲓϣⲉ"/>
		<feat xlink:href="#sSpan3052" value="ⲉⲣⲟⲕ"/>
		<feat xlink:href="#sSpan3058" value="ⲙⲁⲩⲁⲁⲕ"/>
		<feat xlink:href="#sSpan3064" value="ⲉⲕⲧⲟⲩϫⲟ"/>
		<feat xlink:href="#sSpan3072" value="ⲙⲙⲟⲕ"/>
		<feat xlink:href="#sSpan3078" value="ⲧⲉⲛⲟⲩ"/>
		<feat xlink:href="#sSpan3082" value="ϩⲱⲱϥ"/>
		<feat xlink:href="#sSpan3088" value="ⲕⲧⲟⲕ"/>
		<feat xlink:href="#sSpan3094" value="ⲛⲅⲧⲁϫⲣⲉ"/>
		<feat xlink:href="#sSpan3103" value="ⲛⲉⲕⲥⲛⲏⲩ"/>
		<feat xlink:href="#sSpan3109" value="ⲛⲅⲙⲓϣⲉ"/>
		<feat xlink:href="#sSpan3117" value="ⲉϫⲱⲟⲩ"/>
		<feat xlink:href="#sSpan3123" value="ⲛⲙⲙⲁⲕ"/>
		<feat xlink:href="#sSpan3129" value="ⲁϥⲟⲩⲱϣⲃ"/>
		<feat xlink:href="#sSpan3140" value="ⲛϭⲓⲁⲡⲁ"/>
		<feat xlink:href="#sSpan3149" value="ⲁⲫⲟⲩ"/>
		<feat xlink:href="#sSpan3153" value="ϫⲉⲁⲛⲅ"/>
		<feat xlink:href="#sSpan3159" value="ⲛⲓⲙ"/>
		<feat xlink:href="#sSpan3163" value="ⲁⲛⲟⲕ"/>
		<feat xlink:href="#sSpan3167" value="ⲡϫⲟⲉⲓⲥ"/>
		<feat xlink:href="#sSpan3174" value="ⲡⲁϫⲟⲉⲓⲥ"/>
		<feat xlink:href="#sSpan3180" value="ϫⲉⲉⲕⲉϫⲉⲛⲉⲓϣⲁϫⲉ"/>
		<feat xlink:href="#sSpan3191" value="ⲛⲁⲓ"/>
		<feat xlink:href="#sSpan3197" value="ⲛⲧⲉⲓϩⲉ"/>
		<feat xlink:href="#sSpan3205" value="ⲁⲛⲟⲕ"/>
		<feat xlink:href="#sSpan3210" value="ⲅⲁⲣ"/>
		<feat xlink:href="#sSpan3214" value="ⲁⲛⲅⲟⲩⲣⲱⲙⲉ"/>
		<feat xlink:href="#sSpan3223" value="ⲛⲁⲥⲑⲉⲛⲏⲥ"/>
		<feat xlink:href="#sSpan3230" value="ⲁⲩⲱ"/>
		<feat xlink:href="#sSpan3234" value="ⲉⲧⲃⲉⲧⲁⲙⲛⲧϭⲱⲃ"/>
		<feat xlink:href="#sSpan3245" value="ⲛⲧⲁⲓⲡⲱⲧ"/>
		<feat xlink:href="#sSpan3256" value="ⲉⲃⲟⲗ"/>
		<feat xlink:href="#sSpan3260" value="ⲛⲥⲩⲛⲧⲉⲭⲓⲁ"/>
		<feat xlink:href="#sSpan3267" value="ⲛⲛⲣⲱⲙⲉ"/>
		<feat xlink:href="#sSpan3276" value="ϫⲉⲛⲛⲉⲓⲃⲱⲕ"/>
		<feat xlink:href="#sSpan3286" value="ϩⲙⲡⲧⲱϩ"/>
		<feat xlink:href="#sSpan3295" value="ⲛⲛϩⲟⲉⲓⲙ"/>
		<feat xlink:href="#sSpan3304" value="ⲙⲙⲡⲓⲃⲓⲟⲥ"/>
		<feat xlink:href="#sSpan3312" value="ⲧⲉⲛⲟⲩ"/>
		<feat xlink:href="#sSpan3316" value="ϯⲧⲁⲣⲕⲟ"/>
		<feat xlink:href="#sSpan3322" value="ⲙⲙⲟⲕ"/>
		<feat xlink:href="#sSpan3328" value="ⲙⲡϫⲟⲉⲓⲥ"/>
		<feat xlink:href="#sSpan3337" value="ⲉⲧⲙⲧⲣⲉⲕϫⲓⲧ"/>
		<feat xlink:href="#sSpan3349" value="ⲛϭⲟⲛⲥ"/>
		<feat xlink:href="#sSpan3356" value="ⲡⲉⲓϩⲱⲃ"/>
		<feat xlink:href="#sSpan3363" value="ⲅⲁⲣ"/>
		<feat xlink:href="#sSpan3367" value="ⲟ"/>
		<feat xlink:href="#sSpan3371" value="ⲛⲁⲓ"/>
		<feat xlink:href="#sSpan3377" value="ⲛⲁⲧϭⲟⲙ"/>
		<feat xlink:href="#sSpan3388" value="ⲡⲁⲣⲭⲓⲉⲡⲓⲥⲕⲟⲡⲟⲥ"/>
		<feat xlink:href="#sSpan3399" value="ⲇⲉ"/>
		<feat xlink:href="#sSpan3403" value="ⲁϥⲗⲩⲡⲉⲓ"/>
		<feat xlink:href="#sSpan3412" value="ⲉⲙⲁⲧⲉ"/>
		<feat xlink:href="#sSpan3416" value="ⲉⲧⲃⲉⲡⲁⲛⲁϣ"/>
		<feat xlink:href="#sSpan3425" value="ⲙⲡϫⲟⲉⲓⲥ"/>
		<feat xlink:href="#sSpan3434" value="ⲁⲩⲱ"/>
		<feat xlink:href="#sSpan3441" value="ⲡⲉϫⲁϥ"/>
		<feat xlink:href="#sSpan3447" value="ⲛⲁϥ"/>
		<feat xlink:href="#sSpan3453" value="ϫⲉϥⲟⲛϩ"/>
		<feat xlink:href="#sSpan3461" value="ⲛϭⲓⲡϫⲟⲉⲓⲥ"/>
		<feat xlink:href="#sSpan3470" value="ϫⲉⲉⲕⲧⲙⲃⲟⲗⲧ"/>
		<feat xlink:href="#sSpan3484" value="ⲉⲃⲟⲗ"/>
		<feat xlink:href="#sSpan3488" value="ⲙⲡⲁⲛⲁϣ"/>
		<feat xlink:href="#sSpan3497" value="ⲛⲧⲁⲕⲙⲟⲣⲧ"/>
		<feat xlink:href="#sSpan3507" value="ⲛϩⲏⲧϥ"/>
		<feat xlink:href="#sSpan3513" value="ϯⲉⲓⲣⲉ"/>
		<feat xlink:href="#sSpan3519" value="ⲙⲙⲟⲕ"/>
		<feat xlink:href="#sSpan3525" value="ⲛϣⲙϣⲟ"/>
		<feat xlink:href="#sSpan3534" value="ⲉⲡⲧⲱϩⲙ"/>
		<feat xlink:href="#sSpan3543" value="ⲧⲏⲣϥ"/>
		<feat xlink:href="#sSpan3549" value="ⲛⲛⲉⲭⲣⲓⲥⲧⲓⲁ"/>
		<feat xlink:href="#sSpan3558" value="ⲛⲟⲥ"/>
		<feat xlink:href="#sSpan3565" value="ϩⲙⲡⲓⲁⲓⲱⲛ"/>
		<feat xlink:href="#sSpan3575" value="ⲙⲛⲡⲉⲧⲛⲏⲩ"/>
		<feat xlink:href="#sSpan3587" value="ⲛⲧⲉⲩⲛⲟⲩ"/>
		<feat xlink:href="#sSpan3599" value="ⲇⲉ"/>
		<feat xlink:href="#sSpan3603" value="ⲁϥⲡⲁϩⲧϥ"/>
		<feat xlink:href="#sSpan3613" value="ⲛϭⲓⲁⲡⲁ"/>
		<feat xlink:href="#sSpan3622" value="ⲁⲫⲟⲩ"/>
		<feat xlink:href="#sSpan3626" value="ⲉϥϫⲱ"/>
		<feat xlink:href="#sSpan3634" value="ⲙⲙⲟⲥ"/>
		<feat xlink:href="#sSpan3640" value="ϫⲉⲁⲓϭⲱⲧⲡ"/>
		<feat xlink:href="#sSpan3651" value="ⲡⲁⲓ"/>
		<feat xlink:href="#sSpan3656" value="ⲅⲁⲣ"/>
		<feat xlink:href="#sSpan3661" value="ⲟⲩϣⲗⲟϥ"/>
		<feat xlink:href="#sSpan3667" value="ⲛⲁⲓ"/>
		<feat xlink:href="#sSpan3673" value="ⲡⲉ"/>
		<feat xlink:href="#sSpan3677" value="ⲁⲩⲱ"/>
		<feat xlink:href="#sSpan3681" value="ⲟⲩⲑⲗⲓⲯⲓⲥ"/>
		<feat xlink:href="#sSpan3689" value="ⲧⲉ"/>
		<feat xlink:href="#sSpan3693" value="ϣⲁⲉⲛⲉϩ"/>
		<feat xlink:href="#sSpan3701" value="ⲉⲓⲥϩⲏⲏⲧⲉ"/>
		<feat xlink:href="#sSpan3710" value="ϯϩⲁϩⲧⲏⲕ"/>
		<feat xlink:href="#sSpan3716" value="ⲉϣϫⲉ"/>
		<feat xlink:href="#sSpan3720" value="ϯⲛⲁϣⲣⲡϩⲱⲃ"/>
		<feat xlink:href="#sSpan3733" value="ⲁⲣⲓⲣⲉ"/>
		<feat xlink:href="#sSpan3737" value="ⲛⲁⲓ"/>
		<feat xlink:href="#sSpan3743" value="ⲛⲑⲉ"/>
		<feat xlink:href="#sSpan3752" value="ⲉⲧⲣⲁⲛⲁⲕ"/>
		<feat xlink:href="#sSpan3764" value="ⲛⲧⲉⲩⲛⲟⲩ"/>
		<feat xlink:href="#sSpan3776" value="ⲇⲉ"/>
		<feat xlink:href="#sSpan3780" value="ⲁϥⲡⲁϩⲧϥ"/>
		<feat xlink:href="#sSpan3790" value="ϫⲉⲕⲱ"/>
		<feat xlink:href="#sSpan3796" value="ⲛⲁⲓ"/>
		<feat xlink:href="#sSpan3802" value="ⲉⲃⲟⲗ"/>
		<feat xlink:href="#sSpan3806" value="ⲡⲁϫⲟⲉⲓⲥ"/>
		<feat xlink:href="#sSpan3813" value="ⲛⲉⲓⲱⲧ"/>
		<feat xlink:href="#sSpan3819" value="ⲁⲩⲱ"/>
		<feat xlink:href="#sSpan3826" value="ⲁϥⲛⲟϭⲛⲉϥ"/>
		<feat xlink:href="#sSpan3834" value="ⲁϥϫⲟⲟⲩϥ"/>
		<feat xlink:href="#sSpan3844" value="ⲉⲧⲉϥⲡⲟⲗⲓⲥ"/>
		<feat xlink:href="#sSpan3854" value="ⲛⲧⲉⲣⲉϥⲁⲣⲭⲉⲓ"/>
		<feat xlink:href="#sSpan3865" value="ⲇⲉ"/>
		<feat xlink:href="#sSpan3869" value="ⲉⲧⲙⲛⲧⲉⲡⲓⲥⲕⲟⲡⲟⲥ"/>
		<feat xlink:href="#sSpan3882" value="ⲁϥⲁⲣⲭⲉⲓ"/>
		<feat xlink:href="#sSpan3891" value="ⲟⲛ"/>
		<feat xlink:href="#sSpan3895" value="ⲉⲕⲉⲡⲣⲁⲕⲧⲓⲕⲟⲛ"/>
		<feat xlink:href="#sSpan3904" value="ⲛⲧⲓⲙⲓⲛⲉ"/>
		<feat xlink:href="#sSpan3911" value="ⲧⲙⲛⲧⲉⲡⲓⲥⲕⲟⲡⲟⲥ"/>
		<feat xlink:href="#sSpan3925" value="ⲅⲁⲣ"/>
		<feat xlink:href="#sSpan3929" value="ⲧⲏⲣⲥ"/>
		<feat xlink:href="#sSpan3935" value="ⲛⲧⲁϥⲁⲁⲥ"/>
		<feat xlink:href="#sSpan3947" value="ⲙⲡϥⲣⲟⲩⲟⲩϣⲏ"/>
		<feat xlink:href="#sSpan3962" value="ⲛⲟⲩⲱⲧ"/>
		<feat xlink:href="#sSpan3968" value="ⲛⲛⲕⲟⲧⲕ"/>
		<feat xlink:href="#sSpan3976" value="ϩⲛⲧⲡⲟⲗⲓⲥ"/>
		<feat xlink:href="#sSpan3987" value="ⲟⲩⲇⲉ"/>
		<feat xlink:href="#sSpan3991" value="ⲙⲡϥⲟⲩⲉⲙⲟⲩⲟⲉⲓⲕ"/>
		<feat xlink:href="#sSpan4004" value="ⲛⲟⲩⲱⲧ"/>
		<feat xlink:href="#sSpan4010" value="ⲛϩⲏⲧⲥ"/>
		<feat xlink:href="#sSpan4016" value="ⲉⲡⲧⲏⲣϥ"/>
		<feat xlink:href="#sSpan4024" value="ⲛⲟⲩϩⲟⲟⲩ"/>
		<feat xlink:href="#sSpan4033" value="ⲛⲟⲩⲱⲧ"/>
		<feat xlink:href="#sSpan4040" value="ⲁⲗⲗⲁ"/>
		<feat xlink:href="#sSpan4047" value="ⲛⲉϥϭⲉⲉⲧ"/>
		<feat xlink:href="#sSpan4055" value="ⲙⲁⲩⲁⲁϥ"/>
		<feat xlink:href="#sSpan4061" value="ⲡⲉ"/>
		<feat xlink:href="#sSpan4065" value="ϩⲛⲟⲩⲙⲟⲛⲁⲥⲧⲏⲣⲓⲟⲛ"/>
		<feat xlink:href="#sSpan4076" value="ⲙⲡⲃⲟⲗ"/>
		<feat xlink:href="#sSpan4085" value="ⲛⲧⲡⲟⲗⲓⲥ"/>
		<feat xlink:href="#sSpan4096" value="ⲡⲥⲁⲃⲃⲁⲧⲟⲛ"/>
		<feat xlink:href="#sSpan4104" value="ⲇⲉ"/>
		<feat xlink:href="#sSpan4108" value="ⲛⲉϣⲁϥⲉⲓ"/>
		<feat xlink:href="#sSpan4119" value="ⲉⲧⲉⲕⲕⲗⲏⲥⲓⲁ"/>
		<feat xlink:href="#sSpan4130" value="ⲁⲩⲱ"/>
		<feat xlink:href="#sSpan4134" value="ⲛϥⲥⲉⲩϩⲡⲗⲁⲟⲥ"/>
		<feat xlink:href="#sSpan4148" value="ⲛϥϣⲁϫⲉ"/>
		<feat xlink:href="#sSpan4156" value="ⲛⲙⲙⲁⲩ"/>
		<feat xlink:href="#sSpan4162" value="ϩⲙⲡϣⲁϫⲉ"/>
		<feat xlink:href="#sSpan4171" value="ⲙⲡⲛⲟⲩⲧⲉ"/>
		<feat xlink:href="#sSpan4180" value="ϣⲁⲡⲣⲟⲩϩⲉ"/>
		<feat xlink:href="#sSpan4189" value="ⲁⲩⲱ"/>
		<feat xlink:href="#sSpan4194" value="ⲛⲉϣⲁⲩⲣⲧⲉⲩϣⲏ"/>
		<feat xlink:href="#sSpan4204" value="ⲙⲡⲥⲁⲃⲃⲁⲧⲟⲛ"/>
		<feat xlink:href="#sSpan4214" value="ⲉⲩⲉⲓⲣⲉ"/>
		<feat xlink:href="#sSpan4223" value="ⲛⲛⲉⲩⲥⲩⲛⲁⲝⲓⲥ"/>
		<feat xlink:href="#sSpan4233" value="ⲙⲛⲛⲉⲩϣⲗⲏⲗ"/>
		<feat xlink:href="#sSpan4242" value="ⲙⲛⲛⲉⲩⲯⲁⲗⲙⲟⲥ"/>
		<feat xlink:href="#sSpan4252" value="ⲉϥⲁϩⲉⲣⲁⲧϥ"/>
		<feat xlink:href="#sSpan4264" value="ϩⲓϫⲱⲟⲩ"/>
		<feat xlink:href="#sSpan4270" value="ϩⲛⲛⲗⲓⲧⲟⲩⲣⲅⲓⲁ"/>
		<feat xlink:href="#sSpan4280" value="ⲉⲧⲟⲩⲁⲁⲃ"/>
		<feat xlink:href="#sSpan4286" value="ⲁⲩⲱ"/>
		<feat xlink:href="#sSpan4293" value="ⲟⲛ"/>
		<feat xlink:href="#sSpan4297" value="ⲛϣⲁϥⲕⲁⲑⲏⲕⲉⲓ"/>
		<feat xlink:href="#sSpan4307" value="ⲙⲙⲟⲟⲩ"/>
		<feat xlink:href="#sSpan4313" value="ⲡⲉ"/>
		<feat xlink:href="#sSpan4318" value="ϣⲁϫⲡⲥⲟ"/>
		<feat xlink:href="#sSpan4324" value="ⲛⲧⲕⲩⲣⲓⲁⲕⲏ"/>
		<feat xlink:href="#sSpan4335" value="ⲛϥⲁⲛⲁⲭⲟⲣⲉⲓ"/>
		<feat xlink:href="#sSpan4343" value="ⲟⲛ"/>
		<feat xlink:href="#sSpan4347" value="ⲉⲡⲉϥⲙⲟⲛⲁⲥⲧⲏⲣⲓⲟⲛ"/>
		<feat xlink:href="#sSpan4358" value="ϣⲁⲡⲥⲁⲃⲃⲁⲧⲟⲛ"/>
		<feat xlink:href="#sSpan4368" value="ⲁϥⲕⲁⲑⲓⲥⲧⲁ"/>
		<feat xlink:href="#sSpan4381" value="ⲇⲉ"/>
		<feat xlink:href="#sSpan4385" value="ⲙⲡⲉⲡⲣⲉⲥⲃⲩⲧⲉⲣⲟⲥ"/>
		<feat xlink:href="#sSpan4396" value="ⲛⲧⲁⲩϫⲓⲧϥ"/>
		<feat xlink:href="#sSpan4408" value="ⲉⲁⲁϥ"/>
		<feat xlink:href="#sSpan4416" value="ⲛⲉⲡⲓⲥⲕⲟⲡⲟⲥ"/>
		<feat xlink:href="#sSpan4423" value="ⲉϩⲣⲁⲓ"/>
		<feat xlink:href="#sSpan4427" value="ⲉϫⲛⲧⲉⲕⲗⲟⲅⲓⲥⲧⲓⲁ"/>
		<feat xlink:href="#sSpan4436" value="ⲧⲏⲣⲥ"/>
		<feat xlink:href="#sSpan4442" value="ⲛⲧⲉⲕⲕⲗⲏⲥⲓⲁ"/>
		<feat xlink:href="#sSpan4452" value="ⲁⲩⲱ"/>
		<feat xlink:href="#sSpan4459" value="ⲛⲉϣⲁϥϯ"/>
		<feat xlink:href="#sSpan4469" value="ⲛⲛⲱⲡ"/>
		<feat xlink:href="#sSpan4478" value="ⲛⲧⲉⲕⲕⲗⲏⲥⲓⲁ"/>
		<feat xlink:href="#sSpan4488" value="ⲛⲟⲩⲥⲟⲡ"/>
		<feat xlink:href="#sSpan4498" value="ⲧⲉⲣⲟⲙⲡⲉ"/>
		<feat xlink:href="#sSpan4504" value="ⲁⲩⲱ"/>
		<feat xlink:href="#sSpan4508" value="ⲡⲉϣⲁϥⲥⲉⲉⲡⲉ"/>
		<feat xlink:href="#sSpan4519" value="ⲧⲏⲣϥ"/>
		<feat xlink:href="#sSpan4525" value="ⲉⲡⲁⲛϩⲟⲗⲟⲙⲁ"/>
		<feat xlink:href="#sSpan4534" value="ⲛⲧⲉⲕⲕⲗⲏⲥⲓⲁ"/>
		<feat xlink:href="#sSpan4544" value="ⲛⲉϣⲁϥϫⲟⲟϥ"/>
		<feat xlink:href="#sSpan4556" value="ⲉⲃⲟⲗ"/>
		<feat xlink:href="#sSpan4560" value="ⲉⲛϩⲏⲕⲉ"/>
		<feat xlink:href="#sSpan4569" value="ⲛⲧⲡⲟⲗⲓⲥ"/>
		<feat xlink:href="#sSpan4579" value="ⲙⲛⲛⲉⲧϩⲏⲛ"/>
		<feat xlink:href="#sSpan4590" value="ⲉⲣⲟϥ"/>
		<feat xlink:href="#sSpan4597" value="ϩⲱⲥⲧⲉ"/>
		<feat xlink:href="#sSpan4601" value="ⲛⲥⲉⲣⲡⲱⲃϣ"/>
		<feat xlink:href="#sSpan4614" value="ⲙⲡϩⲓⲥⲉ"/>
		<feat xlink:href="#sSpan4623" value="ⲛⲧⲉⲩⲙⲛⲧϩⲏⲕⲉ"/>
		<feat xlink:href="#sSpan4634" value="ⲉⲧⲃⲏⲏⲧϥ"/>
		<feat xlink:href="#sSpan4641" value="ⲕⲁⲓ"/>
		<feat xlink:href="#sSpan4649" value="ⲅⲁⲣ"/>
		<feat xlink:href="#sSpan4653" value="ⲛⲉⲣⲉⲛⲕⲉⲁⲣⲭⲱⲛ"/>
		<feat xlink:href="#sSpan4666" value="ϯ"/>
		<feat xlink:href="#sSpan4671" value="ⲛⲧⲟⲟⲧϥ"/>
		<feat xlink:href="#sSpan4677" value="ⲡⲉ"/>
		<feat xlink:href="#sSpan4681" value="ⲙⲡⲃⲟⲗ"/>
		<feat xlink:href="#sSpan4690" value="ⲛⲛⲕⲁ"/>
		<feat xlink:href="#sSpan4697" value="ⲛⲧⲉⲕⲕⲗⲏⲥⲓⲁ"/>
		<feat xlink:href="#sSpan4707" value="ⲁⲩⲱ"/>
		<feat xlink:href="#sSpan4714" value="ⲛⲉⲩϯ"/>
		<feat xlink:href="#sSpan4722" value="ⲛⲁϥ"/>
		<feat xlink:href="#sSpan4728" value="ⲛϩⲉⲛⲉⲣⲏⲧ"/>
		<feat xlink:href="#sSpan4736" value="ⲙⲛϩⲉⲛⲇⲱⲣⲟⲛ"/>
		<feat xlink:href="#sSpan4746" value="ⲁⲩⲱ"/>
		<feat xlink:href="#sSpan4753" value="ⲛⲉϥⲡⲱϣ"/>
		<feat xlink:href="#sSpan4761" value="ⲙⲙⲟⲟⲩ"/>
		<feat xlink:href="#sSpan4767" value="ⲡⲉ"/>
		<feat xlink:href="#sSpan4771" value="ⲉϫⲛⲟⲩⲟⲛ"/>
		<feat xlink:href="#sSpan4779" value="ⲛⲓⲙ"/>
		<feat xlink:href="#sSpan4784" value="ⲕⲁⲧⲁⲑⲉ"/>
		<feat xlink:href="#sSpan4792" value="ⲉⲧⲉⲣⲉⲡⲟⲩⲁⲡⲟⲩⲁ"/>
		<feat xlink:href="#sSpan4800" value="ⲣⲭⲣⲓⲁ"/>
		<feat xlink:href="#sSpan4806" value="ⲙⲙⲟⲟⲩ"/>
		<feat xlink:href="#sSpan4813" value="ⲡⲥⲁⲃⲃⲁⲧⲟⲛ"/>
		<feat xlink:href="#sSpan4824" value="ⲇⲉ"/>
		<feat xlink:href="#sSpan4828" value="ⲛⲉϣⲁϥⲁⲁϥ"/>
		<feat xlink:href="#sSpan4840" value="ⲡⲉ"/>
		<feat xlink:href="#sSpan4845" value="ϩⲛ..."/>
		<feat xlink:href="#sSpan4850" value="ⲛⲉⲧϣⲁⲁⲧ"/>
		<feat xlink:href="#sSpan4859" value="ⲇⲉ"/>
		<feat xlink:href="#sSpan4863" value="ⲙⲛⲛⲉⲧϫⲏⲩ"/>
		<feat xlink:href="#sSpan4874" value="ⲛϭⲟⲛⲥ"/>
		<feat xlink:href="#sSpan4881" value="ⲛⲉϣⲁϥⲣⲱϣⲉ"/>
		<feat xlink:href="#sSpan4892" value="ⲉⲛⲉⲩⲭⲣⲓⲁ"/>
		<feat xlink:href="#sSpan4902" value="ⲁⲩⲱ"/>
		<feat xlink:href="#sSpan4909" value="ⲛⲉϥⲙⲏⲛ"/>
		<feat xlink:href="#sSpan4917" value="ⲉⲃⲟⲗ"/>
		<feat xlink:href="#sSpan4921" value="ⲡⲉ"/>
		<feat xlink:href="#sSpan4925" value="ⲉϥⲧⲱⲟⲩⲛ"/>
		<feat xlink:href="#sSpan4934" value="ϩⲁⲧⲉⲩⲙⲛⲧϩⲣⲟⲩⲱ"/>
		<feat xlink:href="#sSpan4945" value="ϣⲁϫⲡⲯⲓⲧⲉ"/>
		<feat xlink:href="#sSpan4952" value="ϫⲓⲛⲛϫⲡⲯⲓⲧⲉ"/>
		<feat xlink:href="#sSpan4963" value="ⲉϩⲣⲁⲓ"/>
		<feat xlink:href="#sSpan4967" value="ϣⲁϥⲥⲣϥⲉ"/>
		<feat xlink:href="#sSpan4976" value="ⲉⲡⲉϣⲗⲏⲗ"/>
		<feat xlink:href="#sSpan4985" value="ⲉⲧⲟⲩⲁⲁⲃ"/>
		<feat xlink:href="#sSpan4991" value="ϣⲁⲡⲛⲁⲩ"/>
		<feat xlink:href="#sSpan5000" value="ⲛⲣⲟⲩϩⲉ"/>
		<feat xlink:href="#sSpan5006" value="ⲛϥⲥⲩⲛⲁⲅⲉ"/>
		<feat xlink:href="#sSpan5015" value="ⲙⲙⲟⲟⲩ"/>
		<feat xlink:href="#sSpan5021" value="ⲛϥⲉⲓ"/>
		<feat xlink:href="#sSpan5030" value="ⲉⲃⲟⲗ"/>
		<feat xlink:href="#sSpan5034" value="...ⲟⲛ"/>
		<feat xlink:href="#sSpan5040" value="ⲛϥϩⲩⲡⲟⲙⲓⲛⲉ"/>
		<feat xlink:href="#sSpan5049" value="ⲉⲡⲟⲩϣⲏⲛⲣⲟⲉⲓⲥ"/>
		<feat xlink:href="#sSpan5058" value="ϣⲁⲡⲛⲁⲩ"/>
		<feat xlink:href="#sSpan5067" value="ⲛϣⲱⲣⲡ"/>
		<feat xlink:href="#sSpan5073" value="ⲛⲉⲙⲉⲣⲉ"/>
		<feat xlink:href="#sSpan5080" value="ⲗⲁⲁⲩ"/>
		<feat xlink:href="#sSpan5085" value="ⲇⲉ"/>
		<feat xlink:href="#sSpan5090" value="ⲛⲥϩⲓⲙⲉ"/>
		<feat xlink:href="#sSpan5097" value="ⲧⲟⲗⲙⲁ"/>
		<feat xlink:href="#sSpan5101" value="ⲉϩⲱⲛ"/>
		<feat xlink:href="#sSpan5107" value="ⲉϩⲟⲩⲛ"/>
		<feat xlink:href="#sSpan5111" value="ⲉⲣⲟϥ"/>
		<feat xlink:href="#sSpan5117" value="ⲉϫⲓ"/>
		<feat xlink:href="#sSpan5124" value="ⲉⲣⲉⲗⲁⲁⲩ"/>
		<feat xlink:href="#sSpan5133" value="ⲛⲛⲟⲩⲃ"/>
		<feat xlink:href="#sSpan5140" value="ⲙⲙⲟⲥ"/>
		<feat xlink:href="#sSpan5147" value="ⲧⲁⲓ"/>
		<feat xlink:href="#sSpan5154" value="ⲧⲉ"/>
		<feat xlink:href="#sSpan5158" value="ⲑⲉ"/>
		<feat xlink:href="#sSpan5164" value="ⲛⲧⲁϥⲡⲁⲣⲁⲅⲅⲉⲓⲗⲉ"/>
		<feat xlink:href="#sSpan5175" value="ⲉⲧⲙⲧⲣⲉⲗⲁⲁⲩ"/>
		<feat xlink:href="#sSpan5186" value="ⲛⲥϩⲓⲙⲉ"/>
		<feat xlink:href="#sSpan5192" value="ϩⲱⲛ"/>
		<feat xlink:href="#sSpan5196" value="ⲉϩⲟⲩⲛ"/>
		<feat xlink:href="#sSpan5200" value="ⲉⲣⲟϥ"/>
		<feat xlink:href="#sSpan5206" value="ⲉϫⲓ"/>
		<feat xlink:href="#sSpan5212" value="ⲉⲃⲟⲗ"/>
		<feat xlink:href="#sSpan5216" value="ϩⲙⲡⲥⲱⲙⲁ"/>
		<feat xlink:href="#sSpan5226" value="ⲙⲛⲡⲉⲥⲛⲟϥ"/>
		<feat xlink:href="#sSpan5235" value="ⲙⲡⲉⲭⲣⲓⲥⲧⲟⲥ"/>
		<feat xlink:href="#sSpan5245" value="ⲉⲣⲉⲗⲁⲁⲩ"/>
		<feat xlink:href="#sSpan5252" value="ⲛⲛⲟⲩⲃ"/>
		<feat xlink:href="#sSpan5259" value="ⲙⲙⲟⲥ"/>
		<feat xlink:href="#sSpan5265" value="ⲉϥⲟⲩⲟⲛϩ"/>
		<feat xlink:href="#sSpan5273" value="ⲉⲃⲟⲗ"/>
		<feat xlink:href="#sSpan5278" value="ⲏ"/>
		<feat xlink:href="#sSpan5282" value="ⲗⲁⲁⲩ"/>
		<feat xlink:href="#sSpan5287" value="ⲛϩⲟⲓⲧⲉ"/>
		<feat xlink:href="#sSpan5294" value="ⲉϥⲟ"/>
		<feat xlink:href="#sSpan5302" value="ⲛⲁⲩⲁⲛ"/>
		<feat xlink:href="#sSpan5310" value="ⲉⲃⲟⲗϫⲉ"/>
		<feat xlink:href="#sSpan5316" value="ⲛⲉⲣⲉⲛⲇⲓⲁⲕⲱⲛ"/>
		<feat xlink:href="#sSpan5327" value="ⲡⲉ"/>
		<feat xlink:href="#sSpan5332" value="ⲣϩⲟⲧⲉ"/>
		<feat xlink:href="#sSpan5337" value="ϩⲏⲧϥ"/>
		<feat xlink:href="#sSpan5343" value="ⲁⲩⲱ"/>
		<feat xlink:href="#sSpan5350" value="ⲛⲉⲩⲁϩⲉⲣⲁⲧⲟⲩ"/>
		<feat xlink:href="#sSpan5361" value="ⲕⲁⲧⲁⲟⲣⲇⲓⲛⲟⲛ"/>
		<feat xlink:href="#sSpan5369" value="ⲕⲁⲧⲁⲣⲟ"/>
		<feat xlink:href="#sSpan5373" value="ⲉⲙⲉⲩⲕⲁ"/>
		<feat xlink:href="#sSpan5384" value="ⲗⲁⲁⲩ"/>
		<feat xlink:href="#sSpan5388" value="ⲉⲃⲱⲕ"/>
		<feat xlink:href="#sSpan5395" value="ⲉϩⲟⲩⲛ"/>
		<feat xlink:href="#sSpan5400" value="ⲉⲓⲙⲏⲧⲉⲓ"/>
		<feat xlink:href="#sSpan5404" value="ⲉⲛⲉⲧⲉⲣⲉⲧⲙⲛⲧⲥⲉⲙⲛⲟⲥ"/>
		<feat xlink:href="#sSpan5421" value="ⲧⲟ"/>
		<feat xlink:href="#sSpan5425" value="ϩⲓⲱⲟⲩ"/>
		<feat xlink:href="#sSpan5431" value="ⲉⲧⲉⲡⲁⲓ"/>
		<feat xlink:href="#sSpan5441" value="ⲡⲉ"/>
		<feat xlink:href="#sSpan5445" value="ϩⲱⲃⲥ"/>
		<feat xlink:href="#sSpan5449" value="ⲙⲡⲉⲩϩⲟ"/>
		<feat xlink:href="#sSpan5458" value="ⲙⲛⲛⲉⲩϭⲓϫ"/>
		<feat xlink:href="#sSpan5467" value="ⲁⲩⲱ"/>
		<feat xlink:href="#sSpan5471" value="ⲛⲕⲉϩⲟⲓⲧⲉ"/>
		<feat xlink:href="#sSpan5480" value="ⲉⲧⲧⲟ"/>
		<feat xlink:href="#sSpan5489" value="ϩⲓⲱⲟⲩ"/>
		<feat xlink:href="#sSpan5495" value="ⲛⲉ"/>
		<feat xlink:href="#sSpan5499" value="ϩⲉⲛⲉⲃⲟⲗ"/>
		<feat xlink:href="#sSpan5506" value="ⲁⲛ"/>
		<feat xlink:href="#sSpan5510" value="ⲛⲉ"/>
		<feat xlink:href="#sSpan5514" value="ϩⲛⲟⲩϫⲱϭⲉ"/>
		<feat xlink:href="#sSpan5522" value="ⲛⲣⲉϥϫⲉϭⲥⲟⲣⲧ"/>
		<feat xlink:href="#sSpan5531" value="ⲁⲩⲱ"/>
		<feat xlink:href="#sSpan5538" value="ⲟⲛ"/>
		<feat xlink:href="#sSpan5542" value="ⲉⲣⲉⲡⲉⲩⲭⲣⲱⲙⲁ"/>
		<feat xlink:href="#sSpan5551" value="ⲡⲣⲉⲓⲱⲟⲩ"/>
		<feat xlink:href="#sSpan5557" value="ⲉⲩⲟ"/>
		<feat xlink:href="#sSpan5565" value="ⲛⲗⲁⲙⲡⲣⲟⲛ"/>
		<feat xlink:href="#sSpan5573" value="ⲛⲇⲓⲁⲕⲟⲛⲟⲥ"/>
		<feat xlink:href="#sSpan5584" value="ⲟⲛ"/>
		<feat xlink:href="#sSpan5588" value="ϩⲟⲙⲟⲓⲱⲥ"/>
		<feat xlink:href="#sSpan5592" value="ⲛⲉⲁⲩⲟⲩⲁϩⲟⲩ"/>
		<feat xlink:href="#sSpan5604" value="ⲡⲉ"/>
		<feat xlink:href="#sSpan5608" value="ⲛⲥⲁⲧⲉϥⲑⲉ"/>
		<feat xlink:href="#sSpan5617" value="ⲉⲙⲛⲗⲁⲁⲩ"/>
		<feat xlink:href="#sSpan5626" value="ⲛϩⲏⲧⲟⲩ"/>
		<feat xlink:href="#sSpan5634" value="ⲣϩⲱⲃ"/>
		<feat xlink:href="#sSpan5639" value="ⲛⲁⲇⲓⲕⲟⲛ"/>
		<feat xlink:href="#sSpan5648" value="ⲟⲩⲇⲉ"/>
		<feat xlink:href="#sSpan5652" value="ⲟⲛ"/>
		<feat xlink:href="#sSpan5656" value="ⲙⲉⲩϫⲓ"/>
		<feat xlink:href="#sSpan5665" value="ⲙⲏⲥⲉ"/>
		<feat xlink:href="#sSpan5671" value="ⲛⲁⲓ"/>
		<feat xlink:href="#sSpan5677" value="ⲇⲉ"/>
		<feat xlink:href="#sSpan5681" value="ⲙⲁⲩⲁⲁϥ"/>
		<feat xlink:href="#sSpan5687" value="ⲁⲛ"/>
		<feat xlink:href="#sSpan5692" value="ⲁⲗⲗⲁ"/>
		<feat xlink:href="#sSpan5697" value="ⲟⲩⲙⲏⲏϣⲉ"/>
		<feat xlink:href="#sSpan5703" value="ⲟⲛ"/>
		<feat xlink:href="#sSpan5707" value="ⲁⲩⲕⲁⲧⲟⲟⲧⲟⲩ"/>
		<feat xlink:href="#sSpan5719" value="ⲉⲃⲟⲗ"/>
		<feat xlink:href="#sSpan5723" value="ⲛⲧⲙⲛⲧⲣⲉϥϫⲓⲙⲏⲥⲉ"/>
		<feat xlink:href="#sSpan5735" value="ⲉⲩⲕⲱϩ"/>
		<feat xlink:href="#sSpan5743" value="ⲁⲩⲱ"/>
		<feat xlink:href="#sSpan5747" value="ⲉⲩⲉⲓⲣⲉ"/>
		<feat xlink:href="#sSpan5757" value="ⲛⲧⲡⲟⲗⲓⲧⲓⲁ"/>
		<feat xlink:href="#sSpan5766" value="ⲙⲡⲱⲛϩ"/>
		<feat xlink:href="#sSpan5776" value="ⲛⲉϩⲓⲟⲙⲉ"/>
		<feat xlink:href="#sSpan5785" value="ⲟⲛ"/>
		<feat xlink:href="#sSpan5789" value="ⲛⲉⲁⲩⲕⲱϩ"/>
		<feat xlink:href="#sSpan5799" value="ⲡⲉ"/>
		<feat xlink:href="#sSpan5803" value="ⲉⲧⲙⲛⲧϩⲁⲕ"/>
		<feat xlink:href="#sSpan5814" value="ⲉⲙⲛⲗⲁⲁⲩ"/>
		<feat xlink:href="#sSpan5823" value="ⲛϩⲏⲧⲟⲩ"/>
		<feat xlink:href="#sSpan5829" value="ϯⲛⲟⲩϭⲥ"/>
		<feat xlink:href="#sSpan5835" value="ⲙⲡϣⲙϣⲉ"/>
		<feat xlink:href="#sSpan5843" value="ⲛⲙⲙⲁ"/>
		<feat xlink:href="#sSpan5852" value="ⲉⲧⲟⲩⲁⲁⲃ"/>
		<feat xlink:href="#sSpan5859" value="ϩⲱⲥⲧⲉ"/>
		<feat xlink:href="#sSpan5866" value="ⲛⲥⲉϫⲟⲟⲥ"/>
		<feat xlink:href="#sSpan5876" value="ⲉⲧⲡⲟⲗⲓⲥ"/>
		<feat xlink:href="#sSpan5886" value="ⲧⲏⲣⲥ"/>
		<feat xlink:href="#sSpan5892" value="ϩⲛⲛⲉϩⲟⲟⲩ"/>
		<feat xlink:href="#sSpan5901" value="ⲉⲧⲙⲙⲁⲩ"/>
		<feat xlink:href="#sSpan5907" value="ϫⲉⲛⲁⲓ"/>
		<feat xlink:href="#sSpan5914" value="ⲛⲁⲙⲉ"/>
		<feat xlink:href="#sSpan5918" value="ⲛⲉ"/>
		<feat xlink:href="#sSpan5922" value="ⲡⲗⲁⲟⲥ"/>
		<feat xlink:href="#sSpan5930" value="ⲙⲡϫⲟⲉⲓⲥ"/>
		<feat xlink:href="#sSpan5940" value="ⲕⲁⲓ"/>
		<feat xlink:href="#sSpan5948" value="ⲅⲁⲣ"/>
		<feat xlink:href="#sSpan5952" value="ⲛⲉϣⲁϥϫⲟⲟⲥ"/>
		<feat xlink:href="#sSpan5964" value="ⲉⲣⲟⲟⲩ"/>
		<feat xlink:href="#sSpan5970" value="ⲡⲉ"/>
		<feat xlink:href="#sSpan5974" value="ⲛϩⲁϩ"/>
		<feat xlink:href="#sSpan5981" value="ⲛⲥⲟⲡ"/>
		<feat xlink:href="#sSpan5987" value="ⲛⲧⲕⲁⲧⲏⲭⲉⲥⲓⲥ"/>
		<feat xlink:href="#sSpan5996" value="ⲉϥϫⲱ"/>
		<feat xlink:href="#sSpan6004" value="ⲙⲙⲟⲥ"/>
		<feat xlink:href="#sSpan6010" value="ϫⲉⲙⲉⲣⲉⲡⲁϩⲏⲧ"/>
		<feat xlink:href="#sSpan6021" value="ⲙⲕⲁϩ"/>
		<feat xlink:href="#sSpan6025" value="ϩⲁⲛⲉⲛⲧⲁⲩ"/>
		<feat xlink:href="#sSpan6036" value="ϫⲓⲧⲟⲩ"/>
		<feat xlink:href="#sSpan6042" value="ⲛϭⲟⲛⲥ"/>
		<feat xlink:href="#sSpan6049" value="ⲛⲑⲉ"/>
		<feat xlink:href="#sSpan6057" value="ⲛⲛⲉⲧϫⲓ"/>
		<feat xlink:href="#sSpan6068" value="ⲛϭⲟⲛⲥ"/>
		<feat xlink:href="#sSpan6076" value="ⲛⲉⲛⲧⲁⲩϫⲓⲧⲟⲩ"/>
		<feat xlink:href="#sSpan6094" value="ⲅⲁⲣ"/>
		<feat xlink:href="#sSpan6098" value="ⲛϭⲟⲛⲥ"/>
		<feat xlink:href="#sSpan6105" value="ⲉⲩⲟⲩⲱϣⲥ"/>
		<feat xlink:href="#sSpan6113" value="ⲛⲁⲩ"/>
		<feat xlink:href="#sSpan6119" value="ⲉⲃⲟⲗ"/>
		<feat xlink:href="#sSpan6123" value="ⲛⲧⲙⲛⲧⲉⲣⲟ"/>
		<feat xlink:href="#sSpan6134" value="ⲛⲙⲡⲏⲩⲉ"/>
		<feat xlink:href="#sSpan6143" value="ⲛⲣⲉϥϫⲓⲛϭⲟⲛⲥ"/>
		<feat xlink:href="#sSpan6158" value="ⲇⲉ"/>
		<feat xlink:href="#sSpan6162" value="ⲉⲩϥⲱϭⲉ"/>
		<feat xlink:href="#sSpan6170" value="ⲙⲙⲟⲟⲩ"/>
		<feat xlink:href="#sSpan6176" value="ⲙⲁⲩⲁⲁⲩ"/>
		<feat xlink:href="#sSpan6182" value="ⲙⲙⲟⲥ"/>
		<feat xlink:href="#sSpan6188" value="ⲁⲩⲱ"/>
		<feat xlink:href="#sSpan6192" value="ⲉⲩⲟⲩⲱϣⲥ"/>
		<feat xlink:href="#sSpan6200" value="ⲛⲁⲩ"/>
		<feat xlink:href="#sSpan6206" value="ⲉⲃⲟⲗ"/>
		<feat xlink:href="#sSpan6210" value="ⲙⲡⲧⲁⲕⲟ"/>
		<feat xlink:href="#sSpan6219" value="ϣⲁⲥϣⲱⲡⲉ"/>
		<feat xlink:href="#sSpan6231" value="ⲇⲉ"/>
		<feat xlink:href="#sSpan6235" value="ⲟⲛ"/>
		<feat xlink:href="#sSpan6239" value="ⲛϩⲁϩ"/>
		<feat xlink:href="#sSpan6246" value="ⲛⲥⲟⲡ"/>
		<feat xlink:href="#sSpan6252" value="ⲛϥⲱⲛϣ"/>
		<feat xlink:href="#sSpan6261" value="ⲉⲃⲟⲗ"/>
		<feat xlink:href="#sSpan6265" value="ⲁⲩⲱ"/>
		<feat xlink:href="#sSpan6269" value="ⲛⲉϣⲁⲩϫⲱ"/>
		<feat xlink:href="#sSpan6279" value="ⲉⲣⲟϥ"/>
		<feat xlink:href="#sSpan6285" value="ⲡⲉ"/>
		<feat xlink:href="#sSpan6289" value="ⲛⲛⲉⲧϣⲟⲟⲡ"/>
		<feat xlink:href="#sSpan6300" value="ϩⲛⲧⲡⲟⲗⲓⲥ"/>
		<feat xlink:href="#sSpan6310" value="ⲁⲩⲱ"/>
		<feat xlink:href="#sSpan6317" value="ⲛⲉϣⲁϥⲧⲁⲙⲉⲡⲗⲁⲟⲥ"/>
		<feat xlink:href="#sSpan6333" value="ⲡⲉ"/>
		<feat xlink:href="#sSpan6337" value="ⲉⲧⲣⲉⲩⲙⲉⲧⲁⲛⲟⲉⲓ"/>
		<feat xlink:href="#sSpan6348" value="ⲁⲩⲱ"/>
		<feat xlink:href="#sSpan6352" value="ⲛϥⲕⲱⲗⲩⲉ"/>
		<feat xlink:href="#sSpan6361" value="ⲛⲧⲟⲣⲅⲏ"/>
		<feat xlink:href="#sSpan6371" value="ⲉⲧⲙⲧⲁϩⲟⲟⲩ"/>
		<feat xlink:href="#sSpan6382" value="ⲕⲁⲛ"/>
		<feat xlink:href="#sSpan6389" value="ⲉⲣϣⲁⲛⲡⲉⲧⲯⲁⲗⲗⲉⲓ"/>
		<feat xlink:href="#sSpan6402" value="ϣⲱϥⲧⲛⲟⲩⲗⲉⲝⲓⲥ"/>
		<feat xlink:href="#sSpan6413" value="ⲏ"/>
		<feat xlink:href="#sSpan6417" value="ⲛϥⲡⲟⲟⲛⲉⲥ"/>
		<feat xlink:href="#sSpan6427" value="ⲛⲉϣⲁϥⲕⲱⲗⲩⲉ"/>
		<feat xlink:href="#sSpan6438" value="ⲡⲉ"/>
		<feat xlink:href="#sSpan6442" value="ⲉⲧⲙϯ"/>
		<feat xlink:href="#sSpan6450" value="ⲛⲗⲁⲁⲩ"/>
		<feat xlink:href="#sSpan6457" value="ϣⲁⲛⲧϥϫⲟⲟⲩ"/>
		<feat xlink:href="#sSpan6465" value="ⲉⲃⲟⲗ"/>
		<feat xlink:href="#sSpan6469" value="ⲛϥⲇⲓⲟⲣⲑⲟⲩ"/>
		<feat xlink:href="#sSpan6477" value="ⲙⲡⲉⲯⲁⲗⲙⲟⲥ"/>
		<feat xlink:href="#sSpan6487" value="ⲁⲩⲱ"/>
		<feat xlink:href="#sSpan6494" value="ⲛⲉϣⲁϥϫⲟⲟⲥ"/>
		<feat xlink:href="#sSpan6506" value="ⲉϥⲣⲓⲙⲉ"/>
		<feat xlink:href="#sSpan6514" value="ⲉϥϫⲱ"/>
		<feat xlink:href="#sSpan6522" value="ⲙⲙⲟⲥ"/>
		<feat xlink:href="#sSpan6528" value="ϫⲉⲛⲉⲓϣⲁϫⲉ"/>
		<feat xlink:href="#sSpan6538" value="ⲛⲁⲟⲩⲣⲱⲙⲉ"/>
		<feat xlink:href="#sSpan6547" value="ⲛⲣⲣⲟ"/>
		<feat xlink:href="#sSpan6553" value="ⲛⲉ"/>
		<feat xlink:href="#sSpan6557" value="ⲁϥϫⲟⲟⲩ"/>
		<feat xlink:href="#sSpan6565" value="ϩⲛϩⲉⲛⲛⲏⲥⲧⲓⲁ"/>
		<feat xlink:href="#sSpan6575" value="ⲙⲛⲟⲩϭⲟⲟⲩⲛⲉ"/>
		<feat xlink:href="#sSpan6584" value="ⲁⲛⲟⲛ"/>
		<feat xlink:href="#sSpan6592" value="ⲇⲉ"/>
		<feat xlink:href="#sSpan6596" value="ϩⲛⲟⲩⲙⲛⲧⲁⲧⲃⲟⲧⲉ"/>
		<feat xlink:href="#sSpan6608" value="ⲛⲧⲛϯⲛϩⲧⲏⲛ"/>
		<feat xlink:href="#sSpan6623" value="ⲁⲛ"/>
		<feat xlink:href="#sSpan6627" value="ⲉⲣⲟⲟⲩ"/>
		<feat xlink:href="#sSpan6633" value="ⲁⲩⲱ"/>
		<feat xlink:href="#sSpan6641" value="ⲁⲥϣⲱⲡⲉ"/>
		<feat xlink:href="#sSpan6649" value="ⲛⲧⲉⲣⲉϥϫⲱⲕ"/>
		<feat xlink:href="#sSpan6657" value="ⲉⲃⲟⲗ"/>
		<feat xlink:href="#sSpan6661" value="ⲙⲡⲉϥⲃⲓⲟⲥ"/>
		<feat xlink:href="#sSpan6671" value="ⲁⲛⲉⲥⲛⲏⲩ"/>
		<feat xlink:href="#sSpan6680" value="ϯ"/>
		<feat xlink:href="#sSpan6684" value="ⲙⲡⲉⲩⲟⲩⲟⲓ"/>
		<feat xlink:href="#sSpan6692" value="ⲉⲣⲟϥ"/>
		<feat xlink:href="#sSpan6698" value="ⲉϥⲛⲁⲙⲟⲩ"/>
		<feat xlink:href="#sSpan6709" value="ϩⲱⲥ"/>
		<feat xlink:href="#sSpan6713" value="ⲉⲩⲑⲁⲣⲣⲉⲓ"/>
		<feat xlink:href="#sSpan6721" value="ⲛⲧⲕⲁⲧⲟⲣⲑⲱⲉⲓ"/>
		<feat xlink:href="#sSpan6730" value="ⲙⲡⲉϥⲗⲁⲟⲥ"/>
		<feat xlink:href="#sSpan6740" value="ⲙⲛⲧⲙⲛⲧⲕⲁⲑⲁⲣⲟⲥ"/>
		<feat xlink:href="#sSpan6752" value="ⲛⲧⲉϥⲉⲡⲓⲥⲕⲟⲡⲏ"/>
		<feat xlink:href="#sSpan6763" value="ⲛⲧⲁⲩⲣⲙⲛⲧⲣⲉ"/>
		<feat xlink:href="#sSpan6775" value="ⲙⲙⲟⲥ"/>
		<feat xlink:href="#sSpan6781" value="ⲁⲩⲱ"/>
		<feat xlink:href="#sSpan6785" value="ⲡⲉϫⲁⲩ"/>
		<feat xlink:href="#sSpan6791" value="ⲛⲁϥ"/>
		<feat xlink:href="#sSpan6797" value="ϫⲉⲡⲉⲛⲉⲓⲱⲧ"/>
		<feat xlink:href="#sSpan6806" value="ⲧⲁⲩⲉⲟⲩϣⲁϫⲉ"/>
		<feat xlink:href="#sSpan6815" value="ⲉⲣⲟⲛ"/>
		<feat xlink:href="#sSpan6821" value="ⲙⲡⲁⲧⲕⲃⲱⲕ"/>
		<feat xlink:href="#sSpan6830" value="ⲉⲃⲟⲗ"/>
		<feat xlink:href="#sSpan6834" value="ϩⲓⲧⲟⲟⲧⲛ"/>
		<feat xlink:href="#sSpan6840" value="ⲛⲧⲟϥ"/>
		<feat xlink:href="#sSpan6848" value="ⲇⲉ"/>
		<feat xlink:href="#sSpan6852" value="ⲁϥϣⲁϫⲉ"/>
		<feat xlink:href="#sSpan6860" value="ⲛⲙⲙⲁⲩ"/>
		<feat xlink:href="#sSpan6866" value="ⲉϥϫⲱ"/>
		<feat xlink:href="#sSpan6874" value="ⲙⲙⲟⲥ"/>
		<feat xlink:href="#sSpan6880" value="ϫⲉⲁⲛⲟⲕ"/>
		<feat xlink:href="#sSpan6886" value="ⲟⲩϩⲱⲃ"/>
		<feat xlink:href="#sSpan6893" value="ⲛⲟⲩⲱⲧ"/>
		<feat xlink:href="#sSpan6899" value="ⲡⲉϯϩⲱⲛ"/>
		<feat xlink:href="#sSpan6908" value="ⲙⲙⲟϥ"/>
		<feat xlink:href="#sSpan6914" value="ⲉⲧⲟⲧⲧⲏⲩⲧⲛ"/>
		<feat xlink:href="#sSpan6920" value="ⲉⲧⲙⲧⲣⲉⲗⲁⲁⲩ"/>
		<feat xlink:href="#sSpan6931" value="ⲙⲙⲱⲧⲛ"/>
		<feat xlink:href="#sSpan6938" value="ⲉⲡⲓⲑⲩⲙⲉⲓ"/>
		<feat xlink:href="#sSpan6942" value="ⲉⲗⲁⲁⲩ"/>
		<feat xlink:href="#sSpan6949" value="ⲙⲙⲛⲧⲛⲟϭ"/>
		<feat xlink:href="#sSpan6959" value="ⲕⲁⲓⲅⲁⲣ"/>
		<feat xlink:href="#sSpan6969" value="ⲁⲛⲟⲕ"/>
		<feat xlink:href="#sSpan6973" value="ⲙⲛⲛⲥⲁⲑⲉ"/>
		<feat xlink:href="#sSpan6984" value="ⲛⲧⲁⲓⲡⲱⲧ"/>
		<feat xlink:href="#sSpan6994" value="ⲙⲙⲟⲥ"/>
		<feat xlink:href="#sSpan7001" value="ⲙⲟⲅⲓⲥ"/>
		<feat xlink:href="#sSpan7005" value="ⲉⲁⲓⲉϣϭⲙϭⲟⲙ"/>
		<feat xlink:href="#sSpan7016" value="ⲉϩⲁⲣⲉϩ"/>
		<feat xlink:href="#sSpan7022" value="ⲉⲛⲉⲛⲧⲁⲓϫⲡⲟⲟⲩ"/>
		<feat xlink:href="#sSpan7035" value="ϩⲛⲧⲙⲛⲧⲙⲟⲛⲁⲭⲟⲥ"/>
		<feat xlink:href="#sSpan7050" value="ⲧⲙⲛⲧⲉⲡⲓⲥⲕⲟⲡⲟⲥ"/>
		<feat xlink:href="#sSpan7063" value="ⲇⲉ"/>
		<feat xlink:href="#sSpan7067" value="ⲛϯⲙⲉⲉⲩⲉ"/>
		<feat xlink:href="#sSpan7075" value="ⲁⲛ"/>
		<feat xlink:href="#sSpan7079" value="ϫⲉⲁⲓϯϩⲏⲩ"/>
		<feat xlink:href="#sSpan7091" value="ⲙⲙⲟⲥ"/>
		<feat xlink:href="#sSpan7097" value="ϩⲛⲗⲁⲁⲩ"/>
		<feat xlink:href="#sSpan7104" value="ⲛϩⲱⲃ"/>
		<feat xlink:href="#sSpan7110" value="ⲁⲩⲱ"/>
		<feat xlink:href="#sSpan7114" value="ⲟⲛ"/>
		<feat xlink:href="#sSpan7119" value="ⲙⲟⲅⲓⲥ"/>
		<feat xlink:href="#sSpan7123" value="ⲁⲓϭⲙϭⲟⲙ"/>
		<feat xlink:href="#sSpan7131" value="ⲉϩⲁⲣⲉϩ"/>
		<feat xlink:href="#sSpan7137" value="ⲉⲣⲟⲓ"/>
		<feat xlink:href="#sSpan7143" value="ⲉⲑⲉ"/>
		<feat xlink:href="#sSpan7152" value="ⲉϯⲟ"/>
		<feat xlink:href="#sSpan7160" value="ⲙⲙⲟⲥ"/>
		<feat xlink:href="#sSpan7166" value="ⲛϣⲟⲣⲡ"/>
		<feat xlink:href="#sSpan7172" value="ⲁⲩⲱ"/>
		<feat xlink:href="#sSpan7179" value="ⲛⲧⲟϥ"/>
		<feat xlink:href="#sSpan7183" value="ⲉϥϣⲁⲛⲛⲟⲩⲉ"/>
		<feat xlink:href="#sSpan7189" value="ⲉⲡⲱϣⲛ"/>
		<feat xlink:href="#sSpan7195" value="ⲛⲟⲩⲇⲓⲁⲕⲟⲛⲟⲥ"/>
		<feat xlink:href="#sSpan7206" value="ⲙⲉϥⲭⲉⲓⲣⲟⲇⲟⲛⲉⲓ"/>
		<feat xlink:href="#sSpan7214" value="ⲙⲙⲟϥ"/>
		<feat xlink:href="#sSpan7220" value="ⲛϣⲟⲣⲡ"/>
		<feat xlink:href="#sSpan7227" value="ⲉⲓⲙⲏⲧⲉⲓ"/>
		<feat xlink:href="#sSpan7231" value="ⲛϥⲁⲡⲟⲥⲧⲏⲑⲓⲍⲉ"/>
		<feat xlink:href="#sSpan7240" value="ⲛϫⲟⲩⲧⲏ"/>
		<feat xlink:href="#sSpan7247" value="ⲙⲯⲁⲗⲙⲟⲥ"/>
		<feat xlink:href="#sSpan7254" value="ⲁⲩⲱ"/>
		<feat xlink:href="#sSpan7259" value="ⲉⲡⲓⲥⲧⲟⲗⲏ"/>
		<feat xlink:href="#sSpan7264" value="ⲥⲛⲧⲉ"/>
		<feat xlink:href="#sSpan7268" value="ⲛⲁⲡⲟⲥⲧⲟⲗⲟⲥ"/>
		<feat xlink:href="#sSpan7276" value="ⲁⲩⲱ"/>
		<feat xlink:href="#sSpan7280" value="ⲟⲩⲙⲉⲣⲟⲥ"/>
		<feat xlink:href="#sSpan7288" value="ⲛⲉⲩⲁⲅⲅⲉⲗⲓⲟⲛ"/>
		<feat xlink:href="#sSpan7296" value="ⲉϣⲱⲡⲉ"/>
		<feat xlink:href="#sSpan7304" value="ⲇⲉ"/>
		<feat xlink:href="#sSpan7310" value="ⲟⲩⲡⲣⲉⲥⲃⲩⲧⲉⲣⲟⲥ"/>
		<feat xlink:href="#sSpan7317" value="ⲡⲉ"/>
		<feat xlink:href="#sSpan7321" value="ⲟⲩⲙⲉⲣⲟⲥ"/>
		<feat xlink:href="#sSpan7329" value="ϩⲙⲡⲧⲉⲩⲧⲉⲣⲟⲛⲟⲙⲓⲟⲛ"/>
		<feat xlink:href="#sSpan7339" value="ⲙⲛⲟⲩⲙⲉⲣⲟⲥ"/>
		<feat xlink:href="#sSpan7349" value="ϩⲛⲙⲡⲁⲣϩⲟⲓⲙⲓⲁ"/>
		<feat xlink:href="#sSpan7359" value="ⲁⲩⲱ"/>
		<feat xlink:href="#sSpan7364" value="ⲕⲉⲙⲉⲣⲟⲥ"/>
		<feat xlink:href="#sSpan7371" value="ϩⲛⲏⲥⲁⲓⲁⲥ"/>
		<feat xlink:href="#sSpan7379" value="ⲁⲩⲱ"/>
		<feat xlink:href="#sSpan7386" value="ⲉⲧⲃⲉⲡⲛⲟⲙⲟⲥ"/>
		<feat xlink:href="#sSpan7396" value="ⲛⲧⲁϥⲁⲙⲁϩⲧⲉ"/>
		<feat xlink:href="#sSpan7406" value="ⲛϩⲏⲧϥ"/>
		<feat xlink:href="#sSpan7412" value="ⲛⲉ"/>
		<feat xlink:href="#sSpan7416" value="ⲙⲛϩⲁϩ"/>
		<feat xlink:href="#sSpan7423" value="ⲛⲣⲱⲙⲉ"/>
		<feat xlink:href="#sSpan7429" value="ⲡⲉ"/>
		<feat xlink:href="#sSpan7433" value="ϯ"/>
		<feat xlink:href="#sSpan7437" value="ⲙⲡⲉϥⲟⲩⲟⲓ"/>
		<feat xlink:href="#sSpan7445" value="ⲉϩⲟⲩⲛ"/>
		<feat xlink:href="#sSpan7449" value="ⲉϩⲱⲃ"/>
		<feat xlink:href="#sSpan7456" value="ⲛⲧⲉⲓⲙⲓⲛⲉ"/>
		<feat xlink:href="#sSpan7465" value="ⲉⲓⲙⲏⲧⲉⲓ"/>
		<feat xlink:href="#sSpan7469" value="ⲛⲥⲉⲥⲃⲧⲱⲧⲟⲩ"/>
		<feat xlink:href="#sSpan7479" value="ⲛϣⲟⲣⲡ"/>
		<feat xlink:href="#sSpan7485" value="ϩⲛⲱⲣϫ"/>
		<feat xlink:href="#sSpan7492" value="ⲛⲓⲙ"/>
		<feat xlink:href="#sSpan7497" value="ⲟⲩⲇⲉ"/>
		<feat xlink:href="#sSpan7501" value="ⲟⲛ"/>
		<feat xlink:href="#sSpan7505" value="ⲙⲡⲉϩⲱⲃ"/>
		<feat xlink:href="#sSpan7512" value="ϣⲱⲡⲉ"/>
		<feat xlink:href="#sSpan7516" value="ⲉⲡⲧⲏⲣϥ"/>
		<feat xlink:href="#sSpan7524" value="ⲛⲧⲉⲗⲁⲁⲩ"/>
		<feat xlink:href="#sSpan7531" value="ϫⲓϩⲟⲙⲛⲧ"/>
		<feat xlink:href="#sSpan7535" value="ⲉⲧⲃⲉϩⲱⲃ"/>
		<feat xlink:href="#sSpan7542" value="ⲛⲭⲓⲣⲟⲇⲟⲛⲓⲁ"/>
		<feat xlink:href="#sSpan7549" value="ϩⲛⲛⲉϥϩⲟⲟⲩ"/>
		<feat xlink:href="#sSpan7559" value="ⲁⲗⲗⲁ"/>
		<feat xlink:href="#sSpan7567" value="ϩⲟⲧⲁⲛ"/>
		<feat xlink:href="#sSpan7571" value="ⲉⲩϣⲁⲛⲥⲉⲧⲡⲟⲩⲁ"/>
		<feat xlink:href="#sSpan7584" value="ⲉⲃⲟⲗ"/>
		<feat xlink:href="#sSpan7588" value="ϩⲙⲡⲗⲁⲟⲥ"/>
		<feat xlink:href="#sSpan7598" value="ⲉⲡⲙⲁ"/>
		<feat xlink:href="#sSpan7607" value="ⲉⲧⲟⲩⲣⲭⲣⲓⲁ"/>
		<feat xlink:href="#sSpan7618" value="ⲙⲙⲟϥ"/>
		<feat xlink:href="#sSpan7624" value="ⲉⲙⲁⲩⲛⲉϣⲁϥⲧⲣⲉⲩϩⲙⲟⲟⲥ"/>
		<feat xlink:href="#sSpan7642" value="ⲛϣⲟⲣⲡ"/>
		<feat xlink:href="#sSpan7648" value="ϩⲛⲟⲩϩⲩⲡⲟⲙⲟⲛⲏ"/>
		<feat xlink:href="#sSpan7658" value="ⲛⲥⲉⲟⲩⲱⲛϩ"/>
		<feat xlink:href="#sSpan7667" value="ⲉⲃⲟⲗ"/>
		<feat xlink:href="#sSpan7671" value="ϫⲉⲥⲉⲙⲉ"/>
		<feat xlink:href="#sSpan7679" value="ⲙⲡϣⲁϫⲉ"/>
		<feat xlink:href="#sSpan7688" value="ⲙⲡⲛⲟⲩⲧⲉ"/>
		<feat xlink:href="#sSpan7697" value="ϫⲉⲕⲁⲥ"/>
		<feat xlink:href="#sSpan7701" value="ϩⲱⲟⲩ"/>
		<feat xlink:href="#sSpan7707" value="ⲟⲛ"/>
		<feat xlink:href="#sSpan7711" value="ⲉⲩⲛⲁⲕⲱⲧ"/>
		<feat xlink:href="#sSpan7721" value="ⲙⲡⲗⲁⲟⲥ"/>
		<feat xlink:href="#sSpan7731" value="ϩⲛⲧⲉⲓϩⲩⲡⲟⲙⲟⲛⲏ"/>
		<feat xlink:href="#sSpan7741" value="ⲛⲧⲉⲓⲙⲓⲛⲉ"/>
		<feat xlink:href="#sSpan7749" value="ⲁⲩⲱ"/>
		<feat xlink:href="#sSpan7754" value="ⲧⲁⲓ"/>
		<feat xlink:href="#sSpan7758" value="ⲧⲉ"/>
		<feat xlink:href="#sSpan7762" value="ⲑⲉ"/>
		<feat xlink:href="#sSpan7768" value="ⲛⲧⲁϥϫⲱⲕ"/>
		<feat xlink:href="#sSpan7778" value="ⲉⲃⲟⲗ"/>
		<feat xlink:href="#sSpan7782" value="ⲙⲡⲉϥⲃⲓⲟⲥ"/>
		<feat xlink:href="#sSpan7793" value="ⲕⲁⲗⲱⲥ"/>
		<feat xlink:href="#sSpan7798" value="ⲉⲁϥⲃⲱⲕ"/>
		<feat xlink:href="#sSpan7809" value="ⲉⲣⲁⲧϥ"/>
		<feat xlink:href="#sSpan7815" value="ⲙⲡⲛⲟⲩⲧⲉ"/>
		<feat xlink:href="#sSpan7824" value="ϩⲛⲟⲩⲉⲓⲣⲏⲛⲏ"/>
		<feat xlink:href="#sSpan7834" value="ϩⲛⲥⲟⲩϫⲟⲩⲧⲟⲩⲉ"/>
		<feat xlink:href="#sSpan7842" value="ⲛⲑⲟⲟⲩⲧ"/>
		<feat xlink:href="#sSpan7851" value="ϩⲙⲡⲉⲭⲣⲓⲥⲧⲟⲥ"/>
		<feat xlink:href="#sSpan7862" value="ⲓⲏⲥⲟⲩⲥ"/>
		<feat xlink:href="#sSpan7866" value="ⲡⲉⲛϫⲟⲉⲓⲥ"/>
		<feat xlink:href="#sSpan7872" value="ⲡⲁⲓ"/>
		<feat xlink:href="#sSpan7876" value="ⲉⲃⲟⲗ"/>
		<feat xlink:href="#sSpan7881" value="ϩⲓⲧⲟⲟⲧϥ"/>
		<feat xlink:href="#sSpan7887" value="ⲡⲉⲟⲟⲩ"/>
		<feat xlink:href="#sSpan7894" value="ⲙⲡⲛⲟⲩⲧⲉ"/>
		<feat xlink:href="#sSpan7903" value="ⲡⲉⲓⲱⲧ"/>
		<feat xlink:href="#sSpan7909" value="ⲛⲙⲙⲁϥ"/>
		<feat xlink:href="#sSpan7915" value="ⲙⲛⲡⲉⲡⲛⲉⲩⲙⲁ"/>
		<feat xlink:href="#sSpan7925" value="ⲉⲧⲟⲩⲁⲁⲃ"/>
		<feat xlink:href="#sSpan7931" value="ϣⲁⲉⲛⲉϩ"/>
		<feat xlink:href="#sSpan7938" value="ⲛⲉⲛⲉϩ"/>
		<feat xlink:href="#sSpan7945" value="ϩⲁⲙⲏⲛ"/></featList></paula>