<?xml version='1.0' encoding='UTF-8'?><!DOCTYPE paula SYSTEM "paula_feat.dtd">
<paula version="1.1">
	<header paula_id="scriptorium.life.aphou.02.mark_identity"/>
	<featList xmlns:xlink="http://www.w3.org/1999/xlink" type="identity" xml:base="scriptorium.life.aphou.02.mark.xml">
		<feat xlink:href="#sSpan668" value="Devil"/>
		<feat xlink:href="#sSpan852" value="Moses"/>
		<feat xlink:href="#sSpan880" value="Jethro (biblical figure)"/>
		<feat xlink:href="#sSpan893" value="Midian"/>
		<feat xlink:href="#sSpan1390" value="Oxyrhynchus"/>
		<feat xlink:href="#sSpan1585" value="Pope Theophilus of Alexandria"/>
		<feat xlink:href="#sSpan7332" value="Book of Deuteronomy"/>
		<feat xlink:href="#sSpan7375" value="Isaiah"/>
		<feat xlink:href="#sSpan7854" value="Jesus"/></featList></paula>