<?xml version='1.0' encoding='UTF-8'?><!DOCTYPE paula SYSTEM "paula_feat.dtd">
<paula version="1.1">
	<header paula_id="scriptorium.life.aphou.02.mark_chapter_n"/>
	<featList xmlns:xlink="http://www.w3.org/1999/xlink" type="chapter_n" xml:base="scriptorium.life.aphou.02.mark.xml">
		<feat xlink:href="#sSpan5" value="62"/>
		<feat xlink:href="#sSpan117" value="63"/>
		<feat xlink:href="#sSpan248" value="64"/>
		<feat xlink:href="#sSpan304" value="65"/>
		<feat xlink:href="#sSpan393" value="66"/>
		<feat xlink:href="#sSpan416" value="67"/>
		<feat xlink:href="#sSpan519" value="68"/>
		<feat xlink:href="#sSpan594" value="69"/>
		<feat xlink:href="#sSpan793" value="70"/>
		<feat xlink:href="#sSpan988" value="71"/>
		<feat xlink:href="#sSpan1130" value="72"/>
		<feat xlink:href="#sSpan1251" value="73"/>
		<feat xlink:href="#sSpan1395" value="74"/>
		<feat xlink:href="#sSpan1457" value="75"/>
		<feat xlink:href="#sSpan1557" value="76"/>
		<feat xlink:href="#sSpan1603" value="77"/>
		<feat xlink:href="#sSpan1826" value="78"/>
		<feat xlink:href="#sSpan1932" value="79"/>
		<feat xlink:href="#sSpan1982" value="80"/>
		<feat xlink:href="#sSpan2032" value="81"/>
		<feat xlink:href="#sSpan2082" value="82"/>
		<feat xlink:href="#sSpan2146" value="83"/>
		<feat xlink:href="#sSpan2269" value="84"/>
		<feat xlink:href="#sSpan2411" value="85"/>
		<feat xlink:href="#sSpan2502" value="86"/>
		<feat xlink:href="#sSpan2561" value="87"/>
		<feat xlink:href="#sSpan2643" value="88"/>
		<feat xlink:href="#sSpan2680" value="89"/>
		<feat xlink:href="#sSpan2750" value="90"/>
		<feat xlink:href="#sSpan2808" value="91"/>
		<feat xlink:href="#sSpan2893" value="92"/>
		<feat xlink:href="#sSpan3130" value="93"/>
		<feat xlink:href="#sSpan3389" value="94"/>
		<feat xlink:href="#sSpan3435" value="95"/>
		<feat xlink:href="#sSpan3588" value="96"/>
		<feat xlink:href="#sSpan3702" value="97"/>
		<feat xlink:href="#sSpan3765" value="98"/>
		<feat xlink:href="#sSpan3820" value="99"/>
		<feat xlink:href="#sSpan3913" value="100"/>
		<feat xlink:href="#sSpan4041" value="101"/>
		<feat xlink:href="#sSpan4287" value="102"/>
		<feat xlink:href="#sSpan4369" value="103"/>
		<feat xlink:href="#sSpan4453" value="104"/>
		<feat xlink:href="#sSpan4642" value="105"/>
		<feat xlink:href="#sSpan4708" value="106"/>
		<feat xlink:href="#sSpan4747" value="107"/>
		<feat xlink:href="#sSpan4814" value="108"/>
		<feat xlink:href="#sSpan4903" value="109"/>
		<feat xlink:href="#sSpan5148" value="110"/>
		<feat xlink:href="#sSpan5344" value="111"/>
		<feat xlink:href="#sSpan5432" value="112"/>
		<feat xlink:href="#sSpan5532" value="113"/>
		<feat xlink:href="#sSpan5574" value="114"/>
		<feat xlink:href="#sSpan5777" value="115"/>
		<feat xlink:href="#sSpan5860" value="116"/>
		<feat xlink:href="#sSpan5941" value="117"/>
		<feat xlink:href="#sSpan6077" value="118"/>
		<feat xlink:href="#sSpan6144" value="119"/>
		<feat xlink:href="#sSpan6220" value="120"/>
		<feat xlink:href="#sSpan6311" value="121"/>
		<feat xlink:href="#sSpan6383" value="122"/>
		<feat xlink:href="#sSpan6488" value="123"/>
		<feat xlink:href="#sSpan6585" value="124"/>
		<feat xlink:href="#sSpan6634" value="125"/>
		<feat xlink:href="#sSpan6841" value="126"/>
		<feat xlink:href="#sSpan6960" value="127"/>
		<feat xlink:href="#sSpan7051" value="128"/>
		<feat xlink:href="#sSpan7173" value="129"/>
		<feat xlink:href="#sSpan7297" value="130"/>
		<feat xlink:href="#sSpan7380" value="131"/>
		<feat xlink:href="#sSpan7560" value="132"/></featList></paula>