<?xml version='1.0' encoding='UTF-8'?><!DOCTYPE paula SYSTEM "paula_feat.dtd">
<paula version="1.1">
	<header paula_id="scriptorium.life.aphou.02.mark_roleName_type"/>
	<featList xmlns:xlink="http://www.w3.org/1999/xlink" type="roleName_type" xml:base="scriptorium.life.aphou.02.mark.xml">
		<feat xlink:href="#sSpan352" value="religious"/>
		<feat xlink:href="#sSpan1377" value="ecclesiastical"/>
		<feat xlink:href="#sSpan1480" value="ecclesiastical"/>
		<feat xlink:href="#sSpan1690" value="ecclesiastical"/>
		<feat xlink:href="#sSpan1848" value="ecclesiastical"/>
		<feat xlink:href="#sSpan2110" value="religious"/>
		<feat xlink:href="#sSpan2392" value="ecclesiastical"/>
		<feat xlink:href="#sSpan3385" value="ecclesiastical"/>
		<feat xlink:href="#sSpan3872" value="ecclesiastical"/>
		<feat xlink:href="#sSpan3909" value="ecclesiastical"/>
		<feat xlink:href="#sSpan4388" value="ecclesiastical"/>
		<feat xlink:href="#sSpan4659" value="civil"/>
		<feat xlink:href="#sSpan5319" value="ecclesiastical"/>
		<feat xlink:href="#sSpan5571" value="ecclesiastical"/>
		<feat xlink:href="#sSpan6392" value="ecclesiastical"/>
		<feat xlink:href="#sSpan6755" value="ecclesiastical"/>
		<feat xlink:href="#sSpan7038" value="religious"/>
		<feat xlink:href="#sSpan7047" value="ecclesiastical"/>
		<feat xlink:href="#sSpan7198" value="ecclesiastical"/>
		<feat xlink:href="#sSpan7307" value="ecclesiastical"/></featList></paula>