<?xml version='1.0' encoding='UTF-8'?><!DOCTYPE paula SYSTEM "paula_feat.dtd">
<paula version="1.1">
	<header paula_id="scriptorium.life.aphou.02.mark_persName_type"/>
	<featList xmlns:xlink="http://www.w3.org/1999/xlink" type="persName_type" xml:base="scriptorium.life.aphou.02.mark.xml">
		<feat xlink:href="#sSpan855" value="biblical"/>
		<feat xlink:href="#sSpan879" value="biblical"/>
		<feat xlink:href="#sSpan1594" value="archi_bishop"/>
		<feat xlink:href="#sSpan1631" value="monk"/>
		<feat xlink:href="#sSpan1777" value="monk"/>
		<feat xlink:href="#sSpan2997" value="monk"/>
		<feat xlink:href="#sSpan3145" value="monk"/>
		<feat xlink:href="#sSpan3618" value="monk"/></featList></paula>