<?xml version='1.0' encoding='UTF-8'?><!DOCTYPE paula SYSTEM "paula_feat.dtd">
<paula version="1.1">
	<header paula_id="scriptorium.life.aphou.02.mark_placeName_type"/>
	<featList xmlns:xlink="http://www.w3.org/1999/xlink" type="placeName_type" xml:base="scriptorium.life.aphou.02.mark.xml">
		<feat xlink:href="#sSpan36" value="country"/>
		<feat xlink:href="#sSpan409" value="city_village"/>
		<feat xlink:href="#sSpan1386" value="city_village"/>
		<feat xlink:href="#sSpan1521" value="city_village"/>
		<feat xlink:href="#sSpan2867" value="city_village"/>
		<feat xlink:href="#sSpan4068" value="monastery"/>
		<feat xlink:href="#sSpan4122" value="church_basilica"/>
		<feat xlink:href="#sSpan4351" value="monastery"/></featList></paula>