<?xml version='1.0' encoding='UTF-8'?><!DOCTYPE paula SYSTEM "paula_mark.dtd">
<paula version="1.1">
	<header paula_id="40_Matthew_04.tok"/>
	<markList xmlns:xlink="http://www.w3.org/1999/xlink" type="tok" xml:base="40_Matthew_04.text.xml">
		<!--ⲧⲟⲧⲉ-->
		<mark id="sTok1" xlink:href="#xpointer(string-range(//body,'',1,4))"/>
		<!--ⲓⲏⲥⲟⲩⲥ-->
		<mark id="sTok2" xlink:href="#xpointer(string-range(//body,'',6,6))"/>
		<!--ⲁ-->
		<mark id="sTok3" xlink:href="#xpointer(string-range(//body,'',13,1))"/>
		<!--ⲩ-->
		<mark id="sTok4" xlink:href="#xpointer(string-range(//body,'',15,1))"/>
		<!--ϫⲓⲧ-->
		<mark id="sTok5" xlink:href="#xpointer(string-range(//body,'',17,3))"/>
		<!--ϥ-->
		<mark id="sTok6" xlink:href="#xpointer(string-range(//body,'',21,1))"/>
		<!--ⲉϩⲣⲁⲓ-->
		<mark id="sTok7" xlink:href="#xpointer(string-range(//body,'',23,5))"/>
		<!--ⲉ-->
		<mark id="sTok8" xlink:href="#xpointer(string-range(//body,'',29,1))"/>
		<!--ⲧ-->
		<mark id="sTok9" xlink:href="#xpointer(string-range(//body,'',31,1))"/>
		<!--ⲉⲣⲏⲙⲟⲥ-->
		<mark id="sTok10" xlink:href="#xpointer(string-range(//body,'',33,6))"/>
		<!--ⲉⲃⲟⲗ-->
		<mark id="sTok11" xlink:href="#xpointer(string-range(//body,'',40,4))"/>
		<!--ϩⲓⲧⲙ-->
		<mark id="sTok12" xlink:href="#xpointer(string-range(//body,'',45,4))"/>
		<!--ⲡⲉ-->
		<mark id="sTok13" xlink:href="#xpointer(string-range(//body,'',50,2))"/>
		<!--ⲡⲛⲉⲩⲙⲁ-->
		<mark id="sTok14" xlink:href="#xpointer(string-range(//body,'',53,6))"/>
		<!--ⲉ-->
		<mark id="sTok15" xlink:href="#xpointer(string-range(//body,'',60,1))"/>
		<!--ⲧⲣⲉ-->
		<mark id="sTok16" xlink:href="#xpointer(string-range(//body,'',62,3))"/>
		<!--ⲩ-->
		<mark id="sTok17" xlink:href="#xpointer(string-range(//body,'',66,1))"/>
		<!--ⲡⲉⲓⲣⲁⲍⲉ-->
		<mark id="sTok18" xlink:href="#xpointer(string-range(//body,'',68,7))"/>
		<!--ⲙⲙⲟ-->
		<mark id="sTok19" xlink:href="#xpointer(string-range(//body,'',76,3))"/>
		<!--ϥ-->
		<mark id="sTok20" xlink:href="#xpointer(string-range(//body,'',80,1))"/>
		<!--ⲉⲃⲟⲗ-->
		<mark id="sTok21" xlink:href="#xpointer(string-range(//body,'',82,4))"/>
		<!--ϩⲓⲧⲙ-->
		<mark id="sTok22" xlink:href="#xpointer(string-range(//body,'',87,4))"/>
		<!--ⲡ-->
		<mark id="sTok23" xlink:href="#xpointer(string-range(//body,'',92,1))"/>
		<!--ⲇⲓⲁⲃⲟⲗⲟⲥ-->
		<mark id="sTok24" xlink:href="#xpointer(string-range(//body,'',94,8))"/>
		<!--.-->
		<mark id="sTok25" xlink:href="#xpointer(string-range(//body,'',103,1))"/>
		<!--ⲁ-->
		<mark id="sTok26" xlink:href="#xpointer(string-range(//body,'',105,1))"/>
		<!--ϥ-->
		<mark id="sTok27" xlink:href="#xpointer(string-range(//body,'',107,1))"/>
		<!--ⲛⲏⲥⲧⲉⲩⲉ-->
		<mark id="sTok28" xlink:href="#xpointer(string-range(//body,'',109,7))"/>
		<!--ⲇⲉ-->
		<mark id="sTok29" xlink:href="#xpointer(string-range(//body,'',117,2))"/>
		<!--ⲛ-->
		<mark id="sTok30" xlink:href="#xpointer(string-range(//body,'',120,1))"/>
		<!--ϩⲙⲉ-->
		<mark id="sTok31" xlink:href="#xpointer(string-range(//body,'',122,3))"/>
		<!--ⲛ-->
		<mark id="sTok32" xlink:href="#xpointer(string-range(//body,'',126,1))"/>
		<!--ϩⲟⲟⲩ-->
		<mark id="sTok33" xlink:href="#xpointer(string-range(//body,'',128,4))"/>
		<!--ⲙⲛ-->
		<mark id="sTok34" xlink:href="#xpointer(string-range(//body,'',133,2))"/>
		<!--ϩⲙⲉ-->
		<mark id="sTok35" xlink:href="#xpointer(string-range(//body,'',136,3))"/>
		<!--ⲛ-->
		<mark id="sTok36" xlink:href="#xpointer(string-range(//body,'',140,1))"/>
		<!--ⲟⲩ-->
		<mark id="sTok37" xlink:href="#xpointer(string-range(//body,'',142,2))"/>
		<!--ϣⲏ-->
		<mark id="sTok38" xlink:href="#xpointer(string-range(//body,'',145,2))"/>
		<!--ⲙⲛⲛⲥⲱ-->
		<mark id="sTok39" xlink:href="#xpointer(string-range(//body,'',148,5))"/>
		<!--ⲥ-->
		<mark id="sTok40" xlink:href="#xpointer(string-range(//body,'',154,1))"/>
		<!--ⲁ-->
		<mark id="sTok41" xlink:href="#xpointer(string-range(//body,'',156,1))"/>
		<!--ϥ-->
		<mark id="sTok42" xlink:href="#xpointer(string-range(//body,'',158,1))"/>
		<!--ϩⲕⲟ-->
		<mark id="sTok43" xlink:href="#xpointer(string-range(//body,'',160,3))"/>
		<!--.-->
		<mark id="sTok44" xlink:href="#xpointer(string-range(//body,'',164,1))"/>
		<!--ⲁ-->
		<mark id="sTok45" xlink:href="#xpointer(string-range(//body,'',166,1))"/>
		<!--ϥ-->
		<mark id="sTok46" xlink:href="#xpointer(string-range(//body,'',168,1))"/>
		<!--ϯ-->
		<mark id="sTok47" xlink:href="#xpointer(string-range(//body,'',170,1))"/>
		<!--ⲡⲉϥ-->
		<mark id="sTok48" xlink:href="#xpointer(string-range(//body,'',172,3))"/>
		<!--ⲟⲩⲟⲓ-->
		<mark id="sTok49" xlink:href="#xpointer(string-range(//body,'',176,4))"/>
		<!--ⲉⲣⲟ-->
		<mark id="sTok50" xlink:href="#xpointer(string-range(//body,'',181,3))"/>
		<!--ϥ-->
		<mark id="sTok51" xlink:href="#xpointer(string-range(//body,'',185,1))"/>
		<!--ⲛϭⲓ-->
		<mark id="sTok52" xlink:href="#xpointer(string-range(//body,'',187,3))"/>
		<!--ⲡ-->
		<mark id="sTok53" xlink:href="#xpointer(string-range(//body,'',191,1))"/>
		<!--ⲉⲧ-->
		<mark id="sTok54" xlink:href="#xpointer(string-range(//body,'',193,2))"/>
		<!--ⲡⲉⲓⲣⲁⲍⲉ-->
		<mark id="sTok55" xlink:href="#xpointer(string-range(//body,'',196,7))"/>
		<!--ⲡⲉϫⲁ-->
		<mark id="sTok56" xlink:href="#xpointer(string-range(//body,'',204,4))"/>
		<!--ϥ-->
		<mark id="sTok57" xlink:href="#xpointer(string-range(//body,'',209,1))"/>
		<!--ⲛⲁ-->
		<mark id="sTok58" xlink:href="#xpointer(string-range(//body,'',211,2))"/>
		<!--ϥ-->
		<mark id="sTok59" xlink:href="#xpointer(string-range(//body,'',214,1))"/>
		<!--.-->
		<mark id="sTok60" xlink:href="#xpointer(string-range(//body,'',216,1))"/>
		<!--ϫⲉ-->
		<mark id="sTok61" xlink:href="#xpointer(string-range(//body,'',218,2))"/>
		<!--ⲉϣϫⲉ-->
		<mark id="sTok62" xlink:href="#xpointer(string-range(//body,'',221,4))"/>
		<!--ⲛⲧⲟⲕ-->
		<mark id="sTok63" xlink:href="#xpointer(string-range(//body,'',226,4))"/>
		<!--ⲡⲉ-->
		<mark id="sTok64" xlink:href="#xpointer(string-range(//body,'',231,2))"/>
		<!--ⲡ-->
		<mark id="sTok65" xlink:href="#xpointer(string-range(//body,'',234,1))"/>
		<!--ϣⲏⲣⲉ-->
		<mark id="sTok66" xlink:href="#xpointer(string-range(//body,'',236,4))"/>
		<!--ⲙ-->
		<mark id="sTok67" xlink:href="#xpointer(string-range(//body,'',241,1))"/>
		<!--ⲡ-->
		<mark id="sTok68" xlink:href="#xpointer(string-range(//body,'',243,1))"/>
		<!--ⲛⲟⲩⲧⲉ-->
		<mark id="sTok69" xlink:href="#xpointer(string-range(//body,'',245,5))"/>
		<!--ⲁϫⲓ-->
		<mark id="sTok70" xlink:href="#xpointer(string-range(//body,'',251,3))"/>
		<!--ⲥ-->
		<mark id="sTok71" xlink:href="#xpointer(string-range(//body,'',255,1))"/>
		<!--ϫⲉⲕⲁⲁⲥ-->
		<mark id="sTok72" xlink:href="#xpointer(string-range(//body,'',257,6))"/>
		<!--ⲉⲣⲉ-->
		<mark id="sTok73" xlink:href="#xpointer(string-range(//body,'',264,3))"/>
		<!--ⲛⲉⲓ-->
		<mark id="sTok74" xlink:href="#xpointer(string-range(//body,'',268,3))"/>
		<!--ⲱⲛⲉ-->
		<mark id="sTok75" xlink:href="#xpointer(string-range(//body,'',272,3))"/>
		<!--ⲣⲟⲉⲓⲕ-->
		<mark id="sTok76" xlink:href="#xpointer(string-range(//body,'',276,5))"/>
		<!--.-->
		<mark id="sTok77" xlink:href="#xpointer(string-range(//body,'',282,1))"/>
		<!--ⲛⲧⲟϥ-->
		<mark id="sTok78" xlink:href="#xpointer(string-range(//body,'',284,4))"/>
		<!--ⲇⲉ-->
		<mark id="sTok79" xlink:href="#xpointer(string-range(//body,'',289,2))"/>
		<!--ⲁ-->
		<mark id="sTok80" xlink:href="#xpointer(string-range(//body,'',292,1))"/>
		<!--ϥ-->
		<mark id="sTok81" xlink:href="#xpointer(string-range(//body,'',294,1))"/>
		<!--ⲟⲩⲱϣⲃ-->
		<mark id="sTok82" xlink:href="#xpointer(string-range(//body,'',296,5))"/>
		<!--ⲉ-->
		<mark id="sTok83" xlink:href="#xpointer(string-range(//body,'',302,1))"/>
		<!--ϥ-->
		<mark id="sTok84" xlink:href="#xpointer(string-range(//body,'',304,1))"/>
		<!--ϫⲱ-->
		<mark id="sTok85" xlink:href="#xpointer(string-range(//body,'',306,2))"/>
		<!--ⲙⲙⲟ-->
		<mark id="sTok86" xlink:href="#xpointer(string-range(//body,'',309,3))"/>
		<!--ⲥ-->
		<mark id="sTok87" xlink:href="#xpointer(string-range(//body,'',313,1))"/>
		<!--ϫⲉ-->
		<mark id="sTok88" xlink:href="#xpointer(string-range(//body,'',315,2))"/>
		<!--ϥ-->
		<mark id="sTok89" xlink:href="#xpointer(string-range(//body,'',318,1))"/>
		<!--ⲥⲏϩ-->
		<mark id="sTok90" xlink:href="#xpointer(string-range(//body,'',320,3))"/>
		<!--ϫⲉ-->
		<mark id="sTok91" xlink:href="#xpointer(string-range(//body,'',324,2))"/>
		<!--ⲛⲉⲣⲉ-->
		<mark id="sTok92" xlink:href="#xpointer(string-range(//body,'',327,4))"/>
		<!--ⲡ-->
		<mark id="sTok93" xlink:href="#xpointer(string-range(//body,'',332,1))"/>
		<!--ⲣⲱⲙⲉ-->
		<mark id="sTok94" xlink:href="#xpointer(string-range(//body,'',334,4))"/>
		<!--ⲛⲁ-->
		<mark id="sTok95" xlink:href="#xpointer(string-range(//body,'',339,2))"/>
		<!--ⲱⲛϩ-->
		<mark id="sTok96" xlink:href="#xpointer(string-range(//body,'',342,3))"/>
		<!--ⲁⲛ-->
		<mark id="sTok97" xlink:href="#xpointer(string-range(//body,'',346,2))"/>
		<!--ⲉ-->
		<mark id="sTok98" xlink:href="#xpointer(string-range(//body,'',349,1))"/>
		<!--ⲟⲉⲓⲕ-->
		<mark id="sTok99" xlink:href="#xpointer(string-range(//body,'',351,4))"/>
		<!--ⲙⲁⲩⲁⲁ-->
		<mark id="sTok100" xlink:href="#xpointer(string-range(//body,'',356,5))"/>
		<!--ϥ-->
		<mark id="sTok101" xlink:href="#xpointer(string-range(//body,'',362,1))"/>
		<!--ⲁⲗⲗⲁ-->
		<mark id="sTok102" xlink:href="#xpointer(string-range(//body,'',364,4))"/>
		<!--ⲉ-->
		<mark id="sTok103" xlink:href="#xpointer(string-range(//body,'',369,1))"/>
		<!--ϣⲁϫⲉ-->
		<mark id="sTok104" xlink:href="#xpointer(string-range(//body,'',371,4))"/>
		<!--ⲛⲓⲙ-->
		<mark id="sTok105" xlink:href="#xpointer(string-range(//body,'',376,3))"/>
		<!--ⲉⲧ-->
		<mark id="sTok106" xlink:href="#xpointer(string-range(//body,'',380,2))"/>
		<!--ⲛⲏⲩ-->
		<mark id="sTok107" xlink:href="#xpointer(string-range(//body,'',383,3))"/>
		<!--ⲉⲃⲟⲗ-->
		<mark id="sTok108" xlink:href="#xpointer(string-range(//body,'',387,4))"/>
		<!--ϩⲛ-->
		<mark id="sTok109" xlink:href="#xpointer(string-range(//body,'',392,2))"/>
		<!--ⲧ-->
		<mark id="sTok110" xlink:href="#xpointer(string-range(//body,'',395,1))"/>
		<!--ⲧⲁⲡⲣⲟ-->
		<mark id="sTok111" xlink:href="#xpointer(string-range(//body,'',397,5))"/>
		<!--ⲙ-->
		<mark id="sTok112" xlink:href="#xpointer(string-range(//body,'',403,1))"/>
		<!--ⲡ-->
		<mark id="sTok113" xlink:href="#xpointer(string-range(//body,'',405,1))"/>
		<!--ⲛⲟⲩⲧⲉ-->
		<mark id="sTok114" xlink:href="#xpointer(string-range(//body,'',407,5))"/>
		<!--.-->
		<mark id="sTok115" xlink:href="#xpointer(string-range(//body,'',413,1))"/>
		<!--ⲧⲟⲧⲉ-->
		<mark id="sTok116" xlink:href="#xpointer(string-range(//body,'',415,4))"/>
		<!--ⲁ-->
		<mark id="sTok117" xlink:href="#xpointer(string-range(//body,'',420,1))"/>
		<!--ϥ-->
		<mark id="sTok118" xlink:href="#xpointer(string-range(//body,'',422,1))"/>
		<!--ϫⲓ-->
		<mark id="sTok119" xlink:href="#xpointer(string-range(//body,'',424,2))"/>
		<!--ⲙⲙⲟ-->
		<mark id="sTok120" xlink:href="#xpointer(string-range(//body,'',427,3))"/>
		<!--ϥ-->
		<mark id="sTok121" xlink:href="#xpointer(string-range(//body,'',431,1))"/>
		<!--ⲛϭⲓ-->
		<mark id="sTok122" xlink:href="#xpointer(string-range(//body,'',433,3))"/>
		<!--ⲡ-->
		<mark id="sTok123" xlink:href="#xpointer(string-range(//body,'',437,1))"/>
		<!--ⲇⲓⲁⲃⲟⲗⲟⲥ-->
		<mark id="sTok124" xlink:href="#xpointer(string-range(//body,'',439,8))"/>
		<!--ⲉϩⲣⲁⲓ-->
		<mark id="sTok125" xlink:href="#xpointer(string-range(//body,'',448,5))"/>
		<!--ⲉ-->
		<mark id="sTok126" xlink:href="#xpointer(string-range(//body,'',454,1))"/>
		<!--ⲧ-->
		<mark id="sTok127" xlink:href="#xpointer(string-range(//body,'',456,1))"/>
		<!--ⲡⲟⲗⲓⲥ-->
		<mark id="sTok128" xlink:href="#xpointer(string-range(//body,'',458,5))"/>
		<!--ⲉⲧ-->
		<mark id="sTok129" xlink:href="#xpointer(string-range(//body,'',464,2))"/>
		<!--ⲟⲩⲁⲁⲃ-->
		<mark id="sTok130" xlink:href="#xpointer(string-range(//body,'',467,5))"/>
		<!--.-->
		<mark id="sTok131" xlink:href="#xpointer(string-range(//body,'',473,1))"/>
		<!--ⲁ-->
		<mark id="sTok132" xlink:href="#xpointer(string-range(//body,'',475,1))"/>
		<!--ϥ-->
		<mark id="sTok133" xlink:href="#xpointer(string-range(//body,'',477,1))"/>
		<!--ⲧⲁϩⲟ-->
		<mark id="sTok134" xlink:href="#xpointer(string-range(//body,'',479,4))"/>
		<!--ⲙⲙⲟ-->
		<mark id="sTok135" xlink:href="#xpointer(string-range(//body,'',484,3))"/>
		<!--ϥ-->
		<mark id="sTok136" xlink:href="#xpointer(string-range(//body,'',488,1))"/>
		<!--ⲉⲣⲁⲧ-->
		<mark id="sTok137" xlink:href="#xpointer(string-range(//body,'',490,4))"/>
		<!--ϥ-->
		<mark id="sTok138" xlink:href="#xpointer(string-range(//body,'',495,1))"/>
		<!--ⲉϫⲙ-->
		<mark id="sTok139" xlink:href="#xpointer(string-range(//body,'',497,3))"/>
		<!--ⲡ-->
		<mark id="sTok140" xlink:href="#xpointer(string-range(//body,'',501,1))"/>
		<!--ⲧⲏⲛϩ-->
		<mark id="sTok141" xlink:href="#xpointer(string-range(//body,'',503,4))"/>
		<!--ⲙ-->
		<mark id="sTok142" xlink:href="#xpointer(string-range(//body,'',508,1))"/>
		<!--ⲡ-->
		<mark id="sTok143" xlink:href="#xpointer(string-range(//body,'',510,1))"/>
		<!--ⲣⲡⲉ-->
		<mark id="sTok144" xlink:href="#xpointer(string-range(//body,'',512,3))"/>
		<!--.-->
		<mark id="sTok145" xlink:href="#xpointer(string-range(//body,'',516,1))"/>
		<!--ⲡⲉϫⲁ-->
		<mark id="sTok146" xlink:href="#xpointer(string-range(//body,'',518,4))"/>
		<!--ϥ-->
		<mark id="sTok147" xlink:href="#xpointer(string-range(//body,'',523,1))"/>
		<!--ⲛⲁ-->
		<mark id="sTok148" xlink:href="#xpointer(string-range(//body,'',525,2))"/>
		<!--ϥ-->
		<mark id="sTok149" xlink:href="#xpointer(string-range(//body,'',528,1))"/>
		<!--ϫⲉ-->
		<mark id="sTok150" xlink:href="#xpointer(string-range(//body,'',530,2))"/>
		<!--ⲉϣϫⲉ-->
		<mark id="sTok151" xlink:href="#xpointer(string-range(//body,'',533,4))"/>
		<!--ⲛⲧⲟⲕ-->
		<mark id="sTok152" xlink:href="#xpointer(string-range(//body,'',538,4))"/>
		<!--ⲡⲉ-->
		<mark id="sTok153" xlink:href="#xpointer(string-range(//body,'',543,2))"/>
		<!--ⲡ-->
		<mark id="sTok154" xlink:href="#xpointer(string-range(//body,'',546,1))"/>
		<!--ϣⲏⲣⲉ-->
		<mark id="sTok155" xlink:href="#xpointer(string-range(//body,'',548,4))"/>
		<!--ⲙ-->
		<mark id="sTok156" xlink:href="#xpointer(string-range(//body,'',553,1))"/>
		<!--ⲡ-->
		<mark id="sTok157" xlink:href="#xpointer(string-range(//body,'',555,1))"/>
		<!--ⲛⲟⲩⲧⲉ-->
		<mark id="sTok158" xlink:href="#xpointer(string-range(//body,'',557,5))"/>
		<!--ⲛⲟϫ-->
		<mark id="sTok159" xlink:href="#xpointer(string-range(//body,'',563,3))"/>
		<!--ⲕ-->
		<mark id="sTok160" xlink:href="#xpointer(string-range(//body,'',567,1))"/>
		<!--ⲉ-->
		<mark id="sTok161" xlink:href="#xpointer(string-range(//body,'',569,1))"/>
		<!--ⲡ-->
		<mark id="sTok162" xlink:href="#xpointer(string-range(//body,'',571,1))"/>
		<!--ⲉⲥⲏⲧ-->
		<mark id="sTok163" xlink:href="#xpointer(string-range(//body,'',573,4))"/>
		<!--ⲉϫⲙ-->
		<mark id="sTok164" xlink:href="#xpointer(string-range(//body,'',578,3))"/>
		<!--ⲡ-->
		<mark id="sTok165" xlink:href="#xpointer(string-range(//body,'',582,1))"/>
		<!--ⲉⲓⲙⲁ-->
		<mark id="sTok166" xlink:href="#xpointer(string-range(//body,'',584,4))"/>
		<!--.-->
		<mark id="sTok167" xlink:href="#xpointer(string-range(//body,'',589,1))"/>
		<!--ϥ-->
		<mark id="sTok168" xlink:href="#xpointer(string-range(//body,'',591,1))"/>
		<!--ⲥⲏϩ-->
		<mark id="sTok169" xlink:href="#xpointer(string-range(//body,'',593,3))"/>
		<!--ⲅⲁⲣ-->
		<mark id="sTok170" xlink:href="#xpointer(string-range(//body,'',597,3))"/>
		<!--ϫⲉ-->
		<mark id="sTok171" xlink:href="#xpointer(string-range(//body,'',601,2))"/>
		<!--ϥ-->
		<mark id="sTok172" xlink:href="#xpointer(string-range(//body,'',604,1))"/>
		<!--ⲛⲁ-->
		<mark id="sTok173" xlink:href="#xpointer(string-range(//body,'',606,2))"/>
		<!--ϩⲱⲛ-->
		<mark id="sTok174" xlink:href="#xpointer(string-range(//body,'',609,3))"/>
		<!--ⲉⲧⲟⲟⲧ-->
		<mark id="sTok175" xlink:href="#xpointer(string-range(//body,'',613,5))"/>
		<!--ⲟⲩ-->
		<mark id="sTok176" xlink:href="#xpointer(string-range(//body,'',619,2))"/>
		<!--ⲛ-->
		<mark id="sTok177" xlink:href="#xpointer(string-range(//body,'',622,1))"/>
		<!--ⲛⲉϥ-->
		<mark id="sTok178" xlink:href="#xpointer(string-range(//body,'',624,3))"/>
		<!--ⲁⲅⲅⲉⲗⲟⲥ-->
		<mark id="sTok179" xlink:href="#xpointer(string-range(//body,'',628,7))"/>
		<!--ⲉⲧⲃⲏⲏⲧ-->
		<mark id="sTok180" xlink:href="#xpointer(string-range(//body,'',636,6))"/>
		<!--ⲕ-->
		<mark id="sTok181" xlink:href="#xpointer(string-range(//body,'',643,1))"/>
		<!--.-->
		<mark id="sTok182" xlink:href="#xpointer(string-range(//body,'',645,1))"/>
		<!--ⲛ-->
		<mark id="sTok183" xlink:href="#xpointer(string-range(//body,'',647,1))"/>
		<!--ⲥⲉ-->
		<mark id="sTok184" xlink:href="#xpointer(string-range(//body,'',649,2))"/>
		<!--ϥⲓ-->
		<mark id="sTok185" xlink:href="#xpointer(string-range(//body,'',652,2))"/>
		<!--ⲙⲙⲟ-->
		<mark id="sTok186" xlink:href="#xpointer(string-range(//body,'',655,3))"/>
		<!--ⲕ-->
		<mark id="sTok187" xlink:href="#xpointer(string-range(//body,'',659,1))"/>
		<!--ⲉϩⲣⲁⲓ-->
		<mark id="sTok188" xlink:href="#xpointer(string-range(//body,'',661,5))"/>
		<!--ⲉϫⲛ-->
		<mark id="sTok189" xlink:href="#xpointer(string-range(//body,'',667,3))"/>
		<!--ⲛⲉⲩ-->
		<mark id="sTok190" xlink:href="#xpointer(string-range(//body,'',671,3))"/>
		<!--ϭⲓϫ-->
		<mark id="sTok191" xlink:href="#xpointer(string-range(//body,'',675,3))"/>
		<!--ⲙⲏⲡⲟⲧⲉ-->
		<mark id="sTok192" xlink:href="#xpointer(string-range(//body,'',679,6))"/>
		<!--ⲛ-->
		<mark id="sTok193" xlink:href="#xpointer(string-range(//body,'',686,1))"/>
		<!--ⲅ-->
		<mark id="sTok194" xlink:href="#xpointer(string-range(//body,'',688,1))"/>
		<!--ϫⲱⲣⲡ-->
		<mark id="sTok195" xlink:href="#xpointer(string-range(//body,'',690,4))"/>
		<!--ⲉ-->
		<mark id="sTok196" xlink:href="#xpointer(string-range(//body,'',695,1))"/>
		<!--ⲩ-->
		<mark id="sTok197" xlink:href="#xpointer(string-range(//body,'',697,1))"/>
		<!--ⲱⲛⲉ-->
		<mark id="sTok198" xlink:href="#xpointer(string-range(//body,'',699,3))"/>
		<!--ⲛ-->
		<mark id="sTok199" xlink:href="#xpointer(string-range(//body,'',703,1))"/>
		<!--ⲧⲉⲕ-->
		<mark id="sTok200" xlink:href="#xpointer(string-range(//body,'',705,3))"/>
		<!--ⲟⲩⲉⲣⲏⲧⲉ-->
		<mark id="sTok201" xlink:href="#xpointer(string-range(//body,'',709,7))"/>
		<!--.-->
		<mark id="sTok202" xlink:href="#xpointer(string-range(//body,'',717,1))"/>
		<!--ⲡⲉϫⲁ-->
		<mark id="sTok203" xlink:href="#xpointer(string-range(//body,'',719,4))"/>
		<!--ϥ-->
		<mark id="sTok204" xlink:href="#xpointer(string-range(//body,'',724,1))"/>
		<!--ⲟⲛ-->
		<mark id="sTok205" xlink:href="#xpointer(string-range(//body,'',726,2))"/>
		<!--ⲛϭⲓ-->
		<mark id="sTok206" xlink:href="#xpointer(string-range(//body,'',729,3))"/>
		<!--ⲓⲏⲥⲟⲩⲥ-->
		<mark id="sTok207" xlink:href="#xpointer(string-range(//body,'',733,6))"/>
		<!--ϫⲉ-->
		<mark id="sTok208" xlink:href="#xpointer(string-range(//body,'',740,2))"/>
		<!--ϥ-->
		<mark id="sTok209" xlink:href="#xpointer(string-range(//body,'',743,1))"/>
		<!--ⲥⲏϩ-->
		<mark id="sTok210" xlink:href="#xpointer(string-range(//body,'',745,3))"/>
		<!--ⲟⲛ-->
		<mark id="sTok211" xlink:href="#xpointer(string-range(//body,'',749,2))"/>
		<!--ϫⲉ-->
		<mark id="sTok212" xlink:href="#xpointer(string-range(//body,'',752,2))"/>
		<!--ⲛⲛⲉ-->
		<mark id="sTok213" xlink:href="#xpointer(string-range(//body,'',755,3))"/>
		<!--ⲕ-->
		<mark id="sTok214" xlink:href="#xpointer(string-range(//body,'',759,1))"/>
		<!--ⲡⲉⲓⲣⲁⲍⲉ-->
		<mark id="sTok215" xlink:href="#xpointer(string-range(//body,'',761,7))"/>
		<!--ⲙ-->
		<mark id="sTok216" xlink:href="#xpointer(string-range(//body,'',769,1))"/>
		<!--ⲡ-->
		<mark id="sTok217" xlink:href="#xpointer(string-range(//body,'',771,1))"/>
		<!--ϫⲟⲉⲓⲥ-->
		<mark id="sTok218" xlink:href="#xpointer(string-range(//body,'',773,5))"/>
		<!--ⲡⲉⲕ-->
		<mark id="sTok219" xlink:href="#xpointer(string-range(//body,'',779,3))"/>
		<!--ⲛⲟⲩⲧⲉ-->
		<mark id="sTok220" xlink:href="#xpointer(string-range(//body,'',783,5))"/>
		<!--.-->
		<mark id="sTok221" xlink:href="#xpointer(string-range(//body,'',789,1))"/>
		<!--ⲡⲁⲗⲓⲛ-->
		<mark id="sTok222" xlink:href="#xpointer(string-range(//body,'',791,5))"/>
		<!--ⲟⲛ-->
		<mark id="sTok223" xlink:href="#xpointer(string-range(//body,'',797,2))"/>
		<!--ⲁ-->
		<mark id="sTok224" xlink:href="#xpointer(string-range(//body,'',800,1))"/>
		<!--ϥ-->
		<mark id="sTok225" xlink:href="#xpointer(string-range(//body,'',802,1))"/>
		<!--ϫⲓⲧ-->
		<mark id="sTok226" xlink:href="#xpointer(string-range(//body,'',804,3))"/>
		<!--ϥ-->
		<mark id="sTok227" xlink:href="#xpointer(string-range(//body,'',808,1))"/>
		<!--ⲛϭⲓ-->
		<mark id="sTok228" xlink:href="#xpointer(string-range(//body,'',810,3))"/>
		<!--ⲡ-->
		<mark id="sTok229" xlink:href="#xpointer(string-range(//body,'',814,1))"/>
		<!--ⲇⲓⲁⲃⲟⲗⲟⲥ-->
		<mark id="sTok230" xlink:href="#xpointer(string-range(//body,'',816,8))"/>
		<!--ⲉϩⲣⲁⲓ-->
		<mark id="sTok231" xlink:href="#xpointer(string-range(//body,'',825,5))"/>
		<!--ⲉϫⲛ-->
		<mark id="sTok232" xlink:href="#xpointer(string-range(//body,'',831,3))"/>
		<!--ⲟⲩ-->
		<mark id="sTok233" xlink:href="#xpointer(string-range(//body,'',835,2))"/>
		<!--ⲧⲟⲟⲩ-->
		<mark id="sTok234" xlink:href="#xpointer(string-range(//body,'',838,4))"/>
		<!--ⲉ-->
		<mark id="sTok235" xlink:href="#xpointer(string-range(//body,'',843,1))"/>
		<!--ϥ-->
		<mark id="sTok236" xlink:href="#xpointer(string-range(//body,'',845,1))"/>
		<!--ϫⲟⲥⲉ-->
		<mark id="sTok237" xlink:href="#xpointer(string-range(//body,'',847,4))"/>
		<!--ⲉⲙⲁⲧⲉ-->
		<mark id="sTok238" xlink:href="#xpointer(string-range(//body,'',852,5))"/>
		<!--.-->
		<mark id="sTok239" xlink:href="#xpointer(string-range(//body,'',858,1))"/>
		<!--ⲁ-->
		<mark id="sTok240" xlink:href="#xpointer(string-range(//body,'',860,1))"/>
		<!--ϥ-->
		<mark id="sTok241" xlink:href="#xpointer(string-range(//body,'',862,1))"/>
		<!--ⲧⲟⲩⲟ-->
		<mark id="sTok242" xlink:href="#xpointer(string-range(//body,'',864,4))"/>
		<!--ϥ-->
		<mark id="sTok243" xlink:href="#xpointer(string-range(//body,'',869,1))"/>
		<!--ⲉ-->
		<mark id="sTok244" xlink:href="#xpointer(string-range(//body,'',871,1))"/>
		<!--ⲙ-->
		<mark id="sTok245" xlink:href="#xpointer(string-range(//body,'',873,1))"/>
		<!--ⲙⲛⲧ-->
		<mark id="sTok246" xlink:href="#xpointer(string-range(//body,'',875,3))"/>
		<!--ⲣⲣⲱⲟⲩ-->
		<mark id="sTok247" xlink:href="#xpointer(string-range(//body,'',879,5))"/>
		<!--ⲧⲏⲣ-->
		<mark id="sTok248" xlink:href="#xpointer(string-range(//body,'',885,3))"/>
		<!--ⲟⲩ-->
		<mark id="sTok249" xlink:href="#xpointer(string-range(//body,'',889,2))"/>
		<!--ⲙ-->
		<mark id="sTok250" xlink:href="#xpointer(string-range(//body,'',892,1))"/>
		<!--ⲡ-->
		<mark id="sTok251" xlink:href="#xpointer(string-range(//body,'',894,1))"/>
		<!--ⲕⲟⲥⲙⲟⲥ-->
		<mark id="sTok252" xlink:href="#xpointer(string-range(//body,'',896,6))"/>
		<!--ⲙⲛ-->
		<mark id="sTok253" xlink:href="#xpointer(string-range(//body,'',903,2))"/>
		<!--ⲡⲉⲩ-->
		<mark id="sTok254" xlink:href="#xpointer(string-range(//body,'',906,3))"/>
		<!--ⲉⲟⲟⲩ-->
		<mark id="sTok255" xlink:href="#xpointer(string-range(//body,'',910,4))"/>
		<!--.-->
		<mark id="sTok256" xlink:href="#xpointer(string-range(//body,'',915,1))"/>
		<!--ⲡⲉϫⲁ-->
		<mark id="sTok257" xlink:href="#xpointer(string-range(//body,'',917,4))"/>
		<!--ϥ-->
		<mark id="sTok258" xlink:href="#xpointer(string-range(//body,'',922,1))"/>
		<!--ⲛⲁ-->
		<mark id="sTok259" xlink:href="#xpointer(string-range(//body,'',924,2))"/>
		<!--ϥ-->
		<mark id="sTok260" xlink:href="#xpointer(string-range(//body,'',927,1))"/>
		<!--.-->
		<mark id="sTok261" xlink:href="#xpointer(string-range(//body,'',929,1))"/>
		<!--ϫⲉ-->
		<mark id="sTok262" xlink:href="#xpointer(string-range(//body,'',931,2))"/>
		<!--ⲛⲁⲓ-->
		<mark id="sTok263" xlink:href="#xpointer(string-range(//body,'',934,3))"/>
		<!--ⲧⲏⲣ-->
		<mark id="sTok264" xlink:href="#xpointer(string-range(//body,'',938,3))"/>
		<!--ⲟⲩ-->
		<mark id="sTok265" xlink:href="#xpointer(string-range(//body,'',942,2))"/>
		<!--ϯ-->
		<mark id="sTok266" xlink:href="#xpointer(string-range(//body,'',945,1))"/>
		<!--ⲛⲁ-->
		<mark id="sTok267" xlink:href="#xpointer(string-range(//body,'',947,2))"/>
		<!--ⲧⲁⲁ-->
		<mark id="sTok268" xlink:href="#xpointer(string-range(//body,'',950,3))"/>
		<!--ⲩ-->
		<mark id="sTok269" xlink:href="#xpointer(string-range(//body,'',954,1))"/>
		<!--ⲛⲁ-->
		<mark id="sTok270" xlink:href="#xpointer(string-range(//body,'',956,2))"/>
		<!--ⲕ-->
		<mark id="sTok271" xlink:href="#xpointer(string-range(//body,'',959,1))"/>
		<!--ⲉⲕϣⲁⲛ-->
		<mark id="sTok272" xlink:href="#xpointer(string-range(//body,'',961,5))"/>
		<!--ⲡⲁϩⲧ-->
		<mark id="sTok273" xlink:href="#xpointer(string-range(//body,'',967,4))"/>
		<!--ⲕ-->
		<mark id="sTok274" xlink:href="#xpointer(string-range(//body,'',972,1))"/>
		<!--ⲛ-->
		<mark id="sTok275" xlink:href="#xpointer(string-range(//body,'',974,1))"/>
		<!--ⲅ-->
		<mark id="sTok276" xlink:href="#xpointer(string-range(//body,'',976,1))"/>
		<!--ⲟⲩⲱϣⲧ-->
		<mark id="sTok277" xlink:href="#xpointer(string-range(//body,'',978,5))"/>
		<!--ⲛⲁ-->
		<mark id="sTok278" xlink:href="#xpointer(string-range(//body,'',984,2))"/>
		<!--ⲓ-->
		<mark id="sTok279" xlink:href="#xpointer(string-range(//body,'',987,1))"/>
		<!--.-->
		<mark id="sTok280" xlink:href="#xpointer(string-range(//body,'',989,1))"/>
		<!--ⲧⲟⲧⲉ-->
		<mark id="sTok281" xlink:href="#xpointer(string-range(//body,'',991,4))"/>
		<!--ⲡⲉϫⲁ-->
		<mark id="sTok282" xlink:href="#xpointer(string-range(//body,'',996,4))"/>
		<!--ϥ-->
		<mark id="sTok283" xlink:href="#xpointer(string-range(//body,'',1001,1))"/>
		<!--ⲛⲁ-->
		<mark id="sTok284" xlink:href="#xpointer(string-range(//body,'',1003,2))"/>
		<!--ϥ-->
		<mark id="sTok285" xlink:href="#xpointer(string-range(//body,'',1006,1))"/>
		<!--ⲛϭⲓ-->
		<mark id="sTok286" xlink:href="#xpointer(string-range(//body,'',1008,3))"/>
		<!--ⲓⲏⲥⲟⲩⲥ-->
		<mark id="sTok287" xlink:href="#xpointer(string-range(//body,'',1012,6))"/>
		<!--ϫⲉ-->
		<mark id="sTok288" xlink:href="#xpointer(string-range(//body,'',1019,2))"/>
		<!--ⲃⲱⲕ-->
		<mark id="sTok289" xlink:href="#xpointer(string-range(//body,'',1022,3))"/>
		<!--ⲡ-->
		<mark id="sTok290" xlink:href="#xpointer(string-range(//body,'',1026,1))"/>
		<!--ⲥⲁⲧⲁⲛⲁⲥ-->
		<mark id="sTok291" xlink:href="#xpointer(string-range(//body,'',1028,7))"/>
		<!--.-->
		<mark id="sTok292" xlink:href="#xpointer(string-range(//body,'',1036,1))"/>
		<!--ϥ-->
		<mark id="sTok293" xlink:href="#xpointer(string-range(//body,'',1038,1))"/>
		<!--ⲥⲏϩ-->
		<mark id="sTok294" xlink:href="#xpointer(string-range(//body,'',1040,3))"/>
		<!--ⲅⲁⲣ-->
		<mark id="sTok295" xlink:href="#xpointer(string-range(//body,'',1044,3))"/>
		<!--ϫⲉ-->
		<mark id="sTok296" xlink:href="#xpointer(string-range(//body,'',1048,2))"/>
		<!--ⲡ-->
		<mark id="sTok297" xlink:href="#xpointer(string-range(//body,'',1051,1))"/>
		<!--ϫⲟⲉⲓⲥ-->
		<mark id="sTok298" xlink:href="#xpointer(string-range(//body,'',1053,5))"/>
		<!--ⲡⲉⲕ-->
		<mark id="sTok299" xlink:href="#xpointer(string-range(//body,'',1059,3))"/>
		<!--ⲛⲟⲩⲧⲉ-->
		<mark id="sTok300" xlink:href="#xpointer(string-range(//body,'',1063,5))"/>
		<!--ⲡ-->
		<mark id="sTok301" xlink:href="#xpointer(string-range(//body,'',1069,1))"/>
		<!--ⲉⲧ-->
		<mark id="sTok302" xlink:href="#xpointer(string-range(//body,'',1071,2))"/>
		<!--ⲕⲉ-->
		<mark id="sTok303" xlink:href="#xpointer(string-range(//body,'',1074,2))"/>
		<!--ⲟⲩⲱϣⲧ-->
		<mark id="sTok304" xlink:href="#xpointer(string-range(//body,'',1077,5))"/>
		<!--ⲛⲁ-->
		<mark id="sTok305" xlink:href="#xpointer(string-range(//body,'',1083,2))"/>
		<!--ϥ-->
		<mark id="sTok306" xlink:href="#xpointer(string-range(//body,'',1086,1))"/>
		<!--.-->
		<mark id="sTok307" xlink:href="#xpointer(string-range(//body,'',1088,1))"/>
		<!--ⲁⲩⲱ-->
		<mark id="sTok308" xlink:href="#xpointer(string-range(//body,'',1090,3))"/>
		<!--ⲛⲧⲟϥ-->
		<mark id="sTok309" xlink:href="#xpointer(string-range(//body,'',1094,4))"/>
		<!--ⲙⲁⲩⲁⲁ-->
		<mark id="sTok310" xlink:href="#xpointer(string-range(//body,'',1099,5))"/>
		<!--ϥ-->
		<mark id="sTok311" xlink:href="#xpointer(string-range(//body,'',1105,1))"/>
		<!--ⲡ-->
		<mark id="sTok312" xlink:href="#xpointer(string-range(//body,'',1107,1))"/>
		<!--ⲉⲧ-->
		<mark id="sTok313" xlink:href="#xpointer(string-range(//body,'',1109,2))"/>
		<!--ⲕⲉ-->
		<mark id="sTok314" xlink:href="#xpointer(string-range(//body,'',1112,2))"/>
		<!--ϣⲙϣⲉ-->
		<mark id="sTok315" xlink:href="#xpointer(string-range(//body,'',1115,4))"/>
		<!--ⲛⲁ-->
		<mark id="sTok316" xlink:href="#xpointer(string-range(//body,'',1120,2))"/>
		<!--ϥ-->
		<mark id="sTok317" xlink:href="#xpointer(string-range(//body,'',1123,1))"/>
		<!--.-->
		<mark id="sTok318" xlink:href="#xpointer(string-range(//body,'',1125,1))"/>
		<!--ⲧⲟⲧⲉ-->
		<mark id="sTok319" xlink:href="#xpointer(string-range(//body,'',1127,4))"/>
		<!--ⲁ-->
		<mark id="sTok320" xlink:href="#xpointer(string-range(//body,'',1132,1))"/>
		<!--ϥ-->
		<mark id="sTok321" xlink:href="#xpointer(string-range(//body,'',1134,1))"/>
		<!--ⲕⲁⲁ-->
		<mark id="sTok322" xlink:href="#xpointer(string-range(//body,'',1136,3))"/>
		<!--ϥ-->
		<mark id="sTok323" xlink:href="#xpointer(string-range(//body,'',1140,1))"/>
		<!--ⲛϭⲓ-->
		<mark id="sTok324" xlink:href="#xpointer(string-range(//body,'',1142,3))"/>
		<!--ⲡ-->
		<mark id="sTok325" xlink:href="#xpointer(string-range(//body,'',1146,1))"/>
		<!--ⲇⲓⲁⲃⲟⲗⲟⲥ-->
		<mark id="sTok326" xlink:href="#xpointer(string-range(//body,'',1148,8))"/>
		<!--.-->
		<mark id="sTok327" xlink:href="#xpointer(string-range(//body,'',1157,1))"/>
		<!--ⲁⲩⲱ-->
		<mark id="sTok328" xlink:href="#xpointer(string-range(//body,'',1159,3))"/>
		<!--ⲉⲓⲥ-->
		<mark id="sTok329" xlink:href="#xpointer(string-range(//body,'',1163,3))"/>
		<!--ϩⲏⲏⲧⲉ-->
		<mark id="sTok330" xlink:href="#xpointer(string-range(//body,'',1167,5))"/>
		<!--ⲉⲓⲥ-->
		<mark id="sTok331" xlink:href="#xpointer(string-range(//body,'',1173,3))"/>
		<!--ⲛ-->
		<mark id="sTok332" xlink:href="#xpointer(string-range(//body,'',1177,1))"/>
		<!--ⲁⲅⲅⲉⲗⲟⲥ-->
		<mark id="sTok333" xlink:href="#xpointer(string-range(//body,'',1179,7))"/>
		<!--ⲁ-->
		<mark id="sTok334" xlink:href="#xpointer(string-range(//body,'',1187,1))"/>
		<!--ⲩ-->
		<mark id="sTok335" xlink:href="#xpointer(string-range(//body,'',1189,1))"/>
		<!--ⲉⲓ-->
		<mark id="sTok336" xlink:href="#xpointer(string-range(//body,'',1191,2))"/>
		<!--ⲁ-->
		<mark id="sTok337" xlink:href="#xpointer(string-range(//body,'',1194,1))"/>
		<!--ⲩ-->
		<mark id="sTok338" xlink:href="#xpointer(string-range(//body,'',1196,1))"/>
		<!--ⲇⲓⲁⲕⲟⲛⲉⲓ-->
		<mark id="sTok339" xlink:href="#xpointer(string-range(//body,'',1198,8))"/>
		<!--ⲛⲁ-->
		<mark id="sTok340" xlink:href="#xpointer(string-range(//body,'',1207,2))"/>
		<!--ϥ-->
		<mark id="sTok341" xlink:href="#xpointer(string-range(//body,'',1210,1))"/>
		<!--.-->
		<mark id="sTok342" xlink:href="#xpointer(string-range(//body,'',1212,1))"/>
		<!--ⲁ-->
		<mark id="sTok343" xlink:href="#xpointer(string-range(//body,'',1214,1))"/>
		<!--ϥ-->
		<mark id="sTok344" xlink:href="#xpointer(string-range(//body,'',1216,1))"/>
		<!--ⲥⲱⲧⲙ-->
		<mark id="sTok345" xlink:href="#xpointer(string-range(//body,'',1218,4))"/>
		<!--ⲇⲉ-->
		<mark id="sTok346" xlink:href="#xpointer(string-range(//body,'',1223,2))"/>
		<!--ϫⲉ-->
		<mark id="sTok347" xlink:href="#xpointer(string-range(//body,'',1226,2))"/>
		<!--ⲁ-->
		<mark id="sTok348" xlink:href="#xpointer(string-range(//body,'',1229,1))"/>
		<!--ⲩ-->
		<mark id="sTok349" xlink:href="#xpointer(string-range(//body,'',1231,1))"/>
		<!--ⲡⲁⲣⲁⲇⲓⲇⲟⲩ-->
		<mark id="sTok350" xlink:href="#xpointer(string-range(//body,'',1233,9))"/>
		<!--ⲛ-->
		<mark id="sTok351" xlink:href="#xpointer(string-range(//body,'',1243,1))"/>
		<!--ⲓⲱϩⲁⲛⲛⲏⲥ-->
		<mark id="sTok352" xlink:href="#xpointer(string-range(//body,'',1245,8))"/>
		<!--ⲁ-->
		<mark id="sTok353" xlink:href="#xpointer(string-range(//body,'',1254,1))"/>
		<!--ϥ-->
		<mark id="sTok354" xlink:href="#xpointer(string-range(//body,'',1256,1))"/>
		<!--ⲁⲛⲁⲭⲱⲣⲉⲓ-->
		<mark id="sTok355" xlink:href="#xpointer(string-range(//body,'',1258,8))"/>
		<!--ⲉϩⲣⲁⲓ-->
		<mark id="sTok356" xlink:href="#xpointer(string-range(//body,'',1267,5))"/>
		<!--ⲉ-->
		<mark id="sTok357" xlink:href="#xpointer(string-range(//body,'',1273,1))"/>
		<!--ⲧ-->
		<mark id="sTok358" xlink:href="#xpointer(string-range(//body,'',1275,1))"/>
		<!--ⲅⲁⲗⲓⲗⲁⲓⲁ-->
		<mark id="sTok359" xlink:href="#xpointer(string-range(//body,'',1277,8))"/>
		<!--.-->
		<mark id="sTok360" xlink:href="#xpointer(string-range(//body,'',1286,1))"/>
		<!--ⲁ-->
		<mark id="sTok361" xlink:href="#xpointer(string-range(//body,'',1288,1))"/>
		<!--ϥ-->
		<mark id="sTok362" xlink:href="#xpointer(string-range(//body,'',1290,1))"/>
		<!--ⲕⲱ-->
		<mark id="sTok363" xlink:href="#xpointer(string-range(//body,'',1292,2))"/>
		<!--ⲛⲥⲱ-->
		<mark id="sTok364" xlink:href="#xpointer(string-range(//body,'',1295,3))"/>
		<!--ϥ-->
		<mark id="sTok365" xlink:href="#xpointer(string-range(//body,'',1299,1))"/>
		<!--ⲛ-->
		<mark id="sTok366" xlink:href="#xpointer(string-range(//body,'',1301,1))"/>
		<!--ⲛⲁⲍⲁⲣⲉⲑ-->
		<mark id="sTok367" xlink:href="#xpointer(string-range(//body,'',1303,7))"/>
		<!--.-->
		<mark id="sTok368" xlink:href="#xpointer(string-range(//body,'',1311,1))"/>
		<!--ⲁ-->
		<mark id="sTok369" xlink:href="#xpointer(string-range(//body,'',1313,1))"/>
		<!--ϥ-->
		<mark id="sTok370" xlink:href="#xpointer(string-range(//body,'',1315,1))"/>
		<!--ⲉⲓ-->
		<mark id="sTok371" xlink:href="#xpointer(string-range(//body,'',1317,2))"/>
		<!--ⲁ-->
		<mark id="sTok372" xlink:href="#xpointer(string-range(//body,'',1320,1))"/>
		<!--ϥ-->
		<mark id="sTok373" xlink:href="#xpointer(string-range(//body,'',1322,1))"/>
		<!--ⲟⲩⲱϩ-->
		<mark id="sTok374" xlink:href="#xpointer(string-range(//body,'',1324,4))"/>
		<!--ϩⲛ-->
		<mark id="sTok375" xlink:href="#xpointer(string-range(//body,'',1329,2))"/>
		<!--ⲕⲁⲡⲁⲣⲛⲁⲟⲩⲙ-->
		<mark id="sTok376" xlink:href="#xpointer(string-range(//body,'',1332,10))"/>
		<!--.-->
		<mark id="sTok377" xlink:href="#xpointer(string-range(//body,'',1343,1))"/>
		<!--ⲧⲁⲓ-->
		<mark id="sTok378" xlink:href="#xpointer(string-range(//body,'',1345,3))"/>
		<!--ⲉ-->
		<mark id="sTok379" xlink:href="#xpointer(string-range(//body,'',1349,1))"/>
		<!--ⲧ-->
		<mark id="sTok380" xlink:href="#xpointer(string-range(//body,'',1351,1))"/>
		<!--ϩⲁⲧⲛ-->
		<mark id="sTok381" xlink:href="#xpointer(string-range(//body,'',1353,4))"/>
		<!--ⲑ-->
		<mark id="sTok382" xlink:href="#xpointer(string-range(//body,'',1358,1))"/>
		<!--ⲁⲗⲁⲥⲥⲁ-->
		<mark id="sTok383" xlink:href="#xpointer(string-range(//body,'',1360,6))"/>
		<!--ϩⲛ-->
		<mark id="sTok384" xlink:href="#xpointer(string-range(//body,'',1367,2))"/>
		<!--ⲛ-->
		<mark id="sTok385" xlink:href="#xpointer(string-range(//body,'',1370,1))"/>
		<!--ⲧⲟϣ-->
		<mark id="sTok386" xlink:href="#xpointer(string-range(//body,'',1372,3))"/>
		<!--ⲛ-->
		<mark id="sTok387" xlink:href="#xpointer(string-range(//body,'',1376,1))"/>
		<!--ⲍⲁⲃⲟⲩⲗⲱⲛ-->
		<mark id="sTok388" xlink:href="#xpointer(string-range(//body,'',1378,8))"/>
		<!--ⲙⲛ-->
		<mark id="sTok389" xlink:href="#xpointer(string-range(//body,'',1387,2))"/>
		<!--ⲛⲉⲫⲑⲁⲗⲉⲓⲙ-->
		<mark id="sTok390" xlink:href="#xpointer(string-range(//body,'',1390,9))"/>
		<!--.-->
		<mark id="sTok391" xlink:href="#xpointer(string-range(//body,'',1400,1))"/>
		<!--ϫⲉⲕⲁⲁⲥ-->
		<mark id="sTok392" xlink:href="#xpointer(string-range(//body,'',1402,6))"/>
		<!--ⲉϥⲉ-->
		<mark id="sTok393" xlink:href="#xpointer(string-range(//body,'',1409,3))"/>
		<!--ϫⲱⲕ-->
		<mark id="sTok394" xlink:href="#xpointer(string-range(//body,'',1413,3))"/>
		<!--ⲉⲃⲟⲗ-->
		<mark id="sTok395" xlink:href="#xpointer(string-range(//body,'',1417,4))"/>
		<!--ⲛϭⲓ-->
		<mark id="sTok396" xlink:href="#xpointer(string-range(//body,'',1422,3))"/>
		<!--ⲡ-->
		<mark id="sTok397" xlink:href="#xpointer(string-range(//body,'',1426,1))"/>
		<!--ⲉⲛⲧ-->
		<mark id="sTok398" xlink:href="#xpointer(string-range(//body,'',1428,3))"/>
		<!--ⲁ-->
		<mark id="sTok399" xlink:href="#xpointer(string-range(//body,'',1432,1))"/>
		<!--ⲩ-->
		<mark id="sTok400" xlink:href="#xpointer(string-range(//body,'',1434,1))"/>
		<!--ϫⲟⲟ-->
		<mark id="sTok401" xlink:href="#xpointer(string-range(//body,'',1436,3))"/>
		<!--ϥ-->
		<mark id="sTok402" xlink:href="#xpointer(string-range(//body,'',1440,1))"/>
		<!--ϩⲓⲧⲛ-->
		<mark id="sTok403" xlink:href="#xpointer(string-range(//body,'',1442,4))"/>
		<!--ⲏⲥⲁⲓⲁⲥ-->
		<mark id="sTok404" xlink:href="#xpointer(string-range(//body,'',1447,6))"/>
		<!--ⲡⲉ-->
		<mark id="sTok405" xlink:href="#xpointer(string-range(//body,'',1454,2))"/>
		<!--ⲡⲣⲟⲫⲏⲧⲏⲥ-->
		<mark id="sTok406" xlink:href="#xpointer(string-range(//body,'',1457,8))"/>
		<!--ⲉ-->
		<mark id="sTok407" xlink:href="#xpointer(string-range(//body,'',1466,1))"/>
		<!--ϥ-->
		<mark id="sTok408" xlink:href="#xpointer(string-range(//body,'',1468,1))"/>
		<!--ϫⲱ-->
		<mark id="sTok409" xlink:href="#xpointer(string-range(//body,'',1470,2))"/>
		<!--ⲙⲙⲟ-->
		<mark id="sTok410" xlink:href="#xpointer(string-range(//body,'',1473,3))"/>
		<!--ⲥ-->
		<mark id="sTok411" xlink:href="#xpointer(string-range(//body,'',1477,1))"/>
		<!--.-->
		<mark id="sTok412" xlink:href="#xpointer(string-range(//body,'',1479,1))"/>
		<!--ϫⲉ-->
		<mark id="sTok413" xlink:href="#xpointer(string-range(//body,'',1481,2))"/>
		<!--ⲡ-->
		<mark id="sTok414" xlink:href="#xpointer(string-range(//body,'',1484,1))"/>
		<!--ⲕⲁϩ-->
		<mark id="sTok415" xlink:href="#xpointer(string-range(//body,'',1486,3))"/>
		<!--ⲛ-->
		<mark id="sTok416" xlink:href="#xpointer(string-range(//body,'',1490,1))"/>
		<!--ⲍⲁⲃⲟⲩⲗⲱⲛ-->
		<mark id="sTok417" xlink:href="#xpointer(string-range(//body,'',1492,8))"/>
		<!--ⲡ-->
		<mark id="sTok418" xlink:href="#xpointer(string-range(//body,'',1501,1))"/>
		<!--ⲕⲁϩ-->
		<mark id="sTok419" xlink:href="#xpointer(string-range(//body,'',1503,3))"/>
		<!--ⲛⲉⲫⲑⲁⲗⲉⲓⲙ-->
		<mark id="sTok420" xlink:href="#xpointer(string-range(//body,'',1507,9))"/>
		<!--.-->
		<mark id="sTok421" xlink:href="#xpointer(string-range(//body,'',1517,1))"/>
		<!--ⲧⲉ-->
		<mark id="sTok422" xlink:href="#xpointer(string-range(//body,'',1519,2))"/>
		<!--ϩⲓⲏ-->
		<mark id="sTok423" xlink:href="#xpointer(string-range(//body,'',1522,3))"/>
		<!--ⲛ-->
		<mark id="sTok424" xlink:href="#xpointer(string-range(//body,'',1526,1))"/>
		<!--ⲑ-->
		<mark id="sTok425" xlink:href="#xpointer(string-range(//body,'',1528,1))"/>
		<!--ⲁⲗⲁⲥⲥⲁ-->
		<mark id="sTok426" xlink:href="#xpointer(string-range(//body,'',1530,6))"/>
		<!--ⲡⲉ-->
		<mark id="sTok427" xlink:href="#xpointer(string-range(//body,'',1537,2))"/>
		<!--ⲕⲣⲟ-->
		<mark id="sTok428" xlink:href="#xpointer(string-range(//body,'',1540,3))"/>
		<!--ⲙ-->
		<mark id="sTok429" xlink:href="#xpointer(string-range(//body,'',1544,1))"/>
		<!--ⲡⲉ-->
		<mark id="sTok430" xlink:href="#xpointer(string-range(//body,'',1546,2))"/>
		<!--ⲓⲟⲣⲇⲁⲛⲏⲥ-->
		<mark id="sTok431" xlink:href="#xpointer(string-range(//body,'',1549,8))"/>
		<!--.-->
		<mark id="sTok432" xlink:href="#xpointer(string-range(//body,'',1558,1))"/>
		<!--ⲧ-->
		<mark id="sTok433" xlink:href="#xpointer(string-range(//body,'',1560,1))"/>
		<!--ⲅⲁⲗⲓⲗⲁⲓⲁ-->
		<mark id="sTok434" xlink:href="#xpointer(string-range(//body,'',1562,8))"/>
		<!--ⲛ-->
		<mark id="sTok435" xlink:href="#xpointer(string-range(//body,'',1571,1))"/>
		<!--ⲛ-->
		<mark id="sTok436" xlink:href="#xpointer(string-range(//body,'',1573,1))"/>
		<!--ϩⲉⲑⲛⲟⲥ-->
		<mark id="sTok437" xlink:href="#xpointer(string-range(//body,'',1575,6))"/>
		<!--.-->
		<mark id="sTok438" xlink:href="#xpointer(string-range(//body,'',1582,1))"/>
		<!--ⲡ-->
		<mark id="sTok439" xlink:href="#xpointer(string-range(//body,'',1584,1))"/>
		<!--ⲗⲁⲟⲥ-->
		<mark id="sTok440" xlink:href="#xpointer(string-range(//body,'',1586,4))"/>
		<!--ⲉⲧ-->
		<mark id="sTok441" xlink:href="#xpointer(string-range(//body,'',1591,2))"/>
		<!--ϩⲙⲟⲟⲥ-->
		<mark id="sTok442" xlink:href="#xpointer(string-range(//body,'',1594,5))"/>
		<!--ϩⲙ-->
		<mark id="sTok443" xlink:href="#xpointer(string-range(//body,'',1600,2))"/>
		<!--ⲡ-->
		<mark id="sTok444" xlink:href="#xpointer(string-range(//body,'',1603,1))"/>
		<!--ⲕⲁⲕⲉ-->
		<mark id="sTok445" xlink:href="#xpointer(string-range(//body,'',1605,4))"/>
		<!--ⲁ-->
		<mark id="sTok446" xlink:href="#xpointer(string-range(//body,'',1610,1))"/>
		<!--ϥ-->
		<mark id="sTok447" xlink:href="#xpointer(string-range(//body,'',1612,1))"/>
		<!--ⲛⲁⲩ-->
		<mark id="sTok448" xlink:href="#xpointer(string-range(//body,'',1614,3))"/>
		<!--ⲉ-->
		<mark id="sTok449" xlink:href="#xpointer(string-range(//body,'',1618,1))"/>
		<!--ⲩ-->
		<mark id="sTok450" xlink:href="#xpointer(string-range(//body,'',1620,1))"/>
		<!--ⲛⲟϭ-->
		<mark id="sTok451" xlink:href="#xpointer(string-range(//body,'',1622,3))"/>
		<!--ⲛ-->
		<mark id="sTok452" xlink:href="#xpointer(string-range(//body,'',1626,1))"/>
		<!--ⲟⲩⲟⲉⲓⲛ-->
		<mark id="sTok453" xlink:href="#xpointer(string-range(//body,'',1628,6))"/>
		<!--.-->
		<mark id="sTok454" xlink:href="#xpointer(string-range(//body,'',1635,1))"/>
		<!--ⲛ-->
		<mark id="sTok455" xlink:href="#xpointer(string-range(//body,'',1637,1))"/>
		<!--ⲉⲧ-->
		<mark id="sTok456" xlink:href="#xpointer(string-range(//body,'',1639,2))"/>
		<!--ⲟⲩⲏϩ-->
		<mark id="sTok457" xlink:href="#xpointer(string-range(//body,'',1642,4))"/>
		<!--ϩⲛ-->
		<mark id="sTok458" xlink:href="#xpointer(string-range(//body,'',1647,2))"/>
		<!--ⲧⲉ-->
		<mark id="sTok459" xlink:href="#xpointer(string-range(//body,'',1650,2))"/>
		<!--ⲭⲱⲣⲁ-->
		<mark id="sTok460" xlink:href="#xpointer(string-range(//body,'',1653,4))"/>
		<!--ⲙⲛ-->
		<mark id="sTok461" xlink:href="#xpointer(string-range(//body,'',1658,2))"/>
		<!--ⲧ-->
		<mark id="sTok462" xlink:href="#xpointer(string-range(//body,'',1661,1))"/>
		<!--ϩⲁⲓⲃⲉⲥ-->
		<mark id="sTok463" xlink:href="#xpointer(string-range(//body,'',1663,6))"/>
		<!--ⲙ-->
		<mark id="sTok464" xlink:href="#xpointer(string-range(//body,'',1670,1))"/>
		<!--ⲡ-->
		<mark id="sTok465" xlink:href="#xpointer(string-range(//body,'',1672,1))"/>
		<!--ⲙⲟⲩ-->
		<mark id="sTok466" xlink:href="#xpointer(string-range(//body,'',1674,3))"/>
		<!--ⲡ-->
		<mark id="sTok467" xlink:href="#xpointer(string-range(//body,'',1678,1))"/>
		<!--ⲟⲩⲟⲉⲓⲛ-->
		<mark id="sTok468" xlink:href="#xpointer(string-range(//body,'',1680,6))"/>
		<!--ⲁ-->
		<mark id="sTok469" xlink:href="#xpointer(string-range(//body,'',1687,1))"/>
		<!--ϥ-->
		<mark id="sTok470" xlink:href="#xpointer(string-range(//body,'',1689,1))"/>
		<!--ϣⲁ-->
		<mark id="sTok471" xlink:href="#xpointer(string-range(//body,'',1691,2))"/>
		<!--ⲛⲁ-->
		<mark id="sTok472" xlink:href="#xpointer(string-range(//body,'',1694,2))"/>
		<!--ⲩ-->
		<mark id="sTok473" xlink:href="#xpointer(string-range(//body,'',1697,1))"/>
		<!--.-->
		<mark id="sTok474" xlink:href="#xpointer(string-range(//body,'',1699,1))"/>
		<!--ϫⲓⲛ-->
		<mark id="sTok475" xlink:href="#xpointer(string-range(//body,'',1701,3))"/>
		<!--ⲡⲉ-->
		<mark id="sTok476" xlink:href="#xpointer(string-range(//body,'',1705,2))"/>
		<!--ⲩⲟⲉⲓϣ-->
		<mark id="sTok477" xlink:href="#xpointer(string-range(//body,'',1708,5))"/>
		<!--ⲉⲧ-->
		<mark id="sTok478" xlink:href="#xpointer(string-range(//body,'',1714,2))"/>
		<!--ⲙⲙⲁⲩ-->
		<mark id="sTok479" xlink:href="#xpointer(string-range(//body,'',1717,4))"/>
		<!--ⲁ-->
		<mark id="sTok480" xlink:href="#xpointer(string-range(//body,'',1722,1))"/>
		<!--ϥ-->
		<mark id="sTok481" xlink:href="#xpointer(string-range(//body,'',1724,1))"/>
		<!--ⲁⲣⲭⲉⲓ-->
		<mark id="sTok482" xlink:href="#xpointer(string-range(//body,'',1726,5))"/>
		<!--ⲛϭⲓ-->
		<mark id="sTok483" xlink:href="#xpointer(string-range(//body,'',1732,3))"/>
		<!--ⲓⲏⲥⲟⲩⲥ-->
		<mark id="sTok484" xlink:href="#xpointer(string-range(//body,'',1736,6))"/>
		<!--ⲉ-->
		<mark id="sTok485" xlink:href="#xpointer(string-range(//body,'',1743,1))"/>
		<!--ⲧⲁϣⲉ-->
		<mark id="sTok486" xlink:href="#xpointer(string-range(//body,'',1745,4))"/>
		<!--ⲟⲉⲓϣ-->
		<mark id="sTok487" xlink:href="#xpointer(string-range(//body,'',1750,4))"/>
		<!--ⲁ-->
		<mark id="sTok488" xlink:href="#xpointer(string-range(//body,'',1755,1))"/>
		<!--ϥ-->
		<mark id="sTok489" xlink:href="#xpointer(string-range(//body,'',1757,1))"/>
		<!--ⲱ-->
		<mark id="sTok490" xlink:href="#xpointer(string-range(//body,'',1759,1))"/>
		<!--ⲉ-->
		<mark id="sTok491" xlink:href="#xpointer(string-range(//body,'',1761,1))"/>
		<!--ϫⲟⲟ-->
		<mark id="sTok492" xlink:href="#xpointer(string-range(//body,'',1763,3))"/>
		<!--ⲥ-->
		<mark id="sTok493" xlink:href="#xpointer(string-range(//body,'',1767,1))"/>
		<!--.-->
		<mark id="sTok494" xlink:href="#xpointer(string-range(//body,'',1769,1))"/>
		<!--ϫⲉ-->
		<mark id="sTok495" xlink:href="#xpointer(string-range(//body,'',1771,2))"/>
		<!--ⲙⲉⲧⲁⲛⲟⲉⲓ-->
		<mark id="sTok496" xlink:href="#xpointer(string-range(//body,'',1774,8))"/>
		<!--ⲁ-->
		<mark id="sTok497" xlink:href="#xpointer(string-range(//body,'',1783,1))"/>
		<!--ⲥ-->
		<mark id="sTok498" xlink:href="#xpointer(string-range(//body,'',1785,1))"/>
		<!--ϩⲱⲛ-->
		<mark id="sTok499" xlink:href="#xpointer(string-range(//body,'',1787,3))"/>
		<!--ⲅⲁⲣ-->
		<mark id="sTok500" xlink:href="#xpointer(string-range(//body,'',1791,3))"/>
		<!--ⲉϩⲟⲩⲛ-->
		<mark id="sTok501" xlink:href="#xpointer(string-range(//body,'',1795,5))"/>
		<!--ⲛϭⲓ-->
		<mark id="sTok502" xlink:href="#xpointer(string-range(//body,'',1801,3))"/>
		<!--ⲧ-->
		<mark id="sTok503" xlink:href="#xpointer(string-range(//body,'',1805,1))"/>
		<!--ⲙⲛⲧ-->
		<mark id="sTok504" xlink:href="#xpointer(string-range(//body,'',1807,3))"/>
		<!--ⲣⲣⲟ-->
		<mark id="sTok505" xlink:href="#xpointer(string-range(//body,'',1811,3))"/>
		<!--ⲛ-->
		<mark id="sTok506" xlink:href="#xpointer(string-range(//body,'',1815,1))"/>
		<!--ⲙ-->
		<mark id="sTok507" xlink:href="#xpointer(string-range(//body,'',1817,1))"/>
		<!--ⲡⲏⲩⲉ-->
		<mark id="sTok508" xlink:href="#xpointer(string-range(//body,'',1819,4))"/>
		<!--.-->
		<mark id="sTok509" xlink:href="#xpointer(string-range(//body,'',1824,1))"/>
		<!--ⲉ-->
		<mark id="sTok510" xlink:href="#xpointer(string-range(//body,'',1826,1))"/>
		<!--ϥ-->
		<mark id="sTok511" xlink:href="#xpointer(string-range(//body,'',1828,1))"/>
		<!--ⲙⲟⲟϣⲉ-->
		<mark id="sTok512" xlink:href="#xpointer(string-range(//body,'',1830,5))"/>
		<!--ⲇⲉ-->
		<mark id="sTok513" xlink:href="#xpointer(string-range(//body,'',1836,2))"/>
		<!--ϩⲁⲧⲛ-->
		<mark id="sTok514" xlink:href="#xpointer(string-range(//body,'',1839,4))"/>
		<!--ⲑ-->
		<mark id="sTok515" xlink:href="#xpointer(string-range(//body,'',1844,1))"/>
		<!--ⲁⲗⲁⲥⲥⲁ-->
		<mark id="sTok516" xlink:href="#xpointer(string-range(//body,'',1846,6))"/>
		<!--ⲛ-->
		<mark id="sTok517" xlink:href="#xpointer(string-range(//body,'',1853,1))"/>
		<!--ⲧ-->
		<mark id="sTok518" xlink:href="#xpointer(string-range(//body,'',1855,1))"/>
		<!--ⲅⲁⲗⲓⲗⲁⲓⲁ-->
		<mark id="sTok519" xlink:href="#xpointer(string-range(//body,'',1857,8))"/>
		<!--ⲁ-->
		<mark id="sTok520" xlink:href="#xpointer(string-range(//body,'',1866,1))"/>
		<!--ϥ-->
		<mark id="sTok521" xlink:href="#xpointer(string-range(//body,'',1868,1))"/>
		<!--ⲛⲁⲩ-->
		<mark id="sTok522" xlink:href="#xpointer(string-range(//body,'',1870,3))"/>
		<!--ⲉ-->
		<mark id="sTok523" xlink:href="#xpointer(string-range(//body,'',1874,1))"/>
		<!--ⲥ-->
		<mark id="sTok524" xlink:href="#xpointer(string-range(//body,'',1876,1))"/>
		<!--ⲟⲛ-->
		<mark id="sTok525" xlink:href="#xpointer(string-range(//body,'',1878,2))"/>
		<!--ⲥⲛⲁⲩ-->
		<mark id="sTok526" xlink:href="#xpointer(string-range(//body,'',1881,4))"/>
		<!--.-->
		<mark id="sTok527" xlink:href="#xpointer(string-range(//body,'',1886,1))"/>
		<!--ⲥⲓⲙⲱⲛ-->
		<mark id="sTok528" xlink:href="#xpointer(string-range(//body,'',1888,5))"/>
		<!--ⲡ-->
		<mark id="sTok529" xlink:href="#xpointer(string-range(//body,'',1894,1))"/>
		<!--ⲉⲧⲉ-->
		<mark id="sTok530" xlink:href="#xpointer(string-range(//body,'',1896,3))"/>
		<!--ϣⲁ-->
		<mark id="sTok531" xlink:href="#xpointer(string-range(//body,'',1900,2))"/>
		<!--ⲩ-->
		<mark id="sTok532" xlink:href="#xpointer(string-range(//body,'',1903,1))"/>
		<!--ⲙⲟⲩⲧⲉ-->
		<mark id="sTok533" xlink:href="#xpointer(string-range(//body,'',1905,5))"/>
		<!--ⲉⲣⲟ-->
		<mark id="sTok534" xlink:href="#xpointer(string-range(//body,'',1911,3))"/>
		<!--ϥ-->
		<mark id="sTok535" xlink:href="#xpointer(string-range(//body,'',1915,1))"/>
		<!--ϫⲉ-->
		<mark id="sTok536" xlink:href="#xpointer(string-range(//body,'',1917,2))"/>
		<!--ⲡⲉⲧⲣⲟⲥ-->
		<mark id="sTok537" xlink:href="#xpointer(string-range(//body,'',1920,6))"/>
		<!--ⲙⲛ-->
		<mark id="sTok538" xlink:href="#xpointer(string-range(//body,'',1927,2))"/>
		<!--ⲁⲛⲇⲣⲉⲁⲥ-->
		<mark id="sTok539" xlink:href="#xpointer(string-range(//body,'',1930,7))"/>
		<!--ⲡⲉϥ-->
		<mark id="sTok540" xlink:href="#xpointer(string-range(//body,'',1938,3))"/>
		<!--ⲥⲟⲛ-->
		<mark id="sTok541" xlink:href="#xpointer(string-range(//body,'',1942,3))"/>
		<!--ⲉ-->
		<mark id="sTok542" xlink:href="#xpointer(string-range(//body,'',1946,1))"/>
		<!--ⲩ-->
		<mark id="sTok543" xlink:href="#xpointer(string-range(//body,'',1948,1))"/>
		<!--ϩⲓϣⲛⲉ-->
		<mark id="sTok544" xlink:href="#xpointer(string-range(//body,'',1950,5))"/>
		<!--ⲉϩⲣⲁⲓ-->
		<mark id="sTok545" xlink:href="#xpointer(string-range(//body,'',1956,5))"/>
		<!--ⲉ-->
		<mark id="sTok546" xlink:href="#xpointer(string-range(//body,'',1962,1))"/>
		<!--ⲑⲁⲗⲁⲥⲥⲁ-->
		<mark id="sTok547" xlink:href="#xpointer(string-range(//body,'',1964,7))"/>
		<!--ϫⲉ-->
		<mark id="sTok548" xlink:href="#xpointer(string-range(//body,'',1972,2))"/>
		<!--ⲛⲉ-->
		<mark id="sTok549" xlink:href="#xpointer(string-range(//body,'',1975,2))"/>
		<!--ϩⲉⲛ-->
		<mark id="sTok550" xlink:href="#xpointer(string-range(//body,'',1978,3))"/>
		<!--ⲟⲩⲱϩⲉ-->
		<mark id="sTok551" xlink:href="#xpointer(string-range(//body,'',1982,5))"/>
		<!--ⲅⲁⲣ-->
		<mark id="sTok552" xlink:href="#xpointer(string-range(//body,'',1988,3))"/>
		<!--ⲛⲉ-->
		<mark id="sTok553" xlink:href="#xpointer(string-range(//body,'',1992,2))"/>
		<!--.-->
		<mark id="sTok554" xlink:href="#xpointer(string-range(//body,'',1995,1))"/>
		<!--ⲡⲉϫⲁ-->
		<mark id="sTok555" xlink:href="#xpointer(string-range(//body,'',1997,4))"/>
		<!--ϥ-->
		<mark id="sTok556" xlink:href="#xpointer(string-range(//body,'',2002,1))"/>
		<!--ⲛⲁ-->
		<mark id="sTok557" xlink:href="#xpointer(string-range(//body,'',2004,2))"/>
		<!--ⲩ-->
		<mark id="sTok558" xlink:href="#xpointer(string-range(//body,'',2007,1))"/>
		<!--ϫⲉ-->
		<mark id="sTok559" xlink:href="#xpointer(string-range(//body,'',2009,2))"/>
		<!--ⲁⲙⲏⲓⲧⲛ-->
		<mark id="sTok560" xlink:href="#xpointer(string-range(//body,'',2012,6))"/>
		<!--ⲟⲩⲉϩ-->
		<mark id="sTok561" xlink:href="#xpointer(string-range(//body,'',2019,4))"/>
		<!--ⲧⲏⲩⲧⲛ-->
		<mark id="sTok562" xlink:href="#xpointer(string-range(//body,'',2024,5))"/>
		<!--ⲛⲥⲱ-->
		<mark id="sTok563" xlink:href="#xpointer(string-range(//body,'',2030,3))"/>
		<!--ⲓ-->
		<mark id="sTok564" xlink:href="#xpointer(string-range(//body,'',2034,1))"/>
		<!--.-->
		<mark id="sTok565" xlink:href="#xpointer(string-range(//body,'',2036,1))"/>
		<!--ⲧⲁⲣ-->
		<mark id="sTok566" xlink:href="#xpointer(string-range(//body,'',2038,3))"/>
		<!--ⲧⲏⲩⲧⲛ-->
		<mark id="sTok567" xlink:href="#xpointer(string-range(//body,'',2042,5))"/>
		<!--ⲛ-->
		<mark id="sTok568" xlink:href="#xpointer(string-range(//body,'',2048,1))"/>
		<!--ⲟⲩⲱϩⲉ-->
		<mark id="sTok569" xlink:href="#xpointer(string-range(//body,'',2050,5))"/>
		<!--ⲛ-->
		<mark id="sTok570" xlink:href="#xpointer(string-range(//body,'',2056,1))"/>
		<!--ⲣⲱⲙⲉ-->
		<mark id="sTok571" xlink:href="#xpointer(string-range(//body,'',2058,4))"/>
		<!--.-->
		<mark id="sTok572" xlink:href="#xpointer(string-range(//body,'',2063,1))"/>
		<!--ⲛⲧⲟⲟⲩ-->
		<mark id="sTok573" xlink:href="#xpointer(string-range(//body,'',2065,5))"/>
		<!--ⲇⲉ-->
		<mark id="sTok574" xlink:href="#xpointer(string-range(//body,'',2071,2))"/>
		<!--ⲛ-->
		<mark id="sTok575" xlink:href="#xpointer(string-range(//body,'',2074,1))"/>
		<!--ⲧⲉ-->
		<mark id="sTok576" xlink:href="#xpointer(string-range(//body,'',2076,2))"/>
		<!--ⲩⲛⲟⲩ-->
		<mark id="sTok577" xlink:href="#xpointer(string-range(//body,'',2079,4))"/>
		<!--ⲁ-->
		<mark id="sTok578" xlink:href="#xpointer(string-range(//body,'',2084,1))"/>
		<!--ⲩ-->
		<mark id="sTok579" xlink:href="#xpointer(string-range(//body,'',2086,1))"/>
		<!--ⲕⲱ-->
		<mark id="sTok580" xlink:href="#xpointer(string-range(//body,'',2088,2))"/>
		<!--ⲛ-->
		<mark id="sTok581" xlink:href="#xpointer(string-range(//body,'',2091,1))"/>
		<!--ⲛⲉⲩ-->
		<mark id="sTok582" xlink:href="#xpointer(string-range(//body,'',2093,3))"/>
		<!--ϣⲛⲏⲩ-->
		<mark id="sTok583" xlink:href="#xpointer(string-range(//body,'',2097,4))"/>
		<!--.-->
		<mark id="sTok584" xlink:href="#xpointer(string-range(//body,'',2102,1))"/>
		<!--ⲁ-->
		<mark id="sTok585" xlink:href="#xpointer(string-range(//body,'',2104,1))"/>
		<!--ⲩ-->
		<mark id="sTok586" xlink:href="#xpointer(string-range(//body,'',2106,1))"/>
		<!--ⲟⲩⲁϩ-->
		<mark id="sTok587" xlink:href="#xpointer(string-range(//body,'',2108,4))"/>
		<!--ⲟⲩ-->
		<mark id="sTok588" xlink:href="#xpointer(string-range(//body,'',2113,2))"/>
		<!--ⲛⲥⲱ-->
		<mark id="sTok589" xlink:href="#xpointer(string-range(//body,'',2116,3))"/>
		<!--ϥ-->
		<mark id="sTok590" xlink:href="#xpointer(string-range(//body,'',2120,1))"/>
		<!--.-->
		<mark id="sTok591" xlink:href="#xpointer(string-range(//body,'',2122,1))"/>
		<!--ⲁ-->
		<mark id="sTok592" xlink:href="#xpointer(string-range(//body,'',2124,1))"/>
		<!--ϥ-->
		<mark id="sTok593" xlink:href="#xpointer(string-range(//body,'',2126,1))"/>
		<!--ⲙⲟⲟϣⲉ-->
		<mark id="sTok594" xlink:href="#xpointer(string-range(//body,'',2128,5))"/>
		<!--ⲇⲉ-->
		<mark id="sTok595" xlink:href="#xpointer(string-range(//body,'',2134,2))"/>
		<!--ⲟⲛ-->
		<mark id="sTok596" xlink:href="#xpointer(string-range(//body,'',2137,2))"/>
		<!--ⲉ-->
		<mark id="sTok597" xlink:href="#xpointer(string-range(//body,'',2140,1))"/>
		<!--ⲧ-->
		<mark id="sTok598" xlink:href="#xpointer(string-range(//body,'',2142,1))"/>
		<!--ϩⲏ-->
		<mark id="sTok599" xlink:href="#xpointer(string-range(//body,'',2144,2))"/>
		<!--ⲛ-->
		<mark id="sTok600" xlink:href="#xpointer(string-range(//body,'',2147,1))"/>
		<!--ⲕⲉ-->
		<mark id="sTok601" xlink:href="#xpointer(string-range(//body,'',2149,2))"/>
		<!--ⲕⲟⲩⲓ-->
		<mark id="sTok602" xlink:href="#xpointer(string-range(//body,'',2152,4))"/>
		<!--.-->
		<mark id="sTok603" xlink:href="#xpointer(string-range(//body,'',2157,1))"/>
		<!--ⲁ-->
		<mark id="sTok604" xlink:href="#xpointer(string-range(//body,'',2159,1))"/>
		<!--ϥ-->
		<mark id="sTok605" xlink:href="#xpointer(string-range(//body,'',2161,1))"/>
		<!--ⲛⲁⲩ-->
		<mark id="sTok606" xlink:href="#xpointer(string-range(//body,'',2163,3))"/>
		<!--ⲉⲕⲉ-->
		<mark id="sTok607" xlink:href="#xpointer(string-range(//body,'',2167,3))"/>
		<!--ⲥⲟ-->
		<mark id="sTok608" xlink:href="#xpointer(string-range(//body,'',2171,2))"/>
		<!--ⲛ-->
		<mark id="sTok609" xlink:href="#xpointer(string-range(//body,'',2174,1))"/>
		<!--ⲥⲛⲁⲩ-->
		<mark id="sTok610" xlink:href="#xpointer(string-range(//body,'',2176,4))"/>
		<!--ⲓⲁⲕⲱⲃⲟⲥ-->
		<mark id="sTok611" xlink:href="#xpointer(string-range(//body,'',2181,7))"/>
		<!--ⲡ-->
		<mark id="sTok612" xlink:href="#xpointer(string-range(//body,'',2189,1))"/>
		<!--ϣⲏⲣⲉ-->
		<mark id="sTok613" xlink:href="#xpointer(string-range(//body,'',2191,4))"/>
		<!--ⲛ-->
		<mark id="sTok614" xlink:href="#xpointer(string-range(//body,'',2196,1))"/>
		<!--ⲍⲉⲃⲉⲇⲁⲓⲟⲥ-->
		<mark id="sTok615" xlink:href="#xpointer(string-range(//body,'',2198,9))"/>
		<!--ⲙⲛ-->
		<mark id="sTok616" xlink:href="#xpointer(string-range(//body,'',2208,2))"/>
		<!--ⲓⲱϩⲁⲛⲛⲏⲥ-->
		<mark id="sTok617" xlink:href="#xpointer(string-range(//body,'',2211,8))"/>
		<!--ⲡⲉϥ-->
		<mark id="sTok618" xlink:href="#xpointer(string-range(//body,'',2220,3))"/>
		<!--ⲥⲟⲛ-->
		<mark id="sTok619" xlink:href="#xpointer(string-range(//body,'',2224,3))"/>
		<!--ϩⲣⲁⲓ-->
		<mark id="sTok620" xlink:href="#xpointer(string-range(//body,'',2228,4))"/>
		<!--ϩⲙ-->
		<mark id="sTok621" xlink:href="#xpointer(string-range(//body,'',2233,2))"/>
		<!--ⲡ-->
		<mark id="sTok622" xlink:href="#xpointer(string-range(//body,'',2236,1))"/>
		<!--ϫⲟⲓ-->
		<mark id="sTok623" xlink:href="#xpointer(string-range(//body,'',2238,3))"/>
		<!--ⲙⲛ-->
		<mark id="sTok624" xlink:href="#xpointer(string-range(//body,'',2242,2))"/>
		<!--ⲍⲉⲃⲉⲇⲁⲓⲟⲥ-->
		<mark id="sTok625" xlink:href="#xpointer(string-range(//body,'',2245,9))"/>
		<!--ⲡⲉⲩ-->
		<mark id="sTok626" xlink:href="#xpointer(string-range(//body,'',2255,3))"/>
		<!--ⲉⲓⲱⲧ-->
		<mark id="sTok627" xlink:href="#xpointer(string-range(//body,'',2259,4))"/>
		<!--ⲉ-->
		<mark id="sTok628" xlink:href="#xpointer(string-range(//body,'',2264,1))"/>
		<!--ⲩ-->
		<mark id="sTok629" xlink:href="#xpointer(string-range(//body,'',2266,1))"/>
		<!--ⲥⲟϥⲧⲉ-->
		<mark id="sTok630" xlink:href="#xpointer(string-range(//body,'',2268,5))"/>
		<!--ⲛ-->
		<mark id="sTok631" xlink:href="#xpointer(string-range(//body,'',2274,1))"/>
		<!--ⲛⲉⲩ-->
		<mark id="sTok632" xlink:href="#xpointer(string-range(//body,'',2276,3))"/>
		<!--ϣⲛⲏⲩ-->
		<mark id="sTok633" xlink:href="#xpointer(string-range(//body,'',2280,4))"/>
		<!--ⲁ-->
		<mark id="sTok634" xlink:href="#xpointer(string-range(//body,'',2285,1))"/>
		<!--ϥ-->
		<mark id="sTok635" xlink:href="#xpointer(string-range(//body,'',2287,1))"/>
		<!--ⲙⲟⲩⲧⲉ-->
		<mark id="sTok636" xlink:href="#xpointer(string-range(//body,'',2289,5))"/>
		<!--ⲉⲣⲟ-->
		<mark id="sTok637" xlink:href="#xpointer(string-range(//body,'',2295,3))"/>
		<!--ⲟⲩ-->
		<mark id="sTok638" xlink:href="#xpointer(string-range(//body,'',2299,2))"/>
		<!--.-->
		<mark id="sTok639" xlink:href="#xpointer(string-range(//body,'',2302,1))"/>
		<!--ⲛⲧⲟⲟⲩ-->
		<mark id="sTok640" xlink:href="#xpointer(string-range(//body,'',2304,5))"/>
		<!--ⲇⲉ-->
		<mark id="sTok641" xlink:href="#xpointer(string-range(//body,'',2310,2))"/>
		<!--ⲛ-->
		<mark id="sTok642" xlink:href="#xpointer(string-range(//body,'',2313,1))"/>
		<!--ⲧⲉ-->
		<mark id="sTok643" xlink:href="#xpointer(string-range(//body,'',2315,2))"/>
		<!--ⲩⲛⲟⲩ-->
		<mark id="sTok644" xlink:href="#xpointer(string-range(//body,'',2318,4))"/>
		<!--ⲁ-->
		<mark id="sTok645" xlink:href="#xpointer(string-range(//body,'',2323,1))"/>
		<!--ⲩ-->
		<mark id="sTok646" xlink:href="#xpointer(string-range(//body,'',2325,1))"/>
		<!--ⲕⲱ-->
		<mark id="sTok647" xlink:href="#xpointer(string-range(//body,'',2327,2))"/>
		<!--ⲛ-->
		<mark id="sTok648" xlink:href="#xpointer(string-range(//body,'',2330,1))"/>
		<!--ⲛⲉⲩ-->
		<mark id="sTok649" xlink:href="#xpointer(string-range(//body,'',2332,3))"/>
		<!--ϣⲛⲏⲩ-->
		<mark id="sTok650" xlink:href="#xpointer(string-range(//body,'',2336,4))"/>
		<!--ⲙⲛ-->
		<mark id="sTok651" xlink:href="#xpointer(string-range(//body,'',2341,2))"/>
		<!--ⲡⲉⲩ-->
		<mark id="sTok652" xlink:href="#xpointer(string-range(//body,'',2344,3))"/>
		<!--ⲉⲓⲱⲧ-->
		<mark id="sTok653" xlink:href="#xpointer(string-range(//body,'',2348,4))"/>
		<!--ⲁ-->
		<mark id="sTok654" xlink:href="#xpointer(string-range(//body,'',2353,1))"/>
		<!--ⲩ-->
		<mark id="sTok655" xlink:href="#xpointer(string-range(//body,'',2355,1))"/>
		<!--ⲟⲩⲁϩ-->
		<mark id="sTok656" xlink:href="#xpointer(string-range(//body,'',2357,4))"/>
		<!--ⲟⲩ-->
		<mark id="sTok657" xlink:href="#xpointer(string-range(//body,'',2362,2))"/>
		<!--ⲛⲥⲱ-->
		<mark id="sTok658" xlink:href="#xpointer(string-range(//body,'',2365,3))"/>
		<!--ϥ-->
		<mark id="sTok659" xlink:href="#xpointer(string-range(//body,'',2369,1))"/>
		<!--.-->
		<mark id="sTok660" xlink:href="#xpointer(string-range(//body,'',2371,1))"/>
		<!--ⲁ-->
		<mark id="sTok661" xlink:href="#xpointer(string-range(//body,'',2373,1))"/>
		<!--ϥ-->
		<mark id="sTok662" xlink:href="#xpointer(string-range(//body,'',2375,1))"/>
		<!--ⲉⲓ-->
		<mark id="sTok663" xlink:href="#xpointer(string-range(//body,'',2377,2))"/>
		<!--ⲇⲉ-->
		<mark id="sTok664" xlink:href="#xpointer(string-range(//body,'',2380,2))"/>
		<!--ⲉⲃⲟⲗ-->
		<mark id="sTok665" xlink:href="#xpointer(string-range(//body,'',2383,4))"/>
		<!--ϩⲛ-->
		<mark id="sTok666" xlink:href="#xpointer(string-range(//body,'',2388,2))"/>
		<!--ⲧ-->
		<mark id="sTok667" xlink:href="#xpointer(string-range(//body,'',2391,1))"/>
		<!--ⲅⲁⲗⲓⲗⲁⲓⲁ-->
		<mark id="sTok668" xlink:href="#xpointer(string-range(//body,'',2393,8))"/>
		<!--ⲧⲏⲣ-->
		<mark id="sTok669" xlink:href="#xpointer(string-range(//body,'',2402,3))"/>
		<!--ⲥ-->
		<mark id="sTok670" xlink:href="#xpointer(string-range(//body,'',2406,1))"/>
		<!--ⲉ-->
		<mark id="sTok671" xlink:href="#xpointer(string-range(//body,'',2408,1))"/>
		<!--ϥ-->
		<mark id="sTok672" xlink:href="#xpointer(string-range(//body,'',2410,1))"/>
		<!--ϯ-->
		<mark id="sTok673" xlink:href="#xpointer(string-range(//body,'',2412,1))"/>
		<!--ⲥⲃⲱ-->
		<mark id="sTok674" xlink:href="#xpointer(string-range(//body,'',2414,3))"/>
		<!--ϩⲣⲁⲓ-->
		<mark id="sTok675" xlink:href="#xpointer(string-range(//body,'',2418,4))"/>
		<!--ϩⲛ-->
		<mark id="sTok676" xlink:href="#xpointer(string-range(//body,'',2423,2))"/>
		<!--ⲛⲉⲩ-->
		<mark id="sTok677" xlink:href="#xpointer(string-range(//body,'',2426,3))"/>
		<!--ⲥⲩⲛⲁⲅⲱⲅⲏ-->
		<mark id="sTok678" xlink:href="#xpointer(string-range(//body,'',2430,8))"/>
		<!--ⲁⲩⲱ-->
		<mark id="sTok679" xlink:href="#xpointer(string-range(//body,'',2439,3))"/>
		<!--ⲉ-->
		<mark id="sTok680" xlink:href="#xpointer(string-range(//body,'',2443,1))"/>
		<!--ϥ-->
		<mark id="sTok681" xlink:href="#xpointer(string-range(//body,'',2445,1))"/>
		<!--ⲧⲁϣⲉ-->
		<mark id="sTok682" xlink:href="#xpointer(string-range(//body,'',2447,4))"/>
		<!--ⲟⲉⲓϣ-->
		<mark id="sTok683" xlink:href="#xpointer(string-range(//body,'',2452,4))"/>
		<!--ⲙ-->
		<mark id="sTok684" xlink:href="#xpointer(string-range(//body,'',2457,1))"/>
		<!--ⲡ-->
		<mark id="sTok685" xlink:href="#xpointer(string-range(//body,'',2459,1))"/>
		<!--ⲉⲩⲁⲅⲅⲉⲗⲓⲟⲛ-->
		<mark id="sTok686" xlink:href="#xpointer(string-range(//body,'',2461,10))"/>
		<!--ⲛ-->
		<mark id="sTok687" xlink:href="#xpointer(string-range(//body,'',2472,1))"/>
		<!--ⲧ-->
		<mark id="sTok688" xlink:href="#xpointer(string-range(//body,'',2474,1))"/>
		<!--ⲙⲛⲧ-->
		<mark id="sTok689" xlink:href="#xpointer(string-range(//body,'',2476,3))"/>
		<!--ⲣⲣⲟ-->
		<mark id="sTok690" xlink:href="#xpointer(string-range(//body,'',2480,3))"/>
		<!--ⲉ-->
		<mark id="sTok691" xlink:href="#xpointer(string-range(//body,'',2484,1))"/>
		<!--ϥ-->
		<mark id="sTok692" xlink:href="#xpointer(string-range(//body,'',2486,1))"/>
		<!--ⲣⲡⲁϩⲣⲉ-->
		<mark id="sTok693" xlink:href="#xpointer(string-range(//body,'',2488,6))"/>
		<!--ⲉ-->
		<mark id="sTok694" xlink:href="#xpointer(string-range(//body,'',2495,1))"/>
		<!--ϣⲱⲛⲉ-->
		<mark id="sTok695" xlink:href="#xpointer(string-range(//body,'',2497,4))"/>
		<!--ⲛⲓⲙ-->
		<mark id="sTok696" xlink:href="#xpointer(string-range(//body,'',2502,3))"/>
		<!--ϩⲓ-->
		<mark id="sTok697" xlink:href="#xpointer(string-range(//body,'',2506,2))"/>
		<!--ⲗⲟϫⲗϫ-->
		<mark id="sTok698" xlink:href="#xpointer(string-range(//body,'',2509,5))"/>
		<!--ⲛⲓⲙ-->
		<mark id="sTok699" xlink:href="#xpointer(string-range(//body,'',2515,3))"/>
		<!--ⲉⲧ-->
		<mark id="sTok700" xlink:href="#xpointer(string-range(//body,'',2519,2))"/>
		<!--ϩⲙ-->
		<mark id="sTok701" xlink:href="#xpointer(string-range(//body,'',2522,2))"/>
		<!--ⲡ-->
		<mark id="sTok702" xlink:href="#xpointer(string-range(//body,'',2525,1))"/>
		<!--ⲗⲁⲟⲥ-->
		<mark id="sTok703" xlink:href="#xpointer(string-range(//body,'',2527,4))"/>
		<!--.-->
		<mark id="sTok704" xlink:href="#xpointer(string-range(//body,'',2532,1))"/>
		<!--ⲡⲉϥ-->
		<mark id="sTok705" xlink:href="#xpointer(string-range(//body,'',2534,3))"/>
		<!--ⲥⲟⲉⲓⲧ-->
		<mark id="sTok706" xlink:href="#xpointer(string-range(//body,'',2538,5))"/>
		<!--ⲁ-->
		<mark id="sTok707" xlink:href="#xpointer(string-range(//body,'',2544,1))"/>
		<!--ϥ-->
		<mark id="sTok708" xlink:href="#xpointer(string-range(//body,'',2546,1))"/>
		<!--ⲃⲱⲕ-->
		<mark id="sTok709" xlink:href="#xpointer(string-range(//body,'',2548,3))"/>
		<!--ⲉⲃⲟⲗ-->
		<mark id="sTok710" xlink:href="#xpointer(string-range(//body,'',2552,4))"/>
		<!--ϩⲛ-->
		<mark id="sTok711" xlink:href="#xpointer(string-range(//body,'',2557,2))"/>
		<!--ⲧ-->
		<mark id="sTok712" xlink:href="#xpointer(string-range(//body,'',2560,1))"/>
		<!--ⲥⲩⲣⲓⲁ-->
		<mark id="sTok713" xlink:href="#xpointer(string-range(//body,'',2562,5))"/>
		<!--ⲧⲏⲣ-->
		<mark id="sTok714" xlink:href="#xpointer(string-range(//body,'',2568,3))"/>
		<!--ⲥ-->
		<mark id="sTok715" xlink:href="#xpointer(string-range(//body,'',2572,1))"/>
		<!--ⲁ-->
		<mark id="sTok716" xlink:href="#xpointer(string-range(//body,'',2574,1))"/>
		<!--ⲩ-->
		<mark id="sTok717" xlink:href="#xpointer(string-range(//body,'',2576,1))"/>
		<!--ⲉⲓⲛⲉ-->
		<mark id="sTok718" xlink:href="#xpointer(string-range(//body,'',2578,4))"/>
		<!--ⲛⲁ-->
		<mark id="sTok719" xlink:href="#xpointer(string-range(//body,'',2583,2))"/>
		<!--ϥ-->
		<mark id="sTok720" xlink:href="#xpointer(string-range(//body,'',2586,1))"/>
		<!--ⲛ-->
		<mark id="sTok721" xlink:href="#xpointer(string-range(//body,'',2588,1))"/>
		<!--ⲟⲩⲟⲛ-->
		<mark id="sTok722" xlink:href="#xpointer(string-range(//body,'',2590,4))"/>
		<!--ⲛⲓⲙ-->
		<mark id="sTok723" xlink:href="#xpointer(string-range(//body,'',2595,3))"/>
		<!--ⲉⲧ-->
		<mark id="sTok724" xlink:href="#xpointer(string-range(//body,'',2599,2))"/>
		<!--ⲙⲟⲕϩ-->
		<mark id="sTok725" xlink:href="#xpointer(string-range(//body,'',2602,4))"/>
		<!--ϩⲛ-->
		<mark id="sTok726" xlink:href="#xpointer(string-range(//body,'',2607,2))"/>
		<!--ϩⲉⲛ-->
		<mark id="sTok727" xlink:href="#xpointer(string-range(//body,'',2610,3))"/>
		<!--ϣⲱⲛⲉ-->
		<mark id="sTok728" xlink:href="#xpointer(string-range(//body,'',2614,4))"/>
		<!--ⲉ-->
		<mark id="sTok729" xlink:href="#xpointer(string-range(//body,'',2619,1))"/>
		<!--ⲩ-->
		<mark id="sTok730" xlink:href="#xpointer(string-range(//body,'',2621,1))"/>
		<!--ϣⲟⲃⲉ-->
		<mark id="sTok731" xlink:href="#xpointer(string-range(//body,'',2623,4))"/>
		<!--ⲁⲩⲱ-->
		<mark id="sTok732" xlink:href="#xpointer(string-range(//body,'',2628,3))"/>
		<!--ⲉ-->
		<mark id="sTok733" xlink:href="#xpointer(string-range(//body,'',2632,1))"/>
		<!--ⲩ-->
		<mark id="sTok734" xlink:href="#xpointer(string-range(//body,'',2634,1))"/>
		<!--ϣⲟⲟⲡ-->
		<mark id="sTok735" xlink:href="#xpointer(string-range(//body,'',2636,4))"/>
		<!--ϩⲛ-->
		<mark id="sTok736" xlink:href="#xpointer(string-range(//body,'',2641,2))"/>
		<!--ϩⲉⲛ-->
		<mark id="sTok737" xlink:href="#xpointer(string-range(//body,'',2644,3))"/>
		<!--ⲧⲕⲁⲥ-->
		<mark id="sTok738" xlink:href="#xpointer(string-range(//body,'',2648,4))"/>
		<!--ⲙⲛ-->
		<mark id="sTok739" xlink:href="#xpointer(string-range(//body,'',2653,2))"/>
		<!--ⲛ-->
		<mark id="sTok740" xlink:href="#xpointer(string-range(//body,'',2656,1))"/>
		<!--ⲉⲧ-->
		<mark id="sTok741" xlink:href="#xpointer(string-range(//body,'',2658,2))"/>
		<!--ⲟ-->
		<mark id="sTok742" xlink:href="#xpointer(string-range(//body,'',2661,1))"/>
		<!--ⲛ-->
		<mark id="sTok743" xlink:href="#xpointer(string-range(//body,'',2663,1))"/>
		<!--ⲇⲁⲓⲙⲱⲛⲓⲟⲛ-->
		<mark id="sTok744" xlink:href="#xpointer(string-range(//body,'',2665,9))"/>
		<!--ⲙⲛ-->
		<mark id="sTok745" xlink:href="#xpointer(string-range(//body,'',2675,2))"/>
		<!--ⲛ-->
		<mark id="sTok746" xlink:href="#xpointer(string-range(//body,'',2678,1))"/>
		<!--ⲉⲧ-->
		<mark id="sTok747" xlink:href="#xpointer(string-range(//body,'',2680,2))"/>
		<!--ϩⲓⲧⲉ-->
		<mark id="sTok748" xlink:href="#xpointer(string-range(//body,'',2683,4))"/>
		<!--ⲙⲛ-->
		<mark id="sTok749" xlink:href="#xpointer(string-range(//body,'',2688,2))"/>
		<!--ⲛ-->
		<mark id="sTok750" xlink:href="#xpointer(string-range(//body,'',2691,1))"/>
		<!--ⲉⲧ-->
		<mark id="sTok751" xlink:href="#xpointer(string-range(//body,'',2693,2))"/>
		<!--ⲥⲏϭ-->
		<mark id="sTok752" xlink:href="#xpointer(string-range(//body,'',2696,3))"/>
		<!--ⲁ-->
		<mark id="sTok753" xlink:href="#xpointer(string-range(//body,'',2700,1))"/>
		<!--ϥ-->
		<mark id="sTok754" xlink:href="#xpointer(string-range(//body,'',2702,1))"/>
		<!--ⲣⲡⲁϩⲣⲉ-->
		<mark id="sTok755" xlink:href="#xpointer(string-range(//body,'',2704,6))"/>
		<!--ⲉⲣⲟ-->
		<mark id="sTok756" xlink:href="#xpointer(string-range(//body,'',2711,3))"/>
		<!--ⲟⲩ-->
		<mark id="sTok757" xlink:href="#xpointer(string-range(//body,'',2715,2))"/>
		<!--.-->
		<mark id="sTok758" xlink:href="#xpointer(string-range(//body,'',2718,1))"/>
		<!--ⲁⲩⲱ-->
		<mark id="sTok759" xlink:href="#xpointer(string-range(//body,'',2720,3))"/>
		<!--ⲁ-->
		<mark id="sTok760" xlink:href="#xpointer(string-range(//body,'',2724,1))"/>
		<!--ⲩ-->
		<mark id="sTok761" xlink:href="#xpointer(string-range(//body,'',2726,1))"/>
		<!--ⲟⲩⲁϩ-->
		<mark id="sTok762" xlink:href="#xpointer(string-range(//body,'',2728,4))"/>
		<!--ⲟⲩ-->
		<mark id="sTok763" xlink:href="#xpointer(string-range(//body,'',2733,2))"/>
		<!--ⲛⲥⲱ-->
		<mark id="sTok764" xlink:href="#xpointer(string-range(//body,'',2736,3))"/>
		<!--ϥ-->
		<mark id="sTok765" xlink:href="#xpointer(string-range(//body,'',2740,1))"/>
		<!--ⲛϭⲓ-->
		<mark id="sTok766" xlink:href="#xpointer(string-range(//body,'',2742,3))"/>
		<!--ϩⲉⲛ-->
		<mark id="sTok767" xlink:href="#xpointer(string-range(//body,'',2746,3))"/>
		<!--ⲙⲏⲏϣⲉ-->
		<mark id="sTok768" xlink:href="#xpointer(string-range(//body,'',2750,5))"/>
		<!--ⲉ-->
		<mark id="sTok769" xlink:href="#xpointer(string-range(//body,'',2756,1))"/>
		<!--ⲛⲁϣⲱ-->
		<mark id="sTok770" xlink:href="#xpointer(string-range(//body,'',2758,4))"/>
		<!--ⲟⲩ-->
		<mark id="sTok771" xlink:href="#xpointer(string-range(//body,'',2763,2))"/>
		<!--ⲉⲃⲟⲗ-->
		<mark id="sTok772" xlink:href="#xpointer(string-range(//body,'',2766,4))"/>
		<!--ϩⲛ-->
		<mark id="sTok773" xlink:href="#xpointer(string-range(//body,'',2771,2))"/>
		<!--ⲧ-->
		<mark id="sTok774" xlink:href="#xpointer(string-range(//body,'',2774,1))"/>
		<!--ⲅⲁⲗⲓⲗⲁⲓⲁ-->
		<mark id="sTok775" xlink:href="#xpointer(string-range(//body,'',2776,8))"/>
		<!--ⲙⲛ-->
		<mark id="sTok776" xlink:href="#xpointer(string-range(//body,'',2785,2))"/>
		<!--ⲧ-->
		<mark id="sTok777" xlink:href="#xpointer(string-range(//body,'',2788,1))"/>
		<!--ⲇⲉⲕⲁⲡⲟⲗⲓⲥ-->
		<mark id="sTok778" xlink:href="#xpointer(string-range(//body,'',2790,9))"/>
		<!--ⲙⲛ-->
		<mark id="sTok779" xlink:href="#xpointer(string-range(//body,'',2800,2))"/>
		<!--ⲧ-->
		<mark id="sTok780" xlink:href="#xpointer(string-range(//body,'',2803,1))"/>
		<!--ϩⲓⲉⲣⲟⲥⲟⲗⲩⲙⲁ-->
		<mark id="sTok781" xlink:href="#xpointer(string-range(//body,'',2805,11))"/>
		<!--ⲙⲛ-->
		<mark id="sTok782" xlink:href="#xpointer(string-range(//body,'',2817,2))"/>
		<!--ⲧ-->
		<mark id="sTok783" xlink:href="#xpointer(string-range(//body,'',2820,1))"/>
		<!--ⲓⲟⲩⲇⲁⲓⲁ-->
		<mark id="sTok784" xlink:href="#xpointer(string-range(//body,'',2822,7))"/>
		<!--ⲙⲛ-->
		<mark id="sTok785" xlink:href="#xpointer(string-range(//body,'',2830,2))"/>
		<!--ⲡⲉ-->
		<mark id="sTok786" xlink:href="#xpointer(string-range(//body,'',2833,2))"/>
		<!--ⲕⲣⲟ-->
		<mark id="sTok787" xlink:href="#xpointer(string-range(//body,'',2836,3))"/>
		<!--ⲙ-->
		<mark id="sTok788" xlink:href="#xpointer(string-range(//body,'',2840,1))"/>
		<!--ⲡⲉ-->
		<mark id="sTok789" xlink:href="#xpointer(string-range(//body,'',2842,2))"/>
		<!--ⲓⲟⲣⲇⲁⲛⲏⲥ-->
		<mark id="sTok790" xlink:href="#xpointer(string-range(//body,'',2845,8))"/>
		<!--.-->
		<mark id="sTok791" xlink:href="#xpointer(string-range(//body,'',2854,1))"/></markList></paula>