<?xml version='1.0' encoding='UTF-8'?><!DOCTYPE paula SYSTEM "paula_feat.dtd">
<paula version="1.1">
	<header paula_id="scriptorium.40_Matthew_04.mark_morph"/>
	<featList xmlns:xlink="http://www.w3.org/1999/xlink" type="morph" xml:base="scriptorium.40_Matthew_04.mark.xml">
		<feat xlink:href="#sSpan406" value="ⲙⲛⲧ"/>
		<feat xlink:href="#sSpan408" value="ⲣⲣⲱⲟⲩ"/>
		<feat xlink:href="#sSpan807" value="ⲧⲁϣⲉ"/>
		<feat xlink:href="#sSpan809" value="ⲟⲉⲓϣ"/>
		<feat xlink:href="#sSpan835" value="ⲙⲛⲧ"/>
		<feat xlink:href="#sSpan837" value="ⲣⲣⲟ"/>
		<feat xlink:href="#sSpan1117" value="ϯ"/>
		<feat xlink:href="#sSpan1119" value="ⲥⲃⲱ"/>
		<feat xlink:href="#sSpan1133" value="ⲧⲁϣⲉ"/>
		<feat xlink:href="#sSpan1135" value="ⲟⲉⲓϣ"/>
		<feat xlink:href="#sSpan1145" value="ⲙⲛⲧ"/>
		<feat xlink:href="#sSpan1147" value="ⲣⲣⲟ"/></featList></paula>