<?xml version='1.0' encoding='UTF-8'?><!DOCTYPE paula SYSTEM "paula_feat.dtd">
<paula version="1.1">
	<header paula_id="scriptorium.40_Matthew_04.mark_new_sent"/>
	<featList xmlns:xlink="http://www.w3.org/1999/xlink" type="new_sent" xml:base="scriptorium.40_Matthew_04.mark.xml">
		<feat xlink:href="#sSpan1" value="true"/>
		<feat xlink:href="#sSpan43" value="true"/>
		<feat xlink:href="#sSpan74" value="true"/>
		<feat xlink:href="#sSpan129" value="true"/>
		<feat xlink:href="#sSpan193" value="true"/>
		<feat xlink:href="#sSpan242" value="true"/>
		<feat xlink:href="#sSpan335" value="true"/>
		<feat xlink:href="#sSpan366" value="true"/>
		<feat xlink:href="#sSpan424" value="true"/>
		<feat xlink:href="#sSpan461" value="true"/>
		<feat xlink:href="#sSpan524" value="true"/>
		<feat xlink:href="#sSpan564" value="true"/>
		<feat xlink:href="#sSpan593" value="true"/>
		<feat xlink:href="#sSpan648" value="true"/>
		<feat xlink:href="#sSpan681" value="true"/>
		<feat xlink:href="#sSpan728" value="true"/>
		<feat xlink:href="#sSpan788" value="true"/>
		<feat xlink:href="#sSpan845" value="true"/>
		<feat xlink:href="#sSpan920" value="true"/>
		<feat xlink:href="#sSpan951" value="true"/>
		<feat xlink:href="#sSpan981" value="true"/>
		<feat xlink:href="#sSpan1063" value="true"/>
		<feat xlink:href="#sSpan1096" value="true"/>
		<feat xlink:href="#sSpan1171" value="true"/>
		<feat xlink:href="#sSpan1260" value="true"/></featList></paula>