<?xml version='1.0' encoding='UTF-8'?><!DOCTYPE paula SYSTEM "paula_feat.dtd">
<paula version="1.1">
	<header paula_id="scriptorium.40_Matthew_04.mark_orig"/>
	<featList xmlns:xlink="http://www.w3.org/1999/xlink" type="orig" xml:base="scriptorium.40_Matthew_04.mark.xml">
		<feat xlink:href="#sSpan1" value="ⲧⲟⲧⲉ"/>
		<feat xlink:href="#sSpan4" value="ⲓⲏⲥⲟⲩⲥ"/>
		<feat xlink:href="#sSpan7" value="ⲁ"/>
		<feat xlink:href="#sSpan9" value="ⲩ"/>
		<feat xlink:href="#sSpan10" value="ϫⲓⲧ"/>
		<feat xlink:href="#sSpan11" value="ϥ"/>
		<feat xlink:href="#sSpan12" value="ⲉϩⲣⲁⲓ"/>
		<feat xlink:href="#sSpan14" value="ⲉ"/>
		<feat xlink:href="#sSpan16" value="ⲧ"/>
		<feat xlink:href="#sSpan18" value="ⲉⲣⲏⲙⲟⲥ"/>
		<feat xlink:href="#sSpan19" value="ⲉⲃⲟⲗ"/>
		<feat xlink:href="#sSpan21" value="ϩⲓⲧⲙ"/>
		<feat xlink:href="#sSpan23" value="ⲡⲉ"/>
		<feat xlink:href="#sSpan25" value="ⲡⲛⲉⲩⲙⲁ"/>
		<feat xlink:href="#sSpan26" value="ⲉ"/>
		<feat xlink:href="#sSpan28" value="ⲧⲣⲉ"/>
		<feat xlink:href="#sSpan29" value="ⲩ"/>
		<feat xlink:href="#sSpan30" value="ⲡⲉⲓⲣⲁⲍⲉ"/>
		<feat xlink:href="#sSpan31" value="ⲙⲙⲟ"/>
		<feat xlink:href="#sSpan33" value="ϥ"/>
		<feat xlink:href="#sSpan34" value="ⲉⲃⲟⲗ"/>
		<feat xlink:href="#sSpan36" value="ϩⲓⲧⲙ"/>
		<feat xlink:href="#sSpan38" value="ⲡ"/>
		<feat xlink:href="#sSpan40" value="ⲇⲓⲁⲃⲟⲗⲟⲥ"/>
		<feat xlink:href="#sSpan41" value="."/>
		<feat xlink:href="#sSpan43" value="ⲁ"/>
		<feat xlink:href="#sSpan46" value="ϥ"/>
		<feat xlink:href="#sSpan47" value="ⲛⲏⲥⲧⲉⲩⲉ"/>
		<feat xlink:href="#sSpan48" value="ⲇⲉ"/>
		<feat xlink:href="#sSpan50" value="ⲛ"/>
		<feat xlink:href="#sSpan52" value="ϩⲙⲉ"/>
		<feat xlink:href="#sSpan54" value="ⲛ"/>
		<feat xlink:href="#sSpan56" value="ϩⲟⲟⲩ"/>
		<feat xlink:href="#sSpan57" value="ⲙⲛ"/>
		<feat xlink:href="#sSpan59" value="ϩⲙⲉ"/>
		<feat xlink:href="#sSpan61" value="ⲛ"/>
		<feat xlink:href="#sSpan63" value="ⲟⲩ"/>
		<feat xlink:href="#sSpan64" value="ϣⲏ"/>
		<feat xlink:href="#sSpan65" value="ⲙⲛⲛⲥⲱ"/>
		<feat xlink:href="#sSpan67" value="ⲥ"/>
		<feat xlink:href="#sSpan68" value="ⲁ"/>
		<feat xlink:href="#sSpan70" value="ϥ"/>
		<feat xlink:href="#sSpan71" value="ϩⲕⲟ"/>
		<feat xlink:href="#sSpan72" value="."/>
		<feat xlink:href="#sSpan74" value="ⲁ"/>
		<feat xlink:href="#sSpan77" value="ϥ"/>
		<feat xlink:href="#sSpan78" value="ϯ"/>
		<feat xlink:href="#sSpan80" value="ⲡⲉϥ"/>
		<feat xlink:href="#sSpan81" value="ⲟⲩⲟⲓ"/>
		<feat xlink:href="#sSpan82" value="ⲉⲣⲟ"/>
		<feat xlink:href="#sSpan84" value="ϥ"/>
		<feat xlink:href="#sSpan85" value="ⲛϭⲓ"/>
		<feat xlink:href="#sSpan87" value="ⲡ"/>
		<feat xlink:href="#sSpan89" value="ⲉⲧ"/>
		<feat xlink:href="#sSpan90" value="ⲡⲉⲓⲣⲁⲍⲉ"/>
		<feat xlink:href="#sSpan91" value="ⲡⲉϫⲁ"/>
		<feat xlink:href="#sSpan93" value="ϥ"/>
		<feat xlink:href="#sSpan94" value="ⲛⲁ"/>
		<feat xlink:href="#sSpan96" value="ϥ"/>
		<feat xlink:href="#sSpan97" value="."/>
		<feat xlink:href="#sSpan99" value="ϫⲉ"/>
		<feat xlink:href="#sSpan101" value="ⲉϣϫⲉ"/>
		<feat xlink:href="#sSpan102" value="ⲛⲧⲟⲕ"/>
		<feat xlink:href="#sSpan104" value="ⲡⲉ"/>
		<feat xlink:href="#sSpan106" value="ⲡ"/>
		<feat xlink:href="#sSpan109" value="ϣⲏⲣⲉ"/>
		<feat xlink:href="#sSpan110" value="ⲙ"/>
		<feat xlink:href="#sSpan112" value="ⲡ"/>
		<feat xlink:href="#sSpan114" value="ⲛⲟⲩⲧⲉ"/>
		<feat xlink:href="#sSpan115" value="ⲁϫⲓ"/>
		<feat xlink:href="#sSpan117" value="ⲥ"/>
		<feat xlink:href="#sSpan118" value="ϫⲉⲕⲁⲁⲥ"/>
		<feat xlink:href="#sSpan120" value="ⲉⲣⲉ"/>
		<feat xlink:href="#sSpan122" value="ⲛⲉⲓ"/>
		<feat xlink:href="#sSpan124" value="ⲱⲛⲉ"/>
		<feat xlink:href="#sSpan125" value="ⲣⲟⲉⲓⲕ"/>
		<feat xlink:href="#sSpan127" value="."/>
		<feat xlink:href="#sSpan129" value="ⲛⲧⲟϥ"/>
		<feat xlink:href="#sSpan132" value="ⲇⲉ"/>
		<feat xlink:href="#sSpan134" value="ⲁ"/>
		<feat xlink:href="#sSpan136" value="ϥ"/>
		<feat xlink:href="#sSpan137" value="ⲟⲩⲱϣⲃ"/>
		<feat xlink:href="#sSpan138" value="ⲉ"/>
		<feat xlink:href="#sSpan140" value="ϥ"/>
		<feat xlink:href="#sSpan141" value="ϫⲱ"/>
		<feat xlink:href="#sSpan142" value="ⲙⲙⲟ"/>
		<feat xlink:href="#sSpan144" value="ⲥ"/>
		<feat xlink:href="#sSpan145" value="ϫⲉ"/>
		<feat xlink:href="#sSpan147" value="ϥ"/>
		<feat xlink:href="#sSpan148" value="ⲥⲏϩ"/>
		<feat xlink:href="#sSpan149" value="ϫⲉ"/>
		<feat xlink:href="#sSpan151" value="ⲛⲉⲣⲉ"/>
		<feat xlink:href="#sSpan152" value="ⲡ"/>
		<feat xlink:href="#sSpan154" value="ⲣⲱⲙⲉ"/>
		<feat xlink:href="#sSpan155" value="ⲛⲁ"/>
		<feat xlink:href="#sSpan157" value="ⲱⲛϩ"/>
		<feat xlink:href="#sSpan158" value="ⲁⲛ"/>
		<feat xlink:href="#sSpan160" value="ⲉ"/>
		<feat xlink:href="#sSpan162" value="ⲟⲉⲓⲕ"/>
		<feat xlink:href="#sSpan164" value="ⲙⲁⲩⲁⲁ"/>
		<feat xlink:href="#sSpan166" value="ϥ"/>
		<feat xlink:href="#sSpan167" value="ⲁⲗⲗⲁ"/>
		<feat xlink:href="#sSpan169" value="ⲉ"/>
		<feat xlink:href="#sSpan171" value="ϣⲁϫⲉ"/>
		<feat xlink:href="#sSpan173" value="ⲛⲓⲙ"/>
		<feat xlink:href="#sSpan175" value="ⲉⲧ"/>
		<feat xlink:href="#sSpan177" value="ⲛⲏⲩ"/>
		<feat xlink:href="#sSpan179" value="ⲉⲃⲟⲗ"/>
		<feat xlink:href="#sSpan181" value="ϩⲛ"/>
		<feat xlink:href="#sSpan183" value="ⲧ"/>
		<feat xlink:href="#sSpan185" value="ⲧⲁⲡⲣⲟ"/>
		<feat xlink:href="#sSpan186" value="ⲙ"/>
		<feat xlink:href="#sSpan188" value="ⲡ"/>
		<feat xlink:href="#sSpan190" value="ⲛⲟⲩⲧⲉ"/>
		<feat xlink:href="#sSpan191" value="."/>
		<feat xlink:href="#sSpan193" value="ⲧⲟⲧⲉ"/>
		<feat xlink:href="#sSpan196" value="ⲁ"/>
		<feat xlink:href="#sSpan198" value="ϥ"/>
		<feat xlink:href="#sSpan199" value="ϫⲓ"/>
		<feat xlink:href="#sSpan200" value="ⲙⲙⲟ"/>
		<feat xlink:href="#sSpan202" value="ϥ"/>
		<feat xlink:href="#sSpan203" value="ⲛϭⲓ"/>
		<feat xlink:href="#sSpan205" value="ⲡ"/>
		<feat xlink:href="#sSpan207" value="ⲇⲓⲁⲃⲟⲗⲟⲥ"/>
		<feat xlink:href="#sSpan208" value="ⲉϩⲣⲁⲓ"/>
		<feat xlink:href="#sSpan210" value="ⲉ"/>
		<feat xlink:href="#sSpan212" value="ⲧ"/>
		<feat xlink:href="#sSpan214" value="ⲡⲟⲗⲓⲥ"/>
		<feat xlink:href="#sSpan215" value="ⲉⲧ"/>
		<feat xlink:href="#sSpan217" value="ⲟⲩⲁⲁⲃ"/>
		<feat xlink:href="#sSpan218" value="."/>
		<feat xlink:href="#sSpan220" value="ⲁ"/>
		<feat xlink:href="#sSpan222" value="ϥ"/>
		<feat xlink:href="#sSpan223" value="ⲧⲁϩⲟ"/>
		<feat xlink:href="#sSpan224" value="ⲙⲙⲟ"/>
		<feat xlink:href="#sSpan226" value="ϥ"/>
		<feat xlink:href="#sSpan227" value="ⲉⲣⲁⲧ"/>
		<feat xlink:href="#sSpan229" value="ϥ"/>
		<feat xlink:href="#sSpan230" value="ⲉϫⲙ"/>
		<feat xlink:href="#sSpan232" value="ⲡ"/>
		<feat xlink:href="#sSpan234" value="ⲧⲏⲛϩ"/>
		<feat xlink:href="#sSpan235" value="ⲙ"/>
		<feat xlink:href="#sSpan237" value="ⲡ"/>
		<feat xlink:href="#sSpan239" value="ⲣⲡⲉ"/>
		<feat xlink:href="#sSpan240" value="."/>
		<feat xlink:href="#sSpan242" value="ⲡⲉϫⲁ"/>
		<feat xlink:href="#sSpan245" value="ϥ"/>
		<feat xlink:href="#sSpan246" value="ⲛⲁ"/>
		<feat xlink:href="#sSpan248" value="ϥ"/>
		<feat xlink:href="#sSpan249" value="ϫⲉ"/>
		<feat xlink:href="#sSpan251" value="ⲉϣϫⲉ"/>
		<feat xlink:href="#sSpan252" value="ⲛⲧⲟⲕ"/>
		<feat xlink:href="#sSpan254" value="ⲡⲉ"/>
		<feat xlink:href="#sSpan256" value="ⲡ"/>
		<feat xlink:href="#sSpan259" value="ϣⲏⲣⲉ"/>
		<feat xlink:href="#sSpan260" value="ⲙ"/>
		<feat xlink:href="#sSpan262" value="ⲡ"/>
		<feat xlink:href="#sSpan264" value="ⲛⲟⲩⲧⲉ"/>
		<feat xlink:href="#sSpan265" value="ⲛⲟϫ"/>
		<feat xlink:href="#sSpan267" value="ⲕ"/>
		<feat xlink:href="#sSpan268" value="ⲉ"/>
		<feat xlink:href="#sSpan270" value="ⲡ"/>
		<feat xlink:href="#sSpan271" value="ⲉⲥⲏⲧ"/>
		<feat xlink:href="#sSpan272" value="ⲉϫⲙ"/>
		<feat xlink:href="#sSpan274" value="ⲡ"/>
		<feat xlink:href="#sSpan276" value="ⲉⲓⲙⲁ"/>
		<feat xlink:href="#sSpan277" value="."/>
		<feat xlink:href="#sSpan279" value="ϥ"/>
		<feat xlink:href="#sSpan281" value="ⲥⲏϩ"/>
		<feat xlink:href="#sSpan282" value="ⲅⲁⲣ"/>
		<feat xlink:href="#sSpan284" value="ϫⲉ"/>
		<feat xlink:href="#sSpan286" value="ϥ"/>
		<feat xlink:href="#sSpan287" value="ⲛⲁ"/>
		<feat xlink:href="#sSpan288" value="ϩⲱⲛ"/>
		<feat xlink:href="#sSpan289" value="ⲉⲧⲟⲟⲧ"/>
		<feat xlink:href="#sSpan291" value="ⲟⲩ"/>
		<feat xlink:href="#sSpan292" value="ⲛ"/>
		<feat xlink:href="#sSpan294" value="ⲛⲉϥ"/>
		<feat xlink:href="#sSpan296" value="ⲁⲅⲅⲉⲗⲟⲥ"/>
		<feat xlink:href="#sSpan297" value="ⲉⲧⲃⲏⲏⲧ"/>
		<feat xlink:href="#sSpan299" value="ⲕ"/>
		<feat xlink:href="#sSpan300" value="."/>
		<feat xlink:href="#sSpan302" value="ⲛ"/>
		<feat xlink:href="#sSpan304" value="ⲥⲉ"/>
		<feat xlink:href="#sSpan305" value="ϥⲓ"/>
		<feat xlink:href="#sSpan306" value="ⲙⲙⲟ"/>
		<feat xlink:href="#sSpan308" value="ⲕ"/>
		<feat xlink:href="#sSpan309" value="ⲉϩⲣⲁⲓ"/>
		<feat xlink:href="#sSpan311" value="ⲉϫⲛ"/>
		<feat xlink:href="#sSpan313" value="ⲛⲉⲩ"/>
		<feat xlink:href="#sSpan315" value="ϭⲓϫ"/>
		<feat xlink:href="#sSpan316" value="ⲙⲏⲡⲟⲧⲉ"/>
		<feat xlink:href="#sSpan318" value="ⲛ"/>
		<feat xlink:href="#sSpan320" value="ⲅ"/>
		<feat xlink:href="#sSpan321" value="ϫⲱⲣⲡ"/>
		<feat xlink:href="#sSpan323" value="ⲉ"/>
		<feat xlink:href="#sSpan325" value="ⲩ"/>
		<feat xlink:href="#sSpan327" value="ⲱⲛⲉ"/>
		<feat xlink:href="#sSpan328" value="ⲛ"/>
		<feat xlink:href="#sSpan330" value="ⲧⲉⲕ"/>
		<feat xlink:href="#sSpan332" value="ⲟⲩⲉⲣⲏⲧⲉ"/>
		<feat xlink:href="#sSpan333" value="."/>
		<feat xlink:href="#sSpan335" value="ⲡⲉϫⲁ"/>
		<feat xlink:href="#sSpan338" value="ϥ"/>
		<feat xlink:href="#sSpan339" value="ⲟⲛ"/>
		<feat xlink:href="#sSpan341" value="ⲛϭⲓ"/>
		<feat xlink:href="#sSpan343" value="ⲓⲏⲥⲟⲩⲥ"/>
		<feat xlink:href="#sSpan345" value="ϫⲉ"/>
		<feat xlink:href="#sSpan347" value="ϥ"/>
		<feat xlink:href="#sSpan348" value="ⲥⲏϩ"/>
		<feat xlink:href="#sSpan349" value="ⲟⲛ"/>
		<feat xlink:href="#sSpan351" value="ϫⲉ"/>
		<feat xlink:href="#sSpan353" value="ⲛⲛⲉ"/>
		<feat xlink:href="#sSpan354" value="ⲕ"/>
		<feat xlink:href="#sSpan355" value="ⲡⲉⲓⲣⲁⲍⲉ"/>
		<feat xlink:href="#sSpan356" value="ⲙ"/>
		<feat xlink:href="#sSpan358" value="ⲡ"/>
		<feat xlink:href="#sSpan360" value="ϫⲟⲉⲓⲥ"/>
		<feat xlink:href="#sSpan361" value="ⲡⲉⲕ"/>
		<feat xlink:href="#sSpan363" value="ⲛⲟⲩⲧⲉ"/>
		<feat xlink:href="#sSpan364" value="."/>
		<feat xlink:href="#sSpan366" value="ⲡⲁⲗⲓⲛ"/>
		<feat xlink:href="#sSpan370" value="ⲟⲛ"/>
		<feat xlink:href="#sSpan372" value="ⲁ"/>
		<feat xlink:href="#sSpan374" value="ϥ"/>
		<feat xlink:href="#sSpan375" value="ϫⲓⲧ"/>
		<feat xlink:href="#sSpan376" value="ϥ"/>
		<feat xlink:href="#sSpan377" value="ⲛϭⲓ"/>
		<feat xlink:href="#sSpan379" value="ⲡ"/>
		<feat xlink:href="#sSpan381" value="ⲇⲓⲁⲃⲟⲗⲟⲥ"/>
		<feat xlink:href="#sSpan382" value="ⲉϩⲣⲁⲓ"/>
		<feat xlink:href="#sSpan384" value="ⲉϫⲛ"/>
		<feat xlink:href="#sSpan386" value="ⲟⲩ"/>
		<feat xlink:href="#sSpan388" value="ⲧⲟⲟⲩ"/>
		<feat xlink:href="#sSpan389" value="ⲉ"/>
		<feat xlink:href="#sSpan391" value="ϥ"/>
		<feat xlink:href="#sSpan392" value="ϫⲟⲥⲉ"/>
		<feat xlink:href="#sSpan393" value="ⲉⲙⲁⲧⲉ"/>
		<feat xlink:href="#sSpan395" value="."/>
		<feat xlink:href="#sSpan397" value="ⲁ"/>
		<feat xlink:href="#sSpan399" value="ϥ"/>
		<feat xlink:href="#sSpan400" value="ⲧⲟⲩⲟ"/>
		<feat xlink:href="#sSpan401" value="ϥ"/>
		<feat xlink:href="#sSpan402" value="ⲉ"/>
		<feat xlink:href="#sSpan404" value="ⲙ"/>
		<feat xlink:href="#sSpan407" value="ⲙⲛⲧⲣⲣⲱⲟⲩ"/>
		<feat xlink:href="#sSpan409" value="ⲧⲏⲣ"/>
		<feat xlink:href="#sSpan411" value="ⲟⲩ"/>
		<feat xlink:href="#sSpan412" value="ⲙ"/>
		<feat xlink:href="#sSpan414" value="ⲡ"/>
		<feat xlink:href="#sSpan416" value="ⲕⲟⲥⲙⲟⲥ"/>
		<feat xlink:href="#sSpan417" value="ⲙⲛ"/>
		<feat xlink:href="#sSpan419" value="ⲡⲉⲩ"/>
		<feat xlink:href="#sSpan421" value="ⲉⲟⲟⲩ"/>
		<feat xlink:href="#sSpan422" value="."/>
		<feat xlink:href="#sSpan424" value="ⲡⲉϫⲁ"/>
		<feat xlink:href="#sSpan427" value="ϥ"/>
		<feat xlink:href="#sSpan428" value="ⲛⲁ"/>
		<feat xlink:href="#sSpan430" value="ϥ"/>
		<feat xlink:href="#sSpan431" value="."/>
		<feat xlink:href="#sSpan433" value="ϫⲉ"/>
		<feat xlink:href="#sSpan435" value="ⲛⲁⲓ"/>
		<feat xlink:href="#sSpan437" value="ⲧⲏⲣ"/>
		<feat xlink:href="#sSpan439" value="ⲟⲩ"/>
		<feat xlink:href="#sSpan440" value="ϯ"/>
		<feat xlink:href="#sSpan442" value="ⲛⲁ"/>
		<feat xlink:href="#sSpan443" value="ⲧⲁⲁ"/>
		<feat xlink:href="#sSpan444" value="ⲩ"/>
		<feat xlink:href="#sSpan445" value="ⲛⲁ"/>
		<feat xlink:href="#sSpan447" value="ⲕ"/>
		<feat xlink:href="#sSpan448" value="ⲉⲕϣⲁⲛ"/>
		<feat xlink:href="#sSpan450" value="ⲡⲁϩⲧ"/>
		<feat xlink:href="#sSpan451" value="ⲕ"/>
		<feat xlink:href="#sSpan452" value="ⲛ"/>
		<feat xlink:href="#sSpan454" value="ⲅ"/>
		<feat xlink:href="#sSpan455" value="ⲟⲩⲱϣⲧ"/>
		<feat xlink:href="#sSpan456" value="ⲛⲁ"/>
		<feat xlink:href="#sSpan458" value="ⲓ"/>
		<feat xlink:href="#sSpan459" value="."/>
		<feat xlink:href="#sSpan461" value="ⲧⲟⲧⲉ"/>
		<feat xlink:href="#sSpan464" value="ⲡⲉϫⲁ"/>
		<feat xlink:href="#sSpan466" value="ϥ"/>
		<feat xlink:href="#sSpan467" value="ⲛⲁ"/>
		<feat xlink:href="#sSpan469" value="ϥ"/>
		<feat xlink:href="#sSpan470" value="ⲛϭⲓ"/>
		<feat xlink:href="#sSpan472" value="ⲓⲏⲥⲟⲩⲥ"/>
		<feat xlink:href="#sSpan474" value="ϫⲉ"/>
		<feat xlink:href="#sSpan476" value="ⲃⲱⲕ"/>
		<feat xlink:href="#sSpan477" value="ⲡ"/>
		<feat xlink:href="#sSpan480" value="ⲥⲁⲧⲁⲛⲁⲥ"/>
		<feat xlink:href="#sSpan481" value="."/>
		<feat xlink:href="#sSpan483" value="ϥ"/>
		<feat xlink:href="#sSpan485" value="ⲥⲏϩ"/>
		<feat xlink:href="#sSpan486" value="ⲅⲁⲣ"/>
		<feat xlink:href="#sSpan488" value="ϫⲉ"/>
		<feat xlink:href="#sSpan490" value="ⲡ"/>
		<feat xlink:href="#sSpan492" value="ϫⲟⲉⲓⲥ"/>
		<feat xlink:href="#sSpan493" value="ⲡⲉⲕ"/>
		<feat xlink:href="#sSpan496" value="ⲛⲟⲩⲧⲉ"/>
		<feat xlink:href="#sSpan497" value="ⲡ"/>
		<feat xlink:href="#sSpan499" value="ⲉⲧ"/>
		<feat xlink:href="#sSpan500" value="ⲕⲉ"/>
		<feat xlink:href="#sSpan501" value="ⲟⲩⲱϣⲧ"/>
		<feat xlink:href="#sSpan502" value="ⲛⲁ"/>
		<feat xlink:href="#sSpan504" value="ϥ"/>
		<feat xlink:href="#sSpan505" value="."/>
		<feat xlink:href="#sSpan507" value="ⲁⲩⲱ"/>
		<feat xlink:href="#sSpan509" value="ⲛⲧⲟϥ"/>
		<feat xlink:href="#sSpan511" value="ⲙⲁⲩⲁⲁ"/>
		<feat xlink:href="#sSpan513" value="ϥ"/>
		<feat xlink:href="#sSpan514" value="ⲡ"/>
		<feat xlink:href="#sSpan516" value="ⲉⲧ"/>
		<feat xlink:href="#sSpan517" value="ⲕⲉ"/>
		<feat xlink:href="#sSpan518" value="ϣⲙϣⲉ"/>
		<feat xlink:href="#sSpan519" value="ⲛⲁ"/>
		<feat xlink:href="#sSpan521" value="ϥ"/>
		<feat xlink:href="#sSpan522" value="."/>
		<feat xlink:href="#sSpan524" value="ⲧⲟⲧⲉ"/>
		<feat xlink:href="#sSpan527" value="ⲁ"/>
		<feat xlink:href="#sSpan529" value="ϥ"/>
		<feat xlink:href="#sSpan530" value="ⲕⲁⲁ"/>
		<feat xlink:href="#sSpan531" value="ϥ"/>
		<feat xlink:href="#sSpan532" value="ⲛϭⲓ"/>
		<feat xlink:href="#sSpan534" value="ⲡ"/>
		<feat xlink:href="#sSpan536" value="ⲇⲓⲁⲃⲟⲗⲟⲥ"/>
		<feat xlink:href="#sSpan537" value="."/>
		<feat xlink:href="#sSpan539" value="ⲁⲩⲱ"/>
		<feat xlink:href="#sSpan541" value="ⲉⲓⲥ"/>
		<feat xlink:href="#sSpan544" value="ϩⲏⲏⲧⲉ"/>
		<feat xlink:href="#sSpan546" value="ⲉⲓⲥ"/>
		<feat xlink:href="#sSpan548" value="ⲛ"/>
		<feat xlink:href="#sSpan550" value="ⲁⲅⲅⲉⲗⲟⲥ"/>
		<feat xlink:href="#sSpan551" value="ⲁ"/>
		<feat xlink:href="#sSpan553" value="ⲩ"/>
		<feat xlink:href="#sSpan554" value="ⲉⲓ"/>
		<feat xlink:href="#sSpan555" value="ⲁ"/>
		<feat xlink:href="#sSpan557" value="ⲩ"/>
		<feat xlink:href="#sSpan558" value="ⲇⲓⲁⲕⲟⲛⲉⲓ"/>
		<feat xlink:href="#sSpan559" value="ⲛⲁ"/>
		<feat xlink:href="#sSpan561" value="ϥ"/>
		<feat xlink:href="#sSpan562" value="."/>
		<feat xlink:href="#sSpan564" value="ⲁ"/>
		<feat xlink:href="#sSpan567" value="ϥ"/>
		<feat xlink:href="#sSpan568" value="ⲥⲱⲧⲙ"/>
		<feat xlink:href="#sSpan569" value="ⲇⲉ"/>
		<feat xlink:href="#sSpan571" value="ϫⲉ"/>
		<feat xlink:href="#sSpan573" value="ⲁ"/>
		<feat xlink:href="#sSpan574" value="ⲩ"/>
		<feat xlink:href="#sSpan575" value="ⲡⲁⲣⲁⲇⲓⲇⲟⲩ"/>
		<feat xlink:href="#sSpan576" value="ⲛ"/>
		<feat xlink:href="#sSpan578" value="ⲓⲱϩⲁⲛⲛⲏⲥ"/>
		<feat xlink:href="#sSpan580" value="ⲁ"/>
		<feat xlink:href="#sSpan582" value="ϥ"/>
		<feat xlink:href="#sSpan583" value="ⲁⲛⲁⲭⲱⲣⲉⲓ"/>
		<feat xlink:href="#sSpan584" value="ⲉϩⲣⲁⲓ"/>
		<feat xlink:href="#sSpan586" value="ⲉ"/>
		<feat xlink:href="#sSpan588" value="ⲧ"/>
		<feat xlink:href="#sSpan590" value="ⲅⲁⲗⲓⲗⲁⲓⲁ"/>
		<feat xlink:href="#sSpan591" value="."/>
		<feat xlink:href="#sSpan593" value="ⲁ"/>
		<feat xlink:href="#sSpan596" value="ϥ"/>
		<feat xlink:href="#sSpan597" value="ⲕⲱ"/>
		<feat xlink:href="#sSpan599" value="ⲛⲥⲱ"/>
		<feat xlink:href="#sSpan601" value="ϥ"/>
		<feat xlink:href="#sSpan602" value="ⲛ"/>
		<feat xlink:href="#sSpan604" value="ⲛⲁⲍⲁⲣⲉⲑ"/>
		<feat xlink:href="#sSpan606" value="."/>
		<feat xlink:href="#sSpan608" value="ⲁ"/>
		<feat xlink:href="#sSpan610" value="ϥ"/>
		<feat xlink:href="#sSpan611" value="ⲉⲓ"/>
		<feat xlink:href="#sSpan612" value="ⲁ"/>
		<feat xlink:href="#sSpan614" value="ϥ"/>
		<feat xlink:href="#sSpan615" value="ⲟⲩⲱϩ"/>
		<feat xlink:href="#sSpan616" value="ϩⲛ"/>
		<feat xlink:href="#sSpan618" value="ⲕⲁⲡⲁⲣⲛⲁⲟⲩⲙ"/>
		<feat xlink:href="#sSpan620" value="."/>
		<feat xlink:href="#sSpan622" value="ⲧⲁⲓ"/>
		<feat xlink:href="#sSpan625" value="ⲉ"/>
		<feat xlink:href="#sSpan627" value="ⲧ"/>
		<feat xlink:href="#sSpan629" value="ϩⲁⲧⲛ"/>
		<feat xlink:href="#sSpan630" value="ⲑ"/>
		<feat xlink:href="#sSpan632" value="ⲁⲗⲁⲥⲥⲁ"/>
		<feat xlink:href="#sSpan633" value="ϩⲛ"/>
		<feat xlink:href="#sSpan635" value="ⲛ"/>
		<feat xlink:href="#sSpan637" value="ⲧⲟϣ"/>
		<feat xlink:href="#sSpan638" value="ⲛ"/>
		<feat xlink:href="#sSpan640" value="ⲍⲁⲃⲟⲩⲗⲱⲛ"/>
		<feat xlink:href="#sSpan642" value="ⲙⲛ"/>
		<feat xlink:href="#sSpan644" value="ⲛⲉⲫⲑⲁⲗⲉⲓⲙ"/>
		<feat xlink:href="#sSpan646" value="."/>
		<feat xlink:href="#sSpan648" value="ϫⲉⲕⲁⲁⲥ"/>
		<feat xlink:href="#sSpan651" value="ⲉϥⲉ"/>
		<feat xlink:href="#sSpan653" value="ϫⲱⲕ"/>
		<feat xlink:href="#sSpan654" value="ⲉⲃⲟⲗ"/>
		<feat xlink:href="#sSpan656" value="ⲛϭⲓ"/>
		<feat xlink:href="#sSpan658" value="ⲡ"/>
		<feat xlink:href="#sSpan660" value="ⲉⲛⲧ"/>
		<feat xlink:href="#sSpan661" value="ⲁ"/>
		<feat xlink:href="#sSpan662" value="ⲩ"/>
		<feat xlink:href="#sSpan663" value="ϫⲟⲟ"/>
		<feat xlink:href="#sSpan664" value="ϥ"/>
		<feat xlink:href="#sSpan665" value="ϩⲓⲧⲛ"/>
		<feat xlink:href="#sSpan667" value="ⲏⲥⲁⲓⲁⲥ"/>
		<feat xlink:href="#sSpan669" value="ⲡⲉ"/>
		<feat xlink:href="#sSpan671" value="ⲡⲣⲟⲫⲏⲧⲏⲥ"/>
		<feat xlink:href="#sSpan672" value="ⲉ"/>
		<feat xlink:href="#sSpan674" value="ϥ"/>
		<feat xlink:href="#sSpan675" value="ϫⲱ"/>
		<feat xlink:href="#sSpan676" value="ⲙⲙⲟ"/>
		<feat xlink:href="#sSpan678" value="ⲥ"/>
		<feat xlink:href="#sSpan679" value="."/>
		<feat xlink:href="#sSpan681" value="ϫⲉ"/>
		<feat xlink:href="#sSpan684" value="ⲡ"/>
		<feat xlink:href="#sSpan686" value="ⲕⲁϩ"/>
		<feat xlink:href="#sSpan687" value="ⲛ"/>
		<feat xlink:href="#sSpan689" value="ⲍⲁⲃⲟⲩⲗⲱⲛ"/>
		<feat xlink:href="#sSpan691" value="ⲡ"/>
		<feat xlink:href="#sSpan693" value="ⲕⲁϩ"/>
		<feat xlink:href="#sSpan694" value="ⲛⲉⲫⲑⲁⲗⲉⲓⲙ"/>
		<feat xlink:href="#sSpan696" value="."/>
		<feat xlink:href="#sSpan698" value="ⲧⲉ"/>
		<feat xlink:href="#sSpan701" value="ϩⲓⲏ"/>
		<feat xlink:href="#sSpan702" value="ⲛ"/>
		<feat xlink:href="#sSpan704" value="ⲑ"/>
		<feat xlink:href="#sSpan706" value="ⲁⲗⲁⲥⲥⲁ"/>
		<feat xlink:href="#sSpan707" value="ⲡⲉ"/>
		<feat xlink:href="#sSpan709" value="ⲕⲣⲟ"/>
		<feat xlink:href="#sSpan710" value="ⲙ"/>
		<feat xlink:href="#sSpan712" value="ⲡⲉ"/>
		<feat xlink:href="#sSpan714" value="ⲓⲟⲣⲇⲁⲛⲏⲥ"/>
		<feat xlink:href="#sSpan715" value="."/>
		<feat xlink:href="#sSpan717" value="ⲧ"/>
		<feat xlink:href="#sSpan720" value="ⲅⲁⲗⲓⲗⲁⲓⲁ"/>
		<feat xlink:href="#sSpan721" value="ⲛ"/>
		<feat xlink:href="#sSpan723" value="ⲛ"/>
		<feat xlink:href="#sSpan725" value="ϩⲉⲑⲛⲟⲥ"/>
		<feat xlink:href="#sSpan726" value="."/>
		<feat xlink:href="#sSpan728" value="ⲡ"/>
		<feat xlink:href="#sSpan732" value="ⲗⲁⲟⲥ"/>
		<feat xlink:href="#sSpan733" value="ⲉⲧ"/>
		<feat xlink:href="#sSpan735" value="ϩⲙⲟⲟⲥ"/>
		<feat xlink:href="#sSpan736" value="ϩⲙ"/>
		<feat xlink:href="#sSpan738" value="ⲡ"/>
		<feat xlink:href="#sSpan740" value="ⲕⲁⲕⲉ"/>
		<feat xlink:href="#sSpan741" value="ⲁ"/>
		<feat xlink:href="#sSpan743" value="ϥ"/>
		<feat xlink:href="#sSpan744" value="ⲛⲁⲩ"/>
		<feat xlink:href="#sSpan745" value="ⲉ"/>
		<feat xlink:href="#sSpan747" value="ⲩ"/>
		<feat xlink:href="#sSpan749" value="ⲛⲟϭ"/>
		<feat xlink:href="#sSpan750" value="ⲛ"/>
		<feat xlink:href="#sSpan752" value="ⲟⲩⲟⲉⲓⲛ"/>
		<feat xlink:href="#sSpan753" value="."/>
		<feat xlink:href="#sSpan755" value="ⲛ"/>
		<feat xlink:href="#sSpan758" value="ⲉⲧ"/>
		<feat xlink:href="#sSpan759" value="ⲟⲩⲏϩ"/>
		<feat xlink:href="#sSpan760" value="ϩⲛ"/>
		<feat xlink:href="#sSpan762" value="ⲧⲉ"/>
		<feat xlink:href="#sSpan764" value="ⲭⲱⲣⲁ"/>
		<feat xlink:href="#sSpan765" value="ⲙⲛ"/>
		<feat xlink:href="#sSpan767" value="ⲧ"/>
		<feat xlink:href="#sSpan769" value="ϩⲁⲓⲃⲉⲥ"/>
		<feat xlink:href="#sSpan770" value="ⲙ"/>
		<feat xlink:href="#sSpan772" value="ⲡ"/>
		<feat xlink:href="#sSpan774" value="ⲙⲟⲩ"/>
		<feat xlink:href="#sSpan775" value="ⲡ"/>
		<feat xlink:href="#sSpan778" value="ⲟⲩⲟⲉⲓⲛ"/>
		<feat xlink:href="#sSpan779" value="ⲁ"/>
		<feat xlink:href="#sSpan781" value="ϥ"/>
		<feat xlink:href="#sSpan782" value="ϣⲁ"/>
		<feat xlink:href="#sSpan783" value="ⲛⲁ"/>
		<feat xlink:href="#sSpan785" value="ⲩ"/>
		<feat xlink:href="#sSpan786" value="."/>
		<feat xlink:href="#sSpan788" value="ϫⲓⲛ"/>
		<feat xlink:href="#sSpan791" value="ⲡⲉ"/>
		<feat xlink:href="#sSpan793" value="ⲩⲟⲉⲓϣ"/>
		<feat xlink:href="#sSpan794" value="ⲉⲧ"/>
		<feat xlink:href="#sSpan796" value="ⲙⲙⲁⲩ"/>
		<feat xlink:href="#sSpan797" value="ⲁ"/>
		<feat xlink:href="#sSpan799" value="ϥ"/>
		<feat xlink:href="#sSpan800" value="ⲁⲣⲭⲉⲓ"/>
		<feat xlink:href="#sSpan801" value="ⲛϭⲓ"/>
		<feat xlink:href="#sSpan803" value="ⲓⲏⲥⲟⲩⲥ"/>
		<feat xlink:href="#sSpan805" value="ⲉ"/>
		<feat xlink:href="#sSpan808" value="ⲧⲁϣⲉⲟⲉⲓϣ"/>
		<feat xlink:href="#sSpan810" value="ⲁ"/>
		<feat xlink:href="#sSpan812" value="ϥ"/>
		<feat xlink:href="#sSpan813" value="ⲱ"/>
		<feat xlink:href="#sSpan814" value="ⲉ"/>
		<feat xlink:href="#sSpan816" value="ϫⲟⲟ"/>
		<feat xlink:href="#sSpan817" value="ⲥ"/>
		<feat xlink:href="#sSpan818" value="."/>
		<feat xlink:href="#sSpan820" value="ϫⲉ"/>
		<feat xlink:href="#sSpan822" value="ⲙⲉⲧⲁⲛⲟⲉⲓ"/>
		<feat xlink:href="#sSpan823" value="ⲁ"/>
		<feat xlink:href="#sSpan825" value="ⲥ"/>
		<feat xlink:href="#sSpan826" value="ϩⲱⲛ"/>
		<feat xlink:href="#sSpan827" value="ⲅⲁⲣ"/>
		<feat xlink:href="#sSpan829" value="ⲉϩⲟⲩⲛ"/>
		<feat xlink:href="#sSpan831" value="ⲛϭⲓ"/>
		<feat xlink:href="#sSpan833" value="ⲧ"/>
		<feat xlink:href="#sSpan836" value="ⲙⲛⲧⲣⲣⲟ"/>
		<feat xlink:href="#sSpan838" value="ⲛ"/>
		<feat xlink:href="#sSpan840" value="ⲙ"/>
		<feat xlink:href="#sSpan842" value="ⲡⲏⲩⲉ"/>
		<feat xlink:href="#sSpan843" value="."/>
		<feat xlink:href="#sSpan845" value="ⲉ"/>
		<feat xlink:href="#sSpan848" value="ϥ"/>
		<feat xlink:href="#sSpan849" value="ⲙⲟⲟϣⲉ"/>
		<feat xlink:href="#sSpan850" value="ⲇⲉ"/>
		<feat xlink:href="#sSpan852" value="ϩⲁⲧⲛ"/>
		<feat xlink:href="#sSpan854" value="ⲑ"/>
		<feat xlink:href="#sSpan856" value="ⲁⲗⲁⲥⲥⲁ"/>
		<feat xlink:href="#sSpan857" value="ⲛ"/>
		<feat xlink:href="#sSpan859" value="ⲧ"/>
		<feat xlink:href="#sSpan861" value="ⲅⲁⲗⲓⲗⲁⲓⲁ"/>
		<feat xlink:href="#sSpan862" value="ⲁ"/>
		<feat xlink:href="#sSpan864" value="ϥ"/>
		<feat xlink:href="#sSpan865" value="ⲛⲁⲩ"/>
		<feat xlink:href="#sSpan866" value="ⲉ"/>
		<feat xlink:href="#sSpan868" value="ⲥ"/>
		<feat xlink:href="#sSpan869" value="ⲟⲛ"/>
		<feat xlink:href="#sSpan870" value="ⲥⲛⲁⲩ"/>
		<feat xlink:href="#sSpan873" value="."/>
		<feat xlink:href="#sSpan875" value="ⲥⲓⲙⲱⲛ"/>
		<feat xlink:href="#sSpan878" value="ⲡ"/>
		<feat xlink:href="#sSpan880" value="ⲉⲧⲉ"/>
		<feat xlink:href="#sSpan881" value="ϣⲁ"/>
		<feat xlink:href="#sSpan882" value="ⲩ"/>
		<feat xlink:href="#sSpan883" value="ⲙⲟⲩⲧⲉ"/>
		<feat xlink:href="#sSpan884" value="ⲉⲣⲟ"/>
		<feat xlink:href="#sSpan886" value="ϥ"/>
		<feat xlink:href="#sSpan887" value="ϫⲉ"/>
		<feat xlink:href="#sSpan889" value="ⲡⲉⲧⲣⲟⲥ"/>
		<feat xlink:href="#sSpan891" value="ⲙⲛ"/>
		<feat xlink:href="#sSpan893" value="ⲁⲛⲇⲣⲉⲁⲥ"/>
		<feat xlink:href="#sSpan895" value="ⲡⲉϥ"/>
		<feat xlink:href="#sSpan897" value="ⲥⲟⲛ"/>
		<feat xlink:href="#sSpan898" value="ⲉ"/>
		<feat xlink:href="#sSpan900" value="ⲩ"/>
		<feat xlink:href="#sSpan901" value="ϩⲓϣⲛⲉ"/>
		<feat xlink:href="#sSpan902" value="ⲉϩⲣⲁⲓ"/>
		<feat xlink:href="#sSpan904" value="ⲉ"/>
		<feat xlink:href="#sSpan906" value="ⲑⲁⲗⲁⲥⲥⲁ"/>
		<feat xlink:href="#sSpan908" value="ϫⲉ"/>
		<feat xlink:href="#sSpan910" value="ⲛⲉ"/>
		<feat xlink:href="#sSpan911" value="ϩⲉⲛ"/>
		<feat xlink:href="#sSpan913" value="ⲟⲩⲱϩⲉ"/>
		<feat xlink:href="#sSpan914" value="ⲅⲁⲣ"/>
		<feat xlink:href="#sSpan916" value="ⲛⲉ"/>
		<feat xlink:href="#sSpan918" value="."/>
		<feat xlink:href="#sSpan920" value="ⲡⲉϫⲁ"/>
		<feat xlink:href="#sSpan923" value="ϥ"/>
		<feat xlink:href="#sSpan924" value="ⲛⲁ"/>
		<feat xlink:href="#sSpan926" value="ⲩ"/>
		<feat xlink:href="#sSpan927" value="ϫⲉ"/>
		<feat xlink:href="#sSpan929" value="ⲁⲙⲏⲓⲧⲛ"/>
		<feat xlink:href="#sSpan930" value="ⲟⲩⲉϩ"/>
		<feat xlink:href="#sSpan932" value="ⲧⲏⲩⲧⲛ"/>
		<feat xlink:href="#sSpan933" value="ⲛⲥⲱ"/>
		<feat xlink:href="#sSpan935" value="ⲓ"/>
		<feat xlink:href="#sSpan936" value="."/>
		<feat xlink:href="#sSpan938" value="ⲧⲁⲣ"/>
		<feat xlink:href="#sSpan940" value="ⲧⲏⲩⲧⲛ"/>
		<feat xlink:href="#sSpan941" value="ⲛ"/>
		<feat xlink:href="#sSpan943" value="ⲟⲩⲱϩⲉ"/>
		<feat xlink:href="#sSpan945" value="ⲛ"/>
		<feat xlink:href="#sSpan947" value="ⲣⲱⲙⲉ"/>
		<feat xlink:href="#sSpan949" value="."/>
		<feat xlink:href="#sSpan951" value="ⲛⲧⲟⲟⲩ"/>
		<feat xlink:href="#sSpan954" value="ⲇⲉ"/>
		<feat xlink:href="#sSpan956" value="ⲛ"/>
		<feat xlink:href="#sSpan958" value="ⲧⲉ"/>
		<feat xlink:href="#sSpan959" value="ⲩⲛⲟⲩ"/>
		<feat xlink:href="#sSpan960" value="ⲁ"/>
		<feat xlink:href="#sSpan962" value="ⲩ"/>
		<feat xlink:href="#sSpan963" value="ⲕⲱ"/>
		<feat xlink:href="#sSpan964" value="ⲛ"/>
		<feat xlink:href="#sSpan966" value="ⲛⲉⲩ"/>
		<feat xlink:href="#sSpan968" value="ϣⲛⲏⲩ"/>
		<feat xlink:href="#sSpan969" value="."/>
		<feat xlink:href="#sSpan971" value="ⲁ"/>
		<feat xlink:href="#sSpan973" value="ⲩ"/>
		<feat xlink:href="#sSpan974" value="ⲟⲩⲁϩ"/>
		<feat xlink:href="#sSpan975" value="ⲟⲩ"/>
		<feat xlink:href="#sSpan976" value="ⲛⲥⲱ"/>
		<feat xlink:href="#sSpan978" value="ϥ"/>
		<feat xlink:href="#sSpan979" value="."/>
		<feat xlink:href="#sSpan981" value="ⲁ"/>
		<feat xlink:href="#sSpan984" value="ϥ"/>
		<feat xlink:href="#sSpan985" value="ⲙⲟⲟϣⲉ"/>
		<feat xlink:href="#sSpan986" value="ⲇⲉ"/>
		<feat xlink:href="#sSpan989" value="ⲟⲛ"/>
		<feat xlink:href="#sSpan991" value="ⲉ"/>
		<feat xlink:href="#sSpan993" value="ⲧ"/>
		<feat xlink:href="#sSpan995" value="ϩⲏ"/>
		<feat xlink:href="#sSpan996" value="ⲛ"/>
		<feat xlink:href="#sSpan998" value="ⲕⲉ"/>
		<feat xlink:href="#sSpan1000" value="ⲕⲟⲩⲓ"/>
		<feat xlink:href="#sSpan1001" value="."/>
		<feat xlink:href="#sSpan1003" value="ⲁ"/>
		<feat xlink:href="#sSpan1005" value="ϥ"/>
		<feat xlink:href="#sSpan1006" value="ⲛⲁⲩ"/>
		<feat xlink:href="#sSpan1007" value="ⲉⲕⲉ"/>
		<feat xlink:href="#sSpan1009" value="ⲥⲟ"/>
		<feat xlink:href="#sSpan1010" value="ⲛ"/>
		<feat xlink:href="#sSpan1011" value="ⲥⲛⲁⲩ"/>
		<feat xlink:href="#sSpan1014" value="ⲓⲁⲕⲱⲃⲟⲥ"/>
		<feat xlink:href="#sSpan1016" value="ⲡ"/>
		<feat xlink:href="#sSpan1018" value="ϣⲏⲣⲉ"/>
		<feat xlink:href="#sSpan1019" value="ⲛ"/>
		<feat xlink:href="#sSpan1021" value="ⲍⲉⲃⲉⲇⲁⲓⲟⲥ"/>
		<feat xlink:href="#sSpan1023" value="ⲙⲛ"/>
		<feat xlink:href="#sSpan1025" value="ⲓⲱϩⲁⲛⲛⲏⲥ"/>
		<feat xlink:href="#sSpan1027" value="ⲡⲉϥ"/>
		<feat xlink:href="#sSpan1029" value="ⲥⲟⲛ"/>
		<feat xlink:href="#sSpan1030" value="ϩⲣⲁⲓ"/>
		<feat xlink:href="#sSpan1033" value="ϩⲙ"/>
		<feat xlink:href="#sSpan1035" value="ⲡ"/>
		<feat xlink:href="#sSpan1037" value="ϫⲟⲓ"/>
		<feat xlink:href="#sSpan1038" value="ⲙⲛ"/>
		<feat xlink:href="#sSpan1040" value="ⲍⲉⲃⲉⲇⲁⲓⲟⲥ"/>
		<feat xlink:href="#sSpan1042" value="ⲡⲉⲩ"/>
		<feat xlink:href="#sSpan1044" value="ⲉⲓⲱⲧ"/>
		<feat xlink:href="#sSpan1045" value="ⲉ"/>
		<feat xlink:href="#sSpan1047" value="ⲩ"/>
		<feat xlink:href="#sSpan1048" value="ⲥⲟϥⲧⲉ"/>
		<feat xlink:href="#sSpan1049" value="ⲛ"/>
		<feat xlink:href="#sSpan1051" value="ⲛⲉⲩ"/>
		<feat xlink:href="#sSpan1053" value="ϣⲛⲏⲩ"/>
		<feat xlink:href="#sSpan1054" value="ⲁ"/>
		<feat xlink:href="#sSpan1056" value="ϥ"/>
		<feat xlink:href="#sSpan1057" value="ⲙⲟⲩⲧⲉ"/>
		<feat xlink:href="#sSpan1058" value="ⲉⲣⲟ"/>
		<feat xlink:href="#sSpan1060" value="ⲟⲩ"/>
		<feat xlink:href="#sSpan1061" value="."/>
		<feat xlink:href="#sSpan1063" value="ⲛⲧⲟⲟⲩ"/>
		<feat xlink:href="#sSpan1066" value="ⲇⲉ"/>
		<feat xlink:href="#sSpan1068" value="ⲛ"/>
		<feat xlink:href="#sSpan1070" value="ⲧⲉ"/>
		<feat xlink:href="#sSpan1071" value="ⲩⲛⲟⲩ"/>
		<feat xlink:href="#sSpan1072" value="ⲁ"/>
		<feat xlink:href="#sSpan1074" value="ⲩ"/>
		<feat xlink:href="#sSpan1075" value="ⲕⲱ"/>
		<feat xlink:href="#sSpan1076" value="ⲛ"/>
		<feat xlink:href="#sSpan1078" value="ⲛⲉⲩ"/>
		<feat xlink:href="#sSpan1080" value="ϣⲛⲏⲩ"/>
		<feat xlink:href="#sSpan1081" value="ⲙⲛ"/>
		<feat xlink:href="#sSpan1083" value="ⲡⲉⲩ"/>
		<feat xlink:href="#sSpan1085" value="ⲉⲓⲱⲧ"/>
		<feat xlink:href="#sSpan1086" value="ⲁ"/>
		<feat xlink:href="#sSpan1088" value="ⲩ"/>
		<feat xlink:href="#sSpan1089" value="ⲟⲩⲁϩ"/>
		<feat xlink:href="#sSpan1090" value="ⲟⲩ"/>
		<feat xlink:href="#sSpan1091" value="ⲛⲥⲱ"/>
		<feat xlink:href="#sSpan1093" value="ϥ"/>
		<feat xlink:href="#sSpan1094" value="."/>
		<feat xlink:href="#sSpan1096" value="ⲁ"/>
		<feat xlink:href="#sSpan1099" value="ϥ"/>
		<feat xlink:href="#sSpan1100" value="ⲉⲓ"/>
		<feat xlink:href="#sSpan1101" value="ⲇⲉ"/>
		<feat xlink:href="#sSpan1103" value="ⲉⲃⲟⲗ"/>
		<feat xlink:href="#sSpan1106" value="ϩⲛ"/>
		<feat xlink:href="#sSpan1108" value="ⲧ"/>
		<feat xlink:href="#sSpan1110" value="ⲅⲁⲗⲓⲗⲁⲓⲁ"/>
		<feat xlink:href="#sSpan1111" value="ⲧⲏⲣ"/>
		<feat xlink:href="#sSpan1113" value="ⲥ"/>
		<feat xlink:href="#sSpan1114" value="ⲉ"/>
		<feat xlink:href="#sSpan1116" value="ϥ"/>
		<feat xlink:href="#sSpan1118" value="ϯⲥⲃⲱ"/>
		<feat xlink:href="#sSpan1120" value="ϩⲣⲁⲓ"/>
		<feat xlink:href="#sSpan1123" value="ϩⲛ"/>
		<feat xlink:href="#sSpan1125" value="ⲛⲉⲩ"/>
		<feat xlink:href="#sSpan1127" value="ⲥⲩⲛⲁⲅⲱⲅⲏ"/>
		<feat xlink:href="#sSpan1128" value="ⲁⲩⲱ"/>
		<feat xlink:href="#sSpan1130" value="ⲉ"/>
		<feat xlink:href="#sSpan1132" value="ϥ"/>
		<feat xlink:href="#sSpan1134" value="ⲧⲁϣⲉⲟⲉⲓϣ"/>
		<feat xlink:href="#sSpan1136" value="ⲙ"/>
		<feat xlink:href="#sSpan1138" value="ⲡ"/>
		<feat xlink:href="#sSpan1140" value="ⲉⲩⲁⲅⲅⲉⲗⲓⲟⲛ"/>
		<feat xlink:href="#sSpan1141" value="ⲛ"/>
		<feat xlink:href="#sSpan1143" value="ⲧ"/>
		<feat xlink:href="#sSpan1146" value="ⲙⲛⲧⲣⲣⲟ"/>
		<feat xlink:href="#sSpan1148" value="ⲉ"/>
		<feat xlink:href="#sSpan1150" value="ϥ"/>
		<feat xlink:href="#sSpan1151" value="ⲣⲡⲁϩⲣⲉ"/>
		<feat xlink:href="#sSpan1152" value="ⲉ"/>
		<feat xlink:href="#sSpan1154" value="ϣⲱⲛⲉ"/>
		<feat xlink:href="#sSpan1155" value="ⲛⲓⲙ"/>
		<feat xlink:href="#sSpan1157" value="ϩⲓ"/>
		<feat xlink:href="#sSpan1159" value="ⲗⲟϫⲗϫ"/>
		<feat xlink:href="#sSpan1161" value="ⲛⲓⲙ"/>
		<feat xlink:href="#sSpan1163" value="ⲉⲧ"/>
		<feat xlink:href="#sSpan1165" value="ϩⲙ"/>
		<feat xlink:href="#sSpan1166" value="ⲡ"/>
		<feat xlink:href="#sSpan1168" value="ⲗⲁⲟⲥ"/>
		<feat xlink:href="#sSpan1169" value="."/>
		<feat xlink:href="#sSpan1171" value="ⲡⲉϥ"/>
		<feat xlink:href="#sSpan1175" value="ⲥⲟⲉⲓⲧ"/>
		<feat xlink:href="#sSpan1176" value="ⲁ"/>
		<feat xlink:href="#sSpan1178" value="ϥ"/>
		<feat xlink:href="#sSpan1179" value="ⲃⲱⲕ"/>
		<feat xlink:href="#sSpan1181" value="ⲉⲃⲟⲗ"/>
		<feat xlink:href="#sSpan1183" value="ϩⲛ"/>
		<feat xlink:href="#sSpan1185" value="ⲧ"/>
		<feat xlink:href="#sSpan1187" value="ⲥⲩⲣⲓⲁ"/>
		<feat xlink:href="#sSpan1188" value="ⲧⲏⲣ"/>
		<feat xlink:href="#sSpan1190" value="ⲥ"/>
		<feat xlink:href="#sSpan1191" value="ⲁ"/>
		<feat xlink:href="#sSpan1193" value="ⲩ"/>
		<feat xlink:href="#sSpan1194" value="ⲉⲓⲛⲉ"/>
		<feat xlink:href="#sSpan1195" value="ⲛⲁ"/>
		<feat xlink:href="#sSpan1197" value="ϥ"/>
		<feat xlink:href="#sSpan1198" value="ⲛ"/>
		<feat xlink:href="#sSpan1200" value="ⲟⲩⲟⲛ"/>
		<feat xlink:href="#sSpan1203" value="ⲛⲓⲙ"/>
		<feat xlink:href="#sSpan1205" value="ⲉⲧ"/>
		<feat xlink:href="#sSpan1207" value="ⲙⲟⲕϩ"/>
		<feat xlink:href="#sSpan1208" value="ϩⲛ"/>
		<feat xlink:href="#sSpan1210" value="ϩⲉⲛ"/>
		<feat xlink:href="#sSpan1212" value="ϣⲱⲛⲉ"/>
		<feat xlink:href="#sSpan1213" value="ⲉ"/>
		<feat xlink:href="#sSpan1215" value="ⲩ"/>
		<feat xlink:href="#sSpan1216" value="ϣⲟⲃⲉ"/>
		<feat xlink:href="#sSpan1217" value="ⲁⲩⲱ"/>
		<feat xlink:href="#sSpan1219" value="ⲉ"/>
		<feat xlink:href="#sSpan1221" value="ⲩ"/>
		<feat xlink:href="#sSpan1222" value="ϣⲟⲟⲡ"/>
		<feat xlink:href="#sSpan1223" value="ϩⲛ"/>
		<feat xlink:href="#sSpan1225" value="ϩⲉⲛ"/>
		<feat xlink:href="#sSpan1227" value="ⲧⲕⲁⲥ"/>
		<feat xlink:href="#sSpan1228" value="ⲙⲛ"/>
		<feat xlink:href="#sSpan1230" value="ⲛ"/>
		<feat xlink:href="#sSpan1232" value="ⲉⲧ"/>
		<feat xlink:href="#sSpan1233" value="ⲟ"/>
		<feat xlink:href="#sSpan1235" value="ⲛ"/>
		<feat xlink:href="#sSpan1237" value="ⲇⲁⲓⲙⲱⲛⲓⲟⲛ"/>
		<feat xlink:href="#sSpan1239" value="ⲙⲛ"/>
		<feat xlink:href="#sSpan1241" value="ⲛ"/>
		<feat xlink:href="#sSpan1243" value="ⲉⲧ"/>
		<feat xlink:href="#sSpan1244" value="ϩⲓⲧⲉ"/>
		<feat xlink:href="#sSpan1245" value="ⲙⲛ"/>
		<feat xlink:href="#sSpan1247" value="ⲛ"/>
		<feat xlink:href="#sSpan1249" value="ⲉⲧ"/>
		<feat xlink:href="#sSpan1250" value="ⲥⲏϭ"/>
		<feat xlink:href="#sSpan1251" value="ⲁ"/>
		<feat xlink:href="#sSpan1253" value="ϥ"/>
		<feat xlink:href="#sSpan1254" value="ⲣⲡⲁϩⲣⲉ"/>
		<feat xlink:href="#sSpan1255" value="ⲉⲣⲟ"/>
		<feat xlink:href="#sSpan1257" value="ⲟⲩ"/>
		<feat xlink:href="#sSpan1258" value="."/>
		<feat xlink:href="#sSpan1260" value="ⲁⲩⲱ"/>
		<feat xlink:href="#sSpan1263" value="ⲁ"/>
		<feat xlink:href="#sSpan1265" value="ⲩ"/>
		<feat xlink:href="#sSpan1266" value="ⲟⲩⲁϩ"/>
		<feat xlink:href="#sSpan1267" value="ⲟⲩ"/>
		<feat xlink:href="#sSpan1268" value="ⲛⲥⲱ"/>
		<feat xlink:href="#sSpan1270" value="ϥ"/>
		<feat xlink:href="#sSpan1271" value="ⲛϭⲓ"/>
		<feat xlink:href="#sSpan1273" value="ϩⲉⲛ"/>
		<feat xlink:href="#sSpan1275" value="ⲙⲏⲏϣⲉ"/>
		<feat xlink:href="#sSpan1276" value="ⲉ"/>
		<feat xlink:href="#sSpan1278" value="ⲛⲁϣⲱ"/>
		<feat xlink:href="#sSpan1279" value="ⲟⲩ"/>
		<feat xlink:href="#sSpan1280" value="ⲉⲃⲟⲗ"/>
		<feat xlink:href="#sSpan1283" value="ϩⲛ"/>
		<feat xlink:href="#sSpan1285" value="ⲧ"/>
		<feat xlink:href="#sSpan1287" value="ⲅⲁⲗⲓⲗⲁⲓⲁ"/>
		<feat xlink:href="#sSpan1288" value="ⲙⲛ"/>
		<feat xlink:href="#sSpan1290" value="ⲧ"/>
		<feat xlink:href="#sSpan1292" value="ⲇⲉⲕⲁⲡⲟⲗⲓⲥ"/>
		<feat xlink:href="#sSpan1293" value="ⲙⲛ"/>
		<feat xlink:href="#sSpan1295" value="ⲧ"/>
		<feat xlink:href="#sSpan1297" value="ϩⲓⲉⲣⲟⲥⲟⲗⲩⲙⲁ"/>
		<feat xlink:href="#sSpan1298" value="ⲙⲛ"/>
		<feat xlink:href="#sSpan1300" value="ⲧ"/>
		<feat xlink:href="#sSpan1302" value="ⲓⲟⲩⲇⲁⲓⲁ"/>
		<feat xlink:href="#sSpan1303" value="ⲙⲛ"/>
		<feat xlink:href="#sSpan1305" value="ⲡⲉ"/>
		<feat xlink:href="#sSpan1307" value="ⲕⲣⲟ"/>
		<feat xlink:href="#sSpan1308" value="ⲙ"/>
		<feat xlink:href="#sSpan1310" value="ⲡⲉ"/>
		<feat xlink:href="#sSpan1312" value="ⲓⲟⲣⲇⲁⲛⲏⲥ"/>
		<feat xlink:href="#sSpan1313" value="."/></featList></paula>