<?xml version='1.0' encoding='UTF-8'?><!DOCTYPE paula SYSTEM "paula_feat.dtd">
<paula version="1.1">
	<header paula_id="scriptorium.GF17-18.mark_orig_group"/>
	<featList xmlns:xlink="http://www.w3.org/1999/xlink" type="orig_group" xml:base="scriptorium.GF17-18.mark.xml">
		<feat xlink:href="#sSpan5" value="ⲛⲉⲧⲉⲓⲣⲉ"/>
		<feat xlink:href="#sSpan20" value="ⲛⲛⲉⲧⲉⲙⲉϣϣⲉ"/>
		<feat xlink:href="#sSpan34" value="ϩⲣⲁⲓ"/>
		<feat xlink:href="#sSpan38" value="ⲛϩⲏⲧⲛ"/>
		<feat xlink:href="#sSpan45" value="ⲧⲁⲓ"/>
		<feat xlink:href="#sSpan50" value="ⲧⲉ"/>
		<feat xlink:href="#sSpan54" value="ⲑⲉ"/>
		<feat xlink:href="#sSpan60" value="ⲉⲧⲛϯϣⲓⲡⲉ"/>
		<feat xlink:href="#sSpan71" value="ⲛⲛⲁⲅⲁⲑⲟⲥ"/>
		<feat xlink:href="#sSpan81" value="ⲉⲧⲛϩⲏⲧⲛ"/>
		<feat xlink:href="#sSpan90" value="ⲉⲧⲉⲓⲣⲉ"/>
		<feat xlink:href="#sSpan97" value="ⲙⲡⲁⲅⲁⲑⲟⲛ"/>
		<feat xlink:href="#sSpan107" value="ⲁⲛⲟⲛ"/>
		<feat xlink:href="#sSpan112" value="ⲛⲉⲧⲉⲓⲣⲉ"/>
		<feat xlink:href="#sSpan121" value="ⲙⲡⲡⲟⲛⲏⲣⲟⲛ"/>
		<feat xlink:href="#sSpan132" value="·"/>
		<feat xlink:href="#sSpan138" value="ⲱ"/>
		<feat xlink:href="#sSpan145" value="ⲧⲛⲟⲩⲟⲛϩ"/>
		<feat xlink:href="#sSpan151" value="ⲉⲃⲟⲗ"/>
		<feat xlink:href="#sSpan155" value="ⲉⲛⲟⲩⲏⲣ"/>
		<feat xlink:href="#sSpan164" value="ϫⲉⲁⲛⲟⲛ"/>
		<feat xlink:href="#sSpan171" value="ϩⲛⲙⲁⲓⲛⲟⲃⲉ"/>
		<feat xlink:href="#sSpan180" value="·"/>
		<feat xlink:href="#sSpan187" value="ⲛⲱϩⲉ"/>
		<feat xlink:href="#sSpan194" value="ⲁϥϣⲱⲡⲉ"/>
		<feat xlink:href="#sSpan202" value="ⲛⲇⲉⲓⲕⲁⲓⲟⲥ"/>
		<feat xlink:href="#sSpan211" value="·"/>
		<feat xlink:href="#sSpan215" value="ⲁⲩⲱ"/>
		<feat xlink:href="#sSpan219" value="ⲛⲁⲧⲛⲟⲃ̣ⲉ"/>
		<feat xlink:href="#sSpan229" value="̣ⲉ̣ϥ̣ⲟ̣ⲩⲏϩ̣"/>
		<feat xlink:href="#sSpan238" value="ⲙⲛⲛⲉⲛⲧⲁⲩⲕⲁⲡⲛⲟⲩⲧⲉ"/>
		<feat xlink:href="#sSpan259" value="ⲛⲥⲱⲟⲩ"/>
		<feat xlink:href="#sSpan266" value="·"/>
		<feat xlink:href="#sSpan271" value="ⲧⲛⲣⲛⲟ[ⲃⲉ]"/>
		<feat xlink:href="#sSpan283" value="ⲇⲉ"/>
		<feat xlink:href="#sSpan287" value="ϩⲱⲱⲛ"/>
		<feat xlink:href="#sSpan293" value="ϩⲛⲧⲙⲏⲧⲉ"/>
		<feat xlink:href="#sSpan304" value="ⲛ̣ⲛⲛⲉ̣ⲛⲧⲁⲩⲕ̣ⲁ̣ⲡⲛⲟ̣ⲃ̣ⲉ̣"/>
		<feat xlink:href="#sSpan325" value="ⲛⲥⲱⲟⲩ"/>
		<feat xlink:href="#sSpan331" value="ⲉⲉⲣ…"/>
		<feat xlink:href="#sSpan342" value="ⲗⲱⲧ"/>
		<feat xlink:href="#sSpan349" value="·"/>
		<feat xlink:href="#sSpan353" value="ⲛⲉϥⲟⲩⲏϩ"/>
		<feat xlink:href="#sSpan361" value="ⲙⲛⲛⲣⲱⲙⲉ"/>
		<feat xlink:href="#sSpan371" value="ⲛⲡⲟⲛⲏ̣ⲣ̣ⲟⲥ"/>
		<feat xlink:href="#sSpan380" value="ⲡⲁⲣⲁⲣⲱⲙⲉ"/>
		<feat xlink:href="#sSpan388" value="ⲛⲓ̣ⲙ"/>
		<feat xlink:href="#sSpan392" value="·"/>
		<feat xlink:href="#sSpan396" value="ⲁⲩⲱ"/>
		<feat xlink:href="#sSpan400" value="ⲁϥϣⲱⲡⲉ"/>
		<feat xlink:href="#sSpan410" value="ⲛⲁⲧⲛⲟⲃⲉ"/>
		<feat xlink:href="#sSpan420" value="·"/>
		<feat xlink:href="#sSpan424" value="ⲧⲛⲟⲩⲏϩ"/>
		<feat xlink:href="#sSpan434" value="ⲇⲉ"/>
		<feat xlink:href="#sSpan439" value="ϩⲱⲱⲛ"/>
		<feat xlink:href="#sSpan445" value="ⲙⲛⲛⲉⲧⲟⲩⲁⲁⲃ"/>
		<feat xlink:href="#sSpan457" value="ⲉⲧⲛϩⲏⲧⲛ"/>
		<feat xlink:href="#sSpan466" value="ⲧⲛⲉⲓⲣⲉ"/>
		<feat xlink:href="#sSpan472" value="ⲛⲉⲛ̣ⲃⲟⲧⲉ"/>
		<feat xlink:href="#sSpan480" value="ⲙⲡⲛⲟⲩⲧⲉ"/>
		<feat xlink:href="#sSpan491" value="ϩⲁϩ̣"/>
		<feat xlink:href="#sSpan499" value="ⲅⲁⲣ"/>
		<feat xlink:href="#sSpan503" value="ϩⲛⲛⲉⲧⲟⲩⲁⲁⲃ"/>
		<feat xlink:href="#sSpan515" value="ⲧⲏⲣⲟⲩ"/>
		<feat xlink:href="#sSpan521" value="ϣⲁϩⲣⲁⲓ"/>
		<feat xlink:href="#sSpan526" value="ⲉⲇⲁⲛⲓⲏ̄ⲗ"/>
		<feat xlink:href="#sSpan534" value="ⲙⲛⲛⲉϥϣⲃⲉⲉⲣ"/>
		<feat xlink:href="#sSpan544" value="ⲛⲉⲩϣⲟⲟⲡ"/>
		<feat xlink:href="#sSpan553" value="ϩⲛⲧⲙⲏⲧⲉ"/>
		<feat xlink:href="#sSpan563" value="ⲛϩⲉⲛⲁⲧⲛⲟⲩⲧⲉ"/>
		<feat xlink:href="#sSpan575" value="·"/>
		<feat xlink:href="#sSpan579" value="ⲁⲩϩⲁⲣⲉϩ"/>
		<feat xlink:href="#sSpan588" value="ⲉⲩⲟⲩⲁⲁⲃ"/>
		<feat xlink:href="#sSpan597" value="·"/>
		<feat xlink:href="#sSpan601" value="ⲁⲩⲱ"/>
		<feat xlink:href="#sSpan605" value="ⲙⲡⲟⲩⲣⲛⲟⲃⲉ"/>
		<feat xlink:href="#sSpan616" value="·"/>
		<feat xlink:href="#sSpan621" value="ⲧⲛⲣⲛⲟⲃⲉ"/>
		<feat xlink:href="#sSpan633" value="ⲇⲉ"/>
		<feat xlink:href="#sSpan637" value="ϩⲱⲱⲛ"/>
		<feat xlink:href="#sSpan643" value="ϩⲛⲧⲙⲏⲧⲉ"/>
		<feat xlink:href="#sSpan653" value="ⲛⲙⲙⲁⲓⲛⲟⲩⲧⲉ"/>
		<feat xlink:href="#sSpan665" value="·"/>
		<feat xlink:href="#sSpan669" value="ⲧⲛⲥⲟⲟⲩϩ"/>
		<feat xlink:href="#sSpan677" value="ⲉϩⲟⲩⲛ"/>
		<feat xlink:href="#sSpan681" value="ⲛⲙⲙⲁⲩ"/>
		<feat xlink:href="#sSpan688" value="ⲛⲧⲟϥ"/>
		<feat xlink:href="#sSpan692" value="ⲧⲛⲧⲁⲩⲟ"/>
		<feat xlink:href="#sSpan699" value="ⲙⲡⲣⲁⲛ"/>
		<feat xlink:href="#sSpan708" value="ⲙ̄ⲡⲛⲟⲩⲧⲉ"/>
		<feat xlink:href="#sSpan718" value="ⲧⲏⲣⲛ"/>
		<feat xlink:href="#sSpan724" value="ⲁⲩⲱ"/>
		<feat xlink:href="#sSpan730" value="ⲛⲉϥⲁⲅⲅⲉⲗⲟⲥ"/>
		<feat xlink:href="#sSpan738" value="·"/>
		<feat xlink:href="#sSpan742" value="ⲧⲛϣⲁϫⲉ"/>
		<feat xlink:href="#sSpan750" value="ⲇⲉ"/>
		<feat xlink:href="#sSpan755" value="ⲟⲛ"/>
		<feat xlink:href="#sSpan759" value="ⲉⲛⲉⲧⲟⲩⲁⲁⲃ"/>
		<feat xlink:href="#sSpan771" value="ⲁⲩⲱ"/>
		<feat xlink:href="#sSpan778" value="ⲛⲉⲩϩⲃⲏⲩⲉ"/>
		<feat xlink:href="#sSpan785" value="ϣⲁϩⲣⲁⲓ"/>
		<feat xlink:href="#sSpan790" value="ⲉⲛⲉⲛⲧⲁⲩⲣⲙⲁⲣⲧⲏⲣⲟⲥ"/>
		<feat xlink:href="#sSpan809" value="ϩⲛⲙⲁ"/>
		<feat xlink:href="#sSpan817" value="ⲛⲓⲙ"/>
		<feat xlink:href="#sSpan821" value="ⲉϫⲛⲡⲣⲁⲛ"/>
		<feat xlink:href="#sSpan831" value="ⲓ︤ⲥ︥"/>
		<feat xlink:href="#sSpan837" value="ⲧⲛϣⲁϫⲉ"/>
		<feat xlink:href="#sSpan847" value="ⲇⲉ"/>
		<feat xlink:href="#sSpan851" value="ⲟⲛ"/>
		<feat xlink:href="#sSpan855" value="ⲁⲩⲱ"/>
		<feat xlink:href="#sSpan859" value="ⲧⲛⲥⲱⲧⲙ"/>
		<feat xlink:href="#sSpan866" value="ⲟⲛ"/>
		<feat xlink:href="#sSpan870" value="ⲁⲛⲟⲛ"/>
		<feat xlink:href="#sSpan874" value="ⲛⲉⲧⲛⲥⲉⲉⲙⲡϣⲁ"/>
		<feat xlink:href="#sSpan888" value="ⲁⲛ"/>
		<feat xlink:href="#sSpan893" value="·"/>
		<feat xlink:href="#sSpan897" value="ϫⲉϯⲡⲁⲣⲁⲕⲁⲗⲉⲓ̈"/>
		<feat xlink:href="#sSpan908" value="ⲛⲛⲉⲡⲣⲉⲥⲃⲩⲧⲉⲣⲟⲥ"/>
		<feat xlink:href="#sSpan919" value="ⲉⲧⲉⲛϩⲏⲧⲧⲏⲩⲧⲛ"/>
		<feat xlink:href="#sSpan929" value="ϩⲱⲥ"/>
		<feat xlink:href="#sSpan936" value="ϣⲃⲏⲣⲡⲣⲉⲥⲃⲩⲧⲉⲣⲟⲥ"/>
		<feat xlink:href="#sSpan943" value="·"/>
		<feat xlink:href="#sSpan947" value="ⲁⲩⲱ"/>
		<feat xlink:href="#sSpan952" value="ⲙⲙⲛⲧⲣⲉ"/>
		<feat xlink:href="#sSpan960" value="ⲛⲙⲙⲟϩⲕⲥ"/>
		<feat xlink:href="#sSpan969" value="ⲙⲡⲉⲭ︤ⲥ︥"/>
		<feat xlink:href="#sSpan980" value="·"/>
		<feat xlink:href="#sSpan985" value="ⲡⲉⲧⲛⲁϫⲟⲟⲥ"/>
		<feat xlink:href="#sSpan1001" value="ⲛⲁⲛ"/>
		<feat xlink:href="#sSpan1007" value="ϫⲉⲛⲧⲛⲥⲟⲟⲩⲛ"/>
		<feat xlink:href="#sSpan1018" value="ⲁⲛ"/>
		<feat xlink:href="#sSpan1023" value="ⲙⲡⲛⲟⲩⲧⲉ"/>
		<feat xlink:href="#sSpan1032" value="·"/>
		<feat xlink:href="#sSpan1037" value="ⲟⲩⲇⲉ"/>
		<feat xlink:href="#sSpan1044" value="ⲡⲉϥⲛⲟⲙⲟⲥ"/>
		<feat xlink:href="#sSpan1051" value="ϣⲁⲛϭⲱⲛⲧ"/>
		<feat xlink:href="#sSpan1060" value="ⲉⲣⲟϥ"/>
		<feat xlink:href="#sSpan1066" value="ⲧⲛⲉⲓⲣⲉ"/>
		<feat xlink:href="#sSpan1074" value="ⲇⲉ"/>
		<feat xlink:href="#sSpan1078" value="ϩⲱⲱϥ"/>
		<feat xlink:href="#sSpan1085" value="ⲛⲛⲉϩⲃⲏⲩⲉ"/>
		<feat xlink:href="#sSpan1095" value="ⲙⲙⲛⲧⲁⲧⲛⲟⲩⲧⲉ"/>
		<feat xlink:href="#sSpan1106" value="·"/>
		<feat xlink:href="#sSpan1110" value="ⲟⲩ"/>
		<feat xlink:href="#sSpan1115" value="ϭⲉ"/>
		<feat xlink:href="#sSpan1119" value="ⲡⲉⲧⲛⲛⲁϫⲟⲟϥ"/>
		<feat xlink:href="#sSpan1136" value="ⲛⲁϩⲣⲛⲛⲉⲓ̈ϣⲁϫⲉ"/>
		<feat xlink:href="#sSpan1147" value="·"/>
		<feat xlink:href="#sSpan1151" value="ϫⲉⲟⲩⲟⲛ"/>
		<feat xlink:href="#sSpan1160" value="ⲛⲓ̈ⲙ"/>
		<feat xlink:href="#sSpan1164" value="ⲉⲧⲉⲣⲛⲟⲃⲉ"/>
		<feat xlink:href="#sSpan1173" value="·"/>
		<feat xlink:href="#sSpan1177" value="ⲙⲡⲉϥⲛⲁⲩ"/>
		<feat xlink:href="#sSpan1186" value="ⲉⲣⲟϥ"/>
		<feat xlink:href="#sSpan1194" value="ⲟⲩⲇⲉ"/>
		<feat xlink:href="#sSpan1198" value="ⲙⲡⲉϥⲥⲟⲩⲱⲛϥ"/>
		<feat xlink:href="#sSpan1209" value="·"/>
		<feat xlink:href="#sSpan1215" value="ⲙⲏ"/>
		<feat xlink:href="#sSpan1223" value="ⲡⲟⲩⲉⲓ̈ⲏⲟⲩⲉϣ"/>
		<feat xlink:href="#sSpan1232" value="ⲡϣⲏⲛ"/>
		<feat xlink:href="#sSpan1239" value="ⲁⲛ"/>
		<feat xlink:href="#sSpan1243" value="·"/>
		<feat xlink:href="#sSpan1248" value="ⲟⲩ"/>
		<feat xlink:href="#sSpan1254" value="ⲙⲟⲛⲟⲛ"/>
		<feat xlink:href="#sSpan1259" value="ϫⲉϥⲟⲩⲟⲟⲗⲉ"/>
		<feat xlink:href="#sSpan1268" value="ϩⲁⲡⲉϥⲟⲩⲧⲁϩ"/>
		<feat xlink:href="#sSpan1278" value="·"/>
		<feat xlink:href="#sSpan1283" value="ⲁⲗⲗⲁ"/>
		<feat xlink:href="#sSpan1287" value="ⲉϥⲱⲗ"/>
		<feat xlink:href="#sSpan1295" value="ⲟⲛ"/>
		<feat xlink:href="#sSpan1300" value="ⲙⲙⲟϥ"/>
		<feat xlink:href="#sSpan1306" value="·"/>
		<feat xlink:href="#sSpan1312" value="ⲙⲏ"/>
		<feat xlink:href="#sSpan1319" value="ⲛϥⲥⲏϩ"/>
		<feat xlink:href="#sSpan1327" value="ⲁⲛ"/>
		<feat xlink:href="#sSpan1331" value="ϫⲉϣⲏⲛ"/>
		<feat xlink:href="#sSpan1340" value="ⲛⲓⲙ"/>
		<feat xlink:href="#sSpan1344" value="ⲉⲧⲉⲛϥⲛⲁⲉⲓⲣⲉ"/>
		<feat xlink:href="#sSpan1357" value="ⲁⲛ"/>
		<feat xlink:href="#sSpan1361" value="ⲉⲛⲟⲩⲕⲁⲣⲡⲟⲥ"/>
		<feat xlink:href="#sSpan1372" value="ⲉⲛⲁⲛⲟⲩϥ"/>
		<feat xlink:href="#sSpan1380" value="ⲥⲉⲛⲁⲕⲟⲟⲣⲉϥ"/>
		<feat xlink:href="#sSpan1391" value="ⲛⲥⲉⲛⲟϫϥ"/>
		<feat xlink:href="#sSpan1402" value="ⲉⲧⲥⲁⲧⲉ"/>
		<feat xlink:href="#sSpan1412" value="ⲉϣϫⲉ"/>
		<feat xlink:href="#sSpan1420" value="ⲛⲉⲧⲟⲩⲁⲁⲃ"/>
		<feat xlink:href="#sSpan1428" value="ⲁⲩⲱ"/>
		<feat xlink:href="#sSpan1434" value="ⲛⲉⲛⲉⲓⲟⲧⲉ"/>
		<feat xlink:href="#sSpan1440" value="·"/>
		<feat xlink:href="#sSpan1446" value="ⲡⲣⲟⲫⲏⲧⲏⲥ"/>
		<feat xlink:href="#sSpan1451" value="·"/>
		<feat xlink:href="#sSpan1455" value="ⲁⲩⲱ"/>
		<feat xlink:href="#sSpan1460" value="ⲛⲁⲡⲟⲥⲧⲟⲗⲟⲥ"/>
		<feat xlink:href="#sSpan1468" value="·"/>
		<feat xlink:href="#sSpan1472" value="ⲙⲛⲛⲛⲇⲉⲓ̈ⲕⲁⲓ̈ⲟⲥ"/>
		<feat xlink:href="#sSpan1484" value="ⲧⲏⲣⲟⲩ"/>
		<feat xlink:href="#sSpan1491" value="·"/>
		<feat xlink:href="#sSpan1495" value="ⲁⲩϫⲟⲟⲥ"/>
		<feat xlink:href="#sSpan1507" value="ⲉⲧⲃⲏⲧⲟⲩ"/>
		<feat xlink:href="#sSpan1513" value="·"/>
		<feat xlink:href="#sSpan1517" value="ϫⲉ"/></featList></paula>