<?xml version='1.0' encoding='UTF-8'?><!DOCTYPE paula SYSTEM "paula_feat.dtd">
<paula version="1.1">
	<header paula_id="scriptorium.GF17-18.mark_p"/>
	<featList xmlns:xlink="http://www.w3.org/1999/xlink" type="p" xml:base="scriptorium.GF17-18.mark.xml">
		<feat xlink:href="#sSpan8" value="p"/>
		<feat xlink:href="#sSpan140" value="p"/>
		<feat xlink:href="#sSpan189" value="p"/>
		<feat xlink:href="#sSpan273" value="p"/>
		<feat xlink:href="#sSpan344" value="p"/>
		<feat xlink:href="#sSpan425" value="p"/>
		<feat xlink:href="#sSpan494" value="p"/>
		<feat xlink:href="#sSpan624" value="p"/>
		<feat xlink:href="#sSpan840" value="p"/>
		<feat xlink:href="#sSpan989" value="p"/>
		<feat xlink:href="#sSpan1218" value="p"/>
		<feat xlink:href="#sSpan1314" value="p"/>
		<feat xlink:href="#sSpan1415" value="p"/></featList></paula>