<?xml version='1.0' encoding='UTF-8'?><!DOCTYPE paula SYSTEM "paula_feat.dtd">
<paula version="1.1">
	<header paula_id="scriptorium.GF17-18.mark_lang"/>
	<featList xmlns:xlink="http://www.w3.org/1999/xlink" type="lang" xml:base="scriptorium.GF17-18.mark.xml">
		<feat xlink:href="#sSpan75" value="Greek"/>
		<feat xlink:href="#sSpan101" value="Greek"/>
		<feat xlink:href="#sSpan126" value="Greek"/>
		<feat xlink:href="#sSpan134" value="Greek"/>
		<feat xlink:href="#sSpan182" value="Hebrew"/>
		<feat xlink:href="#sSpan204" value="Greek"/>
		<feat xlink:href="#sSpan279" value="Greek"/>
		<feat xlink:href="#sSpan337" value="Hebrew"/>
		<feat xlink:href="#sSpan372" value="Greek"/>
		<feat xlink:href="#sSpan376" value="Greek"/>
		<feat xlink:href="#sSpan430" value="Greek"/>
		<feat xlink:href="#sSpan495" value="Greek"/>
		<feat xlink:href="#sSpan527" value="Hebrew"/>
		<feat xlink:href="#sSpan629" value="Greek"/>
		<feat xlink:href="#sSpan731" value="Greek"/>
		<feat xlink:href="#sSpan746" value="Greek"/>
		<feat xlink:href="#sSpan805" value="Greek"/>
		<feat xlink:href="#sSpan827" value="Hebrew"/>
		<feat xlink:href="#sSpan843" value="Greek"/>
		<feat xlink:href="#sSpan900" value="Greek"/>
		<feat xlink:href="#sSpan912" value="Greek"/>
		<feat xlink:href="#sSpan925" value="Greek"/>
		<feat xlink:href="#sSpan938" value="Greek"/>
		<feat xlink:href="#sSpan974" value="Greek"/>
		<feat xlink:href="#sSpan1033" value="Greek"/>
		<feat xlink:href="#sSpan1045" value="Greek"/>
		<feat xlink:href="#sSpan1070" value="Greek"/>
		<feat xlink:href="#sSpan1190" value="Greek"/>
		<feat xlink:href="#sSpan1211" value="Greek"/>
		<feat xlink:href="#sSpan1244" value="Greek"/>
		<feat xlink:href="#sSpan1250" value="Greek"/>
		<feat xlink:href="#sSpan1279" value="Greek"/>
		<feat xlink:href="#sSpan1308" value="Greek"/>
		<feat xlink:href="#sSpan1365" value="Greek"/>
		<feat xlink:href="#sSpan1441" value="Greek"/>
		<feat xlink:href="#sSpan1462" value="Greek"/>
		<feat xlink:href="#sSpan1478" value="Greek"/></featList></paula>