<?xml version='1.0' encoding='UTF-8'?><!DOCTYPE paula SYSTEM "paula_feat.dtd">
<paula version="1.1">
	<header paula_id="scriptorium.GF17-18.mark_entity"/>
	<featList xmlns:xlink="http://www.w3.org/1999/xlink" type="entity" xml:base="scriptorium.GF17-18.mark.xml">
		<feat xlink:href="#sSpan7" value="person"/>
		<feat xlink:href="#sSpan23" value="abstract"/>
		<feat xlink:href="#sSpan43" value="abstract"/>
		<feat xlink:href="#sSpan74" value="person"/>
		<feat xlink:href="#sSpan100" value="abstract"/>
		<feat xlink:href="#sSpan113" value="person"/>
		<feat xlink:href="#sSpan124" value="abstract"/>
		<feat xlink:href="#sSpan169" value="person"/>
		<feat xlink:href="#sSpan185" value="person"/>
		<feat xlink:href="#sSpan207" value="person"/>
		<feat xlink:href="#sSpan221" value="abstract"/>
		<feat xlink:href="#sSpan241" value="abstract"/>
		<feat xlink:href="#sSpan253" value="person"/>
		<feat xlink:href="#sSpan297" value="place"/>
		<feat xlink:href="#sSpan308" value="abstract"/>
		<feat xlink:href="#sSpan340" value="person"/>
		<feat xlink:href="#sSpan365" value="person"/>
		<feat xlink:href="#sSpan383" value="person"/>
		<feat xlink:href="#sSpan414" value="abstract"/>
		<feat xlink:href="#sSpan448" value="person"/>
		<feat xlink:href="#sSpan473" value="abstract"/>
		<feat xlink:href="#sSpan483" value="person"/>
		<feat xlink:href="#sSpan489" value="person"/>
		<feat xlink:href="#sSpan506" value="person"/>
		<feat xlink:href="#sSpan530" value="person"/>
		<feat xlink:href="#sSpan538" value="person"/>
		<feat xlink:href="#sSpan557" value="place"/>
		<feat xlink:href="#sSpan566" value="abstract"/>
		<feat xlink:href="#sSpan647" value="place"/>
		<feat xlink:href="#sSpan656" value="person"/>
		<feat xlink:href="#sSpan702" value="abstract"/>
		<feat xlink:href="#sSpan711" value="person"/>
		<feat xlink:href="#sSpan728" value="person"/>
		<feat xlink:href="#sSpan762" value="person"/>
		<feat xlink:href="#sSpan779" value="abstract"/>
		<feat xlink:href="#sSpan793" value="abstract"/>
		<feat xlink:href="#sSpan812" value="place"/>
		<feat xlink:href="#sSpan824" value="abstract"/>
		<feat xlink:href="#sSpan876" value="person"/>
		<feat xlink:href="#sSpan911" value="person"/>
		<feat xlink:href="#sSpan934" value="person"/>
		<feat xlink:href="#sSpan955" value="abstract"/>
		<feat xlink:href="#sSpan963" value="abstract"/>
		<feat xlink:href="#sSpan972" value="person"/>
		<feat xlink:href="#sSpan986" value="person"/>
		<feat xlink:href="#sSpan1026" value="person"/>
		<feat xlink:href="#sSpan1042" value="abstract"/>
		<feat xlink:href="#sSpan1088" value="abstract"/>
		<feat xlink:href="#sSpan1099" value="abstract"/>
		<feat xlink:href="#sSpan1121" value="person"/>
		<feat xlink:href="#sSpan1141" value="abstract"/>
		<feat xlink:href="#sSpan1156" value="person"/>
		<feat xlink:href="#sSpan1221" value="abstract"/>
		<feat xlink:href="#sSpan1230" value="plant"/>
		<feat xlink:href="#sSpan1271" value="abstract"/>
		<feat xlink:href="#sSpan1335" value="plant"/>
		<feat xlink:href="#sSpan1364" value="plant"/>
		<feat xlink:href="#sSpan1405" value="object"/>
		<feat xlink:href="#sSpan1418" value="person"/>
		<feat xlink:href="#sSpan1432" value="person"/>
		<feat xlink:href="#sSpan1444" value="person"/>
		<feat xlink:href="#sSpan1458" value="person"/>
		<feat xlink:href="#sSpan1476" value="person"/></featList></paula>