<?xml version='1.0' encoding='UTF-8'?><!DOCTYPE paula SYSTEM "paula_rel.dtd">
<paula version="1.1">
	<header paula_id="scriptorium.GF17-18.head"/>
	<relList xmlns:xlink="http://www.w3.org/1999/xlink" type="head">
		<rel id="sPointingRel725" xlink:href="scriptorium.GF17-18.mark.xml#sSpan538" target="scriptorium.GF17-18.mark.xml#sSpan539"/>
		<rel id="sPointingRel727" xlink:href="scriptorium.GF17-18.mark.xml#sSpan1476" target="scriptorium.GF17-18.mark.xml#sSpan1479"/>
		<rel id="sPointingRel729" xlink:href="scriptorium.GF17-18.mark.xml#sSpan414" target="scriptorium.GF17-18.mark.xml#sSpan412"/>
		<rel id="sPointingRel731" xlink:href="scriptorium.GF17-18.mark.xml#sSpan972" target="scriptorium.GF17-18.mark.xml#sSpan975"/>
		<rel id="sPointingRel733" xlink:href="scriptorium.GF17-18.mark.xml#sSpan779" target="scriptorium.GF17-18.mark.xml#sSpan780"/>
		<rel id="sPointingRel735" xlink:href="scriptorium.GF17-18.mark.xml#sSpan656" target="scriptorium.GF17-18.mark.xml#sSpan658"/>
		<rel id="sPointingRel737" xlink:href="scriptorium.GF17-18.mark.xml#sSpan221" target="scriptorium.GF17-18.mark.xml#sSpan223"/>
		<rel id="sPointingRel739" xlink:href="scriptorium.GF17-18.mark.xml#sSpan1156" target="scriptorium.GF17-18.mark.xml#sSpan1152"/>
		<rel id="sPointingRel741" xlink:href="scriptorium.GF17-18.mark.xml#sSpan1141" target="scriptorium.GF17-18.mark.xml#sSpan1142"/>
		<rel id="sPointingRel743" xlink:href="scriptorium.GF17-18.mark.xml#sSpan876" target="scriptorium.GF17-18.mark.xml#sSpan871"/>
		<rel id="sPointingRel745" xlink:href="scriptorium.GF17-18.mark.xml#sSpan1418" target="scriptorium.GF17-18.mark.xml#sSpan1416"/>
		<rel id="sPointingRel747" xlink:href="scriptorium.GF17-18.mark.xml#sSpan793" target="scriptorium.GF17-18.mark.xml#sSpan791"/>
		<rel id="sPointingRel749" xlink:href="scriptorium.GF17-18.mark.xml#sSpan812" target="scriptorium.GF17-18.mark.xml#sSpan810"/>
		<rel id="sPointingRel751" xlink:href="scriptorium.GF17-18.mark.xml#sSpan1432" target="scriptorium.GF17-18.mark.xml#sSpan1435"/>
		<rel id="sPointingRel753" xlink:href="scriptorium.GF17-18.mark.xml#sSpan124" target="scriptorium.GF17-18.mark.xml#sSpan127"/>
		<rel id="sPointingRel755" xlink:href="scriptorium.GF17-18.mark.xml#sSpan1271" target="scriptorium.GF17-18.mark.xml#sSpan1272"/>
		<rel id="sPointingRel757" xlink:href="scriptorium.GF17-18.mark.xml#sSpan762" target="scriptorium.GF17-18.mark.xml#sSpan760"/>
		<rel id="sPointingRel759" xlink:href="scriptorium.GF17-18.mark.xml#sSpan483" target="scriptorium.GF17-18.mark.xml#sSpan484"/>
		<rel id="sPointingRel761" xlink:href="scriptorium.GF17-18.mark.xml#sSpan340" target="scriptorium.GF17-18.mark.xml#sSpan338"/>
		<rel id="sPointingRel763" xlink:href="scriptorium.GF17-18.mark.xml#sSpan1088" target="scriptorium.GF17-18.mark.xml#sSpan1089"/>
		<rel id="sPointingRel765" xlink:href="scriptorium.GF17-18.mark.xml#sSpan934" target="scriptorium.GF17-18.mark.xml#sSpan932"/>
		<rel id="sPointingRel767" xlink:href="scriptorium.GF17-18.mark.xml#sSpan824" target="scriptorium.GF17-18.mark.xml#sSpan828"/>
		<rel id="sPointingRel769" xlink:href="scriptorium.GF17-18.mark.xml#sSpan7" target="scriptorium.GF17-18.mark.xml#sSpan2"/>
		<rel id="sPointingRel771" xlink:href="scriptorium.GF17-18.mark.xml#sSpan253" target="scriptorium.GF17-18.mark.xml#sSpan254"/>
		<rel id="sPointingRel773" xlink:href="scriptorium.GF17-18.mark.xml#sSpan1458" target="scriptorium.GF17-18.mark.xml#sSpan1463"/>
		<rel id="sPointingRel775" xlink:href="scriptorium.GF17-18.mark.xml#sSpan1364" target="scriptorium.GF17-18.mark.xml#sSpan1366"/>
		<rel id="sPointingRel777" xlink:href="scriptorium.GF17-18.mark.xml#sSpan100" target="scriptorium.GF17-18.mark.xml#sSpan102"/>
		<rel id="sPointingRel779" xlink:href="scriptorium.GF17-18.mark.xml#sSpan963" target="scriptorium.GF17-18.mark.xml#sSpan964"/>
		<rel id="sPointingRel781" xlink:href="scriptorium.GF17-18.mark.xml#sSpan207" target="scriptorium.GF17-18.mark.xml#sSpan205"/>
		<rel id="sPointingRel783" xlink:href="scriptorium.GF17-18.mark.xml#sSpan241" target="scriptorium.GF17-18.mark.xml#sSpan239"/>
		<rel id="sPointingRel785" xlink:href="scriptorium.GF17-18.mark.xml#sSpan1042" target="scriptorium.GF17-18.mark.xml#sSpan1046"/>
		<rel id="sPointingRel787" xlink:href="scriptorium.GF17-18.mark.xml#sSpan647" target="scriptorium.GF17-18.mark.xml#sSpan648"/>
		<rel id="sPointingRel789" xlink:href="scriptorium.GF17-18.mark.xml#sSpan702" target="scriptorium.GF17-18.mark.xml#sSpan703"/>
		<rel id="sPointingRel791" xlink:href="scriptorium.GF17-18.mark.xml#sSpan1230" target="scriptorium.GF17-18.mark.xml#sSpan1234"/>
		<rel id="sPointingRel793" xlink:href="scriptorium.GF17-18.mark.xml#sSpan43" target="scriptorium.GF17-18.mark.xml#sSpan41"/>
		<rel id="sPointingRel795" xlink:href="scriptorium.GF17-18.mark.xml#sSpan986" target="scriptorium.GF17-18.mark.xml#sSpan982"/>
		<rel id="sPointingRel797" xlink:href="scriptorium.GF17-18.mark.xml#sSpan557" target="scriptorium.GF17-18.mark.xml#sSpan558"/>
		<rel id="sPointingRel799" xlink:href="scriptorium.GF17-18.mark.xml#sSpan74" target="scriptorium.GF17-18.mark.xml#sSpan76"/>
		<rel id="sPointingRel801" xlink:href="scriptorium.GF17-18.mark.xml#sSpan308" target="scriptorium.GF17-18.mark.xml#sSpan306"/>
		<rel id="sPointingRel803" xlink:href="scriptorium.GF17-18.mark.xml#sSpan1221" target="scriptorium.GF17-18.mark.xml#sSpan1224"/>
		<rel id="sPointingRel805" xlink:href="scriptorium.GF17-18.mark.xml#sSpan489" target="scriptorium.GF17-18.mark.xml#sSpan487"/>
		<rel id="sPointingRel807" xlink:href="scriptorium.GF17-18.mark.xml#sSpan1405" target="scriptorium.GF17-18.mark.xml#sSpan1406"/>
		<rel id="sPointingRel809" xlink:href="scriptorium.GF17-18.mark.xml#sSpan955" target="scriptorium.GF17-18.mark.xml#sSpan953"/>
		<rel id="sPointingRel811" xlink:href="scriptorium.GF17-18.mark.xml#sSpan113" target="scriptorium.GF17-18.mark.xml#sSpan109"/>
		<rel id="sPointingRel813" xlink:href="scriptorium.GF17-18.mark.xml#sSpan1099" target="scriptorium.GF17-18.mark.xml#sSpan1097"/>
		<rel id="sPointingRel815" xlink:href="scriptorium.GF17-18.mark.xml#sSpan169" target="scriptorium.GF17-18.mark.xml#sSpan174"/>
		<rel id="sPointingRel817" xlink:href="scriptorium.GF17-18.mark.xml#sSpan23" target="scriptorium.GF17-18.mark.xml#sSpan21"/>
		<rel id="sPointingRel819" xlink:href="scriptorium.GF17-18.mark.xml#sSpan506" target="scriptorium.GF17-18.mark.xml#sSpan504"/>
		<rel id="sPointingRel821" xlink:href="scriptorium.GF17-18.mark.xml#sSpan1444" target="scriptorium.GF17-18.mark.xml#sSpan1442"/>
		<rel id="sPointingRel823" xlink:href="scriptorium.GF17-18.mark.xml#sSpan728" target="scriptorium.GF17-18.mark.xml#sSpan732"/>
		<rel id="sPointingRel825" xlink:href="scriptorium.GF17-18.mark.xml#sSpan297" target="scriptorium.GF17-18.mark.xml#sSpan298"/>
		<rel id="sPointingRel827" xlink:href="scriptorium.GF17-18.mark.xml#sSpan383" target="scriptorium.GF17-18.mark.xml#sSpan381"/>
		<rel id="sPointingRel829" xlink:href="scriptorium.GF17-18.mark.xml#sSpan911" target="scriptorium.GF17-18.mark.xml#sSpan913"/>
		<rel id="sPointingRel831" xlink:href="scriptorium.GF17-18.mark.xml#sSpan566" target="scriptorium.GF17-18.mark.xml#sSpan568"/>
		<rel id="sPointingRel833" xlink:href="scriptorium.GF17-18.mark.xml#sSpan185" target="scriptorium.GF17-18.mark.xml#sSpan183"/>
		<rel id="sPointingRel835" xlink:href="scriptorium.GF17-18.mark.xml#sSpan711" target="scriptorium.GF17-18.mark.xml#sSpan713"/>
		<rel id="sPointingRel837" xlink:href="scriptorium.GF17-18.mark.xml#sSpan1121" target="scriptorium.GF17-18.mark.xml#sSpan1116"/>
		<rel id="sPointingRel839" xlink:href="scriptorium.GF17-18.mark.xml#sSpan530" target="scriptorium.GF17-18.mark.xml#sSpan528"/>
		<rel id="sPointingRel841" xlink:href="scriptorium.GF17-18.mark.xml#sSpan448" target="scriptorium.GF17-18.mark.xml#sSpan446"/>
		<rel id="sPointingRel843" xlink:href="scriptorium.GF17-18.mark.xml#sSpan473" target="scriptorium.GF17-18.mark.xml#sSpan474"/>
		<rel id="sPointingRel845" xlink:href="scriptorium.GF17-18.mark.xml#sSpan1026" target="scriptorium.GF17-18.mark.xml#sSpan1027"/>
		<rel id="sPointingRel847" xlink:href="scriptorium.GF17-18.mark.xml#sSpan365" target="scriptorium.GF17-18.mark.xml#sSpan366"/>
		<rel id="sPointingRel849" xlink:href="scriptorium.GF17-18.mark.xml#sSpan1335" target="scriptorium.GF17-18.mark.xml#sSpan1332"/></relList></paula>