<?xml version='1.0' encoding='UTF-8'?><!DOCTYPE paula SYSTEM "paula_feat.dtd">
<paula version="1.1">
	<header paula_id="scriptorium.GF17-18.mark_lb_n"/>
	<featList xmlns:xlink="http://www.w3.org/1999/xlink" type="lb_n" xml:base="scriptorium.GF17-18.mark.xml">
		<feat xlink:href="#sSpan6" value="1"/>
		<feat xlink:href="#sSpan30" value="2"/>
		<feat xlink:href="#sSpan46" value="3"/>
		<feat xlink:href="#sSpan67" value="4"/>
		<feat xlink:href="#sSpan82" value="5"/>
		<feat xlink:href="#sSpan93" value="6"/>
		<feat xlink:href="#sSpan108" value="7"/>
		<feat xlink:href="#sSpan125" value="8"/>
		<feat xlink:href="#sSpan139" value="9"/>
		<feat xlink:href="#sSpan156" value="10"/>
		<feat xlink:href="#sSpan172" value="11"/>
		<feat xlink:href="#sSpan188" value="12"/>
		<feat xlink:href="#sSpan203" value="13"/>
		<feat xlink:href="#sSpan220" value="14"/>
		<feat xlink:href="#sSpan234" value="15"/>
		<feat xlink:href="#sSpan250" value="16"/>
		<feat xlink:href="#sSpan260" value="17"/>
		<feat xlink:href="#sSpan272" value="18"/>
		<feat xlink:href="#sSpan294" value="19"/>
		<feat xlink:href="#sSpan305" value="20"/>
		<feat xlink:href="#sSpan319" value="21"/>
		<feat xlink:href="#sSpan332" value="22"/>
		<feat xlink:href="#sSpan343" value="23"/>
		<feat xlink:href="#sSpan362" value="24"/>
		<feat xlink:href="#sSpan375" value="25"/>
		<feat xlink:href="#sSpan384" value="26"/>
		<feat xlink:href="#sSpan401" value="1"/>
		<feat xlink:href="#sSpan416" value="2"/>
		<feat xlink:href="#sSpan435" value="3"/>
		<feat xlink:href="#sSpan451" value="4"/>
		<feat xlink:href="#sSpan460" value="5"/>
		<feat xlink:href="#sSpan476" value="6"/>
		<feat xlink:href="#sSpan492" value="7"/>
		<feat xlink:href="#sSpan511" value="8"/>
		<feat xlink:href="#sSpan522" value="9"/>
		<feat xlink:href="#sSpan535" value="10"/>
		<feat xlink:href="#sSpan545" value="11"/>
		<feat xlink:href="#sSpan556" value="12"/>
		<feat xlink:href="#sSpan571" value="13"/>
		<feat xlink:href="#sSpan589" value="14"/>
		<feat xlink:href="#sSpan606" value="15"/>
		<feat xlink:href="#sSpan622" value="16"/>
		<feat xlink:href="#sSpan644" value="17"/>
		<feat xlink:href="#sSpan660" value="18"/>
		<feat xlink:href="#sSpan673" value="19"/>
		<feat xlink:href="#sSpan682" value="20"/>
		<feat xlink:href="#sSpan695" value="21"/>
		<feat xlink:href="#sSpan712" value="22"/>
		<feat xlink:href="#sSpan725" value="23"/>
		<feat xlink:href="#sSpan734" value="24"/>
		<feat xlink:href="#sSpan751" value="25"/>
		<feat xlink:href="#sSpan772" value="1"/>
		<feat xlink:href="#sSpan786" value="2"/>
		<feat xlink:href="#sSpan803" value="3"/>
		<feat xlink:href="#sSpan813" value="4"/>
		<feat xlink:href="#sSpan832" value="5"/>
		<feat xlink:href="#sSpan838" value="6"/>
		<feat xlink:href="#sSpan860" value="7"/>
		<feat xlink:href="#sSpan875" value="8"/>
		<feat xlink:href="#sSpan889" value="9"/>
		<feat xlink:href="#sSpan903" value="10"/>
		<feat xlink:href="#sSpan915" value="11"/>
		<feat xlink:href="#sSpan924" value="12"/>
		<feat xlink:href="#sSpan931" value="13"/>
		<feat xlink:href="#sSpan939" value="14"/>
		<feat xlink:href="#sSpan956" value="15"/>
		<feat xlink:href="#sSpan973" value="16"/>
		<feat xlink:href="#sSpan987" value="17"/>
		<feat xlink:href="#sSpan1008" value="18"/>
		<feat xlink:href="#sSpan1019" value="19"/>
		<feat xlink:href="#sSpan1039" value="20"/>
		<feat xlink:href="#sSpan1052" value="21"/>
		<feat xlink:href="#sSpan1067" value="22"/>
		<feat xlink:href="#sSpan1079" value="23"/>
		<feat xlink:href="#sSpan1093" value="24"/>
		<feat xlink:href="#sSpan1102" value="25"/>
		<feat xlink:href="#sSpan1120" value="1"/>
		<feat xlink:href="#sSpan1137" value="2"/>
		<feat xlink:href="#sSpan1155" value="3"/>
		<feat xlink:href="#sSpan1169" value="4"/>
		<feat xlink:href="#sSpan1187" value="5"/>
		<feat xlink:href="#sSpan1203" value="6"/>
		<feat xlink:href="#sSpan1216" value="7"/>
		<feat xlink:href="#sSpan1233" value="8"/>
		<feat xlink:href="#sSpan1255" value="9"/>
		<feat xlink:href="#sSpan1264" value="10"/>
		<feat xlink:href="#sSpan1274" value="11"/>
		<feat xlink:href="#sSpan1296" value="12"/>
		<feat xlink:href="#sSpan1313" value="13"/>
		<feat xlink:href="#sSpan1334" value="14"/>
		<feat xlink:href="#sSpan1351" value="15"/>
		<feat xlink:href="#sSpan1368" value="16"/>
		<feat xlink:href="#sSpan1381" value="17"/>
		<feat xlink:href="#sSpan1394" value="18"/>
		<feat xlink:href="#sSpan1413" value="19"/>
		<feat xlink:href="#sSpan1429" value="20"/>
		<feat xlink:href="#sSpan1447" value="21"/>
		<feat xlink:href="#sSpan1461" value="22"/>
		<feat xlink:href="#sSpan1473" value="23"/>
		<feat xlink:href="#sSpan1485" value="24"/>
		<feat xlink:href="#sSpan1501" value="25"/></featList></paula>