<?xml version='1.0' encoding='UTF-8'?><!DOCTYPE paula SYSTEM "paula_rel.dtd">
<paula version="1.1">
	<header paula_id="scriptorium.GF17-18.dep"/>
	<relList xmlns:xlink="http://www.w3.org/1999/xlink" type="dep">
		<rel id="sPointingRel1" xlink:href="scriptorium.GF17-18.mark.xml#sSpan841" target="scriptorium.GF17-18.mark.xml#sSpan844"/>
		<rel id="sPointingRel3" xlink:href="scriptorium.GF17-18.mark.xml#sSpan648" target="scriptorium.GF17-18.mark.xml#sSpan645"/>
		<rel id="sPointingRel5" xlink:href="scriptorium.GF17-18.mark.xml#sSpan901" target="scriptorium.GF17-18.mark.xml#sSpan898"/>
		<rel id="sPointingRel7" xlink:href="scriptorium.GF17-18.mark.xml#sSpan146" target="scriptorium.GF17-18.mark.xml#sSpan159"/>
		<rel id="sPointingRel9" xlink:href="scriptorium.GF17-18.mark.xml#sSpan474" target="scriptorium.GF17-18.mark.xml#sSpan469"/>
		<rel id="sPointingRel11" xlink:href="scriptorium.GF17-18.mark.xml#sSpan405" target="scriptorium.GF17-18.mark.xml#sSpan393"/>
		<rel id="sPointingRel13" xlink:href="scriptorium.GF17-18.mark.xml#sSpan744" target="scriptorium.GF17-18.mark.xml#sSpan752"/>
		<rel id="sPointingRel15" xlink:href="scriptorium.GF17-18.mark.xml#sSpan1013" target="scriptorium.GF17-18.mark.xml#sSpan1011"/>
		<rel id="sPointingRel17" xlink:href="scriptorium.GF17-18.mark.xml#sSpan64" target="scriptorium.GF17-18.mark.xml#sSpan61"/>
		<rel id="sPointingRel19" xlink:href="scriptorium.GF17-18.mark.xml#sSpan780" target="scriptorium.GF17-18.mark.xml#sSpan775"/>
		<rel id="sPointingRel21" xlink:href="scriptorium.GF17-18.mark.xml#sSpan1107" target="scriptorium.GF17-18.mark.xml#sSpan1129"/>
		<rel id="sPointingRel23" xlink:href="scriptorium.GF17-18.mark.xml#sSpan1129" target="scriptorium.GF17-18.mark.xml#sSpan1131"/>
		<rel id="sPointingRel25" xlink:href="scriptorium.GF17-18.mark.xml#sSpan558" target="scriptorium.GF17-18.mark.xml#sSpan550"/>
		<rel id="sPointingRel27" xlink:href="scriptorium.GF17-18.mark.xml#sSpan861" target="scriptorium.GF17-18.mark.xml#sSpan852"/>
		<rel id="sPointingRel29" xlink:href="scriptorium.GF17-18.mark.xml#sSpan810" target="scriptorium.GF17-18.mark.xml#sSpan814"/>
		<rel id="sPointingRel31" xlink:href="scriptorium.GF17-18.mark.xml#sSpan1129" target="scriptorium.GF17-18.mark.xml#sSpan1127"/>
		<rel id="sPointingRel33" xlink:href="scriptorium.GF17-18.mark.xml#sSpan127" target="scriptorium.GF17-18.mark.xml#sSpan118"/>
		<rel id="sPointingRel35" xlink:href="scriptorium.GF17-18.mark.xml#sSpan1479" target="scriptorium.GF17-18.mark.xml#sSpan1474"/>
		<rel id="sPointingRel37" xlink:href="scriptorium.GF17-18.mark.xml#sSpan1181" target="scriptorium.GF17-18.mark.xml#sSpan1188"/>
		<rel id="sPointingRel39" xlink:href="scriptorium.GF17-18.mark.xml#sSpan648" target="scriptorium.GF17-18.mark.xml#sSpan658"/>
		<rel id="sPointingRel41" xlink:href="scriptorium.GF17-18.mark.xml#sSpan315" target="scriptorium.GF17-18.mark.xml#sSpan311"/>
		<rel id="sPointingRel43" xlink:href="scriptorium.GF17-18.mark.xml#sSpan610" target="scriptorium.GF17-18.mark.xml#sSpan598"/>
		<rel id="sPointingRel45" xlink:href="scriptorium.GF17-18.mark.xml#sSpan583" target="scriptorium.GF17-18.mark.xml#sSpan592"/>
		<rel id="sPointingRel47" xlink:href="scriptorium.GF17-18.mark.xml#sSpan626" target="scriptorium.GF17-18.mark.xml#sSpan648"/>
		<rel id="sPointingRel49" xlink:href="scriptorium.GF17-18.mark.xml#sSpan315" target="scriptorium.GF17-18.mark.xml#sSpan313"/>
		<rel id="sPointingRel51" xlink:href="scriptorium.GF17-18.mark.xml#sSpan504" target="scriptorium.GF17-18.mark.xml#sSpan500"/>
		<rel id="sPointingRel53" xlink:href="scriptorium.GF17-18.mark.xml#sSpan446" target="scriptorium.GF17-18.mark.xml#sSpan452"/>
		<rel id="sPointingRel55" xlink:href="scriptorium.GF17-18.mark.xml#sSpan315" target="scriptorium.GF17-18.mark.xml#sSpan333"/>
		<rel id="sPointingRel57" xlink:href="scriptorium.GF17-18.mark.xml#sSpan760" target="scriptorium.GF17-18.mark.xml#sSpan780"/>
		<rel id="sPointingRel59" xlink:href="scriptorium.GF17-18.mark.xml#sSpan174" target="scriptorium.GF17-18.mark.xml#sSpan167"/>
		<rel id="sPointingRel61" xlink:href="scriptorium.GF17-18.mark.xml#sSpan1435" target="scriptorium.GF17-18.mark.xml#sSpan1425"/>
		<rel id="sPointingRel63" xlink:href="scriptorium.GF17-18.mark.xml#sSpan85" target="scriptorium.GF17-18.mark.xml#sSpan78"/>
		<rel id="sPointingRel65" xlink:href="scriptorium.GF17-18.mark.xml#sSpan964" target="scriptorium.GF17-18.mark.xml#sSpan957"/>
		<rel id="sPointingRel67" xlink:href="scriptorium.GF17-18.mark.xml#sSpan568" target="scriptorium.GF17-18.mark.xml#sSpan564"/>
		<rel id="sPointingRel69" xlink:href="scriptorium.GF17-18.mark.xml#sSpan994" target="scriptorium.GF17-18.mark.xml#sSpan996"/>
		<rel id="sPointingRel71" xlink:href="scriptorium.GF17-18.mark.xml#sSpan366" target="scriptorium.GF17-18.mark.xml#sSpan358"/>
		<rel id="sPointingRel73" xlink:href="scriptorium.GF17-18.mark.xml#sSpan436" target="scriptorium.GF17-18.mark.xml#sSpan440"/>
		<rel id="sPointingRel75" xlink:href="scriptorium.GF17-18.mark.xml#sSpan146" target="scriptorium.GF17-18.mark.xml#sSpan142"/>
		<rel id="sPointingRel77" xlink:href="scriptorium.GF17-18.mark.xml#sSpan703" target="scriptorium.GF17-18.mark.xml#sSpan700"/>
		<rel id="sPointingRel79" xlink:href="scriptorium.GF17-18.mark.xml#sSpan381" target="scriptorium.GF17-18.mark.xml#sSpan377"/>
		<rel id="sPointingRel81" xlink:href="scriptorium.GF17-18.mark.xml#sSpan1301" target="scriptorium.GF17-18.mark.xml#sSpan1297"/>
		<rel id="sPointingRel83" xlink:href="scriptorium.GF17-18.mark.xml#sSpan28" target="scriptorium.GF17-18.mark.xml#sSpan26"/>
		<rel id="sPointingRel85" xlink:href="scriptorium.GF17-18.mark.xml#sSpan484" target="scriptorium.GF17-18.mark.xml#sSpan477"/>
		<rel id="sPointingRel87" xlink:href="scriptorium.GF17-18.mark.xml#sSpan1272" target="scriptorium.GF17-18.mark.xml#sSpan1269"/>
		<rel id="sPointingRel89" xlink:href="scriptorium.GF17-18.mark.xml#sSpan223" target="scriptorium.GF17-18.mark.xml#sSpan232"/>
		<rel id="sPointingRel91" xlink:href="scriptorium.GF17-18.mark.xml#sSpan1332" target="scriptorium.GF17-18.mark.xml#sSpan1337"/>
		<rel id="sPointingRel93" xlink:href="scriptorium.GF17-18.mark.xml#sSpan1201" target="scriptorium.GF17-18.mark.xml#sSpan1195"/>
		<rel id="sPointingRel95" xlink:href="scriptorium.GF17-18.mark.xml#sSpan1089" target="scriptorium.GF17-18.mark.xml#sSpan1097"/>
		<rel id="sPointingRel97" xlink:href="scriptorium.GF17-18.mark.xml#sSpan1152" target="scriptorium.GF17-18.mark.xml#sSpan1157"/>
		<rel id="sPointingRel99" xlink:href="scriptorium.GF17-18.mark.xml#sSpan1384" target="scriptorium.GF17-18.mark.xml#sSpan1386"/>
		<rel id="sPointingRel101" xlink:href="scriptorium.GF17-18.mark.xml#sSpan1013" target="scriptorium.GF17-18.mark.xml#sSpan1015"/>
		<rel id="sPointingRel103" xlink:href="scriptorium.GF17-18.mark.xml#sSpan174" target="scriptorium.GF17-18.mark.xml#sSpan161"/>
		<rel id="sPointingRel105" xlink:href="scriptorium.GF17-18.mark.xml#sSpan298" target="scriptorium.GF17-18.mark.xml#sSpan306"/>
		<rel id="sPointingRel107" xlink:href="scriptorium.GF17-18.mark.xml#sSpan1442" target="scriptorium.GF17-18.mark.xml#sSpan1416"/>
		<rel id="sPointingRel109" xlink:href="scriptorium.GF17-18.mark.xml#sSpan104" target="scriptorium.GF17-18.mark.xml#sSpan109"/>
		<rel id="sPointingRel111" xlink:href="scriptorium.GF17-18.mark.xml#sSpan1055" target="scriptorium.GF17-18.mark.xml#sSpan1061"/>
		<rel id="sPointingRel113" xlink:href="scriptorium.GF17-18.mark.xml#sSpan1055" target="scriptorium.GF17-18.mark.xml#sSpan1048"/>
		<rel id="sPointingRel115" xlink:href="scriptorium.GF17-18.mark.xml#sSpan713" target="scriptorium.GF17-18.mark.xml#sSpan715"/>
		<rel id="sPointingRel117" xlink:href="scriptorium.GF17-18.mark.xml#sSpan298" target="scriptorium.GF17-18.mark.xml#sSpan290"/>
		<rel id="sPointingRel119" xlink:href="scriptorium.GF17-18.mark.xml#sSpan592" target="scriptorium.GF17-18.mark.xml#sSpan610"/>
		<rel id="sPointingRel121" xlink:href="scriptorium.GF17-18.mark.xml#sSpan427" target="scriptorium.GF17-18.mark.xml#sSpan431"/>
		<rel id="sPointingRel123" xlink:href="scriptorium.GF17-18.mark.xml#sSpan1068" target="scriptorium.GF17-18.mark.xml#sSpan1089"/>
		<rel id="sPointingRel125" xlink:href="scriptorium.GF17-18.mark.xml#sSpan1055" target="scriptorium.GF17-18.mark.xml#sSpan1046"/>
		<rel id="sPointingRel127" xlink:href="scriptorium.GF17-18.mark.xml#sSpan306" target="scriptorium.GF17-18.mark.xml#sSpan301"/>
		<rel id="sPointingRel129" xlink:href="scriptorium.GF17-18.mark.xml#sSpan1322" target="scriptorium.GF17-18.mark.xml#sSpan1320"/>
		<rel id="sPointingRel131" xlink:href="scriptorium.GF17-18.mark.xml#sSpan1481" target="scriptorium.GF17-18.mark.xml#sSpan1486"/>
		<rel id="sPointingRel133" xlink:href="scriptorium.GF17-18.mark.xml#sSpan1226" target="scriptorium.GF17-18.mark.xml#sSpan1224"/>
		<rel id="sPointingRel135" xlink:href="scriptorium.GF17-18.mark.xml#sSpan548" target="scriptorium.GF17-18.mark.xml#sSpan528"/>
		<rel id="sPointingRel137" xlink:href="scriptorium.GF17-18.mark.xml#sSpan1416" target="scriptorium.GF17-18.mark.xml#sSpan1463"/>
		<rel id="sPointingRel139" xlink:href="scriptorium.GF17-18.mark.xml#sSpan1046" target="scriptorium.GF17-18.mark.xml#sSpan1040"/>
		<rel id="sPointingRel141" xlink:href="scriptorium.GF17-18.mark.xml#sSpan64" target="scriptorium.GF17-18.mark.xml#sSpan57"/>
		<rel id="sPointingRel143" xlink:href="scriptorium.GF17-18.mark.xml#sSpan825" target="scriptorium.GF17-18.mark.xml#sSpan822"/>
		<rel id="sPointingRel145" xlink:href="scriptorium.GF17-18.mark.xml#sSpan765" target="scriptorium.GF17-18.mark.xml#sSpan763"/>
		<rel id="sPointingRel147" xlink:href="scriptorium.GF17-18.mark.xml#sSpan1479" target="scriptorium.GF17-18.mark.xml#sSpan1469"/>
		<rel id="sPointingRel149" xlink:href="scriptorium.GF17-18.mark.xml#sSpan333" target="scriptorium.GF17-18.mark.xml#sSpan328"/>
		<rel id="sPointingRel151" xlink:href="scriptorium.GF17-18.mark.xml#sSpan922" target="scriptorium.GF17-18.mark.xml#sSpan916"/>
		<rel id="sPointingRel153" xlink:href="scriptorium.GF17-18.mark.xml#sSpan205" target="scriptorium.GF17-18.mark.xml#sSpan223"/>
		<rel id="sPointingRel155" xlink:href="scriptorium.GF17-18.mark.xml#sSpan405" target="scriptorium.GF17-18.mark.xml#sSpan412"/>
		<rel id="sPointingRel157" xlink:href="scriptorium.GF17-18.mark.xml#sSpan85" target="scriptorium.GF17-18.mark.xml#sSpan91"/>
		<rel id="sPointingRel159" xlink:href="scriptorium.GF17-18.mark.xml#sSpan1068" target="scriptorium.GF17-18.mark.xml#sSpan1063"/>
		<rel id="sPointingRel161" xlink:href="scriptorium.GF17-18.mark.xml#sSpan315" target="scriptorium.GF17-18.mark.xml#sSpan320"/>
		<rel id="sPointingRel163" xlink:href="scriptorium.GF17-18.mark.xml#sSpan791" target="scriptorium.GF17-18.mark.xml#sSpan787"/>
		<rel id="sPointingRel165" xlink:href="scriptorium.GF17-18.mark.xml#sSpan2" target="scriptorium.GF17-18.mark.xml#sSpan14"/>
		<rel id="sPointingRel167" xlink:href="scriptorium.GF17-18.mark.xml#sSpan116" target="scriptorium.GF17-18.mark.xml#sSpan127"/>
		<rel id="sPointingRel169" xlink:href="scriptorium.GF17-18.mark.xml#sSpan1201" target="scriptorium.GF17-18.mark.xml#sSpan1191"/>
		<rel id="sPointingRel171" xlink:href="scriptorium.GF17-18.mark.xml#sSpan548" target="scriptorium.GF17-18.mark.xml#sSpan558"/>
		<rel id="sPointingRel173" xlink:href="scriptorium.GF17-18.mark.xml#sSpan841" target="scriptorium.GF17-18.mark.xml#sSpan861"/>
		<rel id="sPointingRel175" xlink:href="scriptorium.GF17-18.mark.xml#sSpan1499" target="scriptorium.GF17-18.mark.xml#sSpan1502"/>
		<rel id="sPointingRel177" xlink:href="scriptorium.GF17-18.mark.xml#sSpan232" target="scriptorium.GF17-18.mark.xml#sSpan239"/>
		<rel id="sPointingRel179" xlink:href="scriptorium.GF17-18.mark.xml#sSpan539" target="scriptorium.GF17-18.mark.xml#sSpan536"/>
		<rel id="sPointingRel181" xlink:href="scriptorium.GF17-18.mark.xml#sSpan159" target="scriptorium.GF17-18.mark.xml#sSpan157"/>
		<rel id="sPointingRel183" xlink:href="scriptorium.GF17-18.mark.xml#sSpan1142" target="scriptorium.GF17-18.mark.xml#sSpan1139"/>
		<rel id="sPointingRel185" xlink:href="scriptorium.GF17-18.mark.xml#sSpan197" target="scriptorium.GF17-18.mark.xml#sSpan191"/>
		<rel id="sPointingRel187" xlink:href="scriptorium.GF17-18.mark.xml#sSpan254" target="scriptorium.GF17-18.mark.xml#sSpan251"/>
		<rel id="sPointingRel189" xlink:href="scriptorium.GF17-18.mark.xml#sSpan1290" target="scriptorium.GF17-18.mark.xml#sSpan1284"/>
		<rel id="sPointingRel191" xlink:href="scriptorium.GF17-18.mark.xml#sSpan801" target="scriptorium.GF17-18.mark.xml#sSpan794"/>
		<rel id="sPointingRel193" xlink:href="scriptorium.GF17-18.mark.xml#sSpan1142" target="scriptorium.GF17-18.mark.xml#sSpan1133"/>
		<rel id="sPointingRel195" xlink:href="scriptorium.GF17-18.mark.xml#sSpan356" target="scriptorium.GF17-18.mark.xml#sSpan338"/>
		<rel id="sPointingRel197" xlink:href="scriptorium.GF17-18.mark.xml#sSpan276" target="scriptorium.GF17-18.mark.xml#sSpan268"/>
		<rel id="sPointingRel199" xlink:href="scriptorium.GF17-18.mark.xml#sSpan1262" target="scriptorium.GF17-18.mark.xml#sSpan1290"/>
		<rel id="sPointingRel201" xlink:href="scriptorium.GF17-18.mark.xml#sSpan548" target="scriptorium.GF17-18.mark.xml#sSpan546"/>
		<rel id="sPointingRel203" xlink:href="scriptorium.GF17-18.mark.xml#sSpan658" target="scriptorium.GF17-18.mark.xml#sSpan650"/>
		<rel id="sPointingRel205" xlink:href="scriptorium.GF17-18.mark.xml#sSpan1499" target="scriptorium.GF17-18.mark.xml#sSpan1497"/>
		<rel id="sPointingRel207" xlink:href="scriptorium.GF17-18.mark.xml#sSpan102" target="scriptorium.GF17-18.mark.xml#sSpan94"/>
		<rel id="sPointingRel209" xlink:href="scriptorium.GF17-18.mark.xml#sSpan825" target="scriptorium.GF17-18.mark.xml#sSpan828"/>
		<rel id="sPointingRel211" xlink:href="scriptorium.GF17-18.mark.xml#sSpan487" target="scriptorium.GF17-18.mark.xml#sSpan504"/>
		<rel id="sPointingRel213" xlink:href="scriptorium.GF17-18.mark.xml#sSpan1262" target="scriptorium.GF17-18.mark.xml#sSpan1272"/>
		<rel id="sPointingRel215" xlink:href="scriptorium.GF17-18.mark.xml#sSpan261" target="scriptorium.GF17-18.mark.xml#sSpan256"/>
		<rel id="sPointingRel217" xlink:href="scriptorium.GF17-18.mark.xml#sSpan427" target="scriptorium.GF17-18.mark.xml#sSpan421"/>
		<rel id="sPointingRel219" xlink:href="scriptorium.GF17-18.mark.xml#sSpan1061" target="scriptorium.GF17-18.mark.xml#sSpan1057"/>
		<rel id="sPointingRel221" xlink:href="scriptorium.GF17-18.mark.xml#sSpan427" target="scriptorium.GF17-18.mark.xml#sSpan436"/>
		<rel id="sPointingRel223" xlink:href="scriptorium.GF17-18.mark.xml#sSpan1290" target="scriptorium.GF17-18.mark.xml#sSpan1301"/>
		<rel id="sPointingRel225" xlink:href="scriptorium.GF17-18.mark.xml#sSpan356" target="scriptorium.GF17-18.mark.xml#sSpan405"/>
		<rel id="sPointingRel227" xlink:href="scriptorium.GF17-18.mark.xml#sSpan683" target="scriptorium.GF17-18.mark.xml#sSpan678"/>
		<rel id="sPointingRel229" xlink:href="scriptorium.GF17-18.mark.xml#sSpan1055" target="scriptorium.GF17-18.mark.xml#sSpan1053"/>
		<rel id="sPointingRel231" xlink:href="scriptorium.GF17-18.mark.xml#sSpan528" target="scriptorium.GF17-18.mark.xml#sSpan523"/>
		<rel id="sPointingRel233" xlink:href="scriptorium.GF17-18.mark.xml#sSpan1224" target="scriptorium.GF17-18.mark.xml#sSpan1219"/>
		<rel id="sPointingRel235" xlink:href="scriptorium.GF17-18.mark.xml#sSpan883" target="scriptorium.GF17-18.mark.xml#sSpan901"/>
		<rel id="sPointingRel237" xlink:href="scriptorium.GF17-18.mark.xml#sSpan504" target="scriptorium.GF17-18.mark.xml#sSpan509"/>
		<rel id="sPointingRel239" xlink:href="scriptorium.GF17-18.mark.xml#sSpan703" target="scriptorium.GF17-18.mark.xml#sSpan696"/>
		<rel id="sPointingRel241" xlink:href="scriptorium.GF17-18.mark.xml#sSpan248" target="scriptorium.GF17-18.mark.xml#sSpan244"/>
		<rel id="sPointingRel243" xlink:href="scriptorium.GF17-18.mark.xml#sSpan548" target="scriptorium.GF17-18.mark.xml#sSpan487"/>
		<rel id="sPointingRel245" xlink:href="scriptorium.GF17-18.mark.xml#sSpan760" target="scriptorium.GF17-18.mark.xml#sSpan756"/>
		<rel id="sPointingRel247" xlink:href="scriptorium.GF17-18.mark.xml#sSpan1129" target="scriptorium.GF17-18.mark.xml#sSpan1142"/>
		<rel id="sPointingRel249" xlink:href="scriptorium.GF17-18.mark.xml#sSpan558" target="scriptorium.GF17-18.mark.xml#sSpan554"/>
		<rel id="sPointingRel251" xlink:href="scriptorium.GF17-18.mark.xml#sSpan197" target="scriptorium.GF17-18.mark.xml#sSpan205"/>
		<rel id="sPointingRel253" xlink:href="scriptorium.GF17-18.mark.xml#sSpan883" target="scriptorium.GF17-18.mark.xml#sSpan885"/>
		<rel id="sPointingRel255" xlink:href="scriptorium.GF17-18.mark.xml#sSpan452" target="scriptorium.GF17-18.mark.xml#sSpan449"/>
		<rel id="sPointingRel257" xlink:href="scriptorium.GF17-18.mark.xml#sSpan76" target="scriptorium.GF17-18.mark.xml#sSpan68"/>
		<rel id="sPointingRel259" xlink:href="scriptorium.GF17-18.mark.xml#sSpan801" target="scriptorium.GF17-18.mark.xml#sSpan798"/>
		<rel id="sPointingRel261" xlink:href="scriptorium.GF17-18.mark.xml#sSpan648" target="scriptorium.GF17-18.mark.xml#sSpan640"/>
		<rel id="sPointingRel263" xlink:href="scriptorium.GF17-18.mark.xml#sSpan861" target="scriptorium.GF17-18.mark.xml#sSpan871"/>
		<rel id="sPointingRel265" xlink:href="scriptorium.GF17-18.mark.xml#sSpan85" target="scriptorium.GF17-18.mark.xml#sSpan83"/>
		<rel id="sPointingRel267" xlink:href="scriptorium.GF17-18.mark.xml#sSpan484" target="scriptorium.GF17-18.mark.xml#sSpan481"/>
		<rel id="sPointingRel269" xlink:href="scriptorium.GF17-18.mark.xml#sSpan356" target="scriptorium.GF17-18.mark.xml#sSpan354"/>
		<rel id="sPointingRel271" xlink:href="scriptorium.GF17-18.mark.xml#sSpan913" target="scriptorium.GF17-18.mark.xml#sSpan905"/>
		<rel id="sPointingRel273" xlink:href="scriptorium.GF17-18.mark.xml#sSpan467" target="scriptorium.GF17-18.mark.xml#sSpan463"/>
		<rel id="sPointingRel275" xlink:href="scriptorium.GF17-18.mark.xml#sSpan146" target="scriptorium.GF17-18.mark.xml#sSpan135"/>
		<rel id="sPointingRel277" xlink:href="scriptorium.GF17-18.mark.xml#sSpan41" target="scriptorium.GF17-18.mark.xml#sSpan2"/>
		<rel id="sPointingRel279" xlink:href="scriptorium.GF17-18.mark.xml#sSpan1068" target="scriptorium.GF17-18.mark.xml#sSpan1075"/>
		<rel id="sPointingRel281" xlink:href="scriptorium.GF17-18.mark.xml#sSpan1395" target="scriptorium.GF17-18.mark.xml#sSpan1392"/>
		<rel id="sPointingRel283" xlink:href="scriptorium.GF17-18.mark.xml#sSpan932" target="scriptorium.GF17-18.mark.xml#sSpan926"/>
		<rel id="sPointingRel285" xlink:href="scriptorium.GF17-18.mark.xml#sSpan1384" target="scriptorium.GF17-18.mark.xml#sSpan1332"/>
		<rel id="sPointingRel287" xlink:href="scriptorium.GF17-18.mark.xml#sSpan1508" target="scriptorium.GF17-18.mark.xml#sSpan1504"/>
		<rel id="sPointingRel289" xlink:href="scriptorium.GF17-18.mark.xml#sSpan810" target="scriptorium.GF17-18.mark.xml#sSpan806"/>
		<rel id="sPointingRel291" xlink:href="scriptorium.GF17-18.mark.xml#sSpan626" target="scriptorium.GF17-18.mark.xml#sSpan618"/>
		<rel id="sPointingRel293" xlink:href="scriptorium.GF17-18.mark.xml#sSpan994" target="scriptorium.GF17-18.mark.xml#sSpan990"/>
		<rel id="sPointingRel295" xlink:href="scriptorium.GF17-18.mark.xml#sSpan610" target="scriptorium.GF17-18.mark.xml#sSpan607"/>
		<rel id="sPointingRel297" xlink:href="scriptorium.GF17-18.mark.xml#sSpan509" target="scriptorium.GF17-18.mark.xml#sSpan507"/>
		<rel id="sPointingRel299" xlink:href="scriptorium.GF17-18.mark.xml#sSpan1181" target="scriptorium.GF17-18.mark.xml#sSpan1179"/>
		<rel id="sPointingRel301" xlink:href="scriptorium.GF17-18.mark.xml#sSpan1384" target="scriptorium.GF17-18.mark.xml#sSpan1328"/>
		<rel id="sPointingRel303" xlink:href="scriptorium.GF17-18.mark.xml#sSpan39" target="scriptorium.GF17-18.mark.xml#sSpan35"/>
		<rel id="sPointingRel305" xlink:href="scriptorium.GF17-18.mark.xml#sSpan102" target="scriptorium.GF17-18.mark.xml#sSpan98"/>
		<rel id="sPointingRel307" xlink:href="scriptorium.GF17-18.mark.xml#sSpan539" target="scriptorium.GF17-18.mark.xml#sSpan531"/>
		<rel id="sPointingRel309" xlink:href="scriptorium.GF17-18.mark.xml#sSpan41" target="scriptorium.GF17-18.mark.xml#sSpan55"/>
		<rel id="sPointingRel311" xlink:href="scriptorium.GF17-18.mark.xml#sSpan953" target="scriptorium.GF17-18.mark.xml#sSpan964"/>
		<rel id="sPointingRel313" xlink:href="scriptorium.GF17-18.mark.xml#sSpan405" target="scriptorium.GF17-18.mark.xml#sSpan397"/>
		<rel id="sPointingRel315" xlink:href="scriptorium.GF17-18.mark.xml#sSpan21" target="scriptorium.GF17-18.mark.xml#sSpan28"/>
		<rel id="sPointingRel317" xlink:href="scriptorium.GF17-18.mark.xml#sSpan626" target="scriptorium.GF17-18.mark.xml#sSpan630"/>
		<rel id="sPointingRel319" xlink:href="scriptorium.GF17-18.mark.xml#sSpan55" target="scriptorium.GF17-18.mark.xml#sSpan51"/>
		<rel id="sPointingRel321" xlink:href="scriptorium.GF17-18.mark.xml#sSpan76" target="scriptorium.GF17-18.mark.xml#sSpan85"/>
		<rel id="sPointingRel323" xlink:href="scriptorium.GF17-18.mark.xml#sSpan732" target="scriptorium.GF17-18.mark.xml#sSpan721"/>
		<rel id="sPointingRel325" xlink:href="scriptorium.GF17-18.mark.xml#sSpan1463" target="scriptorium.GF17-18.mark.xml#sSpan1456"/>
		<rel id="sPointingRel327" xlink:href="scriptorium.GF17-18.mark.xml#sSpan306" target="scriptorium.GF17-18.mark.xml#sSpan315"/>
		<rel id="sPointingRel329" xlink:href="scriptorium.GF17-18.mark.xml#sSpan1395" target="scriptorium.GF17-18.mark.xml#sSpan1406"/>
		<rel id="sPointingRel331" xlink:href="scriptorium.GF17-18.mark.xml#sSpan1384" target="scriptorium.GF17-18.mark.xml#sSpan1395"/>
		<rel id="sPointingRel333" xlink:href="scriptorium.GF17-18.mark.xml#sSpan744" target="scriptorium.GF17-18.mark.xml#sSpan747"/>
		<rel id="sPointingRel335" xlink:href="scriptorium.GF17-18.mark.xml#sSpan1352" target="scriptorium.GF17-18.mark.xml#sSpan1347"/>
		<rel id="sPointingRel337" xlink:href="scriptorium.GF17-18.mark.xml#sSpan732" target="scriptorium.GF17-18.mark.xml#sSpan726"/>
		<rel id="sPointingRel339" xlink:href="scriptorium.GF17-18.mark.xml#sSpan1373" target="scriptorium.GF17-18.mark.xml#sSpan1375"/>
		<rel id="sPointingRel341" xlink:href="scriptorium.GF17-18.mark.xml#sSpan366" target="scriptorium.GF17-18.mark.xml#sSpan363"/>
		<rel id="sPointingRel343" xlink:href="scriptorium.GF17-18.mark.xml#sSpan1352" target="scriptorium.GF17-18.mark.xml#sSpan1341"/>
		<rel id="sPointingRel345" xlink:href="scriptorium.GF17-18.mark.xml#sSpan1226" target="scriptorium.GF17-18.mark.xml#sSpan1212"/>
		<rel id="sPointingRel347" xlink:href="scriptorium.GF17-18.mark.xml#sSpan1366" target="scriptorium.GF17-18.mark.xml#sSpan1358"/>
		<rel id="sPointingRel349" xlink:href="scriptorium.GF17-18.mark.xml#sSpan461" target="scriptorium.GF17-18.mark.xml#sSpan454"/>
		<rel id="sPointingRel351" xlink:href="scriptorium.GF17-18.mark.xml#sSpan871" target="scriptorium.GF17-18.mark.xml#sSpan883"/>
		<rel id="sPointingRel353" xlink:href="scriptorium.GF17-18.mark.xml#sSpan994" target="scriptorium.GF17-18.mark.xml#sSpan992"/>
		<rel id="sPointingRel355" xlink:href="scriptorium.GF17-18.mark.xml#sSpan1384" target="scriptorium.GF17-18.mark.xml#sSpan1377"/>
		<rel id="sPointingRel357" xlink:href="scriptorium.GF17-18.mark.xml#sSpan953" target="scriptorium.GF17-18.mark.xml#sSpan949"/>
		<rel id="sPointingRel359" xlink:href="scriptorium.GF17-18.mark.xml#sSpan982" target="scriptorium.GF17-18.mark.xml#sSpan994"/>
		<rel id="sPointingRel361" xlink:href="scriptorium.GF17-18.mark.xml#sSpan315" target="scriptorium.GF17-18.mark.xml#sSpan326"/>
		<rel id="sPointingRel363" xlink:href="scriptorium.GF17-18.mark.xml#sSpan356" target="scriptorium.GF17-18.mark.xml#sSpan366"/>
		<rel id="sPointingRel365" xlink:href="scriptorium.GF17-18.mark.xml#sSpan713" target="scriptorium.GF17-18.mark.xml#sSpan732"/>
		<rel id="sPointingRel367" xlink:href="scriptorium.GF17-18.mark.xml#sSpan1416" target="scriptorium.GF17-18.mark.xml#sSpan1423"/>
		<rel id="sPointingRel369" xlink:href="scriptorium.GF17-18.mark.xml#sSpan715" target="scriptorium.GF17-18.mark.xml#sSpan719"/>
		<rel id="sPointingRel371" xlink:href="scriptorium.GF17-18.mark.xml#sSpan76" target="scriptorium.GF17-18.mark.xml#sSpan72"/>
		<rel id="sPointingRel373" xlink:href="scriptorium.GF17-18.mark.xml#sSpan1322" target="scriptorium.GF17-18.mark.xml#sSpan1384"/>
		<rel id="sPointingRel375" xlink:href="scriptorium.GF17-18.mark.xml#sSpan1499" target="scriptorium.GF17-18.mark.xml#sSpan1492"/>
		<rel id="sPointingRel377" xlink:href="scriptorium.GF17-18.mark.xml#sSpan14" target="scriptorium.GF17-18.mark.xml#sSpan12"/>
		<rel id="sPointingRel379" xlink:href="scriptorium.GF17-18.mark.xml#sSpan841" target="scriptorium.GF17-18.mark.xml#sSpan834"/>
		<rel id="sPointingRel381" xlink:href="scriptorium.GF17-18.mark.xml#sSpan1152" target="scriptorium.GF17-18.mark.xml#sSpan1166"/>
		<rel id="sPointingRel383" xlink:href="scriptorium.GF17-18.mark.xml#sSpan548" target="scriptorium.GF17-18.mark.xml#sSpan518"/>
		<rel id="sPointingRel385" xlink:href="scriptorium.GF17-18.mark.xml#sSpan693" target="scriptorium.GF17-18.mark.xml#sSpan689"/>
		<rel id="sPointingRel387" xlink:href="scriptorium.GF17-18.mark.xml#sSpan658" target="scriptorium.GF17-18.mark.xml#sSpan654"/>
		<rel id="sPointingRel389" xlink:href="scriptorium.GF17-18.mark.xml#sSpan994" target="scriptorium.GF17-18.mark.xml#sSpan1002"/>
		<rel id="sPointingRel391" xlink:href="scriptorium.GF17-18.mark.xml#sSpan356" target="scriptorium.GF17-18.mark.xml#sSpan381"/>
		<rel id="sPointingRel393" xlink:href="scriptorium.GF17-18.mark.xml#sSpan744" target="scriptorium.GF17-18.mark.xml#sSpan760"/>
		<rel id="sPointingRel395" xlink:href="scriptorium.GF17-18.mark.xml#sSpan713" target="scriptorium.GF17-18.mark.xml#sSpan705"/>
		<rel id="sPointingRel397" xlink:href="scriptorium.GF17-18.mark.xml#sSpan1322" target="scriptorium.GF17-18.mark.xml#sSpan1309"/>
		<rel id="sPointingRel399" xlink:href="scriptorium.GF17-18.mark.xml#sSpan1129" target="scriptorium.GF17-18.mark.xml#sSpan1123"/>
		<rel id="sPointingRel401" xlink:href="scriptorium.GF17-18.mark.xml#sSpan1107" target="scriptorium.GF17-18.mark.xml#sSpan1112"/>
		<rel id="sPointingRel403" xlink:href="scriptorium.GF17-18.mark.xml#sSpan861" target="scriptorium.GF17-18.mark.xml#sSpan856"/>
		<rel id="sPointingRel405" xlink:href="scriptorium.GF17-18.mark.xml#sSpan239" target="scriptorium.GF17-18.mark.xml#sSpan235"/>
		<rel id="sPointingRel407" xlink:href="scriptorium.GF17-18.mark.xml#sSpan1245" target="scriptorium.GF17-18.mark.xml#sSpan1251"/>
		<rel id="sPointingRel409" xlink:href="scriptorium.GF17-18.mark.xml#sSpan326" target="scriptorium.GF17-18.mark.xml#sSpan322"/>
		<rel id="sPointingRel411" xlink:href="scriptorium.GF17-18.mark.xml#sSpan1262" target="scriptorium.GF17-18.mark.xml#sSpan1256"/>
		<rel id="sPointingRel413" xlink:href="scriptorium.GF17-18.mark.xml#sSpan801" target="scriptorium.GF17-18.mark.xml#sSpan796"/>
		<rel id="sPointingRel415" xlink:href="scriptorium.GF17-18.mark.xml#sSpan671" target="scriptorium.GF17-18.mark.xml#sSpan674"/>
		<rel id="sPointingRel417" xlink:href="scriptorium.GF17-18.mark.xml#sSpan780" target="scriptorium.GF17-18.mark.xml#sSpan791"/>
		<rel id="sPointingRel419" xlink:href="scriptorium.GF17-18.mark.xml#sSpan1416" target="scriptorium.GF17-18.mark.xml#sSpan1479"/>
		<rel id="sPointingRel421" xlink:href="scriptorium.GF17-18.mark.xml#sSpan1352" target="scriptorium.GF17-18.mark.xml#sSpan1354"/>
		<rel id="sPointingRel423" xlink:href="scriptorium.GF17-18.mark.xml#sSpan412" target="scriptorium.GF17-18.mark.xml#sSpan407"/>
		<rel id="sPointingRel425" xlink:href="scriptorium.GF17-18.mark.xml#sSpan901" target="scriptorium.GF17-18.mark.xml#sSpan932"/>
		<rel id="sPointingRel427" xlink:href="scriptorium.GF17-18.mark.xml#sSpan366" target="scriptorium.GF17-18.mark.xml#sSpan373"/>
		<rel id="sPointingRel429" xlink:href="scriptorium.GF17-18.mark.xml#sSpan205" target="scriptorium.GF17-18.mark.xml#sSpan199"/>
		<rel id="sPointingRel431" xlink:href="scriptorium.GF17-18.mark.xml#sSpan223" target="scriptorium.GF17-18.mark.xml#sSpan212"/>
		<rel id="sPointingRel433" xlink:href="scriptorium.GF17-18.mark.xml#sSpan1463" target="scriptorium.GF17-18.mark.xml#sSpan1452"/>
		<rel id="sPointingRel435" xlink:href="scriptorium.GF17-18.mark.xml#sSpan1290" target="scriptorium.GF17-18.mark.xml#sSpan1292"/>
		<rel id="sPointingRel437" xlink:href="scriptorium.GF17-18.mark.xml#sSpan197" target="scriptorium.GF17-18.mark.xml#sSpan183"/>
		<rel id="sPointingRel439" xlink:href="scriptorium.GF17-18.mark.xml#sSpan713" target="scriptorium.GF17-18.mark.xml#sSpan709"/>
		<rel id="sPointingRel441" xlink:href="scriptorium.GF17-18.mark.xml#sSpan1423" target="scriptorium.GF17-18.mark.xml#sSpan1421"/>
		<rel id="sPointingRel443" xlink:href="scriptorium.GF17-18.mark.xml#sSpan248" target="scriptorium.GF17-18.mark.xml#sSpan261"/>
		<rel id="sPointingRel445" xlink:href="scriptorium.GF17-18.mark.xml#sSpan474" target="scriptorium.GF17-18.mark.xml#sSpan484"/>
		<rel id="sPointingRel447" xlink:href="scriptorium.GF17-18.mark.xml#sSpan1234" target="scriptorium.GF17-18.mark.xml#sSpan1228"/>
		<rel id="sPointingRel449" xlink:href="scriptorium.GF17-18.mark.xml#sSpan801" target="scriptorium.GF17-18.mark.xml#sSpan810"/>
		<rel id="sPointingRel451" xlink:href="scriptorium.GF17-18.mark.xml#sSpan276" target="scriptorium.GF17-18.mark.xml#sSpan280"/>
		<rel id="sPointingRel453" xlink:href="scriptorium.GF17-18.mark.xml#sSpan626" target="scriptorium.GF17-18.mark.xml#sSpan634"/>
		<rel id="sPointingRel455" xlink:href="scriptorium.GF17-18.mark.xml#sSpan1013" target="scriptorium.GF17-18.mark.xml#sSpan1004"/>
		<rel id="sPointingRel457" xlink:href="scriptorium.GF17-18.mark.xml#sSpan583" target="scriptorium.GF17-18.mark.xml#sSpan581"/>
		<rel id="sPointingRel459" xlink:href="scriptorium.GF17-18.mark.xml#sSpan1322" target="scriptorium.GF17-18.mark.xml#sSpan1316"/>
		<rel id="sPointingRel461" xlink:href="scriptorium.GF17-18.mark.xml#sSpan1089" target="scriptorium.GF17-18.mark.xml#sSpan1082"/>
		<rel id="sPointingRel463" xlink:href="scriptorium.GF17-18.mark.xml#sSpan841" target="scriptorium.GF17-18.mark.xml#sSpan848"/>
		<rel id="sPointingRel465" xlink:href="scriptorium.GF17-18.mark.xml#sSpan248" target="scriptorium.GF17-18.mark.xml#sSpan246"/>
		<rel id="sPointingRel467" xlink:href="scriptorium.GF17-18.mark.xml#sSpan901" target="scriptorium.GF17-18.mark.xml#sSpan894"/>
		<rel id="sPointingRel469" xlink:href="scriptorium.GF17-18.mark.xml#sSpan975" target="scriptorium.GF17-18.mark.xml#sSpan970"/>
		<rel id="sPointingRel471" xlink:href="scriptorium.GF17-18.mark.xml#sSpan28" target="scriptorium.GF17-18.mark.xml#sSpan39"/>
		<rel id="sPointingRel473" xlink:href="scriptorium.GF17-18.mark.xml#sSpan223" target="scriptorium.GF17-18.mark.xml#sSpan216"/>
		<rel id="sPointingRel475" xlink:href="scriptorium.GF17-18.mark.xml#sSpan276" target="scriptorium.GF17-18.mark.xml#sSpan298"/>
		<rel id="sPointingRel477" xlink:href="scriptorium.GF17-18.mark.xml#sSpan1002" target="scriptorium.GF17-18.mark.xml#sSpan998"/>
		<rel id="sPointingRel479" xlink:href="scriptorium.GF17-18.mark.xml#sSpan634" target="scriptorium.GF17-18.mark.xml#sSpan638"/>
		<rel id="sPointingRel481" xlink:href="scriptorium.GF17-18.mark.xml#sSpan1416" target="scriptorium.GF17-18.mark.xml#sSpan1409"/>
		<rel id="sPointingRel483" xlink:href="scriptorium.GF17-18.mark.xml#sSpan583" target="scriptorium.GF17-18.mark.xml#sSpan576"/>
		<rel id="sPointingRel485" xlink:href="scriptorium.GF17-18.mark.xml#sSpan373" target="scriptorium.GF17-18.mark.xml#sSpan368"/>
		<rel id="sPointingRel487" xlink:href="scriptorium.GF17-18.mark.xml#sSpan1499" target="scriptorium.GF17-18.mark.xml#sSpan1514"/>
		<rel id="sPointingRel489" xlink:href="scriptorium.GF17-18.mark.xml#sSpan1262" target="scriptorium.GF17-18.mark.xml#sSpan1245"/>
		<rel id="sPointingRel491" xlink:href="scriptorium.GF17-18.mark.xml#sSpan174" target="scriptorium.GF17-18.mark.xml#sSpan165"/>
		<rel id="sPointingRel493" xlink:href="scriptorium.GF17-18.mark.xml#sSpan1181" target="scriptorium.GF17-18.mark.xml#sSpan1201"/>
		<rel id="sPointingRel495" xlink:href="scriptorium.GF17-18.mark.xml#sSpan744" target="scriptorium.GF17-18.mark.xml#sSpan739"/>
		<rel id="sPointingRel497" xlink:href="scriptorium.GF17-18.mark.xml#sSpan1226" target="scriptorium.GF17-18.mark.xml#sSpan1234"/>
		<rel id="sPointingRel499" xlink:href="scriptorium.GF17-18.mark.xml#sSpan548" target="scriptorium.GF17-18.mark.xml#sSpan541"/>
		<rel id="sPointingRel501" xlink:href="scriptorium.GF17-18.mark.xml#sSpan1013" target="scriptorium.GF17-18.mark.xml#sSpan1009"/>
		<rel id="sPointingRel503" xlink:href="scriptorium.GF17-18.mark.xml#sSpan1479" target="scriptorium.GF17-18.mark.xml#sSpan1481"/>
		<rel id="sPointingRel505" xlink:href="scriptorium.GF17-18.mark.xml#sSpan239" target="scriptorium.GF17-18.mark.xml#sSpan248"/>
		<rel id="sPointingRel507" xlink:href="scriptorium.GF17-18.mark.xml#sSpan548" target="scriptorium.GF17-18.mark.xml#sSpan496"/>
		<rel id="sPointingRel509" xlink:href="scriptorium.GF17-18.mark.xml#sSpan116" target="scriptorium.GF17-18.mark.xml#sSpan114"/>
		<rel id="sPointingRel511" xlink:href="scriptorium.GF17-18.mark.xml#sSpan467" target="scriptorium.GF17-18.mark.xml#sSpan474"/>
		<rel id="sPointingRel513" xlink:href="scriptorium.GF17-18.mark.xml#sSpan1406" target="scriptorium.GF17-18.mark.xml#sSpan1399"/>
		<rel id="sPointingRel515" xlink:href="scriptorium.GF17-18.mark.xml#sSpan610" target="scriptorium.GF17-18.mark.xml#sSpan602"/>
		<rel id="sPointingRel517" xlink:href="scriptorium.GF17-18.mark.xml#sSpan298" target="scriptorium.GF17-18.mark.xml#sSpan295"/>
		<rel id="sPointingRel519" xlink:href="scriptorium.GF17-18.mark.xml#sSpan964" target="scriptorium.GF17-18.mark.xml#sSpan961"/>
		<rel id="sPointingRel521" xlink:href="scriptorium.GF17-18.mark.xml#sSpan861" target="scriptorium.GF17-18.mark.xml#sSpan863"/>
		<rel id="sPointingRel523" xlink:href="scriptorium.GF17-18.mark.xml#sSpan427" target="scriptorium.GF17-18.mark.xml#sSpan467"/>
		<rel id="sPointingRel525" xlink:href="scriptorium.GF17-18.mark.xml#sSpan381" target="scriptorium.GF17-18.mark.xml#sSpan385"/>
		<rel id="sPointingRel527" xlink:href="scriptorium.GF17-18.mark.xml#sSpan41" target="scriptorium.GF17-18.mark.xml#sSpan104"/>
		<rel id="sPointingRel529" xlink:href="scriptorium.GF17-18.mark.xml#sSpan791" target="scriptorium.GF17-18.mark.xml#sSpan782"/>
		<rel id="sPointingRel531" xlink:href="scriptorium.GF17-18.mark.xml#sSpan232" target="scriptorium.GF17-18.mark.xml#sSpan230"/>
		<rel id="sPointingRel533" xlink:href="scriptorium.GF17-18.mark.xml#sSpan592" target="scriptorium.GF17-18.mark.xml#sSpan585"/>
		<rel id="sPointingRel535" xlink:href="scriptorium.GF17-18.mark.xml#sSpan883" target="scriptorium.GF17-18.mark.xml#sSpan879"/>
		<rel id="sPointingRel537" xlink:href="scriptorium.GF17-18.mark.xml#sSpan1435" target="scriptorium.GF17-18.mark.xml#sSpan1430"/>
		<rel id="sPointingRel539" xlink:href="scriptorium.GF17-18.mark.xml#sSpan1352" target="scriptorium.GF17-18.mark.xml#sSpan1345"/>
		<rel id="sPointingRel541" xlink:href="scriptorium.GF17-18.mark.xml#sSpan1226" target="scriptorium.GF17-18.mark.xml#sSpan1236"/>
		<rel id="sPointingRel543" xlink:href="scriptorium.GF17-18.mark.xml#sSpan1366" target="scriptorium.GF17-18.mark.xml#sSpan1362"/>
		<rel id="sPointingRel545" xlink:href="scriptorium.GF17-18.mark.xml#sSpan1272" target="scriptorium.GF17-18.mark.xml#sSpan1265"/>
		<rel id="sPointingRel547" xlink:href="scriptorium.GF17-18.mark.xml#sSpan1142" target="scriptorium.GF17-18.mark.xml#sSpan1152"/>
		<rel id="sPointingRel549" xlink:href="scriptorium.GF17-18.mark.xml#sSpan1201" target="scriptorium.GF17-18.mark.xml#sSpan1199"/>
		<rel id="sPointingRel551" xlink:href="scriptorium.GF17-18.mark.xml#sSpan791" target="scriptorium.GF17-18.mark.xml#sSpan801"/>
		<rel id="sPointingRel553" xlink:href="scriptorium.GF17-18.mark.xml#sSpan427" target="scriptorium.GF17-18.mark.xml#sSpan446"/>
		<rel id="sPointingRel555" xlink:href="scriptorium.GF17-18.mark.xml#sSpan1055" target="scriptorium.GF17-18.mark.xml#sSpan1034"/>
		<rel id="sPointingRel557" xlink:href="scriptorium.GF17-18.mark.xml#sSpan446" target="scriptorium.GF17-18.mark.xml#sSpan442"/>
		<rel id="sPointingRel559" xlink:href="scriptorium.GF17-18.mark.xml#sSpan1027" target="scriptorium.GF17-18.mark.xml#sSpan1020"/>
		<rel id="sPointingRel561" xlink:href="scriptorium.GF17-18.mark.xml#sSpan232" target="scriptorium.GF17-18.mark.xml#sSpan226"/>
		<rel id="sPointingRel563" xlink:href="scriptorium.GF17-18.mark.xml#sSpan671" target="scriptorium.GF17-18.mark.xml#sSpan666"/>
		<rel id="sPointingRel565" xlink:href="scriptorium.GF17-18.mark.xml#sSpan1395" target="scriptorium.GF17-18.mark.xml#sSpan1388"/>
		<rel id="sPointingRel567" xlink:href="scriptorium.GF17-18.mark.xml#sSpan28" target="scriptorium.GF17-18.mark.xml#sSpan31"/>
		<rel id="sPointingRel569" xlink:href="scriptorium.GF17-18.mark.xml#sSpan1075" target="scriptorium.GF17-18.mark.xml#sSpan1080"/>
		<rel id="sPointingRel571" xlink:href="scriptorium.GF17-18.mark.xml#sSpan127" target="scriptorium.GF17-18.mark.xml#sSpan122"/>
		<rel id="sPointingRel573" xlink:href="scriptorium.GF17-18.mark.xml#sSpan568" target="scriptorium.GF17-18.mark.xml#sSpan560"/>
		<rel id="sPointingRel575" xlink:href="scriptorium.GF17-18.mark.xml#sSpan1107" target="scriptorium.GF17-18.mark.xml#sSpan1116"/>
		<rel id="sPointingRel577" xlink:href="scriptorium.GF17-18.mark.xml#sSpan41" target="scriptorium.GF17-18.mark.xml#sSpan47"/>
		<rel id="sPointingRel579" xlink:href="scriptorium.GF17-18.mark.xml#sSpan21" target="scriptorium.GF17-18.mark.xml#sSpan17"/>
		<rel id="sPointingRel581" xlink:href="scriptorium.GF17-18.mark.xml#sSpan1406" target="scriptorium.GF17-18.mark.xml#sSpan1403"/>
		<rel id="sPointingRel583" xlink:href="scriptorium.GF17-18.mark.xml#sSpan1129" target="scriptorium.GF17-18.mark.xml#sSpan1125"/>
		<rel id="sPointingRel585" xlink:href="scriptorium.GF17-18.mark.xml#sSpan248" target="scriptorium.GF17-18.mark.xml#sSpan254"/>
		<rel id="sPointingRel587" xlink:href="scriptorium.GF17-18.mark.xml#sSpan512" target="scriptorium.GF17-18.mark.xml#sSpan516"/>
		<rel id="sPointingRel589" xlink:href="scriptorium.GF17-18.mark.xml#sSpan284" target="scriptorium.GF17-18.mark.xml#sSpan288"/>
		<rel id="sPointingRel591" xlink:href="scriptorium.GF17-18.mark.xml#sSpan1322" target="scriptorium.GF17-18.mark.xml#sSpan1324"/>
		<rel id="sPointingRel593" xlink:href="scriptorium.GF17-18.mark.xml#sSpan146" target="scriptorium.GF17-18.mark.xml#sSpan148"/>
		<rel id="sPointingRel595" xlink:href="scriptorium.GF17-18.mark.xml#sSpan883" target="scriptorium.GF17-18.mark.xml#sSpan877"/>
		<rel id="sPointingRel597" xlink:href="scriptorium.GF17-18.mark.xml#sSpan405" target="scriptorium.GF17-18.mark.xml#sSpan403"/>
		<rel id="sPointingRel599" xlink:href="scriptorium.GF17-18.mark.xml#sSpan703" target="scriptorium.GF17-18.mark.xml#sSpan713"/>
		<rel id="sPointingRel601" xlink:href="scriptorium.GF17-18.mark.xml#sSpan825" target="scriptorium.GF17-18.mark.xml#sSpan818"/>
		<rel id="sPointingRel603" xlink:href="scriptorium.GF17-18.mark.xml#sSpan1416" target="scriptorium.GF17-18.mark.xml#sSpan1435"/>
		<rel id="sPointingRel605" xlink:href="scriptorium.GF17-18.mark.xml#sSpan276" target="scriptorium.GF17-18.mark.xml#sSpan284"/>
		<rel id="sPointingRel607" xlink:href="scriptorium.GF17-18.mark.xml#sSpan871" target="scriptorium.GF17-18.mark.xml#sSpan867"/>
		<rel id="sPointingRel609" xlink:href="scriptorium.GF17-18.mark.xml#sSpan1068" target="scriptorium.GF17-18.mark.xml#sSpan1071"/>
		<rel id="sPointingRel611" xlink:href="scriptorium.GF17-18.mark.xml#sSpan55" target="scriptorium.GF17-18.mark.xml#sSpan64"/>
		<rel id="sPointingRel613" xlink:href="scriptorium.GF17-18.mark.xml#sSpan197" target="scriptorium.GF17-18.mark.xml#sSpan195"/>
		<rel id="sPointingRel615" xlink:href="scriptorium.GF17-18.mark.xml#sSpan1290" target="scriptorium.GF17-18.mark.xml#sSpan1288"/>
		<rel id="sPointingRel617" xlink:href="scriptorium.GF17-18.mark.xml#sSpan760" target="scriptorium.GF17-18.mark.xml#sSpan765"/>
		<rel id="sPointingRel619" xlink:href="scriptorium.GF17-18.mark.xml#sSpan356" target="scriptorium.GF17-18.mark.xml#sSpan350"/>
		<rel id="sPointingRel621" xlink:href="scriptorium.GF17-18.mark.xml#sSpan975" target="scriptorium.GF17-18.mark.xml#sSpan966"/>
		<rel id="sPointingRel623" xlink:href="scriptorium.GF17-18.mark.xml#sSpan922" target="scriptorium.GF17-18.mark.xml#sSpan920"/>
		<rel id="sPointingRel625" xlink:href="scriptorium.GF17-18.mark.xml#sSpan1166" target="scriptorium.GF17-18.mark.xml#sSpan1161"/>
		<rel id="sPointingRel627" xlink:href="scriptorium.GF17-18.mark.xml#sSpan528" target="scriptorium.GF17-18.mark.xml#sSpan539"/>
		<rel id="sPointingRel629" xlink:href="scriptorium.GF17-18.mark.xml#sSpan1262" target="scriptorium.GF17-18.mark.xml#sSpan1260"/>
		<rel id="sPointingRel631" xlink:href="scriptorium.GF17-18.mark.xml#sSpan504" target="scriptorium.GF17-18.mark.xml#sSpan512"/>
		<rel id="sPointingRel633" xlink:href="scriptorium.GF17-18.mark.xml#sSpan1395" target="scriptorium.GF17-18.mark.xml#sSpan1397"/>
		<rel id="sPointingRel635" xlink:href="scriptorium.GF17-18.mark.xml#sSpan1089" target="scriptorium.GF17-18.mark.xml#sSpan1086"/>
		<rel id="sPointingRel637" xlink:href="scriptorium.GF17-18.mark.xml#sSpan1027" target="scriptorium.GF17-18.mark.xml#sSpan1024"/>
		<rel id="sPointingRel639" xlink:href="scriptorium.GF17-18.mark.xml#sSpan1290" target="scriptorium.GF17-18.mark.xml#sSpan1280"/>
		<rel id="sPointingRel641" xlink:href="scriptorium.GF17-18.mark.xml#sSpan28" target="scriptorium.GF17-18.mark.xml#sSpan24"/>
		<rel id="sPointingRel643" xlink:href="scriptorium.GF17-18.mark.xml#sSpan159" target="scriptorium.GF17-18.mark.xml#sSpan152"/>
		<rel id="sPointingRel645" xlink:href="scriptorium.GF17-18.mark.xml#sSpan1188" target="scriptorium.GF17-18.mark.xml#sSpan1183"/>
		<rel id="sPointingRel647" xlink:href="scriptorium.GF17-18.mark.xml#sSpan901" target="scriptorium.GF17-18.mark.xml#sSpan913"/>
		<rel id="sPointingRel649" xlink:href="scriptorium.GF17-18.mark.xml#sSpan91" target="scriptorium.GF17-18.mark.xml#sSpan102"/>
		<rel id="sPointingRel651" xlink:href="scriptorium.GF17-18.mark.xml#sSpan248" target="scriptorium.GF17-18.mark.xml#sSpan242"/>
		<rel id="sPointingRel653" xlink:href="scriptorium.GF17-18.mark.xml#sSpan1352" target="scriptorium.GF17-18.mark.xml#sSpan1349"/>
		<rel id="sPointingRel655" xlink:href="scriptorium.GF17-18.mark.xml#sSpan104" target="scriptorium.GF17-18.mark.xml#sSpan116"/>
		<rel id="sPointingRel657" xlink:href="scriptorium.GF17-18.mark.xml#sSpan1181" target="scriptorium.GF17-18.mark.xml#sSpan1174"/>
		<rel id="sPointingRel659" xlink:href="scriptorium.GF17-18.mark.xml#sSpan1055" target="scriptorium.GF17-18.mark.xml#sSpan1068"/>
		<rel id="sPointingRel661" xlink:href="scriptorium.GF17-18.mark.xml#sSpan1152" target="scriptorium.GF17-18.mark.xml#sSpan1148"/>
		<rel id="sPointingRel663" xlink:href="scriptorium.GF17-18.mark.xml#sSpan315" target="scriptorium.GF17-18.mark.xml#sSpan309"/>
		<rel id="sPointingRel665" xlink:href="scriptorium.GF17-18.mark.xml#sSpan994" target="scriptorium.GF17-18.mark.xml#sSpan1013"/>
		<rel id="sPointingRel667" xlink:href="scriptorium.GF17-18.mark.xml#sSpan91" target="scriptorium.GF17-18.mark.xml#sSpan87"/>
		<rel id="sPointingRel669" xlink:href="scriptorium.GF17-18.mark.xml#sSpan913" target="scriptorium.GF17-18.mark.xml#sSpan909"/>
		<rel id="sPointingRel671" xlink:href="scriptorium.GF17-18.mark.xml#sSpan964" target="scriptorium.GF17-18.mark.xml#sSpan975"/>
		<rel id="sPointingRel673" xlink:href="scriptorium.GF17-18.mark.xml#sSpan801" target="scriptorium.GF17-18.mark.xml#sSpan825"/>
		<rel id="sPointingRel675" xlink:href="scriptorium.GF17-18.mark.xml#sSpan14" target="scriptorium.GF17-18.mark.xml#sSpan21"/>
		<rel id="sPointingRel677" xlink:href="scriptorium.GF17-18.mark.xml#sSpan446" target="scriptorium.GF17-18.mark.xml#sSpan461"/>
		<rel id="sPointingRel679" xlink:href="scriptorium.GF17-18.mark.xml#sSpan883" target="scriptorium.GF17-18.mark.xml#sSpan881"/>
		<rel id="sPointingRel681" xlink:href="scriptorium.GF17-18.mark.xml#sSpan592" target="scriptorium.GF17-18.mark.xml#sSpan590"/>
		<rel id="sPointingRel683" xlink:href="scriptorium.GF17-18.mark.xml#sSpan146" target="scriptorium.GF17-18.mark.xml#sSpan174"/>
		<rel id="sPointingRel685" xlink:href="scriptorium.GF17-18.mark.xml#sSpan1332" target="scriptorium.GF17-18.mark.xml#sSpan1373"/>
		<rel id="sPointingRel687" xlink:href="scriptorium.GF17-18.mark.xml#sSpan1201" target="scriptorium.GF17-18.mark.xml#sSpan1204"/>
		<rel id="sPointingRel689" xlink:href="scriptorium.GF17-18.mark.xml#sSpan780" target="scriptorium.GF17-18.mark.xml#sSpan768"/>
		<rel id="sPointingRel691" xlink:href="scriptorium.GF17-18.mark.xml#sSpan320" target="scriptorium.GF17-18.mark.xml#sSpan317"/>
		<rel id="sPointingRel693" xlink:href="scriptorium.GF17-18.mark.xml#sSpan64" target="scriptorium.GF17-18.mark.xml#sSpan76"/>
		<rel id="sPointingRel695" xlink:href="scriptorium.GF17-18.mark.xml#sSpan913" target="scriptorium.GF17-18.mark.xml#sSpan922"/>
		<rel id="sPointingRel697" xlink:href="scriptorium.GF17-18.mark.xml#sSpan671" target="scriptorium.GF17-18.mark.xml#sSpan693"/>
		<rel id="sPointingRel699" xlink:href="scriptorium.GF17-18.mark.xml#sSpan1384" target="scriptorium.GF17-18.mark.xml#sSpan1382"/>
		<rel id="sPointingRel701" xlink:href="scriptorium.GF17-18.mark.xml#sSpan1373" target="scriptorium.GF17-18.mark.xml#sSpan1369"/>
		<rel id="sPointingRel703" xlink:href="scriptorium.GF17-18.mark.xml#sSpan953" target="scriptorium.GF17-18.mark.xml#sSpan944"/>
		<rel id="sPointingRel705" xlink:href="scriptorium.GF17-18.mark.xml#sSpan1332" target="scriptorium.GF17-18.mark.xml#sSpan1352"/>
		<rel id="sPointingRel707" xlink:href="scriptorium.GF17-18.mark.xml#sSpan693" target="scriptorium.GF17-18.mark.xml#sSpan685"/>
		<rel id="sPointingRel709" xlink:href="scriptorium.GF17-18.mark.xml#sSpan558" target="scriptorium.GF17-18.mark.xml#sSpan568"/>
		<rel id="sPointingRel711" xlink:href="scriptorium.GF17-18.mark.xml#sSpan671" target="scriptorium.GF17-18.mark.xml#sSpan683"/>
		<rel id="sPointingRel713" xlink:href="scriptorium.GF17-18.mark.xml#sSpan1499" target="scriptorium.GF17-18.mark.xml#sSpan1508"/>
		<rel id="sPointingRel715" xlink:href="scriptorium.GF17-18.mark.xml#sSpan693" target="scriptorium.GF17-18.mark.xml#sSpan703"/>
		<rel id="sPointingRel717" xlink:href="scriptorium.GF17-18.mark.xml#sSpan1097" target="scriptorium.GF17-18.mark.xml#sSpan1091"/>
		<rel id="sPointingRel719" xlink:href="scriptorium.GF17-18.mark.xml#sSpan1352" target="scriptorium.GF17-18.mark.xml#sSpan1366"/>
		<rel id="sPointingRel721" xlink:href="scriptorium.GF17-18.mark.xml#sSpan1013" target="scriptorium.GF17-18.mark.xml#sSpan1027"/>
		<rel id="sPointingRel723" xlink:href="scriptorium.GF17-18.mark.xml#sSpan461" target="scriptorium.GF17-18.mark.xml#sSpan458"/></relList></paula>