<?xml version='1.0' encoding='UTF-8'?><!DOCTYPE paula SYSTEM "paula_feat.dtd">
<paula version="1.1">
	<header paula_id="scriptorium.GF17-18.mark_orig"/>
	<featList xmlns:xlink="http://www.w3.org/1999/xlink" type="orig" xml:base="scriptorium.GF17-18.mark.xml">
		<feat xlink:href="#sSpan3" value="ⲛ"/>
		<feat xlink:href="#sSpan13" value="ⲉⲧ"/>
		<feat xlink:href="#sSpan15" value="ⲉⲓⲣⲉ"/>
		<feat xlink:href="#sSpan18" value="ⲛ"/>
		<feat xlink:href="#sSpan22" value="ⲛ"/>
		<feat xlink:href="#sSpan25" value="ⲉⲧⲉ"/>
		<feat xlink:href="#sSpan27" value="ⲙⲉ"/>
		<feat xlink:href="#sSpan29" value="ϣϣⲉ"/>
		<feat xlink:href="#sSpan32" value="ϩⲣⲁⲓ"/>
		<feat xlink:href="#sSpan36" value="ⲛϩⲏⲧ"/>
		<feat xlink:href="#sSpan40" value="ⲛ"/>
		<feat xlink:href="#sSpan42" value="ⲧⲁⲓ"/>
		<feat xlink:href="#sSpan48" value="ⲧⲉ"/>
		<feat xlink:href="#sSpan52" value="ⲑ"/>
		<feat xlink:href="#sSpan56" value="ⲉ"/>
		<feat xlink:href="#sSpan58" value="ⲉⲧ"/>
		<feat xlink:href="#sSpan62" value="ⲛ"/>
		<feat xlink:href="#sSpan65" value="ϯϣⲓⲡⲉ"/>
		<feat xlink:href="#sSpan69" value="ⲛ"/>
		<feat xlink:href="#sSpan73" value="ⲛ"/>
		<feat xlink:href="#sSpan77" value="ⲁⲅⲁⲑⲟⲥ"/>
		<feat xlink:href="#sSpan79" value="ⲉⲧ"/>
		<feat xlink:href="#sSpan84" value="ⲛϩⲏⲧ"/>
		<feat xlink:href="#sSpan86" value="ⲛ"/>
		<feat xlink:href="#sSpan88" value="ⲉⲧ"/>
		<feat xlink:href="#sSpan92" value="ⲉⲓⲣⲉ"/>
		<feat xlink:href="#sSpan95" value="ⲙ"/>
		<feat xlink:href="#sSpan99" value="ⲡ"/>
		<feat xlink:href="#sSpan103" value="ⲁⲅⲁⲑⲟⲛ"/>
		<feat xlink:href="#sSpan105" value="ⲁⲛⲟⲛ"/>
		<feat xlink:href="#sSpan110" value="ⲛ"/>
		<feat xlink:href="#sSpan115" value="ⲉⲧ"/>
		<feat xlink:href="#sSpan117" value="ⲉⲓⲣⲉ"/>
		<feat xlink:href="#sSpan119" value="ⲙ"/>
		<feat xlink:href="#sSpan123" value="ⲡ"/>
		<feat xlink:href="#sSpan128" value="ⲡⲟⲛⲏⲣⲟⲛ"/>
		<feat xlink:href="#sSpan130" value="·"/>
		<feat xlink:href="#sSpan136" value="ⲱ"/>
		<feat xlink:href="#sSpan143" value="ⲧⲛ"/>
		<feat xlink:href="#sSpan147" value="ⲟⲩⲟⲛϩ"/>
		<feat xlink:href="#sSpan149" value="ⲉⲃⲟⲗ"/>
		<feat xlink:href="#sSpan153" value="ⲉ"/>
		<feat xlink:href="#sSpan158" value="ⲛ"/>
		<feat xlink:href="#sSpan160" value="ⲟⲩⲏⲣ"/>
		<feat xlink:href="#sSpan162" value="ϫⲉ"/>
		<feat xlink:href="#sSpan166" value="ⲁⲛⲟⲛ"/>
		<feat xlink:href="#sSpan168" value="ϩⲛ"/>
		<feat xlink:href="#sSpan175" value="ⲙⲁⲓⲛⲟⲃⲉ"/>
		<feat xlink:href="#sSpan178" value="·"/>
		<feat xlink:href="#sSpan184" value="ⲛⲱϩⲉ"/>
		<feat xlink:href="#sSpan192" value="ⲁ"/>
		<feat xlink:href="#sSpan196" value="ϥ"/>
		<feat xlink:href="#sSpan198" value="ϣⲱⲡⲉ"/>
		<feat xlink:href="#sSpan200" value="ⲛ"/>
		<feat xlink:href="#sSpan206" value="ⲇⲉⲓⲕⲁⲓⲟⲥ"/>
		<feat xlink:href="#sSpan209" value="·"/>
		<feat xlink:href="#sSpan213" value="ⲁⲩⲱ"/>
		<feat xlink:href="#sSpan217" value="ⲛ"/>
		<feat xlink:href="#sSpan224" value="ⲁⲧⲛⲟⲃ̣ⲉ"/>
		<feat xlink:href="#sSpan227" value="ⲉ̣"/>
		<feat xlink:href="#sSpan231" value="ϥ̣"/>
		<feat xlink:href="#sSpan233" value="ⲟ̣ⲩⲏϩ̣"/>
		<feat xlink:href="#sSpan236" value="ⲙⲛ"/>
		<feat xlink:href="#sSpan240" value="ⲛ"/>
		<feat xlink:href="#sSpan243" value="ⲉⲛⲧ"/>
		<feat xlink:href="#sSpan245" value="ⲁ"/>
		<feat xlink:href="#sSpan247" value="ⲩ"/>
		<feat xlink:href="#sSpan249" value="ⲕⲁ"/>
		<feat xlink:href="#sSpan252" value="ⲡ"/>
		<feat xlink:href="#sSpan255" value="ⲛⲟⲩⲧⲉ"/>
		<feat xlink:href="#sSpan257" value="ⲛⲥⲱ"/>
		<feat xlink:href="#sSpan262" value="ⲟⲩ"/>
		<feat xlink:href="#sSpan264" value="·"/>
		<feat xlink:href="#sSpan269" value="ⲧⲛ"/>
		<feat xlink:href="#sSpan277" value="ⲣⲛⲟ[ⲃⲉ]"/>
		<feat xlink:href="#sSpan281" value="ⲇⲉ"/>
		<feat xlink:href="#sSpan285" value="ϩⲱⲱ"/>
		<feat xlink:href="#sSpan289" value="ⲛ"/>
		<feat xlink:href="#sSpan291" value="ϩⲛ"/>
		<feat xlink:href="#sSpan296" value="ⲧ"/>
		<feat xlink:href="#sSpan299" value="ⲙⲏⲧⲉ"/>
		<feat xlink:href="#sSpan302" value="ⲛ̣ⲛ"/>
		<feat xlink:href="#sSpan307" value="ⲛ"/>
		<feat xlink:href="#sSpan310" value="ⲉ̣ⲛⲧ"/>
		<feat xlink:href="#sSpan312" value="ⲁ"/>
		<feat xlink:href="#sSpan314" value="ⲩ"/>
		<feat xlink:href="#sSpan316" value="ⲕ̣ⲁ̣"/>
		<feat xlink:href="#sSpan318" value="ⲡ"/>
		<feat xlink:href="#sSpan321" value="ⲛⲟ̣ⲃ̣ⲉ̣"/>
		<feat xlink:href="#sSpan323" value="ⲛⲥⲱ"/>
		<feat xlink:href="#sSpan327" value="ⲟⲩ"/>
		<feat xlink:href="#sSpan329" value="ⲉ"/>
		<feat xlink:href="#sSpan334" value="ⲉⲣ…"/>
		<feat xlink:href="#sSpan339" value="ⲗⲱⲧ"/>
		<feat xlink:href="#sSpan347" value="·"/>
		<feat xlink:href="#sSpan351" value="ⲛⲉ"/>
		<feat xlink:href="#sSpan355" value="ϥ"/>
		<feat xlink:href="#sSpan357" value="ⲟⲩⲏϩ"/>
		<feat xlink:href="#sSpan359" value="ⲙⲛ"/>
		<feat xlink:href="#sSpan364" value="ⲛ"/>
		<feat xlink:href="#sSpan367" value="ⲣⲱⲙⲉ"/>
		<feat xlink:href="#sSpan369" value="ⲛ"/>
		<feat xlink:href="#sSpan374" value="ⲡⲟⲛⲏ̣ⲣ̣ⲟⲥ"/>
		<feat xlink:href="#sSpan378" value="ⲡⲁⲣⲁ"/>
		<feat xlink:href="#sSpan382" value="ⲣⲱⲙⲉ"/>
		<feat xlink:href="#sSpan386" value="ⲛⲓ̣ⲙ"/>
		<feat xlink:href="#sSpan390" value="·"/>
		<feat xlink:href="#sSpan394" value="ⲁⲩⲱ"/>
		<feat xlink:href="#sSpan398" value="ⲁ"/>
		<feat xlink:href="#sSpan404" value="ϥ"/>
		<feat xlink:href="#sSpan406" value="ϣⲱⲡⲉ"/>
		<feat xlink:href="#sSpan408" value="ⲛ"/>
		<feat xlink:href="#sSpan413" value="ⲁⲧⲛⲟⲃⲉ"/>
		<feat xlink:href="#sSpan418" value="·"/>
		<feat xlink:href="#sSpan422" value="ⲧⲛ"/>
		<feat xlink:href="#sSpan428" value="ⲟⲩⲏϩ"/>
		<feat xlink:href="#sSpan432" value="ⲇⲉ"/>
		<feat xlink:href="#sSpan437" value="ϩⲱⲱ"/>
		<feat xlink:href="#sSpan441" value="ⲛ"/>
		<feat xlink:href="#sSpan443" value="ⲙⲛ"/>
		<feat xlink:href="#sSpan447" value="ⲛ"/>
		<feat xlink:href="#sSpan450" value="ⲉⲧ"/>
		<feat xlink:href="#sSpan453" value="ⲟⲩⲁⲁⲃ"/>
		<feat xlink:href="#sSpan455" value="ⲉⲧ"/>
		<feat xlink:href="#sSpan459" value="ⲛϩⲏⲧ"/>
		<feat xlink:href="#sSpan462" value="ⲛ"/>
		<feat xlink:href="#sSpan464" value="ⲧⲛ"/>
		<feat xlink:href="#sSpan468" value="ⲉⲓⲣⲉ"/>
		<feat xlink:href="#sSpan470" value="ⲛⲉⲛ̣"/>
		<feat xlink:href="#sSpan475" value="ⲃⲟⲧⲉ"/>
		<feat xlink:href="#sSpan478" value="ⲙ"/>
		<feat xlink:href="#sSpan482" value="ⲡ"/>
		<feat xlink:href="#sSpan485" value="ⲛⲟⲩⲧⲉ"/>
		<feat xlink:href="#sSpan488" value="ϩⲁϩ̣"/>
		<feat xlink:href="#sSpan497" value="ⲅⲁⲣ"/>
		<feat xlink:href="#sSpan501" value="ϩⲛ"/>
		<feat xlink:href="#sSpan505" value="ⲛ"/>
		<feat xlink:href="#sSpan508" value="ⲉⲧ"/>
		<feat xlink:href="#sSpan510" value="ⲟⲩⲁⲁⲃ"/>
		<feat xlink:href="#sSpan513" value="ⲧⲏⲣ"/>
		<feat xlink:href="#sSpan517" value="ⲟⲩ"/>
		<feat xlink:href="#sSpan519" value="ϣⲁϩⲣⲁⲓ"/>
		<feat xlink:href="#sSpan524" value="ⲉ"/>
		<feat xlink:href="#sSpan529" value="ⲇⲁⲛⲓⲏ̄ⲗ"/>
		<feat xlink:href="#sSpan532" value="ⲙⲛ"/>
		<feat xlink:href="#sSpan537" value="ⲛⲉϥ"/>
		<feat xlink:href="#sSpan540" value="ϣⲃⲉⲉⲣ"/>
		<feat xlink:href="#sSpan542" value="ⲛⲉ"/>
		<feat xlink:href="#sSpan547" value="ⲩ"/>
		<feat xlink:href="#sSpan549" value="ϣⲟⲟⲡ"/>
		<feat xlink:href="#sSpan551" value="ϩⲛ"/>
		<feat xlink:href="#sSpan555" value="ⲧ"/>
		<feat xlink:href="#sSpan559" value="ⲙⲏⲧⲉ"/>
		<feat xlink:href="#sSpan561" value="ⲛ"/>
		<feat xlink:href="#sSpan565" value="ϩⲉⲛ"/>
		<feat xlink:href="#sSpan569" value="ⲁⲧⲛⲟⲩⲧⲉ"/>
		<feat xlink:href="#sSpan573" value="·"/>
		<feat xlink:href="#sSpan577" value="ⲁ"/>
		<feat xlink:href="#sSpan582" value="ⲩ"/>
		<feat xlink:href="#sSpan584" value="ϩⲁⲣⲉϩ"/>
		<feat xlink:href="#sSpan586" value="ⲉ"/>
		<feat xlink:href="#sSpan591" value="ⲩ"/>
		<feat xlink:href="#sSpan593" value="ⲟⲩⲁⲁⲃ"/>
		<feat xlink:href="#sSpan595" value="·"/>
		<feat xlink:href="#sSpan599" value="ⲁⲩⲱ"/>
		<feat xlink:href="#sSpan603" value="ⲙⲡ"/>
		<feat xlink:href="#sSpan608" value="ⲟⲩ"/>
		<feat xlink:href="#sSpan611" value="ⲣⲛⲟⲃⲉ"/>
		<feat xlink:href="#sSpan614" value="·"/>
		<feat xlink:href="#sSpan619" value="ⲧⲛ"/>
		<feat xlink:href="#sSpan627" value="ⲣⲛⲟⲃⲉ"/>
		<feat xlink:href="#sSpan631" value="ⲇⲉ"/>
		<feat xlink:href="#sSpan635" value="ϩⲱⲱ"/>
		<feat xlink:href="#sSpan639" value="ⲛ"/>
		<feat xlink:href="#sSpan641" value="ϩⲛ"/>
		<feat xlink:href="#sSpan646" value="ⲧ"/>
		<feat xlink:href="#sSpan649" value="ⲙⲏⲧⲉ"/>
		<feat xlink:href="#sSpan651" value="ⲛ"/>
		<feat xlink:href="#sSpan655" value="ⲙ"/>
		<feat xlink:href="#sSpan659" value="ⲙⲁⲓⲛⲟⲩⲧⲉ"/>
		<feat xlink:href="#sSpan663" value="·"/>
		<feat xlink:href="#sSpan667" value="ⲧⲛ"/>
		<feat xlink:href="#sSpan672" value="ⲥⲟⲟⲩϩ"/>
		<feat xlink:href="#sSpan675" value="ⲉϩⲟⲩⲛ"/>
		<feat xlink:href="#sSpan679" value="ⲛⲙⲙⲁ"/>
		<feat xlink:href="#sSpan684" value="ⲩ"/>
		<feat xlink:href="#sSpan686" value="ⲛⲧⲟϥ"/>
		<feat xlink:href="#sSpan690" value="ⲧⲛ"/>
		<feat xlink:href="#sSpan694" value="ⲧⲁⲩⲟ"/>
		<feat xlink:href="#sSpan697" value="ⲙ"/>
		<feat xlink:href="#sSpan701" value="ⲡ"/>
		<feat xlink:href="#sSpan704" value="ⲣⲁⲛ"/>
		<feat xlink:href="#sSpan706" value="ⲙ̄"/>
		<feat xlink:href="#sSpan710" value="ⲡ"/>
		<feat xlink:href="#sSpan714" value="ⲛⲟⲩⲧⲉ"/>
		<feat xlink:href="#sSpan716" value="ⲧⲏⲣ"/>
		<feat xlink:href="#sSpan720" value="ⲛ"/>
		<feat xlink:href="#sSpan722" value="ⲁⲩⲱ"/>
		<feat xlink:href="#sSpan727" value="ⲛⲉϥ"/>
		<feat xlink:href="#sSpan733" value="ⲁⲅⲅⲉⲗⲟⲥ"/>
		<feat xlink:href="#sSpan736" value="·"/>
		<feat xlink:href="#sSpan740" value="ⲧⲛ"/>
		<feat xlink:href="#sSpan745" value="ϣⲁϫⲉ"/>
		<feat xlink:href="#sSpan748" value="ⲇⲉ"/>
		<feat xlink:href="#sSpan753" value="ⲟⲛ"/>
		<feat xlink:href="#sSpan757" value="ⲉ"/>
		<feat xlink:href="#sSpan761" value="ⲛ"/>
		<feat xlink:href="#sSpan764" value="ⲉⲧ"/>
		<feat xlink:href="#sSpan766" value="ⲟⲩⲁⲁⲃ"/>
		<feat xlink:href="#sSpan769" value="ⲁⲩⲱ"/>
		<feat xlink:href="#sSpan776" value="ⲛⲉⲩ"/>
		<feat xlink:href="#sSpan781" value="ϩⲃⲏⲩⲉ"/>
		<feat xlink:href="#sSpan783" value="ϣⲁϩⲣⲁⲓ"/>
		<feat xlink:href="#sSpan788" value="ⲉ"/>
		<feat xlink:href="#sSpan792" value="ⲛ"/>
		<feat xlink:href="#sSpan795" value="ⲉⲛⲧ"/>
		<feat xlink:href="#sSpan797" value="ⲁ"/>
		<feat xlink:href="#sSpan799" value="ⲩ"/>
		<feat xlink:href="#sSpan802" value="ⲣⲙⲁⲣⲧⲏⲣⲟⲥ"/>
		<feat xlink:href="#sSpan807" value="ϩⲛ"/>
		<feat xlink:href="#sSpan811" value="ⲙⲁ"/>
		<feat xlink:href="#sSpan815" value="ⲛⲓⲙ"/>
		<feat xlink:href="#sSpan819" value="ⲉϫⲛ"/>
		<feat xlink:href="#sSpan823" value="ⲡ"/>
		<feat xlink:href="#sSpan826" value="ⲣⲁⲛ"/>
		<feat xlink:href="#sSpan829" value="ⲓ︤ⲥ︥"/>
		<feat xlink:href="#sSpan835" value="ⲧⲛ"/>
		<feat xlink:href="#sSpan842" value="ϣⲁϫⲉ"/>
		<feat xlink:href="#sSpan845" value="ⲇⲉ"/>
		<feat xlink:href="#sSpan849" value="ⲟⲛ"/>
		<feat xlink:href="#sSpan853" value="ⲁⲩⲱ"/>
		<feat xlink:href="#sSpan857" value="ⲧⲛ"/>
		<feat xlink:href="#sSpan862" value="ⲥⲱⲧⲙ"/>
		<feat xlink:href="#sSpan864" value="ⲟⲛ"/>
		<feat xlink:href="#sSpan868" value="ⲁⲛⲟⲛ"/>
		<feat xlink:href="#sSpan872" value="ⲛ"/>
		<feat xlink:href="#sSpan878" value="ⲉⲧ"/>
		<feat xlink:href="#sSpan880" value="ⲛ"/>
		<feat xlink:href="#sSpan882" value="ⲥⲉ"/>
		<feat xlink:href="#sSpan884" value="ⲉⲙⲡϣⲁ"/>
		<feat xlink:href="#sSpan886" value="ⲁⲛ"/>
		<feat xlink:href="#sSpan891" value="·"/>
		<feat xlink:href="#sSpan895" value="ϫⲉ"/>
		<feat xlink:href="#sSpan899" value="ϯ"/>
		<feat xlink:href="#sSpan902" value="ⲡⲁⲣⲁⲕⲁⲗⲉⲓ̈"/>
		<feat xlink:href="#sSpan906" value="ⲛ"/>
		<feat xlink:href="#sSpan910" value="ⲛⲉ"/>
		<feat xlink:href="#sSpan914" value="ⲡⲣⲉⲥⲃⲩⲧⲉⲣⲟⲥ"/>
		<feat xlink:href="#sSpan917" value="ⲉⲧⲉ"/>
		<feat xlink:href="#sSpan921" value="ⲛϩⲏⲧ"/>
		<feat xlink:href="#sSpan923" value="ⲧⲏⲩⲧⲛ"/>
		<feat xlink:href="#sSpan927" value="ϩⲱⲥ"/>
		<feat xlink:href="#sSpan933" value="ϣⲃⲏⲣⲡⲣⲉⲥⲃⲩⲧⲉⲣⲟⲥ"/>
		<feat xlink:href="#sSpan941" value="·"/>
		<feat xlink:href="#sSpan945" value="ⲁⲩⲱ"/>
		<feat xlink:href="#sSpan950" value="ⲙ"/>
		<feat xlink:href="#sSpan954" value="ⲙⲛⲧⲣⲉ"/>
		<feat xlink:href="#sSpan958" value="ⲛ"/>
		<feat xlink:href="#sSpan962" value="ⲙ"/>
		<feat xlink:href="#sSpan965" value="ⲙⲟϩⲕⲥ"/>
		<feat xlink:href="#sSpan967" value="ⲙ"/>
		<feat xlink:href="#sSpan971" value="ⲡⲉ"/>
		<feat xlink:href="#sSpan976" value="ⲭ︤ⲥ︥"/>
		<feat xlink:href="#sSpan978" value="·"/>
		<feat xlink:href="#sSpan983" value="ⲡ"/>
		<feat xlink:href="#sSpan991" value="ⲉⲧ"/>
		<feat xlink:href="#sSpan993" value="ⲛⲁ"/>
		<feat xlink:href="#sSpan995" value="ϫⲟⲟ"/>
		<feat xlink:href="#sSpan997" value="ⲥ"/>
		<feat xlink:href="#sSpan999" value="ⲛⲁ"/>
		<feat xlink:href="#sSpan1003" value="ⲛ"/>
		<feat xlink:href="#sSpan1005" value="ϫⲉ"/>
		<feat xlink:href="#sSpan1010" value="ⲛ"/>
		<feat xlink:href="#sSpan1012" value="ⲧⲛ"/>
		<feat xlink:href="#sSpan1014" value="ⲥⲟⲟⲩⲛ"/>
		<feat xlink:href="#sSpan1016" value="ⲁⲛ"/>
		<feat xlink:href="#sSpan1021" value="ⲙ"/>
		<feat xlink:href="#sSpan1025" value="ⲡ"/>
		<feat xlink:href="#sSpan1028" value="ⲛⲟⲩⲧⲉ"/>
		<feat xlink:href="#sSpan1030" value="·"/>
		<feat xlink:href="#sSpan1035" value="ⲟⲩⲇⲉ"/>
		<feat xlink:href="#sSpan1041" value="ⲡⲉϥ"/>
		<feat xlink:href="#sSpan1047" value="ⲛⲟⲙⲟⲥ"/>
		<feat xlink:href="#sSpan1049" value="ϣⲁ"/>
		<feat xlink:href="#sSpan1054" value="ⲛ"/>
		<feat xlink:href="#sSpan1056" value="ϭⲱⲛⲧ"/>
		<feat xlink:href="#sSpan1058" value="ⲉⲣⲟ"/>
		<feat xlink:href="#sSpan1062" value="ϥ"/>
		<feat xlink:href="#sSpan1064" value="ⲧⲛ"/>
		<feat xlink:href="#sSpan1069" value="ⲉⲓⲣⲉ"/>
		<feat xlink:href="#sSpan1072" value="ⲇⲉ"/>
		<feat xlink:href="#sSpan1076" value="ϩⲱⲱ"/>
		<feat xlink:href="#sSpan1081" value="ϥ"/>
		<feat xlink:href="#sSpan1083" value="ⲛ"/>
		<feat xlink:href="#sSpan1087" value="ⲛⲉ"/>
		<feat xlink:href="#sSpan1090" value="ϩⲃⲏⲩⲉ"/>
		<feat xlink:href="#sSpan1092" value="ⲙ"/>
		<feat xlink:href="#sSpan1098" value="ⲙⲛⲧⲁⲧⲛⲟⲩⲧⲉ"/>
		<feat xlink:href="#sSpan1104" value="·"/>
		<feat xlink:href="#sSpan1108" value="ⲟⲩ"/>
		<feat xlink:href="#sSpan1113" value="ϭⲉ"/>
		<feat xlink:href="#sSpan1117" value="ⲡ"/>
		<feat xlink:href="#sSpan1124" value="ⲉⲧ"/>
		<feat xlink:href="#sSpan1126" value="ⲛ"/>
		<feat xlink:href="#sSpan1128" value="ⲛⲁ"/>
		<feat xlink:href="#sSpan1130" value="ϫⲟⲟ"/>
		<feat xlink:href="#sSpan1132" value="ϥ"/>
		<feat xlink:href="#sSpan1134" value="ⲛⲁϩⲣⲛ"/>
		<feat xlink:href="#sSpan1140" value="ⲛⲉⲓ̈"/>
		<feat xlink:href="#sSpan1143" value="ϣⲁϫⲉ"/>
		<feat xlink:href="#sSpan1145" value="·"/>
		<feat xlink:href="#sSpan1149" value="ϫⲉ"/>
		<feat xlink:href="#sSpan1153" value="ⲟⲩⲟⲛ"/>
		<feat xlink:href="#sSpan1158" value="ⲛⲓ̈ⲙ"/>
		<feat xlink:href="#sSpan1162" value="ⲉⲧⲉ"/>
		<feat xlink:href="#sSpan1167" value="ⲣⲛⲟⲃⲉ"/>
		<feat xlink:href="#sSpan1171" value="·"/>
		<feat xlink:href="#sSpan1175" value="ⲙⲡⲉ"/>
		<feat xlink:href="#sSpan1180" value="ϥ"/>
		<feat xlink:href="#sSpan1182" value="ⲛⲁⲩ"/>
		<feat xlink:href="#sSpan1184" value="ⲉⲣⲟ"/>
		<feat xlink:href="#sSpan1189" value="ϥ"/>
		<feat xlink:href="#sSpan1192" value="ⲟⲩⲇⲉ"/>
		<feat xlink:href="#sSpan1196" value="ⲙⲡⲉ"/>
		<feat xlink:href="#sSpan1200" value="ϥ"/>
		<feat xlink:href="#sSpan1202" value="ⲥⲟⲩⲱⲛ"/>
		<feat xlink:href="#sSpan1205" value="ϥ"/>
		<feat xlink:href="#sSpan1207" value="·"/>
		<feat xlink:href="#sSpan1213" value="ⲙⲏ"/>
		<feat xlink:href="#sSpan1220" value="ⲡ"/>
		<feat xlink:href="#sSpan1225" value="ⲟⲩⲉⲓ̈ⲏ"/>
		<feat xlink:href="#sSpan1227" value="ⲟⲩⲉϣ"/>
		<feat xlink:href="#sSpan1229" value="ⲡ"/>
		<feat xlink:href="#sSpan1235" value="ϣⲏⲛ"/>
		<feat xlink:href="#sSpan1237" value="ⲁⲛ"/>
		<feat xlink:href="#sSpan1241" value="·"/>
		<feat xlink:href="#sSpan1246" value="ⲟⲩ"/>
		<feat xlink:href="#sSpan1252" value="ⲙⲟⲛⲟⲛ"/>
		<feat xlink:href="#sSpan1257" value="ϫⲉ"/>
		<feat xlink:href="#sSpan1261" value="ϥ"/>
		<feat xlink:href="#sSpan1263" value="ⲟⲩⲟⲟⲗⲉ"/>
		<feat xlink:href="#sSpan1266" value="ϩⲁ"/>
		<feat xlink:href="#sSpan1270" value="ⲡⲉϥ"/>
		<feat xlink:href="#sSpan1273" value="ⲟⲩⲧⲁϩ"/>
		<feat xlink:href="#sSpan1276" value="·"/>
		<feat xlink:href="#sSpan1281" value="ⲁⲗⲗⲁ"/>
		<feat xlink:href="#sSpan1285" value="ⲉ"/>
		<feat xlink:href="#sSpan1289" value="ϥ"/>
		<feat xlink:href="#sSpan1291" value="ⲱⲗ"/>
		<feat xlink:href="#sSpan1293" value="ⲟⲛ"/>
		<feat xlink:href="#sSpan1298" value="ⲙⲙⲟ"/>
		<feat xlink:href="#sSpan1302" value="ϥ"/>
		<feat xlink:href="#sSpan1304" value="·"/>
		<feat xlink:href="#sSpan1310" value="ⲙⲏ"/>
		<feat xlink:href="#sSpan1317" value="ⲛ"/>
		<feat xlink:href="#sSpan1321" value="ϥ"/>
		<feat xlink:href="#sSpan1323" value="ⲥⲏϩ"/>
		<feat xlink:href="#sSpan1325" value="ⲁⲛ"/>
		<feat xlink:href="#sSpan1329" value="ϫⲉ"/>
		<feat xlink:href="#sSpan1333" value="ϣⲏⲛ"/>
		<feat xlink:href="#sSpan1338" value="ⲛⲓⲙ"/>
		<feat xlink:href="#sSpan1342" value="ⲉⲧⲉ"/>
		<feat xlink:href="#sSpan1346" value="ⲛ"/>
		<feat xlink:href="#sSpan1348" value="ϥ"/>
		<feat xlink:href="#sSpan1350" value="ⲛⲁ"/>
		<feat xlink:href="#sSpan1353" value="ⲉⲓⲣⲉ"/>
		<feat xlink:href="#sSpan1355" value="ⲁⲛ"/>
		<feat xlink:href="#sSpan1359" value="ⲉ"/>
		<feat xlink:href="#sSpan1363" value="ⲛⲟⲩ"/>
		<feat xlink:href="#sSpan1367" value="ⲕⲁⲣⲡⲟⲥ"/>
		<feat xlink:href="#sSpan1370" value="ⲉ"/>
		<feat xlink:href="#sSpan1374" value="ⲛⲁⲛⲟⲩ"/>
		<feat xlink:href="#sSpan1376" value="ϥ"/>
		<feat xlink:href="#sSpan1378" value="ⲥⲉ"/>
		<feat xlink:href="#sSpan1383" value="ⲛⲁ"/>
		<feat xlink:href="#sSpan1385" value="ⲕⲟⲟⲣⲉ"/>
		<feat xlink:href="#sSpan1387" value="ϥ"/>
		<feat xlink:href="#sSpan1389" value="ⲛ"/>
		<feat xlink:href="#sSpan1393" value="ⲥⲉ"/>
		<feat xlink:href="#sSpan1396" value="ⲛⲟϫ"/>
		<feat xlink:href="#sSpan1398" value="ϥ"/>
		<feat xlink:href="#sSpan1400" value="ⲉ"/>
		<feat xlink:href="#sSpan1404" value="ⲧ"/>
		<feat xlink:href="#sSpan1407" value="ⲥⲁⲧⲉ"/>
		<feat xlink:href="#sSpan1410" value="ⲉϣϫⲉ"/>
		<feat xlink:href="#sSpan1417" value="ⲛ"/>
		<feat xlink:href="#sSpan1422" value="ⲉⲧ"/>
		<feat xlink:href="#sSpan1424" value="ⲟⲩⲁⲁⲃ"/>
		<feat xlink:href="#sSpan1426" value="ⲁⲩⲱ"/>
		<feat xlink:href="#sSpan1431" value="ⲛⲉⲛ"/>
		<feat xlink:href="#sSpan1436" value="ⲉⲓⲟⲧⲉ"/>
		<feat xlink:href="#sSpan1438" value="·"/>
		<feat xlink:href="#sSpan1443" value="ⲡⲣⲟⲫⲏⲧⲏⲥ"/>
		<feat xlink:href="#sSpan1449" value="·"/>
		<feat xlink:href="#sSpan1453" value="ⲁⲩⲱ"/>
		<feat xlink:href="#sSpan1457" value="ⲛ"/>
		<feat xlink:href="#sSpan1464" value="ⲁⲡⲟⲥⲧⲟⲗⲟⲥ"/>
		<feat xlink:href="#sSpan1466" value="·"/>
		<feat xlink:href="#sSpan1470" value="ⲙⲛ"/>
		<feat xlink:href="#sSpan1475" value="ⲛⲛ"/>
		<feat xlink:href="#sSpan1480" value="ⲇⲉⲓ̈ⲕⲁⲓ̈ⲟⲥ"/>
		<feat xlink:href="#sSpan1482" value="ⲧⲏⲣ"/>
		<feat xlink:href="#sSpan1487" value="ⲟⲩ"/>
		<feat xlink:href="#sSpan1489" value="·"/>
		<feat xlink:href="#sSpan1493" value="ⲁ"/>
		<feat xlink:href="#sSpan1498" value="ⲩ"/>
		<feat xlink:href="#sSpan1500" value="ϫⲟⲟ"/>
		<feat xlink:href="#sSpan1503" value="ⲥ"/>
		<feat xlink:href="#sSpan1505" value="ⲉⲧⲃⲏⲧ"/>
		<feat xlink:href="#sSpan1509" value="ⲟⲩ"/>
		<feat xlink:href="#sSpan1511" value="·"/>
		<feat xlink:href="#sSpan1515" value="ϫⲉ"/></featList></paula>