<?xml version='1.0' encoding='UTF-8'?><!DOCTYPE paula SYSTEM "paula_feat.dtd">
<paula version="1.1">
	<header paula_id="scriptorium.GF17-18.mark_morph"/>
	<featList xmlns:xlink="http://www.w3.org/1999/xlink" type="morph" xml:base="scriptorium.GF17-18.mark.xml">
		<feat xlink:href="#sSpan63" value="ϯ"/>
		<feat xlink:href="#sSpan66" value="ϣⲓⲡⲉ"/>
		<feat xlink:href="#sSpan173" value="ⲙⲁⲓ"/>
		<feat xlink:href="#sSpan176" value="ⲛⲟⲃⲉ"/>
		<feat xlink:href="#sSpan222" value="ⲁⲧ"/>
		<feat xlink:href="#sSpan225" value="ⲛⲟⲃⲉ"/>
		<feat xlink:href="#sSpan275" value="ⲣ"/>
		<feat xlink:href="#sSpan278" value="ⲛⲟⲃⲉ"/>
		<feat xlink:href="#sSpan411" value="ⲁⲧ"/>
		<feat xlink:href="#sSpan415" value="ⲛⲟⲃⲉ"/>
		<feat xlink:href="#sSpan567" value="ⲁⲧ"/>
		<feat xlink:href="#sSpan570" value="ⲛⲟⲩⲧⲉ"/>
		<feat xlink:href="#sSpan609" value="ⲣ"/>
		<feat xlink:href="#sSpan612" value="ⲛⲟⲃⲉ"/>
		<feat xlink:href="#sSpan625" value="ⲣ"/>
		<feat xlink:href="#sSpan628" value="ⲛⲟⲃⲉ"/>
		<feat xlink:href="#sSpan657" value="ⲙⲁⲓ"/>
		<feat xlink:href="#sSpan661" value="ⲛⲟⲩⲧⲉ"/>
		<feat xlink:href="#sSpan800" value="ⲣ"/>
		<feat xlink:href="#sSpan804" value="ⲙⲁⲣⲧⲏⲣⲟⲥ"/>
		<feat xlink:href="#sSpan930" value="ϣⲃⲏⲣ"/>
		<feat xlink:href="#sSpan937" value="ⲡⲣⲉⲥⲃⲩⲧⲉⲣⲟⲥ"/>
		<feat xlink:href="#sSpan1096" value="ⲙⲛⲧ"/>
		<feat xlink:href="#sSpan1100" value="ⲁⲧ"/>
		<feat xlink:href="#sSpan1101" value="ⲛⲟⲩⲧⲉ"/>
		<feat xlink:href="#sSpan1165" value="ⲣ"/>
		<feat xlink:href="#sSpan1168" value="ⲛⲟⲃⲉ"/></featList></paula>