<?xml version='1.0' encoding='UTF-8'?><!DOCTYPE paula SYSTEM "paula_feat.dtd">
<paula version="1.1">
	<header paula_id="scriptorium.GF17-18.mark_norm"/>
	<featList xmlns:xlink="http://www.w3.org/1999/xlink" type="norm" xml:base="scriptorium.GF17-18.mark.xml">
		<feat xlink:href="#sSpan2" value="ⲛ"/>
		<feat xlink:href="#sSpan12" value="ⲉⲧ"/>
		<feat xlink:href="#sSpan14" value="ⲉⲓⲣⲉ"/>
		<feat xlink:href="#sSpan17" value="ⲛ"/>
		<feat xlink:href="#sSpan21" value="ⲛ"/>
		<feat xlink:href="#sSpan24" value="ⲉⲧⲉ"/>
		<feat xlink:href="#sSpan26" value="ⲙⲉ"/>
		<feat xlink:href="#sSpan28" value="ϣϣⲉ"/>
		<feat xlink:href="#sSpan31" value="ϩⲣⲁⲓ"/>
		<feat xlink:href="#sSpan35" value="ⲛϩⲏⲧ"/>
		<feat xlink:href="#sSpan39" value="ⲛ"/>
		<feat xlink:href="#sSpan41" value="ⲧⲁⲓ"/>
		<feat xlink:href="#sSpan47" value="ⲧⲉ"/>
		<feat xlink:href="#sSpan51" value="ⲧ"/>
		<feat xlink:href="#sSpan55" value="ϩⲉ"/>
		<feat xlink:href="#sSpan57" value="ⲉⲧ"/>
		<feat xlink:href="#sSpan61" value="ⲛ"/>
		<feat xlink:href="#sSpan64" value="ϯϣⲓⲡⲉ"/>
		<feat xlink:href="#sSpan68" value="ⲛ"/>
		<feat xlink:href="#sSpan72" value="ⲛ"/>
		<feat xlink:href="#sSpan76" value="ⲁⲅⲁⲑⲟⲥ"/>
		<feat xlink:href="#sSpan78" value="ⲉⲧ"/>
		<feat xlink:href="#sSpan83" value="ⲛϩⲏⲧ"/>
		<feat xlink:href="#sSpan85" value="ⲛ"/>
		<feat xlink:href="#sSpan87" value="ⲉⲧ"/>
		<feat xlink:href="#sSpan91" value="ⲉⲓⲣⲉ"/>
		<feat xlink:href="#sSpan94" value="ⲙ"/>
		<feat xlink:href="#sSpan98" value="ⲡ"/>
		<feat xlink:href="#sSpan102" value="ⲁⲅⲁⲑⲟⲛ"/>
		<feat xlink:href="#sSpan104" value="ⲁⲛⲟⲛ"/>
		<feat xlink:href="#sSpan109" value="ⲛ"/>
		<feat xlink:href="#sSpan114" value="ⲉⲧ"/>
		<feat xlink:href="#sSpan116" value="ⲉⲓⲣⲉ"/>
		<feat xlink:href="#sSpan118" value="ⲙ"/>
		<feat xlink:href="#sSpan122" value="ⲡ"/>
		<feat xlink:href="#sSpan127" value="ⲡⲟⲛⲏⲣⲟⲛ"/>
		<feat xlink:href="#sSpan129" value="·"/>
		<feat xlink:href="#sSpan135" value="ⲱ"/>
		<feat xlink:href="#sSpan142" value="ⲧⲛ"/>
		<feat xlink:href="#sSpan146" value="ⲟⲩⲟⲛϩ"/>
		<feat xlink:href="#sSpan148" value="ⲉⲃⲟⲗ"/>
		<feat xlink:href="#sSpan152" value="ⲉ"/>
		<feat xlink:href="#sSpan157" value="ⲛ"/>
		<feat xlink:href="#sSpan159" value="ⲟⲩⲏⲣ"/>
		<feat xlink:href="#sSpan161" value="ϫⲉ"/>
		<feat xlink:href="#sSpan165" value="ⲁⲛⲟⲛ"/>
		<feat xlink:href="#sSpan167" value="ϩⲉⲛ"/>
		<feat xlink:href="#sSpan174" value="ⲙⲁⲓⲛⲟⲃⲉ"/>
		<feat xlink:href="#sSpan177" value="·"/>
		<feat xlink:href="#sSpan183" value="ⲛⲱϩⲉ"/>
		<feat xlink:href="#sSpan191" value="ⲁ"/>
		<feat xlink:href="#sSpan195" value="ϥ"/>
		<feat xlink:href="#sSpan197" value="ϣⲱⲡⲉ"/>
		<feat xlink:href="#sSpan199" value="ⲛ"/>
		<feat xlink:href="#sSpan205" value="ⲇⲓⲕⲁⲓⲟⲥ"/>
		<feat xlink:href="#sSpan208" value="·"/>
		<feat xlink:href="#sSpan212" value="ⲁⲩⲱ"/>
		<feat xlink:href="#sSpan216" value="ⲛ"/>
		<feat xlink:href="#sSpan223" value="ⲁⲧⲛⲟⲃⲉ"/>
		<feat xlink:href="#sSpan226" value="ⲉ"/>
		<feat xlink:href="#sSpan230" value="ϥ"/>
		<feat xlink:href="#sSpan232" value="ⲟⲩⲏϩ"/>
		<feat xlink:href="#sSpan235" value="ⲙⲛ"/>
		<feat xlink:href="#sSpan239" value="ⲛ"/>
		<feat xlink:href="#sSpan242" value="ⲉⲛⲧ"/>
		<feat xlink:href="#sSpan244" value="ⲁ"/>
		<feat xlink:href="#sSpan246" value="ⲩ"/>
		<feat xlink:href="#sSpan248" value="ⲕⲁ"/>
		<feat xlink:href="#sSpan251" value="ⲡ"/>
		<feat xlink:href="#sSpan254" value="ⲛⲟⲩⲧⲉ"/>
		<feat xlink:href="#sSpan256" value="ⲛⲥⲱ"/>
		<feat xlink:href="#sSpan261" value="ⲟⲩ"/>
		<feat xlink:href="#sSpan263" value="·"/>
		<feat xlink:href="#sSpan268" value="ⲧⲛ"/>
		<feat xlink:href="#sSpan276" value="ⲣⲛⲟⲃⲉ"/>
		<feat xlink:href="#sSpan280" value="ⲇⲉ"/>
		<feat xlink:href="#sSpan284" value="ϩⲱⲱ"/>
		<feat xlink:href="#sSpan288" value="ⲛ"/>
		<feat xlink:href="#sSpan290" value="ϩⲛ"/>
		<feat xlink:href="#sSpan295" value="ⲧ"/>
		<feat xlink:href="#sSpan298" value="ⲙⲏⲧⲉ"/>
		<feat xlink:href="#sSpan301" value="ⲛ"/>
		<feat xlink:href="#sSpan306" value="ⲛ"/>
		<feat xlink:href="#sSpan309" value="ⲉⲛⲧ"/>
		<feat xlink:href="#sSpan311" value="ⲁ"/>
		<feat xlink:href="#sSpan313" value="ⲩ"/>
		<feat xlink:href="#sSpan315" value="ⲕⲁ"/>
		<feat xlink:href="#sSpan317" value="ⲡ"/>
		<feat xlink:href="#sSpan320" value="ⲛⲟⲃⲉ"/>
		<feat xlink:href="#sSpan322" value="ⲛⲥⲱ"/>
		<feat xlink:href="#sSpan326" value="ⲟⲩ"/>
		<feat xlink:href="#sSpan328" value="ⲉ"/>
		<feat xlink:href="#sSpan333" value="ⲉⲣ…"/>
		<feat xlink:href="#sSpan338" value="ⲗⲱⲧ"/>
		<feat xlink:href="#sSpan346" value="·"/>
		<feat xlink:href="#sSpan350" value="ⲛⲉ"/>
		<feat xlink:href="#sSpan354" value="ϥ"/>
		<feat xlink:href="#sSpan356" value="ⲟⲩⲏϩ"/>
		<feat xlink:href="#sSpan358" value="ⲙⲛ"/>
		<feat xlink:href="#sSpan363" value="ⲛ"/>
		<feat xlink:href="#sSpan366" value="ⲣⲱⲙⲉ"/>
		<feat xlink:href="#sSpan368" value="ⲛ"/>
		<feat xlink:href="#sSpan373" value="ⲡⲟⲛⲏⲣⲟⲥ"/>
		<feat xlink:href="#sSpan377" value="ⲡⲁⲣⲁ"/>
		<feat xlink:href="#sSpan381" value="ⲣⲱⲙⲉ"/>
		<feat xlink:href="#sSpan385" value="ⲛⲓⲙ"/>
		<feat xlink:href="#sSpan389" value="·"/>
		<feat xlink:href="#sSpan393" value="ⲁⲩⲱ"/>
		<feat xlink:href="#sSpan397" value="ⲁ"/>
		<feat xlink:href="#sSpan403" value="ϥ"/>
		<feat xlink:href="#sSpan405" value="ϣⲱⲡⲉ"/>
		<feat xlink:href="#sSpan407" value="ⲛ"/>
		<feat xlink:href="#sSpan412" value="ⲁⲧⲛⲟⲃⲉ"/>
		<feat xlink:href="#sSpan417" value="·"/>
		<feat xlink:href="#sSpan421" value="ⲧⲛ"/>
		<feat xlink:href="#sSpan427" value="ⲟⲩⲏϩ"/>
		<feat xlink:href="#sSpan431" value="ⲇⲉ"/>
		<feat xlink:href="#sSpan436" value="ϩⲱⲱ"/>
		<feat xlink:href="#sSpan440" value="ⲛ"/>
		<feat xlink:href="#sSpan442" value="ⲙⲛ"/>
		<feat xlink:href="#sSpan446" value="ⲛ"/>
		<feat xlink:href="#sSpan449" value="ⲉⲧ"/>
		<feat xlink:href="#sSpan452" value="ⲟⲩⲁⲁⲃ"/>
		<feat xlink:href="#sSpan454" value="ⲉⲧ"/>
		<feat xlink:href="#sSpan458" value="ⲛϩⲏⲧ"/>
		<feat xlink:href="#sSpan461" value="ⲛ"/>
		<feat xlink:href="#sSpan463" value="ⲧⲛ"/>
		<feat xlink:href="#sSpan467" value="ⲉⲓⲣⲉ"/>
		<feat xlink:href="#sSpan469" value="ⲛⲉⲛ"/>
		<feat xlink:href="#sSpan474" value="ⲃⲟⲧⲉ"/>
		<feat xlink:href="#sSpan477" value="ⲙ"/>
		<feat xlink:href="#sSpan481" value="ⲡ"/>
		<feat xlink:href="#sSpan484" value="ⲛⲟⲩⲧⲉ"/>
		<feat xlink:href="#sSpan487" value="ϩⲁϩ"/>
		<feat xlink:href="#sSpan496" value="ⲅⲁⲣ"/>
		<feat xlink:href="#sSpan500" value="ϩⲛ"/>
		<feat xlink:href="#sSpan504" value="ⲛ"/>
		<feat xlink:href="#sSpan507" value="ⲉⲧ"/>
		<feat xlink:href="#sSpan509" value="ⲟⲩⲁⲁⲃ"/>
		<feat xlink:href="#sSpan512" value="ⲧⲏⲣ"/>
		<feat xlink:href="#sSpan516" value="ⲟⲩ"/>
		<feat xlink:href="#sSpan518" value="ϣⲁϩⲣⲁⲓ"/>
		<feat xlink:href="#sSpan523" value="ⲉ"/>
		<feat xlink:href="#sSpan528" value="ⲇⲁⲛⲓⲏⲗ"/>
		<feat xlink:href="#sSpan531" value="ⲙⲛ"/>
		<feat xlink:href="#sSpan536" value="ⲛⲉϥ"/>
		<feat xlink:href="#sSpan539" value="ϣⲃⲉⲉⲣ"/>
		<feat xlink:href="#sSpan541" value="ⲛⲉ"/>
		<feat xlink:href="#sSpan546" value="ⲩ"/>
		<feat xlink:href="#sSpan548" value="ϣⲟⲟⲡ"/>
		<feat xlink:href="#sSpan550" value="ϩⲛ"/>
		<feat xlink:href="#sSpan554" value="ⲧ"/>
		<feat xlink:href="#sSpan558" value="ⲙⲏⲧⲉ"/>
		<feat xlink:href="#sSpan560" value="ⲛ"/>
		<feat xlink:href="#sSpan564" value="ϩⲉⲛ"/>
		<feat xlink:href="#sSpan568" value="ⲁⲧⲛⲟⲩⲧⲉ"/>
		<feat xlink:href="#sSpan572" value="·"/>
		<feat xlink:href="#sSpan576" value="ⲁ"/>
		<feat xlink:href="#sSpan581" value="ⲩ"/>
		<feat xlink:href="#sSpan583" value="ϩⲁⲣⲉϩ"/>
		<feat xlink:href="#sSpan585" value="ⲉ"/>
		<feat xlink:href="#sSpan590" value="ⲩ"/>
		<feat xlink:href="#sSpan592" value="ⲟⲩⲁⲁⲃ"/>
		<feat xlink:href="#sSpan594" value="·"/>
		<feat xlink:href="#sSpan598" value="ⲁⲩⲱ"/>
		<feat xlink:href="#sSpan602" value="ⲙⲡ"/>
		<feat xlink:href="#sSpan607" value="ⲟⲩ"/>
		<feat xlink:href="#sSpan610" value="ⲣⲛⲟⲃⲉ"/>
		<feat xlink:href="#sSpan613" value="·"/>
		<feat xlink:href="#sSpan618" value="ⲧⲛ"/>
		<feat xlink:href="#sSpan626" value="ⲣⲛⲟⲃⲉ"/>
		<feat xlink:href="#sSpan630" value="ⲇⲉ"/>
		<feat xlink:href="#sSpan634" value="ϩⲱⲱ"/>
		<feat xlink:href="#sSpan638" value="ⲛ"/>
		<feat xlink:href="#sSpan640" value="ϩⲛ"/>
		<feat xlink:href="#sSpan645" value="ⲧ"/>
		<feat xlink:href="#sSpan648" value="ⲙⲏⲧⲉ"/>
		<feat xlink:href="#sSpan650" value="ⲛ"/>
		<feat xlink:href="#sSpan654" value="ⲙ"/>
		<feat xlink:href="#sSpan658" value="ⲙⲁⲓⲛⲟⲩⲧⲉ"/>
		<feat xlink:href="#sSpan662" value="·"/>
		<feat xlink:href="#sSpan666" value="ⲧⲛ"/>
		<feat xlink:href="#sSpan671" value="ⲥⲟⲟⲩϩ"/>
		<feat xlink:href="#sSpan674" value="ⲉϩⲟⲩⲛ"/>
		<feat xlink:href="#sSpan678" value="ⲛⲙⲙⲁ"/>
		<feat xlink:href="#sSpan683" value="ⲩ"/>
		<feat xlink:href="#sSpan685" value="ⲛⲧⲟϥ"/>
		<feat xlink:href="#sSpan689" value="ⲧⲛ"/>
		<feat xlink:href="#sSpan693" value="ⲧⲁⲩⲟ"/>
		<feat xlink:href="#sSpan696" value="ⲙ"/>
		<feat xlink:href="#sSpan700" value="ⲡ"/>
		<feat xlink:href="#sSpan703" value="ⲣⲁⲛ"/>
		<feat xlink:href="#sSpan705" value="ⲙ"/>
		<feat xlink:href="#sSpan709" value="ⲡ"/>
		<feat xlink:href="#sSpan713" value="ⲛⲟⲩⲧⲉ"/>
		<feat xlink:href="#sSpan715" value="ⲧⲏⲣ"/>
		<feat xlink:href="#sSpan719" value="ⲛ"/>
		<feat xlink:href="#sSpan721" value="ⲁⲩⲱ"/>
		<feat xlink:href="#sSpan726" value="ⲛⲉϥ"/>
		<feat xlink:href="#sSpan732" value="ⲁⲅⲅⲉⲗⲟⲥ"/>
		<feat xlink:href="#sSpan735" value="·"/>
		<feat xlink:href="#sSpan739" value="ⲧⲛ"/>
		<feat xlink:href="#sSpan744" value="ϣⲁϫⲉ"/>
		<feat xlink:href="#sSpan747" value="ⲇⲉ"/>
		<feat xlink:href="#sSpan752" value="ⲟⲛ"/>
		<feat xlink:href="#sSpan756" value="ⲉ"/>
		<feat xlink:href="#sSpan760" value="ⲛ"/>
		<feat xlink:href="#sSpan763" value="ⲉⲧ"/>
		<feat xlink:href="#sSpan765" value="ⲟⲩⲁⲁⲃ"/>
		<feat xlink:href="#sSpan768" value="ⲁⲩⲱ"/>
		<feat xlink:href="#sSpan775" value="ⲛⲉⲩ"/>
		<feat xlink:href="#sSpan780" value="ϩⲃⲏⲩⲉ"/>
		<feat xlink:href="#sSpan782" value="ϣⲁϩⲣⲁⲓ"/>
		<feat xlink:href="#sSpan787" value="ⲉ"/>
		<feat xlink:href="#sSpan791" value="ⲛ"/>
		<feat xlink:href="#sSpan794" value="ⲉⲛⲧ"/>
		<feat xlink:href="#sSpan796" value="ⲁ"/>
		<feat xlink:href="#sSpan798" value="ⲩ"/>
		<feat xlink:href="#sSpan801" value="ⲣⲙⲁⲣⲧⲏⲣⲟⲥ"/>
		<feat xlink:href="#sSpan806" value="ϩⲛ"/>
		<feat xlink:href="#sSpan810" value="ⲙⲁ"/>
		<feat xlink:href="#sSpan814" value="ⲛⲓⲙ"/>
		<feat xlink:href="#sSpan818" value="ⲉϫⲛ"/>
		<feat xlink:href="#sSpan822" value="ⲡ"/>
		<feat xlink:href="#sSpan825" value="ⲣⲁⲛ"/>
		<feat xlink:href="#sSpan828" value="ⲓⲏⲥⲟⲩⲥ"/>
		<feat xlink:href="#sSpan834" value="ⲧⲛ"/>
		<feat xlink:href="#sSpan841" value="ϣⲁϫⲉ"/>
		<feat xlink:href="#sSpan844" value="ⲇⲉ"/>
		<feat xlink:href="#sSpan848" value="ⲟⲛ"/>
		<feat xlink:href="#sSpan852" value="ⲁⲩⲱ"/>
		<feat xlink:href="#sSpan856" value="ⲧⲛ"/>
		<feat xlink:href="#sSpan861" value="ⲥⲱⲧⲙ"/>
		<feat xlink:href="#sSpan863" value="ⲟⲛ"/>
		<feat xlink:href="#sSpan867" value="ⲁⲛⲟⲛ"/>
		<feat xlink:href="#sSpan871" value="ⲛ"/>
		<feat xlink:href="#sSpan877" value="ⲉⲧ"/>
		<feat xlink:href="#sSpan879" value="ⲛ"/>
		<feat xlink:href="#sSpan881" value="ⲥⲉ"/>
		<feat xlink:href="#sSpan883" value="ⲉⲙⲡϣⲁ"/>
		<feat xlink:href="#sSpan885" value="ⲁⲛ"/>
		<feat xlink:href="#sSpan890" value="·"/>
		<feat xlink:href="#sSpan894" value="ϫⲉ"/>
		<feat xlink:href="#sSpan898" value="ϯ"/>
		<feat xlink:href="#sSpan901" value="ⲡⲁⲣⲁⲕⲁⲗⲉⲓ"/>
		<feat xlink:href="#sSpan905" value="ⲛ"/>
		<feat xlink:href="#sSpan909" value="ⲛⲉ"/>
		<feat xlink:href="#sSpan913" value="ⲡⲣⲉⲥⲃⲩⲧⲉⲣⲟⲥ"/>
		<feat xlink:href="#sSpan916" value="ⲉⲧⲉ"/>
		<feat xlink:href="#sSpan920" value="ⲛϩⲏⲧ"/>
		<feat xlink:href="#sSpan922" value="ⲧⲏⲩⲧⲛ"/>
		<feat xlink:href="#sSpan926" value="ϩⲱⲥ"/>
		<feat xlink:href="#sSpan932" value="ϣⲃⲏⲣⲡⲣⲉⲥⲃⲩⲧⲉⲣⲟⲥ"/>
		<feat xlink:href="#sSpan940" value="·"/>
		<feat xlink:href="#sSpan944" value="ⲁⲩⲱ"/>
		<feat xlink:href="#sSpan949" value="ⲙ"/>
		<feat xlink:href="#sSpan953" value="ⲙⲛⲧⲣⲉ"/>
		<feat xlink:href="#sSpan957" value="ⲛ"/>
		<feat xlink:href="#sSpan961" value="ⲙ"/>
		<feat xlink:href="#sSpan964" value="ⲙⲟϩⲕⲥ"/>
		<feat xlink:href="#sSpan966" value="ⲙ"/>
		<feat xlink:href="#sSpan970" value="ⲡⲉ"/>
		<feat xlink:href="#sSpan975" value="ⲭⲣⲓⲥⲧⲟⲥ"/>
		<feat xlink:href="#sSpan977" value="·"/>
		<feat xlink:href="#sSpan982" value="ⲡ"/>
		<feat xlink:href="#sSpan990" value="ⲉⲧ"/>
		<feat xlink:href="#sSpan992" value="ⲛⲁ"/>
		<feat xlink:href="#sSpan994" value="ϫⲟⲟ"/>
		<feat xlink:href="#sSpan996" value="ⲥ"/>
		<feat xlink:href="#sSpan998" value="ⲛⲁ"/>
		<feat xlink:href="#sSpan1002" value="ⲛ"/>
		<feat xlink:href="#sSpan1004" value="ϫⲉ"/>
		<feat xlink:href="#sSpan1009" value="ⲛ"/>
		<feat xlink:href="#sSpan1011" value="ⲧⲛ"/>
		<feat xlink:href="#sSpan1013" value="ⲥⲟⲟⲩⲛ"/>
		<feat xlink:href="#sSpan1015" value="ⲁⲛ"/>
		<feat xlink:href="#sSpan1020" value="ⲙ"/>
		<feat xlink:href="#sSpan1024" value="ⲡ"/>
		<feat xlink:href="#sSpan1027" value="ⲛⲟⲩⲧⲉ"/>
		<feat xlink:href="#sSpan1029" value="·"/>
		<feat xlink:href="#sSpan1034" value="ⲟⲩⲇⲉ"/>
		<feat xlink:href="#sSpan1040" value="ⲡⲉϥ"/>
		<feat xlink:href="#sSpan1046" value="ⲛⲟⲙⲟⲥ"/>
		<feat xlink:href="#sSpan1048" value="ϣⲁ"/>
		<feat xlink:href="#sSpan1053" value="ⲛ"/>
		<feat xlink:href="#sSpan1055" value="ϭⲱⲛⲧ"/>
		<feat xlink:href="#sSpan1057" value="ⲉⲣⲟ"/>
		<feat xlink:href="#sSpan1061" value="ϥ"/>
		<feat xlink:href="#sSpan1063" value="ⲧⲛ"/>
		<feat xlink:href="#sSpan1068" value="ⲉⲓⲣⲉ"/>
		<feat xlink:href="#sSpan1071" value="ⲇⲉ"/>
		<feat xlink:href="#sSpan1075" value="ϩⲱⲱ"/>
		<feat xlink:href="#sSpan1080" value="ϥ"/>
		<feat xlink:href="#sSpan1082" value="ⲛ"/>
		<feat xlink:href="#sSpan1086" value="ⲛⲉ"/>
		<feat xlink:href="#sSpan1089" value="ϩⲃⲏⲩⲉ"/>
		<feat xlink:href="#sSpan1091" value="ⲙ"/>
		<feat xlink:href="#sSpan1097" value="ⲙⲛⲧⲁⲧⲛⲟⲩⲧⲉ"/>
		<feat xlink:href="#sSpan1103" value="·"/>
		<feat xlink:href="#sSpan1107" value="ⲟⲩ"/>
		<feat xlink:href="#sSpan1112" value="ϭⲉ"/>
		<feat xlink:href="#sSpan1116" value="ⲡ"/>
		<feat xlink:href="#sSpan1123" value="ⲉⲧ"/>
		<feat xlink:href="#sSpan1125" value="ⲛ"/>
		<feat xlink:href="#sSpan1127" value="ⲛⲁ"/>
		<feat xlink:href="#sSpan1129" value="ϫⲟⲟ"/>
		<feat xlink:href="#sSpan1131" value="ϥ"/>
		<feat xlink:href="#sSpan1133" value="ⲛⲁϩⲣⲛ"/>
		<feat xlink:href="#sSpan1139" value="ⲛⲉⲓ"/>
		<feat xlink:href="#sSpan1142" value="ϣⲁϫⲉ"/>
		<feat xlink:href="#sSpan1144" value="·"/>
		<feat xlink:href="#sSpan1148" value="ϫⲉ"/>
		<feat xlink:href="#sSpan1152" value="ⲟⲩⲟⲛ"/>
		<feat xlink:href="#sSpan1157" value="ⲛⲓⲙ"/>
		<feat xlink:href="#sSpan1161" value="ⲉⲧⲉ"/>
		<feat xlink:href="#sSpan1166" value="ⲣⲛⲟⲃⲉ"/>
		<feat xlink:href="#sSpan1170" value="·"/>
		<feat xlink:href="#sSpan1174" value="ⲙⲡⲉ"/>
		<feat xlink:href="#sSpan1179" value="ϥ"/>
		<feat xlink:href="#sSpan1181" value="ⲛⲁⲩ"/>
		<feat xlink:href="#sSpan1183" value="ⲉⲣⲟ"/>
		<feat xlink:href="#sSpan1188" value="ϥ"/>
		<feat xlink:href="#sSpan1191" value="ⲟⲩⲇⲉ"/>
		<feat xlink:href="#sSpan1195" value="ⲙⲡⲉ"/>
		<feat xlink:href="#sSpan1199" value="ϥ"/>
		<feat xlink:href="#sSpan1201" value="ⲥⲟⲩⲱⲛ"/>
		<feat xlink:href="#sSpan1204" value="ϥ"/>
		<feat xlink:href="#sSpan1206" value="·"/>
		<feat xlink:href="#sSpan1212" value="ⲙⲏ"/>
		<feat xlink:href="#sSpan1219" value="ⲡ"/>
		<feat xlink:href="#sSpan1224" value="ⲟⲩⲉⲓⲏ"/>
		<feat xlink:href="#sSpan1226" value="ⲟⲩⲉϣ"/>
		<feat xlink:href="#sSpan1228" value="ⲡ"/>
		<feat xlink:href="#sSpan1234" value="ϣⲏⲛ"/>
		<feat xlink:href="#sSpan1236" value="ⲁⲛ"/>
		<feat xlink:href="#sSpan1240" value="·"/>
		<feat xlink:href="#sSpan1245" value="ⲟⲩ"/>
		<feat xlink:href="#sSpan1251" value="ⲙⲟⲛⲟⲛ"/>
		<feat xlink:href="#sSpan1256" value="ϫⲉ"/>
		<feat xlink:href="#sSpan1260" value="ϥ"/>
		<feat xlink:href="#sSpan1262" value="ⲟⲩⲟⲟⲗⲉ"/>
		<feat xlink:href="#sSpan1265" value="ϩⲁ"/>
		<feat xlink:href="#sSpan1269" value="ⲡⲉϥ"/>
		<feat xlink:href="#sSpan1272" value="ⲟⲩⲧⲁϩ"/>
		<feat xlink:href="#sSpan1275" value="·"/>
		<feat xlink:href="#sSpan1280" value="ⲁⲗⲗⲁ"/>
		<feat xlink:href="#sSpan1284" value="ⲉ"/>
		<feat xlink:href="#sSpan1288" value="ϥ"/>
		<feat xlink:href="#sSpan1290" value="ⲱⲗ"/>
		<feat xlink:href="#sSpan1292" value="ⲟⲛ"/>
		<feat xlink:href="#sSpan1297" value="ⲙⲙⲟ"/>
		<feat xlink:href="#sSpan1301" value="ϥ"/>
		<feat xlink:href="#sSpan1303" value="·"/>
		<feat xlink:href="#sSpan1309" value="ⲙⲏ"/>
		<feat xlink:href="#sSpan1316" value="ⲛ"/>
		<feat xlink:href="#sSpan1320" value="ϥ"/>
		<feat xlink:href="#sSpan1322" value="ⲥⲏϩ"/>
		<feat xlink:href="#sSpan1324" value="ⲁⲛ"/>
		<feat xlink:href="#sSpan1328" value="ϫⲉ"/>
		<feat xlink:href="#sSpan1332" value="ϣⲏⲛ"/>
		<feat xlink:href="#sSpan1337" value="ⲛⲓⲙ"/>
		<feat xlink:href="#sSpan1341" value="ⲉⲧⲉ"/>
		<feat xlink:href="#sSpan1345" value="ⲛ"/>
		<feat xlink:href="#sSpan1347" value="ϥ"/>
		<feat xlink:href="#sSpan1349" value="ⲛⲁ"/>
		<feat xlink:href="#sSpan1352" value="ⲉⲓⲣⲉ"/>
		<feat xlink:href="#sSpan1354" value="ⲁⲛ"/>
		<feat xlink:href="#sSpan1358" value="ⲉ"/>
		<feat xlink:href="#sSpan1362" value="ⲛⲟⲩ"/>
		<feat xlink:href="#sSpan1366" value="ⲕⲁⲣⲡⲟⲥ"/>
		<feat xlink:href="#sSpan1369" value="ⲉ"/>
		<feat xlink:href="#sSpan1373" value="ⲛⲁⲛⲟⲩ"/>
		<feat xlink:href="#sSpan1375" value="ϥ"/>
		<feat xlink:href="#sSpan1377" value="ⲥⲉ"/>
		<feat xlink:href="#sSpan1382" value="ⲛⲁ"/>
		<feat xlink:href="#sSpan1384" value="ⲕⲟⲟⲣⲉ"/>
		<feat xlink:href="#sSpan1386" value="ϥ"/>
		<feat xlink:href="#sSpan1388" value="ⲛ"/>
		<feat xlink:href="#sSpan1392" value="ⲥⲉ"/>
		<feat xlink:href="#sSpan1395" value="ⲛⲟϫ"/>
		<feat xlink:href="#sSpan1397" value="ϥ"/>
		<feat xlink:href="#sSpan1399" value="ⲉ"/>
		<feat xlink:href="#sSpan1403" value="ⲧ"/>
		<feat xlink:href="#sSpan1406" value="ⲥⲁⲧⲉ"/>
		<feat xlink:href="#sSpan1409" value="ⲉϣϫⲉ"/>
		<feat xlink:href="#sSpan1416" value="ⲛ"/>
		<feat xlink:href="#sSpan1421" value="ⲉⲧ"/>
		<feat xlink:href="#sSpan1423" value="ⲟⲩⲁⲁⲃ"/>
		<feat xlink:href="#sSpan1425" value="ⲁⲩⲱ"/>
		<feat xlink:href="#sSpan1430" value="ⲛⲉⲛ"/>
		<feat xlink:href="#sSpan1435" value="ⲉⲓⲟⲧⲉ"/>
		<feat xlink:href="#sSpan1437" value="·"/>
		<feat xlink:href="#sSpan1442" value="ⲡⲣⲟⲫⲏⲧⲏⲥ"/>
		<feat xlink:href="#sSpan1448" value="·"/>
		<feat xlink:href="#sSpan1452" value="ⲁⲩⲱ"/>
		<feat xlink:href="#sSpan1456" value="ⲛ"/>
		<feat xlink:href="#sSpan1463" value="ⲁⲡⲟⲥⲧⲟⲗⲟⲥ"/>
		<feat xlink:href="#sSpan1465" value="·"/>
		<feat xlink:href="#sSpan1469" value="ⲙⲛ"/>
		<feat xlink:href="#sSpan1474" value="ⲛ"/>
		<feat xlink:href="#sSpan1479" value="ⲇⲓⲕⲁⲓⲟⲥ"/>
		<feat xlink:href="#sSpan1481" value="ⲧⲏⲣ"/>
		<feat xlink:href="#sSpan1486" value="ⲟⲩ"/>
		<feat xlink:href="#sSpan1488" value="·"/>
		<feat xlink:href="#sSpan1492" value="ⲁ"/>
		<feat xlink:href="#sSpan1497" value="ⲩ"/>
		<feat xlink:href="#sSpan1499" value="ϫⲟⲟ"/>
		<feat xlink:href="#sSpan1502" value="ⲥ"/>
		<feat xlink:href="#sSpan1504" value="ⲉⲧⲃⲏⲧ"/>
		<feat xlink:href="#sSpan1508" value="ⲟⲩ"/>
		<feat xlink:href="#sSpan1510" value="·"/>
		<feat xlink:href="#sSpan1514" value="ϫⲉ"/></featList></paula>