<?xml version='1.0' encoding='UTF-8'?><!DOCTYPE paula SYSTEM "paula_feat.dtd">
<paula version="1.1">
	<header paula_id="scriptorium.GF17-18.mark_new_sent"/>
	<featList xmlns:xlink="http://www.w3.org/1999/xlink" type="new_sent" xml:base="scriptorium.GF17-18.mark.xml">
		<feat xlink:href="#sSpan2" value="true"/>
		<feat xlink:href="#sSpan135" value="true"/>
		<feat xlink:href="#sSpan183" value="true"/>
		<feat xlink:href="#sSpan268" value="true"/>
		<feat xlink:href="#sSpan338" value="true"/>
		<feat xlink:href="#sSpan421" value="true"/>
		<feat xlink:href="#sSpan487" value="true"/>
		<feat xlink:href="#sSpan576" value="true"/>
		<feat xlink:href="#sSpan618" value="true"/>
		<feat xlink:href="#sSpan666" value="true"/>
		<feat xlink:href="#sSpan739" value="true"/>
		<feat xlink:href="#sSpan834" value="true"/>
		<feat xlink:href="#sSpan944" value="true"/>
		<feat xlink:href="#sSpan982" value="true"/>
		<feat xlink:href="#sSpan1034" value="true"/>
		<feat xlink:href="#sSpan1107" value="true"/>
		<feat xlink:href="#sSpan1174" value="true"/>
		<feat xlink:href="#sSpan1212" value="true"/>
		<feat xlink:href="#sSpan1245" value="true"/>
		<feat xlink:href="#sSpan1309" value="true"/>
		<feat xlink:href="#sSpan1409" value="true"/>
		<feat xlink:href="#sSpan1492" value="true"/></featList></paula>