<?xml version='1.0' encoding='UTF-8'?><!DOCTYPE paula SYSTEM "paula_feat.dtd">
<paula version="1.1">
	<header paula_id="scriptorium.GF17-18.mark_norm_group"/>
	<featList xmlns:xlink="http://www.w3.org/1999/xlink" type="norm_group" xml:base="scriptorium.GF17-18.mark.xml">
		<feat xlink:href="#sSpan4" value="ⲛⲉⲧⲉⲓⲣⲉ"/>
		<feat xlink:href="#sSpan19" value="ⲛⲛⲉⲧⲉⲙⲉϣϣ"/>
		<feat xlink:href="#sSpan33" value="ϩⲣⲁⲓ"/>
		<feat xlink:href="#sSpan37" value="ⲛϩⲏⲧⲛ"/>
		<feat xlink:href="#sSpan44" value="ⲧⲁⲓ"/>
		<feat xlink:href="#sSpan49" value="ⲧⲉ"/>
		<feat xlink:href="#sSpan53" value="ⲧϩⲉ"/>
		<feat xlink:href="#sSpan59" value="ⲉⲧⲛϯϣⲓⲡⲉ"/>
		<feat xlink:href="#sSpan70" value="ⲛⲛⲁⲅⲁⲑⲟⲥ"/>
		<feat xlink:href="#sSpan80" value="ⲉⲧⲛϩⲏⲧⲛ"/>
		<feat xlink:href="#sSpan89" value="ⲉⲧⲉⲓⲣⲉ"/>
		<feat xlink:href="#sSpan96" value="ⲙⲡⲁⲅⲁⲑⲟⲛ"/>
		<feat xlink:href="#sSpan106" value="ⲁⲛⲟⲛ"/>
		<feat xlink:href="#sSpan111" value="ⲛⲉⲧⲉⲓⲣⲉ"/>
		<feat xlink:href="#sSpan120" value="ⲙⲡⲡⲟⲛⲏⲣⲟⲛ"/>
		<feat xlink:href="#sSpan131" value="·"/>
		<feat xlink:href="#sSpan137" value="ⲱ"/>
		<feat xlink:href="#sSpan144" value="ⲧⲛⲟⲩⲟⲛϩ"/>
		<feat xlink:href="#sSpan150" value="ⲉⲃⲟⲗ"/>
		<feat xlink:href="#sSpan154" value="ⲉⲛⲟⲩⲏⲣ"/>
		<feat xlink:href="#sSpan163" value="ϫⲉⲁⲛⲟⲛ"/>
		<feat xlink:href="#sSpan170" value="ϩⲉⲛⲙⲁⲓⲛⲟⲃⲉ"/>
		<feat xlink:href="#sSpan179" value="·"/>
		<feat xlink:href="#sSpan186" value="ⲛⲱϩⲉ"/>
		<feat xlink:href="#sSpan193" value="ⲁϥϣⲱⲡⲉ"/>
		<feat xlink:href="#sSpan201" value="ⲛⲇⲓⲕⲁⲓⲟⲥ"/>
		<feat xlink:href="#sSpan210" value="·"/>
		<feat xlink:href="#sSpan214" value="ⲁⲩⲱ"/>
		<feat xlink:href="#sSpan218" value="ⲛⲁⲧⲛⲟⲃⲉ"/>
		<feat xlink:href="#sSpan228" value="ⲉϥⲟⲩⲏϩ"/>
		<feat xlink:href="#sSpan237" value="ⲙⲛⲛⲉⲛⲧⲁⲩⲕⲁⲡⲛⲟⲩⲧⲉ"/>
		<feat xlink:href="#sSpan258" value="ⲛⲥⲱⲟⲩ"/>
		<feat xlink:href="#sSpan265" value="·"/>
		<feat xlink:href="#sSpan270" value="ⲧⲛⲣⲛⲟⲃⲉ"/>
		<feat xlink:href="#sSpan282" value="ⲇⲉ"/>
		<feat xlink:href="#sSpan286" value="ϩⲱⲱⲛ"/>
		<feat xlink:href="#sSpan292" value="ϩⲛⲧⲙⲏⲧⲉ"/>
		<feat xlink:href="#sSpan303" value="ⲛⲛⲉⲛⲧⲁⲩⲕⲁⲡⲛⲟⲃⲉ"/>
		<feat xlink:href="#sSpan324" value="ⲛⲥⲱⲟⲩ"/>
		<feat xlink:href="#sSpan330" value="ⲉⲉⲣ…"/>
		<feat xlink:href="#sSpan341" value="ⲗⲱⲧ"/>
		<feat xlink:href="#sSpan348" value="·"/>
		<feat xlink:href="#sSpan352" value="ⲛⲉϥⲟⲩⲏϩ"/>
		<feat xlink:href="#sSpan360" value="ⲙⲛⲛⲣⲱⲙⲉ"/>
		<feat xlink:href="#sSpan370" value="ⲛⲡⲟⲛⲏⲣⲟⲥ"/>
		<feat xlink:href="#sSpan379" value="ⲡⲁⲣⲁⲣⲱⲙⲉ"/>
		<feat xlink:href="#sSpan387" value="ⲛⲓⲙ"/>
		<feat xlink:href="#sSpan391" value="·"/>
		<feat xlink:href="#sSpan395" value="ⲁⲩⲱ"/>
		<feat xlink:href="#sSpan399" value="ⲁϥϣⲱⲡⲉ"/>
		<feat xlink:href="#sSpan409" value="ⲛⲁⲧⲛⲟⲃⲉ"/>
		<feat xlink:href="#sSpan419" value="·"/>
		<feat xlink:href="#sSpan423" value="ⲧⲛⲟⲩⲏϩ"/>
		<feat xlink:href="#sSpan433" value="ⲇⲉ"/>
		<feat xlink:href="#sSpan438" value="ϩⲱⲱⲛ"/>
		<feat xlink:href="#sSpan444" value="ⲙⲛⲛⲉⲧⲟⲩⲁⲁⲃ"/>
		<feat xlink:href="#sSpan456" value="ⲉⲧⲛϩⲏⲧⲛ"/>
		<feat xlink:href="#sSpan465" value="ⲧⲛⲉⲓⲣⲉ"/>
		<feat xlink:href="#sSpan471" value="ⲛⲉⲛⲃⲟⲧⲉ"/>
		<feat xlink:href="#sSpan479" value="ⲙⲡⲛⲟⲩⲧⲉ"/>
		<feat xlink:href="#sSpan490" value="ϩⲁϩ"/>
		<feat xlink:href="#sSpan498" value="ⲅⲁⲣ"/>
		<feat xlink:href="#sSpan502" value="ϩⲛⲛⲉⲧⲟⲩⲁⲁⲃ"/>
		<feat xlink:href="#sSpan514" value="ⲧⲏⲣⲟⲩ"/>
		<feat xlink:href="#sSpan520" value="ϣⲁϩⲣⲁⲓ"/>
		<feat xlink:href="#sSpan525" value="ⲉⲇⲁⲛⲓⲏⲗ"/>
		<feat xlink:href="#sSpan533" value="ⲙⲛⲛⲉϥϣⲃⲉⲉⲣ"/>
		<feat xlink:href="#sSpan543" value="ⲛⲉⲩϣⲟⲟⲡ"/>
		<feat xlink:href="#sSpan552" value="ϩⲛⲧⲙⲏⲧⲉ"/>
		<feat xlink:href="#sSpan562" value="ⲛϩⲉⲛⲁⲧⲛⲟⲩⲧⲉ"/>
		<feat xlink:href="#sSpan574" value="·"/>
		<feat xlink:href="#sSpan578" value="ⲁⲩϩⲁⲣⲉϩ"/>
		<feat xlink:href="#sSpan587" value="ⲉⲩⲟⲩⲁⲁⲃ"/>
		<feat xlink:href="#sSpan596" value="·"/>
		<feat xlink:href="#sSpan600" value="ⲁⲩⲱ"/>
		<feat xlink:href="#sSpan604" value="ⲙⲡⲟⲩⲣⲛⲟⲃⲉ"/>
		<feat xlink:href="#sSpan615" value="·"/>
		<feat xlink:href="#sSpan620" value="ⲧⲛⲣⲛⲟⲃⲉ"/>
		<feat xlink:href="#sSpan632" value="ⲇⲉ"/>
		<feat xlink:href="#sSpan636" value="ϩⲱⲱⲛ"/>
		<feat xlink:href="#sSpan642" value="ϩⲛⲧⲙⲏⲧⲉ"/>
		<feat xlink:href="#sSpan652" value="ⲛⲙⲙⲁⲓⲛⲟⲩⲧⲉ"/>
		<feat xlink:href="#sSpan664" value="·"/>
		<feat xlink:href="#sSpan668" value="ⲧⲛⲥⲟⲟⲩϩ"/>
		<feat xlink:href="#sSpan676" value="ⲉϩⲟⲩⲛ"/>
		<feat xlink:href="#sSpan680" value="ⲛⲙⲙⲁⲩ"/>
		<feat xlink:href="#sSpan687" value="ⲛⲧⲟϥ"/>
		<feat xlink:href="#sSpan691" value="ⲧⲛⲧⲁⲩⲟ"/>
		<feat xlink:href="#sSpan698" value="ⲙⲡⲣⲁⲛ"/>
		<feat xlink:href="#sSpan707" value="ⲙⲡⲛⲟⲩⲧⲉ"/>
		<feat xlink:href="#sSpan717" value="ⲧⲏⲣⲛ"/>
		<feat xlink:href="#sSpan723" value="ⲁⲩⲱ"/>
		<feat xlink:href="#sSpan729" value="ⲛⲉϥⲁⲅⲅⲉⲗⲟⲥ"/>
		<feat xlink:href="#sSpan737" value="·"/>
		<feat xlink:href="#sSpan741" value="ⲧⲛϣⲁϫⲉ"/>
		<feat xlink:href="#sSpan749" value="ⲇⲉ"/>
		<feat xlink:href="#sSpan754" value="ⲟⲛ"/>
		<feat xlink:href="#sSpan758" value="ⲉⲛⲉⲧⲟⲩⲁⲁⲃ"/>
		<feat xlink:href="#sSpan770" value="ⲁⲩⲱ"/>
		<feat xlink:href="#sSpan777" value="ⲛⲉⲩϩⲃⲏⲩⲉ"/>
		<feat xlink:href="#sSpan784" value="ϣⲁϩⲣⲁⲓ"/>
		<feat xlink:href="#sSpan789" value="ⲉⲛⲉⲛⲧⲁⲩⲣⲙⲁⲣⲧⲏⲣⲟⲥ"/>
		<feat xlink:href="#sSpan808" value="ϩⲛⲙⲁ"/>
		<feat xlink:href="#sSpan816" value="ⲛⲓⲙ"/>
		<feat xlink:href="#sSpan820" value="ⲉϫⲛⲡⲣⲁⲛ"/>
		<feat xlink:href="#sSpan830" value="ⲓⲏⲥⲟⲩⲥ"/>
		<feat xlink:href="#sSpan836" value="ⲧⲛϣⲁϫⲉ"/>
		<feat xlink:href="#sSpan846" value="ⲇⲉ"/>
		<feat xlink:href="#sSpan850" value="ⲟⲛ"/>
		<feat xlink:href="#sSpan854" value="ⲁⲩⲱ"/>
		<feat xlink:href="#sSpan858" value="ⲧⲛⲥⲱⲧⲙ"/>
		<feat xlink:href="#sSpan865" value="ⲟⲛ"/>
		<feat xlink:href="#sSpan869" value="ⲁⲛⲟⲛ"/>
		<feat xlink:href="#sSpan873" value="ⲛⲉⲧⲛⲥⲉⲉⲙⲡϣⲁ"/>
		<feat xlink:href="#sSpan887" value="ⲁⲛ"/>
		<feat xlink:href="#sSpan892" value="·"/>
		<feat xlink:href="#sSpan896" value="ϫⲉϯⲡⲁⲣⲁⲕⲁⲗⲉⲓ"/>
		<feat xlink:href="#sSpan907" value="ⲛⲛⲉⲡⲣⲉⲥⲃⲩⲧⲉⲣⲟⲥ"/>
		<feat xlink:href="#sSpan918" value="ⲉⲧⲉⲛϩⲏⲧⲧⲏⲩⲧⲛ"/>
		<feat xlink:href="#sSpan928" value="ϩⲱⲥ"/>
		<feat xlink:href="#sSpan935" value="ϣⲃⲏⲣⲡⲣⲉⲥⲃⲩⲧⲉⲣⲟⲥ"/>
		<feat xlink:href="#sSpan942" value="·"/>
		<feat xlink:href="#sSpan946" value="ⲁⲩⲱ"/>
		<feat xlink:href="#sSpan951" value="ⲙⲙⲛⲧⲣⲉ"/>
		<feat xlink:href="#sSpan959" value="ⲛⲙⲙⲟϩⲕⲥ"/>
		<feat xlink:href="#sSpan968" value="ⲙⲡⲉⲭⲣⲓⲥⲧⲟⲥ"/>
		<feat xlink:href="#sSpan979" value="·"/>
		<feat xlink:href="#sSpan984" value="ⲡⲉⲧⲛⲁϫⲟⲟⲥ"/>
		<feat xlink:href="#sSpan1000" value="ⲛⲁⲛ"/>
		<feat xlink:href="#sSpan1006" value="ϫⲉⲛⲧⲛⲥⲟⲟⲩⲛ"/>
		<feat xlink:href="#sSpan1017" value="ⲁⲛ"/>
		<feat xlink:href="#sSpan1022" value="ⲙⲡⲛⲟⲩⲧⲉ"/>
		<feat xlink:href="#sSpan1031" value="·"/>
		<feat xlink:href="#sSpan1036" value="ⲟⲩⲇⲉ"/>
		<feat xlink:href="#sSpan1043" value="ⲡⲉϥⲛⲟⲙⲟⲥ"/>
		<feat xlink:href="#sSpan1050" value="ϣⲁⲛϭⲱⲛⲧ"/>
		<feat xlink:href="#sSpan1059" value="ⲉⲣⲟϥ"/>
		<feat xlink:href="#sSpan1065" value="ⲧⲛⲉⲓⲣⲉ"/>
		<feat xlink:href="#sSpan1073" value="ⲇⲉ"/>
		<feat xlink:href="#sSpan1077" value="ϩⲱⲱϥ"/>
		<feat xlink:href="#sSpan1084" value="ⲛⲛⲉϩⲃⲏⲩⲉ"/>
		<feat xlink:href="#sSpan1094" value="ⲙⲙⲛⲧⲁⲧⲛⲟⲩⲧⲉ"/>
		<feat xlink:href="#sSpan1105" value="·"/>
		<feat xlink:href="#sSpan1109" value="ⲟⲩ"/>
		<feat xlink:href="#sSpan1114" value="ϭⲉ"/>
		<feat xlink:href="#sSpan1118" value="ⲡⲉⲧⲛⲛⲁϫⲟⲟϥ"/>
		<feat xlink:href="#sSpan1135" value="ⲛⲁϩⲣⲛⲛⲉⲓϣⲁϫⲉ"/>
		<feat xlink:href="#sSpan1146" value="·"/>
		<feat xlink:href="#sSpan1150" value="ϫⲉⲟⲩⲟⲛ"/>
		<feat xlink:href="#sSpan1159" value="ⲛⲓⲙ"/>
		<feat xlink:href="#sSpan1163" value="ⲉⲧⲉⲣⲛⲟⲃⲉ"/>
		<feat xlink:href="#sSpan1172" value="·"/>
		<feat xlink:href="#sSpan1176" value="ⲙⲡⲉϥⲛⲁⲩ"/>
		<feat xlink:href="#sSpan1185" value="ⲉⲣⲟϥ"/>
		<feat xlink:href="#sSpan1193" value="ⲟⲩⲇⲉ"/>
		<feat xlink:href="#sSpan1197" value="ⲙⲡⲉϥⲥⲟⲩⲱⲛϥ"/>
		<feat xlink:href="#sSpan1208" value="·"/>
		<feat xlink:href="#sSpan1214" value="ⲙⲏ"/>
		<feat xlink:href="#sSpan1222" value="ⲡⲟⲩⲉⲓⲏⲟⲩⲉϣ"/>
		<feat xlink:href="#sSpan1231" value="ⲡϣⲏⲛ"/>
		<feat xlink:href="#sSpan1238" value="ⲁⲛ"/>
		<feat xlink:href="#sSpan1242" value="·"/>
		<feat xlink:href="#sSpan1247" value="ⲟⲩ"/>
		<feat xlink:href="#sSpan1253" value="ⲙⲟⲛⲟⲛ"/>
		<feat xlink:href="#sSpan1258" value="ϫⲉϥⲟⲩⲟⲟⲗⲉ"/>
		<feat xlink:href="#sSpan1267" value="ϩⲁⲡⲉϥⲟⲩⲧⲁϩ"/>
		<feat xlink:href="#sSpan1277" value="·"/>
		<feat xlink:href="#sSpan1282" value="ⲁⲗⲗⲁ"/>
		<feat xlink:href="#sSpan1286" value="ⲉϥⲱⲗ"/>
		<feat xlink:href="#sSpan1294" value="ⲟⲛ"/>
		<feat xlink:href="#sSpan1299" value="ⲙⲙⲟϥ"/>
		<feat xlink:href="#sSpan1305" value="·"/>
		<feat xlink:href="#sSpan1311" value="ⲙⲏ"/>
		<feat xlink:href="#sSpan1318" value="ⲛϥⲥⲏϩ"/>
		<feat xlink:href="#sSpan1326" value="ⲁⲛ"/>
		<feat xlink:href="#sSpan1330" value="ϫⲉϣⲏⲛ"/>
		<feat xlink:href="#sSpan1339" value="ⲛⲓⲙ"/>
		<feat xlink:href="#sSpan1343" value="ⲉⲧⲉⲛϥⲛⲁⲉⲓⲣⲉ"/>
		<feat xlink:href="#sSpan1356" value="ⲁⲛ"/>
		<feat xlink:href="#sSpan1360" value="ⲉⲛⲟⲩⲕⲁⲣⲡⲟⲥ"/>
		<feat xlink:href="#sSpan1371" value="ⲉⲛⲁⲛⲟⲩϥ"/>
		<feat xlink:href="#sSpan1379" value="ⲥⲉⲛⲁⲕⲟⲟⲣⲉϥ"/>
		<feat xlink:href="#sSpan1390" value="ⲛⲥⲉⲛⲟϫϥ"/>
		<feat xlink:href="#sSpan1401" value="ⲉⲧⲥⲁⲧⲉ"/>
		<feat xlink:href="#sSpan1411" value="ⲉϣϫⲉ"/>
		<feat xlink:href="#sSpan1419" value="ⲛⲉⲧⲟⲩⲁⲁⲃ"/>
		<feat xlink:href="#sSpan1427" value="ⲁⲩⲱ"/>
		<feat xlink:href="#sSpan1433" value="ⲛⲉⲛⲉⲓⲟⲧⲉ"/>
		<feat xlink:href="#sSpan1439" value="·"/>
		<feat xlink:href="#sSpan1445" value="ⲡⲣⲟⲫⲏⲧⲏⲥ"/>
		<feat xlink:href="#sSpan1450" value="·"/>
		<feat xlink:href="#sSpan1454" value="ⲁⲩⲱ"/>
		<feat xlink:href="#sSpan1459" value="ⲛⲁⲡⲟⲥⲧⲟⲗⲟⲥ"/>
		<feat xlink:href="#sSpan1467" value="·"/>
		<feat xlink:href="#sSpan1471" value="ⲙⲛⲛⲇⲓⲕⲁⲓⲟⲥ"/>
		<feat xlink:href="#sSpan1483" value="ⲧⲏⲣⲟⲩ"/>
		<feat xlink:href="#sSpan1490" value="·"/>
		<feat xlink:href="#sSpan1494" value="ⲁⲩϫⲟⲟⲥ"/>
		<feat xlink:href="#sSpan1506" value="ⲉⲧⲃⲏⲧⲟⲩ"/>
		<feat xlink:href="#sSpan1512" value="·"/>
		<feat xlink:href="#sSpan1516" value="ϫⲉ"/></featList></paula>