<?xml version='1.0' encoding='UTF-8'?><!DOCTYPE paula SYSTEM "paula_feat.dtd">
<paula version="1.1">
	<header paula_id="scriptorium.GF17-18.mark_translation"/>
	<featList xmlns:xlink="http://www.w3.org/1999/xlink" type="translation" xml:base="scriptorium.GF17-18.mark.xml">
		<feat xlink:href="#sSpan9" value="…"/>
		<feat xlink:href="#sSpan141" value="…"/>
		<feat xlink:href="#sSpan190" value="…"/>
		<feat xlink:href="#sSpan274" value="…"/>
		<feat xlink:href="#sSpan345" value="…"/>
		<feat xlink:href="#sSpan426" value="…"/>
		<feat xlink:href="#sSpan493" value="…"/>
		<feat xlink:href="#sSpan580" value="…"/>
		<feat xlink:href="#sSpan623" value="…"/>
		<feat xlink:href="#sSpan670" value="…"/>
		<feat xlink:href="#sSpan743" value="…"/>
		<feat xlink:href="#sSpan839" value="…"/>
		<feat xlink:href="#sSpan948" value="…"/>
		<feat xlink:href="#sSpan988" value="…"/>
		<feat xlink:href="#sSpan1038" value="…"/>
		<feat xlink:href="#sSpan1111" value="…"/>
		<feat xlink:href="#sSpan1178" value="…"/>
		<feat xlink:href="#sSpan1217" value="…"/>
		<feat xlink:href="#sSpan1249" value="…"/>
		<feat xlink:href="#sSpan1315" value="…"/>
		<feat xlink:href="#sSpan1414" value="…"/>
		<feat xlink:href="#sSpan1496" value="…"/></featList></paula>