<?xml version='1.0' encoding='UTF-8'?><!DOCTYPE paula SYSTEM "paula_feat.dtd">
<paula version="1.1">
	<header paula_id="scriptorium.GF17-18.mark_func"/>
	<featList xmlns:xlink="http://www.w3.org/1999/xlink" type="func" xml:base="scriptorium.GF17-18.mark.xml">
		<feat xlink:href="#sSpan2" value="dislocated"/>
		<feat xlink:href="#sSpan12" value="mark"/>
		<feat xlink:href="#sSpan14" value="acl:relcl"/>
		<feat xlink:href="#sSpan17" value="case"/>
		<feat xlink:href="#sSpan21" value="obj"/>
		<feat xlink:href="#sSpan24" value="mark"/>
		<feat xlink:href="#sSpan26" value="aux"/>
		<feat xlink:href="#sSpan28" value="acl:relcl"/>
		<feat xlink:href="#sSpan31" value="advmod"/>
		<feat xlink:href="#sSpan35" value="case"/>
		<feat xlink:href="#sSpan39" value="obl"/>
		<feat xlink:href="#sSpan41" value="root"/>
		<feat xlink:href="#sSpan47" value="cop"/>
		<feat xlink:href="#sSpan51" value="det"/>
		<feat xlink:href="#sSpan55" value="nsubj"/>
		<feat xlink:href="#sSpan57" value="mark"/>
		<feat xlink:href="#sSpan61" value="nsubj"/>
		<feat xlink:href="#sSpan64" value="acl:relcl"/>
		<feat xlink:href="#sSpan68" value="case"/>
		<feat xlink:href="#sSpan72" value="det"/>
		<feat xlink:href="#sSpan76" value="obl"/>
		<feat xlink:href="#sSpan78" value="mark"/>
		<feat xlink:href="#sSpan83" value="case"/>
		<feat xlink:href="#sSpan85" value="acl:relcl"/>
		<feat xlink:href="#sSpan87" value="mark"/>
		<feat xlink:href="#sSpan91" value="acl:relcl"/>
		<feat xlink:href="#sSpan94" value="case"/>
		<feat xlink:href="#sSpan98" value="det"/>
		<feat xlink:href="#sSpan102" value="obj"/>
		<feat xlink:href="#sSpan104" value="parataxis"/>
		<feat xlink:href="#sSpan109" value="cop"/>
		<feat xlink:href="#sSpan114" value="mark"/>
		<feat xlink:href="#sSpan116" value="csubj"/>
		<feat xlink:href="#sSpan118" value="case"/>
		<feat xlink:href="#sSpan122" value="det"/>
		<feat xlink:href="#sSpan127" value="obj"/>
		<feat xlink:href="#sSpan129" value="punct"/>
		<feat xlink:href="#sSpan135" value="aux"/>
		<feat xlink:href="#sSpan142" value="nsubj"/>
		<feat xlink:href="#sSpan146" value="root"/>
		<feat xlink:href="#sSpan148" value="advmod"/>
		<feat xlink:href="#sSpan152" value="case"/>
		<feat xlink:href="#sSpan157" value="det"/>
		<feat xlink:href="#sSpan159" value="obl"/>
		<feat xlink:href="#sSpan161" value="mark"/>
		<feat xlink:href="#sSpan165" value="nsubj"/>
		<feat xlink:href="#sSpan167" value="det"/>
		<feat xlink:href="#sSpan174" value="ccomp"/>
		<feat xlink:href="#sSpan177" value="punct"/>
		<feat xlink:href="#sSpan183" value="dislocated"/>
		<feat xlink:href="#sSpan191" value="aux"/>
		<feat xlink:href="#sSpan195" value="nsubj"/>
		<feat xlink:href="#sSpan197" value="root"/>
		<feat xlink:href="#sSpan199" value="case"/>
		<feat xlink:href="#sSpan205" value="obl"/>
		<feat xlink:href="#sSpan208" value="punct"/>
		<feat xlink:href="#sSpan212" value="cc"/>
		<feat xlink:href="#sSpan216" value="det"/>
		<feat xlink:href="#sSpan223" value="conj"/>
		<feat xlink:href="#sSpan226" value="mark"/>
		<feat xlink:href="#sSpan230" value="nsubj"/>
		<feat xlink:href="#sSpan232" value="acl:relcl"/>
		<feat xlink:href="#sSpan235" value="case"/>
		<feat xlink:href="#sSpan239" value="obl"/>
		<feat xlink:href="#sSpan242" value="mark"/>
		<feat xlink:href="#sSpan244" value="aux"/>
		<feat xlink:href="#sSpan246" value="nsubj"/>
		<feat xlink:href="#sSpan248" value="acl:relcl"/>
		<feat xlink:href="#sSpan251" value="det"/>
		<feat xlink:href="#sSpan254" value="obj"/>
		<feat xlink:href="#sSpan256" value="case"/>
		<feat xlink:href="#sSpan261" value="obl"/>
		<feat xlink:href="#sSpan263" value="punct"/>
		<feat xlink:href="#sSpan268" value="nsubj"/>
		<feat xlink:href="#sSpan276" value="root"/>
		<feat xlink:href="#sSpan280" value="advmod"/>
		<feat xlink:href="#sSpan284" value="advmod"/>
		<feat xlink:href="#sSpan288" value="det"/>
		<feat xlink:href="#sSpan290" value="case"/>
		<feat xlink:href="#sSpan295" value="det"/>
		<feat xlink:href="#sSpan298" value="obl"/>
		<feat xlink:href="#sSpan301" value="case"/>
		<feat xlink:href="#sSpan306" value="nmod"/>
		<feat xlink:href="#sSpan309" value="mark"/>
		<feat xlink:href="#sSpan311" value="aux"/>
		<feat xlink:href="#sSpan313" value="nsubj"/>
		<feat xlink:href="#sSpan315" value="acl:relcl"/>
		<feat xlink:href="#sSpan317" value="det"/>
		<feat xlink:href="#sSpan320" value="obj"/>
		<feat xlink:href="#sSpan322" value="case"/>
		<feat xlink:href="#sSpan326" value="obl"/>
		<feat xlink:href="#sSpan328" value="mark"/>
		<feat xlink:href="#sSpan333" value="xcomp"/>
		<feat xlink:href="#sSpan338" value="dislocated"/>
		<feat xlink:href="#sSpan346" value="punct"/>
		<feat xlink:href="#sSpan350" value="aux"/>
		<feat xlink:href="#sSpan354" value="nsubj"/>
		<feat xlink:href="#sSpan356" value="root"/>
		<feat xlink:href="#sSpan358" value="case"/>
		<feat xlink:href="#sSpan363" value="det"/>
		<feat xlink:href="#sSpan366" value="obl"/>
		<feat xlink:href="#sSpan368" value="case"/>
		<feat xlink:href="#sSpan373" value="nmod"/>
		<feat xlink:href="#sSpan377" value="case"/>
		<feat xlink:href="#sSpan381" value="obl"/>
		<feat xlink:href="#sSpan385" value="det"/>
		<feat xlink:href="#sSpan389" value="punct"/>
		<feat xlink:href="#sSpan393" value="cc"/>
		<feat xlink:href="#sSpan397" value="aux"/>
		<feat xlink:href="#sSpan403" value="nsubj"/>
		<feat xlink:href="#sSpan405" value="conj"/>
		<feat xlink:href="#sSpan407" value="case"/>
		<feat xlink:href="#sSpan412" value="obl"/>
		<feat xlink:href="#sSpan417" value="punct"/>
		<feat xlink:href="#sSpan421" value="nsubj"/>
		<feat xlink:href="#sSpan427" value="root"/>
		<feat xlink:href="#sSpan431" value="advmod"/>
		<feat xlink:href="#sSpan436" value="advmod"/>
		<feat xlink:href="#sSpan440" value="det"/>
		<feat xlink:href="#sSpan442" value="cc"/>
		<feat xlink:href="#sSpan446" value="obl"/>
		<feat xlink:href="#sSpan449" value="mark"/>
		<feat xlink:href="#sSpan452" value="acl:relcl"/>
		<feat xlink:href="#sSpan454" value="mark"/>
		<feat xlink:href="#sSpan458" value="case"/>
		<feat xlink:href="#sSpan461" value="acl:relcl"/>
		<feat xlink:href="#sSpan463" value="nsubj"/>
		<feat xlink:href="#sSpan467" value="parataxis"/>
		<feat xlink:href="#sSpan469" value="det"/>
		<feat xlink:href="#sSpan474" value="obj"/>
		<feat xlink:href="#sSpan477" value="case"/>
		<feat xlink:href="#sSpan481" value="det"/>
		<feat xlink:href="#sSpan484" value="nmod"/>
		<feat xlink:href="#sSpan487" value="dislocated"/>
		<feat xlink:href="#sSpan496" value="advmod"/>
		<feat xlink:href="#sSpan500" value="case"/>
		<feat xlink:href="#sSpan504" value="nmod"/>
		<feat xlink:href="#sSpan507" value="mark"/>
		<feat xlink:href="#sSpan509" value="acl:relcl"/>
		<feat xlink:href="#sSpan512" value="advmod"/>
		<feat xlink:href="#sSpan516" value="det"/>
		<feat xlink:href="#sSpan518" value="advmod"/>
		<feat xlink:href="#sSpan523" value="case"/>
		<feat xlink:href="#sSpan528" value="obl"/>
		<feat xlink:href="#sSpan531" value="cc"/>
		<feat xlink:href="#sSpan536" value="det"/>
		<feat xlink:href="#sSpan539" value="conj"/>
		<feat xlink:href="#sSpan541" value="aux"/>
		<feat xlink:href="#sSpan546" value="nsubj"/>
		<feat xlink:href="#sSpan548" value="root"/>
		<feat xlink:href="#sSpan550" value="case"/>
		<feat xlink:href="#sSpan554" value="det"/>
		<feat xlink:href="#sSpan558" value="obl"/>
		<feat xlink:href="#sSpan560" value="case"/>
		<feat xlink:href="#sSpan564" value="det"/>
		<feat xlink:href="#sSpan568" value="nmod"/>
		<feat xlink:href="#sSpan572" value="punct"/>
		<feat xlink:href="#sSpan576" value="aux"/>
		<feat xlink:href="#sSpan581" value="nsubj"/>
		<feat xlink:href="#sSpan583" value="root"/>
		<feat xlink:href="#sSpan585" value="mark"/>
		<feat xlink:href="#sSpan590" value="nsubj"/>
		<feat xlink:href="#sSpan592" value="advcl"/>
		<feat xlink:href="#sSpan594" value="punct"/>
		<feat xlink:href="#sSpan598" value="cc"/>
		<feat xlink:href="#sSpan602" value="aux"/>
		<feat xlink:href="#sSpan607" value="nsubj"/>
		<feat xlink:href="#sSpan610" value="conj"/>
		<feat xlink:href="#sSpan613" value="punct"/>
		<feat xlink:href="#sSpan618" value="nsubj"/>
		<feat xlink:href="#sSpan626" value="root"/>
		<feat xlink:href="#sSpan630" value="advmod"/>
		<feat xlink:href="#sSpan634" value="advmod"/>
		<feat xlink:href="#sSpan638" value="det"/>
		<feat xlink:href="#sSpan640" value="case"/>
		<feat xlink:href="#sSpan645" value="det"/>
		<feat xlink:href="#sSpan648" value="obl"/>
		<feat xlink:href="#sSpan650" value="case"/>
		<feat xlink:href="#sSpan654" value="det"/>
		<feat xlink:href="#sSpan658" value="nmod"/>
		<feat xlink:href="#sSpan662" value="punct"/>
		<feat xlink:href="#sSpan666" value="nsubj"/>
		<feat xlink:href="#sSpan671" value="root"/>
		<feat xlink:href="#sSpan674" value="advmod"/>
		<feat xlink:href="#sSpan678" value="case"/>
		<feat xlink:href="#sSpan683" value="obl"/>
		<feat xlink:href="#sSpan685" value="dislocated"/>
		<feat xlink:href="#sSpan689" value="nsubj"/>
		<feat xlink:href="#sSpan693" value="parataxis"/>
		<feat xlink:href="#sSpan696" value="case"/>
		<feat xlink:href="#sSpan700" value="det"/>
		<feat xlink:href="#sSpan703" value="obj"/>
		<feat xlink:href="#sSpan705" value="case"/>
		<feat xlink:href="#sSpan709" value="det"/>
		<feat xlink:href="#sSpan713" value="nmod"/>
		<feat xlink:href="#sSpan715" value="advmod"/>
		<feat xlink:href="#sSpan719" value="det"/>
		<feat xlink:href="#sSpan721" value="cc"/>
		<feat xlink:href="#sSpan726" value="det"/>
		<feat xlink:href="#sSpan732" value="conj"/>
		<feat xlink:href="#sSpan735" value="punct"/>
		<feat xlink:href="#sSpan739" value="nsubj"/>
		<feat xlink:href="#sSpan744" value="root"/>
		<feat xlink:href="#sSpan747" value="advmod"/>
		<feat xlink:href="#sSpan752" value="advmod"/>
		<feat xlink:href="#sSpan756" value="case"/>
		<feat xlink:href="#sSpan760" value="obl"/>
		<feat xlink:href="#sSpan763" value="mark"/>
		<feat xlink:href="#sSpan765" value="acl:relcl"/>
		<feat xlink:href="#sSpan768" value="cc"/>
		<feat xlink:href="#sSpan775" value="det"/>
		<feat xlink:href="#sSpan780" value="conj"/>
		<feat xlink:href="#sSpan782" value="case"/>
		<feat xlink:href="#sSpan787" value="case"/>
		<feat xlink:href="#sSpan791" value="nmod"/>
		<feat xlink:href="#sSpan794" value="mark"/>
		<feat xlink:href="#sSpan796" value="aux"/>
		<feat xlink:href="#sSpan798" value="nsubj"/>
		<feat xlink:href="#sSpan801" value="acl:relcl"/>
		<feat xlink:href="#sSpan806" value="case"/>
		<feat xlink:href="#sSpan810" value="obl"/>
		<feat xlink:href="#sSpan814" value="det"/>
		<feat xlink:href="#sSpan818" value="case"/>
		<feat xlink:href="#sSpan822" value="det"/>
		<feat xlink:href="#sSpan825" value="obl"/>
		<feat xlink:href="#sSpan828" value="appos"/>
		<feat xlink:href="#sSpan834" value="nsubj"/>
		<feat xlink:href="#sSpan841" value="root"/>
		<feat xlink:href="#sSpan844" value="advmod"/>
		<feat xlink:href="#sSpan848" value="advmod"/>
		<feat xlink:href="#sSpan852" value="cc"/>
		<feat xlink:href="#sSpan856" value="nsubj"/>
		<feat xlink:href="#sSpan861" value="conj"/>
		<feat xlink:href="#sSpan863" value="advmod"/>
		<feat xlink:href="#sSpan867" value="obl:npmod"/>
		<feat xlink:href="#sSpan871" value="dislocated"/>
		<feat xlink:href="#sSpan877" value="mark"/>
		<feat xlink:href="#sSpan879" value="advmod"/>
		<feat xlink:href="#sSpan881" value="nsubj"/>
		<feat xlink:href="#sSpan883" value="acl:relcl"/>
		<feat xlink:href="#sSpan885" value="advmod"/>
		<feat xlink:href="#sSpan890" value="punct"/>
		<feat xlink:href="#sSpan894" value="mark"/>
		<feat xlink:href="#sSpan898" value="nsubj"/>
		<feat xlink:href="#sSpan901" value="ccomp"/>
		<feat xlink:href="#sSpan905" value="case"/>
		<feat xlink:href="#sSpan909" value="det"/>
		<feat xlink:href="#sSpan913" value="obj"/>
		<feat xlink:href="#sSpan916" value="mark"/>
		<feat xlink:href="#sSpan920" value="case"/>
		<feat xlink:href="#sSpan922" value="acl:relcl"/>
		<feat xlink:href="#sSpan926" value="mark"/>
		<feat xlink:href="#sSpan932" value="advcl"/>
		<feat xlink:href="#sSpan940" value="punct"/>
		<feat xlink:href="#sSpan944" value="cc"/>
		<feat xlink:href="#sSpan949" value="det"/>
		<feat xlink:href="#sSpan953" value="root"/>
		<feat xlink:href="#sSpan957" value="case"/>
		<feat xlink:href="#sSpan961" value="det"/>
		<feat xlink:href="#sSpan964" value="nmod"/>
		<feat xlink:href="#sSpan966" value="case"/>
		<feat xlink:href="#sSpan970" value="det"/>
		<feat xlink:href="#sSpan975" value="nmod"/>
		<feat xlink:href="#sSpan977" value="punct"/>
		<feat xlink:href="#sSpan982" value="root"/>
		<feat xlink:href="#sSpan990" value="mark"/>
		<feat xlink:href="#sSpan992" value="aux"/>
		<feat xlink:href="#sSpan994" value="acl:relcl"/>
		<feat xlink:href="#sSpan996" value="obj"/>
		<feat xlink:href="#sSpan998" value="case"/>
		<feat xlink:href="#sSpan1002" value="obl"/>
		<feat xlink:href="#sSpan1004" value="mark"/>
		<feat xlink:href="#sSpan1009" value="advmod"/>
		<feat xlink:href="#sSpan1011" value="nsubj"/>
		<feat xlink:href="#sSpan1013" value="ccomp"/>
		<feat xlink:href="#sSpan1015" value="advmod"/>
		<feat xlink:href="#sSpan1020" value="case"/>
		<feat xlink:href="#sSpan1024" value="det"/>
		<feat xlink:href="#sSpan1027" value="obl"/>
		<feat xlink:href="#sSpan1029" value="punct"/>
		<feat xlink:href="#sSpan1034" value="cc"/>
		<feat xlink:href="#sSpan1040" value="det"/>
		<feat xlink:href="#sSpan1046" value="dislocated"/>
		<feat xlink:href="#sSpan1048" value="aux"/>
		<feat xlink:href="#sSpan1053" value="nsubj"/>
		<feat xlink:href="#sSpan1055" value="root"/>
		<feat xlink:href="#sSpan1057" value="case"/>
		<feat xlink:href="#sSpan1061" value="obl"/>
		<feat xlink:href="#sSpan1063" value="nsubj"/>
		<feat xlink:href="#sSpan1068" value="parataxis"/>
		<feat xlink:href="#sSpan1071" value="advmod"/>
		<feat xlink:href="#sSpan1075" value="advmod"/>
		<feat xlink:href="#sSpan1080" value="det"/>
		<feat xlink:href="#sSpan1082" value="case"/>
		<feat xlink:href="#sSpan1086" value="det"/>
		<feat xlink:href="#sSpan1089" value="obj"/>
		<feat xlink:href="#sSpan1091" value="case"/>
		<feat xlink:href="#sSpan1097" value="nmod"/>
		<feat xlink:href="#sSpan1103" value="punct"/>
		<feat xlink:href="#sSpan1107" value="root"/>
		<feat xlink:href="#sSpan1112" value="advmod"/>
		<feat xlink:href="#sSpan1116" value="cop"/>
		<feat xlink:href="#sSpan1123" value="mark"/>
		<feat xlink:href="#sSpan1125" value="nsubj"/>
		<feat xlink:href="#sSpan1127" value="aux"/>
		<feat xlink:href="#sSpan1129" value="csubj"/>
		<feat xlink:href="#sSpan1131" value="obj"/>
		<feat xlink:href="#sSpan1133" value="case"/>
		<feat xlink:href="#sSpan1139" value="det"/>
		<feat xlink:href="#sSpan1142" value="obl"/>
		<feat xlink:href="#sSpan1144" value="punct"/>
		<feat xlink:href="#sSpan1148" value="mark"/>
		<feat xlink:href="#sSpan1152" value="dislocated"/>
		<feat xlink:href="#sSpan1157" value="det"/>
		<feat xlink:href="#sSpan1161" value="mark"/>
		<feat xlink:href="#sSpan1166" value="acl:relcl"/>
		<feat xlink:href="#sSpan1170" value="punct"/>
		<feat xlink:href="#sSpan1174" value="aux"/>
		<feat xlink:href="#sSpan1179" value="nsubj"/>
		<feat xlink:href="#sSpan1181" value="root"/>
		<feat xlink:href="#sSpan1183" value="case"/>
		<feat xlink:href="#sSpan1188" value="obl"/>
		<feat xlink:href="#sSpan1191" value="cc"/>
		<feat xlink:href="#sSpan1195" value="aux"/>
		<feat xlink:href="#sSpan1199" value="nsubj"/>
		<feat xlink:href="#sSpan1201" value="conj"/>
		<feat xlink:href="#sSpan1204" value="obj"/>
		<feat xlink:href="#sSpan1206" value="punct"/>
		<feat xlink:href="#sSpan1212" value="advmod"/>
		<feat xlink:href="#sSpan1219" value="det"/>
		<feat xlink:href="#sSpan1224" value="nsubj"/>
		<feat xlink:href="#sSpan1226" value="root"/>
		<feat xlink:href="#sSpan1228" value="det"/>
		<feat xlink:href="#sSpan1234" value="obj"/>
		<feat xlink:href="#sSpan1236" value="advmod"/>
		<feat xlink:href="#sSpan1240" value="punct"/>
		<feat xlink:href="#sSpan1245" value="advmod"/>
		<feat xlink:href="#sSpan1251" value="fixed"/>
		<feat xlink:href="#sSpan1256" value="mark"/>
		<feat xlink:href="#sSpan1260" value="nsubj"/>
		<feat xlink:href="#sSpan1262" value="root"/>
		<feat xlink:href="#sSpan1265" value="case"/>
		<feat xlink:href="#sSpan1269" value="det"/>
		<feat xlink:href="#sSpan1272" value="obl"/>
		<feat xlink:href="#sSpan1275" value="punct"/>
		<feat xlink:href="#sSpan1280" value="cc"/>
		<feat xlink:href="#sSpan1284" value="mark"/>
		<feat xlink:href="#sSpan1288" value="nsubj"/>
		<feat xlink:href="#sSpan1290" value="conj"/>
		<feat xlink:href="#sSpan1292" value="advmod"/>
		<feat xlink:href="#sSpan1297" value="case"/>
		<feat xlink:href="#sSpan1301" value="obl"/>
		<feat xlink:href="#sSpan1303" value="punct"/>
		<feat xlink:href="#sSpan1309" value="advmod"/>
		<feat xlink:href="#sSpan1316" value="advmod"/>
		<feat xlink:href="#sSpan1320" value="nsubj"/>
		<feat xlink:href="#sSpan1322" value="root"/>
		<feat xlink:href="#sSpan1324" value="advmod"/>
		<feat xlink:href="#sSpan1328" value="mark"/>
		<feat xlink:href="#sSpan1332" value="dislocated"/>
		<feat xlink:href="#sSpan1337" value="det"/>
		<feat xlink:href="#sSpan1341" value="mark"/>
		<feat xlink:href="#sSpan1345" value="advmod"/>
		<feat xlink:href="#sSpan1347" value="nsubj"/>
		<feat xlink:href="#sSpan1349" value="aux"/>
		<feat xlink:href="#sSpan1352" value="acl:relcl"/>
		<feat xlink:href="#sSpan1354" value="advmod"/>
		<feat xlink:href="#sSpan1358" value="case"/>
		<feat xlink:href="#sSpan1362" value="det"/>
		<feat xlink:href="#sSpan1366" value="obl"/>
		<feat xlink:href="#sSpan1369" value="mark"/>
		<feat xlink:href="#sSpan1373" value="acl:relcl"/>
		<feat xlink:href="#sSpan1375" value="nsubj"/>
		<feat xlink:href="#sSpan1377" value="nsubj"/>
		<feat xlink:href="#sSpan1382" value="aux"/>
		<feat xlink:href="#sSpan1384" value="ccomp"/>
		<feat xlink:href="#sSpan1386" value="obj"/>
		<feat xlink:href="#sSpan1388" value="aux"/>
		<feat xlink:href="#sSpan1392" value="nsubj"/>
		<feat xlink:href="#sSpan1395" value="advcl"/>
		<feat xlink:href="#sSpan1397" value="obj"/>
		<feat xlink:href="#sSpan1399" value="case"/>
		<feat xlink:href="#sSpan1403" value="det"/>
		<feat xlink:href="#sSpan1406" value="obl"/>
		<feat xlink:href="#sSpan1409" value="mark"/>
		<feat xlink:href="#sSpan1416" value="nsubj"/>
		<feat xlink:href="#sSpan1421" value="mark"/>
		<feat xlink:href="#sSpan1423" value="acl:relcl"/>
		<feat xlink:href="#sSpan1425" value="cc"/>
		<feat xlink:href="#sSpan1430" value="det"/>
		<feat xlink:href="#sSpan1435" value="conj"/>
		<feat xlink:href="#sSpan1437" value="punct"/>
		<feat xlink:href="#sSpan1442" value="root"/>
		<feat xlink:href="#sSpan1448" value="punct"/>
		<feat xlink:href="#sSpan1452" value="cc"/>
		<feat xlink:href="#sSpan1456" value="det"/>
		<feat xlink:href="#sSpan1463" value="conj"/>
		<feat xlink:href="#sSpan1465" value="punct"/>
		<feat xlink:href="#sSpan1469" value="cc"/>
		<feat xlink:href="#sSpan1474" value="det"/>
		<feat xlink:href="#sSpan1479" value="conj"/>
		<feat xlink:href="#sSpan1481" value="advmod"/>
		<feat xlink:href="#sSpan1486" value="det"/>
		<feat xlink:href="#sSpan1488" value="punct"/>
		<feat xlink:href="#sSpan1492" value="aux"/>
		<feat xlink:href="#sSpan1497" value="nsubj"/>
		<feat xlink:href="#sSpan1499" value="root"/>
		<feat xlink:href="#sSpan1502" value="obj"/>
		<feat xlink:href="#sSpan1504" value="case"/>
		<feat xlink:href="#sSpan1508" value="obl"/>
		<feat xlink:href="#sSpan1510" value="punct"/>
		<feat xlink:href="#sSpan1514" value="mark"/></featList></paula>