<?xml version='1.0' encoding='UTF-8'?><!DOCTYPE paula SYSTEM "paula_feat.dtd">
<paula version="1.1">
	<header paula_id="scriptorium.GF17-18.mark_pos"/>
	<featList xmlns:xlink="http://www.w3.org/1999/xlink" type="pos" xml:base="scriptorium.GF17-18.mark.xml">
		<feat xlink:href="#sSpan2" value="ART"/>
		<feat xlink:href="#sSpan12" value="CREL"/>
		<feat xlink:href="#sSpan14" value="V"/>
		<feat xlink:href="#sSpan17" value="PREP"/>
		<feat xlink:href="#sSpan21" value="ART"/>
		<feat xlink:href="#sSpan24" value="CREL"/>
		<feat xlink:href="#sSpan26" value="NEG"/>
		<feat xlink:href="#sSpan28" value="V"/>
		<feat xlink:href="#sSpan31" value="ADV"/>
		<feat xlink:href="#sSpan35" value="PREP"/>
		<feat xlink:href="#sSpan39" value="PPERO"/>
		<feat xlink:href="#sSpan41" value="PDEM"/>
		<feat xlink:href="#sSpan47" value="COP"/>
		<feat xlink:href="#sSpan51" value="ART"/>
		<feat xlink:href="#sSpan55" value="N"/>
		<feat xlink:href="#sSpan57" value="CREL"/>
		<feat xlink:href="#sSpan61" value="PPERS"/>
		<feat xlink:href="#sSpan64" value="V"/>
		<feat xlink:href="#sSpan68" value="PREP"/>
		<feat xlink:href="#sSpan72" value="ART"/>
		<feat xlink:href="#sSpan76" value="N"/>
		<feat xlink:href="#sSpan78" value="CREL"/>
		<feat xlink:href="#sSpan83" value="PREP"/>
		<feat xlink:href="#sSpan85" value="PPERO"/>
		<feat xlink:href="#sSpan87" value="CREL"/>
		<feat xlink:href="#sSpan91" value="V"/>
		<feat xlink:href="#sSpan94" value="PREP"/>
		<feat xlink:href="#sSpan98" value="ART"/>
		<feat xlink:href="#sSpan102" value="N"/>
		<feat xlink:href="#sSpan104" value="PPERI"/>
		<feat xlink:href="#sSpan109" value="ART"/>
		<feat xlink:href="#sSpan114" value="CREL"/>
		<feat xlink:href="#sSpan116" value="V"/>
		<feat xlink:href="#sSpan118" value="PREP"/>
		<feat xlink:href="#sSpan122" value="ART"/>
		<feat xlink:href="#sSpan127" value="N"/>
		<feat xlink:href="#sSpan129" value="PUNCT"/>
		<feat xlink:href="#sSpan135" value="PTC"/>
		<feat xlink:href="#sSpan142" value="PPERS"/>
		<feat xlink:href="#sSpan146" value="VSTAT"/>
		<feat xlink:href="#sSpan148" value="ADV"/>
		<feat xlink:href="#sSpan152" value="PREP"/>
		<feat xlink:href="#sSpan157" value="PREP"/>
		<feat xlink:href="#sSpan159" value="PINT"/>
		<feat xlink:href="#sSpan161" value="CONJ"/>
		<feat xlink:href="#sSpan165" value="PPERI"/>
		<feat xlink:href="#sSpan167" value="ART"/>
		<feat xlink:href="#sSpan174" value="N"/>
		<feat xlink:href="#sSpan177" value="PUNCT"/>
		<feat xlink:href="#sSpan183" value="NPROP"/>
		<feat xlink:href="#sSpan191" value="APST"/>
		<feat xlink:href="#sSpan195" value="PPERS"/>
		<feat xlink:href="#sSpan197" value="V"/>
		<feat xlink:href="#sSpan199" value="PREP"/>
		<feat xlink:href="#sSpan205" value="N"/>
		<feat xlink:href="#sSpan208" value="PUNCT"/>
		<feat xlink:href="#sSpan212" value="CONJ"/>
		<feat xlink:href="#sSpan216" value="ART"/>
		<feat xlink:href="#sSpan223" value="N"/>
		<feat xlink:href="#sSpan226" value="CCIRC"/>
		<feat xlink:href="#sSpan230" value="PPERS"/>
		<feat xlink:href="#sSpan232" value="VSTAT"/>
		<feat xlink:href="#sSpan235" value="PREP"/>
		<feat xlink:href="#sSpan239" value="ART"/>
		<feat xlink:href="#sSpan242" value="CREL"/>
		<feat xlink:href="#sSpan244" value="APST"/>
		<feat xlink:href="#sSpan246" value="PPERS"/>
		<feat xlink:href="#sSpan248" value="V"/>
		<feat xlink:href="#sSpan251" value="ART"/>
		<feat xlink:href="#sSpan254" value="N"/>
		<feat xlink:href="#sSpan256" value="PREP"/>
		<feat xlink:href="#sSpan261" value="PPERO"/>
		<feat xlink:href="#sSpan263" value="PUNCT"/>
		<feat xlink:href="#sSpan268" value="PPERS"/>
		<feat xlink:href="#sSpan276" value="V"/>
		<feat xlink:href="#sSpan280" value="PTC"/>
		<feat xlink:href="#sSpan284" value="IMOD"/>
		<feat xlink:href="#sSpan288" value="PPERO"/>
		<feat xlink:href="#sSpan290" value="PREP"/>
		<feat xlink:href="#sSpan295" value="ART"/>
		<feat xlink:href="#sSpan298" value="N"/>
		<feat xlink:href="#sSpan301" value="PREP"/>
		<feat xlink:href="#sSpan306" value="ART"/>
		<feat xlink:href="#sSpan309" value="CREL"/>
		<feat xlink:href="#sSpan311" value="APST"/>
		<feat xlink:href="#sSpan313" value="PPERS"/>
		<feat xlink:href="#sSpan315" value="V"/>
		<feat xlink:href="#sSpan317" value="ART"/>
		<feat xlink:href="#sSpan320" value="N"/>
		<feat xlink:href="#sSpan322" value="PREP"/>
		<feat xlink:href="#sSpan326" value="PPERO"/>
		<feat xlink:href="#sSpan328" value="PREP"/>
		<feat xlink:href="#sSpan333" value="V"/>
		<feat xlink:href="#sSpan338" value="NPROP"/>
		<feat xlink:href="#sSpan346" value="PUNCT"/>
		<feat xlink:href="#sSpan350" value="CPRET"/>
		<feat xlink:href="#sSpan354" value="PPERS"/>
		<feat xlink:href="#sSpan356" value="VSTAT"/>
		<feat xlink:href="#sSpan358" value="PREP"/>
		<feat xlink:href="#sSpan363" value="ART"/>
		<feat xlink:href="#sSpan366" value="N"/>
		<feat xlink:href="#sSpan368" value="PREP"/>
		<feat xlink:href="#sSpan373" value="N"/>
		<feat xlink:href="#sSpan377" value="PREP"/>
		<feat xlink:href="#sSpan381" value="N"/>
		<feat xlink:href="#sSpan385" value="PINT"/>
		<feat xlink:href="#sSpan389" value="PUNCT"/>
		<feat xlink:href="#sSpan393" value="CONJ"/>
		<feat xlink:href="#sSpan397" value="APST"/>
		<feat xlink:href="#sSpan403" value="PPERS"/>
		<feat xlink:href="#sSpan405" value="V"/>
		<feat xlink:href="#sSpan407" value="PREP"/>
		<feat xlink:href="#sSpan412" value="N"/>
		<feat xlink:href="#sSpan417" value="PUNCT"/>
		<feat xlink:href="#sSpan421" value="PPERS"/>
		<feat xlink:href="#sSpan427" value="VSTAT"/>
		<feat xlink:href="#sSpan431" value="PTC"/>
		<feat xlink:href="#sSpan436" value="IMOD"/>
		<feat xlink:href="#sSpan440" value="PPERO"/>
		<feat xlink:href="#sSpan442" value="PREP"/>
		<feat xlink:href="#sSpan446" value="ART"/>
		<feat xlink:href="#sSpan449" value="CREL"/>
		<feat xlink:href="#sSpan452" value="VSTAT"/>
		<feat xlink:href="#sSpan454" value="CREL"/>
		<feat xlink:href="#sSpan458" value="PREP"/>
		<feat xlink:href="#sSpan461" value="PPERO"/>
		<feat xlink:href="#sSpan463" value="PPERS"/>
		<feat xlink:href="#sSpan467" value="V"/>
		<feat xlink:href="#sSpan469" value="PPOS"/>
		<feat xlink:href="#sSpan474" value="N"/>
		<feat xlink:href="#sSpan477" value="PREP"/>
		<feat xlink:href="#sSpan481" value="ART"/>
		<feat xlink:href="#sSpan484" value="N"/>
		<feat xlink:href="#sSpan487" value="N"/>
		<feat xlink:href="#sSpan496" value="PTC"/>
		<feat xlink:href="#sSpan500" value="PREP"/>
		<feat xlink:href="#sSpan504" value="ART"/>
		<feat xlink:href="#sSpan507" value="CREL"/>
		<feat xlink:href="#sSpan509" value="VSTAT"/>
		<feat xlink:href="#sSpan512" value="IMOD"/>
		<feat xlink:href="#sSpan516" value="PPERO"/>
		<feat xlink:href="#sSpan518" value="ADV"/>
		<feat xlink:href="#sSpan523" value="PREP"/>
		<feat xlink:href="#sSpan528" value="NPROP"/>
		<feat xlink:href="#sSpan531" value="PREP"/>
		<feat xlink:href="#sSpan536" value="PPOS"/>
		<feat xlink:href="#sSpan539" value="N"/>
		<feat xlink:href="#sSpan541" value="CPRET"/>
		<feat xlink:href="#sSpan546" value="PPERS"/>
		<feat xlink:href="#sSpan548" value="VSTAT"/>
		<feat xlink:href="#sSpan550" value="PREP"/>
		<feat xlink:href="#sSpan554" value="ART"/>
		<feat xlink:href="#sSpan558" value="N"/>
		<feat xlink:href="#sSpan560" value="PREP"/>
		<feat xlink:href="#sSpan564" value="ART"/>
		<feat xlink:href="#sSpan568" value="N"/>
		<feat xlink:href="#sSpan572" value="PUNCT"/>
		<feat xlink:href="#sSpan576" value="APST"/>
		<feat xlink:href="#sSpan581" value="PPERS"/>
		<feat xlink:href="#sSpan583" value="V"/>
		<feat xlink:href="#sSpan585" value="CCIRC"/>
		<feat xlink:href="#sSpan590" value="PPERS"/>
		<feat xlink:href="#sSpan592" value="VSTAT"/>
		<feat xlink:href="#sSpan594" value="PUNCT"/>
		<feat xlink:href="#sSpan598" value="CONJ"/>
		<feat xlink:href="#sSpan602" value="ANEGPST"/>
		<feat xlink:href="#sSpan607" value="PPERS"/>
		<feat xlink:href="#sSpan610" value="V"/>
		<feat xlink:href="#sSpan613" value="PUNCT"/>
		<feat xlink:href="#sSpan618" value="PPERS"/>
		<feat xlink:href="#sSpan626" value="V"/>
		<feat xlink:href="#sSpan630" value="PTC"/>
		<feat xlink:href="#sSpan634" value="IMOD"/>
		<feat xlink:href="#sSpan638" value="PPERO"/>
		<feat xlink:href="#sSpan640" value="PREP"/>
		<feat xlink:href="#sSpan645" value="ART"/>
		<feat xlink:href="#sSpan648" value="N"/>
		<feat xlink:href="#sSpan650" value="PREP"/>
		<feat xlink:href="#sSpan654" value="ART"/>
		<feat xlink:href="#sSpan658" value="N"/>
		<feat xlink:href="#sSpan662" value="PUNCT"/>
		<feat xlink:href="#sSpan666" value="PPERS"/>
		<feat xlink:href="#sSpan671" value="VSTAT"/>
		<feat xlink:href="#sSpan674" value="ADV"/>
		<feat xlink:href="#sSpan678" value="PREP"/>
		<feat xlink:href="#sSpan683" value="PPERO"/>
		<feat xlink:href="#sSpan685" value="PPERI"/>
		<feat xlink:href="#sSpan689" value="PPERS"/>
		<feat xlink:href="#sSpan693" value="V"/>
		<feat xlink:href="#sSpan696" value="PREP"/>
		<feat xlink:href="#sSpan700" value="ART"/>
		<feat xlink:href="#sSpan703" value="N"/>
		<feat xlink:href="#sSpan705" value="PREP"/>
		<feat xlink:href="#sSpan709" value="ART"/>
		<feat xlink:href="#sSpan713" value="N"/>
		<feat xlink:href="#sSpan715" value="IMOD"/>
		<feat xlink:href="#sSpan719" value="PPERO"/>
		<feat xlink:href="#sSpan721" value="CONJ"/>
		<feat xlink:href="#sSpan726" value="PPOS"/>
		<feat xlink:href="#sSpan732" value="N"/>
		<feat xlink:href="#sSpan735" value="PUNCT"/>
		<feat xlink:href="#sSpan739" value="PPERS"/>
		<feat xlink:href="#sSpan744" value="V"/>
		<feat xlink:href="#sSpan747" value="PTC"/>
		<feat xlink:href="#sSpan752" value="ADV"/>
		<feat xlink:href="#sSpan756" value="PREP"/>
		<feat xlink:href="#sSpan760" value="ART"/>
		<feat xlink:href="#sSpan763" value="CREL"/>
		<feat xlink:href="#sSpan765" value="VSTAT"/>
		<feat xlink:href="#sSpan768" value="CONJ"/>
		<feat xlink:href="#sSpan775" value="PPOS"/>
		<feat xlink:href="#sSpan780" value="N"/>
		<feat xlink:href="#sSpan782" value="ADV"/>
		<feat xlink:href="#sSpan787" value="PREP"/>
		<feat xlink:href="#sSpan791" value="ART"/>
		<feat xlink:href="#sSpan794" value="CREL"/>
		<feat xlink:href="#sSpan796" value="APST"/>
		<feat xlink:href="#sSpan798" value="PPERS"/>
		<feat xlink:href="#sSpan801" value="V"/>
		<feat xlink:href="#sSpan806" value="PREP"/>
		<feat xlink:href="#sSpan810" value="N"/>
		<feat xlink:href="#sSpan814" value="PINT"/>
		<feat xlink:href="#sSpan818" value="PREP"/>
		<feat xlink:href="#sSpan822" value="ART"/>
		<feat xlink:href="#sSpan825" value="N"/>
		<feat xlink:href="#sSpan828" value="NPROP"/>
		<feat xlink:href="#sSpan834" value="PPERS"/>
		<feat xlink:href="#sSpan841" value="V"/>
		<feat xlink:href="#sSpan844" value="PTC"/>
		<feat xlink:href="#sSpan848" value="ADV"/>
		<feat xlink:href="#sSpan852" value="CONJ"/>
		<feat xlink:href="#sSpan856" value="PPERS"/>
		<feat xlink:href="#sSpan861" value="V"/>
		<feat xlink:href="#sSpan863" value="ADV"/>
		<feat xlink:href="#sSpan867" value="PPERI"/>
		<feat xlink:href="#sSpan871" value="ART"/>
		<feat xlink:href="#sSpan877" value="CREL"/>
		<feat xlink:href="#sSpan879" value="NEG"/>
		<feat xlink:href="#sSpan881" value="PPERS"/>
		<feat xlink:href="#sSpan883" value="V"/>
		<feat xlink:href="#sSpan885" value="NEG"/>
		<feat xlink:href="#sSpan890" value="PUNCT"/>
		<feat xlink:href="#sSpan894" value="CONJ"/>
		<feat xlink:href="#sSpan898" value="PPERS"/>
		<feat xlink:href="#sSpan901" value="V"/>
		<feat xlink:href="#sSpan905" value="PREP"/>
		<feat xlink:href="#sSpan909" value="ART"/>
		<feat xlink:href="#sSpan913" value="N"/>
		<feat xlink:href="#sSpan916" value="CREL"/>
		<feat xlink:href="#sSpan920" value="PREP"/>
		<feat xlink:href="#sSpan922" value="PPERO"/>
		<feat xlink:href="#sSpan926" value="CONJ"/>
		<feat xlink:href="#sSpan932" value="N"/>
		<feat xlink:href="#sSpan940" value="PUNCT"/>
		<feat xlink:href="#sSpan944" value="CONJ"/>
		<feat xlink:href="#sSpan949" value="PREP"/>
		<feat xlink:href="#sSpan953" value="N"/>
		<feat xlink:href="#sSpan957" value="PREP"/>
		<feat xlink:href="#sSpan961" value="ART"/>
		<feat xlink:href="#sSpan964" value="N"/>
		<feat xlink:href="#sSpan966" value="PREP"/>
		<feat xlink:href="#sSpan970" value="ART"/>
		<feat xlink:href="#sSpan975" value="N"/>
		<feat xlink:href="#sSpan977" value="PUNCT"/>
		<feat xlink:href="#sSpan982" value="ART"/>
		<feat xlink:href="#sSpan990" value="CREL"/>
		<feat xlink:href="#sSpan992" value="FUT"/>
		<feat xlink:href="#sSpan994" value="V"/>
		<feat xlink:href="#sSpan996" value="PPERO"/>
		<feat xlink:href="#sSpan998" value="PREP"/>
		<feat xlink:href="#sSpan1002" value="PPERO"/>
		<feat xlink:href="#sSpan1004" value="CONJ"/>
		<feat xlink:href="#sSpan1009" value="NEG"/>
		<feat xlink:href="#sSpan1011" value="PPERS"/>
		<feat xlink:href="#sSpan1013" value="V"/>
		<feat xlink:href="#sSpan1015" value="NEG"/>
		<feat xlink:href="#sSpan1020" value="PREP"/>
		<feat xlink:href="#sSpan1024" value="ART"/>
		<feat xlink:href="#sSpan1027" value="N"/>
		<feat xlink:href="#sSpan1029" value="PUNCT"/>
		<feat xlink:href="#sSpan1034" value="CONJ"/>
		<feat xlink:href="#sSpan1040" value="PPOS"/>
		<feat xlink:href="#sSpan1046" value="N"/>
		<feat xlink:href="#sSpan1048" value="AAOR"/>
		<feat xlink:href="#sSpan1053" value="PPERS"/>
		<feat xlink:href="#sSpan1055" value="V"/>
		<feat xlink:href="#sSpan1057" value="PREP"/>
		<feat xlink:href="#sSpan1061" value="PPERO"/>
		<feat xlink:href="#sSpan1063" value="PPERS"/>
		<feat xlink:href="#sSpan1068" value="V"/>
		<feat xlink:href="#sSpan1071" value="PTC"/>
		<feat xlink:href="#sSpan1075" value="IMOD"/>
		<feat xlink:href="#sSpan1080" value="PPERO"/>
		<feat xlink:href="#sSpan1082" value="PREP"/>
		<feat xlink:href="#sSpan1086" value="ART"/>
		<feat xlink:href="#sSpan1089" value="N"/>
		<feat xlink:href="#sSpan1091" value="PREP"/>
		<feat xlink:href="#sSpan1097" value="N"/>
		<feat xlink:href="#sSpan1103" value="PUNCT"/>
		<feat xlink:href="#sSpan1107" value="PINT"/>
		<feat xlink:href="#sSpan1112" value="PTC"/>
		<feat xlink:href="#sSpan1116" value="ART"/>
		<feat xlink:href="#sSpan1123" value="CREL"/>
		<feat xlink:href="#sSpan1125" value="PPERS"/>
		<feat xlink:href="#sSpan1127" value="FUT"/>
		<feat xlink:href="#sSpan1129" value="V"/>
		<feat xlink:href="#sSpan1131" value="PPERO"/>
		<feat xlink:href="#sSpan1133" value="PREP"/>
		<feat xlink:href="#sSpan1139" value="PDEM"/>
		<feat xlink:href="#sSpan1142" value="N"/>
		<feat xlink:href="#sSpan1144" value="PUNCT"/>
		<feat xlink:href="#sSpan1148" value="CONJ"/>
		<feat xlink:href="#sSpan1152" value="N"/>
		<feat xlink:href="#sSpan1157" value="PINT"/>
		<feat xlink:href="#sSpan1161" value="CREL"/>
		<feat xlink:href="#sSpan1166" value="V"/>
		<feat xlink:href="#sSpan1170" value="PUNCT"/>
		<feat xlink:href="#sSpan1174" value="ANEGPST"/>
		<feat xlink:href="#sSpan1179" value="PPERS"/>
		<feat xlink:href="#sSpan1181" value="V"/>
		<feat xlink:href="#sSpan1183" value="PREP"/>
		<feat xlink:href="#sSpan1188" value="PPERO"/>
		<feat xlink:href="#sSpan1191" value="CONJ"/>
		<feat xlink:href="#sSpan1195" value="ANEGPST"/>
		<feat xlink:href="#sSpan1199" value="PPERS"/>
		<feat xlink:href="#sSpan1201" value="V"/>
		<feat xlink:href="#sSpan1204" value="PPERO"/>
		<feat xlink:href="#sSpan1206" value="PUNCT"/>
		<feat xlink:href="#sSpan1212" value="CONJ"/>
		<feat xlink:href="#sSpan1219" value="ART"/>
		<feat xlink:href="#sSpan1224" value="N"/>
		<feat xlink:href="#sSpan1226" value="V"/>
		<feat xlink:href="#sSpan1228" value="ART"/>
		<feat xlink:href="#sSpan1234" value="N"/>
		<feat xlink:href="#sSpan1236" value="NEG"/>
		<feat xlink:href="#sSpan1240" value="PUNCT"/>
		<feat xlink:href="#sSpan1245" value="FM"/>
		<feat xlink:href="#sSpan1251" value="FM"/>
		<feat xlink:href="#sSpan1256" value="CONJ"/>
		<feat xlink:href="#sSpan1260" value="PPERS"/>
		<feat xlink:href="#sSpan1262" value="VSTAT"/>
		<feat xlink:href="#sSpan1265" value="PREP"/>
		<feat xlink:href="#sSpan1269" value="PPOS"/>
		<feat xlink:href="#sSpan1272" value="N"/>
		<feat xlink:href="#sSpan1275" value="PUNCT"/>
		<feat xlink:href="#sSpan1280" value="CONJ"/>
		<feat xlink:href="#sSpan1284" value="CFOC"/>
		<feat xlink:href="#sSpan1288" value="PPERS"/>
		<feat xlink:href="#sSpan1290" value="V"/>
		<feat xlink:href="#sSpan1292" value="ADV"/>
		<feat xlink:href="#sSpan1297" value="PREP"/>
		<feat xlink:href="#sSpan1301" value="PPERO"/>
		<feat xlink:href="#sSpan1303" value="PUNCT"/>
		<feat xlink:href="#sSpan1309" value="CONJ"/>
		<feat xlink:href="#sSpan1316" value="NEG"/>
		<feat xlink:href="#sSpan1320" value="PPERS"/>
		<feat xlink:href="#sSpan1322" value="VSTAT"/>
		<feat xlink:href="#sSpan1324" value="NEG"/>
		<feat xlink:href="#sSpan1328" value="CONJ"/>
		<feat xlink:href="#sSpan1332" value="N"/>
		<feat xlink:href="#sSpan1337" value="PINT"/>
		<feat xlink:href="#sSpan1341" value="CREL"/>
		<feat xlink:href="#sSpan1345" value="NEG"/>
		<feat xlink:href="#sSpan1347" value="PPERS"/>
		<feat xlink:href="#sSpan1349" value="FUT"/>
		<feat xlink:href="#sSpan1352" value="V"/>
		<feat xlink:href="#sSpan1354" value="NEG"/>
		<feat xlink:href="#sSpan1358" value="PREP"/>
		<feat xlink:href="#sSpan1362" value="PPOS"/>
		<feat xlink:href="#sSpan1366" value="N"/>
		<feat xlink:href="#sSpan1369" value="CCIRC"/>
		<feat xlink:href="#sSpan1373" value="VBD"/>
		<feat xlink:href="#sSpan1375" value="PPERS"/>
		<feat xlink:href="#sSpan1377" value="PPERS"/>
		<feat xlink:href="#sSpan1382" value="FUT"/>
		<feat xlink:href="#sSpan1384" value="V"/>
		<feat xlink:href="#sSpan1386" value="PPERO"/>
		<feat xlink:href="#sSpan1388" value="ACONJ"/>
		<feat xlink:href="#sSpan1392" value="PPERS"/>
		<feat xlink:href="#sSpan1395" value="V"/>
		<feat xlink:href="#sSpan1397" value="PPERO"/>
		<feat xlink:href="#sSpan1399" value="PREP"/>
		<feat xlink:href="#sSpan1403" value="ART"/>
		<feat xlink:href="#sSpan1406" value="N"/>
		<feat xlink:href="#sSpan1409" value="CONJ"/>
		<feat xlink:href="#sSpan1416" value="ART"/>
		<feat xlink:href="#sSpan1421" value="CREL"/>
		<feat xlink:href="#sSpan1423" value="VSTAT"/>
		<feat xlink:href="#sSpan1425" value="CONJ"/>
		<feat xlink:href="#sSpan1430" value="PPOS"/>
		<feat xlink:href="#sSpan1435" value="N"/>
		<feat xlink:href="#sSpan1437" value="PUNCT"/>
		<feat xlink:href="#sSpan1442" value="N"/>
		<feat xlink:href="#sSpan1448" value="PUNCT"/>
		<feat xlink:href="#sSpan1452" value="CONJ"/>
		<feat xlink:href="#sSpan1456" value="ART"/>
		<feat xlink:href="#sSpan1463" value="N"/>
		<feat xlink:href="#sSpan1465" value="PUNCT"/>
		<feat xlink:href="#sSpan1469" value="PREP"/>
		<feat xlink:href="#sSpan1474" value="ART"/>
		<feat xlink:href="#sSpan1479" value="N"/>
		<feat xlink:href="#sSpan1481" value="IMOD"/>
		<feat xlink:href="#sSpan1486" value="PPERO"/>
		<feat xlink:href="#sSpan1488" value="PUNCT"/>
		<feat xlink:href="#sSpan1492" value="APST"/>
		<feat xlink:href="#sSpan1497" value="PPERS"/>
		<feat xlink:href="#sSpan1499" value="V"/>
		<feat xlink:href="#sSpan1502" value="PPERS"/>
		<feat xlink:href="#sSpan1504" value="PREP"/>
		<feat xlink:href="#sSpan1508" value="PPERO"/>
		<feat xlink:href="#sSpan1510" value="PUNCT"/>
		<feat xlink:href="#sSpan1514" value="CONJ"/></featList></paula>