<?xml version='1.0' encoding='UTF-8'?><!DOCTYPE paula SYSTEM "paula_feat.dtd">
<paula version="1.1">
	<header paula_id="scriptorium.GF17-18.dep_func"/>
	<featList xmlns:xlink="http://www.w3.org/1999/xlink" type="func" xml:base="scriptorium.GF17-18.dep.xml">
		<feat xlink:href="#sPointingRel1" value="advmod"/>
		<feat xlink:href="#sPointingRel3" value="det"/>
		<feat xlink:href="#sPointingRel5" value="nsubj"/>
		<feat xlink:href="#sPointingRel7" value="obl"/>
		<feat xlink:href="#sPointingRel9" value="det"/>
		<feat xlink:href="#sPointingRel11" value="cc"/>
		<feat xlink:href="#sPointingRel13" value="advmod"/>
		<feat xlink:href="#sPointingRel15" value="nsubj"/>
		<feat xlink:href="#sPointingRel17" value="nsubj"/>
		<feat xlink:href="#sPointingRel19" value="det"/>
		<feat xlink:href="#sPointingRel21" value="csubj"/>
		<feat xlink:href="#sPointingRel23" value="obj"/>
		<feat xlink:href="#sPointingRel25" value="case"/>
		<feat xlink:href="#sPointingRel27" value="cc"/>
		<feat xlink:href="#sPointingRel29" value="det"/>
		<feat xlink:href="#sPointingRel31" value="aux"/>
		<feat xlink:href="#sPointingRel33" value="case"/>
		<feat xlink:href="#sPointingRel35" value="det"/>
		<feat xlink:href="#sPointingRel37" value="obl"/>
		<feat xlink:href="#sPointingRel39" value="nmod"/>
		<feat xlink:href="#sPointingRel41" value="aux"/>
		<feat xlink:href="#sPointingRel43" value="cc"/>
		<feat xlink:href="#sPointingRel45" value="advcl"/>
		<feat xlink:href="#sPointingRel47" value="obl"/>
		<feat xlink:href="#sPointingRel49" value="nsubj"/>
		<feat xlink:href="#sPointingRel51" value="case"/>
		<feat xlink:href="#sPointingRel53" value="acl:relcl"/>
		<feat xlink:href="#sPointingRel55" value="xcomp"/>
		<feat xlink:href="#sPointingRel57" value="conj"/>
		<feat xlink:href="#sPointingRel59" value="det"/>
		<feat xlink:href="#sPointingRel61" value="cc"/>
		<feat xlink:href="#sPointingRel63" value="mark"/>
		<feat xlink:href="#sPointingRel65" value="case"/>
		<feat xlink:href="#sPointingRel67" value="det"/>
		<feat xlink:href="#sPointingRel69" value="obj"/>
		<feat xlink:href="#sPointingRel71" value="case"/>
		<feat xlink:href="#sPointingRel73" value="det"/>
		<feat xlink:href="#sPointingRel75" value="nsubj"/>
		<feat xlink:href="#sPointingRel77" value="det"/>
		<feat xlink:href="#sPointingRel79" value="case"/>
		<feat xlink:href="#sPointingRel81" value="case"/>
		<feat xlink:href="#sPointingRel83" value="aux"/>
		<feat xlink:href="#sPointingRel85" value="case"/>
		<feat xlink:href="#sPointingRel87" value="det"/>
		<feat xlink:href="#sPointingRel89" value="acl:relcl"/>
		<feat xlink:href="#sPointingRel91" value="det"/>
		<feat xlink:href="#sPointingRel93" value="aux"/>
		<feat xlink:href="#sPointingRel95" value="nmod"/>
		<feat xlink:href="#sPointingRel97" value="det"/>
		<feat xlink:href="#sPointingRel99" value="obj"/>
		<feat xlink:href="#sPointingRel101" value="advmod"/>
		<feat xlink:href="#sPointingRel103" value="mark"/>
		<feat xlink:href="#sPointingRel105" value="nmod"/>
		<feat xlink:href="#sPointingRel107" value="nsubj"/>
		<feat xlink:href="#sPointingRel109" value="cop"/>
		<feat xlink:href="#sPointingRel111" value="obl"/>
		<feat xlink:href="#sPointingRel113" value="aux"/>
		<feat xlink:href="#sPointingRel115" value="advmod"/>
		<feat xlink:href="#sPointingRel117" value="case"/>
		<feat xlink:href="#sPointingRel119" value="conj"/>
		<feat xlink:href="#sPointingRel121" value="advmod"/>
		<feat xlink:href="#sPointingRel123" value="obj"/>
		<feat xlink:href="#sPointingRel125" value="dislocated"/>
		<feat xlink:href="#sPointingRel127" value="case"/>
		<feat xlink:href="#sPointingRel129" value="nsubj"/>
		<feat xlink:href="#sPointingRel131" value="det"/>
		<feat xlink:href="#sPointingRel133" value="nsubj"/>
		<feat xlink:href="#sPointingRel135" value="obl"/>
		<feat xlink:href="#sPointingRel137" value="conj"/>
		<feat xlink:href="#sPointingRel139" value="det"/>
		<feat xlink:href="#sPointingRel141" value="mark"/>
		<feat xlink:href="#sPointingRel143" value="det"/>
		<feat xlink:href="#sPointingRel145" value="mark"/>
		<feat xlink:href="#sPointingRel147" value="cc"/>
		<feat xlink:href="#sPointingRel149" value="mark"/>
		<feat xlink:href="#sPointingRel151" value="mark"/>
		<feat xlink:href="#sPointingRel153" value="conj"/>
		<feat xlink:href="#sPointingRel155" value="obl"/>
		<feat xlink:href="#sPointingRel157" value="acl:relcl"/>
		<feat xlink:href="#sPointingRel159" value="nsubj"/>
		<feat xlink:href="#sPointingRel161" value="obj"/>
		<feat xlink:href="#sPointingRel163" value="case"/>
		<feat xlink:href="#sPointingRel165" value="acl:relcl"/>
		<feat xlink:href="#sPointingRel167" value="obj"/>
		<feat xlink:href="#sPointingRel169" value="cc"/>
		<feat xlink:href="#sPointingRel171" value="obl"/>
		<feat xlink:href="#sPointingRel173" value="conj"/>
		<feat xlink:href="#sPointingRel175" value="obj"/>
		<feat xlink:href="#sPointingRel177" value="obl"/>
		<feat xlink:href="#sPointingRel179" value="det"/>
		<feat xlink:href="#sPointingRel181" value="det"/>
		<feat xlink:href="#sPointingRel183" value="det"/>
		<feat xlink:href="#sPointingRel185" value="aux"/>
		<feat xlink:href="#sPointingRel187" value="det"/>
		<feat xlink:href="#sPointingRel189" value="mark"/>
		<feat xlink:href="#sPointingRel191" value="mark"/>
		<feat xlink:href="#sPointingRel193" value="case"/>
		<feat xlink:href="#sPointingRel195" value="dislocated"/>
		<feat xlink:href="#sPointingRel197" value="nsubj"/>
		<feat xlink:href="#sPointingRel199" value="conj"/>
		<feat xlink:href="#sPointingRel201" value="nsubj"/>
		<feat xlink:href="#sPointingRel203" value="case"/>
		<feat xlink:href="#sPointingRel205" value="nsubj"/>
		<feat xlink:href="#sPointingRel207" value="case"/>
		<feat xlink:href="#sPointingRel209" value="appos"/>
		<feat xlink:href="#sPointingRel211" value="nmod"/>
		<feat xlink:href="#sPointingRel213" value="obl"/>
		<feat xlink:href="#sPointingRel215" value="case"/>
		<feat xlink:href="#sPointingRel217" value="nsubj"/>
		<feat xlink:href="#sPointingRel219" value="case"/>
		<feat xlink:href="#sPointingRel221" value="advmod"/>
		<feat xlink:href="#sPointingRel223" value="obl"/>
		<feat xlink:href="#sPointingRel225" value="conj"/>
		<feat xlink:href="#sPointingRel227" value="case"/>
		<feat xlink:href="#sPointingRel229" value="nsubj"/>
		<feat xlink:href="#sPointingRel231" value="case"/>
		<feat xlink:href="#sPointingRel233" value="det"/>
		<feat xlink:href="#sPointingRel235" value="ccomp"/>
		<feat xlink:href="#sPointingRel237" value="acl:relcl"/>
		<feat xlink:href="#sPointingRel239" value="case"/>
		<feat xlink:href="#sPointingRel241" value="aux"/>
		<feat xlink:href="#sPointingRel243" value="dislocated"/>
		<feat xlink:href="#sPointingRel245" value="case"/>
		<feat xlink:href="#sPointingRel247" value="obl"/>
		<feat xlink:href="#sPointingRel249" value="det"/>
		<feat xlink:href="#sPointingRel251" value="obl"/>
		<feat xlink:href="#sPointingRel253" value="advmod"/>
		<feat xlink:href="#sPointingRel255" value="mark"/>
		<feat xlink:href="#sPointingRel257" value="case"/>
		<feat xlink:href="#sPointingRel259" value="nsubj"/>
		<feat xlink:href="#sPointingRel261" value="case"/>
		<feat xlink:href="#sPointingRel263" value="dislocated"/>
		<feat xlink:href="#sPointingRel265" value="case"/>
		<feat xlink:href="#sPointingRel267" value="det"/>
		<feat xlink:href="#sPointingRel269" value="nsubj"/>
		<feat xlink:href="#sPointingRel271" value="case"/>
		<feat xlink:href="#sPointingRel273" value="nsubj"/>
		<feat xlink:href="#sPointingRel275" value="aux"/>
		<feat xlink:href="#sPointingRel277" value="dislocated"/>
		<feat xlink:href="#sPointingRel279" value="advmod"/>
		<feat xlink:href="#sPointingRel281" value="nsubj"/>
		<feat xlink:href="#sPointingRel283" value="mark"/>
		<feat xlink:href="#sPointingRel285" value="dislocated"/>
		<feat xlink:href="#sPointingRel287" value="case"/>
		<feat xlink:href="#sPointingRel289" value="case"/>
		<feat xlink:href="#sPointingRel291" value="nsubj"/>
		<feat xlink:href="#sPointingRel293" value="mark"/>
		<feat xlink:href="#sPointingRel295" value="nsubj"/>
		<feat xlink:href="#sPointingRel297" value="mark"/>
		<feat xlink:href="#sPointingRel299" value="nsubj"/>
		<feat xlink:href="#sPointingRel301" value="mark"/>
		<feat xlink:href="#sPointingRel303" value="case"/>
		<feat xlink:href="#sPointingRel305" value="det"/>
		<feat xlink:href="#sPointingRel307" value="cc"/>
		<feat xlink:href="#sPointingRel309" value="nsubj"/>
		<feat xlink:href="#sPointingRel311" value="nmod"/>
		<feat xlink:href="#sPointingRel313" value="aux"/>
		<feat xlink:href="#sPointingRel315" value="acl:relcl"/>
		<feat xlink:href="#sPointingRel317" value="advmod"/>
		<feat xlink:href="#sPointingRel319" value="det"/>
		<feat xlink:href="#sPointingRel321" value="acl:relcl"/>
		<feat xlink:href="#sPointingRel323" value="cc"/>
		<feat xlink:href="#sPointingRel325" value="det"/>
		<feat xlink:href="#sPointingRel327" value="acl:relcl"/>
		<feat xlink:href="#sPointingRel329" value="obl"/>
		<feat xlink:href="#sPointingRel331" value="advcl"/>
		<feat xlink:href="#sPointingRel333" value="advmod"/>
		<feat xlink:href="#sPointingRel335" value="nsubj"/>
		<feat xlink:href="#sPointingRel337" value="det"/>
		<feat xlink:href="#sPointingRel339" value="nsubj"/>
		<feat xlink:href="#sPointingRel341" value="det"/>
		<feat xlink:href="#sPointingRel343" value="mark"/>
		<feat xlink:href="#sPointingRel345" value="advmod"/>
		<feat xlink:href="#sPointingRel347" value="case"/>
		<feat xlink:href="#sPointingRel349" value="mark"/>
		<feat xlink:href="#sPointingRel351" value="acl:relcl"/>
		<feat xlink:href="#sPointingRel353" value="aux"/>
		<feat xlink:href="#sPointingRel355" value="nsubj"/>
		<feat xlink:href="#sPointingRel357" value="det"/>
		<feat xlink:href="#sPointingRel359" value="acl:relcl"/>
		<feat xlink:href="#sPointingRel361" value="obl"/>
		<feat xlink:href="#sPointingRel363" value="obl"/>
		<feat xlink:href="#sPointingRel365" value="conj"/>
		<feat xlink:href="#sPointingRel367" value="acl:relcl"/>
		<feat xlink:href="#sPointingRel369" value="det"/>
		<feat xlink:href="#sPointingRel371" value="det"/>
		<feat xlink:href="#sPointingRel373" value="ccomp"/>
		<feat xlink:href="#sPointingRel375" value="aux"/>
		<feat xlink:href="#sPointingRel377" value="mark"/>
		<feat xlink:href="#sPointingRel379" value="nsubj"/>
		<feat xlink:href="#sPointingRel381" value="acl:relcl"/>
		<feat xlink:href="#sPointingRel383" value="advmod"/>
		<feat xlink:href="#sPointingRel385" value="nsubj"/>
		<feat xlink:href="#sPointingRel387" value="det"/>
		<feat xlink:href="#sPointingRel389" value="obl"/>
		<feat xlink:href="#sPointingRel391" value="obl"/>
		<feat xlink:href="#sPointingRel393" value="obl"/>
		<feat xlink:href="#sPointingRel395" value="case"/>
		<feat xlink:href="#sPointingRel397" value="advmod"/>
		<feat xlink:href="#sPointingRel399" value="mark"/>
		<feat xlink:href="#sPointingRel401" value="advmod"/>
		<feat xlink:href="#sPointingRel403" value="nsubj"/>
		<feat xlink:href="#sPointingRel405" value="case"/>
		<feat xlink:href="#sPointingRel407" value="fixed"/>
		<feat xlink:href="#sPointingRel409" value="case"/>
		<feat xlink:href="#sPointingRel411" value="mark"/>
		<feat xlink:href="#sPointingRel413" value="aux"/>
		<feat xlink:href="#sPointingRel415" value="advmod"/>
		<feat xlink:href="#sPointingRel417" value="nmod"/>
		<feat xlink:href="#sPointingRel419" value="conj"/>
		<feat xlink:href="#sPointingRel421" value="advmod"/>
		<feat xlink:href="#sPointingRel423" value="case"/>
		<feat xlink:href="#sPointingRel425" value="advcl"/>
		<feat xlink:href="#sPointingRel427" value="nmod"/>
		<feat xlink:href="#sPointingRel429" value="case"/>
		<feat xlink:href="#sPointingRel431" value="cc"/>
		<feat xlink:href="#sPointingRel433" value="cc"/>
		<feat xlink:href="#sPointingRel435" value="advmod"/>
		<feat xlink:href="#sPointingRel437" value="dislocated"/>
		<feat xlink:href="#sPointingRel439" value="det"/>
		<feat xlink:href="#sPointingRel441" value="mark"/>
		<feat xlink:href="#sPointingRel443" value="obl"/>
		<feat xlink:href="#sPointingRel445" value="nmod"/>
		<feat xlink:href="#sPointingRel447" value="det"/>
		<feat xlink:href="#sPointingRel449" value="obl"/>
		<feat xlink:href="#sPointingRel451" value="advmod"/>
		<feat xlink:href="#sPointingRel453" value="advmod"/>
		<feat xlink:href="#sPointingRel455" value="mark"/>
		<feat xlink:href="#sPointingRel457" value="nsubj"/>
		<feat xlink:href="#sPointingRel459" value="advmod"/>
		<feat xlink:href="#sPointingRel461" value="case"/>
		<feat xlink:href="#sPointingRel463" value="advmod"/>
		<feat xlink:href="#sPointingRel465" value="nsubj"/>
		<feat xlink:href="#sPointingRel467" value="mark"/>
		<feat xlink:href="#sPointingRel469" value="det"/>
		<feat xlink:href="#sPointingRel471" value="obl"/>
		<feat xlink:href="#sPointingRel473" value="det"/>
		<feat xlink:href="#sPointingRel475" value="obl"/>
		<feat xlink:href="#sPointingRel477" value="case"/>
		<feat xlink:href="#sPointingRel479" value="det"/>
		<feat xlink:href="#sPointingRel481" value="mark"/>
		<feat xlink:href="#sPointingRel483" value="aux"/>
		<feat xlink:href="#sPointingRel485" value="case"/>
		<feat xlink:href="#sPointingRel487" value="mark"/>
		<feat xlink:href="#sPointingRel489" value="advmod"/>
		<feat xlink:href="#sPointingRel491" value="nsubj"/>
		<feat xlink:href="#sPointingRel493" value="conj"/>
		<feat xlink:href="#sPointingRel495" value="nsubj"/>
		<feat xlink:href="#sPointingRel497" value="obj"/>
		<feat xlink:href="#sPointingRel499" value="aux"/>
		<feat xlink:href="#sPointingRel501" value="advmod"/>
		<feat xlink:href="#sPointingRel503" value="advmod"/>
		<feat xlink:href="#sPointingRel505" value="acl:relcl"/>
		<feat xlink:href="#sPointingRel507" value="advmod"/>
		<feat xlink:href="#sPointingRel509" value="mark"/>
		<feat xlink:href="#sPointingRel511" value="obj"/>
		<feat xlink:href="#sPointingRel513" value="case"/>
		<feat xlink:href="#sPointingRel515" value="aux"/>
		<feat xlink:href="#sPointingRel517" value="det"/>
		<feat xlink:href="#sPointingRel519" value="det"/>
		<feat xlink:href="#sPointingRel521" value="advmod"/>
		<feat xlink:href="#sPointingRel523" value="parataxis"/>
		<feat xlink:href="#sPointingRel525" value="det"/>
		<feat xlink:href="#sPointingRel527" value="parataxis"/>
		<feat xlink:href="#sPointingRel529" value="case"/>
		<feat xlink:href="#sPointingRel531" value="nsubj"/>
		<feat xlink:href="#sPointingRel533" value="mark"/>
		<feat xlink:href="#sPointingRel535" value="advmod"/>
		<feat xlink:href="#sPointingRel537" value="det"/>
		<feat xlink:href="#sPointingRel539" value="advmod"/>
		<feat xlink:href="#sPointingRel541" value="advmod"/>
		<feat xlink:href="#sPointingRel543" value="det"/>
		<feat xlink:href="#sPointingRel545" value="case"/>
		<feat xlink:href="#sPointingRel547" value="dislocated"/>
		<feat xlink:href="#sPointingRel549" value="nsubj"/>
		<feat xlink:href="#sPointingRel551" value="acl:relcl"/>
		<feat xlink:href="#sPointingRel553" value="obl"/>
		<feat xlink:href="#sPointingRel555" value="cc"/>
		<feat xlink:href="#sPointingRel557" value="cc"/>
		<feat xlink:href="#sPointingRel559" value="case"/>
		<feat xlink:href="#sPointingRel561" value="mark"/>
		<feat xlink:href="#sPointingRel563" value="nsubj"/>
		<feat xlink:href="#sPointingRel565" value="aux"/>
		<feat xlink:href="#sPointingRel567" value="advmod"/>
		<feat xlink:href="#sPointingRel569" value="det"/>
		<feat xlink:href="#sPointingRel571" value="det"/>
		<feat xlink:href="#sPointingRel573" value="case"/>
		<feat xlink:href="#sPointingRel575" value="cop"/>
		<feat xlink:href="#sPointingRel577" value="cop"/>
		<feat xlink:href="#sPointingRel579" value="case"/>
		<feat xlink:href="#sPointingRel581" value="det"/>
		<feat xlink:href="#sPointingRel583" value="nsubj"/>
		<feat xlink:href="#sPointingRel585" value="obj"/>
		<feat xlink:href="#sPointingRel587" value="det"/>
		<feat xlink:href="#sPointingRel589" value="det"/>
		<feat xlink:href="#sPointingRel591" value="advmod"/>
		<feat xlink:href="#sPointingRel593" value="advmod"/>
		<feat xlink:href="#sPointingRel595" value="mark"/>
		<feat xlink:href="#sPointingRel597" value="nsubj"/>
		<feat xlink:href="#sPointingRel599" value="nmod"/>
		<feat xlink:href="#sPointingRel601" value="case"/>
		<feat xlink:href="#sPointingRel603" value="conj"/>
		<feat xlink:href="#sPointingRel605" value="advmod"/>
		<feat xlink:href="#sPointingRel607" value="obl:npmod"/>
		<feat xlink:href="#sPointingRel609" value="advmod"/>
		<feat xlink:href="#sPointingRel611" value="acl:relcl"/>
		<feat xlink:href="#sPointingRel613" value="nsubj"/>
		<feat xlink:href="#sPointingRel615" value="nsubj"/>
		<feat xlink:href="#sPointingRel617" value="acl:relcl"/>
		<feat xlink:href="#sPointingRel619" value="aux"/>
		<feat xlink:href="#sPointingRel621" value="case"/>
		<feat xlink:href="#sPointingRel623" value="case"/>
		<feat xlink:href="#sPointingRel625" value="mark"/>
		<feat xlink:href="#sPointingRel627" value="conj"/>
		<feat xlink:href="#sPointingRel629" value="nsubj"/>
		<feat xlink:href="#sPointingRel631" value="advmod"/>
		<feat xlink:href="#sPointingRel633" value="obj"/>
		<feat xlink:href="#sPointingRel635" value="det"/>
		<feat xlink:href="#sPointingRel637" value="det"/>
		<feat xlink:href="#sPointingRel639" value="cc"/>
		<feat xlink:href="#sPointingRel641" value="mark"/>
		<feat xlink:href="#sPointingRel643" value="case"/>
		<feat xlink:href="#sPointingRel645" value="case"/>
		<feat xlink:href="#sPointingRel647" value="obj"/>
		<feat xlink:href="#sPointingRel649" value="obj"/>
		<feat xlink:href="#sPointingRel651" value="mark"/>
		<feat xlink:href="#sPointingRel653" value="aux"/>
		<feat xlink:href="#sPointingRel655" value="csubj"/>
		<feat xlink:href="#sPointingRel657" value="aux"/>
		<feat xlink:href="#sPointingRel659" value="parataxis"/>
		<feat xlink:href="#sPointingRel661" value="mark"/>
		<feat xlink:href="#sPointingRel663" value="mark"/>
		<feat xlink:href="#sPointingRel665" value="ccomp"/>
		<feat xlink:href="#sPointingRel667" value="mark"/>
		<feat xlink:href="#sPointingRel669" value="det"/>
		<feat xlink:href="#sPointingRel671" value="nmod"/>
		<feat xlink:href="#sPointingRel673" value="obl"/>
		<feat xlink:href="#sPointingRel675" value="obj"/>
		<feat xlink:href="#sPointingRel677" value="acl:relcl"/>
		<feat xlink:href="#sPointingRel679" value="nsubj"/>
		<feat xlink:href="#sPointingRel681" value="nsubj"/>
		<feat xlink:href="#sPointingRel683" value="ccomp"/>
		<feat xlink:href="#sPointingRel685" value="acl:relcl"/>
		<feat xlink:href="#sPointingRel687" value="obj"/>
		<feat xlink:href="#sPointingRel689" value="cc"/>
		<feat xlink:href="#sPointingRel691" value="det"/>
		<feat xlink:href="#sPointingRel693" value="obl"/>
		<feat xlink:href="#sPointingRel695" value="acl:relcl"/>
		<feat xlink:href="#sPointingRel697" value="parataxis"/>
		<feat xlink:href="#sPointingRel699" value="aux"/>
		<feat xlink:href="#sPointingRel701" value="mark"/>
		<feat xlink:href="#sPointingRel703" value="cc"/>
		<feat xlink:href="#sPointingRel705" value="acl:relcl"/>
		<feat xlink:href="#sPointingRel707" value="dislocated"/>
		<feat xlink:href="#sPointingRel709" value="nmod"/>
		<feat xlink:href="#sPointingRel711" value="obl"/>
		<feat xlink:href="#sPointingRel713" value="obl"/>
		<feat xlink:href="#sPointingRel715" value="obj"/>
		<feat xlink:href="#sPointingRel717" value="case"/>
		<feat xlink:href="#sPointingRel719" value="obl"/>
		<feat xlink:href="#sPointingRel721" value="obl"/>
		<feat xlink:href="#sPointingRel723" value="case"/></featList></paula>