<?xml version='1.0' encoding='UTF-8'?><!DOCTYPE paula SYSTEM "paula_feat.dtd">
<paula version="1.1">
	<header paula_id="scriptorium.GF17-18.mark_hi_rend"/>
	<featList xmlns:xlink="http://www.w3.org/1999/xlink" type="hi_rend" xml:base="scriptorium.GF17-18.mark.xml">
		<feat xlink:href="#sSpan133" value="ekthetic"/>
		<feat xlink:href="#sSpan181" value="ekthetic"/>
		<feat xlink:href="#sSpan267" value="ekthetic"/>
		<feat xlink:href="#sSpan336" value="ekthetic"/>
		<feat xlink:href="#sSpan429" value="ekthetic"/>
		<feat xlink:href="#sSpan486" value="ekthetic"/>
		<feat xlink:href="#sSpan617" value="ekthetic"/>
		<feat xlink:href="#sSpan833" value="ekthetic"/>
		<feat xlink:href="#sSpan981" value="ekthetic"/>
		<feat xlink:href="#sSpan1210" value="ekthetic"/>
		<feat xlink:href="#sSpan1307" value="ekthetic"/>
		<feat xlink:href="#sSpan1408" value="ekthetic"/></featList></paula>