<?xml version='1.0' encoding='UTF-8'?><!DOCTYPE paula SYSTEM "paula_feat.dtd">
<paula version="1.1">
	<header paula_id="scriptorium.GF17-18.mark_note"/>
	<featList xmlns:xlink="http://www.w3.org/1999/xlink" type="note" xml:base="scriptorium.GF17-18.mark.xml">
		<feat xlink:href="#sSpan1" value="number ⲃ visible in the topic margin; choir number ⲓⲍ partially visible in the top margin; Drawing of a bird in the center of the bottom margin."/>
		<feat xlink:href="#sSpan300" value="Scribal error double N across line boundary?"/>
		<feat xlink:href="#sSpan767" value="Choir number ⲓⲏ visible in the top margin"/>
		<feat xlink:href="#sSpan904" value="These lines are marked with diples in the left margin."/>
		<feat xlink:href="#sSpan1138" value="These lines are marked with diples (obelus at line 2) in the left margin"/>
		<feat xlink:href="#sSpan1336" value="These lines are marked with diples in the left margin"/>
		<feat xlink:href="#sSpan1477" value="Scribal error double N?"/></featList></paula>