<?xml version='1.0' encoding='UTF-8'?><!DOCTYPE paula SYSTEM "paula_feat.dtd">
<paula version="1.1">
	<header paula_id="scriptorium.cross.michbr291-294.mark_cb_n"/>
	<featList xmlns:xlink="http://www.w3.org/1999/xlink" type="cb_n" xml:base="scriptorium.cross.michbr291-294.mark.xml">
		<feat xlink:href="#sSpan12" value="1"/>
		<feat xlink:href="#sSpan508" value="2"/>
		<feat xlink:href="#sSpan1123" value="1"/>
		<feat xlink:href="#sSpan1785" value="2"/>
		<feat xlink:href="#sSpan2344" value="1"/>
		<feat xlink:href="#sSpan2942" value="2"/>
		<feat xlink:href="#sSpan3678" value="1"/>
		<feat xlink:href="#sSpan4258" value="2"/></featList></paula>