<?xml version='1.0' encoding='UTF-8'?><!DOCTYPE paula SYSTEM "paula_feat.dtd">
<paula version="1.1">
	<header paula_id="scriptorium.cross.michbr291-294.mark_orig"/>
	<featList xmlns:xlink="http://www.w3.org/1999/xlink" type="orig" xml:base="scriptorium.cross.michbr291-294.mark.xml">
		<feat xlink:href="#sSpan2" value="ⲕⲉ"/>
		<feat xlink:href="#sSpan15" value="ⲥⲛⲏⲩ"/>
		<feat xlink:href="#sSpan17" value="·"/>
		<feat xlink:href="#sSpan21" value="ⲛⲁⲓ̈"/>
		<feat xlink:href="#sSpan29" value="ⲛ̄ⲧ"/>
		<feat xlink:href="#sSpan34" value="ⲁ"/>
		<feat xlink:href="#sSpan36" value="ⲡ"/>
		<feat xlink:href="#sSpan39" value="ⲕⲁϩ"/>
		<feat xlink:href="#sSpan41" value="ⲟⲩⲱⲛ"/>
		<feat xlink:href="#sSpan45" value="ⲉ̄ⲣⲱ"/>
		<feat xlink:href="#sSpan50" value="ϥ"/>
		<feat xlink:href="#sSpan52" value="ⲁ"/>
		<feat xlink:href="#sSpan56" value="ϥ"/>
		<feat xlink:href="#sSpan58" value="ⲟⲙⲕ"/>
		<feat xlink:href="#sSpan60" value="ⲟⲩ"/>
		<feat xlink:href="#sSpan62" value="ⲉ̄ⲧⲉ"/>
		<feat xlink:href="#sSpan68" value="ⲧⲁⲑⲁⲛ"/>
		<feat xlink:href="#sSpan71" value="ⲡⲉ"/>
		<feat xlink:href="#sSpan75" value="·"/>
		<feat xlink:href="#sSpan79" value="ⲙⲛ"/>
		<feat xlink:href="#sSpan85" value="ⲁⲃⲓⲣⲱⲛ"/>
		<feat xlink:href="#sSpan88" value="·"/>
		<feat xlink:href="#sSpan92" value="ⲙⲛ̄"/>
		<feat xlink:href="#sSpan96" value="ⲛ"/>
		<feat xlink:href="#sSpan100" value="ϣⲏⲣⲉ"/>
		<feat xlink:href="#sSpan102" value="ⲛ̄"/>
		<feat xlink:href="#sSpan107" value="ⲕⲟⲣⲉ"/>
		<feat xlink:href="#sSpan110" value="·"/>
		<feat xlink:href="#sSpan114" value="ⲛⲁⲓ"/>
		<feat xlink:href="#sSpan120" value="ⲛ̄ⲧ"/>
		<feat xlink:href="#sSpan124" value="ⲁ"/>
		<feat xlink:href="#sSpan126" value="ⲩ"/>
		<feat xlink:href="#sSpan128" value="ⲧⲱⲟⲩ⳯"/>
		<feat xlink:href="#sSpan130" value="ⲉϫⲙ̄"/>
		<feat xlink:href="#sSpan136" value="ⲙⲱⲩⲥⲏⲥ"/>
		<feat xlink:href="#sSpan139" value="ϩ︤ⲛ︥"/>
		<feat xlink:href="#sSpan143" value="ⲧ"/>
		<feat xlink:href="#sSpan148" value="ⲉⲣⲏⲙⲟⲥ"/>
		<feat xlink:href="#sSpan150" value="·"/>
		<feat xlink:href="#sSpan154" value="ⲙⲁⲣⲉ"/>
		<feat xlink:href="#sSpan163" value="ⲛ"/>
		<feat xlink:href="#sSpan165" value="ⲕⲧⲟ"/>
		<feat xlink:href="#sSpan167" value="ⲛ"/>
		<feat xlink:href="#sSpan169" value="ϭⲉ"/>
		<feat xlink:href="#sSpan174" value="ⲟⲛ"/>
		<feat xlink:href="#sSpan179" value="ⲉϩⲣⲁⲓ̈"/>
		<feat xlink:href="#sSpan183" value="ⲉϫⲙ̄"/>
		<feat xlink:href="#sSpan187" value="ⲡ"/>
		<feat xlink:href="#sSpan190" value="ⲙⲉⲅⲉⲑⲟⲥ"/>
		<feat xlink:href="#sSpan193" value="·"/>
		<feat xlink:href="#sSpan197" value="ⲙ̄"/>
		<feat xlink:href="#sSpan201" value="ⲡⲉⲓ"/>
		<feat xlink:href="#sSpan205" value="ⲁϩⲟⲣⲁⲧⲟⲛ"/>
		<feat xlink:href="#sSpan209" value="ⲥ̄ⳁⲟ︤ⲥ︥"/>
		<feat xlink:href="#sSpan213" value="ⲛ̄"/>
		<feat xlink:href="#sSpan217" value="ⲧⲛ̄"/>
		<feat xlink:href="#sSpan220" value="ϣⲁϫⲉ"/>
		<feat xlink:href="#sSpan222" value="ⲉ̄ⲣⲟ"/>
		<feat xlink:href="#sSpan226" value="ϥ"/>
		<feat xlink:href="#sSpan228" value="·"/>
		<feat xlink:href="#sSpan233" value="ⲧⲏⲛⲟⲗⲟⲧⲓⲛ"/>
		<feat xlink:href="#sSpan241" value="ⲛ̄"/>
		<feat xlink:href="#sSpan245" value="ⲧⲛ̄"/>
		<feat xlink:href="#sSpan248" value="ⲉⲓⲙⲉ"/>
		<feat xlink:href="#sSpan250" value="ⲉ̄"/>
		<feat xlink:href="#sSpan254" value="ⲛⲉ"/>
		<feat xlink:href="#sSpan258" value="ⲡⲣⲟⲫⲏⲧⲓⲁ"/>
		<feat xlink:href="#sSpan261" value="ⲛ̄"/>
		<feat xlink:href="#sSpan265" value="ⲛⲉ"/>
		<feat xlink:href="#sSpan269" value="ⲡⲣⲟⲫⲏⲧⲏⲥ"/>
		<feat xlink:href="#sSpan272" value="·"/>
		<feat xlink:href="#sSpan276" value="ⲛ̄ⲧ"/>
		<feat xlink:href="#sSpan280" value="ⲁ"/>
		<feat xlink:href="#sSpan282" value="ⲩ"/>
		<feat xlink:href="#sSpan284" value="ϫⲟⲟ"/>
		<feat xlink:href="#sSpan287" value="ⲩ"/>
		<feat xlink:href="#sSpan289" value="ⲉ̄ⲣⲟ"/>
		<feat xlink:href="#sSpan293" value="ϥ"/>
		<feat xlink:href="#sSpan295" value="ϫⲓⲛ̄"/>
		<feat xlink:href="#sSpan299" value="ⲧ"/>
		<feat xlink:href="#sSpan303" value="ⲁⲣⲭⲏ"/>
		<feat xlink:href="#sSpan306" value="ϣⲁ"/>
		<feat xlink:href="#sSpan310" value="ⲑ"/>
		<feat xlink:href="#sSpan313" value="ⲁⲏ"/>
		<feat xlink:href="#sSpan315" value="·"/>
		<feat xlink:href="#sSpan319" value="ⲛ̄ⲧⲱⲧⲛ̄"/>
		<feat xlink:href="#sSpan327" value="ϩⲱⲧ"/>
		<feat xlink:href="#sSpan331" value="ⲧⲏⲩⲧⲛ"/>
		<feat xlink:href="#sSpan334" value="ⲱ̄"/>
		<feat xlink:href="#sSpan339" value="ⲛ"/>
		<feat xlink:href="#sSpan345" value="ⲁⲕⲣⲱⲁⲧⲏⲥ"/>
		<feat xlink:href="#sSpan347" value="·"/>
		<feat xlink:href="#sSpan351" value="ⲟⲩⲱϣⲥ̄"/>
		<feat xlink:href="#sSpan357" value="ⲉ̄ⲃⲟⲗ"/>
		<feat xlink:href="#sSpan361" value="ⲛ̄"/>
		<feat xlink:href="#sSpan365" value="ⲛⲉⲧⲛ"/>
		<feat xlink:href="#sSpan370" value="ⲁⲓⲥⲑⲏⲧⲏⲣⲓⲟⲛ"/>
		<feat xlink:href="#sSpan372" value="ⲛ̄"/>
		<feat xlink:href="#sSpan377" value="ⲧⲉⲧⲛ̄"/>
		<feat xlink:href="#sSpan380" value="ϫⲓⲥⲙⲏ"/>
		<feat xlink:href="#sSpan383" value="ϩ︤ⲛ︥"/>
		<feat xlink:href="#sSpan387" value="ⲟⲩ"/>
		<feat xlink:href="#sSpan392" value="ⲉ̄ⲍⲉⲭⲓⲁ"/>
		<feat xlink:href="#sSpan394" value="·"/>
		<feat xlink:href="#sSpan398" value="ⲁⲩⲉⲓ"/>
		<feat xlink:href="#sSpan405" value="ⲥ"/>
		<feat xlink:href="#sSpan407" value="ⲛ"/>
		<feat xlink:href="#sSpan412" value="ⲧⲛ̄"/>
		<feat xlink:href="#sSpan414" value="ⲟⲩⲱⲛ"/>
		<feat xlink:href="#sSpan416" value="ⲙ̄"/>
		<feat xlink:href="#sSpan420" value="ⲡ̄"/>
		<feat xlink:href="#sSpan423" value="ⲛⲟϭ"/>
		<feat xlink:href="#sSpan426" value="ⲛ̄"/>
		<feat xlink:href="#sSpan431" value="ⲑⲩⲥⲁⲩⲣⲟⲥ"/>
		<feat xlink:href="#sSpan433" value="ⲉ̄ⲧ"/>
		<feat xlink:href="#sSpan438" value="ⲟⲩⲁⲁⲃ"/>
		<feat xlink:href="#sSpan440" value="·"/>
		<feat xlink:href="#sSpan444" value="ⲛ̄"/>
		<feat xlink:href="#sSpan448" value="ⲧⲛ̄"/>
		<feat xlink:href="#sSpan450" value="ⲉⲓⲛⲉ"/>
		<feat xlink:href="#sSpan454" value="ⲉ̄ⲃⲟⲗ"/>
		<feat xlink:href="#sSpan458" value="ⲛ︤"/>
		<feat xlink:href="#sSpan462" value="ⲛ︥"/>
		<feat xlink:href="#sSpan466" value="ⲕⲟⲥⲙⲏⲥⲓⲥ"/>
		<feat xlink:href="#sSpan469" value="ⲙ̄"/>
		<feat xlink:href="#sSpan474" value="ⲡ︤ⲛ︦ⲓ︦ⲕ︦ⲟ︦ⲛ︦"/>
		<feat xlink:href="#sSpan477" value="ⲛ̄"/>
		<feat xlink:href="#sSpan482" value="ⲧⲛ̄"/>
		<feat xlink:href="#sSpan485" value="ⲕⲟⲥⲙⲉⲓ"/>
		<feat xlink:href="#sSpan487" value="ⲛ︤"/>
		<feat xlink:href="#sSpan491" value="ⲛ︥"/>
		<feat xlink:href="#sSpan495" value="ⲯⲩⲭⲟⲟⲩⲉ"/>
		<feat xlink:href="#sSpan498" value="ⲛ̄"/>
		<feat xlink:href="#sSpan502" value="ⲛ︤ⲙ︥"/>
		<feat xlink:href="#sSpan506" value="ⲙⲁⲓ̈ⲗⲟⲅⲟⲥ"/>
		<feat xlink:href="#sSpan512" value="·"/>
		<feat xlink:href="#sSpan516" value="ⲙⲟⲩⲧⲉ"/>
		<feat xlink:href="#sSpan524" value="ⲛⲁⲓ̈"/>
		<feat xlink:href="#sSpan529" value="ⲉ"/>
		<feat xlink:href="#sSpan533" value="ⲡ"/>
		<feat xlink:href="#sSpan537" value="ⲙⲁⲓ̈ⲛⲟⲩⲧⲉ"/>
		<feat xlink:href="#sSpan541" value="·"/>
		<feat xlink:href="#sSpan545" value="ⲁⲩⲱ"/>
		<feat xlink:href="#sSpan549" value="ⲡ"/>
		<feat xlink:href="#sSpan555" value="ⲙⲁⲓ̈ⲗⲟⲅⲟⲥ"/>
		<feat xlink:href="#sSpan560" value="·"/>
		<feat xlink:href="#sSpan564" value="ⲁⲩⲱ"/>
		<feat xlink:href="#sSpan568" value="ⲡ"/>
		<feat xlink:href="#sSpan574" value="ⲣⲉϥϣⲱⲡ"/>
		<feat xlink:href="#sSpan578" value="ⲉ̄ⲣⲟ"/>
		<feat xlink:href="#sSpan582" value="ϥ"/>
		<feat xlink:href="#sSpan584" value="ⲛ"/>
		<feat xlink:href="#sSpan588" value="ⲛ"/>
		<feat xlink:href="#sSpan592" value="ⲁⲅⲅⲉⲗⲟⲥ"/>
		<feat xlink:href="#sSpan595" value="·"/>
		<feat xlink:href="#sSpan599" value="ⲉⲧⲉ"/>
		<feat xlink:href="#sSpan603" value="ⲡⲁⲓ̈"/>
		<feat xlink:href="#sSpan606" value="ⲡⲉ"/>
		<feat xlink:href="#sSpan612" value="ⲁⲃⲣⲁϩⲁⲙ"/>
		<feat xlink:href="#sSpan617" value="ⲡⲉ"/>
		<feat xlink:href="#sSpan621" value="ϣⲃⲏⲣ"/>
		<feat xlink:href="#sSpan624" value="ⲙ̄"/>
		<feat xlink:href="#sSpan628" value="ⲡ"/>
		<feat xlink:href="#sSpan631" value="ⲛⲟⲩⲧⲉ"/>
		<feat xlink:href="#sSpan633" value="·"/>
		<feat xlink:href="#sSpan637" value="ⲙⲁⲣⲉ"/>
		<feat xlink:href="#sSpan645" value="ϥ"/>
		<feat xlink:href="#sSpan647" value="ⲉⲓ"/>
		<feat xlink:href="#sSpan650" value="ⲛ"/>
		<feat xlink:href="#sSpan654" value="ϥ"/>
		<feat xlink:href="#sSpan656" value="ⲧⲁⲙⲟ"/>
		<feat xlink:href="#sSpan658" value="⳯"/>
		<feat xlink:href="#sSpan660" value="ⲉ"/>
		<feat xlink:href="#sSpan665" value="ⲡ"/>
		<feat xlink:href="#sSpan669" value="ⲧⲩⲡⲟⲥ"/>
		<feat xlink:href="#sSpan671" value="ⲙ"/>
		<feat xlink:href="#sSpan675" value="ⲡⲉⲓ"/>
		<feat xlink:href="#sSpan678" value="ϣⲏⲛ"/>
		<feat xlink:href="#sSpan681" value="ϫⲉ"/>
		<feat xlink:href="#sSpan686" value="ⲥⲁⲃⲉⲕ"/>
		<feat xlink:href="#sSpan689" value="ⲉ̄ⲣⲉ"/>
		<feat xlink:href="#sSpan694" value="ⲡⲉⲓ"/>
		<feat xlink:href="#sSpan697" value="ⲟⲓ̈ⲗⲉ"/>
		<feat xlink:href="#sSpan699" value="ⲙⲏⲣ"/>
		<feat xlink:href="#sSpan703" value="ⲉ̄ⲣⲟ"/>
		<feat xlink:href="#sSpan708" value="ϥ"/>
		<feat xlink:href="#sSpan710" value="·"/>
		<feat xlink:href="#sSpan714" value="ⲑ"/>
		<feat xlink:href="#sSpan720" value="ⲉⲣⲙⲏⲛⲓⲁ"/>
		<feat xlink:href="#sSpan723" value="ⲅⲁⲣ"/>
		<feat xlink:href="#sSpan728" value="ⲛ"/>
		<feat xlink:href="#sSpan734" value="ⲥⲁⲃⲉⲕ"/>
		<feat xlink:href="#sSpan736" value="ⲡⲉ"/>
		<feat xlink:href="#sSpan740" value="ⲡ"/>
		<feat xlink:href="#sSpan745" value="ⲙⲁ"/>
		<feat xlink:href="#sSpan748" value="ⲛ"/>
		<feat xlink:href="#sSpan752" value="ⲙ̄ⲧⲟⲛ"/>
		<feat xlink:href="#sSpan755" value="ⲙ̄"/>
		<feat xlink:href="#sSpan759" value="ⲡ"/>
		<feat xlink:href="#sSpan764" value="ⲣⲉϥⲥⲱⲧⲉ"/>
		<feat xlink:href="#sSpan768" value="·"/>
		<feat xlink:href="#sSpan772" value="ⲉ̄ⲧⲉ"/>
		<feat xlink:href="#sSpan776" value="ⲡⲁⲓ̈"/>
		<feat xlink:href="#sSpan779" value="ⲡⲉ"/>
		<feat xlink:href="#sSpan783" value="ⲡ"/>
		<feat xlink:href="#sSpan789" value="ϣⲉ"/>
		<feat xlink:href="#sSpan791" value="ⲙ̄"/>
		<feat xlink:href="#sSpan795" value="ⲡⲉ"/>
		<feat xlink:href="#sSpan799" value="ⲥ̄ⳁⲟ︤ⲥ︥"/>
		<feat xlink:href="#sSpan801" value="·"/>
		<feat xlink:href="#sSpan805" value="ⲛ̄ⲧ"/>
		<feat xlink:href="#sSpan810" value="ⲁ"/>
		<feat xlink:href="#sSpan812" value="ⲡⲉ"/>
		<feat xlink:href="#sSpan815" value="ϩⲓⲉⲓⲃ"/>
		<feat xlink:href="#sSpan817" value="ⲙ"/>
		<feat xlink:href="#sSpan821" value="ⲡ"/>
		<feat xlink:href="#sSpan824" value="ⲛⲟⲩⲧⲉ"/>
		<feat xlink:href="#sSpan827" value="ⲁⲗⲉ"/>
		<feat xlink:href="#sSpan832" value="ⲉϩⲣⲁⲓ̈"/>
		<feat xlink:href="#sSpan836" value="ⲉϫⲱ"/>
		<feat xlink:href="#sSpan840" value="ϥ"/>
		<feat xlink:href="#sSpan842" value="ϩⲛ̄"/>
		<feat xlink:href="#sSpan847" value="ⲟⲩ"/>
		<feat xlink:href="#sSpan850" value="ⲛⲟϭ"/>
		<feat xlink:href="#sSpan852" value="ⲙ"/>
		<feat xlink:href="#sSpan857" value="ⲙ︤ⲛ︥ⲧⲗⲁⲙⲡⲣⲟⲥ"/>
		<feat xlink:href="#sSpan862" value="·"/>
		<feat xlink:href="#sSpan866" value="ⲉ"/>
		<feat xlink:href="#sSpan870" value="ⲧⲣⲉ"/>
		<feat xlink:href="#sSpan872" value="ϥ"/>
		<feat xlink:href="#sSpan874" value="ϫⲱⲕ"/>
		<feat xlink:href="#sSpan877" value="ⲉⲃⲟⲗ"/>
		<feat xlink:href="#sSpan881" value="ⲛ̄"/>
		<feat xlink:href="#sSpan885" value="ⲧ"/>
		<feat xlink:href="#sSpan889" value="ⲟⲓⲕⲟⲛⲟⲙⲓⲁ"/>
		<feat xlink:href="#sSpan892" value="ⲉⲧ"/>
		<feat xlink:href="#sSpan896" value="ⲙⲉϩ"/>
		<feat xlink:href="#sSpan898" value="ⲛ"/>
		<feat xlink:href="#sSpan903" value="ⲟⲩϫⲁⲓ̈"/>
		<feat xlink:href="#sSpan906" value="·"/>
		<feat xlink:href="#sSpan910" value="ⲉ"/>
		<feat xlink:href="#sSpan918" value="ⲁ"/>
		<feat xlink:href="#sSpan920" value="ϥ"/>
		<feat xlink:href="#sSpan922" value="ⲙ̄ⲧⲟⲛ"/>
		<feat xlink:href="#sSpan925" value="ⲙⲙⲟ"/>
		<feat xlink:href="#sSpan929" value="ϥ"/>
		<feat xlink:href="#sSpan931" value="ⲉϩⲣⲁⲓ̈"/>
		<feat xlink:href="#sSpan935" value="ⲉ̄ϫⲱ"/>
		<feat xlink:href="#sSpan940" value="ϥ"/>
		<feat xlink:href="#sSpan942" value="ⲛ̄"/>
		<feat xlink:href="#sSpan946" value="ⲑ"/>
		<feat xlink:href="#sSpan948" value="ⲉ"/>
		<feat xlink:href="#sSpan950" value="ⲛ"/>
		<feat xlink:href="#sSpan954" value="ⲟⲩ"/>
		<feat xlink:href="#sSpan957" value="ⲣⲱⲙⲉ"/>
		<feat xlink:href="#sSpan960" value="·"/>
		<feat xlink:href="#sSpan964" value="ⲉ"/>
		<feat xlink:href="#sSpan969" value="ⲁ"/>
		<feat xlink:href="#sSpan971" value="ϥ"/>
		<feat xlink:href="#sSpan973" value="ⲉⲓ"/>
		<feat xlink:href="#sSpan976" value="ⲉϩⲣⲁⲓ"/>
		<feat xlink:href="#sSpan980" value="ϩⲛ̄"/>
		<feat xlink:href="#sSpan984" value="ⲧⲉϥ"/>
		<feat xlink:href="#sSpan988" value="ⲥⲱϣⲉ"/>
		<feat xlink:href="#sSpan990" value="·"/>
		<feat xlink:href="#sSpan994" value="ⲉ"/>
		<feat xlink:href="#sSpan998" value="ϥ"/>
		<feat xlink:href="#sSpan1001" value="ⲣ̄ϩⲱⲃ"/>
		<feat xlink:href="#sSpan1004" value="ⲛ"/>
		<feat xlink:href="#sSpan1009" value="ϥ"/>
		<feat xlink:href="#sSpan1011" value="ⲛⲁϫ"/>
		<feat xlink:href="#sSpan1013" value="ϥ"/>
		<feat xlink:href="#sSpan1015" value="ϩⲓϫⲙ"/>
		<feat xlink:href="#sSpan1019" value="ⲡⲉϥ"/>
		<feat xlink:href="#sSpan1023" value="ⲙⲁ"/>
		<feat xlink:href="#sSpan1025" value="ⲛ"/>
		<feat xlink:href="#sSpan1029" value="ⲉⲛⲕⲁⲧⲕ"/>
		<feat xlink:href="#sSpan1033" value="ⲛ"/>
		<feat xlink:href="#sSpan1038" value="ϥ̄"/>
		<feat xlink:href="#sSpan1040" value="ⲙ̄ⲧⲟⲛ"/>
		<feat xlink:href="#sSpan1042" value="ⲙⲙⲟ"/>
		<feat xlink:href="#sSpan1046" value="ϥ"/>
		<feat xlink:href="#sSpan1048" value="ϩⲙ̄"/>
		<feat xlink:href="#sSpan1053" value="ⲡⲉϥ"/>
		<feat xlink:href="#sSpan1056" value="ϩⲓⲥⲉ"/>
		<feat xlink:href="#sSpan1058" value="·"/>
		<feat xlink:href="#sSpan1062" value="ⲧⲁⲓ̈"/>
		<feat xlink:href="#sSpan1070" value="ⲧⲉ"/>
		<feat xlink:href="#sSpan1075" value="ⲑ"/>
		<feat xlink:href="#sSpan1079" value="ⲉ"/>
		<feat xlink:href="#sSpan1081" value="ⲛ̄"/>
		<feat xlink:href="#sSpan1085" value="ⲧⲁ"/>
		<feat xlink:href="#sSpan1087" value="ⲡ"/>
		<feat xlink:href="#sSpan1091" value="ⲥⲱⲧⲏⲣ"/>
		<feat xlink:href="#sSpan1093" value="ⲁⲁ"/>
		<feat xlink:href="#sSpan1098" value="ⲥ"/>
		<feat xlink:href="#sSpan1100" value="·"/>
		<feat xlink:href="#sSpan1104" value="ⲛ̄ⲧ"/>
		<feat xlink:href="#sSpan1108" value="ⲁ"/>
		<feat xlink:href="#sSpan1110" value="ϥ"/>
		<feat xlink:href="#sSpan1112" value="ⲙ̄ⲧⲟⲛ"/>
		<feat xlink:href="#sSpan1114" value="·"/>
		<feat xlink:href="#sSpan1118" value="ⲙⲙⲟ"/>
		<feat xlink:href="#sSpan1126" value="ϥ"/>
		<feat xlink:href="#sSpan1128" value="ϩⲓϫⲙ̄"/>
		<feat xlink:href="#sSpan1132" value="ⲡⲉϥ"/>
		<feat xlink:href="#sSpan1136" value="ⲙⲁⲛⲕⲁⲧⲕ"/>
		<feat xlink:href="#sSpan1140" value="ⲉⲧⲉ"/>
		<feat xlink:href="#sSpan1144" value="ⲡⲉ"/>
		<feat xlink:href="#sSpan1149" value="ⲥ̄ⳁⲟ︤ⲥ︥"/>
		<feat xlink:href="#sSpan1151" value="ⲙ"/>
		<feat xlink:href="#sSpan1155" value="ⲙⲉ"/>
		<feat xlink:href="#sSpan1157" value="ⲡⲉ"/>
		<feat xlink:href="#sSpan1161" value="·"/>
		<feat xlink:href="#sSpan1165" value="ⲁ"/>
		<feat xlink:href="#sSpan1173" value="ϥ"/>
		<feat xlink:href="#sSpan1176" value="ϣⲡ̄ϩⲓⲥⲉ"/>
		<feat xlink:href="#sSpan1179" value="ⲛ̄ϩⲏⲧ"/>
		<feat xlink:href="#sSpan1183" value="ϥ"/>
		<feat xlink:href="#sSpan1185" value="ϣⲁⲛⲧⲉ"/>
		<feat xlink:href="#sSpan1190" value="ϥ"/>
		<feat xlink:href="#sSpan1192" value="ⲧⲟⲩϫⲟ"/>
		<feat xlink:href="#sSpan1194" value="ⲛ"/>
		<feat xlink:href="#sSpan1199" value="ⲧ"/>
		<feat xlink:href="#sSpan1203" value="ⲙ︤ⲛ︥ⲧⲣⲱⲙⲉ"/>
		<feat xlink:href="#sSpan1206" value="ⲧⲏⲣ︤"/>
		<feat xlink:href="#sSpan1211" value="ⲥ︥"/>
		<feat xlink:href="#sSpan1213" value="·"/>
		<feat xlink:href="#sSpan1217" value="ⲛ"/>
		<feat xlink:href="#sSpan1225" value="ϥ̄"/>
		<feat xlink:href="#sSpan1227" value="ⲥⲁϣⲙ̄"/>
		<feat xlink:href="#sSpan1229" value="ⲁⲛ"/>
		<feat xlink:href="#sSpan1234" value="ⲟⲩⲇⲉ"/>
		<feat xlink:href="#sSpan1239" value="ⲛ"/>
		<feat xlink:href="#sSpan1243" value="ϥ"/>
		<feat xlink:href="#sSpan1245" value="ϣⲧⲉⲣⲧⲱⲣ"/>
		<feat xlink:href="#sSpan1247" value="ⲁⲛ"/>
		<feat xlink:href="#sSpan1252" value="·"/>
		<feat xlink:href="#sSpan1257" value="ⲟⲩⲇⲉ"/>
		<feat xlink:href="#sSpan1261" value="ⲛ"/>
		<feat xlink:href="#sSpan1265" value="ϥ̄"/>
		<feat xlink:href="#sSpan1267" value="ϭⲟⲛⲧ"/>
		<feat xlink:href="#sSpan1269" value="ⲁⲛ"/>
		<feat xlink:href="#sSpan1274" value="ⲉ"/>
		<feat xlink:href="#sSpan1278" value="ⲩ"/>
		<feat xlink:href="#sSpan1281" value="ϯⲉⲓⲃⲧ"/>
		<feat xlink:href="#sSpan1284" value="ⲛⲁ"/>
		<feat xlink:href="#sSpan1288" value="ϥ"/>
		<feat xlink:href="#sSpan1290" value="·"/>
		<feat xlink:href="#sSpan1295" value="ⲟⲩⲇⲉ"/>
		<feat xlink:href="#sSpan1300" value="ⲛ"/>
		<feat xlink:href="#sSpan1304" value="ϥ̄"/>
		<feat xlink:href="#sSpan1307" value="ⲁⲕⲁⲛⲁⲕⲧⲉⲓ"/>
		<feat xlink:href="#sSpan1310" value="ⲁⲛ"/>
		<feat xlink:href="#sSpan1314" value="·"/>
		<feat xlink:href="#sSpan1318" value="ⲉ"/>
		<feat xlink:href="#sSpan1322" value="ⲩ"/>
		<feat xlink:href="#sSpan1325" value="ϯⲕⲗⲟⲙ"/>
		<feat xlink:href="#sSpan1328" value="ⲛ̄"/>
		<feat xlink:href="#sSpan1333" value="ϣⲟⲛⲧⲉ"/>
		<feat xlink:href="#sSpan1336" value="ⲉ̄ϫⲱ"/>
		<feat xlink:href="#sSpan1340" value="ϥ"/>
		<feat xlink:href="#sSpan1342" value="·"/>
		<feat xlink:href="#sSpan1347" value="ⲟⲩⲇⲉ"/>
		<feat xlink:href="#sSpan1355" value="ⲛ"/>
		<feat xlink:href="#sSpan1359" value="ϥ̄"/>
		<feat xlink:href="#sSpan1361" value="ⲥⲁϩⲟⲩ"/>
		<feat xlink:href="#sSpan1363" value="ⲁⲛ"/>
		<feat xlink:href="#sSpan1367" value="ⲉ"/>
		<feat xlink:href="#sSpan1371" value="ⲩ"/>
		<feat xlink:href="#sSpan1373" value="ϩⲓⲟⲩⲉ̄"/>
		<feat xlink:href="#sSpan1376" value="ⲉ̄ϩⲟⲩⲛ"/>
		<feat xlink:href="#sSpan1380" value="ϩⲙ̄"/>
		<feat xlink:href="#sSpan1384" value="ⲡⲉϥ"/>
		<feat xlink:href="#sSpan1388" value="ϩⲟ"/>
		<feat xlink:href="#sSpan1390" value="·"/>
		<feat xlink:href="#sSpan1395" value="ⲟⲩⲇⲉ"/>
		<feat xlink:href="#sSpan1399" value="ⲛ"/>
		<feat xlink:href="#sSpan1403" value="ϥ̄"/>
		<feat xlink:href="#sSpan1406" value="ⲛ̄ⲕⲁⲕⲉⲓ"/>
		<feat xlink:href="#sSpan1411" value="ⲁⲛ"/>
		<feat xlink:href="#sSpan1415" value="ⲉ"/>
		<feat xlink:href="#sSpan1419" value="ⲩ"/>
		<feat xlink:href="#sSpan1421" value="ⲧⲥⲁ"/>
		<feat xlink:href="#sSpan1423" value="ⲙ̄ⲙⲟ"/>
		<feat xlink:href="#sSpan1428" value="ϥ"/>
		<feat xlink:href="#sSpan1430" value="ⲛ"/>
		<feat xlink:href="#sSpan1434" value="ⲟⲩ"/>
		<feat xlink:href="#sSpan1437" value="ϩⲙ̄ϫ̄"/>
		<feat xlink:href="#sSpan1439" value="ⲉ"/>
		<feat xlink:href="#sSpan1443" value="ϥ"/>
		<feat xlink:href="#sSpan1445" value="ⲧⲉϩ"/>
		<feat xlink:href="#sSpan1447" value="ϩⲓ"/>
		<feat xlink:href="#sSpan1452" value="ⲥⲓϣⲉ"/>
		<feat xlink:href="#sSpan1455" value="·"/>
		<feat xlink:href="#sSpan1459" value="ⲛ"/>
		<feat xlink:href="#sSpan1466" value="ϥ̄"/>
		<feat xlink:href="#sSpan1468" value="ⲙⲓϣⲉ"/>
		<feat xlink:href="#sSpan1471" value="ⲅⲁⲣ"/>
		<feat xlink:href="#sSpan1476" value="ⲁⲛ"/>
		<feat xlink:href="#sSpan1480" value="ⲙ︤ⲛ︥"/>
		<feat xlink:href="#sSpan1484" value="ⲛ"/>
		<feat xlink:href="#sSpan1487" value="ⲉⲧ"/>
		<feat xlink:href="#sSpan1489" value="ⲛⲟϭⲛⲉϭ"/>
		<feat xlink:href="#sSpan1492" value="ⲙⲙⲟ"/>
		<feat xlink:href="#sSpan1496" value="ϥ"/>
		<feat xlink:href="#sSpan1498" value="·"/>
		<feat xlink:href="#sSpan1503" value="ⲟⲩⲇⲉ"/>
		<feat xlink:href="#sSpan1507" value="ⲛ"/>
		<feat xlink:href="#sSpan1512" value="ϥ̄"/>
		<feat xlink:href="#sSpan1514" value="ϭⲟⲛⲧ"/>
		<feat xlink:href="#sSpan1516" value="ⲁⲛ"/>
		<feat xlink:href="#sSpan1520" value="ⲉ"/>
		<feat xlink:href="#sSpan1524" value="ⲩ"/>
		<feat xlink:href="#sSpan1526" value="ⲡⲱϣ"/>
		<feat xlink:href="#sSpan1528" value="ⲛ̄"/>
		<feat xlink:href="#sSpan1533" value="ⲛⲉϥ"/>
		<feat xlink:href="#sSpan1536" value="ϩⲟⲓ̈ⲧⲉ"/>
		<feat xlink:href="#sSpan1538" value="ⲉ̄ϫⲱ"/>
		<feat xlink:href="#sSpan1542" value="ⲟⲩ"/>
		<feat xlink:href="#sSpan1544" value="ⲉ"/>
		<feat xlink:href="#sSpan1549" value="ⲩ"/>
		<feat xlink:href="#sSpan1552" value="ⲛⲉϫⲕⲗⲏⲣⲟⲥ"/>
		<feat xlink:href="#sSpan1556" value="ⲉ̄ⲣⲟ"/>
		<feat xlink:href="#sSpan1561" value="ⲟⲩ"/>
		<feat xlink:href="#sSpan1563" value="·"/>
		<feat xlink:href="#sSpan1567" value="ⲕ"/>
		<feat xlink:href="#sSpan1574" value="ⲟⲩⲱϣ"/>
		<feat xlink:href="#sSpan1576" value="ⲉ"/>
		<feat xlink:href="#sSpan1580" value="ⲉⲓⲙⲉ"/>
		<feat xlink:href="#sSpan1583" value="ϫⲉ"/>
		<feat xlink:href="#sSpan1587" value="ⲧ"/>
		<feat xlink:href="#sSpan1590" value="ⲙⲉ"/>
		<feat xlink:href="#sSpan1592" value="ⲧⲉ"/>
		<feat xlink:href="#sSpan1596" value="ϯ"/>
		<feat xlink:href="#sSpan1600" value="ϫⲱ"/>
		<feat xlink:href="#sSpan1603" value="ⲙⲙⲟ"/>
		<feat xlink:href="#sSpan1607" value="ⲥ"/>
		<feat xlink:href="#sSpan1609" value="ⲥⲱⲧⲙ̄"/>
		<feat xlink:href="#sSpan1614" value="ⲛ̄"/>
		<feat xlink:href="#sSpan1619" value="ⲧⲁ"/>
		<feat xlink:href="#sSpan1621" value="ⲧⲁⲙⲟ"/>
		<feat xlink:href="#sSpan1623" value="ⲕ"/>
		<feat xlink:href="#sSpan1625" value="·"/>
		<feat xlink:href="#sSpan1629" value="ⲙ"/>
		<feat xlink:href="#sSpan1637" value="ⲡ"/>
		<feat xlink:href="#sSpan1640" value="ⲛⲁⲩ"/>
		<feat xlink:href="#sSpan1643" value="ⲅⲁⲣ"/>
		<feat xlink:href="#sSpan1647" value="ⲉ̄ⲧ"/>
		<feat xlink:href="#sSpan1651" value="ⲟⲩ"/>
		<feat xlink:href="#sSpan1653" value="ⲉⲓⲣⲉ"/>
		<feat xlink:href="#sSpan1657" value="ⲛ̄"/>
		<feat xlink:href="#sSpan1661" value="ⲛⲁⲓ̈"/>
		<feat xlink:href="#sSpan1664" value="ⲧⲏⲣ"/>
		<feat xlink:href="#sSpan1668" value="ⲟⲩ"/>
		<feat xlink:href="#sSpan1670" value="ⲛⲁ"/>
		<feat xlink:href="#sSpan1674" value="ϥ"/>
		<feat xlink:href="#sSpan1676" value="·"/>
		<feat xlink:href="#sSpan1680" value="ⲁ"/>
		<feat xlink:href="#sSpan1685" value="ϥ"/>
		<feat xlink:href="#sSpan1687" value="ϥⲓ̈"/>
		<feat xlink:href="#sSpan1689" value="ⲛ̄"/>
		<feat xlink:href="#sSpan1693" value="ⲛⲉϥ"/>
		<feat xlink:href="#sSpan1696" value="ⲃⲁⲗ"/>
		<feat xlink:href="#sSpan1698" value="ⲉϩⲣⲁⲓ"/>
		<feat xlink:href="#sSpan1703" value="ϣⲁ"/>
		<feat xlink:href="#sSpan1707" value="ⲡⲉϥ"/>
		<feat xlink:href="#sSpan1710" value="ⲉⲓⲱⲧ"/>
		<feat xlink:href="#sSpan1712" value="ⲁ"/>
		<feat xlink:href="#sSpan1717" value="ϥ"/>
		<feat xlink:href="#sSpan1720" value="ⲡⲁⲣⲁⲕⲁⲗⲉⲓ"/>
		<feat xlink:href="#sSpan1722" value="ⲙⲙⲟ"/>
		<feat xlink:href="#sSpan1727" value="ϥ"/>
		<feat xlink:href="#sSpan1729" value="·"/>
		<feat xlink:href="#sSpan1733" value="ϫⲉ"/>
		<feat xlink:href="#sSpan1740" value="ⲡⲁ"/>
		<feat xlink:href="#sSpan1743" value="ⲉⲓⲱⲧ"/>
		<feat xlink:href="#sSpan1745" value="ⲕⲱ"/>
		<feat xlink:href="#sSpan1750" value="ⲛⲁ"/>
		<feat xlink:href="#sSpan1754" value="ⲩ"/>
		<feat xlink:href="#sSpan1756" value="ⲉ̄ⲃⲟⲗ"/>
		<feat xlink:href="#sSpan1761" value="ϫⲉ"/>
		<feat xlink:href="#sSpan1765" value="ⲛ"/>
		<feat xlink:href="#sSpan1767" value="ⲥⲉ"/>
		<feat xlink:href="#sSpan1770" value="ⲥⲟⲟⲩⲛ"/>
		<feat xlink:href="#sSpan1772" value="ⲁⲛ"/>
		<feat xlink:href="#sSpan1776" value="ⲙ̄"/>
		<feat xlink:href="#sSpan1780" value="ⲡ"/>
		<feat xlink:href="#sSpan1783" value="ⲉⲧ"/>
		<feat xlink:href="#sSpan1787" value="ⲟⲩ"/>
		<feat xlink:href="#sSpan1789" value="ⲉⲓⲣⲉ"/>
		<feat xlink:href="#sSpan1791" value="ⲙⲙⲟ"/>
		<feat xlink:href="#sSpan1795" value="ϥ"/>
		<feat xlink:href="#sSpan1797" value="·"/>
		<feat xlink:href="#sSpan1801" value="ϫⲉⲕⲁⲥ"/>
		<feat xlink:href="#sSpan1809" value="ⲉ̄ⲕⲉ"/>
		<feat xlink:href="#sSpan1813" value="ⲉⲓⲙⲉ"/>
		<feat xlink:href="#sSpan1815" value="ϫⲉ"/>
		<feat xlink:href="#sSpan1819" value="ⲟⲩ"/>
		<feat xlink:href="#sSpan1822" value="ⲡⲉ"/>
		<feat xlink:href="#sSpan1826" value="ⲉⲧⲉⲣⲉ"/>
		<feat xlink:href="#sSpan1828" value="ⲡ"/>
		<feat xlink:href="#sSpan1831" value="ⲓⲱⲧ"/>
		<feat xlink:href="#sSpan1833" value="ⲉⲓⲣⲉ"/>
		<feat xlink:href="#sSpan1838" value="ⲙⲙⲟ"/>
		<feat xlink:href="#sSpan1842" value="ϥ"/>
		<feat xlink:href="#sSpan1844" value="·"/>
		<feat xlink:href="#sSpan1848" value="ⲉ"/>
		<feat xlink:href="#sSpan1853" value="ⲁ"/>
		<feat xlink:href="#sSpan1855" value="ϥ"/>
		<feat xlink:href="#sSpan1857" value="ⲁⲁ"/>
		<feat xlink:href="#sSpan1860" value="ϥ"/>
		<feat xlink:href="#sSpan1862" value="ⲙ"/>
		<feat xlink:href="#sSpan1866" value="ⲡ"/>
		<feat xlink:href="#sSpan1869" value="ⲛⲁⲩ"/>
		<feat xlink:href="#sSpan1871" value="ⲉ̄ⲧ︤"/>
		<feat xlink:href="#sSpan1875" value="ⲙ︥ⲙⲁⲩ"/>
		<feat xlink:href="#sSpan1878" value="·"/>
		<feat xlink:href="#sSpan1882" value="ⲛⲁϣⲉ"/>
		<feat xlink:href="#sSpan1889" value="ⲛⲉϥ"/>
		<feat xlink:href="#sSpan1893" value="ⲙⲛ̄ⲧ̄ϣⲁⲛϩⲧⲏϥ"/>
		<feat xlink:href="#sSpan1901" value="ⲅⲁⲣ"/>
		<feat xlink:href="#sSpan1906" value="ⲙⲙⲟ"/>
		<feat xlink:href="#sSpan1910" value="ⲛ"/>
		<feat xlink:href="#sSpan1912" value="ϥ̄"/>
		<feat xlink:href="#sSpan1916" value="ⲛⲁ"/>
		<feat xlink:href="#sSpan1918" value="ⲧ︤ⲛ︥ⲛⲟⲟⲩ"/>
		<feat xlink:href="#sSpan1921" value="ⲉ̄ϩⲣⲁⲓ̈"/>
		<feat xlink:href="#sSpan1925" value="ⲉ̄ϫⲱ"/>
		<feat xlink:href="#sSpan1930" value="ⲟⲩ"/>
		<feat xlink:href="#sSpan1932" value="ⲛ"/>
		<feat xlink:href="#sSpan1936" value="ⲧ"/>
		<feat xlink:href="#sSpan1940" value="ⲟⲣⲅⲏ"/>
		<feat xlink:href="#sSpan1943" value="ⲛ"/>
		<feat xlink:href="#sSpan1948" value="ⲁⲧⲧⲁⲗϭⲟ"/>
		<feat xlink:href="#sSpan1952" value="·"/>
		<feat xlink:href="#sSpan1956" value="ϣⲁ⳯ⲧⲉ"/>
		<feat xlink:href="#sSpan1964" value="ⲧⲉ"/>
		<feat xlink:href="#sSpan1967" value="ⲥⲙⲏ"/>
		<feat xlink:href="#sSpan1969" value="ⲙ̄"/>
		<feat xlink:href="#sSpan1973" value="ⲡⲉϥ"/>
		<feat xlink:href="#sSpan1977" value="ⲙⲟⲛⲟⲅⲉⲛⲏⲥ"/>
		<feat xlink:href="#sSpan1980" value="ⲧⲁϩⲟ"/>
		<feat xlink:href="#sSpan1985" value="ϥ"/>
		<feat xlink:href="#sSpan1987" value="·"/>
		<feat xlink:href="#sSpan1991" value="ⲛ"/>
		<feat xlink:href="#sSpan1995" value="ϥ"/>
		<feat xlink:href="#sSpan1997" value="ⲧⲱϩ︤ⲙ︥"/>
		<feat xlink:href="#sSpan2000" value="ⲛ̄"/>
		<feat xlink:href="#sSpan2004" value="ⲧⲉϥ"/>
		<feat xlink:href="#sSpan2009" value="ⲙⲛ̄ⲧϣⲁⲛϩⲧⲏϥ"/>
		<feat xlink:href="#sSpan2016" value="·"/>
		<feat xlink:href="#sSpan2020" value="ⲛ"/>
		<feat xlink:href="#sSpan2024" value="ϥ̄"/>
		<feat xlink:href="#sSpan2026" value="ⲕⲧⲉ"/>
		<feat xlink:href="#sSpan2028" value="ⲧⲉϥ"/>
		<feat xlink:href="#sSpan2032" value="ⲟⲣⲅⲏ"/>
		<feat xlink:href="#sSpan2035" value="ⲙⲛ̄"/>
		<feat xlink:href="#sSpan2039" value="ⲡⲉϥ"/>
		<feat xlink:href="#sSpan2042" value="ϭⲱⲛⲧ"/>
		<feat xlink:href="#sSpan2044" value="ⲉ"/>
		<feat xlink:href="#sSpan2049" value="ⲡⲁϩⲟⲩ"/>
		<feat xlink:href="#sSpan2051" value="·"/>
		<feat xlink:href="#sSpan2055" value="ⲁⲩⲱ"/>
		<feat xlink:href="#sSpan2062" value="ⲁ"/>
		<feat xlink:href="#sSpan2066" value="ϥ"/>
		<feat xlink:href="#sSpan2068" value="ⲧⲛ̄ⲛⲟⲟⲩ"/>
		<feat xlink:href="#sSpan2071" value="ⲛ"/>
		<feat xlink:href="#sSpan2075" value="ⲟⲩ"/>
		<feat xlink:href="#sSpan2079" value="ⲁⲅⲅⲉⲗⲟⲥ"/>
		<feat xlink:href="#sSpan2082" value="ⲛ̄"/>
		<feat xlink:href="#sSpan2086" value="ϫⲱⲱⲣⲉ"/>
		<feat xlink:href="#sSpan2088" value="·"/>
		<feat xlink:href="#sSpan2092" value="ⲁ"/>
		<feat xlink:href="#sSpan2097" value="ϥ"/>
		<feat xlink:href="#sSpan2099" value="ⲡⲱϩ"/>
		<feat xlink:href="#sSpan2101" value="ⲙ̄"/>
		<feat xlink:href="#sSpan2105" value="ⲡ"/>
		<feat xlink:href="#sSpan2109" value="ⲕⲁⲧⲁⲡⲉⲧⲁⲥⲙⲁ"/>
		<feat xlink:href="#sSpan2112" value="ⲙ̄"/>
		<feat xlink:href="#sSpan2116" value="ⲡ"/>
		<feat xlink:href="#sSpan2119" value="ⲣ̄ⲡⲉ"/>
		<feat xlink:href="#sSpan2122" value="ⲁ"/>
		<feat xlink:href="#sSpan2126" value="ϥ"/>
		<feat xlink:href="#sSpan2129" value="ⲣ̄ⲥ̄ⲛⲁⲩ"/>
		<feat xlink:href="#sSpan2132" value="·"/>
		<feat xlink:href="#sSpan2136" value="ⲁ"/>
		<feat xlink:href="#sSpan2143" value="ⲡ"/>
		<feat xlink:href="#sSpan2146" value="ⲕⲁϩ"/>
		<feat xlink:href="#sSpan2149" value="ⲕⲓⲙ"/>
		<feat xlink:href="#sSpan2153" value="·"/>
		<feat xlink:href="#sSpan2157" value="ⲁ"/>
		<feat xlink:href="#sSpan2161" value="ⲙ"/>
		<feat xlink:href="#sSpan2165" value="ⲡⲉⲧⲣⲁ"/>
		<feat xlink:href="#sSpan2168" value="ⲡⲱϩ"/>
		<feat xlink:href="#sSpan2172" value="·"/>
		<feat xlink:href="#sSpan2176" value="ⲁ"/>
		<feat xlink:href="#sSpan2180" value="ⲡ"/>
		<feat xlink:href="#sSpan2183" value="ⲣⲏ"/>
		<feat xlink:href="#sSpan2186" value="ⲣ̄ⲕⲁⲕⲉ"/>
		<feat xlink:href="#sSpan2192" value="ⲡⲉⲓ"/>
		<feat xlink:href="#sSpan2197" value="ⲛⲟϭ"/>
		<feat xlink:href="#sSpan2199" value="ⲛ̄"/>
		<feat xlink:href="#sSpan2204" value="ⲣⲉϥⲣ̄ⲟⲩⲟ̄ⲉⲓⲛ"/>
		<feat xlink:href="#sSpan2209" value="·"/>
		<feat xlink:href="#sSpan2213" value="ⲁ"/>
		<feat xlink:href="#sSpan2220" value="ⲡ"/>
		<feat xlink:href="#sSpan2223" value="ⲕⲁϩ"/>
		<feat xlink:href="#sSpan2226" value="ⲧⲏⲣ︤"/>
		<feat xlink:href="#sSpan2230" value="ϥ︥"/>
		<feat xlink:href="#sSpan2233" value="ⲉ̄ⲣⲕⲁⲕⲉ"/>
		<feat xlink:href="#sSpan2239" value="ϫⲉⲕⲁⲥ"/>
		<feat xlink:href="#sSpan2243" value="ⲉϥⲉ"/>
		<feat xlink:href="#sSpan2248" value="ⲥⲕⲩⲡⲁⲍⲉ"/>
		<feat xlink:href="#sSpan2251" value="ⲙ̄"/>
		<feat xlink:href="#sSpan2255" value="ⲡⲉϥ"/>
		<feat xlink:href="#sSpan2259" value="ⲥⲱⲙⲁ"/>
		<feat xlink:href="#sSpan2261" value="ⲉ̄ⲧ"/>
		<feat xlink:href="#sSpan2266" value="ⲟⲩⲁⲁⲃ"/>
		<feat xlink:href="#sSpan2268" value="ϩⲓϫⲙ̄"/>
		<feat xlink:href="#sSpan2272" value="ⲡⲉ"/>
		<feat xlink:href="#sSpan2277" value="ⲥ̄ⳁⲟ︤ⲥ︥"/>
		<feat xlink:href="#sSpan2279" value="·"/>
		<feat xlink:href="#sSpan2283" value="ⲉ̄ⲃⲟⲗ"/>
		<feat xlink:href="#sSpan2288" value="ϫⲉ"/>
		<feat xlink:href="#sSpan2292" value="ⲁ"/>
		<feat xlink:href="#sSpan2295" value="ⲩ"/>
		<feat xlink:href="#sSpan2297" value="ⲕⲁⲁ"/>
		<feat xlink:href="#sSpan2299" value="ϥ"/>
		<feat xlink:href="#sSpan2301" value="ⲕⲁϩⲏⲩ"/>
		<feat xlink:href="#sSpan2305" value="ⲛ̄"/>
		<feat xlink:href="#sSpan2310" value="ⲛⲉϥ"/>
		<feat xlink:href="#sSpan2313" value="ϩⲟⲓ̈ⲧⲉ"/>
		<feat xlink:href="#sSpan2315" value="ⲁ"/>
		<feat xlink:href="#sSpan2319" value="ⲩ"/>
		<feat xlink:href="#sSpan2321" value="ⲡⲟϣ"/>
		<feat xlink:href="#sSpan2324" value="ⲟⲩ"/>
		<feat xlink:href="#sSpan2326" value="ⲉ̄ϫⲱ"/>
		<feat xlink:href="#sSpan2330" value="ⲟⲩ"/>
		<feat xlink:href="#sSpan2332" value="·"/>
		<feat xlink:href="#sSpan2336" value="ϭⲱϣⲧ̄"/>
		<feat xlink:href="#sSpan2348" value="ⲱ"/>
		<feat xlink:href="#sSpan2352" value="ⲛⲁ"/>
		<feat xlink:href="#sSpan2356" value="ⲙⲉⲣⲁⲧⲉ"/>
		<feat xlink:href="#sSpan2360" value="ⲛ̄"/>
		<feat xlink:href="#sSpan2364" value="ⲧⲉⲧⲛ︤"/>
		<feat xlink:href="#sSpan2366" value="ⲛ︥ⲁⲩ"/>
		<feat xlink:href="#sSpan2368" value="ⲉ"/>
		<feat xlink:href="#sSpan2372" value="ⲧ"/>
		<feat xlink:href="#sSpan2376" value="ⲙⲛ̄ⲧϣⲁⲛϩⲧⲏϥ"/>
		<feat xlink:href="#sSpan2383" value="ⲙ"/>
		<feat xlink:href="#sSpan2388" value="ⲡ"/>
		<feat xlink:href="#sSpan2391" value="ⲛⲟⲩⲧⲉ"/>
		<feat xlink:href="#sSpan2393" value="·"/>
		<feat xlink:href="#sSpan2397" value="ⲡ"/>
		<feat xlink:href="#sSpan2402" value="ⲉⲧ"/>
		<feat xlink:href="#sSpan2405" value="ϯϩ︤ⲃ︥ⲥⲱ"/>
		<feat xlink:href="#sSpan2409" value="ϩⲓⲱⲱ"/>
		<feat xlink:href="#sSpan2413" value="ϥ"/>
		<feat xlink:href="#sSpan2415" value="ⲙ̄"/>
		<feat xlink:href="#sSpan2419" value="ⲡ"/>
		<feat xlink:href="#sSpan2422" value="ⲥⲱⲛⲧ̄"/>
		<feat xlink:href="#sSpan2425" value="ⲧⲏⲣ︤"/>
		<feat xlink:href="#sSpan2429" value="ϥ︥"/>
		<feat xlink:href="#sSpan2431" value="·"/>
		<feat xlink:href="#sSpan2435" value="ⲁ"/>
		<feat xlink:href="#sSpan2442" value="ⲩ"/>
		<feat xlink:href="#sSpan2444" value="ⲕⲁⲁ"/>
		<feat xlink:href="#sSpan2447" value="ϥ"/>
		<feat xlink:href="#sSpan2449" value="ⲕⲁϩⲏⲩ"/>
		<feat xlink:href="#sSpan2453" value="ⲛ̄"/>
		<feat xlink:href="#sSpan2457" value="ⲛⲉϥ"/>
		<feat xlink:href="#sSpan2460" value="ϩⲟⲓ̈ⲧⲉ"/>
		<feat xlink:href="#sSpan2463" value="ϩⲓ̈ϫⲙ̄"/>
		<feat xlink:href="#sSpan2467" value="ⲡⲉ"/>
		<feat xlink:href="#sSpan2471" value="ⲥ̄ⳁⲟ︤ⲥ︥"/>
		<feat xlink:href="#sSpan2474" value="ⲁⲗⲗⲁ"/>
		<feat xlink:href="#sSpan2479" value="ⲡ"/>
		<feat xlink:href="#sSpan2484" value="ⲣⲏ"/>
		<feat xlink:href="#sSpan2486" value="ϩⲱⲃⲥ̄"/>
		<feat xlink:href="#sSpan2490" value="ⲙ̄"/>
		<feat xlink:href="#sSpan2494" value="ⲡⲉϥ"/>
		<feat xlink:href="#sSpan2498" value="ϫⲟⲉⲓⲥ"/>
		<feat xlink:href="#sSpan2500" value="ϩⲓⲧⲙ̄"/>
		<feat xlink:href="#sSpan2504" value="ⲡ"/>
		<feat xlink:href="#sSpan2508" value="ⲕⲁⲕⲉ"/>
		<feat xlink:href="#sSpan2510" value="ⲛ̄ⲧ"/>
		<feat xlink:href="#sSpan2514" value="ⲁ"/>
		<feat xlink:href="#sSpan2516" value="ϥ"/>
		<feat xlink:href="#sSpan2518" value="ϣⲱⲡⲉ"/>
		<feat xlink:href="#sSpan2521" value="·"/>
		<feat xlink:href="#sSpan2525" value="ϫⲉ"/>
		<feat xlink:href="#sSpan2529" value="ⲛ̄"/>
		<feat xlink:href="#sSpan2531" value="ⲛⲉⲩ"/>
		<feat xlink:href="#sSpan2534" value="ⲛⲟϭ"/>
		<feat xlink:href="#sSpan2536" value="ⲙ"/>
		<feat xlink:href="#sSpan2542" value="ⲙⲏⲥⲧⲏⲣⲓⲟⲛ"/>
		<feat xlink:href="#sSpan2544" value="ⲛ̄ⲧ"/>
		<feat xlink:href="#sSpan2549" value="ⲁ"/>
		<feat xlink:href="#sSpan2551" value="ϥ"/>
		<feat xlink:href="#sSpan2553" value="ϣⲱⲡⲉ"/>
		<feat xlink:href="#sSpan2555" value="ϩⲓϫⲙ̄"/>
		<feat xlink:href="#sSpan2559" value="ⲡⲉ"/>
		<feat xlink:href="#sSpan2564" value="ⲥ̄ⳁⲟ︤ⲥ︥"/>
		<feat xlink:href="#sSpan2566" value="ⲉ̄ⲃⲟⲗ"/>
		<feat xlink:href="#sSpan2571" value="ϫⲉ"/>
		<feat xlink:href="#sSpan2575" value="ⲛ̄"/>
		<feat xlink:href="#sSpan2577" value="ⲥⲉ"/>
		<feat xlink:href="#sSpan2580" value="ⲙⲡϣⲁ"/>
		<feat xlink:href="#sSpan2582" value="ⲙⲙⲟ"/>
		<feat xlink:href="#sSpan2586" value="ϥ"/>
		<feat xlink:href="#sSpan2588" value="ⲁⲛ"/>
		<feat xlink:href="#sSpan2592" value="ⲡ"/>
		<feat xlink:href="#sSpan2601" value="ⲉⲛⲧ"/>
		<feat xlink:href="#sSpan2603" value="ⲁ"/>
		<feat xlink:href="#sSpan2605" value="ϥ"/>
		<feat xlink:href="#sSpan2607" value="ⲙⲡϣⲁ"/>
		<feat xlink:href="#sSpan2610" value="ⲅⲁⲣ"/>
		<feat xlink:href="#sSpan2614" value="ⲁ"/>
		<feat xlink:href="#sSpan2619" value="ϥ"/>
		<feat xlink:href="#sSpan2622" value="ⲑⲉⲱⲣⲉⲓ"/>
		<feat xlink:href="#sSpan2624" value="ⲙ"/>
		<feat xlink:href="#sSpan2628" value="ⲡ"/>
		<feat xlink:href="#sSpan2631" value="ϫⲱⲕ"/>
		<feat xlink:href="#sSpan2633" value="ⲧⲏⲣ"/>
		<feat xlink:href="#sSpan2638" value="ϥ̄"/>
		<feat xlink:href="#sSpan2640" value="ⲛ̄"/>
		<feat xlink:href="#sSpan2644" value="ⲧⲉϥ"/>
		<feat xlink:href="#sSpan2648" value="ⲙⲛ̄ⲧⲛⲟⲩⲧⲉ"/>
		<feat xlink:href="#sSpan2652" value="·"/>
		<feat xlink:href="#sSpan2656" value="ⲙ"/>
		<feat xlink:href="#sSpan2660" value="ⲡ"/>
		<feat xlink:href="#sSpan2663" value="ⲛⲁⲩ"/>
		<feat xlink:href="#sSpan2665" value="ⲉⲧ"/>
		<feat xlink:href="#sSpan2669" value="ⲙⲙⲁⲩ"/>
		<feat xlink:href="#sSpan2672" value="·"/>
		<feat xlink:href="#sSpan2676" value="ⲛⲓⲙ"/>
		<feat xlink:href="#sSpan2684" value="ϭⲉ"/>
		<feat xlink:href="#sSpan2688" value="ⲡⲉ"/>
		<feat xlink:href="#sSpan2692" value="ⲉⲛⲧ"/>
		<feat xlink:href="#sSpan2695" value="ⲁ"/>
		<feat xlink:href="#sSpan2697" value="ϥ"/>
		<feat xlink:href="#sSpan2699" value="ⲙ̄ⲡϣⲁ"/>
		<feat xlink:href="#sSpan2701" value="ⲙ̄"/>
		<feat xlink:href="#sSpan2705" value="ⲡⲉⲓ"/>
		<feat xlink:href="#sSpan2707" value="ⲛⲟϭ"/>
		<feat xlink:href="#sSpan2710" value="ⲛ̄"/>
		<feat xlink:href="#sSpan2714" value="ⲧⲁⲓ̈ⲟ"/>
		<feat xlink:href="#sSpan2716" value="·"/>
		<feat xlink:href="#sSpan2720" value="ⲙⲁⲣⲉ"/>
		<feat xlink:href="#sSpan2724" value="⳯"/>
		<feat xlink:href="#sSpan2726" value="ⲉⲓⲙⲉ"/>
		<feat xlink:href="#sSpan2729" value="ⲉ̄ⲣⲟ"/>
		<feat xlink:href="#sSpan2733" value="ϥ"/>
		<feat xlink:href="#sSpan2735" value="·"/>
		<feat xlink:href="#sSpan2739" value="ⲡ"/>
		<feat xlink:href="#sSpan2748" value="ⲗⲏⲥⲧⲏⲥ"/>
		<feat xlink:href="#sSpan2751" value="ⲡⲉ"/>
		<feat xlink:href="#sSpan2755" value="ⲉ"/>
		<feat xlink:href="#sSpan2759" value="ϥ"/>
		<feat xlink:href="#sSpan2761" value="ⲧⲁⲗⲏⲩ"/>
		<feat xlink:href="#sSpan2763" value="ⲉ"/>
		<feat xlink:href="#sSpan2768" value="ⲡ"/>
		<feat xlink:href="#sSpan2771" value="ϫⲓⲥⲉ"/>
		<feat xlink:href="#sSpan2773" value="ⲙ̄"/>
		<feat xlink:href="#sSpan2777" value="ⲡⲉ"/>
		<feat xlink:href="#sSpan2781" value="ⲥ̄ⳁⲟ︤ⲥ︥"/>
		<feat xlink:href="#sSpan2783" value="ⲁ"/>
		<feat xlink:href="#sSpan2788" value="ϥ"/>
		<feat xlink:href="#sSpan2790" value="ⲛⲁⲩ"/>
		<feat xlink:href="#sSpan2792" value="ⲉ̄"/>
		<feat xlink:href="#sSpan2796" value="ϩⲱⲃ"/>
		<feat xlink:href="#sSpan2800" value="ⲛⲓⲙ"/>
		<feat xlink:href="#sSpan2804" value="ⲛ̄ⲧ"/>
		<feat xlink:href="#sSpan2809" value="ⲁ"/>
		<feat xlink:href="#sSpan2811" value="ⲩ"/>
		<feat xlink:href="#sSpan2813" value="ϣⲱⲡⲉ"/>
		<feat xlink:href="#sSpan2815" value="·"/>
		<feat xlink:href="#sSpan2819" value="ⲁⲩⲱ"/>
		<feat xlink:href="#sSpan2823" value="ⲁ"/>
		<feat xlink:href="#sSpan2828" value="ϥ"/>
		<feat xlink:href="#sSpan2830" value="ⲧⲉⲗⲏⲗ"/>
		<feat xlink:href="#sSpan2832" value="ϫⲉ"/>
		<feat xlink:href="#sSpan2836" value="ⲁ"/>
		<feat xlink:href="#sSpan2838" value="ϥ"/>
		<feat xlink:href="#sSpan2840" value="ⲛⲁⲩ"/>
		<feat xlink:href="#sSpan2842" value="ⲉ̄ⲣⲟ"/>
		<feat xlink:href="#sSpan2847" value="ⲟⲩ"/>
		<feat xlink:href="#sSpan2849" value="·"/>
		<feat xlink:href="#sSpan2853" value="ⲟⲩ"/>
		<feat xlink:href="#sSpan2860" value="ⲡⲉ"/>
		<feat xlink:href="#sSpan2864" value="ⲛⲧ"/>
		<feat xlink:href="#sSpan2868" value="ⲁ"/>
		<feat xlink:href="#sSpan2870" value="ϥ"/>
		<feat xlink:href="#sSpan2872" value="ⲛⲁⲩ"/>
		<feat xlink:href="#sSpan2875" value="ⲉ̄ⲣⲟ"/>
		<feat xlink:href="#sSpan2879" value="ϥ"/>
		<feat xlink:href="#sSpan2881" value="·"/>
		<feat xlink:href="#sSpan2886" value="ⲉⲓⲙⲏⲧⲉⲓ"/>
		<feat xlink:href="#sSpan2890" value="ⲧⲉ"/>
		<feat xlink:href="#sSpan2897" value="ⲥⲧⲣⲁⲧⲓⲁ"/>
		<feat xlink:href="#sSpan2899" value="ⲛ̄"/>
		<feat xlink:href="#sSpan2903" value="ⲛ"/>
		<feat xlink:href="#sSpan2907" value="ⲁⲅⲅⲉⲗⲟⲥ"/>
		<feat xlink:href="#sSpan2910" value="ⲉ"/>
		<feat xlink:href="#sSpan2914" value="ⲩ"/>
		<feat xlink:href="#sSpan2916" value="ⲕⲱⲧⲉ"/>
		<feat xlink:href="#sSpan2918" value="ⲉ̄"/>
		<feat xlink:href="#sSpan2922" value="ⲡⲉ"/>
		<feat xlink:href="#sSpan2926" value="ⲥ̄ⳁⲟ︤ⲥ︥"/>
		<feat xlink:href="#sSpan2929" value="ⲉ"/>
		<feat xlink:href="#sSpan2933" value="ⲩ"/>
		<feat xlink:href="#sSpan2936" value="ϩⲩⲙⲛⲉⲩⲉ"/>
		<feat xlink:href="#sSpan2938" value="ⲉ̄ⲣⲟ"/>
		<feat xlink:href="#sSpan2944" value="ϥ"/>
		<feat xlink:href="#sSpan2946" value="·"/>
		<feat xlink:href="#sSpan2950" value="ⲡ"/>
		<feat xlink:href="#sSpan2958" value="ⲉⲓⲱⲧ"/>
		<feat xlink:href="#sSpan2960" value="ϭⲱϣⲧ"/>
		<feat xlink:href="#sSpan2964" value="ⲉⲃⲟⲗ"/>
		<feat xlink:href="#sSpan2970" value="ϩⲛ̄"/>
		<feat xlink:href="#sSpan2974" value="ⲧ"/>
		<feat xlink:href="#sSpan2977" value="ⲡⲉ"/>
		<feat xlink:href="#sSpan2979" value="·"/>
		<feat xlink:href="#sSpan2983" value="ⲉ"/>
		<feat xlink:href="#sSpan2987" value="ϥ"/>
		<feat xlink:href="#sSpan2990" value="ⲑⲉⲱⲣⲉⲓ"/>
		<feat xlink:href="#sSpan2993" value="ⲙ̄"/>
		<feat xlink:href="#sSpan2997" value="ⲡⲉϥ"/>
		<feat xlink:href="#sSpan3000" value="ϣⲏⲣⲉ"/>
		<feat xlink:href="#sSpan3002" value="ⲡⲉϥ"/>
		<feat xlink:href="#sSpan3008" value="ⲙⲟⲛⲟⲅⲉⲛⲏⲥ"/>
		<feat xlink:href="#sSpan3010" value="·"/>
		<feat xlink:href="#sSpan3014" value="ⲁⲩⲱ"/>
		<feat xlink:href="#sSpan3019" value="ⲉ"/>
		<feat xlink:href="#sSpan3023" value="ϥ"/>
		<feat xlink:href="#sSpan3026" value="ϯⲉⲟⲟⲩ"/>
		<feat xlink:href="#sSpan3029" value="ⲛⲁ"/>
		<feat xlink:href="#sSpan3033" value="ϥ"/>
		<feat xlink:href="#sSpan3035" value="ⲡ"/>
		<feat xlink:href="#sSpan3045" value="ⲁⲏⲣ"/>
		<feat xlink:href="#sSpan3047" value="ⲧⲏⲣ"/>
		<feat xlink:href="#sSpan3051" value="ϥ"/>
		<feat xlink:href="#sSpan3054" value="ⲭⲟⲣⲉⲩⲉ"/>
		<feat xlink:href="#sSpan3058" value="ⲡ"/>
		<feat xlink:href="#sSpan3064" value="ⲕⲁϩ"/>
		<feat xlink:href="#sSpan3066" value="ⲧⲏⲣ︤"/>
		<feat xlink:href="#sSpan3070" value="ϥ︥"/>
		<feat xlink:href="#sSpan3072" value="ⲉ"/>
		<feat xlink:href="#sSpan3076" value="ϣⲗⲟⲩⲗⲁⲓ̈"/>
		<feat xlink:href="#sSpan3081" value="ⲉ̄ⲃⲟⲗ"/>
		<feat xlink:href="#sSpan3085" value="ϫⲉ"/>
		<feat xlink:href="#sSpan3089" value="ⲁ"/>
		<feat xlink:href="#sSpan3091" value="ⲡⲉϥ"/>
		<feat xlink:href="#sSpan3094" value="ⲣ̄ⲣⲟ"/>
		<feat xlink:href="#sSpan3097" value="ⲡⲱϩⲧ"/>
		<feat xlink:href="#sSpan3101" value="ⲙ̄"/>
		<feat xlink:href="#sSpan3105" value="ⲡⲉϥ"/>
		<feat xlink:href="#sSpan3108" value="ⲥ̄ⲛⲟϥ"/>
		<feat xlink:href="#sSpan3111" value="ⲉⲃⲟⲗ"/>
		<feat xlink:href="#sSpan3115" value="ϩⲓϫⲱ"/>
		<feat xlink:href="#sSpan3119" value="ϥ"/>
		<feat xlink:href="#sSpan3121" value="·"/>
		<feat xlink:href="#sSpan3125" value="ⲛ"/>
		<feat xlink:href="#sSpan3134" value="ϣⲏⲛ"/>
		<feat xlink:href="#sSpan3136" value="ⲧⲏⲣ"/>
		<feat xlink:href="#sSpan3140" value="ⲟⲩ"/>
		<feat xlink:href="#sSpan3143" value="ⲧⲁⲩⲉ̄ϩⲣⲏⲣⲉ"/>
		<feat xlink:href="#sSpan3150" value="ⲉ̄ⲃⲟⲗ"/>
		<feat xlink:href="#sSpan3154" value="·"/>
		<feat xlink:href="#sSpan3158" value="ϫⲉ"/>
		<feat xlink:href="#sSpan3162" value="ⲡ"/>
		<feat xlink:href="#sSpan3165" value="ϫⲟⲉⲓⲥ"/>
		<feat xlink:href="#sSpan3168" value="ⲁϣⲉ"/>
		<feat xlink:href="#sSpan3172" value="ⲉ̄ϫⲙ̄"/>
		<feat xlink:href="#sSpan3176" value="ⲡ"/>
		<feat xlink:href="#sSpan3179" value="ϣⲉ"/>
		<feat xlink:href="#sSpan3181" value="ⲙ̄"/>
		<feat xlink:href="#sSpan3186" value="ⲡⲉ"/>
		<feat xlink:href="#sSpan3190" value="ⲥ̄ⳁⲟ︤ⲥ︥"/>
		<feat xlink:href="#sSpan3192" value="·"/>
		<feat xlink:href="#sSpan3196" value="ⲡ"/>
		<feat xlink:href="#sSpan3206" value="ϣⲉ"/>
		<feat xlink:href="#sSpan3208" value="ⲛ̄"/>
		<feat xlink:href="#sSpan3212" value="ⲧ"/>
		<feat xlink:href="#sSpan3216" value="ⲁⲫⲑⲁⲣⲥⲓⲁ"/>
		<feat xlink:href="#sSpan3218" value="·"/>
		<feat xlink:href="#sSpan3222" value="ⲡ"/>
		<feat xlink:href="#sSpan3231" value="ϣⲉ"/>
		<feat xlink:href="#sSpan3233" value="ⲛ̄"/>
		<feat xlink:href="#sSpan3238" value="ⲕⲁⲛⲟⲃⲉ"/>
		<feat xlink:href="#sSpan3242" value="ⲉ̄ⲃⲟⲗ"/>
		<feat xlink:href="#sSpan3246" value="·"/>
		<feat xlink:href="#sSpan3250" value="ⲡ"/>
		<feat xlink:href="#sSpan3259" value="ϣⲉ"/>
		<feat xlink:href="#sSpan3261" value="ⲛ̄"/>
		<feat xlink:href="#sSpan3266" value="ⲣⲉϥⲧⲁⲗϭⲟ"/>
		<feat xlink:href="#sSpan3270" value="·"/>
		<feat xlink:href="#sSpan3274" value="ⲡ"/>
		<feat xlink:href="#sSpan3283" value="ϣⲉ"/>
		<feat xlink:href="#sSpan3285" value="ⲛ̄"/>
		<feat xlink:href="#sSpan3290" value="ⲣⲉϥϯⲱⲛ︤ϩ︥"/>
		<feat xlink:href="#sSpan3295" value="·"/>
		<feat xlink:href="#sSpan3299" value="ⲡ"/>
		<feat xlink:href="#sSpan3308" value="ϣⲉ"/>
		<feat xlink:href="#sSpan3310" value="ⲛ̄"/>
		<feat xlink:href="#sSpan3315" value="ⲣⲉϥϯⲕⲁⲣⲡⲟⲥ"/>
		<feat xlink:href="#sSpan3321" value="·"/>
		<feat xlink:href="#sSpan3325" value="ⲡ"/>
		<feat xlink:href="#sSpan3334" value="ϣⲉ"/>
		<feat xlink:href="#sSpan3336" value="ⲙ̄"/>
		<feat xlink:href="#sSpan3340" value="ⲡⲉ"/>
		<feat xlink:href="#sSpan3343" value="ⲙⲧⲟⲛ"/>
		<feat xlink:href="#sSpan3345" value="·"/>
		<feat xlink:href="#sSpan3349" value="ⲡ"/>
		<feat xlink:href="#sSpan3358" value="ϣⲉ"/>
		<feat xlink:href="#sSpan3360" value="ⲙ̄"/>
		<feat xlink:href="#sSpan3364" value="ⲡ"/>
		<feat xlink:href="#sSpan3367" value="ⲟⲩⲛⲟϥ"/>
		<feat xlink:href="#sSpan3369" value="·"/>
		<feat xlink:href="#sSpan3373" value="ⲡ"/>
		<feat xlink:href="#sSpan3382" value="ϣⲉ"/>
		<feat xlink:href="#sSpan3384" value="ⲙ̄"/>
		<feat xlink:href="#sSpan3388" value="ⲡ"/>
		<feat xlink:href="#sSpan3391" value="ⲣⲁϣⲉ"/>
		<feat xlink:href="#sSpan3393" value="·"/>
		<feat xlink:href="#sSpan3397" value="ⲡ"/>
		<feat xlink:href="#sSpan3406" value="ϣⲉ"/>
		<feat xlink:href="#sSpan3408" value="ⲙ̄"/>
		<feat xlink:href="#sSpan3412" value="ⲡ"/>
		<feat xlink:href="#sSpan3415" value="ⲟⲩϫⲁⲓ̈"/>
		<feat xlink:href="#sSpan3417" value="·"/>
		<feat xlink:href="#sSpan3421" value="ⲡ"/>
		<feat xlink:href="#sSpan3430" value="ϣⲉ"/>
		<feat xlink:href="#sSpan3432" value="ⲙ̄"/>
		<feat xlink:href="#sSpan3436" value="ⲡⲉ"/>
		<feat xlink:href="#sSpan3439" value="ⲥⲙⲟⲩ"/>
		<feat xlink:href="#sSpan3441" value="·"/>
		<feat xlink:href="#sSpan3445" value="ⲡ"/>
		<feat xlink:href="#sSpan3454" value="ϣⲉ"/>
		<feat xlink:href="#sSpan3456" value="ⲙ̄"/>
		<feat xlink:href="#sSpan3460" value="ⲡ"/>
		<feat xlink:href="#sSpan3463" value="ⲱⲛ︤ϩ︥"/>
		<feat xlink:href="#sSpan3465" value="·"/>
		<feat xlink:href="#sSpan3469" value="ⲡ"/>
		<feat xlink:href="#sSpan3478" value="ϣⲉ"/>
		<feat xlink:href="#sSpan3480" value="ⲛ̄"/>
		<feat xlink:href="#sSpan3484" value="ⲧⲉ"/>
		<feat xlink:href="#sSpan3488" value="ⲭⲁⲣⲓⲥ"/>
		<feat xlink:href="#sSpan3490" value="ⲙ̄"/>
		<feat xlink:href="#sSpan3494" value="ⲡⲉ⳯"/>
		<feat xlink:href="#sSpan3497" value="ϫⲟⲉⲓⲥ"/>
		<feat xlink:href="#sSpan3501" value="ⲓ︦ⲥ︦"/>
		<feat xlink:href="#sSpan3505" value="ⲡⲉ"/>
		<feat xlink:href="#sSpan3510" value="ⲭ︦ⲥ︦"/>
		<feat xlink:href="#sSpan3512" value="·"/>
		<feat xlink:href="#sSpan3516" value="ⲡ"/>
		<feat xlink:href="#sSpan3525" value="ⲉⲛⲧ"/>
		<feat xlink:href="#sSpan3527" value="ⲁ"/>
		<feat xlink:href="#sSpan3529" value="ⲩ"/>
		<feat xlink:href="#sSpan3531" value="ⲁϣⲧ"/>
		<feat xlink:href="#sSpan3533" value="ϥ̄"/>
		<feat xlink:href="#sSpan3535" value="ϩⲓ̈ϫⲙ̄"/>
		<feat xlink:href="#sSpan3540" value="ⲡ"/>
		<feat xlink:href="#sSpan3543" value="ϣⲉ"/>
		<feat xlink:href="#sSpan3545" value="ⲙ̄"/>
		<feat xlink:href="#sSpan3549" value="ⲡⲉ"/>
		<feat xlink:href="#sSpan3553" value="ⲥ̄ⳁⲟ︤ⲥ︥"/>
		<feat xlink:href="#sSpan3555" value="·"/>
		<feat xlink:href="#sSpan3559" value="ⲁ"/>
		<feat xlink:href="#sSpan3568" value="ⲓ̈"/>
		<feat xlink:href="#sSpan3570" value="ⲛⲁⲩ"/>
		<feat xlink:href="#sSpan3572" value="ⲉ"/>
		<feat xlink:href="#sSpan3576" value="ⲡ"/>
		<feat xlink:href="#sSpan3579" value="ⲥⲱⲛⲧ"/>
		<feat xlink:href="#sSpan3581" value="ⲧⲏⲣ"/>
		<feat xlink:href="#sSpan3586" value="ϥ̄"/>
		<feat xlink:href="#sSpan3588" value="ⲉ"/>
		<feat xlink:href="#sSpan3592" value="ϥ"/>
		<feat xlink:href="#sSpan3594" value="ⲧⲁϩⲏⲩ"/>
		<feat xlink:href="#sSpan3596" value="ⲉ̄ⲣⲁⲧ"/>
		<feat xlink:href="#sSpan3600" value="ϥ̄"/>
		<feat xlink:href="#sSpan3602" value="ⲁⲩⲱ"/>
		<feat xlink:href="#sSpan3607" value="ⲉ"/>
		<feat xlink:href="#sSpan3611" value="ϥ"/>
		<feat xlink:href="#sSpan3613" value="ⲥⲙⲟⲛⲧ̄"/>
		<feat xlink:href="#sSpan3615" value="ϩ︤ⲙ︥"/>
		<feat xlink:href="#sSpan3619" value="ⲡⲉ"/>
		<feat xlink:href="#sSpan3624" value="ⲡⲣⲟⲥⲱⲡⲟⲛ"/>
		<feat xlink:href="#sSpan3626" value="ⲙ̄"/>
		<feat xlink:href="#sSpan3630" value="ⲡⲉ"/>
		<feat xlink:href="#sSpan3635" value="ⲥ̄ⳁⲟ︤ⲥ︥"/>
		<feat xlink:href="#sSpan3637" value="·"/>
		<feat xlink:href="#sSpan3641" value="ⲡ"/>
		<feat xlink:href="#sSpan3650" value="ⲉⲧⲉ"/>
		<feat xlink:href="#sSpan3652" value="ϣⲁ"/>
		<feat xlink:href="#sSpan3654" value="ϥ"/>
		<feat xlink:href="#sSpan3656" value="ⲣ"/>
		<feat xlink:href="#sSpan3659" value="ⲡ"/>
		<feat xlink:href="#sSpan3662" value="ⲣⲱⲙⲉ"/>
		<feat xlink:href="#sSpan3664" value="ⲛ̄"/>
		<feat xlink:href="#sSpan3668" value="ⲃⲣ̄ⲣⲉ"/>
		<feat xlink:href="#sSpan3670" value="ⲛ̄"/>
		<feat xlink:href="#sSpan3674" value="ⲕⲉ"/>
		<feat xlink:href="#sSpan3681" value="ⲥⲟⲡ"/>
		<feat xlink:href="#sSpan3683" value="·"/>
		<feat xlink:href="#sSpan3687" value="ⲙⲛ̄ⲛⲥⲁ"/>
		<feat xlink:href="#sSpan3691" value="ⲛ̄"/>
		<feat xlink:href="#sSpan3693" value="ⲥⲉ"/>
		<feat xlink:href="#sSpan3697" value="ⲣ̄ⲁⲥ"/>
		<feat xlink:href="#sSpan3700" value="·"/>
		<feat xlink:href="#sSpan3704" value="ϣⲁ"/>
		<feat xlink:href="#sSpan3708" value="ⲩ"/>
		<feat xlink:href="#sSpan3711" value="ϯⲙⲁⲉⲓⲛ"/>
		<feat xlink:href="#sSpan3715" value="ⲉ̄ⲣⲟ"/>
		<feat xlink:href="#sSpan3719" value="ϥ"/>
		<feat xlink:href="#sSpan3721" value="ϩⲓⲧⲙ̄"/>
		<feat xlink:href="#sSpan3725" value="ⲡ"/>
		<feat xlink:href="#sSpan3730" value="ⲃⲁⲡⲧⲓⲥⲙⲁ"/>
		<feat xlink:href="#sSpan3732" value="ⲉ̄ⲧ"/>
		<feat xlink:href="#sSpan3736" value="ⲟⲩⲁⲁⲃ"/>
		<feat xlink:href="#sSpan3739" value="·"/>
		<feat xlink:href="#sSpan3743" value="ⲉ̄"/>
		<feat xlink:href="#sSpan3747" value="ϣⲁ"/>
		<feat xlink:href="#sSpan3749" value="ⲩ"/>
		<feat xlink:href="#sSpan3751" value="ⲁⲁ"/>
		<feat xlink:href="#sSpan3753" value="ϥ"/>
		<feat xlink:href="#sSpan3755" value="ϩⲙ̄"/>
		<feat xlink:href="#sSpan3759" value="ⲡ"/>
		<feat xlink:href="#sSpan3763" value="ⲛⲉϩ"/>
		<feat xlink:href="#sSpan3765" value="ⲙⲛ̄"/>
		<feat xlink:href="#sSpan3769" value="ⲧⲉ"/>
		<feat xlink:href="#sSpan3773" value="ⲥⲫⲣⲁⲅⲓⲥ"/>
		<feat xlink:href="#sSpan3776" value="ⲙ̄"/>
		<feat xlink:href="#sSpan3780" value="ⲡⲉ"/>
		<feat xlink:href="#sSpan3784" value="ⲭ︦ⲥ︦"/>
		<feat xlink:href="#sSpan3786" value="·"/>
		<feat xlink:href="#sSpan3790" value="ⲡⲉ"/>
		<feat xlink:href="#sSpan3800" value="ⲥ̄ⳁⲟ︤ⲥ︥"/>
		<feat xlink:href="#sSpan3802" value="ⲡⲉ"/>
		<feat xlink:href="#sSpan3806" value="ϣⲁ"/>
		<feat xlink:href="#sSpan3810" value="ϥ"/>
		<feat xlink:href="#sSpan3813" value="ⲕⲁⲑⲁⲣⲓⲍⲉ"/>
		<feat xlink:href="#sSpan3816" value="ⲙ̄"/>
		<feat xlink:href="#sSpan3820" value="ⲡ̄"/>
		<feat xlink:href="#sSpan3823" value="ⲣⲱⲙⲉ"/>
		<feat xlink:href="#sSpan3825" value="ⲛ︤"/>
		<feat xlink:href="#sSpan3830" value="ϥ︥"/>
		<feat xlink:href="#sSpan3832" value="ⲡⲱⲧ"/>
		<feat xlink:href="#sSpan3835" value="ⲛ̄ⲥⲁ"/>
		<feat xlink:href="#sSpan3839" value="ⲛ"/>
		<feat xlink:href="#sSpan3843" value="ⲉⲛⲉⲣⲅⲓⲁ"/>
		<feat xlink:href="#sSpan3846" value="ⲛ"/>
		<feat xlink:href="#sSpan3850" value="ϥ̄"/>
		<feat xlink:href="#sSpan3852" value="ⲛⲁ"/>
		<feat xlink:href="#sSpan3854" value="ϫⲟ"/>
		<feat xlink:href="#sSpan3856" value="ⲩ"/>
		<feat xlink:href="#sSpan3858" value="ⲉ̄ⲃⲟⲗ"/>
		<feat xlink:href="#sSpan3863" value="ⲛ̄ϩⲏⲧ"/>
		<feat xlink:href="#sSpan3867" value="ϥ̄"/>
		<feat xlink:href="#sSpan3869" value="·"/>
		<feat xlink:href="#sSpan3873" value="ⲡⲉ"/>
		<feat xlink:href="#sSpan3883" value="ⲥ̄ⳁⲟ︤ⲥ︥"/>
		<feat xlink:href="#sSpan3885" value="ⲡⲉ"/>
		<feat xlink:href="#sSpan3889" value="ⲡ"/>
		<feat xlink:href="#sSpan3895" value="ⲙⲏⲥⲧⲏⲣⲓⲟⲛ"/>
		<feat xlink:href="#sSpan3898" value="ⲉ̄ⲧ"/>
		<feat xlink:href="#sSpan3902" value="ⲟⲩⲁⲁⲃ"/>
		<feat xlink:href="#sSpan3905" value="ϩⲟⲧⲁⲛ"/>
		<feat xlink:href="#sSpan3914" value="ⲅⲁⲣ"/>
		<feat xlink:href="#sSpan3918" value="ⲉⲩϣⲁⲛ"/>
		<feat xlink:href="#sSpan3923" value="ⲥⲫⲣⲁⲅⲓⲍⲉ"/>
		<feat xlink:href="#sSpan3926" value="ⲙ̄"/>
		<feat xlink:href="#sSpan3930" value="ⲡ"/>
		<feat xlink:href="#sSpan3933" value="ⲟⲉⲓⲕ"/>
		<feat xlink:href="#sSpan3935" value="ⲙ︤ⲛ︥"/>
		<feat xlink:href="#sSpan3940" value="ⲡ"/>
		<feat xlink:href="#sSpan3944" value="ⲡⲟⲧⲏⲣⲓⲟⲛ"/>
		<feat xlink:href="#sSpan3946" value="ϩⲓϫⲛ̄"/>
		<feat xlink:href="#sSpan3951" value="ⲧⲉ"/>
		<feat xlink:href="#sSpan3955" value="ⲧⲣⲁⲡⲉⲍⲁ"/>
		<feat xlink:href="#sSpan3957" value="ⲉ̄ⲧ"/>
		<feat xlink:href="#sSpan3962" value="ⲟⲩⲁⲁⲃ"/>
		<feat xlink:href="#sSpan3964" value="·"/>
		<feat xlink:href="#sSpan3968" value="ⲁⲩⲱ"/>
		<feat xlink:href="#sSpan3972" value="ⲛ̄"/>
		<feat xlink:href="#sSpan3976" value="ⲥⲉ"/>
		<feat xlink:href="#sSpan3979" value="ⲉⲡⲓⲧⲉⲗⲉⲓ"/>
		<feat xlink:href="#sSpan3982" value="ⲉ̄ϫⲱ"/>
		<feat xlink:href="#sSpan3986" value="ⲟⲩ"/>
		<feat xlink:href="#sSpan3989" value="ⲟⲩⲕ"/>
		<feat xlink:href="#sSpan3995" value="ⲉⲧⲉⲓ"/>
		<feat xlink:href="#sSpan3999" value="ⲛ"/>
		<feat xlink:href="#sSpan4003" value="ⲟⲩ"/>
		<feat xlink:href="#sSpan4006" value="ⲟ̄ⲉⲓⲕ"/>
		<feat xlink:href="#sSpan4008" value="ⲁⲛ"/>
		<feat xlink:href="#sSpan4013" value="ⲡⲉ"/>
		<feat xlink:href="#sSpan4017" value="·"/>
		<feat xlink:href="#sSpan4021" value="ⲙ︤ⲛ︥"/>
		<feat xlink:href="#sSpan4025" value="ⲟⲩ"/>
		<feat xlink:href="#sSpan4028" value="ⲏⲣ︤ⲡ︥"/>
		<feat xlink:href="#sSpan4030" value="ⲛ̄"/>
		<feat xlink:href="#sSpan4035" value="ⲕⲉ"/>
		<feat xlink:href="#sSpan4038" value="ⲥⲟⲡ"/>
		<feat xlink:href="#sSpan4040" value="·"/>
		<feat xlink:href="#sSpan4045" value="ⲁⲗⲗⲁ"/>
		<feat xlink:href="#sSpan4049" value="ⲟⲩ"/>
		<feat xlink:href="#sSpan4055" value="ⲥⲱⲙⲁ"/>
		<feat xlink:href="#sSpan4058" value="ⲡⲉ"/>
		<feat xlink:href="#sSpan4062" value="ⲙⲛ̄"/>
		<feat xlink:href="#sSpan4066" value="ⲟⲩ"/>
		<feat xlink:href="#sSpan4069" value="ⲥ̄ⲛⲟϥ"/>
		<feat xlink:href="#sSpan4072" value="ⲉ"/>
		<feat xlink:href="#sSpan4076" value="ϥ"/>
		<feat xlink:href="#sSpan4078" value="ⲟⲩⲁⲁⲃ"/>
		<feat xlink:href="#sSpan4080" value="·"/>
		<feat xlink:href="#sSpan4084" value="ⲡⲉ"/>
		<feat xlink:href="#sSpan4094" value="ⲥ̄ⳁⲟ︤ⲥ︥"/>
		<feat xlink:href="#sSpan4096" value="ⲡⲉ"/>
		<feat xlink:href="#sSpan4100" value="ⲥⲟⲗⲥⲗ"/>
		<feat xlink:href="#sSpan4105" value="ⲛ̄"/>
		<feat xlink:href="#sSpan4110" value="ⲛ"/>
		<feat xlink:href="#sSpan4113" value="ⲉⲧ"/>
		<feat xlink:href="#sSpan4115" value="ϩ︤ⲛ︥"/>
		<feat xlink:href="#sSpan4117" value="ϩⲉⲛ"/>
		<feat xlink:href="#sSpan4120" value="ⲗⲩⲡⲏ"/>
		<feat xlink:href="#sSpan4123" value="ⲉⲧⲃⲉ"/>
		<feat xlink:href="#sSpan4127" value="ⲛⲉⲩ"/>
		<feat xlink:href="#sSpan4130" value="ⲛⲟⲃⲉ"/>
		<feat xlink:href="#sSpan4132" value="·"/>
		<feat xlink:href="#sSpan4136" value="ⲡⲉ"/>
		<feat xlink:href="#sSpan4146" value="ⲥ̄ⳁⲟ︤ⲥ︥"/>
		<feat xlink:href="#sSpan4148" value="ⲡⲉ"/>
		<feat xlink:href="#sSpan4152" value="ⲧⲉ"/>
		<feat xlink:href="#sSpan4157" value="ϩⲓⲏ̄"/>
		<feat xlink:href="#sSpan4159" value="ⲉⲧ"/>
		<feat xlink:href="#sSpan4163" value="ⲥⲟⲩⲧⲱⲛ"/>
		<feat xlink:href="#sSpan4166" value="·"/>
		<feat xlink:href="#sSpan4171" value="ϩⲟⲧⲁⲛ"/>
		<feat xlink:href="#sSpan4175" value="ⲉⲩϣⲁⲛ"/>
		<feat xlink:href="#sSpan4181" value="ⲣ̄ϣⲙⲙⲟ"/>
		<feat xlink:href="#sSpan4184" value="ⲙⲉ"/>
		<feat xlink:href="#sSpan4189" value="ⲩ"/>
		<feat xlink:href="#sSpan4191" value="ⲥⲱⲣⲙ̄"/>
		<feat xlink:href="#sSpan4193" value="ⲛ̄ϭⲓ"/>
		<feat xlink:href="#sSpan4197" value="ⲛ"/>
		<feat xlink:href="#sSpan4200" value="ⲉⲧ"/>
		<feat xlink:href="#sSpan4202" value="ⲙⲟⲟϣⲉ"/>
		<feat xlink:href="#sSpan4205" value="ⲛ̄ϩⲏⲧ"/>
		<feat xlink:href="#sSpan4209" value="ϥ"/>
		<feat xlink:href="#sSpan4211" value="·"/>
		<feat xlink:href="#sSpan4215" value="ⲡⲉ"/>
		<feat xlink:href="#sSpan4225" value="ⲥ̄ⳁⲟ︤ⲥ︥"/>
		<feat xlink:href="#sSpan4227" value="ⲡⲉ"/>
		<feat xlink:href="#sSpan4231" value="ⲡ"/>
		<feat xlink:href="#sSpan4237" value="ⲡⲩⲣⲅⲟⲥ"/>
		<feat xlink:href="#sSpan4240" value="ⲉ"/>
		<feat xlink:href="#sSpan4244" value="ϥ"/>
		<feat xlink:href="#sSpan4246" value="ϫⲟⲥⲉ"/>
		<feat xlink:href="#sSpan4248" value="ⲉ"/>
		<feat xlink:href="#sSpan4252" value="ϣⲁ"/>
		<feat xlink:href="#sSpan4254" value="ϥ"/>
		<feat xlink:href="#sSpan4256" value="ϣⲱⲡ"/>
		<feat xlink:href="#sSpan4260" value="ⲉ̄ⲣⲟ"/>
		<feat xlink:href="#sSpan4264" value="ϥ"/>
		<feat xlink:href="#sSpan4266" value="ⲛ̄"/>
		<feat xlink:href="#sSpan4270" value="ⲛ"/>
		<feat xlink:href="#sSpan4273" value="ⲉⲧ"/>
		<feat xlink:href="#sSpan4275" value="ⲡⲏⲧ"/>
		<feat xlink:href="#sSpan4278" value="ⲉ̄ⲣⲁⲧ"/>
		<feat xlink:href="#sSpan4282" value="ϥ"/>
		<feat xlink:href="#sSpan4284" value="·"/>
		<feat xlink:href="#sSpan4288" value="ⲡⲉ"/>
		<feat xlink:href="#sSpan4298" value="ⲥ̄ⳁⲟ︤ⲥ︥"/>
		<feat xlink:href="#sSpan4300" value="ⲡⲉ"/>
		<feat xlink:href="#sSpan4304" value="ⲧⲉ"/>
		<feat xlink:href="#sSpan4309" value="ϭⲗⲟⲟϭⲉ"/>
		<feat xlink:href="#sSpan4311" value="ⲛ̄"/>
		<feat xlink:href="#sSpan4317" value="ⲣⲉϥϫⲓⲣⲱⲙⲉ"/>
		<feat xlink:href="#sSpan4322" value="ⲉϩⲣⲁⲓ̈"/>
		<feat xlink:href="#sSpan4327" value="ⲉ"/>
		<feat xlink:href="#sSpan4331" value="ⲧ"/>
		<feat xlink:href="#sSpan4334" value="ⲡⲉ"/>
		<feat xlink:href="#sSpan4336" value="·"/>
		<feat xlink:href="#sSpan4340" value="ⲡⲉ"/>
		<feat xlink:href="#sSpan4350" value="ⲥ̄ⳁⲟ︤ⲥ︥"/>
		<feat xlink:href="#sSpan4352" value="ⲡⲉ"/>
		<feat xlink:href="#sSpan4356" value="ⲑ"/>
		<feat xlink:href="#sSpan4361" value="ⲃⲥⲱ"/>
		<feat xlink:href="#sSpan4363" value="ⲉ"/>
		<feat xlink:href="#sSpan4368" value="ϣⲁⲣⲉ"/>
		<feat xlink:href="#sSpan4370" value="ⲛⲉ"/>
		<feat xlink:href="#sSpan4374" value="ⲭⲣⲏⲥⲧⲓⲁⲛⲟⲥ"/>
		<feat xlink:href="#sSpan4378" value="ⲫⲱⲣⲉⲓ"/>
		<feat xlink:href="#sSpan4382" value="ⲙⲙⲟ"/>
		<feat xlink:href="#sSpan4387" value="ⲥ"/>
		<feat xlink:href="#sSpan4389" value="·"/>
		<feat xlink:href="#sSpan4393" value="ⲡⲉ"/>
		<feat xlink:href="#sSpan4403" value="ⲥ̄ⳁⲟ︤ⲥ︥"/>
		<feat xlink:href="#sSpan4405" value="ⲡⲉ"/>
		<feat xlink:href="#sSpan4409" value="ⲡ"/>
		<feat xlink:href="#sSpan4415" value="ⲃⲟⲏ̄ⲑⲟⲥ"/>
		<feat xlink:href="#sSpan4418" value="ⲛ̄"/>
		<feat xlink:href="#sSpan4422" value="ⲛⲉ"/>
		<feat xlink:href="#sSpan4425" value="ⲉ̄ⲃⲓⲏⲛ"/>
		<feat xlink:href="#sSpan4427" value="·"/>
		<feat xlink:href="#sSpan4431" value="ⲁⲩⲱ"/>
		<feat xlink:href="#sSpan4436" value="ⲉ"/>
		<feat xlink:href="#sSpan4440" value="ⲧ"/>
		<feat xlink:href="#sSpan4444" value="ⲃⲟⲏⲑⲓⲁ"/>
		<feat xlink:href="#sSpan4446" value="ⲉ̄"/>
		<feat xlink:href="#sSpan4451" value="ⲛ"/>
		<feat xlink:href="#sSpan4454" value="ⲉⲧ"/>
		<feat xlink:href="#sSpan4456" value="ϩⲏϣ"/>
		<feat xlink:href="#sSpan4458" value="·"/>
		<feat xlink:href="#sSpan4462" value="ⲡⲉ"/>
		<feat xlink:href="#sSpan4472" value="ⲥ̄ⳁⲟ︤ⲥ︥"/>
		<feat xlink:href="#sSpan4474" value="ⲡⲉ"/>
		<feat xlink:href="#sSpan4478" value="ⲛⲧ"/>
		<feat xlink:href="#sSpan4482" value="ⲁ"/>
		<feat xlink:href="#sSpan4484" value="ϥ"/>
		<feat xlink:href="#sSpan4486" value="ϣⲟⲣϣ︤ⲣ︥"/>
		<feat xlink:href="#sSpan4489" value="ⲙ̄"/>
		<feat xlink:href="#sSpan4493" value="ⲡ"/>
		<feat xlink:href="#sSpan4496" value="ⲣ̄ⲡⲉ"/>
		<feat xlink:href="#sSpan4498" value="ⲛ̄"/>
		<feat xlink:href="#sSpan4503" value="ⲛ"/>
		<feat xlink:href="#sSpan4507" value="ⲓ̈ⲟⲩⲇⲁⲓ̈"/>
		<feat xlink:href="#sSpan4509" value="·"/>
		<feat xlink:href="#sSpan4513" value="ⲁ"/>
		<feat xlink:href="#sSpan4517" value="ϥ"/>
		<feat xlink:href="#sSpan4519" value="ⲧⲣⲉ"/>
		<feat xlink:href="#sSpan4522" value="ⲩ"/>
		<feat xlink:href="#sSpan4524" value="ⲟⲩⲱⲛ"/>
		<feat xlink:href="#sSpan4526" value="ⲛ̄"/>
		<feat xlink:href="#sSpan4530" value="ⲧ"/>
		<feat xlink:href="#sSpan4534" value="ⲉⲕⲕⲗⲏⲥⲓⲁ"/>
		<feat xlink:href="#sSpan4537" value="·"/>
		<feat xlink:href="#sSpan4541" value="ⲁ"/>
		<feat xlink:href="#sSpan4545" value="ϥ"/>
		<feat xlink:href="#sSpan4548" value="ⲥⲧⲉⲫⲁⲛⲟⲩ"/>
		<feat xlink:href="#sSpan4551" value="ⲙⲙⲟ"/>
		<feat xlink:href="#sSpan4555" value="ⲥ"/>
		<feat xlink:href="#sSpan4557" value="·"/>
		<feat xlink:href="#sSpan4561" value="ⲡⲉ"/>
		<feat xlink:href="#sSpan4571" value="ⲥ̄ⳁⲟ︤ⲥ︥"/>
		<feat xlink:href="#sSpan4573" value="ⲁ"/>
		<feat xlink:href="#sSpan4577" value="ϥ"/>
		<feat xlink:href="#sSpan4579" value="ϣⲟⲣϣ︤ⲣ︥"/>
		<feat xlink:href="#sSpan4582" value="ⲛ̄"/>
		<feat xlink:href="#sSpan4586" value="ⲛ̄"/>
		<feat xlink:href="#sSpan4590" value="ⲇⲁⲓⲙⲟⲛⲓⲟⲛ"/>
		<feat xlink:href="#sSpan4593" value="ⲁ"/>
		<feat xlink:href="#sSpan4597" value="ϥ"/>
		<feat xlink:href="#sSpan4599" value="ⲛⲁϫ"/>
		<feat xlink:href="#sSpan4601" value="ⲟⲩ"/>
		<feat xlink:href="#sSpan4603" value="ⲉⲃⲟⲗ"/>
		<feat xlink:href="#sSpan4608" value="ϩⲛ̄"/>
		<feat xlink:href="#sSpan4613" value="ⲟⲩ"/>
		<feat xlink:href="#sSpan4616" value="ϩⲟⲧⲉ"/>
		<feat xlink:href="#sSpan4618" value="·"/>
		<feat xlink:href="#sSpan4622" value="ⲡⲉ"/>
		<feat xlink:href="#sSpan4632" value="ⲥ̄ⳁⲟ︤ⲥ︥"/>
		<feat xlink:href="#sSpan4634" value="ⲡⲉ"/>
		<feat xlink:href="#sSpan4638" value="ⲡⲉⲥ"/>
		<feat xlink:href="#sSpan4643" value="ⲙⲓ̈ⲛⲉ"/>
		<feat xlink:href="#sSpan4646" value="ⲛ̄"/>
		<feat xlink:href="#sSpan4650" value="ⲛⲉ"/>
		<feat xlink:href="#sSpan4653" value="ⲉϫⲏⲩ"/>
		<feat xlink:href="#sSpan4655" value="ⲉ̄ⲧ"/>
		<feat xlink:href="#sSpan4661" value="ⲣ̄ϩⲱⲧ"/>
		<feat xlink:href="#sSpan4664" value="ϩⲛ̄"/>
		<feat xlink:href="#sSpan4668" value="ⲟⲩ"/>
		<feat xlink:href="#sSpan4672" value="ⲙⲛ̄ⲧⲥⲁⲓ̈ⲉ"/>
		<feat xlink:href="#sSpan4676" value="·"/>
		<feat xlink:href="#sSpan4680" value="ⲡⲉ"/>
		<feat xlink:href="#sSpan4690" value="ⲥ̄ⳁⲟ︤ⲥ︥"/>
		<feat xlink:href="#sSpan4692" value="ⲡⲉ"/>
		<feat xlink:href="#sSpan4696" value="ⲡⲉⲥ"/>
		<feat xlink:href="#sSpan4701" value="ⲙⲓ̈ⲛⲉ"/>
		<feat xlink:href="#sSpan4704" value="ⲛ"/>
		<feat xlink:href="#sSpan4708" value="ⲛⲉ"/>
		<feat xlink:href="#sSpan4711" value="ⲟⲩⲏⲏⲃ"/>
		<feat xlink:href="#sSpan4713" value="ⲉⲧ"/>
		<feat xlink:href="#sSpan4718" value="ϩ︤ⲙ︥"/>
		<feat xlink:href="#sSpan4720" value="ⲡ"/>
		<feat xlink:href="#sSpan4723" value="ⲏⲓ̈"/>
		<feat xlink:href="#sSpan4725" value="ⲙ"/>
		<feat xlink:href="#sSpan4729" value="ⲡ"/>
		<feat xlink:href="#sSpan4732" value="ⲛⲟⲩⲧⲉ"/>
		<feat xlink:href="#sSpan4735" value="ϩⲛ̄"/>
		<feat xlink:href="#sSpan4739" value="ⲟⲩ"/>
		<feat xlink:href="#sSpan4743" value="ⲙ︤ⲛ︥ⲧⲥⲁⲃⲉ"/>
		<feat xlink:href="#sSpan4746" value="·"/>
		<feat xlink:href="#sSpan4750" value="ⲡⲉ"/>
		<feat xlink:href="#sSpan4760" value="ⲥ̄ⳁⲟ︤ⲥ︥"/>
		<feat xlink:href="#sSpan4762" value="ⲡⲉ"/>
		<feat xlink:href="#sSpan4766" value="ⲡⲉ"/>
		<feat xlink:href="#sSpan4772" value="ⲕⲣⲓⲧⲏⲥ"/>
		<feat xlink:href="#sSpan4775" value="ⲛ̄"/>
		<feat xlink:href="#sSpan4779" value="ⲛ"/>
		<feat xlink:href="#sSpan4783" value="ⲁⲧⲡⲱⲱⲛⲉ"/>
		<feat xlink:href="#sSpan4787" value="ⲛ"/>
		<feat xlink:href="#sSpan4791" value="ⲛ"/>
		<feat xlink:href="#sSpan4795" value="ⲁⲡⲟⲥⲧⲟⲗⲟⲥ"/>
		<feat xlink:href="#sSpan4798" value="·"/></featList></paula>