<?xml version='1.0' encoding='UTF-8'?><!DOCTYPE paula SYSTEM "paula_feat.dtd">
<paula version="1.1">
	<header paula_id="scriptorium.cross.michbr291-294.mark_pos"/>
	<featList xmlns:xlink="http://www.w3.org/1999/xlink" type="pos" xml:base="scriptorium.cross.michbr291-294.mark.xml">
		<feat xlink:href="#sSpan1" value="ART"/>
		<feat xlink:href="#sSpan14" value="N"/>
		<feat xlink:href="#sSpan16" value="PUNCT"/>
		<feat xlink:href="#sSpan20" value="PDEM"/>
		<feat xlink:href="#sSpan28" value="CREL"/>
		<feat xlink:href="#sSpan33" value="APST"/>
		<feat xlink:href="#sSpan35" value="ART"/>
		<feat xlink:href="#sSpan38" value="N"/>
		<feat xlink:href="#sSpan40" value="V"/>
		<feat xlink:href="#sSpan44" value="PREP"/>
		<feat xlink:href="#sSpan49" value="PPERO"/>
		<feat xlink:href="#sSpan51" value="APST"/>
		<feat xlink:href="#sSpan55" value="PPERS"/>
		<feat xlink:href="#sSpan57" value="V"/>
		<feat xlink:href="#sSpan59" value="PPERO"/>
		<feat xlink:href="#sSpan61" value="CREL"/>
		<feat xlink:href="#sSpan67" value="NPROP"/>
		<feat xlink:href="#sSpan70" value="COP"/>
		<feat xlink:href="#sSpan74" value="PUNCT"/>
		<feat xlink:href="#sSpan78" value="PREP"/>
		<feat xlink:href="#sSpan84" value="NPROP"/>
		<feat xlink:href="#sSpan87" value="PUNCT"/>
		<feat xlink:href="#sSpan91" value="PREP"/>
		<feat xlink:href="#sSpan95" value="ART"/>
		<feat xlink:href="#sSpan99" value="N"/>
		<feat xlink:href="#sSpan101" value="PREP"/>
		<feat xlink:href="#sSpan106" value="NPROP"/>
		<feat xlink:href="#sSpan109" value="PUNCT"/>
		<feat xlink:href="#sSpan113" value="PDEM"/>
		<feat xlink:href="#sSpan119" value="CREL"/>
		<feat xlink:href="#sSpan123" value="APST"/>
		<feat xlink:href="#sSpan125" value="PPERS"/>
		<feat xlink:href="#sSpan127" value="V"/>
		<feat xlink:href="#sSpan129" value="PREP"/>
		<feat xlink:href="#sSpan135" value="NPROP"/>
		<feat xlink:href="#sSpan138" value="PREP"/>
		<feat xlink:href="#sSpan142" value="ART"/>
		<feat xlink:href="#sSpan147" value="N"/>
		<feat xlink:href="#sSpan149" value="PUNCT"/>
		<feat xlink:href="#sSpan153" value="AJUS"/>
		<feat xlink:href="#sSpan162" value="PPERS"/>
		<feat xlink:href="#sSpan164" value="V"/>
		<feat xlink:href="#sSpan166" value="PPERO"/>
		<feat xlink:href="#sSpan168" value="PTC"/>
		<feat xlink:href="#sSpan173" value="ADV"/>
		<feat xlink:href="#sSpan178" value="ADV"/>
		<feat xlink:href="#sSpan182" value="PREP"/>
		<feat xlink:href="#sSpan186" value="ART"/>
		<feat xlink:href="#sSpan189" value="N"/>
		<feat xlink:href="#sSpan192" value="PUNCT"/>
		<feat xlink:href="#sSpan196" value="PREP"/>
		<feat xlink:href="#sSpan200" value="PDEM"/>
		<feat xlink:href="#sSpan204" value="N"/>
		<feat xlink:href="#sSpan208" value="N"/>
		<feat xlink:href="#sSpan212" value="ACONJ"/>
		<feat xlink:href="#sSpan216" value="PPERS"/>
		<feat xlink:href="#sSpan219" value="V"/>
		<feat xlink:href="#sSpan221" value="PREP"/>
		<feat xlink:href="#sSpan225" value="PPERO"/>
		<feat xlink:href="#sSpan227" value="PUNCT"/>
		<feat xlink:href="#sSpan232" value="FM"/>
		<feat xlink:href="#sSpan240" value="ACONJ"/>
		<feat xlink:href="#sSpan244" value="PPERS"/>
		<feat xlink:href="#sSpan247" value="V"/>
		<feat xlink:href="#sSpan249" value="PREP"/>
		<feat xlink:href="#sSpan253" value="ART"/>
		<feat xlink:href="#sSpan257" value="N"/>
		<feat xlink:href="#sSpan260" value="PREP"/>
		<feat xlink:href="#sSpan264" value="ART"/>
		<feat xlink:href="#sSpan268" value="N"/>
		<feat xlink:href="#sSpan271" value="PUNCT"/>
		<feat xlink:href="#sSpan275" value="CREL"/>
		<feat xlink:href="#sSpan279" value="APST"/>
		<feat xlink:href="#sSpan281" value="PPERS"/>
		<feat xlink:href="#sSpan283" value="V"/>
		<feat xlink:href="#sSpan286" value="PPERO"/>
		<feat xlink:href="#sSpan288" value="PREP"/>
		<feat xlink:href="#sSpan292" value="PPERO"/>
		<feat xlink:href="#sSpan294" value="PREP"/>
		<feat xlink:href="#sSpan298" value="ART"/>
		<feat xlink:href="#sSpan302" value="N"/>
		<feat xlink:href="#sSpan305" value="PREP"/>
		<feat xlink:href="#sSpan309" value="ART"/>
		<feat xlink:href="#sSpan312" value="N"/>
		<feat xlink:href="#sSpan314" value="PUNCT"/>
		<feat xlink:href="#sSpan318" value="PPERI"/>
		<feat xlink:href="#sSpan326" value="IMOD"/>
		<feat xlink:href="#sSpan330" value="PPERO"/>
		<feat xlink:href="#sSpan333" value="PTC"/>
		<feat xlink:href="#sSpan338" value="ART"/>
		<feat xlink:href="#sSpan344" value="N"/>
		<feat xlink:href="#sSpan346" value="PUNCT"/>
		<feat xlink:href="#sSpan350" value="V"/>
		<feat xlink:href="#sSpan356" value="ADV"/>
		<feat xlink:href="#sSpan360" value="PREP"/>
		<feat xlink:href="#sSpan364" value="PPOS"/>
		<feat xlink:href="#sSpan369" value="N"/>
		<feat xlink:href="#sSpan371" value="ACONJ"/>
		<feat xlink:href="#sSpan376" value="PPERS"/>
		<feat xlink:href="#sSpan379" value="V"/>
		<feat xlink:href="#sSpan382" value="PREP"/>
		<feat xlink:href="#sSpan386" value="ART"/>
		<feat xlink:href="#sSpan391" value="N"/>
		<feat xlink:href="#sSpan393" value="PUNCT"/>
		<feat xlink:href="#sSpan397" value="VIMP"/>
		<feat xlink:href="#sSpan404" value="PPERO"/>
		<feat xlink:href="#sSpan406" value="ACONJ"/>
		<feat xlink:href="#sSpan411" value="PPERS"/>
		<feat xlink:href="#sSpan413" value="V"/>
		<feat xlink:href="#sSpan415" value="PREP"/>
		<feat xlink:href="#sSpan419" value="ART"/>
		<feat xlink:href="#sSpan422" value="N"/>
		<feat xlink:href="#sSpan425" value="PREP"/>
		<feat xlink:href="#sSpan430" value="N"/>
		<feat xlink:href="#sSpan432" value="CREL"/>
		<feat xlink:href="#sSpan437" value="VSTAT"/>
		<feat xlink:href="#sSpan439" value="PUNCT"/>
		<feat xlink:href="#sSpan443" value="ACONJ"/>
		<feat xlink:href="#sSpan447" value="PPERS"/>
		<feat xlink:href="#sSpan449" value="V"/>
		<feat xlink:href="#sSpan453" value="ADV"/>
		<feat xlink:href="#sSpan457" value="PREP"/>
		<feat xlink:href="#sSpan461" value="ART"/>
		<feat xlink:href="#sSpan465" value="N"/>
		<feat xlink:href="#sSpan468" value="PREP"/>
		<feat xlink:href="#sSpan473" value="N"/>
		<feat xlink:href="#sSpan476" value="ACONJ"/>
		<feat xlink:href="#sSpan481" value="PPERS"/>
		<feat xlink:href="#sSpan484" value="V"/>
		<feat xlink:href="#sSpan486" value="PREP"/>
		<feat xlink:href="#sSpan490" value="ART"/>
		<feat xlink:href="#sSpan494" value="N"/>
		<feat xlink:href="#sSpan497" value="PREP"/>
		<feat xlink:href="#sSpan501" value="ART"/>
		<feat xlink:href="#sSpan505" value="N"/>
		<feat xlink:href="#sSpan511" value="PUNCT"/>
		<feat xlink:href="#sSpan515" value="V"/>
		<feat xlink:href="#sSpan523" value="PDEM"/>
		<feat xlink:href="#sSpan528" value="PREP"/>
		<feat xlink:href="#sSpan532" value="ART"/>
		<feat xlink:href="#sSpan536" value="N"/>
		<feat xlink:href="#sSpan540" value="PUNCT"/>
		<feat xlink:href="#sSpan544" value="CONJ"/>
		<feat xlink:href="#sSpan548" value="ART"/>
		<feat xlink:href="#sSpan554" value="N"/>
		<feat xlink:href="#sSpan559" value="PUNCT"/>
		<feat xlink:href="#sSpan563" value="CONJ"/>
		<feat xlink:href="#sSpan567" value="ART"/>
		<feat xlink:href="#sSpan573" value="N"/>
		<feat xlink:href="#sSpan577" value="PREP"/>
		<feat xlink:href="#sSpan581" value="PPERO"/>
		<feat xlink:href="#sSpan583" value="PREP"/>
		<feat xlink:href="#sSpan587" value="ART"/>
		<feat xlink:href="#sSpan591" value="N"/>
		<feat xlink:href="#sSpan594" value="PUNCT"/>
		<feat xlink:href="#sSpan598" value="CREL"/>
		<feat xlink:href="#sSpan602" value="PDEM"/>
		<feat xlink:href="#sSpan605" value="COP"/>
		<feat xlink:href="#sSpan611" value="NPROP"/>
		<feat xlink:href="#sSpan616" value="ART"/>
		<feat xlink:href="#sSpan620" value="N"/>
		<feat xlink:href="#sSpan623" value="PREP"/>
		<feat xlink:href="#sSpan627" value="ART"/>
		<feat xlink:href="#sSpan630" value="N"/>
		<feat xlink:href="#sSpan632" value="PUNCT"/>
		<feat xlink:href="#sSpan636" value="AJUS"/>
		<feat xlink:href="#sSpan644" value="PPERS"/>
		<feat xlink:href="#sSpan646" value="V"/>
		<feat xlink:href="#sSpan649" value="ACONJ"/>
		<feat xlink:href="#sSpan653" value="PPERS"/>
		<feat xlink:href="#sSpan655" value="V"/>
		<feat xlink:href="#sSpan657" value="PPERO"/>
		<feat xlink:href="#sSpan659" value="PREP"/>
		<feat xlink:href="#sSpan664" value="ART"/>
		<feat xlink:href="#sSpan668" value="N"/>
		<feat xlink:href="#sSpan670" value="PREP"/>
		<feat xlink:href="#sSpan674" value="PDEM"/>
		<feat xlink:href="#sSpan677" value="N"/>
		<feat xlink:href="#sSpan680" value="CONJ"/>
		<feat xlink:href="#sSpan685" value="N"/>
		<feat xlink:href="#sSpan688" value="CCIRC"/>
		<feat xlink:href="#sSpan693" value="PDEM"/>
		<feat xlink:href="#sSpan696" value="N"/>
		<feat xlink:href="#sSpan698" value="VSTAT"/>
		<feat xlink:href="#sSpan702" value="PREP"/>
		<feat xlink:href="#sSpan707" value="PPERO"/>
		<feat xlink:href="#sSpan709" value="PUNCT"/>
		<feat xlink:href="#sSpan713" value="ART"/>
		<feat xlink:href="#sSpan719" value="N"/>
		<feat xlink:href="#sSpan722" value="PTC"/>
		<feat xlink:href="#sSpan727" value="ART"/>
		<feat xlink:href="#sSpan733" value="N"/>
		<feat xlink:href="#sSpan735" value="COP"/>
		<feat xlink:href="#sSpan739" value="ART"/>
		<feat xlink:href="#sSpan744" value="N"/>
		<feat xlink:href="#sSpan747" value="PREP"/>
		<feat xlink:href="#sSpan751" value="N"/>
		<feat xlink:href="#sSpan754" value="PREP"/>
		<feat xlink:href="#sSpan758" value="ART"/>
		<feat xlink:href="#sSpan763" value="N"/>
		<feat xlink:href="#sSpan767" value="PUNCT"/>
		<feat xlink:href="#sSpan771" value="CREL"/>
		<feat xlink:href="#sSpan775" value="PDEM"/>
		<feat xlink:href="#sSpan778" value="COP"/>
		<feat xlink:href="#sSpan782" value="ART"/>
		<feat xlink:href="#sSpan788" value="N"/>
		<feat xlink:href="#sSpan790" value="PREP"/>
		<feat xlink:href="#sSpan794" value="ART"/>
		<feat xlink:href="#sSpan798" value="N"/>
		<feat xlink:href="#sSpan800" value="PUNCT"/>
		<feat xlink:href="#sSpan804" value="CREL"/>
		<feat xlink:href="#sSpan809" value="APST"/>
		<feat xlink:href="#sSpan811" value="ART"/>
		<feat xlink:href="#sSpan814" value="N"/>
		<feat xlink:href="#sSpan816" value="PREP"/>
		<feat xlink:href="#sSpan820" value="ART"/>
		<feat xlink:href="#sSpan823" value="N"/>
		<feat xlink:href="#sSpan826" value="V"/>
		<feat xlink:href="#sSpan831" value="ADV"/>
		<feat xlink:href="#sSpan835" value="PREP"/>
		<feat xlink:href="#sSpan839" value="PPERO"/>
		<feat xlink:href="#sSpan841" value="PREP"/>
		<feat xlink:href="#sSpan846" value="ART"/>
		<feat xlink:href="#sSpan849" value="N"/>
		<feat xlink:href="#sSpan851" value="PREP"/>
		<feat xlink:href="#sSpan856" value="N"/>
		<feat xlink:href="#sSpan861" value="PUNCT"/>
		<feat xlink:href="#sSpan865" value="CCIRC"/>
		<feat xlink:href="#sSpan869" value="ACAUS"/>
		<feat xlink:href="#sSpan871" value="PPERS"/>
		<feat xlink:href="#sSpan873" value="V"/>
		<feat xlink:href="#sSpan876" value="ADV"/>
		<feat xlink:href="#sSpan880" value="PREP"/>
		<feat xlink:href="#sSpan884" value="ART"/>
		<feat xlink:href="#sSpan888" value="N"/>
		<feat xlink:href="#sSpan891" value="CREL"/>
		<feat xlink:href="#sSpan895" value="VSTAT"/>
		<feat xlink:href="#sSpan897" value="PREP"/>
		<feat xlink:href="#sSpan902" value="N"/>
		<feat xlink:href="#sSpan905" value="PUNCT"/>
		<feat xlink:href="#sSpan909" value="CCIRC"/>
		<feat xlink:href="#sSpan917" value="APST"/>
		<feat xlink:href="#sSpan919" value="PPERS"/>
		<feat xlink:href="#sSpan921" value="V"/>
		<feat xlink:href="#sSpan924" value="PREP"/>
		<feat xlink:href="#sSpan928" value="PPERO"/>
		<feat xlink:href="#sSpan930" value="ADV"/>
		<feat xlink:href="#sSpan934" value="PREP"/>
		<feat xlink:href="#sSpan939" value="PPERO"/>
		<feat xlink:href="#sSpan941" value="PREP"/>
		<feat xlink:href="#sSpan945" value="ART"/>
		<feat xlink:href="#sSpan947" value="N"/>
		<feat xlink:href="#sSpan949" value="PREP"/>
		<feat xlink:href="#sSpan953" value="ART"/>
		<feat xlink:href="#sSpan956" value="N"/>
		<feat xlink:href="#sSpan959" value="PUNCT"/>
		<feat xlink:href="#sSpan963" value="CCIRC"/>
		<feat xlink:href="#sSpan968" value="APST"/>
		<feat xlink:href="#sSpan970" value="PPERS"/>
		<feat xlink:href="#sSpan972" value="V"/>
		<feat xlink:href="#sSpan975" value="ADV"/>
		<feat xlink:href="#sSpan979" value="PREP"/>
		<feat xlink:href="#sSpan983" value="PPOS"/>
		<feat xlink:href="#sSpan987" value="N"/>
		<feat xlink:href="#sSpan989" value="PUNCT"/>
		<feat xlink:href="#sSpan993" value="CCIRC"/>
		<feat xlink:href="#sSpan997" value="PPERS"/>
		<feat xlink:href="#sSpan1000" value="V"/>
		<feat xlink:href="#sSpan1003" value="ACONJ"/>
		<feat xlink:href="#sSpan1008" value="PPERS"/>
		<feat xlink:href="#sSpan1010" value="V"/>
		<feat xlink:href="#sSpan1012" value="PPERO"/>
		<feat xlink:href="#sSpan1014" value="PREP"/>
		<feat xlink:href="#sSpan1018" value="PPOS"/>
		<feat xlink:href="#sSpan1022" value="N"/>
		<feat xlink:href="#sSpan1024" value="PREP"/>
		<feat xlink:href="#sSpan1028" value="N"/>
		<feat xlink:href="#sSpan1032" value="ACONJ"/>
		<feat xlink:href="#sSpan1037" value="PPERS"/>
		<feat xlink:href="#sSpan1039" value="V"/>
		<feat xlink:href="#sSpan1041" value="PREP"/>
		<feat xlink:href="#sSpan1045" value="PPERO"/>
		<feat xlink:href="#sSpan1047" value="PREP"/>
		<feat xlink:href="#sSpan1052" value="PPOS"/>
		<feat xlink:href="#sSpan1055" value="N"/>
		<feat xlink:href="#sSpan1057" value="PUNCT"/>
		<feat xlink:href="#sSpan1061" value="PDEM"/>
		<feat xlink:href="#sSpan1069" value="COP"/>
		<feat xlink:href="#sSpan1074" value="ART"/>
		<feat xlink:href="#sSpan1078" value="N"/>
		<feat xlink:href="#sSpan1080" value="PREP"/>
		<feat xlink:href="#sSpan1084" value="PPOS"/>
		<feat xlink:href="#sSpan1086" value="ART"/>
		<feat xlink:href="#sSpan1090" value="N"/>
		<feat xlink:href="#sSpan1092" value="V"/>
		<feat xlink:href="#sSpan1097" value="PPERO"/>
		<feat xlink:href="#sSpan1099" value="PUNCT"/>
		<feat xlink:href="#sSpan1103" value="CREL"/>
		<feat xlink:href="#sSpan1107" value="APST"/>
		<feat xlink:href="#sSpan1109" value="PPERS"/>
		<feat xlink:href="#sSpan1111" value="V"/>
		<feat xlink:href="#sSpan1113" value="PUNCT"/>
		<feat xlink:href="#sSpan1117" value="PREP"/>
		<feat xlink:href="#sSpan1125" value="PPERO"/>
		<feat xlink:href="#sSpan1127" value="PREP"/>
		<feat xlink:href="#sSpan1131" value="PPOS"/>
		<feat xlink:href="#sSpan1135" value="N"/>
		<feat xlink:href="#sSpan1139" value="CREL"/>
		<feat xlink:href="#sSpan1143" value="ART"/>
		<feat xlink:href="#sSpan1148" value="N"/>
		<feat xlink:href="#sSpan1150" value="PREP"/>
		<feat xlink:href="#sSpan1154" value="N"/>
		<feat xlink:href="#sSpan1156" value="COP"/>
		<feat xlink:href="#sSpan1160" value="PUNCT"/>
		<feat xlink:href="#sSpan1164" value="APST"/>
		<feat xlink:href="#sSpan1172" value="PPERS"/>
		<feat xlink:href="#sSpan1175" value="V"/>
		<feat xlink:href="#sSpan1178" value="PREP"/>
		<feat xlink:href="#sSpan1182" value="PPERO"/>
		<feat xlink:href="#sSpan1184" value="ALIM"/>
		<feat xlink:href="#sSpan1189" value="PPERS"/>
		<feat xlink:href="#sSpan1191" value="V"/>
		<feat xlink:href="#sSpan1193" value="PREP"/>
		<feat xlink:href="#sSpan1198" value="ART"/>
		<feat xlink:href="#sSpan1202" value="N"/>
		<feat xlink:href="#sSpan1205" value="IMOD"/>
		<feat xlink:href="#sSpan1210" value="PPERO"/>
		<feat xlink:href="#sSpan1212" value="PUNCT"/>
		<feat xlink:href="#sSpan1216" value="ACONJ"/>
		<feat xlink:href="#sSpan1224" value="PPERS"/>
		<feat xlink:href="#sSpan1226" value="V"/>
		<feat xlink:href="#sSpan1228" value="NEG"/>
		<feat xlink:href="#sSpan1233" value="CONJ"/>
		<feat xlink:href="#sSpan1238" value="ACONJ"/>
		<feat xlink:href="#sSpan1242" value="PPERS"/>
		<feat xlink:href="#sSpan1244" value="V"/>
		<feat xlink:href="#sSpan1246" value="NEG"/>
		<feat xlink:href="#sSpan1251" value="PUNCT"/>
		<feat xlink:href="#sSpan1256" value="CONJ"/>
		<feat xlink:href="#sSpan1260" value="ACONJ"/>
		<feat xlink:href="#sSpan1264" value="PPERS"/>
		<feat xlink:href="#sSpan1266" value="VSTAT"/>
		<feat xlink:href="#sSpan1268" value="NEG"/>
		<feat xlink:href="#sSpan1273" value="CFOC"/>
		<feat xlink:href="#sSpan1277" value="PPERS"/>
		<feat xlink:href="#sSpan1280" value="V"/>
		<feat xlink:href="#sSpan1283" value="PREP"/>
		<feat xlink:href="#sSpan1287" value="PPERO"/>
		<feat xlink:href="#sSpan1289" value="PUNCT"/>
		<feat xlink:href="#sSpan1294" value="CONJ"/>
		<feat xlink:href="#sSpan1299" value="ACONJ"/>
		<feat xlink:href="#sSpan1303" value="PPERS"/>
		<feat xlink:href="#sSpan1306" value="V"/>
		<feat xlink:href="#sSpan1309" value="NEG"/>
		<feat xlink:href="#sSpan1313" value="PUNCT"/>
		<feat xlink:href="#sSpan1317" value="CCIRC"/>
		<feat xlink:href="#sSpan1321" value="PPERS"/>
		<feat xlink:href="#sSpan1324" value="V"/>
		<feat xlink:href="#sSpan1327" value="PREP"/>
		<feat xlink:href="#sSpan1332" value="N"/>
		<feat xlink:href="#sSpan1335" value="PREP"/>
		<feat xlink:href="#sSpan1339" value="PPERO"/>
		<feat xlink:href="#sSpan1341" value="PUNCT"/>
		<feat xlink:href="#sSpan1346" value="CONJ"/>
		<feat xlink:href="#sSpan1354" value="ACONJ"/>
		<feat xlink:href="#sSpan1358" value="PPERS"/>
		<feat xlink:href="#sSpan1360" value="V"/>
		<feat xlink:href="#sSpan1362" value="NEG"/>
		<feat xlink:href="#sSpan1366" value="CFOC"/>
		<feat xlink:href="#sSpan1370" value="PPERS"/>
		<feat xlink:href="#sSpan1372" value="V"/>
		<feat xlink:href="#sSpan1375" value="ADV"/>
		<feat xlink:href="#sSpan1379" value="PREP"/>
		<feat xlink:href="#sSpan1383" value="PPOS"/>
		<feat xlink:href="#sSpan1387" value="N"/>
		<feat xlink:href="#sSpan1389" value="PUNCT"/>
		<feat xlink:href="#sSpan1394" value="CONJ"/>
		<feat xlink:href="#sSpan1398" value="NEG"/>
		<feat xlink:href="#sSpan1402" value="PPERS"/>
		<feat xlink:href="#sSpan1405" value="V"/>
		<feat xlink:href="#sSpan1410" value="NEG"/>
		<feat xlink:href="#sSpan1414" value="CFOC"/>
		<feat xlink:href="#sSpan1418" value="PPERS"/>
		<feat xlink:href="#sSpan1420" value="V"/>
		<feat xlink:href="#sSpan1422" value="PREP"/>
		<feat xlink:href="#sSpan1427" value="PPERO"/>
		<feat xlink:href="#sSpan1429" value="PREP"/>
		<feat xlink:href="#sSpan1433" value="ART"/>
		<feat xlink:href="#sSpan1436" value="N"/>
		<feat xlink:href="#sSpan1438" value="CCIRC"/>
		<feat xlink:href="#sSpan1442" value="PPERS"/>
		<feat xlink:href="#sSpan1444" value="V"/>
		<feat xlink:href="#sSpan1446" value="PREP"/>
		<feat xlink:href="#sSpan1451" value="N"/>
		<feat xlink:href="#sSpan1454" value="PUNCT"/>
		<feat xlink:href="#sSpan1458" value="NEG"/>
		<feat xlink:href="#sSpan1465" value="PPERS"/>
		<feat xlink:href="#sSpan1467" value="V"/>
		<feat xlink:href="#sSpan1470" value="PTC"/>
		<feat xlink:href="#sSpan1475" value="NEG"/>
		<feat xlink:href="#sSpan1479" value="PREP"/>
		<feat xlink:href="#sSpan1483" value="ART"/>
		<feat xlink:href="#sSpan1486" value="CREL"/>
		<feat xlink:href="#sSpan1488" value="V"/>
		<feat xlink:href="#sSpan1491" value="PREP"/>
		<feat xlink:href="#sSpan1495" value="PPERO"/>
		<feat xlink:href="#sSpan1497" value="PUNCT"/>
		<feat xlink:href="#sSpan1502" value="CONJ"/>
		<feat xlink:href="#sSpan1506" value="ACONJ"/>
		<feat xlink:href="#sSpan1511" value="PPERS"/>
		<feat xlink:href="#sSpan1513" value="VSTAT"/>
		<feat xlink:href="#sSpan1515" value="NEG"/>
		<feat xlink:href="#sSpan1519" value="CFOC"/>
		<feat xlink:href="#sSpan1523" value="PPERS"/>
		<feat xlink:href="#sSpan1525" value="V"/>
		<feat xlink:href="#sSpan1527" value="PREP"/>
		<feat xlink:href="#sSpan1532" value="PPOS"/>
		<feat xlink:href="#sSpan1535" value="N"/>
		<feat xlink:href="#sSpan1537" value="PREP"/>
		<feat xlink:href="#sSpan1541" value="PPERO"/>
		<feat xlink:href="#sSpan1543" value="CCIRC"/>
		<feat xlink:href="#sSpan1548" value="PPERS"/>
		<feat xlink:href="#sSpan1551" value="V"/>
		<feat xlink:href="#sSpan1555" value="PREP"/>
		<feat xlink:href="#sSpan1560" value="PPERO"/>
		<feat xlink:href="#sSpan1562" value="PUNCT"/>
		<feat xlink:href="#sSpan1566" value="PPERS"/>
		<feat xlink:href="#sSpan1573" value="V"/>
		<feat xlink:href="#sSpan1575" value="PREP"/>
		<feat xlink:href="#sSpan1579" value="V"/>
		<feat xlink:href="#sSpan1582" value="CONJ"/>
		<feat xlink:href="#sSpan1586" value="ART"/>
		<feat xlink:href="#sSpan1589" value="N"/>
		<feat xlink:href="#sSpan1591" value="COP"/>
		<feat xlink:href="#sSpan1595" value="PPERS"/>
		<feat xlink:href="#sSpan1599" value="V"/>
		<feat xlink:href="#sSpan1602" value="PREP"/>
		<feat xlink:href="#sSpan1606" value="PPERO"/>
		<feat xlink:href="#sSpan1608" value="V"/>
		<feat xlink:href="#sSpan1613" value="ACONJ"/>
		<feat xlink:href="#sSpan1618" value="PPERS"/>
		<feat xlink:href="#sSpan1620" value="V"/>
		<feat xlink:href="#sSpan1622" value="PPERO"/>
		<feat xlink:href="#sSpan1624" value="PUNCT"/>
		<feat xlink:href="#sSpan1628" value="PREP"/>
		<feat xlink:href="#sSpan1636" value="ART"/>
		<feat xlink:href="#sSpan1639" value="N"/>
		<feat xlink:href="#sSpan1642" value="PTC"/>
		<feat xlink:href="#sSpan1646" value="CREL"/>
		<feat xlink:href="#sSpan1650" value="PPERS"/>
		<feat xlink:href="#sSpan1652" value="V"/>
		<feat xlink:href="#sSpan1656" value="PREP"/>
		<feat xlink:href="#sSpan1660" value="PDEM"/>
		<feat xlink:href="#sSpan1663" value="IMOD"/>
		<feat xlink:href="#sSpan1667" value="PPERO"/>
		<feat xlink:href="#sSpan1669" value="PREP"/>
		<feat xlink:href="#sSpan1673" value="PPERO"/>
		<feat xlink:href="#sSpan1675" value="PUNCT"/>
		<feat xlink:href="#sSpan1679" value="APST"/>
		<feat xlink:href="#sSpan1684" value="PPERS"/>
		<feat xlink:href="#sSpan1686" value="V"/>
		<feat xlink:href="#sSpan1688" value="PREP"/>
		<feat xlink:href="#sSpan1692" value="PPOS"/>
		<feat xlink:href="#sSpan1695" value="N"/>
		<feat xlink:href="#sSpan1697" value="ADV"/>
		<feat xlink:href="#sSpan1702" value="PREP"/>
		<feat xlink:href="#sSpan1706" value="PPOS"/>
		<feat xlink:href="#sSpan1709" value="N"/>
		<feat xlink:href="#sSpan1711" value="APST"/>
		<feat xlink:href="#sSpan1716" value="PPERS"/>
		<feat xlink:href="#sSpan1719" value="V"/>
		<feat xlink:href="#sSpan1721" value="PREP"/>
		<feat xlink:href="#sSpan1726" value="PPERO"/>
		<feat xlink:href="#sSpan1728" value="PUNCT"/>
		<feat xlink:href="#sSpan1732" value="CONJ"/>
		<feat xlink:href="#sSpan1739" value="PPOS"/>
		<feat xlink:href="#sSpan1742" value="N"/>
		<feat xlink:href="#sSpan1744" value="V"/>
		<feat xlink:href="#sSpan1749" value="PREP"/>
		<feat xlink:href="#sSpan1753" value="PPERO"/>
		<feat xlink:href="#sSpan1755" value="ADV"/>
		<feat xlink:href="#sSpan1760" value="CONJ"/>
		<feat xlink:href="#sSpan1764" value="ACONJ"/>
		<feat xlink:href="#sSpan1766" value="PPERS"/>
		<feat xlink:href="#sSpan1769" value="V"/>
		<feat xlink:href="#sSpan1771" value="NEG"/>
		<feat xlink:href="#sSpan1775" value="PREP"/>
		<feat xlink:href="#sSpan1779" value="ART"/>
		<feat xlink:href="#sSpan1782" value="CREL"/>
		<feat xlink:href="#sSpan1786" value="PPERS"/>
		<feat xlink:href="#sSpan1788" value="V"/>
		<feat xlink:href="#sSpan1790" value="PREP"/>
		<feat xlink:href="#sSpan1794" value="PPERO"/>
		<feat xlink:href="#sSpan1796" value="PUNCT"/>
		<feat xlink:href="#sSpan1800" value="CONJ"/>
		<feat xlink:href="#sSpan1808" value="AOPT_PPERS"/>
		<feat xlink:href="#sSpan1812" value="V"/>
		<feat xlink:href="#sSpan1814" value="CONJ"/>
		<feat xlink:href="#sSpan1818" value="PINT"/>
		<feat xlink:href="#sSpan1821" value="COP"/>
		<feat xlink:href="#sSpan1825" value="CREL"/>
		<feat xlink:href="#sSpan1827" value="ART"/>
		<feat xlink:href="#sSpan1830" value="N"/>
		<feat xlink:href="#sSpan1832" value="V"/>
		<feat xlink:href="#sSpan1837" value="PREP"/>
		<feat xlink:href="#sSpan1841" value="PPERO"/>
		<feat xlink:href="#sSpan1843" value="PUNCT"/>
		<feat xlink:href="#sSpan1847" value="CCIRC"/>
		<feat xlink:href="#sSpan1852" value="APST"/>
		<feat xlink:href="#sSpan1854" value="PPERS"/>
		<feat xlink:href="#sSpan1856" value="V"/>
		<feat xlink:href="#sSpan1859" value="PPERO"/>
		<feat xlink:href="#sSpan1861" value="PREP"/>
		<feat xlink:href="#sSpan1865" value="ART"/>
		<feat xlink:href="#sSpan1868" value="N"/>
		<feat xlink:href="#sSpan1870" value="CREL"/>
		<feat xlink:href="#sSpan1874" value="ADV"/>
		<feat xlink:href="#sSpan1877" value="PUNCT"/>
		<feat xlink:href="#sSpan1881" value="VBD"/>
		<feat xlink:href="#sSpan1888" value="PPOS"/>
		<feat xlink:href="#sSpan1892" value="N"/>
		<feat xlink:href="#sSpan1900" value="PTC"/>
		<feat xlink:href="#sSpan1905" value="PREP"/>
		<feat xlink:href="#sSpan1909" value="ACONJ"/>
		<feat xlink:href="#sSpan1911" value="PPERS"/>
		<feat xlink:href="#sSpan1915" value="FUT"/>
		<feat xlink:href="#sSpan1917" value="V"/>
		<feat xlink:href="#sSpan1920" value="ADV"/>
		<feat xlink:href="#sSpan1924" value="PREP"/>
		<feat xlink:href="#sSpan1929" value="PPERO"/>
		<feat xlink:href="#sSpan1931" value="PREP"/>
		<feat xlink:href="#sSpan1935" value="ART"/>
		<feat xlink:href="#sSpan1939" value="N"/>
		<feat xlink:href="#sSpan1942" value="PREP"/>
		<feat xlink:href="#sSpan1947" value="N"/>
		<feat xlink:href="#sSpan1951" value="PUNCT"/>
		<feat xlink:href="#sSpan1955" value="ALIM"/>
		<feat xlink:href="#sSpan1963" value="ART"/>
		<feat xlink:href="#sSpan1966" value="N"/>
		<feat xlink:href="#sSpan1968" value="PREP"/>
		<feat xlink:href="#sSpan1972" value="PPOS"/>
		<feat xlink:href="#sSpan1976" value="N"/>
		<feat xlink:href="#sSpan1979" value="V"/>
		<feat xlink:href="#sSpan1984" value="PPERO"/>
		<feat xlink:href="#sSpan1986" value="PUNCT"/>
		<feat xlink:href="#sSpan1990" value="ACONJ"/>
		<feat xlink:href="#sSpan1994" value="PPERS"/>
		<feat xlink:href="#sSpan1996" value="N"/>
		<feat xlink:href="#sSpan1999" value="PREP"/>
		<feat xlink:href="#sSpan2003" value="PPOS"/>
		<feat xlink:href="#sSpan2008" value="N"/>
		<feat xlink:href="#sSpan2015" value="PUNCT"/>
		<feat xlink:href="#sSpan2019" value="ACONJ"/>
		<feat xlink:href="#sSpan2023" value="PPERS"/>
		<feat xlink:href="#sSpan2025" value="V"/>
		<feat xlink:href="#sSpan2027" value="PPOS"/>
		<feat xlink:href="#sSpan2031" value="N"/>
		<feat xlink:href="#sSpan2034" value="PREP"/>
		<feat xlink:href="#sSpan2038" value="PPOS"/>
		<feat xlink:href="#sSpan2041" value="N"/>
		<feat xlink:href="#sSpan2043" value="PREP"/>
		<feat xlink:href="#sSpan2048" value="N"/>
		<feat xlink:href="#sSpan2050" value="PUNCT"/>
		<feat xlink:href="#sSpan2054" value="CONJ"/>
		<feat xlink:href="#sSpan2061" value="APST"/>
		<feat xlink:href="#sSpan2065" value="PPERS"/>
		<feat xlink:href="#sSpan2067" value="V"/>
		<feat xlink:href="#sSpan2070" value="PREP"/>
		<feat xlink:href="#sSpan2074" value="ART"/>
		<feat xlink:href="#sSpan2078" value="N"/>
		<feat xlink:href="#sSpan2081" value="PREP"/>
		<feat xlink:href="#sSpan2085" value="N"/>
		<feat xlink:href="#sSpan2087" value="PUNCT"/>
		<feat xlink:href="#sSpan2091" value="APST"/>
		<feat xlink:href="#sSpan2096" value="PPERS"/>
		<feat xlink:href="#sSpan2098" value="V"/>
		<feat xlink:href="#sSpan2100" value="PREP"/>
		<feat xlink:href="#sSpan2104" value="ART"/>
		<feat xlink:href="#sSpan2108" value="N"/>
		<feat xlink:href="#sSpan2111" value="PREP"/>
		<feat xlink:href="#sSpan2115" value="ART"/>
		<feat xlink:href="#sSpan2118" value="N"/>
		<feat xlink:href="#sSpan2121" value="APST"/>
		<feat xlink:href="#sSpan2125" value="PPERS"/>
		<feat xlink:href="#sSpan2128" value="V"/>
		<feat xlink:href="#sSpan2131" value="PUNCT"/>
		<feat xlink:href="#sSpan2135" value="APST"/>
		<feat xlink:href="#sSpan2142" value="ART"/>
		<feat xlink:href="#sSpan2145" value="N"/>
		<feat xlink:href="#sSpan2148" value="V"/>
		<feat xlink:href="#sSpan2152" value="PUNCT"/>
		<feat xlink:href="#sSpan2156" value="APST"/>
		<feat xlink:href="#sSpan2160" value="ART"/>
		<feat xlink:href="#sSpan2164" value="N"/>
		<feat xlink:href="#sSpan2167" value="V"/>
		<feat xlink:href="#sSpan2171" value="PUNCT"/>
		<feat xlink:href="#sSpan2175" value="APST"/>
		<feat xlink:href="#sSpan2179" value="ART"/>
		<feat xlink:href="#sSpan2182" value="N"/>
		<feat xlink:href="#sSpan2185" value="V"/>
		<feat xlink:href="#sSpan2191" value="PDEM"/>
		<feat xlink:href="#sSpan2196" value="N"/>
		<feat xlink:href="#sSpan2198" value="ART"/>
		<feat xlink:href="#sSpan2203" value="N"/>
		<feat xlink:href="#sSpan2208" value="PUNCT"/>
		<feat xlink:href="#sSpan2212" value="APST"/>
		<feat xlink:href="#sSpan2219" value="ART"/>
		<feat xlink:href="#sSpan2222" value="N"/>
		<feat xlink:href="#sSpan2225" value="IMOD"/>
		<feat xlink:href="#sSpan2229" value="PPERO"/>
		<feat xlink:href="#sSpan2232" value="V"/>
		<feat xlink:href="#sSpan2238" value="CONJ"/>
		<feat xlink:href="#sSpan2242" value="AOPT_PPERS"/>
		<feat xlink:href="#sSpan2247" value="V"/>
		<feat xlink:href="#sSpan2250" value="PREP"/>
		<feat xlink:href="#sSpan2254" value="PPOS"/>
		<feat xlink:href="#sSpan2258" value="N"/>
		<feat xlink:href="#sSpan2260" value="CREL"/>
		<feat xlink:href="#sSpan2265" value="VSTAT"/>
		<feat xlink:href="#sSpan2267" value="PREP"/>
		<feat xlink:href="#sSpan2271" value="ART"/>
		<feat xlink:href="#sSpan2276" value="N"/>
		<feat xlink:href="#sSpan2278" value="PUNCT"/>
		<feat xlink:href="#sSpan2282" value="ADV"/>
		<feat xlink:href="#sSpan2287" value="CONJ"/>
		<feat xlink:href="#sSpan2291" value="APST"/>
		<feat xlink:href="#sSpan2294" value="PPERS"/>
		<feat xlink:href="#sSpan2296" value="V"/>
		<feat xlink:href="#sSpan2298" value="PPERO"/>
		<feat xlink:href="#sSpan2300" value="ADV"/>
		<feat xlink:href="#sSpan2304" value="PREP"/>
		<feat xlink:href="#sSpan2309" value="PPOS"/>
		<feat xlink:href="#sSpan2312" value="N"/>
		<feat xlink:href="#sSpan2314" value="APST"/>
		<feat xlink:href="#sSpan2318" value="PPERS"/>
		<feat xlink:href="#sSpan2320" value="V"/>
		<feat xlink:href="#sSpan2323" value="PPERO"/>
		<feat xlink:href="#sSpan2325" value="PREP"/>
		<feat xlink:href="#sSpan2329" value="PPERO"/>
		<feat xlink:href="#sSpan2331" value="PUNCT"/>
		<feat xlink:href="#sSpan2335" value="V"/>
		<feat xlink:href="#sSpan2347" value="PTC"/>
		<feat xlink:href="#sSpan2351" value="PREP"/>
		<feat xlink:href="#sSpan2355" value="N"/>
		<feat xlink:href="#sSpan2359" value="ACONJ"/>
		<feat xlink:href="#sSpan2363" value="PPERS"/>
		<feat xlink:href="#sSpan2365" value="V"/>
		<feat xlink:href="#sSpan2367" value="PREP"/>
		<feat xlink:href="#sSpan2371" value="ART"/>
		<feat xlink:href="#sSpan2375" value="N"/>
		<feat xlink:href="#sSpan2382" value="PREP"/>
		<feat xlink:href="#sSpan2387" value="ART"/>
		<feat xlink:href="#sSpan2390" value="N"/>
		<feat xlink:href="#sSpan2392" value="PUNCT"/>
		<feat xlink:href="#sSpan2396" value="ART"/>
		<feat xlink:href="#sSpan2401" value="CREL"/>
		<feat xlink:href="#sSpan2404" value="V"/>
		<feat xlink:href="#sSpan2408" value="PREP"/>
		<feat xlink:href="#sSpan2412" value="PPERO"/>
		<feat xlink:href="#sSpan2414" value="PREP"/>
		<feat xlink:href="#sSpan2418" value="ART"/>
		<feat xlink:href="#sSpan2421" value="N"/>
		<feat xlink:href="#sSpan2424" value="IMOD"/>
		<feat xlink:href="#sSpan2428" value="PPERO"/>
		<feat xlink:href="#sSpan2430" value="PUNCT"/>
		<feat xlink:href="#sSpan2434" value="APST"/>
		<feat xlink:href="#sSpan2441" value="PPERS"/>
		<feat xlink:href="#sSpan2443" value="V"/>
		<feat xlink:href="#sSpan2446" value="PPERO"/>
		<feat xlink:href="#sSpan2448" value="ADV"/>
		<feat xlink:href="#sSpan2452" value="PREP"/>
		<feat xlink:href="#sSpan2456" value="PPOS"/>
		<feat xlink:href="#sSpan2459" value="N"/>
		<feat xlink:href="#sSpan2462" value="PREP"/>
		<feat xlink:href="#sSpan2466" value="ART"/>
		<feat xlink:href="#sSpan2470" value="N"/>
		<feat xlink:href="#sSpan2473" value="CONJ"/>
		<feat xlink:href="#sSpan2478" value="ART"/>
		<feat xlink:href="#sSpan2483" value="N"/>
		<feat xlink:href="#sSpan2485" value="V"/>
		<feat xlink:href="#sSpan2489" value="PREP"/>
		<feat xlink:href="#sSpan2493" value="PPOS"/>
		<feat xlink:href="#sSpan2497" value="N"/>
		<feat xlink:href="#sSpan2499" value="PREP"/>
		<feat xlink:href="#sSpan2503" value="ART"/>
		<feat xlink:href="#sSpan2507" value="N"/>
		<feat xlink:href="#sSpan2509" value="CREL"/>
		<feat xlink:href="#sSpan2513" value="APST"/>
		<feat xlink:href="#sSpan2515" value="PPERS"/>
		<feat xlink:href="#sSpan2517" value="V"/>
		<feat xlink:href="#sSpan2520" value="PUNCT"/>
		<feat xlink:href="#sSpan2524" value="CONJ"/>
		<feat xlink:href="#sSpan2528" value="PREP"/>
		<feat xlink:href="#sSpan2530" value="PPOS"/>
		<feat xlink:href="#sSpan2533" value="N"/>
		<feat xlink:href="#sSpan2535" value="PREP"/>
		<feat xlink:href="#sSpan2541" value="N"/>
		<feat xlink:href="#sSpan2543" value="CREL"/>
		<feat xlink:href="#sSpan2548" value="APST"/>
		<feat xlink:href="#sSpan2550" value="PPERS"/>
		<feat xlink:href="#sSpan2552" value="V"/>
		<feat xlink:href="#sSpan2554" value="PREP"/>
		<feat xlink:href="#sSpan2558" value="ART"/>
		<feat xlink:href="#sSpan2563" value="N"/>
		<feat xlink:href="#sSpan2565" value="ADV"/>
		<feat xlink:href="#sSpan2570" value="CONJ"/>
		<feat xlink:href="#sSpan2574" value="ACONJ"/>
		<feat xlink:href="#sSpan2576" value="PPERS"/>
		<feat xlink:href="#sSpan2579" value="V"/>
		<feat xlink:href="#sSpan2581" value="PREP"/>
		<feat xlink:href="#sSpan2585" value="PPERO"/>
		<feat xlink:href="#sSpan2587" value="NEG"/>
		<feat xlink:href="#sSpan2591" value="ART"/>
		<feat xlink:href="#sSpan2600" value="CREL"/>
		<feat xlink:href="#sSpan2602" value="APST"/>
		<feat xlink:href="#sSpan2604" value="PPERS"/>
		<feat xlink:href="#sSpan2606" value="V"/>
		<feat xlink:href="#sSpan2609" value="PTC"/>
		<feat xlink:href="#sSpan2613" value="APST"/>
		<feat xlink:href="#sSpan2618" value="PPERS"/>
		<feat xlink:href="#sSpan2621" value="V"/>
		<feat xlink:href="#sSpan2623" value="PREP"/>
		<feat xlink:href="#sSpan2627" value="ART"/>
		<feat xlink:href="#sSpan2630" value="N"/>
		<feat xlink:href="#sSpan2632" value="IMOD"/>
		<feat xlink:href="#sSpan2637" value="PPERO"/>
		<feat xlink:href="#sSpan2639" value="PREP"/>
		<feat xlink:href="#sSpan2643" value="PPOS"/>
		<feat xlink:href="#sSpan2647" value="N"/>
		<feat xlink:href="#sSpan2651" value="PUNCT"/>
		<feat xlink:href="#sSpan2655" value="PREP"/>
		<feat xlink:href="#sSpan2659" value="ART"/>
		<feat xlink:href="#sSpan2662" value="N"/>
		<feat xlink:href="#sSpan2664" value="CREL"/>
		<feat xlink:href="#sSpan2668" value="ADV"/>
		<feat xlink:href="#sSpan2671" value="PUNCT"/>
		<feat xlink:href="#sSpan2675" value="PINT"/>
		<feat xlink:href="#sSpan2683" value="PTC"/>
		<feat xlink:href="#sSpan2687" value="COP"/>
		<feat xlink:href="#sSpan2691" value="CREL"/>
		<feat xlink:href="#sSpan2694" value="APST"/>
		<feat xlink:href="#sSpan2696" value="PPERS"/>
		<feat xlink:href="#sSpan2698" value="V"/>
		<feat xlink:href="#sSpan2700" value="PREP"/>
		<feat xlink:href="#sSpan2704" value="PDEM"/>
		<feat xlink:href="#sSpan2706" value="N"/>
		<feat xlink:href="#sSpan2709" value="PREP"/>
		<feat xlink:href="#sSpan2713" value="V"/>
		<feat xlink:href="#sSpan2715" value="PUNCT"/>
		<feat xlink:href="#sSpan2719" value="AJUS"/>
		<feat xlink:href="#sSpan2723" value="PPERS"/>
		<feat xlink:href="#sSpan2725" value="V"/>
		<feat xlink:href="#sSpan2728" value="PREP"/>
		<feat xlink:href="#sSpan2732" value="PPERO"/>
		<feat xlink:href="#sSpan2734" value="PUNCT"/>
		<feat xlink:href="#sSpan2738" value="ART"/>
		<feat xlink:href="#sSpan2747" value="N"/>
		<feat xlink:href="#sSpan2750" value="COP"/>
		<feat xlink:href="#sSpan2754" value="CCIRC"/>
		<feat xlink:href="#sSpan2758" value="PPERS"/>
		<feat xlink:href="#sSpan2760" value="VSTAT"/>
		<feat xlink:href="#sSpan2762" value="PREP"/>
		<feat xlink:href="#sSpan2767" value="ART"/>
		<feat xlink:href="#sSpan2770" value="N"/>
		<feat xlink:href="#sSpan2772" value="PREP"/>
		<feat xlink:href="#sSpan2776" value="ART"/>
		<feat xlink:href="#sSpan2780" value="N"/>
		<feat xlink:href="#sSpan2782" value="APST"/>
		<feat xlink:href="#sSpan2787" value="PPERS"/>
		<feat xlink:href="#sSpan2789" value="V"/>
		<feat xlink:href="#sSpan2791" value="PREP"/>
		<feat xlink:href="#sSpan2795" value="N"/>
		<feat xlink:href="#sSpan2799" value="PINT"/>
		<feat xlink:href="#sSpan2803" value="CREL"/>
		<feat xlink:href="#sSpan2808" value="APST"/>
		<feat xlink:href="#sSpan2810" value="PPERS"/>
		<feat xlink:href="#sSpan2812" value="V"/>
		<feat xlink:href="#sSpan2814" value="PUNCT"/>
		<feat xlink:href="#sSpan2818" value="CONJ"/>
		<feat xlink:href="#sSpan2822" value="APST"/>
		<feat xlink:href="#sSpan2827" value="PPERS"/>
		<feat xlink:href="#sSpan2829" value="V"/>
		<feat xlink:href="#sSpan2831" value="CONJ"/>
		<feat xlink:href="#sSpan2835" value="APST"/>
		<feat xlink:href="#sSpan2837" value="PPERS"/>
		<feat xlink:href="#sSpan2839" value="V"/>
		<feat xlink:href="#sSpan2841" value="PREP"/>
		<feat xlink:href="#sSpan2846" value="PPERO"/>
		<feat xlink:href="#sSpan2848" value="PUNCT"/>
		<feat xlink:href="#sSpan2852" value="PINT"/>
		<feat xlink:href="#sSpan2859" value="COP"/>
		<feat xlink:href="#sSpan2863" value="CREL"/>
		<feat xlink:href="#sSpan2867" value="APST"/>
		<feat xlink:href="#sSpan2869" value="PPERS"/>
		<feat xlink:href="#sSpan2871" value="V"/>
		<feat xlink:href="#sSpan2874" value="PREP"/>
		<feat xlink:href="#sSpan2878" value="PPERO"/>
		<feat xlink:href="#sSpan2880" value="PUNCT"/>
		<feat xlink:href="#sSpan2885" value="CONJ"/>
		<feat xlink:href="#sSpan2889" value="ART"/>
		<feat xlink:href="#sSpan2896" value="N"/>
		<feat xlink:href="#sSpan2898" value="PREP"/>
		<feat xlink:href="#sSpan2902" value="ART"/>
		<feat xlink:href="#sSpan2906" value="N"/>
		<feat xlink:href="#sSpan2909" value="CCIRC"/>
		<feat xlink:href="#sSpan2913" value="PPERS"/>
		<feat xlink:href="#sSpan2915" value="V"/>
		<feat xlink:href="#sSpan2917" value="PREP"/>
		<feat xlink:href="#sSpan2921" value="ART"/>
		<feat xlink:href="#sSpan2925" value="N"/>
		<feat xlink:href="#sSpan2928" value="CCIRC"/>
		<feat xlink:href="#sSpan2932" value="PPERS"/>
		<feat xlink:href="#sSpan2935" value="V"/>
		<feat xlink:href="#sSpan2937" value="PREP"/>
		<feat xlink:href="#sSpan2943" value="PPERO"/>
		<feat xlink:href="#sSpan2945" value="PUNCT"/>
		<feat xlink:href="#sSpan2949" value="ART"/>
		<feat xlink:href="#sSpan2957" value="N"/>
		<feat xlink:href="#sSpan2959" value="V"/>
		<feat xlink:href="#sSpan2963" value="ADV"/>
		<feat xlink:href="#sSpan2969" value="PREP"/>
		<feat xlink:href="#sSpan2973" value="ART"/>
		<feat xlink:href="#sSpan2976" value="N"/>
		<feat xlink:href="#sSpan2978" value="PUNCT"/>
		<feat xlink:href="#sSpan2982" value="CCIRC"/>
		<feat xlink:href="#sSpan2986" value="PPERS"/>
		<feat xlink:href="#sSpan2989" value="V"/>
		<feat xlink:href="#sSpan2992" value="PREP"/>
		<feat xlink:href="#sSpan2996" value="PPOS"/>
		<feat xlink:href="#sSpan2999" value="N"/>
		<feat xlink:href="#sSpan3001" value="PPOS"/>
		<feat xlink:href="#sSpan3007" value="N"/>
		<feat xlink:href="#sSpan3009" value="PUNCT"/>
		<feat xlink:href="#sSpan3013" value="CONJ"/>
		<feat xlink:href="#sSpan3018" value="CFOC"/>
		<feat xlink:href="#sSpan3022" value="PPERS"/>
		<feat xlink:href="#sSpan3025" value="V"/>
		<feat xlink:href="#sSpan3028" value="PREP"/>
		<feat xlink:href="#sSpan3032" value="PPERO"/>
		<feat xlink:href="#sSpan3034" value="ART"/>
		<feat xlink:href="#sSpan3044" value="N"/>
		<feat xlink:href="#sSpan3046" value="IMOD"/>
		<feat xlink:href="#sSpan3050" value="PPERS"/>
		<feat xlink:href="#sSpan3053" value="V"/>
		<feat xlink:href="#sSpan3057" value="ART"/>
		<feat xlink:href="#sSpan3063" value="N"/>
		<feat xlink:href="#sSpan3065" value="IMOD"/>
		<feat xlink:href="#sSpan3069" value="PPERO"/>
		<feat xlink:href="#sSpan3071" value="PREP"/>
		<feat xlink:href="#sSpan3075" value="N"/>
		<feat xlink:href="#sSpan3080" value="ADV"/>
		<feat xlink:href="#sSpan3084" value="CONJ"/>
		<feat xlink:href="#sSpan3088" value="APST"/>
		<feat xlink:href="#sSpan3090" value="PPOS"/>
		<feat xlink:href="#sSpan3093" value="N"/>
		<feat xlink:href="#sSpan3096" value="V"/>
		<feat xlink:href="#sSpan3100" value="PREP"/>
		<feat xlink:href="#sSpan3104" value="PPOS"/>
		<feat xlink:href="#sSpan3107" value="N"/>
		<feat xlink:href="#sSpan3110" value="ADV"/>
		<feat xlink:href="#sSpan3114" value="PREP"/>
		<feat xlink:href="#sSpan3118" value="PPERO"/>
		<feat xlink:href="#sSpan3120" value="PUNCT"/>
		<feat xlink:href="#sSpan3124" value="ART"/>
		<feat xlink:href="#sSpan3133" value="N"/>
		<feat xlink:href="#sSpan3135" value="IMOD"/>
		<feat xlink:href="#sSpan3139" value="ART"/>
		<feat xlink:href="#sSpan3142" value="N"/>
		<feat xlink:href="#sSpan3149" value="ADV"/>
		<feat xlink:href="#sSpan3153" value="PUNCT"/>
		<feat xlink:href="#sSpan3157" value="CONJ"/>
		<feat xlink:href="#sSpan3161" value="ART"/>
		<feat xlink:href="#sSpan3164" value="N"/>
		<feat xlink:href="#sSpan3167" value="VSTAT"/>
		<feat xlink:href="#sSpan3171" value="PREP"/>
		<feat xlink:href="#sSpan3175" value="ART"/>
		<feat xlink:href="#sSpan3178" value="N"/>
		<feat xlink:href="#sSpan3180" value="PREP"/>
		<feat xlink:href="#sSpan3185" value="ART"/>
		<feat xlink:href="#sSpan3189" value="N"/>
		<feat xlink:href="#sSpan3191" value="PUNCT"/>
		<feat xlink:href="#sSpan3195" value="ART"/>
		<feat xlink:href="#sSpan3205" value="N"/>
		<feat xlink:href="#sSpan3207" value="PREP"/>
		<feat xlink:href="#sSpan3211" value="ART"/>
		<feat xlink:href="#sSpan3215" value="N"/>
		<feat xlink:href="#sSpan3217" value="PUNCT"/>
		<feat xlink:href="#sSpan3221" value="ART"/>
		<feat xlink:href="#sSpan3230" value="N"/>
		<feat xlink:href="#sSpan3232" value="PREP"/>
		<feat xlink:href="#sSpan3237" value="N"/>
		<feat xlink:href="#sSpan3241" value="ADV"/>
		<feat xlink:href="#sSpan3245" value="PUNCT"/>
		<feat xlink:href="#sSpan3249" value="ART"/>
		<feat xlink:href="#sSpan3258" value="N"/>
		<feat xlink:href="#sSpan3260" value="PREP"/>
		<feat xlink:href="#sSpan3265" value="N"/>
		<feat xlink:href="#sSpan3269" value="PUNCT"/>
		<feat xlink:href="#sSpan3273" value="ART"/>
		<feat xlink:href="#sSpan3282" value="N"/>
		<feat xlink:href="#sSpan3284" value="PREP"/>
		<feat xlink:href="#sSpan3289" value="N"/>
		<feat xlink:href="#sSpan3294" value="PUNCT"/>
		<feat xlink:href="#sSpan3298" value="ART"/>
		<feat xlink:href="#sSpan3307" value="N"/>
		<feat xlink:href="#sSpan3309" value="PREP"/>
		<feat xlink:href="#sSpan3314" value="N"/>
		<feat xlink:href="#sSpan3320" value="PUNCT"/>
		<feat xlink:href="#sSpan3324" value="ART"/>
		<feat xlink:href="#sSpan3333" value="N"/>
		<feat xlink:href="#sSpan3335" value="PREP"/>
		<feat xlink:href="#sSpan3339" value="ART"/>
		<feat xlink:href="#sSpan3342" value="N"/>
		<feat xlink:href="#sSpan3344" value="PUNCT"/>
		<feat xlink:href="#sSpan3348" value="ART"/>
		<feat xlink:href="#sSpan3357" value="N"/>
		<feat xlink:href="#sSpan3359" value="PREP"/>
		<feat xlink:href="#sSpan3363" value="ART"/>
		<feat xlink:href="#sSpan3366" value="N"/>
		<feat xlink:href="#sSpan3368" value="PUNCT"/>
		<feat xlink:href="#sSpan3372" value="ART"/>
		<feat xlink:href="#sSpan3381" value="N"/>
		<feat xlink:href="#sSpan3383" value="PREP"/>
		<feat xlink:href="#sSpan3387" value="ART"/>
		<feat xlink:href="#sSpan3390" value="N"/>
		<feat xlink:href="#sSpan3392" value="PUNCT"/>
		<feat xlink:href="#sSpan3396" value="ART"/>
		<feat xlink:href="#sSpan3405" value="N"/>
		<feat xlink:href="#sSpan3407" value="PREP"/>
		<feat xlink:href="#sSpan3411" value="ART"/>
		<feat xlink:href="#sSpan3414" value="N"/>
		<feat xlink:href="#sSpan3416" value="PUNCT"/>
		<feat xlink:href="#sSpan3420" value="ART"/>
		<feat xlink:href="#sSpan3429" value="N"/>
		<feat xlink:href="#sSpan3431" value="PREP"/>
		<feat xlink:href="#sSpan3435" value="ART"/>
		<feat xlink:href="#sSpan3438" value="N"/>
		<feat xlink:href="#sSpan3440" value="PUNCT"/>
		<feat xlink:href="#sSpan3444" value="ART"/>
		<feat xlink:href="#sSpan3453" value="N"/>
		<feat xlink:href="#sSpan3455" value="PREP"/>
		<feat xlink:href="#sSpan3459" value="ART"/>
		<feat xlink:href="#sSpan3462" value="N"/>
		<feat xlink:href="#sSpan3464" value="PUNCT"/>
		<feat xlink:href="#sSpan3468" value="ART"/>
		<feat xlink:href="#sSpan3477" value="N"/>
		<feat xlink:href="#sSpan3479" value="PREP"/>
		<feat xlink:href="#sSpan3483" value="ART"/>
		<feat xlink:href="#sSpan3487" value="N"/>
		<feat xlink:href="#sSpan3489" value="PREP"/>
		<feat xlink:href="#sSpan3493" value="PPOS"/>
		<feat xlink:href="#sSpan3496" value="N"/>
		<feat xlink:href="#sSpan3500" value="NPROP"/>
		<feat xlink:href="#sSpan3504" value="ART"/>
		<feat xlink:href="#sSpan3509" value="N"/>
		<feat xlink:href="#sSpan3511" value="PUNCT"/>
		<feat xlink:href="#sSpan3515" value="ART"/>
		<feat xlink:href="#sSpan3524" value="CREL"/>
		<feat xlink:href="#sSpan3526" value="APST"/>
		<feat xlink:href="#sSpan3528" value="PPERS"/>
		<feat xlink:href="#sSpan3530" value="V"/>
		<feat xlink:href="#sSpan3532" value="PPERO"/>
		<feat xlink:href="#sSpan3534" value="PREP"/>
		<feat xlink:href="#sSpan3539" value="ART"/>
		<feat xlink:href="#sSpan3542" value="N"/>
		<feat xlink:href="#sSpan3544" value="PREP"/>
		<feat xlink:href="#sSpan3548" value="ART"/>
		<feat xlink:href="#sSpan3552" value="N"/>
		<feat xlink:href="#sSpan3554" value="PUNCT"/>
		<feat xlink:href="#sSpan3558" value="APST"/>
		<feat xlink:href="#sSpan3567" value="PPERS"/>
		<feat xlink:href="#sSpan3569" value="V"/>
		<feat xlink:href="#sSpan3571" value="PREP"/>
		<feat xlink:href="#sSpan3575" value="ART"/>
		<feat xlink:href="#sSpan3578" value="N"/>
		<feat xlink:href="#sSpan3580" value="IMOD"/>
		<feat xlink:href="#sSpan3585" value="PPERO"/>
		<feat xlink:href="#sSpan3587" value="CCIRC"/>
		<feat xlink:href="#sSpan3591" value="PPERS"/>
		<feat xlink:href="#sSpan3593" value="VSTAT"/>
		<feat xlink:href="#sSpan3595" value="PREP"/>
		<feat xlink:href="#sSpan3599" value="PPERO"/>
		<feat xlink:href="#sSpan3601" value="CONJ"/>
		<feat xlink:href="#sSpan3606" value="CFOC"/>
		<feat xlink:href="#sSpan3610" value="PPERS"/>
		<feat xlink:href="#sSpan3612" value="VSTAT"/>
		<feat xlink:href="#sSpan3614" value="PREP"/>
		<feat xlink:href="#sSpan3618" value="ART"/>
		<feat xlink:href="#sSpan3623" value="N"/>
		<feat xlink:href="#sSpan3625" value="PREP"/>
		<feat xlink:href="#sSpan3629" value="ART"/>
		<feat xlink:href="#sSpan3634" value="N"/>
		<feat xlink:href="#sSpan3636" value="PUNCT"/>
		<feat xlink:href="#sSpan3640" value="ART"/>
		<feat xlink:href="#sSpan3649" value="CREL"/>
		<feat xlink:href="#sSpan3651" value="AAOR"/>
		<feat xlink:href="#sSpan3653" value="PPERS"/>
		<feat xlink:href="#sSpan3655" value="V"/>
		<feat xlink:href="#sSpan3658" value="ART"/>
		<feat xlink:href="#sSpan3661" value="N"/>
		<feat xlink:href="#sSpan3663" value="PREP"/>
		<feat xlink:href="#sSpan3667" value="N"/>
		<feat xlink:href="#sSpan3669" value="PREP"/>
		<feat xlink:href="#sSpan3673" value="ART"/>
		<feat xlink:href="#sSpan3680" value="N"/>
		<feat xlink:href="#sSpan3682" value="PUNCT"/>
		<feat xlink:href="#sSpan3686" value="PREP"/>
		<feat xlink:href="#sSpan3690" value="ACONJ"/>
		<feat xlink:href="#sSpan3692" value="PPERS"/>
		<feat xlink:href="#sSpan3696" value="V"/>
		<feat xlink:href="#sSpan3699" value="PUNCT"/>
		<feat xlink:href="#sSpan3703" value="AAOR"/>
		<feat xlink:href="#sSpan3707" value="PPERS"/>
		<feat xlink:href="#sSpan3710" value="V"/>
		<feat xlink:href="#sSpan3714" value="PREP"/>
		<feat xlink:href="#sSpan3718" value="PPERO"/>
		<feat xlink:href="#sSpan3720" value="PREP"/>
		<feat xlink:href="#sSpan3724" value="ART"/>
		<feat xlink:href="#sSpan3729" value="N"/>
		<feat xlink:href="#sSpan3731" value="CREL"/>
		<feat xlink:href="#sSpan3735" value="VSTAT"/>
		<feat xlink:href="#sSpan3738" value="PUNCT"/>
		<feat xlink:href="#sSpan3742" value="CCIRC"/>
		<feat xlink:href="#sSpan3746" value="AAOR"/>
		<feat xlink:href="#sSpan3748" value="PPERS"/>
		<feat xlink:href="#sSpan3750" value="V"/>
		<feat xlink:href="#sSpan3752" value="PPERO"/>
		<feat xlink:href="#sSpan3754" value="PREP"/>
		<feat xlink:href="#sSpan3758" value="ART"/>
		<feat xlink:href="#sSpan3762" value="N"/>
		<feat xlink:href="#sSpan3764" value="PREP"/>
		<feat xlink:href="#sSpan3768" value="ART"/>
		<feat xlink:href="#sSpan3772" value="N"/>
		<feat xlink:href="#sSpan3775" value="PREP"/>
		<feat xlink:href="#sSpan3779" value="ART"/>
		<feat xlink:href="#sSpan3783" value="N"/>
		<feat xlink:href="#sSpan3785" value="PUNCT"/>
		<feat xlink:href="#sSpan3789" value="ART"/>
		<feat xlink:href="#sSpan3799" value="N"/>
		<feat xlink:href="#sSpan3801" value="COP"/>
		<feat xlink:href="#sSpan3805" value="AAOR"/>
		<feat xlink:href="#sSpan3809" value="PPERS"/>
		<feat xlink:href="#sSpan3812" value="V"/>
		<feat xlink:href="#sSpan3815" value="PREP"/>
		<feat xlink:href="#sSpan3819" value="ART"/>
		<feat xlink:href="#sSpan3822" value="N"/>
		<feat xlink:href="#sSpan3824" value="ACONJ"/>
		<feat xlink:href="#sSpan3829" value="PPERS"/>
		<feat xlink:href="#sSpan3831" value="V"/>
		<feat xlink:href="#sSpan3834" value="PREP"/>
		<feat xlink:href="#sSpan3838" value="ART"/>
		<feat xlink:href="#sSpan3842" value="N"/>
		<feat xlink:href="#sSpan3845" value="ACONJ"/>
		<feat xlink:href="#sSpan3849" value="PPERS"/>
		<feat xlink:href="#sSpan3851" value="FUT"/>
		<feat xlink:href="#sSpan3853" value="V"/>
		<feat xlink:href="#sSpan3855" value="PPERO"/>
		<feat xlink:href="#sSpan3857" value="ADV"/>
		<feat xlink:href="#sSpan3862" value="PREP"/>
		<feat xlink:href="#sSpan3866" value="PPERO"/>
		<feat xlink:href="#sSpan3868" value="PUNCT"/>
		<feat xlink:href="#sSpan3872" value="ART"/>
		<feat xlink:href="#sSpan3882" value="N"/>
		<feat xlink:href="#sSpan3884" value="COP"/>
		<feat xlink:href="#sSpan3888" value="ART"/>
		<feat xlink:href="#sSpan3894" value="N"/>
		<feat xlink:href="#sSpan3897" value="CREL"/>
		<feat xlink:href="#sSpan3901" value="VSTAT"/>
		<feat xlink:href="#sSpan3904" value="CONJ"/>
		<feat xlink:href="#sSpan3913" value="PTC"/>
		<feat xlink:href="#sSpan3917" value="ACOND_PPERS"/>
		<feat xlink:href="#sSpan3922" value="V"/>
		<feat xlink:href="#sSpan3925" value="PREP"/>
		<feat xlink:href="#sSpan3929" value="ART"/>
		<feat xlink:href="#sSpan3932" value="N"/>
		<feat xlink:href="#sSpan3934" value="PREP"/>
		<feat xlink:href="#sSpan3939" value="ART"/>
		<feat xlink:href="#sSpan3943" value="N"/>
		<feat xlink:href="#sSpan3945" value="PREP"/>
		<feat xlink:href="#sSpan3950" value="ART"/>
		<feat xlink:href="#sSpan3954" value="N"/>
		<feat xlink:href="#sSpan3956" value="CREL"/>
		<feat xlink:href="#sSpan3961" value="VSTAT"/>
		<feat xlink:href="#sSpan3963" value="PUNCT"/>
		<feat xlink:href="#sSpan3967" value="CONJ"/>
		<feat xlink:href="#sSpan3971" value="ACONJ"/>
		<feat xlink:href="#sSpan3975" value="PPERS"/>
		<feat xlink:href="#sSpan3978" value="V"/>
		<feat xlink:href="#sSpan3981" value="PREP"/>
		<feat xlink:href="#sSpan3985" value="PPERO"/>
		<feat xlink:href="#sSpan3988" value="NEG"/>
		<feat xlink:href="#sSpan3994" value="ADV"/>
		<feat xlink:href="#sSpan3998" value="PREP"/>
		<feat xlink:href="#sSpan4002" value="ART"/>
		<feat xlink:href="#sSpan4005" value="N"/>
		<feat xlink:href="#sSpan4007" value="NEG"/>
		<feat xlink:href="#sSpan4012" value="COP"/>
		<feat xlink:href="#sSpan4016" value="PUNCT"/>
		<feat xlink:href="#sSpan4020" value="PREP"/>
		<feat xlink:href="#sSpan4024" value="ART"/>
		<feat xlink:href="#sSpan4027" value="N"/>
		<feat xlink:href="#sSpan4029" value="PREP"/>
		<feat xlink:href="#sSpan4034" value="ART"/>
		<feat xlink:href="#sSpan4037" value="N"/>
		<feat xlink:href="#sSpan4039" value="PUNCT"/>
		<feat xlink:href="#sSpan4044" value="CONJ"/>
		<feat xlink:href="#sSpan4048" value="ART"/>
		<feat xlink:href="#sSpan4054" value="N"/>
		<feat xlink:href="#sSpan4057" value="COP"/>
		<feat xlink:href="#sSpan4061" value="PREP"/>
		<feat xlink:href="#sSpan4065" value="ART"/>
		<feat xlink:href="#sSpan4068" value="N"/>
		<feat xlink:href="#sSpan4071" value="CCIRC"/>
		<feat xlink:href="#sSpan4075" value="PPERS"/>
		<feat xlink:href="#sSpan4077" value="VSTAT"/>
		<feat xlink:href="#sSpan4079" value="PUNCT"/>
		<feat xlink:href="#sSpan4083" value="ART"/>
		<feat xlink:href="#sSpan4093" value="N"/>
		<feat xlink:href="#sSpan4095" value="COP"/>
		<feat xlink:href="#sSpan4099" value="N"/>
		<feat xlink:href="#sSpan4104" value="PREP"/>
		<feat xlink:href="#sSpan4109" value="ART"/>
		<feat xlink:href="#sSpan4112" value="CREL"/>
		<feat xlink:href="#sSpan4114" value="PREP"/>
		<feat xlink:href="#sSpan4116" value="ART"/>
		<feat xlink:href="#sSpan4119" value="V"/>
		<feat xlink:href="#sSpan4122" value="PREP"/>
		<feat xlink:href="#sSpan4126" value="PPOS"/>
		<feat xlink:href="#sSpan4129" value="N"/>
		<feat xlink:href="#sSpan4131" value="PUNCT"/>
		<feat xlink:href="#sSpan4135" value="ART"/>
		<feat xlink:href="#sSpan4145" value="N"/>
		<feat xlink:href="#sSpan4147" value="COP"/>
		<feat xlink:href="#sSpan4151" value="ART"/>
		<feat xlink:href="#sSpan4156" value="N"/>
		<feat xlink:href="#sSpan4158" value="CREL"/>
		<feat xlink:href="#sSpan4162" value="VSTAT"/>
		<feat xlink:href="#sSpan4165" value="PUNCT"/>
		<feat xlink:href="#sSpan4170" value="CONJ"/>
		<feat xlink:href="#sSpan4174" value="ACOND_PPERS"/>
		<feat xlink:href="#sSpan4180" value="V"/>
		<feat xlink:href="#sSpan4183" value="ANEGAOR"/>
		<feat xlink:href="#sSpan4188" value="PPERS"/>
		<feat xlink:href="#sSpan4190" value="V"/>
		<feat xlink:href="#sSpan4192" value="PTC"/>
		<feat xlink:href="#sSpan4196" value="ART"/>
		<feat xlink:href="#sSpan4199" value="CREL"/>
		<feat xlink:href="#sSpan4201" value="V"/>
		<feat xlink:href="#sSpan4204" value="PREP"/>
		<feat xlink:href="#sSpan4208" value="PPERO"/>
		<feat xlink:href="#sSpan4210" value="PUNCT"/>
		<feat xlink:href="#sSpan4214" value="ART"/>
		<feat xlink:href="#sSpan4224" value="N"/>
		<feat xlink:href="#sSpan4226" value="COP"/>
		<feat xlink:href="#sSpan4230" value="ART"/>
		<feat xlink:href="#sSpan4236" value="N"/>
		<feat xlink:href="#sSpan4239" value="CCIRC"/>
		<feat xlink:href="#sSpan4243" value="PPERS"/>
		<feat xlink:href="#sSpan4245" value="VSTAT"/>
		<feat xlink:href="#sSpan4247" value="CCIRC"/>
		<feat xlink:href="#sSpan4251" value="AAOR"/>
		<feat xlink:href="#sSpan4253" value="PPERS"/>
		<feat xlink:href="#sSpan4255" value="V"/>
		<feat xlink:href="#sSpan4259" value="PREP"/>
		<feat xlink:href="#sSpan4263" value="PPERO"/>
		<feat xlink:href="#sSpan4265" value="PREP"/>
		<feat xlink:href="#sSpan4269" value="ART"/>
		<feat xlink:href="#sSpan4272" value="CREL"/>
		<feat xlink:href="#sSpan4274" value="VSTAT"/>
		<feat xlink:href="#sSpan4277" value="PREP"/>
		<feat xlink:href="#sSpan4281" value="PPERO"/>
		<feat xlink:href="#sSpan4283" value="PUNCT"/>
		<feat xlink:href="#sSpan4287" value="ART"/>
		<feat xlink:href="#sSpan4297" value="N"/>
		<feat xlink:href="#sSpan4299" value="COP"/>
		<feat xlink:href="#sSpan4303" value="ART"/>
		<feat xlink:href="#sSpan4308" value="N"/>
		<feat xlink:href="#sSpan4310" value="PREP"/>
		<feat xlink:href="#sSpan4316" value="N"/>
		<feat xlink:href="#sSpan4321" value="ADV"/>
		<feat xlink:href="#sSpan4326" value="PREP"/>
		<feat xlink:href="#sSpan4330" value="ART"/>
		<feat xlink:href="#sSpan4333" value="N"/>
		<feat xlink:href="#sSpan4335" value="PUNCT"/>
		<feat xlink:href="#sSpan4339" value="ART"/>
		<feat xlink:href="#sSpan4349" value="N"/>
		<feat xlink:href="#sSpan4351" value="COP"/>
		<feat xlink:href="#sSpan4355" value="ART"/>
		<feat xlink:href="#sSpan4360" value="N"/>
		<feat xlink:href="#sSpan4362" value="CCIRC"/>
		<feat xlink:href="#sSpan4367" value="AAOR"/>
		<feat xlink:href="#sSpan4369" value="ART"/>
		<feat xlink:href="#sSpan4373" value="N"/>
		<feat xlink:href="#sSpan4377" value="V"/>
		<feat xlink:href="#sSpan4381" value="PREP"/>
		<feat xlink:href="#sSpan4386" value="PPERO"/>
		<feat xlink:href="#sSpan4388" value="PUNCT"/>
		<feat xlink:href="#sSpan4392" value="ART"/>
		<feat xlink:href="#sSpan4402" value="N"/>
		<feat xlink:href="#sSpan4404" value="COP"/>
		<feat xlink:href="#sSpan4408" value="ART"/>
		<feat xlink:href="#sSpan4414" value="N"/>
		<feat xlink:href="#sSpan4417" value="PREP"/>
		<feat xlink:href="#sSpan4421" value="ART"/>
		<feat xlink:href="#sSpan4424" value="N"/>
		<feat xlink:href="#sSpan4426" value="PUNCT"/>
		<feat xlink:href="#sSpan4430" value="CONJ"/>
		<feat xlink:href="#sSpan4435" value="PREP"/>
		<feat xlink:href="#sSpan4439" value="ART"/>
		<feat xlink:href="#sSpan4443" value="N"/>
		<feat xlink:href="#sSpan4445" value="PREP"/>
		<feat xlink:href="#sSpan4450" value="ART"/>
		<feat xlink:href="#sSpan4453" value="CREL"/>
		<feat xlink:href="#sSpan4455" value="VSTAT"/>
		<feat xlink:href="#sSpan4457" value="PUNCT"/>
		<feat xlink:href="#sSpan4461" value="ART"/>
		<feat xlink:href="#sSpan4471" value="N"/>
		<feat xlink:href="#sSpan4473" value="COP"/>
		<feat xlink:href="#sSpan4477" value="CREL"/>
		<feat xlink:href="#sSpan4481" value="APST"/>
		<feat xlink:href="#sSpan4483" value="PPERS"/>
		<feat xlink:href="#sSpan4485" value="V"/>
		<feat xlink:href="#sSpan4488" value="PREP"/>
		<feat xlink:href="#sSpan4492" value="ART"/>
		<feat xlink:href="#sSpan4495" value="N"/>
		<feat xlink:href="#sSpan4497" value="PREP"/>
		<feat xlink:href="#sSpan4502" value="ART"/>
		<feat xlink:href="#sSpan4506" value="N"/>
		<feat xlink:href="#sSpan4508" value="PUNCT"/>
		<feat xlink:href="#sSpan4512" value="APST"/>
		<feat xlink:href="#sSpan4516" value="PPERS"/>
		<feat xlink:href="#sSpan4518" value="ACAUS"/>
		<feat xlink:href="#sSpan4521" value="PPERS"/>
		<feat xlink:href="#sSpan4523" value="V"/>
		<feat xlink:href="#sSpan4525" value="PREP"/>
		<feat xlink:href="#sSpan4529" value="ART"/>
		<feat xlink:href="#sSpan4533" value="N"/>
		<feat xlink:href="#sSpan4536" value="PUNCT"/>
		<feat xlink:href="#sSpan4540" value="APST"/>
		<feat xlink:href="#sSpan4544" value="PPERS"/>
		<feat xlink:href="#sSpan4547" value="V"/>
		<feat xlink:href="#sSpan4550" value="PREP"/>
		<feat xlink:href="#sSpan4554" value="PPERO"/>
		<feat xlink:href="#sSpan4556" value="PUNCT"/>
		<feat xlink:href="#sSpan4560" value="ART"/>
		<feat xlink:href="#sSpan4570" value="N"/>
		<feat xlink:href="#sSpan4572" value="APST"/>
		<feat xlink:href="#sSpan4576" value="PPERS"/>
		<feat xlink:href="#sSpan4578" value="V"/>
		<feat xlink:href="#sSpan4581" value="PREP"/>
		<feat xlink:href="#sSpan4585" value="ART"/>
		<feat xlink:href="#sSpan4589" value="N"/>
		<feat xlink:href="#sSpan4592" value="APST"/>
		<feat xlink:href="#sSpan4596" value="PPERS"/>
		<feat xlink:href="#sSpan4598" value="V"/>
		<feat xlink:href="#sSpan4600" value="PPERO"/>
		<feat xlink:href="#sSpan4602" value="ADV"/>
		<feat xlink:href="#sSpan4607" value="PREP"/>
		<feat xlink:href="#sSpan4612" value="ART"/>
		<feat xlink:href="#sSpan4615" value="N"/>
		<feat xlink:href="#sSpan4617" value="PUNCT"/>
		<feat xlink:href="#sSpan4621" value="ART"/>
		<feat xlink:href="#sSpan4631" value="N"/>
		<feat xlink:href="#sSpan4633" value="COP"/>
		<feat xlink:href="#sSpan4637" value="PPOS"/>
		<feat xlink:href="#sSpan4642" value="N"/>
		<feat xlink:href="#sSpan4645" value="PREP"/>
		<feat xlink:href="#sSpan4649" value="ART"/>
		<feat xlink:href="#sSpan4652" value="N"/>
		<feat xlink:href="#sSpan4654" value="CREL"/>
		<feat xlink:href="#sSpan4660" value="V"/>
		<feat xlink:href="#sSpan4663" value="PREP"/>
		<feat xlink:href="#sSpan4667" value="ART"/>
		<feat xlink:href="#sSpan4671" value="N"/>
		<feat xlink:href="#sSpan4675" value="PUNCT"/>
		<feat xlink:href="#sSpan4679" value="ART"/>
		<feat xlink:href="#sSpan4689" value="N"/>
		<feat xlink:href="#sSpan4691" value="COP"/>
		<feat xlink:href="#sSpan4695" value="PPOS"/>
		<feat xlink:href="#sSpan4700" value="N"/>
		<feat xlink:href="#sSpan4703" value="PREP"/>
		<feat xlink:href="#sSpan4707" value="ART"/>
		<feat xlink:href="#sSpan4710" value="N"/>
		<feat xlink:href="#sSpan4712" value="CREL"/>
		<feat xlink:href="#sSpan4717" value="PREP"/>
		<feat xlink:href="#sSpan4719" value="ART"/>
		<feat xlink:href="#sSpan4722" value="N"/>
		<feat xlink:href="#sSpan4724" value="PREP"/>
		<feat xlink:href="#sSpan4728" value="ART"/>
		<feat xlink:href="#sSpan4731" value="N"/>
		<feat xlink:href="#sSpan4734" value="PREP"/>
		<feat xlink:href="#sSpan4738" value="ART"/>
		<feat xlink:href="#sSpan4742" value="N"/>
		<feat xlink:href="#sSpan4745" value="PUNCT"/>
		<feat xlink:href="#sSpan4749" value="ART"/>
		<feat xlink:href="#sSpan4759" value="N"/>
		<feat xlink:href="#sSpan4761" value="COP"/>
		<feat xlink:href="#sSpan4765" value="ART"/>
		<feat xlink:href="#sSpan4771" value="N"/>
		<feat xlink:href="#sSpan4774" value="PREP"/>
		<feat xlink:href="#sSpan4778" value="ART"/>
		<feat xlink:href="#sSpan4782" value="N"/>
		<feat xlink:href="#sSpan4786" value="PREP"/>
		<feat xlink:href="#sSpan4790" value="ART"/>
		<feat xlink:href="#sSpan4794" value="N"/>
		<feat xlink:href="#sSpan4797" value="PUNCT"/></featList></paula>