<?xml version='1.0' encoding='UTF-8'?><!DOCTYPE paula SYSTEM "paula_feat.dtd">
<paula version="1.1">
	<header paula_id="scriptorium.cross.michbr291-294.mark_new_sent"/>
	<featList xmlns:xlink="http://www.w3.org/1999/xlink" type="new_sent" xml:base="scriptorium.cross.michbr291-294.mark.xml">
		<feat xlink:href="#sSpan1" value="true"/>
		<feat xlink:href="#sSpan20" value="true"/>
		<feat xlink:href="#sSpan153" value="true"/>
		<feat xlink:href="#sSpan232" value="true"/>
		<feat xlink:href="#sSpan318" value="true"/>
		<feat xlink:href="#sSpan397" value="true"/>
		<feat xlink:href="#sSpan515" value="true"/>
		<feat xlink:href="#sSpan636" value="true"/>
		<feat xlink:href="#sSpan909" value="true"/>
		<feat xlink:href="#sSpan1061" value="true"/>
		<feat xlink:href="#sSpan1164" value="true"/>
		<feat xlink:href="#sSpan1216" value="true"/>
		<feat xlink:href="#sSpan1346" value="true"/>
		<feat xlink:href="#sSpan1458" value="true"/>
		<feat xlink:href="#sSpan1566" value="true"/>
		<feat xlink:href="#sSpan1628" value="true"/>
		<feat xlink:href="#sSpan1732" value="true"/>
		<feat xlink:href="#sSpan1800" value="true"/>
		<feat xlink:href="#sSpan1881" value="true"/>
		<feat xlink:href="#sSpan1955" value="true"/>
		<feat xlink:href="#sSpan2054" value="true"/>
		<feat xlink:href="#sSpan2135" value="true"/>
		<feat xlink:href="#sSpan2212" value="true"/>
		<feat xlink:href="#sSpan2335" value="true"/>
		<feat xlink:href="#sSpan2434" value="true"/>
		<feat xlink:href="#sSpan2591" value="true"/>
		<feat xlink:href="#sSpan2675" value="true"/>
		<feat xlink:href="#sSpan2738" value="true"/>
		<feat xlink:href="#sSpan2852" value="true"/>
		<feat xlink:href="#sSpan2949" value="true"/>
		<feat xlink:href="#sSpan3034" value="true"/>
		<feat xlink:href="#sSpan3124" value="true"/>
		<feat xlink:href="#sSpan3195" value="true"/>
		<feat xlink:href="#sSpan3221" value="true"/>
		<feat xlink:href="#sSpan3249" value="true"/>
		<feat xlink:href="#sSpan3273" value="true"/>
		<feat xlink:href="#sSpan3298" value="true"/>
		<feat xlink:href="#sSpan3324" value="true"/>
		<feat xlink:href="#sSpan3348" value="true"/>
		<feat xlink:href="#sSpan3372" value="true"/>
		<feat xlink:href="#sSpan3396" value="true"/>
		<feat xlink:href="#sSpan3420" value="true"/>
		<feat xlink:href="#sSpan3444" value="true"/>
		<feat xlink:href="#sSpan3468" value="true"/>
		<feat xlink:href="#sSpan3515" value="true"/>
		<feat xlink:href="#sSpan3558" value="true"/>
		<feat xlink:href="#sSpan3640" value="true"/>
		<feat xlink:href="#sSpan3789" value="true"/>
		<feat xlink:href="#sSpan3872" value="true"/>
		<feat xlink:href="#sSpan3904" value="true"/>
		<feat xlink:href="#sSpan4083" value="true"/>
		<feat xlink:href="#sSpan4135" value="true"/>
		<feat xlink:href="#sSpan4214" value="true"/>
		<feat xlink:href="#sSpan4287" value="true"/>
		<feat xlink:href="#sSpan4339" value="true"/>
		<feat xlink:href="#sSpan4392" value="true"/>
		<feat xlink:href="#sSpan4461" value="true"/>
		<feat xlink:href="#sSpan4560" value="true"/>
		<feat xlink:href="#sSpan4621" value="true"/>
		<feat xlink:href="#sSpan4679" value="true"/>
		<feat xlink:href="#sSpan4749" value="true"/></featList></paula>