<?xml version='1.0' encoding='UTF-8'?><!DOCTYPE paula SYSTEM "paula_feat.dtd">
<paula version="1.1">
	<header paula_id="scriptorium.cross.michbr291-294.mark_multiword"/>
	<featList xmlns:xlink="http://www.w3.org/1999/xlink" type="multiword" xml:base="scriptorium.cross.michbr291-294.mark.xml">
		<feat xlink:href="#sSpan354" value="ⲟⲩⲱϣⲥ ⲉⲃⲟⲗ"/>
		<feat xlink:href="#sSpan451" value="ⲉⲓⲛⲉ ⲉⲃⲟⲗ"/>
		<feat xlink:href="#sSpan648" value="ⲉⲓ ⲛ"/>
		<feat xlink:href="#sSpan830" value="ⲁⲗⲉ ⲉϩⲣⲁⲓ"/>
		<feat xlink:href="#sSpan911" value="ⲉ ⲁ"/>
		<feat xlink:href="#sSpan965" value="ⲉ ⲁ"/>
		<feat xlink:href="#sSpan974" value="ⲉⲓ ⲉϩⲣⲁⲓ"/>
		<feat xlink:href="#sSpan1031" value="ⲛⲕⲟⲧⲕ ⲛ"/>
		<feat xlink:href="#sSpan1612" value="ⲥⲱⲧⲙ ⲛ"/>
		<feat xlink:href="#sSpan1654" value="ⲉⲓⲣⲉ ⲛ"/>
		<feat xlink:href="#sSpan1759" value="ⲉⲃⲟⲗ ϫⲉ"/>
		<feat xlink:href="#sSpan1849" value="ⲉ ⲁ"/>
		<feat xlink:href="#sSpan2286" value="ⲉⲃⲟⲗ ϫⲉ"/>
		<feat xlink:href="#sSpan2569" value="ⲉⲃⲟⲗ ϫⲉ"/>
		<feat xlink:href="#sSpan2797" value="ϩⲱⲃ ⲛⲓⲙ"/>
		<feat xlink:href="#sSpan2967" value="ⲉⲃⲟⲗ ϩⲛ"/>
		<feat xlink:href="#sSpan3078" value="ϣⲗⲟⲩⲗⲁⲓ ⲉⲃⲟⲗ"/>
		<feat xlink:href="#sSpan3833" value="ⲡⲱⲧ ⲛⲥⲁ"/>
		<feat xlink:href="#sSpan4606" value="ⲉⲃⲟⲗ ϩⲛ"/></featList></paula>