<?xml version='1.0' encoding='UTF-8'?><!DOCTYPE paula SYSTEM "paula_feat.dtd">
<paula version="1.1">
	<header paula_id="scriptorium.cross.michbr291-294.mark_lemma"/>
	<featList xmlns:xlink="http://www.w3.org/1999/xlink" type="lemma" xml:base="scriptorium.cross.michbr291-294.mark.xml">
		<feat xlink:href="#sSpan1" value="ⲕⲉ"/>
		<feat xlink:href="#sSpan14" value="ⲥⲟⲛ"/>
		<feat xlink:href="#sSpan16" value="."/>
		<feat xlink:href="#sSpan20" value="ⲡⲁⲓ"/>
		<feat xlink:href="#sSpan28" value="ⲉⲧⲉⲣⲉ"/>
		<feat xlink:href="#sSpan33" value="ⲁ"/>
		<feat xlink:href="#sSpan35" value="ⲡ"/>
		<feat xlink:href="#sSpan38" value="ⲕⲁϩ"/>
		<feat xlink:href="#sSpan40" value="ⲟⲩⲱⲛ"/>
		<feat xlink:href="#sSpan44" value="ⲉ"/>
		<feat xlink:href="#sSpan49" value="ⲛⲧⲟϥ"/>
		<feat xlink:href="#sSpan51" value="ⲁ"/>
		<feat xlink:href="#sSpan55" value="ⲛⲧⲟϥ"/>
		<feat xlink:href="#sSpan57" value="ⲱⲙⲕ"/>
		<feat xlink:href="#sSpan59" value="ⲛⲧⲟⲟⲩ"/>
		<feat xlink:href="#sSpan61" value="ⲉⲧⲉⲣⲉ"/>
		<feat xlink:href="#sSpan67" value="ⲇⲁⲑⲁⲛ"/>
		<feat xlink:href="#sSpan70" value="ⲡⲉ"/>
		<feat xlink:href="#sSpan74" value="."/>
		<feat xlink:href="#sSpan78" value="ⲙⲛ"/>
		<feat xlink:href="#sSpan84" value="ⲁⲃⲓⲣⲱⲛ"/>
		<feat xlink:href="#sSpan87" value="."/>
		<feat xlink:href="#sSpan91" value="ⲙⲛ"/>
		<feat xlink:href="#sSpan95" value="ⲡ"/>
		<feat xlink:href="#sSpan99" value="ϣⲏⲣⲉ"/>
		<feat xlink:href="#sSpan101" value="ⲛ"/>
		<feat xlink:href="#sSpan106" value="ⲕⲟⲣⲉ"/>
		<feat xlink:href="#sSpan109" value="."/>
		<feat xlink:href="#sSpan113" value="ⲡⲁⲓ"/>
		<feat xlink:href="#sSpan119" value="ⲉⲧⲉⲣⲉ"/>
		<feat xlink:href="#sSpan123" value="ⲁ"/>
		<feat xlink:href="#sSpan125" value="ⲛⲧⲟⲟⲩ"/>
		<feat xlink:href="#sSpan127" value="ⲧⲱⲟⲩⲛ"/>
		<feat xlink:href="#sSpan129" value="ⲉϫⲛ"/>
		<feat xlink:href="#sSpan135" value="ⲙⲱⲩⲥⲏⲥ"/>
		<feat xlink:href="#sSpan138" value="ϩⲛ"/>
		<feat xlink:href="#sSpan142" value="ⲡ"/>
		<feat xlink:href="#sSpan147" value="ⲉⲣⲏⲙⲟⲥ"/>
		<feat xlink:href="#sSpan149" value="."/>
		<feat xlink:href="#sSpan153" value="ⲙⲁⲣⲉ"/>
		<feat xlink:href="#sSpan162" value="ⲁⲛⲟⲛ"/>
		<feat xlink:href="#sSpan164" value="ⲕⲧⲟ"/>
		<feat xlink:href="#sSpan166" value="ⲁⲛⲟⲛ"/>
		<feat xlink:href="#sSpan168" value="ϭⲉ"/>
		<feat xlink:href="#sSpan173" value="ⲟⲛ"/>
		<feat xlink:href="#sSpan178" value="ⲉϩⲣⲁⲓ"/>
		<feat xlink:href="#sSpan182" value="ⲉϫⲛ"/>
		<feat xlink:href="#sSpan186" value="ⲡ"/>
		<feat xlink:href="#sSpan189" value="ⲙⲉⲅⲉⲑⲟⲥ"/>
		<feat xlink:href="#sSpan192" value="."/>
		<feat xlink:href="#sSpan196" value="ⲛ"/>
		<feat xlink:href="#sSpan200" value="ⲡⲉⲓ"/>
		<feat xlink:href="#sSpan204" value="ⲁϩⲟⲣⲁⲧⲟⲛ"/>
		<feat xlink:href="#sSpan208" value="ⲥⲧⲁⲩⲣⲟⲥ"/>
		<feat xlink:href="#sSpan212" value="ⲛⲧⲉ"/>
		<feat xlink:href="#sSpan216" value="ⲁⲛⲟⲛ"/>
		<feat xlink:href="#sSpan219" value="ϣⲁϫⲉ"/>
		<feat xlink:href="#sSpan221" value="ⲉ"/>
		<feat xlink:href="#sSpan225" value="ⲛⲧⲟϥ"/>
		<feat xlink:href="#sSpan227" value="."/>
		<feat xlink:href="#sSpan232" value="ⲧⲏⲛⲟⲗⲟⲧⲓⲛ"/>
		<feat xlink:href="#sSpan240" value="ⲛⲧⲉ"/>
		<feat xlink:href="#sSpan244" value="ⲁⲛⲟⲛ"/>
		<feat xlink:href="#sSpan247" value="ⲉⲓⲙⲉ"/>
		<feat xlink:href="#sSpan249" value="ⲉ"/>
		<feat xlink:href="#sSpan253" value="ⲡ"/>
		<feat xlink:href="#sSpan257" value="ⲡⲣⲟⲫⲏⲧⲉⲓⲁ"/>
		<feat xlink:href="#sSpan260" value="ⲛ"/>
		<feat xlink:href="#sSpan264" value="ⲡ"/>
		<feat xlink:href="#sSpan268" value="ⲡⲣⲟⲫⲏⲧⲏⲥ"/>
		<feat xlink:href="#sSpan271" value="."/>
		<feat xlink:href="#sSpan275" value="ⲉⲧⲉⲣⲉ"/>
		<feat xlink:href="#sSpan279" value="ⲁ"/>
		<feat xlink:href="#sSpan281" value="ⲛⲧⲟⲟⲩ"/>
		<feat xlink:href="#sSpan283" value="ϫⲱ"/>
		<feat xlink:href="#sSpan286" value="ⲛⲧⲟⲟⲩ"/>
		<feat xlink:href="#sSpan288" value="ⲉ"/>
		<feat xlink:href="#sSpan292" value="ⲛⲧⲟϥ"/>
		<feat xlink:href="#sSpan294" value="ϫⲓⲛ"/>
		<feat xlink:href="#sSpan298" value="ⲡ"/>
		<feat xlink:href="#sSpan302" value="ⲁⲣⲭⲏ"/>
		<feat xlink:href="#sSpan305" value="ϣⲁ"/>
		<feat xlink:href="#sSpan309" value="ⲡ"/>
		<feat xlink:href="#sSpan312" value="ϩⲁⲏ"/>
		<feat xlink:href="#sSpan314" value="."/>
		<feat xlink:href="#sSpan318" value="ⲛⲧⲱⲧⲛ"/>
		<feat xlink:href="#sSpan326" value="ϩⲱⲧ"/>
		<feat xlink:href="#sSpan330" value="ⲛⲧⲱⲧⲛ"/>
		<feat xlink:href="#sSpan333" value="ⲱ"/>
		<feat xlink:href="#sSpan338" value="ⲡ"/>
		<feat xlink:href="#sSpan344" value="ⲁⲕⲣⲱⲁⲧⲏⲥ"/>
		<feat xlink:href="#sSpan346" value="."/>
		<feat xlink:href="#sSpan350" value="ⲟⲩⲱϣⲥ"/>
		<feat xlink:href="#sSpan356" value="ⲉⲃⲟⲗ"/>
		<feat xlink:href="#sSpan360" value="ⲛ"/>
		<feat xlink:href="#sSpan364" value="ⲡⲉⲧⲛ"/>
		<feat xlink:href="#sSpan369" value="ⲁⲓⲥⲑⲏⲧⲏⲣⲓⲟⲛ"/>
		<feat xlink:href="#sSpan371" value="ⲛⲧⲉ"/>
		<feat xlink:href="#sSpan376" value="ⲛⲧⲱⲧⲛ"/>
		<feat xlink:href="#sSpan379" value="ϫⲓⲥⲙⲏ"/>
		<feat xlink:href="#sSpan382" value="ϩⲛ"/>
		<feat xlink:href="#sSpan386" value="ⲟⲩ"/>
		<feat xlink:href="#sSpan391" value="ϩⲏⲥⲩⲭⲓⲁ"/>
		<feat xlink:href="#sSpan393" value="."/>
		<feat xlink:href="#sSpan397" value="ⲁⲩⲉⲓ"/>
		<feat xlink:href="#sSpan404" value="ⲛⲧⲟⲥ"/>
		<feat xlink:href="#sSpan406" value="ⲛ"/>
		<feat xlink:href="#sSpan411" value="ⲁⲛⲟⲛ"/>
		<feat xlink:href="#sSpan413" value="ⲟⲩⲱⲛ"/>
		<feat xlink:href="#sSpan415" value="ⲛ"/>
		<feat xlink:href="#sSpan419" value="ⲡ"/>
		<feat xlink:href="#sSpan422" value="ⲛⲟϭ"/>
		<feat xlink:href="#sSpan425" value="ⲛ"/>
		<feat xlink:href="#sSpan430" value="ⲑⲏⲥⲁⲩⲣⲟⲥ"/>
		<feat xlink:href="#sSpan432" value="ⲉⲧⲉⲣⲉ"/>
		<feat xlink:href="#sSpan437" value="ⲟⲩⲟⲡ"/>
		<feat xlink:href="#sSpan439" value="."/>
		<feat xlink:href="#sSpan443" value="ⲛⲧⲉ"/>
		<feat xlink:href="#sSpan447" value="ⲁⲛⲟⲛ"/>
		<feat xlink:href="#sSpan449" value="ⲉⲓⲛⲉ"/>
		<feat xlink:href="#sSpan453" value="ⲉⲃⲟⲗ"/>
		<feat xlink:href="#sSpan457" value="ⲛ"/>
		<feat xlink:href="#sSpan461" value="ⲡ"/>
		<feat xlink:href="#sSpan465" value="ⲕⲟⲥⲙⲏⲥⲓⲥ"/>
		<feat xlink:href="#sSpan468" value="ⲛ"/>
		<feat xlink:href="#sSpan473" value="ⲡⲛⲉⲩⲙⲁⲧⲓⲕⲟⲛ"/>
		<feat xlink:href="#sSpan476" value="ⲛⲧⲉ"/>
		<feat xlink:href="#sSpan481" value="ⲁⲛⲟⲛ"/>
		<feat xlink:href="#sSpan484" value="ⲕⲟⲥⲙⲉⲓ"/>
		<feat xlink:href="#sSpan486" value="ⲛ"/>
		<feat xlink:href="#sSpan490" value="ⲡ"/>
		<feat xlink:href="#sSpan494" value="ⲯⲩⲭⲏ"/>
		<feat xlink:href="#sSpan497" value="ⲛ"/>
		<feat xlink:href="#sSpan501" value="ⲡⲉ"/>
		<feat xlink:href="#sSpan505" value="ⲙⲁⲓⲗⲟⲅⲟⲥ"/>
		<feat xlink:href="#sSpan511" value="."/>
		<feat xlink:href="#sSpan515" value="ⲙⲟⲩⲧⲉ"/>
		<feat xlink:href="#sSpan523" value="ⲡⲁⲓ"/>
		<feat xlink:href="#sSpan528" value="ⲉ"/>
		<feat xlink:href="#sSpan532" value="ⲡ"/>
		<feat xlink:href="#sSpan536" value="ⲙⲁⲓⲛⲟⲩⲧⲉ"/>
		<feat xlink:href="#sSpan540" value="."/>
		<feat xlink:href="#sSpan544" value="ⲁⲩⲱ"/>
		<feat xlink:href="#sSpan548" value="ⲡ"/>
		<feat xlink:href="#sSpan554" value="ⲙⲁⲓⲗⲟⲅⲟⲥ"/>
		<feat xlink:href="#sSpan559" value="."/>
		<feat xlink:href="#sSpan563" value="ⲁⲩⲱ"/>
		<feat xlink:href="#sSpan567" value="ⲡ"/>
		<feat xlink:href="#sSpan573" value="ⲣⲉϥϣⲱⲡ"/>
		<feat xlink:href="#sSpan577" value="ⲉ"/>
		<feat xlink:href="#sSpan581" value="ⲛⲧⲟϥ"/>
		<feat xlink:href="#sSpan583" value="ⲛ"/>
		<feat xlink:href="#sSpan587" value="ⲡ"/>
		<feat xlink:href="#sSpan591" value="ⲁⲅⲅⲉⲗⲟⲥ"/>
		<feat xlink:href="#sSpan594" value="."/>
		<feat xlink:href="#sSpan598" value="ⲉⲧⲉⲣⲉ"/>
		<feat xlink:href="#sSpan602" value="ⲡⲁⲓ"/>
		<feat xlink:href="#sSpan605" value="ⲡⲉ"/>
		<feat xlink:href="#sSpan611" value="ⲁⲃⲣⲁϩⲁⲙ"/>
		<feat xlink:href="#sSpan616" value="ⲡ"/>
		<feat xlink:href="#sSpan620" value="ϣⲃⲏⲣ"/>
		<feat xlink:href="#sSpan623" value="ⲛ"/>
		<feat xlink:href="#sSpan627" value="ⲡ"/>
		<feat xlink:href="#sSpan630" value="ⲛⲟⲩⲧⲉ"/>
		<feat xlink:href="#sSpan632" value="."/>
		<feat xlink:href="#sSpan636" value="ⲙⲁⲣⲉ"/>
		<feat xlink:href="#sSpan644" value="ⲛⲧⲟϥ"/>
		<feat xlink:href="#sSpan646" value="ⲉⲓ"/>
		<feat xlink:href="#sSpan649" value="ⲛⲧⲉ"/>
		<feat xlink:href="#sSpan653" value="ⲛⲧⲟϥ"/>
		<feat xlink:href="#sSpan655" value="ⲧⲁⲙⲟ"/>
		<feat xlink:href="#sSpan657" value="ⲁⲛⲟⲛ"/>
		<feat xlink:href="#sSpan659" value="ⲉ"/>
		<feat xlink:href="#sSpan664" value="ⲡ"/>
		<feat xlink:href="#sSpan668" value="ⲧⲩⲡⲟⲥ"/>
		<feat xlink:href="#sSpan670" value="ⲛ"/>
		<feat xlink:href="#sSpan674" value="ⲡⲉⲓ"/>
		<feat xlink:href="#sSpan677" value="ϣⲏⲛ"/>
		<feat xlink:href="#sSpan680" value="ϫⲉ"/>
		<feat xlink:href="#sSpan685" value="ⲥⲁⲃⲉⲕ"/>
		<feat xlink:href="#sSpan688" value="ⲉⲣⲉ"/>
		<feat xlink:href="#sSpan693" value="ⲡⲉⲓ"/>
		<feat xlink:href="#sSpan696" value="ⲟⲉⲓⲗⲉ"/>
		<feat xlink:href="#sSpan698" value="ⲙⲟⲩⲣ"/>
		<feat xlink:href="#sSpan702" value="ⲉ"/>
		<feat xlink:href="#sSpan707" value="ⲛⲧⲟϥ"/>
		<feat xlink:href="#sSpan709" value="."/>
		<feat xlink:href="#sSpan713" value="ⲡ"/>
		<feat xlink:href="#sSpan719" value="ϩⲉⲣⲙⲏⲛⲉⲓⲁ"/>
		<feat xlink:href="#sSpan722" value="ⲅⲁⲣ"/>
		<feat xlink:href="#sSpan727" value="ⲡ"/>
		<feat xlink:href="#sSpan733" value="ⲥⲁⲃⲉⲕ"/>
		<feat xlink:href="#sSpan735" value="ⲡⲉ"/>
		<feat xlink:href="#sSpan739" value="ⲡ"/>
		<feat xlink:href="#sSpan744" value="ⲙⲁ"/>
		<feat xlink:href="#sSpan747" value="ⲛ"/>
		<feat xlink:href="#sSpan751" value="ⲙⲧⲟⲛ"/>
		<feat xlink:href="#sSpan754" value="ⲛ"/>
		<feat xlink:href="#sSpan758" value="ⲡ"/>
		<feat xlink:href="#sSpan763" value="ⲣⲉϥⲥⲱⲧⲉ"/>
		<feat xlink:href="#sSpan767" value="."/>
		<feat xlink:href="#sSpan771" value="ⲉⲧⲉⲣⲉ"/>
		<feat xlink:href="#sSpan775" value="ⲡⲁⲓ"/>
		<feat xlink:href="#sSpan778" value="ⲡⲉ"/>
		<feat xlink:href="#sSpan782" value="ⲡ"/>
		<feat xlink:href="#sSpan788" value="ϣⲉ"/>
		<feat xlink:href="#sSpan790" value="ⲛ"/>
		<feat xlink:href="#sSpan794" value="ⲡ"/>
		<feat xlink:href="#sSpan798" value="ⲥⲧⲁⲩⲣⲟⲥ"/>
		<feat xlink:href="#sSpan800" value="."/>
		<feat xlink:href="#sSpan804" value="ⲉⲧⲉⲣⲉ"/>
		<feat xlink:href="#sSpan809" value="ⲁ"/>
		<feat xlink:href="#sSpan811" value="ⲡ"/>
		<feat xlink:href="#sSpan814" value="ϩⲓⲉⲓⲃ"/>
		<feat xlink:href="#sSpan816" value="ⲛ"/>
		<feat xlink:href="#sSpan820" value="ⲡ"/>
		<feat xlink:href="#sSpan823" value="ⲛⲟⲩⲧⲉ"/>
		<feat xlink:href="#sSpan826" value="ⲁⲗⲉ"/>
		<feat xlink:href="#sSpan831" value="ⲉϩⲣⲁⲓ"/>
		<feat xlink:href="#sSpan835" value="ⲉϫⲛ"/>
		<feat xlink:href="#sSpan839" value="ⲛⲧⲟϥ"/>
		<feat xlink:href="#sSpan841" value="ϩⲛ"/>
		<feat xlink:href="#sSpan846" value="ⲟⲩ"/>
		<feat xlink:href="#sSpan849" value="ⲛⲟϭ"/>
		<feat xlink:href="#sSpan851" value="ⲛ"/>
		<feat xlink:href="#sSpan856" value="ⲙⲛⲧⲗⲁⲙⲡⲣⲟⲥ"/>
		<feat xlink:href="#sSpan861" value="."/>
		<feat xlink:href="#sSpan865" value="ⲉⲣⲉ"/>
		<feat xlink:href="#sSpan869" value="ⲧⲣⲉ"/>
		<feat xlink:href="#sSpan871" value="ⲛⲧⲟϥ"/>
		<feat xlink:href="#sSpan873" value="ϫⲱⲕ"/>
		<feat xlink:href="#sSpan876" value="ⲉⲃⲟⲗ"/>
		<feat xlink:href="#sSpan880" value="ⲛ"/>
		<feat xlink:href="#sSpan884" value="ⲡ"/>
		<feat xlink:href="#sSpan888" value="ⲟⲓⲕⲟⲛⲟⲙⲓⲁ"/>
		<feat xlink:href="#sSpan891" value="ⲉⲧⲉⲣⲉ"/>
		<feat xlink:href="#sSpan895" value="ⲙⲟⲩϩ"/>
		<feat xlink:href="#sSpan897" value="ⲛ"/>
		<feat xlink:href="#sSpan902" value="ⲟⲩϫⲁⲓ"/>
		<feat xlink:href="#sSpan905" value="."/>
		<feat xlink:href="#sSpan909" value="ⲉⲣⲉ"/>
		<feat xlink:href="#sSpan917" value="ⲁ"/>
		<feat xlink:href="#sSpan919" value="ⲛⲧⲟϥ"/>
		<feat xlink:href="#sSpan921" value="ⲙⲧⲟⲛ"/>
		<feat xlink:href="#sSpan924" value="ⲛ"/>
		<feat xlink:href="#sSpan928" value="ⲛⲧⲟϥ"/>
		<feat xlink:href="#sSpan930" value="ⲉϩⲣⲁⲓ"/>
		<feat xlink:href="#sSpan934" value="ⲉϫⲛ"/>
		<feat xlink:href="#sSpan939" value="ⲛⲧⲟϥ"/>
		<feat xlink:href="#sSpan941" value="ⲛ"/>
		<feat xlink:href="#sSpan945" value="ⲡ"/>
		<feat xlink:href="#sSpan947" value="ϩⲉ"/>
		<feat xlink:href="#sSpan949" value="ⲛ"/>
		<feat xlink:href="#sSpan953" value="ⲟⲩ"/>
		<feat xlink:href="#sSpan956" value="ⲣⲱⲙⲉ"/>
		<feat xlink:href="#sSpan959" value="."/>
		<feat xlink:href="#sSpan963" value="ⲉⲣⲉ"/>
		<feat xlink:href="#sSpan968" value="ⲁ"/>
		<feat xlink:href="#sSpan970" value="ⲛⲧⲟϥ"/>
		<feat xlink:href="#sSpan972" value="ⲉⲓ"/>
		<feat xlink:href="#sSpan975" value="ⲉϩⲣⲁⲓ"/>
		<feat xlink:href="#sSpan979" value="ϩⲛ"/>
		<feat xlink:href="#sSpan983" value="ⲡⲉϥ"/>
		<feat xlink:href="#sSpan987" value="ⲥⲱϣⲉ"/>
		<feat xlink:href="#sSpan989" value="."/>
		<feat xlink:href="#sSpan993" value="ⲉⲣⲉ"/>
		<feat xlink:href="#sSpan997" value="ⲛⲧⲟϥ"/>
		<feat xlink:href="#sSpan1000" value="ⲣϩⲱⲃ"/>
		<feat xlink:href="#sSpan1003" value="ⲛⲧⲉ"/>
		<feat xlink:href="#sSpan1008" value="ⲛⲧⲟϥ"/>
		<feat xlink:href="#sSpan1010" value="ⲛⲁϫ"/>
		<feat xlink:href="#sSpan1012" value="ⲛⲧⲟϥ"/>
		<feat xlink:href="#sSpan1014" value="ϩⲓϫⲛ"/>
		<feat xlink:href="#sSpan1018" value="ⲡⲉϥ"/>
		<feat xlink:href="#sSpan1022" value="ⲙⲁ"/>
		<feat xlink:href="#sSpan1024" value="ⲛ"/>
		<feat xlink:href="#sSpan1028" value="ⲛⲕⲟⲧⲕ"/>
		<feat xlink:href="#sSpan1032" value="ⲛⲧⲉ"/>
		<feat xlink:href="#sSpan1037" value="ⲛⲧⲟϥ"/>
		<feat xlink:href="#sSpan1039" value="ⲙⲧⲟⲛ"/>
		<feat xlink:href="#sSpan1041" value="ⲛ"/>
		<feat xlink:href="#sSpan1045" value="ⲛⲧⲟϥ"/>
		<feat xlink:href="#sSpan1047" value="ϩⲛ"/>
		<feat xlink:href="#sSpan1052" value="ⲡⲉϥ"/>
		<feat xlink:href="#sSpan1055" value="ϩⲓⲥⲉ"/>
		<feat xlink:href="#sSpan1057" value="."/>
		<feat xlink:href="#sSpan1061" value="ⲡⲁⲓ"/>
		<feat xlink:href="#sSpan1069" value="ⲡⲉ"/>
		<feat xlink:href="#sSpan1074" value="ⲡ"/>
		<feat xlink:href="#sSpan1078" value="ϩⲉ"/>
		<feat xlink:href="#sSpan1080" value="ⲛ"/>
		<feat xlink:href="#sSpan1084" value="ⲡⲁ"/>
		<feat xlink:href="#sSpan1086" value="ⲡ"/>
		<feat xlink:href="#sSpan1090" value="ⲥⲱⲧⲏⲣ"/>
		<feat xlink:href="#sSpan1092" value="ⲉⲓⲣⲉ"/>
		<feat xlink:href="#sSpan1097" value="ⲛⲧⲟⲥ"/>
		<feat xlink:href="#sSpan1099" value="."/>
		<feat xlink:href="#sSpan1103" value="ⲉⲧⲉⲣⲉ"/>
		<feat xlink:href="#sSpan1107" value="ⲁ"/>
		<feat xlink:href="#sSpan1109" value="ⲛⲧⲟϥ"/>
		<feat xlink:href="#sSpan1111" value="ⲙⲧⲟⲛ"/>
		<feat xlink:href="#sSpan1113" value="."/>
		<feat xlink:href="#sSpan1117" value="ⲛ"/>
		<feat xlink:href="#sSpan1125" value="ⲛⲧⲟϥ"/>
		<feat xlink:href="#sSpan1127" value="ϩⲓϫⲛ"/>
		<feat xlink:href="#sSpan1131" value="ⲡⲉϥ"/>
		<feat xlink:href="#sSpan1135" value="ⲙⲁⲛⲕⲟⲧⲕ"/>
		<feat xlink:href="#sSpan1139" value="ⲉⲧⲉⲣⲉ"/>
		<feat xlink:href="#sSpan1143" value="ⲡ"/>
		<feat xlink:href="#sSpan1148" value="ⲥⲧⲁⲩⲣⲟⲥ"/>
		<feat xlink:href="#sSpan1150" value="ⲛ"/>
		<feat xlink:href="#sSpan1154" value="ⲙⲉ"/>
		<feat xlink:href="#sSpan1156" value="ⲡⲉ"/>
		<feat xlink:href="#sSpan1160" value="."/>
		<feat xlink:href="#sSpan1164" value="ⲁ"/>
		<feat xlink:href="#sSpan1172" value="ⲛⲧⲟϥ"/>
		<feat xlink:href="#sSpan1175" value="ϣⲡϩⲓⲥⲉ"/>
		<feat xlink:href="#sSpan1178" value="ϩⲛ"/>
		<feat xlink:href="#sSpan1182" value="ⲛⲧⲟϥ"/>
		<feat xlink:href="#sSpan1184" value="ϣⲁⲛⲧⲉ"/>
		<feat xlink:href="#sSpan1189" value="ⲛⲧⲟϥ"/>
		<feat xlink:href="#sSpan1191" value="ⲧⲟⲩϫⲟ"/>
		<feat xlink:href="#sSpan1193" value="ⲛ"/>
		<feat xlink:href="#sSpan1198" value="ⲡ"/>
		<feat xlink:href="#sSpan1202" value="ⲙⲛⲧⲣⲱⲙⲉ"/>
		<feat xlink:href="#sSpan1205" value="ⲧⲏⲣ"/>
		<feat xlink:href="#sSpan1210" value="ⲛⲧⲟⲥ"/>
		<feat xlink:href="#sSpan1212" value="."/>
		<feat xlink:href="#sSpan1216" value="ⲛⲧⲉ"/>
		<feat xlink:href="#sSpan1224" value="ⲛⲧⲟϥ"/>
		<feat xlink:href="#sSpan1226" value="ⲥⲁϣⲙ"/>
		<feat xlink:href="#sSpan1228" value="ⲁⲛ"/>
		<feat xlink:href="#sSpan1233" value="ⲟⲩⲇⲉ"/>
		<feat xlink:href="#sSpan1238" value="ⲛⲧⲉ"/>
		<feat xlink:href="#sSpan1242" value="ⲛⲧⲟϥ"/>
		<feat xlink:href="#sSpan1244" value="ϣⲧⲟⲣⲧⲣ"/>
		<feat xlink:href="#sSpan1246" value="ⲁⲛ"/>
		<feat xlink:href="#sSpan1251" value="."/>
		<feat xlink:href="#sSpan1256" value="ⲟⲩⲇⲉ"/>
		<feat xlink:href="#sSpan1260" value="ⲛⲧⲉ"/>
		<feat xlink:href="#sSpan1264" value="ⲛⲧⲟϥ"/>
		<feat xlink:href="#sSpan1266" value="ϭⲱⲛⲧ"/>
		<feat xlink:href="#sSpan1268" value="ⲁⲛ"/>
		<feat xlink:href="#sSpan1273" value="ⲉⲣⲉ"/>
		<feat xlink:href="#sSpan1277" value="ⲛⲧⲟⲟⲩ"/>
		<feat xlink:href="#sSpan1280" value="ϯⲉⲓⲃⲧ"/>
		<feat xlink:href="#sSpan1283" value="ⲛⲁ"/>
		<feat xlink:href="#sSpan1287" value="ⲛⲧⲟϥ"/>
		<feat xlink:href="#sSpan1289" value="."/>
		<feat xlink:href="#sSpan1294" value="ⲟⲩⲇⲉ"/>
		<feat xlink:href="#sSpan1299" value="ⲛⲧⲉ"/>
		<feat xlink:href="#sSpan1303" value="ⲛⲧⲟϥ"/>
		<feat xlink:href="#sSpan1306" value="ⲁⲕⲁⲛⲁⲕⲧⲉⲓ"/>
		<feat xlink:href="#sSpan1309" value="ⲁⲛ"/>
		<feat xlink:href="#sSpan1313" value="."/>
		<feat xlink:href="#sSpan1317" value="ⲉⲣⲉ"/>
		<feat xlink:href="#sSpan1321" value="ⲛⲧⲟⲟⲩ"/>
		<feat xlink:href="#sSpan1324" value="ϯⲕⲗⲟⲙ"/>
		<feat xlink:href="#sSpan1327" value="ⲛ"/>
		<feat xlink:href="#sSpan1332" value="ϣⲟⲛⲧⲉ"/>
		<feat xlink:href="#sSpan1335" value="ⲉϫⲛ"/>
		<feat xlink:href="#sSpan1339" value="ⲛⲧⲟϥ"/>
		<feat xlink:href="#sSpan1341" value="."/>
		<feat xlink:href="#sSpan1346" value="ⲟⲩⲇⲉ"/>
		<feat xlink:href="#sSpan1354" value="ⲛⲧⲉ"/>
		<feat xlink:href="#sSpan1358" value="ⲛⲧⲟϥ"/>
		<feat xlink:href="#sSpan1360" value="ⲥⲁϩⲟⲩ"/>
		<feat xlink:href="#sSpan1362" value="ⲁⲛ"/>
		<feat xlink:href="#sSpan1366" value="ⲉⲣⲉ"/>
		<feat xlink:href="#sSpan1370" value="ⲛⲧⲟⲟⲩ"/>
		<feat xlink:href="#sSpan1372" value="ϩⲓⲟⲩⲉ"/>
		<feat xlink:href="#sSpan1375" value="ⲉϩⲟⲩⲛ"/>
		<feat xlink:href="#sSpan1379" value="ϩⲛ"/>
		<feat xlink:href="#sSpan1383" value="ⲡⲉϥ"/>
		<feat xlink:href="#sSpan1387" value="ϩⲟ"/>
		<feat xlink:href="#sSpan1389" value="."/>
		<feat xlink:href="#sSpan1394" value="ⲟⲩⲇⲉ"/>
		<feat xlink:href="#sSpan1398" value="ⲛ"/>
		<feat xlink:href="#sSpan1402" value="ⲛⲧⲟϥ"/>
		<feat xlink:href="#sSpan1405" value="ⲛⲕⲁⲕⲉⲓ"/>
		<feat xlink:href="#sSpan1410" value="ⲁⲛ"/>
		<feat xlink:href="#sSpan1414" value="ⲉⲣⲉ"/>
		<feat xlink:href="#sSpan1418" value="ⲛⲧⲟⲟⲩ"/>
		<feat xlink:href="#sSpan1420" value="ⲧⲥⲁ"/>
		<feat xlink:href="#sSpan1422" value="ⲛ"/>
		<feat xlink:href="#sSpan1427" value="ⲛⲧⲟϥ"/>
		<feat xlink:href="#sSpan1429" value="ⲛ"/>
		<feat xlink:href="#sSpan1433" value="ⲟⲩ"/>
		<feat xlink:href="#sSpan1436" value="ϩⲙϫ"/>
		<feat xlink:href="#sSpan1438" value="ⲉⲣⲉ"/>
		<feat xlink:href="#sSpan1442" value="ⲛⲧⲟϥ"/>
		<feat xlink:href="#sSpan1444" value="ⲧⲱϩ"/>
		<feat xlink:href="#sSpan1446" value="ϩⲓ"/>
		<feat xlink:href="#sSpan1451" value="ⲥⲓϣⲉ"/>
		<feat xlink:href="#sSpan1454" value="."/>
		<feat xlink:href="#sSpan1458" value="ⲛ"/>
		<feat xlink:href="#sSpan1465" value="ⲛⲧⲟϥ"/>
		<feat xlink:href="#sSpan1467" value="ⲙⲓϣⲉ"/>
		<feat xlink:href="#sSpan1470" value="ⲅⲁⲣ"/>
		<feat xlink:href="#sSpan1475" value="ⲁⲛ"/>
		<feat xlink:href="#sSpan1479" value="ⲙⲛ"/>
		<feat xlink:href="#sSpan1483" value="ⲡ"/>
		<feat xlink:href="#sSpan1486" value="ⲉⲧⲉⲣⲉ"/>
		<feat xlink:href="#sSpan1488" value="ⲛⲟϭⲛⲉϭ"/>
		<feat xlink:href="#sSpan1491" value="ⲛ"/>
		<feat xlink:href="#sSpan1495" value="ⲛⲧⲟϥ"/>
		<feat xlink:href="#sSpan1497" value="."/>
		<feat xlink:href="#sSpan1502" value="ⲟⲩⲇⲉ"/>
		<feat xlink:href="#sSpan1506" value="ⲛⲧⲉ"/>
		<feat xlink:href="#sSpan1511" value="ⲛⲧⲟϥ"/>
		<feat xlink:href="#sSpan1513" value="ϭⲱⲛⲧ"/>
		<feat xlink:href="#sSpan1515" value="ⲁⲛ"/>
		<feat xlink:href="#sSpan1519" value="ⲉⲣⲉ"/>
		<feat xlink:href="#sSpan1523" value="ⲛⲧⲟⲟⲩ"/>
		<feat xlink:href="#sSpan1525" value="ⲡⲱϣ"/>
		<feat xlink:href="#sSpan1527" value="ⲛ"/>
		<feat xlink:href="#sSpan1532" value="ⲡⲉϥ"/>
		<feat xlink:href="#sSpan1535" value="ϩⲟⲓⲧⲉ"/>
		<feat xlink:href="#sSpan1537" value="ⲉϫⲛ"/>
		<feat xlink:href="#sSpan1541" value="ⲛⲧⲟⲟⲩ"/>
		<feat xlink:href="#sSpan1543" value="ⲉⲣⲉ"/>
		<feat xlink:href="#sSpan1548" value="ⲛⲧⲟⲟⲩ"/>
		<feat xlink:href="#sSpan1551" value="ⲛⲉϫⲕⲗⲏⲣⲟⲥ"/>
		<feat xlink:href="#sSpan1555" value="ⲉ"/>
		<feat xlink:href="#sSpan1560" value="ⲛⲧⲟⲟⲩ"/>
		<feat xlink:href="#sSpan1562" value="."/>
		<feat xlink:href="#sSpan1566" value="ⲛⲧⲟⲕ"/>
		<feat xlink:href="#sSpan1573" value="ⲟⲩⲱϣ"/>
		<feat xlink:href="#sSpan1575" value="ⲉ"/>
		<feat xlink:href="#sSpan1579" value="ⲉⲓⲙⲉ"/>
		<feat xlink:href="#sSpan1582" value="ϫⲉ"/>
		<feat xlink:href="#sSpan1586" value="ⲡ"/>
		<feat xlink:href="#sSpan1589" value="ⲙⲉ"/>
		<feat xlink:href="#sSpan1591" value="ⲡⲉ"/>
		<feat xlink:href="#sSpan1595" value="ⲁⲛⲟⲕ"/>
		<feat xlink:href="#sSpan1599" value="ϫⲱ"/>
		<feat xlink:href="#sSpan1602" value="ⲛ"/>
		<feat xlink:href="#sSpan1606" value="ⲛⲧⲟⲥ"/>
		<feat xlink:href="#sSpan1608" value="ⲥⲱⲧⲙ"/>
		<feat xlink:href="#sSpan1613" value="ⲛⲧⲉ"/>
		<feat xlink:href="#sSpan1618" value="ⲧⲁ"/>
		<feat xlink:href="#sSpan1620" value="ⲧⲁⲙⲟ"/>
		<feat xlink:href="#sSpan1622" value="ⲛⲧⲟⲕ"/>
		<feat xlink:href="#sSpan1624" value="."/>
		<feat xlink:href="#sSpan1628" value="ⲛ"/>
		<feat xlink:href="#sSpan1636" value="ⲡ"/>
		<feat xlink:href="#sSpan1639" value="ⲛⲁⲩ"/>
		<feat xlink:href="#sSpan1642" value="ⲅⲁⲣ"/>
		<feat xlink:href="#sSpan1646" value="ⲉⲧⲉⲣⲉ"/>
		<feat xlink:href="#sSpan1650" value="ⲛⲧⲟⲟⲩ"/>
		<feat xlink:href="#sSpan1652" value="ⲉⲓⲣⲉ"/>
		<feat xlink:href="#sSpan1656" value="ⲛ"/>
		<feat xlink:href="#sSpan1660" value="ⲡⲁⲓ"/>
		<feat xlink:href="#sSpan1663" value="ⲧⲏⲣ"/>
		<feat xlink:href="#sSpan1667" value="ⲛⲧⲟⲟⲩ"/>
		<feat xlink:href="#sSpan1669" value="ⲛⲁ"/>
		<feat xlink:href="#sSpan1673" value="ⲛⲧⲟϥ"/>
		<feat xlink:href="#sSpan1675" value="."/>
		<feat xlink:href="#sSpan1679" value="ⲁ"/>
		<feat xlink:href="#sSpan1684" value="ⲛⲧⲟϥ"/>
		<feat xlink:href="#sSpan1686" value="ϥⲓ"/>
		<feat xlink:href="#sSpan1688" value="ⲛ"/>
		<feat xlink:href="#sSpan1692" value="ⲡⲉϥ"/>
		<feat xlink:href="#sSpan1695" value="ⲃⲁⲗ"/>
		<feat xlink:href="#sSpan1697" value="ⲉϩⲣⲁⲓ"/>
		<feat xlink:href="#sSpan1702" value="ϣⲁ"/>
		<feat xlink:href="#sSpan1706" value="ⲡⲉϥ"/>
		<feat xlink:href="#sSpan1709" value="ⲉⲓⲱⲧ"/>
		<feat xlink:href="#sSpan1711" value="ⲁ"/>
		<feat xlink:href="#sSpan1716" value="ⲛⲧⲟϥ"/>
		<feat xlink:href="#sSpan1719" value="ⲡⲁⲣⲁⲕⲁⲗⲉⲓ"/>
		<feat xlink:href="#sSpan1721" value="ⲛ"/>
		<feat xlink:href="#sSpan1726" value="ⲛⲧⲟϥ"/>
		<feat xlink:href="#sSpan1728" value="."/>
		<feat xlink:href="#sSpan1732" value="ϫⲉ"/>
		<feat xlink:href="#sSpan1739" value="ⲡⲁ"/>
		<feat xlink:href="#sSpan1742" value="ⲉⲓⲱⲧ"/>
		<feat xlink:href="#sSpan1744" value="ⲕⲱ"/>
		<feat xlink:href="#sSpan1749" value="ⲛⲁ"/>
		<feat xlink:href="#sSpan1753" value="ⲛⲧⲟⲟⲩ"/>
		<feat xlink:href="#sSpan1755" value="ⲉⲃⲟⲗ"/>
		<feat xlink:href="#sSpan1760" value="ϫⲉ"/>
		<feat xlink:href="#sSpan1764" value="ⲛⲧⲉ"/>
		<feat xlink:href="#sSpan1766" value="ⲛⲧⲟⲟⲩ"/>
		<feat xlink:href="#sSpan1769" value="ⲥⲟⲟⲩⲛ"/>
		<feat xlink:href="#sSpan1771" value="ⲁⲛ"/>
		<feat xlink:href="#sSpan1775" value="ⲛ"/>
		<feat xlink:href="#sSpan1779" value="ⲡ"/>
		<feat xlink:href="#sSpan1782" value="ⲉⲧⲉⲣⲉ"/>
		<feat xlink:href="#sSpan1786" value="ⲛⲧⲟⲟⲩ"/>
		<feat xlink:href="#sSpan1788" value="ⲉⲓⲣⲉ"/>
		<feat xlink:href="#sSpan1790" value="ⲛ"/>
		<feat xlink:href="#sSpan1794" value="ⲛⲧⲟϥ"/>
		<feat xlink:href="#sSpan1796" value="."/>
		<feat xlink:href="#sSpan1800" value="ϫⲉⲕⲁⲁⲥ"/>
		<feat xlink:href="#sSpan1808" value="ⲉⲣⲉ_ⲛⲧⲟⲕ"/>
		<feat xlink:href="#sSpan1812" value="ⲉⲓⲙⲉ"/>
		<feat xlink:href="#sSpan1814" value="ϫⲉ"/>
		<feat xlink:href="#sSpan1818" value="ⲟⲩ"/>
		<feat xlink:href="#sSpan1821" value="ⲡ"/>
		<feat xlink:href="#sSpan1825" value="ⲉⲧⲉⲣⲉ"/>
		<feat xlink:href="#sSpan1827" value="ⲡ"/>
		<feat xlink:href="#sSpan1830" value="ⲉⲓⲱⲧ"/>
		<feat xlink:href="#sSpan1832" value="ⲉⲓⲣⲉ"/>
		<feat xlink:href="#sSpan1837" value="ⲛ"/>
		<feat xlink:href="#sSpan1841" value="ⲛⲧⲟϥ"/>
		<feat xlink:href="#sSpan1843" value="."/>
		<feat xlink:href="#sSpan1847" value="ⲉⲣⲉ"/>
		<feat xlink:href="#sSpan1852" value="ⲁ"/>
		<feat xlink:href="#sSpan1854" value="ⲛⲧⲟϥ"/>
		<feat xlink:href="#sSpan1856" value="ⲉⲓⲣⲉ"/>
		<feat xlink:href="#sSpan1859" value="ⲛⲧⲟϥ"/>
		<feat xlink:href="#sSpan1861" value="ⲛ"/>
		<feat xlink:href="#sSpan1865" value="ⲡ"/>
		<feat xlink:href="#sSpan1868" value="ⲛⲁⲩ"/>
		<feat xlink:href="#sSpan1870" value="ⲉⲧⲉⲣⲉ"/>
		<feat xlink:href="#sSpan1874" value="ⲙⲙⲁⲩ"/>
		<feat xlink:href="#sSpan1877" value="."/>
		<feat xlink:href="#sSpan1881" value="ⲛⲁϣⲉ"/>
		<feat xlink:href="#sSpan1888" value="ⲡⲉϥ"/>
		<feat xlink:href="#sSpan1892" value="ⲙⲛⲧϣⲁⲛϩⲧⲏϥ"/>
		<feat xlink:href="#sSpan1900" value="ⲅⲁⲣ"/>
		<feat xlink:href="#sSpan1905" value="ⲛ"/>
		<feat xlink:href="#sSpan1909" value="ⲛⲧⲉ"/>
		<feat xlink:href="#sSpan1911" value="ⲛⲧⲟϥ"/>
		<feat xlink:href="#sSpan1915" value="ⲛⲁ"/>
		<feat xlink:href="#sSpan1917" value="ⲧⲛⲛⲟⲟⲩ"/>
		<feat xlink:href="#sSpan1920" value="ⲉϩⲣⲁⲓ"/>
		<feat xlink:href="#sSpan1924" value="ⲉϫⲛ"/>
		<feat xlink:href="#sSpan1929" value="ⲛⲧⲟⲟⲩ"/>
		<feat xlink:href="#sSpan1931" value="ⲛ"/>
		<feat xlink:href="#sSpan1935" value="ⲡ"/>
		<feat xlink:href="#sSpan1939" value="ⲟⲣⲅⲏ"/>
		<feat xlink:href="#sSpan1942" value="ⲛ"/>
		<feat xlink:href="#sSpan1947" value="ⲁⲧⲧⲁⲗϭⲟ"/>
		<feat xlink:href="#sSpan1951" value="."/>
		<feat xlink:href="#sSpan1955" value="ϣⲁⲛⲧⲉ"/>
		<feat xlink:href="#sSpan1963" value="ⲡ"/>
		<feat xlink:href="#sSpan1966" value="ⲥⲙⲏ"/>
		<feat xlink:href="#sSpan1968" value="ⲛ"/>
		<feat xlink:href="#sSpan1972" value="ⲡⲉϥ"/>
		<feat xlink:href="#sSpan1976" value="ⲙⲟⲛⲟⲅⲉⲛⲏⲥ"/>
		<feat xlink:href="#sSpan1979" value="ⲧⲁϩⲟ"/>
		<feat xlink:href="#sSpan1984" value="ⲛⲧⲟϥ"/>
		<feat xlink:href="#sSpan1986" value="."/>
		<feat xlink:href="#sSpan1990" value="ⲛⲧⲉ"/>
		<feat xlink:href="#sSpan1994" value="ⲛⲧⲟϥ"/>
		<feat xlink:href="#sSpan1996" value="ⲧⲱϩⲙ"/>
		<feat xlink:href="#sSpan1999" value="ⲛ"/>
		<feat xlink:href="#sSpan2003" value="ⲡⲉϥ"/>
		<feat xlink:href="#sSpan2008" value="ⲙⲛⲧϣⲁⲛϩⲧⲏϥ"/>
		<feat xlink:href="#sSpan2015" value="."/>
		<feat xlink:href="#sSpan2019" value="ⲛⲧⲉ"/>
		<feat xlink:href="#sSpan2023" value="ⲛⲧⲟϥ"/>
		<feat xlink:href="#sSpan2025" value="ⲕⲧⲟ"/>
		<feat xlink:href="#sSpan2027" value="ⲡⲉϥ"/>
		<feat xlink:href="#sSpan2031" value="ⲟⲣⲅⲏ"/>
		<feat xlink:href="#sSpan2034" value="ⲙⲛ"/>
		<feat xlink:href="#sSpan2038" value="ⲡⲉϥ"/>
		<feat xlink:href="#sSpan2041" value="ϭⲱⲛⲧ"/>
		<feat xlink:href="#sSpan2043" value="ⲉ"/>
		<feat xlink:href="#sSpan2048" value="ⲡⲁϩⲟⲩ"/>
		<feat xlink:href="#sSpan2050" value="."/>
		<feat xlink:href="#sSpan2054" value="ⲁⲩⲱ"/>
		<feat xlink:href="#sSpan2061" value="ⲁ"/>
		<feat xlink:href="#sSpan2065" value="ⲛⲧⲟϥ"/>
		<feat xlink:href="#sSpan2067" value="ⲧⲛⲛⲟⲟⲩ"/>
		<feat xlink:href="#sSpan2070" value="ⲛ"/>
		<feat xlink:href="#sSpan2074" value="ⲟⲩ"/>
		<feat xlink:href="#sSpan2078" value="ⲁⲅⲅⲉⲗⲟⲥ"/>
		<feat xlink:href="#sSpan2081" value="ⲛ"/>
		<feat xlink:href="#sSpan2085" value="ϫⲱⲱⲣⲉ"/>
		<feat xlink:href="#sSpan2087" value="."/>
		<feat xlink:href="#sSpan2091" value="ⲁ"/>
		<feat xlink:href="#sSpan2096" value="ⲛⲧⲟϥ"/>
		<feat xlink:href="#sSpan2098" value="ⲡⲱϩ"/>
		<feat xlink:href="#sSpan2100" value="ⲛ"/>
		<feat xlink:href="#sSpan2104" value="ⲡ"/>
		<feat xlink:href="#sSpan2108" value="ⲕⲁⲧⲁⲡⲉⲧⲁⲥⲙⲁ"/>
		<feat xlink:href="#sSpan2111" value="ⲛ"/>
		<feat xlink:href="#sSpan2115" value="ⲡ"/>
		<feat xlink:href="#sSpan2118" value="ⲣⲡⲉ"/>
		<feat xlink:href="#sSpan2121" value="ⲁ"/>
		<feat xlink:href="#sSpan2125" value="ⲛⲧⲟϥ"/>
		<feat xlink:href="#sSpan2128" value="ⲣⲥⲛⲁⲩ"/>
		<feat xlink:href="#sSpan2131" value="."/>
		<feat xlink:href="#sSpan2135" value="ⲁ"/>
		<feat xlink:href="#sSpan2142" value="ⲡ"/>
		<feat xlink:href="#sSpan2145" value="ⲕⲁϩ"/>
		<feat xlink:href="#sSpan2148" value="ⲕⲓⲙ"/>
		<feat xlink:href="#sSpan2152" value="."/>
		<feat xlink:href="#sSpan2156" value="ⲁ"/>
		<feat xlink:href="#sSpan2160" value="ⲡ"/>
		<feat xlink:href="#sSpan2164" value="ⲡⲉⲧⲣⲁ"/>
		<feat xlink:href="#sSpan2167" value="ⲡⲱϩ"/>
		<feat xlink:href="#sSpan2171" value="."/>
		<feat xlink:href="#sSpan2175" value="ⲁ"/>
		<feat xlink:href="#sSpan2179" value="ⲡ"/>
		<feat xlink:href="#sSpan2182" value="ⲣⲏ"/>
		<feat xlink:href="#sSpan2185" value="ⲣⲕⲁⲕⲉ"/>
		<feat xlink:href="#sSpan2191" value="ⲡⲉⲓ"/>
		<feat xlink:href="#sSpan2196" value="ⲛⲟϭ"/>
		<feat xlink:href="#sSpan2198" value="ⲡ"/>
		<feat xlink:href="#sSpan2203" value="ⲣⲉϥⲣⲟⲩⲟⲉⲓⲛ"/>
		<feat xlink:href="#sSpan2208" value="."/>
		<feat xlink:href="#sSpan2212" value="ⲁ"/>
		<feat xlink:href="#sSpan2219" value="ⲡ"/>
		<feat xlink:href="#sSpan2222" value="ⲕⲁϩ"/>
		<feat xlink:href="#sSpan2225" value="ⲧⲏⲣ"/>
		<feat xlink:href="#sSpan2229" value="ⲛⲧⲟϥ"/>
		<feat xlink:href="#sSpan2232" value="ⲣⲕⲁⲕⲉ"/>
		<feat xlink:href="#sSpan2238" value="ϫⲉⲕⲁⲁⲥ"/>
		<feat xlink:href="#sSpan2242" value="ⲉⲣⲉ_ⲛⲧⲟϥ"/>
		<feat xlink:href="#sSpan2247" value="ⲥⲕⲩⲡⲁⲍⲉ"/>
		<feat xlink:href="#sSpan2250" value="ⲛ"/>
		<feat xlink:href="#sSpan2254" value="ⲡⲉϥ"/>
		<feat xlink:href="#sSpan2258" value="ⲥⲱⲙⲁ"/>
		<feat xlink:href="#sSpan2260" value="ⲉⲧⲉⲣⲉ"/>
		<feat xlink:href="#sSpan2265" value="ⲟⲩⲟⲡ"/>
		<feat xlink:href="#sSpan2267" value="ϩⲓϫⲛ"/>
		<feat xlink:href="#sSpan2271" value="ⲡ"/>
		<feat xlink:href="#sSpan2276" value="ⲥⲧⲁⲩⲣⲟⲥ"/>
		<feat xlink:href="#sSpan2278" value="."/>
		<feat xlink:href="#sSpan2282" value="ⲉⲃⲟⲗ"/>
		<feat xlink:href="#sSpan2287" value="ϫⲉ"/>
		<feat xlink:href="#sSpan2291" value="ⲁ"/>
		<feat xlink:href="#sSpan2294" value="ⲛⲧⲟⲟⲩ"/>
		<feat xlink:href="#sSpan2296" value="ⲕⲱ"/>
		<feat xlink:href="#sSpan2298" value="ⲛⲧⲟϥ"/>
		<feat xlink:href="#sSpan2300" value="ⲁϩⲏⲩ"/>
		<feat xlink:href="#sSpan2304" value="ⲛ"/>
		<feat xlink:href="#sSpan2309" value="ⲡⲉϥ"/>
		<feat xlink:href="#sSpan2312" value="ϩⲟⲓⲧⲉ"/>
		<feat xlink:href="#sSpan2314" value="ⲁ"/>
		<feat xlink:href="#sSpan2318" value="ⲛⲧⲟⲟⲩ"/>
		<feat xlink:href="#sSpan2320" value="ⲡⲱϣ"/>
		<feat xlink:href="#sSpan2323" value="ⲛⲧⲟⲟⲩ"/>
		<feat xlink:href="#sSpan2325" value="ⲉϫⲛ"/>
		<feat xlink:href="#sSpan2329" value="ⲛⲧⲟⲟⲩ"/>
		<feat xlink:href="#sSpan2331" value="."/>
		<feat xlink:href="#sSpan2335" value="ϭⲱϣⲧ"/>
		<feat xlink:href="#sSpan2347" value="ⲱ"/>
		<feat xlink:href="#sSpan2351" value="ⲛⲁ"/>
		<feat xlink:href="#sSpan2355" value="ⲙⲉⲣⲓⲧ"/>
		<feat xlink:href="#sSpan2359" value="ⲛⲧⲉ"/>
		<feat xlink:href="#sSpan2363" value="ⲛⲧⲱⲧⲛ"/>
		<feat xlink:href="#sSpan2365" value="ⲛⲁⲩ"/>
		<feat xlink:href="#sSpan2367" value="ⲉ"/>
		<feat xlink:href="#sSpan2371" value="ⲡ"/>
		<feat xlink:href="#sSpan2375" value="ⲙⲛⲧϣⲁⲛϩⲧⲏϥ"/>
		<feat xlink:href="#sSpan2382" value="ⲛ"/>
		<feat xlink:href="#sSpan2387" value="ⲡ"/>
		<feat xlink:href="#sSpan2390" value="ⲛⲟⲩⲧⲉ"/>
		<feat xlink:href="#sSpan2392" value="."/>
		<feat xlink:href="#sSpan2396" value="ⲡ"/>
		<feat xlink:href="#sSpan2401" value="ⲉⲧⲉⲣⲉ"/>
		<feat xlink:href="#sSpan2404" value="ϯϩⲃⲥⲱ"/>
		<feat xlink:href="#sSpan2408" value="ϩⲓ"/>
		<feat xlink:href="#sSpan2412" value="ⲛⲧⲟϥ"/>
		<feat xlink:href="#sSpan2414" value="ⲛ"/>
		<feat xlink:href="#sSpan2418" value="ⲡ"/>
		<feat xlink:href="#sSpan2421" value="ⲥⲱⲛⲧ"/>
		<feat xlink:href="#sSpan2424" value="ⲧⲏⲣ"/>
		<feat xlink:href="#sSpan2428" value="ⲛⲧⲟϥ"/>
		<feat xlink:href="#sSpan2430" value="."/>
		<feat xlink:href="#sSpan2434" value="ⲁ"/>
		<feat xlink:href="#sSpan2441" value="ⲛⲧⲟⲟⲩ"/>
		<feat xlink:href="#sSpan2443" value="ⲕⲱ"/>
		<feat xlink:href="#sSpan2446" value="ⲛⲧⲟϥ"/>
		<feat xlink:href="#sSpan2448" value="ⲁϩⲏⲩ"/>
		<feat xlink:href="#sSpan2452" value="ⲛ"/>
		<feat xlink:href="#sSpan2456" value="ⲡⲉϥ"/>
		<feat xlink:href="#sSpan2459" value="ϩⲟⲓⲧⲉ"/>
		<feat xlink:href="#sSpan2462" value="ϩⲓϫⲛ"/>
		<feat xlink:href="#sSpan2466" value="ⲡ"/>
		<feat xlink:href="#sSpan2470" value="ⲥⲧⲁⲩⲣⲟⲥ"/>
		<feat xlink:href="#sSpan2473" value="ⲁⲗⲗⲁ"/>
		<feat xlink:href="#sSpan2478" value="ⲡ"/>
		<feat xlink:href="#sSpan2483" value="ⲣⲏ"/>
		<feat xlink:href="#sSpan2485" value="ϩⲱⲃⲥ"/>
		<feat xlink:href="#sSpan2489" value="ⲛ"/>
		<feat xlink:href="#sSpan2493" value="ⲡⲉϥ"/>
		<feat xlink:href="#sSpan2497" value="ϫⲟⲉⲓⲥ"/>
		<feat xlink:href="#sSpan2499" value="ϩⲓⲧⲛ"/>
		<feat xlink:href="#sSpan2503" value="ⲡ"/>
		<feat xlink:href="#sSpan2507" value="ⲕⲁⲕⲉ"/>
		<feat xlink:href="#sSpan2509" value="ⲉⲧⲉⲣⲉ"/>
		<feat xlink:href="#sSpan2513" value="ⲁ"/>
		<feat xlink:href="#sSpan2515" value="ⲛⲧⲟϥ"/>
		<feat xlink:href="#sSpan2517" value="ϣⲱⲡⲉ"/>
		<feat xlink:href="#sSpan2520" value="."/>
		<feat xlink:href="#sSpan2524" value="ϫⲉ"/>
		<feat xlink:href="#sSpan2528" value="ⲛ"/>
		<feat xlink:href="#sSpan2530" value="ⲡⲉⲩ"/>
		<feat xlink:href="#sSpan2533" value="ⲛⲟϭ"/>
		<feat xlink:href="#sSpan2535" value="ⲛ"/>
		<feat xlink:href="#sSpan2541" value="ⲙⲩⲥⲧⲏⲣⲓⲟⲛ"/>
		<feat xlink:href="#sSpan2543" value="ⲉⲧⲉⲣⲉ"/>
		<feat xlink:href="#sSpan2548" value="ⲁ"/>
		<feat xlink:href="#sSpan2550" value="ⲛⲧⲟϥ"/>
		<feat xlink:href="#sSpan2552" value="ϣⲱⲡⲉ"/>
		<feat xlink:href="#sSpan2554" value="ϩⲓϫⲛ"/>
		<feat xlink:href="#sSpan2558" value="ⲡ"/>
		<feat xlink:href="#sSpan2563" value="ⲥⲧⲁⲩⲣⲟⲥ"/>
		<feat xlink:href="#sSpan2565" value="ⲉⲃⲟⲗ"/>
		<feat xlink:href="#sSpan2570" value="ϫⲉ"/>
		<feat xlink:href="#sSpan2574" value="ⲛⲧⲉ"/>
		<feat xlink:href="#sSpan2576" value="ⲛⲧⲟⲟⲩ"/>
		<feat xlink:href="#sSpan2579" value="ⲙⲡϣⲁ"/>
		<feat xlink:href="#sSpan2581" value="ⲛ"/>
		<feat xlink:href="#sSpan2585" value="ⲛⲧⲟϥ"/>
		<feat xlink:href="#sSpan2587" value="ⲁⲛ"/>
		<feat xlink:href="#sSpan2591" value="ⲡ"/>
		<feat xlink:href="#sSpan2600" value="ⲉⲧⲉⲣⲉ"/>
		<feat xlink:href="#sSpan2602" value="ⲁ"/>
		<feat xlink:href="#sSpan2604" value="ⲛⲧⲟϥ"/>
		<feat xlink:href="#sSpan2606" value="ⲙⲡϣⲁ"/>
		<feat xlink:href="#sSpan2609" value="ⲅⲁⲣ"/>
		<feat xlink:href="#sSpan2613" value="ⲁ"/>
		<feat xlink:href="#sSpan2618" value="ⲛⲧⲟϥ"/>
		<feat xlink:href="#sSpan2621" value="ⲑⲉⲱⲣⲉⲓ"/>
		<feat xlink:href="#sSpan2623" value="ⲛ"/>
		<feat xlink:href="#sSpan2627" value="ⲡ"/>
		<feat xlink:href="#sSpan2630" value="ϫⲱⲕ"/>
		<feat xlink:href="#sSpan2632" value="ⲧⲏⲣ"/>
		<feat xlink:href="#sSpan2637" value="ⲛⲧⲟϥ"/>
		<feat xlink:href="#sSpan2639" value="ⲛ"/>
		<feat xlink:href="#sSpan2643" value="ⲡⲉϥ"/>
		<feat xlink:href="#sSpan2647" value="ⲙⲛⲧⲛⲟⲩⲧⲉ"/>
		<feat xlink:href="#sSpan2651" value="."/>
		<feat xlink:href="#sSpan2655" value="ⲛ"/>
		<feat xlink:href="#sSpan2659" value="ⲡ"/>
		<feat xlink:href="#sSpan2662" value="ⲛⲁⲩ"/>
		<feat xlink:href="#sSpan2664" value="ⲉⲧⲉⲣⲉ"/>
		<feat xlink:href="#sSpan2668" value="ⲙⲙⲁⲩ"/>
		<feat xlink:href="#sSpan2671" value="."/>
		<feat xlink:href="#sSpan2675" value="ⲛⲓⲙ"/>
		<feat xlink:href="#sSpan2683" value="ϭⲉ"/>
		<feat xlink:href="#sSpan2687" value="ⲡ"/>
		<feat xlink:href="#sSpan2691" value="ⲉⲧⲉⲣⲉ"/>
		<feat xlink:href="#sSpan2694" value="ⲁ"/>
		<feat xlink:href="#sSpan2696" value="ⲛⲧⲟϥ"/>
		<feat xlink:href="#sSpan2698" value="ⲙⲡϣⲁ"/>
		<feat xlink:href="#sSpan2700" value="ⲛ"/>
		<feat xlink:href="#sSpan2704" value="ⲡⲉⲓ"/>
		<feat xlink:href="#sSpan2706" value="ⲛⲟϭ"/>
		<feat xlink:href="#sSpan2709" value="ⲛ"/>
		<feat xlink:href="#sSpan2713" value="ⲧⲁⲓⲟ"/>
		<feat xlink:href="#sSpan2715" value="."/>
		<feat xlink:href="#sSpan2719" value="ⲙⲁⲣⲉ"/>
		<feat xlink:href="#sSpan2723" value="ⲁⲛⲟⲛ"/>
		<feat xlink:href="#sSpan2725" value="ⲉⲓⲙⲉ"/>
		<feat xlink:href="#sSpan2728" value="ⲉ"/>
		<feat xlink:href="#sSpan2732" value="ⲛⲧⲟϥ"/>
		<feat xlink:href="#sSpan2734" value="."/>
		<feat xlink:href="#sSpan2738" value="ⲡ"/>
		<feat xlink:href="#sSpan2747" value="ⲗⲏⲥⲧⲏⲥ"/>
		<feat xlink:href="#sSpan2750" value="ⲡⲉ"/>
		<feat xlink:href="#sSpan2754" value="ⲉⲣⲉ"/>
		<feat xlink:href="#sSpan2758" value="ⲛⲧⲟϥ"/>
		<feat xlink:href="#sSpan2760" value="ⲧⲁⲗⲟ"/>
		<feat xlink:href="#sSpan2762" value="ⲉ"/>
		<feat xlink:href="#sSpan2767" value="ⲡ"/>
		<feat xlink:href="#sSpan2770" value="ϫⲓⲥⲉ"/>
		<feat xlink:href="#sSpan2772" value="ⲛ"/>
		<feat xlink:href="#sSpan2776" value="ⲡ"/>
		<feat xlink:href="#sSpan2780" value="ⲥⲧⲁⲩⲣⲟⲥ"/>
		<feat xlink:href="#sSpan2782" value="ⲁ"/>
		<feat xlink:href="#sSpan2787" value="ⲛⲧⲟϥ"/>
		<feat xlink:href="#sSpan2789" value="ⲛⲁⲩ"/>
		<feat xlink:href="#sSpan2791" value="ⲉ"/>
		<feat xlink:href="#sSpan2795" value="ϩⲱⲃ"/>
		<feat xlink:href="#sSpan2799" value="ⲛⲓⲙ"/>
		<feat xlink:href="#sSpan2803" value="ⲉⲧⲉⲣⲉ"/>
		<feat xlink:href="#sSpan2808" value="ⲁ"/>
		<feat xlink:href="#sSpan2810" value="ⲛⲧⲟⲟⲩ"/>
		<feat xlink:href="#sSpan2812" value="ϣⲱⲡⲉ"/>
		<feat xlink:href="#sSpan2814" value="."/>
		<feat xlink:href="#sSpan2818" value="ⲁⲩⲱ"/>
		<feat xlink:href="#sSpan2822" value="ⲁ"/>
		<feat xlink:href="#sSpan2827" value="ⲛⲧⲟϥ"/>
		<feat xlink:href="#sSpan2829" value="ⲧⲉⲗⲏⲗ"/>
		<feat xlink:href="#sSpan2831" value="ϫⲉ"/>
		<feat xlink:href="#sSpan2835" value="ⲁ"/>
		<feat xlink:href="#sSpan2837" value="ⲛⲧⲟϥ"/>
		<feat xlink:href="#sSpan2839" value="ⲛⲁⲩ"/>
		<feat xlink:href="#sSpan2841" value="ⲉ"/>
		<feat xlink:href="#sSpan2846" value="ⲛⲧⲟⲟⲩ"/>
		<feat xlink:href="#sSpan2848" value="."/>
		<feat xlink:href="#sSpan2852" value="ⲟⲩ"/>
		<feat xlink:href="#sSpan2859" value="ⲡⲉ"/>
		<feat xlink:href="#sSpan2863" value="ⲉⲧⲉⲣⲉ"/>
		<feat xlink:href="#sSpan2867" value="ⲁ"/>
		<feat xlink:href="#sSpan2869" value="ⲛⲧⲟϥ"/>
		<feat xlink:href="#sSpan2871" value="ⲛⲁⲩ"/>
		<feat xlink:href="#sSpan2874" value="ⲉ"/>
		<feat xlink:href="#sSpan2878" value="ⲛⲧⲟϥ"/>
		<feat xlink:href="#sSpan2880" value="."/>
		<feat xlink:href="#sSpan2885" value="ⲉⲓⲙⲏⲧⲓ"/>
		<feat xlink:href="#sSpan2889" value="ⲡ"/>
		<feat xlink:href="#sSpan2896" value="ⲥⲧⲣⲁⲧⲓⲁ"/>
		<feat xlink:href="#sSpan2898" value="ⲛ"/>
		<feat xlink:href="#sSpan2902" value="ⲡ"/>
		<feat xlink:href="#sSpan2906" value="ⲁⲅⲅⲉⲗⲟⲥ"/>
		<feat xlink:href="#sSpan2909" value="ⲉⲣⲉ"/>
		<feat xlink:href="#sSpan2913" value="ⲛⲧⲟⲟⲩ"/>
		<feat xlink:href="#sSpan2915" value="ⲕⲱⲧⲉ"/>
		<feat xlink:href="#sSpan2917" value="ⲉ"/>
		<feat xlink:href="#sSpan2921" value="ⲡ"/>
		<feat xlink:href="#sSpan2925" value="ⲥⲧⲁⲩⲣⲟⲥ"/>
		<feat xlink:href="#sSpan2928" value="ⲉⲣⲉ"/>
		<feat xlink:href="#sSpan2932" value="ⲛⲧⲟⲟⲩ"/>
		<feat xlink:href="#sSpan2935" value="ϩⲩⲙⲛⲉⲩⲉ"/>
		<feat xlink:href="#sSpan2937" value="ⲉ"/>
		<feat xlink:href="#sSpan2943" value="ⲛⲧⲟϥ"/>
		<feat xlink:href="#sSpan2945" value="."/>
		<feat xlink:href="#sSpan2949" value="ⲡ"/>
		<feat xlink:href="#sSpan2957" value="ⲉⲓⲱⲧ"/>
		<feat xlink:href="#sSpan2959" value="ϭⲱϣⲧ"/>
		<feat xlink:href="#sSpan2963" value="ⲉⲃⲟⲗ"/>
		<feat xlink:href="#sSpan2969" value="ϩⲛ"/>
		<feat xlink:href="#sSpan2973" value="ⲡ"/>
		<feat xlink:href="#sSpan2976" value="ⲡⲉ"/>
		<feat xlink:href="#sSpan2978" value="."/>
		<feat xlink:href="#sSpan2982" value="ⲉⲣⲉ"/>
		<feat xlink:href="#sSpan2986" value="ⲛⲧⲟϥ"/>
		<feat xlink:href="#sSpan2989" value="ⲑⲉⲱⲣⲉⲓ"/>
		<feat xlink:href="#sSpan2992" value="ⲛ"/>
		<feat xlink:href="#sSpan2996" value="ⲡⲉϥ"/>
		<feat xlink:href="#sSpan2999" value="ϣⲏⲣⲉ"/>
		<feat xlink:href="#sSpan3001" value="ⲡⲉϥ"/>
		<feat xlink:href="#sSpan3007" value="ⲙⲟⲛⲟⲅⲉⲛⲏⲥ"/>
		<feat xlink:href="#sSpan3009" value="."/>
		<feat xlink:href="#sSpan3013" value="ⲁⲩⲱ"/>
		<feat xlink:href="#sSpan3018" value="ⲉⲣⲉ"/>
		<feat xlink:href="#sSpan3022" value="ⲛⲧⲟϥ"/>
		<feat xlink:href="#sSpan3025" value="ϯⲉⲟⲟⲩ"/>
		<feat xlink:href="#sSpan3028" value="ⲛⲁ"/>
		<feat xlink:href="#sSpan3032" value="ⲛⲧⲟϥ"/>
		<feat xlink:href="#sSpan3034" value="ⲡ"/>
		<feat xlink:href="#sSpan3044" value="ⲁⲏⲣ"/>
		<feat xlink:href="#sSpan3046" value="ⲧⲏⲣ"/>
		<feat xlink:href="#sSpan3050" value="ⲛⲧⲟϥ"/>
		<feat xlink:href="#sSpan3053" value="ⲭⲟⲣⲉⲩⲉ"/>
		<feat xlink:href="#sSpan3057" value="ⲡ"/>
		<feat xlink:href="#sSpan3063" value="ⲕⲁϩ"/>
		<feat xlink:href="#sSpan3065" value="ⲧⲏⲣ"/>
		<feat xlink:href="#sSpan3069" value="ⲛⲧⲟϥ"/>
		<feat xlink:href="#sSpan3071" value="ⲉ"/>
		<feat xlink:href="#sSpan3075" value="ϣⲗⲟⲩⲗⲁⲓ"/>
		<feat xlink:href="#sSpan3080" value="ⲉⲃⲟⲗ"/>
		<feat xlink:href="#sSpan3084" value="ϫⲉ"/>
		<feat xlink:href="#sSpan3088" value="ⲁ"/>
		<feat xlink:href="#sSpan3090" value="ⲡⲉϥ"/>
		<feat xlink:href="#sSpan3093" value="ⲣⲣⲟ"/>
		<feat xlink:href="#sSpan3096" value="ⲡⲱϩⲧ"/>
		<feat xlink:href="#sSpan3100" value="ⲛ"/>
		<feat xlink:href="#sSpan3104" value="ⲡⲉϥ"/>
		<feat xlink:href="#sSpan3107" value="ⲥⲛⲟϥ"/>
		<feat xlink:href="#sSpan3110" value="ⲉⲃⲟⲗ"/>
		<feat xlink:href="#sSpan3114" value="ϩⲓϫⲛ"/>
		<feat xlink:href="#sSpan3118" value="ⲛⲧⲟϥ"/>
		<feat xlink:href="#sSpan3120" value="."/>
		<feat xlink:href="#sSpan3124" value="ⲡ"/>
		<feat xlink:href="#sSpan3133" value="ϣⲏⲛ"/>
		<feat xlink:href="#sSpan3135" value="ⲧⲏⲣ"/>
		<feat xlink:href="#sSpan3139" value="ⲟⲩ"/>
		<feat xlink:href="#sSpan3142" value="ⲧⲁⲩⲉϩⲣⲏⲣⲉ"/>
		<feat xlink:href="#sSpan3149" value="ⲉⲃⲟⲗ"/>
		<feat xlink:href="#sSpan3153" value="."/>
		<feat xlink:href="#sSpan3157" value="ϫⲉ"/>
		<feat xlink:href="#sSpan3161" value="ⲡ"/>
		<feat xlink:href="#sSpan3164" value="ϫⲟⲉⲓⲥ"/>
		<feat xlink:href="#sSpan3167" value="ⲉⲓϣⲉ"/>
		<feat xlink:href="#sSpan3171" value="ⲉϫⲛ"/>
		<feat xlink:href="#sSpan3175" value="ⲡ"/>
		<feat xlink:href="#sSpan3178" value="ϣⲉ"/>
		<feat xlink:href="#sSpan3180" value="ⲛ"/>
		<feat xlink:href="#sSpan3185" value="ⲡ"/>
		<feat xlink:href="#sSpan3189" value="ⲥⲧⲁⲩⲣⲟⲥ"/>
		<feat xlink:href="#sSpan3191" value="."/>
		<feat xlink:href="#sSpan3195" value="ⲡ"/>
		<feat xlink:href="#sSpan3205" value="ϣⲉ"/>
		<feat xlink:href="#sSpan3207" value="ⲛ"/>
		<feat xlink:href="#sSpan3211" value="ⲡ"/>
		<feat xlink:href="#sSpan3215" value="ⲁⲫⲑⲁⲣⲥⲓⲁ"/>
		<feat xlink:href="#sSpan3217" value="."/>
		<feat xlink:href="#sSpan3221" value="ⲡ"/>
		<feat xlink:href="#sSpan3230" value="ϣⲉ"/>
		<feat xlink:href="#sSpan3232" value="ⲛ"/>
		<feat xlink:href="#sSpan3237" value="ⲕⲁⲛⲟⲃⲉ"/>
		<feat xlink:href="#sSpan3241" value="ⲉⲃⲟⲗ"/>
		<feat xlink:href="#sSpan3245" value="."/>
		<feat xlink:href="#sSpan3249" value="ⲡ"/>
		<feat xlink:href="#sSpan3258" value="ϣⲉ"/>
		<feat xlink:href="#sSpan3260" value="ⲛ"/>
		<feat xlink:href="#sSpan3265" value="ⲣⲉϥⲧⲁⲗϭⲟ"/>
		<feat xlink:href="#sSpan3269" value="."/>
		<feat xlink:href="#sSpan3273" value="ⲡ"/>
		<feat xlink:href="#sSpan3282" value="ϣⲉ"/>
		<feat xlink:href="#sSpan3284" value="ⲛ"/>
		<feat xlink:href="#sSpan3289" value="ⲣⲉϥϯⲱⲛϩ"/>
		<feat xlink:href="#sSpan3294" value="."/>
		<feat xlink:href="#sSpan3298" value="ⲡ"/>
		<feat xlink:href="#sSpan3307" value="ϣⲉ"/>
		<feat xlink:href="#sSpan3309" value="ⲛ"/>
		<feat xlink:href="#sSpan3314" value="ⲣⲉϥϯⲕⲁⲣⲡⲟⲥ"/>
		<feat xlink:href="#sSpan3320" value="."/>
		<feat xlink:href="#sSpan3324" value="ⲡ"/>
		<feat xlink:href="#sSpan3333" value="ϣⲉ"/>
		<feat xlink:href="#sSpan3335" value="ⲛ"/>
		<feat xlink:href="#sSpan3339" value="ⲡ"/>
		<feat xlink:href="#sSpan3342" value="ⲙⲧⲟⲛ"/>
		<feat xlink:href="#sSpan3344" value="."/>
		<feat xlink:href="#sSpan3348" value="ⲡ"/>
		<feat xlink:href="#sSpan3357" value="ϣⲉ"/>
		<feat xlink:href="#sSpan3359" value="ⲛ"/>
		<feat xlink:href="#sSpan3363" value="ⲡ"/>
		<feat xlink:href="#sSpan3366" value="ⲟⲩⲛⲟϥ"/>
		<feat xlink:href="#sSpan3368" value="."/>
		<feat xlink:href="#sSpan3372" value="ⲡ"/>
		<feat xlink:href="#sSpan3381" value="ϣⲉ"/>
		<feat xlink:href="#sSpan3383" value="ⲛ"/>
		<feat xlink:href="#sSpan3387" value="ⲡ"/>
		<feat xlink:href="#sSpan3390" value="ⲣⲁϣⲉ"/>
		<feat xlink:href="#sSpan3392" value="."/>
		<feat xlink:href="#sSpan3396" value="ⲡ"/>
		<feat xlink:href="#sSpan3405" value="ϣⲉ"/>
		<feat xlink:href="#sSpan3407" value="ⲛ"/>
		<feat xlink:href="#sSpan3411" value="ⲡ"/>
		<feat xlink:href="#sSpan3414" value="ⲟⲩϫⲁⲓ"/>
		<feat xlink:href="#sSpan3416" value="."/>
		<feat xlink:href="#sSpan3420" value="ⲡ"/>
		<feat xlink:href="#sSpan3429" value="ϣⲉ"/>
		<feat xlink:href="#sSpan3431" value="ⲛ"/>
		<feat xlink:href="#sSpan3435" value="ⲡ"/>
		<feat xlink:href="#sSpan3438" value="ⲥⲙⲟⲩ"/>
		<feat xlink:href="#sSpan3440" value="."/>
		<feat xlink:href="#sSpan3444" value="ⲡ"/>
		<feat xlink:href="#sSpan3453" value="ϣⲉ"/>
		<feat xlink:href="#sSpan3455" value="ⲛ"/>
		<feat xlink:href="#sSpan3459" value="ⲡ"/>
		<feat xlink:href="#sSpan3462" value="ⲱⲛϩ"/>
		<feat xlink:href="#sSpan3464" value="."/>
		<feat xlink:href="#sSpan3468" value="ⲡ"/>
		<feat xlink:href="#sSpan3477" value="ϣⲉ"/>
		<feat xlink:href="#sSpan3479" value="ⲛ"/>
		<feat xlink:href="#sSpan3483" value="ⲡ"/>
		<feat xlink:href="#sSpan3487" value="ⲭⲁⲣⲓⲥ"/>
		<feat xlink:href="#sSpan3489" value="ⲛ"/>
		<feat xlink:href="#sSpan3493" value="ⲡⲉⲛ"/>
		<feat xlink:href="#sSpan3496" value="ϫⲟⲉⲓⲥ"/>
		<feat xlink:href="#sSpan3500" value="ⲓⲏⲥⲟⲩⲥ"/>
		<feat xlink:href="#sSpan3504" value="ⲡ"/>
		<feat xlink:href="#sSpan3509" value="ⲭⲣⲓⲥⲧⲟⲥ"/>
		<feat xlink:href="#sSpan3511" value="."/>
		<feat xlink:href="#sSpan3515" value="ⲡ"/>
		<feat xlink:href="#sSpan3524" value="ⲉⲧⲉⲣⲉ"/>
		<feat xlink:href="#sSpan3526" value="ⲁ"/>
		<feat xlink:href="#sSpan3528" value="ⲛⲧⲟⲟⲩ"/>
		<feat xlink:href="#sSpan3530" value="ⲉⲓϣⲉ"/>
		<feat xlink:href="#sSpan3532" value="ⲛⲧⲟϥ"/>
		<feat xlink:href="#sSpan3534" value="ϩⲓϫⲛ"/>
		<feat xlink:href="#sSpan3539" value="ⲡ"/>
		<feat xlink:href="#sSpan3542" value="ϣⲉ"/>
		<feat xlink:href="#sSpan3544" value="ⲛ"/>
		<feat xlink:href="#sSpan3548" value="ⲡ"/>
		<feat xlink:href="#sSpan3552" value="ⲥⲧⲁⲩⲣⲟⲥ"/>
		<feat xlink:href="#sSpan3554" value="."/>
		<feat xlink:href="#sSpan3558" value="ⲁ"/>
		<feat xlink:href="#sSpan3567" value="ⲁⲛⲟⲕ"/>
		<feat xlink:href="#sSpan3569" value="ⲛⲁⲩ"/>
		<feat xlink:href="#sSpan3571" value="ⲉ"/>
		<feat xlink:href="#sSpan3575" value="ⲡ"/>
		<feat xlink:href="#sSpan3578" value="ⲥⲱⲛⲧ"/>
		<feat xlink:href="#sSpan3580" value="ⲧⲏⲣ"/>
		<feat xlink:href="#sSpan3585" value="ⲛⲧⲟϥ"/>
		<feat xlink:href="#sSpan3587" value="ⲉⲣⲉ"/>
		<feat xlink:href="#sSpan3591" value="ⲛⲧⲟϥ"/>
		<feat xlink:href="#sSpan3593" value="ⲧⲁϩⲟ"/>
		<feat xlink:href="#sSpan3595" value="ⲉⲣⲁⲧ"/>
		<feat xlink:href="#sSpan3599" value="ⲛⲧⲟϥ"/>
		<feat xlink:href="#sSpan3601" value="ⲁⲩⲱ"/>
		<feat xlink:href="#sSpan3606" value="ⲉⲣⲉ"/>
		<feat xlink:href="#sSpan3610" value="ⲛⲧⲟϥ"/>
		<feat xlink:href="#sSpan3612" value="ⲥⲙⲓⲛⲉ"/>
		<feat xlink:href="#sSpan3614" value="ϩⲛ"/>
		<feat xlink:href="#sSpan3618" value="ⲡ"/>
		<feat xlink:href="#sSpan3623" value="ⲡⲣⲟⲥⲱⲡⲟⲛ"/>
		<feat xlink:href="#sSpan3625" value="ⲛ"/>
		<feat xlink:href="#sSpan3629" value="ⲡ"/>
		<feat xlink:href="#sSpan3634" value="ⲥⲧⲁⲩⲣⲟⲥ"/>
		<feat xlink:href="#sSpan3636" value="."/>
		<feat xlink:href="#sSpan3640" value="ⲡ"/>
		<feat xlink:href="#sSpan3649" value="ⲉⲧⲉⲣⲉ"/>
		<feat xlink:href="#sSpan3651" value="ϣⲁⲣⲉ"/>
		<feat xlink:href="#sSpan3653" value="ⲛⲧⲟϥ"/>
		<feat xlink:href="#sSpan3655" value="ⲉⲓⲣⲉ"/>
		<feat xlink:href="#sSpan3658" value="ⲡ"/>
		<feat xlink:href="#sSpan3661" value="ⲣⲱⲙⲉ"/>
		<feat xlink:href="#sSpan3663" value="ⲛ"/>
		<feat xlink:href="#sSpan3667" value="ⲃⲣⲣⲉ"/>
		<feat xlink:href="#sSpan3669" value="ⲛ"/>
		<feat xlink:href="#sSpan3673" value="ⲕⲉ"/>
		<feat xlink:href="#sSpan3680" value="ⲥⲟⲡ"/>
		<feat xlink:href="#sSpan3682" value="."/>
		<feat xlink:href="#sSpan3686" value="ⲙⲛⲛⲥⲁ"/>
		<feat xlink:href="#sSpan3690" value="ⲛⲧⲉ"/>
		<feat xlink:href="#sSpan3692" value="ⲛⲧⲟⲟⲩ"/>
		<feat xlink:href="#sSpan3696" value="ⲣⲁⲥ"/>
		<feat xlink:href="#sSpan3699" value="."/>
		<feat xlink:href="#sSpan3703" value="ϣⲁⲣⲉ"/>
		<feat xlink:href="#sSpan3707" value="ⲛⲧⲟⲟⲩ"/>
		<feat xlink:href="#sSpan3710" value="ϯⲙⲁⲉⲓⲛ"/>
		<feat xlink:href="#sSpan3714" value="ⲉ"/>
		<feat xlink:href="#sSpan3718" value="ⲛⲧⲟϥ"/>
		<feat xlink:href="#sSpan3720" value="ϩⲓⲧⲛ"/>
		<feat xlink:href="#sSpan3724" value="ⲡ"/>
		<feat xlink:href="#sSpan3729" value="ⲃⲁⲡⲧⲓⲥⲙⲁ"/>
		<feat xlink:href="#sSpan3731" value="ⲉⲧⲉⲣⲉ"/>
		<feat xlink:href="#sSpan3735" value="ⲟⲩⲟⲡ"/>
		<feat xlink:href="#sSpan3738" value="."/>
		<feat xlink:href="#sSpan3742" value="ⲉⲣⲉ"/>
		<feat xlink:href="#sSpan3746" value="ϣⲁⲣⲉ"/>
		<feat xlink:href="#sSpan3748" value="ⲛⲧⲟⲟⲩ"/>
		<feat xlink:href="#sSpan3750" value="ⲉⲓⲣⲉ"/>
		<feat xlink:href="#sSpan3752" value="ⲛⲧⲟϥ"/>
		<feat xlink:href="#sSpan3754" value="ϩⲛ"/>
		<feat xlink:href="#sSpan3758" value="ⲡ"/>
		<feat xlink:href="#sSpan3762" value="ⲛⲉϩ"/>
		<feat xlink:href="#sSpan3764" value="ⲙⲛ"/>
		<feat xlink:href="#sSpan3768" value="ⲡ"/>
		<feat xlink:href="#sSpan3772" value="ⲥⲫⲣⲁⲅⲓⲥ"/>
		<feat xlink:href="#sSpan3775" value="ⲛ"/>
		<feat xlink:href="#sSpan3779" value="ⲡ"/>
		<feat xlink:href="#sSpan3783" value="ⲭⲣⲓⲥⲧⲟⲥ"/>
		<feat xlink:href="#sSpan3785" value="."/>
		<feat xlink:href="#sSpan3789" value="ⲡ"/>
		<feat xlink:href="#sSpan3799" value="ⲥⲧⲁⲩⲣⲟⲥ"/>
		<feat xlink:href="#sSpan3801" value="ⲡⲉ"/>
		<feat xlink:href="#sSpan3805" value="ϣⲁⲣⲉ"/>
		<feat xlink:href="#sSpan3809" value="ⲛⲧⲟϥ"/>
		<feat xlink:href="#sSpan3812" value="ⲕⲁⲑⲁⲣⲓⲍⲉ"/>
		<feat xlink:href="#sSpan3815" value="ⲛ"/>
		<feat xlink:href="#sSpan3819" value="ⲡ"/>
		<feat xlink:href="#sSpan3822" value="ⲣⲱⲙⲉ"/>
		<feat xlink:href="#sSpan3824" value="ⲛⲧⲉ"/>
		<feat xlink:href="#sSpan3829" value="ⲛⲧⲟϥ"/>
		<feat xlink:href="#sSpan3831" value="ⲡⲱⲧ"/>
		<feat xlink:href="#sSpan3834" value="ⲛⲥⲁ"/>
		<feat xlink:href="#sSpan3838" value="ⲡ"/>
		<feat xlink:href="#sSpan3842" value="ⲉⲛⲉⲣⲅⲉⲓⲁ"/>
		<feat xlink:href="#sSpan3845" value="ⲛⲧⲉ"/>
		<feat xlink:href="#sSpan3849" value="ⲛⲧⲟϥ"/>
		<feat xlink:href="#sSpan3851" value="ⲛⲁ"/>
		<feat xlink:href="#sSpan3853" value="ϫⲟ"/>
		<feat xlink:href="#sSpan3855" value="ⲛⲧⲟⲟⲩ"/>
		<feat xlink:href="#sSpan3857" value="ⲉⲃⲟⲗ"/>
		<feat xlink:href="#sSpan3862" value="ϩⲛ"/>
		<feat xlink:href="#sSpan3866" value="ⲛⲧⲟϥ"/>
		<feat xlink:href="#sSpan3868" value="."/>
		<feat xlink:href="#sSpan3872" value="ⲡ"/>
		<feat xlink:href="#sSpan3882" value="ⲥⲧⲁⲩⲣⲟⲥ"/>
		<feat xlink:href="#sSpan3884" value="ⲡⲉ"/>
		<feat xlink:href="#sSpan3888" value="ⲡ"/>
		<feat xlink:href="#sSpan3894" value="ⲙⲩⲥⲧⲏⲣⲓⲟⲛ"/>
		<feat xlink:href="#sSpan3897" value="ⲉⲧⲉⲣⲉ"/>
		<feat xlink:href="#sSpan3901" value="ⲟⲩⲟⲡ"/>
		<feat xlink:href="#sSpan3904" value="ϩⲟⲧⲁⲛ"/>
		<feat xlink:href="#sSpan3913" value="ⲅⲁⲣ"/>
		<feat xlink:href="#sSpan3917" value="ⲉⲣϣⲁⲛ_ⲛⲧⲟⲟⲩ"/>
		<feat xlink:href="#sSpan3922" value="ⲥⲫⲣⲁⲅⲓⲍⲉ"/>
		<feat xlink:href="#sSpan3925" value="ⲛ"/>
		<feat xlink:href="#sSpan3929" value="ⲡ"/>
		<feat xlink:href="#sSpan3932" value="ⲟⲉⲓⲕ"/>
		<feat xlink:href="#sSpan3934" value="ⲙⲛ"/>
		<feat xlink:href="#sSpan3939" value="ⲡ"/>
		<feat xlink:href="#sSpan3943" value="ⲡⲟⲧⲏⲣⲓⲟⲛ"/>
		<feat xlink:href="#sSpan3945" value="ϩⲓϫⲛ"/>
		<feat xlink:href="#sSpan3950" value="ⲡ"/>
		<feat xlink:href="#sSpan3954" value="ⲧⲣⲁⲡⲉⲍⲁ"/>
		<feat xlink:href="#sSpan3956" value="ⲉⲧⲉⲣⲉ"/>
		<feat xlink:href="#sSpan3961" value="ⲟⲩⲟⲡ"/>
		<feat xlink:href="#sSpan3963" value="."/>
		<feat xlink:href="#sSpan3967" value="ⲁⲩⲱ"/>
		<feat xlink:href="#sSpan3971" value="ⲛⲧⲉ"/>
		<feat xlink:href="#sSpan3975" value="ⲛⲧⲟⲟⲩ"/>
		<feat xlink:href="#sSpan3978" value="ⲉⲡⲓⲧⲉⲗⲉⲓ"/>
		<feat xlink:href="#sSpan3981" value="ⲉϫⲛ"/>
		<feat xlink:href="#sSpan3985" value="ⲛⲧⲟⲟⲩ"/>
		<feat xlink:href="#sSpan3988" value="ⲟⲩⲕ"/>
		<feat xlink:href="#sSpan3994" value="ⲉⲧⲓ"/>
		<feat xlink:href="#sSpan3998" value="ⲛ"/>
		<feat xlink:href="#sSpan4002" value="ⲟⲩ"/>
		<feat xlink:href="#sSpan4005" value="ⲟⲉⲓⲕ"/>
		<feat xlink:href="#sSpan4007" value="ⲁⲛ"/>
		<feat xlink:href="#sSpan4012" value="ⲡⲉ"/>
		<feat xlink:href="#sSpan4016" value="."/>
		<feat xlink:href="#sSpan4020" value="ⲙⲛ"/>
		<feat xlink:href="#sSpan4024" value="ⲟⲩ"/>
		<feat xlink:href="#sSpan4027" value="ⲏⲣⲡ"/>
		<feat xlink:href="#sSpan4029" value="ⲛ"/>
		<feat xlink:href="#sSpan4034" value="ⲕⲉ"/>
		<feat xlink:href="#sSpan4037" value="ⲥⲟⲡ"/>
		<feat xlink:href="#sSpan4039" value="."/>
		<feat xlink:href="#sSpan4044" value="ⲁⲗⲗⲁ"/>
		<feat xlink:href="#sSpan4048" value="ⲟⲩ"/>
		<feat xlink:href="#sSpan4054" value="ⲥⲱⲙⲁ"/>
		<feat xlink:href="#sSpan4057" value="ⲡⲉ"/>
		<feat xlink:href="#sSpan4061" value="ⲙⲛ"/>
		<feat xlink:href="#sSpan4065" value="ⲟⲩ"/>
		<feat xlink:href="#sSpan4068" value="ⲥⲛⲟϥ"/>
		<feat xlink:href="#sSpan4071" value="ⲉⲣⲉ"/>
		<feat xlink:href="#sSpan4075" value="ⲛⲧⲟϥ"/>
		<feat xlink:href="#sSpan4077" value="ⲟⲩⲟⲡ"/>
		<feat xlink:href="#sSpan4079" value="."/>
		<feat xlink:href="#sSpan4083" value="ⲡ"/>
		<feat xlink:href="#sSpan4093" value="ⲥⲧⲁⲩⲣⲟⲥ"/>
		<feat xlink:href="#sSpan4095" value="ⲡⲉ"/>
		<feat xlink:href="#sSpan4099" value="ⲥⲟⲗⲥⲗ"/>
		<feat xlink:href="#sSpan4104" value="ⲛ"/>
		<feat xlink:href="#sSpan4109" value="ⲡ"/>
		<feat xlink:href="#sSpan4112" value="ⲉⲧⲉⲣⲉ"/>
		<feat xlink:href="#sSpan4114" value="ϩⲛ"/>
		<feat xlink:href="#sSpan4116" value="ⲟⲩ"/>
		<feat xlink:href="#sSpan4119" value="ⲗⲩⲡⲏ"/>
		<feat xlink:href="#sSpan4122" value="ⲉⲧⲃⲉ"/>
		<feat xlink:href="#sSpan4126" value="ⲡⲉⲩ"/>
		<feat xlink:href="#sSpan4129" value="ⲛⲟⲃⲉ"/>
		<feat xlink:href="#sSpan4131" value="."/>
		<feat xlink:href="#sSpan4135" value="ⲡ"/>
		<feat xlink:href="#sSpan4145" value="ⲥⲧⲁⲩⲣⲟⲥ"/>
		<feat xlink:href="#sSpan4147" value="ⲡⲉ"/>
		<feat xlink:href="#sSpan4151" value="ⲡ"/>
		<feat xlink:href="#sSpan4156" value="ϩⲓⲏ"/>
		<feat xlink:href="#sSpan4158" value="ⲉⲧⲉⲣⲉ"/>
		<feat xlink:href="#sSpan4162" value="ⲥⲟⲟⲩⲧⲛ"/>
		<feat xlink:href="#sSpan4165" value="."/>
		<feat xlink:href="#sSpan4170" value="ϩⲟⲧⲁⲛ"/>
		<feat xlink:href="#sSpan4174" value="ⲉⲣϣⲁⲛ_ⲛⲧⲟⲟⲩ"/>
		<feat xlink:href="#sSpan4180" value="ⲣϣⲙⲙⲟ"/>
		<feat xlink:href="#sSpan4183" value="ⲙⲉⲣⲉ"/>
		<feat xlink:href="#sSpan4188" value="ⲛⲧⲟⲟⲩ"/>
		<feat xlink:href="#sSpan4190" value="ⲥⲱⲣⲙ"/>
		<feat xlink:href="#sSpan4192" value="ⲛϭⲓ"/>
		<feat xlink:href="#sSpan4196" value="ⲡ"/>
		<feat xlink:href="#sSpan4199" value="ⲉⲧⲉⲣⲉ"/>
		<feat xlink:href="#sSpan4201" value="ⲙⲟⲟϣⲉ"/>
		<feat xlink:href="#sSpan4204" value="ϩⲛ"/>
		<feat xlink:href="#sSpan4208" value="ⲛⲧⲟϥ"/>
		<feat xlink:href="#sSpan4210" value="."/>
		<feat xlink:href="#sSpan4214" value="ⲡ"/>
		<feat xlink:href="#sSpan4224" value="ⲥⲧⲁⲩⲣⲟⲥ"/>
		<feat xlink:href="#sSpan4226" value="ⲡⲉ"/>
		<feat xlink:href="#sSpan4230" value="ⲡ"/>
		<feat xlink:href="#sSpan4236" value="ⲡⲩⲣⲅⲟⲥ"/>
		<feat xlink:href="#sSpan4239" value="ⲉⲣⲉ"/>
		<feat xlink:href="#sSpan4243" value="ⲛⲧⲟϥ"/>
		<feat xlink:href="#sSpan4245" value="ϫⲓⲥⲉ"/>
		<feat xlink:href="#sSpan4247" value="ⲉⲣⲉ"/>
		<feat xlink:href="#sSpan4251" value="ϣⲁⲣⲉ"/>
		<feat xlink:href="#sSpan4253" value="ⲛⲧⲟϥ"/>
		<feat xlink:href="#sSpan4255" value="ϣⲱⲡ"/>
		<feat xlink:href="#sSpan4259" value="ⲉ"/>
		<feat xlink:href="#sSpan4263" value="ⲛⲧⲟϥ"/>
		<feat xlink:href="#sSpan4265" value="ⲛ"/>
		<feat xlink:href="#sSpan4269" value="ⲡ"/>
		<feat xlink:href="#sSpan4272" value="ⲉⲧⲉⲣⲉ"/>
		<feat xlink:href="#sSpan4274" value="ⲡⲱⲧ"/>
		<feat xlink:href="#sSpan4277" value="ⲉⲣⲁⲧ"/>
		<feat xlink:href="#sSpan4281" value="ⲛⲧⲟϥ"/>
		<feat xlink:href="#sSpan4283" value="."/>
		<feat xlink:href="#sSpan4287" value="ⲡ"/>
		<feat xlink:href="#sSpan4297" value="ⲥⲧⲁⲩⲣⲟⲥ"/>
		<feat xlink:href="#sSpan4299" value="ⲡⲉ"/>
		<feat xlink:href="#sSpan4303" value="ⲡ"/>
		<feat xlink:href="#sSpan4308" value="ϭⲗⲟⲟϭⲉ"/>
		<feat xlink:href="#sSpan4310" value="ⲛ"/>
		<feat xlink:href="#sSpan4316" value="ⲣⲉϥϫⲓⲣⲱⲙⲉ"/>
		<feat xlink:href="#sSpan4321" value="ⲉϩⲣⲁⲓ"/>
		<feat xlink:href="#sSpan4326" value="ⲉ"/>
		<feat xlink:href="#sSpan4330" value="ⲡ"/>
		<feat xlink:href="#sSpan4333" value="ⲡⲉ"/>
		<feat xlink:href="#sSpan4335" value="."/>
		<feat xlink:href="#sSpan4339" value="ⲡ"/>
		<feat xlink:href="#sSpan4349" value="ⲥⲧⲁⲩⲣⲟⲥ"/>
		<feat xlink:href="#sSpan4351" value="ⲡⲉ"/>
		<feat xlink:href="#sSpan4355" value="ⲡ"/>
		<feat xlink:href="#sSpan4360" value="ϩⲃⲥⲱ"/>
		<feat xlink:href="#sSpan4362" value="ⲉⲣⲉ"/>
		<feat xlink:href="#sSpan4367" value="ϣⲁⲣⲉ"/>
		<feat xlink:href="#sSpan4369" value="ⲡ"/>
		<feat xlink:href="#sSpan4373" value="ⲭⲣⲓⲥⲧⲓⲁⲛⲟⲥ"/>
		<feat xlink:href="#sSpan4377" value="ⲫⲱⲣⲉⲓ"/>
		<feat xlink:href="#sSpan4381" value="ⲛ"/>
		<feat xlink:href="#sSpan4386" value="ⲛⲧⲟⲥ"/>
		<feat xlink:href="#sSpan4388" value="."/>
		<feat xlink:href="#sSpan4392" value="ⲡ"/>
		<feat xlink:href="#sSpan4402" value="ⲥⲧⲁⲩⲣⲟⲥ"/>
		<feat xlink:href="#sSpan4404" value="ⲡⲉ"/>
		<feat xlink:href="#sSpan4408" value="ⲡ"/>
		<feat xlink:href="#sSpan4414" value="ⲃⲟⲏⲑⲟⲥ"/>
		<feat xlink:href="#sSpan4417" value="ⲛ"/>
		<feat xlink:href="#sSpan4421" value="ⲡ"/>
		<feat xlink:href="#sSpan4424" value="ⲉⲃⲓⲏⲛ"/>
		<feat xlink:href="#sSpan4426" value="."/>
		<feat xlink:href="#sSpan4430" value="ⲁⲩⲱ"/>
		<feat xlink:href="#sSpan4435" value="ⲉ"/>
		<feat xlink:href="#sSpan4439" value="ⲡ"/>
		<feat xlink:href="#sSpan4443" value="ⲃⲟⲏⲑⲉⲓⲁ"/>
		<feat xlink:href="#sSpan4445" value="ⲉ"/>
		<feat xlink:href="#sSpan4450" value="ⲡ"/>
		<feat xlink:href="#sSpan4453" value="ⲉⲧⲉⲣⲉ"/>
		<feat xlink:href="#sSpan4455" value="ϩⲱϣ"/>
		<feat xlink:href="#sSpan4457" value="."/>
		<feat xlink:href="#sSpan4461" value="ⲡ"/>
		<feat xlink:href="#sSpan4471" value="ⲥⲧⲁⲩⲣⲟⲥ"/>
		<feat xlink:href="#sSpan4473" value="ⲡⲉ"/>
		<feat xlink:href="#sSpan4477" value="ⲉⲧⲉⲣⲉ"/>
		<feat xlink:href="#sSpan4481" value="ⲁ"/>
		<feat xlink:href="#sSpan4483" value="ⲛⲧⲟϥ"/>
		<feat xlink:href="#sSpan4485" value="ϣⲟⲣϣⲣ"/>
		<feat xlink:href="#sSpan4488" value="ⲛ"/>
		<feat xlink:href="#sSpan4492" value="ⲡ"/>
		<feat xlink:href="#sSpan4495" value="ⲣⲡⲉ"/>
		<feat xlink:href="#sSpan4497" value="ⲛ"/>
		<feat xlink:href="#sSpan4502" value="ⲡ"/>
		<feat xlink:href="#sSpan4506" value="ⲓⲟⲩⲇⲁⲓ"/>
		<feat xlink:href="#sSpan4508" value="."/>
		<feat xlink:href="#sSpan4512" value="ⲁ"/>
		<feat xlink:href="#sSpan4516" value="ⲛⲧⲟϥ"/>
		<feat xlink:href="#sSpan4518" value="ⲧⲣⲉ"/>
		<feat xlink:href="#sSpan4521" value="ⲛⲧⲟⲟⲩ"/>
		<feat xlink:href="#sSpan4523" value="ⲟⲩⲱⲛ"/>
		<feat xlink:href="#sSpan4525" value="ⲛ"/>
		<feat xlink:href="#sSpan4529" value="ⲡ"/>
		<feat xlink:href="#sSpan4533" value="ⲉⲕⲕⲗⲏⲥⲓⲁ"/>
		<feat xlink:href="#sSpan4536" value="."/>
		<feat xlink:href="#sSpan4540" value="ⲁ"/>
		<feat xlink:href="#sSpan4544" value="ⲛⲧⲟϥ"/>
		<feat xlink:href="#sSpan4547" value="ⲥⲧⲉⲫⲁⲛⲟⲩ"/>
		<feat xlink:href="#sSpan4550" value="ⲛ"/>
		<feat xlink:href="#sSpan4554" value="ⲛⲧⲟⲥ"/>
		<feat xlink:href="#sSpan4556" value="."/>
		<feat xlink:href="#sSpan4560" value="ⲡ"/>
		<feat xlink:href="#sSpan4570" value="ⲥⲧⲁⲩⲣⲟⲥ"/>
		<feat xlink:href="#sSpan4572" value="ⲁ"/>
		<feat xlink:href="#sSpan4576" value="ⲛⲧⲟϥ"/>
		<feat xlink:href="#sSpan4578" value="ϣⲟⲣϣⲣ"/>
		<feat xlink:href="#sSpan4581" value="ⲛ"/>
		<feat xlink:href="#sSpan4585" value="ⲡ"/>
		<feat xlink:href="#sSpan4589" value="ⲇⲁⲓⲙⲟⲛⲓⲟⲛ"/>
		<feat xlink:href="#sSpan4592" value="ⲁ"/>
		<feat xlink:href="#sSpan4596" value="ⲛⲧⲟϥ"/>
		<feat xlink:href="#sSpan4598" value="ⲛⲁϫ"/>
		<feat xlink:href="#sSpan4600" value="ⲛⲧⲟⲟⲩ"/>
		<feat xlink:href="#sSpan4602" value="ⲉⲃⲟⲗ"/>
		<feat xlink:href="#sSpan4607" value="ϩⲛ"/>
		<feat xlink:href="#sSpan4612" value="ⲟⲩ"/>
		<feat xlink:href="#sSpan4615" value="ϩⲟⲧⲉ"/>
		<feat xlink:href="#sSpan4617" value="."/>
		<feat xlink:href="#sSpan4621" value="ⲡ"/>
		<feat xlink:href="#sSpan4631" value="ⲥⲧⲁⲩⲣⲟⲥ"/>
		<feat xlink:href="#sSpan4633" value="ⲡⲉ"/>
		<feat xlink:href="#sSpan4637" value="ⲡⲉⲥ"/>
		<feat xlink:href="#sSpan4642" value="ⲙⲓⲛⲉ"/>
		<feat xlink:href="#sSpan4645" value="ⲛ"/>
		<feat xlink:href="#sSpan4649" value="ⲡ"/>
		<feat xlink:href="#sSpan4652" value="ϫⲟⲉⲓ"/>
		<feat xlink:href="#sSpan4654" value="ⲉⲧⲉⲣⲉ"/>
		<feat xlink:href="#sSpan4660" value="ⲣϩⲱⲧ"/>
		<feat xlink:href="#sSpan4663" value="ϩⲛ"/>
		<feat xlink:href="#sSpan4667" value="ⲟⲩ"/>
		<feat xlink:href="#sSpan4671" value="ⲙⲛⲧⲥⲁⲓⲉ"/>
		<feat xlink:href="#sSpan4675" value="."/>
		<feat xlink:href="#sSpan4679" value="ⲡ"/>
		<feat xlink:href="#sSpan4689" value="ⲥⲧⲁⲩⲣⲟⲥ"/>
		<feat xlink:href="#sSpan4691" value="ⲡⲉ"/>
		<feat xlink:href="#sSpan4695" value="ⲡⲉⲥ"/>
		<feat xlink:href="#sSpan4700" value="ⲙⲓⲛⲉ"/>
		<feat xlink:href="#sSpan4703" value="ⲛ"/>
		<feat xlink:href="#sSpan4707" value="ⲡ"/>
		<feat xlink:href="#sSpan4710" value="ⲟⲩⲏⲏⲃ"/>
		<feat xlink:href="#sSpan4712" value="ⲉⲧⲉⲣⲉ"/>
		<feat xlink:href="#sSpan4717" value="ϩⲛ"/>
		<feat xlink:href="#sSpan4719" value="ⲡ"/>
		<feat xlink:href="#sSpan4722" value="ⲏⲓ"/>
		<feat xlink:href="#sSpan4724" value="ⲛ"/>
		<feat xlink:href="#sSpan4728" value="ⲡ"/>
		<feat xlink:href="#sSpan4731" value="ⲛⲟⲩⲧⲉ"/>
		<feat xlink:href="#sSpan4734" value="ϩⲛ"/>
		<feat xlink:href="#sSpan4738" value="ⲟⲩ"/>
		<feat xlink:href="#sSpan4742" value="ⲙⲛⲧⲥⲁⲃⲉ"/>
		<feat xlink:href="#sSpan4745" value="."/>
		<feat xlink:href="#sSpan4749" value="ⲡ"/>
		<feat xlink:href="#sSpan4759" value="ⲥⲧⲁⲩⲣⲟⲥ"/>
		<feat xlink:href="#sSpan4761" value="ⲡⲉ"/>
		<feat xlink:href="#sSpan4765" value="ⲡ"/>
		<feat xlink:href="#sSpan4771" value="ⲕⲣⲓⲧⲏⲥ"/>
		<feat xlink:href="#sSpan4774" value="ⲛ"/>
		<feat xlink:href="#sSpan4778" value="ⲡ"/>
		<feat xlink:href="#sSpan4782" value="ⲁⲧⲡⲱⲱⲛⲉ"/>
		<feat xlink:href="#sSpan4786" value="ⲛ"/>
		<feat xlink:href="#sSpan4790" value="ⲡ"/>
		<feat xlink:href="#sSpan4794" value="ⲁⲡⲟⲥⲧⲟⲗⲟⲥ"/>
		<feat xlink:href="#sSpan4797" value="."/></featList></paula>