<?xml version='1.0' encoding='UTF-8'?><!DOCTYPE paula SYSTEM "paula_feat.dtd">
<paula version="1.1">
	<header paula_id="scriptorium.cross.michbr291-294.mark_chapter_n"/>
	<featList xmlns:xlink="http://www.w3.org/1999/xlink" type="chapter_n" xml:base="scriptorium.cross.michbr291-294.mark.xml">
		<feat xlink:href="#sSpan11" value="9"/>
		<feat xlink:href="#sSpan161" value="10"/>
		<feat xlink:href="#sSpan1223" value="11"/>
		<feat xlink:href="#sSpan2682" value="12"/>
		<feat xlink:href="#sSpan3204" value="13"/>
		<feat xlink:href="#sSpan3563" value="14"/>
		<feat xlink:href="#sSpan3648" value="15"/></featList></paula>