<?xml version='1.0' encoding='UTF-8'?><!DOCTYPE paula SYSTEM "paula_feat.dtd">
<paula version="1.1">
	<header paula_id="scriptorium.cross.michbr291-294.mark_translation"/>
	<featList xmlns:xlink="http://www.w3.org/1999/xlink" type="translation" xml:base="scriptorium.cross.michbr291-294.mark.xml">
		<feat xlink:href="#sSpan7" value="..."/>
		<feat xlink:href="#sSpan26" value="..."/>
		<feat xlink:href="#sSpan159" value="..."/>
		<feat xlink:href="#sSpan238" value="..."/>
		<feat xlink:href="#sSpan323" value="..."/>
		<feat xlink:href="#sSpan402" value="..."/>
		<feat xlink:href="#sSpan520" value="..."/>
		<feat xlink:href="#sSpan642" value="..."/>
		<feat xlink:href="#sSpan915" value="..."/>
		<feat xlink:href="#sSpan1067" value="..."/>
		<feat xlink:href="#sSpan1170" value="..."/>
		<feat xlink:href="#sSpan1221" value="..."/>
		<feat xlink:href="#sSpan1352" value="..."/>
		<feat xlink:href="#sSpan1463" value="..."/>
		<feat xlink:href="#sSpan1571" value="..."/>
		<feat xlink:href="#sSpan1634" value="..."/>
		<feat xlink:href="#sSpan1737" value="..."/>
		<feat xlink:href="#sSpan1805" value="..."/>
		<feat xlink:href="#sSpan1886" value="..."/>
		<feat xlink:href="#sSpan1960" value="..."/>
		<feat xlink:href="#sSpan2059" value="..."/>
		<feat xlink:href="#sSpan2140" value="..."/>
		<feat xlink:href="#sSpan2217" value="..."/>
		<feat xlink:href="#sSpan2342" value="..."/>
		<feat xlink:href="#sSpan2439" value="..."/>
		<feat xlink:href="#sSpan2598" value="..."/>
		<feat xlink:href="#sSpan2680" value="..."/>
		<feat xlink:href="#sSpan2744" value="..."/>
		<feat xlink:href="#sSpan2857" value="..."/>
		<feat xlink:href="#sSpan2955" value="..."/>
		<feat xlink:href="#sSpan3041" value="..."/>
		<feat xlink:href="#sSpan3131" value="..."/>
		<feat xlink:href="#sSpan3201" value="..."/>
		<feat xlink:href="#sSpan3227" value="..."/>
		<feat xlink:href="#sSpan3255" value="..."/>
		<feat xlink:href="#sSpan3279" value="..."/>
		<feat xlink:href="#sSpan3304" value="..."/>
		<feat xlink:href="#sSpan3330" value="..."/>
		<feat xlink:href="#sSpan3354" value="..."/>
		<feat xlink:href="#sSpan3378" value="..."/>
		<feat xlink:href="#sSpan3402" value="..."/>
		<feat xlink:href="#sSpan3426" value="..."/>
		<feat xlink:href="#sSpan3450" value="..."/>
		<feat xlink:href="#sSpan3475" value="..."/>
		<feat xlink:href="#sSpan3522" value="..."/>
		<feat xlink:href="#sSpan3565" value="..."/>
		<feat xlink:href="#sSpan3646" value="..."/>
		<feat xlink:href="#sSpan3796" value="..."/>
		<feat xlink:href="#sSpan3879" value="..."/>
		<feat xlink:href="#sSpan3910" value="..."/>
		<feat xlink:href="#sSpan4090" value="..."/>
		<feat xlink:href="#sSpan4142" value="..."/>
		<feat xlink:href="#sSpan4221" value="..."/>
		<feat xlink:href="#sSpan4294" value="..."/>
		<feat xlink:href="#sSpan4346" value="..."/>
		<feat xlink:href="#sSpan4399" value="..."/>
		<feat xlink:href="#sSpan4468" value="..."/>
		<feat xlink:href="#sSpan4567" value="..."/>
		<feat xlink:href="#sSpan4628" value="..."/>
		<feat xlink:href="#sSpan4686" value="..."/>
		<feat xlink:href="#sSpan4756" value="..."/></featList></paula>