<?xml version='1.0' encoding='UTF-8'?><!DOCTYPE paula SYSTEM "paula_feat.dtd">
<paula version="1.1">
	<header paula_id="scriptorium.cross.michbr291-294.mark_entity"/>
	<featList xmlns:xlink="http://www.w3.org/1999/xlink" type="entity" xml:base="scriptorium.cross.michbr291-294.mark.xml">
		<feat xlink:href="#sSpan3" value="person"/>
		<feat xlink:href="#sSpan24" value="person"/>
		<feat xlink:href="#sSpan37" value="place"/>
		<feat xlink:href="#sSpan69" value="person"/>
		<feat xlink:href="#sSpan86" value="person"/>
		<feat xlink:href="#sSpan97" value="person"/>
		<feat xlink:href="#sSpan108" value="person"/>
		<feat xlink:href="#sSpan118" value="abstract"/>
		<feat xlink:href="#sSpan137" value="person"/>
		<feat xlink:href="#sSpan144" value="place"/>
		<feat xlink:href="#sSpan172" value="person"/>
		<feat xlink:href="#sSpan202" value="abstract"/>
		<feat xlink:href="#sSpan255" value="abstract"/>
		<feat xlink:href="#sSpan266" value="person"/>
		<feat xlink:href="#sSpan300" value="time"/>
		<feat xlink:href="#sSpan311" value="abstract"/>
		<feat xlink:href="#sSpan340" value="person"/>
		<feat xlink:href="#sSpan366" value="object"/>
		<feat xlink:href="#sSpan388" value="abstract"/>
		<feat xlink:href="#sSpan421" value="abstract"/>
		<feat xlink:href="#sSpan463" value="abstract"/>
		<feat xlink:href="#sSpan475" value="abstract"/>
		<feat xlink:href="#sSpan492" value="abstract"/>
		<feat xlink:href="#sSpan503" value="person"/>
		<feat xlink:href="#sSpan525" value="abstract"/>
		<feat xlink:href="#sSpan534" value="person"/>
		<feat xlink:href="#sSpan550" value="person"/>
		<feat xlink:href="#sSpan571" value="person"/>
		<feat xlink:href="#sSpan589" value="person"/>
		<feat xlink:href="#sSpan604" value="person"/>
		<feat xlink:href="#sSpan615" value="person"/>
		<feat xlink:href="#sSpan629" value="person"/>
		<feat xlink:href="#sSpan666" value="person"/>
		<feat xlink:href="#sSpan676" value="plant"/>
		<feat xlink:href="#sSpan687" value="person"/>
		<feat xlink:href="#sSpan695" value="object"/>
		<feat xlink:href="#sSpan715" value="abstract"/>
		<feat xlink:href="#sSpan729" value="person"/>
		<feat xlink:href="#sSpan743" value="place"/>
		<feat xlink:href="#sSpan753" value="abstract"/>
		<feat xlink:href="#sSpan760" value="person"/>
		<feat xlink:href="#sSpan777" value="object"/>
		<feat xlink:href="#sSpan786" value="object"/>
		<feat xlink:href="#sSpan796" value="object"/>
		<feat xlink:href="#sSpan813" value="animal"/>
		<feat xlink:href="#sSpan822" value="person"/>
		<feat xlink:href="#sSpan848" value="abstract"/>
		<feat xlink:href="#sSpan886" value="abstract"/>
		<feat xlink:href="#sSpan904" value="abstract"/>
		<feat xlink:href="#sSpan955" value="person"/>
		<feat xlink:href="#sSpan985" value="place"/>
		<feat xlink:href="#sSpan1020" value="place"/>
		<feat xlink:href="#sSpan1030" value="abstract"/>
		<feat xlink:href="#sSpan1054" value="abstract"/>
		<feat xlink:href="#sSpan1063" value="abstract"/>
		<feat xlink:href="#sSpan1088" value="person"/>
		<feat xlink:href="#sSpan1133" value="object"/>
		<feat xlink:href="#sSpan1145" value="object"/>
		<feat xlink:href="#sSpan1200" value="organization"/>
		<feat xlink:href="#sSpan1334" value="plant"/>
		<feat xlink:href="#sSpan1385" value="object"/>
		<feat xlink:href="#sSpan1435" value="substance"/>
		<feat xlink:href="#sSpan1453" value="abstract"/>
		<feat xlink:href="#sSpan1485" value="person"/>
		<feat xlink:href="#sSpan1534" value="object"/>
		<feat xlink:href="#sSpan1588" value="abstract"/>
		<feat xlink:href="#sSpan1638" value="time"/>
		<feat xlink:href="#sSpan1662" value="abstract"/>
		<feat xlink:href="#sSpan1694" value="object"/>
		<feat xlink:href="#sSpan1708" value="person"/>
		<feat xlink:href="#sSpan1741" value="person"/>
		<feat xlink:href="#sSpan1781" value="person"/>
		<feat xlink:href="#sSpan1829" value="person"/>
		<feat xlink:href="#sSpan1867" value="time"/>
		<feat xlink:href="#sSpan1890" value="abstract"/>
		<feat xlink:href="#sSpan1937" value="abstract"/>
		<feat xlink:href="#sSpan1949" value="abstract"/>
		<feat xlink:href="#sSpan1965" value="abstract"/>
		<feat xlink:href="#sSpan1974" value="person"/>
		<feat xlink:href="#sSpan1998" value="abstract"/>
		<feat xlink:href="#sSpan2006" value="abstract"/>
		<feat xlink:href="#sSpan2029" value="abstract"/>
		<feat xlink:href="#sSpan2040" value="abstract"/>
		<feat xlink:href="#sSpan2076" value="person"/>
		<feat xlink:href="#sSpan2106" value="object"/>
		<feat xlink:href="#sSpan2117" value="place"/>
		<feat xlink:href="#sSpan2144" value="place"/>
		<feat xlink:href="#sSpan2162" value="object"/>
		<feat xlink:href="#sSpan2181" value="object"/>
		<feat xlink:href="#sSpan2195" value="person"/>
		<feat xlink:href="#sSpan2221" value="place"/>
		<feat xlink:href="#sSpan2256" value="object"/>
		<feat xlink:href="#sSpan2273" value="object"/>
		<feat xlink:href="#sSpan2311" value="object"/>
		<feat xlink:href="#sSpan2357" value="person"/>
		<feat xlink:href="#sSpan2373" value="abstract"/>
		<feat xlink:href="#sSpan2389" value="person"/>
		<feat xlink:href="#sSpan2400" value="person"/>
		<feat xlink:href="#sSpan2420" value="abstract"/>
		<feat xlink:href="#sSpan2458" value="object"/>
		<feat xlink:href="#sSpan2468" value="object"/>
		<feat xlink:href="#sSpan2480" value="object"/>
		<feat xlink:href="#sSpan2495" value="person"/>
		<feat xlink:href="#sSpan2506" value="abstract"/>
		<feat xlink:href="#sSpan2532" value="abstract"/>
		<feat xlink:href="#sSpan2560" value="object"/>
		<feat xlink:href="#sSpan2593" value="person"/>
		<feat xlink:href="#sSpan2629" value="abstract"/>
		<feat xlink:href="#sSpan2645" value="abstract"/>
		<feat xlink:href="#sSpan2661" value="time"/>
		<feat xlink:href="#sSpan2740" value="person"/>
		<feat xlink:href="#sSpan2769" value="abstract"/>
		<feat xlink:href="#sSpan2778" value="object"/>
		<feat xlink:href="#sSpan2798" value="abstract"/>
		<feat xlink:href="#sSpan2894" value="organization"/>
		<feat xlink:href="#sSpan2904" value="person"/>
		<feat xlink:href="#sSpan2923" value="object"/>
		<feat xlink:href="#sSpan2951" value="person"/>
		<feat xlink:href="#sSpan2975" value="place"/>
		<feat xlink:href="#sSpan2998" value="person"/>
		<feat xlink:href="#sSpan3038" value="abstract"/>
		<feat xlink:href="#sSpan3062" value="place"/>
		<feat xlink:href="#sSpan3077" value="abstract"/>
		<feat xlink:href="#sSpan3092" value="person"/>
		<feat xlink:href="#sSpan3106" value="substance"/>
		<feat xlink:href="#sSpan3128" value="plant"/>
		<feat xlink:href="#sSpan3146" value="abstract"/>
		<feat xlink:href="#sSpan3163" value="person"/>
		<feat xlink:href="#sSpan3177" value="object"/>
		<feat xlink:href="#sSpan3187" value="object"/>
		<feat xlink:href="#sSpan3199" value="object"/>
		<feat xlink:href="#sSpan3213" value="abstract"/>
		<feat xlink:href="#sSpan3225" value="object"/>
		<feat xlink:href="#sSpan3239" value="abstract"/>
		<feat xlink:href="#sSpan3253" value="object"/>
		<feat xlink:href="#sSpan3267" value="person"/>
		<feat xlink:href="#sSpan3277" value="object"/>
		<feat xlink:href="#sSpan3291" value="person"/>
		<feat xlink:href="#sSpan3302" value="object"/>
		<feat xlink:href="#sSpan3316" value="person"/>
		<feat xlink:href="#sSpan3328" value="object"/>
		<feat xlink:href="#sSpan3341" value="abstract"/>
		<feat xlink:href="#sSpan3352" value="object"/>
		<feat xlink:href="#sSpan3365" value="abstract"/>
		<feat xlink:href="#sSpan3376" value="object"/>
		<feat xlink:href="#sSpan3389" value="abstract"/>
		<feat xlink:href="#sSpan3400" value="object"/>
		<feat xlink:href="#sSpan3413" value="abstract"/>
		<feat xlink:href="#sSpan3424" value="object"/>
		<feat xlink:href="#sSpan3437" value="abstract"/>
		<feat xlink:href="#sSpan3448" value="object"/>
		<feat xlink:href="#sSpan3461" value="abstract"/>
		<feat xlink:href="#sSpan3473" value="object"/>
		<feat xlink:href="#sSpan3485" value="abstract"/>
		<feat xlink:href="#sSpan3495" value="person"/>
		<feat xlink:href="#sSpan3520" value="person"/>
		<feat xlink:href="#sSpan3541" value="object"/>
		<feat xlink:href="#sSpan3550" value="object"/>
		<feat xlink:href="#sSpan3577" value="abstract"/>
		<feat xlink:href="#sSpan3621" value="abstract"/>
		<feat xlink:href="#sSpan3631" value="object"/>
		<feat xlink:href="#sSpan3644" value="person"/>
		<feat xlink:href="#sSpan3660" value="person"/>
		<feat xlink:href="#sSpan3675" value="time"/>
		<feat xlink:href="#sSpan3727" value="event"/>
		<feat xlink:href="#sSpan3760" value="substance"/>
		<feat xlink:href="#sSpan3770" value="abstract"/>
		<feat xlink:href="#sSpan3781" value="person"/>
		<feat xlink:href="#sSpan3791" value="object"/>
		<feat xlink:href="#sSpan3821" value="person"/>
		<feat xlink:href="#sSpan3840" value="abstract"/>
		<feat xlink:href="#sSpan3874" value="object"/>
		<feat xlink:href="#sSpan3892" value="abstract"/>
		<feat xlink:href="#sSpan3931" value="object"/>
		<feat xlink:href="#sSpan3941" value="abstract"/>
		<feat xlink:href="#sSpan3952" value="object"/>
		<feat xlink:href="#sSpan4004" value="object"/>
		<feat xlink:href="#sSpan4026" value="substance"/>
		<feat xlink:href="#sSpan4036" value="time"/>
		<feat xlink:href="#sSpan4050" value="object"/>
		<feat xlink:href="#sSpan4067" value="substance"/>
		<feat xlink:href="#sSpan4085" value="object"/>
		<feat xlink:href="#sSpan4103" value="abstract"/>
		<feat xlink:href="#sSpan4111" value="person"/>
		<feat xlink:href="#sSpan4128" value="abstract"/>
		<feat xlink:href="#sSpan4137" value="object"/>
		<feat xlink:href="#sSpan4155" value="place"/>
		<feat xlink:href="#sSpan4198" value="person"/>
		<feat xlink:href="#sSpan4216" value="object"/>
		<feat xlink:href="#sSpan4234" value="place"/>
		<feat xlink:href="#sSpan4271" value="person"/>
		<feat xlink:href="#sSpan4289" value="object"/>
		<feat xlink:href="#sSpan4307" value="object"/>
		<feat xlink:href="#sSpan4318" value="person"/>
		<feat xlink:href="#sSpan4332" value="place"/>
		<feat xlink:href="#sSpan4341" value="object"/>
		<feat xlink:href="#sSpan4359" value="object"/>
		<feat xlink:href="#sSpan4371" value="person"/>
		<feat xlink:href="#sSpan4397" value="object"/>
		<feat xlink:href="#sSpan4412" value="person"/>
		<feat xlink:href="#sSpan4423" value="person"/>
		<feat xlink:href="#sSpan4441" value="abstract"/>
		<feat xlink:href="#sSpan4452" value="person"/>
		<feat xlink:href="#sSpan4463" value="object"/>
		<feat xlink:href="#sSpan4494" value="place"/>
		<feat xlink:href="#sSpan4504" value="person"/>
		<feat xlink:href="#sSpan4531" value="organization"/>
		<feat xlink:href="#sSpan4562" value="object"/>
		<feat xlink:href="#sSpan4587" value="person"/>
		<feat xlink:href="#sSpan4614" value="abstract"/>
		<feat xlink:href="#sSpan4623" value="object"/>
		<feat xlink:href="#sSpan4641" value="abstract"/>
		<feat xlink:href="#sSpan4651" value="object"/>
		<feat xlink:href="#sSpan4669" value="abstract"/>
		<feat xlink:href="#sSpan4681" value="object"/>
		<feat xlink:href="#sSpan4699" value="abstract"/>
		<feat xlink:href="#sSpan4709" value="person"/>
		<feat xlink:href="#sSpan4721" value="place"/>
		<feat xlink:href="#sSpan4730" value="person"/>
		<feat xlink:href="#sSpan4740" value="abstract"/>
		<feat xlink:href="#sSpan4751" value="object"/>
		<feat xlink:href="#sSpan4769" value="person"/>
		<feat xlink:href="#sSpan4780" value="person"/>
		<feat xlink:href="#sSpan4792" value="person"/></featList></paula>