<?xml version='1.0' encoding='UTF-8'?><!DOCTYPE paula SYSTEM "paula_feat.dtd">
<paula version="1.1">
	<header paula_id="scriptorium.cross.michbr291-294.mark_norm_group"/>
	<featList xmlns:xlink="http://www.w3.org/1999/xlink" type="norm_group" xml:base="scriptorium.cross.michbr291-294.mark.xml">
		<feat xlink:href="#sSpan4" value="ⲕⲉⲥⲛⲏⲩ"/>
		<feat xlink:href="#sSpan18" value="."/>
		<feat xlink:href="#sSpan22" value="ⲛⲁⲓ"/>
		<feat xlink:href="#sSpan30" value="ⲛⲧⲁⲡⲕⲁϩ"/>
		<feat xlink:href="#sSpan42" value="ⲟⲩⲱⲛ"/>
		<feat xlink:href="#sSpan46" value="ⲉⲣⲱϥ"/>
		<feat xlink:href="#sSpan53" value="ⲁϥⲟⲙⲕⲟⲩ"/>
		<feat xlink:href="#sSpan63" value="ⲉⲧⲉⲇⲁⲑⲁⲛ"/>
		<feat xlink:href="#sSpan72" value="ⲡⲉ"/>
		<feat xlink:href="#sSpan76" value="."/>
		<feat xlink:href="#sSpan80" value="ⲙⲛⲁⲃⲓⲣⲱⲛ"/>
		<feat xlink:href="#sSpan89" value="."/>
		<feat xlink:href="#sSpan93" value="ⲙⲛⲛϣⲏⲣⲉ"/>
		<feat xlink:href="#sSpan103" value="ⲛⲕⲟⲣⲉ"/>
		<feat xlink:href="#sSpan111" value="."/>
		<feat xlink:href="#sSpan115" value="ⲛⲁⲓ"/>
		<feat xlink:href="#sSpan121" value="ⲛⲧⲁⲩⲧⲱⲟⲩⲛ"/>
		<feat xlink:href="#sSpan131" value="ⲉϫⲙⲙⲱⲩⲥⲏⲥ"/>
		<feat xlink:href="#sSpan140" value="ϩⲛⲧⲉⲣⲏⲙⲟⲥ"/>
		<feat xlink:href="#sSpan151" value="."/>
		<feat xlink:href="#sSpan155" value="ⲙⲁⲣⲉⲛⲕⲧⲟⲛ"/>
		<feat xlink:href="#sSpan170" value="ϭⲉ"/>
		<feat xlink:href="#sSpan175" value="ⲟⲛ"/>
		<feat xlink:href="#sSpan180" value="ⲉϩⲣⲁⲓ"/>
		<feat xlink:href="#sSpan184" value="ⲉϫⲙⲡⲙⲉⲅⲉⲑⲟⲥ"/>
		<feat xlink:href="#sSpan194" value="."/>
		<feat xlink:href="#sSpan198" value="ⲙⲡⲉⲓⲁϩⲟⲣⲁⲧⲟⲛ"/>
		<feat xlink:href="#sSpan210" value="ⲥⲧⲁⲩⲣⲟⲥ"/>
		<feat xlink:href="#sSpan214" value="ⲛⲧⲛϣⲁϫⲉ"/>
		<feat xlink:href="#sSpan223" value="ⲉⲣⲟϥ"/>
		<feat xlink:href="#sSpan229" value="."/>
		<feat xlink:href="#sSpan234" value="ⲧⲏⲛⲟⲗⲟⲧⲓⲛ"/>
		<feat xlink:href="#sSpan242" value="ⲛⲧⲛⲉⲓⲙⲉ"/>
		<feat xlink:href="#sSpan251" value="ⲉⲛⲉⲡⲣⲟⲫⲏⲧⲉⲓⲁ"/>
		<feat xlink:href="#sSpan262" value="ⲛⲛⲉⲡⲣⲟⲫⲏⲧⲏⲥ"/>
		<feat xlink:href="#sSpan273" value="."/>
		<feat xlink:href="#sSpan277" value="ⲛⲧⲁⲩϫⲟⲟⲩ"/>
		<feat xlink:href="#sSpan290" value="ⲉⲣⲟϥ"/>
		<feat xlink:href="#sSpan296" value="ϫⲓⲛⲧⲁⲣⲭⲏ"/>
		<feat xlink:href="#sSpan307" value="ϣⲁⲧϩⲁⲏ"/>
		<feat xlink:href="#sSpan316" value="."/>
		<feat xlink:href="#sSpan320" value="ⲛⲧⲱⲧⲛ"/>
		<feat xlink:href="#sSpan328" value="ϩⲱⲧⲧⲏⲩⲧⲛ"/>
		<feat xlink:href="#sSpan335" value="ⲱ"/>
		<feat xlink:href="#sSpan341" value="ⲛⲁⲕⲣⲱⲁⲧⲏⲥ"/>
		<feat xlink:href="#sSpan348" value="."/>
		<feat xlink:href="#sSpan352" value="ⲟⲩⲱϣⲥ"/>
		<feat xlink:href="#sSpan358" value="ⲉⲃⲟⲗ"/>
		<feat xlink:href="#sSpan362" value="ⲛⲛⲉⲧⲛⲁⲓⲥⲑⲏⲧⲏⲣⲓⲟⲛ"/>
		<feat xlink:href="#sSpan373" value="ⲛⲧⲉⲧⲛϫⲓⲥⲙⲏ"/>
		<feat xlink:href="#sSpan384" value="ϩⲛⲟⲩⲉⲍⲉⲭⲓⲁ"/>
		<feat xlink:href="#sSpan395" value="."/>
		<feat xlink:href="#sSpan399" value="ⲁⲩⲉⲓⲥ"/>
		<feat xlink:href="#sSpan408" value="ⲛⲧⲛⲟⲩⲱⲛ"/>
		<feat xlink:href="#sSpan417" value="ⲙⲡⲛⲟϭ"/>
		<feat xlink:href="#sSpan427" value="ⲛⲑⲏⲥⲁⲩⲣⲟⲥ"/>
		<feat xlink:href="#sSpan434" value="ⲉⲧⲟⲩⲁⲁⲃ"/>
		<feat xlink:href="#sSpan441" value="."/>
		<feat xlink:href="#sSpan445" value="ⲛⲧⲛⲉⲓⲛⲉ"/>
		<feat xlink:href="#sSpan455" value="ⲉⲃⲟⲗ"/>
		<feat xlink:href="#sSpan459" value="ⲛⲛⲕⲟⲥⲙⲏⲥⲓⲥ"/>
		<feat xlink:href="#sSpan470" value="ⲙⲡⲛⲉⲩⲙⲁⲧⲓⲕⲟⲛ"/>
		<feat xlink:href="#sSpan478" value="ⲛⲧⲛⲕⲟⲥⲙⲉⲓ"/>
		<feat xlink:href="#sSpan488" value="ⲛⲛⲯⲩⲭⲟⲟⲩⲉ"/>
		<feat xlink:href="#sSpan499" value="ⲛⲛⲙⲙⲁⲓⲗⲟⲅⲟⲥ"/>
		<feat xlink:href="#sSpan513" value="."/>
		<feat xlink:href="#sSpan517" value="ⲙⲟⲩⲧⲉ"/>
		<feat xlink:href="#sSpan526" value="ⲛⲁⲓ"/>
		<feat xlink:href="#sSpan530" value="ⲉⲡⲙⲁⲓⲛⲟⲩⲧⲉ"/>
		<feat xlink:href="#sSpan542" value="."/>
		<feat xlink:href="#sSpan546" value="ⲁⲩⲱ"/>
		<feat xlink:href="#sSpan551" value="ⲡⲙⲁⲓⲗⲟⲅⲟⲥ"/>
		<feat xlink:href="#sSpan561" value="."/>
		<feat xlink:href="#sSpan565" value="ⲁⲩⲱ"/>
		<feat xlink:href="#sSpan569" value="ⲡⲣⲉϥϣⲱⲡ"/>
		<feat xlink:href="#sSpan579" value="ⲉⲣⲟϥ"/>
		<feat xlink:href="#sSpan585" value="ⲛⲛⲁⲅⲅⲉⲗⲟⲥ"/>
		<feat xlink:href="#sSpan596" value="."/>
		<feat xlink:href="#sSpan600" value="ⲉⲧⲉⲡⲁⲓ"/>
		<feat xlink:href="#sSpan607" value="ⲡⲉ"/>
		<feat xlink:href="#sSpan613" value="ⲁⲃⲣⲁϩⲁⲙ"/>
		<feat xlink:href="#sSpan618" value="ⲡⲉϣⲃⲏⲣ"/>
		<feat xlink:href="#sSpan625" value="ⲙⲡⲛⲟⲩⲧⲉ"/>
		<feat xlink:href="#sSpan634" value="."/>
		<feat xlink:href="#sSpan638" value="ⲙⲁⲣⲉϥⲉⲓ"/>
		<feat xlink:href="#sSpan651" value="ⲛϥⲧⲁⲙⲟⲛ"/>
		<feat xlink:href="#sSpan661" value="ⲉⲡⲧⲩⲡⲟⲥ"/>
		<feat xlink:href="#sSpan672" value="ⲙⲡⲉⲓϣⲏⲛ"/>
		<feat xlink:href="#sSpan682" value="ϫⲉⲥⲁⲃⲉⲕ"/>
		<feat xlink:href="#sSpan690" value="ⲉⲣⲉⲡⲉⲓⲟⲉⲓⲗⲉ"/>
		<feat xlink:href="#sSpan700" value="ⲙⲏⲣ"/>
		<feat xlink:href="#sSpan704" value="ⲉⲣⲟϥ"/>
		<feat xlink:href="#sSpan711" value="."/>
		<feat xlink:href="#sSpan716" value="ⲧϩⲉⲣⲙⲏⲛⲓⲁ"/>
		<feat xlink:href="#sSpan724" value="ⲅⲁⲣ"/>
		<feat xlink:href="#sSpan730" value="ⲛⲥⲁⲃⲉⲕ"/>
		<feat xlink:href="#sSpan737" value="ⲡⲉ"/>
		<feat xlink:href="#sSpan741" value="ⲡⲙⲁ"/>
		<feat xlink:href="#sSpan749" value="ⲛⲙⲧⲟⲛ"/>
		<feat xlink:href="#sSpan756" value="ⲙⲡⲣⲉϥⲥⲱⲧⲉ"/>
		<feat xlink:href="#sSpan769" value="."/>
		<feat xlink:href="#sSpan773" value="ⲉⲧⲉⲡⲁⲓ"/>
		<feat xlink:href="#sSpan780" value="ⲡⲉ"/>
		<feat xlink:href="#sSpan784" value="ⲡϣⲉ"/>
		<feat xlink:href="#sSpan792" value="ⲙⲡⲉⲥⲧⲁⲩⲣⲟⲥ"/>
		<feat xlink:href="#sSpan802" value="."/>
		<feat xlink:href="#sSpan806" value="ⲛⲧⲁⲡⲉϩⲓⲉⲓⲃ"/>
		<feat xlink:href="#sSpan818" value="ⲙⲡⲛⲟⲩⲧⲉ"/>
		<feat xlink:href="#sSpan828" value="ⲁⲗⲉ"/>
		<feat xlink:href="#sSpan833" value="ⲉϩⲣⲁⲓ"/>
		<feat xlink:href="#sSpan837" value="ⲉϫⲱϥ"/>
		<feat xlink:href="#sSpan843" value="ϩⲛⲟⲩⲛⲟϭ"/>
		<feat xlink:href="#sSpan853" value="ⲙⲙⲛⲧⲗⲁⲙⲡⲣⲟⲥ"/>
		<feat xlink:href="#sSpan863" value="."/>
		<feat xlink:href="#sSpan867" value="ⲉⲧⲣⲉϥϫⲱⲕ"/>
		<feat xlink:href="#sSpan878" value="ⲉⲃⲟⲗ"/>
		<feat xlink:href="#sSpan882" value="ⲛⲧⲟⲓⲕⲟⲛⲟⲙⲓⲁ"/>
		<feat xlink:href="#sSpan893" value="ⲉⲧⲙⲉϩ"/>
		<feat xlink:href="#sSpan899" value="ⲛⲟⲩϫⲁⲓ"/>
		<feat xlink:href="#sSpan907" value="."/>
		<feat xlink:href="#sSpan912" value="ⲉⲁϥⲙⲧⲟⲛ"/>
		<feat xlink:href="#sSpan926" value="ⲙⲙⲟϥ"/>
		<feat xlink:href="#sSpan932" value="ⲉϩⲣⲁⲓ"/>
		<feat xlink:href="#sSpan936" value="ⲉϫⲱϥ"/>
		<feat xlink:href="#sSpan943" value="ⲛⲧϩⲉ"/>
		<feat xlink:href="#sSpan951" value="ⲛⲟⲩⲣⲱⲙⲉ"/>
		<feat xlink:href="#sSpan961" value="."/>
		<feat xlink:href="#sSpan966" value="ⲉⲁϥⲉⲓ"/>
		<feat xlink:href="#sSpan977" value="ⲉϩⲣⲁⲓ"/>
		<feat xlink:href="#sSpan981" value="ϩⲛⲧⲉϥⲥⲱϣⲉ"/>
		<feat xlink:href="#sSpan991" value="."/>
		<feat xlink:href="#sSpan995" value="ⲉϥⲣϩⲱⲃ"/>
		<feat xlink:href="#sSpan1005" value="ⲛϥⲛⲁϫϥ"/>
		<feat xlink:href="#sSpan1016" value="ϩⲓϫⲙⲡⲉϥⲙⲁ"/>
		<feat xlink:href="#sSpan1026" value="ⲛⲛⲕⲟⲧⲕ"/>
		<feat xlink:href="#sSpan1034" value="ⲛϥⲙⲧⲟⲛ"/>
		<feat xlink:href="#sSpan1043" value="ⲙⲙⲟϥ"/>
		<feat xlink:href="#sSpan1049" value="ϩⲙⲡⲉϥϩⲓⲥⲉ"/>
		<feat xlink:href="#sSpan1059" value="."/>
		<feat xlink:href="#sSpan1064" value="ⲧⲁⲓ"/>
		<feat xlink:href="#sSpan1071" value="ⲧⲉ"/>
		<feat xlink:href="#sSpan1076" value="ⲧϩⲉ"/>
		<feat xlink:href="#sSpan1082" value="ⲛⲧⲁⲡⲥⲱⲧⲏⲣ"/>
		<feat xlink:href="#sSpan1094" value="ⲁⲁⲥ"/>
		<feat xlink:href="#sSpan1101" value="."/>
		<feat xlink:href="#sSpan1105" value="ⲛⲧⲁϥⲙⲧⲟⲛ"/>
		<feat xlink:href="#sSpan1115" value="."/>
		<feat xlink:href="#sSpan1119" value="ⲙⲙⲟϥ"/>
		<feat xlink:href="#sSpan1129" value="ϩⲓϫⲙⲡⲉϥⲙⲁⲛⲕⲟⲧⲕ"/>
		<feat xlink:href="#sSpan1141" value="ⲉⲧⲉⲡⲉⲥⲧⲁⲩⲣⲟⲥ"/>
		<feat xlink:href="#sSpan1152" value="ⲙⲙⲉ"/>
		<feat xlink:href="#sSpan1158" value="ⲡⲉ"/>
		<feat xlink:href="#sSpan1162" value="."/>
		<feat xlink:href="#sSpan1166" value="ⲁϥϣⲡϩⲓⲥⲉ"/>
		<feat xlink:href="#sSpan1180" value="ⲛϩⲏⲧϥ"/>
		<feat xlink:href="#sSpan1186" value="ϣⲁⲛⲧⲉϥⲧⲟⲩϫⲟ"/>
		<feat xlink:href="#sSpan1195" value="ⲛⲧⲙⲛⲧⲣⲱⲙⲉ"/>
		<feat xlink:href="#sSpan1207" value="ⲧⲏⲣⲥ"/>
		<feat xlink:href="#sSpan1214" value="."/>
		<feat xlink:href="#sSpan1218" value="ⲛϥⲥⲁϣⲙ"/>
		<feat xlink:href="#sSpan1230" value="ⲁⲛ"/>
		<feat xlink:href="#sSpan1235" value="ⲟⲩⲇⲉ"/>
		<feat xlink:href="#sSpan1240" value="ⲛϥϣⲧⲣⲧⲱⲣ"/>
		<feat xlink:href="#sSpan1248" value="ⲁⲛ"/>
		<feat xlink:href="#sSpan1253" value="."/>
		<feat xlink:href="#sSpan1258" value="ⲟⲩⲇⲉ"/>
		<feat xlink:href="#sSpan1262" value="ⲛϥϭⲟⲛⲧ"/>
		<feat xlink:href="#sSpan1270" value="ⲁⲛ"/>
		<feat xlink:href="#sSpan1275" value="ⲉⲩϯⲉⲓⲃⲧ"/>
		<feat xlink:href="#sSpan1285" value="ⲛⲁϥ"/>
		<feat xlink:href="#sSpan1291" value="."/>
		<feat xlink:href="#sSpan1296" value="ⲟⲩⲇⲉ"/>
		<feat xlink:href="#sSpan1301" value="ⲛϥⲁⲕⲁⲛⲁⲕⲧⲉⲓ"/>
		<feat xlink:href="#sSpan1311" value="ⲁⲛ"/>
		<feat xlink:href="#sSpan1315" value="."/>
		<feat xlink:href="#sSpan1319" value="ⲉⲩϯⲕⲗⲟⲙ"/>
		<feat xlink:href="#sSpan1329" value="ⲛϣⲟⲛⲧⲉ"/>
		<feat xlink:href="#sSpan1337" value="ⲉϫⲱϥ"/>
		<feat xlink:href="#sSpan1343" value="."/>
		<feat xlink:href="#sSpan1348" value="ⲟⲩⲇⲉ"/>
		<feat xlink:href="#sSpan1356" value="ⲛϥⲥⲁϩⲟⲩ"/>
		<feat xlink:href="#sSpan1364" value="ⲁⲛ"/>
		<feat xlink:href="#sSpan1368" value="ⲉⲩϩⲓⲟⲩⲉ"/>
		<feat xlink:href="#sSpan1377" value="ⲉϩⲟⲩⲛ"/>
		<feat xlink:href="#sSpan1381" value="ϩⲙⲡⲉϥϩⲟ"/>
		<feat xlink:href="#sSpan1391" value="."/>
		<feat xlink:href="#sSpan1396" value="ⲟⲩⲇⲉ"/>
		<feat xlink:href="#sSpan1400" value="ⲛϥⲛⲕⲁⲕⲉⲓ"/>
		<feat xlink:href="#sSpan1412" value="ⲁⲛ"/>
		<feat xlink:href="#sSpan1416" value="ⲉⲩⲧⲥⲁ"/>
		<feat xlink:href="#sSpan1424" value="ⲙⲙⲟϥ"/>
		<feat xlink:href="#sSpan1431" value="ⲛⲟⲩϩⲙϫ"/>
		<feat xlink:href="#sSpan1440" value="ⲉϥⲧⲉϩ"/>
		<feat xlink:href="#sSpan1448" value="ϩⲓⲥⲓϣⲉ"/>
		<feat xlink:href="#sSpan1456" value="."/>
		<feat xlink:href="#sSpan1460" value="ⲛϥⲙⲓϣⲉ"/>
		<feat xlink:href="#sSpan1472" value="ⲅⲁⲣ"/>
		<feat xlink:href="#sSpan1477" value="ⲁⲛ"/>
		<feat xlink:href="#sSpan1481" value="ⲙⲛⲛⲉⲧⲛⲟϭⲛⲉϭ"/>
		<feat xlink:href="#sSpan1493" value="ⲙⲙⲟϥ"/>
		<feat xlink:href="#sSpan1499" value="."/>
		<feat xlink:href="#sSpan1504" value="ⲟⲩⲇⲉ"/>
		<feat xlink:href="#sSpan1508" value="ⲛϥϭⲟⲛⲧ"/>
		<feat xlink:href="#sSpan1517" value="ⲁⲛ"/>
		<feat xlink:href="#sSpan1521" value="ⲉⲩⲡⲱϣ"/>
		<feat xlink:href="#sSpan1529" value="ⲛⲛⲉϥϩⲟⲓⲧⲉ"/>
		<feat xlink:href="#sSpan1539" value="ⲉϫⲱⲟⲩ"/>
		<feat xlink:href="#sSpan1545" value="ⲉⲩⲛⲉϫⲕⲗⲏⲣⲟⲥ"/>
		<feat xlink:href="#sSpan1557" value="ⲉⲣⲟⲟⲩ"/>
		<feat xlink:href="#sSpan1564" value="."/>
		<feat xlink:href="#sSpan1568" value="ⲕⲟⲩⲱϣ"/>
		<feat xlink:href="#sSpan1577" value="ⲉⲉⲓⲙⲉ"/>
		<feat xlink:href="#sSpan1584" value="ϫⲉⲧⲙⲉ"/>
		<feat xlink:href="#sSpan1593" value="ⲧⲉ"/>
		<feat xlink:href="#sSpan1597" value="ϯϫⲱ"/>
		<feat xlink:href="#sSpan1604" value="ⲙⲙⲟⲥ"/>
		<feat xlink:href="#sSpan1610" value="ⲥⲱⲧⲙ"/>
		<feat xlink:href="#sSpan1615" value="ⲛⲧⲁⲧⲁⲙⲟⲕ"/>
		<feat xlink:href="#sSpan1626" value="."/>
		<feat xlink:href="#sSpan1630" value="ⲙⲡⲛⲁⲩ"/>
		<feat xlink:href="#sSpan1644" value="ⲅⲁⲣ"/>
		<feat xlink:href="#sSpan1648" value="ⲉⲧⲟⲩⲉⲓⲣⲉ"/>
		<feat xlink:href="#sSpan1658" value="ⲛⲛⲁⲓ"/>
		<feat xlink:href="#sSpan1665" value="ⲧⲏⲣⲟⲩ"/>
		<feat xlink:href="#sSpan1671" value="ⲛⲁϥ"/>
		<feat xlink:href="#sSpan1677" value="."/>
		<feat xlink:href="#sSpan1681" value="ⲁϥϥⲓ"/>
		<feat xlink:href="#sSpan1690" value="ⲛⲛⲉϥⲃⲁⲗ"/>
		<feat xlink:href="#sSpan1699" value="ⲉϩⲣⲁⲓ"/>
		<feat xlink:href="#sSpan1704" value="ϣⲁⲡⲉϥⲉⲓⲱⲧ"/>
		<feat xlink:href="#sSpan1713" value="ⲁϥⲡⲁⲣⲁⲕⲁⲗⲉⲓ"/>
		<feat xlink:href="#sSpan1723" value="ⲙⲙⲟϥ"/>
		<feat xlink:href="#sSpan1730" value="."/>
		<feat xlink:href="#sSpan1734" value="ϫⲉⲡⲁⲉⲓⲱⲧ"/>
		<feat xlink:href="#sSpan1746" value="ⲕⲱ"/>
		<feat xlink:href="#sSpan1751" value="ⲛⲁⲩ"/>
		<feat xlink:href="#sSpan1757" value="ⲉⲃⲟⲗ"/>
		<feat xlink:href="#sSpan1762" value="ϫⲉⲛⲥⲉⲥⲟⲟⲩⲛ"/>
		<feat xlink:href="#sSpan1773" value="ⲁⲛ"/>
		<feat xlink:href="#sSpan1777" value="ⲙⲡⲉⲧⲟⲩⲉⲓⲣⲉ"/>
		<feat xlink:href="#sSpan1792" value="ⲙⲙⲟϥ"/>
		<feat xlink:href="#sSpan1798" value="."/>
		<feat xlink:href="#sSpan1802" value="ϫⲉⲕⲁⲁⲥ"/>
		<feat xlink:href="#sSpan1810" value="ⲉⲕⲉⲉⲓⲙⲉ"/>
		<feat xlink:href="#sSpan1816" value="ϫⲉⲟⲩ"/>
		<feat xlink:href="#sSpan1823" value="ⲡⲉⲧⲉⲣⲉⲡⲉⲓⲱⲧ"/>
		<feat xlink:href="#sSpan1834" value="ⲉⲓⲣⲉ"/>
		<feat xlink:href="#sSpan1839" value="ⲙⲙⲟϥ"/>
		<feat xlink:href="#sSpan1845" value="."/>
		<feat xlink:href="#sSpan1850" value="ⲉⲁϥⲁⲁϥ"/>
		<feat xlink:href="#sSpan1863" value="ⲙⲡⲛⲁⲩ"/>
		<feat xlink:href="#sSpan1872" value="ⲉⲧⲙⲙⲁⲩ"/>
		<feat xlink:href="#sSpan1879" value="."/>
		<feat xlink:href="#sSpan1883" value="ⲛⲁϣⲉⲛⲉϥⲙⲛⲧϣⲁⲛϩⲧⲏϥ"/>
		<feat xlink:href="#sSpan1902" value="ⲅⲁⲣ"/>
		<feat xlink:href="#sSpan1907" value="ⲙⲙⲟⲛ"/>
		<feat xlink:href="#sSpan1913" value="ϥⲛⲁⲧⲛⲛⲟⲟⲩ"/>
		<feat xlink:href="#sSpan1922" value="ⲉϩⲣⲁⲓ"/>
		<feat xlink:href="#sSpan1926" value="ⲉϫⲱⲟⲩ"/>
		<feat xlink:href="#sSpan1933" value="ⲛⲧⲟⲣⲅⲏ"/>
		<feat xlink:href="#sSpan1944" value="ⲛⲁⲧⲧⲁⲗϭⲟ"/>
		<feat xlink:href="#sSpan1953" value="."/>
		<feat xlink:href="#sSpan1957" value="ϣⲁⲛⲧⲉⲧⲉⲥⲙⲏ"/>
		<feat xlink:href="#sSpan1970" value="ⲙⲡⲉϥⲙⲟⲛⲟⲅⲉⲛⲏⲥ"/>
		<feat xlink:href="#sSpan1981" value="ⲧⲁϩⲟϥ"/>
		<feat xlink:href="#sSpan1988" value="."/>
		<feat xlink:href="#sSpan1992" value="ⲛϥⲧⲱϩⲙ"/>
		<feat xlink:href="#sSpan2001" value="ⲛⲧⲉϥⲙⲛⲧϣⲁⲛϩⲧⲏϥ"/>
		<feat xlink:href="#sSpan2017" value="."/>
		<feat xlink:href="#sSpan2021" value="ⲛϥⲕⲧⲉⲧⲉϥⲟⲣⲅⲏ"/>
		<feat xlink:href="#sSpan2036" value="ⲙⲛⲡⲉϥϭⲱⲛⲧ"/>
		<feat xlink:href="#sSpan2045" value="ⲉⲡⲁϩⲟⲩ"/>
		<feat xlink:href="#sSpan2052" value="."/>
		<feat xlink:href="#sSpan2056" value="ⲁⲩⲱ"/>
		<feat xlink:href="#sSpan2063" value="ⲁϥⲧⲛⲛⲟⲟⲩ"/>
		<feat xlink:href="#sSpan2072" value="ⲛⲟⲩⲁⲅⲅⲉⲗⲟⲥ"/>
		<feat xlink:href="#sSpan2083" value="ⲛϫⲱⲱⲣⲉ"/>
		<feat xlink:href="#sSpan2089" value="."/>
		<feat xlink:href="#sSpan2093" value="ⲁϥⲡⲱϩ"/>
		<feat xlink:href="#sSpan2102" value="ⲙⲡⲕⲁⲧⲁⲡⲉⲧⲁⲥⲙⲁ"/>
		<feat xlink:href="#sSpan2113" value="ⲙⲡⲣⲡⲉ"/>
		<feat xlink:href="#sSpan2123" value="ⲁϥⲣⲥⲛⲁⲩ"/>
		<feat xlink:href="#sSpan2133" value="."/>
		<feat xlink:href="#sSpan2137" value="ⲁⲡⲕⲁϩ"/>
		<feat xlink:href="#sSpan2150" value="ⲕⲓⲙ"/>
		<feat xlink:href="#sSpan2154" value="."/>
		<feat xlink:href="#sSpan2158" value="ⲁⲙⲡⲉⲧⲣⲁ"/>
		<feat xlink:href="#sSpan2169" value="ⲡⲱϩ"/>
		<feat xlink:href="#sSpan2173" value="."/>
		<feat xlink:href="#sSpan2177" value="ⲁⲡⲣⲏ"/>
		<feat xlink:href="#sSpan2187" value="ⲣⲕⲁⲕⲉ"/>
		<feat xlink:href="#sSpan2193" value="ⲡⲉⲓⲛⲟϭ"/>
		<feat xlink:href="#sSpan2200" value="ⲛⲣⲉϥⲣⲟⲩⲟⲉⲓⲛ"/>
		<feat xlink:href="#sSpan2210" value="."/>
		<feat xlink:href="#sSpan2214" value="ⲁⲡⲕⲁϩ"/>
		<feat xlink:href="#sSpan2227" value="ⲧⲏⲣϥ"/>
		<feat xlink:href="#sSpan2234" value="ⲣⲕⲁⲕⲉ"/>
		<feat xlink:href="#sSpan2240" value="ϫⲉⲕⲁⲁⲥ"/>
		<feat xlink:href="#sSpan2244" value="ⲉϥⲉⲥⲕⲩⲡⲁⲍⲉ"/>
		<feat xlink:href="#sSpan2252" value="ⲙⲡⲉϥⲥⲱⲙⲁ"/>
		<feat xlink:href="#sSpan2262" value="ⲉⲧⲟⲩⲁⲁⲃ"/>
		<feat xlink:href="#sSpan2269" value="ϩⲓϫⲙⲡⲉⲥⲧⲁⲩⲣⲟⲥ"/>
		<feat xlink:href="#sSpan2280" value="."/>
		<feat xlink:href="#sSpan2284" value="ⲉⲃⲟⲗ"/>
		<feat xlink:href="#sSpan2289" value="ϫⲉⲁⲩⲕⲁⲁϥ"/>
		<feat xlink:href="#sSpan2302" value="ⲕⲁϩⲏⲩ"/>
		<feat xlink:href="#sSpan2306" value="ⲛⲛⲉϥϩⲟⲓⲧⲉ"/>
		<feat xlink:href="#sSpan2316" value="ⲁⲩⲡⲟϣⲟⲩ"/>
		<feat xlink:href="#sSpan2327" value="ⲉϫⲱⲟⲩ"/>
		<feat xlink:href="#sSpan2333" value="."/>
		<feat xlink:href="#sSpan2337" value="ϭⲱϣⲧ"/>
		<feat xlink:href="#sSpan2349" value="ⲱ"/>
		<feat xlink:href="#sSpan2353" value="ⲛⲁⲙⲉⲣⲁⲧⲉ"/>
		<feat xlink:href="#sSpan2361" value="ⲛⲧⲉⲧⲛⲛⲁⲩ"/>
		<feat xlink:href="#sSpan2369" value="ⲉⲧⲙⲛⲧϣⲁⲛϩⲧⲏϥ"/>
		<feat xlink:href="#sSpan2384" value="ⲙⲡⲛⲟⲩⲧⲉ"/>
		<feat xlink:href="#sSpan2394" value="."/>
		<feat xlink:href="#sSpan2398" value="ⲡⲉⲧϯϩⲃⲥⲱ"/>
		<feat xlink:href="#sSpan2410" value="ϩⲓⲱⲱϥ"/>
		<feat xlink:href="#sSpan2416" value="ⲙⲡⲥⲱⲛⲧ"/>
		<feat xlink:href="#sSpan2426" value="ⲧⲏⲣϥ"/>
		<feat xlink:href="#sSpan2432" value="."/>
		<feat xlink:href="#sSpan2436" value="ⲁⲩⲕⲁⲁϥ"/>
		<feat xlink:href="#sSpan2450" value="ⲕⲁϩⲏⲩ"/>
		<feat xlink:href="#sSpan2454" value="ⲛⲛⲉϥϩⲟⲓⲧⲉ"/>
		<feat xlink:href="#sSpan2464" value="ϩⲓϫⲙⲡⲉⲥⲧⲁⲩⲣⲟⲥ"/>
		<feat xlink:href="#sSpan2475" value="ⲁⲗⲗⲁ"/>
		<feat xlink:href="#sSpan2481" value="ⲡⲣⲏ"/>
		<feat xlink:href="#sSpan2487" value="ϩⲱⲃⲥ"/>
		<feat xlink:href="#sSpan2491" value="ⲙⲡⲉϥϫⲟⲉⲓⲥ"/>
		<feat xlink:href="#sSpan2501" value="ϩⲓⲧⲙⲡⲕⲁⲕⲉ"/>
		<feat xlink:href="#sSpan2511" value="ⲛⲧⲁϥϣⲱⲡⲉ"/>
		<feat xlink:href="#sSpan2522" value="."/>
		<feat xlink:href="#sSpan2526" value="ϫⲉⲛⲛⲉⲩⲛⲟϭ"/>
		<feat xlink:href="#sSpan2537" value="ⲙⲩⲥⲧⲏⲣⲓⲟⲛ"/>
		<feat xlink:href="#sSpan2545" value="ⲛⲧⲁϥϣⲱⲡⲉ"/>
		<feat xlink:href="#sSpan2556" value="ϩⲓϫⲙⲡⲉⲥⲧⲁⲩⲣⲟⲥ"/>
		<feat xlink:href="#sSpan2567" value="ⲉⲃⲟⲗ"/>
		<feat xlink:href="#sSpan2572" value="ϫⲉⲛⲥⲉⲙⲡϣⲁ"/>
		<feat xlink:href="#sSpan2583" value="ⲙⲙⲟϥ"/>
		<feat xlink:href="#sSpan2589" value="ⲁⲛ"/>
		<feat xlink:href="#sSpan2594" value="ⲡⲉⲛⲧⲁϥⲙⲡϣⲁ"/>
		<feat xlink:href="#sSpan2611" value="ⲅⲁⲣ"/>
		<feat xlink:href="#sSpan2615" value="ⲁϥⲑⲉⲱⲣⲉⲓ"/>
		<feat xlink:href="#sSpan2625" value="ⲙⲡϫⲱⲕ"/>
		<feat xlink:href="#sSpan2634" value="ⲧⲏⲣϥ"/>
		<feat xlink:href="#sSpan2641" value="ⲛⲧⲉϥⲙⲛⲧⲛⲟⲩⲧⲉ"/>
		<feat xlink:href="#sSpan2653" value="."/>
		<feat xlink:href="#sSpan2657" value="ⲙⲡⲛⲁⲩ"/>
		<feat xlink:href="#sSpan2666" value="ⲉⲧⲙⲙⲁⲩ"/>
		<feat xlink:href="#sSpan2673" value="."/>
		<feat xlink:href="#sSpan2677" value="ⲛⲓⲙ"/>
		<feat xlink:href="#sSpan2685" value="ϭⲉ"/>
		<feat xlink:href="#sSpan2689" value="ⲡⲉⲛⲧⲁϥⲙⲡϣⲁ"/>
		<feat xlink:href="#sSpan2702" value="ⲙⲡⲉⲓⲛⲟϭ"/>
		<feat xlink:href="#sSpan2711" value="ⲛⲧⲁⲓⲟ"/>
		<feat xlink:href="#sSpan2717" value="."/>
		<feat xlink:href="#sSpan2721" value="ⲙⲁⲣⲉⲛⲉⲓⲙⲉ"/>
		<feat xlink:href="#sSpan2730" value="ⲉⲣⲟϥ"/>
		<feat xlink:href="#sSpan2736" value="."/>
		<feat xlink:href="#sSpan2741" value="ⲡⲗⲏⲥⲧⲏⲥ"/>
		<feat xlink:href="#sSpan2752" value="ⲡⲉ"/>
		<feat xlink:href="#sSpan2756" value="ⲉϥⲧⲁⲗⲏⲩ"/>
		<feat xlink:href="#sSpan2764" value="ⲉⲡϫⲓⲥⲉ"/>
		<feat xlink:href="#sSpan2774" value="ⲙⲡⲉⲥⲧⲁⲩⲣⲟⲥ"/>
		<feat xlink:href="#sSpan2784" value="ⲁϥⲛⲁⲩ"/>
		<feat xlink:href="#sSpan2793" value="ⲉϩⲱⲃ"/>
		<feat xlink:href="#sSpan2801" value="ⲛⲓⲙ"/>
		<feat xlink:href="#sSpan2805" value="ⲛⲧⲁⲩϣⲱⲡⲉ"/>
		<feat xlink:href="#sSpan2816" value="."/>
		<feat xlink:href="#sSpan2820" value="ⲁⲩⲱ"/>
		<feat xlink:href="#sSpan2824" value="ⲁϥⲧⲉⲗⲏⲗ"/>
		<feat xlink:href="#sSpan2833" value="ϫⲉⲁϥⲛⲁⲩ"/>
		<feat xlink:href="#sSpan2843" value="ⲉⲣⲟⲟⲩ"/>
		<feat xlink:href="#sSpan2850" value="."/>
		<feat xlink:href="#sSpan2854" value="ⲟⲩ"/>
		<feat xlink:href="#sSpan2861" value="ⲡⲉ"/>
		<feat xlink:href="#sSpan2865" value="ⲛⲧⲁϥⲛⲁⲩ"/>
		<feat xlink:href="#sSpan2876" value="ⲉⲣⲟϥ"/>
		<feat xlink:href="#sSpan2882" value="."/>
		<feat xlink:href="#sSpan2887" value="ⲉⲓⲙⲏⲧⲓ"/>
		<feat xlink:href="#sSpan2891" value="ⲧⲉⲥⲧⲣⲁⲧⲓⲁ"/>
		<feat xlink:href="#sSpan2900" value="ⲛⲛⲁⲅⲅⲉⲗⲟⲥ"/>
		<feat xlink:href="#sSpan2911" value="ⲉⲩⲕⲱⲧⲉ"/>
		<feat xlink:href="#sSpan2919" value="ⲉⲡⲉⲥⲧⲁⲩⲣⲟⲥ"/>
		<feat xlink:href="#sSpan2930" value="ⲉⲩϩⲩⲙⲛⲉⲩⲉ"/>
		<feat xlink:href="#sSpan2939" value="ⲉⲣⲟϥ"/>
		<feat xlink:href="#sSpan2947" value="."/>
		<feat xlink:href="#sSpan2952" value="ⲡⲉⲓⲱⲧ"/>
		<feat xlink:href="#sSpan2961" value="ϭⲱϣⲧ"/>
		<feat xlink:href="#sSpan2965" value="ⲉⲃⲟⲗ"/>
		<feat xlink:href="#sSpan2971" value="ϩⲛⲧⲡⲉ"/>
		<feat xlink:href="#sSpan2980" value="."/>
		<feat xlink:href="#sSpan2984" value="ⲉϥⲑⲉⲱⲣⲉⲓ"/>
		<feat xlink:href="#sSpan2994" value="ⲙⲡⲉϥϣⲏⲣⲉ"/>
		<feat xlink:href="#sSpan3003" value="ⲡⲉϥⲙⲟⲛⲟⲅⲉⲛⲏⲥ"/>
		<feat xlink:href="#sSpan3011" value="."/>
		<feat xlink:href="#sSpan3015" value="ⲁⲩⲱ"/>
		<feat xlink:href="#sSpan3020" value="ⲉϥϯⲉⲟⲟⲩ"/>
		<feat xlink:href="#sSpan3030" value="ⲛⲁϥ"/>
		<feat xlink:href="#sSpan3036" value="ⲡⲁⲏⲣ"/>
		<feat xlink:href="#sSpan3048" value="ⲧⲏⲣϥ"/>
		<feat xlink:href="#sSpan3055" value="ⲭⲟⲣⲉⲩⲉ"/>
		<feat xlink:href="#sSpan3059" value="ⲡⲕⲁϩ"/>
		<feat xlink:href="#sSpan3067" value="ⲧⲏⲣϥ"/>
		<feat xlink:href="#sSpan3073" value="ⲉϣⲗⲟⲩⲗⲁⲓ"/>
		<feat xlink:href="#sSpan3082" value="ⲉⲃⲟⲗ"/>
		<feat xlink:href="#sSpan3086" value="ϫⲉⲁⲡⲉϥⲣⲣⲟ"/>
		<feat xlink:href="#sSpan3098" value="ⲡⲱϩⲧ"/>
		<feat xlink:href="#sSpan3102" value="ⲙⲡⲉϥⲥⲛⲟϥ"/>
		<feat xlink:href="#sSpan3112" value="ⲉⲃⲟⲗ"/>
		<feat xlink:href="#sSpan3116" value="ϩⲓϫⲱϥ"/>
		<feat xlink:href="#sSpan3122" value="."/>
		<feat xlink:href="#sSpan3126" value="ⲛϣⲏⲛ"/>
		<feat xlink:href="#sSpan3137" value="ⲧⲏⲣⲟⲩ"/>
		<feat xlink:href="#sSpan3144" value="ⲧⲁⲩⲉϩⲣⲏⲣⲉ"/>
		<feat xlink:href="#sSpan3151" value="ⲉⲃⲟⲗ"/>
		<feat xlink:href="#sSpan3155" value="."/>
		<feat xlink:href="#sSpan3159" value="ϫⲉⲡϫⲟⲉⲓⲥ"/>
		<feat xlink:href="#sSpan3169" value="ⲁϣⲉ"/>
		<feat xlink:href="#sSpan3173" value="ⲉϫⲙⲡϣⲉ"/>
		<feat xlink:href="#sSpan3182" value="ⲙⲡⲉⲥⲧⲁⲩⲣⲟⲥ"/>
		<feat xlink:href="#sSpan3193" value="."/>
		<feat xlink:href="#sSpan3197" value="ⲡϣⲉ"/>
		<feat xlink:href="#sSpan3209" value="ⲛⲧⲁⲫⲑⲁⲣⲥⲓⲁ"/>
		<feat xlink:href="#sSpan3219" value="."/>
		<feat xlink:href="#sSpan3223" value="ⲡϣⲉ"/>
		<feat xlink:href="#sSpan3234" value="ⲛⲕⲁⲛⲟⲃⲉ"/>
		<feat xlink:href="#sSpan3243" value="ⲉⲃⲟⲗ"/>
		<feat xlink:href="#sSpan3247" value="."/>
		<feat xlink:href="#sSpan3251" value="ⲡϣⲉ"/>
		<feat xlink:href="#sSpan3262" value="ⲛⲣⲉϥⲧⲁⲗϭⲟ"/>
		<feat xlink:href="#sSpan3271" value="."/>
		<feat xlink:href="#sSpan3275" value="ⲡϣⲉ"/>
		<feat xlink:href="#sSpan3286" value="ⲛⲣⲉϥϯⲱⲛϩ"/>
		<feat xlink:href="#sSpan3296" value="."/>
		<feat xlink:href="#sSpan3300" value="ⲡϣⲉ"/>
		<feat xlink:href="#sSpan3311" value="ⲛⲣⲉϥϯⲕⲁⲣⲡⲟⲥ"/>
		<feat xlink:href="#sSpan3322" value="."/>
		<feat xlink:href="#sSpan3326" value="ⲡϣⲉ"/>
		<feat xlink:href="#sSpan3337" value="ⲙⲡⲉⲙⲧⲟⲛ"/>
		<feat xlink:href="#sSpan3346" value="."/>
		<feat xlink:href="#sSpan3350" value="ⲡϣⲉ"/>
		<feat xlink:href="#sSpan3361" value="ⲙⲡⲟⲩⲛⲟϥ"/>
		<feat xlink:href="#sSpan3370" value="."/>
		<feat xlink:href="#sSpan3374" value="ⲡϣⲉ"/>
		<feat xlink:href="#sSpan3385" value="ⲙⲡⲣⲁϣⲉ"/>
		<feat xlink:href="#sSpan3394" value="."/>
		<feat xlink:href="#sSpan3398" value="ⲡϣⲉ"/>
		<feat xlink:href="#sSpan3409" value="ⲙⲡⲟⲩϫⲁⲓ"/>
		<feat xlink:href="#sSpan3418" value="."/>
		<feat xlink:href="#sSpan3422" value="ⲡϣⲉ"/>
		<feat xlink:href="#sSpan3433" value="ⲙⲡⲉⲥⲙⲟⲩ"/>
		<feat xlink:href="#sSpan3442" value="."/>
		<feat xlink:href="#sSpan3446" value="ⲡϣⲉ"/>
		<feat xlink:href="#sSpan3457" value="ⲙⲡⲱⲛϩ"/>
		<feat xlink:href="#sSpan3466" value="."/>
		<feat xlink:href="#sSpan3470" value="ⲡϣⲉ"/>
		<feat xlink:href="#sSpan3481" value="ⲛⲧⲉⲭⲁⲣⲓⲥ"/>
		<feat xlink:href="#sSpan3491" value="ⲙⲡⲉⲛϫⲟⲉⲓⲥ"/>
		<feat xlink:href="#sSpan3502" value="ⲓⲏⲥⲟⲩⲥ"/>
		<feat xlink:href="#sSpan3506" value="ⲡⲉⲭⲣⲓⲥⲧⲟⲥ"/>
		<feat xlink:href="#sSpan3513" value="."/>
		<feat xlink:href="#sSpan3517" value="ⲡⲉⲛⲧⲁⲩⲁϣⲧϥ"/>
		<feat xlink:href="#sSpan3536" value="ϩⲓϫⲙⲡϣⲉ"/>
		<feat xlink:href="#sSpan3546" value="ⲙⲡⲉⲥⲧⲁⲩⲣⲟⲥ"/>
		<feat xlink:href="#sSpan3556" value="."/>
		<feat xlink:href="#sSpan3560" value="ⲁⲓⲛⲁⲩ"/>
		<feat xlink:href="#sSpan3573" value="ⲉⲡⲥⲱⲛⲧ"/>
		<feat xlink:href="#sSpan3582" value="ⲧⲏⲣϥ"/>
		<feat xlink:href="#sSpan3589" value="ⲉϥⲧⲁϩⲏⲩ"/>
		<feat xlink:href="#sSpan3597" value="ⲉⲣⲁⲧϥ"/>
		<feat xlink:href="#sSpan3603" value="ⲁⲩⲱ"/>
		<feat xlink:href="#sSpan3608" value="ⲉϥⲥⲙⲟⲛⲧ"/>
		<feat xlink:href="#sSpan3616" value="ϩⲙⲡⲉⲡⲣⲟⲥⲱⲡⲟⲛ"/>
		<feat xlink:href="#sSpan3627" value="ⲙⲡⲉⲥⲧⲁⲩⲣⲟⲥ"/>
		<feat xlink:href="#sSpan3638" value="."/>
		<feat xlink:href="#sSpan3642" value="ⲡⲉⲧⲉϣⲁϥⲣⲡⲣⲱⲙⲉ"/>
		<feat xlink:href="#sSpan3665" value="ⲛⲃⲣⲣⲉ"/>
		<feat xlink:href="#sSpan3671" value="ⲛⲕⲉⲥⲟⲡ"/>
		<feat xlink:href="#sSpan3684" value="."/>
		<feat xlink:href="#sSpan3688" value="ⲙⲛⲛⲥⲁⲛⲥⲉⲣⲁⲥ"/>
		<feat xlink:href="#sSpan3701" value="."/>
		<feat xlink:href="#sSpan3705" value="ϣⲁⲩϯⲙⲁⲉⲓⲛ"/>
		<feat xlink:href="#sSpan3716" value="ⲉⲣⲟϥ"/>
		<feat xlink:href="#sSpan3722" value="ϩⲓⲧⲙⲡⲃⲁⲡⲧⲓⲥⲙⲁ"/>
		<feat xlink:href="#sSpan3733" value="ⲉⲧⲟⲩⲁⲁⲃ"/>
		<feat xlink:href="#sSpan3740" value="."/>
		<feat xlink:href="#sSpan3744" value="ⲉϣⲁⲩⲁⲁϥ"/>
		<feat xlink:href="#sSpan3756" value="ϩⲙⲡⲛⲉϩ"/>
		<feat xlink:href="#sSpan3766" value="ⲙⲛⲧⲉⲥⲫⲣⲁⲅⲓⲥ"/>
		<feat xlink:href="#sSpan3777" value="ⲙⲡⲉⲭⲣⲓⲥⲧⲟⲥ"/>
		<feat xlink:href="#sSpan3787" value="."/>
		<feat xlink:href="#sSpan3792" value="ⲡⲉⲥⲧⲁⲩⲣⲟⲥ"/>
		<feat xlink:href="#sSpan3803" value="ⲡⲉ"/>
		<feat xlink:href="#sSpan3807" value="ϣⲁϥⲕⲁⲑⲁⲣⲓⲍⲉ"/>
		<feat xlink:href="#sSpan3817" value="ⲙⲡⲣⲱⲙⲉ"/>
		<feat xlink:href="#sSpan3826" value="ⲛϥⲡⲱⲧ"/>
		<feat xlink:href="#sSpan3836" value="ⲛⲥⲁⲛⲉⲛⲉⲣⲅⲉⲓⲁ"/>
		<feat xlink:href="#sSpan3847" value="ⲛϥⲛⲁϫⲟⲩ"/>
		<feat xlink:href="#sSpan3859" value="ⲉⲃⲟⲗ"/>
		<feat xlink:href="#sSpan3864" value="ⲛϩⲏⲧϥ"/>
		<feat xlink:href="#sSpan3870" value="."/>
		<feat xlink:href="#sSpan3875" value="ⲡⲉⲥⲧⲁⲩⲣⲟⲥ"/>
		<feat xlink:href="#sSpan3886" value="ⲡⲉ"/>
		<feat xlink:href="#sSpan3890" value="ⲡⲙⲩⲥⲧⲏⲣⲓⲟⲛ"/>
		<feat xlink:href="#sSpan3899" value="ⲉⲧⲟⲩⲁⲁⲃ"/>
		<feat xlink:href="#sSpan3906" value="ϩⲟⲧⲁⲛ"/>
		<feat xlink:href="#sSpan3915" value="ⲅⲁⲣ"/>
		<feat xlink:href="#sSpan3919" value="ⲉⲩϣⲁⲛⲥⲫⲣⲁⲅⲓⲍⲉ"/>
		<feat xlink:href="#sSpan3927" value="ⲙⲡⲟⲉⲓⲕ"/>
		<feat xlink:href="#sSpan3936" value="ⲙⲛⲡⲡⲟⲧⲏⲣⲓⲟⲛ"/>
		<feat xlink:href="#sSpan3947" value="ϩⲓϫⲛⲧⲉⲧⲣⲁⲡⲉⲍⲁ"/>
		<feat xlink:href="#sSpan3958" value="ⲉⲧⲟⲩⲁⲁⲃ"/>
		<feat xlink:href="#sSpan3965" value="."/>
		<feat xlink:href="#sSpan3969" value="ⲁⲩⲱ"/>
		<feat xlink:href="#sSpan3973" value="ⲛⲥⲉⲉⲡⲓⲧⲉⲗⲉⲓ"/>
		<feat xlink:href="#sSpan3983" value="ⲉϫⲱⲟⲩ"/>
		<feat xlink:href="#sSpan3990" value="ⲟⲩⲕ"/>
		<feat xlink:href="#sSpan3996" value="ⲉⲧⲓ"/>
		<feat xlink:href="#sSpan4000" value="ⲛⲟⲩⲟⲉⲓⲕ"/>
		<feat xlink:href="#sSpan4009" value="ⲁⲛ"/>
		<feat xlink:href="#sSpan4014" value="ⲡⲉ"/>
		<feat xlink:href="#sSpan4018" value="."/>
		<feat xlink:href="#sSpan4022" value="ⲙⲛⲟⲩⲏⲣⲡ"/>
		<feat xlink:href="#sSpan4031" value="ⲛⲕⲉⲥⲟⲡ"/>
		<feat xlink:href="#sSpan4041" value="."/>
		<feat xlink:href="#sSpan4046" value="ⲁⲗⲗⲁ"/>
		<feat xlink:href="#sSpan4051" value="ⲟⲩⲥⲱⲙⲁ"/>
		<feat xlink:href="#sSpan4059" value="ⲡⲉ"/>
		<feat xlink:href="#sSpan4063" value="ⲙⲛⲟⲩⲥⲛⲟϥ"/>
		<feat xlink:href="#sSpan4073" value="ⲉϥⲟⲩⲁⲁⲃ"/>
		<feat xlink:href="#sSpan4081" value="."/>
		<feat xlink:href="#sSpan4086" value="ⲡⲉⲥⲧⲁⲩⲣⲟⲥ"/>
		<feat xlink:href="#sSpan4097" value="ⲡⲉ"/>
		<feat xlink:href="#sSpan4101" value="ⲥⲟⲗⲥⲗ"/>
		<feat xlink:href="#sSpan4107" value="ⲛⲛⲉⲧϩⲛϩⲉⲛⲗⲩⲡⲏ"/>
		<feat xlink:href="#sSpan4124" value="ⲉⲧⲃⲉⲛⲉⲩⲛⲟⲃⲉ"/>
		<feat xlink:href="#sSpan4133" value="."/>
		<feat xlink:href="#sSpan4138" value="ⲡⲉⲥⲧⲁⲩⲣⲟⲥ"/>
		<feat xlink:href="#sSpan4149" value="ⲡⲉ"/>
		<feat xlink:href="#sSpan4153" value="ⲧⲉϩⲓⲏ"/>
		<feat xlink:href="#sSpan4160" value="ⲉⲧⲥⲟⲩⲧⲱⲛ"/>
		<feat xlink:href="#sSpan4167" value="."/>
		<feat xlink:href="#sSpan4172" value="ϩⲟⲧⲁⲛ"/>
		<feat xlink:href="#sSpan4176" value="ⲉⲩϣⲁⲛⲣϣⲙⲙⲟ"/>
		<feat xlink:href="#sSpan4185" value="ⲙⲉⲩⲥⲱⲣⲙ"/>
		<feat xlink:href="#sSpan4194" value="ⲛϭⲓⲛⲉⲧⲙⲟⲟϣⲉ"/>
		<feat xlink:href="#sSpan4206" value="ⲛϩⲏⲧϥ"/>
		<feat xlink:href="#sSpan4212" value="."/>
		<feat xlink:href="#sSpan4217" value="ⲡⲉⲥⲧⲁⲩⲣⲟⲥ"/>
		<feat xlink:href="#sSpan4228" value="ⲡⲉ"/>
		<feat xlink:href="#sSpan4232" value="ⲡⲡⲩⲣⲅⲟⲥ"/>
		<feat xlink:href="#sSpan4241" value="ⲉϥϫⲟⲥⲉ"/>
		<feat xlink:href="#sSpan4249" value="ⲉϣⲁϥϣⲱⲡ"/>
		<feat xlink:href="#sSpan4261" value="ⲉⲣⲟϥ"/>
		<feat xlink:href="#sSpan4267" value="ⲛⲛⲉⲧⲡⲏⲧ"/>
		<feat xlink:href="#sSpan4279" value="ⲉⲣⲁⲧϥ"/>
		<feat xlink:href="#sSpan4285" value="."/>
		<feat xlink:href="#sSpan4290" value="ⲡⲉⲥⲧⲁⲩⲣⲟⲥ"/>
		<feat xlink:href="#sSpan4301" value="ⲡⲉ"/>
		<feat xlink:href="#sSpan4305" value="ⲧⲉϭⲗⲟⲟϭⲉ"/>
		<feat xlink:href="#sSpan4312" value="ⲛⲣⲉϥϫⲓⲣⲱⲙⲉ"/>
		<feat xlink:href="#sSpan4323" value="ⲉϩⲣⲁⲓ"/>
		<feat xlink:href="#sSpan4328" value="ⲉⲧⲡⲉ"/>
		<feat xlink:href="#sSpan4337" value="."/>
		<feat xlink:href="#sSpan4342" value="ⲡⲉⲥⲧⲁⲩⲣⲟⲥ"/>
		<feat xlink:href="#sSpan4353" value="ⲡⲉ"/>
		<feat xlink:href="#sSpan4357" value="ⲧϩⲃⲥⲱ"/>
		<feat xlink:href="#sSpan4365" value="ⲉϣⲁⲣⲉⲛⲉⲭⲣⲓⲥⲧⲓⲁⲛⲟⲥ"/>
		<feat xlink:href="#sSpan4379" value="ⲫⲱⲣⲉⲓ"/>
		<feat xlink:href="#sSpan4383" value="ⲙⲙⲟⲥ"/>
		<feat xlink:href="#sSpan4390" value="."/>
		<feat xlink:href="#sSpan4394" value="ⲡⲉⲥⲧⲁⲩⲣⲟⲥ"/>
		<feat xlink:href="#sSpan4406" value="ⲡⲉ"/>
		<feat xlink:href="#sSpan4410" value="ⲡⲃⲟⲏⲑⲟⲥ"/>
		<feat xlink:href="#sSpan4419" value="ⲛⲛⲉⲉⲃⲓⲏⲛ"/>
		<feat xlink:href="#sSpan4428" value="."/>
		<feat xlink:href="#sSpan4432" value="ⲁⲩⲱ"/>
		<feat xlink:href="#sSpan4437" value="ⲉⲧⲃⲟⲏⲑⲉⲓⲁ"/>
		<feat xlink:href="#sSpan4447" value="ⲉⲛⲉⲧϩⲏϣ"/>
		<feat xlink:href="#sSpan4459" value="."/>
		<feat xlink:href="#sSpan4464" value="ⲡⲉⲥⲧⲁⲩⲣⲟⲥ"/>
		<feat xlink:href="#sSpan4475" value="ⲡⲉ"/>
		<feat xlink:href="#sSpan4479" value="ⲛⲧⲁϥϣⲟⲣϣⲣ"/>
		<feat xlink:href="#sSpan4490" value="ⲙⲡⲣⲡⲉ"/>
		<feat xlink:href="#sSpan4499" value="ⲛⲛⲓⲟⲩⲇⲁⲓ"/>
		<feat xlink:href="#sSpan4510" value="."/>
		<feat xlink:href="#sSpan4514" value="ⲁϥⲧⲣⲉⲩⲟⲩⲱⲛ"/>
		<feat xlink:href="#sSpan4527" value="ⲛⲧⲉⲕⲕⲗⲏⲥⲓⲁ"/>
		<feat xlink:href="#sSpan4538" value="."/>
		<feat xlink:href="#sSpan4542" value="ⲁϥⲥⲧⲉⲫⲁⲛⲟⲩ"/>
		<feat xlink:href="#sSpan4552" value="ⲙⲙⲟⲥ"/>
		<feat xlink:href="#sSpan4558" value="."/>
		<feat xlink:href="#sSpan4563" value="ⲡⲉⲥⲧⲁⲩⲣⲟⲥ"/>
		<feat xlink:href="#sSpan4574" value="ⲁϥϣⲟⲣϣⲣ"/>
		<feat xlink:href="#sSpan4583" value="ⲛⲛⲇⲁⲓⲙⲟⲛⲓⲟⲛ"/>
		<feat xlink:href="#sSpan4594" value="ⲁϥⲛⲁϫⲟⲩ"/>
		<feat xlink:href="#sSpan4604" value="ⲉⲃⲟⲗ"/>
		<feat xlink:href="#sSpan4609" value="ϩⲛⲟⲩϩⲟⲧⲉ"/>
		<feat xlink:href="#sSpan4619" value="."/>
		<feat xlink:href="#sSpan4624" value="ⲡⲉⲥⲧⲁⲩⲣⲟⲥ"/>
		<feat xlink:href="#sSpan4635" value="ⲡⲉ"/>
		<feat xlink:href="#sSpan4639" value="ⲡⲉⲥⲙⲓⲛⲉ"/>
		<feat xlink:href="#sSpan4647" value="ⲛⲛⲉⲉϫⲏⲩ"/>
		<feat xlink:href="#sSpan4656" value="ⲉⲧⲣϩⲱⲧ"/>
		<feat xlink:href="#sSpan4665" value="ϩⲛⲟⲩⲙⲛⲧⲥⲁⲓⲉ"/>
		<feat xlink:href="#sSpan4677" value="."/>
		<feat xlink:href="#sSpan4682" value="ⲡⲉⲥⲧⲁⲩⲣⲟⲥ"/>
		<feat xlink:href="#sSpan4693" value="ⲡⲉ"/>
		<feat xlink:href="#sSpan4697" value="ⲡⲉⲥⲙⲓⲛⲉ"/>
		<feat xlink:href="#sSpan4705" value="ⲛⲛⲉⲟⲩⲏⲏⲃ"/>
		<feat xlink:href="#sSpan4714" value="ⲉⲧϩⲙⲡⲏⲓ"/>
		<feat xlink:href="#sSpan4726" value="ⲙⲡⲛⲟⲩⲧⲉ"/>
		<feat xlink:href="#sSpan4736" value="ϩⲛⲟⲩⲙⲛⲧⲥⲁⲃⲉ"/>
		<feat xlink:href="#sSpan4747" value="."/>
		<feat xlink:href="#sSpan4752" value="ⲡⲉⲥⲧⲁⲩⲣⲟⲥ"/>
		<feat xlink:href="#sSpan4763" value="ⲡⲉ"/>
		<feat xlink:href="#sSpan4767" value="ⲡⲉⲕⲣⲓⲧⲏⲥ"/>
		<feat xlink:href="#sSpan4776" value="ⲛⲛⲁⲧⲡⲱⲱⲛⲉ"/>
		<feat xlink:href="#sSpan4788" value="ⲛⲛⲁⲡⲟⲥⲧⲟⲗⲟⲥ"/>
		<feat xlink:href="#sSpan4799" value="."/></featList></paula>