<?xml version='1.0' encoding='UTF-8'?><!DOCTYPE paula SYSTEM "paula_feat.dtd">
<paula version="1.1">
	<header paula_id="scriptorium.cross.michbr291-294.mark_lb_n"/>
	<featList xmlns:xlink="http://www.w3.org/1999/xlink" type="lb_n" xml:base="scriptorium.cross.michbr291-294.mark.xml">
		<feat xlink:href="#sSpan10" value="1"/>
		<feat xlink:href="#sSpan32" value="2"/>
		<feat xlink:href="#sSpan48" value="3"/>
		<feat xlink:href="#sSpan65" value="4"/>
		<feat xlink:href="#sSpan82" value="5"/>
		<feat xlink:href="#sSpan98" value="6"/>
		<feat xlink:href="#sSpan117" value="7"/>
		<feat xlink:href="#sSpan133" value="8"/>
		<feat xlink:href="#sSpan145" value="9"/>
		<feat xlink:href="#sSpan157" value="10"/>
		<feat xlink:href="#sSpan177" value="11"/>
		<feat xlink:href="#sSpan191" value="12"/>
		<feat xlink:href="#sSpan206" value="13"/>
		<feat xlink:href="#sSpan218" value="14"/>
		<feat xlink:href="#sSpan236" value="15"/>
		<feat xlink:href="#sSpan246" value="16"/>
		<feat xlink:href="#sSpan259" value="17"/>
		<feat xlink:href="#sSpan270" value="18"/>
		<feat xlink:href="#sSpan285" value="19"/>
		<feat xlink:href="#sSpan304" value="20"/>
		<feat xlink:href="#sSpan325" value="21"/>
		<feat xlink:href="#sSpan337" value="22"/>
		<feat xlink:href="#sSpan355" value="23"/>
		<feat xlink:href="#sSpan367" value="24"/>
		<feat xlink:href="#sSpan375" value="25"/>
		<feat xlink:href="#sSpan389" value="26"/>
		<feat xlink:href="#sSpan410" value="27"/>
		<feat xlink:href="#sSpan424" value="28"/>
		<feat xlink:href="#sSpan436" value="29"/>
		<feat xlink:href="#sSpan452" value="30"/>
		<feat xlink:href="#sSpan467" value="31"/>
		<feat xlink:href="#sSpan480" value="32"/>
		<feat xlink:href="#sSpan496" value="33"/>
		<feat xlink:href="#sSpan507" value="1"/>
		<feat xlink:href="#sSpan522" value="2"/>
		<feat xlink:href="#sSpan539" value="3"/>
		<feat xlink:href="#sSpan558" value="4"/>
		<feat xlink:href="#sSpan576" value="5"/>
		<feat xlink:href="#sSpan593" value="6"/>
		<feat xlink:href="#sSpan609" value="7"/>
		<feat xlink:href="#sSpan622" value="8"/>
		<feat xlink:href="#sSpan640" value="9"/>
		<feat xlink:href="#sSpan663" value="10"/>
		<feat xlink:href="#sSpan679" value="11"/>
		<feat xlink:href="#sSpan692" value="12"/>
		<feat xlink:href="#sSpan706" value="13"/>
		<feat xlink:href="#sSpan726" value="14"/>
		<feat xlink:href="#sSpan746" value="15"/>
		<feat xlink:href="#sSpan766" value="16"/>
		<feat xlink:href="#sSpan787" value="17"/>
		<feat xlink:href="#sSpan808" value="18"/>
		<feat xlink:href="#sSpan825" value="19"/>
		<feat xlink:href="#sSpan845" value="20"/>
		<feat xlink:href="#sSpan860" value="21"/>
		<feat xlink:href="#sSpan875" value="22"/>
		<feat xlink:href="#sSpan890" value="23"/>
		<feat xlink:href="#sSpan901" value="24"/>
		<feat xlink:href="#sSpan923" value="25"/>
		<feat xlink:href="#sSpan938" value="26"/>
		<feat xlink:href="#sSpan958" value="27"/>
		<feat xlink:href="#sSpan986" value="28"/>
		<feat xlink:href="#sSpan1007" value="29"/>
		<feat xlink:href="#sSpan1021" value="30"/>
		<feat xlink:href="#sSpan1036" value="31"/>
		<feat xlink:href="#sSpan1051" value="32"/>
		<feat xlink:href="#sSpan1073" value="33"/>
		<feat xlink:href="#sSpan1096" value="34"/>
		<feat xlink:href="#sSpan1122" value="1"/>
		<feat xlink:href="#sSpan1137" value="2"/>
		<feat xlink:href="#sSpan1146" value="3"/>
		<feat xlink:href="#sSpan1168" value="4"/>
		<feat xlink:href="#sSpan1188" value="5"/>
		<feat xlink:href="#sSpan1197" value="6"/>
		<feat xlink:href="#sSpan1209" value="7"/>
		<feat xlink:href="#sSpan1237" value="8"/>
		<feat xlink:href="#sSpan1250" value="9"/>
		<feat xlink:href="#sSpan1272" value="10"/>
		<feat xlink:href="#sSpan1298" value="11"/>
		<feat xlink:href="#sSpan1308" value="12"/>
		<feat xlink:href="#sSpan1331" value="13"/>
		<feat xlink:href="#sSpan1350" value="14"/>
		<feat xlink:href="#sSpan1374" value="15"/>
		<feat xlink:href="#sSpan1386" value="16"/>
		<feat xlink:href="#sSpan1409" value="17"/>
		<feat xlink:href="#sSpan1426" value="18"/>
		<feat xlink:href="#sSpan1450" value="19"/>
		<feat xlink:href="#sSpan1474" value="20"/>
		<feat xlink:href="#sSpan1490" value="21"/>
		<feat xlink:href="#sSpan1510" value="22"/>
		<feat xlink:href="#sSpan1531" value="23"/>
		<feat xlink:href="#sSpan1547" value="24"/>
		<feat xlink:href="#sSpan1559" value="25"/>
		<feat xlink:href="#sSpan1581" value="26"/>
		<feat xlink:href="#sSpan1601" value="27"/>
		<feat xlink:href="#sSpan1617" value="28"/>
		<feat xlink:href="#sSpan1632" value="29"/>
		<feat xlink:href="#sSpan1655" value="30"/>
		<feat xlink:href="#sSpan1683" value="31"/>
		<feat xlink:href="#sSpan1701" value="32"/>
		<feat xlink:href="#sSpan1715" value="33"/>
		<feat xlink:href="#sSpan1725" value="34"/>
		<feat xlink:href="#sSpan1748" value="35"/>
		<feat xlink:href="#sSpan1768" value="36"/>
		<feat xlink:href="#sSpan1784" value="1"/>
		<feat xlink:href="#sSpan1807" value="2"/>
		<feat xlink:href="#sSpan1820" value="3"/>
		<feat xlink:href="#sSpan1836" value="4"/>
		<feat xlink:href="#sSpan1858" value="5"/>
		<feat xlink:href="#sSpan1876" value="6"/>
		<feat xlink:href="#sSpan1894" value="7"/>
		<feat xlink:href="#sSpan1904" value="8"/>
		<feat xlink:href="#sSpan1919" value="9"/>
		<feat xlink:href="#sSpan1928" value="10"/>
		<feat xlink:href="#sSpan1941" value="11"/>
		<feat xlink:href="#sSpan1962" value="12"/>
		<feat xlink:href="#sSpan1978" value="13"/>
		<feat xlink:href="#sSpan1983" value="14"/>
		<feat xlink:href="#sSpan2005" value="15"/>
		<feat xlink:href="#sSpan2013" value="16"/>
		<feat xlink:href="#sSpan2033" value="17"/>
		<feat xlink:href="#sSpan2047" value="18"/>
		<feat xlink:href="#sSpan2069" value="19"/>
		<feat xlink:href="#sSpan2080" value="20"/>
		<feat xlink:href="#sSpan2095" value="21"/>
		<feat xlink:href="#sSpan2110" value="22"/>
		<feat xlink:href="#sSpan2120" value="23"/>
		<feat xlink:href="#sSpan2147" value="24"/>
		<feat xlink:href="#sSpan2166" value="25"/>
		<feat xlink:href="#sSpan2190" value="26"/>
		<feat xlink:href="#sSpan2205" value="27"/>
		<feat xlink:href="#sSpan2224" value="28"/>
		<feat xlink:href="#sSpan2237" value="29"/>
		<feat xlink:href="#sSpan2249" value="30"/>
		<feat xlink:href="#sSpan2264" value="31"/>
		<feat xlink:href="#sSpan2274" value="32"/>
		<feat xlink:href="#sSpan2293" value="33"/>
		<feat xlink:href="#sSpan2308" value="34"/>
		<feat xlink:href="#sSpan2322" value="35"/>
		<feat xlink:href="#sSpan2340" value="1"/>
		<feat xlink:href="#sSpan2358" value="2"/>
		<feat xlink:href="#sSpan2377" value="3"/>
		<feat xlink:href="#sSpan2386" value="4"/>
		<feat xlink:href="#sSpan2407" value="5"/>
		<feat xlink:href="#sSpan2423" value="6"/>
		<feat xlink:href="#sSpan2445" value="7"/>
		<feat xlink:href="#sSpan2461" value="8"/>
		<feat xlink:href="#sSpan2477" value="9"/>
		<feat xlink:href="#sSpan2496" value="10"/>
		<feat xlink:href="#sSpan2505" value="11"/>
		<feat xlink:href="#sSpan2519" value="12"/>
		<feat xlink:href="#sSpan2539" value="13"/>
		<feat xlink:href="#sSpan2547" value="14"/>
		<feat xlink:href="#sSpan2561" value="15"/>
		<feat xlink:href="#sSpan2578" value="16"/>
		<feat xlink:href="#sSpan2596" value="17"/>
		<feat xlink:href="#sSpan2617" value="18"/>
		<feat xlink:href="#sSpan2636" value="19"/>
		<feat xlink:href="#sSpan2650" value="20"/>
		<feat xlink:href="#sSpan2670" value="21"/>
		<feat xlink:href="#sSpan2693" value="22"/>
		<feat xlink:href="#sSpan2708" value="23"/>
		<feat xlink:href="#sSpan2727" value="24"/>
		<feat xlink:href="#sSpan2749" value="25"/>
		<feat xlink:href="#sSpan2766" value="26"/>
		<feat xlink:href="#sSpan2786" value="27"/>
		<feat xlink:href="#sSpan2807" value="28"/>
		<feat xlink:href="#sSpan2826" value="29"/>
		<feat xlink:href="#sSpan2845" value="30"/>
		<feat xlink:href="#sSpan2873" value="31"/>
		<feat xlink:href="#sSpan2893" value="32"/>
		<feat xlink:href="#sSpan2908" value="33"/>
		<feat xlink:href="#sSpan2927" value="34"/>
		<feat xlink:href="#sSpan2941" value="1"/>
		<feat xlink:href="#sSpan2968" value="2"/>
		<feat xlink:href="#sSpan2991" value="3"/>
		<feat xlink:href="#sSpan3005" value="4"/>
		<feat xlink:href="#sSpan3017" value="5"/>
		<feat xlink:href="#sSpan3039" value="6"/>
		<feat xlink:href="#sSpan3061" value="7"/>
		<feat xlink:href="#sSpan3079" value="8"/>
		<feat xlink:href="#sSpan3095" value="9"/>
		<feat xlink:href="#sSpan3109" value="10"/>
		<feat xlink:href="#sSpan3129" value="11"/>
		<feat xlink:href="#sSpan3148" value="12"/>
		<feat xlink:href="#sSpan3166" value="13"/>
		<feat xlink:href="#sSpan3184" value="14"/>
		<feat xlink:href="#sSpan3203" value="15"/>
		<feat xlink:href="#sSpan3229" value="16"/>
		<feat xlink:href="#sSpan3257" value="17"/>
		<feat xlink:href="#sSpan3281" value="18"/>
		<feat xlink:href="#sSpan3306" value="19"/>
		<feat xlink:href="#sSpan3332" value="20"/>
		<feat xlink:href="#sSpan3356" value="21"/>
		<feat xlink:href="#sSpan3380" value="22"/>
		<feat xlink:href="#sSpan3404" value="23"/>
		<feat xlink:href="#sSpan3428" value="24"/>
		<feat xlink:href="#sSpan3452" value="25"/>
		<feat xlink:href="#sSpan3472" value="26"/>
		<feat xlink:href="#sSpan3498" value="27"/>
		<feat xlink:href="#sSpan3519" value="28"/>
		<feat xlink:href="#sSpan3538" value="29"/>
		<feat xlink:href="#sSpan3562" value="30"/>
		<feat xlink:href="#sSpan3584" value="31"/>
		<feat xlink:href="#sSpan3605" value="32"/>
		<feat xlink:href="#sSpan3620" value="33"/>
		<feat xlink:href="#sSpan3632" value="34"/>
		<feat xlink:href="#sSpan3657" value="35"/>
		<feat xlink:href="#sSpan3677" value="1"/>
		<feat xlink:href="#sSpan3694" value="2"/>
		<feat xlink:href="#sSpan3713" value="3"/>
		<feat xlink:href="#sSpan3726" value="4"/>
		<feat xlink:href="#sSpan3737" value="5"/>
		<feat xlink:href="#sSpan3761" value="6"/>
		<feat xlink:href="#sSpan3774" value="7"/>
		<feat xlink:href="#sSpan3794" value="8"/>
		<feat xlink:href="#sSpan3814" value="9"/>
		<feat xlink:href="#sSpan3828" value="10"/>
		<feat xlink:href="#sSpan3844" value="11"/>
		<feat xlink:href="#sSpan3861" value="12"/>
		<feat xlink:href="#sSpan3877" value="13"/>
		<feat xlink:href="#sSpan3896" value="14"/>
		<feat xlink:href="#sSpan3908" value="15"/>
		<feat xlink:href="#sSpan3924" value="16"/>
		<feat xlink:href="#sSpan3938" value="17"/>
		<feat xlink:href="#sSpan3949" value="18"/>
		<feat xlink:href="#sSpan3960" value="19"/>
		<feat xlink:href="#sSpan3980" value="20"/>
		<feat xlink:href="#sSpan3992" value="21"/>
		<feat xlink:href="#sSpan4011" value="22"/>
		<feat xlink:href="#sSpan4033" value="23"/>
		<feat xlink:href="#sSpan4056" value="24"/>
		<feat xlink:href="#sSpan4070" value="25"/>
		<feat xlink:href="#sSpan4088" value="26"/>
		<feat xlink:href="#sSpan4106" value="27"/>
		<feat xlink:href="#sSpan4121" value="28"/>
		<feat xlink:href="#sSpan4140" value="29"/>
		<feat xlink:href="#sSpan4164" value="30"/>
		<feat xlink:href="#sSpan4178" value="31"/>
		<feat xlink:href="#sSpan4187" value="32"/>
		<feat xlink:href="#sSpan4203" value="33"/>
		<feat xlink:href="#sSpan4219" value="34"/>
		<feat xlink:href="#sSpan4238" value="35"/>
		<feat xlink:href="#sSpan4257" value="1"/>
		<feat xlink:href="#sSpan4276" value="2"/>
		<feat xlink:href="#sSpan4292" value="3"/>
		<feat xlink:href="#sSpan4314" value="4"/>
		<feat xlink:href="#sSpan4325" value="5"/>
		<feat xlink:href="#sSpan4344" value="6"/>
		<feat xlink:href="#sSpan4364" value="7"/>
		<feat xlink:href="#sSpan4375" value="8"/>
		<feat xlink:href="#sSpan4385" value="9"/>
		<feat xlink:href="#sSpan4396" value="10"/>
		<feat xlink:href="#sSpan4416" value="11"/>
		<feat xlink:href="#sSpan4434" value="12"/>
		<feat xlink:href="#sSpan4449" value="13"/>
		<feat xlink:href="#sSpan4466" value="14"/>
		<feat xlink:href="#sSpan4487" value="15"/>
		<feat xlink:href="#sSpan4501" value="16"/>
		<feat xlink:href="#sSpan4520" value="17"/>
		<feat xlink:href="#sSpan4535" value="18"/>
		<feat xlink:href="#sSpan4549" value="19"/>
		<feat xlink:href="#sSpan4565" value="20"/>
		<feat xlink:href="#sSpan4580" value="21"/>
		<feat xlink:href="#sSpan4591" value="22"/>
		<feat xlink:href="#sSpan4611" value="23"/>
		<feat xlink:href="#sSpan4626" value="24"/>
		<feat xlink:href="#sSpan4644" value="25"/>
		<feat xlink:href="#sSpan4658" value="26"/>
		<feat xlink:href="#sSpan4674" value="27"/>
		<feat xlink:href="#sSpan4684" value="28"/>
		<feat xlink:href="#sSpan4702" value="29"/>
		<feat xlink:href="#sSpan4716" value="30"/>
		<feat xlink:href="#sSpan4733" value="31"/>
		<feat xlink:href="#sSpan4754" value="32"/>
		<feat xlink:href="#sSpan4773" value="33"/>
		<feat xlink:href="#sSpan4785" value="34"/>
		<feat xlink:href="#sSpan4796" value="35"/></featList></paula>