<?xml version='1.0' encoding='UTF-8'?><!DOCTYPE paula SYSTEM "paula_feat.dtd">
<paula version="1.1">
	<header paula_id="scriptorium.cross.michbr291-294.mark_func"/>
	<featList xmlns:xlink="http://www.w3.org/1999/xlink" type="func" xml:base="scriptorium.cross.michbr291-294.mark.xml">
		<feat xlink:href="#sSpan1" value="det"/>
		<feat xlink:href="#sSpan14" value="root"/>
		<feat xlink:href="#sSpan16" value="punct"/>
		<feat xlink:href="#sSpan20" value="root"/>
		<feat xlink:href="#sSpan28" value="mark"/>
		<feat xlink:href="#sSpan33" value="aux"/>
		<feat xlink:href="#sSpan35" value="det"/>
		<feat xlink:href="#sSpan38" value="nsubj"/>
		<feat xlink:href="#sSpan40" value="acl:relcl"/>
		<feat xlink:href="#sSpan44" value="case"/>
		<feat xlink:href="#sSpan49" value="obl"/>
		<feat xlink:href="#sSpan51" value="aux"/>
		<feat xlink:href="#sSpan55" value="nsubj"/>
		<feat xlink:href="#sSpan57" value="parataxis"/>
		<feat xlink:href="#sSpan59" value="obj"/>
		<feat xlink:href="#sSpan61" value="mark"/>
		<feat xlink:href="#sSpan67" value="acl:relcl"/>
		<feat xlink:href="#sSpan70" value="cop"/>
		<feat xlink:href="#sSpan74" value="punct"/>
		<feat xlink:href="#sSpan78" value="cc"/>
		<feat xlink:href="#sSpan84" value="conj"/>
		<feat xlink:href="#sSpan87" value="punct"/>
		<feat xlink:href="#sSpan91" value="cc"/>
		<feat xlink:href="#sSpan95" value="det"/>
		<feat xlink:href="#sSpan99" value="conj"/>
		<feat xlink:href="#sSpan101" value="case"/>
		<feat xlink:href="#sSpan106" value="nmod"/>
		<feat xlink:href="#sSpan109" value="punct"/>
		<feat xlink:href="#sSpan113" value="appos"/>
		<feat xlink:href="#sSpan119" value="mark"/>
		<feat xlink:href="#sSpan123" value="aux"/>
		<feat xlink:href="#sSpan125" value="nsubj"/>
		<feat xlink:href="#sSpan127" value="acl:relcl"/>
		<feat xlink:href="#sSpan129" value="case"/>
		<feat xlink:href="#sSpan135" value="obl"/>
		<feat xlink:href="#sSpan138" value="case"/>
		<feat xlink:href="#sSpan142" value="det"/>
		<feat xlink:href="#sSpan147" value="obl"/>
		<feat xlink:href="#sSpan149" value="punct"/>
		<feat xlink:href="#sSpan153" value="aux"/>
		<feat xlink:href="#sSpan162" value="nsubj"/>
		<feat xlink:href="#sSpan164" value="root"/>
		<feat xlink:href="#sSpan166" value="obj"/>
		<feat xlink:href="#sSpan168" value="advmod"/>
		<feat xlink:href="#sSpan173" value="advmod"/>
		<feat xlink:href="#sSpan178" value="advmod"/>
		<feat xlink:href="#sSpan182" value="case"/>
		<feat xlink:href="#sSpan186" value="det"/>
		<feat xlink:href="#sSpan189" value="obl"/>
		<feat xlink:href="#sSpan192" value="punct"/>
		<feat xlink:href="#sSpan196" value="case"/>
		<feat xlink:href="#sSpan200" value="det"/>
		<feat xlink:href="#sSpan204" value="det"/>
		<feat xlink:href="#sSpan208" value="obj"/>
		<feat xlink:href="#sSpan212" value="aux"/>
		<feat xlink:href="#sSpan216" value="nsubj"/>
		<feat xlink:href="#sSpan219" value="advcl"/>
		<feat xlink:href="#sSpan221" value="case"/>
		<feat xlink:href="#sSpan225" value="obl"/>
		<feat xlink:href="#sSpan227" value="punct"/>
		<feat xlink:href="#sSpan232" value="cc"/>
		<feat xlink:href="#sSpan240" value="aux"/>
		<feat xlink:href="#sSpan244" value="nsubj"/>
		<feat xlink:href="#sSpan247" value="root"/>
		<feat xlink:href="#sSpan249" value="case"/>
		<feat xlink:href="#sSpan253" value="det"/>
		<feat xlink:href="#sSpan257" value="obl"/>
		<feat xlink:href="#sSpan260" value="case"/>
		<feat xlink:href="#sSpan264" value="det"/>
		<feat xlink:href="#sSpan268" value="nmod"/>
		<feat xlink:href="#sSpan271" value="punct"/>
		<feat xlink:href="#sSpan275" value="mark"/>
		<feat xlink:href="#sSpan279" value="aux"/>
		<feat xlink:href="#sSpan281" value="nsubj"/>
		<feat xlink:href="#sSpan283" value="acl:relcl"/>
		<feat xlink:href="#sSpan286" value="obj"/>
		<feat xlink:href="#sSpan288" value="case"/>
		<feat xlink:href="#sSpan292" value="obl"/>
		<feat xlink:href="#sSpan294" value="case"/>
		<feat xlink:href="#sSpan298" value="det"/>
		<feat xlink:href="#sSpan302" value="obl"/>
		<feat xlink:href="#sSpan305" value="case"/>
		<feat xlink:href="#sSpan309" value="det"/>
		<feat xlink:href="#sSpan312" value="nmod"/>
		<feat xlink:href="#sSpan314" value="punct"/>
		<feat xlink:href="#sSpan318" value="dislocated"/>
		<feat xlink:href="#sSpan326" value="advmod"/>
		<feat xlink:href="#sSpan330" value="det"/>
		<feat xlink:href="#sSpan333" value="discourse"/>
		<feat xlink:href="#sSpan338" value="det"/>
		<feat xlink:href="#sSpan344" value="vocative"/>
		<feat xlink:href="#sSpan346" value="punct"/>
		<feat xlink:href="#sSpan350" value="root"/>
		<feat xlink:href="#sSpan356" value="advmod"/>
		<feat xlink:href="#sSpan360" value="case"/>
		<feat xlink:href="#sSpan364" value="det"/>
		<feat xlink:href="#sSpan369" value="obj"/>
		<feat xlink:href="#sSpan371" value="aux"/>
		<feat xlink:href="#sSpan376" value="nsubj"/>
		<feat xlink:href="#sSpan379" value="advcl"/>
		<feat xlink:href="#sSpan382" value="case"/>
		<feat xlink:href="#sSpan386" value="det"/>
		<feat xlink:href="#sSpan391" value="obl"/>
		<feat xlink:href="#sSpan393" value="punct"/>
		<feat xlink:href="#sSpan397" value="root"/>
		<feat xlink:href="#sSpan404" value="obj"/>
		<feat xlink:href="#sSpan406" value="aux"/>
		<feat xlink:href="#sSpan411" value="nsubj"/>
		<feat xlink:href="#sSpan413" value="advcl"/>
		<feat xlink:href="#sSpan415" value="case"/>
		<feat xlink:href="#sSpan419" value="det"/>
		<feat xlink:href="#sSpan422" value="obj"/>
		<feat xlink:href="#sSpan425" value="case"/>
		<feat xlink:href="#sSpan430" value="nmod"/>
		<feat xlink:href="#sSpan432" value="mark"/>
		<feat xlink:href="#sSpan437" value="acl:relcl"/>
		<feat xlink:href="#sSpan439" value="punct"/>
		<feat xlink:href="#sSpan443" value="aux"/>
		<feat xlink:href="#sSpan447" value="nsubj"/>
		<feat xlink:href="#sSpan449" value="advcl"/>
		<feat xlink:href="#sSpan453" value="advmod"/>
		<feat xlink:href="#sSpan457" value="case"/>
		<feat xlink:href="#sSpan461" value="det"/>
		<feat xlink:href="#sSpan465" value="obj"/>
		<feat xlink:href="#sSpan468" value="case"/>
		<feat xlink:href="#sSpan473" value="nmod"/>
		<feat xlink:href="#sSpan476" value="aux"/>
		<feat xlink:href="#sSpan481" value="nsubj"/>
		<feat xlink:href="#sSpan484" value="advcl"/>
		<feat xlink:href="#sSpan486" value="case"/>
		<feat xlink:href="#sSpan490" value="det"/>
		<feat xlink:href="#sSpan494" value="obj"/>
		<feat xlink:href="#sSpan497" value="case"/>
		<feat xlink:href="#sSpan501" value="det"/>
		<feat xlink:href="#sSpan505" value="nmod"/>
		<feat xlink:href="#sSpan511" value="punct"/>
		<feat xlink:href="#sSpan515" value="root"/>
		<feat xlink:href="#sSpan523" value="obj"/>
		<feat xlink:href="#sSpan528" value="case"/>
		<feat xlink:href="#sSpan532" value="det"/>
		<feat xlink:href="#sSpan536" value="obl"/>
		<feat xlink:href="#sSpan540" value="punct"/>
		<feat xlink:href="#sSpan544" value="cc"/>
		<feat xlink:href="#sSpan548" value="det"/>
		<feat xlink:href="#sSpan554" value="conj"/>
		<feat xlink:href="#sSpan559" value="punct"/>
		<feat xlink:href="#sSpan563" value="cc"/>
		<feat xlink:href="#sSpan567" value="det"/>
		<feat xlink:href="#sSpan573" value="conj"/>
		<feat xlink:href="#sSpan577" value="case"/>
		<feat xlink:href="#sSpan581" value="obl"/>
		<feat xlink:href="#sSpan583" value="case"/>
		<feat xlink:href="#sSpan587" value="det"/>
		<feat xlink:href="#sSpan591" value="nmod"/>
		<feat xlink:href="#sSpan594" value="punct"/>
		<feat xlink:href="#sSpan598" value="mark"/>
		<feat xlink:href="#sSpan602" value="acl:relcl"/>
		<feat xlink:href="#sSpan605" value="cop"/>
		<feat xlink:href="#sSpan611" value="nsubj"/>
		<feat xlink:href="#sSpan616" value="det"/>
		<feat xlink:href="#sSpan620" value="nsubj"/>
		<feat xlink:href="#sSpan623" value="case"/>
		<feat xlink:href="#sSpan627" value="det"/>
		<feat xlink:href="#sSpan630" value="nmod"/>
		<feat xlink:href="#sSpan632" value="punct"/>
		<feat xlink:href="#sSpan636" value="aux"/>
		<feat xlink:href="#sSpan644" value="nsubj"/>
		<feat xlink:href="#sSpan646" value="root"/>
		<feat xlink:href="#sSpan649" value="aux"/>
		<feat xlink:href="#sSpan653" value="nsubj"/>
		<feat xlink:href="#sSpan655" value="advcl"/>
		<feat xlink:href="#sSpan657" value="obj"/>
		<feat xlink:href="#sSpan659" value="case"/>
		<feat xlink:href="#sSpan664" value="det"/>
		<feat xlink:href="#sSpan668" value="obl"/>
		<feat xlink:href="#sSpan670" value="case"/>
		<feat xlink:href="#sSpan674" value="det"/>
		<feat xlink:href="#sSpan677" value="nmod"/>
		<feat xlink:href="#sSpan680" value="mark"/>
		<feat xlink:href="#sSpan685" value="ccomp"/>
		<feat xlink:href="#sSpan688" value="mark"/>
		<feat xlink:href="#sSpan693" value="det"/>
		<feat xlink:href="#sSpan696" value="nsubj"/>
		<feat xlink:href="#sSpan698" value="advcl"/>
		<feat xlink:href="#sSpan702" value="case"/>
		<feat xlink:href="#sSpan707" value="obl"/>
		<feat xlink:href="#sSpan709" value="punct"/>
		<feat xlink:href="#sSpan713" value="det"/>
		<feat xlink:href="#sSpan719" value="parataxis"/>
		<feat xlink:href="#sSpan722" value="advmod"/>
		<feat xlink:href="#sSpan727" value="det"/>
		<feat xlink:href="#sSpan733" value="nmod"/>
		<feat xlink:href="#sSpan735" value="cop"/>
		<feat xlink:href="#sSpan739" value="det"/>
		<feat xlink:href="#sSpan744" value="nsubj"/>
		<feat xlink:href="#sSpan747" value="case"/>
		<feat xlink:href="#sSpan751" value="nmod"/>
		<feat xlink:href="#sSpan754" value="case"/>
		<feat xlink:href="#sSpan758" value="det"/>
		<feat xlink:href="#sSpan763" value="nmod"/>
		<feat xlink:href="#sSpan767" value="punct"/>
		<feat xlink:href="#sSpan771" value="mark"/>
		<feat xlink:href="#sSpan775" value="acl:relcl"/>
		<feat xlink:href="#sSpan778" value="cop"/>
		<feat xlink:href="#sSpan782" value="det"/>
		<feat xlink:href="#sSpan788" value="nsubj"/>
		<feat xlink:href="#sSpan790" value="case"/>
		<feat xlink:href="#sSpan794" value="det"/>
		<feat xlink:href="#sSpan798" value="nmod"/>
		<feat xlink:href="#sSpan800" value="punct"/>
		<feat xlink:href="#sSpan804" value="mark"/>
		<feat xlink:href="#sSpan809" value="aux"/>
		<feat xlink:href="#sSpan811" value="det"/>
		<feat xlink:href="#sSpan814" value="nsubj"/>
		<feat xlink:href="#sSpan816" value="case"/>
		<feat xlink:href="#sSpan820" value="det"/>
		<feat xlink:href="#sSpan823" value="nmod"/>
		<feat xlink:href="#sSpan826" value="acl:relcl"/>
		<feat xlink:href="#sSpan831" value="advmod"/>
		<feat xlink:href="#sSpan835" value="case"/>
		<feat xlink:href="#sSpan839" value="obl"/>
		<feat xlink:href="#sSpan841" value="case"/>
		<feat xlink:href="#sSpan846" value="det"/>
		<feat xlink:href="#sSpan849" value="obl"/>
		<feat xlink:href="#sSpan851" value="case"/>
		<feat xlink:href="#sSpan856" value="nmod"/>
		<feat xlink:href="#sSpan861" value="punct"/>
		<feat xlink:href="#sSpan865" value="mark"/>
		<feat xlink:href="#sSpan869" value="xcomp"/>
		<feat xlink:href="#sSpan871" value="obj"/>
		<feat xlink:href="#sSpan873" value="xcomp"/>
		<feat xlink:href="#sSpan876" value="advmod"/>
		<feat xlink:href="#sSpan880" value="case"/>
		<feat xlink:href="#sSpan884" value="det"/>
		<feat xlink:href="#sSpan888" value="obj"/>
		<feat xlink:href="#sSpan891" value="mark"/>
		<feat xlink:href="#sSpan895" value="acl:relcl"/>
		<feat xlink:href="#sSpan897" value="case"/>
		<feat xlink:href="#sSpan902" value="obl"/>
		<feat xlink:href="#sSpan905" value="punct"/>
		<feat xlink:href="#sSpan909" value="mark"/>
		<feat xlink:href="#sSpan917" value="aux"/>
		<feat xlink:href="#sSpan919" value="nsubj"/>
		<feat xlink:href="#sSpan921" value="root"/>
		<feat xlink:href="#sSpan924" value="case"/>
		<feat xlink:href="#sSpan928" value="obj"/>
		<feat xlink:href="#sSpan930" value="advmod"/>
		<feat xlink:href="#sSpan934" value="case"/>
		<feat xlink:href="#sSpan939" value="obl"/>
		<feat xlink:href="#sSpan941" value="case"/>
		<feat xlink:href="#sSpan945" value="det"/>
		<feat xlink:href="#sSpan947" value="obl"/>
		<feat xlink:href="#sSpan949" value="case"/>
		<feat xlink:href="#sSpan953" value="det"/>
		<feat xlink:href="#sSpan956" value="nmod"/>
		<feat xlink:href="#sSpan959" value="punct"/>
		<feat xlink:href="#sSpan963" value="mark"/>
		<feat xlink:href="#sSpan968" value="aux"/>
		<feat xlink:href="#sSpan970" value="nsubj"/>
		<feat xlink:href="#sSpan972" value="advcl"/>
		<feat xlink:href="#sSpan975" value="advmod"/>
		<feat xlink:href="#sSpan979" value="case"/>
		<feat xlink:href="#sSpan983" value="det"/>
		<feat xlink:href="#sSpan987" value="obl"/>
		<feat xlink:href="#sSpan989" value="punct"/>
		<feat xlink:href="#sSpan993" value="mark"/>
		<feat xlink:href="#sSpan997" value="nsubj"/>
		<feat xlink:href="#sSpan1000" value="advcl"/>
		<feat xlink:href="#sSpan1003" value="aux"/>
		<feat xlink:href="#sSpan1008" value="nsubj"/>
		<feat xlink:href="#sSpan1010" value="advcl"/>
		<feat xlink:href="#sSpan1012" value="obj"/>
		<feat xlink:href="#sSpan1014" value="case"/>
		<feat xlink:href="#sSpan1018" value="det"/>
		<feat xlink:href="#sSpan1022" value="obl"/>
		<feat xlink:href="#sSpan1024" value="case"/>
		<feat xlink:href="#sSpan1028" value="nmod"/>
		<feat xlink:href="#sSpan1032" value="aux"/>
		<feat xlink:href="#sSpan1037" value="nsubj"/>
		<feat xlink:href="#sSpan1039" value="advcl"/>
		<feat xlink:href="#sSpan1041" value="case"/>
		<feat xlink:href="#sSpan1045" value="obj"/>
		<feat xlink:href="#sSpan1047" value="case"/>
		<feat xlink:href="#sSpan1052" value="det"/>
		<feat xlink:href="#sSpan1055" value="obl"/>
		<feat xlink:href="#sSpan1057" value="punct"/>
		<feat xlink:href="#sSpan1061" value="root"/>
		<feat xlink:href="#sSpan1069" value="cop"/>
		<feat xlink:href="#sSpan1074" value="det"/>
		<feat xlink:href="#sSpan1078" value="nsubj"/>
		<feat xlink:href="#sSpan1080" value="case"/>
		<feat xlink:href="#sSpan1084" value="nmod"/>
		<feat xlink:href="#sSpan1086" value="det"/>
		<feat xlink:href="#sSpan1090" value="nmod"/>
		<feat xlink:href="#sSpan1092" value="acl:relcl"/>
		<feat xlink:href="#sSpan1097" value="obj"/>
		<feat xlink:href="#sSpan1099" value="punct"/>
		<feat xlink:href="#sSpan1103" value="mark"/>
		<feat xlink:href="#sSpan1107" value="aux"/>
		<feat xlink:href="#sSpan1109" value="nsubj"/>
		<feat xlink:href="#sSpan1111" value="advcl"/>
		<feat xlink:href="#sSpan1113" value="punct"/>
		<feat xlink:href="#sSpan1117" value="case"/>
		<feat xlink:href="#sSpan1125" value="obj"/>
		<feat xlink:href="#sSpan1127" value="case"/>
		<feat xlink:href="#sSpan1131" value="det"/>
		<feat xlink:href="#sSpan1135" value="obl"/>
		<feat xlink:href="#sSpan1139" value="mark"/>
		<feat xlink:href="#sSpan1143" value="det"/>
		<feat xlink:href="#sSpan1148" value="acl:relcl"/>
		<feat xlink:href="#sSpan1150" value="case"/>
		<feat xlink:href="#sSpan1154" value="nmod"/>
		<feat xlink:href="#sSpan1156" value="cop"/>
		<feat xlink:href="#sSpan1160" value="punct"/>
		<feat xlink:href="#sSpan1164" value="aux"/>
		<feat xlink:href="#sSpan1172" value="nsubj"/>
		<feat xlink:href="#sSpan1175" value="root"/>
		<feat xlink:href="#sSpan1178" value="case"/>
		<feat xlink:href="#sSpan1182" value="obl"/>
		<feat xlink:href="#sSpan1184" value="aux"/>
		<feat xlink:href="#sSpan1189" value="nsubj"/>
		<feat xlink:href="#sSpan1191" value="advcl"/>
		<feat xlink:href="#sSpan1193" value="case"/>
		<feat xlink:href="#sSpan1198" value="det"/>
		<feat xlink:href="#sSpan1202" value="obj"/>
		<feat xlink:href="#sSpan1205" value="advmod"/>
		<feat xlink:href="#sSpan1210" value="det"/>
		<feat xlink:href="#sSpan1212" value="punct"/>
		<feat xlink:href="#sSpan1216" value="advmod"/>
		<feat xlink:href="#sSpan1224" value="nsubj"/>
		<feat xlink:href="#sSpan1226" value="root"/>
		<feat xlink:href="#sSpan1228" value="advmod"/>
		<feat xlink:href="#sSpan1233" value="cc"/>
		<feat xlink:href="#sSpan1238" value="advmod"/>
		<feat xlink:href="#sSpan1242" value="nsubj"/>
		<feat xlink:href="#sSpan1244" value="conj"/>
		<feat xlink:href="#sSpan1246" value="advmod"/>
		<feat xlink:href="#sSpan1251" value="punct"/>
		<feat xlink:href="#sSpan1256" value="cc"/>
		<feat xlink:href="#sSpan1260" value="advmod"/>
		<feat xlink:href="#sSpan1264" value="nsubj"/>
		<feat xlink:href="#sSpan1266" value="conj"/>
		<feat xlink:href="#sSpan1268" value="advmod"/>
		<feat xlink:href="#sSpan1273" value="mark"/>
		<feat xlink:href="#sSpan1277" value="nsubj"/>
		<feat xlink:href="#sSpan1280" value="advcl"/>
		<feat xlink:href="#sSpan1283" value="case"/>
		<feat xlink:href="#sSpan1287" value="obl"/>
		<feat xlink:href="#sSpan1289" value="punct"/>
		<feat xlink:href="#sSpan1294" value="cc"/>
		<feat xlink:href="#sSpan1299" value="advmod"/>
		<feat xlink:href="#sSpan1303" value="nsubj"/>
		<feat xlink:href="#sSpan1306" value="advcl"/>
		<feat xlink:href="#sSpan1309" value="advmod"/>
		<feat xlink:href="#sSpan1313" value="punct"/>
		<feat xlink:href="#sSpan1317" value="mark"/>
		<feat xlink:href="#sSpan1321" value="nsubj"/>
		<feat xlink:href="#sSpan1324" value="advcl"/>
		<feat xlink:href="#sSpan1327" value="case"/>
		<feat xlink:href="#sSpan1332" value="obl"/>
		<feat xlink:href="#sSpan1335" value="case"/>
		<feat xlink:href="#sSpan1339" value="obl"/>
		<feat xlink:href="#sSpan1341" value="punct"/>
		<feat xlink:href="#sSpan1346" value="cc"/>
		<feat xlink:href="#sSpan1354" value="advmod"/>
		<feat xlink:href="#sSpan1358" value="nsubj"/>
		<feat xlink:href="#sSpan1360" value="root"/>
		<feat xlink:href="#sSpan1362" value="advmod"/>
		<feat xlink:href="#sSpan1366" value="mark"/>
		<feat xlink:href="#sSpan1370" value="nsubj"/>
		<feat xlink:href="#sSpan1372" value="advcl"/>
		<feat xlink:href="#sSpan1375" value="advmod"/>
		<feat xlink:href="#sSpan1379" value="case"/>
		<feat xlink:href="#sSpan1383" value="det"/>
		<feat xlink:href="#sSpan1387" value="obl"/>
		<feat xlink:href="#sSpan1389" value="punct"/>
		<feat xlink:href="#sSpan1394" value="cc"/>
		<feat xlink:href="#sSpan1398" value="advmod"/>
		<feat xlink:href="#sSpan1402" value="nsubj"/>
		<feat xlink:href="#sSpan1405" value="conj"/>
		<feat xlink:href="#sSpan1410" value="advmod"/>
		<feat xlink:href="#sSpan1414" value="mark"/>
		<feat xlink:href="#sSpan1418" value="nsubj"/>
		<feat xlink:href="#sSpan1420" value="advcl"/>
		<feat xlink:href="#sSpan1422" value="case"/>
		<feat xlink:href="#sSpan1427" value="obj"/>
		<feat xlink:href="#sSpan1429" value="case"/>
		<feat xlink:href="#sSpan1433" value="det"/>
		<feat xlink:href="#sSpan1436" value="obl"/>
		<feat xlink:href="#sSpan1438" value="mark"/>
		<feat xlink:href="#sSpan1442" value="nsubj"/>
		<feat xlink:href="#sSpan1444" value="acl:relcl"/>
		<feat xlink:href="#sSpan1446" value="cc"/>
		<feat xlink:href="#sSpan1451" value="conj"/>
		<feat xlink:href="#sSpan1454" value="punct"/>
		<feat xlink:href="#sSpan1458" value="advmod"/>
		<feat xlink:href="#sSpan1465" value="nsubj"/>
		<feat xlink:href="#sSpan1467" value="root"/>
		<feat xlink:href="#sSpan1470" value="advmod"/>
		<feat xlink:href="#sSpan1475" value="advmod"/>
		<feat xlink:href="#sSpan1479" value="cc"/>
		<feat xlink:href="#sSpan1483" value="obl"/>
		<feat xlink:href="#sSpan1486" value="mark"/>
		<feat xlink:href="#sSpan1488" value="acl:relcl"/>
		<feat xlink:href="#sSpan1491" value="case"/>
		<feat xlink:href="#sSpan1495" value="obj"/>
		<feat xlink:href="#sSpan1497" value="punct"/>
		<feat xlink:href="#sSpan1502" value="cc"/>
		<feat xlink:href="#sSpan1506" value="advmod"/>
		<feat xlink:href="#sSpan1511" value="nsubj"/>
		<feat xlink:href="#sSpan1513" value="conj"/>
		<feat xlink:href="#sSpan1515" value="advmod"/>
		<feat xlink:href="#sSpan1519" value="mark"/>
		<feat xlink:href="#sSpan1523" value="nsubj"/>
		<feat xlink:href="#sSpan1525" value="advcl"/>
		<feat xlink:href="#sSpan1527" value="case"/>
		<feat xlink:href="#sSpan1532" value="det"/>
		<feat xlink:href="#sSpan1535" value="obj"/>
		<feat xlink:href="#sSpan1537" value="case"/>
		<feat xlink:href="#sSpan1541" value="obl"/>
		<feat xlink:href="#sSpan1543" value="mark"/>
		<feat xlink:href="#sSpan1548" value="nsubj"/>
		<feat xlink:href="#sSpan1551" value="advcl"/>
		<feat xlink:href="#sSpan1555" value="case"/>
		<feat xlink:href="#sSpan1560" value="obl"/>
		<feat xlink:href="#sSpan1562" value="punct"/>
		<feat xlink:href="#sSpan1566" value="nsubj"/>
		<feat xlink:href="#sSpan1573" value="root"/>
		<feat xlink:href="#sSpan1575" value="mark"/>
		<feat xlink:href="#sSpan1579" value="xcomp"/>
		<feat xlink:href="#sSpan1582" value="mark"/>
		<feat xlink:href="#sSpan1586" value="det"/>
		<feat xlink:href="#sSpan1589" value="ccomp"/>
		<feat xlink:href="#sSpan1591" value="cop"/>
		<feat xlink:href="#sSpan1595" value="nsubj"/>
		<feat xlink:href="#sSpan1599" value="ccomp"/>
		<feat xlink:href="#sSpan1602" value="case"/>
		<feat xlink:href="#sSpan1606" value="obj"/>
		<feat xlink:href="#sSpan1608" value="ccomp"/>
		<feat xlink:href="#sSpan1613" value="aux"/>
		<feat xlink:href="#sSpan1618" value="nsubj"/>
		<feat xlink:href="#sSpan1620" value="advcl"/>
		<feat xlink:href="#sSpan1622" value="obj"/>
		<feat xlink:href="#sSpan1624" value="punct"/>
		<feat xlink:href="#sSpan1628" value="case"/>
		<feat xlink:href="#sSpan1636" value="det"/>
		<feat xlink:href="#sSpan1639" value="obl"/>
		<feat xlink:href="#sSpan1642" value="advmod"/>
		<feat xlink:href="#sSpan1646" value="mark"/>
		<feat xlink:href="#sSpan1650" value="nsubj"/>
		<feat xlink:href="#sSpan1652" value="acl:relcl"/>
		<feat xlink:href="#sSpan1656" value="case"/>
		<feat xlink:href="#sSpan1660" value="obj"/>
		<feat xlink:href="#sSpan1663" value="advmod"/>
		<feat xlink:href="#sSpan1667" value="det"/>
		<feat xlink:href="#sSpan1669" value="case"/>
		<feat xlink:href="#sSpan1673" value="obl"/>
		<feat xlink:href="#sSpan1675" value="punct"/>
		<feat xlink:href="#sSpan1679" value="aux"/>
		<feat xlink:href="#sSpan1684" value="nsubj"/>
		<feat xlink:href="#sSpan1686" value="root"/>
		<feat xlink:href="#sSpan1688" value="case"/>
		<feat xlink:href="#sSpan1692" value="det"/>
		<feat xlink:href="#sSpan1695" value="obj"/>
		<feat xlink:href="#sSpan1697" value="advmod"/>
		<feat xlink:href="#sSpan1702" value="case"/>
		<feat xlink:href="#sSpan1706" value="det"/>
		<feat xlink:href="#sSpan1709" value="obl"/>
		<feat xlink:href="#sSpan1711" value="aux"/>
		<feat xlink:href="#sSpan1716" value="nsubj"/>
		<feat xlink:href="#sSpan1719" value="parataxis"/>
		<feat xlink:href="#sSpan1721" value="case"/>
		<feat xlink:href="#sSpan1726" value="obj"/>
		<feat xlink:href="#sSpan1728" value="punct"/>
		<feat xlink:href="#sSpan1732" value="mark"/>
		<feat xlink:href="#sSpan1739" value="det"/>
		<feat xlink:href="#sSpan1742" value="vocative"/>
		<feat xlink:href="#sSpan1744" value="root"/>
		<feat xlink:href="#sSpan1749" value="case"/>
		<feat xlink:href="#sSpan1753" value="obl"/>
		<feat xlink:href="#sSpan1755" value="mark"/>
		<feat xlink:href="#sSpan1760" value="fixed"/>
		<feat xlink:href="#sSpan1764" value="advmod"/>
		<feat xlink:href="#sSpan1766" value="nsubj"/>
		<feat xlink:href="#sSpan1769" value="ccomp"/>
		<feat xlink:href="#sSpan1771" value="advmod"/>
		<feat xlink:href="#sSpan1775" value="case"/>
		<feat xlink:href="#sSpan1779" value="obj"/>
		<feat xlink:href="#sSpan1782" value="mark"/>
		<feat xlink:href="#sSpan1786" value="nsubj"/>
		<feat xlink:href="#sSpan1788" value="acl:relcl"/>
		<feat xlink:href="#sSpan1790" value="case"/>
		<feat xlink:href="#sSpan1794" value="obj"/>
		<feat xlink:href="#sSpan1796" value="punct"/>
		<feat xlink:href="#sSpan1800" value="mark"/>
		<feat xlink:href="#sSpan1808" value="nsubj"/>
		<feat xlink:href="#sSpan1812" value="root"/>
		<feat xlink:href="#sSpan1814" value="mark"/>
		<feat xlink:href="#sSpan1818" value="ccomp"/>
		<feat xlink:href="#sSpan1821" value="cop"/>
		<feat xlink:href="#sSpan1825" value="mark"/>
		<feat xlink:href="#sSpan1827" value="det"/>
		<feat xlink:href="#sSpan1830" value="nsubj"/>
		<feat xlink:href="#sSpan1832" value="csubj"/>
		<feat xlink:href="#sSpan1837" value="case"/>
		<feat xlink:href="#sSpan1841" value="obj"/>
		<feat xlink:href="#sSpan1843" value="punct"/>
		<feat xlink:href="#sSpan1847" value="mark"/>
		<feat xlink:href="#sSpan1852" value="aux"/>
		<feat xlink:href="#sSpan1854" value="nsubj"/>
		<feat xlink:href="#sSpan1856" value="advcl"/>
		<feat xlink:href="#sSpan1859" value="obj"/>
		<feat xlink:href="#sSpan1861" value="case"/>
		<feat xlink:href="#sSpan1865" value="det"/>
		<feat xlink:href="#sSpan1868" value="obl"/>
		<feat xlink:href="#sSpan1870" value="mark"/>
		<feat xlink:href="#sSpan1874" value="acl:relcl"/>
		<feat xlink:href="#sSpan1877" value="punct"/>
		<feat xlink:href="#sSpan1881" value="root"/>
		<feat xlink:href="#sSpan1888" value="det"/>
		<feat xlink:href="#sSpan1892" value="nsubj"/>
		<feat xlink:href="#sSpan1900" value="advmod"/>
		<feat xlink:href="#sSpan1905" value="case"/>
		<feat xlink:href="#sSpan1909" value="nmod"/>
		<feat xlink:href="#sSpan1911" value="nsubj"/>
		<feat xlink:href="#sSpan1915" value="aux"/>
		<feat xlink:href="#sSpan1917" value="ccomp"/>
		<feat xlink:href="#sSpan1920" value="advmod"/>
		<feat xlink:href="#sSpan1924" value="case"/>
		<feat xlink:href="#sSpan1929" value="obl"/>
		<feat xlink:href="#sSpan1931" value="case"/>
		<feat xlink:href="#sSpan1935" value="det"/>
		<feat xlink:href="#sSpan1939" value="obj"/>
		<feat xlink:href="#sSpan1942" value="case"/>
		<feat xlink:href="#sSpan1947" value="nmod"/>
		<feat xlink:href="#sSpan1951" value="punct"/>
		<feat xlink:href="#sSpan1955" value="aux"/>
		<feat xlink:href="#sSpan1963" value="det"/>
		<feat xlink:href="#sSpan1966" value="nsubj"/>
		<feat xlink:href="#sSpan1968" value="case"/>
		<feat xlink:href="#sSpan1972" value="det"/>
		<feat xlink:href="#sSpan1976" value="nmod"/>
		<feat xlink:href="#sSpan1979" value="root"/>
		<feat xlink:href="#sSpan1984" value="obj"/>
		<feat xlink:href="#sSpan1986" value="punct"/>
		<feat xlink:href="#sSpan1990" value="aux"/>
		<feat xlink:href="#sSpan1994" value="nsubj"/>
		<feat xlink:href="#sSpan1996" value="advcl"/>
		<feat xlink:href="#sSpan1999" value="case"/>
		<feat xlink:href="#sSpan2003" value="det"/>
		<feat xlink:href="#sSpan2008" value="obj"/>
		<feat xlink:href="#sSpan2015" value="punct"/>
		<feat xlink:href="#sSpan2019" value="aux"/>
		<feat xlink:href="#sSpan2023" value="nsubj"/>
		<feat xlink:href="#sSpan2025" value="advcl"/>
		<feat xlink:href="#sSpan2027" value="det"/>
		<feat xlink:href="#sSpan2031" value="obj"/>
		<feat xlink:href="#sSpan2034" value="cc"/>
		<feat xlink:href="#sSpan2038" value="det"/>
		<feat xlink:href="#sSpan2041" value="conj"/>
		<feat xlink:href="#sSpan2043" value="case"/>
		<feat xlink:href="#sSpan2048" value="obl"/>
		<feat xlink:href="#sSpan2050" value="punct"/>
		<feat xlink:href="#sSpan2054" value="cc"/>
		<feat xlink:href="#sSpan2061" value="aux"/>
		<feat xlink:href="#sSpan2065" value="nsubj"/>
		<feat xlink:href="#sSpan2067" value="root"/>
		<feat xlink:href="#sSpan2070" value="case"/>
		<feat xlink:href="#sSpan2074" value="det"/>
		<feat xlink:href="#sSpan2078" value="obj"/>
		<feat xlink:href="#sSpan2081" value="case"/>
		<feat xlink:href="#sSpan2085" value="nmod"/>
		<feat xlink:href="#sSpan2087" value="punct"/>
		<feat xlink:href="#sSpan2091" value="aux"/>
		<feat xlink:href="#sSpan2096" value="nsubj"/>
		<feat xlink:href="#sSpan2098" value="parataxis"/>
		<feat xlink:href="#sSpan2100" value="case"/>
		<feat xlink:href="#sSpan2104" value="det"/>
		<feat xlink:href="#sSpan2108" value="obj"/>
		<feat xlink:href="#sSpan2111" value="case"/>
		<feat xlink:href="#sSpan2115" value="det"/>
		<feat xlink:href="#sSpan2118" value="nmod"/>
		<feat xlink:href="#sSpan2121" value="aux"/>
		<feat xlink:href="#sSpan2125" value="nsubj"/>
		<feat xlink:href="#sSpan2128" value="parataxis"/>
		<feat xlink:href="#sSpan2131" value="punct"/>
		<feat xlink:href="#sSpan2135" value="aux"/>
		<feat xlink:href="#sSpan2142" value="det"/>
		<feat xlink:href="#sSpan2145" value="nsubj"/>
		<feat xlink:href="#sSpan2148" value="root"/>
		<feat xlink:href="#sSpan2152" value="punct"/>
		<feat xlink:href="#sSpan2156" value="aux"/>
		<feat xlink:href="#sSpan2160" value="det"/>
		<feat xlink:href="#sSpan2164" value="nsubj"/>
		<feat xlink:href="#sSpan2167" value="parataxis"/>
		<feat xlink:href="#sSpan2171" value="punct"/>
		<feat xlink:href="#sSpan2175" value="aux"/>
		<feat xlink:href="#sSpan2179" value="det"/>
		<feat xlink:href="#sSpan2182" value="nsubj"/>
		<feat xlink:href="#sSpan2185" value="parataxis"/>
		<feat xlink:href="#sSpan2191" value="det"/>
		<feat xlink:href="#sSpan2196" value="obj"/>
		<feat xlink:href="#sSpan2198" value="det"/>
		<feat xlink:href="#sSpan2203" value="nmod"/>
		<feat xlink:href="#sSpan2208" value="punct"/>
		<feat xlink:href="#sSpan2212" value="aux"/>
		<feat xlink:href="#sSpan2219" value="det"/>
		<feat xlink:href="#sSpan2222" value="nsubj"/>
		<feat xlink:href="#sSpan2225" value="advmod"/>
		<feat xlink:href="#sSpan2229" value="det"/>
		<feat xlink:href="#sSpan2232" value="root"/>
		<feat xlink:href="#sSpan2238" value="mark"/>
		<feat xlink:href="#sSpan2242" value="nsubj"/>
		<feat xlink:href="#sSpan2247" value="advcl"/>
		<feat xlink:href="#sSpan2250" value="case"/>
		<feat xlink:href="#sSpan2254" value="det"/>
		<feat xlink:href="#sSpan2258" value="obj"/>
		<feat xlink:href="#sSpan2260" value="mark"/>
		<feat xlink:href="#sSpan2265" value="acl:relcl"/>
		<feat xlink:href="#sSpan2267" value="case"/>
		<feat xlink:href="#sSpan2271" value="det"/>
		<feat xlink:href="#sSpan2276" value="obl"/>
		<feat xlink:href="#sSpan2278" value="punct"/>
		<feat xlink:href="#sSpan2282" value="mark"/>
		<feat xlink:href="#sSpan2287" value="fixed"/>
		<feat xlink:href="#sSpan2291" value="aux"/>
		<feat xlink:href="#sSpan2294" value="nsubj"/>
		<feat xlink:href="#sSpan2296" value="advcl"/>
		<feat xlink:href="#sSpan2298" value="obj"/>
		<feat xlink:href="#sSpan2300" value="advmod"/>
		<feat xlink:href="#sSpan2304" value="case"/>
		<feat xlink:href="#sSpan2309" value="det"/>
		<feat xlink:href="#sSpan2312" value="obl"/>
		<feat xlink:href="#sSpan2314" value="aux"/>
		<feat xlink:href="#sSpan2318" value="nsubj"/>
		<feat xlink:href="#sSpan2320" value="parataxis"/>
		<feat xlink:href="#sSpan2323" value="obj"/>
		<feat xlink:href="#sSpan2325" value="case"/>
		<feat xlink:href="#sSpan2329" value="obl"/>
		<feat xlink:href="#sSpan2331" value="punct"/>
		<feat xlink:href="#sSpan2335" value="root"/>
		<feat xlink:href="#sSpan2347" value="discourse"/>
		<feat xlink:href="#sSpan2351" value="det"/>
		<feat xlink:href="#sSpan2355" value="vocative"/>
		<feat xlink:href="#sSpan2359" value="aux"/>
		<feat xlink:href="#sSpan2363" value="nsubj"/>
		<feat xlink:href="#sSpan2365" value="advcl"/>
		<feat xlink:href="#sSpan2367" value="case"/>
		<feat xlink:href="#sSpan2371" value="det"/>
		<feat xlink:href="#sSpan2375" value="obl"/>
		<feat xlink:href="#sSpan2382" value="case"/>
		<feat xlink:href="#sSpan2387" value="det"/>
		<feat xlink:href="#sSpan2390" value="nmod"/>
		<feat xlink:href="#sSpan2392" value="punct"/>
		<feat xlink:href="#sSpan2396" value="appos"/>
		<feat xlink:href="#sSpan2401" value="mark"/>
		<feat xlink:href="#sSpan2404" value="acl:relcl"/>
		<feat xlink:href="#sSpan2408" value="case"/>
		<feat xlink:href="#sSpan2412" value="obl"/>
		<feat xlink:href="#sSpan2414" value="case"/>
		<feat xlink:href="#sSpan2418" value="det"/>
		<feat xlink:href="#sSpan2421" value="obj"/>
		<feat xlink:href="#sSpan2424" value="advmod"/>
		<feat xlink:href="#sSpan2428" value="det"/>
		<feat xlink:href="#sSpan2430" value="punct"/>
		<feat xlink:href="#sSpan2434" value="aux"/>
		<feat xlink:href="#sSpan2441" value="nsubj"/>
		<feat xlink:href="#sSpan2443" value="root"/>
		<feat xlink:href="#sSpan2446" value="obj"/>
		<feat xlink:href="#sSpan2448" value="advmod"/>
		<feat xlink:href="#sSpan2452" value="case"/>
		<feat xlink:href="#sSpan2456" value="det"/>
		<feat xlink:href="#sSpan2459" value="obj"/>
		<feat xlink:href="#sSpan2462" value="case"/>
		<feat xlink:href="#sSpan2466" value="det"/>
		<feat xlink:href="#sSpan2470" value="obl"/>
		<feat xlink:href="#sSpan2473" value="cc"/>
		<feat xlink:href="#sSpan2478" value="det"/>
		<feat xlink:href="#sSpan2483" value="nsubj"/>
		<feat xlink:href="#sSpan2485" value="conj"/>
		<feat xlink:href="#sSpan2489" value="case"/>
		<feat xlink:href="#sSpan2493" value="det"/>
		<feat xlink:href="#sSpan2497" value="obj"/>
		<feat xlink:href="#sSpan2499" value="case"/>
		<feat xlink:href="#sSpan2503" value="det"/>
		<feat xlink:href="#sSpan2507" value="obl"/>
		<feat xlink:href="#sSpan2509" value="mark"/>
		<feat xlink:href="#sSpan2513" value="aux"/>
		<feat xlink:href="#sSpan2515" value="nsubj"/>
		<feat xlink:href="#sSpan2517" value="acl:relcl"/>
		<feat xlink:href="#sSpan2520" value="punct"/>
		<feat xlink:href="#sSpan2524" value="mark"/>
		<feat xlink:href="#sSpan2528" value="case"/>
		<feat xlink:href="#sSpan2530" value="det"/>
		<feat xlink:href="#sSpan2533" value="obl"/>
		<feat xlink:href="#sSpan2535" value="case"/>
		<feat xlink:href="#sSpan2541" value="nmod"/>
		<feat xlink:href="#sSpan2543" value="mark"/>
		<feat xlink:href="#sSpan2548" value="aux"/>
		<feat xlink:href="#sSpan2550" value="nsubj"/>
		<feat xlink:href="#sSpan2552" value="acl:relcl"/>
		<feat xlink:href="#sSpan2554" value="case"/>
		<feat xlink:href="#sSpan2558" value="det"/>
		<feat xlink:href="#sSpan2563" value="obl"/>
		<feat xlink:href="#sSpan2565" value="mark"/>
		<feat xlink:href="#sSpan2570" value="fixed"/>
		<feat xlink:href="#sSpan2574" value="advmod"/>
		<feat xlink:href="#sSpan2576" value="nsubj"/>
		<feat xlink:href="#sSpan2579" value="advcl"/>
		<feat xlink:href="#sSpan2581" value="case"/>
		<feat xlink:href="#sSpan2585" value="obj"/>
		<feat xlink:href="#sSpan2587" value="advmod"/>
		<feat xlink:href="#sSpan2591" value="dislocated"/>
		<feat xlink:href="#sSpan2600" value="mark"/>
		<feat xlink:href="#sSpan2602" value="aux"/>
		<feat xlink:href="#sSpan2604" value="nsubj"/>
		<feat xlink:href="#sSpan2606" value="acl:relcl"/>
		<feat xlink:href="#sSpan2609" value="advmod"/>
		<feat xlink:href="#sSpan2613" value="aux"/>
		<feat xlink:href="#sSpan2618" value="nsubj"/>
		<feat xlink:href="#sSpan2621" value="root"/>
		<feat xlink:href="#sSpan2623" value="case"/>
		<feat xlink:href="#sSpan2627" value="det"/>
		<feat xlink:href="#sSpan2630" value="obj"/>
		<feat xlink:href="#sSpan2632" value="advmod"/>
		<feat xlink:href="#sSpan2637" value="det"/>
		<feat xlink:href="#sSpan2639" value="case"/>
		<feat xlink:href="#sSpan2643" value="det"/>
		<feat xlink:href="#sSpan2647" value="nmod"/>
		<feat xlink:href="#sSpan2651" value="punct"/>
		<feat xlink:href="#sSpan2655" value="case"/>
		<feat xlink:href="#sSpan2659" value="det"/>
		<feat xlink:href="#sSpan2662" value="obl"/>
		<feat xlink:href="#sSpan2664" value="mark"/>
		<feat xlink:href="#sSpan2668" value="acl:relcl"/>
		<feat xlink:href="#sSpan2671" value="punct"/>
		<feat xlink:href="#sSpan2675" value="root"/>
		<feat xlink:href="#sSpan2683" value="advmod"/>
		<feat xlink:href="#sSpan2687" value="cop"/>
		<feat xlink:href="#sSpan2691" value="mark"/>
		<feat xlink:href="#sSpan2694" value="aux"/>
		<feat xlink:href="#sSpan2696" value="nsubj"/>
		<feat xlink:href="#sSpan2698" value="csubj"/>
		<feat xlink:href="#sSpan2700" value="case"/>
		<feat xlink:href="#sSpan2704" value="det"/>
		<feat xlink:href="#sSpan2706" value="obj"/>
		<feat xlink:href="#sSpan2709" value="case"/>
		<feat xlink:href="#sSpan2713" value="nmod"/>
		<feat xlink:href="#sSpan2715" value="punct"/>
		<feat xlink:href="#sSpan2719" value="aux"/>
		<feat xlink:href="#sSpan2723" value="nsubj"/>
		<feat xlink:href="#sSpan2725" value="parataxis"/>
		<feat xlink:href="#sSpan2728" value="case"/>
		<feat xlink:href="#sSpan2732" value="obl"/>
		<feat xlink:href="#sSpan2734" value="punct"/>
		<feat xlink:href="#sSpan2738" value="det"/>
		<feat xlink:href="#sSpan2747" value="root"/>
		<feat xlink:href="#sSpan2750" value="cop"/>
		<feat xlink:href="#sSpan2754" value="mark"/>
		<feat xlink:href="#sSpan2758" value="nsubj"/>
		<feat xlink:href="#sSpan2760" value="acl:relcl"/>
		<feat xlink:href="#sSpan2762" value="case"/>
		<feat xlink:href="#sSpan2767" value="det"/>
		<feat xlink:href="#sSpan2770" value="obl"/>
		<feat xlink:href="#sSpan2772" value="case"/>
		<feat xlink:href="#sSpan2776" value="det"/>
		<feat xlink:href="#sSpan2780" value="nmod"/>
		<feat xlink:href="#sSpan2782" value="aux"/>
		<feat xlink:href="#sSpan2787" value="nsubj"/>
		<feat xlink:href="#sSpan2789" value="parataxis"/>
		<feat xlink:href="#sSpan2791" value="case"/>
		<feat xlink:href="#sSpan2795" value="obl"/>
		<feat xlink:href="#sSpan2799" value="det"/>
		<feat xlink:href="#sSpan2803" value="mark"/>
		<feat xlink:href="#sSpan2808" value="aux"/>
		<feat xlink:href="#sSpan2810" value="nsubj"/>
		<feat xlink:href="#sSpan2812" value="acl:relcl"/>
		<feat xlink:href="#sSpan2814" value="punct"/>
		<feat xlink:href="#sSpan2818" value="cc"/>
		<feat xlink:href="#sSpan2822" value="aux"/>
		<feat xlink:href="#sSpan2827" value="nsubj"/>
		<feat xlink:href="#sSpan2829" value="conj"/>
		<feat xlink:href="#sSpan2831" value="mark"/>
		<feat xlink:href="#sSpan2835" value="aux"/>
		<feat xlink:href="#sSpan2837" value="nsubj"/>
		<feat xlink:href="#sSpan2839" value="ccomp"/>
		<feat xlink:href="#sSpan2841" value="case"/>
		<feat xlink:href="#sSpan2846" value="obl"/>
		<feat xlink:href="#sSpan2848" value="punct"/>
		<feat xlink:href="#sSpan2852" value="root"/>
		<feat xlink:href="#sSpan2859" value="cop"/>
		<feat xlink:href="#sSpan2863" value="mark"/>
		<feat xlink:href="#sSpan2867" value="aux"/>
		<feat xlink:href="#sSpan2869" value="nsubj"/>
		<feat xlink:href="#sSpan2871" value="csubj"/>
		<feat xlink:href="#sSpan2874" value="case"/>
		<feat xlink:href="#sSpan2878" value="obl"/>
		<feat xlink:href="#sSpan2880" value="punct"/>
		<feat xlink:href="#sSpan2885" value="mark"/>
		<feat xlink:href="#sSpan2889" value="det"/>
		<feat xlink:href="#sSpan2896" value="advcl"/>
		<feat xlink:href="#sSpan2898" value="case"/>
		<feat xlink:href="#sSpan2902" value="det"/>
		<feat xlink:href="#sSpan2906" value="nmod"/>
		<feat xlink:href="#sSpan2909" value="mark"/>
		<feat xlink:href="#sSpan2913" value="nsubj"/>
		<feat xlink:href="#sSpan2915" value="acl:relcl"/>
		<feat xlink:href="#sSpan2917" value="case"/>
		<feat xlink:href="#sSpan2921" value="det"/>
		<feat xlink:href="#sSpan2925" value="obl"/>
		<feat xlink:href="#sSpan2928" value="mark"/>
		<feat xlink:href="#sSpan2932" value="nsubj"/>
		<feat xlink:href="#sSpan2935" value="advcl"/>
		<feat xlink:href="#sSpan2937" value="case"/>
		<feat xlink:href="#sSpan2943" value="obl"/>
		<feat xlink:href="#sSpan2945" value="punct"/>
		<feat xlink:href="#sSpan2949" value="det"/>
		<feat xlink:href="#sSpan2957" value="nsubj"/>
		<feat xlink:href="#sSpan2959" value="root"/>
		<feat xlink:href="#sSpan2963" value="case"/>
		<feat xlink:href="#sSpan2969" value="case"/>
		<feat xlink:href="#sSpan2973" value="det"/>
		<feat xlink:href="#sSpan2976" value="obl"/>
		<feat xlink:href="#sSpan2978" value="punct"/>
		<feat xlink:href="#sSpan2982" value="mark"/>
		<feat xlink:href="#sSpan2986" value="nsubj"/>
		<feat xlink:href="#sSpan2989" value="advcl"/>
		<feat xlink:href="#sSpan2992" value="case"/>
		<feat xlink:href="#sSpan2996" value="det"/>
		<feat xlink:href="#sSpan2999" value="obj"/>
		<feat xlink:href="#sSpan3001" value="det"/>
		<feat xlink:href="#sSpan3007" value="appos"/>
		<feat xlink:href="#sSpan3009" value="punct"/>
		<feat xlink:href="#sSpan3013" value="cc"/>
		<feat xlink:href="#sSpan3018" value="mark"/>
		<feat xlink:href="#sSpan3022" value="nsubj"/>
		<feat xlink:href="#sSpan3025" value="conj"/>
		<feat xlink:href="#sSpan3028" value="case"/>
		<feat xlink:href="#sSpan3032" value="obl"/>
		<feat xlink:href="#sSpan3034" value="det"/>
		<feat xlink:href="#sSpan3044" value="dislocated"/>
		<feat xlink:href="#sSpan3046" value="advmod"/>
		<feat xlink:href="#sSpan3050" value="det"/>
		<feat xlink:href="#sSpan3053" value="root"/>
		<feat xlink:href="#sSpan3057" value="det"/>
		<feat xlink:href="#sSpan3063" value="obj"/>
		<feat xlink:href="#sSpan3065" value="advmod"/>
		<feat xlink:href="#sSpan3069" value="det"/>
		<feat xlink:href="#sSpan3071" value="mark"/>
		<feat xlink:href="#sSpan3075" value="xcomp"/>
		<feat xlink:href="#sSpan3080" value="mark"/>
		<feat xlink:href="#sSpan3084" value="fixed"/>
		<feat xlink:href="#sSpan3088" value="aux"/>
		<feat xlink:href="#sSpan3090" value="det"/>
		<feat xlink:href="#sSpan3093" value="nsubj"/>
		<feat xlink:href="#sSpan3096" value="ccomp"/>
		<feat xlink:href="#sSpan3100" value="case"/>
		<feat xlink:href="#sSpan3104" value="det"/>
		<feat xlink:href="#sSpan3107" value="obj"/>
		<feat xlink:href="#sSpan3110" value="case"/>
		<feat xlink:href="#sSpan3114" value="fixed"/>
		<feat xlink:href="#sSpan3118" value="obl"/>
		<feat xlink:href="#sSpan3120" value="punct"/>
		<feat xlink:href="#sSpan3124" value="det"/>
		<feat xlink:href="#sSpan3133" value="nsubj"/>
		<feat xlink:href="#sSpan3135" value="advmod"/>
		<feat xlink:href="#sSpan3139" value="det"/>
		<feat xlink:href="#sSpan3142" value="root"/>
		<feat xlink:href="#sSpan3149" value="advmod"/>
		<feat xlink:href="#sSpan3153" value="punct"/>
		<feat xlink:href="#sSpan3157" value="mark"/>
		<feat xlink:href="#sSpan3161" value="det"/>
		<feat xlink:href="#sSpan3164" value="nsubj"/>
		<feat xlink:href="#sSpan3167" value="ccomp"/>
		<feat xlink:href="#sSpan3171" value="case"/>
		<feat xlink:href="#sSpan3175" value="det"/>
		<feat xlink:href="#sSpan3178" value="obl"/>
		<feat xlink:href="#sSpan3180" value="case"/>
		<feat xlink:href="#sSpan3185" value="det"/>
		<feat xlink:href="#sSpan3189" value="nmod"/>
		<feat xlink:href="#sSpan3191" value="punct"/>
		<feat xlink:href="#sSpan3195" value="det"/>
		<feat xlink:href="#sSpan3205" value="root"/>
		<feat xlink:href="#sSpan3207" value="case"/>
		<feat xlink:href="#sSpan3211" value="det"/>
		<feat xlink:href="#sSpan3215" value="nmod"/>
		<feat xlink:href="#sSpan3217" value="punct"/>
		<feat xlink:href="#sSpan3221" value="det"/>
		<feat xlink:href="#sSpan3230" value="root"/>
		<feat xlink:href="#sSpan3232" value="case"/>
		<feat xlink:href="#sSpan3237" value="nmod"/>
		<feat xlink:href="#sSpan3241" value="advmod"/>
		<feat xlink:href="#sSpan3245" value="punct"/>
		<feat xlink:href="#sSpan3249" value="det"/>
		<feat xlink:href="#sSpan3258" value="root"/>
		<feat xlink:href="#sSpan3260" value="case"/>
		<feat xlink:href="#sSpan3265" value="nmod"/>
		<feat xlink:href="#sSpan3269" value="punct"/>
		<feat xlink:href="#sSpan3273" value="det"/>
		<feat xlink:href="#sSpan3282" value="root"/>
		<feat xlink:href="#sSpan3284" value="case"/>
		<feat xlink:href="#sSpan3289" value="nmod"/>
		<feat xlink:href="#sSpan3294" value="punct"/>
		<feat xlink:href="#sSpan3298" value="det"/>
		<feat xlink:href="#sSpan3307" value="root"/>
		<feat xlink:href="#sSpan3309" value="case"/>
		<feat xlink:href="#sSpan3314" value="nmod"/>
		<feat xlink:href="#sSpan3320" value="punct"/>
		<feat xlink:href="#sSpan3324" value="det"/>
		<feat xlink:href="#sSpan3333" value="root"/>
		<feat xlink:href="#sSpan3335" value="case"/>
		<feat xlink:href="#sSpan3339" value="det"/>
		<feat xlink:href="#sSpan3342" value="nmod"/>
		<feat xlink:href="#sSpan3344" value="punct"/>
		<feat xlink:href="#sSpan3348" value="det"/>
		<feat xlink:href="#sSpan3357" value="root"/>
		<feat xlink:href="#sSpan3359" value="case"/>
		<feat xlink:href="#sSpan3363" value="det"/>
		<feat xlink:href="#sSpan3366" value="nmod"/>
		<feat xlink:href="#sSpan3368" value="punct"/>
		<feat xlink:href="#sSpan3372" value="det"/>
		<feat xlink:href="#sSpan3381" value="root"/>
		<feat xlink:href="#sSpan3383" value="case"/>
		<feat xlink:href="#sSpan3387" value="det"/>
		<feat xlink:href="#sSpan3390" value="nmod"/>
		<feat xlink:href="#sSpan3392" value="punct"/>
		<feat xlink:href="#sSpan3396" value="det"/>
		<feat xlink:href="#sSpan3405" value="root"/>
		<feat xlink:href="#sSpan3407" value="case"/>
		<feat xlink:href="#sSpan3411" value="det"/>
		<feat xlink:href="#sSpan3414" value="nmod"/>
		<feat xlink:href="#sSpan3416" value="punct"/>
		<feat xlink:href="#sSpan3420" value="det"/>
		<feat xlink:href="#sSpan3429" value="root"/>
		<feat xlink:href="#sSpan3431" value="case"/>
		<feat xlink:href="#sSpan3435" value="det"/>
		<feat xlink:href="#sSpan3438" value="nmod"/>
		<feat xlink:href="#sSpan3440" value="punct"/>
		<feat xlink:href="#sSpan3444" value="det"/>
		<feat xlink:href="#sSpan3453" value="root"/>
		<feat xlink:href="#sSpan3455" value="case"/>
		<feat xlink:href="#sSpan3459" value="det"/>
		<feat xlink:href="#sSpan3462" value="nmod"/>
		<feat xlink:href="#sSpan3464" value="punct"/>
		<feat xlink:href="#sSpan3468" value="det"/>
		<feat xlink:href="#sSpan3477" value="root"/>
		<feat xlink:href="#sSpan3479" value="case"/>
		<feat xlink:href="#sSpan3483" value="det"/>
		<feat xlink:href="#sSpan3487" value="nmod"/>
		<feat xlink:href="#sSpan3489" value="case"/>
		<feat xlink:href="#sSpan3493" value="det"/>
		<feat xlink:href="#sSpan3496" value="nmod"/>
		<feat xlink:href="#sSpan3500" value="appos"/>
		<feat xlink:href="#sSpan3504" value="det"/>
		<feat xlink:href="#sSpan3509" value="appos"/>
		<feat xlink:href="#sSpan3511" value="punct"/>
		<feat xlink:href="#sSpan3515" value="root"/>
		<feat xlink:href="#sSpan3524" value="mark"/>
		<feat xlink:href="#sSpan3526" value="aux"/>
		<feat xlink:href="#sSpan3528" value="nsubj"/>
		<feat xlink:href="#sSpan3530" value="acl:relcl"/>
		<feat xlink:href="#sSpan3532" value="obj"/>
		<feat xlink:href="#sSpan3534" value="case"/>
		<feat xlink:href="#sSpan3539" value="det"/>
		<feat xlink:href="#sSpan3542" value="obl"/>
		<feat xlink:href="#sSpan3544" value="case"/>
		<feat xlink:href="#sSpan3548" value="det"/>
		<feat xlink:href="#sSpan3552" value="nmod"/>
		<feat xlink:href="#sSpan3554" value="punct"/>
		<feat xlink:href="#sSpan3558" value="aux"/>
		<feat xlink:href="#sSpan3567" value="nsubj"/>
		<feat xlink:href="#sSpan3569" value="root"/>
		<feat xlink:href="#sSpan3571" value="case"/>
		<feat xlink:href="#sSpan3575" value="det"/>
		<feat xlink:href="#sSpan3578" value="obl"/>
		<feat xlink:href="#sSpan3580" value="advmod"/>
		<feat xlink:href="#sSpan3585" value="det"/>
		<feat xlink:href="#sSpan3587" value="mark"/>
		<feat xlink:href="#sSpan3591" value="nsubj"/>
		<feat xlink:href="#sSpan3593" value="acl:relcl"/>
		<feat xlink:href="#sSpan3595" value="case"/>
		<feat xlink:href="#sSpan3599" value="obl"/>
		<feat xlink:href="#sSpan3601" value="cc"/>
		<feat xlink:href="#sSpan3606" value="mark"/>
		<feat xlink:href="#sSpan3610" value="nsubj"/>
		<feat xlink:href="#sSpan3612" value="conj"/>
		<feat xlink:href="#sSpan3614" value="case"/>
		<feat xlink:href="#sSpan3618" value="det"/>
		<feat xlink:href="#sSpan3623" value="obl"/>
		<feat xlink:href="#sSpan3625" value="case"/>
		<feat xlink:href="#sSpan3629" value="det"/>
		<feat xlink:href="#sSpan3634" value="nmod"/>
		<feat xlink:href="#sSpan3636" value="punct"/>
		<feat xlink:href="#sSpan3640" value="dislocated"/>
		<feat xlink:href="#sSpan3649" value="mark"/>
		<feat xlink:href="#sSpan3651" value="aux"/>
		<feat xlink:href="#sSpan3653" value="nsubj"/>
		<feat xlink:href="#sSpan3655" value="acl:relcl"/>
		<feat xlink:href="#sSpan3658" value="det"/>
		<feat xlink:href="#sSpan3661" value="obj"/>
		<feat xlink:href="#sSpan3663" value="case"/>
		<feat xlink:href="#sSpan3667" value="nmod"/>
		<feat xlink:href="#sSpan3669" value="case"/>
		<feat xlink:href="#sSpan3673" value="det"/>
		<feat xlink:href="#sSpan3680" value="obl"/>
		<feat xlink:href="#sSpan3682" value="punct"/>
		<feat xlink:href="#sSpan3686" value="mark"/>
		<feat xlink:href="#sSpan3690" value="aux"/>
		<feat xlink:href="#sSpan3692" value="nsubj"/>
		<feat xlink:href="#sSpan3696" value="advcl"/>
		<feat xlink:href="#sSpan3699" value="punct"/>
		<feat xlink:href="#sSpan3703" value="aux"/>
		<feat xlink:href="#sSpan3707" value="nsubj"/>
		<feat xlink:href="#sSpan3710" value="root"/>
		<feat xlink:href="#sSpan3714" value="case"/>
		<feat xlink:href="#sSpan3718" value="obl"/>
		<feat xlink:href="#sSpan3720" value="case"/>
		<feat xlink:href="#sSpan3724" value="det"/>
		<feat xlink:href="#sSpan3729" value="obl"/>
		<feat xlink:href="#sSpan3731" value="mark"/>
		<feat xlink:href="#sSpan3735" value="acl:relcl"/>
		<feat xlink:href="#sSpan3738" value="punct"/>
		<feat xlink:href="#sSpan3742" value="mark"/>
		<feat xlink:href="#sSpan3746" value="aux"/>
		<feat xlink:href="#sSpan3748" value="nsubj"/>
		<feat xlink:href="#sSpan3750" value="advcl"/>
		<feat xlink:href="#sSpan3752" value="obj"/>
		<feat xlink:href="#sSpan3754" value="case"/>
		<feat xlink:href="#sSpan3758" value="det"/>
		<feat xlink:href="#sSpan3762" value="obl"/>
		<feat xlink:href="#sSpan3764" value="cc"/>
		<feat xlink:href="#sSpan3768" value="det"/>
		<feat xlink:href="#sSpan3772" value="conj"/>
		<feat xlink:href="#sSpan3775" value="case"/>
		<feat xlink:href="#sSpan3779" value="det"/>
		<feat xlink:href="#sSpan3783" value="nmod"/>
		<feat xlink:href="#sSpan3785" value="punct"/>
		<feat xlink:href="#sSpan3789" value="det"/>
		<feat xlink:href="#sSpan3799" value="root"/>
		<feat xlink:href="#sSpan3801" value="cop"/>
		<feat xlink:href="#sSpan3805" value="aux"/>
		<feat xlink:href="#sSpan3809" value="nsubj"/>
		<feat xlink:href="#sSpan3812" value="parataxis"/>
		<feat xlink:href="#sSpan3815" value="case"/>
		<feat xlink:href="#sSpan3819" value="det"/>
		<feat xlink:href="#sSpan3822" value="obj"/>
		<feat xlink:href="#sSpan3824" value="aux"/>
		<feat xlink:href="#sSpan3829" value="nsubj"/>
		<feat xlink:href="#sSpan3831" value="advcl"/>
		<feat xlink:href="#sSpan3834" value="case"/>
		<feat xlink:href="#sSpan3838" value="det"/>
		<feat xlink:href="#sSpan3842" value="obl"/>
		<feat xlink:href="#sSpan3845" value="advmod"/>
		<feat xlink:href="#sSpan3849" value="nsubj"/>
		<feat xlink:href="#sSpan3851" value="aux"/>
		<feat xlink:href="#sSpan3853" value="advcl"/>
		<feat xlink:href="#sSpan3855" value="obj"/>
		<feat xlink:href="#sSpan3857" value="case"/>
		<feat xlink:href="#sSpan3862" value="case"/>
		<feat xlink:href="#sSpan3866" value="obl"/>
		<feat xlink:href="#sSpan3868" value="punct"/>
		<feat xlink:href="#sSpan3872" value="det"/>
		<feat xlink:href="#sSpan3882" value="root"/>
		<feat xlink:href="#sSpan3884" value="cop"/>
		<feat xlink:href="#sSpan3888" value="det"/>
		<feat xlink:href="#sSpan3894" value="nsubj"/>
		<feat xlink:href="#sSpan3897" value="mark"/>
		<feat xlink:href="#sSpan3901" value="acl:relcl"/>
		<feat xlink:href="#sSpan3904" value="advmod"/>
		<feat xlink:href="#sSpan3913" value="advmod"/>
		<feat xlink:href="#sSpan3917" value="nsubj"/>
		<feat xlink:href="#sSpan3922" value="root"/>
		<feat xlink:href="#sSpan3925" value="case"/>
		<feat xlink:href="#sSpan3929" value="det"/>
		<feat xlink:href="#sSpan3932" value="obl"/>
		<feat xlink:href="#sSpan3934" value="cc"/>
		<feat xlink:href="#sSpan3939" value="det"/>
		<feat xlink:href="#sSpan3943" value="conj"/>
		<feat xlink:href="#sSpan3945" value="case"/>
		<feat xlink:href="#sSpan3950" value="det"/>
		<feat xlink:href="#sSpan3954" value="obl"/>
		<feat xlink:href="#sSpan3956" value="mark"/>
		<feat xlink:href="#sSpan3961" value="acl:relcl"/>
		<feat xlink:href="#sSpan3963" value="punct"/>
		<feat xlink:href="#sSpan3967" value="cc"/>
		<feat xlink:href="#sSpan3971" value="aux"/>
		<feat xlink:href="#sSpan3975" value="nsubj"/>
		<feat xlink:href="#sSpan3978" value="conj"/>
		<feat xlink:href="#sSpan3981" value="case"/>
		<feat xlink:href="#sSpan3985" value="obl"/>
		<feat xlink:href="#sSpan3988" value="advmod"/>
		<feat xlink:href="#sSpan3994" value="advmod"/>
		<feat xlink:href="#sSpan3998" value="advmod"/>
		<feat xlink:href="#sSpan4002" value="det"/>
		<feat xlink:href="#sSpan4005" value="parataxis"/>
		<feat xlink:href="#sSpan4007" value="advmod"/>
		<feat xlink:href="#sSpan4012" value="cop"/>
		<feat xlink:href="#sSpan4016" value="punct"/>
		<feat xlink:href="#sSpan4020" value="cc"/>
		<feat xlink:href="#sSpan4024" value="det"/>
		<feat xlink:href="#sSpan4027" value="conj"/>
		<feat xlink:href="#sSpan4029" value="case"/>
		<feat xlink:href="#sSpan4034" value="det"/>
		<feat xlink:href="#sSpan4037" value="nmod"/>
		<feat xlink:href="#sSpan4039" value="punct"/>
		<feat xlink:href="#sSpan4044" value="cc"/>
		<feat xlink:href="#sSpan4048" value="det"/>
		<feat xlink:href="#sSpan4054" value="conj"/>
		<feat xlink:href="#sSpan4057" value="cop"/>
		<feat xlink:href="#sSpan4061" value="cc"/>
		<feat xlink:href="#sSpan4065" value="det"/>
		<feat xlink:href="#sSpan4068" value="conj"/>
		<feat xlink:href="#sSpan4071" value="mark"/>
		<feat xlink:href="#sSpan4075" value="nsubj"/>
		<feat xlink:href="#sSpan4077" value="acl:relcl"/>
		<feat xlink:href="#sSpan4079" value="punct"/>
		<feat xlink:href="#sSpan4083" value="det"/>
		<feat xlink:href="#sSpan4093" value="root"/>
		<feat xlink:href="#sSpan4095" value="cop"/>
		<feat xlink:href="#sSpan4099" value="nsubj"/>
		<feat xlink:href="#sSpan4104" value="case"/>
		<feat xlink:href="#sSpan4109" value="nmod"/>
		<feat xlink:href="#sSpan4112" value="mark"/>
		<feat xlink:href="#sSpan4114" value="case"/>
		<feat xlink:href="#sSpan4116" value="det"/>
		<feat xlink:href="#sSpan4119" value="acl:relcl"/>
		<feat xlink:href="#sSpan4122" value="case"/>
		<feat xlink:href="#sSpan4126" value="det"/>
		<feat xlink:href="#sSpan4129" value="nmod"/>
		<feat xlink:href="#sSpan4131" value="punct"/>
		<feat xlink:href="#sSpan4135" value="det"/>
		<feat xlink:href="#sSpan4145" value="root"/>
		<feat xlink:href="#sSpan4147" value="cop"/>
		<feat xlink:href="#sSpan4151" value="det"/>
		<feat xlink:href="#sSpan4156" value="nsubj"/>
		<feat xlink:href="#sSpan4158" value="mark"/>
		<feat xlink:href="#sSpan4162" value="acl:relcl"/>
		<feat xlink:href="#sSpan4165" value="punct"/>
		<feat xlink:href="#sSpan4170" value="mark"/>
		<feat xlink:href="#sSpan4174" value="nsubj"/>
		<feat xlink:href="#sSpan4180" value="advcl"/>
		<feat xlink:href="#sSpan4183" value="aux"/>
		<feat xlink:href="#sSpan4188" value="nsubj"/>
		<feat xlink:href="#sSpan4190" value="parataxis"/>
		<feat xlink:href="#sSpan4192" value="case"/>
		<feat xlink:href="#sSpan4196" value="dislocated"/>
		<feat xlink:href="#sSpan4199" value="mark"/>
		<feat xlink:href="#sSpan4201" value="acl:relcl"/>
		<feat xlink:href="#sSpan4204" value="case"/>
		<feat xlink:href="#sSpan4208" value="obl"/>
		<feat xlink:href="#sSpan4210" value="punct"/>
		<feat xlink:href="#sSpan4214" value="det"/>
		<feat xlink:href="#sSpan4224" value="root"/>
		<feat xlink:href="#sSpan4226" value="cop"/>
		<feat xlink:href="#sSpan4230" value="det"/>
		<feat xlink:href="#sSpan4236" value="nsubj"/>
		<feat xlink:href="#sSpan4239" value="mark"/>
		<feat xlink:href="#sSpan4243" value="nsubj"/>
		<feat xlink:href="#sSpan4245" value="acl:relcl"/>
		<feat xlink:href="#sSpan4247" value="mark"/>
		<feat xlink:href="#sSpan4251" value="aux"/>
		<feat xlink:href="#sSpan4253" value="nsubj"/>
		<feat xlink:href="#sSpan4255" value="acl:relcl"/>
		<feat xlink:href="#sSpan4259" value="case"/>
		<feat xlink:href="#sSpan4263" value="obl"/>
		<feat xlink:href="#sSpan4265" value="case"/>
		<feat xlink:href="#sSpan4269" value="obj"/>
		<feat xlink:href="#sSpan4272" value="mark"/>
		<feat xlink:href="#sSpan4274" value="acl:relcl"/>
		<feat xlink:href="#sSpan4277" value="case"/>
		<feat xlink:href="#sSpan4281" value="obl"/>
		<feat xlink:href="#sSpan4283" value="punct"/>
		<feat xlink:href="#sSpan4287" value="det"/>
		<feat xlink:href="#sSpan4297" value="root"/>
		<feat xlink:href="#sSpan4299" value="cop"/>
		<feat xlink:href="#sSpan4303" value="det"/>
		<feat xlink:href="#sSpan4308" value="nsubj"/>
		<feat xlink:href="#sSpan4310" value="case"/>
		<feat xlink:href="#sSpan4316" value="nmod"/>
		<feat xlink:href="#sSpan4321" value="case"/>
		<feat xlink:href="#sSpan4326" value="fixed"/>
		<feat xlink:href="#sSpan4330" value="det"/>
		<feat xlink:href="#sSpan4333" value="nmod"/>
		<feat xlink:href="#sSpan4335" value="punct"/>
		<feat xlink:href="#sSpan4339" value="det"/>
		<feat xlink:href="#sSpan4349" value="root"/>
		<feat xlink:href="#sSpan4351" value="cop"/>
		<feat xlink:href="#sSpan4355" value="det"/>
		<feat xlink:href="#sSpan4360" value="nsubj"/>
		<feat xlink:href="#sSpan4362" value="mark"/>
		<feat xlink:href="#sSpan4367" value="aux"/>
		<feat xlink:href="#sSpan4369" value="det"/>
		<feat xlink:href="#sSpan4373" value="nsubj"/>
		<feat xlink:href="#sSpan4377" value="acl:relcl"/>
		<feat xlink:href="#sSpan4381" value="case"/>
		<feat xlink:href="#sSpan4386" value="obj"/>
		<feat xlink:href="#sSpan4388" value="punct"/>
		<feat xlink:href="#sSpan4392" value="det"/>
		<feat xlink:href="#sSpan4402" value="root"/>
		<feat xlink:href="#sSpan4404" value="cop"/>
		<feat xlink:href="#sSpan4408" value="det"/>
		<feat xlink:href="#sSpan4414" value="nsubj"/>
		<feat xlink:href="#sSpan4417" value="case"/>
		<feat xlink:href="#sSpan4421" value="det"/>
		<feat xlink:href="#sSpan4424" value="nmod"/>
		<feat xlink:href="#sSpan4426" value="punct"/>
		<feat xlink:href="#sSpan4430" value="cc"/>
		<feat xlink:href="#sSpan4435" value="case"/>
		<feat xlink:href="#sSpan4439" value="det"/>
		<feat xlink:href="#sSpan4443" value="conj"/>
		<feat xlink:href="#sSpan4445" value="case"/>
		<feat xlink:href="#sSpan4450" value="nmod"/>
		<feat xlink:href="#sSpan4453" value="mark"/>
		<feat xlink:href="#sSpan4455" value="acl:relcl"/>
		<feat xlink:href="#sSpan4457" value="punct"/>
		<feat xlink:href="#sSpan4461" value="det"/>
		<feat xlink:href="#sSpan4471" value="root"/>
		<feat xlink:href="#sSpan4473" value="cop"/>
		<feat xlink:href="#sSpan4477" value="mark"/>
		<feat xlink:href="#sSpan4481" value="aux"/>
		<feat xlink:href="#sSpan4483" value="nsubj"/>
		<feat xlink:href="#sSpan4485" value="acl:relcl"/>
		<feat xlink:href="#sSpan4488" value="case"/>
		<feat xlink:href="#sSpan4492" value="det"/>
		<feat xlink:href="#sSpan4495" value="obj"/>
		<feat xlink:href="#sSpan4497" value="case"/>
		<feat xlink:href="#sSpan4502" value="det"/>
		<feat xlink:href="#sSpan4506" value="nmod"/>
		<feat xlink:href="#sSpan4508" value="punct"/>
		<feat xlink:href="#sSpan4512" value="aux"/>
		<feat xlink:href="#sSpan4516" value="nsubj"/>
		<feat xlink:href="#sSpan4518" value="parataxis"/>
		<feat xlink:href="#sSpan4521" value="obj"/>
		<feat xlink:href="#sSpan4523" value="xcomp"/>
		<feat xlink:href="#sSpan4525" value="case"/>
		<feat xlink:href="#sSpan4529" value="det"/>
		<feat xlink:href="#sSpan4533" value="obl"/>
		<feat xlink:href="#sSpan4536" value="punct"/>
		<feat xlink:href="#sSpan4540" value="aux"/>
		<feat xlink:href="#sSpan4544" value="nsubj"/>
		<feat xlink:href="#sSpan4547" value="parataxis"/>
		<feat xlink:href="#sSpan4550" value="case"/>
		<feat xlink:href="#sSpan4554" value="obj"/>
		<feat xlink:href="#sSpan4556" value="punct"/>
		<feat xlink:href="#sSpan4560" value="det"/>
		<feat xlink:href="#sSpan4570" value="dislocated"/>
		<feat xlink:href="#sSpan4572" value="aux"/>
		<feat xlink:href="#sSpan4576" value="nsubj"/>
		<feat xlink:href="#sSpan4578" value="root"/>
		<feat xlink:href="#sSpan4581" value="case"/>
		<feat xlink:href="#sSpan4585" value="det"/>
		<feat xlink:href="#sSpan4589" value="obj"/>
		<feat xlink:href="#sSpan4592" value="aux"/>
		<feat xlink:href="#sSpan4596" value="nsubj"/>
		<feat xlink:href="#sSpan4598" value="parataxis"/>
		<feat xlink:href="#sSpan4600" value="obj"/>
		<feat xlink:href="#sSpan4602" value="case"/>
		<feat xlink:href="#sSpan4607" value="case"/>
		<feat xlink:href="#sSpan4612" value="det"/>
		<feat xlink:href="#sSpan4615" value="obl"/>
		<feat xlink:href="#sSpan4617" value="punct"/>
		<feat xlink:href="#sSpan4621" value="det"/>
		<feat xlink:href="#sSpan4631" value="root"/>
		<feat xlink:href="#sSpan4633" value="cop"/>
		<feat xlink:href="#sSpan4637" value="det"/>
		<feat xlink:href="#sSpan4642" value="nsubj"/>
		<feat xlink:href="#sSpan4645" value="case"/>
		<feat xlink:href="#sSpan4649" value="det"/>
		<feat xlink:href="#sSpan4652" value="nmod"/>
		<feat xlink:href="#sSpan4654" value="mark"/>
		<feat xlink:href="#sSpan4660" value="acl:relcl"/>
		<feat xlink:href="#sSpan4663" value="case"/>
		<feat xlink:href="#sSpan4667" value="det"/>
		<feat xlink:href="#sSpan4671" value="obl"/>
		<feat xlink:href="#sSpan4675" value="punct"/>
		<feat xlink:href="#sSpan4679" value="det"/>
		<feat xlink:href="#sSpan4689" value="root"/>
		<feat xlink:href="#sSpan4691" value="cop"/>
		<feat xlink:href="#sSpan4695" value="det"/>
		<feat xlink:href="#sSpan4700" value="nsubj"/>
		<feat xlink:href="#sSpan4703" value="case"/>
		<feat xlink:href="#sSpan4707" value="det"/>
		<feat xlink:href="#sSpan4710" value="nmod"/>
		<feat xlink:href="#sSpan4712" value="mark"/>
		<feat xlink:href="#sSpan4717" value="case"/>
		<feat xlink:href="#sSpan4719" value="det"/>
		<feat xlink:href="#sSpan4722" value="acl:relcl"/>
		<feat xlink:href="#sSpan4724" value="case"/>
		<feat xlink:href="#sSpan4728" value="det"/>
		<feat xlink:href="#sSpan4731" value="nmod"/>
		<feat xlink:href="#sSpan4734" value="case"/>
		<feat xlink:href="#sSpan4738" value="det"/>
		<feat xlink:href="#sSpan4742" value="nmod"/>
		<feat xlink:href="#sSpan4745" value="punct"/>
		<feat xlink:href="#sSpan4749" value="det"/>
		<feat xlink:href="#sSpan4759" value="root"/>
		<feat xlink:href="#sSpan4761" value="cop"/>
		<feat xlink:href="#sSpan4765" value="det"/>
		<feat xlink:href="#sSpan4771" value="nsubj"/>
		<feat xlink:href="#sSpan4774" value="case"/>
		<feat xlink:href="#sSpan4778" value="det"/>
		<feat xlink:href="#sSpan4782" value="nmod"/>
		<feat xlink:href="#sSpan4786" value="case"/>
		<feat xlink:href="#sSpan4790" value="det"/>
		<feat xlink:href="#sSpan4794" value="nmod"/>
		<feat xlink:href="#sSpan4797" value="punct"/></featList></paula>