<?xml version='1.0' encoding='UTF-8'?><!DOCTYPE paula SYSTEM "paula_feat.dtd">
<paula version="1.1">
	<header paula_id="scriptorium.cross.michbr291-294.mark_lang"/>
	<featList xmlns:xlink="http://www.w3.org/1999/xlink" type="lang" xml:base="scriptorium.cross.michbr291-294.mark.xml">
		<feat xlink:href="#sSpan66" value="Hebrew"/>
		<feat xlink:href="#sSpan83" value="Hebrew"/>
		<feat xlink:href="#sSpan105" value="Hebrew"/>
		<feat xlink:href="#sSpan134" value="Hebrew"/>
		<feat xlink:href="#sSpan146" value="Greek"/>
		<feat xlink:href="#sSpan188" value="Greek"/>
		<feat xlink:href="#sSpan203" value="Greek"/>
		<feat xlink:href="#sSpan207" value="Greek"/>
		<feat xlink:href="#sSpan231" value="Greek"/>
		<feat xlink:href="#sSpan256" value="Greek"/>
		<feat xlink:href="#sSpan267" value="Greek"/>
		<feat xlink:href="#sSpan301" value="Greek"/>
		<feat xlink:href="#sSpan332" value="Greek"/>
		<feat xlink:href="#sSpan343" value="Greek"/>
		<feat xlink:href="#sSpan368" value="Greek"/>
		<feat xlink:href="#sSpan390" value="Greek"/>
		<feat xlink:href="#sSpan429" value="Greek"/>
		<feat xlink:href="#sSpan464" value="Greek"/>
		<feat xlink:href="#sSpan472" value="Greek"/>
		<feat xlink:href="#sSpan483" value="Greek"/>
		<feat xlink:href="#sSpan493" value="Greek"/>
		<feat xlink:href="#sSpan510" value="Greek"/>
		<feat xlink:href="#sSpan557" value="Greek"/>
		<feat xlink:href="#sSpan590" value="Greek"/>
		<feat xlink:href="#sSpan610" value="Hebrew"/>
		<feat xlink:href="#sSpan667" value="Greek"/>
		<feat xlink:href="#sSpan684" value="Hebrew"/>
		<feat xlink:href="#sSpan718" value="Greek"/>
		<feat xlink:href="#sSpan721" value="Greek"/>
		<feat xlink:href="#sSpan732" value="Hebrew"/>
		<feat xlink:href="#sSpan797" value="Greek"/>
		<feat xlink:href="#sSpan859" value="Greek"/>
		<feat xlink:href="#sSpan887" value="Greek"/>
		<feat xlink:href="#sSpan1089" value="Greek"/>
		<feat xlink:href="#sSpan1147" value="Greek"/>
		<feat xlink:href="#sSpan1232" value="Greek"/>
		<feat xlink:href="#sSpan1255" value="Greek"/>
		<feat xlink:href="#sSpan1293" value="Greek"/>
		<feat xlink:href="#sSpan1305" value="Greek"/>
		<feat xlink:href="#sSpan1345" value="Greek"/>
		<feat xlink:href="#sSpan1393" value="Greek"/>
		<feat xlink:href="#sSpan1408" value="Greek"/>
		<feat xlink:href="#sSpan1469" value="Greek"/>
		<feat xlink:href="#sSpan1501" value="Greek"/>
		<feat xlink:href="#sSpan1554" value="Greek"/>
		<feat xlink:href="#sSpan1641" value="Greek"/>
		<feat xlink:href="#sSpan1718" value="Greek"/>
		<feat xlink:href="#sSpan1899" value="Greek"/>
		<feat xlink:href="#sSpan1938" value="Greek"/>
		<feat xlink:href="#sSpan1975" value="Greek"/>
		<feat xlink:href="#sSpan2030" value="Greek"/>
		<feat xlink:href="#sSpan2077" value="Greek"/>
		<feat xlink:href="#sSpan2107" value="Greek"/>
		<feat xlink:href="#sSpan2163" value="Greek"/>
		<feat xlink:href="#sSpan2246" value="Greek"/>
		<feat xlink:href="#sSpan2257" value="Greek"/>
		<feat xlink:href="#sSpan2275" value="Greek"/>
		<feat xlink:href="#sSpan2346" value="Greek"/>
		<feat xlink:href="#sSpan2469" value="Greek"/>
		<feat xlink:href="#sSpan2472" value="Greek"/>
		<feat xlink:href="#sSpan2540" value="Greek"/>
		<feat xlink:href="#sSpan2562" value="Greek"/>
		<feat xlink:href="#sSpan2608" value="Greek"/>
		<feat xlink:href="#sSpan2620" value="Greek"/>
		<feat xlink:href="#sSpan2746" value="Greek"/>
		<feat xlink:href="#sSpan2779" value="Greek"/>
		<feat xlink:href="#sSpan2884" value="Greek"/>
		<feat xlink:href="#sSpan2895" value="Greek"/>
		<feat xlink:href="#sSpan2905" value="Greek"/>
		<feat xlink:href="#sSpan2924" value="Greek"/>
		<feat xlink:href="#sSpan2934" value="Greek"/>
		<feat xlink:href="#sSpan2988" value="Greek"/>
		<feat xlink:href="#sSpan3006" value="Greek"/>
		<feat xlink:href="#sSpan3043" value="Greek"/>
		<feat xlink:href="#sSpan3052" value="Greek"/>
		<feat xlink:href="#sSpan3188" value="Greek"/>
		<feat xlink:href="#sSpan3214" value="Greek"/>
		<feat xlink:href="#sSpan3319" value="Greek"/>
		<feat xlink:href="#sSpan3486" value="Greek"/>
		<feat xlink:href="#sSpan3499" value="Hebrew"/>
		<feat xlink:href="#sSpan3508" value="Greek"/>
		<feat xlink:href="#sSpan3551" value="Greek"/>
		<feat xlink:href="#sSpan3622" value="Greek"/>
		<feat xlink:href="#sSpan3633" value="Greek"/>
		<feat xlink:href="#sSpan3728" value="Greek"/>
		<feat xlink:href="#sSpan3771" value="Greek"/>
		<feat xlink:href="#sSpan3782" value="Greek"/>
		<feat xlink:href="#sSpan3798" value="Greek"/>
		<feat xlink:href="#sSpan3811" value="Greek"/>
		<feat xlink:href="#sSpan3841" value="Greek"/>
		<feat xlink:href="#sSpan3881" value="Greek"/>
		<feat xlink:href="#sSpan3893" value="Greek"/>
		<feat xlink:href="#sSpan3903" value="Greek"/>
		<feat xlink:href="#sSpan3912" value="Greek"/>
		<feat xlink:href="#sSpan3921" value="Greek"/>
		<feat xlink:href="#sSpan3942" value="Greek"/>
		<feat xlink:href="#sSpan3953" value="Greek"/>
		<feat xlink:href="#sSpan3977" value="Greek"/>
		<feat xlink:href="#sSpan3987" value="Greek"/>
		<feat xlink:href="#sSpan3993" value="Greek"/>
		<feat xlink:href="#sSpan4043" value="Greek"/>
		<feat xlink:href="#sSpan4053" value="Greek"/>
		<feat xlink:href="#sSpan4092" value="Greek"/>
		<feat xlink:href="#sSpan4118" value="Greek"/>
		<feat xlink:href="#sSpan4144" value="Greek"/>
		<feat xlink:href="#sSpan4169" value="Greek"/>
		<feat xlink:href="#sSpan4223" value="Greek"/>
		<feat xlink:href="#sSpan4235" value="Greek"/>
		<feat xlink:href="#sSpan4296" value="Greek"/>
		<feat xlink:href="#sSpan4348" value="Greek"/>
		<feat xlink:href="#sSpan4372" value="Greek"/>
		<feat xlink:href="#sSpan4376" value="Greek"/>
		<feat xlink:href="#sSpan4401" value="Greek"/>
		<feat xlink:href="#sSpan4413" value="Greek"/>
		<feat xlink:href="#sSpan4442" value="Greek"/>
		<feat xlink:href="#sSpan4470" value="Greek"/>
		<feat xlink:href="#sSpan4505" value="Greek"/>
		<feat xlink:href="#sSpan4532" value="Greek"/>
		<feat xlink:href="#sSpan4546" value="Greek"/>
		<feat xlink:href="#sSpan4569" value="Greek"/>
		<feat xlink:href="#sSpan4588" value="Greek"/>
		<feat xlink:href="#sSpan4630" value="Greek"/>
		<feat xlink:href="#sSpan4688" value="Greek"/>
		<feat xlink:href="#sSpan4758" value="Greek"/>
		<feat xlink:href="#sSpan4770" value="Greek"/>
		<feat xlink:href="#sSpan4793" value="Greek"/></featList></paula>