<?xml version='1.0' encoding='UTF-8'?><!DOCTYPE paula SYSTEM "paula_feat.dtd">
<paula version="1.1">
	<header paula_id="scriptorium.cross.michbr291-294.mark_morph"/>
	<featList xmlns:xlink="http://www.w3.org/1999/xlink" type="morph" xml:base="scriptorium.cross.michbr291-294.mark.xml">
		<feat xlink:href="#sSpan378" value="ϫⲓ"/>
		<feat xlink:href="#sSpan381" value="ⲥⲙⲏ"/>
		<feat xlink:href="#sSpan504" value="ⲙⲁⲓ"/>
		<feat xlink:href="#sSpan509" value="ⲗⲟⲅⲟⲥ"/>
		<feat xlink:href="#sSpan535" value="ⲙⲁⲓ"/>
		<feat xlink:href="#sSpan538" value="ⲛⲟⲩⲧⲉ"/>
		<feat xlink:href="#sSpan553" value="ⲙⲁⲓ"/>
		<feat xlink:href="#sSpan556" value="ⲗⲟⲅⲟⲥ"/>
		<feat xlink:href="#sSpan572" value="ⲣⲉϥ"/>
		<feat xlink:href="#sSpan575" value="ϣⲱⲡ"/>
		<feat xlink:href="#sSpan762" value="ⲣⲉϥ"/>
		<feat xlink:href="#sSpan765" value="ⲥⲱⲧⲉ"/>
		<feat xlink:href="#sSpan855" value="ⲙⲛⲧ"/>
		<feat xlink:href="#sSpan858" value="ⲗⲁⲙⲡⲣⲟⲥ"/>
		<feat xlink:href="#sSpan999" value="ⲣ"/>
		<feat xlink:href="#sSpan1002" value="ϩⲱⲃ"/>
		<feat xlink:href="#sSpan1134" value="ⲙⲁ"/>
		<feat xlink:href="#sSpan1138" value="ⲛⲕⲟⲧⲕ"/>
		<feat xlink:href="#sSpan1174" value="ϣⲡ"/>
		<feat xlink:href="#sSpan1177" value="ϩⲓⲥⲉ"/>
		<feat xlink:href="#sSpan1201" value="ⲙⲛⲧ"/>
		<feat xlink:href="#sSpan1204" value="ⲣⲱⲙⲉ"/>
		<feat xlink:href="#sSpan1279" value="ϯ"/>
		<feat xlink:href="#sSpan1282" value="ⲉⲓⲃⲧ"/>
		<feat xlink:href="#sSpan1323" value="ϯ"/>
		<feat xlink:href="#sSpan1326" value="ⲕⲗⲟⲙ"/>
		<feat xlink:href="#sSpan1404" value="ⲛ"/>
		<feat xlink:href="#sSpan1407" value="ⲕⲁⲕⲉⲓ"/>
		<feat xlink:href="#sSpan1550" value="ⲛⲉϫ"/>
		<feat xlink:href="#sSpan1553" value="ⲕⲗⲏⲣⲟⲥ"/>
		<feat xlink:href="#sSpan1891" value="ⲙⲛⲧ"/>
		<feat xlink:href="#sSpan1895" value="ϣⲁ"/>
		<feat xlink:href="#sSpan1896" value="ⲛ"/>
		<feat xlink:href="#sSpan1897" value="ϩⲧⲏ"/>
		<feat xlink:href="#sSpan1898" value="ϥ"/>
		<feat xlink:href="#sSpan1946" value="ⲁⲧ"/>
		<feat xlink:href="#sSpan1950" value="ⲧⲁⲗϭⲟ"/>
		<feat xlink:href="#sSpan2007" value="ⲙⲛⲧ"/>
		<feat xlink:href="#sSpan2010" value="ϣⲁ"/>
		<feat xlink:href="#sSpan2011" value="ⲛ"/>
		<feat xlink:href="#sSpan2012" value="ϩⲧⲏ"/>
		<feat xlink:href="#sSpan2014" value="ϥ"/>
		<feat xlink:href="#sSpan2127" value="ⲣ"/>
		<feat xlink:href="#sSpan2130" value="ⲥⲛⲁⲩ"/>
		<feat xlink:href="#sSpan2184" value="ⲣ"/>
		<feat xlink:href="#sSpan2189" value="ⲕⲁⲕⲉ"/>
		<feat xlink:href="#sSpan2202" value="ⲣⲉϥ"/>
		<feat xlink:href="#sSpan2206" value="ⲣ"/>
		<feat xlink:href="#sSpan2207" value="ⲟⲩⲟⲉⲓⲛ"/>
		<feat xlink:href="#sSpan2231" value="ⲣ"/>
		<feat xlink:href="#sSpan2236" value="ⲕⲁⲕⲉ"/>
		<feat xlink:href="#sSpan2374" value="ⲙⲛⲧ"/>
		<feat xlink:href="#sSpan2378" value="ϣⲁ"/>
		<feat xlink:href="#sSpan2379" value="ⲛ"/>
		<feat xlink:href="#sSpan2380" value="ϩⲧⲏ"/>
		<feat xlink:href="#sSpan2381" value="ϥ"/>
		<feat xlink:href="#sSpan2403" value="ϯ"/>
		<feat xlink:href="#sSpan2406" value="ϩⲃⲥⲱ"/>
		<feat xlink:href="#sSpan2646" value="ⲙⲛⲧ"/>
		<feat xlink:href="#sSpan2649" value="ⲛⲟⲩⲧⲉ"/>
		<feat xlink:href="#sSpan3024" value="ϯ"/>
		<feat xlink:href="#sSpan3027" value="ⲉⲟⲟⲩ"/>
		<feat xlink:href="#sSpan3141" value="ⲧⲁⲩⲉ"/>
		<feat xlink:href="#sSpan3147" value="ϩⲣⲏⲣⲉ"/>
		<feat xlink:href="#sSpan3236" value="ⲕⲁ"/>
		<feat xlink:href="#sSpan3240" value="ⲛⲟⲃⲉ"/>
		<feat xlink:href="#sSpan3264" value="ⲣⲉϥ"/>
		<feat xlink:href="#sSpan3268" value="ⲧⲁⲗϭⲟ"/>
		<feat xlink:href="#sSpan3288" value="ⲣⲉϥ"/>
		<feat xlink:href="#sSpan3292" value="ϯ"/>
		<feat xlink:href="#sSpan3293" value="ⲱⲛϩ"/>
		<feat xlink:href="#sSpan3313" value="ⲣⲉϥ"/>
		<feat xlink:href="#sSpan3317" value="ϯ"/>
		<feat xlink:href="#sSpan3318" value="ⲕⲁⲣⲡⲟⲥ"/>
		<feat xlink:href="#sSpan3695" value="ⲣ"/>
		<feat xlink:href="#sSpan3698" value="ⲁⲥ"/>
		<feat xlink:href="#sSpan3709" value="ϯ"/>
		<feat xlink:href="#sSpan3712" value="ⲙⲁⲉⲓⲛ"/>
		<feat xlink:href="#sSpan4179" value="ⲣ"/>
		<feat xlink:href="#sSpan4182" value="ϣⲙⲙⲟ"/>
		<feat xlink:href="#sSpan4315" value="ⲣⲉϥ"/>
		<feat xlink:href="#sSpan4319" value="ϫⲓ"/>
		<feat xlink:href="#sSpan4320" value="ⲣⲱⲙⲉ"/>
		<feat xlink:href="#sSpan4659" value="ⲣ"/>
		<feat xlink:href="#sSpan4662" value="ϩⲱⲧ"/>
		<feat xlink:href="#sSpan4670" value="ⲙⲛⲧ"/>
		<feat xlink:href="#sSpan4673" value="ⲥⲁⲓⲉ"/>
		<feat xlink:href="#sSpan4741" value="ⲙⲛⲧ"/>
		<feat xlink:href="#sSpan4744" value="ⲥⲁⲃⲉ"/>
		<feat xlink:href="#sSpan4781" value="ⲁⲧ"/>
		<feat xlink:href="#sSpan4784" value="ⲡⲱⲱⲛⲉ"/></featList></paula>