<?xml version='1.0' encoding='UTF-8'?><!DOCTYPE paula SYSTEM "paula_rel.dtd">
<paula version="1.1">
	<header paula_id="scriptorium.cross.michbr291-294.head"/>
	<relList xmlns:xlink="http://www.w3.org/1999/xlink" type="head">
		<rel id="sPointingRel2275" xlink:href="scriptorium.cross.michbr291-294.mark.xml#sSpan3106" target="scriptorium.cross.michbr291-294.mark.xml#sSpan3107"/>
		<rel id="sPointingRel2277" xlink:href="scriptorium.cross.michbr291-294.mark.xml#sSpan366" target="scriptorium.cross.michbr291-294.mark.xml#sSpan369"/>
		<rel id="sPointingRel2279" xlink:href="scriptorium.cross.michbr291-294.mark.xml#sSpan550" target="scriptorium.cross.michbr291-294.mark.xml#sSpan554"/>
		<rel id="sPointingRel2281" xlink:href="scriptorium.cross.michbr291-294.mark.xml#sSpan1334" target="scriptorium.cross.michbr291-294.mark.xml#sSpan1332"/>
		<rel id="sPointingRel2283" xlink:href="scriptorium.cross.michbr291-294.mark.xml#sSpan729" target="scriptorium.cross.michbr291-294.mark.xml#sSpan733"/>
		<rel id="sPointingRel2285" xlink:href="scriptorium.cross.michbr291-294.mark.xml#sSpan4026" target="scriptorium.cross.michbr291-294.mark.xml#sSpan4027"/>
		<rel id="sPointingRel2287" xlink:href="scriptorium.cross.michbr291-294.mark.xml#sSpan3277" target="scriptorium.cross.michbr291-294.mark.xml#sSpan3282"/>
		<rel id="sPointingRel2289" xlink:href="scriptorium.cross.michbr291-294.mark.xml#sSpan2117" target="scriptorium.cross.michbr291-294.mark.xml#sSpan2118"/>
		<rel id="sPointingRel2291" xlink:href="scriptorium.cross.michbr291-294.mark.xml#sSpan1145" target="scriptorium.cross.michbr291-294.mark.xml#sSpan1148"/>
		<rel id="sPointingRel2293" xlink:href="scriptorium.cross.michbr291-294.mark.xml#sSpan503" target="scriptorium.cross.michbr291-294.mark.xml#sSpan505"/>
		<rel id="sPointingRel2295" xlink:href="scriptorium.cross.michbr291-294.mark.xml#sSpan3400" target="scriptorium.cross.michbr291-294.mark.xml#sSpan3405"/>
		<rel id="sPointingRel2297" xlink:href="scriptorium.cross.michbr291-294.mark.xml#sSpan2400" target="scriptorium.cross.michbr291-294.mark.xml#sSpan2396"/>
		<rel id="sPointingRel2299" xlink:href="scriptorium.cross.michbr291-294.mark.xml#sSpan4623" target="scriptorium.cross.michbr291-294.mark.xml#sSpan4631"/>
		<rel id="sPointingRel2301" xlink:href="scriptorium.cross.michbr291-294.mark.xml#sSpan3389" target="scriptorium.cross.michbr291-294.mark.xml#sSpan3390"/>
		<rel id="sPointingRel2303" xlink:href="scriptorium.cross.michbr291-294.mark.xml#sSpan1088" target="scriptorium.cross.michbr291-294.mark.xml#sSpan1090"/>
		<rel id="sPointingRel2305" xlink:href="scriptorium.cross.michbr291-294.mark.xml#sSpan1867" target="scriptorium.cross.michbr291-294.mark.xml#sSpan1868"/>
		<rel id="sPointingRel2307" xlink:href="scriptorium.cross.michbr291-294.mark.xml#sSpan37" target="scriptorium.cross.michbr291-294.mark.xml#sSpan38"/>
		<rel id="sPointingRel2309" xlink:href="scriptorium.cross.michbr291-294.mark.xml#sSpan604" target="scriptorium.cross.michbr291-294.mark.xml#sSpan602"/>
		<rel id="sPointingRel2311" xlink:href="scriptorium.cross.michbr291-294.mark.xml#sSpan202" target="scriptorium.cross.michbr291-294.mark.xml#sSpan208"/>
		<rel id="sPointingRel2313" xlink:href="scriptorium.cross.michbr291-294.mark.xml#sSpan1949" target="scriptorium.cross.michbr291-294.mark.xml#sSpan1947"/>
		<rel id="sPointingRel2315" xlink:href="scriptorium.cross.michbr291-294.mark.xml#sSpan2506" target="scriptorium.cross.michbr291-294.mark.xml#sSpan2507"/>
		<rel id="sPointingRel2317" xlink:href="scriptorium.cross.michbr291-294.mark.xml#sSpan3038" target="scriptorium.cross.michbr291-294.mark.xml#sSpan3044"/>
		<rel id="sPointingRel2319" xlink:href="scriptorium.cross.michbr291-294.mark.xml#sSpan2661" target="scriptorium.cross.michbr291-294.mark.xml#sSpan2662"/>
		<rel id="sPointingRel2321" xlink:href="scriptorium.cross.michbr291-294.mark.xml#sSpan3177" target="scriptorium.cross.michbr291-294.mark.xml#sSpan3178"/>
		<rel id="sPointingRel2323" xlink:href="scriptorium.cross.michbr291-294.mark.xml#sSpan4359" target="scriptorium.cross.michbr291-294.mark.xml#sSpan4360"/>
		<rel id="sPointingRel2325" xlink:href="scriptorium.cross.michbr291-294.mark.xml#sSpan4730" target="scriptorium.cross.michbr291-294.mark.xml#sSpan4731"/>
		<rel id="sPointingRel2327" xlink:href="scriptorium.cross.michbr291-294.mark.xml#sSpan3448" target="scriptorium.cross.michbr291-294.mark.xml#sSpan3453"/>
		<rel id="sPointingRel2329" xlink:href="scriptorium.cross.michbr291-294.mark.xml#sSpan255" target="scriptorium.cross.michbr291-294.mark.xml#sSpan257"/>
		<rel id="sPointingRel2331" xlink:href="scriptorium.cross.michbr291-294.mark.xml#sSpan4531" target="scriptorium.cross.michbr291-294.mark.xml#sSpan4533"/>
		<rel id="sPointingRel2333" xlink:href="scriptorium.cross.michbr291-294.mark.xml#sSpan2373" target="scriptorium.cross.michbr291-294.mark.xml#sSpan2375"/>
		<rel id="sPointingRel2335" xlink:href="scriptorium.cross.michbr291-294.mark.xml#sSpan753" target="scriptorium.cross.michbr291-294.mark.xml#sSpan751"/>
		<rel id="sPointingRel2337" xlink:href="scriptorium.cross.michbr291-294.mark.xml#sSpan3128" target="scriptorium.cross.michbr291-294.mark.xml#sSpan3133"/>
		<rel id="sPointingRel2339" xlink:href="scriptorium.cross.michbr291-294.mark.xml#sSpan4155" target="scriptorium.cross.michbr291-294.mark.xml#sSpan4156"/>
		<rel id="sPointingRel2341" xlink:href="scriptorium.cross.michbr291-294.mark.xml#sSpan1890" target="scriptorium.cross.michbr291-294.mark.xml#sSpan1892"/>
		<rel id="sPointingRel2343" xlink:href="scriptorium.cross.michbr291-294.mark.xml#sSpan340" target="scriptorium.cross.michbr291-294.mark.xml#sSpan344"/>
		<rel id="sPointingRel2345" xlink:href="scriptorium.cross.michbr291-294.mark.xml#sSpan118" target="scriptorium.cross.michbr291-294.mark.xml#sSpan113"/>
		<rel id="sPointingRel2347" xlink:href="scriptorium.cross.michbr291-294.mark.xml#sSpan69" target="scriptorium.cross.michbr291-294.mark.xml#sSpan67"/>
		<rel id="sPointingRel2349" xlink:href="scriptorium.cross.michbr291-294.mark.xml#sSpan492" target="scriptorium.cross.michbr291-294.mark.xml#sSpan494"/>
		<rel id="sPointingRel2351" xlink:href="scriptorium.cross.michbr291-294.mark.xml#sSpan1965" target="scriptorium.cross.michbr291-294.mark.xml#sSpan1966"/>
		<rel id="sPointingRel2353" xlink:href="scriptorium.cross.michbr291-294.mark.xml#sSpan2273" target="scriptorium.cross.michbr291-294.mark.xml#sSpan2276"/>
		<rel id="sPointingRel2355" xlink:href="scriptorium.cross.michbr291-294.mark.xml#sSpan3952" target="scriptorium.cross.michbr291-294.mark.xml#sSpan3954"/>
		<rel id="sPointingRel2357" xlink:href="scriptorium.cross.michbr291-294.mark.xml#sSpan4452" target="scriptorium.cross.michbr291-294.mark.xml#sSpan4450"/>
		<rel id="sPointingRel2359" xlink:href="scriptorium.cross.michbr291-294.mark.xml#sSpan3302" target="scriptorium.cross.michbr291-294.mark.xml#sSpan3307"/>
		<rel id="sPointingRel2361" xlink:href="scriptorium.cross.michbr291-294.mark.xml#sSpan2769" target="scriptorium.cross.michbr291-294.mark.xml#sSpan2770"/>
		<rel id="sPointingRel2363" xlink:href="scriptorium.cross.michbr291-294.mark.xml#sSpan4423" target="scriptorium.cross.michbr291-294.mark.xml#sSpan4424"/>
		<rel id="sPointingRel2365" xlink:href="scriptorium.cross.michbr291-294.mark.xml#sSpan2532" target="scriptorium.cross.michbr291-294.mark.xml#sSpan2541"/>
		<rel id="sPointingRel2367" xlink:href="scriptorium.cross.michbr291-294.mark.xml#sSpan3821" target="scriptorium.cross.michbr291-294.mark.xml#sSpan3822"/>
		<rel id="sPointingRel2369" xlink:href="scriptorium.cross.michbr291-294.mark.xml#sSpan311" target="scriptorium.cross.michbr291-294.mark.xml#sSpan312"/>
		<rel id="sPointingRel2371" xlink:href="scriptorium.cross.michbr291-294.mark.xml#sSpan3092" target="scriptorium.cross.michbr291-294.mark.xml#sSpan3093"/>
		<rel id="sPointingRel2373" xlink:href="scriptorium.cross.michbr291-294.mark.xml#sSpan3520" target="scriptorium.cross.michbr291-294.mark.xml#sSpan3515"/>
		<rel id="sPointingRel2375" xlink:href="scriptorium.cross.michbr291-294.mark.xml#sSpan760" target="scriptorium.cross.michbr291-294.mark.xml#sSpan763"/>
		<rel id="sPointingRel2377" xlink:href="scriptorium.cross.michbr291-294.mark.xml#sSpan3253" target="scriptorium.cross.michbr291-294.mark.xml#sSpan3258"/>
		<rel id="sPointingRel2379" xlink:href="scriptorium.cross.michbr291-294.mark.xml#sSpan3146" target="scriptorium.cross.michbr291-294.mark.xml#sSpan3142"/>
		<rel id="sPointingRel2381" xlink:href="scriptorium.cross.michbr291-294.mark.xml#sSpan2495" target="scriptorium.cross.michbr291-294.mark.xml#sSpan2497"/>
		<rel id="sPointingRel2383" xlink:href="scriptorium.cross.michbr291-294.mark.xml#sSpan4681" target="scriptorium.cross.michbr291-294.mark.xml#sSpan4689"/>
		<rel id="sPointingRel2385" xlink:href="scriptorium.cross.michbr291-294.mark.xml#sSpan2894" target="scriptorium.cross.michbr291-294.mark.xml#sSpan2896"/>
		<rel id="sPointingRel2387" xlink:href="scriptorium.cross.michbr291-294.mark.xml#sSpan1974" target="scriptorium.cross.michbr291-294.mark.xml#sSpan1976"/>
		<rel id="sPointingRel2389" xlink:href="scriptorium.cross.michbr291-294.mark.xml#sSpan4271" target="scriptorium.cross.michbr291-294.mark.xml#sSpan4269"/>
		<rel id="sPointingRel2391" xlink:href="scriptorium.cross.michbr291-294.mark.xml#sSpan3352" target="scriptorium.cross.michbr291-294.mark.xml#sSpan3357"/>
		<rel id="sPointingRel2393" xlink:href="scriptorium.cross.michbr291-294.mark.xml#sSpan589" target="scriptorium.cross.michbr291-294.mark.xml#sSpan591"/>
		<rel id="sPointingRel2395" xlink:href="scriptorium.cross.michbr291-294.mark.xml#sSpan743" target="scriptorium.cross.michbr291-294.mark.xml#sSpan744"/>
		<rel id="sPointingRel2397" xlink:href="scriptorium.cross.michbr291-294.mark.xml#sSpan3473" target="scriptorium.cross.michbr291-294.mark.xml#sSpan3477"/>
		<rel id="sPointingRel2399" xlink:href="scriptorium.cross.michbr291-294.mark.xml#sSpan4128" target="scriptorium.cross.michbr291-294.mark.xml#sSpan4129"/>
		<rel id="sPointingRel2401" xlink:href="scriptorium.cross.michbr291-294.mark.xml#sSpan4216" target="scriptorium.cross.michbr291-294.mark.xml#sSpan4224"/>
		<rel id="sPointingRel2403" xlink:href="scriptorium.cross.michbr291-294.mark.xml#sSpan1741" target="scriptorium.cross.michbr291-294.mark.xml#sSpan1742"/>
		<rel id="sPointingRel2405" xlink:href="scriptorium.cross.michbr291-294.mark.xml#sSpan3163" target="scriptorium.cross.michbr291-294.mark.xml#sSpan3164"/>
		<rel id="sPointingRel2407" xlink:href="scriptorium.cross.michbr291-294.mark.xml#sSpan2798" target="scriptorium.cross.michbr291-294.mark.xml#sSpan2795"/>
		<rel id="sPointingRel2409" xlink:href="scriptorium.cross.michbr291-294.mark.xml#sSpan4780" target="scriptorium.cross.michbr291-294.mark.xml#sSpan4782"/>
		<rel id="sPointingRel2411" xlink:href="scriptorium.cross.michbr291-294.mark.xml#sSpan687" target="scriptorium.cross.michbr291-294.mark.xml#sSpan685"/>
		<rel id="sPointingRel2413" xlink:href="scriptorium.cross.michbr291-294.mark.xml#sSpan4137" target="scriptorium.cross.michbr291-294.mark.xml#sSpan4145"/>
		<rel id="sPointingRel2415" xlink:href="scriptorium.cross.michbr291-294.mark.xml#sSpan3341" target="scriptorium.cross.michbr291-294.mark.xml#sSpan3342"/>
		<rel id="sPointingRel2417" xlink:href="scriptorium.cross.michbr291-294.mark.xml#sSpan4371" target="scriptorium.cross.michbr291-294.mark.xml#sSpan4373"/>
		<rel id="sPointingRel2419" xlink:href="scriptorium.cross.michbr291-294.mark.xml#sSpan1020" target="scriptorium.cross.michbr291-294.mark.xml#sSpan1022"/>
		<rel id="sPointingRel2421" xlink:href="scriptorium.cross.michbr291-294.mark.xml#sSpan4614" target="scriptorium.cross.michbr291-294.mark.xml#sSpan4615"/>
		<rel id="sPointingRel2423" xlink:href="scriptorium.cross.michbr291-294.mark.xml#sSpan3577" target="scriptorium.cross.michbr291-294.mark.xml#sSpan3578"/>
		<rel id="sPointingRel2425" xlink:href="scriptorium.cross.michbr291-294.mark.xml#sSpan822" target="scriptorium.cross.michbr291-294.mark.xml#sSpan823"/>
		<rel id="sPointingRel2427" xlink:href="scriptorium.cross.michbr291-294.mark.xml#sSpan4412" target="scriptorium.cross.michbr291-294.mark.xml#sSpan4414"/>
		<rel id="sPointingRel2429" xlink:href="scriptorium.cross.michbr291-294.mark.xml#sSpan2181" target="scriptorium.cross.michbr291-294.mark.xml#sSpan2182"/>
		<rel id="sPointingRel2431" xlink:href="scriptorium.cross.michbr291-294.mark.xml#sSpan4699" target="scriptorium.cross.michbr291-294.mark.xml#sSpan4700"/>
		<rel id="sPointingRel2433" xlink:href="scriptorium.cross.michbr291-294.mark.xml#sSpan3631" target="scriptorium.cross.michbr291-294.mark.xml#sSpan3634"/>
		<rel id="sPointingRel2435" xlink:href="scriptorium.cross.michbr291-294.mark.xml#sSpan3461" target="scriptorium.cross.michbr291-294.mark.xml#sSpan3462"/>
		<rel id="sPointingRel2437" xlink:href="scriptorium.cross.michbr291-294.mark.xml#sSpan786" target="scriptorium.cross.michbr291-294.mark.xml#sSpan788"/>
		<rel id="sPointingRel2439" xlink:href="scriptorium.cross.michbr291-294.mark.xml#sSpan4641" target="scriptorium.cross.michbr291-294.mark.xml#sSpan4642"/>
		<rel id="sPointingRel2441" xlink:href="scriptorium.cross.michbr291-294.mark.xml#sSpan4067" target="scriptorium.cross.michbr291-294.mark.xml#sSpan4068"/>
		<rel id="sPointingRel2443" xlink:href="scriptorium.cross.michbr291-294.mark.xml#sSpan904" target="scriptorium.cross.michbr291-294.mark.xml#sSpan902"/>
		<rel id="sPointingRel2445" xlink:href="scriptorium.cross.michbr291-294.mark.xml#sSpan2998" target="scriptorium.cross.michbr291-294.mark.xml#sSpan2999"/>
		<rel id="sPointingRel2447" xlink:href="scriptorium.cross.michbr291-294.mark.xml#sSpan4740" target="scriptorium.cross.michbr291-294.mark.xml#sSpan4742"/>
		<rel id="sPointingRel2449" xlink:href="scriptorium.cross.michbr291-294.mark.xml#sSpan4463" target="scriptorium.cross.michbr291-294.mark.xml#sSpan4471"/>
		<rel id="sPointingRel2451" xlink:href="scriptorium.cross.michbr291-294.mark.xml#sSpan3840" target="scriptorium.cross.michbr291-294.mark.xml#sSpan3842"/>
		<rel id="sPointingRel2453" xlink:href="scriptorium.cross.michbr291-294.mark.xml#sSpan2593" target="scriptorium.cross.michbr291-294.mark.xml#sSpan2591"/>
		<rel id="sPointingRel2455" xlink:href="scriptorium.cross.michbr291-294.mark.xml#sSpan1200" target="scriptorium.cross.michbr291-294.mark.xml#sSpan1202"/>
		<rel id="sPointingRel2457" xlink:href="scriptorium.cross.michbr291-294.mark.xml#sSpan615" target="scriptorium.cross.michbr291-294.mark.xml#sSpan611"/>
		<rel id="sPointingRel2459" xlink:href="scriptorium.cross.michbr291-294.mark.xml#sSpan3791" target="scriptorium.cross.michbr291-294.mark.xml#sSpan3799"/>
		<rel id="sPointingRel2461" xlink:href="scriptorium.cross.michbr291-294.mark.xml#sSpan629" target="scriptorium.cross.michbr291-294.mark.xml#sSpan630"/>
		<rel id="sPointingRel2463" xlink:href="scriptorium.cross.michbr291-294.mark.xml#sSpan4769" target="scriptorium.cross.michbr291-294.mark.xml#sSpan4771"/>
		<rel id="sPointingRel2465" xlink:href="scriptorium.cross.michbr291-294.mark.xml#sSpan1435" target="scriptorium.cross.michbr291-294.mark.xml#sSpan1436"/>
		<rel id="sPointingRel2467" xlink:href="scriptorium.cross.michbr291-294.mark.xml#sSpan3199" target="scriptorium.cross.michbr291-294.mark.xml#sSpan3205"/>
		<rel id="sPointingRel2469" xlink:href="scriptorium.cross.michbr291-294.mark.xml#sSpan3874" target="scriptorium.cross.michbr291-294.mark.xml#sSpan3882"/>
		<rel id="sPointingRel2471" xlink:href="scriptorium.cross.michbr291-294.mark.xml#sSpan1485" target="scriptorium.cross.michbr291-294.mark.xml#sSpan1483"/>
		<rel id="sPointingRel2473" xlink:href="scriptorium.cross.michbr291-294.mark.xml#sSpan2740" target="scriptorium.cross.michbr291-294.mark.xml#sSpan2747"/>
		<rel id="sPointingRel2475" xlink:href="scriptorium.cross.michbr291-294.mark.xml#sSpan2904" target="scriptorium.cross.michbr291-294.mark.xml#sSpan2906"/>
		<rel id="sPointingRel2477" xlink:href="scriptorium.cross.michbr291-294.mark.xml#sSpan1638" target="scriptorium.cross.michbr291-294.mark.xml#sSpan1639"/>
		<rel id="sPointingRel2479" xlink:href="scriptorium.cross.michbr291-294.mark.xml#sSpan2951" target="scriptorium.cross.michbr291-294.mark.xml#sSpan2957"/>
		<rel id="sPointingRel2481" xlink:href="scriptorium.cross.michbr291-294.mark.xml#sSpan1385" target="scriptorium.cross.michbr291-294.mark.xml#sSpan1387"/>
		<rel id="sPointingRel2483" xlink:href="scriptorium.cross.michbr291-294.mark.xml#sSpan4234" target="scriptorium.cross.michbr291-294.mark.xml#sSpan4236"/>
		<rel id="sPointingRel2485" xlink:href="scriptorium.cross.michbr291-294.mark.xml#sSpan3424" target="scriptorium.cross.michbr291-294.mark.xml#sSpan3429"/>
		<rel id="sPointingRel2487" xlink:href="scriptorium.cross.michbr291-294.mark.xml#sSpan1588" target="scriptorium.cross.michbr291-294.mark.xml#sSpan1589"/>
		<rel id="sPointingRel2489" xlink:href="scriptorium.cross.michbr291-294.mark.xml#sSpan571" target="scriptorium.cross.michbr291-294.mark.xml#sSpan573"/>
		<rel id="sPointingRel2491" xlink:href="scriptorium.cross.michbr291-294.mark.xml#sSpan3316" target="scriptorium.cross.michbr291-294.mark.xml#sSpan3314"/>
		<rel id="sPointingRel2493" xlink:href="scriptorium.cross.michbr291-294.mark.xml#sSpan4441" target="scriptorium.cross.michbr291-294.mark.xml#sSpan4443"/>
		<rel id="sPointingRel2495" xlink:href="scriptorium.cross.michbr291-294.mark.xml#sSpan4562" target="scriptorium.cross.michbr291-294.mark.xml#sSpan4570"/>
		<rel id="sPointingRel2497" xlink:href="scriptorium.cross.michbr291-294.mark.xml#sSpan3485" target="scriptorium.cross.michbr291-294.mark.xml#sSpan3487"/>
		<rel id="sPointingRel2499" xlink:href="scriptorium.cross.michbr291-294.mark.xml#sSpan3644" target="scriptorium.cross.michbr291-294.mark.xml#sSpan3640"/>
		<rel id="sPointingRel2501" xlink:href="scriptorium.cross.michbr291-294.mark.xml#sSpan4103" target="scriptorium.cross.michbr291-294.mark.xml#sSpan4099"/>
		<rel id="sPointingRel2503" xlink:href="scriptorium.cross.michbr291-294.mark.xml#sSpan300" target="scriptorium.cross.michbr291-294.mark.xml#sSpan302"/>
		<rel id="sPointingRel2505" xlink:href="scriptorium.cross.michbr291-294.mark.xml#sSpan4289" target="scriptorium.cross.michbr291-294.mark.xml#sSpan4297"/>
		<rel id="sPointingRel2507" xlink:href="scriptorium.cross.michbr291-294.mark.xml#sSpan2311" target="scriptorium.cross.michbr291-294.mark.xml#sSpan2312"/>
		<rel id="sPointingRel2509" xlink:href="scriptorium.cross.michbr291-294.mark.xml#sSpan475" target="scriptorium.cross.michbr291-294.mark.xml#sSpan473"/>
		<rel id="sPointingRel2511" xlink:href="scriptorium.cross.michbr291-294.mark.xml#sSpan3931" target="scriptorium.cross.michbr291-294.mark.xml#sSpan3932"/>
		<rel id="sPointingRel2513" xlink:href="scriptorium.cross.michbr291-294.mark.xml#sSpan4397" target="scriptorium.cross.michbr291-294.mark.xml#sSpan4402"/>
		<rel id="sPointingRel2515" xlink:href="scriptorium.cross.michbr291-294.mark.xml#sSpan2468" target="scriptorium.cross.michbr291-294.mark.xml#sSpan2470"/>
		<rel id="sPointingRel2517" xlink:href="scriptorium.cross.michbr291-294.mark.xml#sSpan2040" target="scriptorium.cross.michbr291-294.mark.xml#sSpan2041"/>
		<rel id="sPointingRel2519" xlink:href="scriptorium.cross.michbr291-294.mark.xml#sSpan886" target="scriptorium.cross.michbr291-294.mark.xml#sSpan888"/>
		<rel id="sPointingRel2521" xlink:href="scriptorium.cross.michbr291-294.mark.xml#sSpan955" target="scriptorium.cross.michbr291-294.mark.xml#sSpan956"/>
		<rel id="sPointingRel2523" xlink:href="scriptorium.cross.michbr291-294.mark.xml#sSpan2029" target="scriptorium.cross.michbr291-294.mark.xml#sSpan2031"/>
		<rel id="sPointingRel2525" xlink:href="scriptorium.cross.michbr291-294.mark.xml#sSpan3437" target="scriptorium.cross.michbr291-294.mark.xml#sSpan3438"/>
		<rel id="sPointingRel2527" xlink:href="scriptorium.cross.michbr291-294.mark.xml#sSpan3225" target="scriptorium.cross.michbr291-294.mark.xml#sSpan3230"/>
		<rel id="sPointingRel2529" xlink:href="scriptorium.cross.michbr291-294.mark.xml#sSpan3541" target="scriptorium.cross.michbr291-294.mark.xml#sSpan3542"/>
		<rel id="sPointingRel2531" xlink:href="scriptorium.cross.michbr291-294.mark.xml#sSpan2923" target="scriptorium.cross.michbr291-294.mark.xml#sSpan2925"/>
		<rel id="sPointingRel2533" xlink:href="scriptorium.cross.michbr291-294.mark.xml#sSpan2221" target="scriptorium.cross.michbr291-294.mark.xml#sSpan2222"/>
		<rel id="sPointingRel2535" xlink:href="scriptorium.cross.michbr291-294.mark.xml#sSpan3892" target="scriptorium.cross.michbr291-294.mark.xml#sSpan3894"/>
		<rel id="sPointingRel2537" xlink:href="scriptorium.cross.michbr291-294.mark.xml#sSpan172" target="scriptorium.cross.michbr291-294.mark.xml#sSpan168"/>
		<rel id="sPointingRel2539" xlink:href="scriptorium.cross.michbr291-294.mark.xml#sSpan3550" target="scriptorium.cross.michbr291-294.mark.xml#sSpan3552"/>
		<rel id="sPointingRel2541" xlink:href="scriptorium.cross.michbr291-294.mark.xml#sSpan695" target="scriptorium.cross.michbr291-294.mark.xml#sSpan696"/>
		<rel id="sPointingRel2543" xlink:href="scriptorium.cross.michbr291-294.mark.xml#sSpan4332" target="scriptorium.cross.michbr291-294.mark.xml#sSpan4333"/>
		<rel id="sPointingRel2545" xlink:href="scriptorium.cross.michbr291-294.mark.xml#sSpan3675" target="scriptorium.cross.michbr291-294.mark.xml#sSpan3680"/>
		<rel id="sPointingRel2547" xlink:href="scriptorium.cross.michbr291-294.mark.xml#sSpan777" target="scriptorium.cross.michbr291-294.mark.xml#sSpan775"/>
		<rel id="sPointingRel2549" xlink:href="scriptorium.cross.michbr291-294.mark.xml#sSpan3413" target="scriptorium.cross.michbr291-294.mark.xml#sSpan3414"/>
		<rel id="sPointingRel2551" xlink:href="scriptorium.cross.michbr291-294.mark.xml#sSpan3621" target="scriptorium.cross.michbr291-294.mark.xml#sSpan3623"/>
		<rel id="sPointingRel2553" xlink:href="scriptorium.cross.michbr291-294.mark.xml#sSpan2106" target="scriptorium.cross.michbr291-294.mark.xml#sSpan2108"/>
		<rel id="sPointingRel2555" xlink:href="scriptorium.cross.michbr291-294.mark.xml#sSpan3760" target="scriptorium.cross.michbr291-294.mark.xml#sSpan3762"/>
		<rel id="sPointingRel2557" xlink:href="scriptorium.cross.michbr291-294.mark.xml#sSpan4198" target="scriptorium.cross.michbr291-294.mark.xml#sSpan4196"/>
		<rel id="sPointingRel2559" xlink:href="scriptorium.cross.michbr291-294.mark.xml#sSpan137" target="scriptorium.cross.michbr291-294.mark.xml#sSpan135"/>
		<rel id="sPointingRel2561" xlink:href="scriptorium.cross.michbr291-294.mark.xml#sSpan3495" target="scriptorium.cross.michbr291-294.mark.xml#sSpan3500"/>
		<rel id="sPointingRel2563" xlink:href="scriptorium.cross.michbr291-294.mark.xml#sSpan3660" target="scriptorium.cross.michbr291-294.mark.xml#sSpan3661"/>
		<rel id="sPointingRel2565" xlink:href="scriptorium.cross.michbr291-294.mark.xml#sSpan4651" target="scriptorium.cross.michbr291-294.mark.xml#sSpan4652"/>
		<rel id="sPointingRel2567" xlink:href="scriptorium.cross.michbr291-294.mark.xml#sSpan534" target="scriptorium.cross.michbr291-294.mark.xml#sSpan536"/>
		<rel id="sPointingRel2569" xlink:href="scriptorium.cross.michbr291-294.mark.xml#sSpan2778" target="scriptorium.cross.michbr291-294.mark.xml#sSpan2780"/>
		<rel id="sPointingRel2571" xlink:href="scriptorium.cross.michbr291-294.mark.xml#sSpan3781" target="scriptorium.cross.michbr291-294.mark.xml#sSpan3783"/>
		<rel id="sPointingRel2573" xlink:href="scriptorium.cross.michbr291-294.mark.xml#sSpan813" target="scriptorium.cross.michbr291-294.mark.xml#sSpan814"/>
		<rel id="sPointingRel2575" xlink:href="scriptorium.cross.michbr291-294.mark.xml#sSpan2162" target="scriptorium.cross.michbr291-294.mark.xml#sSpan2164"/>
		<rel id="sPointingRel2577" xlink:href="scriptorium.cross.michbr291-294.mark.xml#sSpan3" target="scriptorium.cross.michbr291-294.mark.xml#sSpan14"/>
		<rel id="sPointingRel2579" xlink:href="scriptorium.cross.michbr291-294.mark.xml#sSpan3291" target="scriptorium.cross.michbr291-294.mark.xml#sSpan3289"/>
		<rel id="sPointingRel2581" xlink:href="scriptorium.cross.michbr291-294.mark.xml#sSpan3213" target="scriptorium.cross.michbr291-294.mark.xml#sSpan3215"/>
		<rel id="sPointingRel2583" xlink:href="scriptorium.cross.michbr291-294.mark.xml#sSpan1453" target="scriptorium.cross.michbr291-294.mark.xml#sSpan1451"/>
		<rel id="sPointingRel2585" xlink:href="scriptorium.cross.michbr291-294.mark.xml#sSpan2256" target="scriptorium.cross.michbr291-294.mark.xml#sSpan2258"/>
		<rel id="sPointingRel2587" xlink:href="scriptorium.cross.michbr291-294.mark.xml#sSpan1662" target="scriptorium.cross.michbr291-294.mark.xml#sSpan1660"/>
		<rel id="sPointingRel2589" xlink:href="scriptorium.cross.michbr291-294.mark.xml#sSpan2629" target="scriptorium.cross.michbr291-294.mark.xml#sSpan2630"/>
		<rel id="sPointingRel2591" xlink:href="scriptorium.cross.michbr291-294.mark.xml#sSpan1133" target="scriptorium.cross.michbr291-294.mark.xml#sSpan1135"/>
		<rel id="sPointingRel2593" xlink:href="scriptorium.cross.michbr291-294.mark.xml#sSpan2195" target="scriptorium.cross.michbr291-294.mark.xml#sSpan2203"/>
		<rel id="sPointingRel2595" xlink:href="scriptorium.cross.michbr291-294.mark.xml#sSpan4050" target="scriptorium.cross.michbr291-294.mark.xml#sSpan4054"/>
		<rel id="sPointingRel2597" xlink:href="scriptorium.cross.michbr291-294.mark.xml#sSpan3187" target="scriptorium.cross.michbr291-294.mark.xml#sSpan3189"/>
		<rel id="sPointingRel2599" xlink:href="scriptorium.cross.michbr291-294.mark.xml#sSpan3727" target="scriptorium.cross.michbr291-294.mark.xml#sSpan3729"/>
		<rel id="sPointingRel2601" xlink:href="scriptorium.cross.michbr291-294.mark.xml#sSpan2144" target="scriptorium.cross.michbr291-294.mark.xml#sSpan2145"/>
		<rel id="sPointingRel2603" xlink:href="scriptorium.cross.michbr291-294.mark.xml#sSpan715" target="scriptorium.cross.michbr291-294.mark.xml#sSpan719"/>
		<rel id="sPointingRel2605" xlink:href="scriptorium.cross.michbr291-294.mark.xml#sSpan2458" target="scriptorium.cross.michbr291-294.mark.xml#sSpan2459"/>
		<rel id="sPointingRel2607" xlink:href="scriptorium.cross.michbr291-294.mark.xml#sSpan676" target="scriptorium.cross.michbr291-294.mark.xml#sSpan677"/>
		<rel id="sPointingRel2609" xlink:href="scriptorium.cross.michbr291-294.mark.xml#sSpan1829" target="scriptorium.cross.michbr291-294.mark.xml#sSpan1830"/>
		<rel id="sPointingRel2611" xlink:href="scriptorium.cross.michbr291-294.mark.xml#sSpan1534" target="scriptorium.cross.michbr291-294.mark.xml#sSpan1535"/>
		<rel id="sPointingRel2613" xlink:href="scriptorium.cross.michbr291-294.mark.xml#sSpan2480" target="scriptorium.cross.michbr291-294.mark.xml#sSpan2483"/>
		<rel id="sPointingRel2615" xlink:href="scriptorium.cross.michbr291-294.mark.xml#sSpan86" target="scriptorium.cross.michbr291-294.mark.xml#sSpan84"/>
		<rel id="sPointingRel2617" xlink:href="scriptorium.cross.michbr291-294.mark.xml#sSpan985" target="scriptorium.cross.michbr291-294.mark.xml#sSpan987"/>
		<rel id="sPointingRel2619" xlink:href="scriptorium.cross.michbr291-294.mark.xml#sSpan4341" target="scriptorium.cross.michbr291-294.mark.xml#sSpan4349"/>
		<rel id="sPointingRel2621" xlink:href="scriptorium.cross.michbr291-294.mark.xml#sSpan3328" target="scriptorium.cross.michbr291-294.mark.xml#sSpan3333"/>
		<rel id="sPointingRel2623" xlink:href="scriptorium.cross.michbr291-294.mark.xml#sSpan4587" target="scriptorium.cross.michbr291-294.mark.xml#sSpan4589"/>
		<rel id="sPointingRel2625" xlink:href="scriptorium.cross.michbr291-294.mark.xml#sSpan3770" target="scriptorium.cross.michbr291-294.mark.xml#sSpan3772"/>
		<rel id="sPointingRel2627" xlink:href="scriptorium.cross.michbr291-294.mark.xml#sSpan421" target="scriptorium.cross.michbr291-294.mark.xml#sSpan430"/>
		<rel id="sPointingRel2629" xlink:href="scriptorium.cross.michbr291-294.mark.xml#sSpan796" target="scriptorium.cross.michbr291-294.mark.xml#sSpan798"/>
		<rel id="sPointingRel2631" xlink:href="scriptorium.cross.michbr291-294.mark.xml#sSpan2975" target="scriptorium.cross.michbr291-294.mark.xml#sSpan2976"/>
		<rel id="sPointingRel2633" xlink:href="scriptorium.cross.michbr291-294.mark.xml#sSpan4792" target="scriptorium.cross.michbr291-294.mark.xml#sSpan4794"/>
		<rel id="sPointingRel2635" xlink:href="scriptorium.cross.michbr291-294.mark.xml#sSpan4004" target="scriptorium.cross.michbr291-294.mark.xml#sSpan4005"/>
		<rel id="sPointingRel2637" xlink:href="scriptorium.cross.michbr291-294.mark.xml#sSpan3267" target="scriptorium.cross.michbr291-294.mark.xml#sSpan3265"/>
		<rel id="sPointingRel2639" xlink:href="scriptorium.cross.michbr291-294.mark.xml#sSpan4318" target="scriptorium.cross.michbr291-294.mark.xml#sSpan4316"/>
		<rel id="sPointingRel2641" xlink:href="scriptorium.cross.michbr291-294.mark.xml#sSpan266" target="scriptorium.cross.michbr291-294.mark.xml#sSpan268"/>
		<rel id="sPointingRel2643" xlink:href="scriptorium.cross.michbr291-294.mark.xml#sSpan4504" target="scriptorium.cross.michbr291-294.mark.xml#sSpan4506"/>
		<rel id="sPointingRel2645" xlink:href="scriptorium.cross.michbr291-294.mark.xml#sSpan3376" target="scriptorium.cross.michbr291-294.mark.xml#sSpan3381"/>
		<rel id="sPointingRel2647" xlink:href="scriptorium.cross.michbr291-294.mark.xml#sSpan2389" target="scriptorium.cross.michbr291-294.mark.xml#sSpan2390"/>
		<rel id="sPointingRel2649" xlink:href="scriptorium.cross.michbr291-294.mark.xml#sSpan108" target="scriptorium.cross.michbr291-294.mark.xml#sSpan106"/>
		<rel id="sPointingRel2651" xlink:href="scriptorium.cross.michbr291-294.mark.xml#sSpan3239" target="scriptorium.cross.michbr291-294.mark.xml#sSpan3237"/>
		<rel id="sPointingRel2653" xlink:href="scriptorium.cross.michbr291-294.mark.xml#sSpan848" target="scriptorium.cross.michbr291-294.mark.xml#sSpan856"/>
		<rel id="sPointingRel2655" xlink:href="scriptorium.cross.michbr291-294.mark.xml#sSpan1708" target="scriptorium.cross.michbr291-294.mark.xml#sSpan1709"/>
		<rel id="sPointingRel2657" xlink:href="scriptorium.cross.michbr291-294.mark.xml#sSpan2420" target="scriptorium.cross.michbr291-294.mark.xml#sSpan2421"/>
		<rel id="sPointingRel2659" xlink:href="scriptorium.cross.michbr291-294.mark.xml#sSpan4085" target="scriptorium.cross.michbr291-294.mark.xml#sSpan4093"/>
		<rel id="sPointingRel2661" xlink:href="scriptorium.cross.michbr291-294.mark.xml#sSpan4307" target="scriptorium.cross.michbr291-294.mark.xml#sSpan4308"/>
		<rel id="sPointingRel2663" xlink:href="scriptorium.cross.michbr291-294.mark.xml#sSpan3365" target="scriptorium.cross.michbr291-294.mark.xml#sSpan3366"/>
		<rel id="sPointingRel2665" xlink:href="scriptorium.cross.michbr291-294.mark.xml#sSpan97" target="scriptorium.cross.michbr291-294.mark.xml#sSpan99"/>
		<rel id="sPointingRel2667" xlink:href="scriptorium.cross.michbr291-294.mark.xml#sSpan1781" target="scriptorium.cross.michbr291-294.mark.xml#sSpan1779"/>
		<rel id="sPointingRel2669" xlink:href="scriptorium.cross.michbr291-294.mark.xml#sSpan4669" target="scriptorium.cross.michbr291-294.mark.xml#sSpan4671"/>
		<rel id="sPointingRel2671" xlink:href="scriptorium.cross.michbr291-294.mark.xml#sSpan2357" target="scriptorium.cross.michbr291-294.mark.xml#sSpan2355"/>
		<rel id="sPointingRel2673" xlink:href="scriptorium.cross.michbr291-294.mark.xml#sSpan2645" target="scriptorium.cross.michbr291-294.mark.xml#sSpan2647"/>
		<rel id="sPointingRel2675" xlink:href="scriptorium.cross.michbr291-294.mark.xml#sSpan1694" target="scriptorium.cross.michbr291-294.mark.xml#sSpan1695"/>
		<rel id="sPointingRel2677" xlink:href="scriptorium.cross.michbr291-294.mark.xml#sSpan4036" target="scriptorium.cross.michbr291-294.mark.xml#sSpan4037"/>
		<rel id="sPointingRel2679" xlink:href="scriptorium.cross.michbr291-294.mark.xml#sSpan24" target="scriptorium.cross.michbr291-294.mark.xml#sSpan20"/>
		<rel id="sPointingRel2681" xlink:href="scriptorium.cross.michbr291-294.mark.xml#sSpan4494" target="scriptorium.cross.michbr291-294.mark.xml#sSpan4495"/>
		<rel id="sPointingRel2683" xlink:href="scriptorium.cross.michbr291-294.mark.xml#sSpan1054" target="scriptorium.cross.michbr291-294.mark.xml#sSpan1055"/>
		<rel id="sPointingRel2685" xlink:href="scriptorium.cross.michbr291-294.mark.xml#sSpan3941" target="scriptorium.cross.michbr291-294.mark.xml#sSpan3943"/>
		<rel id="sPointingRel2687" xlink:href="scriptorium.cross.michbr291-294.mark.xml#sSpan4709" target="scriptorium.cross.michbr291-294.mark.xml#sSpan4710"/>
		<rel id="sPointingRel2689" xlink:href="scriptorium.cross.michbr291-294.mark.xml#sSpan1030" target="scriptorium.cross.michbr291-294.mark.xml#sSpan1028"/>
		<rel id="sPointingRel2691" xlink:href="scriptorium.cross.michbr291-294.mark.xml#sSpan1998" target="scriptorium.cross.michbr291-294.mark.xml#sSpan1996"/>
		<rel id="sPointingRel2693" xlink:href="scriptorium.cross.michbr291-294.mark.xml#sSpan1937" target="scriptorium.cross.michbr291-294.mark.xml#sSpan1939"/>
		<rel id="sPointingRel2695" xlink:href="scriptorium.cross.michbr291-294.mark.xml#sSpan1063" target="scriptorium.cross.michbr291-294.mark.xml#sSpan1061"/>
		<rel id="sPointingRel2697" xlink:href="scriptorium.cross.michbr291-294.mark.xml#sSpan3062" target="scriptorium.cross.michbr291-294.mark.xml#sSpan3063"/>
		<rel id="sPointingRel2699" xlink:href="scriptorium.cross.michbr291-294.mark.xml#sSpan388" target="scriptorium.cross.michbr291-294.mark.xml#sSpan391"/>
		<rel id="sPointingRel2701" xlink:href="scriptorium.cross.michbr291-294.mark.xml#sSpan144" target="scriptorium.cross.michbr291-294.mark.xml#sSpan147"/>
		<rel id="sPointingRel2703" xlink:href="scriptorium.cross.michbr291-294.mark.xml#sSpan525" target="scriptorium.cross.michbr291-294.mark.xml#sSpan523"/>
		<rel id="sPointingRel2705" xlink:href="scriptorium.cross.michbr291-294.mark.xml#sSpan2076" target="scriptorium.cross.michbr291-294.mark.xml#sSpan2078"/>
		<rel id="sPointingRel2707" xlink:href="scriptorium.cross.michbr291-294.mark.xml#sSpan4111" target="scriptorium.cross.michbr291-294.mark.xml#sSpan4109"/>
		<rel id="sPointingRel2709" xlink:href="scriptorium.cross.michbr291-294.mark.xml#sSpan4721" target="scriptorium.cross.michbr291-294.mark.xml#sSpan4722"/>
		<rel id="sPointingRel2711" xlink:href="scriptorium.cross.michbr291-294.mark.xml#sSpan2006" target="scriptorium.cross.michbr291-294.mark.xml#sSpan2008"/>
		<rel id="sPointingRel2713" xlink:href="scriptorium.cross.michbr291-294.mark.xml#sSpan4751" target="scriptorium.cross.michbr291-294.mark.xml#sSpan4759"/>
		<rel id="sPointingRel2715" xlink:href="scriptorium.cross.michbr291-294.mark.xml#sSpan463" target="scriptorium.cross.michbr291-294.mark.xml#sSpan465"/>
		<rel id="sPointingRel2717" xlink:href="scriptorium.cross.michbr291-294.mark.xml#sSpan2560" target="scriptorium.cross.michbr291-294.mark.xml#sSpan2563"/>
		<rel id="sPointingRel2719" xlink:href="scriptorium.cross.michbr291-294.mark.xml#sSpan3077" target="scriptorium.cross.michbr291-294.mark.xml#sSpan3075"/>
		<rel id="sPointingRel2721" xlink:href="scriptorium.cross.michbr291-294.mark.xml#sSpan666" target="scriptorium.cross.michbr291-294.mark.xml#sSpan668"/></relList></paula>