<?xml version='1.0' encoding='UTF-8'?><!DOCTYPE paula SYSTEM "paula_feat.dtd">
<paula version="1.1">
	<header paula_id="scriptorium.cross.michbr291-294.mark_identity"/>
	<featList xmlns:xlink="http://www.w3.org/1999/xlink" type="identity" xml:base="scriptorium.cross.michbr291-294.mark.xml">
		<feat xlink:href="#sSpan69" value="Dathan"/>
		<feat xlink:href="#sSpan86" value="Abiram"/>
		<feat xlink:href="#sSpan108" value="Korah"/>
		<feat xlink:href="#sSpan137" value="Moses"/>
		<feat xlink:href="#sSpan615" value="Abraham"/>
		<feat xlink:href="#sSpan3495" value="Jesus"/></featList></paula>