<?xml version='1.0' encoding='UTF-8'?><!DOCTYPE paula SYSTEM "paula_feat.dtd">
<paula version="1.1">
	<header paula_id="scriptorium.cross.michbr291-294.mark_orig_group"/>
	<featList xmlns:xlink="http://www.w3.org/1999/xlink" type="orig_group" xml:base="scriptorium.cross.michbr291-294.mark.xml">
		<feat xlink:href="#sSpan5" value="ⲕⲉⲥⲛⲏⲩ"/>
		<feat xlink:href="#sSpan19" value="·"/>
		<feat xlink:href="#sSpan23" value="ⲛⲁⲓ̈"/>
		<feat xlink:href="#sSpan31" value="ⲛ̄ⲧⲁⲡⲕⲁϩ"/>
		<feat xlink:href="#sSpan43" value="ⲟⲩⲱⲛ"/>
		<feat xlink:href="#sSpan47" value="ⲉ̄ⲣⲱϥ"/>
		<feat xlink:href="#sSpan54" value="ⲁϥⲟⲙⲕⲟⲩ"/>
		<feat xlink:href="#sSpan64" value="ⲉ̄ⲧⲉⲧⲁⲑⲁⲛ"/>
		<feat xlink:href="#sSpan73" value="ⲡⲉ"/>
		<feat xlink:href="#sSpan77" value="·"/>
		<feat xlink:href="#sSpan81" value="ⲙⲛⲁⲃⲓⲣⲱⲛ"/>
		<feat xlink:href="#sSpan90" value="·"/>
		<feat xlink:href="#sSpan94" value="ⲙⲛ̄ⲛϣⲏⲣⲉ"/>
		<feat xlink:href="#sSpan104" value="ⲛ̄ⲕⲟⲣⲉ"/>
		<feat xlink:href="#sSpan112" value="·"/>
		<feat xlink:href="#sSpan116" value="ⲛⲁⲓ"/>
		<feat xlink:href="#sSpan122" value="ⲛ̄ⲧⲁⲩⲧⲱⲟⲩ⳯"/>
		<feat xlink:href="#sSpan132" value="ⲉϫⲙ̄ⲙⲱⲩⲥⲏⲥ"/>
		<feat xlink:href="#sSpan141" value="ϩ︤ⲛ︥ⲧⲉⲣⲏⲙⲟⲥ"/>
		<feat xlink:href="#sSpan152" value="·"/>
		<feat xlink:href="#sSpan156" value="ⲙⲁⲣⲉⲛⲕⲧⲟⲛ"/>
		<feat xlink:href="#sSpan171" value="ϭⲉ"/>
		<feat xlink:href="#sSpan176" value="ⲟⲛ"/>
		<feat xlink:href="#sSpan181" value="ⲉϩⲣⲁⲓ̈"/>
		<feat xlink:href="#sSpan185" value="ⲉϫⲙ̄ⲡⲙⲉⲅⲉⲑⲟⲥ"/>
		<feat xlink:href="#sSpan195" value="·"/>
		<feat xlink:href="#sSpan199" value="ⲙ̄ⲡⲉⲓⲁϩⲟⲣⲁⲧⲟⲛ"/>
		<feat xlink:href="#sSpan211" value="ⲥ̄ⳁⲟ︤ⲥ︥"/>
		<feat xlink:href="#sSpan215" value="ⲛ̄ⲧⲛ̄ϣⲁϫⲉ"/>
		<feat xlink:href="#sSpan224" value="ⲉ̄ⲣⲟϥ"/>
		<feat xlink:href="#sSpan230" value="·"/>
		<feat xlink:href="#sSpan235" value="ⲧⲏⲛⲟⲗⲟⲧⲓⲛ"/>
		<feat xlink:href="#sSpan243" value="ⲛ̄ⲧⲛ̄ⲉⲓⲙⲉ"/>
		<feat xlink:href="#sSpan252" value="ⲉ̄ⲛⲉⲡⲣⲟⲫⲏⲧⲓⲁ"/>
		<feat xlink:href="#sSpan263" value="ⲛ̄ⲛⲉⲡⲣⲟⲫⲏⲧⲏⲥ"/>
		<feat xlink:href="#sSpan274" value="·"/>
		<feat xlink:href="#sSpan278" value="ⲛ̄ⲧⲁⲩϫⲟⲟⲩ"/>
		<feat xlink:href="#sSpan291" value="ⲉ̄ⲣⲟϥ"/>
		<feat xlink:href="#sSpan297" value="ϫⲓⲛ̄ⲧⲁⲣⲭⲏ"/>
		<feat xlink:href="#sSpan308" value="ϣⲁⲑⲁⲏ"/>
		<feat xlink:href="#sSpan317" value="·"/>
		<feat xlink:href="#sSpan321" value="ⲛ̄ⲧⲱⲧⲛ̄"/>
		<feat xlink:href="#sSpan329" value="ϩⲱⲧⲧⲏⲩⲧⲛ"/>
		<feat xlink:href="#sSpan336" value="ⲱ̄"/>
		<feat xlink:href="#sSpan342" value="ⲛⲁⲕⲣⲱⲁⲧⲏⲥ"/>
		<feat xlink:href="#sSpan349" value="·"/>
		<feat xlink:href="#sSpan353" value="ⲟⲩⲱϣⲥ̄"/>
		<feat xlink:href="#sSpan359" value="ⲉ̄ⲃⲟⲗ"/>
		<feat xlink:href="#sSpan363" value="ⲛ̄ⲛⲉⲧⲛⲁⲓⲥⲑⲏⲧⲏⲣⲓⲟⲛ"/>
		<feat xlink:href="#sSpan374" value="ⲛ̄ⲧⲉⲧⲛ̄ϫⲓⲥⲙⲏ"/>
		<feat xlink:href="#sSpan385" value="ϩ︤ⲛ︥ⲟⲩⲉ̄ⲍⲉⲭⲓⲁ"/>
		<feat xlink:href="#sSpan396" value="·"/>
		<feat xlink:href="#sSpan400" value="ⲁⲩⲉⲓⲥ"/>
		<feat xlink:href="#sSpan409" value="ⲛⲧⲛ̄ⲟⲩⲱⲛ"/>
		<feat xlink:href="#sSpan418" value="ⲙ̄ⲡ̄ⲛⲟϭ"/>
		<feat xlink:href="#sSpan428" value="ⲛ̄ⲑⲩⲥⲁⲩⲣⲟⲥ"/>
		<feat xlink:href="#sSpan435" value="ⲉ̄ⲧⲟⲩⲁⲁⲃ"/>
		<feat xlink:href="#sSpan442" value="·"/>
		<feat xlink:href="#sSpan446" value="ⲛ̄ⲧⲛ̄ⲉⲓⲛⲉ"/>
		<feat xlink:href="#sSpan456" value="ⲉ̄ⲃⲟⲗ"/>
		<feat xlink:href="#sSpan460" value="ⲛ︤ⲛ︥ⲕⲟⲥⲙⲏⲥⲓⲥ"/>
		<feat xlink:href="#sSpan471" value="ⲙ̄ⲡ︤ⲛ︦ⲓ︦ⲕ︦ⲟ︦ⲛ︦"/>
		<feat xlink:href="#sSpan479" value="ⲛ̄ⲧⲛ̄ⲕⲟⲥⲙⲉⲓ"/>
		<feat xlink:href="#sSpan489" value="ⲛ︤ⲛ︥ⲯⲩⲭⲟⲟⲩⲉ"/>
		<feat xlink:href="#sSpan500" value="ⲛ̄ⲛ︤ⲙ︥ⲙⲁⲓ̈ⲗⲟⲅⲟⲥ"/>
		<feat xlink:href="#sSpan514" value="·"/>
		<feat xlink:href="#sSpan518" value="ⲙⲟⲩⲧⲉ"/>
		<feat xlink:href="#sSpan527" value="ⲛⲁⲓ̈"/>
		<feat xlink:href="#sSpan531" value="ⲉⲡⲙⲁⲓ̈ⲛⲟⲩⲧⲉ"/>
		<feat xlink:href="#sSpan543" value="·"/>
		<feat xlink:href="#sSpan547" value="ⲁⲩⲱ"/>
		<feat xlink:href="#sSpan552" value="ⲡⲙⲁⲓ̈ⲗⲟⲅⲟⲥ"/>
		<feat xlink:href="#sSpan562" value="·"/>
		<feat xlink:href="#sSpan566" value="ⲁⲩⲱ"/>
		<feat xlink:href="#sSpan570" value="ⲡⲣⲉϥϣⲱⲡ"/>
		<feat xlink:href="#sSpan580" value="ⲉ̄ⲣⲟϥ"/>
		<feat xlink:href="#sSpan586" value="ⲛⲛⲁⲅⲅⲉⲗⲟⲥ"/>
		<feat xlink:href="#sSpan597" value="·"/>
		<feat xlink:href="#sSpan601" value="ⲉⲧⲉⲡⲁⲓ̈"/>
		<feat xlink:href="#sSpan608" value="ⲡⲉ"/>
		<feat xlink:href="#sSpan614" value="ⲁⲃⲣⲁϩⲁⲙ"/>
		<feat xlink:href="#sSpan619" value="ⲡⲉϣⲃⲏⲣ"/>
		<feat xlink:href="#sSpan626" value="ⲙ̄ⲡⲛⲟⲩⲧⲉ"/>
		<feat xlink:href="#sSpan635" value="·"/>
		<feat xlink:href="#sSpan639" value="ⲙⲁⲣⲉϥⲉⲓ"/>
		<feat xlink:href="#sSpan652" value="ⲛϥⲧⲁⲙⲟ⳯"/>
		<feat xlink:href="#sSpan662" value="ⲉⲡⲧⲩⲡⲟⲥ"/>
		<feat xlink:href="#sSpan673" value="ⲙⲡⲉⲓϣⲏⲛ"/>
		<feat xlink:href="#sSpan683" value="ϫⲉⲥⲁⲃⲉⲕ"/>
		<feat xlink:href="#sSpan691" value="ⲉ̄ⲣⲉⲡⲉⲓⲟⲓ̈ⲗⲉ"/>
		<feat xlink:href="#sSpan701" value="ⲙⲏⲣ"/>
		<feat xlink:href="#sSpan705" value="ⲉ̄ⲣⲟϥ"/>
		<feat xlink:href="#sSpan712" value="·"/>
		<feat xlink:href="#sSpan717" value="ⲑⲉⲣⲙⲏⲛⲓⲁ"/>
		<feat xlink:href="#sSpan725" value="ⲅⲁⲣ"/>
		<feat xlink:href="#sSpan731" value="ⲛⲥⲁⲃⲉⲕ"/>
		<feat xlink:href="#sSpan738" value="ⲡⲉ"/>
		<feat xlink:href="#sSpan742" value="ⲡⲙⲁ"/>
		<feat xlink:href="#sSpan750" value="ⲛⲙ̄ⲧⲟⲛ"/>
		<feat xlink:href="#sSpan757" value="ⲙ̄ⲡⲣⲉϥⲥⲱⲧⲉ"/>
		<feat xlink:href="#sSpan770" value="·"/>
		<feat xlink:href="#sSpan774" value="ⲉ̄ⲧⲉⲡⲁⲓ̈"/>
		<feat xlink:href="#sSpan781" value="ⲡⲉ"/>
		<feat xlink:href="#sSpan785" value="ⲡϣⲉ"/>
		<feat xlink:href="#sSpan793" value="ⲙ̄ⲡⲉⲥ̄ⳁⲟ︤ⲥ︥"/>
		<feat xlink:href="#sSpan803" value="·"/>
		<feat xlink:href="#sSpan807" value="ⲛ̄ⲧⲁⲡⲉϩⲓⲉⲓⲃ"/>
		<feat xlink:href="#sSpan819" value="ⲙⲡⲛⲟⲩⲧⲉ"/>
		<feat xlink:href="#sSpan829" value="ⲁⲗⲉ"/>
		<feat xlink:href="#sSpan834" value="ⲉϩⲣⲁⲓ̈"/>
		<feat xlink:href="#sSpan838" value="ⲉϫⲱϥ"/>
		<feat xlink:href="#sSpan844" value="ϩⲛ̄ⲟⲩⲛⲟϭ"/>
		<feat xlink:href="#sSpan854" value="ⲙⲙ︤ⲛ︥ⲧⲗⲁⲙⲡⲣⲟⲥ"/>
		<feat xlink:href="#sSpan864" value="·"/>
		<feat xlink:href="#sSpan868" value="ⲉⲧⲣⲉϥϫⲱⲕ"/>
		<feat xlink:href="#sSpan879" value="ⲉⲃⲟⲗ"/>
		<feat xlink:href="#sSpan883" value="ⲛ̄ⲧⲟⲓⲕⲟⲛⲟⲙⲓⲁ"/>
		<feat xlink:href="#sSpan894" value="ⲉⲧⲙⲉϩ"/>
		<feat xlink:href="#sSpan900" value="ⲛⲟⲩϫⲁⲓ̈"/>
		<feat xlink:href="#sSpan908" value="·"/>
		<feat xlink:href="#sSpan913" value="ⲉⲁϥⲙ̄ⲧⲟⲛ"/>
		<feat xlink:href="#sSpan927" value="ⲙⲙⲟϥ"/>
		<feat xlink:href="#sSpan933" value="ⲉϩⲣⲁⲓ̈"/>
		<feat xlink:href="#sSpan937" value="ⲉ̄ϫⲱϥ"/>
		<feat xlink:href="#sSpan944" value="ⲛ̄ⲑⲉ"/>
		<feat xlink:href="#sSpan952" value="ⲛⲟⲩⲣⲱⲙⲉ"/>
		<feat xlink:href="#sSpan962" value="·"/>
		<feat xlink:href="#sSpan967" value="ⲉⲁϥⲉⲓ"/>
		<feat xlink:href="#sSpan978" value="ⲉϩⲣⲁⲓ"/>
		<feat xlink:href="#sSpan982" value="ϩⲛ̄ⲧⲉϥⲥⲱϣⲉ"/>
		<feat xlink:href="#sSpan992" value="·"/>
		<feat xlink:href="#sSpan996" value="ⲉϥⲣ̄ϩⲱⲃ"/>
		<feat xlink:href="#sSpan1006" value="ⲛϥⲛⲁϫϥ"/>
		<feat xlink:href="#sSpan1017" value="ϩⲓϫⲙⲡⲉϥⲙⲁ"/>
		<feat xlink:href="#sSpan1027" value="ⲛⲉⲛⲕⲁⲧⲕ"/>
		<feat xlink:href="#sSpan1035" value="ⲛϥ̄ⲙ̄ⲧⲟⲛ"/>
		<feat xlink:href="#sSpan1044" value="ⲙⲙⲟϥ"/>
		<feat xlink:href="#sSpan1050" value="ϩⲙ̄ⲡⲉϥϩⲓⲥⲉ"/>
		<feat xlink:href="#sSpan1060" value="·"/>
		<feat xlink:href="#sSpan1065" value="ⲧⲁⲓ̈"/>
		<feat xlink:href="#sSpan1072" value="ⲧⲉ"/>
		<feat xlink:href="#sSpan1077" value="ⲑⲉ"/>
		<feat xlink:href="#sSpan1083" value="ⲛ̄ⲧⲁⲡⲥⲱⲧⲏⲣ"/>
		<feat xlink:href="#sSpan1095" value="ⲁⲁⲥ"/>
		<feat xlink:href="#sSpan1102" value="·"/>
		<feat xlink:href="#sSpan1106" value="ⲛ̄ⲧⲁϥⲙ̄ⲧⲟⲛ"/>
		<feat xlink:href="#sSpan1116" value="·"/>
		<feat xlink:href="#sSpan1120" value="ⲙⲙⲟϥ"/>
		<feat xlink:href="#sSpan1130" value="ϩⲓϫⲙ̄ⲡⲉϥⲙⲁⲛⲕⲁⲧⲕ"/>
		<feat xlink:href="#sSpan1142" value="ⲉⲧⲉⲡⲉⲥ̄ⳁⲟ︤ⲥ︥"/>
		<feat xlink:href="#sSpan1153" value="ⲙⲙⲉ"/>
		<feat xlink:href="#sSpan1159" value="ⲡⲉ"/>
		<feat xlink:href="#sSpan1163" value="·"/>
		<feat xlink:href="#sSpan1167" value="ⲁϥϣⲡ̄ϩⲓⲥⲉ"/>
		<feat xlink:href="#sSpan1181" value="ⲛ̄ϩⲏⲧϥ"/>
		<feat xlink:href="#sSpan1187" value="ϣⲁⲛⲧⲉϥⲧⲟⲩϫⲟ"/>
		<feat xlink:href="#sSpan1196" value="ⲛⲧⲙ︤ⲛ︥ⲧⲣⲱⲙⲉ"/>
		<feat xlink:href="#sSpan1208" value="ⲧⲏⲣ︤ⲥ︥"/>
		<feat xlink:href="#sSpan1215" value="·"/>
		<feat xlink:href="#sSpan1219" value="ⲛϥ̄ⲥⲁϣⲙ̄"/>
		<feat xlink:href="#sSpan1231" value="ⲁⲛ"/>
		<feat xlink:href="#sSpan1236" value="ⲟⲩⲇⲉ"/>
		<feat xlink:href="#sSpan1241" value="ⲛϥϣⲧⲉⲣⲧⲱⲣ"/>
		<feat xlink:href="#sSpan1249" value="ⲁⲛ"/>
		<feat xlink:href="#sSpan1254" value="·"/>
		<feat xlink:href="#sSpan1259" value="ⲟⲩⲇⲉ"/>
		<feat xlink:href="#sSpan1263" value="ⲛϥ̄ϭⲟⲛⲧ"/>
		<feat xlink:href="#sSpan1271" value="ⲁⲛ"/>
		<feat xlink:href="#sSpan1276" value="ⲉⲩϯⲉⲓⲃⲧ"/>
		<feat xlink:href="#sSpan1286" value="ⲛⲁϥ"/>
		<feat xlink:href="#sSpan1292" value="·"/>
		<feat xlink:href="#sSpan1297" value="ⲟⲩⲇⲉ"/>
		<feat xlink:href="#sSpan1302" value="ⲛϥ̄ⲁⲕⲁⲛⲁⲕⲧⲉⲓ"/>
		<feat xlink:href="#sSpan1312" value="ⲁⲛ"/>
		<feat xlink:href="#sSpan1316" value="·"/>
		<feat xlink:href="#sSpan1320" value="ⲉⲩϯⲕⲗⲟⲙ"/>
		<feat xlink:href="#sSpan1330" value="ⲛ̄ϣⲟⲛⲧⲉ"/>
		<feat xlink:href="#sSpan1338" value="ⲉ̄ϫⲱϥ"/>
		<feat xlink:href="#sSpan1344" value="·"/>
		<feat xlink:href="#sSpan1349" value="ⲟⲩⲇⲉ"/>
		<feat xlink:href="#sSpan1357" value="ⲛϥ̄ⲥⲁϩⲟⲩ"/>
		<feat xlink:href="#sSpan1365" value="ⲁⲛ"/>
		<feat xlink:href="#sSpan1369" value="ⲉⲩϩⲓⲟⲩⲉ̄"/>
		<feat xlink:href="#sSpan1378" value="ⲉ̄ϩⲟⲩⲛ"/>
		<feat xlink:href="#sSpan1382" value="ϩⲙ̄ⲡⲉϥϩⲟ"/>
		<feat xlink:href="#sSpan1392" value="·"/>
		<feat xlink:href="#sSpan1397" value="ⲟⲩⲇⲉ"/>
		<feat xlink:href="#sSpan1401" value="ⲛϥ̄ⲛ̄ⲕⲁⲕⲉⲓ"/>
		<feat xlink:href="#sSpan1413" value="ⲁⲛ"/>
		<feat xlink:href="#sSpan1417" value="ⲉⲩⲧⲥⲁ"/>
		<feat xlink:href="#sSpan1425" value="ⲙ̄ⲙⲟϥ"/>
		<feat xlink:href="#sSpan1432" value="ⲛⲟⲩϩⲙ̄ϫ̄"/>
		<feat xlink:href="#sSpan1441" value="ⲉϥⲧⲉϩ"/>
		<feat xlink:href="#sSpan1449" value="ϩⲓⲥⲓϣⲉ"/>
		<feat xlink:href="#sSpan1457" value="·"/>
		<feat xlink:href="#sSpan1461" value="ⲛϥ̄ⲙⲓϣⲉ"/>
		<feat xlink:href="#sSpan1473" value="ⲅⲁⲣ"/>
		<feat xlink:href="#sSpan1478" value="ⲁⲛ"/>
		<feat xlink:href="#sSpan1482" value="ⲙ︤ⲛ︥ⲛⲉⲧⲛⲟϭⲛⲉϭ"/>
		<feat xlink:href="#sSpan1494" value="ⲙⲙⲟϥ"/>
		<feat xlink:href="#sSpan1500" value="·"/>
		<feat xlink:href="#sSpan1505" value="ⲟⲩⲇⲉ"/>
		<feat xlink:href="#sSpan1509" value="ⲛϥ̄ϭⲟⲛⲧ"/>
		<feat xlink:href="#sSpan1518" value="ⲁⲛ"/>
		<feat xlink:href="#sSpan1522" value="ⲉⲩⲡⲱϣ"/>
		<feat xlink:href="#sSpan1530" value="ⲛ̄ⲛⲉϥϩⲟⲓ̈ⲧⲉ"/>
		<feat xlink:href="#sSpan1540" value="ⲉ̄ϫⲱⲟⲩ"/>
		<feat xlink:href="#sSpan1546" value="ⲉⲩⲛⲉϫⲕⲗⲏⲣⲟⲥ"/>
		<feat xlink:href="#sSpan1558" value="ⲉ̄ⲣⲟⲟⲩ"/>
		<feat xlink:href="#sSpan1565" value="·"/>
		<feat xlink:href="#sSpan1569" value="ⲕⲟⲩⲱϣ"/>
		<feat xlink:href="#sSpan1578" value="ⲉⲉⲓⲙⲉ"/>
		<feat xlink:href="#sSpan1585" value="ϫⲉⲧⲙⲉ"/>
		<feat xlink:href="#sSpan1594" value="ⲧⲉ"/>
		<feat xlink:href="#sSpan1598" value="ϯϫⲱ"/>
		<feat xlink:href="#sSpan1605" value="ⲙⲙⲟⲥ"/>
		<feat xlink:href="#sSpan1611" value="ⲥⲱⲧⲙ̄"/>
		<feat xlink:href="#sSpan1616" value="ⲛ̄ⲧⲁⲧⲁⲙⲟⲕ"/>
		<feat xlink:href="#sSpan1627" value="·"/>
		<feat xlink:href="#sSpan1631" value="ⲙⲡⲛⲁⲩ"/>
		<feat xlink:href="#sSpan1645" value="ⲅⲁⲣ"/>
		<feat xlink:href="#sSpan1649" value="ⲉ̄ⲧⲟⲩⲉⲓⲣⲉ"/>
		<feat xlink:href="#sSpan1659" value="ⲛ̄ⲛⲁⲓ̈"/>
		<feat xlink:href="#sSpan1666" value="ⲧⲏⲣⲟⲩ"/>
		<feat xlink:href="#sSpan1672" value="ⲛⲁϥ"/>
		<feat xlink:href="#sSpan1678" value="·"/>
		<feat xlink:href="#sSpan1682" value="ⲁϥϥⲓ̈"/>
		<feat xlink:href="#sSpan1691" value="ⲛ̄ⲛⲉϥⲃⲁⲗ"/>
		<feat xlink:href="#sSpan1700" value="ⲉϩⲣⲁⲓ"/>
		<feat xlink:href="#sSpan1705" value="ϣⲁⲡⲉϥⲉⲓⲱⲧ"/>
		<feat xlink:href="#sSpan1714" value="ⲁϥⲡⲁⲣⲁⲕⲁⲗⲉⲓ"/>
		<feat xlink:href="#sSpan1724" value="ⲙⲙⲟϥ"/>
		<feat xlink:href="#sSpan1731" value="·"/>
		<feat xlink:href="#sSpan1735" value="ϫⲉⲡⲁⲉⲓⲱⲧ"/>
		<feat xlink:href="#sSpan1747" value="ⲕⲱ"/>
		<feat xlink:href="#sSpan1752" value="ⲛⲁⲩ"/>
		<feat xlink:href="#sSpan1758" value="ⲉ̄ⲃⲟⲗ"/>
		<feat xlink:href="#sSpan1763" value="ϫⲉⲛⲥⲉⲥⲟⲟⲩⲛ"/>
		<feat xlink:href="#sSpan1774" value="ⲁⲛ"/>
		<feat xlink:href="#sSpan1778" value="ⲙ̄ⲡⲉⲧⲟⲩⲉⲓⲣⲉ"/>
		<feat xlink:href="#sSpan1793" value="ⲙⲙⲟϥ"/>
		<feat xlink:href="#sSpan1799" value="·"/>
		<feat xlink:href="#sSpan1803" value="ϫⲉⲕⲁⲥ"/>
		<feat xlink:href="#sSpan1811" value="ⲉ̄ⲕⲉⲉⲓⲙⲉ"/>
		<feat xlink:href="#sSpan1817" value="ϫⲉⲟⲩ"/>
		<feat xlink:href="#sSpan1824" value="ⲡⲉⲧⲉⲣⲉⲡⲓⲱⲧ"/>
		<feat xlink:href="#sSpan1835" value="ⲉⲓⲣⲉ"/>
		<feat xlink:href="#sSpan1840" value="ⲙⲙⲟϥ"/>
		<feat xlink:href="#sSpan1846" value="·"/>
		<feat xlink:href="#sSpan1851" value="ⲉⲁϥⲁⲁϥ"/>
		<feat xlink:href="#sSpan1864" value="ⲙⲡⲛⲁⲩ"/>
		<feat xlink:href="#sSpan1873" value="ⲉ̄ⲧ︤ⲙ︥ⲙⲁⲩ"/>
		<feat xlink:href="#sSpan1880" value="·"/>
		<feat xlink:href="#sSpan1884" value="ⲛⲁϣⲉⲛⲉϥⲙⲛ̄ⲧ̄ϣⲁⲛϩⲧⲏϥ"/>
		<feat xlink:href="#sSpan1903" value="ⲅⲁⲣ"/>
		<feat xlink:href="#sSpan1908" value="ⲙⲙⲟⲛ"/>
		<feat xlink:href="#sSpan1914" value="ϥ̄ⲛⲁⲧ︤ⲛ︥ⲛⲟⲟⲩ"/>
		<feat xlink:href="#sSpan1923" value="ⲉ̄ϩⲣⲁⲓ̈"/>
		<feat xlink:href="#sSpan1927" value="ⲉ̄ϫⲱⲟⲩ"/>
		<feat xlink:href="#sSpan1934" value="ⲛⲧⲟⲣⲅⲏ"/>
		<feat xlink:href="#sSpan1945" value="ⲛⲁⲧⲧⲁⲗϭⲟ"/>
		<feat xlink:href="#sSpan1954" value="·"/>
		<feat xlink:href="#sSpan1958" value="ϣⲁ⳯ⲧⲉⲧⲉⲥⲙⲏ"/>
		<feat xlink:href="#sSpan1971" value="ⲙ̄ⲡⲉϥⲙⲟⲛⲟⲅⲉⲛⲏⲥ"/>
		<feat xlink:href="#sSpan1982" value="ⲧⲁϩⲟϥ"/>
		<feat xlink:href="#sSpan1989" value="·"/>
		<feat xlink:href="#sSpan1993" value="ⲛϥⲧⲱϩ︤ⲙ︥"/>
		<feat xlink:href="#sSpan2002" value="ⲛ̄ⲧⲉϥⲙⲛ̄ⲧϣⲁⲛϩⲧⲏϥ"/>
		<feat xlink:href="#sSpan2018" value="·"/>
		<feat xlink:href="#sSpan2022" value="ⲛϥ̄ⲕⲧⲉⲧⲉϥⲟⲣⲅⲏ"/>
		<feat xlink:href="#sSpan2037" value="ⲙⲛ̄ⲡⲉϥϭⲱⲛⲧ"/>
		<feat xlink:href="#sSpan2046" value="ⲉⲡⲁϩⲟⲩ"/>
		<feat xlink:href="#sSpan2053" value="·"/>
		<feat xlink:href="#sSpan2057" value="ⲁⲩⲱ"/>
		<feat xlink:href="#sSpan2064" value="ⲁϥⲧⲛ̄ⲛⲟⲟⲩ"/>
		<feat xlink:href="#sSpan2073" value="ⲛⲟⲩⲁⲅⲅⲉⲗⲟⲥ"/>
		<feat xlink:href="#sSpan2084" value="ⲛ̄ϫⲱⲱⲣⲉ"/>
		<feat xlink:href="#sSpan2090" value="·"/>
		<feat xlink:href="#sSpan2094" value="ⲁϥⲡⲱϩ"/>
		<feat xlink:href="#sSpan2103" value="ⲙ̄ⲡⲕⲁⲧⲁⲡⲉⲧⲁⲥⲙⲁ"/>
		<feat xlink:href="#sSpan2114" value="ⲙ̄ⲡⲣ̄ⲡⲉ"/>
		<feat xlink:href="#sSpan2124" value="ⲁϥⲣ̄ⲥ̄ⲛⲁⲩ"/>
		<feat xlink:href="#sSpan2134" value="·"/>
		<feat xlink:href="#sSpan2138" value="ⲁⲡⲕⲁϩ"/>
		<feat xlink:href="#sSpan2151" value="ⲕⲓⲙ"/>
		<feat xlink:href="#sSpan2155" value="·"/>
		<feat xlink:href="#sSpan2159" value="ⲁⲙⲡⲉⲧⲣⲁ"/>
		<feat xlink:href="#sSpan2170" value="ⲡⲱϩ"/>
		<feat xlink:href="#sSpan2174" value="·"/>
		<feat xlink:href="#sSpan2178" value="ⲁⲡⲣⲏ"/>
		<feat xlink:href="#sSpan2188" value="ⲣ̄ⲕⲁⲕⲉ"/>
		<feat xlink:href="#sSpan2194" value="ⲡⲉⲓⲛⲟϭ"/>
		<feat xlink:href="#sSpan2201" value="ⲛ̄ⲣⲉϥⲣ̄ⲟⲩⲟ̄ⲉⲓⲛ"/>
		<feat xlink:href="#sSpan2211" value="·"/>
		<feat xlink:href="#sSpan2215" value="ⲁⲡⲕⲁϩ"/>
		<feat xlink:href="#sSpan2228" value="ⲧⲏⲣ︤ϥ︥"/>
		<feat xlink:href="#sSpan2235" value="ⲉ̄ⲣⲕⲁⲕⲉ"/>
		<feat xlink:href="#sSpan2241" value="ϫⲉⲕⲁⲥ"/>
		<feat xlink:href="#sSpan2245" value="ⲉϥⲉⲥⲕⲩⲡⲁⲍⲉ"/>
		<feat xlink:href="#sSpan2253" value="ⲙ̄ⲡⲉϥⲥⲱⲙⲁ"/>
		<feat xlink:href="#sSpan2263" value="ⲉ̄ⲧⲟⲩⲁⲁⲃ"/>
		<feat xlink:href="#sSpan2270" value="ϩⲓϫⲙ̄ⲡⲉⲥ̄ⳁⲟ︤ⲥ︥"/>
		<feat xlink:href="#sSpan2281" value="·"/>
		<feat xlink:href="#sSpan2285" value="ⲉ̄ⲃⲟⲗ"/>
		<feat xlink:href="#sSpan2290" value="ϫⲉⲁⲩⲕⲁⲁϥ"/>
		<feat xlink:href="#sSpan2303" value="ⲕⲁϩⲏⲩ"/>
		<feat xlink:href="#sSpan2307" value="ⲛ̄ⲛⲉϥϩⲟⲓ̈ⲧⲉ"/>
		<feat xlink:href="#sSpan2317" value="ⲁⲩⲡⲟϣⲟⲩ"/>
		<feat xlink:href="#sSpan2328" value="ⲉ̄ϫⲱⲟⲩ"/>
		<feat xlink:href="#sSpan2334" value="·"/>
		<feat xlink:href="#sSpan2338" value="ϭⲱϣⲧ̄"/>
		<feat xlink:href="#sSpan2350" value="ⲱ"/>
		<feat xlink:href="#sSpan2354" value="ⲛⲁⲙⲉⲣⲁⲧⲉ"/>
		<feat xlink:href="#sSpan2362" value="ⲛ̄ⲧⲉⲧⲛ︤ⲛ︥ⲁⲩ"/>
		<feat xlink:href="#sSpan2370" value="ⲉⲧⲙⲛ̄ⲧϣⲁⲛϩⲧⲏϥ"/>
		<feat xlink:href="#sSpan2385" value="ⲙⲡⲛⲟⲩⲧⲉ"/>
		<feat xlink:href="#sSpan2395" value="·"/>
		<feat xlink:href="#sSpan2399" value="ⲡⲉⲧϯϩ︤ⲃ︥ⲥⲱ"/>
		<feat xlink:href="#sSpan2411" value="ϩⲓⲱⲱϥ"/>
		<feat xlink:href="#sSpan2417" value="ⲙ̄ⲡⲥⲱⲛⲧ̄"/>
		<feat xlink:href="#sSpan2427" value="ⲧⲏⲣ︤ϥ︥"/>
		<feat xlink:href="#sSpan2433" value="·"/>
		<feat xlink:href="#sSpan2437" value="ⲁⲩⲕⲁⲁϥ"/>
		<feat xlink:href="#sSpan2451" value="ⲕⲁϩⲏⲩ"/>
		<feat xlink:href="#sSpan2455" value="ⲛ̄ⲛⲉϥϩⲟⲓ̈ⲧⲉ"/>
		<feat xlink:href="#sSpan2465" value="ϩⲓ̈ϫⲙ̄ⲡⲉⲥ̄ⳁⲟ︤ⲥ︥"/>
		<feat xlink:href="#sSpan2476" value="ⲁⲗⲗⲁ"/>
		<feat xlink:href="#sSpan2482" value="ⲡⲣⲏ"/>
		<feat xlink:href="#sSpan2488" value="ϩⲱⲃⲥ̄"/>
		<feat xlink:href="#sSpan2492" value="ⲙ̄ⲡⲉϥϫⲟⲉⲓⲥ"/>
		<feat xlink:href="#sSpan2502" value="ϩⲓⲧⲙ̄ⲡⲕⲁⲕⲉ"/>
		<feat xlink:href="#sSpan2512" value="ⲛ̄ⲧⲁϥϣⲱⲡⲉ"/>
		<feat xlink:href="#sSpan2523" value="·"/>
		<feat xlink:href="#sSpan2527" value="ϫⲉⲛ̄ⲛⲉⲩⲛⲟϭ"/>
		<feat xlink:href="#sSpan2538" value="ⲙⲙⲏⲥⲧⲏⲣⲓⲟⲛ"/>
		<feat xlink:href="#sSpan2546" value="ⲛ̄ⲧⲁϥϣⲱⲡⲉ"/>
		<feat xlink:href="#sSpan2557" value="ϩⲓϫⲙ̄ⲡⲉⲥ̄ⳁⲟ︤ⲥ︥"/>
		<feat xlink:href="#sSpan2568" value="ⲉ̄ⲃⲟⲗ"/>
		<feat xlink:href="#sSpan2573" value="ϫⲉⲛ̄ⲥⲉⲙⲡϣⲁ"/>
		<feat xlink:href="#sSpan2584" value="ⲙⲙⲟϥ"/>
		<feat xlink:href="#sSpan2590" value="ⲁⲛ"/>
		<feat xlink:href="#sSpan2595" value="ⲡⲉⲛⲧⲁϥⲙⲡϣⲁ"/>
		<feat xlink:href="#sSpan2612" value="ⲅⲁⲣ"/>
		<feat xlink:href="#sSpan2616" value="ⲁϥⲑⲉⲱⲣⲉⲓ"/>
		<feat xlink:href="#sSpan2626" value="ⲙⲡϫⲱⲕ"/>
		<feat xlink:href="#sSpan2635" value="ⲧⲏⲣϥ̄"/>
		<feat xlink:href="#sSpan2642" value="ⲛ̄ⲧⲉϥⲙⲛ̄ⲧⲛⲟⲩⲧⲉ"/>
		<feat xlink:href="#sSpan2654" value="·"/>
		<feat xlink:href="#sSpan2658" value="ⲙⲡⲛⲁⲩ"/>
		<feat xlink:href="#sSpan2667" value="ⲉⲧⲙⲙⲁⲩ"/>
		<feat xlink:href="#sSpan2674" value="·"/>
		<feat xlink:href="#sSpan2678" value="ⲛⲓⲙ"/>
		<feat xlink:href="#sSpan2686" value="ϭⲉ"/>
		<feat xlink:href="#sSpan2690" value="ⲡⲉⲛⲧⲁϥⲙ̄ⲡϣⲁ"/>
		<feat xlink:href="#sSpan2703" value="ⲙ̄ⲡⲉⲓⲛⲟϭ"/>
		<feat xlink:href="#sSpan2712" value="ⲛ̄ⲧⲁⲓ̈ⲟ"/>
		<feat xlink:href="#sSpan2718" value="·"/>
		<feat xlink:href="#sSpan2722" value="ⲙⲁⲣⲉ⳯ⲉⲓⲙⲉ"/>
		<feat xlink:href="#sSpan2731" value="ⲉ̄ⲣⲟϥ"/>
		<feat xlink:href="#sSpan2737" value="·"/>
		<feat xlink:href="#sSpan2742" value="ⲡⲗⲏⲥⲧⲏⲥ"/>
		<feat xlink:href="#sSpan2753" value="ⲡⲉ"/>
		<feat xlink:href="#sSpan2757" value="ⲉϥⲧⲁⲗⲏⲩ"/>
		<feat xlink:href="#sSpan2765" value="ⲉⲡϫⲓⲥⲉ"/>
		<feat xlink:href="#sSpan2775" value="ⲙ̄ⲡⲉⲥ̄ⳁⲟ︤ⲥ︥"/>
		<feat xlink:href="#sSpan2785" value="ⲁϥⲛⲁⲩ"/>
		<feat xlink:href="#sSpan2794" value="ⲉ̄ϩⲱⲃ"/>
		<feat xlink:href="#sSpan2802" value="ⲛⲓⲙ"/>
		<feat xlink:href="#sSpan2806" value="ⲛ̄ⲧⲁⲩϣⲱⲡⲉ"/>
		<feat xlink:href="#sSpan2817" value="·"/>
		<feat xlink:href="#sSpan2821" value="ⲁⲩⲱ"/>
		<feat xlink:href="#sSpan2825" value="ⲁϥⲧⲉⲗⲏⲗ"/>
		<feat xlink:href="#sSpan2834" value="ϫⲉⲁϥⲛⲁⲩ"/>
		<feat xlink:href="#sSpan2844" value="ⲉ̄ⲣⲟⲟⲩ"/>
		<feat xlink:href="#sSpan2851" value="·"/>
		<feat xlink:href="#sSpan2855" value="ⲟⲩ"/>
		<feat xlink:href="#sSpan2862" value="ⲡⲉ"/>
		<feat xlink:href="#sSpan2866" value="ⲛⲧⲁϥⲛⲁⲩ"/>
		<feat xlink:href="#sSpan2877" value="ⲉ̄ⲣⲟϥ"/>
		<feat xlink:href="#sSpan2883" value="·"/>
		<feat xlink:href="#sSpan2888" value="ⲉⲓⲙⲏⲧⲉⲓ"/>
		<feat xlink:href="#sSpan2892" value="ⲧⲉⲥⲧⲣⲁⲧⲓⲁ"/>
		<feat xlink:href="#sSpan2901" value="ⲛ̄ⲛⲁⲅⲅⲉⲗⲟⲥ"/>
		<feat xlink:href="#sSpan2912" value="ⲉⲩⲕⲱⲧⲉ"/>
		<feat xlink:href="#sSpan2920" value="ⲉ̄ⲡⲉⲥ̄ⳁⲟ︤ⲥ︥"/>
		<feat xlink:href="#sSpan2931" value="ⲉⲩϩⲩⲙⲛⲉⲩⲉ"/>
		<feat xlink:href="#sSpan2940" value="ⲉ̄ⲣⲟϥ"/>
		<feat xlink:href="#sSpan2948" value="·"/>
		<feat xlink:href="#sSpan2953" value="ⲡⲉⲓⲱⲧ"/>
		<feat xlink:href="#sSpan2962" value="ϭⲱϣⲧ"/>
		<feat xlink:href="#sSpan2966" value="ⲉⲃⲟⲗ"/>
		<feat xlink:href="#sSpan2972" value="ϩⲛ̄ⲧⲡⲉ"/>
		<feat xlink:href="#sSpan2981" value="·"/>
		<feat xlink:href="#sSpan2985" value="ⲉϥⲑⲉⲱⲣⲉⲓ"/>
		<feat xlink:href="#sSpan2995" value="ⲙ̄ⲡⲉϥϣⲏⲣⲉ"/>
		<feat xlink:href="#sSpan3004" value="ⲡⲉϥⲙⲟⲛⲟⲅⲉⲛⲏⲥ"/>
		<feat xlink:href="#sSpan3012" value="·"/>
		<feat xlink:href="#sSpan3016" value="ⲁⲩⲱ"/>
		<feat xlink:href="#sSpan3021" value="ⲉϥϯⲉⲟⲟⲩ"/>
		<feat xlink:href="#sSpan3031" value="ⲛⲁϥ"/>
		<feat xlink:href="#sSpan3037" value="ⲡⲁⲏⲣ"/>
		<feat xlink:href="#sSpan3049" value="ⲧⲏⲣϥ"/>
		<feat xlink:href="#sSpan3056" value="ⲭⲟⲣⲉⲩⲉ"/>
		<feat xlink:href="#sSpan3060" value="ⲡⲕⲁϩ"/>
		<feat xlink:href="#sSpan3068" value="ⲧⲏⲣ︤ϥ︥"/>
		<feat xlink:href="#sSpan3074" value="ⲉϣⲗⲟⲩⲗⲁⲓ̈"/>
		<feat xlink:href="#sSpan3083" value="ⲉ̄ⲃⲟⲗ"/>
		<feat xlink:href="#sSpan3087" value="ϫⲉⲁⲡⲉϥⲣ̄ⲣⲟ"/>
		<feat xlink:href="#sSpan3099" value="ⲡⲱϩⲧ"/>
		<feat xlink:href="#sSpan3103" value="ⲙ̄ⲡⲉϥⲥ̄ⲛⲟϥ"/>
		<feat xlink:href="#sSpan3113" value="ⲉⲃⲟⲗ"/>
		<feat xlink:href="#sSpan3117" value="ϩⲓϫⲱϥ"/>
		<feat xlink:href="#sSpan3123" value="·"/>
		<feat xlink:href="#sSpan3127" value="ⲛϣⲏⲛ"/>
		<feat xlink:href="#sSpan3138" value="ⲧⲏⲣⲟⲩ"/>
		<feat xlink:href="#sSpan3145" value="ⲧⲁⲩⲉ̄ϩⲣⲏⲣⲉ"/>
		<feat xlink:href="#sSpan3152" value="ⲉ̄ⲃⲟⲗ"/>
		<feat xlink:href="#sSpan3156" value="·"/>
		<feat xlink:href="#sSpan3160" value="ϫⲉⲡϫⲟⲉⲓⲥ"/>
		<feat xlink:href="#sSpan3170" value="ⲁϣⲉ"/>
		<feat xlink:href="#sSpan3174" value="ⲉ̄ϫⲙ̄ⲡϣⲉ"/>
		<feat xlink:href="#sSpan3183" value="ⲙ̄ⲡⲉⲥ̄ⳁⲟ︤ⲥ︥"/>
		<feat xlink:href="#sSpan3194" value="·"/>
		<feat xlink:href="#sSpan3198" value="ⲡϣⲉ"/>
		<feat xlink:href="#sSpan3210" value="ⲛ̄ⲧⲁⲫⲑⲁⲣⲥⲓⲁ"/>
		<feat xlink:href="#sSpan3220" value="·"/>
		<feat xlink:href="#sSpan3224" value="ⲡϣⲉ"/>
		<feat xlink:href="#sSpan3235" value="ⲛ̄ⲕⲁⲛⲟⲃⲉ"/>
		<feat xlink:href="#sSpan3244" value="ⲉ̄ⲃⲟⲗ"/>
		<feat xlink:href="#sSpan3248" value="·"/>
		<feat xlink:href="#sSpan3252" value="ⲡϣⲉ"/>
		<feat xlink:href="#sSpan3263" value="ⲛ̄ⲣⲉϥⲧⲁⲗϭⲟ"/>
		<feat xlink:href="#sSpan3272" value="·"/>
		<feat xlink:href="#sSpan3276" value="ⲡϣⲉ"/>
		<feat xlink:href="#sSpan3287" value="ⲛ̄ⲣⲉϥϯⲱⲛ︤ϩ︥"/>
		<feat xlink:href="#sSpan3297" value="·"/>
		<feat xlink:href="#sSpan3301" value="ⲡϣⲉ"/>
		<feat xlink:href="#sSpan3312" value="ⲛ̄ⲣⲉϥϯⲕⲁⲣⲡⲟⲥ"/>
		<feat xlink:href="#sSpan3323" value="·"/>
		<feat xlink:href="#sSpan3327" value="ⲡϣⲉ"/>
		<feat xlink:href="#sSpan3338" value="ⲙ̄ⲡⲉⲙⲧⲟⲛ"/>
		<feat xlink:href="#sSpan3347" value="·"/>
		<feat xlink:href="#sSpan3351" value="ⲡϣⲉ"/>
		<feat xlink:href="#sSpan3362" value="ⲙ̄ⲡⲟⲩⲛⲟϥ"/>
		<feat xlink:href="#sSpan3371" value="·"/>
		<feat xlink:href="#sSpan3375" value="ⲡϣⲉ"/>
		<feat xlink:href="#sSpan3386" value="ⲙ̄ⲡⲣⲁϣⲉ"/>
		<feat xlink:href="#sSpan3395" value="·"/>
		<feat xlink:href="#sSpan3399" value="ⲡϣⲉ"/>
		<feat xlink:href="#sSpan3410" value="ⲙ̄ⲡⲟⲩϫⲁⲓ̈"/>
		<feat xlink:href="#sSpan3419" value="·"/>
		<feat xlink:href="#sSpan3423" value="ⲡϣⲉ"/>
		<feat xlink:href="#sSpan3434" value="ⲙ̄ⲡⲉⲥⲙⲟⲩ"/>
		<feat xlink:href="#sSpan3443" value="·"/>
		<feat xlink:href="#sSpan3447" value="ⲡϣⲉ"/>
		<feat xlink:href="#sSpan3458" value="ⲙ̄ⲡⲱⲛ︤ϩ︥"/>
		<feat xlink:href="#sSpan3467" value="·"/>
		<feat xlink:href="#sSpan3471" value="ⲡϣⲉ"/>
		<feat xlink:href="#sSpan3482" value="ⲛ̄ⲧⲉⲭⲁⲣⲓⲥ"/>
		<feat xlink:href="#sSpan3492" value="ⲙ̄ⲡⲉ⳯ϫⲟⲉⲓⲥ"/>
		<feat xlink:href="#sSpan3503" value="ⲓ︦ⲥ︦"/>
		<feat xlink:href="#sSpan3507" value="ⲡⲉⲭ︦ⲥ︦"/>
		<feat xlink:href="#sSpan3514" value="·"/>
		<feat xlink:href="#sSpan3518" value="ⲡⲉⲛⲧⲁⲩⲁϣⲧϥ̄"/>
		<feat xlink:href="#sSpan3537" value="ϩⲓ̈ϫⲙ̄ⲡϣⲉ"/>
		<feat xlink:href="#sSpan3547" value="ⲙ̄ⲡⲉⲥ̄ⳁⲟ︤ⲥ︥"/>
		<feat xlink:href="#sSpan3557" value="·"/>
		<feat xlink:href="#sSpan3561" value="ⲁⲓ̈ⲛⲁⲩ"/>
		<feat xlink:href="#sSpan3574" value="ⲉⲡⲥⲱⲛⲧ"/>
		<feat xlink:href="#sSpan3583" value="ⲧⲏⲣϥ̄"/>
		<feat xlink:href="#sSpan3590" value="ⲉϥⲧⲁϩⲏⲩ"/>
		<feat xlink:href="#sSpan3598" value="ⲉ̄ⲣⲁⲧϥ̄"/>
		<feat xlink:href="#sSpan3604" value="ⲁⲩⲱ"/>
		<feat xlink:href="#sSpan3609" value="ⲉϥⲥⲙⲟⲛⲧ̄"/>
		<feat xlink:href="#sSpan3617" value="ϩ︤ⲙ︥ⲡⲉⲡⲣⲟⲥⲱⲡⲟⲛ"/>
		<feat xlink:href="#sSpan3628" value="ⲙ̄ⲡⲉⲥ̄ⳁⲟ︤ⲥ︥"/>
		<feat xlink:href="#sSpan3639" value="·"/>
		<feat xlink:href="#sSpan3643" value="ⲡⲉⲧⲉϣⲁϥⲣⲡⲣⲱⲙⲉ"/>
		<feat xlink:href="#sSpan3666" value="ⲛ̄ⲃⲣ̄ⲣⲉ"/>
		<feat xlink:href="#sSpan3672" value="ⲛ̄ⲕⲉⲥⲟⲡ"/>
		<feat xlink:href="#sSpan3685" value="·"/>
		<feat xlink:href="#sSpan3689" value="ⲙⲛ̄ⲛⲥⲁⲛ̄ⲥⲉⲣ̄ⲁⲥ"/>
		<feat xlink:href="#sSpan3702" value="·"/>
		<feat xlink:href="#sSpan3706" value="ϣⲁⲩϯⲙⲁⲉⲓⲛ"/>
		<feat xlink:href="#sSpan3717" value="ⲉ̄ⲣⲟϥ"/>
		<feat xlink:href="#sSpan3723" value="ϩⲓⲧⲙ̄ⲡⲃⲁⲡⲧⲓⲥⲙⲁ"/>
		<feat xlink:href="#sSpan3734" value="ⲉ̄ⲧⲟⲩⲁⲁⲃ"/>
		<feat xlink:href="#sSpan3741" value="·"/>
		<feat xlink:href="#sSpan3745" value="ⲉ̄ϣⲁⲩⲁⲁϥ"/>
		<feat xlink:href="#sSpan3757" value="ϩⲙ̄ⲡⲛⲉϩ"/>
		<feat xlink:href="#sSpan3767" value="ⲙⲛ̄ⲧⲉⲥⲫⲣⲁⲅⲓⲥ"/>
		<feat xlink:href="#sSpan3778" value="ⲙ̄ⲡⲉⲭ︦ⲥ︦"/>
		<feat xlink:href="#sSpan3788" value="·"/>
		<feat xlink:href="#sSpan3793" value="ⲡⲉⲥ̄ⳁⲟ︤ⲥ︥"/>
		<feat xlink:href="#sSpan3804" value="ⲡⲉ"/>
		<feat xlink:href="#sSpan3808" value="ϣⲁϥⲕⲁⲑⲁⲣⲓⲍⲉ"/>
		<feat xlink:href="#sSpan3818" value="ⲙ̄ⲡ̄ⲣⲱⲙⲉ"/>
		<feat xlink:href="#sSpan3827" value="ⲛ︤ϥ︥ⲡⲱⲧ"/>
		<feat xlink:href="#sSpan3837" value="ⲛ̄ⲥⲁⲛⲉⲛⲉⲣⲅⲓⲁ"/>
		<feat xlink:href="#sSpan3848" value="ⲛϥ̄ⲛⲁϫⲟⲩ"/>
		<feat xlink:href="#sSpan3860" value="ⲉ̄ⲃⲟⲗ"/>
		<feat xlink:href="#sSpan3865" value="ⲛ̄ϩⲏⲧϥ̄"/>
		<feat xlink:href="#sSpan3871" value="·"/>
		<feat xlink:href="#sSpan3876" value="ⲡⲉⲥ̄ⳁⲟ︤ⲥ︥"/>
		<feat xlink:href="#sSpan3887" value="ⲡⲉ"/>
		<feat xlink:href="#sSpan3891" value="ⲡⲙⲏⲥⲧⲏⲣⲓⲟⲛ"/>
		<feat xlink:href="#sSpan3900" value="ⲉ̄ⲧⲟⲩⲁⲁⲃ"/>
		<feat xlink:href="#sSpan3907" value="ϩⲟⲧⲁⲛ"/>
		<feat xlink:href="#sSpan3916" value="ⲅⲁⲣ"/>
		<feat xlink:href="#sSpan3920" value="ⲉⲩϣⲁⲛⲥⲫⲣⲁⲅⲓⲍⲉ"/>
		<feat xlink:href="#sSpan3928" value="ⲙ̄ⲡⲟⲉⲓⲕ"/>
		<feat xlink:href="#sSpan3937" value="ⲙ︤ⲛ︥ⲡⲡⲟⲧⲏⲣⲓⲟⲛ"/>
		<feat xlink:href="#sSpan3948" value="ϩⲓϫⲛ̄ⲧⲉⲧⲣⲁⲡⲉⲍⲁ"/>
		<feat xlink:href="#sSpan3959" value="ⲉ̄ⲧⲟⲩⲁⲁⲃ"/>
		<feat xlink:href="#sSpan3966" value="·"/>
		<feat xlink:href="#sSpan3970" value="ⲁⲩⲱ"/>
		<feat xlink:href="#sSpan3974" value="ⲛ̄ⲥⲉⲉⲡⲓⲧⲉⲗⲉⲓ"/>
		<feat xlink:href="#sSpan3984" value="ⲉ̄ϫⲱⲟⲩ"/>
		<feat xlink:href="#sSpan3991" value="ⲟⲩⲕ"/>
		<feat xlink:href="#sSpan3997" value="ⲉⲧⲉⲓ"/>
		<feat xlink:href="#sSpan4001" value="ⲛⲟⲩⲟ̄ⲉⲓⲕ"/>
		<feat xlink:href="#sSpan4010" value="ⲁⲛ"/>
		<feat xlink:href="#sSpan4015" value="ⲡⲉ"/>
		<feat xlink:href="#sSpan4019" value="·"/>
		<feat xlink:href="#sSpan4023" value="ⲙ︤ⲛ︥ⲟⲩⲏⲣ︤ⲡ︥"/>
		<feat xlink:href="#sSpan4032" value="ⲛ̄ⲕⲉⲥⲟⲡ"/>
		<feat xlink:href="#sSpan4042" value="·"/>
		<feat xlink:href="#sSpan4047" value="ⲁⲗⲗⲁ"/>
		<feat xlink:href="#sSpan4052" value="ⲟⲩⲥⲱⲙⲁ"/>
		<feat xlink:href="#sSpan4060" value="ⲡⲉ"/>
		<feat xlink:href="#sSpan4064" value="ⲙⲛ̄ⲟⲩⲥ̄ⲛⲟϥ"/>
		<feat xlink:href="#sSpan4074" value="ⲉϥⲟⲩⲁⲁⲃ"/>
		<feat xlink:href="#sSpan4082" value="·"/>
		<feat xlink:href="#sSpan4087" value="ⲡⲉⲥ̄ⳁⲟ︤ⲥ︥"/>
		<feat xlink:href="#sSpan4098" value="ⲡⲉ"/>
		<feat xlink:href="#sSpan4102" value="ⲥⲟⲗⲥⲗ"/>
		<feat xlink:href="#sSpan4108" value="ⲛ̄ⲛⲉⲧϩ︤ⲛ︥ϩⲉⲛⲗⲩⲡⲏ"/>
		<feat xlink:href="#sSpan4125" value="ⲉⲧⲃⲉⲛⲉⲩⲛⲟⲃⲉ"/>
		<feat xlink:href="#sSpan4134" value="·"/>
		<feat xlink:href="#sSpan4139" value="ⲡⲉⲥ̄ⳁⲟ︤ⲥ︥"/>
		<feat xlink:href="#sSpan4150" value="ⲡⲉ"/>
		<feat xlink:href="#sSpan4154" value="ⲧⲉϩⲓⲏ̄"/>
		<feat xlink:href="#sSpan4161" value="ⲉⲧⲥⲟⲩⲧⲱⲛ"/>
		<feat xlink:href="#sSpan4168" value="·"/>
		<feat xlink:href="#sSpan4173" value="ϩⲟⲧⲁⲛ"/>
		<feat xlink:href="#sSpan4177" value="ⲉⲩϣⲁⲛⲣ̄ϣⲙⲙⲟ"/>
		<feat xlink:href="#sSpan4186" value="ⲙⲉⲩⲥⲱⲣⲙ̄"/>
		<feat xlink:href="#sSpan4195" value="ⲛ̄ϭⲓⲛⲉⲧⲙⲟⲟϣⲉ"/>
		<feat xlink:href="#sSpan4207" value="ⲛ̄ϩⲏⲧϥ"/>
		<feat xlink:href="#sSpan4213" value="·"/>
		<feat xlink:href="#sSpan4218" value="ⲡⲉⲥ̄ⳁⲟ︤ⲥ︥"/>
		<feat xlink:href="#sSpan4229" value="ⲡⲉ"/>
		<feat xlink:href="#sSpan4233" value="ⲡⲡⲩⲣⲅⲟⲥ"/>
		<feat xlink:href="#sSpan4242" value="ⲉϥϫⲟⲥⲉ"/>
		<feat xlink:href="#sSpan4250" value="ⲉϣⲁϥϣⲱⲡ"/>
		<feat xlink:href="#sSpan4262" value="ⲉ̄ⲣⲟϥ"/>
		<feat xlink:href="#sSpan4268" value="ⲛ̄ⲛⲉⲧⲡⲏⲧ"/>
		<feat xlink:href="#sSpan4280" value="ⲉ̄ⲣⲁⲧϥ"/>
		<feat xlink:href="#sSpan4286" value="·"/>
		<feat xlink:href="#sSpan4291" value="ⲡⲉⲥ̄ⳁⲟ︤ⲥ︥"/>
		<feat xlink:href="#sSpan4302" value="ⲡⲉ"/>
		<feat xlink:href="#sSpan4306" value="ⲧⲉϭⲗⲟⲟϭⲉ"/>
		<feat xlink:href="#sSpan4313" value="ⲛ̄ⲣⲉϥϫⲓⲣⲱⲙⲉ"/>
		<feat xlink:href="#sSpan4324" value="ⲉϩⲣⲁⲓ̈"/>
		<feat xlink:href="#sSpan4329" value="ⲉⲧⲡⲉ"/>
		<feat xlink:href="#sSpan4338" value="·"/>
		<feat xlink:href="#sSpan4343" value="ⲡⲉⲥ̄ⳁⲟ︤ⲥ︥"/>
		<feat xlink:href="#sSpan4354" value="ⲡⲉ"/>
		<feat xlink:href="#sSpan4358" value="ⲑⲃⲥⲱ"/>
		<feat xlink:href="#sSpan4366" value="ⲉϣⲁⲣⲉⲛⲉⲭⲣⲏⲥⲧⲓⲁⲛⲟⲥ"/>
		<feat xlink:href="#sSpan4380" value="ⲫⲱⲣⲉⲓ"/>
		<feat xlink:href="#sSpan4384" value="ⲙⲙⲟⲥ"/>
		<feat xlink:href="#sSpan4391" value="·"/>
		<feat xlink:href="#sSpan4395" value="ⲡⲉⲥ̄ⳁⲟ︤ⲥ︥"/>
		<feat xlink:href="#sSpan4407" value="ⲡⲉ"/>
		<feat xlink:href="#sSpan4411" value="ⲡⲃⲟⲏ̄ⲑⲟⲥ"/>
		<feat xlink:href="#sSpan4420" value="ⲛ̄ⲛⲉⲉ̄ⲃⲓⲏⲛ"/>
		<feat xlink:href="#sSpan4429" value="·"/>
		<feat xlink:href="#sSpan4433" value="ⲁⲩⲱ"/>
		<feat xlink:href="#sSpan4438" value="ⲉⲧⲃⲟⲏⲑⲓⲁ"/>
		<feat xlink:href="#sSpan4448" value="ⲉ̄ⲛⲉⲧϩⲏϣ"/>
		<feat xlink:href="#sSpan4460" value="·"/>
		<feat xlink:href="#sSpan4465" value="ⲡⲉⲥ̄ⳁⲟ︤ⲥ︥"/>
		<feat xlink:href="#sSpan4476" value="ⲡⲉ"/>
		<feat xlink:href="#sSpan4480" value="ⲛⲧⲁϥϣⲟⲣϣ︤ⲣ︥"/>
		<feat xlink:href="#sSpan4491" value="ⲙ̄ⲡⲣ̄ⲡⲉ"/>
		<feat xlink:href="#sSpan4500" value="ⲛ̄ⲛⲓ̈ⲟⲩⲇⲁⲓ̈"/>
		<feat xlink:href="#sSpan4511" value="·"/>
		<feat xlink:href="#sSpan4515" value="ⲁϥⲧⲣⲉⲩⲟⲩⲱⲛ"/>
		<feat xlink:href="#sSpan4528" value="ⲛ̄ⲧⲉⲕⲕⲗⲏⲥⲓⲁ"/>
		<feat xlink:href="#sSpan4539" value="·"/>
		<feat xlink:href="#sSpan4543" value="ⲁϥⲥⲧⲉⲫⲁⲛⲟⲩ"/>
		<feat xlink:href="#sSpan4553" value="ⲙⲙⲟⲥ"/>
		<feat xlink:href="#sSpan4559" value="·"/>
		<feat xlink:href="#sSpan4564" value="ⲡⲉⲥ̄ⳁⲟ︤ⲥ︥"/>
		<feat xlink:href="#sSpan4575" value="ⲁϥϣⲟⲣϣ︤ⲣ︥"/>
		<feat xlink:href="#sSpan4584" value="ⲛ̄ⲛ̄ⲇⲁⲓⲙⲟⲛⲓⲟⲛ"/>
		<feat xlink:href="#sSpan4595" value="ⲁϥⲛⲁϫⲟⲩ"/>
		<feat xlink:href="#sSpan4605" value="ⲉⲃⲟⲗ"/>
		<feat xlink:href="#sSpan4610" value="ϩⲛ̄ⲟⲩϩⲟⲧⲉ"/>
		<feat xlink:href="#sSpan4620" value="·"/>
		<feat xlink:href="#sSpan4625" value="ⲡⲉⲥ̄ⳁⲟ︤ⲥ︥"/>
		<feat xlink:href="#sSpan4636" value="ⲡⲉ"/>
		<feat xlink:href="#sSpan4640" value="ⲡⲉⲥⲙⲓ̈ⲛⲉ"/>
		<feat xlink:href="#sSpan4648" value="ⲛ̄ⲛⲉⲉϫⲏⲩ"/>
		<feat xlink:href="#sSpan4657" value="ⲉ̄ⲧⲣ̄ϩⲱⲧ"/>
		<feat xlink:href="#sSpan4666" value="ϩⲛ̄ⲟⲩⲙⲛ̄ⲧⲥⲁⲓ̈ⲉ"/>
		<feat xlink:href="#sSpan4678" value="·"/>
		<feat xlink:href="#sSpan4683" value="ⲡⲉⲥ̄ⳁⲟ︤ⲥ︥"/>
		<feat xlink:href="#sSpan4694" value="ⲡⲉ"/>
		<feat xlink:href="#sSpan4698" value="ⲡⲉⲥⲙⲓ̈ⲛⲉ"/>
		<feat xlink:href="#sSpan4706" value="ⲛⲛⲉⲟⲩⲏⲏⲃ"/>
		<feat xlink:href="#sSpan4715" value="ⲉⲧϩ︤ⲙ︥ⲡⲏⲓ̈"/>
		<feat xlink:href="#sSpan4727" value="ⲙⲡⲛⲟⲩⲧⲉ"/>
		<feat xlink:href="#sSpan4737" value="ϩⲛ̄ⲟⲩⲙ︤ⲛ︥ⲧⲥⲁⲃⲉ"/>
		<feat xlink:href="#sSpan4748" value="·"/>
		<feat xlink:href="#sSpan4753" value="ⲡⲉⲥ̄ⳁⲟ︤ⲥ︥"/>
		<feat xlink:href="#sSpan4764" value="ⲡⲉ"/>
		<feat xlink:href="#sSpan4768" value="ⲡⲉⲕⲣⲓⲧⲏⲥ"/>
		<feat xlink:href="#sSpan4777" value="ⲛ̄ⲛⲁⲧⲡⲱⲱⲛⲉ"/>
		<feat xlink:href="#sSpan4789" value="ⲛⲛⲁⲡⲟⲥⲧⲟⲗⲟⲥ"/>
		<feat xlink:href="#sSpan4800" value="·"/></featList></paula>