<?xml version='1.0' encoding='UTF-8'?><!DOCTYPE paula SYSTEM "paula_feat.dtd">
<paula version="1.1">
	<header paula_id="scriptorium.cross.michbr291-294.mark_text"/>
	<featList xmlns:xlink="http://www.w3.org/1999/xlink" type="text" xml:base="scriptorium.cross.michbr291-294.mark.xml">
		<feat xlink:href="#sSpan3" value="ⲕⲉ ⲥⲛⲏⲩ"/>
		<feat xlink:href="#sSpan24" value="ⲛⲁⲓ ⲛⲧ ⲁ ⲡ ⲕⲁϩ ⲟⲩⲱⲛ ⲉⲣⲱ ϥ"/>
		<feat xlink:href="#sSpan37" value="ⲡ ⲕⲁϩ"/>
		<feat xlink:href="#sSpan69" value="ⲇⲁⲑⲁⲛ"/>
		<feat xlink:href="#sSpan86" value="ⲁⲃⲓⲣⲱⲛ"/>
		<feat xlink:href="#sSpan97" value="ⲛ ϣⲏⲣⲉ ⲛ ⲕⲟⲣⲉ"/>
		<feat xlink:href="#sSpan108" value="ⲕⲟⲣⲉ"/>
		<feat xlink:href="#sSpan118" value="ⲛⲁⲓ ⲛⲧ ⲁ ⲩ ⲧⲱⲟⲩⲛ ⲉϫⲙ ⲙⲱⲩⲥⲏⲥ ϩⲛ ⲧ ⲉⲣⲏⲙⲟⲥ"/>
		<feat xlink:href="#sSpan137" value="ⲙⲱⲩⲥⲏⲥ"/>
		<feat xlink:href="#sSpan144" value="ⲧ ⲉⲣⲏⲙⲟⲥ"/>
		<feat xlink:href="#sSpan172" value="ϭⲉ ⲟⲛ ⲉϩⲣⲁⲓ ⲉϫⲙ ⲡ ⲙⲉⲅⲉⲑⲟⲥ . ⲙ ⲡⲉⲓ ⲁϩⲟⲣⲁⲧⲟⲛ ⲥⲧⲁⲩⲣⲟⲥ"/>
		<feat xlink:href="#sSpan202" value="ⲡⲉⲓ ⲁϩⲟⲣⲁⲧⲟⲛ ⲥⲧⲁⲩⲣⲟⲥ"/>
		<feat xlink:href="#sSpan255" value="ⲛⲉ ⲡⲣⲟⲫⲏⲧⲉⲓⲁ ⲛ ⲛⲉ ⲡⲣⲟⲫⲏⲧⲏⲥ"/>
		<feat xlink:href="#sSpan266" value="ⲛⲉ ⲡⲣⲟⲫⲏⲧⲏⲥ"/>
		<feat xlink:href="#sSpan300" value="ⲧ ⲁⲣⲭⲏ ϣⲁ ⲧ ϩⲁⲏ"/>
		<feat xlink:href="#sSpan311" value="ⲧ ϩⲁⲏ"/>
		<feat xlink:href="#sSpan340" value="ⲛ ⲁⲕⲣⲱⲁⲧⲏⲥ"/>
		<feat xlink:href="#sSpan366" value="ⲛⲉⲧⲛ ⲁⲓⲥⲑⲏⲧⲏⲣⲓⲟⲛ"/>
		<feat xlink:href="#sSpan388" value="ⲟⲩ ⲉⲍⲉⲭⲓⲁ"/>
		<feat xlink:href="#sSpan421" value="ⲡ ⲛⲟϭ ⲛ ⲑⲏⲥⲁⲩⲣⲟⲥ ⲉⲧ ⲟⲩⲁⲁⲃ"/>
		<feat xlink:href="#sSpan463" value="ⲛ ⲕⲟⲥⲙⲏⲥⲓⲥ ⲙ ⲡⲛⲉⲩⲙⲁⲧⲓⲕⲟⲛ"/>
		<feat xlink:href="#sSpan475" value="ⲡⲛⲉⲩⲙⲁⲧⲓⲕⲟⲛ"/>
		<feat xlink:href="#sSpan492" value="ⲛ ⲯⲩⲭⲟⲟⲩⲉ ⲛ ⲛ ⲙⲁⲓⲗⲟⲅⲟⲥ"/>
		<feat xlink:href="#sSpan503" value="ⲛ ⲙⲁⲓⲗⲟⲅⲟⲥ"/>
		<feat xlink:href="#sSpan525" value="ⲛⲁⲓ"/>
		<feat xlink:href="#sSpan534" value="ⲡ ⲙⲁⲓⲛⲟⲩⲧⲉ"/>
		<feat xlink:href="#sSpan550" value="ⲡ ⲙⲁⲓⲗⲟⲅⲟⲥ"/>
		<feat xlink:href="#sSpan571" value="ⲡ ⲣⲉϥϣⲱⲡ ⲉⲣⲟ ϥ ⲛ ⲛ ⲁⲅⲅⲉⲗⲟⲥ . ⲉⲧⲉ ⲡⲁⲓ ⲡⲉ ⲁⲃⲣⲁϩⲁⲙ ⲡⲉ ϣⲃⲏⲣ ⲙ ⲡ ⲛⲟⲩⲧⲉ"/>
		<feat xlink:href="#sSpan589" value="ⲛ ⲁⲅⲅⲉⲗⲟⲥ"/>
		<feat xlink:href="#sSpan604" value="ⲡⲁⲓ"/>
		<feat xlink:href="#sSpan615" value="ⲁⲃⲣⲁϩⲁⲙ ⲡⲉ ϣⲃⲏⲣ ⲙ ⲡ ⲛⲟⲩⲧⲉ"/>
		<feat xlink:href="#sSpan629" value="ⲡ ⲛⲟⲩⲧⲉ"/>
		<feat xlink:href="#sSpan666" value="ⲡ ⲧⲩⲡⲟⲥ ⲙ ⲡⲉⲓ ϣⲏⲛ"/>
		<feat xlink:href="#sSpan676" value="ⲡⲉⲓ ϣⲏⲛ"/>
		<feat xlink:href="#sSpan687" value="ⲥⲁⲃⲉⲕ ⲉⲣⲉ ⲡⲉⲓ ⲟⲉⲓⲗⲉ ⲙⲏⲣ ⲉⲣⲟ ϥ"/>
		<feat xlink:href="#sSpan695" value="ⲡⲉⲓ ⲟⲉⲓⲗⲉ"/>
		<feat xlink:href="#sSpan715" value="ⲧ ϩⲉⲣⲙⲏⲛⲉⲓⲁ"/>
		<feat xlink:href="#sSpan729" value="ⲛ ⲥⲁⲃⲉⲕ"/>
		<feat xlink:href="#sSpan743" value="ⲡ ⲙⲁ ⲛ ⲙⲧⲟⲛ ⲙ ⲡ ⲣⲉϥⲥⲱⲧⲉ . ⲉⲧⲉ ⲡⲁⲓ ⲡⲉ ⲡ ϣⲉ ⲙ ⲡⲉ ⲥⲧⲁⲩⲣⲟⲥ . ⲛⲧ ⲁ ⲡⲉ ϩⲓⲉⲓⲃ ⲙ ⲡ ⲛⲟⲩⲧⲉ ⲁⲗⲉ ⲉϩⲣⲁⲓ ⲉϫⲱ ϥ ϩⲛ ⲟⲩ ⲛⲟϭ ⲙ ⲙⲛⲧⲗⲁⲙⲡⲣⲟⲥ"/>
		<feat xlink:href="#sSpan753" value="ⲙⲧⲟⲛ ⲙ ⲡ ⲣⲉϥⲥⲱⲧⲉ"/>
		<feat xlink:href="#sSpan760" value="ⲡ ⲣⲉϥⲥⲱⲧⲉ"/>
		<feat xlink:href="#sSpan777" value="ⲡⲁⲓ"/>
		<feat xlink:href="#sSpan786" value="ⲡ ϣⲉ ⲙ ⲡⲉ ⲥⲧⲁⲩⲣⲟⲥ"/>
		<feat xlink:href="#sSpan796" value="ⲡⲉ ⲥⲧⲁⲩⲣⲟⲥ"/>
		<feat xlink:href="#sSpan813" value="ⲡⲉ ϩⲓⲉⲓⲃ ⲙ ⲡ ⲛⲟⲩⲧⲉ"/>
		<feat xlink:href="#sSpan822" value="ⲡ ⲛⲟⲩⲧⲉ"/>
		<feat xlink:href="#sSpan848" value="ⲟⲩ ⲛⲟϭ ⲙ ⲙⲛⲧⲗⲁⲙⲡⲣⲟⲥ"/>
		<feat xlink:href="#sSpan886" value="ⲧ ⲟⲓⲕⲟⲛⲟⲙⲓⲁ ⲉⲧ ⲙⲉϩ ⲛ ⲟⲩϫⲁⲓ"/>
		<feat xlink:href="#sSpan904" value="ⲟⲩϫⲁⲓ"/>
		<feat xlink:href="#sSpan955" value="ⲟⲩ ⲣⲱⲙⲉ"/>
		<feat xlink:href="#sSpan985" value="ⲧⲉϥ ⲥⲱϣⲉ"/>
		<feat xlink:href="#sSpan1020" value="ⲡⲉϥ ⲙⲁ ⲛ ⲛⲕⲟⲧⲕ"/>
		<feat xlink:href="#sSpan1030" value="ⲛⲕⲟⲧⲕ"/>
		<feat xlink:href="#sSpan1054" value="ⲡⲉϥ ϩⲓⲥⲉ"/>
		<feat xlink:href="#sSpan1063" value="ⲧⲁⲓ"/>
		<feat xlink:href="#sSpan1088" value="ⲡ ⲥⲱⲧⲏⲣ"/>
		<feat xlink:href="#sSpan1133" value="ⲡⲉϥ ⲙⲁⲛⲕⲟⲧⲕ ⲉⲧⲉ ⲡⲉ ⲥⲧⲁⲩⲣⲟⲥ ⲙ ⲙⲉ ⲡⲉ"/>
		<feat xlink:href="#sSpan1145" value="ⲡⲉ ⲥⲧⲁⲩⲣⲟⲥ ⲙ ⲙⲉ"/>
		<feat xlink:href="#sSpan1200" value="ⲧ ⲙⲛⲧⲣⲱⲙⲉ ⲧⲏⲣ ⲥ"/>
		<feat xlink:href="#sSpan1334" value="ϣⲟⲛⲧⲉ"/>
		<feat xlink:href="#sSpan1385" value="ⲡⲉϥ ϩⲟ"/>
		<feat xlink:href="#sSpan1435" value="ⲟⲩ ϩⲙϫ"/>
		<feat xlink:href="#sSpan1453" value="ⲥⲓϣⲉ"/>
		<feat xlink:href="#sSpan1485" value="ⲛ ⲉⲧ ⲛⲟϭⲛⲉϭ ⲙⲙⲟ ϥ"/>
		<feat xlink:href="#sSpan1534" value="ⲛⲉϥ ϩⲟⲓⲧⲉ"/>
		<feat xlink:href="#sSpan1588" value="ⲧ ⲙⲉ"/>
		<feat xlink:href="#sSpan1638" value="ⲡ ⲛⲁⲩ ⲅⲁⲣ ⲉⲧ ⲟⲩ ⲉⲓⲣⲉ ⲛ ⲛⲁⲓ ⲧⲏⲣ ⲟⲩ ⲛⲁ ϥ"/>
		<feat xlink:href="#sSpan1662" value="ⲛⲁⲓ ⲧⲏⲣ ⲟⲩ"/>
		<feat xlink:href="#sSpan1694" value="ⲛⲉϥ ⲃⲁⲗ"/>
		<feat xlink:href="#sSpan1708" value="ⲡⲉϥ ⲉⲓⲱⲧ"/>
		<feat xlink:href="#sSpan1741" value="ⲡⲁ ⲉⲓⲱⲧ"/>
		<feat xlink:href="#sSpan1781" value="ⲡ ⲉⲧ ⲟⲩ ⲉⲓⲣⲉ ⲙⲙⲟ ϥ"/>
		<feat xlink:href="#sSpan1829" value="ⲡ ⲉⲓⲱⲧ"/>
		<feat xlink:href="#sSpan1867" value="ⲡ ⲛⲁⲩ ⲉⲧ ⲙⲙⲁⲩ"/>
		<feat xlink:href="#sSpan1890" value="ⲛⲉϥ ⲙⲛⲧϣⲁⲛϩⲧⲏϥ"/>
		<feat xlink:href="#sSpan1937" value="ⲧ ⲟⲣⲅⲏ ⲛ ⲁⲧⲧⲁⲗϭⲟ"/>
		<feat xlink:href="#sSpan1949" value="ⲁⲧⲧⲁⲗϭⲟ"/>
		<feat xlink:href="#sSpan1965" value="ⲧⲉ ⲥⲙⲏ ⲙ ⲡⲉϥ ⲙⲟⲛⲟⲅⲉⲛⲏⲥ"/>
		<feat xlink:href="#sSpan1974" value="ⲡⲉϥ ⲙⲟⲛⲟⲅⲉⲛⲏⲥ"/>
		<feat xlink:href="#sSpan1998" value="ⲧⲱϩⲙ ⲛ ⲧⲉϥ ⲙⲛⲧϣⲁⲛϩⲧⲏϥ"/>
		<feat xlink:href="#sSpan2006" value="ⲧⲉϥ ⲙⲛⲧϣⲁⲛϩⲧⲏϥ"/>
		<feat xlink:href="#sSpan2029" value="ⲧⲉϥ ⲟⲣⲅⲏ"/>
		<feat xlink:href="#sSpan2040" value="ⲡⲉϥ ϭⲱⲛⲧ"/>
		<feat xlink:href="#sSpan2076" value="ⲟⲩ ⲁⲅⲅⲉⲗⲟⲥ ⲛ ϫⲱⲱⲣⲉ"/>
		<feat xlink:href="#sSpan2106" value="ⲡ ⲕⲁⲧⲁⲡⲉⲧⲁⲥⲙⲁ ⲙ ⲡ ⲣⲡⲉ"/>
		<feat xlink:href="#sSpan2117" value="ⲡ ⲣⲡⲉ"/>
		<feat xlink:href="#sSpan2144" value="ⲡ ⲕⲁϩ"/>
		<feat xlink:href="#sSpan2162" value="ⲙ ⲡⲉⲧⲣⲁ"/>
		<feat xlink:href="#sSpan2181" value="ⲡ ⲣⲏ"/>
		<feat xlink:href="#sSpan2195" value="ⲡⲉⲓ ⲛⲟϭ ⲛ ⲣⲉϥⲣⲟⲩⲟⲉⲓⲛ"/>
		<feat xlink:href="#sSpan2221" value="ⲡ ⲕⲁϩ ⲧⲏⲣ ϥ"/>
		<feat xlink:href="#sSpan2256" value="ⲡⲉϥ ⲥⲱⲙⲁ ⲉⲧ ⲟⲩⲁⲁⲃ"/>
		<feat xlink:href="#sSpan2273" value="ⲡⲉ ⲥⲧⲁⲩⲣⲟⲥ"/>
		<feat xlink:href="#sSpan2311" value="ⲛⲉϥ ϩⲟⲓⲧⲉ"/>
		<feat xlink:href="#sSpan2357" value="ⲙⲉⲣⲁⲧⲉ"/>
		<feat xlink:href="#sSpan2373" value="ⲧ ⲙⲛⲧϣⲁⲛϩⲧⲏϥ ⲙ ⲡ ⲛⲟⲩⲧⲉ"/>
		<feat xlink:href="#sSpan2389" value="ⲡ ⲛⲟⲩⲧⲉ"/>
		<feat xlink:href="#sSpan2400" value="ⲡ ⲉⲧ ϯϩⲃⲥⲱ ϩⲓⲱⲱ ϥ ⲙ ⲡ ⲥⲱⲛⲧ ⲧⲏⲣ ϥ"/>
		<feat xlink:href="#sSpan2420" value="ⲡ ⲥⲱⲛⲧ ⲧⲏⲣ ϥ"/>
		<feat xlink:href="#sSpan2458" value="ⲛⲉϥ ϩⲟⲓⲧⲉ ϩⲓϫⲙ ⲡⲉ ⲥⲧⲁⲩⲣⲟⲥ"/>
		<feat xlink:href="#sSpan2468" value="ⲡⲉ ⲥⲧⲁⲩⲣⲟⲥ"/>
		<feat xlink:href="#sSpan2480" value="ⲡ ⲣⲏ"/>
		<feat xlink:href="#sSpan2495" value="ⲡⲉϥ ϫⲟⲉⲓⲥ"/>
		<feat xlink:href="#sSpan2506" value="ⲡ ⲕⲁⲕⲉ ⲛⲧ ⲁ ϥ ϣⲱⲡⲉ"/>
		<feat xlink:href="#sSpan2532" value="ⲛⲉⲩ ⲛⲟϭ ⲙ ⲙⲩⲥⲧⲏⲣⲓⲟⲛ ⲛⲧ ⲁ ϥ ϣⲱⲡⲉ ϩⲓϫⲙ ⲡⲉ ⲥⲧⲁⲩⲣⲟⲥ"/>
		<feat xlink:href="#sSpan2560" value="ⲡⲉ ⲥⲧⲁⲩⲣⲟⲥ"/>
		<feat xlink:href="#sSpan2593" value="ⲡ ⲉⲛⲧ ⲁ ϥ ⲙⲡϣⲁ"/>
		<feat xlink:href="#sSpan2629" value="ⲡ ϫⲱⲕ ⲧⲏⲣ ϥ ⲛ ⲧⲉϥ ⲙⲛⲧⲛⲟⲩⲧⲉ"/>
		<feat xlink:href="#sSpan2645" value="ⲧⲉϥ ⲙⲛⲧⲛⲟⲩⲧⲉ"/>
		<feat xlink:href="#sSpan2661" value="ⲡ ⲛⲁⲩ ⲉⲧ ⲙⲙⲁⲩ"/>
		<feat xlink:href="#sSpan2740" value="ⲡ ⲗⲏⲥⲧⲏⲥ"/>
		<feat xlink:href="#sSpan2769" value="ⲡ ϫⲓⲥⲉ ⲙ ⲡⲉ ⲥⲧⲁⲩⲣⲟⲥ"/>
		<feat xlink:href="#sSpan2778" value="ⲡⲉ ⲥⲧⲁⲩⲣⲟⲥ"/>
		<feat xlink:href="#sSpan2798" value="ϩⲱⲃ ⲛⲓⲙ ⲛⲧ ⲁ ⲩ ϣⲱⲡⲉ"/>
		<feat xlink:href="#sSpan2894" value="ⲧⲉ ⲥⲧⲣⲁⲧⲓⲁ ⲛ ⲛ ⲁⲅⲅⲉⲗⲟⲥ"/>
		<feat xlink:href="#sSpan2904" value="ⲛ ⲁⲅⲅⲉⲗⲟⲥ"/>
		<feat xlink:href="#sSpan2923" value="ⲡⲉ ⲥⲧⲁⲩⲣⲟⲥ"/>
		<feat xlink:href="#sSpan2951" value="ⲡ ⲉⲓⲱⲧ"/>
		<feat xlink:href="#sSpan2975" value="ⲧ ⲡⲉ"/>
		<feat xlink:href="#sSpan2998" value="ⲡⲉϥ ϣⲏⲣⲉ ⲡⲉϥ ⲙⲟⲛⲟⲅⲉⲛⲏⲥ"/>
		<feat xlink:href="#sSpan3038" value="ⲡ ⲁⲏⲣ ⲧⲏⲣ ϥ"/>
		<feat xlink:href="#sSpan3062" value="ⲡ ⲕⲁϩ ⲧⲏⲣ ϥ ⲉ ϣⲗⲟⲩⲗⲁⲓ"/>
		<feat xlink:href="#sSpan3077" value="ϣⲗⲟⲩⲗⲁⲓ"/>
		<feat xlink:href="#sSpan3092" value="ⲡⲉϥ ⲣⲣⲟ"/>
		<feat xlink:href="#sSpan3106" value="ⲡⲉϥ ⲥⲛⲟϥ"/>
		<feat xlink:href="#sSpan3128" value="ⲛ ϣⲏⲛ ⲧⲏⲣ ⲟⲩ"/>
		<feat xlink:href="#sSpan3146" value="ⲧⲁⲩⲉϩⲣⲏⲣⲉ ⲉⲃⲟⲗ"/>
		<feat xlink:href="#sSpan3163" value="ⲡ ϫⲟⲉⲓⲥ"/>
		<feat xlink:href="#sSpan3177" value="ⲡ ϣⲉ ⲙ ⲡⲉ ⲥⲧⲁⲩⲣⲟⲥ"/>
		<feat xlink:href="#sSpan3187" value="ⲡⲉ ⲥⲧⲁⲩⲣⲟⲥ"/>
		<feat xlink:href="#sSpan3199" value="ⲡ ϣⲉ ⲛ ⲧ ⲁⲫⲑⲁⲣⲥⲓⲁ"/>
		<feat xlink:href="#sSpan3213" value="ⲧ ⲁⲫⲑⲁⲣⲥⲓⲁ"/>
		<feat xlink:href="#sSpan3225" value="ⲡ ϣⲉ ⲛ ⲕⲁⲛⲟⲃⲉ ⲉⲃⲟⲗ"/>
		<feat xlink:href="#sSpan3239" value="ⲕⲁⲛⲟⲃⲉ"/>
		<feat xlink:href="#sSpan3253" value="ⲡ ϣⲉ ⲛ ⲣⲉϥⲧⲁⲗϭⲟ"/>
		<feat xlink:href="#sSpan3267" value="ⲣⲉϥⲧⲁⲗϭⲟ"/>
		<feat xlink:href="#sSpan3277" value="ⲡ ϣⲉ ⲛ ⲣⲉϥϯⲱⲛϩ"/>
		<feat xlink:href="#sSpan3291" value="ⲣⲉϥϯⲱⲛϩ"/>
		<feat xlink:href="#sSpan3302" value="ⲡ ϣⲉ ⲛ ⲣⲉϥϯⲕⲁⲣⲡⲟⲥ"/>
		<feat xlink:href="#sSpan3316" value="ⲣⲉϥϯⲕⲁⲣⲡⲟⲥ"/>
		<feat xlink:href="#sSpan3328" value="ⲡ ϣⲉ ⲙ ⲡⲉ ⲙⲧⲟⲛ"/>
		<feat xlink:href="#sSpan3341" value="ⲡⲉ ⲙⲧⲟⲛ"/>
		<feat xlink:href="#sSpan3352" value="ⲡ ϣⲉ ⲙ ⲡ ⲟⲩⲛⲟϥ"/>
		<feat xlink:href="#sSpan3365" value="ⲡ ⲟⲩⲛⲟϥ"/>
		<feat xlink:href="#sSpan3376" value="ⲡ ϣⲉ ⲙ ⲡ ⲣⲁϣⲉ"/>
		<feat xlink:href="#sSpan3389" value="ⲡ ⲣⲁϣⲉ"/>
		<feat xlink:href="#sSpan3400" value="ⲡ ϣⲉ ⲙ ⲡ ⲟⲩϫⲁⲓ"/>
		<feat xlink:href="#sSpan3413" value="ⲡ ⲟⲩϫⲁⲓ"/>
		<feat xlink:href="#sSpan3424" value="ⲡ ϣⲉ ⲙ ⲡⲉ ⲥⲙⲟⲩ"/>
		<feat xlink:href="#sSpan3437" value="ⲡⲉ ⲥⲙⲟⲩ"/>
		<feat xlink:href="#sSpan3448" value="ⲡ ϣⲉ ⲙ ⲡ ⲱⲛϩ"/>
		<feat xlink:href="#sSpan3461" value="ⲡ ⲱⲛϩ"/>
		<feat xlink:href="#sSpan3473" value="ⲡ ϣⲉ ⲛ ⲧⲉ ⲭⲁⲣⲓⲥ ⲙ ⲡⲉⲛ ϫⲟⲉⲓⲥ ⲓⲏⲥⲟⲩⲥ ⲡⲉ ⲭⲣⲓⲥⲧⲟⲥ"/>
		<feat xlink:href="#sSpan3485" value="ⲧⲉ ⲭⲁⲣⲓⲥ ⲙ ⲡⲉⲛ ϫⲟⲉⲓⲥ ⲓⲏⲥⲟⲩⲥ"/>
		<feat xlink:href="#sSpan3495" value="ⲡⲉⲛ ϫⲟⲉⲓⲥ ⲓⲏⲥⲟⲩⲥ"/>
		<feat xlink:href="#sSpan3520" value="ⲡ ⲉⲛⲧ ⲁ ⲩ ⲁϣⲧ ϥ ϩⲓϫⲙ ⲡ ϣⲉ ⲙ ⲡⲉ ⲥⲧⲁⲩⲣⲟⲥ"/>
		<feat xlink:href="#sSpan3541" value="ⲡ ϣⲉ ⲙ ⲡⲉ ⲥⲧⲁⲩⲣⲟⲥ"/>
		<feat xlink:href="#sSpan3550" value="ⲡⲉ ⲥⲧⲁⲩⲣⲟⲥ"/>
		<feat xlink:href="#sSpan3577" value="ⲡ ⲥⲱⲛⲧ ⲧⲏⲣ ϥ"/>
		<feat xlink:href="#sSpan3621" value="ⲡⲉ ⲡⲣⲟⲥⲱⲡⲟⲛ ⲙ ⲡⲉ ⲥⲧⲁⲩⲣⲟⲥ"/>
		<feat xlink:href="#sSpan3631" value="ⲡⲉ ⲥⲧⲁⲩⲣⲟⲥ"/>
		<feat xlink:href="#sSpan3644" value="ⲡ ⲉⲧⲉ ϣⲁ ϥ ⲣ ⲡ ⲣⲱⲙⲉ ⲛ ⲃⲣⲣⲉ ⲛ ⲕⲉ ⲥⲟⲡ . ⲙⲛⲛⲥⲁ ⲛ ⲥⲉ ⲣⲁⲥ"/>
		<feat xlink:href="#sSpan3660" value="ⲡ ⲣⲱⲙⲉ ⲛ ⲃⲣⲣⲉ ⲛ ⲕⲉ ⲥⲟⲡ"/>
		<feat xlink:href="#sSpan3675" value="ⲕⲉ ⲥⲟⲡ"/>
		<feat xlink:href="#sSpan3727" value="ⲡ ⲃⲁⲡⲧⲓⲥⲙⲁ ⲉⲧ ⲟⲩⲁⲁⲃ"/>
		<feat xlink:href="#sSpan3760" value="ⲡ ⲛⲉϩ"/>
		<feat xlink:href="#sSpan3770" value="ⲧⲉ ⲥⲫⲣⲁⲅⲓⲥ ⲙ ⲡⲉ ⲭⲣⲓⲥⲧⲟⲥ"/>
		<feat xlink:href="#sSpan3781" value="ⲡⲉ ⲭⲣⲓⲥⲧⲟⲥ"/>
		<feat xlink:href="#sSpan3791" value="ⲡⲉ ⲥⲧⲁⲩⲣⲟⲥ"/>
		<feat xlink:href="#sSpan3821" value="ⲡ ⲣⲱⲙⲉ"/>
		<feat xlink:href="#sSpan3840" value="ⲛ ⲉⲛⲉⲣⲅⲉⲓⲁ"/>
		<feat xlink:href="#sSpan3874" value="ⲡⲉ ⲥⲧⲁⲩⲣⲟⲥ"/>
		<feat xlink:href="#sSpan3892" value="ⲡ ⲙⲩⲥⲧⲏⲣⲓⲟⲛ ⲉⲧ ⲟⲩⲁⲁⲃ"/>
		<feat xlink:href="#sSpan3931" value="ⲡ ⲟⲉⲓⲕ"/>
		<feat xlink:href="#sSpan3941" value="ⲡ ⲡⲟⲧⲏⲣⲓⲟⲛ"/>
		<feat xlink:href="#sSpan3952" value="ⲧⲉ ⲧⲣⲁⲡⲉⲍⲁ ⲉⲧ ⲟⲩⲁⲁⲃ"/>
		<feat xlink:href="#sSpan4004" value="ⲟⲩ ⲟⲉⲓⲕ ⲁⲛ ⲡⲉ . ⲙⲛ ⲟⲩ ⲏⲣⲡ ⲛ ⲕⲉ ⲥⲟⲡ . ⲁⲗⲗⲁ ⲟⲩ ⲥⲱⲙⲁ ⲡⲉ ⲙⲛ ⲟⲩ ⲥⲛⲟϥ ⲉ ϥ ⲟⲩⲁⲁⲃ"/>
		<feat xlink:href="#sSpan4026" value="ⲟⲩ ⲏⲣⲡ ⲛ ⲕⲉ ⲥⲟⲡ"/>
		<feat xlink:href="#sSpan4036" value="ⲕⲉ ⲥⲟⲡ"/>
		<feat xlink:href="#sSpan4050" value="ⲟⲩ ⲥⲱⲙⲁ"/>
		<feat xlink:href="#sSpan4067" value="ⲟⲩ ⲥⲛⲟϥ"/>
		<feat xlink:href="#sSpan4085" value="ⲡⲉ ⲥⲧⲁⲩⲣⲟⲥ"/>
		<feat xlink:href="#sSpan4103" value="ⲥⲟⲗⲥⲗ ⲛ ⲛ ⲉⲧ ϩⲛ ϩⲉⲛ ⲗⲩⲡⲏ ⲉⲧⲃⲉ ⲛⲉⲩ ⲛⲟⲃⲉ"/>
		<feat xlink:href="#sSpan4111" value="ⲛ ⲉⲧ ϩⲛ ϩⲉⲛ ⲗⲩⲡⲏ ⲉⲧⲃⲉ ⲛⲉⲩ ⲛⲟⲃⲉ"/>
		<feat xlink:href="#sSpan4128" value="ⲛⲉⲩ ⲛⲟⲃⲉ"/>
		<feat xlink:href="#sSpan4137" value="ⲡⲉ ⲥⲧⲁⲩⲣⲟⲥ"/>
		<feat xlink:href="#sSpan4155" value="ⲧⲉ ϩⲓⲏ ⲉⲧ ⲥⲟⲩⲧⲱⲛ"/>
		<feat xlink:href="#sSpan4198" value="ⲛ ⲉⲧ ⲙⲟⲟϣⲉ ⲛϩⲏⲧ ϥ"/>
		<feat xlink:href="#sSpan4216" value="ⲡⲉ ⲥⲧⲁⲩⲣⲟⲥ"/>
		<feat xlink:href="#sSpan4234" value="ⲡ ⲡⲩⲣⲅⲟⲥ ⲉ ϥ ϫⲟⲥⲉ ⲉ ϣⲁ ϥ ϣⲱⲡ ⲉⲣⲟ ϥ ⲛ ⲛ ⲉⲧ ⲡⲏⲧ ⲉⲣⲁⲧ ϥ"/>
		<feat xlink:href="#sSpan4271" value="ⲛ ⲉⲧ ⲡⲏⲧ ⲉⲣⲁⲧ ϥ"/>
		<feat xlink:href="#sSpan4289" value="ⲡⲉ ⲥⲧⲁⲩⲣⲟⲥ"/>
		<feat xlink:href="#sSpan4307" value="ⲧⲉ ϭⲗⲟⲟϭⲉ ⲛ ⲣⲉϥϫⲓⲣⲱⲙⲉ"/>
		<feat xlink:href="#sSpan4318" value="ⲣⲉϥϫⲓⲣⲱⲙⲉ"/>
		<feat xlink:href="#sSpan4332" value="ⲧ ⲡⲉ"/>
		<feat xlink:href="#sSpan4341" value="ⲡⲉ ⲥⲧⲁⲩⲣⲟⲥ"/>
		<feat xlink:href="#sSpan4359" value="ⲧ ϩⲃⲥⲱ ⲉ ϣⲁⲣⲉ ⲛⲉ ⲭⲣⲓⲥⲧⲓⲁⲛⲟⲥ ⲫⲱⲣⲉⲓ ⲙⲙⲟ ⲥ"/>
		<feat xlink:href="#sSpan4371" value="ⲛⲉ ⲭⲣⲓⲥⲧⲓⲁⲛⲟⲥ"/>
		<feat xlink:href="#sSpan4397" value="ⲡⲉ ⲥⲧⲁⲩⲣⲟⲥ ⲡⲉ ⲡ ⲃⲟⲏⲑⲟⲥ ⲛ ⲛⲉ ⲉⲃⲓⲏⲛ . ⲁⲩⲱ ⲉ ⲧ ⲃⲟⲏⲑⲉⲓⲁ ⲉ ⲛ ⲉⲧ ϩⲏϣ"/>
		<feat xlink:href="#sSpan4412" value="ⲡ ⲃⲟⲏⲑⲟⲥ ⲛ ⲛⲉ ⲉⲃⲓⲏⲛ"/>
		<feat xlink:href="#sSpan4423" value="ⲛⲉ ⲉⲃⲓⲏⲛ"/>
		<feat xlink:href="#sSpan4441" value="ⲧ ⲃⲟⲏⲑⲉⲓⲁ"/>
		<feat xlink:href="#sSpan4452" value="ⲛ ⲉⲧ ϩⲏϣ"/>
		<feat xlink:href="#sSpan4463" value="ⲡⲉ ⲥⲧⲁⲩⲣⲟⲥ"/>
		<feat xlink:href="#sSpan4494" value="ⲡ ⲣⲡⲉ ⲛ ⲛ ⲓⲟⲩⲇⲁⲓ"/>
		<feat xlink:href="#sSpan4504" value="ⲛ ⲓⲟⲩⲇⲁⲓ"/>
		<feat xlink:href="#sSpan4531" value="ⲧ ⲉⲕⲕⲗⲏⲥⲓⲁ"/>
		<feat xlink:href="#sSpan4562" value="ⲡⲉ ⲥⲧⲁⲩⲣⲟⲥ"/>
		<feat xlink:href="#sSpan4587" value="ⲛ ⲇⲁⲓⲙⲟⲛⲓⲟⲛ"/>
		<feat xlink:href="#sSpan4614" value="ⲟⲩ ϩⲟⲧⲉ"/>
		<feat xlink:href="#sSpan4623" value="ⲡⲉ ⲥⲧⲁⲩⲣⲟⲥ"/>
		<feat xlink:href="#sSpan4641" value="ⲡⲉⲥ ⲙⲓⲛⲉ ⲛ ⲛⲉ ⲉϫⲏⲩ ⲉⲧ ⲣϩⲱⲧ ϩⲛ ⲟⲩ ⲙⲛⲧⲥⲁⲓⲉ"/>
		<feat xlink:href="#sSpan4651" value="ⲛⲉ ⲉϫⲏⲩ ⲉⲧ ⲣϩⲱⲧ ϩⲛ ⲟⲩ ⲙⲛⲧⲥⲁⲓⲉ"/>
		<feat xlink:href="#sSpan4669" value="ⲟⲩ ⲙⲛⲧⲥⲁⲓⲉ"/>
		<feat xlink:href="#sSpan4681" value="ⲡⲉ ⲥⲧⲁⲩⲣⲟⲥ"/>
		<feat xlink:href="#sSpan4699" value="ⲡⲉⲥ ⲙⲓⲛⲉ ⲛ ⲛⲉ ⲟⲩⲏⲏⲃ ⲉⲧ ϩⲙ ⲡ ⲏⲓ ⲙ ⲡ ⲛⲟⲩⲧⲉ ϩⲛ ⲟⲩ ⲙⲛⲧⲥⲁⲃⲉ"/>
		<feat xlink:href="#sSpan4709" value="ⲛⲉ ⲟⲩⲏⲏⲃ ⲉⲧ ϩⲙ ⲡ ⲏⲓ ⲙ ⲡ ⲛⲟⲩⲧⲉ ϩⲛ ⲟⲩ ⲙⲛⲧⲥⲁⲃⲉ"/>
		<feat xlink:href="#sSpan4721" value="ⲡ ⲏⲓ ⲙ ⲡ ⲛⲟⲩⲧⲉ"/>
		<feat xlink:href="#sSpan4730" value="ⲡ ⲛⲟⲩⲧⲉ"/>
		<feat xlink:href="#sSpan4740" value="ⲟⲩ ⲙⲛⲧⲥⲁⲃⲉ"/>
		<feat xlink:href="#sSpan4751" value="ⲡⲉ ⲥⲧⲁⲩⲣⲟⲥ"/>
		<feat xlink:href="#sSpan4769" value="ⲡⲉ ⲕⲣⲓⲧⲏⲥ ⲛ ⲛ ⲁⲧⲡⲱⲱⲛⲉ ⲛ ⲛ ⲁⲡⲟⲥⲧⲟⲗⲟⲥ"/>
		<feat xlink:href="#sSpan4780" value="ⲛ ⲁⲧⲡⲱⲱⲛⲉ ⲛ ⲛ ⲁⲡⲟⲥⲧⲟⲗⲟⲥ"/>
		<feat xlink:href="#sSpan4792" value="ⲛ ⲁⲡⲟⲥⲧⲟⲗⲟⲥ"/></featList></paula>