<?xml version='1.0' encoding='UTF-8'?><!DOCTYPE paula SYSTEM "paula_feat.dtd">
<paula version="1.1">
	<header paula_id="scriptorium.cross.michbr291-294.mark_vid_n"/>
	<featList xmlns:xlink="http://www.w3.org/1999/xlink" type="vid_n" xml:base="scriptorium.cross.michbr291-294.mark.xml">
		<feat xlink:href="#sSpan6" value="urn:cts:copticLit:pstheophilus.cross.michbr:9.3"/>
		<feat xlink:href="#sSpan25" value="urn:cts:copticLit:pstheophilus.cross.michbr:9.4"/>
		<feat xlink:href="#sSpan158" value="urn:cts:copticLit:pstheophilus.cross.michbr:10.1"/>
		<feat xlink:href="#sSpan237" value="urn:cts:copticLit:pstheophilus.cross.michbr:10.2"/>
		<feat xlink:href="#sSpan322" value="urn:cts:copticLit:pstheophilus.cross.michbr:10.3"/>
		<feat xlink:href="#sSpan401" value="urn:cts:copticLit:pstheophilus.cross.michbr:10.4"/>
		<feat xlink:href="#sSpan519" value="urn:cts:copticLit:pstheophilus.cross.michbr:10.5"/>
		<feat xlink:href="#sSpan641" value="urn:cts:copticLit:pstheophilus.cross.michbr:10.6"/>
		<feat xlink:href="#sSpan914" value="urn:cts:copticLit:pstheophilus.cross.michbr:10.7"/>
		<feat xlink:href="#sSpan1066" value="urn:cts:copticLit:pstheophilus.cross.michbr:10.8"/>
		<feat xlink:href="#sSpan1169" value="urn:cts:copticLit:pstheophilus.cross.michbr:10.9"/>
		<feat xlink:href="#sSpan1220" value="urn:cts:copticLit:pstheophilus.cross.michbr:11.1"/>
		<feat xlink:href="#sSpan1351" value="urn:cts:copticLit:pstheophilus.cross.michbr:11.2"/>
		<feat xlink:href="#sSpan1462" value="urn:cts:copticLit:pstheophilus.cross.michbr:11.3"/>
		<feat xlink:href="#sSpan1570" value="urn:cts:copticLit:pstheophilus.cross.michbr:11.4"/>
		<feat xlink:href="#sSpan1633" value="urn:cts:copticLit:pstheophilus.cross.michbr:11.5"/>
		<feat xlink:href="#sSpan1736" value="urn:cts:copticLit:pstheophilus.cross.michbr:11.6"/>
		<feat xlink:href="#sSpan1804" value="urn:cts:copticLit:pstheophilus.cross.michbr:11.7"/>
		<feat xlink:href="#sSpan1885" value="urn:cts:copticLit:pstheophilus.cross.michbr:11.8"/>
		<feat xlink:href="#sSpan1959" value="urn:cts:copticLit:pstheophilus.cross.michbr:11.9"/>
		<feat xlink:href="#sSpan2058" value="urn:cts:copticLit:pstheophilus.cross.michbr:11.10"/>
		<feat xlink:href="#sSpan2139" value="urn:cts:copticLit:pstheophilus.cross.michbr:11.11"/>
		<feat xlink:href="#sSpan2216" value="urn:cts:copticLit:pstheophilus.cross.michbr:11.12"/>
		<feat xlink:href="#sSpan2341" value="urn:cts:copticLit:pstheophilus.cross.michbr:11.13"/>
		<feat xlink:href="#sSpan2438" value="urn:cts:copticLit:pstheophilus.cross.michbr:11.14"/>
		<feat xlink:href="#sSpan2597" value="urn:cts:copticLit:pstheophilus.cross.michbr:11.15"/>
		<feat xlink:href="#sSpan2679" value="urn:cts:copticLit:pstheophilus.cross.michbr:12.1"/>
		<feat xlink:href="#sSpan2743" value="urn:cts:copticLit:pstheophilus.cross.michbr:12.2"/>
		<feat xlink:href="#sSpan2856" value="urn:cts:copticLit:pstheophilus.cross.michbr:12.3"/>
		<feat xlink:href="#sSpan2954" value="urn:cts:copticLit:pstheophilus.cross.michbr:12.4"/>
		<feat xlink:href="#sSpan3040" value="urn:cts:copticLit:pstheophilus.cross.michbr:12.5"/>
		<feat xlink:href="#sSpan3130" value="urn:cts:copticLit:pstheophilus.cross.michbr:12.6"/>
		<feat xlink:href="#sSpan3200" value="urn:cts:copticLit:pstheophilus.cross.michbr:13.1"/>
		<feat xlink:href="#sSpan3226" value="urn:cts:copticLit:pstheophilus.cross.michbr:13.2"/>
		<feat xlink:href="#sSpan3254" value="urn:cts:copticLit:pstheophilus.cross.michbr:13.3"/>
		<feat xlink:href="#sSpan3278" value="urn:cts:copticLit:pstheophilus.cross.michbr:13.4"/>
		<feat xlink:href="#sSpan3303" value="urn:cts:copticLit:pstheophilus.cross.michbr:13.5"/>
		<feat xlink:href="#sSpan3329" value="urn:cts:copticLit:pstheophilus.cross.michbr:13.6"/>
		<feat xlink:href="#sSpan3353" value="urn:cts:copticLit:pstheophilus.cross.michbr:13.7"/>
		<feat xlink:href="#sSpan3377" value="urn:cts:copticLit:pstheophilus.cross.michbr:13.8"/>
		<feat xlink:href="#sSpan3401" value="urn:cts:copticLit:pstheophilus.cross.michbr:13.9"/>
		<feat xlink:href="#sSpan3425" value="urn:cts:copticLit:pstheophilus.cross.michbr:13.10"/>
		<feat xlink:href="#sSpan3449" value="urn:cts:copticLit:pstheophilus.cross.michbr:13.11"/>
		<feat xlink:href="#sSpan3474" value="urn:cts:copticLit:pstheophilus.cross.michbr:13.12"/>
		<feat xlink:href="#sSpan3521" value="urn:cts:copticLit:pstheophilus.cross.michbr:13.13"/>
		<feat xlink:href="#sSpan3564" value="urn:cts:copticLit:pstheophilus.cross.michbr:14.1"/>
		<feat xlink:href="#sSpan3645" value="urn:cts:copticLit:pstheophilus.cross.michbr:15.1"/>
		<feat xlink:href="#sSpan3795" value="urn:cts:copticLit:pstheophilus.cross.michbr:15.2"/>
		<feat xlink:href="#sSpan3878" value="urn:cts:copticLit:pstheophilus.cross.michbr:15.3"/>
		<feat xlink:href="#sSpan3909" value="urn:cts:copticLit:pstheophilus.cross.michbr:15.4"/>
		<feat xlink:href="#sSpan4089" value="urn:cts:copticLit:pstheophilus.cross.michbr:15.5"/>
		<feat xlink:href="#sSpan4141" value="urn:cts:copticLit:pstheophilus.cross.michbr:15.6"/>
		<feat xlink:href="#sSpan4220" value="urn:cts:copticLit:pstheophilus.cross.michbr:15.7"/>
		<feat xlink:href="#sSpan4293" value="urn:cts:copticLit:pstheophilus.cross.michbr:15.8"/>
		<feat xlink:href="#sSpan4345" value="urn:cts:copticLit:pstheophilus.cross.michbr:15.9"/>
		<feat xlink:href="#sSpan4398" value="urn:cts:copticLit:pstheophilus.cross.michbr:15.10"/>
		<feat xlink:href="#sSpan4467" value="urn:cts:copticLit:pstheophilus.cross.michbr:15.11"/>
		<feat xlink:href="#sSpan4566" value="urn:cts:copticLit:pstheophilus.cross.michbr:15.12"/>
		<feat xlink:href="#sSpan4627" value="urn:cts:copticLit:pstheophilus.cross.michbr:15.13"/>
		<feat xlink:href="#sSpan4685" value="urn:cts:copticLit:pstheophilus.cross.michbr:15.14"/>
		<feat xlink:href="#sSpan4755" value="urn:cts:copticLit:pstheophilus.cross.michbr:15.15"/></featList></paula>