<?xml version='1.0' encoding='UTF-8'?><!DOCTYPE paula SYSTEM "paula_feat.dtd">
<paula version="1.1">
	<header paula_id="scriptorium.penitence.01.mark_entity"/>
	<featList xmlns:xlink="http://www.w3.org/1999/xlink" type="entity" xml:base="scriptorium.penitence.01.mark.xml">
		<feat xlink:href="#sSpan7" value="abstract"/>
		<feat xlink:href="#sSpan37" value="person"/>
		<feat xlink:href="#sSpan57" value="place"/>
		<feat xlink:href="#sSpan65" value="abstract"/>
		<feat xlink:href="#sSpan76" value="abstract"/>
		<feat xlink:href="#sSpan90" value="person"/>
		<feat xlink:href="#sSpan115" value="person"/>
		<feat xlink:href="#sSpan144" value="organization"/>
		<feat xlink:href="#sSpan176" value="abstract"/>
		<feat xlink:href="#sSpan187" value="person"/>
		<feat xlink:href="#sSpan194" value="abstract"/>
		<feat xlink:href="#sSpan207" value="person"/>
		<feat xlink:href="#sSpan220" value="event"/>
		<feat xlink:href="#sSpan242" value="abstract"/>
		<feat xlink:href="#sSpan255" value="person"/>
		<feat xlink:href="#sSpan274" value="abstract"/>
		<feat xlink:href="#sSpan284" value="abstract"/>
		<feat xlink:href="#sSpan293" value="abstract"/>
		<feat xlink:href="#sSpan303" value="abstract"/>
		<feat xlink:href="#sSpan315" value="person"/>
		<feat xlink:href="#sSpan333" value="place"/>
		<feat xlink:href="#sSpan345" value="place"/>
		<feat xlink:href="#sSpan363" value="abstract"/>
		<feat xlink:href="#sSpan383" value="abstract"/>
		<feat xlink:href="#sSpan396" value="person"/>
		<feat xlink:href="#sSpan416" value="place"/>
		<feat xlink:href="#sSpan433" value="person"/>
		<feat xlink:href="#sSpan451" value="place"/>
		<feat xlink:href="#sSpan462" value="person"/>
		<feat xlink:href="#sSpan473" value="person"/>
		<feat xlink:href="#sSpan506" value="place"/>
		<feat xlink:href="#sSpan524" value="place"/>
		<feat xlink:href="#sSpan541" value="person"/>
		<feat xlink:href="#sSpan561" value="place"/>
		<feat xlink:href="#sSpan594" value="abstract"/>
		<feat xlink:href="#sSpan604" value="place"/>
		<feat xlink:href="#sSpan613" value="person"/>
		<feat xlink:href="#sSpan633" value="place"/>
		<feat xlink:href="#sSpan647" value="person"/>
		<feat xlink:href="#sSpan657" value="abstract"/>
		<feat xlink:href="#sSpan665" value="abstract"/>
		<feat xlink:href="#sSpan680" value="abstract"/>
		<feat xlink:href="#sSpan694" value="person"/>
		<feat xlink:href="#sSpan706" value="person"/>
		<feat xlink:href="#sSpan719" value="organization"/>
		<feat xlink:href="#sSpan731" value="person"/>
		<feat xlink:href="#sSpan745" value="abstract"/>
		<feat xlink:href="#sSpan759" value="person"/>
		<feat xlink:href="#sSpan771" value="person"/>
		<feat xlink:href="#sSpan787" value="person"/>
		<feat xlink:href="#sSpan797" value="object"/>
		<feat xlink:href="#sSpan813" value="person"/>
		<feat xlink:href="#sSpan822" value="person"/>
		<feat xlink:href="#sSpan835" value="person"/>
		<feat xlink:href="#sSpan854" value="place"/>
		<feat xlink:href="#sSpan875" value="place"/>
		<feat xlink:href="#sSpan904" value="object"/>
		<feat xlink:href="#sSpan933" value="person"/>
		<feat xlink:href="#sSpan961" value="person"/>
		<feat xlink:href="#sSpan981" value="person"/>
		<feat xlink:href="#sSpan1004" value="person"/>
		<feat xlink:href="#sSpan1039" value="abstract"/>
		<feat xlink:href="#sSpan1070" value="abstract"/>
		<feat xlink:href="#sSpan1092" value="abstract"/>
		<feat xlink:href="#sSpan1164" value="person"/>
		<feat xlink:href="#sSpan1185" value="person"/>
		<feat xlink:href="#sSpan1211" value="abstract"/>
		<feat xlink:href="#sSpan1219" value="abstract"/>
		<feat xlink:href="#sSpan1240" value="person"/>
		<feat xlink:href="#sSpan1281" value="time"/>
		<feat xlink:href="#sSpan1305" value="person"/>
		<feat xlink:href="#sSpan1314" value="abstract"/>
		<feat xlink:href="#sSpan1331" value="substance"/>
		<feat xlink:href="#sSpan1343" value="object"/>
		<feat xlink:href="#sSpan1351" value="abstract"/>
		<feat xlink:href="#sSpan1362" value="place"/>
		<feat xlink:href="#sSpan1377" value="abstract"/>
		<feat xlink:href="#sSpan1391" value="place"/>
		<feat xlink:href="#sSpan1427" value="person"/>
		<feat xlink:href="#sSpan1446" value="person"/>
		<feat xlink:href="#sSpan1463" value="abstract"/>
		<feat xlink:href="#sSpan1476" value="person"/>
		<feat xlink:href="#sSpan1495" value="place"/>
		<feat xlink:href="#sSpan1510" value="object"/>
		<feat xlink:href="#sSpan1532" value="person"/>
		<feat xlink:href="#sSpan1541" value="place"/>
		<feat xlink:href="#sSpan1550" value="abstract"/>
		<feat xlink:href="#sSpan1559" value="place"/>
		<feat xlink:href="#sSpan1572" value="person"/>
		<feat xlink:href="#sSpan1605" value="person"/>
		<feat xlink:href="#sSpan1633" value="abstract"/>
		<feat xlink:href="#sSpan1674" value="abstract"/>
		<feat xlink:href="#sSpan1696" value="abstract"/>
		<feat xlink:href="#sSpan1703" value="abstract"/>
		<feat xlink:href="#sSpan1736" value="abstract"/>
		<feat xlink:href="#sSpan1753" value="abstract"/>
		<feat xlink:href="#sSpan1770" value="abstract"/>
		<feat xlink:href="#sSpan1773" value="abstract"/>
		<feat xlink:href="#sSpan1796" value="abstract"/>
		<feat xlink:href="#sSpan1806" value="abstract"/>
		<feat xlink:href="#sSpan1822" value="time"/>
		<feat xlink:href="#sSpan1859" value="person"/>
		<feat xlink:href="#sSpan1876" value="person"/>
		<feat xlink:href="#sSpan1889" value="abstract"/>
		<feat xlink:href="#sSpan1899" value="place"/>
		<feat xlink:href="#sSpan1918" value="event"/>
		<feat xlink:href="#sSpan1923" value="person"/>
		<feat xlink:href="#sSpan1939" value="place"/>
		<feat xlink:href="#sSpan1949" value="abstract"/>
		<feat xlink:href="#sSpan1975" value="person"/>
		<feat xlink:href="#sSpan1989" value="abstract"/>
		<feat xlink:href="#sSpan1996" value="abstract"/>
		<feat xlink:href="#sSpan2035" value="abstract"/>
		<feat xlink:href="#sSpan2066" value="place"/>
		<feat xlink:href="#sSpan2086" value="person"/>
		<feat xlink:href="#sSpan2098" value="object"/>
		<feat xlink:href="#sSpan2115" value="abstract"/>
		<feat xlink:href="#sSpan2141" value="abstract"/>
		<feat xlink:href="#sSpan2159" value="object"/>
		<feat xlink:href="#sSpan2168" value="person"/>
		<feat xlink:href="#sSpan2176" value="person"/>
		<feat xlink:href="#sSpan2234" value="substance"/>
		<feat xlink:href="#sSpan2249" value="abstract"/>
		<feat xlink:href="#sSpan2264" value="person"/>
		<feat xlink:href="#sSpan2276" value="object"/>
		<feat xlink:href="#sSpan2284" value="object"/>
		<feat xlink:href="#sSpan2304" value="object"/>
		<feat xlink:href="#sSpan2323" value="person"/>
		<feat xlink:href="#sSpan2340" value="abstract"/>
		<feat xlink:href="#sSpan2349" value="substance"/>
		<feat xlink:href="#sSpan2376" value="abstract"/>
		<feat xlink:href="#sSpan2393" value="person"/>
		<feat xlink:href="#sSpan2407" value="place"/>
		<feat xlink:href="#sSpan2417" value="place"/>
		<feat xlink:href="#sSpan2427" value="object"/>
		<feat xlink:href="#sSpan2451" value="object"/>
		<feat xlink:href="#sSpan2461" value="plant"/>
		<feat xlink:href="#sSpan2491" value="person"/>
		<feat xlink:href="#sSpan2507" value="event"/>
		<feat xlink:href="#sSpan2516" value="event"/>
		<feat xlink:href="#sSpan2530" value="object"/>
		<feat xlink:href="#sSpan2556" value="abstract"/>
		<feat xlink:href="#sSpan2592" value="abstract"/>
		<feat xlink:href="#sSpan2637" value="person"/>
		<feat xlink:href="#sSpan2660" value="abstract"/>
		<feat xlink:href="#sSpan2668" value="person"/>
		<feat xlink:href="#sSpan2689" value="abstract"/>
		<feat xlink:href="#sSpan2698" value="person"/>
		<feat xlink:href="#sSpan2705" value="place"/>
		<feat xlink:href="#sSpan2713" value="abstract"/>
		<feat xlink:href="#sSpan2728" value="person"/>
		<feat xlink:href="#sSpan2747" value="time"/>
		<feat xlink:href="#sSpan2769" value="time"/>
		<feat xlink:href="#sSpan2804" value="abstract"/>
		<feat xlink:href="#sSpan2840" value="person"/>
		<feat xlink:href="#sSpan2856" value="abstract"/>
		<feat xlink:href="#sSpan2888" value="abstract"/>
		<feat xlink:href="#sSpan2918" value="person"/>
		<feat xlink:href="#sSpan2950" value="abstract"/>
		<feat xlink:href="#sSpan2970" value="time"/>
		<feat xlink:href="#sSpan2986" value="abstract"/>
		<feat xlink:href="#sSpan2998" value="person"/>
		<feat xlink:href="#sSpan3013" value="person"/>
		<feat xlink:href="#sSpan3026" value="person"/>
		<feat xlink:href="#sSpan3044" value="object"/>
		<feat xlink:href="#sSpan3056" value="abstract"/>
		<feat xlink:href="#sSpan3065" value="object"/>
		<feat xlink:href="#sSpan3091" value="abstract"/>
		<feat xlink:href="#sSpan3130" value="person"/>
		<feat xlink:href="#sSpan3147" value="object"/>
		<feat xlink:href="#sSpan3158" value="time"/>
		<feat xlink:href="#sSpan3161" value="time"/>
		<feat xlink:href="#sSpan3184" value="object"/>
		<feat xlink:href="#sSpan3194" value="object"/>
		<feat xlink:href="#sSpan3217" value="object"/>
		<feat xlink:href="#sSpan3238" value="abstract"/>
		<feat xlink:href="#sSpan3247" value="substance"/>
		<feat xlink:href="#sSpan3270" value="abstract"/>
		<feat xlink:href="#sSpan3297" value="abstract"/>
		<feat xlink:href="#sSpan3306" value="object"/>
		<feat xlink:href="#sSpan3332" value="abstract"/>
		<feat xlink:href="#sSpan3360" value="abstract"/>
		<feat xlink:href="#sSpan3369" value="abstract"/>
		<feat xlink:href="#sSpan3417" value="time"/>
		<feat xlink:href="#sSpan3424" value="object"/>
		<feat xlink:href="#sSpan3450" value="object"/>
		<feat xlink:href="#sSpan3459" value="time"/>
		<feat xlink:href="#sSpan3487" value="abstract"/>
		<feat xlink:href="#sSpan3497" value="object"/>
		<feat xlink:href="#sSpan3508" value="object"/>
		<feat xlink:href="#sSpan3556" value="object"/>
		<feat xlink:href="#sSpan3580" value="place"/>
		<feat xlink:href="#sSpan3599" value="time"/>
		<feat xlink:href="#sSpan3608" value="person"/>
		<feat xlink:href="#sSpan3645" value="person"/>
		<feat xlink:href="#sSpan3672" value="abstract"/>
		<feat xlink:href="#sSpan3688" value="person"/>
		<feat xlink:href="#sSpan3714" value="abstract"/>
		<feat xlink:href="#sSpan3744" value="object"/>
		<feat xlink:href="#sSpan3791" value="place"/>
		<feat xlink:href="#sSpan3834" value="abstract"/>
		<feat xlink:href="#sSpan3849" value="abstract"/>
		<feat xlink:href="#sSpan3860" value="abstract"/>
		<feat xlink:href="#sSpan3885" value="object"/>
		<feat xlink:href="#sSpan3929" value="place"/>
		<feat xlink:href="#sSpan3963" value="person"/>
		<feat xlink:href="#sSpan4021" value="object"/>
		<feat xlink:href="#sSpan4030" value="object"/>
		<feat xlink:href="#sSpan4055" value="person"/>
		<feat xlink:href="#sSpan4065" value="person"/>
		<feat xlink:href="#sSpan4122" value="person"/>
		<feat xlink:href="#sSpan4148" value="abstract"/>
		<feat xlink:href="#sSpan4187" value="person"/>
		<feat xlink:href="#sSpan4213" value="place"/>
		<feat xlink:href="#sSpan4231" value="person"/>
		<feat xlink:href="#sSpan4250" value="person"/>
		<feat xlink:href="#sSpan4269" value="person"/>
		<feat xlink:href="#sSpan4280" value="person"/>
		<feat xlink:href="#sSpan4316" value="abstract"/>
		<feat xlink:href="#sSpan4333" value="object"/>
		<feat xlink:href="#sSpan4344" value="abstract"/>
		<feat xlink:href="#sSpan4364" value="object"/>
		<feat xlink:href="#sSpan4375" value="person"/>
		<feat xlink:href="#sSpan4413" value="abstract"/>
		<feat xlink:href="#sSpan4453" value="abstract"/>
		<feat xlink:href="#sSpan4469" value="person"/>
		<feat xlink:href="#sSpan4497" value="person"/>
		<feat xlink:href="#sSpan4505" value="abstract"/>
		<feat xlink:href="#sSpan4522" value="abstract"/>
		<feat xlink:href="#sSpan4532" value="object"/>
		<feat xlink:href="#sSpan4542" value="abstract"/>
		<feat xlink:href="#sSpan4562" value="abstract"/>
		<feat xlink:href="#sSpan4574" value="place"/>
		<feat xlink:href="#sSpan4593" value="abstract"/>
		<feat xlink:href="#sSpan4607" value="abstract"/>
		<feat xlink:href="#sSpan4622" value="substance"/>
		<feat xlink:href="#sSpan4635" value="person"/>
		<feat xlink:href="#sSpan4665" value="object"/>
		<feat xlink:href="#sSpan4698" value="person"/>
		<feat xlink:href="#sSpan4707" value="abstract"/>
		<feat xlink:href="#sSpan4716" value="person"/>
		<feat xlink:href="#sSpan4745" value="person"/>
		<feat xlink:href="#sSpan4764" value="object"/>
		<feat xlink:href="#sSpan4820" value="abstract"/>
		<feat xlink:href="#sSpan4832" value="substance"/>
		<feat xlink:href="#sSpan4853" value="person"/>
		<feat xlink:href="#sSpan4873" value="person"/>
		<feat xlink:href="#sSpan4884" value="abstract"/>
		<feat xlink:href="#sSpan4918" value="plant"/>
		<feat xlink:href="#sSpan4928" value="person"/>
		<feat xlink:href="#sSpan4938" value="abstract"/>
		<feat xlink:href="#sSpan4948" value="person"/>
		<feat xlink:href="#sSpan4981" value="abstract"/>
		<feat xlink:href="#sSpan5015" value="object"/>
		<feat xlink:href="#sSpan5024" value="place"/>
		<feat xlink:href="#sSpan5048" value="object"/>
		<feat xlink:href="#sSpan5067" value="person"/>
		<feat xlink:href="#sSpan5093" value="abstract"/>
		<feat xlink:href="#sSpan5108" value="abstract"/>
		<feat xlink:href="#sSpan5138" value="abstract"/>
		<feat xlink:href="#sSpan5165" value="plant"/>
		<feat xlink:href="#sSpan5193" value="object"/>
		<feat xlink:href="#sSpan5227" value="object"/>
		<feat xlink:href="#sSpan5237" value="substance"/>
		<feat xlink:href="#sSpan5244" value="substance"/>
		<feat xlink:href="#sSpan5266" value="substance"/>
		<feat xlink:href="#sSpan5280" value="substance"/>
		<feat xlink:href="#sSpan5292" value="abstract"/>
		<feat xlink:href="#sSpan5301" value="abstract"/>
		<feat xlink:href="#sSpan5311" value="object"/>
		<feat xlink:href="#sSpan5328" value="abstract"/>
		<feat xlink:href="#sSpan5341" value="person"/>
		<feat xlink:href="#sSpan5381" value="time"/>
		<feat xlink:href="#sSpan5390" value="event"/>
		<feat xlink:href="#sSpan5408" value="abstract"/>
		<feat xlink:href="#sSpan5455" value="place"/>
		<feat xlink:href="#sSpan5472" value="abstract"/>
		<feat xlink:href="#sSpan5491" value="object"/>
		<feat xlink:href="#sSpan5501" value="abstract"/>
		<feat xlink:href="#sSpan5516" value="event"/>
		<feat xlink:href="#sSpan5530" value="person"/>
		<feat xlink:href="#sSpan5558" value="person"/>
		<feat xlink:href="#sSpan5573" value="abstract"/>
		<feat xlink:href="#sSpan5599" value="abstract"/>
		<feat xlink:href="#sSpan5612" value="object"/>
		<feat xlink:href="#sSpan5632" value="abstract"/>
		<feat xlink:href="#sSpan5641" value="person"/>
		<feat xlink:href="#sSpan5660" value="place"/>
		<feat xlink:href="#sSpan5676" value="time"/>
		<feat xlink:href="#sSpan5692" value="abstract"/>
		<feat xlink:href="#sSpan5714" value="abstract"/>
		<feat xlink:href="#sSpan5730" value="place"/>
		<feat xlink:href="#sSpan5755" value="time"/>
		<feat xlink:href="#sSpan5783" value="time"/>
		<feat xlink:href="#sSpan5830" value="person"/>
		<feat xlink:href="#sSpan5849" value="abstract"/>
		<feat xlink:href="#sSpan5858" value="person"/>
		<feat xlink:href="#sSpan5924" value="time"/>
		<feat xlink:href="#sSpan5941" value="abstract"/>
		<feat xlink:href="#sSpan5971" value="time"/>
		<feat xlink:href="#sSpan6009" value="abstract"/>
		<feat xlink:href="#sSpan6042" value="object"/>
		<feat xlink:href="#sSpan6055" value="object"/>
		<feat xlink:href="#sSpan6081" value="abstract"/>
		<feat xlink:href="#sSpan6108" value="place"/>
		<feat xlink:href="#sSpan6115" value="event"/>
		<feat xlink:href="#sSpan6124" value="abstract"/>
		<feat xlink:href="#sSpan6133" value="object"/>
		<feat xlink:href="#sSpan6142" value="place"/>
		<feat xlink:href="#sSpan6198" value="person"/>
		<feat xlink:href="#sSpan6284" value="object"/>
		<feat xlink:href="#sSpan6293" value="object"/>
		<feat xlink:href="#sSpan6315" value="time"/>
		<feat xlink:href="#sSpan6330" value="time"/>
		<feat xlink:href="#sSpan6392" value="time"/>
		<feat xlink:href="#sSpan6406" value="abstract"/>
		<feat xlink:href="#sSpan6438" value="abstract"/>
		<feat xlink:href="#sSpan6461" value="person"/>
		<feat xlink:href="#sSpan6471" value="person"/>
		<feat xlink:href="#sSpan6507" value="object"/>
		<feat xlink:href="#sSpan6527" value="abstract"/>
		<feat xlink:href="#sSpan6604" value="object"/>
		<feat xlink:href="#sSpan6620" value="abstract"/>
		<feat xlink:href="#sSpan6641" value="abstract"/>
		<feat xlink:href="#sSpan6650" value="object"/>
		<feat xlink:href="#sSpan6680" value="abstract"/>
		<feat xlink:href="#sSpan6708" value="place"/>
		<feat xlink:href="#sSpan6720" value="place"/>
		<feat xlink:href="#sSpan6744" value="object"/>
		<feat xlink:href="#sSpan6768" value="person"/>
		<feat xlink:href="#sSpan6784" value="abstract"/>
		<feat xlink:href="#sSpan6794" value="person"/>
		<feat xlink:href="#sSpan6801" value="person"/>
		<feat xlink:href="#sSpan6829" value="abstract"/>
		<feat xlink:href="#sSpan6838" value="person"/>
		<feat xlink:href="#sSpan6854" value="abstract"/>
		<feat xlink:href="#sSpan6882" value="person"/>
		<feat xlink:href="#sSpan6906" value="animal"/>
		<feat xlink:href="#sSpan6917" value="animal"/>
		<feat xlink:href="#sSpan6930" value="event"/>
		<feat xlink:href="#sSpan6946" value="time"/>
		<feat xlink:href="#sSpan6957" value="event"/>
		<feat xlink:href="#sSpan6966" value="person"/>
		<feat xlink:href="#sSpan6976" value="person"/>
		<feat xlink:href="#sSpan6989" value="object"/>
		<feat xlink:href="#sSpan7017" value="person"/>
		<feat xlink:href="#sSpan7059" value="person"/>
		<feat xlink:href="#sSpan7123" value="object"/>
		<feat xlink:href="#sSpan7142" value="person"/>
		<feat xlink:href="#sSpan7151" value="object"/>
		<feat xlink:href="#sSpan7158" value="abstract"/>
		<feat xlink:href="#sSpan7168" value="object"/>
		<feat xlink:href="#sSpan7173" value="abstract"/>
		<feat xlink:href="#sSpan7179" value="abstract"/>
		<feat xlink:href="#sSpan7196" value="person"/>
		<feat xlink:href="#sSpan7211" value="person"/>
		<feat xlink:href="#sSpan7235" value="person"/>
		<feat xlink:href="#sSpan7263" value="person"/>
		<feat xlink:href="#sSpan7285" value="abstract"/>
		<feat xlink:href="#sSpan7306" value="person"/>
		<feat xlink:href="#sSpan7344" value="object"/>
		<feat xlink:href="#sSpan7370" value="object"/>
		<feat xlink:href="#sSpan7389" value="place"/>
		<feat xlink:href="#sSpan7404" value="person"/>
		<feat xlink:href="#sSpan7419" value="substance"/>
		<feat xlink:href="#sSpan7440" value="animal"/>
		<feat xlink:href="#sSpan7454" value="object"/>
		<feat xlink:href="#sSpan7481" value="time"/>
		<feat xlink:href="#sSpan7497" value="abstract"/>
		<feat xlink:href="#sSpan7507" value="abstract"/>
		<feat xlink:href="#sSpan7517" value="abstract"/>
		<feat xlink:href="#sSpan7544" value="place"/>
		<feat xlink:href="#sSpan7561" value="abstract"/>
		<feat xlink:href="#sSpan7576" value="place"/>
		<feat xlink:href="#sSpan7586" value="person"/>
		<feat xlink:href="#sSpan7605" value="abstract"/>
		<feat xlink:href="#sSpan7614" value="abstract"/>
		<feat xlink:href="#sSpan7635" value="person"/>
		<feat xlink:href="#sSpan7641" value="person"/>
		<feat xlink:href="#sSpan7676" value="animal"/>
		<feat xlink:href="#sSpan7704" value="abstract"/>
		<feat xlink:href="#sSpan7733" value="abstract"/>
		<feat xlink:href="#sSpan7740" value="person"/>
		<feat xlink:href="#sSpan7748" value="abstract"/>
		<feat xlink:href="#sSpan7773" value="abstract"/>
		<feat xlink:href="#sSpan7783" value="abstract"/>
		<feat xlink:href="#sSpan7830" value="place"/>
		<feat xlink:href="#sSpan7839" value="person"/>
		<feat xlink:href="#sSpan7857" value="person"/>
		<feat xlink:href="#sSpan7870" value="object"/>
		<feat xlink:href="#sSpan7892" value="abstract"/>
		<feat xlink:href="#sSpan7901" value="abstract"/>
		<feat xlink:href="#sSpan7910" value="object"/>
		<feat xlink:href="#sSpan7927" value="abstract"/>
		<feat xlink:href="#sSpan7963" value="object"/>
		<feat xlink:href="#sSpan7982" value="object"/>
		<feat xlink:href="#sSpan7998" value="person"/>
		<feat xlink:href="#sSpan8024" value="object"/>
		<feat xlink:href="#sSpan8053" value="object"/>
		<feat xlink:href="#sSpan8074" value="abstract"/>
		<feat xlink:href="#sSpan8088" value="plant"/>
		<feat xlink:href="#sSpan8114" value="plant"/>
		<feat xlink:href="#sSpan8123" value="abstract"/>
		<feat xlink:href="#sSpan8138" value="abstract"/>
		<feat xlink:href="#sSpan8160" value="person"/>
		<feat xlink:href="#sSpan8181" value="abstract"/>
		<feat xlink:href="#sSpan8193" value="place"/>
		<feat xlink:href="#sSpan8208" value="abstract"/>
		<feat xlink:href="#sSpan8218" value="person"/>
		<feat xlink:href="#sSpan8240" value="abstract"/>
		<feat xlink:href="#sSpan8247" value="abstract"/>
		<feat xlink:href="#sSpan8257" value="abstract"/>
		<feat xlink:href="#sSpan8314" value="time"/>
		<feat xlink:href="#sSpan8328" value="person"/>
		<feat xlink:href="#sSpan8351" value="place"/>
		<feat xlink:href="#sSpan8362" value="event"/>
		<feat xlink:href="#sSpan8385" value="abstract"/>
		<feat xlink:href="#sSpan8395" value="event"/>
		<feat xlink:href="#sSpan8451" value="abstract"/>
		<feat xlink:href="#sSpan8472" value="object"/>
		<feat xlink:href="#sSpan8497" value="person"/>
		<feat xlink:href="#sSpan8523" value="person"/>
		<feat xlink:href="#sSpan8550" value="person"/>
		<feat xlink:href="#sSpan8567" value="person"/>
		<feat xlink:href="#sSpan8604" value="person"/>
		<feat xlink:href="#sSpan8624" value="person"/>
		<feat xlink:href="#sSpan8684" value="person"/>
		<feat xlink:href="#sSpan8696" value="abstract"/>
		<feat xlink:href="#sSpan8727" value="person"/>
		<feat xlink:href="#sSpan8739" value="abstract"/>
		<feat xlink:href="#sSpan8746" value="person"/>
		<feat xlink:href="#sSpan8788" value="person"/>
		<feat xlink:href="#sSpan8814" value="abstract"/>
		<feat xlink:href="#sSpan8827" value="person"/>
		<feat xlink:href="#sSpan8855" value="person"/>
		<feat xlink:href="#sSpan8891" value="person"/>
		<feat xlink:href="#sSpan8917" value="person"/>
		<feat xlink:href="#sSpan8926" value="person"/>
		<feat xlink:href="#sSpan8947" value="time"/>
		<feat xlink:href="#sSpan8982" value="time"/>
		<feat xlink:href="#sSpan9025" value="place"/>
		<feat xlink:href="#sSpan9043" value="object"/>
		<feat xlink:href="#sSpan9052" value="person"/>
		<feat xlink:href="#sSpan9073" value="person"/>
		<feat xlink:href="#sSpan9092" value="person"/>
		<feat xlink:href="#sSpan9116" value="place"/>
		<feat xlink:href="#sSpan9130" value="person"/>
		<feat xlink:href="#sSpan9186" value="abstract"/>
		<feat xlink:href="#sSpan9219" value="person"/>
		<feat xlink:href="#sSpan9253" value="time"/>
		<feat xlink:href="#sSpan9264" value="event"/>
		<feat xlink:href="#sSpan9274" value="abstract"/>
		<feat xlink:href="#sSpan9281" value="person"/>
		<feat xlink:href="#sSpan9328" value="time"/>
		<feat xlink:href="#sSpan9347" value="person"/>
		<feat xlink:href="#sSpan9401" value="time"/>
		<feat xlink:href="#sSpan9427" value="abstract"/>
		<feat xlink:href="#sSpan9437" value="person"/>
		<feat xlink:href="#sSpan9446" value="abstract"/>
		<feat xlink:href="#sSpan9454" value="abstract"/>
		<feat xlink:href="#sSpan9481" value="event"/>
		<feat xlink:href="#sSpan9498" value="abstract"/>
		<feat xlink:href="#sSpan9517" value="person"/>
		<feat xlink:href="#sSpan9529" value="person"/>
		<feat xlink:href="#sSpan9551" value="object"/>
		<feat xlink:href="#sSpan9560" value="person"/>
		<feat xlink:href="#sSpan9580" value="abstract"/>
		<feat xlink:href="#sSpan9587" value="object"/>
		<feat xlink:href="#sSpan9611" value="abstract"/>
		<feat xlink:href="#sSpan9621" value="abstract"/>
		<feat xlink:href="#sSpan9633" value="person"/>
		<feat xlink:href="#sSpan9646" value="object"/>
		<feat xlink:href="#sSpan9674" value="abstract"/>
		<feat xlink:href="#sSpan9688" value="person"/>
		<feat xlink:href="#sSpan9708" value="object"/>
		<feat xlink:href="#sSpan9728" value="person"/>
		<feat xlink:href="#sSpan9745" value="person"/>
		<feat xlink:href="#sSpan9763" value="object"/>
		<feat xlink:href="#sSpan9788" value="abstract"/>
		<feat xlink:href="#sSpan9801" value="person"/>
		<feat xlink:href="#sSpan9821" value="object"/>
		<feat xlink:href="#sSpan9844" value="abstract"/>
		<feat xlink:href="#sSpan9862" value="abstract"/>
		<feat xlink:href="#sSpan9880" value="person"/>
		<feat xlink:href="#sSpan9906" value="object"/>
		<feat xlink:href="#sSpan9926" value="abstract"/>
		<feat xlink:href="#sSpan9945" value="abstract"/>
		<feat xlink:href="#sSpan9958" value="person"/>
		<feat xlink:href="#sSpan10010" value="abstract"/>
		<feat xlink:href="#sSpan10020" value="person"/>
		<feat xlink:href="#sSpan10034" value="abstract"/>
		<feat xlink:href="#sSpan10044" value="abstract"/>
		<feat xlink:href="#sSpan10056" value="person"/>
		<feat xlink:href="#sSpan10089" value="abstract"/>
		<feat xlink:href="#sSpan10100" value="person"/>
		<feat xlink:href="#sSpan10134" value="object"/>
		<feat xlink:href="#sSpan10145" value="person"/>
		<feat xlink:href="#sSpan10176" value="person"/>
		<feat xlink:href="#sSpan10189" value="abstract"/>
		<feat xlink:href="#sSpan10214" value="person"/>
		<feat xlink:href="#sSpan10223" value="person"/>
		<feat xlink:href="#sSpan10263" value="abstract"/>
		<feat xlink:href="#sSpan10273" value="abstract"/>
		<feat xlink:href="#sSpan10298" value="abstract"/>
		<feat xlink:href="#sSpan10329" value="person"/>
		<feat xlink:href="#sSpan10379" value="place"/>
		<feat xlink:href="#sSpan10407" value="abstract"/>
		<feat xlink:href="#sSpan10433" value="person"/>
		<feat xlink:href="#sSpan10451" value="abstract"/>
		<feat xlink:href="#sSpan10501" value="abstract"/>
		<feat xlink:href="#sSpan10526" value="abstract"/>
		<feat xlink:href="#sSpan10533" value="person"/>
		<feat xlink:href="#sSpan10563" value="abstract"/>
		<feat xlink:href="#sSpan10587" value="abstract"/>
		<feat xlink:href="#sSpan10616" value="time"/>
		<feat xlink:href="#sSpan10647" value="time"/>
		<feat xlink:href="#sSpan10673" value="object"/>
		<feat xlink:href="#sSpan10686" value="abstract"/>
		<feat xlink:href="#sSpan10697" value="time"/>
		<feat xlink:href="#sSpan10737" value="abstract"/>
		<feat xlink:href="#sSpan10761" value="abstract"/>
		<feat xlink:href="#sSpan10770" value="person"/>
		<feat xlink:href="#sSpan10796" value="abstract"/>
		<feat xlink:href="#sSpan10815" value="abstract"/>
		<feat xlink:href="#sSpan10824" value="abstract"/>
		<feat xlink:href="#sSpan10855" value="person"/>
		<feat xlink:href="#sSpan10899" value="person"/>
		<feat xlink:href="#sSpan10948" value="person"/>
		<feat xlink:href="#sSpan10979" value="person"/>
		<feat xlink:href="#sSpan10998" value="abstract"/>
		<feat xlink:href="#sSpan11092" value="object"/>
		<feat xlink:href="#sSpan11141" value="time"/>
		<feat xlink:href="#sSpan11166" value="event"/>
		<feat xlink:href="#sSpan11206" value="time"/>
		<feat xlink:href="#sSpan11217" value="abstract"/>
		<feat xlink:href="#sSpan11234" value="abstract"/>
		<feat xlink:href="#sSpan11247" value="abstract"/>
		<feat xlink:href="#sSpan11256" value="object"/>
		<feat xlink:href="#sSpan11276" value="place"/>
		<feat xlink:href="#sSpan11285" value="substance"/>
		<feat xlink:href="#sSpan11315" value="abstract"/>
		<feat xlink:href="#sSpan11324" value="abstract"/>
		<feat xlink:href="#sSpan11370" value="substance"/>
		<feat xlink:href="#sSpan11379" value="person"/>
		<feat xlink:href="#sSpan11410" value="abstract"/>
		<feat xlink:href="#sSpan11452" value="abstract"/>
		<feat xlink:href="#sSpan11461" value="person"/>
		<feat xlink:href="#sSpan11478" value="person"/>
		<feat xlink:href="#sSpan11510" value="person"/>
		<feat xlink:href="#sSpan11540" value="person"/>
		<feat xlink:href="#sSpan11576" value="person"/>
		<feat xlink:href="#sSpan11631" value="person"/>
		<feat xlink:href="#sSpan11647" value="abstract"/>
		<feat xlink:href="#sSpan11665" value="abstract"/>
		<feat xlink:href="#sSpan11694" value="place"/>
		<feat xlink:href="#sSpan11714" value="place"/>
		<feat xlink:href="#sSpan11758" value="abstract"/>
		<feat xlink:href="#sSpan11768" value="abstract"/>
		<feat xlink:href="#sSpan11797" value="abstract"/>
		<feat xlink:href="#sSpan11807" value="place"/>
		<feat xlink:href="#sSpan11827" value="object"/>
		<feat xlink:href="#sSpan11836" value="place"/>
		<feat xlink:href="#sSpan11852" value="abstract"/>
		<feat xlink:href="#sSpan11879" value="abstract"/>
		<feat xlink:href="#sSpan11898" value="person"/>
		<feat xlink:href="#sSpan11907" value="person"/>
		<feat xlink:href="#sSpan11935" value="place"/>
		<feat xlink:href="#sSpan11954" value="object"/>
		<feat xlink:href="#sSpan11965" value="animal"/>
		<feat xlink:href="#sSpan12041" value="abstract"/>
		<feat xlink:href="#sSpan12075" value="person"/>
		<feat xlink:href="#sSpan12145" value="place"/>
		<feat xlink:href="#sSpan12152" value="abstract"/>
		<feat xlink:href="#sSpan12170" value="abstract"/>
		<feat xlink:href="#sSpan12189" value="place"/>
		<feat xlink:href="#sSpan12227" value="object"/>
		<feat xlink:href="#sSpan12244" value="object"/>
		<feat xlink:href="#sSpan12262" value="person"/>
		<feat xlink:href="#sSpan12271" value="object"/>
		<feat xlink:href="#sSpan12293" value="place"/>
		<feat xlink:href="#sSpan12336" value="abstract"/>
		<feat xlink:href="#sSpan12347" value="person"/>
		<feat xlink:href="#sSpan12389" value="person"/>
		<feat xlink:href="#sSpan12401" value="abstract"/>
		<feat xlink:href="#sSpan12410" value="place"/>
		<feat xlink:href="#sSpan12425" value="abstract"/>
		<feat xlink:href="#sSpan12453" value="place"/>
		<feat xlink:href="#sSpan12466" value="abstract"/>
		<feat xlink:href="#sSpan12515" value="abstract"/>
		<feat xlink:href="#sSpan12524" value="place"/>
		<feat xlink:href="#sSpan12533" value="substance"/>
		<feat xlink:href="#sSpan12559" value="place"/>
		<feat xlink:href="#sSpan12578" value="object"/>
		<feat xlink:href="#sSpan12586" value="object"/>
		<feat xlink:href="#sSpan12609" value="abstract"/>
		<feat xlink:href="#sSpan12617" value="abstract"/>
		<feat xlink:href="#sSpan12627" value="person"/>
		<feat xlink:href="#sSpan12679" value="object"/>
		<feat xlink:href="#sSpan12690" value="abstract"/>
		<feat xlink:href="#sSpan12703" value="abstract"/>
		<feat xlink:href="#sSpan12715" value="abstract"/>
		<feat xlink:href="#sSpan12746" value="substance"/>
		<feat xlink:href="#sSpan12755" value="place"/>
		<feat xlink:href="#sSpan12778" value="object"/>
		<feat xlink:href="#sSpan12787" value="substance"/>
		<feat xlink:href="#sSpan12829" value="plant"/>
		<feat xlink:href="#sSpan12839" value="plant"/>
		<feat xlink:href="#sSpan12870" value="abstract"/>
		<feat xlink:href="#sSpan12880" value="abstract"/>
		<feat xlink:href="#sSpan12909" value="person"/>
		<feat xlink:href="#sSpan12943" value="person"/>
		<feat xlink:href="#sSpan12974" value="place"/>
		<feat xlink:href="#sSpan12985" value="place"/>
		<feat xlink:href="#sSpan13014" value="abstract"/>
		<feat xlink:href="#sSpan13023" value="person"/>
		<feat xlink:href="#sSpan13034" value="place"/>
		<feat xlink:href="#sSpan13089" value="person"/>
		<feat xlink:href="#sSpan13096" value="abstract"/>
		<feat xlink:href="#sSpan13111" value="abstract"/>
		<feat xlink:href="#sSpan13126" value="object"/>
		<feat xlink:href="#sSpan13139" value="person"/>
		<feat xlink:href="#sSpan13154" value="time"/>
		<feat xlink:href="#sSpan13166" value="abstract"/>
		<feat xlink:href="#sSpan13183" value="place"/>
		<feat xlink:href="#sSpan13198" value="abstract"/>
		<feat xlink:href="#sSpan13210" value="abstract"/>
		<feat xlink:href="#sSpan13233" value="abstract"/>
		<feat xlink:href="#sSpan13248" value="place"/>
		<feat xlink:href="#sSpan13292" value="time"/>
		<feat xlink:href="#sSpan13300" value="abstract"/>
		<feat xlink:href="#sSpan13311" value="abstract"/>
		<feat xlink:href="#sSpan13325" value="place"/>
		<feat xlink:href="#sSpan13340" value="object"/>
		<feat xlink:href="#sSpan13358" value="abstract"/>
		<feat xlink:href="#sSpan13401" value="place"/>
		<feat xlink:href="#sSpan13427" value="object"/>
		<feat xlink:href="#sSpan13466" value="abstract"/>
		<feat xlink:href="#sSpan13476" value="time"/>
		<feat xlink:href="#sSpan13499" value="abstract"/>
		<feat xlink:href="#sSpan13515" value="person"/>
		<feat xlink:href="#sSpan13599" value="abstract"/>
		<feat xlink:href="#sSpan13638" value="object"/>
		<feat xlink:href="#sSpan13648" value="place"/>
		<feat xlink:href="#sSpan13675" value="abstract"/>
		<feat xlink:href="#sSpan13720" value="place"/>
		<feat xlink:href="#sSpan13729" value="object"/>
		<feat xlink:href="#sSpan13743" value="abstract"/>
		<feat xlink:href="#sSpan13752" value="object"/>
		<feat xlink:href="#sSpan13762" value="person"/>
		<feat xlink:href="#sSpan13804" value="person"/>
		<feat xlink:href="#sSpan13815" value="object"/>
		<feat xlink:href="#sSpan13848" value="abstract"/>
		<feat xlink:href="#sSpan13868" value="abstract"/>
		<feat xlink:href="#sSpan13900" value="abstract"/>
		<feat xlink:href="#sSpan13909" value="abstract"/>
		<feat xlink:href="#sSpan13940" value="person"/>
		<feat xlink:href="#sSpan13987" value="person"/>
		<feat xlink:href="#sSpan14025" value="time"/>
		<feat xlink:href="#sSpan14052" value="abstract"/>
		<feat xlink:href="#sSpan14061" value="abstract"/>
		<feat xlink:href="#sSpan14076" value="object"/>
		<feat xlink:href="#sSpan14106" value="person"/>
		<feat xlink:href="#sSpan14120" value="event"/>
		<feat xlink:href="#sSpan14132" value="place"/>
		<feat xlink:href="#sSpan14143" value="person"/>
		<feat xlink:href="#sSpan14161" value="object"/>
		<feat xlink:href="#sSpan14205" value="abstract"/>
		<feat xlink:href="#sSpan14244" value="place"/>
		<feat xlink:href="#sSpan14272" value="person"/>
		<feat xlink:href="#sSpan14296" value="object"/>
		<feat xlink:href="#sSpan14305" value="substance"/>
		<feat xlink:href="#sSpan14319" value="abstract"/>
		<feat xlink:href="#sSpan14330" value="abstract"/>
		<feat xlink:href="#sSpan14372" value="person"/>
		<feat xlink:href="#sSpan14411" value="abstract"/>
		<feat xlink:href="#sSpan14436" value="person"/>
		<feat xlink:href="#sSpan14487" value="abstract"/>
		<feat xlink:href="#sSpan14519" value="abstract"/>
		<feat xlink:href="#sSpan14535" value="abstract"/>
		<feat xlink:href="#sSpan14556" value="abstract"/>
		<feat xlink:href="#sSpan14571" value="event"/>
		<feat xlink:href="#sSpan14580" value="abstract"/>
		<feat xlink:href="#sSpan14609" value="time"/>
		<feat xlink:href="#sSpan14636" value="person"/>
		<feat xlink:href="#sSpan14656" value="object"/>
		<feat xlink:href="#sSpan14669" value="time"/>
		<feat xlink:href="#sSpan14683" value="time"/>
		<feat xlink:href="#sSpan14706" value="person"/>
		<feat xlink:href="#sSpan14727" value="time"/>
		<feat xlink:href="#sSpan14748" value="object"/>
		<feat xlink:href="#sSpan14782" value="abstract"/>
		<feat xlink:href="#sSpan14791" value="abstract"/>
		<feat xlink:href="#sSpan14814" value="plant"/>
		<feat xlink:href="#sSpan14832" value="abstract"/>
		<feat xlink:href="#sSpan14859" value="abstract"/>
		<feat xlink:href="#sSpan14883" value="time"/>
		<feat xlink:href="#sSpan14901" value="person"/>
		<feat xlink:href="#sSpan14908" value="abstract"/>
		<feat xlink:href="#sSpan14925" value="object"/>
		<feat xlink:href="#sSpan14934" value="object"/>
		<feat xlink:href="#sSpan14968" value="abstract"/>
		<feat xlink:href="#sSpan14991" value="event"/>
		<feat xlink:href="#sSpan15008" value="object"/>
		<feat xlink:href="#sSpan15043" value="object"/>
		<feat xlink:href="#sSpan15052" value="abstract"/>
		<feat xlink:href="#sSpan15059" value="object"/>
		<feat xlink:href="#sSpan15090" value="person"/>
		<feat xlink:href="#sSpan15093" value="abstract"/>
		<feat xlink:href="#sSpan15103" value="person"/>
		<feat xlink:href="#sSpan15120" value="abstract"/>
		<feat xlink:href="#sSpan15130" value="abstract"/>
		<feat xlink:href="#sSpan15148" value="person"/>
		<feat xlink:href="#sSpan15175" value="abstract"/>
		<feat xlink:href="#sSpan15180" value="abstract"/>
		<feat xlink:href="#sSpan15204" value="time"/>
		<feat xlink:href="#sSpan15245" value="person"/>
		<feat xlink:href="#sSpan15260" value="abstract"/>
		<feat xlink:href="#sSpan15280" value="abstract"/>
		<feat xlink:href="#sSpan15287" value="person"/>
		<feat xlink:href="#sSpan15311" value="person"/>
		<feat xlink:href="#sSpan15329" value="abstract"/>
		<feat xlink:href="#sSpan15336" value="object"/>
		<feat xlink:href="#sSpan15356" value="person"/>
		<feat xlink:href="#sSpan15363" value="place"/>
		<feat xlink:href="#sSpan15405" value="abstract"/>
		<feat xlink:href="#sSpan15414" value="person"/>
		<feat xlink:href="#sSpan15423" value="organization"/>
		<feat xlink:href="#sSpan15445" value="abstract"/>
		<feat xlink:href="#sSpan15464" value="object"/>
		<feat xlink:href="#sSpan15489" value="person"/>
		<feat xlink:href="#sSpan15526" value="abstract"/>
		<feat xlink:href="#sSpan15544" value="object"/>
		<feat xlink:href="#sSpan15558" value="abstract"/>
		<feat xlink:href="#sSpan15623" value="abstract"/>
		<feat xlink:href="#sSpan15663" value="person"/>
		<feat xlink:href="#sSpan15694" value="abstract"/>
		<feat xlink:href="#sSpan15704" value="object"/>
		<feat xlink:href="#sSpan15719" value="place"/>
		<feat xlink:href="#sSpan15752" value="place"/>
		<feat xlink:href="#sSpan15763" value="abstract"/>
		<feat xlink:href="#sSpan15778" value="person"/>
		<feat xlink:href="#sSpan15787" value="abstract"/>
		<feat xlink:href="#sSpan15796" value="time"/>
		<feat xlink:href="#sSpan15807" value="abstract"/>
		<feat xlink:href="#sSpan15839" value="person"/>
		<feat xlink:href="#sSpan15902" value="abstract"/>
		<feat xlink:href="#sSpan15932" value="person"/>
		<feat xlink:href="#sSpan15964" value="abstract"/>
		<feat xlink:href="#sSpan15979" value="object"/>
		<feat xlink:href="#sSpan15988" value="animal"/>
		<feat xlink:href="#sSpan15998" value="abstract"/>
		<feat xlink:href="#sSpan16052" value="person"/>
		<feat xlink:href="#sSpan16079" value="object"/>
		<feat xlink:href="#sSpan16203" value="person"/>
		<feat xlink:href="#sSpan16241" value="abstract"/>
		<feat xlink:href="#sSpan16274" value="person"/>
		<feat xlink:href="#sSpan16315" value="place"/>
		<feat xlink:href="#sSpan16338" value="place"/>
		<feat xlink:href="#sSpan16391" value="event"/>
		<feat xlink:href="#sSpan16415" value="person"/>
		<feat xlink:href="#sSpan16444" value="person"/>
		<feat xlink:href="#sSpan16467" value="place"/>
		<feat xlink:href="#sSpan16476" value="time"/>
		<feat xlink:href="#sSpan16497" value="abstract"/>
		<feat xlink:href="#sSpan16504" value="object"/>
		<feat xlink:href="#sSpan16516" value="object"/>
		<feat xlink:href="#sSpan16555" value="person"/>
		<feat xlink:href="#sSpan16627" value="person"/>
		<feat xlink:href="#sSpan16640" value="abstract"/>
		<feat xlink:href="#sSpan16666" value="person"/>
		<feat xlink:href="#sSpan16682" value="time"/>
		<feat xlink:href="#sSpan16762" value="abstract"/>
		<feat xlink:href="#sSpan16793" value="event"/>
		<feat xlink:href="#sSpan16817" value="abstract"/>
		<feat xlink:href="#sSpan16829" value="person"/>
		<feat xlink:href="#sSpan16865" value="person"/>
		<feat xlink:href="#sSpan16878" value="abstract"/>
		<feat xlink:href="#sSpan16898" value="abstract"/>
		<feat xlink:href="#sSpan16933" value="place"/>
		<feat xlink:href="#sSpan16943" value="abstract"/>
		<feat xlink:href="#sSpan16970" value="object"/>
		<feat xlink:href="#sSpan16979" value="object"/>
		<feat xlink:href="#sSpan17051" value="time"/>
		<feat xlink:href="#sSpan17066" value="abstract"/>
		<feat xlink:href="#sSpan17084" value="abstract"/>
		<feat xlink:href="#sSpan17110" value="person"/>
		<feat xlink:href="#sSpan17135" value="person"/>
		<feat xlink:href="#sSpan17151" value="abstract"/>
		<feat xlink:href="#sSpan17154" value="person"/>
		<feat xlink:href="#sSpan17177" value="person"/>
		<feat xlink:href="#sSpan17224" value="abstract"/>
		<feat xlink:href="#sSpan17258" value="abstract"/>
		<feat xlink:href="#sSpan17273" value="abstract"/>
		<feat xlink:href="#sSpan17285" value="person"/>
		<feat xlink:href="#sSpan17314" value="abstract"/>
		<feat xlink:href="#sSpan17340" value="object"/>
		<feat xlink:href="#sSpan17349" value="abstract"/>
		<feat xlink:href="#sSpan17386" value="person"/>
		<feat xlink:href="#sSpan17399" value="event"/>
		<feat xlink:href="#sSpan17409" value="time"/>
		<feat xlink:href="#sSpan17446" value="person"/>
		<feat xlink:href="#sSpan17502" value="time"/>
		<feat xlink:href="#sSpan17525" value="person"/>
		<feat xlink:href="#sSpan17568" value="abstract"/>
		<feat xlink:href="#sSpan17583" value="object"/>
		<feat xlink:href="#sSpan17602" value="abstract"/>
		<feat xlink:href="#sSpan17609" value="abstract"/>
		<feat xlink:href="#sSpan17657" value="abstract"/>
		<feat xlink:href="#sSpan17667" value="abstract"/>
		<feat xlink:href="#sSpan17676" value="time"/>
		<feat xlink:href="#sSpan17714" value="object"/>
		<feat xlink:href="#sSpan17723" value="place"/>
		<feat xlink:href="#sSpan17779" value="person"/>
		<feat xlink:href="#sSpan17790" value="person"/>
		<feat xlink:href="#sSpan17820" value="object"/>
		<feat xlink:href="#sSpan17876" value="abstract"/>
		<feat xlink:href="#sSpan17910" value="abstract"/>
		<feat xlink:href="#sSpan17922" value="abstract"/>
		<feat xlink:href="#sSpan17934" value="abstract"/>
		<feat xlink:href="#sSpan17942" value="abstract"/>
		<feat xlink:href="#sSpan17952" value="person"/>
		<feat xlink:href="#sSpan17961" value="abstract"/>
		<feat xlink:href="#sSpan18020" value="abstract"/>
		<feat xlink:href="#sSpan18067" value="abstract"/>
		<feat xlink:href="#sSpan18114" value="object"/>
		<feat xlink:href="#sSpan18138" value="object"/>
		<feat xlink:href="#sSpan18167" value="place"/>
		<feat xlink:href="#sSpan18181" value="place"/>
		<feat xlink:href="#sSpan18202" value="object"/>
		<feat xlink:href="#sSpan18221" value="abstract"/>
		<feat xlink:href="#sSpan18250" value="abstract"/>
		<feat xlink:href="#sSpan18274" value="abstract"/>
		<feat xlink:href="#sSpan18327" value="object"/>
		<feat xlink:href="#sSpan18336" value="event"/>
		<feat xlink:href="#sSpan18343" value="abstract"/>
		<feat xlink:href="#sSpan18369" value="person"/>
		<feat xlink:href="#sSpan18384" value="person"/>
		<feat xlink:href="#sSpan18391" value="place"/>
		<feat xlink:href="#sSpan18436" value="abstract"/>
		<feat xlink:href="#sSpan18446" value="abstract"/>
		<feat xlink:href="#sSpan18489" value="abstract"/>
		<feat xlink:href="#sSpan18513" value="abstract"/>
		<feat xlink:href="#sSpan18550" value="time"/>
		<feat xlink:href="#sSpan18569" value="object"/>
		<feat xlink:href="#sSpan18591" value="time"/>
		<feat xlink:href="#sSpan18598" value="abstract"/>
		<feat xlink:href="#sSpan18607" value="event"/>
		<feat xlink:href="#sSpan18668" value="person"/>
		<feat xlink:href="#sSpan18714" value="person"/>
		<feat xlink:href="#sSpan18732" value="abstract"/>
		<feat xlink:href="#sSpan18770" value="abstract"/>
		<feat xlink:href="#sSpan18837" value="object"/>
		<feat xlink:href="#sSpan18854" value="abstract"/>
		<feat xlink:href="#sSpan18865" value="person"/>
		<feat xlink:href="#sSpan18889" value="person"/>
		<feat xlink:href="#sSpan18915" value="place"/>
		<feat xlink:href="#sSpan18925" value="object"/>
		<feat xlink:href="#sSpan18935" value="place"/>
		<feat xlink:href="#sSpan18971" value="object"/>
		<feat xlink:href="#sSpan18978" value="place"/>
		<feat xlink:href="#sSpan18988" value="object"/>
		<feat xlink:href="#sSpan19010" value="abstract"/>
		<feat xlink:href="#sSpan19025" value="substance"/>
		<feat xlink:href="#sSpan19040" value="event"/>
		<feat xlink:href="#sSpan19059" value="animal"/>
		<feat xlink:href="#sSpan19068" value="object"/>
		<feat xlink:href="#sSpan19077" value="object"/>
		<feat xlink:href="#sSpan19109" value="place"/>
		<feat xlink:href="#sSpan19135" value="person"/>
		<feat xlink:href="#sSpan19147" value="abstract"/>
		<feat xlink:href="#sSpan19164" value="person"/>
		<feat xlink:href="#sSpan19176" value="abstract"/>
		<feat xlink:href="#sSpan19199" value="abstract"/>
		<feat xlink:href="#sSpan19249" value="place"/>
		<feat xlink:href="#sSpan19274" value="person"/>
		<feat xlink:href="#sSpan19306" value="abstract"/>
		<feat xlink:href="#sSpan19335" value="person"/>
		<feat xlink:href="#sSpan19346" value="person"/>
		<feat xlink:href="#sSpan19361" value="person"/>
		<feat xlink:href="#sSpan19370" value="place"/>
		<feat xlink:href="#sSpan19400" value="object"/>
		<feat xlink:href="#sSpan19407" value="substance"/>
		<feat xlink:href="#sSpan19428" value="object"/>
		<feat xlink:href="#sSpan19437" value="object"/>
		<feat xlink:href="#sSpan19462" value="person"/>
		<feat xlink:href="#sSpan19490" value="object"/>
		<feat xlink:href="#sSpan19497" value="person"/>
		<feat xlink:href="#sSpan19518" value="person"/>
		<feat xlink:href="#sSpan19529" value="person"/>
		<feat xlink:href="#sSpan19551" value="person"/>
		<feat xlink:href="#sSpan19573" value="place"/>
		<feat xlink:href="#sSpan19584" value="place"/>
		<feat xlink:href="#sSpan19600" value="place"/>
		<feat xlink:href="#sSpan19660" value="place"/>
		<feat xlink:href="#sSpan19668" value="object"/>
		<feat xlink:href="#sSpan19675" value="place"/>
		<feat xlink:href="#sSpan19719" value="abstract"/>
		<feat xlink:href="#sSpan19744" value="place"/>
		<feat xlink:href="#sSpan19793" value="abstract"/>
		<feat xlink:href="#sSpan19829" value="person"/>
		<feat xlink:href="#sSpan19853" value="person"/>
		<feat xlink:href="#sSpan19864" value="abstract"/>
		<feat xlink:href="#sSpan19899" value="person"/>
		<feat xlink:href="#sSpan19915" value="person"/>
		<feat xlink:href="#sSpan19982" value="person"/>
		<feat xlink:href="#sSpan20001" value="person"/>
		<feat xlink:href="#sSpan20025" value="abstract"/>
		<feat xlink:href="#sSpan20035" value="abstract"/>
		<feat xlink:href="#sSpan20068" value="person"/>
		<feat xlink:href="#sSpan20093" value="abstract"/>
		<feat xlink:href="#sSpan20115" value="abstract"/>
		<feat xlink:href="#sSpan20141" value="person"/>
		<feat xlink:href="#sSpan20153" value="abstract"/>
		<feat xlink:href="#sSpan20165" value="person"/>
		<feat xlink:href="#sSpan20201" value="person"/>
		<feat xlink:href="#sSpan20211" value="abstract"/>
		<feat xlink:href="#sSpan20241" value="person"/>
		<feat xlink:href="#sSpan20252" value="abstract"/>
		<feat xlink:href="#sSpan20280" value="person"/>
		<feat xlink:href="#sSpan20287" value="place"/>
		<feat xlink:href="#sSpan20311" value="person"/>
		<feat xlink:href="#sSpan20332" value="person"/>
		<feat xlink:href="#sSpan20339" value="person"/>
		<feat xlink:href="#sSpan20399" value="abstract"/>
		<feat xlink:href="#sSpan20440" value="person"/>
		<feat xlink:href="#sSpan20450" value="person"/>
		<feat xlink:href="#sSpan20461" value="person"/>
		<feat xlink:href="#sSpan20491" value="person"/>
		<feat xlink:href="#sSpan20498" value="person"/>
		<feat xlink:href="#sSpan20521" value="abstract"/>
		<feat xlink:href="#sSpan20534" value="abstract"/>
		<feat xlink:href="#sSpan20556" value="abstract"/>
		<feat xlink:href="#sSpan20577" value="abstract"/>
		<feat xlink:href="#sSpan20610" value="person"/>
		<feat xlink:href="#sSpan20631" value="abstract"/>
		<feat xlink:href="#sSpan20638" value="abstract"/>
		<feat xlink:href="#sSpan20670" value="abstract"/>
		<feat xlink:href="#sSpan20680" value="person"/>
		<feat xlink:href="#sSpan20693" value="object"/>
		<feat xlink:href="#sSpan20713" value="abstract"/>
		<feat xlink:href="#sSpan20730" value="person"/>
		<feat xlink:href="#sSpan20733" value="place"/>
		<feat xlink:href="#sSpan20751" value="abstract"/>
		<feat xlink:href="#sSpan20760" value="abstract"/>
		<feat xlink:href="#sSpan20770" value="person"/>
		<feat xlink:href="#sSpan20789" value="person"/>
		<feat xlink:href="#sSpan20802" value="abstract"/>
		<feat xlink:href="#sSpan20813" value="person"/>
		<feat xlink:href="#sSpan20838" value="person"/>
		<feat xlink:href="#sSpan20845" value="place"/>
		<feat xlink:href="#sSpan20856" value="abstract"/>
		<feat xlink:href="#sSpan20883" value="abstract"/>
		<feat xlink:href="#sSpan20892" value="object"/>
		<feat xlink:href="#sSpan20922" value="abstract"/>
		<feat xlink:href="#sSpan20936" value="abstract"/>
		<feat xlink:href="#sSpan20947" value="abstract"/>
		<feat xlink:href="#sSpan21009" value="person"/>
		<feat xlink:href="#sSpan21019" value="abstract"/>
		<feat xlink:href="#sSpan21035" value="person"/>
		<feat xlink:href="#sSpan21068" value="abstract"/>
		<feat xlink:href="#sSpan21124" value="person"/>
		<feat xlink:href="#sSpan21183" value="abstract"/>
		<feat xlink:href="#sSpan21224" value="object"/>
		<feat xlink:href="#sSpan21233" value="abstract"/>
		<feat xlink:href="#sSpan21240" value="object"/>
		<feat xlink:href="#sSpan21291" value="abstract"/>
		<feat xlink:href="#sSpan21296" value="person"/>
		<feat xlink:href="#sSpan21305" value="abstract"/>
		<feat xlink:href="#sSpan21316" value="abstract"/>
		<feat xlink:href="#sSpan21357" value="abstract"/>
		<feat xlink:href="#sSpan21365" value="person"/>
		<feat xlink:href="#sSpan21380" value="abstract"/>
		<feat xlink:href="#sSpan21389" value="abstract"/>
		<feat xlink:href="#sSpan21444" value="person"/>
		<feat xlink:href="#sSpan21466" value="abstract"/>
		<feat xlink:href="#sSpan21473" value="abstract"/>
		<feat xlink:href="#sSpan21492" value="person"/>
		<feat xlink:href="#sSpan21537" value="person"/>
		<feat xlink:href="#sSpan21542" value="place"/>
		<feat xlink:href="#sSpan21562" value="animal"/>
		<feat xlink:href="#sSpan21573" value="abstract"/>
		<feat xlink:href="#sSpan21587" value="object"/>
		<feat xlink:href="#sSpan21605" value="person"/>
		<feat xlink:href="#sSpan21633" value="abstract"/>
		<feat xlink:href="#sSpan21666" value="person"/>
		<feat xlink:href="#sSpan21675" value="person"/>
		<feat xlink:href="#sSpan21678" value="person"/>
		<feat xlink:href="#sSpan21693" value="abstract"/>
		<feat xlink:href="#sSpan21710" value="abstract"/>
		<feat xlink:href="#sSpan21756" value="person"/>
		<feat xlink:href="#sSpan21787" value="abstract"/>
		<feat xlink:href="#sSpan21814" value="substance"/>
		<feat xlink:href="#sSpan21832" value="person"/>
		<feat xlink:href="#sSpan21853" value="object"/>
		<feat xlink:href="#sSpan21886" value="abstract"/>
		<feat xlink:href="#sSpan21895" value="abstract"/>
		<feat xlink:href="#sSpan21916" value="abstract"/>
		<feat xlink:href="#sSpan21932" value="person"/>
		<feat xlink:href="#sSpan21945" value="abstract"/>
		<feat xlink:href="#sSpan21974" value="abstract"/>
		<feat xlink:href="#sSpan22026" value="abstract"/>
		<feat xlink:href="#sSpan22035" value="person"/>
		<feat xlink:href="#sSpan22045" value="abstract"/>
		<feat xlink:href="#sSpan22070" value="person"/>
		<feat xlink:href="#sSpan22091" value="place"/>
		<feat xlink:href="#sSpan22126" value="abstract"/>
		<feat xlink:href="#sSpan22137" value="abstract"/>
		<feat xlink:href="#sSpan22185" value="abstract"/>
		<feat xlink:href="#sSpan22232" value="object"/>
		<feat xlink:href="#sSpan22242" value="abstract"/>
		<feat xlink:href="#sSpan22269" value="time"/>
		<feat xlink:href="#sSpan22278" value="person"/>
		<feat xlink:href="#sSpan22305" value="abstract"/>
		<feat xlink:href="#sSpan22317" value="abstract"/>
		<feat xlink:href="#sSpan22335" value="place"/>
		<feat xlink:href="#sSpan22345" value="abstract"/>
		<feat xlink:href="#sSpan22373" value="abstract"/>
		<feat xlink:href="#sSpan22387" value="person"/>
		<feat xlink:href="#sSpan22406" value="object"/>
		<feat xlink:href="#sSpan22433" value="abstract"/>
		<feat xlink:href="#sSpan22453" value="person"/>
		<feat xlink:href="#sSpan22464" value="abstract"/>
		<feat xlink:href="#sSpan22488" value="person"/>
		<feat xlink:href="#sSpan22511" value="person"/>
		<feat xlink:href="#sSpan22524" value="place"/>
		<feat xlink:href="#sSpan22544" value="person"/>
		<feat xlink:href="#sSpan22554" value="person"/>
		<feat xlink:href="#sSpan22565" value="event"/>
		<feat xlink:href="#sSpan22612" value="abstract"/>
		<feat xlink:href="#sSpan22624" value="place"/>
		<feat xlink:href="#sSpan22665" value="substance"/>
		<feat xlink:href="#sSpan22689" value="object"/>
		<feat xlink:href="#sSpan22703" value="object"/>
		<feat xlink:href="#sSpan22732" value="abstract"/>
		<feat xlink:href="#sSpan22743" value="place"/>
		<feat xlink:href="#sSpan22752" value="abstract"/>
		<feat xlink:href="#sSpan22771" value="person"/>
		<feat xlink:href="#sSpan22819" value="person"/>
		<feat xlink:href="#sSpan22830" value="abstract"/>
		<feat xlink:href="#sSpan22852" value="time"/>
		<feat xlink:href="#sSpan22877" value="person"/>
		<feat xlink:href="#sSpan22886" value="abstract"/>
		<feat xlink:href="#sSpan22894" value="event"/>
		<feat xlink:href="#sSpan22929" value="person"/>
		<feat xlink:href="#sSpan22948" value="person"/>
		<feat xlink:href="#sSpan22968" value="object"/>
		<feat xlink:href="#sSpan23000" value="abstract"/>
		<feat xlink:href="#sSpan23011" value="abstract"/>
		<feat xlink:href="#sSpan23029" value="abstract"/>
		<feat xlink:href="#sSpan23047" value="object"/>
		<feat xlink:href="#sSpan23069" value="abstract"/>
		<feat xlink:href="#sSpan23076" value="person"/>
		<feat xlink:href="#sSpan23094" value="object"/>
		<feat xlink:href="#sSpan23107" value="abstract"/>
		<feat xlink:href="#sSpan23123" value="object"/>
		<feat xlink:href="#sSpan23143" value="abstract"/>
		<feat xlink:href="#sSpan23152" value="abstract"/>
		<feat xlink:href="#sSpan23170" value="time"/>
		<feat xlink:href="#sSpan23178" value="abstract"/>
		<feat xlink:href="#sSpan23187" value="abstract"/>
		<feat xlink:href="#sSpan23291" value="abstract"/>
		<feat xlink:href="#sSpan23301" value="person"/>
		<feat xlink:href="#sSpan23329" value="time"/>
		<feat xlink:href="#sSpan23338" value="abstract"/>
		<feat xlink:href="#sSpan23396" value="abstract"/>
		<feat xlink:href="#sSpan23446" value="abstract"/>
		<feat xlink:href="#sSpan23487" value="abstract"/>
		<feat xlink:href="#sSpan23524" value="abstract"/>
		<feat xlink:href="#sSpan23550" value="object"/>
		<feat xlink:href="#sSpan23596" value="abstract"/>
		<feat xlink:href="#sSpan23623" value="abstract"/>
		<feat xlink:href="#sSpan23665" value="abstract"/>
		<feat xlink:href="#sSpan23694" value="abstract"/>
		<feat xlink:href="#sSpan23733" value="abstract"/>
		<feat xlink:href="#sSpan23749" value="abstract"/>
		<feat xlink:href="#sSpan23762" value="person"/>
		<feat xlink:href="#sSpan23776" value="abstract"/>
		<feat xlink:href="#sSpan23798" value="person"/>
		<feat xlink:href="#sSpan23864" value="abstract"/>
		<feat xlink:href="#sSpan23885" value="abstract"/>
		<feat xlink:href="#sSpan23904" value="abstract"/>
		<feat xlink:href="#sSpan23934" value="abstract"/>
		<feat xlink:href="#sSpan23995" value="object"/>
		<feat xlink:href="#sSpan24008" value="substance"/>
		<feat xlink:href="#sSpan24040" value="abstract"/>
		<feat xlink:href="#sSpan24074" value="abstract"/>
		<feat xlink:href="#sSpan24098" value="abstract"/>
		<feat xlink:href="#sSpan24107" value="abstract"/>
		<feat xlink:href="#sSpan24118" value="abstract"/>
		<feat xlink:href="#sSpan24150" value="person"/>
		<feat xlink:href="#sSpan24202" value="abstract"/>
		<feat xlink:href="#sSpan24236" value="abstract"/>
		<feat xlink:href="#sSpan24257" value="abstract"/>
		<feat xlink:href="#sSpan24283" value="abstract"/>
		<feat xlink:href="#sSpan24310" value="place"/>
		<feat xlink:href="#sSpan24319" value="person"/>
		<feat xlink:href="#sSpan24334" value="abstract"/>
		<feat xlink:href="#sSpan24351" value="person"/>
		<feat xlink:href="#sSpan24367" value="abstract"/>
		<feat xlink:href="#sSpan24380" value="abstract"/>
		<feat xlink:href="#sSpan24442" value="abstract"/>
		<feat xlink:href="#sSpan24459" value="place"/>
		<feat xlink:href="#sSpan24496" value="place"/>
		<feat xlink:href="#sSpan24507" value="person"/>
		<feat xlink:href="#sSpan24523" value="person"/>
		<feat xlink:href="#sSpan24548" value="abstract"/>
		<feat xlink:href="#sSpan24577" value="place"/>
		<feat xlink:href="#sSpan24587" value="abstract"/>
		<feat xlink:href="#sSpan24608" value="person"/>
		<feat xlink:href="#sSpan24623" value="person"/>
		<feat xlink:href="#sSpan24638" value="person"/>
		<feat xlink:href="#sSpan24659" value="person"/>
		<feat xlink:href="#sSpan24687" value="abstract"/>
		<feat xlink:href="#sSpan24705" value="person"/>
		<feat xlink:href="#sSpan24719" value="abstract"/>
		<feat xlink:href="#sSpan24758" value="abstract"/>
		<feat xlink:href="#sSpan24829" value="abstract"/>
		<feat xlink:href="#sSpan24883" value="abstract"/>
		<feat xlink:href="#sSpan24915" value="person"/>
		<feat xlink:href="#sSpan24928" value="abstract"/>
		<feat xlink:href="#sSpan24947" value="abstract"/>
		<feat xlink:href="#sSpan24999" value="abstract"/>
		<feat xlink:href="#sSpan25013" value="abstract"/>
		<feat xlink:href="#sSpan25028" value="abstract"/>
		<feat xlink:href="#sSpan25069" value="abstract"/>
		<feat xlink:href="#sSpan25147" value="abstract"/>
		<feat xlink:href="#sSpan25175" value="person"/>
		<feat xlink:href="#sSpan25194" value="person"/>
		<feat xlink:href="#sSpan25221" value="person"/>
		<feat xlink:href="#sSpan25240" value="person"/>
		<feat xlink:href="#sSpan25268" value="person"/>
		<feat xlink:href="#sSpan25287" value="person"/>
		<feat xlink:href="#sSpan25319" value="person"/>
		<feat xlink:href="#sSpan25391" value="person"/>
		<feat xlink:href="#sSpan25400" value="abstract"/>
		<feat xlink:href="#sSpan25413" value="abstract"/>
		<feat xlink:href="#sSpan25420" value="abstract"/>
		<feat xlink:href="#sSpan25468" value="object"/>
		<feat xlink:href="#sSpan25494" value="abstract"/>
		<feat xlink:href="#sSpan25520" value="abstract"/>
		<feat xlink:href="#sSpan25529" value="place"/>
		<feat xlink:href="#sSpan25553" value="abstract"/>
		<feat xlink:href="#sSpan25592" value="time"/>
		<feat xlink:href="#sSpan25622" value="person"/>
		<feat xlink:href="#sSpan25629" value="abstract"/>
		<feat xlink:href="#sSpan25662" value="abstract"/>
		<feat xlink:href="#sSpan25673" value="abstract"/>
		<feat xlink:href="#sSpan25690" value="person"/>
		<feat xlink:href="#sSpan25720" value="abstract"/>
		<feat xlink:href="#sSpan25755" value="abstract"/>
		<feat xlink:href="#sSpan25787" value="abstract"/>
		<feat xlink:href="#sSpan25797" value="abstract"/>
		<feat xlink:href="#sSpan25829" value="object"/>
		<feat xlink:href="#sSpan25836" value="object"/>
		<feat xlink:href="#sSpan25876" value="abstract"/>
		<feat xlink:href="#sSpan25890" value="time"/>
		<feat xlink:href="#sSpan25897" value="person"/>
		<feat xlink:href="#sSpan25916" value="abstract"/>
		<feat xlink:href="#sSpan25925" value="abstract"/>
		<feat xlink:href="#sSpan25940" value="abstract"/>
		<feat xlink:href="#sSpan25990" value="place"/>
		<feat xlink:href="#sSpan26019" value="abstract"/>
		<feat xlink:href="#sSpan26055" value="person"/>
		<feat xlink:href="#sSpan26076" value="abstract"/>
		<feat xlink:href="#sSpan26092" value="person"/>
		<feat xlink:href="#sSpan26111" value="place"/>
		<feat xlink:href="#sSpan26121" value="event"/>
		<feat xlink:href="#sSpan26147" value="person"/>
		<feat xlink:href="#sSpan26181" value="abstract"/>
		<feat xlink:href="#sSpan26191" value="abstract"/>
		<feat xlink:href="#sSpan26202" value="abstract"/>
		<feat xlink:href="#sSpan26211" value="abstract"/>
		<feat xlink:href="#sSpan26220" value="abstract"/>
		<feat xlink:href="#sSpan26244" value="abstract"/>
		<feat xlink:href="#sSpan26289" value="person"/>
		<feat xlink:href="#sSpan26296" value="person"/>
		<feat xlink:href="#sSpan26380" value="person"/>
		<feat xlink:href="#sSpan26394" value="abstract"/>
		<feat xlink:href="#sSpan26447" value="abstract"/>
		<feat xlink:href="#sSpan26454" value="person"/>
		<feat xlink:href="#sSpan26488" value="abstract"/>
		<feat xlink:href="#sSpan26503" value="abstract"/>
		<feat xlink:href="#sSpan26519" value="person"/>
		<feat xlink:href="#sSpan26559" value="abstract"/>
		<feat xlink:href="#sSpan26615" value="person"/>
		<feat xlink:href="#sSpan26621" value="person"/>
		<feat xlink:href="#sSpan26659" value="abstract"/>
		<feat xlink:href="#sSpan26669" value="abstract"/>
		<feat xlink:href="#sSpan26683" value="abstract"/>
		<feat xlink:href="#sSpan26707" value="abstract"/>
		<feat xlink:href="#sSpan26718" value="place"/>
		<feat xlink:href="#sSpan26729" value="time"/>
		<feat xlink:href="#sSpan26740" value="abstract"/>
		<feat xlink:href="#sSpan26753" value="object"/>
		<feat xlink:href="#sSpan26794" value="place"/>
		<feat xlink:href="#sSpan26814" value="event"/>
		<feat xlink:href="#sSpan26823" value="abstract"/>
		<feat xlink:href="#sSpan26832" value="time"/>
		<feat xlink:href="#sSpan26845" value="abstract"/>
		<feat xlink:href="#sSpan26858" value="object"/>
		<feat xlink:href="#sSpan26894" value="person"/>
		<feat xlink:href="#sSpan26943" value="abstract"/>
		<feat xlink:href="#sSpan26964" value="event"/>
		<feat xlink:href="#sSpan27006" value="abstract"/>
		<feat xlink:href="#sSpan27013" value="abstract"/>
		<feat xlink:href="#sSpan27047" value="abstract"/>
		<feat xlink:href="#sSpan27066" value="abstract"/>
		<feat xlink:href="#sSpan27074" value="abstract"/>
		<feat xlink:href="#sSpan27118" value="place"/>
		<feat xlink:href="#sSpan27135" value="abstract"/>
		<feat xlink:href="#sSpan27142" value="abstract"/>
		<feat xlink:href="#sSpan27152" value="person"/>
		<feat xlink:href="#sSpan27216" value="person"/>
		<feat xlink:href="#sSpan27254" value="abstract"/>
		<feat xlink:href="#sSpan27278" value="abstract"/>
		<feat xlink:href="#sSpan27298" value="abstract"/>
		<feat xlink:href="#sSpan27323" value="person"/>
		<feat xlink:href="#sSpan27374" value="object"/>
		<feat xlink:href="#sSpan27387" value="place"/>
		<feat xlink:href="#sSpan27396" value="abstract"/>
		<feat xlink:href="#sSpan27408" value="abstract"/>
		<feat xlink:href="#sSpan27457" value="abstract"/>
		<feat xlink:href="#sSpan27480" value="object"/>
		<feat xlink:href="#sSpan27564" value="abstract"/>
		<feat xlink:href="#sSpan27574" value="person"/>
		<feat xlink:href="#sSpan27596" value="person"/>
		<feat xlink:href="#sSpan27645" value="person"/>
		<feat xlink:href="#sSpan27672" value="object"/>
		<feat xlink:href="#sSpan27682" value="place"/>
		<feat xlink:href="#sSpan27691" value="person"/>
		<feat xlink:href="#sSpan27711" value="abstract"/>
		<feat xlink:href="#sSpan27739" value="person"/>
		<feat xlink:href="#sSpan27770" value="abstract"/>
		<feat xlink:href="#sSpan27800" value="object"/>
		<feat xlink:href="#sSpan27822" value="place"/>
		<feat xlink:href="#sSpan27834" value="person"/>
		<feat xlink:href="#sSpan27848" value="object"/>
		<feat xlink:href="#sSpan27889" value="abstract"/>
		<feat xlink:href="#sSpan27910" value="place"/>
		<feat xlink:href="#sSpan27920" value="object"/>
		<feat xlink:href="#sSpan27933" value="abstract"/>
		<feat xlink:href="#sSpan27942" value="object"/>
		<feat xlink:href="#sSpan27952" value="person"/>
		<feat xlink:href="#sSpan27973" value="abstract"/>
		<feat xlink:href="#sSpan27982" value="abstract"/>
		<feat xlink:href="#sSpan27995" value="place"/>
		<feat xlink:href="#sSpan28020" value="object"/>
		<feat xlink:href="#sSpan28030" value="object"/>
		<feat xlink:href="#sSpan28050" value="abstract"/>
		<feat xlink:href="#sSpan28060" value="abstract"/>
		<feat xlink:href="#sSpan28087" value="person"/>
		<feat xlink:href="#sSpan28098" value="abstract"/>
		<feat xlink:href="#sSpan28124" value="event"/>
		<feat xlink:href="#sSpan28145" value="abstract"/>
		<feat xlink:href="#sSpan28157" value="object"/>
		<feat xlink:href="#sSpan28186" value="event"/>
		<feat xlink:href="#sSpan28204" value="object"/>
		<feat xlink:href="#sSpan28243" value="abstract"/>
		<feat xlink:href="#sSpan28260" value="object"/>
		<feat xlink:href="#sSpan28272" value="person"/>
		<feat xlink:href="#sSpan28281" value="abstract"/>
		<feat xlink:href="#sSpan28305" value="abstract"/>
		<feat xlink:href="#sSpan28316" value="place"/>
		<feat xlink:href="#sSpan28329" value="abstract"/>
		<feat xlink:href="#sSpan28354" value="object"/>
		<feat xlink:href="#sSpan28373" value="abstract"/>
		<feat xlink:href="#sSpan28434" value="object"/>
		<feat xlink:href="#sSpan28444" value="abstract"/>
		<feat xlink:href="#sSpan28461" value="abstract"/>
		<feat xlink:href="#sSpan28466" value="person"/>
		<feat xlink:href="#sSpan28515" value="person"/>
		<feat xlink:href="#sSpan28530" value="abstract"/>
		<feat xlink:href="#sSpan28585" value="object"/>
		<feat xlink:href="#sSpan28622" value="person"/>
		<feat xlink:href="#sSpan28635" value="person"/>
		<feat xlink:href="#sSpan28674" value="person"/>
		<feat xlink:href="#sSpan28701" value="person"/>
		<feat xlink:href="#sSpan28737" value="abstract"/>
		<feat xlink:href="#sSpan28749" value="object"/>
		<feat xlink:href="#sSpan28767" value="abstract"/>
		<feat xlink:href="#sSpan28819" value="object"/>
		<feat xlink:href="#sSpan28835" value="person"/>
		<feat xlink:href="#sSpan28911" value="person"/>
		<feat xlink:href="#sSpan28927" value="person"/>
		<feat xlink:href="#sSpan28965" value="abstract"/>
		<feat xlink:href="#sSpan28995" value="time"/>
		<feat xlink:href="#sSpan29069" value="abstract"/>
		<feat xlink:href="#sSpan29081" value="person"/>
		<feat xlink:href="#sSpan29100" value="person"/>
		<feat xlink:href="#sSpan29126" value="person"/>
		<feat xlink:href="#sSpan29133" value="person"/>
		<feat xlink:href="#sSpan29149" value="person"/>
		<feat xlink:href="#sSpan29161" value="person"/>
		<feat xlink:href="#sSpan29197" value="abstract"/>
		<feat xlink:href="#sSpan29210" value="person"/>
		<feat xlink:href="#sSpan29233" value="person"/>
		<feat xlink:href="#sSpan29284" value="object"/>
		<feat xlink:href="#sSpan29367" value="event"/>
		<feat xlink:href="#sSpan29387" value="object"/>
		<feat xlink:href="#sSpan29408" value="abstract"/>
		<feat xlink:href="#sSpan29427" value="abstract"/>
		<feat xlink:href="#sSpan29442" value="abstract"/>
		<feat xlink:href="#sSpan29480" value="object"/>
		<feat xlink:href="#sSpan29523" value="abstract"/>
		<feat xlink:href="#sSpan29551" value="person"/>
		<feat xlink:href="#sSpan29574" value="abstract"/>
		<feat xlink:href="#sSpan29586" value="person"/>
		<feat xlink:href="#sSpan29631" value="person"/>
		<feat xlink:href="#sSpan29659" value="person"/>
		<feat xlink:href="#sSpan29686" value="time"/>
		<feat xlink:href="#sSpan29700" value="abstract"/>
		<feat xlink:href="#sSpan29739" value="person"/>
		<feat xlink:href="#sSpan29779" value="object"/>
		<feat xlink:href="#sSpan29801" value="abstract"/>
		<feat xlink:href="#sSpan29817" value="abstract"/>
		<feat xlink:href="#sSpan29828" value="object"/>
		<feat xlink:href="#sSpan29838" value="abstract"/>
		<feat xlink:href="#sSpan29870" value="person"/>
		<feat xlink:href="#sSpan29893" value="object"/>
		<feat xlink:href="#sSpan29915" value="abstract"/>
		<feat xlink:href="#sSpan29925" value="place"/>
		<feat xlink:href="#sSpan29935" value="abstract"/>
		<feat xlink:href="#sSpan29945" value="abstract"/>
		<feat xlink:href="#sSpan29956" value="place"/>
		<feat xlink:href="#sSpan29967" value="object"/>
		<feat xlink:href="#sSpan29989" value="abstract"/>
		<feat xlink:href="#sSpan30012" value="place"/>
		<feat xlink:href="#sSpan30021" value="abstract"/></featList></paula>