<?xml version='1.0' encoding='UTF-8'?><!DOCTYPE paula SYSTEM "paula_feat.dtd">
<paula version="1.1">
	<header paula_id="scriptorium.penitence.01.mark_translation"/>
	<featList xmlns:xlink="http://www.w3.org/1999/xlink" type="translation" xml:base="scriptorium.penitence.01.mark.xml">
		<feat xlink:href="#sSpan9" value="The word which Apa John, the Archbishop of Constantinople, pronounced concerning repentance and continence"/>
		<feat xlink:href="#sSpan91" value="If the blessed man Paul, the Apostle of the Gentiles,"/>
		<feat xlink:href="#sSpan208" value="who completed his course [and] kept the Faith."/>
		<feat xlink:href="#sSpan256" value="who kept his light shining in fastings, and in hunger, and in thirst, and amid dangers."/>
		<feat xlink:href="#sSpan316" value="who travelled with patient endurance the road from Jerusalem to Illyricum preaching the Gospel,"/>
		<feat xlink:href="#sSpan397" value="this angel who belonged to the earth,"/>
		<feat xlink:href="#sSpan427" value="this man who belonged to the heavens,"/>
		<feat xlink:href="#sSpan463" value="who possessed Christ Who spake in him,"/>
		<feat xlink:href="#sSpan507" value="the habitation of the Holy Spirit,"/>
		<feat xlink:href="#sSpan543" value="who was caught up to the third heaven [and] heard the words of mystery,"/>
		<feat xlink:href="#sSpan614" value="who was carried away into the Paradise,"/>
		<feat xlink:href="#sSpan648" value="who was by reason of his love and zeal well nigh the equal of Christ,"/>
		<feat xlink:href="#sSpan707" value="who bore the care of the Churches,"/>
		<feat xlink:href="#sSpan732" value="the orator of piety,"/>
		<feat xlink:href="#sSpan760" value="the sponser of those who believed on Christ,"/>
		<feat xlink:href="#sSpan800" value="the herald and teacher of the Gentiles,"/>
		<feat xlink:href="#sSpan836" value="who hath taught unto us the way whereby to enter into heaven,"/>
		<feat xlink:href="#sSpan886" value="[if this man, I say] said, 'I subdue my body,"/>
		<feat xlink:href="#sSpan916" value="and make it to be a servant,"/>
		<feat xlink:href="#sSpan943" value="lest having preached unto others I myself shall become a castaway;"/>
		<feat xlink:href="#sSpan992" value="and, moreover, if this holy man, who possessed in his own person so great a multitude of spiritual excellences, and who spake out boldly, saying, 'I know not how to do anything of myself,'"/>
		<feat xlink:href="#sSpan1119" value="was afraid, and spake in a manner,"/>
		<feat xlink:href="#sSpan1155" value="what shall we ourselves do, who are miserable creatures, and who are wholly unable to cultivate successfully one spiritual excellence?"/>
		<feat xlink:href="#sSpan1231" value="It is not then seemly for us to keep watch and to pray at all times, 'and to make petitions to God neither for gold not silver, nor for any riches of this world, but only for riches which are in the heavens;"/>
		<feat xlink:href="#sSpan1408" value="and to have gladness in God?"/>
		<feat xlink:href="#sSpan1441" value="Now, there are certain folk who rejoice in [their] wealth;"/>
		<feat xlink:href="#sSpan1480" value="and some rejoice in wine-drinkings in taverns, and in eating at feasts,"/>
		<feat xlink:href="#sSpan1524" value="whilst others rejoice in the beauty and glory of [this] world."/>
		<feat xlink:href="#sSpan1573" value="As for the virgin, let him rejoice in God,"/>
		<feat xlink:href="#sSpan1616" value="and let him seek after the honour which cometh from His hands, saying, 'My justification is before Thee.'"/>
		<feat xlink:href="#sSpan1692" value="There is nothing which is so poverty-stricken or so contemptible as the soul which is filled with passion."/>
		<feat xlink:href="#sSpan1765" value="For this reason it is seemly for us to take strict care of our souls at all times,"/>
		<feat xlink:href="#sSpan1818" value="and we must say as did the Holy man David, 'God giveth strength to my beauty,'"/>
		<feat xlink:href="#sSpan1910" value="so that when the Bridesgroom looketh upon the beauty of the soul He shall say, 'Though art wholly beautiful , my love, and there is not blemesh in thee."/>
		<feat xlink:href="#sSpan2014" value="But even if it be thy spiritual excellence flourisheth, take good heed that thy heart but not over-exalted because of thy beauty,"/>
		<feat xlink:href="#sSpan2078" value="lest God turn His face away from thee because of thine exaltation of heart (or, pride)."/>
		<feat xlink:href="#sSpan2130" value="For who is there who could make himself worthy of the things which [Christ] endured then patiently on thy behalf?"/>
		<feat xlink:href="#sSpan2204" value="He humbled Himself for thee, and He gave His holy blood to be the price for thee."/>
		<feat xlink:href="#sSpan2266" value="He Who gave food unto all flesh fasted in the flesh for thy sake"/>
		<feat xlink:href="#sSpan2324" value="He Who created the sweetness in the honey"/>
		<feat xlink:href="#sSpan2360" value=" tasted that which was bitter (gall) for thy sake."/>
		<feat xlink:href="#sSpan2394" value="He Who ornamented the heavens with the companies of the stars"/>
		<feat xlink:href="#sSpan2438" value="wore a crown of thorns for thy sake;"/>
		<feat xlink:href="#sSpan2477" value="and He became obedient even unto death,"/>
		<feat xlink:href="#sSpan2519" value="the death of the Cross."/>
		<feat xlink:href="#sSpan2547" value="It is not, then, seemly for us to shew ourselves glad because of these things,"/>
		<feat xlink:href="#sSpan2602" value="nay, we must make ourselves to lament, and we must weep. Let us hearken unto that which [the Book] saith, '[Be] sorrowful in heart upon your beds"/>
		<feat xlink:href="#sSpan2722" value="because of the things which ye have said in your hearts [during the day],' so that we may have in remembrance in the night season, and that we may heave sighs concerning them."/>
		<feat xlink:href="#sSpan2808" value="This is what Ahab did when he was in sorrow:"/>
		<feat xlink:href="#sSpan2865" value="he fasted and he girded sackcloth about his body."/>
		<feat xlink:href="#sSpan2899" value="And what did God say concerning him? 'I will not bring the evil upon him in his days.'"/>
		<feat xlink:href="#sSpan2982" value="It was for this same reason that the Saviour proclaimed to be blessed who weep,"/>
		<feat xlink:href="#sSpan3027" value="not those who weep for the dead, or the loss of property,"/>
		<feat xlink:href="#sSpan3079" value="but those who weep for their sins."/>
		<feat xlink:href="#sSpan3104" value="Though thyself shalt say even as did David, 'Night after night I wash my bed,"/>
		<feat xlink:href="#sSpan3172" value="and I soak my cushion[s] with my tears.' 'Wash though away the defilement by means of tears,"/>
		<feat xlink:href="#sSpan3320" value="smite upon thy breast,"/>
		<feat xlink:href="#sSpan3345" value="and take to thyself the remembrance of the sins"/>
		<feat xlink:href="#sSpan3380" value="which though hast committed."/>
		<feat xlink:href="#sSpan3398" value="[If] though hast been snared at [any] time through thine eye,"/>
		<feat xlink:href="#sSpan3437" value="if though hast opened thy window at [any] time wickedly,"/>
		<feat xlink:href="#sSpan3473" value="thou hast done injury to thy soul through thine eye."/>
		<feat xlink:href="#sSpan3509" value="The eyes which look with wicked intent"/>
		<feat xlink:href="#sSpan3538" value="heal thou now with tears,"/>
		<feat xlink:href="#sSpan3568" value="and shut thou thy window that thou mayest not see again the things of vanity,"/>
		<feat xlink:href="#sSpan3625" value="for otherwise, thou wilt fall into an evil habit."/>
		<feat xlink:href="#sSpan3666" value="Now habit is wont to draw him that clingeth thereto into great sins."/>
		<feat xlink:href="#sSpan3731" value="[When] though hast arrived thyself splendid apparel 'take good heed unto thyself not to sit down in any [dirty] place, 'lest it become spotted."/>
		<feat xlink:href="#sSpan3817" value="If thou shalt hold to be in a light matter the first stain, and the second, and the third, at length thy whole garment shall become dirty."/>
		<feat xlink:href="#sSpan3907" value="'Thou shalt not be careless [and] sit down in any polluted place whatsoever."/>
		<feat xlink:href="#sSpan3952" value="What are we to do then? [Thou hast] need to fervent prayer,"/>
		<feat xlink:href="#sSpan4004" value="lest thou strike a stone with thy feet."/>
		<feat xlink:href="#sSpan4043" value="And [thou shalt pray fervently] that the Angel shall compass three round about, and shall deliver thee. And thou thyself shalt be strong and shalt say, 'The Angel who delivered me out of evil,'"/>
		<feat xlink:href="#sSpan4168" value="'And [thou shalt pray fervently] that the Angel may cry out unto thee from heaven, even as [he cried] to Abraham,"/>
		<feat xlink:href="#sSpan4241" value="for the Angels love those who love their own God."/>
		<feat xlink:href="#sSpan4300" value="He (i.e., the Book) saith moreover, 'Take a psalm, set ye forth a tabret,"/>
		<feat xlink:href="#sSpan4345" value="a sweet psaltry and a harp';"/>
		<feat xlink:href="#sSpan4378" value="thou art to take one thing, and three are demanded from thee."/>
		<feat xlink:href="#sSpan4425" value="For we are composed of three things, even as the Apostle [Paul] spake, 'He will keep safe him that is in the spirit, and He will make healthy your souls and your bodies.'"/>
		<feat xlink:href="#sSpan4545" value="Now the psaltery is in the spirit,"/>
		<feat xlink:href="#sSpan4577" value="the harp is in the soul,"/>
		<feat xlink:href="#sSpan4609" value="and the tabret is the dead skin which covereth it."/>
		<feat xlink:href="#sSpan4652" value="Therefore, put thou to death the flesh,"/>
		<feat xlink:href="#sSpan4677" value="and this shalt thou make thyself strong to ascribe blessings to God with the tabret and dance."/>
		<feat xlink:href="#sSpan4731" value="For it is God Himself Who hath filled thee with flesh."/>
		<feat xlink:href="#sSpan4783" value="Observe, therefore, lest He should say unto thee, 'What profit is there in My blood?'"/>
		<feat xlink:href="#sSpan4843" value="What kind of recompense canst thou possibly make to Him which shall be adequate for all the sufferings which He endured on thy behalf?"/>
		<feat xlink:href="#sSpan4909" value="Be thou a tree which beareth fruit, and thus shall thou cause the blessing of God to be upon thee."/>
		<feat xlink:href="#sSpan4970" value="Bring forth fruit according to thy strength"/>
		<feat xlink:href="#sSpan4993" value="If thou art not able to bring forth an hundredfold, which is the [number of] perfection, then bring forth sixtyfold, which is the half thereof;"/>
		<feat xlink:href="#sSpan5063" value="and if this be difficult for thee, then bring forth thirtyfold, which is one third thereof."/>
		<feat xlink:href="#sSpan5125" value="Only thou must labour according to thy strength,"/>
		<feat xlink:href="#sSpan5149" value="for if thou art without fruit they will cut thee down and cast thee into the burning."/>
		<feat xlink:href="#sSpan5206" value="If thou cast not be a vessel of gold, or silver, do not become a log of wood, or grass, or straw, which are merely fuel for the burning."/>
		<feat xlink:href="#sSpan5322" value="Thou shall not perform the works which God hateth, for they shall take their stand before thee on the Day of Judgement like solid image(s)."/>
		<feat xlink:href="#sSpan5423" value="And finally thou wilt have to begin to confess them in that place without witnesses"/>
		<feat xlink:href="#sSpan5484" value="and without an advocate, and without proofs,"/>
		<feat xlink:href="#sSpan5512" value="and thou wilt have to look upon the deeds"/>
		<feat xlink:href="#sSpan5554" value="which thou hast uttered unwittingly, and they shall stand up like statues before thine eyes."/>
		<feat xlink:href="#sSpan5624" value="Weep before the time, so that thou mayest not hear in that place [the words], 'This is not the time for repentance;"/>
		<feat xlink:href="#sSpan5709" value="for no repentance is possible in this place.'"/>
		<feat xlink:href="#sSpan5743" value="So long then as we have the time let us do work,"/>
		<feat xlink:href="#sSpan5779" value="for if the time slip through our hands,"/>
		<feat xlink:href="#sSpan5806" value="'it is unlikely that we shall find another opportunity."/>
		<feat xlink:href="#sSpan5845" value="Moreover, for this reason the blessed Paul taught us saying, 'So long as we have the time let us do the things which are good.'"/>
		<feat xlink:href="#sSpan5957" value="And again [he saith], 'Behold, now is the time which is accepted.'"/>
		<feat xlink:href="#sSpan5996" value="Let us then weep over the deeds which we have committted unrighteosly,"/>
		<feat xlink:href="#sSpan6038" value="and let us make tears to flow down our cheeks in streams, and let us beat our breasts in sorrow,"/>
		<feat xlink:href="#sSpan6094" value="'so that we may do away with the weeping , and the gnashing of the teeth in that place whereto we mus depart."/>
		<feat xlink:href="#sSpan6171" value="'Moreover, let us weep even as did David"/>
		<feat xlink:href="#sSpan6207" value="in order that we may be proclaimed blessed. He did not shed a few tears only as men do when they weep,"/>
		<feat xlink:href="#sSpan6272" value="but he flooded his bed with his tears; and he passed the whole night in vigil."/>
		<feat xlink:href="#sSpan6331" value="One night only he sinned,"/>
		<feat xlink:href="#sSpan6373" value="[yet] he wept night after night, and never ceased [from crying], and he freely acknowledged his sins in the following words,"/>
		<feat xlink:href="#sSpan6449" value="and in this manner, saying, ' Forgive me these [offences]. Thou didst give me mine eyes, that I might see Thy light with them,"/>
		<feat xlink:href="#sSpan6544" value="'but I have seen wickedly with them."/>
		<feat xlink:href="#sSpan6581" value="Since, therefore, I have gone astray through mine eyes,"/>
		<feat xlink:href="#sSpan6616" value="for this reason do away my sins through [my] tears.'"/>
		<feat xlink:href="#sSpan6661" value="Let us come forth from our habits which are evil, , and remove ourselves into the city which is in the heavens."/>
		<feat xlink:href="#sSpan6731" value="Let us subdue our body, and let us make it to be a servant (or, slave), lest peradventure we make our soul to be the servant of the Devil."/>
		<feat xlink:href="#sSpan6815" value="'Let the careful consideration of the words of God reduce to peace the delights of the senses which are engrained in our hearts,"/>
		<feat xlink:href="#sSpan6883" value="and which resemble those that are found in wild animals,"/>
		<feat xlink:href="#sSpan6926" value="and let us bear at all times the death of our Lord Jesus Christ in our bodies,"/>
		<feat xlink:href="#sSpan7001" value="and let us keep in remembrance that which He spake saying, ' Be prudent, be ye vigilant.’"/>
		<feat xlink:href="#sSpan7053" value="The man that slumbereth shall not receive the crown of victory,"/>
		<feat xlink:href="#sSpan7082" value="and the man that is careless and idle shall not receive the prize,"/>
		<feat xlink:href="#sSpan7136" value="but the man who hath borne innumerable buffetings and wounds is he who shall receive honour from the Master of the contest."/>
		<feat xlink:href="#sSpan7207" value="Now the Enemy is in the habit of taking to flight before him that is prudent (or, cautious), but help undereth him that slumbereth."/>
		<feat xlink:href="#sSpan7279" value="Therefore, thou must know that thou hast about thee enemies which are evil."/>
		<feat xlink:href="#sSpan7332" value="Give, therefore, no sleep to thine eyes,"/>
		<feat xlink:href="#sSpan7356" value="nor slumber to thine eyelids,"/>
		<feat xlink:href="#sSpan7381" value="that thou mayest escape like a roe from the snare of the hunter, and like a bird from the net of the fowler."/>
		<feat xlink:href="#sSpan7468" value="Let us flee at all times from the cares of this world (or, life), and from the burdens thereof."/>
		<feat xlink:href="#sSpan7529" value="If we would make ourselves to be free from this world, we must not make to ourselves care for the things of the world,"/>
		<feat xlink:href="#sSpan7589" value="for very many have been snared by the guile thereof."/>
		<feat xlink:href="#sSpan7625" value="For the [Book] saith, ' He who is our Adversary, the Devil, goeth about roaring, like the lions, and seeking after prey,'"/>
		<feat xlink:href="#sSpan7725" value="not, however, prey in the literal sense of the word, but to devour that which is in the soul."/>
		<feat xlink:href="#sSpan7759" value="'Flee from the knavery of the Crafty One,"/>
		<feat xlink:href="#sSpan7794" value="and thou shalt say, ' Through Thee shall I be delivered from a company of thieves,"/>
		<feat xlink:href="#sSpan7848" value="and through my God I shall leap over a wall.'"/>
		<feat xlink:href="#sSpan7881" value="Seek not to excuse thyself from suffering, lest by so doing thou shalt excuse thyself from the crown also."/>
		<feat xlink:href="#sSpan7923" value="The merchant loseth not courage, but he endureth even the waves of the sea, and he findeth possessions."/>
		<feat xlink:href="#sSpan7994" value="He who contendeth is wont to fight in pain and suffering even unto wounds, for his heart looketh for the crown of victory."/>
		<feat xlink:href="#sSpan8067" value="The husbandman doth not find ears of corn [in his tillage] | unless he hath first of all sown the seed [thereof] by his own toil."/>
		<feat xlink:href="#sSpan8142" value="This is what is to be expected from the kingdom which is in the heavens: : men must account tribulations as nothing whatsoever, and they must fortify their hearts by means of the hope of the good things which shall come."/>
		<feat xlink:href="#sSpan8281" value="Let us therefore devote our whole attention to watching at all times, so that when our Bridegroom shall return, , and look in the bride-chamber,"/>
		<feat xlink:href="#sSpan8371" value="we may hear His voice, and may rise up, and may meet Him being prepared to receive Him."/>
		<feat xlink:href="#sSpan8433" value="For He said, ' Let your loins be girded up, let your lamps be filled and lighted, and do ye even as do those men who are expecting to see their Lord.'"/>
		<feat xlink:href="#sSpan8535" value="Now behold, the Saviour proclaimed blessed the man who was sober (or, vigilant), saying, , 'Blessed is that | servant whose master on coming shall find him keeping watch.'"/>
		<feat xlink:href="#sSpan8662" value="And as He proclaimed blessed those who kept watch,"/>
		<feat xlink:href="#sSpan8701" value="so also did He regard him that was careless as a bad servant, for He spake saying, ' That wicked servant shall say in his heart, 'My master tarrieth.' And he shall begin to smite his fellow servants, and to eat, and to drink, and to become drunken."/>
		<feat xlink:href="#sSpan8907" value="And the master of that wicked servant shall come on a day which he knoweth not, and in an hour wherein he expecteth him not. And he shall cut him asunder, and shall set his portion with [the portions of] the unbelieving ones.'"/>
		<feat xlink:href="#sSpan9066" value="If they shall cut asunder him that saith, ' My master tarrieth,' what shall they do unto him that doth not expect to see him at all?"/>
		<feat xlink:href="#sSpan9189" value="Therefore, O my beloved, what is meet for us to do is this: We must act in such a way that we may find ourselves prepared at any hour, and we must sail a straightforward course, and always in the same direction;"/>
		<feat xlink:href="#sSpan9301" value="for it is unlikely that we shall be able to turn back again and cultivate successfully that concerning which we have been careless."/>
		<feat xlink:href="#sSpan9375" value="Let us therefore be prepared at any hour, so that we may say with boldness, ' Lord, my heart is ready, my heart is ready.’"/>
		<feat xlink:href="#sSpan9471" value="’ In this life we are in a mighty war."/>
		<feat xlink:href="#sSpan9512" value="The workers of evil, who are the demons, stretch their bows."/>
		<feat xlink:href="#sSpan9563" value="Then one of them shooteth an arrow into our ears, so that we may listen to slanderous chatterings with pleasure."/>
		<feat xlink:href="#sSpan9635" value="And another shooteth an arrow into our eyes, so that we may turn our gaze in a wrongful manner towards the things which are unseemly."/>
		<feat xlink:href="#sSpan9689" value="And another shooteth an arrow into our tongue, so as to make us to revile scornfully our brother."/>
		<feat xlink:href="#sSpan9739" value="And another shooteth an arrow into our belly, which exciteth in us the appetite of gluttony."/>
		<feat xlink:href="#sSpan9805" value="And another shooteth an arrow into our hands, which leadeth us on to deeds of rapine, and greed of the most excessive character."/>
		<feat xlink:href="#sSpan9883" value="And another shooteth an arrow into our feet, which moveth us to walk into wickedness."/>
		<feat xlink:href="#sSpan9940" value="Because of all these things the blessed man Paul armed us with weapons,"/>
		<feat xlink:href="#sSpan9986" value="for he wrote saying, 'Take unto you the whole armour of God, and the helmet of the Spirit."/>
		<feat xlink:href="#sSpan10057" value="With these ye shall be able to quench every fiery dart of the Evil One'"/>
		<feat xlink:href="#sSpan10121" value="Let us hearken unto the voice of the prophet, which saith, ' He hath shewed thee, O man, what is good ;"/>
		<feat xlink:href="#sSpan10208" value="and also that which God seeketh after at thy hands, to make thyself to perform judgement and righteousness."/>
		<feat xlink:href="#sSpan10286" value="And thou shalt love mercy, and to prepare to follow closely after the Lord thy God.'"/>
		<feat xlink:href="#sSpan10347" value="Therefore let us forget the things which are behind, and reach forth unto those things which are before."/>
		<feat xlink:href="#sSpan10419" value="Let us delight ourselves in the Lord, and let us feed upon His words."/>
		<feat xlink:href="#sSpan10463" value="Let us not waste our opportunities in emptiness, but as we have a (good) Lord, let us perform service to Him in truth."/>
		<feat xlink:href="#sSpan10577" value="Consider the great love for man which He sheweth in respect of us!"/>
		<feat xlink:href="#sSpan10651" value="Sometimes He appealeth to us, sometimes He threateneth us with the punishments,"/>
		<feat xlink:href="#sSpan10701" value="and sometimes He teacheth us obedience, and He bestoweth rewards upon those who hearken unto Him."/>
		<feat xlink:href="#sSpan10792" value="Therefore we must gird up the loins of our heart(s) in truth."/>
		<feat xlink:href="#sSpan10840" value="Let us perform the service of the Good God, our Saviour."/>
		<feat xlink:href="#sSpan10882" value="Let us keep in remembrance all the things which He suffered for our sakes."/>
		<feat xlink:href="#sSpan10931" value="He was made after the manner of a man for our sakes. He was suckled at the breast like a man."/>
		<feat xlink:href="#sSpan10963" value="He was suckled at the breast like a man. He made Himself to be a child in age (or, stature)."/>
		<feat xlink:href="#sSpan11007" value="He received baptism for our sakes."/>
		<feat xlink:href="#sSpan11031" value="He suffered hunger. He slept, He slumbered for our sakes."/>
		<feat xlink:href="#sSpan11074" value="He mourned, they made Him the object of plots of treachery,"/>
		<feat xlink:href="#sSpan11105" value="they scourged Him, they treated Him with contumely,"/>
		<feat xlink:href="#sSpan11137" value="and finally they delivered Him over to death for our sakes."/>
		<feat xlink:href="#sSpan11185" value="Let us, then, think at all times on all these things which He suffered patiently for the sake of our sins,"/>
		<feat xlink:href="#sSpan11259" value="(and) that (the Book) saith, Ye have not yet resisted unto blood, (striving against sin).'"/>
		<feat xlink:href="#sSpan11297" value="But ye shall fight against sin, that is to say, although we are not now asked to give our blood for the sake of Christ,"/>
		<feat xlink:href="#sSpan11393" value="that we should earnestly follow after sinlessness is demanded at our hands."/>
		<feat xlink:href="#sSpan11436" value="Keep in remembrance, moreover, the healings which our Saviour effected. He healed the sick,"/>
		<feat xlink:href="#sSpan11493" value="He cast out the devils, He made the lame to walk,"/>
		<feat xlink:href="#sSpan11544" value="He made the blind to see, besides all these other healiugs which we put aside and do not attempt and describe one by one."/>
		<feat xlink:href="#sSpan11650" value="And, as the fulfilment of all these, He bestowed upon us the gracious gift of the way of entering into heaven, so that we ourselves might follow in His footsteps by means of a life of noble and virtuous deeds, and might make for ourselves our citizenship in the heavens,"/>
		<feat xlink:href="#sSpan11821" value="in a manner suitable for the place wherein our names are inscribed."/>
		<feat xlink:href="#sSpan11873" value="Now the Scripture hath called us ' strangers and sojourners ', so that we may think scorn of the things of this place (i. e., world)."/>
		<feat xlink:href="#sSpan11948" value="The pleasure of this world is like unto a day (Coptic reads: dog):"/>
		<feat xlink:href="#sSpan11976" value="if we chase him away, he fleeth; and if we feed him, he will abide with thee."/>
		<feat xlink:href="#sSpan12037" value="It is for this reason that Aiakk6bos (James) said, 'Resist ye the j Devil, and he shall flee from you.'"/>
		<feat xlink:href="#sSpan12110" value="Let us not think in our minds that we shall be able to repent in Amente,"/>
		<feat xlink:href="#sSpan12155" value=" for the medicine of repentance hath no effect in that place."/>
		<feat xlink:href="#sSpan12207" value="For although we shall gnash with our teeth, and our tongue shall be on fire, there shall be in that place none who shall dip his finger in water for us;"/>
		<feat xlink:href="#sSpan12313" value="on the contrary, we ourselves shall hear the words which the rich man heard."/>
		<feat xlink:href="#sSpan12370" value="Let us know, then, O my beloved, that the works of this changing (world) are nothing but phantasms (or, dreams), and that we live in a house wherein travellers are received, out from which we must go forth in any case."/>
		<feat xlink:href="#sSpan12506" value="Let us take care concerning the road, and concerning the provisions which we must take with us on the road."/>
		<feat xlink:href="#sSpan12570" value="Let us array ourselves in the garments which appertain to this life, concerning which Paul counselled us, saying, 'Dress yourselves in the bowels of mercies, and in goodness, and in humility'"/>
		<feat xlink:href="#sSpan12728" value="In that place we shall have no need of gold, but we shall have need of the dropping of water."/>
		<feat xlink:href="#sSpan12811" value="We shall have no need of the leaves of trees and plants, but of the fruit thereof. We shall have no need of words, but of deeds."/>
		<feat xlink:href="#sSpan12893" value="For He (i. e., Christ) said, ' It is not every one who shall say unto Me, Lord, Lord, that shall enter into the kingdom of heaven, but he who doeth the Will of My Father which (is) in heaven/"/>
		<feat xlink:href="#sSpan13046" value="Let us therefore by no manner of means deceive ourselves."/>
		<feat xlink:href="#sSpan13081" value="And if any man shall pass the whole of his life in eating at feasts, and in drinking of wine, (that period of time) will be as nothing compared with the ages which shall follow it without end."/>
		<feat xlink:href="#sSpan13178" value="For in this world both the good things and the evil things which are therein fulfil themselves."/>
		<feat xlink:href="#sSpan13244" value="In that world, however, the good things endure, and exist for ever and for ever, and the punishments are endless."/>
		<feat xlink:href="#sSpan13321" value="In this world, if the body burnetii, the soul cometh forth therefrom, and it existeth undestroyed."/>
		<feat xlink:href="#sSpan13397" value="In that world, even though the body rise up, and exist in an undestroyed form, the soul shall burn for all time."/>
		<feat xlink:href="#sSpan13490" value="And if it be necessary that sinners shall rise up, and exist in an undestroyed form, this shall not happen in order that they may receive glory, but only that they may be punished with the punishments which are deathless."/>
		<feat xlink:href="#sSpan13615" value="If a man be unable to bear the heat of the bath which hath been heated to an unwonted degree, what will he do when he is delivered over to the river of fire which floweth before the throne of Christ?"/>
		<feat xlink:href="#sSpan13774" value="It is necessary that every man should make himself to consider the fire which is there."/>
		<feat xlink:href="#sSpan13835" value="Let us examine carefully the seal which is on our gold and see that it is intact, lest peradventure some come and plunder our treasure."/>
		<feat xlink:href="#sSpan13913" value="Now all our works may be able to constrain him that hath speech with us (to think us good), but it is impossible that we shall be able to deceive the Judge Who is in the Other World."/>
		<feat xlink:href="#sSpan14007" value="As long then as we have time, come ye, and let us heal the wound in our souls by means of (our) tears."/>
		<feat xlink:href="#sSpan14089" value="If the prophet Jeremiah wept over the overthrow of the temple, which had been built throughout with stones of price, saying, ' Leave me alone, let me weep bitterly,' how much more is it right for us to weep over the temple of ourselves, which is exceedingly glorious,"/>
		<feat xlink:href="#sSpan14273" value="and which, though it hath not therein the ark of gold, is, nevertheless, the dwelling-place of the Holy Trinity?"/>
		<feat xlink:href="#sSpan14357" value="If we look upon one who is dead, we weep over him according to custom, what man is there who would be altogether so foolish as not to weep for his own soul if it had died in sin?"/>
		<feat xlink:href="#sSpan14531" value="For this reason it is seemly to weep not over the dead body but over the death of thy soul."/>
		<feat xlink:href="#sSpan14594" value="Remember thou, then, that the time hath drawn nigh,"/>
		<feat xlink:href="#sSpan14630" value="and that the Judge standeth at the door; the evening approacheth, and the day hath declined"/>
		<feat xlink:href="#sSpan14702" value="No man remaineth asleep when once the night hath passed away, and the Sun hath risen."/>
		<feat xlink:href="#sSpan14760" value="Let us rise up out of the slumber of dreams, and let us make (or, bring forth) fruits worthy of repentance, even as it is written."/>
		<feat xlink:href="#sSpan14860" value="Repentance requireth not a long time, and very many of the martyrs received the crown for (the repentance) of a short time."/>
		<feat xlink:href="#sSpan14953" value="And if we have committed the sins which lead unto death, let us not fall into a state of despair, for we have with us the medicines of salvation, that is to say, tears."/>
		<feat xlink:href="#sSpan15078" value="And moreover, it belongeth to the nature of men to go astray in the work,"/>
		<feat xlink:href="#sSpan15133" value="but it is the work of Satan to persist in the going astray."/>
		<feat xlink:href="#sSpan15183" value="For falling down is not a very evil thing, but the not rising up (again) after the fall is both an evil thing and destruction."/>
		<feat xlink:href="#sSpan15275" value="For this reason our God cried out to us through the prophet saying, 'Is there no balsam in Gilead?"/>
		<feat xlink:href="#sSpan15346" value="Or is there no physician in that place?"/>
		<feat xlink:href="#sSpan15381" value="Why then hath not the healing of the daughter of my people increased?'"/>
		<feat xlink:href="#sSpan15437" value="If it should happen that any member in our body become diseased, are we not wont to send for the physicians, and to make all the haste possible until we have healed that sick member in our body?"/>
		<feat xlink:href="#sSpan15560" value="When, however, the soul itself is sick we are careless about it, and we take no care whatsoever about the healing thereof."/>
		<feat xlink:href="#sSpan15643" value="Let us hold in fear Him that hath the power to destroy our soul and our body in Gehenna."/>
		<feat xlink:href="#sSpan15732" value="Come ye, let us flee into the sea of the mercy of God before the time of the torturings,"/>
		<feat xlink:href="#sSpan15819" value="and let us say with the holy man David, ' Thou shalt wash me throughly therein, and I shall become whiter than the snow.'"/>
		<feat xlink:href="#sSpan15916" value="The Good Shepherd standeth wishing to snatch away our souls from out of the mouth of the lion before he is able to devour them."/>
		<feat xlink:href="#sSpan16023" value="He crieth out unto us ourselves saying, 'My son, thou hast sinned; do not (sin) again'"/>
		<feat xlink:href="#sSpan16091" value="And again He saith, Shall not he who falleth rise up again?"/>
		<feat xlink:href="#sSpan16131" value="Or shall not he who hath gone astray turn again into the right way?'"/>
		<feat xlink:href="#sSpan16178" value="And again He saith, 'Turn ye yourselves unto Me, My children (or, sons) who have wandered afar off, and I will heal your wounds of contrition.'"/>
		<feat xlink:href="#sSpan16256" value="He was no liar who said, 'I have not come to judge the world, but in order that the world might have salvation through Me'"/>
		<feat xlink:href="#sSpan16365" value="The one thing for us to do is to repent."/>
		<feat xlink:href="#sSpan16385" value="For He saith, 'I do not desire the death of the sinner, but that he would turn himself from his evil way, and live'"/>
		<feat xlink:href="#sSpan16493" value="There is no man among those who love persons, who even if he be consumed with the madness of love for the woman who is his beloved, that can love wholly in the same manner"/>
		<feat xlink:href="#sSpan16614" value="as that in which God loveth the soul which repenteth."/>
		<feat xlink:href="#sSpan16660" value="For though it hath committed fornication very many times, He crieth out unto it saying, ' And I spake unto her after she had committed fornication with all these (i. e., her lovers) saying, Return thou unto Me'"/>
		<feat xlink:href="#sSpan16797" value="For the lovingkindness of God towards man is in this wise:"/>
		<feat xlink:href="#sSpan16841" value="He never rejecteth him that setteth forth to come to Him with repentance."/>
		<feat xlink:href="#sSpan16907" value="And if he hath fallen into the ditch, and into evil, yet will He stretch out widely His hands to him saying, ' Turn thou to Me, and I will save thee'"/>
		<feat xlink:href="#sSpan17036" value="And again, 'On that day wherein ye shall hear His voice, harden ye not your hearts.'"/>
		<feat xlink:href="#sSpan17097" value="Doth there exist a physician who, supposing it to be his wish to make him that is sick to recover a little, would reproach him"/>
		<feat xlink:href="#sSpan17173" value="The physician doth not treat him with contempt, neither doth he award him the just retribution for his disgraceful state, but he administereth unto him the medicine with gentleness."/>
		<feat xlink:href="#sSpan17274" value="How much more then shall God, Who is in truth the Good Physician of our souls (act thus towards us)?"/>
		<feat xlink:href="#sSpan17327" value="Above all things let us not despair of our own salvation."/>
		<feat xlink:href="#sSpan17367" value="For he who contendeth in the games is wont to fall down often, but in the end he riseth up, and receiveththe crown of victory."/>
		<feat xlink:href="#sSpan17440" value="So also is it with the soldier. After he hath been wounded (the physicians) heal him, and he wageth war again, and men consider him to be of greater value than those who have not been wounded at all."/>
		<feat xlink:href="#sSpan17555" value="Similarly also there are very many merchants who, although their ships have foundered, and they have lost their cargoes, do not despair,"/>
		<feat xlink:href="#sSpan17638" value="but they go back again regularly to the markets,"/>
		<feat xlink:href="#sSpan17642" value="Fol. 19a col. 1 and they amass | riches."/>
		<feat xlink:href="#sSpan17703" value="For the burning fire of Gehenna hath not been prepared solely for us, but it was made ready for the Devil and his angels."/>
		<feat xlink:href="#sSpan17803" value="Above all things let us not kindle that fire for ourselves, and let us not hear besides the words, (Get ye into the fire which ye yourselves have kindled)"/>
		<feat xlink:href="#sSpan17904" value="There is no sick man living who cannot be healed by the medicine of the Physician of our souls."/>
		<feat xlink:href="#sSpan17974" value="But perhaps thou wilt say, ' I certainly cannot attain unto perfection.'"/>
		<feat xlink:href="#sSpan18037" value="If thou art not able to attain unto perfection, and if thou art not able to become like a sun, then make thyself to be like unto a star."/>
		<feat xlink:href="#sSpan18150" value="In any case transfer thyself from earth to heaven. Make thyself to be like a star which sendeth forth light."/>
		<feat xlink:href="#sSpan18232" value="It is very much better that thou shouldst do a few works which are good, than that thou shouldst do nothing at all."/>
		<feat xlink:href="#sSpan18312" value="Thou hast been informed concerning the cup of cold water, and concerning the visiting of those who are sick, and those who are in prison."/>
		<feat xlink:href="#sSpan18404" value="Moreover, if we shall be punished for our words and for our deeds,"/>
		<feat xlink:href="#sSpan18459" value="how much more shall He give us wages for our good works, even though they be very few?"/>
		<feat xlink:href="#sSpan18529" value="Therefore let us labour for a little time, so that we may at last live the life which is for ever."/>
		<feat xlink:href="#sSpan18620" value="If it were possible for us to die many, many times, it would be seemly for us to do so, so that we might see Christ coming in His glory."/>
		<feat xlink:href="#sSpan18743" value="We shall not see Him in a riddle, but we shall | see Him as He really is, with our own eyes, according to the testimony of the Apostle John, who preached concerning God."/>
		<feat xlink:href="#sSpan18900" value="If we look upon the beauty of the human body in this place (i. e., world) we are wont to marvel thereat."/>
		<feat xlink:href="#sSpan18966" value="Now the beauty of human bodies ariseth from humours and from heat, which after death turn into worms, and ashes, and corruption."/>
		<feat xlink:href="#sSpan19089" value="How much more, then, shall we admire when we look upon that beauty which is incorruptible, and spotless, and pure?"/>
		<feat xlink:href="#sSpan19157" value="Since Peter, when he saw only the very smallest portion of the light of the glory"/>
		<feat xlink:href="#sSpan19212" value="thereof, said, 'It is good for us to remain in this place'"/>
		<feat xlink:href="#sSpan19261" value="what shall happen unto us when we shall look upon the fullness of that glory?"/>
		<feat xlink:href="#sSpan19329" value="If we ascribe blessings to those who are nigh unto a king in this world, when we see him advancing upon a chariot of gold, and wearing the crown and apparel of purple, then how greatly blessed shall we be when we are placed on the right hand of the King of All, the Judge of every man."/>
		<feat xlink:href="#sSpan19543" value="Now supposing that a kingdom had been promised unto thee, and that the road to the country wherein the kingdom was situated was exceedingly difficult, and toilsome, and was a place of desolation and steepness : wouldst thou not endure all these things in order to reach that kingdom?"/>
		<feat xlink:href="#sSpan19766" value="Thou shalt not say, I am already snared in my sins, and I am not able to turn myself to God/"/>
		<feat xlink:href="#sSpan19841" value="for even if the Devil hath first of all cast us down headlong, let us rise up quickly."/>
		<feat xlink:href="#sSpan19902" value="For our God is a lover of mankind."/>
		<feat xlink:href="#sSpan19930" value="Whomsoever shall flee unto Him He will receive, even as He did in the case of the young man who had squandered the portion of the riches which had fallen to his share."/>
		<feat xlink:href="#sSpan20048" value="Let us keep in remembrance the fact that after Solomon became king, and had obtained experience of all the glorious things and delights of life,"/>
		<feat xlink:href="#sSpan20127" value="he said, ' It is vanity, and vanity it is which is in them all'"/>
		<feat xlink:href="#sSpan20193" value="If the governor (of a city) taketh the greatest pains in order to be praised by those who are sitting in the theatre, notwithstanding the fact that the greater number of those who are sitting in that place are poor men, and men of humble station, and servants, and strangers, how very much more pains ought we to take to cause ourselves to be well spoken of in that theatre of the Other World, wherein are congregated the angels, and the archangels, and all the saints?"/>
		<feat xlink:href="#sSpan20482" value="Let no whoremonger and tax-gatherer be before us to enter into the Kingdom."/>
		<feat xlink:href="#sSpan20530" value="There are many medicines and many remedies established for us in Holy Scripture which are different each from the other."/>
		<feat xlink:href="#sSpan20614" value="Ahab sorrowed in his heart because of the sin which he had committed, and he escaped from the wrath of God by means of this medicine. And Nebuchadnezzar (βαλτασαρ) (escaped) through mercy."/>
		<feat xlink:href="#sSpan20726" value="The inhabitants of Nineveh escaped through the medicine of fasting."/>
		<feat xlink:href="#sSpan20774" value="The harlot reconciled God to her through her tears."/>
		<feat xlink:href="#sSpan20817" value="The thief became a citizen of the Paradise through faith"/>
		<feat xlink:href="#sSpan20869" value="Therefore will we exalt these salves and these medicines."/>
		<feat xlink:href="#sSpan20907" value="Let us heal our souls of the wounds of sin which we our own selves have caused."/>
		<feat xlink:href="#sSpan20988" value="Let us ourselves say unto the True Physician, 'Heal me, O God, and I shall become whole and Heal my soul, for I have sinned against Thee'"/>
		<feat xlink:href="#sSpan21099" value="and the True Physician shall receive us to Himself. And He shall say, I, even I, am He Who blotteth out thy sin, and I will no more remember it'"/>
		<feat xlink:href="#sSpan21212" value="Thou seest, then, the vast number of the medicines and salves, each of which is different from the other, which have been transmitted unto us in mercy by the Physician for use on various kinds of sores, and on divers cuts and bruises."/>
		<feat xlink:href="#sSpan21343" value="Choose thou from among these that which thou wishest for the healing of thy soul."/>
		<feat xlink:href="#sSpan21404" value="If now thou art not able to perform mercy like Nebuchadnezzar (βαλτασαρ), nor to grieve in thy heart over thy sins like Ahab, and if thou art not able to fast like the inhabitants of Nineveh,"/>
		<feat xlink:href="#sSpan21554" value="and if thou canst not wash away thy sins by means of thy tears like the harlot, flee thou to the foot of the Merciful, and thou thyself shalt say, with David, 'Have mercy upon me, O God, according to the greatness of Thy mercy.'"/>
		<feat xlink:href="#sSpan21711" value="It is not a viper which hath bitten me, or I would have fled to the feet of the man of enchantments, neither am I filthy with the mire, or I would have washed myself clean in water,"/>
		<feat xlink:href="#sSpan21826" value="but it is the Devil who hath cast his venom upon me, and I have been penetrated by the mire of iniquity."/>
		<feat xlink:href="#sSpan21911" value="For this reason I am in need of the greatness of the mercy of Thy lovingkindness towards man."/>
		<feat xlink:href="#sSpan21962" value="Thou must, in any case, go to Him, and thou must make supplication to Him,"/>
		<feat xlink:href="#sSpan22003" value="and He will graciously bestow upon thee the mercy of the Father, and the mercy which He spake saying, ' If the unrighteous man will turn from his evil way, I will no longer keep in remembrance all the iniquities which he hath committed.'"/>
		<feat xlink:href="#sSpan22161" value="Nevertheless, thou must certainly shew Him thy wound, and thou shalt say, ' Have mercy upon me. Have mercy upon my body, and upon my soul."/>
		<feat xlink:href="#sSpan22254" value="Have mercy upon me in this world, and in that which is to come."/>
		<feat xlink:href="#sSpan22291" value="Have mercy upon me because of the weakness of nature, and because of the sea of Thy goodness.'"/>
		<feat xlink:href="#sSpan22361" value="Do thou desire earnestly healing, and the Physician will be ready to heal thee at the earliest moment with His medicine."/>
		<feat xlink:href="#sSpan22417" value="For He who seeketh after thy salvation is He who brought back the sheep which had gone astray."/>
		<feat xlink:href="#sSpan22490" value="And He it is Who sendeth forth His servant into the highways to invite both the wicked and the good to the marriage feast."/>
		<feat xlink:href="#sSpan22579" value="Behold, He Himself will sell unto thee the kingdom which is in the heavens."/>
		<feat xlink:href="#sSpan22635" value="If thou art not able to buy it for copper (money), buy it for thyself with a little piece of bread, for He will sell thee the kingdom which is in the heavens for this."/>
		<feat xlink:href="#sSpan22763" value="Behold, the prophet cried out saying, Who is the man who is wishing for life, and who would see the days that are good? ' that is to say, to receive for yourselves a fine external appearance and the service of servants."/>
		<feat xlink:href="#sSpan22917" value="Now he who seeketh after that which is sold may not have with him the means (or, possessions) to give in exchange for it."/>
		<feat xlink:href="#sSpan22988" value="If (thou hast) not (these things), then give the innocence of thy soul, give fastings, give tears."/>
		<feat xlink:href="#sSpan23059" value="If thou hast nothing else whatsoever to give, then give the cessation of thy tongue from that which is evil, and the cessation of thy lips from speaking guile"/>
		<feat xlink:href="#sSpan23155" value="This shall be the beginning of the salvation of thy soul ; but take good heed unto thyself."/>
		<feat xlink:href="#sSpan23222" value="If thou dost fast, guard thyself lest thy heart become proud;"/>
		<feat xlink:href="#sSpan23266" value="if thou doest acts of mercy watch thyself that thou doest them not for the approbation of men."/>
		<feat xlink:href="#sSpan23315" value="Nay, more (than this). If the day of fasting shall cause thee to be regarded (by men) with close attention, thou shalt consider what it is which thou hast acquired for thyself through the fasting, lest thou find thyself to be on a lower level than before thou didst fast."/>
		<feat xlink:href="#sSpan23467" value="Moreover, observe what kind of sin it is which thou hast abandoned, or for what purpose thou hast abandoned it,"/>
		<feat xlink:href="#sSpan23539" value="and what kind of success it is which thou hast acquired for thyself,"/>
		<feat xlink:href="#sSpan23581" value="or what manner of defect it is which thou hast corrected through thy fasting."/>
		<feat xlink:href="#sSpan23637" value="See if thou hast made wrath to cease in thee, and if thou hast driven anger forth from thee."/>
		<feat xlink:href="#sSpan23705" value="See if thou hast cured thyself of thinking scorn of thy brother, and of uttering calumnies concerning him, and of feelings of hatred towards thy neighbours."/>
		<feat xlink:href="#sSpan23816" value="See if thou hast cured thyself of cursing and swearing, and if thou hast laid aside words of obscenity, or words of ribaldry, or words of lewdness."/>
		<feat xlink:href="#sSpan23918" value="See what manner of good thing* it is which thou hast gotten for thyself."/>
		<feat xlink:href="#sSpan23970" value="If thou hast abandoned (the eating of) bread overmuch, and of other kinds of food, but hast not abandoned passion, nor hast gotten for thyself spiritual excellences, in what way then hast thou benefited by the fasting?"/>
		<feat xlink:href="#sSpan24130" value="Thou shalt not say, 'Who is the man that will hold me up to contempt? I myself will hold him up to contempt."/>
		<feat xlink:href="#sSpan24186" value="Who is he that will destroy my reputation ?"/>
		<feat xlink:href="#sSpan24214" value="I myself will destroy his reputation. Who is he that will do wrong unto me?"/>
		<feat xlink:href="#sSpan24266" value="I myself will wreak my vengeance upon him.'"/>
		<feat xlink:href="#sSpan24301" value="Do not this, but leave the matter to the True Judge Who shall reward to each man according to his works."/>
		<feat xlink:href="#sSpan24383" value="For all these things shall be made manifest, and they shall all be put to the proof in that theatre wherein the whole world shall be gathered together."/>
		<feat xlink:href="#sSpan24491" value="In that Other World one man shall not be able to give help to another, and no man shall be able to deliver himself from the decision of the Judge, wherefrom no escape may be obtained by supplication."/>
		<feat xlink:href="#sSpan24573" value="In that place of judgement neither Moses, nor Noah, nor Daniel, nor even Abraham himself, the lover of children, shall be able to protect one of his children from the punishment."/>
		<feat xlink:href="#sSpan24733" value="Let us keep in remembrance the fact that we are guilty of very many sins, both of those which are secret and of those which are manifest."/>
		<feat xlink:href="#sSpan24802" value="Now, he (i. e., David) saith, ' If thou shalt mark carefully every iniquity, who is there that shall stand?"/>
		<feat xlink:href="#sSpan24858" value="And why need I speak of the sins which are hidden?"/>
		<feat xlink:href="#sSpan24897" value="If He were to judge us only for those which are manifest, what chance of escape would there be for us?"/>
		<feat xlink:href="#sSpan24968" value="If He were to enquire closely into our conduct, or if He were to investigate our remissnesses in prayer, and our faintheartedness, (what chance of escape would there be for us ?)"/>
		<feat xlink:href="#sSpan25046" value="And when we stand in His presence, how do we place ourselves, and on what do we meditate?"/>
		<feat xlink:href="#sSpan25125" value="Him the honour which servants pay to their masters, or the respect which soldiers pay to their captains, or the honour which friends pay to their friends."/>
		<feat xlink:href="#sSpan25301" value="Now when we talk with our friends we are in the habit of addressing them with the greatest respect and deference, but when we pray to God Himself for our sins we habitually do this with carelessness,"/>
		<feat xlink:href="#sSpan25437" value="and although our knees are bent on the ground, our hearts themselves are imagining that they are occupied in the performance of worldly affairs."/>
		<feat xlink:href="#sSpan25541" value="If God were to enquire carefully into this matter, where should we be able to stand?"/>
		<feat xlink:href="#sSpan25594" value="If, moreover, He were to bring forward (or, into the midst) the charges which we have uttered against each other, and the jealousy, and the hatred, what should we do?"/>
		<feat xlink:href="#sSpan25684" value="If also He were to examine carefully in respect of looking (upon our neighbours) with evil intent (or, maliciously), what should we do? And if He were to search into us carefully in respect of our evil desires, and if He were to demand from us our words of abuse, would any of us be able to open our mouths?"/>
		<feat xlink:href="#sSpan25850" value="Moreover, if He were to judge us for our love of the approbation of men which we have mingled with our prayers, and fastings, and acts of mercy,"/>
		<feat xlink:href="#sSpan25956" value=" should we ever be able to look boldly into heaven at all?"/>
		<feat xlink:href="#sSpan26002" value="If He were to look closely into our behaviour in respect of the acts of deceit which we have done to each other, and of how, when our brother was present with us, we held converse with him as a friend,"/>
		<feat xlink:href="#sSpan26103" value="but when he was absent we heaped abuse of every kind upon him as if he had been an enemy (what should we do?)."/>
		<feat xlink:href="#sSpan26158" value="If He were to make a reckoning with us in respect of our false oaths, and our lies, and our wrath without cause against each other, and our malicious feelings,"/>
		<feat xlink:href="#sSpan26262" value=" and our emotions of grief when we saw any one of our friends held in honour by men, or praised more than ourselves, and our feelings of joy when certain folk fell into evil and calamity,"/>
		<feat xlink:href="#sSpan26416" value="should we not be condemned to most severe punishment because of our behaviour in this respect."/>
		<feat xlink:href="#sSpan26472" value="If He were to exact punishment from us for our carelessness in our assemblies for the Holy Communion, wherein God Himself speaketh to us in the Scriptures,"/>
		<feat xlink:href="#sSpan26571" value="but we pay no attention to Him, and we hold converse with our fellow-servants,"/>
		<feat xlink:href="#sSpan26633" value="should we not then be condemned to a punishment of great severity, because of our behaviour in this respect?"/>
		<feat xlink:href="#sSpan26703" value="For this reason let us set Gehenna before our eyes at all seasons."/>
		<feat xlink:href="#sSpan26767" value="And even if we had not been threatened definitely with Gehenna, it would have been meet for us to keep our sins in our memory at all times, (and seeing that) this Gehenna is ready for us, how much more are we bound to keep our sins in remembrance?"/>
		<feat xlink:href="#sSpan26877" value="Remember thou the Judge."/>
		<feat xlink:href="#sSpan26909" value="For behold, he (i. e., the Book) spake unto thee aforetime concerning the punishment so that thou mightest make thy escape from the danger."/>
		<feat xlink:href="#sSpan26976" value="If He were to command thee saying, Fast thou thou couldst find an excuse for not doing so in thy weakness."/>
		<feat xlink:href="#sSpan27027" value="If He were to say unto thee, 'Give money in charity thou couldst find an excuse for not doing so in thy poverty."/>
		<feat xlink:href="#sSpan27087" value="If He were to say unto thee, Collect nothing in this world thou couldst find an excuse in the necessity for providing for thy son."/>
		<feat xlink:href="#sSpan27165" value="But if He were to say unto thee, ' Be not angry, bear no malice against, have no hatred for, treat not with contumely him that is thy neighbour,' what wouldst thou reply in respect of these things?"/>
		<feat xlink:href="#sSpan27264" value="Since, therefore, there is no apology for thee whatsoever, and there is no means of escape from these things in this respect, how wilt thou be able to lift up thy hands to heaven seeing that these things are in thy soul?"/>
		<feat xlink:href="#sSpan27423" value="Moreover, on many occasions thou hast said, 'They have treated me unjustly, they have defrauded me of my property, they have done me an injury, and they have spoken evil things against me ';"/>
		<feat xlink:href="#sSpan27531" value="but thou hadst only to wait for the decision of the governor."/>
		<feat xlink:href="#sSpan27586" value="If a servant were to treat thee with insolence thou wouldst not thyself beat him, but wouldst make an accusation against him to his master."/>
		<feat xlink:href="#sSpan27658" value="How much more is it meet for thee to leave the matter unto Him Who said, 'Cast the judgement upon Me ; I will repay, saith God.'"/>
		<feat xlink:href="#sSpan27754" value="Thou knowest, therefore, that it will be necessary for thee to take thy stand before the Awful Throne, where neither advocate nor possessions shall be able to assist thee,"/>
		<feat xlink:href="#sSpan27879" value="and that thy soul shall come forth on the ' river of flame which floweth before the throne of Christ ',"/>
		<feat xlink:href="#sSpan27964" value="even as the fathers say who have been in that place before thee."/>
		<feat xlink:href="#sSpan28014" value="Let the fountain of thy tears be in size according to the measure of the sins which thou hast committed."/>
		<feat xlink:href="#sSpan28083" value="If thy sins be few, then a little shedding of tears will suffice."/>
		<feat xlink:href="#sSpan28141" value="If thy transgression be great, then thou wilt have need of overwhelming torrents of tears."/>
		<feat xlink:href="#sSpan28215" value="If, however, thou thyself art free from sin, then shed thou thy tears on behalf of thy brother to a suitable degree, and weep with him for his sins."/>
		<feat xlink:href="#sSpan28317" value="The place through which sin entereth is the eye;"/>
		<feat xlink:href="#sSpan28369" value="let, then, healing come through the eye."/>
		<feat xlink:href="#sSpan28406" value="Let us repent before the door of repentance be shut in our teeth (or, mouth)."/>
		<feat xlink:href="#sSpan28457" value="For this reason (was said) that which was said, ' Let him that thinketh he standeth look carefully lest he fall.'"/>
		<feat xlink:href="#sSpan28518" value="Let him that is in a slippery place, and hath fallen, make haste to rise up (again), for he must not abandon himself to despair."/>
		<feat xlink:href="#sSpan28605" value="For it is written, ' God upholdeth those who fall'"/>
		<feat xlink:href="#sSpan28648" value="And it happeneth that a man moveth sometimes a very little, according to that which and my feet would have moved ; and very little more and my steps would have slipped"/>
		<feat xlink:href="#sSpan28795" value="And again, I say, My feet move; but Thy grace, O God, helpeth me.'"/>
		<feat xlink:href="#sSpan28870" value="Then again, ' They thrust sore at me to make me fall, but God gave me [His] hand"/>
		<feat xlink:href="#sSpan28930" value="He who hath fallen hath, in these ensamples, an encouragement not to allow himself to remain | in his fallen state, and he (i.e., the Book) saith, ' Shall not he that is in the habit of falling rise up again?"/>
		<feat xlink:href="#sSpan29044" value="Watch, however, lest having heard of the goodness of God, thou becomest careless."/>
		<feat xlink:href="#sSpan29111" value="Verily it is written, God, the True Judge, is longsuffering and merciful';"/>
		<feat xlink:href="#sSpan29176" value="and He receiveth (or, accepteth) the repentance of those who shall turn unto Him, as one Who loveth men."/>
		<feat xlink:href="#sSpan29247" value="But the Book saith, ' If ye will not turn yourselves He will sharpen His sword.'"/>
		<feat xlink:href="#sSpan29296" value="Listen, for the Book saith l He will sharpen it"/>
		<feat xlink:href="#sSpan29335" value="Now hitherto He hath not made use of it to smite, for He thought that when thou didst see Him sharpening His sword,"/>
		<feat xlink:href="#sSpan29396" value="thou wouldst anticipate the passing of the sentence, and that fear would rouse thee up to repentance."/>
		<feat xlink:href="#sSpan29454" value="For the Book saith, He hath stretched His bow, He hath made it ready.'"/>
		<feat xlink:href="#sSpan29498" value="Because thou hast not yet seen the arrow, presume not on the mercifulness of the Judge."/>
		<feat xlink:href="#sSpan29565" value="Listen to (the words of) longsuffering of the Saviour Who said, 'Agree thou with him that goeth to law with thee Now the adversary, that is to say, he that fighteth with thee, is with thee at all times."/>
		<feat xlink:href="#sSpan29701" value="And that it is unlikely that thou wilt be able to rid thyself of him Paul teacheth thee saying, The flesh lusteth against our spirit, and the spirit against the flesh; these, moreover, war against each other.'"/>
		<feat xlink:href="#sSpan29841" value="these, moreover, war against each other.'"/>
		<feat xlink:href="#sSpan29874" value="Now the spirit warreth against the flesh, and it bringeth into subjection the lust of this world through the hope of the kingdom which is in the heavens."/>
		<feat xlink:href="#sSpan29970" value="The flesh itself warreth against the spirit, and it inclineth towards the earth and the pleasures thereof."/></featList></paula>