<?xml version='1.0' encoding='UTF-8'?><!DOCTYPE paula SYSTEM "paula_feat.dtd">
<paula version="1.1">
	<header paula_id="scriptorium.penitence.01.mark_lang"/>
	<featList xmlns:xlink="http://www.w3.org/1999/xlink" type="lang" xml:base="scriptorium.penitence.01.mark.xml">
		<feat xlink:href="#sSpan14" value="Greek"/>
		<feat xlink:href="#sSpan34" value="Hebrew"/>
		<feat xlink:href="#sSpan38" value="Hebrew"/>
		<feat xlink:href="#sSpan48" value="Greek"/>
		<feat xlink:href="#sSpan66" value="Greek"/>
		<feat xlink:href="#sSpan77" value="Greek"/>
		<feat xlink:href="#sSpan94" value="Greek"/>
		<feat xlink:href="#sSpan97" value="Greek"/>
		<feat xlink:href="#sSpan106" value="Greek"/>
		<feat xlink:href="#sSpan116" value="Greek"/>
		<feat xlink:href="#sSpan145" value="Greek"/>
		<feat xlink:href="#sSpan158" value="Greek"/>
		<feat xlink:href="#sSpan177" value="Greek"/>
		<feat xlink:href="#sSpan184" value="Greek"/>
		<feat xlink:href="#sSpan243" value="Greek"/>
		<feat xlink:href="#sSpan275" value="Greek"/>
		<feat xlink:href="#sSpan304" value="Greek"/>
		<feat xlink:href="#sSpan324" value="Greek"/>
		<feat xlink:href="#sSpan346" value="Hebrew"/>
		<feat xlink:href="#sSpan384" value="Greek"/>
		<feat xlink:href="#sSpan401" value="Greek"/>
		<feat xlink:href="#sSpan476" value="Greek"/>
		<feat xlink:href="#sSpan601" value="Greek"/>
		<feat xlink:href="#sSpan634" value="Greek"/>
		<feat xlink:href="#sSpan662" value="Greek"/>
		<feat xlink:href="#sSpan695" value="Greek"/>
		<feat xlink:href="#sSpan720" value="Greek"/>
		<feat xlink:href="#sSpan736" value="Greek"/>
		<feat xlink:href="#sSpan750" value="Greek"/>
		<feat xlink:href="#sSpan778" value="Greek"/>
		<feat xlink:href="#sSpan788" value="Greek"/>
		<feat xlink:href="#sSpan802" value="Greek"/>
		<feat xlink:href="#sSpan823" value="Greek"/>
		<feat xlink:href="#sSpan905" value="Greek"/>
		<feat xlink:href="#sSpan938" value="Greek"/>
		<feat xlink:href="#sSpan1044" value="Greek"/>
		<feat xlink:href="#sSpan1071" value="Greek"/>
		<feat xlink:href="#sSpan1202" value="Greek"/>
		<feat xlink:href="#sSpan1216" value="Greek"/>
		<feat xlink:href="#sSpan1225" value="Greek"/>
		<feat xlink:href="#sSpan1296" value="Greek"/>
		<feat xlink:href="#sSpan1322" value="Greek"/>
		<feat xlink:href="#sSpan1334" value="Greek"/>
		<feat xlink:href="#sSpan1363" value="Greek"/>
		<feat xlink:href="#sSpan1366" value="Greek"/>
		<feat xlink:href="#sSpan1418" value="Greek"/>
		<feat xlink:href="#sSpan1447" value="Greek"/>
		<feat xlink:href="#sSpan1452" value="Greek"/>
		<feat xlink:href="#sSpan1484" value="Greek"/>
		<feat xlink:href="#sSpan1561" value="Greek"/>
		<feat xlink:href="#sSpan1575" value="Greek"/>
		<feat xlink:href="#sSpan1578" value="Greek"/>
		<feat xlink:href="#sSpan1593" value="Greek"/>
		<feat xlink:href="#sSpan1708" value="Greek"/>
		<feat xlink:href="#sSpan1737" value="Greek"/>
		<feat xlink:href="#sSpan1750" value="Greek"/>
		<feat xlink:href="#sSpan1807" value="Greek"/>
		<feat xlink:href="#sSpan1865" value="Hebrew"/>
		<feat xlink:href="#sSpan1924" value="Greek"/>
		<feat xlink:href="#sSpan1927" value="Greek"/>
		<feat xlink:href="#sSpan1950" value="Greek"/>
		<feat xlink:href="#sSpan2008" value="Greek"/>
		<feat xlink:href="#sSpan2017" value="Greek"/>
		<feat xlink:href="#sSpan2026" value="Greek"/>
		<feat xlink:href="#sSpan2036" value="Greek"/>
		<feat xlink:href="#sSpan2073" value="Greek"/>
		<feat xlink:href="#sSpan2132" value="Greek"/>
		<feat xlink:href="#sSpan2152" value="Greek"/>
		<feat xlink:href="#sSpan2181" value="Greek"/>
		<feat xlink:href="#sSpan2281" value="Greek"/>
		<feat xlink:href="#sSpan2295" value="Greek"/>
		<feat xlink:href="#sSpan2305" value="Greek"/>
		<feat xlink:href="#sSpan2398" value="Greek"/>
		<feat xlink:href="#sSpan2418" value="Greek"/>
		<feat xlink:href="#sSpan2442" value="Greek"/>
		<feat xlink:href="#sSpan2523" value="Greek"/>
		<feat xlink:href="#sSpan2533" value="Greek"/>
		<feat xlink:href="#sSpan2541" value="Greek"/>
		<feat xlink:href="#sSpan2597" value="Greek"/>
		<feat xlink:href="#sSpan2837" value="Hebrew"/>
		<feat xlink:href="#sSpan2869" value="Greek"/>
		<feat xlink:href="#sSpan2951" value="Greek"/>
		<feat xlink:href="#sSpan2999" value="Greek"/>
		<feat xlink:href="#sSpan3002" value="Greek"/>
		<feat xlink:href="#sSpan3047" value="Greek"/>
		<feat xlink:href="#sSpan3066" value="Greek"/>
		<feat xlink:href="#sSpan3073" value="Greek"/>
		<feat xlink:href="#sSpan3127" value="Hebrew"/>
		<feat xlink:href="#sSpan3151" value="Greek"/>
		<feat xlink:href="#sSpan3271" value="Greek"/>
		<feat xlink:href="#sSpan3284" value="Greek"/>
		<feat xlink:href="#sSpan3460" value="Greek"/>
		<feat xlink:href="#sSpan3488" value="Greek"/>
		<feat xlink:href="#sSpan3524" value="Greek"/>
		<feat xlink:href="#sSpan3533" value="Greek"/>
		<feat xlink:href="#sSpan3589" value="Greek"/>
		<feat xlink:href="#sSpan3675" value="Greek"/>
		<feat xlink:href="#sSpan3735" value="Greek"/>
		<feat xlink:href="#sSpan3796" value="Greek"/>
		<feat xlink:href="#sSpan3819" value="Greek"/>
		<feat xlink:href="#sSpan3823" value="Greek"/>
		<feat xlink:href="#sSpan3866" value="Greek"/>
		<feat xlink:href="#sSpan3871" value="Greek"/>
		<feat xlink:href="#sSpan3999" value="Greek"/>
		<feat xlink:href="#sSpan4056" value="Greek"/>
		<feat xlink:href="#sSpan4123" value="Greek"/>
		<feat xlink:href="#sSpan4188" value="Greek"/>
		<feat xlink:href="#sSpan4228" value="Hebrew"/>
		<feat xlink:href="#sSpan4236" value="Greek"/>
		<feat xlink:href="#sSpan4243" value="Greek"/>
		<feat xlink:href="#sSpan4254" value="Greek"/>
		<feat xlink:href="#sSpan4317" value="Greek"/>
		<feat xlink:href="#sSpan4347" value="Greek"/>
		<feat xlink:href="#sSpan4366" value="Greek"/>
		<feat xlink:href="#sSpan4419" value="Greek"/>
		<feat xlink:href="#sSpan4428" value="Greek"/>
		<feat xlink:href="#sSpan4439" value="Greek"/>
		<feat xlink:href="#sSpan4470" value="Greek"/>
		<feat xlink:href="#sSpan4502" value="Greek"/>
		<feat xlink:href="#sSpan4523" value="Greek"/>
		<feat xlink:href="#sSpan4533" value="Greek"/>
		<feat xlink:href="#sSpan4547" value="Greek"/>
		<feat xlink:href="#sSpan4551" value="Greek"/>
		<feat xlink:href="#sSpan4565" value="Greek"/>
		<feat xlink:href="#sSpan4579" value="Greek"/>
		<feat xlink:href="#sSpan4582" value="Greek"/>
		<feat xlink:href="#sSpan4596" value="Greek"/>
		<feat xlink:href="#sSpan4613" value="Greek"/>
		<feat xlink:href="#sSpan4666" value="Greek"/>
		<feat xlink:href="#sSpan4717" value="Greek"/>
		<feat xlink:href="#sSpan4725" value="Greek"/>
		<feat xlink:href="#sSpan4734" value="Greek"/>
		<feat xlink:href="#sSpan4765" value="Greek"/>
		<feat xlink:href="#sSpan4785" value="Greek"/>
		<feat xlink:href="#sSpan4931" value="Greek"/>
		<feat xlink:href="#sSpan4973" value="Greek"/>
		<feat xlink:href="#sSpan4974" value="Greek"/>
		<feat xlink:href="#sSpan5033" value="Greek"/>
		<feat xlink:href="#sSpan5082" value="Greek"/>
		<feat xlink:href="#sSpan5120" value="Greek"/>
		<feat xlink:href="#sSpan5131" value="Greek"/>
		<feat xlink:href="#sSpan5162" value="Greek"/>
		<feat xlink:href="#sSpan5228" value="Greek"/>
		<feat xlink:href="#sSpan5271" value="Greek"/>
		<feat xlink:href="#sSpan5302" value="Greek"/>
		<feat xlink:href="#sSpan5391" value="Greek"/>
		<feat xlink:href="#sSpan5410" value="Greek"/>
		<feat xlink:href="#sSpan5428" value="Greek"/>
		<feat xlink:href="#sSpan5431" value="Greek"/>
		<feat xlink:href="#sSpan5440" value="Greek"/>
		<feat xlink:href="#sSpan5465" value="Greek"/>
		<feat xlink:href="#sSpan5479" value="Greek"/>
		<feat xlink:href="#sSpan5486" value="Greek"/>
		<feat xlink:href="#sSpan5492" value="Greek"/>
		<feat xlink:href="#sSpan5498" value="Greek"/>
		<feat xlink:href="#sSpan5521" value="Greek"/>
		<feat xlink:href="#sSpan5677" value="Greek"/>
		<feat xlink:href="#sSpan5697" value="Greek"/>
		<feat xlink:href="#sSpan5711" value="Greek"/>
		<feat xlink:href="#sSpan5715" value="Greek"/>
		<feat xlink:href="#sSpan5738" value="Greek"/>
		<feat xlink:href="#sSpan5758" value="Greek"/>
		<feat xlink:href="#sSpan5785" value="Greek"/>
		<feat xlink:href="#sSpan5859" value="Greek"/>
		<feat xlink:href="#sSpan5862" value="Greek"/>
		<feat xlink:href="#sSpan5902" value="Greek"/>
		<feat xlink:href="#sSpan6024" value="Greek"/>
		<feat xlink:href="#sSpan6195" value="Hebrew"/>
		<feat xlink:href="#sSpan6217" value="Greek"/>
		<feat xlink:href="#sSpan6257" value="Greek"/>
		<feat xlink:href="#sSpan6267" value="Greek"/>
		<feat xlink:href="#sSpan6385" value="Greek"/>
		<feat xlink:href="#sSpan6415" value="Greek"/>
		<feat xlink:href="#sSpan6428" value="Greek"/>
		<feat xlink:href="#sSpan6546" value="Greek"/>
		<feat xlink:href="#sSpan6560" value="Greek"/>
		<feat xlink:href="#sSpan6576" value="Greek"/>
		<feat xlink:href="#sSpan6595" value="Greek"/>
		<feat xlink:href="#sSpan6626" value="Greek"/>
		<feat xlink:href="#sSpan6709" value="Greek"/>
		<feat xlink:href="#sSpan6745" value="Greek"/>
		<feat xlink:href="#sSpan6785" value="Greek"/>
		<feat xlink:href="#sSpan6802" value="Greek"/>
		<feat xlink:href="#sSpan6820" value="Greek"/>
		<feat xlink:href="#sSpan6855" value="Greek"/>
		<feat xlink:href="#sSpan6907" value="Greek"/>
		<feat xlink:href="#sSpan6914" value="Greek"/>
		<feat xlink:href="#sSpan6969" value="Hebrew"/>
		<feat xlink:href="#sSpan6979" value="Greek"/>
		<feat xlink:href="#sSpan6990" value="Greek"/>
		<feat xlink:href="#sSpan7033" value="Greek"/>
		<feat xlink:href="#sSpan7130" value="Greek"/>
		<feat xlink:href="#sSpan7159" value="Greek"/>
		<feat xlink:href="#sSpan7215" value="Greek"/>
		<feat xlink:href="#sSpan7238" value="Greek"/>
		<feat xlink:href="#sSpan7247" value="Greek"/>
		<feat xlink:href="#sSpan7351" value="Greek"/>
		<feat xlink:href="#sSpan7508" value="Greek"/>
		<feat xlink:href="#sSpan7535" value="Greek"/>
		<feat xlink:href="#sSpan7548" value="Greek"/>
		<feat xlink:href="#sSpan7577" value="Greek"/>
		<feat xlink:href="#sSpan7592" value="Greek"/>
		<feat xlink:href="#sSpan7644" value="Greek"/>
		<feat xlink:href="#sSpan7720" value="Greek"/>
		<feat xlink:href="#sSpan7745" value="Greek"/>
		<feat xlink:href="#sSpan7774" value="Greek"/>
		<feat xlink:href="#sSpan7938" value="Greek"/>
		<feat xlink:href="#sSpan7983" value="Greek"/>
		<feat xlink:href="#sSpan8006" value="Greek"/>
		<feat xlink:href="#sSpan8025" value="Greek"/>
		<feat xlink:href="#sSpan8209" value="Greek"/>
		<feat xlink:href="#sSpan8248" value="Greek"/>
		<feat xlink:href="#sSpan8258" value="Greek"/>
		<feat xlink:href="#sSpan8275" value="Greek"/>
		<feat xlink:href="#sSpan8329" value="Greek"/>
		<feat xlink:href="#sSpan8404" value="Greek"/>
		<feat xlink:href="#sSpan8437" value="Greek"/>
		<feat xlink:href="#sSpan8553" value="Greek"/>
		<feat xlink:href="#sSpan8556" value="Greek"/>
		<feat xlink:href="#sSpan8570" value="Greek"/>
		<feat xlink:href="#sSpan8675" value="Greek"/>
		<feat xlink:href="#sSpan8736" value="Greek"/>
		<feat xlink:href="#sSpan8840" value="Greek"/>
		<feat xlink:href="#sSpan9053" value="Greek"/>
		<feat xlink:href="#sSpan9210" value="Greek"/>
		<feat xlink:href="#sSpan9271" value="Greek"/>
		<feat xlink:href="#sSpan9305" value="Greek"/>
		<feat xlink:href="#sSpan9338" value="Greek"/>
		<feat xlink:href="#sSpan9354" value="Greek"/>
		<feat xlink:href="#sSpan9428" value="Greek"/>
		<feat xlink:href="#sSpan9488" value="Greek"/>
		<feat xlink:href="#sSpan9499" value="Greek"/>
		<feat xlink:href="#sSpan9530" value="Greek"/>
		<feat xlink:href="#sSpan9565" value="Greek"/>
		<feat xlink:href="#sSpan9612" value="Greek"/>
		<feat xlink:href="#sSpan9659" value="Greek"/>
		<feat xlink:href="#sSpan9773" value="Greek"/>
		<feat xlink:href="#sSpan9810" value="Greek"/>
		<feat xlink:href="#sSpan9927" value="Greek"/>
		<feat xlink:href="#sSpan9959" value="Greek"/>
		<feat xlink:href="#sSpan9962" value="Greek"/>
		<feat xlink:href="#sSpan10011" value="Greek"/>
		<feat xlink:href="#sSpan10035" value="Greek"/>
		<feat xlink:href="#sSpan10045" value="Greek"/>
		<feat xlink:href="#sSpan10102" value="Greek"/>
		<feat xlink:href="#sSpan10146" value="Greek"/>
		<feat xlink:href="#sSpan10203" value="Greek"/>
		<feat xlink:href="#sSpan10264" value="Greek"/>
		<feat xlink:href="#sSpan10274" value="Greek"/>
		<feat xlink:href="#sSpan10342" value="Greek"/>
		<feat xlink:href="#sSpan10366" value="Greek"/>
		<feat xlink:href="#sSpan10390" value="Greek"/>
		<feat xlink:href="#sSpan10442" value="Greek"/>
		<feat xlink:href="#sSpan10489" value="Greek"/>
		<feat xlink:href="#sSpan10508" value="Greek"/>
		<feat xlink:href="#sSpan10513" value="Greek"/>
		<feat xlink:href="#sSpan10621" value="Greek"/>
		<feat xlink:href="#sSpan10632" value="Greek"/>
		<feat xlink:href="#sSpan10655" value="Greek"/>
		<feat xlink:href="#sSpan10670" value="Greek"/>
		<feat xlink:href="#sSpan10687" value="Greek"/>
		<feat xlink:href="#sSpan10706" value="Greek"/>
		<feat xlink:href="#sSpan10862" value="Greek"/>
		<feat xlink:href="#sSpan10869" value="Greek"/>
		<feat xlink:href="#sSpan10939" value="Greek"/>
		<feat xlink:href="#sSpan10972" value="Greek"/>
		<feat xlink:href="#sSpan11015" value="Greek"/>
		<feat xlink:href="#sSpan11078" value="Greek"/>
		<feat xlink:href="#sSpan11087" value="Greek"/>
		<feat xlink:href="#sSpan11109" value="Greek"/>
		<feat xlink:href="#sSpan11150" value="Greek"/>
		<feat xlink:href="#sSpan11224" value="Greek"/>
		<feat xlink:href="#sSpan11292" value="Greek"/>
		<feat xlink:href="#sSpan11305" value="Greek"/>
		<feat xlink:href="#sSpan11380" value="Greek"/>
		<feat xlink:href="#sSpan11387" value="Greek"/>
		<feat xlink:href="#sSpan11462" value="Greek"/>
		<feat xlink:href="#sSpan11511" value="Greek"/>
		<feat xlink:href="#sSpan11654" value="Greek"/>
		<feat xlink:href="#sSpan11678" value="Greek"/>
		<feat xlink:href="#sSpan11759" value="Greek"/>
		<feat xlink:href="#sSpan11769" value="Greek"/>
		<feat xlink:href="#sSpan11798" value="Greek"/>
		<feat xlink:href="#sSpan11815" value="Greek"/>
		<feat xlink:href="#sSpan11837" value="Greek"/>
		<feat xlink:href="#sSpan11924" value="Greek"/>
		<feat xlink:href="#sSpan11978" value="Greek"/>
		<feat xlink:href="#sSpan12008" value="Greek"/>
		<feat xlink:href="#sSpan12076" value="Greek"/>
		<feat xlink:href="#sSpan12136" value="Greek"/>
		<feat xlink:href="#sSpan12159" value="Greek"/>
		<feat xlink:href="#sSpan12171" value="Greek"/>
		<feat xlink:href="#sSpan12202" value="Greek"/>
		<feat xlink:href="#sSpan12209" value="Greek"/>
		<feat xlink:href="#sSpan12307" value="Greek"/>
		<feat xlink:href="#sSpan12382" value="Greek"/>
		<feat xlink:href="#sSpan12471" value="Greek"/>
		<feat xlink:href="#sSpan12610" value="Greek"/>
		<feat xlink:href="#sSpan12624" value="Greek"/>
		<feat xlink:href="#sSpan12629" value="Greek"/>
		<feat xlink:href="#sSpan12680" value="Greek"/>
		<feat xlink:href="#sSpan12708" value="Greek"/>
		<feat xlink:href="#sSpan12735" value="Greek"/>
		<feat xlink:href="#sSpan12768" value="Greek"/>
		<feat xlink:href="#sSpan12796" value="Greek"/>
		<feat xlink:href="#sSpan12817" value="Greek"/>
		<feat xlink:href="#sSpan12832" value="Greek"/>
		<feat xlink:href="#sSpan12842" value="Greek"/>
		<feat xlink:href="#sSpan12857" value="Greek"/>
		<feat xlink:href="#sSpan12873" value="Greek"/>
		<feat xlink:href="#sSpan12897" value="Greek"/>
		<feat xlink:href="#sSpan12992" value="Greek"/>
		<feat xlink:href="#sSpan13050" value="Greek"/>
		<feat xlink:href="#sSpan13074" value="Greek"/>
		<feat xlink:href="#sSpan13156" value="Greek"/>
		<feat xlink:href="#sSpan13186" value="Greek"/>
		<feat xlink:href="#sSpan13191" value="Greek"/>
		<feat xlink:href="#sSpan13201" value="Greek"/>
		<feat xlink:href="#sSpan13251" value="Greek"/>
		<feat xlink:href="#sSpan13267" value="Greek"/>
		<feat xlink:href="#sSpan13301" value="Greek"/>
		<feat xlink:href="#sSpan13328" value="Greek"/>
		<feat xlink:href="#sSpan13341" value="Greek"/>
		<feat xlink:href="#sSpan13359" value="Greek"/>
		<feat xlink:href="#sSpan13404" value="Greek"/>
		<feat xlink:href="#sSpan13415" value="Greek"/>
		<feat xlink:href="#sSpan13428" value="Greek"/>
		<feat xlink:href="#sSpan13467" value="Greek"/>
		<feat xlink:href="#sSpan13485" value="Greek"/>
		<feat xlink:href="#sSpan13492" value="Greek"/>
		<feat xlink:href="#sSpan13566" value="Greek"/>
		<feat xlink:href="#sSpan13583" value="Greek"/>
		<feat xlink:href="#sSpan13620" value="Greek"/>
		<feat xlink:href="#sSpan13639" value="Greek"/>
		<feat xlink:href="#sSpan13668" value="Greek"/>
		<feat xlink:href="#sSpan13705" value="Greek"/>
		<feat xlink:href="#sSpan13753" value="Greek"/>
		<feat xlink:href="#sSpan13763" value="Greek"/>
		<feat xlink:href="#sSpan13776" value="Greek"/>
		<feat xlink:href="#sSpan13794" value="Greek"/>
		<feat xlink:href="#sSpan13849" value="Greek"/>
		<feat xlink:href="#sSpan13873" value="Greek"/>
		<feat xlink:href="#sSpan13882" value="Greek"/>
		<feat xlink:href="#sSpan13891" value="Greek"/>
		<feat xlink:href="#sSpan13917" value="Greek"/>
		<feat xlink:href="#sSpan13949" value="Greek"/>
		<feat xlink:href="#sSpan13988" value="Greek"/>
		<feat xlink:href="#sSpan14002" value="Greek"/>
		<feat xlink:href="#sSpan14043" value="Greek"/>
		<feat xlink:href="#sSpan14062" value="Greek"/>
		<feat xlink:href="#sSpan14107" value="Greek"/>
		<feat xlink:href="#sSpan14213" value="Greek"/>
		<feat xlink:href="#sSpan14310" value="Greek"/>
		<feat xlink:href="#sSpan14321" value="Greek"/>
		<feat xlink:href="#sSpan14426" value="Greek"/>
		<feat xlink:href="#sSpan14463" value="Greek"/>
		<feat xlink:href="#sSpan14488" value="Greek"/>
		<feat xlink:href="#sSpan14560" value="Greek"/>
		<feat xlink:href="#sSpan14581" value="Greek"/>
		<feat xlink:href="#sSpan14610" value="Greek"/>
		<feat xlink:href="#sSpan14639" value="Greek"/>
		<feat xlink:href="#sSpan14815" value="Greek"/>
		<feat xlink:href="#sSpan14833" value="Greek"/>
		<feat xlink:href="#sSpan14862" value="Greek"/>
		<feat xlink:href="#sSpan14884" value="Greek"/>
		<feat xlink:href="#sSpan14948" value="Greek"/>
		<feat xlink:href="#sSpan15028" value="Greek"/>
		<feat xlink:href="#sSpan15072" value="Greek"/>
		<feat xlink:href="#sSpan15081" value="Greek"/>
		<feat xlink:href="#sSpan15094" value="Greek"/>
		<feat xlink:href="#sSpan15137" value="Greek"/>
		<feat xlink:href="#sSpan15149" value="Hebrew"/>
		<feat xlink:href="#sSpan15189" value="Greek"/>
		<feat xlink:href="#sSpan15209" value="Greek"/>
		<feat xlink:href="#sSpan15313" value="Greek"/>
		<feat xlink:href="#sSpan15320" value="Greek"/>
		<feat xlink:href="#sSpan15341" value="Greek"/>
		<feat xlink:href="#sSpan15424" value="Greek"/>
		<feat xlink:href="#sSpan15431" value="Greek"/>
		<feat xlink:href="#sSpan15446" value="Greek"/>
		<feat xlink:href="#sSpan15449" value="Greek"/>
		<feat xlink:href="#sSpan15465" value="Greek"/>
		<feat xlink:href="#sSpan15517" value="Greek"/>
		<feat xlink:href="#sSpan15527" value="Greek"/>
		<feat xlink:href="#sSpan15546" value="Greek"/>
		<feat xlink:href="#sSpan15563" value="Greek"/>
		<feat xlink:href="#sSpan15566" value="Greek"/>
		<feat xlink:href="#sSpan15587" value="Greek"/>
		<feat xlink:href="#sSpan15695" value="Greek"/>
		<feat xlink:href="#sSpan15705" value="Greek"/>
		<feat xlink:href="#sSpan15720" value="Hebrew"/>
		<feat xlink:href="#sSpan15753" value="Greek"/>
		<feat xlink:href="#sSpan15797" value="Greek"/>
		<feat xlink:href="#sSpan15808" value="Greek"/>
		<feat xlink:href="#sSpan15845" value="Hebrew"/>
		<feat xlink:href="#sSpan15903" value="Greek"/>
		<feat xlink:href="#sSpan15965" value="Greek"/>
		<feat xlink:href="#sSpan16099" value="Greek"/>
		<feat xlink:href="#sSpan16126" value="Greek"/>
		<feat xlink:href="#sSpan16306" value="Greek"/>
		<feat xlink:href="#sSpan16316" value="Greek"/>
		<feat xlink:href="#sSpan16323" value="Greek"/>
		<feat xlink:href="#sSpan16339" value="Greek"/>
		<feat xlink:href="#sSpan16360" value="Greek"/>
		<feat xlink:href="#sSpan16373" value="Greek"/>
		<feat xlink:href="#sSpan16394" value="Greek"/>
		<feat xlink:href="#sSpan16517" value="Greek"/>
		<feat xlink:href="#sSpan16524" value="Greek"/>
		<feat xlink:href="#sSpan16641" value="Greek"/>
		<feat xlink:href="#sSpan16650" value="Greek"/>
		<feat xlink:href="#sSpan16673" value="Greek"/>
		<feat xlink:href="#sSpan16753" value="Greek"/>
		<feat xlink:href="#sSpan16804" value="Greek"/>
		<feat xlink:href="#sSpan16899" value="Greek"/>
		<feat xlink:href="#sSpan16902" value="Greek"/>
		<feat xlink:href="#sSpan16950" value="Greek"/>
		<feat xlink:href="#sSpan17111" value="Greek"/>
		<feat xlink:href="#sSpan17116" value="Greek"/>
		<feat xlink:href="#sSpan17183" value="Greek"/>
		<feat xlink:href="#sSpan17198" value="Greek"/>
		<feat xlink:href="#sSpan17231" value="Greek"/>
		<feat xlink:href="#sSpan17276" value="Greek"/>
		<feat xlink:href="#sSpan17292" value="Greek"/>
		<feat xlink:href="#sSpan17315" value="Greek"/>
		<feat xlink:href="#sSpan17322" value="Greek"/>
		<feat xlink:href="#sSpan17362" value="Greek"/>
		<feat xlink:href="#sSpan17369" value="Greek"/>
		<feat xlink:href="#sSpan17374" value="Greek"/>
		<feat xlink:href="#sSpan17400" value="Greek"/>
		<feat xlink:href="#sSpan17458" value="Greek"/>
		<feat xlink:href="#sSpan17473" value="Greek"/>
		<feat xlink:href="#sSpan17492" value="Greek"/>
		<feat xlink:href="#sSpan17632" value="Greek"/>
		<feat xlink:href="#sSpan17698" value="Greek"/>
		<feat xlink:href="#sSpan17705" value="Greek"/>
		<feat xlink:href="#sSpan17724" value="Hebrew"/>
		<feat xlink:href="#sSpan17756" value="Greek"/>
		<feat xlink:href="#sSpan17781" value="Greek"/>
		<feat xlink:href="#sSpan17791" value="Greek"/>
		<feat xlink:href="#sSpan17798" value="Greek"/>
		<feat xlink:href="#sSpan17911" value="Greek"/>
		<feat xlink:href="#sSpan17962" value="Greek"/>
		<feat xlink:href="#sSpan17969" value="Greek"/>
		<feat xlink:href="#sSpan18025" value="Greek"/>
		<feat xlink:href="#sSpan18072" value="Greek"/>
		<feat xlink:href="#sSpan18117" value="Greek"/>
		<feat xlink:href="#sSpan18145" value="Greek"/>
		<feat xlink:href="#sSpan18398" value="Greek"/>
		<feat xlink:href="#sSpan18406" value="Greek"/>
		<feat xlink:href="#sSpan18421" value="Greek"/>
		<feat xlink:href="#sSpan18462" value="Greek"/>
		<feat xlink:href="#sSpan18502" value="Greek"/>
		<feat xlink:href="#sSpan18524" value="Greek"/>
		<feat xlink:href="#sSpan18629" value="Greek"/>
		<feat xlink:href="#sSpan18715" value="Greek"/>
		<feat xlink:href="#sSpan18771" value="Greek"/>
		<feat xlink:href="#sSpan18778" value="Greek"/>
		<feat xlink:href="#sSpan18791" value="Greek"/>
		<feat xlink:href="#sSpan18847" value="Greek"/>
		<feat xlink:href="#sSpan18866" value="Greek"/>
		<feat xlink:href="#sSpan18869" value="Hebrew"/>
		<feat xlink:href="#sSpan18926" value="Greek"/>
		<feat xlink:href="#sSpan18960" value="Greek"/>
		<feat xlink:href="#sSpan18989" value="Greek"/>
		<feat xlink:href="#sSpan19050" value="Greek"/>
		<feat xlink:href="#sSpan19091" value="Greek"/>
		<feat xlink:href="#sSpan19100" value="Greek"/>
		<feat xlink:href="#sSpan19161" value="Greek"/>
		<feat xlink:href="#sSpan19265" value="Greek"/>
		<feat xlink:href="#sSpan19287" value="Greek"/>
		<feat xlink:href="#sSpan19296" value="Greek"/>
		<feat xlink:href="#sSpan19336" value="Greek"/>
		<feat xlink:href="#sSpan19418" value="Greek"/>
		<feat xlink:href="#sSpan19519" value="Greek"/>
		<feat xlink:href="#sSpan19538" value="Greek"/>
		<feat xlink:href="#sSpan19589" value="Greek"/>
		<feat xlink:href="#sSpan19601" value="Greek"/>
		<feat xlink:href="#sSpan19665" value="Greek"/>
		<feat xlink:href="#sSpan19836" value="Greek"/>
		<feat xlink:href="#sSpan19855" value="Greek"/>
		<feat xlink:href="#sSpan19908" value="Greek"/>
		<feat xlink:href="#sSpan20026" value="Greek"/>
		<feat xlink:href="#sSpan20036" value="Greek"/>
		<feat xlink:href="#sSpan20086" value="Greek"/>
		<feat xlink:href="#sSpan20116" value="Greek"/>
		<feat xlink:href="#sSpan20202" value="Greek"/>
		<feat xlink:href="#sSpan20253" value="Greek"/>
		<feat xlink:href="#sSpan20260" value="Greek"/>
		<feat xlink:href="#sSpan20367" value="Greek"/>
		<feat xlink:href="#sSpan20400" value="Greek"/>
		<feat xlink:href="#sSpan20441" value="Greek"/>
		<feat xlink:href="#sSpan20451" value="Greek"/>
		<feat xlink:href="#sSpan20488" value="Greek"/>
		<feat xlink:href="#sSpan20499" value="Greek"/>
		<feat xlink:href="#sSpan20671" value="Greek"/>
		<feat xlink:href="#sSpan20761" value="Greek"/>
		<feat xlink:href="#sSpan20776" value="Greek"/>
		<feat xlink:href="#sSpan20820" value="Greek"/>
		<feat xlink:href="#sSpan20835" value="Greek"/>
		<feat xlink:href="#sSpan20846" value="Greek"/>
		<feat xlink:href="#sSpan20857" value="Greek"/>
		<feat xlink:href="#sSpan20913" value="Greek"/>
		<feat xlink:href="#sSpan20923" value="Greek"/>
		<feat xlink:href="#sSpan20937" value="Greek"/>
		<feat xlink:href="#sSpan21016" value="Greek"/>
		<feat xlink:href="#sSpan21070" value="Greek"/>
		<feat xlink:href="#sSpan21318" value="Greek"/>
		<feat xlink:href="#sSpan21390" value="Greek"/>
		<feat xlink:href="#sSpan21441" value="Akkadian"/>
		<feat xlink:href="#sSpan21451" value="Greek"/>
		<feat xlink:href="#sSpan21489" value="Hebrew"/>
		<feat xlink:href="#sSpan21520" value="Greek"/>
		<feat xlink:href="#sSpan21548" value="Greek"/>
		<feat xlink:href="#sSpan21606" value="Greek"/>
		<feat xlink:href="#sSpan21663" value="Hebrew"/>
		<feat xlink:href="#sSpan21686" value="Greek"/>
		<feat xlink:href="#sSpan21761" value="Greek"/>
		<feat xlink:href="#sSpan21821" value="Greek"/>
		<feat xlink:href="#sSpan21833" value="Greek"/>
		<feat xlink:href="#sSpan21897" value="Greek"/>
		<feat xlink:href="#sSpan21925" value="Greek"/>
		<feat xlink:href="#sSpan21957" value="Greek"/>
		<feat xlink:href="#sSpan21989" value="Greek"/>
		<feat xlink:href="#sSpan22011" value="Greek"/>
		<feat xlink:href="#sSpan22071" value="Greek"/>
		<feat xlink:href="#sSpan22128" value="Greek"/>
		<feat xlink:href="#sSpan22155" value="Greek"/>
		<feat xlink:href="#sSpan22186" value="Greek"/>
		<feat xlink:href="#sSpan22233" value="Greek"/>
		<feat xlink:href="#sSpan22243" value="Greek"/>
		<feat xlink:href="#sSpan22308" value="Greek"/>
		<feat xlink:href="#sSpan22318" value="Greek"/>
		<feat xlink:href="#sSpan22336" value="Greek"/>
		<feat xlink:href="#sSpan22351" value="Greek"/>
		<feat xlink:href="#sSpan22356" value="Greek"/>
		<feat xlink:href="#sSpan22421" value="Greek"/>
		<feat xlink:href="#sSpan22444" value="Greek"/>
		<feat xlink:href="#sSpan22545" value="Greek"/>
		<feat xlink:href="#sSpan22555" value="Greek"/>
		<feat xlink:href="#sSpan22690" value="Greek"/>
		<feat xlink:href="#sSpan22774" value="Greek"/>
		<feat xlink:href="#sSpan22920" value="Greek"/>
		<feat xlink:href="#sSpan22965" value="Greek"/>
		<feat xlink:href="#sSpan23012" value="Greek"/>
		<feat xlink:href="#sSpan23030" value="Greek"/>
		<feat xlink:href="#sSpan23167" value="Greek"/>
		<feat xlink:href="#sSpan23188" value="Greek"/>
		<feat xlink:href="#sSpan23191" value="Greek"/>
		<feat xlink:href="#sSpan23216" value="Greek"/>
		<feat xlink:href="#sSpan23229" value="Greek"/>
		<feat xlink:href="#sSpan23261" value="Greek"/>
		<feat xlink:href="#sSpan23309" value="Greek"/>
		<feat xlink:href="#sSpan23318" value="Greek"/>
		<feat xlink:href="#sSpan23339" value="Greek"/>
		<feat xlink:href="#sSpan23397" value="Greek"/>
		<feat xlink:href="#sSpan23404" value="Greek"/>
		<feat xlink:href="#sSpan23455" value="Greek"/>
		<feat xlink:href="#sSpan23462" value="Greek"/>
		<feat xlink:href="#sSpan23505" value="Greek"/>
		<feat xlink:href="#sSpan23551" value="Greek"/>
		<feat xlink:href="#sSpan23576" value="Greek"/>
		<feat xlink:href="#sSpan23626" value="Greek"/>
		<feat xlink:href="#sSpan23666" value="Greek"/>
		<feat xlink:href="#sSpan23755" value="Greek"/>
		<feat xlink:href="#sSpan23876" value="Greek"/>
		<feat xlink:href="#sSpan23896" value="Greek"/>
		<feat xlink:href="#sSpan24012" value="Greek"/>
		<feat xlink:href="#sSpan24025" value="Greek"/>
		<feat xlink:href="#sSpan24041" value="Greek"/>
		<feat xlink:href="#sSpan24048" value="Greek"/>
		<feat xlink:href="#sSpan24075" value="Greek"/>
		<feat xlink:href="#sSpan24119" value="Greek"/>
		<feat xlink:href="#sSpan24190" value="Greek"/>
		<feat xlink:href="#sSpan24203" value="Greek"/>
		<feat xlink:href="#sSpan24226" value="Greek"/>
		<feat xlink:href="#sSpan24296" value="Greek"/>
		<feat xlink:href="#sSpan24320" value="Greek"/>
		<feat xlink:href="#sSpan24360" value="Greek"/>
		<feat xlink:href="#sSpan24385" value="Greek"/>
		<feat xlink:href="#sSpan24427" value="Greek"/>
		<feat xlink:href="#sSpan24443" value="Greek"/>
		<feat xlink:href="#sSpan24460" value="Greek"/>
		<feat xlink:href="#sSpan24516" value="Greek"/>
		<feat xlink:href="#sSpan24549" value="Greek"/>
		<feat xlink:href="#sSpan24589" value="Greek"/>
		<feat xlink:href="#sSpan24600" value="Greek"/>
		<feat xlink:href="#sSpan24605" value="Hebrew"/>
		<feat xlink:href="#sSpan24616" value="Greek"/>
		<feat xlink:href="#sSpan24630" value="Greek"/>
		<feat xlink:href="#sSpan24635" value="Hebrew"/>
		<feat xlink:href="#sSpan24645" value="Greek"/>
		<feat xlink:href="#sSpan24654" value="Hebrew"/>
		<feat xlink:href="#sSpan24720" value="Greek"/>
		<feat xlink:href="#sSpan24810" value="Greek"/>
		<feat xlink:href="#sSpan24826" value="Greek"/>
		<feat xlink:href="#sSpan24899" value="Greek"/>
		<feat xlink:href="#sSpan24970" value="Greek"/>
		<feat xlink:href="#sSpan24979" value="Greek"/>
		<feat xlink:href="#sSpan25004" value="Greek"/>
		<feat xlink:href="#sSpan25041" value="Greek"/>
		<feat xlink:href="#sSpan25092" value="Greek"/>
		<feat xlink:href="#sSpan25148" value="Greek"/>
		<feat xlink:href="#sSpan25201" value="Greek"/>
		<feat xlink:href="#sSpan25241" value="Greek"/>
		<feat xlink:href="#sSpan25248" value="Greek"/>
		<feat xlink:href="#sSpan25308" value="Greek"/>
		<feat xlink:href="#sSpan25342" value="Greek"/>
		<feat xlink:href="#sSpan25425" value="Greek"/>
		<feat xlink:href="#sSpan25447" value="Greek"/>
		<feat xlink:href="#sSpan25530" value="Greek"/>
		<feat xlink:href="#sSpan25601" value="Greek"/>
		<feat xlink:href="#sSpan25630" value="Greek"/>
		<feat xlink:href="#sSpan25693" value="Greek"/>
		<feat xlink:href="#sSpan25702" value="Greek"/>
		<feat xlink:href="#sSpan25725" value="Greek"/>
		<feat xlink:href="#sSpan25788" value="Greek"/>
		<feat xlink:href="#sSpan25807" value="Greek"/>
		<feat xlink:href="#sSpan25852" value="Greek"/>
		<feat xlink:href="#sSpan25855" value="Greek"/>
		<feat xlink:href="#sSpan25927" value="Greek"/>
		<feat xlink:href="#sSpan25950" value="Greek"/>
		<feat xlink:href="#sSpan25969" value="Greek"/>
		<feat xlink:href="#sSpan26004" value="Greek"/>
		<feat xlink:href="#sSpan26058" value="Greek"/>
		<feat xlink:href="#sSpan26085" value="Greek"/>
		<feat xlink:href="#sSpan26114" value="Greek"/>
		<feat xlink:href="#sSpan26164" value="Greek"/>
		<feat xlink:href="#sSpan26250" value="Greek"/>
		<feat xlink:href="#sSpan26274" value="Greek"/>
		<feat xlink:href="#sSpan26308" value="Greek"/>
		<feat xlink:href="#sSpan26315" value="Greek"/>
		<feat xlink:href="#sSpan26410" value="Greek"/>
		<feat xlink:href="#sSpan26442" value="Greek"/>
		<feat xlink:href="#sSpan26493" value="Greek"/>
		<feat xlink:href="#sSpan26504" value="Greek"/>
		<feat xlink:href="#sSpan26574" value="Greek"/>
		<feat xlink:href="#sSpan26627" value="Greek"/>
		<feat xlink:href="#sSpan26660" value="Greek"/>
		<feat xlink:href="#sSpan26720" value="Hebrew"/>
		<feat xlink:href="#sSpan26774" value="Greek"/>
		<feat xlink:href="#sSpan26783" value="Greek"/>
		<feat xlink:href="#sSpan26795" value="Hebrew"/>
		<feat xlink:href="#sSpan26847" value="Greek"/>
		<feat xlink:href="#sSpan26895" value="Greek"/>
		<feat xlink:href="#sSpan26914" value="Greek"/>
		<feat xlink:href="#sSpan26944" value="Greek"/>
		<feat xlink:href="#sSpan26965" value="Greek"/>
		<feat xlink:href="#sSpan26993" value="Greek"/>
		<feat xlink:href="#sSpan27014" value="Greek"/>
		<feat xlink:href="#sSpan27190" value="Greek"/>
		<feat xlink:href="#sSpan27259" value="Greek"/>
		<feat xlink:href="#sSpan27284" value="Greek"/>
		<feat xlink:href="#sSpan27287" value="Greek"/>
		<feat xlink:href="#sSpan27409" value="Greek"/>
		<feat xlink:href="#sSpan27417" value="Greek"/>
		<feat xlink:href="#sSpan27426" value="Greek"/>
		<feat xlink:href="#sSpan27465" value="Greek"/>
		<feat xlink:href="#sSpan27481" value="Greek"/>
		<feat xlink:href="#sSpan27517" value="Greek"/>
		<feat xlink:href="#sSpan27526" value="Greek"/>
		<feat xlink:href="#sSpan27565" value="Greek"/>
		<feat xlink:href="#sSpan27575" value="Greek"/>
		<feat xlink:href="#sSpan27619" value="Greek"/>
		<feat xlink:href="#sSpan27661" value="Greek"/>
		<feat xlink:href="#sSpan27712" value="Greek"/>
		<feat xlink:href="#sSpan27749" value="Greek"/>
		<feat xlink:href="#sSpan27801" value="Greek"/>
		<feat xlink:href="#sSpan27831" value="Greek"/>
		<feat xlink:href="#sSpan27836" value="Greek"/>
		<feat xlink:href="#sSpan27845" value="Greek"/>
		<feat xlink:href="#sSpan27855" value="Greek"/>
		<feat xlink:href="#sSpan27890" value="Greek"/>
		<feat xlink:href="#sSpan27943" value="Greek"/>
		<feat xlink:href="#sSpan27953" value="Greek"/>
		<feat xlink:href="#sSpan28021" value="Greek"/>
		<feat xlink:href="#sSpan28041" value="Greek"/>
		<feat xlink:href="#sSpan28160" value="Greek"/>
		<feat xlink:href="#sSpan28175" value="Greek"/>
		<feat xlink:href="#sSpan28224" value="Greek"/>
		<feat xlink:href="#sSpan28411" value="Greek"/>
		<feat xlink:href="#sSpan28445" value="Greek"/>
		<feat xlink:href="#sSpan28496" value="Greek"/>
		<feat xlink:href="#sSpan28533" value="Greek"/>
		<feat xlink:href="#sSpan28611" value="Greek"/>
		<feat xlink:href="#sSpan28655" value="Greek"/>
		<feat xlink:href="#sSpan28708" value="Hebrew"/>
		<feat xlink:href="#sSpan28725" value="Greek"/>
		<feat xlink:href="#sSpan28730" value="Greek"/>
		<feat xlink:href="#sSpan28760" value="Greek"/>
		<feat xlink:href="#sSpan28850" value="Greek"/>
		<feat xlink:href="#sSpan28864" value="Greek"/>
		<feat xlink:href="#sSpan28940" value="Greek"/>
		<feat xlink:href="#sSpan28966" value="Greek"/>
		<feat xlink:href="#sSpan29013" value="Greek"/>
		<feat xlink:href="#sSpan29038" value="Greek"/>
		<feat xlink:href="#sSpan29050" value="Greek"/>
		<feat xlink:href="#sSpan29074" value="Greek"/>
		<feat xlink:href="#sSpan29097" value="Greek"/>
		<feat xlink:href="#sSpan29134" value="Greek"/>
		<feat xlink:href="#sSpan29180" value="Greek"/>
		<feat xlink:href="#sSpan29201" value="Greek"/>
		<feat xlink:href="#sSpan29225" value="Greek"/>
		<feat xlink:href="#sSpan29242" value="Greek"/>
		<feat xlink:href="#sSpan29330" value="Greek"/>
		<feat xlink:href="#sSpan29348" value="Greek"/>
		<feat xlink:href="#sSpan29409" value="Greek"/>
		<feat xlink:href="#sSpan29443" value="Greek"/>
		<feat xlink:href="#sSpan29458" value="Greek"/>
		<feat xlink:href="#sSpan29493" value="Greek"/>
		<feat xlink:href="#sSpan29500" value="Greek"/>
		<feat xlink:href="#sSpan29530" value="Greek"/>
		<feat xlink:href="#sSpan29552" value="Greek"/>
		<feat xlink:href="#sSpan29587" value="Greek"/>
		<feat xlink:href="#sSpan29638" value="Greek"/>
		<feat xlink:href="#sSpan29652" value="Greek"/>
		<feat xlink:href="#sSpan29736" value="Greek"/>
		<feat xlink:href="#sSpan29781" value="Greek"/>
		<feat xlink:href="#sSpan29784" value="Greek"/>
		<feat xlink:href="#sSpan29802" value="Greek"/>
		<feat xlink:href="#sSpan29818" value="Greek"/>
		<feat xlink:href="#sSpan29829" value="Greek"/>
		<feat xlink:href="#sSpan29877" value="Greek"/>
		<feat xlink:href="#sSpan29880" value="Greek"/>
		<feat xlink:href="#sSpan29894" value="Greek"/>
		<feat xlink:href="#sSpan29926" value="Greek"/>
		<feat xlink:href="#sSpan29936" value="Greek"/>
		<feat xlink:href="#sSpan29972" value="Greek"/>
		<feat xlink:href="#sSpan29990" value="Greek"/>
		<feat xlink:href="#sSpan30022" value="Greek"/></featList></paula>