<?xml version='1.0' encoding='UTF-8'?><!DOCTYPE paula SYSTEM "paula_feat.dtd">
<paula version="1.1">
	<header paula_id="scriptorium.penitence.01.mark_cb_n"/>
	<featList xmlns:xlink="http://www.w3.org/1999/xlink" type="cb_n" xml:base="scriptorium.penitence.01.mark.xml">
		<feat xlink:href="#sSpan11" value="1"/>
		<feat xlink:href="#sSpan198" value="2"/>
		<feat xlink:href="#sSpan441" value="1"/>
		<feat xlink:href="#sSpan735" value="2"/>
		<feat xlink:href="#sSpan995" value="1"/>
		<feat xlink:href="#sSpan1270" value="2"/>
		<feat xlink:href="#sSpan1526" value="1"/>
		<feat xlink:href="#sSpan1848" value="2"/>
		<feat xlink:href="#sSpan2094" value="1"/>
		<feat xlink:href="#sSpan2363" value="2"/>
		<feat xlink:href="#sSpan2669" value="1"/>
		<feat xlink:href="#sSpan2947" value="2"/>
		<feat xlink:href="#sSpan3230" value="1"/>
		<feat xlink:href="#sSpan3476" value="2"/>
		<feat xlink:href="#sSpan3752" value="1"/>
		<feat xlink:href="#sSpan4034" value="2"/>
		<feat xlink:href="#sSpan4288" value="1"/>
		<feat xlink:href="#sSpan4511" value="2"/>
		<feat xlink:href="#sSpan4822" value="1"/>
		<feat xlink:href="#sSpan5075" value="2"/>
		<feat xlink:href="#sSpan5337" value="1"/>
		<feat xlink:href="#sSpan5579" value="2"/>
		<feat xlink:href="#sSpan5834" value="1"/>
		<feat xlink:href="#sSpan6101" value="2"/>
		<feat xlink:href="#sSpan6394" value="1"/>
		<feat xlink:href="#sSpan6669" value="2"/>
		<feat xlink:href="#sSpan6942" value="1"/>
		<feat xlink:href="#sSpan7282" value="2"/>
		<feat xlink:href="#sSpan7546" value="1"/>
		<feat xlink:href="#sSpan7801" value="2"/>
		<feat xlink:href="#sSpan8070" value="1"/>
		<feat xlink:href="#sSpan8353" value="2"/>
		<feat xlink:href="#sSpan8586" value="1"/>
		<feat xlink:href="#sSpan8824" value="2"/>
		<feat xlink:href="#sSpan9102" value="1"/>
		<feat xlink:href="#sSpan9378" value="2"/>
		<feat xlink:href="#sSpan9595" value="1"/>
		<feat xlink:href="#sSpan9851" value="2"/>
		<feat xlink:href="#sSpan10065" value="1"/>
		<feat xlink:href="#sSpan10326" value="2"/>
		<feat xlink:href="#sSpan10579" value="1"/>
		<feat xlink:href="#sSpan10842" value="2"/>
		<feat xlink:href="#sSpan11062" value="1"/>
		<feat xlink:href="#sSpan11349" value="2"/>
		<feat xlink:href="#sSpan11590" value="1"/>
		<feat xlink:href="#sSpan11862" value="2"/>
		<feat xlink:href="#sSpan12067" value="1"/>
		<feat xlink:href="#sSpan12352" value="2"/>
		<feat xlink:href="#sSpan12588" value="1"/>
		<feat xlink:href="#sSpan12863" value="2"/>
		<feat xlink:href="#sSpan13115" value="1"/>
		<feat xlink:href="#sSpan13376" value="2"/>
		<feat xlink:href="#sSpan13618" value="1"/>
		<feat xlink:href="#sSpan13870" value="2"/>
		<feat xlink:href="#sSpan14122" value="1"/>
		<feat xlink:href="#sSpan14397" value="2"/>
		<feat xlink:href="#sSpan14632" value="1"/>
		<feat xlink:href="#sSpan14896" value="2"/>
		<feat xlink:href="#sSpan15171" value="1"/>
		<feat xlink:href="#sSpan15477" value="2"/>
		<feat xlink:href="#sSpan15685" value="1"/>
		<feat xlink:href="#sSpan15919" value="2"/>
		<feat xlink:href="#sSpan16187" value="1"/>
		<feat xlink:href="#sSpan16417" value="2"/>
		<feat xlink:href="#sSpan16654" value="1"/>
		<feat xlink:href="#sSpan16919" value="2"/>
		<feat xlink:href="#sSpan17179" value="1"/>
		<feat xlink:href="#sSpan17417" value="2"/>
		<feat xlink:href="#sSpan17689" value="1"/>
		<feat xlink:href="#sSpan17907" value="2"/>
		<feat xlink:href="#sSpan18234" value="1"/>
		<feat xlink:href="#sSpan18497" value="2"/>
		<feat xlink:href="#sSpan18756" value="1"/>
		<feat xlink:href="#sSpan19014" value="2"/>
		<feat xlink:href="#sSpan19263" value="1"/>
		<feat xlink:href="#sSpan19499" value="2"/>
		<feat xlink:href="#sSpan19769" value="1"/>
		<feat xlink:href="#sSpan19998" value="2"/>
		<feat xlink:href="#sSpan20266" value="1"/>
		<feat xlink:href="#sSpan20485" value="2"/>
		<feat xlink:href="#sSpan20705" value="1"/>
		<feat xlink:href="#sSpan20909" value="2"/>
		<feat xlink:href="#sSpan21200" value="1"/>
		<feat xlink:href="#sSpan21446" value="2"/>
		<feat xlink:href="#sSpan21682" value="1"/>
		<feat xlink:href="#sSpan21951" value="2"/>
		<feat xlink:href="#sSpan22202" value="1"/>
		<feat xlink:href="#sSpan22492" value="2"/>
		<feat xlink:href="#sSpan22765" value="1"/>
		<feat xlink:href="#sSpan23002" value="2"/>
		<feat xlink:href="#sSpan23255" value="1"/>
		<feat xlink:href="#sSpan23597" value="2"/>
		<feat xlink:href="#sSpan23819" value="1"/>
		<feat xlink:href="#sSpan24104" value="2"/>
		<feat xlink:href="#sSpan24423" value="1"/>
		<feat xlink:href="#sSpan24698" value="2"/>
		<feat xlink:href="#sSpan24941" value="1"/>
		<feat xlink:href="#sSpan25172" value="2"/>
		<feat xlink:href="#sSpan25427" value="1"/>
		<feat xlink:href="#sSpan25670" value="2"/>
		<feat xlink:href="#sSpan25886" value="1"/>
		<feat xlink:href="#sSpan26106" value="2"/>
		<feat xlink:href="#sSpan26300" value="1"/>
		<feat xlink:href="#sSpan26573" value="2"/>
		<feat xlink:href="#sSpan26805" value="1"/>
		<feat xlink:href="#sSpan27030" value="2"/>
		<feat xlink:href="#sSpan27238" value="1"/>
		<feat xlink:href="#sSpan27546" value="2"/>
		<feat xlink:href="#sSpan27741" value="1"/>
		<feat xlink:href="#sSpan28017" value="2"/>
		<feat xlink:href="#sSpan28262" value="1"/>
		<feat xlink:href="#sSpan28532" value="2"/>
		<feat xlink:href="#sSpan28739" value="1"/>
		<feat xlink:href="#sSpan28970" value="2"/>
		<feat xlink:href="#sSpan29199" value="1"/>
		<feat xlink:href="#sSpan29512" value="2"/>
		<feat xlink:href="#sSpan29743" value="1"/>
		<feat xlink:href="#sSpan29958" value="2"/></featList></paula>