<?xml version='1.0' encoding='UTF-8'?><!DOCTYPE paula SYSTEM "paula_feat.dtd">
<paula version="1.1">
	<header paula_id="scriptorium.penitence.01.mark_morph"/>
	<featList xmlns:xlink="http://www.w3.org/1999/xlink" type="morph" xml:base="scriptorium.penitence.01.mark.xml">
		<feat xlink:href="#sSpan264" value="ⲣ"/>
		<feat xlink:href="#sSpan267" value="ⲟⲩⲟⲉⲓⲛ"/>
		<feat xlink:href="#sSpan372" value="ⲧⲁϣⲉ"/>
		<feat xlink:href="#sSpan375" value="ⲟⲉⲓϣ"/>
		<feat xlink:href="#sSpan562" value="ⲙⲉϩ"/>
		<feat xlink:href="#sSpan565" value="ϣⲟⲙⲧⲉ"/>
		<feat xlink:href="#sSpan709" value="ϥⲁⲓ"/>
		<feat xlink:href="#sSpan712" value="ⲣⲟⲟⲩϣ"/>
		<feat xlink:href="#sSpan746" value="ⲙⲛⲧ"/>
		<feat xlink:href="#sSpan749" value="ⲉⲩⲥⲉⲃⲏⲥ"/>
		<feat xlink:href="#sSpan951" value="ⲧⲁϣⲉ"/>
		<feat xlink:href="#sSpan954" value="ⲟⲉⲓϣ"/>
		<feat xlink:href="#sSpan1123" value="ⲣ"/>
		<feat xlink:href="#sSpan1126" value="ϩⲟⲧⲉ"/>
		<feat xlink:href="#sSpan1348" value="ⲙⲛⲧ"/>
		<feat xlink:href="#sSpan1352" value="ⲣⲙ"/>
		<feat xlink:href="#sSpan1353" value="ⲙ"/>
		<feat xlink:href="#sSpan1355" value="ⲁⲟ"/>
		<feat xlink:href="#sSpan1378" value="ⲙⲛⲧ"/>
		<feat xlink:href="#sSpan1381" value="ⲣⲙ"/>
		<feat xlink:href="#sSpan1382" value="ⲙ"/>
		<feat xlink:href="#sSpan1383" value="ⲁⲟ"/>
		<feat xlink:href="#sSpan1464" value="ⲙⲛⲧ"/>
		<feat xlink:href="#sSpan1467" value="ⲣⲙ"/>
		<feat xlink:href="#sSpan1468" value="ⲙ"/>
		<feat xlink:href="#sSpan1469" value="ⲁⲟ"/>
		<feat xlink:href="#sSpan1511" value="ϭⲓⲛ"/>
		<feat xlink:href="#sSpan1514" value="ⲟⲩⲟⲟⲙ"/>
		<feat xlink:href="#sSpan1860" value="ⲡ"/>
		<feat xlink:href="#sSpan1863" value="ⲉⲧ"/>
		<feat xlink:href="#sSpan1864" value="ⲟⲩⲁⲁⲃ"/>
		<feat xlink:href="#sSpan2116" value="ⲙⲛⲧ"/>
		<feat xlink:href="#sSpan2119" value="ϫⲁⲥⲓ"/>
		<feat xlink:href="#sSpan2120" value="ϩⲏⲧ"/>
		<feat xlink:href="#sSpan2366" value="ϫⲓ"/>
		<feat xlink:href="#sSpan2369" value="ϯⲡⲉ"/>
		<feat xlink:href="#sSpan2782" value="ⲁϣ"/>
		<feat xlink:href="#sSpan2785" value="ⲁϩⲟⲙ"/>
		<feat xlink:href="#sSpan3850" value="ⲙⲉϩ"/>
		<feat xlink:href="#sSpan3853" value="ⲥⲛⲁⲩ"/>
		<feat xlink:href="#sSpan3862" value="ⲙⲉϩ"/>
		<feat xlink:href="#sSpan3865" value="ϣⲟⲙⲛⲧ"/>
		<feat xlink:href="#sSpan4925" value="ⲣⲉϥ"/>
		<feat xlink:href="#sSpan4929" value="ϯ"/>
		<feat xlink:href="#sSpan4930" value="ⲕⲁⲣⲡⲟⲥ"/>
		<feat xlink:href="#sSpan4965" value="ϯ"/>
		<feat xlink:href="#sSpan4972" value="ⲕⲁⲣⲡⲟⲥ"/>
		<feat xlink:href="#sSpan4999" value="ϣ"/>
		<feat xlink:href="#sSpan5002" value="ϭⲟⲙ"/>
		<feat xlink:href="#sSpan5574" value="ⲙⲛⲧ"/>
		<feat xlink:href="#sSpan5577" value="ⲁⲧ"/>
		<feat xlink:href="#sSpan5580" value="ϯ"/>
		<feat xlink:href="#sSpan5767" value="ⲣ"/>
		<feat xlink:href="#sSpan5770" value="ϩⲱⲃ"/>
		<feat xlink:href="#sSpan5867" value="ϯ"/>
		<feat xlink:href="#sSpan5873" value="ⲥⲃⲱ"/>
		<feat xlink:href="#sSpan6355" value="ⲣ"/>
		<feat xlink:href="#sSpan6358" value="ⲛⲟⲃⲉ"/>
		<feat xlink:href="#sSpan6841" value="ϯ"/>
		<feat xlink:href="#sSpan6846" value="ϩⲣⲟⲕ"/>
		<feat xlink:href="#sSpan7068" value="ϫⲓ"/>
		<feat xlink:href="#sSpan7073" value="ⲕⲗⲟⲙ"/>
		<feat xlink:href="#sSpan7334" value="ϯ"/>
		<feat xlink:href="#sSpan7337" value="ϩⲓⲛⲏⲃ"/>
		<feat xlink:href="#sSpan8182" value="ⲙⲛⲧ"/>
		<feat xlink:href="#sSpan8185" value="ⲉⲣⲟ"/>
		<feat xlink:href="#sSpan8486" value="ⲣ"/>
		<feat xlink:href="#sSpan8489" value="ⲧ"/>
		<feat xlink:href="#sSpan8490" value="ϩⲉ"/>
		<feat xlink:href="#sSpan8856" value="ϣⲃⲣ"/>
		<feat xlink:href="#sSpan8859" value="ϩⲙϩⲁⲗ"/>
		<feat xlink:href="#sSpan9518" value="ⲣⲉϥ"/>
		<feat xlink:href="#sSpan9521" value="ⲣ"/>
		<feat xlink:href="#sSpan9522" value="ⲛⲟⲃⲉ"/>
		<feat xlink:href="#sSpan9789" value="ⲙⲛⲧ"/>
		<feat xlink:href="#sSpan9792" value="ⲟⲩⲉⲙ"/>
		<feat xlink:href="#sSpan9793" value="ϩⲁϩ"/>
		<feat xlink:href="#sSpan9845" value="ⲙⲛⲧ"/>
		<feat xlink:href="#sSpan9848" value="ⲣⲉϥ"/>
		<feat xlink:href="#sSpan9849" value="ⲧⲱⲣⲡ"/>
		<feat xlink:href="#sSpan9863" value="ⲙⲛⲧ"/>
		<feat xlink:href="#sSpan9866" value="ⲙⲁⲓ"/>
		<feat xlink:href="#sSpan9867" value="ⲧⲟ"/>
		<feat xlink:href="#sSpan10547" value="ⲣ"/>
		<feat xlink:href="#sSpan10550" value="ϩⲙϩⲁⲗ"/>
		<feat xlink:href="#sSpan10564" value="ⲙⲛⲧ"/>
		<feat xlink:href="#sSpan10567" value="ⲙⲉ"/>
		<feat xlink:href="#sSpan10594" value="ⲙⲛⲧ"/>
		<feat xlink:href="#sSpan10597" value="ⲙⲁⲓ"/>
		<feat xlink:href="#sSpan10598" value="ⲣⲱⲙⲉ"/>
		<feat xlink:href="#sSpan10721" value="ϯ"/>
		<feat xlink:href="#sSpan10724" value="ⲥⲃⲱ"/>
		<feat xlink:href="#sSpan10738" value="ⲙⲛⲧ"/>
		<feat xlink:href="#sSpan10741" value="ⲥⲧⲙⲏⲧ"/>
		<feat xlink:href="#sSpan10845" value="ⲣ"/>
		<feat xlink:href="#sSpan10848" value="ϩⲙϩⲁⲗ"/>
		<feat xlink:href="#sSpan10988" value="ⲣ"/>
		<feat xlink:href="#sSpan10991" value="ⲕⲟⲩⲓ"/>
		<feat xlink:href="#sSpan11011" value="ϫⲓ"/>
		<feat xlink:href="#sSpan11014" value="ⲃⲁⲡⲧⲓⲥⲙⲁ"/>
		<feat xlink:href="#sSpan11411" value="ⲙⲛⲧ"/>
		<feat xlink:href="#sSpan11414" value="ⲁⲧ"/>
		<feat xlink:href="#sSpan11415" value="ⲛⲟⲃⲉ"/>
		<feat xlink:href="#sSpan11904" value="ⲣⲙ"/>
		<feat xlink:href="#sSpan11908" value="ⲛ"/>
		<feat xlink:href="#sSpan11909" value="ϭⲟⲓⲗⲉ"/>
		<feat xlink:href="#sSpan12348" value="ⲣⲙ"/>
		<feat xlink:href="#sSpan12353" value="ⲙ"/>
		<feat xlink:href="#sSpan12354" value="ⲁⲟ"/>
		<feat xlink:href="#sSpan12687" value="ⲙⲛⲧ"/>
		<feat xlink:href="#sSpan12691" value="ϣⲁⲛⲁ"/>
		<feat xlink:href="#sSpan12704" value="ⲙⲛⲧ"/>
		<feat xlink:href="#sSpan12707" value="ⲭⲣⲏⲥⲧⲟⲥ"/>
		<feat xlink:href="#sSpan12731" value="ⲣ"/>
		<feat xlink:href="#sSpan12734" value="ⲭⲣⲉⲓⲁ"/>
		<feat xlink:href="#sSpan12792" value="ⲣ"/>
		<feat xlink:href="#sSpan12795" value="ⲭⲣⲉⲓⲁ"/>
		<feat xlink:href="#sSpan12813" value="ⲣ"/>
		<feat xlink:href="#sSpan12816" value="ⲭⲣⲉⲓⲁ"/>
		<feat xlink:href="#sSpan12853" value="ⲣ"/>
		<feat xlink:href="#sSpan12856" value="ⲭⲣⲉⲓⲁ"/>
		<feat xlink:href="#sSpan12975" value="ⲙⲛⲧ"/>
		<feat xlink:href="#sSpan12978" value="ⲉⲣⲟ"/>
		<feat xlink:href="#sSpan13127" value="ϭⲓⲛ"/>
		<feat xlink:href="#sSpan13130" value="ⲥⲱ"/>
		<feat xlink:href="#sSpan13163" value="ⲁⲧ"/>
		<feat xlink:href="#sSpan13167" value="ⲟⲩⲱ"/>
		<feat xlink:href="#sSpan13211" value="ⲡ"/>
		<feat xlink:href="#sSpan13214" value="ⲉⲧ"/>
		<feat xlink:href="#sSpan13215" value="ϩⲟⲟⲩ"/>
		<feat xlink:href="#sSpan13308" value="ⲁⲧ"/>
		<feat xlink:href="#sSpan13312" value="ⲟⲩⲱ"/>
		<feat xlink:href="#sSpan13385" value="ⲁⲧ"/>
		<feat xlink:href="#sSpan13388" value="ⲧⲁⲕⲟ"/>
		<feat xlink:href="#sSpan13447" value="ⲁⲧ"/>
		<feat xlink:href="#sSpan13450" value="ⲧⲁⲕⲟ"/>
		<feat xlink:href="#sSpan13516" value="ⲣⲉϥ"/>
		<feat xlink:href="#sSpan13519" value="ⲣ"/>
		<feat xlink:href="#sSpan13520" value="ⲛⲟⲃⲉ"/>
		<feat xlink:href="#sSpan13537" value="ⲁⲧ"/>
		<feat xlink:href="#sSpan13540" value="ⲧⲁⲕⲟ"/>
		<feat xlink:href="#sSpan13558" value="ϫⲓ"/>
		<feat xlink:href="#sSpan13561" value="ⲉⲟⲟⲩ"/>
		<feat xlink:href="#sSpan13600" value="ⲙⲛⲧ"/>
		<feat xlink:href="#sSpan13603" value="ⲁⲧ"/>
		<feat xlink:href="#sSpan13604" value="ⲙⲟⲩ"/>
		<feat xlink:href="#sSpan13696" value="ⲣ"/>
		<feat xlink:href="#sSpan13699" value="ⲟⲩ"/>
		<feat xlink:href="#sSpan13945" value="ϥⲓ"/>
		<feat xlink:href="#sSpan13948" value="ⲗⲟⲅⲟⲥ"/>
		<feat xlink:href="#sSpan13977" value="ⲣ"/>
		<feat xlink:href="#sSpan13980" value="ϩⲁⲗ"/>
		<feat xlink:href="#sSpan14441" value="ⲣ"/>
		<feat xlink:href="#sSpan14444" value="ⲁⲑⲏⲧ"/>
		<feat xlink:href="#sSpan15185" value="ϭⲓⲛ"/>
		<feat xlink:href="#sSpan15188" value="ϩⲉ"/>
		<feat xlink:href="#sSpan15502" value="ⲣ"/>
		<feat xlink:href="#sSpan15505" value="ⲥⲡⲟⲇⲏ"/>
		<feat xlink:href="#sSpan15609" value="ϥⲓ"/>
		<feat xlink:href="#sSpan15612" value="ⲣⲟⲟⲩϣ"/>
		<feat xlink:href="#sSpan15647" value="ⲣ"/>
		<feat xlink:href="#sSpan15650" value="ϩⲟⲧⲉ"/>
		<feat xlink:href="#sSpan15668" value="ϣ"/>
		<feat xlink:href="#sSpan15671" value="ϭⲟⲙ"/>
		<feat xlink:href="#sSpan15764" value="ⲙⲛⲧ"/>
		<feat xlink:href="#sSpan15767" value="ϣⲁⲛⲁ"/>
		<feat xlink:href="#sSpan15840" value="ⲡ"/>
		<feat xlink:href="#sSpan15843" value="ⲉⲧ"/>
		<feat xlink:href="#sSpan15844" value="ⲟⲩⲁⲁⲃ"/>
		<feat xlink:href="#sSpan16025" value="ϫⲓ"/>
		<feat xlink:href="#sSpan16028" value="ϣⲕⲁⲕ"/>
		<feat xlink:href="#sSpan16061" value="ⲣ"/>
		<feat xlink:href="#sSpan16064" value="ⲛⲟⲃⲉ"/>
		<feat xlink:href="#sSpan16259" value="ϫⲓ"/>
		<feat xlink:href="#sSpan16262" value="ϭⲟⲗ"/>
		<feat xlink:href="#sSpan16418" value="ⲣⲉϥ"/>
		<feat xlink:href="#sSpan16421" value="ⲣ"/>
		<feat xlink:href="#sSpan16422" value="ⲛⲟⲃⲉ"/>
		<feat xlink:href="#sSpan16445" value="ⲣⲉϥ"/>
		<feat xlink:href="#sSpan16448" value="ⲣ"/>
		<feat xlink:href="#sSpan16449" value="ⲛⲟⲃⲉ"/>
		<feat xlink:href="#sSpan16818" value="ⲙⲛⲧ"/>
		<feat xlink:href="#sSpan16821" value="ⲙⲁⲓ"/>
		<feat xlink:href="#sSpan16822" value="ⲣⲱⲙⲉ"/>
		<feat xlink:href="#sSpan16940" value="ⲡ"/>
		<feat xlink:href="#sSpan16944" value="ⲉⲧ"/>
		<feat xlink:href="#sSpan16945" value="ϩⲟⲟⲩ"/>
		<feat xlink:href="#sSpan17073" value="ϯ"/>
		<feat xlink:href="#sSpan17076" value="ⲛϣⲟⲧ"/>
		<feat xlink:href="#sSpan17141" value="ⲣ"/>
		<feat xlink:href="#sSpan17146" value="ϩⲏⲧ"/>
		<feat xlink:href="#sSpan17242" value="ϯ"/>
		<feat xlink:href="#sSpan17245" value="ⲡⲁϩⲣⲉ"/>
		<feat xlink:href="#sSpan17260" value="ⲙⲛⲧ"/>
		<feat xlink:href="#sSpan17263" value="ⲣⲙ"/>
		<feat xlink:href="#sSpan17264" value="ⲣⲁϣ"/>
		<feat xlink:href="#sSpan17428" value="ϫⲓ"/>
		<feat xlink:href="#sSpan17431" value="ⲕⲗⲟⲙ"/>
		<feat xlink:href="#sSpan17618" value="ⲕⲁ"/>
		<feat xlink:href="#sSpan17621" value="ⲧⲟⲟⲧ"/>
		<feat xlink:href="#sSpan17685" value="ⲣ"/>
		<feat xlink:href="#sSpan17691" value="ⲣⲙ"/>
		<feat xlink:href="#sSpan17692" value="ⲙ"/>
		<feat xlink:href="#sSpan17693" value="ⲁⲟ"/>
		<feat xlink:href="#sSpan17931" value="ⲁⲧ"/>
		<feat xlink:href="#sSpan17935" value="ⲧⲁⲗϭⲟ"/>
		<feat xlink:href="#sSpan17997" value="ϣ"/>
		<feat xlink:href="#sSpan18000" value="ϭⲟⲙ"/>
		<feat xlink:href="#sSpan18021" value="ⲙⲛⲧ"/>
		<feat xlink:href="#sSpan18024" value="ⲧⲉⲗⲓⲟⲥ"/>
		<feat xlink:href="#sSpan18044" value="ϣ"/>
		<feat xlink:href="#sSpan18047" value="ϭⲟⲙ"/>
		<feat xlink:href="#sSpan18068" value="ⲙⲛⲧ"/>
		<feat xlink:href="#sSpan18071" value="ⲧⲉⲗⲓⲟⲥ"/>
		<feat xlink:href="#sSpan18086" value="ϣ"/>
		<feat xlink:href="#sSpan18089" value="ϭⲟⲙ"/>
		<feat xlink:href="#sSpan18291" value="ⲣ"/>
		<feat xlink:href="#sSpan18294" value="ⲗⲁⲁⲩ"/>
		<feat xlink:href="#sSpan18625" value="ϣ"/>
		<feat xlink:href="#sSpan18628" value="ϭⲟⲙ"/>
		<feat xlink:href="#sSpan18691" value="ⲣ"/>
		<feat xlink:href="#sSpan18694" value="ⲡⲁⲓ"/>
		<feat xlink:href="#sSpan18855" value="ⲙⲛⲧ"/>
		<feat xlink:href="#sSpan18858" value="ⲙⲛⲧⲣⲉ"/>
		<feat xlink:href="#sSpan18879" value="ⲣⲉϥ"/>
		<feat xlink:href="#sSpan18882" value="ϣⲁϫⲉ"/>
		<feat xlink:href="#sSpan18944" value="ⲣ"/>
		<feat xlink:href="#sSpan18947" value="ϣⲡⲏⲣⲉ"/>
		<feat xlink:href="#sSpan19123" value="ⲁⲧ"/>
		<feat xlink:href="#sSpan19126" value="ⲧⲁⲕⲟ"/>
		<feat xlink:href="#sSpan19136" value="ⲁⲧ"/>
		<feat xlink:href="#sSpan19139" value="ϫⲃⲓⲛ"/>
		<feat xlink:href="#sSpan19144" value="ⲁⲧ"/>
		<feat xlink:href="#sSpan19148" value="ⲧⲱⲗⲙ"/>
		<feat xlink:href="#sSpan19574" value="ⲙⲛⲧ"/>
		<feat xlink:href="#sSpan19577" value="ⲉⲣⲟ"/>
		<feat xlink:href="#sSpan19611" value="ⲙⲛⲧ"/>
		<feat xlink:href="#sSpan19614" value="ⲉⲣⲟ"/>
		<feat xlink:href="#sSpan19746" value="ⲙⲛⲧ"/>
		<feat xlink:href="#sSpan19749" value="ⲉⲣⲟ"/>
		<feat xlink:href="#sSpan19804" value="ϣ"/>
		<feat xlink:href="#sSpan19808" value="ϭⲟⲙ"/>
		<feat xlink:href="#sSpan19918" value="ⲙⲁⲓ"/>
		<feat xlink:href="#sSpan19921" value="ⲣⲱⲙⲉ"/>
		<feat xlink:href="#sSpan20069" value="ⲣ"/>
		<feat xlink:href="#sSpan20075" value="ⲣⲣⲟ"/>
		<feat xlink:href="#sSpan20082" value="ϫⲓ"/>
		<feat xlink:href="#sSpan20085" value="ⲡⲉⲓⲣⲁⲥⲙⲟⲥ"/>
		<feat xlink:href="#sSpan20150" value="ⲡ"/>
		<feat xlink:href="#sSpan20154" value="ⲉⲧ"/>
		<feat xlink:href="#sSpan20155" value="ϣⲟⲩⲉⲓⲧ"/>
		<feat xlink:href="#sSpan20225" value="ϯ"/>
		<feat xlink:href="#sSpan20228" value="ⲉⲟⲟⲩ"/>
		<feat xlink:href="#sSpan20502" value="ⲣ"/>
		<feat xlink:href="#sSpan20507" value="ϣⲟⲣⲡ"/>
		<feat xlink:href="#sSpan20522" value="ⲙⲛⲧ"/>
		<feat xlink:href="#sSpan20525" value="ⲉⲣⲟ"/>
		<feat xlink:href="#sSpan20660" value="ⲣ"/>
		<feat xlink:href="#sSpan20663" value="ⲃⲟⲗ"/>
		<feat xlink:href="#sSpan20714" value="ⲙⲛⲧ"/>
		<feat xlink:href="#sSpan20717" value="ⲛⲁ"/>
		<feat xlink:href="#sSpan20741" value="ⲣ"/>
		<feat xlink:href="#sSpan20744" value="ⲃⲟⲗ"/>
		<feat xlink:href="#sSpan21081" value="ⲣ"/>
		<feat xlink:href="#sSpan21084" value="ⲛⲟⲃⲉ"/>
		<feat xlink:href="#sSpan21410" value="ϣ"/>
		<feat xlink:href="#sSpan21413" value="ϭⲟⲙ"/>
		<feat xlink:href="#sSpan21424" value="ⲣ"/>
		<feat xlink:href="#sSpan21427" value="ⲙⲛⲧ"/>
		<feat xlink:href="#sSpan21428" value="ⲛⲁ"/>
		<feat xlink:href="#sSpan21505" value="ϣ"/>
		<feat xlink:href="#sSpan21508" value="ϭⲟⲙ"/>
		<feat xlink:href="#sSpan21635" value="ⲛⲁ"/>
		<feat xlink:href="#sSpan21638" value="ϩⲏⲧ"/>
		<feat xlink:href="#sSpan21757" value="ⲣⲉϥ"/>
		<feat xlink:href="#sSpan21760" value="ⲙⲟⲩⲧⲉ"/>
		<feat xlink:href="#sSpan21921" value="ⲣ"/>
		<feat xlink:href="#sSpan21924" value="ⲭⲣⲉⲓⲁ"/>
		<feat xlink:href="#sSpan21946" value="ⲙⲛⲧ"/>
		<feat xlink:href="#sSpan21949" value="ⲙⲁⲓ"/>
		<feat xlink:href="#sSpan21952" value="ⲣⲱⲙⲉ"/>
		<feat xlink:href="#sSpan22347" value="ⲙⲛⲧ"/>
		<feat xlink:href="#sSpan22350" value="ⲁⲅⲁⲑⲟⲥ"/>
		<feat xlink:href="#sSpan22396" value="ⲣ"/>
		<feat xlink:href="#sSpan22399" value="ϣⲟⲣⲡ"/>
		<feat xlink:href="#sSpan22613" value="ⲙⲛⲧ"/>
		<feat xlink:href="#sSpan22616" value="ⲉⲣⲟ"/>
		<feat xlink:href="#sSpan22641" value="ϣ"/>
		<feat xlink:href="#sSpan22644" value="ϭⲟⲙ"/>
		<feat xlink:href="#sSpan22733" value="ⲙⲛⲧ"/>
		<feat xlink:href="#sSpan22736" value="ⲉⲣⲟ"/>
		<feat xlink:href="#sSpan22880" value="ⲙⲛⲧ"/>
		<feat xlink:href="#sSpan22883" value="ⲟⲩ"/>
		<feat xlink:href="#sSpan23108" value="ⲡ"/>
		<feat xlink:href="#sSpan23111" value="ⲉⲧ"/>
		<feat xlink:href="#sSpan23112" value="ϩⲟⲟⲩ"/>
		<feat xlink:href="#sSpan23272" value="ⲣ"/>
		<feat xlink:href="#sSpan23275" value="ⲙⲛⲧ"/>
		<feat xlink:href="#sSpan23276" value="ⲛⲁ"/>
		<feat xlink:href="#sSpan23734" value="ⲙⲛⲧ"/>
		<feat xlink:href="#sSpan23737" value="ⲣⲉϥ"/>
		<feat xlink:href="#sSpan23738" value="ϣⲱⲥ"/>
		<feat xlink:href="#sSpan23750" value="ⲙⲛⲧ"/>
		<feat xlink:href="#sSpan23753" value="ⲣⲉϥ"/>
		<feat xlink:href="#sSpan23754" value="ⲕⲁⲧⲁⲗⲁⲗⲉⲓ"/>
		<feat xlink:href="#sSpan23777" value="ⲙⲛⲧ"/>
		<feat xlink:href="#sSpan23780" value="ⲣⲉϥ"/>
		<feat xlink:href="#sSpan23781" value="ⲙⲉⲥⲧ"/>
		<feat xlink:href="#sSpan23842" value="ⲣ"/>
		<feat xlink:href="#sSpan23845" value="ⲁⲛⲁϣ"/>
		<feat xlink:href="#sSpan23935" value="ⲡ"/>
		<feat xlink:href="#sSpan23938" value="ⲉⲧ"/>
		<feat xlink:href="#sSpan23939" value="ⲛⲁⲛⲟⲩ"/>
		<feat xlink:href="#sSpan24512" value="ϣ"/>
		<feat xlink:href="#sSpan24515" value="ⲃⲟⲏⲑⲉⲓ"/>
		<feat xlink:href="#sSpan24584" value="ϯ"/>
		<feat xlink:href="#sSpan24588" value="ϩⲁⲡ"/>
		<feat xlink:href="#sSpan24665" value="ⲙⲁⲓ"/>
		<feat xlink:href="#sSpan24668" value="ϣⲏⲣⲉ"/>
		<feat xlink:href="#sSpan24679" value="ϣ"/>
		<feat xlink:href="#sSpan24682" value="ⲧⲟⲩϫⲉ"/>
		<feat xlink:href="#sSpan25000" value="ⲙⲛⲧ"/>
		<feat xlink:href="#sSpan25003" value="ⲁⲙⲉⲗⲏⲥ"/>
		<feat xlink:href="#sSpan25029" value="ⲙⲛⲧ"/>
		<feat xlink:href="#sSpan25032" value="ϩⲏⲧ"/>
		<feat xlink:href="#sSpan25421" value="ⲙⲛⲧ"/>
		<feat xlink:href="#sSpan25424" value="ⲁⲙⲉⲗⲏⲥ"/>
		<feat xlink:href="#sSpan25565" value="ϣ"/>
		<feat xlink:href="#sSpan25568" value="ϭⲙϭⲟⲙ"/>
		<feat xlink:href="#sSpan25798" value="ⲙⲛⲧ"/>
		<feat xlink:href="#sSpan25801" value="ⲣⲉϥ"/>
		<feat xlink:href="#sSpan25802" value="ϣⲱⲥ"/>
		<feat xlink:href="#sSpan25818" value="ϣ"/>
		<feat xlink:href="#sSpan25821" value="ϭⲙϭⲟⲙ"/>
		<feat xlink:href="#sSpan25877" value="ⲙⲛⲧ"/>
		<feat xlink:href="#sSpan25880" value="ⲙⲁⲓ"/>
		<feat xlink:href="#sSpan25941" value="ⲙⲛⲧ"/>
		<feat xlink:href="#sSpan25944" value="ⲛⲁ"/>
		<feat xlink:href="#sSpan25965" value="ϣ"/>
		<feat xlink:href="#sSpan25968" value="ϭⲙϭⲟⲙ"/>
		<feat xlink:href="#sSpan26160" value="ϥⲓ"/>
		<feat xlink:href="#sSpan26163" value="ⲱⲡ"/>
		<feat xlink:href="#sSpan26245" value="ⲙⲛⲧ"/>
		<feat xlink:href="#sSpan26248" value="ⲣⲉϥ"/>
		<feat xlink:href="#sSpan26249" value="ⲫⲑⲟⲛⲉⲓ"/>
		<feat xlink:href="#sSpan26326" value="ϯ"/>
		<feat xlink:href="#sSpan26329" value="ⲉⲟⲟⲩ"/>
		<feat xlink:href="#sSpan26489" value="ⲙⲛⲧ"/>
		<feat xlink:href="#sSpan26492" value="ⲁⲙⲉⲗⲏⲥ"/>
		<feat xlink:href="#sSpan26811" value="ⲣ"/>
		<feat xlink:href="#sSpan26815" value="ⲡ"/>
		<feat xlink:href="#sSpan26816" value="ⲙⲉⲉⲩⲉ"/>
		<feat xlink:href="#sSpan26954" value="ⲣ"/>
		<feat xlink:href="#sSpan26957" value="ⲃⲟⲗ"/>
		<feat xlink:href="#sSpan26978" value="ⲟⲩⲉϩ"/>
		<feat xlink:href="#sSpan26981" value="ⲥⲁϩⲛⲉ"/>
		<feat xlink:href="#sSpan27048" value="ⲙⲛⲧ"/>
		<feat xlink:href="#sSpan27051" value="ⲛⲁ"/>
		<feat xlink:href="#sSpan27075" value="ⲙⲛⲧ"/>
		<feat xlink:href="#sSpan27078" value="ϩⲏⲕⲉ"/>
		<feat xlink:href="#sSpan27344" value="ϣ"/>
		<feat xlink:href="#sSpan27347" value="ϭⲙϭⲟⲙ"/>
		<feat xlink:href="#sSpan27810" value="ϩⲁ"/>
		<feat xlink:href="#sSpan27813" value="ϩⲟⲧⲉ"/>
		<feat xlink:href="#sSpan28171" value="ⲣ"/>
		<feat xlink:href="#sSpan28174" value="ⲭⲣⲉⲓⲁ"/>
		<feat xlink:href="#sSpan28703" value="ⲡ"/>
		<feat xlink:href="#sSpan28706" value="ⲉⲧ"/>
		<feat xlink:href="#sSpan28707" value="ⲟⲩⲁⲁⲃ"/>
		<feat xlink:href="#sSpan29070" value="ⲙⲛⲧ"/>
		<feat xlink:href="#sSpan29073" value="ⲁⲅⲁⲑⲟⲥ"/>
		<feat xlink:href="#sSpan29164" value="ϩⲁⲣϣ"/>
		<feat xlink:href="#sSpan29167" value="ϩⲏⲧ"/>
		<feat xlink:href="#sSpan29230" value="ⲙⲁⲓ"/>
		<feat xlink:href="#sSpan29236" value="ⲣⲱⲙⲉ"/>
		<feat xlink:href="#sSpan29398" value="ⲣ"/>
		<feat xlink:href="#sSpan29401" value="ϣⲟⲣⲡ"/>
		<feat xlink:href="#sSpan29539" value="ⲙⲛⲧ"/>
		<feat xlink:href="#sSpan29542" value="ϩⲁⲣϣ"/>
		<feat xlink:href="#sSpan29543" value="ϩⲏⲧ"/>
		<feat xlink:href="#sSpan29575" value="ⲙⲛⲧ"/>
		<feat xlink:href="#sSpan29578" value="ϩⲁⲣϣ"/>
		<feat xlink:href="#sSpan29579" value="ϩⲏⲧ"/>
		<feat xlink:href="#sSpan29634" value="ϫⲓ"/>
		<feat xlink:href="#sSpan29637" value="ϩⲁⲡ"/>
		<feat xlink:href="#sSpan29664" value="ϯ"/>
		<feat xlink:href="#sSpan29667" value="ⲛⲙⲙⲁ"/>
		<feat xlink:href="#sSpan29851" value="ϯ"/>
		<feat xlink:href="#sSpan29854" value="ⲟⲩⲃⲉ"/>
		<feat xlink:href="#sSpan29885" value="ϯ"/>
		<feat xlink:href="#sSpan29890" value="ⲟⲩⲃⲉ"/>
		<feat xlink:href="#sSpan29946" value="ⲙⲛⲧ"/>
		<feat xlink:href="#sSpan29949" value="ⲉⲣⲟ"/>
		<feat xlink:href="#sSpan29981" value="ϯ"/>
		<feat xlink:href="#sSpan29986" value="ⲟⲩⲃⲉ"/></featList></paula>