<?xml version='1.0' encoding='UTF-8'?><!DOCTYPE paula SYSTEM "paula_feat.dtd">
<paula version="1.1">
	<header paula_id="scriptorium.penitence.01.mark_pb_xml_id"/>
	<featList xmlns:xlink="http://www.w3.org/1999/xlink" type="pb_xml_id" xml:base="scriptorium.penitence.01.mark.xml">
		<feat xlink:href="#sSpan12" value="CMCL.AW181"/>
		<feat xlink:href="#sSpan442" value="CMCL.AW182"/>
		<feat xlink:href="#sSpan996" value="CMCL.AW183"/>
		<feat xlink:href="#sSpan1527" value="CMCL.AW184"/>
		<feat xlink:href="#sSpan2095" value="CMCL.AW185"/>
		<feat xlink:href="#sSpan2670" value="CMCL.AW186"/>
		<feat xlink:href="#sSpan3231" value="CMCL.AW187"/>
		<feat xlink:href="#sSpan3753" value="CMCL.AW188"/>
		<feat xlink:href="#sSpan4289" value="CMCL.AW189"/>
		<feat xlink:href="#sSpan4823" value="CMCL.AW190"/>
		<feat xlink:href="#sSpan5338" value="CMCL.AW211"/>
		<feat xlink:href="#sSpan5835" value="CMCL.AW212"/>
		<feat xlink:href="#sSpan6395" value="CMCL.AW213"/>
		<feat xlink:href="#sSpan6943" value="CMCL.AW214"/>
		<feat xlink:href="#sSpan7547" value="CMCL.AW215"/>
		<feat xlink:href="#sSpan8071" value="CMCL.AW215.b"/>
		<feat xlink:href="#sSpan8587" value="CMCL.AW216"/>
		<feat xlink:href="#sSpan9103" value="CMCL.AW217"/>
		<feat xlink:href="#sSpan9596" value="CMCL.AW218"/>
		<feat xlink:href="#sSpan10066" value="CMCL.AW218.b"/>
		<feat xlink:href="#sSpan10580" value="CMCL.AW219"/>
		<feat xlink:href="#sSpan11063" value="CMCL.AW220"/>
		<feat xlink:href="#sSpan11591" value="CMCL.AW221"/>
		<feat xlink:href="#sSpan12068" value="CMCL.AW222"/>
		<feat xlink:href="#sSpan12589" value="CMCL.AW224"/>
		<feat xlink:href="#sSpan13116" value="CMCL.AW225"/>
		<feat xlink:href="#sSpan13619" value="CMCL.AW226"/>
		<feat xlink:href="#sSpan14123" value="CMCL.AW227"/>
		<feat xlink:href="#sSpan14633" value="CMCL.AW228"/>
		<feat xlink:href="#sSpan15172" value="CMCL.AW228.b"/>
		<feat xlink:href="#sSpan15686" value="CMCL.AW229"/>
		<feat xlink:href="#sSpan16188" value="CMCL.AW230"/>
		<feat xlink:href="#sSpan16655" value="CMCL.AW231"/>
		<feat xlink:href="#sSpan17180" value="CMCL.AW232"/>
		<feat xlink:href="#sSpan17690" value="CMCL.AW233"/>
		<feat xlink:href="#sSpan18235" value="CMCL.AW233.b"/>
		<feat xlink:href="#sSpan18757" value="CMCL.AW234"/>
		<feat xlink:href="#sSpan19264" value="CMCL.AW235"/>
		<feat xlink:href="#sSpan19770" value="CMCL.AW236"/>
		<feat xlink:href="#sSpan20267" value="CMCL.AW237"/>
		<feat xlink:href="#sSpan20706" value="CMCL.AW238"/>
		<feat xlink:href="#sSpan21201" value="CMCL.AW238.b"/>
		<feat xlink:href="#sSpan21683" value="CMCL.AW239"/>
		<feat xlink:href="#sSpan22203" value="CMCL.AW240"/>
		<feat xlink:href="#sSpan22766" value="CMCL.AW241"/>
		<feat xlink:href="#sSpan23256" value="CMCL.AW242"/>
		<feat xlink:href="#sSpan23820" value="CMCL.AW243"/>
		<feat xlink:href="#sSpan24424" value="CMCL.AW244"/>
		<feat xlink:href="#sSpan24942" value="CMCL.AW245"/>
		<feat xlink:href="#sSpan25428" value="CMCL.AW246"/>
		<feat xlink:href="#sSpan25887" value="CMCL.AW247"/>
		<feat xlink:href="#sSpan26301" value="CMCL.AW248"/>
		<feat xlink:href="#sSpan26806" value="CMCL.AW249"/>
		<feat xlink:href="#sSpan27239" value="CMCL.AW250"/>
		<feat xlink:href="#sSpan27742" value="CMCL.AW251"/>
		<feat xlink:href="#sSpan28263" value="CMCL.AW252"/>
		<feat xlink:href="#sSpan28740" value="CMCL.AW253"/>
		<feat xlink:href="#sSpan29200" value="CMCL.AW254"/>
		<feat xlink:href="#sSpan29744" value="CMCL.AW255"/></featList></paula>