<?xml version='1.0' encoding='UTF-8'?><!DOCTYPE paula SYSTEM "paula_feat.dtd">
<paula version="1.1">
	<header paula_id="scriptorium.40_Matthew_08.mark_morph"/>
	<featList xmlns:xlink="http://www.w3.org/1999/xlink" type="morph" xml:base="scriptorium.40_Matthew_08.mark.xml">
		<feat xlink:href="#sSpan47" value="ⲥⲟⲩ"/>
		<feat xlink:href="#sSpan49" value="ⲁ"/>
		<feat xlink:href="#sSpan88" value="ϣ"/>
		<feat xlink:href="#sSpan90" value="ϭⲟⲙ"/>
		<feat xlink:href="#sSpan213" value="ⲟⲩⲉϩ"/>
		<feat xlink:href="#sSpan215" value="ⲥⲁϩⲛⲉ"/>
		<feat xlink:href="#sSpan227" value="ⲙⲛⲧ"/>
		<feat xlink:href="#sSpan229" value="ⲙⲛⲧⲣⲉ"/>
		<feat xlink:href="#sSpan501" value="ⲣ"/>
		<feat xlink:href="#sSpan503" value="ϣⲡⲏⲣⲉ"/>
		<feat xlink:href="#sSpan621" value="ⲙⲛⲧ"/>
		<feat xlink:href="#sSpan623" value="ⲣⲣⲟ"/>
		<feat xlink:href="#sSpan642" value="ⲙⲛⲧ"/>
		<feat xlink:href="#sSpan644" value="ⲣⲣⲟ"/>
		<feat xlink:href="#sSpan978" value="ⲟⲩⲉϩ"/>
		<feat xlink:href="#sSpan980" value="ⲥⲁϩⲛⲉ"/>
		<feat xlink:href="#sSpan1135" value="ⲟⲩⲉϩ"/>
		<feat xlink:href="#sSpan1138" value="ⲥⲁϩⲛⲉ"/>
		<feat xlink:href="#sSpan1196" value="ⲣⲉϥ"/>
		<feat xlink:href="#sSpan1198" value="ⲙⲟⲟⲩⲧ"/>
		<feat xlink:href="#sSpan1334" value="ⲣ"/>
		<feat xlink:href="#sSpan1336" value="ϩⲟⲧⲉ"/>
		<feat xlink:href="#sSpan1395" value="ⲣ"/>
		<feat xlink:href="#sSpan1397" value="ϣⲡⲏⲣⲉ"/>
		<feat xlink:href="#sSpan1462" value="ⲧⲱⲙ"/>
		<feat xlink:href="#sSpan1464" value="ⲛⲧ"/>
		<feat xlink:href="#sSpan1478" value="ⲣⲉϥ"/>
		<feat xlink:href="#sSpan1480" value="ϣⲟⲟⲣ"/>
		<feat xlink:href="#sSpan1539" value="ϫⲓ"/>
		<feat xlink:href="#sSpan1541" value="ϣⲕⲁⲕ"/>
		<feat xlink:href="#sSpan1636" value="ⲣⲉϥ"/>
		<feat xlink:href="#sSpan1638" value="ϣⲟⲟⲣ"/>
		<feat xlink:href="#sSpan1843" value="ⲧⲱⲙ"/>
		<feat xlink:href="#sSpan1845" value="ⲛⲧ"/></featList></paula>