<?xml version='1.0' encoding='UTF-8'?><!DOCTYPE paula SYSTEM "paula_rel.dtd">
<paula version="1.1">
	<header paula_id="scriptorium.40_Matthew_08.head"/>
	<relList xmlns:xlink="http://www.w3.org/1999/xlink" type="head">
		<rel id="sPointingRel2055" xlink:href="scriptorium.40_Matthew_08.mark.xml#sSpan189" target="scriptorium.40_Matthew_08.mark.xml#sSpan190"/>
		<rel id="sPointingRel2057" xlink:href="scriptorium.40_Matthew_08.mark.xml#sSpan174" target="scriptorium.40_Matthew_08.mark.xml#sSpan173"/>
		<rel id="sPointingRel2059" xlink:href="scriptorium.40_Matthew_08.mark.xml#sSpan1829" target="scriptorium.40_Matthew_08.mark.xml#sSpan1830"/>
		<rel id="sPointingRel2061" xlink:href="scriptorium.40_Matthew_08.mark.xml#sSpan295" target="scriptorium.40_Matthew_08.mark.xml#sSpan296"/>
		<rel id="sPointingRel2063" xlink:href="scriptorium.40_Matthew_08.mark.xml#sSpan627" target="scriptorium.40_Matthew_08.mark.xml#sSpan628"/>
		<rel id="sPointingRel2065" xlink:href="scriptorium.40_Matthew_08.mark.xml#sSpan762" target="scriptorium.40_Matthew_08.mark.xml#sSpan761"/>
		<rel id="sPointingRel2067" xlink:href="scriptorium.40_Matthew_08.mark.xml#sSpan1416" target="scriptorium.40_Matthew_08.mark.xml#sSpan1414"/>
		<rel id="sPointingRel2069" xlink:href="scriptorium.40_Matthew_08.mark.xml#sSpan110" target="scriptorium.40_Matthew_08.mark.xml#sSpan111"/>
		<rel id="sPointingRel2071" xlink:href="scriptorium.40_Matthew_08.mark.xml#sSpan1729" target="scriptorium.40_Matthew_08.mark.xml#sSpan1730"/>
		<rel id="sPointingRel2073" xlink:href="scriptorium.40_Matthew_08.mark.xml#sSpan1801" target="scriptorium.40_Matthew_08.mark.xml#sSpan1799"/>
		<rel id="sPointingRel2075" xlink:href="scriptorium.40_Matthew_08.mark.xml#sSpan1450" target="scriptorium.40_Matthew_08.mark.xml#sSpan1451"/>
		<rel id="sPointingRel2077" xlink:href="scriptorium.40_Matthew_08.mark.xml#sSpan1849" target="scriptorium.40_Matthew_08.mark.xml#sSpan1848"/>
		<rel id="sPointingRel2079" xlink:href="scriptorium.40_Matthew_08.mark.xml#sSpan15" target="scriptorium.40_Matthew_08.mark.xml#sSpan16"/>
		<rel id="sPointingRel2081" xlink:href="scriptorium.40_Matthew_08.mark.xml#sSpan620" target="scriptorium.40_Matthew_08.mark.xml#sSpan622"/>
		<rel id="sPointingRel2083" xlink:href="scriptorium.40_Matthew_08.mark.xml#sSpan1063" target="scriptorium.40_Matthew_08.mark.xml#sSpan1065"/>
		<rel id="sPointingRel2085" xlink:href="scriptorium.40_Matthew_08.mark.xml#sSpan261" target="scriptorium.40_Matthew_08.mark.xml#sSpan262"/>
		<rel id="sPointingRel2087" xlink:href="scriptorium.40_Matthew_08.mark.xml#sSpan578" target="scriptorium.40_Matthew_08.mark.xml#sSpan577"/>
		<rel id="sPointingRel2089" xlink:href="scriptorium.40_Matthew_08.mark.xml#sSpan672" target="scriptorium.40_Matthew_08.mark.xml#sSpan673"/>
		<rel id="sPointingRel2091" xlink:href="scriptorium.40_Matthew_08.mark.xml#sSpan470" target="scriptorium.40_Matthew_08.mark.xml#sSpan472"/>
		<rel id="sPointingRel2093" xlink:href="scriptorium.40_Matthew_08.mark.xml#sSpan1711" target="scriptorium.40_Matthew_08.mark.xml#sSpan1712"/>
		<rel id="sPointingRel2095" xlink:href="scriptorium.40_Matthew_08.mark.xml#sSpan554" target="scriptorium.40_Matthew_08.mark.xml#sSpan553"/>
		<rel id="sPointingRel2097" xlink:href="scriptorium.40_Matthew_08.mark.xml#sSpan1739" target="scriptorium.40_Matthew_08.mark.xml#sSpan1740"/>
		<rel id="sPointingRel2099" xlink:href="scriptorium.40_Matthew_08.mark.xml#sSpan1133" target="scriptorium.40_Matthew_08.mark.xml#sSpan1134"/>
		<rel id="sPointingRel2101" xlink:href="scriptorium.40_Matthew_08.mark.xml#sSpan1107" target="scriptorium.40_Matthew_08.mark.xml#sSpan1106"/>
		<rel id="sPointingRel2103" xlink:href="scriptorium.40_Matthew_08.mark.xml#sSpan323" target="scriptorium.40_Matthew_08.mark.xml#sSpan322"/>
		<rel id="sPointingRel2105" xlink:href="scriptorium.40_Matthew_08.mark.xml#sSpan964" target="scriptorium.40_Matthew_08.mark.xml#sSpan963"/>
		<rel id="sPointingRel2107" xlink:href="scriptorium.40_Matthew_08.mark.xml#sSpan1761" target="scriptorium.40_Matthew_08.mark.xml#sSpan1760"/>
		<rel id="sPointingRel2109" xlink:href="scriptorium.40_Matthew_08.mark.xml#sSpan203" target="scriptorium.40_Matthew_08.mark.xml#sSpan204"/>
		<rel id="sPointingRel2111" xlink:href="scriptorium.40_Matthew_08.mark.xml#sSpan281" target="scriptorium.40_Matthew_08.mark.xml#sSpan282"/>
		<rel id="sPointingRel2113" xlink:href="scriptorium.40_Matthew_08.mark.xml#sSpan1471" target="scriptorium.40_Matthew_08.mark.xml#sSpan1470"/>
		<rel id="sPointingRel2115" xlink:href="scriptorium.40_Matthew_08.mark.xml#sSpan348" target="scriptorium.40_Matthew_08.mark.xml#sSpan349"/>
		<rel id="sPointingRel2117" xlink:href="scriptorium.40_Matthew_08.mark.xml#sSpan1340" target="scriptorium.40_Matthew_08.mark.xml#sSpan1341"/>
		<rel id="sPointingRel2119" xlink:href="scriptorium.40_Matthew_08.mark.xml#sSpan938" target="scriptorium.40_Matthew_08.mark.xml#sSpan939"/>
		<rel id="sPointingRel2121" xlink:href="scriptorium.40_Matthew_08.mark.xml#sSpan1477" target="scriptorium.40_Matthew_08.mark.xml#sSpan1479"/>
		<rel id="sPointingRel2123" xlink:href="scriptorium.40_Matthew_08.mark.xml#sSpan1171" target="scriptorium.40_Matthew_08.mark.xml#sSpan1170"/>
		<rel id="sPointingRel2125" xlink:href="scriptorium.40_Matthew_08.mark.xml#sSpan1309" target="scriptorium.40_Matthew_08.mark.xml#sSpan1310"/>
		<rel id="sPointingRel2127" xlink:href="scriptorium.40_Matthew_08.mark.xml#sSpan1090" target="scriptorium.40_Matthew_08.mark.xml#sSpan1091"/>
		<rel id="sPointingRel2129" xlink:href="scriptorium.40_Matthew_08.mark.xml#sSpan641" target="scriptorium.40_Matthew_08.mark.xml#sSpan643"/>
		<rel id="sPointingRel2131" xlink:href="scriptorium.40_Matthew_08.mark.xml#sSpan973" target="scriptorium.40_Matthew_08.mark.xml#sSpan974"/>
		<rel id="sPointingRel2133" xlink:href="scriptorium.40_Matthew_08.mark.xml#sSpan592" target="scriptorium.40_Matthew_08.mark.xml#sSpan591"/>
		<rel id="sPointingRel2135" xlink:href="scriptorium.40_Matthew_08.mark.xml#sSpan1150" target="scriptorium.40_Matthew_08.mark.xml#sSpan1151"/>
		<rel id="sPointingRel2137" xlink:href="scriptorium.40_Matthew_08.mark.xml#sSpan915" target="scriptorium.40_Matthew_08.mark.xml#sSpan914"/>
		<rel id="sPointingRel2139" xlink:href="scriptorium.40_Matthew_08.mark.xml#sSpan587" target="scriptorium.40_Matthew_08.mark.xml#sSpan588"/>
		<rel id="sPointingRel2141" xlink:href="scriptorium.40_Matthew_08.mark.xml#sSpan596" target="scriptorium.40_Matthew_08.mark.xml#sSpan595"/>
		<rel id="sPointingRel2143" xlink:href="scriptorium.40_Matthew_08.mark.xml#sSpan1607" target="scriptorium.40_Matthew_08.mark.xml#sSpan1608"/>
		<rel id="sPointingRel2145" xlink:href="scriptorium.40_Matthew_08.mark.xml#sSpan1195" target="scriptorium.40_Matthew_08.mark.xml#sSpan1197"/>
		<rel id="sPointingRel2147" xlink:href="scriptorium.40_Matthew_08.mark.xml#sSpan757" target="scriptorium.40_Matthew_08.mark.xml#sSpan758"/>
		<rel id="sPointingRel2149" xlink:href="scriptorium.40_Matthew_08.mark.xml#sSpan284" target="scriptorium.40_Matthew_08.mark.xml#sSpan286"/>
		<rel id="sPointingRel2151" xlink:href="scriptorium.40_Matthew_08.mark.xml#sSpan1425" target="scriptorium.40_Matthew_08.mark.xml#sSpan1426"/>
		<rel id="sPointingRel2153" xlink:href="scriptorium.40_Matthew_08.mark.xml#sSpan843" target="scriptorium.40_Matthew_08.mark.xml#sSpan842"/>
		<rel id="sPointingRel2155" xlink:href="scriptorium.40_Matthew_08.mark.xml#sSpan1633" target="scriptorium.40_Matthew_08.mark.xml#sSpan1637"/>
		<rel id="sPointingRel2157" xlink:href="scriptorium.40_Matthew_08.mark.xml#sSpan1360" target="scriptorium.40_Matthew_08.mark.xml#sSpan1361"/>
		<rel id="sPointingRel2159" xlink:href="scriptorium.40_Matthew_08.mark.xml#sSpan1677" target="scriptorium.40_Matthew_08.mark.xml#sSpan1676"/>
		<rel id="sPointingRel2161" xlink:href="scriptorium.40_Matthew_08.mark.xml#sSpan605" target="scriptorium.40_Matthew_08.mark.xml#sSpan604"/>
		<rel id="sPointingRel2163" xlink:href="scriptorium.40_Matthew_08.mark.xml#sSpan1077" target="scriptorium.40_Matthew_08.mark.xml#sSpan1078"/>
		<rel id="sPointingRel2165" xlink:href="scriptorium.40_Matthew_08.mark.xml#sSpan1521" target="scriptorium.40_Matthew_08.mark.xml#sSpan1522"/>
		<rel id="sPointingRel2167" xlink:href="scriptorium.40_Matthew_08.mark.xml#sSpan1239" target="scriptorium.40_Matthew_08.mark.xml#sSpan1243"/>
		<rel id="sPointingRel2169" xlink:href="scriptorium.40_Matthew_08.mark.xml#sSpan693" target="scriptorium.40_Matthew_08.mark.xml#sSpan692"/>
		<rel id="sPointingRel2171" xlink:href="scriptorium.40_Matthew_08.mark.xml#sSpan548" target="scriptorium.40_Matthew_08.mark.xml#sSpan549"/>
		<rel id="sPointingRel2173" xlink:href="scriptorium.40_Matthew_08.mark.xml#sSpan1672" target="scriptorium.40_Matthew_08.mark.xml#sSpan1673"/>
		<rel id="sPointingRel2175" xlink:href="scriptorium.40_Matthew_08.mark.xml#sSpan149" target="scriptorium.40_Matthew_08.mark.xml#sSpan150"/>
		<rel id="sPointingRel2177" xlink:href="scriptorium.40_Matthew_08.mark.xml#sSpan28" target="scriptorium.40_Matthew_08.mark.xml#sSpan29"/>
		<rel id="sPointingRel2179" xlink:href="scriptorium.40_Matthew_08.mark.xml#sSpan887" target="scriptorium.40_Matthew_08.mark.xml#sSpan885"/>
		<rel id="sPointingRel2181" xlink:href="scriptorium.40_Matthew_08.mark.xml#sSpan852" target="scriptorium.40_Matthew_08.mark.xml#sSpan851"/>
		<rel id="sPointingRel2183" xlink:href="scriptorium.40_Matthew_08.mark.xml#sSpan1268" target="scriptorium.40_Matthew_08.mark.xml#sSpan1269"/>
		<rel id="sPointingRel2185" xlink:href="scriptorium.40_Matthew_08.mark.xml#sSpan1019" target="scriptorium.40_Matthew_08.mark.xml#sSpan1020"/>
		<rel id="sPointingRel2187" xlink:href="scriptorium.40_Matthew_08.mark.xml#sSpan456" target="scriptorium.40_Matthew_08.mark.xml#sSpan457"/>
		<rel id="sPointingRel2189" xlink:href="scriptorium.40_Matthew_08.mark.xml#sSpan1053" target="scriptorium.40_Matthew_08.mark.xml#sSpan1052"/>
		<rel id="sPointingRel2191" xlink:href="scriptorium.40_Matthew_08.mark.xml#sSpan1582" target="scriptorium.40_Matthew_08.mark.xml#sSpan1583"/>
		<rel id="sPointingRel2193" xlink:href="scriptorium.40_Matthew_08.mark.xml#sSpan873" target="scriptorium.40_Matthew_08.mark.xml#sSpan874"/>
		<rel id="sPointingRel2195" xlink:href="scriptorium.40_Matthew_08.mark.xml#sSpan1211" target="scriptorium.40_Matthew_08.mark.xml#sSpan1212"/>
		<rel id="sPointingRel2197" xlink:href="scriptorium.40_Matthew_08.mark.xml#sSpan379" target="scriptorium.40_Matthew_08.mark.xml#sSpan380"/>
		<rel id="sPointingRel2199" xlink:href="scriptorium.40_Matthew_08.mark.xml#sSpan1155" target="scriptorium.40_Matthew_08.mark.xml#sSpan1156"/>
		<rel id="sPointingRel2201" xlink:href="scriptorium.40_Matthew_08.mark.xml#sSpan1511" target="scriptorium.40_Matthew_08.mark.xml#sSpan1510"/>
		<rel id="sPointingRel2203" xlink:href="scriptorium.40_Matthew_08.mark.xml#sSpan1102" target="scriptorium.40_Matthew_08.mark.xml#sSpan1101"/>
		<rel id="sPointingRel2205" xlink:href="scriptorium.40_Matthew_08.mark.xml#sSpan393" target="scriptorium.40_Matthew_08.mark.xml#sSpan394"/>
		<rel id="sPointingRel2207" xlink:href="scriptorium.40_Matthew_08.mark.xml#sSpan544" target="scriptorium.40_Matthew_08.mark.xml#sSpan543"/>
		<rel id="sPointingRel2209" xlink:href="scriptorium.40_Matthew_08.mark.xml#sSpan697" target="scriptorium.40_Matthew_08.mark.xml#sSpan698"/>
		<rel id="sPointingRel2211" xlink:href="scriptorium.40_Matthew_08.mark.xml#sSpan478" target="scriptorium.40_Matthew_08.mark.xml#sSpan479"/>
		<rel id="sPointingRel2213" xlink:href="scriptorium.40_Matthew_08.mark.xml#sSpan226" target="scriptorium.40_Matthew_08.mark.xml#sSpan228"/>
		<rel id="sPointingRel2215" xlink:href="scriptorium.40_Matthew_08.mark.xml#sSpan734" target="scriptorium.40_Matthew_08.mark.xml#sSpan735"/>
		<rel id="sPointingRel2217" xlink:href="scriptorium.40_Matthew_08.mark.xml#sSpan1006" target="scriptorium.40_Matthew_08.mark.xml#sSpan1007"/>
		<rel id="sPointingRel2219" xlink:href="scriptorium.40_Matthew_08.mark.xml#sSpan1455" target="scriptorium.40_Matthew_08.mark.xml#sSpan1456"/>
		<rel id="sPointingRel2221" xlink:href="scriptorium.40_Matthew_08.mark.xml#sSpan1569" target="scriptorium.40_Matthew_08.mark.xml#sSpan1570"/>
		<rel id="sPointingRel2223" xlink:href="scriptorium.40_Matthew_08.mark.xml#sSpan1378" target="scriptorium.40_Matthew_08.mark.xml#sSpan1382"/>
		<rel id="sPointingRel2225" xlink:href="scriptorium.40_Matthew_08.mark.xml#sSpan222" target="scriptorium.40_Matthew_08.mark.xml#sSpan221"/>
		<rel id="sPointingRel2227" xlink:href="scriptorium.40_Matthew_08.mark.xml#sSpan772" target="scriptorium.40_Matthew_08.mark.xml#sSpan773"/>
		<rel id="sPointingRel2229" xlink:href="scriptorium.40_Matthew_08.mark.xml#sSpan729" target="scriptorium.40_Matthew_08.mark.xml#sSpan730"/>
		<rel id="sPointingRel2231" xlink:href="scriptorium.40_Matthew_08.mark.xml#sSpan1186" target="scriptorium.40_Matthew_08.mark.xml#sSpan1185"/>
		<rel id="sPointingRel2233" xlink:href="scriptorium.40_Matthew_08.mark.xml#sSpan1808" target="scriptorium.40_Matthew_08.mark.xml#sSpan1807"/>
		<rel id="sPointingRel2235" xlink:href="scriptorium.40_Matthew_08.mark.xml#sSpan865" target="scriptorium.40_Matthew_08.mark.xml#sSpan866"/>
		<rel id="sPointingRel2237" xlink:href="scriptorium.40_Matthew_08.mark.xml#sSpan1365" target="scriptorium.40_Matthew_08.mark.xml#sSpan1366"/>
		<rel id="sPointingRel2239" xlink:href="scriptorium.40_Matthew_08.mark.xml#sSpan1112" target="scriptorium.40_Matthew_08.mark.xml#sSpan1114"/>
		<rel id="sPointingRel2241" xlink:href="scriptorium.40_Matthew_08.mark.xml#sSpan950" target="scriptorium.40_Matthew_08.mark.xml#sSpan951"/>
		<rel id="sPointingRel2243" xlink:href="scriptorium.40_Matthew_08.mark.xml#sSpan414" target="scriptorium.40_Matthew_08.mark.xml#sSpan415"/>
		<rel id="sPointingRel2245" xlink:href="scriptorium.40_Matthew_08.mark.xml#sSpan906" target="scriptorium.40_Matthew_08.mark.xml#sSpan905"/>
		<rel id="sPointingRel2247" xlink:href="scriptorium.40_Matthew_08.mark.xml#sSpan824" target="scriptorium.40_Matthew_08.mark.xml#sSpan823"/>
		<rel id="sPointingRel2249" xlink:href="scriptorium.40_Matthew_08.mark.xml#sSpan1073" target="scriptorium.40_Matthew_08.mark.xml#sSpan1072"/>
		<rel id="sPointingRel2251" xlink:href="scriptorium.40_Matthew_08.mark.xml#sSpan1386" target="scriptorium.40_Matthew_08.mark.xml#sSpan1389"/>
		<rel id="sPointingRel2253" xlink:href="scriptorium.40_Matthew_08.mark.xml#sSpan558" target="scriptorium.40_Matthew_08.mark.xml#sSpan559"/>
		<rel id="sPointingRel2255" xlink:href="scriptorium.40_Matthew_08.mark.xml#sSpan655" target="scriptorium.40_Matthew_08.mark.xml#sSpan656"/>
		<rel id="sPointingRel2257" xlink:href="scriptorium.40_Matthew_08.mark.xml#sSpan988" target="scriptorium.40_Matthew_08.mark.xml#sSpan989"/>
		<rel id="sPointingRel2259" xlink:href="scriptorium.40_Matthew_08.mark.xml#sSpan633" target="scriptorium.40_Matthew_08.mark.xml#sSpan635"/>
		<rel id="sPointingRel2261" xlink:href="scriptorium.40_Matthew_08.mark.xml#sSpan163" target="scriptorium.40_Matthew_08.mark.xml#sSpan162"/>
		<rel id="sPointingRel2263" xlink:href="scriptorium.40_Matthew_08.mark.xml#sSpan442" target="scriptorium.40_Matthew_08.mark.xml#sSpan441"/>
		<rel id="sPointingRel2265" xlink:href="scriptorium.40_Matthew_08.mark.xml#sSpan1224" target="scriptorium.40_Matthew_08.mark.xml#sSpan1225"/>
		<rel id="sPointingRel2267" xlink:href="scriptorium.40_Matthew_08.mark.xml#sSpan1598" target="scriptorium.40_Matthew_08.mark.xml#sSpan1599"/>
		<rel id="sPointingRel2269" xlink:href="scriptorium.40_Matthew_08.mark.xml#sSpan1030" target="scriptorium.40_Matthew_08.mark.xml#sSpan1031"/>
		<rel id="sPointingRel2271" xlink:href="scriptorium.40_Matthew_08.mark.xml#sSpan423" target="scriptorium.40_Matthew_08.mark.xml#sSpan424"/>
		<rel id="sPointingRel2273" xlink:href="scriptorium.40_Matthew_08.mark.xml#sSpan1259" target="scriptorium.40_Matthew_08.mark.xml#sSpan1260"/>
		<rel id="sPointingRel2275" xlink:href="scriptorium.40_Matthew_08.mark.xml#sSpan1789" target="scriptorium.40_Matthew_08.mark.xml#sSpan1790"/>
		<rel id="sPointingRel2277" xlink:href="scriptorium.40_Matthew_08.mark.xml#sSpan677" target="scriptorium.40_Matthew_08.mark.xml#sSpan678"/>
		<rel id="sPointingRel2279" xlink:href="scriptorium.40_Matthew_08.mark.xml#sSpan514" target="scriptorium.40_Matthew_08.mark.xml#sSpan513"/>
		<rel id="sPointingRel2281" xlink:href="scriptorium.40_Matthew_08.mark.xml#sSpan1120" target="scriptorium.40_Matthew_08.mark.xml#sSpan1121"/>
		<rel id="sPointingRel2283" xlink:href="scriptorium.40_Matthew_08.mark.xml#sSpan81" target="scriptorium.40_Matthew_08.mark.xml#sSpan82"/>
		<rel id="sPointingRel2285" xlink:href="scriptorium.40_Matthew_08.mark.xml#sSpan1593" target="scriptorium.40_Matthew_08.mark.xml#sSpan1594"/>
		<rel id="sPointingRel2287" xlink:href="scriptorium.40_Matthew_08.mark.xml#sSpan751" target="scriptorium.40_Matthew_08.mark.xml#sSpan750"/>
		<rel id="sPointingRel2289" xlink:href="scriptorium.40_Matthew_08.mark.xml#sSpan1494" target="scriptorium.40_Matthew_08.mark.xml#sSpan1495"/>
		<rel id="sPointingRel2291" xlink:href="scriptorium.40_Matthew_08.mark.xml#sSpan247" target="scriptorium.40_Matthew_08.mark.xml#sSpan246"/>
		<rel id="sPointingRel2293" xlink:href="scriptorium.40_Matthew_08.mark.xml#sSpan360" target="scriptorium.40_Matthew_08.mark.xml#sSpan361"/>
		<rel id="sPointingRel2295" xlink:href="scriptorium.40_Matthew_08.mark.xml#sSpan1664" target="scriptorium.40_Matthew_08.mark.xml#sSpan1663"/>
		<rel id="sPointingRel2297" xlink:href="scriptorium.40_Matthew_08.mark.xml#sSpan1748" target="scriptorium.40_Matthew_08.mark.xml#sSpan1747"/>
		<rel id="sPointingRel2299" xlink:href="scriptorium.40_Matthew_08.mark.xml#sSpan497" target="scriptorium.40_Matthew_08.mark.xml#sSpan496"/>
		<rel id="sPointingRel2301" xlink:href="scriptorium.40_Matthew_08.mark.xml#sSpan1420" target="scriptorium.40_Matthew_08.mark.xml#sSpan1421"/>
		<rel id="sPointingRel2303" xlink:href="scriptorium.40_Matthew_08.mark.xml#sSpan1445" target="scriptorium.40_Matthew_08.mark.xml#sSpan1446"/>
		<rel id="sPointingRel2305" xlink:href="scriptorium.40_Matthew_08.mark.xml#sSpan682" target="scriptorium.40_Matthew_08.mark.xml#sSpan683"/>
		<rel id="sPointingRel2307" xlink:href="scriptorium.40_Matthew_08.mark.xml#sSpan428" target="scriptorium.40_Matthew_08.mark.xml#sSpan429"/>
		<rel id="sPointingRel2309" xlink:href="scriptorium.40_Matthew_08.mark.xml#sSpan1877" target="scriptorium.40_Matthew_08.mark.xml#sSpan1878"/>
		<rel id="sPointingRel2311" xlink:href="scriptorium.40_Matthew_08.mark.xml#sSpan1815" target="scriptorium.40_Matthew_08.mark.xml#sSpan1814"/>
		<rel id="sPointingRel2313" xlink:href="scriptorium.40_Matthew_08.mark.xml#sSpan613" target="scriptorium.40_Matthew_08.mark.xml#sSpan612"/>
		<rel id="sPointingRel2315" xlink:href="scriptorium.40_Matthew_08.mark.xml#sSpan1766" target="scriptorium.40_Matthew_08.mark.xml#sSpan1764"/>
		<rel id="sPointingRel2317" xlink:href="scriptorium.40_Matthew_08.mark.xml#sSpan1057" target="scriptorium.40_Matthew_08.mark.xml#sSpan1058"/>
		<rel id="sPointingRel2319" xlink:href="scriptorium.40_Matthew_08.mark.xml#sSpan806" target="scriptorium.40_Matthew_08.mark.xml#sSpan807"/>
		<rel id="sPointingRel2321" xlink:href="scriptorium.40_Matthew_08.mark.xml#sSpan1251" target="scriptorium.40_Matthew_08.mark.xml#sSpan1252"/>
		<rel id="sPointingRel2323" xlink:href="scriptorium.40_Matthew_08.mark.xml#sSpan1562" target="scriptorium.40_Matthew_08.mark.xml#sSpan1560"/>
		<rel id="sPointingRel2325" xlink:href="scriptorium.40_Matthew_08.mark.xml#sSpan609" target="scriptorium.40_Matthew_08.mark.xml#sSpan608"/>
		<rel id="sPointingRel2327" xlink:href="scriptorium.40_Matthew_08.mark.xml#sSpan796" target="scriptorium.40_Matthew_08.mark.xml#sSpan797"/></relList></paula>