<?xml version='1.0' encoding='UTF-8'?><!DOCTYPE paula SYSTEM "paula_feat.dtd">
<paula version="1.1">
	<header paula_id="scriptorium.40_Matthew_08.mark_text"/>
	<featList xmlns:xlink="http://www.w3.org/1999/xlink" type="text" xml:base="scriptorium.40_Matthew_08.mark.xml">
		<feat xlink:href="#sSpan15" value="ⲡ ⲧⲟⲟⲩ"/>
		<feat xlink:href="#sSpan28" value="ϩⲉⲛ ⲙⲏⲏϣⲉ ⲉ ⲛⲁϣⲱ ⲟⲩ"/>
		<feat xlink:href="#sSpan81" value="ⲡ ϫⲟⲉⲓⲥ"/>
		<feat xlink:href="#sSpan110" value="ⲧⲉϥ ϭⲓϫ ⲉⲃⲟⲗ"/>
		<feat xlink:href="#sSpan149" value="ⲡⲉϥ ⲥⲱⲃϩ"/>
		<feat xlink:href="#sSpan163" value="ⲓⲏⲥⲟⲩⲥ"/>
		<feat xlink:href="#sSpan174" value="ⲗⲁⲁⲩ"/>
		<feat xlink:href="#sSpan189" value="ⲡ ⲟⲩⲏⲏⲃ"/>
		<feat xlink:href="#sSpan203" value="ⲡⲉⲕ ⲇⲱⲣⲟⲛ"/>
		<feat xlink:href="#sSpan222" value="ⲙⲱⲩⲥⲏⲥ"/>
		<feat xlink:href="#sSpan226" value="ⲩ ⲙⲛⲧⲙⲛⲧⲣⲉ ⲛⲁ ⲩ"/>
		<feat xlink:href="#sSpan247" value="ⲕⲁⲫⲁⲣⲛⲁⲟⲩⲙ"/>
		<feat xlink:href="#sSpan261" value="ⲟⲩ ϩⲉⲕⲁⲧⲟⲛⲧⲁⲣⲭⲟⲥ"/>
		<feat xlink:href="#sSpan281" value="ⲡ ϫⲟⲉⲓⲥ"/>
		<feat xlink:href="#sSpan284" value="ⲡⲁ ϣⲏⲣⲉ"/>
		<feat xlink:href="#sSpan295" value="ⲡⲁ ⲏⲓ"/>
		<feat xlink:href="#sSpan323" value="ⲓⲏⲥⲟⲩⲥ"/>
		<feat xlink:href="#sSpan348" value="ⲡ ϩⲉⲕⲁⲧⲟⲛⲧⲁⲣⲭⲟⲥ"/>
		<feat xlink:href="#sSpan360" value="ⲡ ϫⲟⲉⲓⲥ"/>
		<feat xlink:href="#sSpan379" value="ⲧⲁ ⲟⲩⲉϩⲥⲟⲓ"/>
		<feat xlink:href="#sSpan393" value="ⲡ ϣⲁϫⲉ"/>
		<feat xlink:href="#sSpan414" value="ⲟⲩ ⲣⲱⲙⲉ ⲉ ⲓ ϣⲟⲟⲡ ϩⲁ ⲟⲩ ⲉⲝⲟⲩⲥⲓⲁ ⲉⲣⲉ ϩⲉⲛ ⲙⲁⲧⲟⲓ ϣⲟⲟⲡ"/>
		<feat xlink:href="#sSpan423" value="ⲟⲩ ⲉⲝⲟⲩⲥⲓⲁ ⲉⲣⲉ ϩⲉⲛ ⲙⲁⲧⲟⲓ ϣⲟⲟⲡ"/>
		<feat xlink:href="#sSpan428" value="ϩⲉⲛ ⲙⲁⲧⲟⲓ"/>
		<feat xlink:href="#sSpan442" value="ⲡⲁⲓ"/>
		<feat xlink:href="#sSpan456" value="ⲕⲉ ⲟⲩⲁ ϫⲉ ⲁⲙⲟⲩ ⲁⲩⲱ ⲛ ϥ ⲉⲓ ⲁⲩⲱ ⲡⲁ ϩⲙϩⲁⲗ"/>
		<feat xlink:href="#sSpan470" value="ⲡⲁ ϩⲙϩⲁⲗ"/>
		<feat xlink:href="#sSpan478" value="ⲡ ⲁⲓ"/>
		<feat xlink:href="#sSpan497" value="ⲓⲏⲥⲟⲩⲥ"/>
		<feat xlink:href="#sSpan514" value="ⲛ ⲉⲧ ⲟⲩⲏϩ ⲛⲥⲱ ϥ"/>
		<feat xlink:href="#sSpan544" value="ⲡⲓⲥⲧⲓⲥ ⲛ ⲧⲉⲓ ϭⲟⲧ ⲛ ⲧⲛ"/>
		<feat xlink:href="#sSpan548" value="ⲧⲉⲓ ϭⲟⲧ ⲛ ⲧⲛ"/>
		<feat xlink:href="#sSpan554" value="ⲗⲁⲁⲩ ϩⲙ ⲡ ⲓⲥⲣⲁⲏⲗ"/>
		<feat xlink:href="#sSpan558" value="ⲡ ⲓⲥⲣⲁⲏⲗ"/>
		<feat xlink:href="#sSpan578" value="ϩⲁϩ"/>
		<feat xlink:href="#sSpan587" value="ⲛⲉ ⲙⲁ ⲛ ϣⲁ ⲙⲛ ⲙⲙⲁⲛϩⲱⲧⲛ"/>
		<feat xlink:href="#sSpan592" value="ϣⲁ"/>
		<feat xlink:href="#sSpan596" value="ⲙⲙⲁⲛϩⲱⲧⲛ"/>
		<feat xlink:href="#sSpan605" value="ⲁⲃⲣⲁϩⲁⲙ"/>
		<feat xlink:href="#sSpan609" value="ⲓⲥⲁⲁⲕ ⲙⲛ ⲓⲁⲕⲱⲃ ϩⲣⲁⲓ"/>
		<feat xlink:href="#sSpan613" value="ⲓⲁⲕⲱⲃ"/>
		<feat xlink:href="#sSpan620" value="ⲧ ⲙⲛⲧⲣⲣⲟ ⲛ ⲙ ⲡⲏⲩⲉ"/>
		<feat xlink:href="#sSpan627" value="ⲙ ⲡⲏⲩⲉ"/>
		<feat xlink:href="#sSpan633" value="ⲛ ϣⲏⲣⲉ ⲇⲉ ⲛ ⲧ ⲙⲛⲧⲣⲣⲟ"/>
		<feat xlink:href="#sSpan641" value="ⲧ ⲙⲛⲧⲣⲣⲟ"/>
		<feat xlink:href="#sSpan655" value="ⲡ ⲕⲁⲕⲉ ⲉⲧ ϩⲓⲃⲟⲗ"/>
		<feat xlink:href="#sSpan672" value="ⲡ ⲣⲓⲙⲉ"/>
		<feat xlink:href="#sSpan677" value="ⲡ ϫⲁϩϫϩ ⲛ ⲛ ⲟⲃϩⲉ"/>
		<feat xlink:href="#sSpan682" value="ⲛ ⲟⲃϩⲉ"/>
		<feat xlink:href="#sSpan693" value="ⲓⲏⲥⲟⲩⲥ ⲙ ⲡ ϩⲉⲕⲁⲧⲟⲛⲧⲁⲣⲭⲟⲥ"/>
		<feat xlink:href="#sSpan697" value="ⲡ ϩⲉⲕⲁⲧⲟⲛⲧⲁⲣⲭⲟⲥ"/>
		<feat xlink:href="#sSpan729" value="ⲡⲉϥ ϣⲏⲣⲉ"/>
		<feat xlink:href="#sSpan734" value="ⲧ ⲉⲩⲛⲟⲩ ⲉⲧ ⲙⲙⲁⲩ"/>
		<feat xlink:href="#sSpan751" value="ⲓⲏⲥⲟⲩⲥ"/>
		<feat xlink:href="#sSpan757" value="ⲡ ⲏⲓ ⲙ ⲡⲉⲧⲣⲟⲥ"/>
		<feat xlink:href="#sSpan762" value="ⲡⲉⲧⲣⲟⲥ"/>
		<feat xlink:href="#sSpan772" value="ⲧⲉϥ ϣⲱⲙⲉ"/>
		<feat xlink:href="#sSpan796" value="ⲧⲉⲥ ϭⲓϫ"/>
		<feat xlink:href="#sSpan806" value="ⲡⲉ ϩⲙⲟⲙ"/>
		<feat xlink:href="#sSpan824" value="ⲣⲟⲩϩⲉ"/>
		<feat xlink:href="#sSpan843" value="ϩⲁϩ ⲉ ⲩ ⲟ ⲛ ⲇⲁⲓⲙⲱⲛⲓⲟⲛ"/>
		<feat xlink:href="#sSpan852" value="ⲇⲁⲓⲙⲱⲛⲓⲟⲛ"/>
		<feat xlink:href="#sSpan865" value="ⲛⲉ ⲡⲛⲉⲩⲙⲁ ⲛ ⲁⲕⲁⲑⲁⲣⲧⲟⲛ"/>
		<feat xlink:href="#sSpan873" value="ⲡ ϣⲁϫⲉ"/>
		<feat xlink:href="#sSpan887" value="ⲟⲩⲟⲛ ⲛⲓⲙ ⲉⲧ ⲙⲟⲕϩ"/>
		<feat xlink:href="#sSpan906" value="ⲡ ⲉⲛⲧ ⲁ ⲩ ϫⲟⲟ ϥ ϩⲓⲧⲛ ⲏⲥⲁⲓⲁⲥ ⲡⲉ ⲡⲣⲟⲫⲏⲧⲏⲥ"/>
		<feat xlink:href="#sSpan915" value="ⲏⲥⲁⲓⲁⲥ ⲡⲉ ⲡⲣⲟⲫⲏⲧⲏⲥ"/>
		<feat xlink:href="#sSpan938" value="ⲛ ϣⲱⲛⲉ"/>
		<feat xlink:href="#sSpan950" value="ⲛⲉⲛ ⲗⲟϫⲗⲉϫ"/>
		<feat xlink:href="#sSpan964" value="ⲓⲏⲥⲟⲩⲥ"/>
		<feat xlink:href="#sSpan973" value="ⲡⲉϥ ⲕⲱⲧⲉ"/>
		<feat xlink:href="#sSpan988" value="ⲡⲉⲓ ⲕⲣⲟ"/>
		<feat xlink:href="#sSpan1006" value="ⲟⲩ ⲅⲣⲁⲙⲙⲁⲧⲉⲩⲥ"/>
		<feat xlink:href="#sSpan1019" value="ⲡ ⲥⲁϩ"/>
		<feat xlink:href="#sSpan1030" value="ⲡ ⲙⲁ"/>
		<feat xlink:href="#sSpan1053" value="ⲓⲏⲥⲟⲩⲥ"/>
		<feat xlink:href="#sSpan1057" value="ⲛ ⲃⲁϣⲟⲣ"/>
		<feat xlink:href="#sSpan1063" value="ⲛⲉⲩ ⲃⲏⲃ"/>
		<feat xlink:href="#sSpan1073" value="ϩⲁⲗⲁⲁⲧⲉ ⲛ ⲧ ⲡⲉ"/>
		<feat xlink:href="#sSpan1077" value="ⲧ ⲡⲉ"/>
		<feat xlink:href="#sSpan1090" value="ⲡ ϣⲏⲣⲉ ⲇⲉ ⲙ ⲡ ⲣⲱⲙⲉ"/>
		<feat xlink:href="#sSpan1102" value="ⲙⲁ ⲛ ⲣⲉⲕⲧⲧⲉϥ"/>
		<feat xlink:href="#sSpan1107" value="ⲁⲡⲉ"/>
		<feat xlink:href="#sSpan1112" value="ⲕⲉ ⲟⲩⲁ ⲇⲉ ⲛ ⲙ ⲙⲁⲑⲏⲧⲏⲥ"/>
		<feat xlink:href="#sSpan1120" value="ⲙ ⲙⲁⲑⲏⲧⲏⲥ"/>
		<feat xlink:href="#sSpan1133" value="ⲡ ϫⲟⲉⲓⲥ"/>
		<feat xlink:href="#sSpan1150" value="ⲧ ⲁⲧⲱⲙⲥ ⲙ ⲡⲁ ⲉⲓⲱⲧ"/>
		<feat xlink:href="#sSpan1155" value="ⲡⲁ ⲉⲓⲱⲧ"/>
		<feat xlink:href="#sSpan1171" value="ⲓⲏⲥⲟⲩⲥ"/>
		<feat xlink:href="#sSpan1186" value="ⲛ ⲉⲧ ⲙⲟⲟⲩⲧ ⲉⲧ ⲱⲙⲥ ⲛ ⲛⲉⲩ ⲣⲉϥⲙⲟⲟⲩⲧ"/>
		<feat xlink:href="#sSpan1195" value="ⲛⲉⲩ ⲣⲉϥⲙⲟⲟⲩⲧ"/>
		<feat xlink:href="#sSpan1211" value="ⲡ ϫⲟⲉⲓ"/>
		<feat xlink:href="#sSpan1224" value="ⲛⲉϥ ⲙⲁⲑⲏⲧⲏⲥ"/>
		<feat xlink:href="#sSpan1239" value="ⲟⲩ ⲛⲟϭ ⲛ ⲕⲙⲧⲟ"/>
		<feat xlink:href="#sSpan1251" value="ⲧ ϩⲁⲗⲁⲥⲥⲁ"/>
		<feat xlink:href="#sSpan1259" value="ⲡ ϫⲟⲉⲓ"/>
		<feat xlink:href="#sSpan1268" value="ⲛ ϩⲓⲙⲏ"/>
		<feat xlink:href="#sSpan1309" value="ⲡ ϫⲟⲉⲓⲥ"/>
		<feat xlink:href="#sSpan1340" value="ⲧ ⲕⲟⲩⲓ ⲙ ⲡⲓⲥⲧⲓⲥ"/>
		<feat xlink:href="#sSpan1360" value="ⲛ ⲧⲏⲩ"/>
		<feat xlink:href="#sSpan1365" value="ⲧ ⲑⲁⲗⲁⲥⲥⲁ"/>
		<feat xlink:href="#sSpan1378" value="ⲟⲩ ⲛⲟϭ ⲛ ϫⲁⲙⲏ"/>
		<feat xlink:href="#sSpan1386" value="ⲛ ⲣⲱⲙⲉ"/>
		<feat xlink:href="#sSpan1416" value="ⲡⲁⲓ ϫⲉ ⲛ ⲧⲏⲩ ⲙⲛ ⲧ ⲑⲁⲗⲁⲥⲥⲁ ⲥⲱⲧⲙ ⲛⲥⲱ ϥ"/>
		<feat xlink:href="#sSpan1420" value="ⲛ ⲧⲏⲩ"/>
		<feat xlink:href="#sSpan1425" value="ⲧ ⲑⲁⲗⲁⲥⲥⲁ"/>
		<feat xlink:href="#sSpan1445" value="ⲡⲉ ⲕⲣⲟ"/>
		<feat xlink:href="#sSpan1450" value="ⲧⲉ ⲭⲱⲣⲁ ⲛ ⲛ ⲅⲉⲣⲁⲍⲏⲛⲟⲥ"/>
		<feat xlink:href="#sSpan1455" value="ⲛ ⲅⲉⲣⲁⲍⲏⲛⲟⲥ"/>
		<feat xlink:href="#sSpan1471" value="ⲣⲱⲙⲉ ⲥⲛⲁⲩ ⲉⲣⲉ ϩⲉⲛ ⲣⲉϥϣⲟⲟⲣ ϩⲓⲱ ⲟⲩ"/>
		<feat xlink:href="#sSpan1477" value="ϩⲉⲛ ⲣⲉϥϣⲟⲟⲣ"/>
		<feat xlink:href="#sSpan1494" value="ⲛⲉ ⲙϩⲁⲁⲩ"/>
		<feat xlink:href="#sSpan1511" value="ⲗⲁⲁⲩ"/>
		<feat xlink:href="#sSpan1521" value="ⲧⲉ ϩⲓⲏ ⲉⲧ ⲙⲙⲁⲩ"/>
		<feat xlink:href="#sSpan1562" value="ⲓⲏⲥⲟⲩⲥ ⲡ ϣⲏⲣⲉ ⲙ ⲡ ⲛⲟⲩⲧⲉ . ⲛⲧ ⲁ ⲕ ⲉⲓ ⲉ ⲡⲉⲓ ⲙⲁ ⲉ ⲃⲁⲥⲁⲛⲓⲍⲉ ⲙⲙⲟ ⲛ ϩⲁ ⲧ ϩⲏ ⲙ ⲡⲉ ⲟⲩⲟⲉⲓϣ"/>
		<feat xlink:href="#sSpan1569" value="ⲡ ⲛⲟⲩⲧⲉ"/>
		<feat xlink:href="#sSpan1582" value="ⲡⲉⲓ ⲙⲁ"/>
		<feat xlink:href="#sSpan1593" value="ⲧ ϩⲏ ⲙ ⲡⲉ ⲟⲩⲟⲉⲓϣ"/>
		<feat xlink:href="#sSpan1598" value="ⲡⲉ ⲟⲩⲟⲉⲓϣ"/>
		<feat xlink:href="#sSpan1607" value="ⲟⲩ ⲁⲅⲉⲗⲏ ⲇⲉ ⲛ ⲣⲓⲣ"/>
		<feat xlink:href="#sSpan1633" value="ⲛ ⲣⲉϥϣⲟⲟⲣ"/>
		<feat xlink:href="#sSpan1664" value="ⲙⲁ"/>
		<feat xlink:href="#sSpan1672" value="ⲧ ⲁⲅⲉⲗⲏ ⲛ ⲉϣⲁⲩ"/>
		<feat xlink:href="#sSpan1677" value="ⲉϣⲁⲩ"/>
		<feat xlink:href="#sSpan1711" value="ⲛ ⲉϣⲁⲩ"/>
		<feat xlink:href="#sSpan1729" value="ⲧ ⲁⲅⲉⲗⲏ ⲧⲏⲣ ⲥ"/>
		<feat xlink:href="#sSpan1739" value="ⲧ ϣⲱⲙⲉ"/>
		<feat xlink:href="#sSpan1748" value="ⲑⲁⲗⲁⲥⲥⲁ"/>
		<feat xlink:href="#sSpan1761" value="ⲙⲟⲩ"/>
		<feat xlink:href="#sSpan1766" value="ⲛ ⲉⲧ ⲙⲟⲟⲛⲉ ⲇⲉ ⲙⲙⲟ ⲟⲩ"/>
		<feat xlink:href="#sSpan1789" value="ⲧ ⲡⲟⲗⲓⲥ"/>
		<feat xlink:href="#sSpan1801" value="ϩⲱⲃ ⲛⲓⲙ ⲙⲛ ⲛⲁ ⲛ ⲉⲧ ⲟ ⲛ ⲇⲁⲓⲙⲱⲛⲓⲟⲛ"/>
		<feat xlink:href="#sSpan1808" value="ⲛ ⲉⲧ ⲟ ⲛ ⲇⲁⲓⲙⲱⲛⲓⲟⲛ"/>
		<feat xlink:href="#sSpan1815" value="ⲇⲁⲓⲙⲱⲛⲓⲟⲛ"/>
		<feat xlink:href="#sSpan1829" value="ⲧ ⲡⲟⲗⲓⲥ ⲧⲏⲣ ⲥ"/>
		<feat xlink:href="#sSpan1849" value="ⲓⲏⲥⲟⲩⲥ"/>
		<feat xlink:href="#sSpan1877" value="ⲛⲉⲩ ⲧⲟϣ"/></featList></paula>