<?xml version='1.0' encoding='UTF-8'?><!DOCTYPE paula SYSTEM "paula_feat.dtd">
<paula version="1.1">
	<header paula_id="scriptorium.40_Matthew_08.mark_func"/>
	<featList xmlns:xlink="http://www.w3.org/1999/xlink" type="func" xml:base="scriptorium.40_Matthew_08.mark.xml">
		<feat xlink:href="#sSpan1" value="mark"/>
		<feat xlink:href="#sSpan4" value="nsubj"/>
		<feat xlink:href="#sSpan5" value="advcl"/>
		<feat xlink:href="#sSpan6" value="advmod"/>
		<feat xlink:href="#sSpan8" value="case"/>
		<feat xlink:href="#sSpan10" value="det"/>
		<feat xlink:href="#sSpan11" value="obl"/>
		<feat xlink:href="#sSpan12" value="case"/>
		<feat xlink:href="#sSpan14" value="det"/>
		<feat xlink:href="#sSpan16" value="obl"/>
		<feat xlink:href="#sSpan17" value="aux"/>
		<feat xlink:href="#sSpan19" value="nsubj"/>
		<feat xlink:href="#sSpan20" value="root"/>
		<feat xlink:href="#sSpan21" value="obj"/>
		<feat xlink:href="#sSpan22" value="case"/>
		<feat xlink:href="#sSpan24" value="obl"/>
		<feat xlink:href="#sSpan25" value="case"/>
		<feat xlink:href="#sSpan27" value="det"/>
		<feat xlink:href="#sSpan29" value="dislocated"/>
		<feat xlink:href="#sSpan30" value="mark"/>
		<feat xlink:href="#sSpan32" value="acl"/>
		<feat xlink:href="#sSpan33" value="nsubj"/>
		<feat xlink:href="#sSpan34" value="punct"/>
		<feat xlink:href="#sSpan36" value="cc"/>
		<feat xlink:href="#sSpan39" value="advmod"/>
		<feat xlink:href="#sSpan42" value="fixed"/>
		<feat xlink:href="#sSpan44" value="mark"/>
		<feat xlink:href="#sSpan46" value="nsubj"/>
		<feat xlink:href="#sSpan48" value="root"/>
		<feat xlink:href="#sSpan50" value="mark"/>
		<feat xlink:href="#sSpan52" value="nsubj"/>
		<feat xlink:href="#sSpan53" value="advcl"/>
		<feat xlink:href="#sSpan54" value="aux"/>
		<feat xlink:href="#sSpan56" value="nsubj"/>
		<feat xlink:href="#sSpan57" value="parataxis"/>
		<feat xlink:href="#sSpan59" value="det"/>
		<feat xlink:href="#sSpan60" value="obj"/>
		<feat xlink:href="#sSpan61" value="case"/>
		<feat xlink:href="#sSpan63" value="obl"/>
		<feat xlink:href="#sSpan64" value="aux"/>
		<feat xlink:href="#sSpan66" value="nsubj"/>
		<feat xlink:href="#sSpan67" value="parataxis"/>
		<feat xlink:href="#sSpan68" value="case"/>
		<feat xlink:href="#sSpan70" value="obl"/>
		<feat xlink:href="#sSpan71" value="mark"/>
		<feat xlink:href="#sSpan73" value="nsubj"/>
		<feat xlink:href="#sSpan74" value="advcl"/>
		<feat xlink:href="#sSpan75" value="case"/>
		<feat xlink:href="#sSpan77" value="obj"/>
		<feat xlink:href="#sSpan78" value="mark"/>
		<feat xlink:href="#sSpan80" value="det"/>
		<feat xlink:href="#sSpan82" value="dislocated"/>
		<feat xlink:href="#sSpan83" value="nsubj"/>
		<feat xlink:href="#sSpan85" value="ccomp"/>
		<feat xlink:href="#sSpan86" value="ccomp"/>
		<feat xlink:href="#sSpan89" value="nsubj"/>
		<feat xlink:href="#sSpan91" value="case"/>
		<feat xlink:href="#sSpan93" value="obl"/>
		<feat xlink:href="#sSpan94" value="mark"/>
		<feat xlink:href="#sSpan96" value="xcomp"/>
		<feat xlink:href="#sSpan97" value="obj"/>
		<feat xlink:href="#sSpan98" value="punct"/>
		<feat xlink:href="#sSpan100" value="aux"/>
		<feat xlink:href="#sSpan103" value="nsubj"/>
		<feat xlink:href="#sSpan104" value="root"/>
		<feat xlink:href="#sSpan105" value="advmod"/>
		<feat xlink:href="#sSpan107" value="case"/>
		<feat xlink:href="#sSpan109" value="det"/>
		<feat xlink:href="#sSpan111" value="obj"/>
		<feat xlink:href="#sSpan112" value="advmod"/>
		<feat xlink:href="#sSpan114" value="aux"/>
		<feat xlink:href="#sSpan116" value="nsubj"/>
		<feat xlink:href="#sSpan117" value="parataxis"/>
		<feat xlink:href="#sSpan118" value="case"/>
		<feat xlink:href="#sSpan120" value="obl"/>
		<feat xlink:href="#sSpan121" value="mark"/>
		<feat xlink:href="#sSpan123" value="nsubj"/>
		<feat xlink:href="#sSpan124" value="advcl"/>
		<feat xlink:href="#sSpan125" value="case"/>
		<feat xlink:href="#sSpan127" value="obj"/>
		<feat xlink:href="#sSpan128" value="mark"/>
		<feat xlink:href="#sSpan130" value="nsubj"/>
		<feat xlink:href="#sSpan131" value="ccomp"/>
		<feat xlink:href="#sSpan132" value="parataxis"/>
		<feat xlink:href="#sSpan134" value="punct"/>
		<feat xlink:href="#sSpan136" value="cc"/>
		<feat xlink:href="#sSpan138" value="case"/>
		<feat xlink:href="#sSpan140" value="det"/>
		<feat xlink:href="#sSpan141" value="obl"/>
		<feat xlink:href="#sSpan142" value="aux"/>
		<feat xlink:href="#sSpan144" value="nsubj"/>
		<feat xlink:href="#sSpan145" value="ccomp"/>
		<feat xlink:href="#sSpan146" value="case"/>
		<feat xlink:href="#sSpan148" value="det"/>
		<feat xlink:href="#sSpan150" value="dislocated"/>
		<feat xlink:href="#sSpan151" value="punct"/>
		<feat xlink:href="#sSpan153" value="root"/>
		<feat xlink:href="#sSpan156" value="nsubj"/>
		<feat xlink:href="#sSpan157" value="case"/>
		<feat xlink:href="#sSpan159" value="obl"/>
		<feat xlink:href="#sSpan160" value="case"/>
		<feat xlink:href="#sSpan162" value="dislocated"/>
		<feat xlink:href="#sSpan164" value="mark"/>
		<feat xlink:href="#sSpan166" value="ccomp"/>
		<feat xlink:href="#sSpan167" value="advmod"/>
		<feat xlink:href="#sSpan169" value="ccomp"/>
		<feat xlink:href="#sSpan170" value="obj"/>
		<feat xlink:href="#sSpan171" value="case"/>
		<feat xlink:href="#sSpan173" value="obl"/>
		<feat xlink:href="#sSpan175" value="punct"/>
		<feat xlink:href="#sSpan177" value="cc"/>
		<feat xlink:href="#sSpan179" value="conj"/>
		<feat xlink:href="#sSpan181" value="aux"/>
		<feat xlink:href="#sSpan183" value="nsubj"/>
		<feat xlink:href="#sSpan184" value="advcl"/>
		<feat xlink:href="#sSpan185" value="obj"/>
		<feat xlink:href="#sSpan186" value="case"/>
		<feat xlink:href="#sSpan188" value="det"/>
		<feat xlink:href="#sSpan190" value="obl"/>
		<feat xlink:href="#sSpan191" value="punct"/>
		<feat xlink:href="#sSpan193" value="aux"/>
		<feat xlink:href="#sSpan195" value="nsubj"/>
		<feat xlink:href="#sSpan196" value="advcl"/>
		<feat xlink:href="#sSpan198" value="advmod"/>
		<feat xlink:href="#sSpan200" value="case"/>
		<feat xlink:href="#sSpan202" value="det"/>
		<feat xlink:href="#sSpan204" value="obj"/>
		<feat xlink:href="#sSpan205" value="case"/>
		<feat xlink:href="#sSpan207" value="det"/>
		<feat xlink:href="#sSpan208" value="obl"/>
		<feat xlink:href="#sSpan209" value="mark"/>
		<feat xlink:href="#sSpan211" value="aux"/>
		<feat xlink:href="#sSpan212" value="nsubj"/>
		<feat xlink:href="#sSpan214" value="acl"/>
		<feat xlink:href="#sSpan216" value="case"/>
		<feat xlink:href="#sSpan218" value="obj"/>
		<feat xlink:href="#sSpan219" value="case"/>
		<feat xlink:href="#sSpan221" value="dislocated"/>
		<feat xlink:href="#sSpan223" value="case"/>
		<feat xlink:href="#sSpan225" value="det"/>
		<feat xlink:href="#sSpan228" value="obl"/>
		<feat xlink:href="#sSpan230" value="case"/>
		<feat xlink:href="#sSpan232" value="nmod"/>
		<feat xlink:href="#sSpan233" value="punct"/>
		<feat xlink:href="#sSpan235" value="aux"/>
		<feat xlink:href="#sSpan238" value="nsubj"/>
		<feat xlink:href="#sSpan239" value="advcl"/>
		<feat xlink:href="#sSpan240" value="advmod"/>
		<feat xlink:href="#sSpan242" value="advmod"/>
		<feat xlink:href="#sSpan244" value="case"/>
		<feat xlink:href="#sSpan246" value="obl"/>
		<feat xlink:href="#sSpan248" value="aux"/>
		<feat xlink:href="#sSpan250" value="nsubj"/>
		<feat xlink:href="#sSpan251" value="root"/>
		<feat xlink:href="#sSpan253" value="det"/>
		<feat xlink:href="#sSpan254" value="obj"/>
		<feat xlink:href="#sSpan255" value="case"/>
		<feat xlink:href="#sSpan257" value="obl"/>
		<feat xlink:href="#sSpan258" value="case"/>
		<feat xlink:href="#sSpan260" value="det"/>
		<feat xlink:href="#sSpan262" value="dislocated"/>
		<feat xlink:href="#sSpan263" value="mark"/>
		<feat xlink:href="#sSpan265" value="nsubj"/>
		<feat xlink:href="#sSpan266" value="advcl"/>
		<feat xlink:href="#sSpan267" value="case"/>
		<feat xlink:href="#sSpan269" value="obj"/>
		<feat xlink:href="#sSpan270" value="mark"/>
		<feat xlink:href="#sSpan273" value="nsubj"/>
		<feat xlink:href="#sSpan274" value="root"/>
		<feat xlink:href="#sSpan275" value="case"/>
		<feat xlink:href="#sSpan277" value="obj"/>
		<feat xlink:href="#sSpan278" value="mark"/>
		<feat xlink:href="#sSpan280" value="det"/>
		<feat xlink:href="#sSpan282" value="vocative"/>
		<feat xlink:href="#sSpan283" value="det"/>
		<feat xlink:href="#sSpan286" value="vocative"/>
		<feat xlink:href="#sSpan287" value="ccomp"/>
		<feat xlink:href="#sSpan289" value="advmod"/>
		<feat xlink:href="#sSpan292" value="case"/>
		<feat xlink:href="#sSpan294" value="det"/>
		<feat xlink:href="#sSpan296" value="obl"/>
		<feat xlink:href="#sSpan297" value="mark"/>
		<feat xlink:href="#sSpan299" value="nsubj"/>
		<feat xlink:href="#sSpan300" value="advcl"/>
		<feat xlink:href="#sSpan301" value="punct"/>
		<feat xlink:href="#sSpan303" value="cc"/>
		<feat xlink:href="#sSpan305" value="mark"/>
		<feat xlink:href="#sSpan307" value="nsubj"/>
		<feat xlink:href="#sSpan308" value="conj"/>
		<feat xlink:href="#sSpan309" value="advmod"/>
		<feat xlink:href="#sSpan311" value="punct"/>
		<feat xlink:href="#sSpan313" value="root"/>
		<feat xlink:href="#sSpan316" value="nsubj"/>
		<feat xlink:href="#sSpan317" value="case"/>
		<feat xlink:href="#sSpan319" value="obl"/>
		<feat xlink:href="#sSpan320" value="case"/>
		<feat xlink:href="#sSpan322" value="dislocated"/>
		<feat xlink:href="#sSpan324" value="mark"/>
		<feat xlink:href="#sSpan326" value="dislocated"/>
		<feat xlink:href="#sSpan327" value="nsubj"/>
		<feat xlink:href="#sSpan329" value="advcl"/>
		<feat xlink:href="#sSpan330" value="aux"/>
		<feat xlink:href="#sSpan332" value="ccomp"/>
		<feat xlink:href="#sSpan333" value="case"/>
		<feat xlink:href="#sSpan335" value="obl"/>
		<feat xlink:href="#sSpan336" value="punct"/>
		<feat xlink:href="#sSpan338" value="aux"/>
		<feat xlink:href="#sSpan341" value="nsubj"/>
		<feat xlink:href="#sSpan342" value="root"/>
		<feat xlink:href="#sSpan343" value="advmod"/>
		<feat xlink:href="#sSpan345" value="case"/>
		<feat xlink:href="#sSpan347" value="det"/>
		<feat xlink:href="#sSpan349" value="dislocated"/>
		<feat xlink:href="#sSpan350" value="mark"/>
		<feat xlink:href="#sSpan352" value="nsubj"/>
		<feat xlink:href="#sSpan353" value="advcl"/>
		<feat xlink:href="#sSpan354" value="case"/>
		<feat xlink:href="#sSpan356" value="obj"/>
		<feat xlink:href="#sSpan357" value="mark"/>
		<feat xlink:href="#sSpan359" value="det"/>
		<feat xlink:href="#sSpan361" value="vocative"/>
		<feat xlink:href="#sSpan362" value="aux"/>
		<feat xlink:href="#sSpan364" value="nsubj"/>
		<feat xlink:href="#sSpan365" value="ccomp"/>
		<feat xlink:href="#sSpan366" value="advmod"/>
		<feat xlink:href="#sSpan368" value="mark"/>
		<feat xlink:href="#sSpan370" value="nsubj"/>
		<feat xlink:href="#sSpan372" value="advcl"/>
		<feat xlink:href="#sSpan374" value="advmod"/>
		<feat xlink:href="#sSpan376" value="case"/>
		<feat xlink:href="#sSpan378" value="det"/>
		<feat xlink:href="#sSpan380" value="obl"/>
		<feat xlink:href="#sSpan381" value="punct"/>
		<feat xlink:href="#sSpan383" value="cc"/>
		<feat xlink:href="#sSpan385" value="conj"/>
		<feat xlink:href="#sSpan387" value="obj"/>
		<feat xlink:href="#sSpan388" value="advmod"/>
		<feat xlink:href="#sSpan390" value="case"/>
		<feat xlink:href="#sSpan392" value="det"/>
		<feat xlink:href="#sSpan394" value="obl"/>
		<feat xlink:href="#sSpan395" value="cc"/>
		<feat xlink:href="#sSpan397" value="nsubj"/>
		<feat xlink:href="#sSpan399" value="aux"/>
		<feat xlink:href="#sSpan400" value="conj"/>
		<feat xlink:href="#sSpan401" value="punct"/>
		<feat xlink:href="#sSpan403" value="dislocated"/>
		<feat xlink:href="#sSpan407" value="advmod"/>
		<feat xlink:href="#sSpan409" value="dislocated"/>
		<feat xlink:href="#sSpan411" value="nsubj"/>
		<feat xlink:href="#sSpan413" value="det"/>
		<feat xlink:href="#sSpan415" value="dislocated"/>
		<feat xlink:href="#sSpan416" value="mark"/>
		<feat xlink:href="#sSpan418" value="nsubj"/>
		<feat xlink:href="#sSpan419" value="acl"/>
		<feat xlink:href="#sSpan420" value="case"/>
		<feat xlink:href="#sSpan422" value="det"/>
		<feat xlink:href="#sSpan424" value="obl"/>
		<feat xlink:href="#sSpan425" value="mark"/>
		<feat xlink:href="#sSpan427" value="det"/>
		<feat xlink:href="#sSpan429" value="nsubj"/>
		<feat xlink:href="#sSpan430" value="acl"/>
		<feat xlink:href="#sSpan432" value="mark"/>
		<feat xlink:href="#sSpan434" value="aux"/>
		<feat xlink:href="#sSpan436" value="nsubj"/>
		<feat xlink:href="#sSpan437" value="root"/>
		<feat xlink:href="#sSpan438" value="obj"/>
		<feat xlink:href="#sSpan439" value="case"/>
		<feat xlink:href="#sSpan441" value="obl"/>
		<feat xlink:href="#sSpan443" value="mark"/>
		<feat xlink:href="#sSpan445" value="ccomp"/>
		<feat xlink:href="#sSpan446" value="cc"/>
		<feat xlink:href="#sSpan448" value="aux"/>
		<feat xlink:href="#sSpan450" value="nsubj"/>
		<feat xlink:href="#sSpan451" value="conj"/>
		<feat xlink:href="#sSpan452" value="cc"/>
		<feat xlink:href="#sSpan454" value="det"/>
		<feat xlink:href="#sSpan457" value="obl"/>
		<feat xlink:href="#sSpan458" value="mark"/>
		<feat xlink:href="#sSpan460" value="acl"/>
		<feat xlink:href="#sSpan461" value="cc"/>
		<feat xlink:href="#sSpan463" value="aux"/>
		<feat xlink:href="#sSpan465" value="nsubj"/>
		<feat xlink:href="#sSpan466" value="conj"/>
		<feat xlink:href="#sSpan467" value="cc"/>
		<feat xlink:href="#sSpan469" value="det"/>
		<feat xlink:href="#sSpan472" value="obl"/>
		<feat xlink:href="#sSpan473" value="mark"/>
		<feat xlink:href="#sSpan475" value="nsubj"/>
		<feat xlink:href="#sSpan476" value="advcl"/>
		<feat xlink:href="#sSpan477" value="det"/>
		<feat xlink:href="#sSpan479" value="dislocated"/>
		<feat xlink:href="#sSpan480" value="aux"/>
		<feat xlink:href="#sSpan482" value="nsubj"/>
		<feat xlink:href="#sSpan483" value="advcl"/>
		<feat xlink:href="#sSpan484" value="obj"/>
		<feat xlink:href="#sSpan485" value="punct"/>
		<feat xlink:href="#sSpan487" value="aux"/>
		<feat xlink:href="#sSpan490" value="nsubj"/>
		<feat xlink:href="#sSpan491" value="root"/>
		<feat xlink:href="#sSpan492" value="advmod"/>
		<feat xlink:href="#sSpan494" value="case"/>
		<feat xlink:href="#sSpan496" value="dislocated"/>
		<feat xlink:href="#sSpan498" value="aux"/>
		<feat xlink:href="#sSpan500" value="nsubj"/>
		<feat xlink:href="#sSpan502" value="parataxis"/>
		<feat xlink:href="#sSpan504" value="punct"/>
		<feat xlink:href="#sSpan506" value="cc"/>
		<feat xlink:href="#sSpan508" value="conj"/>
		<feat xlink:href="#sSpan510" value="nsubj"/>
		<feat xlink:href="#sSpan511" value="case"/>
		<feat xlink:href="#sSpan513" value="obl"/>
		<feat xlink:href="#sSpan515" value="mark"/>
		<feat xlink:href="#sSpan516" value="acl"/>
		<feat xlink:href="#sSpan518" value="case"/>
		<feat xlink:href="#sSpan520" value="obl"/>
		<feat xlink:href="#sSpan521" value="punct"/>
		<feat xlink:href="#sSpan523" value="mark"/>
		<feat xlink:href="#sSpan525" value="discourse"/>
		<feat xlink:href="#sSpan526" value="nsubj"/>
		<feat xlink:href="#sSpan528" value="ccomp"/>
		<feat xlink:href="#sSpan529" value="case"/>
		<feat xlink:href="#sSpan531" value="obj"/>
		<feat xlink:href="#sSpan532" value="case"/>
		<feat xlink:href="#sSpan534" value="obl"/>
		<feat xlink:href="#sSpan535" value="mark"/>
		<feat xlink:href="#sSpan537" value="case"/>
		<feat xlink:href="#sSpan538" value="det"/>
		<feat xlink:href="#sSpan539" value="ccomp"/>
		<feat xlink:href="#sSpan541" value="case"/>
		<feat xlink:href="#sSpan543" value="nmod"/>
		<feat xlink:href="#sSpan545" value="case"/>
		<feat xlink:href="#sSpan547" value="det"/>
		<feat xlink:href="#sSpan549" value="nmod"/>
		<feat xlink:href="#sSpan550" value="case"/>
		<feat xlink:href="#sSpan552" value="nmod"/>
		<feat xlink:href="#sSpan553" value="conj"/>
		<feat xlink:href="#sSpan555" value="case"/>
		<feat xlink:href="#sSpan557" value="det"/>
		<feat xlink:href="#sSpan559" value="nmod"/>
		<feat xlink:href="#sSpan560" value="punct"/>
		<feat xlink:href="#sSpan562" value="nsubj"/>
		<feat xlink:href="#sSpan565" value="root"/>
		<feat xlink:href="#sSpan566" value="advmod"/>
		<feat xlink:href="#sSpan568" value="case"/>
		<feat xlink:href="#sSpan570" value="obl"/>
		<feat xlink:href="#sSpan571" value="case"/>
		<feat xlink:href="#sSpan573" value="obl"/>
		<feat xlink:href="#sSpan574" value="mark"/>
		<feat xlink:href="#sSpan576" value="aux"/>
		<feat xlink:href="#sSpan577" value="nsubj"/>
		<feat xlink:href="#sSpan579" value="ccomp"/>
		<feat xlink:href="#sSpan582" value="advmod"/>
		<feat xlink:href="#sSpan584" value="case"/>
		<feat xlink:href="#sSpan586" value="det"/>
		<feat xlink:href="#sSpan588" value="obl"/>
		<feat xlink:href="#sSpan589" value="case"/>
		<feat xlink:href="#sSpan591" value="nmod"/>
		<feat xlink:href="#sSpan593" value="cc"/>
		<feat xlink:href="#sSpan595" value="conj"/>
		<feat xlink:href="#sSpan597" value="aux"/>
		<feat xlink:href="#sSpan599" value="nsubj"/>
		<feat xlink:href="#sSpan600" value="advcl"/>
		<feat xlink:href="#sSpan601" value="obj"/>
		<feat xlink:href="#sSpan602" value="cc"/>
		<feat xlink:href="#sSpan604" value="obl"/>
		<feat xlink:href="#sSpan606" value="cc"/>
		<feat xlink:href="#sSpan608" value="conj"/>
		<feat xlink:href="#sSpan610" value="cc"/>
		<feat xlink:href="#sSpan612" value="conj"/>
		<feat xlink:href="#sSpan614" value="advmod"/>
		<feat xlink:href="#sSpan617" value="case"/>
		<feat xlink:href="#sSpan619" value="det"/>
		<feat xlink:href="#sSpan622" value="obl"/>
		<feat xlink:href="#sSpan624" value="case"/>
		<feat xlink:href="#sSpan626" value="det"/>
		<feat xlink:href="#sSpan628" value="nmod"/>
		<feat xlink:href="#sSpan629" value="punct"/>
		<feat xlink:href="#sSpan631" value="det"/>
		<feat xlink:href="#sSpan635" value="dislocated"/>
		<feat xlink:href="#sSpan636" value="advmod"/>
		<feat xlink:href="#sSpan638" value="case"/>
		<feat xlink:href="#sSpan640" value="det"/>
		<feat xlink:href="#sSpan643" value="nmod"/>
		<feat xlink:href="#sSpan645" value="nsubj"/>
		<feat xlink:href="#sSpan647" value="aux"/>
		<feat xlink:href="#sSpan648" value="root"/>
		<feat xlink:href="#sSpan649" value="obj"/>
		<feat xlink:href="#sSpan650" value="advmod"/>
		<feat xlink:href="#sSpan652" value="case"/>
		<feat xlink:href="#sSpan654" value="det"/>
		<feat xlink:href="#sSpan656" value="obl"/>
		<feat xlink:href="#sSpan657" value="mark"/>
		<feat xlink:href="#sSpan659" value="acl"/>
		<feat xlink:href="#sSpan660" value="punct"/>
		<feat xlink:href="#sSpan662" value="mark"/>
		<feat xlink:href="#sSpan664" value="nsubj"/>
		<feat xlink:href="#sSpan665" value="aux"/>
		<feat xlink:href="#sSpan666" value="advcl"/>
		<feat xlink:href="#sSpan667" value="advmod"/>
		<feat xlink:href="#sSpan669" value="case"/>
		<feat xlink:href="#sSpan671" value="det"/>
		<feat xlink:href="#sSpan673" value="dislocated"/>
		<feat xlink:href="#sSpan674" value="cc"/>
		<feat xlink:href="#sSpan676" value="det"/>
		<feat xlink:href="#sSpan678" value="conj"/>
		<feat xlink:href="#sSpan679" value="case"/>
		<feat xlink:href="#sSpan681" value="det"/>
		<feat xlink:href="#sSpan683" value="nmod"/>
		<feat xlink:href="#sSpan684" value="punct"/>
		<feat xlink:href="#sSpan686" value="root"/>
		<feat xlink:href="#sSpan689" value="nsubj"/>
		<feat xlink:href="#sSpan690" value="case"/>
		<feat xlink:href="#sSpan692" value="dislocated"/>
		<feat xlink:href="#sSpan694" value="case"/>
		<feat xlink:href="#sSpan696" value="det"/>
		<feat xlink:href="#sSpan698" value="nmod"/>
		<feat xlink:href="#sSpan699" value="mark"/>
		<feat xlink:href="#sSpan701" value="ccomp"/>
		<feat xlink:href="#sSpan702" value="case"/>
		<feat xlink:href="#sSpan704" value="det"/>
		<feat xlink:href="#sSpan705" value="obl"/>
		<feat xlink:href="#sSpan706" value="mark"/>
		<feat xlink:href="#sSpan708" value="aux"/>
		<feat xlink:href="#sSpan709" value="nsubj"/>
		<feat xlink:href="#sSpan710" value="acl"/>
		<feat xlink:href="#sSpan711" value="aux"/>
		<feat xlink:href="#sSpan713" value="nsubj"/>
		<feat xlink:href="#sSpan714" value="parataxis"/>
		<feat xlink:href="#sSpan715" value="case"/>
		<feat xlink:href="#sSpan717" value="obl"/>
		<feat xlink:href="#sSpan718" value="punct"/>
		<feat xlink:href="#sSpan720" value="cc"/>
		<feat xlink:href="#sSpan722" value="aux"/>
		<feat xlink:href="#sSpan724" value="nsubj"/>
		<feat xlink:href="#sSpan725" value="conj"/>
		<feat xlink:href="#sSpan726" value="case"/>
		<feat xlink:href="#sSpan728" value="det"/>
		<feat xlink:href="#sSpan730" value="dislocated"/>
		<feat xlink:href="#sSpan731" value="case"/>
		<feat xlink:href="#sSpan733" value="det"/>
		<feat xlink:href="#sSpan735" value="obl"/>
		<feat xlink:href="#sSpan736" value="mark"/>
		<feat xlink:href="#sSpan738" value="acl"/>
		<feat xlink:href="#sSpan739" value="punct"/>
		<feat xlink:href="#sSpan741" value="aux"/>
		<feat xlink:href="#sSpan744" value="nsubj"/>
		<feat xlink:href="#sSpan745" value="root"/>
		<feat xlink:href="#sSpan746" value="advmod"/>
		<feat xlink:href="#sSpan748" value="case"/>
		<feat xlink:href="#sSpan750" value="dislocated"/>
		<feat xlink:href="#sSpan752" value="advmod"/>
		<feat xlink:href="#sSpan754" value="fixed"/>
		<feat xlink:href="#sSpan756" value="det"/>
		<feat xlink:href="#sSpan758" value="obl"/>
		<feat xlink:href="#sSpan759" value="case"/>
		<feat xlink:href="#sSpan761" value="nmod"/>
		<feat xlink:href="#sSpan763" value="punct"/>
		<feat xlink:href="#sSpan765" value="aux"/>
		<feat xlink:href="#sSpan767" value="nsubj"/>
		<feat xlink:href="#sSpan768" value="parataxis"/>
		<feat xlink:href="#sSpan769" value="case"/>
		<feat xlink:href="#sSpan771" value="det"/>
		<feat xlink:href="#sSpan773" value="obl"/>
		<feat xlink:href="#sSpan774" value="mark"/>
		<feat xlink:href="#sSpan776" value="nsubj"/>
		<feat xlink:href="#sSpan777" value="advcl"/>
		<feat xlink:href="#sSpan778" value="cc"/>
		<feat xlink:href="#sSpan780" value="mark"/>
		<feat xlink:href="#sSpan782" value="nsubj"/>
		<feat xlink:href="#sSpan783" value="conj"/>
		<feat xlink:href="#sSpan784" value="punct"/>
		<feat xlink:href="#sSpan786" value="aux"/>
		<feat xlink:href="#sSpan789" value="nsubj"/>
		<feat xlink:href="#sSpan790" value="root"/>
		<feat xlink:href="#sSpan791" value="advmod"/>
		<feat xlink:href="#sSpan793" value="case"/>
		<feat xlink:href="#sSpan795" value="det"/>
		<feat xlink:href="#sSpan797" value="obl"/>
		<feat xlink:href="#sSpan798" value="aux"/>
		<feat xlink:href="#sSpan800" value="nsubj"/>
		<feat xlink:href="#sSpan801" value="parataxis"/>
		<feat xlink:href="#sSpan802" value="obj"/>
		<feat xlink:href="#sSpan803" value="case"/>
		<feat xlink:href="#sSpan805" value="det"/>
		<feat xlink:href="#sSpan807" value="dislocated"/>
		<feat xlink:href="#sSpan808" value="punct"/>
		<feat xlink:href="#sSpan810" value="aux"/>
		<feat xlink:href="#sSpan812" value="nsubj"/>
		<feat xlink:href="#sSpan813" value="parataxis"/>
		<feat xlink:href="#sSpan814" value="aux"/>
		<feat xlink:href="#sSpan816" value="nsubj"/>
		<feat xlink:href="#sSpan817" value="parataxis"/>
		<feat xlink:href="#sSpan818" value="case"/>
		<feat xlink:href="#sSpan820" value="obl"/>
		<feat xlink:href="#sSpan821" value="punct"/>
		<feat xlink:href="#sSpan823" value="dislocated"/>
		<feat xlink:href="#sSpan827" value="advmod"/>
		<feat xlink:href="#sSpan829" value="aux"/>
		<feat xlink:href="#sSpan831" value="nsubj"/>
		<feat xlink:href="#sSpan832" value="advcl"/>
		<feat xlink:href="#sSpan833" value="aux"/>
		<feat xlink:href="#sSpan835" value="nsubj"/>
		<feat xlink:href="#sSpan836" value="root"/>
		<feat xlink:href="#sSpan837" value="case"/>
		<feat xlink:href="#sSpan839" value="obl"/>
		<feat xlink:href="#sSpan840" value="case"/>
		<feat xlink:href="#sSpan842" value="obj"/>
		<feat xlink:href="#sSpan844" value="mark"/>
		<feat xlink:href="#sSpan846" value="nsubj"/>
		<feat xlink:href="#sSpan847" value="acl"/>
		<feat xlink:href="#sSpan849" value="case"/>
		<feat xlink:href="#sSpan851" value="obl"/>
		<feat xlink:href="#sSpan853" value="punct"/>
		<feat xlink:href="#sSpan855" value="aux"/>
		<feat xlink:href="#sSpan857" value="nsubj"/>
		<feat xlink:href="#sSpan858" value="parataxis"/>
		<feat xlink:href="#sSpan860" value="advmod"/>
		<feat xlink:href="#sSpan862" value="case"/>
		<feat xlink:href="#sSpan864" value="det"/>
		<feat xlink:href="#sSpan866" value="obj"/>
		<feat xlink:href="#sSpan867" value="case"/>
		<feat xlink:href="#sSpan869" value="nmod"/>
		<feat xlink:href="#sSpan870" value="case"/>
		<feat xlink:href="#sSpan872" value="det"/>
		<feat xlink:href="#sSpan874" value="obl"/>
		<feat xlink:href="#sSpan875" value="punct"/>
		<feat xlink:href="#sSpan877" value="cc"/>
		<feat xlink:href="#sSpan879" value="aux"/>
		<feat xlink:href="#sSpan881" value="nsubj"/>
		<feat xlink:href="#sSpan882" value="conj"/>
		<feat xlink:href="#sSpan883" value="case"/>
		<feat xlink:href="#sSpan885" value="obl"/>
		<feat xlink:href="#sSpan888" value="det"/>
		<feat xlink:href="#sSpan890" value="mark"/>
		<feat xlink:href="#sSpan892" value="acl"/>
		<feat xlink:href="#sSpan893" value="punct"/>
		<feat xlink:href="#sSpan895" value="mark"/>
		<feat xlink:href="#sSpan898" value="nsubj"/>
		<feat xlink:href="#sSpan900" value="root"/>
		<feat xlink:href="#sSpan901" value="advmod"/>
		<feat xlink:href="#sSpan903" value="case"/>
		<feat xlink:href="#sSpan905" value="dislocated"/>
		<feat xlink:href="#sSpan907" value="mark"/>
		<feat xlink:href="#sSpan908" value="aux"/>
		<feat xlink:href="#sSpan909" value="nsubj"/>
		<feat xlink:href="#sSpan910" value="acl"/>
		<feat xlink:href="#sSpan911" value="obj"/>
		<feat xlink:href="#sSpan912" value="case"/>
		<feat xlink:href="#sSpan914" value="obl"/>
		<feat xlink:href="#sSpan916" value="det"/>
		<feat xlink:href="#sSpan918" value="appos"/>
		<feat xlink:href="#sSpan919" value="mark"/>
		<feat xlink:href="#sSpan921" value="nsubj"/>
		<feat xlink:href="#sSpan922" value="advcl"/>
		<feat xlink:href="#sSpan923" value="case"/>
		<feat xlink:href="#sSpan925" value="obj"/>
		<feat xlink:href="#sSpan926" value="mark"/>
		<feat xlink:href="#sSpan928" value="ccomp"/>
		<feat xlink:href="#sSpan929" value="cop"/>
		<feat xlink:href="#sSpan931" value="mark"/>
		<feat xlink:href="#sSpan932" value="aux"/>
		<feat xlink:href="#sSpan933" value="nsubj"/>
		<feat xlink:href="#sSpan934" value="csubj"/>
		<feat xlink:href="#sSpan935" value="case"/>
		<feat xlink:href="#sSpan937" value="det"/>
		<feat xlink:href="#sSpan939" value="obj"/>
		<feat xlink:href="#sSpan940" value="cc"/>
		<feat xlink:href="#sSpan942" value="aux"/>
		<feat xlink:href="#sSpan944" value="nsubj"/>
		<feat xlink:href="#sSpan945" value="conj"/>
		<feat xlink:href="#sSpan947" value="case"/>
		<feat xlink:href="#sSpan949" value="det"/>
		<feat xlink:href="#sSpan951" value="obl"/>
		<feat xlink:href="#sSpan952" value="punct"/>
		<feat xlink:href="#sSpan954" value="aux"/>
		<feat xlink:href="#sSpan957" value="nsubj"/>
		<feat xlink:href="#sSpan958" value="advcl"/>
		<feat xlink:href="#sSpan959" value="advmod"/>
		<feat xlink:href="#sSpan961" value="case"/>
		<feat xlink:href="#sSpan963" value="dislocated"/>
		<feat xlink:href="#sSpan965" value="mark"/>
		<feat xlink:href="#sSpan967" value="nsubj"/>
		<feat xlink:href="#sSpan968" value="advcl"/>
		<feat xlink:href="#sSpan970" value="case"/>
		<feat xlink:href="#sSpan972" value="det"/>
		<feat xlink:href="#sSpan974" value="obj"/>
		<feat xlink:href="#sSpan975" value="aux"/>
		<feat xlink:href="#sSpan977" value="nsubj"/>
		<feat xlink:href="#sSpan979" value="root"/>
		<feat xlink:href="#sSpan981" value="mark"/>
		<feat xlink:href="#sSpan983" value="xcomp"/>
		<feat xlink:href="#sSpan985" value="case"/>
		<feat xlink:href="#sSpan987" value="det"/>
		<feat xlink:href="#sSpan989" value="obl"/>
		<feat xlink:href="#sSpan990" value="punct"/>
		<feat xlink:href="#sSpan992" value="aux"/>
		<feat xlink:href="#sSpan995" value="nsubj"/>
		<feat xlink:href="#sSpan996" value="root"/>
		<feat xlink:href="#sSpan998" value="det"/>
		<feat xlink:href="#sSpan999" value="obj"/>
		<feat xlink:href="#sSpan1000" value="case"/>
		<feat xlink:href="#sSpan1002" value="obl"/>
		<feat xlink:href="#sSpan1003" value="case"/>
		<feat xlink:href="#sSpan1005" value="det"/>
		<feat xlink:href="#sSpan1007" value="dislocated"/>
		<feat xlink:href="#sSpan1008" value="parataxis"/>
		<feat xlink:href="#sSpan1010" value="nsubj"/>
		<feat xlink:href="#sSpan1011" value="case"/>
		<feat xlink:href="#sSpan1013" value="obl"/>
		<feat xlink:href="#sSpan1014" value="punct"/>
		<feat xlink:href="#sSpan1016" value="mark"/>
		<feat xlink:href="#sSpan1018" value="det"/>
		<feat xlink:href="#sSpan1020" value="vocative"/>
		<feat xlink:href="#sSpan1021" value="nsubj"/>
		<feat xlink:href="#sSpan1023" value="ccomp"/>
		<feat xlink:href="#sSpan1024" value="case"/>
		<feat xlink:href="#sSpan1026" value="obl"/>
		<feat xlink:href="#sSpan1027" value="case"/>
		<feat xlink:href="#sSpan1029" value="det"/>
		<feat xlink:href="#sSpan1031" value="obl"/>
		<feat xlink:href="#sSpan1032" value="mark"/>
		<feat xlink:href="#sSpan1034" value="det"/>
		<feat xlink:href="#sSpan1035" value="aux"/>
		<feat xlink:href="#sSpan1036" value="advcl"/>
		<feat xlink:href="#sSpan1038" value="case"/>
		<feat xlink:href="#sSpan1040" value="obl"/>
		<feat xlink:href="#sSpan1041" value="punct"/>
		<feat xlink:href="#sSpan1043" value="root"/>
		<feat xlink:href="#sSpan1046" value="nsubj"/>
		<feat xlink:href="#sSpan1047" value="case"/>
		<feat xlink:href="#sSpan1049" value="obl"/>
		<feat xlink:href="#sSpan1050" value="case"/>
		<feat xlink:href="#sSpan1052" value="dislocated"/>
		<feat xlink:href="#sSpan1054" value="mark"/>
		<feat xlink:href="#sSpan1056" value="det"/>
		<feat xlink:href="#sSpan1058" value="nsubj"/>
		<feat xlink:href="#sSpan1059" value="ccomp"/>
		<feat xlink:href="#sSpan1061" value="iobj"/>
		<feat xlink:href="#sSpan1062" value="det"/>
		<feat xlink:href="#sSpan1065" value="nsubj"/>
		<feat xlink:href="#sSpan1066" value="punct"/>
		<feat xlink:href="#sSpan1068" value="cc"/>
		<feat xlink:href="#sSpan1070" value="case"/>
		<feat xlink:href="#sSpan1072" value="conj"/>
		<feat xlink:href="#sSpan1074" value="case"/>
		<feat xlink:href="#sSpan1076" value="det"/>
		<feat xlink:href="#sSpan1078" value="nmod"/>
		<feat xlink:href="#sSpan1079" value="conj"/>
		<feat xlink:href="#sSpan1081" value="iobj"/>
		<feat xlink:href="#sSpan1082" value="aux"/>
		<feat xlink:href="#sSpan1084" value="nsubj"/>
		<feat xlink:href="#sSpan1085" value="conj"/>
		<feat xlink:href="#sSpan1086" value="punct"/>
		<feat xlink:href="#sSpan1088" value="det"/>
		<feat xlink:href="#sSpan1091" value="nsubj"/>
		<feat xlink:href="#sSpan1092" value="advmod"/>
		<feat xlink:href="#sSpan1094" value="case"/>
		<feat xlink:href="#sSpan1096" value="det"/>
		<feat xlink:href="#sSpan1097" value="nmod"/>
		<feat xlink:href="#sSpan1098" value="parataxis"/>
		<feat xlink:href="#sSpan1100" value="iobj"/>
		<feat xlink:href="#sSpan1101" value="nsubj"/>
		<feat xlink:href="#sSpan1103" value="case"/>
		<feat xlink:href="#sSpan1105" value="nmod"/>
		<feat xlink:href="#sSpan1106" value="obj"/>
		<feat xlink:href="#sSpan1108" value="punct"/>
		<feat xlink:href="#sSpan1110" value="det"/>
		<feat xlink:href="#sSpan1114" value="dislocated"/>
		<feat xlink:href="#sSpan1115" value="advmod"/>
		<feat xlink:href="#sSpan1117" value="case"/>
		<feat xlink:href="#sSpan1119" value="det"/>
		<feat xlink:href="#sSpan1121" value="nmod"/>
		<feat xlink:href="#sSpan1122" value="root"/>
		<feat xlink:href="#sSpan1124" value="nsubj"/>
		<feat xlink:href="#sSpan1125" value="case"/>
		<feat xlink:href="#sSpan1127" value="obl"/>
		<feat xlink:href="#sSpan1128" value="punct"/>
		<feat xlink:href="#sSpan1130" value="mark"/>
		<feat xlink:href="#sSpan1132" value="det"/>
		<feat xlink:href="#sSpan1134" value="nsubj"/>
		<feat xlink:href="#sSpan1136" value="ccomp"/>
		<feat xlink:href="#sSpan1139" value="case"/>
		<feat xlink:href="#sSpan1141" value="obl"/>
		<feat xlink:href="#sSpan1142" value="case"/>
		<feat xlink:href="#sSpan1144" value="obl"/>
		<feat xlink:href="#sSpan1145" value="det"/>
		<feat xlink:href="#sSpan1147" value="appos"/>
		<feat xlink:href="#sSpan1148" value="det"/>
		<feat xlink:href="#sSpan1151" value="vocative"/>
		<feat xlink:href="#sSpan1152" value="case"/>
		<feat xlink:href="#sSpan1154" value="det"/>
		<feat xlink:href="#sSpan1156" value="nmod"/>
		<feat xlink:href="#sSpan1157" value="punct"/>
		<feat xlink:href="#sSpan1159" value="root"/>
		<feat xlink:href="#sSpan1162" value="nsubj"/>
		<feat xlink:href="#sSpan1163" value="advmod"/>
		<feat xlink:href="#sSpan1165" value="case"/>
		<feat xlink:href="#sSpan1167" value="obl"/>
		<feat xlink:href="#sSpan1168" value="case"/>
		<feat xlink:href="#sSpan1170" value="dislocated"/>
		<feat xlink:href="#sSpan1172" value="mark"/>
		<feat xlink:href="#sSpan1174" value="ccomp"/>
		<feat xlink:href="#sSpan1175" value="obj"/>
		<feat xlink:href="#sSpan1176" value="case"/>
		<feat xlink:href="#sSpan1178" value="obl"/>
		<feat xlink:href="#sSpan1179" value="aux"/>
		<feat xlink:href="#sSpan1181" value="nsubj"/>
		<feat xlink:href="#sSpan1182" value="advcl"/>
		<feat xlink:href="#sSpan1183" value="case"/>
		<feat xlink:href="#sSpan1185" value="obj"/>
		<feat xlink:href="#sSpan1187" value="mark"/>
		<feat xlink:href="#sSpan1188" value="acl"/>
		<feat xlink:href="#sSpan1189" value="mark"/>
		<feat xlink:href="#sSpan1191" value="acl"/>
		<feat xlink:href="#sSpan1192" value="case"/>
		<feat xlink:href="#sSpan1194" value="det"/>
		<feat xlink:href="#sSpan1197" value="obj"/>
		<feat xlink:href="#sSpan1199" value="punct"/>
		<feat xlink:href="#sSpan1201" value="aux"/>
		<feat xlink:href="#sSpan1204" value="nsubj"/>
		<feat xlink:href="#sSpan1205" value="advcl"/>
		<feat xlink:href="#sSpan1206" value="advmod"/>
		<feat xlink:href="#sSpan1208" value="case"/>
		<feat xlink:href="#sSpan1210" value="det"/>
		<feat xlink:href="#sSpan1212" value="obl"/>
		<feat xlink:href="#sSpan1213" value="aux"/>
		<feat xlink:href="#sSpan1215" value="nsubj"/>
		<feat xlink:href="#sSpan1216" value="root"/>
		<feat xlink:href="#sSpan1217" value="obj"/>
		<feat xlink:href="#sSpan1218" value="case"/>
		<feat xlink:href="#sSpan1220" value="obl"/>
		<feat xlink:href="#sSpan1221" value="case"/>
		<feat xlink:href="#sSpan1223" value="det"/>
		<feat xlink:href="#sSpan1225" value="dislocated"/>
		<feat xlink:href="#sSpan1226" value="punct"/>
		<feat xlink:href="#sSpan1228" value="cc"/>
		<feat xlink:href="#sSpan1231" value="advmod"/>
		<feat xlink:href="#sSpan1234" value="fixed"/>
		<feat xlink:href="#sSpan1236" value="advmod"/>
		<feat xlink:href="#sSpan1238" value="det"/>
		<feat xlink:href="#sSpan1240" value="dislocated"/>
		<feat xlink:href="#sSpan1241" value="case"/>
		<feat xlink:href="#sSpan1243" value="nmod"/>
		<feat xlink:href="#sSpan1244" value="aux"/>
		<feat xlink:href="#sSpan1246" value="nsubj"/>
		<feat xlink:href="#sSpan1247" value="root"/>
		<feat xlink:href="#sSpan1248" value="case"/>
		<feat xlink:href="#sSpan1250" value="det"/>
		<feat xlink:href="#sSpan1252" value="obl"/>
		<feat xlink:href="#sSpan1253" value="mark"/>
		<feat xlink:href="#sSpan1255" value="mark"/>
		<feat xlink:href="#sSpan1257" value="xcomp"/>
		<feat xlink:href="#sSpan1258" value="det"/>
		<feat xlink:href="#sSpan1260" value="nsubj"/>
		<feat xlink:href="#sSpan1261" value="xcomp"/>
		<feat xlink:href="#sSpan1263" value="advmod"/>
		<feat xlink:href="#sSpan1265" value="case"/>
		<feat xlink:href="#sSpan1267" value="det"/>
		<feat xlink:href="#sSpan1269" value="obl"/>
		<feat xlink:href="#sSpan1270" value="punct"/>
		<feat xlink:href="#sSpan1272" value="dislocated"/>
		<feat xlink:href="#sSpan1274" value="advmod"/>
		<feat xlink:href="#sSpan1276" value="aux"/>
		<feat xlink:href="#sSpan1278" value="nsubj"/>
		<feat xlink:href="#sSpan1279" value="parataxis"/>
		<feat xlink:href="#sSpan1280" value="cop"/>
		<feat xlink:href="#sSpan1282" value="punct"/>
		<feat xlink:href="#sSpan1284" value="aux"/>
		<feat xlink:href="#sSpan1287" value="nsubj"/>
		<feat xlink:href="#sSpan1288" value="root"/>
		<feat xlink:href="#sSpan1289" value="det"/>
		<feat xlink:href="#sSpan1290" value="obj"/>
		<feat xlink:href="#sSpan1291" value="case"/>
		<feat xlink:href="#sSpan1293" value="obl"/>
		<feat xlink:href="#sSpan1294" value="aux"/>
		<feat xlink:href="#sSpan1296" value="nsubj"/>
		<feat xlink:href="#sSpan1297" value="parataxis"/>
		<feat xlink:href="#sSpan1298" value="obj"/>
		<feat xlink:href="#sSpan1299" value="mark"/>
		<feat xlink:href="#sSpan1301" value="nsubj"/>
		<feat xlink:href="#sSpan1302" value="advcl"/>
		<feat xlink:href="#sSpan1303" value="case"/>
		<feat xlink:href="#sSpan1305" value="obj"/>
		<feat xlink:href="#sSpan1306" value="mark"/>
		<feat xlink:href="#sSpan1308" value="det"/>
		<feat xlink:href="#sSpan1310" value="nsubj"/>
		<feat xlink:href="#sSpan1311" value="case"/>
		<feat xlink:href="#sSpan1313" value="ccomp"/>
		<feat xlink:href="#sSpan1314" value="mark"/>
		<feat xlink:href="#sSpan1316" value="nsubj"/>
		<feat xlink:href="#sSpan1317" value="aux"/>
		<feat xlink:href="#sSpan1318" value="ccomp"/>
		<feat xlink:href="#sSpan1319" value="punct"/>
		<feat xlink:href="#sSpan1321" value="root"/>
		<feat xlink:href="#sSpan1324" value="nsubj"/>
		<feat xlink:href="#sSpan1325" value="case"/>
		<feat xlink:href="#sSpan1327" value="obl"/>
		<feat xlink:href="#sSpan1328" value="mark"/>
		<feat xlink:href="#sSpan1330" value="ccomp"/>
		<feat xlink:href="#sSpan1331" value="nsubj"/>
		<feat xlink:href="#sSpan1332" value="nsubj"/>
		<feat xlink:href="#sSpan1335" value="ccomp"/>
		<feat xlink:href="#sSpan1337" value="case"/>
		<feat xlink:href="#sSpan1339" value="det"/>
		<feat xlink:href="#sSpan1341" value="obl"/>
		<feat xlink:href="#sSpan1342" value="case"/>
		<feat xlink:href="#sSpan1344" value="nmod"/>
		<feat xlink:href="#sSpan1345" value="punct"/>
		<feat xlink:href="#sSpan1347" value="advmod"/>
		<feat xlink:href="#sSpan1349" value="aux"/>
		<feat xlink:href="#sSpan1351" value="nsubj"/>
		<feat xlink:href="#sSpan1352" value="parataxis"/>
		<feat xlink:href="#sSpan1353" value="aux"/>
		<feat xlink:href="#sSpan1355" value="nsubj"/>
		<feat xlink:href="#sSpan1356" value="parataxis"/>
		<feat xlink:href="#sSpan1357" value="case"/>
		<feat xlink:href="#sSpan1359" value="det"/>
		<feat xlink:href="#sSpan1361" value="obl"/>
		<feat xlink:href="#sSpan1362" value="cc"/>
		<feat xlink:href="#sSpan1364" value="det"/>
		<feat xlink:href="#sSpan1366" value="conj"/>
		<feat xlink:href="#sSpan1367" value="punct"/>
		<feat xlink:href="#sSpan1369" value="cc"/>
		<feat xlink:href="#sSpan1371" value="aux"/>
		<feat xlink:href="#sSpan1373" value="nsubj"/>
		<feat xlink:href="#sSpan1374" value="conj"/>
		<feat xlink:href="#sSpan1375" value="case"/>
		<feat xlink:href="#sSpan1377" value="det"/>
		<feat xlink:href="#sSpan1379" value="dislocated"/>
		<feat xlink:href="#sSpan1380" value="case"/>
		<feat xlink:href="#sSpan1382" value="nmod"/>
		<feat xlink:href="#sSpan1383" value="punct"/>
		<feat xlink:href="#sSpan1385" value="det"/>
		<feat xlink:href="#sSpan1389" value="dislocated"/>
		<feat xlink:href="#sSpan1390" value="advmod"/>
		<feat xlink:href="#sSpan1392" value="aux"/>
		<feat xlink:href="#sSpan1394" value="nsubj"/>
		<feat xlink:href="#sSpan1396" value="root"/>
		<feat xlink:href="#sSpan1398" value="mark"/>
		<feat xlink:href="#sSpan1400" value="nsubj"/>
		<feat xlink:href="#sSpan1401" value="advcl"/>
		<feat xlink:href="#sSpan1402" value="case"/>
		<feat xlink:href="#sSpan1404" value="obj"/>
		<feat xlink:href="#sSpan1405" value="mark"/>
		<feat xlink:href="#sSpan1407" value="det"/>
		<feat xlink:href="#sSpan1408" value="ccomp"/>
		<feat xlink:href="#sSpan1409" value="case"/>
		<feat xlink:href="#sSpan1411" value="nmod"/>
		<feat xlink:href="#sSpan1412" value="cop"/>
		<feat xlink:href="#sSpan1414" value="nsubj"/>
		<feat xlink:href="#sSpan1417" value="mark"/>
		<feat xlink:href="#sSpan1419" value="det"/>
		<feat xlink:href="#sSpan1421" value="nsubj"/>
		<feat xlink:href="#sSpan1422" value="cc"/>
		<feat xlink:href="#sSpan1424" value="det"/>
		<feat xlink:href="#sSpan1426" value="conj"/>
		<feat xlink:href="#sSpan1427" value="acl"/>
		<feat xlink:href="#sSpan1430" value="case"/>
		<feat xlink:href="#sSpan1432" value="obl"/>
		<feat xlink:href="#sSpan1433" value="punct"/>
		<feat xlink:href="#sSpan1435" value="aux"/>
		<feat xlink:href="#sSpan1438" value="nsubj"/>
		<feat xlink:href="#sSpan1439" value="advcl"/>
		<feat xlink:href="#sSpan1440" value="advmod"/>
		<feat xlink:href="#sSpan1442" value="case"/>
		<feat xlink:href="#sSpan1444" value="det"/>
		<feat xlink:href="#sSpan1446" value="obl"/>
		<feat xlink:href="#sSpan1447" value="case"/>
		<feat xlink:href="#sSpan1449" value="det"/>
		<feat xlink:href="#sSpan1451" value="obl"/>
		<feat xlink:href="#sSpan1452" value="case"/>
		<feat xlink:href="#sSpan1454" value="det"/>
		<feat xlink:href="#sSpan1456" value="nmod"/>
		<feat xlink:href="#sSpan1457" value="punct"/>
		<feat xlink:href="#sSpan1459" value="aux"/>
		<feat xlink:href="#sSpan1461" value="nsubj"/>
		<feat xlink:href="#sSpan1463" value="root"/>
		<feat xlink:href="#sSpan1465" value="case"/>
		<feat xlink:href="#sSpan1467" value="obl"/>
		<feat xlink:href="#sSpan1468" value="case"/>
		<feat xlink:href="#sSpan1470" value="dislocated"/>
		<feat xlink:href="#sSpan1472" value="nummod"/>
		<feat xlink:href="#sSpan1474" value="mark"/>
		<feat xlink:href="#sSpan1476" value="det"/>
		<feat xlink:href="#sSpan1479" value="nsubj"/>
		<feat xlink:href="#sSpan1481" value="case"/>
		<feat xlink:href="#sSpan1483" value="acl"/>
		<feat xlink:href="#sSpan1484" value="mark"/>
		<feat xlink:href="#sSpan1486" value="nsubj"/>
		<feat xlink:href="#sSpan1487" value="advcl"/>
		<feat xlink:href="#sSpan1489" value="advmod"/>
		<feat xlink:href="#sSpan1491" value="case"/>
		<feat xlink:href="#sSpan1493" value="det"/>
		<feat xlink:href="#sSpan1495" value="obl"/>
		<feat xlink:href="#sSpan1496" value="mark"/>
		<feat xlink:href="#sSpan1498" value="nsubj"/>
		<feat xlink:href="#sSpan1499" value="advcl"/>
		<feat xlink:href="#sSpan1500" value="advmod"/>
		<feat xlink:href="#sSpan1502" value="punct"/>
		<feat xlink:href="#sSpan1504" value="mark"/>
		<feat xlink:href="#sSpan1506" value="mark"/>
		<feat xlink:href="#sSpan1508" value="advmod"/>
		<feat xlink:href="#sSpan1509" value="advcl"/>
		<feat xlink:href="#sSpan1510" value="nsubj"/>
		<feat xlink:href="#sSpan1512" value="aux"/>
		<feat xlink:href="#sSpan1514" value="xcomp"/>
		<feat xlink:href="#sSpan1516" value="advmod"/>
		<feat xlink:href="#sSpan1518" value="case"/>
		<feat xlink:href="#sSpan1520" value="det"/>
		<feat xlink:href="#sSpan1522" value="obl"/>
		<feat xlink:href="#sSpan1523" value="mark"/>
		<feat xlink:href="#sSpan1525" value="acl"/>
		<feat xlink:href="#sSpan1526" value="punct"/>
		<feat xlink:href="#sSpan1528" value="cc"/>
		<feat xlink:href="#sSpan1531" value="advmod"/>
		<feat xlink:href="#sSpan1534" value="fixed"/>
		<feat xlink:href="#sSpan1536" value="aux"/>
		<feat xlink:href="#sSpan1538" value="nsubj"/>
		<feat xlink:href="#sSpan1540" value="root"/>
		<feat xlink:href="#sSpan1542" value="advmod"/>
		<feat xlink:href="#sSpan1544" value="mark"/>
		<feat xlink:href="#sSpan1546" value="nsubj"/>
		<feat xlink:href="#sSpan1547" value="advcl"/>
		<feat xlink:href="#sSpan1548" value="case"/>
		<feat xlink:href="#sSpan1550" value="obj"/>
		<feat xlink:href="#sSpan1551" value="mark"/>
		<feat xlink:href="#sSpan1553" value="mark"/>
		<feat xlink:href="#sSpan1554" value="nsubj"/>
		<feat xlink:href="#sSpan1555" value="ccomp"/>
		<feat xlink:href="#sSpan1556" value="obj"/>
		<feat xlink:href="#sSpan1557" value="case"/>
		<feat xlink:href="#sSpan1559" value="obl"/>
		<feat xlink:href="#sSpan1560" value="vocative"/>
		<feat xlink:href="#sSpan1563" value="det"/>
		<feat xlink:href="#sSpan1565" value="appos"/>
		<feat xlink:href="#sSpan1566" value="case"/>
		<feat xlink:href="#sSpan1568" value="det"/>
		<feat xlink:href="#sSpan1570" value="nmod"/>
		<feat xlink:href="#sSpan1571" value="punct"/>
		<feat xlink:href="#sSpan1573" value="mark"/>
		<feat xlink:href="#sSpan1575" value="aux"/>
		<feat xlink:href="#sSpan1576" value="nsubj"/>
		<feat xlink:href="#sSpan1577" value="acl"/>
		<feat xlink:href="#sSpan1579" value="case"/>
		<feat xlink:href="#sSpan1581" value="det"/>
		<feat xlink:href="#sSpan1583" value="obl"/>
		<feat xlink:href="#sSpan1584" value="mark"/>
		<feat xlink:href="#sSpan1586" value="xcomp"/>
		<feat xlink:href="#sSpan1587" value="case"/>
		<feat xlink:href="#sSpan1589" value="obj"/>
		<feat xlink:href="#sSpan1590" value="case"/>
		<feat xlink:href="#sSpan1592" value="det"/>
		<feat xlink:href="#sSpan1594" value="obl"/>
		<feat xlink:href="#sSpan1595" value="case"/>
		<feat xlink:href="#sSpan1597" value="det"/>
		<feat xlink:href="#sSpan1599" value="nmod"/>
		<feat xlink:href="#sSpan1600" value="punct"/>
		<feat xlink:href="#sSpan1602" value="aux"/>
		<feat xlink:href="#sSpan1605" value="root"/>
		<feat xlink:href="#sSpan1606" value="det"/>
		<feat xlink:href="#sSpan1608" value="nsubj"/>
		<feat xlink:href="#sSpan1609" value="advmod"/>
		<feat xlink:href="#sSpan1611" value="case"/>
		<feat xlink:href="#sSpan1613" value="nmod"/>
		<feat xlink:href="#sSpan1614" value="mark"/>
		<feat xlink:href="#sSpan1616" value="advcl"/>
		<feat xlink:href="#sSpan1617" value="nsubj"/>
		<feat xlink:href="#sSpan1618" value="advcl"/>
		<feat xlink:href="#sSpan1620" value="case"/>
		<feat xlink:href="#sSpan1622" value="obl"/>
		<feat xlink:href="#sSpan1623" value="mark"/>
		<feat xlink:href="#sSpan1625" value="nsubj"/>
		<feat xlink:href="#sSpan1626" value="advcl"/>
		<feat xlink:href="#sSpan1627" value="case"/>
		<feat xlink:href="#sSpan1629" value="obj"/>
		<feat xlink:href="#sSpan1630" value="punct"/>
		<feat xlink:href="#sSpan1632" value="det"/>
		<feat xlink:href="#sSpan1637" value="dislocated"/>
		<feat xlink:href="#sSpan1639" value="advmod"/>
		<feat xlink:href="#sSpan1641" value="aux"/>
		<feat xlink:href="#sSpan1643" value="nsubj"/>
		<feat xlink:href="#sSpan1644" value="root"/>
		<feat xlink:href="#sSpan1645" value="obj"/>
		<feat xlink:href="#sSpan1646" value="mark"/>
		<feat xlink:href="#sSpan1648" value="nsubj"/>
		<feat xlink:href="#sSpan1649" value="advcl"/>
		<feat xlink:href="#sSpan1650" value="case"/>
		<feat xlink:href="#sSpan1652" value="obj"/>
		<feat xlink:href="#sSpan1653" value="mark"/>
		<feat xlink:href="#sSpan1655" value="mark"/>
		<feat xlink:href="#sSpan1656" value="nsubj"/>
		<feat xlink:href="#sSpan1658" value="aux"/>
		<feat xlink:href="#sSpan1659" value="ccomp"/>
		<feat xlink:href="#sSpan1660" value="obj"/>
		<feat xlink:href="#sSpan1661" value="advmod"/>
		<feat xlink:href="#sSpan1663" value="nsubj"/>
		<feat xlink:href="#sSpan1666" value="xcomp"/>
		<feat xlink:href="#sSpan1667" value="advmod"/>
		<feat xlink:href="#sSpan1669" value="case"/>
		<feat xlink:href="#sSpan1671" value="det"/>
		<feat xlink:href="#sSpan1673" value="obl"/>
		<feat xlink:href="#sSpan1674" value="case"/>
		<feat xlink:href="#sSpan1676" value="nmod"/>
		<feat xlink:href="#sSpan1678" value="punct"/>
		<feat xlink:href="#sSpan1680" value="root"/>
		<feat xlink:href="#sSpan1683" value="nsubj"/>
		<feat xlink:href="#sSpan1684" value="case"/>
		<feat xlink:href="#sSpan1686" value="obl"/>
		<feat xlink:href="#sSpan1687" value="mark"/>
		<feat xlink:href="#sSpan1689" value="ccomp"/>
		<feat xlink:href="#sSpan1690" value="dislocated"/>
		<feat xlink:href="#sSpan1692" value="advmod"/>
		<feat xlink:href="#sSpan1694" value="aux"/>
		<feat xlink:href="#sSpan1696" value="nsubj"/>
		<feat xlink:href="#sSpan1697" value="ccomp"/>
		<feat xlink:href="#sSpan1699" value="advmod"/>
		<feat xlink:href="#sSpan1701" value="aux"/>
		<feat xlink:href="#sSpan1703" value="nsubj"/>
		<feat xlink:href="#sSpan1704" value="parataxis"/>
		<feat xlink:href="#sSpan1706" value="advmod"/>
		<feat xlink:href="#sSpan1708" value="case"/>
		<feat xlink:href="#sSpan1710" value="det"/>
		<feat xlink:href="#sSpan1712" value="obl"/>
		<feat xlink:href="#sSpan1713" value="cc"/>
		<feat xlink:href="#sSpan1715" value="advmod"/>
		<feat xlink:href="#sSpan1718" value="fixed"/>
		<feat xlink:href="#sSpan1720" value="aux"/>
		<feat xlink:href="#sSpan1722" value="nsubj"/>
		<feat xlink:href="#sSpan1723" value="conj"/>
		<feat xlink:href="#sSpan1724" value="det"/>
		<feat xlink:href="#sSpan1725" value="obj"/>
		<feat xlink:href="#sSpan1726" value="case"/>
		<feat xlink:href="#sSpan1728" value="det"/>
		<feat xlink:href="#sSpan1730" value="dislocated"/>
		<feat xlink:href="#sSpan1731" value="advmod"/>
		<feat xlink:href="#sSpan1733" value="det"/>
		<feat xlink:href="#sSpan1734" value="advmod"/>
		<feat xlink:href="#sSpan1736" value="case"/>
		<feat xlink:href="#sSpan1738" value="det"/>
		<feat xlink:href="#sSpan1740" value="obl"/>
		<feat xlink:href="#sSpan1741" value="case"/>
		<feat xlink:href="#sSpan1743" value="det"/>
		<feat xlink:href="#sSpan1744" value="obl"/>
		<feat xlink:href="#sSpan1745" value="case"/>
		<feat xlink:href="#sSpan1747" value="obl"/>
		<feat xlink:href="#sSpan1749" value="cc"/>
		<feat xlink:href="#sSpan1751" value="aux"/>
		<feat xlink:href="#sSpan1753" value="nsubj"/>
		<feat xlink:href="#sSpan1754" value="conj"/>
		<feat xlink:href="#sSpan1755" value="advmod"/>
		<feat xlink:href="#sSpan1758" value="case"/>
		<feat xlink:href="#sSpan1760" value="obl"/>
		<feat xlink:href="#sSpan1762" value="punct"/>
		<feat xlink:href="#sSpan1764" value="dislocated"/>
		<feat xlink:href="#sSpan1768" value="mark"/>
		<feat xlink:href="#sSpan1769" value="acl"/>
		<feat xlink:href="#sSpan1770" value="advmod"/>
		<feat xlink:href="#sSpan1772" value="case"/>
		<feat xlink:href="#sSpan1774" value="obl"/>
		<feat xlink:href="#sSpan1775" value="aux"/>
		<feat xlink:href="#sSpan1777" value="nsubj"/>
		<feat xlink:href="#sSpan1778" value="root"/>
		<feat xlink:href="#sSpan1779" value="aux"/>
		<feat xlink:href="#sSpan1781" value="nsubj"/>
		<feat xlink:href="#sSpan1782" value="parataxis"/>
		<feat xlink:href="#sSpan1784" value="advmod"/>
		<feat xlink:href="#sSpan1786" value="case"/>
		<feat xlink:href="#sSpan1788" value="det"/>
		<feat xlink:href="#sSpan1790" value="obl"/>
		<feat xlink:href="#sSpan1791" value="punct"/>
		<feat xlink:href="#sSpan1793" value="aux"/>
		<feat xlink:href="#sSpan1795" value="nsubj"/>
		<feat xlink:href="#sSpan1796" value="parataxis"/>
		<feat xlink:href="#sSpan1797" value="case"/>
		<feat xlink:href="#sSpan1799" value="obj"/>
		<feat xlink:href="#sSpan1802" value="det"/>
		<feat xlink:href="#sSpan1804" value="cc"/>
		<feat xlink:href="#sSpan1806" value="conj"/>
		<feat xlink:href="#sSpan1807" value="nmod"/>
		<feat xlink:href="#sSpan1809" value="mark"/>
		<feat xlink:href="#sSpan1810" value="acl"/>
		<feat xlink:href="#sSpan1812" value="case"/>
		<feat xlink:href="#sSpan1814" value="obl"/>
		<feat xlink:href="#sSpan1816" value="punct"/>
		<feat xlink:href="#sSpan1818" value="cc"/>
		<feat xlink:href="#sSpan1821" value="advmod"/>
		<feat xlink:href="#sSpan1824" value="fixed"/>
		<feat xlink:href="#sSpan1826" value="advmod"/>
		<feat xlink:href="#sSpan1828" value="det"/>
		<feat xlink:href="#sSpan1830" value="dislocated"/>
		<feat xlink:href="#sSpan1831" value="advmod"/>
		<feat xlink:href="#sSpan1833" value="det"/>
		<feat xlink:href="#sSpan1834" value="aux"/>
		<feat xlink:href="#sSpan1836" value="nsubj"/>
		<feat xlink:href="#sSpan1837" value="root"/>
		<feat xlink:href="#sSpan1839" value="advmod"/>
		<feat xlink:href="#sSpan1841" value="mark"/>
		<feat xlink:href="#sSpan1844" value="xcomp"/>
		<feat xlink:href="#sSpan1846" value="case"/>
		<feat xlink:href="#sSpan1848" value="obl"/>
		<feat xlink:href="#sSpan1850" value="punct"/>
		<feat xlink:href="#sSpan1852" value="aux"/>
		<feat xlink:href="#sSpan1854" value="nsubj"/>
		<feat xlink:href="#sSpan1855" value="advcl"/>
		<feat xlink:href="#sSpan1856" value="advmod"/>
		<feat xlink:href="#sSpan1858" value="case"/>
		<feat xlink:href="#sSpan1860" value="obl"/>
		<feat xlink:href="#sSpan1861" value="aux"/>
		<feat xlink:href="#sSpan1863" value="nsubj"/>
		<feat xlink:href="#sSpan1864" value="parataxis"/>
		<feat xlink:href="#sSpan1865" value="obj"/>
		<feat xlink:href="#sSpan1866" value="mark"/>
		<feat xlink:href="#sSpan1868" value="nsubj"/>
		<feat xlink:href="#sSpan1870" value="advcl"/>
		<feat xlink:href="#sSpan1872" value="advmod"/>
		<feat xlink:href="#sSpan1874" value="case"/>
		<feat xlink:href="#sSpan1876" value="det"/>
		<feat xlink:href="#sSpan1878" value="obl"/>
		<feat xlink:href="#sSpan1879" value="punct"/></featList></paula>