<?xml version='1.0' encoding='UTF-8'?><!DOCTYPE paula SYSTEM "paula_feat.dtd">
<paula version="1.1">
	<header paula_id="scriptorium.40_Matthew_08.mark_orig_group"/>
	<featList xmlns:xlink="http://www.w3.org/1999/xlink" type="orig_group" xml:base="scriptorium.40_Matthew_08.mark.xml">
		<feat xlink:href="#sSpan2" value="ⲉϥⲛⲏⲩ"/>
		<feat xlink:href="#sSpan7" value="ⲇⲉ"/>
		<feat xlink:href="#sSpan9" value="ⲉⲡⲉⲥⲏⲧ"/>
		<feat xlink:href="#sSpan13" value="ϩⲓⲡⲧⲟⲟⲩ"/>
		<feat xlink:href="#sSpan18" value="ⲁⲩⲟⲩⲁϩⲟⲩ"/>
		<feat xlink:href="#sSpan23" value="ⲛⲥⲱϥ"/>
		<feat xlink:href="#sSpan26" value="ⲛϭⲓϩⲉⲛⲙⲏⲏϣⲉ"/>
		<feat xlink:href="#sSpan31" value="ⲉⲛⲁϣⲱⲟⲩ"/>
		<feat xlink:href="#sSpan35" value="."/>
		<feat xlink:href="#sSpan37" value="ⲁⲩⲱ"/>
		<feat xlink:href="#sSpan40" value="ⲉⲓⲥ"/>
		<feat xlink:href="#sSpan43" value="ϩⲏⲏⲧⲉ"/>
		<feat xlink:href="#sSpan45" value="ⲉⲓⲥⲟⲩⲁ"/>
		<feat xlink:href="#sSpan51" value="ⲉϥⲥⲟⲃϩ"/>
		<feat xlink:href="#sSpan55" value="ⲁϥϯⲡⲉϥⲟⲩⲟⲓ"/>
		<feat xlink:href="#sSpan62" value="ⲉⲣⲟϥ"/>
		<feat xlink:href="#sSpan65" value="ⲁϥⲟⲩⲱϣⲧ"/>
		<feat xlink:href="#sSpan69" value="ⲛⲁϥ"/>
		<feat xlink:href="#sSpan72" value="ⲉϥϫⲱ"/>
		<feat xlink:href="#sSpan76" value="ⲙⲙⲟⲥ"/>
		<feat xlink:href="#sSpan79" value="ϫⲉⲡϫⲟⲉⲓⲥ"/>
		<feat xlink:href="#sSpan84" value="ⲉⲕϣⲁⲛⲟⲩⲱϣ"/>
		<feat xlink:href="#sSpan87" value="ⲟⲩⲛϣϭⲟⲙ"/>
		<feat xlink:href="#sSpan92" value="ⲙⲙⲟⲕ"/>
		<feat xlink:href="#sSpan95" value="ⲉⲧⲃⲃⲟⲓ"/>
		<feat xlink:href="#sSpan99" value="."/>
		<feat xlink:href="#sSpan101" value="ⲁϥⲥⲟⲟⲩⲧⲛ"/>
		<feat xlink:href="#sSpan106" value="ⲇⲉ"/>
		<feat xlink:href="#sSpan108" value="ⲛⲧⲉϥϭⲓϫ"/>
		<feat xlink:href="#sSpan113" value="ⲉⲃⲟⲗ"/>
		<feat xlink:href="#sSpan115" value="ⲁϥϫⲱϩ"/>
		<feat xlink:href="#sSpan119" value="ⲉⲣⲟϥ"/>
		<feat xlink:href="#sSpan122" value="ⲉϥϫⲱ"/>
		<feat xlink:href="#sSpan126" value="ⲙⲙⲟⲥ"/>
		<feat xlink:href="#sSpan129" value="ϫⲉϯⲟⲩⲱϣ"/>
		<feat xlink:href="#sSpan133" value="ⲧⲃⲃⲟ"/>
		<feat xlink:href="#sSpan135" value="."/>
		<feat xlink:href="#sSpan137" value="ⲁⲩⲱ"/>
		<feat xlink:href="#sSpan139" value="ⲛⲧⲉⲩⲛⲟⲩ"/>
		<feat xlink:href="#sSpan143" value="ⲁϥⲧⲃⲃⲟ"/>
		<feat xlink:href="#sSpan147" value="ⲛϭⲓⲡⲉϥⲥⲱⲃϩ"/>
		<feat xlink:href="#sSpan152" value="."/>
		<feat xlink:href="#sSpan154" value="ⲡⲉϫⲁϥ"/>
		<feat xlink:href="#sSpan158" value="ⲛⲁϥ"/>
		<feat xlink:href="#sSpan161" value="ⲛϭⲓⲓⲏⲥⲟⲩⲥ"/>
		<feat xlink:href="#sSpan165" value="ϫⲉϭⲱϣⲧ"/>
		<feat xlink:href="#sSpan168" value="ⲙⲡⲣϫⲟⲟⲥ"/>
		<feat xlink:href="#sSpan172" value="ⲉⲗⲁⲁⲩ"/>
		<feat xlink:href="#sSpan176" value="."/>
		<feat xlink:href="#sSpan178" value="ⲁⲗⲗⲁ"/>
		<feat xlink:href="#sSpan180" value="ⲃⲱⲕ"/>
		<feat xlink:href="#sSpan182" value="ⲛⲅⲧⲟⲩⲟⲕ"/>
		<feat xlink:href="#sSpan187" value="ⲉⲡⲟⲩⲏⲏⲃ"/>
		<feat xlink:href="#sSpan192" value="."/>
		<feat xlink:href="#sSpan194" value="ⲛⲅⲧⲁⲗⲟ"/>
		<feat xlink:href="#sSpan199" value="ⲉϩⲣⲁⲓ"/>
		<feat xlink:href="#sSpan201" value="ⲙⲡⲉⲕⲇⲱⲣⲟⲛ"/>
		<feat xlink:href="#sSpan206" value="ⲕⲁⲧⲁⲧϩⲉ"/>
		<feat xlink:href="#sSpan210" value="ⲛⲧⲁϥⲟⲩⲉϩⲥⲁϩⲛⲉ"/>
		<feat xlink:href="#sSpan217" value="ⲙⲙⲟⲥ"/>
		<feat xlink:href="#sSpan220" value="ⲛϭⲓⲙⲱⲩⲥⲏⲥ"/>
		<feat xlink:href="#sSpan224" value="ⲉⲩⲙⲛⲧⲙⲛⲧⲣⲉ"/>
		<feat xlink:href="#sSpan231" value="ⲛⲁⲩ"/>
		<feat xlink:href="#sSpan234" value="."/>
		<feat xlink:href="#sSpan236" value="ⲛⲧⲉⲣⲉϥⲃⲱⲕ"/>
		<feat xlink:href="#sSpan241" value="ⲇⲉ"/>
		<feat xlink:href="#sSpan243" value="ⲉϩⲟⲩⲛ"/>
		<feat xlink:href="#sSpan245" value="ⲉⲕⲁⲫⲁⲣⲛⲁⲟⲩⲙ"/>
		<feat xlink:href="#sSpan249" value="ⲁϥϯⲡⲉϥⲟⲩⲟⲓ"/>
		<feat xlink:href="#sSpan256" value="ⲉⲣⲟϥ"/>
		<feat xlink:href="#sSpan259" value="ⲛϭⲓⲟⲩϩⲉⲕⲁⲧⲟⲛⲧⲁⲣⲭⲟⲥ"/>
		<feat xlink:href="#sSpan264" value="ⲉϥⲡⲁⲣⲁⲕⲁⲗⲉⲓ"/>
		<feat xlink:href="#sSpan268" value="ⲙⲙⲟϥ"/>
		<feat xlink:href="#sSpan271" value="ⲉϥϫⲱ"/>
		<feat xlink:href="#sSpan276" value="ⲙⲙⲟⲥ"/>
		<feat xlink:href="#sSpan279" value="ϫⲉⲡϫⲟⲉⲓⲥ"/>
		<feat xlink:href="#sSpan285" value="ⲡⲁϣⲏⲣⲉ"/>
		<feat xlink:href="#sSpan288" value="ⲛⲏϫ"/>
		<feat xlink:href="#sSpan290" value="ϩⲣⲁⲓ"/>
		<feat xlink:href="#sSpan293" value="ϩⲙⲡⲁⲏⲓ"/>
		<feat xlink:href="#sSpan298" value="ⲉϥⲥⲏϭ"/>
		<feat xlink:href="#sSpan302" value="."/>
		<feat xlink:href="#sSpan304" value="ⲁⲩⲱ"/>
		<feat xlink:href="#sSpan306" value="ⲉϥⲃⲁⲥⲁⲛⲓⲍⲉ"/>
		<feat xlink:href="#sSpan310" value="ⲉⲙⲁⲧⲉ"/>
		<feat xlink:href="#sSpan312" value="."/>
		<feat xlink:href="#sSpan314" value="ⲡⲉϫⲁϥ"/>
		<feat xlink:href="#sSpan318" value="ⲛⲁϥ"/>
		<feat xlink:href="#sSpan321" value="ⲛϭⲓⲓⲏⲥⲟⲩⲥ"/>
		<feat xlink:href="#sSpan325" value="ϫⲉⲁⲛⲟⲕ"/>
		<feat xlink:href="#sSpan328" value="ϯⲛⲏⲩ"/>
		<feat xlink:href="#sSpan331" value="ⲧⲁⲣⲡⲁϩⲣⲉ"/>
		<feat xlink:href="#sSpan334" value="ⲉⲣⲟϥ"/>
		<feat xlink:href="#sSpan337" value="."/>
		<feat xlink:href="#sSpan339" value="ⲁϥⲟⲩⲱϣⲃ"/>
		<feat xlink:href="#sSpan344" value="ⲇⲉ"/>
		<feat xlink:href="#sSpan346" value="ⲛϭⲓⲡϩⲉⲕⲁⲧⲟⲛⲧⲁⲣⲭⲟⲥ"/>
		<feat xlink:href="#sSpan351" value="ⲉϥϫⲱ"/>
		<feat xlink:href="#sSpan355" value="ⲙⲙⲟⲥ"/>
		<feat xlink:href="#sSpan358" value="ϫⲉⲡϫⲟⲉⲓⲥ"/>
		<feat xlink:href="#sSpan363" value="ⲛϯⲙⲡϣⲁ"/>
		<feat xlink:href="#sSpan367" value="ⲁⲛ"/>
		<feat xlink:href="#sSpan369" value="ϫⲉⲕⲁⲁⲥ"/>
		<feat xlink:href="#sSpan371" value="ⲉⲕⲉⲉⲓ"/>
		<feat xlink:href="#sSpan375" value="ⲉϩⲟⲩⲛ"/>
		<feat xlink:href="#sSpan377" value="ϩⲁⲧⲁⲟⲩⲉϩⲥⲟⲓ"/>
		<feat xlink:href="#sSpan382" value="."/>
		<feat xlink:href="#sSpan384" value="ⲁⲗⲗⲁ"/>
		<feat xlink:href="#sSpan386" value="ⲁϫⲓⲥ"/>
		<feat xlink:href="#sSpan389" value="ⲙⲙⲁⲧⲉ"/>
		<feat xlink:href="#sSpan391" value="ϩⲙⲡϣⲁϫⲉ"/>
		<feat xlink:href="#sSpan396" value="ⲁⲩⲱ"/>
		<feat xlink:href="#sSpan398" value="ϥⲛⲁⲗⲟ"/>
		<feat xlink:href="#sSpan402" value="."/>
		<feat xlink:href="#sSpan404" value="ⲕⲁⲓ"/>
		<feat xlink:href="#sSpan408" value="ⲅⲁⲣ"/>
		<feat xlink:href="#sSpan410" value="ⲁⲛⲟⲕ"/>
		<feat xlink:href="#sSpan412" value="ⲁⲛⲅⲟⲩⲣⲱⲙⲉ"/>
		<feat xlink:href="#sSpan417" value="ⲉⲓϣⲟⲟⲡ"/>
		<feat xlink:href="#sSpan421" value="ϩⲁⲟⲩⲉⲝⲟⲩⲥⲓⲁ"/>
		<feat xlink:href="#sSpan426" value="ⲉⲣⲉϩⲉⲛⲙⲁⲧⲟⲓ"/>
		<feat xlink:href="#sSpan431" value="ϣⲟⲟⲡ"/>
		<feat xlink:href="#sSpan433" value="ϩⲁⲣⲁⲧ"/>
		<feat xlink:href="#sSpan435" value="ϣⲁⲓϫⲟⲟⲥ"/>
		<feat xlink:href="#sSpan440" value="ⲙⲡⲁⲓ"/>
		<feat xlink:href="#sSpan444" value="ϫⲉⲃⲱⲕ"/>
		<feat xlink:href="#sSpan447" value="ⲁⲩⲱ"/>
		<feat xlink:href="#sSpan449" value="ϣⲁϥⲃⲱⲕ"/>
		<feat xlink:href="#sSpan453" value="ⲁⲩⲱ"/>
		<feat xlink:href="#sSpan455" value="ⲕⲉⲟⲩⲁ"/>
		<feat xlink:href="#sSpan459" value="ϫⲉⲁⲙⲟⲩ"/>
		<feat xlink:href="#sSpan462" value="ⲁⲩⲱ"/>
		<feat xlink:href="#sSpan464" value="ⲛϥⲉⲓ"/>
		<feat xlink:href="#sSpan468" value="ⲁⲩⲱ"/>
		<feat xlink:href="#sSpan471" value="ⲡⲁϩⲙϩⲁⲗ"/>
		<feat xlink:href="#sSpan474" value="ϫⲉⲁⲣⲓⲡⲁⲓ"/>
		<feat xlink:href="#sSpan481" value="ⲛϥⲁⲁϥ"/>
		<feat xlink:href="#sSpan486" value="."/>
		<feat xlink:href="#sSpan488" value="ⲁϥⲥⲱⲧⲙ"/>
		<feat xlink:href="#sSpan493" value="ⲇⲉ"/>
		<feat xlink:href="#sSpan495" value="ⲛϭⲓⲓⲏⲥⲟⲩⲥ"/>
		<feat xlink:href="#sSpan499" value="ⲁϥⲣϣⲡⲏⲣⲉ"/>
		<feat xlink:href="#sSpan505" value="."/>
		<feat xlink:href="#sSpan507" value="ⲁⲩⲱ"/>
		<feat xlink:href="#sSpan509" value="ⲡⲉϫⲁϥ"/>
		<feat xlink:href="#sSpan512" value="ⲛⲛⲉⲧⲟⲩⲏϩ"/>
		<feat xlink:href="#sSpan519" value="ⲛⲥⲱϥ"/>
		<feat xlink:href="#sSpan522" value="."/>
		<feat xlink:href="#sSpan524" value="ϫⲉϩⲁⲙⲏⲛ"/>
		<feat xlink:href="#sSpan527" value="ϯϫⲱ"/>
		<feat xlink:href="#sSpan530" value="ⲙⲙⲟⲥ"/>
		<feat xlink:href="#sSpan533" value="ⲛⲏⲧⲛ"/>
		<feat xlink:href="#sSpan536" value="ϫⲉⲙⲡⲉⲓϩⲉ"/>
		<feat xlink:href="#sSpan542" value="ⲉⲡⲓⲥⲧⲓⲥ"/>
		<feat xlink:href="#sSpan546" value="ⲛⲧⲉⲓϭⲟⲧ"/>
		<feat xlink:href="#sSpan551" value="ⲛⲧⲛⲗⲁⲁⲩ"/>
		<feat xlink:href="#sSpan556" value="ϩⲙⲡⲓⲥⲣⲁⲏⲗ"/>
		<feat xlink:href="#sSpan561" value="."/>
		<feat xlink:href="#sSpan563" value="ϯϫⲱ"/>
		<feat xlink:href="#sSpan567" value="ⲇⲉ"/>
		<feat xlink:href="#sSpan569" value="ⲙⲙⲟⲥ"/>
		<feat xlink:href="#sSpan572" value="ⲛⲏⲧⲛ"/>
		<feat xlink:href="#sSpan575" value="ϫⲉⲟⲩⲛϩⲁϩ"/>
		<feat xlink:href="#sSpan580" value="ⲛⲏⲩ"/>
		<feat xlink:href="#sSpan583" value="ⲉⲃⲟⲗ"/>
		<feat xlink:href="#sSpan585" value="ϩⲛⲛⲉⲙⲁ"/>
		<feat xlink:href="#sSpan590" value="ⲛϣⲁ"/>
		<feat xlink:href="#sSpan594" value="ⲙⲛⲙⲙⲁⲛϩⲱⲧⲛ"/>
		<feat xlink:href="#sSpan598" value="ⲛⲥⲉⲛⲟϫⲟⲩ"/>
		<feat xlink:href="#sSpan603" value="ⲙⲛⲁⲃⲣⲁϩⲁⲙ"/>
		<feat xlink:href="#sSpan607" value="ⲙⲛⲓⲥⲁⲁⲕ"/>
		<feat xlink:href="#sSpan611" value="ⲙⲛⲓⲁⲕⲱⲃ"/>
		<feat xlink:href="#sSpan615" value="ϩⲣⲁⲓ"/>
		<feat xlink:href="#sSpan618" value="ϩⲛⲧⲙⲛⲧⲣⲣⲟ"/>
		<feat xlink:href="#sSpan625" value="ⲛⲙⲡⲏⲩⲉ"/>
		<feat xlink:href="#sSpan630" value="."/>
		<feat xlink:href="#sSpan632" value="ⲛϣⲏⲣⲉ"/>
		<feat xlink:href="#sSpan637" value="ⲇⲉ"/>
		<feat xlink:href="#sSpan639" value="ⲛⲧⲙⲛⲧⲣⲣⲟ"/>
		<feat xlink:href="#sSpan646" value="ⲥⲉⲛⲁⲛⲟϫⲟⲩ"/>
		<feat xlink:href="#sSpan651" value="ⲉⲃⲟⲗ"/>
		<feat xlink:href="#sSpan653" value="ⲉⲡⲕⲁⲕⲉ"/>
		<feat xlink:href="#sSpan658" value="ⲉⲧϩⲓⲃⲟⲗ"/>
		<feat xlink:href="#sSpan661" value="."/>
		<feat xlink:href="#sSpan663" value="ⲉϥⲛⲁϣⲱⲡⲉ"/>
		<feat xlink:href="#sSpan668" value="ⲙⲙⲁⲩ"/>
		<feat xlink:href="#sSpan670" value="ⲛϭⲓⲡⲣⲓⲙⲉ"/>
		<feat xlink:href="#sSpan675" value="ⲙⲛⲡϭⲁϩϭϩ"/>
		<feat xlink:href="#sSpan680" value="ⲛⲛⲟⲃϩⲉ"/>
		<feat xlink:href="#sSpan685" value="."/>
		<feat xlink:href="#sSpan687" value="ⲡⲉϫⲁϥ"/>
		<feat xlink:href="#sSpan691" value="ⲛϭⲓⲓⲏⲥⲟⲩⲥ"/>
		<feat xlink:href="#sSpan695" value="ⲙⲡϩⲉⲕⲁⲧⲟⲛⲧⲁⲣⲭⲟⲥ"/>
		<feat xlink:href="#sSpan700" value="ϫⲉⲃⲱⲕ"/>
		<feat xlink:href="#sSpan703" value="ⲛⲧϩⲉ"/>
		<feat xlink:href="#sSpan707" value="ⲛⲧⲁⲕⲡⲓⲥⲧⲉⲩⲉ"/>
		<feat xlink:href="#sSpan712" value="ⲙⲁⲣⲉⲥϣⲱⲡⲉ"/>
		<feat xlink:href="#sSpan716" value="ⲛⲁⲕ"/>
		<feat xlink:href="#sSpan719" value="."/>
		<feat xlink:href="#sSpan721" value="ⲁⲩⲱ"/>
		<feat xlink:href="#sSpan723" value="ⲁϥⲗⲟ"/>
		<feat xlink:href="#sSpan727" value="ⲛϭⲓⲡⲉϥϣⲏⲣⲉ"/>
		<feat xlink:href="#sSpan732" value="ϫⲓⲛⲧⲉⲩⲛⲟⲩ"/>
		<feat xlink:href="#sSpan737" value="ⲉⲧⲙⲙⲁⲩ"/>
		<feat xlink:href="#sSpan740" value="."/>
		<feat xlink:href="#sSpan742" value="ⲁϥⲉⲓ"/>
		<feat xlink:href="#sSpan747" value="ⲇⲉ"/>
		<feat xlink:href="#sSpan749" value="ⲛϭⲓⲓⲏⲥⲟⲩⲥ"/>
		<feat xlink:href="#sSpan753" value="ⲉϩⲣⲁⲓ"/>
		<feat xlink:href="#sSpan755" value="ⲉⲡⲏⲓ"/>
		<feat xlink:href="#sSpan760" value="ⲙⲡⲉⲧⲣⲟⲥ"/>
		<feat xlink:href="#sSpan764" value="."/>
		<feat xlink:href="#sSpan766" value="ⲁϥⲛⲁⲩ"/>
		<feat xlink:href="#sSpan770" value="ⲉⲧⲉϥϣⲱⲙⲉ"/>
		<feat xlink:href="#sSpan775" value="ⲉⲥⲛⲏϫ"/>
		<feat xlink:href="#sSpan779" value="ⲁⲩⲱ"/>
		<feat xlink:href="#sSpan781" value="ⲉⲥϩⲏⲙ"/>
		<feat xlink:href="#sSpan785" value="."/>
		<feat xlink:href="#sSpan787" value="ⲁϥϫⲱϩ"/>
		<feat xlink:href="#sSpan792" value="ⲇⲉ"/>
		<feat xlink:href="#sSpan794" value="ⲉⲧⲉⲥϭⲓϫ"/>
		<feat xlink:href="#sSpan799" value="ⲁϥⲕⲁⲁⲥ"/>
		<feat xlink:href="#sSpan804" value="ⲛϭⲓⲡⲉϩⲙⲟⲙ"/>
		<feat xlink:href="#sSpan809" value="."/>
		<feat xlink:href="#sSpan811" value="ⲁⲥⲧⲱⲟⲩⲛ"/>
		<feat xlink:href="#sSpan815" value="ⲁⲥⲇⲓⲁⲕⲟⲛⲉⲓ"/>
		<feat xlink:href="#sSpan819" value="ⲛⲁϥ"/>
		<feat xlink:href="#sSpan822" value="."/>
		<feat xlink:href="#sSpan825" value="ⲣⲟⲩϩⲉ"/>
		<feat xlink:href="#sSpan828" value="ⲇⲉ"/>
		<feat xlink:href="#sSpan830" value="ⲛⲧⲉⲣⲉϥϣⲱⲡⲉ"/>
		<feat xlink:href="#sSpan834" value="ⲁⲩⲉⲓⲛⲉ"/>
		<feat xlink:href="#sSpan838" value="ⲛⲁϥ"/>
		<feat xlink:href="#sSpan841" value="ⲛϩⲁϩ"/>
		<feat xlink:href="#sSpan845" value="ⲉⲩⲟ"/>
		<feat xlink:href="#sSpan850" value="ⲛⲇⲁⲓⲙⲱⲛⲓⲟⲛ"/>
		<feat xlink:href="#sSpan854" value="."/>
		<feat xlink:href="#sSpan856" value="ⲁϥⲛⲟⲩϫⲉ"/>
		<feat xlink:href="#sSpan861" value="ⲉⲃⲟⲗ"/>
		<feat xlink:href="#sSpan863" value="ⲛⲛⲉⲡⲛⲉⲩⲙⲁ"/>
		<feat xlink:href="#sSpan868" value="ⲛⲁⲕⲁⲑⲁⲣⲧⲟⲛ"/>
		<feat xlink:href="#sSpan871" value="ϩⲙⲡϣⲁϫⲉ"/>
		<feat xlink:href="#sSpan876" value="."/>
		<feat xlink:href="#sSpan878" value="ⲁⲩⲱ"/>
		<feat xlink:href="#sSpan880" value="ⲁϥⲣⲡⲁϩⲣⲉ"/>
		<feat xlink:href="#sSpan884" value="ⲉⲟⲩⲟⲛ"/>
		<feat xlink:href="#sSpan889" value="ⲛⲓⲙ"/>
		<feat xlink:href="#sSpan891" value="ⲉⲧⲙⲟⲕϩ"/>
		<feat xlink:href="#sSpan894" value="."/>
		<feat xlink:href="#sSpan896" value="ϫⲉⲕⲁⲁⲥ"/>
		<feat xlink:href="#sSpan899" value="ⲉϥⲉϫⲱⲕ"/>
		<feat xlink:href="#sSpan902" value="ⲉⲃⲟⲗ"/>
		<feat xlink:href="#sSpan904" value="ⲛϭⲓⲡⲉⲛⲧⲁⲩϫⲟⲟϥ"/>
		<feat xlink:href="#sSpan913" value="ϩⲓⲧⲛⲏⲥⲁⲓⲁⲥ"/>
		<feat xlink:href="#sSpan917" value="ⲡⲉⲡⲣⲟⲫⲏⲧⲏⲥ"/>
		<feat xlink:href="#sSpan920" value="ⲉϥϫⲱ"/>
		<feat xlink:href="#sSpan924" value="ⲙⲙⲟⲥ"/>
		<feat xlink:href="#sSpan927" value="ϫⲉⲛⲧⲟϥ"/>
		<feat xlink:href="#sSpan930" value="ⲡⲉⲛⲧⲁϥϫⲓ"/>
		<feat xlink:href="#sSpan936" value="ⲛⲛϣⲱⲛⲉ"/>
		<feat xlink:href="#sSpan941" value="ⲁⲩⲱ"/>
		<feat xlink:href="#sSpan943" value="ⲁϥⲧⲱⲟⲩⲛ"/>
		<feat xlink:href="#sSpan948" value="ϩⲁⲛⲉⲛⲗⲟϫⲗⲉϫ"/>
		<feat xlink:href="#sSpan953" value="."/>
		<feat xlink:href="#sSpan955" value="ⲛⲧⲉⲣⲉϥⲛⲁⲩ"/>
		<feat xlink:href="#sSpan960" value="ⲇⲉ"/>
		<feat xlink:href="#sSpan962" value="ⲛϭⲓⲓⲏⲥⲟⲩⲥ"/>
		<feat xlink:href="#sSpan966" value="ⲉⲩⲙⲏⲏϣⲉ"/>
		<feat xlink:href="#sSpan971" value="ⲙⲡⲉϥⲕⲱⲧⲉ"/>
		<feat xlink:href="#sSpan976" value="ⲁϥⲟⲩⲉϩⲥⲁϩⲛⲉ"/>
		<feat xlink:href="#sSpan982" value="ⲉⲃⲱⲕ"/>
		<feat xlink:href="#sSpan986" value="ⲉⲡⲉⲓⲕⲣⲟ"/>
		<feat xlink:href="#sSpan991" value="."/>
		<feat xlink:href="#sSpan993" value="ⲁϥϯⲡⲉϥⲟⲩⲟⲓ"/>
		<feat xlink:href="#sSpan1001" value="ⲉⲣⲟϥ"/>
		<feat xlink:href="#sSpan1004" value="ⲛϭⲓⲟⲩⲅⲣⲁⲙⲙⲁⲧⲉⲩⲥ"/>
		<feat xlink:href="#sSpan1009" value="ⲡⲉϫⲁϥ"/>
		<feat xlink:href="#sSpan1012" value="ⲛⲁϥ"/>
		<feat xlink:href="#sSpan1015" value="."/>
		<feat xlink:href="#sSpan1017" value="ϫⲉⲡⲥⲁϩ"/>
		<feat xlink:href="#sSpan1022" value="ⲧⲁⲟⲩⲁϩⲧ"/>
		<feat xlink:href="#sSpan1025" value="ⲛⲥⲱⲕ"/>
		<feat xlink:href="#sSpan1028" value="ⲉⲡⲙⲁ"/>
		<feat xlink:href="#sSpan1033" value="ⲉⲧⲉⲕⲛⲁⲃⲱⲕ"/>
		<feat xlink:href="#sSpan1039" value="ⲉⲣⲟϥ"/>
		<feat xlink:href="#sSpan1042" value="."/>
		<feat xlink:href="#sSpan1044" value="ⲡⲉϫⲁϥ"/>
		<feat xlink:href="#sSpan1048" value="ⲛⲁϥ"/>
		<feat xlink:href="#sSpan1051" value="ⲛϭⲓⲓⲏⲥⲟⲩⲥ"/>
		<feat xlink:href="#sSpan1055" value="ϫⲉⲛⲃⲁϣⲟⲣ"/>
		<feat xlink:href="#sSpan1060" value="ⲟⲩⲛⲧⲁⲩ"/>
		<feat xlink:href="#sSpan1064" value="ⲛⲉⲩⲃⲏⲃ"/>
		<feat xlink:href="#sSpan1067" value="."/>
		<feat xlink:href="#sSpan1069" value="ⲁⲩⲱ"/>
		<feat xlink:href="#sSpan1071" value="ⲛϩⲁⲗⲁⲁⲧⲉ"/>
		<feat xlink:href="#sSpan1075" value="ⲛⲧⲡⲉ"/>
		<feat xlink:href="#sSpan1080" value="ⲟⲩⲛⲧⲁⲩ"/>
		<feat xlink:href="#sSpan1083" value="ⲛⲉⲩⲙⲁϩ"/>
		<feat xlink:href="#sSpan1087" value="."/>
		<feat xlink:href="#sSpan1089" value="ⲡϣⲏⲣⲉ"/>
		<feat xlink:href="#sSpan1093" value="ⲇⲉ"/>
		<feat xlink:href="#sSpan1095" value="ⲙⲡⲣⲱⲙⲉ"/>
		<feat xlink:href="#sSpan1099" value="ⲙⲛⲧϥⲙⲁ"/>
		<feat xlink:href="#sSpan1104" value="ⲛⲣⲉⲕⲧⲧⲉϥⲁⲡⲉ"/>
		<feat xlink:href="#sSpan1109" value="."/>
		<feat xlink:href="#sSpan1111" value="ⲕⲉⲟⲩⲁ"/>
		<feat xlink:href="#sSpan1116" value="ⲇⲉ"/>
		<feat xlink:href="#sSpan1118" value="ⲛⲙⲙⲁⲑⲏⲧⲏⲥ"/>
		<feat xlink:href="#sSpan1123" value="ⲡⲉϫⲁϥ"/>
		<feat xlink:href="#sSpan1126" value="ⲛⲁϥ"/>
		<feat xlink:href="#sSpan1129" value="."/>
		<feat xlink:href="#sSpan1131" value="ϫⲉⲡϫⲟⲉⲓⲥ"/>
		<feat xlink:href="#sSpan1137" value="ⲟⲩⲉϩⲥⲁϩⲛⲉ"/>
		<feat xlink:href="#sSpan1140" value="ⲛⲁⲓ"/>
		<feat xlink:href="#sSpan1143" value="ⲛϣⲟⲣⲡ"/>
		<feat xlink:href="#sSpan1146" value="ⲧⲁⲃⲱⲕ"/>
		<feat xlink:href="#sSpan1149" value="ⲧⲁⲧⲱⲙⲥ"/>
		<feat xlink:href="#sSpan1153" value="ⲙⲡⲁⲉⲓⲱⲧ"/>
		<feat xlink:href="#sSpan1158" value="."/>
		<feat xlink:href="#sSpan1160" value="ⲡⲉϫⲁϥ"/>
		<feat xlink:href="#sSpan1164" value="ⲇⲉ"/>
		<feat xlink:href="#sSpan1166" value="ⲛⲁϥ"/>
		<feat xlink:href="#sSpan1169" value="ⲛϭⲓⲓⲏⲥⲟⲩⲥ"/>
		<feat xlink:href="#sSpan1173" value="ϫⲉⲟⲩⲁϩⲕ"/>
		<feat xlink:href="#sSpan1177" value="ⲛⲥⲱⲓ"/>
		<feat xlink:href="#sSpan1180" value="ⲛⲅⲕⲱ"/>
		<feat xlink:href="#sSpan1184" value="ⲛⲛⲉⲧⲙⲟⲟⲩⲧ"/>
		<feat xlink:href="#sSpan1190" value="ⲉⲧⲱⲙⲥ"/>
		<feat xlink:href="#sSpan1193" value="ⲛⲛⲉⲩⲣⲉϥⲙⲟⲟⲩⲧ"/>
		<feat xlink:href="#sSpan1200" value="."/>
		<feat xlink:href="#sSpan1202" value="ⲛⲧⲉⲣⲉϥⲁⲗⲉ"/>
		<feat xlink:href="#sSpan1207" value="ⲇⲉ"/>
		<feat xlink:href="#sSpan1209" value="ⲉⲡϫⲟⲓ"/>
		<feat xlink:href="#sSpan1214" value="ⲁⲩⲟⲩⲁϩⲟⲩ"/>
		<feat xlink:href="#sSpan1219" value="ⲛⲥⲱϥ"/>
		<feat xlink:href="#sSpan1222" value="ⲛϭⲓⲛⲉϥⲙⲁⲑⲏⲧⲏⲥ"/>
		<feat xlink:href="#sSpan1227" value="."/>
		<feat xlink:href="#sSpan1229" value="ⲁⲩⲱ"/>
		<feat xlink:href="#sSpan1232" value="ⲉⲓⲥ"/>
		<feat xlink:href="#sSpan1235" value="ϩⲏⲏⲧⲉ"/>
		<feat xlink:href="#sSpan1237" value="ⲉⲓⲥⲟⲩⲛⲟϭ"/>
		<feat xlink:href="#sSpan1242" value="ⲛⲕⲙⲧⲟ"/>
		<feat xlink:href="#sSpan1245" value="ⲁϥϣⲱⲡⲉ"/>
		<feat xlink:href="#sSpan1249" value="ϩⲛⲑⲁⲗⲁⲥⲥⲁ"/>
		<feat xlink:href="#sSpan1254" value="ϩⲱⲥⲧⲉ"/>
		<feat xlink:href="#sSpan1256" value="ⲉⲧⲣⲉⲡϫⲟⲓ"/>
		<feat xlink:href="#sSpan1262" value="ϩⲱⲃⲥ"/>
		<feat xlink:href="#sSpan1264" value="ⲉⲃⲟⲗ"/>
		<feat xlink:href="#sSpan1266" value="ϩⲓⲧⲛⲛϩⲓⲙⲏ"/>
		<feat xlink:href="#sSpan1271" value="."/>
		<feat xlink:href="#sSpan1273" value="ⲛⲧⲟϥ"/>
		<feat xlink:href="#sSpan1275" value="ⲇⲉ"/>
		<feat xlink:href="#sSpan1277" value="ⲛⲉϥⲛⲕⲟⲧⲕ"/>
		<feat xlink:href="#sSpan1281" value="ⲡⲉ"/>
		<feat xlink:href="#sSpan1283" value="."/>
		<feat xlink:href="#sSpan1285" value="ⲁⲩϯⲡⲉⲩⲟⲩⲟⲓ"/>
		<feat xlink:href="#sSpan1292" value="ⲉⲣⲟϥ"/>
		<feat xlink:href="#sSpan1295" value="ⲁⲩⲧⲟⲩⲛⲟⲥϥ"/>
		<feat xlink:href="#sSpan1300" value="ⲉⲩϫⲱ"/>
		<feat xlink:href="#sSpan1304" value="ⲙⲙⲟⲥ"/>
		<feat xlink:href="#sSpan1307" value="ϫⲉⲡϫⲟⲉⲓⲥ"/>
		<feat xlink:href="#sSpan1312" value="ⲙⲁⲧⲁⲛϩⲟⲛ"/>
		<feat xlink:href="#sSpan1315" value="ϫⲉⲧⲛⲛⲁⲃⲱⲕ"/>
		<feat xlink:href="#sSpan1320" value="."/>
		<feat xlink:href="#sSpan1322" value="ⲡⲉϫⲁϥ"/>
		<feat xlink:href="#sSpan1326" value="ⲛⲁⲩ"/>
		<feat xlink:href="#sSpan1329" value="ϫⲉⲁϩⲣⲱⲧⲛ"/>
		<feat xlink:href="#sSpan1333" value="ⲧⲉⲧⲛⲣϩⲟⲧⲉ"/>
		<feat xlink:href="#sSpan1338" value="ⲛⲁⲧⲕⲟⲩⲓ"/>
		<feat xlink:href="#sSpan1343" value="ⲙⲡⲓⲥⲧⲓⲥ"/>
		<feat xlink:href="#sSpan1346" value="."/>
		<feat xlink:href="#sSpan1348" value="ⲧⲟⲧⲉ"/>
		<feat xlink:href="#sSpan1350" value="ⲁϥⲧⲱⲟⲩⲛ"/>
		<feat xlink:href="#sSpan1354" value="ⲁϥⲉⲡⲓⲧⲓⲙⲁ"/>
		<feat xlink:href="#sSpan1358" value="ⲛⲛⲧⲏⲩ"/>
		<feat xlink:href="#sSpan1363" value="ⲙⲛⲑⲁⲗⲁⲥⲥⲁ"/>
		<feat xlink:href="#sSpan1368" value="."/>
		<feat xlink:href="#sSpan1370" value="ⲁⲩⲱ"/>
		<feat xlink:href="#sSpan1372" value="ⲁⲥϣⲱⲡⲉ"/>
		<feat xlink:href="#sSpan1376" value="ⲛϭⲓⲟⲩⲛⲟϭ"/>
		<feat xlink:href="#sSpan1381" value="ⲛϫⲁⲙⲏ"/>
		<feat xlink:href="#sSpan1384" value="."/>
		<feat xlink:href="#sSpan1387" value="ⲛⲣⲱⲙⲉ"/>
		<feat xlink:href="#sSpan1391" value="ⲇⲉ"/>
		<feat xlink:href="#sSpan1393" value="ⲁⲩⲣϣⲡⲏⲣⲉ"/>
		<feat xlink:href="#sSpan1399" value="ⲉⲩϫⲱ"/>
		<feat xlink:href="#sSpan1403" value="ⲙⲙⲟⲥ"/>
		<feat xlink:href="#sSpan1406" value="ϫⲉⲟⲩⲁϣ"/>
		<feat xlink:href="#sSpan1410" value="ⲙⲙⲓⲛⲉ"/>
		<feat xlink:href="#sSpan1413" value="ⲡⲉ"/>
		<feat xlink:href="#sSpan1415" value="ⲡⲁⲓ"/>
		<feat xlink:href="#sSpan1418" value="ϫⲉⲛⲧⲏⲩ"/>
		<feat xlink:href="#sSpan1423" value="ⲙⲛⲑⲁⲗⲁⲥⲥⲁ"/>
		<feat xlink:href="#sSpan1428" value="ⲥⲱⲧⲙ"/>
		<feat xlink:href="#sSpan1431" value="ⲛⲥⲱϥ"/>
		<feat xlink:href="#sSpan1434" value="."/>
		<feat xlink:href="#sSpan1436" value="ⲛⲧⲉⲣⲉϥⲉⲓ"/>
		<feat xlink:href="#sSpan1441" value="ⲇⲉ"/>
		<feat xlink:href="#sSpan1443" value="ⲉⲡⲉⲕⲣⲟ"/>
		<feat xlink:href="#sSpan1448" value="ⲉⲧⲉⲭⲱⲣⲁ"/>
		<feat xlink:href="#sSpan1453" value="ⲛⲛⲅⲉⲣⲁⲍⲏⲛⲟⲥ"/>
		<feat xlink:href="#sSpan1458" value="."/>
		<feat xlink:href="#sSpan1460" value="ⲁⲩⲧⲱⲙⲛⲧ"/>
		<feat xlink:href="#sSpan1466" value="ⲉⲣⲟϥ"/>
		<feat xlink:href="#sSpan1469" value="ⲛϭⲓⲣⲱⲙⲉ"/>
		<feat xlink:href="#sSpan1473" value="ⲥⲛⲁⲩ"/>
		<feat xlink:href="#sSpan1475" value="ⲉⲣⲉϩⲉⲛⲣⲉϥϣⲟⲟⲣ"/>
		<feat xlink:href="#sSpan1482" value="ϩⲓⲱⲟⲩ"/>
		<feat xlink:href="#sSpan1485" value="ⲉⲩⲛⲏⲩ"/>
		<feat xlink:href="#sSpan1490" value="ⲉⲃⲟⲗ"/>
		<feat xlink:href="#sSpan1492" value="ϩⲛⲛⲉⲙϩⲁⲁⲩ"/>
		<feat xlink:href="#sSpan1497" value="ⲉⲩⲛⲁϣⲧ"/>
		<feat xlink:href="#sSpan1501" value="ⲉⲙⲁⲧⲉ"/>
		<feat xlink:href="#sSpan1503" value="."/>
		<feat xlink:href="#sSpan1505" value="ϩⲱⲥⲧⲉ"/>
		<feat xlink:href="#sSpan1507" value="ⲉⲧⲙⲧⲣⲉⲗⲁⲁⲩ"/>
		<feat xlink:href="#sSpan1513" value="ⲉϣⲉⲓ"/>
		<feat xlink:href="#sSpan1517" value="ⲉⲃⲟⲗ"/>
		<feat xlink:href="#sSpan1519" value="ϩⲛⲧⲉϩⲓⲏ"/>
		<feat xlink:href="#sSpan1524" value="ⲉⲧⲙⲙⲁⲩ"/>
		<feat xlink:href="#sSpan1527" value="."/>
		<feat xlink:href="#sSpan1529" value="ⲁⲩⲱ"/>
		<feat xlink:href="#sSpan1532" value="ⲉⲓⲥ"/>
		<feat xlink:href="#sSpan1535" value="ϩⲏⲏⲧⲉ"/>
		<feat xlink:href="#sSpan1537" value="ⲁⲩϫⲓϣⲕⲁⲕ"/>
		<feat xlink:href="#sSpan1543" value="ⲉⲃⲟⲗ"/>
		<feat xlink:href="#sSpan1545" value="ⲉⲩϫⲱ"/>
		<feat xlink:href="#sSpan1549" value="ⲙⲙⲟⲥ"/>
		<feat xlink:href="#sSpan1552" value="ϫⲉⲉⲕⲟⲩⲉϣⲟⲩ"/>
		<feat xlink:href="#sSpan1558" value="ⲛⲙⲙⲁⲛ"/>
		<feat xlink:href="#sSpan1561" value="ⲓⲏⲥⲟⲩⲥ"/>
		<feat xlink:href="#sSpan1564" value="ⲡϣⲏⲣⲉ"/>
		<feat xlink:href="#sSpan1567" value="ⲙⲡⲛⲟⲩⲧⲉ"/>
		<feat xlink:href="#sSpan1572" value="."/>
		<feat xlink:href="#sSpan1574" value="ⲛⲧⲁⲕⲉⲓ"/>
		<feat xlink:href="#sSpan1580" value="ⲉⲡⲉⲓⲙⲁ"/>
		<feat xlink:href="#sSpan1585" value="ⲉⲃⲁⲥⲁⲛⲓⲍⲉ"/>
		<feat xlink:href="#sSpan1588" value="ⲙⲙⲟⲛ"/>
		<feat xlink:href="#sSpan1591" value="ϩⲁⲑⲏ"/>
		<feat xlink:href="#sSpan1596" value="ⲙⲡⲉⲩⲟⲉⲓϣ"/>
		<feat xlink:href="#sSpan1601" value="."/>
		<feat xlink:href="#sSpan1603" value="ⲛⲉⲩⲛⲟⲩⲁⲅⲉⲗⲏ"/>
		<feat xlink:href="#sSpan1610" value="ⲇⲉ"/>
		<feat xlink:href="#sSpan1612" value="ⲛⲣⲓⲣ"/>
		<feat xlink:href="#sSpan1615" value="ⲉⲛⲁϣⲱⲟⲩ"/>
		<feat xlink:href="#sSpan1619" value="ⲟⲩⲏⲩ"/>
		<feat xlink:href="#sSpan1621" value="ⲙⲙⲟⲟⲩ"/>
		<feat xlink:href="#sSpan1624" value="ⲉⲩⲙⲟⲟⲛⲉ"/>
		<feat xlink:href="#sSpan1628" value="ⲙⲙⲟⲥ"/>
		<feat xlink:href="#sSpan1631" value="."/>
		<feat xlink:href="#sSpan1634" value="ⲛⲣⲉϥϣⲟⲟⲣ"/>
		<feat xlink:href="#sSpan1640" value="ⲇⲉ"/>
		<feat xlink:href="#sSpan1642" value="ⲁⲩⲥⲡⲥⲱⲡϥ"/>
		<feat xlink:href="#sSpan1647" value="ⲉⲩϫⲱ"/>
		<feat xlink:href="#sSpan1651" value="ⲙⲙⲟⲥ"/>
		<feat xlink:href="#sSpan1654" value="ϫⲉⲉϣϫⲉ"/>
		<feat xlink:href="#sSpan1657" value="ⲕⲛⲁⲛⲟϫⲛ"/>
		<feat xlink:href="#sSpan1662" value="ⲉⲃⲟⲗ"/>
		<feat xlink:href="#sSpan1665" value="ⲙⲁϫⲟⲟⲩⲛ"/>
		<feat xlink:href="#sSpan1668" value="ⲉϩⲟⲩⲛ"/>
		<feat xlink:href="#sSpan1670" value="ⲉⲧⲁⲅⲉⲗⲏ"/>
		<feat xlink:href="#sSpan1675" value="ⲛⲉϣⲁⲩ"/>
		<feat xlink:href="#sSpan1679" value="."/>
		<feat xlink:href="#sSpan1681" value="ⲡⲉϫⲁϥ"/>
		<feat xlink:href="#sSpan1685" value="ⲛⲁⲩ"/>
		<feat xlink:href="#sSpan1688" value="ϫⲉⲃⲱⲕ"/>
		<feat xlink:href="#sSpan1691" value="ⲛⲧⲟⲟⲩ"/>
		<feat xlink:href="#sSpan1693" value="ⲇⲉ"/>
		<feat xlink:href="#sSpan1695" value="ⲁⲩⲉⲓ"/>
		<feat xlink:href="#sSpan1700" value="ⲉⲃⲟⲗ"/>
		<feat xlink:href="#sSpan1702" value="ⲁⲩⲃⲱⲕ"/>
		<feat xlink:href="#sSpan1707" value="ⲉϩⲟⲩⲛ"/>
		<feat xlink:href="#sSpan1709" value="ⲉⲛⲉϣⲁⲩ"/>
		<feat xlink:href="#sSpan1714" value="ⲁⲩⲱ"/>
		<feat xlink:href="#sSpan1716" value="ⲉⲓⲥ"/>
		<feat xlink:href="#sSpan1719" value="ϩⲏⲏⲧⲉ"/>
		<feat xlink:href="#sSpan1721" value="ⲁⲥϯⲡⲉⲥⲟⲩⲟⲓ"/>
		<feat xlink:href="#sSpan1727" value="ⲛϭⲓⲧⲁⲅⲉⲗⲏ"/>
		<feat xlink:href="#sSpan1732" value="ⲧⲏⲣⲥ"/>
		<feat xlink:href="#sSpan1735" value="ⲉϩⲣⲁⲓ"/>
		<feat xlink:href="#sSpan1737" value="ⲉϫⲛⲧϣⲱⲙⲉ"/>
		<feat xlink:href="#sSpan1742" value="ⲉⲡⲉⲥⲏⲧ"/>
		<feat xlink:href="#sSpan1746" value="ⲉⲑⲁⲗⲁⲥⲥⲁ"/>
		<feat xlink:href="#sSpan1750" value="ⲁⲩⲱ"/>
		<feat xlink:href="#sSpan1752" value="ⲁⲩⲙⲟⲩ"/>
		<feat xlink:href="#sSpan1756" value="ϩⲣⲁⲓ"/>
		<feat xlink:href="#sSpan1759" value="ϩⲛⲙⲙⲟⲟⲩ"/>
		<feat xlink:href="#sSpan1763" value="."/>
		<feat xlink:href="#sSpan1765" value="ⲛⲉⲧⲙⲟⲟⲛⲉ"/>
		<feat xlink:href="#sSpan1771" value="ⲇⲉ"/>
		<feat xlink:href="#sSpan1773" value="ⲙⲙⲟⲟⲩ"/>
		<feat xlink:href="#sSpan1776" value="ⲁⲩⲡⲱⲧ"/>
		<feat xlink:href="#sSpan1780" value="ⲁⲩⲃⲱⲕ"/>
		<feat xlink:href="#sSpan1785" value="ⲉϩⲣⲁⲓ"/>
		<feat xlink:href="#sSpan1787" value="ⲉⲧⲡⲟⲗⲓⲥ"/>
		<feat xlink:href="#sSpan1792" value="."/>
		<feat xlink:href="#sSpan1794" value="ⲁⲩϫⲱ"/>
		<feat xlink:href="#sSpan1798" value="ⲛϩⲱⲃ"/>
		<feat xlink:href="#sSpan1803" value="ⲛⲓⲙ"/>
		<feat xlink:href="#sSpan1805" value="ⲙⲛⲛⲁⲛⲉⲧⲟ"/>
		<feat xlink:href="#sSpan1813" value="ⲛⲇⲁⲓⲙⲱⲛⲓⲟⲛ"/>
		<feat xlink:href="#sSpan1817" value="."/>
		<feat xlink:href="#sSpan1819" value="ⲁⲩⲱ"/>
		<feat xlink:href="#sSpan1822" value="ⲉⲓⲥ"/>
		<feat xlink:href="#sSpan1825" value="ϩⲏⲏⲧⲉ"/>
		<feat xlink:href="#sSpan1827" value="ⲉⲓⲥⲧⲡⲟⲗⲓⲥ"/>
		<feat xlink:href="#sSpan1832" value="ⲧⲏⲣⲥ"/>
		<feat xlink:href="#sSpan1835" value="ⲁⲥⲉⲓ"/>
		<feat xlink:href="#sSpan1840" value="ⲉⲃⲟⲗ"/>
		<feat xlink:href="#sSpan1842" value="ⲉⲧⲱⲙⲛⲧ"/>
		<feat xlink:href="#sSpan1847" value="ⲉⲓⲏⲥⲟⲩⲥ"/>
		<feat xlink:href="#sSpan1851" value="."/>
		<feat xlink:href="#sSpan1853" value="ⲛⲧⲉⲣⲟⲩⲛⲁⲩ"/>
		<feat xlink:href="#sSpan1857" value="ⲇⲉ"/>
		<feat xlink:href="#sSpan1859" value="ⲉⲣⲟϥ"/>
		<feat xlink:href="#sSpan1862" value="ⲁⲩⲥⲡⲥⲱⲡϥ"/>
		<feat xlink:href="#sSpan1867" value="ϫⲉⲕⲁⲁⲥ"/>
		<feat xlink:href="#sSpan1869" value="ⲉϥⲉⲡⲱⲱⲛⲉ"/>
		<feat xlink:href="#sSpan1873" value="ⲉⲃⲟⲗ"/>
		<feat xlink:href="#sSpan1875" value="ϩⲛⲛⲉⲩⲧⲟϣ"/>
		<feat xlink:href="#sSpan1880" value="."/></featList></paula>