<?xml version='1.0' encoding='UTF-8'?><!DOCTYPE paula SYSTEM "paula_feat.dtd">
<paula version="1.1">
	<header paula_id="scriptorium.40_Matthew_08.mark_orig"/>
	<featList xmlns:xlink="http://www.w3.org/1999/xlink" type="orig" xml:base="scriptorium.40_Matthew_08.mark.xml">
		<feat xlink:href="#sSpan1" value="ⲉ"/>
		<feat xlink:href="#sSpan4" value="ϥ"/>
		<feat xlink:href="#sSpan5" value="ⲛⲏⲩ"/>
		<feat xlink:href="#sSpan6" value="ⲇⲉ"/>
		<feat xlink:href="#sSpan8" value="ⲉ"/>
		<feat xlink:href="#sSpan10" value="ⲡ"/>
		<feat xlink:href="#sSpan11" value="ⲉⲥⲏⲧ"/>
		<feat xlink:href="#sSpan12" value="ϩⲓ"/>
		<feat xlink:href="#sSpan14" value="ⲡ"/>
		<feat xlink:href="#sSpan16" value="ⲧⲟⲟⲩ"/>
		<feat xlink:href="#sSpan17" value="ⲁ"/>
		<feat xlink:href="#sSpan19" value="ⲩ"/>
		<feat xlink:href="#sSpan20" value="ⲟⲩⲁϩ"/>
		<feat xlink:href="#sSpan21" value="ⲟⲩ"/>
		<feat xlink:href="#sSpan22" value="ⲛⲥⲱ"/>
		<feat xlink:href="#sSpan24" value="ϥ"/>
		<feat xlink:href="#sSpan25" value="ⲛϭⲓ"/>
		<feat xlink:href="#sSpan27" value="ϩⲉⲛ"/>
		<feat xlink:href="#sSpan29" value="ⲙⲏⲏϣⲉ"/>
		<feat xlink:href="#sSpan30" value="ⲉ"/>
		<feat xlink:href="#sSpan32" value="ⲛⲁϣⲱ"/>
		<feat xlink:href="#sSpan33" value="ⲟⲩ"/>
		<feat xlink:href="#sSpan34" value="."/>
		<feat xlink:href="#sSpan36" value="ⲁⲩⲱ"/>
		<feat xlink:href="#sSpan39" value="ⲉⲓⲥ"/>
		<feat xlink:href="#sSpan42" value="ϩⲏⲏⲧⲉ"/>
		<feat xlink:href="#sSpan44" value="ⲉ"/>
		<feat xlink:href="#sSpan46" value="ⲓ"/>
		<feat xlink:href="#sSpan48" value="ⲥⲟⲩⲁ"/>
		<feat xlink:href="#sSpan50" value="ⲉ"/>
		<feat xlink:href="#sSpan52" value="ϥ"/>
		<feat xlink:href="#sSpan53" value="ⲥⲟⲃϩ"/>
		<feat xlink:href="#sSpan54" value="ⲁ"/>
		<feat xlink:href="#sSpan56" value="ϥ"/>
		<feat xlink:href="#sSpan57" value="ϯ"/>
		<feat xlink:href="#sSpan59" value="ⲡⲉϥ"/>
		<feat xlink:href="#sSpan60" value="ⲟⲩⲟⲓ"/>
		<feat xlink:href="#sSpan61" value="ⲉⲣⲟ"/>
		<feat xlink:href="#sSpan63" value="ϥ"/>
		<feat xlink:href="#sSpan64" value="ⲁ"/>
		<feat xlink:href="#sSpan66" value="ϥ"/>
		<feat xlink:href="#sSpan67" value="ⲟⲩⲱϣⲧ"/>
		<feat xlink:href="#sSpan68" value="ⲛⲁ"/>
		<feat xlink:href="#sSpan70" value="ϥ"/>
		<feat xlink:href="#sSpan71" value="ⲉ"/>
		<feat xlink:href="#sSpan73" value="ϥ"/>
		<feat xlink:href="#sSpan74" value="ϫⲱ"/>
		<feat xlink:href="#sSpan75" value="ⲙⲙⲟ"/>
		<feat xlink:href="#sSpan77" value="ⲥ"/>
		<feat xlink:href="#sSpan78" value="ϫⲉ"/>
		<feat xlink:href="#sSpan80" value="ⲡ"/>
		<feat xlink:href="#sSpan82" value="ϫⲟⲉⲓⲥ"/>
		<feat xlink:href="#sSpan83" value="ⲉⲕϣⲁⲛ"/>
		<feat xlink:href="#sSpan85" value="ⲟⲩⲱϣ"/>
		<feat xlink:href="#sSpan86" value="ⲟⲩⲛ"/>
		<feat xlink:href="#sSpan89" value="ϣϭⲟⲙ"/>
		<feat xlink:href="#sSpan91" value="ⲙⲙⲟ"/>
		<feat xlink:href="#sSpan93" value="ⲕ"/>
		<feat xlink:href="#sSpan94" value="ⲉ"/>
		<feat xlink:href="#sSpan96" value="ⲧⲃⲃⲟ"/>
		<feat xlink:href="#sSpan97" value="ⲓ"/>
		<feat xlink:href="#sSpan98" value="."/>
		<feat xlink:href="#sSpan100" value="ⲁ"/>
		<feat xlink:href="#sSpan103" value="ϥ"/>
		<feat xlink:href="#sSpan104" value="ⲥⲟⲟⲩⲧⲛ"/>
		<feat xlink:href="#sSpan105" value="ⲇⲉ"/>
		<feat xlink:href="#sSpan107" value="ⲛ"/>
		<feat xlink:href="#sSpan109" value="ⲧⲉϥ"/>
		<feat xlink:href="#sSpan111" value="ϭⲓϫ"/>
		<feat xlink:href="#sSpan112" value="ⲉⲃⲟⲗ"/>
		<feat xlink:href="#sSpan114" value="ⲁ"/>
		<feat xlink:href="#sSpan116" value="ϥ"/>
		<feat xlink:href="#sSpan117" value="ϫⲱϩ"/>
		<feat xlink:href="#sSpan118" value="ⲉⲣⲟ"/>
		<feat xlink:href="#sSpan120" value="ϥ"/>
		<feat xlink:href="#sSpan121" value="ⲉ"/>
		<feat xlink:href="#sSpan123" value="ϥ"/>
		<feat xlink:href="#sSpan124" value="ϫⲱ"/>
		<feat xlink:href="#sSpan125" value="ⲙⲙⲟ"/>
		<feat xlink:href="#sSpan127" value="ⲥ"/>
		<feat xlink:href="#sSpan128" value="ϫⲉ"/>
		<feat xlink:href="#sSpan130" value="ϯ"/>
		<feat xlink:href="#sSpan131" value="ⲟⲩⲱϣ"/>
		<feat xlink:href="#sSpan132" value="ⲧⲃⲃⲟ"/>
		<feat xlink:href="#sSpan134" value="."/>
		<feat xlink:href="#sSpan136" value="ⲁⲩⲱ"/>
		<feat xlink:href="#sSpan138" value="ⲛ"/>
		<feat xlink:href="#sSpan140" value="ⲧⲉ"/>
		<feat xlink:href="#sSpan141" value="ⲩⲛⲟⲩ"/>
		<feat xlink:href="#sSpan142" value="ⲁ"/>
		<feat xlink:href="#sSpan144" value="ϥ"/>
		<feat xlink:href="#sSpan145" value="ⲧⲃⲃⲟ"/>
		<feat xlink:href="#sSpan146" value="ⲛϭⲓ"/>
		<feat xlink:href="#sSpan148" value="ⲡⲉϥ"/>
		<feat xlink:href="#sSpan150" value="ⲥⲱⲃϩ"/>
		<feat xlink:href="#sSpan151" value="."/>
		<feat xlink:href="#sSpan153" value="ⲡⲉϫⲁ"/>
		<feat xlink:href="#sSpan156" value="ϥ"/>
		<feat xlink:href="#sSpan157" value="ⲛⲁ"/>
		<feat xlink:href="#sSpan159" value="ϥ"/>
		<feat xlink:href="#sSpan160" value="ⲛϭⲓ"/>
		<feat xlink:href="#sSpan162" value="ⲓⲏⲥⲟⲩⲥ"/>
		<feat xlink:href="#sSpan164" value="ϫⲉ"/>
		<feat xlink:href="#sSpan166" value="ϭⲱϣⲧ"/>
		<feat xlink:href="#sSpan167" value="ⲙⲡⲣ"/>
		<feat xlink:href="#sSpan169" value="ϫⲟⲟ"/>
		<feat xlink:href="#sSpan170" value="ⲥ"/>
		<feat xlink:href="#sSpan171" value="ⲉ"/>
		<feat xlink:href="#sSpan173" value="ⲗⲁⲁⲩ"/>
		<feat xlink:href="#sSpan175" value="."/>
		<feat xlink:href="#sSpan177" value="ⲁⲗⲗⲁ"/>
		<feat xlink:href="#sSpan179" value="ⲃⲱⲕ"/>
		<feat xlink:href="#sSpan181" value="ⲛ"/>
		<feat xlink:href="#sSpan183" value="ⲅ"/>
		<feat xlink:href="#sSpan184" value="ⲧⲟⲩⲟ"/>
		<feat xlink:href="#sSpan185" value="ⲕ"/>
		<feat xlink:href="#sSpan186" value="ⲉ"/>
		<feat xlink:href="#sSpan188" value="ⲡ"/>
		<feat xlink:href="#sSpan190" value="ⲟⲩⲏⲏⲃ"/>
		<feat xlink:href="#sSpan191" value="."/>
		<feat xlink:href="#sSpan193" value="ⲛ"/>
		<feat xlink:href="#sSpan195" value="ⲅ"/>
		<feat xlink:href="#sSpan196" value="ⲧⲁⲗⲟ"/>
		<feat xlink:href="#sSpan198" value="ⲉϩⲣⲁⲓ"/>
		<feat xlink:href="#sSpan200" value="ⲙ"/>
		<feat xlink:href="#sSpan202" value="ⲡⲉⲕ"/>
		<feat xlink:href="#sSpan204" value="ⲇⲱⲣⲟⲛ"/>
		<feat xlink:href="#sSpan205" value="ⲕⲁⲧⲁ"/>
		<feat xlink:href="#sSpan207" value="ⲧ"/>
		<feat xlink:href="#sSpan208" value="ϩⲉ"/>
		<feat xlink:href="#sSpan209" value="ⲛⲧ"/>
		<feat xlink:href="#sSpan211" value="ⲁ"/>
		<feat xlink:href="#sSpan212" value="ϥ"/>
		<feat xlink:href="#sSpan214" value="ⲟⲩⲉϩⲥⲁϩⲛⲉ"/>
		<feat xlink:href="#sSpan216" value="ⲙⲙⲟ"/>
		<feat xlink:href="#sSpan218" value="ⲥ"/>
		<feat xlink:href="#sSpan219" value="ⲛϭⲓ"/>
		<feat xlink:href="#sSpan221" value="ⲙⲱⲩⲥⲏⲥ"/>
		<feat xlink:href="#sSpan223" value="ⲉ"/>
		<feat xlink:href="#sSpan225" value="ⲩ"/>
		<feat xlink:href="#sSpan228" value="ⲙⲛⲧⲙⲛⲧⲣⲉ"/>
		<feat xlink:href="#sSpan230" value="ⲛⲁ"/>
		<feat xlink:href="#sSpan232" value="ⲩ"/>
		<feat xlink:href="#sSpan233" value="."/>
		<feat xlink:href="#sSpan235" value="ⲛⲧⲉⲣⲉ"/>
		<feat xlink:href="#sSpan238" value="ϥ"/>
		<feat xlink:href="#sSpan239" value="ⲃⲱⲕ"/>
		<feat xlink:href="#sSpan240" value="ⲇⲉ"/>
		<feat xlink:href="#sSpan242" value="ⲉϩⲟⲩⲛ"/>
		<feat xlink:href="#sSpan244" value="ⲉ"/>
		<feat xlink:href="#sSpan246" value="ⲕⲁⲫⲁⲣⲛⲁⲟⲩⲙ"/>
		<feat xlink:href="#sSpan248" value="ⲁ"/>
		<feat xlink:href="#sSpan250" value="ϥ"/>
		<feat xlink:href="#sSpan251" value="ϯ"/>
		<feat xlink:href="#sSpan253" value="ⲡⲉϥ"/>
		<feat xlink:href="#sSpan254" value="ⲟⲩⲟⲓ"/>
		<feat xlink:href="#sSpan255" value="ⲉⲣⲟ"/>
		<feat xlink:href="#sSpan257" value="ϥ"/>
		<feat xlink:href="#sSpan258" value="ⲛϭⲓ"/>
		<feat xlink:href="#sSpan260" value="ⲟⲩ"/>
		<feat xlink:href="#sSpan262" value="ϩⲉⲕⲁⲧⲟⲛⲧⲁⲣⲭⲟⲥ"/>
		<feat xlink:href="#sSpan263" value="ⲉ"/>
		<feat xlink:href="#sSpan265" value="ϥ"/>
		<feat xlink:href="#sSpan266" value="ⲡⲁⲣⲁⲕⲁⲗⲉⲓ"/>
		<feat xlink:href="#sSpan267" value="ⲙⲙⲟ"/>
		<feat xlink:href="#sSpan269" value="ϥ"/>
		<feat xlink:href="#sSpan270" value="ⲉ"/>
		<feat xlink:href="#sSpan273" value="ϥ"/>
		<feat xlink:href="#sSpan274" value="ϫⲱ"/>
		<feat xlink:href="#sSpan275" value="ⲙⲙⲟ"/>
		<feat xlink:href="#sSpan277" value="ⲥ"/>
		<feat xlink:href="#sSpan278" value="ϫⲉ"/>
		<feat xlink:href="#sSpan280" value="ⲡ"/>
		<feat xlink:href="#sSpan282" value="ϫⲟⲉⲓⲥ"/>
		<feat xlink:href="#sSpan283" value="ⲡⲁ"/>
		<feat xlink:href="#sSpan286" value="ϣⲏⲣⲉ"/>
		<feat xlink:href="#sSpan287" value="ⲛⲏϫ"/>
		<feat xlink:href="#sSpan289" value="ϩⲣⲁⲓ"/>
		<feat xlink:href="#sSpan292" value="ϩⲙ"/>
		<feat xlink:href="#sSpan294" value="ⲡⲁ"/>
		<feat xlink:href="#sSpan296" value="ⲏⲓ"/>
		<feat xlink:href="#sSpan297" value="ⲉ"/>
		<feat xlink:href="#sSpan299" value="ϥ"/>
		<feat xlink:href="#sSpan300" value="ⲥⲏϭ"/>
		<feat xlink:href="#sSpan301" value="."/>
		<feat xlink:href="#sSpan303" value="ⲁⲩⲱ"/>
		<feat xlink:href="#sSpan305" value="ⲉ"/>
		<feat xlink:href="#sSpan307" value="ϥ"/>
		<feat xlink:href="#sSpan308" value="ⲃⲁⲥⲁⲛⲓⲍⲉ"/>
		<feat xlink:href="#sSpan309" value="ⲉⲙⲁⲧⲉ"/>
		<feat xlink:href="#sSpan311" value="."/>
		<feat xlink:href="#sSpan313" value="ⲡⲉϫⲁ"/>
		<feat xlink:href="#sSpan316" value="ϥ"/>
		<feat xlink:href="#sSpan317" value="ⲛⲁ"/>
		<feat xlink:href="#sSpan319" value="ϥ"/>
		<feat xlink:href="#sSpan320" value="ⲛϭⲓ"/>
		<feat xlink:href="#sSpan322" value="ⲓⲏⲥⲟⲩⲥ"/>
		<feat xlink:href="#sSpan324" value="ϫⲉ"/>
		<feat xlink:href="#sSpan326" value="ⲁⲛⲟⲕ"/>
		<feat xlink:href="#sSpan327" value="ϯ"/>
		<feat xlink:href="#sSpan329" value="ⲛⲏⲩ"/>
		<feat xlink:href="#sSpan330" value="ⲧⲁⲣ"/>
		<feat xlink:href="#sSpan332" value="ⲡⲁϩⲣⲉ"/>
		<feat xlink:href="#sSpan333" value="ⲉⲣⲟ"/>
		<feat xlink:href="#sSpan335" value="ϥ"/>
		<feat xlink:href="#sSpan336" value="."/>
		<feat xlink:href="#sSpan338" value="ⲁ"/>
		<feat xlink:href="#sSpan341" value="ϥ"/>
		<feat xlink:href="#sSpan342" value="ⲟⲩⲱϣⲃ"/>
		<feat xlink:href="#sSpan343" value="ⲇⲉ"/>
		<feat xlink:href="#sSpan345" value="ⲛϭⲓ"/>
		<feat xlink:href="#sSpan347" value="ⲡ"/>
		<feat xlink:href="#sSpan349" value="ϩⲉⲕⲁⲧⲟⲛⲧⲁⲣⲭⲟⲥ"/>
		<feat xlink:href="#sSpan350" value="ⲉ"/>
		<feat xlink:href="#sSpan352" value="ϥ"/>
		<feat xlink:href="#sSpan353" value="ϫⲱ"/>
		<feat xlink:href="#sSpan354" value="ⲙⲙⲟ"/>
		<feat xlink:href="#sSpan356" value="ⲥ"/>
		<feat xlink:href="#sSpan357" value="ϫⲉ"/>
		<feat xlink:href="#sSpan359" value="ⲡ"/>
		<feat xlink:href="#sSpan361" value="ϫⲟⲉⲓⲥ"/>
		<feat xlink:href="#sSpan362" value="ⲛ"/>
		<feat xlink:href="#sSpan364" value="ϯ"/>
		<feat xlink:href="#sSpan365" value="ⲙⲡϣⲁ"/>
		<feat xlink:href="#sSpan366" value="ⲁⲛ"/>
		<feat xlink:href="#sSpan368" value="ϫⲉⲕⲁⲁⲥ"/>
		<feat xlink:href="#sSpan370" value="ⲉⲕⲉ"/>
		<feat xlink:href="#sSpan372" value="ⲉⲓ"/>
		<feat xlink:href="#sSpan374" value="ⲉϩⲟⲩⲛ"/>
		<feat xlink:href="#sSpan376" value="ϩⲁ"/>
		<feat xlink:href="#sSpan378" value="ⲧⲁ"/>
		<feat xlink:href="#sSpan380" value="ⲟⲩⲉϩⲥⲟⲓ"/>
		<feat xlink:href="#sSpan381" value="."/>
		<feat xlink:href="#sSpan383" value="ⲁⲗⲗⲁ"/>
		<feat xlink:href="#sSpan385" value="ⲁϫⲓ"/>
		<feat xlink:href="#sSpan387" value="ⲥ"/>
		<feat xlink:href="#sSpan388" value="ⲙⲙⲁⲧⲉ"/>
		<feat xlink:href="#sSpan390" value="ϩⲙ"/>
		<feat xlink:href="#sSpan392" value="ⲡ"/>
		<feat xlink:href="#sSpan394" value="ϣⲁϫⲉ"/>
		<feat xlink:href="#sSpan395" value="ⲁⲩⲱ"/>
		<feat xlink:href="#sSpan397" value="ϥ"/>
		<feat xlink:href="#sSpan399" value="ⲛⲁ"/>
		<feat xlink:href="#sSpan400" value="ⲗⲟ"/>
		<feat xlink:href="#sSpan401" value="."/>
		<feat xlink:href="#sSpan403" value="ⲕⲁⲓ"/>
		<feat xlink:href="#sSpan407" value="ⲅⲁⲣ"/>
		<feat xlink:href="#sSpan409" value="ⲁⲛⲟⲕ"/>
		<feat xlink:href="#sSpan411" value="ⲁⲛⲅ"/>
		<feat xlink:href="#sSpan413" value="ⲟⲩ"/>
		<feat xlink:href="#sSpan415" value="ⲣⲱⲙⲉ"/>
		<feat xlink:href="#sSpan416" value="ⲉ"/>
		<feat xlink:href="#sSpan418" value="ⲓ"/>
		<feat xlink:href="#sSpan419" value="ϣⲟⲟⲡ"/>
		<feat xlink:href="#sSpan420" value="ϩⲁ"/>
		<feat xlink:href="#sSpan422" value="ⲟⲩ"/>
		<feat xlink:href="#sSpan424" value="ⲉⲝⲟⲩⲥⲓⲁ"/>
		<feat xlink:href="#sSpan425" value="ⲉⲣⲉ"/>
		<feat xlink:href="#sSpan427" value="ϩⲉⲛ"/>
		<feat xlink:href="#sSpan429" value="ⲙⲁⲧⲟⲓ"/>
		<feat xlink:href="#sSpan430" value="ϣⲟⲟⲡ"/>
		<feat xlink:href="#sSpan432" value="ϩⲁⲣⲁⲧ"/>
		<feat xlink:href="#sSpan434" value="ϣⲁ"/>
		<feat xlink:href="#sSpan436" value="ⲓ"/>
		<feat xlink:href="#sSpan437" value="ϫⲟⲟ"/>
		<feat xlink:href="#sSpan438" value="ⲥ"/>
		<feat xlink:href="#sSpan439" value="ⲙ"/>
		<feat xlink:href="#sSpan441" value="ⲡⲁⲓ"/>
		<feat xlink:href="#sSpan443" value="ϫⲉ"/>
		<feat xlink:href="#sSpan445" value="ⲃⲱⲕ"/>
		<feat xlink:href="#sSpan446" value="ⲁⲩⲱ"/>
		<feat xlink:href="#sSpan448" value="ϣⲁ"/>
		<feat xlink:href="#sSpan450" value="ϥ"/>
		<feat xlink:href="#sSpan451" value="ⲃⲱⲕ"/>
		<feat xlink:href="#sSpan452" value="ⲁⲩⲱ"/>
		<feat xlink:href="#sSpan454" value="ⲕⲉ"/>
		<feat xlink:href="#sSpan457" value="ⲟⲩⲁ"/>
		<feat xlink:href="#sSpan458" value="ϫⲉ"/>
		<feat xlink:href="#sSpan460" value="ⲁⲙⲟⲩ"/>
		<feat xlink:href="#sSpan461" value="ⲁⲩⲱ"/>
		<feat xlink:href="#sSpan463" value="ⲛ"/>
		<feat xlink:href="#sSpan465" value="ϥ"/>
		<feat xlink:href="#sSpan466" value="ⲉⲓ"/>
		<feat xlink:href="#sSpan467" value="ⲁⲩⲱ"/>
		<feat xlink:href="#sSpan469" value="ⲡⲁ"/>
		<feat xlink:href="#sSpan472" value="ϩⲙϩⲁⲗ"/>
		<feat xlink:href="#sSpan473" value="ϫⲉ"/>
		<feat xlink:href="#sSpan475" value="ⲁⲣ"/>
		<feat xlink:href="#sSpan476" value="ⲓ"/>
		<feat xlink:href="#sSpan477" value="ⲡ"/>
		<feat xlink:href="#sSpan479" value="ⲁⲓ"/>
		<feat xlink:href="#sSpan480" value="ⲛ"/>
		<feat xlink:href="#sSpan482" value="ϥ"/>
		<feat xlink:href="#sSpan483" value="ⲁⲁ"/>
		<feat xlink:href="#sSpan484" value="ϥ"/>
		<feat xlink:href="#sSpan485" value="."/>
		<feat xlink:href="#sSpan487" value="ⲁ"/>
		<feat xlink:href="#sSpan490" value="ϥ"/>
		<feat xlink:href="#sSpan491" value="ⲥⲱⲧⲙ"/>
		<feat xlink:href="#sSpan492" value="ⲇⲉ"/>
		<feat xlink:href="#sSpan494" value="ⲛϭⲓ"/>
		<feat xlink:href="#sSpan496" value="ⲓⲏⲥⲟⲩⲥ"/>
		<feat xlink:href="#sSpan498" value="ⲁ"/>
		<feat xlink:href="#sSpan500" value="ϥ"/>
		<feat xlink:href="#sSpan502" value="ⲣϣⲡⲏⲣⲉ"/>
		<feat xlink:href="#sSpan504" value="."/>
		<feat xlink:href="#sSpan506" value="ⲁⲩⲱ"/>
		<feat xlink:href="#sSpan508" value="ⲡⲉϫⲁ"/>
		<feat xlink:href="#sSpan510" value="ϥ"/>
		<feat xlink:href="#sSpan511" value="ⲛ"/>
		<feat xlink:href="#sSpan513" value="ⲛ"/>
		<feat xlink:href="#sSpan515" value="ⲉⲧ"/>
		<feat xlink:href="#sSpan516" value="ⲟⲩⲏϩ"/>
		<feat xlink:href="#sSpan518" value="ⲛⲥⲱ"/>
		<feat xlink:href="#sSpan520" value="ϥ"/>
		<feat xlink:href="#sSpan521" value="."/>
		<feat xlink:href="#sSpan523" value="ϫⲉ"/>
		<feat xlink:href="#sSpan525" value="ϩⲁⲙⲏⲛ"/>
		<feat xlink:href="#sSpan526" value="ϯ"/>
		<feat xlink:href="#sSpan528" value="ϫⲱ"/>
		<feat xlink:href="#sSpan529" value="ⲙⲙⲟ"/>
		<feat xlink:href="#sSpan531" value="ⲥ"/>
		<feat xlink:href="#sSpan532" value="ⲛⲏ"/>
		<feat xlink:href="#sSpan534" value="ⲧⲛ"/>
		<feat xlink:href="#sSpan535" value="ϫⲉ"/>
		<feat xlink:href="#sSpan537" value="ⲙ"/>
		<feat xlink:href="#sSpan538" value="ⲡⲉⲓ"/>
		<feat xlink:href="#sSpan539" value="ϩⲉ"/>
		<feat xlink:href="#sSpan541" value="ⲉ"/>
		<feat xlink:href="#sSpan543" value="ⲡⲓⲥⲧⲓⲥ"/>
		<feat xlink:href="#sSpan545" value="ⲛ"/>
		<feat xlink:href="#sSpan547" value="ⲧⲉⲓ"/>
		<feat xlink:href="#sSpan549" value="ϭⲟⲧ"/>
		<feat xlink:href="#sSpan550" value="ⲛ"/>
		<feat xlink:href="#sSpan552" value="ⲧⲛ"/>
		<feat xlink:href="#sSpan553" value="ⲗⲁⲁⲩ"/>
		<feat xlink:href="#sSpan555" value="ϩⲙ"/>
		<feat xlink:href="#sSpan557" value="ⲡ"/>
		<feat xlink:href="#sSpan559" value="ⲓⲥⲣⲁⲏⲗ"/>
		<feat xlink:href="#sSpan560" value="."/>
		<feat xlink:href="#sSpan562" value="ϯ"/>
		<feat xlink:href="#sSpan565" value="ϫⲱ"/>
		<feat xlink:href="#sSpan566" value="ⲇⲉ"/>
		<feat xlink:href="#sSpan568" value="ⲙⲙⲟ"/>
		<feat xlink:href="#sSpan570" value="ⲥ"/>
		<feat xlink:href="#sSpan571" value="ⲛⲏ"/>
		<feat xlink:href="#sSpan573" value="ⲧⲛ"/>
		<feat xlink:href="#sSpan574" value="ϫⲉ"/>
		<feat xlink:href="#sSpan576" value="ⲟⲩⲛ"/>
		<feat xlink:href="#sSpan577" value="ϩⲁϩ"/>
		<feat xlink:href="#sSpan579" value="ⲛⲏⲩ"/>
		<feat xlink:href="#sSpan582" value="ⲉⲃⲟⲗ"/>
		<feat xlink:href="#sSpan584" value="ϩⲛ"/>
		<feat xlink:href="#sSpan586" value="ⲛⲉ"/>
		<feat xlink:href="#sSpan588" value="ⲙⲁ"/>
		<feat xlink:href="#sSpan589" value="ⲛ"/>
		<feat xlink:href="#sSpan591" value="ϣⲁ"/>
		<feat xlink:href="#sSpan593" value="ⲙⲛ"/>
		<feat xlink:href="#sSpan595" value="ⲙⲙⲁⲛϩⲱⲧⲛ"/>
		<feat xlink:href="#sSpan597" value="ⲛ"/>
		<feat xlink:href="#sSpan599" value="ⲥⲉ"/>
		<feat xlink:href="#sSpan600" value="ⲛⲟϫ"/>
		<feat xlink:href="#sSpan601" value="ⲟⲩ"/>
		<feat xlink:href="#sSpan602" value="ⲙⲛ"/>
		<feat xlink:href="#sSpan604" value="ⲁⲃⲣⲁϩⲁⲙ"/>
		<feat xlink:href="#sSpan606" value="ⲙⲛ"/>
		<feat xlink:href="#sSpan608" value="ⲓⲥⲁⲁⲕ"/>
		<feat xlink:href="#sSpan610" value="ⲙⲛ"/>
		<feat xlink:href="#sSpan612" value="ⲓⲁⲕⲱⲃ"/>
		<feat xlink:href="#sSpan614" value="ϩⲣⲁⲓ"/>
		<feat xlink:href="#sSpan617" value="ϩⲛ"/>
		<feat xlink:href="#sSpan619" value="ⲧ"/>
		<feat xlink:href="#sSpan622" value="ⲙⲛⲧⲣⲣⲟ"/>
		<feat xlink:href="#sSpan624" value="ⲛ"/>
		<feat xlink:href="#sSpan626" value="ⲙ"/>
		<feat xlink:href="#sSpan628" value="ⲡⲏⲩⲉ"/>
		<feat xlink:href="#sSpan629" value="."/>
		<feat xlink:href="#sSpan631" value="ⲛ"/>
		<feat xlink:href="#sSpan635" value="ϣⲏⲣⲉ"/>
		<feat xlink:href="#sSpan636" value="ⲇⲉ"/>
		<feat xlink:href="#sSpan638" value="ⲛ"/>
		<feat xlink:href="#sSpan640" value="ⲧ"/>
		<feat xlink:href="#sSpan643" value="ⲙⲛⲧⲣⲣⲟ"/>
		<feat xlink:href="#sSpan645" value="ⲥⲉ"/>
		<feat xlink:href="#sSpan647" value="ⲛⲁ"/>
		<feat xlink:href="#sSpan648" value="ⲛⲟϫ"/>
		<feat xlink:href="#sSpan649" value="ⲟⲩ"/>
		<feat xlink:href="#sSpan650" value="ⲉⲃⲟⲗ"/>
		<feat xlink:href="#sSpan652" value="ⲉ"/>
		<feat xlink:href="#sSpan654" value="ⲡ"/>
		<feat xlink:href="#sSpan656" value="ⲕⲁⲕⲉ"/>
		<feat xlink:href="#sSpan657" value="ⲉⲧ"/>
		<feat xlink:href="#sSpan659" value="ϩⲓⲃⲟⲗ"/>
		<feat xlink:href="#sSpan660" value="."/>
		<feat xlink:href="#sSpan662" value="ⲉ"/>
		<feat xlink:href="#sSpan664" value="ϥ"/>
		<feat xlink:href="#sSpan665" value="ⲛⲁ"/>
		<feat xlink:href="#sSpan666" value="ϣⲱⲡⲉ"/>
		<feat xlink:href="#sSpan667" value="ⲙⲙⲁⲩ"/>
		<feat xlink:href="#sSpan669" value="ⲛϭⲓ"/>
		<feat xlink:href="#sSpan671" value="ⲡ"/>
		<feat xlink:href="#sSpan673" value="ⲣⲓⲙⲉ"/>
		<feat xlink:href="#sSpan674" value="ⲙⲛ"/>
		<feat xlink:href="#sSpan676" value="ⲡ"/>
		<feat xlink:href="#sSpan678" value="ϭⲁϩϭϩ"/>
		<feat xlink:href="#sSpan679" value="ⲛ"/>
		<feat xlink:href="#sSpan681" value="ⲛ"/>
		<feat xlink:href="#sSpan683" value="ⲟⲃϩⲉ"/>
		<feat xlink:href="#sSpan684" value="."/>
		<feat xlink:href="#sSpan686" value="ⲡⲉϫⲁ"/>
		<feat xlink:href="#sSpan689" value="ϥ"/>
		<feat xlink:href="#sSpan690" value="ⲛϭⲓ"/>
		<feat xlink:href="#sSpan692" value="ⲓⲏⲥⲟⲩⲥ"/>
		<feat xlink:href="#sSpan694" value="ⲙ"/>
		<feat xlink:href="#sSpan696" value="ⲡ"/>
		<feat xlink:href="#sSpan698" value="ϩⲉⲕⲁⲧⲟⲛⲧⲁⲣⲭⲟⲥ"/>
		<feat xlink:href="#sSpan699" value="ϫⲉ"/>
		<feat xlink:href="#sSpan701" value="ⲃⲱⲕ"/>
		<feat xlink:href="#sSpan702" value="ⲛ"/>
		<feat xlink:href="#sSpan704" value="ⲧ"/>
		<feat xlink:href="#sSpan705" value="ϩⲉ"/>
		<feat xlink:href="#sSpan706" value="ⲛⲧ"/>
		<feat xlink:href="#sSpan708" value="ⲁ"/>
		<feat xlink:href="#sSpan709" value="ⲕ"/>
		<feat xlink:href="#sSpan710" value="ⲡⲓⲥⲧⲉⲩⲉ"/>
		<feat xlink:href="#sSpan711" value="ⲙⲁⲣⲉ"/>
		<feat xlink:href="#sSpan713" value="ⲥ"/>
		<feat xlink:href="#sSpan714" value="ϣⲱⲡⲉ"/>
		<feat xlink:href="#sSpan715" value="ⲛⲁ"/>
		<feat xlink:href="#sSpan717" value="ⲕ"/>
		<feat xlink:href="#sSpan718" value="."/>
		<feat xlink:href="#sSpan720" value="ⲁⲩⲱ"/>
		<feat xlink:href="#sSpan722" value="ⲁ"/>
		<feat xlink:href="#sSpan724" value="ϥ"/>
		<feat xlink:href="#sSpan725" value="ⲗⲟ"/>
		<feat xlink:href="#sSpan726" value="ⲛϭⲓ"/>
		<feat xlink:href="#sSpan728" value="ⲡⲉϥ"/>
		<feat xlink:href="#sSpan730" value="ϣⲏⲣⲉ"/>
		<feat xlink:href="#sSpan731" value="ϫⲓⲛ"/>
		<feat xlink:href="#sSpan733" value="ⲧ"/>
		<feat xlink:href="#sSpan735" value="ⲉⲩⲛⲟⲩ"/>
		<feat xlink:href="#sSpan736" value="ⲉⲧ"/>
		<feat xlink:href="#sSpan738" value="ⲙⲙⲁⲩ"/>
		<feat xlink:href="#sSpan739" value="."/>
		<feat xlink:href="#sSpan741" value="ⲁ"/>
		<feat xlink:href="#sSpan744" value="ϥ"/>
		<feat xlink:href="#sSpan745" value="ⲉⲓ"/>
		<feat xlink:href="#sSpan746" value="ⲇⲉ"/>
		<feat xlink:href="#sSpan748" value="ⲛϭⲓ"/>
		<feat xlink:href="#sSpan750" value="ⲓⲏⲥⲟⲩⲥ"/>
		<feat xlink:href="#sSpan752" value="ⲉϩⲣⲁⲓ"/>
		<feat xlink:href="#sSpan754" value="ⲉ"/>
		<feat xlink:href="#sSpan756" value="ⲡ"/>
		<feat xlink:href="#sSpan758" value="ⲏⲓ"/>
		<feat xlink:href="#sSpan759" value="ⲙ"/>
		<feat xlink:href="#sSpan761" value="ⲡⲉⲧⲣⲟⲥ"/>
		<feat xlink:href="#sSpan763" value="."/>
		<feat xlink:href="#sSpan765" value="ⲁ"/>
		<feat xlink:href="#sSpan767" value="ϥ"/>
		<feat xlink:href="#sSpan768" value="ⲛⲁⲩ"/>
		<feat xlink:href="#sSpan769" value="ⲉ"/>
		<feat xlink:href="#sSpan771" value="ⲧⲉϥ"/>
		<feat xlink:href="#sSpan773" value="ϣⲱⲙⲉ"/>
		<feat xlink:href="#sSpan774" value="ⲉ"/>
		<feat xlink:href="#sSpan776" value="ⲥ"/>
		<feat xlink:href="#sSpan777" value="ⲛⲏϫ"/>
		<feat xlink:href="#sSpan778" value="ⲁⲩⲱ"/>
		<feat xlink:href="#sSpan780" value="ⲉ"/>
		<feat xlink:href="#sSpan782" value="ⲥ"/>
		<feat xlink:href="#sSpan783" value="ϩⲏⲙ"/>
		<feat xlink:href="#sSpan784" value="."/>
		<feat xlink:href="#sSpan786" value="ⲁ"/>
		<feat xlink:href="#sSpan789" value="ϥ"/>
		<feat xlink:href="#sSpan790" value="ϫⲱϩ"/>
		<feat xlink:href="#sSpan791" value="ⲇⲉ"/>
		<feat xlink:href="#sSpan793" value="ⲉ"/>
		<feat xlink:href="#sSpan795" value="ⲧⲉⲥ"/>
		<feat xlink:href="#sSpan797" value="ϭⲓϫ"/>
		<feat xlink:href="#sSpan798" value="ⲁ"/>
		<feat xlink:href="#sSpan800" value="ϥ"/>
		<feat xlink:href="#sSpan801" value="ⲕⲁⲁ"/>
		<feat xlink:href="#sSpan802" value="ⲥ"/>
		<feat xlink:href="#sSpan803" value="ⲛϭⲓ"/>
		<feat xlink:href="#sSpan805" value="ⲡⲉ"/>
		<feat xlink:href="#sSpan807" value="ϩⲙⲟⲙ"/>
		<feat xlink:href="#sSpan808" value="."/>
		<feat xlink:href="#sSpan810" value="ⲁ"/>
		<feat xlink:href="#sSpan812" value="ⲥ"/>
		<feat xlink:href="#sSpan813" value="ⲧⲱⲟⲩⲛ"/>
		<feat xlink:href="#sSpan814" value="ⲁ"/>
		<feat xlink:href="#sSpan816" value="ⲥ"/>
		<feat xlink:href="#sSpan817" value="ⲇⲓⲁⲕⲟⲛⲉⲓ"/>
		<feat xlink:href="#sSpan818" value="ⲛⲁ"/>
		<feat xlink:href="#sSpan820" value="ϥ"/>
		<feat xlink:href="#sSpan821" value="."/>
		<feat xlink:href="#sSpan823" value="ⲣⲟⲩϩⲉ"/>
		<feat xlink:href="#sSpan827" value="ⲇⲉ"/>
		<feat xlink:href="#sSpan829" value="ⲛⲧⲉⲣⲉ"/>
		<feat xlink:href="#sSpan831" value="ϥ"/>
		<feat xlink:href="#sSpan832" value="ϣⲱⲡⲉ"/>
		<feat xlink:href="#sSpan833" value="ⲁ"/>
		<feat xlink:href="#sSpan835" value="ⲩ"/>
		<feat xlink:href="#sSpan836" value="ⲉⲓⲛⲉ"/>
		<feat xlink:href="#sSpan837" value="ⲛⲁ"/>
		<feat xlink:href="#sSpan839" value="ϥ"/>
		<feat xlink:href="#sSpan840" value="ⲛ"/>
		<feat xlink:href="#sSpan842" value="ϩⲁϩ"/>
		<feat xlink:href="#sSpan844" value="ⲉ"/>
		<feat xlink:href="#sSpan846" value="ⲩ"/>
		<feat xlink:href="#sSpan847" value="ⲟ"/>
		<feat xlink:href="#sSpan849" value="ⲛ"/>
		<feat xlink:href="#sSpan851" value="ⲇⲁⲓⲙⲱⲛⲓⲟⲛ"/>
		<feat xlink:href="#sSpan853" value="."/>
		<feat xlink:href="#sSpan855" value="ⲁ"/>
		<feat xlink:href="#sSpan857" value="ϥ"/>
		<feat xlink:href="#sSpan858" value="ⲛⲟⲩϫⲉ"/>
		<feat xlink:href="#sSpan860" value="ⲉⲃⲟⲗ"/>
		<feat xlink:href="#sSpan862" value="ⲛ"/>
		<feat xlink:href="#sSpan864" value="ⲛⲉ"/>
		<feat xlink:href="#sSpan866" value="ⲡⲛⲉⲩⲙⲁ"/>
		<feat xlink:href="#sSpan867" value="ⲛ"/>
		<feat xlink:href="#sSpan869" value="ⲁⲕⲁⲑⲁⲣⲧⲟⲛ"/>
		<feat xlink:href="#sSpan870" value="ϩⲙ"/>
		<feat xlink:href="#sSpan872" value="ⲡ"/>
		<feat xlink:href="#sSpan874" value="ϣⲁϫⲉ"/>
		<feat xlink:href="#sSpan875" value="."/>
		<feat xlink:href="#sSpan877" value="ⲁⲩⲱ"/>
		<feat xlink:href="#sSpan879" value="ⲁ"/>
		<feat xlink:href="#sSpan881" value="ϥ"/>
		<feat xlink:href="#sSpan882" value="ⲣⲡⲁϩⲣⲉ"/>
		<feat xlink:href="#sSpan883" value="ⲉ"/>
		<feat xlink:href="#sSpan885" value="ⲟⲩⲟⲛ"/>
		<feat xlink:href="#sSpan888" value="ⲛⲓⲙ"/>
		<feat xlink:href="#sSpan890" value="ⲉⲧ"/>
		<feat xlink:href="#sSpan892" value="ⲙⲟⲕϩ"/>
		<feat xlink:href="#sSpan893" value="."/>
		<feat xlink:href="#sSpan895" value="ϫⲉⲕⲁⲁⲥ"/>
		<feat xlink:href="#sSpan898" value="ⲉϥⲉ"/>
		<feat xlink:href="#sSpan900" value="ϫⲱⲕ"/>
		<feat xlink:href="#sSpan901" value="ⲉⲃⲟⲗ"/>
		<feat xlink:href="#sSpan903" value="ⲛϭⲓ"/>
		<feat xlink:href="#sSpan905" value="ⲡ"/>
		<feat xlink:href="#sSpan907" value="ⲉⲛⲧ"/>
		<feat xlink:href="#sSpan908" value="ⲁ"/>
		<feat xlink:href="#sSpan909" value="ⲩ"/>
		<feat xlink:href="#sSpan910" value="ϫⲟⲟ"/>
		<feat xlink:href="#sSpan911" value="ϥ"/>
		<feat xlink:href="#sSpan912" value="ϩⲓⲧⲛ"/>
		<feat xlink:href="#sSpan914" value="ⲏⲥⲁⲓⲁⲥ"/>
		<feat xlink:href="#sSpan916" value="ⲡⲉ"/>
		<feat xlink:href="#sSpan918" value="ⲡⲣⲟⲫⲏⲧⲏⲥ"/>
		<feat xlink:href="#sSpan919" value="ⲉ"/>
		<feat xlink:href="#sSpan921" value="ϥ"/>
		<feat xlink:href="#sSpan922" value="ϫⲱ"/>
		<feat xlink:href="#sSpan923" value="ⲙⲙⲟ"/>
		<feat xlink:href="#sSpan925" value="ⲥ"/>
		<feat xlink:href="#sSpan926" value="ϫⲉ"/>
		<feat xlink:href="#sSpan928" value="ⲛⲧⲟϥ"/>
		<feat xlink:href="#sSpan929" value="ⲡ"/>
		<feat xlink:href="#sSpan931" value="ⲉⲛⲧ"/>
		<feat xlink:href="#sSpan932" value="ⲁ"/>
		<feat xlink:href="#sSpan933" value="ϥ"/>
		<feat xlink:href="#sSpan934" value="ϫⲓ"/>
		<feat xlink:href="#sSpan935" value="ⲛ"/>
		<feat xlink:href="#sSpan937" value="ⲛ"/>
		<feat xlink:href="#sSpan939" value="ϣⲱⲛⲉ"/>
		<feat xlink:href="#sSpan940" value="ⲁⲩⲱ"/>
		<feat xlink:href="#sSpan942" value="ⲁ"/>
		<feat xlink:href="#sSpan944" value="ϥ"/>
		<feat xlink:href="#sSpan945" value="ⲧⲱⲟⲩⲛ"/>
		<feat xlink:href="#sSpan947" value="ϩⲁ"/>
		<feat xlink:href="#sSpan949" value="ⲛⲉⲛ"/>
		<feat xlink:href="#sSpan951" value="ⲗⲟϫⲗⲉϫ"/>
		<feat xlink:href="#sSpan952" value="."/>
		<feat xlink:href="#sSpan954" value="ⲛⲧⲉⲣⲉ"/>
		<feat xlink:href="#sSpan957" value="ϥ"/>
		<feat xlink:href="#sSpan958" value="ⲛⲁⲩ"/>
		<feat xlink:href="#sSpan959" value="ⲇⲉ"/>
		<feat xlink:href="#sSpan961" value="ⲛϭⲓ"/>
		<feat xlink:href="#sSpan963" value="ⲓⲏⲥⲟⲩⲥ"/>
		<feat xlink:href="#sSpan965" value="ⲉ"/>
		<feat xlink:href="#sSpan967" value="ⲩ"/>
		<feat xlink:href="#sSpan968" value="ⲙⲏⲏϣⲉ"/>
		<feat xlink:href="#sSpan970" value="ⲙ"/>
		<feat xlink:href="#sSpan972" value="ⲡⲉϥ"/>
		<feat xlink:href="#sSpan974" value="ⲕⲱⲧⲉ"/>
		<feat xlink:href="#sSpan975" value="ⲁ"/>
		<feat xlink:href="#sSpan977" value="ϥ"/>
		<feat xlink:href="#sSpan979" value="ⲟⲩⲉϩⲥⲁϩⲛⲉ"/>
		<feat xlink:href="#sSpan981" value="ⲉ"/>
		<feat xlink:href="#sSpan983" value="ⲃⲱⲕ"/>
		<feat xlink:href="#sSpan985" value="ⲉ"/>
		<feat xlink:href="#sSpan987" value="ⲡⲉⲓ"/>
		<feat xlink:href="#sSpan989" value="ⲕⲣⲟ"/>
		<feat xlink:href="#sSpan990" value="."/>
		<feat xlink:href="#sSpan992" value="ⲁ"/>
		<feat xlink:href="#sSpan995" value="ϥ"/>
		<feat xlink:href="#sSpan996" value="ϯ"/>
		<feat xlink:href="#sSpan998" value="ⲡⲉϥ"/>
		<feat xlink:href="#sSpan999" value="ⲟⲩⲟⲓ"/>
		<feat xlink:href="#sSpan1000" value="ⲉⲣⲟ"/>
		<feat xlink:href="#sSpan1002" value="ϥ"/>
		<feat xlink:href="#sSpan1003" value="ⲛϭⲓ"/>
		<feat xlink:href="#sSpan1005" value="ⲟⲩ"/>
		<feat xlink:href="#sSpan1007" value="ⲅⲣⲁⲙⲙⲁⲧⲉⲩⲥ"/>
		<feat xlink:href="#sSpan1008" value="ⲡⲉϫⲁ"/>
		<feat xlink:href="#sSpan1010" value="ϥ"/>
		<feat xlink:href="#sSpan1011" value="ⲛⲁ"/>
		<feat xlink:href="#sSpan1013" value="ϥ"/>
		<feat xlink:href="#sSpan1014" value="."/>
		<feat xlink:href="#sSpan1016" value="ϫⲉ"/>
		<feat xlink:href="#sSpan1018" value="ⲡ"/>
		<feat xlink:href="#sSpan1020" value="ⲥⲁϩ"/>
		<feat xlink:href="#sSpan1021" value="ⲧⲁ"/>
		<feat xlink:href="#sSpan1023" value="ⲟⲩⲁϩⲧ"/>
		<feat xlink:href="#sSpan1024" value="ⲛⲥⲱ"/>
		<feat xlink:href="#sSpan1026" value="ⲕ"/>
		<feat xlink:href="#sSpan1027" value="ⲉ"/>
		<feat xlink:href="#sSpan1029" value="ⲡ"/>
		<feat xlink:href="#sSpan1031" value="ⲙⲁ"/>
		<feat xlink:href="#sSpan1032" value="ⲉ"/>
		<feat xlink:href="#sSpan1034" value="ⲧⲉⲕ"/>
		<feat xlink:href="#sSpan1035" value="ⲛⲁ"/>
		<feat xlink:href="#sSpan1036" value="ⲃⲱⲕ"/>
		<feat xlink:href="#sSpan1038" value="ⲉⲣⲟ"/>
		<feat xlink:href="#sSpan1040" value="ϥ"/>
		<feat xlink:href="#sSpan1041" value="."/>
		<feat xlink:href="#sSpan1043" value="ⲡⲉϫⲁ"/>
		<feat xlink:href="#sSpan1046" value="ϥ"/>
		<feat xlink:href="#sSpan1047" value="ⲛⲁ"/>
		<feat xlink:href="#sSpan1049" value="ϥ"/>
		<feat xlink:href="#sSpan1050" value="ⲛϭⲓ"/>
		<feat xlink:href="#sSpan1052" value="ⲓⲏⲥⲟⲩⲥ"/>
		<feat xlink:href="#sSpan1054" value="ϫⲉ"/>
		<feat xlink:href="#sSpan1056" value="ⲛ"/>
		<feat xlink:href="#sSpan1058" value="ⲃⲁϣⲟⲣ"/>
		<feat xlink:href="#sSpan1059" value="ⲟⲩⲛⲧⲁ"/>
		<feat xlink:href="#sSpan1061" value="ⲩ"/>
		<feat xlink:href="#sSpan1062" value="ⲛⲉⲩ"/>
		<feat xlink:href="#sSpan1065" value="ⲃⲏⲃ"/>
		<feat xlink:href="#sSpan1066" value="."/>
		<feat xlink:href="#sSpan1068" value="ⲁⲩⲱ"/>
		<feat xlink:href="#sSpan1070" value="ⲛ"/>
		<feat xlink:href="#sSpan1072" value="ϩⲁⲗⲁⲁⲧⲉ"/>
		<feat xlink:href="#sSpan1074" value="ⲛ"/>
		<feat xlink:href="#sSpan1076" value="ⲧ"/>
		<feat xlink:href="#sSpan1078" value="ⲡⲉ"/>
		<feat xlink:href="#sSpan1079" value="ⲟⲩⲛⲧⲁ"/>
		<feat xlink:href="#sSpan1081" value="ⲩ"/>
		<feat xlink:href="#sSpan1082" value="ⲛⲉ"/>
		<feat xlink:href="#sSpan1084" value="ⲩ"/>
		<feat xlink:href="#sSpan1085" value="ⲙⲁϩ"/>
		<feat xlink:href="#sSpan1086" value="."/>
		<feat xlink:href="#sSpan1088" value="ⲡ"/>
		<feat xlink:href="#sSpan1091" value="ϣⲏⲣⲉ"/>
		<feat xlink:href="#sSpan1092" value="ⲇⲉ"/>
		<feat xlink:href="#sSpan1094" value="ⲙ"/>
		<feat xlink:href="#sSpan1096" value="ⲡ"/>
		<feat xlink:href="#sSpan1097" value="ⲣⲱⲙⲉ"/>
		<feat xlink:href="#sSpan1098" value="ⲙⲛⲧ"/>
		<feat xlink:href="#sSpan1100" value="ϥ"/>
		<feat xlink:href="#sSpan1101" value="ⲙⲁ"/>
		<feat xlink:href="#sSpan1103" value="ⲛ"/>
		<feat xlink:href="#sSpan1105" value="ⲣⲉⲕⲧⲧⲉϥ"/>
		<feat xlink:href="#sSpan1106" value="ⲁⲡⲉ"/>
		<feat xlink:href="#sSpan1108" value="."/>
		<feat xlink:href="#sSpan1110" value="ⲕⲉ"/>
		<feat xlink:href="#sSpan1114" value="ⲟⲩⲁ"/>
		<feat xlink:href="#sSpan1115" value="ⲇⲉ"/>
		<feat xlink:href="#sSpan1117" value="ⲛ"/>
		<feat xlink:href="#sSpan1119" value="ⲙ"/>
		<feat xlink:href="#sSpan1121" value="ⲙⲁⲑⲏⲧⲏⲥ"/>
		<feat xlink:href="#sSpan1122" value="ⲡⲉϫⲁ"/>
		<feat xlink:href="#sSpan1124" value="ϥ"/>
		<feat xlink:href="#sSpan1125" value="ⲛⲁ"/>
		<feat xlink:href="#sSpan1127" value="ϥ"/>
		<feat xlink:href="#sSpan1128" value="."/>
		<feat xlink:href="#sSpan1130" value="ϫⲉ"/>
		<feat xlink:href="#sSpan1132" value="ⲡ"/>
		<feat xlink:href="#sSpan1134" value="ϫⲟⲉⲓⲥ"/>
		<feat xlink:href="#sSpan1136" value="ⲟⲩⲉϩⲥⲁϩⲛⲉ"/>
		<feat xlink:href="#sSpan1139" value="ⲛⲁ"/>
		<feat xlink:href="#sSpan1141" value="ⲓ"/>
		<feat xlink:href="#sSpan1142" value="ⲛ"/>
		<feat xlink:href="#sSpan1144" value="ϣⲟⲣⲡ"/>
		<feat xlink:href="#sSpan1145" value="ⲧ"/>
		<feat xlink:href="#sSpan1147" value="ⲁⲃⲱⲕ"/>
		<feat xlink:href="#sSpan1148" value="ⲧ"/>
		<feat xlink:href="#sSpan1151" value="ⲁⲧⲱⲙⲥ"/>
		<feat xlink:href="#sSpan1152" value="ⲙ"/>
		<feat xlink:href="#sSpan1154" value="ⲡⲁ"/>
		<feat xlink:href="#sSpan1156" value="ⲉⲓⲱⲧ"/>
		<feat xlink:href="#sSpan1157" value="."/>
		<feat xlink:href="#sSpan1159" value="ⲡⲉϫⲁ"/>
		<feat xlink:href="#sSpan1162" value="ϥ"/>
		<feat xlink:href="#sSpan1163" value="ⲇⲉ"/>
		<feat xlink:href="#sSpan1165" value="ⲛⲁ"/>
		<feat xlink:href="#sSpan1167" value="ϥ"/>
		<feat xlink:href="#sSpan1168" value="ⲛϭⲓ"/>
		<feat xlink:href="#sSpan1170" value="ⲓⲏⲥⲟⲩⲥ"/>
		<feat xlink:href="#sSpan1172" value="ϫⲉ"/>
		<feat xlink:href="#sSpan1174" value="ⲟⲩⲁϩ"/>
		<feat xlink:href="#sSpan1175" value="ⲕ"/>
		<feat xlink:href="#sSpan1176" value="ⲛⲥⲱ"/>
		<feat xlink:href="#sSpan1178" value="ⲓ"/>
		<feat xlink:href="#sSpan1179" value="ⲛ"/>
		<feat xlink:href="#sSpan1181" value="ⲅ"/>
		<feat xlink:href="#sSpan1182" value="ⲕⲱ"/>
		<feat xlink:href="#sSpan1183" value="ⲛ"/>
		<feat xlink:href="#sSpan1185" value="ⲛ"/>
		<feat xlink:href="#sSpan1187" value="ⲉⲧ"/>
		<feat xlink:href="#sSpan1188" value="ⲙⲟⲟⲩⲧ"/>
		<feat xlink:href="#sSpan1189" value="ⲉⲧ"/>
		<feat xlink:href="#sSpan1191" value="ⲱⲙⲥ"/>
		<feat xlink:href="#sSpan1192" value="ⲛ"/>
		<feat xlink:href="#sSpan1194" value="ⲛⲉⲩ"/>
		<feat xlink:href="#sSpan1197" value="ⲣⲉϥⲙⲟⲟⲩⲧ"/>
		<feat xlink:href="#sSpan1199" value="."/>
		<feat xlink:href="#sSpan1201" value="ⲛⲧⲉⲣⲉ"/>
		<feat xlink:href="#sSpan1204" value="ϥ"/>
		<feat xlink:href="#sSpan1205" value="ⲁⲗⲉ"/>
		<feat xlink:href="#sSpan1206" value="ⲇⲉ"/>
		<feat xlink:href="#sSpan1208" value="ⲉ"/>
		<feat xlink:href="#sSpan1210" value="ⲡ"/>
		<feat xlink:href="#sSpan1212" value="ϫⲟⲓ"/>
		<feat xlink:href="#sSpan1213" value="ⲁ"/>
		<feat xlink:href="#sSpan1215" value="ⲩ"/>
		<feat xlink:href="#sSpan1216" value="ⲟⲩⲁϩ"/>
		<feat xlink:href="#sSpan1217" value="ⲟⲩ"/>
		<feat xlink:href="#sSpan1218" value="ⲛⲥⲱ"/>
		<feat xlink:href="#sSpan1220" value="ϥ"/>
		<feat xlink:href="#sSpan1221" value="ⲛϭⲓ"/>
		<feat xlink:href="#sSpan1223" value="ⲛⲉϥ"/>
		<feat xlink:href="#sSpan1225" value="ⲙⲁⲑⲏⲧⲏⲥ"/>
		<feat xlink:href="#sSpan1226" value="."/>
		<feat xlink:href="#sSpan1228" value="ⲁⲩⲱ"/>
		<feat xlink:href="#sSpan1231" value="ⲉⲓⲥ"/>
		<feat xlink:href="#sSpan1234" value="ϩⲏⲏⲧⲉ"/>
		<feat xlink:href="#sSpan1236" value="ⲉⲓⲥ"/>
		<feat xlink:href="#sSpan1238" value="ⲟⲩ"/>
		<feat xlink:href="#sSpan1240" value="ⲛⲟϭ"/>
		<feat xlink:href="#sSpan1241" value="ⲛ"/>
		<feat xlink:href="#sSpan1243" value="ⲕⲙⲧⲟ"/>
		<feat xlink:href="#sSpan1244" value="ⲁ"/>
		<feat xlink:href="#sSpan1246" value="ϥ"/>
		<feat xlink:href="#sSpan1247" value="ϣⲱⲡⲉ"/>
		<feat xlink:href="#sSpan1248" value="ϩⲛ"/>
		<feat xlink:href="#sSpan1250" value="ⲑ"/>
		<feat xlink:href="#sSpan1252" value="ⲁⲗⲁⲥⲥⲁ"/>
		<feat xlink:href="#sSpan1253" value="ϩⲱⲥⲧⲉ"/>
		<feat xlink:href="#sSpan1255" value="ⲉ"/>
		<feat xlink:href="#sSpan1257" value="ⲧⲣⲉ"/>
		<feat xlink:href="#sSpan1258" value="ⲡ"/>
		<feat xlink:href="#sSpan1260" value="ϫⲟⲓ"/>
		<feat xlink:href="#sSpan1261" value="ϩⲱⲃⲥ"/>
		<feat xlink:href="#sSpan1263" value="ⲉⲃⲟⲗ"/>
		<feat xlink:href="#sSpan1265" value="ϩⲓⲧⲛ"/>
		<feat xlink:href="#sSpan1267" value="ⲛ"/>
		<feat xlink:href="#sSpan1269" value="ϩⲓⲙⲏ"/>
		<feat xlink:href="#sSpan1270" value="."/>
		<feat xlink:href="#sSpan1272" value="ⲛⲧⲟϥ"/>
		<feat xlink:href="#sSpan1274" value="ⲇⲉ"/>
		<feat xlink:href="#sSpan1276" value="ⲛⲉ"/>
		<feat xlink:href="#sSpan1278" value="ϥ"/>
		<feat xlink:href="#sSpan1279" value="ⲛⲕⲟⲧⲕ"/>
		<feat xlink:href="#sSpan1280" value="ⲡⲉ"/>
		<feat xlink:href="#sSpan1282" value="."/>
		<feat xlink:href="#sSpan1284" value="ⲁ"/>
		<feat xlink:href="#sSpan1287" value="ⲩ"/>
		<feat xlink:href="#sSpan1288" value="ϯ"/>
		<feat xlink:href="#sSpan1289" value="ⲡⲉⲩ"/>
		<feat xlink:href="#sSpan1290" value="ⲟⲩⲟⲓ"/>
		<feat xlink:href="#sSpan1291" value="ⲉⲣⲟ"/>
		<feat xlink:href="#sSpan1293" value="ϥ"/>
		<feat xlink:href="#sSpan1294" value="ⲁ"/>
		<feat xlink:href="#sSpan1296" value="ⲩ"/>
		<feat xlink:href="#sSpan1297" value="ⲧⲟⲩⲛⲟⲥ"/>
		<feat xlink:href="#sSpan1298" value="ϥ"/>
		<feat xlink:href="#sSpan1299" value="ⲉ"/>
		<feat xlink:href="#sSpan1301" value="ⲩ"/>
		<feat xlink:href="#sSpan1302" value="ϫⲱ"/>
		<feat xlink:href="#sSpan1303" value="ⲙⲙⲟ"/>
		<feat xlink:href="#sSpan1305" value="ⲥ"/>
		<feat xlink:href="#sSpan1306" value="ϫⲉ"/>
		<feat xlink:href="#sSpan1308" value="ⲡ"/>
		<feat xlink:href="#sSpan1310" value="ϫⲟⲉⲓⲥ"/>
		<feat xlink:href="#sSpan1311" value="ⲙⲁⲧⲁⲛϩⲟ"/>
		<feat xlink:href="#sSpan1313" value="ⲛ"/>
		<feat xlink:href="#sSpan1314" value="ϫⲉ"/>
		<feat xlink:href="#sSpan1316" value="ⲧⲛ"/>
		<feat xlink:href="#sSpan1317" value="ⲛⲁ"/>
		<feat xlink:href="#sSpan1318" value="ⲃⲱⲕ"/>
		<feat xlink:href="#sSpan1319" value="."/>
		<feat xlink:href="#sSpan1321" value="ⲡⲉϫⲁ"/>
		<feat xlink:href="#sSpan1324" value="ϥ"/>
		<feat xlink:href="#sSpan1325" value="ⲛⲁ"/>
		<feat xlink:href="#sSpan1327" value="ⲩ"/>
		<feat xlink:href="#sSpan1328" value="ϫⲉ"/>
		<feat xlink:href="#sSpan1330" value="ⲁϩⲣⲱ"/>
		<feat xlink:href="#sSpan1331" value="ⲧⲛ"/>
		<feat xlink:href="#sSpan1332" value="ⲧⲉⲧⲛ"/>
		<feat xlink:href="#sSpan1335" value="ⲣϩⲟⲧⲉ"/>
		<feat xlink:href="#sSpan1337" value="ⲛⲁ"/>
		<feat xlink:href="#sSpan1339" value="ⲧ"/>
		<feat xlink:href="#sSpan1341" value="ⲕⲟⲩⲓ"/>
		<feat xlink:href="#sSpan1342" value="ⲙ"/>
		<feat xlink:href="#sSpan1344" value="ⲡⲓⲥⲧⲓⲥ"/>
		<feat xlink:href="#sSpan1345" value="."/>
		<feat xlink:href="#sSpan1347" value="ⲧⲟⲧⲉ"/>
		<feat xlink:href="#sSpan1349" value="ⲁ"/>
		<feat xlink:href="#sSpan1351" value="ϥ"/>
		<feat xlink:href="#sSpan1352" value="ⲧⲱⲟⲩⲛ"/>
		<feat xlink:href="#sSpan1353" value="ⲁ"/>
		<feat xlink:href="#sSpan1355" value="ϥ"/>
		<feat xlink:href="#sSpan1356" value="ⲉⲡⲓⲧⲓⲙⲁ"/>
		<feat xlink:href="#sSpan1357" value="ⲛ"/>
		<feat xlink:href="#sSpan1359" value="ⲛ"/>
		<feat xlink:href="#sSpan1361" value="ⲧⲏⲩ"/>
		<feat xlink:href="#sSpan1362" value="ⲙⲛ"/>
		<feat xlink:href="#sSpan1364" value="ⲑ"/>
		<feat xlink:href="#sSpan1366" value="ⲁⲗⲁⲥⲥⲁ"/>
		<feat xlink:href="#sSpan1367" value="."/>
		<feat xlink:href="#sSpan1369" value="ⲁⲩⲱ"/>
		<feat xlink:href="#sSpan1371" value="ⲁ"/>
		<feat xlink:href="#sSpan1373" value="ⲥ"/>
		<feat xlink:href="#sSpan1374" value="ϣⲱⲡⲉ"/>
		<feat xlink:href="#sSpan1375" value="ⲛϭⲓ"/>
		<feat xlink:href="#sSpan1377" value="ⲟⲩ"/>
		<feat xlink:href="#sSpan1379" value="ⲛⲟϭ"/>
		<feat xlink:href="#sSpan1380" value="ⲛ"/>
		<feat xlink:href="#sSpan1382" value="ϫⲁⲙⲏ"/>
		<feat xlink:href="#sSpan1383" value="."/>
		<feat xlink:href="#sSpan1385" value="ⲛ"/>
		<feat xlink:href="#sSpan1389" value="ⲣⲱⲙⲉ"/>
		<feat xlink:href="#sSpan1390" value="ⲇⲉ"/>
		<feat xlink:href="#sSpan1392" value="ⲁ"/>
		<feat xlink:href="#sSpan1394" value="ⲩ"/>
		<feat xlink:href="#sSpan1396" value="ⲣϣⲡⲏⲣⲉ"/>
		<feat xlink:href="#sSpan1398" value="ⲉ"/>
		<feat xlink:href="#sSpan1400" value="ⲩ"/>
		<feat xlink:href="#sSpan1401" value="ϫⲱ"/>
		<feat xlink:href="#sSpan1402" value="ⲙⲙⲟ"/>
		<feat xlink:href="#sSpan1404" value="ⲥ"/>
		<feat xlink:href="#sSpan1405" value="ϫⲉ"/>
		<feat xlink:href="#sSpan1407" value="ⲟⲩ"/>
		<feat xlink:href="#sSpan1408" value="ⲁϣ"/>
		<feat xlink:href="#sSpan1409" value="ⲙ"/>
		<feat xlink:href="#sSpan1411" value="ⲙⲓⲛⲉ"/>
		<feat xlink:href="#sSpan1412" value="ⲡⲉ"/>
		<feat xlink:href="#sSpan1414" value="ⲡⲁⲓ"/>
		<feat xlink:href="#sSpan1417" value="ϫⲉ"/>
		<feat xlink:href="#sSpan1419" value="ⲛ"/>
		<feat xlink:href="#sSpan1421" value="ⲧⲏⲩ"/>
		<feat xlink:href="#sSpan1422" value="ⲙⲛ"/>
		<feat xlink:href="#sSpan1424" value="ⲑ"/>
		<feat xlink:href="#sSpan1426" value="ⲁⲗⲁⲥⲥⲁ"/>
		<feat xlink:href="#sSpan1427" value="ⲥⲱⲧⲙ"/>
		<feat xlink:href="#sSpan1430" value="ⲛⲥⲱ"/>
		<feat xlink:href="#sSpan1432" value="ϥ"/>
		<feat xlink:href="#sSpan1433" value="."/>
		<feat xlink:href="#sSpan1435" value="ⲛⲧⲉⲣⲉ"/>
		<feat xlink:href="#sSpan1438" value="ϥ"/>
		<feat xlink:href="#sSpan1439" value="ⲉⲓ"/>
		<feat xlink:href="#sSpan1440" value="ⲇⲉ"/>
		<feat xlink:href="#sSpan1442" value="ⲉ"/>
		<feat xlink:href="#sSpan1444" value="ⲡⲉ"/>
		<feat xlink:href="#sSpan1446" value="ⲕⲣⲟ"/>
		<feat xlink:href="#sSpan1447" value="ⲉ"/>
		<feat xlink:href="#sSpan1449" value="ⲧⲉ"/>
		<feat xlink:href="#sSpan1451" value="ⲭⲱⲣⲁ"/>
		<feat xlink:href="#sSpan1452" value="ⲛ"/>
		<feat xlink:href="#sSpan1454" value="ⲛ"/>
		<feat xlink:href="#sSpan1456" value="ⲅⲉⲣⲁⲍⲏⲛⲟⲥ"/>
		<feat xlink:href="#sSpan1457" value="."/>
		<feat xlink:href="#sSpan1459" value="ⲁ"/>
		<feat xlink:href="#sSpan1461" value="ⲩ"/>
		<feat xlink:href="#sSpan1463" value="ⲧⲱⲙⲛⲧ"/>
		<feat xlink:href="#sSpan1465" value="ⲉⲣⲟ"/>
		<feat xlink:href="#sSpan1467" value="ϥ"/>
		<feat xlink:href="#sSpan1468" value="ⲛϭⲓ"/>
		<feat xlink:href="#sSpan1470" value="ⲣⲱⲙⲉ"/>
		<feat xlink:href="#sSpan1472" value="ⲥⲛⲁⲩ"/>
		<feat xlink:href="#sSpan1474" value="ⲉⲣⲉ"/>
		<feat xlink:href="#sSpan1476" value="ϩⲉⲛ"/>
		<feat xlink:href="#sSpan1479" value="ⲣⲉϥϣⲟⲟⲣ"/>
		<feat xlink:href="#sSpan1481" value="ϩⲓⲱ"/>
		<feat xlink:href="#sSpan1483" value="ⲟⲩ"/>
		<feat xlink:href="#sSpan1484" value="ⲉ"/>
		<feat xlink:href="#sSpan1486" value="ⲩ"/>
		<feat xlink:href="#sSpan1487" value="ⲛⲏⲩ"/>
		<feat xlink:href="#sSpan1489" value="ⲉⲃⲟⲗ"/>
		<feat xlink:href="#sSpan1491" value="ϩⲛ"/>
		<feat xlink:href="#sSpan1493" value="ⲛⲉ"/>
		<feat xlink:href="#sSpan1495" value="ⲙϩⲁⲁⲩ"/>
		<feat xlink:href="#sSpan1496" value="ⲉ"/>
		<feat xlink:href="#sSpan1498" value="ⲩ"/>
		<feat xlink:href="#sSpan1499" value="ⲛⲁϣⲧ"/>
		<feat xlink:href="#sSpan1500" value="ⲉⲙⲁⲧⲉ"/>
		<feat xlink:href="#sSpan1502" value="."/>
		<feat xlink:href="#sSpan1504" value="ϩⲱⲥⲧⲉ"/>
		<feat xlink:href="#sSpan1506" value="ⲉ"/>
		<feat xlink:href="#sSpan1508" value="ⲧⲙ"/>
		<feat xlink:href="#sSpan1509" value="ⲧⲣⲉ"/>
		<feat xlink:href="#sSpan1510" value="ⲗⲁⲁⲩ"/>
		<feat xlink:href="#sSpan1512" value="ⲉϣ"/>
		<feat xlink:href="#sSpan1514" value="ⲉⲓ"/>
		<feat xlink:href="#sSpan1516" value="ⲉⲃⲟⲗ"/>
		<feat xlink:href="#sSpan1518" value="ϩⲛ"/>
		<feat xlink:href="#sSpan1520" value="ⲧⲉ"/>
		<feat xlink:href="#sSpan1522" value="ϩⲓⲏ"/>
		<feat xlink:href="#sSpan1523" value="ⲉⲧ"/>
		<feat xlink:href="#sSpan1525" value="ⲙⲙⲁⲩ"/>
		<feat xlink:href="#sSpan1526" value="."/>
		<feat xlink:href="#sSpan1528" value="ⲁⲩⲱ"/>
		<feat xlink:href="#sSpan1531" value="ⲉⲓⲥ"/>
		<feat xlink:href="#sSpan1534" value="ϩⲏⲏⲧⲉ"/>
		<feat xlink:href="#sSpan1536" value="ⲁ"/>
		<feat xlink:href="#sSpan1538" value="ⲩ"/>
		<feat xlink:href="#sSpan1540" value="ϫⲓϣⲕⲁⲕ"/>
		<feat xlink:href="#sSpan1542" value="ⲉⲃⲟⲗ"/>
		<feat xlink:href="#sSpan1544" value="ⲉ"/>
		<feat xlink:href="#sSpan1546" value="ⲩ"/>
		<feat xlink:href="#sSpan1547" value="ϫⲱ"/>
		<feat xlink:href="#sSpan1548" value="ⲙⲙⲟ"/>
		<feat xlink:href="#sSpan1550" value="ⲥ"/>
		<feat xlink:href="#sSpan1551" value="ϫⲉ"/>
		<feat xlink:href="#sSpan1553" value="ⲉ"/>
		<feat xlink:href="#sSpan1554" value="ⲕ"/>
		<feat xlink:href="#sSpan1555" value="ⲟⲩⲉϣ"/>
		<feat xlink:href="#sSpan1556" value="ⲟⲩ"/>
		<feat xlink:href="#sSpan1557" value="ⲛⲙⲙⲁ"/>
		<feat xlink:href="#sSpan1559" value="ⲛ"/>
		<feat xlink:href="#sSpan1560" value="ⲓⲏⲥⲟⲩⲥ"/>
		<feat xlink:href="#sSpan1563" value="ⲡ"/>
		<feat xlink:href="#sSpan1565" value="ϣⲏⲣⲉ"/>
		<feat xlink:href="#sSpan1566" value="ⲙ"/>
		<feat xlink:href="#sSpan1568" value="ⲡ"/>
		<feat xlink:href="#sSpan1570" value="ⲛⲟⲩⲧⲉ"/>
		<feat xlink:href="#sSpan1571" value="."/>
		<feat xlink:href="#sSpan1573" value="ⲛⲧ"/>
		<feat xlink:href="#sSpan1575" value="ⲁ"/>
		<feat xlink:href="#sSpan1576" value="ⲕ"/>
		<feat xlink:href="#sSpan1577" value="ⲉⲓ"/>
		<feat xlink:href="#sSpan1579" value="ⲉ"/>
		<feat xlink:href="#sSpan1581" value="ⲡⲉⲓ"/>
		<feat xlink:href="#sSpan1583" value="ⲙⲁ"/>
		<feat xlink:href="#sSpan1584" value="ⲉ"/>
		<feat xlink:href="#sSpan1586" value="ⲃⲁⲥⲁⲛⲓⲍⲉ"/>
		<feat xlink:href="#sSpan1587" value="ⲙⲙⲟ"/>
		<feat xlink:href="#sSpan1589" value="ⲛ"/>
		<feat xlink:href="#sSpan1590" value="ϩⲁ"/>
		<feat xlink:href="#sSpan1592" value="ⲑ"/>
		<feat xlink:href="#sSpan1594" value="ⲏ"/>
		<feat xlink:href="#sSpan1595" value="ⲙ"/>
		<feat xlink:href="#sSpan1597" value="ⲡⲉ"/>
		<feat xlink:href="#sSpan1599" value="ⲩⲟⲉⲓϣ"/>
		<feat xlink:href="#sSpan1600" value="."/>
		<feat xlink:href="#sSpan1602" value="ⲛⲉ"/>
		<feat xlink:href="#sSpan1605" value="ⲩⲛ"/>
		<feat xlink:href="#sSpan1606" value="ⲟⲩ"/>
		<feat xlink:href="#sSpan1608" value="ⲁⲅⲉⲗⲏ"/>
		<feat xlink:href="#sSpan1609" value="ⲇⲉ"/>
		<feat xlink:href="#sSpan1611" value="ⲛ"/>
		<feat xlink:href="#sSpan1613" value="ⲣⲓⲣ"/>
		<feat xlink:href="#sSpan1614" value="ⲉ"/>
		<feat xlink:href="#sSpan1616" value="ⲛⲁϣⲱ"/>
		<feat xlink:href="#sSpan1617" value="ⲟⲩ"/>
		<feat xlink:href="#sSpan1618" value="ⲟⲩⲏⲩ"/>
		<feat xlink:href="#sSpan1620" value="ⲙⲙⲟ"/>
		<feat xlink:href="#sSpan1622" value="ⲟⲩ"/>
		<feat xlink:href="#sSpan1623" value="ⲉ"/>
		<feat xlink:href="#sSpan1625" value="ⲩ"/>
		<feat xlink:href="#sSpan1626" value="ⲙⲟⲟⲛⲉ"/>
		<feat xlink:href="#sSpan1627" value="ⲙⲙⲟ"/>
		<feat xlink:href="#sSpan1629" value="ⲥ"/>
		<feat xlink:href="#sSpan1630" value="."/>
		<feat xlink:href="#sSpan1632" value="ⲛ"/>
		<feat xlink:href="#sSpan1637" value="ⲣⲉϥϣⲟⲟⲣ"/>
		<feat xlink:href="#sSpan1639" value="ⲇⲉ"/>
		<feat xlink:href="#sSpan1641" value="ⲁ"/>
		<feat xlink:href="#sSpan1643" value="ⲩ"/>
		<feat xlink:href="#sSpan1644" value="ⲥⲡⲥⲱⲡ"/>
		<feat xlink:href="#sSpan1645" value="ϥ"/>
		<feat xlink:href="#sSpan1646" value="ⲉ"/>
		<feat xlink:href="#sSpan1648" value="ⲩ"/>
		<feat xlink:href="#sSpan1649" value="ϫⲱ"/>
		<feat xlink:href="#sSpan1650" value="ⲙⲙⲟ"/>
		<feat xlink:href="#sSpan1652" value="ⲥ"/>
		<feat xlink:href="#sSpan1653" value="ϫⲉ"/>
		<feat xlink:href="#sSpan1655" value="ⲉϣϫⲉ"/>
		<feat xlink:href="#sSpan1656" value="ⲕ"/>
		<feat xlink:href="#sSpan1658" value="ⲛⲁ"/>
		<feat xlink:href="#sSpan1659" value="ⲛⲟϫ"/>
		<feat xlink:href="#sSpan1660" value="ⲛ"/>
		<feat xlink:href="#sSpan1661" value="ⲉⲃⲟⲗ"/>
		<feat xlink:href="#sSpan1663" value="ⲙⲁ"/>
		<feat xlink:href="#sSpan1666" value="ϫⲟⲟⲩⲛ"/>
		<feat xlink:href="#sSpan1667" value="ⲉϩⲟⲩⲛ"/>
		<feat xlink:href="#sSpan1669" value="ⲉ"/>
		<feat xlink:href="#sSpan1671" value="ⲧ"/>
		<feat xlink:href="#sSpan1673" value="ⲁⲅⲉⲗⲏ"/>
		<feat xlink:href="#sSpan1674" value="ⲛ"/>
		<feat xlink:href="#sSpan1676" value="ⲉϣⲁⲩ"/>
		<feat xlink:href="#sSpan1678" value="."/>
		<feat xlink:href="#sSpan1680" value="ⲡⲉϫⲁ"/>
		<feat xlink:href="#sSpan1683" value="ϥ"/>
		<feat xlink:href="#sSpan1684" value="ⲛⲁ"/>
		<feat xlink:href="#sSpan1686" value="ⲩ"/>
		<feat xlink:href="#sSpan1687" value="ϫⲉ"/>
		<feat xlink:href="#sSpan1689" value="ⲃⲱⲕ"/>
		<feat xlink:href="#sSpan1690" value="ⲛⲧⲟⲟⲩ"/>
		<feat xlink:href="#sSpan1692" value="ⲇⲉ"/>
		<feat xlink:href="#sSpan1694" value="ⲁ"/>
		<feat xlink:href="#sSpan1696" value="ⲩ"/>
		<feat xlink:href="#sSpan1697" value="ⲉⲓ"/>
		<feat xlink:href="#sSpan1699" value="ⲉⲃⲟⲗ"/>
		<feat xlink:href="#sSpan1701" value="ⲁ"/>
		<feat xlink:href="#sSpan1703" value="ⲩ"/>
		<feat xlink:href="#sSpan1704" value="ⲃⲱⲕ"/>
		<feat xlink:href="#sSpan1706" value="ⲉϩⲟⲩⲛ"/>
		<feat xlink:href="#sSpan1708" value="ⲉ"/>
		<feat xlink:href="#sSpan1710" value="ⲛ"/>
		<feat xlink:href="#sSpan1712" value="ⲉϣⲁⲩ"/>
		<feat xlink:href="#sSpan1713" value="ⲁⲩⲱ"/>
		<feat xlink:href="#sSpan1715" value="ⲉⲓⲥ"/>
		<feat xlink:href="#sSpan1718" value="ϩⲏⲏⲧⲉ"/>
		<feat xlink:href="#sSpan1720" value="ⲁ"/>
		<feat xlink:href="#sSpan1722" value="ⲥ"/>
		<feat xlink:href="#sSpan1723" value="ϯ"/>
		<feat xlink:href="#sSpan1724" value="ⲡⲉⲥ"/>
		<feat xlink:href="#sSpan1725" value="ⲟⲩⲟⲓ"/>
		<feat xlink:href="#sSpan1726" value="ⲛϭⲓ"/>
		<feat xlink:href="#sSpan1728" value="ⲧ"/>
		<feat xlink:href="#sSpan1730" value="ⲁⲅⲉⲗⲏ"/>
		<feat xlink:href="#sSpan1731" value="ⲧⲏⲣ"/>
		<feat xlink:href="#sSpan1733" value="ⲥ"/>
		<feat xlink:href="#sSpan1734" value="ⲉϩⲣⲁⲓ"/>
		<feat xlink:href="#sSpan1736" value="ⲉϫⲛ"/>
		<feat xlink:href="#sSpan1738" value="ⲧ"/>
		<feat xlink:href="#sSpan1740" value="ϣⲱⲙⲉ"/>
		<feat xlink:href="#sSpan1741" value="ⲉ"/>
		<feat xlink:href="#sSpan1743" value="ⲡ"/>
		<feat xlink:href="#sSpan1744" value="ⲉⲥⲏⲧ"/>
		<feat xlink:href="#sSpan1745" value="ⲉ"/>
		<feat xlink:href="#sSpan1747" value="ⲑⲁⲗⲁⲥⲥⲁ"/>
		<feat xlink:href="#sSpan1749" value="ⲁⲩⲱ"/>
		<feat xlink:href="#sSpan1751" value="ⲁ"/>
		<feat xlink:href="#sSpan1753" value="ⲩ"/>
		<feat xlink:href="#sSpan1754" value="ⲙⲟⲩ"/>
		<feat xlink:href="#sSpan1755" value="ϩⲣⲁⲓ"/>
		<feat xlink:href="#sSpan1758" value="ϩⲛ"/>
		<feat xlink:href="#sSpan1760" value="ⲙⲙⲟⲟⲩ"/>
		<feat xlink:href="#sSpan1762" value="."/>
		<feat xlink:href="#sSpan1764" value="ⲛ"/>
		<feat xlink:href="#sSpan1768" value="ⲉⲧ"/>
		<feat xlink:href="#sSpan1769" value="ⲙⲟⲟⲛⲉ"/>
		<feat xlink:href="#sSpan1770" value="ⲇⲉ"/>
		<feat xlink:href="#sSpan1772" value="ⲙⲙⲟ"/>
		<feat xlink:href="#sSpan1774" value="ⲟⲩ"/>
		<feat xlink:href="#sSpan1775" value="ⲁ"/>
		<feat xlink:href="#sSpan1777" value="ⲩ"/>
		<feat xlink:href="#sSpan1778" value="ⲡⲱⲧ"/>
		<feat xlink:href="#sSpan1779" value="ⲁ"/>
		<feat xlink:href="#sSpan1781" value="ⲩ"/>
		<feat xlink:href="#sSpan1782" value="ⲃⲱⲕ"/>
		<feat xlink:href="#sSpan1784" value="ⲉϩⲣⲁⲓ"/>
		<feat xlink:href="#sSpan1786" value="ⲉ"/>
		<feat xlink:href="#sSpan1788" value="ⲧ"/>
		<feat xlink:href="#sSpan1790" value="ⲡⲟⲗⲓⲥ"/>
		<feat xlink:href="#sSpan1791" value="."/>
		<feat xlink:href="#sSpan1793" value="ⲁ"/>
		<feat xlink:href="#sSpan1795" value="ⲩ"/>
		<feat xlink:href="#sSpan1796" value="ϫⲱ"/>
		<feat xlink:href="#sSpan1797" value="ⲛ"/>
		<feat xlink:href="#sSpan1799" value="ϩⲱⲃ"/>
		<feat xlink:href="#sSpan1802" value="ⲛⲓⲙ"/>
		<feat xlink:href="#sSpan1804" value="ⲙⲛ"/>
		<feat xlink:href="#sSpan1806" value="ⲛⲁ"/>
		<feat xlink:href="#sSpan1807" value="ⲛ"/>
		<feat xlink:href="#sSpan1809" value="ⲉⲧ"/>
		<feat xlink:href="#sSpan1810" value="ⲟ"/>
		<feat xlink:href="#sSpan1812" value="ⲛ"/>
		<feat xlink:href="#sSpan1814" value="ⲇⲁⲓⲙⲱⲛⲓⲟⲛ"/>
		<feat xlink:href="#sSpan1816" value="."/>
		<feat xlink:href="#sSpan1818" value="ⲁⲩⲱ"/>
		<feat xlink:href="#sSpan1821" value="ⲉⲓⲥ"/>
		<feat xlink:href="#sSpan1824" value="ϩⲏⲏⲧⲉ"/>
		<feat xlink:href="#sSpan1826" value="ⲉⲓⲥ"/>
		<feat xlink:href="#sSpan1828" value="ⲧ"/>
		<feat xlink:href="#sSpan1830" value="ⲡⲟⲗⲓⲥ"/>
		<feat xlink:href="#sSpan1831" value="ⲧⲏⲣ"/>
		<feat xlink:href="#sSpan1833" value="ⲥ"/>
		<feat xlink:href="#sSpan1834" value="ⲁ"/>
		<feat xlink:href="#sSpan1836" value="ⲥ"/>
		<feat xlink:href="#sSpan1837" value="ⲉⲓ"/>
		<feat xlink:href="#sSpan1839" value="ⲉⲃⲟⲗ"/>
		<feat xlink:href="#sSpan1841" value="ⲉ"/>
		<feat xlink:href="#sSpan1844" value="ⲧⲱⲙⲛⲧ"/>
		<feat xlink:href="#sSpan1846" value="ⲉ"/>
		<feat xlink:href="#sSpan1848" value="ⲓⲏⲥⲟⲩⲥ"/>
		<feat xlink:href="#sSpan1850" value="."/>
		<feat xlink:href="#sSpan1852" value="ⲛⲧⲉⲣ"/>
		<feat xlink:href="#sSpan1854" value="ⲟⲩ"/>
		<feat xlink:href="#sSpan1855" value="ⲛⲁⲩ"/>
		<feat xlink:href="#sSpan1856" value="ⲇⲉ"/>
		<feat xlink:href="#sSpan1858" value="ⲉⲣⲟ"/>
		<feat xlink:href="#sSpan1860" value="ϥ"/>
		<feat xlink:href="#sSpan1861" value="ⲁ"/>
		<feat xlink:href="#sSpan1863" value="ⲩ"/>
		<feat xlink:href="#sSpan1864" value="ⲥⲡⲥⲱⲡ"/>
		<feat xlink:href="#sSpan1865" value="ϥ"/>
		<feat xlink:href="#sSpan1866" value="ϫⲉⲕⲁⲁⲥ"/>
		<feat xlink:href="#sSpan1868" value="ⲉϥⲉ"/>
		<feat xlink:href="#sSpan1870" value="ⲡⲱⲱⲛⲉ"/>
		<feat xlink:href="#sSpan1872" value="ⲉⲃⲟⲗ"/>
		<feat xlink:href="#sSpan1874" value="ϩⲛ"/>
		<feat xlink:href="#sSpan1876" value="ⲛⲉⲩ"/>
		<feat xlink:href="#sSpan1878" value="ⲧⲟϣ"/>
		<feat xlink:href="#sSpan1879" value="."/></featList></paula>