<?xml version='1.0' encoding='UTF-8'?><!DOCTYPE paula SYSTEM "paula_feat.dtd">
<paula version="1.1">
	<header paula_id="scriptorium.40_Matthew_08.dep_func"/>
	<featList xmlns:xlink="http://www.w3.org/1999/xlink" type="func" xml:base="scriptorium.40_Matthew_08.dep.xml">
		<feat xlink:href="#sPointingRel1" value="nsubj"/>
		<feat xlink:href="#sPointingRel3" value="nsubj"/>
		<feat xlink:href="#sPointingRel5" value="nsubj"/>
		<feat xlink:href="#sPointingRel7" value="det"/>
		<feat xlink:href="#sPointingRel9" value="case"/>
		<feat xlink:href="#sPointingRel11" value="cop"/>
		<feat xlink:href="#sPointingRel13" value="case"/>
		<feat xlink:href="#sPointingRel15" value="det"/>
		<feat xlink:href="#sPointingRel17" value="case"/>
		<feat xlink:href="#sPointingRel19" value="conj"/>
		<feat xlink:href="#sPointingRel21" value="nsubj"/>
		<feat xlink:href="#sPointingRel23" value="obl"/>
		<feat xlink:href="#sPointingRel25" value="dislocated"/>
		<feat xlink:href="#sPointingRel27" value="case"/>
		<feat xlink:href="#sPointingRel29" value="case"/>
		<feat xlink:href="#sPointingRel31" value="case"/>
		<feat xlink:href="#sPointingRel33" value="case"/>
		<feat xlink:href="#sPointingRel35" value="nsubj"/>
		<feat xlink:href="#sPointingRel37" value="cc"/>
		<feat xlink:href="#sPointingRel39" value="obl"/>
		<feat xlink:href="#sPointingRel41" value="obl"/>
		<feat xlink:href="#sPointingRel43" value="case"/>
		<feat xlink:href="#sPointingRel45" value="nmod"/>
		<feat xlink:href="#sPointingRel47" value="nsubj"/>
		<feat xlink:href="#sPointingRel49" value="fixed"/>
		<feat xlink:href="#sPointingRel51" value="nsubj"/>
		<feat xlink:href="#sPointingRel53" value="advmod"/>
		<feat xlink:href="#sPointingRel55" value="obl"/>
		<feat xlink:href="#sPointingRel57" value="dislocated"/>
		<feat xlink:href="#sPointingRel59" value="case"/>
		<feat xlink:href="#sPointingRel61" value="dislocated"/>
		<feat xlink:href="#sPointingRel63" value="obl"/>
		<feat xlink:href="#sPointingRel65" value="nsubj"/>
		<feat xlink:href="#sPointingRel67" value="det"/>
		<feat xlink:href="#sPointingRel69" value="advmod"/>
		<feat xlink:href="#sPointingRel71" value="case"/>
		<feat xlink:href="#sPointingRel73" value="mark"/>
		<feat xlink:href="#sPointingRel75" value="ccomp"/>
		<feat xlink:href="#sPointingRel77" value="aux"/>
		<feat xlink:href="#sPointingRel79" value="obl"/>
		<feat xlink:href="#sPointingRel81" value="det"/>
		<feat xlink:href="#sPointingRel83" value="dislocated"/>
		<feat xlink:href="#sPointingRel85" value="case"/>
		<feat xlink:href="#sPointingRel87" value="mark"/>
		<feat xlink:href="#sPointingRel89" value="nsubj"/>
		<feat xlink:href="#sPointingRel91" value="ccomp"/>
		<feat xlink:href="#sPointingRel93" value="det"/>
		<feat xlink:href="#sPointingRel95" value="case"/>
		<feat xlink:href="#sPointingRel97" value="obl"/>
		<feat xlink:href="#sPointingRel99" value="nsubj"/>
		<feat xlink:href="#sPointingRel101" value="obj"/>
		<feat xlink:href="#sPointingRel103" value="obl"/>
		<feat xlink:href="#sPointingRel105" value="acl"/>
		<feat xlink:href="#sPointingRel107" value="det"/>
		<feat xlink:href="#sPointingRel109" value="cc"/>
		<feat xlink:href="#sPointingRel111" value="nsubj"/>
		<feat xlink:href="#sPointingRel113" value="case"/>
		<feat xlink:href="#sPointingRel115" value="nsubj"/>
		<feat xlink:href="#sPointingRel117" value="parataxis"/>
		<feat xlink:href="#sPointingRel119" value="obj"/>
		<feat xlink:href="#sPointingRel121" value="case"/>
		<feat xlink:href="#sPointingRel123" value="aux"/>
		<feat xlink:href="#sPointingRel125" value="obl"/>
		<feat xlink:href="#sPointingRel127" value="cc"/>
		<feat xlink:href="#sPointingRel129" value="det"/>
		<feat xlink:href="#sPointingRel131" value="nsubj"/>
		<feat xlink:href="#sPointingRel133" value="obl"/>
		<feat xlink:href="#sPointingRel135" value="obl"/>
		<feat xlink:href="#sPointingRel137" value="case"/>
		<feat xlink:href="#sPointingRel139" value="conj"/>
		<feat xlink:href="#sPointingRel141" value="obj"/>
		<feat xlink:href="#sPointingRel143" value="nsubj"/>
		<feat xlink:href="#sPointingRel145" value="advcl"/>
		<feat xlink:href="#sPointingRel147" value="obl"/>
		<feat xlink:href="#sPointingRel149" value="nsubj"/>
		<feat xlink:href="#sPointingRel151" value="dislocated"/>
		<feat xlink:href="#sPointingRel153" value="aux"/>
		<feat xlink:href="#sPointingRel155" value="nsubj"/>
		<feat xlink:href="#sPointingRel157" value="advcl"/>
		<feat xlink:href="#sPointingRel159" value="case"/>
		<feat xlink:href="#sPointingRel161" value="obl"/>
		<feat xlink:href="#sPointingRel163" value="conj"/>
		<feat xlink:href="#sPointingRel165" value="nmod"/>
		<feat xlink:href="#sPointingRel167" value="cc"/>
		<feat xlink:href="#sPointingRel169" value="obj"/>
		<feat xlink:href="#sPointingRel171" value="ccomp"/>
		<feat xlink:href="#sPointingRel173" value="det"/>
		<feat xlink:href="#sPointingRel175" value="obl"/>
		<feat xlink:href="#sPointingRel177" value="nsubj"/>
		<feat xlink:href="#sPointingRel179" value="nsubj"/>
		<feat xlink:href="#sPointingRel181" value="case"/>
		<feat xlink:href="#sPointingRel183" value="aux"/>
		<feat xlink:href="#sPointingRel185" value="nsubj"/>
		<feat xlink:href="#sPointingRel187" value="obj"/>
		<feat xlink:href="#sPointingRel189" value="obl"/>
		<feat xlink:href="#sPointingRel191" value="case"/>
		<feat xlink:href="#sPointingRel193" value="case"/>
		<feat xlink:href="#sPointingRel195" value="case"/>
		<feat xlink:href="#sPointingRel197" value="nsubj"/>
		<feat xlink:href="#sPointingRel199" value="obj"/>
		<feat xlink:href="#sPointingRel201" value="nsubj"/>
		<feat xlink:href="#sPointingRel203" value="case"/>
		<feat xlink:href="#sPointingRel205" value="obl"/>
		<feat xlink:href="#sPointingRel207" value="nsubj"/>
		<feat xlink:href="#sPointingRel209" value="nsubj"/>
		<feat xlink:href="#sPointingRel211" value="aux"/>
		<feat xlink:href="#sPointingRel213" value="obl"/>
		<feat xlink:href="#sPointingRel215" value="mark"/>
		<feat xlink:href="#sPointingRel217" value="case"/>
		<feat xlink:href="#sPointingRel219" value="acl"/>
		<feat xlink:href="#sPointingRel221" value="det"/>
		<feat xlink:href="#sPointingRel223" value="dislocated"/>
		<feat xlink:href="#sPointingRel225" value="nsubj"/>
		<feat xlink:href="#sPointingRel227" value="obj"/>
		<feat xlink:href="#sPointingRel229" value="nsubj"/>
		<feat xlink:href="#sPointingRel231" value="dislocated"/>
		<feat xlink:href="#sPointingRel233" value="advmod"/>
		<feat xlink:href="#sPointingRel235" value="nsubj"/>
		<feat xlink:href="#sPointingRel237" value="obl"/>
		<feat xlink:href="#sPointingRel239" value="mark"/>
		<feat xlink:href="#sPointingRel241" value="advmod"/>
		<feat xlink:href="#sPointingRel243" value="dislocated"/>
		<feat xlink:href="#sPointingRel245" value="advmod"/>
		<feat xlink:href="#sPointingRel247" value="fixed"/>
		<feat xlink:href="#sPointingRel249" value="nsubj"/>
		<feat xlink:href="#sPointingRel251" value="advmod"/>
		<feat xlink:href="#sPointingRel253" value="advmod"/>
		<feat xlink:href="#sPointingRel255" value="obl"/>
		<feat xlink:href="#sPointingRel257" value="case"/>
		<feat xlink:href="#sPointingRel259" value="det"/>
		<feat xlink:href="#sPointingRel261" value="mark"/>
		<feat xlink:href="#sPointingRel263" value="case"/>
		<feat xlink:href="#sPointingRel265" value="mark"/>
		<feat xlink:href="#sPointingRel267" value="advcl"/>
		<feat xlink:href="#sPointingRel269" value="parataxis"/>
		<feat xlink:href="#sPointingRel271" value="det"/>
		<feat xlink:href="#sPointingRel273" value="nsubj"/>
		<feat xlink:href="#sPointingRel275" value="conj"/>
		<feat xlink:href="#sPointingRel277" value="acl"/>
		<feat xlink:href="#sPointingRel279" value="advcl"/>
		<feat xlink:href="#sPointingRel281" value="nsubj"/>
		<feat xlink:href="#sPointingRel283" value="dislocated"/>
		<feat xlink:href="#sPointingRel285" value="obj"/>
		<feat xlink:href="#sPointingRel287" value="det"/>
		<feat xlink:href="#sPointingRel289" value="nsubj"/>
		<feat xlink:href="#sPointingRel291" value="obl"/>
		<feat xlink:href="#sPointingRel293" value="nsubj"/>
		<feat xlink:href="#sPointingRel295" value="aux"/>
		<feat xlink:href="#sPointingRel297" value="xcomp"/>
		<feat xlink:href="#sPointingRel299" value="det"/>
		<feat xlink:href="#sPointingRel301" value="parataxis"/>
		<feat xlink:href="#sPointingRel303" value="nmod"/>
		<feat xlink:href="#sPointingRel305" value="det"/>
		<feat xlink:href="#sPointingRel307" value="conj"/>
		<feat xlink:href="#sPointingRel309" value="conj"/>
		<feat xlink:href="#sPointingRel311" value="det"/>
		<feat xlink:href="#sPointingRel313" value="det"/>
		<feat xlink:href="#sPointingRel315" value="dislocated"/>
		<feat xlink:href="#sPointingRel317" value="xcomp"/>
		<feat xlink:href="#sPointingRel319" value="advmod"/>
		<feat xlink:href="#sPointingRel321" value="aux"/>
		<feat xlink:href="#sPointingRel323" value="case"/>
		<feat xlink:href="#sPointingRel325" value="det"/>
		<feat xlink:href="#sPointingRel327" value="dislocated"/>
		<feat xlink:href="#sPointingRel329" value="det"/>
		<feat xlink:href="#sPointingRel331" value="advmod"/>
		<feat xlink:href="#sPointingRel333" value="nsubj"/>
		<feat xlink:href="#sPointingRel335" value="ccomp"/>
		<feat xlink:href="#sPointingRel337" value="case"/>
		<feat xlink:href="#sPointingRel339" value="case"/>
		<feat xlink:href="#sPointingRel341" value="parataxis"/>
		<feat xlink:href="#sPointingRel343" value="nmod"/>
		<feat xlink:href="#sPointingRel345" value="dislocated"/>
		<feat xlink:href="#sPointingRel347" value="advmod"/>
		<feat xlink:href="#sPointingRel349" value="obj"/>
		<feat xlink:href="#sPointingRel351" value="nsubj"/>
		<feat xlink:href="#sPointingRel353" value="det"/>
		<feat xlink:href="#sPointingRel355" value="det"/>
		<feat xlink:href="#sPointingRel357" value="nmod"/>
		<feat xlink:href="#sPointingRel359" value="mark"/>
		<feat xlink:href="#sPointingRel361" value="nsubj"/>
		<feat xlink:href="#sPointingRel363" value="aux"/>
		<feat xlink:href="#sPointingRel365" value="mark"/>
		<feat xlink:href="#sPointingRel367" value="case"/>
		<feat xlink:href="#sPointingRel369" value="fixed"/>
		<feat xlink:href="#sPointingRel371" value="aux"/>
		<feat xlink:href="#sPointingRel373" value="advcl"/>
		<feat xlink:href="#sPointingRel375" value="obl"/>
		<feat xlink:href="#sPointingRel377" value="obj"/>
		<feat xlink:href="#sPointingRel379" value="obl"/>
		<feat xlink:href="#sPointingRel381" value="aux"/>
		<feat xlink:href="#sPointingRel383" value="parataxis"/>
		<feat xlink:href="#sPointingRel385" value="case"/>
		<feat xlink:href="#sPointingRel387" value="parataxis"/>
		<feat xlink:href="#sPointingRel389" value="case"/>
		<feat xlink:href="#sPointingRel391" value="vocative"/>
		<feat xlink:href="#sPointingRel393" value="nsubj"/>
		<feat xlink:href="#sPointingRel395" value="mark"/>
		<feat xlink:href="#sPointingRel397" value="parataxis"/>
		<feat xlink:href="#sPointingRel399" value="nsubj"/>
		<feat xlink:href="#sPointingRel401" value="advcl"/>
		<feat xlink:href="#sPointingRel403" value="nsubj"/>
		<feat xlink:href="#sPointingRel405" value="aux"/>
		<feat xlink:href="#sPointingRel407" value="ccomp"/>
		<feat xlink:href="#sPointingRel409" value="mark"/>
		<feat xlink:href="#sPointingRel411" value="nsubj"/>
		<feat xlink:href="#sPointingRel413" value="ccomp"/>
		<feat xlink:href="#sPointingRel415" value="mark"/>
		<feat xlink:href="#sPointingRel417" value="case"/>
		<feat xlink:href="#sPointingRel419" value="obl"/>
		<feat xlink:href="#sPointingRel421" value="parataxis"/>
		<feat xlink:href="#sPointingRel423" value="obj"/>
		<feat xlink:href="#sPointingRel425" value="nmod"/>
		<feat xlink:href="#sPointingRel427" value="case"/>
		<feat xlink:href="#sPointingRel429" value="nmod"/>
		<feat xlink:href="#sPointingRel431" value="mark"/>
		<feat xlink:href="#sPointingRel433" value="case"/>
		<feat xlink:href="#sPointingRel435" value="appos"/>
		<feat xlink:href="#sPointingRel437" value="nmod"/>
		<feat xlink:href="#sPointingRel439" value="ccomp"/>
		<feat xlink:href="#sPointingRel441" value="obl"/>
		<feat xlink:href="#sPointingRel443" value="obl"/>
		<feat xlink:href="#sPointingRel445" value="det"/>
		<feat xlink:href="#sPointingRel447" value="det"/>
		<feat xlink:href="#sPointingRel449" value="case"/>
		<feat xlink:href="#sPointingRel451" value="case"/>
		<feat xlink:href="#sPointingRel453" value="aux"/>
		<feat xlink:href="#sPointingRel455" value="case"/>
		<feat xlink:href="#sPointingRel457" value="xcomp"/>
		<feat xlink:href="#sPointingRel459" value="mark"/>
		<feat xlink:href="#sPointingRel461" value="mark"/>
		<feat xlink:href="#sPointingRel463" value="obl"/>
		<feat xlink:href="#sPointingRel465" value="dislocated"/>
		<feat xlink:href="#sPointingRel467" value="advmod"/>
		<feat xlink:href="#sPointingRel469" value="det"/>
		<feat xlink:href="#sPointingRel471" value="obl"/>
		<feat xlink:href="#sPointingRel473" value="mark"/>
		<feat xlink:href="#sPointingRel475" value="advmod"/>
		<feat xlink:href="#sPointingRel477" value="acl"/>
		<feat xlink:href="#sPointingRel479" value="obj"/>
		<feat xlink:href="#sPointingRel481" value="case"/>
		<feat xlink:href="#sPointingRel483" value="mark"/>
		<feat xlink:href="#sPointingRel485" value="cc"/>
		<feat xlink:href="#sPointingRel487" value="advcl"/>
		<feat xlink:href="#sPointingRel489" value="cc"/>
		<feat xlink:href="#sPointingRel491" value="obl"/>
		<feat xlink:href="#sPointingRel493" value="dislocated"/>
		<feat xlink:href="#sPointingRel495" value="det"/>
		<feat xlink:href="#sPointingRel497" value="aux"/>
		<feat xlink:href="#sPointingRel499" value="dislocated"/>
		<feat xlink:href="#sPointingRel501" value="nsubj"/>
		<feat xlink:href="#sPointingRel503" value="det"/>
		<feat xlink:href="#sPointingRel505" value="case"/>
		<feat xlink:href="#sPointingRel507" value="det"/>
		<feat xlink:href="#sPointingRel509" value="obl"/>
		<feat xlink:href="#sPointingRel511" value="mark"/>
		<feat xlink:href="#sPointingRel513" value="obl"/>
		<feat xlink:href="#sPointingRel515" value="parataxis"/>
		<feat xlink:href="#sPointingRel517" value="det"/>
		<feat xlink:href="#sPointingRel519" value="det"/>
		<feat xlink:href="#sPointingRel521" value="det"/>
		<feat xlink:href="#sPointingRel523" value="mark"/>
		<feat xlink:href="#sPointingRel525" value="aux"/>
		<feat xlink:href="#sPointingRel527" value="obj"/>
		<feat xlink:href="#sPointingRel529" value="nsubj"/>
		<feat xlink:href="#sPointingRel531" value="det"/>
		<feat xlink:href="#sPointingRel533" value="case"/>
		<feat xlink:href="#sPointingRel535" value="mark"/>
		<feat xlink:href="#sPointingRel537" value="aux"/>
		<feat xlink:href="#sPointingRel539" value="xcomp"/>
		<feat xlink:href="#sPointingRel541" value="xcomp"/>
		<feat xlink:href="#sPointingRel543" value="aux"/>
		<feat xlink:href="#sPointingRel545" value="aux"/>
		<feat xlink:href="#sPointingRel547" value="det"/>
		<feat xlink:href="#sPointingRel549" value="case"/>
		<feat xlink:href="#sPointingRel551" value="fixed"/>
		<feat xlink:href="#sPointingRel553" value="conj"/>
		<feat xlink:href="#sPointingRel555" value="nsubj"/>
		<feat xlink:href="#sPointingRel557" value="case"/>
		<feat xlink:href="#sPointingRel559" value="advmod"/>
		<feat xlink:href="#sPointingRel561" value="ccomp"/>
		<feat xlink:href="#sPointingRel563" value="case"/>
		<feat xlink:href="#sPointingRel565" value="obj"/>
		<feat xlink:href="#sPointingRel567" value="aux"/>
		<feat xlink:href="#sPointingRel569" value="case"/>
		<feat xlink:href="#sPointingRel571" value="dislocated"/>
		<feat xlink:href="#sPointingRel573" value="aux"/>
		<feat xlink:href="#sPointingRel575" value="case"/>
		<feat xlink:href="#sPointingRel577" value="ccomp"/>
		<feat xlink:href="#sPointingRel579" value="det"/>
		<feat xlink:href="#sPointingRel581" value="case"/>
		<feat xlink:href="#sPointingRel583" value="nsubj"/>
		<feat xlink:href="#sPointingRel585" value="conj"/>
		<feat xlink:href="#sPointingRel587" value="det"/>
		<feat xlink:href="#sPointingRel589" value="nmod"/>
		<feat xlink:href="#sPointingRel591" value="case"/>
		<feat xlink:href="#sPointingRel593" value="case"/>
		<feat xlink:href="#sPointingRel595" value="aux"/>
		<feat xlink:href="#sPointingRel597" value="mark"/>
		<feat xlink:href="#sPointingRel599" value="mark"/>
		<feat xlink:href="#sPointingRel601" value="advmod"/>
		<feat xlink:href="#sPointingRel603" value="mark"/>
		<feat xlink:href="#sPointingRel605" value="case"/>
		<feat xlink:href="#sPointingRel607" value="det"/>
		<feat xlink:href="#sPointingRel609" value="mark"/>
		<feat xlink:href="#sPointingRel611" value="case"/>
		<feat xlink:href="#sPointingRel613" value="cc"/>
		<feat xlink:href="#sPointingRel615" value="nsubj"/>
		<feat xlink:href="#sPointingRel617" value="obl"/>
		<feat xlink:href="#sPointingRel619" value="cc"/>
		<feat xlink:href="#sPointingRel621" value="advmod"/>
		<feat xlink:href="#sPointingRel623" value="nsubj"/>
		<feat xlink:href="#sPointingRel625" value="nsubj"/>
		<feat xlink:href="#sPointingRel627" value="cc"/>
		<feat xlink:href="#sPointingRel629" value="case"/>
		<feat xlink:href="#sPointingRel631" value="nsubj"/>
		<feat xlink:href="#sPointingRel633" value="case"/>
		<feat xlink:href="#sPointingRel635" value="advcl"/>
		<feat xlink:href="#sPointingRel637" value="mark"/>
		<feat xlink:href="#sPointingRel639" value="det"/>
		<feat xlink:href="#sPointingRel641" value="dislocated"/>
		<feat xlink:href="#sPointingRel643" value="case"/>
		<feat xlink:href="#sPointingRel645" value="case"/>
		<feat xlink:href="#sPointingRel647" value="case"/>
		<feat xlink:href="#sPointingRel649" value="advcl"/>
		<feat xlink:href="#sPointingRel651" value="case"/>
		<feat xlink:href="#sPointingRel653" value="conj"/>
		<feat xlink:href="#sPointingRel655" value="obl"/>
		<feat xlink:href="#sPointingRel657" value="nsubj"/>
		<feat xlink:href="#sPointingRel659" value="nsubj"/>
		<feat xlink:href="#sPointingRel661" value="cc"/>
		<feat xlink:href="#sPointingRel663" value="case"/>
		<feat xlink:href="#sPointingRel665" value="advcl"/>
		<feat xlink:href="#sPointingRel667" value="det"/>
		<feat xlink:href="#sPointingRel669" value="nsubj"/>
		<feat xlink:href="#sPointingRel671" value="aux"/>
		<feat xlink:href="#sPointingRel673" value="advcl"/>
		<feat xlink:href="#sPointingRel675" value="det"/>
		<feat xlink:href="#sPointingRel677" value="obl"/>
		<feat xlink:href="#sPointingRel679" value="acl"/>
		<feat xlink:href="#sPointingRel681" value="aux"/>
		<feat xlink:href="#sPointingRel683" value="vocative"/>
		<feat xlink:href="#sPointingRel685" value="nsubj"/>
		<feat xlink:href="#sPointingRel687" value="det"/>
		<feat xlink:href="#sPointingRel689" value="case"/>
		<feat xlink:href="#sPointingRel691" value="aux"/>
		<feat xlink:href="#sPointingRel693" value="obl"/>
		<feat xlink:href="#sPointingRel695" value="case"/>
		<feat xlink:href="#sPointingRel697" value="det"/>
		<feat xlink:href="#sPointingRel699" value="obj"/>
		<feat xlink:href="#sPointingRel701" value="conj"/>
		<feat xlink:href="#sPointingRel703" value="nsubj"/>
		<feat xlink:href="#sPointingRel705" value="advcl"/>
		<feat xlink:href="#sPointingRel707" value="mark"/>
		<feat xlink:href="#sPointingRel709" value="aux"/>
		<feat xlink:href="#sPointingRel711" value="case"/>
		<feat xlink:href="#sPointingRel713" value="advmod"/>
		<feat xlink:href="#sPointingRel715" value="det"/>
		<feat xlink:href="#sPointingRel717" value="case"/>
		<feat xlink:href="#sPointingRel719" value="case"/>
		<feat xlink:href="#sPointingRel721" value="aux"/>
		<feat xlink:href="#sPointingRel723" value="conj"/>
		<feat xlink:href="#sPointingRel725" value="cc"/>
		<feat xlink:href="#sPointingRel727" value="obl"/>
		<feat xlink:href="#sPointingRel729" value="iobj"/>
		<feat xlink:href="#sPointingRel731" value="obl"/>
		<feat xlink:href="#sPointingRel733" value="nsubj"/>
		<feat xlink:href="#sPointingRel735" value="aux"/>
		<feat xlink:href="#sPointingRel737" value="obj"/>
		<feat xlink:href="#sPointingRel739" value="dislocated"/>
		<feat xlink:href="#sPointingRel741" value="obj"/>
		<feat xlink:href="#sPointingRel743" value="obl"/>
		<feat xlink:href="#sPointingRel745" value="advmod"/>
		<feat xlink:href="#sPointingRel747" value="det"/>
		<feat xlink:href="#sPointingRel749" value="obj"/>
		<feat xlink:href="#sPointingRel751" value="parataxis"/>
		<feat xlink:href="#sPointingRel753" value="obj"/>
		<feat xlink:href="#sPointingRel755" value="case"/>
		<feat xlink:href="#sPointingRel757" value="ccomp"/>
		<feat xlink:href="#sPointingRel759" value="case"/>
		<feat xlink:href="#sPointingRel761" value="case"/>
		<feat xlink:href="#sPointingRel763" value="nsubj"/>
		<feat xlink:href="#sPointingRel765" value="det"/>
		<feat xlink:href="#sPointingRel767" value="aux"/>
		<feat xlink:href="#sPointingRel769" value="case"/>
		<feat xlink:href="#sPointingRel771" value="nsubj"/>
		<feat xlink:href="#sPointingRel773" value="advcl"/>
		<feat xlink:href="#sPointingRel775" value="obl"/>
		<feat xlink:href="#sPointingRel777" value="det"/>
		<feat xlink:href="#sPointingRel779" value="ccomp"/>
		<feat xlink:href="#sPointingRel781" value="cc"/>
		<feat xlink:href="#sPointingRel783" value="case"/>
		<feat xlink:href="#sPointingRel785" value="case"/>
		<feat xlink:href="#sPointingRel787" value="ccomp"/>
		<feat xlink:href="#sPointingRel789" value="obj"/>
		<feat xlink:href="#sPointingRel791" value="mark"/>
		<feat xlink:href="#sPointingRel793" value="ccomp"/>
		<feat xlink:href="#sPointingRel795" value="advmod"/>
		<feat xlink:href="#sPointingRel797" value="advmod"/>
		<feat xlink:href="#sPointingRel799" value="case"/>
		<feat xlink:href="#sPointingRel801" value="obl"/>
		<feat xlink:href="#sPointingRel803" value="aux"/>
		<feat xlink:href="#sPointingRel805" value="nsubj"/>
		<feat xlink:href="#sPointingRel807" value="nsubj"/>
		<feat xlink:href="#sPointingRel809" value="mark"/>
		<feat xlink:href="#sPointingRel811" value="conj"/>
		<feat xlink:href="#sPointingRel813" value="case"/>
		<feat xlink:href="#sPointingRel815" value="iobj"/>
		<feat xlink:href="#sPointingRel817" value="advmod"/>
		<feat xlink:href="#sPointingRel819" value="obj"/>
		<feat xlink:href="#sPointingRel821" value="det"/>
		<feat xlink:href="#sPointingRel823" value="ccomp"/>
		<feat xlink:href="#sPointingRel825" value="case"/>
		<feat xlink:href="#sPointingRel827" value="mark"/>
		<feat xlink:href="#sPointingRel829" value="aux"/>
		<feat xlink:href="#sPointingRel831" value="obj"/>
		<feat xlink:href="#sPointingRel833" value="nmod"/>
		<feat xlink:href="#sPointingRel835" value="case"/>
		<feat xlink:href="#sPointingRel837" value="obl"/>
		<feat xlink:href="#sPointingRel839" value="xcomp"/>
		<feat xlink:href="#sPointingRel841" value="aux"/>
		<feat xlink:href="#sPointingRel843" value="mark"/>
		<feat xlink:href="#sPointingRel845" value="nsubj"/>
		<feat xlink:href="#sPointingRel847" value="obl"/>
		<feat xlink:href="#sPointingRel849" value="case"/>
		<feat xlink:href="#sPointingRel851" value="parataxis"/>
		<feat xlink:href="#sPointingRel853" value="det"/>
		<feat xlink:href="#sPointingRel855" value="aux"/>
		<feat xlink:href="#sPointingRel857" value="det"/>
		<feat xlink:href="#sPointingRel859" value="nsubj"/>
		<feat xlink:href="#sPointingRel861" value="aux"/>
		<feat xlink:href="#sPointingRel863" value="nmod"/>
		<feat xlink:href="#sPointingRel865" value="case"/>
		<feat xlink:href="#sPointingRel867" value="aux"/>
		<feat xlink:href="#sPointingRel869" value="case"/>
		<feat xlink:href="#sPointingRel871" value="det"/>
		<feat xlink:href="#sPointingRel873" value="det"/>
		<feat xlink:href="#sPointingRel875" value="mark"/>
		<feat xlink:href="#sPointingRel877" value="case"/>
		<feat xlink:href="#sPointingRel879" value="mark"/>
		<feat xlink:href="#sPointingRel881" value="nsubj"/>
		<feat xlink:href="#sPointingRel883" value="nsubj"/>
		<feat xlink:href="#sPointingRel885" value="obl"/>
		<feat xlink:href="#sPointingRel887" value="obl"/>
		<feat xlink:href="#sPointingRel889" value="case"/>
		<feat xlink:href="#sPointingRel891" value="nmod"/>
		<feat xlink:href="#sPointingRel893" value="advcl"/>
		<feat xlink:href="#sPointingRel895" value="aux"/>
		<feat xlink:href="#sPointingRel897" value="case"/>
		<feat xlink:href="#sPointingRel899" value="det"/>
		<feat xlink:href="#sPointingRel901" value="conj"/>
		<feat xlink:href="#sPointingRel903" value="det"/>
		<feat xlink:href="#sPointingRel905" value="advmod"/>
		<feat xlink:href="#sPointingRel907" value="case"/>
		<feat xlink:href="#sPointingRel909" value="advmod"/>
		<feat xlink:href="#sPointingRel911" value="obj"/>
		<feat xlink:href="#sPointingRel913" value="obj"/>
		<feat xlink:href="#sPointingRel915" value="det"/>
		<feat xlink:href="#sPointingRel917" value="obl"/>
		<feat xlink:href="#sPointingRel919" value="advmod"/>
		<feat xlink:href="#sPointingRel921" value="det"/>
		<feat xlink:href="#sPointingRel923" value="nsubj"/>
		<feat xlink:href="#sPointingRel925" value="case"/>
		<feat xlink:href="#sPointingRel927" value="aux"/>
		<feat xlink:href="#sPointingRel929" value="case"/>
		<feat xlink:href="#sPointingRel931" value="cc"/>
		<feat xlink:href="#sPointingRel933" value="mark"/>
		<feat xlink:href="#sPointingRel935" value="nsubj"/>
		<feat xlink:href="#sPointingRel937" value="parataxis"/>
		<feat xlink:href="#sPointingRel939" value="vocative"/>
		<feat xlink:href="#sPointingRel941" value="advmod"/>
		<feat xlink:href="#sPointingRel943" value="det"/>
		<feat xlink:href="#sPointingRel945" value="nsubj"/>
		<feat xlink:href="#sPointingRel947" value="mark"/>
		<feat xlink:href="#sPointingRel949" value="det"/>
		<feat xlink:href="#sPointingRel951" value="obl"/>
		<feat xlink:href="#sPointingRel953" value="obj"/>
		<feat xlink:href="#sPointingRel955" value="dislocated"/>
		<feat xlink:href="#sPointingRel957" value="discourse"/>
		<feat xlink:href="#sPointingRel959" value="case"/>
		<feat xlink:href="#sPointingRel961" value="dislocated"/>
		<feat xlink:href="#sPointingRel963" value="advmod"/>
		<feat xlink:href="#sPointingRel965" value="nsubj"/>
		<feat xlink:href="#sPointingRel967" value="mark"/>
		<feat xlink:href="#sPointingRel969" value="case"/>
		<feat xlink:href="#sPointingRel971" value="advmod"/>
		<feat xlink:href="#sPointingRel973" value="nsubj"/>
		<feat xlink:href="#sPointingRel975" value="obl"/>
		<feat xlink:href="#sPointingRel977" value="advmod"/>
		<feat xlink:href="#sPointingRel979" value="dislocated"/>
		<feat xlink:href="#sPointingRel981" value="det"/>
		<feat xlink:href="#sPointingRel983" value="cc"/>
		<feat xlink:href="#sPointingRel985" value="nsubj"/>
		<feat xlink:href="#sPointingRel987" value="nsubj"/>
		<feat xlink:href="#sPointingRel989" value="vocative"/>
		<feat xlink:href="#sPointingRel991" value="nsubj"/>
		<feat xlink:href="#sPointingRel993" value="det"/>
		<feat xlink:href="#sPointingRel995" value="dislocated"/>
		<feat xlink:href="#sPointingRel997" value="obj"/>
		<feat xlink:href="#sPointingRel999" value="acl"/>
		<feat xlink:href="#sPointingRel1001" value="advcl"/>
		<feat xlink:href="#sPointingRel1003" value="obl"/>
		<feat xlink:href="#sPointingRel1005" value="nsubj"/>
		<feat xlink:href="#sPointingRel1007" value="dislocated"/>
		<feat xlink:href="#sPointingRel1009" value="case"/>
		<feat xlink:href="#sPointingRel1011" value="nsubj"/>
		<feat xlink:href="#sPointingRel1013" value="aux"/>
		<feat xlink:href="#sPointingRel1015" value="nsubj"/>
		<feat xlink:href="#sPointingRel1017" value="nmod"/>
		<feat xlink:href="#sPointingRel1019" value="obj"/>
		<feat xlink:href="#sPointingRel1021" value="obl"/>
		<feat xlink:href="#sPointingRel1023" value="case"/>
		<feat xlink:href="#sPointingRel1025" value="case"/>
		<feat xlink:href="#sPointingRel1027" value="det"/>
		<feat xlink:href="#sPointingRel1029" value="nsubj"/>
		<feat xlink:href="#sPointingRel1031" value="advmod"/>
		<feat xlink:href="#sPointingRel1033" value="advmod"/>
		<feat xlink:href="#sPointingRel1035" value="cop"/>
		<feat xlink:href="#sPointingRel1037" value="advcl"/>
		<feat xlink:href="#sPointingRel1039" value="advcl"/>
		<feat xlink:href="#sPointingRel1041" value="aux"/>
		<feat xlink:href="#sPointingRel1043" value="aux"/>
		<feat xlink:href="#sPointingRel1045" value="mark"/>
		<feat xlink:href="#sPointingRel1047" value="case"/>
		<feat xlink:href="#sPointingRel1049" value="nsubj"/>
		<feat xlink:href="#sPointingRel1051" value="nsubj"/>
		<feat xlink:href="#sPointingRel1053" value="acl"/>
		<feat xlink:href="#sPointingRel1055" value="advcl"/>
		<feat xlink:href="#sPointingRel1057" value="cc"/>
		<feat xlink:href="#sPointingRel1059" value="ccomp"/>
		<feat xlink:href="#sPointingRel1061" value="det"/>
		<feat xlink:href="#sPointingRel1063" value="nsubj"/>
		<feat xlink:href="#sPointingRel1065" value="advcl"/>
		<feat xlink:href="#sPointingRel1067" value="cc"/>
		<feat xlink:href="#sPointingRel1069" value="mark"/>
		<feat xlink:href="#sPointingRel1071" value="advmod"/>
		<feat xlink:href="#sPointingRel1073" value="ccomp"/>
		<feat xlink:href="#sPointingRel1075" value="obl"/>
		<feat xlink:href="#sPointingRel1077" value="mark"/>
		<feat xlink:href="#sPointingRel1079" value="ccomp"/>
		<feat xlink:href="#sPointingRel1081" value="mark"/>
		<feat xlink:href="#sPointingRel1083" value="ccomp"/>
		<feat xlink:href="#sPointingRel1085" value="ccomp"/>
		<feat xlink:href="#sPointingRel1087" value="case"/>
		<feat xlink:href="#sPointingRel1089" value="obl"/>
		<feat xlink:href="#sPointingRel1091" value="mark"/>
		<feat xlink:href="#sPointingRel1093" value="mark"/>
		<feat xlink:href="#sPointingRel1095" value="mark"/>
		<feat xlink:href="#sPointingRel1097" value="mark"/>
		<feat xlink:href="#sPointingRel1099" value="det"/>
		<feat xlink:href="#sPointingRel1101" value="ccomp"/>
		<feat xlink:href="#sPointingRel1103" value="case"/>
		<feat xlink:href="#sPointingRel1105" value="mark"/>
		<feat xlink:href="#sPointingRel1107" value="mark"/>
		<feat xlink:href="#sPointingRel1109" value="nmod"/>
		<feat xlink:href="#sPointingRel1111" value="case"/>
		<feat xlink:href="#sPointingRel1113" value="aux"/>
		<feat xlink:href="#sPointingRel1115" value="case"/>
		<feat xlink:href="#sPointingRel1117" value="obl"/>
		<feat xlink:href="#sPointingRel1119" value="obl"/>
		<feat xlink:href="#sPointingRel1121" value="cc"/>
		<feat xlink:href="#sPointingRel1123" value="case"/>
		<feat xlink:href="#sPointingRel1125" value="advmod"/>
		<feat xlink:href="#sPointingRel1127" value="mark"/>
		<feat xlink:href="#sPointingRel1129" value="nsubj"/>
		<feat xlink:href="#sPointingRel1131" value="cc"/>
		<feat xlink:href="#sPointingRel1133" value="aux"/>
		<feat xlink:href="#sPointingRel1135" value="advmod"/>
		<feat xlink:href="#sPointingRel1137" value="obj"/>
		<feat xlink:href="#sPointingRel1139" value="obl"/>
		<feat xlink:href="#sPointingRel1141" value="aux"/>
		<feat xlink:href="#sPointingRel1143" value="case"/>
		<feat xlink:href="#sPointingRel1145" value="case"/>
		<feat xlink:href="#sPointingRel1147" value="obl"/>
		<feat xlink:href="#sPointingRel1149" value="det"/>
		<feat xlink:href="#sPointingRel1151" value="advmod"/>
		<feat xlink:href="#sPointingRel1153" value="case"/>
		<feat xlink:href="#sPointingRel1155" value="obj"/>
		<feat xlink:href="#sPointingRel1157" value="nsubj"/>
		<feat xlink:href="#sPointingRel1159" value="mark"/>
		<feat xlink:href="#sPointingRel1161" value="nsubj"/>
		<feat xlink:href="#sPointingRel1163" value="det"/>
		<feat xlink:href="#sPointingRel1165" value="case"/>
		<feat xlink:href="#sPointingRel1167" value="obj"/>
		<feat xlink:href="#sPointingRel1169" value="det"/>
		<feat xlink:href="#sPointingRel1171" value="ccomp"/>
		<feat xlink:href="#sPointingRel1173" value="case"/>
		<feat xlink:href="#sPointingRel1175" value="case"/>
		<feat xlink:href="#sPointingRel1177" value="fixed"/>
		<feat xlink:href="#sPointingRel1179" value="parataxis"/>
		<feat xlink:href="#sPointingRel1181" value="obl"/>
		<feat xlink:href="#sPointingRel1183" value="nsubj"/>
		<feat xlink:href="#sPointingRel1185" value="mark"/>
		<feat xlink:href="#sPointingRel1187" value="aux"/>
		<feat xlink:href="#sPointingRel1189" value="case"/>
		<feat xlink:href="#sPointingRel1191" value="case"/>
		<feat xlink:href="#sPointingRel1193" value="dislocated"/>
		<feat xlink:href="#sPointingRel1195" value="case"/>
		<feat xlink:href="#sPointingRel1197" value="det"/>
		<feat xlink:href="#sPointingRel1199" value="aux"/>
		<feat xlink:href="#sPointingRel1201" value="acl"/>
		<feat xlink:href="#sPointingRel1203" value="advmod"/>
		<feat xlink:href="#sPointingRel1205" value="obj"/>
		<feat xlink:href="#sPointingRel1207" value="advmod"/>
		<feat xlink:href="#sPointingRel1209" value="case"/>
		<feat xlink:href="#sPointingRel1211" value="nsubj"/>
		<feat xlink:href="#sPointingRel1213" value="ccomp"/>
		<feat xlink:href="#sPointingRel1215" value="conj"/>
		<feat xlink:href="#sPointingRel1217" value="nsubj"/>
		<feat xlink:href="#sPointingRel1219" value="nsubj"/>
		<feat xlink:href="#sPointingRel1221" value="obl"/>
		<feat xlink:href="#sPointingRel1223" value="obl"/>
		<feat xlink:href="#sPointingRel1225" value="mark"/>
		<feat xlink:href="#sPointingRel1227" value="conj"/>
		<feat xlink:href="#sPointingRel1229" value="advcl"/>
		<feat xlink:href="#sPointingRel1231" value="nsubj"/>
		<feat xlink:href="#sPointingRel1233" value="obl"/>
		<feat xlink:href="#sPointingRel1235" value="cc"/>
		<feat xlink:href="#sPointingRel1237" value="obl"/>
		<feat xlink:href="#sPointingRel1239" value="aux"/>
		<feat xlink:href="#sPointingRel1241" value="case"/>
		<feat xlink:href="#sPointingRel1243" value="case"/>
		<feat xlink:href="#sPointingRel1245" value="mark"/>
		<feat xlink:href="#sPointingRel1247" value="obl"/>
		<feat xlink:href="#sPointingRel1249" value="case"/>
		<feat xlink:href="#sPointingRel1251" value="case"/>
		<feat xlink:href="#sPointingRel1253" value="advmod"/>
		<feat xlink:href="#sPointingRel1255" value="mark"/>
		<feat xlink:href="#sPointingRel1257" value="aux"/>
		<feat xlink:href="#sPointingRel1259" value="ccomp"/>
		<feat xlink:href="#sPointingRel1261" value="aux"/>
		<feat xlink:href="#sPointingRel1263" value="nsubj"/>
		<feat xlink:href="#sPointingRel1265" value="acl"/>
		<feat xlink:href="#sPointingRel1267" value="advmod"/>
		<feat xlink:href="#sPointingRel1269" value="case"/>
		<feat xlink:href="#sPointingRel1271" value="nsubj"/>
		<feat xlink:href="#sPointingRel1273" value="det"/>
		<feat xlink:href="#sPointingRel1275" value="acl"/>
		<feat xlink:href="#sPointingRel1277" value="case"/>
		<feat xlink:href="#sPointingRel1279" value="obl"/>
		<feat xlink:href="#sPointingRel1281" value="aux"/>
		<feat xlink:href="#sPointingRel1283" value="obl"/>
		<feat xlink:href="#sPointingRel1285" value="advmod"/>
		<feat xlink:href="#sPointingRel1287" value="aux"/>
		<feat xlink:href="#sPointingRel1289" value="case"/>
		<feat xlink:href="#sPointingRel1291" value="det"/>
		<feat xlink:href="#sPointingRel1293" value="case"/>
		<feat xlink:href="#sPointingRel1295" value="case"/>
		<feat xlink:href="#sPointingRel1297" value="det"/>
		<feat xlink:href="#sPointingRel1299" value="nsubj"/>
		<feat xlink:href="#sPointingRel1301" value="det"/>
		<feat xlink:href="#sPointingRel1303" value="det"/>
		<feat xlink:href="#sPointingRel1305" value="case"/>
		<feat xlink:href="#sPointingRel1307" value="ccomp"/>
		<feat xlink:href="#sPointingRel1309" value="case"/>
		<feat xlink:href="#sPointingRel1311" value="det"/>
		<feat xlink:href="#sPointingRel1313" value="mark"/>
		<feat xlink:href="#sPointingRel1315" value="case"/>
		<feat xlink:href="#sPointingRel1317" value="case"/>
		<feat xlink:href="#sPointingRel1319" value="case"/>
		<feat xlink:href="#sPointingRel1321" value="obj"/>
		<feat xlink:href="#sPointingRel1323" value="aux"/>
		<feat xlink:href="#sPointingRel1325" value="nsubj"/>
		<feat xlink:href="#sPointingRel1327" value="case"/>
		<feat xlink:href="#sPointingRel1329" value="obj"/>
		<feat xlink:href="#sPointingRel1331" value="appos"/>
		<feat xlink:href="#sPointingRel1333" value="cc"/>
		<feat xlink:href="#sPointingRel1335" value="det"/>
		<feat xlink:href="#sPointingRel1337" value="aux"/>
		<feat xlink:href="#sPointingRel1339" value="mark"/>
		<feat xlink:href="#sPointingRel1341" value="parataxis"/>
		<feat xlink:href="#sPointingRel1343" value="case"/>
		<feat xlink:href="#sPointingRel1345" value="aux"/>
		<feat xlink:href="#sPointingRel1347" value="nsubj"/>
		<feat xlink:href="#sPointingRel1349" value="mark"/>
		<feat xlink:href="#sPointingRel1351" value="case"/>
		<feat xlink:href="#sPointingRel1353" value="aux"/>
		<feat xlink:href="#sPointingRel1355" value="nsubj"/>
		<feat xlink:href="#sPointingRel1357" value="mark"/>
		<feat xlink:href="#sPointingRel1359" value="case"/>
		<feat xlink:href="#sPointingRel1361" value="aux"/>
		<feat xlink:href="#sPointingRel1363" value="nsubj"/>
		<feat xlink:href="#sPointingRel1365" value="csubj"/>
		<feat xlink:href="#sPointingRel1367" value="obl"/>
		<feat xlink:href="#sPointingRel1369" value="obj"/>
		<feat xlink:href="#sPointingRel1371" value="dislocated"/>
		<feat xlink:href="#sPointingRel1373" value="case"/>
		<feat xlink:href="#sPointingRel1375" value="case"/>
		<feat xlink:href="#sPointingRel1377" value="cc"/>
		<feat xlink:href="#sPointingRel1379" value="det"/>
		<feat xlink:href="#sPointingRel1381" value="aux"/>
		<feat xlink:href="#sPointingRel1383" value="mark"/>
		<feat xlink:href="#sPointingRel1385" value="det"/>
		<feat xlink:href="#sPointingRel1387" value="acl"/>
		<feat xlink:href="#sPointingRel1389" value="nsubj"/>
		<feat xlink:href="#sPointingRel1391" value="nsubj"/>
		<feat xlink:href="#sPointingRel1393" value="obl"/>
		<feat xlink:href="#sPointingRel1395" value="acl"/>
		<feat xlink:href="#sPointingRel1397" value="case"/>
		<feat xlink:href="#sPointingRel1399" value="conj"/>
		<feat xlink:href="#sPointingRel1401" value="mark"/>
		<feat xlink:href="#sPointingRel1403" value="parataxis"/>
		<feat xlink:href="#sPointingRel1405" value="det"/>
		<feat xlink:href="#sPointingRel1407" value="det"/>
		<feat xlink:href="#sPointingRel1409" value="nmod"/>
		<feat xlink:href="#sPointingRel1411" value="nmod"/>
		<feat xlink:href="#sPointingRel1413" value="mark"/>
		<feat xlink:href="#sPointingRel1415" value="acl"/>
		<feat xlink:href="#sPointingRel1417" value="nsubj"/>
		<feat xlink:href="#sPointingRel1419" value="fixed"/>
		<feat xlink:href="#sPointingRel1421" value="mark"/>
		<feat xlink:href="#sPointingRel1423" value="cc"/>
		<feat xlink:href="#sPointingRel1425" value="obl"/>
		<feat xlink:href="#sPointingRel1427" value="dislocated"/>
		<feat xlink:href="#sPointingRel1429" value="det"/>
		<feat xlink:href="#sPointingRel1431" value="cc"/>
		<feat xlink:href="#sPointingRel1433" value="det"/>
		<feat xlink:href="#sPointingRel1435" value="mark"/>
		<feat xlink:href="#sPointingRel1437" value="dislocated"/>
		<feat xlink:href="#sPointingRel1439" value="case"/>
		<feat xlink:href="#sPointingRel1441" value="nmod"/>
		<feat xlink:href="#sPointingRel1443" value="conj"/>
		<feat xlink:href="#sPointingRel1445" value="aux"/>
		<feat xlink:href="#sPointingRel1447" value="mark"/>
		<feat xlink:href="#sPointingRel1449" value="aux"/>
		<feat xlink:href="#sPointingRel1451" value="case"/>
		<feat xlink:href="#sPointingRel1453" value="case"/>
		<feat xlink:href="#sPointingRel1455" value="det"/>
		<feat xlink:href="#sPointingRel1457" value="advcl"/>
		<feat xlink:href="#sPointingRel1459" value="cc"/>
		<feat xlink:href="#sPointingRel1461" value="dislocated"/>
		<feat xlink:href="#sPointingRel1463" value="parataxis"/>
		<feat xlink:href="#sPointingRel1465" value="advcl"/>
		<feat xlink:href="#sPointingRel1467" value="nmod"/>
		<feat xlink:href="#sPointingRel1469" value="nsubj"/>
		<feat xlink:href="#sPointingRel1471" value="det"/>
		<feat xlink:href="#sPointingRel1473" value="mark"/>
		<feat xlink:href="#sPointingRel1475" value="parataxis"/>
		<feat xlink:href="#sPointingRel1477" value="case"/>
		<feat xlink:href="#sPointingRel1479" value="det"/>
		<feat xlink:href="#sPointingRel1481" value="dislocated"/>
		<feat xlink:href="#sPointingRel1483" value="case"/>
		<feat xlink:href="#sPointingRel1485" value="nsubj"/>
		<feat xlink:href="#sPointingRel1487" value="advmod"/>
		<feat xlink:href="#sPointingRel1489" value="cop"/>
		<feat xlink:href="#sPointingRel1491" value="obj"/>
		<feat xlink:href="#sPointingRel1493" value="advmod"/>
		<feat xlink:href="#sPointingRel1495" value="nmod"/>
		<feat xlink:href="#sPointingRel1497" value="nsubj"/>
		<feat xlink:href="#sPointingRel1499" value="case"/>
		<feat xlink:href="#sPointingRel1501" value="det"/>
		<feat xlink:href="#sPointingRel1503" value="det"/>
		<feat xlink:href="#sPointingRel1505" value="aux"/>
		<feat xlink:href="#sPointingRel1507" value="case"/>
		<feat xlink:href="#sPointingRel1509" value="nsubj"/>
		<feat xlink:href="#sPointingRel1511" value="det"/>
		<feat xlink:href="#sPointingRel1513" value="det"/>
		<feat xlink:href="#sPointingRel1515" value="nsubj"/>
		<feat xlink:href="#sPointingRel1517" value="dislocated"/>
		<feat xlink:href="#sPointingRel1519" value="dislocated"/>
		<feat xlink:href="#sPointingRel1521" value="case"/>
		<feat xlink:href="#sPointingRel1523" value="conj"/>
		<feat xlink:href="#sPointingRel1525" value="case"/>
		<feat xlink:href="#sPointingRel1527" value="obj"/>
		<feat xlink:href="#sPointingRel1529" value="advcl"/>
		<feat xlink:href="#sPointingRel1531" value="nsubj"/>
		<feat xlink:href="#sPointingRel1533" value="det"/>
		<feat xlink:href="#sPointingRel1535" value="det"/>
		<feat xlink:href="#sPointingRel1537" value="aux"/>
		<feat xlink:href="#sPointingRel1539" value="case"/>
		<feat xlink:href="#sPointingRel1541" value="acl"/>
		<feat xlink:href="#sPointingRel1543" value="obl"/>
		<feat xlink:href="#sPointingRel1545" value="acl"/>
		<feat xlink:href="#sPointingRel1547" value="nsubj"/>
		<feat xlink:href="#sPointingRel1549" value="acl"/>
		<feat xlink:href="#sPointingRel1551" value="cc"/>
		<feat xlink:href="#sPointingRel1553" value="vocative"/>
		<feat xlink:href="#sPointingRel1555" value="obj"/>
		<feat xlink:href="#sPointingRel1557" value="det"/>
		<feat xlink:href="#sPointingRel1559" value="acl"/>
		<feat xlink:href="#sPointingRel1561" value="advcl"/>
		<feat xlink:href="#sPointingRel1563" value="nsubj"/>
		<feat xlink:href="#sPointingRel1565" value="det"/>
		<feat xlink:href="#sPointingRel1567" value="mark"/>
		<feat xlink:href="#sPointingRel1569" value="case"/>
		<feat xlink:href="#sPointingRel1571" value="nsubj"/>
		<feat xlink:href="#sPointingRel1573" value="obj"/>
		<feat xlink:href="#sPointingRel1575" value="nsubj"/>
		<feat xlink:href="#sPointingRel1577" value="advcl"/>
		<feat xlink:href="#sPointingRel1579" value="conj"/>
		<feat xlink:href="#sPointingRel1581" value="advmod"/>
		<feat xlink:href="#sPointingRel1583" value="nsubj"/>
		<feat xlink:href="#sPointingRel1585" value="nsubj"/>
		<feat xlink:href="#sPointingRel1587" value="case"/>
		<feat xlink:href="#sPointingRel1589" value="ccomp"/>
		<feat xlink:href="#sPointingRel1591" value="aux"/>
		<feat xlink:href="#sPointingRel1593" value="case"/>
		<feat xlink:href="#sPointingRel1595" value="acl"/>
		<feat xlink:href="#sPointingRel1597" value="aux"/>
		<feat xlink:href="#sPointingRel1599" value="det"/>
		<feat xlink:href="#sPointingRel1601" value="aux"/>
		<feat xlink:href="#sPointingRel1603" value="det"/>
		<feat xlink:href="#sPointingRel1605" value="advmod"/>
		<feat xlink:href="#sPointingRel1607" value="case"/>
		<feat xlink:href="#sPointingRel1609" value="advmod"/>
		<feat xlink:href="#sPointingRel1611" value="nsubj"/>
		<feat xlink:href="#sPointingRel1613" value="case"/>
		<feat xlink:href="#sPointingRel1615" value="nsubj"/>
		<feat xlink:href="#sPointingRel1617" value="case"/>
		<feat xlink:href="#sPointingRel1619" value="det"/>
		<feat xlink:href="#sPointingRel1621" value="aux"/>
		<feat xlink:href="#sPointingRel1623" value="obl"/>
		<feat xlink:href="#sPointingRel1625" value="mark"/>
		<feat xlink:href="#sPointingRel1627" value="cc"/>
		<feat xlink:href="#sPointingRel1629" value="case"/>
		<feat xlink:href="#sPointingRel1631" value="obl"/>
		<feat xlink:href="#sPointingRel1633" value="det"/>
		<feat xlink:href="#sPointingRel1635" value="mark"/>
		<feat xlink:href="#sPointingRel1637" value="mark"/>
		<feat xlink:href="#sPointingRel1639" value="obl"/>
		<feat xlink:href="#sPointingRel1641" value="mark"/>
		<feat xlink:href="#sPointingRel1643" value="obj"/>
		<feat xlink:href="#sPointingRel1645" value="obl"/>
		<feat xlink:href="#sPointingRel1647" value="mark"/>
		<feat xlink:href="#sPointingRel1649" value="aux"/>
		<feat xlink:href="#sPointingRel1651" value="det"/>
		<feat xlink:href="#sPointingRel1653" value="obj"/>
		<feat xlink:href="#sPointingRel1655" value="obj"/>
		<feat xlink:href="#sPointingRel1657" value="nsubj"/>
		<feat xlink:href="#sPointingRel1659" value="case"/>
		<feat xlink:href="#sPointingRel1661" value="nsubj"/>
		<feat xlink:href="#sPointingRel1663" value="obl"/>
		<feat xlink:href="#sPointingRel1665" value="case"/>
		<feat xlink:href="#sPointingRel1667" value="mark"/>
		<feat xlink:href="#sPointingRel1669" value="aux"/>
		<feat xlink:href="#sPointingRel1671" value="mark"/>
		<feat xlink:href="#sPointingRel1673" value="det"/>
		<feat xlink:href="#sPointingRel1675" value="nsubj"/>
		<feat xlink:href="#sPointingRel1677" value="det"/>
		<feat xlink:href="#sPointingRel1679" value="advcl"/>
		<feat xlink:href="#sPointingRel1681" value="nsubj"/>
		<feat xlink:href="#sPointingRel1683" value="nsubj"/>
		<feat xlink:href="#sPointingRel1685" value="mark"/>
		<feat xlink:href="#sPointingRel1687" value="mark"/>
		<feat xlink:href="#sPointingRel1689" value="case"/>
		<feat xlink:href="#sPointingRel1691" value="case"/>
		<feat xlink:href="#sPointingRel1693" value="advcl"/>
		<feat xlink:href="#sPointingRel1695" value="dislocated"/>
		<feat xlink:href="#sPointingRel1697" value="nsubj"/>
		<feat xlink:href="#sPointingRel1699" value="advmod"/>
		<feat xlink:href="#sPointingRel1701" value="advcl"/>
		<feat xlink:href="#sPointingRel1703" value="case"/>
		<feat xlink:href="#sPointingRel1705" value="aux"/>
		<feat xlink:href="#sPointingRel1707" value="advcl"/>
		<feat xlink:href="#sPointingRel1709" value="nummod"/>
		<feat xlink:href="#sPointingRel1711" value="xcomp"/>
		<feat xlink:href="#sPointingRel1713" value="nsubj"/>
		<feat xlink:href="#sPointingRel1715" value="advmod"/>
		<feat xlink:href="#sPointingRel1717" value="det"/>
		<feat xlink:href="#sPointingRel1719" value="case"/>
		<feat xlink:href="#sPointingRel1721" value="obl"/>
		<feat xlink:href="#sPointingRel1723" value="nsubj"/>
		<feat xlink:href="#sPointingRel1725" value="mark"/>
		<feat xlink:href="#sPointingRel1727" value="det"/>
		<feat xlink:href="#sPointingRel1729" value="obl"/>
		<feat xlink:href="#sPointingRel1731" value="nsubj"/>
		<feat xlink:href="#sPointingRel1733" value="nmod"/>
		<feat xlink:href="#sPointingRel1735" value="obj"/>
		<feat xlink:href="#sPointingRel1737" value="aux"/>
		<feat xlink:href="#sPointingRel1739" value="det"/>
		<feat xlink:href="#sPointingRel1741" value="nsubj"/>
		<feat xlink:href="#sPointingRel1743" value="case"/>
		<feat xlink:href="#sPointingRel1745" value="mark"/>
		<feat xlink:href="#sPointingRel1747" value="case"/>
		<feat xlink:href="#sPointingRel1749" value="obj"/>
		<feat xlink:href="#sPointingRel1751" value="advmod"/>
		<feat xlink:href="#sPointingRel1753" value="case"/>
		<feat xlink:href="#sPointingRel1755" value="advmod"/>
		<feat xlink:href="#sPointingRel1757" value="det"/>
		<feat xlink:href="#sPointingRel1759" value="aux"/>
		<feat xlink:href="#sPointingRel1761" value="nsubj"/>
		<feat xlink:href="#sPointingRel1763" value="advmod"/>
		<feat xlink:href="#sPointingRel1765" value="obl"/>
		<feat xlink:href="#sPointingRel1767" value="case"/>
		<feat xlink:href="#sPointingRel1769" value="aux"/>
		<feat xlink:href="#sPointingRel1771" value="nmod"/>
		<feat xlink:href="#sPointingRel1773" value="det"/>
		<feat xlink:href="#sPointingRel1775" value="mark"/>
		<feat xlink:href="#sPointingRel1777" value="advmod"/>
		<feat xlink:href="#sPointingRel1779" value="advmod"/>
		<feat xlink:href="#sPointingRel1781" value="dislocated"/>
		<feat xlink:href="#sPointingRel1783" value="nsubj"/>
		<feat xlink:href="#sPointingRel1785" value="case"/>
		<feat xlink:href="#sPointingRel1787" value="aux"/>
		<feat xlink:href="#sPointingRel1789" value="mark"/>
		<feat xlink:href="#sPointingRel1791" value="det"/>
		<feat xlink:href="#sPointingRel1793" value="case"/>
		<feat xlink:href="#sPointingRel1795" value="obl"/>
		<feat xlink:href="#sPointingRel1797" value="nsubj"/>
		<feat xlink:href="#sPointingRel1799" value="det"/>
		<feat xlink:href="#sPointingRel1801" value="det"/>
		<feat xlink:href="#sPointingRel1803" value="nsubj"/>
		<feat xlink:href="#sPointingRel1805" value="det"/>
		<feat xlink:href="#sPointingRel1807" value="obl"/>
		<feat xlink:href="#sPointingRel1809" value="obl"/>
		<feat xlink:href="#sPointingRel1811" value="dislocated"/>
		<feat xlink:href="#sPointingRel1813" value="parataxis"/>
		<feat xlink:href="#sPointingRel1815" value="aux"/>
		<feat xlink:href="#sPointingRel1817" value="nsubj"/>
		<feat xlink:href="#sPointingRel1819" value="case"/>
		<feat xlink:href="#sPointingRel1821" value="nsubj"/>
		<feat xlink:href="#sPointingRel1823" value="nmod"/>
		<feat xlink:href="#sPointingRel1825" value="det"/>
		<feat xlink:href="#sPointingRel1827" value="aux"/>
		<feat xlink:href="#sPointingRel1829" value="mark"/>
		<feat xlink:href="#sPointingRel1831" value="nsubj"/>
		<feat xlink:href="#sPointingRel1833" value="aux"/>
		<feat xlink:href="#sPointingRel1835" value="conj"/>
		<feat xlink:href="#sPointingRel1837" value="vocative"/>
		<feat xlink:href="#sPointingRel1839" value="advmod"/>
		<feat xlink:href="#sPointingRel1841" value="conj"/>
		<feat xlink:href="#sPointingRel1843" value="advcl"/>
		<feat xlink:href="#sPointingRel1845" value="advmod"/>
		<feat xlink:href="#sPointingRel1847" value="appos"/>
		<feat xlink:href="#sPointingRel1849" value="advcl"/>
		<feat xlink:href="#sPointingRel1851" value="nmod"/>
		<feat xlink:href="#sPointingRel1853" value="case"/>
		<feat xlink:href="#sPointingRel1855" value="xcomp"/>
		<feat xlink:href="#sPointingRel1857" value="advmod"/>
		<feat xlink:href="#sPointingRel1859" value="obl"/>
		<feat xlink:href="#sPointingRel1861" value="nsubj"/>
		<feat xlink:href="#sPointingRel1863" value="obl"/>
		<feat xlink:href="#sPointingRel1865" value="nmod"/>
		<feat xlink:href="#sPointingRel1867" value="mark"/>
		<feat xlink:href="#sPointingRel1869" value="nsubj"/>
		<feat xlink:href="#sPointingRel1871" value="dislocated"/>
		<feat xlink:href="#sPointingRel1873" value="advmod"/>
		<feat xlink:href="#sPointingRel1875" value="mark"/>
		<feat xlink:href="#sPointingRel1877" value="det"/>
		<feat xlink:href="#sPointingRel1879" value="cc"/>
		<feat xlink:href="#sPointingRel1881" value="advcl"/>
		<feat xlink:href="#sPointingRel1883" value="advcl"/>
		<feat xlink:href="#sPointingRel1885" value="nsubj"/>
		<feat xlink:href="#sPointingRel1887" value="advmod"/>
		<feat xlink:href="#sPointingRel1889" value="det"/>
		<feat xlink:href="#sPointingRel1891" value="obj"/>
		<feat xlink:href="#sPointingRel1893" value="obl"/>
		<feat xlink:href="#sPointingRel1895" value="conj"/>
		<feat xlink:href="#sPointingRel1897" value="det"/>
		<feat xlink:href="#sPointingRel1899" value="nmod"/>
		<feat xlink:href="#sPointingRel1901" value="advmod"/>
		<feat xlink:href="#sPointingRel1903" value="obj"/>
		<feat xlink:href="#sPointingRel1905" value="det"/>
		<feat xlink:href="#sPointingRel1907" value="advcl"/>
		<feat xlink:href="#sPointingRel1909" value="nsubj"/>
		<feat xlink:href="#sPointingRel1911" value="nsubj"/>
		<feat xlink:href="#sPointingRel1913" value="advmod"/>
		<feat xlink:href="#sPointingRel1915" value="dislocated"/>
		<feat xlink:href="#sPointingRel1917" value="parataxis"/>
		<feat xlink:href="#sPointingRel1919" value="ccomp"/>
		<feat xlink:href="#sPointingRel1921" value="det"/>
		<feat xlink:href="#sPointingRel1923" value="nsubj"/>
		<feat xlink:href="#sPointingRel1925" value="ccomp"/>
		<feat xlink:href="#sPointingRel1927" value="obl"/>
		<feat xlink:href="#sPointingRel1929" value="parataxis"/>
		<feat xlink:href="#sPointingRel1931" value="nsubj"/>
		<feat xlink:href="#sPointingRel1933" value="obl"/>
		<feat xlink:href="#sPointingRel1935" value="nsubj"/>
		<feat xlink:href="#sPointingRel1937" value="dislocated"/>
		<feat xlink:href="#sPointingRel1939" value="conj"/>
		<feat xlink:href="#sPointingRel1941" value="obj"/>
		<feat xlink:href="#sPointingRel1943" value="nsubj"/>
		<feat xlink:href="#sPointingRel1945" value="det"/>
		<feat xlink:href="#sPointingRel1947" value="cc"/>
		<feat xlink:href="#sPointingRel1949" value="advmod"/>
		<feat xlink:href="#sPointingRel1951" value="obl"/>
		<feat xlink:href="#sPointingRel1953" value="aux"/>
		<feat xlink:href="#sPointingRel1955" value="case"/>
		<feat xlink:href="#sPointingRel1957" value="obl"/>
		<feat xlink:href="#sPointingRel1959" value="advcl"/>
		<feat xlink:href="#sPointingRel1961" value="advmod"/>
		<feat xlink:href="#sPointingRel1963" value="advmod"/>
		<feat xlink:href="#sPointingRel1965" value="obl"/>
		<feat xlink:href="#sPointingRel1967" value="advmod"/>
		<feat xlink:href="#sPointingRel1969" value="advmod"/>
		<feat xlink:href="#sPointingRel1971" value="nsubj"/>
		<feat xlink:href="#sPointingRel1973" value="conj"/>
		<feat xlink:href="#sPointingRel1975" value="conj"/>
		<feat xlink:href="#sPointingRel1977" value="case"/>
		<feat xlink:href="#sPointingRel1979" value="advmod"/>
		<feat xlink:href="#sPointingRel1981" value="case"/>
		<feat xlink:href="#sPointingRel1983" value="case"/>
		<feat xlink:href="#sPointingRel1985" value="advmod"/>
		<feat xlink:href="#sPointingRel1987" value="advmod"/>
		<feat xlink:href="#sPointingRel1989" value="det"/>
		<feat xlink:href="#sPointingRel1991" value="aux"/>
		<feat xlink:href="#sPointingRel1993" value="obl"/>
		<feat xlink:href="#sPointingRel1995" value="mark"/>
		<feat xlink:href="#sPointingRel1997" value="advcl"/>
		<feat xlink:href="#sPointingRel1999" value="case"/>
		<feat xlink:href="#sPointingRel2001" value="aux"/>
		<feat xlink:href="#sPointingRel2003" value="nsubj"/>
		<feat xlink:href="#sPointingRel2005" value="acl"/>
		<feat xlink:href="#sPointingRel2007" value="mark"/>
		<feat xlink:href="#sPointingRel2009" value="iobj"/>
		<feat xlink:href="#sPointingRel2011" value="det"/>
		<feat xlink:href="#sPointingRel2013" value="mark"/>
		<feat xlink:href="#sPointingRel2015" value="case"/>
		<feat xlink:href="#sPointingRel2017" value="obl"/>
		<feat xlink:href="#sPointingRel2019" value="cc"/>
		<feat xlink:href="#sPointingRel2021" value="nsubj"/>
		<feat xlink:href="#sPointingRel2023" value="obl"/>
		<feat xlink:href="#sPointingRel2025" value="ccomp"/>
		<feat xlink:href="#sPointingRel2027" value="nmod"/>
		<feat xlink:href="#sPointingRel2029" value="obj"/>
		<feat xlink:href="#sPointingRel2031" value="nmod"/>
		<feat xlink:href="#sPointingRel2033" value="dislocated"/>
		<feat xlink:href="#sPointingRel2035" value="case"/>
		<feat xlink:href="#sPointingRel2037" value="det"/>
		<feat xlink:href="#sPointingRel2039" value="acl"/>
		<feat xlink:href="#sPointingRel2041" value="mark"/>
		<feat xlink:href="#sPointingRel2043" value="parataxis"/>
		<feat xlink:href="#sPointingRel2045" value="obl"/>
		<feat xlink:href="#sPointingRel2047" value="cc"/>
		<feat xlink:href="#sPointingRel2049" value="aux"/>
		<feat xlink:href="#sPointingRel2051" value="advcl"/>
		<feat xlink:href="#sPointingRel2053" value="mark"/></featList></paula>