<?xml version='1.0' encoding='UTF-8'?><!DOCTYPE paula SYSTEM "paula_feat.dtd">
<paula version="1.1">
	<header paula_id="scriptorium.40_Matthew_08.mark_entity"/>
	<featList xmlns:xlink="http://www.w3.org/1999/xlink" type="entity" xml:base="scriptorium.40_Matthew_08.mark.xml">
		<feat xlink:href="#sSpan15" value="place"/>
		<feat xlink:href="#sSpan28" value="person"/>
		<feat xlink:href="#sSpan81" value="person"/>
		<feat xlink:href="#sSpan110" value="object"/>
		<feat xlink:href="#sSpan149" value="abstract"/>
		<feat xlink:href="#sSpan163" value="person"/>
		<feat xlink:href="#sSpan174" value="abstract"/>
		<feat xlink:href="#sSpan189" value="person"/>
		<feat xlink:href="#sSpan203" value="object"/>
		<feat xlink:href="#sSpan222" value="person"/>
		<feat xlink:href="#sSpan226" value="abstract"/>
		<feat xlink:href="#sSpan247" value="place"/>
		<feat xlink:href="#sSpan261" value="person"/>
		<feat xlink:href="#sSpan281" value="person"/>
		<feat xlink:href="#sSpan284" value="person"/>
		<feat xlink:href="#sSpan295" value="place"/>
		<feat xlink:href="#sSpan323" value="person"/>
		<feat xlink:href="#sSpan348" value="person"/>
		<feat xlink:href="#sSpan360" value="person"/>
		<feat xlink:href="#sSpan379" value="object"/>
		<feat xlink:href="#sSpan393" value="abstract"/>
		<feat xlink:href="#sSpan414" value="person"/>
		<feat xlink:href="#sSpan423" value="abstract"/>
		<feat xlink:href="#sSpan428" value="person"/>
		<feat xlink:href="#sSpan442" value="abstract"/>
		<feat xlink:href="#sSpan456" value="person"/>
		<feat xlink:href="#sSpan470" value="person"/>
		<feat xlink:href="#sSpan478" value="abstract"/>
		<feat xlink:href="#sSpan497" value="person"/>
		<feat xlink:href="#sSpan514" value="abstract"/>
		<feat xlink:href="#sSpan544" value="abstract"/>
		<feat xlink:href="#sSpan548" value="abstract"/>
		<feat xlink:href="#sSpan554" value="person"/>
		<feat xlink:href="#sSpan558" value="place"/>
		<feat xlink:href="#sSpan578" value="person"/>
		<feat xlink:href="#sSpan587" value="place"/>
		<feat xlink:href="#sSpan592" value="event"/>
		<feat xlink:href="#sSpan596" value="object"/>
		<feat xlink:href="#sSpan605" value="person"/>
		<feat xlink:href="#sSpan609" value="person"/>
		<feat xlink:href="#sSpan613" value="person"/>
		<feat xlink:href="#sSpan620" value="abstract"/>
		<feat xlink:href="#sSpan627" value="place"/>
		<feat xlink:href="#sSpan633" value="person"/>
		<feat xlink:href="#sSpan641" value="place"/>
		<feat xlink:href="#sSpan655" value="abstract"/>
		<feat xlink:href="#sSpan672" value="event"/>
		<feat xlink:href="#sSpan677" value="abstract"/>
		<feat xlink:href="#sSpan682" value="object"/>
		<feat xlink:href="#sSpan693" value="person"/>
		<feat xlink:href="#sSpan697" value="abstract"/>
		<feat xlink:href="#sSpan729" value="person"/>
		<feat xlink:href="#sSpan734" value="abstract"/>
		<feat xlink:href="#sSpan751" value="person"/>
		<feat xlink:href="#sSpan757" value="place"/>
		<feat xlink:href="#sSpan762" value="person"/>
		<feat xlink:href="#sSpan772" value="person"/>
		<feat xlink:href="#sSpan796" value="object"/>
		<feat xlink:href="#sSpan806" value="abstract"/>
		<feat xlink:href="#sSpan824" value="time"/>
		<feat xlink:href="#sSpan843" value="time"/>
		<feat xlink:href="#sSpan852" value="person"/>
		<feat xlink:href="#sSpan865" value="person"/>
		<feat xlink:href="#sSpan873" value="abstract"/>
		<feat xlink:href="#sSpan887" value="person"/>
		<feat xlink:href="#sSpan906" value="person"/>
		<feat xlink:href="#sSpan915" value="person"/>
		<feat xlink:href="#sSpan938" value="abstract"/>
		<feat xlink:href="#sSpan950" value="person"/>
		<feat xlink:href="#sSpan964" value="person"/>
		<feat xlink:href="#sSpan973" value="place"/>
		<feat xlink:href="#sSpan988" value="place"/>
		<feat xlink:href="#sSpan1006" value="person"/>
		<feat xlink:href="#sSpan1019" value="person"/>
		<feat xlink:href="#sSpan1030" value="place"/>
		<feat xlink:href="#sSpan1053" value="person"/>
		<feat xlink:href="#sSpan1057" value="animal"/>
		<feat xlink:href="#sSpan1063" value="abstract"/>
		<feat xlink:href="#sSpan1073" value="animal"/>
		<feat xlink:href="#sSpan1077" value="place"/>
		<feat xlink:href="#sSpan1090" value="person"/>
		<feat xlink:href="#sSpan1102" value="place"/>
		<feat xlink:href="#sSpan1107" value="person"/>
		<feat xlink:href="#sSpan1112" value="person"/>
		<feat xlink:href="#sSpan1120" value="person"/>
		<feat xlink:href="#sSpan1133" value="person"/>
		<feat xlink:href="#sSpan1150" value="person"/>
		<feat xlink:href="#sSpan1155" value="person"/>
		<feat xlink:href="#sSpan1171" value="person"/>
		<feat xlink:href="#sSpan1186" value="abstract"/>
		<feat xlink:href="#sSpan1195" value="person"/>
		<feat xlink:href="#sSpan1211" value="object"/>
		<feat xlink:href="#sSpan1224" value="person"/>
		<feat xlink:href="#sSpan1239" value="abstract"/>
		<feat xlink:href="#sSpan1251" value="place"/>
		<feat xlink:href="#sSpan1259" value="object"/>
		<feat xlink:href="#sSpan1268" value="abstract"/>
		<feat xlink:href="#sSpan1309" value="person"/>
		<feat xlink:href="#sSpan1340" value="abstract"/>
		<feat xlink:href="#sSpan1360" value="abstract"/>
		<feat xlink:href="#sSpan1365" value="place"/>
		<feat xlink:href="#sSpan1378" value="abstract"/>
		<feat xlink:href="#sSpan1386" value="person"/>
		<feat xlink:href="#sSpan1416" value="abstract"/>
		<feat xlink:href="#sSpan1420" value="abstract"/>
		<feat xlink:href="#sSpan1425" value="place"/>
		<feat xlink:href="#sSpan1445" value="place"/>
		<feat xlink:href="#sSpan1450" value="place"/>
		<feat xlink:href="#sSpan1455" value="person"/>
		<feat xlink:href="#sSpan1471" value="person"/>
		<feat xlink:href="#sSpan1477" value="person"/>
		<feat xlink:href="#sSpan1494" value="place"/>
		<feat xlink:href="#sSpan1511" value="abstract"/>
		<feat xlink:href="#sSpan1521" value="place"/>
		<feat xlink:href="#sSpan1562" value="person"/>
		<feat xlink:href="#sSpan1569" value="person"/>
		<feat xlink:href="#sSpan1582" value="place"/>
		<feat xlink:href="#sSpan1593" value="abstract"/>
		<feat xlink:href="#sSpan1598" value="time"/>
		<feat xlink:href="#sSpan1607" value="animal"/>
		<feat xlink:href="#sSpan1633" value="person"/>
		<feat xlink:href="#sSpan1664" value="place"/>
		<feat xlink:href="#sSpan1672" value="animal"/>
		<feat xlink:href="#sSpan1677" value="animal"/>
		<feat xlink:href="#sSpan1711" value="animal"/>
		<feat xlink:href="#sSpan1729" value="animal"/>
		<feat xlink:href="#sSpan1739" value="place"/>
		<feat xlink:href="#sSpan1748" value="place"/>
		<feat xlink:href="#sSpan1761" value="event"/>
		<feat xlink:href="#sSpan1766" value="person"/>
		<feat xlink:href="#sSpan1789" value="place"/>
		<feat xlink:href="#sSpan1801" value="abstract"/>
		<feat xlink:href="#sSpan1808" value="person"/>
		<feat xlink:href="#sSpan1815" value="person"/>
		<feat xlink:href="#sSpan1829" value="place"/>
		<feat xlink:href="#sSpan1849" value="person"/>
		<feat xlink:href="#sSpan1877" value="place"/></featList></paula>