<?xml version='1.0' encoding='UTF-8'?><!DOCTYPE paula SYSTEM "paula_feat.dtd">
<paula version="1.1">
	<header paula_id="scriptorium.40_Matthew_08.mark_translation"/>
	<featList xmlns:xlink="http://www.w3.org/1999/xlink" type="translation" xml:base="scriptorium.40_Matthew_08.mark.xml">
		<feat xlink:href="#sSpan3" value="When he came down from the mountain, great multitudes followed him."/>
		<feat xlink:href="#sSpan38" value="Behold, a leper came to him and worshiped him, saying, 'Lord, if you want to, you can make me clean.'"/>
		<feat xlink:href="#sSpan102" value="Jesus stretched out his hand, and touched him, saying, 'I want to. Be made clean.' Immediately his leprosy was cleansed."/>
		<feat xlink:href="#sSpan155" value="Jesus said to him, 'See that you tell nobody, but go, show yourself to the priest, and offer the gift that Moses commanded, as a testimony to them.'"/>
		<feat xlink:href="#sSpan237" value="When he came into Capernaum, a centurion came to him, asking him,"/>
		<feat xlink:href="#sSpan272" value="and saying, 'Lord, my servant lies in the house paralyzed, grievously tormented.'"/>
		<feat xlink:href="#sSpan315" value="Jesus said to him, 'I will come and heal him.'"/>
		<feat xlink:href="#sSpan340" value="The centurion answered, 'Lord, I'm not worthy for you to come under my roof. Just say the word, and my servant will be healed."/>
		<feat xlink:href="#sSpan406" value="For I am also a man under authority, having under myself soldiers. I tell this one, 'Go,' and he goes; and tell another, 'Come,' and he comes; and tell my servant, 'Do this,' and he does it.'"/>
		<feat xlink:href="#sSpan489" value="When Jesus heard it, he marveled, and said to those who followed, 'Most certainly I tell you, I haven't found so great a faith, not even in Israel."/>
		<feat xlink:href="#sSpan564" value="I tell you that many will come from the east and the west, and will sit down with Abraham, Isaac, and Jacob in the Kingdom of Heaven,"/>
		<feat xlink:href="#sSpan634" value="but the children of the Kingdom will be thrown out into the outer darkness. There will be weeping and gnashing of teeth.'"/>
		<feat xlink:href="#sSpan688" value="Jesus said to the centurion, 'Go your way. Let it be done for you as you have believed.' His servant was healed in that hour."/>
		<feat xlink:href="#sSpan743" value="When Jesus came into Peter's house, he saw his wife's mother lying sick with a fever."/>
		<feat xlink:href="#sSpan788" value="He touched her hand, and the fever left her. She got up and served him."/>
		<feat xlink:href="#sSpan826" value="When evening came, they brought to him many possessed with demons. He cast out the spirits with a word, and healed all who were sick;"/>
		<feat xlink:href="#sSpan897" value="that it might be fulfilled which was spoken through Isaiah the prophet, saying: 'He took our infirmities, and bore our diseases.'"/>
		<feat xlink:href="#sSpan956" value="Now when Jesus saw great multitudes around him, he gave the order to depart to the other side."/>
		<feat xlink:href="#sSpan994" value="A scribe came, and said to him, 'Teacher, I will follow you wherever you go.'"/>
		<feat xlink:href="#sSpan1045" value="Jesus said to him, 'The foxes have holes, and the birds of the sky have nests, but the Son of Man has nowhere to lay his head.'"/>
		<feat xlink:href="#sSpan1113" value="Another of his disciples said to him, 'Lord, allow me first to go and bury my father.'"/>
		<feat xlink:href="#sSpan1161" value="But Jesus said to him, 'Follow me, and leave the dead to bury their own dead.'"/>
		<feat xlink:href="#sSpan1203" value="When he got into a boat, his disciples followed him."/>
		<feat xlink:href="#sSpan1230" value="Behold, a violent storm came up on the sea, so much that the boat was covered with the waves, but he was asleep."/>
		<feat xlink:href="#sSpan1286" value="They came to him, and woke him up, saying, 'Save us, Lord! We are dying!'"/>
		<feat xlink:href="#sSpan1323" value="He said to them, 'Why are you fearful, O you of little faith?' Then he got up, rebuked the wind and the sea, and there was a great calm."/>
		<feat xlink:href="#sSpan1388" value="The men marveled, saying, 'What kind of man is this, that even the wind and the sea obey him?'"/>
		<feat xlink:href="#sSpan1437" value="When he came to the other side, into the country of the Gergesenes, two people possessed by demons met him there, coming out of the tombs, exceedingly fierce, so that nobody could pass that way."/>
		<feat xlink:href="#sSpan1530" value="Behold, they cried out, saying, 'What do we have to do with you, Jesus, Son of God? Have you come here to torment us before the time?'"/>
		<feat xlink:href="#sSpan1604" value="Now there was a herd of many pigs feeding far away from them."/>
		<feat xlink:href="#sSpan1635" value="The demons begged him, saying, 'If you cast us out, permit us to go away into the herd of pigs.'"/>
		<feat xlink:href="#sSpan1682" value="He said to them, 'Go!' They came out, and went into the herd of pigs: and behold, the whole herd of pigs rushed down the cliff into the sea, and died in the water."/>
		<feat xlink:href="#sSpan1767" value="Those who fed them fled, and went away into the city, and told everything, including what happened to those who were possessed with demons."/>
		<feat xlink:href="#sSpan1820" value="Behold, all the city came out to meet Jesus. When they saw him, they begged that he would depart from their borders."/></featList></paula>