<?xml version='1.0' encoding='UTF-8'?><!DOCTYPE paula SYSTEM "paula_feat.dtd">
<paula version="1.1">
	<header paula_id="scriptorium.40_Matthew_08.mark_multiword"/>
	<featList xmlns:xlink="http://www.w3.org/1999/xlink" type="multiword" xml:base="scriptorium.40_Matthew_08.mark.xml">
		<feat xlink:href="#sSpan41" value="ⲉⲓⲥ ϩⲏⲏⲧⲉ"/>
		<feat xlink:href="#sSpan58" value="ϯ ⲡⲉϥ ⲟⲩⲟⲓ"/>
		<feat xlink:href="#sSpan197" value="ⲧⲁⲗⲟ ⲉϩⲣⲁⲓ"/>
		<feat xlink:href="#sSpan252" value="ϯ ⲡⲉϥ ⲟⲩⲟⲓ"/>
		<feat xlink:href="#sSpan291" value="ϩⲣⲁⲓ ϩⲛ"/>
		<feat xlink:href="#sSpan373" value="ⲉⲓ ⲉϩⲟⲩⲛ"/>
		<feat xlink:href="#sSpan405" value="ⲕⲁⲓ ⲅⲁⲣ"/>
		<feat xlink:href="#sSpan517" value="ⲟⲩⲱϩ ⲛⲥⲁ"/>
		<feat xlink:href="#sSpan540" value="ϩⲉ ⲉ"/>
		<feat xlink:href="#sSpan581" value="ⲛⲏⲩ ⲉⲃⲟⲗ"/>
		<feat xlink:href="#sSpan616" value="ϩⲣⲁⲓ ϩⲛ"/>
		<feat xlink:href="#sSpan848" value="ⲉⲓⲣⲉ ⲛ"/>
		<feat xlink:href="#sSpan859" value="ⲛⲟⲩϫⲉ ⲉⲃⲟⲗ"/>
		<feat xlink:href="#sSpan886" value="ⲟⲩⲟⲛ ⲛⲓⲙ"/>
		<feat xlink:href="#sSpan946" value="ⲧⲱⲟⲩⲛ ϩⲁ"/>
		<feat xlink:href="#sSpan969" value="ⲙⲏⲏϣⲉ ⲛ"/>
		<feat xlink:href="#sSpan984" value="ⲃⲱⲕ ⲉ"/>
		<feat xlink:href="#sSpan997" value="ϯ ⲡⲉϥ ⲟⲩⲟⲓ"/>
		<feat xlink:href="#sSpan1037" value="ⲃⲱⲕ ⲉ"/>
		<feat xlink:href="#sSpan1233" value="ⲉⲓⲥ ϩⲏⲏⲧⲉ"/>
		<feat xlink:href="#sSpan1429" value="ⲥⲱⲧⲙ ⲛⲥⲁ"/>
		<feat xlink:href="#sSpan1488" value="ⲛⲏⲩ ⲉⲃⲟⲗ"/>
		<feat xlink:href="#sSpan1515" value="ⲉⲓ ⲉⲃⲟⲗ"/>
		<feat xlink:href="#sSpan1533" value="ⲉⲓⲥ ϩⲏⲏⲧⲉ"/>
		<feat xlink:href="#sSpan1578" value="ⲉⲓ ⲉ"/>
		<feat xlink:href="#sSpan1698" value="ⲉⲓ ⲉⲃⲟⲗ"/>
		<feat xlink:href="#sSpan1705" value="ⲃⲱⲕ ⲉϩⲟⲩⲛ"/>
		<feat xlink:href="#sSpan1717" value="ⲉⲓⲥ ϩⲏⲏⲧⲉ"/>
		<feat xlink:href="#sSpan1757" value="ϩⲣⲁⲓ ϩⲛ"/>
		<feat xlink:href="#sSpan1783" value="ⲃⲱⲕ ⲉϩⲣⲁⲓ"/>
		<feat xlink:href="#sSpan1800" value="ϩⲱⲃ ⲛⲓⲙ"/>
		<feat xlink:href="#sSpan1811" value="ⲉⲓⲣⲉ ⲛ"/>
		<feat xlink:href="#sSpan1823" value="ⲉⲓⲥ ϩⲏⲏⲧⲉ"/>
		<feat xlink:href="#sSpan1838" value="ⲉⲓ ⲉⲃⲟⲗ"/>
		<feat xlink:href="#sSpan1871" value="ⲡⲱⲱⲛⲉ ⲉⲃⲟⲗ"/></featList></paula>