<?xml version='1.0' encoding='UTF-8'?><!DOCTYPE paula SYSTEM "paula_feat.dtd">
<paula version="1.1">
	<header paula_id="scriptorium.GF31-32.mark_hi_rend"/>
	<featList xmlns:xlink="http://www.w3.org/1999/xlink" type="hi_rend" xml:base="scriptorium.GF31-32.mark.xml">
		<feat xlink:href="#sSpan63" value="ekthetic"/>
		<feat xlink:href="#sSpan332" value="ekthetic"/>
		<feat xlink:href="#sSpan465" value="ekthetic"/>
		<feat xlink:href="#sSpan596" value="ekthetic"/>
		<feat xlink:href="#sSpan685" value="ekthetic"/>
		<feat xlink:href="#sSpan909" value="ekthetic"/>
		<feat xlink:href="#sSpan946" value="ekthetic"/>
		<feat xlink:href="#sSpan1052" value="ekthetic"/>
		<feat xlink:href="#sSpan1111" value="ekthetic"/>
		<feat xlink:href="#sSpan1234" value="ekthetic"/>
		<feat xlink:href="#sSpan1387" value="ekthetic"/></featList></paula>