<?xml version='1.0' encoding='UTF-8'?><!DOCTYPE paula SYSTEM "paula_rel.dtd">
<paula version="1.1">
	<header paula_id="scriptorium.GF31-32.head"/>
	<relList xmlns:xlink="http://www.w3.org/1999/xlink" type="head">
		<rel id="sPointingRel819" xlink:href="scriptorium.GF31-32.mark.xml#sSpan1224" target="scriptorium.GF31-32.mark.xml#sSpan1228"/>
		<rel id="sPointingRel821" xlink:href="scriptorium.GF31-32.mark.xml#sSpan1306" target="scriptorium.GF31-32.mark.xml#sSpan1310"/>
		<rel id="sPointingRel823" xlink:href="scriptorium.GF31-32.mark.xml#sSpan838" target="scriptorium.GF31-32.mark.xml#sSpan840"/>
		<rel id="sPointingRel825" xlink:href="scriptorium.GF31-32.mark.xml#sSpan620" target="scriptorium.GF31-32.mark.xml#sSpan618"/>
		<rel id="sPointingRel827" xlink:href="scriptorium.GF31-32.mark.xml#sSpan281" target="scriptorium.GF31-32.mark.xml#sSpan279"/>
		<rel id="sPointingRel829" xlink:href="scriptorium.GF31-32.mark.xml#sSpan642" target="scriptorium.GF31-32.mark.xml#sSpan640"/>
		<rel id="sPointingRel831" xlink:href="scriptorium.GF31-32.mark.xml#sSpan365" target="scriptorium.GF31-32.mark.xml#sSpan366"/>
		<rel id="sPointingRel833" xlink:href="scriptorium.GF31-32.mark.xml#sSpan454" target="scriptorium.GF31-32.mark.xml#sSpan452"/>
		<rel id="sPointingRel835" xlink:href="scriptorium.GF31-32.mark.xml#sSpan508" target="scriptorium.GF31-32.mark.xml#sSpan506"/>
		<rel id="sPointingRel837" xlink:href="scriptorium.GF31-32.mark.xml#sSpan1006" target="scriptorium.GF31-32.mark.xml#sSpan1007"/>
		<rel id="sPointingRel839" xlink:href="scriptorium.GF31-32.mark.xml#sSpan157" target="scriptorium.GF31-32.mark.xml#sSpan155"/>
		<rel id="sPointingRel841" xlink:href="scriptorium.GF31-32.mark.xml#sSpan357" target="scriptorium.GF31-32.mark.xml#sSpan355"/>
		<rel id="sPointingRel843" xlink:href="scriptorium.GF31-32.mark.xml#sSpan746" target="scriptorium.GF31-32.mark.xml#sSpan744"/>
		<rel id="sPointingRel845" xlink:href="scriptorium.GF31-32.mark.xml#sSpan942" target="scriptorium.GF31-32.mark.xml#sSpan943"/>
		<rel id="sPointingRel847" xlink:href="scriptorium.GF31-32.mark.xml#sSpan923" target="scriptorium.GF31-32.mark.xml#sSpan921"/>
		<rel id="sPointingRel849" xlink:href="scriptorium.GF31-32.mark.xml#sSpan935" target="scriptorium.GF31-32.mark.xml#sSpan931"/>
		<rel id="sPointingRel851" xlink:href="scriptorium.GF31-32.mark.xml#sSpan1418" target="scriptorium.GF31-32.mark.xml#sSpan1420"/>
		<rel id="sPointingRel853" xlink:href="scriptorium.GF31-32.mark.xml#sSpan58" target="scriptorium.GF31-32.mark.xml#sSpan56"/>
		<rel id="sPointingRel855" xlink:href="scriptorium.GF31-32.mark.xml#sSpan496" target="scriptorium.GF31-32.mark.xml#sSpan494"/>
		<rel id="sPointingRel857" xlink:href="scriptorium.GF31-32.mark.xml#sSpan675" target="scriptorium.GF31-32.mark.xml#sSpan673"/>
		<rel id="sPointingRel859" xlink:href="scriptorium.GF31-32.mark.xml#sSpan1021" target="scriptorium.GF31-32.mark.xml#sSpan1026"/>
		<rel id="sPointingRel861" xlink:href="scriptorium.GF31-32.mark.xml#sSpan1559" target="scriptorium.GF31-32.mark.xml#sSpan1557"/>
		<rel id="sPointingRel863" xlink:href="scriptorium.GF31-32.mark.xml#sSpan138" target="scriptorium.GF31-32.mark.xml#sSpan136"/>
		<rel id="sPointingRel865" xlink:href="scriptorium.GF31-32.mark.xml#sSpan271" target="scriptorium.GF31-32.mark.xml#sSpan272"/>
		<rel id="sPointingRel867" xlink:href="scriptorium.GF31-32.mark.xml#sSpan1085" target="scriptorium.GF31-32.mark.xml#sSpan1087"/>
		<rel id="sPointingRel869" xlink:href="scriptorium.GF31-32.mark.xml#sSpan665" target="scriptorium.GF31-32.mark.xml#sSpan667"/>
		<rel id="sPointingRel871" xlink:href="scriptorium.GF31-32.mark.xml#sSpan851" target="scriptorium.GF31-32.mark.xml#sSpan849"/>
		<rel id="sPointingRel873" xlink:href="scriptorium.GF31-32.mark.xml#sSpan725" target="scriptorium.GF31-32.mark.xml#sSpan727"/>
		<rel id="sPointingRel875" xlink:href="scriptorium.GF31-32.mark.xml#sSpan706" target="scriptorium.GF31-32.mark.xml#sSpan708"/>
		<rel id="sPointingRel877" xlink:href="scriptorium.GF31-32.mark.xml#sSpan171" target="scriptorium.GF31-32.mark.xml#sSpan172"/>
		<rel id="sPointingRel879" xlink:href="scriptorium.GF31-32.mark.xml#sSpan1519" target="scriptorium.GF31-32.mark.xml#sSpan1517"/>
		<rel id="sPointingRel881" xlink:href="scriptorium.GF31-32.mark.xml#sSpan92" target="scriptorium.GF31-32.mark.xml#sSpan90"/>
		<rel id="sPointingRel883" xlink:href="scriptorium.GF31-32.mark.xml#sSpan590" target="scriptorium.GF31-32.mark.xml#sSpan588"/>
		<rel id="sPointingRel885" xlink:href="scriptorium.GF31-32.mark.xml#sSpan1463" target="scriptorium.GF31-32.mark.xml#sSpan1464"/>
		<rel id="sPointingRel887" xlink:href="scriptorium.GF31-32.mark.xml#sSpan1576" target="scriptorium.GF31-32.mark.xml#sSpan1573"/>
		<rel id="sPointingRel889" xlink:href="scriptorium.GF31-32.mark.xml#sSpan414" target="scriptorium.GF31-32.mark.xml#sSpan412"/>
		<rel id="sPointingRel891" xlink:href="scriptorium.GF31-32.mark.xml#sSpan772" target="scriptorium.GF31-32.mark.xml#sSpan768"/>
		<rel id="sPointingRel893" xlink:href="scriptorium.GF31-32.mark.xml#sSpan1247" target="scriptorium.GF31-32.mark.xml#sSpan1251"/>
		<rel id="sPointingRel895" xlink:href="scriptorium.GF31-32.mark.xml#sSpan1483" target="scriptorium.GF31-32.mark.xml#sSpan1481"/>
		<rel id="sPointingRel897" xlink:href="scriptorium.GF31-32.mark.xml#sSpan654" target="scriptorium.GF31-32.mark.xml#sSpan652"/>
		<rel id="sPointingRel899" xlink:href="scriptorium.GF31-32.mark.xml#sSpan323" target="scriptorium.GF31-32.mark.xml#sSpan326"/>
		<rel id="sPointingRel901" xlink:href="scriptorium.GF31-32.mark.xml#sSpan1041" target="scriptorium.GF31-32.mark.xml#sSpan1043"/>
		<rel id="sPointingRel903" xlink:href="scriptorium.GF31-32.mark.xml#sSpan19" target="scriptorium.GF31-32.mark.xml#sSpan23"/>
		<rel id="sPointingRel905" xlink:href="scriptorium.GF31-32.mark.xml#sSpan37" target="scriptorium.GF31-32.mark.xml#sSpan38"/>
		<rel id="sPointingRel907" xlink:href="scriptorium.GF31-32.mark.xml#sSpan867" target="scriptorium.GF31-32.mark.xml#sSpan865"/>
		<rel id="sPointingRel909" xlink:href="scriptorium.GF31-32.mark.xml#sSpan1431" target="scriptorium.GF31-32.mark.xml#sSpan1432"/>
		<rel id="sPointingRel911" xlink:href="scriptorium.GF31-32.mark.xml#sSpan826" target="scriptorium.GF31-32.mark.xml#sSpan827"/>
		<rel id="sPointingRel913" xlink:href="scriptorium.GF31-32.mark.xml#sSpan232" target="scriptorium.GF31-32.mark.xml#sSpan233"/>
		<rel id="sPointingRel915" xlink:href="scriptorium.GF31-32.mark.xml#sSpan1171" target="scriptorium.GF31-32.mark.xml#sSpan1173"/>
		<rel id="sPointingRel917" xlink:href="scriptorium.GF31-32.mark.xml#sSpan1209" target="scriptorium.GF31-32.mark.xml#sSpan1207"/>
		<rel id="sPointingRel919" xlink:href="scriptorium.GF31-32.mark.xml#sSpan1138" target="scriptorium.GF31-32.mark.xml#sSpan1136"/>
		<rel id="sPointingRel921" xlink:href="scriptorium.GF31-32.mark.xml#sSpan5" target="scriptorium.GF31-32.mark.xml#sSpan3"/>
		<rel id="sPointingRel923" xlink:href="scriptorium.GF31-32.mark.xml#sSpan989" target="scriptorium.GF31-32.mark.xml#sSpan991"/>
		<rel id="sPointingRel925" xlink:href="scriptorium.GF31-32.mark.xml#sSpan209" target="scriptorium.GF31-32.mark.xml#sSpan207"/>
		<rel id="sPointingRel927" xlink:href="scriptorium.GF31-32.mark.xml#sSpan954" target="scriptorium.GF31-32.mark.xml#sSpan955"/>
		<rel id="sPointingRel929" xlink:href="scriptorium.GF31-32.mark.xml#sSpan1262" target="scriptorium.GF31-32.mark.xml#sSpan1265"/>
		<rel id="sPointingRel931" xlink:href="scriptorium.GF31-32.mark.xml#sSpan1447" target="scriptorium.GF31-32.mark.xml#sSpan1449"/>
		<rel id="sPointingRel933" xlink:href="scriptorium.GF31-32.mark.xml#sSpan83" target="scriptorium.GF31-32.mark.xml#sSpan87"/>
		<rel id="sPointingRel935" xlink:href="scriptorium.GF31-32.mark.xml#sSpan1281" target="scriptorium.GF31-32.mark.xml#sSpan1284"/>
		<rel id="sPointingRel937" xlink:href="scriptorium.GF31-32.mark.xml#sSpan890" target="scriptorium.GF31-32.mark.xml#sSpan892"/>
		<rel id="sPointingRel939" xlink:href="scriptorium.GF31-32.mark.xml#sSpan1541" target="scriptorium.GF31-32.mark.xml#sSpan1539"/>
		<rel id="sPointingRel941" xlink:href="scriptorium.GF31-32.mark.xml#sSpan304" target="scriptorium.GF31-32.mark.xml#sSpan305"/>
		<rel id="sPointingRel943" xlink:href="scriptorium.GF31-32.mark.xml#sSpan101" target="scriptorium.GF31-32.mark.xml#sSpan105"/>
		<rel id="sPointingRel945" xlink:href="scriptorium.GF31-32.mark.xml#sSpan735" target="scriptorium.GF31-32.mark.xml#sSpan737"/></relList></paula>