<?xml version='1.0' encoding='UTF-8'?><!DOCTYPE paula SYSTEM "paula_feat.dtd">
<paula version="1.1">
	<header paula_id="scriptorium.GF31-32.mark_orig"/>
	<featList xmlns:xlink="http://www.w3.org/1999/xlink" type="orig" xml:base="scriptorium.GF31-32.mark.xml">
		<feat xlink:href="#sSpan4" value="ⲓⲟⲩⲇⲁⲓ̈"/>
		<feat xlink:href="#sSpan14" value="ⲙⲛ"/>
		<feat xlink:href="#sSpan18" value="ⲛ"/>
		<feat xlink:href="#sSpan24" value="ϩⲉⲗⲗⲏⲛ"/>
		<feat xlink:href="#sSpan27" value="·"/>
		<feat xlink:href="#sSpan31" value="ⲁ"/>
		<feat xlink:href="#sSpan36" value="ⲛⲉⲛ"/>
		<feat xlink:href="#sSpan39" value="ϩⲃⲏⲩⲉ"/>
		<feat xlink:href="#sSpan41" value="ⲛ"/>
		<feat xlink:href="#sSpan46" value="ⲥⲙⲛⲟⲛ"/>
		<feat xlink:href="#sSpan48" value="ϣⲱⲡⲉ"/>
		<feat xlink:href="#sSpan53" value="ⲛ"/>
		<feat xlink:href="#sSpan57" value="ⲥⲱⲃⲉ"/>
		<feat xlink:href="#sSpan60" value="·"/>
		<feat xlink:href="#sSpan65" value="ⲁⲩⲱ"/>
		<feat xlink:href="#sSpan71" value="ⲟⲛ"/>
		<feat xlink:href="#sSpan75" value="ϫⲉ"/>
		<feat xlink:href="#sSpan80" value="ⲱ"/>
		<feat xlink:href="#sSpan82" value="ⲡ"/>
		<feat xlink:href="#sSpan88" value="ⲣⲱⲙⲉ"/>
		<feat xlink:href="#sSpan91" value="ⲓ︤ⲥ︥"/>
		<feat xlink:href="#sSpan96" value="ⲡⲉ"/>
		<feat xlink:href="#sSpan100" value="ⲧ"/>
		<feat xlink:href="#sSpan106" value="ⲙⲉ"/>
		<feat xlink:href="#sSpan108" value="·"/>
		<feat xlink:href="#sSpan112" value="ⲙⲡⲉⲣ"/>
		<feat xlink:href="#sSpan117" value="ϭⲱϣⲧ"/>
		<feat xlink:href="#sSpan120" value="ⲉⲣⲟ"/>
		<feat xlink:href="#sSpan124" value="ⲓ"/>
		<feat xlink:href="#sSpan127" value="ⲁⲗⲗⲁ"/>
		<feat xlink:href="#sSpan131" value="ⲛⲥⲁ"/>
		<feat xlink:href="#sSpan137" value="ⲓ︤ⲥ︥"/>
		<feat xlink:href="#sSpan140" value="·"/>
		<feat xlink:href="#sSpan144" value="ⲙⲡⲣ"/>
		<feat xlink:href="#sSpan149" value="ⲙⲟⲩⲧⲉ"/>
		<feat xlink:href="#sSpan152" value="ⲉ"/>
		<feat xlink:href="#sSpan156" value="ⲥⲁϩ"/>
		<feat xlink:href="#sSpan159" value="ⲛⲏ"/>
		<feat xlink:href="#sSpan163" value="ⲧⲛ"/>
		<feat xlink:href="#sSpan165" value="ϩⲉⲓϫⲙ"/>
		<feat xlink:href="#sSpan170" value="ⲡ"/>
		<feat xlink:href="#sSpan173" value="ⲕⲁϩ"/>
		<feat xlink:href="#sSpan175" value="·"/>
		<feat xlink:href="#sSpan179" value="ⲛ"/>
		<feat xlink:href="#sSpan184" value="ⲑ"/>
		<feat xlink:href="#sSpan187" value="ⲉ"/>
		<feat xlink:href="#sSpan189" value="ⲉⲧ"/>
		<feat xlink:href="#sSpan193" value="ⲉⲓ̈"/>
		<feat xlink:href="#sSpan195" value="ⲛⲁ"/>
		<feat xlink:href="#sSpan197" value="ⲁⲁ"/>
		<feat xlink:href="#sSpan199" value="ⲥ"/>
		<feat xlink:href="#sSpan201" value="ⲙⲛⲧⲉ"/>
		<feat xlink:href="#sSpan206" value="ⲕ"/>
		<feat xlink:href="#sSpan208" value="ϩⲱⲃ"/>
		<feat xlink:href="#sSpan213" value="ⲛⲙⲙⲁ"/>
		<feat xlink:href="#sSpan217" value="ⲓ"/>
		<feat xlink:href="#sSpan219" value="·"/>
		<feat xlink:href="#sSpan223" value="ⲛ"/>
		<feat xlink:href="#sSpan229" value="ⲧⲉⲧⲛ"/>
		<feat xlink:href="#sSpan231" value="ⲛ"/>
		<feat xlink:href="#sSpan234" value="ϩⲙϩⲁⲗ"/>
		<feat xlink:href="#sSpan236" value="ⲁⲛ"/>
		<feat xlink:href="#sSpan241" value="ⲛ"/>
		<feat xlink:href="#sSpan245" value="ⲣⲱⲙⲉ"/>
		<feat xlink:href="#sSpan247" value="·"/>
		<feat xlink:href="#sSpan251" value="ⲛⲧ"/>
		<feat xlink:href="#sSpan256" value="ⲁ"/>
		<feat xlink:href="#sSpan258" value="ⲩ"/>
		<feat xlink:href="#sSpan260" value="ϣⲉⲡ"/>
		<feat xlink:href="#sSpan263" value="ⲧⲏⲩⲧⲛ"/>
		<feat xlink:href="#sSpan265" value="ϩⲁ"/>
		<feat xlink:href="#sSpan270" value="ⲟⲩ"/>
		<feat xlink:href="#sSpan273" value="ⲁⲥⲟⲩ"/>
		<feat xlink:href="#sSpan275" value="·"/>
		<feat xlink:href="#sSpan280" value="ⲓ︤ⲥ︥"/>
		<feat xlink:href="#sSpan286" value="ⲡ"/>
		<feat xlink:href="#sSpan290" value="ⲉⲛⲧ"/>
		<feat xlink:href="#sSpan293" value="ⲁ"/>
		<feat xlink:href="#sSpan295" value="ϥ"/>
		<feat xlink:href="#sSpan297" value="ϯ"/>
		<feat xlink:href="#sSpan299" value="ⲙ"/>
		<feat xlink:href="#sSpan303" value="ⲡⲉϥ"/>
		<feat xlink:href="#sSpan306" value="ⲥⲛⲟϥ"/>
		<feat xlink:href="#sSpan309" value="ⲡ"/>
		<feat xlink:href="#sSpan313" value="ⲉⲧ"/>
		<feat xlink:href="#sSpan315" value="ⲙⲙⲁⲩ"/>
		<feat xlink:href="#sSpan317" value="ⲡⲉ"/>
		<feat xlink:href="#sSpan322" value="ⲡⲉⲧⲛ"/>
		<feat xlink:href="#sSpan327" value="ϫⲟⲉⲓⲥ"/>
		<feat xlink:href="#sSpan329" value="·"/>
		<feat xlink:href="#sSpan334" value="ⲁⲩⲱ"/>
		<feat xlink:href="#sSpan340" value="ⲟⲛ"/>
		<feat xlink:href="#sSpan344" value="ϫⲉ"/>
		<feat xlink:href="#sSpan349" value="ⲧⲁⲓⲭⲁ"/>
		<feat xlink:href="#sSpan351" value="ⲟⲩⲛ"/>
		<feat xlink:href="#sSpan356" value="ϩⲟⲉⲓⲛⲉ"/>
		<feat xlink:href="#sSpan359" value="ϩⲙ"/>
		<feat xlink:href="#sSpan363" value="ⲡ"/>
		<feat xlink:href="#sSpan367" value="ⲧⲣⲉ"/>
		<feat xlink:href="#sSpan369" value="ⲩ"/>
		<feat xlink:href="#sSpan371" value="ⲥⲱⲧⲙ"/>
		<feat xlink:href="#sSpan373" value="ⲉⲣⲟ"/>
		<feat xlink:href="#sSpan378" value="ⲓ"/>
		<feat xlink:href="#sSpan380" value="ⲥⲉ"/>
		<feat xlink:href="#sSpan384" value="ⲛⲁ"/>
		<feat xlink:href="#sSpan386" value="ϫⲟⲟ"/>
		<feat xlink:href="#sSpan388" value="ⲥ"/>
		<feat xlink:href="#sSpan390" value="ϫⲉ"/>
		<feat xlink:href="#sSpan395" value="ϯ"/>
		<feat xlink:href="#sSpan397" value="ⲛⲁ"/>
		<feat xlink:href="#sSpan399" value="ⲃⲱⲕ"/>
		<feat xlink:href="#sSpan402" value="ⲉⲃⲟⲗ"/>
		<feat xlink:href="#sSpan407" value="ⲧⲁ"/>
		<feat xlink:href="#sSpan411" value="ⲧⲱⲣⲡ"/>
		<feat xlink:href="#sSpan413" value="ⲡ"/>
		<feat xlink:href="#sSpan421" value="ⲉⲧ"/>
		<feat xlink:href="#sSpan424" value="ⲧⲉⲓⲥⲃⲱ"/>
		<feat xlink:href="#sSpan428" value="ⲅⲁⲣ"/>
		<feat xlink:href="#sSpan432" value="ⲉ"/>
		<feat xlink:href="#sSpan437" value="ϥ"/>
		<feat xlink:href="#sSpan439" value="ⲟ"/>
		<feat xlink:href="#sSpan441" value="ⲛ"/>
		<feat xlink:href="#sSpan445" value="ⲑ"/>
		<feat xlink:href="#sSpan447" value="ⲉ"/>
		<feat xlink:href="#sSpan449" value="ⲙ"/>
		<feat xlink:href="#sSpan453" value="ⲡ"/>
		<feat xlink:href="#sSpan456" value="ⲉⲧ"/>
		<feat xlink:href="#sSpan459" value="ⲡⲁⲣⲁⲕⲁⲗⲉⲓ"/>
		<feat xlink:href="#sSpan462" value="·"/>
		<feat xlink:href="#sSpan468" value="ⲧⲁⲭⲁ"/>
		<feat xlink:href="#sSpan475" value="ⲅⲁⲣ"/>
		<feat xlink:href="#sSpan479" value="ⲕ"/>
		<feat xlink:href="#sSpan483" value="ϩⲏⲡ"/>
		<feat xlink:href="#sSpan486" value="ⲟⲡⲧⲉⲩⲉ"/>
		<feat xlink:href="#sSpan491" value="ϫⲉ"/>
		<feat xlink:href="#sSpan495" value="ⲡ"/>
		<feat xlink:href="#sSpan498" value="ⲉⲧ"/>
		<feat xlink:href="#sSpan500" value="ϫⲱ"/>
		<feat xlink:href="#sSpan502" value="ⲛ"/>
		<feat xlink:href="#sSpan507" value="ⲛⲁⲓ̈"/>
		<feat xlink:href="#sSpan510" value="ⲉⲥⲱⲁⲛ"/>
		<feat xlink:href="#sSpan514" value="ⲧⲁϩⲟ"/>
		<feat xlink:href="#sSpan517" value="ϥ"/>
		<feat xlink:href="#sSpan519" value="ⲛ"/>
		<feat xlink:href="#sSpan523" value="ϥ"/>
		<feat xlink:href="#sSpan526" value="ⲣⲙⲁⲓⲧⲟ"/>
		<feat xlink:href="#sSpan530" value="ⲛ"/>
		<feat xlink:href="#sSpan535" value="ϩⲟⲩⲟ"/>
		<feat xlink:href="#sSpan537" value="·"/>
		<feat xlink:href="#sSpan541" value="ⲉ"/>
		<feat xlink:href="#sSpan545" value="ϥ"/>
		<feat xlink:href="#sSpan547" value="ⲛⲁ"/>
		<feat xlink:href="#sSpan550" value="ⲡⲗⲉⲟⲛⲉⲕⲧⲉⲓ̈"/>
		<feat xlink:href="#sSpan553" value="·"/>
		<feat xlink:href="#sSpan557" value="ⲁⲩⲱ"/>
		<feat xlink:href="#sSpan563" value="ⲛⲉ"/>
		<feat xlink:href="#sSpan567" value="ⲕ"/>
		<feat xlink:href="#sSpan570" value="ⲡⲗⲁⲛⲁ"/>
		<feat xlink:href="#sSpan573" value="ⲁⲛ"/>
		<feat xlink:href="#sSpan577" value="ⲉ"/>
		<feat xlink:href="#sSpan581" value="ⲕ"/>
		<feat xlink:href="#sSpan583" value="ϫⲱ"/>
		<feat xlink:href="#sSpan585" value="ⲛ"/>
		<feat xlink:href="#sSpan589" value="ⲛⲁⲓ̈"/>
		<feat xlink:href="#sSpan593" value="·"/>
		<feat xlink:href="#sSpan598" value="ⲉⲃⲟⲗ"/>
		<feat xlink:href="#sSpan605" value="ⲇⲉ"/>
		<feat xlink:href="#sSpan609" value="ⲟⲛ"/>
		<feat xlink:href="#sSpan613" value="ϫⲉ"/>
		<feat xlink:href="#sSpan617" value="ⲟⲩⲛ"/>
		<feat xlink:href="#sSpan619" value="ⲡ"/>
		<feat xlink:href="#sSpan623" value="ⲉⲧ"/>
		<feat xlink:href="#sSpan625" value="ⲙⲟⲥⲧⲉ"/>
		<feat xlink:href="#sSpan627" value="·"/>
		<feat xlink:href="#sSpan631" value="ⲁⲩⲱ"/>
		<feat xlink:href="#sSpan636" value="ⲟⲩⲛ"/>
		<feat xlink:href="#sSpan641" value="ⲛ"/>
		<feat xlink:href="#sSpan644" value="ⲉⲧ"/>
		<feat xlink:href="#sSpan646" value="ⲕⲱⲙϣ"/>
		<feat xlink:href="#sSpan648" value="ⲛⲥⲁ"/>
		<feat xlink:href="#sSpan653" value="ⲛ"/>
		<feat xlink:href="#sSpan656" value="ⲉⲧ"/>
		<feat xlink:href="#sSpan658" value="ϫⲱ"/>
		<feat xlink:href="#sSpan660" value="ⲛ"/>
		<feat xlink:href="#sSpan664" value="ⲧ"/>
		<feat xlink:href="#sSpan668" value="ⲙⲉ"/>
		<feat xlink:href="#sSpan670" value="ⲛ"/>
		<feat xlink:href="#sSpan674" value="ⲟⲩⲟⲉⲓϣ"/>
		<feat xlink:href="#sSpan677" value="ⲛⲓⲙ"/>
		<feat xlink:href="#sSpan682" value="·"/>
		<feat xlink:href="#sSpan687" value="ⲡⲉϫⲁ"/>
		<feat xlink:href="#sSpan693" value="ϥ"/>
		<feat xlink:href="#sSpan695" value="ϫⲉ"/>
		<feat xlink:href="#sSpan699" value="ⲁ"/>
		<feat xlink:href="#sSpan701" value="ⲛ"/>
		<feat xlink:href="#sSpan703" value="ϫⲉ"/>
		<feat xlink:href="#sSpan705" value="ⲡ"/>
		<feat xlink:href="#sSpan709" value="ⲣⲱϣⲉ"/>
		<feat xlink:href="#sSpan711" value="·"/>
		<feat xlink:href="#sSpan715" value="ⲁ"/>
		<feat xlink:href="#sSpan720" value="ⲛ"/>
		<feat xlink:href="#sSpan722" value="ϫⲉ"/>
		<feat xlink:href="#sSpan724" value="ⲡ"/>
		<feat xlink:href="#sSpan728" value="ϣⲁϫⲉ"/>
		<feat xlink:href="#sSpan730" value="ϩⲛ"/>
		<feat xlink:href="#sSpan734" value="ⲟⲩ"/>
		<feat xlink:href="#sSpan738" value="ⲡⲁⲣⲣⲏⲥⲓ̈ⲁ"/>
		<feat xlink:href="#sSpan741" value="·"/>
		<feat xlink:href="#sSpan745" value="ⲡ"/>
		<feat xlink:href="#sSpan751" value="ⲉⲧ"/>
		<feat xlink:href="#sSpan753" value="ⲙⲟⲥⲧⲉ"/>
		<feat xlink:href="#sSpan756" value="ⲙⲁⲣⲉ"/>
		<feat xlink:href="#sSpan760" value="ϥ"/>
		<feat xlink:href="#sSpan762" value="ⲙⲟⲥⲧⲉ"/>
		<feat xlink:href="#sSpan765" value="·"/>
		<feat xlink:href="#sSpan769" value="ⲡ"/>
		<feat xlink:href="#sSpan775" value="ⲉⲧ"/>
		<feat xlink:href="#sSpan777" value="ⲙⲟⲕϩ"/>
		<feat xlink:href="#sSpan779" value="ⲛ"/>
		<feat xlink:href="#sSpan784" value="ϩⲏⲧ"/>
		<feat xlink:href="#sSpan786" value="ⲙⲁⲣⲉ"/>
		<feat xlink:href="#sSpan790" value="ϥ"/>
		<feat xlink:href="#sSpan792" value="ⲙⲕⲁϩ"/>
		<feat xlink:href="#sSpan795" value="·"/>
		<feat xlink:href="#sSpan799" value="ⲛⲛ"/>
		<feat xlink:href="#sSpan805" value="ⲁ"/>
		<feat xlink:href="#sSpan808" value="ϯⲗⲟⲅⲟⲥ"/>
		<feat xlink:href="#sSpan817" value="ⲅⲁⲣ"/>
		<feat xlink:href="#sSpan821" value="ⲙ̄"/>
		<feat xlink:href="#sSpan825" value="ⲡ"/>
		<feat xlink:href="#sSpan828" value="ⲛⲟⲩⲧⲉ"/>
		<feat xlink:href="#sSpan831" value="·"/>
		<feat xlink:href="#sSpan835" value="ⲡ"/>
		<feat xlink:href="#sSpan841" value="ⲙⲁ"/>
		<feat xlink:href="#sSpan843" value="ⲉⲧⲉ"/>
		<feat xlink:href="#sSpan847" value="ⲙⲛ"/>
		<feat xlink:href="#sSpan850" value="ⲛⲟⲩϥ"/>
		<feat xlink:href="#sSpan853" value="ⲛϩⲏⲧ"/>
		<feat xlink:href="#sSpan857" value="ϥ"/>
		<feat xlink:href="#sSpan860" value="ⲟⲩⲇⲉ"/>
		<feat xlink:href="#sSpan866" value="ⲭⲣⲏⲙⲁ"/>
		<feat xlink:href="#sSpan871" value="ⲉ"/>
		<feat xlink:href="#sSpan875" value="ϥ"/>
		<feat xlink:href="#sSpan877" value="ⲛⲟⲩϫⲉ"/>
		<feat xlink:href="#sSpan881" value="ⲉⲃⲟⲗ"/>
		<feat xlink:href="#sSpan885" value="ⲛ"/>
		<feat xlink:href="#sSpan889" value="ⲧ"/>
		<feat xlink:href="#sSpan893" value="ⲙⲉ"/>
		<feat xlink:href="#sSpan895" value="·"/>
		<feat xlink:href="#sSpan900" value="ⲟⲩ"/>
		<feat xlink:href="#sSpan906" value="ⲙⲟⲛⲟⲛ"/>
		<feat xlink:href="#sSpan911" value="ϫⲉ̣"/>
		<feat xlink:href="#sSpan916" value="ⲁ"/>
		<feat xlink:href="#sSpan918" value="ϥ"/>
		<feat xlink:href="#sSpan920" value="ϫⲉ"/>
		<feat xlink:href="#sSpan922" value="ⲛⲁⲓ"/>
		<feat xlink:href="#sSpan925" value="ⲉⲧⲃⲏⲏⲧ"/>
		<feat xlink:href="#sSpan930" value="ⲛ"/>
		<feat xlink:href="#sSpan932" value="ⲛ"/>
		<feat xlink:href="#sSpan937" value="ⲉⲧ"/>
		<feat xlink:href="#sSpan939" value="ϩⲙ"/>
		<feat xlink:href="#sSpan941" value="ⲡ"/>
		<feat xlink:href="#sSpan944" value="ⲏⲓ̈"/>
		<feat xlink:href="#sSpan948" value="ϩⲙ"/>
		<feat xlink:href="#sSpan953" value="ⲡ"/>
		<feat xlink:href="#sSpan956" value="ⲛⲟⲩⲧⲉ"/>
		<feat xlink:href="#sSpan958" value="·"/>
		<feat xlink:href="#sSpan963" value="ⲁⲗⲗⲁ"/>
		<feat xlink:href="#sSpan969" value="ⲛⲧⲉⲣⲉ"/>
		<feat xlink:href="#sSpan973" value="ϥ"/>
		<feat xlink:href="#sSpan975" value="ⲛⲁⲩ"/>
		<feat xlink:href="#sSpan977" value="ⲟⲛ"/>
		<feat xlink:href="#sSpan982" value="ϫⲉ"/>
		<feat xlink:href="#sSpan986" value="ⲁ"/>
		<feat xlink:href="#sSpan988" value="ⲙ"/>
		<feat xlink:href="#sSpan992" value="ⲡⲉⲑⲟⲟⲩ"/>
		<feat xlink:href="#sSpan996" value="ⲁϣⲁⲓ̈"/>
		<feat xlink:href="#sSpan1001" value="ϩⲉⲓϫⲙ"/>
		<feat xlink:href="#sSpan1005" value="ⲡ"/>
		<feat xlink:href="#sSpan1008" value="ⲕⲁϩ"/>
		<feat xlink:href="#sSpan1011" value="·"/>
		<feat xlink:href="#sSpan1016" value="ⲙⲁⲗⲓⲥⲧⲁ"/>
		<feat xlink:href="#sSpan1020" value="ⲡ"/>
		<feat xlink:href="#sSpan1027" value="ϫⲓⲛϭⲟⲛⲥ"/>
		<feat xlink:href="#sSpan1031" value="·"/>
		<feat xlink:href="#sSpan1035" value="ⲉⲧⲃⲉ"/>
		<feat xlink:href="#sSpan1039" value="ⲧ"/>
		<feat xlink:href="#sSpan1044" value="ⲙⲛⲧⲙⲁⲓϩⲟⲙⲛⲧ"/>
		<feat xlink:href="#sSpan1049" value="·"/>
		<feat xlink:href="#sSpan1055" value="ⲁⲛϯ"/>
		<feat xlink:href="#sSpan1060" value="ⲧⲣⲉ"/>
		<feat xlink:href="#sSpan1062" value="ϥ"/>
		<feat xlink:href="#sSpan1064" value="ϫⲟⲟ"/>
		<feat xlink:href="#sSpan1066" value="ⲥ"/>
		<feat xlink:href="#sSpan1068" value="ϫⲉ"/>
		<feat xlink:href="#sSpan1073" value="ⲛⲛ"/>
		<feat xlink:href="#sSpan1075" value="ⲁ"/>
		<feat xlink:href="#sSpan1077" value="ⲃⲱⲕ"/>
		<feat xlink:href="#sSpan1080" value="ϣⲁ"/>
		<feat xlink:href="#sSpan1084" value="ⲡ"/>
		<feat xlink:href="#sSpan1088" value="ⲛⲟⲩⲧⲉ"/>
		<feat xlink:href="#sSpan1090" value="ⲛ"/>
		<feat xlink:href="#sSpan1094" value="ⲥⲟⲧⲡ"/>
		<feat xlink:href="#sSpan1097" value="ⲏ"/>
		<feat xlink:href="#sSpan1102" value="ⲛⲁⲛⲟⲩ"/>
		<feat xlink:href="#sSpan1106" value="ⲛ"/>
		<feat xlink:href="#sSpan1108" value="·"/>
		<feat xlink:href="#sSpan1113" value="ⲡⲉϫⲁ"/>
		<feat xlink:href="#sSpan1118" value="ϥ"/>
		<feat xlink:href="#sSpan1120" value="ϫⲉ"/>
		<feat xlink:href="#sSpan1124" value="ⲉ"/>
		<feat xlink:href="#sSpan1126" value="ⲛ"/>
		<feat xlink:href="#sSpan1128" value="ⲛⲁ"/>
		<feat xlink:href="#sSpan1130" value="ⲃⲱⲕ"/>
		<feat xlink:href="#sSpan1133" value="ⲛ"/>
		<feat xlink:href="#sSpan1137" value="ϩⲟⲟⲩ"/>
		<feat xlink:href="#sSpan1140" value="ⲛ"/>
		<feat xlink:href="#sSpan1144" value="ⲑ"/>
		<feat xlink:href="#sSpan1146" value="ⲉ"/>
		<feat xlink:href="#sSpan1148" value="ⲛⲧ"/>
		<feat xlink:href="#sSpan1153" value="ⲁ"/>
		<feat xlink:href="#sSpan1155" value="ⲛ"/>
		<feat xlink:href="#sSpan1157" value="ⲉⲓ"/>
		<feat xlink:href="#sSpan1159" value="ⲙⲙⲟ"/>
		<feat xlink:href="#sSpan1163" value="ⲥ"/>
		<feat xlink:href="#sSpan1165" value="ⲙⲡⲉ"/>
		<feat xlink:href="#sSpan1170" value="ⲛⲉⲛ"/>
		<feat xlink:href="#sSpan1174" value="ⲭⲣⲏⲙⲁ"/>
		<feat xlink:href="#sSpan1177" value="ⲅⲁⲣ"/>
		<feat xlink:href="#sSpan1182" value="ⲛⲛⲏⲩ"/>
		<feat xlink:href="#sSpan1186" value="·"/>
		<feat xlink:href="#sSpan1190" value="ⲁⲩⲱ"/>
		<feat xlink:href="#sSpan1195" value="ⲟⲛ"/>
		<feat xlink:href="#sSpan1200" value="ⲛⲉ"/>
		<feat xlink:href="#sSpan1204" value="ⲙⲛⲧⲁ"/>
		<feat xlink:href="#sSpan1206" value="ⲛ"/>
		<feat xlink:href="#sSpan1208" value="ⲛⲟⲃⲉ"/>
		<feat xlink:href="#sSpan1213" value="ⲙⲙⲁⲩ"/>
		<feat xlink:href="#sSpan1217" value="ⲟⲩⲇⲉ"/>
		<feat xlink:href="#sSpan1223" value="ⲛⲉ"/>
		<feat xlink:href="#sSpan1229" value="ⲭⲣⲏⲙⲁ"/>
		<feat xlink:href="#sSpan1231" value="·"/>
		<feat xlink:href="#sSpan1236" value="ⲧⲉⲛⲟⲩ"/>
		<feat xlink:href="#sSpan1242" value="ⲇⲉ"/>
		<feat xlink:href="#sSpan1246" value="ⲛⲉ"/>
		<feat xlink:href="#sSpan1252" value="ⲭⲣⲏⲙⲁ"/>
		<feat xlink:href="#sSpan1255" value="ⲛⲁ"/>
		<feat xlink:href="#sSpan1259" value="ϭⲱⲙ"/>
		<feat xlink:href="#sSpan1261" value="ⲡⲉⲓ"/>
		<feat xlink:href="#sSpan1266" value="ⲙⲁ"/>
		<feat xlink:href="#sSpan1269" value="·"/>
		<feat xlink:href="#sSpan1273" value="ⲙⲛ"/>
		<feat xlink:href="#sSpan1278" value="ⲛ"/>
		<feat xlink:href="#sSpan1283" value="ⲕⲉ"/>
		<feat xlink:href="#sSpan1285" value="ⲟⲩⲱϣ"/>
		<feat xlink:href="#sSpan1288" value="ⲧⲏⲣ"/>
		<feat xlink:href="#sSpan1292" value="ⲟⲩ"/>
		<feat xlink:href="#sSpan1294" value="ⲉⲧ"/>
		<feat xlink:href="#sSpan1298" value="ϣⲟⲩⲉⲓⲧ"/>
		<feat xlink:href="#sSpan1301" value="·"/>
		<feat xlink:href="#sSpan1305" value="ⲛ"/>
		<feat xlink:href="#sSpan1311" value="ⲛⲟⲃⲉ"/>
		<feat xlink:href="#sSpan1314" value="ⲇⲉ"/>
		<feat xlink:href="#sSpan1319" value="ⲥⲉ"/>
		<feat xlink:href="#sSpan1323" value="ⲛⲁ"/>
		<feat xlink:href="#sSpan1326" value="ⲉⲣϣⲟⲣⲡ"/>
		<feat xlink:href="#sSpan1329" value="ⲉⲣⲟ"/>
		<feat xlink:href="#sSpan1334" value="ⲛ"/>
		<feat xlink:href="#sSpan1336" value="·"/>
		<feat xlink:href="#sSpan1340" value="ⲁⲩⲱ"/>
		<feat xlink:href="#sSpan1345" value="ⲥⲉ"/>
		<feat xlink:href="#sSpan1349" value="ⲛⲏⲩ"/>
		<feat xlink:href="#sSpan1351" value="ⲛⲙⲙⲁ"/>
		<feat xlink:href="#sSpan1356" value="ⲛ"/>
		<feat xlink:href="#sSpan1358" value="·"/>
		<feat xlink:href="#sSpan1362" value="ⲁⲩⲱ"/>
		<feat xlink:href="#sSpan1367" value="ⲥⲉ"/>
		<feat xlink:href="#sSpan1371" value="ⲛⲁ"/>
		<feat xlink:href="#sSpan1374" value="ⲟⲩⲁϩ"/>
		<feat xlink:href="#sSpan1376" value="ⲟⲩ"/>
		<feat xlink:href="#sSpan1378" value="ⲛⲥⲱ"/>
		<feat xlink:href="#sSpan1382" value="ⲛ"/>
		<feat xlink:href="#sSpan1384" value="·"/>
		<feat xlink:href="#sSpan1390" value="ⲡⲗⲏⲛ"/>
		<feat xlink:href="#sSpan1396" value="ⲛⲓⲙ"/>
		<feat xlink:href="#sSpan1400" value="ⲡ"/>
		<feat xlink:href="#sSpan1404" value="ⲉⲧ"/>
		<feat xlink:href="#sSpan1406" value="ⲛⲁ"/>
		<feat xlink:href="#sSpan1408" value="ϣ"/>
		<feat xlink:href="#sSpan1411" value="ϣⲁϫⲉ"/>
		<feat xlink:href="#sSpan1413" value="ⲉ"/>
		<feat xlink:href="#sSpan1417" value="ⲧ"/>
		<feat xlink:href="#sSpan1421" value="ⲙⲛⲧⲧⲉⲗⲓⲟⲥ"/>
		<feat xlink:href="#sSpan1426" value="ⲙ"/>
		<feat xlink:href="#sSpan1430" value="ⲡ"/>
		<feat xlink:href="#sSpan1433" value="ⲣⲱⲙⲉ"/>
		<feat xlink:href="#sSpan1436" value="ⲉⲧ"/>
		<feat xlink:href="#sSpan1440" value="ⲙⲙⲁⲩ"/>
		<feat xlink:href="#sSpan1442" value="ⲙ"/>
		<feat xlink:href="#sSpan1446" value="ⲡ"/>
		<feat xlink:href="#sSpan1450" value="ⲛⲟⲩⲧⲉ"/>
		<feat xlink:href="#sSpan1452" value="·"/>
		<feat xlink:href="#sSpan1456" value="ⲙⲛ"/>
		<feat xlink:href="#sSpan1460" value="ⲛⲉϥ"/>
		<feat xlink:href="#sSpan1465" value="ϣⲁϫⲉ"/>
		<feat xlink:href="#sSpan1468" value="ⲧⲏⲣ"/>
		<feat xlink:href="#sSpan1472" value="ⲟⲩ"/>
		<feat xlink:href="#sSpan1474" value="ⲉⲧⲉ"/>
		<feat xlink:href="#sSpan1479" value="ⲙⲛ"/>
		<feat xlink:href="#sSpan1482" value="ϩⲏⲡⲟⲕⲣⲏⲥⲓⲥ"/>
		<feat xlink:href="#sSpan1486" value="ⲛϩⲏⲧ"/>
		<feat xlink:href="#sSpan1490" value="ⲟⲩ"/>
		<feat xlink:href="#sSpan1492" value="·"/>
		<feat xlink:href="#sSpan1497" value="ⲟⲩⲇⲉ"/>
		<feat xlink:href="#sSpan1503" value="ⲙⲛ"/>
		<feat xlink:href="#sSpan1507" value="ⲧⲣⲉ"/>
		<feat xlink:href="#sSpan1509" value="ϥ"/>
		<feat xlink:href="#sSpan1511" value="ⲁⲣⲉⲥ"/>
		<feat xlink:href="#sSpan1513" value="ⲛ"/>
		<feat xlink:href="#sSpan1518" value="ⲣⲱⲙⲉ"/>
		<feat xlink:href="#sSpan1521" value="ⲛ"/>
		<feat xlink:href="#sSpan1526" value="ⲣⲉϥϫⲓⲛϭⲟⲛⲥ"/>
		<feat xlink:href="#sSpan1532" value="·"/>
		<feat xlink:href="#sSpan1536" value="ϩⲉⲓ"/>
		<feat xlink:href="#sSpan1540" value="ϩⲉⲗⲗⲏ"/>
		<feat xlink:href="#sSpan1545" value="ⲛⲓⲙ"/>
		<feat xlink:href="#sSpan1549" value="·"/>
		<feat xlink:href="#sSpan1553" value="ⲙⲛ"/>
		<feat xlink:href="#sSpan1558" value="ϩⲁⲓⲣⲉⲥⲓⲥ"/>
		<feat xlink:href="#sSpan1562" value="ⲛⲓⲙ"/>
		<feat xlink:href="#sSpan1566" value="·"/>
		<feat xlink:href="#sSpan1570" value="ⲙⲛ"/>
		<feat xlink:href="#sSpan1574" value="ⲣⲱⲙⲉ"/>
		<feat xlink:href="#sSpan1578" value="ⲛⲓⲙ"/>
		<feat xlink:href="#sSpan1582" value="ⲉⲧⲉ"/>
		<feat xlink:href="#sSpan1586" value="ⲛ"/>
		<feat xlink:href="#sSpan1588" value="ⲥⲉ"/>
		<feat xlink:href="#sSpan1591" value="ⲥⲟⲩⲧⲱⲛ"/>
		<feat xlink:href="#sSpan1593" value="ⲁⲛ"/></featList></paula>