<?xml version='1.0' encoding='UTF-8'?><!DOCTYPE paula SYSTEM "paula_feat.dtd">
<paula version="1.1">
	<header paula_id="scriptorium.GF31-32.mark_pos"/>
	<featList xmlns:xlink="http://www.w3.org/1999/xlink" type="pos" xml:base="scriptorium.GF31-32.mark.xml">
		<feat xlink:href="#sSpan3" value="NPROP"/>
		<feat xlink:href="#sSpan13" value="PREP"/>
		<feat xlink:href="#sSpan17" value="ART"/>
		<feat xlink:href="#sSpan23" value="N"/>
		<feat xlink:href="#sSpan26" value="PUNCT"/>
		<feat xlink:href="#sSpan30" value="APST"/>
		<feat xlink:href="#sSpan35" value="PPOS"/>
		<feat xlink:href="#sSpan38" value="N"/>
		<feat xlink:href="#sSpan40" value="PREP"/>
		<feat xlink:href="#sSpan45" value="N"/>
		<feat xlink:href="#sSpan47" value="V"/>
		<feat xlink:href="#sSpan52" value="PREP"/>
		<feat xlink:href="#sSpan56" value="N"/>
		<feat xlink:href="#sSpan59" value="PUNCT"/>
		<feat xlink:href="#sSpan64" value="CONJ"/>
		<feat xlink:href="#sSpan70" value="ADV"/>
		<feat xlink:href="#sSpan74" value="CONJ"/>
		<feat xlink:href="#sSpan79" value="PTC"/>
		<feat xlink:href="#sSpan81" value="ART"/>
		<feat xlink:href="#sSpan87" value="N"/>
		<feat xlink:href="#sSpan90" value="NPROP"/>
		<feat xlink:href="#sSpan95" value="COP"/>
		<feat xlink:href="#sSpan99" value="ART"/>
		<feat xlink:href="#sSpan105" value="N"/>
		<feat xlink:href="#sSpan107" value="PUNCT"/>
		<feat xlink:href="#sSpan111" value="NEG"/>
		<feat xlink:href="#sSpan116" value="V"/>
		<feat xlink:href="#sSpan119" value="PREP"/>
		<feat xlink:href="#sSpan123" value="PPERO"/>
		<feat xlink:href="#sSpan126" value="CONJ"/>
		<feat xlink:href="#sSpan130" value="PREP"/>
		<feat xlink:href="#sSpan136" value="NPROP"/>
		<feat xlink:href="#sSpan139" value="PUNCT"/>
		<feat xlink:href="#sSpan143" value="NEG"/>
		<feat xlink:href="#sSpan148" value="V"/>
		<feat xlink:href="#sSpan151" value="PREP"/>
		<feat xlink:href="#sSpan155" value="N"/>
		<feat xlink:href="#sSpan158" value="PREP"/>
		<feat xlink:href="#sSpan162" value="PPERO"/>
		<feat xlink:href="#sSpan164" value="PREP"/>
		<feat xlink:href="#sSpan169" value="ART"/>
		<feat xlink:href="#sSpan172" value="N"/>
		<feat xlink:href="#sSpan174" value="PUNCT"/>
		<feat xlink:href="#sSpan178" value="PREP"/>
		<feat xlink:href="#sSpan183" value="ART"/>
		<feat xlink:href="#sSpan186" value="N"/>
		<feat xlink:href="#sSpan188" value="CREL"/>
		<feat xlink:href="#sSpan192" value="PPERS"/>
		<feat xlink:href="#sSpan194" value="FUT"/>
		<feat xlink:href="#sSpan196" value="V"/>
		<feat xlink:href="#sSpan198" value="PPERO"/>
		<feat xlink:href="#sSpan200" value="EXIST"/>
		<feat xlink:href="#sSpan205" value="PPERO"/>
		<feat xlink:href="#sSpan207" value="N"/>
		<feat xlink:href="#sSpan212" value="PREP"/>
		<feat xlink:href="#sSpan216" value="PPERO"/>
		<feat xlink:href="#sSpan218" value="PUNCT"/>
		<feat xlink:href="#sSpan222" value="NEG"/>
		<feat xlink:href="#sSpan228" value="PPERS"/>
		<feat xlink:href="#sSpan230" value="ART"/>
		<feat xlink:href="#sSpan233" value="N"/>
		<feat xlink:href="#sSpan235" value="NEG"/>
		<feat xlink:href="#sSpan240" value="PREP"/>
		<feat xlink:href="#sSpan244" value="N"/>
		<feat xlink:href="#sSpan246" value="PUNCT"/>
		<feat xlink:href="#sSpan250" value="CFOC"/>
		<feat xlink:href="#sSpan255" value="APST"/>
		<feat xlink:href="#sSpan257" value="PPERS"/>
		<feat xlink:href="#sSpan259" value="V"/>
		<feat xlink:href="#sSpan262" value="PPERO"/>
		<feat xlink:href="#sSpan264" value="PREP"/>
		<feat xlink:href="#sSpan269" value="ART"/>
		<feat xlink:href="#sSpan272" value="N"/>
		<feat xlink:href="#sSpan274" value="PUNCT"/>
		<feat xlink:href="#sSpan279" value="NPROP"/>
		<feat xlink:href="#sSpan285" value="COP"/>
		<feat xlink:href="#sSpan289" value="CREL"/>
		<feat xlink:href="#sSpan292" value="APST"/>
		<feat xlink:href="#sSpan294" value="PPERS"/>
		<feat xlink:href="#sSpan296" value="V"/>
		<feat xlink:href="#sSpan298" value="PREP"/>
		<feat xlink:href="#sSpan302" value="PPOS"/>
		<feat xlink:href="#sSpan305" value="N"/>
		<feat xlink:href="#sSpan308" value="ART"/>
		<feat xlink:href="#sSpan312" value="CREL"/>
		<feat xlink:href="#sSpan314" value="ADV"/>
		<feat xlink:href="#sSpan316" value="COP"/>
		<feat xlink:href="#sSpan321" value="PPOS"/>
		<feat xlink:href="#sSpan326" value="N"/>
		<feat xlink:href="#sSpan328" value="PUNCT"/>
		<feat xlink:href="#sSpan333" value="CONJ"/>
		<feat xlink:href="#sSpan339" value="ADV"/>
		<feat xlink:href="#sSpan343" value="CONJ"/>
		<feat xlink:href="#sSpan348" value="ADV"/>
		<feat xlink:href="#sSpan350" value="EXIST"/>
		<feat xlink:href="#sSpan355" value="N"/>
		<feat xlink:href="#sSpan358" value="PREP"/>
		<feat xlink:href="#sSpan362" value="ART"/>
		<feat xlink:href="#sSpan366" value="ACAUS"/>
		<feat xlink:href="#sSpan368" value="PPERS"/>
		<feat xlink:href="#sSpan370" value="V"/>
		<feat xlink:href="#sSpan372" value="PREP"/>
		<feat xlink:href="#sSpan377" value="PPERO"/>
		<feat xlink:href="#sSpan379" value="PPERS"/>
		<feat xlink:href="#sSpan383" value="FUT"/>
		<feat xlink:href="#sSpan385" value="V"/>
		<feat xlink:href="#sSpan387" value="PPERO"/>
		<feat xlink:href="#sSpan389" value="CONJ"/>
		<feat xlink:href="#sSpan394" value="PPERS"/>
		<feat xlink:href="#sSpan396" value="FUT"/>
		<feat xlink:href="#sSpan398" value="V"/>
		<feat xlink:href="#sSpan401" value="ADV"/>
		<feat xlink:href="#sSpan406" value="ACONJ_PPERS"/>
		<feat xlink:href="#sSpan410" value="V"/>
		<feat xlink:href="#sSpan412" value="ART"/>
		<feat xlink:href="#sSpan420" value="CREL"/>
		<feat xlink:href="#sSpan423" value="V"/>
		<feat xlink:href="#sSpan427" value="PTC"/>
		<feat xlink:href="#sSpan431" value="CFOC"/>
		<feat xlink:href="#sSpan436" value="PPERS"/>
		<feat xlink:href="#sSpan438" value="VSTAT"/>
		<feat xlink:href="#sSpan440" value="PREP"/>
		<feat xlink:href="#sSpan444" value="ART"/>
		<feat xlink:href="#sSpan446" value="N"/>
		<feat xlink:href="#sSpan448" value="PREP"/>
		<feat xlink:href="#sSpan452" value="ART"/>
		<feat xlink:href="#sSpan455" value="CREL"/>
		<feat xlink:href="#sSpan458" value="V"/>
		<feat xlink:href="#sSpan461" value="PUNCT"/>
		<feat xlink:href="#sSpan467" value="ADV"/>
		<feat xlink:href="#sSpan474" value="PTC"/>
		<feat xlink:href="#sSpan478" value="PPERS"/>
		<feat xlink:href="#sSpan482" value="VSTAT"/>
		<feat xlink:href="#sSpan485" value="V"/>
		<feat xlink:href="#sSpan490" value="CONJ"/>
		<feat xlink:href="#sSpan494" value="ART"/>
		<feat xlink:href="#sSpan497" value="CREL"/>
		<feat xlink:href="#sSpan499" value="V"/>
		<feat xlink:href="#sSpan501" value="PREP"/>
		<feat xlink:href="#sSpan506" value="PDEM"/>
		<feat xlink:href="#sSpan509" value="ACOND_PPERS"/>
		<feat xlink:href="#sSpan513" value="V"/>
		<feat xlink:href="#sSpan516" value="PPERO"/>
		<feat xlink:href="#sSpan518" value="ACONJ"/>
		<feat xlink:href="#sSpan522" value="PPERS"/>
		<feat xlink:href="#sSpan525" value="V"/>
		<feat xlink:href="#sSpan529" value="PREP"/>
		<feat xlink:href="#sSpan534" value="N"/>
		<feat xlink:href="#sSpan536" value="PUNCT"/>
		<feat xlink:href="#sSpan540" value="CFOC"/>
		<feat xlink:href="#sSpan544" value="PPERS"/>
		<feat xlink:href="#sSpan546" value="FUT"/>
		<feat xlink:href="#sSpan549" value="V"/>
		<feat xlink:href="#sSpan552" value="PUNCT"/>
		<feat xlink:href="#sSpan556" value="CONJ"/>
		<feat xlink:href="#sSpan562" value="CPRET"/>
		<feat xlink:href="#sSpan566" value="PPERS"/>
		<feat xlink:href="#sSpan569" value="V"/>
		<feat xlink:href="#sSpan572" value="NEG"/>
		<feat xlink:href="#sSpan576" value="CCIRC"/>
		<feat xlink:href="#sSpan580" value="PPERS"/>
		<feat xlink:href="#sSpan582" value="V"/>
		<feat xlink:href="#sSpan584" value="PREP"/>
		<feat xlink:href="#sSpan588" value="PDEM"/>
		<feat xlink:href="#sSpan592" value="PUNCT"/>
		<feat xlink:href="#sSpan597" value="ADV"/>
		<feat xlink:href="#sSpan604" value="PTC"/>
		<feat xlink:href="#sSpan608" value="ADV"/>
		<feat xlink:href="#sSpan612" value="CONJ"/>
		<feat xlink:href="#sSpan616" value="EXIST"/>
		<feat xlink:href="#sSpan618" value="ART"/>
		<feat xlink:href="#sSpan622" value="CREL"/>
		<feat xlink:href="#sSpan624" value="V"/>
		<feat xlink:href="#sSpan626" value="PUNCT"/>
		<feat xlink:href="#sSpan630" value="CONJ"/>
		<feat xlink:href="#sSpan635" value="EXIST"/>
		<feat xlink:href="#sSpan640" value="ART"/>
		<feat xlink:href="#sSpan643" value="CREL"/>
		<feat xlink:href="#sSpan645" value="V"/>
		<feat xlink:href="#sSpan647" value="PREP"/>
		<feat xlink:href="#sSpan652" value="ART"/>
		<feat xlink:href="#sSpan655" value="CREL"/>
		<feat xlink:href="#sSpan657" value="V"/>
		<feat xlink:href="#sSpan659" value="PREP"/>
		<feat xlink:href="#sSpan663" value="ART"/>
		<feat xlink:href="#sSpan667" value="N"/>
		<feat xlink:href="#sSpan669" value="PREP"/>
		<feat xlink:href="#sSpan673" value="N"/>
		<feat xlink:href="#sSpan676" value="PINT"/>
		<feat xlink:href="#sSpan681" value="PUNCT"/>
		<feat xlink:href="#sSpan686" value="VBD"/>
		<feat xlink:href="#sSpan692" value="PPERS"/>
		<feat xlink:href="#sSpan694" value="CONJ"/>
		<feat xlink:href="#sSpan698" value="APST"/>
		<feat xlink:href="#sSpan700" value="PPERS"/>
		<feat xlink:href="#sSpan702" value="V"/>
		<feat xlink:href="#sSpan704" value="ART"/>
		<feat xlink:href="#sSpan708" value="N"/>
		<feat xlink:href="#sSpan710" value="PUNCT"/>
		<feat xlink:href="#sSpan714" value="APST"/>
		<feat xlink:href="#sSpan719" value="PPERS"/>
		<feat xlink:href="#sSpan721" value="V"/>
		<feat xlink:href="#sSpan723" value="ART"/>
		<feat xlink:href="#sSpan727" value="N"/>
		<feat xlink:href="#sSpan729" value="PREP"/>
		<feat xlink:href="#sSpan733" value="ART"/>
		<feat xlink:href="#sSpan737" value="N"/>
		<feat xlink:href="#sSpan740" value="PUNCT"/>
		<feat xlink:href="#sSpan744" value="ART"/>
		<feat xlink:href="#sSpan750" value="CREL"/>
		<feat xlink:href="#sSpan752" value="V"/>
		<feat xlink:href="#sSpan755" value="AJUS"/>
		<feat xlink:href="#sSpan759" value="PPERS"/>
		<feat xlink:href="#sSpan761" value="V"/>
		<feat xlink:href="#sSpan764" value="PUNCT"/>
		<feat xlink:href="#sSpan768" value="ART"/>
		<feat xlink:href="#sSpan774" value="CREL"/>
		<feat xlink:href="#sSpan776" value="VSTAT"/>
		<feat xlink:href="#sSpan778" value="PREP"/>
		<feat xlink:href="#sSpan783" value="N"/>
		<feat xlink:href="#sSpan785" value="AJUS"/>
		<feat xlink:href="#sSpan789" value="PPERS"/>
		<feat xlink:href="#sSpan791" value="V"/>
		<feat xlink:href="#sSpan794" value="PUNCT"/>
		<feat xlink:href="#sSpan798" value="ANEGOPT"/>
		<feat xlink:href="#sSpan804" value="PPERS"/>
		<feat xlink:href="#sSpan807" value="V"/>
		<feat xlink:href="#sSpan816" value="PTC"/>
		<feat xlink:href="#sSpan820" value="PREP"/>
		<feat xlink:href="#sSpan824" value="ART"/>
		<feat xlink:href="#sSpan827" value="N"/>
		<feat xlink:href="#sSpan830" value="PUNCT"/>
		<feat xlink:href="#sSpan834" value="ART"/>
		<feat xlink:href="#sSpan840" value="N"/>
		<feat xlink:href="#sSpan842" value="CREL"/>
		<feat xlink:href="#sSpan846" value="EXIST"/>
		<feat xlink:href="#sSpan849" value="N"/>
		<feat xlink:href="#sSpan852" value="PREP"/>
		<feat xlink:href="#sSpan856" value="PPERO"/>
		<feat xlink:href="#sSpan859" value="CONJ"/>
		<feat xlink:href="#sSpan865" value="N"/>
		<feat xlink:href="#sSpan870" value="CCIRC"/>
		<feat xlink:href="#sSpan874" value="PPERS"/>
		<feat xlink:href="#sSpan876" value="V"/>
		<feat xlink:href="#sSpan880" value="ADV"/>
		<feat xlink:href="#sSpan884" value="PREP"/>
		<feat xlink:href="#sSpan888" value="ART"/>
		<feat xlink:href="#sSpan892" value="N"/>
		<feat xlink:href="#sSpan894" value="PUNCT"/>
		<feat xlink:href="#sSpan899" value="FM"/>
		<feat xlink:href="#sSpan905" value="FM"/>
		<feat xlink:href="#sSpan910" value="CONJ"/>
		<feat xlink:href="#sSpan915" value="APST"/>
		<feat xlink:href="#sSpan917" value="PPERS"/>
		<feat xlink:href="#sSpan919" value="V"/>
		<feat xlink:href="#sSpan921" value="PDEM"/>
		<feat xlink:href="#sSpan924" value="PREP"/>
		<feat xlink:href="#sSpan929" value="PPERO"/>
		<feat xlink:href="#sSpan931" value="ART"/>
		<feat xlink:href="#sSpan936" value="CREL"/>
		<feat xlink:href="#sSpan938" value="PREP"/>
		<feat xlink:href="#sSpan940" value="ART"/>
		<feat xlink:href="#sSpan943" value="N"/>
		<feat xlink:href="#sSpan947" value="PREP"/>
		<feat xlink:href="#sSpan952" value="ART"/>
		<feat xlink:href="#sSpan955" value="N"/>
		<feat xlink:href="#sSpan957" value="PUNCT"/>
		<feat xlink:href="#sSpan962" value="CONJ"/>
		<feat xlink:href="#sSpan968" value="APREC"/>
		<feat xlink:href="#sSpan972" value="PPERS"/>
		<feat xlink:href="#sSpan974" value="V"/>
		<feat xlink:href="#sSpan976" value="ADV"/>
		<feat xlink:href="#sSpan981" value="CONJ"/>
		<feat xlink:href="#sSpan985" value="APST"/>
		<feat xlink:href="#sSpan987" value="ART"/>
		<feat xlink:href="#sSpan991" value="N"/>
		<feat xlink:href="#sSpan995" value="V"/>
		<feat xlink:href="#sSpan1000" value="PREP"/>
		<feat xlink:href="#sSpan1004" value="ART"/>
		<feat xlink:href="#sSpan1007" value="N"/>
		<feat xlink:href="#sSpan1010" value="PUNCT"/>
		<feat xlink:href="#sSpan1015" value="ADV"/>
		<feat xlink:href="#sSpan1019" value="ART"/>
		<feat xlink:href="#sSpan1026" value="N"/>
		<feat xlink:href="#sSpan1030" value="PUNCT"/>
		<feat xlink:href="#sSpan1034" value="PREP"/>
		<feat xlink:href="#sSpan1038" value="ART"/>
		<feat xlink:href="#sSpan1043" value="N"/>
		<feat xlink:href="#sSpan1048" value="PUNCT"/>
		<feat xlink:href="#sSpan1054" value="PREP"/>
		<feat xlink:href="#sSpan1059" value="ACAUS"/>
		<feat xlink:href="#sSpan1061" value="PPERS"/>
		<feat xlink:href="#sSpan1063" value="V"/>
		<feat xlink:href="#sSpan1065" value="PPERO"/>
		<feat xlink:href="#sSpan1067" value="CONJ"/>
		<feat xlink:href="#sSpan1072" value="ANEGOPT"/>
		<feat xlink:href="#sSpan1074" value="PPERS"/>
		<feat xlink:href="#sSpan1076" value="V"/>
		<feat xlink:href="#sSpan1079" value="PREP"/>
		<feat xlink:href="#sSpan1083" value="ART"/>
		<feat xlink:href="#sSpan1087" value="N"/>
		<feat xlink:href="#sSpan1089" value="PREP"/>
		<feat xlink:href="#sSpan1093" value="N"/>
		<feat xlink:href="#sSpan1096" value="CONJ"/>
		<feat xlink:href="#sSpan1101" value="VBD"/>
		<feat xlink:href="#sSpan1105" value="PPERS"/>
		<feat xlink:href="#sSpan1107" value="PUNCT"/>
		<feat xlink:href="#sSpan1112" value="VBD"/>
		<feat xlink:href="#sSpan1117" value="PPERS"/>
		<feat xlink:href="#sSpan1119" value="CONJ"/>
		<feat xlink:href="#sSpan1123" value="CFOC"/>
		<feat xlink:href="#sSpan1125" value="PPERS"/>
		<feat xlink:href="#sSpan1127" value="FUT"/>
		<feat xlink:href="#sSpan1129" value="V"/>
		<feat xlink:href="#sSpan1132" value="PREP"/>
		<feat xlink:href="#sSpan1136" value="N"/>
		<feat xlink:href="#sSpan1139" value="PREP"/>
		<feat xlink:href="#sSpan1143" value="ART"/>
		<feat xlink:href="#sSpan1145" value="N"/>
		<feat xlink:href="#sSpan1147" value="CREL"/>
		<feat xlink:href="#sSpan1152" value="APST"/>
		<feat xlink:href="#sSpan1154" value="PPERS"/>
		<feat xlink:href="#sSpan1156" value="V"/>
		<feat xlink:href="#sSpan1158" value="PREP"/>
		<feat xlink:href="#sSpan1162" value="PPERO"/>
		<feat xlink:href="#sSpan1164" value="ANEGPST"/>
		<feat xlink:href="#sSpan1169" value="PPOS"/>
		<feat xlink:href="#sSpan1173" value="N"/>
		<feat xlink:href="#sSpan1176" value="PTC"/>
		<feat xlink:href="#sSpan1181" value="VSTAT"/>
		<feat xlink:href="#sSpan1185" value="PUNCT"/>
		<feat xlink:href="#sSpan1189" value="CONJ"/>
		<feat xlink:href="#sSpan1194" value="ADV"/>
		<feat xlink:href="#sSpan1199" value="CPRET"/>
		<feat xlink:href="#sSpan1203" value="EXIST"/>
		<feat xlink:href="#sSpan1205" value="PPERO"/>
		<feat xlink:href="#sSpan1207" value="N"/>
		<feat xlink:href="#sSpan1212" value="ADV"/>
		<feat xlink:href="#sSpan1216" value="PTC"/>
		<feat xlink:href="#sSpan1222" value="ART"/>
		<feat xlink:href="#sSpan1228" value="N"/>
		<feat xlink:href="#sSpan1230" value="PUNCT"/>
		<feat xlink:href="#sSpan1235" value="ADV"/>
		<feat xlink:href="#sSpan1241" value="PTC"/>
		<feat xlink:href="#sSpan1245" value="ART"/>
		<feat xlink:href="#sSpan1251" value="N"/>
		<feat xlink:href="#sSpan1254" value="FUT"/>
		<feat xlink:href="#sSpan1258" value="V"/>
		<feat xlink:href="#sSpan1260" value="PDEM"/>
		<feat xlink:href="#sSpan1265" value="N"/>
		<feat xlink:href="#sSpan1268" value="PUNCT"/>
		<feat xlink:href="#sSpan1272" value="PREP"/>
		<feat xlink:href="#sSpan1277" value="ART"/>
		<feat xlink:href="#sSpan1282" value="ART"/>
		<feat xlink:href="#sSpan1284" value="N"/>
		<feat xlink:href="#sSpan1287" value="IMOD"/>
		<feat xlink:href="#sSpan1291" value="PPERO"/>
		<feat xlink:href="#sSpan1293" value="CREL"/>
		<feat xlink:href="#sSpan1297" value="VSTAT"/>
		<feat xlink:href="#sSpan1300" value="PUNCT"/>
		<feat xlink:href="#sSpan1304" value="ART"/>
		<feat xlink:href="#sSpan1310" value="N"/>
		<feat xlink:href="#sSpan1313" value="PTC"/>
		<feat xlink:href="#sSpan1318" value="PPERS"/>
		<feat xlink:href="#sSpan1322" value="FUT"/>
		<feat xlink:href="#sSpan1325" value="V"/>
		<feat xlink:href="#sSpan1328" value="PREP"/>
		<feat xlink:href="#sSpan1333" value="PPERO"/>
		<feat xlink:href="#sSpan1335" value="PUNCT"/>
		<feat xlink:href="#sSpan1339" value="CONJ"/>
		<feat xlink:href="#sSpan1344" value="PPERS"/>
		<feat xlink:href="#sSpan1348" value="VSTAT"/>
		<feat xlink:href="#sSpan1350" value="PREP"/>
		<feat xlink:href="#sSpan1355" value="PPERO"/>
		<feat xlink:href="#sSpan1357" value="PUNCT"/>
		<feat xlink:href="#sSpan1361" value="CONJ"/>
		<feat xlink:href="#sSpan1366" value="PPERS"/>
		<feat xlink:href="#sSpan1370" value="FUT"/>
		<feat xlink:href="#sSpan1373" value="V"/>
		<feat xlink:href="#sSpan1375" value="PPERO"/>
		<feat xlink:href="#sSpan1377" value="PREP"/>
		<feat xlink:href="#sSpan1381" value="PPERO"/>
		<feat xlink:href="#sSpan1383" value="PUNCT"/>
		<feat xlink:href="#sSpan1389" value="CONJ"/>
		<feat xlink:href="#sSpan1395" value="PINT"/>
		<feat xlink:href="#sSpan1399" value="COP"/>
		<feat xlink:href="#sSpan1403" value="CREL"/>
		<feat xlink:href="#sSpan1405" value="FUT"/>
		<feat xlink:href="#sSpan1407" value="V"/>
		<feat xlink:href="#sSpan1410" value="V"/>
		<feat xlink:href="#sSpan1412" value="PREP"/>
		<feat xlink:href="#sSpan1416" value="ART"/>
		<feat xlink:href="#sSpan1420" value="N"/>
		<feat xlink:href="#sSpan1425" value="PREP"/>
		<feat xlink:href="#sSpan1429" value="ART"/>
		<feat xlink:href="#sSpan1432" value="N"/>
		<feat xlink:href="#sSpan1435" value="CREL"/>
		<feat xlink:href="#sSpan1439" value="ADV"/>
		<feat xlink:href="#sSpan1441" value="PREP"/>
		<feat xlink:href="#sSpan1445" value="ART"/>
		<feat xlink:href="#sSpan1449" value="N"/>
		<feat xlink:href="#sSpan1451" value="PUNCT"/>
		<feat xlink:href="#sSpan1455" value="PREP"/>
		<feat xlink:href="#sSpan1459" value="PPOS"/>
		<feat xlink:href="#sSpan1464" value="N"/>
		<feat xlink:href="#sSpan1467" value="IMOD"/>
		<feat xlink:href="#sSpan1471" value="PPERO"/>
		<feat xlink:href="#sSpan1473" value="CREL"/>
		<feat xlink:href="#sSpan1478" value="EXIST"/>
		<feat xlink:href="#sSpan1481" value="N"/>
		<feat xlink:href="#sSpan1485" value="PREP"/>
		<feat xlink:href="#sSpan1489" value="PPERO"/>
		<feat xlink:href="#sSpan1491" value="PUNCT"/>
		<feat xlink:href="#sSpan1496" value="CONJ"/>
		<feat xlink:href="#sSpan1502" value="EXIST"/>
		<feat xlink:href="#sSpan1506" value="ACAUS"/>
		<feat xlink:href="#sSpan1508" value="PPERS"/>
		<feat xlink:href="#sSpan1510" value="V"/>
		<feat xlink:href="#sSpan1512" value="PREP"/>
		<feat xlink:href="#sSpan1517" value="N"/>
		<feat xlink:href="#sSpan1520" value="PREP"/>
		<feat xlink:href="#sSpan1525" value="N"/>
		<feat xlink:href="#sSpan1531" value="PUNCT"/>
		<feat xlink:href="#sSpan1535" value="PREP"/>
		<feat xlink:href="#sSpan1539" value="N"/>
		<feat xlink:href="#sSpan1544" value="PINT"/>
		<feat xlink:href="#sSpan1548" value="PUNCT"/>
		<feat xlink:href="#sSpan1552" value="PREP"/>
		<feat xlink:href="#sSpan1557" value="N"/>
		<feat xlink:href="#sSpan1561" value="PINT"/>
		<feat xlink:href="#sSpan1565" value="PUNCT"/>
		<feat xlink:href="#sSpan1569" value="PREP"/>
		<feat xlink:href="#sSpan1573" value="N"/>
		<feat xlink:href="#sSpan1577" value="PINT"/>
		<feat xlink:href="#sSpan1581" value="CREL"/>
		<feat xlink:href="#sSpan1585" value="NEG"/>
		<feat xlink:href="#sSpan1587" value="PPERS"/>
		<feat xlink:href="#sSpan1590" value="VSTAT"/>
		<feat xlink:href="#sSpan1592" value="NEG"/></featList></paula>