<?xml version='1.0' encoding='UTF-8'?><!DOCTYPE paula SYSTEM "paula_rel.dtd">
<paula version="1.1">
	<header paula_id="scriptorium.GF31-32.dep"/>
	<relList xmlns:xlink="http://www.w3.org/1999/xlink" type="dep">
		<rel id="sPointingRel1" xlink:href="scriptorium.GF31-32.mark.xml#sSpan438" target="scriptorium.GF31-32.mark.xml#sSpan446"/>
		<rel id="sPointingRel3" xlink:href="scriptorium.GF31-32.mark.xml#sSpan1502" target="scriptorium.GF31-32.mark.xml#sSpan1496"/>
		<rel id="sPointingRel5" xlink:href="scriptorium.GF31-32.mark.xml#sSpan1181" target="scriptorium.GF31-32.mark.xml#sSpan1164"/>
		<rel id="sPointingRel7" xlink:href="scriptorium.GF31-32.mark.xml#sSpan667" target="scriptorium.GF31-32.mark.xml#sSpan663"/>
		<rel id="sPointingRel9" xlink:href="scriptorium.GF31-32.mark.xml#sSpan296" target="scriptorium.GF31-32.mark.xml#sSpan294"/>
		<rel id="sPointingRel11" xlink:href="scriptorium.GF31-32.mark.xml#sSpan1590" target="scriptorium.GF31-32.mark.xml#sSpan1585"/>
		<rel id="sPointingRel13" xlink:href="scriptorium.GF31-32.mark.xml#sSpan38" target="scriptorium.GF31-32.mark.xml#sSpan35"/>
		<rel id="sPointingRel15" xlink:href="scriptorium.GF31-32.mark.xml#sSpan1258" target="scriptorium.GF31-32.mark.xml#sSpan1235"/>
		<rel id="sPointingRel17" xlink:href="scriptorium.GF31-32.mark.xml#sSpan1203" target="scriptorium.GF31-32.mark.xml#sSpan1230"/>
		<rel id="sPointingRel19" xlink:href="scriptorium.GF31-32.mark.xml#sSpan652" target="scriptorium.GF31-32.mark.xml#sSpan647"/>
		<rel id="sPointingRel21" xlink:href="scriptorium.GF31-32.mark.xml#sSpan955" target="scriptorium.GF31-32.mark.xml#sSpan947"/>
		<rel id="sPointingRel23" xlink:href="scriptorium.GF31-32.mark.xml#sSpan1333" target="scriptorium.GF31-32.mark.xml#sSpan1328"/>
		<rel id="sPointingRel25" xlink:href="scriptorium.GF31-32.mark.xml#sSpan305" target="scriptorium.GF31-32.mark.xml#sSpan298"/>
		<rel id="sPointingRel27" xlink:href="scriptorium.GF31-32.mark.xml#sSpan919" target="scriptorium.GF31-32.mark.xml#sSpan915"/>
		<rel id="sPointingRel29" xlink:href="scriptorium.GF31-32.mark.xml#sSpan47" target="scriptorium.GF31-32.mark.xml#sSpan30"/>
		<rel id="sPointingRel31" xlink:href="scriptorium.GF31-32.mark.xml#sSpan279" target="scriptorium.GF31-32.mark.xml#sSpan328"/>
		<rel id="sPointingRel33" xlink:href="scriptorium.GF31-32.mark.xml#sSpan569" target="scriptorium.GF31-32.mark.xml#sSpan572"/>
		<rel id="sPointingRel35" xlink:href="scriptorium.GF31-32.mark.xml#sSpan1557" target="scriptorium.GF31-32.mark.xml#sSpan1552"/>
		<rel id="sPointingRel37" xlink:href="scriptorium.GF31-32.mark.xml#sSpan635" target="scriptorium.GF31-32.mark.xml#sSpan640"/>
		<rel id="sPointingRel39" xlink:href="scriptorium.GF31-32.mark.xml#sSpan919" target="scriptorium.GF31-32.mark.xml#sSpan910"/>
		<rel id="sPointingRel41" xlink:href="scriptorium.GF31-32.mark.xml#sSpan1464" target="scriptorium.GF31-32.mark.xml#sSpan1467"/>
		<rel id="sPointingRel43" xlink:href="scriptorium.GF31-32.mark.xml#sSpan673" target="scriptorium.GF31-32.mark.xml#sSpan669"/>
		<rel id="sPointingRel45" xlink:href="scriptorium.GF31-32.mark.xml#sSpan1348" target="scriptorium.GF31-32.mark.xml#sSpan1357"/>
		<rel id="sPointingRel47" xlink:href="scriptorium.GF31-32.mark.xml#sSpan1590" target="scriptorium.GF31-32.mark.xml#sSpan1587"/>
		<rel id="sPointingRel49" xlink:href="scriptorium.GF31-32.mark.xml#sSpan90" target="scriptorium.GF31-32.mark.xml#sSpan95"/>
		<rel id="sPointingRel51" xlink:href="scriptorium.GF31-32.mark.xml#sSpan1573" target="scriptorium.GF31-32.mark.xml#sSpan1569"/>
		<rel id="sPointingRel53" xlink:href="scriptorium.GF31-32.mark.xml#sSpan919" target="scriptorium.GF31-32.mark.xml#sSpan899"/>
		<rel id="sPointingRel55" xlink:href="scriptorium.GF31-32.mark.xml#sSpan1203" target="scriptorium.GF31-32.mark.xml#sSpan1205"/>
		<rel id="sPointingRel57" xlink:href="scriptorium.GF31-32.mark.xml#sSpan525" target="scriptorium.GF31-32.mark.xml#sSpan534"/>
		<rel id="sPointingRel59" xlink:href="scriptorium.GF31-32.mark.xml#sSpan233" target="scriptorium.GF31-32.mark.xml#sSpan235"/>
		<rel id="sPointingRel61" xlink:href="scriptorium.GF31-32.mark.xml#sSpan1284" target="scriptorium.GF31-32.mark.xml#sSpan1287"/>
		<rel id="sPointingRel63" xlink:href="scriptorium.GF31-32.mark.xml#sSpan314" target="scriptorium.GF31-32.mark.xml#sSpan312"/>
		<rel id="sPointingRel65" xlink:href="scriptorium.GF31-32.mark.xml#sSpan3" target="scriptorium.GF31-32.mark.xml#sSpan26"/>
		<rel id="sPointingRel67" xlink:href="scriptorium.GF31-32.mark.xml#sSpan931" target="scriptorium.GF31-32.mark.xml#sSpan943"/>
		<rel id="sPointingRel69" xlink:href="scriptorium.GF31-32.mark.xml#sSpan1539" target="scriptorium.GF31-32.mark.xml#sSpan1531"/>
		<rel id="sPointingRel71" xlink:href="scriptorium.GF31-32.mark.xml#sSpan899" target="scriptorium.GF31-32.mark.xml#sSpan905"/>
		<rel id="sPointingRel73" xlink:href="scriptorium.GF31-32.mark.xml#sSpan943" target="scriptorium.GF31-32.mark.xml#sSpan936"/>
		<rel id="sPointingRel75" xlink:href="scriptorium.GF31-32.mark.xml#sSpan385" target="scriptorium.GF31-32.mark.xml#sSpan383"/>
		<rel id="sPointingRel77" xlink:href="scriptorium.GF31-32.mark.xml#sSpan856" target="scriptorium.GF31-32.mark.xml#sSpan852"/>
		<rel id="sPointingRel79" xlink:href="scriptorium.GF31-32.mark.xml#sSpan1489" target="scriptorium.GF31-32.mark.xml#sSpan1485"/>
		<rel id="sPointingRel81" xlink:href="scriptorium.GF31-32.mark.xml#sSpan761" target="scriptorium.GF31-32.mark.xml#sSpan744"/>
		<rel id="sPointingRel83" xlink:href="scriptorium.GF31-32.mark.xml#sSpan90" target="scriptorium.GF31-32.mark.xml#sSpan70"/>
		<rel id="sPointingRel85" xlink:href="scriptorium.GF31-32.mark.xml#sSpan1203" target="scriptorium.GF31-32.mark.xml#sSpan1199"/>
		<rel id="sPointingRel87" xlink:href="scriptorium.GF31-32.mark.xml#sSpan995" target="scriptorium.GF31-32.mark.xml#sSpan1026"/>
		<rel id="sPointingRel89" xlink:href="scriptorium.GF31-32.mark.xml#sSpan47" target="scriptorium.GF31-32.mark.xml#sSpan59"/>
		<rel id="sPointingRel91" xlink:href="scriptorium.GF31-32.mark.xml#sSpan1087" target="scriptorium.GF31-32.mark.xml#sSpan1083"/>
		<rel id="sPointingRel93" xlink:href="scriptorium.GF31-32.mark.xml#sSpan635" target="scriptorium.GF31-32.mark.xml#sSpan681"/>
		<rel id="sPointingRel95" xlink:href="scriptorium.GF31-32.mark.xml#sSpan90" target="scriptorium.GF31-32.mark.xml#sSpan87"/>
		<rel id="sPointingRel97" xlink:href="scriptorium.GF31-32.mark.xml#sSpan721" target="scriptorium.GF31-32.mark.xml#sSpan737"/>
		<rel id="sPointingRel99" xlink:href="scriptorium.GF31-32.mark.xml#sSpan1420" target="scriptorium.GF31-32.mark.xml#sSpan1432"/>
		<rel id="sPointingRel101" xlink:href="scriptorium.GF31-32.mark.xml#sSpan350" target="scriptorium.GF31-32.mark.xml#sSpan355"/>
		<rel id="sPointingRel103" xlink:href="scriptorium.GF31-32.mark.xml#sSpan1557" target="scriptorium.GF31-32.mark.xml#sSpan1561"/>
		<rel id="sPointingRel105" xlink:href="scriptorium.GF31-32.mark.xml#sSpan1348" target="scriptorium.GF31-32.mark.xml#sSpan1344"/>
		<rel id="sPointingRel107" xlink:href="scriptorium.GF31-32.mark.xml#sSpan569" target="scriptorium.GF31-32.mark.xml#sSpan592"/>
		<rel id="sPointingRel109" xlink:href="scriptorium.GF31-32.mark.xml#sSpan1026" target="scriptorium.GF31-32.mark.xml#sSpan1019"/>
		<rel id="sPointingRel111" xlink:href="scriptorium.GF31-32.mark.xml#sSpan1026" target="scriptorium.GF31-32.mark.xml#sSpan1015"/>
		<rel id="sPointingRel113" xlink:href="scriptorium.GF31-32.mark.xml#sSpan645" target="scriptorium.GF31-32.mark.xml#sSpan643"/>
		<rel id="sPointingRel115" xlink:href="scriptorium.GF31-32.mark.xml#sSpan1145" target="scriptorium.GF31-32.mark.xml#sSpan1143"/>
		<rel id="sPointingRel117" xlink:href="scriptorium.GF31-32.mark.xml#sSpan846" target="scriptorium.GF31-32.mark.xml#sSpan842"/>
		<rel id="sPointingRel119" xlink:href="scriptorium.GF31-32.mark.xml#sSpan412" target="scriptorium.GF31-32.mark.xml#sSpan423"/>
		<rel id="sPointingRel121" xlink:href="scriptorium.GF31-32.mark.xml#sSpan56" target="scriptorium.GF31-32.mark.xml#sSpan52"/>
		<rel id="sPointingRel123" xlink:href="scriptorium.GF31-32.mark.xml#sSpan1348" target="scriptorium.GF31-32.mark.xml#sSpan1339"/>
		<rel id="sPointingRel125" xlink:href="scriptorium.GF31-32.mark.xml#sSpan513" target="scriptorium.GF31-32.mark.xml#sSpan536"/>
		<rel id="sPointingRel127" xlink:href="scriptorium.GF31-32.mark.xml#sSpan1093" target="scriptorium.GF31-32.mark.xml#sSpan1089"/>
		<rel id="sPointingRel129" xlink:href="scriptorium.GF31-32.mark.xml#sSpan1129" target="scriptorium.GF31-32.mark.xml#sSpan1119"/>
		<rel id="sPointingRel131" xlink:href="scriptorium.GF31-32.mark.xml#sSpan90" target="scriptorium.GF31-32.mark.xml#sSpan74"/>
		<rel id="sPointingRel133" xlink:href="scriptorium.GF31-32.mark.xml#sSpan1258" target="scriptorium.GF31-32.mark.xml#sSpan1300"/>
		<rel id="sPointingRel135" xlink:href="scriptorium.GF31-32.mark.xml#sSpan1112" target="scriptorium.GF31-32.mark.xml#sSpan1117"/>
		<rel id="sPointingRel137" xlink:href="scriptorium.GF31-32.mark.xml#sSpan1258" target="scriptorium.GF31-32.mark.xml#sSpan1265"/>
		<rel id="sPointingRel139" xlink:href="scriptorium.GF31-32.mark.xml#sSpan1156" target="scriptorium.GF31-32.mark.xml#sSpan1152"/>
		<rel id="sPointingRel141" xlink:href="scriptorium.GF31-32.mark.xml#sSpan1297" target="scriptorium.GF31-32.mark.xml#sSpan1293"/>
		<rel id="sPointingRel143" xlink:href="scriptorium.GF31-32.mark.xml#sSpan116" target="scriptorium.GF31-32.mark.xml#sSpan123"/>
		<rel id="sPointingRel145" xlink:href="scriptorium.GF31-32.mark.xml#sSpan1510" target="scriptorium.GF31-32.mark.xml#sSpan1517"/>
		<rel id="sPointingRel147" xlink:href="scriptorium.GF31-32.mark.xml#sSpan196" target="scriptorium.GF31-32.mark.xml#sSpan194"/>
		<rel id="sPointingRel149" xlink:href="scriptorium.GF31-32.mark.xml#sSpan1573" target="scriptorium.GF31-32.mark.xml#sSpan1565"/>
		<rel id="sPointingRel151" xlink:href="scriptorium.GF31-32.mark.xml#sSpan326" target="scriptorium.GF31-32.mark.xml#sSpan321"/>
		<rel id="sPointingRel153" xlink:href="scriptorium.GF31-32.mark.xml#sSpan136" target="scriptorium.GF31-32.mark.xml#sSpan126"/>
		<rel id="sPointingRel155" xlink:href="scriptorium.GF31-32.mark.xml#sSpan776" target="scriptorium.GF31-32.mark.xml#sSpan783"/>
		<rel id="sPointingRel157" xlink:href="scriptorium.GF31-32.mark.xml#sSpan1467" target="scriptorium.GF31-32.mark.xml#sSpan1471"/>
		<rel id="sPointingRel159" xlink:href="scriptorium.GF31-32.mark.xml#sSpan1464" target="scriptorium.GF31-32.mark.xml#sSpan1451"/>
		<rel id="sPointingRel161" xlink:href="scriptorium.GF31-32.mark.xml#sSpan1181" target="scriptorium.GF31-32.mark.xml#sSpan1173"/>
		<rel id="sPointingRel163" xlink:href="scriptorium.GF31-32.mark.xml#sSpan525" target="scriptorium.GF31-32.mark.xml#sSpan522"/>
		<rel id="sPointingRel165" xlink:href="scriptorium.GF31-32.mark.xml#sSpan186" target="scriptorium.GF31-32.mark.xml#sSpan183"/>
		<rel id="sPointingRel167" xlink:href="scriptorium.GF31-32.mark.xml#sSpan350" target="scriptorium.GF31-32.mark.xml#sSpan343"/>
		<rel id="sPointingRel169" xlink:href="scriptorium.GF31-32.mark.xml#sSpan807" target="scriptorium.GF31-32.mark.xml#sSpan830"/>
		<rel id="sPointingRel171" xlink:href="scriptorium.GF31-32.mark.xml#sSpan1517" target="scriptorium.GF31-32.mark.xml#sSpan1512"/>
		<rel id="sPointingRel173" xlink:href="scriptorium.GF31-32.mark.xml#sSpan196" target="scriptorium.GF31-32.mark.xml#sSpan192"/>
		<rel id="sPointingRel175" xlink:href="scriptorium.GF31-32.mark.xml#sSpan3" target="scriptorium.GF31-32.mark.xml#sSpan23"/>
		<rel id="sPointingRel177" xlink:href="scriptorium.GF31-32.mark.xml#sSpan840" target="scriptorium.GF31-32.mark.xml#sSpan894"/>
		<rel id="sPointingRel179" xlink:href="scriptorium.GF31-32.mark.xml#sSpan827" target="scriptorium.GF31-32.mark.xml#sSpan820"/>
		<rel id="sPointingRel181" xlink:href="scriptorium.GF31-32.mark.xml#sSpan482" target="scriptorium.GF31-32.mark.xml#sSpan474"/>
		<rel id="sPointingRel183" xlink:href="scriptorium.GF31-32.mark.xml#sSpan259" target="scriptorium.GF31-32.mark.xml#sSpan272"/>
		<rel id="sPointingRel185" xlink:href="scriptorium.GF31-32.mark.xml#sSpan791" target="scriptorium.GF31-32.mark.xml#sSpan768"/>
		<rel id="sPointingRel187" xlink:href="scriptorium.GF31-32.mark.xml#sSpan148" target="scriptorium.GF31-32.mark.xml#sSpan172"/>
		<rel id="sPointingRel189" xlink:href="scriptorium.GF31-32.mark.xml#sSpan1325" target="scriptorium.GF31-32.mark.xml#sSpan1313"/>
		<rel id="sPointingRel191" xlink:href="scriptorium.GF31-32.mark.xml#sSpan597" target="scriptorium.GF31-32.mark.xml#sSpan612"/>
		<rel id="sPointingRel193" xlink:href="scriptorium.GF31-32.mark.xml#sSpan1395" target="scriptorium.GF31-32.mark.xml#sSpan1410"/>
		<rel id="sPointingRel195" xlink:href="scriptorium.GF31-32.mark.xml#sSpan1348" target="scriptorium.GF31-32.mark.xml#sSpan1355"/>
		<rel id="sPointingRel197" xlink:href="scriptorium.GF31-32.mark.xml#sSpan943" target="scriptorium.GF31-32.mark.xml#sSpan940"/>
		<rel id="sPointingRel199" xlink:href="scriptorium.GF31-32.mark.xml#sSpan47" target="scriptorium.GF31-32.mark.xml#sSpan38"/>
		<rel id="sPointingRel201" xlink:href="scriptorium.GF31-32.mark.xml#sSpan1129" target="scriptorium.GF31-32.mark.xml#sSpan1136"/>
		<rel id="sPointingRel203" xlink:href="scriptorium.GF31-32.mark.xml#sSpan148" target="scriptorium.GF31-32.mark.xml#sSpan155"/>
		<rel id="sPointingRel205" xlink:href="scriptorium.GF31-32.mark.xml#sSpan807" target="scriptorium.GF31-32.mark.xml#sSpan804"/>
		<rel id="sPointingRel207" xlink:href="scriptorium.GF31-32.mark.xml#sSpan1517" target="scriptorium.GF31-32.mark.xml#sSpan1525"/>
		<rel id="sPointingRel209" xlink:href="scriptorium.GF31-32.mark.xml#sSpan90" target="scriptorium.GF31-32.mark.xml#sSpan105"/>
		<rel id="sPointingRel211" xlink:href="scriptorium.GF31-32.mark.xml#sSpan807" target="scriptorium.GF31-32.mark.xml#sSpan816"/>
		<rel id="sPointingRel213" xlink:href="scriptorium.GF31-32.mark.xml#sSpan995" target="scriptorium.GF31-32.mark.xml#sSpan1007"/>
		<rel id="sPointingRel215" xlink:href="scriptorium.GF31-32.mark.xml#sSpan702" target="scriptorium.GF31-32.mark.xml#sSpan698"/>
		<rel id="sPointingRel217" xlink:href="scriptorium.GF31-32.mark.xml#sSpan1063" target="scriptorium.GF31-32.mark.xml#sSpan1065"/>
		<rel id="sPointingRel219" xlink:href="scriptorium.GF31-32.mark.xml#sSpan1112" target="scriptorium.GF31-32.mark.xml#sSpan1129"/>
		<rel id="sPointingRel221" xlink:href="scriptorium.GF31-32.mark.xml#sSpan974" target="scriptorium.GF31-32.mark.xml#sSpan972"/>
		<rel id="sPointingRel223" xlink:href="scriptorium.GF31-32.mark.xml#sSpan377" target="scriptorium.GF31-32.mark.xml#sSpan372"/>
		<rel id="sPointingRel225" xlink:href="scriptorium.GF31-32.mark.xml#sSpan1432" target="scriptorium.GF31-32.mark.xml#sSpan1425"/>
		<rel id="sPointingRel227" xlink:href="scriptorium.GF31-32.mark.xml#sSpan840" target="scriptorium.GF31-32.mark.xml#sSpan834"/>
		<rel id="sPointingRel229" xlink:href="scriptorium.GF31-32.mark.xml#sSpan1432" target="scriptorium.GF31-32.mark.xml#sSpan1439"/>
		<rel id="sPointingRel231" xlink:href="scriptorium.GF31-32.mark.xml#sSpan708" target="scriptorium.GF31-32.mark.xml#sSpan704"/>
		<rel id="sPointingRel233" xlink:href="scriptorium.GF31-32.mark.xml#sSpan876" target="scriptorium.GF31-32.mark.xml#sSpan892"/>
		<rel id="sPointingRel235" xlink:href="scriptorium.GF31-32.mark.xml#sSpan1043" target="scriptorium.GF31-32.mark.xml#sSpan1038"/>
		<rel id="sPointingRel237" xlink:href="scriptorium.GF31-32.mark.xml#sSpan737" target="scriptorium.GF31-32.mark.xml#sSpan733"/>
		<rel id="sPointingRel239" xlink:href="scriptorium.GF31-32.mark.xml#sSpan482" target="scriptorium.GF31-32.mark.xml#sSpan552"/>
		<rel id="sPointingRel241" xlink:href="scriptorium.GF31-32.mark.xml#sSpan1395" target="scriptorium.GF31-32.mark.xml#sSpan1389"/>
		<rel id="sPointingRel243" xlink:href="scriptorium.GF31-32.mark.xml#sSpan846" target="scriptorium.GF31-32.mark.xml#sSpan849"/>
		<rel id="sPointingRel245" xlink:href="scriptorium.GF31-32.mark.xml#sSpan398" target="scriptorium.GF31-32.mark.xml#sSpan401"/>
		<rel id="sPointingRel247" xlink:href="scriptorium.GF31-32.mark.xml#sSpan259" target="scriptorium.GF31-32.mark.xml#sSpan255"/>
		<rel id="sPointingRel249" xlink:href="scriptorium.GF31-32.mark.xml#sSpan259" target="scriptorium.GF31-32.mark.xml#sSpan250"/>
		<rel id="sPointingRel251" xlink:href="scriptorium.GF31-32.mark.xml#sSpan1539" target="scriptorium.GF31-32.mark.xml#sSpan1544"/>
		<rel id="sPointingRel253" xlink:href="scriptorium.GF31-32.mark.xml#sSpan702" target="scriptorium.GF31-32.mark.xml#sSpan708"/>
		<rel id="sPointingRel255" xlink:href="scriptorium.GF31-32.mark.xml#sSpan385" target="scriptorium.GF31-32.mark.xml#sSpan387"/>
		<rel id="sPointingRel257" xlink:href="scriptorium.GF31-32.mark.xml#sSpan87" target="scriptorium.GF31-32.mark.xml#sSpan81"/>
		<rel id="sPointingRel259" xlink:href="scriptorium.GF31-32.mark.xml#sSpan876" target="scriptorium.GF31-32.mark.xml#sSpan874"/>
		<rel id="sPointingRel261" xlink:href="scriptorium.GF31-32.mark.xml#sSpan702" target="scriptorium.GF31-32.mark.xml#sSpan700"/>
		<rel id="sPointingRel263" xlink:href="scriptorium.GF31-32.mark.xml#sSpan635" target="scriptorium.GF31-32.mark.xml#sSpan630"/>
		<rel id="sPointingRel265" xlink:href="scriptorium.GF31-32.mark.xml#sSpan172" target="scriptorium.GF31-32.mark.xml#sSpan169"/>
		<rel id="sPointingRel267" xlink:href="scriptorium.GF31-32.mark.xml#sSpan1129" target="scriptorium.GF31-32.mark.xml#sSpan1127"/>
		<rel id="sPointingRel269" xlink:href="scriptorium.GF31-32.mark.xml#sSpan1112" target="scriptorium.GF31-32.mark.xml#sSpan976"/>
		<rel id="sPointingRel271" xlink:href="scriptorium.GF31-32.mark.xml#sSpan148" target="scriptorium.GF31-32.mark.xml#sSpan162"/>
		<rel id="sPointingRel273" xlink:href="scriptorium.GF31-32.mark.xml#sSpan200" target="scriptorium.GF31-32.mark.xml#sSpan186"/>
		<rel id="sPointingRel275" xlink:href="scriptorium.GF31-32.mark.xml#sSpan1203" target="scriptorium.GF31-32.mark.xml#sSpan1194"/>
		<rel id="sPointingRel277" xlink:href="scriptorium.GF31-32.mark.xml#sSpan995" target="scriptorium.GF31-32.mark.xml#sSpan981"/>
		<rel id="sPointingRel279" xlink:href="scriptorium.GF31-32.mark.xml#sSpan702" target="scriptorium.GF31-32.mark.xml#sSpan694"/>
		<rel id="sPointingRel281" xlink:href="scriptorium.GF31-32.mark.xml#sSpan616" target="scriptorium.GF31-32.mark.xml#sSpan618"/>
		<rel id="sPointingRel283" xlink:href="scriptorium.GF31-32.mark.xml#sSpan849" target="scriptorium.GF31-32.mark.xml#sSpan865"/>
		<rel id="sPointingRel285" xlink:href="scriptorium.GF31-32.mark.xml#sSpan385" target="scriptorium.GF31-32.mark.xml#sSpan398"/>
		<rel id="sPointingRel287" xlink:href="scriptorium.GF31-32.mark.xml#sSpan1449" target="scriptorium.GF31-32.mark.xml#sSpan1441"/>
		<rel id="sPointingRel289" xlink:href="scriptorium.GF31-32.mark.xml#sSpan618" target="scriptorium.GF31-32.mark.xml#sSpan624"/>
		<rel id="sPointingRel291" xlink:href="scriptorium.GF31-32.mark.xml#sSpan640" target="scriptorium.GF31-32.mark.xml#sSpan645"/>
		<rel id="sPointingRel293" xlink:href="scriptorium.GF31-32.mark.xml#sSpan1525" target="scriptorium.GF31-32.mark.xml#sSpan1520"/>
		<rel id="sPointingRel295" xlink:href="scriptorium.GF31-32.mark.xml#sSpan791" target="scriptorium.GF31-32.mark.xml#sSpan785"/>
		<rel id="sPointingRel297" xlink:href="scriptorium.GF31-32.mark.xml#sSpan657" target="scriptorium.GF31-32.mark.xml#sSpan655"/>
		<rel id="sPointingRel299" xlink:href="scriptorium.GF31-32.mark.xml#sSpan308" target="scriptorium.GF31-32.mark.xml#sSpan326"/>
		<rel id="sPointingRel301" xlink:href="scriptorium.GF31-32.mark.xml#sSpan549" target="scriptorium.GF31-32.mark.xml#sSpan544"/>
		<rel id="sPointingRel303" xlink:href="scriptorium.GF31-32.mark.xml#sSpan995" target="scriptorium.GF31-32.mark.xml#sSpan985"/>
		<rel id="sPointingRel305" xlink:href="scriptorium.GF31-32.mark.xml#sSpan974" target="scriptorium.GF31-32.mark.xml#sSpan995"/>
		<rel id="sPointingRel307" xlink:href="scriptorium.GF31-32.mark.xml#sSpan686" target="scriptorium.GF31-32.mark.xml#sSpan702"/>
		<rel id="sPointingRel309" xlink:href="scriptorium.GF31-32.mark.xml#sSpan1325" target="scriptorium.GF31-32.mark.xml#sSpan1318"/>
		<rel id="sPointingRel311" xlink:href="scriptorium.GF31-32.mark.xml#sSpan1207" target="scriptorium.GF31-32.mark.xml#sSpan1228"/>
		<rel id="sPointingRel313" xlink:href="scriptorium.GF31-32.mark.xml#sSpan366" target="scriptorium.GF31-32.mark.xml#sSpan358"/>
		<rel id="sPointingRel315" xlink:href="scriptorium.GF31-32.mark.xml#sSpan1112" target="scriptorium.GF31-32.mark.xml#sSpan1059"/>
		<rel id="sPointingRel317" xlink:href="scriptorium.GF31-32.mark.xml#sSpan1076" target="scriptorium.GF31-32.mark.xml#sSpan1087"/>
		<rel id="sPointingRel319" xlink:href="scriptorium.GF31-32.mark.xml#sSpan991" target="scriptorium.GF31-32.mark.xml#sSpan987"/>
		<rel id="sPointingRel321" xlink:href="scriptorium.GF31-32.mark.xml#sSpan233" target="scriptorium.GF31-32.mark.xml#sSpan244"/>
		<rel id="sPointingRel323" xlink:href="scriptorium.GF31-32.mark.xml#sSpan1439" target="scriptorium.GF31-32.mark.xml#sSpan1435"/>
		<rel id="sPointingRel325" xlink:href="scriptorium.GF31-32.mark.xml#sSpan438" target="scriptorium.GF31-32.mark.xml#sSpan436"/>
		<rel id="sPointingRel327" xlink:href="scriptorium.GF31-32.mark.xml#sSpan1136" target="scriptorium.GF31-32.mark.xml#sSpan1132"/>
		<rel id="sPointingRel329" xlink:href="scriptorium.GF31-32.mark.xml#sSpan1251" target="scriptorium.GF31-32.mark.xml#sSpan1245"/>
		<rel id="sPointingRel331" xlink:href="scriptorium.GF31-32.mark.xml#sSpan244" target="scriptorium.GF31-32.mark.xml#sSpan240"/>
		<rel id="sPointingRel333" xlink:href="scriptorium.GF31-32.mark.xml#sSpan1506" target="scriptorium.GF31-32.mark.xml#sSpan1508"/>
		<rel id="sPointingRel335" xlink:href="scriptorium.GF31-32.mark.xml#sSpan1156" target="scriptorium.GF31-32.mark.xml#sSpan1154"/>
		<rel id="sPointingRel337" xlink:href="scriptorium.GF31-32.mark.xml#sSpan1420" target="scriptorium.GF31-32.mark.xml#sSpan1416"/>
		<rel id="sPointingRel339" xlink:href="scriptorium.GF31-32.mark.xml#sSpan200" target="scriptorium.GF31-32.mark.xml#sSpan218"/>
		<rel id="sPointingRel341" xlink:href="scriptorium.GF31-32.mark.xml#sSpan1464" target="scriptorium.GF31-32.mark.xml#sSpan1459"/>
		<rel id="sPointingRel343" xlink:href="scriptorium.GF31-32.mark.xml#sSpan582" target="scriptorium.GF31-32.mark.xml#sSpan576"/>
		<rel id="sPointingRel345" xlink:href="scriptorium.GF31-32.mark.xml#sSpan616" target="scriptorium.GF31-32.mark.xml#sSpan597"/>
		<rel id="sPointingRel347" xlink:href="scriptorium.GF31-32.mark.xml#sSpan1265" target="scriptorium.GF31-32.mark.xml#sSpan1260"/>
		<rel id="sPointingRel349" xlink:href="scriptorium.GF31-32.mark.xml#sSpan23" target="scriptorium.GF31-32.mark.xml#sSpan17"/>
		<rel id="sPointingRel351" xlink:href="scriptorium.GF31-32.mark.xml#sSpan296" target="scriptorium.GF31-32.mark.xml#sSpan305"/>
		<rel id="sPointingRel353" xlink:href="scriptorium.GF31-32.mark.xml#sSpan446" target="scriptorium.GF31-32.mark.xml#sSpan444"/>
		<rel id="sPointingRel355" xlink:href="scriptorium.GF31-32.mark.xml#sSpan865" target="scriptorium.GF31-32.mark.xml#sSpan859"/>
		<rel id="sPointingRel357" xlink:href="scriptorium.GF31-32.mark.xml#sSpan513" target="scriptorium.GF31-32.mark.xml#sSpan525"/>
		<rel id="sPointingRel359" xlink:href="scriptorium.GF31-32.mark.xml#sSpan569" target="scriptorium.GF31-32.mark.xml#sSpan562"/>
		<rel id="sPointingRel361" xlink:href="scriptorium.GF31-32.mark.xml#sSpan1258" target="scriptorium.GF31-32.mark.xml#sSpan1254"/>
		<rel id="sPointingRel363" xlink:href="scriptorium.GF31-32.mark.xml#sSpan1076" target="scriptorium.GF31-32.mark.xml#sSpan1074"/>
		<rel id="sPointingRel365" xlink:href="scriptorium.GF31-32.mark.xml#sSpan1420" target="scriptorium.GF31-32.mark.xml#sSpan1412"/>
		<rel id="sPointingRel367" xlink:href="scriptorium.GF31-32.mark.xml#sSpan370" target="scriptorium.GF31-32.mark.xml#sSpan377"/>
		<rel id="sPointingRel369" xlink:href="scriptorium.GF31-32.mark.xml#sSpan259" target="scriptorium.GF31-32.mark.xml#sSpan262"/>
		<rel id="sPointingRel371" xlink:href="scriptorium.GF31-32.mark.xml#sSpan761" target="scriptorium.GF31-32.mark.xml#sSpan764"/>
		<rel id="sPointingRel373" xlink:href="scriptorium.GF31-32.mark.xml#sSpan186" target="scriptorium.GF31-32.mark.xml#sSpan196"/>
		<rel id="sPointingRel375" xlink:href="scriptorium.GF31-32.mark.xml#sSpan569" target="scriptorium.GF31-32.mark.xml#sSpan582"/>
		<rel id="sPointingRel377" xlink:href="scriptorium.GF31-32.mark.xml#sSpan807" target="scriptorium.GF31-32.mark.xml#sSpan827"/>
		<rel id="sPointingRel379" xlink:href="scriptorium.GF31-32.mark.xml#sSpan350" target="scriptorium.GF31-32.mark.xml#sSpan385"/>
		<rel id="sPointingRel381" xlink:href="scriptorium.GF31-32.mark.xml#sSpan1325" target="scriptorium.GF31-32.mark.xml#sSpan1335"/>
		<rel id="sPointingRel383" xlink:href="scriptorium.GF31-32.mark.xml#sSpan645" target="scriptorium.GF31-32.mark.xml#sSpan652"/>
		<rel id="sPointingRel385" xlink:href="scriptorium.GF31-32.mark.xml#sSpan452" target="scriptorium.GF31-32.mark.xml#sSpan458"/>
		<rel id="sPointingRel387" xlink:href="scriptorium.GF31-32.mark.xml#sSpan721" target="scriptorium.GF31-32.mark.xml#sSpan740"/>
		<rel id="sPointingRel389" xlink:href="scriptorium.GF31-32.mark.xml#sSpan1539" target="scriptorium.GF31-32.mark.xml#sSpan1535"/>
		<rel id="sPointingRel391" xlink:href="scriptorium.GF31-32.mark.xml#sSpan761" target="scriptorium.GF31-32.mark.xml#sSpan759"/>
		<rel id="sPointingRel393" xlink:href="scriptorium.GF31-32.mark.xml#sSpan1145" target="scriptorium.GF31-32.mark.xml#sSpan1156"/>
		<rel id="sPointingRel395" xlink:href="scriptorium.GF31-32.mark.xml#sSpan1181" target="scriptorium.GF31-32.mark.xml#sSpan1176"/>
		<rel id="sPointingRel397" xlink:href="scriptorium.GF31-32.mark.xml#sSpan1478" target="scriptorium.GF31-32.mark.xml#sSpan1489"/>
		<rel id="sPointingRel399" xlink:href="scriptorium.GF31-32.mark.xml#sSpan216" target="scriptorium.GF31-32.mark.xml#sSpan212"/>
		<rel id="sPointingRel401" xlink:href="scriptorium.GF31-32.mark.xml#sSpan1464" target="scriptorium.GF31-32.mark.xml#sSpan1455"/>
		<rel id="sPointingRel403" xlink:href="scriptorium.GF31-32.mark.xml#sSpan1059" target="scriptorium.GF31-32.mark.xml#sSpan1063"/>
		<rel id="sPointingRel405" xlink:href="scriptorium.GF31-32.mark.xml#sSpan398" target="scriptorium.GF31-32.mark.xml#sSpan410"/>
		<rel id="sPointingRel407" xlink:href="scriptorium.GF31-32.mark.xml#sSpan616" target="scriptorium.GF31-32.mark.xml#sSpan608"/>
		<rel id="sPointingRel409" xlink:href="scriptorium.GF31-32.mark.xml#sSpan1284" target="scriptorium.GF31-32.mark.xml#sSpan1272"/>
		<rel id="sPointingRel411" xlink:href="scriptorium.GF31-32.mark.xml#sSpan1228" target="scriptorium.GF31-32.mark.xml#sSpan1222"/>
		<rel id="sPointingRel413" xlink:href="scriptorium.GF31-32.mark.xml#sSpan1059" target="scriptorium.GF31-32.mark.xml#sSpan1107"/>
		<rel id="sPointingRel415" xlink:href="scriptorium.GF31-32.mark.xml#sSpan350" target="scriptorium.GF31-32.mark.xml#sSpan366"/>
		<rel id="sPointingRel417" xlink:href="scriptorium.GF31-32.mark.xml#sSpan200" target="scriptorium.GF31-32.mark.xml#sSpan205"/>
		<rel id="sPointingRel419" xlink:href="scriptorium.GF31-32.mark.xml#sSpan1284" target="scriptorium.GF31-32.mark.xml#sSpan1282"/>
		<rel id="sPointingRel421" xlink:href="scriptorium.GF31-32.mark.xml#sSpan721" target="scriptorium.GF31-32.mark.xml#sSpan727"/>
		<rel id="sPointingRel423" xlink:href="scriptorium.GF31-32.mark.xml#sSpan47" target="scriptorium.GF31-32.mark.xml#sSpan56"/>
		<rel id="sPointingRel425" xlink:href="scriptorium.GF31-32.mark.xml#sSpan1162" target="scriptorium.GF31-32.mark.xml#sSpan1158"/>
		<rel id="sPointingRel427" xlink:href="scriptorium.GF31-32.mark.xml#sSpan549" target="scriptorium.GF31-32.mark.xml#sSpan490"/>
		<rel id="sPointingRel429" xlink:href="scriptorium.GF31-32.mark.xml#sSpan892" target="scriptorium.GF31-32.mark.xml#sSpan888"/>
		<rel id="sPointingRel431" xlink:href="scriptorium.GF31-32.mark.xml#sSpan350" target="scriptorium.GF31-32.mark.xml#sSpan339"/>
		<rel id="sPointingRel433" xlink:href="scriptorium.GF31-32.mark.xml#sSpan827" target="scriptorium.GF31-32.mark.xml#sSpan824"/>
		<rel id="sPointingRel435" xlink:href="scriptorium.GF31-32.mark.xml#sSpan1373" target="scriptorium.GF31-32.mark.xml#sSpan1361"/>
		<rel id="sPointingRel437" xlink:href="scriptorium.GF31-32.mark.xml#sSpan616" target="scriptorium.GF31-32.mark.xml#sSpan604"/>
		<rel id="sPointingRel439" xlink:href="scriptorium.GF31-32.mark.xml#sSpan1043" target="scriptorium.GF31-32.mark.xml#sSpan1034"/>
		<rel id="sPointingRel441" xlink:href="scriptorium.GF31-32.mark.xml#sSpan995" target="scriptorium.GF31-32.mark.xml#sSpan1048"/>
		<rel id="sPointingRel443" xlink:href="scriptorium.GF31-32.mark.xml#sSpan438" target="scriptorium.GF31-32.mark.xml#sSpan461"/>
		<rel id="sPointingRel445" xlink:href="scriptorium.GF31-32.mark.xml#sSpan807" target="scriptorium.GF31-32.mark.xml#sSpan798"/>
		<rel id="sPointingRel447" xlink:href="scriptorium.GF31-32.mark.xml#sSpan366" target="scriptorium.GF31-32.mark.xml#sSpan368"/>
		<rel id="sPointingRel449" xlink:href="scriptorium.GF31-32.mark.xml#sSpan259" target="scriptorium.GF31-32.mark.xml#sSpan257"/>
		<rel id="sPointingRel451" xlink:href="scriptorium.GF31-32.mark.xml#sSpan1129" target="scriptorium.GF31-32.mark.xml#sSpan1125"/>
		<rel id="sPointingRel453" xlink:href="scriptorium.GF31-32.mark.xml#sSpan761" target="scriptorium.GF31-32.mark.xml#sSpan755"/>
		<rel id="sPointingRel455" xlink:href="scriptorium.GF31-32.mark.xml#sSpan1557" target="scriptorium.GF31-32.mark.xml#sSpan1548"/>
		<rel id="sPointingRel457" xlink:href="scriptorium.GF31-32.mark.xml#sSpan1284" target="scriptorium.GF31-32.mark.xml#sSpan1277"/>
		<rel id="sPointingRel459" xlink:href="scriptorium.GF31-32.mark.xml#sSpan1156" target="scriptorium.GF31-32.mark.xml#sSpan1147"/>
		<rel id="sPointingRel461" xlink:href="scriptorium.GF31-32.mark.xml#sSpan791" target="scriptorium.GF31-32.mark.xml#sSpan794"/>
		<rel id="sPointingRel463" xlink:href="scriptorium.GF31-32.mark.xml#sSpan1373" target="scriptorium.GF31-32.mark.xml#sSpan1370"/>
		<rel id="sPointingRel465" xlink:href="scriptorium.GF31-32.mark.xml#sSpan673" target="scriptorium.GF31-32.mark.xml#sSpan676"/>
		<rel id="sPointingRel467" xlink:href="scriptorium.GF31-32.mark.xml#sSpan1228" target="scriptorium.GF31-32.mark.xml#sSpan1216"/>
		<rel id="sPointingRel469" xlink:href="scriptorium.GF31-32.mark.xml#sSpan569" target="scriptorium.GF31-32.mark.xml#sSpan566"/>
		<rel id="sPointingRel471" xlink:href="scriptorium.GF31-32.mark.xml#sSpan549" target="scriptorium.GF31-32.mark.xml#sSpan513"/>
		<rel id="sPointingRel473" xlink:href="scriptorium.GF31-32.mark.xml#sSpan1203" target="scriptorium.GF31-32.mark.xml#sSpan1207"/>
		<rel id="sPointingRel475" xlink:href="scriptorium.GF31-32.mark.xml#sSpan667" target="scriptorium.GF31-32.mark.xml#sSpan659"/>
		<rel id="sPointingRel477" xlink:href="scriptorium.GF31-32.mark.xml#sSpan721" target="scriptorium.GF31-32.mark.xml#sSpan719"/>
		<rel id="sPointingRel479" xlink:href="scriptorium.GF31-32.mark.xml#sSpan1502" target="scriptorium.GF31-32.mark.xml#sSpan1506"/>
		<rel id="sPointingRel481" xlink:href="scriptorium.GF31-32.mark.xml#sSpan943" target="scriptorium.GF31-32.mark.xml#sSpan955"/>
		<rel id="sPointingRel483" xlink:href="scriptorium.GF31-32.mark.xml#sSpan1310" target="scriptorium.GF31-32.mark.xml#sSpan1304"/>
		<rel id="sPointingRel485" xlink:href="scriptorium.GF31-32.mark.xml#sSpan136" target="scriptorium.GF31-32.mark.xml#sSpan130"/>
		<rel id="sPointingRel487" xlink:href="scriptorium.GF31-32.mark.xml#sSpan1076" target="scriptorium.GF31-32.mark.xml#sSpan1067"/>
		<rel id="sPointingRel489" xlink:href="scriptorium.GF31-32.mark.xml#sSpan513" target="scriptorium.GF31-32.mark.xml#sSpan509"/>
		<rel id="sPointingRel491" xlink:href="scriptorium.GF31-32.mark.xml#sSpan1395" target="scriptorium.GF31-32.mark.xml#sSpan1399"/>
		<rel id="sPointingRel493" xlink:href="scriptorium.GF31-32.mark.xml#sSpan974" target="scriptorium.GF31-32.mark.xml#sSpan968"/>
		<rel id="sPointingRel495" xlink:href="scriptorium.GF31-32.mark.xml#sSpan259" target="scriptorium.GF31-32.mark.xml#sSpan274"/>
		<rel id="sPointingRel497" xlink:href="scriptorium.GF31-32.mark.xml#sSpan458" target="scriptorium.GF31-32.mark.xml#sSpan455"/>
		<rel id="sPointingRel499" xlink:href="scriptorium.GF31-32.mark.xml#sSpan1449" target="scriptorium.GF31-32.mark.xml#sSpan1445"/>
		<rel id="sPointingRel501" xlink:href="scriptorium.GF31-32.mark.xml#sSpan233" target="scriptorium.GF31-32.mark.xml#sSpan222"/>
		<rel id="sPointingRel503" xlink:href="scriptorium.GF31-32.mark.xml#sSpan366" target="scriptorium.GF31-32.mark.xml#sSpan362"/>
		<rel id="sPointingRel505" xlink:href="scriptorium.GF31-32.mark.xml#sSpan1373" target="scriptorium.GF31-32.mark.xml#sSpan1383"/>
		<rel id="sPointingRel507" xlink:href="scriptorium.GF31-32.mark.xml#sSpan1076" target="scriptorium.GF31-32.mark.xml#sSpan1093"/>
		<rel id="sPointingRel509" xlink:href="scriptorium.GF31-32.mark.xml#sSpan1129" target="scriptorium.GF31-32.mark.xml#sSpan1181"/>
		<rel id="sPointingRel511" xlink:href="scriptorium.GF31-32.mark.xml#sSpan783" target="scriptorium.GF31-32.mark.xml#sSpan778"/>
		<rel id="sPointingRel513" xlink:href="scriptorium.GF31-32.mark.xml#sSpan1325" target="scriptorium.GF31-32.mark.xml#sSpan1310"/>
		<rel id="sPointingRel515" xlink:href="scriptorium.GF31-32.mark.xml#sSpan87" target="scriptorium.GF31-32.mark.xml#sSpan79"/>
		<rel id="sPointingRel517" xlink:href="scriptorium.GF31-32.mark.xml#sSpan1059" target="scriptorium.GF31-32.mark.xml#sSpan1061"/>
		<rel id="sPointingRel519" xlink:href="scriptorium.GF31-32.mark.xml#sSpan162" target="scriptorium.GF31-32.mark.xml#sSpan158"/>
		<rel id="sPointingRel521" xlink:href="scriptorium.GF31-32.mark.xml#sSpan196" target="scriptorium.GF31-32.mark.xml#sSpan198"/>
		<rel id="sPointingRel523" xlink:href="scriptorium.GF31-32.mark.xml#sSpan1478" target="scriptorium.GF31-32.mark.xml#sSpan1481"/>
		<rel id="sPointingRel525" xlink:href="scriptorium.GF31-32.mark.xml#sSpan1539" target="scriptorium.GF31-32.mark.xml#sSpan1573"/>
		<rel id="sPointingRel527" xlink:href="scriptorium.GF31-32.mark.xml#sSpan582" target="scriptorium.GF31-32.mark.xml#sSpan588"/>
		<rel id="sPointingRel529" xlink:href="scriptorium.GF31-32.mark.xml#sSpan1325" target="scriptorium.GF31-32.mark.xml#sSpan1333"/>
		<rel id="sPointingRel531" xlink:href="scriptorium.GF31-32.mark.xml#sSpan776" target="scriptorium.GF31-32.mark.xml#sSpan774"/>
		<rel id="sPointingRel533" xlink:href="scriptorium.GF31-32.mark.xml#sSpan279" target="scriptorium.GF31-32.mark.xml#sSpan308"/>
		<rel id="sPointingRel535" xlink:href="scriptorium.GF31-32.mark.xml#sSpan423" target="scriptorium.GF31-32.mark.xml#sSpan420"/>
		<rel id="sPointingRel537" xlink:href="scriptorium.GF31-32.mark.xml#sSpan1112" target="scriptorium.GF31-32.mark.xml#sSpan962"/>
		<rel id="sPointingRel539" xlink:href="scriptorium.GF31-32.mark.xml#sSpan499" target="scriptorium.GF31-32.mark.xml#sSpan497"/>
		<rel id="sPointingRel541" xlink:href="scriptorium.GF31-32.mark.xml#sSpan919" target="scriptorium.GF31-32.mark.xml#sSpan917"/>
		<rel id="sPointingRel543" xlink:href="scriptorium.GF31-32.mark.xml#sSpan1573" target="scriptorium.GF31-32.mark.xml#sSpan1590"/>
		<rel id="sPointingRel545" xlink:href="scriptorium.GF31-32.mark.xml#sSpan919" target="scriptorium.GF31-32.mark.xml#sSpan921"/>
		<rel id="sPointingRel547" xlink:href="scriptorium.GF31-32.mark.xml#sSpan148" target="scriptorium.GF31-32.mark.xml#sSpan143"/>
		<rel id="sPointingRel549" xlink:href="scriptorium.GF31-32.mark.xml#sSpan482" target="scriptorium.GF31-32.mark.xml#sSpan478"/>
		<rel id="sPointingRel551" xlink:href="scriptorium.GF31-32.mark.xml#sSpan929" target="scriptorium.GF31-32.mark.xml#sSpan924"/>
		<rel id="sPointingRel553" xlink:href="scriptorium.GF31-32.mark.xml#sSpan482" target="scriptorium.GF31-32.mark.xml#sSpan485"/>
		<rel id="sPointingRel555" xlink:href="scriptorium.GF31-32.mark.xml#sSpan90" target="scriptorium.GF31-32.mark.xml#sSpan107"/>
		<rel id="sPointingRel557" xlink:href="scriptorium.GF31-32.mark.xml#sSpan686" target="scriptorium.GF31-32.mark.xml#sSpan710"/>
		<rel id="sPointingRel559" xlink:href="scriptorium.GF31-32.mark.xml#sSpan350" target="scriptorium.GF31-32.mark.xml#sSpan348"/>
		<rel id="sPointingRel561" xlink:href="scriptorium.GF31-32.mark.xml#sSpan485" target="scriptorium.GF31-32.mark.xml#sSpan549"/>
		<rel id="sPointingRel563" xlink:href="scriptorium.GF31-32.mark.xml#sSpan737" target="scriptorium.GF31-32.mark.xml#sSpan729"/>
		<rel id="sPointingRel565" xlink:href="scriptorium.GF31-32.mark.xml#sSpan105" target="scriptorium.GF31-32.mark.xml#sSpan99"/>
		<rel id="sPointingRel567" xlink:href="scriptorium.GF31-32.mark.xml#sSpan1101" target="scriptorium.GF31-32.mark.xml#sSpan1096"/>
		<rel id="sPointingRel569" xlink:href="scriptorium.GF31-32.mark.xml#sSpan123" target="scriptorium.GF31-32.mark.xml#sSpan119"/>
		<rel id="sPointingRel571" xlink:href="scriptorium.GF31-32.mark.xml#sSpan1395" target="scriptorium.GF31-32.mark.xml#sSpan1491"/>
		<rel id="sPointingRel573" xlink:href="scriptorium.GF31-32.mark.xml#sSpan1284" target="scriptorium.GF31-32.mark.xml#sSpan1268"/>
		<rel id="sPointingRel575" xlink:href="scriptorium.GF31-32.mark.xml#sSpan919" target="scriptorium.GF31-32.mark.xml#sSpan931"/>
		<rel id="sPointingRel577" xlink:href="scriptorium.GF31-32.mark.xml#sSpan846" target="scriptorium.GF31-32.mark.xml#sSpan856"/>
		<rel id="sPointingRel579" xlink:href="scriptorium.GF31-32.mark.xml#sSpan534" target="scriptorium.GF31-32.mark.xml#sSpan529"/>
		<rel id="sPointingRel581" xlink:href="scriptorium.GF31-32.mark.xml#sSpan1449" target="scriptorium.GF31-32.mark.xml#sSpan1464"/>
		<rel id="sPointingRel583" xlink:href="scriptorium.GF31-32.mark.xml#sSpan1203" target="scriptorium.GF31-32.mark.xml#sSpan1212"/>
		<rel id="sPointingRel585" xlink:href="scriptorium.GF31-32.mark.xml#sSpan1129" target="scriptorium.GF31-32.mark.xml#sSpan1145"/>
		<rel id="sPointingRel587" xlink:href="scriptorium.GF31-32.mark.xml#sSpan148" target="scriptorium.GF31-32.mark.xml#sSpan174"/>
		<rel id="sPointingRel589" xlink:href="scriptorium.GF31-32.mark.xml#sSpan727" target="scriptorium.GF31-32.mark.xml#sSpan723"/>
		<rel id="sPointingRel591" xlink:href="scriptorium.GF31-32.mark.xml#sSpan1043" target="scriptorium.GF31-32.mark.xml#sSpan1030"/>
		<rel id="sPointingRel593" xlink:href="scriptorium.GF31-32.mark.xml#sSpan1373" target="scriptorium.GF31-32.mark.xml#sSpan1381"/>
		<rel id="sPointingRel595" xlink:href="scriptorium.GF31-32.mark.xml#sSpan1156" target="scriptorium.GF31-32.mark.xml#sSpan1162"/>
		<rel id="sPointingRel597" xlink:href="scriptorium.GF31-32.mark.xml#sSpan446" target="scriptorium.GF31-32.mark.xml#sSpan452"/>
		<rel id="sPointingRel599" xlink:href="scriptorium.GF31-32.mark.xml#sSpan1145" target="scriptorium.GF31-32.mark.xml#sSpan1139"/>
		<rel id="sPointingRel601" xlink:href="scriptorium.GF31-32.mark.xml#sSpan1517" target="scriptorium.GF31-32.mark.xml#sSpan1539"/>
		<rel id="sPointingRel603" xlink:href="scriptorium.GF31-32.mark.xml#sSpan1284" target="scriptorium.GF31-32.mark.xml#sSpan1297"/>
		<rel id="sPointingRel605" xlink:href="scriptorium.GF31-32.mark.xml#sSpan582" target="scriptorium.GF31-32.mark.xml#sSpan580"/>
		<rel id="sPointingRel607" xlink:href="scriptorium.GF31-32.mark.xml#sSpan350" target="scriptorium.GF31-32.mark.xml#sSpan333"/>
		<rel id="sPointingRel609" xlink:href="scriptorium.GF31-32.mark.xml#sSpan398" target="scriptorium.GF31-32.mark.xml#sSpan389"/>
		<rel id="sPointingRel611" xlink:href="scriptorium.GF31-32.mark.xml#sSpan452" target="scriptorium.GF31-32.mark.xml#sSpan448"/>
		<rel id="sPointingRel613" xlink:href="scriptorium.GF31-32.mark.xml#sSpan279" target="scriptorium.GF31-32.mark.xml#sSpan285"/>
		<rel id="sPointingRel615" xlink:href="scriptorium.GF31-32.mark.xml#sSpan116" target="scriptorium.GF31-32.mark.xml#sSpan136"/>
		<rel id="sPointingRel617" xlink:href="scriptorium.GF31-32.mark.xml#sSpan506" target="scriptorium.GF31-32.mark.xml#sSpan501"/>
		<rel id="sPointingRel619" xlink:href="scriptorium.GF31-32.mark.xml#sSpan438" target="scriptorium.GF31-32.mark.xml#sSpan412"/>
		<rel id="sPointingRel621" xlink:href="scriptorium.GF31-32.mark.xml#sSpan296" target="scriptorium.GF31-32.mark.xml#sSpan289"/>
		<rel id="sPointingRel623" xlink:href="scriptorium.GF31-32.mark.xml#sSpan398" target="scriptorium.GF31-32.mark.xml#sSpan394"/>
		<rel id="sPointingRel625" xlink:href="scriptorium.GF31-32.mark.xml#sSpan272" target="scriptorium.GF31-32.mark.xml#sSpan264"/>
		<rel id="sPointingRel627" xlink:href="scriptorium.GF31-32.mark.xml#sSpan200" target="scriptorium.GF31-32.mark.xml#sSpan216"/>
		<rel id="sPointingRel629" xlink:href="scriptorium.GF31-32.mark.xml#sSpan549" target="scriptorium.GF31-32.mark.xml#sSpan546"/>
		<rel id="sPointingRel631" xlink:href="scriptorium.GF31-32.mark.xml#sSpan1258" target="scriptorium.GF31-32.mark.xml#sSpan1251"/>
		<rel id="sPointingRel633" xlink:href="scriptorium.GF31-32.mark.xml#sSpan398" target="scriptorium.GF31-32.mark.xml#sSpan396"/>
		<rel id="sPointingRel635" xlink:href="scriptorium.GF31-32.mark.xml#sSpan45" target="scriptorium.GF31-32.mark.xml#sSpan40"/>
		<rel id="sPointingRel637" xlink:href="scriptorium.GF31-32.mark.xml#sSpan1410" target="scriptorium.GF31-32.mark.xml#sSpan1407"/>
		<rel id="sPointingRel639" xlink:href="scriptorium.GF31-32.mark.xml#sSpan1287" target="scriptorium.GF31-32.mark.xml#sSpan1291"/>
		<rel id="sPointingRel641" xlink:href="scriptorium.GF31-32.mark.xml#sSpan1432" target="scriptorium.GF31-32.mark.xml#sSpan1429"/>
		<rel id="sPointingRel643" xlink:href="scriptorium.GF31-32.mark.xml#sSpan1007" target="scriptorium.GF31-32.mark.xml#sSpan1004"/>
		<rel id="sPointingRel645" xlink:href="scriptorium.GF31-32.mark.xml#sSpan657" target="scriptorium.GF31-32.mark.xml#sSpan667"/>
		<rel id="sPointingRel647" xlink:href="scriptorium.GF31-32.mark.xml#sSpan513" target="scriptorium.GF31-32.mark.xml#sSpan494"/>
		<rel id="sPointingRel649" xlink:href="scriptorium.GF31-32.mark.xml#sSpan569" target="scriptorium.GF31-32.mark.xml#sSpan556"/>
		<rel id="sPointingRel651" xlink:href="scriptorium.GF31-32.mark.xml#sSpan410" target="scriptorium.GF31-32.mark.xml#sSpan406"/>
		<rel id="sPointingRel653" xlink:href="scriptorium.GF31-32.mark.xml#sSpan616" target="scriptorium.GF31-32.mark.xml#sSpan626"/>
		<rel id="sPointingRel655" xlink:href="scriptorium.GF31-32.mark.xml#sSpan721" target="scriptorium.GF31-32.mark.xml#sSpan714"/>
		<rel id="sPointingRel657" xlink:href="scriptorium.GF31-32.mark.xml#sSpan385" target="scriptorium.GF31-32.mark.xml#sSpan379"/>
		<rel id="sPointingRel659" xlink:href="scriptorium.GF31-32.mark.xml#sSpan1381" target="scriptorium.GF31-32.mark.xml#sSpan1377"/>
		<rel id="sPointingRel661" xlink:href="scriptorium.GF31-32.mark.xml#sSpan1173" target="scriptorium.GF31-32.mark.xml#sSpan1169"/>
		<rel id="sPointingRel663" xlink:href="scriptorium.GF31-32.mark.xml#sSpan1129" target="scriptorium.GF31-32.mark.xml#sSpan1123"/>
		<rel id="sPointingRel665" xlink:href="scriptorium.GF31-32.mark.xml#sSpan499" target="scriptorium.GF31-32.mark.xml#sSpan506"/>
		<rel id="sPointingRel667" xlink:href="scriptorium.GF31-32.mark.xml#sSpan1076" target="scriptorium.GF31-32.mark.xml#sSpan1072"/>
		<rel id="sPointingRel669" xlink:href="scriptorium.GF31-32.mark.xml#sSpan23" target="scriptorium.GF31-32.mark.xml#sSpan13"/>
		<rel id="sPointingRel671" xlink:href="scriptorium.GF31-32.mark.xml#sSpan1410" target="scriptorium.GF31-32.mark.xml#sSpan1405"/>
		<rel id="sPointingRel673" xlink:href="scriptorium.GF31-32.mark.xml#sSpan366" target="scriptorium.GF31-32.mark.xml#sSpan370"/>
		<rel id="sPointingRel675" xlink:href="scriptorium.GF31-32.mark.xml#sSpan1076" target="scriptorium.GF31-32.mark.xml#sSpan1101"/>
		<rel id="sPointingRel677" xlink:href="scriptorium.GF31-32.mark.xml#sSpan955" target="scriptorium.GF31-32.mark.xml#sSpan952"/>
		<rel id="sPointingRel679" xlink:href="scriptorium.GF31-32.mark.xml#sSpan525" target="scriptorium.GF31-32.mark.xml#sSpan518"/>
		<rel id="sPointingRel681" xlink:href="scriptorium.GF31-32.mark.xml#sSpan116" target="scriptorium.GF31-32.mark.xml#sSpan139"/>
		<rel id="sPointingRel683" xlink:href="scriptorium.GF31-32.mark.xml#sSpan1258" target="scriptorium.GF31-32.mark.xml#sSpan1241"/>
		<rel id="sPointingRel685" xlink:href="scriptorium.GF31-32.mark.xml#sSpan652" target="scriptorium.GF31-32.mark.xml#sSpan657"/>
		<rel id="sPointingRel687" xlink:href="scriptorium.GF31-32.mark.xml#sSpan588" target="scriptorium.GF31-32.mark.xml#sSpan584"/>
		<rel id="sPointingRel689" xlink:href="scriptorium.GF31-32.mark.xml#sSpan233" target="scriptorium.GF31-32.mark.xml#sSpan230"/>
		<rel id="sPointingRel691" xlink:href="scriptorium.GF31-32.mark.xml#sSpan744" target="scriptorium.GF31-32.mark.xml#sSpan752"/>
		<rel id="sPointingRel693" xlink:href="scriptorium.GF31-32.mark.xml#sSpan186" target="scriptorium.GF31-32.mark.xml#sSpan178"/>
		<rel id="sPointingRel695" xlink:href="scriptorium.GF31-32.mark.xml#sSpan752" target="scriptorium.GF31-32.mark.xml#sSpan750"/>
		<rel id="sPointingRel697" xlink:href="scriptorium.GF31-32.mark.xml#sSpan1573" target="scriptorium.GF31-32.mark.xml#sSpan1577"/>
		<rel id="sPointingRel699" xlink:href="scriptorium.GF31-32.mark.xml#sSpan1539" target="scriptorium.GF31-32.mark.xml#sSpan1557"/>
		<rel id="sPointingRel701" xlink:href="scriptorium.GF31-32.mark.xml#sSpan272" target="scriptorium.GF31-32.mark.xml#sSpan269"/>
		<rel id="sPointingRel703" xlink:href="scriptorium.GF31-32.mark.xml#sSpan1112" target="scriptorium.GF31-32.mark.xml#sSpan974"/>
		<rel id="sPointingRel705" xlink:href="scriptorium.GF31-32.mark.xml#sSpan233" target="scriptorium.GF31-32.mark.xml#sSpan228"/>
		<rel id="sPointingRel707" xlink:href="scriptorium.GF31-32.mark.xml#sSpan943" target="scriptorium.GF31-32.mark.xml#sSpan938"/>
		<rel id="sPointingRel709" xlink:href="scriptorium.GF31-32.mark.xml#sSpan482" target="scriptorium.GF31-32.mark.xml#sSpan467"/>
		<rel id="sPointingRel711" xlink:href="scriptorium.GF31-32.mark.xml#sSpan1590" target="scriptorium.GF31-32.mark.xml#sSpan1592"/>
		<rel id="sPointingRel713" xlink:href="scriptorium.GF31-32.mark.xml#sSpan38" target="scriptorium.GF31-32.mark.xml#sSpan45"/>
		<rel id="sPointingRel715" xlink:href="scriptorium.GF31-32.mark.xml#sSpan1478" target="scriptorium.GF31-32.mark.xml#sSpan1473"/>
		<rel id="sPointingRel717" xlink:href="scriptorium.GF31-32.mark.xml#sSpan446" target="scriptorium.GF31-32.mark.xml#sSpan440"/>
		<rel id="sPointingRel719" xlink:href="scriptorium.GF31-32.mark.xml#sSpan1026" target="scriptorium.GF31-32.mark.xml#sSpan1010"/>
		<rel id="sPointingRel721" xlink:href="scriptorium.GF31-32.mark.xml#sSpan90" target="scriptorium.GF31-32.mark.xml#sSpan64"/>
		<rel id="sPointingRel723" xlink:href="scriptorium.GF31-32.mark.xml#sSpan438" target="scriptorium.GF31-32.mark.xml#sSpan427"/>
		<rel id="sPointingRel725" xlink:href="scriptorium.GF31-32.mark.xml#sSpan1007" target="scriptorium.GF31-32.mark.xml#sSpan1000"/>
		<rel id="sPointingRel727" xlink:href="scriptorium.GF31-32.mark.xml#sSpan513" target="scriptorium.GF31-32.mark.xml#sSpan516"/>
		<rel id="sPointingRel729" xlink:href="scriptorium.GF31-32.mark.xml#sSpan919" target="scriptorium.GF31-32.mark.xml#sSpan929"/>
		<rel id="sPointingRel731" xlink:href="scriptorium.GF31-32.mark.xml#sSpan876" target="scriptorium.GF31-32.mark.xml#sSpan870"/>
		<rel id="sPointingRel733" xlink:href="scriptorium.GF31-32.mark.xml#sSpan1420" target="scriptorium.GF31-32.mark.xml#sSpan1449"/>
		<rel id="sPointingRel735" xlink:href="scriptorium.GF31-32.mark.xml#sSpan233" target="scriptorium.GF31-32.mark.xml#sSpan246"/>
		<rel id="sPointingRel737" xlink:href="scriptorium.GF31-32.mark.xml#sSpan1087" target="scriptorium.GF31-32.mark.xml#sSpan1079"/>
		<rel id="sPointingRel739" xlink:href="scriptorium.GF31-32.mark.xml#sSpan892" target="scriptorium.GF31-32.mark.xml#sSpan884"/>
		<rel id="sPointingRel741" xlink:href="scriptorium.GF31-32.mark.xml#sSpan155" target="scriptorium.GF31-32.mark.xml#sSpan151"/>
		<rel id="sPointingRel743" xlink:href="scriptorium.GF31-32.mark.xml#sSpan200" target="scriptorium.GF31-32.mark.xml#sSpan207"/>
		<rel id="sPointingRel745" xlink:href="scriptorium.GF31-32.mark.xml#sSpan1063" target="scriptorium.GF31-32.mark.xml#sSpan1076"/>
		<rel id="sPointingRel747" xlink:href="scriptorium.GF31-32.mark.xml#sSpan1203" target="scriptorium.GF31-32.mark.xml#sSpan1189"/>
		<rel id="sPointingRel749" xlink:href="scriptorium.GF31-32.mark.xml#sSpan494" target="scriptorium.GF31-32.mark.xml#sSpan499"/>
		<rel id="sPointingRel751" xlink:href="scriptorium.GF31-32.mark.xml#sSpan919" target="scriptorium.GF31-32.mark.xml#sSpan957"/>
		<rel id="sPointingRel753" xlink:href="scriptorium.GF31-32.mark.xml#sSpan657" target="scriptorium.GF31-32.mark.xml#sSpan673"/>
		<rel id="sPointingRel755" xlink:href="scriptorium.GF31-32.mark.xml#sSpan840" target="scriptorium.GF31-32.mark.xml#sSpan876"/>
		<rel id="sPointingRel757" xlink:href="scriptorium.GF31-32.mark.xml#sSpan1410" target="scriptorium.GF31-32.mark.xml#sSpan1420"/>
		<rel id="sPointingRel759" xlink:href="scriptorium.GF31-32.mark.xml#sSpan1464" target="scriptorium.GF31-32.mark.xml#sSpan1478"/>
		<rel id="sPointingRel761" xlink:href="scriptorium.GF31-32.mark.xml#sSpan196" target="scriptorium.GF31-32.mark.xml#sSpan188"/>
		<rel id="sPointingRel763" xlink:href="scriptorium.GF31-32.mark.xml#sSpan1506" target="scriptorium.GF31-32.mark.xml#sSpan1510"/>
		<rel id="sPointingRel765" xlink:href="scriptorium.GF31-32.mark.xml#sSpan279" target="scriptorium.GF31-32.mark.xml#sSpan296"/>
		<rel id="sPointingRel767" xlink:href="scriptorium.GF31-32.mark.xml#sSpan1355" target="scriptorium.GF31-32.mark.xml#sSpan1350"/>
		<rel id="sPointingRel769" xlink:href="scriptorium.GF31-32.mark.xml#sSpan995" target="scriptorium.GF31-32.mark.xml#sSpan1043"/>
		<rel id="sPointingRel771" xlink:href="scriptorium.GF31-32.mark.xml#sSpan686" target="scriptorium.GF31-32.mark.xml#sSpan692"/>
		<rel id="sPointingRel773" xlink:href="scriptorium.GF31-32.mark.xml#sSpan840" target="scriptorium.GF31-32.mark.xml#sSpan846"/>
		<rel id="sPointingRel775" xlink:href="scriptorium.GF31-32.mark.xml#sSpan438" target="scriptorium.GF31-32.mark.xml#sSpan431"/>
		<rel id="sPointingRel777" xlink:href="scriptorium.GF31-32.mark.xml#sSpan995" target="scriptorium.GF31-32.mark.xml#sSpan991"/>
		<rel id="sPointingRel779" xlink:href="scriptorium.GF31-32.mark.xml#sSpan305" target="scriptorium.GF31-32.mark.xml#sSpan302"/>
		<rel id="sPointingRel781" xlink:href="scriptorium.GF31-32.mark.xml#sSpan308" target="scriptorium.GF31-32.mark.xml#sSpan316"/>
		<rel id="sPointingRel783" xlink:href="scriptorium.GF31-32.mark.xml#sSpan791" target="scriptorium.GF31-32.mark.xml#sSpan789"/>
		<rel id="sPointingRel785" xlink:href="scriptorium.GF31-32.mark.xml#sSpan296" target="scriptorium.GF31-32.mark.xml#sSpan292"/>
		<rel id="sPointingRel787" xlink:href="scriptorium.GF31-32.mark.xml#sSpan1590" target="scriptorium.GF31-32.mark.xml#sSpan1581"/>
		<rel id="sPointingRel789" xlink:href="scriptorium.GF31-32.mark.xml#sSpan1373" target="scriptorium.GF31-32.mark.xml#sSpan1375"/>
		<rel id="sPointingRel791" xlink:href="scriptorium.GF31-32.mark.xml#sSpan1258" target="scriptorium.GF31-32.mark.xml#sSpan1284"/>
		<rel id="sPointingRel793" xlink:href="scriptorium.GF31-32.mark.xml#sSpan172" target="scriptorium.GF31-32.mark.xml#sSpan164"/>
		<rel id="sPointingRel795" xlink:href="scriptorium.GF31-32.mark.xml#sSpan1373" target="scriptorium.GF31-32.mark.xml#sSpan1366"/>
		<rel id="sPointingRel797" xlink:href="scriptorium.GF31-32.mark.xml#sSpan308" target="scriptorium.GF31-32.mark.xml#sSpan314"/>
		<rel id="sPointingRel799" xlink:href="scriptorium.GF31-32.mark.xml#sSpan1101" target="scriptorium.GF31-32.mark.xml#sSpan1105"/>
		<rel id="sPointingRel801" xlink:href="scriptorium.GF31-32.mark.xml#sSpan1059" target="scriptorium.GF31-32.mark.xml#sSpan1054"/>
		<rel id="sPointingRel803" xlink:href="scriptorium.GF31-32.mark.xml#sSpan768" target="scriptorium.GF31-32.mark.xml#sSpan776"/>
		<rel id="sPointingRel805" xlink:href="scriptorium.GF31-32.mark.xml#sSpan1410" target="scriptorium.GF31-32.mark.xml#sSpan1403"/>
		<rel id="sPointingRel807" xlink:href="scriptorium.GF31-32.mark.xml#sSpan1112" target="scriptorium.GF31-32.mark.xml#sSpan1185"/>
		<rel id="sPointingRel809" xlink:href="scriptorium.GF31-32.mark.xml#sSpan876" target="scriptorium.GF31-32.mark.xml#sSpan880"/>
		<rel id="sPointingRel811" xlink:href="scriptorium.GF31-32.mark.xml#sSpan549" target="scriptorium.GF31-32.mark.xml#sSpan540"/>
		<rel id="sPointingRel813" xlink:href="scriptorium.GF31-32.mark.xml#sSpan116" target="scriptorium.GF31-32.mark.xml#sSpan111"/>
		<rel id="sPointingRel815" xlink:href="scriptorium.GF31-32.mark.xml#sSpan1325" target="scriptorium.GF31-32.mark.xml#sSpan1322"/>
		<rel id="sPointingRel817" xlink:href="scriptorium.GF31-32.mark.xml#sSpan624" target="scriptorium.GF31-32.mark.xml#sSpan622"/></relList></paula>