<?xml version='1.0' encoding='UTF-8'?><!DOCTYPE paula SYSTEM "paula_feat.dtd">
<paula version="1.1">
	<header paula_id="scriptorium.GF31-32.mark_func"/>
	<featList xmlns:xlink="http://www.w3.org/1999/xlink" type="func" xml:base="scriptorium.GF31-32.mark.xml">
		<feat xlink:href="#sSpan3" value="root"/>
		<feat xlink:href="#sSpan13" value="cc"/>
		<feat xlink:href="#sSpan17" value="det"/>
		<feat xlink:href="#sSpan23" value="conj"/>
		<feat xlink:href="#sSpan26" value="punct"/>
		<feat xlink:href="#sSpan30" value="aux"/>
		<feat xlink:href="#sSpan35" value="det"/>
		<feat xlink:href="#sSpan38" value="nsubj"/>
		<feat xlink:href="#sSpan40" value="case"/>
		<feat xlink:href="#sSpan45" value="nmod"/>
		<feat xlink:href="#sSpan47" value="root"/>
		<feat xlink:href="#sSpan52" value="case"/>
		<feat xlink:href="#sSpan56" value="obl"/>
		<feat xlink:href="#sSpan59" value="punct"/>
		<feat xlink:href="#sSpan64" value="cc"/>
		<feat xlink:href="#sSpan70" value="advmod"/>
		<feat xlink:href="#sSpan74" value="mark"/>
		<feat xlink:href="#sSpan79" value="discourse"/>
		<feat xlink:href="#sSpan81" value="det"/>
		<feat xlink:href="#sSpan87" value="vocative"/>
		<feat xlink:href="#sSpan90" value="root"/>
		<feat xlink:href="#sSpan95" value="cop"/>
		<feat xlink:href="#sSpan99" value="det"/>
		<feat xlink:href="#sSpan105" value="nsubj"/>
		<feat xlink:href="#sSpan107" value="punct"/>
		<feat xlink:href="#sSpan111" value="advmod"/>
		<feat xlink:href="#sSpan116" value="root"/>
		<feat xlink:href="#sSpan119" value="case"/>
		<feat xlink:href="#sSpan123" value="obl"/>
		<feat xlink:href="#sSpan126" value="cc"/>
		<feat xlink:href="#sSpan130" value="case"/>
		<feat xlink:href="#sSpan136" value="conj"/>
		<feat xlink:href="#sSpan139" value="punct"/>
		<feat xlink:href="#sSpan143" value="advmod"/>
		<feat xlink:href="#sSpan148" value="root"/>
		<feat xlink:href="#sSpan151" value="case"/>
		<feat xlink:href="#sSpan155" value="obl"/>
		<feat xlink:href="#sSpan158" value="case"/>
		<feat xlink:href="#sSpan162" value="obl"/>
		<feat xlink:href="#sSpan164" value="case"/>
		<feat xlink:href="#sSpan169" value="det"/>
		<feat xlink:href="#sSpan172" value="obl"/>
		<feat xlink:href="#sSpan174" value="punct"/>
		<feat xlink:href="#sSpan178" value="case"/>
		<feat xlink:href="#sSpan183" value="det"/>
		<feat xlink:href="#sSpan186" value="obl"/>
		<feat xlink:href="#sSpan188" value="mark"/>
		<feat xlink:href="#sSpan192" value="nsubj"/>
		<feat xlink:href="#sSpan194" value="aux"/>
		<feat xlink:href="#sSpan196" value="acl:relcl"/>
		<feat xlink:href="#sSpan198" value="obj"/>
		<feat xlink:href="#sSpan200" value="root"/>
		<feat xlink:href="#sSpan205" value="iobj"/>
		<feat xlink:href="#sSpan207" value="nsubj"/>
		<feat xlink:href="#sSpan212" value="case"/>
		<feat xlink:href="#sSpan216" value="obl"/>
		<feat xlink:href="#sSpan218" value="punct"/>
		<feat xlink:href="#sSpan222" value="advmod"/>
		<feat xlink:href="#sSpan228" value="nsubj"/>
		<feat xlink:href="#sSpan230" value="det"/>
		<feat xlink:href="#sSpan233" value="root"/>
		<feat xlink:href="#sSpan235" value="advmod"/>
		<feat xlink:href="#sSpan240" value="case"/>
		<feat xlink:href="#sSpan244" value="nmod"/>
		<feat xlink:href="#sSpan246" value="punct"/>
		<feat xlink:href="#sSpan250" value="mark"/>
		<feat xlink:href="#sSpan255" value="aux"/>
		<feat xlink:href="#sSpan257" value="nsubj"/>
		<feat xlink:href="#sSpan259" value="root"/>
		<feat xlink:href="#sSpan262" value="obj"/>
		<feat xlink:href="#sSpan264" value="case"/>
		<feat xlink:href="#sSpan269" value="det"/>
		<feat xlink:href="#sSpan272" value="obl"/>
		<feat xlink:href="#sSpan274" value="punct"/>
		<feat xlink:href="#sSpan279" value="root"/>
		<feat xlink:href="#sSpan285" value="cop"/>
		<feat xlink:href="#sSpan289" value="mark"/>
		<feat xlink:href="#sSpan292" value="aux"/>
		<feat xlink:href="#sSpan294" value="nsubj"/>
		<feat xlink:href="#sSpan296" value="csubj"/>
		<feat xlink:href="#sSpan298" value="case"/>
		<feat xlink:href="#sSpan302" value="det"/>
		<feat xlink:href="#sSpan305" value="obj"/>
		<feat xlink:href="#sSpan308" value="parataxis"/>
		<feat xlink:href="#sSpan312" value="mark"/>
		<feat xlink:href="#sSpan314" value="acl:relcl"/>
		<feat xlink:href="#sSpan316" value="cop"/>
		<feat xlink:href="#sSpan321" value="det"/>
		<feat xlink:href="#sSpan326" value="nsubj"/>
		<feat xlink:href="#sSpan328" value="punct"/>
		<feat xlink:href="#sSpan333" value="cc"/>
		<feat xlink:href="#sSpan339" value="advmod"/>
		<feat xlink:href="#sSpan343" value="mark"/>
		<feat xlink:href="#sSpan348" value="advmod"/>
		<feat xlink:href="#sSpan350" value="root"/>
		<feat xlink:href="#sSpan355" value="nsubj"/>
		<feat xlink:href="#sSpan358" value="case"/>
		<feat xlink:href="#sSpan362" value="det"/>
		<feat xlink:href="#sSpan366" value="obl"/>
		<feat xlink:href="#sSpan368" value="obj"/>
		<feat xlink:href="#sSpan370" value="xcomp"/>
		<feat xlink:href="#sSpan372" value="case"/>
		<feat xlink:href="#sSpan377" value="obl"/>
		<feat xlink:href="#sSpan379" value="nsubj"/>
		<feat xlink:href="#sSpan383" value="aux"/>
		<feat xlink:href="#sSpan385" value="parataxis"/>
		<feat xlink:href="#sSpan387" value="obj"/>
		<feat xlink:href="#sSpan389" value="mark"/>
		<feat xlink:href="#sSpan394" value="nsubj"/>
		<feat xlink:href="#sSpan396" value="aux"/>
		<feat xlink:href="#sSpan398" value="ccomp"/>
		<feat xlink:href="#sSpan401" value="advmod"/>
		<feat xlink:href="#sSpan406" value="nsubj"/>
		<feat xlink:href="#sSpan410" value="advcl"/>
		<feat xlink:href="#sSpan412" value="dislocated"/>
		<feat xlink:href="#sSpan420" value="mark"/>
		<feat xlink:href="#sSpan423" value="acl:relcl"/>
		<feat xlink:href="#sSpan427" value="advmod"/>
		<feat xlink:href="#sSpan431" value="mark"/>
		<feat xlink:href="#sSpan436" value="nsubj"/>
		<feat xlink:href="#sSpan438" value="root"/>
		<feat xlink:href="#sSpan440" value="case"/>
		<feat xlink:href="#sSpan444" value="det"/>
		<feat xlink:href="#sSpan446" value="obl"/>
		<feat xlink:href="#sSpan448" value="case"/>
		<feat xlink:href="#sSpan452" value="nmod"/>
		<feat xlink:href="#sSpan455" value="mark"/>
		<feat xlink:href="#sSpan458" value="acl:relcl"/>
		<feat xlink:href="#sSpan461" value="punct"/>
		<feat xlink:href="#sSpan467" value="advmod"/>
		<feat xlink:href="#sSpan474" value="advmod"/>
		<feat xlink:href="#sSpan478" value="nsubj"/>
		<feat xlink:href="#sSpan482" value="root"/>
		<feat xlink:href="#sSpan485" value="parataxis"/>
		<feat xlink:href="#sSpan490" value="mark"/>
		<feat xlink:href="#sSpan494" value="dislocated"/>
		<feat xlink:href="#sSpan497" value="mark"/>
		<feat xlink:href="#sSpan499" value="acl:relcl"/>
		<feat xlink:href="#sSpan501" value="case"/>
		<feat xlink:href="#sSpan506" value="obj"/>
		<feat xlink:href="#sSpan509" value="nsubj"/>
		<feat xlink:href="#sSpan513" value="advcl"/>
		<feat xlink:href="#sSpan516" value="obj"/>
		<feat xlink:href="#sSpan518" value="aux"/>
		<feat xlink:href="#sSpan522" value="nsubj"/>
		<feat xlink:href="#sSpan525" value="advcl"/>
		<feat xlink:href="#sSpan529" value="case"/>
		<feat xlink:href="#sSpan534" value="obl"/>
		<feat xlink:href="#sSpan536" value="punct"/>
		<feat xlink:href="#sSpan540" value="mark"/>
		<feat xlink:href="#sSpan544" value="nsubj"/>
		<feat xlink:href="#sSpan546" value="aux"/>
		<feat xlink:href="#sSpan549" value="ccomp"/>
		<feat xlink:href="#sSpan552" value="punct"/>
		<feat xlink:href="#sSpan556" value="cc"/>
		<feat xlink:href="#sSpan562" value="aux"/>
		<feat xlink:href="#sSpan566" value="nsubj"/>
		<feat xlink:href="#sSpan569" value="root"/>
		<feat xlink:href="#sSpan572" value="advmod"/>
		<feat xlink:href="#sSpan576" value="mark"/>
		<feat xlink:href="#sSpan580" value="nsubj"/>
		<feat xlink:href="#sSpan582" value="advcl"/>
		<feat xlink:href="#sSpan584" value="case"/>
		<feat xlink:href="#sSpan588" value="obj"/>
		<feat xlink:href="#sSpan592" value="punct"/>
		<feat xlink:href="#sSpan597" value="mark"/>
		<feat xlink:href="#sSpan604" value="advmod"/>
		<feat xlink:href="#sSpan608" value="advmod"/>
		<feat xlink:href="#sSpan612" value="fixed"/>
		<feat xlink:href="#sSpan616" value="root"/>
		<feat xlink:href="#sSpan618" value="nsubj"/>
		<feat xlink:href="#sSpan622" value="mark"/>
		<feat xlink:href="#sSpan624" value="acl:relcl"/>
		<feat xlink:href="#sSpan626" value="punct"/>
		<feat xlink:href="#sSpan630" value="cc"/>
		<feat xlink:href="#sSpan635" value="root"/>
		<feat xlink:href="#sSpan640" value="nsubj"/>
		<feat xlink:href="#sSpan643" value="mark"/>
		<feat xlink:href="#sSpan645" value="acl:relcl"/>
		<feat xlink:href="#sSpan647" value="case"/>
		<feat xlink:href="#sSpan652" value="obl"/>
		<feat xlink:href="#sSpan655" value="mark"/>
		<feat xlink:href="#sSpan657" value="acl:relcl"/>
		<feat xlink:href="#sSpan659" value="case"/>
		<feat xlink:href="#sSpan663" value="det"/>
		<feat xlink:href="#sSpan667" value="obj"/>
		<feat xlink:href="#sSpan669" value="case"/>
		<feat xlink:href="#sSpan673" value="obl"/>
		<feat xlink:href="#sSpan676" value="det"/>
		<feat xlink:href="#sSpan681" value="punct"/>
		<feat xlink:href="#sSpan686" value="root"/>
		<feat xlink:href="#sSpan692" value="nsubj"/>
		<feat xlink:href="#sSpan694" value="mark"/>
		<feat xlink:href="#sSpan698" value="aux"/>
		<feat xlink:href="#sSpan700" value="nsubj"/>
		<feat xlink:href="#sSpan702" value="ccomp"/>
		<feat xlink:href="#sSpan704" value="det"/>
		<feat xlink:href="#sSpan708" value="obj"/>
		<feat xlink:href="#sSpan710" value="punct"/>
		<feat xlink:href="#sSpan714" value="aux"/>
		<feat xlink:href="#sSpan719" value="nsubj"/>
		<feat xlink:href="#sSpan721" value="root"/>
		<feat xlink:href="#sSpan723" value="det"/>
		<feat xlink:href="#sSpan727" value="obj"/>
		<feat xlink:href="#sSpan729" value="case"/>
		<feat xlink:href="#sSpan733" value="det"/>
		<feat xlink:href="#sSpan737" value="obl"/>
		<feat xlink:href="#sSpan740" value="punct"/>
		<feat xlink:href="#sSpan744" value="dislocated"/>
		<feat xlink:href="#sSpan750" value="mark"/>
		<feat xlink:href="#sSpan752" value="acl:relcl"/>
		<feat xlink:href="#sSpan755" value="aux"/>
		<feat xlink:href="#sSpan759" value="nsubj"/>
		<feat xlink:href="#sSpan761" value="root"/>
		<feat xlink:href="#sSpan764" value="punct"/>
		<feat xlink:href="#sSpan768" value="dislocated"/>
		<feat xlink:href="#sSpan774" value="mark"/>
		<feat xlink:href="#sSpan776" value="acl:relcl"/>
		<feat xlink:href="#sSpan778" value="case"/>
		<feat xlink:href="#sSpan783" value="obl"/>
		<feat xlink:href="#sSpan785" value="aux"/>
		<feat xlink:href="#sSpan789" value="nsubj"/>
		<feat xlink:href="#sSpan791" value="root"/>
		<feat xlink:href="#sSpan794" value="punct"/>
		<feat xlink:href="#sSpan798" value="aux"/>
		<feat xlink:href="#sSpan804" value="nsubj"/>
		<feat xlink:href="#sSpan807" value="root"/>
		<feat xlink:href="#sSpan816" value="advmod"/>
		<feat xlink:href="#sSpan820" value="case"/>
		<feat xlink:href="#sSpan824" value="det"/>
		<feat xlink:href="#sSpan827" value="obl"/>
		<feat xlink:href="#sSpan830" value="punct"/>
		<feat xlink:href="#sSpan834" value="det"/>
		<feat xlink:href="#sSpan840" value="root"/>
		<feat xlink:href="#sSpan842" value="mark"/>
		<feat xlink:href="#sSpan846" value="acl:relcl"/>
		<feat xlink:href="#sSpan849" value="nsubj"/>
		<feat xlink:href="#sSpan852" value="case"/>
		<feat xlink:href="#sSpan856" value="obl"/>
		<feat xlink:href="#sSpan859" value="cc"/>
		<feat xlink:href="#sSpan865" value="conj"/>
		<feat xlink:href="#sSpan870" value="mark"/>
		<feat xlink:href="#sSpan874" value="nsubj"/>
		<feat xlink:href="#sSpan876" value="advcl"/>
		<feat xlink:href="#sSpan880" value="advmod"/>
		<feat xlink:href="#sSpan884" value="case"/>
		<feat xlink:href="#sSpan888" value="det"/>
		<feat xlink:href="#sSpan892" value="obj"/>
		<feat xlink:href="#sSpan894" value="punct"/>
		<feat xlink:href="#sSpan899" value="advmod"/>
		<feat xlink:href="#sSpan905" value="fixed"/>
		<feat xlink:href="#sSpan910" value="mark"/>
		<feat xlink:href="#sSpan915" value="aux"/>
		<feat xlink:href="#sSpan917" value="nsubj"/>
		<feat xlink:href="#sSpan919" value="root"/>
		<feat xlink:href="#sSpan921" value="obj"/>
		<feat xlink:href="#sSpan924" value="case"/>
		<feat xlink:href="#sSpan929" value="obl"/>
		<feat xlink:href="#sSpan931" value="dislocated"/>
		<feat xlink:href="#sSpan936" value="mark"/>
		<feat xlink:href="#sSpan938" value="case"/>
		<feat xlink:href="#sSpan940" value="det"/>
		<feat xlink:href="#sSpan943" value="acl:relcl"/>
		<feat xlink:href="#sSpan947" value="case"/>
		<feat xlink:href="#sSpan952" value="det"/>
		<feat xlink:href="#sSpan955" value="nmod"/>
		<feat xlink:href="#sSpan957" value="punct"/>
		<feat xlink:href="#sSpan962" value="cc"/>
		<feat xlink:href="#sSpan968" value="aux"/>
		<feat xlink:href="#sSpan972" value="nsubj"/>
		<feat xlink:href="#sSpan974" value="advcl"/>
		<feat xlink:href="#sSpan976" value="advmod"/>
		<feat xlink:href="#sSpan981" value="mark"/>
		<feat xlink:href="#sSpan985" value="aux"/>
		<feat xlink:href="#sSpan987" value="det"/>
		<feat xlink:href="#sSpan991" value="nsubj"/>
		<feat xlink:href="#sSpan995" value="ccomp"/>
		<feat xlink:href="#sSpan1000" value="case"/>
		<feat xlink:href="#sSpan1004" value="det"/>
		<feat xlink:href="#sSpan1007" value="obl"/>
		<feat xlink:href="#sSpan1010" value="punct"/>
		<feat xlink:href="#sSpan1015" value="advmod"/>
		<feat xlink:href="#sSpan1019" value="det"/>
		<feat xlink:href="#sSpan1026" value="parataxis"/>
		<feat xlink:href="#sSpan1030" value="punct"/>
		<feat xlink:href="#sSpan1034" value="case"/>
		<feat xlink:href="#sSpan1038" value="det"/>
		<feat xlink:href="#sSpan1043" value="obl"/>
		<feat xlink:href="#sSpan1048" value="punct"/>
		<feat xlink:href="#sSpan1054" value="mark"/>
		<feat xlink:href="#sSpan1059" value="advcl"/>
		<feat xlink:href="#sSpan1061" value="obj"/>
		<feat xlink:href="#sSpan1063" value="xcomp"/>
		<feat xlink:href="#sSpan1065" value="obj"/>
		<feat xlink:href="#sSpan1067" value="mark"/>
		<feat xlink:href="#sSpan1072" value="aux"/>
		<feat xlink:href="#sSpan1074" value="nsubj"/>
		<feat xlink:href="#sSpan1076" value="ccomp"/>
		<feat xlink:href="#sSpan1079" value="case"/>
		<feat xlink:href="#sSpan1083" value="det"/>
		<feat xlink:href="#sSpan1087" value="obl"/>
		<feat xlink:href="#sSpan1089" value="case"/>
		<feat xlink:href="#sSpan1093" value="obl"/>
		<feat xlink:href="#sSpan1096" value="cc"/>
		<feat xlink:href="#sSpan1101" value="conj"/>
		<feat xlink:href="#sSpan1105" value="nsubj"/>
		<feat xlink:href="#sSpan1107" value="punct"/>
		<feat xlink:href="#sSpan1112" value="root"/>
		<feat xlink:href="#sSpan1117" value="nsubj"/>
		<feat xlink:href="#sSpan1119" value="mark"/>
		<feat xlink:href="#sSpan1123" value="mark"/>
		<feat xlink:href="#sSpan1125" value="nsubj"/>
		<feat xlink:href="#sSpan1127" value="aux"/>
		<feat xlink:href="#sSpan1129" value="ccomp"/>
		<feat xlink:href="#sSpan1132" value="case"/>
		<feat xlink:href="#sSpan1136" value="obl"/>
		<feat xlink:href="#sSpan1139" value="case"/>
		<feat xlink:href="#sSpan1143" value="det"/>
		<feat xlink:href="#sSpan1145" value="obl"/>
		<feat xlink:href="#sSpan1147" value="mark"/>
		<feat xlink:href="#sSpan1152" value="aux"/>
		<feat xlink:href="#sSpan1154" value="nsubj"/>
		<feat xlink:href="#sSpan1156" value="acl:relcl"/>
		<feat xlink:href="#sSpan1158" value="case"/>
		<feat xlink:href="#sSpan1162" value="obl"/>
		<feat xlink:href="#sSpan1164" value="aux"/>
		<feat xlink:href="#sSpan1169" value="det"/>
		<feat xlink:href="#sSpan1173" value="nsubj"/>
		<feat xlink:href="#sSpan1176" value="advmod"/>
		<feat xlink:href="#sSpan1181" value="parataxis"/>
		<feat xlink:href="#sSpan1185" value="punct"/>
		<feat xlink:href="#sSpan1189" value="cc"/>
		<feat xlink:href="#sSpan1194" value="advmod"/>
		<feat xlink:href="#sSpan1199" value="aux"/>
		<feat xlink:href="#sSpan1203" value="root"/>
		<feat xlink:href="#sSpan1205" value="iobj"/>
		<feat xlink:href="#sSpan1207" value="nsubj"/>
		<feat xlink:href="#sSpan1212" value="advmod"/>
		<feat xlink:href="#sSpan1216" value="cc"/>
		<feat xlink:href="#sSpan1222" value="det"/>
		<feat xlink:href="#sSpan1228" value="conj"/>
		<feat xlink:href="#sSpan1230" value="punct"/>
		<feat xlink:href="#sSpan1235" value="advmod"/>
		<feat xlink:href="#sSpan1241" value="advmod"/>
		<feat xlink:href="#sSpan1245" value="det"/>
		<feat xlink:href="#sSpan1251" value="nsubj"/>
		<feat xlink:href="#sSpan1254" value="aux"/>
		<feat xlink:href="#sSpan1258" value="root"/>
		<feat xlink:href="#sSpan1260" value="det"/>
		<feat xlink:href="#sSpan1265" value="obj"/>
		<feat xlink:href="#sSpan1268" value="punct"/>
		<feat xlink:href="#sSpan1272" value="case"/>
		<feat xlink:href="#sSpan1277" value="det"/>
		<feat xlink:href="#sSpan1282" value="det"/>
		<feat xlink:href="#sSpan1284" value="obl"/>
		<feat xlink:href="#sSpan1287" value="advmod"/>
		<feat xlink:href="#sSpan1291" value="det"/>
		<feat xlink:href="#sSpan1293" value="mark"/>
		<feat xlink:href="#sSpan1297" value="acl:relcl"/>
		<feat xlink:href="#sSpan1300" value="punct"/>
		<feat xlink:href="#sSpan1304" value="det"/>
		<feat xlink:href="#sSpan1310" value="dislocated"/>
		<feat xlink:href="#sSpan1313" value="advmod"/>
		<feat xlink:href="#sSpan1318" value="nsubj"/>
		<feat xlink:href="#sSpan1322" value="aux"/>
		<feat xlink:href="#sSpan1325" value="root"/>
		<feat xlink:href="#sSpan1328" value="case"/>
		<feat xlink:href="#sSpan1333" value="obl"/>
		<feat xlink:href="#sSpan1335" value="punct"/>
		<feat xlink:href="#sSpan1339" value="cc"/>
		<feat xlink:href="#sSpan1344" value="nsubj"/>
		<feat xlink:href="#sSpan1348" value="root"/>
		<feat xlink:href="#sSpan1350" value="case"/>
		<feat xlink:href="#sSpan1355" value="obl"/>
		<feat xlink:href="#sSpan1357" value="punct"/>
		<feat xlink:href="#sSpan1361" value="cc"/>
		<feat xlink:href="#sSpan1366" value="nsubj"/>
		<feat xlink:href="#sSpan1370" value="aux"/>
		<feat xlink:href="#sSpan1373" value="root"/>
		<feat xlink:href="#sSpan1375" value="obj"/>
		<feat xlink:href="#sSpan1377" value="case"/>
		<feat xlink:href="#sSpan1381" value="obl"/>
		<feat xlink:href="#sSpan1383" value="punct"/>
		<feat xlink:href="#sSpan1389" value="advmod"/>
		<feat xlink:href="#sSpan1395" value="root"/>
		<feat xlink:href="#sSpan1399" value="cop"/>
		<feat xlink:href="#sSpan1403" value="mark"/>
		<feat xlink:href="#sSpan1405" value="aux"/>
		<feat xlink:href="#sSpan1407" value="aux"/>
		<feat xlink:href="#sSpan1410" value="csubj"/>
		<feat xlink:href="#sSpan1412" value="case"/>
		<feat xlink:href="#sSpan1416" value="det"/>
		<feat xlink:href="#sSpan1420" value="obl"/>
		<feat xlink:href="#sSpan1425" value="case"/>
		<feat xlink:href="#sSpan1429" value="det"/>
		<feat xlink:href="#sSpan1432" value="nmod"/>
		<feat xlink:href="#sSpan1435" value="mark"/>
		<feat xlink:href="#sSpan1439" value="acl:relcl"/>
		<feat xlink:href="#sSpan1441" value="case"/>
		<feat xlink:href="#sSpan1445" value="det"/>
		<feat xlink:href="#sSpan1449" value="nmod"/>
		<feat xlink:href="#sSpan1451" value="punct"/>
		<feat xlink:href="#sSpan1455" value="case"/>
		<feat xlink:href="#sSpan1459" value="det"/>
		<feat xlink:href="#sSpan1464" value="nmod"/>
		<feat xlink:href="#sSpan1467" value="advmod"/>
		<feat xlink:href="#sSpan1471" value="det"/>
		<feat xlink:href="#sSpan1473" value="mark"/>
		<feat xlink:href="#sSpan1478" value="acl:relcl"/>
		<feat xlink:href="#sSpan1481" value="nsubj"/>
		<feat xlink:href="#sSpan1485" value="case"/>
		<feat xlink:href="#sSpan1489" value="obl"/>
		<feat xlink:href="#sSpan1491" value="punct"/>
		<feat xlink:href="#sSpan1496" value="cc"/>
		<feat xlink:href="#sSpan1502" value="root"/>
		<feat xlink:href="#sSpan1506" value="csubj"/>
		<feat xlink:href="#sSpan1508" value="obj"/>
		<feat xlink:href="#sSpan1510" value="xcomp"/>
		<feat xlink:href="#sSpan1512" value="case"/>
		<feat xlink:href="#sSpan1517" value="obj"/>
		<feat xlink:href="#sSpan1520" value="case"/>
		<feat xlink:href="#sSpan1525" value="nmod"/>
		<feat xlink:href="#sSpan1531" value="punct"/>
		<feat xlink:href="#sSpan1535" value="cc"/>
		<feat xlink:href="#sSpan1539" value="conj"/>
		<feat xlink:href="#sSpan1544" value="det"/>
		<feat xlink:href="#sSpan1548" value="punct"/>
		<feat xlink:href="#sSpan1552" value="cc"/>
		<feat xlink:href="#sSpan1557" value="conj"/>
		<feat xlink:href="#sSpan1561" value="det"/>
		<feat xlink:href="#sSpan1565" value="punct"/>
		<feat xlink:href="#sSpan1569" value="cc"/>
		<feat xlink:href="#sSpan1573" value="conj"/>
		<feat xlink:href="#sSpan1577" value="det"/>
		<feat xlink:href="#sSpan1581" value="mark"/>
		<feat xlink:href="#sSpan1585" value="advmod"/>
		<feat xlink:href="#sSpan1587" value="nsubj"/>
		<feat xlink:href="#sSpan1590" value="acl:relcl"/>
		<feat xlink:href="#sSpan1592" value="advmod"/></featList></paula>