<?xml version='1.0' encoding='UTF-8'?><!DOCTYPE paula SYSTEM "paula_feat.dtd">
<paula version="1.1">
	<header paula_id="scriptorium.GF31-32.mark_norm_group"/>
	<featList xmlns:xlink="http://www.w3.org/1999/xlink" type="norm_group" xml:base="scriptorium.GF31-32.mark.xml">
		<feat xlink:href="#sSpan6" value="ⲓⲟⲩⲇⲁⲓ"/>
		<feat xlink:href="#sSpan15" value="ⲙⲛ"/>
		<feat xlink:href="#sSpan20" value="ⲛϩⲉⲗⲗⲏⲛ"/>
		<feat xlink:href="#sSpan28" value="·"/>
		<feat xlink:href="#sSpan32" value="ⲁⲛⲉⲛϩⲃⲏⲩⲉ"/>
		<feat xlink:href="#sSpan42" value="ⲛⲥⲙⲛⲟⲛ"/>
		<feat xlink:href="#sSpan49" value="ϣⲱⲡⲉ"/>
		<feat xlink:href="#sSpan54" value="ⲛⲥⲱⲃⲉ"/>
		<feat xlink:href="#sSpan61" value="·"/>
		<feat xlink:href="#sSpan66" value="ⲁⲩⲱ"/>
		<feat xlink:href="#sSpan72" value="ⲟⲛ"/>
		<feat xlink:href="#sSpan76" value="ϫⲉⲱ"/>
		<feat xlink:href="#sSpan84" value="ⲡⲣⲱⲙⲉ"/>
		<feat xlink:href="#sSpan93" value="ⲓⲏⲥⲟⲩⲥ"/>
		<feat xlink:href="#sSpan97" value="ⲡⲉ"/>
		<feat xlink:href="#sSpan102" value="ⲧⲙⲉ"/>
		<feat xlink:href="#sSpan109" value="·"/>
		<feat xlink:href="#sSpan113" value="ⲙⲡⲣϭⲱϣⲧ"/>
		<feat xlink:href="#sSpan121" value="ⲉⲣⲟⲓ"/>
		<feat xlink:href="#sSpan128" value="ⲁⲗⲗⲁ"/>
		<feat xlink:href="#sSpan132" value="ⲛⲥⲁⲓⲏⲥⲟⲩⲥ"/>
		<feat xlink:href="#sSpan141" value="·"/>
		<feat xlink:href="#sSpan145" value="ⲙⲡⲣⲙⲟⲩⲧⲉ"/>
		<feat xlink:href="#sSpan153" value="ⲉⲥⲁϩ"/>
		<feat xlink:href="#sSpan160" value="ⲛⲏⲧⲛ"/>
		<feat xlink:href="#sSpan166" value="ϩⲓϫⲙⲡⲕⲁϩ"/>
		<feat xlink:href="#sSpan176" value="·"/>
		<feat xlink:href="#sSpan180" value="ⲛⲧϩⲉ"/>
		<feat xlink:href="#sSpan190" value="ⲉⲧⲓⲛⲁⲁⲁⲥ"/>
		<feat xlink:href="#sSpan202" value="ⲙⲛⲧⲕ"/>
		<feat xlink:href="#sSpan210" value="ϩⲱⲃ"/>
		<feat xlink:href="#sSpan214" value="ⲛⲙⲙⲁⲓ"/>
		<feat xlink:href="#sSpan220" value="·"/>
		<feat xlink:href="#sSpan224" value="ⲛⲧⲉⲧⲛⲛϩⲙϩⲁⲗ"/>
		<feat xlink:href="#sSpan237" value="ⲁⲛ"/>
		<feat xlink:href="#sSpan242" value="ⲛⲣⲱⲙⲉ"/>
		<feat xlink:href="#sSpan248" value="·"/>
		<feat xlink:href="#sSpan252" value="ⲛⲧⲁⲩϣⲉⲡⲧⲏⲩⲧⲛ"/>
		<feat xlink:href="#sSpan266" value="ϩⲁⲟⲩⲁⲥⲟⲩ"/>
		<feat xlink:href="#sSpan276" value="·"/>
		<feat xlink:href="#sSpan282" value="ⲓⲏⲥⲟⲩⲥ"/>
		<feat xlink:href="#sSpan287" value="ⲡⲉⲛⲧⲁϥϯ"/>
		<feat xlink:href="#sSpan300" value="ⲙⲡⲉϥⲥⲛⲟϥ"/>
		<feat xlink:href="#sSpan310" value="ⲡⲉⲧⲙⲙⲁⲩ"/>
		<feat xlink:href="#sSpan318" value="ⲡⲉ"/>
		<feat xlink:href="#sSpan324" value="ⲡⲉⲧⲛϫⲟⲉⲓⲥ"/>
		<feat xlink:href="#sSpan330" value="·"/>
		<feat xlink:href="#sSpan335" value="ⲁⲩⲱ"/>
		<feat xlink:href="#sSpan341" value="ⲟⲛ"/>
		<feat xlink:href="#sSpan345" value="ϫⲉⲧⲁⲭⲁ"/>
		<feat xlink:href="#sSpan352" value="ⲟⲩⲛϩⲟⲓⲛⲉ"/>
		<feat xlink:href="#sSpan360" value="ϩⲙⲡⲧⲣⲉⲩⲥⲱⲧⲙ"/>
		<feat xlink:href="#sSpan374" value="ⲉⲣⲟⲓ"/>
		<feat xlink:href="#sSpan381" value="ⲥⲉⲛⲁϫⲟⲟⲥ"/>
		<feat xlink:href="#sSpan391" value="ϫⲉϯⲛⲁⲃⲱⲕ"/>
		<feat xlink:href="#sSpan403" value="ⲉⲃⲟⲗ"/>
		<feat xlink:href="#sSpan408" value="ⲧⲁⲧⲱⲣⲡ"/>
		<feat xlink:href="#sSpan415" value="ⲡⲉⲧϯⲥⲃⲱ"/>
		<feat xlink:href="#sSpan429" value="ⲅⲁⲣ"/>
		<feat xlink:href="#sSpan433" value="ⲉϥⲟ"/>
		<feat xlink:href="#sSpan442" value="ⲛⲧϩⲉ"/>
		<feat xlink:href="#sSpan450" value="ⲙⲡⲉⲧⲡⲁⲣⲁⲕⲁⲗⲉⲓ"/>
		<feat xlink:href="#sSpan463" value="·"/>
		<feat xlink:href="#sSpan469" value="ⲧⲁⲭⲁ"/>
		<feat xlink:href="#sSpan476" value="ⲅⲁⲣ"/>
		<feat xlink:href="#sSpan480" value="ⲕϩⲏⲡ"/>
		<feat xlink:href="#sSpan487" value="ⲟⲡⲧⲉⲩⲉ"/>
		<feat xlink:href="#sSpan492" value="ϫⲉⲡⲉⲧϫⲱ"/>
		<feat xlink:href="#sSpan503" value="ⲛⲛⲁⲓ"/>
		<feat xlink:href="#sSpan511" value="ⲉⲥϣⲁⲛⲧⲁϩⲟϥ"/>
		<feat xlink:href="#sSpan520" value="ⲛϥⲣⲙⲁⲓⲧⲟ"/>
		<feat xlink:href="#sSpan531" value="ⲛϩⲟⲩⲟ"/>
		<feat xlink:href="#sSpan538" value="·"/>
		<feat xlink:href="#sSpan542" value="ⲉϥⲛⲁⲡⲗⲉⲟⲛⲉⲕⲧⲉ"/>
		<feat xlink:href="#sSpan554" value="·"/>
		<feat xlink:href="#sSpan558" value="ⲁⲩⲱ"/>
		<feat xlink:href="#sSpan564" value="ⲛⲉⲕⲡⲗⲁⲛⲁ"/>
		<feat xlink:href="#sSpan574" value="ⲁⲛ"/>
		<feat xlink:href="#sSpan578" value="ⲉⲕϫⲱ"/>
		<feat xlink:href="#sSpan586" value="ⲛⲛⲁⲓ"/>
		<feat xlink:href="#sSpan594" value="·"/>
		<feat xlink:href="#sSpan599" value="ⲉⲃⲟⲗ"/>
		<feat xlink:href="#sSpan606" value="ⲇⲉ"/>
		<feat xlink:href="#sSpan610" value="ⲟⲛ"/>
		<feat xlink:href="#sSpan614" value="ϫⲉⲟⲩⲛⲡⲉⲧⲙⲟⲥⲧⲉ"/>
		<feat xlink:href="#sSpan628" value="·"/>
		<feat xlink:href="#sSpan632" value="ⲁⲩⲱ"/>
		<feat xlink:href="#sSpan637" value="ⲟⲩⲛⲛⲉⲧⲕⲱⲙϣ"/>
		<feat xlink:href="#sSpan649" value="ⲛⲥⲁⲛⲉⲧϫⲱ"/>
		<feat xlink:href="#sSpan661" value="ⲛⲧⲙⲉ"/>
		<feat xlink:href="#sSpan671" value="ⲛⲟⲩⲟⲉⲓϣ"/>
		<feat xlink:href="#sSpan678" value="ⲛⲓⲙ"/>
		<feat xlink:href="#sSpan683" value="·"/>
		<feat xlink:href="#sSpan688" value="ⲡⲉϫⲁϥ"/>
		<feat xlink:href="#sSpan696" value="ϫⲉⲁⲛϫⲉⲡⲣⲱϣⲉ"/>
		<feat xlink:href="#sSpan712" value="·"/>
		<feat xlink:href="#sSpan716" value="ⲁⲛϫⲉⲡϣⲁϫⲉ"/>
		<feat xlink:href="#sSpan731" value="ϩⲛⲟⲩⲡⲁⲣⲣⲏⲥⲓⲁ"/>
		<feat xlink:href="#sSpan742" value="·"/>
		<feat xlink:href="#sSpan747" value="ⲡⲉⲧⲙⲟⲥⲧⲉ"/>
		<feat xlink:href="#sSpan757" value="ⲙⲁⲣⲉϥⲙⲟⲥⲧⲉ"/>
		<feat xlink:href="#sSpan766" value="·"/>
		<feat xlink:href="#sSpan770" value="ⲡⲉⲧⲙⲟⲕϩ"/>
		<feat xlink:href="#sSpan780" value="ⲛϩⲏⲧ"/>
		<feat xlink:href="#sSpan787" value="ⲙⲁⲣⲉϥⲙⲕⲁϩ"/>
		<feat xlink:href="#sSpan796" value="·"/>
		<feat xlink:href="#sSpan800" value="ⲛⲛⲁϯⲗⲟⲅⲟⲥ"/>
		<feat xlink:href="#sSpan818" value="ⲅⲁⲣ"/>
		<feat xlink:href="#sSpan822" value="ⲙⲡⲛⲟⲩⲧⲉ"/>
		<feat xlink:href="#sSpan832" value="·"/>
		<feat xlink:href="#sSpan836" value="ⲡⲙⲁ"/>
		<feat xlink:href="#sSpan844" value="ⲉⲧⲉⲙⲛⲛⲟⲩϥⲉ"/>
		<feat xlink:href="#sSpan854" value="ⲛϩⲏⲧϥ"/>
		<feat xlink:href="#sSpan861" value="ⲟⲩⲇⲉ"/>
		<feat xlink:href="#sSpan868" value="ⲭⲣⲏⲙⲁ"/>
		<feat xlink:href="#sSpan872" value="ⲉϥⲛⲟⲩϫⲉ"/>
		<feat xlink:href="#sSpan882" value="ⲉⲃⲟⲗ"/>
		<feat xlink:href="#sSpan886" value="ⲛⲧⲙⲉ"/>
		<feat xlink:href="#sSpan896" value="·"/>
		<feat xlink:href="#sSpan901" value="ⲟⲩ"/>
		<feat xlink:href="#sSpan907" value="ⲙⲟⲛⲟⲛ"/>
		<feat xlink:href="#sSpan912" value="ϫⲉⲁϥϫⲉⲛⲁⲓ"/>
		<feat xlink:href="#sSpan926" value="ⲉⲧⲃⲏⲏⲧⲛ"/>
		<feat xlink:href="#sSpan933" value="ⲛⲉⲧϩⲙⲡⲏⲓ"/>
		<feat xlink:href="#sSpan949" value="ϩⲙⲡⲛⲟⲩⲧⲉ"/>
		<feat xlink:href="#sSpan959" value="·"/>
		<feat xlink:href="#sSpan964" value="ⲁⲗⲗⲁ"/>
		<feat xlink:href="#sSpan970" value="ⲛⲧⲉⲣⲉϥⲛⲁⲩ"/>
		<feat xlink:href="#sSpan978" value="ⲟⲛ"/>
		<feat xlink:href="#sSpan983" value="ϫⲉⲁⲙⲡⲉⲧϩⲟⲟⲩ"/>
		<feat xlink:href="#sSpan997" value="ⲁϣⲁⲓ"/>
		<feat xlink:href="#sSpan1002" value="ϩⲓϫⲙⲡⲕⲁϩ"/>
		<feat xlink:href="#sSpan1012" value="·"/>
		<feat xlink:href="#sSpan1017" value="ⲙⲁⲗⲓⲥⲧⲁ"/>
		<feat xlink:href="#sSpan1022" value="ⲡϫⲓⲛϭⲟⲛⲥ"/>
		<feat xlink:href="#sSpan1032" value="·"/>
		<feat xlink:href="#sSpan1036" value="ⲉⲧⲃⲉⲧⲙⲛⲧⲙⲁⲓϩⲟⲙⲛⲧ"/>
		<feat xlink:href="#sSpan1050" value="·"/>
		<feat xlink:href="#sSpan1056" value="ⲁⲛⲧⲓⲧⲣⲉϥϫⲟⲟⲥ"/>
		<feat xlink:href="#sSpan1069" value="ϫⲉⲛⲛⲁⲃⲱⲕ"/>
		<feat xlink:href="#sSpan1081" value="ϣⲁⲡⲛⲟⲩⲧⲉ"/>
		<feat xlink:href="#sSpan1091" value="ⲛⲥⲟⲧⲡ"/>
		<feat xlink:href="#sSpan1098" value="ⲏ"/>
		<feat xlink:href="#sSpan1103" value="ⲛⲁⲛⲟⲩⲛ"/>
		<feat xlink:href="#sSpan1109" value="·"/>
		<feat xlink:href="#sSpan1114" value="ⲡⲉϫⲁϥ"/>
		<feat xlink:href="#sSpan1121" value="ϫⲉⲉⲛⲛⲁⲃⲱⲕ"/>
		<feat xlink:href="#sSpan1134" value="ⲛϩⲟⲟⲩ"/>
		<feat xlink:href="#sSpan1141" value="ⲛⲧϩⲉ"/>
		<feat xlink:href="#sSpan1149" value="ⲛⲧⲁⲛⲉⲓ"/>
		<feat xlink:href="#sSpan1160" value="ⲙⲙⲟⲥ"/>
		<feat xlink:href="#sSpan1166" value="ⲙⲡⲉⲛⲛⲭⲣⲏⲙⲁ"/>
		<feat xlink:href="#sSpan1178" value="ⲅⲁⲣ"/>
		<feat xlink:href="#sSpan1183" value="ⲛⲏⲩ"/>
		<feat xlink:href="#sSpan1187" value="·"/>
		<feat xlink:href="#sSpan1191" value="ⲁⲩⲱ"/>
		<feat xlink:href="#sSpan1196" value="ⲟⲛ"/>
		<feat xlink:href="#sSpan1201" value="ⲛⲉⲙⲛⲧⲁⲛⲛⲟⲃⲉ"/>
		<feat xlink:href="#sSpan1214" value="ⲙⲙⲁⲩ"/>
		<feat xlink:href="#sSpan1218" value="ⲟⲩⲇⲉ"/>
		<feat xlink:href="#sSpan1225" value="ⲛⲉⲭⲣⲏⲙⲁ"/>
		<feat xlink:href="#sSpan1232" value="·"/>
		<feat xlink:href="#sSpan1237" value="ⲧⲉⲛⲟⲩ"/>
		<feat xlink:href="#sSpan1243" value="ⲇⲉ"/>
		<feat xlink:href="#sSpan1248" value="ⲛⲉⲭⲣⲏⲙⲁ"/>
		<feat xlink:href="#sSpan1256" value="ⲛⲁϭⲱⲙ"/>
		<feat xlink:href="#sSpan1263" value="ⲡⲉⲓⲙⲁ"/>
		<feat xlink:href="#sSpan1270" value="·"/>
		<feat xlink:href="#sSpan1274" value="ⲙⲛ"/>
		<feat xlink:href="#sSpan1279" value="ⲛⲕⲉⲟⲩⲱϣ"/>
		<feat xlink:href="#sSpan1289" value="ⲧⲏⲣⲟⲩ"/>
		<feat xlink:href="#sSpan1295" value="ⲉⲧϣⲟⲩⲉⲓⲧ"/>
		<feat xlink:href="#sSpan1302" value="·"/>
		<feat xlink:href="#sSpan1307" value="ⲛⲛⲟⲃⲉ"/>
		<feat xlink:href="#sSpan1315" value="ⲇⲉ"/>
		<feat xlink:href="#sSpan1320" value="ⲥⲉⲛⲁⲣϣⲟⲣⲡ"/>
		<feat xlink:href="#sSpan1330" value="ⲉⲣⲟⲛ"/>
		<feat xlink:href="#sSpan1337" value="·"/>
		<feat xlink:href="#sSpan1341" value="ⲁⲩⲱ"/>
		<feat xlink:href="#sSpan1346" value="ⲥⲉⲛⲏⲩ"/>
		<feat xlink:href="#sSpan1352" value="ⲛⲙⲙⲁⲛ"/>
		<feat xlink:href="#sSpan1359" value="·"/>
		<feat xlink:href="#sSpan1363" value="ⲁⲩⲱ"/>
		<feat xlink:href="#sSpan1368" value="ⲥⲉⲛⲁⲟⲩⲁϩⲟⲩ"/>
		<feat xlink:href="#sSpan1379" value="ⲛⲥⲱⲛ"/>
		<feat xlink:href="#sSpan1385" value="·"/>
		<feat xlink:href="#sSpan1391" value="ⲡⲗⲏⲛ"/>
		<feat xlink:href="#sSpan1397" value="ⲛⲓⲙ"/>
		<feat xlink:href="#sSpan1401" value="ⲡⲉⲧⲛⲁϣϣⲁϫⲉ"/>
		<feat xlink:href="#sSpan1414" value="ⲉⲧⲙⲛⲧⲧⲉⲗⲓⲟⲥ"/>
		<feat xlink:href="#sSpan1427" value="ⲙⲡⲣⲱⲙⲉ"/>
		<feat xlink:href="#sSpan1437" value="ⲉⲧⲙⲙⲁⲩ"/>
		<feat xlink:href="#sSpan1443" value="ⲙⲡⲛⲟⲩⲧⲉ"/>
		<feat xlink:href="#sSpan1453" value="·"/>
		<feat xlink:href="#sSpan1457" value="ⲙⲛ"/>
		<feat xlink:href="#sSpan1461" value="ⲛⲉϥϣⲁϫⲉ"/>
		<feat xlink:href="#sSpan1469" value="ⲧⲏⲣⲟⲩ"/>
		<feat xlink:href="#sSpan1475" value="ⲉⲧⲉⲙⲛϩⲩⲡⲟⲕⲣⲓⲥⲓⲥ"/>
		<feat xlink:href="#sSpan1487" value="ⲛϩⲏⲧⲟⲩ"/>
		<feat xlink:href="#sSpan1493" value="·"/>
		<feat xlink:href="#sSpan1498" value="ⲟⲩⲇⲉ"/>
		<feat xlink:href="#sSpan1504" value="ⲙⲛⲧⲣⲉϥⲁⲣⲉⲥ"/>
		<feat xlink:href="#sSpan1514" value="ⲛⲣⲱⲙⲉ"/>
		<feat xlink:href="#sSpan1522" value="ⲛⲣⲉϥϫⲓⲛϭⲟⲛⲥ"/>
		<feat xlink:href="#sSpan1533" value="·"/>
		<feat xlink:href="#sSpan1537" value="ϩⲓϩⲉⲗⲗⲏⲛ"/>
		<feat xlink:href="#sSpan1546" value="ⲛⲓⲙ"/>
		<feat xlink:href="#sSpan1550" value="·"/>
		<feat xlink:href="#sSpan1554" value="ⲙⲛϩⲁⲓⲣⲉⲥⲓⲥ"/>
		<feat xlink:href="#sSpan1563" value="ⲛⲓⲙ"/>
		<feat xlink:href="#sSpan1567" value="·"/>
		<feat xlink:href="#sSpan1571" value="ⲙⲛⲣⲱⲙⲉ"/>
		<feat xlink:href="#sSpan1579" value="ⲛⲓⲙ"/>
		<feat xlink:href="#sSpan1583" value="ⲉⲧⲉⲛⲥⲉⲥⲟⲩⲧⲱⲛ"/>
		<feat xlink:href="#sSpan1594" value="ⲁⲛ"/></featList></paula>