<?xml version='1.0' encoding='UTF-8'?><!DOCTYPE paula SYSTEM "paula_feat.dtd">
<paula version="1.1">
	<header paula_id="scriptorium.GF31-32.mark_text"/>
	<featList xmlns:xlink="http://www.w3.org/1999/xlink" type="text" xml:base="scriptorium.GF31-32.mark.xml">
		<feat xlink:href="#sSpan5" value="ⲓⲟⲩⲇⲁⲓ"/>
		<feat xlink:href="#sSpan19" value="ⲛ ϩⲉⲗⲗⲏⲛ"/>
		<feat xlink:href="#sSpan37" value="ⲛⲉⲛ ϩⲃⲏⲩⲉ ⲛ ⲥⲙⲛⲟⲛ"/>
		<feat xlink:href="#sSpan58" value="ⲥⲱⲃⲉ"/>
		<feat xlink:href="#sSpan83" value="ⲡ ⲣⲱⲙⲉ"/>
		<feat xlink:href="#sSpan92" value="ⲓⲏⲥⲟⲩⲥ"/>
		<feat xlink:href="#sSpan101" value="ⲧ ⲙⲉ"/>
		<feat xlink:href="#sSpan138" value="ⲓⲏⲥⲟⲩⲥ"/>
		<feat xlink:href="#sSpan157" value="ⲥⲁϩ"/>
		<feat xlink:href="#sSpan171" value="ⲡ ⲕⲁϩ"/>
		<feat xlink:href="#sSpan209" value="ϩⲱⲃ"/>
		<feat xlink:href="#sSpan232" value="ⲛ ϩⲙϩⲁⲗ ⲁⲛ ⲛ ⲣⲱⲙⲉ"/>
		<feat xlink:href="#sSpan271" value="ⲟⲩ ⲁⲥⲟⲩ"/>
		<feat xlink:href="#sSpan281" value="ⲓⲏⲥⲟⲩⲥ"/>
		<feat xlink:href="#sSpan304" value="ⲡⲉϥ ⲥⲛⲟϥ"/>
		<feat xlink:href="#sSpan323" value="ⲡⲉⲧⲛ ϫⲟⲉⲓⲥ"/>
		<feat xlink:href="#sSpan357" value="ϩⲟⲓⲛⲉ"/>
		<feat xlink:href="#sSpan365" value="ⲡ ⲧⲣⲉ ⲩ ⲥⲱⲧⲙ ⲉⲣⲟ ⲓ"/>
		<feat xlink:href="#sSpan414" value="ⲡ ⲉⲧ ϯⲥⲃⲱ"/>
		<feat xlink:href="#sSpan454" value="ⲡ ⲉⲧ ⲡⲁⲣⲁⲕⲁⲗⲉⲓ"/>
		<feat xlink:href="#sSpan496" value="ⲡ ⲉⲧ ϫⲱ ⲛ ⲛⲁⲓ"/>
		<feat xlink:href="#sSpan508" value="ⲛⲁⲓ"/>
		<feat xlink:href="#sSpan590" value="ⲛⲁⲓ"/>
		<feat xlink:href="#sSpan620" value="ⲡ ⲉⲧ ⲙⲟⲥⲧⲉ"/>
		<feat xlink:href="#sSpan642" value="ⲛ ⲉⲧ ⲕⲱⲙϣ ⲛⲥⲁ ⲛ ⲉⲧ ϫⲱ ⲛ ⲧ ⲙⲉ ⲛ ⲟⲩⲟⲉⲓϣ ⲛⲓⲙ"/>
		<feat xlink:href="#sSpan654" value="ⲛ ⲉⲧ ϫⲱ ⲛ ⲧ ⲙⲉ ⲛ ⲟⲩⲟⲉⲓϣ ⲛⲓⲙ"/>
		<feat xlink:href="#sSpan665" value="ⲧ ⲙⲉ"/>
		<feat xlink:href="#sSpan675" value="ⲟⲩⲟⲉⲓϣ ⲛⲓⲙ"/>
		<feat xlink:href="#sSpan706" value="ⲡ ⲣⲱϣⲉ"/>
		<feat xlink:href="#sSpan725" value="ⲡ ϣⲁϫⲉ"/>
		<feat xlink:href="#sSpan735" value="ⲟⲩ ⲡⲁⲣⲣⲏⲥⲓⲁ"/>
		<feat xlink:href="#sSpan746" value="ⲡ ⲉⲧ ⲙⲟⲥⲧⲉ"/>
		<feat xlink:href="#sSpan772" value="ⲡ ⲉⲧ ⲙⲟⲕϩ ⲛ ϩⲏⲧ"/>
		<feat xlink:href="#sSpan826" value="ⲡ ⲛⲟⲩⲧⲉ"/>
		<feat xlink:href="#sSpan838" value="ⲡ ⲙⲁ ⲉⲧⲉ ⲙⲛ ⲛⲟⲩϥⲉ ⲛϩⲏⲧ ϥ ⲟⲩⲇⲉ ⲭⲣⲏⲙⲁ"/>
		<feat xlink:href="#sSpan851" value="ⲛⲟⲩϥⲉ"/>
		<feat xlink:href="#sSpan867" value="ⲭⲣⲏⲙⲁ"/>
		<feat xlink:href="#sSpan890" value="ⲧ ⲙⲉ"/>
		<feat xlink:href="#sSpan923" value="ⲛⲁⲓ"/>
		<feat xlink:href="#sSpan935" value="ⲛ ⲉⲧ ϩⲙ ⲡ ⲏⲓ ϩⲙ ⲡ ⲛⲟⲩⲧⲉ"/>
		<feat xlink:href="#sSpan942" value="ⲡ ⲏⲓ ϩⲙ ⲡ ⲛⲟⲩⲧⲉ"/>
		<feat xlink:href="#sSpan954" value="ⲡ ⲛⲟⲩⲧⲉ"/>
		<feat xlink:href="#sSpan989" value="ⲙ ⲡⲉⲧϩⲟⲟⲩ"/>
		<feat xlink:href="#sSpan1006" value="ⲡ ⲕⲁϩ"/>
		<feat xlink:href="#sSpan1021" value="ⲡ ϫⲓⲛϭⲟⲛⲥ"/>
		<feat xlink:href="#sSpan1041" value="ⲧ ⲙⲛⲧⲙⲁⲓϩⲟⲙⲛⲧ"/>
		<feat xlink:href="#sSpan1085" value="ⲡ ⲛⲟⲩⲧⲉ"/>
		<feat xlink:href="#sSpan1138" value="ϩⲟⲟⲩ"/>
		<feat xlink:href="#sSpan1171" value="ⲛⲉⲛ ⲭⲣⲏⲙⲁ"/>
		<feat xlink:href="#sSpan1209" value="ⲛⲟⲃⲉ"/>
		<feat xlink:href="#sSpan1224" value="ⲛⲉ ⲭⲣⲏⲙⲁ"/>
		<feat xlink:href="#sSpan1247" value="ⲛⲉ ⲭⲣⲏⲙⲁ"/>
		<feat xlink:href="#sSpan1262" value="ⲡⲉⲓ ⲙⲁ"/>
		<feat xlink:href="#sSpan1281" value="ⲛ ⲕⲉ ⲟⲩⲱϣ ⲧⲏⲣ ⲟⲩ ⲉⲧ ϣⲟⲩⲉⲓⲧ"/>
		<feat xlink:href="#sSpan1306" value="ⲛ ⲛⲟⲃⲉ"/>
		<feat xlink:href="#sSpan1418" value="ⲧ ⲙⲛⲧⲧⲉⲗⲓⲟⲥ ⲙ ⲡ ⲣⲱⲙⲉ ⲉⲧ ⲙⲙⲁⲩ ⲙ ⲡ ⲛⲟⲩⲧⲉ · ⲙⲛ ⲛⲉϥ ϣⲁϫⲉ ⲧⲏⲣ ⲟⲩ ⲉⲧⲉ ⲙⲛ ϩⲩⲡⲟⲕⲣⲓⲥⲓⲥ ⲛϩⲏⲧ ⲟⲩ"/>
		<feat xlink:href="#sSpan1431" value="ⲡ ⲣⲱⲙⲉ ⲉⲧ ⲙⲙⲁⲩ"/>
		<feat xlink:href="#sSpan1447" value="ⲡ ⲛⲟⲩⲧⲉ"/>
		<feat xlink:href="#sSpan1463" value="ⲛⲉϥ ϣⲁϫⲉ ⲧⲏⲣ ⲟⲩ ⲉⲧⲉ ⲙⲛ ϩⲩⲡⲟⲕⲣⲓⲥⲓⲥ ⲛϩⲏⲧ ⲟⲩ"/>
		<feat xlink:href="#sSpan1483" value="ϩⲩⲡⲟⲕⲣⲓⲥⲓⲥ"/>
		<feat xlink:href="#sSpan1519" value="ⲣⲱⲙⲉ ⲛ ⲣⲉϥϫⲓⲛϭⲟⲛⲥ"/>
		<feat xlink:href="#sSpan1541" value="ϩⲉⲗⲗⲏⲛ ⲛⲓⲙ"/>
		<feat xlink:href="#sSpan1559" value="ϩⲁⲓⲣⲉⲥⲓⲥ ⲛⲓⲙ"/>
		<feat xlink:href="#sSpan1576" value="ⲣⲱⲙⲉ ⲛⲓⲙ ⲉⲧⲉ ⲛ ⲥⲉ ⲥⲟⲩⲧⲱⲛ ⲁⲛ"/></featList></paula>