<?xml version='1.0' encoding='UTF-8'?><!DOCTYPE paula SYSTEM "paula_feat.dtd">
<paula version="1.1">
	<header paula_id="scriptorium.GF31-32.mark_lemma"/>
	<featList xmlns:xlink="http://www.w3.org/1999/xlink" type="lemma" xml:base="scriptorium.GF31-32.mark.xml">
		<feat xlink:href="#sSpan3" value="ⲓⲟⲩⲇⲁⲓ"/>
		<feat xlink:href="#sSpan13" value="ⲙⲛ"/>
		<feat xlink:href="#sSpan17" value="ⲡ"/>
		<feat xlink:href="#sSpan23" value="ϩⲉⲗⲗⲏⲛ"/>
		<feat xlink:href="#sSpan26" value="·"/>
		<feat xlink:href="#sSpan30" value="ⲁ"/>
		<feat xlink:href="#sSpan35" value="ⲡⲉⲛ"/>
		<feat xlink:href="#sSpan38" value="ϩⲱⲃ"/>
		<feat xlink:href="#sSpan40" value="ⲛ"/>
		<feat xlink:href="#sSpan45" value="ⲥⲙⲓⲛⲉ"/>
		<feat xlink:href="#sSpan47" value="ϣⲱⲡⲉ"/>
		<feat xlink:href="#sSpan52" value="ⲛ"/>
		<feat xlink:href="#sSpan56" value="ⲥⲱⲃⲉ"/>
		<feat xlink:href="#sSpan59" value="·"/>
		<feat xlink:href="#sSpan64" value="ⲁⲩⲱ"/>
		<feat xlink:href="#sSpan70" value="ⲟⲛ"/>
		<feat xlink:href="#sSpan74" value="ϫⲉ"/>
		<feat xlink:href="#sSpan79" value="ⲱ"/>
		<feat xlink:href="#sSpan81" value="ⲡ"/>
		<feat xlink:href="#sSpan87" value="ⲣⲱⲙⲉ"/>
		<feat xlink:href="#sSpan90" value="ⲓⲏⲥⲟⲩⲥ"/>
		<feat xlink:href="#sSpan95" value="ⲡⲉ"/>
		<feat xlink:href="#sSpan99" value="ⲡ"/>
		<feat xlink:href="#sSpan105" value="ⲙⲉ"/>
		<feat xlink:href="#sSpan107" value="·"/>
		<feat xlink:href="#sSpan111" value="ⲙⲡⲣ"/>
		<feat xlink:href="#sSpan116" value="ϭⲱϣⲧ"/>
		<feat xlink:href="#sSpan119" value="ⲉ"/>
		<feat xlink:href="#sSpan123" value="ⲁⲛⲟⲕ"/>
		<feat xlink:href="#sSpan126" value="ⲁⲗⲗⲁ"/>
		<feat xlink:href="#sSpan130" value="ⲛⲥⲁ"/>
		<feat xlink:href="#sSpan136" value="ⲓⲏⲥⲟⲩⲥ"/>
		<feat xlink:href="#sSpan139" value="·"/>
		<feat xlink:href="#sSpan143" value="ⲙⲡⲣ"/>
		<feat xlink:href="#sSpan148" value="ⲙⲟⲩⲧⲉ"/>
		<feat xlink:href="#sSpan151" value="ⲉ"/>
		<feat xlink:href="#sSpan155" value="ⲥⲁϩ"/>
		<feat xlink:href="#sSpan158" value="ⲛⲁ"/>
		<feat xlink:href="#sSpan162" value="ⲛⲧⲱⲧⲛ"/>
		<feat xlink:href="#sSpan164" value="ϩⲓϫⲛ"/>
		<feat xlink:href="#sSpan169" value="ⲡ"/>
		<feat xlink:href="#sSpan172" value="ⲕⲁϩ"/>
		<feat xlink:href="#sSpan174" value="·"/>
		<feat xlink:href="#sSpan178" value="ⲛ"/>
		<feat xlink:href="#sSpan183" value="ⲡ"/>
		<feat xlink:href="#sSpan186" value="ϩⲉ"/>
		<feat xlink:href="#sSpan188" value="ⲉⲧⲉⲣⲉ"/>
		<feat xlink:href="#sSpan192" value="ⲁⲛⲟⲕ"/>
		<feat xlink:href="#sSpan194" value="ⲛⲁ"/>
		<feat xlink:href="#sSpan196" value="ⲉⲓⲣⲉ"/>
		<feat xlink:href="#sSpan198" value="ⲛⲧⲟⲥ"/>
		<feat xlink:href="#sSpan200" value="ⲙⲛⲧⲉ"/>
		<feat xlink:href="#sSpan205" value="ⲛⲧⲟⲕ"/>
		<feat xlink:href="#sSpan207" value="ϩⲱⲃ"/>
		<feat xlink:href="#sSpan212" value="ⲙⲛ"/>
		<feat xlink:href="#sSpan216" value="ⲁⲛⲟⲕ"/>
		<feat xlink:href="#sSpan218" value="·"/>
		<feat xlink:href="#sSpan222" value="ⲛ"/>
		<feat xlink:href="#sSpan228" value="ⲛⲧⲱⲧⲛ"/>
		<feat xlink:href="#sSpan230" value="ⲡ"/>
		<feat xlink:href="#sSpan233" value="ϩⲙϩⲁⲗ"/>
		<feat xlink:href="#sSpan235" value="ⲁⲛ"/>
		<feat xlink:href="#sSpan240" value="ⲛ"/>
		<feat xlink:href="#sSpan244" value="ⲣⲱⲙⲉ"/>
		<feat xlink:href="#sSpan246" value="·"/>
		<feat xlink:href="#sSpan250" value="ⲉⲣⲉ"/>
		<feat xlink:href="#sSpan255" value="ⲁ"/>
		<feat xlink:href="#sSpan257" value="ⲛⲧⲟⲟⲩ"/>
		<feat xlink:href="#sSpan259" value="ϣⲱⲡ"/>
		<feat xlink:href="#sSpan262" value="ⲛⲧⲱⲧⲛ"/>
		<feat xlink:href="#sSpan264" value="ϩⲁ"/>
		<feat xlink:href="#sSpan269" value="ⲟⲩ"/>
		<feat xlink:href="#sSpan272" value="ⲁⲥⲟⲩ"/>
		<feat xlink:href="#sSpan274" value="·"/>
		<feat xlink:href="#sSpan279" value="ⲓⲏⲥⲟⲩⲥ"/>
		<feat xlink:href="#sSpan285" value="ⲡⲉ"/>
		<feat xlink:href="#sSpan289" value="ⲉⲧⲉⲣⲉ"/>
		<feat xlink:href="#sSpan292" value="ⲁ"/>
		<feat xlink:href="#sSpan294" value="ⲛⲧⲟϥ"/>
		<feat xlink:href="#sSpan296" value="ϯ"/>
		<feat xlink:href="#sSpan298" value="ⲛ"/>
		<feat xlink:href="#sSpan302" value="ⲡⲉϥ"/>
		<feat xlink:href="#sSpan305" value="ⲥⲛⲟϥ"/>
		<feat xlink:href="#sSpan308" value="ⲡ"/>
		<feat xlink:href="#sSpan312" value="ⲉⲧⲉⲣⲉ"/>
		<feat xlink:href="#sSpan314" value="ⲙⲙⲁⲩ"/>
		<feat xlink:href="#sSpan316" value="ⲡⲉ"/>
		<feat xlink:href="#sSpan321" value="ⲡⲉⲧⲛ"/>
		<feat xlink:href="#sSpan326" value="ϫⲟⲉⲓⲥ"/>
		<feat xlink:href="#sSpan328" value="·"/>
		<feat xlink:href="#sSpan333" value="ⲁⲩⲱ"/>
		<feat xlink:href="#sSpan339" value="ⲟⲛ"/>
		<feat xlink:href="#sSpan343" value="ϫⲉ"/>
		<feat xlink:href="#sSpan348" value="ⲧⲁⲭⲁ"/>
		<feat xlink:href="#sSpan350" value="ⲟⲩⲛ"/>
		<feat xlink:href="#sSpan355" value="ϩⲟⲓⲛⲉ"/>
		<feat xlink:href="#sSpan358" value="ϩⲛ"/>
		<feat xlink:href="#sSpan362" value="ⲡ"/>
		<feat xlink:href="#sSpan366" value="ⲧⲣⲉ"/>
		<feat xlink:href="#sSpan368" value="ⲛⲧⲟⲟⲩ"/>
		<feat xlink:href="#sSpan370" value="ⲥⲱⲧⲙ"/>
		<feat xlink:href="#sSpan372" value="ⲉ"/>
		<feat xlink:href="#sSpan377" value="ⲁⲛⲟⲕ"/>
		<feat xlink:href="#sSpan379" value="ⲛⲧⲟⲟⲩ"/>
		<feat xlink:href="#sSpan383" value="ⲛⲁ"/>
		<feat xlink:href="#sSpan385" value="ϫⲱ"/>
		<feat xlink:href="#sSpan387" value="ⲛⲧⲟⲥ"/>
		<feat xlink:href="#sSpan389" value="ϫⲉ"/>
		<feat xlink:href="#sSpan394" value="ⲁⲛⲟⲕ"/>
		<feat xlink:href="#sSpan396" value="ⲛⲁ"/>
		<feat xlink:href="#sSpan398" value="ⲃⲱⲕ"/>
		<feat xlink:href="#sSpan401" value="ⲉⲃⲟⲗ"/>
		<feat xlink:href="#sSpan406" value="ⲁⲛⲟⲕ_ⲛⲧⲉ"/>
		<feat xlink:href="#sSpan410" value="ⲧⲱⲣⲡ"/>
		<feat xlink:href="#sSpan412" value="ⲡ"/>
		<feat xlink:href="#sSpan420" value="ⲉⲧⲉⲣⲉ"/>
		<feat xlink:href="#sSpan423" value="ϯⲥⲃⲱ"/>
		<feat xlink:href="#sSpan427" value="ⲅⲁⲣ"/>
		<feat xlink:href="#sSpan431" value="ⲉⲣⲉ"/>
		<feat xlink:href="#sSpan436" value="ⲛⲧⲟϥ"/>
		<feat xlink:href="#sSpan438" value="ⲉⲓⲣⲉ"/>
		<feat xlink:href="#sSpan440" value="ⲛ"/>
		<feat xlink:href="#sSpan444" value="ⲡ"/>
		<feat xlink:href="#sSpan446" value="ϩⲉ"/>
		<feat xlink:href="#sSpan448" value="ⲛ"/>
		<feat xlink:href="#sSpan452" value="ⲡ"/>
		<feat xlink:href="#sSpan455" value="ⲉⲧⲉⲣⲉ"/>
		<feat xlink:href="#sSpan458" value="ⲡⲁⲣⲁⲕⲁⲗⲉⲓ"/>
		<feat xlink:href="#sSpan461" value="·"/>
		<feat xlink:href="#sSpan467" value="ⲧⲁⲭⲁ"/>
		<feat xlink:href="#sSpan474" value="ⲅⲁⲣ"/>
		<feat xlink:href="#sSpan478" value="ⲛⲧⲟⲕ"/>
		<feat xlink:href="#sSpan482" value="ϩⲱⲡ"/>
		<feat xlink:href="#sSpan485" value="ⲟⲡⲧⲉⲩⲉ"/>
		<feat xlink:href="#sSpan490" value="ϫⲉ"/>
		<feat xlink:href="#sSpan494" value="ⲡ"/>
		<feat xlink:href="#sSpan497" value="ⲉⲧⲉⲣⲉ"/>
		<feat xlink:href="#sSpan499" value="ϫⲱ"/>
		<feat xlink:href="#sSpan501" value="ⲛ"/>
		<feat xlink:href="#sSpan506" value="ⲡⲁⲓ"/>
		<feat xlink:href="#sSpan509" value="ⲉⲣϣⲁⲛ_ⲛⲧⲟⲥ"/>
		<feat xlink:href="#sSpan513" value="ⲧⲁϩⲟ"/>
		<feat xlink:href="#sSpan516" value="ⲛⲧⲟϥ"/>
		<feat xlink:href="#sSpan518" value="ⲛⲧⲉ"/>
		<feat xlink:href="#sSpan522" value="ⲛⲧⲟϥ"/>
		<feat xlink:href="#sSpan525" value="ⲣⲙⲁⲓⲧⲟ"/>
		<feat xlink:href="#sSpan529" value="ⲛ"/>
		<feat xlink:href="#sSpan534" value="ϩⲟⲩⲟ"/>
		<feat xlink:href="#sSpan536" value="·"/>
		<feat xlink:href="#sSpan540" value="ⲉⲣⲉ"/>
		<feat xlink:href="#sSpan544" value="ⲛⲧⲟϥ"/>
		<feat xlink:href="#sSpan546" value="ⲛⲁ"/>
		<feat xlink:href="#sSpan549" value="ⲡⲗⲉⲟⲛⲉⲕⲧⲉ"/>
		<feat xlink:href="#sSpan552" value="·"/>
		<feat xlink:href="#sSpan556" value="ⲁⲩⲱ"/>
		<feat xlink:href="#sSpan562" value="ⲛⲉⲣⲉ"/>
		<feat xlink:href="#sSpan566" value="ⲛⲧⲟⲕ"/>
		<feat xlink:href="#sSpan569" value="ⲡⲗⲁⲛⲁ"/>
		<feat xlink:href="#sSpan572" value="ⲁⲛ"/>
		<feat xlink:href="#sSpan576" value="ⲉⲣⲉ"/>
		<feat xlink:href="#sSpan580" value="ⲛⲧⲟⲕ"/>
		<feat xlink:href="#sSpan582" value="ϫⲱ"/>
		<feat xlink:href="#sSpan584" value="ⲛ"/>
		<feat xlink:href="#sSpan588" value="ⲡⲁⲓ"/>
		<feat xlink:href="#sSpan592" value="·"/>
		<feat xlink:href="#sSpan597" value="ⲉⲃⲟⲗ"/>
		<feat xlink:href="#sSpan604" value="ⲇⲉ"/>
		<feat xlink:href="#sSpan608" value="ⲟⲛ"/>
		<feat xlink:href="#sSpan612" value="ϫⲉ"/>
		<feat xlink:href="#sSpan616" value="ⲟⲩⲛ"/>
		<feat xlink:href="#sSpan618" value="ⲡ"/>
		<feat xlink:href="#sSpan622" value="ⲉⲧⲉⲣⲉ"/>
		<feat xlink:href="#sSpan624" value="ⲙⲟⲥⲧⲉ"/>
		<feat xlink:href="#sSpan626" value="·"/>
		<feat xlink:href="#sSpan630" value="ⲁⲩⲱ"/>
		<feat xlink:href="#sSpan635" value="ⲟⲩⲛ"/>
		<feat xlink:href="#sSpan640" value="ⲡ"/>
		<feat xlink:href="#sSpan643" value="ⲉⲧⲉⲣⲉ"/>
		<feat xlink:href="#sSpan645" value="ⲕⲱⲙϣ"/>
		<feat xlink:href="#sSpan647" value="ⲛⲥⲁ"/>
		<feat xlink:href="#sSpan652" value="ⲡ"/>
		<feat xlink:href="#sSpan655" value="ⲉⲧⲉⲣⲉ"/>
		<feat xlink:href="#sSpan657" value="ϫⲱ"/>
		<feat xlink:href="#sSpan659" value="ⲛ"/>
		<feat xlink:href="#sSpan663" value="ⲡ"/>
		<feat xlink:href="#sSpan667" value="ⲙⲉ"/>
		<feat xlink:href="#sSpan669" value="ⲛ"/>
		<feat xlink:href="#sSpan673" value="ⲟⲩⲟⲉⲓϣ"/>
		<feat xlink:href="#sSpan676" value="ⲛⲓⲙ"/>
		<feat xlink:href="#sSpan681" value="·"/>
		<feat xlink:href="#sSpan686" value="ⲡⲉϫⲉ"/>
		<feat xlink:href="#sSpan692" value="ⲛⲧⲟϥ"/>
		<feat xlink:href="#sSpan694" value="ϫⲉ"/>
		<feat xlink:href="#sSpan698" value="ⲁ"/>
		<feat xlink:href="#sSpan700" value="ⲁⲛⲟⲛ"/>
		<feat xlink:href="#sSpan702" value="ϫⲱ"/>
		<feat xlink:href="#sSpan704" value="ⲡ"/>
		<feat xlink:href="#sSpan708" value="ⲣⲱϣⲉ"/>
		<feat xlink:href="#sSpan710" value="·"/>
		<feat xlink:href="#sSpan714" value="ⲁ"/>
		<feat xlink:href="#sSpan719" value="ⲁⲛⲟⲛ"/>
		<feat xlink:href="#sSpan721" value="ϫⲱ"/>
		<feat xlink:href="#sSpan723" value="ⲡ"/>
		<feat xlink:href="#sSpan727" value="ϣⲁϫⲉ"/>
		<feat xlink:href="#sSpan729" value="ϩⲛ"/>
		<feat xlink:href="#sSpan733" value="ⲟⲩ"/>
		<feat xlink:href="#sSpan737" value="ⲡⲁⲣⲣⲏⲥⲓⲁ"/>
		<feat xlink:href="#sSpan740" value="·"/>
		<feat xlink:href="#sSpan744" value="ⲡ"/>
		<feat xlink:href="#sSpan750" value="ⲉⲧⲉⲣⲉ"/>
		<feat xlink:href="#sSpan752" value="ⲙⲟⲥⲧⲉ"/>
		<feat xlink:href="#sSpan755" value="ⲙⲁⲣⲉ"/>
		<feat xlink:href="#sSpan759" value="ⲛⲧⲟϥ"/>
		<feat xlink:href="#sSpan761" value="ⲙⲟⲥⲧⲉ"/>
		<feat xlink:href="#sSpan764" value="·"/>
		<feat xlink:href="#sSpan768" value="ⲡ"/>
		<feat xlink:href="#sSpan774" value="ⲉⲧⲉⲣⲉ"/>
		<feat xlink:href="#sSpan776" value="ⲙⲕⲁϩ"/>
		<feat xlink:href="#sSpan778" value="ⲛ"/>
		<feat xlink:href="#sSpan783" value="ϩⲏⲧ"/>
		<feat xlink:href="#sSpan785" value="ⲙⲁⲣⲉ"/>
		<feat xlink:href="#sSpan789" value="ⲛⲧⲟϥ"/>
		<feat xlink:href="#sSpan791" value="ⲙⲕⲁϩ"/>
		<feat xlink:href="#sSpan794" value="·"/>
		<feat xlink:href="#sSpan798" value="ⲛⲛⲉ"/>
		<feat xlink:href="#sSpan804" value="ⲁⲛⲟⲕ"/>
		<feat xlink:href="#sSpan807" value="ϯⲗⲟⲅⲟⲥ"/>
		<feat xlink:href="#sSpan816" value="ⲅⲁⲣ"/>
		<feat xlink:href="#sSpan820" value="ⲛ"/>
		<feat xlink:href="#sSpan824" value="ⲡ"/>
		<feat xlink:href="#sSpan827" value="ⲛⲟⲩⲧⲉ"/>
		<feat xlink:href="#sSpan830" value="·"/>
		<feat xlink:href="#sSpan834" value="ⲡ"/>
		<feat xlink:href="#sSpan840" value="ⲙⲁ"/>
		<feat xlink:href="#sSpan842" value="ⲉⲧⲉⲣⲉ"/>
		<feat xlink:href="#sSpan846" value="ⲙⲛ"/>
		<feat xlink:href="#sSpan849" value="ⲛⲟⲩϥⲉ"/>
		<feat xlink:href="#sSpan852" value="ϩⲛ"/>
		<feat xlink:href="#sSpan856" value="ⲛⲧⲟϥ"/>
		<feat xlink:href="#sSpan859" value="ⲟⲩⲇⲉ"/>
		<feat xlink:href="#sSpan865" value="ⲭⲣⲏⲙⲁ"/>
		<feat xlink:href="#sSpan870" value="ⲉⲣⲉ"/>
		<feat xlink:href="#sSpan874" value="ⲛⲧⲟϥ"/>
		<feat xlink:href="#sSpan876" value="ⲛⲟⲩϫⲉ"/>
		<feat xlink:href="#sSpan880" value="ⲉⲃⲟⲗ"/>
		<feat xlink:href="#sSpan884" value="ⲛ"/>
		<feat xlink:href="#sSpan888" value="ⲡ"/>
		<feat xlink:href="#sSpan892" value="ⲙⲉ"/>
		<feat xlink:href="#sSpan894" value="·"/>
		<feat xlink:href="#sSpan899" value="ⲟⲩ"/>
		<feat xlink:href="#sSpan905" value="ⲙⲟⲛⲟⲛ"/>
		<feat xlink:href="#sSpan910" value="ϫⲉ"/>
		<feat xlink:href="#sSpan915" value="ⲁ"/>
		<feat xlink:href="#sSpan917" value="ⲛⲧⲟϥ"/>
		<feat xlink:href="#sSpan919" value="ϫⲱ"/>
		<feat xlink:href="#sSpan921" value="ⲡⲁⲓ"/>
		<feat xlink:href="#sSpan924" value="ⲉⲧⲃⲉ"/>
		<feat xlink:href="#sSpan929" value="ⲁⲛⲟⲛ"/>
		<feat xlink:href="#sSpan931" value="ⲡ"/>
		<feat xlink:href="#sSpan936" value="ⲉⲧⲉⲣⲉ"/>
		<feat xlink:href="#sSpan938" value="ϩⲛ"/>
		<feat xlink:href="#sSpan940" value="ⲡ"/>
		<feat xlink:href="#sSpan943" value="ⲏⲓ"/>
		<feat xlink:href="#sSpan947" value="ϩⲛ"/>
		<feat xlink:href="#sSpan952" value="ⲡ"/>
		<feat xlink:href="#sSpan955" value="ⲛⲟⲩⲧⲉ"/>
		<feat xlink:href="#sSpan957" value="·"/>
		<feat xlink:href="#sSpan962" value="ⲁⲗⲗⲁ"/>
		<feat xlink:href="#sSpan968" value="ⲛⲧⲉⲣⲉ"/>
		<feat xlink:href="#sSpan972" value="ⲛⲧⲟϥ"/>
		<feat xlink:href="#sSpan974" value="ⲛⲁⲩ"/>
		<feat xlink:href="#sSpan976" value="ⲟⲛ"/>
		<feat xlink:href="#sSpan981" value="ϫⲉ"/>
		<feat xlink:href="#sSpan985" value="ⲁ"/>
		<feat xlink:href="#sSpan987" value="ⲛ"/>
		<feat xlink:href="#sSpan991" value="ⲡⲉⲧϩⲟⲟⲩ"/>
		<feat xlink:href="#sSpan995" value="ⲁϣⲁⲓ"/>
		<feat xlink:href="#sSpan1000" value="ϩⲓϫⲛ"/>
		<feat xlink:href="#sSpan1004" value="ⲡ"/>
		<feat xlink:href="#sSpan1007" value="ⲕⲁϩ"/>
		<feat xlink:href="#sSpan1010" value="·"/>
		<feat xlink:href="#sSpan1015" value="ⲙⲁⲗⲓⲥⲧⲁ"/>
		<feat xlink:href="#sSpan1019" value="ⲡ"/>
		<feat xlink:href="#sSpan1026" value="ϫⲓⲛϭⲟⲛⲥ"/>
		<feat xlink:href="#sSpan1030" value="·"/>
		<feat xlink:href="#sSpan1034" value="ⲉⲧⲃⲉ"/>
		<feat xlink:href="#sSpan1038" value="ⲡ"/>
		<feat xlink:href="#sSpan1043" value="ⲙⲛⲧⲙⲁⲓϩⲟⲙⲛⲧ"/>
		<feat xlink:href="#sSpan1048" value="·"/>
		<feat xlink:href="#sSpan1054" value="ⲁⲛⲧⲓ"/>
		<feat xlink:href="#sSpan1059" value="ⲧⲣⲉ"/>
		<feat xlink:href="#sSpan1061" value="ⲛⲧⲟϥ"/>
		<feat xlink:href="#sSpan1063" value="ϫⲱ"/>
		<feat xlink:href="#sSpan1065" value="ⲛⲧⲟⲥ"/>
		<feat xlink:href="#sSpan1067" value="ϫⲉ"/>
		<feat xlink:href="#sSpan1072" value="ⲛⲛⲉ"/>
		<feat xlink:href="#sSpan1074" value="ⲁⲛⲟⲕ"/>
		<feat xlink:href="#sSpan1076" value="ⲃⲱⲕ"/>
		<feat xlink:href="#sSpan1079" value="ϣⲁ"/>
		<feat xlink:href="#sSpan1083" value="ⲡ"/>
		<feat xlink:href="#sSpan1087" value="ⲛⲟⲩⲧⲉ"/>
		<feat xlink:href="#sSpan1089" value="ⲛ"/>
		<feat xlink:href="#sSpan1093" value="ⲥⲟⲧⲡ"/>
		<feat xlink:href="#sSpan1096" value="ⲏ"/>
		<feat xlink:href="#sSpan1101" value="ⲛⲁⲛⲟⲩ"/>
		<feat xlink:href="#sSpan1105" value="ⲁⲛⲟⲛ"/>
		<feat xlink:href="#sSpan1107" value="·"/>
		<feat xlink:href="#sSpan1112" value="ⲡⲉϫⲉ"/>
		<feat xlink:href="#sSpan1117" value="ⲛⲧⲟϥ"/>
		<feat xlink:href="#sSpan1119" value="ϫⲉ"/>
		<feat xlink:href="#sSpan1123" value="ⲉⲣⲉ"/>
		<feat xlink:href="#sSpan1125" value="ⲁⲛⲟⲛ"/>
		<feat xlink:href="#sSpan1127" value="ⲛⲁ"/>
		<feat xlink:href="#sSpan1129" value="ⲃⲱⲕ"/>
		<feat xlink:href="#sSpan1132" value="ⲛ"/>
		<feat xlink:href="#sSpan1136" value="ϩⲟⲟⲩ"/>
		<feat xlink:href="#sSpan1139" value="ⲛ"/>
		<feat xlink:href="#sSpan1143" value="ⲡ"/>
		<feat xlink:href="#sSpan1145" value="ϩⲉ"/>
		<feat xlink:href="#sSpan1147" value="ⲉⲧⲉⲣⲉ"/>
		<feat xlink:href="#sSpan1152" value="ⲁ"/>
		<feat xlink:href="#sSpan1154" value="ⲁⲛⲟⲛ"/>
		<feat xlink:href="#sSpan1156" value="ⲉⲓ"/>
		<feat xlink:href="#sSpan1158" value="ⲛ"/>
		<feat xlink:href="#sSpan1162" value="ⲛⲧⲟⲥ"/>
		<feat xlink:href="#sSpan1164" value="ⲙⲡⲉ"/>
		<feat xlink:href="#sSpan1169" value="ⲡⲉⲛ"/>
		<feat xlink:href="#sSpan1173" value="ⲭⲣⲏⲙⲁ"/>
		<feat xlink:href="#sSpan1176" value="ⲅⲁⲣ"/>
		<feat xlink:href="#sSpan1181" value="ⲉⲓ"/>
		<feat xlink:href="#sSpan1185" value="·"/>
		<feat xlink:href="#sSpan1189" value="ⲁⲩⲱ"/>
		<feat xlink:href="#sSpan1194" value="ⲟⲛ"/>
		<feat xlink:href="#sSpan1199" value="ⲛⲉⲣⲉ"/>
		<feat xlink:href="#sSpan1203" value="ⲙⲛⲧⲉ"/>
		<feat xlink:href="#sSpan1205" value="ⲁⲛⲟⲛ"/>
		<feat xlink:href="#sSpan1207" value="ⲛⲟⲃⲉ"/>
		<feat xlink:href="#sSpan1212" value="ⲙⲙⲁⲩ"/>
		<feat xlink:href="#sSpan1216" value="ⲟⲩⲇⲉ"/>
		<feat xlink:href="#sSpan1222" value="ⲡ"/>
		<feat xlink:href="#sSpan1228" value="ⲭⲣⲏⲙⲁ"/>
		<feat xlink:href="#sSpan1230" value="·"/>
		<feat xlink:href="#sSpan1235" value="ⲧⲉⲛⲟⲩ"/>
		<feat xlink:href="#sSpan1241" value="ⲇⲉ"/>
		<feat xlink:href="#sSpan1245" value="ⲡ"/>
		<feat xlink:href="#sSpan1251" value="ⲭⲣⲏⲙⲁ"/>
		<feat xlink:href="#sSpan1254" value="ⲛⲁ"/>
		<feat xlink:href="#sSpan1258" value="ϭⲱⲙ"/>
		<feat xlink:href="#sSpan1260" value="ⲡⲉⲓ"/>
		<feat xlink:href="#sSpan1265" value="ⲙⲁ"/>
		<feat xlink:href="#sSpan1268" value="·"/>
		<feat xlink:href="#sSpan1272" value="ⲙⲛ"/>
		<feat xlink:href="#sSpan1277" value="ⲡ"/>
		<feat xlink:href="#sSpan1282" value="ⲕⲉ"/>
		<feat xlink:href="#sSpan1284" value="ⲟⲩⲱϣ"/>
		<feat xlink:href="#sSpan1287" value="ⲧⲏⲣ"/>
		<feat xlink:href="#sSpan1291" value="ⲛⲧⲟⲟⲩ"/>
		<feat xlink:href="#sSpan1293" value="ⲉⲧⲉⲣⲉ"/>
		<feat xlink:href="#sSpan1297" value="ϣⲟⲩⲟ"/>
		<feat xlink:href="#sSpan1300" value="·"/>
		<feat xlink:href="#sSpan1304" value="ⲡ"/>
		<feat xlink:href="#sSpan1310" value="ⲛⲟⲃⲉ"/>
		<feat xlink:href="#sSpan1313" value="ⲇⲉ"/>
		<feat xlink:href="#sSpan1318" value="ⲛⲧⲟⲟⲩ"/>
		<feat xlink:href="#sSpan1322" value="ⲛⲁ"/>
		<feat xlink:href="#sSpan1325" value="ⲣϣⲟⲣⲡ"/>
		<feat xlink:href="#sSpan1328" value="ⲉ"/>
		<feat xlink:href="#sSpan1333" value="ⲁⲛⲟⲛ"/>
		<feat xlink:href="#sSpan1335" value="·"/>
		<feat xlink:href="#sSpan1339" value="ⲁⲩⲱ"/>
		<feat xlink:href="#sSpan1344" value="ⲛⲧⲟⲟⲩ"/>
		<feat xlink:href="#sSpan1348" value="ⲉⲓ"/>
		<feat xlink:href="#sSpan1350" value="ⲙⲛ"/>
		<feat xlink:href="#sSpan1355" value="ⲁⲛⲟⲛ"/>
		<feat xlink:href="#sSpan1357" value="·"/>
		<feat xlink:href="#sSpan1361" value="ⲁⲩⲱ"/>
		<feat xlink:href="#sSpan1366" value="ⲛⲧⲟⲟⲩ"/>
		<feat xlink:href="#sSpan1370" value="ⲛⲁ"/>
		<feat xlink:href="#sSpan1373" value="ⲟⲩⲱϩ"/>
		<feat xlink:href="#sSpan1375" value="ⲛⲧⲟⲟⲩ"/>
		<feat xlink:href="#sSpan1377" value="ⲛⲥⲁ"/>
		<feat xlink:href="#sSpan1381" value="ⲁⲛⲟⲛ"/>
		<feat xlink:href="#sSpan1383" value="·"/>
		<feat xlink:href="#sSpan1389" value="ⲡⲗⲏⲛ"/>
		<feat xlink:href="#sSpan1395" value="ⲛⲓⲙ"/>
		<feat xlink:href="#sSpan1399" value="ⲡⲉ"/>
		<feat xlink:href="#sSpan1403" value="ⲉⲧⲉⲣⲉ"/>
		<feat xlink:href="#sSpan1405" value="ⲛⲁ"/>
		<feat xlink:href="#sSpan1407" value="ϣ"/>
		<feat xlink:href="#sSpan1410" value="ϣⲁϫⲉ"/>
		<feat xlink:href="#sSpan1412" value="ⲉⲣⲉ"/>
		<feat xlink:href="#sSpan1416" value="ⲡ"/>
		<feat xlink:href="#sSpan1420" value="ⲙⲛⲧⲧⲉⲗⲓⲟⲥ"/>
		<feat xlink:href="#sSpan1425" value="ⲛ"/>
		<feat xlink:href="#sSpan1429" value="ⲡ"/>
		<feat xlink:href="#sSpan1432" value="ⲣⲱⲙⲉ"/>
		<feat xlink:href="#sSpan1435" value="ⲉⲧⲉⲣⲉ"/>
		<feat xlink:href="#sSpan1439" value="ⲙⲙⲁⲩ"/>
		<feat xlink:href="#sSpan1441" value="ⲛ"/>
		<feat xlink:href="#sSpan1445" value="ⲡ"/>
		<feat xlink:href="#sSpan1449" value="ⲛⲟⲩⲧⲉ"/>
		<feat xlink:href="#sSpan1451" value="·"/>
		<feat xlink:href="#sSpan1455" value="ⲙⲛ"/>
		<feat xlink:href="#sSpan1459" value="ⲡⲉϥ"/>
		<feat xlink:href="#sSpan1464" value="ϣⲁϫⲉ"/>
		<feat xlink:href="#sSpan1467" value="ⲧⲏⲣ"/>
		<feat xlink:href="#sSpan1471" value="ⲛⲧⲟⲟⲩ"/>
		<feat xlink:href="#sSpan1473" value="ⲉⲧⲉⲣⲉ"/>
		<feat xlink:href="#sSpan1478" value="ⲙⲛ"/>
		<feat xlink:href="#sSpan1481" value="ϩⲩⲡⲟⲕⲣⲓⲥⲓⲥ"/>
		<feat xlink:href="#sSpan1485" value="ϩⲛ"/>
		<feat xlink:href="#sSpan1489" value="ⲛⲧⲟⲟⲩ"/>
		<feat xlink:href="#sSpan1491" value="·"/>
		<feat xlink:href="#sSpan1496" value="ⲟⲩⲇⲉ"/>
		<feat xlink:href="#sSpan1502" value="ⲙⲛ"/>
		<feat xlink:href="#sSpan1506" value="ⲧⲣⲉ"/>
		<feat xlink:href="#sSpan1508" value="ⲛⲧⲟϥ"/>
		<feat xlink:href="#sSpan1510" value="ⲁⲣⲉⲥ"/>
		<feat xlink:href="#sSpan1512" value="ⲛ"/>
		<feat xlink:href="#sSpan1517" value="ⲣⲱⲙⲉ"/>
		<feat xlink:href="#sSpan1520" value="ⲛ"/>
		<feat xlink:href="#sSpan1525" value="ⲣⲉϥϫⲓⲛϭⲟⲛⲥ"/>
		<feat xlink:href="#sSpan1531" value="·"/>
		<feat xlink:href="#sSpan1535" value="ϩⲓ"/>
		<feat xlink:href="#sSpan1539" value="ϩⲉⲗⲗⲏⲛ"/>
		<feat xlink:href="#sSpan1544" value="ⲛⲓⲙ"/>
		<feat xlink:href="#sSpan1548" value="·"/>
		<feat xlink:href="#sSpan1552" value="ⲙⲛ"/>
		<feat xlink:href="#sSpan1557" value="ϩⲁⲓⲣⲉⲥⲓⲥ"/>
		<feat xlink:href="#sSpan1561" value="ⲛⲓⲙ"/>
		<feat xlink:href="#sSpan1565" value="·"/>
		<feat xlink:href="#sSpan1569" value="ⲙⲛ"/>
		<feat xlink:href="#sSpan1573" value="ⲣⲱⲙⲉ"/>
		<feat xlink:href="#sSpan1577" value="ⲛⲓⲙ"/>
		<feat xlink:href="#sSpan1581" value="ⲉⲧⲉⲣⲉ"/>
		<feat xlink:href="#sSpan1585" value="ⲛ"/>
		<feat xlink:href="#sSpan1587" value="ⲛⲧⲟⲟⲩ"/>
		<feat xlink:href="#sSpan1590" value="ⲥⲟⲟⲩⲧⲛ"/>
		<feat xlink:href="#sSpan1592" value="ⲁⲛ"/></featList></paula>