<?xml version='1.0' encoding='UTF-8'?><!DOCTYPE paula SYSTEM "paula_feat.dtd">
<paula version="1.1">
	<header paula_id="scriptorium.GF31-32.dep_func"/>
	<featList xmlns:xlink="http://www.w3.org/1999/xlink" type="func" xml:base="scriptorium.GF31-32.dep.xml">
		<feat xlink:href="#sPointingRel1" value="obl"/>
		<feat xlink:href="#sPointingRel3" value="cc"/>
		<feat xlink:href="#sPointingRel5" value="aux"/>
		<feat xlink:href="#sPointingRel7" value="det"/>
		<feat xlink:href="#sPointingRel9" value="nsubj"/>
		<feat xlink:href="#sPointingRel11" value="advmod"/>
		<feat xlink:href="#sPointingRel13" value="det"/>
		<feat xlink:href="#sPointingRel15" value="advmod"/>
		<feat xlink:href="#sPointingRel17" value="punct"/>
		<feat xlink:href="#sPointingRel19" value="case"/>
		<feat xlink:href="#sPointingRel21" value="case"/>
		<feat xlink:href="#sPointingRel23" value="case"/>
		<feat xlink:href="#sPointingRel25" value="case"/>
		<feat xlink:href="#sPointingRel27" value="aux"/>
		<feat xlink:href="#sPointingRel29" value="aux"/>
		<feat xlink:href="#sPointingRel31" value="punct"/>
		<feat xlink:href="#sPointingRel33" value="advmod"/>
		<feat xlink:href="#sPointingRel35" value="cc"/>
		<feat xlink:href="#sPointingRel37" value="nsubj"/>
		<feat xlink:href="#sPointingRel39" value="mark"/>
		<feat xlink:href="#sPointingRel41" value="advmod"/>
		<feat xlink:href="#sPointingRel43" value="case"/>
		<feat xlink:href="#sPointingRel45" value="punct"/>
		<feat xlink:href="#sPointingRel47" value="nsubj"/>
		<feat xlink:href="#sPointingRel49" value="cop"/>
		<feat xlink:href="#sPointingRel51" value="cc"/>
		<feat xlink:href="#sPointingRel53" value="advmod"/>
		<feat xlink:href="#sPointingRel55" value="iobj"/>
		<feat xlink:href="#sPointingRel57" value="obl"/>
		<feat xlink:href="#sPointingRel59" value="advmod"/>
		<feat xlink:href="#sPointingRel61" value="advmod"/>
		<feat xlink:href="#sPointingRel63" value="mark"/>
		<feat xlink:href="#sPointingRel65" value="punct"/>
		<feat xlink:href="#sPointingRel67" value="acl:relcl"/>
		<feat xlink:href="#sPointingRel69" value="punct"/>
		<feat xlink:href="#sPointingRel71" value="fixed"/>
		<feat xlink:href="#sPointingRel73" value="mark"/>
		<feat xlink:href="#sPointingRel75" value="aux"/>
		<feat xlink:href="#sPointingRel77" value="case"/>
		<feat xlink:href="#sPointingRel79" value="case"/>
		<feat xlink:href="#sPointingRel81" value="dislocated"/>
		<feat xlink:href="#sPointingRel83" value="advmod"/>
		<feat xlink:href="#sPointingRel85" value="aux"/>
		<feat xlink:href="#sPointingRel87" value="parataxis"/>
		<feat xlink:href="#sPointingRel89" value="punct"/>
		<feat xlink:href="#sPointingRel91" value="det"/>
		<feat xlink:href="#sPointingRel93" value="punct"/>
		<feat xlink:href="#sPointingRel95" value="vocative"/>
		<feat xlink:href="#sPointingRel97" value="obl"/>
		<feat xlink:href="#sPointingRel99" value="nmod"/>
		<feat xlink:href="#sPointingRel101" value="nsubj"/>
		<feat xlink:href="#sPointingRel103" value="det"/>
		<feat xlink:href="#sPointingRel105" value="nsubj"/>
		<feat xlink:href="#sPointingRel107" value="punct"/>
		<feat xlink:href="#sPointingRel109" value="det"/>
		<feat xlink:href="#sPointingRel111" value="advmod"/>
		<feat xlink:href="#sPointingRel113" value="mark"/>
		<feat xlink:href="#sPointingRel115" value="det"/>
		<feat xlink:href="#sPointingRel117" value="mark"/>
		<feat xlink:href="#sPointingRel119" value="acl:relcl"/>
		<feat xlink:href="#sPointingRel121" value="case"/>
		<feat xlink:href="#sPointingRel123" value="cc"/>
		<feat xlink:href="#sPointingRel125" value="punct"/>
		<feat xlink:href="#sPointingRel127" value="case"/>
		<feat xlink:href="#sPointingRel129" value="mark"/>
		<feat xlink:href="#sPointingRel131" value="mark"/>
		<feat xlink:href="#sPointingRel133" value="punct"/>
		<feat xlink:href="#sPointingRel135" value="nsubj"/>
		<feat xlink:href="#sPointingRel137" value="obj"/>
		<feat xlink:href="#sPointingRel139" value="aux"/>
		<feat xlink:href="#sPointingRel141" value="mark"/>
		<feat xlink:href="#sPointingRel143" value="obl"/>
		<feat xlink:href="#sPointingRel145" value="obj"/>
		<feat xlink:href="#sPointingRel147" value="aux"/>
		<feat xlink:href="#sPointingRel149" value="punct"/>
		<feat xlink:href="#sPointingRel151" value="det"/>
		<feat xlink:href="#sPointingRel153" value="cc"/>
		<feat xlink:href="#sPointingRel155" value="obl"/>
		<feat xlink:href="#sPointingRel157" value="det"/>
		<feat xlink:href="#sPointingRel159" value="punct"/>
		<feat xlink:href="#sPointingRel161" value="nsubj"/>
		<feat xlink:href="#sPointingRel163" value="nsubj"/>
		<feat xlink:href="#sPointingRel165" value="det"/>
		<feat xlink:href="#sPointingRel167" value="mark"/>
		<feat xlink:href="#sPointingRel169" value="punct"/>
		<feat xlink:href="#sPointingRel171" value="case"/>
		<feat xlink:href="#sPointingRel173" value="nsubj"/>
		<feat xlink:href="#sPointingRel175" value="conj"/>
		<feat xlink:href="#sPointingRel177" value="punct"/>
		<feat xlink:href="#sPointingRel179" value="case"/>
		<feat xlink:href="#sPointingRel181" value="advmod"/>
		<feat xlink:href="#sPointingRel183" value="obl"/>
		<feat xlink:href="#sPointingRel185" value="dislocated"/>
		<feat xlink:href="#sPointingRel187" value="obl"/>
		<feat xlink:href="#sPointingRel189" value="advmod"/>
		<feat xlink:href="#sPointingRel191" value="fixed"/>
		<feat xlink:href="#sPointingRel193" value="csubj"/>
		<feat xlink:href="#sPointingRel195" value="obl"/>
		<feat xlink:href="#sPointingRel197" value="det"/>
		<feat xlink:href="#sPointingRel199" value="nsubj"/>
		<feat xlink:href="#sPointingRel201" value="obl"/>
		<feat xlink:href="#sPointingRel203" value="obl"/>
		<feat xlink:href="#sPointingRel205" value="nsubj"/>
		<feat xlink:href="#sPointingRel207" value="nmod"/>
		<feat xlink:href="#sPointingRel209" value="nsubj"/>
		<feat xlink:href="#sPointingRel211" value="advmod"/>
		<feat xlink:href="#sPointingRel213" value="obl"/>
		<feat xlink:href="#sPointingRel215" value="aux"/>
		<feat xlink:href="#sPointingRel217" value="obj"/>
		<feat xlink:href="#sPointingRel219" value="ccomp"/>
		<feat xlink:href="#sPointingRel221" value="nsubj"/>
		<feat xlink:href="#sPointingRel223" value="case"/>
		<feat xlink:href="#sPointingRel225" value="case"/>
		<feat xlink:href="#sPointingRel227" value="det"/>
		<feat xlink:href="#sPointingRel229" value="acl:relcl"/>
		<feat xlink:href="#sPointingRel231" value="det"/>
		<feat xlink:href="#sPointingRel233" value="obj"/>
		<feat xlink:href="#sPointingRel235" value="det"/>
		<feat xlink:href="#sPointingRel237" value="det"/>
		<feat xlink:href="#sPointingRel239" value="punct"/>
		<feat xlink:href="#sPointingRel241" value="advmod"/>
		<feat xlink:href="#sPointingRel243" value="nsubj"/>
		<feat xlink:href="#sPointingRel245" value="advmod"/>
		<feat xlink:href="#sPointingRel247" value="aux"/>
		<feat xlink:href="#sPointingRel249" value="mark"/>
		<feat xlink:href="#sPointingRel251" value="det"/>
		<feat xlink:href="#sPointingRel253" value="obj"/>
		<feat xlink:href="#sPointingRel255" value="obj"/>
		<feat xlink:href="#sPointingRel257" value="det"/>
		<feat xlink:href="#sPointingRel259" value="nsubj"/>
		<feat xlink:href="#sPointingRel261" value="nsubj"/>
		<feat xlink:href="#sPointingRel263" value="cc"/>
		<feat xlink:href="#sPointingRel265" value="det"/>
		<feat xlink:href="#sPointingRel267" value="aux"/>
		<feat xlink:href="#sPointingRel269" value="advmod"/>
		<feat xlink:href="#sPointingRel271" value="obl"/>
		<feat xlink:href="#sPointingRel273" value="obl"/>
		<feat xlink:href="#sPointingRel275" value="advmod"/>
		<feat xlink:href="#sPointingRel277" value="mark"/>
		<feat xlink:href="#sPointingRel279" value="mark"/>
		<feat xlink:href="#sPointingRel281" value="nsubj"/>
		<feat xlink:href="#sPointingRel283" value="conj"/>
		<feat xlink:href="#sPointingRel285" value="ccomp"/>
		<feat xlink:href="#sPointingRel287" value="case"/>
		<feat xlink:href="#sPointingRel289" value="acl:relcl"/>
		<feat xlink:href="#sPointingRel291" value="acl:relcl"/>
		<feat xlink:href="#sPointingRel293" value="case"/>
		<feat xlink:href="#sPointingRel295" value="aux"/>
		<feat xlink:href="#sPointingRel297" value="mark"/>
		<feat xlink:href="#sPointingRel299" value="nsubj"/>
		<feat xlink:href="#sPointingRel301" value="nsubj"/>
		<feat xlink:href="#sPointingRel303" value="aux"/>
		<feat xlink:href="#sPointingRel305" value="ccomp"/>
		<feat xlink:href="#sPointingRel307" value="ccomp"/>
		<feat xlink:href="#sPointingRel309" value="nsubj"/>
		<feat xlink:href="#sPointingRel311" value="conj"/>
		<feat xlink:href="#sPointingRel313" value="case"/>
		<feat xlink:href="#sPointingRel315" value="advcl"/>
		<feat xlink:href="#sPointingRel317" value="obl"/>
		<feat xlink:href="#sPointingRel319" value="det"/>
		<feat xlink:href="#sPointingRel321" value="nmod"/>
		<feat xlink:href="#sPointingRel323" value="mark"/>
		<feat xlink:href="#sPointingRel325" value="nsubj"/>
		<feat xlink:href="#sPointingRel327" value="case"/>
		<feat xlink:href="#sPointingRel329" value="det"/>
		<feat xlink:href="#sPointingRel331" value="case"/>
		<feat xlink:href="#sPointingRel333" value="obj"/>
		<feat xlink:href="#sPointingRel335" value="nsubj"/>
		<feat xlink:href="#sPointingRel337" value="det"/>
		<feat xlink:href="#sPointingRel339" value="punct"/>
		<feat xlink:href="#sPointingRel341" value="det"/>
		<feat xlink:href="#sPointingRel343" value="mark"/>
		<feat xlink:href="#sPointingRel345" value="mark"/>
		<feat xlink:href="#sPointingRel347" value="det"/>
		<feat xlink:href="#sPointingRel349" value="det"/>
		<feat xlink:href="#sPointingRel351" value="obj"/>
		<feat xlink:href="#sPointingRel353" value="det"/>
		<feat xlink:href="#sPointingRel355" value="cc"/>
		<feat xlink:href="#sPointingRel357" value="advcl"/>
		<feat xlink:href="#sPointingRel359" value="aux"/>
		<feat xlink:href="#sPointingRel361" value="aux"/>
		<feat xlink:href="#sPointingRel363" value="nsubj"/>
		<feat xlink:href="#sPointingRel365" value="case"/>
		<feat xlink:href="#sPointingRel367" value="obl"/>
		<feat xlink:href="#sPointingRel369" value="obj"/>
		<feat xlink:href="#sPointingRel371" value="punct"/>
		<feat xlink:href="#sPointingRel373" value="acl:relcl"/>
		<feat xlink:href="#sPointingRel375" value="advcl"/>
		<feat xlink:href="#sPointingRel377" value="obl"/>
		<feat xlink:href="#sPointingRel379" value="parataxis"/>
		<feat xlink:href="#sPointingRel381" value="punct"/>
		<feat xlink:href="#sPointingRel383" value="obl"/>
		<feat xlink:href="#sPointingRel385" value="acl:relcl"/>
		<feat xlink:href="#sPointingRel387" value="punct"/>
		<feat xlink:href="#sPointingRel389" value="cc"/>
		<feat xlink:href="#sPointingRel391" value="nsubj"/>
		<feat xlink:href="#sPointingRel393" value="acl:relcl"/>
		<feat xlink:href="#sPointingRel395" value="advmod"/>
		<feat xlink:href="#sPointingRel397" value="obl"/>
		<feat xlink:href="#sPointingRel399" value="case"/>
		<feat xlink:href="#sPointingRel401" value="case"/>
		<feat xlink:href="#sPointingRel403" value="xcomp"/>
		<feat xlink:href="#sPointingRel405" value="advcl"/>
		<feat xlink:href="#sPointingRel407" value="advmod"/>
		<feat xlink:href="#sPointingRel409" value="case"/>
		<feat xlink:href="#sPointingRel411" value="det"/>
		<feat xlink:href="#sPointingRel413" value="punct"/>
		<feat xlink:href="#sPointingRel415" value="obl"/>
		<feat xlink:href="#sPointingRel417" value="iobj"/>
		<feat xlink:href="#sPointingRel419" value="det"/>
		<feat xlink:href="#sPointingRel421" value="obj"/>
		<feat xlink:href="#sPointingRel423" value="obl"/>
		<feat xlink:href="#sPointingRel425" value="case"/>
		<feat xlink:href="#sPointingRel427" value="mark"/>
		<feat xlink:href="#sPointingRel429" value="det"/>
		<feat xlink:href="#sPointingRel431" value="advmod"/>
		<feat xlink:href="#sPointingRel433" value="det"/>
		<feat xlink:href="#sPointingRel435" value="cc"/>
		<feat xlink:href="#sPointingRel437" value="advmod"/>
		<feat xlink:href="#sPointingRel439" value="case"/>
		<feat xlink:href="#sPointingRel441" value="punct"/>
		<feat xlink:href="#sPointingRel443" value="punct"/>
		<feat xlink:href="#sPointingRel445" value="aux"/>
		<feat xlink:href="#sPointingRel447" value="obj"/>
		<feat xlink:href="#sPointingRel449" value="nsubj"/>
		<feat xlink:href="#sPointingRel451" value="nsubj"/>
		<feat xlink:href="#sPointingRel453" value="aux"/>
		<feat xlink:href="#sPointingRel455" value="punct"/>
		<feat xlink:href="#sPointingRel457" value="det"/>
		<feat xlink:href="#sPointingRel459" value="mark"/>
		<feat xlink:href="#sPointingRel461" value="punct"/>
		<feat xlink:href="#sPointingRel463" value="aux"/>
		<feat xlink:href="#sPointingRel465" value="det"/>
		<feat xlink:href="#sPointingRel467" value="cc"/>
		<feat xlink:href="#sPointingRel469" value="nsubj"/>
		<feat xlink:href="#sPointingRel471" value="advcl"/>
		<feat xlink:href="#sPointingRel473" value="nsubj"/>
		<feat xlink:href="#sPointingRel475" value="case"/>
		<feat xlink:href="#sPointingRel477" value="nsubj"/>
		<feat xlink:href="#sPointingRel479" value="csubj"/>
		<feat xlink:href="#sPointingRel481" value="nmod"/>
		<feat xlink:href="#sPointingRel483" value="det"/>
		<feat xlink:href="#sPointingRel485" value="case"/>
		<feat xlink:href="#sPointingRel487" value="mark"/>
		<feat xlink:href="#sPointingRel489" value="nsubj"/>
		<feat xlink:href="#sPointingRel491" value="cop"/>
		<feat xlink:href="#sPointingRel493" value="aux"/>
		<feat xlink:href="#sPointingRel495" value="punct"/>
		<feat xlink:href="#sPointingRel497" value="mark"/>
		<feat xlink:href="#sPointingRel499" value="det"/>
		<feat xlink:href="#sPointingRel501" value="advmod"/>
		<feat xlink:href="#sPointingRel503" value="det"/>
		<feat xlink:href="#sPointingRel505" value="punct"/>
		<feat xlink:href="#sPointingRel507" value="obl"/>
		<feat xlink:href="#sPointingRel509" value="parataxis"/>
		<feat xlink:href="#sPointingRel511" value="case"/>
		<feat xlink:href="#sPointingRel513" value="dislocated"/>
		<feat xlink:href="#sPointingRel515" value="discourse"/>
		<feat xlink:href="#sPointingRel517" value="obj"/>
		<feat xlink:href="#sPointingRel519" value="case"/>
		<feat xlink:href="#sPointingRel521" value="obj"/>
		<feat xlink:href="#sPointingRel523" value="nsubj"/>
		<feat xlink:href="#sPointingRel525" value="conj"/>
		<feat xlink:href="#sPointingRel527" value="obj"/>
		<feat xlink:href="#sPointingRel529" value="obl"/>
		<feat xlink:href="#sPointingRel531" value="mark"/>
		<feat xlink:href="#sPointingRel533" value="parataxis"/>
		<feat xlink:href="#sPointingRel535" value="mark"/>
		<feat xlink:href="#sPointingRel537" value="cc"/>
		<feat xlink:href="#sPointingRel539" value="mark"/>
		<feat xlink:href="#sPointingRel541" value="nsubj"/>
		<feat xlink:href="#sPointingRel543" value="acl:relcl"/>
		<feat xlink:href="#sPointingRel545" value="obj"/>
		<feat xlink:href="#sPointingRel547" value="advmod"/>
		<feat xlink:href="#sPointingRel549" value="nsubj"/>
		<feat xlink:href="#sPointingRel551" value="case"/>
		<feat xlink:href="#sPointingRel553" value="parataxis"/>
		<feat xlink:href="#sPointingRel555" value="punct"/>
		<feat xlink:href="#sPointingRel557" value="punct"/>
		<feat xlink:href="#sPointingRel559" value="advmod"/>
		<feat xlink:href="#sPointingRel561" value="ccomp"/>
		<feat xlink:href="#sPointingRel563" value="case"/>
		<feat xlink:href="#sPointingRel565" value="det"/>
		<feat xlink:href="#sPointingRel567" value="cc"/>
		<feat xlink:href="#sPointingRel569" value="case"/>
		<feat xlink:href="#sPointingRel571" value="punct"/>
		<feat xlink:href="#sPointingRel573" value="punct"/>
		<feat xlink:href="#sPointingRel575" value="dislocated"/>
		<feat xlink:href="#sPointingRel577" value="obl"/>
		<feat xlink:href="#sPointingRel579" value="case"/>
		<feat xlink:href="#sPointingRel581" value="nmod"/>
		<feat xlink:href="#sPointingRel583" value="advmod"/>
		<feat xlink:href="#sPointingRel585" value="obl"/>
		<feat xlink:href="#sPointingRel587" value="punct"/>
		<feat xlink:href="#sPointingRel589" value="det"/>
		<feat xlink:href="#sPointingRel591" value="punct"/>
		<feat xlink:href="#sPointingRel593" value="obl"/>
		<feat xlink:href="#sPointingRel595" value="obl"/>
		<feat xlink:href="#sPointingRel597" value="nmod"/>
		<feat xlink:href="#sPointingRel599" value="case"/>
		<feat xlink:href="#sPointingRel601" value="conj"/>
		<feat xlink:href="#sPointingRel603" value="acl:relcl"/>
		<feat xlink:href="#sPointingRel605" value="nsubj"/>
		<feat xlink:href="#sPointingRel607" value="cc"/>
		<feat xlink:href="#sPointingRel609" value="mark"/>
		<feat xlink:href="#sPointingRel611" value="case"/>
		<feat xlink:href="#sPointingRel613" value="cop"/>
		<feat xlink:href="#sPointingRel615" value="conj"/>
		<feat xlink:href="#sPointingRel617" value="case"/>
		<feat xlink:href="#sPointingRel619" value="dislocated"/>
		<feat xlink:href="#sPointingRel621" value="mark"/>
		<feat xlink:href="#sPointingRel623" value="nsubj"/>
		<feat xlink:href="#sPointingRel625" value="case"/>
		<feat xlink:href="#sPointingRel627" value="obl"/>
		<feat xlink:href="#sPointingRel629" value="aux"/>
		<feat xlink:href="#sPointingRel631" value="nsubj"/>
		<feat xlink:href="#sPointingRel633" value="aux"/>
		<feat xlink:href="#sPointingRel635" value="case"/>
		<feat xlink:href="#sPointingRel637" value="aux"/>
		<feat xlink:href="#sPointingRel639" value="det"/>
		<feat xlink:href="#sPointingRel641" value="det"/>
		<feat xlink:href="#sPointingRel643" value="det"/>
		<feat xlink:href="#sPointingRel645" value="obj"/>
		<feat xlink:href="#sPointingRel647" value="dislocated"/>
		<feat xlink:href="#sPointingRel649" value="cc"/>
		<feat xlink:href="#sPointingRel651" value="nsubj"/>
		<feat xlink:href="#sPointingRel653" value="punct"/>
		<feat xlink:href="#sPointingRel655" value="aux"/>
		<feat xlink:href="#sPointingRel657" value="nsubj"/>
		<feat xlink:href="#sPointingRel659" value="case"/>
		<feat xlink:href="#sPointingRel661" value="det"/>
		<feat xlink:href="#sPointingRel663" value="mark"/>
		<feat xlink:href="#sPointingRel665" value="obj"/>
		<feat xlink:href="#sPointingRel667" value="aux"/>
		<feat xlink:href="#sPointingRel669" value="cc"/>
		<feat xlink:href="#sPointingRel671" value="aux"/>
		<feat xlink:href="#sPointingRel673" value="xcomp"/>
		<feat xlink:href="#sPointingRel675" value="conj"/>
		<feat xlink:href="#sPointingRel677" value="det"/>
		<feat xlink:href="#sPointingRel679" value="aux"/>
		<feat xlink:href="#sPointingRel681" value="punct"/>
		<feat xlink:href="#sPointingRel683" value="advmod"/>
		<feat xlink:href="#sPointingRel685" value="acl:relcl"/>
		<feat xlink:href="#sPointingRel687" value="case"/>
		<feat xlink:href="#sPointingRel689" value="det"/>
		<feat xlink:href="#sPointingRel691" value="acl:relcl"/>
		<feat xlink:href="#sPointingRel693" value="case"/>
		<feat xlink:href="#sPointingRel695" value="mark"/>
		<feat xlink:href="#sPointingRel697" value="det"/>
		<feat xlink:href="#sPointingRel699" value="conj"/>
		<feat xlink:href="#sPointingRel701" value="det"/>
		<feat xlink:href="#sPointingRel703" value="advcl"/>
		<feat xlink:href="#sPointingRel705" value="nsubj"/>
		<feat xlink:href="#sPointingRel707" value="case"/>
		<feat xlink:href="#sPointingRel709" value="advmod"/>
		<feat xlink:href="#sPointingRel711" value="advmod"/>
		<feat xlink:href="#sPointingRel713" value="nmod"/>
		<feat xlink:href="#sPointingRel715" value="mark"/>
		<feat xlink:href="#sPointingRel717" value="case"/>
		<feat xlink:href="#sPointingRel719" value="punct"/>
		<feat xlink:href="#sPointingRel721" value="cc"/>
		<feat xlink:href="#sPointingRel723" value="advmod"/>
		<feat xlink:href="#sPointingRel725" value="case"/>
		<feat xlink:href="#sPointingRel727" value="obj"/>
		<feat xlink:href="#sPointingRel729" value="obl"/>
		<feat xlink:href="#sPointingRel731" value="mark"/>
		<feat xlink:href="#sPointingRel733" value="nmod"/>
		<feat xlink:href="#sPointingRel735" value="punct"/>
		<feat xlink:href="#sPointingRel737" value="case"/>
		<feat xlink:href="#sPointingRel739" value="case"/>
		<feat xlink:href="#sPointingRel741" value="case"/>
		<feat xlink:href="#sPointingRel743" value="nsubj"/>
		<feat xlink:href="#sPointingRel745" value="ccomp"/>
		<feat xlink:href="#sPointingRel747" value="cc"/>
		<feat xlink:href="#sPointingRel749" value="acl:relcl"/>
		<feat xlink:href="#sPointingRel751" value="punct"/>
		<feat xlink:href="#sPointingRel753" value="obl"/>
		<feat xlink:href="#sPointingRel755" value="advcl"/>
		<feat xlink:href="#sPointingRel757" value="obl"/>
		<feat xlink:href="#sPointingRel759" value="acl:relcl"/>
		<feat xlink:href="#sPointingRel761" value="mark"/>
		<feat xlink:href="#sPointingRel763" value="xcomp"/>
		<feat xlink:href="#sPointingRel765" value="csubj"/>
		<feat xlink:href="#sPointingRel767" value="case"/>
		<feat xlink:href="#sPointingRel769" value="obl"/>
		<feat xlink:href="#sPointingRel771" value="nsubj"/>
		<feat xlink:href="#sPointingRel773" value="acl:relcl"/>
		<feat xlink:href="#sPointingRel775" value="mark"/>
		<feat xlink:href="#sPointingRel777" value="nsubj"/>
		<feat xlink:href="#sPointingRel779" value="det"/>
		<feat xlink:href="#sPointingRel781" value="cop"/>
		<feat xlink:href="#sPointingRel783" value="nsubj"/>
		<feat xlink:href="#sPointingRel785" value="aux"/>
		<feat xlink:href="#sPointingRel787" value="mark"/>
		<feat xlink:href="#sPointingRel789" value="obj"/>
		<feat xlink:href="#sPointingRel791" value="obl"/>
		<feat xlink:href="#sPointingRel793" value="case"/>
		<feat xlink:href="#sPointingRel795" value="nsubj"/>
		<feat xlink:href="#sPointingRel797" value="acl:relcl"/>
		<feat xlink:href="#sPointingRel799" value="nsubj"/>
		<feat xlink:href="#sPointingRel801" value="mark"/>
		<feat xlink:href="#sPointingRel803" value="acl:relcl"/>
		<feat xlink:href="#sPointingRel805" value="mark"/>
		<feat xlink:href="#sPointingRel807" value="punct"/>
		<feat xlink:href="#sPointingRel809" value="advmod"/>
		<feat xlink:href="#sPointingRel811" value="mark"/>
		<feat xlink:href="#sPointingRel813" value="advmod"/>
		<feat xlink:href="#sPointingRel815" value="aux"/>
		<feat xlink:href="#sPointingRel817" value="mark"/></featList></paula>