<?xml version='1.0' encoding='UTF-8'?><!DOCTYPE paula SYSTEM "paula_feat.dtd">
<paula version="1.1">
	<header paula_id="scriptorium.GF31-32.mark_orig_group"/>
	<featList xmlns:xlink="http://www.w3.org/1999/xlink" type="orig_group" xml:base="scriptorium.GF31-32.mark.xml">
		<feat xlink:href="#sSpan7" value="ⲓⲟⲩⲇⲁⲓ̈"/>
		<feat xlink:href="#sSpan16" value="ⲙⲛ"/>
		<feat xlink:href="#sSpan21" value="ⲛϩⲉⲗⲗⲏⲛ"/>
		<feat xlink:href="#sSpan29" value="·"/>
		<feat xlink:href="#sSpan33" value="ⲁⲛⲉⲛϩⲃⲏⲩⲉ"/>
		<feat xlink:href="#sSpan43" value="ⲛⲥⲙⲛⲟⲛ"/>
		<feat xlink:href="#sSpan50" value="ϣⲱⲡⲉ"/>
		<feat xlink:href="#sSpan55" value="ⲛⲥⲱⲃⲉ"/>
		<feat xlink:href="#sSpan62" value="·"/>
		<feat xlink:href="#sSpan67" value="ⲁⲩⲱ"/>
		<feat xlink:href="#sSpan73" value="ⲟⲛ"/>
		<feat xlink:href="#sSpan77" value="ϫⲉⲱ"/>
		<feat xlink:href="#sSpan85" value="ⲡⲣⲱⲙⲉ"/>
		<feat xlink:href="#sSpan94" value="ⲓ︤ⲥ︥"/>
		<feat xlink:href="#sSpan98" value="ⲡⲉ"/>
		<feat xlink:href="#sSpan103" value="ⲧⲙⲉ"/>
		<feat xlink:href="#sSpan110" value="·"/>
		<feat xlink:href="#sSpan114" value="ⲙⲡⲉⲣϭⲱϣⲧ"/>
		<feat xlink:href="#sSpan122" value="ⲉⲣⲟⲓ"/>
		<feat xlink:href="#sSpan129" value="ⲁⲗⲗⲁ"/>
		<feat xlink:href="#sSpan133" value="ⲛⲥⲁⲓ︤ⲥ︥"/>
		<feat xlink:href="#sSpan142" value="·"/>
		<feat xlink:href="#sSpan146" value="ⲙⲡⲣⲙⲟⲩⲧⲉ"/>
		<feat xlink:href="#sSpan154" value="ⲉⲥⲁϩ"/>
		<feat xlink:href="#sSpan161" value="ⲛⲏⲧⲛ"/>
		<feat xlink:href="#sSpan167" value="ϩⲉⲓϫⲙⲡⲕⲁϩ"/>
		<feat xlink:href="#sSpan177" value="·"/>
		<feat xlink:href="#sSpan181" value="ⲛⲑⲉ"/>
		<feat xlink:href="#sSpan191" value="ⲉⲧⲉⲓ̈ⲛⲁⲁⲁⲥ"/>
		<feat xlink:href="#sSpan203" value="ⲙⲛⲧⲕ"/>
		<feat xlink:href="#sSpan211" value="ϩⲱⲃ"/>
		<feat xlink:href="#sSpan215" value="ⲛⲙⲙⲁⲓ"/>
		<feat xlink:href="#sSpan221" value="·"/>
		<feat xlink:href="#sSpan225" value="ⲛⲧⲉⲧⲛⲛϩⲙϩⲁⲗ"/>
		<feat xlink:href="#sSpan238" value="ⲁⲛ"/>
		<feat xlink:href="#sSpan243" value="ⲛⲣⲱⲙⲉ"/>
		<feat xlink:href="#sSpan249" value="·"/>
		<feat xlink:href="#sSpan253" value="ⲛⲧⲁⲩϣⲉⲡⲧⲏⲩⲧⲛ"/>
		<feat xlink:href="#sSpan267" value="ϩⲁⲟⲩⲁⲥⲟⲩ"/>
		<feat xlink:href="#sSpan277" value="·"/>
		<feat xlink:href="#sSpan283" value="ⲓ︤ⲥ︥"/>
		<feat xlink:href="#sSpan288" value="ⲡⲉⲛⲧⲁϥϯ"/>
		<feat xlink:href="#sSpan301" value="ⲙⲡⲉϥⲥⲛⲟϥ"/>
		<feat xlink:href="#sSpan311" value="ⲡⲉⲧⲙⲙⲁⲩ"/>
		<feat xlink:href="#sSpan319" value="ⲡⲉ"/>
		<feat xlink:href="#sSpan325" value="ⲡⲉⲧⲛϫⲟⲉⲓⲥ"/>
		<feat xlink:href="#sSpan331" value="·"/>
		<feat xlink:href="#sSpan336" value="ⲁⲩⲱ"/>
		<feat xlink:href="#sSpan342" value="ⲟⲛ"/>
		<feat xlink:href="#sSpan346" value="ϫⲉⲧⲁⲓⲭⲁ"/>
		<feat xlink:href="#sSpan353" value="ⲟⲩⲛϩⲟⲉⲓⲛⲉ"/>
		<feat xlink:href="#sSpan361" value="ϩⲙⲡⲧⲣⲉⲩⲥⲱⲧⲙ"/>
		<feat xlink:href="#sSpan375" value="ⲉⲣⲟⲓ"/>
		<feat xlink:href="#sSpan382" value="ⲥⲉⲛⲁϫⲟⲟⲥ"/>
		<feat xlink:href="#sSpan392" value="ϫⲉϯⲛⲁⲃⲱⲕ"/>
		<feat xlink:href="#sSpan404" value="ⲉⲃⲟⲗ"/>
		<feat xlink:href="#sSpan409" value="ⲧⲁⲧⲱⲣⲡ"/>
		<feat xlink:href="#sSpan416" value="ⲡⲉⲧⲧⲉⲓⲥⲃⲱ"/>
		<feat xlink:href="#sSpan430" value="ⲅⲁⲣ"/>
		<feat xlink:href="#sSpan434" value="ⲉϥⲟ"/>
		<feat xlink:href="#sSpan443" value="ⲛⲑⲉ"/>
		<feat xlink:href="#sSpan451" value="ⲙⲡⲉⲧⲡⲁⲣⲁⲕⲁⲗⲉⲓ"/>
		<feat xlink:href="#sSpan464" value="·"/>
		<feat xlink:href="#sSpan470" value="ⲧⲁⲭⲁ"/>
		<feat xlink:href="#sSpan477" value="ⲅⲁⲣ"/>
		<feat xlink:href="#sSpan481" value="ⲕϩⲏⲡ"/>
		<feat xlink:href="#sSpan488" value="ⲟⲡⲧⲉⲩⲉ"/>
		<feat xlink:href="#sSpan493" value="ϫⲉⲡⲉⲧϫⲱ"/>
		<feat xlink:href="#sSpan504" value="ⲛⲛⲁⲓ̈"/>
		<feat xlink:href="#sSpan512" value="ⲉⲥⲱⲁⲛⲧⲁϩⲟϥ"/>
		<feat xlink:href="#sSpan521" value="ⲛϥⲣⲙⲁⲓ̈ⲧⲟ"/>
		<feat xlink:href="#sSpan532" value="ⲛϩⲟⲩⲟ"/>
		<feat xlink:href="#sSpan539" value="·"/>
		<feat xlink:href="#sSpan543" value="ⲉϥⲛⲁⲡⲗⲉⲟⲛⲉⲕⲧⲉⲓ̈"/>
		<feat xlink:href="#sSpan555" value="·"/>
		<feat xlink:href="#sSpan559" value="ⲁⲩⲱ"/>
		<feat xlink:href="#sSpan565" value="ⲛⲉⲕⲡⲗⲁⲛⲁ"/>
		<feat xlink:href="#sSpan575" value="ⲁⲛ"/>
		<feat xlink:href="#sSpan579" value="ⲉⲕϫⲱ"/>
		<feat xlink:href="#sSpan587" value="ⲛⲛⲁⲓ̈"/>
		<feat xlink:href="#sSpan595" value="·"/>
		<feat xlink:href="#sSpan600" value="ⲉⲃⲟⲗ"/>
		<feat xlink:href="#sSpan607" value="ⲇⲉ"/>
		<feat xlink:href="#sSpan611" value="ⲟⲛ"/>
		<feat xlink:href="#sSpan615" value="ϫⲉⲟⲩⲛⲡⲉⲧⲙⲟⲥⲧⲉ"/>
		<feat xlink:href="#sSpan629" value="·"/>
		<feat xlink:href="#sSpan633" value="ⲁⲩⲱ"/>
		<feat xlink:href="#sSpan638" value="ⲟⲩⲛⲛⲉⲧⲕⲱⲙϣ"/>
		<feat xlink:href="#sSpan650" value="ⲛⲥⲁⲛⲉⲧϫⲱ"/>
		<feat xlink:href="#sSpan662" value="ⲛⲧⲙⲉ"/>
		<feat xlink:href="#sSpan672" value="ⲛⲟⲩⲟⲉⲓϣ"/>
		<feat xlink:href="#sSpan679" value="ⲛⲓⲙ"/>
		<feat xlink:href="#sSpan684" value="·"/>
		<feat xlink:href="#sSpan689" value="ⲡⲉϫⲁϥ"/>
		<feat xlink:href="#sSpan697" value="ϫⲉⲁⲛϫⲉⲡⲣⲱϣⲉ"/>
		<feat xlink:href="#sSpan713" value="·"/>
		<feat xlink:href="#sSpan717" value="ⲁⲛϫⲉⲡϣⲁϫⲉ"/>
		<feat xlink:href="#sSpan732" value="ϩⲛⲟⲩⲡⲁⲣⲣⲏⲥⲓ̈ⲁ"/>
		<feat xlink:href="#sSpan743" value="·"/>
		<feat xlink:href="#sSpan748" value="ⲡⲉⲧⲙⲟⲥⲧⲉ"/>
		<feat xlink:href="#sSpan758" value="ⲙⲁⲣⲉϥⲙⲟⲥⲧⲉ"/>
		<feat xlink:href="#sSpan767" value="·"/>
		<feat xlink:href="#sSpan771" value="ⲡⲉⲧⲙⲟⲕϩ"/>
		<feat xlink:href="#sSpan781" value="ⲛϩⲏⲧ"/>
		<feat xlink:href="#sSpan788" value="ⲙⲁⲣⲉϥⲙⲕⲁϩ"/>
		<feat xlink:href="#sSpan797" value="·"/>
		<feat xlink:href="#sSpan801" value="ⲛⲛⲁϯⲗⲟⲅⲟⲥ"/>
		<feat xlink:href="#sSpan819" value="ⲅⲁⲣ"/>
		<feat xlink:href="#sSpan823" value="ⲙ̄ⲡⲛⲟⲩⲧⲉ"/>
		<feat xlink:href="#sSpan833" value="·"/>
		<feat xlink:href="#sSpan837" value="ⲡⲙⲁ"/>
		<feat xlink:href="#sSpan845" value="ⲉⲧⲉⲙⲛⲛⲟⲩϥ"/>
		<feat xlink:href="#sSpan855" value="ⲛϩⲏⲧϥ"/>
		<feat xlink:href="#sSpan862" value="ⲟⲩⲇⲉ"/>
		<feat xlink:href="#sSpan869" value="ⲭⲣⲏⲙⲁ"/>
		<feat xlink:href="#sSpan873" value="ⲉϥⲛⲟⲩϫⲉ"/>
		<feat xlink:href="#sSpan883" value="ⲉⲃⲟⲗ"/>
		<feat xlink:href="#sSpan887" value="ⲛⲧⲙⲉ"/>
		<feat xlink:href="#sSpan897" value="·"/>
		<feat xlink:href="#sSpan902" value="ⲟⲩ"/>
		<feat xlink:href="#sSpan908" value="ⲙⲟⲛⲟⲛ"/>
		<feat xlink:href="#sSpan913" value="ϫⲉ̣ⲁϥϫⲉⲛⲁⲓ"/>
		<feat xlink:href="#sSpan927" value="ⲉⲧⲃⲏⲏⲧⲛ"/>
		<feat xlink:href="#sSpan934" value="ⲛⲉⲧϩⲙⲡⲏⲓ̈"/>
		<feat xlink:href="#sSpan950" value="ϩⲙⲡⲛⲟⲩⲧⲉ"/>
		<feat xlink:href="#sSpan960" value="·"/>
		<feat xlink:href="#sSpan965" value="ⲁⲗⲗⲁ"/>
		<feat xlink:href="#sSpan971" value="ⲛⲧⲉⲣⲉϥⲛⲁⲩ"/>
		<feat xlink:href="#sSpan979" value="ⲟⲛ"/>
		<feat xlink:href="#sSpan984" value="ϫⲉⲁⲙⲡⲉⲑⲟⲟⲩ"/>
		<feat xlink:href="#sSpan998" value="ⲁϣⲁⲓ̈"/>
		<feat xlink:href="#sSpan1003" value="̈ϩⲉⲓϫⲙⲡⲕⲁϩ"/>
		<feat xlink:href="#sSpan1013" value="·"/>
		<feat xlink:href="#sSpan1018" value="ⲙⲁⲗⲓⲥⲧⲁ"/>
		<feat xlink:href="#sSpan1023" value="ⲡϫⲓⲛϭⲟⲛⲥ"/>
		<feat xlink:href="#sSpan1033" value="·"/>
		<feat xlink:href="#sSpan1037" value="ⲉⲧⲃⲉⲧⲙⲛⲧⲙⲁⲓϩⲟⲙⲛⲧ"/>
		<feat xlink:href="#sSpan1051" value="·"/>
		<feat xlink:href="#sSpan1057" value="ⲁⲛϯⲧⲣⲉϥϫⲟⲟⲥ"/>
		<feat xlink:href="#sSpan1070" value="ϫⲉⲛⲛⲁⲃⲱⲕ"/>
		<feat xlink:href="#sSpan1082" value="ϣⲁⲡⲛⲟⲩⲧⲉ"/>
		<feat xlink:href="#sSpan1092" value="ⲛⲥⲟⲧⲡ"/>
		<feat xlink:href="#sSpan1099" value="ⲏ"/>
		<feat xlink:href="#sSpan1104" value="ⲛⲁⲛⲟⲩⲛ"/>
		<feat xlink:href="#sSpan1110" value="·"/>
		<feat xlink:href="#sSpan1115" value="ⲡⲉϫⲁϥ"/>
		<feat xlink:href="#sSpan1122" value="ϫⲉⲉⲛⲛⲁⲃⲱⲕ"/>
		<feat xlink:href="#sSpan1135" value="ⲛϩⲟⲟⲩ"/>
		<feat xlink:href="#sSpan1142" value="ⲛⲑⲉ"/>
		<feat xlink:href="#sSpan1150" value="ⲛⲧⲁⲛⲉⲓ"/>
		<feat xlink:href="#sSpan1161" value="ⲙⲙⲟⲥ"/>
		<feat xlink:href="#sSpan1167" value="ⲙⲡⲉⲛⲉⲛⲭⲣⲏⲙⲁ"/>
		<feat xlink:href="#sSpan1179" value="ⲅⲁⲣ"/>
		<feat xlink:href="#sSpan1184" value="ⲛⲛⲏⲩ"/>
		<feat xlink:href="#sSpan1188" value="·"/>
		<feat xlink:href="#sSpan1192" value="ⲁⲩⲱ"/>
		<feat xlink:href="#sSpan1197" value="ⲟⲛ"/>
		<feat xlink:href="#sSpan1202" value="ⲛⲉⲙⲛⲧⲁⲛⲛⲟⲃⲉ"/>
		<feat xlink:href="#sSpan1215" value="ⲙⲙⲁⲩ"/>
		<feat xlink:href="#sSpan1219" value="ⲟⲩⲇⲉ"/>
		<feat xlink:href="#sSpan1226" value="ⲛⲉⲭⲣⲏⲙⲁ"/>
		<feat xlink:href="#sSpan1233" value="·"/>
		<feat xlink:href="#sSpan1238" value="ⲧⲉⲛⲟⲩ"/>
		<feat xlink:href="#sSpan1244" value="ⲇⲉ"/>
		<feat xlink:href="#sSpan1249" value="ⲛⲉⲭⲣⲏⲙⲁ"/>
		<feat xlink:href="#sSpan1257" value="ⲛⲁϭⲱⲙ"/>
		<feat xlink:href="#sSpan1264" value="ⲡⲉⲓⲙⲁ"/>
		<feat xlink:href="#sSpan1271" value="·"/>
		<feat xlink:href="#sSpan1275" value="ⲙⲛ"/>
		<feat xlink:href="#sSpan1280" value="ⲛⲕⲉⲟⲩⲱϣ"/>
		<feat xlink:href="#sSpan1290" value="ⲧⲏⲣⲟⲩ"/>
		<feat xlink:href="#sSpan1296" value="ⲉⲧϣⲟⲩⲉⲓⲧ"/>
		<feat xlink:href="#sSpan1303" value="·"/>
		<feat xlink:href="#sSpan1308" value="ⲛⲛⲟⲃⲉ"/>
		<feat xlink:href="#sSpan1316" value="ⲇⲉ"/>
		<feat xlink:href="#sSpan1321" value="ⲥⲉⲛⲁⲉⲣϣⲟⲣⲡ"/>
		<feat xlink:href="#sSpan1331" value="ⲉⲣⲟⲛ"/>
		<feat xlink:href="#sSpan1338" value="·"/>
		<feat xlink:href="#sSpan1342" value="ⲁⲩⲱ"/>
		<feat xlink:href="#sSpan1347" value="ⲥⲉⲛⲏⲩ"/>
		<feat xlink:href="#sSpan1353" value="ⲛⲙⲙⲁⲛ"/>
		<feat xlink:href="#sSpan1360" value="·"/>
		<feat xlink:href="#sSpan1364" value="ⲁⲩⲱ"/>
		<feat xlink:href="#sSpan1369" value="ⲥⲉⲛⲁⲟⲩⲁϩⲟⲩ"/>
		<feat xlink:href="#sSpan1380" value="ⲛⲥⲱⲛ"/>
		<feat xlink:href="#sSpan1386" value="·"/>
		<feat xlink:href="#sSpan1392" value="ⲡⲗⲏⲛ"/>
		<feat xlink:href="#sSpan1398" value="ⲛⲓⲙ"/>
		<feat xlink:href="#sSpan1402" value="ⲡⲉⲧⲛⲁϣϣⲁϫⲉ"/>
		<feat xlink:href="#sSpan1415" value="ⲉⲧⲙⲛⲧⲧⲉⲗⲓⲟⲥ"/>
		<feat xlink:href="#sSpan1428" value="ⲙⲡⲣⲱⲙⲉ"/>
		<feat xlink:href="#sSpan1438" value="ⲉⲧⲙⲙⲁⲩ"/>
		<feat xlink:href="#sSpan1444" value="ⲙⲡⲛⲟⲩⲧⲉ"/>
		<feat xlink:href="#sSpan1454" value="·"/>
		<feat xlink:href="#sSpan1458" value="ⲙⲛ"/>
		<feat xlink:href="#sSpan1462" value="ⲛⲉϥϣⲁϫⲉ"/>
		<feat xlink:href="#sSpan1470" value="ⲧⲏⲣⲟⲩ"/>
		<feat xlink:href="#sSpan1476" value="ⲉⲧⲉⲙⲛϩⲏⲡⲟⲕⲣⲏⲥⲓⲥ"/>
		<feat xlink:href="#sSpan1488" value="ⲛϩⲏⲧⲟⲩ"/>
		<feat xlink:href="#sSpan1494" value="·"/>
		<feat xlink:href="#sSpan1499" value="ⲟⲩⲇⲉ"/>
		<feat xlink:href="#sSpan1505" value="ⲙⲛⲧⲣⲉϥⲁⲣⲉⲥ"/>
		<feat xlink:href="#sSpan1515" value="ⲛⲣⲱⲙⲉ"/>
		<feat xlink:href="#sSpan1523" value="ⲛⲣⲉϥϫⲓⲛϭⲟⲛⲥ"/>
		<feat xlink:href="#sSpan1534" value="·"/>
		<feat xlink:href="#sSpan1538" value="ϩⲉⲓϩⲉⲗⲗⲏ"/>
		<feat xlink:href="#sSpan1547" value="ⲛⲓⲙ"/>
		<feat xlink:href="#sSpan1551" value="·"/>
		<feat xlink:href="#sSpan1555" value="ⲙⲛϩⲁⲓⲣⲉⲥⲓⲥ"/>
		<feat xlink:href="#sSpan1564" value="ⲛⲓⲙ"/>
		<feat xlink:href="#sSpan1568" value="·"/>
		<feat xlink:href="#sSpan1572" value="ⲙⲛⲣⲱⲙⲉ"/>
		<feat xlink:href="#sSpan1580" value="ⲛⲓⲙ"/>
		<feat xlink:href="#sSpan1584" value="ⲉⲧⲉⲛⲥⲉⲥⲟⲩⲧⲱⲛ"/>
		<feat xlink:href="#sSpan1595" value="ⲁⲛ"/></featList></paula>