<?xml version='1.0' encoding='UTF-8'?><!DOCTYPE paula SYSTEM "paula_feat.dtd">
<paula version="1.1">
	<header paula_id="scriptorium.GF31-32.mark_morph"/>
	<featList xmlns:xlink="http://www.w3.org/1999/xlink" type="morph" xml:base="scriptorium.GF31-32.mark.xml">
		<feat xlink:href="#sSpan422" value="ϯ"/>
		<feat xlink:href="#sSpan425" value="ⲥⲃⲱ"/>
		<feat xlink:href="#sSpan524" value="ⲣ"/>
		<feat xlink:href="#sSpan527" value="ⲙⲁⲓ"/>
		<feat xlink:href="#sSpan528" value="ⲧⲟ"/>
		<feat xlink:href="#sSpan806" value="ϯ"/>
		<feat xlink:href="#sSpan810" value="ⲗⲟⲅⲟⲥ"/>
		<feat xlink:href="#sSpan990" value="ⲡ"/>
		<feat xlink:href="#sSpan993" value="ⲉⲧ"/>
		<feat xlink:href="#sSpan994" value="ϩⲟⲟⲩ"/>
		<feat xlink:href="#sSpan1025" value="ϫⲓ"/>
		<feat xlink:href="#sSpan1028" value="ⲛ"/>
		<feat xlink:href="#sSpan1029" value="ϭⲟⲛⲥ"/>
		<feat xlink:href="#sSpan1042" value="ⲙⲛⲧ"/>
		<feat xlink:href="#sSpan1045" value="ⲙⲁⲓ"/>
		<feat xlink:href="#sSpan1046" value="ϩⲟⲙⲛⲧ"/>
		<feat xlink:href="#sSpan1324" value="ⲣ"/>
		<feat xlink:href="#sSpan1327" value="ϣⲟⲣⲡ"/>
		<feat xlink:href="#sSpan1419" value="ⲙⲛⲧ"/>
		<feat xlink:href="#sSpan1422" value="ⲧⲉⲗⲓⲟⲥ"/>
		<feat xlink:href="#sSpan1524" value="ⲣⲉϥ"/>
		<feat xlink:href="#sSpan1527" value="ϫⲓ"/>
		<feat xlink:href="#sSpan1529" value="ⲛ"/>
		<feat xlink:href="#sSpan1530" value="ϭⲟⲛⲥ"/></featList></paula>