<?xml version='1.0' encoding='UTF-8'?><!DOCTYPE paula SYSTEM "paula_feat.dtd">
<paula version="1.1">
	<header paula_id="scriptorium.GF31-32.mark_entity"/>
	<featList xmlns:xlink="http://www.w3.org/1999/xlink" type="entity" xml:base="scriptorium.GF31-32.mark.xml">
		<feat xlink:href="#sSpan5" value="person"/>
		<feat xlink:href="#sSpan19" value="person"/>
		<feat xlink:href="#sSpan37" value="abstract"/>
		<feat xlink:href="#sSpan58" value="abstract"/>
		<feat xlink:href="#sSpan83" value="person"/>
		<feat xlink:href="#sSpan92" value="person"/>
		<feat xlink:href="#sSpan101" value="abstract"/>
		<feat xlink:href="#sSpan138" value="person"/>
		<feat xlink:href="#sSpan157" value="person"/>
		<feat xlink:href="#sSpan171" value="place"/>
		<feat xlink:href="#sSpan209" value="abstract"/>
		<feat xlink:href="#sSpan232" value="person"/>
		<feat xlink:href="#sSpan271" value="abstract"/>
		<feat xlink:href="#sSpan281" value="person"/>
		<feat xlink:href="#sSpan304" value="substance"/>
		<feat xlink:href="#sSpan323" value="person"/>
		<feat xlink:href="#sSpan357" value="person"/>
		<feat xlink:href="#sSpan365" value="event"/>
		<feat xlink:href="#sSpan414" value="person"/>
		<feat xlink:href="#sSpan454" value="person"/>
		<feat xlink:href="#sSpan496" value="person"/>
		<feat xlink:href="#sSpan508" value="person"/>
		<feat xlink:href="#sSpan590" value="person"/>
		<feat xlink:href="#sSpan620" value="person"/>
		<feat xlink:href="#sSpan642" value="person"/>
		<feat xlink:href="#sSpan654" value="person"/>
		<feat xlink:href="#sSpan665" value="abstract"/>
		<feat xlink:href="#sSpan675" value="time"/>
		<feat xlink:href="#sSpan706" value="abstract"/>
		<feat xlink:href="#sSpan725" value="abstract"/>
		<feat xlink:href="#sSpan735" value="abstract"/>
		<feat xlink:href="#sSpan746" value="person"/>
		<feat xlink:href="#sSpan772" value="person"/>
		<feat xlink:href="#sSpan826" value="person"/>
		<feat xlink:href="#sSpan838" value="place"/>
		<feat xlink:href="#sSpan851" value="abstract"/>
		<feat xlink:href="#sSpan867" value="abstract"/>
		<feat xlink:href="#sSpan890" value="abstract"/>
		<feat xlink:href="#sSpan923" value="abstract"/>
		<feat xlink:href="#sSpan935" value="person"/>
		<feat xlink:href="#sSpan942" value="place"/>
		<feat xlink:href="#sSpan954" value="person"/>
		<feat xlink:href="#sSpan989" value="abstract"/>
		<feat xlink:href="#sSpan1006" value="place"/>
		<feat xlink:href="#sSpan1021" value="abstract"/>
		<feat xlink:href="#sSpan1041" value="abstract"/>
		<feat xlink:href="#sSpan1085" value="person"/>
		<feat xlink:href="#sSpan1138" value="time"/>
		<feat xlink:href="#sSpan1171" value="abstract"/>
		<feat xlink:href="#sSpan1209" value="abstract"/>
		<feat xlink:href="#sSpan1224" value="abstract"/>
		<feat xlink:href="#sSpan1247" value="abstract"/>
		<feat xlink:href="#sSpan1262" value="place"/>
		<feat xlink:href="#sSpan1281" value="abstract"/>
		<feat xlink:href="#sSpan1306" value="abstract"/>
		<feat xlink:href="#sSpan1418" value="abstract"/>
		<feat xlink:href="#sSpan1431" value="person"/>
		<feat xlink:href="#sSpan1447" value="person"/>
		<feat xlink:href="#sSpan1463" value="abstract"/>
		<feat xlink:href="#sSpan1483" value="abstract"/>
		<feat xlink:href="#sSpan1519" value="person"/>
		<feat xlink:href="#sSpan1541" value="person"/>
		<feat xlink:href="#sSpan1559" value="abstract"/>
		<feat xlink:href="#sSpan1576" value="person"/></featList></paula>