<?xml version='1.0' encoding='UTF-8'?><!DOCTYPE paula SYSTEM "paula_feat.dtd">
<paula version="1.1">
	<header paula_id="scriptorium.shenoute.those.GF301-306.mark_note"/>
	<featList xmlns:xlink="http://www.w3.org/1999/xlink" type="note" xml:base="scriptorium.shenoute.those.GF301-306.mark.xml">
		<feat xlink:href="#sSpan27" value="Only the vaguest of traces after ⲡⲉⲛⲧⲁϥ: perhaps ⲉⲓⲛⲉ is to be expected?"/>
		<feat xlink:href="#sSpan32" value="Top margin left [ⲕ] Top margin right [ⲧⲁ]"/>
		<feat xlink:href="#sSpan474" value="ⲩ is written over a false start of ϥ"/>
		<feat xlink:href="#sSpan696" value="Top margin left [ⲧⲃ] Top margin right [ ]"/>
		<feat xlink:href="#sSpan964" value="Lacuna over ⲛ̣"/>
		<feat xlink:href="#sSpan1308" value="Top margin left vacat Top margin right [ⲧⲅ]"/>
		<feat xlink:href="#sSpan1685" value="lacuna at end of line"/>
		<feat xlink:href="#sSpan1984" value="Top margin left [ⲧⲇ] Top margin right vacat"/>
		<feat xlink:href="#sSpan2018" value="previous undeciphered trace is top right of a stroke"/>
		<feat xlink:href="#sSpan2031" value="Previous undeciphered trace is top right of a stroke (probably a vertical stroke)"/>
		<feat xlink:href="#sSpan2182" value="i.16b–305:i.20 ed. Zoega 1810, 431–432: note Zoega’s errors repeated exactly by Amélineau!"/>
		<feat xlink:href="#sSpan2226" value="CTS: tokenization, annotation uncertain"/>
		<feat xlink:href="#sSpan2665" value="Top margin left vacat Top margin right ⲧⲉ"/>
		<feat xlink:href="#sSpan2953" value="Offset from colored highlighting on the facing page gives a false impression that ⲉⲧ might have been cancelled"/>
		<feat xlink:href="#sSpan3042" value="Brakke reads ⲉⲣⲟⲟⲩ. Emmel: ⲉⲣⲟ with last two characters illegible"/>
		<feat xlink:href="#sSpan3351" value="Top margin left ⲧⲋ Top margin right vacat"/>
		<feat xlink:href="#sSpan3663" value="CTS: tokenization and tagging uncertain"/>
		<feat xlink:href="#sSpan3683" value="ⲡ corr. from ⲉ"/></featList></paula>