<?xml version='1.0' encoding='UTF-8'?><!DOCTYPE paula SYSTEM "paula_feat.dtd">
<paula version="1.1">
	<header paula_id="scriptorium.shenoute.those.GF301-306.mark_verse_n"/>
	<featList xmlns:xlink="http://www.w3.org/1999/xlink" type="verse_n" xml:base="scriptorium.shenoute.those.GF301-306.mark.xml">
		<feat xlink:href="#sSpan7" value="5"/>
		<feat xlink:href="#sSpan229" value="6"/>
		<feat xlink:href="#sSpan336" value="7"/>
		<feat xlink:href="#sSpan390" value="8"/>
		<feat xlink:href="#sSpan548" value="1"/>
		<feat xlink:href="#sSpan626" value="2"/>
		<feat xlink:href="#sSpan672" value="3"/>
		<feat xlink:href="#sSpan869" value="4"/>
		<feat xlink:href="#sSpan1074" value="5"/>
		<feat xlink:href="#sSpan1116" value="6"/>
		<feat xlink:href="#sSpan1155" value="7"/>
		<feat xlink:href="#sSpan1185" value="8"/>
		<feat xlink:href="#sSpan1241" value="9"/>
		<feat xlink:href="#sSpan1328" value="10"/>
		<feat xlink:href="#sSpan1532" value="11"/>
		<feat xlink:href="#sSpan1588" value="12"/>
		<feat xlink:href="#sSpan1614" value="13"/>
		<feat xlink:href="#sSpan1669" value="14"/>
		<feat xlink:href="#sSpan1702" value="15"/>
		<feat xlink:href="#sSpan1731" value="16"/>
		<feat xlink:href="#sSpan1771" value="1"/>
		<feat xlink:href="#sSpan1828" value="2"/>
		<feat xlink:href="#sSpan1954" value="3"/>
		<feat xlink:href="#sSpan2024" value="4"/>
		<feat xlink:href="#sSpan2049" value="5"/>
		<feat xlink:href="#sSpan2208" value="6"/>
		<feat xlink:href="#sSpan2350" value="7"/>
		<feat xlink:href="#sSpan2457" value="8"/>
		<feat xlink:href="#sSpan2575" value="9"/>
		<feat xlink:href="#sSpan2732" value="10"/>
		<feat xlink:href="#sSpan2814" value="11"/>
		<feat xlink:href="#sSpan3058" value="12"/>
		<feat xlink:href="#sSpan3073" value="1"/>
		<feat xlink:href="#sSpan3196" value="2"/>
		<feat xlink:href="#sSpan3230" value="3"/>
		<feat xlink:href="#sSpan3406" value="4"/>
		<feat xlink:href="#sSpan3707" value="1"/>
		<feat xlink:href="#sSpan3878" value="2"/>
		<feat xlink:href="#sSpan3953" value="3"/></featList></paula>