<?xml version='1.0' encoding='UTF-8'?><!DOCTYPE paula SYSTEM "paula_feat.dtd">
<paula version="1.1">
	<header paula_id="scriptorium.shenoute.those.GF301-306.mark_new_sent"/>
	<featList xmlns:xlink="http://www.w3.org/1999/xlink" type="new_sent" xml:base="scriptorium.shenoute.those.GF301-306.mark.xml">
		<feat xlink:href="#sSpan1" value="true"/>
		<feat xlink:href="#sSpan223" value="true"/>
		<feat xlink:href="#sSpan330" value="true"/>
		<feat xlink:href="#sSpan383" value="true"/>
		<feat xlink:href="#sSpan542" value="true"/>
		<feat xlink:href="#sSpan620" value="true"/>
		<feat xlink:href="#sSpan666" value="true"/>
		<feat xlink:href="#sSpan863" value="true"/>
		<feat xlink:href="#sSpan1068" value="true"/>
		<feat xlink:href="#sSpan1110" value="true"/>
		<feat xlink:href="#sSpan1150" value="true"/>
		<feat xlink:href="#sSpan1178" value="true"/>
		<feat xlink:href="#sSpan1235" value="true"/>
		<feat xlink:href="#sSpan1323" value="true"/>
		<feat xlink:href="#sSpan1526" value="true"/>
		<feat xlink:href="#sSpan1583" value="true"/>
		<feat xlink:href="#sSpan1608" value="true"/>
		<feat xlink:href="#sSpan1664" value="true"/>
		<feat xlink:href="#sSpan1696" value="true"/>
		<feat xlink:href="#sSpan1725" value="true"/>
		<feat xlink:href="#sSpan1765" value="true"/>
		<feat xlink:href="#sSpan1822" value="true"/>
		<feat xlink:href="#sSpan1948" value="true"/>
		<feat xlink:href="#sSpan2019" value="true"/>
		<feat xlink:href="#sSpan2042" value="true"/>
		<feat xlink:href="#sSpan2202" value="true"/>
		<feat xlink:href="#sSpan2345" value="true"/>
		<feat xlink:href="#sSpan2451" value="true"/>
		<feat xlink:href="#sSpan2569" value="true"/>
		<feat xlink:href="#sSpan2727" value="true"/>
		<feat xlink:href="#sSpan2808" value="true"/>
		<feat xlink:href="#sSpan3053" value="true"/>
		<feat xlink:href="#sSpan3067" value="true"/>
		<feat xlink:href="#sSpan3190" value="true"/>
		<feat xlink:href="#sSpan3224" value="true"/>
		<feat xlink:href="#sSpan3399" value="true"/>
		<feat xlink:href="#sSpan3700" value="true"/>
		<feat xlink:href="#sSpan3873" value="true"/>
		<feat xlink:href="#sSpan3947" value="true"/></featList></paula>