<?xml version='1.0' encoding='UTF-8'?><!DOCTYPE paula SYSTEM "paula_feat.dtd">
<paula version="1.1">
	<header paula_id="scriptorium.shenoute.those.GF301-306.mark_translation"/>
	<featList xmlns:xlink="http://www.w3.org/1999/xlink" type="translation" xml:base="scriptorium.shenoute.those.GF301-306.mark.xml">
		<feat xlink:href="#sSpan6" value="..."/>
		<feat xlink:href="#sSpan228" value="..."/>
		<feat xlink:href="#sSpan335" value="..."/>
		<feat xlink:href="#sSpan389" value="..."/>
		<feat xlink:href="#sSpan547" value="..."/>
		<feat xlink:href="#sSpan625" value="..."/>
		<feat xlink:href="#sSpan671" value="..."/>
		<feat xlink:href="#sSpan868" value="..."/>
		<feat xlink:href="#sSpan1073" value="..."/>
		<feat xlink:href="#sSpan1115" value="..."/>
		<feat xlink:href="#sSpan1154" value="..."/>
		<feat xlink:href="#sSpan1184" value="..."/>
		<feat xlink:href="#sSpan1240" value="..."/>
		<feat xlink:href="#sSpan1327" value="..."/>
		<feat xlink:href="#sSpan1531" value="..."/>
		<feat xlink:href="#sSpan1587" value="..."/>
		<feat xlink:href="#sSpan1613" value="..."/>
		<feat xlink:href="#sSpan1668" value="..."/>
		<feat xlink:href="#sSpan1701" value="..."/>
		<feat xlink:href="#sSpan1730" value="..."/>
		<feat xlink:href="#sSpan1770" value="..."/>
		<feat xlink:href="#sSpan1827" value="..."/>
		<feat xlink:href="#sSpan1953" value="..."/>
		<feat xlink:href="#sSpan2023" value="..."/>
		<feat xlink:href="#sSpan2048" value="..."/>
		<feat xlink:href="#sSpan2207" value="..."/>
		<feat xlink:href="#sSpan2349" value="..."/>
		<feat xlink:href="#sSpan2456" value="..."/>
		<feat xlink:href="#sSpan2574" value="..."/>
		<feat xlink:href="#sSpan2731" value="..."/>
		<feat xlink:href="#sSpan2813" value="..."/>
		<feat xlink:href="#sSpan3057" value="..."/>
		<feat xlink:href="#sSpan3072" value="..."/>
		<feat xlink:href="#sSpan3195" value="..."/>
		<feat xlink:href="#sSpan3229" value="..."/>
		<feat xlink:href="#sSpan3405" value="..."/>
		<feat xlink:href="#sSpan3706" value="..."/>
		<feat xlink:href="#sSpan3877" value="..."/>
		<feat xlink:href="#sSpan3952" value="..."/></featList></paula>