<?xml version='1.0' encoding='UTF-8'?><!DOCTYPE paula SYSTEM "paula_feat.dtd">
<paula version="1.1">
	<header paula_id="scriptorium.shenoute.those.GF301-306.mark_cb_n"/>
	<featList xmlns:xlink="http://www.w3.org/1999/xlink" type="cb_n" xml:base="scriptorium.shenoute.those.GF301-306.mark.xml">
		<feat xlink:href="#sSpan8" value="1"/>
		<feat xlink:href="#sSpan344" value="2"/>
		<feat xlink:href="#sSpan655" value="1"/>
		<feat xlink:href="#sSpan963" value="2"/>
		<feat xlink:href="#sSpan1313" value="1"/>
		<feat xlink:href="#sSpan1675" value="2"/>
		<feat xlink:href="#sSpan1991" value="1"/>
		<feat xlink:href="#sSpan2306" value="2"/>
		<feat xlink:href="#sSpan2667" value="1"/>
		<feat xlink:href="#sSpan3014" value="2"/>
		<feat xlink:href="#sSpan3353" value="1"/>
		<feat xlink:href="#sSpan3720" value="2"/></featList></paula>