<?xml version='1.0' encoding='UTF-8'?><!DOCTYPE paula SYSTEM "paula_feat.dtd">
<paula version="1.1">
	<header paula_id="scriptorium.shenoute.those.GF301-306.dep_func"/>
	<featList xmlns:xlink="http://www.w3.org/1999/xlink" type="func" xml:base="scriptorium.shenoute.those.GF301-306.dep.xml">
		<feat xlink:href="#sPointingRel1" value="case"/>
		<feat xlink:href="#sPointingRel3" value="det"/>
		<feat xlink:href="#sPointingRel5" value="nsubj"/>
		<feat xlink:href="#sPointingRel7" value="acl"/>
		<feat xlink:href="#sPointingRel9" value="det"/>
		<feat xlink:href="#sPointingRel11" value="det"/>
		<feat xlink:href="#sPointingRel13" value="nsubj"/>
		<feat xlink:href="#sPointingRel15" value="det"/>
		<feat xlink:href="#sPointingRel17" value="obj"/>
		<feat xlink:href="#sPointingRel19" value="dep"/>
		<feat xlink:href="#sPointingRel21" value="obj"/>
		<feat xlink:href="#sPointingRel23" value="nsubj"/>
		<feat xlink:href="#sPointingRel25" value="case"/>
		<feat xlink:href="#sPointingRel27" value="aux"/>
		<feat xlink:href="#sPointingRel29" value="appos"/>
		<feat xlink:href="#sPointingRel31" value="det"/>
		<feat xlink:href="#sPointingRel33" value="case"/>
		<feat xlink:href="#sPointingRel35" value="det"/>
		<feat xlink:href="#sPointingRel37" value="mark"/>
		<feat xlink:href="#sPointingRel39" value="conj"/>
		<feat xlink:href="#sPointingRel41" value="case"/>
		<feat xlink:href="#sPointingRel43" value="mark"/>
		<feat xlink:href="#sPointingRel45" value="case"/>
		<feat xlink:href="#sPointingRel47" value="det"/>
		<feat xlink:href="#sPointingRel49" value="case"/>
		<feat xlink:href="#sPointingRel51" value="obj"/>
		<feat xlink:href="#sPointingRel53" value="nsubj"/>
		<feat xlink:href="#sPointingRel55" value="conj"/>
		<feat xlink:href="#sPointingRel57" value="cc"/>
		<feat xlink:href="#sPointingRel59" value="conj"/>
		<feat xlink:href="#sPointingRel61" value="mark"/>
		<feat xlink:href="#sPointingRel63" value="acl"/>
		<feat xlink:href="#sPointingRel65" value="cc"/>
		<feat xlink:href="#sPointingRel67" value="appos"/>
		<feat xlink:href="#sPointingRel69" value="case"/>
		<feat xlink:href="#sPointingRel71" value="det"/>
		<feat xlink:href="#sPointingRel73" value="cc"/>
		<feat xlink:href="#sPointingRel75" value="appos"/>
		<feat xlink:href="#sPointingRel77" value="conj"/>
		<feat xlink:href="#sPointingRel79" value="advmod"/>
		<feat xlink:href="#sPointingRel81" value="aux"/>
		<feat xlink:href="#sPointingRel83" value="obl"/>
		<feat xlink:href="#sPointingRel85" value="case"/>
		<feat xlink:href="#sPointingRel87" value="case"/>
		<feat xlink:href="#sPointingRel89" value="nsubj"/>
		<feat xlink:href="#sPointingRel91" value="ccomp"/>
		<feat xlink:href="#sPointingRel93" value="case"/>
		<feat xlink:href="#sPointingRel95" value="cc"/>
		<feat xlink:href="#sPointingRel97" value="advmod"/>
		<feat xlink:href="#sPointingRel99" value="det"/>
		<feat xlink:href="#sPointingRel101" value="case"/>
		<feat xlink:href="#sPointingRel103" value="aux"/>
		<feat xlink:href="#sPointingRel105" value="mark"/>
		<feat xlink:href="#sPointingRel107" value="mark"/>
		<feat xlink:href="#sPointingRel109" value="mark"/>
		<feat xlink:href="#sPointingRel111" value="acl"/>
		<feat xlink:href="#sPointingRel113" value="case"/>
		<feat xlink:href="#sPointingRel115" value="xcomp"/>
		<feat xlink:href="#sPointingRel117" value="case"/>
		<feat xlink:href="#sPointingRel119" value="obl"/>
		<feat xlink:href="#sPointingRel121" value="case"/>
		<feat xlink:href="#sPointingRel123" value="case"/>
		<feat xlink:href="#sPointingRel125" value="case"/>
		<feat xlink:href="#sPointingRel127" value="case"/>
		<feat xlink:href="#sPointingRel129" value="obj"/>
		<feat xlink:href="#sPointingRel131" value="obj"/>
		<feat xlink:href="#sPointingRel133" value="nummod"/>
		<feat xlink:href="#sPointingRel135" value="nsubj"/>
		<feat xlink:href="#sPointingRel137" value="ccomp"/>
		<feat xlink:href="#sPointingRel139" value="advcl"/>
		<feat xlink:href="#sPointingRel141" value="advmod"/>
		<feat xlink:href="#sPointingRel143" value="nsubj"/>
		<feat xlink:href="#sPointingRel145" value="det"/>
		<feat xlink:href="#sPointingRel147" value="nsubj"/>
		<feat xlink:href="#sPointingRel149" value="det"/>
		<feat xlink:href="#sPointingRel151" value="obl"/>
		<feat xlink:href="#sPointingRel153" value="aux"/>
		<feat xlink:href="#sPointingRel155" value="cc"/>
		<feat xlink:href="#sPointingRel157" value="conj"/>
		<feat xlink:href="#sPointingRel159" value="conj"/>
		<feat xlink:href="#sPointingRel161" value="conj"/>
		<feat xlink:href="#sPointingRel163" value="det"/>
		<feat xlink:href="#sPointingRel165" value="cop"/>
		<feat xlink:href="#sPointingRel167" value="dislocated"/>
		<feat xlink:href="#sPointingRel169" value="xcomp"/>
		<feat xlink:href="#sPointingRel171" value="nsubj"/>
		<feat xlink:href="#sPointingRel173" value="mark"/>
		<feat xlink:href="#sPointingRel175" value="mark"/>
		<feat xlink:href="#sPointingRel177" value="nsubj"/>
		<feat xlink:href="#sPointingRel179" value="cc"/>
		<feat xlink:href="#sPointingRel181" value="mark"/>
		<feat xlink:href="#sPointingRel183" value="case"/>
		<feat xlink:href="#sPointingRel185" value="nsubj"/>
		<feat xlink:href="#sPointingRel187" value="obl"/>
		<feat xlink:href="#sPointingRel189" value="cc"/>
		<feat xlink:href="#sPointingRel191" value="nmod"/>
		<feat xlink:href="#sPointingRel193" value="obl"/>
		<feat xlink:href="#sPointingRel195" value="nmod"/>
		<feat xlink:href="#sPointingRel197" value="acl"/>
		<feat xlink:href="#sPointingRel199" value="det"/>
		<feat xlink:href="#sPointingRel201" value="det"/>
		<feat xlink:href="#sPointingRel203" value="det"/>
		<feat xlink:href="#sPointingRel205" value="obj"/>
		<feat xlink:href="#sPointingRel207" value="mark"/>
		<feat xlink:href="#sPointingRel209" value="nmod"/>
		<feat xlink:href="#sPointingRel211" value="obl"/>
		<feat xlink:href="#sPointingRel213" value="det"/>
		<feat xlink:href="#sPointingRel215" value="advmod"/>
		<feat xlink:href="#sPointingRel217" value="det"/>
		<feat xlink:href="#sPointingRel219" value="conj"/>
		<feat xlink:href="#sPointingRel221" value="det"/>
		<feat xlink:href="#sPointingRel223" value="nmod"/>
		<feat xlink:href="#sPointingRel225" value="advmod"/>
		<feat xlink:href="#sPointingRel227" value="case"/>
		<feat xlink:href="#sPointingRel229" value="case"/>
		<feat xlink:href="#sPointingRel231" value="conj"/>
		<feat xlink:href="#sPointingRel233" value="cc"/>
		<feat xlink:href="#sPointingRel235" value="det"/>
		<feat xlink:href="#sPointingRel237" value="cc"/>
		<feat xlink:href="#sPointingRel239" value="obj"/>
		<feat xlink:href="#sPointingRel241" value="aux"/>
		<feat xlink:href="#sPointingRel243" value="obj"/>
		<feat xlink:href="#sPointingRel245" value="obl"/>
		<feat xlink:href="#sPointingRel247" value="det"/>
		<feat xlink:href="#sPointingRel249" value="advmod"/>
		<feat xlink:href="#sPointingRel251" value="det"/>
		<feat xlink:href="#sPointingRel253" value="det"/>
		<feat xlink:href="#sPointingRel255" value="aux"/>
		<feat xlink:href="#sPointingRel257" value="det"/>
		<feat xlink:href="#sPointingRel259" value="det"/>
		<feat xlink:href="#sPointingRel261" value="case"/>
		<feat xlink:href="#sPointingRel263" value="ccomp"/>
		<feat xlink:href="#sPointingRel265" value="csubj"/>
		<feat xlink:href="#sPointingRel267" value="det"/>
		<feat xlink:href="#sPointingRel269" value="det"/>
		<feat xlink:href="#sPointingRel271" value="dep"/>
		<feat xlink:href="#sPointingRel273" value="aux"/>
		<feat xlink:href="#sPointingRel275" value="mark"/>
		<feat xlink:href="#sPointingRel277" value="nsubj"/>
		<feat xlink:href="#sPointingRel279" value="nsubj"/>
		<feat xlink:href="#sPointingRel281" value="obj"/>
		<feat xlink:href="#sPointingRel283" value="acl"/>
		<feat xlink:href="#sPointingRel285" value="aux"/>
		<feat xlink:href="#sPointingRel287" value="dep"/>
		<feat xlink:href="#sPointingRel289" value="nsubj"/>
		<feat xlink:href="#sPointingRel291" value="nmod"/>
		<feat xlink:href="#sPointingRel293" value="det"/>
		<feat xlink:href="#sPointingRel295" value="cc"/>
		<feat xlink:href="#sPointingRel297" value="obl"/>
		<feat xlink:href="#sPointingRel299" value="obj"/>
		<feat xlink:href="#sPointingRel301" value="obl"/>
		<feat xlink:href="#sPointingRel303" value="case"/>
		<feat xlink:href="#sPointingRel305" value="det"/>
		<feat xlink:href="#sPointingRel307" value="det"/>
		<feat xlink:href="#sPointingRel309" value="obl"/>
		<feat xlink:href="#sPointingRel311" value="case"/>
		<feat xlink:href="#sPointingRel313" value="obj"/>
		<feat xlink:href="#sPointingRel315" value="mark"/>
		<feat xlink:href="#sPointingRel317" value="mark"/>
		<feat xlink:href="#sPointingRel319" value="parataxis"/>
		<feat xlink:href="#sPointingRel321" value="obj"/>
		<feat xlink:href="#sPointingRel323" value="det"/>
		<feat xlink:href="#sPointingRel325" value="obj"/>
		<feat xlink:href="#sPointingRel327" value="aux"/>
		<feat xlink:href="#sPointingRel329" value="mark"/>
		<feat xlink:href="#sPointingRel331" value="nsubj"/>
		<feat xlink:href="#sPointingRel333" value="nsubj"/>
		<feat xlink:href="#sPointingRel335" value="nsubj"/>
		<feat xlink:href="#sPointingRel337" value="nsubj"/>
		<feat xlink:href="#sPointingRel339" value="mark"/>
		<feat xlink:href="#sPointingRel341" value="appos"/>
		<feat xlink:href="#sPointingRel343" value="aux"/>
		<feat xlink:href="#sPointingRel345" value="case"/>
		<feat xlink:href="#sPointingRel347" value="obl"/>
		<feat xlink:href="#sPointingRel349" value="aux"/>
		<feat xlink:href="#sPointingRel351" value="det"/>
		<feat xlink:href="#sPointingRel353" value="nsubj"/>
		<feat xlink:href="#sPointingRel355" value="nsubj"/>
		<feat xlink:href="#sPointingRel357" value="mark"/>
		<feat xlink:href="#sPointingRel359" value="det"/>
		<feat xlink:href="#sPointingRel361" value="obj"/>
		<feat xlink:href="#sPointingRel363" value="obj"/>
		<feat xlink:href="#sPointingRel365" value="det"/>
		<feat xlink:href="#sPointingRel367" value="nsubj"/>
		<feat xlink:href="#sPointingRel369" value="case"/>
		<feat xlink:href="#sPointingRel371" value="case"/>
		<feat xlink:href="#sPointingRel373" value="aux"/>
		<feat xlink:href="#sPointingRel375" value="det"/>
		<feat xlink:href="#sPointingRel377" value="det"/>
		<feat xlink:href="#sPointingRel379" value="case"/>
		<feat xlink:href="#sPointingRel381" value="case"/>
		<feat xlink:href="#sPointingRel383" value="advcl"/>
		<feat xlink:href="#sPointingRel385" value="case"/>
		<feat xlink:href="#sPointingRel387" value="conj"/>
		<feat xlink:href="#sPointingRel389" value="obl"/>
		<feat xlink:href="#sPointingRel391" value="xcomp"/>
		<feat xlink:href="#sPointingRel393" value="mark"/>
		<feat xlink:href="#sPointingRel395" value="det"/>
		<feat xlink:href="#sPointingRel397" value="xcomp"/>
		<feat xlink:href="#sPointingRel399" value="case"/>
		<feat xlink:href="#sPointingRel401" value="det"/>
		<feat xlink:href="#sPointingRel403" value="nsubj"/>
		<feat xlink:href="#sPointingRel405" value="cc"/>
		<feat xlink:href="#sPointingRel407" value="nmod"/>
		<feat xlink:href="#sPointingRel409" value="det"/>
		<feat xlink:href="#sPointingRel411" value="obl:npmod"/>
		<feat xlink:href="#sPointingRel413" value="mark"/>
		<feat xlink:href="#sPointingRel415" value="aux"/>
		<feat xlink:href="#sPointingRel417" value="det"/>
		<feat xlink:href="#sPointingRel419" value="obj"/>
		<feat xlink:href="#sPointingRel421" value="conj"/>
		<feat xlink:href="#sPointingRel423" value="det"/>
		<feat xlink:href="#sPointingRel425" value="conj"/>
		<feat xlink:href="#sPointingRel427" value="det"/>
		<feat xlink:href="#sPointingRel429" value="mark"/>
		<feat xlink:href="#sPointingRel431" value="nsubj"/>
		<feat xlink:href="#sPointingRel433" value="appos"/>
		<feat xlink:href="#sPointingRel435" value="nmod"/>
		<feat xlink:href="#sPointingRel437" value="nsubj"/>
		<feat xlink:href="#sPointingRel439" value="nmod"/>
		<feat xlink:href="#sPointingRel441" value="flat"/>
		<feat xlink:href="#sPointingRel443" value="case"/>
		<feat xlink:href="#sPointingRel445" value="obl"/>
		<feat xlink:href="#sPointingRel447" value="case"/>
		<feat xlink:href="#sPointingRel449" value="mark"/>
		<feat xlink:href="#sPointingRel451" value="nmod"/>
		<feat xlink:href="#sPointingRel453" value="obl"/>
		<feat xlink:href="#sPointingRel455" value="det"/>
		<feat xlink:href="#sPointingRel457" value="det"/>
		<feat xlink:href="#sPointingRel459" value="obl"/>
		<feat xlink:href="#sPointingRel461" value="xcomp"/>
		<feat xlink:href="#sPointingRel463" value="nmod"/>
		<feat xlink:href="#sPointingRel465" value="mark"/>
		<feat xlink:href="#sPointingRel467" value="xcomp"/>
		<feat xlink:href="#sPointingRel469" value="det"/>
		<feat xlink:href="#sPointingRel471" value="appos"/>
		<feat xlink:href="#sPointingRel473" value="case"/>
		<feat xlink:href="#sPointingRel475" value="det"/>
		<feat xlink:href="#sPointingRel477" value="mark"/>
		<feat xlink:href="#sPointingRel479" value="fixed"/>
		<feat xlink:href="#sPointingRel481" value="advmod"/>
		<feat xlink:href="#sPointingRel483" value="obl"/>
		<feat xlink:href="#sPointingRel485" value="mark"/>
		<feat xlink:href="#sPointingRel487" value="conj"/>
		<feat xlink:href="#sPointingRel489" value="nummod"/>
		<feat xlink:href="#sPointingRel491" value="dep"/>
		<feat xlink:href="#sPointingRel493" value="case"/>
		<feat xlink:href="#sPointingRel495" value="det"/>
		<feat xlink:href="#sPointingRel497" value="conj"/>
		<feat xlink:href="#sPointingRel499" value="det"/>
		<feat xlink:href="#sPointingRel501" value="det"/>
		<feat xlink:href="#sPointingRel503" value="ccomp"/>
		<feat xlink:href="#sPointingRel505" value="det"/>
		<feat xlink:href="#sPointingRel507" value="advmod"/>
		<feat xlink:href="#sPointingRel509" value="case"/>
		<feat xlink:href="#sPointingRel511" value="cc"/>
		<feat xlink:href="#sPointingRel513" value="dep"/>
		<feat xlink:href="#sPointingRel515" value="mark"/>
		<feat xlink:href="#sPointingRel517" value="obj"/>
		<feat xlink:href="#sPointingRel519" value="det"/>
		<feat xlink:href="#sPointingRel521" value="advmod"/>
		<feat xlink:href="#sPointingRel523" value="det"/>
		<feat xlink:href="#sPointingRel525" value="mark"/>
		<feat xlink:href="#sPointingRel527" value="mark"/>
		<feat xlink:href="#sPointingRel529" value="det"/>
		<feat xlink:href="#sPointingRel531" value="dislocated"/>
		<feat xlink:href="#sPointingRel533" value="obj"/>
		<feat xlink:href="#sPointingRel535" value="mark"/>
		<feat xlink:href="#sPointingRel537" value="iobj"/>
		<feat xlink:href="#sPointingRel539" value="mark"/>
		<feat xlink:href="#sPointingRel541" value="det"/>
		<feat xlink:href="#sPointingRel543" value="mark"/>
		<feat xlink:href="#sPointingRel545" value="mark"/>
		<feat xlink:href="#sPointingRel547" value="case"/>
		<feat xlink:href="#sPointingRel549" value="nsubj"/>
		<feat xlink:href="#sPointingRel551" value="case"/>
		<feat xlink:href="#sPointingRel553" value="acl"/>
		<feat xlink:href="#sPointingRel555" value="advmod"/>
		<feat xlink:href="#sPointingRel557" value="conj"/>
		<feat xlink:href="#sPointingRel559" value="obl"/>
		<feat xlink:href="#sPointingRel561" value="mark"/>
		<feat xlink:href="#sPointingRel563" value="fixed"/>
		<feat xlink:href="#sPointingRel565" value="mark"/>
		<feat xlink:href="#sPointingRel567" value="nsubj"/>
		<feat xlink:href="#sPointingRel569" value="det"/>
		<feat xlink:href="#sPointingRel571" value="case"/>
		<feat xlink:href="#sPointingRel573" value="cc"/>
		<feat xlink:href="#sPointingRel575" value="case"/>
		<feat xlink:href="#sPointingRel577" value="obl"/>
		<feat xlink:href="#sPointingRel579" value="mark"/>
		<feat xlink:href="#sPointingRel581" value="nsubj"/>
		<feat xlink:href="#sPointingRel583" value="obj"/>
		<feat xlink:href="#sPointingRel585" value="nsubj"/>
		<feat xlink:href="#sPointingRel587" value="det"/>
		<feat xlink:href="#sPointingRel589" value="mark"/>
		<feat xlink:href="#sPointingRel591" value="obj"/>
		<feat xlink:href="#sPointingRel593" value="ccomp"/>
		<feat xlink:href="#sPointingRel595" value="case"/>
		<feat xlink:href="#sPointingRel597" value="aux"/>
		<feat xlink:href="#sPointingRel599" value="aux"/>
		<feat xlink:href="#sPointingRel601" value="acl"/>
		<feat xlink:href="#sPointingRel603" value="cc"/>
		<feat xlink:href="#sPointingRel605" value="cop"/>
		<feat xlink:href="#sPointingRel607" value="nmod"/>
		<feat xlink:href="#sPointingRel609" value="obj"/>
		<feat xlink:href="#sPointingRel611" value="obl"/>
		<feat xlink:href="#sPointingRel613" value="nummod"/>
		<feat xlink:href="#sPointingRel615" value="case"/>
		<feat xlink:href="#sPointingRel617" value="case"/>
		<feat xlink:href="#sPointingRel619" value="nsubj"/>
		<feat xlink:href="#sPointingRel621" value="mark"/>
		<feat xlink:href="#sPointingRel623" value="obj"/>
		<feat xlink:href="#sPointingRel625" value="xcomp"/>
		<feat xlink:href="#sPointingRel627" value="advmod"/>
		<feat xlink:href="#sPointingRel629" value="obj"/>
		<feat xlink:href="#sPointingRel631" value="advmod"/>
		<feat xlink:href="#sPointingRel633" value="mark"/>
		<feat xlink:href="#sPointingRel635" value="cc"/>
		<feat xlink:href="#sPointingRel637" value="case"/>
		<feat xlink:href="#sPointingRel639" value="mark"/>
		<feat xlink:href="#sPointingRel641" value="dislocated"/>
		<feat xlink:href="#sPointingRel643" value="det"/>
		<feat xlink:href="#sPointingRel645" value="conj"/>
		<feat xlink:href="#sPointingRel647" value="det"/>
		<feat xlink:href="#sPointingRel649" value="ccomp"/>
		<feat xlink:href="#sPointingRel651" value="cc"/>
		<feat xlink:href="#sPointingRel653" value="obl"/>
		<feat xlink:href="#sPointingRel655" value="det"/>
		<feat xlink:href="#sPointingRel657" value="obl"/>
		<feat xlink:href="#sPointingRel659" value="nsubj"/>
		<feat xlink:href="#sPointingRel661" value="nsubj"/>
		<feat xlink:href="#sPointingRel663" value="obj"/>
		<feat xlink:href="#sPointingRel665" value="acl"/>
		<feat xlink:href="#sPointingRel667" value="obj"/>
		<feat xlink:href="#sPointingRel669" value="case"/>
		<feat xlink:href="#sPointingRel671" value="cc"/>
		<feat xlink:href="#sPointingRel673" value="obj"/>
		<feat xlink:href="#sPointingRel675" value="case"/>
		<feat xlink:href="#sPointingRel677" value="advcl"/>
		<feat xlink:href="#sPointingRel679" value="aux"/>
		<feat xlink:href="#sPointingRel681" value="nsubj"/>
		<feat xlink:href="#sPointingRel683" value="mark"/>
		<feat xlink:href="#sPointingRel685" value="det"/>
		<feat xlink:href="#sPointingRel687" value="case"/>
		<feat xlink:href="#sPointingRel689" value="mark"/>
		<feat xlink:href="#sPointingRel691" value="case"/>
		<feat xlink:href="#sPointingRel693" value="mark"/>
		<feat xlink:href="#sPointingRel695" value="advcl"/>
		<feat xlink:href="#sPointingRel697" value="obl"/>
		<feat xlink:href="#sPointingRel699" value="case"/>
		<feat xlink:href="#sPointingRel701" value="case"/>
		<feat xlink:href="#sPointingRel703" value="mark"/>
		<feat xlink:href="#sPointingRel705" value="parataxis"/>
		<feat xlink:href="#sPointingRel707" value="conj"/>
		<feat xlink:href="#sPointingRel709" value="mark"/>
		<feat xlink:href="#sPointingRel711" value="acl"/>
		<feat xlink:href="#sPointingRel713" value="det"/>
		<feat xlink:href="#sPointingRel715" value="nmod"/>
		<feat xlink:href="#sPointingRel717" value="conj"/>
		<feat xlink:href="#sPointingRel719" value="mark"/>
		<feat xlink:href="#sPointingRel721" value="parataxis"/>
		<feat xlink:href="#sPointingRel723" value="case"/>
		<feat xlink:href="#sPointingRel725" value="aux"/>
		<feat xlink:href="#sPointingRel727" value="case"/>
		<feat xlink:href="#sPointingRel729" value="aux"/>
		<feat xlink:href="#sPointingRel731" value="aux"/>
		<feat xlink:href="#sPointingRel733" value="dislocated"/>
		<feat xlink:href="#sPointingRel735" value="det"/>
		<feat xlink:href="#sPointingRel737" value="obl"/>
		<feat xlink:href="#sPointingRel739" value="advmod"/>
		<feat xlink:href="#sPointingRel741" value="obj"/>
		<feat xlink:href="#sPointingRel743" value="obj"/>
		<feat xlink:href="#sPointingRel745" value="det"/>
		<feat xlink:href="#sPointingRel747" value="case"/>
		<feat xlink:href="#sPointingRel749" value="fixed"/>
		<feat xlink:href="#sPointingRel751" value="advmod"/>
		<feat xlink:href="#sPointingRel753" value="case"/>
		<feat xlink:href="#sPointingRel755" value="nmod"/>
		<feat xlink:href="#sPointingRel757" value="advcl"/>
		<feat xlink:href="#sPointingRel759" value="advmod"/>
		<feat xlink:href="#sPointingRel761" value="det"/>
		<feat xlink:href="#sPointingRel763" value="advmod"/>
		<feat xlink:href="#sPointingRel765" value="case"/>
		<feat xlink:href="#sPointingRel767" value="obl"/>
		<feat xlink:href="#sPointingRel769" value="mark"/>
		<feat xlink:href="#sPointingRel771" value="mark"/>
		<feat xlink:href="#sPointingRel773" value="obj"/>
		<feat xlink:href="#sPointingRel775" value="mark"/>
		<feat xlink:href="#sPointingRel777" value="det"/>
		<feat xlink:href="#sPointingRel779" value="case"/>
		<feat xlink:href="#sPointingRel781" value="nsubj"/>
		<feat xlink:href="#sPointingRel783" value="nsubj"/>
		<feat xlink:href="#sPointingRel785" value="case"/>
		<feat xlink:href="#sPointingRel787" value="conj"/>
		<feat xlink:href="#sPointingRel789" value="mark"/>
		<feat xlink:href="#sPointingRel791" value="advcl"/>
		<feat xlink:href="#sPointingRel793" value="aux"/>
		<feat xlink:href="#sPointingRel795" value="det"/>
		<feat xlink:href="#sPointingRel797" value="mark"/>
		<feat xlink:href="#sPointingRel799" value="mark"/>
		<feat xlink:href="#sPointingRel801" value="nsubj"/>
		<feat xlink:href="#sPointingRel803" value="case"/>
		<feat xlink:href="#sPointingRel805" value="conj"/>
		<feat xlink:href="#sPointingRel807" value="nmod"/>
		<feat xlink:href="#sPointingRel809" value="case"/>
		<feat xlink:href="#sPointingRel811" value="det"/>
		<feat xlink:href="#sPointingRel813" value="case"/>
		<feat xlink:href="#sPointingRel815" value="nsubj"/>
		<feat xlink:href="#sPointingRel817" value="acl"/>
		<feat xlink:href="#sPointingRel819" value="mark"/>
		<feat xlink:href="#sPointingRel821" value="obl"/>
		<feat xlink:href="#sPointingRel823" value="obj"/>
		<feat xlink:href="#sPointingRel825" value="aux"/>
		<feat xlink:href="#sPointingRel827" value="ccomp"/>
		<feat xlink:href="#sPointingRel829" value="advmod"/>
		<feat xlink:href="#sPointingRel831" value="aux"/>
		<feat xlink:href="#sPointingRel833" value="det"/>
		<feat xlink:href="#sPointingRel835" value="det"/>
		<feat xlink:href="#sPointingRel837" value="obj"/>
		<feat xlink:href="#sPointingRel839" value="ccomp"/>
		<feat xlink:href="#sPointingRel841" value="acl"/>
		<feat xlink:href="#sPointingRel843" value="nmod"/>
		<feat xlink:href="#sPointingRel845" value="dep"/>
		<feat xlink:href="#sPointingRel847" value="mark"/>
		<feat xlink:href="#sPointingRel849" value="det"/>
		<feat xlink:href="#sPointingRel851" value="cc"/>
		<feat xlink:href="#sPointingRel853" value="obj"/>
		<feat xlink:href="#sPointingRel855" value="case"/>
		<feat xlink:href="#sPointingRel857" value="obl"/>
		<feat xlink:href="#sPointingRel859" value="cc"/>
		<feat xlink:href="#sPointingRel861" value="det"/>
		<feat xlink:href="#sPointingRel863" value="aux"/>
		<feat xlink:href="#sPointingRel865" value="mark"/>
		<feat xlink:href="#sPointingRel867" value="det"/>
		<feat xlink:href="#sPointingRel869" value="cop"/>
		<feat xlink:href="#sPointingRel871" value="nmod"/>
		<feat xlink:href="#sPointingRel873" value="case"/>
		<feat xlink:href="#sPointingRel875" value="obl"/>
		<feat xlink:href="#sPointingRel877" value="mark"/>
		<feat xlink:href="#sPointingRel879" value="case"/>
		<feat xlink:href="#sPointingRel881" value="obl"/>
		<feat xlink:href="#sPointingRel883" value="conj"/>
		<feat xlink:href="#sPointingRel885" value="case"/>
		<feat xlink:href="#sPointingRel887" value="conj"/>
		<feat xlink:href="#sPointingRel889" value="cc"/>
		<feat xlink:href="#sPointingRel891" value="acl"/>
		<feat xlink:href="#sPointingRel893" value="mark"/>
		<feat xlink:href="#sPointingRel895" value="det"/>
		<feat xlink:href="#sPointingRel897" value="obl"/>
		<feat xlink:href="#sPointingRel899" value="advmod"/>
		<feat xlink:href="#sPointingRel901" value="cc"/>
		<feat xlink:href="#sPointingRel903" value="mark"/>
		<feat xlink:href="#sPointingRel905" value="mark"/>
		<feat xlink:href="#sPointingRel907" value="aux"/>
		<feat xlink:href="#sPointingRel909" value="nsubj"/>
		<feat xlink:href="#sPointingRel911" value="obl"/>
		<feat xlink:href="#sPointingRel913" value="case"/>
		<feat xlink:href="#sPointingRel915" value="case"/>
		<feat xlink:href="#sPointingRel917" value="det"/>
		<feat xlink:href="#sPointingRel919" value="obl"/>
		<feat xlink:href="#sPointingRel921" value="nsubj"/>
		<feat xlink:href="#sPointingRel923" value="advmod"/>
		<feat xlink:href="#sPointingRel925" value="case"/>
		<feat xlink:href="#sPointingRel927" value="acl"/>
		<feat xlink:href="#sPointingRel929" value="nsubj"/>
		<feat xlink:href="#sPointingRel931" value="nsubj"/>
		<feat xlink:href="#sPointingRel933" value="xcomp"/>
		<feat xlink:href="#sPointingRel935" value="ccomp"/>
		<feat xlink:href="#sPointingRel937" value="nsubj"/>
		<feat xlink:href="#sPointingRel939" value="case"/>
		<feat xlink:href="#sPointingRel941" value="mark"/>
		<feat xlink:href="#sPointingRel943" value="case"/>
		<feat xlink:href="#sPointingRel945" value="aux"/>
		<feat xlink:href="#sPointingRel947" value="conj"/>
		<feat xlink:href="#sPointingRel949" value="det"/>
		<feat xlink:href="#sPointingRel951" value="acl"/>
		<feat xlink:href="#sPointingRel953" value="nmod"/>
		<feat xlink:href="#sPointingRel955" value="conj"/>
		<feat xlink:href="#sPointingRel957" value="nsubj"/>
		<feat xlink:href="#sPointingRel959" value="obl"/>
		<feat xlink:href="#sPointingRel961" value="nsubj"/>
		<feat xlink:href="#sPointingRel963" value="obj"/>
		<feat xlink:href="#sPointingRel965" value="case"/>
		<feat xlink:href="#sPointingRel967" value="nmod"/>
		<feat xlink:href="#sPointingRel969" value="dep"/>
		<feat xlink:href="#sPointingRel971" value="aux"/>
		<feat xlink:href="#sPointingRel973" value="fixed"/>
		<feat xlink:href="#sPointingRel975" value="acl"/>
		<feat xlink:href="#sPointingRel977" value="aux"/>
		<feat xlink:href="#sPointingRel979" value="obj"/>
		<feat xlink:href="#sPointingRel981" value="det"/>
		<feat xlink:href="#sPointingRel983" value="cop"/>
		<feat xlink:href="#sPointingRel985" value="case"/>
		<feat xlink:href="#sPointingRel987" value="det"/>
		<feat xlink:href="#sPointingRel989" value="det"/>
		<feat xlink:href="#sPointingRel991" value="cop"/>
		<feat xlink:href="#sPointingRel993" value="appos"/>
		<feat xlink:href="#sPointingRel995" value="aux"/>
		<feat xlink:href="#sPointingRel997" value="obl"/>
		<feat xlink:href="#sPointingRel999" value="ccomp"/>
		<feat xlink:href="#sPointingRel1001" value="aux"/>
		<feat xlink:href="#sPointingRel1003" value="det"/>
		<feat xlink:href="#sPointingRel1005" value="ccomp"/>
		<feat xlink:href="#sPointingRel1007" value="obj"/>
		<feat xlink:href="#sPointingRel1009" value="case"/>
		<feat xlink:href="#sPointingRel1011" value="det"/>
		<feat xlink:href="#sPointingRel1013" value="advcl"/>
		<feat xlink:href="#sPointingRel1015" value="conj"/>
		<feat xlink:href="#sPointingRel1017" value="advmod"/>
		<feat xlink:href="#sPointingRel1019" value="obj"/>
		<feat xlink:href="#sPointingRel1021" value="nmod"/>
		<feat xlink:href="#sPointingRel1023" value="case"/>
		<feat xlink:href="#sPointingRel1025" value="det"/>
		<feat xlink:href="#sPointingRel1027" value="obl"/>
		<feat xlink:href="#sPointingRel1029" value="nsubj"/>
		<feat xlink:href="#sPointingRel1031" value="conj"/>
		<feat xlink:href="#sPointingRel1033" value="nsubj"/>
		<feat xlink:href="#sPointingRel1035" value="advmod"/>
		<feat xlink:href="#sPointingRel1037" value="obl"/>
		<feat xlink:href="#sPointingRel1039" value="conj"/>
		<feat xlink:href="#sPointingRel1041" value="case"/>
		<feat xlink:href="#sPointingRel1043" value="conj"/>
		<feat xlink:href="#sPointingRel1045" value="nmod"/>
		<feat xlink:href="#sPointingRel1047" value="advmod"/>
		<feat xlink:href="#sPointingRel1049" value="conj"/>
		<feat xlink:href="#sPointingRel1051" value="case"/>
		<feat xlink:href="#sPointingRel1053" value="nsubj"/>
		<feat xlink:href="#sPointingRel1055" value="nmod"/>
		<feat xlink:href="#sPointingRel1057" value="case"/>
		<feat xlink:href="#sPointingRel1059" value="mark"/>
		<feat xlink:href="#sPointingRel1061" value="case"/>
		<feat xlink:href="#sPointingRel1063" value="nsubj"/>
		<feat xlink:href="#sPointingRel1065" value="case"/>
		<feat xlink:href="#sPointingRel1067" value="case"/>
		<feat xlink:href="#sPointingRel1069" value="advcl"/>
		<feat xlink:href="#sPointingRel1071" value="acl"/>
		<feat xlink:href="#sPointingRel1073" value="case"/>
		<feat xlink:href="#sPointingRel1075" value="case"/>
		<feat xlink:href="#sPointingRel1077" value="case"/>
		<feat xlink:href="#sPointingRel1079" value="cc"/>
		<feat xlink:href="#sPointingRel1081" value="advcl"/>
		<feat xlink:href="#sPointingRel1083" value="obl"/>
		<feat xlink:href="#sPointingRel1085" value="csubj"/>
		<feat xlink:href="#sPointingRel1087" value="obl"/>
		<feat xlink:href="#sPointingRel1089" value="acl"/>
		<feat xlink:href="#sPointingRel1091" value="cop"/>
		<feat xlink:href="#sPointingRel1093" value="nsubj"/>
		<feat xlink:href="#sPointingRel1095" value="obl"/>
		<feat xlink:href="#sPointingRel1097" value="case"/>
		<feat xlink:href="#sPointingRel1099" value="acl"/>
		<feat xlink:href="#sPointingRel1101" value="acl"/>
		<feat xlink:href="#sPointingRel1103" value="nsubj"/>
		<feat xlink:href="#sPointingRel1105" value="det"/>
		<feat xlink:href="#sPointingRel1107" value="cop"/>
		<feat xlink:href="#sPointingRel1109" value="case"/>
		<feat xlink:href="#sPointingRel1111" value="advmod"/>
		<feat xlink:href="#sPointingRel1113" value="ccomp"/>
		<feat xlink:href="#sPointingRel1115" value="cc"/>
		<feat xlink:href="#sPointingRel1117" value="xcomp"/>
		<feat xlink:href="#sPointingRel1119" value="acl"/>
		<feat xlink:href="#sPointingRel1121" value="det"/>
		<feat xlink:href="#sPointingRel1123" value="nsubj"/>
		<feat xlink:href="#sPointingRel1125" value="obl"/>
		<feat xlink:href="#sPointingRel1127" value="obl"/>
		<feat xlink:href="#sPointingRel1129" value="nmod"/>
		<feat xlink:href="#sPointingRel1131" value="case"/>
		<feat xlink:href="#sPointingRel1133" value="xcomp"/>
		<feat xlink:href="#sPointingRel1135" value="advmod"/>
		<feat xlink:href="#sPointingRel1137" value="nsubj"/>
		<feat xlink:href="#sPointingRel1139" value="det"/>
		<feat xlink:href="#sPointingRel1141" value="nsubj"/>
		<feat xlink:href="#sPointingRel1143" value="cop"/>
		<feat xlink:href="#sPointingRel1145" value="det"/>
		<feat xlink:href="#sPointingRel1147" value="obl"/>
		<feat xlink:href="#sPointingRel1149" value="obl"/>
		<feat xlink:href="#sPointingRel1151" value="aux"/>
		<feat xlink:href="#sPointingRel1153" value="det"/>
		<feat xlink:href="#sPointingRel1155" value="det"/>
		<feat xlink:href="#sPointingRel1157" value="obj"/>
		<feat xlink:href="#sPointingRel1159" value="case"/>
		<feat xlink:href="#sPointingRel1161" value="case"/>
		<feat xlink:href="#sPointingRel1163" value="case"/>
		<feat xlink:href="#sPointingRel1165" value="cc"/>
		<feat xlink:href="#sPointingRel1167" value="nmod"/>
		<feat xlink:href="#sPointingRel1169" value="det"/>
		<feat xlink:href="#sPointingRel1171" value="mark"/>
		<feat xlink:href="#sPointingRel1173" value="case"/>
		<feat xlink:href="#sPointingRel1175" value="nmod"/>
		<feat xlink:href="#sPointingRel1177" value="obl"/>
		<feat xlink:href="#sPointingRel1179" value="obj"/>
		<feat xlink:href="#sPointingRel1181" value="obl"/>
		<feat xlink:href="#sPointingRel1183" value="case"/>
		<feat xlink:href="#sPointingRel1185" value="nsubj"/>
		<feat xlink:href="#sPointingRel1187" value="det"/>
		<feat xlink:href="#sPointingRel1189" value="case"/>
		<feat xlink:href="#sPointingRel1191" value="dep"/>
		<feat xlink:href="#sPointingRel1193" value="aux"/>
		<feat xlink:href="#sPointingRel1195" value="cop"/>
		<feat xlink:href="#sPointingRel1197" value="cc"/>
		<feat xlink:href="#sPointingRel1199" value="obj"/>
		<feat xlink:href="#sPointingRel1201" value="det"/>
		<feat xlink:href="#sPointingRel1203" value="aux"/>
		<feat xlink:href="#sPointingRel1205" value="advcl"/>
		<feat xlink:href="#sPointingRel1207" value="mark"/>
		<feat xlink:href="#sPointingRel1209" value="det"/>
		<feat xlink:href="#sPointingRel1211" value="cc"/>
		<feat xlink:href="#sPointingRel1213" value="mark"/>
		<feat xlink:href="#sPointingRel1215" value="det"/>
		<feat xlink:href="#sPointingRel1217" value="acl"/>
		<feat xlink:href="#sPointingRel1219" value="mark"/>
		<feat xlink:href="#sPointingRel1221" value="aux"/>
		<feat xlink:href="#sPointingRel1223" value="mark"/>
		<feat xlink:href="#sPointingRel1225" value="mark"/>
		<feat xlink:href="#sPointingRel1227" value="advmod"/>
		<feat xlink:href="#sPointingRel1229" value="case"/>
		<feat xlink:href="#sPointingRel1231" value="obj"/>
		<feat xlink:href="#sPointingRel1233" value="ccomp"/>
		<feat xlink:href="#sPointingRel1235" value="det"/>
		<feat xlink:href="#sPointingRel1237" value="dep"/>
		<feat xlink:href="#sPointingRel1239" value="det"/>
		<feat xlink:href="#sPointingRel1241" value="mark"/>
		<feat xlink:href="#sPointingRel1243" value="obj"/>
		<feat xlink:href="#sPointingRel1245" value="obl"/>
		<feat xlink:href="#sPointingRel1247" value="obl"/>
		<feat xlink:href="#sPointingRel1249" value="nsubj"/>
		<feat xlink:href="#sPointingRel1251" value="obj"/>
		<feat xlink:href="#sPointingRel1253" value="conj"/>
		<feat xlink:href="#sPointingRel1255" value="det"/>
		<feat xlink:href="#sPointingRel1257" value="obj"/>
		<feat xlink:href="#sPointingRel1259" value="case"/>
		<feat xlink:href="#sPointingRel1261" value="det"/>
		<feat xlink:href="#sPointingRel1263" value="obl"/>
		<feat xlink:href="#sPointingRel1265" value="advmod"/>
		<feat xlink:href="#sPointingRel1267" value="det"/>
		<feat xlink:href="#sPointingRel1269" value="advmod"/>
		<feat xlink:href="#sPointingRel1271" value="fixed"/>
		<feat xlink:href="#sPointingRel1273" value="aux"/>
		<feat xlink:href="#sPointingRel1275" value="nsubj"/>
		<feat xlink:href="#sPointingRel1277" value="nsubj"/>
		<feat xlink:href="#sPointingRel1279" value="obj"/>
		<feat xlink:href="#sPointingRel1281" value="mark"/>
		<feat xlink:href="#sPointingRel1283" value="nmod"/>
		<feat xlink:href="#sPointingRel1285" value="det"/>
		<feat xlink:href="#sPointingRel1287" value="nmod"/>
		<feat xlink:href="#sPointingRel1289" value="det"/>
		<feat xlink:href="#sPointingRel1291" value="det"/>
		<feat xlink:href="#sPointingRel1293" value="nsubj"/>
		<feat xlink:href="#sPointingRel1295" value="case"/>
		<feat xlink:href="#sPointingRel1297" value="aux"/>
		<feat xlink:href="#sPointingRel1299" value="dep"/>
		<feat xlink:href="#sPointingRel1301" value="case"/>
		<feat xlink:href="#sPointingRel1303" value="nsubj"/>
		<feat xlink:href="#sPointingRel1305" value="nsubj"/>
		<feat xlink:href="#sPointingRel1307" value="obl"/>
		<feat xlink:href="#sPointingRel1309" value="nsubj"/>
		<feat xlink:href="#sPointingRel1311" value="acl"/>
		<feat xlink:href="#sPointingRel1313" value="conj"/>
		<feat xlink:href="#sPointingRel1315" value="obl"/>
		<feat xlink:href="#sPointingRel1317" value="nsubj"/>
		<feat xlink:href="#sPointingRel1319" value="ccomp"/>
		<feat xlink:href="#sPointingRel1321" value="nsubj"/>
		<feat xlink:href="#sPointingRel1323" value="obl"/>
		<feat xlink:href="#sPointingRel1325" value="nsubj"/>
		<feat xlink:href="#sPointingRel1327" value="nsubj"/>
		<feat xlink:href="#sPointingRel1329" value="cc"/>
		<feat xlink:href="#sPointingRel1331" value="case"/>
		<feat xlink:href="#sPointingRel1333" value="mark"/>
		<feat xlink:href="#sPointingRel1335" value="mark"/>
		<feat xlink:href="#sPointingRel1337" value="nsubj"/>
		<feat xlink:href="#sPointingRel1339" value="det"/>
		<feat xlink:href="#sPointingRel1341" value="nmod"/>
		<feat xlink:href="#sPointingRel1343" value="aux"/>
		<feat xlink:href="#sPointingRel1345" value="det"/>
		<feat xlink:href="#sPointingRel1347" value="mark"/>
		<feat xlink:href="#sPointingRel1349" value="nsubj"/>
		<feat xlink:href="#sPointingRel1351" value="nsubj"/>
		<feat xlink:href="#sPointingRel1353" value="nsubj"/>
		<feat xlink:href="#sPointingRel1355" value="nmod"/>
		<feat xlink:href="#sPointingRel1357" value="advcl"/>
		<feat xlink:href="#sPointingRel1359" value="det"/>
		<feat xlink:href="#sPointingRel1361" value="cc"/>
		<feat xlink:href="#sPointingRel1363" value="det"/>
		<feat xlink:href="#sPointingRel1365" value="case"/>
		<feat xlink:href="#sPointingRel1367" value="nsubj"/>
		<feat xlink:href="#sPointingRel1369" value="det"/>
		<feat xlink:href="#sPointingRel1371" value="obl"/>
		<feat xlink:href="#sPointingRel1373" value="aux"/>
		<feat xlink:href="#sPointingRel1375" value="acl"/>
		<feat xlink:href="#sPointingRel1377" value="cc"/>
		<feat xlink:href="#sPointingRel1379" value="xcomp"/>
		<feat xlink:href="#sPointingRel1381" value="nsubj"/>
		<feat xlink:href="#sPointingRel1383" value="case"/>
		<feat xlink:href="#sPointingRel1385" value="det"/>
		<feat xlink:href="#sPointingRel1387" value="obl"/>
		<feat xlink:href="#sPointingRel1389" value="nmod"/>
		<feat xlink:href="#sPointingRel1391" value="nsubj"/>
		<feat xlink:href="#sPointingRel1393" value="ccomp"/>
		<feat xlink:href="#sPointingRel1395" value="acl"/>
		<feat xlink:href="#sPointingRel1397" value="advcl"/>
		<feat xlink:href="#sPointingRel1399" value="cc"/>
		<feat xlink:href="#sPointingRel1401" value="cop"/>
		<feat xlink:href="#sPointingRel1403" value="case"/>
		<feat xlink:href="#sPointingRel1405" value="case"/>
		<feat xlink:href="#sPointingRel1407" value="xcomp"/>
		<feat xlink:href="#sPointingRel1409" value="case"/>
		<feat xlink:href="#sPointingRel1411" value="case"/>
		<feat xlink:href="#sPointingRel1413" value="case"/>
		<feat xlink:href="#sPointingRel1415" value="case"/>
		<feat xlink:href="#sPointingRel1417" value="mark"/>
		<feat xlink:href="#sPointingRel1419" value="aux"/>
		<feat xlink:href="#sPointingRel1421" value="dep"/>
		<feat xlink:href="#sPointingRel1423" value="advcl"/>
		<feat xlink:href="#sPointingRel1425" value="det"/>
		<feat xlink:href="#sPointingRel1427" value="case"/>
		<feat xlink:href="#sPointingRel1429" value="nsubj"/>
		<feat xlink:href="#sPointingRel1431" value="nsubj"/>
		<feat xlink:href="#sPointingRel1433" value="obl"/>
		<feat xlink:href="#sPointingRel1435" value="advmod"/>
		<feat xlink:href="#sPointingRel1437" value="obj"/>
		<feat xlink:href="#sPointingRel1439" value="obl"/>
		<feat xlink:href="#sPointingRel1441" value="aux"/>
		<feat xlink:href="#sPointingRel1443" value="acl"/>
		<feat xlink:href="#sPointingRel1445" value="cop"/>
		<feat xlink:href="#sPointingRel1447" value="nsubj"/>
		<feat xlink:href="#sPointingRel1449" value="cop"/>
		<feat xlink:href="#sPointingRel1451" value="mark"/>
		<feat xlink:href="#sPointingRel1453" value="appos"/>
		<feat xlink:href="#sPointingRel1455" value="advmod"/>
		<feat xlink:href="#sPointingRel1457" value="det"/>
		<feat xlink:href="#sPointingRel1459" value="nsubj"/>
		<feat xlink:href="#sPointingRel1461" value="nsubj"/>
		<feat xlink:href="#sPointingRel1463" value="case"/>
		<feat xlink:href="#sPointingRel1465" value="cc"/>
		<feat xlink:href="#sPointingRel1467" value="mark"/>
		<feat xlink:href="#sPointingRel1469" value="obl"/>
		<feat xlink:href="#sPointingRel1471" value="case"/>
		<feat xlink:href="#sPointingRel1473" value="mark"/>
		<feat xlink:href="#sPointingRel1475" value="obl"/>
		<feat xlink:href="#sPointingRel1477" value="mark"/>
		<feat xlink:href="#sPointingRel1479" value="case"/>
		<feat xlink:href="#sPointingRel1481" value="case"/>
		<feat xlink:href="#sPointingRel1483" value="det"/>
		<feat xlink:href="#sPointingRel1485" value="nsubj"/>
		<feat xlink:href="#sPointingRel1487" value="det"/>
		<feat xlink:href="#sPointingRel1489" value="case"/>
		<feat xlink:href="#sPointingRel1491" value="acl"/>
		<feat xlink:href="#sPointingRel1493" value="obj"/>
		<feat xlink:href="#sPointingRel1495" value="obl"/>
		<feat xlink:href="#sPointingRel1497" value="mark"/>
		<feat xlink:href="#sPointingRel1499" value="cc"/>
		<feat xlink:href="#sPointingRel1501" value="advmod"/>
		<feat xlink:href="#sPointingRel1503" value="mark"/>
		<feat xlink:href="#sPointingRel1505" value="nummod"/>
		<feat xlink:href="#sPointingRel1507" value="obl"/>
		<feat xlink:href="#sPointingRel1509" value="case"/>
		<feat xlink:href="#sPointingRel1511" value="ccomp"/>
		<feat xlink:href="#sPointingRel1513" value="vocative"/>
		<feat xlink:href="#sPointingRel1515" value="mark"/>
		<feat xlink:href="#sPointingRel1517" value="nsubj"/>
		<feat xlink:href="#sPointingRel1519" value="mark"/>
		<feat xlink:href="#sPointingRel1521" value="case"/>
		<feat xlink:href="#sPointingRel1523" value="appos"/>
		<feat xlink:href="#sPointingRel1525" value="ccomp"/>
		<feat xlink:href="#sPointingRel1527" value="advmod"/>
		<feat xlink:href="#sPointingRel1529" value="case"/>
		<feat xlink:href="#sPointingRel1531" value="ccomp"/>
		<feat xlink:href="#sPointingRel1533" value="ccomp"/>
		<feat xlink:href="#sPointingRel1535" value="case"/>
		<feat xlink:href="#sPointingRel1537" value="nsubj"/>
		<feat xlink:href="#sPointingRel1539" value="advcl"/>
		<feat xlink:href="#sPointingRel1541" value="det"/>
		<feat xlink:href="#sPointingRel1543" value="det"/>
		<feat xlink:href="#sPointingRel1545" value="mark"/>
		<feat xlink:href="#sPointingRel1547" value="advmod"/>
		<feat xlink:href="#sPointingRel1549" value="obj"/>
		<feat xlink:href="#sPointingRel1551" value="acl"/>
		<feat xlink:href="#sPointingRel1553" value="xcomp"/>
		<feat xlink:href="#sPointingRel1555" value="det"/>
		<feat xlink:href="#sPointingRel1557" value="det"/>
		<feat xlink:href="#sPointingRel1559" value="mark"/>
		<feat xlink:href="#sPointingRel1561" value="det"/>
		<feat xlink:href="#sPointingRel1563" value="cc"/>
		<feat xlink:href="#sPointingRel1565" value="conj"/>
		<feat xlink:href="#sPointingRel1567" value="ccomp"/>
		<feat xlink:href="#sPointingRel1569" value="mark"/>
		<feat xlink:href="#sPointingRel1571" value="det"/>
		<feat xlink:href="#sPointingRel1573" value="det"/>
		<feat xlink:href="#sPointingRel1575" value="case"/>
		<feat xlink:href="#sPointingRel1577" value="cc"/>
		<feat xlink:href="#sPointingRel1579" value="obj"/>
		<feat xlink:href="#sPointingRel1581" value="cc"/>
		<feat xlink:href="#sPointingRel1583" value="nsubj"/>
		<feat xlink:href="#sPointingRel1585" value="aux"/>
		<feat xlink:href="#sPointingRel1587" value="mark"/>
		<feat xlink:href="#sPointingRel1589" value="aux"/>
		<feat xlink:href="#sPointingRel1591" value="obj"/>
		<feat xlink:href="#sPointingRel1593" value="conj"/>
		<feat xlink:href="#sPointingRel1595" value="acl"/>
		<feat xlink:href="#sPointingRel1597" value="appos"/>
		<feat xlink:href="#sPointingRel1599" value="conj"/>
		<feat xlink:href="#sPointingRel1601" value="mark"/>
		<feat xlink:href="#sPointingRel1603" value="det"/>
		<feat xlink:href="#sPointingRel1605" value="mark"/>
		<feat xlink:href="#sPointingRel1607" value="case"/>
		<feat xlink:href="#sPointingRel1609" value="case"/>
		<feat xlink:href="#sPointingRel1611" value="case"/>
		<feat xlink:href="#sPointingRel1613" value="dislocated"/>
		<feat xlink:href="#sPointingRel1615" value="acl"/>
		<feat xlink:href="#sPointingRel1617" value="aux"/>
		<feat xlink:href="#sPointingRel1619" value="dislocated"/>
		<feat xlink:href="#sPointingRel1621" value="cop"/>
		<feat xlink:href="#sPointingRel1623" value="appos"/>
		<feat xlink:href="#sPointingRel1625" value="conj"/>
		<feat xlink:href="#sPointingRel1627" value="nsubj"/>
		<feat xlink:href="#sPointingRel1629" value="cc"/>
		<feat xlink:href="#sPointingRel1631" value="dislocated"/>
		<feat xlink:href="#sPointingRel1633" value="mark"/>
		<feat xlink:href="#sPointingRel1635" value="case"/>
		<feat xlink:href="#sPointingRel1637" value="case"/>
		<feat xlink:href="#sPointingRel1639" value="acl"/>
		<feat xlink:href="#sPointingRel1641" value="obj"/>
		<feat xlink:href="#sPointingRel1643" value="mark"/>
		<feat xlink:href="#sPointingRel1645" value="mark"/>
		<feat xlink:href="#sPointingRel1647" value="mark"/>
		<feat xlink:href="#sPointingRel1649" value="aux"/>
		<feat xlink:href="#sPointingRel1651" value="discourse"/>
		<feat xlink:href="#sPointingRel1653" value="advmod"/>
		<feat xlink:href="#sPointingRel1655" value="case"/>
		<feat xlink:href="#sPointingRel1657" value="det"/>
		<feat xlink:href="#sPointingRel1659" value="advmod"/>
		<feat xlink:href="#sPointingRel1661" value="appos"/>
		<feat xlink:href="#sPointingRel1663" value="mark"/>
		<feat xlink:href="#sPointingRel1665" value="det"/>
		<feat xlink:href="#sPointingRel1667" value="obj"/>
		<feat xlink:href="#sPointingRel1669" value="nmod"/>
		<feat xlink:href="#sPointingRel1671" value="nmod"/>
		<feat xlink:href="#sPointingRel1673" value="conj"/>
		<feat xlink:href="#sPointingRel1675" value="advmod"/>
		<feat xlink:href="#sPointingRel1677" value="det"/>
		<feat xlink:href="#sPointingRel1679" value="obl"/>
		<feat xlink:href="#sPointingRel1681" value="obl"/>
		<feat xlink:href="#sPointingRel1683" value="det"/>
		<feat xlink:href="#sPointingRel1685" value="cc"/>
		<feat xlink:href="#sPointingRel1687" value="det"/>
		<feat xlink:href="#sPointingRel1689" value="mark"/>
		<feat xlink:href="#sPointingRel1691" value="det"/>
		<feat xlink:href="#sPointingRel1693" value="nsubj"/>
		<feat xlink:href="#sPointingRel1695" value="det"/>
		<feat xlink:href="#sPointingRel1697" value="nsubj"/>
		<feat xlink:href="#sPointingRel1699" value="mark"/>
		<feat xlink:href="#sPointingRel1701" value="aux"/>
		<feat xlink:href="#sPointingRel1703" value="mark"/>
		<feat xlink:href="#sPointingRel1705" value="advmod"/>
		<feat xlink:href="#sPointingRel1707" value="advmod"/>
		<feat xlink:href="#sPointingRel1709" value="case"/>
		<feat xlink:href="#sPointingRel1711" value="nsubj"/>
		<feat xlink:href="#sPointingRel1713" value="det"/>
		<feat xlink:href="#sPointingRel1715" value="det"/>
		<feat xlink:href="#sPointingRel1717" value="nmod"/>
		<feat xlink:href="#sPointingRel1719" value="aux"/>
		<feat xlink:href="#sPointingRel1721" value="xcomp"/>
		<feat xlink:href="#sPointingRel1723" value="orphan"/>
		<feat xlink:href="#sPointingRel1725" value="advmod"/>
		<feat xlink:href="#sPointingRel1727" value="mark"/>
		<feat xlink:href="#sPointingRel1729" value="mark"/>
		<feat xlink:href="#sPointingRel1731" value="nsubj"/>
		<feat xlink:href="#sPointingRel1733" value="case"/>
		<feat xlink:href="#sPointingRel1735" value="acl"/>
		<feat xlink:href="#sPointingRel1737" value="ccomp"/>
		<feat xlink:href="#sPointingRel1739" value="advmod"/>
		<feat xlink:href="#sPointingRel1741" value="cop"/>
		<feat xlink:href="#sPointingRel1743" value="det"/>
		<feat xlink:href="#sPointingRel1745" value="det"/>
		<feat xlink:href="#sPointingRel1747" value="conj"/>
		<feat xlink:href="#sPointingRel1749" value="det"/>
		<feat xlink:href="#sPointingRel1751" value="nmod"/>
		<feat xlink:href="#sPointingRel1753" value="case"/>
		<feat xlink:href="#sPointingRel1755" value="case"/>
		<feat xlink:href="#sPointingRel1757" value="parataxis"/>
		<feat xlink:href="#sPointingRel1759" value="mark"/>
		<feat xlink:href="#sPointingRel1761" value="ccomp"/>
		<feat xlink:href="#sPointingRel1763" value="cc"/>
		<feat xlink:href="#sPointingRel1765" value="det"/>
		<feat xlink:href="#sPointingRel1767" value="aux"/>
		<feat xlink:href="#sPointingRel1769" value="nmod"/>
		<feat xlink:href="#sPointingRel1771" value="aux"/>
		<feat xlink:href="#sPointingRel1773" value="det"/>
		<feat xlink:href="#sPointingRel1775" value="conj"/>
		<feat xlink:href="#sPointingRel1777" value="ccomp"/>
		<feat xlink:href="#sPointingRel1779" value="case"/>
		<feat xlink:href="#sPointingRel1781" value="obl"/>
		<feat xlink:href="#sPointingRel1783" value="det"/>
		<feat xlink:href="#sPointingRel1785" value="advmod"/>
		<feat xlink:href="#sPointingRel1787" value="cc"/>
		<feat xlink:href="#sPointingRel1789" value="cc"/>
		<feat xlink:href="#sPointingRel1791" value="iobj"/>
		<feat xlink:href="#sPointingRel1793" value="nsubj"/>
		<feat xlink:href="#sPointingRel1795" value="nsubj"/>
		<feat xlink:href="#sPointingRel1797" value="det"/>
		<feat xlink:href="#sPointingRel1799" value="cop"/>
		<feat xlink:href="#sPointingRel1801" value="advcl"/>
		<feat xlink:href="#sPointingRel1803" value="det"/>
		<feat xlink:href="#sPointingRel1805" value="obl"/>
		<feat xlink:href="#sPointingRel1807" value="advmod"/>
		<feat xlink:href="#sPointingRel1809" value="case"/>
		<feat xlink:href="#sPointingRel1811" value="case"/>
		<feat xlink:href="#sPointingRel1813" value="obj"/>
		<feat xlink:href="#sPointingRel1815" value="det"/>
		<feat xlink:href="#sPointingRel1817" value="nsubj"/>
		<feat xlink:href="#sPointingRel1819" value="nsubj"/>
		<feat xlink:href="#sPointingRel1821" value="advcl"/>
		<feat xlink:href="#sPointingRel1823" value="ccomp"/>
		<feat xlink:href="#sPointingRel1825" value="acl"/>
		<feat xlink:href="#sPointingRel1827" value="cc"/>
		<feat xlink:href="#sPointingRel1829" value="case"/>
		<feat xlink:href="#sPointingRel1831" value="det"/>
		<feat xlink:href="#sPointingRel1833" value="mark"/>
		<feat xlink:href="#sPointingRel1835" value="case"/>
		<feat xlink:href="#sPointingRel1837" value="case"/>
		<feat xlink:href="#sPointingRel1839" value="det"/>
		<feat xlink:href="#sPointingRel1841" value="det"/>
		<feat xlink:href="#sPointingRel1843" value="case"/>
		<feat xlink:href="#sPointingRel1845" value="acl"/>
		<feat xlink:href="#sPointingRel1847" value="det"/>
		<feat xlink:href="#sPointingRel1849" value="acl"/>
		<feat xlink:href="#sPointingRel1851" value="mark"/>
		<feat xlink:href="#sPointingRel1853" value="obj"/>
		<feat xlink:href="#sPointingRel1855" value="obj"/>
		<feat xlink:href="#sPointingRel1857" value="case"/>
		<feat xlink:href="#sPointingRel1859" value="xcomp"/>
		<feat xlink:href="#sPointingRel1861" value="cc"/>
		<feat xlink:href="#sPointingRel1863" value="appos"/>
		<feat xlink:href="#sPointingRel1865" value="det"/>
		<feat xlink:href="#sPointingRel1867" value="obj"/>
		<feat xlink:href="#sPointingRel1869" value="nmod"/>
		<feat xlink:href="#sPointingRel1871" value="det"/>
		<feat xlink:href="#sPointingRel1873" value="advmod"/>
		<feat xlink:href="#sPointingRel1875" value="det"/>
		<feat xlink:href="#sPointingRel1877" value="det"/>
		<feat xlink:href="#sPointingRel1879" value="mark"/>
		<feat xlink:href="#sPointingRel1881" value="case"/>
		<feat xlink:href="#sPointingRel1883" value="parataxis"/>
		<feat xlink:href="#sPointingRel1885" value="appos"/>
		<feat xlink:href="#sPointingRel1887" value="aux"/>
		<feat xlink:href="#sPointingRel1889" value="det"/>
		<feat xlink:href="#sPointingRel1891" value="case"/>
		<feat xlink:href="#sPointingRel1893" value="det"/>
		<feat xlink:href="#sPointingRel1895" value="nsubj"/>
		<feat xlink:href="#sPointingRel1897" value="nmod"/>
		<feat xlink:href="#sPointingRel1899" value="case"/>
		<feat xlink:href="#sPointingRel1901" value="nsubj"/>
		<feat xlink:href="#sPointingRel1903" value="det"/>
		<feat xlink:href="#sPointingRel1905" value="cc"/>
		<feat xlink:href="#sPointingRel1907" value="aux"/>
		<feat xlink:href="#sPointingRel1909" value="cop"/>
		<feat xlink:href="#sPointingRel1911" value="case"/>
		<feat xlink:href="#sPointingRel1913" value="aux"/>
		<feat xlink:href="#sPointingRel1915" value="mark"/>
		<feat xlink:href="#sPointingRel1917" value="obj"/>
		<feat xlink:href="#sPointingRel1919" value="mark"/>
		<feat xlink:href="#sPointingRel1921" value="mark"/>
		<feat xlink:href="#sPointingRel1923" value="det"/>
		<feat xlink:href="#sPointingRel1925" value="obl"/>
		<feat xlink:href="#sPointingRel1927" value="aux"/>
		<feat xlink:href="#sPointingRel1929" value="det"/>
		<feat xlink:href="#sPointingRel1931" value="acl"/>
		<feat xlink:href="#sPointingRel1933" value="case"/>
		<feat xlink:href="#sPointingRel1935" value="obl"/>
		<feat xlink:href="#sPointingRel1937" value="det"/>
		<feat xlink:href="#sPointingRel1939" value="mark"/>
		<feat xlink:href="#sPointingRel1941" value="xcomp"/>
		<feat xlink:href="#sPointingRel1943" value="obl"/>
		<feat xlink:href="#sPointingRel1945" value="mark"/>
		<feat xlink:href="#sPointingRel1947" value="obl"/>
		<feat xlink:href="#sPointingRel1949" value="mark"/>
		<feat xlink:href="#sPointingRel1951" value="det"/>
		<feat xlink:href="#sPointingRel1953" value="case"/>
		<feat xlink:href="#sPointingRel1955" value="nsubj"/>
		<feat xlink:href="#sPointingRel1957" value="obj"/>
		<feat xlink:href="#sPointingRel1959" value="det"/>
		<feat xlink:href="#sPointingRel1961" value="obl"/>
		<feat xlink:href="#sPointingRel1963" value="nsubj"/>
		<feat xlink:href="#sPointingRel1965" value="conj"/>
		<feat xlink:href="#sPointingRel1967" value="case"/>
		<feat xlink:href="#sPointingRel1969" value="det"/>
		<feat xlink:href="#sPointingRel1971" value="mark"/>
		<feat xlink:href="#sPointingRel1973" value="mark"/>
		<feat xlink:href="#sPointingRel1975" value="dep"/>
		<feat xlink:href="#sPointingRel1977" value="advmod"/>
		<feat xlink:href="#sPointingRel1979" value="case"/></featList></paula>