<?xml version='1.0' encoding='UTF-8'?><!DOCTYPE paula SYSTEM "paula_feat.dtd">
<paula version="1.1">
	<header paula_id="scriptorium.shenoute.those.GF301-306.mark_multiword"/>
	<featList xmlns:xlink="http://www.w3.org/1999/xlink" type="multiword" xml:base="scriptorium.shenoute.those.GF301-306.mark.xml">
		<feat xlink:href="#sSpan58" value="ⲉⲃⲟⲗ ϩⲛ"/>
		<feat xlink:href="#sSpan738" value="ⲉⲓ ⲉⲃⲟⲗ"/>
		<feat xlink:href="#sSpan819" value="ⲉⲃⲟⲗ ϩⲛ"/>
		<feat xlink:href="#sSpan841" value="ⲙⲏⲏϣⲉ ⲛ"/>
		<feat xlink:href="#sSpan1180" value="ⲉ ⲁ"/>
		<feat xlink:href="#sSpan1264" value="ⲉⲃⲟⲗ ϩⲛ"/>
		<feat xlink:href="#sSpan1642" value="ⲉ ⲁ"/>
		<feat xlink:href="#sSpan3133" value="ⲉ ⲁ"/>
		<feat xlink:href="#sSpan3702" value="ⲉⲧⲃⲉ ⲡⲁⲓ"/></featList></paula>