<?xml version='1.0' encoding='UTF-8'?><!DOCTYPE paula SYSTEM "paula_feat.dtd">
<paula version="1.1">
	<header paula_id="scriptorium.shenoute.those.GF301-306.mark_norm"/>
	<featList xmlns:xlink="http://www.w3.org/1999/xlink" type="norm" xml:base="scriptorium.shenoute.those.GF301-306.mark.xml">
		<feat xlink:href="#sSpan1" value="........"/>
		<feat xlink:href="#sSpan11" value="........"/>
		<feat xlink:href="#sSpan17" value="ⲡ"/>
		<feat xlink:href="#sSpan23" value="ⲉⲛⲧ"/>
		<feat xlink:href="#sSpan25" value="ⲁ"/>
		<feat xlink:href="#sSpan28" value="ϥ"/>
		<feat xlink:href="#sSpan30" value="...."/>
		<feat xlink:href="#sSpan33" value="ⲛ"/>
		<feat xlink:href="#sSpan38" value="ⲟⲩ"/>
		<feat xlink:href="#sSpan41" value="ⲕⲱϩⲧ"/>
		<feat xlink:href="#sSpan43" value="ⲙⲛ"/>
		<feat xlink:href="#sSpan47" value="ⲟⲩ"/>
		<feat xlink:href="#sSpan52" value="ⲑⲏⲛ"/>
		<feat xlink:href="#sSpan54" value="ⲉⲃⲟⲗ"/>
		<feat xlink:href="#sSpan59" value="ϩⲛ"/>
		<feat xlink:href="#sSpan63" value="ⲧ"/>
		<feat xlink:href="#sSpan67" value="ⲡⲉ"/>
		<feat xlink:href="#sSpan69" value="ⲉϫⲛ"/>
		<feat xlink:href="#sSpan73" value="ⲛ"/>
		<feat xlink:href="#sSpan76" value="ⲣⲱⲙⲉ"/>
		<feat xlink:href="#sSpan79" value="ⲛ"/>
		<feat xlink:href="#sSpan84" value="ⲥⲟⲇⲟⲙⲁ"/>
		<feat xlink:href="#sSpan87" value="·"/>
		<feat xlink:href="#sSpan91" value="ⲙⲛ"/>
		<feat xlink:href="#sSpan97" value="ⲅⲟⲙⲟⲣⲣⲁ"/>
		<feat xlink:href="#sSpan100" value="·"/>
		<feat xlink:href="#sSpan104" value="ϣⲁⲛⲧⲉ"/>
		<feat xlink:href="#sSpan109" value="ϥ"/>
		<feat xlink:href="#sSpan111" value="ⲃⲟⲧ"/>
		<feat xlink:href="#sSpan113" value="ⲟⲩ"/>
		<feat xlink:href="#sSpan115" value="ⲉⲃⲟⲗ"/>
		<feat xlink:href="#sSpan120" value="ⲉⲧⲃⲉ"/>
		<feat xlink:href="#sSpan124" value="ⲛⲉⲩ"/>
		<feat xlink:href="#sSpan128" value="ⲙⲛⲧⲁⲥⲉⲃⲏⲥ"/>
		<feat xlink:href="#sSpan133" value="ϣⲁⲧⲛ"/>
		<feat xlink:href="#sSpan139" value="ⲗⲱⲧ"/>
		<feat xlink:href="#sSpan142" value="ⲙⲛ"/>
		<feat xlink:href="#sSpan147" value="ⲛⲉϥ"/>
		<feat xlink:href="#sSpan150" value="ϣⲏⲣⲉ"/>
		<feat xlink:href="#sSpan152" value="·"/>
		<feat xlink:href="#sSpan157" value="ⲡ"/>
		<feat xlink:href="#sSpan163" value="ⲉⲛⲧ"/>
		<feat xlink:href="#sSpan165" value="ⲁ"/>
		<feat xlink:href="#sSpan167" value="ϥ"/>
		<feat xlink:href="#sSpan169" value="ⲱⲙⲥ"/>
		<feat xlink:href="#sSpan171" value="ⲙ"/>
		<feat xlink:href="#sSpan177" value="ⲫⲁⲣⲁⲱ"/>
		<feat xlink:href="#sSpan180" value="ⲙⲛ"/>
		<feat xlink:href="#sSpan185" value="ⲡⲉϥ"/>
		<feat xlink:href="#sSpan188" value="ⲙⲏⲏϣⲉ"/>
		<feat xlink:href="#sSpan191" value="ϩⲛ"/>
		<feat xlink:href="#sSpan195" value="ⲧ"/>
		<feat xlink:href="#sSpan199" value="ϩⲁⲗⲁⲥⲥⲁ"/>
		<feat xlink:href="#sSpan202" value="·"/>
		<feat xlink:href="#sSpan206" value="ⲉⲧⲃⲉ"/>
		<feat xlink:href="#sSpan210" value="ⲧⲉϥ"/>
		<feat xlink:href="#sSpan213" value="ⲙⲛⲧⲁⲧⲛⲟⲩⲧⲉ"/>
		<feat xlink:href="#sSpan218" value="·"/>
		<feat xlink:href="#sSpan223" value="ⲡⲉϫⲁ"/>
		<feat xlink:href="#sSpan230" value="ⲩ"/>
		<feat xlink:href="#sSpan232" value="ⲛϭⲓ"/>
		<feat xlink:href="#sSpan236" value="ⲛ"/>
		<feat xlink:href="#sSpan239" value="ⲉⲛⲧ"/>
		<feat xlink:href="#sSpan242" value="ⲁ"/>
		<feat xlink:href="#sSpan244" value="ⲩ"/>
		<feat xlink:href="#sSpan246" value="ⲙⲉⲣⲉ"/>
		<feat xlink:href="#sSpan248" value="ⲡ"/>
		<feat xlink:href="#sSpan251" value="ⲥⲁϩⲟⲩ"/>
		<feat xlink:href="#sSpan253" value="ϫⲉ"/>
		<feat xlink:href="#sSpan258" value="ⲉϥⲉ"/>
		<feat xlink:href="#sSpan260" value="ⲉⲓ"/>
		<feat xlink:href="#sSpan262" value="ⲛⲁ"/>
		<feat xlink:href="#sSpan266" value="ⲩ"/>
		<feat xlink:href="#sSpan268" value="·"/>
		<feat xlink:href="#sSpan272" value="ϫⲉ"/>
		<feat xlink:href="#sSpan276" value="ⲙⲛ"/>
		<feat xlink:href="#sSpan279" value="ϭⲟⲙ"/>
		<feat xlink:href="#sSpan281" value="ⲙⲙⲟ"/>
		<feat xlink:href="#sSpan285" value="ϥ"/>
		<feat xlink:href="#sSpan287" value="ⲉ"/>
		<feat xlink:href="#sSpan291" value="ⲧⲟⲩϫⲟ"/>
		<feat xlink:href="#sSpan294" value="ϥ"/>
		<feat xlink:href="#sSpan296" value="ⲉⲧⲟⲟⲧ"/>
		<feat xlink:href="#sSpan300" value="ⲟⲩ"/>
		<feat xlink:href="#sSpan302" value="ⲛ"/>
		<feat xlink:href="#sSpan306" value="ⲛ"/>
		<feat xlink:href="#sSpan310" value="ⲉⲛⲧ"/>
		<feat xlink:href="#sSpan312" value="ⲁ"/>
		<feat xlink:href="#sSpan314" value="ⲩ"/>
		<feat xlink:href="#sSpan317" value="ⲥⲧⲁⲩⲣⲟⲩ"/>
		<feat xlink:href="#sSpan319" value="ⲙⲙⲟ"/>
		<feat xlink:href="#sSpan324" value="ϥ"/>
		<feat xlink:href="#sSpan326" value="·"/>
		<feat xlink:href="#sSpan330" value="ⲡⲉⲛ"/>
		<feat xlink:href="#sSpan339" value="…"/>
		<feat xlink:href="#sSpan347" value="…"/>
		<feat xlink:href="#sSpan354" value="…"/>
		<feat xlink:href="#sSpan361" value="…"/>
		<feat xlink:href="#sSpan368" value="…"/>
		<feat xlink:href="#sSpan373" value="ϩⲕ"/>
		<feat xlink:href="#sSpan379" value="......."/>
		<feat xlink:href="#sSpan383" value="ⲡ"/>
		<feat xlink:href="#sSpan391" value="ⲉⲛⲧ"/>
		<feat xlink:href="#sSpan393" value="ⲁ"/>
		<feat xlink:href="#sSpan395" value="ϥ"/>
		<feat xlink:href="#sSpan397" value="ⲧⲣⲉ"/>
		<feat xlink:href="#sSpan399" value="ⲩ"/>
		<feat xlink:href="#sSpan401" value="ϣⲱⲡⲉ"/>
		<feat xlink:href="#sSpan404" value="ⲧⲏⲣ"/>
		<feat xlink:href="#sSpan408" value="ⲟⲩ"/>
		<feat xlink:href="#sSpan410" value="·"/>
		<feat xlink:href="#sSpan415" value="ⲡ"/>
		<feat xlink:href="#sSpan421" value="ⲉⲛⲧ"/>
		<feat xlink:href="#sSpan423" value="ⲁ"/>
		<feat xlink:href="#sSpan425" value="ϥ"/>
		<feat xlink:href="#sSpan427" value="ⲧⲣⲉ"/>
		<feat xlink:href="#sSpan429" value="ⲡ"/>
		<feat xlink:href="#sSpan433" value="ⲕⲁϩ"/>
		<feat xlink:href="#sSpan435" value="ⲟⲩⲱⲛ"/>
		<feat xlink:href="#sSpan439" value="ⲛ"/>
		<feat xlink:href="#sSpan443" value="ⲣⲱ"/>
		<feat xlink:href="#sSpan447" value="ϥ"/>
		<feat xlink:href="#sSpan449" value="ⲁ"/>
		<feat xlink:href="#sSpan453" value="ϥ"/>
		<feat xlink:href="#sSpan455" value="ⲱⲙⲕ"/>
		<feat xlink:href="#sSpan457" value="ⲛ"/>
		<feat xlink:href="#sSpan462" value="ⲟⲩ"/>
		<feat xlink:href="#sSpan465" value="ⲙⲏⲏϣⲉ"/>
		<feat xlink:href="#sSpan467" value="ϫⲉ"/>
		<feat xlink:href="#sSpan472" value="ⲁ"/>
		<feat xlink:href="#sSpan475" value="ⲩ"/>
		<feat xlink:href="#sSpan478" value="ⲣⲛⲟⲃⲉ"/>
		<feat xlink:href="#sSpan481" value="ⲉⲣⲟ"/>
		<feat xlink:href="#sSpan485" value="ϥ"/>
		<feat xlink:href="#sSpan487" value="ⲙ"/>
		<feat xlink:href="#sSpan492" value="ⲡⲉⲓ"/>
		<feat xlink:href="#sSpan495" value="ⲟⲩⲟⲉⲓϣ"/>
		<feat xlink:href="#sSpan497" value="ⲙⲛ"/>
		<feat xlink:href="#sSpan502" value="ⲛ"/>
		<feat xlink:href="#sSpan505" value="ⲉⲛⲧ"/>
		<feat xlink:href="#sSpan507" value="ⲁ"/>
		<feat xlink:href="#sSpan509" value="ϥ"/>
		<feat xlink:href="#sSpan511" value="ⲃⲟⲧ"/>
		<feat xlink:href="#sSpan514" value="ⲟⲩ"/>
		<feat xlink:href="#sSpan516" value="ⲉⲃⲟⲗ"/>
		<feat xlink:href="#sSpan520" value="ⲧⲏⲣ"/>
		<feat xlink:href="#sSpan524" value="ⲟⲩ"/>
		<feat xlink:href="#sSpan526" value="ϩⲛ"/>
		<feat xlink:href="#sSpan531" value="ⲧ"/>
		<feat xlink:href="#sSpan535" value="ⲉⲣⲏⲙⲟⲥ"/>
		<feat xlink:href="#sSpan537" value="·"/>
		<feat xlink:href="#sSpan542" value="ⲡⲉϫⲁ"/>
		<feat xlink:href="#sSpan550" value="ⲩ"/>
		<feat xlink:href="#sSpan552" value="ⲛϭⲓ"/>
		<feat xlink:href="#sSpan556" value="ⲛ"/>
		<feat xlink:href="#sSpan559" value="ⲣⲱⲙⲉ"/>
		<feat xlink:href="#sSpan562" value="ⲉⲧ"/>
		<feat xlink:href="#sSpan567" value="ⲣϩⲟⲩⲉⲥϩⲟⲩⲟⲣⲧ"/>
		<feat xlink:href="#sSpan572" value="·"/>
		<feat xlink:href="#sSpan576" value="ϫⲉ"/>
		<feat xlink:href="#sSpan580" value="ⲉϣϫⲉ"/>
		<feat xlink:href="#sSpan583" value="ⲡ"/>
		<feat xlink:href="#sSpan586" value="ⲛⲟⲩⲧⲉ"/>
		<feat xlink:href="#sSpan588" value="ⲡⲉ"/>
		<feat xlink:href="#sSpan592" value="ⲁϩⲣⲟ"/>
		<feat xlink:href="#sSpan597" value="ⲟⲩ"/>
		<feat xlink:href="#sSpan599" value="ⲁ"/>
		<feat xlink:href="#sSpan603" value="ⲩ"/>
		<feat xlink:href="#sSpan606" value="ⲥⲧⲁⲩⲣⲟⲩ"/>
		<feat xlink:href="#sSpan608" value="ⲙⲙⲟ"/>
		<feat xlink:href="#sSpan613" value="ϥ"/>
		<feat xlink:href="#sSpan615" value="·"/>
		<feat xlink:href="#sSpan620" value="ⲛⲓⲙ"/>
		<feat xlink:href="#sSpan627" value="ⲡ"/>
		<feat xlink:href="#sSpan631" value="ⲉⲧ"/>
		<feat xlink:href="#sSpan633" value="ⲛⲁ"/>
		<feat xlink:href="#sSpan635" value="ϣ"/>
		<feat xlink:href="#sSpan638" value="ϫⲓⲏⲡ"/>
		<feat xlink:href="#sSpan642" value="ⲉ"/>
		<feat xlink:href="#sSpan646" value="ⲛⲙⲙⲛⲧ"/>
		<feat xlink:href="#sSpan650" value="…"/>
		<feat xlink:href="#sSpan659" value="…"/>
		<feat xlink:href="#sSpan666" value="…"/>
		<feat xlink:href="#sSpan675" value="…"/>
		<feat xlink:href="#sSpan682" value="…"/>
		<feat xlink:href="#sSpan687" value="......"/>
		<feat xlink:href="#sSpan692" value="ⲗⲟⲥ"/>
		<feat xlink:href="#sSpan697" value="ⲧⲏⲣ"/>
		<feat xlink:href="#sSpan702" value="ⲟⲩ"/>
		<feat xlink:href="#sSpan704" value="·"/>
		<feat xlink:href="#sSpan709" value="ⲛ"/>
		<feat xlink:href="#sSpan714" value="ⲧ"/>
		<feat xlink:href="#sSpan716" value="ϩⲉ"/>
		<feat xlink:href="#sSpan718" value="ⲛⲧ"/>
		<feat xlink:href="#sSpan722" value="ⲁ"/>
		<feat xlink:href="#sSpan724" value="ⲟⲩⲁ"/>
		<feat xlink:href="#sSpan727" value="ⲛ"/>
		<feat xlink:href="#sSpan731" value="ⲟⲩⲱⲧ"/>
		<feat xlink:href="#sSpan734" value="ⲉⲓ"/>
		<feat xlink:href="#sSpan739" value="ⲉⲃⲟⲗ"/>
		<feat xlink:href="#sSpan743" value="ϩⲓⲧⲟⲟⲧ"/>
		<feat xlink:href="#sSpan748" value="ϥ"/>
		<feat xlink:href="#sSpan750" value="·"/>
		<feat xlink:href="#sSpan754" value="ⲁ"/>
		<feat xlink:href="#sSpan758" value="ϥ"/>
		<feat xlink:href="#sSpan760" value="ⲙⲟⲩⲟⲩⲧ"/>
		<feat xlink:href="#sSpan762" value="ⲙ"/>
		<feat xlink:href="#sSpan768" value="ⲙⲛⲧϣⲙⲏⲛ"/>
		<feat xlink:href="#sSpan772" value="ⲛ"/>
		<feat xlink:href="#sSpan777" value="ⲧⲃⲁ"/>
		<feat xlink:href="#sSpan780" value="ⲟⲩ"/>
		<feat xlink:href="#sSpan784" value="ϭⲟⲥ"/>
		<feat xlink:href="#sSpan786" value="ⲛ"/>
		<feat xlink:href="#sSpan790" value="ⲣⲱⲙⲉ"/>
		<feat xlink:href="#sSpan793" value="ϩⲛ"/>
		<feat xlink:href="#sSpan797" value="ⲟⲩ"/>
		<feat xlink:href="#sSpan800" value="ⲟⲩϣⲏ"/>
		<feat xlink:href="#sSpan803" value="ⲉ"/>
		<feat xlink:href="#sSpan807" value="ⲛ"/>
		<feat xlink:href="#sSpan809" value="ⲟⲩⲱⲧ"/>
		<feat xlink:href="#sSpan811" value="·"/>
		<feat xlink:href="#sSpan815" value="ⲉⲃⲟⲗ"/>
		<feat xlink:href="#sSpan821" value="ϩⲛ"/>
		<feat xlink:href="#sSpan825" value="ⲧ"/>
		<feat xlink:href="#sSpan829" value="ⲡⲁⲣⲉⲙⲃⲟⲗⲏ"/>
		<feat xlink:href="#sSpan832" value="ⲛ"/>
		<feat xlink:href="#sSpan836" value="ϩⲉⲛ"/>
		<feat xlink:href="#sSpan839" value="ⲙⲏⲏϣⲉ"/>
		<feat xlink:href="#sSpan843" value="ⲛ"/>
		<feat xlink:href="#sSpan847" value="ⲣⲱⲙⲉ"/>
		<feat xlink:href="#sSpan849" value="ⲛ"/>
		<feat xlink:href="#sSpan854" value="ⲁⲧⲛⲟⲩⲧⲉ"/>
		<feat xlink:href="#sSpan858" value="·"/>
		<feat xlink:href="#sSpan863" value="ⲁⲩⲱ"/>
		<feat xlink:href="#sSpan870" value="ⲛⲧ"/>
		<feat xlink:href="#sSpan874" value="ⲁ"/>
		<feat xlink:href="#sSpan877" value="ⲙⲱⲩⲥⲏⲥ"/>
		<feat xlink:href="#sSpan881" value="ⲡⲉϥ"/>
		<feat xlink:href="#sSpan885" value="ⲥⲱⲧⲡ"/>
		<feat xlink:href="#sSpan887" value="ⲉ"/>
		<feat xlink:href="#sSpan892" value="ⲣ"/>
		<feat xlink:href="#sSpan894" value="ⲛⲉⲓ"/>
		<feat xlink:href="#sSpan897" value="ⲙⲟⲓϩⲉ"/>
		<feat xlink:href="#sSpan899" value="ⲧⲏⲣ"/>
		<feat xlink:href="#sSpan904" value="ⲟⲩ"/>
		<feat xlink:href="#sSpan906" value="ϩⲛ"/>
		<feat xlink:href="#sSpan910" value="ⲕⲏⲙⲉ"/>
		<feat xlink:href="#sSpan913" value="·"/>
		<feat xlink:href="#sSpan917" value="ⲁⲩⲱ"/>
		<feat xlink:href="#sSpan922" value="ϩⲛ"/>
		<feat xlink:href="#sSpan926" value="ⲧ"/>
		<feat xlink:href="#sSpan930" value="ⲉⲣⲩⲑⲣⲁ"/>
		<feat xlink:href="#sSpan934" value="ⲑⲁⲗⲁⲥⲥⲁ"/>
		<feat xlink:href="#sSpan938" value="·"/>
		<feat xlink:href="#sSpan942" value="ⲁⲩⲱ"/>
		<feat xlink:href="#sSpan947" value="ⲡ"/>
		<feat xlink:href="#sSpan952" value="ϫⲁⲓⲉ"/>
		<feat xlink:href="#sSpan954" value="ⲛ"/>
		<feat xlink:href="#sSpan959" value="ϩⲙⲉ"/>
		<feat xlink:href="#sSpan965" value="ⲛ"/>
		<feat xlink:href="#sSpan969" value="ⲣⲟⲙⲡⲉ"/>
		<feat xlink:href="#sSpan972" value="·"/>
		<feat xlink:href="#sSpan978" value="ⲁⲩⲱ"/>
		<feat xlink:href="#sSpan983" value="ⲛ"/>
		<feat xlink:href="#sSpan988" value="ⲉⲛⲧ"/>
		<feat xlink:href="#sSpan990" value="ⲁ"/>
		<feat xlink:href="#sSpan992" value="ϥ"/>
		<feat xlink:href="#sSpan994" value="ⲁⲁ"/>
		<feat xlink:href="#sSpan997" value="ⲩ"/>
		<feat xlink:href="#sSpan999" value="ⲧⲏⲣ"/>
		<feat xlink:href="#sSpan1003" value="ⲟⲩ"/>
		<feat xlink:href="#sSpan1005" value="ⲉⲃⲟⲗ"/>
		<feat xlink:href="#sSpan1009" value="ϩⲓⲧⲙ"/>
		<feat xlink:href="#sSpan1014" value="ⲡⲉϥ"/>
		<feat xlink:href="#sSpan1017" value="ϩⲙϩⲁⲗ"/>
		<feat xlink:href="#sSpan1021" value="ⲓⲏⲥⲟⲩⲥ"/>
		<feat xlink:href="#sSpan1025" value="ⲡ"/>
		<feat xlink:href="#sSpan1029" value="ϣⲏⲣⲉ"/>
		<feat xlink:href="#sSpan1031" value="ⲛ"/>
		<feat xlink:href="#sSpan1037" value="ⲛⲁⲩⲏ"/>
		<feat xlink:href="#sSpan1040" value="·"/>
		<feat xlink:href="#sSpan1044" value="ⲡ"/>
		<feat xlink:href="#sSpan1050" value="ⲇⲩⲛⲁⲧⲟⲥ"/>
		<feat xlink:href="#sSpan1053" value="ϩⲛ"/>
		<feat xlink:href="#sSpan1057" value="ⲧⲉϥ"/>
		<feat xlink:href="#sSpan1060" value="ϭⲟⲙ"/>
		<feat xlink:href="#sSpan1063" value="·"/>
		<feat xlink:href="#sSpan1068" value="ⲁⲩⲱ"/>
		<feat xlink:href="#sSpan1075" value="ⲛⲧ"/>
		<feat xlink:href="#sSpan1079" value="ⲁ"/>
		<feat xlink:href="#sSpan1081" value="ⲡⲉϥ"/>
		<feat xlink:href="#sSpan1084" value="ϩⲙϩⲁⲗ"/>
		<feat xlink:href="#sSpan1088" value="ϩⲏⲗⲓⲁⲥ"/>
		<feat xlink:href="#sSpan1092" value="ⲧⲟⲩⲛⲉⲥ"/>
		<feat xlink:href="#sSpan1097" value="ⲛ"/>
		<feat xlink:href="#sSpan1100" value="ⲉⲧ"/>
		<feat xlink:href="#sSpan1102" value="ⲙⲟⲟⲩⲧ"/>
		<feat xlink:href="#sSpan1104" value="·"/>
		<feat xlink:href="#sSpan1110" value="ⲁⲩⲱ"/>
		<feat xlink:href="#sSpan1117" value="ⲟⲛ"/>
		<feat xlink:href="#sSpan1121" value="ⲁ"/>
		<feat xlink:href="#sSpan1125" value="ϥ"/>
		<feat xlink:href="#sSpan1127" value="ⲡⲉⲣϫ"/>
		<feat xlink:href="#sSpan1129" value="ⲙ"/>
		<feat xlink:href="#sSpan1132" value="ⲙⲟⲟⲩ"/>
		<feat xlink:href="#sSpan1135" value="ⲙ"/>
		<feat xlink:href="#sSpan1139" value="ⲡ"/>
		<feat xlink:href="#sSpan1143" value="ⲓⲟⲣⲇⲁⲛⲁⲥ"/>
		<feat xlink:href="#sSpan1146" value="·"/>
		<feat xlink:href="#sSpan1150" value="ⲁ"/>
		<feat xlink:href="#sSpan1156" value="ϥ"/>
		<feat xlink:href="#sSpan1158" value="ⲙⲟⲟϣⲉ"/>
		<feat xlink:href="#sSpan1161" value="ϩⲓϫⲙ"/>
		<feat xlink:href="#sSpan1165" value="ⲡ"/>
		<feat xlink:href="#sSpan1168" value="ⲉⲧ"/>
		<feat xlink:href="#sSpan1170" value="ϣⲟⲩⲱⲟⲩ"/>
		<feat xlink:href="#sSpan1173" value="·"/>
		<feat xlink:href="#sSpan1178" value="ⲉ"/>
		<feat xlink:href="#sSpan1186" value="ⲁ"/>
		<feat xlink:href="#sSpan1188" value="ϥ"/>
		<feat xlink:href="#sSpan1190" value="ⲥⲉϣⲧ"/>
		<feat xlink:href="#sSpan1192" value="ⲧ"/>
		<feat xlink:href="#sSpan1195" value="ⲡⲉ"/>
		<feat xlink:href="#sSpan1197" value="ⲟⲛ"/>
		<feat xlink:href="#sSpan1201" value="ⲛ"/>
		<feat xlink:href="#sSpan1206" value="ϣⲟⲙⲧⲉ"/>
		<feat xlink:href="#sSpan1209" value="ⲛ"/>
		<feat xlink:href="#sSpan1213" value="ⲣⲟⲙⲡⲉ"/>
		<feat xlink:href="#sSpan1216" value="ⲙⲛ"/>
		<feat xlink:href="#sSpan1220" value="ⲥⲟⲟⲩ"/>
		<feat xlink:href="#sSpan1223" value="ⲛ"/>
		<feat xlink:href="#sSpan1227" value="ⲉⲃⲟⲧ"/>
		<feat xlink:href="#sSpan1230" value="·"/>
		<feat xlink:href="#sSpan1235" value="ⲁⲩⲱ"/>
		<feat xlink:href="#sSpan1242" value="ⲟⲛ"/>
		<feat xlink:href="#sSpan1246" value="ⲁ"/>
		<feat xlink:href="#sSpan1250" value="ϥ"/>
		<feat xlink:href="#sSpan1252" value="ⲙ"/>
		<feat xlink:href="#sSpan1254" value="ⲡ"/>
		<feat xlink:href="#sSpan1258" value="ⲕⲱϩⲧ"/>
		<feat xlink:href="#sSpan1260" value="ⲉⲃⲟⲗ"/>
		<feat xlink:href="#sSpan1265" value="ϩⲛ"/>
		<feat xlink:href="#sSpan1270" value="ⲧ"/>
		<feat xlink:href="#sSpan1273" value="ⲡⲉ"/>
		<feat xlink:href="#sSpan1275" value="·"/>
		<feat xlink:href="#sSpan1279" value="ϩⲙ"/>
		<feat xlink:href="#sSpan1283" value="ⲡ"/>
		<feat xlink:href="#sSpan1287" value="ⲧⲣⲉ"/>
		<feat xlink:href="#sSpan1289" value="ϥ"/>
		<feat xlink:href="#sSpan1292" value="ⲉⲡⲓⲕⲁⲗⲉⲓ"/>
		<feat xlink:href="#sSpan1295" value="ⲙ"/>
		<feat xlink:href="#sSpan1299" value="ⲡ"/>
		<feat xlink:href="#sSpan1302" value="ⲣⲁⲛ"/>
		<feat xlink:href="#sSpan1304" value="ⲙ"/>
		<feat xlink:href="#sSpan1309" value="ⲡ"/>
		<feat xlink:href="#sSpan1315" value="ⲉⲧ"/>
		<feat xlink:href="#sSpan1317" value="ϫⲟⲥⲉ"/>
		<feat xlink:href="#sSpan1319" value="·"/>
		<feat xlink:href="#sSpan1323" value="ⲁ"/>
		<feat xlink:href="#sSpan1329" value="ϥ"/>
		<feat xlink:href="#sSpan1331" value="ⲟⲩⲱⲙ"/>
		<feat xlink:href="#sSpan1334" value="ⲛ"/>
		<feat xlink:href="#sSpan1338" value="ⲛ"/>
		<feat xlink:href="#sSpan1341" value="ϣⲛⲉ"/>
		<feat xlink:href="#sSpan1343" value="·"/>
		<feat xlink:href="#sSpan1347" value="ⲙⲛ"/>
		<feat xlink:href="#sSpan1352" value="ⲡ"/>
		<feat xlink:href="#sSpan1355" value="ⲙⲟⲟⲩ"/>
		<feat xlink:href="#sSpan1357" value="·"/>
		<feat xlink:href="#sSpan1361" value="ⲙⲛ"/>
		<feat xlink:href="#sSpan1366" value="ⲛ"/>
		<feat xlink:href="#sSpan1369" value="ϣⲉ"/>
		<feat xlink:href="#sSpan1371" value="·"/>
		<feat xlink:href="#sSpan1375" value="ⲙⲛ"/>
		<feat xlink:href="#sSpan1380" value="ⲙ"/>
		<feat xlink:href="#sSpan1383" value="ⲙⲁⲥⲉ"/>
		<feat xlink:href="#sSpan1385" value="·"/>
		<feat xlink:href="#sSpan1389" value="ⲉⲧ"/>
		<feat xlink:href="#sSpan1394" value="ϣⲁⲁⲧ"/>
		<feat xlink:href="#sSpan1396" value="ϩⲓϫⲱ"/>
		<feat xlink:href="#sSpan1401" value="ⲟⲩ"/>
		<feat xlink:href="#sSpan1403" value="·"/>
		<feat xlink:href="#sSpan1407" value="ⲡⲁⲓ"/>
		<feat xlink:href="#sSpan1411" value="ⲛⲧ"/>
		<feat xlink:href="#sSpan1416" value="ⲁ"/>
		<feat xlink:href="#sSpan1418" value="ϥ"/>
		<feat xlink:href="#sSpan1420" value="ⲧⲁⲙⲓⲟ"/>
		<feat xlink:href="#sSpan1422" value="ϥ"/>
		<feat xlink:href="#sSpan1424" value="ⲙ"/>
		<feat xlink:href="#sSpan1429" value="ⲡ"/>
		<feat xlink:href="#sSpan1433" value="ⲧⲏⲡⲟⲥ"/>
		<feat xlink:href="#sSpan1435" value="ⲛ"/>
		<feat xlink:href="#sSpan1440" value="ⲑⲩⲥⲓⲁ"/>
		<feat xlink:href="#sSpan1444" value="·"/>
		<feat xlink:href="#sSpan1448" value="ⲁⲩⲱ"/>
		<feat xlink:href="#sSpan1452" value="ⲡ"/>
		<feat xlink:href="#sSpan1457" value="ⲕⲉ"/>
		<feat xlink:href="#sSpan1459" value="ⲕⲁϩ"/>
		<feat xlink:href="#sSpan1462" value="ⲡⲁⲓ"/>
		<feat xlink:href="#sSpan1466" value="ⲛⲧ"/>
		<feat xlink:href="#sSpan1470" value="ⲁ"/>
		<feat xlink:href="#sSpan1472" value="ϥ"/>
		<feat xlink:href="#sSpan1474" value="ⲧⲁⲙⲓⲟ"/>
		<feat xlink:href="#sSpan1477" value="ϥ"/>
		<feat xlink:href="#sSpan1479" value="ⲙ"/>
		<feat xlink:href="#sSpan1483" value="ⲡ"/>
		<feat xlink:href="#sSpan1487" value="ⲧⲏⲡⲟⲥ"/>
		<feat xlink:href="#sSpan1490" value="ⲛ"/>
		<feat xlink:href="#sSpan1494" value="ⲟⲩ"/>
		<feat xlink:href="#sSpan1498" value="ⲑⲁⲗⲁⲥⲥⲁ"/>
		<feat xlink:href="#sSpan1501" value="·"/>
		<feat xlink:href="#sSpan1505" value="ⲙⲛ"/>
		<feat xlink:href="#sSpan1509" value="ⲡⲉϥ"/>
		<feat xlink:href="#sSpan1512" value="ⲕⲱⲧⲉ"/>
		<feat xlink:href="#sSpan1515" value="ⲧⲏⲣ"/>
		<feat xlink:href="#sSpan1519" value="ϥ"/>
		<feat xlink:href="#sSpan1521" value="·"/>
		<feat xlink:href="#sSpan1526" value="ⲁⲩⲱ"/>
		<feat xlink:href="#sSpan1533" value="ⲛⲧ"/>
		<feat xlink:href="#sSpan1537" value="ⲁ"/>
		<feat xlink:href="#sSpan1539" value="ϥ"/>
		<feat xlink:href="#sSpan1541" value="ϣⲗⲏⲗ"/>
		<feat xlink:href="#sSpan1543" value="ⲁ"/>
		<feat xlink:href="#sSpan1548" value="ϥ"/>
		<feat xlink:href="#sSpan1550" value="ϣⲟⲩⲟ"/>
		<feat xlink:href="#sSpan1552" value="ⲛϭⲓ"/>
		<feat xlink:href="#sSpan1556" value="ⲡ"/>
		<feat xlink:href="#sSpan1560" value="ⲙⲟⲩ"/>
		<feat xlink:href="#sSpan1562" value="ⲛ"/>
		<feat xlink:href="#sSpan1566" value="ϩⲱⲟⲩ"/>
		<feat xlink:href="#sSpan1569" value="ⲉϫⲙ"/>
		<feat xlink:href="#sSpan1574" value="ⲡ"/>
		<feat xlink:href="#sSpan1577" value="ⲕⲁϩ"/>
		<feat xlink:href="#sSpan1579" value="·"/>
		<feat xlink:href="#sSpan1583" value="ⲁ"/>
		<feat xlink:href="#sSpan1589" value="ϥ"/>
		<feat xlink:href="#sSpan1591" value="ϯ"/>
		<feat xlink:href="#sSpan1594" value="ⲙ"/>
		<feat xlink:href="#sSpan1596" value="ⲡⲉϥ"/>
		<feat xlink:href="#sSpan1600" value="ⲕⲁⲣⲡⲟⲥ"/>
		<feat xlink:href="#sSpan1603" value="·"/>
		<feat xlink:href="#sSpan1608" value="ⲛ"/>
		<feat xlink:href="#sSpan1615" value="ⲧⲉⲓ"/>
		<feat xlink:href="#sSpan1617" value="ϩⲉ"/>
		<feat xlink:href="#sSpan1619" value="ⲟⲛ"/>
		<feat xlink:href="#sSpan1623" value="ⲡⲉ"/>
		<feat xlink:href="#sSpan1627" value="ⲡⲉϥ"/>
		<feat xlink:href="#sSpan1632" value="ϩⲙϩⲁⲗ"/>
		<feat xlink:href="#sSpan1636" value="ⲉⲗⲓⲥⲥⲁⲓⲟⲥ"/>
		<feat xlink:href="#sSpan1640" value="ⲉ"/>
		<feat xlink:href="#sSpan1646" value="ⲁ"/>
		<feat xlink:href="#sSpan1648" value="ϥ"/>
		<feat xlink:href="#sSpan1650" value="ⲧⲟⲩⲛⲉⲥ"/>
		<feat xlink:href="#sSpan1652" value="ⲛ"/>
		<feat xlink:href="#sSpan1655" value="ⲉⲧ"/>
		<feat xlink:href="#sSpan1657" value="ⲙⲟⲟⲩⲧ"/>
		<feat xlink:href="#sSpan1660" value="·"/>
		<feat xlink:href="#sSpan1664" value="ⲁⲩⲱ"/>
		<feat xlink:href="#sSpan1670" value="ⲁ"/>
		<feat xlink:href="#sSpan1676" value="ϥ"/>
		<feat xlink:href="#sSpan1679" value="ⲡⲁⲧⲁⲥⲥⲉⲓ"/>
		<feat xlink:href="#sSpan1681" value="ⲙ"/>
		<feat xlink:href="#sSpan1686" value="ⲡ"/>
		<feat xlink:href="#sSpan1689" value="ⲙⲏⲏϣⲉ"/>
		<feat xlink:href="#sSpan1692" value="..."/>
		<feat xlink:href="#sSpan1696" value="ⲣⲉⲱ"/>
		<feat xlink:href="#sSpan1703" value="......"/>
		<feat xlink:href="#sSpan1707" value="ⲙ"/>
		<feat xlink:href="#sSpan1712" value="....."/>
		<feat xlink:href="#sSpan1716" value="ⲛⲕ"/>
		<feat xlink:href="#sSpan1721" value="...."/>
		<feat xlink:href="#sSpan1725" value="ⲛⲧ"/>
		<feat xlink:href="#sSpan1732" value="ⲁ"/>
		<feat xlink:href="#sSpan1734" value="ϥ"/>
		<feat xlink:href="#sSpan1736" value="ⲁⲁ"/>
		<feat xlink:href="#sSpan1738" value="ⲩ"/>
		<feat xlink:href="#sSpan1741" value="ϩⲙ"/>
		<feat xlink:href="#sSpan1745" value="ⲡ"/>
		<feat xlink:href="#sSpan1749" value="ⲣⲁⲛ"/>
		<feat xlink:href="#sSpan1751" value="ⲙ"/>
		<feat xlink:href="#sSpan1755" value="ⲡⲉ"/>
		<feat xlink:href="#sSpan1757" value="ϫⲟⲥⲉ"/>
		<feat xlink:href="#sSpan1760" value="·"/>
		<feat xlink:href="#sSpan1765" value="ⲁⲩⲱ"/>
		<feat xlink:href="#sSpan1773" value="ⲡⲉϫⲁ"/>
		<feat xlink:href="#sSpan1777" value="ⲩ"/>
		<feat xlink:href="#sSpan1779" value="ⲛϭⲓ"/>
		<feat xlink:href="#sSpan1783" value="ⲛ"/>
		<feat xlink:href="#sSpan1787" value="ⲣⲱⲙⲉ"/>
		<feat xlink:href="#sSpan1789" value="ⲉⲧ"/>
		<feat xlink:href="#sSpan1793" value="ⲥϩⲟⲩⲟⲣⲧ"/>
		<feat xlink:href="#sSpan1796" value="ϫⲉ"/>
		<feat xlink:href="#sSpan1800" value="ⲙ"/>
		<feat xlink:href="#sSpan1802" value="ⲡ"/>
		<feat xlink:href="#sSpan1805" value="ⲛⲟⲩⲧⲉ"/>
		<feat xlink:href="#sSpan1808" value="ⲁⲛ"/>
		<feat xlink:href="#sSpan1812" value="ⲡⲉ"/>
		<feat xlink:href="#sSpan1816" value="·"/>
		<feat xlink:href="#sSpan1822" value="ⲟⲩⲕ"/>
		<feat xlink:href="#sSpan1829" value="ⲟⲩⲛ"/>
		<feat xlink:href="#sSpan1833" value="ⲉϫⲛ"/>
		<feat xlink:href="#sSpan1837" value="ⲛⲁⲓ"/>
		<feat xlink:href="#sSpan1840" value="ⲙⲁⲣⲉ"/>
		<feat xlink:href="#sSpan1845" value="ⲛ"/>
		<feat xlink:href="#sSpan1847" value="ϫⲛⲉ"/>
		<feat xlink:href="#sSpan1849" value="ⲛ"/>
		<feat xlink:href="#sSpan1852" value="ⲁⲡⲓⲥⲧⲟⲥ"/>
		<feat xlink:href="#sSpan1856" value="·"/>
		<feat xlink:href="#sSpan1860" value="ⲉⲣⲉ"/>
		<feat xlink:href="#sSpan1864" value="ⲡ"/>
		<feat xlink:href="#sSpan1868" value="ⲥⲁϩⲟⲩ"/>
		<feat xlink:href="#sSpan1870" value="ⲙ"/>
		<feat xlink:href="#sSpan1874" value="ⲡ"/>
		<feat xlink:href="#sSpan1877" value="ⲛⲟⲩⲧⲉ"/>
		<feat xlink:href="#sSpan1880" value="ϩⲛ"/>
		<feat xlink:href="#sSpan1884" value="ⲛⲉⲩ"/>
		<feat xlink:href="#sSpan1887" value="ⲏⲓ"/>
		<feat xlink:href="#sSpan1889" value="·"/>
		<feat xlink:href="#sSpan1893" value="ⲁⲩⲱ"/>
		<feat xlink:href="#sSpan1898" value="ⲛⲛⲁϩⲣⲛ"/>
		<feat xlink:href="#sSpan1902" value="ⲙ"/>
		<feat xlink:href="#sSpan1907" value="ⲡⲓⲥⲧⲟⲥ"/>
		<feat xlink:href="#sSpan1909" value="ⲁⲛ"/>
		<feat xlink:href="#sSpan1913" value="ⲉⲧⲉⲣⲉ"/>
		<feat xlink:href="#sSpan1918" value="ⲡⲉ"/>
		<feat xlink:href="#sSpan1921" value="ⲥⲙⲟⲩ"/>
		<feat xlink:href="#sSpan1923" value="ⲙ"/>
		<feat xlink:href="#sSpan1928" value="ⲡ"/>
		<feat xlink:href="#sSpan1931" value="ϫⲟⲉⲓⲥ"/>
		<feat xlink:href="#sSpan1933" value="ϩⲓϫⲛ"/>
		<feat xlink:href="#sSpan1937" value="ⲧⲉⲩ"/>
		<feat xlink:href="#sSpan1941" value="ⲁⲡⲉ"/>
		<feat xlink:href="#sSpan1943" value="·"/>
		<feat xlink:href="#sSpan1948" value="ϫⲉ"/>
		<feat xlink:href="#sSpan1955" value="ⲙⲁ"/>
		<feat xlink:href="#sSpan1957" value="ⲧⲁⲙⲟ"/>
		<feat xlink:href="#sSpan1959" value="ⲛ"/>
		<feat xlink:href="#sSpan1961" value="ⲛⲧⲟⲟⲩⲛ"/>
		<feat xlink:href="#sSpan1966" value="ϫⲉ"/>
		<feat xlink:href="#sSpan1970" value="ⲛⲓⲙ"/>
		<feat xlink:href="#sSpan1972" value="ⲡⲉ"/>
		<feat xlink:href="#sSpan1977" value="ⲡⲉⲧⲛ"/>
		<feat xlink:href="#sSpan1982" value="ⲛⲟⲩⲧⲉ"/>
		<feat xlink:href="#sSpan1986" value="ⲱ"/>
		<feat xlink:href="#sSpan1993" value="ⲛ"/>
		<feat xlink:href="#sSpan1998" value="ⲣⲱⲙⲉ"/>
		<feat xlink:href="#sSpan2000" value="ⲛ"/>
		<feat xlink:href="#sSpan2004" value="ⲧⲁ"/>
		<feat xlink:href="#sSpan2006" value="ⲩ"/>
		<feat xlink:href="#sSpan2008" value="...."/>
		<feat xlink:href="#sSpan2014" value="."/>
		<feat xlink:href="#sSpan2019" value="ϩⲟⲩo"/>
		<feat xlink:href="#sSpan2025" value="ϩⲉⲓ......."/>
		<feat xlink:href="#sSpan2032" value="ⲟⲩ"/>
		<feat xlink:href="#sSpan2036" value="..........·"/>
		<feat xlink:href="#sSpan2042" value="ⲉϣϫⲉ"/>
		<feat xlink:href="#sSpan2050" value="ⲧⲉⲧⲛ"/>
		<feat xlink:href="#sSpan2054" value="ϫⲱ"/>
		<feat xlink:href="#sSpan2057" value="ⲙⲙⲟ"/>
		<feat xlink:href="#sSpan2063" value="ⲥ"/>
		<feat xlink:href="#sSpan2065" value="ϫⲉ"/>
		<feat xlink:href="#sSpan2069" value="ⲛ"/>
		<feat xlink:href="#sSpan2072" value="ⲉⲧ"/>
		<feat xlink:href="#sSpan2074" value="ϩⲁ"/>
		<feat xlink:href="#sSpan2077" value="ⲧ"/>
		<feat xlink:href="#sSpan2080" value="ⲡⲉ"/>
		<feat xlink:href="#sSpan2082" value="ⲛⲉ"/>
		<feat xlink:href="#sSpan2087" value="ⲛⲉⲧⲛ"/>
		<feat xlink:href="#sSpan2093" value="ⲛⲟⲩⲧⲉ"/>
		<feat xlink:href="#sSpan2095" value="·"/>
		<feat xlink:href="#sSpan2099" value="ⲧⲉⲧⲛ"/>
		<feat xlink:href="#sSpan2104" value="ⲥϩⲟⲩⲟⲣⲧ"/>
		<feat xlink:href="#sSpan2106" value="·"/>
		<feat xlink:href="#sSpan2110" value="ϫⲉ"/>
		<feat xlink:href="#sSpan2114" value="ⲛⲧ"/>
		<feat xlink:href="#sSpan2117" value="ⲁ"/>
		<feat xlink:href="#sSpan2119" value="ⲡⲉⲛ"/>
		<feat xlink:href="#sSpan2122" value="ϫⲟⲉⲓⲥ"/>
		<feat xlink:href="#sSpan2124" value="ⲁⲩⲱ"/>
		<feat xlink:href="#sSpan2129" value="ⲡⲉⲛ"/>
		<feat xlink:href="#sSpan2134" value="ⲛⲟⲩⲧⲉ"/>
		<feat xlink:href="#sSpan2137" value="ⲁⲛⲟⲛ"/>
		<feat xlink:href="#sSpan2141" value="ⲛⲉ"/>
		<feat xlink:href="#sSpan2147" value="ⲭⲣⲓⲥⲧⲓⲁⲛⲟⲥ"/>
		<feat xlink:href="#sSpan2150" value="·"/>
		<feat xlink:href="#sSpan2154" value="ⲧⲁⲙⲓⲟ"/>
		<feat xlink:href="#sSpan2159" value="ⲟⲩ"/>
		<feat xlink:href="#sSpan2161" value="ϫⲓⲛ"/>
		<feat xlink:href="#sSpan2165" value="ϣⲟⲣⲡ"/>
		<feat xlink:href="#sSpan2169" value="ⲉ"/>
		<feat xlink:href="#sSpan2173" value="ⲧⲣⲉ"/>
		<feat xlink:href="#sSpan2175" value="ⲩ"/>
		<feat xlink:href="#sSpan2178" value="ⲣⲟⲩⲟⲉⲓⲛ"/>
		<feat xlink:href="#sSpan2183" value="ⲉϩⲣⲁⲓ"/>
		<feat xlink:href="#sSpan2187" value="ⲉϫⲙ"/>
		<feat xlink:href="#sSpan2192" value="ⲡ"/>
		<feat xlink:href="#sSpan2195" value="ⲕⲁϩ"/>
		<feat xlink:href="#sSpan2197" value="·"/>
		<feat xlink:href="#sSpan2202" value="ⲁⲩⲱ"/>
		<feat xlink:href="#sSpan2209" value="ⲉϣϫⲉ"/>
		<feat xlink:href="#sSpan2213" value="ⲧⲉⲧⲛ"/>
		<feat xlink:href="#sSpan2215" value="ϫⲱ"/>
		<feat xlink:href="#sSpan2218" value="ⲙⲙⲟ"/>
		<feat xlink:href="#sSpan2222" value="ⲥ"/>
		<feat xlink:href="#sSpan2224" value="ⲉ"/>
		<feat xlink:href="#sSpan2229" value="ⲡ"/>
		<feat xlink:href="#sSpan2232" value="ⲙⲁⲍⲉ"/>
		<feat xlink:href="#sSpan2235" value="ⲁⲩⲱ"/>
		<feat xlink:href="#sSpan2239" value="ⲧ"/>
		<feat xlink:href="#sSpan2244" value="ⲉϩⲉ"/>
		<feat xlink:href="#sSpan2246" value="ⲙⲛ"/>
		<feat xlink:href="#sSpan2251" value="ⲛ"/>
		<feat xlink:href="#sSpan2254" value="ⲕⲉ"/>
		<feat xlink:href="#sSpan2256" value="ⲧⲃⲛⲟⲟⲩⲉ"/>
		<feat xlink:href="#sSpan2259" value="ⲧⲏⲣ"/>
		<feat xlink:href="#sSpan2263" value="ⲟⲩ"/>
		<feat xlink:href="#sSpan2265" value="ϫⲉ"/>
		<feat xlink:href="#sSpan2269" value="ⲛⲉⲧⲛ"/>
		<feat xlink:href="#sSpan2273" value="ⲛⲟⲩⲧⲉ"/>
		<feat xlink:href="#sSpan2275" value="ⲛⲉ"/>
		<feat xlink:href="#sSpan2280" value="·"/>
		<feat xlink:href="#sSpan2284" value="ⲧⲉⲧⲛ"/>
		<feat xlink:href="#sSpan2288" value="ⲥϩⲟⲩⲟⲣⲧ"/>
		<feat xlink:href="#sSpan2292" value="ϫⲉ"/>
		<feat xlink:href="#sSpan2296" value="ⲛⲧ"/>
		<feat xlink:href="#sSpan2298" value="ⲁ"/>
		<feat xlink:href="#sSpan2300" value="ⲡ"/>
		<feat xlink:href="#sSpan2303" value="ϫⲟⲉⲓⲥ"/>
		<feat xlink:href="#sSpan2307" value="ⲙ"/>
		<feat xlink:href="#sSpan2311" value="ⲡ"/>
		<feat xlink:href="#sSpan2314" value="ⲉⲟⲟⲩ"/>
		<feat xlink:href="#sSpan2316" value="ⲡ"/>
		<feat xlink:href="#sSpan2320" value="ⲉⲓⲱⲧ"/>
		<feat xlink:href="#sSpan2322" value="ⲙ"/>
		<feat xlink:href="#sSpan2327" value="ⲡⲉⲛ"/>
		<feat xlink:href="#sSpan2330" value="ϫⲟⲉⲓⲥ"/>
		<feat xlink:href="#sSpan2333" value="ⲓⲏⲥⲟⲩⲥ"/>
		<feat xlink:href="#sSpan2337" value="ⲡⲉ"/>
		<feat xlink:href="#sSpan2343" value="ⲭⲣⲓⲥⲧⲟⲥ"/>
		<feat xlink:href="#sSpan2345" value="ⲕⲁⲁ"/>
		<feat xlink:href="#sSpan2351" value="ⲩ"/>
		<feat xlink:href="#sSpan2353" value="ⲉⲧⲃⲉ"/>
		<feat xlink:href="#sSpan2358" value="ⲥⲉⲕⲛⲁϩⲃ"/>
		<feat xlink:href="#sSpan2363" value="·"/>
		<feat xlink:href="#sSpan2367" value="ⲁⲩⲱ"/>
		<feat xlink:href="#sSpan2371" value="ⲉ"/>
		<feat xlink:href="#sSpan2377" value="ϥⲓⲉⲧⲡⲱ"/>
		<feat xlink:href="#sSpan2380" value="·"/>
		<feat xlink:href="#sSpan2384" value="ⲁⲩⲱ"/>
		<feat xlink:href="#sSpan2388" value="ⲉ"/>
		<feat xlink:href="#sSpan2393" value="ⲟⲩⲟⲙ"/>
		<feat xlink:href="#sSpan2395" value="ⲟⲩ"/>
		<feat xlink:href="#sSpan2397" value="·"/>
		<feat xlink:href="#sSpan2401" value="ⲁⲩⲱ"/>
		<feat xlink:href="#sSpan2405" value="ⲉ"/>
		<feat xlink:href="#sSpan2410" value="ⲥⲉ"/>
		<feat xlink:href="#sSpan2412" value="ⲡⲉⲩ"/>
		<feat xlink:href="#sSpan2415" value="ⲉⲣⲱⲧⲉ"/>
		<feat xlink:href="#sSpan2417" value="·"/>
		<feat xlink:href="#sSpan2421" value="ⲁⲩⲱ"/>
		<feat xlink:href="#sSpan2426" value="ⲉ"/>
		<feat xlink:href="#sSpan2430" value="ϯ"/>
		<feat xlink:href="#sSpan2432" value="ϩⲓⲱⲱ"/>
		<feat xlink:href="#sSpan2434" value="ⲛ"/>
		<feat xlink:href="#sSpan2436" value="ⲙ"/>
		<feat xlink:href="#sSpan2441" value="ⲡⲉⲩ"/>
		<feat xlink:href="#sSpan2444" value="ⲥⲟⲣⲧ"/>
		<feat xlink:href="#sSpan2446" value="·"/>
		<feat xlink:href="#sSpan2451" value="ⲉϣϫⲉ"/>
		<feat xlink:href="#sSpan2458" value="ⲧⲉⲧⲛ"/>
		<feat xlink:href="#sSpan2460" value="ϫⲱ"/>
		<feat xlink:href="#sSpan2462" value="ⲙⲙⲟ"/>
		<feat xlink:href="#sSpan2467" value="ⲥ"/>
		<feat xlink:href="#sSpan2469" value="·"/>
		<feat xlink:href="#sSpan2473" value="ϫⲉ"/>
		<feat xlink:href="#sSpan2477" value="ⲛⲉ"/>
		<feat xlink:href="#sSpan2481" value="ⲑⲏⲣⲓⲟⲛ"/>
		<feat xlink:href="#sSpan2484" value="ⲛⲉ"/>
		<feat xlink:href="#sSpan2488" value="ⲛⲉⲧⲛ"/>
		<feat xlink:href="#sSpan2493" value="ⲛⲟⲩⲧⲉ"/>
		<feat xlink:href="#sSpan2496" value="·"/>
		<feat xlink:href="#sSpan2500" value="ⲧⲉⲧⲛ"/>
		<feat xlink:href="#sSpan2504" value="ⲥϩⲟⲩⲟⲣⲧ"/>
		<feat xlink:href="#sSpan2507" value="ⲉ"/>
		<feat xlink:href="#sSpan2511" value="ⲡⲉ"/>
		<feat xlink:href="#sSpan2513" value="ϩⲟⲩⲟ"/>
		<feat xlink:href="#sSpan2515" value="·"/>
		<feat xlink:href="#sSpan2519" value="ϫⲉ"/>
		<feat xlink:href="#sSpan2524" value="ⲛⲧ"/>
		<feat xlink:href="#sSpan2526" value="ⲁ"/>
		<feat xlink:href="#sSpan2528" value="ⲡ"/>
		<feat xlink:href="#sSpan2531" value="ϫⲟⲉⲓⲥ"/>
		<feat xlink:href="#sSpan2533" value="ⲡ"/>
		<feat xlink:href="#sSpan2538" value="ⲛⲟⲩⲧⲉ"/>
		<feat xlink:href="#sSpan2540" value="ϫⲟⲟ"/>
		<feat xlink:href="#sSpan2544" value="ⲥ"/>
		<feat xlink:href="#sSpan2546" value="ⲉ"/>
		<feat xlink:href="#sSpan2551" value="ⲧⲣⲉ"/>
		<feat xlink:href="#sSpan2553" value="ⲩ"/>
		<feat xlink:href="#sSpan2555" value="ϣⲱⲡⲉ"/>
		<feat xlink:href="#sSpan2557" value="ⲧⲏⲣ"/>
		<feat xlink:href="#sSpan2562" value="ⲟⲩ"/>
		<feat xlink:href="#sSpan2564" value="·"/>
		<feat xlink:href="#sSpan2569" value="ⲉϣϫⲉ"/>
		<feat xlink:href="#sSpan2576" value="ⲡⲉ"/>
		<feat xlink:href="#sSpan2579" value="ϩⲟⲩⲟⲟⲣ"/>
		<feat xlink:href="#sSpan2582" value="ⲇⲉ"/>
		<feat xlink:href="#sSpan2587" value="ⲟⲛ"/>
		<feat xlink:href="#sSpan2591" value="ⲡⲉ"/>
		<feat xlink:href="#sSpan2595" value="ⲡⲉⲧⲛ"/>
		<feat xlink:href="#sSpan2600" value="ⲛⲟⲩⲧⲉ"/>
		<feat xlink:href="#sSpan2603" value="·"/>
		<feat xlink:href="#sSpan2607" value="ⲁⲩⲱ"/>
		<feat xlink:href="#sSpan2611" value="ⲧ"/>
		<feat xlink:href="#sSpan2617" value="ⲉⲙⲟⲩ"/>
		<feat xlink:href="#sSpan2619" value="·"/>
		<feat xlink:href="#sSpan2623" value="ⲧⲉⲧⲛ"/>
		<feat xlink:href="#sSpan2628" value="ⲣϩⲟⲩⲉⲥϩⲟⲩⲉ"/>
		<feat xlink:href="#sSpan2634" value="ⲥϩⲟⲩⲟⲣⲧ"/>
		<feat xlink:href="#sSpan2637" value="·"/>
		<feat xlink:href="#sSpan2641" value="ϫⲉ"/>
		<feat xlink:href="#sSpan2645" value="ⲡ"/>
		<feat xlink:href="#sSpan2648" value="ϫⲟⲉⲓⲥ"/>
		<feat xlink:href="#sSpan2650" value="ⲡ"/>
		<feat xlink:href="#sSpan2655" value="ⲛⲟⲩⲧⲉ"/>
		<feat xlink:href="#sSpan2657" value="ϫⲱ"/>
		<feat xlink:href="#sSpan2661" value="ⲙⲙⲟ"/>
		<feat xlink:href="#sSpan2669" value="ⲥ"/>
		<feat xlink:href="#sSpan2671" value="·"/>
		<feat xlink:href="#sSpan2675" value="ϫⲉ"/>
		<feat xlink:href="#sSpan2679" value="ⲁⲛⲟⲕ"/>
		<feat xlink:href="#sSpan2681" value="ⲡⲉ"/>
		<feat xlink:href="#sSpan2685" value="·"/>
		<feat xlink:href="#sSpan2689" value="ⲁⲛⲟⲕ"/>
		<feat xlink:href="#sSpan2694" value="ⲡⲉ"/>
		<feat xlink:href="#sSpan2698" value="·"/>
		<feat xlink:href="#sSpan2702" value="ⲁⲩⲱ"/>
		<feat xlink:href="#sSpan2706" value="ⲙⲙⲛ"/>
		<feat xlink:href="#sSpan2711" value="ⲕⲉ"/>
		<feat xlink:href="#sSpan2714" value="ⲟⲩⲁ"/>
		<feat xlink:href="#sSpan2716" value="ⲛⲃⲗⲗⲁ"/>
		<feat xlink:href="#sSpan2721" value="ⲓ"/>
		<feat xlink:href="#sSpan2723" value="·"/>
		<feat xlink:href="#sSpan2727" value="ⲛⲧ"/>
		<feat xlink:href="#sSpan2733" value="ⲁ"/>
		<feat xlink:href="#sSpan2735" value="ϥ"/>
		<feat xlink:href="#sSpan2737" value="ⲕⲁⲁ"/>
		<feat xlink:href="#sSpan2740" value="ⲩ"/>
		<feat xlink:href="#sSpan2742" value="ⲉⲧⲃⲉ"/>
		<feat xlink:href="#sSpan2746" value="ⲡⲉⲩ"/>
		<feat xlink:href="#sSpan2749" value="ϩⲱⲃ"/>
		<feat xlink:href="#sSpan2751" value="·"/>
		<feat xlink:href="#sSpan2755" value="ⲡⲁⲓ"/>
		<feat xlink:href="#sSpan2762" value="ⲙⲉⲛ"/>
		<feat xlink:href="#sSpan2766" value="ⲉⲧⲃⲉ"/>
		<feat xlink:href="#sSpan2770" value="ⲣⲟⲉⲓⲥ"/>
		<feat xlink:href="#sSpan2774" value="·"/>
		<feat xlink:href="#sSpan2778" value="ⲧⲉⲓ"/>
		<feat xlink:href="#sSpan2783" value="ⲕⲉ"/>
		<feat xlink:href="#sSpan2785" value="ⲉⲧⲃⲉ"/>
		<feat xlink:href="#sSpan2789" value="ⲟⲩⲱϭⲡ"/>
		<feat xlink:href="#sSpan2793" value="ⲛ"/>
		<feat xlink:href="#sSpan2797" value="ϩⲉⲛ"/>
		<feat xlink:href="#sSpan2800" value="ⲡⲓⲛ"/>
		<feat xlink:href="#sSpan2803" value="·"/>
		<feat xlink:href="#sSpan2808" value="ⲁⲩⲱ"/>
		<feat xlink:href="#sSpan2815" value="ⲉϣϫⲉ"/>
		<feat xlink:href="#sSpan2819" value="ⲛ"/>
		<feat xlink:href="#sSpan2822" value="ϣⲉ"/>
		<feat xlink:href="#sSpan2825" value="·"/>
		<feat xlink:href="#sSpan2829" value="ⲙⲛ"/>
		<feat xlink:href="#sSpan2834" value="ⲛ"/>
		<feat xlink:href="#sSpan2837" value="ⲱⲛⲉ"/>
		<feat xlink:href="#sSpan2839" value="·"/>
		<feat xlink:href="#sSpan2843" value="ⲙⲛ"/>
		<feat xlink:href="#sSpan2848" value="ⲛ"/>
		<feat xlink:href="#sSpan2851" value="ⲛⲟⲩϥ"/>
		<feat xlink:href="#sSpan2853" value="·"/>
		<feat xlink:href="#sSpan2857" value="ⲙⲛ"/>
		<feat xlink:href="#sSpan2862" value="ⲛ"/>
		<feat xlink:href="#sSpan2865" value="ϩⲁⲧ"/>
		<feat xlink:href="#sSpan2867" value="·"/>
		<feat xlink:href="#sSpan2871" value="ⲙⲛ"/>
		<feat xlink:href="#sSpan2876" value="ⲛ"/>
		<feat xlink:href="#sSpan2879" value="ϩⲟⲙⲛⲧ"/>
		<feat xlink:href="#sSpan2881" value="·"/>
		<feat xlink:href="#sSpan2885" value="ⲙⲛ"/>
		<feat xlink:href="#sSpan2890" value="ⲙ"/>
		<feat xlink:href="#sSpan2893" value="ⲃⲉⲛⲓⲡⲉ"/>
		<feat xlink:href="#sSpan2895" value="·"/>
		<feat xlink:href="#sSpan2899" value="ⲙⲛ"/>
		<feat xlink:href="#sSpan2904" value="ⲛ"/>
		<feat xlink:href="#sSpan2907" value="ⲕⲟⲟⲩⲉ"/>
		<feat xlink:href="#sSpan2909" value="ⲧⲏⲣ"/>
		<feat xlink:href="#sSpan2914" value="ⲟⲩ"/>
		<feat xlink:href="#sSpan2916" value="ⲉⲧ"/>
		<feat xlink:href="#sSpan2920" value="ⲧⲉⲧⲛ"/>
		<feat xlink:href="#sSpan2922" value="ⲟⲩⲱϣⲧ"/>
		<feat xlink:href="#sSpan2925" value="ⲛⲁ"/>
		<feat xlink:href="#sSpan2929" value="ⲩ"/>
		<feat xlink:href="#sSpan2931" value="ⲛⲉ"/>
		<feat xlink:href="#sSpan2935" value="ⲛⲉⲧⲛ"/>
		<feat xlink:href="#sSpan2941" value="ⲛⲟⲩⲧⲉ"/>
		<feat xlink:href="#sSpan2943" value="·"/>
		<feat xlink:href="#sSpan2948" value="ⲧⲉⲧⲛ"/>
		<feat xlink:href="#sSpan2955" value="ⲣϩⲟⲩⲉ"/>
		<feat xlink:href="#sSpan2958" value="ⲥϩⲟⲩⲟⲣⲧ"/>
		<feat xlink:href="#sSpan2961" value="ⲟⲛ"/>
		<feat xlink:href="#sSpan2965" value="ϫⲉ"/>
		<feat xlink:href="#sSpan2969" value="ⲛⲧ"/>
		<feat xlink:href="#sSpan2971" value="ⲁ"/>
		<feat xlink:href="#sSpan2973" value="ⲡ"/>
		<feat xlink:href="#sSpan2978" value="ⲇⲓⲟⲓⲕⲏⲧⲏⲥ"/>
		<feat xlink:href="#sSpan2980" value="ⲙ"/>
		<feat xlink:href="#sSpan2985" value="ⲡ"/>
		<feat xlink:href="#sSpan2989" value="ⲕⲟⲥⲙⲟⲥ"/>
		<feat xlink:href="#sSpan2991" value="ⲧⲏⲣ"/>
		<feat xlink:href="#sSpan2996" value="ϥ"/>
		<feat xlink:href="#sSpan2998" value="ⲕⲁⲁ"/>
		<feat xlink:href="#sSpan3002" value="ⲩ"/>
		<feat xlink:href="#sSpan3004" value="ⲛ"/>
		<feat xlink:href="#sSpan3008" value="ⲛ"/>
		<feat xlink:href="#sSpan3011" value="ⲣⲱⲙⲉ"/>
		<feat xlink:href="#sSpan3015" value="·"/>
		<feat xlink:href="#sSpan3019" value="ⲉ"/>
		<feat xlink:href="#sSpan3023" value="ϥ"/>
		<feat xlink:href="#sSpan3025" value="ⲥⲟⲟⲩⲛ"/>
		<feat xlink:href="#sSpan3027" value="ϫⲉ"/>
		<feat xlink:href="#sSpan3032" value="ⲥⲉ"/>
		<feat xlink:href="#sSpan3034" value="ⲛⲁ"/>
		<feat xlink:href="#sSpan3036" value="ϫⲓⲧ"/>
		<feat xlink:href="#sSpan3038" value="ⲟⲩ"/>
		<feat xlink:href="#sSpan3040" value="ⲉⲣⲟ"/>
		<feat xlink:href="#sSpan3046" value="ⲟⲩ"/>
		<feat xlink:href="#sSpan3049" value="."/>
		<feat xlink:href="#sSpan3053" value="..."/>
		<feat xlink:href="#sSpan3059" value="ϩⲙ...."/>
		<feat xlink:href="#sSpan3064" value="...."/>
		<feat xlink:href="#sSpan3067" value="ⲙⲡⲣ"/>
		<feat xlink:href="#sSpan3075" value="...."/>
		<feat xlink:href="#sSpan3077" value="ⲧⲉ"/>
		<feat xlink:href="#sSpan3082" value="ⲉ"/>
		<feat xlink:href="#sSpan3086" value="ϫⲟⲟ"/>
		<feat xlink:href="#sSpan3088" value="ⲥ"/>
		<feat xlink:href="#sSpan3090" value="ϫⲉ"/>
		<feat xlink:href="#sSpan3095" value="ⲥⲉ"/>
		<feat xlink:href="#sSpan3097" value="ⲥϩⲟⲩⲟⲣⲧ"/>
		<feat xlink:href="#sSpan3100" value="ⲛϭⲓ"/>
		<feat xlink:href="#sSpan3104" value="ⲛⲉⲓ"/>
		<feat xlink:href="#sSpan3109" value="ⲁⲧⲛⲟⲩⲧⲉ"/>
		<feat xlink:href="#sSpan3112" value="ⲉ"/>
		<feat xlink:href="#sSpan3117" value="ϥ"/>
		<feat xlink:href="#sSpan3119" value="ⲥⲱⲧⲙ"/>
		<feat xlink:href="#sSpan3121" value="ⲉ"/>
		<feat xlink:href="#sSpan3125" value="ϩⲉⲛ"/>
		<feat xlink:href="#sSpan3128" value="ϣⲁϫⲉ"/>
		<feat xlink:href="#sSpan3131" value="ⲉ"/>
		<feat xlink:href="#sSpan3136" value="ⲁ"/>
		<feat xlink:href="#sSpan3138" value="ϩⲉⲛ"/>
		<feat xlink:href="#sSpan3141" value="ⲉⲓⲟⲧⲉ"/>
		<feat xlink:href="#sSpan3144" value="ⲛ"/>
		<feat xlink:href="#sSpan3149" value="ⲁⲅⲁⲑⲟⲥ"/>
		<feat xlink:href="#sSpan3151" value="ϫⲟⲟ"/>
		<feat xlink:href="#sSpan3156" value="ⲩ"/>
		<feat xlink:href="#sSpan3158" value="·"/>
		<feat xlink:href="#sSpan3162" value="ϫⲉ"/>
		<feat xlink:href="#sSpan3166" value="ⲛⲛⲉ"/>
		<feat xlink:href="#sSpan3168" value="ⲕ"/>
		<feat xlink:href="#sSpan3170" value="ⲥϩⲟⲩⲉⲣ"/>
		<feat xlink:href="#sSpan3175" value="ⲗⲁⲁⲩ"/>
		<feat xlink:href="#sSpan3178" value="ⲛ"/>
		<feat xlink:href="#sSpan3182" value="ⲣⲱⲙⲉ"/>
		<feat xlink:href="#sSpan3184" value="·"/>
		<feat xlink:href="#sSpan3190" value="ⲟⲩⲇⲉ"/>
		<feat xlink:href="#sSpan3197" value="ⲣⲱ"/>
		<feat xlink:href="#sSpan3201" value="ⲛ"/>
		<feat xlink:href="#sSpan3205" value="ϩⲉⲛ"/>
		<feat xlink:href="#sSpan3208" value="ⲣⲱⲙⲉ"/>
		<feat xlink:href="#sSpan3211" value="ⲁⲛ"/>
		<feat xlink:href="#sSpan3215" value="ⲛⲉ"/>
		<feat xlink:href="#sSpan3219" value="·"/>
		<feat xlink:href="#sSpan3224" value="ⲉϣϫⲉ"/>
		<feat xlink:href="#sSpan3231" value="ϩⲉⲛ"/>
		<feat xlink:href="#sSpan3234" value="ⲣⲱⲙⲉ"/>
		<feat xlink:href="#sSpan3237" value="ⲇⲉ"/>
		<feat xlink:href="#sSpan3242" value="ⲟⲛ"/>
		<feat xlink:href="#sSpan3246" value="ⲛⲉ"/>
		<feat xlink:href="#sSpan3250" value="·"/>
		<feat xlink:href="#sSpan3254" value="ϩⲉⲛ"/>
		<feat xlink:href="#sSpan3259" value="ⲣⲱⲙⲉ"/>
		<feat xlink:href="#sSpan3262" value="ⲛⲉ"/>
		<feat xlink:href="#sSpan3266" value="ⲛ"/>
		<feat xlink:href="#sSpan3272" value="ϣⲟⲩⲥϩⲟⲩⲱⲣ"/>
		<feat xlink:href="#sSpan3276" value="ⲟⲩ"/>
		<feat xlink:href="#sSpan3278" value="·"/>
		<feat xlink:href="#sSpan3282" value="ⲉⲃⲟⲗ"/>
		<feat xlink:href="#sSpan3286" value="ϩⲓⲧⲛ"/>
		<feat xlink:href="#sSpan3291" value="ⲛ"/>
		<feat xlink:href="#sSpan3293" value="ⲉⲧ"/>
		<feat xlink:href="#sSpan3295" value="ϫⲱ"/>
		<feat xlink:href="#sSpan3297" value="ⲙⲙⲟ"/>
		<feat xlink:href="#sSpan3302" value="ⲥ"/>
		<feat xlink:href="#sSpan3304" value="·"/>
		<feat xlink:href="#sSpan3308" value="ϫⲉ"/>
		<feat xlink:href="#sSpan3312" value="ⲁⲛⲟⲛ"/>
		<feat xlink:href="#sSpan3314" value="ϩⲉⲛ"/>
		<feat xlink:href="#sSpan3318" value="ⲭⲣⲓⲥⲧⲓⲁⲛⲟⲥ"/>
		<feat xlink:href="#sSpan3321" value="·"/>
		<feat xlink:href="#sSpan3325" value="ϫⲉ"/>
		<feat xlink:href="#sSpan3329" value="ⲁ"/>
		<feat xlink:href="#sSpan3331" value="ⲩ"/>
		<feat xlink:href="#sSpan3333" value="ϩⲟⲟⲩϣ"/>
		<feat xlink:href="#sSpan3335" value="ⲉ"/>
		<feat xlink:href="#sSpan3340" value="ⲡ"/>
		<feat xlink:href="#sSpan3343" value="ⲉⲛⲧ"/>
		<feat xlink:href="#sSpan3345" value="ⲁ"/>
		<feat xlink:href="#sSpan3347" value="ϥ"/>
		<feat xlink:href="#sSpan3349" value="ⲧⲁⲙⲓⲟ"/>
		<feat xlink:href="#sSpan3355" value="ⲟⲩ"/>
		<feat xlink:href="#sSpan3357" value="·"/>
		<feat xlink:href="#sSpan3361" value="ⲁⲩⲱ"/>
		<feat xlink:href="#sSpan3365" value="ⲁ"/>
		<feat xlink:href="#sSpan3369" value="ⲩ"/>
		<feat xlink:href="#sSpan3372" value="ϫⲓⲟⲩⲁ"/>
		<feat xlink:href="#sSpan3376" value="ⲉ"/>
		<feat xlink:href="#sSpan3380" value="ⲡ"/>
		<feat xlink:href="#sSpan3383" value="ⲉⲧ"/>
		<feat xlink:href="#sSpan3385" value="ⲥⲁ..."/>
		<feat xlink:href="#sSpan3388" value="ⲙⲙⲟ"/>
		<feat xlink:href="#sSpan3392" value="ⲟⲩ"/>
		<feat xlink:href="#sSpan3394" value="·"/>
		<feat xlink:href="#sSpan3399" value="ⲉϣϫⲉ"/>
		<feat xlink:href="#sSpan3407" value="ⲉ"/>
		<feat xlink:href="#sSpan3409" value="ϣϣⲉ"/>
		<feat xlink:href="#sSpan3411" value="ⲉ"/>
		<feat xlink:href="#sSpan3415" value="ⲥⲁϩⲟⲩ"/>
		<feat xlink:href="#sSpan3419" value="ⲙ"/>
		<feat xlink:href="#sSpan3423" value="ⲡ"/>
		<feat xlink:href="#sSpan3426" value="ϩⲟϥ"/>
		<feat xlink:href="#sSpan3428" value="·"/>
		<feat xlink:href="#sSpan3433" value="ⲉ"/>
		<feat xlink:href="#sSpan3438" value="ϣϣⲉ"/>
		<feat xlink:href="#sSpan3440" value="ⲟⲛ"/>
		<feat xlink:href="#sSpan3444" value="ⲛ"/>
		<feat xlink:href="#sSpan3448" value="ϩⲟⲩⲟ"/>
		<feat xlink:href="#sSpan3450" value="ⲉ"/>
		<feat xlink:href="#sSpan3455" value="ⲥϩⲟⲩⲉⲣ"/>
		<feat xlink:href="#sSpan3457" value="ⲛ"/>
		<feat xlink:href="#sSpan3460" value="ϣⲏⲣⲉ"/>
		<feat xlink:href="#sSpan3463" value="ⲙ"/>
		<feat xlink:href="#sSpan3467" value="ⲡ"/>
		<feat xlink:href="#sSpan3470" value="ϩⲟϥ"/>
		<feat xlink:href="#sSpan3472" value="ⲉⲧ"/>
		<feat xlink:href="#sSpan3476" value="ⲙⲙⲁⲩ"/>
		<feat xlink:href="#sSpan3479" value="·"/>
		<feat xlink:href="#sSpan3483" value="ⲡⲁⲓ"/>
		<feat xlink:href="#sSpan3488" value="ⲛⲧ"/>
		<feat xlink:href="#sSpan3492" value="ⲁ"/>
		<feat xlink:href="#sSpan3494" value="ⲡ"/>
		<feat xlink:href="#sSpan3498" value="ϫⲟⲉⲓⲥ"/>
		<feat xlink:href="#sSpan3500" value="ⲥϩⲟⲩⲱⲣ"/>
		<feat xlink:href="#sSpan3505" value="ϥ"/>
		<feat xlink:href="#sSpan3507" value="ϫⲓⲛ"/>
		<feat xlink:href="#sSpan3511" value="ⲛ"/>
		<feat xlink:href="#sSpan3513" value="ϣⲟⲣⲡ"/>
		<feat xlink:href="#sSpan3516" value="ϫⲉ"/>
		<feat xlink:href="#sSpan3520" value="ⲁ"/>
		<feat xlink:href="#sSpan3522" value="ϥ"/>
		<feat xlink:href="#sSpan3525" value="ⲁⲡⲁⲧⲁ"/>
		<feat xlink:href="#sSpan3527" value="ⲛ"/>
		<feat xlink:href="#sSpan3533" value="ⲉⲩϩⲁ"/>
		<feat xlink:href="#sSpan3536" value="·"/>
		<feat xlink:href="#sSpan3540" value="ⲁⲩⲱ"/>
		<feat xlink:href="#sSpan3544" value="ⲁ"/>
		<feat xlink:href="#sSpan3548" value="ϥ"/>
		<feat xlink:href="#sSpan3551" value="ϯϫⲣⲟⲡ"/>
		<feat xlink:href="#sSpan3555" value="ⲉ"/>
		<feat xlink:href="#sSpan3560" value="ⲁⲇⲁⲙ"/>
		<feat xlink:href="#sSpan3563" value="ϩⲙ"/>
		<feat xlink:href="#sSpan3568" value="ⲡ"/>
		<feat xlink:href="#sSpan3572" value="ⲡⲁⲣⲁⲇⲉⲓⲥⲟⲥ"/>
		<feat xlink:href="#sSpan3575" value="·"/>
		<feat xlink:href="#sSpan3579" value="ⲛ"/>
		<feat xlink:href="#sSpan3583" value="ⲧ"/>
		<feat xlink:href="#sSpan3585" value="ϩⲉ"/>
		<feat xlink:href="#sSpan3587" value="ⲧⲉⲛⲟⲩ"/>
		<feat xlink:href="#sSpan3591" value="ⲉⲧⲉⲣⲉ"/>
		<feat xlink:href="#sSpan3596" value="ⲛⲉⲓ"/>
		<feat xlink:href="#sSpan3599" value="ⲣⲱⲙⲉ"/>
		<feat xlink:href="#sSpan3601" value="ⲉⲧ"/>
		<feat xlink:href="#sSpan3606" value="ⲥϩⲟⲩⲟⲣⲧ"/>
		<feat xlink:href="#sSpan3609" value="ϯϫⲣⲟⲡ"/>
		<feat xlink:href="#sSpan3615" value="ⲛ"/>
		<feat xlink:href="#sSpan3619" value="ϩⲁϩ"/>
		<feat xlink:href="#sSpan3622" value="·"/>
		<feat xlink:href="#sSpan3626" value="ⲁⲩⲱ"/>
		<feat xlink:href="#sSpan3630" value="ⲉ"/>
		<feat xlink:href="#sSpan3635" value="ⲩ"/>
		<feat xlink:href="#sSpan3638" value="ⲥⲕⲁⲛⲇⲁⲗⲓⲍⲉ"/>
		<feat xlink:href="#sSpan3641" value="ⲛ"/>
		<feat xlink:href="#sSpan3645" value="ⲛ"/>
		<feat xlink:href="#sSpan3648" value="ⲉⲧⲉ"/>
		<feat xlink:href="#sSpan3650" value="ⲙⲛ"/>
		<feat xlink:href="#sSpan3652" value="ϭⲟⲙ"/>
		<feat xlink:href="#sSpan3655" value="ⲙⲙⲟ"/>
		<feat xlink:href="#sSpan3659" value="ⲟⲩ"/>
		<feat xlink:href="#sSpan3661" value="ⲉ"/>
		<feat xlink:href="#sSpan3666" value="ⲉⲓ"/>
		<feat xlink:href="#sSpan3669" value="ⲣⲉⲓⲙⲉ"/>
		<feat xlink:href="#sSpan3673" value="ϫⲉ"/>
		<feat xlink:href="#sSpan3677" value="ⲉ"/>
		<feat xlink:href="#sSpan3679" value="ⲩ"/>
		<feat xlink:href="#sSpan3681" value="ⲏⲡ"/>
		<feat xlink:href="#sSpan3684" value="ⲉ"/>
		<feat xlink:href="#sSpan3689" value="ⲡ"/>
		<feat xlink:href="#sSpan3693" value="ⲥⲁⲧⲁⲛⲁⲥ"/>
		<feat xlink:href="#sSpan3695" value="·"/>
		<feat xlink:href="#sSpan3700" value="ⲉⲧⲃⲉ"/>
		<feat xlink:href="#sSpan3709" value="ⲡⲁⲓ"/>
		<feat xlink:href="#sSpan3712" value="ⲉⲣϣⲁⲛ"/>
		<feat xlink:href="#sSpan3716" value="ⲧⲉ"/>
		<feat xlink:href="#sSpan3722" value="ⲅⲣⲁⲫⲏ"/>
		<feat xlink:href="#sSpan3724" value="ϫⲟⲟ"/>
		<feat xlink:href="#sSpan3729" value="ⲥ"/>
		<feat xlink:href="#sSpan3731" value="ⲛ"/>
		<feat xlink:href="#sSpan3735" value="ⲟⲩ"/>
		<feat xlink:href="#sSpan3738" value="ⲙⲁ"/>
		<feat xlink:href="#sSpan3740" value="·"/>
		<feat xlink:href="#sSpan3745" value="ⲏ"/>
		<feat xlink:href="#sSpan3749" value="ⲛⲧⲟϥ"/>
		<feat xlink:href="#sSpan3754" value="ϩⲉⲛ"/>
		<feat xlink:href="#sSpan3759" value="ⲣⲱⲙⲉ"/>
		<feat xlink:href="#sSpan3761" value="ⲛⲧⲉ"/>
		<feat xlink:href="#sSpan3766" value="ⲡ"/>
		<feat xlink:href="#sSpan3769" value="ⲛⲟⲩⲧⲉ"/>
		<feat xlink:href="#sSpan3771" value="ϫⲉ"/>
		<feat xlink:href="#sSpan3775" value="ⲛⲛⲉ"/>
		<feat xlink:href="#sSpan3778" value="ⲕ"/>
		<feat xlink:href="#sSpan3781" value="ⲥϩⲟⲩⲉⲣⲗⲁⲁⲩ"/>
		<feat xlink:href="#sSpan3784" value="ⲗⲁⲁⲩ"/>
		<feat xlink:href="#sSpan3787" value="ⲛ"/>
		<feat xlink:href="#sSpan3791" value="ⲣⲱⲙⲉ"/>
		<feat xlink:href="#sSpan3794" value="·"/>
		<feat xlink:href="#sSpan3799" value="ⲉ"/>
		<feat xlink:href="#sSpan3804" value="ⲩ"/>
		<feat xlink:href="#sSpan3806" value="ϫⲱ"/>
		<feat xlink:href="#sSpan3808" value="ⲙⲙⲟ"/>
		<feat xlink:href="#sSpan3812" value="ⲥ"/>
		<feat xlink:href="#sSpan3814" value="ϫⲉ"/>
		<feat xlink:href="#sSpan3818" value="ⲛⲛⲉ"/>
		<feat xlink:href="#sSpan3821" value="ⲕ"/>
		<feat xlink:href="#sSpan3823" value="ⲥϩⲟⲩⲉⲣ"/>
		<feat xlink:href="#sSpan3825" value="ⲛ"/>
		<feat xlink:href="#sSpan3828" value="ⲉⲧ"/>
		<feat xlink:href="#sSpan3830" value="ⲛⲁ"/>
		<feat xlink:href="#sSpan3833" value="ⲥⲁϩⲟⲩ"/>
		<feat xlink:href="#sSpan3835" value="ⲙⲙⲟ"/>
		<feat xlink:href="#sSpan3839" value="ⲕ"/>
		<feat xlink:href="#sSpan3841" value="·"/>
		<feat xlink:href="#sSpan3846" value="ⲕⲁⲧⲁ"/>
		<feat xlink:href="#sSpan3851" value="ⲡ"/>
		<feat xlink:href="#sSpan3854" value="ⲉⲛⲧ"/>
		<feat xlink:href="#sSpan3856" value="ⲁ"/>
		<feat xlink:href="#sSpan3858" value="ⲛ"/>
		<feat xlink:href="#sSpan3861" value="ϣⲣⲡ"/>
		<feat xlink:href="#sSpan3865" value="ϫⲟⲟ"/>
		<feat xlink:href="#sSpan3867" value="ϥ"/>
		<feat xlink:href="#sSpan3869" value="·"/>
		<feat xlink:href="#sSpan3873" value="ⲉ"/>
		<feat xlink:href="#sSpan3879" value="ⲩ"/>
		<feat xlink:href="#sSpan3881" value="ϫⲱ"/>
		<feat xlink:href="#sSpan3884" value="ⲙⲙⲟ"/>
		<feat xlink:href="#sSpan3888" value="ⲥ"/>
		<feat xlink:href="#sSpan3890" value="ⲁⲛ"/>
		<feat xlink:href="#sSpan3894" value="ϫⲉ"/>
		<feat xlink:href="#sSpan3899" value="ⲛⲛⲉ"/>
		<feat xlink:href="#sSpan3901" value="ⲕ"/>
		<feat xlink:href="#sSpan3903" value="ⲥϩⲟⲩⲉⲣ"/>
		<feat xlink:href="#sSpan3906" value="ⲡ"/>
		<feat xlink:href="#sSpan3909" value="ⲉⲧ"/>
		<feat xlink:href="#sSpan3911" value="ⲥⲱϣ"/>
		<feat xlink:href="#sSpan3913" value="ⲙ"/>
		<feat xlink:href="#sSpan3918" value="ⲡ"/>
		<feat xlink:href="#sSpan3921" value="ⲉⲧ"/>
		<feat xlink:href="#sSpan3924" value="ϯⲉⲟⲟⲩ"/>
		<feat xlink:href="#sSpan3927" value="ⲛⲁ"/>
		<feat xlink:href="#sSpan3932" value="ⲕ"/>
		<feat xlink:href="#sSpan3934" value="ⲡⲉ"/>
		<feat xlink:href="#sSpan3940" value="ⲭⲣⲓⲥⲧⲟⲥ"/>
		<feat xlink:href="#sSpan3942" value="·"/>
		<feat xlink:href="#sSpan3947" value="ⲉϣϫⲉ"/>
		<feat xlink:href="#sSpan3954" value="ⲉⲩϣⲁⲛ"/>
		<feat xlink:href="#sSpan3956" value="ϫⲟⲟ"/>
		<feat xlink:href="#sSpan3959" value="ⲥ"/>
		<feat xlink:href="#sSpan3962" value="ⲇⲉ"/>
		<feat xlink:href="#sSpan3966" value="ⲛϭⲓ"/>
		<feat xlink:href="#sSpan3970" value="ⲛ"/>
		<feat xlink:href="#sSpan3973" value="ⲉⲧ"/>
		<feat xlink:href="#sSpan3975" value="ⲟⲩⲁⲁⲃ"/>
		<feat xlink:href="#sSpan3978" value="·"/>
		<feat xlink:href="#sSpan3982" value="ⲉ"/>
		<feat xlink:href="#sSpan3986" value="ⲩ"/>
		<feat xlink:href="#sSpan3988" value="ϣⲁϫⲉ"/>
		<feat xlink:href="#sSpan3991" value="ⲉⲧⲃⲉ"/>
		<feat xlink:href="#sSpan3995" value="ⲡ"/>
		<feat xlink:href="#sSpan3998" value="ⲗⲁⲥ"/>
		<feat xlink:href="#sSpan4000" value="ϫⲉ"/>
		<feat xlink:href="#sSpan4005" value="ϩⲣⲁⲓ"/>
		<feat xlink:href="#sSpan4007" value="ⲛϩⲏⲧ"/>
		<feat xlink:href="#sSpan4011" value="ϥ"/>
		<feat xlink:href="#sSpan4013" value="ⲧⲛ"/>
		<feat xlink:href="#sSpan4018" value="ⲥⲁϩⲟⲩ"/>
		<feat xlink:href="#sSpan4020" value="ⲛ"/>
		<feat xlink:href="#sSpan4024" value="ⲛ"/>
		<feat xlink:href="#sSpan4027" value="ⲣⲱⲙⲉ"/>
		<feat xlink:href="#sSpan4030" value="·"/>
		<feat xlink:href="#sSpan4034" value="ⲉ"/>
		<feat xlink:href="#sSpan4038" value="ⲩ"/>
		<feat xlink:href="#sSpan4040" value="ϫⲱ"/>
		<feat xlink:href="#sSpan4042" value="ⲙⲙⲟ"/>
		<feat xlink:href="#sSpan4047" value="ⲥ"/>
		<feat xlink:href="#sSpan4049" value="ϫⲉ"/>
		<feat xlink:href="#sSpan4053" value="ⲟⲩ"/>
		<feat xlink:href="#sSpan4057" value="ⲙⲛⲧⲁⲧϩⲏⲧ"/>
		<feat xlink:href="#sSpan4062" value="ⲙ"/>
		<feat xlink:href="#sSpan4066" value="ⲡ"/>
		<feat xlink:href="#sSpan4069" value="ⲣⲱⲙⲉ"/></featList></paula>