<?xml version='1.0' encoding='UTF-8'?><!DOCTYPE paula SYSTEM "paula_feat.dtd">
<paula version="1.1">
	<header paula_id="scriptorium.shenoute.those.GF301-306.mark_pos"/>
	<featList xmlns:xlink="http://www.w3.org/1999/xlink" type="pos" xml:base="scriptorium.shenoute.those.GF301-306.mark.xml">
		<feat xlink:href="#sSpan1" value="UNKNOWN"/>
		<feat xlink:href="#sSpan11" value="UNKNOWN"/>
		<feat xlink:href="#sSpan17" value="ART"/>
		<feat xlink:href="#sSpan23" value="CREL"/>
		<feat xlink:href="#sSpan25" value="APST"/>
		<feat xlink:href="#sSpan28" value="PPERS"/>
		<feat xlink:href="#sSpan30" value="UNKNOWN"/>
		<feat xlink:href="#sSpan33" value="PREP"/>
		<feat xlink:href="#sSpan38" value="ART"/>
		<feat xlink:href="#sSpan41" value="N"/>
		<feat xlink:href="#sSpan43" value="PREP"/>
		<feat xlink:href="#sSpan47" value="ART"/>
		<feat xlink:href="#sSpan52" value="N"/>
		<feat xlink:href="#sSpan54" value="ADV"/>
		<feat xlink:href="#sSpan59" value="PREP"/>
		<feat xlink:href="#sSpan63" value="ART"/>
		<feat xlink:href="#sSpan67" value="N"/>
		<feat xlink:href="#sSpan69" value="PREP"/>
		<feat xlink:href="#sSpan73" value="ART"/>
		<feat xlink:href="#sSpan76" value="N"/>
		<feat xlink:href="#sSpan79" value="PREP"/>
		<feat xlink:href="#sSpan84" value="NPROP"/>
		<feat xlink:href="#sSpan87" value="PUNCT"/>
		<feat xlink:href="#sSpan91" value="PREP"/>
		<feat xlink:href="#sSpan97" value="NPROP"/>
		<feat xlink:href="#sSpan100" value="PUNCT"/>
		<feat xlink:href="#sSpan104" value="ALIM"/>
		<feat xlink:href="#sSpan109" value="PPERS"/>
		<feat xlink:href="#sSpan111" value="V"/>
		<feat xlink:href="#sSpan113" value="PPERO"/>
		<feat xlink:href="#sSpan115" value="ADV"/>
		<feat xlink:href="#sSpan120" value="PREP"/>
		<feat xlink:href="#sSpan124" value="PPOS"/>
		<feat xlink:href="#sSpan128" value="N"/>
		<feat xlink:href="#sSpan133" value="PREP"/>
		<feat xlink:href="#sSpan139" value="NPROP"/>
		<feat xlink:href="#sSpan142" value="PREP"/>
		<feat xlink:href="#sSpan147" value="PPOS"/>
		<feat xlink:href="#sSpan150" value="N"/>
		<feat xlink:href="#sSpan152" value="PUNCT"/>
		<feat xlink:href="#sSpan157" value="ART"/>
		<feat xlink:href="#sSpan163" value="CREL"/>
		<feat xlink:href="#sSpan165" value="APST"/>
		<feat xlink:href="#sSpan167" value="PPERS"/>
		<feat xlink:href="#sSpan169" value="V"/>
		<feat xlink:href="#sSpan171" value="PREP"/>
		<feat xlink:href="#sSpan177" value="NPROP"/>
		<feat xlink:href="#sSpan180" value="PREP"/>
		<feat xlink:href="#sSpan185" value="PPOS"/>
		<feat xlink:href="#sSpan188" value="N"/>
		<feat xlink:href="#sSpan191" value="PREP"/>
		<feat xlink:href="#sSpan195" value="ART"/>
		<feat xlink:href="#sSpan199" value="N"/>
		<feat xlink:href="#sSpan202" value="PUNCT"/>
		<feat xlink:href="#sSpan206" value="PREP"/>
		<feat xlink:href="#sSpan210" value="PPOS"/>
		<feat xlink:href="#sSpan213" value="N"/>
		<feat xlink:href="#sSpan218" value="PUNCT"/>
		<feat xlink:href="#sSpan223" value="VBD"/>
		<feat xlink:href="#sSpan230" value="PPERS"/>
		<feat xlink:href="#sSpan232" value="PTC"/>
		<feat xlink:href="#sSpan236" value="ART"/>
		<feat xlink:href="#sSpan239" value="CREL"/>
		<feat xlink:href="#sSpan242" value="APST"/>
		<feat xlink:href="#sSpan244" value="PPERS"/>
		<feat xlink:href="#sSpan246" value="V"/>
		<feat xlink:href="#sSpan248" value="ART"/>
		<feat xlink:href="#sSpan251" value="N"/>
		<feat xlink:href="#sSpan253" value="CONJ"/>
		<feat xlink:href="#sSpan258" value="AOPT_PPERS"/>
		<feat xlink:href="#sSpan260" value="V"/>
		<feat xlink:href="#sSpan262" value="PREP"/>
		<feat xlink:href="#sSpan266" value="PPERO"/>
		<feat xlink:href="#sSpan268" value="PUNCT"/>
		<feat xlink:href="#sSpan272" value="CONJ"/>
		<feat xlink:href="#sSpan276" value="EXIST"/>
		<feat xlink:href="#sSpan279" value="N"/>
		<feat xlink:href="#sSpan281" value="PREP"/>
		<feat xlink:href="#sSpan285" value="PPERO"/>
		<feat xlink:href="#sSpan287" value="PREP"/>
		<feat xlink:href="#sSpan291" value="V"/>
		<feat xlink:href="#sSpan294" value="PPERO"/>
		<feat xlink:href="#sSpan296" value="PREP"/>
		<feat xlink:href="#sSpan300" value="PPERO"/>
		<feat xlink:href="#sSpan302" value="PREP"/>
		<feat xlink:href="#sSpan306" value="ART"/>
		<feat xlink:href="#sSpan310" value="CREL"/>
		<feat xlink:href="#sSpan312" value="APST"/>
		<feat xlink:href="#sSpan314" value="PPERS"/>
		<feat xlink:href="#sSpan317" value="V"/>
		<feat xlink:href="#sSpan319" value="PREP"/>
		<feat xlink:href="#sSpan324" value="PPERO"/>
		<feat xlink:href="#sSpan326" value="PUNCT"/>
		<feat xlink:href="#sSpan330" value="PPOS"/>
		<feat xlink:href="#sSpan339" value="UNKNOWN"/>
		<feat xlink:href="#sSpan347" value="UNKNOWN"/>
		<feat xlink:href="#sSpan354" value="UNKNOWN"/>
		<feat xlink:href="#sSpan361" value="UNKNOWN"/>
		<feat xlink:href="#sSpan368" value="UNKNOWN"/>
		<feat xlink:href="#sSpan373" value="UNKNOWN"/>
		<feat xlink:href="#sSpan379" value="UNKNOWN"/>
		<feat xlink:href="#sSpan383" value="ART"/>
		<feat xlink:href="#sSpan391" value="CREL"/>
		<feat xlink:href="#sSpan393" value="APST"/>
		<feat xlink:href="#sSpan395" value="PPERS"/>
		<feat xlink:href="#sSpan397" value="ACAUS"/>
		<feat xlink:href="#sSpan399" value="PPERS"/>
		<feat xlink:href="#sSpan401" value="V"/>
		<feat xlink:href="#sSpan404" value="IMOD"/>
		<feat xlink:href="#sSpan408" value="PPERO"/>
		<feat xlink:href="#sSpan410" value="PUNCT"/>
		<feat xlink:href="#sSpan415" value="ART"/>
		<feat xlink:href="#sSpan421" value="CREL"/>
		<feat xlink:href="#sSpan423" value="APST"/>
		<feat xlink:href="#sSpan425" value="PPERS"/>
		<feat xlink:href="#sSpan427" value="ACAUS"/>
		<feat xlink:href="#sSpan429" value="ART"/>
		<feat xlink:href="#sSpan433" value="N"/>
		<feat xlink:href="#sSpan435" value="V"/>
		<feat xlink:href="#sSpan439" value="PREP"/>
		<feat xlink:href="#sSpan443" value="N"/>
		<feat xlink:href="#sSpan447" value="PPERO"/>
		<feat xlink:href="#sSpan449" value="APST"/>
		<feat xlink:href="#sSpan453" value="PPERS"/>
		<feat xlink:href="#sSpan455" value="V"/>
		<feat xlink:href="#sSpan457" value="PREP"/>
		<feat xlink:href="#sSpan462" value="ART"/>
		<feat xlink:href="#sSpan465" value="N"/>
		<feat xlink:href="#sSpan467" value="CONJ"/>
		<feat xlink:href="#sSpan472" value="APST"/>
		<feat xlink:href="#sSpan475" value="PPERS"/>
		<feat xlink:href="#sSpan478" value="V"/>
		<feat xlink:href="#sSpan481" value="PREP"/>
		<feat xlink:href="#sSpan485" value="PPERO"/>
		<feat xlink:href="#sSpan487" value="PREP"/>
		<feat xlink:href="#sSpan492" value="PDEM"/>
		<feat xlink:href="#sSpan495" value="N"/>
		<feat xlink:href="#sSpan497" value="PREP"/>
		<feat xlink:href="#sSpan502" value="ART"/>
		<feat xlink:href="#sSpan505" value="CREL"/>
		<feat xlink:href="#sSpan507" value="APST"/>
		<feat xlink:href="#sSpan509" value="PPERS"/>
		<feat xlink:href="#sSpan511" value="V"/>
		<feat xlink:href="#sSpan514" value="PPERO"/>
		<feat xlink:href="#sSpan516" value="ADV"/>
		<feat xlink:href="#sSpan520" value="IMOD"/>
		<feat xlink:href="#sSpan524" value="PPERO"/>
		<feat xlink:href="#sSpan526" value="PREP"/>
		<feat xlink:href="#sSpan531" value="ART"/>
		<feat xlink:href="#sSpan535" value="N"/>
		<feat xlink:href="#sSpan537" value="PUNCT"/>
		<feat xlink:href="#sSpan542" value="VBD"/>
		<feat xlink:href="#sSpan550" value="PPERS"/>
		<feat xlink:href="#sSpan552" value="PTC"/>
		<feat xlink:href="#sSpan556" value="ART"/>
		<feat xlink:href="#sSpan559" value="N"/>
		<feat xlink:href="#sSpan562" value="CREL"/>
		<feat xlink:href="#sSpan567" value="V"/>
		<feat xlink:href="#sSpan572" value="PUNCT"/>
		<feat xlink:href="#sSpan576" value="CONJ"/>
		<feat xlink:href="#sSpan580" value="CONJ"/>
		<feat xlink:href="#sSpan583" value="ART"/>
		<feat xlink:href="#sSpan586" value="N"/>
		<feat xlink:href="#sSpan588" value="COP"/>
		<feat xlink:href="#sSpan592" value="VBD"/>
		<feat xlink:href="#sSpan597" value="PPERS"/>
		<feat xlink:href="#sSpan599" value="APST"/>
		<feat xlink:href="#sSpan603" value="PPERS"/>
		<feat xlink:href="#sSpan606" value="V"/>
		<feat xlink:href="#sSpan608" value="PREP"/>
		<feat xlink:href="#sSpan613" value="PPERO"/>
		<feat xlink:href="#sSpan615" value="PUNCT"/>
		<feat xlink:href="#sSpan620" value="PINT"/>
		<feat xlink:href="#sSpan627" value="COP"/>
		<feat xlink:href="#sSpan631" value="CREL"/>
		<feat xlink:href="#sSpan633" value="FUT"/>
		<feat xlink:href="#sSpan635" value="V"/>
		<feat xlink:href="#sSpan638" value="V"/>
		<feat xlink:href="#sSpan642" value="PREP"/>
		<feat xlink:href="#sSpan646" value="UNKNOWN"/>
		<feat xlink:href="#sSpan650" value="UNKNOWN"/>
		<feat xlink:href="#sSpan659" value="UNKNOWN"/>
		<feat xlink:href="#sSpan666" value="UNKNOWN"/>
		<feat xlink:href="#sSpan675" value="UNKNOWN"/>
		<feat xlink:href="#sSpan682" value="UNKNOWN"/>
		<feat xlink:href="#sSpan687" value="UNKNOWN"/>
		<feat xlink:href="#sSpan692" value="UNKNOWN"/>
		<feat xlink:href="#sSpan697" value="IMOD"/>
		<feat xlink:href="#sSpan702" value="PPERO"/>
		<feat xlink:href="#sSpan704" value="PUNCT"/>
		<feat xlink:href="#sSpan709" value="PREP"/>
		<feat xlink:href="#sSpan714" value="ART"/>
		<feat xlink:href="#sSpan716" value="N"/>
		<feat xlink:href="#sSpan718" value="CREL"/>
		<feat xlink:href="#sSpan722" value="APST"/>
		<feat xlink:href="#sSpan724" value="NUM"/>
		<feat xlink:href="#sSpan727" value="PREP"/>
		<feat xlink:href="#sSpan731" value="N"/>
		<feat xlink:href="#sSpan734" value="V"/>
		<feat xlink:href="#sSpan739" value="ADV"/>
		<feat xlink:href="#sSpan743" value="PREP"/>
		<feat xlink:href="#sSpan748" value="PPERO"/>
		<feat xlink:href="#sSpan750" value="PUNCT"/>
		<feat xlink:href="#sSpan754" value="APST"/>
		<feat xlink:href="#sSpan758" value="PPERS"/>
		<feat xlink:href="#sSpan760" value="V"/>
		<feat xlink:href="#sSpan762" value="PREP"/>
		<feat xlink:href="#sSpan768" value="N"/>
		<feat xlink:href="#sSpan772" value="PREP"/>
		<feat xlink:href="#sSpan777" value="NUM"/>
		<feat xlink:href="#sSpan780" value="ART"/>
		<feat xlink:href="#sSpan784" value="N"/>
		<feat xlink:href="#sSpan786" value="PREP"/>
		<feat xlink:href="#sSpan790" value="N"/>
		<feat xlink:href="#sSpan793" value="PREP"/>
		<feat xlink:href="#sSpan797" value="ART"/>
		<feat xlink:href="#sSpan800" value="N"/>
		<feat xlink:href="#sSpan803" value="PREP"/>
		<feat xlink:href="#sSpan807" value="ART"/>
		<feat xlink:href="#sSpan809" value="N"/>
		<feat xlink:href="#sSpan811" value="PUNCT"/>
		<feat xlink:href="#sSpan815" value="ADV"/>
		<feat xlink:href="#sSpan821" value="PREP"/>
		<feat xlink:href="#sSpan825" value="ART"/>
		<feat xlink:href="#sSpan829" value="N"/>
		<feat xlink:href="#sSpan832" value="PREP"/>
		<feat xlink:href="#sSpan836" value="ART"/>
		<feat xlink:href="#sSpan839" value="N"/>
		<feat xlink:href="#sSpan843" value="PREP"/>
		<feat xlink:href="#sSpan847" value="N"/>
		<feat xlink:href="#sSpan849" value="PREP"/>
		<feat xlink:href="#sSpan854" value="N"/>
		<feat xlink:href="#sSpan858" value="PUNCT"/>
		<feat xlink:href="#sSpan863" value="CONJ"/>
		<feat xlink:href="#sSpan870" value="CREL"/>
		<feat xlink:href="#sSpan874" value="APST"/>
		<feat xlink:href="#sSpan877" value="NPROP"/>
		<feat xlink:href="#sSpan881" value="PPOS"/>
		<feat xlink:href="#sSpan885" value="N"/>
		<feat xlink:href="#sSpan887" value="PREP"/>
		<feat xlink:href="#sSpan892" value="V"/>
		<feat xlink:href="#sSpan894" value="PDEM"/>
		<feat xlink:href="#sSpan897" value="N"/>
		<feat xlink:href="#sSpan899" value="IMOD"/>
		<feat xlink:href="#sSpan904" value="PPERO"/>
		<feat xlink:href="#sSpan906" value="PREP"/>
		<feat xlink:href="#sSpan910" value="NPROP"/>
		<feat xlink:href="#sSpan913" value="PUNCT"/>
		<feat xlink:href="#sSpan917" value="CONJ"/>
		<feat xlink:href="#sSpan922" value="PREP"/>
		<feat xlink:href="#sSpan926" value="ART"/>
		<feat xlink:href="#sSpan930" value="N"/>
		<feat xlink:href="#sSpan934" value="N"/>
		<feat xlink:href="#sSpan938" value="PUNCT"/>
		<feat xlink:href="#sSpan942" value="CONJ"/>
		<feat xlink:href="#sSpan947" value="ART"/>
		<feat xlink:href="#sSpan952" value="N"/>
		<feat xlink:href="#sSpan954" value="PREP"/>
		<feat xlink:href="#sSpan959" value="NUM"/>
		<feat xlink:href="#sSpan965" value="PREP"/>
		<feat xlink:href="#sSpan969" value="N"/>
		<feat xlink:href="#sSpan972" value="PUNCT"/>
		<feat xlink:href="#sSpan978" value="CONJ"/>
		<feat xlink:href="#sSpan983" value="ART"/>
		<feat xlink:href="#sSpan988" value="CREL"/>
		<feat xlink:href="#sSpan990" value="APST"/>
		<feat xlink:href="#sSpan992" value="PPERS"/>
		<feat xlink:href="#sSpan994" value="V"/>
		<feat xlink:href="#sSpan997" value="PPERO"/>
		<feat xlink:href="#sSpan999" value="IMOD"/>
		<feat xlink:href="#sSpan1003" value="PPERO"/>
		<feat xlink:href="#sSpan1005" value="ADV"/>
		<feat xlink:href="#sSpan1009" value="PREP"/>
		<feat xlink:href="#sSpan1014" value="PPOS"/>
		<feat xlink:href="#sSpan1017" value="N"/>
		<feat xlink:href="#sSpan1021" value="NPROP"/>
		<feat xlink:href="#sSpan1025" value="ART"/>
		<feat xlink:href="#sSpan1029" value="N"/>
		<feat xlink:href="#sSpan1031" value="PREP"/>
		<feat xlink:href="#sSpan1037" value="NPROP"/>
		<feat xlink:href="#sSpan1040" value="PUNCT"/>
		<feat xlink:href="#sSpan1044" value="ART"/>
		<feat xlink:href="#sSpan1050" value="N"/>
		<feat xlink:href="#sSpan1053" value="PREP"/>
		<feat xlink:href="#sSpan1057" value="PPOS"/>
		<feat xlink:href="#sSpan1060" value="N"/>
		<feat xlink:href="#sSpan1063" value="PUNCT"/>
		<feat xlink:href="#sSpan1068" value="CONJ"/>
		<feat xlink:href="#sSpan1075" value="CREL"/>
		<feat xlink:href="#sSpan1079" value="APST"/>
		<feat xlink:href="#sSpan1081" value="PPOS"/>
		<feat xlink:href="#sSpan1084" value="N"/>
		<feat xlink:href="#sSpan1088" value="NPROP"/>
		<feat xlink:href="#sSpan1092" value="V"/>
		<feat xlink:href="#sSpan1097" value="ART"/>
		<feat xlink:href="#sSpan1100" value="CREL"/>
		<feat xlink:href="#sSpan1102" value="VSTAT"/>
		<feat xlink:href="#sSpan1104" value="PUNCT"/>
		<feat xlink:href="#sSpan1110" value="CONJ"/>
		<feat xlink:href="#sSpan1117" value="ADV"/>
		<feat xlink:href="#sSpan1121" value="APST"/>
		<feat xlink:href="#sSpan1125" value="PPERS"/>
		<feat xlink:href="#sSpan1127" value="V"/>
		<feat xlink:href="#sSpan1129" value="PREP"/>
		<feat xlink:href="#sSpan1132" value="N"/>
		<feat xlink:href="#sSpan1135" value="PREP"/>
		<feat xlink:href="#sSpan1139" value="ART"/>
		<feat xlink:href="#sSpan1143" value="NPROP"/>
		<feat xlink:href="#sSpan1146" value="PUNCT"/>
		<feat xlink:href="#sSpan1150" value="APST"/>
		<feat xlink:href="#sSpan1156" value="PPERS"/>
		<feat xlink:href="#sSpan1158" value="V"/>
		<feat xlink:href="#sSpan1161" value="PREP"/>
		<feat xlink:href="#sSpan1165" value="ART"/>
		<feat xlink:href="#sSpan1168" value="CREL"/>
		<feat xlink:href="#sSpan1170" value="VSTAT"/>
		<feat xlink:href="#sSpan1173" value="PUNCT"/>
		<feat xlink:href="#sSpan1178" value="CCIRC"/>
		<feat xlink:href="#sSpan1186" value="APST"/>
		<feat xlink:href="#sSpan1188" value="PPERS"/>
		<feat xlink:href="#sSpan1190" value="V"/>
		<feat xlink:href="#sSpan1192" value="ART"/>
		<feat xlink:href="#sSpan1195" value="N"/>
		<feat xlink:href="#sSpan1197" value="ADV"/>
		<feat xlink:href="#sSpan1201" value="PREP"/>
		<feat xlink:href="#sSpan1206" value="NUM"/>
		<feat xlink:href="#sSpan1209" value="PREP"/>
		<feat xlink:href="#sSpan1213" value="N"/>
		<feat xlink:href="#sSpan1216" value="PREP"/>
		<feat xlink:href="#sSpan1220" value="NUM"/>
		<feat xlink:href="#sSpan1223" value="PREP"/>
		<feat xlink:href="#sSpan1227" value="N"/>
		<feat xlink:href="#sSpan1230" value="PUNCT"/>
		<feat xlink:href="#sSpan1235" value="CONJ"/>
		<feat xlink:href="#sSpan1242" value="ADV"/>
		<feat xlink:href="#sSpan1246" value="APST"/>
		<feat xlink:href="#sSpan1250" value="PPERS"/>
		<feat xlink:href="#sSpan1252" value="V"/>
		<feat xlink:href="#sSpan1254" value="ART"/>
		<feat xlink:href="#sSpan1258" value="N"/>
		<feat xlink:href="#sSpan1260" value="ADV"/>
		<feat xlink:href="#sSpan1265" value="PREP"/>
		<feat xlink:href="#sSpan1270" value="ART"/>
		<feat xlink:href="#sSpan1273" value="N"/>
		<feat xlink:href="#sSpan1275" value="PUNCT"/>
		<feat xlink:href="#sSpan1279" value="PREP"/>
		<feat xlink:href="#sSpan1283" value="ART"/>
		<feat xlink:href="#sSpan1287" value="ACAUS"/>
		<feat xlink:href="#sSpan1289" value="PPERS"/>
		<feat xlink:href="#sSpan1292" value="V"/>
		<feat xlink:href="#sSpan1295" value="PREP"/>
		<feat xlink:href="#sSpan1299" value="ART"/>
		<feat xlink:href="#sSpan1302" value="N"/>
		<feat xlink:href="#sSpan1304" value="PREP"/>
		<feat xlink:href="#sSpan1309" value="ART"/>
		<feat xlink:href="#sSpan1315" value="CREL"/>
		<feat xlink:href="#sSpan1317" value="VSTAT"/>
		<feat xlink:href="#sSpan1319" value="PUNCT"/>
		<feat xlink:href="#sSpan1323" value="APST"/>
		<feat xlink:href="#sSpan1329" value="PPERS"/>
		<feat xlink:href="#sSpan1331" value="V"/>
		<feat xlink:href="#sSpan1334" value="PREP"/>
		<feat xlink:href="#sSpan1338" value="ART"/>
		<feat xlink:href="#sSpan1341" value="N"/>
		<feat xlink:href="#sSpan1343" value="PUNCT"/>
		<feat xlink:href="#sSpan1347" value="PREP"/>
		<feat xlink:href="#sSpan1352" value="ART"/>
		<feat xlink:href="#sSpan1355" value="N"/>
		<feat xlink:href="#sSpan1357" value="PUNCT"/>
		<feat xlink:href="#sSpan1361" value="PREP"/>
		<feat xlink:href="#sSpan1366" value="ART"/>
		<feat xlink:href="#sSpan1369" value="N"/>
		<feat xlink:href="#sSpan1371" value="PUNCT"/>
		<feat xlink:href="#sSpan1375" value="PREP"/>
		<feat xlink:href="#sSpan1380" value="ART"/>
		<feat xlink:href="#sSpan1383" value="N"/>
		<feat xlink:href="#sSpan1385" value="PUNCT"/>
		<feat xlink:href="#sSpan1389" value="CREL"/>
		<feat xlink:href="#sSpan1394" value="VSTAT"/>
		<feat xlink:href="#sSpan1396" value="PREP"/>
		<feat xlink:href="#sSpan1401" value="PPERO"/>
		<feat xlink:href="#sSpan1403" value="PUNCT"/>
		<feat xlink:href="#sSpan1407" value="PDEM"/>
		<feat xlink:href="#sSpan1411" value="CREL"/>
		<feat xlink:href="#sSpan1416" value="APST"/>
		<feat xlink:href="#sSpan1418" value="PPERS"/>
		<feat xlink:href="#sSpan1420" value="V"/>
		<feat xlink:href="#sSpan1422" value="PPERO"/>
		<feat xlink:href="#sSpan1424" value="PREP"/>
		<feat xlink:href="#sSpan1429" value="ART"/>
		<feat xlink:href="#sSpan1433" value="N"/>
		<feat xlink:href="#sSpan1435" value="PREP"/>
		<feat xlink:href="#sSpan1440" value="N"/>
		<feat xlink:href="#sSpan1444" value="PUNCT"/>
		<feat xlink:href="#sSpan1448" value="CONJ"/>
		<feat xlink:href="#sSpan1452" value="ART"/>
		<feat xlink:href="#sSpan1457" value="ART"/>
		<feat xlink:href="#sSpan1459" value="N"/>
		<feat xlink:href="#sSpan1462" value="PDEM"/>
		<feat xlink:href="#sSpan1466" value="CREL"/>
		<feat xlink:href="#sSpan1470" value="APST"/>
		<feat xlink:href="#sSpan1472" value="PPERS"/>
		<feat xlink:href="#sSpan1474" value="V"/>
		<feat xlink:href="#sSpan1477" value="PPERO"/>
		<feat xlink:href="#sSpan1479" value="PREP"/>
		<feat xlink:href="#sSpan1483" value="ART"/>
		<feat xlink:href="#sSpan1487" value="N"/>
		<feat xlink:href="#sSpan1490" value="PREP"/>
		<feat xlink:href="#sSpan1494" value="ART"/>
		<feat xlink:href="#sSpan1498" value="N"/>
		<feat xlink:href="#sSpan1501" value="PUNCT"/>
		<feat xlink:href="#sSpan1505" value="PREP"/>
		<feat xlink:href="#sSpan1509" value="PPOS"/>
		<feat xlink:href="#sSpan1512" value="N"/>
		<feat xlink:href="#sSpan1515" value="IMOD"/>
		<feat xlink:href="#sSpan1519" value="PPERO"/>
		<feat xlink:href="#sSpan1521" value="PUNCT"/>
		<feat xlink:href="#sSpan1526" value="CONJ"/>
		<feat xlink:href="#sSpan1533" value="CFOC"/>
		<feat xlink:href="#sSpan1537" value="APST"/>
		<feat xlink:href="#sSpan1539" value="PPERS"/>
		<feat xlink:href="#sSpan1541" value="V"/>
		<feat xlink:href="#sSpan1543" value="APST"/>
		<feat xlink:href="#sSpan1548" value="PPERS"/>
		<feat xlink:href="#sSpan1550" value="V"/>
		<feat xlink:href="#sSpan1552" value="PTC"/>
		<feat xlink:href="#sSpan1556" value="ART"/>
		<feat xlink:href="#sSpan1560" value="N"/>
		<feat xlink:href="#sSpan1562" value="PREP"/>
		<feat xlink:href="#sSpan1566" value="N"/>
		<feat xlink:href="#sSpan1569" value="PREP"/>
		<feat xlink:href="#sSpan1574" value="ART"/>
		<feat xlink:href="#sSpan1577" value="N"/>
		<feat xlink:href="#sSpan1579" value="PUNCT"/>
		<feat xlink:href="#sSpan1583" value="APST"/>
		<feat xlink:href="#sSpan1589" value="PPERS"/>
		<feat xlink:href="#sSpan1591" value="V"/>
		<feat xlink:href="#sSpan1594" value="PREP"/>
		<feat xlink:href="#sSpan1596" value="PPOS"/>
		<feat xlink:href="#sSpan1600" value="N"/>
		<feat xlink:href="#sSpan1603" value="PUNCT"/>
		<feat xlink:href="#sSpan1608" value="PREP"/>
		<feat xlink:href="#sSpan1615" value="PDEM"/>
		<feat xlink:href="#sSpan1617" value="N"/>
		<feat xlink:href="#sSpan1619" value="ADV"/>
		<feat xlink:href="#sSpan1623" value="COP"/>
		<feat xlink:href="#sSpan1627" value="PPOS"/>
		<feat xlink:href="#sSpan1632" value="N"/>
		<feat xlink:href="#sSpan1636" value="NPROP"/>
		<feat xlink:href="#sSpan1640" value="CCIRC"/>
		<feat xlink:href="#sSpan1646" value="APST"/>
		<feat xlink:href="#sSpan1648" value="PPERS"/>
		<feat xlink:href="#sSpan1650" value="V"/>
		<feat xlink:href="#sSpan1652" value="ART"/>
		<feat xlink:href="#sSpan1655" value="CREL"/>
		<feat xlink:href="#sSpan1657" value="VSTAT"/>
		<feat xlink:href="#sSpan1660" value="PUNCT"/>
		<feat xlink:href="#sSpan1664" value="CONJ"/>
		<feat xlink:href="#sSpan1670" value="APST"/>
		<feat xlink:href="#sSpan1676" value="PPERS"/>
		<feat xlink:href="#sSpan1679" value="V"/>
		<feat xlink:href="#sSpan1681" value="PREP"/>
		<feat xlink:href="#sSpan1686" value="ART"/>
		<feat xlink:href="#sSpan1689" value="N"/>
		<feat xlink:href="#sSpan1692" value="UNKNOWN"/>
		<feat xlink:href="#sSpan1696" value="UNKNOWN"/>
		<feat xlink:href="#sSpan1703" value="UNKNOWN"/>
		<feat xlink:href="#sSpan1707" value="PREP"/>
		<feat xlink:href="#sSpan1712" value="UNKNOWN"/>
		<feat xlink:href="#sSpan1716" value="UNKNOWN"/>
		<feat xlink:href="#sSpan1721" value="UNKNOWN"/>
		<feat xlink:href="#sSpan1725" value="CFOC"/>
		<feat xlink:href="#sSpan1732" value="APST"/>
		<feat xlink:href="#sSpan1734" value="PPERS"/>
		<feat xlink:href="#sSpan1736" value="V"/>
		<feat xlink:href="#sSpan1738" value="PPERO"/>
		<feat xlink:href="#sSpan1741" value="PREP"/>
		<feat xlink:href="#sSpan1745" value="ART"/>
		<feat xlink:href="#sSpan1749" value="N"/>
		<feat xlink:href="#sSpan1751" value="PREP"/>
		<feat xlink:href="#sSpan1755" value="ART"/>
		<feat xlink:href="#sSpan1757" value="VSTAT"/>
		<feat xlink:href="#sSpan1760" value="PUNCT"/>
		<feat xlink:href="#sSpan1765" value="CONJ"/>
		<feat xlink:href="#sSpan1773" value="VBD"/>
		<feat xlink:href="#sSpan1777" value="PPERS"/>
		<feat xlink:href="#sSpan1779" value="PTC"/>
		<feat xlink:href="#sSpan1783" value="ART"/>
		<feat xlink:href="#sSpan1787" value="N"/>
		<feat xlink:href="#sSpan1789" value="CREL"/>
		<feat xlink:href="#sSpan1793" value="VSTAT"/>
		<feat xlink:href="#sSpan1796" value="CONJ"/>
		<feat xlink:href="#sSpan1800" value="PREP"/>
		<feat xlink:href="#sSpan1802" value="ART"/>
		<feat xlink:href="#sSpan1805" value="N"/>
		<feat xlink:href="#sSpan1808" value="NEG"/>
		<feat xlink:href="#sSpan1812" value="COP"/>
		<feat xlink:href="#sSpan1816" value="PUNCT"/>
		<feat xlink:href="#sSpan1822" value="NEG"/>
		<feat xlink:href="#sSpan1829" value="PTC"/>
		<feat xlink:href="#sSpan1833" value="PREP"/>
		<feat xlink:href="#sSpan1837" value="PDEM"/>
		<feat xlink:href="#sSpan1840" value="AJUS"/>
		<feat xlink:href="#sSpan1845" value="PPERS"/>
		<feat xlink:href="#sSpan1847" value="V"/>
		<feat xlink:href="#sSpan1849" value="PREP"/>
		<feat xlink:href="#sSpan1852" value="N"/>
		<feat xlink:href="#sSpan1856" value="PUNCT"/>
		<feat xlink:href="#sSpan1860" value="CCIRC"/>
		<feat xlink:href="#sSpan1864" value="ART"/>
		<feat xlink:href="#sSpan1868" value="N"/>
		<feat xlink:href="#sSpan1870" value="PREP"/>
		<feat xlink:href="#sSpan1874" value="ART"/>
		<feat xlink:href="#sSpan1877" value="N"/>
		<feat xlink:href="#sSpan1880" value="PREP"/>
		<feat xlink:href="#sSpan1884" value="PPOS"/>
		<feat xlink:href="#sSpan1887" value="N"/>
		<feat xlink:href="#sSpan1889" value="PUNCT"/>
		<feat xlink:href="#sSpan1893" value="CONJ"/>
		<feat xlink:href="#sSpan1898" value="PREP"/>
		<feat xlink:href="#sSpan1902" value="ART"/>
		<feat xlink:href="#sSpan1907" value="N"/>
		<feat xlink:href="#sSpan1909" value="NEG"/>
		<feat xlink:href="#sSpan1913" value="CREL"/>
		<feat xlink:href="#sSpan1918" value="ART"/>
		<feat xlink:href="#sSpan1921" value="N"/>
		<feat xlink:href="#sSpan1923" value="PREP"/>
		<feat xlink:href="#sSpan1928" value="ART"/>
		<feat xlink:href="#sSpan1931" value="N"/>
		<feat xlink:href="#sSpan1933" value="PREP"/>
		<feat xlink:href="#sSpan1937" value="PPOS"/>
		<feat xlink:href="#sSpan1941" value="N"/>
		<feat xlink:href="#sSpan1943" value="PUNCT"/>
		<feat xlink:href="#sSpan1948" value="CONJ"/>
		<feat xlink:href="#sSpan1955" value="VIMP"/>
		<feat xlink:href="#sSpan1957" value="V"/>
		<feat xlink:href="#sSpan1959" value="PREP"/>
		<feat xlink:href="#sSpan1961" value="ADV"/>
		<feat xlink:href="#sSpan1966" value="CONJ"/>
		<feat xlink:href="#sSpan1970" value="PINT"/>
		<feat xlink:href="#sSpan1972" value="COP"/>
		<feat xlink:href="#sSpan1977" value="PPOS"/>
		<feat xlink:href="#sSpan1982" value="N"/>
		<feat xlink:href="#sSpan1986" value="PTC"/>
		<feat xlink:href="#sSpan1993" value="ART"/>
		<feat xlink:href="#sSpan1998" value="N"/>
		<feat xlink:href="#sSpan2000" value="PREP"/>
		<feat xlink:href="#sSpan2004" value="PPOS"/>
		<feat xlink:href="#sSpan2006" value="UNKNOWN"/>
		<feat xlink:href="#sSpan2008" value="UNKNOWN"/>
		<feat xlink:href="#sSpan2014" value="PUNCT"/>
		<feat xlink:href="#sSpan2019" value="N"/>
		<feat xlink:href="#sSpan2025" value="UNKNOWN"/>
		<feat xlink:href="#sSpan2032" value="UNKNOWN"/>
		<feat xlink:href="#sSpan2036" value="UNKNOWN"/>
		<feat xlink:href="#sSpan2042" value="CONJ"/>
		<feat xlink:href="#sSpan2050" value="PPERS"/>
		<feat xlink:href="#sSpan2054" value="V"/>
		<feat xlink:href="#sSpan2057" value="PREP"/>
		<feat xlink:href="#sSpan2063" value="PPERO"/>
		<feat xlink:href="#sSpan2065" value="CONJ"/>
		<feat xlink:href="#sSpan2069" value="ART"/>
		<feat xlink:href="#sSpan2072" value="CREL"/>
		<feat xlink:href="#sSpan2074" value="PREP"/>
		<feat xlink:href="#sSpan2077" value="ART"/>
		<feat xlink:href="#sSpan2080" value="N"/>
		<feat xlink:href="#sSpan2082" value="COP"/>
		<feat xlink:href="#sSpan2087" value="PPOS"/>
		<feat xlink:href="#sSpan2093" value="N"/>
		<feat xlink:href="#sSpan2095" value="PUNCT"/>
		<feat xlink:href="#sSpan2099" value="PPERS"/>
		<feat xlink:href="#sSpan2104" value="VSTAT"/>
		<feat xlink:href="#sSpan2106" value="PUNCT"/>
		<feat xlink:href="#sSpan2110" value="CONJ"/>
		<feat xlink:href="#sSpan2114" value="CFOC"/>
		<feat xlink:href="#sSpan2117" value="APST"/>
		<feat xlink:href="#sSpan2119" value="PPOS"/>
		<feat xlink:href="#sSpan2122" value="N"/>
		<feat xlink:href="#sSpan2124" value="CONJ"/>
		<feat xlink:href="#sSpan2129" value="PPOS"/>
		<feat xlink:href="#sSpan2134" value="N"/>
		<feat xlink:href="#sSpan2137" value="PPERI"/>
		<feat xlink:href="#sSpan2141" value="ART"/>
		<feat xlink:href="#sSpan2147" value="N"/>
		<feat xlink:href="#sSpan2150" value="PUNCT"/>
		<feat xlink:href="#sSpan2154" value="V"/>
		<feat xlink:href="#sSpan2159" value="PPERO"/>
		<feat xlink:href="#sSpan2161" value="PREP"/>
		<feat xlink:href="#sSpan2165" value="N"/>
		<feat xlink:href="#sSpan2169" value="PREP"/>
		<feat xlink:href="#sSpan2173" value="ACAUS"/>
		<feat xlink:href="#sSpan2175" value="PPERS"/>
		<feat xlink:href="#sSpan2178" value="V"/>
		<feat xlink:href="#sSpan2183" value="ADV"/>
		<feat xlink:href="#sSpan2187" value="PREP"/>
		<feat xlink:href="#sSpan2192" value="ART"/>
		<feat xlink:href="#sSpan2195" value="N"/>
		<feat xlink:href="#sSpan2197" value="PUNCT"/>
		<feat xlink:href="#sSpan2202" value="CONJ"/>
		<feat xlink:href="#sSpan2209" value="CONJ"/>
		<feat xlink:href="#sSpan2213" value="PPERS"/>
		<feat xlink:href="#sSpan2215" value="V"/>
		<feat xlink:href="#sSpan2218" value="PREP"/>
		<feat xlink:href="#sSpan2222" value="PPERO"/>
		<feat xlink:href="#sSpan2224" value="PREP"/>
		<feat xlink:href="#sSpan2229" value="ART"/>
		<feat xlink:href="#sSpan2232" value="N"/>
		<feat xlink:href="#sSpan2235" value="CONJ"/>
		<feat xlink:href="#sSpan2239" value="ART"/>
		<feat xlink:href="#sSpan2244" value="N"/>
		<feat xlink:href="#sSpan2246" value="PREP"/>
		<feat xlink:href="#sSpan2251" value="ART"/>
		<feat xlink:href="#sSpan2254" value="ART"/>
		<feat xlink:href="#sSpan2256" value="N"/>
		<feat xlink:href="#sSpan2259" value="IMOD"/>
		<feat xlink:href="#sSpan2263" value="PPERO"/>
		<feat xlink:href="#sSpan2265" value="CONJ"/>
		<feat xlink:href="#sSpan2269" value="PPOS"/>
		<feat xlink:href="#sSpan2273" value="N"/>
		<feat xlink:href="#sSpan2275" value="COP"/>
		<feat xlink:href="#sSpan2280" value="PUNCT"/>
		<feat xlink:href="#sSpan2284" value="PPERS"/>
		<feat xlink:href="#sSpan2288" value="VSTAT"/>
		<feat xlink:href="#sSpan2292" value="CONJ"/>
		<feat xlink:href="#sSpan2296" value="CFOC"/>
		<feat xlink:href="#sSpan2298" value="APST"/>
		<feat xlink:href="#sSpan2300" value="ART"/>
		<feat xlink:href="#sSpan2303" value="N"/>
		<feat xlink:href="#sSpan2307" value="PREP"/>
		<feat xlink:href="#sSpan2311" value="ART"/>
		<feat xlink:href="#sSpan2314" value="N"/>
		<feat xlink:href="#sSpan2316" value="ART"/>
		<feat xlink:href="#sSpan2320" value="N"/>
		<feat xlink:href="#sSpan2322" value="PREP"/>
		<feat xlink:href="#sSpan2327" value="PPOS"/>
		<feat xlink:href="#sSpan2330" value="N"/>
		<feat xlink:href="#sSpan2333" value="NPROP"/>
		<feat xlink:href="#sSpan2337" value="ART"/>
		<feat xlink:href="#sSpan2343" value="N"/>
		<feat xlink:href="#sSpan2345" value="V"/>
		<feat xlink:href="#sSpan2351" value="PPERO"/>
		<feat xlink:href="#sSpan2353" value="PREP"/>
		<feat xlink:href="#sSpan2358" value="N"/>
		<feat xlink:href="#sSpan2363" value="PUNCT"/>
		<feat xlink:href="#sSpan2367" value="CONJ"/>
		<feat xlink:href="#sSpan2371" value="PREP"/>
		<feat xlink:href="#sSpan2377" value="V"/>
		<feat xlink:href="#sSpan2380" value="PUNCT"/>
		<feat xlink:href="#sSpan2384" value="CONJ"/>
		<feat xlink:href="#sSpan2388" value="PREP"/>
		<feat xlink:href="#sSpan2393" value="V"/>
		<feat xlink:href="#sSpan2395" value="PPERO"/>
		<feat xlink:href="#sSpan2397" value="PUNCT"/>
		<feat xlink:href="#sSpan2401" value="CONJ"/>
		<feat xlink:href="#sSpan2405" value="PREP"/>
		<feat xlink:href="#sSpan2410" value="V"/>
		<feat xlink:href="#sSpan2412" value="PPOS"/>
		<feat xlink:href="#sSpan2415" value="N"/>
		<feat xlink:href="#sSpan2417" value="PUNCT"/>
		<feat xlink:href="#sSpan2421" value="CONJ"/>
		<feat xlink:href="#sSpan2426" value="PREP"/>
		<feat xlink:href="#sSpan2430" value="V"/>
		<feat xlink:href="#sSpan2432" value="PREP"/>
		<feat xlink:href="#sSpan2434" value="PPERO"/>
		<feat xlink:href="#sSpan2436" value="PREP"/>
		<feat xlink:href="#sSpan2441" value="PPOS"/>
		<feat xlink:href="#sSpan2444" value="N"/>
		<feat xlink:href="#sSpan2446" value="PUNCT"/>
		<feat xlink:href="#sSpan2451" value="CONJ"/>
		<feat xlink:href="#sSpan2458" value="PPERS"/>
		<feat xlink:href="#sSpan2460" value="V"/>
		<feat xlink:href="#sSpan2462" value="PREP"/>
		<feat xlink:href="#sSpan2467" value="PPERO"/>
		<feat xlink:href="#sSpan2469" value="PUNCT"/>
		<feat xlink:href="#sSpan2473" value="CONJ"/>
		<feat xlink:href="#sSpan2477" value="ART"/>
		<feat xlink:href="#sSpan2481" value="N"/>
		<feat xlink:href="#sSpan2484" value="COP"/>
		<feat xlink:href="#sSpan2488" value="PPOS"/>
		<feat xlink:href="#sSpan2493" value="N"/>
		<feat xlink:href="#sSpan2496" value="PUNCT"/>
		<feat xlink:href="#sSpan2500" value="PPERS"/>
		<feat xlink:href="#sSpan2504" value="VSTAT"/>
		<feat xlink:href="#sSpan2507" value="PREP"/>
		<feat xlink:href="#sSpan2511" value="ART"/>
		<feat xlink:href="#sSpan2513" value="N"/>
		<feat xlink:href="#sSpan2515" value="PUNCT"/>
		<feat xlink:href="#sSpan2519" value="CONJ"/>
		<feat xlink:href="#sSpan2524" value="CFOC"/>
		<feat xlink:href="#sSpan2526" value="APST"/>
		<feat xlink:href="#sSpan2528" value="ART"/>
		<feat xlink:href="#sSpan2531" value="N"/>
		<feat xlink:href="#sSpan2533" value="ART"/>
		<feat xlink:href="#sSpan2538" value="N"/>
		<feat xlink:href="#sSpan2540" value="V"/>
		<feat xlink:href="#sSpan2544" value="PPERO"/>
		<feat xlink:href="#sSpan2546" value="PREP"/>
		<feat xlink:href="#sSpan2551" value="ACAUS"/>
		<feat xlink:href="#sSpan2553" value="PPERS"/>
		<feat xlink:href="#sSpan2555" value="V"/>
		<feat xlink:href="#sSpan2557" value="IMOD"/>
		<feat xlink:href="#sSpan2562" value="PPERO"/>
		<feat xlink:href="#sSpan2564" value="PUNCT"/>
		<feat xlink:href="#sSpan2569" value="CONJ"/>
		<feat xlink:href="#sSpan2576" value="ART"/>
		<feat xlink:href="#sSpan2579" value="N"/>
		<feat xlink:href="#sSpan2582" value="PTC"/>
		<feat xlink:href="#sSpan2587" value="ADV"/>
		<feat xlink:href="#sSpan2591" value="COP"/>
		<feat xlink:href="#sSpan2595" value="PPOS"/>
		<feat xlink:href="#sSpan2600" value="N"/>
		<feat xlink:href="#sSpan2603" value="PUNCT"/>
		<feat xlink:href="#sSpan2607" value="CONJ"/>
		<feat xlink:href="#sSpan2611" value="ART"/>
		<feat xlink:href="#sSpan2617" value="N"/>
		<feat xlink:href="#sSpan2619" value="PUNCT"/>
		<feat xlink:href="#sSpan2623" value="PPERS"/>
		<feat xlink:href="#sSpan2628" value="V"/>
		<feat xlink:href="#sSpan2634" value="VSTAT"/>
		<feat xlink:href="#sSpan2637" value="PUNCT"/>
		<feat xlink:href="#sSpan2641" value="CONJ"/>
		<feat xlink:href="#sSpan2645" value="ART"/>
		<feat xlink:href="#sSpan2648" value="N"/>
		<feat xlink:href="#sSpan2650" value="ART"/>
		<feat xlink:href="#sSpan2655" value="N"/>
		<feat xlink:href="#sSpan2657" value="V"/>
		<feat xlink:href="#sSpan2661" value="PREP"/>
		<feat xlink:href="#sSpan2669" value="PPERO"/>
		<feat xlink:href="#sSpan2671" value="PUNCT"/>
		<feat xlink:href="#sSpan2675" value="CONJ"/>
		<feat xlink:href="#sSpan2679" value="PPERI"/>
		<feat xlink:href="#sSpan2681" value="COP"/>
		<feat xlink:href="#sSpan2685" value="PUNCT"/>
		<feat xlink:href="#sSpan2689" value="PPERI"/>
		<feat xlink:href="#sSpan2694" value="COP"/>
		<feat xlink:href="#sSpan2698" value="PUNCT"/>
		<feat xlink:href="#sSpan2702" value="CONJ"/>
		<feat xlink:href="#sSpan2706" value="EXIST"/>
		<feat xlink:href="#sSpan2711" value="ART"/>
		<feat xlink:href="#sSpan2714" value="NUM"/>
		<feat xlink:href="#sSpan2716" value="PREP"/>
		<feat xlink:href="#sSpan2721" value="PPERO"/>
		<feat xlink:href="#sSpan2723" value="PUNCT"/>
		<feat xlink:href="#sSpan2727" value="CFOC"/>
		<feat xlink:href="#sSpan2733" value="APST"/>
		<feat xlink:href="#sSpan2735" value="PPERS"/>
		<feat xlink:href="#sSpan2737" value="V"/>
		<feat xlink:href="#sSpan2740" value="PPERO"/>
		<feat xlink:href="#sSpan2742" value="PREP"/>
		<feat xlink:href="#sSpan2746" value="PPOS"/>
		<feat xlink:href="#sSpan2749" value="N"/>
		<feat xlink:href="#sSpan2751" value="PUNCT"/>
		<feat xlink:href="#sSpan2755" value="PDEM"/>
		<feat xlink:href="#sSpan2762" value="PTC"/>
		<feat xlink:href="#sSpan2766" value="PREP"/>
		<feat xlink:href="#sSpan2770" value="N"/>
		<feat xlink:href="#sSpan2774" value="PUNCT"/>
		<feat xlink:href="#sSpan2778" value="PDEM"/>
		<feat xlink:href="#sSpan2783" value="ART"/>
		<feat xlink:href="#sSpan2785" value="PREP"/>
		<feat xlink:href="#sSpan2789" value="N"/>
		<feat xlink:href="#sSpan2793" value="PREP"/>
		<feat xlink:href="#sSpan2797" value="ART"/>
		<feat xlink:href="#sSpan2800" value="N"/>
		<feat xlink:href="#sSpan2803" value="PUNCT"/>
		<feat xlink:href="#sSpan2808" value="CONJ"/>
		<feat xlink:href="#sSpan2815" value="CONJ"/>
		<feat xlink:href="#sSpan2819" value="ART"/>
		<feat xlink:href="#sSpan2822" value="N"/>
		<feat xlink:href="#sSpan2825" value="PUNCT"/>
		<feat xlink:href="#sSpan2829" value="PREP"/>
		<feat xlink:href="#sSpan2834" value="ART"/>
		<feat xlink:href="#sSpan2837" value="N"/>
		<feat xlink:href="#sSpan2839" value="PUNCT"/>
		<feat xlink:href="#sSpan2843" value="PREP"/>
		<feat xlink:href="#sSpan2848" value="ART"/>
		<feat xlink:href="#sSpan2851" value="N"/>
		<feat xlink:href="#sSpan2853" value="PUNCT"/>
		<feat xlink:href="#sSpan2857" value="PREP"/>
		<feat xlink:href="#sSpan2862" value="ART"/>
		<feat xlink:href="#sSpan2865" value="N"/>
		<feat xlink:href="#sSpan2867" value="PUNCT"/>
		<feat xlink:href="#sSpan2871" value="PREP"/>
		<feat xlink:href="#sSpan2876" value="ART"/>
		<feat xlink:href="#sSpan2879" value="N"/>
		<feat xlink:href="#sSpan2881" value="PUNCT"/>
		<feat xlink:href="#sSpan2885" value="PREP"/>
		<feat xlink:href="#sSpan2890" value="ART"/>
		<feat xlink:href="#sSpan2893" value="N"/>
		<feat xlink:href="#sSpan2895" value="PUNCT"/>
		<feat xlink:href="#sSpan2899" value="PREP"/>
		<feat xlink:href="#sSpan2904" value="ART"/>
		<feat xlink:href="#sSpan2907" value="N"/>
		<feat xlink:href="#sSpan2909" value="IMOD"/>
		<feat xlink:href="#sSpan2914" value="PPERO"/>
		<feat xlink:href="#sSpan2916" value="CREL"/>
		<feat xlink:href="#sSpan2920" value="PPERS"/>
		<feat xlink:href="#sSpan2922" value="V"/>
		<feat xlink:href="#sSpan2925" value="PREP"/>
		<feat xlink:href="#sSpan2929" value="PPERO"/>
		<feat xlink:href="#sSpan2931" value="COP"/>
		<feat xlink:href="#sSpan2935" value="PPOS"/>
		<feat xlink:href="#sSpan2941" value="N"/>
		<feat xlink:href="#sSpan2943" value="PUNCT"/>
		<feat xlink:href="#sSpan2948" value="PPERS"/>
		<feat xlink:href="#sSpan2955" value="V"/>
		<feat xlink:href="#sSpan2958" value="VSTAT"/>
		<feat xlink:href="#sSpan2961" value="ADV"/>
		<feat xlink:href="#sSpan2965" value="CONJ"/>
		<feat xlink:href="#sSpan2969" value="CFOC"/>
		<feat xlink:href="#sSpan2971" value="APST"/>
		<feat xlink:href="#sSpan2973" value="ART"/>
		<feat xlink:href="#sSpan2978" value="N"/>
		<feat xlink:href="#sSpan2980" value="PREP"/>
		<feat xlink:href="#sSpan2985" value="ART"/>
		<feat xlink:href="#sSpan2989" value="N"/>
		<feat xlink:href="#sSpan2991" value="IMOD"/>
		<feat xlink:href="#sSpan2996" value="PPERO"/>
		<feat xlink:href="#sSpan2998" value="V"/>
		<feat xlink:href="#sSpan3002" value="PPERO"/>
		<feat xlink:href="#sSpan3004" value="PREP"/>
		<feat xlink:href="#sSpan3008" value="ART"/>
		<feat xlink:href="#sSpan3011" value="N"/>
		<feat xlink:href="#sSpan3015" value="PUNCT"/>
		<feat xlink:href="#sSpan3019" value="CCIRC"/>
		<feat xlink:href="#sSpan3023" value="PPERS"/>
		<feat xlink:href="#sSpan3025" value="V"/>
		<feat xlink:href="#sSpan3027" value="CONJ"/>
		<feat xlink:href="#sSpan3032" value="PPERS"/>
		<feat xlink:href="#sSpan3034" value="FUT"/>
		<feat xlink:href="#sSpan3036" value="V"/>
		<feat xlink:href="#sSpan3038" value="PPERO"/>
		<feat xlink:href="#sSpan3040" value="PREP"/>
		<feat xlink:href="#sSpan3046" value="PPERO"/>
		<feat xlink:href="#sSpan3049" value="PUNCT"/>
		<feat xlink:href="#sSpan3053" value="UNKNOWN"/>
		<feat xlink:href="#sSpan3059" value="PREP"/>
		<feat xlink:href="#sSpan3064" value="UNKNOWN"/>
		<feat xlink:href="#sSpan3067" value="NEG"/>
		<feat xlink:href="#sSpan3075" value="UNKNOWN"/>
		<feat xlink:href="#sSpan3077" value="UNKNOWN"/>
		<feat xlink:href="#sSpan3082" value="PREP"/>
		<feat xlink:href="#sSpan3086" value="V"/>
		<feat xlink:href="#sSpan3088" value="PPERO"/>
		<feat xlink:href="#sSpan3090" value="CONJ"/>
		<feat xlink:href="#sSpan3095" value="PPERS"/>
		<feat xlink:href="#sSpan3097" value="VSTAT"/>
		<feat xlink:href="#sSpan3100" value="PTC"/>
		<feat xlink:href="#sSpan3104" value="PDEM"/>
		<feat xlink:href="#sSpan3109" value="N"/>
		<feat xlink:href="#sSpan3112" value="CCIRC"/>
		<feat xlink:href="#sSpan3117" value="PPERS"/>
		<feat xlink:href="#sSpan3119" value="V"/>
		<feat xlink:href="#sSpan3121" value="PREP"/>
		<feat xlink:href="#sSpan3125" value="ART"/>
		<feat xlink:href="#sSpan3128" value="N"/>
		<feat xlink:href="#sSpan3131" value="CCIRC"/>
		<feat xlink:href="#sSpan3136" value="APST"/>
		<feat xlink:href="#sSpan3138" value="ART"/>
		<feat xlink:href="#sSpan3141" value="N"/>
		<feat xlink:href="#sSpan3144" value="PREP"/>
		<feat xlink:href="#sSpan3149" value="N"/>
		<feat xlink:href="#sSpan3151" value="V"/>
		<feat xlink:href="#sSpan3156" value="PPERO"/>
		<feat xlink:href="#sSpan3158" value="PUNCT"/>
		<feat xlink:href="#sSpan3162" value="CONJ"/>
		<feat xlink:href="#sSpan3166" value="ANEGOPT"/>
		<feat xlink:href="#sSpan3168" value="PPERS"/>
		<feat xlink:href="#sSpan3170" value="V"/>
		<feat xlink:href="#sSpan3175" value="N"/>
		<feat xlink:href="#sSpan3178" value="PREP"/>
		<feat xlink:href="#sSpan3182" value="N"/>
		<feat xlink:href="#sSpan3184" value="PUNCT"/>
		<feat xlink:href="#sSpan3190" value="CONJ"/>
		<feat xlink:href="#sSpan3197" value="ADV"/>
		<feat xlink:href="#sSpan3201" value="PREP"/>
		<feat xlink:href="#sSpan3205" value="ART"/>
		<feat xlink:href="#sSpan3208" value="N"/>
		<feat xlink:href="#sSpan3211" value="NEG"/>
		<feat xlink:href="#sSpan3215" value="COP"/>
		<feat xlink:href="#sSpan3219" value="PUNCT"/>
		<feat xlink:href="#sSpan3224" value="CONJ"/>
		<feat xlink:href="#sSpan3231" value="ART"/>
		<feat xlink:href="#sSpan3234" value="N"/>
		<feat xlink:href="#sSpan3237" value="PTC"/>
		<feat xlink:href="#sSpan3242" value="ADV"/>
		<feat xlink:href="#sSpan3246" value="COP"/>
		<feat xlink:href="#sSpan3250" value="PUNCT"/>
		<feat xlink:href="#sSpan3254" value="ART"/>
		<feat xlink:href="#sSpan3259" value="N"/>
		<feat xlink:href="#sSpan3262" value="COP"/>
		<feat xlink:href="#sSpan3266" value="ART"/>
		<feat xlink:href="#sSpan3272" value="N"/>
		<feat xlink:href="#sSpan3276" value="PPERO"/>
		<feat xlink:href="#sSpan3278" value="PUNCT"/>
		<feat xlink:href="#sSpan3282" value="ADV"/>
		<feat xlink:href="#sSpan3286" value="PREP"/>
		<feat xlink:href="#sSpan3291" value="ART"/>
		<feat xlink:href="#sSpan3293" value="CREL"/>
		<feat xlink:href="#sSpan3295" value="V"/>
		<feat xlink:href="#sSpan3297" value="PREP"/>
		<feat xlink:href="#sSpan3302" value="PPERO"/>
		<feat xlink:href="#sSpan3304" value="PUNCT"/>
		<feat xlink:href="#sSpan3308" value="CONJ"/>
		<feat xlink:href="#sSpan3312" value="PPERI"/>
		<feat xlink:href="#sSpan3314" value="ART"/>
		<feat xlink:href="#sSpan3318" value="N"/>
		<feat xlink:href="#sSpan3321" value="PUNCT"/>
		<feat xlink:href="#sSpan3325" value="CONJ"/>
		<feat xlink:href="#sSpan3329" value="APST"/>
		<feat xlink:href="#sSpan3331" value="PPERS"/>
		<feat xlink:href="#sSpan3333" value="V"/>
		<feat xlink:href="#sSpan3335" value="PREP"/>
		<feat xlink:href="#sSpan3340" value="ART"/>
		<feat xlink:href="#sSpan3343" value="CREL"/>
		<feat xlink:href="#sSpan3345" value="APST"/>
		<feat xlink:href="#sSpan3347" value="PPERS"/>
		<feat xlink:href="#sSpan3349" value="V"/>
		<feat xlink:href="#sSpan3355" value="PPERO"/>
		<feat xlink:href="#sSpan3357" value="PUNCT"/>
		<feat xlink:href="#sSpan3361" value="CONJ"/>
		<feat xlink:href="#sSpan3365" value="APST"/>
		<feat xlink:href="#sSpan3369" value="PPERS"/>
		<feat xlink:href="#sSpan3372" value="V"/>
		<feat xlink:href="#sSpan3376" value="PREP"/>
		<feat xlink:href="#sSpan3380" value="ART"/>
		<feat xlink:href="#sSpan3383" value="CREL"/>
		<feat xlink:href="#sSpan3385" value="V"/>
		<feat xlink:href="#sSpan3388" value="PREP"/>
		<feat xlink:href="#sSpan3392" value="PPERO"/>
		<feat xlink:href="#sSpan3394" value="PUNCT"/>
		<feat xlink:href="#sSpan3399" value="CONJ"/>
		<feat xlink:href="#sSpan3407" value="CFOC"/>
		<feat xlink:href="#sSpan3409" value="V"/>
		<feat xlink:href="#sSpan3411" value="PREP"/>
		<feat xlink:href="#sSpan3415" value="V"/>
		<feat xlink:href="#sSpan3419" value="PREP"/>
		<feat xlink:href="#sSpan3423" value="ART"/>
		<feat xlink:href="#sSpan3426" value="N"/>
		<feat xlink:href="#sSpan3428" value="PUNCT"/>
		<feat xlink:href="#sSpan3433" value="CFOC"/>
		<feat xlink:href="#sSpan3438" value="V"/>
		<feat xlink:href="#sSpan3440" value="ADV"/>
		<feat xlink:href="#sSpan3444" value="PREP"/>
		<feat xlink:href="#sSpan3448" value="N"/>
		<feat xlink:href="#sSpan3450" value="PREP"/>
		<feat xlink:href="#sSpan3455" value="V"/>
		<feat xlink:href="#sSpan3457" value="ART"/>
		<feat xlink:href="#sSpan3460" value="N"/>
		<feat xlink:href="#sSpan3463" value="PREP"/>
		<feat xlink:href="#sSpan3467" value="ART"/>
		<feat xlink:href="#sSpan3470" value="N"/>
		<feat xlink:href="#sSpan3472" value="CREL"/>
		<feat xlink:href="#sSpan3476" value="ADV"/>
		<feat xlink:href="#sSpan3479" value="PUNCT"/>
		<feat xlink:href="#sSpan3483" value="PDEM"/>
		<feat xlink:href="#sSpan3488" value="CREL"/>
		<feat xlink:href="#sSpan3492" value="APST"/>
		<feat xlink:href="#sSpan3494" value="ART"/>
		<feat xlink:href="#sSpan3498" value="N"/>
		<feat xlink:href="#sSpan3500" value="V"/>
		<feat xlink:href="#sSpan3505" value="PPERO"/>
		<feat xlink:href="#sSpan3507" value="PREP"/>
		<feat xlink:href="#sSpan3511" value="ART"/>
		<feat xlink:href="#sSpan3513" value="N"/>
		<feat xlink:href="#sSpan3516" value="CONJ"/>
		<feat xlink:href="#sSpan3520" value="APST"/>
		<feat xlink:href="#sSpan3522" value="PPERS"/>
		<feat xlink:href="#sSpan3525" value="V"/>
		<feat xlink:href="#sSpan3527" value="PREP"/>
		<feat xlink:href="#sSpan3533" value="NPROP"/>
		<feat xlink:href="#sSpan3536" value="PUNCT"/>
		<feat xlink:href="#sSpan3540" value="CONJ"/>
		<feat xlink:href="#sSpan3544" value="APST"/>
		<feat xlink:href="#sSpan3548" value="PPERS"/>
		<feat xlink:href="#sSpan3551" value="V"/>
		<feat xlink:href="#sSpan3555" value="PREP"/>
		<feat xlink:href="#sSpan3560" value="NPROP"/>
		<feat xlink:href="#sSpan3563" value="PREP"/>
		<feat xlink:href="#sSpan3568" value="ART"/>
		<feat xlink:href="#sSpan3572" value="N"/>
		<feat xlink:href="#sSpan3575" value="PUNCT"/>
		<feat xlink:href="#sSpan3579" value="PREP"/>
		<feat xlink:href="#sSpan3583" value="ART"/>
		<feat xlink:href="#sSpan3585" value="N"/>
		<feat xlink:href="#sSpan3587" value="ADV"/>
		<feat xlink:href="#sSpan3591" value="CREL"/>
		<feat xlink:href="#sSpan3596" value="PDEM"/>
		<feat xlink:href="#sSpan3599" value="N"/>
		<feat xlink:href="#sSpan3601" value="CREL"/>
		<feat xlink:href="#sSpan3606" value="VSTAT"/>
		<feat xlink:href="#sSpan3609" value="V"/>
		<feat xlink:href="#sSpan3615" value="PREP"/>
		<feat xlink:href="#sSpan3619" value="N"/>
		<feat xlink:href="#sSpan3622" value="PUNCT"/>
		<feat xlink:href="#sSpan3626" value="CONJ"/>
		<feat xlink:href="#sSpan3630" value="CFOC"/>
		<feat xlink:href="#sSpan3635" value="PPERS"/>
		<feat xlink:href="#sSpan3638" value="V"/>
		<feat xlink:href="#sSpan3641" value="PREP"/>
		<feat xlink:href="#sSpan3645" value="ART"/>
		<feat xlink:href="#sSpan3648" value="CREL"/>
		<feat xlink:href="#sSpan3650" value="EXIST"/>
		<feat xlink:href="#sSpan3652" value="N"/>
		<feat xlink:href="#sSpan3655" value="PREP"/>
		<feat xlink:href="#sSpan3659" value="PPERO"/>
		<feat xlink:href="#sSpan3661" value="PREP"/>
		<feat xlink:href="#sSpan3666" value="V"/>
		<feat xlink:href="#sSpan3669" value="V"/>
		<feat xlink:href="#sSpan3673" value="CONJ"/>
		<feat xlink:href="#sSpan3677" value="CFOC"/>
		<feat xlink:href="#sSpan3679" value="PPERS"/>
		<feat xlink:href="#sSpan3681" value="VSTAT"/>
		<feat xlink:href="#sSpan3684" value="PREP"/>
		<feat xlink:href="#sSpan3689" value="ART"/>
		<feat xlink:href="#sSpan3693" value="NPROP"/>
		<feat xlink:href="#sSpan3695" value="PUNCT"/>
		<feat xlink:href="#sSpan3700" value="PREP"/>
		<feat xlink:href="#sSpan3709" value="PDEM"/>
		<feat xlink:href="#sSpan3712" value="ACOND"/>
		<feat xlink:href="#sSpan3716" value="ART"/>
		<feat xlink:href="#sSpan3722" value="N"/>
		<feat xlink:href="#sSpan3724" value="V"/>
		<feat xlink:href="#sSpan3729" value="PPERO"/>
		<feat xlink:href="#sSpan3731" value="PREP"/>
		<feat xlink:href="#sSpan3735" value="ART"/>
		<feat xlink:href="#sSpan3738" value="N"/>
		<feat xlink:href="#sSpan3740" value="PUNCT"/>
		<feat xlink:href="#sSpan3745" value="CONJ"/>
		<feat xlink:href="#sSpan3749" value="PPERI"/>
		<feat xlink:href="#sSpan3754" value="ART"/>
		<feat xlink:href="#sSpan3759" value="N"/>
		<feat xlink:href="#sSpan3761" value="PREP"/>
		<feat xlink:href="#sSpan3766" value="ART"/>
		<feat xlink:href="#sSpan3769" value="N"/>
		<feat xlink:href="#sSpan3771" value="CONJ"/>
		<feat xlink:href="#sSpan3775" value="ANEGOPT"/>
		<feat xlink:href="#sSpan3778" value="PPERS"/>
		<feat xlink:href="#sSpan3781" value="V"/>
		<feat xlink:href="#sSpan3784" value="N"/>
		<feat xlink:href="#sSpan3787" value="PREP"/>
		<feat xlink:href="#sSpan3791" value="N"/>
		<feat xlink:href="#sSpan3794" value="PUNCT"/>
		<feat xlink:href="#sSpan3799" value="CFOC"/>
		<feat xlink:href="#sSpan3804" value="PPERS"/>
		<feat xlink:href="#sSpan3806" value="V"/>
		<feat xlink:href="#sSpan3808" value="PREP"/>
		<feat xlink:href="#sSpan3812" value="PPERO"/>
		<feat xlink:href="#sSpan3814" value="CONJ"/>
		<feat xlink:href="#sSpan3818" value="ANEGOPT"/>
		<feat xlink:href="#sSpan3821" value="PPERS"/>
		<feat xlink:href="#sSpan3823" value="V"/>
		<feat xlink:href="#sSpan3825" value="ART"/>
		<feat xlink:href="#sSpan3828" value="CREL"/>
		<feat xlink:href="#sSpan3830" value="FUT"/>
		<feat xlink:href="#sSpan3833" value="V"/>
		<feat xlink:href="#sSpan3835" value="PREP"/>
		<feat xlink:href="#sSpan3839" value="PPERO"/>
		<feat xlink:href="#sSpan3841" value="PUNCT"/>
		<feat xlink:href="#sSpan3846" value="PREP"/>
		<feat xlink:href="#sSpan3851" value="ART"/>
		<feat xlink:href="#sSpan3854" value="CREL"/>
		<feat xlink:href="#sSpan3856" value="APST"/>
		<feat xlink:href="#sSpan3858" value="PPERS"/>
		<feat xlink:href="#sSpan3861" value="V"/>
		<feat xlink:href="#sSpan3865" value="V"/>
		<feat xlink:href="#sSpan3867" value="PPERO"/>
		<feat xlink:href="#sSpan3869" value="PUNCT"/>
		<feat xlink:href="#sSpan3873" value="CFOC"/>
		<feat xlink:href="#sSpan3879" value="PPERS"/>
		<feat xlink:href="#sSpan3881" value="V"/>
		<feat xlink:href="#sSpan3884" value="PREP"/>
		<feat xlink:href="#sSpan3888" value="PPERO"/>
		<feat xlink:href="#sSpan3890" value="NEG"/>
		<feat xlink:href="#sSpan3894" value="CONJ"/>
		<feat xlink:href="#sSpan3899" value="ANEGOPT"/>
		<feat xlink:href="#sSpan3901" value="PPERS"/>
		<feat xlink:href="#sSpan3903" value="V"/>
		<feat xlink:href="#sSpan3906" value="ART"/>
		<feat xlink:href="#sSpan3909" value="CREL"/>
		<feat xlink:href="#sSpan3911" value="V"/>
		<feat xlink:href="#sSpan3913" value="PREP"/>
		<feat xlink:href="#sSpan3918" value="ART"/>
		<feat xlink:href="#sSpan3921" value="CREL"/>
		<feat xlink:href="#sSpan3924" value="V"/>
		<feat xlink:href="#sSpan3927" value="PREP"/>
		<feat xlink:href="#sSpan3932" value="PPERO"/>
		<feat xlink:href="#sSpan3934" value="ART"/>
		<feat xlink:href="#sSpan3940" value="N"/>
		<feat xlink:href="#sSpan3942" value="PUNCT"/>
		<feat xlink:href="#sSpan3947" value="CONJ"/>
		<feat xlink:href="#sSpan3954" value="ACOND_PPERS"/>
		<feat xlink:href="#sSpan3956" value="V"/>
		<feat xlink:href="#sSpan3959" value="PPERO"/>
		<feat xlink:href="#sSpan3962" value="PTC"/>
		<feat xlink:href="#sSpan3966" value="PTC"/>
		<feat xlink:href="#sSpan3970" value="ART"/>
		<feat xlink:href="#sSpan3973" value="CREL"/>
		<feat xlink:href="#sSpan3975" value="VSTAT"/>
		<feat xlink:href="#sSpan3978" value="PUNCT"/>
		<feat xlink:href="#sSpan3982" value="CCIRC"/>
		<feat xlink:href="#sSpan3986" value="PPERS"/>
		<feat xlink:href="#sSpan3988" value="V"/>
		<feat xlink:href="#sSpan3991" value="PREP"/>
		<feat xlink:href="#sSpan3995" value="ART"/>
		<feat xlink:href="#sSpan3998" value="N"/>
		<feat xlink:href="#sSpan4000" value="CONJ"/>
		<feat xlink:href="#sSpan4005" value="ADV"/>
		<feat xlink:href="#sSpan4007" value="PREP"/>
		<feat xlink:href="#sSpan4011" value="PPERO"/>
		<feat xlink:href="#sSpan4013" value="PPERS"/>
		<feat xlink:href="#sSpan4018" value="V"/>
		<feat xlink:href="#sSpan4020" value="PREP"/>
		<feat xlink:href="#sSpan4024" value="ART"/>
		<feat xlink:href="#sSpan4027" value="N"/>
		<feat xlink:href="#sSpan4030" value="PUNCT"/>
		<feat xlink:href="#sSpan4034" value="CFOC"/>
		<feat xlink:href="#sSpan4038" value="PPERS"/>
		<feat xlink:href="#sSpan4040" value="V"/>
		<feat xlink:href="#sSpan4042" value="PREP"/>
		<feat xlink:href="#sSpan4047" value="PPERO"/>
		<feat xlink:href="#sSpan4049" value="CONJ"/>
		<feat xlink:href="#sSpan4053" value="ART"/>
		<feat xlink:href="#sSpan4057" value="N"/>
		<feat xlink:href="#sSpan4062" value="PREP"/>
		<feat xlink:href="#sSpan4066" value="ART"/>
		<feat xlink:href="#sSpan4069" value="N"/></featList></paula>