<?xml version='1.0' encoding='UTF-8'?><!DOCTYPE paula SYSTEM "paula_feat.dtd">
<paula version="1.1">
	<header paula_id="scriptorium.shenoute.those.GF301-306.mark_pb_xml_id"/>
	<featList xmlns:xlink="http://www.w3.org/1999/xlink" type="pb_xml_id" xml:base="scriptorium.shenoute.those.GF301-306.mark.xml">
		<feat xlink:href="#sSpan10" value="GF301"/>
		<feat xlink:href="#sSpan656" value="GF302"/>
		<feat xlink:href="#sSpan1314" value="GF303"/>
		<feat xlink:href="#sSpan1992" value="GF304"/>
		<feat xlink:href="#sSpan2668" value="GF305"/>
		<feat xlink:href="#sSpan3354" value="GF306"/></featList></paula>