<?xml version='1.0' encoding='UTF-8'?><!DOCTYPE paula SYSTEM "paula_rel.dtd">
<paula version="1.1">
	<header paula_id="scriptorium.shenoute.those.GF301-306.head"/>
	<relList xmlns:xlink="http://www.w3.org/1999/xlink" type="head">
		<rel id="sPointingRel1981" xlink:href="scriptorium.shenoute.those.GF301-306.mark.xml#sSpan309" target="scriptorium.shenoute.those.GF301-306.mark.xml#sSpan306"/>
		<rel id="sPointingRel1983" xlink:href="scriptorium.shenoute.those.GF301-306.mark.xml#sSpan2313" target="scriptorium.shenoute.those.GF301-306.mark.xml#sSpan2314"/>
		<rel id="sPointingRel1985" xlink:href="scriptorium.shenoute.those.GF301-306.mark.xml#sSpan1354" target="scriptorium.shenoute.those.GF301-306.mark.xml#sSpan1355"/>
		<rel id="sPointingRel1987" xlink:href="scriptorium.shenoute.those.GF301-306.mark.xml#sSpan3647" target="scriptorium.shenoute.those.GF301-306.mark.xml#sSpan3645"/>
		<rel id="sPointingRel1989" xlink:href="scriptorium.shenoute.those.GF301-306.mark.xml#sSpan2906" target="scriptorium.shenoute.those.GF301-306.mark.xml#sSpan2907"/>
		<rel id="sPointingRel1991" xlink:href="scriptorium.shenoute.those.GF301-306.mark.xml#sSpan2578" target="scriptorium.shenoute.those.GF301-306.mark.xml#sSpan2579"/>
		<rel id="sPointingRel1993" xlink:href="scriptorium.shenoute.those.GF301-306.mark.xml#sSpan141" target="scriptorium.shenoute.those.GF301-306.mark.xml#sSpan139"/>
		<rel id="sPointingRel1995" xlink:href="scriptorium.shenoute.those.GF301-306.mark.xml#sSpan585" target="scriptorium.shenoute.those.GF301-306.mark.xml#sSpan586"/>
		<rel id="sPointingRel1997" xlink:href="scriptorium.shenoute.those.GF301-306.mark.xml#sSpan1558" target="scriptorium.shenoute.those.GF301-306.mark.xml#sSpan1560"/>
		<rel id="sPointingRel1999" xlink:href="scriptorium.shenoute.those.GF301-306.mark.xml#sSpan3535" target="scriptorium.shenoute.those.GF301-306.mark.xml#sSpan3533"/>
		<rel id="sPointingRel2001" xlink:href="scriptorium.shenoute.those.GF301-306.mark.xml#sSpan1496" target="scriptorium.shenoute.those.GF301-306.mark.xml#sSpan1498"/>
		<rel id="sPointingRel2003" xlink:href="scriptorium.shenoute.those.GF301-306.mark.xml#sSpan65" target="scriptorium.shenoute.those.GF301-306.mark.xml#sSpan67"/>
		<rel id="sPointingRel2005" xlink:href="scriptorium.shenoute.those.GF301-306.mark.xml#sSpan3342" target="scriptorium.shenoute.those.GF301-306.mark.xml#sSpan3340"/>
		<rel id="sPointingRel2007" xlink:href="scriptorium.shenoute.those.GF301-306.mark.xml#sSpan445" target="scriptorium.shenoute.those.GF301-306.mark.xml#sSpan443"/>
		<rel id="sPointingRel2009" xlink:href="scriptorium.shenoute.those.GF301-306.mark.xml#sSpan1688" target="scriptorium.shenoute.those.GF301-306.mark.xml#sSpan1689"/>
		<rel id="sPointingRel2011" xlink:href="scriptorium.shenoute.those.GF301-306.mark.xml#sSpan3127" target="scriptorium.shenoute.those.GF301-306.mark.xml#sSpan3128"/>
		<rel id="sPointingRel2013" xlink:href="scriptorium.shenoute.those.GF301-306.mark.xml#sSpan3972" target="scriptorium.shenoute.those.GF301-306.mark.xml#sSpan3970"/>
		<rel id="sPointingRel2015" xlink:href="scriptorium.shenoute.those.GF301-306.mark.xml#sSpan3487" target="scriptorium.shenoute.those.GF301-306.mark.xml#sSpan3483"/>
		<rel id="sPointingRel2017" xlink:href="scriptorium.shenoute.those.GF301-306.mark.xml#sSpan3691" target="scriptorium.shenoute.those.GF301-306.mark.xml#sSpan3693"/>
		<rel id="sPointingRel2019" xlink:href="scriptorium.shenoute.those.GF301-306.mark.xml#sSpan1867" target="scriptorium.shenoute.those.GF301-306.mark.xml#sSpan1868"/>
		<rel id="sPointingRel2021" xlink:href="scriptorium.shenoute.those.GF301-306.mark.xml#sSpan3758" target="scriptorium.shenoute.those.GF301-306.mark.xml#sSpan3759"/>
		<rel id="sPointingRel2023" xlink:href="scriptorium.shenoute.those.GF301-306.mark.xml#sSpan1134" target="scriptorium.shenoute.those.GF301-306.mark.xml#sSpan1132"/>
		<rel id="sPointingRel2025" xlink:href="scriptorium.shenoute.those.GF301-306.mark.xml#sSpan1920" target="scriptorium.shenoute.those.GF301-306.mark.xml#sSpan1921"/>
		<rel id="sPointingRel2027" xlink:href="scriptorium.shenoute.those.GF301-306.mark.xml#sSpan2253" target="scriptorium.shenoute.those.GF301-306.mark.xml#sSpan2256"/>
		<rel id="sPointingRel2029" xlink:href="scriptorium.shenoute.those.GF301-306.mark.xml#sSpan2121" target="scriptorium.shenoute.those.GF301-306.mark.xml#sSpan2122"/>
		<rel id="sPointingRel2031" xlink:href="scriptorium.shenoute.those.GF301-306.mark.xml#sSpan1048" target="scriptorium.shenoute.those.GF301-306.mark.xml#sSpan1050"/>
		<rel id="sPointingRel2033" xlink:href="scriptorium.shenoute.those.GF301-306.mark.xml#sSpan3106" target="scriptorium.shenoute.those.GF301-306.mark.xml#sSpan3109"/>
		<rel id="sPointingRel2035" xlink:href="scriptorium.shenoute.those.GF301-306.mark.xml#sSpan3233" target="scriptorium.shenoute.those.GF301-306.mark.xml#sSpan3234"/>
		<rel id="sPointingRel2037" xlink:href="scriptorium.shenoute.those.GF301-306.mark.xml#sSpan4068" target="scriptorium.shenoute.those.GF301-306.mark.xml#sSpan4069"/>
		<rel id="sPointingRel2039" xlink:href="scriptorium.shenoute.those.GF301-306.mark.xml#sSpan2772" target="scriptorium.shenoute.those.GF301-306.mark.xml#sSpan2770"/>
		<rel id="sPointingRel2041" xlink:href="scriptorium.shenoute.those.GF301-306.mark.xml#sSpan770" target="scriptorium.shenoute.those.GF301-306.mark.xml#sSpan768"/>
		<rel id="sPointingRel2043" xlink:href="scriptorium.shenoute.those.GF301-306.mark.xml#sSpan1631" target="scriptorium.shenoute.those.GF301-306.mark.xml#sSpan1636"/>
		<rel id="sPointingRel2045" xlink:href="scriptorium.shenoute.those.GF301-306.mark.xml#sSpan149" target="scriptorium.shenoute.those.GF301-306.mark.xml#sSpan150"/>
		<rel id="sPointingRel2047" xlink:href="scriptorium.shenoute.those.GF301-306.mark.xml#sSpan961" target="scriptorium.shenoute.those.GF301-306.mark.xml#sSpan969"/>
		<rel id="sPointingRel2049" xlink:href="scriptorium.shenoute.those.GF301-306.mark.xml#sSpan2360" target="scriptorium.shenoute.those.GF301-306.mark.xml#sSpan2358"/>
		<rel id="sPointingRel2051" xlink:href="scriptorium.shenoute.those.GF301-306.mark.xml#sSpan2271" target="scriptorium.shenoute.those.GF301-306.mark.xml#sSpan2273"/>
		<rel id="sPointingRel2053" xlink:href="scriptorium.shenoute.those.GF301-306.mark.xml#sSpan3718" target="scriptorium.shenoute.those.GF301-306.mark.xml#sSpan3722"/>
		<rel id="sPointingRel2055" xlink:href="scriptorium.shenoute.those.GF301-306.mark.xml#sSpan1854" target="scriptorium.shenoute.those.GF301-306.mark.xml#sSpan1852"/>
		<rel id="sPointingRel2057" xlink:href="scriptorium.shenoute.those.GF301-306.mark.xml#sSpan2799" target="scriptorium.shenoute.those.GF301-306.mark.xml#sSpan2800"/>
		<rel id="sPointingRel2059" xlink:href="scriptorium.shenoute.those.GF301-306.mark.xml#sSpan3793" target="scriptorium.shenoute.those.GF301-306.mark.xml#sSpan3791"/>
		<rel id="sPointingRel2061" xlink:href="scriptorium.shenoute.those.GF301-306.mark.xml#sSpan3425" target="scriptorium.shenoute.those.GF301-306.mark.xml#sSpan3426"/>
		<rel id="sPointingRel2063" xlink:href="scriptorium.shenoute.those.GF301-306.mark.xml#sSpan949" target="scriptorium.shenoute.those.GF301-306.mark.xml#sSpan952"/>
		<rel id="sPointingRel2065" xlink:href="scriptorium.shenoute.those.GF301-306.mark.xml#sSpan2131" target="scriptorium.shenoute.those.GF301-306.mark.xml#sSpan2134"/>
		<rel id="sPointingRel2067" xlink:href="scriptorium.shenoute.those.GF301-306.mark.xml#sSpan1311" target="scriptorium.shenoute.those.GF301-306.mark.xml#sSpan1309"/>
		<rel id="sPointingRel2069" xlink:href="scriptorium.shenoute.those.GF301-306.mark.xml#sSpan2892" target="scriptorium.shenoute.those.GF301-306.mark.xml#sSpan2893"/>
		<rel id="sPointingRel2071" xlink:href="scriptorium.shenoute.those.GF301-306.mark.xml#sSpan2647" target="scriptorium.shenoute.those.GF301-306.mark.xml#sSpan2648"/>
		<rel id="sPointingRel2073" xlink:href="scriptorium.shenoute.those.GF301-306.mark.xml#sSpan1368" target="scriptorium.shenoute.those.GF301-306.mark.xml#sSpan1369"/>
		<rel id="sPointingRel2075" xlink:href="scriptorium.shenoute.those.GF301-306.mark.xml#sSpan3459" target="scriptorium.shenoute.those.GF301-306.mark.xml#sSpan3460"/>
		<rel id="sPointingRel2077" xlink:href="scriptorium.shenoute.those.GF301-306.mark.xml#sSpan162" target="scriptorium.shenoute.those.GF301-306.mark.xml#sSpan157"/>
		<rel id="sPointingRel2079" xlink:href="scriptorium.shenoute.those.GF301-306.mark.xml#sSpan726" target="scriptorium.shenoute.those.GF301-306.mark.xml#sSpan724"/>
		<rel id="sPointingRel2081" xlink:href="scriptorium.shenoute.those.GF301-306.mark.xml#sSpan3469" target="scriptorium.shenoute.those.GF301-306.mark.xml#sSpan3470"/>
		<rel id="sPointingRel2083" xlink:href="scriptorium.shenoute.those.GF301-306.mark.xml#sSpan2748" target="scriptorium.shenoute.those.GF301-306.mark.xml#sSpan2749"/>
		<rel id="sPointingRel2085" xlink:href="scriptorium.shenoute.those.GF301-306.mark.xml#sSpan1016" target="scriptorium.shenoute.those.GF301-306.mark.xml#sSpan1021"/>
		<rel id="sPointingRel2087" xlink:href="scriptorium.shenoute.those.GF301-306.mark.xml#sSpan3621" target="scriptorium.shenoute.those.GF301-306.mark.xml#sSpan3619"/>
		<rel id="sPointingRel2089" xlink:href="scriptorium.shenoute.those.GF301-306.mark.xml#sSpan2414" target="scriptorium.shenoute.those.GF301-306.mark.xml#sSpan2415"/>
		<rel id="sPointingRel2091" xlink:href="scriptorium.shenoute.those.GF301-306.mark.xml#sSpan3177" target="scriptorium.shenoute.those.GF301-306.mark.xml#sSpan3175"/>
		<rel id="sPointingRel2093" xlink:href="scriptorium.shenoute.those.GF301-306.mark.xml#sSpan3598" target="scriptorium.shenoute.those.GF301-306.mark.xml#sSpan3599"/>
		<rel id="sPointingRel2095" xlink:href="scriptorium.shenoute.those.GF301-306.mark.xml#sSpan1568" target="scriptorium.shenoute.those.GF301-306.mark.xml#sSpan1566"/>
		<rel id="sPointingRel2097" xlink:href="scriptorium.shenoute.those.GF301-306.mark.xml#sSpan3140" target="scriptorium.shenoute.those.GF301-306.mark.xml#sSpan3141"/>
		<rel id="sPointingRel2099" xlink:href="scriptorium.shenoute.those.GF301-306.mark.xml#sSpan179" target="scriptorium.shenoute.those.GF301-306.mark.xml#sSpan177"/>
		<rel id="sPointingRel2101" xlink:href="scriptorium.shenoute.those.GF301-306.mark.xml#sSpan779" target="scriptorium.shenoute.those.GF301-306.mark.xml#sSpan784"/>
		<rel id="sPointingRel2103" xlink:href="scriptorium.shenoute.those.GF301-306.mark.xml#sSpan4026" target="scriptorium.shenoute.those.GF301-306.mark.xml#sSpan4027"/>
		<rel id="sPointingRel2105" xlink:href="scriptorium.shenoute.those.GF301-306.mark.xml#sSpan2089" target="scriptorium.shenoute.those.GF301-306.mark.xml#sSpan2093"/>
		<rel id="sPointingRel2107" xlink:href="scriptorium.shenoute.those.GF301-306.mark.xml#sSpan3570" target="scriptorium.shenoute.those.GF301-306.mark.xml#sSpan3572"/>
		<rel id="sPointingRel2109" xlink:href="scriptorium.shenoute.those.GF301-306.mark.xml#sSpan1485" target="scriptorium.shenoute.those.GF301-306.mark.xml#sSpan1487"/>
		<rel id="sPointingRel2111" xlink:href="scriptorium.shenoute.those.GF301-306.mark.xml#sSpan2490" target="scriptorium.shenoute.those.GF301-306.mark.xml#sSpan2493"/>
		<rel id="sPointingRel2113" xlink:href="scriptorium.shenoute.those.GF301-306.mark.xml#sSpan3711" target="scriptorium.shenoute.those.GF301-306.mark.xml#sSpan3709"/>
		<rel id="sPointingRel2115" xlink:href="scriptorium.shenoute.those.GF301-306.mark.xml#sSpan1598" target="scriptorium.shenoute.those.GF301-306.mark.xml#sSpan1600"/>
		<rel id="sPointingRel2117" xlink:href="scriptorium.shenoute.those.GF301-306.mark.xml#sSpan2836" target="scriptorium.shenoute.those.GF301-306.mark.xml#sSpan2837"/>
		<rel id="sPointingRel2119" xlink:href="scriptorium.shenoute.those.GF301-306.mark.xml#sSpan250" target="scriptorium.shenoute.those.GF301-306.mark.xml#sSpan251"/>
		<rel id="sPointingRel2121" xlink:href="scriptorium.shenoute.those.GF301-306.mark.xml#sSpan1208" target="scriptorium.shenoute.those.GF301-306.mark.xml#sSpan1213"/>
		<rel id="sPointingRel2123" xlink:href="scriptorium.shenoute.those.GF301-306.mark.xml#sSpan1747" target="scriptorium.shenoute.those.GF301-306.mark.xml#sSpan1749"/>
		<rel id="sPointingRel2125" xlink:href="scriptorium.shenoute.those.GF301-306.mark.xml#sSpan2329" target="scriptorium.shenoute.those.GF301-306.mark.xml#sSpan2333"/>
		<rel id="sPointingRel2127" xlink:href="scriptorium.shenoute.those.GF301-306.mark.xml#sSpan464" target="scriptorium.shenoute.those.GF301-306.mark.xml#sSpan465"/>
		<rel id="sPointingRel2129" xlink:href="scriptorium.shenoute.those.GF301-306.mark.xml#sSpan2878" target="scriptorium.shenoute.those.GF301-306.mark.xml#sSpan2879"/>
		<rel id="sPointingRel2131" xlink:href="scriptorium.shenoute.those.GF301-306.mark.xml#sSpan3562" target="scriptorium.shenoute.those.GF301-306.mark.xml#sSpan3560"/>
		<rel id="sPointingRel2133" xlink:href="scriptorium.shenoute.those.GF301-306.mark.xml#sSpan2780" target="scriptorium.shenoute.those.GF301-306.mark.xml#sSpan2778"/>
		<rel id="sPointingRel2135" xlink:href="scriptorium.shenoute.those.GF301-306.mark.xml#sSpan912" target="scriptorium.shenoute.those.GF301-306.mark.xml#sSpan910"/>
		<rel id="sPointingRel2137" xlink:href="scriptorium.shenoute.those.GF301-306.mark.xml#sSpan2302" target="scriptorium.shenoute.those.GF301-306.mark.xml#sSpan2303"/>
		<rel id="sPointingRel2139" xlink:href="scriptorium.shenoute.those.GF301-306.mark.xml#sSpan2241" target="scriptorium.shenoute.those.GF301-306.mark.xml#sSpan2244"/>
		<rel id="sPointingRel2141" xlink:href="scriptorium.shenoute.those.GF301-306.mark.xml#sSpan2071" target="scriptorium.shenoute.those.GF301-306.mark.xml#sSpan2069"/>
		<rel id="sPointingRel2143" xlink:href="scriptorium.shenoute.those.GF301-306.mark.xml#sSpan1340" target="scriptorium.shenoute.those.GF301-306.mark.xml#sSpan1341"/>
		<rel id="sPointingRel2145" xlink:href="scriptorium.shenoute.those.GF301-306.mark.xml#sSpan2792" target="scriptorium.shenoute.those.GF301-306.mark.xml#sSpan2789"/>
		<rel id="sPointingRel2147" xlink:href="scriptorium.shenoute.those.GF301-306.mark.xml#sSpan1256" target="scriptorium.shenoute.those.GF301-306.mark.xml#sSpan1258"/>
		<rel id="sPointingRel2149" xlink:href="scriptorium.shenoute.those.GF301-306.mark.xml#sSpan1905" target="scriptorium.shenoute.those.GF301-306.mark.xml#sSpan1907"/>
		<rel id="sPointingRel2151" xlink:href="scriptorium.shenoute.those.GF301-306.mark.xml#sSpan879" target="scriptorium.shenoute.those.GF301-306.mark.xml#sSpan877"/>
		<rel id="sPointingRel2153" xlink:href="scriptorium.shenoute.those.GF301-306.mark.xml#sSpan2079" target="scriptorium.shenoute.those.GF301-306.mark.xml#sSpan2080"/>
		<rel id="sPointingRel2155" xlink:href="scriptorium.shenoute.those.GF301-306.mark.xml#sSpan2613" target="scriptorium.shenoute.those.GF301-306.mark.xml#sSpan2617"/>
		<rel id="sPointingRel2157" xlink:href="scriptorium.shenoute.those.GF301-306.mark.xml#sSpan40" target="scriptorium.shenoute.those.GF301-306.mark.xml#sSpan41"/>
		<rel id="sPointingRel2159" xlink:href="scriptorium.shenoute.those.GF301-306.mark.xml#sSpan4055" target="scriptorium.shenoute.those.GF301-306.mark.xml#sSpan4057"/>
		<rel id="sPointingRel2161" xlink:href="scriptorium.shenoute.those.GF301-306.mark.xml#sSpan3768" target="scriptorium.shenoute.those.GF301-306.mark.xml#sSpan3769"/>
		<rel id="sPointingRel2163" xlink:href="scriptorium.shenoute.those.GF301-306.mark.xml#sSpan1839" target="scriptorium.shenoute.those.GF301-306.mark.xml#sSpan1837"/>
		<rel id="sPointingRel2165" xlink:href="scriptorium.shenoute.those.GF301-306.mark.xml#sSpan3382" target="scriptorium.shenoute.those.GF301-306.mark.xml#sSpan3380"/>
		<rel id="sPointingRel2167" xlink:href="scriptorium.shenoute.those.GF301-306.mark.xml#sSpan504" target="scriptorium.shenoute.those.GF301-306.mark.xml#sSpan502"/>
		<rel id="sPointingRel2169" xlink:href="scriptorium.shenoute.those.GF301-306.mark.xml#sSpan1886" target="scriptorium.shenoute.those.GF301-306.mark.xml#sSpan1887"/>
		<rel id="sPointingRel2171" xlink:href="scriptorium.shenoute.those.GF301-306.mark.xml#sSpan1654" target="scriptorium.shenoute.those.GF301-306.mark.xml#sSpan1652"/>
		<rel id="sPointingRel2173" xlink:href="scriptorium.shenoute.those.GF301-306.mark.xml#sSpan1511" target="scriptorium.shenoute.those.GF301-306.mark.xml#sSpan1512"/>
		<rel id="sPointingRel2175" xlink:href="scriptorium.shenoute.those.GF301-306.mark.xml#sSpan1997" target="scriptorium.shenoute.those.GF301-306.mark.xml#sSpan1998"/>
		<rel id="sPointingRel2177" xlink:href="scriptorium.shenoute.those.GF301-306.mark.xml#sSpan1930" target="scriptorium.shenoute.those.GF301-306.mark.xml#sSpan1931"/>
		<rel id="sPointingRel2179" xlink:href="scriptorium.shenoute.those.GF301-306.mark.xml#sSpan1272" target="scriptorium.shenoute.those.GF301-306.mark.xml#sSpan1273"/>
		<rel id="sPointingRel2181" xlink:href="scriptorium.shenoute.those.GF301-306.mark.xml#sSpan1576" target="scriptorium.shenoute.those.GF301-306.mark.xml#sSpan1577"/>
		<rel id="sPointingRel2183" xlink:href="scriptorium.shenoute.those.GF301-306.mark.xml#sSpan2713" target="scriptorium.shenoute.those.GF301-306.mark.xml#sSpan2714"/>
		<rel id="sPointingRel2185" xlink:href="scriptorium.shenoute.those.GF301-306.mark.xml#sSpan388" target="scriptorium.shenoute.those.GF301-306.mark.xml#sSpan383"/>
		<rel id="sPointingRel2187" xlink:href="scriptorium.shenoute.those.GF301-306.mark.xml#sSpan533" target="scriptorium.shenoute.those.GF301-306.mark.xml#sSpan535"/>
		<rel id="sPointingRel2189" xlink:href="scriptorium.shenoute.those.GF301-306.mark.xml#sSpan3827" target="scriptorium.shenoute.those.GF301-306.mark.xml#sSpan3825"/>
		<rel id="sPointingRel2191" xlink:href="scriptorium.shenoute.those.GF301-306.mark.xml#sSpan49" target="scriptorium.shenoute.those.GF301-306.mark.xml#sSpan52"/>
		<rel id="sPointingRel2193" xlink:href="scriptorium.shenoute.those.GF301-306.mark.xml#sSpan928" target="scriptorium.shenoute.those.GF301-306.mark.xml#sSpan934"/>
		<rel id="sPointingRel2195" xlink:href="scriptorium.shenoute.those.GF301-306.mark.xml#sSpan197" target="scriptorium.shenoute.those.GF301-306.mark.xml#sSpan199"/>
		<rel id="sPointingRel2197" xlink:href="scriptorium.shenoute.those.GF301-306.mark.xml#sSpan2194" target="scriptorium.shenoute.those.GF301-306.mark.xml#sSpan2195"/>
		<rel id="sPointingRel2199" xlink:href="scriptorium.shenoute.those.GF301-306.mark.xml#sSpan1167" target="scriptorium.shenoute.those.GF301-306.mark.xml#sSpan1165"/>
		<rel id="sPointingRel2201" xlink:href="scriptorium.shenoute.those.GF301-306.mark.xml#sSpan1382" target="scriptorium.shenoute.those.GF301-306.mark.xml#sSpan1383"/>
		<rel id="sPointingRel2203" xlink:href="scriptorium.shenoute.those.GF301-306.mark.xml#sSpan1979" target="scriptorium.shenoute.those.GF301-306.mark.xml#sSpan1982"/>
		<rel id="sPointingRel2205" xlink:href="scriptorium.shenoute.those.GF301-306.mark.xml#sSpan2821" target="scriptorium.shenoute.those.GF301-306.mark.xml#sSpan2822"/>
		<rel id="sPointingRel2207" xlink:href="scriptorium.shenoute.those.GF301-306.mark.xml#sSpan2597" target="scriptorium.shenoute.those.GF301-306.mark.xml#sSpan2600"/>
		<rel id="sPointingRel2209" xlink:href="scriptorium.shenoute.those.GF301-306.mark.xml#sSpan86" target="scriptorium.shenoute.those.GF301-306.mark.xml#sSpan84"/>
		<rel id="sPointingRel2211" xlink:href="scriptorium.shenoute.those.GF301-306.mark.xml#sSpan3997" target="scriptorium.shenoute.those.GF301-306.mark.xml#sSpan3998"/>
		<rel id="sPointingRel2213" xlink:href="scriptorium.shenoute.those.GF301-306.mark.xml#sSpan3010" target="scriptorium.shenoute.those.GF301-306.mark.xml#sSpan3011"/>
		<rel id="sPointingRel2215" xlink:href="scriptorium.shenoute.those.GF301-306.mark.xml#sSpan332" target="scriptorium.shenoute.those.GF301-306.mark.xml#sSpan330"/>
		<rel id="sPointingRel2217" xlink:href="scriptorium.shenoute.those.GF301-306.mark.xml#sSpan3496" target="scriptorium.shenoute.those.GF301-306.mark.xml#sSpan3498"/>
		<rel id="sPointingRel2219" xlink:href="scriptorium.shenoute.those.GF301-306.mark.xml#sSpan3258" target="scriptorium.shenoute.those.GF301-306.mark.xml#sSpan3259"/>
		<rel id="sPointingRel2221" xlink:href="scriptorium.shenoute.those.GF301-306.mark.xml#sSpan3268" target="scriptorium.shenoute.those.GF301-306.mark.xml#sSpan3272"/>
		<rel id="sPointingRel2223" xlink:href="scriptorium.shenoute.those.GF301-306.mark.xml#sSpan2231" target="scriptorium.shenoute.those.GF301-306.mark.xml#sSpan2232"/>
		<rel id="sPointingRel2225" xlink:href="scriptorium.shenoute.those.GF301-306.mark.xml#sSpan1442" target="scriptorium.shenoute.those.GF301-306.mark.xml#sSpan1440"/>
		<rel id="sPointingRel2227" xlink:href="scriptorium.shenoute.those.GF301-306.mark.xml#sSpan1059" target="scriptorium.shenoute.those.GF301-306.mark.xml#sSpan1060"/>
		<rel id="sPointingRel2229" xlink:href="scriptorium.shenoute.those.GF301-306.mark.xml#sSpan431" target="scriptorium.shenoute.those.GF301-306.mark.xml#sSpan433"/>
		<rel id="sPointingRel2231" xlink:href="scriptorium.shenoute.those.GF301-306.mark.xml#sSpan22" target="scriptorium.shenoute.those.GF301-306.mark.xml#sSpan17"/>
		<rel id="sPointingRel2233" xlink:href="scriptorium.shenoute.those.GF301-306.mark.xml#sSpan1141" target="scriptorium.shenoute.those.GF301-306.mark.xml#sSpan1143"/>
		<rel id="sPointingRel2235" xlink:href="scriptorium.shenoute.those.GF301-306.mark.xml#sSpan3936" target="scriptorium.shenoute.those.GF301-306.mark.xml#sSpan3940"/>
		<rel id="sPointingRel2237" xlink:href="scriptorium.shenoute.those.GF301-306.mark.xml#sSpan1083" target="scriptorium.shenoute.those.GF301-306.mark.xml#sSpan1088"/>
		<rel id="sPointingRel2239" xlink:href="scriptorium.shenoute.those.GF301-306.mark.xml#sSpan1039" target="scriptorium.shenoute.those.GF301-306.mark.xml#sSpan1037"/>
		<rel id="sPointingRel2241" xlink:href="scriptorium.shenoute.those.GF301-306.mark.xml#sSpan1786" target="scriptorium.shenoute.those.GF301-306.mark.xml#sSpan1787"/>
		<rel id="sPointingRel2243" xlink:href="scriptorium.shenoute.those.GF301-306.mark.xml#sSpan238" target="scriptorium.shenoute.those.GF301-306.mark.xml#sSpan236"/>
		<rel id="sPointingRel2245" xlink:href="scriptorium.shenoute.those.GF301-306.mark.xml#sSpan99" target="scriptorium.shenoute.those.GF301-306.mark.xml#sSpan97"/>
		<rel id="sPointingRel2247" xlink:href="scriptorium.shenoute.those.GF301-306.mark.xml#sSpan1286" target="scriptorium.shenoute.those.GF301-306.mark.xml#sSpan1287"/>
		<rel id="sPointingRel2249" xlink:href="scriptorium.shenoute.those.GF301-306.mark.xml#sSpan2479" target="scriptorium.shenoute.those.GF301-306.mark.xml#sSpan2481"/>
		<rel id="sPointingRel2251" xlink:href="scriptorium.shenoute.those.GF301-306.mark.xml#sSpan3920" target="scriptorium.shenoute.those.GF301-306.mark.xml#sSpan3918"/>
		<rel id="sPointingRel2253" xlink:href="scriptorium.shenoute.those.GF301-306.mark.xml#sSpan420" target="scriptorium.shenoute.those.GF301-306.mark.xml#sSpan415"/>
		<rel id="sPointingRel2255" xlink:href="scriptorium.shenoute.those.GF301-306.mark.xml#sSpan2443" target="scriptorium.shenoute.those.GF301-306.mark.xml#sSpan2444"/>
		<rel id="sPointingRel2257" xlink:href="scriptorium.shenoute.those.GF301-306.mark.xml#sSpan3207" target="scriptorium.shenoute.those.GF301-306.mark.xml#sSpan3208"/>
		<rel id="sPointingRel2259" xlink:href="scriptorium.shenoute.those.GF301-306.mark.xml#sSpan1431" target="scriptorium.shenoute.those.GF301-306.mark.xml#sSpan1433"/>
		<rel id="sPointingRel2261" xlink:href="scriptorium.shenoute.those.GF301-306.mark.xml#sSpan2850" target="scriptorium.shenoute.those.GF301-306.mark.xml#sSpan2851"/>
		<rel id="sPointingRel2263" xlink:href="scriptorium.shenoute.those.GF301-306.mark.xml#sSpan1099" target="scriptorium.shenoute.those.GF301-306.mark.xml#sSpan1097"/>
		<rel id="sPointingRel2265" xlink:href="scriptorium.shenoute.those.GF301-306.mark.xml#sSpan1222" target="scriptorium.shenoute.those.GF301-306.mark.xml#sSpan1227"/>
		<rel id="sPointingRel2267" xlink:href="scriptorium.shenoute.those.GF301-306.mark.xml#sSpan2976" target="scriptorium.shenoute.those.GF301-306.mark.xml#sSpan2978"/>
		<rel id="sPointingRel2269" xlink:href="scriptorium.shenoute.those.GF301-306.mark.xml#sSpan2987" target="scriptorium.shenoute.those.GF301-306.mark.xml#sSpan2989"/>
		<rel id="sPointingRel2271" xlink:href="scriptorium.shenoute.those.GF301-306.mark.xml#sSpan494" target="scriptorium.shenoute.those.GF301-306.mark.xml#sSpan495"/>
		<rel id="sPointingRel2273" xlink:href="scriptorium.shenoute.those.GF301-306.mark.xml#sSpan896" target="scriptorium.shenoute.those.GF301-306.mark.xml#sSpan897"/>
		<rel id="sPointingRel2275" xlink:href="scriptorium.shenoute.those.GF301-306.mark.xml#sSpan1301" target="scriptorium.shenoute.those.GF301-306.mark.xml#sSpan1302"/>
		<rel id="sPointingRel2277" xlink:href="scriptorium.shenoute.those.GF301-306.mark.xml#sSpan558" target="scriptorium.shenoute.those.GF301-306.mark.xml#sSpan559"/>
		<rel id="sPointingRel2279" xlink:href="scriptorium.shenoute.those.GF301-306.mark.xml#sSpan1194" target="scriptorium.shenoute.those.GF301-306.mark.xml#sSpan1195"/>
		<rel id="sPointingRel2281" xlink:href="scriptorium.shenoute.those.GF301-306.mark.xml#sSpan2937" target="scriptorium.shenoute.those.GF301-306.mark.xml#sSpan2941"/>
		<rel id="sPointingRel2283" xlink:href="scriptorium.shenoute.those.GF301-306.mark.xml#sSpan1804" target="scriptorium.shenoute.those.GF301-306.mark.xml#sSpan1805"/>
		<rel id="sPointingRel2285" xlink:href="scriptorium.shenoute.those.GF301-306.mark.xml#sSpan3908" target="scriptorium.shenoute.those.GF301-306.mark.xml#sSpan3906"/>
		<rel id="sPointingRel2287" xlink:href="scriptorium.shenoute.those.GF301-306.mark.xml#sSpan3737" target="scriptorium.shenoute.those.GF301-306.mark.xml#sSpan3738"/>
		<rel id="sPointingRel2289" xlink:href="scriptorium.shenoute.those.GF301-306.mark.xml#sSpan2757" target="scriptorium.shenoute.those.GF301-306.mark.xml#sSpan2755"/>
		<rel id="sPointingRel2291" xlink:href="scriptorium.shenoute.those.GF301-306.mark.xml#sSpan987" target="scriptorium.shenoute.those.GF301-306.mark.xml#sSpan983"/>
		<rel id="sPointingRel2293" xlink:href="scriptorium.shenoute.those.GF301-306.mark.xml#sSpan1456" target="scriptorium.shenoute.those.GF301-306.mark.xml#sSpan1459"/>
		<rel id="sPointingRel2295" xlink:href="scriptorium.shenoute.those.GF301-306.mark.xml#sSpan2143" target="scriptorium.shenoute.those.GF301-306.mark.xml#sSpan2147"/>
		<rel id="sPointingRel2297" xlink:href="scriptorium.shenoute.those.GF301-306.mark.xml#sSpan1939" target="scriptorium.shenoute.those.GF301-306.mark.xml#sSpan1941"/>
		<rel id="sPointingRel2299" xlink:href="scriptorium.shenoute.those.GF301-306.mark.xml#sSpan1876" target="scriptorium.shenoute.those.GF301-306.mark.xml#sSpan1877"/>
		<rel id="sPointingRel2301" xlink:href="scriptorium.shenoute.those.GF301-306.mark.xml#sSpan75" target="scriptorium.shenoute.those.GF301-306.mark.xml#sSpan76"/>
		<rel id="sPointingRel2303" xlink:href="scriptorium.shenoute.those.GF301-306.mark.xml#sSpan838" target="scriptorium.shenoute.those.GF301-306.mark.xml#sSpan839"/>
		<rel id="sPointingRel2305" xlink:href="scriptorium.shenoute.those.GF301-306.mark.xml#sSpan2167" target="scriptorium.shenoute.those.GF301-306.mark.xml#sSpan2165"/>
		<rel id="sPointingRel2307" xlink:href="scriptorium.shenoute.those.GF301-306.mark.xml#sSpan2530" target="scriptorium.shenoute.those.GF301-306.mark.xml#sSpan2531"/>
		<rel id="sPointingRel2309" xlink:href="scriptorium.shenoute.those.GF301-306.mark.xml#sSpan799" target="scriptorium.shenoute.those.GF301-306.mark.xml#sSpan800"/>
		<rel id="sPointingRel2311" xlink:href="scriptorium.shenoute.those.GF301-306.mark.xml#sSpan827" target="scriptorium.shenoute.those.GF301-306.mark.xml#sSpan829"/>
		<rel id="sPointingRel2313" xlink:href="scriptorium.shenoute.those.GF301-306.mark.xml#sSpan3853" target="scriptorium.shenoute.those.GF301-306.mark.xml#sSpan3851"/>
		<rel id="sPointingRel2315" xlink:href="scriptorium.shenoute.those.GF301-306.mark.xml#sSpan2864" target="scriptorium.shenoute.those.GF301-306.mark.xml#sSpan2865"/>
		<rel id="sPointingRel2317" xlink:href="scriptorium.shenoute.those.GF301-306.mark.xml#sSpan126" target="scriptorium.shenoute.those.GF301-306.mark.xml#sSpan128"/>
		<rel id="sPointingRel2319" xlink:href="scriptorium.shenoute.those.GF301-306.mark.xml#sSpan187" target="scriptorium.shenoute.those.GF301-306.mark.xml#sSpan188"/></relList></paula>