<?xml version='1.0' encoding='UTF-8'?><!DOCTYPE paula SYSTEM "paula_feat.dtd">
<paula version="1.1">
	<header paula_id="scriptorium.shenoute.those.GF301-306.mark_lang"/>
	<featList xmlns:xlink="http://www.w3.org/1999/xlink" type="lang" xml:base="scriptorium.shenoute.those.GF301-306.mark.xml">
		<feat xlink:href="#sSpan51" value="Greek"/>
		<feat xlink:href="#sSpan83" value="Hebrew"/>
		<feat xlink:href="#sSpan96" value="Hebrew"/>
		<feat xlink:href="#sSpan132" value="Greek"/>
		<feat xlink:href="#sSpan138" value="Hebrew"/>
		<feat xlink:href="#sSpan176" value="Egyptian"/>
		<feat xlink:href="#sSpan198" value="Greek"/>
		<feat xlink:href="#sSpan316" value="Greek"/>
		<feat xlink:href="#sSpan534" value="Greek"/>
		<feat xlink:href="#sSpan605" value="Greek"/>
		<feat xlink:href="#sSpan828" value="Greek"/>
		<feat xlink:href="#sSpan876" value="Hebrew"/>
		<feat xlink:href="#sSpan929" value="Greek"/>
		<feat xlink:href="#sSpan933" value="Greek"/>
		<feat xlink:href="#sSpan1020" value="Hebrew"/>
		<feat xlink:href="#sSpan1036" value="Hebrew"/>
		<feat xlink:href="#sSpan1049" value="Greek"/>
		<feat xlink:href="#sSpan1087" value="Hebrew"/>
		<feat xlink:href="#sSpan1142" value="Hebrew"/>
		<feat xlink:href="#sSpan1291" value="Greek"/>
		<feat xlink:href="#sSpan1432" value="Greek"/>
		<feat xlink:href="#sSpan1439" value="Greek"/>
		<feat xlink:href="#sSpan1486" value="Greek"/>
		<feat xlink:href="#sSpan1497" value="Greek"/>
		<feat xlink:href="#sSpan1599" value="Greek"/>
		<feat xlink:href="#sSpan1635" value="Hebrew"/>
		<feat xlink:href="#sSpan1678" value="Greek"/>
		<feat xlink:href="#sSpan1821" value="Greek"/>
		<feat xlink:href="#sSpan1851" value="Greek"/>
		<feat xlink:href="#sSpan1906" value="Greek"/>
		<feat xlink:href="#sSpan1985" value="Greek"/>
		<feat xlink:href="#sSpan2146" value="Greek"/>
		<feat xlink:href="#sSpan2332" value="Hebrew"/>
		<feat xlink:href="#sSpan2342" value="Greek"/>
		<feat xlink:href="#sSpan2480" value="Greek"/>
		<feat xlink:href="#sSpan2581" value="Greek"/>
		<feat xlink:href="#sSpan2761" value="Greek"/>
		<feat xlink:href="#sSpan2977" value="Greek"/>
		<feat xlink:href="#sSpan2988" value="Greek"/>
		<feat xlink:href="#sSpan3148" value="Greek"/>
		<feat xlink:href="#sSpan3189" value="Greek"/>
		<feat xlink:href="#sSpan3236" value="Greek"/>
		<feat xlink:href="#sSpan3317" value="Greek"/>
		<feat xlink:href="#sSpan3524" value="Greek"/>
		<feat xlink:href="#sSpan3532" value="Hebrew"/>
		<feat xlink:href="#sSpan3559" value="Hebrew"/>
		<feat xlink:href="#sSpan3571" value="Greek"/>
		<feat xlink:href="#sSpan3637" value="Greek"/>
		<feat xlink:href="#sSpan3692" value="Hebrew"/>
		<feat xlink:href="#sSpan3721" value="Greek"/>
		<feat xlink:href="#sSpan3744" value="Greek"/>
		<feat xlink:href="#sSpan3845" value="Greek"/>
		<feat xlink:href="#sSpan3939" value="Greek"/>
		<feat xlink:href="#sSpan3961" value="Greek"/></featList></paula>