<?xml version='1.0' encoding='UTF-8'?><!DOCTYPE paula SYSTEM "paula_feat.dtd">
<paula version="1.1">
	<header paula_id="scriptorium.shenoute.those.GF301-306.mark_chapter_n"/>
	<featList xmlns:xlink="http://www.w3.org/1999/xlink" type="chapter_n" xml:base="scriptorium.shenoute.those.GF301-306.mark.xml">
		<feat xlink:href="#sSpan9" value="51"/>
		<feat xlink:href="#sSpan549" value="52"/>
		<feat xlink:href="#sSpan1772" value="53"/>
		<feat xlink:href="#sSpan3074" value="54"/>
		<feat xlink:href="#sSpan3708" value="55"/></featList></paula>