<?xml version='1.0' encoding='UTF-8'?><!DOCTYPE paula SYSTEM "paula_feat.dtd">
<paula version="1.1">
	<header paula_id="scriptorium.shenoute.those.GF301-306.mark_entity"/>
	<featList xmlns:xlink="http://www.w3.org/1999/xlink" type="entity" xml:base="scriptorium.shenoute.those.GF301-306.mark.xml">
		<feat xlink:href="#sSpan22" value="person"/>
		<feat xlink:href="#sSpan40" value="object"/>
		<feat xlink:href="#sSpan49" value="substance"/>
		<feat xlink:href="#sSpan65" value="place"/>
		<feat xlink:href="#sSpan75" value="person"/>
		<feat xlink:href="#sSpan86" value="place"/>
		<feat xlink:href="#sSpan99" value="place"/>
		<feat xlink:href="#sSpan126" value="abstract"/>
		<feat xlink:href="#sSpan141" value="person"/>
		<feat xlink:href="#sSpan149" value="person"/>
		<feat xlink:href="#sSpan162" value="person"/>
		<feat xlink:href="#sSpan179" value="person"/>
		<feat xlink:href="#sSpan187" value="person"/>
		<feat xlink:href="#sSpan197" value="place"/>
		<feat xlink:href="#sSpan238" value="person"/>
		<feat xlink:href="#sSpan250" value="abstract"/>
		<feat xlink:href="#sSpan309" value="person"/>
		<feat xlink:href="#sSpan332" value="person"/>
		<feat xlink:href="#sSpan388" value="person"/>
		<feat xlink:href="#sSpan420" value="person"/>
		<feat xlink:href="#sSpan431" value="place"/>
		<feat xlink:href="#sSpan445" value="object"/>
		<feat xlink:href="#sSpan464" value="person"/>
		<feat xlink:href="#sSpan494" value="time"/>
		<feat xlink:href="#sSpan504" value="person"/>
		<feat xlink:href="#sSpan533" value="place"/>
		<feat xlink:href="#sSpan558" value="person"/>
		<feat xlink:href="#sSpan585" value="person"/>
		<feat xlink:href="#sSpan726" value="person"/>
		<feat xlink:href="#sSpan770" value="person"/>
		<feat xlink:href="#sSpan779" value="person"/>
		<feat xlink:href="#sSpan799" value="time"/>
		<feat xlink:href="#sSpan827" value="abstract"/>
		<feat xlink:href="#sSpan838" value="person"/>
		<feat xlink:href="#sSpan879" value="person"/>
		<feat xlink:href="#sSpan896" value="abstract"/>
		<feat xlink:href="#sSpan912" value="place"/>
		<feat xlink:href="#sSpan928" value="place"/>
		<feat xlink:href="#sSpan949" value="place"/>
		<feat xlink:href="#sSpan961" value="time"/>
		<feat xlink:href="#sSpan987" value="person"/>
		<feat xlink:href="#sSpan1016" value="person"/>
		<feat xlink:href="#sSpan1039" value="person"/>
		<feat xlink:href="#sSpan1048" value="person"/>
		<feat xlink:href="#sSpan1059" value="abstract"/>
		<feat xlink:href="#sSpan1083" value="person"/>
		<feat xlink:href="#sSpan1099" value="person"/>
		<feat xlink:href="#sSpan1134" value="substance"/>
		<feat xlink:href="#sSpan1141" value="place"/>
		<feat xlink:href="#sSpan1167" value="person"/>
		<feat xlink:href="#sSpan1194" value="place"/>
		<feat xlink:href="#sSpan1208" value="time"/>
		<feat xlink:href="#sSpan1222" value="time"/>
		<feat xlink:href="#sSpan1256" value="object"/>
		<feat xlink:href="#sSpan1272" value="place"/>
		<feat xlink:href="#sSpan1286" value="event"/>
		<feat xlink:href="#sSpan1301" value="abstract"/>
		<feat xlink:href="#sSpan1311" value="person"/>
		<feat xlink:href="#sSpan1340" value="object"/>
		<feat xlink:href="#sSpan1354" value="substance"/>
		<feat xlink:href="#sSpan1368" value="substance"/>
		<feat xlink:href="#sSpan1382" value="animal"/>
		<feat xlink:href="#sSpan1431" value="abstract"/>
		<feat xlink:href="#sSpan1442" value="abstract"/>
		<feat xlink:href="#sSpan1456" value="place"/>
		<feat xlink:href="#sSpan1485" value="abstract"/>
		<feat xlink:href="#sSpan1496" value="place"/>
		<feat xlink:href="#sSpan1511" value="place"/>
		<feat xlink:href="#sSpan1558" value="event"/>
		<feat xlink:href="#sSpan1568" value="substance"/>
		<feat xlink:href="#sSpan1576" value="place"/>
		<feat xlink:href="#sSpan1598" value="plant"/>
		<feat xlink:href="#sSpan1631" value="person"/>
		<feat xlink:href="#sSpan1654" value="person"/>
		<feat xlink:href="#sSpan1688" value="person"/>
		<feat xlink:href="#sSpan1747" value="abstract"/>
		<feat xlink:href="#sSpan1786" value="person"/>
		<feat xlink:href="#sSpan1804" value="person"/>
		<feat xlink:href="#sSpan1839" value="person"/>
		<feat xlink:href="#sSpan1854" value="person"/>
		<feat xlink:href="#sSpan1867" value="abstract"/>
		<feat xlink:href="#sSpan1876" value="person"/>
		<feat xlink:href="#sSpan1886" value="place"/>
		<feat xlink:href="#sSpan1905" value="person"/>
		<feat xlink:href="#sSpan1920" value="abstract"/>
		<feat xlink:href="#sSpan1930" value="person"/>
		<feat xlink:href="#sSpan1939" value="object"/>
		<feat xlink:href="#sSpan1979" value="person"/>
		<feat xlink:href="#sSpan1997" value="person"/>
		<feat xlink:href="#sSpan2071" value="person"/>
		<feat xlink:href="#sSpan2079" value="place"/>
		<feat xlink:href="#sSpan2089" value="person"/>
		<feat xlink:href="#sSpan2121" value="person"/>
		<feat xlink:href="#sSpan2131" value="person"/>
		<feat xlink:href="#sSpan2143" value="person"/>
		<feat xlink:href="#sSpan2167" value="time"/>
		<feat xlink:href="#sSpan2194" value="place"/>
		<feat xlink:href="#sSpan2231" value="animal"/>
		<feat xlink:href="#sSpan2241" value="animal"/>
		<feat xlink:href="#sSpan2253" value="animal"/>
		<feat xlink:href="#sSpan2271" value="person"/>
		<feat xlink:href="#sSpan2302" value="person"/>
		<feat xlink:href="#sSpan2313" value="abstract"/>
		<feat xlink:href="#sSpan2329" value="person"/>
		<feat xlink:href="#sSpan2360" value="abstract"/>
		<feat xlink:href="#sSpan2414" value="object"/>
		<feat xlink:href="#sSpan2443" value="object"/>
		<feat xlink:href="#sSpan2479" value="animal"/>
		<feat xlink:href="#sSpan2490" value="person"/>
		<feat xlink:href="#sSpan2530" value="person"/>
		<feat xlink:href="#sSpan2578" value="animal"/>
		<feat xlink:href="#sSpan2597" value="person"/>
		<feat xlink:href="#sSpan2613" value="animal"/>
		<feat xlink:href="#sSpan2647" value="person"/>
		<feat xlink:href="#sSpan2713" value="person"/>
		<feat xlink:href="#sSpan2748" value="abstract"/>
		<feat xlink:href="#sSpan2757" value="abstract"/>
		<feat xlink:href="#sSpan2772" value="event"/>
		<feat xlink:href="#sSpan2780" value="abstract"/>
		<feat xlink:href="#sSpan2792" value="abstract"/>
		<feat xlink:href="#sSpan2799" value="animal"/>
		<feat xlink:href="#sSpan2821" value="object"/>
		<feat xlink:href="#sSpan2836" value="object"/>
		<feat xlink:href="#sSpan2850" value="substance"/>
		<feat xlink:href="#sSpan2864" value="substance"/>
		<feat xlink:href="#sSpan2878" value="substance"/>
		<feat xlink:href="#sSpan2892" value="substance"/>
		<feat xlink:href="#sSpan2906" value="object"/>
		<feat xlink:href="#sSpan2937" value="person"/>
		<feat xlink:href="#sSpan2976" value="person"/>
		<feat xlink:href="#sSpan2987" value="place"/>
		<feat xlink:href="#sSpan3010" value="person"/>
		<feat xlink:href="#sSpan3106" value="person"/>
		<feat xlink:href="#sSpan3127" value="abstract"/>
		<feat xlink:href="#sSpan3140" value="person"/>
		<feat xlink:href="#sSpan3177" value="person"/>
		<feat xlink:href="#sSpan3207" value="person"/>
		<feat xlink:href="#sSpan3233" value="person"/>
		<feat xlink:href="#sSpan3258" value="person"/>
		<feat xlink:href="#sSpan3268" value="abstract"/>
		<feat xlink:href="#sSpan3342" value="abstract"/>
		<feat xlink:href="#sSpan3382" value="person"/>
		<feat xlink:href="#sSpan3425" value="animal"/>
		<feat xlink:href="#sSpan3459" value="person"/>
		<feat xlink:href="#sSpan3469" value="animal"/>
		<feat xlink:href="#sSpan3487" value="person"/>
		<feat xlink:href="#sSpan3496" value="person"/>
		<feat xlink:href="#sSpan3535" value="person"/>
		<feat xlink:href="#sSpan3562" value="person"/>
		<feat xlink:href="#sSpan3570" value="place"/>
		<feat xlink:href="#sSpan3598" value="person"/>
		<feat xlink:href="#sSpan3621" value="abstract"/>
		<feat xlink:href="#sSpan3647" value="person"/>
		<feat xlink:href="#sSpan3691" value="person"/>
		<feat xlink:href="#sSpan3711" value="abstract"/>
		<feat xlink:href="#sSpan3718" value="abstract"/>
		<feat xlink:href="#sSpan3737" value="place"/>
		<feat xlink:href="#sSpan3758" value="person"/>
		<feat xlink:href="#sSpan3768" value="person"/>
		<feat xlink:href="#sSpan3793" value="person"/>
		<feat xlink:href="#sSpan3827" value="person"/>
		<feat xlink:href="#sSpan3853" value="abstract"/>
		<feat xlink:href="#sSpan3908" value="person"/>
		<feat xlink:href="#sSpan3920" value="person"/>
		<feat xlink:href="#sSpan3936" value="person"/>
		<feat xlink:href="#sSpan3972" value="person"/>
		<feat xlink:href="#sSpan3997" value="object"/>
		<feat xlink:href="#sSpan4026" value="person"/>
		<feat xlink:href="#sSpan4055" value="abstract"/>
		<feat xlink:href="#sSpan4068" value="person"/></featList></paula>