<?xml version='1.0' encoding='UTF-8'?><!DOCTYPE paula SYSTEM "paula_feat.dtd">
<paula version="1.1">
	<header paula_id="scriptorium.shenoute.those.GF301-306.mark_hi_rend"/>
	<featList xmlns:xlink="http://www.w3.org/1999/xlink" type="hi_rend" xml:base="scriptorium.shenoute.those.GF301-306.mark.xml">
		<feat xlink:href="#sSpan16" value="ekthetic large"/>
		<feat xlink:href="#sSpan156" value="ekthetic large"/>
		<feat xlink:href="#sSpan222" value="ekthetic large"/>
		<feat xlink:href="#sSpan414" value="ekthetic large"/>
		<feat xlink:href="#sSpan541" value="ekthetic large"/>
		<feat xlink:href="#sSpan619" value="ekthetic large"/>
		<feat xlink:href="#sSpan708" value="ekthetic large"/>
		<feat xlink:href="#sSpan862" value="ekthetic large"/>
		<feat xlink:href="#sSpan976" value="ekthetic large"/>
		<feat xlink:href="#sSpan1067" value="ekthetic large"/>
		<feat xlink:href="#sSpan1108" value="ekthetic large"/>
		<feat xlink:href="#sSpan1177" value="ekthetic large"/>
		<feat xlink:href="#sSpan1234" value="ekthetic large"/>
		<feat xlink:href="#sSpan1525" value="ekthetic large"/>
		<feat xlink:href="#sSpan1607" value="ekthetic large"/>
		<feat xlink:href="#sSpan1764" value="ekthetic large"/>
		<feat xlink:href="#sSpan1820" value="ekthetic large"/>
		<feat xlink:href="#sSpan1947" value="ekthetic large"/>
		<feat xlink:href="#sSpan2041" value="ekthetic large"/>
		<feat xlink:href="#sSpan2201" value="ekthetic large"/>
		<feat xlink:href="#sSpan2290" value="ekthetic large"/>
		<feat xlink:href="#sSpan2450" value="ekthetic large"/>
		<feat xlink:href="#sSpan2568" value="ekthetic large"/>
		<feat xlink:href="#sSpan2807" value="ekthetic large"/>
		<feat xlink:href="#sSpan2947" value="ekthetic large"/>
		<feat xlink:href="#sSpan3066" value="ekthetic large"/>
		<feat xlink:href="#sSpan3188" value="ekthetic large"/>
		<feat xlink:href="#sSpan3223" value="ekthetic large"/>
		<feat xlink:href="#sSpan3398" value="ekthetic large"/>
		<feat xlink:href="#sSpan3699" value="ekthetic large"/>
		<feat xlink:href="#sSpan3798" value="ekthetic large"/>
		<feat xlink:href="#sSpan3946" value="ekthetic large"/></featList></paula>