<?xml version='1.0' encoding='UTF-8'?><!DOCTYPE paula SYSTEM "paula_feat.dtd">
<paula version="1.1">
	<header paula_id="scriptorium.shenoute.those.GF301-306.mark_orig"/>
	<featList xmlns:xlink="http://www.w3.org/1999/xlink" type="orig" xml:base="scriptorium.shenoute.those.GF301-306.mark.xml">
		<feat xlink:href="#sSpan2" value="[........]"/>
		<feat xlink:href="#sSpan12" value="[........]"/>
		<feat xlink:href="#sSpan18" value="ⲡ"/>
		<feat xlink:href="#sSpan24" value="ⲉⲛⲧ"/>
		<feat xlink:href="#sSpan26" value="ⲁ"/>
		<feat xlink:href="#sSpan29" value="ϥ"/>
		<feat xlink:href="#sSpan31" value="[....]"/>
		<feat xlink:href="#sSpan34" value="ⲛ"/>
		<feat xlink:href="#sSpan39" value="ⲟⲩ"/>
		<feat xlink:href="#sSpan42" value="ⲕⲱϩⲧ"/>
		<feat xlink:href="#sSpan44" value="ⲙⲛ̣"/>
		<feat xlink:href="#sSpan48" value="ⲟⲩ"/>
		<feat xlink:href="#sSpan53" value="ⲑⲏⲛ"/>
		<feat xlink:href="#sSpan55" value="ⲉⲃⲟⲗ"/>
		<feat xlink:href="#sSpan60" value="ϩⲛ"/>
		<feat xlink:href="#sSpan64" value="ⲧ"/>
		<feat xlink:href="#sSpan68" value="ⲡⲉ"/>
		<feat xlink:href="#sSpan70" value="ⲉϫⲛ"/>
		<feat xlink:href="#sSpan74" value="ⲛ"/>
		<feat xlink:href="#sSpan77" value="ⲣⲱⲙⲉ"/>
		<feat xlink:href="#sSpan80" value="ⲛ"/>
		<feat xlink:href="#sSpan85" value="ⲥⲟⲇⲟⲙⲁ"/>
		<feat xlink:href="#sSpan88" value="·"/>
		<feat xlink:href="#sSpan92" value="ⲙⲛ"/>
		<feat xlink:href="#sSpan98" value="ⲕⲟⲙⲟⲣⲣⲁ"/>
		<feat xlink:href="#sSpan101" value="·"/>
		<feat xlink:href="#sSpan105" value="ϣⲁⲛⲧⲉ"/>
		<feat xlink:href="#sSpan110" value="ϥ"/>
		<feat xlink:href="#sSpan112" value="ⲃⲟⲧ"/>
		<feat xlink:href="#sSpan114" value="ⲟⲩ"/>
		<feat xlink:href="#sSpan116" value="ⲉⲃⲟⲗ"/>
		<feat xlink:href="#sSpan121" value="ⲉⲧⲃⲉ"/>
		<feat xlink:href="#sSpan125" value="ⲛⲉⲩ"/>
		<feat xlink:href="#sSpan129" value="ⲙⲛⲧⲁⲥⲉⲃⲏⲥ"/>
		<feat xlink:href="#sSpan134" value="ϣⲁⲧⲛ"/>
		<feat xlink:href="#sSpan140" value="ⲗⲱⲧ"/>
		<feat xlink:href="#sSpan143" value="ⲙⲛ"/>
		<feat xlink:href="#sSpan148" value="ⲛⲉϥ"/>
		<feat xlink:href="#sSpan151" value="ϣⲏⲣⲉ"/>
		<feat xlink:href="#sSpan153" value="·"/>
		<feat xlink:href="#sSpan158" value="ⲡ"/>
		<feat xlink:href="#sSpan164" value="ⲉⲛⲧ"/>
		<feat xlink:href="#sSpan166" value="ⲁ"/>
		<feat xlink:href="#sSpan168" value="ϥ"/>
		<feat xlink:href="#sSpan170" value="ⲱⲙⲉⲥ"/>
		<feat xlink:href="#sSpan172" value="ⲙ"/>
		<feat xlink:href="#sSpan178" value="ⲫⲁⲣⲁⲱ"/>
		<feat xlink:href="#sSpan181" value="ⲙⲛ"/>
		<feat xlink:href="#sSpan186" value="ⲡⲉϥ"/>
		<feat xlink:href="#sSpan189" value="ⲙⲏⲏϣⲉ"/>
		<feat xlink:href="#sSpan192" value="ϩⲛ"/>
		<feat xlink:href="#sSpan196" value="ⲑ"/>
		<feat xlink:href="#sSpan200" value="ⲁⲗⲁⲥⲥⲁ"/>
		<feat xlink:href="#sSpan203" value="·"/>
		<feat xlink:href="#sSpan207" value="ⲉⲧⲃⲉ"/>
		<feat xlink:href="#sSpan211" value="ⲧⲉϥ"/>
		<feat xlink:href="#sSpan214" value="ⲙⲛⲧⲁⲧⲛⲟⲩⲧⲉ"/>
		<feat xlink:href="#sSpan219" value="·"/>
		<feat xlink:href="#sSpan224" value="ⲡⲉϫⲁ"/>
		<feat xlink:href="#sSpan231" value="ⲩ"/>
		<feat xlink:href="#sSpan233" value="ⲛϭⲉⲓ"/>
		<feat xlink:href="#sSpan237" value="ⲛ"/>
		<feat xlink:href="#sSpan240" value="ⲉⲛⲧ"/>
		<feat xlink:href="#sSpan243" value="ⲁ"/>
		<feat xlink:href="#sSpan245" value="ⲩ"/>
		<feat xlink:href="#sSpan247" value="ⲙⲉⲣⲉ"/>
		<feat xlink:href="#sSpan249" value="ⲡ"/>
		<feat xlink:href="#sSpan252" value="ⲥⲁϩⲟⲩ"/>
		<feat xlink:href="#sSpan254" value="ϫⲉ"/>
		<feat xlink:href="#sSpan259" value="ⲉϥⲉ"/>
		<feat xlink:href="#sSpan261" value="ⲉⲓ"/>
		<feat xlink:href="#sSpan263" value="ⲛⲁ"/>
		<feat xlink:href="#sSpan267" value="ⲩ"/>
		<feat xlink:href="#sSpan269" value="·"/>
		<feat xlink:href="#sSpan273" value="ϫⲉ"/>
		<feat xlink:href="#sSpan277" value="ⲙⲛ"/>
		<feat xlink:href="#sSpan280" value="ϭⲟⲙ"/>
		<feat xlink:href="#sSpan282" value="ⲙⲟ"/>
		<feat xlink:href="#sSpan286" value="ϥ"/>
		<feat xlink:href="#sSpan288" value="ⲉ"/>
		<feat xlink:href="#sSpan292" value="ⲧⲟⲩϫⲟ"/>
		<feat xlink:href="#sSpan295" value="ϥ"/>
		<feat xlink:href="#sSpan297" value="ⲉⲧⲟⲟⲧ"/>
		<feat xlink:href="#sSpan301" value="ⲟⲩ"/>
		<feat xlink:href="#sSpan303" value="ⲛ"/>
		<feat xlink:href="#sSpan307" value="ⲛ"/>
		<feat xlink:href="#sSpan311" value="ⲉⲛⲧ"/>
		<feat xlink:href="#sSpan313" value="ⲁ"/>
		<feat xlink:href="#sSpan315" value="ⲩ"/>
		<feat xlink:href="#sSpan318" value="ⲥ̄ⳁⲟ︤ⲩ︥"/>
		<feat xlink:href="#sSpan320" value="ⲙⲙⲟ"/>
		<feat xlink:href="#sSpan325" value="ϥ"/>
		<feat xlink:href="#sSpan327" value="·"/>
		<feat xlink:href="#sSpan331" value="ⲡⲉⲛ"/>
		<feat xlink:href="#sSpan340" value="[…]"/>
		<feat xlink:href="#sSpan348" value="[…]"/>
		<feat xlink:href="#sSpan355" value="[…]"/>
		<feat xlink:href="#sSpan362" value="[…]"/>
		<feat xlink:href="#sSpan369" value="[…]"/>
		<feat xlink:href="#sSpan374" value="ϩⲕ̣"/>
		<feat xlink:href="#sSpan380" value=".[......]"/>
		<feat xlink:href="#sSpan384" value="ⲡ"/>
		<feat xlink:href="#sSpan392" value="ⲉⲛⲧ"/>
		<feat xlink:href="#sSpan394" value="ⲁ"/>
		<feat xlink:href="#sSpan396" value="ϥ"/>
		<feat xlink:href="#sSpan398" value="ⲧ̣ⲣ̣ⲉ̣"/>
		<feat xlink:href="#sSpan400" value="ⲩ"/>
		<feat xlink:href="#sSpan402" value="ϣⲱⲡⲉ"/>
		<feat xlink:href="#sSpan405" value="ⲧⲏⲣ"/>
		<feat xlink:href="#sSpan409" value="ⲟⲩ"/>
		<feat xlink:href="#sSpan411" value="·"/>
		<feat xlink:href="#sSpan416" value="ⲡ"/>
		<feat xlink:href="#sSpan422" value="ⲉⲛⲧ"/>
		<feat xlink:href="#sSpan424" value="ⲁ"/>
		<feat xlink:href="#sSpan426" value="ϥ"/>
		<feat xlink:href="#sSpan428" value="ⲧⲣⲉ"/>
		<feat xlink:href="#sSpan430" value="ⲡ"/>
		<feat xlink:href="#sSpan434" value="ⲕⲁϩ"/>
		<feat xlink:href="#sSpan436" value="ⲟⲩⲱⲛ"/>
		<feat xlink:href="#sSpan440" value="ⲛ"/>
		<feat xlink:href="#sSpan444" value="ⲣⲱ"/>
		<feat xlink:href="#sSpan448" value="ϥ"/>
		<feat xlink:href="#sSpan450" value="ⲁ"/>
		<feat xlink:href="#sSpan454" value="ϥ"/>
		<feat xlink:href="#sSpan456" value="ⲱⲙⲉⲕ"/>
		<feat xlink:href="#sSpan458" value="ⲉⲛ"/>
		<feat xlink:href="#sSpan463" value="ⲟⲩ"/>
		<feat xlink:href="#sSpan466" value="ⲙⲏⲏϣⲉ"/>
		<feat xlink:href="#sSpan468" value="ϫⲉ"/>
		<feat xlink:href="#sSpan473" value="ⲁ"/>
		<feat xlink:href="#sSpan476" value="ⲩ"/>
		<feat xlink:href="#sSpan479" value="ⲣⲛⲟⲃⲉ"/>
		<feat xlink:href="#sSpan482" value="ⲉⲣⲟ"/>
		<feat xlink:href="#sSpan486" value="ϥ"/>
		<feat xlink:href="#sSpan488" value="ⲙ"/>
		<feat xlink:href="#sSpan493" value="ⲡⲉⲓ"/>
		<feat xlink:href="#sSpan496" value="ⲟⲩⲟⲉⲓ̈ϣ"/>
		<feat xlink:href="#sSpan498" value="ⲙⲛ"/>
		<feat xlink:href="#sSpan503" value="ⲛ"/>
		<feat xlink:href="#sSpan506" value="ⲉⲛⲧ"/>
		<feat xlink:href="#sSpan508" value="ⲁ"/>
		<feat xlink:href="#sSpan510" value="ϥ"/>
		<feat xlink:href="#sSpan512" value="ⲃⲟⲧ"/>
		<feat xlink:href="#sSpan515" value="ⲟⲩ"/>
		<feat xlink:href="#sSpan517" value="ⲉⲃⲟⲗ"/>
		<feat xlink:href="#sSpan521" value="ⲧⲏⲣ"/>
		<feat xlink:href="#sSpan525" value="ⲟⲩ"/>
		<feat xlink:href="#sSpan527" value="ϩⲛ"/>
		<feat xlink:href="#sSpan532" value="ⲧ"/>
		<feat xlink:href="#sSpan536" value="ⲉⲣⲏⲙⲟⲥ"/>
		<feat xlink:href="#sSpan538" value="·"/>
		<feat xlink:href="#sSpan543" value="ⲡⲉϫⲁ"/>
		<feat xlink:href="#sSpan551" value="ⲩ"/>
		<feat xlink:href="#sSpan553" value="ⲛϭⲉⲓ"/>
		<feat xlink:href="#sSpan557" value="ⲛ"/>
		<feat xlink:href="#sSpan560" value="ⲣⲱⲙⲉ"/>
		<feat xlink:href="#sSpan563" value="ⲉⲧ"/>
		<feat xlink:href="#sSpan568" value="ⲣϩⲟⲩⲉⲥϩⲟⲩⲟⲣⲧ"/>
		<feat xlink:href="#sSpan573" value="·"/>
		<feat xlink:href="#sSpan577" value="ϫⲉ"/>
		<feat xlink:href="#sSpan581" value="ⲉ̣ϣϫⲉ"/>
		<feat xlink:href="#sSpan584" value="ⲡ"/>
		<feat xlink:href="#sSpan587" value="ⲛⲟⲩⲧⲉ"/>
		<feat xlink:href="#sSpan589" value="ⲡⲉ"/>
		<feat xlink:href="#sSpan593" value="ⲁϩⲣⲟ"/>
		<feat xlink:href="#sSpan598" value="ⲟⲩ"/>
		<feat xlink:href="#sSpan600" value="ⲁ"/>
		<feat xlink:href="#sSpan604" value="ⲩ"/>
		<feat xlink:href="#sSpan607" value="ⲥ̄ⳁⲟ︤ⲩ︥"/>
		<feat xlink:href="#sSpan609" value="ⲙⲙⲟ"/>
		<feat xlink:href="#sSpan614" value="ϥ"/>
		<feat xlink:href="#sSpan616" value="·"/>
		<feat xlink:href="#sSpan621" value="ⲛⲓⲙ"/>
		<feat xlink:href="#sSpan628" value="ⲡ"/>
		<feat xlink:href="#sSpan632" value="ⲉⲧ"/>
		<feat xlink:href="#sSpan634" value="ⲛⲁ"/>
		<feat xlink:href="#sSpan636" value="ⲉϣ"/>
		<feat xlink:href="#sSpan639" value="ϫⲓ̈ⲏⲡ"/>
		<feat xlink:href="#sSpan643" value="ⲉ"/>
		<feat xlink:href="#sSpan647" value="ⲛⲙⲙⲛⲧ"/>
		<feat xlink:href="#sSpan651" value="[…]"/>
		<feat xlink:href="#sSpan660" value="[…]"/>
		<feat xlink:href="#sSpan667" value="[…]"/>
		<feat xlink:href="#sSpan676" value="[…]"/>
		<feat xlink:href="#sSpan683" value="[…]"/>
		<feat xlink:href="#sSpan688" value="[......]"/>
		<feat xlink:href="#sSpan693" value="ⲗⲟⲥ"/>
		<feat xlink:href="#sSpan698" value="ⲧ̣ⲏⲣ"/>
		<feat xlink:href="#sSpan703" value="ⲟⲩ"/>
		<feat xlink:href="#sSpan705" value="·"/>
		<feat xlink:href="#sSpan710" value="ⲛ"/>
		<feat xlink:href="#sSpan715" value="ⲑ"/>
		<feat xlink:href="#sSpan717" value="ⲉ"/>
		<feat xlink:href="#sSpan719" value="ⲛⲧ"/>
		<feat xlink:href="#sSpan723" value="ⲁ"/>
		<feat xlink:href="#sSpan725" value="ⲟⲩⲁ"/>
		<feat xlink:href="#sSpan728" value="ⲉⲛ"/>
		<feat xlink:href="#sSpan732" value="ⲟⲩⲱⲧ"/>
		<feat xlink:href="#sSpan735" value="ⲉⲓ̈"/>
		<feat xlink:href="#sSpan740" value="ⲉⲃⲟⲗ"/>
		<feat xlink:href="#sSpan744" value="ϩⲉⲓⲧⲟⲧ"/>
		<feat xlink:href="#sSpan749" value="ϥ"/>
		<feat xlink:href="#sSpan751" value="·"/>
		<feat xlink:href="#sSpan755" value="ⲁ"/>
		<feat xlink:href="#sSpan759" value="ϥ"/>
		<feat xlink:href="#sSpan761" value="ⲙⲟⲩⲟⲩⲧ"/>
		<feat xlink:href="#sSpan763" value="ⲙ"/>
		<feat xlink:href="#sSpan769" value="ⲙⲛⲧϣⲙⲏⲛ"/>
		<feat xlink:href="#sSpan773" value="ⲛ"/>
		<feat xlink:href="#sSpan778" value="ⲧⲃⲁ"/>
		<feat xlink:href="#sSpan781" value="ⲟⲩ"/>
		<feat xlink:href="#sSpan785" value="ϭⲟⲥ"/>
		<feat xlink:href="#sSpan787" value="ⲛ"/>
		<feat xlink:href="#sSpan791" value="ⲣⲱⲙⲉ"/>
		<feat xlink:href="#sSpan794" value="ϩⲛ"/>
		<feat xlink:href="#sSpan798" value="ⲟⲩ"/>
		<feat xlink:href="#sSpan801" value="ⲟⲩϣⲏ"/>
		<feat xlink:href="#sSpan804" value="ⲉ"/>
		<feat xlink:href="#sSpan808" value="ⲛ"/>
		<feat xlink:href="#sSpan810" value="ⲟⲩⲱⲧ"/>
		<feat xlink:href="#sSpan812" value="·"/>
		<feat xlink:href="#sSpan816" value="ⲉⲃⲟⲗ"/>
		<feat xlink:href="#sSpan822" value="ϩⲛ"/>
		<feat xlink:href="#sSpan826" value="ⲧ"/>
		<feat xlink:href="#sSpan830" value="ⲡⲁⲣⲙⲃⲟⲗⲏ"/>
		<feat xlink:href="#sSpan833" value="ⲛ"/>
		<feat xlink:href="#sSpan837" value="ϩⲉⲛ"/>
		<feat xlink:href="#sSpan840" value="ⲙⲏⲏϣⲉ"/>
		<feat xlink:href="#sSpan844" value="ⲛ"/>
		<feat xlink:href="#sSpan848" value="ⲣⲱⲙⲉ"/>
		<feat xlink:href="#sSpan850" value="ⲛ"/>
		<feat xlink:href="#sSpan855" value="ⲁⲧⲛⲟⲩⲧⲉ"/>
		<feat xlink:href="#sSpan859" value="·"/>
		<feat xlink:href="#sSpan864" value="ⲁⲩⲱ"/>
		<feat xlink:href="#sSpan871" value="ⲛⲧ"/>
		<feat xlink:href="#sSpan875" value="ⲁ"/>
		<feat xlink:href="#sSpan878" value="ⲙⲱⲩⲥⲏⲥ"/>
		<feat xlink:href="#sSpan882" value="ⲡⲉϥ"/>
		<feat xlink:href="#sSpan886" value="ⲥⲱⲧⲡ"/>
		<feat xlink:href="#sSpan888" value="ⲉ"/>
		<feat xlink:href="#sSpan893" value="ⲣ"/>
		<feat xlink:href="#sSpan895" value="ⲛⲉⲓ̈"/>
		<feat xlink:href="#sSpan898" value="ⲙⲟⲓ̈ϩⲉ"/>
		<feat xlink:href="#sSpan900" value="ⲧⲏⲣ"/>
		<feat xlink:href="#sSpan905" value="ⲟⲩ"/>
		<feat xlink:href="#sSpan907" value="ϩⲛ"/>
		<feat xlink:href="#sSpan911" value="ⲕⲏⲙⲉ"/>
		<feat xlink:href="#sSpan914" value="·"/>
		<feat xlink:href="#sSpan918" value="ⲁⲩⲱ"/>
		<feat xlink:href="#sSpan923" value="ϩⲛ"/>
		<feat xlink:href="#sSpan927" value="ⲧ"/>
		<feat xlink:href="#sSpan931" value="ⲉⲣⲩⲑⲣⲁ"/>
		<feat xlink:href="#sSpan935" value="ⲑⲁⲗⲁⲥⲥⲁ"/>
		<feat xlink:href="#sSpan939" value="·"/>
		<feat xlink:href="#sSpan943" value="ⲁⲩⲱ"/>
		<feat xlink:href="#sSpan948" value="ⲡ"/>
		<feat xlink:href="#sSpan953" value="ϫⲁⲓ̈ⲉ"/>
		<feat xlink:href="#sSpan955" value="ⲛ̄"/>
		<feat xlink:href="#sSpan960" value="[ϩⲙⲉ]"/>
		<feat xlink:href="#sSpan966" value="ⲛ̣"/>
		<feat xlink:href="#sSpan970" value="ⲣⲟⲙⲡ[ⲉ"/>
		<feat xlink:href="#sSpan973" value="·]"/>
		<feat xlink:href="#sSpan979" value="[ⲁ]ⲩ̣ⲱ"/>
		<feat xlink:href="#sSpan984" value="ⲛ"/>
		<feat xlink:href="#sSpan989" value="ⲉⲛⲧ"/>
		<feat xlink:href="#sSpan991" value="ⲁ"/>
		<feat xlink:href="#sSpan993" value="ϥ"/>
		<feat xlink:href="#sSpan995" value="ⲁⲁ"/>
		<feat xlink:href="#sSpan998" value="ⲁⲩ"/>
		<feat xlink:href="#sSpan1000" value="ⲧⲏⲣ"/>
		<feat xlink:href="#sSpan1004" value="ⲟⲩ"/>
		<feat xlink:href="#sSpan1006" value="ⲉⲃⲟⲗ"/>
		<feat xlink:href="#sSpan1010" value="ϩⲉⲓ̈ⲧⲙ"/>
		<feat xlink:href="#sSpan1015" value="ⲡⲉϥ"/>
		<feat xlink:href="#sSpan1018" value="ϩⲙϩⲁⲗ"/>
		<feat xlink:href="#sSpan1022" value="ⲓ︤ⲥ︥"/>
		<feat xlink:href="#sSpan1026" value="ⲡ"/>
		<feat xlink:href="#sSpan1030" value="ϣⲏⲣⲉ"/>
		<feat xlink:href="#sSpan1032" value="ⲛ"/>
		<feat xlink:href="#sSpan1038" value="ⲛⲁⲩⲏ"/>
		<feat xlink:href="#sSpan1041" value="·"/>
		<feat xlink:href="#sSpan1045" value="ⲡ"/>
		<feat xlink:href="#sSpan1051" value="ⲇⲩⲛⲁⲧⲟⲥ"/>
		<feat xlink:href="#sSpan1054" value="ϩⲛ"/>
		<feat xlink:href="#sSpan1058" value="ⲧⲉϥ"/>
		<feat xlink:href="#sSpan1061" value="ϭⲟⲙ"/>
		<feat xlink:href="#sSpan1064" value="·"/>
		<feat xlink:href="#sSpan1069" value="ⲁⲩⲱ"/>
		<feat xlink:href="#sSpan1076" value="ⲛⲧ"/>
		<feat xlink:href="#sSpan1080" value="ⲁ"/>
		<feat xlink:href="#sSpan1082" value="ⲡⲉϥ"/>
		<feat xlink:href="#sSpan1085" value="ϩⲙϩⲁⲗ"/>
		<feat xlink:href="#sSpan1089" value="ϩⲏⲗⲓ̈ⲁⲥ"/>
		<feat xlink:href="#sSpan1093" value="ⲧⲟⲩⲛⲉⲥ"/>
		<feat xlink:href="#sSpan1098" value="ⲛ"/>
		<feat xlink:href="#sSpan1101" value="ⲉⲧ"/>
		<feat xlink:href="#sSpan1103" value="ⲙⲟⲟⲩⲧ"/>
		<feat xlink:href="#sSpan1105" value="·"/>
		<feat xlink:href="#sSpan1111" value="ⲁ{ⲁ}ⲩⲱ"/>
		<feat xlink:href="#sSpan1118" value="ⲟⲛ"/>
		<feat xlink:href="#sSpan1122" value="ⲁ"/>
		<feat xlink:href="#sSpan1126" value="ϥ"/>
		<feat xlink:href="#sSpan1128" value="ⲡⲉⲣ︤ϫ︥"/>
		<feat xlink:href="#sSpan1130" value="ⲙ"/>
		<feat xlink:href="#sSpan1133" value="ⲙⲟⲟⲩ"/>
		<feat xlink:href="#sSpan1136" value="ⲙ"/>
		<feat xlink:href="#sSpan1140" value="ⲡ"/>
		<feat xlink:href="#sSpan1144" value="ⲉⲓ̈ⲟⲣⲇⲁⲛⲁⲥ"/>
		<feat xlink:href="#sSpan1147" value="·"/>
		<feat xlink:href="#sSpan1151" value="ⲁ"/>
		<feat xlink:href="#sSpan1157" value="ϥ"/>
		<feat xlink:href="#sSpan1159" value="ⲙⲟⲟϣⲉ"/>
		<feat xlink:href="#sSpan1162" value="ϩⲉⲓ̈ϫⲙ"/>
		<feat xlink:href="#sSpan1166" value="ⲡ"/>
		<feat xlink:href="#sSpan1169" value="ⲉⲧ"/>
		<feat xlink:href="#sSpan1171" value="ϣⲟⲩⲱⲟⲩ"/>
		<feat xlink:href="#sSpan1174" value="·"/>
		<feat xlink:href="#sSpan1179" value="ⲉ"/>
		<feat xlink:href="#sSpan1187" value="ⲁ"/>
		<feat xlink:href="#sSpan1189" value="ϥ"/>
		<feat xlink:href="#sSpan1191" value="ⲥⲉϣⲧ"/>
		<feat xlink:href="#sSpan1193" value="ⲧ"/>
		<feat xlink:href="#sSpan1196" value="ⲡⲉ"/>
		<feat xlink:href="#sSpan1198" value="ⲟⲛ"/>
		<feat xlink:href="#sSpan1202" value="ⲛ"/>
		<feat xlink:href="#sSpan1207" value="ϣⲟⲙⲧⲉ"/>
		<feat xlink:href="#sSpan1210" value="ⲛ"/>
		<feat xlink:href="#sSpan1214" value="ⲣⲟⲙⲡⲉ"/>
		<feat xlink:href="#sSpan1217" value="ⲙⲛ"/>
		<feat xlink:href="#sSpan1221" value="ⲥⲟⲟⲩ"/>
		<feat xlink:href="#sSpan1224" value="ⲛ"/>
		<feat xlink:href="#sSpan1228" value="ⲉⲃⲟⲧ"/>
		<feat xlink:href="#sSpan1231" value="·"/>
		<feat xlink:href="#sSpan1236" value="ⲁⲩⲱ"/>
		<feat xlink:href="#sSpan1243" value="ⲟⲛ"/>
		<feat xlink:href="#sSpan1247" value="ⲁ"/>
		<feat xlink:href="#sSpan1251" value="ϥ"/>
		<feat xlink:href="#sSpan1253" value="ⲙ"/>
		<feat xlink:href="#sSpan1255" value="ⲡ"/>
		<feat xlink:href="#sSpan1259" value="ⲕⲱϩⲧ"/>
		<feat xlink:href="#sSpan1261" value="ⲉⲃⲟⲗ"/>
		<feat xlink:href="#sSpan1266" value="ϩⲛ"/>
		<feat xlink:href="#sSpan1271" value="ⲧ"/>
		<feat xlink:href="#sSpan1274" value="ⲡⲉ"/>
		<feat xlink:href="#sSpan1276" value="·"/>
		<feat xlink:href="#sSpan1280" value="ϩⲙ"/>
		<feat xlink:href="#sSpan1284" value="ⲡ"/>
		<feat xlink:href="#sSpan1288" value="ⲧⲣⲉ"/>
		<feat xlink:href="#sSpan1290" value="ϥ"/>
		<feat xlink:href="#sSpan1293" value="ⲉⲡⲉⲓ̈ⲕⲁⲗⲉⲓ̈"/>
		<feat xlink:href="#sSpan1296" value="ⲙ"/>
		<feat xlink:href="#sSpan1300" value="ⲡ"/>
		<feat xlink:href="#sSpan1303" value="ⲣⲁⲛ"/>
		<feat xlink:href="#sSpan1305" value="ⲙ"/>
		<feat xlink:href="#sSpan1310" value="ⲡ"/>
		<feat xlink:href="#sSpan1316" value="ⲉⲧ"/>
		<feat xlink:href="#sSpan1318" value="ϫⲟⲥⲉ"/>
		<feat xlink:href="#sSpan1320" value="·"/>
		<feat xlink:href="#sSpan1324" value="ⲁ"/>
		<feat xlink:href="#sSpan1330" value="ϥ"/>
		<feat xlink:href="#sSpan1332" value="ⲟⲩⲱⲙ︤"/>
		<feat xlink:href="#sSpan1335" value="ⲛ︥"/>
		<feat xlink:href="#sSpan1339" value="ⲛ̄"/>
		<feat xlink:href="#sSpan1342" value="ϣⲛⲉ"/>
		<feat xlink:href="#sSpan1344" value="·"/>
		<feat xlink:href="#sSpan1348" value="ⲙ︤ⲛ︥"/>
		<feat xlink:href="#sSpan1353" value="ⲡ"/>
		<feat xlink:href="#sSpan1356" value="ⲙⲟⲟⲩ"/>
		<feat xlink:href="#sSpan1358" value="·"/>
		<feat xlink:href="#sSpan1362" value="ⲙ︤ⲛ︥"/>
		<feat xlink:href="#sSpan1367" value="ⲛ̄"/>
		<feat xlink:href="#sSpan1370" value="ϣⲉ"/>
		<feat xlink:href="#sSpan1372" value="·"/>
		<feat xlink:href="#sSpan1376" value="ⲙⲛ"/>
		<feat xlink:href="#sSpan1381" value="ⲙ"/>
		<feat xlink:href="#sSpan1384" value="ⲙⲁⲥⲉ"/>
		<feat xlink:href="#sSpan1386" value="·"/>
		<feat xlink:href="#sSpan1390" value="ⲉⲧ"/>
		<feat xlink:href="#sSpan1395" value="ϣⲁⲁⲧ"/>
		<feat xlink:href="#sSpan1397" value="ϩⲉⲓ̈ϫⲱ"/>
		<feat xlink:href="#sSpan1402" value="ⲟⲩ"/>
		<feat xlink:href="#sSpan1404" value="·"/>
		<feat xlink:href="#sSpan1408" value="ⲡⲁⲓ̈"/>
		<feat xlink:href="#sSpan1412" value="ⲛⲧ"/>
		<feat xlink:href="#sSpan1417" value="ⲁ"/>
		<feat xlink:href="#sSpan1419" value="ϥ"/>
		<feat xlink:href="#sSpan1421" value="ⲧⲁⲙⲉⲓ̈ⲟ"/>
		<feat xlink:href="#sSpan1423" value="ϥ"/>
		<feat xlink:href="#sSpan1425" value="ⲙ"/>
		<feat xlink:href="#sSpan1430" value="ⲡ"/>
		<feat xlink:href="#sSpan1434" value="ⲧⲏⲡⲟⲥ"/>
		<feat xlink:href="#sSpan1436" value="ⲛ"/>
		<feat xlink:href="#sSpan1441" value="ⲑⲩⲥⲓ̈ⲁ"/>
		<feat xlink:href="#sSpan1445" value="·"/>
		<feat xlink:href="#sSpan1449" value="ⲁⲩⲱ"/>
		<feat xlink:href="#sSpan1453" value="ⲡ"/>
		<feat xlink:href="#sSpan1458" value="ⲕⲉ"/>
		<feat xlink:href="#sSpan1460" value="ⲕⲁϩ"/>
		<feat xlink:href="#sSpan1463" value="ⲡⲁⲓ̈"/>
		<feat xlink:href="#sSpan1467" value="ⲛⲧ"/>
		<feat xlink:href="#sSpan1471" value="ⲁ"/>
		<feat xlink:href="#sSpan1473" value="ϥ"/>
		<feat xlink:href="#sSpan1475" value="ⲧⲁⲙⲉⲓ̈ⲟ"/>
		<feat xlink:href="#sSpan1478" value="ϥ"/>
		<feat xlink:href="#sSpan1480" value="ⲙ"/>
		<feat xlink:href="#sSpan1484" value="ⲡ"/>
		<feat xlink:href="#sSpan1488" value="ⲧⲏⲡⲟⲥ"/>
		<feat xlink:href="#sSpan1491" value="ⲉⲛ"/>
		<feat xlink:href="#sSpan1495" value="ⲟⲩ"/>
		<feat xlink:href="#sSpan1499" value="ⲑⲁⲗⲁⲥⲥⲁ"/>
		<feat xlink:href="#sSpan1502" value="·"/>
		<feat xlink:href="#sSpan1506" value="ⲙⲛ"/>
		<feat xlink:href="#sSpan1510" value="ⲡⲉϥ"/>
		<feat xlink:href="#sSpan1513" value="ⲕⲱⲧⲉ"/>
		<feat xlink:href="#sSpan1516" value="ⲧⲏⲣ"/>
		<feat xlink:href="#sSpan1520" value="ϥ"/>
		<feat xlink:href="#sSpan1522" value="·"/>
		<feat xlink:href="#sSpan1527" value="ⲁⲩⲱ"/>
		<feat xlink:href="#sSpan1534" value="ⲛⲧ"/>
		<feat xlink:href="#sSpan1538" value="ⲁ"/>
		<feat xlink:href="#sSpan1540" value="ϥ"/>
		<feat xlink:href="#sSpan1542" value="ϣⲗⲏⲗ"/>
		<feat xlink:href="#sSpan1544" value="ⲁ"/>
		<feat xlink:href="#sSpan1549" value="ϥ"/>
		<feat xlink:href="#sSpan1551" value="ϣⲟⲩⲟ"/>
		<feat xlink:href="#sSpan1553" value="ⲛϭⲉⲓ̈"/>
		<feat xlink:href="#sSpan1557" value="ⲡ"/>
		<feat xlink:href="#sSpan1561" value="ⲙⲟⲩ"/>
		<feat xlink:href="#sSpan1563" value="ⲛ"/>
		<feat xlink:href="#sSpan1567" value="ϩⲱⲟⲩ"/>
		<feat xlink:href="#sSpan1570" value="ⲉϫⲙ"/>
		<feat xlink:href="#sSpan1575" value="ⲡ"/>
		<feat xlink:href="#sSpan1578" value="ⲕⲁϩ"/>
		<feat xlink:href="#sSpan1580" value="·"/>
		<feat xlink:href="#sSpan1584" value="ⲁ"/>
		<feat xlink:href="#sSpan1590" value="ϥ"/>
		<feat xlink:href="#sSpan1592" value="ϯ"/>
		<feat xlink:href="#sSpan1595" value="ⲙ"/>
		<feat xlink:href="#sSpan1597" value="ⲡⲉϥ"/>
		<feat xlink:href="#sSpan1601" value="ⲕⲁⲣⲡⲟⲥ"/>
		<feat xlink:href="#sSpan1604" value="·"/>
		<feat xlink:href="#sSpan1609" value="ⲛ"/>
		<feat xlink:href="#sSpan1616" value="ⲧⲉⲓ"/>
		<feat xlink:href="#sSpan1618" value="ϩⲉ"/>
		<feat xlink:href="#sSpan1620" value="ⲟⲛ"/>
		<feat xlink:href="#sSpan1624" value="ⲡⲉ"/>
		<feat xlink:href="#sSpan1628" value="ⲡⲉϥ"/>
		<feat xlink:href="#sSpan1633" value="ϩⲙϩⲁⲗ"/>
		<feat xlink:href="#sSpan1637" value="ⲉⲗⲓ̈ⲥⲥⲁⲓ̈ⲟⲥ"/>
		<feat xlink:href="#sSpan1641" value="ⲉ"/>
		<feat xlink:href="#sSpan1647" value="ⲁ"/>
		<feat xlink:href="#sSpan1649" value="ϥ"/>
		<feat xlink:href="#sSpan1651" value="ⲧⲟⲩⲛⲉⲥ"/>
		<feat xlink:href="#sSpan1653" value="ⲛ"/>
		<feat xlink:href="#sSpan1656" value="ⲉⲧ"/>
		<feat xlink:href="#sSpan1658" value="ⲙⲟⲟⲩⲧ"/>
		<feat xlink:href="#sSpan1661" value="·"/>
		<feat xlink:href="#sSpan1665" value="ⲁⲩⲱ"/>
		<feat xlink:href="#sSpan1671" value="ⲁ"/>
		<feat xlink:href="#sSpan1677" value="ϥ"/>
		<feat xlink:href="#sSpan1680" value="ⲡⲁⲧⲁⲥⲥⲉ"/>
		<feat xlink:href="#sSpan1682" value="ⲙ"/>
		<feat xlink:href="#sSpan1687" value="ⲡ̣"/>
		<feat xlink:href="#sSpan1690" value="ⲙⲏⲏϣ̣ⲉ̣"/>
		<feat xlink:href="#sSpan1693" value="[...]"/>
		<feat xlink:href="#sSpan1697" value="ⲣ̣ⲉ̣ⲱ̣"/>
		<feat xlink:href="#sSpan1704" value="[......]"/>
		<feat xlink:href="#sSpan1708" value="ⲙ"/>
		<feat xlink:href="#sSpan1713" value="[.....]"/>
		<feat xlink:href="#sSpan1717" value="ⲛⲕ"/>
		<feat xlink:href="#sSpan1722" value="[....]"/>
		<feat xlink:href="#sSpan1726" value="ⲛⲧ"/>
		<feat xlink:href="#sSpan1733" value="ⲁ"/>
		<feat xlink:href="#sSpan1735" value="ϥ"/>
		<feat xlink:href="#sSpan1737" value="ⲁⲁ"/>
		<feat xlink:href="#sSpan1739" value="[ⲩ"/>
		<feat xlink:href="#sSpan1742" value="ϩⲙ]"/>
		<feat xlink:href="#sSpan1746" value="ⲡ"/>
		<feat xlink:href="#sSpan1750" value="ⲣⲁⲛ"/>
		<feat xlink:href="#sSpan1752" value="ⲙ"/>
		<feat xlink:href="#sSpan1756" value="ⲡⲉ"/>
		<feat xlink:href="#sSpan1758" value="ϫⲟⲥⲉ"/>
		<feat xlink:href="#sSpan1761" value="[·]"/>
		<feat xlink:href="#sSpan1766" value="ⲁⲩⲱ"/>
		<feat xlink:href="#sSpan1774" value="ⲡⲉϫⲁ"/>
		<feat xlink:href="#sSpan1778" value="ⲩ"/>
		<feat xlink:href="#sSpan1780" value="ⲛϭⲉⲓ̈"/>
		<feat xlink:href="#sSpan1784" value="ⲛ"/>
		<feat xlink:href="#sSpan1788" value="ⲣⲱⲙⲉ"/>
		<feat xlink:href="#sSpan1790" value="ⲉⲧ"/>
		<feat xlink:href="#sSpan1794" value="ⲥϩⲟⲩⲟⲣⲧ"/>
		<feat xlink:href="#sSpan1797" value="ϫⲉ"/>
		<feat xlink:href="#sSpan1801" value="ⲙ"/>
		<feat xlink:href="#sSpan1803" value="ⲡ"/>
		<feat xlink:href="#sSpan1806" value="ⲛⲟⲩⲧⲉ"/>
		<feat xlink:href="#sSpan1809" value="ⲁⲛ"/>
		<feat xlink:href="#sSpan1813" value="ⲡⲉ"/>
		<feat xlink:href="#sSpan1817" value="·"/>
		<feat xlink:href="#sSpan1823" value="ⲟⲩⲕ"/>
		<feat xlink:href="#sSpan1830" value="ⲟⲩⲛ"/>
		<feat xlink:href="#sSpan1834" value="ⲉϫⲛ"/>
		<feat xlink:href="#sSpan1838" value="ⲛⲁⲓ̈"/>
		<feat xlink:href="#sSpan1841" value="ⲙⲁⲣⲉ"/>
		<feat xlink:href="#sSpan1846" value="ⲛ"/>
		<feat xlink:href="#sSpan1848" value="ϫⲛ̄ⲉ"/>
		<feat xlink:href="#sSpan1850" value="ⲛ"/>
		<feat xlink:href="#sSpan1853" value="ⲁⲡⲉⲓⲥⲧⲟⲥ"/>
		<feat xlink:href="#sSpan1857" value="·"/>
		<feat xlink:href="#sSpan1861" value="ⲉⲣⲉ"/>
		<feat xlink:href="#sSpan1865" value="ⲡ"/>
		<feat xlink:href="#sSpan1869" value="ⲥⲁϩⲟⲩ"/>
		<feat xlink:href="#sSpan1871" value="ⲙ"/>
		<feat xlink:href="#sSpan1875" value="ⲡ"/>
		<feat xlink:href="#sSpan1878" value="ⲛⲟⲩⲧⲉ"/>
		<feat xlink:href="#sSpan1881" value="ϩⲛ"/>
		<feat xlink:href="#sSpan1885" value="ⲛⲉⲩ"/>
		<feat xlink:href="#sSpan1888" value="ⲏⲓ̈"/>
		<feat xlink:href="#sSpan1890" value="·"/>
		<feat xlink:href="#sSpan1894" value="ⲁⲩⲱ"/>
		<feat xlink:href="#sSpan1899" value="ⲛⲛⲁϩⲣⲛ"/>
		<feat xlink:href="#sSpan1903" value="ⲙ"/>
		<feat xlink:href="#sSpan1908" value="ⲡⲉⲓ̈ⲥⲧⲟⲥ"/>
		<feat xlink:href="#sSpan1910" value="ⲁⲛ"/>
		<feat xlink:href="#sSpan1914" value="ⲉⲧⲉⲣⲉ"/>
		<feat xlink:href="#sSpan1919" value="ⲡⲉ"/>
		<feat xlink:href="#sSpan1922" value="ⲥⲙⲟⲩ"/>
		<feat xlink:href="#sSpan1924" value="ⲙ"/>
		<feat xlink:href="#sSpan1929" value="ⲡ"/>
		<feat xlink:href="#sSpan1932" value="ϫⲟⲉⲓ̈ⲥ"/>
		<feat xlink:href="#sSpan1934" value="ϩⲉⲓ̈ϫⲛ"/>
		<feat xlink:href="#sSpan1938" value="ⲧⲉⲩ"/>
		<feat xlink:href="#sSpan1942" value="ⲁⲡⲉ"/>
		<feat xlink:href="#sSpan1944" value="·"/>
		<feat xlink:href="#sSpan1949" value="ϫⲉ"/>
		<feat xlink:href="#sSpan1956" value="ⲙⲁ"/>
		<feat xlink:href="#sSpan1958" value="ⲧⲁⲙⲟ"/>
		<feat xlink:href="#sSpan1960" value="ⲛ"/>
		<feat xlink:href="#sSpan1962" value="ⲛ̄ⲧⲟⲟⲩⲛ"/>
		<feat xlink:href="#sSpan1967" value="ϫⲉ"/>
		<feat xlink:href="#sSpan1971" value="ⲛⲓ̈ⲙ"/>
		<feat xlink:href="#sSpan1973" value="ⲡⲉ"/>
		<feat xlink:href="#sSpan1978" value="ⲡⲉⲧⲛ"/>
		<feat xlink:href="#sSpan1983" value="ⲛⲟⲩⲧⲉ"/>
		<feat xlink:href="#sSpan1987" value="ⲱ̣"/>
		<feat xlink:href="#sSpan1994" value="ⲛ"/>
		<feat xlink:href="#sSpan1999" value="ⲣⲱⲙⲉ"/>
		<feat xlink:href="#sSpan2001" value="ⲛ"/>
		<feat xlink:href="#sSpan2005" value="ⲧⲁ"/>
		<feat xlink:href="#sSpan2007" value="ⲩ"/>
		<feat xlink:href="#sSpan2009" value="[....]"/>
		<feat xlink:href="#sSpan2015" value="."/>
		<feat xlink:href="#sSpan2020" value="ϩⲟⲩ"/>
		<feat xlink:href="#sSpan2026" value="ϩⲉⲓ̈[......]."/>
		<feat xlink:href="#sSpan2033" value="ⲟⲩ"/>
		<feat xlink:href="#sSpan2037" value="[..........]·"/>
		<feat xlink:href="#sSpan2043" value="[ⲉϣϫⲉ"/>
		<feat xlink:href="#sSpan2051" value="ⲧⲉ]ⲧ̣ⲛ"/>
		<feat xlink:href="#sSpan2055" value="ϫⲱ"/>
		<feat xlink:href="#sSpan2058" value="[ⲙ]ⲙ̣[ⲟ]"/>
		<feat xlink:href="#sSpan2064" value="ⲥ"/>
		<feat xlink:href="#sSpan2066" value="ϫⲉ"/>
		<feat xlink:href="#sSpan2070" value="ⲛ"/>
		<feat xlink:href="#sSpan2073" value="ⲉⲧ"/>
		<feat xlink:href="#sSpan2075" value="ϩⲁ"/>
		<feat xlink:href="#sSpan2078" value="ⲧ"/>
		<feat xlink:href="#sSpan2081" value="ⲡⲉ"/>
		<feat xlink:href="#sSpan2083" value="{ⲛⲉ}ⲛⲉ"/>
		<feat xlink:href="#sSpan2088" value="ⲛⲉⲧⲛ"/>
		<feat xlink:href="#sSpan2094" value="ⲛⲟⲩⲧⲉ"/>
		<feat xlink:href="#sSpan2096" value="·"/>
		<feat xlink:href="#sSpan2100" value="ⲧⲉⲧⲛ"/>
		<feat xlink:href="#sSpan2105" value="ⲥϩⲟⲩⲟⲣⲧ"/>
		<feat xlink:href="#sSpan2107" value="·"/>
		<feat xlink:href="#sSpan2111" value="ϫⲉ"/>
		<feat xlink:href="#sSpan2115" value="ⲛⲧ"/>
		<feat xlink:href="#sSpan2118" value="ⲁ"/>
		<feat xlink:href="#sSpan2120" value="ⲡⲉⲛ"/>
		<feat xlink:href="#sSpan2123" value="ϫⲟⲉⲓ̈ⲥ"/>
		<feat xlink:href="#sSpan2125" value="ⲁⲩⲱ"/>
		<feat xlink:href="#sSpan2130" value="ⲡⲉⲛ"/>
		<feat xlink:href="#sSpan2135" value="ⲛⲟⲩⲧⲉ"/>
		<feat xlink:href="#sSpan2138" value="ⲁⲛⲟⲛ"/>
		<feat xlink:href="#sSpan2142" value="ⲛⲉ"/>
		<feat xlink:href="#sSpan2148" value="ⲭⲣⲓ̈ⲥⲧⲉⲓ̈ⲁⲛⲟⲥ"/>
		<feat xlink:href="#sSpan2151" value="·"/>
		<feat xlink:href="#sSpan2155" value="ⲧⲁⲙⲉⲓ̈ⲟ"/>
		<feat xlink:href="#sSpan2160" value="ⲟⲩ"/>
		<feat xlink:href="#sSpan2162" value="ϫⲉⲓ̈ⲛ"/>
		<feat xlink:href="#sSpan2166" value="ⲉϣⲟⲣⲡ"/>
		<feat xlink:href="#sSpan2170" value="ⲉ"/>
		<feat xlink:href="#sSpan2174" value="ⲧⲣⲉ"/>
		<feat xlink:href="#sSpan2176" value="ⲩ"/>
		<feat xlink:href="#sSpan2179" value="ⲣⲟⲩⲟⲉⲓⲛ"/>
		<feat xlink:href="#sSpan2184" value="ⲉϩⲣⲁⲓ̈"/>
		<feat xlink:href="#sSpan2188" value="ⲉϫⲙ"/>
		<feat xlink:href="#sSpan2193" value="ⲡ"/>
		<feat xlink:href="#sSpan2196" value="ⲕⲁϩ"/>
		<feat xlink:href="#sSpan2198" value="·"/>
		<feat xlink:href="#sSpan2203" value="ⲁⲩⲱ"/>
		<feat xlink:href="#sSpan2210" value="ⲉϣϫⲉ"/>
		<feat xlink:href="#sSpan2214" value="ⲧⲉⲧⲛ"/>
		<feat xlink:href="#sSpan2216" value="ϫⲱ"/>
		<feat xlink:href="#sSpan2219" value="ⲙⲙⲟ"/>
		<feat xlink:href="#sSpan2223" value="ⲥ"/>
		<feat xlink:href="#sSpan2225" value="ⲉ"/>
		<feat xlink:href="#sSpan2230" value="ⲡ"/>
		<feat xlink:href="#sSpan2233" value="ⲙⲁⲍⲉ"/>
		<feat xlink:href="#sSpan2236" value="ⲁⲩⲱ"/>
		<feat xlink:href="#sSpan2240" value="ⲧ"/>
		<feat xlink:href="#sSpan2245" value="ⲉϩⲉ"/>
		<feat xlink:href="#sSpan2247" value="ⲙⲛ̄"/>
		<feat xlink:href="#sSpan2252" value="ⲛ"/>
		<feat xlink:href="#sSpan2255" value="ⲕⲉ"/>
		<feat xlink:href="#sSpan2257" value="ⲧⲃⲛⲟⲟⲩⲉ"/>
		<feat xlink:href="#sSpan2260" value="ⲧⲏⲣ"/>
		<feat xlink:href="#sSpan2264" value="ⲟⲩ"/>
		<feat xlink:href="#sSpan2266" value="ϫⲉ"/>
		<feat xlink:href="#sSpan2270" value="ⲛⲉⲧⲛ"/>
		<feat xlink:href="#sSpan2274" value="ⲛⲟⲩⲧⲉ"/>
		<feat xlink:href="#sSpan2276" value="ⲛⲉ"/>
		<feat xlink:href="#sSpan2281" value="·"/>
		<feat xlink:href="#sSpan2285" value="ⲧ︤ⲉ︥ⲧ︤ⲛ︥"/>
		<feat xlink:href="#sSpan2289" value="ⲥϩⲟⲩⲟⲣⲧ"/>
		<feat xlink:href="#sSpan2293" value="ϫⲉ"/>
		<feat xlink:href="#sSpan2297" value="ⲛ̄ⲧ"/>
		<feat xlink:href="#sSpan2299" value="ⲁ"/>
		<feat xlink:href="#sSpan2301" value="ⲡ"/>
		<feat xlink:href="#sSpan2304" value="ϫⲟⲉⲓ̈ⲥ"/>
		<feat xlink:href="#sSpan2308" value="ⲙ"/>
		<feat xlink:href="#sSpan2312" value="ⲡ"/>
		<feat xlink:href="#sSpan2315" value="ⲉⲟⲟⲩ"/>
		<feat xlink:href="#sSpan2317" value="ⲡ"/>
		<feat xlink:href="#sSpan2321" value="ⲉⲓ̈ⲱⲧ"/>
		<feat xlink:href="#sSpan2323" value="ⲙ"/>
		<feat xlink:href="#sSpan2328" value="ⲡⲉⲛ"/>
		<feat xlink:href="#sSpan2331" value="ϫⲟⲉⲓ̈ⲥ"/>
		<feat xlink:href="#sSpan2334" value="ⲓ︤ⲥ︥"/>
		<feat xlink:href="#sSpan2338" value="ⲡⲉ"/>
		<feat xlink:href="#sSpan2344" value="ⲭ︤ⲥ︥"/>
		<feat xlink:href="#sSpan2346" value="ⲕⲁⲁ"/>
		<feat xlink:href="#sSpan2352" value="ⲩ"/>
		<feat xlink:href="#sSpan2354" value="ⲉⲧⲃⲉ"/>
		<feat xlink:href="#sSpan2359" value="ⲥⲉⲕⲛⲁϩⲃ"/>
		<feat xlink:href="#sSpan2364" value="·"/>
		<feat xlink:href="#sSpan2368" value="ⲁⲩⲱ"/>
		<feat xlink:href="#sSpan2372" value="ⲉ"/>
		<feat xlink:href="#sSpan2378" value="ϥⲓⲉⲧⲡⲱ"/>
		<feat xlink:href="#sSpan2381" value="·"/>
		<feat xlink:href="#sSpan2385" value="ⲁⲩⲱ"/>
		<feat xlink:href="#sSpan2389" value="ⲉ"/>
		<feat xlink:href="#sSpan2394" value="ⲟⲩⲟⲙ"/>
		<feat xlink:href="#sSpan2396" value="ⲟⲩ"/>
		<feat xlink:href="#sSpan2398" value="·"/>
		<feat xlink:href="#sSpan2402" value="ⲁⲩⲱ"/>
		<feat xlink:href="#sSpan2406" value="ⲉ"/>
		<feat xlink:href="#sSpan2411" value="ⲥⲉ"/>
		<feat xlink:href="#sSpan2413" value="ⲡⲉⲩ"/>
		<feat xlink:href="#sSpan2416" value="ⲉⲣⲱⲧⲉ"/>
		<feat xlink:href="#sSpan2418" value="·"/>
		<feat xlink:href="#sSpan2422" value="ⲁⲩⲱ"/>
		<feat xlink:href="#sSpan2427" value="ⲉ"/>
		<feat xlink:href="#sSpan2431" value="ϯ"/>
		<feat xlink:href="#sSpan2433" value="ϩⲉⲓ̈ⲱⲱ"/>
		<feat xlink:href="#sSpan2435" value="ⲛ"/>
		<feat xlink:href="#sSpan2437" value="ⲙ"/>
		<feat xlink:href="#sSpan2442" value="ⲡⲉⲩ"/>
		<feat xlink:href="#sSpan2445" value="ⲥⲟⲣⲧ"/>
		<feat xlink:href="#sSpan2447" value="·"/>
		<feat xlink:href="#sSpan2452" value="ⲉϣϫⲉ"/>
		<feat xlink:href="#sSpan2459" value="ⲧⲉⲧⲛ"/>
		<feat xlink:href="#sSpan2461" value="ϫⲱ"/>
		<feat xlink:href="#sSpan2463" value="ⲙⲙⲟ"/>
		<feat xlink:href="#sSpan2468" value="ⲥ"/>
		<feat xlink:href="#sSpan2470" value="·"/>
		<feat xlink:href="#sSpan2474" value="ϫⲉ"/>
		<feat xlink:href="#sSpan2478" value="ⲛⲉ"/>
		<feat xlink:href="#sSpan2482" value="ⲑⲩⲣⲓ̈ⲟⲛ"/>
		<feat xlink:href="#sSpan2485" value="ⲛⲉ"/>
		<feat xlink:href="#sSpan2489" value="ⲛⲉⲧⲛ"/>
		<feat xlink:href="#sSpan2494" value="ⲛⲟⲩⲧⲉ"/>
		<feat xlink:href="#sSpan2497" value="·"/>
		<feat xlink:href="#sSpan2501" value="ⲧⲉⲧⲛ"/>
		<feat xlink:href="#sSpan2505" value="ⲥϩⲟⲩⲟⲣⲧ"/>
		<feat xlink:href="#sSpan2508" value="ⲉ"/>
		<feat xlink:href="#sSpan2512" value="ⲡⲉ"/>
		<feat xlink:href="#sSpan2514" value="ϩⲟⲩⲟ"/>
		<feat xlink:href="#sSpan2516" value="·"/>
		<feat xlink:href="#sSpan2520" value="ϫⲉ"/>
		<feat xlink:href="#sSpan2525" value="ⲛⲧ"/>
		<feat xlink:href="#sSpan2527" value="ⲁ"/>
		<feat xlink:href="#sSpan2529" value="ⲡ"/>
		<feat xlink:href="#sSpan2532" value="ϫⲟⲉⲓ̈ⲥ"/>
		<feat xlink:href="#sSpan2534" value="ⲡ"/>
		<feat xlink:href="#sSpan2539" value="ⲛⲟⲩⲧⲉ"/>
		<feat xlink:href="#sSpan2541" value="ϫⲟⲟ"/>
		<feat xlink:href="#sSpan2545" value="ⲥ"/>
		<feat xlink:href="#sSpan2547" value="ⲉ"/>
		<feat xlink:href="#sSpan2552" value="ⲧⲣⲉ"/>
		<feat xlink:href="#sSpan2554" value="ⲩ"/>
		<feat xlink:href="#sSpan2556" value="ϣⲱⲡⲉ"/>
		<feat xlink:href="#sSpan2558" value="ⲧⲏⲣ"/>
		<feat xlink:href="#sSpan2563" value="ⲟⲩ"/>
		<feat xlink:href="#sSpan2565" value="·"/>
		<feat xlink:href="#sSpan2570" value="ⲉϣϫⲉ"/>
		<feat xlink:href="#sSpan2577" value="ⲡⲉ"/>
		<feat xlink:href="#sSpan2580" value="ϩⲟⲩⲟⲟⲣ"/>
		<feat xlink:href="#sSpan2583" value="ⲇⲉ"/>
		<feat xlink:href="#sSpan2588" value="ⲟⲛ"/>
		<feat xlink:href="#sSpan2592" value="ⲡⲉ"/>
		<feat xlink:href="#sSpan2596" value="ⲡⲉⲧⲛ"/>
		<feat xlink:href="#sSpan2601" value="ⲛⲟⲩⲧⲉ"/>
		<feat xlink:href="#sSpan2604" value="·"/>
		<feat xlink:href="#sSpan2608" value="ⲁⲩⲱ"/>
		<feat xlink:href="#sSpan2612" value="ⲧ"/>
		<feat xlink:href="#sSpan2618" value="ⲉⲙⲟⲩ"/>
		<feat xlink:href="#sSpan2620" value="·"/>
		<feat xlink:href="#sSpan2624" value="ⲧⲉⲧⲛ"/>
		<feat xlink:href="#sSpan2629" value="ⲣϩⲟⲩⲉⲥϩⲟⲩⲉ"/>
		<feat xlink:href="#sSpan2635" value="ⲥϩⲟⲩⲟⲣⲧ"/>
		<feat xlink:href="#sSpan2638" value="·"/>
		<feat xlink:href="#sSpan2642" value="ϫⲉ"/>
		<feat xlink:href="#sSpan2646" value="ⲡ"/>
		<feat xlink:href="#sSpan2649" value="ϫⲟⲉⲓ̈ⲥ"/>
		<feat xlink:href="#sSpan2651" value="ⲡ"/>
		<feat xlink:href="#sSpan2656" value="ⲛⲟⲩⲧⲉ"/>
		<feat xlink:href="#sSpan2658" value="ϫⲱ"/>
		<feat xlink:href="#sSpan2662" value="ⲙⲙⲟ"/>
		<feat xlink:href="#sSpan2670" value="ⲥ"/>
		<feat xlink:href="#sSpan2672" value="·"/>
		<feat xlink:href="#sSpan2676" value="ϫⲉ"/>
		<feat xlink:href="#sSpan2680" value="ⲁⲛⲟⲕ"/>
		<feat xlink:href="#sSpan2682" value="ⲡⲉ"/>
		<feat xlink:href="#sSpan2686" value="·"/>
		<feat xlink:href="#sSpan2690" value="ⲁⲛⲟⲕ"/>
		<feat xlink:href="#sSpan2695" value="ⲡⲉ"/>
		<feat xlink:href="#sSpan2699" value="·"/>
		<feat xlink:href="#sSpan2703" value="ⲁⲩⲱ"/>
		<feat xlink:href="#sSpan2707" value="ⲙⲙⲛ"/>
		<feat xlink:href="#sSpan2712" value="ⲕⲉ"/>
		<feat xlink:href="#sSpan2715" value="ⲟⲩⲁ"/>
		<feat xlink:href="#sSpan2717" value="ⲛⲃⲗⲗⲁ"/>
		<feat xlink:href="#sSpan2722" value="ⲓ̈"/>
		<feat xlink:href="#sSpan2724" value="·"/>
		<feat xlink:href="#sSpan2728" value="ⲛⲧ"/>
		<feat xlink:href="#sSpan2734" value="ⲁ"/>
		<feat xlink:href="#sSpan2736" value="ϥ"/>
		<feat xlink:href="#sSpan2738" value="ⲕⲁⲁ"/>
		<feat xlink:href="#sSpan2741" value="ⲩ"/>
		<feat xlink:href="#sSpan2743" value="ⲉⲧⲃⲉ"/>
		<feat xlink:href="#sSpan2747" value="ⲡⲉⲩ"/>
		<feat xlink:href="#sSpan2750" value="ϩⲱⲃ"/>
		<feat xlink:href="#sSpan2752" value="·"/>
		<feat xlink:href="#sSpan2756" value="ⲡⲁⲓ̈"/>
		<feat xlink:href="#sSpan2763" value="ⲙⲉⲛ"/>
		<feat xlink:href="#sSpan2767" value="ⲉⲧⲃⲉ"/>
		<feat xlink:href="#sSpan2771" value="ⲣⲟⲉⲓ̈ⲥ"/>
		<feat xlink:href="#sSpan2775" value="·"/>
		<feat xlink:href="#sSpan2779" value="ⲧⲉⲓ̈"/>
		<feat xlink:href="#sSpan2784" value="ⲕⲉ"/>
		<feat xlink:href="#sSpan2786" value="ⲉⲧⲃⲉ"/>
		<feat xlink:href="#sSpan2790" value="ⲟⲩⲱϭⲡ"/>
		<feat xlink:href="#sSpan2794" value="ⲛ"/>
		<feat xlink:href="#sSpan2798" value="ϩⲉⲛ"/>
		<feat xlink:href="#sSpan2801" value="ⲡⲉⲓ̈ⲛ"/>
		<feat xlink:href="#sSpan2804" value="·"/>
		<feat xlink:href="#sSpan2809" value="ⲁⲩⲱ"/>
		<feat xlink:href="#sSpan2816" value="ⲉϣϫⲉ"/>
		<feat xlink:href="#sSpan2820" value="ⲛ̄"/>
		<feat xlink:href="#sSpan2823" value="ϣⲉ"/>
		<feat xlink:href="#sSpan2826" value="·"/>
		<feat xlink:href="#sSpan2830" value="ⲙⲛ"/>
		<feat xlink:href="#sSpan2835" value="ⲛ"/>
		<feat xlink:href="#sSpan2838" value="ⲱⲛⲉ"/>
		<feat xlink:href="#sSpan2840" value="·"/>
		<feat xlink:href="#sSpan2844" value="ⲙⲛ"/>
		<feat xlink:href="#sSpan2849" value="ⲛ"/>
		<feat xlink:href="#sSpan2852" value="ⲛⲟⲩϥ"/>
		<feat xlink:href="#sSpan2854" value="·"/>
		<feat xlink:href="#sSpan2858" value="ⲙⲛ"/>
		<feat xlink:href="#sSpan2863" value="ⲛ"/>
		<feat xlink:href="#sSpan2866" value="ϩⲁⲧ"/>
		<feat xlink:href="#sSpan2868" value="·"/>
		<feat xlink:href="#sSpan2872" value="ⲙⲛ"/>
		<feat xlink:href="#sSpan2877" value="ⲛ"/>
		<feat xlink:href="#sSpan2880" value="ϩⲟⲙⲛⲧ"/>
		<feat xlink:href="#sSpan2882" value="·"/>
		<feat xlink:href="#sSpan2886" value="ⲙⲛ"/>
		<feat xlink:href="#sSpan2891" value="ⲙ"/>
		<feat xlink:href="#sSpan2894" value="ⲡⲉⲛⲉⲓ̈ⲡⲉ"/>
		<feat xlink:href="#sSpan2896" value="·"/>
		<feat xlink:href="#sSpan2900" value="ⲙⲛ"/>
		<feat xlink:href="#sSpan2905" value="ⲛ"/>
		<feat xlink:href="#sSpan2908" value="ⲕⲟⲟⲩⲉ"/>
		<feat xlink:href="#sSpan2910" value="ⲧⲏⲣ"/>
		<feat xlink:href="#sSpan2915" value="ⲟⲩ"/>
		<feat xlink:href="#sSpan2917" value="ⲉⲧ"/>
		<feat xlink:href="#sSpan2921" value="ⲉⲧ︤ⲛ︥"/>
		<feat xlink:href="#sSpan2923" value="ⲟⲩⲱϣⲧ"/>
		<feat xlink:href="#sSpan2926" value="ⲛⲁ"/>
		<feat xlink:href="#sSpan2930" value="ⲩ"/>
		<feat xlink:href="#sSpan2932" value="ⲛⲉ"/>
		<feat xlink:href="#sSpan2936" value="ⲛⲉⲧⲛ"/>
		<feat xlink:href="#sSpan2942" value="ⲛⲟⲩⲧⲉ"/>
		<feat xlink:href="#sSpan2944" value="·"/>
		<feat xlink:href="#sSpan2949" value="ⲧⲉⲧⲛ"/>
		<feat xlink:href="#sSpan2956" value="ⲉⲣϩⲟⲩⲉ"/>
		<feat xlink:href="#sSpan2959" value="ⲥϩⲟⲩⲟⲣⲧ"/>
		<feat xlink:href="#sSpan2962" value="ⲟⲛ"/>
		<feat xlink:href="#sSpan2966" value="ϫⲉ"/>
		<feat xlink:href="#sSpan2970" value="ⲛⲧ"/>
		<feat xlink:href="#sSpan2972" value="ⲁ"/>
		<feat xlink:href="#sSpan2974" value="ⲡ"/>
		<feat xlink:href="#sSpan2979" value="ⲇⲉⲓ̈ⲟⲓ̈ⲕⲏⲧⲏⲥ"/>
		<feat xlink:href="#sSpan2981" value="ⲙ"/>
		<feat xlink:href="#sSpan2986" value="ⲡ"/>
		<feat xlink:href="#sSpan2990" value="ⲕⲟⲥⲙⲟⲥ"/>
		<feat xlink:href="#sSpan2992" value="ⲧⲏⲣ"/>
		<feat xlink:href="#sSpan2997" value="ϥ"/>
		<feat xlink:href="#sSpan2999" value="ⲕⲁⲁ"/>
		<feat xlink:href="#sSpan3003" value="ⲩ"/>
		<feat xlink:href="#sSpan3005" value="ⲉⲛ"/>
		<feat xlink:href="#sSpan3009" value="ⲉⲛ"/>
		<feat xlink:href="#sSpan3012" value="ⲣⲱⲙⲉ"/>
		<feat xlink:href="#sSpan3016" value="·"/>
		<feat xlink:href="#sSpan3020" value="ⲉ"/>
		<feat xlink:href="#sSpan3024" value="ϥ"/>
		<feat xlink:href="#sSpan3026" value="ⲥⲟⲟⲩⲛ"/>
		<feat xlink:href="#sSpan3028" value="ϫⲉ"/>
		<feat xlink:href="#sSpan3033" value="ⲥⲉ"/>
		<feat xlink:href="#sSpan3035" value="ⲛⲁ"/>
		<feat xlink:href="#sSpan3037" value="ϫⲉⲓⲧ"/>
		<feat xlink:href="#sSpan3039" value="ⲟⲩ"/>
		<feat xlink:href="#sSpan3041" value="ⲉⲣⲟ"/>
		<feat xlink:href="#sSpan3047" value="ⲟⲩ"/>
		<feat xlink:href="#sSpan3050" value="."/>
		<feat xlink:href="#sSpan3054" value="[...]"/>
		<feat xlink:href="#sSpan3060" value="ϩⲙ[....]"/>
		<feat xlink:href="#sSpan3065" value="[....]"/>
		<feat xlink:href="#sSpan3068" value="ⲙⲡⲉⲣ"/>
		<feat xlink:href="#sSpan3076" value="[....]"/>
		<feat xlink:href="#sSpan3078" value="ⲧⲉ"/>
		<feat xlink:href="#sSpan3083" value="ⲉ"/>
		<feat xlink:href="#sSpan3087" value="ϫⲟⲟ"/>
		<feat xlink:href="#sSpan3089" value="ⲥ"/>
		<feat xlink:href="#sSpan3091" value="ϫ̣[ⲉ"/>
		<feat xlink:href="#sSpan3096" value="ⲥⲉ]"/>
		<feat xlink:href="#sSpan3098" value="ⲥϩⲟⲩⲟⲣⲧ"/>
		<feat xlink:href="#sSpan3101" value="ⲛϭⲉⲓ̈"/>
		<feat xlink:href="#sSpan3105" value="ⲛⲉⲓ̈"/>
		<feat xlink:href="#sSpan3110" value="ⲁⲧⲛⲟⲩⲧⲉ"/>
		<feat xlink:href="#sSpan3113" value="ⲉ"/>
		<feat xlink:href="#sSpan3118" value="ϥ"/>
		<feat xlink:href="#sSpan3120" value="ⲥⲱⲧⲙ"/>
		<feat xlink:href="#sSpan3122" value="ⲉ"/>
		<feat xlink:href="#sSpan3126" value="ϩⲉⲛ"/>
		<feat xlink:href="#sSpan3129" value="ϣⲁϫⲉ"/>
		<feat xlink:href="#sSpan3132" value="ⲉ"/>
		<feat xlink:href="#sSpan3137" value="ⲁ"/>
		<feat xlink:href="#sSpan3139" value="ϩⲉⲛ"/>
		<feat xlink:href="#sSpan3142" value="ⲉⲓⲟⲧⲉ"/>
		<feat xlink:href="#sSpan3145" value="ⲉⲛ"/>
		<feat xlink:href="#sSpan3150" value="ⲁⲅⲁⲑⲟⲥ"/>
		<feat xlink:href="#sSpan3152" value="ϫⲟⲟ"/>
		<feat xlink:href="#sSpan3157" value="ⲩ"/>
		<feat xlink:href="#sSpan3159" value="·"/>
		<feat xlink:href="#sSpan3163" value="ϫⲉ"/>
		<feat xlink:href="#sSpan3167" value="ⲛⲛⲉ"/>
		<feat xlink:href="#sSpan3169" value="ⲕ"/>
		<feat xlink:href="#sSpan3171" value="ⲥϩⲟⲩⲉⲣ"/>
		<feat xlink:href="#sSpan3176" value="ⲗⲁⲁⲩ"/>
		<feat xlink:href="#sSpan3179" value="ⲛ"/>
		<feat xlink:href="#sSpan3183" value="ⲣⲱⲙⲉ"/>
		<feat xlink:href="#sSpan3185" value="·"/>
		<feat xlink:href="#sSpan3191" value="ⲟⲩⲇⲉ"/>
		<feat xlink:href="#sSpan3198" value="ⲣⲱ"/>
		<feat xlink:href="#sSpan3202" value="ⲛ"/>
		<feat xlink:href="#sSpan3206" value="ϩⲉⲛ"/>
		<feat xlink:href="#sSpan3209" value="ⲣⲱⲙⲉ"/>
		<feat xlink:href="#sSpan3212" value="ⲁⲛ"/>
		<feat xlink:href="#sSpan3216" value="ⲛⲉ"/>
		<feat xlink:href="#sSpan3220" value="·"/>
		<feat xlink:href="#sSpan3225" value="ⲉϣϫⲉ"/>
		<feat xlink:href="#sSpan3232" value="ϩⲉⲛ"/>
		<feat xlink:href="#sSpan3235" value="ⲣⲱⲙⲉ"/>
		<feat xlink:href="#sSpan3238" value="ⲇⲉ"/>
		<feat xlink:href="#sSpan3243" value="ⲟⲛ"/>
		<feat xlink:href="#sSpan3247" value="ⲛⲉ"/>
		<feat xlink:href="#sSpan3251" value="·"/>
		<feat xlink:href="#sSpan3255" value="ϩⲉⲛ"/>
		<feat xlink:href="#sSpan3260" value="ⲣⲱⲙⲉ"/>
		<feat xlink:href="#sSpan3263" value="ⲛⲉ"/>
		<feat xlink:href="#sSpan3267" value="ⲛ"/>
		<feat xlink:href="#sSpan3273" value="ϣⲟⲩⲥϩⲟⲩⲱⲣ"/>
		<feat xlink:href="#sSpan3277" value="ⲟⲩ"/>
		<feat xlink:href="#sSpan3279" value="·"/>
		<feat xlink:href="#sSpan3283" value="ⲉⲃⲟⲗ"/>
		<feat xlink:href="#sSpan3287" value="ϩⲉⲓ̈ⲧⲛ̄"/>
		<feat xlink:href="#sSpan3292" value="ⲛ"/>
		<feat xlink:href="#sSpan3294" value="ⲉⲧ"/>
		<feat xlink:href="#sSpan3296" value="ϫⲱ"/>
		<feat xlink:href="#sSpan3298" value="ⲙⲙⲟ"/>
		<feat xlink:href="#sSpan3303" value="ⲥ"/>
		<feat xlink:href="#sSpan3305" value="·"/>
		<feat xlink:href="#sSpan3309" value="ϫⲉ"/>
		<feat xlink:href="#sSpan3313" value="ⲁⲛⲟⲛ"/>
		<feat xlink:href="#sSpan3315" value="ϩⲉⲛ"/>
		<feat xlink:href="#sSpan3319" value="ⲭⲣⲓⲥⲧⲓ̈ⲁⲛⲟⲥ"/>
		<feat xlink:href="#sSpan3322" value="·"/>
		<feat xlink:href="#sSpan3326" value="ϫⲉ"/>
		<feat xlink:href="#sSpan3330" value="ⲁ"/>
		<feat xlink:href="#sSpan3332" value="ⲩ"/>
		<feat xlink:href="#sSpan3334" value="ϩⲟⲟⲩϣ"/>
		<feat xlink:href="#sSpan3336" value="ⲉ"/>
		<feat xlink:href="#sSpan3341" value="ⲡ"/>
		<feat xlink:href="#sSpan3344" value="ⲉⲛⲧ"/>
		<feat xlink:href="#sSpan3346" value="ⲁ"/>
		<feat xlink:href="#sSpan3348" value="ϥ"/>
		<feat xlink:href="#sSpan3350" value="ⲧⲁⲙⲓ̈ⲟ"/>
		<feat xlink:href="#sSpan3356" value="ⲟⲩ"/>
		<feat xlink:href="#sSpan3358" value="·"/>
		<feat xlink:href="#sSpan3362" value="ⲁⲩⲱ"/>
		<feat xlink:href="#sSpan3366" value="ⲁ"/>
		<feat xlink:href="#sSpan3370" value="ⲩ"/>
		<feat xlink:href="#sSpan3373" value="ϫⲉⲓ̈ⲟⲩⲁ"/>
		<feat xlink:href="#sSpan3377" value="ⲉ"/>
		<feat xlink:href="#sSpan3381" value="ⲡ"/>
		<feat xlink:href="#sSpan3384" value="ⲉⲧ"/>
		<feat xlink:href="#sSpan3386" value="ⲥⲁ[...]"/>
		<feat xlink:href="#sSpan3389" value="ⲙ̣ⲙⲟ"/>
		<feat xlink:href="#sSpan3393" value="ⲟⲩ"/>
		<feat xlink:href="#sSpan3395" value="·"/>
		<feat xlink:href="#sSpan3400" value="[ⲉϣϫⲉ"/>
		<feat xlink:href="#sSpan3408" value="ⲉ"/>
		<feat xlink:href="#sSpan3410" value="ϣ]ϣⲉ"/>
		<feat xlink:href="#sSpan3412" value="ⲉ"/>
		<feat xlink:href="#sSpan3416" value="[ⲥⲁϩⲟⲩ"/>
		<feat xlink:href="#sSpan3420" value="ⲙ"/>
		<feat xlink:href="#sSpan3424" value="ⲡ]"/>
		<feat xlink:href="#sSpan3427" value="ϩ̣ⲟϥ"/>
		<feat xlink:href="#sSpan3429" value="·"/>
		<feat xlink:href="#sSpan3434" value="[ⲉ]"/>
		<feat xlink:href="#sSpan3439" value="ϣϣⲉ"/>
		<feat xlink:href="#sSpan3441" value="ⲟⲛ"/>
		<feat xlink:href="#sSpan3445" value="ⲛ"/>
		<feat xlink:href="#sSpan3449" value="ϩⲟⲩⲟ"/>
		<feat xlink:href="#sSpan3451" value="ⲉ"/>
		<feat xlink:href="#sSpan3456" value="ⲥϩⲟⲩⲉⲣ"/>
		<feat xlink:href="#sSpan3458" value="ⲛ"/>
		<feat xlink:href="#sSpan3461" value="ϣⲏⲣⲉ"/>
		<feat xlink:href="#sSpan3464" value="ⲙ"/>
		<feat xlink:href="#sSpan3468" value="ⲡ"/>
		<feat xlink:href="#sSpan3471" value="ϩⲟϥ"/>
		<feat xlink:href="#sSpan3473" value="ⲉⲧ"/>
		<feat xlink:href="#sSpan3477" value="ⲙⲙⲁⲩ"/>
		<feat xlink:href="#sSpan3480" value="·"/>
		<feat xlink:href="#sSpan3484" value="ⲡⲁⲓ̈"/>
		<feat xlink:href="#sSpan3489" value="ⲛⲧ"/>
		<feat xlink:href="#sSpan3493" value="ⲁ"/>
		<feat xlink:href="#sSpan3495" value="ⲡ"/>
		<feat xlink:href="#sSpan3499" value="ϫⲟⲉⲓ̈ⲥ"/>
		<feat xlink:href="#sSpan3501" value="ⲥϩⲟⲩⲱⲣ"/>
		<feat xlink:href="#sSpan3506" value="ϥ"/>
		<feat xlink:href="#sSpan3508" value="ϫⲓ̈ⲛ"/>
		<feat xlink:href="#sSpan3512" value="ⲛ"/>
		<feat xlink:href="#sSpan3514" value="ϣⲟⲣⲡ"/>
		<feat xlink:href="#sSpan3517" value="ϫⲉ"/>
		<feat xlink:href="#sSpan3521" value="ⲁ"/>
		<feat xlink:href="#sSpan3523" value="ϥ"/>
		<feat xlink:href="#sSpan3526" value="ⲁⲡⲁⲧⲁ"/>
		<feat xlink:href="#sSpan3528" value="ⲉⲛ"/>
		<feat xlink:href="#sSpan3534" value="ⲉⲩϩⲁ"/>
		<feat xlink:href="#sSpan3537" value="·"/>
		<feat xlink:href="#sSpan3541" value="ⲁⲩⲱ"/>
		<feat xlink:href="#sSpan3545" value="ⲁ"/>
		<feat xlink:href="#sSpan3549" value="ϥ"/>
		<feat xlink:href="#sSpan3552" value="ϯϫⲣⲟⲡ"/>
		<feat xlink:href="#sSpan3556" value="ⲉ"/>
		<feat xlink:href="#sSpan3561" value="ⲁⲇⲁⲙ"/>
		<feat xlink:href="#sSpan3564" value="ϩⲙ"/>
		<feat xlink:href="#sSpan3569" value="ⲡ"/>
		<feat xlink:href="#sSpan3573" value="ⲡⲁⲣⲁⲇⲉⲓ̈ⲥⲟⲥ"/>
		<feat xlink:href="#sSpan3576" value="·"/>
		<feat xlink:href="#sSpan3580" value="ⲛ"/>
		<feat xlink:href="#sSpan3584" value="ⲑ"/>
		<feat xlink:href="#sSpan3586" value="ⲉ"/>
		<feat xlink:href="#sSpan3588" value="ⲧⲉⲛⲟⲩ"/>
		<feat xlink:href="#sSpan3592" value="ⲉⲧⲉⲣⲉ"/>
		<feat xlink:href="#sSpan3597" value="ⲛⲉⲓ̈"/>
		<feat xlink:href="#sSpan3600" value="ⲣⲱⲙⲉ"/>
		<feat xlink:href="#sSpan3602" value="ⲉⲧ"/>
		<feat xlink:href="#sSpan3607" value="ⲥϩⲟⲩⲟⲣⲧ"/>
		<feat xlink:href="#sSpan3610" value="ϯϫⲣⲟⲡ"/>
		<feat xlink:href="#sSpan3616" value="ⲛ"/>
		<feat xlink:href="#sSpan3620" value="ϩⲁϩ"/>
		<feat xlink:href="#sSpan3623" value="·"/>
		<feat xlink:href="#sSpan3627" value="ⲁⲩⲱ"/>
		<feat xlink:href="#sSpan3631" value="ⲉ"/>
		<feat xlink:href="#sSpan3636" value="ⲩ"/>
		<feat xlink:href="#sSpan3639" value="ⲥⲕⲁⲛⲇⲁⲗⲉⲓ̈ⲍⲉ"/>
		<feat xlink:href="#sSpan3642" value="ⲛ"/>
		<feat xlink:href="#sSpan3646" value="ⲛ"/>
		<feat xlink:href="#sSpan3649" value="ⲉⲧⲉ"/>
		<feat xlink:href="#sSpan3651" value="ⲙⲛ"/>
		<feat xlink:href="#sSpan3653" value="ϭⲟⲙ"/>
		<feat xlink:href="#sSpan3656" value="ⲙⲙⲟ"/>
		<feat xlink:href="#sSpan3660" value="ⲟⲩ"/>
		<feat xlink:href="#sSpan3662" value="ⲉ"/>
		<feat xlink:href="#sSpan3667" value="ⲉⲓ̈"/>
		<feat xlink:href="#sSpan3670" value="ⲣⲉⲓ̈ⲙⲉ"/>
		<feat xlink:href="#sSpan3674" value="ϫⲉ"/>
		<feat xlink:href="#sSpan3678" value="ⲉ"/>
		<feat xlink:href="#sSpan3680" value="ⲩ"/>
		<feat xlink:href="#sSpan3682" value="ⲏⲡ"/>
		<feat xlink:href="#sSpan3685" value="ⲉ"/>
		<feat xlink:href="#sSpan3690" value="ⲡ"/>
		<feat xlink:href="#sSpan3694" value="ⲥⲁⲇⲁⲛⲁⲥ"/>
		<feat xlink:href="#sSpan3696" value="·"/>
		<feat xlink:href="#sSpan3701" value="ⲉⲧⲃⲉ"/>
		<feat xlink:href="#sSpan3710" value="ⲡⲁⲓ̈"/>
		<feat xlink:href="#sSpan3713" value="ⲉⲣϣⲁⲛ"/>
		<feat xlink:href="#sSpan3717" value="ⲧⲉ"/>
		<feat xlink:href="#sSpan3723" value="ⲅⲣⲁⲫⲏ"/>
		<feat xlink:href="#sSpan3725" value="ϫⲟⲟ"/>
		<feat xlink:href="#sSpan3730" value="ⲥ"/>
		<feat xlink:href="#sSpan3732" value="ⲛ"/>
		<feat xlink:href="#sSpan3736" value="ⲟⲩ"/>
		<feat xlink:href="#sSpan3739" value="ⲙⲁ"/>
		<feat xlink:href="#sSpan3741" value="·"/>
		<feat xlink:href="#sSpan3746" value="ⲏ"/>
		<feat xlink:href="#sSpan3750" value="ⲛⲧⲟϥ"/>
		<feat xlink:href="#sSpan3755" value="ϩⲉⲛ"/>
		<feat xlink:href="#sSpan3760" value="ⲣⲱⲙⲉ"/>
		<feat xlink:href="#sSpan3762" value="ⲛⲧⲉ"/>
		<feat xlink:href="#sSpan3767" value="ⲡ"/>
		<feat xlink:href="#sSpan3770" value="ⲛⲟⲩⲧⲉ"/>
		<feat xlink:href="#sSpan3772" value="ϫⲉ"/>
		<feat xlink:href="#sSpan3776" value="ⲛ̄ⲛⲉ"/>
		<feat xlink:href="#sSpan3779" value="ⲕ"/>
		<feat xlink:href="#sSpan3782" value="ⲥϩⲟⲩⲉⲣⲗⲁⲁⲩ"/>
		<feat xlink:href="#sSpan3785" value="ⲗⲁⲁⲩ"/>
		<feat xlink:href="#sSpan3788" value="ⲛ"/>
		<feat xlink:href="#sSpan3792" value="ⲣⲱⲙⲉ"/>
		<feat xlink:href="#sSpan3795" value="·"/>
		<feat xlink:href="#sSpan3800" value="ⲉ"/>
		<feat xlink:href="#sSpan3805" value="ⲩ"/>
		<feat xlink:href="#sSpan3807" value="ϫⲱ"/>
		<feat xlink:href="#sSpan3809" value="ⲙ̄ⲙⲟ"/>
		<feat xlink:href="#sSpan3813" value="ⲥ"/>
		<feat xlink:href="#sSpan3815" value="ϫⲉ"/>
		<feat xlink:href="#sSpan3819" value="ⲛⲛⲉ"/>
		<feat xlink:href="#sSpan3822" value="ⲕ"/>
		<feat xlink:href="#sSpan3824" value="ⲥϩⲟⲩⲉⲣ"/>
		<feat xlink:href="#sSpan3826" value="ⲛ"/>
		<feat xlink:href="#sSpan3829" value="ⲉⲧ"/>
		<feat xlink:href="#sSpan3831" value="ⲛⲁ"/>
		<feat xlink:href="#sSpan3834" value="ⲥⲁϩⲟⲩ"/>
		<feat xlink:href="#sSpan3836" value="ⲙⲙⲟ"/>
		<feat xlink:href="#sSpan3840" value="ⲕ"/>
		<feat xlink:href="#sSpan3842" value="·"/>
		<feat xlink:href="#sSpan3847" value="ⲕⲁⲧⲁ"/>
		<feat xlink:href="#sSpan3852" value="ⲡ"/>
		<feat xlink:href="#sSpan3855" value="ⲉⲛⲧ"/>
		<feat xlink:href="#sSpan3857" value="ⲁ"/>
		<feat xlink:href="#sSpan3859" value="ⲛ"/>
		<feat xlink:href="#sSpan3862" value="ϣⲣⲡ"/>
		<feat xlink:href="#sSpan3866" value="ϫⲟⲟ"/>
		<feat xlink:href="#sSpan3868" value="ϥ"/>
		<feat xlink:href="#sSpan3870" value="·"/>
		<feat xlink:href="#sSpan3874" value="ⲉ"/>
		<feat xlink:href="#sSpan3880" value="ⲩ"/>
		<feat xlink:href="#sSpan3882" value="ϫⲱ"/>
		<feat xlink:href="#sSpan3885" value="ⲙⲙⲟ"/>
		<feat xlink:href="#sSpan3889" value="ⲥ"/>
		<feat xlink:href="#sSpan3891" value="ⲁⲛ"/>
		<feat xlink:href="#sSpan3895" value="ϫⲉ"/>
		<feat xlink:href="#sSpan3900" value="ⲛⲛⲉ"/>
		<feat xlink:href="#sSpan3902" value="ⲕ"/>
		<feat xlink:href="#sSpan3904" value="ⲥϩⲟⲩⲉⲣ"/>
		<feat xlink:href="#sSpan3907" value="ⲡ"/>
		<feat xlink:href="#sSpan3910" value="ⲉⲧ"/>
		<feat xlink:href="#sSpan3912" value="ⲥⲱϣ"/>
		<feat xlink:href="#sSpan3914" value="ⲙ"/>
		<feat xlink:href="#sSpan3919" value="ⲡ"/>
		<feat xlink:href="#sSpan3922" value="ⲉⲧ"/>
		<feat xlink:href="#sSpan3925" value="ϯⲉⲟⲟⲩ"/>
		<feat xlink:href="#sSpan3928" value="ⲛⲁ"/>
		<feat xlink:href="#sSpan3933" value="ⲕ"/>
		<feat xlink:href="#sSpan3935" value="ⲡⲉ"/>
		<feat xlink:href="#sSpan3941" value="ⲭ︤ⲥ︥"/>
		<feat xlink:href="#sSpan3943" value="·"/>
		<feat xlink:href="#sSpan3948" value="ⲉϣϫⲉ"/>
		<feat xlink:href="#sSpan3955" value="ⲉⲩϣⲁⲛ"/>
		<feat xlink:href="#sSpan3957" value="ϫⲟⲟ"/>
		<feat xlink:href="#sSpan3960" value="ⲥ"/>
		<feat xlink:href="#sSpan3963" value="ⲇⲉ"/>
		<feat xlink:href="#sSpan3967" value="ⲛϭⲉⲓ̈"/>
		<feat xlink:href="#sSpan3971" value="ⲛ"/>
		<feat xlink:href="#sSpan3974" value="ⲉⲧ"/>
		<feat xlink:href="#sSpan3976" value="ⲟⲩⲁⲁⲃ"/>
		<feat xlink:href="#sSpan3979" value="·"/>
		<feat xlink:href="#sSpan3983" value="ⲉ"/>
		<feat xlink:href="#sSpan3987" value="ⲩ"/>
		<feat xlink:href="#sSpan3989" value="ϣⲁϫⲉ"/>
		<feat xlink:href="#sSpan3992" value="ⲉⲧⲃⲉ"/>
		<feat xlink:href="#sSpan3996" value="ⲡ"/>
		<feat xlink:href="#sSpan3999" value="ⲗⲁⲥ"/>
		<feat xlink:href="#sSpan4001" value="ϫⲉ"/>
		<feat xlink:href="#sSpan4006" value="ϩⲣⲁⲓ̈"/>
		<feat xlink:href="#sSpan4008" value="ⲛϩⲏⲧ"/>
		<feat xlink:href="#sSpan4012" value="ϥ"/>
		<feat xlink:href="#sSpan4014" value="ⲧⲛ"/>
		<feat xlink:href="#sSpan4019" value="ⲥⲁϩⲟⲩ"/>
		<feat xlink:href="#sSpan4021" value="ⲛ"/>
		<feat xlink:href="#sSpan4025" value="ⲉⲛ"/>
		<feat xlink:href="#sSpan4028" value="ⲣⲱⲙⲉ"/>
		<feat xlink:href="#sSpan4031" value="·"/>
		<feat xlink:href="#sSpan4035" value="ⲉ"/>
		<feat xlink:href="#sSpan4039" value="ⲩ"/>
		<feat xlink:href="#sSpan4041" value="ϫⲱ"/>
		<feat xlink:href="#sSpan4043" value="ⲙ̄ⲙⲟ"/>
		<feat xlink:href="#sSpan4048" value="ⲥ"/>
		<feat xlink:href="#sSpan4050" value="ϫⲉ"/>
		<feat xlink:href="#sSpan4054" value="ⲟⲩ"/>
		<feat xlink:href="#sSpan4058" value="ⲙⲛⲧⲁⲑⲏⲧ"/>
		<feat xlink:href="#sSpan4063" value="ⲙ̄"/>
		<feat xlink:href="#sSpan4067" value="ⲡ"/>
		<feat xlink:href="#sSpan4070" value="ⲣⲱⲙⲉ"/></featList></paula>