<?xml version='1.0' encoding='UTF-8'?><!DOCTYPE paula SYSTEM "paula_feat.dtd">
<paula version="1.1">
	<header paula_id="scriptorium.shenoute.those.GF301-306.mark_gap_reason"/>
	<featList xmlns:xlink="http://www.w3.org/1999/xlink" type="gap_reason" xml:base="scriptorium.shenoute.those.GF301-306.mark.xml">
		<feat xlink:href="#sSpan337" value="lost"/>
		<feat xlink:href="#sSpan345" value="lost"/>
		<feat xlink:href="#sSpan352" value="lost"/>
		<feat xlink:href="#sSpan359" value="lost"/>
		<feat xlink:href="#sSpan366" value="lost"/>
		<feat xlink:href="#sSpan378" value="illegible"/>
		<feat xlink:href="#sSpan648" value="lost"/>
		<feat xlink:href="#sSpan657" value="lost"/>
		<feat xlink:href="#sSpan664" value="lost"/>
		<feat xlink:href="#sSpan673" value="lost"/>
		<feat xlink:href="#sSpan680" value="lost"/>
		<feat xlink:href="#sSpan2013" value="illegible"/>
		<feat xlink:href="#sSpan2030" value="illegible"/>
		<feat xlink:href="#sSpan3048" value="illegible"/></featList></paula>