<?xml version='1.0' encoding='UTF-8'?><!DOCTYPE paula SYSTEM "paula_feat.dtd">
<paula version="1.1">
	<header paula_id="scriptorium.shenoute.those.GF301-306.mark_text"/>
	<featList xmlns:xlink="http://www.w3.org/1999/xlink" type="text" xml:base="scriptorium.shenoute.those.GF301-306.mark.xml">
		<feat xlink:href="#sSpan22" value="ⲡ ⲉⲛⲧ ⲁ ϥ .... ⲛ ⲟⲩ ⲕⲱϩⲧ ⲙⲛ ⲟⲩ ⲑⲏⲛ ⲉⲃⲟⲗ ϩⲛ ⲧ ⲡⲉ"/>
		<feat xlink:href="#sSpan40" value="ⲟⲩ ⲕⲱϩⲧ ⲙⲛ ⲟⲩ ⲑⲏⲛ ⲉⲃⲟⲗ ϩⲛ ⲧ ⲡⲉ"/>
		<feat xlink:href="#sSpan49" value="ⲟⲩ ⲑⲏⲛ"/>
		<feat xlink:href="#sSpan65" value="ⲧ ⲡⲉ"/>
		<feat xlink:href="#sSpan75" value="ⲛ ⲣⲱⲙⲉ ⲛ ⲥⲟⲇⲟⲙⲁ · ⲙⲛ ⲅⲟⲙⲟⲣⲣⲁ"/>
		<feat xlink:href="#sSpan86" value="ⲥⲟⲇⲟⲙⲁ"/>
		<feat xlink:href="#sSpan99" value="ⲅⲟⲙⲟⲣⲣⲁ"/>
		<feat xlink:href="#sSpan126" value="ⲛⲉⲩ ⲙⲛⲧⲁⲥⲉⲃⲏⲥ"/>
		<feat xlink:href="#sSpan141" value="ⲗⲱⲧ"/>
		<feat xlink:href="#sSpan149" value="ⲛⲉϥ ϣⲏⲣⲉ"/>
		<feat xlink:href="#sSpan162" value="ⲡ ⲉⲛⲧ ⲁ ϥ ⲱⲙⲥ ⲙ ⲫⲁⲣⲁⲱ ⲙⲛ ⲡⲉϥ ⲙⲏⲏϣⲉ ϩⲛ ⲧ ϩⲁⲗⲁⲥⲥⲁ"/>
		<feat xlink:href="#sSpan179" value="ⲫⲁⲣⲁⲱ"/>
		<feat xlink:href="#sSpan187" value="ⲡⲉϥ ⲙⲏⲏϣⲉ"/>
		<feat xlink:href="#sSpan197" value="ⲧ ϩⲁⲗⲁⲥⲥⲁ"/>
		<feat xlink:href="#sSpan238" value="ⲛ ⲉⲛⲧ ⲁ ⲩ ⲙⲉⲣⲉ ⲡ ⲥⲁϩⲟⲩ"/>
		<feat xlink:href="#sSpan250" value="ⲡ ⲥⲁϩⲟⲩ"/>
		<feat xlink:href="#sSpan309" value="ⲛ ⲉⲛⲧ ⲁ ⲩ ⲥⲧⲁⲩⲣⲟⲩ ⲙⲙⲟ ϥ"/>
		<feat xlink:href="#sSpan332" value="ⲡⲉⲛ"/>
		<feat xlink:href="#sSpan388" value="ⲡ ⲉⲛⲧ ⲁ ϥ ⲧⲣⲉ ⲩ ϣⲱⲡⲉ ⲧⲏⲣ ⲟⲩ"/>
		<feat xlink:href="#sSpan420" value="ⲡ ⲉⲛⲧ ⲁ ϥ ⲧⲣⲉ ⲡ ⲕⲁϩ ⲟⲩⲱⲛ ⲛ ⲣⲱ ϥ"/>
		<feat xlink:href="#sSpan431" value="ⲡ ⲕⲁϩ"/>
		<feat xlink:href="#sSpan445" value="ⲣⲱ ϥ"/>
		<feat xlink:href="#sSpan464" value="ⲟⲩ ⲙⲏⲏϣⲉ"/>
		<feat xlink:href="#sSpan494" value="ⲡⲉⲓ ⲟⲩⲟⲉⲓϣ"/>
		<feat xlink:href="#sSpan504" value="ⲛ ⲉⲛⲧ ⲁ ϥ ⲃⲟⲧ ⲟⲩ ⲉⲃⲟⲗ ⲧⲏⲣ ⲟⲩ ϩⲛ ⲧ ⲉⲣⲏⲙⲟⲥ"/>
		<feat xlink:href="#sSpan533" value="ⲧ ⲉⲣⲏⲙⲟⲥ"/>
		<feat xlink:href="#sSpan558" value="ⲛ ⲣⲱⲙⲉ ⲉⲧ ⲣϩⲟⲩⲉⲥϩⲟⲩⲟⲣⲧ"/>
		<feat xlink:href="#sSpan585" value="ⲡ ⲛⲟⲩⲧⲉ"/>
		<feat xlink:href="#sSpan726" value="ⲟⲩⲁ ⲛ ⲟⲩⲱⲧ"/>
		<feat xlink:href="#sSpan770" value="ⲙⲛⲧϣⲙⲏⲛ"/>
		<feat xlink:href="#sSpan779" value="ⲧⲃⲁ ⲟⲩ ϭⲟⲥ ⲛ ⲣⲱⲙⲉ"/>
		<feat xlink:href="#sSpan799" value="ⲟⲩ ⲟⲩϣⲏ"/>
		<feat xlink:href="#sSpan827" value="ⲧ ⲡⲁⲣⲉⲙⲃⲟⲗⲏ ⲛ ϩⲉⲛ ⲙⲏⲏϣⲉ ⲛ ⲣⲱⲙⲉ ⲛ ⲁⲧⲛⲟⲩⲧⲉ"/>
		<feat xlink:href="#sSpan838" value="ϩⲉⲛ ⲙⲏⲏϣⲉ ⲛ ⲣⲱⲙⲉ ⲛ ⲁⲧⲛⲟⲩⲧⲉ"/>
		<feat xlink:href="#sSpan879" value="ⲙⲱⲩⲥⲏⲥ ⲡⲉϥ ⲥⲱⲧⲡ"/>
		<feat xlink:href="#sSpan896" value="ⲛⲉⲓ ⲙⲟⲓϩⲉ ⲧⲏⲣ ⲟⲩ"/>
		<feat xlink:href="#sSpan912" value="ⲕⲏⲙⲉ"/>
		<feat xlink:href="#sSpan928" value="ⲧ ⲉⲣⲩⲑⲣⲁ ⲑⲁⲗⲁⲥⲥⲁ"/>
		<feat xlink:href="#sSpan949" value="ⲡ ϫⲁⲓⲉ"/>
		<feat xlink:href="#sSpan961" value="ϩⲙⲉ ⲛ ⲣⲟⲙⲡⲉ"/>
		<feat xlink:href="#sSpan987" value="ⲛ ⲉⲛⲧ ⲁ ϥ ⲁⲁ ⲩ ⲧⲏⲣ ⲟⲩ ⲉⲃⲟⲗ ϩⲓⲧⲙ ⲡⲉϥ ϩⲙϩⲁⲗ ⲓⲏⲥⲟⲩⲥ ⲡ ϣⲏⲣⲉ ⲛ ⲛⲁⲩⲏ"/>
		<feat xlink:href="#sSpan1016" value="ⲡⲉϥ ϩⲙϩⲁⲗ ⲓⲏⲥⲟⲩⲥ ⲡ ϣⲏⲣⲉ ⲛ ⲛⲁⲩⲏ"/>
		<feat xlink:href="#sSpan1039" value="ⲛⲁⲩⲏ"/>
		<feat xlink:href="#sSpan1048" value="ⲡ ⲇⲩⲛⲁⲧⲟⲥ ϩⲛ ⲧⲉϥ ϭⲟⲙ"/>
		<feat xlink:href="#sSpan1059" value="ⲧⲉϥ ϭⲟⲙ"/>
		<feat xlink:href="#sSpan1083" value="ⲡⲉϥ ϩⲙϩⲁⲗ ϩⲏⲗⲓⲁⲥ"/>
		<feat xlink:href="#sSpan1099" value="ⲛ ⲉⲧ ⲙⲟⲟⲩⲧ"/>
		<feat xlink:href="#sSpan1134" value="ⲙⲟⲟⲩ ⲙ ⲡ ⲓⲟⲣⲇⲁⲛⲁⲥ"/>
		<feat xlink:href="#sSpan1141" value="ⲡ ⲓⲟⲣⲇⲁⲛⲁⲥ"/>
		<feat xlink:href="#sSpan1167" value="ⲡ ⲉⲧ ϣⲟⲩⲱⲟⲩ"/>
		<feat xlink:href="#sSpan1194" value="ⲧ ⲡⲉ"/>
		<feat xlink:href="#sSpan1208" value="ϣⲟⲙⲧⲉ ⲛ ⲣⲟⲙⲡⲉ"/>
		<feat xlink:href="#sSpan1222" value="ⲥⲟⲟⲩ ⲛ ⲉⲃⲟⲧ"/>
		<feat xlink:href="#sSpan1256" value="ⲡ ⲕⲱϩⲧ"/>
		<feat xlink:href="#sSpan1272" value="ⲧ ⲡⲉ"/>
		<feat xlink:href="#sSpan1286" value="ⲡ ⲧⲣⲉ ϥ ⲉⲡⲓⲕⲁⲗⲉⲓ ⲙ ⲡ ⲣⲁⲛ ⲙ ⲡ ⲉⲧ ϫⲟⲥⲉ"/>
		<feat xlink:href="#sSpan1301" value="ⲡ ⲣⲁⲛ ⲙ ⲡ ⲉⲧ ϫⲟⲥⲉ"/>
		<feat xlink:href="#sSpan1311" value="ⲡ ⲉⲧ ϫⲟⲥⲉ"/>
		<feat xlink:href="#sSpan1340" value="ⲛ ϣⲛⲉ"/>
		<feat xlink:href="#sSpan1354" value="ⲡ ⲙⲟⲟⲩ"/>
		<feat xlink:href="#sSpan1368" value="ⲛ ϣⲉ"/>
		<feat xlink:href="#sSpan1382" value="ⲙ ⲙⲁⲥⲉ · ⲉⲧ ϣⲁⲁⲧ ϩⲓϫⲱ ⲟⲩ · ⲡⲁⲓ ⲛⲧ ⲁ ϥ ⲧⲁⲙⲓⲟ ϥ ⲙ ⲡ ⲧⲏⲡⲟⲥ ⲛ ⲑⲩⲥⲓⲁ"/>
		<feat xlink:href="#sSpan1431" value="ⲡ ⲧⲏⲡⲟⲥ ⲛ ⲑⲩⲥⲓⲁ"/>
		<feat xlink:href="#sSpan1442" value="ⲑⲩⲥⲓⲁ"/>
		<feat xlink:href="#sSpan1456" value="ⲡ ⲕⲉ ⲕⲁϩ ⲡⲁⲓ ⲛⲧ ⲁ ϥ ⲧⲁⲙⲓⲟ ϥ ⲙ ⲡ ⲧⲏⲡⲟⲥ ⲛ ⲟⲩ ⲑⲁⲗⲁⲥⲥⲁ · ⲙⲛ ⲡⲉϥ ⲕⲱⲧⲉ ⲧⲏⲣ ϥ"/>
		<feat xlink:href="#sSpan1485" value="ⲡ ⲧⲏⲡⲟⲥ ⲛ ⲟⲩ ⲑⲁⲗⲁⲥⲥⲁ"/>
		<feat xlink:href="#sSpan1496" value="ⲟⲩ ⲑⲁⲗⲁⲥⲥⲁ"/>
		<feat xlink:href="#sSpan1511" value="ⲡⲉϥ ⲕⲱⲧⲉ ⲧⲏⲣ ϥ"/>
		<feat xlink:href="#sSpan1558" value="ⲡ ⲙⲟⲩ ⲛ ϩⲱⲟⲩ"/>
		<feat xlink:href="#sSpan1568" value="ϩⲱⲟⲩ"/>
		<feat xlink:href="#sSpan1576" value="ⲡ ⲕⲁϩ"/>
		<feat xlink:href="#sSpan1598" value="ⲡⲉϥ ⲕⲁⲣⲡⲟⲥ"/>
		<feat xlink:href="#sSpan1631" value="ⲡⲉϥ ϩⲙϩⲁⲗ ⲉⲗⲓⲥⲥⲁⲓⲟⲥ"/>
		<feat xlink:href="#sSpan1654" value="ⲛ ⲉⲧ ⲙⲟⲟⲩⲧ"/>
		<feat xlink:href="#sSpan1688" value="ⲡ ⲙⲏⲏϣⲉ"/>
		<feat xlink:href="#sSpan1747" value="ⲡ ⲣⲁⲛ ⲙ ⲡⲉ ϫⲟⲥⲉ"/>
		<feat xlink:href="#sSpan1786" value="ⲛ ⲣⲱⲙⲉ ⲉⲧ ⲥϩⲟⲩⲟⲣⲧ"/>
		<feat xlink:href="#sSpan1804" value="ⲡ ⲛⲟⲩⲧⲉ"/>
		<feat xlink:href="#sSpan1839" value="ⲛⲁⲓ"/>
		<feat xlink:href="#sSpan1854" value="ⲁⲡⲓⲥⲧⲟⲥ"/>
		<feat xlink:href="#sSpan1867" value="ⲡ ⲥⲁϩⲟⲩ ⲙ ⲡ ⲛⲟⲩⲧⲉ"/>
		<feat xlink:href="#sSpan1876" value="ⲡ ⲛⲟⲩⲧⲉ"/>
		<feat xlink:href="#sSpan1886" value="ⲛⲉⲩ ⲏⲓ"/>
		<feat xlink:href="#sSpan1905" value="ⲙ ⲡⲓⲥⲧⲟⲥ ⲁⲛ ⲉⲧⲉⲣⲉ ⲡⲉ ⲥⲙⲟⲩ ⲙ ⲡ ϫⲟⲉⲓⲥ ϩⲓϫⲛ ⲧⲉⲩ ⲁⲡⲉ"/>
		<feat xlink:href="#sSpan1920" value="ⲡⲉ ⲥⲙⲟⲩ ⲙ ⲡ ϫⲟⲉⲓⲥ"/>
		<feat xlink:href="#sSpan1930" value="ⲡ ϫⲟⲉⲓⲥ"/>
		<feat xlink:href="#sSpan1939" value="ⲧⲉⲩ ⲁⲡⲉ"/>
		<feat xlink:href="#sSpan1979" value="ⲡⲉⲧⲛ ⲛⲟⲩⲧⲉ"/>
		<feat xlink:href="#sSpan1997" value="ⲛ ⲣⲱⲙⲉ ⲛ ⲧⲁ ⲩ ...."/>
		<feat xlink:href="#sSpan2071" value="ⲛ ⲉⲧ ϩⲁ ⲧ ⲡⲉ"/>
		<feat xlink:href="#sSpan2079" value="ⲧ ⲡⲉ"/>
		<feat xlink:href="#sSpan2089" value="ⲛⲉⲧⲛ ⲛⲟⲩⲧⲉ"/>
		<feat xlink:href="#sSpan2121" value="ⲡⲉⲛ ϫⲟⲉⲓⲥ"/>
		<feat xlink:href="#sSpan2131" value="ⲡⲉⲛ ⲛⲟⲩⲧⲉ"/>
		<feat xlink:href="#sSpan2143" value="ⲛⲉ ⲭⲣⲓⲥⲧⲓⲁⲛⲟⲥ"/>
		<feat xlink:href="#sSpan2167" value="ϣⲟⲣⲡ"/>
		<feat xlink:href="#sSpan2194" value="ⲡ ⲕⲁϩ"/>
		<feat xlink:href="#sSpan2231" value="ⲡ ⲙⲁⲍⲉ"/>
		<feat xlink:href="#sSpan2241" value="ⲧ ⲉϩⲉ"/>
		<feat xlink:href="#sSpan2253" value="ⲛ ⲕⲉ ⲧⲃⲛⲟⲟⲩⲉ ⲧⲏⲣ ⲟⲩ"/>
		<feat xlink:href="#sSpan2271" value="ⲛⲉⲧⲛ ⲛⲟⲩⲧⲉ"/>
		<feat xlink:href="#sSpan2302" value="ⲡ ϫⲟⲉⲓⲥ ⲙ ⲡ ⲉⲟⲟⲩ ⲡ ⲉⲓⲱⲧ ⲙ ⲡⲉⲛ ϫⲟⲉⲓⲥ ⲓⲏⲥⲟⲩⲥ ⲡⲉ ⲭⲣⲓⲥⲧⲟⲥ"/>
		<feat xlink:href="#sSpan2313" value="ⲡ ⲉⲟⲟⲩ"/>
		<feat xlink:href="#sSpan2329" value="ⲡⲉⲛ ϫⲟⲉⲓⲥ ⲓⲏⲥⲟⲩⲥ ⲡⲉ ⲭⲣⲓⲥⲧⲟⲥ"/>
		<feat xlink:href="#sSpan2360" value="ⲥⲉⲕⲛⲁϩⲃ"/>
		<feat xlink:href="#sSpan2414" value="ⲡⲉⲩ ⲉⲣⲱⲧⲉ"/>
		<feat xlink:href="#sSpan2443" value="ⲡⲉⲩ ⲥⲟⲣⲧ"/>
		<feat xlink:href="#sSpan2479" value="ⲛⲉ ⲑⲏⲣⲓⲟⲛ"/>
		<feat xlink:href="#sSpan2490" value="ⲛⲉⲧⲛ ⲛⲟⲩⲧⲉ"/>
		<feat xlink:href="#sSpan2530" value="ⲡ ϫⲟⲉⲓⲥ ⲡ ⲛⲟⲩⲧⲉ"/>
		<feat xlink:href="#sSpan2578" value="ⲡⲉ ϩⲟⲩⲟⲟⲣ"/>
		<feat xlink:href="#sSpan2597" value="ⲡⲉⲧⲛ ⲛⲟⲩⲧⲉ"/>
		<feat xlink:href="#sSpan2613" value="ⲧ ⲉⲙⲟⲩ"/>
		<feat xlink:href="#sSpan2647" value="ⲡ ϫⲟⲉⲓⲥ ⲡ ⲛⲟⲩⲧⲉ"/>
		<feat xlink:href="#sSpan2713" value="ⲕⲉ ⲟⲩⲁ ⲛⲃⲗⲗⲁ ⲓ"/>
		<feat xlink:href="#sSpan2748" value="ⲡⲉⲩ ϩⲱⲃ"/>
		<feat xlink:href="#sSpan2757" value="ⲡⲁⲓ"/>
		<feat xlink:href="#sSpan2772" value="ⲣⲟⲉⲓⲥ"/>
		<feat xlink:href="#sSpan2780" value="ⲧⲉⲓ"/>
		<feat xlink:href="#sSpan2792" value="ⲟⲩⲱϭⲡ ⲛ ϩⲉⲛ ⲡⲓⲛ"/>
		<feat xlink:href="#sSpan2799" value="ϩⲉⲛ ⲡⲓⲛ"/>
		<feat xlink:href="#sSpan2821" value="ⲛ ϣⲉ"/>
		<feat xlink:href="#sSpan2836" value="ⲛ ⲱⲛⲉ"/>
		<feat xlink:href="#sSpan2850" value="ⲛ ⲛⲟⲩϥ"/>
		<feat xlink:href="#sSpan2864" value="ⲛ ϩⲁⲧ"/>
		<feat xlink:href="#sSpan2878" value="ⲛ ϩⲟⲙⲛⲧ"/>
		<feat xlink:href="#sSpan2892" value="ⲙ ⲃⲉⲛⲓⲡⲉ"/>
		<feat xlink:href="#sSpan2906" value="ⲛ ⲕⲟⲟⲩⲉ ⲧⲏⲣ ⲟⲩ ⲉⲧ ⲧⲉⲧⲛ ⲟⲩⲱϣⲧ ⲛⲁ ⲩ"/>
		<feat xlink:href="#sSpan2937" value="ⲛⲉⲧⲛ ⲛⲟⲩⲧⲉ"/>
		<feat xlink:href="#sSpan2976" value="ⲡ ⲇⲓⲟⲓⲕⲏⲧⲏⲥ ⲙ ⲡ ⲕⲟⲥⲙⲟⲥ ⲧⲏⲣ ϥ"/>
		<feat xlink:href="#sSpan2987" value="ⲡ ⲕⲟⲥⲙⲟⲥ ⲧⲏⲣ ϥ"/>
		<feat xlink:href="#sSpan3010" value="ⲛ ⲣⲱⲙⲉ"/>
		<feat xlink:href="#sSpan3106" value="ⲛⲉⲓ ⲁⲧⲛⲟⲩⲧⲉ"/>
		<feat xlink:href="#sSpan3127" value="ϩⲉⲛ ϣⲁϫⲉ ⲉ ⲁ ϩⲉⲛ ⲉⲓⲟⲧⲉ ⲛ ⲁⲅⲁⲑⲟⲥ ϫⲟⲟ ⲩ"/>
		<feat xlink:href="#sSpan3140" value="ϩⲉⲛ ⲉⲓⲟⲧⲉ ⲛ ⲁⲅⲁⲑⲟⲥ"/>
		<feat xlink:href="#sSpan3177" value="ⲗⲁⲁⲩ ⲛ ⲣⲱⲙⲉ"/>
		<feat xlink:href="#sSpan3207" value="ϩⲉⲛ ⲣⲱⲙⲉ"/>
		<feat xlink:href="#sSpan3233" value="ϩⲉⲛ ⲣⲱⲙⲉ"/>
		<feat xlink:href="#sSpan3258" value="ϩⲉⲛ ⲣⲱⲙⲉ ⲛⲉ ⲛ ϣⲟⲩⲥϩⲟⲩⲱⲣ ⲟⲩ"/>
		<feat xlink:href="#sSpan3268" value="ⲛ ϣⲟⲩⲥϩⲟⲩⲱⲣ ⲟⲩ"/>
		<feat xlink:href="#sSpan3342" value="ⲡ ⲉⲛⲧ ⲁ ϥ ⲧⲁⲙⲓⲟ ⲟⲩ"/>
		<feat xlink:href="#sSpan3382" value="ⲡ ⲉⲧ ⲥⲁ... ⲙⲙⲟ ⲟⲩ"/>
		<feat xlink:href="#sSpan3425" value="ⲡ ϩⲟϥ"/>
		<feat xlink:href="#sSpan3459" value="ⲛ ϣⲏⲣⲉ ⲙ ⲡ ϩⲟϥ ⲉⲧ ⲙⲙⲁⲩ"/>
		<feat xlink:href="#sSpan3469" value="ⲡ ϩⲟϥ ⲉⲧ ⲙⲙⲁⲩ"/>
		<feat xlink:href="#sSpan3487" value="ⲡⲁⲓ ⲛⲧ ⲁ ⲡ ϫⲟⲉⲓⲥ ⲥϩⲟⲩⲱⲣ ϥ ϫⲓⲛ ⲛ ϣⲟⲣⲡ"/>
		<feat xlink:href="#sSpan3496" value="ⲡ ϫⲟⲉⲓⲥ"/>
		<feat xlink:href="#sSpan3535" value="ⲉⲩϩⲁ"/>
		<feat xlink:href="#sSpan3562" value="ⲁⲇⲁⲙ"/>
		<feat xlink:href="#sSpan3570" value="ⲡ ⲡⲁⲣⲁⲇⲉⲓⲥⲟⲥ"/>
		<feat xlink:href="#sSpan3598" value="ⲛⲉⲓ ⲣⲱⲙⲉ ⲉⲧ ⲥϩⲟⲩⲟⲣⲧ"/>
		<feat xlink:href="#sSpan3621" value="ϩⲁϩ"/>
		<feat xlink:href="#sSpan3647" value="ⲛ ⲉⲧⲉ ⲙⲛ ϭⲟⲙ ⲙⲙⲟ ⲟⲩ"/>
		<feat xlink:href="#sSpan3691" value="ⲡ ⲥⲁⲧⲁⲛⲁⲥ"/>
		<feat xlink:href="#sSpan3711" value="ⲡⲁⲓ"/>
		<feat xlink:href="#sSpan3718" value="ⲧⲉ ⲅⲣⲁⲫⲏ"/>
		<feat xlink:href="#sSpan3737" value="ⲟⲩ ⲙⲁ"/>
		<feat xlink:href="#sSpan3758" value="ϩⲉⲛ ⲣⲱⲙⲉ ⲛⲧⲉ ⲡ ⲛⲟⲩⲧⲉ"/>
		<feat xlink:href="#sSpan3768" value="ⲡ ⲛⲟⲩⲧⲉ"/>
		<feat xlink:href="#sSpan3793" value="ⲣⲱⲙⲉ"/>
		<feat xlink:href="#sSpan3827" value="ⲛ ⲉⲧ ⲛⲁ ⲥⲁϩⲟⲩ ⲙⲙⲟ ⲕ"/>
		<feat xlink:href="#sSpan3853" value="ⲡ ⲉⲛⲧ ⲁ ⲛ ϣⲣⲡ ϫⲟⲟ ϥ"/>
		<feat xlink:href="#sSpan3908" value="ⲡ ⲉⲧ ⲥⲱϣ ⲙ ⲡ ⲉⲧ ϯⲉⲟⲟⲩ ⲛⲁ ⲕ ⲡⲉ ⲭⲣⲓⲥⲧⲟⲥ"/>
		<feat xlink:href="#sSpan3920" value="ⲡ ⲉⲧ ϯⲉⲟⲟⲩ ⲛⲁ ⲕ ⲡⲉ ⲭⲣⲓⲥⲧⲟⲥ"/>
		<feat xlink:href="#sSpan3936" value="ⲡⲉ ⲭⲣⲓⲥⲧⲟⲥ"/>
		<feat xlink:href="#sSpan3972" value="ⲛ ⲉⲧ ⲟⲩⲁⲁⲃ"/>
		<feat xlink:href="#sSpan3997" value="ⲡ ⲗⲁⲥ"/>
		<feat xlink:href="#sSpan4026" value="ⲛ ⲣⲱⲙⲉ"/>
		<feat xlink:href="#sSpan4055" value="ⲟⲩ ⲙⲛⲧⲁⲧϩⲏⲧ ⲙ ⲡ ⲣⲱⲙⲉ"/>
		<feat xlink:href="#sSpan4068" value="ⲡ ⲣⲱⲙⲉ"/></featList></paula>