<?xml version='1.0' encoding='UTF-8'?><!DOCTYPE paula SYSTEM "paula_feat.dtd">
<paula version="1.1">
	<header paula_id="scriptorium.shenoute.those.GF301-306.mark_func"/>
	<featList xmlns:xlink="http://www.w3.org/1999/xlink" type="func" xml:base="scriptorium.shenoute.those.GF301-306.mark.xml">
		<feat xlink:href="#sSpan1" value="root"/>
		<feat xlink:href="#sSpan11" value="flat"/>
		<feat xlink:href="#sSpan17" value="appos"/>
		<feat xlink:href="#sSpan23" value="mark"/>
		<feat xlink:href="#sSpan25" value="aux"/>
		<feat xlink:href="#sSpan28" value="nsubj"/>
		<feat xlink:href="#sSpan30" value="acl"/>
		<feat xlink:href="#sSpan33" value="case"/>
		<feat xlink:href="#sSpan38" value="det"/>
		<feat xlink:href="#sSpan41" value="obj"/>
		<feat xlink:href="#sSpan43" value="cc"/>
		<feat xlink:href="#sSpan47" value="det"/>
		<feat xlink:href="#sSpan52" value="conj"/>
		<feat xlink:href="#sSpan54" value="case"/>
		<feat xlink:href="#sSpan59" value="fixed"/>
		<feat xlink:href="#sSpan63" value="det"/>
		<feat xlink:href="#sSpan67" value="obl"/>
		<feat xlink:href="#sSpan69" value="case"/>
		<feat xlink:href="#sSpan73" value="det"/>
		<feat xlink:href="#sSpan76" value="obl"/>
		<feat xlink:href="#sSpan79" value="case"/>
		<feat xlink:href="#sSpan84" value="nmod"/>
		<feat xlink:href="#sSpan87" value="punct"/>
		<feat xlink:href="#sSpan91" value="cc"/>
		<feat xlink:href="#sSpan97" value="conj"/>
		<feat xlink:href="#sSpan100" value="punct"/>
		<feat xlink:href="#sSpan104" value="aux"/>
		<feat xlink:href="#sSpan109" value="nsubj"/>
		<feat xlink:href="#sSpan111" value="advcl"/>
		<feat xlink:href="#sSpan113" value="obj"/>
		<feat xlink:href="#sSpan115" value="advmod"/>
		<feat xlink:href="#sSpan120" value="case"/>
		<feat xlink:href="#sSpan124" value="det"/>
		<feat xlink:href="#sSpan128" value="obl"/>
		<feat xlink:href="#sSpan133" value="case"/>
		<feat xlink:href="#sSpan139" value="nmod"/>
		<feat xlink:href="#sSpan142" value="cc"/>
		<feat xlink:href="#sSpan147" value="det"/>
		<feat xlink:href="#sSpan150" value="conj"/>
		<feat xlink:href="#sSpan152" value="punct"/>
		<feat xlink:href="#sSpan157" value="conj"/>
		<feat xlink:href="#sSpan163" value="mark"/>
		<feat xlink:href="#sSpan165" value="aux"/>
		<feat xlink:href="#sSpan167" value="nsubj"/>
		<feat xlink:href="#sSpan169" value="acl"/>
		<feat xlink:href="#sSpan171" value="case"/>
		<feat xlink:href="#sSpan177" value="obj"/>
		<feat xlink:href="#sSpan180" value="case"/>
		<feat xlink:href="#sSpan185" value="det"/>
		<feat xlink:href="#sSpan188" value="conj"/>
		<feat xlink:href="#sSpan191" value="case"/>
		<feat xlink:href="#sSpan195" value="det"/>
		<feat xlink:href="#sSpan199" value="obl"/>
		<feat xlink:href="#sSpan202" value="punct"/>
		<feat xlink:href="#sSpan206" value="case"/>
		<feat xlink:href="#sSpan210" value="det"/>
		<feat xlink:href="#sSpan213" value="obl"/>
		<feat xlink:href="#sSpan218" value="punct"/>
		<feat xlink:href="#sSpan223" value="root"/>
		<feat xlink:href="#sSpan230" value="nsubj"/>
		<feat xlink:href="#sSpan232" value="case"/>
		<feat xlink:href="#sSpan236" value="dislocated"/>
		<feat xlink:href="#sSpan239" value="mark"/>
		<feat xlink:href="#sSpan242" value="aux"/>
		<feat xlink:href="#sSpan244" value="nsubj"/>
		<feat xlink:href="#sSpan246" value="acl"/>
		<feat xlink:href="#sSpan248" value="det"/>
		<feat xlink:href="#sSpan251" value="obj"/>
		<feat xlink:href="#sSpan253" value="mark"/>
		<feat xlink:href="#sSpan258" value="nsubj"/>
		<feat xlink:href="#sSpan260" value="ccomp"/>
		<feat xlink:href="#sSpan262" value="case"/>
		<feat xlink:href="#sSpan266" value="obl"/>
		<feat xlink:href="#sSpan268" value="punct"/>
		<feat xlink:href="#sSpan272" value="mark"/>
		<feat xlink:href="#sSpan276" value="ccomp"/>
		<feat xlink:href="#sSpan279" value="nsubj"/>
		<feat xlink:href="#sSpan281" value="case"/>
		<feat xlink:href="#sSpan285" value="iobj"/>
		<feat xlink:href="#sSpan287" value="mark"/>
		<feat xlink:href="#sSpan291" value="xcomp"/>
		<feat xlink:href="#sSpan294" value="obj"/>
		<feat xlink:href="#sSpan296" value="case"/>
		<feat xlink:href="#sSpan300" value="obl"/>
		<feat xlink:href="#sSpan302" value="case"/>
		<feat xlink:href="#sSpan306" value="obl"/>
		<feat xlink:href="#sSpan310" value="mark"/>
		<feat xlink:href="#sSpan312" value="aux"/>
		<feat xlink:href="#sSpan314" value="nsubj"/>
		<feat xlink:href="#sSpan317" value="acl"/>
		<feat xlink:href="#sSpan319" value="case"/>
		<feat xlink:href="#sSpan324" value="obj"/>
		<feat xlink:href="#sSpan326" value="punct"/>
		<feat xlink:href="#sSpan330" value="det"/>
		<feat xlink:href="#sSpan339" value="root"/>
		<feat xlink:href="#sSpan347" value="advmod"/>
		<feat xlink:href="#sSpan354" value="dep"/>
		<feat xlink:href="#sSpan361" value="dep"/>
		<feat xlink:href="#sSpan368" value="dep"/>
		<feat xlink:href="#sSpan373" value="dep"/>
		<feat xlink:href="#sSpan379" value="dep"/>
		<feat xlink:href="#sSpan383" value="root"/>
		<feat xlink:href="#sSpan391" value="mark"/>
		<feat xlink:href="#sSpan393" value="aux"/>
		<feat xlink:href="#sSpan395" value="nsubj"/>
		<feat xlink:href="#sSpan397" value="acl"/>
		<feat xlink:href="#sSpan399" value="nsubj"/>
		<feat xlink:href="#sSpan401" value="xcomp"/>
		<feat xlink:href="#sSpan404" value="advmod"/>
		<feat xlink:href="#sSpan408" value="det"/>
		<feat xlink:href="#sSpan410" value="punct"/>
		<feat xlink:href="#sSpan415" value="obl"/>
		<feat xlink:href="#sSpan421" value="mark"/>
		<feat xlink:href="#sSpan423" value="aux"/>
		<feat xlink:href="#sSpan425" value="nsubj"/>
		<feat xlink:href="#sSpan427" value="acl"/>
		<feat xlink:href="#sSpan429" value="det"/>
		<feat xlink:href="#sSpan433" value="nsubj"/>
		<feat xlink:href="#sSpan435" value="xcomp"/>
		<feat xlink:href="#sSpan439" value="case"/>
		<feat xlink:href="#sSpan443" value="obl"/>
		<feat xlink:href="#sSpan447" value="det"/>
		<feat xlink:href="#sSpan449" value="aux"/>
		<feat xlink:href="#sSpan453" value="nsubj"/>
		<feat xlink:href="#sSpan455" value="conj"/>
		<feat xlink:href="#sSpan457" value="case"/>
		<feat xlink:href="#sSpan462" value="det"/>
		<feat xlink:href="#sSpan465" value="obj"/>
		<feat xlink:href="#sSpan467" value="mark"/>
		<feat xlink:href="#sSpan472" value="aux"/>
		<feat xlink:href="#sSpan475" value="nsubj"/>
		<feat xlink:href="#sSpan478" value="ccomp"/>
		<feat xlink:href="#sSpan481" value="case"/>
		<feat xlink:href="#sSpan485" value="obl"/>
		<feat xlink:href="#sSpan487" value="case"/>
		<feat xlink:href="#sSpan492" value="det"/>
		<feat xlink:href="#sSpan495" value="obl"/>
		<feat xlink:href="#sSpan497" value="cc"/>
		<feat xlink:href="#sSpan502" value="conj"/>
		<feat xlink:href="#sSpan505" value="mark"/>
		<feat xlink:href="#sSpan507" value="aux"/>
		<feat xlink:href="#sSpan509" value="nsubj"/>
		<feat xlink:href="#sSpan511" value="acl"/>
		<feat xlink:href="#sSpan514" value="obj"/>
		<feat xlink:href="#sSpan516" value="advmod"/>
		<feat xlink:href="#sSpan520" value="advmod"/>
		<feat xlink:href="#sSpan524" value="det"/>
		<feat xlink:href="#sSpan526" value="case"/>
		<feat xlink:href="#sSpan531" value="det"/>
		<feat xlink:href="#sSpan535" value="obl"/>
		<feat xlink:href="#sSpan537" value="punct"/>
		<feat xlink:href="#sSpan542" value="root"/>
		<feat xlink:href="#sSpan550" value="nsubj"/>
		<feat xlink:href="#sSpan552" value="case"/>
		<feat xlink:href="#sSpan556" value="det"/>
		<feat xlink:href="#sSpan559" value="dislocated"/>
		<feat xlink:href="#sSpan562" value="mark"/>
		<feat xlink:href="#sSpan567" value="acl"/>
		<feat xlink:href="#sSpan572" value="punct"/>
		<feat xlink:href="#sSpan576" value="mark"/>
		<feat xlink:href="#sSpan580" value="mark"/>
		<feat xlink:href="#sSpan583" value="det"/>
		<feat xlink:href="#sSpan586" value="advcl"/>
		<feat xlink:href="#sSpan588" value="cop"/>
		<feat xlink:href="#sSpan592" value="parataxis"/>
		<feat xlink:href="#sSpan597" value="nsubj"/>
		<feat xlink:href="#sSpan599" value="aux"/>
		<feat xlink:href="#sSpan603" value="nsubj"/>
		<feat xlink:href="#sSpan606" value="ccomp"/>
		<feat xlink:href="#sSpan608" value="case"/>
		<feat xlink:href="#sSpan613" value="obj"/>
		<feat xlink:href="#sSpan615" value="punct"/>
		<feat xlink:href="#sSpan620" value="root"/>
		<feat xlink:href="#sSpan627" value="cop"/>
		<feat xlink:href="#sSpan631" value="mark"/>
		<feat xlink:href="#sSpan633" value="aux"/>
		<feat xlink:href="#sSpan635" value="aux"/>
		<feat xlink:href="#sSpan638" value="csubj"/>
		<feat xlink:href="#sSpan642" value="case"/>
		<feat xlink:href="#sSpan646" value="obl"/>
		<feat xlink:href="#sSpan650" value="det"/>
		<feat xlink:href="#sSpan659" value="advmod"/>
		<feat xlink:href="#sSpan666" value="advmod"/>
		<feat xlink:href="#sSpan675" value="advmod"/>
		<feat xlink:href="#sSpan682" value="obl"/>
		<feat xlink:href="#sSpan687" value="obl:npmod"/>
		<feat xlink:href="#sSpan692" value="root"/>
		<feat xlink:href="#sSpan697" value="advmod"/>
		<feat xlink:href="#sSpan702" value="det"/>
		<feat xlink:href="#sSpan704" value="punct"/>
		<feat xlink:href="#sSpan709" value="case"/>
		<feat xlink:href="#sSpan714" value="det"/>
		<feat xlink:href="#sSpan716" value="obl"/>
		<feat xlink:href="#sSpan718" value="mark"/>
		<feat xlink:href="#sSpan722" value="aux"/>
		<feat xlink:href="#sSpan724" value="nsubj"/>
		<feat xlink:href="#sSpan727" value="case"/>
		<feat xlink:href="#sSpan731" value="nmod"/>
		<feat xlink:href="#sSpan734" value="acl"/>
		<feat xlink:href="#sSpan739" value="advmod"/>
		<feat xlink:href="#sSpan743" value="case"/>
		<feat xlink:href="#sSpan748" value="obl"/>
		<feat xlink:href="#sSpan750" value="punct"/>
		<feat xlink:href="#sSpan754" value="aux"/>
		<feat xlink:href="#sSpan758" value="nsubj"/>
		<feat xlink:href="#sSpan760" value="parataxis"/>
		<feat xlink:href="#sSpan762" value="case"/>
		<feat xlink:href="#sSpan768" value="obj"/>
		<feat xlink:href="#sSpan772" value="case"/>
		<feat xlink:href="#sSpan777" value="nummod"/>
		<feat xlink:href="#sSpan780" value="det"/>
		<feat xlink:href="#sSpan784" value="obj"/>
		<feat xlink:href="#sSpan786" value="case"/>
		<feat xlink:href="#sSpan790" value="nmod"/>
		<feat xlink:href="#sSpan793" value="case"/>
		<feat xlink:href="#sSpan797" value="det"/>
		<feat xlink:href="#sSpan800" value="obl"/>
		<feat xlink:href="#sSpan803" value="case"/>
		<feat xlink:href="#sSpan807" value="det"/>
		<feat xlink:href="#sSpan809" value="obl"/>
		<feat xlink:href="#sSpan811" value="punct"/>
		<feat xlink:href="#sSpan815" value="case"/>
		<feat xlink:href="#sSpan821" value="fixed"/>
		<feat xlink:href="#sSpan825" value="det"/>
		<feat xlink:href="#sSpan829" value="nmod"/>
		<feat xlink:href="#sSpan832" value="case"/>
		<feat xlink:href="#sSpan836" value="det"/>
		<feat xlink:href="#sSpan839" value="nmod"/>
		<feat xlink:href="#sSpan843" value="case"/>
		<feat xlink:href="#sSpan847" value="nmod"/>
		<feat xlink:href="#sSpan849" value="case"/>
		<feat xlink:href="#sSpan854" value="nmod"/>
		<feat xlink:href="#sSpan858" value="punct"/>
		<feat xlink:href="#sSpan863" value="cc"/>
		<feat xlink:href="#sSpan870" value="mark"/>
		<feat xlink:href="#sSpan874" value="advmod"/>
		<feat xlink:href="#sSpan877" value="root"/>
		<feat xlink:href="#sSpan881" value="det"/>
		<feat xlink:href="#sSpan885" value="appos"/>
		<feat xlink:href="#sSpan887" value="mark"/>
		<feat xlink:href="#sSpan892" value="xcomp"/>
		<feat xlink:href="#sSpan894" value="det"/>
		<feat xlink:href="#sSpan897" value="obj"/>
		<feat xlink:href="#sSpan899" value="advmod"/>
		<feat xlink:href="#sSpan904" value="det"/>
		<feat xlink:href="#sSpan906" value="case"/>
		<feat xlink:href="#sSpan910" value="obl"/>
		<feat xlink:href="#sSpan913" value="punct"/>
		<feat xlink:href="#sSpan917" value="cc"/>
		<feat xlink:href="#sSpan922" value="case"/>
		<feat xlink:href="#sSpan926" value="det"/>
		<feat xlink:href="#sSpan930" value="det"/>
		<feat xlink:href="#sSpan934" value="conj"/>
		<feat xlink:href="#sSpan938" value="punct"/>
		<feat xlink:href="#sSpan942" value="cc"/>
		<feat xlink:href="#sSpan947" value="det"/>
		<feat xlink:href="#sSpan952" value="conj"/>
		<feat xlink:href="#sSpan954" value="case"/>
		<feat xlink:href="#sSpan959" value="nummod"/>
		<feat xlink:href="#sSpan965" value="case"/>
		<feat xlink:href="#sSpan969" value="nmod"/>
		<feat xlink:href="#sSpan972" value="punct"/>
		<feat xlink:href="#sSpan978" value="cc"/>
		<feat xlink:href="#sSpan983" value="conj"/>
		<feat xlink:href="#sSpan988" value="mark"/>
		<feat xlink:href="#sSpan990" value="aux"/>
		<feat xlink:href="#sSpan992" value="nsubj"/>
		<feat xlink:href="#sSpan994" value="acl"/>
		<feat xlink:href="#sSpan997" value="obj"/>
		<feat xlink:href="#sSpan999" value="advmod"/>
		<feat xlink:href="#sSpan1003" value="det"/>
		<feat xlink:href="#sSpan1005" value="case"/>
		<feat xlink:href="#sSpan1009" value="fixed"/>
		<feat xlink:href="#sSpan1014" value="det"/>
		<feat xlink:href="#sSpan1017" value="obl"/>
		<feat xlink:href="#sSpan1021" value="appos"/>
		<feat xlink:href="#sSpan1025" value="det"/>
		<feat xlink:href="#sSpan1029" value="appos"/>
		<feat xlink:href="#sSpan1031" value="case"/>
		<feat xlink:href="#sSpan1037" value="nmod"/>
		<feat xlink:href="#sSpan1040" value="punct"/>
		<feat xlink:href="#sSpan1044" value="det"/>
		<feat xlink:href="#sSpan1050" value="conj"/>
		<feat xlink:href="#sSpan1053" value="case"/>
		<feat xlink:href="#sSpan1057" value="det"/>
		<feat xlink:href="#sSpan1060" value="nmod"/>
		<feat xlink:href="#sSpan1063" value="punct"/>
		<feat xlink:href="#sSpan1068" value="cc"/>
		<feat xlink:href="#sSpan1075" value="mark"/>
		<feat xlink:href="#sSpan1079" value="aux"/>
		<feat xlink:href="#sSpan1081" value="det"/>
		<feat xlink:href="#sSpan1084" value="nsubj"/>
		<feat xlink:href="#sSpan1088" value="advmod"/>
		<feat xlink:href="#sSpan1092" value="root"/>
		<feat xlink:href="#sSpan1097" value="obj"/>
		<feat xlink:href="#sSpan1100" value="mark"/>
		<feat xlink:href="#sSpan1102" value="acl"/>
		<feat xlink:href="#sSpan1104" value="punct"/>
		<feat xlink:href="#sSpan1110" value="cc"/>
		<feat xlink:href="#sSpan1117" value="advmod"/>
		<feat xlink:href="#sSpan1121" value="aux"/>
		<feat xlink:href="#sSpan1125" value="nsubj"/>
		<feat xlink:href="#sSpan1127" value="root"/>
		<feat xlink:href="#sSpan1129" value="case"/>
		<feat xlink:href="#sSpan1132" value="obl"/>
		<feat xlink:href="#sSpan1135" value="case"/>
		<feat xlink:href="#sSpan1139" value="det"/>
		<feat xlink:href="#sSpan1143" value="nmod"/>
		<feat xlink:href="#sSpan1146" value="punct"/>
		<feat xlink:href="#sSpan1150" value="aux"/>
		<feat xlink:href="#sSpan1156" value="nsubj"/>
		<feat xlink:href="#sSpan1158" value="root"/>
		<feat xlink:href="#sSpan1161" value="case"/>
		<feat xlink:href="#sSpan1165" value="obl"/>
		<feat xlink:href="#sSpan1168" value="mark"/>
		<feat xlink:href="#sSpan1170" value="acl"/>
		<feat xlink:href="#sSpan1173" value="punct"/>
		<feat xlink:href="#sSpan1178" value="mark"/>
		<feat xlink:href="#sSpan1186" value="aux"/>
		<feat xlink:href="#sSpan1188" value="nsubj"/>
		<feat xlink:href="#sSpan1190" value="root"/>
		<feat xlink:href="#sSpan1192" value="det"/>
		<feat xlink:href="#sSpan1195" value="obj"/>
		<feat xlink:href="#sSpan1197" value="advmod"/>
		<feat xlink:href="#sSpan1201" value="case"/>
		<feat xlink:href="#sSpan1206" value="nummod"/>
		<feat xlink:href="#sSpan1209" value="case"/>
		<feat xlink:href="#sSpan1213" value="obl"/>
		<feat xlink:href="#sSpan1216" value="cc"/>
		<feat xlink:href="#sSpan1220" value="nummod"/>
		<feat xlink:href="#sSpan1223" value="case"/>
		<feat xlink:href="#sSpan1227" value="conj"/>
		<feat xlink:href="#sSpan1230" value="punct"/>
		<feat xlink:href="#sSpan1235" value="cc"/>
		<feat xlink:href="#sSpan1242" value="advmod"/>
		<feat xlink:href="#sSpan1246" value="aux"/>
		<feat xlink:href="#sSpan1250" value="nsubj"/>
		<feat xlink:href="#sSpan1252" value="root"/>
		<feat xlink:href="#sSpan1254" value="det"/>
		<feat xlink:href="#sSpan1258" value="obj"/>
		<feat xlink:href="#sSpan1260" value="advmod"/>
		<feat xlink:href="#sSpan1265" value="fixed"/>
		<feat xlink:href="#sSpan1270" value="det"/>
		<feat xlink:href="#sSpan1273" value="nmod"/>
		<feat xlink:href="#sSpan1275" value="punct"/>
		<feat xlink:href="#sSpan1279" value="case"/>
		<feat xlink:href="#sSpan1283" value="det"/>
		<feat xlink:href="#sSpan1287" value="xcomp"/>
		<feat xlink:href="#sSpan1289" value="nsubj"/>
		<feat xlink:href="#sSpan1292" value="xcomp"/>
		<feat xlink:href="#sSpan1295" value="case"/>
		<feat xlink:href="#sSpan1299" value="det"/>
		<feat xlink:href="#sSpan1302" value="obj"/>
		<feat xlink:href="#sSpan1304" value="case"/>
		<feat xlink:href="#sSpan1309" value="nmod"/>
		<feat xlink:href="#sSpan1315" value="mark"/>
		<feat xlink:href="#sSpan1317" value="acl"/>
		<feat xlink:href="#sSpan1319" value="punct"/>
		<feat xlink:href="#sSpan1323" value="aux"/>
		<feat xlink:href="#sSpan1329" value="nsubj"/>
		<feat xlink:href="#sSpan1331" value="root"/>
		<feat xlink:href="#sSpan1334" value="case"/>
		<feat xlink:href="#sSpan1338" value="det"/>
		<feat xlink:href="#sSpan1341" value="obj"/>
		<feat xlink:href="#sSpan1343" value="punct"/>
		<feat xlink:href="#sSpan1347" value="cc"/>
		<feat xlink:href="#sSpan1352" value="det"/>
		<feat xlink:href="#sSpan1355" value="conj"/>
		<feat xlink:href="#sSpan1357" value="punct"/>
		<feat xlink:href="#sSpan1361" value="cc"/>
		<feat xlink:href="#sSpan1366" value="det"/>
		<feat xlink:href="#sSpan1369" value="conj"/>
		<feat xlink:href="#sSpan1371" value="punct"/>
		<feat xlink:href="#sSpan1375" value="cc"/>
		<feat xlink:href="#sSpan1380" value="det"/>
		<feat xlink:href="#sSpan1383" value="conj"/>
		<feat xlink:href="#sSpan1385" value="punct"/>
		<feat xlink:href="#sSpan1389" value="mark"/>
		<feat xlink:href="#sSpan1394" value="acl"/>
		<feat xlink:href="#sSpan1396" value="case"/>
		<feat xlink:href="#sSpan1401" value="obl"/>
		<feat xlink:href="#sSpan1403" value="punct"/>
		<feat xlink:href="#sSpan1407" value="appos"/>
		<feat xlink:href="#sSpan1411" value="mark"/>
		<feat xlink:href="#sSpan1416" value="aux"/>
		<feat xlink:href="#sSpan1418" value="nsubj"/>
		<feat xlink:href="#sSpan1420" value="acl"/>
		<feat xlink:href="#sSpan1422" value="obj"/>
		<feat xlink:href="#sSpan1424" value="case"/>
		<feat xlink:href="#sSpan1429" value="det"/>
		<feat xlink:href="#sSpan1433" value="obl"/>
		<feat xlink:href="#sSpan1435" value="case"/>
		<feat xlink:href="#sSpan1440" value="nmod"/>
		<feat xlink:href="#sSpan1444" value="punct"/>
		<feat xlink:href="#sSpan1448" value="cc"/>
		<feat xlink:href="#sSpan1452" value="det"/>
		<feat xlink:href="#sSpan1457" value="det"/>
		<feat xlink:href="#sSpan1459" value="conj"/>
		<feat xlink:href="#sSpan1462" value="appos"/>
		<feat xlink:href="#sSpan1466" value="mark"/>
		<feat xlink:href="#sSpan1470" value="aux"/>
		<feat xlink:href="#sSpan1472" value="nsubj"/>
		<feat xlink:href="#sSpan1474" value="acl"/>
		<feat xlink:href="#sSpan1477" value="obj"/>
		<feat xlink:href="#sSpan1479" value="case"/>
		<feat xlink:href="#sSpan1483" value="det"/>
		<feat xlink:href="#sSpan1487" value="obl"/>
		<feat xlink:href="#sSpan1490" value="case"/>
		<feat xlink:href="#sSpan1494" value="det"/>
		<feat xlink:href="#sSpan1498" value="nmod"/>
		<feat xlink:href="#sSpan1501" value="punct"/>
		<feat xlink:href="#sSpan1505" value="cc"/>
		<feat xlink:href="#sSpan1509" value="det"/>
		<feat xlink:href="#sSpan1512" value="conj"/>
		<feat xlink:href="#sSpan1515" value="advmod"/>
		<feat xlink:href="#sSpan1519" value="det"/>
		<feat xlink:href="#sSpan1521" value="punct"/>
		<feat xlink:href="#sSpan1526" value="cc"/>
		<feat xlink:href="#sSpan1533" value="mark"/>
		<feat xlink:href="#sSpan1537" value="aux"/>
		<feat xlink:href="#sSpan1539" value="nsubj"/>
		<feat xlink:href="#sSpan1541" value="root"/>
		<feat xlink:href="#sSpan1543" value="aux"/>
		<feat xlink:href="#sSpan1548" value="nsubj"/>
		<feat xlink:href="#sSpan1550" value="parataxis"/>
		<feat xlink:href="#sSpan1552" value="case"/>
		<feat xlink:href="#sSpan1556" value="det"/>
		<feat xlink:href="#sSpan1560" value="dislocated"/>
		<feat xlink:href="#sSpan1562" value="case"/>
		<feat xlink:href="#sSpan1566" value="nmod"/>
		<feat xlink:href="#sSpan1569" value="case"/>
		<feat xlink:href="#sSpan1574" value="det"/>
		<feat xlink:href="#sSpan1577" value="nmod"/>
		<feat xlink:href="#sSpan1579" value="punct"/>
		<feat xlink:href="#sSpan1583" value="aux"/>
		<feat xlink:href="#sSpan1589" value="nsubj"/>
		<feat xlink:href="#sSpan1591" value="root"/>
		<feat xlink:href="#sSpan1594" value="case"/>
		<feat xlink:href="#sSpan1596" value="det"/>
		<feat xlink:href="#sSpan1600" value="obj"/>
		<feat xlink:href="#sSpan1603" value="punct"/>
		<feat xlink:href="#sSpan1608" value="case"/>
		<feat xlink:href="#sSpan1615" value="det"/>
		<feat xlink:href="#sSpan1617" value="root"/>
		<feat xlink:href="#sSpan1619" value="advmod"/>
		<feat xlink:href="#sSpan1623" value="cop"/>
		<feat xlink:href="#sSpan1627" value="det"/>
		<feat xlink:href="#sSpan1632" value="nsubj"/>
		<feat xlink:href="#sSpan1636" value="appos"/>
		<feat xlink:href="#sSpan1640" value="mark"/>
		<feat xlink:href="#sSpan1646" value="aux"/>
		<feat xlink:href="#sSpan1648" value="nsubj"/>
		<feat xlink:href="#sSpan1650" value="acl"/>
		<feat xlink:href="#sSpan1652" value="obj"/>
		<feat xlink:href="#sSpan1655" value="mark"/>
		<feat xlink:href="#sSpan1657" value="acl"/>
		<feat xlink:href="#sSpan1660" value="punct"/>
		<feat xlink:href="#sSpan1664" value="cc"/>
		<feat xlink:href="#sSpan1670" value="aux"/>
		<feat xlink:href="#sSpan1676" value="nsubj"/>
		<feat xlink:href="#sSpan1679" value="root"/>
		<feat xlink:href="#sSpan1681" value="case"/>
		<feat xlink:href="#sSpan1686" value="det"/>
		<feat xlink:href="#sSpan1689" value="obj"/>
		<feat xlink:href="#sSpan1692" value="advmod"/>
		<feat xlink:href="#sSpan1696" value="root"/>
		<feat xlink:href="#sSpan1703" value="dep"/>
		<feat xlink:href="#sSpan1707" value="case"/>
		<feat xlink:href="#sSpan1712" value="conj"/>
		<feat xlink:href="#sSpan1716" value="dep"/>
		<feat xlink:href="#sSpan1721" value="dep"/>
		<feat xlink:href="#sSpan1725" value="mark"/>
		<feat xlink:href="#sSpan1732" value="aux"/>
		<feat xlink:href="#sSpan1734" value="nsubj"/>
		<feat xlink:href="#sSpan1736" value="root"/>
		<feat xlink:href="#sSpan1738" value="obj"/>
		<feat xlink:href="#sSpan1741" value="case"/>
		<feat xlink:href="#sSpan1745" value="det"/>
		<feat xlink:href="#sSpan1749" value="obl"/>
		<feat xlink:href="#sSpan1751" value="case"/>
		<feat xlink:href="#sSpan1755" value="det"/>
		<feat xlink:href="#sSpan1757" value="nmod"/>
		<feat xlink:href="#sSpan1760" value="punct"/>
		<feat xlink:href="#sSpan1765" value="cc"/>
		<feat xlink:href="#sSpan1773" value="root"/>
		<feat xlink:href="#sSpan1777" value="nsubj"/>
		<feat xlink:href="#sSpan1779" value="case"/>
		<feat xlink:href="#sSpan1783" value="det"/>
		<feat xlink:href="#sSpan1787" value="dislocated"/>
		<feat xlink:href="#sSpan1789" value="mark"/>
		<feat xlink:href="#sSpan1793" value="acl"/>
		<feat xlink:href="#sSpan1796" value="mark"/>
		<feat xlink:href="#sSpan1800" value="case"/>
		<feat xlink:href="#sSpan1802" value="det"/>
		<feat xlink:href="#sSpan1805" value="obl"/>
		<feat xlink:href="#sSpan1808" value="advmod"/>
		<feat xlink:href="#sSpan1812" value="cop"/>
		<feat xlink:href="#sSpan1816" value="punct"/>
		<feat xlink:href="#sSpan1822" value="advmod"/>
		<feat xlink:href="#sSpan1829" value="advcl"/>
		<feat xlink:href="#sSpan1833" value="case"/>
		<feat xlink:href="#sSpan1837" value="obl"/>
		<feat xlink:href="#sSpan1840" value="aux"/>
		<feat xlink:href="#sSpan1845" value="nsubj"/>
		<feat xlink:href="#sSpan1847" value="root"/>
		<feat xlink:href="#sSpan1849" value="case"/>
		<feat xlink:href="#sSpan1852" value="obl"/>
		<feat xlink:href="#sSpan1856" value="punct"/>
		<feat xlink:href="#sSpan1860" value="mark"/>
		<feat xlink:href="#sSpan1864" value="det"/>
		<feat xlink:href="#sSpan1868" value="nsubj"/>
		<feat xlink:href="#sSpan1870" value="case"/>
		<feat xlink:href="#sSpan1874" value="det"/>
		<feat xlink:href="#sSpan1877" value="nmod"/>
		<feat xlink:href="#sSpan1880" value="case"/>
		<feat xlink:href="#sSpan1884" value="det"/>
		<feat xlink:href="#sSpan1887" value="obl"/>
		<feat xlink:href="#sSpan1889" value="punct"/>
		<feat xlink:href="#sSpan1893" value="cc"/>
		<feat xlink:href="#sSpan1898" value="case"/>
		<feat xlink:href="#sSpan1902" value="det"/>
		<feat xlink:href="#sSpan1907" value="conj"/>
		<feat xlink:href="#sSpan1909" value="advmod"/>
		<feat xlink:href="#sSpan1913" value="mark"/>
		<feat xlink:href="#sSpan1918" value="det"/>
		<feat xlink:href="#sSpan1921" value="nsubj"/>
		<feat xlink:href="#sSpan1923" value="case"/>
		<feat xlink:href="#sSpan1928" value="det"/>
		<feat xlink:href="#sSpan1931" value="nmod"/>
		<feat xlink:href="#sSpan1933" value="case"/>
		<feat xlink:href="#sSpan1937" value="det"/>
		<feat xlink:href="#sSpan1941" value="nmod"/>
		<feat xlink:href="#sSpan1943" value="punct"/>
		<feat xlink:href="#sSpan1948" value="mark"/>
		<feat xlink:href="#sSpan1955" value="nsubj"/>
		<feat xlink:href="#sSpan1957" value="root"/>
		<feat xlink:href="#sSpan1959" value="case"/>
		<feat xlink:href="#sSpan1961" value="obl"/>
		<feat xlink:href="#sSpan1966" value="mark"/>
		<feat xlink:href="#sSpan1970" value="ccomp"/>
		<feat xlink:href="#sSpan1972" value="cop"/>
		<feat xlink:href="#sSpan1977" value="det"/>
		<feat xlink:href="#sSpan1982" value="nsubj"/>
		<feat xlink:href="#sSpan1986" value="discourse"/>
		<feat xlink:href="#sSpan1993" value="det"/>
		<feat xlink:href="#sSpan1998" value="vocative"/>
		<feat xlink:href="#sSpan2000" value="case"/>
		<feat xlink:href="#sSpan2004" value="nmod"/>
		<feat xlink:href="#sSpan2006" value="det"/>
		<feat xlink:href="#sSpan2008" value="nmod"/>
		<feat xlink:href="#sSpan2014" value="punct"/>
		<feat xlink:href="#sSpan2019" value="root"/>
		<feat xlink:href="#sSpan2025" value="dep"/>
		<feat xlink:href="#sSpan2032" value="det"/>
		<feat xlink:href="#sSpan2036" value="dep"/>
		<feat xlink:href="#sSpan2042" value="mark"/>
		<feat xlink:href="#sSpan2050" value="nsubj"/>
		<feat xlink:href="#sSpan2054" value="root"/>
		<feat xlink:href="#sSpan2057" value="case"/>
		<feat xlink:href="#sSpan2063" value="obj"/>
		<feat xlink:href="#sSpan2065" value="mark"/>
		<feat xlink:href="#sSpan2069" value="ccomp"/>
		<feat xlink:href="#sSpan2072" value="mark"/>
		<feat xlink:href="#sSpan2074" value="case"/>
		<feat xlink:href="#sSpan2077" value="det"/>
		<feat xlink:href="#sSpan2080" value="acl"/>
		<feat xlink:href="#sSpan2082" value="cop"/>
		<feat xlink:href="#sSpan2087" value="det"/>
		<feat xlink:href="#sSpan2093" value="nsubj"/>
		<feat xlink:href="#sSpan2095" value="punct"/>
		<feat xlink:href="#sSpan2099" value="nsubj"/>
		<feat xlink:href="#sSpan2104" value="ccomp"/>
		<feat xlink:href="#sSpan2106" value="punct"/>
		<feat xlink:href="#sSpan2110" value="mark"/>
		<feat xlink:href="#sSpan2114" value="mark"/>
		<feat xlink:href="#sSpan2117" value="aux"/>
		<feat xlink:href="#sSpan2119" value="det"/>
		<feat xlink:href="#sSpan2122" value="nsubj"/>
		<feat xlink:href="#sSpan2124" value="cc"/>
		<feat xlink:href="#sSpan2129" value="det"/>
		<feat xlink:href="#sSpan2134" value="conj"/>
		<feat xlink:href="#sSpan2137" value="dislocated"/>
		<feat xlink:href="#sSpan2141" value="det"/>
		<feat xlink:href="#sSpan2147" value="conj"/>
		<feat xlink:href="#sSpan2150" value="punct"/>
		<feat xlink:href="#sSpan2154" value="ccomp"/>
		<feat xlink:href="#sSpan2159" value="obj"/>
		<feat xlink:href="#sSpan2161" value="case"/>
		<feat xlink:href="#sSpan2165" value="obl"/>
		<feat xlink:href="#sSpan2169" value="mark"/>
		<feat xlink:href="#sSpan2173" value="xcomp"/>
		<feat xlink:href="#sSpan2175" value="nsubj"/>
		<feat xlink:href="#sSpan2178" value="xcomp"/>
		<feat xlink:href="#sSpan2183" value="advmod"/>
		<feat xlink:href="#sSpan2187" value="case"/>
		<feat xlink:href="#sSpan2192" value="det"/>
		<feat xlink:href="#sSpan2195" value="obl"/>
		<feat xlink:href="#sSpan2197" value="punct"/>
		<feat xlink:href="#sSpan2202" value="cc"/>
		<feat xlink:href="#sSpan2209" value="mark"/>
		<feat xlink:href="#sSpan2213" value="nsubj"/>
		<feat xlink:href="#sSpan2215" value="advcl"/>
		<feat xlink:href="#sSpan2218" value="case"/>
		<feat xlink:href="#sSpan2222" value="obj"/>
		<feat xlink:href="#sSpan2224" value="case"/>
		<feat xlink:href="#sSpan2229" value="det"/>
		<feat xlink:href="#sSpan2232" value="obl"/>
		<feat xlink:href="#sSpan2235" value="cc"/>
		<feat xlink:href="#sSpan2239" value="det"/>
		<feat xlink:href="#sSpan2244" value="conj"/>
		<feat xlink:href="#sSpan2246" value="cc"/>
		<feat xlink:href="#sSpan2251" value="det"/>
		<feat xlink:href="#sSpan2254" value="det"/>
		<feat xlink:href="#sSpan2256" value="conj"/>
		<feat xlink:href="#sSpan2259" value="advmod"/>
		<feat xlink:href="#sSpan2263" value="det"/>
		<feat xlink:href="#sSpan2265" value="mark"/>
		<feat xlink:href="#sSpan2269" value="det"/>
		<feat xlink:href="#sSpan2273" value="acl"/>
		<feat xlink:href="#sSpan2275" value="cop"/>
		<feat xlink:href="#sSpan2280" value="punct"/>
		<feat xlink:href="#sSpan2284" value="nsubj"/>
		<feat xlink:href="#sSpan2288" value="root"/>
		<feat xlink:href="#sSpan2292" value="mark"/>
		<feat xlink:href="#sSpan2296" value="mark"/>
		<feat xlink:href="#sSpan2298" value="aux"/>
		<feat xlink:href="#sSpan2300" value="det"/>
		<feat xlink:href="#sSpan2303" value="ccomp"/>
		<feat xlink:href="#sSpan2307" value="case"/>
		<feat xlink:href="#sSpan2311" value="det"/>
		<feat xlink:href="#sSpan2314" value="nmod"/>
		<feat xlink:href="#sSpan2316" value="det"/>
		<feat xlink:href="#sSpan2320" value="appos"/>
		<feat xlink:href="#sSpan2322" value="case"/>
		<feat xlink:href="#sSpan2327" value="det"/>
		<feat xlink:href="#sSpan2330" value="nmod"/>
		<feat xlink:href="#sSpan2333" value="appos"/>
		<feat xlink:href="#sSpan2337" value="det"/>
		<feat xlink:href="#sSpan2343" value="appos"/>
		<feat xlink:href="#sSpan2345" value="root"/>
		<feat xlink:href="#sSpan2351" value="obj"/>
		<feat xlink:href="#sSpan2353" value="case"/>
		<feat xlink:href="#sSpan2358" value="obl"/>
		<feat xlink:href="#sSpan2363" value="punct"/>
		<feat xlink:href="#sSpan2367" value="cc"/>
		<feat xlink:href="#sSpan2371" value="mark"/>
		<feat xlink:href="#sSpan2377" value="conj"/>
		<feat xlink:href="#sSpan2380" value="punct"/>
		<feat xlink:href="#sSpan2384" value="cc"/>
		<feat xlink:href="#sSpan2388" value="mark"/>
		<feat xlink:href="#sSpan2393" value="conj"/>
		<feat xlink:href="#sSpan2395" value="obj"/>
		<feat xlink:href="#sSpan2397" value="punct"/>
		<feat xlink:href="#sSpan2401" value="cc"/>
		<feat xlink:href="#sSpan2405" value="case"/>
		<feat xlink:href="#sSpan2410" value="conj"/>
		<feat xlink:href="#sSpan2412" value="det"/>
		<feat xlink:href="#sSpan2415" value="obj"/>
		<feat xlink:href="#sSpan2417" value="punct"/>
		<feat xlink:href="#sSpan2421" value="cc"/>
		<feat xlink:href="#sSpan2426" value="mark"/>
		<feat xlink:href="#sSpan2430" value="conj"/>
		<feat xlink:href="#sSpan2432" value="case"/>
		<feat xlink:href="#sSpan2434" value="obl"/>
		<feat xlink:href="#sSpan2436" value="case"/>
		<feat xlink:href="#sSpan2441" value="det"/>
		<feat xlink:href="#sSpan2444" value="obj"/>
		<feat xlink:href="#sSpan2446" value="punct"/>
		<feat xlink:href="#sSpan2451" value="mark"/>
		<feat xlink:href="#sSpan2458" value="nsubj"/>
		<feat xlink:href="#sSpan2460" value="root"/>
		<feat xlink:href="#sSpan2462" value="case"/>
		<feat xlink:href="#sSpan2467" value="obj"/>
		<feat xlink:href="#sSpan2469" value="punct"/>
		<feat xlink:href="#sSpan2473" value="mark"/>
		<feat xlink:href="#sSpan2477" value="det"/>
		<feat xlink:href="#sSpan2481" value="advcl"/>
		<feat xlink:href="#sSpan2484" value="cop"/>
		<feat xlink:href="#sSpan2488" value="det"/>
		<feat xlink:href="#sSpan2493" value="nsubj"/>
		<feat xlink:href="#sSpan2496" value="punct"/>
		<feat xlink:href="#sSpan2500" value="nsubj"/>
		<feat xlink:href="#sSpan2504" value="ccomp"/>
		<feat xlink:href="#sSpan2507" value="case"/>
		<feat xlink:href="#sSpan2511" value="det"/>
		<feat xlink:href="#sSpan2513" value="obl"/>
		<feat xlink:href="#sSpan2515" value="punct"/>
		<feat xlink:href="#sSpan2519" value="mark"/>
		<feat xlink:href="#sSpan2524" value="mark"/>
		<feat xlink:href="#sSpan2526" value="aux"/>
		<feat xlink:href="#sSpan2528" value="det"/>
		<feat xlink:href="#sSpan2531" value="nsubj"/>
		<feat xlink:href="#sSpan2533" value="det"/>
		<feat xlink:href="#sSpan2538" value="appos"/>
		<feat xlink:href="#sSpan2540" value="ccomp"/>
		<feat xlink:href="#sSpan2544" value="obj"/>
		<feat xlink:href="#sSpan2546" value="mark"/>
		<feat xlink:href="#sSpan2551" value="xcomp"/>
		<feat xlink:href="#sSpan2553" value="nsubj"/>
		<feat xlink:href="#sSpan2555" value="xcomp"/>
		<feat xlink:href="#sSpan2557" value="advmod"/>
		<feat xlink:href="#sSpan2562" value="det"/>
		<feat xlink:href="#sSpan2564" value="punct"/>
		<feat xlink:href="#sSpan2569" value="mark"/>
		<feat xlink:href="#sSpan2576" value="det"/>
		<feat xlink:href="#sSpan2579" value="advcl"/>
		<feat xlink:href="#sSpan2582" value="advmod"/>
		<feat xlink:href="#sSpan2587" value="advmod"/>
		<feat xlink:href="#sSpan2591" value="cop"/>
		<feat xlink:href="#sSpan2595" value="det"/>
		<feat xlink:href="#sSpan2600" value="nsubj"/>
		<feat xlink:href="#sSpan2603" value="punct"/>
		<feat xlink:href="#sSpan2607" value="cc"/>
		<feat xlink:href="#sSpan2611" value="det"/>
		<feat xlink:href="#sSpan2617" value="conj"/>
		<feat xlink:href="#sSpan2619" value="punct"/>
		<feat xlink:href="#sSpan2623" value="nsubj"/>
		<feat xlink:href="#sSpan2628" value="root"/>
		<feat xlink:href="#sSpan2634" value="xcomp"/>
		<feat xlink:href="#sSpan2637" value="punct"/>
		<feat xlink:href="#sSpan2641" value="mark"/>
		<feat xlink:href="#sSpan2645" value="det"/>
		<feat xlink:href="#sSpan2648" value="nsubj"/>
		<feat xlink:href="#sSpan2650" value="det"/>
		<feat xlink:href="#sSpan2655" value="nsubj"/>
		<feat xlink:href="#sSpan2657" value="ccomp"/>
		<feat xlink:href="#sSpan2661" value="case"/>
		<feat xlink:href="#sSpan2669" value="obj"/>
		<feat xlink:href="#sSpan2671" value="punct"/>
		<feat xlink:href="#sSpan2675" value="mark"/>
		<feat xlink:href="#sSpan2679" value="ccomp"/>
		<feat xlink:href="#sSpan2681" value="cop"/>
		<feat xlink:href="#sSpan2685" value="punct"/>
		<feat xlink:href="#sSpan2689" value="parataxis"/>
		<feat xlink:href="#sSpan2694" value="cop"/>
		<feat xlink:href="#sSpan2698" value="punct"/>
		<feat xlink:href="#sSpan2702" value="cc"/>
		<feat xlink:href="#sSpan2706" value="conj"/>
		<feat xlink:href="#sSpan2711" value="det"/>
		<feat xlink:href="#sSpan2714" value="nsubj"/>
		<feat xlink:href="#sSpan2716" value="case"/>
		<feat xlink:href="#sSpan2721" value="obl"/>
		<feat xlink:href="#sSpan2723" value="punct"/>
		<feat xlink:href="#sSpan2727" value="mark"/>
		<feat xlink:href="#sSpan2733" value="aux"/>
		<feat xlink:href="#sSpan2735" value="nsubj"/>
		<feat xlink:href="#sSpan2737" value="root"/>
		<feat xlink:href="#sSpan2740" value="obj"/>
		<feat xlink:href="#sSpan2742" value="case"/>
		<feat xlink:href="#sSpan2746" value="det"/>
		<feat xlink:href="#sSpan2749" value="obl"/>
		<feat xlink:href="#sSpan2751" value="punct"/>
		<feat xlink:href="#sSpan2755" value="appos"/>
		<feat xlink:href="#sSpan2762" value="advmod"/>
		<feat xlink:href="#sSpan2766" value="case"/>
		<feat xlink:href="#sSpan2770" value="obl"/>
		<feat xlink:href="#sSpan2774" value="punct"/>
		<feat xlink:href="#sSpan2778" value="det"/>
		<feat xlink:href="#sSpan2783" value="det"/>
		<feat xlink:href="#sSpan2785" value="case"/>
		<feat xlink:href="#sSpan2789" value="obl"/>
		<feat xlink:href="#sSpan2793" value="case"/>
		<feat xlink:href="#sSpan2797" value="det"/>
		<feat xlink:href="#sSpan2800" value="orphan"/>
		<feat xlink:href="#sSpan2803" value="punct"/>
		<feat xlink:href="#sSpan2808" value="cc"/>
		<feat xlink:href="#sSpan2815" value="mark"/>
		<feat xlink:href="#sSpan2819" value="det"/>
		<feat xlink:href="#sSpan2822" value="advcl"/>
		<feat xlink:href="#sSpan2825" value="punct"/>
		<feat xlink:href="#sSpan2829" value="cc"/>
		<feat xlink:href="#sSpan2834" value="det"/>
		<feat xlink:href="#sSpan2837" value="conj"/>
		<feat xlink:href="#sSpan2839" value="punct"/>
		<feat xlink:href="#sSpan2843" value="cc"/>
		<feat xlink:href="#sSpan2848" value="det"/>
		<feat xlink:href="#sSpan2851" value="conj"/>
		<feat xlink:href="#sSpan2853" value="punct"/>
		<feat xlink:href="#sSpan2857" value="cc"/>
		<feat xlink:href="#sSpan2862" value="det"/>
		<feat xlink:href="#sSpan2865" value="conj"/>
		<feat xlink:href="#sSpan2867" value="punct"/>
		<feat xlink:href="#sSpan2871" value="cc"/>
		<feat xlink:href="#sSpan2876" value="det"/>
		<feat xlink:href="#sSpan2879" value="conj"/>
		<feat xlink:href="#sSpan2881" value="punct"/>
		<feat xlink:href="#sSpan2885" value="cc"/>
		<feat xlink:href="#sSpan2890" value="det"/>
		<feat xlink:href="#sSpan2893" value="conj"/>
		<feat xlink:href="#sSpan2895" value="punct"/>
		<feat xlink:href="#sSpan2899" value="cc"/>
		<feat xlink:href="#sSpan2904" value="det"/>
		<feat xlink:href="#sSpan2907" value="conj"/>
		<feat xlink:href="#sSpan2909" value="advmod"/>
		<feat xlink:href="#sSpan2914" value="det"/>
		<feat xlink:href="#sSpan2916" value="mark"/>
		<feat xlink:href="#sSpan2920" value="nsubj"/>
		<feat xlink:href="#sSpan2922" value="acl"/>
		<feat xlink:href="#sSpan2925" value="case"/>
		<feat xlink:href="#sSpan2929" value="obl"/>
		<feat xlink:href="#sSpan2931" value="cop"/>
		<feat xlink:href="#sSpan2935" value="det"/>
		<feat xlink:href="#sSpan2941" value="obl"/>
		<feat xlink:href="#sSpan2943" value="punct"/>
		<feat xlink:href="#sSpan2948" value="nsubj"/>
		<feat xlink:href="#sSpan2955" value="root"/>
		<feat xlink:href="#sSpan2958" value="xcomp"/>
		<feat xlink:href="#sSpan2961" value="advmod"/>
		<feat xlink:href="#sSpan2965" value="mark"/>
		<feat xlink:href="#sSpan2969" value="mark"/>
		<feat xlink:href="#sSpan2971" value="aux"/>
		<feat xlink:href="#sSpan2973" value="det"/>
		<feat xlink:href="#sSpan2978" value="nsubj"/>
		<feat xlink:href="#sSpan2980" value="case"/>
		<feat xlink:href="#sSpan2985" value="det"/>
		<feat xlink:href="#sSpan2989" value="nmod"/>
		<feat xlink:href="#sSpan2991" value="advmod"/>
		<feat xlink:href="#sSpan2996" value="det"/>
		<feat xlink:href="#sSpan2998" value="ccomp"/>
		<feat xlink:href="#sSpan3002" value="obj"/>
		<feat xlink:href="#sSpan3004" value="case"/>
		<feat xlink:href="#sSpan3008" value="det"/>
		<feat xlink:href="#sSpan3011" value="obl"/>
		<feat xlink:href="#sSpan3015" value="punct"/>
		<feat xlink:href="#sSpan3019" value="mark"/>
		<feat xlink:href="#sSpan3023" value="nsubj"/>
		<feat xlink:href="#sSpan3025" value="advcl"/>
		<feat xlink:href="#sSpan3027" value="mark"/>
		<feat xlink:href="#sSpan3032" value="nsubj"/>
		<feat xlink:href="#sSpan3034" value="aux"/>
		<feat xlink:href="#sSpan3036" value="ccomp"/>
		<feat xlink:href="#sSpan3038" value="obj"/>
		<feat xlink:href="#sSpan3040" value="case"/>
		<feat xlink:href="#sSpan3046" value="obl"/>
		<feat xlink:href="#sSpan3049" value="punct"/>
		<feat xlink:href="#sSpan3053" value="dep"/>
		<feat xlink:href="#sSpan3059" value="root"/>
		<feat xlink:href="#sSpan3064" value="dep"/>
		<feat xlink:href="#sSpan3067" value="advmod"/>
		<feat xlink:href="#sSpan3075" value="root"/>
		<feat xlink:href="#sSpan3077" value="cop"/>
		<feat xlink:href="#sSpan3082" value="mark"/>
		<feat xlink:href="#sSpan3086" value="csubj"/>
		<feat xlink:href="#sSpan3088" value="obj"/>
		<feat xlink:href="#sSpan3090" value="mark"/>
		<feat xlink:href="#sSpan3095" value="nsubj"/>
		<feat xlink:href="#sSpan3097" value="ccomp"/>
		<feat xlink:href="#sSpan3100" value="case"/>
		<feat xlink:href="#sSpan3104" value="det"/>
		<feat xlink:href="#sSpan3109" value="dislocated"/>
		<feat xlink:href="#sSpan3112" value="mark"/>
		<feat xlink:href="#sSpan3117" value="nsubj"/>
		<feat xlink:href="#sSpan3119" value="advcl"/>
		<feat xlink:href="#sSpan3121" value="case"/>
		<feat xlink:href="#sSpan3125" value="det"/>
		<feat xlink:href="#sSpan3128" value="obl"/>
		<feat xlink:href="#sSpan3131" value="mark"/>
		<feat xlink:href="#sSpan3136" value="aux"/>
		<feat xlink:href="#sSpan3138" value="det"/>
		<feat xlink:href="#sSpan3141" value="nsubj"/>
		<feat xlink:href="#sSpan3144" value="case"/>
		<feat xlink:href="#sSpan3149" value="nmod"/>
		<feat xlink:href="#sSpan3151" value="advcl"/>
		<feat xlink:href="#sSpan3156" value="obj"/>
		<feat xlink:href="#sSpan3158" value="punct"/>
		<feat xlink:href="#sSpan3162" value="mark"/>
		<feat xlink:href="#sSpan3166" value="aux"/>
		<feat xlink:href="#sSpan3168" value="nsubj"/>
		<feat xlink:href="#sSpan3170" value="advcl"/>
		<feat xlink:href="#sSpan3175" value="obj"/>
		<feat xlink:href="#sSpan3178" value="case"/>
		<feat xlink:href="#sSpan3182" value="nmod"/>
		<feat xlink:href="#sSpan3184" value="punct"/>
		<feat xlink:href="#sSpan3190" value="cc"/>
		<feat xlink:href="#sSpan3197" value="advmod"/>
		<feat xlink:href="#sSpan3201" value="case"/>
		<feat xlink:href="#sSpan3205" value="det"/>
		<feat xlink:href="#sSpan3208" value="root"/>
		<feat xlink:href="#sSpan3211" value="advmod"/>
		<feat xlink:href="#sSpan3215" value="cop"/>
		<feat xlink:href="#sSpan3219" value="punct"/>
		<feat xlink:href="#sSpan3224" value="mark"/>
		<feat xlink:href="#sSpan3231" value="det"/>
		<feat xlink:href="#sSpan3234" value="advcl"/>
		<feat xlink:href="#sSpan3237" value="advmod"/>
		<feat xlink:href="#sSpan3242" value="advmod"/>
		<feat xlink:href="#sSpan3246" value="cop"/>
		<feat xlink:href="#sSpan3250" value="punct"/>
		<feat xlink:href="#sSpan3254" value="det"/>
		<feat xlink:href="#sSpan3259" value="root"/>
		<feat xlink:href="#sSpan3262" value="cop"/>
		<feat xlink:href="#sSpan3266" value="det"/>
		<feat xlink:href="#sSpan3272" value="nmod"/>
		<feat xlink:href="#sSpan3276" value="nmod"/>
		<feat xlink:href="#sSpan3278" value="punct"/>
		<feat xlink:href="#sSpan3282" value="case"/>
		<feat xlink:href="#sSpan3286" value="fixed"/>
		<feat xlink:href="#sSpan3291" value="obl"/>
		<feat xlink:href="#sSpan3293" value="mark"/>
		<feat xlink:href="#sSpan3295" value="acl"/>
		<feat xlink:href="#sSpan3297" value="case"/>
		<feat xlink:href="#sSpan3302" value="obj"/>
		<feat xlink:href="#sSpan3304" value="punct"/>
		<feat xlink:href="#sSpan3308" value="mark"/>
		<feat xlink:href="#sSpan3312" value="nsubj"/>
		<feat xlink:href="#sSpan3314" value="det"/>
		<feat xlink:href="#sSpan3318" value="ccomp"/>
		<feat xlink:href="#sSpan3321" value="punct"/>
		<feat xlink:href="#sSpan3325" value="mark"/>
		<feat xlink:href="#sSpan3329" value="aux"/>
		<feat xlink:href="#sSpan3331" value="nsubj"/>
		<feat xlink:href="#sSpan3333" value="advcl"/>
		<feat xlink:href="#sSpan3335" value="case"/>
		<feat xlink:href="#sSpan3340" value="obl"/>
		<feat xlink:href="#sSpan3343" value="mark"/>
		<feat xlink:href="#sSpan3345" value="aux"/>
		<feat xlink:href="#sSpan3347" value="nsubj"/>
		<feat xlink:href="#sSpan3349" value="acl"/>
		<feat xlink:href="#sSpan3355" value="obj"/>
		<feat xlink:href="#sSpan3357" value="punct"/>
		<feat xlink:href="#sSpan3361" value="cc"/>
		<feat xlink:href="#sSpan3365" value="aux"/>
		<feat xlink:href="#sSpan3369" value="nsubj"/>
		<feat xlink:href="#sSpan3372" value="conj"/>
		<feat xlink:href="#sSpan3376" value="case"/>
		<feat xlink:href="#sSpan3380" value="obl"/>
		<feat xlink:href="#sSpan3383" value="mark"/>
		<feat xlink:href="#sSpan3385" value="acl"/>
		<feat xlink:href="#sSpan3388" value="case"/>
		<feat xlink:href="#sSpan3392" value="obj"/>
		<feat xlink:href="#sSpan3394" value="punct"/>
		<feat xlink:href="#sSpan3399" value="mark"/>
		<feat xlink:href="#sSpan3407" value="mark"/>
		<feat xlink:href="#sSpan3409" value="advcl"/>
		<feat xlink:href="#sSpan3411" value="mark"/>
		<feat xlink:href="#sSpan3415" value="xcomp"/>
		<feat xlink:href="#sSpan3419" value="case"/>
		<feat xlink:href="#sSpan3423" value="det"/>
		<feat xlink:href="#sSpan3426" value="obl"/>
		<feat xlink:href="#sSpan3428" value="punct"/>
		<feat xlink:href="#sSpan3433" value="mark"/>
		<feat xlink:href="#sSpan3438" value="root"/>
		<feat xlink:href="#sSpan3440" value="advmod"/>
		<feat xlink:href="#sSpan3444" value="case"/>
		<feat xlink:href="#sSpan3448" value="obl"/>
		<feat xlink:href="#sSpan3450" value="mark"/>
		<feat xlink:href="#sSpan3455" value="xcomp"/>
		<feat xlink:href="#sSpan3457" value="det"/>
		<feat xlink:href="#sSpan3460" value="obl"/>
		<feat xlink:href="#sSpan3463" value="case"/>
		<feat xlink:href="#sSpan3467" value="det"/>
		<feat xlink:href="#sSpan3470" value="nmod"/>
		<feat xlink:href="#sSpan3472" value="mark"/>
		<feat xlink:href="#sSpan3476" value="acl"/>
		<feat xlink:href="#sSpan3479" value="punct"/>
		<feat xlink:href="#sSpan3483" value="appos"/>
		<feat xlink:href="#sSpan3488" value="mark"/>
		<feat xlink:href="#sSpan3492" value="aux"/>
		<feat xlink:href="#sSpan3494" value="det"/>
		<feat xlink:href="#sSpan3498" value="nsubj"/>
		<feat xlink:href="#sSpan3500" value="acl"/>
		<feat xlink:href="#sSpan3505" value="obj"/>
		<feat xlink:href="#sSpan3507" value="case"/>
		<feat xlink:href="#sSpan3511" value="det"/>
		<feat xlink:href="#sSpan3513" value="obl"/>
		<feat xlink:href="#sSpan3516" value="mark"/>
		<feat xlink:href="#sSpan3520" value="aux"/>
		<feat xlink:href="#sSpan3522" value="nsubj"/>
		<feat xlink:href="#sSpan3525" value="ccomp"/>
		<feat xlink:href="#sSpan3527" value="case"/>
		<feat xlink:href="#sSpan3533" value="obl"/>
		<feat xlink:href="#sSpan3536" value="punct"/>
		<feat xlink:href="#sSpan3540" value="cc"/>
		<feat xlink:href="#sSpan3544" value="aux"/>
		<feat xlink:href="#sSpan3548" value="nsubj"/>
		<feat xlink:href="#sSpan3551" value="conj"/>
		<feat xlink:href="#sSpan3555" value="case"/>
		<feat xlink:href="#sSpan3560" value="obl"/>
		<feat xlink:href="#sSpan3563" value="case"/>
		<feat xlink:href="#sSpan3568" value="det"/>
		<feat xlink:href="#sSpan3572" value="nmod"/>
		<feat xlink:href="#sSpan3575" value="punct"/>
		<feat xlink:href="#sSpan3579" value="case"/>
		<feat xlink:href="#sSpan3583" value="det"/>
		<feat xlink:href="#sSpan3585" value="obl"/>
		<feat xlink:href="#sSpan3587" value="advmod"/>
		<feat xlink:href="#sSpan3591" value="mark"/>
		<feat xlink:href="#sSpan3596" value="det"/>
		<feat xlink:href="#sSpan3599" value="nsubj"/>
		<feat xlink:href="#sSpan3601" value="mark"/>
		<feat xlink:href="#sSpan3606" value="acl"/>
		<feat xlink:href="#sSpan3609" value="acl"/>
		<feat xlink:href="#sSpan3615" value="case"/>
		<feat xlink:href="#sSpan3619" value="obl"/>
		<feat xlink:href="#sSpan3622" value="punct"/>
		<feat xlink:href="#sSpan3626" value="cc"/>
		<feat xlink:href="#sSpan3630" value="mark"/>
		<feat xlink:href="#sSpan3635" value="nsubj"/>
		<feat xlink:href="#sSpan3638" value="conj"/>
		<feat xlink:href="#sSpan3641" value="case"/>
		<feat xlink:href="#sSpan3645" value="obj"/>
		<feat xlink:href="#sSpan3648" value="mark"/>
		<feat xlink:href="#sSpan3650" value="acl"/>
		<feat xlink:href="#sSpan3652" value="nsubj"/>
		<feat xlink:href="#sSpan3655" value="case"/>
		<feat xlink:href="#sSpan3659" value="iobj"/>
		<feat xlink:href="#sSpan3661" value="mark"/>
		<feat xlink:href="#sSpan3666" value="xcomp"/>
		<feat xlink:href="#sSpan3669" value="xcomp"/>
		<feat xlink:href="#sSpan3673" value="mark"/>
		<feat xlink:href="#sSpan3677" value="mark"/>
		<feat xlink:href="#sSpan3679" value="nsubj"/>
		<feat xlink:href="#sSpan3681" value="ccomp"/>
		<feat xlink:href="#sSpan3684" value="case"/>
		<feat xlink:href="#sSpan3689" value="det"/>
		<feat xlink:href="#sSpan3693" value="obl"/>
		<feat xlink:href="#sSpan3695" value="punct"/>
		<feat xlink:href="#sSpan3700" value="case"/>
		<feat xlink:href="#sSpan3709" value="obl"/>
		<feat xlink:href="#sSpan3712" value="aux"/>
		<feat xlink:href="#sSpan3716" value="det"/>
		<feat xlink:href="#sSpan3722" value="nsubj"/>
		<feat xlink:href="#sSpan3724" value="root"/>
		<feat xlink:href="#sSpan3729" value="obj"/>
		<feat xlink:href="#sSpan3731" value="case"/>
		<feat xlink:href="#sSpan3735" value="det"/>
		<feat xlink:href="#sSpan3738" value="obl"/>
		<feat xlink:href="#sSpan3740" value="punct"/>
		<feat xlink:href="#sSpan3745" value="cc"/>
		<feat xlink:href="#sSpan3749" value="nsubj"/>
		<feat xlink:href="#sSpan3754" value="det"/>
		<feat xlink:href="#sSpan3759" value="conj"/>
		<feat xlink:href="#sSpan3761" value="case"/>
		<feat xlink:href="#sSpan3766" value="det"/>
		<feat xlink:href="#sSpan3769" value="nmod"/>
		<feat xlink:href="#sSpan3771" value="mark"/>
		<feat xlink:href="#sSpan3775" value="aux"/>
		<feat xlink:href="#sSpan3778" value="nsubj"/>
		<feat xlink:href="#sSpan3781" value="ccomp"/>
		<feat xlink:href="#sSpan3784" value="obj"/>
		<feat xlink:href="#sSpan3787" value="case"/>
		<feat xlink:href="#sSpan3791" value="nmod"/>
		<feat xlink:href="#sSpan3794" value="punct"/>
		<feat xlink:href="#sSpan3799" value="mark"/>
		<feat xlink:href="#sSpan3804" value="nsubj"/>
		<feat xlink:href="#sSpan3806" value="advcl"/>
		<feat xlink:href="#sSpan3808" value="case"/>
		<feat xlink:href="#sSpan3812" value="obj"/>
		<feat xlink:href="#sSpan3814" value="mark"/>
		<feat xlink:href="#sSpan3818" value="aux"/>
		<feat xlink:href="#sSpan3821" value="nsubj"/>
		<feat xlink:href="#sSpan3823" value="ccomp"/>
		<feat xlink:href="#sSpan3825" value="obj"/>
		<feat xlink:href="#sSpan3828" value="mark"/>
		<feat xlink:href="#sSpan3830" value="aux"/>
		<feat xlink:href="#sSpan3833" value="acl"/>
		<feat xlink:href="#sSpan3835" value="case"/>
		<feat xlink:href="#sSpan3839" value="obj"/>
		<feat xlink:href="#sSpan3841" value="punct"/>
		<feat xlink:href="#sSpan3846" value="case"/>
		<feat xlink:href="#sSpan3851" value="obl"/>
		<feat xlink:href="#sSpan3854" value="mark"/>
		<feat xlink:href="#sSpan3856" value="aux"/>
		<feat xlink:href="#sSpan3858" value="nsubj"/>
		<feat xlink:href="#sSpan3861" value="acl"/>
		<feat xlink:href="#sSpan3865" value="obj"/>
		<feat xlink:href="#sSpan3867" value="obj"/>
		<feat xlink:href="#sSpan3869" value="punct"/>
		<feat xlink:href="#sSpan3873" value="mark"/>
		<feat xlink:href="#sSpan3879" value="nsubj"/>
		<feat xlink:href="#sSpan3881" value="root"/>
		<feat xlink:href="#sSpan3884" value="case"/>
		<feat xlink:href="#sSpan3888" value="obj"/>
		<feat xlink:href="#sSpan3890" value="advmod"/>
		<feat xlink:href="#sSpan3894" value="mark"/>
		<feat xlink:href="#sSpan3899" value="aux"/>
		<feat xlink:href="#sSpan3901" value="nsubj"/>
		<feat xlink:href="#sSpan3903" value="ccomp"/>
		<feat xlink:href="#sSpan3906" value="obj"/>
		<feat xlink:href="#sSpan3909" value="mark"/>
		<feat xlink:href="#sSpan3911" value="acl"/>
		<feat xlink:href="#sSpan3913" value="case"/>
		<feat xlink:href="#sSpan3918" value="obj"/>
		<feat xlink:href="#sSpan3921" value="mark"/>
		<feat xlink:href="#sSpan3924" value="acl"/>
		<feat xlink:href="#sSpan3927" value="case"/>
		<feat xlink:href="#sSpan3932" value="obl"/>
		<feat xlink:href="#sSpan3934" value="det"/>
		<feat xlink:href="#sSpan3940" value="appos"/>
		<feat xlink:href="#sSpan3942" value="punct"/>
		<feat xlink:href="#sSpan3947" value="mark"/>
		<feat xlink:href="#sSpan3954" value="nsubj"/>
		<feat xlink:href="#sSpan3956" value="advcl"/>
		<feat xlink:href="#sSpan3959" value="obj"/>
		<feat xlink:href="#sSpan3962" value="advmod"/>
		<feat xlink:href="#sSpan3966" value="case"/>
		<feat xlink:href="#sSpan3970" value="dislocated"/>
		<feat xlink:href="#sSpan3973" value="mark"/>
		<feat xlink:href="#sSpan3975" value="acl"/>
		<feat xlink:href="#sSpan3978" value="punct"/>
		<feat xlink:href="#sSpan3982" value="mark"/>
		<feat xlink:href="#sSpan3986" value="nsubj"/>
		<feat xlink:href="#sSpan3988" value="root"/>
		<feat xlink:href="#sSpan3991" value="case"/>
		<feat xlink:href="#sSpan3995" value="det"/>
		<feat xlink:href="#sSpan3998" value="obl"/>
		<feat xlink:href="#sSpan4000" value="mark"/>
		<feat xlink:href="#sSpan4005" value="advmod"/>
		<feat xlink:href="#sSpan4007" value="case"/>
		<feat xlink:href="#sSpan4011" value="obl"/>
		<feat xlink:href="#sSpan4013" value="nsubj"/>
		<feat xlink:href="#sSpan4018" value="ccomp"/>
		<feat xlink:href="#sSpan4020" value="case"/>
		<feat xlink:href="#sSpan4024" value="det"/>
		<feat xlink:href="#sSpan4027" value="obl"/>
		<feat xlink:href="#sSpan4030" value="punct"/>
		<feat xlink:href="#sSpan4034" value="mark"/>
		<feat xlink:href="#sSpan4038" value="nsubj"/>
		<feat xlink:href="#sSpan4040" value="parataxis"/>
		<feat xlink:href="#sSpan4042" value="case"/>
		<feat xlink:href="#sSpan4047" value="obj"/>
		<feat xlink:href="#sSpan4049" value="mark"/>
		<feat xlink:href="#sSpan4053" value="det"/>
		<feat xlink:href="#sSpan4057" value="ccomp"/>
		<feat xlink:href="#sSpan4062" value="case"/>
		<feat xlink:href="#sSpan4066" value="det"/>
		<feat xlink:href="#sSpan4069" value="nmod"/></featList></paula>