<?xml version='1.0' encoding='UTF-8'?><!DOCTYPE paula SYSTEM "paula_feat.dtd">
<paula version="1.1">
	<header paula_id="scriptorium.shenoute.those.GF301-306.mark_supplied_reason"/>
	<featList xmlns:xlink="http://www.w3.org/1999/xlink" type="supplied_reason" xml:base="scriptorium.shenoute.those.GF301-306.mark.xml">
		<feat xlink:href="#sSpan958" value="lost"/>
		<feat xlink:href="#sSpan971" value="lost"/>
		<feat xlink:href="#sSpan977" value="lost"/>
		<feat xlink:href="#sSpan1740" value="lost"/>
		<feat xlink:href="#sSpan1759" value="lost"/>
		<feat xlink:href="#sSpan2046" value="lost"/>
		<feat xlink:href="#sSpan2056" value="lost"/>
		<feat xlink:href="#sSpan2062" value="lost"/>
		<feat xlink:href="#sSpan3094" value="lost"/>
		<feat xlink:href="#sSpan3401" value="lost"/>
		<feat xlink:href="#sSpan3417" value="lost"/>
		<feat xlink:href="#sSpan3432" value="lost"/></featList></paula>