<?xml version='1.0' encoding='UTF-8'?><!DOCTYPE paula SYSTEM "paula_feat.dtd">
<paula version="1.1">
	<header paula_id="scriptorium.shenoute.those.GF301-306.mark_morph"/>
	<featList xmlns:xlink="http://www.w3.org/1999/xlink" type="morph" xml:base="scriptorium.shenoute.those.GF301-306.mark.xml">
		<feat xlink:href="#sSpan127" value="ⲙⲛⲧ"/>
		<feat xlink:href="#sSpan131" value="ⲁⲥⲉⲃⲏⲥ"/>
		<feat xlink:href="#sSpan212" value="ⲙⲛⲧ"/>
		<feat xlink:href="#sSpan215" value="ⲁⲧ"/>
		<feat xlink:href="#sSpan217" value="ⲛⲟⲩⲧⲉ"/>
		<feat xlink:href="#sSpan477" value="ⲣ"/>
		<feat xlink:href="#sSpan480" value="ⲛⲟⲃⲉ"/>
		<feat xlink:href="#sSpan566" value="ⲣ"/>
		<feat xlink:href="#sSpan569" value="ϩⲟⲩⲉ"/>
		<feat xlink:href="#sSpan570" value="ⲥϩⲟⲩⲟⲣⲧ"/>
		<feat xlink:href="#sSpan637" value="ϫⲓ"/>
		<feat xlink:href="#sSpan640" value="ⲏⲡ"/>
		<feat xlink:href="#sSpan767" value="ⲙⲛⲧ"/>
		<feat xlink:href="#sSpan771" value="ϣⲙⲏⲛ"/>
		<feat xlink:href="#sSpan853" value="ⲁⲧ"/>
		<feat xlink:href="#sSpan856" value="ⲛⲟⲩⲧⲉ"/>
		<feat xlink:href="#sSpan2177" value="ⲣ"/>
		<feat xlink:href="#sSpan2180" value="ⲟⲩⲟⲉⲓⲛ"/>
		<feat xlink:href="#sSpan2357" value="ⲥⲉⲕ"/>
		<feat xlink:href="#sSpan2362" value="ⲛⲁϩⲃ"/>
		<feat xlink:href="#sSpan2376" value="ϥⲓ"/>
		<feat xlink:href="#sSpan2379" value="ⲉⲧⲡⲱ"/>
		<feat xlink:href="#sSpan2627" value="ⲣ"/>
		<feat xlink:href="#sSpan2631" value="ϩⲟⲩⲉ"/>
		<feat xlink:href="#sSpan2632" value="ⲥϩⲟⲩⲉ"/>
		<feat xlink:href="#sSpan2633" value="ⲥϩⲟⲩⲟⲣⲧ"/>
		<feat xlink:href="#sSpan2954" value="ⲣ"/>
		<feat xlink:href="#sSpan2957" value="ϩⲟⲩⲉ"/>
		<feat xlink:href="#sSpan3108" value="ⲁⲧ"/>
		<feat xlink:href="#sSpan3111" value="ⲛⲟⲩⲧⲉ"/>
		<feat xlink:href="#sSpan3172" value="ⲉⲣ"/>
		<feat xlink:href="#sSpan3174" value="ⲗⲁⲁⲩ"/>
		<feat xlink:href="#sSpan3271" value="ϣⲟⲩ"/>
		<feat xlink:href="#sSpan3274" value="ⲥⲁϩⲟⲩ"/>
		<feat xlink:href="#sSpan3371" value="ϫⲓ"/>
		<feat xlink:href="#sSpan3375" value="ⲟⲩⲁ"/>
		<feat xlink:href="#sSpan3550" value="ϯ"/>
		<feat xlink:href="#sSpan3554" value="ϫⲣⲟⲡ"/>
		<feat xlink:href="#sSpan3608" value="ϯ"/>
		<feat xlink:href="#sSpan3613" value="ϫⲣⲟⲡ"/>
		<feat xlink:href="#sSpan3668" value="ⲣ"/>
		<feat xlink:href="#sSpan3672" value="ⲉⲓⲙⲉ"/>
		<feat xlink:href="#sSpan3780" value="ⲥϩⲟⲩⲉⲣ"/>
		<feat xlink:href="#sSpan3783" value="ⲗⲁⲁⲩ"/>
		<feat xlink:href="#sSpan3860" value="ϣⲣⲡ"/>
		<feat xlink:href="#sSpan3864" value="ϫⲟⲟ"/>
		<feat xlink:href="#sSpan3923" value="ϯ"/>
		<feat xlink:href="#sSpan3926" value="ⲉⲟⲟⲩ"/>
		<feat xlink:href="#sSpan4056" value="ⲙⲛⲧ"/>
		<feat xlink:href="#sSpan4059" value="ⲁⲧ"/>
		<feat xlink:href="#sSpan4061" value="ϩⲏⲧ"/></featList></paula>