<?xml version='1.0' encoding='UTF-8'?><!DOCTYPE paula SYSTEM "paula_feat.dtd">
<paula version="1.1">
	<header paula_id="scriptorium.life.onnophrius.01.mark_pb_xml_id"/>
	<featList xmlns:xlink="http://www.w3.org/1999/xlink" type="pb_xml_id" xml:base="scriptorium.life.onnophrius.01.mark.xml">
		<feat xlink:href="#sSpan10" value="MERC.AC1"/>
		<feat xlink:href="#sSpan553" value="MERC.AC2"/>
		<feat xlink:href="#sSpan1212" value="MERC.AC3"/>
		<feat xlink:href="#sSpan1871" value="MERC.AC4"/>
		<feat xlink:href="#sSpan2625" value="MERC.AC5"/>
		<feat xlink:href="#sSpan3301" value="MERC.AC6"/>
		<feat xlink:href="#sSpan4028" value="MERC.AC7"/>
		<feat xlink:href="#sSpan4706" value="MERC.AC8"/>
		<feat xlink:href="#sSpan5439" value="MERC.AC9"/>
		<feat xlink:href="#sSpan6114" value="MERC.AC10"/>
		<feat xlink:href="#sSpan6776" value="MERC.AC11"/>
		<feat xlink:href="#sSpan7441" value="MERC.AC12"/>
		<feat xlink:href="#sSpan8074" value="MERC.AC13"/>
		<feat xlink:href="#sSpan8679" value="MERC.AC14"/></featList></paula>