<?xml version='1.0' encoding='UTF-8'?><!DOCTYPE paula SYSTEM "paula_feat.dtd">
<paula version="1.1">
	<header paula_id="scriptorium.life.onnophrius.01.mark_entity"/>
	<featList xmlns:xlink="http://www.w3.org/1999/xlink" type="entity" xml:base="scriptorium.life.onnophrius.01.mark.xml">
		<feat xlink:href="#sSpan6" value="abstract"/>
		<feat xlink:href="#sSpan23" value="abstract"/>
		<feat xlink:href="#sSpan32" value="person"/>
		<feat xlink:href="#sSpan58" value="abstract"/>
		<feat xlink:href="#sSpan102" value="abstract"/>
		<feat xlink:href="#sSpan114" value="time"/>
		<feat xlink:href="#sSpan123" value="time"/>
		<feat xlink:href="#sSpan136" value="abstract"/>
		<feat xlink:href="#sSpan147" value="person"/>
		<feat xlink:href="#sSpan187" value="person"/>
		<feat xlink:href="#sSpan204" value="abstract"/>
		<feat xlink:href="#sSpan236" value="person"/>
		<feat xlink:href="#sSpan253" value="abstract"/>
		<feat xlink:href="#sSpan272" value="abstract"/>
		<feat xlink:href="#sSpan299" value="person"/>
		<feat xlink:href="#sSpan319" value="time"/>
		<feat xlink:href="#sSpan343" value="place"/>
		<feat xlink:href="#sSpan375" value="person"/>
		<feat xlink:href="#sSpan419" value="time"/>
		<feat xlink:href="#sSpan433" value="time"/>
		<feat xlink:href="#sSpan490" value="place"/>
		<feat xlink:href="#sSpan520" value="time"/>
		<feat xlink:href="#sSpan549" value="place"/>
		<feat xlink:href="#sSpan601" value="object"/>
		<feat xlink:href="#sSpan621" value="time"/>
		<feat xlink:href="#sSpan645" value="person"/>
		<feat xlink:href="#sSpan684" value="object"/>
		<feat xlink:href="#sSpan695" value="person"/>
		<feat xlink:href="#sSpan702" value="place"/>
		<feat xlink:href="#sSpan735" value="person"/>
		<feat xlink:href="#sSpan768" value="object"/>
		<feat xlink:href="#sSpan797" value="object"/>
		<feat xlink:href="#sSpan814" value="object"/>
		<feat xlink:href="#sSpan833" value="object"/>
		<feat xlink:href="#sSpan859" value="substance"/>
		<feat xlink:href="#sSpan887" value="object"/>
		<feat xlink:href="#sSpan945" value="object"/>
		<feat xlink:href="#sSpan985" value="object"/>
		<feat xlink:href="#sSpan1033" value="object"/>
		<feat xlink:href="#sSpan1115" value="object"/>
		<feat xlink:href="#sSpan1160" value="object"/>
		<feat xlink:href="#sSpan1169" value="object"/>
		<feat xlink:href="#sSpan1215" value="place"/>
		<feat xlink:href="#sSpan1254" value="place"/>
		<feat xlink:href="#sSpan1276" value="place"/>
		<feat xlink:href="#sSpan1291" value="abstract"/>
		<feat xlink:href="#sSpan1322" value="object"/>
		<feat xlink:href="#sSpan1335" value="person"/>
		<feat xlink:href="#sSpan1383" value="person"/>
		<feat xlink:href="#sSpan1426" value="place"/>
		<feat xlink:href="#sSpan1435" value="person"/>
		<feat xlink:href="#sSpan1445" value="person"/>
		<feat xlink:href="#sSpan1470" value="place"/>
		<feat xlink:href="#sSpan1503" value="place"/>
		<feat xlink:href="#sSpan1530" value="time"/>
		<feat xlink:href="#sSpan1567" value="abstract"/>
		<feat xlink:href="#sSpan1595" value="object"/>
		<feat xlink:href="#sSpan1627" value="animal"/>
		<feat xlink:href="#sSpan1654" value="place"/>
		<feat xlink:href="#sSpan1667" value="person"/>
		<feat xlink:href="#sSpan1683" value="place"/>
		<feat xlink:href="#sSpan1744" value="object"/>
		<feat xlink:href="#sSpan1758" value="abstract"/>
		<feat xlink:href="#sSpan1784" value="object"/>
		<feat xlink:href="#sSpan1859" value="person"/>
		<feat xlink:href="#sSpan1911" value="person"/>
		<feat xlink:href="#sSpan1962" value="time"/>
		<feat xlink:href="#sSpan2070" value="person"/>
		<feat xlink:href="#sSpan2079" value="person"/>
		<feat xlink:href="#sSpan2107" value="object"/>
		<feat xlink:href="#sSpan2122" value="person"/>
		<feat xlink:href="#sSpan2156" value="object"/>
		<feat xlink:href="#sSpan2166" value="substance"/>
		<feat xlink:href="#sSpan2218" value="abstract"/>
		<feat xlink:href="#sSpan2228" value="abstract"/>
		<feat xlink:href="#sSpan2290" value="place"/>
		<feat xlink:href="#sSpan2330" value="place"/>
		<feat xlink:href="#sSpan2390" value="place"/>
		<feat xlink:href="#sSpan2413" value="person"/>
		<feat xlink:href="#sSpan2423" value="person"/>
		<feat xlink:href="#sSpan2442" value="place"/>
		<feat xlink:href="#sSpan2460" value="person"/>
		<feat xlink:href="#sSpan2479" value="person"/>
		<feat xlink:href="#sSpan2528" value="place"/>
		<feat xlink:href="#sSpan2587" value="place"/>
		<feat xlink:href="#sSpan2647" value="object"/>
		<feat xlink:href="#sSpan2721" value="person"/>
		<feat xlink:href="#sSpan2749" value="organization"/>
		<feat xlink:href="#sSpan2776" value="place"/>
		<feat xlink:href="#sSpan2789" value="abstract"/>
		<feat xlink:href="#sSpan2803" value="abstract"/>
		<feat xlink:href="#sSpan2847" value="place"/>
		<feat xlink:href="#sSpan2906" value="person"/>
		<feat xlink:href="#sSpan2969" value="abstract"/>
		<feat xlink:href="#sSpan2982" value="abstract"/>
		<feat xlink:href="#sSpan3002" value="abstract"/>
		<feat xlink:href="#sSpan3064" value="organization"/>
		<feat xlink:href="#sSpan3098" value="place"/>
		<feat xlink:href="#sSpan3142" value="person"/>
		<feat xlink:href="#sSpan3171" value="abstract"/>
		<feat xlink:href="#sSpan3196" value="abstract"/>
		<feat xlink:href="#sSpan3204" value="person"/>
		<feat xlink:href="#sSpan3213" value="person"/>
		<feat xlink:href="#sSpan3235" value="time"/>
		<feat xlink:href="#sSpan3255" value="abstract"/>
		<feat xlink:href="#sSpan3281" value="abstract"/>
		<feat xlink:href="#sSpan3294" value="person"/>
		<feat xlink:href="#sSpan3304" value="person"/>
		<feat xlink:href="#sSpan3321" value="person"/>
		<feat xlink:href="#sSpan3335" value="person"/>
		<feat xlink:href="#sSpan3386" value="abstract"/>
		<feat xlink:href="#sSpan3430" value="person"/>
		<feat xlink:href="#sSpan3464" value="person"/>
		<feat xlink:href="#sSpan3518" value="abstract"/>
		<feat xlink:href="#sSpan3604" value="abstract"/>
		<feat xlink:href="#sSpan3622" value="abstract"/>
		<feat xlink:href="#sSpan3645" value="event"/>
		<feat xlink:href="#sSpan3665" value="person"/>
		<feat xlink:href="#sSpan3680" value="abstract"/>
		<feat xlink:href="#sSpan3701" value="abstract"/>
		<feat xlink:href="#sSpan3727" value="abstract"/>
		<feat xlink:href="#sSpan3779" value="abstract"/>
		<feat xlink:href="#sSpan3803" value="time"/>
		<feat xlink:href="#sSpan3827" value="event"/>
		<feat xlink:href="#sSpan3849" value="abstract"/>
		<feat xlink:href="#sSpan3892" value="abstract"/>
		<feat xlink:href="#sSpan3917" value="abstract"/>
		<feat xlink:href="#sSpan3927" value="time"/>
		<feat xlink:href="#sSpan3967" value="abstract"/>
		<feat xlink:href="#sSpan3980" value="abstract"/>
		<feat xlink:href="#sSpan4043" value="abstract"/>
		<feat xlink:href="#sSpan4070" value="abstract"/>
		<feat xlink:href="#sSpan4079" value="abstract"/>
		<feat xlink:href="#sSpan4152" value="abstract"/>
		<feat xlink:href="#sSpan4182" value="abstract"/>
		<feat xlink:href="#sSpan4206" value="time"/>
		<feat xlink:href="#sSpan4255" value="abstract"/>
		<feat xlink:href="#sSpan4273" value="event"/>
		<feat xlink:href="#sSpan4282" value="object"/>
		<feat xlink:href="#sSpan4293" value="abstract"/>
		<feat xlink:href="#sSpan4310" value="object"/>
		<feat xlink:href="#sSpan4332" value="animal"/>
		<feat xlink:href="#sSpan4360" value="abstract"/>
		<feat xlink:href="#sSpan4390" value="place"/>
		<feat xlink:href="#sSpan4412" value="place"/>
		<feat xlink:href="#sSpan4462" value="abstract"/>
		<feat xlink:href="#sSpan4512" value="place"/>
		<feat xlink:href="#sSpan4542" value="abstract"/>
		<feat xlink:href="#sSpan4557" value="person"/>
		<feat xlink:href="#sSpan4587" value="place"/>
		<feat xlink:href="#sSpan4596" value="substance"/>
		<feat xlink:href="#sSpan4603" value="plant"/>
		<feat xlink:href="#sSpan4612" value="place"/>
		<feat xlink:href="#sSpan4628" value="plant"/>
		<feat xlink:href="#sSpan4638" value="plant"/>
		<feat xlink:href="#sSpan4664" value="time"/>
		<feat xlink:href="#sSpan4671" value="plant"/>
		<feat xlink:href="#sSpan4683" value="time"/>
		<feat xlink:href="#sSpan4693" value="plant"/>
		<feat xlink:href="#sSpan4731" value="time"/>
		<feat xlink:href="#sSpan4744" value="object"/>
		<feat xlink:href="#sSpan4766" value="object"/>
		<feat xlink:href="#sSpan4784" value="substance"/>
		<feat xlink:href="#sSpan4797" value="object"/>
		<feat xlink:href="#sSpan4828" value="object"/>
		<feat xlink:href="#sSpan4874" value="place"/>
		<feat xlink:href="#sSpan4902" value="object"/>
		<feat xlink:href="#sSpan4923" value="time"/>
		<feat xlink:href="#sSpan4954" value="place"/>
		<feat xlink:href="#sSpan4967" value="abstract"/>
		<feat xlink:href="#sSpan4988" value="abstract"/>
		<feat xlink:href="#sSpan5054" value="time"/>
		<feat xlink:href="#sSpan5079" value="place"/>
		<feat xlink:href="#sSpan5147" value="person"/>
		<feat xlink:href="#sSpan5183" value="place"/>
		<feat xlink:href="#sSpan5193" value="abstract"/>
		<feat xlink:href="#sSpan5233" value="place"/>
		<feat xlink:href="#sSpan5243" value="abstract"/>
		<feat xlink:href="#sSpan5275" value="person"/>
		<feat xlink:href="#sSpan5284" value="abstract"/>
		<feat xlink:href="#sSpan5325" value="abstract"/>
		<feat xlink:href="#sSpan5344" value="abstract"/>
		<feat xlink:href="#sSpan5385" value="person"/>
		<feat xlink:href="#sSpan5474" value="abstract"/>
		<feat xlink:href="#sSpan5518" value="person"/>
		<feat xlink:href="#sSpan5536" value="object"/>
		<feat xlink:href="#sSpan5577" value="place"/>
		<feat xlink:href="#sSpan5622" value="object"/>
		<feat xlink:href="#sSpan5652" value="object"/>
		<feat xlink:href="#sSpan5672" value="object"/>
		<feat xlink:href="#sSpan5698" value="object"/>
		<feat xlink:href="#sSpan5715" value="object"/>
		<feat xlink:href="#sSpan5747" value="object"/>
		<feat xlink:href="#sSpan5767" value="object"/>
		<feat xlink:href="#sSpan5816" value="animal"/>
		<feat xlink:href="#sSpan5825" value="object"/>
		<feat xlink:href="#sSpan5851" value="object"/>
		<feat xlink:href="#sSpan5865" value="place"/>
		<feat xlink:href="#sSpan5874" value="time"/>
		<feat xlink:href="#sSpan5902" value="object"/>
		<feat xlink:href="#sSpan5912" value="object"/>
		<feat xlink:href="#sSpan5933" value="place"/>
		<feat xlink:href="#sSpan6018" value="abstract"/>
		<feat xlink:href="#sSpan6029" value="abstract"/>
		<feat xlink:href="#sSpan6062" value="person"/>
		<feat xlink:href="#sSpan6082" value="time"/>
		<feat xlink:href="#sSpan6095" value="time"/>
		<feat xlink:href="#sSpan6111" value="object"/>
		<feat xlink:href="#sSpan6119" value="place"/>
		<feat xlink:href="#sSpan6169" value="object"/>
		<feat xlink:href="#sSpan6191" value="place"/>
		<feat xlink:href="#sSpan6208" value="abstract"/>
		<feat xlink:href="#sSpan6236" value="object"/>
		<feat xlink:href="#sSpan6245" value="animal"/>
		<feat xlink:href="#sSpan6299" value="place"/>
		<feat xlink:href="#sSpan6376" value="event"/>
		<feat xlink:href="#sSpan6387" value="person"/>
		<feat xlink:href="#sSpan6432" value="abstract"/>
		<feat xlink:href="#sSpan6468" value="person"/>
		<feat xlink:href="#sSpan6476" value="abstract"/>
		<feat xlink:href="#sSpan6489" value="abstract"/>
		<feat xlink:href="#sSpan6505" value="person"/>
		<feat xlink:href="#sSpan6521" value="person"/>
		<feat xlink:href="#sSpan6540" value="abstract"/>
		<feat xlink:href="#sSpan6602" value="object"/>
		<feat xlink:href="#sSpan6619" value="abstract"/>
		<feat xlink:href="#sSpan6689" value="person"/>
		<feat xlink:href="#sSpan6723" value="abstract"/>
		<feat xlink:href="#sSpan6730" value="person"/>
		<feat xlink:href="#sSpan6754" value="abstract"/>
		<feat xlink:href="#sSpan6779" value="time"/>
		<feat xlink:href="#sSpan6809" value="person"/>
		<feat xlink:href="#sSpan6854" value="abstract"/>
		<feat xlink:href="#sSpan6951" value="abstract"/>
		<feat xlink:href="#sSpan7007" value="place"/>
		<feat xlink:href="#sSpan7024" value="time"/>
		<feat xlink:href="#sSpan7067" value="object"/>
		<feat xlink:href="#sSpan7080" value="place"/>
		<feat xlink:href="#sSpan7114" value="person"/>
		<feat xlink:href="#sSpan7194" value="time"/>
		<feat xlink:href="#sSpan7214" value="time"/>
		<feat xlink:href="#sSpan7294" value="person"/>
		<feat xlink:href="#sSpan7307" value="place"/>
		<feat xlink:href="#sSpan7325" value="abstract"/>
		<feat xlink:href="#sSpan7340" value="object"/>
		<feat xlink:href="#sSpan7361" value="object"/>
		<feat xlink:href="#sSpan7384" value="object"/>
		<feat xlink:href="#sSpan7387" value="animal"/>
		<feat xlink:href="#sSpan7425" value="plant"/>
		<feat xlink:href="#sSpan7438" value="abstract"/>
		<feat xlink:href="#sSpan7509" value="place"/>
		<feat xlink:href="#sSpan7532" value="animal"/>
		<feat xlink:href="#sSpan7593" value="abstract"/>
		<feat xlink:href="#sSpan7603" value="place"/>
		<feat xlink:href="#sSpan7635" value="abstract"/>
		<feat xlink:href="#sSpan7659" value="abstract"/>
		<feat xlink:href="#sSpan7674" value="abstract"/>
		<feat xlink:href="#sSpan7720" value="object"/>
		<feat xlink:href="#sSpan7734" value="place"/>
		<feat xlink:href="#sSpan7802" value="person"/>
		<feat xlink:href="#sSpan7838" value="person"/>
		<feat xlink:href="#sSpan7870" value="place"/>
		<feat xlink:href="#sSpan7884" value="abstract"/>
		<feat xlink:href="#sSpan7923" value="person"/>
		<feat xlink:href="#sSpan7946" value="person"/>
		<feat xlink:href="#sSpan7974" value="abstract"/>
		<feat xlink:href="#sSpan8031" value="abstract"/>
		<feat xlink:href="#sSpan8069" value="person"/>
		<feat xlink:href="#sSpan8077" value="abstract"/>
		<feat xlink:href="#sSpan8098" value="time"/>
		<feat xlink:href="#sSpan8118" value="place"/>
		<feat xlink:href="#sSpan8141" value="place"/>
		<feat xlink:href="#sSpan8159" value="animal"/>
		<feat xlink:href="#sSpan8185" value="person"/>
		<feat xlink:href="#sSpan8226" value="organization"/>
		<feat xlink:href="#sSpan8243" value="place"/>
		<feat xlink:href="#sSpan8252" value="place"/>
		<feat xlink:href="#sSpan8260" value="place"/>
		<feat xlink:href="#sSpan8269" value="abstract"/>
		<feat xlink:href="#sSpan8286" value="place"/>
		<feat xlink:href="#sSpan8301" value="place"/>
		<feat xlink:href="#sSpan8359" value="abstract"/>
		<feat xlink:href="#sSpan8374" value="abstract"/>
		<feat xlink:href="#sSpan8395" value="abstract"/>
		<feat xlink:href="#sSpan8428" value="person"/>
		<feat xlink:href="#sSpan8461" value="time"/>
		<feat xlink:href="#sSpan8495" value="abstract"/>
		<feat xlink:href="#sSpan8502" value="person"/>
		<feat xlink:href="#sSpan8526" value="person"/>
		<feat xlink:href="#sSpan8559" value="person"/>
		<feat xlink:href="#sSpan8569" value="person"/>
		<feat xlink:href="#sSpan8593" value="abstract"/>
		<feat xlink:href="#sSpan8602" value="person"/>
		<feat xlink:href="#sSpan8640" value="person"/>
		<feat xlink:href="#sSpan8676" value="place"/>
		<feat xlink:href="#sSpan8695" value="person"/>
		<feat xlink:href="#sSpan8726" value="person"/>
		<feat xlink:href="#sSpan8735" value="person"/>
		<feat xlink:href="#sSpan8748" value="person"/>
		<feat xlink:href="#sSpan8784" value="place"/>
		<feat xlink:href="#sSpan8797" value="time"/>
		<feat xlink:href="#sSpan8808" value="event"/>
		<feat xlink:href="#sSpan8822" value="place"/>
		<feat xlink:href="#sSpan8851" value="person"/>
		<feat xlink:href="#sSpan8870" value="person"/>
		<feat xlink:href="#sSpan8879" value="place"/>
		<feat xlink:href="#sSpan8969" value="abstract"/>
		<feat xlink:href="#sSpan9007" value="object"/>
		<feat xlink:href="#sSpan9051" value="substance"/>
		<feat xlink:href="#sSpan9096" value="person"/>
		<feat xlink:href="#sSpan9122" value="object"/>
		<feat xlink:href="#sSpan9166" value="abstract"/>
		<feat xlink:href="#sSpan9180" value="person"/></featList></paula>