<?xml version='1.0' encoding='UTF-8'?><!DOCTYPE paula SYSTEM "paula_feat.dtd">
<paula version="1.1">
	<header paula_id="scriptorium.GL53-54.mark_func"/>
	<featList xmlns:xlink="http://www.w3.org/1999/xlink" type="func" xml:base="scriptorium.GL53-54.mark.xml">
		<feat xlink:href="#sSpan1" value="cc"/>
		<feat xlink:href="#sSpan10" value="det"/>
		<feat xlink:href="#sSpan15" value="root"/>
		<feat xlink:href="#sSpan17" value="case"/>
		<feat xlink:href="#sSpan22" value="det"/>
		<feat xlink:href="#sSpan25" value="nmod"/>
		<feat xlink:href="#sSpan27" value="punct"/>
		<feat xlink:href="#sSpan31" value="mark"/>
		<feat xlink:href="#sSpan36" value="nsubj"/>
		<feat xlink:href="#sSpan38" value="root"/>
		<feat xlink:href="#sSpan41" value="case"/>
		<feat xlink:href="#sSpan45" value="det"/>
		<feat xlink:href="#sSpan49" value="obl"/>
		<feat xlink:href="#sSpan51" value="det"/>
		<feat xlink:href="#sSpan57" value="appos"/>
		<feat xlink:href="#sSpan59" value="det"/>
		<feat xlink:href="#sSpan63" value="appos"/>
		<feat xlink:href="#sSpan65" value="punct"/>
		<feat xlink:href="#sSpan69" value="case"/>
		<feat xlink:href="#sSpan73" value="det"/>
		<feat xlink:href="#sSpan75" value="obl"/>
		<feat xlink:href="#sSpan77" value="mark"/>
		<feat xlink:href="#sSpan82" value="aux"/>
		<feat xlink:href="#sSpan84" value="nsubj"/>
		<feat xlink:href="#sSpan86" value="acl:relcl"/>
		<feat xlink:href="#sSpan89" value="case"/>
		<feat xlink:href="#sSpan93" value="det"/>
		<feat xlink:href="#sSpan97" value="obj"/>
		<feat xlink:href="#sSpan100" value="case"/>
		<feat xlink:href="#sSpan104" value="det"/>
		<feat xlink:href="#sSpan108" value="nmod"/>
		<feat xlink:href="#sSpan110" value="case"/>
		<feat xlink:href="#sSpan115" value="obl"/>
		<feat xlink:href="#sSpan119" value="case"/>
		<feat xlink:href="#sSpan124" value="nmod"/>
		<feat xlink:href="#sSpan127" value="cc"/>
		<feat xlink:href="#sSpan131" value="conj"/>
		<feat xlink:href="#sSpan136" value="det"/>
		<feat xlink:href="#sSpan140" value="case"/>
		<feat xlink:href="#sSpan145" value="nmod"/>
		<feat xlink:href="#sSpan150" value="nsubj"/>
		<feat xlink:href="#sSpan156" value="aux"/>
		<feat xlink:href="#sSpan158" value="root"/>
		<feat xlink:href="#sSpan161" value="advmod"/>
		<feat xlink:href="#sSpan165" value="case"/>
		<feat xlink:href="#sSpan169" value="det"/>
		<feat xlink:href="#sSpan172" value="obj"/>
		<feat xlink:href="#sSpan175" value="case"/>
		<feat xlink:href="#sSpan179" value="det"/>
		<feat xlink:href="#sSpan182" value="nmod"/>
		<feat xlink:href="#sSpan184" value="mark"/>
		<feat xlink:href="#sSpan189" value="nsubj"/>
		<feat xlink:href="#sSpan191" value="acl:relcl"/>
		<feat xlink:href="#sSpan193" value="obj"/>
		<feat xlink:href="#sSpan195" value="advmod"/>
		<feat xlink:href="#sSpan199" value="case"/>
		<feat xlink:href="#sSpan204" value="det"/>
		<feat xlink:href="#sSpan207" value="obl"/>
		<feat xlink:href="#sSpan209" value="case"/>
		<feat xlink:href="#sSpan213" value="det"/>
		<feat xlink:href="#sSpan217" value="nmod"/>
		<feat xlink:href="#sSpan220" value="punct"/>
		<feat xlink:href="#sSpan224" value="mark"/>
		<feat xlink:href="#sSpan228" value="aux"/>
		<feat xlink:href="#sSpan230" value="acl:relcl"/>
		<feat xlink:href="#sSpan233" value="advmod"/>
		<feat xlink:href="#sSpan237" value="case"/>
		<feat xlink:href="#sSpan242" value="obl"/>
		<feat xlink:href="#sSpan245" value="det"/>
		<feat xlink:href="#sSpan249" value="mark"/>
		<feat xlink:href="#sSpan254" value="aux"/>
		<feat xlink:href="#sSpan256" value="acl:relcl"/>
		<feat xlink:href="#sSpan258" value="case"/>
		<feat xlink:href="#sSpan262" value="det"/>
		<feat xlink:href="#sSpan265" value="obj"/>
		<feat xlink:href="#sSpan268" value="case"/>
		<feat xlink:href="#sSpan272" value="obl"/>
		<feat xlink:href="#sSpan275" value="punct"/>
		<feat xlink:href="#sSpan279" value="mark"/>
		<feat xlink:href="#sSpan283" value="mark"/>
		<feat xlink:href="#sSpan289" value="nsubj"/>
		<feat xlink:href="#sSpan294" value="aux"/>
		<feat xlink:href="#sSpan298" value="advcl"/>
		<feat xlink:href="#sSpan300" value="obj"/>
		<feat xlink:href="#sSpan302" value="case"/>
		<feat xlink:href="#sSpan307" value="obl"/>
		<feat xlink:href="#sSpan310" value="nsubj"/>
		<feat xlink:href="#sSpan314" value="advcl"/>
		<feat xlink:href="#sSpan316" value="mark"/>
		<feat xlink:href="#sSpan321" value="aux"/>
		<feat xlink:href="#sSpan323" value="nsubj"/>
		<feat xlink:href="#sSpan325" value="advcl"/>
		<feat xlink:href="#sSpan327" value="obj"/>
		<feat xlink:href="#sSpan329" value="mark"/>
		<feat xlink:href="#sSpan334" value="nsubj"/>
		<feat xlink:href="#sSpan336" value="advcl"/>
		<feat xlink:href="#sSpan338" value="cc"/>
		<feat xlink:href="#sSpan342" value="aux"/>
		<feat xlink:href="#sSpan347" value="nsubj"/>
		<feat xlink:href="#sSpan349" value="conj"/>
		<feat xlink:href="#sSpan351" value="obj"/>
		<feat xlink:href="#sSpan353" value="mark"/>
		<feat xlink:href="#sSpan357" value="nsubj"/>
		<feat xlink:href="#sSpan359" value="advcl"/>
		<feat xlink:href="#sSpan361" value="cc"/>
		<feat xlink:href="#sSpan367" value="aux"/>
		<feat xlink:href="#sSpan371" value="nsubj"/>
		<feat xlink:href="#sSpan373" value="conj"/>
		<feat xlink:href="#sSpan375" value="case"/>
		<feat xlink:href="#sSpan380" value="obl"/>
		<feat xlink:href="#sSpan382" value="mark"/>
		<feat xlink:href="#sSpan386" value="nsubj"/>
		<feat xlink:href="#sSpan389" value="advcl"/>
		<feat xlink:href="#sSpan393" value="punct"/>
		<feat xlink:href="#sSpan397" value="mark"/>
		<feat xlink:href="#sSpan401" value="ccomp"/>
		<feat xlink:href="#sSpan403" value="obj"/>
		<feat xlink:href="#sSpan406" value="advmod"/>
		<feat xlink:href="#sSpan410" value="case"/>
		<feat xlink:href="#sSpan414" value="obl"/>
		<feat xlink:href="#sSpan416" value="aux"/>
		<feat xlink:href="#sSpan420" value="nsubj"/>
		<feat xlink:href="#sSpan422" value="advcl"/>
		<feat xlink:href="#sSpan425" value="punct"/>
		<feat xlink:href="#sSpan429" value="case"/>
		<feat xlink:href="#sSpan433" value="det"/>
		<feat xlink:href="#sSpan436" value="obl"/>
		<feat xlink:href="#sSpan438" value="case"/>
		<feat xlink:href="#sSpan443" value="nmod"/>
		<feat xlink:href="#sSpan447" value="discourse"/>
		<feat xlink:href="#sSpan453" value="root"/>
		<feat xlink:href="#sSpan458" value="mark"/>
		<feat xlink:href="#sSpan460" value="aux"/>
		<feat xlink:href="#sSpan462" value="nsubj"/>
		<feat xlink:href="#sSpan464" value="acl:relcl"/>
		<feat xlink:href="#sSpan466" value="case"/>
		<feat xlink:href="#sSpan471" value="det"/>
		<feat xlink:href="#sSpan474" value="obj"/>
		<feat xlink:href="#sSpan476" value="case"/>
		<feat xlink:href="#sSpan480" value="det"/>
		<feat xlink:href="#sSpan483" value="nmod"/>
		<feat xlink:href="#sSpan485" value="aux"/>
		<feat xlink:href="#sSpan490" value="nsubj"/>
		<feat xlink:href="#sSpan492" value="parataxis"/>
		<feat xlink:href="#sSpan494" value="obj"/>
		<feat xlink:href="#sSpan496" value="case"/>
		<feat xlink:href="#sSpan501" value="obl"/>
		<feat xlink:href="#sSpan505" value="punct"/>
		<feat xlink:href="#sSpan509" value="mark"/>
		<feat xlink:href="#sSpan513" value="nsubj"/>
		<feat xlink:href="#sSpan515" value="advcl"/>
		<feat xlink:href="#sSpan517" value="cc"/>
		<feat xlink:href="#sSpan521" value="mark"/>
		<feat xlink:href="#sSpan526" value="nsubj"/>
		<feat xlink:href="#sSpan528" value="conj"/>
		<feat xlink:href="#sSpan530" value="case"/>
		<feat xlink:href="#sSpan534" value="det"/>
		<feat xlink:href="#sSpan537" value="obj"/>
		<feat xlink:href="#sSpan539" value="case"/>
		<feat xlink:href="#sSpan543" value="det"/>
		<feat xlink:href="#sSpan547" value="nmod"/>
		<feat xlink:href="#sSpan549" value="punct"/>
		<feat xlink:href="#sSpan553" value="mark"/>
		<feat xlink:href="#sSpan557" value="acl:relcl"/>
		<feat xlink:href="#sSpan559" value="iobj"/>
		<feat xlink:href="#sSpan561" value="nsubj"/>
		<feat xlink:href="#sSpan567" value="case"/>
		<feat xlink:href="#sSpan571" value="obl"/>
		<feat xlink:href="#sSpan573" value="punct"/>
		<feat xlink:href="#sSpan577" value="mark"/>
		<feat xlink:href="#sSpan581" value="nsubj"/>
		<feat xlink:href="#sSpan583" value="aux"/>
		<feat xlink:href="#sSpan585" value="acl:relcl"/>
		<feat xlink:href="#sSpan588" value="obj"/>
		<feat xlink:href="#sSpan590" value="case"/>
		<feat xlink:href="#sSpan594" value="obl"/>
		<feat xlink:href="#sSpan596" value="nsubj"/>
		<feat xlink:href="#sSpan601" value="aux"/>
		<feat xlink:href="#sSpan603" value="parataxis"/>
		<feat xlink:href="#sSpan605" value="obj"/>
		<feat xlink:href="#sSpan607" value="case"/>
		<feat xlink:href="#sSpan611" value="obl"/>
		<feat xlink:href="#sSpan614" value="advmod"/>
		<feat xlink:href="#sSpan619" value="mark"/>
		<feat xlink:href="#sSpan624" value="mark"/>
		<feat xlink:href="#sSpan626" value="aux"/>
		<feat xlink:href="#sSpan631" value="nsubj"/>
		<feat xlink:href="#sSpan633" value="ccomp"/>
		<feat xlink:href="#sSpan635" value="case"/>
		<feat xlink:href="#sSpan639" value="obl"/>
		<feat xlink:href="#sSpan641" value="punct"/>
		<feat xlink:href="#sSpan645" value="mark"/>
		<feat xlink:href="#sSpan649" value="xcomp"/>
		<feat xlink:href="#sSpan652" value="punct"/>
		<feat xlink:href="#sSpan657" value="cc"/>
		<feat xlink:href="#sSpan661" value="mark"/>
		<feat xlink:href="#sSpan665" value="conj"/>
		<feat xlink:href="#sSpan667" value="case"/>
		<feat xlink:href="#sSpan669" value="obl"/>
		<feat xlink:href="#sSpan671" value="case"/>
		<feat xlink:href="#sSpan677" value="obl"/>
		<feat xlink:href="#sSpan679" value="nsubj"/>
		<feat xlink:href="#sSpan683" value="conj"/>
		<feat xlink:href="#sSpan685" value="case"/>
		<feat xlink:href="#sSpan690" value="det"/>
		<feat xlink:href="#sSpan693" value="det"/>
		<feat xlink:href="#sSpan695" value="obj"/>
		<feat xlink:href="#sSpan697" value="mark"/>
		<feat xlink:href="#sSpan701" value="case"/>
		<feat xlink:href="#sSpan704" value="acl:relcl"/>
		<feat xlink:href="#sSpan706" value="punct"/>
		<feat xlink:href="#sSpan710" value="case"/>
		<feat xlink:href="#sSpan715" value="obl"/>
		<feat xlink:href="#sSpan717" value="nsubj"/>
		<feat xlink:href="#sSpan722" value="parataxis"/>
		<feat xlink:href="#sSpan724" value="case"/>
		<feat xlink:href="#sSpan728" value="obj"/>
		<feat xlink:href="#sSpan730" value="advmod"/>
		<feat xlink:href="#sSpan735" value="case"/>
		<feat xlink:href="#sSpan739" value="det"/>
		<feat xlink:href="#sSpan742" value="det"/>
		<feat xlink:href="#sSpan744" value="obl"/>
		<feat xlink:href="#sSpan747" value="mark"/>
		<feat xlink:href="#sSpan751" value="case"/>
		<feat xlink:href="#sSpan753" value="acl:relcl"/>
		<feat xlink:href="#sSpan756" value="aux"/>
		<feat xlink:href="#sSpan762" value="nsubj"/>
		<feat xlink:href="#sSpan764" value="root"/>
		<feat xlink:href="#sSpan766" value="punct"/>
		<feat xlink:href="#sSpan770" value="dislocated"/>
		<feat xlink:href="#sSpan774" value="mark"/>
		<feat xlink:href="#sSpan776" value="acl:relcl"/>
		<feat xlink:href="#sSpan779" value="case"/>
		<feat xlink:href="#sSpan783" value="det"/>
		<feat xlink:href="#sSpan786" value="obj"/>
		<feat xlink:href="#sSpan788" value="punct"/>
		<feat xlink:href="#sSpan792" value="case"/>
		<feat xlink:href="#sSpan796" value="det"/>
		<feat xlink:href="#sSpan800" value="obl"/>
		<feat xlink:href="#sSpan804" value="punct"/>
		<feat xlink:href="#sSpan809" value="case"/>
		<feat xlink:href="#sSpan815" value="det"/>
		<feat xlink:href="#sSpan818" value="root"/>
		<feat xlink:href="#sSpan820" value="mark"/>
		<feat xlink:href="#sSpan824" value="aux"/>
		<feat xlink:href="#sSpan826" value="det"/>
		<feat xlink:href="#sSpan830" value="nsubj"/>
		<feat xlink:href="#sSpan832" value="det"/>
		<feat xlink:href="#sSpan836" value="nmod"/>
		<feat xlink:href="#sSpan838" value="acl:relcl"/>
		<feat xlink:href="#sSpan846" value="obj"/>
		<feat xlink:href="#sSpan849" value="advmod"/>
		<feat xlink:href="#sSpan853" value="case"/>
		<feat xlink:href="#sSpan858" value="det"/>
		<feat xlink:href="#sSpan861" value="obl"/>
		<feat xlink:href="#sSpan863" value="cc"/>
		<feat xlink:href="#sSpan868" value="det"/>
		<feat xlink:href="#sSpan873" value="conj"/>
		<feat xlink:href="#sSpan875" value="cop"/>
		<feat xlink:href="#sSpan879" value="mark"/>
		<feat xlink:href="#sSpan884" value="advmod"/>
		<feat xlink:href="#sSpan886" value="nsubj"/>
		<feat xlink:href="#sSpan889" value="acl:relcl"/>
		<feat xlink:href="#sSpan892" value="advmod"/>
		<feat xlink:href="#sSpan896" value="mark"/>
		<feat xlink:href="#sSpan901" value="nsubj"/>
		<feat xlink:href="#sSpan903" value="advcl"/>
		<feat xlink:href="#sSpan905" value="case"/>
		<feat xlink:href="#sSpan909" value="det"/>
		<feat xlink:href="#sSpan911" value="obl"/>
		<feat xlink:href="#sSpan915" value="mark"/>
		<feat xlink:href="#sSpan921" value="det"/>
		<feat xlink:href="#sSpan924" value="nsubj"/>
		<feat xlink:href="#sSpan926" value="root"/>
		<feat xlink:href="#sSpan930" value="case"/>
		<feat xlink:href="#sSpan935" value="obj"/>
		<feat xlink:href="#sSpan937" value="case"/>
		<feat xlink:href="#sSpan941" value="det"/>
		<feat xlink:href="#sSpan943" value="obl"/>
		<feat xlink:href="#sSpan945" value="mark"/>
		<feat xlink:href="#sSpan949" value="det"/>
		<feat xlink:href="#sSpan953" value="vocative"/>
		<feat xlink:href="#sSpan955" value="case"/>
		<feat xlink:href="#sSpan959" value="det"/>
		<feat xlink:href="#sSpan962" value="nmod"/>
		<feat xlink:href="#sSpan965" value="mark"/>
		<feat xlink:href="#sSpan969" value="acl:relcl"/>
		<feat xlink:href="#sSpan972" value="case"/>
		<feat xlink:href="#sSpan976" value="det"/>
		<feat xlink:href="#sSpan981" value="obl"/>
		<feat xlink:href="#sSpan983" value="aux"/>
		<feat xlink:href="#sSpan988" value="ccomp"/>
		<feat xlink:href="#sSpan991" value="nsubj"/>
		<feat xlink:href="#sSpan995" value="advcl"/>
		<feat xlink:href="#sSpan998" value="dislocated"/>
		<feat xlink:href="#sSpan1002" value="mark"/>
		<feat xlink:href="#sSpan1006" value="aux"/>
		<feat xlink:href="#sSpan1009" value="det"/>
		<feat xlink:href="#sSpan1012" value="nsubj"/>
		<feat xlink:href="#sSpan1014" value="punct"/>
		<feat xlink:href="#sSpan1019" value="cc"/>
		<feat xlink:href="#sSpan1023" value="conj"/>
		<feat xlink:href="#sSpan1029" value="mark"/>
		<feat xlink:href="#sSpan1031" value="acl:relcl"/>
		<feat xlink:href="#sSpan1033" value="case"/>
		<feat xlink:href="#sSpan1037" value="obl"/>
		<feat xlink:href="#sSpan1040" value="case"/>
		<feat xlink:href="#sSpan1046" value="obl"/>
		<feat xlink:href="#sSpan1049" value="cc"/>
		<feat xlink:href="#sSpan1054" value="case"/>
		<feat xlink:href="#sSpan1059" value="det"/>
		<feat xlink:href="#sSpan1062" value="conj"/>
		<feat xlink:href="#sSpan1064" value="advmod"/>
		<feat xlink:href="#sSpan1069" value="punct"/>
		<feat xlink:href="#sSpan1073" value="ccomp"/>
		<feat xlink:href="#sSpan1077" value="case"/>
		<feat xlink:href="#sSpan1081" value="det"/>
		<feat xlink:href="#sSpan1084" value="obj"/>
		<feat xlink:href="#sSpan1087" value="case"/>
		<feat xlink:href="#sSpan1091" value="det"/>
		<feat xlink:href="#sSpan1094" value="nmod"/>
		<feat xlink:href="#sSpan1097" value="punct"/>
		<feat xlink:href="#sSpan1102" value="cc"/>
		<feat xlink:href="#sSpan1106" value="aux"/>
		<feat xlink:href="#sSpan1110" value="nsubj"/>
		<feat xlink:href="#sSpan1112" value="conj"/>
		<feat xlink:href="#sSpan1114" value="det"/>
		<feat xlink:href="#sSpan1117" value="obj"/>
		<feat xlink:href="#sSpan1120" value="mark"/>
		<feat xlink:href="#sSpan1124" value="acl:relcl"/>
		<feat xlink:href="#sSpan1126" value="nsubj"/>
		<feat xlink:href="#sSpan1128" value="mark"/>
		<feat xlink:href="#sSpan1133" value="nsubj"/>
		<feat xlink:href="#sSpan1135" value="advcl"/>
		<feat xlink:href="#sSpan1137" value="case"/>
		<feat xlink:href="#sSpan1141" value="obl"/>
		<feat xlink:href="#sSpan1143" value="mark"/>
		<feat xlink:href="#sSpan1149" value="fixed"/>
		<feat xlink:href="#sSpan1153" value="advmod"/>
		<feat xlink:href="#sSpan1155" value="nsubj"/>
		<feat xlink:href="#sSpan1157" value="advcl"/>
		<feat xlink:href="#sSpan1160" value="advmod"/>
		<feat xlink:href="#sSpan1164" value="mark"/>
		<feat xlink:href="#sSpan1168" value="xcomp"/>
		<feat xlink:href="#sSpan1170" value="obj"/>
		<feat xlink:href="#sSpan1174" value="xcomp"/>
		<feat xlink:href="#sSpan1178" value="obj"/>
		<feat xlink:href="#sSpan1180" value="mark"/>
		<feat xlink:href="#sSpan1184" value="aux"/>
		<feat xlink:href="#sSpan1186" value="det"/>
		<feat xlink:href="#sSpan1189" value="nsubj"/>
		<feat xlink:href="#sSpan1192" value="punct"/>
		<feat xlink:href="#sSpan1196" value="ccomp"/>
		<feat xlink:href="#sSpan1200" value="det"/>
		<feat xlink:href="#sSpan1204" value="obj"/>
		<feat xlink:href="#sSpan1210" value="punct"/>
		<feat xlink:href="#sSpan1214" value="mark"/>
		<feat xlink:href="#sSpan1218" value="mark"/>
		<feat xlink:href="#sSpan1222" value="xcomp"/>
		<feat xlink:href="#sSpan1224" value="obj"/>
		<feat xlink:href="#sSpan1226" value="mark"/>
		<feat xlink:href="#sSpan1231" value="aux"/>
		<feat xlink:href="#sSpan1233" value="advmod"/>
		<feat xlink:href="#sSpan1236" value="nsubj"/>
		<feat xlink:href="#sSpan1238" value="ccomp"/>
		<feat xlink:href="#sSpan1243" value="case"/>
		<feat xlink:href="#sSpan1247" value="obl"/>
		<feat xlink:href="#sSpan1249" value="mark"/>
		<feat xlink:href="#sSpan1255" value="obl"/>
		<feat xlink:href="#sSpan1258" value="cop"/>
		<feat xlink:href="#sSpan1262" value="mark"/>
		<feat xlink:href="#sSpan1264" value="nsubj"/>
		<feat xlink:href="#sSpan1268" value="det"/>
		<feat xlink:href="#sSpan1272" value="csubj"/>
		<feat xlink:href="#sSpan1276" value="case"/>
		<feat xlink:href="#sSpan1281" value="obl"/>
		<feat xlink:href="#sSpan1284" value="case"/>
		<feat xlink:href="#sSpan1290" value="root"/>
		<feat xlink:href="#sSpan1293" value="mark"/>
		<feat xlink:href="#sSpan1297" value="aux"/>
		<feat xlink:href="#sSpan1300" value="nsubj"/>
		<feat xlink:href="#sSpan1303" value="acl:relcl"/>
		<feat xlink:href="#sSpan1308" value="case"/>
		<feat xlink:href="#sSpan1313" value="obl"/>
		<feat xlink:href="#sSpan1316" value="aux"/>
		<feat xlink:href="#sSpan1321" value="nsubj"/>
		<feat xlink:href="#sSpan1323" value="parataxis"/>
		<feat xlink:href="#sSpan1325" value="obj"/>
		<feat xlink:href="#sSpan1328" value="case"/>
		<feat xlink:href="#sSpan1334" value="root"/>
		<feat xlink:href="#sSpan1337" value="mark"/>
		<feat xlink:href="#sSpan1341" value="aux"/>
		<feat xlink:href="#sSpan1343" value="nsubj"/>
		<feat xlink:href="#sSpan1345" value="acl:relcl"/>
		<feat xlink:href="#sSpan1348" value="obj"/>
		<feat xlink:href="#sSpan1352" value="advmod"/>
		<feat xlink:href="#sSpan1356" value="case"/>
		<feat xlink:href="#sSpan1360" value="det"/>
		<feat xlink:href="#sSpan1363" value="obl"/>
		<feat xlink:href="#sSpan1366" value="punct"/>
		<feat xlink:href="#sSpan1371" value="case"/>
		<feat xlink:href="#sSpan1377" value="root"/>
		<feat xlink:href="#sSpan1380" value="mark"/>
		<feat xlink:href="#sSpan1384" value="aux"/>
		<feat xlink:href="#sSpan1386" value="det"/>
		<feat xlink:href="#sSpan1390" value="nsubj"/>
		<feat xlink:href="#sSpan1394" value="acl:relcl"/>
		<feat xlink:href="#sSpan1399" value="obj"/>
		<feat xlink:href="#sSpan1404" value="mark"/>
		<feat xlink:href="#sSpan1408" value="nsubj"/>
		<feat xlink:href="#sSpan1411" value="acl:relcl"/>
		<feat xlink:href="#sSpan1415" value="case"/>
		<feat xlink:href="#sSpan1420" value="obj"/></featList></paula>