<?xml version='1.0' encoding='UTF-8'?><!DOCTYPE paula SYSTEM "paula_feat.dtd">
<paula version="1.1">
	<header paula_id="scriptorium.GL53-54.mark_entity"/>
	<featList xmlns:xlink="http://www.w3.org/1999/xlink" type="entity" xml:base="scriptorium.GL53-54.mark.xml">
		<feat xlink:href="#sSpan14" value="abstract"/>
		<feat xlink:href="#sSpan24" value="object"/>
		<feat xlink:href="#sSpan47" value="object"/>
		<feat xlink:href="#sSpan55" value="person"/>
		<feat xlink:href="#sSpan95" value="abstract"/>
		<feat xlink:href="#sSpan106" value="person"/>
		<feat xlink:href="#sSpan117" value="abstract"/>
		<feat xlink:href="#sSpan126" value="person"/>
		<feat xlink:href="#sSpan135" value="abstract"/>
		<feat xlink:href="#sSpan147" value="person"/>
		<feat xlink:href="#sSpan171" value="abstract"/>
		<feat xlink:href="#sSpan181" value="abstract"/>
		<feat xlink:href="#sSpan206" value="abstract"/>
		<feat xlink:href="#sSpan215" value="abstract"/>
		<feat xlink:href="#sSpan244" value="person"/>
		<feat xlink:href="#sSpan264" value="person"/>
		<feat xlink:href="#sSpan274" value="abstract"/>
		<feat xlink:href="#sSpan291" value="person"/>
		<feat xlink:href="#sSpan309" value="person"/>
		<feat xlink:href="#sSpan435" value="object"/>
		<feat xlink:href="#sSpan445" value="time"/>
		<feat xlink:href="#sSpan457" value="abstract"/>
		<feat xlink:href="#sSpan473" value="place"/>
		<feat xlink:href="#sSpan482" value="person"/>
		<feat xlink:href="#sSpan503" value="person"/>
		<feat xlink:href="#sSpan536" value="abstract"/>
		<feat xlink:href="#sSpan545" value="object"/>
		<feat xlink:href="#sSpan563" value="abstract"/>
		<feat xlink:href="#sSpan692" value="object"/>
		<feat xlink:href="#sSpan741" value="object"/>
		<feat xlink:href="#sSpan785" value="person"/>
		<feat xlink:href="#sSpan798" value="person"/>
		<feat xlink:href="#sSpan817" value="abstract"/>
		<feat xlink:href="#sSpan828" value="person"/>
		<feat xlink:href="#sSpan848" value="person"/>
		<feat xlink:href="#sSpan860" value="abstract"/>
		<feat xlink:href="#sSpan870" value="abstract"/>
		<feat xlink:href="#sSpan923" value="abstract"/>
		<feat xlink:href="#sSpan951" value="person"/>
		<feat xlink:href="#sSpan961" value="person"/>
		<feat xlink:href="#sSpan978" value="abstract"/>
		<feat xlink:href="#sSpan1011" value="person"/>
		<feat xlink:href="#sSpan1028" value="person"/>
		<feat xlink:href="#sSpan1048" value="abstract"/>
		<feat xlink:href="#sSpan1061" value="abstract"/>
		<feat xlink:href="#sSpan1083" value="abstract"/>
		<feat xlink:href="#sSpan1093" value="person"/>
		<feat xlink:href="#sSpan1116" value="abstract"/>
		<feat xlink:href="#sSpan1172" value="person"/>
		<feat xlink:href="#sSpan1188" value="person"/>
		<feat xlink:href="#sSpan1202" value="abstract"/>
		<feat xlink:href="#sSpan1235" value="person"/>
		<feat xlink:href="#sSpan1257" value="abstract"/>
		<feat xlink:href="#sSpan1266" value="abstract"/>
		<feat xlink:href="#sSpan1292" value="abstract"/>
		<feat xlink:href="#sSpan1302" value="person"/>
		<feat xlink:href="#sSpan1315" value="person"/>
		<feat xlink:href="#sSpan1336" value="abstract"/>
		<feat xlink:href="#sSpan1350" value="person"/>
		<feat xlink:href="#sSpan1362" value="person"/>
		<feat xlink:href="#sSpan1379" value="abstract"/>
		<feat xlink:href="#sSpan1388" value="person"/>
		<feat xlink:href="#sSpan1403" value="object"/>
		<feat xlink:href="#sSpan1410" value="person"/></featList></paula>