<?xml version='1.0' encoding='UTF-8'?><!DOCTYPE paula SYSTEM "paula_feat.dtd">
<paula version="1.1">
	<header paula_id="scriptorium.GL53-54.mark_lang"/>
	<featList xmlns:xlink="http://www.w3.org/1999/xlink" type="lang" xml:base="scriptorium.GL53-54.mark.xml">
		<feat xlink:href="#sSpan48" value="Greek"/>
		<feat xlink:href="#sSpan96" value="Greek"/>
		<feat xlink:href="#sSpan107" value="Greek"/>
		<feat xlink:href="#sSpan114" value="Greek"/>
		<feat xlink:href="#sSpan123" value="Greek"/>
		<feat xlink:href="#sSpan144" value="Greek"/>
		<feat xlink:href="#sSpan160" value="Greek"/>
		<feat xlink:href="#sSpan216" value="Greek"/>
		<feat xlink:href="#sSpan288" value="Hebrew"/>
		<feat xlink:href="#sSpan500" value="Greek"/>
		<feat xlink:href="#sSpan613" value="Greek"/>
		<feat xlink:href="#sSpan623" value="Greek"/>
		<feat xlink:href="#sSpan656" value="Greek"/>
		<feat xlink:href="#sSpan845" value="Hebrew"/>
		<feat xlink:href="#sSpan980" value="Greek"/>
		<feat xlink:href="#sSpan987" value="Greek"/>
		<feat xlink:href="#sSpan1018" value="Greek"/>
		<feat xlink:href="#sSpan1039" value="Greek"/>
		<feat xlink:href="#sSpan1045" value="Greek"/>
		<feat xlink:href="#sSpan1053" value="Greek"/>
		<feat xlink:href="#sSpan1101" value="Greek"/>
		<feat xlink:href="#sSpan1299" value="Hebrew"/>
		<feat xlink:href="#sSpan1312" value="Hebrew"/>
		<feat xlink:href="#sSpan1347" value="Hebrew"/>
		<feat xlink:href="#sSpan1389" value="Greek"/>
		<feat xlink:href="#sSpan1407" value="Greek"/></featList></paula>