<?xml version='1.0' encoding='UTF-8'?><!DOCTYPE paula SYSTEM "paula_rel.dtd">
<paula version="1.1">
	<header paula_id="scriptorium.GL53-54.dep"/>
	<relList xmlns:xlink="http://www.w3.org/1999/xlink" type="dep">
		<rel id="sPointingRel1" xlink:href="scriptorium.GL53-54.mark.xml#sSpan1084" target="scriptorium.GL53-54.mark.xml#sSpan1077"/>
		<rel id="sPointingRel3" xlink:href="scriptorium.GL53-54.mark.xml#sSpan704" target="scriptorium.GL53-54.mark.xml#sSpan701"/>
		<rel id="sPointingRel5" xlink:href="scriptorium.GL53-54.mark.xml#sSpan683" target="scriptorium.GL53-54.mark.xml#sSpan722"/>
		<rel id="sPointingRel7" xlink:href="scriptorium.GL53-54.mark.xml#sSpan988" target="scriptorium.GL53-54.mark.xml#sSpan953"/>
		<rel id="sPointingRel9" xlink:href="scriptorium.GL53-54.mark.xml#sSpan695" target="scriptorium.GL53-54.mark.xml#sSpan704"/>
		<rel id="sPointingRel11" xlink:href="scriptorium.GL53-54.mark.xml#sSpan1238" target="scriptorium.GL53-54.mark.xml#sSpan1255"/>
		<rel id="sPointingRel13" xlink:href="scriptorium.GL53-54.mark.xml#sSpan1031" target="scriptorium.GL53-54.mark.xml#sSpan1046"/>
		<rel id="sPointingRel15" xlink:href="scriptorium.GL53-54.mark.xml#sSpan389" target="scriptorium.GL53-54.mark.xml#sSpan401"/>
		<rel id="sPointingRel17" xlink:href="scriptorium.GL53-54.mark.xml#sSpan38" target="scriptorium.GL53-54.mark.xml#sSpan31"/>
		<rel id="sPointingRel19" xlink:href="scriptorium.GL53-54.mark.xml#sSpan722" target="scriptorium.GL53-54.mark.xml#sSpan715"/>
		<rel id="sPointingRel21" xlink:href="scriptorium.GL53-54.mark.xml#sSpan528" target="scriptorium.GL53-54.mark.xml#sSpan537"/>
		<rel id="sPointingRel23" xlink:href="scriptorium.GL53-54.mark.xml#sSpan818" target="scriptorium.GL53-54.mark.xml#sSpan838"/>
		<rel id="sPointingRel25" xlink:href="scriptorium.GL53-54.mark.xml#sSpan838" target="scriptorium.GL53-54.mark.xml#sSpan861"/>
		<rel id="sPointingRel27" xlink:href="scriptorium.GL53-54.mark.xml#sSpan1135" target="scriptorium.GL53-54.mark.xml#sSpan1128"/>
		<rel id="sPointingRel29" xlink:href="scriptorium.GL53-54.mark.xml#sSpan115" target="scriptorium.GL53-54.mark.xml#sSpan124"/>
		<rel id="sPointingRel31" xlink:href="scriptorium.GL53-54.mark.xml#sSpan464" target="scriptorium.GL53-54.mark.xml#sSpan458"/>
		<rel id="sPointingRel33" xlink:href="scriptorium.GL53-54.mark.xml#sSpan298" target="scriptorium.GL53-54.mark.xml#sSpan349"/>
		<rel id="sPointingRel35" xlink:href="scriptorium.GL53-54.mark.xml#sSpan38" target="scriptorium.GL53-54.mark.xml#sSpan49"/>
		<rel id="sPointingRel37" xlink:href="scriptorium.GL53-54.mark.xml#sSpan115" target="scriptorium.GL53-54.mark.xml#sSpan110"/>
		<rel id="sPointingRel39" xlink:href="scriptorium.GL53-54.mark.xml#sSpan722" target="scriptorium.GL53-54.mark.xml#sSpan730"/>
		<rel id="sPointingRel41" xlink:href="scriptorium.GL53-54.mark.xml#sSpan158" target="scriptorium.GL53-54.mark.xml#sSpan161"/>
		<rel id="sPointingRel43" xlink:href="scriptorium.GL53-54.mark.xml#sSpan265" target="scriptorium.GL53-54.mark.xml#sSpan262"/>
		<rel id="sPointingRel45" xlink:href="scriptorium.GL53-54.mark.xml#sSpan1073" target="scriptorium.GL53-54.mark.xml#sSpan1157"/>
		<rel id="sPointingRel47" xlink:href="scriptorium.GL53-54.mark.xml#sSpan131" target="scriptorium.GL53-54.mark.xml#sSpan136"/>
		<rel id="sPointingRel49" xlink:href="scriptorium.GL53-54.mark.xml#sSpan903" target="scriptorium.GL53-54.mark.xml#sSpan896"/>
		<rel id="sPointingRel51" xlink:href="scriptorium.GL53-54.mark.xml#sSpan191" target="scriptorium.GL53-54.mark.xml#sSpan195"/>
		<rel id="sPointingRel53" xlink:href="scriptorium.GL53-54.mark.xml#sSpan704" target="scriptorium.GL53-54.mark.xml#sSpan697"/>
		<rel id="sPointingRel55" xlink:href="scriptorium.GL53-54.mark.xml#sSpan786" target="scriptorium.GL53-54.mark.xml#sSpan779"/>
		<rel id="sPointingRel57" xlink:href="scriptorium.GL53-54.mark.xml#sSpan1222" target="scriptorium.GL53-54.mark.xml#sSpan1224"/>
		<rel id="sPointingRel59" xlink:href="scriptorium.GL53-54.mark.xml#sSpan764" target="scriptorium.GL53-54.mark.xml#sSpan756"/>
		<rel id="sPointingRel61" xlink:href="scriptorium.GL53-54.mark.xml#sSpan63" target="scriptorium.GL53-54.mark.xml#sSpan59"/>
		<rel id="sPointingRel63" xlink:href="scriptorium.GL53-54.mark.xml#sSpan633" target="scriptorium.GL53-54.mark.xml#sSpan639"/>
		<rel id="sPointingRel65" xlink:href="scriptorium.GL53-54.mark.xml#sSpan389" target="scriptorium.GL53-54.mark.xml#sSpan382"/>
		<rel id="sPointingRel67" xlink:href="scriptorium.GL53-54.mark.xml#sSpan1377" target="scriptorium.GL53-54.mark.xml#sSpan1411"/>
		<rel id="sPointingRel69" xlink:href="scriptorium.GL53-54.mark.xml#sSpan1112" target="scriptorium.GL53-54.mark.xml#sSpan1102"/>
		<rel id="sPointingRel71" xlink:href="scriptorium.GL53-54.mark.xml#sSpan953" target="scriptorium.GL53-54.mark.xml#sSpan962"/>
		<rel id="sPointingRel73" xlink:href="scriptorium.GL53-54.mark.xml#sSpan1112" target="scriptorium.GL53-54.mark.xml#sSpan1135"/>
		<rel id="sPointingRel75" xlink:href="scriptorium.GL53-54.mark.xml#sSpan1238" target="scriptorium.GL53-54.mark.xml#sSpan1236"/>
		<rel id="sPointingRel77" xlink:href="scriptorium.GL53-54.mark.xml#sSpan1023" target="scriptorium.GL53-54.mark.xml#sSpan1019"/>
		<rel id="sPointingRel79" xlink:href="scriptorium.GL53-54.mark.xml#sSpan501" target="scriptorium.GL53-54.mark.xml#sSpan496"/>
		<rel id="sPointingRel81" xlink:href="scriptorium.GL53-54.mark.xml#sSpan1062" target="scriptorium.GL53-54.mark.xml#sSpan1059"/>
		<rel id="sPointingRel83" xlink:href="scriptorium.GL53-54.mark.xml#sSpan256" target="scriptorium.GL53-54.mark.xml#sSpan272"/>
		<rel id="sPointingRel85" xlink:href="scriptorium.GL53-54.mark.xml#sSpan776" target="scriptorium.GL53-54.mark.xml#sSpan786"/>
		<rel id="sPointingRel87" xlink:href="scriptorium.GL53-54.mark.xml#sSpan537" target="scriptorium.GL53-54.mark.xml#sSpan530"/>
		<rel id="sPointingRel89" xlink:href="scriptorium.GL53-54.mark.xml#sSpan1394" target="scriptorium.GL53-54.mark.xml#sSpan1384"/>
		<rel id="sPointingRel91" xlink:href="scriptorium.GL53-54.mark.xml#sSpan298" target="scriptorium.GL53-54.mark.xml#sSpan307"/>
		<rel id="sPointingRel93" xlink:href="scriptorium.GL53-54.mark.xml#sSpan298" target="scriptorium.GL53-54.mark.xml#sSpan300"/>
		<rel id="sPointingRel95" xlink:href="scriptorium.GL53-54.mark.xml#sSpan75" target="scriptorium.GL53-54.mark.xml#sSpan73"/>
		<rel id="sPointingRel97" xlink:href="scriptorium.GL53-54.mark.xml#sSpan1363" target="scriptorium.GL53-54.mark.xml#sSpan1356"/>
		<rel id="sPointingRel99" xlink:href="scriptorium.GL53-54.mark.xml#sSpan1420" target="scriptorium.GL53-54.mark.xml#sSpan1415"/>
		<rel id="sPointingRel101" xlink:href="scriptorium.GL53-54.mark.xml#sSpan230" target="scriptorium.GL53-54.mark.xml#sSpan228"/>
		<rel id="sPointingRel103" xlink:href="scriptorium.GL53-54.mark.xml#sSpan57" target="scriptorium.GL53-54.mark.xml#sSpan51"/>
		<rel id="sPointingRel105" xlink:href="scriptorium.GL53-54.mark.xml#sSpan969" target="scriptorium.GL53-54.mark.xml#sSpan981"/>
		<rel id="sPointingRel107" xlink:href="scriptorium.GL53-54.mark.xml#sSpan715" target="scriptorium.GL53-54.mark.xml#sSpan710"/>
		<rel id="sPointingRel109" xlink:href="scriptorium.GL53-54.mark.xml#sSpan86" target="scriptorium.GL53-54.mark.xml#sSpan82"/>
		<rel id="sPointingRel111" xlink:href="scriptorium.GL53-54.mark.xml#sSpan695" target="scriptorium.GL53-54.mark.xml#sSpan693"/>
		<rel id="sPointingRel113" xlink:href="scriptorium.GL53-54.mark.xml#sSpan49" target="scriptorium.GL53-54.mark.xml#sSpan45"/>
		<rel id="sPointingRel115" xlink:href="scriptorium.GL53-54.mark.xml#sSpan571" target="scriptorium.GL53-54.mark.xml#sSpan567"/>
		<rel id="sPointingRel117" xlink:href="scriptorium.GL53-54.mark.xml#sSpan414" target="scriptorium.GL53-54.mark.xml#sSpan410"/>
		<rel id="sPointingRel119" xlink:href="scriptorium.GL53-54.mark.xml#sSpan325" target="scriptorium.GL53-54.mark.xml#sSpan323"/>
		<rel id="sPointingRel121" xlink:href="scriptorium.GL53-54.mark.xml#sSpan649" target="scriptorium.GL53-54.mark.xml#sSpan645"/>
		<rel id="sPointingRel123" xlink:href="scriptorium.GL53-54.mark.xml#sSpan800" target="scriptorium.GL53-54.mark.xml#sSpan792"/>
		<rel id="sPointingRel125" xlink:href="scriptorium.GL53-54.mark.xml#sSpan744" target="scriptorium.GL53-54.mark.xml#sSpan753"/>
		<rel id="sPointingRel127" xlink:href="scriptorium.GL53-54.mark.xml#sSpan191" target="scriptorium.GL53-54.mark.xml#sSpan193"/>
		<rel id="sPointingRel129" xlink:href="scriptorium.GL53-54.mark.xml#sSpan786" target="scriptorium.GL53-54.mark.xml#sSpan783"/>
		<rel id="sPointingRel131" xlink:href="scriptorium.GL53-54.mark.xml#sSpan861" target="scriptorium.GL53-54.mark.xml#sSpan853"/>
		<rel id="sPointingRel133" xlink:href="scriptorium.GL53-54.mark.xml#sSpan838" target="scriptorium.GL53-54.mark.xml#sSpan873"/>
		<rel id="sPointingRel135" xlink:href="scriptorium.GL53-54.mark.xml#sSpan492" target="scriptorium.GL53-54.mark.xml#sSpan490"/>
		<rel id="sPointingRel137" xlink:href="scriptorium.GL53-54.mark.xml#sSpan325" target="scriptorium.GL53-54.mark.xml#sSpan316"/>
		<rel id="sPointingRel139" xlink:href="scriptorium.GL53-54.mark.xml#sSpan1084" target="scriptorium.GL53-54.mark.xml#sSpan1081"/>
		<rel id="sPointingRel141" xlink:href="scriptorium.GL53-54.mark.xml#sSpan838" target="scriptorium.GL53-54.mark.xml#sSpan824"/>
		<rel id="sPointingRel143" xlink:href="scriptorium.GL53-54.mark.xml#sSpan336" target="scriptorium.GL53-54.mark.xml#sSpan334"/>
		<rel id="sPointingRel145" xlink:href="scriptorium.GL53-54.mark.xml#sSpan492" target="scriptorium.GL53-54.mark.xml#sSpan485"/>
		<rel id="sPointingRel147" xlink:href="scriptorium.GL53-54.mark.xml#sSpan1345" target="scriptorium.GL53-54.mark.xml#sSpan1352"/>
		<rel id="sPointingRel149" xlink:href="scriptorium.GL53-54.mark.xml#sSpan988" target="scriptorium.GL53-54.mark.xml#sSpan983"/>
		<rel id="sPointingRel151" xlink:href="scriptorium.GL53-54.mark.xml#sSpan86" target="scriptorium.GL53-54.mark.xml#sSpan84"/>
		<rel id="sPointingRel153" xlink:href="scriptorium.GL53-54.mark.xml#sSpan1046" target="scriptorium.GL53-54.mark.xml#sSpan1040"/>
		<rel id="sPointingRel155" xlink:href="scriptorium.GL53-54.mark.xml#sSpan1112" target="scriptorium.GL53-54.mark.xml#sSpan1110"/>
		<rel id="sPointingRel157" xlink:href="scriptorium.GL53-54.mark.xml#sSpan515" target="scriptorium.GL53-54.mark.xml#sSpan509"/>
		<rel id="sPointingRel159" xlink:href="scriptorium.GL53-54.mark.xml#sSpan1174" target="scriptorium.GL53-54.mark.xml#sSpan1196"/>
		<rel id="sPointingRel161" xlink:href="scriptorium.GL53-54.mark.xml#sSpan818" target="scriptorium.GL53-54.mark.xml#sSpan809"/>
		<rel id="sPointingRel163" xlink:href="scriptorium.GL53-54.mark.xml#sSpan873" target="scriptorium.GL53-54.mark.xml#sSpan875"/>
		<rel id="sPointingRel165" xlink:href="scriptorium.GL53-54.mark.xml#sSpan298" target="scriptorium.GL53-54.mark.xml#sSpan289"/>
		<rel id="sPointingRel167" xlink:href="scriptorium.GL53-54.mark.xml#sSpan314" target="scriptorium.GL53-54.mark.xml#sSpan325"/>
		<rel id="sPointingRel169" xlink:href="scriptorium.GL53-54.mark.xml#sSpan1012" target="scriptorium.GL53-54.mark.xml#sSpan1062"/>
		<rel id="sPointingRel171" xlink:href="scriptorium.GL53-54.mark.xml#sSpan995" target="scriptorium.GL53-54.mark.xml#sSpan998"/>
		<rel id="sPointingRel173" xlink:href="scriptorium.GL53-54.mark.xml#sSpan889" target="scriptorium.GL53-54.mark.xml#sSpan903"/>
		<rel id="sPointingRel175" xlink:href="scriptorium.GL53-54.mark.xml#sSpan474" target="scriptorium.GL53-54.mark.xml#sSpan471"/>
		<rel id="sPointingRel177" xlink:href="scriptorium.GL53-54.mark.xml#sSpan1290" target="scriptorium.GL53-54.mark.xml#sSpan1284"/>
		<rel id="sPointingRel179" xlink:href="scriptorium.GL53-54.mark.xml#sSpan633" target="scriptorium.GL53-54.mark.xml#sSpan626"/>
		<rel id="sPointingRel181" xlink:href="scriptorium.GL53-54.mark.xml#sSpan49" target="scriptorium.GL53-54.mark.xml#sSpan63"/>
		<rel id="sPointingRel183" xlink:href="scriptorium.GL53-54.mark.xml#sSpan776" target="scriptorium.GL53-54.mark.xml#sSpan800"/>
		<rel id="sPointingRel185" xlink:href="scriptorium.GL53-54.mark.xml#sSpan158" target="scriptorium.GL53-54.mark.xml#sSpan156"/>
		<rel id="sPointingRel187" xlink:href="scriptorium.GL53-54.mark.xml#sSpan325" target="scriptorium.GL53-54.mark.xml#sSpan321"/>
		<rel id="sPointingRel189" xlink:href="scriptorium.GL53-54.mark.xml#sSpan1345" target="scriptorium.GL53-54.mark.xml#sSpan1337"/>
		<rel id="sPointingRel191" xlink:href="scriptorium.GL53-54.mark.xml#sSpan1238" target="scriptorium.GL53-54.mark.xml#sSpan1233"/>
		<rel id="sPointingRel193" xlink:href="scriptorium.GL53-54.mark.xml#sSpan722" target="scriptorium.GL53-54.mark.xml#sSpan744"/>
		<rel id="sPointingRel195" xlink:href="scriptorium.GL53-54.mark.xml#sSpan380" target="scriptorium.GL53-54.mark.xml#sSpan375"/>
		<rel id="sPointingRel197" xlink:href="scriptorium.GL53-54.mark.xml#sSpan926" target="scriptorium.GL53-54.mark.xml#sSpan988"/>
		<rel id="sPointingRel199" xlink:href="scriptorium.GL53-54.mark.xml#sSpan436" target="scriptorium.GL53-54.mark.xml#sSpan433"/>
		<rel id="sPointingRel201" xlink:href="scriptorium.GL53-54.mark.xml#sSpan935" target="scriptorium.GL53-54.mark.xml#sSpan930"/>
		<rel id="sPointingRel203" xlink:href="scriptorium.GL53-54.mark.xml#sSpan594" target="scriptorium.GL53-54.mark.xml#sSpan590"/>
		<rel id="sPointingRel205" xlink:href="scriptorium.GL53-54.mark.xml#sSpan1062" target="scriptorium.GL53-54.mark.xml#sSpan1064"/>
		<rel id="sPointingRel207" xlink:href="scriptorium.GL53-54.mark.xml#sSpan230" target="scriptorium.GL53-54.mark.xml#sSpan224"/>
		<rel id="sPointingRel209" xlink:href="scriptorium.GL53-54.mark.xml#sSpan217" target="scriptorium.GL53-54.mark.xml#sSpan213"/>
		<rel id="sPointingRel211" xlink:href="scriptorium.GL53-54.mark.xml#sSpan603" target="scriptorium.GL53-54.mark.xml#sSpan605"/>
		<rel id="sPointingRel213" xlink:href="scriptorium.GL53-54.mark.xml#sSpan49" target="scriptorium.GL53-54.mark.xml#sSpan57"/>
		<rel id="sPointingRel215" xlink:href="scriptorium.GL53-54.mark.xml#sSpan1023" target="scriptorium.GL53-54.mark.xml#sSpan1031"/>
		<rel id="sPointingRel217" xlink:href="scriptorium.GL53-54.mark.xml#sSpan1281" target="scriptorium.GL53-54.mark.xml#sSpan1276"/>
		<rel id="sPointingRel219" xlink:href="scriptorium.GL53-54.mark.xml#sSpan97" target="scriptorium.GL53-54.mark.xml#sSpan89"/>
		<rel id="sPointingRel221" xlink:href="scriptorium.GL53-54.mark.xml#sSpan1345" target="scriptorium.GL53-54.mark.xml#sSpan1363"/>
		<rel id="sPointingRel223" xlink:href="scriptorium.GL53-54.mark.xml#sSpan182" target="scriptorium.GL53-54.mark.xml#sSpan175"/>
		<rel id="sPointingRel225" xlink:href="scriptorium.GL53-54.mark.xml#sSpan1303" target="scriptorium.GL53-54.mark.xml#sSpan1323"/>
		<rel id="sPointingRel227" xlink:href="scriptorium.GL53-54.mark.xml#sSpan903" target="scriptorium.GL53-54.mark.xml#sSpan901"/>
		<rel id="sPointingRel229" xlink:href="scriptorium.GL53-54.mark.xml#sSpan182" target="scriptorium.GL53-54.mark.xml#sSpan179"/>
		<rel id="sPointingRel231" xlink:href="scriptorium.GL53-54.mark.xml#sSpan744" target="scriptorium.GL53-54.mark.xml#sSpan742"/>
		<rel id="sPointingRel233" xlink:href="scriptorium.GL53-54.mark.xml#sSpan962" target="scriptorium.GL53-54.mark.xml#sSpan955"/>
		<rel id="sPointingRel235" xlink:href="scriptorium.GL53-54.mark.xml#sSpan307" target="scriptorium.GL53-54.mark.xml#sSpan302"/>
		<rel id="sPointingRel237" xlink:href="scriptorium.GL53-54.mark.xml#sSpan1157" target="scriptorium.GL53-54.mark.xml#sSpan1222"/>
		<rel id="sPointingRel239" xlink:href="scriptorium.GL53-54.mark.xml#sSpan1303" target="scriptorium.GL53-54.mark.xml#sSpan1300"/>
		<rel id="sPointingRel241" xlink:href="scriptorium.GL53-54.mark.xml#sSpan744" target="scriptorium.GL53-54.mark.xml#sSpan739"/>
		<rel id="sPointingRel243" xlink:href="scriptorium.GL53-54.mark.xml#sSpan230" target="scriptorium.GL53-54.mark.xml#sSpan233"/>
		<rel id="sPointingRel245" xlink:href="scriptorium.GL53-54.mark.xml#sSpan1272" target="scriptorium.GL53-54.mark.xml#sSpan1262"/>
		<rel id="sPointingRel247" xlink:href="scriptorium.GL53-54.mark.xml#sSpan242" target="scriptorium.GL53-54.mark.xml#sSpan245"/>
		<rel id="sPointingRel249" xlink:href="scriptorium.GL53-54.mark.xml#sSpan298" target="scriptorium.GL53-54.mark.xml#sSpan279"/>
		<rel id="sPointingRel251" xlink:href="scriptorium.GL53-54.mark.xml#sSpan1023" target="scriptorium.GL53-54.mark.xml#sSpan1124"/>
		<rel id="sPointingRel253" xlink:href="scriptorium.GL53-54.mark.xml#sSpan349" target="scriptorium.GL53-54.mark.xml#sSpan338"/>
		<rel id="sPointingRel255" xlink:href="scriptorium.GL53-54.mark.xml#sSpan401" target="scriptorium.GL53-54.mark.xml#sSpan406"/>
		<rel id="sPointingRel257" xlink:href="scriptorium.GL53-54.mark.xml#sSpan349" target="scriptorium.GL53-54.mark.xml#sSpan361"/>
		<rel id="sPointingRel259" xlink:href="scriptorium.GL53-54.mark.xml#sSpan873" target="scriptorium.GL53-54.mark.xml#sSpan868"/>
		<rel id="sPointingRel261" xlink:href="scriptorium.GL53-54.mark.xml#sSpan436" target="scriptorium.GL53-54.mark.xml#sSpan429"/>
		<rel id="sPointingRel263" xlink:href="scriptorium.GL53-54.mark.xml#sSpan1073" target="scriptorium.GL53-54.mark.xml#sSpan1084"/>
		<rel id="sPointingRel265" xlink:href="scriptorium.GL53-54.mark.xml#sSpan325" target="scriptorium.GL53-54.mark.xml#sSpan327"/>
		<rel id="sPointingRel267" xlink:href="scriptorium.GL53-54.mark.xml#sSpan1255" target="scriptorium.GL53-54.mark.xml#sSpan1249"/>
		<rel id="sPointingRel269" xlink:href="scriptorium.GL53-54.mark.xml#sSpan838" target="scriptorium.GL53-54.mark.xml#sSpan820"/>
		<rel id="sPointingRel271" xlink:href="scriptorium.GL53-54.mark.xml#sSpan873" target="scriptorium.GL53-54.mark.xml#sSpan889"/>
		<rel id="sPointingRel273" xlink:href="scriptorium.GL53-54.mark.xml#sSpan830" target="scriptorium.GL53-54.mark.xml#sSpan826"/>
		<rel id="sPointingRel275" xlink:href="scriptorium.GL53-54.mark.xml#sSpan1345" target="scriptorium.GL53-54.mark.xml#sSpan1348"/>
		<rel id="sPointingRel277" xlink:href="scriptorium.GL53-54.mark.xml#sSpan1124" target="scriptorium.GL53-54.mark.xml#sSpan1120"/>
		<rel id="sPointingRel279" xlink:href="scriptorium.GL53-54.mark.xml#sSpan903" target="scriptorium.GL53-54.mark.xml#sSpan911"/>
		<rel id="sPointingRel281" xlink:href="scriptorium.GL53-54.mark.xml#sSpan1272" target="scriptorium.GL53-54.mark.xml#sSpan1281"/>
		<rel id="sPointingRel283" xlink:href="scriptorium.GL53-54.mark.xml#sSpan1222" target="scriptorium.GL53-54.mark.xml#sSpan1218"/>
		<rel id="sPointingRel285" xlink:href="scriptorium.GL53-54.mark.xml#sSpan86" target="scriptorium.GL53-54.mark.xml#sSpan115"/>
		<rel id="sPointingRel287" xlink:href="scriptorium.GL53-54.mark.xml#sSpan800" target="scriptorium.GL53-54.mark.xml#sSpan796"/>
		<rel id="sPointingRel289" xlink:href="scriptorium.GL53-54.mark.xml#sSpan453" target="scriptorium.GL53-54.mark.xml#sSpan464"/>
		<rel id="sPointingRel291" xlink:href="scriptorium.GL53-54.mark.xml#sSpan124" target="scriptorium.GL53-54.mark.xml#sSpan119"/>
		<rel id="sPointingRel293" xlink:href="scriptorium.GL53-54.mark.xml#sSpan1411" target="scriptorium.GL53-54.mark.xml#sSpan1404"/>
		<rel id="sPointingRel295" xlink:href="scriptorium.GL53-54.mark.xml#sSpan217" target="scriptorium.GL53-54.mark.xml#sSpan209"/>
		<rel id="sPointingRel297" xlink:href="scriptorium.GL53-54.mark.xml#sSpan443" target="scriptorium.GL53-54.mark.xml#sSpan438"/>
		<rel id="sPointingRel299" xlink:href="scriptorium.GL53-54.mark.xml#sSpan298" target="scriptorium.GL53-54.mark.xml#sSpan373"/>
		<rel id="sPointingRel301" xlink:href="scriptorium.GL53-54.mark.xml#sSpan422" target="scriptorium.GL53-54.mark.xml#sSpan436"/>
		<rel id="sPointingRel303" xlink:href="scriptorium.GL53-54.mark.xml#sSpan585" target="scriptorium.GL53-54.mark.xml#sSpan588"/>
		<rel id="sPointingRel305" xlink:href="scriptorium.GL53-54.mark.xml#sSpan953" target="scriptorium.GL53-54.mark.xml#sSpan949"/>
		<rel id="sPointingRel307" xlink:href="scriptorium.GL53-54.mark.xml#sSpan108" target="scriptorium.GL53-54.mark.xml#sSpan104"/>
		<rel id="sPointingRel309" xlink:href="scriptorium.GL53-54.mark.xml#sSpan25" target="scriptorium.GL53-54.mark.xml#sSpan17"/>
		<rel id="sPointingRel311" xlink:href="scriptorium.GL53-54.mark.xml#sSpan611" target="scriptorium.GL53-54.mark.xml#sSpan607"/>
		<rel id="sPointingRel313" xlink:href="scriptorium.GL53-54.mark.xml#sSpan1290" target="scriptorium.GL53-54.mark.xml#sSpan1303"/>
		<rel id="sPointingRel315" xlink:href="scriptorium.GL53-54.mark.xml#sSpan230" target="scriptorium.GL53-54.mark.xml#sSpan242"/>
		<rel id="sPointingRel317" xlink:href="scriptorium.GL53-54.mark.xml#sSpan1222" target="scriptorium.GL53-54.mark.xml#sSpan1238"/>
		<rel id="sPointingRel319" xlink:href="scriptorium.GL53-54.mark.xml#sSpan1323" target="scriptorium.GL53-54.mark.xml#sSpan1316"/>
		<rel id="sPointingRel321" xlink:href="scriptorium.GL53-54.mark.xml#sSpan633" target="scriptorium.GL53-54.mark.xml#sSpan631"/>
		<rel id="sPointingRel323" xlink:href="scriptorium.GL53-54.mark.xml#sSpan988" target="scriptorium.GL53-54.mark.xml#sSpan995"/>
		<rel id="sPointingRel325" xlink:href="scriptorium.GL53-54.mark.xml#sSpan926" target="scriptorium.GL53-54.mark.xml#sSpan935"/>
		<rel id="sPointingRel327" xlink:href="scriptorium.GL53-54.mark.xml#sSpan474" target="scriptorium.GL53-54.mark.xml#sSpan483"/>
		<rel id="sPointingRel329" xlink:href="scriptorium.GL53-54.mark.xml#sSpan389" target="scriptorium.GL53-54.mark.xml#sSpan386"/>
		<rel id="sPointingRel331" xlink:href="scriptorium.GL53-54.mark.xml#sSpan1204" target="scriptorium.GL53-54.mark.xml#sSpan1200"/>
		<rel id="sPointingRel333" xlink:href="scriptorium.GL53-54.mark.xml#sSpan969" target="scriptorium.GL53-54.mark.xml#sSpan965"/>
		<rel id="sPointingRel335" xlink:href="scriptorium.GL53-54.mark.xml#sSpan97" target="scriptorium.GL53-54.mark.xml#sSpan108"/>
		<rel id="sPointingRel337" xlink:href="scriptorium.GL53-54.mark.xml#sSpan1141" target="scriptorium.GL53-54.mark.xml#sSpan1137"/>
		<rel id="sPointingRel339" xlink:href="scriptorium.GL53-54.mark.xml#sSpan1255" target="scriptorium.GL53-54.mark.xml#sSpan1272"/>
		<rel id="sPointingRel341" xlink:href="scriptorium.GL53-54.mark.xml#sSpan528" target="scriptorium.GL53-54.mark.xml#sSpan526"/>
		<rel id="sPointingRel343" xlink:href="scriptorium.GL53-54.mark.xml#sSpan889" target="scriptorium.GL53-54.mark.xml#sSpan879"/>
		<rel id="sPointingRel345" xlink:href="scriptorium.GL53-54.mark.xml#sSpan359" target="scriptorium.GL53-54.mark.xml#sSpan353"/>
		<rel id="sPointingRel347" xlink:href="scriptorium.GL53-54.mark.xml#sSpan464" target="scriptorium.GL53-54.mark.xml#sSpan474"/>
		<rel id="sPointingRel349" xlink:href="scriptorium.GL53-54.mark.xml#sSpan995" target="scriptorium.GL53-54.mark.xml#sSpan991"/>
		<rel id="sPointingRel351" xlink:href="scriptorium.GL53-54.mark.xml#sSpan298" target="scriptorium.GL53-54.mark.xml#sSpan294"/>
		<rel id="sPointingRel353" xlink:href="scriptorium.GL53-54.mark.xml#sSpan336" target="scriptorium.GL53-54.mark.xml#sSpan329"/>
		<rel id="sPointingRel355" xlink:href="scriptorium.GL53-54.mark.xml#sSpan474" target="scriptorium.GL53-54.mark.xml#sSpan466"/>
		<rel id="sPointingRel357" xlink:href="scriptorium.GL53-54.mark.xml#sSpan537" target="scriptorium.GL53-54.mark.xml#sSpan547"/>
		<rel id="sPointingRel359" xlink:href="scriptorium.GL53-54.mark.xml#sSpan492" target="scriptorium.GL53-54.mark.xml#sSpan515"/>
		<rel id="sPointingRel361" xlink:href="scriptorium.GL53-54.mark.xml#sSpan1238" target="scriptorium.GL53-54.mark.xml#sSpan1231"/>
		<rel id="sPointingRel363" xlink:href="scriptorium.GL53-54.mark.xml#sSpan1174" target="scriptorium.GL53-54.mark.xml#sSpan1178"/>
		<rel id="sPointingRel365" xlink:href="scriptorium.GL53-54.mark.xml#sSpan191" target="scriptorium.GL53-54.mark.xml#sSpan184"/>
		<rel id="sPointingRel367" xlink:href="scriptorium.GL53-54.mark.xml#sSpan753" target="scriptorium.GL53-54.mark.xml#sSpan751"/>
		<rel id="sPointingRel369" xlink:href="scriptorium.GL53-54.mark.xml#sSpan75" target="scriptorium.GL53-54.mark.xml#sSpan69"/>
		<rel id="sPointingRel371" xlink:href="scriptorium.GL53-54.mark.xml#sSpan695" target="scriptorium.GL53-54.mark.xml#sSpan690"/>
		<rel id="sPointingRel373" xlink:href="scriptorium.GL53-54.mark.xml#sSpan1222" target="scriptorium.GL53-54.mark.xml#sSpan1214"/>
		<rel id="sPointingRel375" xlink:href="scriptorium.GL53-54.mark.xml#sSpan836" target="scriptorium.GL53-54.mark.xml#sSpan832"/>
		<rel id="sPointingRel377" xlink:href="scriptorium.GL53-54.mark.xml#sSpan633" target="scriptorium.GL53-54.mark.xml#sSpan665"/>
		<rel id="sPointingRel379" xlink:href="scriptorium.GL53-54.mark.xml#sSpan1247" target="scriptorium.GL53-54.mark.xml#sSpan1243"/>
		<rel id="sPointingRel381" xlink:href="scriptorium.GL53-54.mark.xml#sSpan131" target="scriptorium.GL53-54.mark.xml#sSpan127"/>
		<rel id="sPointingRel383" xlink:href="scriptorium.GL53-54.mark.xml#sSpan585" target="scriptorium.GL53-54.mark.xml#sSpan583"/>
		<rel id="sPointingRel385" xlink:href="scriptorium.GL53-54.mark.xml#sSpan373" target="scriptorium.GL53-54.mark.xml#sSpan389"/>
		<rel id="sPointingRel387" xlink:href="scriptorium.GL53-54.mark.xml#sSpan722" target="scriptorium.GL53-54.mark.xml#sSpan717"/>
		<rel id="sPointingRel389" xlink:href="scriptorium.GL53-54.mark.xml#sSpan585" target="scriptorium.GL53-54.mark.xml#sSpan581"/>
		<rel id="sPointingRel391" xlink:href="scriptorium.GL53-54.mark.xml#sSpan1196" target="scriptorium.GL53-54.mark.xml#sSpan1189"/>
		<rel id="sPointingRel393" xlink:href="scriptorium.GL53-54.mark.xml#sSpan1031" target="scriptorium.GL53-54.mark.xml#sSpan1029"/>
		<rel id="sPointingRel395" xlink:href="scriptorium.GL53-54.mark.xml#sSpan1094" target="scriptorium.GL53-54.mark.xml#sSpan1091"/>
		<rel id="sPointingRel397" xlink:href="scriptorium.GL53-54.mark.xml#sSpan172" target="scriptorium.GL53-54.mark.xml#sSpan165"/>
		<rel id="sPointingRel399" xlink:href="scriptorium.GL53-54.mark.xml#sSpan1157" target="scriptorium.GL53-54.mark.xml#sSpan1168"/>
		<rel id="sPointingRel401" xlink:href="scriptorium.GL53-54.mark.xml#sSpan38" target="scriptorium.GL53-54.mark.xml#sSpan36"/>
		<rel id="sPointingRel403" xlink:href="scriptorium.GL53-54.mark.xml#sSpan349" target="scriptorium.GL53-54.mark.xml#sSpan342"/>
		<rel id="sPointingRel405" xlink:href="scriptorium.GL53-54.mark.xml#sSpan97" target="scriptorium.GL53-54.mark.xml#sSpan131"/>
		<rel id="sPointingRel407" xlink:href="scriptorium.GL53-54.mark.xml#sSpan1264" target="scriptorium.GL53-54.mark.xml#sSpan1268"/>
		<rel id="sPointingRel409" xlink:href="scriptorium.GL53-54.mark.xml#sSpan677" target="scriptorium.GL53-54.mark.xml#sSpan671"/>
		<rel id="sPointingRel411" xlink:href="scriptorium.GL53-54.mark.xml#sSpan1394" target="scriptorium.GL53-54.mark.xml#sSpan1390"/>
		<rel id="sPointingRel413" xlink:href="scriptorium.GL53-54.mark.xml#sSpan401" target="scriptorium.GL53-54.mark.xml#sSpan403"/>
		<rel id="sPointingRel415" xlink:href="scriptorium.GL53-54.mark.xml#sSpan1168" target="scriptorium.GL53-54.mark.xml#sSpan1170"/>
		<rel id="sPointingRel417" xlink:href="scriptorium.GL53-54.mark.xml#sSpan1390" target="scriptorium.GL53-54.mark.xml#sSpan1386"/>
		<rel id="sPointingRel419" xlink:href="scriptorium.GL53-54.mark.xml#sSpan1377" target="scriptorium.GL53-54.mark.xml#sSpan1394"/>
		<rel id="sPointingRel421" xlink:href="scriptorium.GL53-54.mark.xml#sSpan453" target="scriptorium.GL53-54.mark.xml#sSpan585"/>
		<rel id="sPointingRel423" xlink:href="scriptorium.GL53-54.mark.xml#sSpan172" target="scriptorium.GL53-54.mark.xml#sSpan182"/>
		<rel id="sPointingRel425" xlink:href="scriptorium.GL53-54.mark.xml#sSpan926" target="scriptorium.GL53-54.mark.xml#sSpan1073"/>
		<rel id="sPointingRel427" xlink:href="scriptorium.GL53-54.mark.xml#sSpan953" target="scriptorium.GL53-54.mark.xml#sSpan1023"/>
		<rel id="sPointingRel429" xlink:href="scriptorium.GL53-54.mark.xml#sSpan764" target="scriptorium.GL53-54.mark.xml#sSpan762"/>
		<rel id="sPointingRel431" xlink:href="scriptorium.GL53-54.mark.xml#sSpan953" target="scriptorium.GL53-54.mark.xml#sSpan969"/>
		<rel id="sPointingRel433" xlink:href="scriptorium.GL53-54.mark.xml#sSpan1012" target="scriptorium.GL53-54.mark.xml#sSpan1009"/>
		<rel id="sPointingRel435" xlink:href="scriptorium.GL53-54.mark.xml#sSpan172" target="scriptorium.GL53-54.mark.xml#sSpan169"/>
		<rel id="sPointingRel437" xlink:href="scriptorium.GL53-54.mark.xml#sSpan401" target="scriptorium.GL53-54.mark.xml#sSpan397"/>
		<rel id="sPointingRel439" xlink:href="scriptorium.GL53-54.mark.xml#sSpan75" target="scriptorium.GL53-54.mark.xml#sSpan86"/>
		<rel id="sPointingRel441" xlink:href="scriptorium.GL53-54.mark.xml#sSpan1117" target="scriptorium.GL53-54.mark.xml#sSpan1114"/>
		<rel id="sPointingRel443" xlink:href="scriptorium.GL53-54.mark.xml#sSpan981" target="scriptorium.GL53-54.mark.xml#sSpan972"/>
		<rel id="sPointingRel445" xlink:href="scriptorium.GL53-54.mark.xml#sSpan182" target="scriptorium.GL53-54.mark.xml#sSpan191"/>
		<rel id="sPointingRel447" xlink:href="scriptorium.GL53-54.mark.xml#sSpan1094" target="scriptorium.GL53-54.mark.xml#sSpan1087"/>
		<rel id="sPointingRel449" xlink:href="scriptorium.GL53-54.mark.xml#sSpan401" target="scriptorium.GL53-54.mark.xml#sSpan414"/>
		<rel id="sPointingRel451" xlink:href="scriptorium.GL53-54.mark.xml#sSpan1303" target="scriptorium.GL53-54.mark.xml#sSpan1313"/>
		<rel id="sPointingRel453" xlink:href="scriptorium.GL53-54.mark.xml#sSpan764" target="scriptorium.GL53-54.mark.xml#sSpan770"/>
		<rel id="sPointingRel455" xlink:href="scriptorium.GL53-54.mark.xml#sSpan1157" target="scriptorium.GL53-54.mark.xml#sSpan1160"/>
		<rel id="sPointingRel457" xlink:href="scriptorium.GL53-54.mark.xml#sSpan838" target="scriptorium.GL53-54.mark.xml#sSpan849"/>
		<rel id="sPointingRel459" xlink:href="scriptorium.GL53-54.mark.xml#sSpan1157" target="scriptorium.GL53-54.mark.xml#sSpan1155"/>
		<rel id="sPointingRel461" xlink:href="scriptorium.GL53-54.mark.xml#sSpan683" target="scriptorium.GL53-54.mark.xml#sSpan677"/>
		<rel id="sPointingRel463" xlink:href="scriptorium.GL53-54.mark.xml#sSpan86" target="scriptorium.GL53-54.mark.xml#sSpan97"/>
		<rel id="sPointingRel465" xlink:href="scriptorium.GL53-54.mark.xml#sSpan557" target="scriptorium.GL53-54.mark.xml#sSpan561"/>
		<rel id="sPointingRel467" xlink:href="scriptorium.GL53-54.mark.xml#sSpan207" target="scriptorium.GL53-54.mark.xml#sSpan204"/>
		<rel id="sPointingRel469" xlink:href="scriptorium.GL53-54.mark.xml#sSpan1157" target="scriptorium.GL53-54.mark.xml#sSpan1153"/>
		<rel id="sPointingRel471" xlink:href="scriptorium.GL53-54.mark.xml#sSpan585" target="scriptorium.GL53-54.mark.xml#sSpan594"/>
		<rel id="sPointingRel473" xlink:href="scriptorium.GL53-54.mark.xml#sSpan207" target="scriptorium.GL53-54.mark.xml#sSpan217"/>
		<rel id="sPointingRel475" xlink:href="scriptorium.GL53-54.mark.xml#sSpan1272" target="scriptorium.GL53-54.mark.xml#sSpan1264"/>
		<rel id="sPointingRel477" xlink:href="scriptorium.GL53-54.mark.xml#sSpan889" target="scriptorium.GL53-54.mark.xml#sSpan892"/>
		<rel id="sPointingRel479" xlink:href="scriptorium.GL53-54.mark.xml#sSpan242" target="scriptorium.GL53-54.mark.xml#sSpan237"/>
		<rel id="sPointingRel481" xlink:href="scriptorium.GL53-54.mark.xml#sSpan962" target="scriptorium.GL53-54.mark.xml#sSpan959"/>
		<rel id="sPointingRel483" xlink:href="scriptorium.GL53-54.mark.xml#sSpan464" target="scriptorium.GL53-54.mark.xml#sSpan528"/>
		<rel id="sPointingRel485" xlink:href="scriptorium.GL53-54.mark.xml#sSpan15" target="scriptorium.GL53-54.mark.xml#sSpan25"/>
		<rel id="sPointingRel487" xlink:href="scriptorium.GL53-54.mark.xml#sSpan695" target="scriptorium.GL53-54.mark.xml#sSpan685"/>
		<rel id="sPointingRel489" xlink:href="scriptorium.GL53-54.mark.xml#sSpan1196" target="scriptorium.GL53-54.mark.xml#sSpan1204"/>
		<rel id="sPointingRel491" xlink:href="scriptorium.GL53-54.mark.xml#sSpan911" target="scriptorium.GL53-54.mark.xml#sSpan909"/>
		<rel id="sPointingRel493" xlink:href="scriptorium.GL53-54.mark.xml#sSpan191" target="scriptorium.GL53-54.mark.xml#sSpan189"/>
		<rel id="sPointingRel495" xlink:href="scriptorium.GL53-54.mark.xml#sSpan1323" target="scriptorium.GL53-54.mark.xml#sSpan1325"/>
		<rel id="sPointingRel497" xlink:href="scriptorium.GL53-54.mark.xml#sSpan230" target="scriptorium.GL53-54.mark.xml#sSpan254"/>
		<rel id="sPointingRel499" xlink:href="scriptorium.GL53-54.mark.xml#sSpan1394" target="scriptorium.GL53-54.mark.xml#sSpan1399"/>
		<rel id="sPointingRel501" xlink:href="scriptorium.GL53-54.mark.xml#sSpan25" target="scriptorium.GL53-54.mark.xml#sSpan22"/>
		<rel id="sPointingRel503" xlink:href="scriptorium.GL53-54.mark.xml#sSpan131" target="scriptorium.GL53-54.mark.xml#sSpan145"/>
		<rel id="sPointingRel505" xlink:href="scriptorium.GL53-54.mark.xml#sSpan988" target="scriptorium.GL53-54.mark.xml#sSpan945"/>
		<rel id="sPointingRel507" xlink:href="scriptorium.GL53-54.mark.xml#sSpan603" target="scriptorium.GL53-54.mark.xml#sSpan633"/>
		<rel id="sPointingRel509" xlink:href="scriptorium.GL53-54.mark.xml#sSpan728" target="scriptorium.GL53-54.mark.xml#sSpan724"/>
		<rel id="sPointingRel511" xlink:href="scriptorium.GL53-54.mark.xml#sSpan1143" target="scriptorium.GL53-54.mark.xml#sSpan1149"/>
		<rel id="sPointingRel513" xlink:href="scriptorium.GL53-54.mark.xml#sSpan373" target="scriptorium.GL53-54.mark.xml#sSpan371"/>
		<rel id="sPointingRel515" xlink:href="scriptorium.GL53-54.mark.xml#sSpan492" target="scriptorium.GL53-54.mark.xml#sSpan501"/>
		<rel id="sPointingRel517" xlink:href="scriptorium.GL53-54.mark.xml#sSpan464" target="scriptorium.GL53-54.mark.xml#sSpan460"/>
		<rel id="sPointingRel519" xlink:href="scriptorium.GL53-54.mark.xml#sSpan256" target="scriptorium.GL53-54.mark.xml#sSpan265"/>
		<rel id="sPointingRel521" xlink:href="scriptorium.GL53-54.mark.xml#sSpan924" target="scriptorium.GL53-54.mark.xml#sSpan921"/>
		<rel id="sPointingRel523" xlink:href="scriptorium.GL53-54.mark.xml#sSpan665" target="scriptorium.GL53-54.mark.xml#sSpan669"/>
		<rel id="sPointingRel525" xlink:href="scriptorium.GL53-54.mark.xml#sSpan349" target="scriptorium.GL53-54.mark.xml#sSpan351"/>
		<rel id="sPointingRel527" xlink:href="scriptorium.GL53-54.mark.xml#sSpan207" target="scriptorium.GL53-54.mark.xml#sSpan199"/>
		<rel id="sPointingRel529" xlink:href="scriptorium.GL53-54.mark.xml#sSpan818" target="scriptorium.GL53-54.mark.xml#sSpan815"/>
		<rel id="sPointingRel531" xlink:href="scriptorium.GL53-54.mark.xml#sSpan722" target="scriptorium.GL53-54.mark.xml#sSpan728"/>
		<rel id="sPointingRel533" xlink:href="scriptorium.GL53-54.mark.xml#sSpan547" target="scriptorium.GL53-54.mark.xml#sSpan539"/>
		<rel id="sPointingRel535" xlink:href="scriptorium.GL53-54.mark.xml#sSpan453" target="scriptorium.GL53-54.mark.xml#sSpan603"/>
		<rel id="sPointingRel537" xlink:href="scriptorium.GL53-54.mark.xml#sSpan830" target="scriptorium.GL53-54.mark.xml#sSpan836"/>
		<rel id="sPointingRel539" xlink:href="scriptorium.GL53-54.mark.xml#sSpan1323" target="scriptorium.GL53-54.mark.xml#sSpan1321"/>
		<rel id="sPointingRel541" xlink:href="scriptorium.GL53-54.mark.xml#sSpan1135" target="scriptorium.GL53-54.mark.xml#sSpan1141"/>
		<rel id="sPointingRel543" xlink:href="scriptorium.GL53-54.mark.xml#sSpan557" target="scriptorium.GL53-54.mark.xml#sSpan571"/>
		<rel id="sPointingRel545" xlink:href="scriptorium.GL53-54.mark.xml#sSpan401" target="scriptorium.GL53-54.mark.xml#sSpan422"/>
		<rel id="sPointingRel547" xlink:href="scriptorium.GL53-54.mark.xml#sSpan1303" target="scriptorium.GL53-54.mark.xml#sSpan1293"/>
		<rel id="sPointingRel549" xlink:href="scriptorium.GL53-54.mark.xml#sSpan753" target="scriptorium.GL53-54.mark.xml#sSpan747"/>
		<rel id="sPointingRel551" xlink:href="scriptorium.GL53-54.mark.xml#sSpan1363" target="scriptorium.GL53-54.mark.xml#sSpan1360"/>
		<rel id="sPointingRel553" xlink:href="scriptorium.GL53-54.mark.xml#sSpan349" target="scriptorium.GL53-54.mark.xml#sSpan359"/>
		<rel id="sPointingRel555" xlink:href="scriptorium.GL53-54.mark.xml#sSpan1084" target="scriptorium.GL53-54.mark.xml#sSpan1094"/>
		<rel id="sPointingRel557" xlink:href="scriptorium.GL53-54.mark.xml#sSpan265" target="scriptorium.GL53-54.mark.xml#sSpan258"/>
		<rel id="sPointingRel559" xlink:href="scriptorium.GL53-54.mark.xml#sSpan943" target="scriptorium.GL53-54.mark.xml#sSpan937"/>
		<rel id="sPointingRel561" xlink:href="scriptorium.GL53-54.mark.xml#sSpan557" target="scriptorium.GL53-54.mark.xml#sSpan559"/>
		<rel id="sPointingRel563" xlink:href="scriptorium.GL53-54.mark.xml#sSpan988" target="scriptorium.GL53-54.mark.xml#sSpan1006"/>
		<rel id="sPointingRel565" xlink:href="scriptorium.GL53-54.mark.xml#sSpan86" target="scriptorium.GL53-54.mark.xml#sSpan77"/>
		<rel id="sPointingRel567" xlink:href="scriptorium.GL53-54.mark.xml#sSpan97" target="scriptorium.GL53-54.mark.xml#sSpan93"/>
		<rel id="sPointingRel569" xlink:href="scriptorium.GL53-54.mark.xml#sSpan483" target="scriptorium.GL53-54.mark.xml#sSpan480"/>
		<rel id="sPointingRel571" xlink:href="scriptorium.GL53-54.mark.xml#sSpan38" target="scriptorium.GL53-54.mark.xml#sSpan75"/>
		<rel id="sPointingRel573" xlink:href="scriptorium.GL53-54.mark.xml#sSpan926" target="scriptorium.GL53-54.mark.xml#sSpan924"/>
		<rel id="sPointingRel575" xlink:href="scriptorium.GL53-54.mark.xml#sSpan242" target="scriptorium.GL53-54.mark.xml#sSpan256"/>
		<rel id="sPointingRel577" xlink:href="scriptorium.GL53-54.mark.xml#sSpan776" target="scriptorium.GL53-54.mark.xml#sSpan774"/>
		<rel id="sPointingRel579" xlink:href="scriptorium.GL53-54.mark.xml#sSpan1112" target="scriptorium.GL53-54.mark.xml#sSpan1106"/>
		<rel id="sPointingRel581" xlink:href="scriptorium.GL53-54.mark.xml#sSpan926" target="scriptorium.GL53-54.mark.xml#sSpan943"/>
		<rel id="sPointingRel583" xlink:href="scriptorium.GL53-54.mark.xml#sSpan744" target="scriptorium.GL53-54.mark.xml#sSpan735"/>
		<rel id="sPointingRel585" xlink:href="scriptorium.GL53-54.mark.xml#sSpan373" target="scriptorium.GL53-54.mark.xml#sSpan367"/>
		<rel id="sPointingRel587" xlink:href="scriptorium.GL53-54.mark.xml#sSpan1238" target="scriptorium.GL53-54.mark.xml#sSpan1226"/>
		<rel id="sPointingRel589" xlink:href="scriptorium.GL53-54.mark.xml#sSpan453" target="scriptorium.GL53-54.mark.xml#sSpan447"/>
		<rel id="sPointingRel591" xlink:href="scriptorium.GL53-54.mark.xml#sSpan926" target="scriptorium.GL53-54.mark.xml#sSpan1112"/>
		<rel id="sPointingRel593" xlink:href="scriptorium.GL53-54.mark.xml#sSpan108" target="scriptorium.GL53-54.mark.xml#sSpan100"/>
		<rel id="sPointingRel595" xlink:href="scriptorium.GL53-54.mark.xml#sSpan633" target="scriptorium.GL53-54.mark.xml#sSpan624"/>
		<rel id="sPointingRel597" xlink:href="scriptorium.GL53-54.mark.xml#sSpan889" target="scriptorium.GL53-54.mark.xml#sSpan884"/>
		<rel id="sPointingRel599" xlink:href="scriptorium.GL53-54.mark.xml#sSpan537" target="scriptorium.GL53-54.mark.xml#sSpan534"/>
		<rel id="sPointingRel601" xlink:href="scriptorium.GL53-54.mark.xml#sSpan15" target="scriptorium.GL53-54.mark.xml#sSpan1"/>
		<rel id="sPointingRel603" xlink:href="scriptorium.GL53-54.mark.xml#sSpan889" target="scriptorium.GL53-54.mark.xml#sSpan886"/>
		<rel id="sPointingRel605" xlink:href="scriptorium.GL53-54.mark.xml#sSpan1135" target="scriptorium.GL53-54.mark.xml#sSpan1133"/>
		<rel id="sPointingRel607" xlink:href="scriptorium.GL53-54.mark.xml#sSpan464" target="scriptorium.GL53-54.mark.xml#sSpan462"/>
		<rel id="sPointingRel609" xlink:href="scriptorium.GL53-54.mark.xml#sSpan158" target="scriptorium.GL53-54.mark.xml#sSpan150"/>
		<rel id="sPointingRel611" xlink:href="scriptorium.GL53-54.mark.xml#sSpan838" target="scriptorium.GL53-54.mark.xml#sSpan846"/>
		<rel id="sPointingRel613" xlink:href="scriptorium.GL53-54.mark.xml#sSpan191" target="scriptorium.GL53-54.mark.xml#sSpan207"/>
		<rel id="sPointingRel615" xlink:href="scriptorium.GL53-54.mark.xml#sSpan1196" target="scriptorium.GL53-54.mark.xml#sSpan1180"/>
		<rel id="sPointingRel617" xlink:href="scriptorium.GL53-54.mark.xml#sSpan1168" target="scriptorium.GL53-54.mark.xml#sSpan1164"/>
		<rel id="sPointingRel619" xlink:href="scriptorium.GL53-54.mark.xml#sSpan943" target="scriptorium.GL53-54.mark.xml#sSpan941"/>
		<rel id="sPointingRel621" xlink:href="scriptorium.GL53-54.mark.xml#sSpan1255" target="scriptorium.GL53-54.mark.xml#sSpan1258"/>
		<rel id="sPointingRel623" xlink:href="scriptorium.GL53-54.mark.xml#sSpan464" target="scriptorium.GL53-54.mark.xml#sSpan492"/>
		<rel id="sPointingRel625" xlink:href="scriptorium.GL53-54.mark.xml#sSpan585" target="scriptorium.GL53-54.mark.xml#sSpan577"/>
		<rel id="sPointingRel627" xlink:href="scriptorium.GL53-54.mark.xml#sSpan314" target="scriptorium.GL53-54.mark.xml#sSpan336"/>
		<rel id="sPointingRel629" xlink:href="scriptorium.GL53-54.mark.xml#sSpan557" target="scriptorium.GL53-54.mark.xml#sSpan553"/>
		<rel id="sPointingRel631" xlink:href="scriptorium.GL53-54.mark.xml#sSpan1168" target="scriptorium.GL53-54.mark.xml#sSpan1174"/>
		<rel id="sPointingRel633" xlink:href="scriptorium.GL53-54.mark.xml#sSpan528" target="scriptorium.GL53-54.mark.xml#sSpan521"/>
		<rel id="sPointingRel635" xlink:href="scriptorium.GL53-54.mark.xml#sSpan1394" target="scriptorium.GL53-54.mark.xml#sSpan1380"/>
		<rel id="sPointingRel637" xlink:href="scriptorium.GL53-54.mark.xml#sSpan483" target="scriptorium.GL53-54.mark.xml#sSpan476"/>
		<rel id="sPointingRel639" xlink:href="scriptorium.GL53-54.mark.xml#sSpan528" target="scriptorium.GL53-54.mark.xml#sSpan517"/>
		<rel id="sPointingRel641" xlink:href="scriptorium.GL53-54.mark.xml#sSpan436" target="scriptorium.GL53-54.mark.xml#sSpan443"/>
		<rel id="sPointingRel643" xlink:href="scriptorium.GL53-54.mark.xml#sSpan158" target="scriptorium.GL53-54.mark.xml#sSpan298"/>
		<rel id="sPointingRel645" xlink:href="scriptorium.GL53-54.mark.xml#sSpan665" target="scriptorium.GL53-54.mark.xml#sSpan657"/>
		<rel id="sPointingRel647" xlink:href="scriptorium.GL53-54.mark.xml#sSpan422" target="scriptorium.GL53-54.mark.xml#sSpan420"/>
		<rel id="sPointingRel649" xlink:href="scriptorium.GL53-54.mark.xml#sSpan547" target="scriptorium.GL53-54.mark.xml#sSpan543"/>
		<rel id="sPointingRel651" xlink:href="scriptorium.GL53-54.mark.xml#sSpan1377" target="scriptorium.GL53-54.mark.xml#sSpan1371"/>
		<rel id="sPointingRel653" xlink:href="scriptorium.GL53-54.mark.xml#sSpan1345" target="scriptorium.GL53-54.mark.xml#sSpan1343"/>
		<rel id="sPointingRel655" xlink:href="scriptorium.GL53-54.mark.xml#sSpan981" target="scriptorium.GL53-54.mark.xml#sSpan976"/>
		<rel id="sPointingRel657" xlink:href="scriptorium.GL53-54.mark.xml#sSpan1062" target="scriptorium.GL53-54.mark.xml#sSpan1049"/>
		<rel id="sPointingRel659" xlink:href="scriptorium.GL53-54.mark.xml#sSpan633" target="scriptorium.GL53-54.mark.xml#sSpan619"/>
		<rel id="sPointingRel661" xlink:href="scriptorium.GL53-54.mark.xml#sSpan359" target="scriptorium.GL53-54.mark.xml#sSpan357"/>
		<rel id="sPointingRel663" xlink:href="scriptorium.GL53-54.mark.xml#sSpan861" target="scriptorium.GL53-54.mark.xml#sSpan858"/>
		<rel id="sPointingRel665" xlink:href="scriptorium.GL53-54.mark.xml#sSpan1345" target="scriptorium.GL53-54.mark.xml#sSpan1341"/>
		<rel id="sPointingRel667" xlink:href="scriptorium.GL53-54.mark.xml#sSpan272" target="scriptorium.GL53-54.mark.xml#sSpan268"/>
		<rel id="sPointingRel669" xlink:href="scriptorium.GL53-54.mark.xml#sSpan1238" target="scriptorium.GL53-54.mark.xml#sSpan1247"/>
		<rel id="sPointingRel671" xlink:href="scriptorium.GL53-54.mark.xml#sSpan1062" target="scriptorium.GL53-54.mark.xml#sSpan1054"/>
		<rel id="sPointingRel673" xlink:href="scriptorium.GL53-54.mark.xml#sSpan256" target="scriptorium.GL53-54.mark.xml#sSpan249"/>
		<rel id="sPointingRel675" xlink:href="scriptorium.GL53-54.mark.xml#sSpan665" target="scriptorium.GL53-54.mark.xml#sSpan661"/>
		<rel id="sPointingRel677" xlink:href="scriptorium.GL53-54.mark.xml#sSpan349" target="scriptorium.GL53-54.mark.xml#sSpan347"/>
		<rel id="sPointingRel679" xlink:href="scriptorium.GL53-54.mark.xml#sSpan298" target="scriptorium.GL53-54.mark.xml#sSpan283"/>
		<rel id="sPointingRel681" xlink:href="scriptorium.GL53-54.mark.xml#sSpan1334" target="scriptorium.GL53-54.mark.xml#sSpan1328"/>
		<rel id="sPointingRel683" xlink:href="scriptorium.GL53-54.mark.xml#sSpan1112" target="scriptorium.GL53-54.mark.xml#sSpan1117"/>
		<rel id="sPointingRel685" xlink:href="scriptorium.GL53-54.mark.xml#sSpan1196" target="scriptorium.GL53-54.mark.xml#sSpan1184"/>
		<rel id="sPointingRel687" xlink:href="scriptorium.GL53-54.mark.xml#sSpan639" target="scriptorium.GL53-54.mark.xml#sSpan635"/>
		<rel id="sPointingRel689" xlink:href="scriptorium.GL53-54.mark.xml#sSpan515" target="scriptorium.GL53-54.mark.xml#sSpan513"/>
		<rel id="sPointingRel691" xlink:href="scriptorium.GL53-54.mark.xml#sSpan633" target="scriptorium.GL53-54.mark.xml#sSpan649"/>
		<rel id="sPointingRel693" xlink:href="scriptorium.GL53-54.mark.xml#sSpan838" target="scriptorium.GL53-54.mark.xml#sSpan830"/>
		<rel id="sPointingRel695" xlink:href="scriptorium.GL53-54.mark.xml#sSpan145" target="scriptorium.GL53-54.mark.xml#sSpan140"/>
		<rel id="sPointingRel697" xlink:href="scriptorium.GL53-54.mark.xml#sSpan1303" target="scriptorium.GL53-54.mark.xml#sSpan1297"/>
		<rel id="sPointingRel699" xlink:href="scriptorium.GL53-54.mark.xml#sSpan988" target="scriptorium.GL53-54.mark.xml#sSpan1012"/>
		<rel id="sPointingRel701" xlink:href="scriptorium.GL53-54.mark.xml#sSpan926" target="scriptorium.GL53-54.mark.xml#sSpan915"/>
		<rel id="sPointingRel703" xlink:href="scriptorium.GL53-54.mark.xml#sSpan603" target="scriptorium.GL53-54.mark.xml#sSpan614"/>
		<rel id="sPointingRel705" xlink:href="scriptorium.GL53-54.mark.xml#sSpan453" target="scriptorium.GL53-54.mark.xml#sSpan557"/>
		<rel id="sPointingRel707" xlink:href="scriptorium.GL53-54.mark.xml#sSpan911" target="scriptorium.GL53-54.mark.xml#sSpan905"/>
		<rel id="sPointingRel709" xlink:href="scriptorium.GL53-54.mark.xml#sSpan1031" target="scriptorium.GL53-54.mark.xml#sSpan1037"/>
		<rel id="sPointingRel711" xlink:href="scriptorium.GL53-54.mark.xml#sSpan669" target="scriptorium.GL53-54.mark.xml#sSpan667"/>
		<rel id="sPointingRel713" xlink:href="scriptorium.GL53-54.mark.xml#sSpan207" target="scriptorium.GL53-54.mark.xml#sSpan230"/>
		<rel id="sPointingRel715" xlink:href="scriptorium.GL53-54.mark.xml#sSpan988" target="scriptorium.GL53-54.mark.xml#sSpan1002"/>
		<rel id="sPointingRel717" xlink:href="scriptorium.GL53-54.mark.xml#sSpan633" target="scriptorium.GL53-54.mark.xml#sSpan683"/>
		<rel id="sPointingRel719" xlink:href="scriptorium.GL53-54.mark.xml#sSpan15" target="scriptorium.GL53-54.mark.xml#sSpan10"/>
		<rel id="sPointingRel721" xlink:href="scriptorium.GL53-54.mark.xml#sSpan1037" target="scriptorium.GL53-54.mark.xml#sSpan1033"/>
		<rel id="sPointingRel723" xlink:href="scriptorium.GL53-54.mark.xml#sSpan49" target="scriptorium.GL53-54.mark.xml#sSpan41"/>
		<rel id="sPointingRel725" xlink:href="scriptorium.GL53-54.mark.xml#sSpan314" target="scriptorium.GL53-54.mark.xml#sSpan310"/>
		<rel id="sPointingRel727" xlink:href="scriptorium.GL53-54.mark.xml#sSpan1334" target="scriptorium.GL53-54.mark.xml#sSpan1345"/>
		<rel id="sPointingRel729" xlink:href="scriptorium.GL53-54.mark.xml#sSpan1411" target="scriptorium.GL53-54.mark.xml#sSpan1420"/>
		<rel id="sPointingRel731" xlink:href="scriptorium.GL53-54.mark.xml#sSpan373" target="scriptorium.GL53-54.mark.xml#sSpan380"/>
		<rel id="sPointingRel733" xlink:href="scriptorium.GL53-54.mark.xml#sSpan1157" target="scriptorium.GL53-54.mark.xml#sSpan1143"/>
		<rel id="sPointingRel735" xlink:href="scriptorium.GL53-54.mark.xml#sSpan1189" target="scriptorium.GL53-54.mark.xml#sSpan1186"/>
		<rel id="sPointingRel737" xlink:href="scriptorium.GL53-54.mark.xml#sSpan683" target="scriptorium.GL53-54.mark.xml#sSpan679"/>
		<rel id="sPointingRel739" xlink:href="scriptorium.GL53-54.mark.xml#sSpan1411" target="scriptorium.GL53-54.mark.xml#sSpan1408"/>
		<rel id="sPointingRel741" xlink:href="scriptorium.GL53-54.mark.xml#sSpan873" target="scriptorium.GL53-54.mark.xml#sSpan863"/>
		<rel id="sPointingRel743" xlink:href="scriptorium.GL53-54.mark.xml#sSpan1313" target="scriptorium.GL53-54.mark.xml#sSpan1308"/>
		<rel id="sPointingRel745" xlink:href="scriptorium.GL53-54.mark.xml#sSpan422" target="scriptorium.GL53-54.mark.xml#sSpan416"/>
		<rel id="sPointingRel747" xlink:href="scriptorium.GL53-54.mark.xml#sSpan603" target="scriptorium.GL53-54.mark.xml#sSpan601"/>
		<rel id="sPointingRel749" xlink:href="scriptorium.GL53-54.mark.xml#sSpan1124" target="scriptorium.GL53-54.mark.xml#sSpan1126"/>
		<rel id="sPointingRel751" xlink:href="scriptorium.GL53-54.mark.xml#sSpan298" target="scriptorium.GL53-54.mark.xml#sSpan314"/>
		<rel id="sPointingRel753" xlink:href="scriptorium.GL53-54.mark.xml#sSpan770" target="scriptorium.GL53-54.mark.xml#sSpan776"/>
		<rel id="sPointingRel755" xlink:href="scriptorium.GL53-54.mark.xml#sSpan158" target="scriptorium.GL53-54.mark.xml#sSpan172"/>
		<rel id="sPointingRel757" xlink:href="scriptorium.GL53-54.mark.xml#sSpan683" target="scriptorium.GL53-54.mark.xml#sSpan695"/>
		<rel id="sPointingRel759" xlink:href="scriptorium.GL53-54.mark.xml#sSpan603" target="scriptorium.GL53-54.mark.xml#sSpan611"/>
		<rel id="sPointingRel761" xlink:href="scriptorium.GL53-54.mark.xml#sSpan492" target="scriptorium.GL53-54.mark.xml#sSpan494"/>
		<rel id="sPointingRel763" xlink:href="scriptorium.GL53-54.mark.xml#sSpan603" target="scriptorium.GL53-54.mark.xml#sSpan596"/></relList></paula>