<?xml version='1.0' encoding='UTF-8'?><!DOCTYPE paula SYSTEM "paula_rel.dtd">
<paula version="1.1">
	<header paula_id="scriptorium.GL53-54.head"/>
	<relList xmlns:xlink="http://www.w3.org/1999/xlink" type="head">
		<rel id="sPointingRel765" xlink:href="scriptorium.GL53-54.mark.xml#sSpan171" target="scriptorium.GL53-54.mark.xml#sSpan172"/>
		<rel id="sPointingRel767" xlink:href="scriptorium.GL53-54.mark.xml#sSpan181" target="scriptorium.GL53-54.mark.xml#sSpan182"/>
		<rel id="sPointingRel769" xlink:href="scriptorium.GL53-54.mark.xml#sSpan55" target="scriptorium.GL53-54.mark.xml#sSpan57"/>
		<rel id="sPointingRel771" xlink:href="scriptorium.GL53-54.mark.xml#sSpan798" target="scriptorium.GL53-54.mark.xml#sSpan800"/>
		<rel id="sPointingRel773" xlink:href="scriptorium.GL53-54.mark.xml#sSpan24" target="scriptorium.GL53-54.mark.xml#sSpan25"/>
		<rel id="sPointingRel775" xlink:href="scriptorium.GL53-54.mark.xml#sSpan309" target="scriptorium.GL53-54.mark.xml#sSpan307"/>
		<rel id="sPointingRel777" xlink:href="scriptorium.GL53-54.mark.xml#sSpan291" target="scriptorium.GL53-54.mark.xml#sSpan289"/>
		<rel id="sPointingRel779" xlink:href="scriptorium.GL53-54.mark.xml#sSpan692" target="scriptorium.GL53-54.mark.xml#sSpan695"/>
		<rel id="sPointingRel781" xlink:href="scriptorium.GL53-54.mark.xml#sSpan536" target="scriptorium.GL53-54.mark.xml#sSpan537"/>
		<rel id="sPointingRel783" xlink:href="scriptorium.GL53-54.mark.xml#sSpan1388" target="scriptorium.GL53-54.mark.xml#sSpan1390"/>
		<rel id="sPointingRel785" xlink:href="scriptorium.GL53-54.mark.xml#sSpan1379" target="scriptorium.GL53-54.mark.xml#sSpan1377"/>
		<rel id="sPointingRel787" xlink:href="scriptorium.GL53-54.mark.xml#sSpan860" target="scriptorium.GL53-54.mark.xml#sSpan861"/>
		<rel id="sPointingRel789" xlink:href="scriptorium.GL53-54.mark.xml#sSpan473" target="scriptorium.GL53-54.mark.xml#sSpan474"/>
		<rel id="sPointingRel791" xlink:href="scriptorium.GL53-54.mark.xml#sSpan828" target="scriptorium.GL53-54.mark.xml#sSpan830"/>
		<rel id="sPointingRel793" xlink:href="scriptorium.GL53-54.mark.xml#sSpan923" target="scriptorium.GL53-54.mark.xml#sSpan924"/>
		<rel id="sPointingRel795" xlink:href="scriptorium.GL53-54.mark.xml#sSpan47" target="scriptorium.GL53-54.mark.xml#sSpan49"/>
		<rel id="sPointingRel797" xlink:href="scriptorium.GL53-54.mark.xml#sSpan126" target="scriptorium.GL53-54.mark.xml#sSpan124"/>
		<rel id="sPointingRel799" xlink:href="scriptorium.GL53-54.mark.xml#sSpan1235" target="scriptorium.GL53-54.mark.xml#sSpan1233"/>
		<rel id="sPointingRel801" xlink:href="scriptorium.GL53-54.mark.xml#sSpan14" target="scriptorium.GL53-54.mark.xml#sSpan15"/>
		<rel id="sPointingRel803" xlink:href="scriptorium.GL53-54.mark.xml#sSpan870" target="scriptorium.GL53-54.mark.xml#sSpan873"/>
		<rel id="sPointingRel805" xlink:href="scriptorium.GL53-54.mark.xml#sSpan1048" target="scriptorium.GL53-54.mark.xml#sSpan1046"/>
		<rel id="sPointingRel807" xlink:href="scriptorium.GL53-54.mark.xml#sSpan785" target="scriptorium.GL53-54.mark.xml#sSpan786"/>
		<rel id="sPointingRel809" xlink:href="scriptorium.GL53-54.mark.xml#sSpan1011" target="scriptorium.GL53-54.mark.xml#sSpan1012"/>
		<rel id="sPointingRel811" xlink:href="scriptorium.GL53-54.mark.xml#sSpan961" target="scriptorium.GL53-54.mark.xml#sSpan962"/>
		<rel id="sPointingRel813" xlink:href="scriptorium.GL53-54.mark.xml#sSpan563" target="scriptorium.GL53-54.mark.xml#sSpan561"/>
		<rel id="sPointingRel815" xlink:href="scriptorium.GL53-54.mark.xml#sSpan147" target="scriptorium.GL53-54.mark.xml#sSpan145"/>
		<rel id="sPointingRel817" xlink:href="scriptorium.GL53-54.mark.xml#sSpan1083" target="scriptorium.GL53-54.mark.xml#sSpan1084"/>
		<rel id="sPointingRel819" xlink:href="scriptorium.GL53-54.mark.xml#sSpan1188" target="scriptorium.GL53-54.mark.xml#sSpan1189"/>
		<rel id="sPointingRel821" xlink:href="scriptorium.GL53-54.mark.xml#sSpan1302" target="scriptorium.GL53-54.mark.xml#sSpan1300"/>
		<rel id="sPointingRel823" xlink:href="scriptorium.GL53-54.mark.xml#sSpan1350" target="scriptorium.GL53-54.mark.xml#sSpan1348"/>
		<rel id="sPointingRel825" xlink:href="scriptorium.GL53-54.mark.xml#sSpan978" target="scriptorium.GL53-54.mark.xml#sSpan981"/>
		<rel id="sPointingRel827" xlink:href="scriptorium.GL53-54.mark.xml#sSpan1061" target="scriptorium.GL53-54.mark.xml#sSpan1062"/>
		<rel id="sPointingRel829" xlink:href="scriptorium.GL53-54.mark.xml#sSpan482" target="scriptorium.GL53-54.mark.xml#sSpan483"/>
		<rel id="sPointingRel831" xlink:href="scriptorium.GL53-54.mark.xml#sSpan1202" target="scriptorium.GL53-54.mark.xml#sSpan1204"/>
		<rel id="sPointingRel833" xlink:href="scriptorium.GL53-54.mark.xml#sSpan106" target="scriptorium.GL53-54.mark.xml#sSpan108"/>
		<rel id="sPointingRel835" xlink:href="scriptorium.GL53-54.mark.xml#sSpan951" target="scriptorium.GL53-54.mark.xml#sSpan953"/>
		<rel id="sPointingRel837" xlink:href="scriptorium.GL53-54.mark.xml#sSpan1403" target="scriptorium.GL53-54.mark.xml#sSpan1399"/>
		<rel id="sPointingRel839" xlink:href="scriptorium.GL53-54.mark.xml#sSpan457" target="scriptorium.GL53-54.mark.xml#sSpan453"/>
		<rel id="sPointingRel841" xlink:href="scriptorium.GL53-54.mark.xml#sSpan135" target="scriptorium.GL53-54.mark.xml#sSpan131"/>
		<rel id="sPointingRel843" xlink:href="scriptorium.GL53-54.mark.xml#sSpan503" target="scriptorium.GL53-54.mark.xml#sSpan501"/>
		<rel id="sPointingRel845" xlink:href="scriptorium.GL53-54.mark.xml#sSpan1172" target="scriptorium.GL53-54.mark.xml#sSpan1170"/>
		<rel id="sPointingRel847" xlink:href="scriptorium.GL53-54.mark.xml#sSpan445" target="scriptorium.GL53-54.mark.xml#sSpan443"/>
		<rel id="sPointingRel849" xlink:href="scriptorium.GL53-54.mark.xml#sSpan817" target="scriptorium.GL53-54.mark.xml#sSpan818"/>
		<rel id="sPointingRel851" xlink:href="scriptorium.GL53-54.mark.xml#sSpan117" target="scriptorium.GL53-54.mark.xml#sSpan115"/>
		<rel id="sPointingRel853" xlink:href="scriptorium.GL53-54.mark.xml#sSpan1336" target="scriptorium.GL53-54.mark.xml#sSpan1334"/>
		<rel id="sPointingRel855" xlink:href="scriptorium.GL53-54.mark.xml#sSpan1028" target="scriptorium.GL53-54.mark.xml#sSpan1023"/>
		<rel id="sPointingRel857" xlink:href="scriptorium.GL53-54.mark.xml#sSpan95" target="scriptorium.GL53-54.mark.xml#sSpan97"/>
		<rel id="sPointingRel859" xlink:href="scriptorium.GL53-54.mark.xml#sSpan545" target="scriptorium.GL53-54.mark.xml#sSpan547"/>
		<rel id="sPointingRel861" xlink:href="scriptorium.GL53-54.mark.xml#sSpan274" target="scriptorium.GL53-54.mark.xml#sSpan272"/>
		<rel id="sPointingRel863" xlink:href="scriptorium.GL53-54.mark.xml#sSpan1116" target="scriptorium.GL53-54.mark.xml#sSpan1117"/>
		<rel id="sPointingRel865" xlink:href="scriptorium.GL53-54.mark.xml#sSpan741" target="scriptorium.GL53-54.mark.xml#sSpan744"/>
		<rel id="sPointingRel867" xlink:href="scriptorium.GL53-54.mark.xml#sSpan1410" target="scriptorium.GL53-54.mark.xml#sSpan1408"/>
		<rel id="sPointingRel869" xlink:href="scriptorium.GL53-54.mark.xml#sSpan215" target="scriptorium.GL53-54.mark.xml#sSpan217"/>
		<rel id="sPointingRel871" xlink:href="scriptorium.GL53-54.mark.xml#sSpan264" target="scriptorium.GL53-54.mark.xml#sSpan265"/>
		<rel id="sPointingRel873" xlink:href="scriptorium.GL53-54.mark.xml#sSpan206" target="scriptorium.GL53-54.mark.xml#sSpan207"/>
		<rel id="sPointingRel875" xlink:href="scriptorium.GL53-54.mark.xml#sSpan848" target="scriptorium.GL53-54.mark.xml#sSpan846"/>
		<rel id="sPointingRel877" xlink:href="scriptorium.GL53-54.mark.xml#sSpan244" target="scriptorium.GL53-54.mark.xml#sSpan242"/>
		<rel id="sPointingRel879" xlink:href="scriptorium.GL53-54.mark.xml#sSpan1266" target="scriptorium.GL53-54.mark.xml#sSpan1264"/>
		<rel id="sPointingRel881" xlink:href="scriptorium.GL53-54.mark.xml#sSpan1292" target="scriptorium.GL53-54.mark.xml#sSpan1290"/>
		<rel id="sPointingRel883" xlink:href="scriptorium.GL53-54.mark.xml#sSpan1257" target="scriptorium.GL53-54.mark.xml#sSpan1255"/>
		<rel id="sPointingRel885" xlink:href="scriptorium.GL53-54.mark.xml#sSpan1093" target="scriptorium.GL53-54.mark.xml#sSpan1094"/>
		<rel id="sPointingRel887" xlink:href="scriptorium.GL53-54.mark.xml#sSpan1315" target="scriptorium.GL53-54.mark.xml#sSpan1313"/>
		<rel id="sPointingRel889" xlink:href="scriptorium.GL53-54.mark.xml#sSpan435" target="scriptorium.GL53-54.mark.xml#sSpan436"/>
		<rel id="sPointingRel891" xlink:href="scriptorium.GL53-54.mark.xml#sSpan1362" target="scriptorium.GL53-54.mark.xml#sSpan1363"/></relList></paula>