<?xml version='1.0' encoding='UTF-8'?><!DOCTYPE paula SYSTEM "paula_feat.dtd">
<paula version="1.1">
	<header paula_id="scriptorium.GL53-54.dep_func"/>
	<featList xmlns:xlink="http://www.w3.org/1999/xlink" type="func" xml:base="scriptorium.GL53-54.dep.xml">
		<feat xlink:href="#sPointingRel1" value="case"/>
		<feat xlink:href="#sPointingRel3" value="case"/>
		<feat xlink:href="#sPointingRel5" value="parataxis"/>
		<feat xlink:href="#sPointingRel7" value="vocative"/>
		<feat xlink:href="#sPointingRel9" value="acl:relcl"/>
		<feat xlink:href="#sPointingRel11" value="obl"/>
		<feat xlink:href="#sPointingRel13" value="obl"/>
		<feat xlink:href="#sPointingRel15" value="ccomp"/>
		<feat xlink:href="#sPointingRel17" value="mark"/>
		<feat xlink:href="#sPointingRel19" value="obl"/>
		<feat xlink:href="#sPointingRel21" value="obj"/>
		<feat xlink:href="#sPointingRel23" value="acl:relcl"/>
		<feat xlink:href="#sPointingRel25" value="obl"/>
		<feat xlink:href="#sPointingRel27" value="mark"/>
		<feat xlink:href="#sPointingRel29" value="nmod"/>
		<feat xlink:href="#sPointingRel31" value="mark"/>
		<feat xlink:href="#sPointingRel33" value="conj"/>
		<feat xlink:href="#sPointingRel35" value="obl"/>
		<feat xlink:href="#sPointingRel37" value="case"/>
		<feat xlink:href="#sPointingRel39" value="advmod"/>
		<feat xlink:href="#sPointingRel41" value="advmod"/>
		<feat xlink:href="#sPointingRel43" value="det"/>
		<feat xlink:href="#sPointingRel45" value="advcl"/>
		<feat xlink:href="#sPointingRel47" value="det"/>
		<feat xlink:href="#sPointingRel49" value="mark"/>
		<feat xlink:href="#sPointingRel51" value="advmod"/>
		<feat xlink:href="#sPointingRel53" value="mark"/>
		<feat xlink:href="#sPointingRel55" value="case"/>
		<feat xlink:href="#sPointingRel57" value="obj"/>
		<feat xlink:href="#sPointingRel59" value="aux"/>
		<feat xlink:href="#sPointingRel61" value="det"/>
		<feat xlink:href="#sPointingRel63" value="obl"/>
		<feat xlink:href="#sPointingRel65" value="mark"/>
		<feat xlink:href="#sPointingRel67" value="acl:relcl"/>
		<feat xlink:href="#sPointingRel69" value="cc"/>
		<feat xlink:href="#sPointingRel71" value="nmod"/>
		<feat xlink:href="#sPointingRel73" value="advcl"/>
		<feat xlink:href="#sPointingRel75" value="nsubj"/>
		<feat xlink:href="#sPointingRel77" value="cc"/>
		<feat xlink:href="#sPointingRel79" value="case"/>
		<feat xlink:href="#sPointingRel81" value="det"/>
		<feat xlink:href="#sPointingRel83" value="obl"/>
		<feat xlink:href="#sPointingRel85" value="obj"/>
		<feat xlink:href="#sPointingRel87" value="case"/>
		<feat xlink:href="#sPointingRel89" value="aux"/>
		<feat xlink:href="#sPointingRel91" value="obl"/>
		<feat xlink:href="#sPointingRel93" value="obj"/>
		<feat xlink:href="#sPointingRel95" value="det"/>
		<feat xlink:href="#sPointingRel97" value="case"/>
		<feat xlink:href="#sPointingRel99" value="case"/>
		<feat xlink:href="#sPointingRel101" value="aux"/>
		<feat xlink:href="#sPointingRel103" value="det"/>
		<feat xlink:href="#sPointingRel105" value="obl"/>
		<feat xlink:href="#sPointingRel107" value="case"/>
		<feat xlink:href="#sPointingRel109" value="aux"/>
		<feat xlink:href="#sPointingRel111" value="det"/>
		<feat xlink:href="#sPointingRel113" value="det"/>
		<feat xlink:href="#sPointingRel115" value="case"/>
		<feat xlink:href="#sPointingRel117" value="case"/>
		<feat xlink:href="#sPointingRel119" value="nsubj"/>
		<feat xlink:href="#sPointingRel121" value="mark"/>
		<feat xlink:href="#sPointingRel123" value="case"/>
		<feat xlink:href="#sPointingRel125" value="acl:relcl"/>
		<feat xlink:href="#sPointingRel127" value="obj"/>
		<feat xlink:href="#sPointingRel129" value="det"/>
		<feat xlink:href="#sPointingRel131" value="case"/>
		<feat xlink:href="#sPointingRel133" value="conj"/>
		<feat xlink:href="#sPointingRel135" value="nsubj"/>
		<feat xlink:href="#sPointingRel137" value="mark"/>
		<feat xlink:href="#sPointingRel139" value="det"/>
		<feat xlink:href="#sPointingRel141" value="aux"/>
		<feat xlink:href="#sPointingRel143" value="nsubj"/>
		<feat xlink:href="#sPointingRel145" value="aux"/>
		<feat xlink:href="#sPointingRel147" value="advmod"/>
		<feat xlink:href="#sPointingRel149" value="aux"/>
		<feat xlink:href="#sPointingRel151" value="nsubj"/>
		<feat xlink:href="#sPointingRel153" value="case"/>
		<feat xlink:href="#sPointingRel155" value="nsubj"/>
		<feat xlink:href="#sPointingRel157" value="mark"/>
		<feat xlink:href="#sPointingRel159" value="ccomp"/>
		<feat xlink:href="#sPointingRel161" value="case"/>
		<feat xlink:href="#sPointingRel163" value="cop"/>
		<feat xlink:href="#sPointingRel165" value="nsubj"/>
		<feat xlink:href="#sPointingRel167" value="advcl"/>
		<feat xlink:href="#sPointingRel169" value="conj"/>
		<feat xlink:href="#sPointingRel171" value="dislocated"/>
		<feat xlink:href="#sPointingRel173" value="advcl"/>
		<feat xlink:href="#sPointingRel175" value="det"/>
		<feat xlink:href="#sPointingRel177" value="case"/>
		<feat xlink:href="#sPointingRel179" value="aux"/>
		<feat xlink:href="#sPointingRel181" value="appos"/>
		<feat xlink:href="#sPointingRel183" value="obl"/>
		<feat xlink:href="#sPointingRel185" value="aux"/>
		<feat xlink:href="#sPointingRel187" value="aux"/>
		<feat xlink:href="#sPointingRel189" value="mark"/>
		<feat xlink:href="#sPointingRel191" value="advmod"/>
		<feat xlink:href="#sPointingRel193" value="obl"/>
		<feat xlink:href="#sPointingRel195" value="case"/>
		<feat xlink:href="#sPointingRel197" value="ccomp"/>
		<feat xlink:href="#sPointingRel199" value="det"/>
		<feat xlink:href="#sPointingRel201" value="case"/>
		<feat xlink:href="#sPointingRel203" value="case"/>
		<feat xlink:href="#sPointingRel205" value="advmod"/>
		<feat xlink:href="#sPointingRel207" value="mark"/>
		<feat xlink:href="#sPointingRel209" value="det"/>
		<feat xlink:href="#sPointingRel211" value="obj"/>
		<feat xlink:href="#sPointingRel213" value="appos"/>
		<feat xlink:href="#sPointingRel215" value="acl:relcl"/>
		<feat xlink:href="#sPointingRel217" value="case"/>
		<feat xlink:href="#sPointingRel219" value="case"/>
		<feat xlink:href="#sPointingRel221" value="obl"/>
		<feat xlink:href="#sPointingRel223" value="case"/>
		<feat xlink:href="#sPointingRel225" value="parataxis"/>
		<feat xlink:href="#sPointingRel227" value="nsubj"/>
		<feat xlink:href="#sPointingRel229" value="det"/>
		<feat xlink:href="#sPointingRel231" value="det"/>
		<feat xlink:href="#sPointingRel233" value="case"/>
		<feat xlink:href="#sPointingRel235" value="case"/>
		<feat xlink:href="#sPointingRel237" value="xcomp"/>
		<feat xlink:href="#sPointingRel239" value="nsubj"/>
		<feat xlink:href="#sPointingRel241" value="det"/>
		<feat xlink:href="#sPointingRel243" value="advmod"/>
		<feat xlink:href="#sPointingRel245" value="mark"/>
		<feat xlink:href="#sPointingRel247" value="det"/>
		<feat xlink:href="#sPointingRel249" value="mark"/>
		<feat xlink:href="#sPointingRel251" value="acl:relcl"/>
		<feat xlink:href="#sPointingRel253" value="cc"/>
		<feat xlink:href="#sPointingRel255" value="advmod"/>
		<feat xlink:href="#sPointingRel257" value="cc"/>
		<feat xlink:href="#sPointingRel259" value="det"/>
		<feat xlink:href="#sPointingRel261" value="case"/>
		<feat xlink:href="#sPointingRel263" value="obj"/>
		<feat xlink:href="#sPointingRel265" value="obj"/>
		<feat xlink:href="#sPointingRel267" value="mark"/>
		<feat xlink:href="#sPointingRel269" value="mark"/>
		<feat xlink:href="#sPointingRel271" value="acl:relcl"/>
		<feat xlink:href="#sPointingRel273" value="det"/>
		<feat xlink:href="#sPointingRel275" value="obj"/>
		<feat xlink:href="#sPointingRel277" value="mark"/>
		<feat xlink:href="#sPointingRel279" value="obl"/>
		<feat xlink:href="#sPointingRel281" value="obl"/>
		<feat xlink:href="#sPointingRel283" value="mark"/>
		<feat xlink:href="#sPointingRel285" value="obl"/>
		<feat xlink:href="#sPointingRel287" value="det"/>
		<feat xlink:href="#sPointingRel289" value="acl:relcl"/>
		<feat xlink:href="#sPointingRel291" value="case"/>
		<feat xlink:href="#sPointingRel293" value="mark"/>
		<feat xlink:href="#sPointingRel295" value="case"/>
		<feat xlink:href="#sPointingRel297" value="case"/>
		<feat xlink:href="#sPointingRel299" value="conj"/>
		<feat xlink:href="#sPointingRel301" value="obl"/>
		<feat xlink:href="#sPointingRel303" value="obj"/>
		<feat xlink:href="#sPointingRel305" value="det"/>
		<feat xlink:href="#sPointingRel307" value="det"/>
		<feat xlink:href="#sPointingRel309" value="case"/>
		<feat xlink:href="#sPointingRel311" value="case"/>
		<feat xlink:href="#sPointingRel313" value="acl:relcl"/>
		<feat xlink:href="#sPointingRel315" value="obl"/>
		<feat xlink:href="#sPointingRel317" value="ccomp"/>
		<feat xlink:href="#sPointingRel319" value="aux"/>
		<feat xlink:href="#sPointingRel321" value="nsubj"/>
		<feat xlink:href="#sPointingRel323" value="advcl"/>
		<feat xlink:href="#sPointingRel325" value="obj"/>
		<feat xlink:href="#sPointingRel327" value="nmod"/>
		<feat xlink:href="#sPointingRel329" value="nsubj"/>
		<feat xlink:href="#sPointingRel331" value="det"/>
		<feat xlink:href="#sPointingRel333" value="mark"/>
		<feat xlink:href="#sPointingRel335" value="nmod"/>
		<feat xlink:href="#sPointingRel337" value="case"/>
		<feat xlink:href="#sPointingRel339" value="csubj"/>
		<feat xlink:href="#sPointingRel341" value="nsubj"/>
		<feat xlink:href="#sPointingRel343" value="mark"/>
		<feat xlink:href="#sPointingRel345" value="mark"/>
		<feat xlink:href="#sPointingRel347" value="obj"/>
		<feat xlink:href="#sPointingRel349" value="nsubj"/>
		<feat xlink:href="#sPointingRel351" value="aux"/>
		<feat xlink:href="#sPointingRel353" value="mark"/>
		<feat xlink:href="#sPointingRel355" value="case"/>
		<feat xlink:href="#sPointingRel357" value="nmod"/>
		<feat xlink:href="#sPointingRel359" value="advcl"/>
		<feat xlink:href="#sPointingRel361" value="aux"/>
		<feat xlink:href="#sPointingRel363" value="obj"/>
		<feat xlink:href="#sPointingRel365" value="mark"/>
		<feat xlink:href="#sPointingRel367" value="case"/>
		<feat xlink:href="#sPointingRel369" value="case"/>
		<feat xlink:href="#sPointingRel371" value="det"/>
		<feat xlink:href="#sPointingRel373" value="mark"/>
		<feat xlink:href="#sPointingRel375" value="det"/>
		<feat xlink:href="#sPointingRel377" value="conj"/>
		<feat xlink:href="#sPointingRel379" value="case"/>
		<feat xlink:href="#sPointingRel381" value="cc"/>
		<feat xlink:href="#sPointingRel383" value="aux"/>
		<feat xlink:href="#sPointingRel385" value="advcl"/>
		<feat xlink:href="#sPointingRel387" value="nsubj"/>
		<feat xlink:href="#sPointingRel389" value="nsubj"/>
		<feat xlink:href="#sPointingRel391" value="nsubj"/>
		<feat xlink:href="#sPointingRel393" value="mark"/>
		<feat xlink:href="#sPointingRel395" value="det"/>
		<feat xlink:href="#sPointingRel397" value="case"/>
		<feat xlink:href="#sPointingRel399" value="xcomp"/>
		<feat xlink:href="#sPointingRel401" value="nsubj"/>
		<feat xlink:href="#sPointingRel403" value="aux"/>
		<feat xlink:href="#sPointingRel405" value="conj"/>
		<feat xlink:href="#sPointingRel407" value="det"/>
		<feat xlink:href="#sPointingRel409" value="case"/>
		<feat xlink:href="#sPointingRel411" value="nsubj"/>
		<feat xlink:href="#sPointingRel413" value="obj"/>
		<feat xlink:href="#sPointingRel415" value="obj"/>
		<feat xlink:href="#sPointingRel417" value="det"/>
		<feat xlink:href="#sPointingRel419" value="acl:relcl"/>
		<feat xlink:href="#sPointingRel421" value="acl:relcl"/>
		<feat xlink:href="#sPointingRel423" value="nmod"/>
		<feat xlink:href="#sPointingRel425" value="ccomp"/>
		<feat xlink:href="#sPointingRel427" value="conj"/>
		<feat xlink:href="#sPointingRel429" value="nsubj"/>
		<feat xlink:href="#sPointingRel431" value="acl:relcl"/>
		<feat xlink:href="#sPointingRel433" value="det"/>
		<feat xlink:href="#sPointingRel435" value="det"/>
		<feat xlink:href="#sPointingRel437" value="mark"/>
		<feat xlink:href="#sPointingRel439" value="acl:relcl"/>
		<feat xlink:href="#sPointingRel441" value="det"/>
		<feat xlink:href="#sPointingRel443" value="case"/>
		<feat xlink:href="#sPointingRel445" value="acl:relcl"/>
		<feat xlink:href="#sPointingRel447" value="case"/>
		<feat xlink:href="#sPointingRel449" value="obl"/>
		<feat xlink:href="#sPointingRel451" value="obl"/>
		<feat xlink:href="#sPointingRel453" value="dislocated"/>
		<feat xlink:href="#sPointingRel455" value="advmod"/>
		<feat xlink:href="#sPointingRel457" value="advmod"/>
		<feat xlink:href="#sPointingRel459" value="nsubj"/>
		<feat xlink:href="#sPointingRel461" value="obl"/>
		<feat xlink:href="#sPointingRel463" value="obj"/>
		<feat xlink:href="#sPointingRel465" value="nsubj"/>
		<feat xlink:href="#sPointingRel467" value="det"/>
		<feat xlink:href="#sPointingRel469" value="advmod"/>
		<feat xlink:href="#sPointingRel471" value="obl"/>
		<feat xlink:href="#sPointingRel473" value="nmod"/>
		<feat xlink:href="#sPointingRel475" value="nsubj"/>
		<feat xlink:href="#sPointingRel477" value="advmod"/>
		<feat xlink:href="#sPointingRel479" value="case"/>
		<feat xlink:href="#sPointingRel481" value="det"/>
		<feat xlink:href="#sPointingRel483" value="conj"/>
		<feat xlink:href="#sPointingRel485" value="nmod"/>
		<feat xlink:href="#sPointingRel487" value="case"/>
		<feat xlink:href="#sPointingRel489" value="obj"/>
		<feat xlink:href="#sPointingRel491" value="det"/>
		<feat xlink:href="#sPointingRel493" value="nsubj"/>
		<feat xlink:href="#sPointingRel495" value="obj"/>
		<feat xlink:href="#sPointingRel497" value="aux"/>
		<feat xlink:href="#sPointingRel499" value="obj"/>
		<feat xlink:href="#sPointingRel501" value="det"/>
		<feat xlink:href="#sPointingRel503" value="nmod"/>
		<feat xlink:href="#sPointingRel505" value="mark"/>
		<feat xlink:href="#sPointingRel507" value="ccomp"/>
		<feat xlink:href="#sPointingRel509" value="case"/>
		<feat xlink:href="#sPointingRel511" value="fixed"/>
		<feat xlink:href="#sPointingRel513" value="nsubj"/>
		<feat xlink:href="#sPointingRel515" value="obl"/>
		<feat xlink:href="#sPointingRel517" value="aux"/>
		<feat xlink:href="#sPointingRel519" value="obj"/>
		<feat xlink:href="#sPointingRel521" value="det"/>
		<feat xlink:href="#sPointingRel523" value="obl"/>
		<feat xlink:href="#sPointingRel525" value="obj"/>
		<feat xlink:href="#sPointingRel527" value="case"/>
		<feat xlink:href="#sPointingRel529" value="det"/>
		<feat xlink:href="#sPointingRel531" value="obj"/>
		<feat xlink:href="#sPointingRel533" value="case"/>
		<feat xlink:href="#sPointingRel535" value="parataxis"/>
		<feat xlink:href="#sPointingRel537" value="nmod"/>
		<feat xlink:href="#sPointingRel539" value="nsubj"/>
		<feat xlink:href="#sPointingRel541" value="obl"/>
		<feat xlink:href="#sPointingRel543" value="obl"/>
		<feat xlink:href="#sPointingRel545" value="advcl"/>
		<feat xlink:href="#sPointingRel547" value="mark"/>
		<feat xlink:href="#sPointingRel549" value="mark"/>
		<feat xlink:href="#sPointingRel551" value="det"/>
		<feat xlink:href="#sPointingRel553" value="advcl"/>
		<feat xlink:href="#sPointingRel555" value="nmod"/>
		<feat xlink:href="#sPointingRel557" value="case"/>
		<feat xlink:href="#sPointingRel559" value="case"/>
		<feat xlink:href="#sPointingRel561" value="iobj"/>
		<feat xlink:href="#sPointingRel563" value="aux"/>
		<feat xlink:href="#sPointingRel565" value="mark"/>
		<feat xlink:href="#sPointingRel567" value="det"/>
		<feat xlink:href="#sPointingRel569" value="det"/>
		<feat xlink:href="#sPointingRel571" value="obl"/>
		<feat xlink:href="#sPointingRel573" value="nsubj"/>
		<feat xlink:href="#sPointingRel575" value="acl:relcl"/>
		<feat xlink:href="#sPointingRel577" value="mark"/>
		<feat xlink:href="#sPointingRel579" value="aux"/>
		<feat xlink:href="#sPointingRel581" value="obl"/>
		<feat xlink:href="#sPointingRel583" value="case"/>
		<feat xlink:href="#sPointingRel585" value="aux"/>
		<feat xlink:href="#sPointingRel587" value="mark"/>
		<feat xlink:href="#sPointingRel589" value="discourse"/>
		<feat xlink:href="#sPointingRel591" value="conj"/>
		<feat xlink:href="#sPointingRel593" value="case"/>
		<feat xlink:href="#sPointingRel595" value="mark"/>
		<feat xlink:href="#sPointingRel597" value="advmod"/>
		<feat xlink:href="#sPointingRel599" value="det"/>
		<feat xlink:href="#sPointingRel601" value="cc"/>
		<feat xlink:href="#sPointingRel603" value="nsubj"/>
		<feat xlink:href="#sPointingRel605" value="nsubj"/>
		<feat xlink:href="#sPointingRel607" value="nsubj"/>
		<feat xlink:href="#sPointingRel609" value="nsubj"/>
		<feat xlink:href="#sPointingRel611" value="obj"/>
		<feat xlink:href="#sPointingRel613" value="obl"/>
		<feat xlink:href="#sPointingRel615" value="mark"/>
		<feat xlink:href="#sPointingRel617" value="mark"/>
		<feat xlink:href="#sPointingRel619" value="det"/>
		<feat xlink:href="#sPointingRel621" value="cop"/>
		<feat xlink:href="#sPointingRel623" value="parataxis"/>
		<feat xlink:href="#sPointingRel625" value="mark"/>
		<feat xlink:href="#sPointingRel627" value="advcl"/>
		<feat xlink:href="#sPointingRel629" value="mark"/>
		<feat xlink:href="#sPointingRel631" value="xcomp"/>
		<feat xlink:href="#sPointingRel633" value="mark"/>
		<feat xlink:href="#sPointingRel635" value="mark"/>
		<feat xlink:href="#sPointingRel637" value="case"/>
		<feat xlink:href="#sPointingRel639" value="cc"/>
		<feat xlink:href="#sPointingRel641" value="nmod"/>
		<feat xlink:href="#sPointingRel643" value="advcl"/>
		<feat xlink:href="#sPointingRel645" value="cc"/>
		<feat xlink:href="#sPointingRel647" value="nsubj"/>
		<feat xlink:href="#sPointingRel649" value="det"/>
		<feat xlink:href="#sPointingRel651" value="case"/>
		<feat xlink:href="#sPointingRel653" value="nsubj"/>
		<feat xlink:href="#sPointingRel655" value="det"/>
		<feat xlink:href="#sPointingRel657" value="cc"/>
		<feat xlink:href="#sPointingRel659" value="mark"/>
		<feat xlink:href="#sPointingRel661" value="nsubj"/>
		<feat xlink:href="#sPointingRel663" value="det"/>
		<feat xlink:href="#sPointingRel665" value="aux"/>
		<feat xlink:href="#sPointingRel667" value="case"/>
		<feat xlink:href="#sPointingRel669" value="obl"/>
		<feat xlink:href="#sPointingRel671" value="case"/>
		<feat xlink:href="#sPointingRel673" value="mark"/>
		<feat xlink:href="#sPointingRel675" value="mark"/>
		<feat xlink:href="#sPointingRel677" value="nsubj"/>
		<feat xlink:href="#sPointingRel679" value="mark"/>
		<feat xlink:href="#sPointingRel681" value="case"/>
		<feat xlink:href="#sPointingRel683" value="obj"/>
		<feat xlink:href="#sPointingRel685" value="aux"/>
		<feat xlink:href="#sPointingRel687" value="case"/>
		<feat xlink:href="#sPointingRel689" value="nsubj"/>
		<feat xlink:href="#sPointingRel691" value="xcomp"/>
		<feat xlink:href="#sPointingRel693" value="nsubj"/>
		<feat xlink:href="#sPointingRel695" value="case"/>
		<feat xlink:href="#sPointingRel697" value="aux"/>
		<feat xlink:href="#sPointingRel699" value="nsubj"/>
		<feat xlink:href="#sPointingRel701" value="mark"/>
		<feat xlink:href="#sPointingRel703" value="advmod"/>
		<feat xlink:href="#sPointingRel705" value="acl:relcl"/>
		<feat xlink:href="#sPointingRel707" value="case"/>
		<feat xlink:href="#sPointingRel709" value="obl"/>
		<feat xlink:href="#sPointingRel711" value="case"/>
		<feat xlink:href="#sPointingRel713" value="acl:relcl"/>
		<feat xlink:href="#sPointingRel715" value="mark"/>
		<feat xlink:href="#sPointingRel717" value="conj"/>
		<feat xlink:href="#sPointingRel719" value="det"/>
		<feat xlink:href="#sPointingRel721" value="case"/>
		<feat xlink:href="#sPointingRel723" value="case"/>
		<feat xlink:href="#sPointingRel725" value="nsubj"/>
		<feat xlink:href="#sPointingRel727" value="acl:relcl"/>
		<feat xlink:href="#sPointingRel729" value="obj"/>
		<feat xlink:href="#sPointingRel731" value="obl"/>
		<feat xlink:href="#sPointingRel733" value="mark"/>
		<feat xlink:href="#sPointingRel735" value="det"/>
		<feat xlink:href="#sPointingRel737" value="nsubj"/>
		<feat xlink:href="#sPointingRel739" value="nsubj"/>
		<feat xlink:href="#sPointingRel741" value="cc"/>
		<feat xlink:href="#sPointingRel743" value="case"/>
		<feat xlink:href="#sPointingRel745" value="aux"/>
		<feat xlink:href="#sPointingRel747" value="aux"/>
		<feat xlink:href="#sPointingRel749" value="nsubj"/>
		<feat xlink:href="#sPointingRel751" value="advcl"/>
		<feat xlink:href="#sPointingRel753" value="acl:relcl"/>
		<feat xlink:href="#sPointingRel755" value="obj"/>
		<feat xlink:href="#sPointingRel757" value="obj"/>
		<feat xlink:href="#sPointingRel759" value="obl"/>
		<feat xlink:href="#sPointingRel761" value="obj"/>
		<feat xlink:href="#sPointingRel763" value="nsubj"/></featList></paula>