<?xml version='1.0' encoding='UTF-8'?><!DOCTYPE paula SYSTEM "paula_feat.dtd">
<paula version="1.1">
	<header paula_id="scriptorium.40_Matthew_05.mark_norm"/>
	<featList xmlns:xlink="http://www.w3.org/1999/xlink" type="norm" xml:base="scriptorium.40_Matthew_05.mark.xml">
		<feat xlink:href="#sSpan1" value="ⲛⲧⲉⲣⲉ"/>
		<feat xlink:href="#sSpan4" value="ϥ"/>
		<feat xlink:href="#sSpan5" value="ⲛⲁⲩ"/>
		<feat xlink:href="#sSpan6" value="ⲇⲉ"/>
		<feat xlink:href="#sSpan8" value="ⲉ"/>
		<feat xlink:href="#sSpan10" value="ⲙ"/>
		<feat xlink:href="#sSpan12" value="ⲙⲏⲏϣⲉ"/>
		<feat xlink:href="#sSpan13" value="ⲁ"/>
		<feat xlink:href="#sSpan15" value="ϥ"/>
		<feat xlink:href="#sSpan16" value="ⲁⲗⲉ"/>
		<feat xlink:href="#sSpan18" value="ⲉϩⲣⲁⲓ"/>
		<feat xlink:href="#sSpan20" value="ⲉϫⲙ"/>
		<feat xlink:href="#sSpan22" value="ⲡ"/>
		<feat xlink:href="#sSpan24" value="ⲧⲟⲟⲩ"/>
		<feat xlink:href="#sSpan25" value="."/>
		<feat xlink:href="#sSpan27" value="ⲁⲩⲱ"/>
		<feat xlink:href="#sSpan29" value="ⲛⲧⲉⲣⲉ"/>
		<feat xlink:href="#sSpan31" value="ϥ"/>
		<feat xlink:href="#sSpan32" value="ϩⲙⲟⲟⲥ"/>
		<feat xlink:href="#sSpan33" value="ⲁ"/>
		<feat xlink:href="#sSpan35" value="ⲩ"/>
		<feat xlink:href="#sSpan36" value="ϯ"/>
		<feat xlink:href="#sSpan37" value="ⲡⲉⲩ"/>
		<feat xlink:href="#sSpan38" value="ⲟⲩⲟⲓ"/>
		<feat xlink:href="#sSpan39" value="ⲉⲣⲟ"/>
		<feat xlink:href="#sSpan41" value="ϥ"/>
		<feat xlink:href="#sSpan42" value="ⲛϭⲓ"/>
		<feat xlink:href="#sSpan44" value="ⲛⲉϥ"/>
		<feat xlink:href="#sSpan46" value="ⲙⲁⲑⲏⲧⲏⲥ"/>
		<feat xlink:href="#sSpan47" value="."/>
		<feat xlink:href="#sSpan49" value="ⲁ"/>
		<feat xlink:href="#sSpan52" value="ϥ"/>
		<feat xlink:href="#sSpan53" value="ⲟⲩⲱⲛ"/>
		<feat xlink:href="#sSpan54" value="ⲉ"/>
		<feat xlink:href="#sSpan56" value="ⲣⲱ"/>
		<feat xlink:href="#sSpan58" value="ϥ"/>
		<feat xlink:href="#sSpan59" value="ⲁ"/>
		<feat xlink:href="#sSpan61" value="ϥ"/>
		<feat xlink:href="#sSpan63" value="ϯⲥⲃⲱ"/>
		<feat xlink:href="#sSpan65" value="ⲛⲁ"/>
		<feat xlink:href="#sSpan67" value="ⲩ"/>
		<feat xlink:href="#sSpan68" value="ⲉ"/>
		<feat xlink:href="#sSpan70" value="ϥ"/>
		<feat xlink:href="#sSpan71" value="ϫⲱ"/>
		<feat xlink:href="#sSpan72" value="ⲙⲙⲟ"/>
		<feat xlink:href="#sSpan74" value="ⲥ"/>
		<feat xlink:href="#sSpan75" value="."/>
		<feat xlink:href="#sSpan77" value="ϫⲉ"/>
		<feat xlink:href="#sSpan80" value="ⲛⲁⲓⲁⲧ"/>
		<feat xlink:href="#sSpan81" value="ⲟⲩ"/>
		<feat xlink:href="#sSpan82" value="ⲛ"/>
		<feat xlink:href="#sSpan84" value="ⲛ"/>
		<feat xlink:href="#sSpan86" value="ϩⲏⲕⲉ"/>
		<feat xlink:href="#sSpan87" value="ϩⲙ"/>
		<feat xlink:href="#sSpan89" value="ⲡⲉ"/>
		<feat xlink:href="#sSpan91" value="ⲡⲛⲉⲩⲙⲁ"/>
		<feat xlink:href="#sSpan92" value="ϫⲉ"/>
		<feat xlink:href="#sSpan94" value="ⲧⲱ"/>
		<feat xlink:href="#sSpan95" value="ⲟⲩ"/>
		<feat xlink:href="#sSpan96" value="ⲧⲉ"/>
		<feat xlink:href="#sSpan98" value="ⲧ"/>
		<feat xlink:href="#sSpan102" value="ⲙⲛⲧⲣⲣⲟ"/>
		<feat xlink:href="#sSpan104" value="ⲛ"/>
		<feat xlink:href="#sSpan106" value="ⲙ"/>
		<feat xlink:href="#sSpan108" value="ⲡⲏⲩⲉ"/>
		<feat xlink:href="#sSpan109" value="."/>
		<feat xlink:href="#sSpan111" value="ⲛⲁⲓⲁⲧ"/>
		<feat xlink:href="#sSpan114" value="ⲟⲩ"/>
		<feat xlink:href="#sSpan115" value="ⲛ"/>
		<feat xlink:href="#sSpan117" value="ⲛ"/>
		<feat xlink:href="#sSpan119" value="ⲉⲧ"/>
		<feat xlink:href="#sSpan121" value="ⲣϩⲃⲃⲉ"/>
		<feat xlink:href="#sSpan123" value="ϫⲉ"/>
		<feat xlink:href="#sSpan125" value="ⲛ"/>
		<feat xlink:href="#sSpan127" value="ⲧⲟⲟⲩ"/>
		<feat xlink:href="#sSpan128" value="ⲛ"/>
		<feat xlink:href="#sSpan131" value="ⲉⲧ"/>
		<feat xlink:href="#sSpan132" value="ⲟⲩ"/>
		<feat xlink:href="#sSpan133" value="ⲛⲁⲥⲡⲥⲱⲡ"/>
		<feat xlink:href="#sSpan134" value="ⲟⲩ"/>
		<feat xlink:href="#sSpan135" value="."/>
		<feat xlink:href="#sSpan137" value="ⲛⲁⲓⲁⲧ"/>
		<feat xlink:href="#sSpan140" value="ⲟⲩ"/>
		<feat xlink:href="#sSpan141" value="ⲛ"/>
		<feat xlink:href="#sSpan143" value="ⲛ"/>
		<feat xlink:href="#sSpan146" value="ⲣⲙⲣⲁϣ"/>
		<feat xlink:href="#sSpan148" value="ϫⲉ"/>
		<feat xlink:href="#sSpan150" value="ⲛ"/>
		<feat xlink:href="#sSpan152" value="ⲧⲟⲟⲩ"/>
		<feat xlink:href="#sSpan153" value="ⲛ"/>
		<feat xlink:href="#sSpan155" value="ⲉⲧ"/>
		<feat xlink:href="#sSpan156" value="ⲛⲁ"/>
		<feat xlink:href="#sSpan157" value="ⲕⲗⲏⲣⲟⲛⲟⲙⲉⲓ"/>
		<feat xlink:href="#sSpan158" value="ⲙ"/>
		<feat xlink:href="#sSpan160" value="ⲡ"/>
		<feat xlink:href="#sSpan162" value="ⲕⲁϩ"/>
		<feat xlink:href="#sSpan163" value="."/>
		<feat xlink:href="#sSpan165" value="ⲛⲁⲓⲁⲧ"/>
		<feat xlink:href="#sSpan168" value="ⲟⲩ"/>
		<feat xlink:href="#sSpan169" value="ⲛ"/>
		<feat xlink:href="#sSpan171" value="ⲛ"/>
		<feat xlink:href="#sSpan173" value="ⲉⲧ"/>
		<feat xlink:href="#sSpan174" value="ϩⲕⲁⲉⲓⲧ"/>
		<feat xlink:href="#sSpan175" value="ⲉⲧ"/>
		<feat xlink:href="#sSpan177" value="ⲟⲃⲉ"/>
		<feat xlink:href="#sSpan178" value="ⲛ"/>
		<feat xlink:href="#sSpan180" value="ⲧ"/>
		<feat xlink:href="#sSpan182" value="ⲇⲓⲕⲁⲓⲟⲥⲩⲛⲏ"/>
		<feat xlink:href="#sSpan183" value="ϫⲉ"/>
		<feat xlink:href="#sSpan185" value="ⲛ"/>
		<feat xlink:href="#sSpan187" value="ⲧⲟⲟⲩ"/>
		<feat xlink:href="#sSpan188" value="ⲛ"/>
		<feat xlink:href="#sSpan190" value="ⲉⲧ"/>
		<feat xlink:href="#sSpan191" value="ⲛⲁ"/>
		<feat xlink:href="#sSpan192" value="ⲥⲉⲓ"/>
		<feat xlink:href="#sSpan193" value="."/>
		<feat xlink:href="#sSpan195" value="ⲛⲁⲓⲁⲧ"/>
		<feat xlink:href="#sSpan198" value="ⲟⲩ"/>
		<feat xlink:href="#sSpan199" value="ⲛ"/>
		<feat xlink:href="#sSpan201" value="ⲛ"/>
		<feat xlink:href="#sSpan203" value="ⲛⲁϩⲏⲧ"/>
		<feat xlink:href="#sSpan204" value="ϫⲉ"/>
		<feat xlink:href="#sSpan206" value="ⲛ"/>
		<feat xlink:href="#sSpan208" value="ⲧⲟⲟⲩ"/>
		<feat xlink:href="#sSpan209" value="ⲛ"/>
		<feat xlink:href="#sSpan212" value="ⲉⲧ"/>
		<feat xlink:href="#sSpan213" value="ⲟⲩ"/>
		<feat xlink:href="#sSpan214" value="ⲛⲁⲛⲁ"/>
		<feat xlink:href="#sSpan215" value="ⲛⲁ"/>
		<feat xlink:href="#sSpan217" value="ⲩ"/>
		<feat xlink:href="#sSpan218" value="."/>
		<feat xlink:href="#sSpan220" value="ⲛⲁⲓⲁⲧ"/>
		<feat xlink:href="#sSpan223" value="ⲟⲩ"/>
		<feat xlink:href="#sSpan224" value="ⲛ"/>
		<feat xlink:href="#sSpan226" value="ⲛ"/>
		<feat xlink:href="#sSpan228" value="ⲉⲧ"/>
		<feat xlink:href="#sSpan229" value="ⲟⲩⲁⲁⲃ"/>
		<feat xlink:href="#sSpan230" value="ϩⲙ"/>
		<feat xlink:href="#sSpan232" value="ⲡⲉⲩ"/>
		<feat xlink:href="#sSpan234" value="ϩⲏⲧ"/>
		<feat xlink:href="#sSpan235" value="ϫⲉ"/>
		<feat xlink:href="#sSpan237" value="ⲛ"/>
		<feat xlink:href="#sSpan239" value="ⲧⲟⲟⲩ"/>
		<feat xlink:href="#sSpan240" value="ⲛ"/>
		<feat xlink:href="#sSpan242" value="ⲉⲧ"/>
		<feat xlink:href="#sSpan243" value="ⲛⲁ"/>
		<feat xlink:href="#sSpan244" value="ⲛⲁⲩ"/>
		<feat xlink:href="#sSpan245" value="ⲉ"/>
		<feat xlink:href="#sSpan247" value="ⲡ"/>
		<feat xlink:href="#sSpan249" value="ⲛⲟⲩⲧⲉ"/>
		<feat xlink:href="#sSpan250" value="."/>
		<feat xlink:href="#sSpan252" value="ⲛⲁⲓⲁⲧ"/>
		<feat xlink:href="#sSpan255" value="ⲟⲩ"/>
		<feat xlink:href="#sSpan256" value="ⲛ"/>
		<feat xlink:href="#sSpan258" value="ⲛ"/>
		<feat xlink:href="#sSpan261" value="ⲣⲉϥⲣⲉⲓⲣⲏⲛⲏ"/>
		<feat xlink:href="#sSpan264" value="ϫⲉ"/>
		<feat xlink:href="#sSpan266" value="ⲛ"/>
		<feat xlink:href="#sSpan268" value="ⲧⲟⲟⲩ"/>
		<feat xlink:href="#sSpan269" value="ⲛ"/>
		<feat xlink:href="#sSpan272" value="ⲉⲧ"/>
		<feat xlink:href="#sSpan273" value="ⲟⲩ"/>
		<feat xlink:href="#sSpan274" value="ⲛⲁ"/>
		<feat xlink:href="#sSpan275" value="ⲙⲟⲩⲧⲉ"/>
		<feat xlink:href="#sSpan276" value="ⲉⲣⲟ"/>
		<feat xlink:href="#sSpan278" value="ⲟⲩ"/>
		<feat xlink:href="#sSpan279" value="ϫⲉ"/>
		<feat xlink:href="#sSpan281" value="ⲛ"/>
		<feat xlink:href="#sSpan283" value="ϣⲏⲣⲉ"/>
		<feat xlink:href="#sSpan284" value="ⲙ"/>
		<feat xlink:href="#sSpan286" value="ⲡ"/>
		<feat xlink:href="#sSpan288" value="ⲛⲟⲩⲧⲉ"/>
		<feat xlink:href="#sSpan289" value="."/>
		<feat xlink:href="#sSpan291" value="ⲛⲁⲓⲁⲧ"/>
		<feat xlink:href="#sSpan294" value="ⲟⲩ"/>
		<feat xlink:href="#sSpan295" value="ⲛ"/>
		<feat xlink:href="#sSpan297" value="ⲛⲧ"/>
		<feat xlink:href="#sSpan298" value="ⲁ"/>
		<feat xlink:href="#sSpan299" value="ⲩ"/>
		<feat xlink:href="#sSpan300" value="ⲡⲱⲧ"/>
		<feat xlink:href="#sSpan302" value="ⲛⲥⲱ"/>
		<feat xlink:href="#sSpan304" value="ⲟⲩ"/>
		<feat xlink:href="#sSpan305" value="ⲉⲧⲃⲉ"/>
		<feat xlink:href="#sSpan307" value="ⲧ"/>
		<feat xlink:href="#sSpan309" value="ⲇⲓⲕⲁⲓⲟⲥⲩⲛⲏ"/>
		<feat xlink:href="#sSpan310" value="ϫⲉ"/>
		<feat xlink:href="#sSpan312" value="ⲧⲱ"/>
		<feat xlink:href="#sSpan313" value="ⲟⲩ"/>
		<feat xlink:href="#sSpan314" value="ⲧⲉ"/>
		<feat xlink:href="#sSpan316" value="ⲧ"/>
		<feat xlink:href="#sSpan320" value="ⲙⲛⲧⲣⲣⲟ"/>
		<feat xlink:href="#sSpan322" value="ⲛ"/>
		<feat xlink:href="#sSpan324" value="ⲙ"/>
		<feat xlink:href="#sSpan326" value="ⲡⲏⲩⲉ"/>
		<feat xlink:href="#sSpan327" value="."/>
		<feat xlink:href="#sSpan329" value="ⲛⲁⲓⲁⲧ"/>
		<feat xlink:href="#sSpan332" value="ⲧⲏⲩⲧⲛ"/>
		<feat xlink:href="#sSpan333" value="ⲉⲩϣⲁⲛ"/>
		<feat xlink:href="#sSpan335" value="ⲛⲉϭⲛⲉϭⲧⲏⲩⲧⲛ"/>
		<feat xlink:href="#sSpan336" value="."/>
		<feat xlink:href="#sSpan338" value="ⲛ"/>
		<feat xlink:href="#sSpan340" value="ⲥⲉ"/>
		<feat xlink:href="#sSpan341" value="ⲡⲱⲧ"/>
		<feat xlink:href="#sSpan343" value="ⲛⲥⲱ"/>
		<feat xlink:href="#sSpan345" value="ⲧⲛ"/>
		<feat xlink:href="#sSpan346" value="."/>
		<feat xlink:href="#sSpan348" value="ⲛ"/>
		<feat xlink:href="#sSpan350" value="ⲥⲉ"/>
		<feat xlink:href="#sSpan351" value="ϫⲉ"/>
		<feat xlink:href="#sSpan352" value="ϩⲱⲃ"/>
		<feat xlink:href="#sSpan355" value="ⲛⲓⲙ"/>
		<feat xlink:href="#sSpan357" value="ⲉⲧ"/>
		<feat xlink:href="#sSpan359" value="ϩⲟⲟⲩ"/>
		<feat xlink:href="#sSpan360" value="ⲉϩⲟⲩⲛ"/>
		<feat xlink:href="#sSpan362" value="ⲉⲣⲱ"/>
		<feat xlink:href="#sSpan364" value="ⲧⲛ"/>
		<feat xlink:href="#sSpan365" value="ⲉ"/>
		<feat xlink:href="#sSpan367" value="ⲩ"/>
		<feat xlink:href="#sSpan369" value="ϫⲓϭⲟⲗ"/>
		<feat xlink:href="#sSpan371" value="ⲉⲣⲱ"/>
		<feat xlink:href="#sSpan373" value="ⲧⲛ"/>
		<feat xlink:href="#sSpan374" value="ⲉⲧⲃⲏⲏⲧ"/>
		<feat xlink:href="#sSpan376" value="."/>
		<feat xlink:href="#sSpan378" value="ⲣⲁϣⲉ"/>
		<feat xlink:href="#sSpan381" value="ⲛ"/>
		<feat xlink:href="#sSpan383" value="ⲧⲉⲧⲛ"/>
		<feat xlink:href="#sSpan384" value="ⲧⲉⲗⲏⲗ"/>
		<feat xlink:href="#sSpan385" value="ϫⲉ"/>
		<feat xlink:href="#sSpan387" value="ⲡⲉⲧⲛ"/>
		<feat xlink:href="#sSpan389" value="ⲃⲉⲕⲉ"/>
		<feat xlink:href="#sSpan390" value="ⲛⲁϣⲱ"/>
		<feat xlink:href="#sSpan392" value="ϥ"/>
		<feat xlink:href="#sSpan393" value="ϩⲣⲁⲓ"/>
		<feat xlink:href="#sSpan396" value="ϩⲛ"/>
		<feat xlink:href="#sSpan398" value="ⲙ"/>
		<feat xlink:href="#sSpan400" value="ⲡⲏⲩⲉ"/>
		<feat xlink:href="#sSpan401" value="."/>
		<feat xlink:href="#sSpan403" value="ⲧⲁⲓ"/>
		<feat xlink:href="#sSpan406" value="ⲅⲁⲣ"/>
		<feat xlink:href="#sSpan408" value="ⲧⲉ"/>
		<feat xlink:href="#sSpan410" value="ⲧ"/>
		<feat xlink:href="#sSpan412" value="ϩⲉ"/>
		<feat xlink:href="#sSpan413" value="ⲛⲧ"/>
		<feat xlink:href="#sSpan415" value="ⲁ"/>
		<feat xlink:href="#sSpan416" value="ⲩ"/>
		<feat xlink:href="#sSpan417" value="ⲡⲱⲧ"/>
		<feat xlink:href="#sSpan419" value="ⲛⲥⲁ"/>
		<feat xlink:href="#sSpan421" value="ⲛⲉ"/>
		<feat xlink:href="#sSpan423" value="ⲡⲣⲟⲫⲏⲧⲏⲥ"/>
		<feat xlink:href="#sSpan424" value="ⲉⲧ"/>
		<feat xlink:href="#sSpan426" value="ϩⲁⲧⲉⲧⲛ"/>
		<feat xlink:href="#sSpan427" value="ϩⲏ"/>
		<feat xlink:href="#sSpan429" value="."/>
		<feat xlink:href="#sSpan431" value="ⲛⲧⲱⲧⲛ"/>
		<feat xlink:href="#sSpan434" value="ⲡⲉ"/>
		<feat xlink:href="#sSpan436" value="ⲡⲉ"/>
		<feat xlink:href="#sSpan439" value="ϩⲙⲟⲩ"/>
		<feat xlink:href="#sSpan440" value="ⲙ"/>
		<feat xlink:href="#sSpan442" value="ⲡ"/>
		<feat xlink:href="#sSpan444" value="ⲕⲁϩ"/>
		<feat xlink:href="#sSpan445" value="ⲉⲣϣⲁⲛ"/>
		<feat xlink:href="#sSpan447" value="ⲡⲉ"/>
		<feat xlink:href="#sSpan449" value="ϩⲙⲟⲩ"/>
		<feat xlink:href="#sSpan450" value="ⲇⲉ"/>
		<feat xlink:href="#sSpan452" value="ⲃⲁⲁⲃⲉ"/>
		<feat xlink:href="#sSpan454" value="ⲉ"/>
		<feat xlink:href="#sSpan456" value="ⲩ"/>
		<feat xlink:href="#sSpan457" value="ⲛⲁ"/>
		<feat xlink:href="#sSpan458" value="ⲙⲟⲗϩ"/>
		<feat xlink:href="#sSpan459" value="ϥ"/>
		<feat xlink:href="#sSpan460" value="ⲛ"/>
		<feat xlink:href="#sSpan462" value="ⲟⲩ"/>
		<feat xlink:href="#sSpan463" value="."/>
		<feat xlink:href="#sSpan465" value="ⲙⲉ"/>
		<feat xlink:href="#sSpan467" value="ϥ"/>
		<feat xlink:href="#sSpan469" value="ⲣϣⲁⲩ"/>
		<feat xlink:href="#sSpan471" value="ⲛ"/>
		<feat xlink:href="#sSpan473" value="ⲗⲁⲁⲩ"/>
		<feat xlink:href="#sSpan475" value="ⲛⲥⲁ"/>
		<feat xlink:href="#sSpan477" value="ⲛⲟϫ"/>
		<feat xlink:href="#sSpan478" value="ϥ"/>
		<feat xlink:href="#sSpan479" value="ⲉⲃⲟⲗ"/>
		<feat xlink:href="#sSpan481" value="ⲛ"/>
		<feat xlink:href="#sSpan483" value="ⲥⲉ"/>
		<feat xlink:href="#sSpan484" value="ϩⲟⲙ"/>
		<feat xlink:href="#sSpan485" value="ϥ"/>
		<feat xlink:href="#sSpan486" value="ϩⲓⲧⲛ"/>
		<feat xlink:href="#sSpan488" value="ⲛⲉ"/>
		<feat xlink:href="#sSpan490" value="ⲣⲱⲙⲉ"/>
		<feat xlink:href="#sSpan491" value="."/>
		<feat xlink:href="#sSpan493" value="ⲛⲧⲱⲧⲛ"/>
		<feat xlink:href="#sSpan496" value="ⲡⲉ"/>
		<feat xlink:href="#sSpan498" value="ⲡ"/>
		<feat xlink:href="#sSpan501" value="ⲟⲩⲟⲉⲓⲛ"/>
		<feat xlink:href="#sSpan502" value="ⲙ"/>
		<feat xlink:href="#sSpan504" value="ⲡ"/>
		<feat xlink:href="#sSpan506" value="ⲕⲟⲥⲙⲟⲥ"/>
		<feat xlink:href="#sSpan507" value="."/>
		<feat xlink:href="#sSpan509" value="ⲙⲛ"/>
		<feat xlink:href="#sSpan512" value="ϣϭⲟⲙ"/>
		<feat xlink:href="#sSpan514" value="ⲛ"/>
		<feat xlink:href="#sSpan516" value="ⲟⲩ"/>
		<feat xlink:href="#sSpan518" value="ⲡⲟⲗⲓⲥ"/>
		<feat xlink:href="#sSpan519" value="ⲉ"/>
		<feat xlink:href="#sSpan521" value="ϩⲱⲡ"/>
		<feat xlink:href="#sSpan522" value="ⲉ"/>
		<feat xlink:href="#sSpan524" value="ⲥ"/>
		<feat xlink:href="#sSpan525" value="ⲕⲏ"/>
		<feat xlink:href="#sSpan527" value="ⲉϩⲣⲁⲓ"/>
		<feat xlink:href="#sSpan529" value="ϩⲓϫⲛ"/>
		<feat xlink:href="#sSpan531" value="ⲟⲩ"/>
		<feat xlink:href="#sSpan533" value="ⲧⲟⲟⲩ"/>
		<feat xlink:href="#sSpan534" value="."/>
		<feat xlink:href="#sSpan536" value="ⲟⲩⲇⲉ"/>
		<feat xlink:href="#sSpan539" value="ⲙⲉ"/>
		<feat xlink:href="#sSpan541" value="ⲩ"/>
		<feat xlink:href="#sSpan542" value="ϫⲉⲣⲉ"/>
		<feat xlink:href="#sSpan543" value="ⲟⲩ"/>
		<feat xlink:href="#sSpan545" value="ϩⲏⲃⲥ"/>
		<feat xlink:href="#sSpan546" value="ⲛ"/>
		<feat xlink:href="#sSpan548" value="ⲥⲉ"/>
		<feat xlink:href="#sSpan549" value="ⲕⲁⲁ"/>
		<feat xlink:href="#sSpan550" value="ϥ"/>
		<feat xlink:href="#sSpan551" value="ϩⲁ"/>
		<feat xlink:href="#sSpan553" value="ⲟⲩ"/>
		<feat xlink:href="#sSpan555" value="ϣⲓ"/>
		<feat xlink:href="#sSpan556" value="."/>
		<feat xlink:href="#sSpan558" value="ⲁⲗⲗⲁ"/>
		<feat xlink:href="#sSpan560" value="ⲛ"/>
		<feat xlink:href="#sSpan562" value="ϣⲁ"/>
		<feat xlink:href="#sSpan563" value="ⲩ"/>
		<feat xlink:href="#sSpan564" value="ⲕⲁⲁ"/>
		<feat xlink:href="#sSpan565" value="ϥ"/>
		<feat xlink:href="#sSpan566" value="ϩⲓϫⲛ"/>
		<feat xlink:href="#sSpan568" value="ⲧ"/>
		<feat xlink:href="#sSpan570" value="ⲗⲩⲭⲛⲓⲁ"/>
		<feat xlink:href="#sSpan571" value="ⲛ"/>
		<feat xlink:href="#sSpan573" value="ϥ"/>
		<feat xlink:href="#sSpan575" value="ⲣⲟⲩⲟⲉⲓⲛ"/>
		<feat xlink:href="#sSpan577" value="ⲉ"/>
		<feat xlink:href="#sSpan579" value="ⲛ"/>
		<feat xlink:href="#sSpan581" value="ⲉⲧ"/>
		<feat xlink:href="#sSpan582" value="ϣⲟⲟⲡ"/>
		<feat xlink:href="#sSpan583" value="ⲧⲏⲣ"/>
		<feat xlink:href="#sSpan585" value="ⲟⲩ"/>
		<feat xlink:href="#sSpan586" value="ϩⲙ"/>
		<feat xlink:href="#sSpan588" value="ⲡ"/>
		<feat xlink:href="#sSpan590" value="ⲏⲓ"/>
		<feat xlink:href="#sSpan591" value="."/>
		<feat xlink:href="#sSpan593" value="ⲧⲁⲓ"/>
		<feat xlink:href="#sSpan597" value="ⲧⲉ"/>
		<feat xlink:href="#sSpan599" value="ⲧ"/>
		<feat xlink:href="#sSpan601" value="ϩⲉ"/>
		<feat xlink:href="#sSpan602" value="ⲙⲁⲣⲉ"/>
		<feat xlink:href="#sSpan604" value="ϥ"/>
		<feat xlink:href="#sSpan606" value="ⲣⲟⲩⲟⲉⲓⲛ"/>
		<feat xlink:href="#sSpan608" value="ⲛϭⲓ"/>
		<feat xlink:href="#sSpan610" value="ⲡ"/>
		<feat xlink:href="#sSpan612" value="ⲧⲉⲧⲛ"/>
		<feat xlink:href="#sSpan613" value="ⲟⲩⲟⲉⲛ"/>
		<feat xlink:href="#sSpan614" value="ⲙ"/>
		<feat xlink:href="#sSpan616" value="ⲡⲉ"/>
		<feat xlink:href="#sSpan618" value="ⲙⲧⲟ"/>
		<feat xlink:href="#sSpan619" value="ⲉⲃⲟⲗ"/>
		<feat xlink:href="#sSpan621" value="ⲛ"/>
		<feat xlink:href="#sSpan623" value="ⲛⲉ"/>
		<feat xlink:href="#sSpan625" value="ⲣⲱⲙⲉ"/>
		<feat xlink:href="#sSpan626" value="ϫⲉⲕⲁⲁⲥ"/>
		<feat xlink:href="#sSpan628" value="ⲉⲩⲉ"/>
		<feat xlink:href="#sSpan630" value="ⲛⲁⲩ"/>
		<feat xlink:href="#sSpan631" value="ⲉ"/>
		<feat xlink:href="#sSpan633" value="ⲛⲉⲧⲛ"/>
		<feat xlink:href="#sSpan635" value="ϩⲃⲏⲩⲉ"/>
		<feat xlink:href="#sSpan636" value="ⲉⲧ"/>
		<feat xlink:href="#sSpan638" value="ⲛⲁⲛⲟⲩ"/>
		<feat xlink:href="#sSpan639" value="ⲟⲩ"/>
		<feat xlink:href="#sSpan640" value="ⲛ"/>
		<feat xlink:href="#sSpan642" value="ⲥⲉ"/>
		<feat xlink:href="#sSpan644" value="ϯⲉⲟⲟⲩ"/>
		<feat xlink:href="#sSpan646" value="ⲙ"/>
		<feat xlink:href="#sSpan648" value="ⲡⲉⲧⲛ"/>
		<feat xlink:href="#sSpan650" value="ⲉⲓⲱⲧ"/>
		<feat xlink:href="#sSpan651" value="ⲉⲧ"/>
		<feat xlink:href="#sSpan653" value="ϩⲛ"/>
		<feat xlink:href="#sSpan654" value="ⲙ"/>
		<feat xlink:href="#sSpan656" value="ⲡⲏⲩⲉ"/>
		<feat xlink:href="#sSpan657" value="."/>
		<feat xlink:href="#sSpan659" value="ⲙⲡⲣ"/>
		<feat xlink:href="#sSpan662" value="ⲱϣ"/>
		<feat xlink:href="#sSpan663" value="ϫⲉ"/>
		<feat xlink:href="#sSpan665" value="ⲛⲧ"/>
		<feat xlink:href="#sSpan666" value="ⲁ"/>
		<feat xlink:href="#sSpan667" value="ⲓ"/>
		<feat xlink:href="#sSpan668" value="ⲉⲓ"/>
		<feat xlink:href="#sSpan670" value="ⲉ"/>
		<feat xlink:href="#sSpan672" value="ⲕⲁⲧⲁⲗⲩ"/>
		<feat xlink:href="#sSpan673" value="ⲙ"/>
		<feat xlink:href="#sSpan675" value="ⲡ"/>
		<feat xlink:href="#sSpan677" value="ⲛⲟⲙⲟⲥ"/>
		<feat xlink:href="#sSpan678" value="ⲏ"/>
		<feat xlink:href="#sSpan680" value="ⲛⲉ"/>
		<feat xlink:href="#sSpan682" value="ⲡⲣⲟⲫⲏⲧⲏⲥ"/>
		<feat xlink:href="#sSpan683" value="."/>
		<feat xlink:href="#sSpan685" value="ⲛⲧ"/>
		<feat xlink:href="#sSpan687" value="ⲁ"/>
		<feat xlink:href="#sSpan688" value="ⲓ"/>
		<feat xlink:href="#sSpan689" value="ⲉⲓ"/>
		<feat xlink:href="#sSpan690" value="ⲁⲛ"/>
		<feat xlink:href="#sSpan692" value="ⲉ"/>
		<feat xlink:href="#sSpan694" value="ⲕⲁⲧⲁⲗⲩ"/>
		<feat xlink:href="#sSpan695" value="ⲙⲙⲟ"/>
		<feat xlink:href="#sSpan697" value="ⲟⲩ"/>
		<feat xlink:href="#sSpan698" value="ⲁⲗⲗⲁ"/>
		<feat xlink:href="#sSpan700" value="ⲉ"/>
		<feat xlink:href="#sSpan702" value="ϫⲱⲕ"/>
		<feat xlink:href="#sSpan703" value="ⲟⲩ"/>
		<feat xlink:href="#sSpan704" value="ⲉⲃⲟⲗ"/>
		<feat xlink:href="#sSpan706" value="."/>
		<feat xlink:href="#sSpan708" value="ϩⲁⲙⲏⲛ"/>
		<feat xlink:href="#sSpan711" value="ⲅⲁⲣ"/>
		<feat xlink:href="#sSpan713" value="ϯ"/>
		<feat xlink:href="#sSpan715" value="ϫⲱ"/>
		<feat xlink:href="#sSpan716" value="ⲙⲙⲟ"/>
		<feat xlink:href="#sSpan718" value="ⲥ"/>
		<feat xlink:href="#sSpan719" value="ⲛⲏ"/>
		<feat xlink:href="#sSpan721" value="ⲧⲛ"/>
		<feat xlink:href="#sSpan722" value="."/>
		<feat xlink:href="#sSpan724" value="ϫⲉ"/>
		<feat xlink:href="#sSpan726" value="ϣⲁⲛⲧⲉ"/>
		<feat xlink:href="#sSpan727" value="ⲧ"/>
		<feat xlink:href="#sSpan729" value="ⲡⲉ"/>
		<feat xlink:href="#sSpan730" value="ⲡⲁⲣⲁⲅⲉ"/>
		<feat xlink:href="#sSpan732" value="ⲙⲛ"/>
		<feat xlink:href="#sSpan734" value="ⲡ"/>
		<feat xlink:href="#sSpan736" value="ⲕⲁϩ"/>
		<feat xlink:href="#sSpan737" value="ⲟⲩ"/>
		<feat xlink:href="#sSpan740" value="ⲓⲱⲧⲁ"/>
		<feat xlink:href="#sSpan741" value="ⲛ"/>
		<feat xlink:href="#sSpan743" value="ⲟⲩⲱⲧ"/>
		<feat xlink:href="#sSpan744" value="."/>
		<feat xlink:href="#sSpan746" value="ⲏ"/>
		<feat xlink:href="#sSpan748" value="ⲟⲩ"/>
		<feat xlink:href="#sSpan750" value="ϣⲱⲗϩ"/>
		<feat xlink:href="#sSpan751" value="ⲛ"/>
		<feat xlink:href="#sSpan753" value="ⲟⲩⲱⲧ"/>
		<feat xlink:href="#sSpan754" value="ⲛ"/>
		<feat xlink:href="#sSpan756" value="ⲛⲉⲩ"/>
		<feat xlink:href="#sSpan758" value="ⲥⲉⲓⲛⲉ"/>
		<feat xlink:href="#sSpan759" value="ⲉⲃⲟⲗ"/>
		<feat xlink:href="#sSpan762" value="ϩⲙ"/>
		<feat xlink:href="#sSpan764" value="ⲡ"/>
		<feat xlink:href="#sSpan766" value="ⲛⲟⲙⲟⲥ"/>
		<feat xlink:href="#sSpan767" value="ϣⲁⲛⲧ"/>
		<feat xlink:href="#sSpan769" value="ⲟⲩ"/>
		<feat xlink:href="#sSpan770" value="ϣⲱⲡⲉ"/>
		<feat xlink:href="#sSpan771" value="ⲧⲏⲣ"/>
		<feat xlink:href="#sSpan773" value="ⲟⲩ"/>
		<feat xlink:href="#sSpan774" value="."/>
		<feat xlink:href="#sSpan776" value="ⲡ"/>
		<feat xlink:href="#sSpan780" value="ⲉⲧ"/>
		<feat xlink:href="#sSpan781" value="ⲛⲁ"/>
		<feat xlink:href="#sSpan782" value="ⲃⲱⲗ"/>
		<feat xlink:href="#sSpan783" value="ϭⲉ"/>
		<feat xlink:href="#sSpan785" value="ⲉⲃⲟⲗ"/>
		<feat xlink:href="#sSpan787" value="ⲛ"/>
		<feat xlink:href="#sSpan789" value="ⲟⲩⲉⲓ"/>
		<feat xlink:href="#sSpan791" value="ⲛ"/>
		<feat xlink:href="#sSpan793" value="ⲛⲉⲓ"/>
		<feat xlink:href="#sSpan795" value="ⲉⲛⲧⲟⲗⲏ"/>
		<feat xlink:href="#sSpan796" value="ⲉⲧ"/>
		<feat xlink:href="#sSpan798" value="ⲥⲟⲃⲕ"/>
		<feat xlink:href="#sSpan799" value="ⲛ"/>
		<feat xlink:href="#sSpan801" value="ϥ"/>
		<feat xlink:href="#sSpan803" value="ϯⲥⲃⲱ"/>
		<feat xlink:href="#sSpan805" value="ⲛ"/>
		<feat xlink:href="#sSpan807" value="ⲛ"/>
		<feat xlink:href="#sSpan809" value="ⲣⲱⲙⲉ"/>
		<feat xlink:href="#sSpan810" value="ⲛ"/>
		<feat xlink:href="#sSpan812" value="ⲧⲉⲓ"/>
		<feat xlink:href="#sSpan813" value="ϩⲉ"/>
		<feat xlink:href="#sSpan814" value="ⲥⲉ"/>
		<feat xlink:href="#sSpan816" value="ⲛⲁ"/>
		<feat xlink:href="#sSpan817" value="ⲙⲟⲩⲧⲉ"/>
		<feat xlink:href="#sSpan818" value="ⲉⲣⲟ"/>
		<feat xlink:href="#sSpan820" value="ϥ"/>
		<feat xlink:href="#sSpan821" value="ϫⲉ"/>
		<feat xlink:href="#sSpan823" value="ⲡ"/>
		<feat xlink:href="#sSpan825" value="ⲉⲗⲁⲭⲓⲥⲧⲟⲥ"/>
		<feat xlink:href="#sSpan826" value="ϩⲛ"/>
		<feat xlink:href="#sSpan828" value="ⲧ"/>
		<feat xlink:href="#sSpan831" value="ⲙⲛⲧⲣⲣⲟ"/>
		<feat xlink:href="#sSpan833" value="ⲛ"/>
		<feat xlink:href="#sSpan835" value="ⲙ"/>
		<feat xlink:href="#sSpan837" value="ⲡⲏⲩⲉ"/>
		<feat xlink:href="#sSpan838" value="ⲡⲉⲧ"/>
		<feat xlink:href="#sSpan841" value="ⲛⲁ"/>
		<feat xlink:href="#sSpan842" value="ⲁⲁ"/>
		<feat xlink:href="#sSpan843" value="ⲩ"/>
		<feat xlink:href="#sSpan844" value="ⲇⲉ"/>
		<feat xlink:href="#sSpan846" value="ⲁⲩⲱ"/>
		<feat xlink:href="#sSpan848" value="ⲛ"/>
		<feat xlink:href="#sSpan850" value="ϥ"/>
		<feat xlink:href="#sSpan852" value="ϯⲥⲃⲱ"/>
		<feat xlink:href="#sSpan854" value="ⲛϩⲏⲧ"/>
		<feat xlink:href="#sSpan856" value="ⲟⲩ"/>
		<feat xlink:href="#sSpan857" value="ⲡⲁⲓ"/>
		<feat xlink:href="#sSpan860" value="ⲥⲉ"/>
		<feat xlink:href="#sSpan862" value="ⲛⲁ"/>
		<feat xlink:href="#sSpan863" value="ⲙⲟⲩⲧⲉ"/>
		<feat xlink:href="#sSpan864" value="ⲉⲣⲟ"/>
		<feat xlink:href="#sSpan866" value="ϥ"/>
		<feat xlink:href="#sSpan867" value="ϫⲉ"/>
		<feat xlink:href="#sSpan869" value="ⲡ"/>
		<feat xlink:href="#sSpan871" value="ⲛⲟϭ"/>
		<feat xlink:href="#sSpan872" value="ϩⲛ"/>
		<feat xlink:href="#sSpan874" value="ⲧ"/>
		<feat xlink:href="#sSpan877" value="ⲙⲛⲧⲣⲣⲟ"/>
		<feat xlink:href="#sSpan879" value="ⲙ"/>
		<feat xlink:href="#sSpan881" value="ⲡ"/>
		<feat xlink:href="#sSpan883" value="ⲛⲟⲩⲧⲉ"/>
		<feat xlink:href="#sSpan884" value="."/>
		<feat xlink:href="#sSpan886" value="ϯ"/>
		<feat xlink:href="#sSpan889" value="ϫⲱ"/>
		<feat xlink:href="#sSpan890" value="ⲅⲁⲣ"/>
		<feat xlink:href="#sSpan892" value="ⲙⲙⲟ"/>
		<feat xlink:href="#sSpan894" value="ⲥ"/>
		<feat xlink:href="#sSpan895" value="ⲛⲏ"/>
		<feat xlink:href="#sSpan897" value="ⲧⲛ"/>
		<feat xlink:href="#sSpan898" value="."/>
		<feat xlink:href="#sSpan900" value="ϫⲉ"/>
		<feat xlink:href="#sSpan902" value="ⲉⲥϣⲁⲛ"/>
		<feat xlink:href="#sSpan903" value="ⲧⲙ"/>
		<feat xlink:href="#sSpan905" value="ⲣϩⲟⲩⲟ"/>
		<feat xlink:href="#sSpan907" value="ⲛϭⲓ"/>
		<feat xlink:href="#sSpan909" value="ⲧⲉⲧⲛ"/>
		<feat xlink:href="#sSpan911" value="ⲇⲓⲕⲁⲓⲟⲥⲩⲛⲏ"/>
		<feat xlink:href="#sSpan912" value="ⲛ"/>
		<feat xlink:href="#sSpan914" value="ϩⲟⲩⲟ"/>
		<feat xlink:href="#sSpan915" value="ⲉ"/>
		<feat xlink:href="#sSpan917" value="ⲧⲁ"/>
		<feat xlink:href="#sSpan918" value="ⲛⲉ"/>
		<feat xlink:href="#sSpan921" value="ⲅⲣⲁⲙⲙⲁⲧⲉⲩⲥ"/>
		<feat xlink:href="#sSpan922" value="ⲙⲛ"/>
		<feat xlink:href="#sSpan924" value="ⲛⲉ"/>
		<feat xlink:href="#sSpan926" value="ⲫⲁⲣⲓⲥⲥⲁⲓⲟⲥ"/>
		<feat xlink:href="#sSpan927" value="ⲛ"/>
		<feat xlink:href="#sSpan929" value="ⲛ"/>
		<feat xlink:href="#sSpan930" value="ⲧⲉⲧⲛ"/>
		<feat xlink:href="#sSpan931" value="ⲃⲱⲕ"/>
		<feat xlink:href="#sSpan933" value="ⲉϩⲟⲩⲛ"/>
		<feat xlink:href="#sSpan935" value="ⲉ"/>
		<feat xlink:href="#sSpan937" value="ⲧ"/>
		<feat xlink:href="#sSpan940" value="ⲙⲛⲧⲣⲣⲟ"/>
		<feat xlink:href="#sSpan942" value="ⲛ"/>
		<feat xlink:href="#sSpan944" value="ⲙ"/>
		<feat xlink:href="#sSpan946" value="ⲡⲏⲩⲉ"/>
		<feat xlink:href="#sSpan947" value="."/>
		<feat xlink:href="#sSpan949" value="ⲁ"/>
		<feat xlink:href="#sSpan952" value="ⲧⲉⲧⲛ"/>
		<feat xlink:href="#sSpan953" value="ⲥⲱⲧⲙ"/>
		<feat xlink:href="#sSpan954" value="ϫⲉ"/>
		<feat xlink:href="#sSpan956" value="ⲁ"/>
		<feat xlink:href="#sSpan957" value="ⲩ"/>
		<feat xlink:href="#sSpan958" value="ϫⲟⲟ"/>
		<feat xlink:href="#sSpan959" value="ⲥ"/>
		<feat xlink:href="#sSpan960" value="ⲛ"/>
		<feat xlink:href="#sSpan962" value="ⲛ"/>
		<feat xlink:href="#sSpan964" value="ⲁⲣⲭⲁⲓⲟⲥ"/>
		<feat xlink:href="#sSpan965" value="ϫⲉ"/>
		<feat xlink:href="#sSpan967" value="ⲛ"/>
		<feat xlink:href="#sSpan968" value="ⲛⲉⲕ"/>
		<feat xlink:href="#sSpan970" value="ϩⲱⲧⲃ"/>
		<feat xlink:href="#sSpan971" value="."/>
		<feat xlink:href="#sSpan973" value="ⲡ"/>
		<feat xlink:href="#sSpan976" value="ⲉⲧ"/>
		<feat xlink:href="#sSpan977" value="ⲛⲁ"/>
		<feat xlink:href="#sSpan978" value="ϩⲱⲧⲃ"/>
		<feat xlink:href="#sSpan979" value="ⲇⲉ"/>
		<feat xlink:href="#sSpan981" value="ϥ"/>
		<feat xlink:href="#sSpan983" value="ⲟ"/>
		<feat xlink:href="#sSpan985" value="ⲛ"/>
		<feat xlink:href="#sSpan987" value="ⲉⲛⲟⲭⲟⲥ"/>
		<feat xlink:href="#sSpan989" value="ⲉ"/>
		<feat xlink:href="#sSpan991" value="ⲧⲉ"/>
		<feat xlink:href="#sSpan993" value="ⲕⲣⲓⲥⲓⲥ"/>
		<feat xlink:href="#sSpan994" value="."/>
		<feat xlink:href="#sSpan996" value="ⲁⲛⲟⲕ"/>
		<feat xlink:href="#sSpan999" value="ⲇⲉ"/>
		<feat xlink:href="#sSpan1001" value="ϯ"/>
		<feat xlink:href="#sSpan1003" value="ϫⲱ"/>
		<feat xlink:href="#sSpan1004" value="ⲙⲙⲟ"/>
		<feat xlink:href="#sSpan1006" value="ⲥ"/>
		<feat xlink:href="#sSpan1007" value="ⲛⲏ"/>
		<feat xlink:href="#sSpan1009" value="ⲧⲛ"/>
		<feat xlink:href="#sSpan1010" value="ϫⲉ"/>
		<feat xlink:href="#sSpan1012" value="ⲟⲩⲟⲛ"/>
		<feat xlink:href="#sSpan1015" value="ⲛⲓⲙ"/>
		<feat xlink:href="#sSpan1017" value="ⲉⲧ"/>
		<feat xlink:href="#sSpan1019" value="ⲛⲁ"/>
		<feat xlink:href="#sSpan1020" value="ⲛⲟⲩϭⲥ"/>
		<feat xlink:href="#sSpan1021" value="ⲉ"/>
		<feat xlink:href="#sSpan1023" value="ⲡⲉϥ"/>
		<feat xlink:href="#sSpan1025" value="ⲥⲟⲛ"/>
		<feat xlink:href="#sSpan1026" value="ⲉⲓⲕⲏ"/>
		<feat xlink:href="#sSpan1028" value="ϥ"/>
		<feat xlink:href="#sSpan1030" value="ⲟ"/>
		<feat xlink:href="#sSpan1032" value="ⲛ"/>
		<feat xlink:href="#sSpan1034" value="ⲉⲛⲟⲭⲟⲥ"/>
		<feat xlink:href="#sSpan1036" value="ⲉ"/>
		<feat xlink:href="#sSpan1038" value="ⲧⲉ"/>
		<feat xlink:href="#sSpan1040" value="ⲕⲣⲓⲥⲓⲥ"/>
		<feat xlink:href="#sSpan1041" value="."/>
		<feat xlink:href="#sSpan1043" value="ⲡ"/>
		<feat xlink:href="#sSpan1045" value="ⲉⲧ"/>
		<feat xlink:href="#sSpan1046" value="ⲛⲁ"/>
		<feat xlink:href="#sSpan1047" value="ϫⲟⲟ"/>
		<feat xlink:href="#sSpan1048" value="ⲥ"/>
		<feat xlink:href="#sSpan1049" value="ⲙ"/>
		<feat xlink:href="#sSpan1051" value="ⲡⲉϥ"/>
		<feat xlink:href="#sSpan1053" value="ⲥⲟⲛ"/>
		<feat xlink:href="#sSpan1054" value="ϫⲉ"/>
		<feat xlink:href="#sSpan1056" value="ⲕ"/>
		<feat xlink:href="#sSpan1057" value="ϣⲟⲩⲉⲓⲧ"/>
		<feat xlink:href="#sSpan1058" value="ϥ"/>
		<feat xlink:href="#sSpan1060" value="ⲟ"/>
		<feat xlink:href="#sSpan1062" value="ⲛ"/>
		<feat xlink:href="#sSpan1064" value="ⲉⲛⲟⲭⲟⲥ"/>
		<feat xlink:href="#sSpan1066" value="ⲉ"/>
		<feat xlink:href="#sSpan1068" value="ⲡ"/>
		<feat xlink:href="#sSpan1070" value="ⲥⲩⲛϩⲉⲇⲣⲓⲟⲛ"/>
		<feat xlink:href="#sSpan1071" value="."/>
		<feat xlink:href="#sSpan1073" value="ⲡ"/>
		<feat xlink:href="#sSpan1075" value="ⲉⲧ"/>
		<feat xlink:href="#sSpan1076" value="ⲛⲁ"/>
		<feat xlink:href="#sSpan1077" value="ϫⲟⲟ"/>
		<feat xlink:href="#sSpan1078" value="ⲥ"/>
		<feat xlink:href="#sSpan1079" value="ϫⲉ"/>
		<feat xlink:href="#sSpan1081" value="ⲡ"/>
		<feat xlink:href="#sSpan1083" value="ⲥⲟϭ"/>
		<feat xlink:href="#sSpan1084" value="ϥ"/>
		<feat xlink:href="#sSpan1086" value="ⲟ"/>
		<feat xlink:href="#sSpan1088" value="ⲛ"/>
		<feat xlink:href="#sSpan1090" value="ⲉⲛⲟⲭⲟⲥ"/>
		<feat xlink:href="#sSpan1092" value="ⲉ"/>
		<feat xlink:href="#sSpan1094" value="ⲧ"/>
		<feat xlink:href="#sSpan1096" value="ⲅⲉϩⲉⲛⲛⲁ"/>
		<feat xlink:href="#sSpan1097" value="ⲛ"/>
		<feat xlink:href="#sSpan1099" value="ⲥⲁⲧⲉ"/>
		<feat xlink:href="#sSpan1101" value="."/>
		<feat xlink:href="#sSpan1103" value="ⲉϣⲱⲡⲉ"/>
		<feat xlink:href="#sSpan1106" value="ⲇⲉ"/>
		<feat xlink:href="#sSpan1108" value="ⲉⲕϣⲁⲛ"/>
		<feat xlink:href="#sSpan1110" value="ⲉⲓ"/>
		<feat xlink:href="#sSpan1112" value="ⲉ"/>
		<feat xlink:href="#sSpan1114" value="ⲕ"/>
		<feat xlink:href="#sSpan1115" value="ⲛⲁ"/>
		<feat xlink:href="#sSpan1116" value="ⲧⲁⲗⲟ"/>
		<feat xlink:href="#sSpan1117" value="ⲙ"/>
		<feat xlink:href="#sSpan1119" value="ⲡⲉⲕ"/>
		<feat xlink:href="#sSpan1121" value="ⲇⲱⲣⲟⲛ"/>
		<feat xlink:href="#sSpan1122" value="ⲉϩⲣⲁⲓ"/>
		<feat xlink:href="#sSpan1124" value="ⲉϫⲙ"/>
		<feat xlink:href="#sSpan1126" value="ⲡⲉ"/>
		<feat xlink:href="#sSpan1128" value="ⲑⲩⲥⲓⲁⲥⲧⲏⲣⲓⲟⲛ"/>
		<feat xlink:href="#sSpan1129" value="."/>
		<feat xlink:href="#sSpan1131" value="ⲛ"/>
		<feat xlink:href="#sSpan1133" value="ⲅ"/>
		<feat xlink:href="#sSpan1134" value="ⲣ"/>
		<feat xlink:href="#sSpan1135" value="ⲡ"/>
		<feat xlink:href="#sSpan1136" value="ⲙⲉⲉⲩⲉ"/>
		<feat xlink:href="#sSpan1137" value="ⲙ"/>
		<feat xlink:href="#sSpan1139" value="ⲡ"/>
		<feat xlink:href="#sSpan1141" value="ⲙⲁ"/>
		<feat xlink:href="#sSpan1142" value="ⲉⲧ"/>
		<feat xlink:href="#sSpan1144" value="ⲙⲙⲁⲩ"/>
		<feat xlink:href="#sSpan1145" value="ϫⲉ"/>
		<feat xlink:href="#sSpan1147" value="ⲟⲩⲛⲧⲉ"/>
		<feat xlink:href="#sSpan1148" value="ⲡⲉⲕ"/>
		<feat xlink:href="#sSpan1150" value="ⲥⲟⲛ"/>
		<feat xlink:href="#sSpan1151" value="ⲟⲩ"/>
		<feat xlink:href="#sSpan1154" value="ϩⲱⲃ"/>
		<feat xlink:href="#sSpan1155" value="ⲉϩⲟⲩⲛ"/>
		<feat xlink:href="#sSpan1157" value="ⲉⲣⲟ"/>
		<feat xlink:href="#sSpan1159" value="ⲕ"/>
		<feat xlink:href="#sSpan1160" value="."/>
		<feat xlink:href="#sSpan1162" value="ⲕⲱ"/>
		<feat xlink:href="#sSpan1165" value="ⲙ"/>
		<feat xlink:href="#sSpan1167" value="ⲡ"/>
		<feat xlink:href="#sSpan1169" value="ⲙⲁ"/>
		<feat xlink:href="#sSpan1170" value="ⲉⲧ"/>
		<feat xlink:href="#sSpan1172" value="ⲙⲙⲁⲩ"/>
		<feat xlink:href="#sSpan1173" value="ⲙ"/>
		<feat xlink:href="#sSpan1175" value="ⲡⲉⲕ"/>
		<feat xlink:href="#sSpan1177" value="ⲇⲱⲣⲟⲛ"/>
		<feat xlink:href="#sSpan1178" value="ϩⲓ"/>
		<feat xlink:href="#sSpan1180" value="ⲧ"/>
		<feat xlink:href="#sSpan1182" value="ϩⲏ"/>
		<feat xlink:href="#sSpan1183" value="ⲙ"/>
		<feat xlink:href="#sSpan1185" value="ⲡⲉ"/>
		<feat xlink:href="#sSpan1187" value="ⲑⲩⲥⲓⲁⲥⲧⲏⲣⲓⲟⲛ"/>
		<feat xlink:href="#sSpan1188" value="ⲛ"/>
		<feat xlink:href="#sSpan1190" value="ⲅ"/>
		<feat xlink:href="#sSpan1191" value="ⲃⲱⲕ"/>
		<feat xlink:href="#sSpan1192" value="ⲛ"/>
		<feat xlink:href="#sSpan1194" value="ϣⲟⲣⲡ"/>
		<feat xlink:href="#sSpan1195" value="ⲛ"/>
		<feat xlink:href="#sSpan1197" value="ⲅ"/>
		<feat xlink:href="#sSpan1198" value="ϩⲱⲧⲡ"/>
		<feat xlink:href="#sSpan1199" value="ⲙⲛ"/>
		<feat xlink:href="#sSpan1201" value="ⲡⲉⲕ"/>
		<feat xlink:href="#sSpan1203" value="ⲥⲟⲛ"/>
		<feat xlink:href="#sSpan1204" value="."/>
		<feat xlink:href="#sSpan1206" value="ⲧⲟⲧⲉ"/>
		<feat xlink:href="#sSpan1208" value="ⲛ"/>
		<feat xlink:href="#sSpan1210" value="ⲅ"/>
		<feat xlink:href="#sSpan1211" value="ⲉⲓ"/>
		<feat xlink:href="#sSpan1213" value="ⲛ"/>
		<feat xlink:href="#sSpan1215" value="ⲅ"/>
		<feat xlink:href="#sSpan1216" value="ⲧⲁⲗⲟ"/>
		<feat xlink:href="#sSpan1218" value="ⲉϩⲣⲁⲓ"/>
		<feat xlink:href="#sSpan1220" value="ⲙ"/>
		<feat xlink:href="#sSpan1222" value="ⲡⲉⲕ"/>
		<feat xlink:href="#sSpan1224" value="ⲇⲱⲣⲟⲛ"/>
		<feat xlink:href="#sSpan1225" value="."/>
		<feat xlink:href="#sSpan1227" value="ϣⲱⲡⲉ"/>
		<feat xlink:href="#sSpan1230" value="ⲉ"/>
		<feat xlink:href="#sSpan1232" value="ⲕ"/>
		<feat xlink:href="#sSpan1233" value="ⲟⲩⲱⲱⲙⲉ"/>
		<feat xlink:href="#sSpan1234" value="ⲙⲙⲟ"/>
		<feat xlink:href="#sSpan1236" value="ⲕ"/>
		<feat xlink:href="#sSpan1237" value="ⲙⲛ"/>
		<feat xlink:href="#sSpan1239" value="ⲡ"/>
		<feat xlink:href="#sSpan1241" value="ⲉⲧ"/>
		<feat xlink:href="#sSpan1243" value="ϫⲓϩⲁⲡ"/>
		<feat xlink:href="#sSpan1245" value="ⲛⲙⲙⲁ"/>
		<feat xlink:href="#sSpan1247" value="ⲕ"/>
		<feat xlink:href="#sSpan1248" value="ϩⲛ"/>
		<feat xlink:href="#sSpan1250" value="ⲟⲩ"/>
		<feat xlink:href="#sSpan1251" value="ϭⲉⲡⲏ"/>
		<feat xlink:href="#sSpan1252" value="ⲉ"/>
		<feat xlink:href="#sSpan1254" value="ⲛ"/>
		<feat xlink:href="#sSpan1255" value="ϩⲟⲥⲟⲛ"/>
		<feat xlink:href="#sSpan1256" value="ⲕ"/>
		<feat xlink:href="#sSpan1258" value="ϣⲟⲟⲡ"/>
		<feat xlink:href="#sSpan1259" value="ⲛⲙⲙⲁ"/>
		<feat xlink:href="#sSpan1261" value="ϥ"/>
		<feat xlink:href="#sSpan1262" value="ϩⲓ"/>
		<feat xlink:href="#sSpan1264" value="ⲧⲉ"/>
		<feat xlink:href="#sSpan1266" value="ϩⲓⲏ"/>
		<feat xlink:href="#sSpan1267" value="ⲙⲏⲡⲟⲧⲉ"/>
		<feat xlink:href="#sSpan1269" value="ⲛⲧⲉ"/>
		<feat xlink:href="#sSpan1271" value="ⲡ"/>
		<feat xlink:href="#sSpan1273" value="ⲉⲧ"/>
		<feat xlink:href="#sSpan1275" value="ϫⲓϩⲁⲡ"/>
		<feat xlink:href="#sSpan1277" value="ⲛⲙⲙⲁ"/>
		<feat xlink:href="#sSpan1279" value="ⲕ"/>
		<feat xlink:href="#sSpan1280" value="ⲧⲁⲁ"/>
		<feat xlink:href="#sSpan1282" value="ⲕ"/>
		<feat xlink:href="#sSpan1283" value="ⲉⲧⲟⲟⲧ"/>
		<feat xlink:href="#sSpan1285" value="ϥ"/>
		<feat xlink:href="#sSpan1286" value="ⲙ"/>
		<feat xlink:href="#sSpan1288" value="ⲡ"/>
		<feat xlink:href="#sSpan1291" value="ⲣⲉϥϯϩⲁⲡ"/>
		<feat xlink:href="#sSpan1294" value="ⲛⲧⲉ"/>
		<feat xlink:href="#sSpan1296" value="ⲡ"/>
		<feat xlink:href="#sSpan1299" value="ⲣⲉϥϯϩⲁⲡ"/>
		<feat xlink:href="#sSpan1302" value="ⲧⲁⲁ"/>
		<feat xlink:href="#sSpan1304" value="ⲕ"/>
		<feat xlink:href="#sSpan1305" value="ⲉⲧⲟⲟⲧ"/>
		<feat xlink:href="#sSpan1307" value="ϥ"/>
		<feat xlink:href="#sSpan1308" value="ⲙ"/>
		<feat xlink:href="#sSpan1310" value="ⲡ"/>
		<feat xlink:href="#sSpan1312" value="ϩⲩⲡⲉⲣⲉⲧⲏⲥ"/>
		<feat xlink:href="#sSpan1313" value="ⲛ"/>
		<feat xlink:href="#sSpan1315" value="ⲥⲉ"/>
		<feat xlink:href="#sSpan1316" value="ⲛⲟϫ"/>
		<feat xlink:href="#sSpan1317" value="ⲕ"/>
		<feat xlink:href="#sSpan1318" value="ⲉ"/>
		<feat xlink:href="#sSpan1320" value="ⲡⲉ"/>
		<feat xlink:href="#sSpan1322" value="ϣⲧⲉⲕⲟ"/>
		<feat xlink:href="#sSpan1323" value="."/>
		<feat xlink:href="#sSpan1325" value="ϩⲁⲙⲏⲛ"/>
		<feat xlink:href="#sSpan1328" value="ϯ"/>
		<feat xlink:href="#sSpan1330" value="ϫⲱ"/>
		<feat xlink:href="#sSpan1331" value="ⲙⲙⲟ"/>
		<feat xlink:href="#sSpan1333" value="ⲥ"/>
		<feat xlink:href="#sSpan1334" value="ⲛⲁ"/>
		<feat xlink:href="#sSpan1336" value="ⲕ"/>
		<feat xlink:href="#sSpan1337" value="ϫⲉ"/>
		<feat xlink:href="#sSpan1339" value="ⲛ"/>
		<feat xlink:href="#sSpan1340" value="ⲛⲉⲕ"/>
		<feat xlink:href="#sSpan1341" value="ⲉⲓ"/>
		<feat xlink:href="#sSpan1343" value="ⲉⲃⲟⲗ"/>
		<feat xlink:href="#sSpan1345" value="ϩⲙ"/>
		<feat xlink:href="#sSpan1347" value="ⲡ"/>
		<feat xlink:href="#sSpan1349" value="ⲙⲁ"/>
		<feat xlink:href="#sSpan1350" value="ⲉⲧ"/>
		<feat xlink:href="#sSpan1352" value="ⲙⲙⲁⲩ"/>
		<feat xlink:href="#sSpan1353" value="ϣⲁⲛⲧⲉ"/>
		<feat xlink:href="#sSpan1355" value="ⲕ"/>
		<feat xlink:href="#sSpan1356" value="ϯ"/>
		<feat xlink:href="#sSpan1357" value="ⲙ"/>
		<feat xlink:href="#sSpan1359" value="ⲡ"/>
		<feat xlink:href="#sSpan1361" value="ϩⲁⲉ"/>
		<feat xlink:href="#sSpan1362" value="ⲛ"/>
		<feat xlink:href="#sSpan1364" value="ⲕⲟⲛⲇⲣⲁⲛⲧⲏⲥ"/>
		<feat xlink:href="#sSpan1366" value="."/>
		<feat xlink:href="#sSpan1368" value="ⲁ"/>
		<feat xlink:href="#sSpan1371" value="ⲧⲉⲧⲛ"/>
		<feat xlink:href="#sSpan1372" value="ⲥⲱⲧⲙ"/>
		<feat xlink:href="#sSpan1373" value="ϫⲉ"/>
		<feat xlink:href="#sSpan1375" value="ⲁ"/>
		<feat xlink:href="#sSpan1376" value="ⲩ"/>
		<feat xlink:href="#sSpan1377" value="ϫⲟⲟ"/>
		<feat xlink:href="#sSpan1378" value="ⲥ"/>
		<feat xlink:href="#sSpan1379" value="ϫⲉ"/>
		<feat xlink:href="#sSpan1381" value="ⲛⲛⲉ"/>
		<feat xlink:href="#sSpan1382" value="ⲕ"/>
		<feat xlink:href="#sSpan1384" value="ⲣⲛⲟⲉⲓⲕ"/>
		<feat xlink:href="#sSpan1386" value="."/>
		<feat xlink:href="#sSpan1388" value="ⲁⲛⲟⲕ"/>
		<feat xlink:href="#sSpan1391" value="ⲇⲉ"/>
		<feat xlink:href="#sSpan1393" value="ϯ"/>
		<feat xlink:href="#sSpan1395" value="ϫⲱ"/>
		<feat xlink:href="#sSpan1396" value="ⲙⲙⲟ"/>
		<feat xlink:href="#sSpan1398" value="ⲥ"/>
		<feat xlink:href="#sSpan1399" value="ⲛⲏ"/>
		<feat xlink:href="#sSpan1401" value="ⲧⲛ"/>
		<feat xlink:href="#sSpan1402" value="ϫⲉ"/>
		<feat xlink:href="#sSpan1404" value="ⲟⲩⲟⲛ"/>
		<feat xlink:href="#sSpan1407" value="ⲛⲓⲙ"/>
		<feat xlink:href="#sSpan1409" value="ⲉⲧ"/>
		<feat xlink:href="#sSpan1411" value="ⲛⲁ"/>
		<feat xlink:href="#sSpan1412" value="ϭⲱϣⲧ"/>
		<feat xlink:href="#sSpan1413" value="ⲛⲥⲁ"/>
		<feat xlink:href="#sSpan1415" value="ⲟⲩ"/>
		<feat xlink:href="#sSpan1417" value="ⲥϩⲓⲙⲉ"/>
		<feat xlink:href="#sSpan1418" value="ⲉ"/>
		<feat xlink:href="#sSpan1420" value="ⲉⲡⲓⲑⲩⲙⲉⲓ"/>
		<feat xlink:href="#sSpan1421" value="ⲉⲣⲟ"/>
		<feat xlink:href="#sSpan1423" value="ⲥ"/>
		<feat xlink:href="#sSpan1424" value="."/>
		<feat xlink:href="#sSpan1426" value="ⲁ"/>
		<feat xlink:href="#sSpan1428" value="ϥ"/>
		<feat xlink:href="#sSpan1429" value="ⲟⲩⲱ"/>
		<feat xlink:href="#sSpan1430" value="ⲉ"/>
		<feat xlink:href="#sSpan1432" value="ϥ"/>
		<feat xlink:href="#sSpan1434" value="ⲣⲛⲟⲉⲓⲕ"/>
		<feat xlink:href="#sSpan1436" value="ⲉⲣⲟ"/>
		<feat xlink:href="#sSpan1438" value="ⲥ"/>
		<feat xlink:href="#sSpan1439" value="ϩⲙ"/>
		<feat xlink:href="#sSpan1441" value="ⲡⲉϥ"/>
		<feat xlink:href="#sSpan1443" value="ϩⲏⲧ"/>
		<feat xlink:href="#sSpan1444" value="."/>
		<feat xlink:href="#sSpan1446" value="ⲉϣϫⲉ"/>
		<feat xlink:href="#sSpan1449" value="ⲡⲉⲕ"/>
		<feat xlink:href="#sSpan1452" value="ⲃⲁⲗ"/>
		<feat xlink:href="#sSpan1453" value="ⲇⲉ"/>
		<feat xlink:href="#sSpan1455" value="ⲛ"/>
		<feat xlink:href="#sSpan1458" value="ⲟⲩⲛⲁⲙ"/>
		<feat xlink:href="#sSpan1459" value="ⲥⲕⲁⲛⲇⲁⲗⲓⲍⲉ"/>
		<feat xlink:href="#sSpan1461" value="ⲙⲙⲟ"/>
		<feat xlink:href="#sSpan1463" value="ⲕ"/>
		<feat xlink:href="#sSpan1464" value="ⲡⲟⲣⲕ"/>
		<feat xlink:href="#sSpan1466" value="ϥ"/>
		<feat xlink:href="#sSpan1467" value="ⲛ"/>
		<feat xlink:href="#sSpan1469" value="ⲅ"/>
		<feat xlink:href="#sSpan1470" value="ⲛⲟϫ"/>
		<feat xlink:href="#sSpan1471" value="ϥ"/>
		<feat xlink:href="#sSpan1472" value="ⲛⲥⲁ"/>
		<feat xlink:href="#sSpan1474" value="ⲃⲟⲗ"/>
		<feat xlink:href="#sSpan1475" value="ⲙⲙⲟ"/>
		<feat xlink:href="#sSpan1477" value="ⲕ"/>
		<feat xlink:href="#sSpan1478" value="ⲥⲉ"/>
		<feat xlink:href="#sSpan1481" value="ⲣⲛⲟϥⲣⲉ"/>
		<feat xlink:href="#sSpan1483" value="ⲅⲁⲣ"/>
		<feat xlink:href="#sSpan1485" value="ⲛⲁ"/>
		<feat xlink:href="#sSpan1487" value="ⲕ"/>
		<feat xlink:href="#sSpan1488" value="ϫⲉⲕⲁⲁⲥ"/>
		<feat xlink:href="#sSpan1490" value="ⲉϥⲉ"/>
		<feat xlink:href="#sSpan1492" value="ϩⲉ"/>
		<feat xlink:href="#sSpan1494" value="ⲉⲃⲟⲗ"/>
		<feat xlink:href="#sSpan1496" value="ⲛϭⲓ"/>
		<feat xlink:href="#sSpan1498" value="ⲟⲩⲁ"/>
		<feat xlink:href="#sSpan1500" value="ⲛ"/>
		<feat xlink:href="#sSpan1502" value="ⲛⲉⲕ"/>
		<feat xlink:href="#sSpan1504" value="ⲙⲉⲗⲟⲥ"/>
		<feat xlink:href="#sSpan1505" value="ⲛ"/>
		<feat xlink:href="#sSpan1507" value="ⲥⲉ"/>
		<feat xlink:href="#sSpan1508" value="ⲧⲙ"/>
		<feat xlink:href="#sSpan1509" value="ⲛⲟⲩϫⲉ"/>
		<feat xlink:href="#sSpan1511" value="ⲙ"/>
		<feat xlink:href="#sSpan1513" value="ⲡⲉⲕ"/>
		<feat xlink:href="#sSpan1515" value="ⲥⲱⲙⲁ"/>
		<feat xlink:href="#sSpan1516" value="ⲧⲏⲣ"/>
		<feat xlink:href="#sSpan1518" value="ϥ"/>
		<feat xlink:href="#sSpan1519" value="ⲉ"/>
		<feat xlink:href="#sSpan1521" value="ⲧ"/>
		<feat xlink:href="#sSpan1523" value="ⲅⲉϩⲉⲛⲛⲁ"/>
		<feat xlink:href="#sSpan1524" value="ⲛ"/>
		<feat xlink:href="#sSpan1526" value="ⲥⲁⲧⲉ"/>
		<feat xlink:href="#sSpan1528" value="."/>
		<feat xlink:href="#sSpan1530" value="ⲁⲩⲱ"/>
		<feat xlink:href="#sSpan1533" value="ⲉϣϫⲉ"/>
		<feat xlink:href="#sSpan1535" value="ⲧⲉⲕ"/>
		<feat xlink:href="#sSpan1538" value="ϭⲓϫ"/>
		<feat xlink:href="#sSpan1539" value="ⲛ"/>
		<feat xlink:href="#sSpan1541" value="ⲟⲩⲛⲁⲙ"/>
		<feat xlink:href="#sSpan1543" value="ⲥⲕⲁⲛⲇⲁⲗⲓⲍⲉ"/>
		<feat xlink:href="#sSpan1545" value="ⲙⲙⲟ"/>
		<feat xlink:href="#sSpan1547" value="ⲕ"/>
		<feat xlink:href="#sSpan1548" value="ⲥⲟⲗⲡⲥ"/>
		<feat xlink:href="#sSpan1550" value="ⲛ"/>
		<feat xlink:href="#sSpan1552" value="ⲅ"/>
		<feat xlink:href="#sSpan1553" value="ⲛⲟϫ"/>
		<feat xlink:href="#sSpan1554" value="ⲥ"/>
		<feat xlink:href="#sSpan1555" value="ⲥⲁⲃⲟⲗ"/>
		<feat xlink:href="#sSpan1557" value="ⲙⲙⲟ"/>
		<feat xlink:href="#sSpan1559" value="ⲕ"/>
		<feat xlink:href="#sSpan1560" value="."/>
		<feat xlink:href="#sSpan1562" value="ⲥⲉ"/>
		<feat xlink:href="#sSpan1565" value="ⲣⲛⲟϥⲣⲉ"/>
		<feat xlink:href="#sSpan1567" value="ⲅⲁⲣ"/>
		<feat xlink:href="#sSpan1569" value="ⲛⲁ"/>
		<feat xlink:href="#sSpan1571" value="ⲕ"/>
		<feat xlink:href="#sSpan1572" value="ϫⲉⲕⲁⲁⲥ"/>
		<feat xlink:href="#sSpan1574" value="ⲉϥⲉ"/>
		<feat xlink:href="#sSpan1576" value="ϩⲉ"/>
		<feat xlink:href="#sSpan1578" value="ⲉⲃⲟⲗ"/>
		<feat xlink:href="#sSpan1580" value="ⲛϭⲓ"/>
		<feat xlink:href="#sSpan1582" value="ⲟⲩⲁ"/>
		<feat xlink:href="#sSpan1584" value="ⲛ"/>
		<feat xlink:href="#sSpan1586" value="ⲛⲉⲕ"/>
		<feat xlink:href="#sSpan1588" value="ⲙⲉⲗⲟⲥ"/>
		<feat xlink:href="#sSpan1589" value="."/>
		<feat xlink:href="#sSpan1591" value="ⲛ"/>
		<feat xlink:href="#sSpan1593" value="ⲥⲉ"/>
		<feat xlink:href="#sSpan1594" value="ⲧⲙ"/>
		<feat xlink:href="#sSpan1595" value="ⲛⲟⲩϫⲉ"/>
		<feat xlink:href="#sSpan1597" value="ⲙ"/>
		<feat xlink:href="#sSpan1599" value="ⲡⲉⲕ"/>
		<feat xlink:href="#sSpan1601" value="ⲥⲱⲙⲁ"/>
		<feat xlink:href="#sSpan1602" value="ⲧⲏⲣ"/>
		<feat xlink:href="#sSpan1604" value="ϥ"/>
		<feat xlink:href="#sSpan1605" value="ⲉ"/>
		<feat xlink:href="#sSpan1607" value="ⲧ"/>
		<feat xlink:href="#sSpan1609" value="ⲅⲉϩⲉⲛⲛⲁ"/>
		<feat xlink:href="#sSpan1610" value="."/>
		<feat xlink:href="#sSpan1612" value="ⲁ"/>
		<feat xlink:href="#sSpan1615" value="ⲩ"/>
		<feat xlink:href="#sSpan1616" value="ϫⲟⲟ"/>
		<feat xlink:href="#sSpan1617" value="ⲥ"/>
		<feat xlink:href="#sSpan1618" value="ⲇⲉ"/>
		<feat xlink:href="#sSpan1620" value="ϫⲉ"/>
		<feat xlink:href="#sSpan1622" value="ⲡ"/>
		<feat xlink:href="#sSpan1624" value="ⲉⲧ"/>
		<feat xlink:href="#sSpan1625" value="ⲛⲁ"/>
		<feat xlink:href="#sSpan1626" value="ⲛⲟⲩϫⲉ"/>
		<feat xlink:href="#sSpan1628" value="ⲉⲃⲟⲗ"/>
		<feat xlink:href="#sSpan1630" value="ⲛ"/>
		<feat xlink:href="#sSpan1632" value="ⲧⲉϥ"/>
		<feat xlink:href="#sSpan1634" value="ⲥϩⲓⲙⲉ"/>
		<feat xlink:href="#sSpan1635" value="ⲙⲁⲣⲉ"/>
		<feat xlink:href="#sSpan1637" value="ϥ"/>
		<feat xlink:href="#sSpan1638" value="ϯ"/>
		<feat xlink:href="#sSpan1639" value="ⲛⲁ"/>
		<feat xlink:href="#sSpan1641" value="ⲥ"/>
		<feat xlink:href="#sSpan1642" value="ⲛ"/>
		<feat xlink:href="#sSpan1644" value="ⲟⲩ"/>
		<feat xlink:href="#sSpan1646" value="ϫⲱⲱⲙⲉ"/>
		<feat xlink:href="#sSpan1647" value="ⲛ"/>
		<feat xlink:href="#sSpan1649" value="ⲧⲟⲩⲉⲓⲟ"/>
		<feat xlink:href="#sSpan1651" value="."/>
		<feat xlink:href="#sSpan1653" value="ⲁⲛⲟⲕ"/>
		<feat xlink:href="#sSpan1656" value="ⲇⲉ"/>
		<feat xlink:href="#sSpan1658" value="ϯ"/>
		<feat xlink:href="#sSpan1660" value="ϫⲱ"/>
		<feat xlink:href="#sSpan1661" value="ⲙⲙⲟ"/>
		<feat xlink:href="#sSpan1663" value="ⲥ"/>
		<feat xlink:href="#sSpan1664" value="ⲛⲏ"/>
		<feat xlink:href="#sSpan1666" value="ⲧⲛ"/>
		<feat xlink:href="#sSpan1667" value="ϫⲉ"/>
		<feat xlink:href="#sSpan1669" value="ⲡ"/>
		<feat xlink:href="#sSpan1671" value="ⲉⲧ"/>
		<feat xlink:href="#sSpan1672" value="ⲛⲁ"/>
		<feat xlink:href="#sSpan1673" value="ⲛⲟⲩϫⲉ"/>
		<feat xlink:href="#sSpan1675" value="ⲉⲃⲟⲗ"/>
		<feat xlink:href="#sSpan1677" value="ⲛ"/>
		<feat xlink:href="#sSpan1679" value="ⲧⲉϥ"/>
		<feat xlink:href="#sSpan1681" value="ⲥϩⲓⲙⲉ"/>
		<feat xlink:href="#sSpan1682" value="ⲁϫⲛ"/>
		<feat xlink:href="#sSpan1684" value="ϣⲁϫⲉ"/>
		<feat xlink:href="#sSpan1686" value="ⲙ"/>
		<feat xlink:href="#sSpan1688" value="ⲡⲟⲣⲛⲉⲓⲁ"/>
		<feat xlink:href="#sSpan1690" value="."/>
		<feat xlink:href="#sSpan1692" value="ϥ"/>
		<feat xlink:href="#sSpan1694" value="ⲛⲁ"/>
		<feat xlink:href="#sSpan1695" value="ⲧⲣⲉ"/>
		<feat xlink:href="#sSpan1696" value="ⲩ"/>
		<feat xlink:href="#sSpan1698" value="ⲣⲛⲟⲉⲓⲕ"/>
		<feat xlink:href="#sSpan1700" value="ⲉⲣⲟ"/>
		<feat xlink:href="#sSpan1702" value="ⲥ"/>
		<feat xlink:href="#sSpan1703" value="."/>
		<feat xlink:href="#sSpan1705" value="ⲁⲩⲱ"/>
		<feat xlink:href="#sSpan1707" value="ⲡ"/>
		<feat xlink:href="#sSpan1710" value="ⲉⲧ"/>
		<feat xlink:href="#sSpan1711" value="ⲛⲁ"/>
		<feat xlink:href="#sSpan1712" value="ϩⲙⲟⲟⲥ"/>
		<feat xlink:href="#sSpan1713" value="ⲙⲛ"/>
		<feat xlink:href="#sSpan1715" value="ⲟⲩⲉⲓ"/>
		<feat xlink:href="#sSpan1717" value="ⲉ"/>
		<feat xlink:href="#sSpan1719" value="ⲁ"/>
		<feat xlink:href="#sSpan1720" value="ⲡⲉ"/>
		<feat xlink:href="#sSpan1722" value="ⲥϩⲁⲓ"/>
		<feat xlink:href="#sSpan1723" value="ⲛⲟϫ"/>
		<feat xlink:href="#sSpan1725" value="ⲥ"/>
		<feat xlink:href="#sSpan1726" value="ⲉⲃⲟⲗ"/>
		<feat xlink:href="#sSpan1728" value="ϥ"/>
		<feat xlink:href="#sSpan1730" value="ⲟ"/>
		<feat xlink:href="#sSpan1732" value="ⲛ"/>
		<feat xlink:href="#sSpan1734" value="ⲛⲟⲉⲓⲕ"/>
		<feat xlink:href="#sSpan1736" value="."/>
		<feat xlink:href="#sSpan1738" value="ⲁ"/>
		<feat xlink:href="#sSpan1741" value="ⲧⲉⲧⲛ"/>
		<feat xlink:href="#sSpan1742" value="ⲥⲱⲧⲙ"/>
		<feat xlink:href="#sSpan1743" value="ⲟⲛ"/>
		<feat xlink:href="#sSpan1745" value="ϫⲉ"/>
		<feat xlink:href="#sSpan1747" value="ⲁ"/>
		<feat xlink:href="#sSpan1748" value="ⲩ"/>
		<feat xlink:href="#sSpan1749" value="ϫⲟⲟ"/>
		<feat xlink:href="#sSpan1750" value="ⲥ"/>
		<feat xlink:href="#sSpan1751" value="ϩⲛ"/>
		<feat xlink:href="#sSpan1753" value="ⲛ"/>
		<feat xlink:href="#sSpan1755" value="ⲁⲣⲭⲁⲓⲟⲥ"/>
		<feat xlink:href="#sSpan1756" value="ϫⲉ"/>
		<feat xlink:href="#sSpan1758" value="ⲛⲛⲉ"/>
		<feat xlink:href="#sSpan1759" value="ⲕ"/>
		<feat xlink:href="#sSpan1760" value="ⲱⲣⲕ"/>
		<feat xlink:href="#sSpan1761" value="ⲛ"/>
		<feat xlink:href="#sSpan1763" value="ⲛⲟⲩϫ"/>
		<feat xlink:href="#sSpan1765" value="ⲉⲕⲉ"/>
		<feat xlink:href="#sSpan1767" value="ϯ"/>
		<feat xlink:href="#sSpan1768" value="ⲇⲉ"/>
		<feat xlink:href="#sSpan1770" value="ⲛ"/>
		<feat xlink:href="#sSpan1772" value="ⲛⲉⲕ"/>
		<feat xlink:href="#sSpan1774" value="ⲁⲛⲁⲩϣ"/>
		<feat xlink:href="#sSpan1775" value="ⲙ"/>
		<feat xlink:href="#sSpan1777" value="ⲡ"/>
		<feat xlink:href="#sSpan1779" value="ϫⲟⲉⲓⲥ"/>
		<feat xlink:href="#sSpan1780" value="."/>
		<feat xlink:href="#sSpan1782" value="ⲁⲛⲟⲕ"/>
		<feat xlink:href="#sSpan1785" value="ⲇⲉ"/>
		<feat xlink:href="#sSpan1787" value="ϯ"/>
		<feat xlink:href="#sSpan1789" value="ϫⲱ"/>
		<feat xlink:href="#sSpan1790" value="ⲙⲙⲟ"/>
		<feat xlink:href="#sSpan1792" value="ⲥ"/>
		<feat xlink:href="#sSpan1793" value="ⲛⲏ"/>
		<feat xlink:href="#sSpan1795" value="ⲧⲛ"/>
		<feat xlink:href="#sSpan1796" value="ϫⲉ"/>
		<feat xlink:href="#sSpan1798" value="ⲙⲡⲣ"/>
		<feat xlink:href="#sSpan1799" value="ⲱⲣⲕ"/>
		<feat xlink:href="#sSpan1800" value="ⲛ"/>
		<feat xlink:href="#sSpan1802" value="ⲗⲁⲁⲩ"/>
		<feat xlink:href="#sSpan1804" value="ⲙⲡⲣ"/>
		<feat xlink:href="#sSpan1806" value="ⲱⲣⲕ"/>
		<feat xlink:href="#sSpan1807" value="ⲛ"/>
		<feat xlink:href="#sSpan1809" value="ⲧ"/>
		<feat xlink:href="#sSpan1811" value="ⲡⲉ"/>
		<feat xlink:href="#sSpan1812" value="ϫⲉ"/>
		<feat xlink:href="#sSpan1814" value="ⲡⲉ"/>
		<feat xlink:href="#sSpan1816" value="ⲑⲣⲟⲛⲟⲥ"/>
		<feat xlink:href="#sSpan1817" value="ⲙ"/>
		<feat xlink:href="#sSpan1819" value="ⲡ"/>
		<feat xlink:href="#sSpan1821" value="ⲛⲟⲩⲧⲉ"/>
		<feat xlink:href="#sSpan1822" value="ⲡⲉ"/>
		<feat xlink:href="#sSpan1824" value="."/>
		<feat xlink:href="#sSpan1826" value="ⲟⲩⲇⲉ"/>
		<feat xlink:href="#sSpan1829" value="ⲙⲡⲣ"/>
		<feat xlink:href="#sSpan1831" value="ⲱⲣⲕ"/>
		<feat xlink:href="#sSpan1832" value="ⲙ"/>
		<feat xlink:href="#sSpan1834" value="ⲡ"/>
		<feat xlink:href="#sSpan1836" value="ⲕⲁϩ"/>
		<feat xlink:href="#sSpan1837" value="ϫⲉ"/>
		<feat xlink:href="#sSpan1839" value="ⲡ"/>
		<feat xlink:href="#sSpan1841" value="ϩⲩⲡⲟⲡⲟⲇⲓⲟⲛ"/>
		<feat xlink:href="#sSpan1842" value="ⲛ"/>
		<feat xlink:href="#sSpan1844" value="ⲛⲉϥ"/>
		<feat xlink:href="#sSpan1846" value="ⲟⲩⲉⲣⲏⲧⲉ"/>
		<feat xlink:href="#sSpan1847" value="ⲡⲉ"/>
		<feat xlink:href="#sSpan1849" value="ⲟⲩⲇⲉ"/>
		<feat xlink:href="#sSpan1851" value="ⲙⲡⲣ"/>
		<feat xlink:href="#sSpan1853" value="ⲱⲣⲕ"/>
		<feat xlink:href="#sSpan1854" value="ⲛ"/>
		<feat xlink:href="#sSpan1856" value="ⲧ"/>
		<feat xlink:href="#sSpan1858" value="ϩⲓⲉⲣⲟⲩⲥⲁⲗⲏⲙ"/>
		<feat xlink:href="#sSpan1859" value="ϫⲉ"/>
		<feat xlink:href="#sSpan1861" value="ⲧ"/>
		<feat xlink:href="#sSpan1863" value="ⲡⲟⲗⲓⲥ"/>
		<feat xlink:href="#sSpan1864" value="ⲙ"/>
		<feat xlink:href="#sSpan1866" value="ⲡ"/>
		<feat xlink:href="#sSpan1868" value="ⲛⲟϭ"/>
		<feat xlink:href="#sSpan1869" value="ⲛ"/>
		<feat xlink:href="#sSpan1871" value="ⲣⲣⲟ"/>
		<feat xlink:href="#sSpan1872" value="ⲧⲉ"/>
		<feat xlink:href="#sSpan1874" value="."/>
		<feat xlink:href="#sSpan1876" value="ⲟⲩⲇⲉ"/>
		<feat xlink:href="#sSpan1879" value="ⲙⲡⲣ"/>
		<feat xlink:href="#sSpan1881" value="ⲱⲣⲕ"/>
		<feat xlink:href="#sSpan1882" value="ⲛ"/>
		<feat xlink:href="#sSpan1884" value="ⲧⲉⲕ"/>
		<feat xlink:href="#sSpan1886" value="ⲁⲡⲉ"/>
		<feat xlink:href="#sSpan1887" value="ϫⲉ"/>
		<feat xlink:href="#sSpan1889" value="ⲙⲛ"/>
		<feat xlink:href="#sSpan1891" value="ϣϭⲟⲙ"/>
		<feat xlink:href="#sSpan1893" value="ⲙⲙⲟ"/>
		<feat xlink:href="#sSpan1895" value="ⲕ"/>
		<feat xlink:href="#sSpan1896" value="ⲉ"/>
		<feat xlink:href="#sSpan1898" value="ⲧⲣⲉ"/>
		<feat xlink:href="#sSpan1899" value="ⲟⲩ"/>
		<feat xlink:href="#sSpan1901" value="ⲃⲱ"/>
		<feat xlink:href="#sSpan1902" value="ⲛ"/>
		<feat xlink:href="#sSpan1904" value="ⲟⲩⲱⲧ"/>
		<feat xlink:href="#sSpan1905" value="ⲟⲩⲃⲁϣ"/>
		<feat xlink:href="#sSpan1907" value="ⲏ"/>
		<feat xlink:href="#sSpan1909" value="ⲛ"/>
		<feat xlink:href="#sSpan1910" value="ϥ"/>
		<feat xlink:href="#sSpan1911" value="ⲕⲙⲟⲙ"/>
		<feat xlink:href="#sSpan1912" value="."/>
		<feat xlink:href="#sSpan1914" value="ⲙⲁⲣⲉ"/>
		<feat xlink:href="#sSpan1917" value="ⲡⲉⲧⲛ"/>
		<feat xlink:href="#sSpan1919" value="ϣⲁϫⲉ"/>
		<feat xlink:href="#sSpan1920" value="ⲇⲉ"/>
		<feat xlink:href="#sSpan1922" value="ϣⲱⲡⲉ"/>
		<feat xlink:href="#sSpan1924" value="ⲛ"/>
		<feat xlink:href="#sSpan1926" value="ⲥ"/>
		<feat xlink:href="#sSpan1927" value="ⲛ"/>
		<feat xlink:href="#sSpan1928" value="ⲥⲉ"/>
		<feat xlink:href="#sSpan1929" value="."/>
		<feat xlink:href="#sSpan1931" value="ⲁⲩⲱ"/>
		<feat xlink:href="#sSpan1933" value="ⲙⲙⲟⲛ"/>
		<feat xlink:href="#sSpan1935" value="ⲛⲙⲙⲟⲛ"/>
		<feat xlink:href="#sSpan1936" value="."/>
		<feat xlink:href="#sSpan1938" value="ⲡⲉ"/>
		<feat xlink:href="#sSpan1940" value="ϩⲟⲩⲟ"/>
		<feat xlink:href="#sSpan1941" value="ⲇⲉ"/>
		<feat xlink:href="#sSpan1943" value="ⲛ"/>
		<feat xlink:href="#sSpan1945" value="ⲛⲁⲓ"/>
		<feat xlink:href="#sSpan1947" value="ⲟⲩ"/>
		<feat xlink:href="#sSpan1950" value="ⲉⲃⲟⲗ"/>
		<feat xlink:href="#sSpan1952" value="ϩⲙ"/>
		<feat xlink:href="#sSpan1954" value="ⲡ"/>
		<feat xlink:href="#sSpan1955" value="ⲡⲟⲛⲏⲣⲟⲥ"/>
		<feat xlink:href="#sSpan1956" value="ⲡⲉ"/>
		<feat xlink:href="#sSpan1958" value="."/>
		<feat xlink:href="#sSpan1960" value="ⲁ"/>
		<feat xlink:href="#sSpan1963" value="ⲧⲉⲧⲛ"/>
		<feat xlink:href="#sSpan1964" value="ⲥⲱⲧⲙ"/>
		<feat xlink:href="#sSpan1965" value="ϫⲉ"/>
		<feat xlink:href="#sSpan1967" value="ⲁ"/>
		<feat xlink:href="#sSpan1968" value="ⲩ"/>
		<feat xlink:href="#sSpan1969" value="ϫⲟⲟ"/>
		<feat xlink:href="#sSpan1970" value="ⲥ"/>
		<feat xlink:href="#sSpan1971" value="ϫⲉ"/>
		<feat xlink:href="#sSpan1973" value="ⲟⲩ"/>
		<feat xlink:href="#sSpan1975" value="ⲃⲁⲗ"/>
		<feat xlink:href="#sSpan1976" value="ⲉ"/>
		<feat xlink:href="#sSpan1978" value="ⲡ"/>
		<feat xlink:href="#sSpan1980" value="ⲙⲁ"/>
		<feat xlink:href="#sSpan1981" value="ⲛⲟⲩ"/>
		<feat xlink:href="#sSpan1984" value="ⲃⲁⲗ"/>
		<feat xlink:href="#sSpan1985" value="ⲟⲩⲟϩⲃⲉ"/>
		<feat xlink:href="#sSpan1987" value="ⲉ"/>
		<feat xlink:href="#sSpan1989" value="ⲡ"/>
		<feat xlink:href="#sSpan1991" value="ⲙⲁ"/>
		<feat xlink:href="#sSpan1992" value="ⲛ"/>
		<feat xlink:href="#sSpan1994" value="ⲟⲩⲟϩⲃⲉ"/>
		<feat xlink:href="#sSpan1996" value="."/>
		<feat xlink:href="#sSpan1998" value="ⲁⲛⲟⲕ"/>
		<feat xlink:href="#sSpan2001" value="ⲇⲉ"/>
		<feat xlink:href="#sSpan2003" value="ϯ"/>
		<feat xlink:href="#sSpan2005" value="ϫⲱ"/>
		<feat xlink:href="#sSpan2006" value="ⲙⲙⲟ"/>
		<feat xlink:href="#sSpan2008" value="ⲥ"/>
		<feat xlink:href="#sSpan2009" value="ⲛⲏ"/>
		<feat xlink:href="#sSpan2011" value="ⲧⲛ"/>
		<feat xlink:href="#sSpan2012" value="ϫⲉ"/>
		<feat xlink:href="#sSpan2014" value="ⲙⲡⲣ"/>
		<feat xlink:href="#sSpan2015" value="ⲁϩⲉ"/>
		<feat xlink:href="#sSpan2016" value="ⲣⲁⲧ"/>
		<feat xlink:href="#sSpan2017" value="ⲧⲏⲩⲧⲛ"/>
		<feat xlink:href="#sSpan2018" value="ⲟⲩⲃⲉ"/>
		<feat xlink:href="#sSpan2020" value="ⲡ"/>
		<feat xlink:href="#sSpan2024" value="ⲡⲉⲧϩⲟⲟⲩ"/>
		<feat xlink:href="#sSpan2027" value="ⲁⲗⲗⲁ"/>
		<feat xlink:href="#sSpan2029" value="ⲡⲉⲧ"/>
		<feat xlink:href="#sSpan2031" value="ⲛⲁ"/>
		<feat xlink:href="#sSpan2032" value="ⲣⲁϩⲧ"/>
		<feat xlink:href="#sSpan2033" value="ⲕ"/>
		<feat xlink:href="#sSpan2034" value="ⲉ"/>
		<feat xlink:href="#sSpan2036" value="ⲧⲉⲕ"/>
		<feat xlink:href="#sSpan2038" value="ⲟⲩⲟϭⲉ"/>
		<feat xlink:href="#sSpan2039" value="ⲛ"/>
		<feat xlink:href="#sSpan2041" value="ⲟⲩⲛⲁⲙ"/>
		<feat xlink:href="#sSpan2043" value="ⲕⲧⲟ"/>
		<feat xlink:href="#sSpan2045" value="ⲉⲣⲟ"/>
		<feat xlink:href="#sSpan2047" value="ϥ"/>
		<feat xlink:href="#sSpan2048" value="ⲛ"/>
		<feat xlink:href="#sSpan2050" value="ⲧ"/>
		<feat xlink:href="#sSpan2052" value="ⲕⲉⲧⲉ"/>
		<feat xlink:href="#sSpan2053" value="."/>
		<feat xlink:href="#sSpan2055" value="ⲁⲩⲱ"/>
		<feat xlink:href="#sSpan2058" value="ⲡ"/>
		<feat xlink:href="#sSpan2061" value="ⲉⲧ"/>
		<feat xlink:href="#sSpan2062" value="ⲟⲩⲱϣ"/>
		<feat xlink:href="#sSpan2063" value="ⲉ"/>
		<feat xlink:href="#sSpan2066" value="ϫⲓϩⲁⲡ"/>
		<feat xlink:href="#sSpan2068" value="ⲛⲙⲙⲁ"/>
		<feat xlink:href="#sSpan2070" value="ⲕ"/>
		<feat xlink:href="#sSpan2071" value="ⲉ"/>
		<feat xlink:href="#sSpan2073" value="ϥ"/>
		<feat xlink:href="#sSpan2074" value="ⲓ"/>
		<feat xlink:href="#sSpan2076" value="ⲛ"/>
		<feat xlink:href="#sSpan2078" value="ⲧⲉⲕ"/>
		<feat xlink:href="#sSpan2080" value="ϣⲧⲏⲛ"/>
		<feat xlink:href="#sSpan2081" value="ⲕⲱ"/>
		<feat xlink:href="#sSpan2084" value="ⲉⲃⲟⲗ"/>
		<feat xlink:href="#sSpan2086" value="ⲛⲥⲱ"/>
		<feat xlink:href="#sSpan2088" value="ϥ"/>
		<feat xlink:href="#sSpan2089" value="ⲙ"/>
		<feat xlink:href="#sSpan2091" value="ⲡⲉⲕ"/>
		<feat xlink:href="#sSpan2093" value="ⲕⲉ"/>
		<feat xlink:href="#sSpan2094" value="ϩⲟⲓⲧⲉ"/>
		<feat xlink:href="#sSpan2095" value="."/>
		<feat xlink:href="#sSpan2097" value="ⲡ"/>
		<feat xlink:href="#sSpan2101" value="ⲉⲧ"/>
		<feat xlink:href="#sSpan2102" value="ⲛⲁ"/>
		<feat xlink:href="#sSpan2103" value="ⲕⲟⲟⲃⲉⲕ"/>
		<feat xlink:href="#sSpan2104" value="ⲛ"/>
		<feat xlink:href="#sSpan2106" value="ⲟⲩ"/>
		<feat xlink:href="#sSpan2108" value="ⲕⲟⲧ"/>
		<feat xlink:href="#sSpan2109" value="ⲃⲱⲕ"/>
		<feat xlink:href="#sSpan2111" value="ⲛⲙⲙⲁ"/>
		<feat xlink:href="#sSpan2113" value="ϥ"/>
		<feat xlink:href="#sSpan2114" value="ⲛ"/>
		<feat xlink:href="#sSpan2116" value="ⲥⲛⲁⲩ"/>
		<feat xlink:href="#sSpan2118" value="."/>
		<feat xlink:href="#sSpan2120" value="ⲡ"/>
		<feat xlink:href="#sSpan2124" value="ⲉⲧ"/>
		<feat xlink:href="#sSpan2125" value="ⲁⲓⲧⲉⲓ"/>
		<feat xlink:href="#sSpan2126" value="ⲙⲙⲟ"/>
		<feat xlink:href="#sSpan2128" value="ⲕ"/>
		<feat xlink:href="#sSpan2129" value="ϯ"/>
		<feat xlink:href="#sSpan2131" value="ⲛⲁ"/>
		<feat xlink:href="#sSpan2132" value="ϥ"/>
		<feat xlink:href="#sSpan2133" value="."/>
		<feat xlink:href="#sSpan2135" value="ⲁⲩⲱ"/>
		<feat xlink:href="#sSpan2137" value="ⲡ"/>
		<feat xlink:href="#sSpan2140" value="ⲉⲧ"/>
		<feat xlink:href="#sSpan2141" value="ⲟⲩⲱϣ"/>
		<feat xlink:href="#sSpan2142" value="ⲉ"/>
		<feat xlink:href="#sSpan2144" value="ϫⲓ"/>
		<feat xlink:href="#sSpan2145" value="ⲛⲧⲟⲟⲧ"/>
		<feat xlink:href="#sSpan2147" value="ⲕ"/>
		<feat xlink:href="#sSpan2148" value="ⲙⲡⲣ"/>
		<feat xlink:href="#sSpan2150" value="ⲕⲧⲟ"/>
		<feat xlink:href="#sSpan2151" value="ϥ"/>
		<feat xlink:href="#sSpan2152" value="ⲛⲥⲁ"/>
		<feat xlink:href="#sSpan2154" value="ⲃⲟⲗ"/>
		<feat xlink:href="#sSpan2155" value="ⲙⲙⲟ"/>
		<feat xlink:href="#sSpan2157" value="ⲕ"/>
		<feat xlink:href="#sSpan2158" value="."/>
		<feat xlink:href="#sSpan2160" value="ⲁ"/>
		<feat xlink:href="#sSpan2163" value="ⲧⲉⲧⲛ"/>
		<feat xlink:href="#sSpan2164" value="ⲥⲱⲧⲙ"/>
		<feat xlink:href="#sSpan2165" value="ϫⲉ"/>
		<feat xlink:href="#sSpan2167" value="ⲁ"/>
		<feat xlink:href="#sSpan2168" value="ⲩ"/>
		<feat xlink:href="#sSpan2169" value="ϫⲟⲟ"/>
		<feat xlink:href="#sSpan2170" value="ⲥ"/>
		<feat xlink:href="#sSpan2171" value="ϫⲉ"/>
		<feat xlink:href="#sSpan2173" value="ⲉⲕⲉ"/>
		<feat xlink:href="#sSpan2174" value="ⲙⲉⲣⲉ"/>
		<feat xlink:href="#sSpan2175" value="ⲡ"/>
		<feat xlink:href="#sSpan2178" value="ⲉⲧ"/>
		<feat xlink:href="#sSpan2179" value="ϩⲓⲧⲟⲩⲱ"/>
		<feat xlink:href="#sSpan2180" value="ⲕ"/>
		<feat xlink:href="#sSpan2181" value="ⲛ"/>
		<feat xlink:href="#sSpan2183" value="ⲅ"/>
		<feat xlink:href="#sSpan2184" value="ⲙⲉⲥⲧⲉ"/>
		<feat xlink:href="#sSpan2185" value="ⲛⲉ"/>
		<feat xlink:href="#sSpan2187" value="ⲕ"/>
		<feat xlink:href="#sSpan2188" value="ϫⲁϫⲉ"/>
		<feat xlink:href="#sSpan2190" value="."/>
		<feat xlink:href="#sSpan2192" value="ⲁⲛⲟⲕ"/>
		<feat xlink:href="#sSpan2195" value="ⲇⲉ"/>
		<feat xlink:href="#sSpan2197" value="ϯ"/>
		<feat xlink:href="#sSpan2199" value="ϫⲱ"/>
		<feat xlink:href="#sSpan2200" value="ⲙⲙⲟ"/>
		<feat xlink:href="#sSpan2202" value="ⲥ"/>
		<feat xlink:href="#sSpan2203" value="ⲛⲏ"/>
		<feat xlink:href="#sSpan2205" value="ⲧⲛ"/>
		<feat xlink:href="#sSpan2206" value="."/>
		<feat xlink:href="#sSpan2208" value="ϫⲉ"/>
		<feat xlink:href="#sSpan2210" value="ⲙⲉⲣⲉ"/>
		<feat xlink:href="#sSpan2211" value="ⲛⲉⲧⲛ"/>
		<feat xlink:href="#sSpan2212" value="ϫⲓⲛϫⲉⲉⲩⲉ"/>
		<feat xlink:href="#sSpan2213" value="."/>
		<feat xlink:href="#sSpan2215" value="ⲛ"/>
		<feat xlink:href="#sSpan2217" value="ⲧⲉⲧⲛ"/>
		<feat xlink:href="#sSpan2218" value="ϣⲗⲏⲗ"/>
		<feat xlink:href="#sSpan2219" value="ⲉϫⲛ"/>
		<feat xlink:href="#sSpan2221" value="ⲛ"/>
		<feat xlink:href="#sSpan2223" value="ⲉⲧ"/>
		<feat xlink:href="#sSpan2224" value="ⲡⲏⲧ"/>
		<feat xlink:href="#sSpan2226" value="ⲛⲥⲁ"/>
		<feat xlink:href="#sSpan2228" value="ⲧⲏⲩⲧⲛ"/>
		<feat xlink:href="#sSpan2229" value="."/>
		<feat xlink:href="#sSpan2231" value="ϫⲉⲕⲁⲁⲥ"/>
		<feat xlink:href="#sSpan2234" value="ⲉⲧⲉⲧⲛⲉ"/>
		<feat xlink:href="#sSpan2236" value="ϣⲱⲡⲉ"/>
		<feat xlink:href="#sSpan2237" value="ⲛ"/>
		<feat xlink:href="#sSpan2239" value="ϣⲏⲣⲉ"/>
		<feat xlink:href="#sSpan2241" value="ⲙ"/>
		<feat xlink:href="#sSpan2243" value="ⲡⲉⲧⲛ"/>
		<feat xlink:href="#sSpan2245" value="ⲉⲓⲱⲧ"/>
		<feat xlink:href="#sSpan2246" value="ⲉⲧ"/>
		<feat xlink:href="#sSpan2248" value="ϩⲛ"/>
		<feat xlink:href="#sSpan2249" value="ⲙ"/>
		<feat xlink:href="#sSpan2251" value="ⲡⲏⲩⲉ"/>
		<feat xlink:href="#sSpan2252" value="."/>
		<feat xlink:href="#sSpan2254" value="ϫⲉ"/>
		<feat xlink:href="#sSpan2256" value="ϥ"/>
		<feat xlink:href="#sSpan2257" value="ⲧⲣⲉ"/>
		<feat xlink:href="#sSpan2258" value="ⲡⲉϥ"/>
		<feat xlink:href="#sSpan2260" value="ⲣⲏ"/>
		<feat xlink:href="#sSpan2261" value="ϣⲁ"/>
		<feat xlink:href="#sSpan2263" value="ⲉϫⲛ"/>
		<feat xlink:href="#sSpan2264" value="ⲛ"/>
		<feat xlink:href="#sSpan2266" value="ⲁⲅⲁⲑⲟⲥ"/>
		<feat xlink:href="#sSpan2267" value="ⲙⲛ"/>
		<feat xlink:href="#sSpan2269" value="ⲙ"/>
		<feat xlink:href="#sSpan2271" value="ⲡⲟⲛⲏⲣⲟⲥ"/>
		<feat xlink:href="#sSpan2272" value="."/>
		<feat xlink:href="#sSpan2274" value="ⲁⲩⲱ"/>
		<feat xlink:href="#sSpan2276" value="ϥ"/>
		<feat xlink:href="#sSpan2278" value="ϩⲱⲟⲩ"/>
		<feat xlink:href="#sSpan2279" value="ⲉϫⲛ"/>
		<feat xlink:href="#sSpan2281" value="ⲛ"/>
		<feat xlink:href="#sSpan2283" value="ⲇⲓⲕⲁⲓⲟⲥ"/>
		<feat xlink:href="#sSpan2284" value="ⲙⲛ"/>
		<feat xlink:href="#sSpan2286" value="ⲛ"/>
		<feat xlink:href="#sSpan2289" value="ⲣⲉϥϫⲓ"/>
		<feat xlink:href="#sSpan2291" value="ⲛ"/>
		<feat xlink:href="#sSpan2293" value="ϭⲟⲛⲥ"/>
		<feat xlink:href="#sSpan2294" value="."/>
		<feat xlink:href="#sSpan2296" value="ⲉⲧⲉⲧⲛϣⲁⲛ"/>
		<feat xlink:href="#sSpan2299" value="ⲙⲉⲣⲉ"/>
		<feat xlink:href="#sSpan2300" value="ⲛ"/>
		<feat xlink:href="#sSpan2303" value="ⲉⲧ"/>
		<feat xlink:href="#sSpan2304" value="ⲙⲉ"/>
		<feat xlink:href="#sSpan2305" value="ⲅⲁⲣ"/>
		<feat xlink:href="#sSpan2307" value="ⲙⲙⲱ"/>
		<feat xlink:href="#sSpan2309" value="ⲧⲛ"/>
		<feat xlink:href="#sSpan2310" value="ⲁϣ"/>
		<feat xlink:href="#sSpan2312" value="ⲡⲉ"/>
		<feat xlink:href="#sSpan2314" value="ⲡⲉⲧⲛ"/>
		<feat xlink:href="#sSpan2317" value="ⲃⲉⲕⲉ"/>
		<feat xlink:href="#sSpan2318" value="ⲉⲧⲉⲩⲛⲧⲏⲧⲛ"/>
		<feat xlink:href="#sSpan2320" value="ϥ"/>
		<feat xlink:href="#sSpan2321" value="."/>
		<feat xlink:href="#sSpan2323" value="ⲛ"/>
		<feat xlink:href="#sSpan2325" value="ⲧⲉⲗⲱⲛⲏⲥ"/>
		<feat xlink:href="#sSpan2327" value="ⲛⲧⲟⲟⲩ"/>
		<feat xlink:href="#sSpan2329" value="ⲉⲓⲣⲉ"/>
		<feat xlink:href="#sSpan2331" value="ⲁⲛ"/>
		<feat xlink:href="#sSpan2333" value="ⲛ"/>
		<feat xlink:href="#sSpan2335" value="ⲧⲉⲓ"/>
		<feat xlink:href="#sSpan2336" value="ϩⲉ"/>
		<feat xlink:href="#sSpan2337" value="."/>
		<feat xlink:href="#sSpan2339" value="ⲁⲩⲱ"/>
		<feat xlink:href="#sSpan2342" value="ⲉⲧⲉⲧⲛϣⲁⲛ"/>
		<feat xlink:href="#sSpan2344" value="ⲁⲥⲡⲁⲍⲉ"/>
		<feat xlink:href="#sSpan2345" value="ⲛ"/>
		<feat xlink:href="#sSpan2347" value="ⲛⲉⲧⲛ"/>
		<feat xlink:href="#sSpan2348" value="ⲉⲣⲏⲩ"/>
		<feat xlink:href="#sSpan2349" value="ⲙⲙⲁⲧⲉ"/>
		<feat xlink:href="#sSpan2351" value="ⲟⲩ"/>
		<feat xlink:href="#sSpan2353" value="ⲡⲉ"/>
		<feat xlink:href="#sSpan2355" value="ⲡⲉ"/>
		<feat xlink:href="#sSpan2357" value="ϩⲟⲩⲟ"/>
		<feat xlink:href="#sSpan2358" value="ⲉⲧⲉⲧⲛⲉ"/>
		<feat xlink:href="#sSpan2360" value="ⲓⲣⲉ"/>
		<feat xlink:href="#sSpan2361" value="ⲙⲙⲟ"/>
		<feat xlink:href="#sSpan2363" value="ϥ"/>
		<feat xlink:href="#sSpan2364" value="."/>
		<feat xlink:href="#sSpan2366" value="ⲛ"/>
		<feat xlink:href="#sSpan2368" value="ⲕⲉ"/>
		<feat xlink:href="#sSpan2370" value="ϩⲉⲑⲛⲟⲥ"/>
		<feat xlink:href="#sSpan2371" value="ⲛⲧⲟⲟⲩ"/>
		<feat xlink:href="#sSpan2373" value="ⲉⲓⲣⲉ"/>
		<feat xlink:href="#sSpan2375" value="ⲁⲛ"/>
		<feat xlink:href="#sSpan2377" value="ⲙ"/>
		<feat xlink:href="#sSpan2379" value="ⲡⲁⲓ"/>
		<feat xlink:href="#sSpan2381" value="."/>
		<feat xlink:href="#sSpan2383" value="ϣⲱⲡⲉ"/>
		<feat xlink:href="#sSpan2386" value="ϭⲉ"/>
		<feat xlink:href="#sSpan2388" value="ⲛⲧⲱⲧⲛ"/>
		<feat xlink:href="#sSpan2390" value="ⲛⲧⲉⲗⲓⲟⲥ"/>
		<feat xlink:href="#sSpan2392" value="ⲛ"/>
		<feat xlink:href="#sSpan2394" value="ⲧ"/>
		<feat xlink:href="#sSpan2395" value="ϩⲉ"/>
		<feat xlink:href="#sSpan2396" value="ⲙ"/>
		<feat xlink:href="#sSpan2398" value="ⲡⲉⲧⲛ"/>
		<feat xlink:href="#sSpan2400" value="ⲉⲓⲱⲧ"/>
		<feat xlink:href="#sSpan2401" value="ⲉⲧ"/>
		<feat xlink:href="#sSpan2403" value="ϩⲛ"/>
		<feat xlink:href="#sSpan2404" value="ⲙ"/>
		<feat xlink:href="#sSpan2406" value="ⲡⲏⲩⲉⲉⲩⲧⲉⲗⲓⲟⲥ"/>
		<feat xlink:href="#sSpan2407" value="ⲡⲉ"/>
		<feat xlink:href="#sSpan2409" value="."/></featList></paula>