<?xml version='1.0' encoding='UTF-8'?><!DOCTYPE paula SYSTEM "paula_feat.dtd">
<paula version="1.1">
	<header paula_id="scriptorium.40_Matthew_05.mark_text"/>
	<featList xmlns:xlink="http://www.w3.org/1999/xlink" type="text" xml:base="scriptorium.40_Matthew_05.mark.xml">
		<feat xlink:href="#sSpan11" value="ⲙ ⲙⲏⲏϣⲉ"/>
		<feat xlink:href="#sSpan23" value="ⲡ ⲧⲟⲟⲩ"/>
		<feat xlink:href="#sSpan45" value="ⲛⲉϥ ⲙⲁⲑⲏⲧⲏⲥ"/>
		<feat xlink:href="#sSpan57" value="ⲣⲱ ϥ"/>
		<feat xlink:href="#sSpan85" value="ⲛ ϩⲏⲕⲉ"/>
		<feat xlink:href="#sSpan90" value="ⲡⲉ ⲡⲛⲉⲩⲙⲁ"/>
		<feat xlink:href="#sSpan100" value="ⲧ ⲙⲛⲧⲣⲣⲟ ⲛ ⲙ ⲡⲏⲩⲉ"/>
		<feat xlink:href="#sSpan107" value="ⲙ ⲡⲏⲩⲉ"/>
		<feat xlink:href="#sSpan118" value="ⲛ ⲉⲧ ⲣϩⲃⲃⲉ"/>
		<feat xlink:href="#sSpan126" value="ⲛ ⲧⲟⲟⲩ"/>
		<feat xlink:href="#sSpan129" value="ⲛ ⲉⲧ ⲟⲩ ⲛⲁⲥⲡⲥⲱⲡ ⲟⲩ"/>
		<feat xlink:href="#sSpan144" value="ⲛ ⲣⲙⲣⲁϣ"/>
		<feat xlink:href="#sSpan151" value="ⲛ ⲧⲟⲟⲩ"/>
		<feat xlink:href="#sSpan161" value="ⲡ ⲕⲁϩ"/>
		<feat xlink:href="#sSpan172" value="ⲛ ⲉⲧ ϩⲕⲁⲉⲓⲧ ⲉⲧ ⲟⲃⲉ ⲛ ⲧ ⲇⲓⲕⲁⲓⲟⲥⲩⲛⲏ"/>
		<feat xlink:href="#sSpan181" value="ⲧ ⲇⲓⲕⲁⲓⲟⲥⲩⲛⲏ"/>
		<feat xlink:href="#sSpan186" value="ⲛ ⲧⲟⲟⲩ"/>
		<feat xlink:href="#sSpan202" value="ⲛ ⲛⲁϩⲏⲧ"/>
		<feat xlink:href="#sSpan207" value="ⲛ ⲧⲟⲟⲩ"/>
		<feat xlink:href="#sSpan211" value="ⲛ ⲉⲧ ⲟⲩ ⲛⲁⲛⲁ ⲛⲁ ⲩ"/>
		<feat xlink:href="#sSpan227" value="ⲛ ⲉⲧ ⲟⲩⲁⲁⲃ"/>
		<feat xlink:href="#sSpan233" value="ⲡⲉⲩ ϩⲏⲧ"/>
		<feat xlink:href="#sSpan238" value="ⲛ ⲧⲟⲟⲩ"/>
		<feat xlink:href="#sSpan248" value="ⲡ ⲛⲟⲩⲧⲉ"/>
		<feat xlink:href="#sSpan259" value="ⲛ ⲣⲉϥⲣⲉⲓⲣⲏⲛⲏ"/>
		<feat xlink:href="#sSpan267" value="ⲛ ⲧⲟⲟⲩ"/>
		<feat xlink:href="#sSpan271" value="ⲛ ⲉⲧ ⲟⲩ ⲛⲁ ⲙⲟⲩⲧⲉ ⲉⲣⲟ ⲟⲩ"/>
		<feat xlink:href="#sSpan282" value="ⲛ ϣⲏⲣⲉ ⲙ ⲡ ⲛⲟⲩⲧⲉ"/>
		<feat xlink:href="#sSpan287" value="ⲡ ⲛⲟⲩⲧⲉ"/>
		<feat xlink:href="#sSpan308" value="ⲧ ⲇⲓⲕⲁⲓⲟⲥⲩⲛⲏ"/>
		<feat xlink:href="#sSpan318" value="ⲧ ⲙⲛⲧⲣⲣⲟ ⲛ ⲙ ⲡⲏⲩⲉ"/>
		<feat xlink:href="#sSpan325" value="ⲙ ⲡⲏⲩⲉ"/>
		<feat xlink:href="#sSpan354" value="ϩⲱⲃ ⲛⲓⲙ ⲉⲧ ϩⲟⲟⲩ"/>
		<feat xlink:href="#sSpan388" value="ⲡⲉⲧⲛ ⲃⲉⲕⲉ"/>
		<feat xlink:href="#sSpan399" value="ⲙ ⲡⲏⲩⲉ"/>
		<feat xlink:href="#sSpan404" value="ⲧⲁⲓ"/>
		<feat xlink:href="#sSpan422" value="ⲛⲉ ⲡⲣⲟⲫⲏⲧⲏⲥ ⲉⲧ ϩⲁⲧⲉⲧⲛ ϩⲏ"/>
		<feat xlink:href="#sSpan428" value="ϩⲏ"/>
		<feat xlink:href="#sSpan438" value="ⲡⲉ ϩⲙⲟⲩ ⲙ ⲡ ⲕⲁϩ"/>
		<feat xlink:href="#sSpan443" value="ⲡ ⲕⲁϩ"/>
		<feat xlink:href="#sSpan448" value="ⲡⲉ ϩⲙⲟⲩ"/>
		<feat xlink:href="#sSpan474" value="ⲗⲁⲁⲩ"/>
		<feat xlink:href="#sSpan489" value="ⲛⲉ ⲣⲱⲙⲉ"/>
		<feat xlink:href="#sSpan500" value="ⲡ ⲟⲩⲟⲉⲓⲛ ⲙ ⲡ ⲕⲟⲥⲙⲟⲥ"/>
		<feat xlink:href="#sSpan505" value="ⲡ ⲕⲟⲥⲙⲟⲥ"/>
		<feat xlink:href="#sSpan517" value="ⲟⲩ ⲡⲟⲗⲓⲥ"/>
		<feat xlink:href="#sSpan532" value="ⲟⲩ ⲧⲟⲟⲩ"/>
		<feat xlink:href="#sSpan544" value="ⲟⲩ ϩⲏⲃⲥ"/>
		<feat xlink:href="#sSpan554" value="ⲟⲩ ϣⲓ"/>
		<feat xlink:href="#sSpan569" value="ⲧ ⲗⲩⲭⲛⲓⲁ"/>
		<feat xlink:href="#sSpan580" value="ⲛ ⲉⲧ ϣⲟⲟⲡ ⲧⲏⲣ ⲟⲩ ϩⲙ ⲡ ⲏⲓ"/>
		<feat xlink:href="#sSpan589" value="ⲡ ⲏⲓ"/>
		<feat xlink:href="#sSpan594" value="ⲧⲁⲓ"/>
		<feat xlink:href="#sSpan611" value="ⲡ ⲧⲉⲧⲛ ⲟⲩⲟⲉⲛ ⲙ ⲡⲉ ⲙⲧⲟ ⲉⲃⲟⲗ ⲛ ⲛⲉ ⲣⲱⲙⲉ"/>
		<feat xlink:href="#sSpan617" value="ⲡⲉ ⲙⲧⲟ ⲉⲃⲟⲗ ⲛ ⲛⲉ ⲣⲱⲙⲉ"/>
		<feat xlink:href="#sSpan624" value="ⲛⲉ ⲣⲱⲙⲉ"/>
		<feat xlink:href="#sSpan634" value="ⲛⲉⲧⲛ ϩⲃⲏⲩⲉ ⲉⲧ ⲛⲁⲛⲟⲩ ⲟⲩ"/>
		<feat xlink:href="#sSpan649" value="ⲡⲉⲧⲛ ⲉⲓⲱⲧ ⲉⲧ ϩⲛ ⲙ ⲡⲏⲩⲉ"/>
		<feat xlink:href="#sSpan655" value="ⲙ ⲡⲏⲩⲉ"/>
		<feat xlink:href="#sSpan676" value="ⲡ ⲛⲟⲙⲟⲥ ⲏ ⲛⲉ ⲡⲣⲟⲫⲏⲧⲏⲥ . ⲛⲧ ⲁ ⲓ ⲉⲓ ⲁⲛ ⲉ ⲕⲁⲧⲁⲗⲩ ⲙⲙⲟ ⲟⲩ ⲁⲗⲗⲁ ⲉ ϫⲱⲕ ⲟⲩ ⲉⲃⲟⲗ"/>
		<feat xlink:href="#sSpan681" value="ⲛⲉ ⲡⲣⲟⲫⲏⲧⲏⲥ"/>
		<feat xlink:href="#sSpan728" value="ⲧ ⲡⲉ"/>
		<feat xlink:href="#sSpan735" value="ⲡ ⲕⲁϩ"/>
		<feat xlink:href="#sSpan739" value="ⲟⲩ ⲓⲱⲧⲁ ⲛ ⲟⲩⲱⲧ"/>
		<feat xlink:href="#sSpan749" value="ⲟⲩ ϣⲱⲗϩ ⲛ ⲟⲩⲱⲧ ⲛ ⲛⲉⲩ ⲥⲉⲓⲛⲉ ⲉⲃⲟⲗ ϩⲙ ⲡ ⲛⲟⲙⲟⲥ"/>
		<feat xlink:href="#sSpan757" value="ⲛⲉⲩ ⲥⲉⲓⲛⲉ ⲉⲃⲟⲗ ϩⲙ ⲡ ⲛⲟⲙⲟⲥ"/>
		<feat xlink:href="#sSpan765" value="ⲡ ⲛⲟⲙⲟⲥ"/>
		<feat xlink:href="#sSpan778" value="ⲡ ⲉⲧ ⲛⲁ ⲃⲱⲗ ϭⲉ ⲉⲃⲟⲗ ⲛ ⲟⲩⲉⲓ ⲛ ⲛⲉⲓ ⲉⲛⲧⲟⲗⲏ ⲉⲧ ⲥⲟⲃⲕ"/>
		<feat xlink:href="#sSpan790" value="ⲟⲩⲉⲓ ⲛ ⲛⲉⲓ ⲉⲛⲧⲟⲗⲏ ⲉⲧ ⲥⲟⲃⲕ"/>
		<feat xlink:href="#sSpan794" value="ⲛⲉⲓ ⲉⲛⲧⲟⲗⲏ ⲉⲧ ⲥⲟⲃⲕ"/>
		<feat xlink:href="#sSpan808" value="ⲛ ⲣⲱⲙⲉ ⲛ ⲧⲉⲓ ϩⲉ"/>
		<feat xlink:href="#sSpan824" value="ⲡ ⲉⲗⲁⲭⲓⲥⲧⲟⲥ"/>
		<feat xlink:href="#sSpan829" value="ⲧ ⲙⲛⲧⲣⲣⲟ ⲛ ⲙ ⲡⲏⲩⲉ"/>
		<feat xlink:href="#sSpan836" value="ⲙ ⲡⲏⲩⲉ"/>
		<feat xlink:href="#sSpan839" value="ⲡⲉⲧ"/>
		<feat xlink:href="#sSpan858" value="ⲡⲁⲓ"/>
		<feat xlink:href="#sSpan870" value="ⲡ ⲛⲟϭ"/>
		<feat xlink:href="#sSpan875" value="ⲧ ⲙⲛⲧⲣⲣⲟ ⲙ ⲡ ⲛⲟⲩⲧⲉ"/>
		<feat xlink:href="#sSpan882" value="ⲡ ⲛⲟⲩⲧⲉ"/>
		<feat xlink:href="#sSpan910" value="ⲧⲉⲧⲛ ⲇⲓⲕⲁⲓⲟⲥⲩⲛⲏ ⲛ ϩⲟⲩⲟ"/>
		<feat xlink:href="#sSpan919" value="ⲛⲉ ⲅⲣⲁⲙⲙⲁⲧⲉⲩⲥ"/>
		<feat xlink:href="#sSpan925" value="ⲛⲉ ⲫⲁⲣⲓⲥⲥⲁⲓⲟⲥ"/>
		<feat xlink:href="#sSpan938" value="ⲧ ⲙⲛⲧⲣⲣⲟ ⲛ ⲙ ⲡⲏⲩⲉ"/>
		<feat xlink:href="#sSpan945" value="ⲙ ⲡⲏⲩⲉ"/>
		<feat xlink:href="#sSpan963" value="ⲛ ⲁⲣⲭⲁⲓⲟⲥ"/>
		<feat xlink:href="#sSpan969" value="ⲛⲉⲕ ϩⲱⲧⲃ"/>
		<feat xlink:href="#sSpan974" value="ⲡ ⲉⲧ ⲛⲁ ϩⲱⲧⲃ"/>
		<feat xlink:href="#sSpan988" value="ⲉⲛⲟⲭⲟⲥ"/>
		<feat xlink:href="#sSpan992" value="ⲧⲉ ⲕⲣⲓⲥⲓⲥ"/>
		<feat xlink:href="#sSpan1014" value="ⲟⲩⲟⲛ ⲛⲓⲙ ⲉⲧ ⲛⲁ ⲛⲟⲩϭⲥ ⲉ ⲡⲉϥ ⲥⲟⲛ ⲉⲓⲕⲏ ϥ ⲟ ⲛ ⲉⲛⲟⲭⲟⲥ ⲉ ⲧⲉ ⲕⲣⲓⲥⲓⲥ . ⲡ ⲉⲧ ⲛⲁ ϫⲟⲟ ⲥ ⲙ ⲡⲉϥ ⲥⲟⲛ ϫⲉ ⲕ ϣⲟⲩⲉⲓⲧ ϥ ⲟ ⲛ ⲉⲛⲟⲭⲟⲥ ⲉ ⲡ ⲥⲩⲛϩⲉⲇⲣⲓⲟⲛ . ⲡ ⲉⲧ ⲛⲁ ϫⲟⲟ ⲥ"/>
		<feat xlink:href="#sSpan1024" value="ⲡⲉϥ ⲥⲟⲛ"/>
		<feat xlink:href="#sSpan1035" value="ⲉⲛⲟⲭⲟⲥ ⲉ ⲧⲉ ⲕⲣⲓⲥⲓⲥ"/>
		<feat xlink:href="#sSpan1039" value="ⲧⲉ ⲕⲣⲓⲥⲓⲥ"/>
		<feat xlink:href="#sSpan1052" value="ⲡⲉϥ ⲥⲟⲛ"/>
		<feat xlink:href="#sSpan1065" value="ⲉⲛⲟⲭⲟⲥ"/>
		<feat xlink:href="#sSpan1069" value="ⲡ ⲥⲩⲛϩⲉⲇⲣⲓⲟⲛ"/>
		<feat xlink:href="#sSpan1082" value="ⲡ ⲥⲟϭ"/>
		<feat xlink:href="#sSpan1091" value="ⲉⲛⲟⲭⲟⲥ"/>
		<feat xlink:href="#sSpan1095" value="ⲧ ⲅⲉϩⲉⲛⲛⲁ ⲛ ⲥⲁⲧⲉ"/>
		<feat xlink:href="#sSpan1100" value="ⲥⲁⲧⲉ"/>
		<feat xlink:href="#sSpan1120" value="ⲡⲉⲕ ⲇⲱⲣⲟⲛ"/>
		<feat xlink:href="#sSpan1127" value="ⲡⲉ ⲑⲩⲥⲓⲁⲥⲧⲏⲣⲓⲟⲛ"/>
		<feat xlink:href="#sSpan1140" value="ⲡ ⲙⲁ ⲉⲧ ⲙⲙⲁⲩ"/>
		<feat xlink:href="#sSpan1149" value="ⲡⲉⲕ ⲥⲟⲛ"/>
		<feat xlink:href="#sSpan1152" value="ⲟⲩ ϩⲱⲃ"/>
		<feat xlink:href="#sSpan1168" value="ⲡ ⲙⲁ ⲉⲧ ⲙⲙⲁⲩ"/>
		<feat xlink:href="#sSpan1176" value="ⲡⲉⲕ ⲇⲱⲣⲟⲛ"/>
		<feat xlink:href="#sSpan1181" value="ⲧ ϩⲏ ⲙ ⲡⲉ ⲑⲩⲥⲓⲁⲥⲧⲏⲣⲓⲟⲛ"/>
		<feat xlink:href="#sSpan1186" value="ⲡⲉ ⲑⲩⲥⲓⲁⲥⲧⲏⲣⲓⲟⲛ"/>
		<feat xlink:href="#sSpan1202" value="ⲡⲉⲕ ⲥⲟⲛ"/>
		<feat xlink:href="#sSpan1223" value="ⲡⲉⲕ ⲇⲱⲣⲟⲛ"/>
		<feat xlink:href="#sSpan1240" value="ⲡ ⲉⲧ ϫⲓϩⲁⲡ ⲛⲙⲙⲁ ⲕ ϩⲛ ⲟⲩ ϭⲉⲡⲏ ⲉ ⲛ ϩⲟⲥⲟⲛ"/>
		<feat xlink:href="#sSpan1265" value="ⲧⲉ ϩⲓⲏ"/>
		<feat xlink:href="#sSpan1272" value="ⲡ ⲉⲧ ϫⲓϩⲁⲡ ⲛⲙⲙⲁ ⲕ"/>
		<feat xlink:href="#sSpan1289" value="ⲡ ⲣⲉϥϯϩⲁⲡ ⲛⲧⲉ ⲡ ⲣⲉϥϯϩⲁⲡ"/>
		<feat xlink:href="#sSpan1297" value="ⲡ ⲣⲉϥϯϩⲁⲡ"/>
		<feat xlink:href="#sSpan1311" value="ⲡ ϩⲩⲡⲉⲣⲉⲧⲏⲥ"/>
		<feat xlink:href="#sSpan1321" value="ⲡⲉ ϣⲧⲉⲕⲟ"/>
		<feat xlink:href="#sSpan1348" value="ⲡ ⲙⲁ ⲉⲧ ⲙⲙⲁⲩ"/>
		<feat xlink:href="#sSpan1360" value="ⲡ ϩⲁⲉ ⲛ ⲕⲟⲛⲇⲣⲁⲛⲧⲏⲥ"/>
		<feat xlink:href="#sSpan1365" value="ⲕⲟⲛⲇⲣⲁⲛⲧⲏⲥ"/>
		<feat xlink:href="#sSpan1406" value="ⲟⲩⲟⲛ ⲛⲓⲙ ⲉⲧ ⲛⲁ ϭⲱϣⲧ ⲛⲥⲁ ⲟⲩ ⲥϩⲓⲙⲉ ⲉ ⲉⲡⲓⲑⲩⲙⲉⲓ ⲉⲣⲟ ⲥ"/>
		<feat xlink:href="#sSpan1416" value="ⲟⲩ ⲥϩⲓⲙⲉ"/>
		<feat xlink:href="#sSpan1442" value="ⲡⲉϥ ϩⲏⲧ"/>
		<feat xlink:href="#sSpan1451" value="ⲡⲉⲕ ⲃⲁⲗ ⲇⲉ ⲛ ⲟⲩⲛⲁⲙ"/>
		<feat xlink:href="#sSpan1456" value="ⲛ ⲟⲩⲛⲁⲙ"/>
		<feat xlink:href="#sSpan1499" value="ⲟⲩⲁ ⲛ ⲛⲉⲕ ⲙⲉⲗⲟⲥ"/>
		<feat xlink:href="#sSpan1503" value="ⲛⲉⲕ ⲙⲉⲗⲟⲥ"/>
		<feat xlink:href="#sSpan1514" value="ⲡⲉⲕ ⲥⲱⲙⲁ ⲧⲏⲣ ϥ"/>
		<feat xlink:href="#sSpan1522" value="ⲧ ⲅⲉϩⲉⲛⲛⲁ ⲛ ⲥⲁⲧⲉ"/>
		<feat xlink:href="#sSpan1527" value="ⲥⲁⲧⲉ"/>
		<feat xlink:href="#sSpan1537" value="ⲧⲉⲕ ϭⲓϫ ⲛ ⲟⲩⲛⲁⲙ"/>
		<feat xlink:href="#sSpan1542" value="ⲟⲩⲛⲁⲙ"/>
		<feat xlink:href="#sSpan1583" value="ⲟⲩⲁ ⲛ ⲛⲉⲕ ⲙⲉⲗⲟⲥ"/>
		<feat xlink:href="#sSpan1587" value="ⲛⲉⲕ ⲙⲉⲗⲟⲥ"/>
		<feat xlink:href="#sSpan1600" value="ⲡⲉⲕ ⲥⲱⲙⲁ ⲧⲏⲣ ϥ"/>
		<feat xlink:href="#sSpan1608" value="ⲧ ⲅⲉϩⲉⲛⲛⲁ"/>
		<feat xlink:href="#sSpan1623" value="ⲡ ⲉⲧ ⲛⲁ ⲛⲟⲩϫⲉ ⲉⲃⲟⲗ ⲛ ⲧⲉϥ ⲥϩⲓⲙⲉ"/>
		<feat xlink:href="#sSpan1633" value="ⲧⲉϥ ⲥϩⲓⲙⲉ"/>
		<feat xlink:href="#sSpan1645" value="ⲟⲩ ϫⲱⲱⲙⲉ ⲛ ⲧⲟⲩⲉⲓⲟ"/>
		<feat xlink:href="#sSpan1650" value="ⲧⲟⲩⲉⲓⲟ"/>
		<feat xlink:href="#sSpan1670" value="ⲡ ⲉⲧ ⲛⲁ ⲛⲟⲩϫⲉ ⲉⲃⲟⲗ ⲛ ⲧⲉϥ ⲥϩⲓⲙⲉ ⲁϫⲛ ϣⲁϫⲉ ⲙ ⲡⲟⲣⲛⲉⲓⲁ"/>
		<feat xlink:href="#sSpan1680" value="ⲧⲉϥ ⲥϩⲓⲙⲉ"/>
		<feat xlink:href="#sSpan1685" value="ϣⲁϫⲉ ⲙ ⲡⲟⲣⲛⲉⲓⲁ"/>
		<feat xlink:href="#sSpan1689" value="ⲡⲟⲣⲛⲉⲓⲁ"/>
		<feat xlink:href="#sSpan1709" value="ⲡ ⲉⲧ ⲛⲁ ϩⲙⲟⲟⲥ ⲙⲛ ⲟⲩⲉⲓ ⲉ ⲁ ⲡⲉ ⲥϩⲁⲓ ⲛⲟϫ ⲥ"/>
		<feat xlink:href="#sSpan1716" value="ⲟⲩⲉⲓ"/>
		<feat xlink:href="#sSpan1721" value="ⲡⲉ ⲥϩⲁⲓ"/>
		<feat xlink:href="#sSpan1735" value="ⲛⲟⲉⲓⲕ"/>
		<feat xlink:href="#sSpan1754" value="ⲛ ⲁⲣⲭⲁⲓⲟⲥ"/>
		<feat xlink:href="#sSpan1764" value="ⲛⲟⲩϫ"/>
		<feat xlink:href="#sSpan1773" value="ⲛⲉⲕ ⲁⲛⲁⲩϣ ⲙ ⲡ ϫⲟⲉⲓⲥ"/>
		<feat xlink:href="#sSpan1778" value="ⲡ ϫⲟⲉⲓⲥ"/>
		<feat xlink:href="#sSpan1803" value="ⲗⲁⲁⲩ"/>
		<feat xlink:href="#sSpan1810" value="ⲧ ⲡⲉ"/>
		<feat xlink:href="#sSpan1815" value="ⲡⲉ ⲑⲣⲟⲛⲟⲥ ⲙ ⲡ ⲛⲟⲩⲧⲉ"/>
		<feat xlink:href="#sSpan1820" value="ⲡ ⲛⲟⲩⲧⲉ"/>
		<feat xlink:href="#sSpan1835" value="ⲡ ⲕⲁϩ"/>
		<feat xlink:href="#sSpan1840" value="ⲡ ϩⲩⲡⲟⲡⲟⲇⲓⲟⲛ ⲛ ⲛⲉϥ ⲟⲩⲉⲣⲏⲧⲉ"/>
		<feat xlink:href="#sSpan1845" value="ⲛⲉϥ ⲟⲩⲉⲣⲏⲧⲉ"/>
		<feat xlink:href="#sSpan1857" value="ⲧ ϩⲓⲉⲣⲟⲩⲥⲁⲗⲏⲙ"/>
		<feat xlink:href="#sSpan1862" value="ⲧ ⲡⲟⲗⲓⲥ ⲙ ⲡ ⲛⲟϭ ⲛ ⲣⲣⲟ"/>
		<feat xlink:href="#sSpan1867" value="ⲡ ⲛⲟϭ ⲛ ⲣⲣⲟ"/>
		<feat xlink:href="#sSpan1885" value="ⲧⲉⲕ ⲁⲡⲉ"/>
		<feat xlink:href="#sSpan1900" value="ⲟⲩ ⲃⲱ ⲛ ⲟⲩⲱⲧ"/>
		<feat xlink:href="#sSpan1918" value="ⲡⲉⲧⲛ ϣⲁϫⲉ"/>
		<feat xlink:href="#sSpan1946" value="ⲛⲁⲓ"/>
		<feat xlink:href="#sSpan1949" value="ⲟⲩ ⲉⲃⲟⲗ ϩⲙ ⲡ ⲡⲟⲛⲏⲣⲟⲥ"/>
		<feat xlink:href="#sSpan1974" value="ⲟⲩ ⲃⲁⲗ ⲉ ⲡ ⲙⲁ"/>
		<feat xlink:href="#sSpan1979" value="ⲡ ⲙⲁ"/>
		<feat xlink:href="#sSpan1982" value="ⲛⲟⲩ ⲃⲁⲗ"/>
		<feat xlink:href="#sSpan1990" value="ⲡ ⲙⲁ ⲛ ⲟⲩⲟϩⲃⲉ"/>
		<feat xlink:href="#sSpan1995" value="ⲟⲩⲟϩⲃⲉ"/>
		<feat xlink:href="#sSpan2021" value="ⲡ ⲡⲉⲧϩⲟⲟⲩ"/>
		<feat xlink:href="#sSpan2037" value="ⲧⲉⲕ ⲟⲩⲟϭⲉ ⲛ ⲟⲩⲛⲁⲙ"/>
		<feat xlink:href="#sSpan2042" value="ⲟⲩⲛⲁⲙ"/>
		<feat xlink:href="#sSpan2051" value="ⲧ ⲕⲉⲧⲉ"/>
		<feat xlink:href="#sSpan2060" value="ⲡ ⲉⲧ ⲟⲩⲱϣ ⲉ ϫⲓϩⲁⲡ ⲛⲙⲙⲁ ⲕ"/>
		<feat xlink:href="#sSpan2079" value="ⲧⲉⲕ ϣⲧⲏⲛ"/>
		<feat xlink:href="#sSpan2092" value="ⲡⲉⲕ ⲕⲉ ϩⲟⲓⲧⲉ"/>
		<feat xlink:href="#sSpan2099" value="ⲡ ⲉⲧ ⲛⲁ ⲕⲟⲟⲃⲉⲕ ⲛ ⲟⲩ ⲕⲟⲧ"/>
		<feat xlink:href="#sSpan2107" value="ⲟⲩ ⲕⲟⲧ"/>
		<feat xlink:href="#sSpan2117" value="ⲥⲛⲁⲩ"/>
		<feat xlink:href="#sSpan2122" value="ⲡ ⲉⲧ ⲁⲓⲧⲉⲓ ⲙⲙⲟ ⲕ"/>
		<feat xlink:href="#sSpan2139" value="ⲡ ⲉⲧ ⲟⲩⲱϣ ⲉ ϫⲓ ⲛⲧⲟⲟⲧ ⲕ"/>
		<feat xlink:href="#sSpan2176" value="ⲡ ⲉⲧ ϩⲓⲧⲟⲩⲱ ⲕ"/>
		<feat xlink:href="#sSpan2189" value="ϫⲁϫⲉ"/>
		<feat xlink:href="#sSpan2222" value="ⲛ ⲉⲧ ⲡⲏⲧ ⲛⲥⲁ ⲧⲏⲩⲧⲛ"/>
		<feat xlink:href="#sSpan2240" value="ϣⲏⲣⲉ ⲙ ⲡⲉⲧⲛ ⲉⲓⲱⲧ ⲉⲧ ϩⲛ ⲙ ⲡⲏⲩⲉ"/>
		<feat xlink:href="#sSpan2244" value="ⲡⲉⲧⲛ ⲉⲓⲱⲧ ⲉⲧ ϩⲛ ⲙ ⲡⲏⲩⲉ"/>
		<feat xlink:href="#sSpan2250" value="ⲙ ⲡⲏⲩⲉ"/>
		<feat xlink:href="#sSpan2259" value="ⲡⲉϥ ⲣⲏ"/>
		<feat xlink:href="#sSpan2265" value="ⲛ ⲁⲅⲁⲑⲟⲥ"/>
		<feat xlink:href="#sSpan2270" value="ⲙ ⲡⲟⲛⲏⲣⲟⲥ"/>
		<feat xlink:href="#sSpan2282" value="ⲛ ⲇⲓⲕⲁⲓⲟⲥ"/>
		<feat xlink:href="#sSpan2287" value="ⲛ ⲣⲉϥϫⲓ ⲛ ϭⲟⲛⲥ"/>
		<feat xlink:href="#sSpan2302" value="ⲛ ⲉⲧ ⲙⲉ ⲅⲁⲣ ⲙⲙⲱ ⲧⲛ"/>
		<feat xlink:href="#sSpan2315" value="ⲡⲉⲧⲛ ⲃⲉⲕⲉ"/>
		<feat xlink:href="#sSpan2326" value="ⲧⲉⲗⲱⲛⲏⲥ"/>
		<feat xlink:href="#sSpan2369" value="ⲕⲉ ϩⲉⲑⲛⲟⲥ"/>
		<feat xlink:href="#sSpan2380" value="ⲡⲁⲓ"/>
		<feat xlink:href="#sSpan2399" value="ⲡⲉⲧⲛ ⲉⲓⲱⲧ ⲉⲧ ϩⲛ ⲙ ⲡⲏⲩⲉⲉⲩⲧⲉⲗⲓⲟⲥ ⲡⲉ"/>
		<feat xlink:href="#sSpan2405" value="ⲙ ⲡⲏⲩⲉⲉⲩⲧⲉⲗⲓⲟⲥ"/></featList></paula>