<?xml version='1.0' encoding='UTF-8'?><!DOCTYPE paula SYSTEM "paula_feat.dtd">
<paula version="1.1">
	<header paula_id="scriptorium.40_Matthew_05.mark_verse_n"/>
	<featList xmlns:xlink="http://www.w3.org/1999/xlink" type="verse_n" xml:base="scriptorium.40_Matthew_05.mark.xml">
		<feat xlink:href="#sSpan3" value="1"/>
		<feat xlink:href="#sSpan51" value="2"/>
		<feat xlink:href="#sSpan79" value="3"/>
		<feat xlink:href="#sSpan113" value="4"/>
		<feat xlink:href="#sSpan139" value="5"/>
		<feat xlink:href="#sSpan167" value="6"/>
		<feat xlink:href="#sSpan197" value="7"/>
		<feat xlink:href="#sSpan222" value="8"/>
		<feat xlink:href="#sSpan254" value="9"/>
		<feat xlink:href="#sSpan293" value="10"/>
		<feat xlink:href="#sSpan331" value="11"/>
		<feat xlink:href="#sSpan380" value="12"/>
		<feat xlink:href="#sSpan433" value="13"/>
		<feat xlink:href="#sSpan495" value="14"/>
		<feat xlink:href="#sSpan538" value="15"/>
		<feat xlink:href="#sSpan596" value="16"/>
		<feat xlink:href="#sSpan661" value="17"/>
		<feat xlink:href="#sSpan710" value="18"/>
		<feat xlink:href="#sSpan779" value="19"/>
		<feat xlink:href="#sSpan888" value="20"/>
		<feat xlink:href="#sSpan951" value="21"/>
		<feat xlink:href="#sSpan998" value="22"/>
		<feat xlink:href="#sSpan1105" value="23"/>
		<feat xlink:href="#sSpan1164" value="24"/>
		<feat xlink:href="#sSpan1229" value="25"/>
		<feat xlink:href="#sSpan1327" value="26"/>
		<feat xlink:href="#sSpan1370" value="27"/>
		<feat xlink:href="#sSpan1390" value="28"/>
		<feat xlink:href="#sSpan1448" value="29"/>
		<feat xlink:href="#sSpan1532" value="30"/>
		<feat xlink:href="#sSpan1614" value="31"/>
		<feat xlink:href="#sSpan1655" value="32"/>
		<feat xlink:href="#sSpan1740" value="33"/>
		<feat xlink:href="#sSpan1784" value="34"/>
		<feat xlink:href="#sSpan1828" value="35"/>
		<feat xlink:href="#sSpan1878" value="36"/>
		<feat xlink:href="#sSpan1916" value="37"/>
		<feat xlink:href="#sSpan1962" value="38"/>
		<feat xlink:href="#sSpan2000" value="39"/>
		<feat xlink:href="#sSpan2057" value="40"/>
		<feat xlink:href="#sSpan2100" value="41"/>
		<feat xlink:href="#sSpan2123" value="42"/>
		<feat xlink:href="#sSpan2162" value="43"/>
		<feat xlink:href="#sSpan2194" value="44"/>
		<feat xlink:href="#sSpan2233" value="45"/>
		<feat xlink:href="#sSpan2298" value="46"/>
		<feat xlink:href="#sSpan2341" value="47"/>
		<feat xlink:href="#sSpan2385" value="48"/></featList></paula>