<?xml version='1.0' encoding='UTF-8'?><!DOCTYPE paula SYSTEM "paula_feat.dtd">
<paula version="1.1">
	<header paula_id="scriptorium.40_Matthew_05.mark_morph"/>
	<featList xmlns:xlink="http://www.w3.org/1999/xlink" type="morph" xml:base="scriptorium.40_Matthew_05.mark.xml">
		<feat xlink:href="#sSpan62" value="ϯ"/>
		<feat xlink:href="#sSpan64" value="ⲥⲃⲱ"/>
		<feat xlink:href="#sSpan101" value="ⲙⲛⲧ"/>
		<feat xlink:href="#sSpan103" value="ⲣⲣⲟ"/>
		<feat xlink:href="#sSpan120" value="ⲣ"/>
		<feat xlink:href="#sSpan122" value="ϩⲃⲃⲉ"/>
		<feat xlink:href="#sSpan145" value="ⲣⲙ"/>
		<feat xlink:href="#sSpan147" value="ⲣⲁϣ"/>
		<feat xlink:href="#sSpan260" value="ⲣⲉϥ"/>
		<feat xlink:href="#sSpan262" value="ⲣ"/>
		<feat xlink:href="#sSpan263" value="ⲉⲓⲣⲏⲛⲏ"/>
		<feat xlink:href="#sSpan319" value="ⲙⲛⲧ"/>
		<feat xlink:href="#sSpan321" value="ⲣⲣⲟ"/>
		<feat xlink:href="#sSpan368" value="ϫⲓ"/>
		<feat xlink:href="#sSpan370" value="ϭⲟⲗ"/>
		<feat xlink:href="#sSpan468" value="ⲣ"/>
		<feat xlink:href="#sSpan470" value="ϣⲁⲩ"/>
		<feat xlink:href="#sSpan511" value="ϣ"/>
		<feat xlink:href="#sSpan513" value="ϭⲟⲙ"/>
		<feat xlink:href="#sSpan574" value="ⲣ"/>
		<feat xlink:href="#sSpan576" value="ⲟⲩⲟⲉⲓⲛ"/>
		<feat xlink:href="#sSpan605" value="ⲣ"/>
		<feat xlink:href="#sSpan607" value="ⲟⲩⲟⲉⲓⲛ"/>
		<feat xlink:href="#sSpan643" value="ϯ"/>
		<feat xlink:href="#sSpan645" value="ⲉⲟⲟⲩ"/>
		<feat xlink:href="#sSpan802" value="ϯ"/>
		<feat xlink:href="#sSpan804" value="ⲥⲃⲱ"/>
		<feat xlink:href="#sSpan830" value="ⲙⲛⲧ"/>
		<feat xlink:href="#sSpan832" value="ⲣⲣⲟ"/>
		<feat xlink:href="#sSpan851" value="ϯ"/>
		<feat xlink:href="#sSpan853" value="ⲥⲃⲱ"/>
		<feat xlink:href="#sSpan876" value="ⲙⲛⲧ"/>
		<feat xlink:href="#sSpan878" value="ⲣⲣⲟ"/>
		<feat xlink:href="#sSpan904" value="ⲣ"/>
		<feat xlink:href="#sSpan906" value="ϩⲟⲩⲟ"/>
		<feat xlink:href="#sSpan939" value="ⲙⲛⲧ"/>
		<feat xlink:href="#sSpan941" value="ⲣⲣⲟ"/>
		<feat xlink:href="#sSpan1242" value="ϫⲓ"/>
		<feat xlink:href="#sSpan1244" value="ϩⲁⲡ"/>
		<feat xlink:href="#sSpan1274" value="ϫⲓ"/>
		<feat xlink:href="#sSpan1276" value="ϩⲁⲡ"/>
		<feat xlink:href="#sSpan1290" value="ⲣⲉϥ"/>
		<feat xlink:href="#sSpan1292" value="ϯ"/>
		<feat xlink:href="#sSpan1293" value="ϩⲁⲡ"/>
		<feat xlink:href="#sSpan1298" value="ⲣⲉϥ"/>
		<feat xlink:href="#sSpan1300" value="ϯ"/>
		<feat xlink:href="#sSpan1301" value="ϩⲁⲡ"/>
		<feat xlink:href="#sSpan1383" value="ⲣ"/>
		<feat xlink:href="#sSpan1385" value="ⲛⲟⲉⲓⲕ"/>
		<feat xlink:href="#sSpan1433" value="ⲣ"/>
		<feat xlink:href="#sSpan1435" value="ⲛⲟⲉⲓⲕ"/>
		<feat xlink:href="#sSpan1480" value="ⲣ"/>
		<feat xlink:href="#sSpan1482" value="ⲛⲟϥⲣⲉ"/>
		<feat xlink:href="#sSpan1564" value="ⲣ"/>
		<feat xlink:href="#sSpan1566" value="ⲛⲟϥⲣⲉ"/>
		<feat xlink:href="#sSpan1697" value="ⲣ"/>
		<feat xlink:href="#sSpan1699" value="ⲛⲟⲉⲓⲕ"/>
		<feat xlink:href="#sSpan1890" value="ϣ"/>
		<feat xlink:href="#sSpan1892" value="ϭⲟⲙ"/>
		<feat xlink:href="#sSpan2023" value="ⲡ"/>
		<feat xlink:href="#sSpan2025" value="ⲉⲧ"/>
		<feat xlink:href="#sSpan2026" value="ϩⲟⲟⲩ"/>
		<feat xlink:href="#sSpan2065" value="ϫⲓ"/>
		<feat xlink:href="#sSpan2067" value="ϩⲁⲡ"/>
		<feat xlink:href="#sSpan2288" value="ⲣⲉϥ"/>
		<feat xlink:href="#sSpan2290" value="ϫⲓ"/></featList></paula>