<?xml version='1.0' encoding='UTF-8'?><!DOCTYPE paula SYSTEM "paula_feat.dtd">
<paula version="1.1">
	<header paula_id="scriptorium.40_Matthew_05.mark_translation"/>
	<featList xmlns:xlink="http://www.w3.org/1999/xlink" type="translation" xml:base="scriptorium.40_Matthew_05.mark.xml">
		<feat xlink:href="#sSpan3" value="Seeing the multitudes, he went up onto the mountain. When he had sat down, his disciples came to him."/>
		<feat xlink:href="#sSpan51" value="He opened his mouth and taught them, saying,"/>
		<feat xlink:href="#sSpan79" value="'Blessed are the poor in spirit, for theirs is the Kingdom of Heaven."/>
		<feat xlink:href="#sSpan113" value="Blessed are those who mourn, for they shall be comforted."/>
		<feat xlink:href="#sSpan139" value="Blessed are the gentle, for they shall inherit the earth."/>
		<feat xlink:href="#sSpan167" value="Blessed are those who hunger and thirst after righteousness, for they shall be filled."/>
		<feat xlink:href="#sSpan197" value="Blessed are the merciful, for they shall obtain mercy."/>
		<feat xlink:href="#sSpan222" value="Blessed are the pure in heart, for they shall see God."/>
		<feat xlink:href="#sSpan254" value="Blessed are the peacemakers, for they shall be called children of God."/>
		<feat xlink:href="#sSpan293" value="Blessed are those who have been persecuted for righteousness' sake, for theirs is the Kingdom of Heaven."/>
		<feat xlink:href="#sSpan331" value="'Blessed are you when people reproach you, persecute you, and say all kinds of evil against you falsely, for my sake."/>
		<feat xlink:href="#sSpan380" value="Rejoice, and be exceedingly glad, for great is your reward in heaven. For that is how they persecuted the prophets who were before you."/>
		<feat xlink:href="#sSpan433" value="'You are the salt of the earth, but if the salt has lost its flavor, with what will it be salted? It is then good for nothing, but to be cast out and trodden under the feet of men."/>
		<feat xlink:href="#sSpan495" value="You are the light of the world. A city located on a hill can't be hidden."/>
		<feat xlink:href="#sSpan538" value="Neither do you light a lamp, and put it under a measuring basket, but on a stand; and it shines to all who are in the house."/>
		<feat xlink:href="#sSpan596" value="Even so, let your light shine before men; that they may see your good works, and glorify your Father who is in heaven."/>
		<feat xlink:href="#sSpan661" value="'Don't think that I came to destroy the law or the prophets. I didn't come to destroy, but to fulfill."/>
		<feat xlink:href="#sSpan710" value="For most certainly, I tell you, until heaven and earth pass away, not even one smallest letter shall in any way pass away from the law, until all things are accomplished."/>
		<feat xlink:href="#sSpan779" value="Whoever, therefore, shall break one of these least commandments, and teach others to do so, shall be called least in the Kingdom of Heaven; but whoever shall do and teach them shall be called great in the Kingdom of Heaven."/>
		<feat xlink:href="#sSpan888" value="For I tell you that unless your righteousness exceeds that of the scribes and Pharisees, there is no way you will enter into the Kingdom of Heaven."/>
		<feat xlink:href="#sSpan951" value="'You have heard that it was said to the ancient ones, 'You shall not murder;' and 'Whoever shall murder shall be in danger of the judgment.'"/>
		<feat xlink:href="#sSpan998" value="But I tell you, that everyone who is angry with his brother without a cause"/>
		<feat xlink:href="#sSpan1105" value="'If therefore you are offering your gift at the altar, and there remember that your brother has anything against you,"/>
		<feat xlink:href="#sSpan1164" value="leave your gift there before the altar, and go your way. First be reconciled to your brother, and then come and offer your gift."/>
		<feat xlink:href="#sSpan1229" value="Agree with your adversary quickly, while you are with him in the way; lest perhaps the prosecutor deliver you to the judge, and the judge deliver you to the officer, and you be cast into prison."/>
		<feat xlink:href="#sSpan1327" value="Most certainly I tell you, you shall by no means get out of there, until you have paid the last penny."/>
		<feat xlink:href="#sSpan1370" value="'You have heard that it was said,"/>
		<feat xlink:href="#sSpan1390" value="but I tell you that everyone who gazes at a woman to lust after her has committed adultery with her already in his heart."/>
		<feat xlink:href="#sSpan1448" value="If your right eye causes you to stumble, pluck it out and throw it away from you. For it is more profitable for you that one of your members should perish, than for your whole body to be cast into Gehenna."/>
		<feat xlink:href="#sSpan1532" value="If your right hand causes you to stumble, cut it off, and throw it away from you. For it is more profitable for you that one of your members should perish, than for your whole body to be cast into Gehenna."/>
		<feat xlink:href="#sSpan1614" value="'It was also said, 'Whoever shall put away his wife, let him give her a writing of divorce,'"/>
		<feat xlink:href="#sSpan1655" value="but I tell you that whoever puts away his wife, except for the cause of sexual immorality, makes her an adulteress; and whoever marries her when she is put away commits adultery."/>
		<feat xlink:href="#sSpan1740" value="'Again you have heard that it was said to them of old time, 'You shall not make false vows, but shall perform to the Lord your vows,'"/>
		<feat xlink:href="#sSpan1784" value="but I tell you, don't swear at all: neither by heaven, for it is the throne of God;"/>
		<feat xlink:href="#sSpan1828" value="nor by the earth, for it is the footstool of his feet; nor by Jerusalem, for it is the city of the great King."/>
		<feat xlink:href="#sSpan1878" value="Neither shall you swear by your head, for you can't make one hair white or black."/>
		<feat xlink:href="#sSpan1916" value="But let your 'Yes' be 'Yes' and your 'No' be 'No.' Whatever is more than these is of the evil one."/>
		<feat xlink:href="#sSpan1962" value="'You have heard that it was said, 'An eye for an eye, and a tooth for a tooth.'"/>
		<feat xlink:href="#sSpan2000" value="But I tell you, don't resist him who is evil; but whoever strikes you on your right cheek, turn to him the other also."/>
		<feat xlink:href="#sSpan2057" value="If anyone sues you to take away your coat, let him have your cloak also."/>
		<feat xlink:href="#sSpan2100" value="Whoever compels you to go one mile, go with him two."/>
		<feat xlink:href="#sSpan2123" value="Give to him who asks you, and don't turn away him who desires to borrow from you."/>
		<feat xlink:href="#sSpan2162" value="'You have heard that it was said, 'You shall love your neighbor,'"/>
		<feat xlink:href="#sSpan2194" value="But I tell you, love your enemies, bless those who curse you, do good to those who hate you, and pray for those who mistreat you and persecute you,"/>
		<feat xlink:href="#sSpan2233" value="that you may be children of your Father who is in heaven. For he makes his sun to rise on the evil and the good, and sends rain on the just and the unjust."/>
		<feat xlink:href="#sSpan2298" value="For if you love those who love you, what reward do you have? Don't even the tax collectors do the same?"/>
		<feat xlink:href="#sSpan2341" value="If you only greet your friends, what more do you do than others? Don't even the tax collectors do the same?"/>
		<feat xlink:href="#sSpan2385" value="Therefore you shall be perfect, just as your Father in heaven is perfect."/></featList></paula>