<?xml version='1.0' encoding='UTF-8'?><!DOCTYPE paula SYSTEM "paula_feat.dtd">
<paula version="1.1">
	<header paula_id="scriptorium.40_Matthew_05.dep_func"/>
	<featList xmlns:xlink="http://www.w3.org/1999/xlink" type="func" xml:base="scriptorium.40_Matthew_05.dep.xml">
		<feat xlink:href="#sPointingRel1" value="nsubj"/>
		<feat xlink:href="#sPointingRel3" value="det"/>
		<feat xlink:href="#sPointingRel5" value="advcl"/>
		<feat xlink:href="#sPointingRel7" value="obl"/>
		<feat xlink:href="#sPointingRel9" value="obl"/>
		<feat xlink:href="#sPointingRel11" value="det"/>
		<feat xlink:href="#sPointingRel13" value="obl"/>
		<feat xlink:href="#sPointingRel15" value="advmod"/>
		<feat xlink:href="#sPointingRel17" value="cc"/>
		<feat xlink:href="#sPointingRel19" value="obj"/>
		<feat xlink:href="#sPointingRel21" value="parataxis"/>
		<feat xlink:href="#sPointingRel23" value="nmod"/>
		<feat xlink:href="#sPointingRel25" value="case"/>
		<feat xlink:href="#sPointingRel27" value="det"/>
		<feat xlink:href="#sPointingRel29" value="nmod"/>
		<feat xlink:href="#sPointingRel31" value="case"/>
		<feat xlink:href="#sPointingRel33" value="det"/>
		<feat xlink:href="#sPointingRel35" value="ccomp"/>
		<feat xlink:href="#sPointingRel37" value="obj"/>
		<feat xlink:href="#sPointingRel39" value="mark"/>
		<feat xlink:href="#sPointingRel41" value="obl"/>
		<feat xlink:href="#sPointingRel43" value="mark"/>
		<feat xlink:href="#sPointingRel45" value="case"/>
		<feat xlink:href="#sPointingRel47" value="mark"/>
		<feat xlink:href="#sPointingRel49" value="det"/>
		<feat xlink:href="#sPointingRel51" value="nsubj"/>
		<feat xlink:href="#sPointingRel53" value="obl"/>
		<feat xlink:href="#sPointingRel55" value="advcl"/>
		<feat xlink:href="#sPointingRel57" value="case"/>
		<feat xlink:href="#sPointingRel59" value="case"/>
		<feat xlink:href="#sPointingRel61" value="aux"/>
		<feat xlink:href="#sPointingRel63" value="dislocated"/>
		<feat xlink:href="#sPointingRel65" value="det"/>
		<feat xlink:href="#sPointingRel67" value="det"/>
		<feat xlink:href="#sPointingRel69" value="det"/>
		<feat xlink:href="#sPointingRel71" value="aux"/>
		<feat xlink:href="#sPointingRel73" value="mark"/>
		<feat xlink:href="#sPointingRel75" value="aux"/>
		<feat xlink:href="#sPointingRel77" value="cc"/>
		<feat xlink:href="#sPointingRel79" value="det"/>
		<feat xlink:href="#sPointingRel81" value="case"/>
		<feat xlink:href="#sPointingRel83" value="obj"/>
		<feat xlink:href="#sPointingRel85" value="conj"/>
		<feat xlink:href="#sPointingRel87" value="mark"/>
		<feat xlink:href="#sPointingRel89" value="obj"/>
		<feat xlink:href="#sPointingRel91" value="nsubj"/>
		<feat xlink:href="#sPointingRel93" value="acl"/>
		<feat xlink:href="#sPointingRel95" value="ccomp"/>
		<feat xlink:href="#sPointingRel97" value="advcl"/>
		<feat xlink:href="#sPointingRel99" value="advcl"/>
		<feat xlink:href="#sPointingRel101" value="xcomp"/>
		<feat xlink:href="#sPointingRel103" value="advmod"/>
		<feat xlink:href="#sPointingRel105" value="obl"/>
		<feat xlink:href="#sPointingRel107" value="case"/>
		<feat xlink:href="#sPointingRel109" value="obl"/>
		<feat xlink:href="#sPointingRel111" value="det"/>
		<feat xlink:href="#sPointingRel113" value="nsubj"/>
		<feat xlink:href="#sPointingRel115" value="det"/>
		<feat xlink:href="#sPointingRel117" value="case"/>
		<feat xlink:href="#sPointingRel119" value="advmod"/>
		<feat xlink:href="#sPointingRel121" value="nsubj"/>
		<feat xlink:href="#sPointingRel123" value="aux"/>
		<feat xlink:href="#sPointingRel125" value="mark"/>
		<feat xlink:href="#sPointingRel127" value="nsubj"/>
		<feat xlink:href="#sPointingRel129" value="advmod"/>
		<feat xlink:href="#sPointingRel131" value="det"/>
		<feat xlink:href="#sPointingRel133" value="case"/>
		<feat xlink:href="#sPointingRel135" value="ccomp"/>
		<feat xlink:href="#sPointingRel137" value="obj"/>
		<feat xlink:href="#sPointingRel139" value="mark"/>
		<feat xlink:href="#sPointingRel141" value="obl"/>
		<feat xlink:href="#sPointingRel143" value="aux"/>
		<feat xlink:href="#sPointingRel145" value="acl"/>
		<feat xlink:href="#sPointingRel147" value="obj"/>
		<feat xlink:href="#sPointingRel149" value="nsubj"/>
		<feat xlink:href="#sPointingRel151" value="det"/>
		<feat xlink:href="#sPointingRel153" value="nsubj"/>
		<feat xlink:href="#sPointingRel155" value="nsubj"/>
		<feat xlink:href="#sPointingRel157" value="xcomp"/>
		<feat xlink:href="#sPointingRel159" value="nsubj"/>
		<feat xlink:href="#sPointingRel161" value="case"/>
		<feat xlink:href="#sPointingRel163" value="det"/>
		<feat xlink:href="#sPointingRel165" value="dislocated"/>
		<feat xlink:href="#sPointingRel167" value="conj"/>
		<feat xlink:href="#sPointingRel169" value="advmod"/>
		<feat xlink:href="#sPointingRel171" value="case"/>
		<feat xlink:href="#sPointingRel173" value="obj"/>
		<feat xlink:href="#sPointingRel175" value="case"/>
		<feat xlink:href="#sPointingRel177" value="obj"/>
		<feat xlink:href="#sPointingRel179" value="nmod"/>
		<feat xlink:href="#sPointingRel181" value="det"/>
		<feat xlink:href="#sPointingRel183" value="det"/>
		<feat xlink:href="#sPointingRel185" value="aux"/>
		<feat xlink:href="#sPointingRel187" value="det"/>
		<feat xlink:href="#sPointingRel189" value="nsubj"/>
		<feat xlink:href="#sPointingRel191" value="obl"/>
		<feat xlink:href="#sPointingRel193" value="acl"/>
		<feat xlink:href="#sPointingRel195" value="obl"/>
		<feat xlink:href="#sPointingRel197" value="mark"/>
		<feat xlink:href="#sPointingRel199" value="mark"/>
		<feat xlink:href="#sPointingRel201" value="det"/>
		<feat xlink:href="#sPointingRel203" value="det"/>
		<feat xlink:href="#sPointingRel205" value="case"/>
		<feat xlink:href="#sPointingRel207" value="det"/>
		<feat xlink:href="#sPointingRel209" value="mark"/>
		<feat xlink:href="#sPointingRel211" value="case"/>
		<feat xlink:href="#sPointingRel213" value="obl"/>
		<feat xlink:href="#sPointingRel215" value="case"/>
		<feat xlink:href="#sPointingRel217" value="obl"/>
		<feat xlink:href="#sPointingRel219" value="nsubj"/>
		<feat xlink:href="#sPointingRel221" value="det"/>
		<feat xlink:href="#sPointingRel223" value="case"/>
		<feat xlink:href="#sPointingRel225" value="advcl"/>
		<feat xlink:href="#sPointingRel227" value="obl"/>
		<feat xlink:href="#sPointingRel229" value="case"/>
		<feat xlink:href="#sPointingRel231" value="advmod"/>
		<feat xlink:href="#sPointingRel233" value="nsubj"/>
		<feat xlink:href="#sPointingRel235" value="ccomp"/>
		<feat xlink:href="#sPointingRel237" value="obj"/>
		<feat xlink:href="#sPointingRel239" value="nsubj"/>
		<feat xlink:href="#sPointingRel241" value="case"/>
		<feat xlink:href="#sPointingRel243" value="advmod"/>
		<feat xlink:href="#sPointingRel245" value="appos"/>
		<feat xlink:href="#sPointingRel247" value="advcl"/>
		<feat xlink:href="#sPointingRel249" value="det"/>
		<feat xlink:href="#sPointingRel251" value="case"/>
		<feat xlink:href="#sPointingRel253" value="mark"/>
		<feat xlink:href="#sPointingRel255" value="nmod"/>
		<feat xlink:href="#sPointingRel257" value="advmod"/>
		<feat xlink:href="#sPointingRel259" value="case"/>
		<feat xlink:href="#sPointingRel261" value="aux"/>
		<feat xlink:href="#sPointingRel263" value="case"/>
		<feat xlink:href="#sPointingRel265" value="obl"/>
		<feat xlink:href="#sPointingRel267" value="aux"/>
		<feat xlink:href="#sPointingRel269" value="case"/>
		<feat xlink:href="#sPointingRel271" value="case"/>
		<feat xlink:href="#sPointingRel273" value="advcl"/>
		<feat xlink:href="#sPointingRel275" value="advcl"/>
		<feat xlink:href="#sPointingRel277" value="mark"/>
		<feat xlink:href="#sPointingRel279" value="case"/>
		<feat xlink:href="#sPointingRel281" value="aux"/>
		<feat xlink:href="#sPointingRel283" value="obj"/>
		<feat xlink:href="#sPointingRel285" value="obl"/>
		<feat xlink:href="#sPointingRel287" value="nsubj"/>
		<feat xlink:href="#sPointingRel289" value="nsubj"/>
		<feat xlink:href="#sPointingRel291" value="xcomp"/>
		<feat xlink:href="#sPointingRel293" value="obl"/>
		<feat xlink:href="#sPointingRel295" value="case"/>
		<feat xlink:href="#sPointingRel297" value="mark"/>
		<feat xlink:href="#sPointingRel299" value="nmod"/>
		<feat xlink:href="#sPointingRel301" value="obl"/>
		<feat xlink:href="#sPointingRel303" value="mark"/>
		<feat xlink:href="#sPointingRel305" value="ccomp"/>
		<feat xlink:href="#sPointingRel307" value="acl"/>
		<feat xlink:href="#sPointingRel309" value="ccomp"/>
		<feat xlink:href="#sPointingRel311" value="nsubj"/>
		<feat xlink:href="#sPointingRel313" value="det"/>
		<feat xlink:href="#sPointingRel315" value="det"/>
		<feat xlink:href="#sPointingRel317" value="det"/>
		<feat xlink:href="#sPointingRel319" value="advcl"/>
		<feat xlink:href="#sPointingRel321" value="obl"/>
		<feat xlink:href="#sPointingRel323" value="case"/>
		<feat xlink:href="#sPointingRel325" value="det"/>
		<feat xlink:href="#sPointingRel327" value="obj"/>
		<feat xlink:href="#sPointingRel329" value="nsubj"/>
		<feat xlink:href="#sPointingRel331" value="ccomp"/>
		<feat xlink:href="#sPointingRel333" value="case"/>
		<feat xlink:href="#sPointingRel335" value="aux"/>
		<feat xlink:href="#sPointingRel337" value="det"/>
		<feat xlink:href="#sPointingRel339" value="obj"/>
		<feat xlink:href="#sPointingRel341" value="xcomp"/>
		<feat xlink:href="#sPointingRel343" value="nmod"/>
		<feat xlink:href="#sPointingRel345" value="det"/>
		<feat xlink:href="#sPointingRel347" value="nsubj"/>
		<feat xlink:href="#sPointingRel349" value="nmod"/>
		<feat xlink:href="#sPointingRel351" value="cop"/>
		<feat xlink:href="#sPointingRel353" value="ccomp"/>
		<feat xlink:href="#sPointingRel355" value="obj"/>
		<feat xlink:href="#sPointingRel357" value="case"/>
		<feat xlink:href="#sPointingRel359" value="mark"/>
		<feat xlink:href="#sPointingRel361" value="dislocated"/>
		<feat xlink:href="#sPointingRel363" value="advcl"/>
		<feat xlink:href="#sPointingRel365" value="obl"/>
		<feat xlink:href="#sPointingRel367" value="case"/>
		<feat xlink:href="#sPointingRel369" value="advmod"/>
		<feat xlink:href="#sPointingRel371" value="advmod"/>
		<feat xlink:href="#sPointingRel373" value="nsubj"/>
		<feat xlink:href="#sPointingRel375" value="advmod"/>
		<feat xlink:href="#sPointingRel377" value="case"/>
		<feat xlink:href="#sPointingRel379" value="case"/>
		<feat xlink:href="#sPointingRel381" value="obl"/>
		<feat xlink:href="#sPointingRel383" value="obl"/>
		<feat xlink:href="#sPointingRel385" value="mark"/>
		<feat xlink:href="#sPointingRel387" value="advmod"/>
		<feat xlink:href="#sPointingRel389" value="det"/>
		<feat xlink:href="#sPointingRel391" value="case"/>
		<feat xlink:href="#sPointingRel393" value="det"/>
		<feat xlink:href="#sPointingRel395" value="det"/>
		<feat xlink:href="#sPointingRel397" value="case"/>
		<feat xlink:href="#sPointingRel399" value="obj"/>
		<feat xlink:href="#sPointingRel401" value="advmod"/>
		<feat xlink:href="#sPointingRel403" value="aux"/>
		<feat xlink:href="#sPointingRel405" value="det"/>
		<feat xlink:href="#sPointingRel407" value="case"/>
		<feat xlink:href="#sPointingRel409" value="obj"/>
		<feat xlink:href="#sPointingRel411" value="obl"/>
		<feat xlink:href="#sPointingRel413" value="dislocated"/>
		<feat xlink:href="#sPointingRel415" value="det"/>
		<feat xlink:href="#sPointingRel417" value="case"/>
		<feat xlink:href="#sPointingRel419" value="case"/>
		<feat xlink:href="#sPointingRel421" value="aux"/>
		<feat xlink:href="#sPointingRel423" value="nmod"/>
		<feat xlink:href="#sPointingRel425" value="nmod"/>
		<feat xlink:href="#sPointingRel427" value="mark"/>
		<feat xlink:href="#sPointingRel429" value="nmod"/>
		<feat xlink:href="#sPointingRel431" value="case"/>
		<feat xlink:href="#sPointingRel433" value="case"/>
		<feat xlink:href="#sPointingRel435" value="advcl"/>
		<feat xlink:href="#sPointingRel437" value="obl"/>
		<feat xlink:href="#sPointingRel439" value="nsubj"/>
		<feat xlink:href="#sPointingRel441" value="ccomp"/>
		<feat xlink:href="#sPointingRel443" value="conj"/>
		<feat xlink:href="#sPointingRel445" value="advmod"/>
		<feat xlink:href="#sPointingRel447" value="nsubj"/>
		<feat xlink:href="#sPointingRel449" value="obj"/>
		<feat xlink:href="#sPointingRel451" value="det"/>
		<feat xlink:href="#sPointingRel453" value="acl"/>
		<feat xlink:href="#sPointingRel455" value="nsubj"/>
		<feat xlink:href="#sPointingRel457" value="xcomp"/>
		<feat xlink:href="#sPointingRel459" value="nmod"/>
		<feat xlink:href="#sPointingRel461" value="obl"/>
		<feat xlink:href="#sPointingRel463" value="case"/>
		<feat xlink:href="#sPointingRel465" value="aux"/>
		<feat xlink:href="#sPointingRel467" value="det"/>
		<feat xlink:href="#sPointingRel469" value="iobj"/>
		<feat xlink:href="#sPointingRel471" value="obj"/>
		<feat xlink:href="#sPointingRel473" value="obj"/>
		<feat xlink:href="#sPointingRel475" value="advmod"/>
		<feat xlink:href="#sPointingRel477" value="nsubj"/>
		<feat xlink:href="#sPointingRel479" value="case"/>
		<feat xlink:href="#sPointingRel481" value="mark"/>
		<feat xlink:href="#sPointingRel483" value="det"/>
		<feat xlink:href="#sPointingRel485" value="mark"/>
		<feat xlink:href="#sPointingRel487" value="mark"/>
		<feat xlink:href="#sPointingRel489" value="nsubj"/>
		<feat xlink:href="#sPointingRel491" value="nmod"/>
		<feat xlink:href="#sPointingRel493" value="dislocated"/>
		<feat xlink:href="#sPointingRel495" value="cc"/>
		<feat xlink:href="#sPointingRel497" value="det"/>
		<feat xlink:href="#sPointingRel499" value="nsubj"/>
		<feat xlink:href="#sPointingRel501" value="mark"/>
		<feat xlink:href="#sPointingRel503" value="advmod"/>
		<feat xlink:href="#sPointingRel505" value="case"/>
		<feat xlink:href="#sPointingRel507" value="mark"/>
		<feat xlink:href="#sPointingRel509" value="obl"/>
		<feat xlink:href="#sPointingRel511" value="cc"/>
		<feat xlink:href="#sPointingRel513" value="case"/>
		<feat xlink:href="#sPointingRel515" value="obl"/>
		<feat xlink:href="#sPointingRel517" value="obl"/>
		<feat xlink:href="#sPointingRel519" value="advcl"/>
		<feat xlink:href="#sPointingRel521" value="nsubj"/>
		<feat xlink:href="#sPointingRel523" value="mark"/>
		<feat xlink:href="#sPointingRel525" value="nsubj"/>
		<feat xlink:href="#sPointingRel527" value="advcl"/>
		<feat xlink:href="#sPointingRel529" value="advmod"/>
		<feat xlink:href="#sPointingRel531" value="obj"/>
		<feat xlink:href="#sPointingRel533" value="det"/>
		<feat xlink:href="#sPointingRel535" value="mark"/>
		<feat xlink:href="#sPointingRel537" value="det"/>
		<feat xlink:href="#sPointingRel539" value="case"/>
		<feat xlink:href="#sPointingRel541" value="case"/>
		<feat xlink:href="#sPointingRel543" value="det"/>
		<feat xlink:href="#sPointingRel545" value="case"/>
		<feat xlink:href="#sPointingRel547" value="aux"/>
		<feat xlink:href="#sPointingRel549" value="advcl"/>
		<feat xlink:href="#sPointingRel551" value="csubj"/>
		<feat xlink:href="#sPointingRel553" value="mark"/>
		<feat xlink:href="#sPointingRel555" value="nsubj"/>
		<feat xlink:href="#sPointingRel557" value="aux"/>
		<feat xlink:href="#sPointingRel559" value="obl"/>
		<feat xlink:href="#sPointingRel561" value="det"/>
		<feat xlink:href="#sPointingRel563" value="det"/>
		<feat xlink:href="#sPointingRel565" value="det"/>
		<feat xlink:href="#sPointingRel567" value="xcomp"/>
		<feat xlink:href="#sPointingRel569" value="nsubj"/>
		<feat xlink:href="#sPointingRel571" value="obj"/>
		<feat xlink:href="#sPointingRel573" value="mark"/>
		<feat xlink:href="#sPointingRel575" value="obj"/>
		<feat xlink:href="#sPointingRel577" value="advmod"/>
		<feat xlink:href="#sPointingRel579" value="aux"/>
		<feat xlink:href="#sPointingRel581" value="advcl"/>
		<feat xlink:href="#sPointingRel583" value="case"/>
		<feat xlink:href="#sPointingRel585" value="det"/>
		<feat xlink:href="#sPointingRel587" value="cc"/>
		<feat xlink:href="#sPointingRel589" value="case"/>
		<feat xlink:href="#sPointingRel591" value="aux"/>
		<feat xlink:href="#sPointingRel593" value="advmod"/>
		<feat xlink:href="#sPointingRel595" value="case"/>
		<feat xlink:href="#sPointingRel597" value="det"/>
		<feat xlink:href="#sPointingRel599" value="acl"/>
		<feat xlink:href="#sPointingRel601" value="aux"/>
		<feat xlink:href="#sPointingRel603" value="nsubj"/>
		<feat xlink:href="#sPointingRel605" value="nsubj"/>
		<feat xlink:href="#sPointingRel607" value="dislocated"/>
		<feat xlink:href="#sPointingRel609" value="obj"/>
		<feat xlink:href="#sPointingRel611" value="nsubj"/>
		<feat xlink:href="#sPointingRel613" value="acl"/>
		<feat xlink:href="#sPointingRel615" value="obl"/>
		<feat xlink:href="#sPointingRel617" value="conj"/>
		<feat xlink:href="#sPointingRel619" value="case"/>
		<feat xlink:href="#sPointingRel621" value="ccomp"/>
		<feat xlink:href="#sPointingRel623" value="nsubj"/>
		<feat xlink:href="#sPointingRel625" value="obj"/>
		<feat xlink:href="#sPointingRel627" value="acl"/>
		<feat xlink:href="#sPointingRel629" value="case"/>
		<feat xlink:href="#sPointingRel631" value="det"/>
		<feat xlink:href="#sPointingRel633" value="acl"/>
		<feat xlink:href="#sPointingRel635" value="obl"/>
		<feat xlink:href="#sPointingRel637" value="det"/>
		<feat xlink:href="#sPointingRel639" value="mark"/>
		<feat xlink:href="#sPointingRel641" value="det"/>
		<feat xlink:href="#sPointingRel643" value="nmod"/>
		<feat xlink:href="#sPointingRel645" value="case"/>
		<feat xlink:href="#sPointingRel647" value="obj"/>
		<feat xlink:href="#sPointingRel649" value="obl"/>
		<feat xlink:href="#sPointingRel651" value="obl"/>
		<feat xlink:href="#sPointingRel653" value="nsubj"/>
		<feat xlink:href="#sPointingRel655" value="acl"/>
		<feat xlink:href="#sPointingRel657" value="mark"/>
		<feat xlink:href="#sPointingRel659" value="obj"/>
		<feat xlink:href="#sPointingRel661" value="obj"/>
		<feat xlink:href="#sPointingRel663" value="advcl"/>
		<feat xlink:href="#sPointingRel665" value="case"/>
		<feat xlink:href="#sPointingRel667" value="obl"/>
		<feat xlink:href="#sPointingRel669" value="nsubj"/>
		<feat xlink:href="#sPointingRel671" value="case"/>
		<feat xlink:href="#sPointingRel673" value="det"/>
		<feat xlink:href="#sPointingRel675" value="nmod"/>
		<feat xlink:href="#sPointingRel677" value="nsubj"/>
		<feat xlink:href="#sPointingRel679" value="nsubj"/>
		<feat xlink:href="#sPointingRel681" value="mark"/>
		<feat xlink:href="#sPointingRel683" value="det"/>
		<feat xlink:href="#sPointingRel685" value="obl"/>
		<feat xlink:href="#sPointingRel687" value="mark"/>
		<feat xlink:href="#sPointingRel689" value="nsubj"/>
		<feat xlink:href="#sPointingRel691" value="aux"/>
		<feat xlink:href="#sPointingRel693" value="obl"/>
		<feat xlink:href="#sPointingRel695" value="det"/>
		<feat xlink:href="#sPointingRel697" value="mark"/>
		<feat xlink:href="#sPointingRel699" value="obl"/>
		<feat xlink:href="#sPointingRel701" value="det"/>
		<feat xlink:href="#sPointingRel703" value="case"/>
		<feat xlink:href="#sPointingRel705" value="nsubj"/>
		<feat xlink:href="#sPointingRel707" value="obj"/>
		<feat xlink:href="#sPointingRel709" value="mark"/>
		<feat xlink:href="#sPointingRel711" value="nsubj"/>
		<feat xlink:href="#sPointingRel713" value="case"/>
		<feat xlink:href="#sPointingRel715" value="obj"/>
		<feat xlink:href="#sPointingRel717" value="det"/>
		<feat xlink:href="#sPointingRel719" value="case"/>
		<feat xlink:href="#sPointingRel721" value="iobj"/>
		<feat xlink:href="#sPointingRel723" value="case"/>
		<feat xlink:href="#sPointingRel725" value="obl"/>
		<feat xlink:href="#sPointingRel727" value="case"/>
		<feat xlink:href="#sPointingRel729" value="acl"/>
		<feat xlink:href="#sPointingRel731" value="parataxis"/>
		<feat xlink:href="#sPointingRel733" value="advmod"/>
		<feat xlink:href="#sPointingRel735" value="det"/>
		<feat xlink:href="#sPointingRel737" value="nsubj"/>
		<feat xlink:href="#sPointingRel739" value="advcl"/>
		<feat xlink:href="#sPointingRel741" value="obl"/>
		<feat xlink:href="#sPointingRel743" value="case"/>
		<feat xlink:href="#sPointingRel745" value="case"/>
		<feat xlink:href="#sPointingRel747" value="dislocated"/>
		<feat xlink:href="#sPointingRel749" value="cop"/>
		<feat xlink:href="#sPointingRel751" value="mark"/>
		<feat xlink:href="#sPointingRel753" value="advmod"/>
		<feat xlink:href="#sPointingRel755" value="aux"/>
		<feat xlink:href="#sPointingRel757" value="advmod"/>
		<feat xlink:href="#sPointingRel759" value="nsubj"/>
		<feat xlink:href="#sPointingRel761" value="det"/>
		<feat xlink:href="#sPointingRel763" value="nsubj"/>
		<feat xlink:href="#sPointingRel765" value="case"/>
		<feat xlink:href="#sPointingRel767" value="case"/>
		<feat xlink:href="#sPointingRel769" value="nsubj"/>
		<feat xlink:href="#sPointingRel771" value="mark"/>
		<feat xlink:href="#sPointingRel773" value="advmod"/>
		<feat xlink:href="#sPointingRel775" value="nmod"/>
		<feat xlink:href="#sPointingRel777" value="case"/>
		<feat xlink:href="#sPointingRel779" value="obl"/>
		<feat xlink:href="#sPointingRel781" value="nsubj"/>
		<feat xlink:href="#sPointingRel783" value="acl"/>
		<feat xlink:href="#sPointingRel785" value="advmod"/>
		<feat xlink:href="#sPointingRel787" value="case"/>
		<feat xlink:href="#sPointingRel789" value="advmod"/>
		<feat xlink:href="#sPointingRel791" value="conj"/>
		<feat xlink:href="#sPointingRel793" value="fixed"/>
		<feat xlink:href="#sPointingRel795" value="det"/>
		<feat xlink:href="#sPointingRel797" value="nsubj"/>
		<feat xlink:href="#sPointingRel799" value="case"/>
		<feat xlink:href="#sPointingRel801" value="case"/>
		<feat xlink:href="#sPointingRel803" value="obl"/>
		<feat xlink:href="#sPointingRel805" value="obl"/>
		<feat xlink:href="#sPointingRel807" value="det"/>
		<feat xlink:href="#sPointingRel809" value="obj"/>
		<feat xlink:href="#sPointingRel811" value="det"/>
		<feat xlink:href="#sPointingRel813" value="case"/>
		<feat xlink:href="#sPointingRel815" value="aux"/>
		<feat xlink:href="#sPointingRel817" value="det"/>
		<feat xlink:href="#sPointingRel819" value="obl"/>
		<feat xlink:href="#sPointingRel821" value="det"/>
		<feat xlink:href="#sPointingRel823" value="case"/>
		<feat xlink:href="#sPointingRel825" value="dislocated"/>
		<feat xlink:href="#sPointingRel827" value="nsubj"/>
		<feat xlink:href="#sPointingRel829" value="obl"/>
		<feat xlink:href="#sPointingRel831" value="case"/>
		<feat xlink:href="#sPointingRel833" value="mark"/>
		<feat xlink:href="#sPointingRel835" value="conj"/>
		<feat xlink:href="#sPointingRel837" value="obj"/>
		<feat xlink:href="#sPointingRel839" value="obl"/>
		<feat xlink:href="#sPointingRel841" value="obj"/>
		<feat xlink:href="#sPointingRel843" value="det"/>
		<feat xlink:href="#sPointingRel845" value="advcl"/>
		<feat xlink:href="#sPointingRel847" value="obl"/>
		<feat xlink:href="#sPointingRel849" value="mark"/>
		<feat xlink:href="#sPointingRel851" value="obl"/>
		<feat xlink:href="#sPointingRel853" value="advmod"/>
		<feat xlink:href="#sPointingRel855" value="dislocated"/>
		<feat xlink:href="#sPointingRel857" value="det"/>
		<feat xlink:href="#sPointingRel859" value="mark"/>
		<feat xlink:href="#sPointingRel861" value="dislocated"/>
		<feat xlink:href="#sPointingRel863" value="aux"/>
		<feat xlink:href="#sPointingRel865" value="aux"/>
		<feat xlink:href="#sPointingRel867" value="ccomp"/>
		<feat xlink:href="#sPointingRel869" value="det"/>
		<feat xlink:href="#sPointingRel871" value="det"/>
		<feat xlink:href="#sPointingRel873" value="advmod"/>
		<feat xlink:href="#sPointingRel875" value="nsubj"/>
		<feat xlink:href="#sPointingRel877" value="mark"/>
		<feat xlink:href="#sPointingRel879" value="mark"/>
		<feat xlink:href="#sPointingRel881" value="nmod"/>
		<feat xlink:href="#sPointingRel883" value="nsubj"/>
		<feat xlink:href="#sPointingRel885" value="mark"/>
		<feat xlink:href="#sPointingRel887" value="cc"/>
		<feat xlink:href="#sPointingRel889" value="case"/>
		<feat xlink:href="#sPointingRel891" value="case"/>
		<feat xlink:href="#sPointingRel893" value="obl"/>
		<feat xlink:href="#sPointingRel895" value="ccomp"/>
		<feat xlink:href="#sPointingRel897" value="nmod"/>
		<feat xlink:href="#sPointingRel899" value="det"/>
		<feat xlink:href="#sPointingRel901" value="advmod"/>
		<feat xlink:href="#sPointingRel903" value="xcomp"/>
		<feat xlink:href="#sPointingRel905" value="advcl"/>
		<feat xlink:href="#sPointingRel907" value="case"/>
		<feat xlink:href="#sPointingRel909" value="obl"/>
		<feat xlink:href="#sPointingRel911" value="nsubj"/>
		<feat xlink:href="#sPointingRel913" value="conj"/>
		<feat xlink:href="#sPointingRel915" value="case"/>
		<feat xlink:href="#sPointingRel917" value="advcl"/>
		<feat xlink:href="#sPointingRel919" value="obj"/>
		<feat xlink:href="#sPointingRel921" value="obj"/>
		<feat xlink:href="#sPointingRel923" value="obl"/>
		<feat xlink:href="#sPointingRel925" value="obl"/>
		<feat xlink:href="#sPointingRel927" value="case"/>
		<feat xlink:href="#sPointingRel929" value="nsubj"/>
		<feat xlink:href="#sPointingRel931" value="case"/>
		<feat xlink:href="#sPointingRel933" value="mark"/>
		<feat xlink:href="#sPointingRel935" value="mark"/>
		<feat xlink:href="#sPointingRel937" value="det"/>
		<feat xlink:href="#sPointingRel939" value="advmod"/>
		<feat xlink:href="#sPointingRel941" value="advmod"/>
		<feat xlink:href="#sPointingRel943" value="mark"/>
		<feat xlink:href="#sPointingRel945" value="ccomp"/>
		<feat xlink:href="#sPointingRel947" value="obl"/>
		<feat xlink:href="#sPointingRel949" value="case"/>
		<feat xlink:href="#sPointingRel951" value="mark"/>
		<feat xlink:href="#sPointingRel953" value="advmod"/>
		<feat xlink:href="#sPointingRel955" value="det"/>
		<feat xlink:href="#sPointingRel957" value="mark"/>
		<feat xlink:href="#sPointingRel959" value="obl"/>
		<feat xlink:href="#sPointingRel961" value="det"/>
		<feat xlink:href="#sPointingRel963" value="nsubj"/>
		<feat xlink:href="#sPointingRel965" value="case"/>
		<feat xlink:href="#sPointingRel967" value="nsubj"/>
		<feat xlink:href="#sPointingRel969" value="nsubj"/>
		<feat xlink:href="#sPointingRel971" value="conj"/>
		<feat xlink:href="#sPointingRel973" value="obl"/>
		<feat xlink:href="#sPointingRel975" value="mark"/>
		<feat xlink:href="#sPointingRel977" value="det"/>
		<feat xlink:href="#sPointingRel979" value="obl"/>
		<feat xlink:href="#sPointingRel981" value="nmod"/>
		<feat xlink:href="#sPointingRel983" value="nsubj"/>
		<feat xlink:href="#sPointingRel985" value="det"/>
		<feat xlink:href="#sPointingRel987" value="case"/>
		<feat xlink:href="#sPointingRel989" value="case"/>
		<feat xlink:href="#sPointingRel991" value="det"/>
		<feat xlink:href="#sPointingRel993" value="nsubj"/>
		<feat xlink:href="#sPointingRel995" value="det"/>
		<feat xlink:href="#sPointingRel997" value="advcl"/>
		<feat xlink:href="#sPointingRel999" value="obl"/>
		<feat xlink:href="#sPointingRel1001" value="advmod"/>
		<feat xlink:href="#sPointingRel1003" value="nmod"/>
		<feat xlink:href="#sPointingRel1005" value="det"/>
		<feat xlink:href="#sPointingRel1007" value="case"/>
		<feat xlink:href="#sPointingRel1009" value="aux"/>
		<feat xlink:href="#sPointingRel1011" value="obj"/>
		<feat xlink:href="#sPointingRel1013" value="case"/>
		<feat xlink:href="#sPointingRel1015" value="mark"/>
		<feat xlink:href="#sPointingRel1017" value="det"/>
		<feat xlink:href="#sPointingRel1019" value="obl"/>
		<feat xlink:href="#sPointingRel1021" value="case"/>
		<feat xlink:href="#sPointingRel1023" value="obj"/>
		<feat xlink:href="#sPointingRel1025" value="det"/>
		<feat xlink:href="#sPointingRel1027" value="case"/>
		<feat xlink:href="#sPointingRel1029" value="det"/>
		<feat xlink:href="#sPointingRel1031" value="aux"/>
		<feat xlink:href="#sPointingRel1033" value="nsubj"/>
		<feat xlink:href="#sPointingRel1035" value="ccomp"/>
		<feat xlink:href="#sPointingRel1037" value="nsubj"/>
		<feat xlink:href="#sPointingRel1039" value="nsubj"/>
		<feat xlink:href="#sPointingRel1041" value="nsubj"/>
		<feat xlink:href="#sPointingRel1043" value="nsubj"/>
		<feat xlink:href="#sPointingRel1045" value="case"/>
		<feat xlink:href="#sPointingRel1047" value="mark"/>
		<feat xlink:href="#sPointingRel1049" value="mark"/>
		<feat xlink:href="#sPointingRel1051" value="aux"/>
		<feat xlink:href="#sPointingRel1053" value="ccomp"/>
		<feat xlink:href="#sPointingRel1055" value="det"/>
		<feat xlink:href="#sPointingRel1057" value="det"/>
		<feat xlink:href="#sPointingRel1059" value="mark"/>
		<feat xlink:href="#sPointingRel1061" value="nsubj"/>
		<feat xlink:href="#sPointingRel1063" value="case"/>
		<feat xlink:href="#sPointingRel1065" value="det"/>
		<feat xlink:href="#sPointingRel1067" value="obl"/>
		<feat xlink:href="#sPointingRel1069" value="aux"/>
		<feat xlink:href="#sPointingRel1071" value="obj"/>
		<feat xlink:href="#sPointingRel1073" value="cop"/>
		<feat xlink:href="#sPointingRel1075" value="cop"/>
		<feat xlink:href="#sPointingRel1077" value="ccomp"/>
		<feat xlink:href="#sPointingRel1079" value="nsubj"/>
		<feat xlink:href="#sPointingRel1081" value="parataxis"/>
		<feat xlink:href="#sPointingRel1083" value="nsubj"/>
		<feat xlink:href="#sPointingRel1085" value="obj"/>
		<feat xlink:href="#sPointingRel1087" value="nsubj"/>
		<feat xlink:href="#sPointingRel1089" value="advcl"/>
		<feat xlink:href="#sPointingRel1091" value="nsubj"/>
		<feat xlink:href="#sPointingRel1093" value="mark"/>
		<feat xlink:href="#sPointingRel1095" value="advcl"/>
		<feat xlink:href="#sPointingRel1097" value="aux"/>
		<feat xlink:href="#sPointingRel1099" value="case"/>
		<feat xlink:href="#sPointingRel1101" value="advmod"/>
		<feat xlink:href="#sPointingRel1103" value="nmod"/>
		<feat xlink:href="#sPointingRel1105" value="advmod"/>
		<feat xlink:href="#sPointingRel1107" value="nmod"/>
		<feat xlink:href="#sPointingRel1109" value="acl"/>
		<feat xlink:href="#sPointingRel1111" value="advmod"/>
		<feat xlink:href="#sPointingRel1113" value="det"/>
		<feat xlink:href="#sPointingRel1115" value="obl"/>
		<feat xlink:href="#sPointingRel1117" value="det"/>
		<feat xlink:href="#sPointingRel1119" value="obl"/>
		<feat xlink:href="#sPointingRel1121" value="nmod"/>
		<feat xlink:href="#sPointingRel1123" value="cop"/>
		<feat xlink:href="#sPointingRel1125" value="det"/>
		<feat xlink:href="#sPointingRel1127" value="nsubj"/>
		<feat xlink:href="#sPointingRel1129" value="nsubj"/>
		<feat xlink:href="#sPointingRel1131" value="obl"/>
		<feat xlink:href="#sPointingRel1133" value="aux"/>
		<feat xlink:href="#sPointingRel1135" value="case"/>
		<feat xlink:href="#sPointingRel1137" value="acl"/>
		<feat xlink:href="#sPointingRel1139" value="det"/>
		<feat xlink:href="#sPointingRel1141" value="cc"/>
		<feat xlink:href="#sPointingRel1143" value="obj"/>
		<feat xlink:href="#sPointingRel1145" value="nsubj"/>
		<feat xlink:href="#sPointingRel1147" value="case"/>
		<feat xlink:href="#sPointingRel1149" value="advmod"/>
		<feat xlink:href="#sPointingRel1151" value="obj"/>
		<feat xlink:href="#sPointingRel1153" value="obl"/>
		<feat xlink:href="#sPointingRel1155" value="mark"/>
		<feat xlink:href="#sPointingRel1157" value="mark"/>
		<feat xlink:href="#sPointingRel1159" value="nsubj"/>
		<feat xlink:href="#sPointingRel1161" value="case"/>
		<feat xlink:href="#sPointingRel1163" value="acl"/>
		<feat xlink:href="#sPointingRel1165" value="nsubj"/>
		<feat xlink:href="#sPointingRel1167" value="aux"/>
		<feat xlink:href="#sPointingRel1169" value="mark"/>
		<feat xlink:href="#sPointingRel1171" value="cop"/>
		<feat xlink:href="#sPointingRel1173" value="mark"/>
		<feat xlink:href="#sPointingRel1175" value="nmod"/>
		<feat xlink:href="#sPointingRel1177" value="det"/>
		<feat xlink:href="#sPointingRel1179" value="det"/>
		<feat xlink:href="#sPointingRel1181" value="case"/>
		<feat xlink:href="#sPointingRel1183" value="nsubj"/>
		<feat xlink:href="#sPointingRel1185" value="obj"/>
		<feat xlink:href="#sPointingRel1187" value="aux"/>
		<feat xlink:href="#sPointingRel1189" value="case"/>
		<feat xlink:href="#sPointingRel1191" value="case"/>
		<feat xlink:href="#sPointingRel1193" value="cc"/>
		<feat xlink:href="#sPointingRel1195" value="det"/>
		<feat xlink:href="#sPointingRel1197" value="det"/>
		<feat xlink:href="#sPointingRel1199" value="nmod"/>
		<feat xlink:href="#sPointingRel1201" value="aux"/>
		<feat xlink:href="#sPointingRel1203" value="mark"/>
		<feat xlink:href="#sPointingRel1205" value="aux"/>
		<feat xlink:href="#sPointingRel1207" value="case"/>
		<feat xlink:href="#sPointingRel1209" value="case"/>
		<feat xlink:href="#sPointingRel1211" value="obl"/>
		<feat xlink:href="#sPointingRel1213" value="nsubj"/>
		<feat xlink:href="#sPointingRel1215" value="nmod"/>
		<feat xlink:href="#sPointingRel1217" value="mark"/>
		<feat xlink:href="#sPointingRel1219" value="det"/>
		<feat xlink:href="#sPointingRel1221" value="nsubj"/>
		<feat xlink:href="#sPointingRel1223" value="aux"/>
		<feat xlink:href="#sPointingRel1225" value="case"/>
		<feat xlink:href="#sPointingRel1227" value="nmod"/>
		<feat xlink:href="#sPointingRel1229" value="obj"/>
		<feat xlink:href="#sPointingRel1231" value="det"/>
		<feat xlink:href="#sPointingRel1233" value="mark"/>
		<feat xlink:href="#sPointingRel1235" value="aux"/>
		<feat xlink:href="#sPointingRel1237" value="obl"/>
		<feat xlink:href="#sPointingRel1239" value="acl"/>
		<feat xlink:href="#sPointingRel1241" value="obj"/>
		<feat xlink:href="#sPointingRel1243" value="ccomp"/>
		<feat xlink:href="#sPointingRel1245" value="aux"/>
		<feat xlink:href="#sPointingRel1247" value="det"/>
		<feat xlink:href="#sPointingRel1249" value="aux"/>
		<feat xlink:href="#sPointingRel1251" value="obl"/>
		<feat xlink:href="#sPointingRel1253" value="parataxis"/>
		<feat xlink:href="#sPointingRel1255" value="conj"/>
		<feat xlink:href="#sPointingRel1257" value="iobj"/>
		<feat xlink:href="#sPointingRel1259" value="aux"/>
		<feat xlink:href="#sPointingRel1261" value="case"/>
		<feat xlink:href="#sPointingRel1263" value="dislocated"/>
		<feat xlink:href="#sPointingRel1265" value="obj"/>
		<feat xlink:href="#sPointingRel1267" value="advcl"/>
		<feat xlink:href="#sPointingRel1269" value="mark"/>
		<feat xlink:href="#sPointingRel1271" value="parataxis"/>
		<feat xlink:href="#sPointingRel1273" value="nsubj"/>
		<feat xlink:href="#sPointingRel1275" value="aux"/>
		<feat xlink:href="#sPointingRel1277" value="case"/>
		<feat xlink:href="#sPointingRel1279" value="parataxis"/>
		<feat xlink:href="#sPointingRel1281" value="mark"/>
		<feat xlink:href="#sPointingRel1283" value="acl"/>
		<feat xlink:href="#sPointingRel1285" value="case"/>
		<feat xlink:href="#sPointingRel1287" value="case"/>
		<feat xlink:href="#sPointingRel1289" value="nsubj"/>
		<feat xlink:href="#sPointingRel1291" value="ccomp"/>
		<feat xlink:href="#sPointingRel1293" value="cc"/>
		<feat xlink:href="#sPointingRel1295" value="case"/>
		<feat xlink:href="#sPointingRel1297" value="mark"/>
		<feat xlink:href="#sPointingRel1299" value="nsubj"/>
		<feat xlink:href="#sPointingRel1301" value="case"/>
		<feat xlink:href="#sPointingRel1303" value="det"/>
		<feat xlink:href="#sPointingRel1305" value="mark"/>
		<feat xlink:href="#sPointingRel1307" value="case"/>
		<feat xlink:href="#sPointingRel1309" value="nsubj"/>
		<feat xlink:href="#sPointingRel1311" value="nsubj"/>
		<feat xlink:href="#sPointingRel1313" value="cop"/>
		<feat xlink:href="#sPointingRel1315" value="advcl"/>
		<feat xlink:href="#sPointingRel1317" value="det"/>
		<feat xlink:href="#sPointingRel1319" value="dislocated"/>
		<feat xlink:href="#sPointingRel1321" value="obl"/>
		<feat xlink:href="#sPointingRel1323" value="aux"/>
		<feat xlink:href="#sPointingRel1325" value="acl"/>
		<feat xlink:href="#sPointingRel1327" value="det"/>
		<feat xlink:href="#sPointingRel1329" value="case"/>
		<feat xlink:href="#sPointingRel1331" value="det"/>
		<feat xlink:href="#sPointingRel1333" value="det"/>
		<feat xlink:href="#sPointingRel1335" value="obl"/>
		<feat xlink:href="#sPointingRel1337" value="case"/>
		<feat xlink:href="#sPointingRel1339" value="obl"/>
		<feat xlink:href="#sPointingRel1341" value="cc"/>
		<feat xlink:href="#sPointingRel1343" value="nsubj"/>
		<feat xlink:href="#sPointingRel1345" value="det"/>
		<feat xlink:href="#sPointingRel1347" value="case"/>
		<feat xlink:href="#sPointingRel1349" value="case"/>
		<feat xlink:href="#sPointingRel1351" value="det"/>
		<feat xlink:href="#sPointingRel1353" value="det"/>
		<feat xlink:href="#sPointingRel1355" value="acl"/>
		<feat xlink:href="#sPointingRel1357" value="dislocated"/>
		<feat xlink:href="#sPointingRel1359" value="det"/>
		<feat xlink:href="#sPointingRel1361" value="det"/>
		<feat xlink:href="#sPointingRel1363" value="aux"/>
		<feat xlink:href="#sPointingRel1365" value="obj"/>
		<feat xlink:href="#sPointingRel1367" value="aux"/>
		<feat xlink:href="#sPointingRel1369" value="nsubj"/>
		<feat xlink:href="#sPointingRel1371" value="det"/>
		<feat xlink:href="#sPointingRel1373" value="advcl"/>
		<feat xlink:href="#sPointingRel1375" value="case"/>
		<feat xlink:href="#sPointingRel1377" value="cc"/>
		<feat xlink:href="#sPointingRel1379" value="ccomp"/>
		<feat xlink:href="#sPointingRel1381" value="aux"/>
		<feat xlink:href="#sPointingRel1383" value="obj"/>
		<feat xlink:href="#sPointingRel1385" value="det"/>
		<feat xlink:href="#sPointingRel1387" value="acl"/>
		<feat xlink:href="#sPointingRel1389" value="acl"/>
		<feat xlink:href="#sPointingRel1391" value="acl"/>
		<feat xlink:href="#sPointingRel1393" value="mark"/>
		<feat xlink:href="#sPointingRel1395" value="case"/>
		<feat xlink:href="#sPointingRel1397" value="case"/>
		<feat xlink:href="#sPointingRel1399" value="mark"/>
		<feat xlink:href="#sPointingRel1401" value="obj"/>
		<feat xlink:href="#sPointingRel1403" value="cc"/>
		<feat xlink:href="#sPointingRel1405" value="case"/>
		<feat xlink:href="#sPointingRel1407" value="aux"/>
		<feat xlink:href="#sPointingRel1409" value="cc"/>
		<feat xlink:href="#sPointingRel1411" value="case"/>
		<feat xlink:href="#sPointingRel1413" value="case"/>
		<feat xlink:href="#sPointingRel1415" value="nsubj"/>
		<feat xlink:href="#sPointingRel1417" value="fixed"/>
		<feat xlink:href="#sPointingRel1419" value="aux"/>
		<feat xlink:href="#sPointingRel1421" value="obl"/>
		<feat xlink:href="#sPointingRel1423" value="ccomp"/>
		<feat xlink:href="#sPointingRel1425" value="det"/>
		<feat xlink:href="#sPointingRel1427" value="nsubj"/>
		<feat xlink:href="#sPointingRel1429" value="advcl"/>
		<feat xlink:href="#sPointingRel1431" value="dislocated"/>
		<feat xlink:href="#sPointingRel1433" value="case"/>
		<feat xlink:href="#sPointingRel1435" value="ccomp"/>
		<feat xlink:href="#sPointingRel1437" value="case"/>
		<feat xlink:href="#sPointingRel1439" value="advmod"/>
		<feat xlink:href="#sPointingRel1441" value="aux"/>
		<feat xlink:href="#sPointingRel1443" value="mark"/>
		<feat xlink:href="#sPointingRel1445" value="nsubj"/>
		<feat xlink:href="#sPointingRel1447" value="obj"/>
		<feat xlink:href="#sPointingRel1449" value="obl"/>
		<feat xlink:href="#sPointingRel1451" value="fixed"/>
		<feat xlink:href="#sPointingRel1453" value="obl"/>
		<feat xlink:href="#sPointingRel1455" value="case"/>
		<feat xlink:href="#sPointingRel1457" value="det"/>
		<feat xlink:href="#sPointingRel1459" value="det"/>
		<feat xlink:href="#sPointingRel1461" value="case"/>
		<feat xlink:href="#sPointingRel1463" value="obl"/>
		<feat xlink:href="#sPointingRel1465" value="advcl"/>
		<feat xlink:href="#sPointingRel1467" value="mark"/>
		<feat xlink:href="#sPointingRel1469" value="case"/>
		<feat xlink:href="#sPointingRel1471" value="ccomp"/>
		<feat xlink:href="#sPointingRel1473" value="nsubj"/>
		<feat xlink:href="#sPointingRel1475" value="obl"/>
		<feat xlink:href="#sPointingRel1477" value="case"/>
		<feat xlink:href="#sPointingRel1479" value="obl"/>
		<feat xlink:href="#sPointingRel1481" value="obl"/>
		<feat xlink:href="#sPointingRel1483" value="nsubj"/>
		<feat xlink:href="#sPointingRel1485" value="obl"/>
		<feat xlink:href="#sPointingRel1487" value="obl"/>
		<feat xlink:href="#sPointingRel1489" value="det"/>
		<feat xlink:href="#sPointingRel1491" value="nsubj"/>
		<feat xlink:href="#sPointingRel1493" value="aux"/>
		<feat xlink:href="#sPointingRel1495" value="ccomp"/>
		<feat xlink:href="#sPointingRel1497" value="aux"/>
		<feat xlink:href="#sPointingRel1499" value="aux"/>
		<feat xlink:href="#sPointingRel1501" value="mark"/>
		<feat xlink:href="#sPointingRel1503" value="mark"/>
		<feat xlink:href="#sPointingRel1505" value="advmod"/>
		<feat xlink:href="#sPointingRel1507" value="cop"/>
		<feat xlink:href="#sPointingRel1509" value="case"/>
		<feat xlink:href="#sPointingRel1511" value="nsubj"/>
		<feat xlink:href="#sPointingRel1513" value="xcomp"/>
		<feat xlink:href="#sPointingRel1515" value="ccomp"/>
		<feat xlink:href="#sPointingRel1517" value="obl"/>
		<feat xlink:href="#sPointingRel1519" value="case"/>
		<feat xlink:href="#sPointingRel1521" value="case"/>
		<feat xlink:href="#sPointingRel1523" value="det"/>
		<feat xlink:href="#sPointingRel1525" value="obj"/>
		<feat xlink:href="#sPointingRel1527" value="conj"/>
		<feat xlink:href="#sPointingRel1529" value="det"/>
		<feat xlink:href="#sPointingRel1531" value="nmod"/>
		<feat xlink:href="#sPointingRel1533" value="acl"/>
		<feat xlink:href="#sPointingRel1535" value="obl"/>
		<feat xlink:href="#sPointingRel1537" value="case"/>
		<feat xlink:href="#sPointingRel1539" value="det"/>
		<feat xlink:href="#sPointingRel1541" value="det"/>
		<feat xlink:href="#sPointingRel1543" value="nsubj"/>
		<feat xlink:href="#sPointingRel1545" value="case"/>
		<feat xlink:href="#sPointingRel1547" value="nsubj"/>
		<feat xlink:href="#sPointingRel1549" value="det"/>
		<feat xlink:href="#sPointingRel1551" value="det"/>
		<feat xlink:href="#sPointingRel1553" value="nmod"/>
		<feat xlink:href="#sPointingRel1555" value="obj"/>
		<feat xlink:href="#sPointingRel1557" value="nsubj"/>
		<feat xlink:href="#sPointingRel1559" value="obl"/>
		<feat xlink:href="#sPointingRel1561" value="obj"/>
		<feat xlink:href="#sPointingRel1563" value="acl"/>
		<feat xlink:href="#sPointingRel1565" value="aux"/>
		<feat xlink:href="#sPointingRel1567" value="case"/>
		<feat xlink:href="#sPointingRel1569" value="case"/>
		<feat xlink:href="#sPointingRel1571" value="nmod"/>
		<feat xlink:href="#sPointingRel1573" value="case"/>
		<feat xlink:href="#sPointingRel1575" value="det"/>
		<feat xlink:href="#sPointingRel1577" value="case"/>
		<feat xlink:href="#sPointingRel1579" value="mark"/>
		<feat xlink:href="#sPointingRel1581" value="parataxis"/>
		<feat xlink:href="#sPointingRel1583" value="obl"/>
		<feat xlink:href="#sPointingRel1585" value="parataxis"/>
		<feat xlink:href="#sPointingRel1587" value="parataxis"/>
		<feat xlink:href="#sPointingRel1589" value="dislocated"/>
		<feat xlink:href="#sPointingRel1591" value="acl"/>
		<feat xlink:href="#sPointingRel1593" value="det"/>
		<feat xlink:href="#sPointingRel1595" value="det"/>
		<feat xlink:href="#sPointingRel1597" value="advcl"/>
		<feat xlink:href="#sPointingRel1599" value="nsubj"/>
		<feat xlink:href="#sPointingRel1601" value="det"/>
		<feat xlink:href="#sPointingRel1603" value="nsubj"/>
		<feat xlink:href="#sPointingRel1605" value="nmod"/>
		<feat xlink:href="#sPointingRel1607" value="aux"/>
		<feat xlink:href="#sPointingRel1609" value="case"/>
		<feat xlink:href="#sPointingRel1611" value="det"/>
		<feat xlink:href="#sPointingRel1613" value="conj"/>
		<feat xlink:href="#sPointingRel1615" value="nsubj"/>
		<feat xlink:href="#sPointingRel1617" value="case"/>
		<feat xlink:href="#sPointingRel1619" value="case"/>
		<feat xlink:href="#sPointingRel1621" value="obl"/>
		<feat xlink:href="#sPointingRel1623" value="case"/>
		<feat xlink:href="#sPointingRel1625" value="case"/>
		<feat xlink:href="#sPointingRel1627" value="det"/>
		<feat xlink:href="#sPointingRel1629" value="nmod"/>
		<feat xlink:href="#sPointingRel1631" value="aux"/>
		<feat xlink:href="#sPointingRel1633" value="det"/>
		<feat xlink:href="#sPointingRel1635" value="case"/>
		<feat xlink:href="#sPointingRel1637" value="nsubj"/>
		<feat xlink:href="#sPointingRel1639" value="case"/>
		<feat xlink:href="#sPointingRel1641" value="case"/>
		<feat xlink:href="#sPointingRel1643" value="nmod"/>
		<feat xlink:href="#sPointingRel1645" value="obj"/>
		<feat xlink:href="#sPointingRel1647" value="mark"/>
		<feat xlink:href="#sPointingRel1649" value="xcomp"/>
		<feat xlink:href="#sPointingRel1651" value="nsubj"/>
		<feat xlink:href="#sPointingRel1653" value="mark"/>
		<feat xlink:href="#sPointingRel1655" value="nmod"/>
		<feat xlink:href="#sPointingRel1657" value="nsubj"/>
		<feat xlink:href="#sPointingRel1659" value="det"/>
		<feat xlink:href="#sPointingRel1661" value="case"/>
		<feat xlink:href="#sPointingRel1663" value="case"/>
		<feat xlink:href="#sPointingRel1665" value="obl"/>
		<feat xlink:href="#sPointingRel1667" value="nsubj"/>
		<feat xlink:href="#sPointingRel1669" value="advcl"/>
		<feat xlink:href="#sPointingRel1671" value="ccomp"/>
		<feat xlink:href="#sPointingRel1673" value="mark"/>
		<feat xlink:href="#sPointingRel1675" value="nsubj"/>
		<feat xlink:href="#sPointingRel1677" value="dislocated"/>
		<feat xlink:href="#sPointingRel1679" value="acl"/>
		<feat xlink:href="#sPointingRel1681" value="ccomp"/>
		<feat xlink:href="#sPointingRel1683" value="nmod"/>
		<feat xlink:href="#sPointingRel1685" value="nsubj"/>
		<feat xlink:href="#sPointingRel1687" value="det"/>
		<feat xlink:href="#sPointingRel1689" value="det"/>
		<feat xlink:href="#sPointingRel1691" value="nsubj"/>
		<feat xlink:href="#sPointingRel1693" value="case"/>
		<feat xlink:href="#sPointingRel1695" value="advmod"/>
		<feat xlink:href="#sPointingRel1697" value="case"/>
		<feat xlink:href="#sPointingRel1699" value="nsubj"/>
		<feat xlink:href="#sPointingRel1701" value="aux"/>
		<feat xlink:href="#sPointingRel1703" value="mark"/>
		<feat xlink:href="#sPointingRel1705" value="nsubj"/>
		<feat xlink:href="#sPointingRel1707" value="aux"/>
		<feat xlink:href="#sPointingRel1709" value="obl"/>
		<feat xlink:href="#sPointingRel1711" value="det"/>
		<feat xlink:href="#sPointingRel1713" value="fixed"/>
		<feat xlink:href="#sPointingRel1715" value="advcl"/>
		<feat xlink:href="#sPointingRel1717" value="parataxis"/>
		<feat xlink:href="#sPointingRel1719" value="case"/>
		<feat xlink:href="#sPointingRel1721" value="det"/>
		<feat xlink:href="#sPointingRel1723" value="cc"/>
		<feat xlink:href="#sPointingRel1725" value="cc"/>
		<feat xlink:href="#sPointingRel1727" value="det"/>
		<feat xlink:href="#sPointingRel1729" value="case"/>
		<feat xlink:href="#sPointingRel1731" value="advmod"/>
		<feat xlink:href="#sPointingRel1733" value="case"/>
		<feat xlink:href="#sPointingRel1735" value="ccomp"/>
		<feat xlink:href="#sPointingRel1737" value="cop"/>
		<feat xlink:href="#sPointingRel1739" value="nsubj"/>
		<feat xlink:href="#sPointingRel1741" value="case"/>
		<feat xlink:href="#sPointingRel1743" value="mark"/>
		<feat xlink:href="#sPointingRel1745" value="nsubj"/>
		<feat xlink:href="#sPointingRel1747" value="parataxis"/>
		<feat xlink:href="#sPointingRel1749" value="case"/>
		<feat xlink:href="#sPointingRel1751" value="det"/>
		<feat xlink:href="#sPointingRel1753" value="mark"/>
		<feat xlink:href="#sPointingRel1755" value="advcl"/>
		<feat xlink:href="#sPointingRel1757" value="case"/>
		<feat xlink:href="#sPointingRel1759" value="advmod"/>
		<feat xlink:href="#sPointingRel1761" value="advmod"/>
		<feat xlink:href="#sPointingRel1763" value="advmod"/>
		<feat xlink:href="#sPointingRel1765" value="advmod"/>
		<feat xlink:href="#sPointingRel1767" value="obj"/>
		<feat xlink:href="#sPointingRel1769" value="nsubj"/>
		<feat xlink:href="#sPointingRel1771" value="obj"/>
		<feat xlink:href="#sPointingRel1773" value="obj"/>
		<feat xlink:href="#sPointingRel1775" value="obj"/>
		<feat xlink:href="#sPointingRel1777" value="mark"/>
		<feat xlink:href="#sPointingRel1779" value="nsubj"/>
		<feat xlink:href="#sPointingRel1781" value="det"/>
		<feat xlink:href="#sPointingRel1783" value="cc"/>
		<feat xlink:href="#sPointingRel1785" value="case"/>
		<feat xlink:href="#sPointingRel1787" value="case"/>
		<feat xlink:href="#sPointingRel1789" value="ccomp"/>
		<feat xlink:href="#sPointingRel1791" value="nsubj"/>
		<feat xlink:href="#sPointingRel1793" value="nsubj"/>
		<feat xlink:href="#sPointingRel1795" value="mark"/>
		<feat xlink:href="#sPointingRel1797" value="aux"/>
		<feat xlink:href="#sPointingRel1799" value="obj"/>
		<feat xlink:href="#sPointingRel1801" value="case"/>
		<feat xlink:href="#sPointingRel1803" value="obl"/>
		<feat xlink:href="#sPointingRel1805" value="det"/>
		<feat xlink:href="#sPointingRel1807" value="nmod"/>
		<feat xlink:href="#sPointingRel1809" value="case"/>
		<feat xlink:href="#sPointingRel1811" value="case"/>
		<feat xlink:href="#sPointingRel1813" value="case"/>
		<feat xlink:href="#sPointingRel1815" value="mark"/>
		<feat xlink:href="#sPointingRel1817" value="acl"/>
		<feat xlink:href="#sPointingRel1819" value="mark"/>
		<feat xlink:href="#sPointingRel1821" value="nsubj"/>
		<feat xlink:href="#sPointingRel1823" value="mark"/>
		<feat xlink:href="#sPointingRel1825" value="nsubj"/>
		<feat xlink:href="#sPointingRel1827" value="case"/>
		<feat xlink:href="#sPointingRel1829" value="acl"/>
		<feat xlink:href="#sPointingRel1831" value="vocative"/>
		<feat xlink:href="#sPointingRel1833" value="det"/>
		<feat xlink:href="#sPointingRel1835" value="parataxis"/>
		<feat xlink:href="#sPointingRel1837" value="det"/>
		<feat xlink:href="#sPointingRel1839" value="obl"/>
		<feat xlink:href="#sPointingRel1841" value="det"/>
		<feat xlink:href="#sPointingRel1843" value="case"/>
		<feat xlink:href="#sPointingRel1845" value="det"/>
		<feat xlink:href="#sPointingRel1847" value="dislocated"/>
		<feat xlink:href="#sPointingRel1849" value="mark"/>
		<feat xlink:href="#sPointingRel1851" value="nmod"/>
		<feat xlink:href="#sPointingRel1853" value="aux"/>
		<feat xlink:href="#sPointingRel1855" value="acl"/>
		<feat xlink:href="#sPointingRel1857" value="nsubj"/>
		<feat xlink:href="#sPointingRel1859" value="aux"/>
		<feat xlink:href="#sPointingRel1861" value="nsubj"/>
		<feat xlink:href="#sPointingRel1863" value="det"/>
		<feat xlink:href="#sPointingRel1865" value="case"/>
		<feat xlink:href="#sPointingRel1867" value="mark"/>
		<feat xlink:href="#sPointingRel1869" value="mark"/>
		<feat xlink:href="#sPointingRel1871" value="obj"/>
		<feat xlink:href="#sPointingRel1873" value="ccomp"/>
		<feat xlink:href="#sPointingRel1875" value="obj"/>
		<feat xlink:href="#sPointingRel1877" value="det"/>
		<feat xlink:href="#sPointingRel1879" value="case"/>
		<feat xlink:href="#sPointingRel1881" value="case"/>
		<feat xlink:href="#sPointingRel1883" value="mark"/>
		<feat xlink:href="#sPointingRel1885" value="nmod"/>
		<feat xlink:href="#sPointingRel1887" value="case"/>
		<feat xlink:href="#sPointingRel1889" value="vocative"/>
		<feat xlink:href="#sPointingRel1891" value="ccomp"/>
		<feat xlink:href="#sPointingRel1893" value="obl"/>
		<feat xlink:href="#sPointingRel1895" value="conj"/>
		<feat xlink:href="#sPointingRel1897" value="case"/>
		<feat xlink:href="#sPointingRel1899" value="obj"/>
		<feat xlink:href="#sPointingRel1901" value="cop"/>
		<feat xlink:href="#sPointingRel1903" value="xcomp"/>
		<feat xlink:href="#sPointingRel1905" value="aux"/>
		<feat xlink:href="#sPointingRel1907" value="parataxis"/>
		<feat xlink:href="#sPointingRel1909" value="aux"/>
		<feat xlink:href="#sPointingRel1911" value="advcl"/>
		<feat xlink:href="#sPointingRel1913" value="cop"/>
		<feat xlink:href="#sPointingRel1915" value="case"/>
		<feat xlink:href="#sPointingRel1917" value="det"/>
		<feat xlink:href="#sPointingRel1919" value="advmod"/>
		<feat xlink:href="#sPointingRel1921" value="advcl"/>
		<feat xlink:href="#sPointingRel1923" value="obl"/>
		<feat xlink:href="#sPointingRel1925" value="case"/>
		<feat xlink:href="#sPointingRel1927" value="aux"/>
		<feat xlink:href="#sPointingRel1929" value="case"/>
		<feat xlink:href="#sPointingRel1931" value="advcl"/>
		<feat xlink:href="#sPointingRel1933" value="obl"/>
		<feat xlink:href="#sPointingRel1935" value="advmod"/>
		<feat xlink:href="#sPointingRel1937" value="dislocated"/>
		<feat xlink:href="#sPointingRel1939" value="obl"/>
		<feat xlink:href="#sPointingRel1941" value="acl"/>
		<feat xlink:href="#sPointingRel1943" value="cop"/>
		<feat xlink:href="#sPointingRel1945" value="obj"/>
		<feat xlink:href="#sPointingRel1947" value="det"/>
		<feat xlink:href="#sPointingRel1949" value="case"/>
		<feat xlink:href="#sPointingRel1951" value="aux"/>
		<feat xlink:href="#sPointingRel1953" value="nsubj"/>
		<feat xlink:href="#sPointingRel1955" value="aux"/>
		<feat xlink:href="#sPointingRel1957" value="mark"/>
		<feat xlink:href="#sPointingRel1959" value="det"/>
		<feat xlink:href="#sPointingRel1961" value="advmod"/>
		<feat xlink:href="#sPointingRel1963" value="det"/>
		<feat xlink:href="#sPointingRel1965" value="mark"/>
		<feat xlink:href="#sPointingRel1967" value="nsubj"/>
		<feat xlink:href="#sPointingRel1969" value="mark"/>
		<feat xlink:href="#sPointingRel1971" value="advmod"/>
		<feat xlink:href="#sPointingRel1973" value="case"/>
		<feat xlink:href="#sPointingRel1975" value="det"/>
		<feat xlink:href="#sPointingRel1977" value="mark"/>
		<feat xlink:href="#sPointingRel1979" value="nsubj"/>
		<feat xlink:href="#sPointingRel1981" value="nsubj"/>
		<feat xlink:href="#sPointingRel1983" value="aux"/>
		<feat xlink:href="#sPointingRel1985" value="case"/>
		<feat xlink:href="#sPointingRel1987" value="nsubj"/>
		<feat xlink:href="#sPointingRel1989" value="mark"/>
		<feat xlink:href="#sPointingRel1991" value="mark"/>
		<feat xlink:href="#sPointingRel1993" value="dislocated"/>
		<feat xlink:href="#sPointingRel1995" value="dislocated"/>
		<feat xlink:href="#sPointingRel1997" value="nsubj"/>
		<feat xlink:href="#sPointingRel1999" value="advcl"/>
		<feat xlink:href="#sPointingRel2001" value="obl"/>
		<feat xlink:href="#sPointingRel2003" value="advcl"/>
		<feat xlink:href="#sPointingRel2005" value="advmod"/>
		<feat xlink:href="#sPointingRel2007" value="case"/>
		<feat xlink:href="#sPointingRel2009" value="nsubj"/>
		<feat xlink:href="#sPointingRel2011" value="advmod"/>
		<feat xlink:href="#sPointingRel2013" value="acl"/>
		<feat xlink:href="#sPointingRel2015" value="dislocated"/>
		<feat xlink:href="#sPointingRel2017" value="advmod"/>
		<feat xlink:href="#sPointingRel2019" value="dislocated"/>
		<feat xlink:href="#sPointingRel2021" value="det"/>
		<feat xlink:href="#sPointingRel2023" value="mark"/>
		<feat xlink:href="#sPointingRel2025" value="csubj"/>
		<feat xlink:href="#sPointingRel2027" value="det"/>
		<feat xlink:href="#sPointingRel2029" value="mark"/>
		<feat xlink:href="#sPointingRel2031" value="cc"/>
		<feat xlink:href="#sPointingRel2033" value="obl"/>
		<feat xlink:href="#sPointingRel2035" value="nsubj"/>
		<feat xlink:href="#sPointingRel2037" value="dislocated"/>
		<feat xlink:href="#sPointingRel2039" value="det"/>
		<feat xlink:href="#sPointingRel2041" value="mark"/>
		<feat xlink:href="#sPointingRel2043" value="aux"/>
		<feat xlink:href="#sPointingRel2045" value="obj"/>
		<feat xlink:href="#sPointingRel2047" value="nsubj"/>
		<feat xlink:href="#sPointingRel2049" value="nsubj"/>
		<feat xlink:href="#sPointingRel2051" value="acl"/>
		<feat xlink:href="#sPointingRel2053" value="case"/>
		<feat xlink:href="#sPointingRel2055" value="aux"/>
		<feat xlink:href="#sPointingRel2057" value="advmod"/>
		<feat xlink:href="#sPointingRel2059" value="ccomp"/>
		<feat xlink:href="#sPointingRel2061" value="mark"/>
		<feat xlink:href="#sPointingRel2063" value="nsubj"/>
		<feat xlink:href="#sPointingRel2065" value="case"/>
		<feat xlink:href="#sPointingRel2067" value="case"/>
		<feat xlink:href="#sPointingRel2069" value="det"/>
		<feat xlink:href="#sPointingRel2071" value="obl"/>
		<feat xlink:href="#sPointingRel2073" value="parataxis"/>
		<feat xlink:href="#sPointingRel2075" value="parataxis"/>
		<feat xlink:href="#sPointingRel2077" value="obj"/>
		<feat xlink:href="#sPointingRel2079" value="det"/>
		<feat xlink:href="#sPointingRel2081" value="obl"/>
		<feat xlink:href="#sPointingRel2083" value="obl"/>
		<feat xlink:href="#sPointingRel2085" value="nmod"/>
		<feat xlink:href="#sPointingRel2087" value="ccomp"/>
		<feat xlink:href="#sPointingRel2089" value="aux"/>
		<feat xlink:href="#sPointingRel2091" value="nsubj"/>
		<feat xlink:href="#sPointingRel2093" value="mark"/>
		<feat xlink:href="#sPointingRel2095" value="case"/>
		<feat xlink:href="#sPointingRel2097" value="case"/>
		<feat xlink:href="#sPointingRel2099" value="case"/>
		<feat xlink:href="#sPointingRel2101" value="advmod"/>
		<feat xlink:href="#sPointingRel2103" value="cop"/>
		<feat xlink:href="#sPointingRel2105" value="case"/>
		<feat xlink:href="#sPointingRel2107" value="case"/>
		<feat xlink:href="#sPointingRel2109" value="det"/>
		<feat xlink:href="#sPointingRel2111" value="det"/>
		<feat xlink:href="#sPointingRel2113" value="obl"/>
		<feat xlink:href="#sPointingRel2115" value="case"/>
		<feat xlink:href="#sPointingRel2117" value="case"/>
		<feat xlink:href="#sPointingRel2119" value="case"/>
		<feat xlink:href="#sPointingRel2121" value="obl"/>
		<feat xlink:href="#sPointingRel2123" value="obj"/>
		<feat xlink:href="#sPointingRel2125" value="nmod"/>
		<feat xlink:href="#sPointingRel2127" value="csubj"/>
		<feat xlink:href="#sPointingRel2129" value="xcomp"/>
		<feat xlink:href="#sPointingRel2131" value="det"/>
		<feat xlink:href="#sPointingRel2133" value="ccomp"/>
		<feat xlink:href="#sPointingRel2135" value="conj"/>
		<feat xlink:href="#sPointingRel2137" value="det"/>
		<feat xlink:href="#sPointingRel2139" value="advmod"/>
		<feat xlink:href="#sPointingRel2141" value="nmod"/>
		<feat xlink:href="#sPointingRel2143" value="det"/>
		<feat xlink:href="#sPointingRel2145" value="case"/>
		<feat xlink:href="#sPointingRel2147" value="nsubj"/>
		<feat xlink:href="#sPointingRel2149" value="case"/>
		<feat xlink:href="#sPointingRel2151" value="mark"/>
		<feat xlink:href="#sPointingRel2153" value="mark"/>
		<feat xlink:href="#sPointingRel2155" value="conj"/>
		<feat xlink:href="#sPointingRel2157" value="advcl"/>
		<feat xlink:href="#sPointingRel2159" value="case"/>
		<feat xlink:href="#sPointingRel2161" value="obl"/>
		<feat xlink:href="#sPointingRel2163" value="case"/>
		<feat xlink:href="#sPointingRel2165" value="nsubj"/>
		<feat xlink:href="#sPointingRel2167" value="obl"/>
		<feat xlink:href="#sPointingRel2169" value="det"/>
		<feat xlink:href="#sPointingRel2171" value="case"/>
		<feat xlink:href="#sPointingRel2173" value="advcl"/>
		<feat xlink:href="#sPointingRel2175" value="case"/>
		<feat xlink:href="#sPointingRel2177" value="advcl"/>
		<feat xlink:href="#sPointingRel2179" value="det"/>
		<feat xlink:href="#sPointingRel2181" value="nsubj"/>
		<feat xlink:href="#sPointingRel2183" value="aux"/>
		<feat xlink:href="#sPointingRel2185" value="case"/>
		<feat xlink:href="#sPointingRel2187" value="aux"/>
		<feat xlink:href="#sPointingRel2189" value="det"/>
		<feat xlink:href="#sPointingRel2191" value="aux"/>
		<feat xlink:href="#sPointingRel2193" value="advmod"/>
		<feat xlink:href="#sPointingRel2195" value="nsubj"/>
		<feat xlink:href="#sPointingRel2197" value="case"/>
		<feat xlink:href="#sPointingRel2199" value="nsubj"/>
		<feat xlink:href="#sPointingRel2201" value="advmod"/>
		<feat xlink:href="#sPointingRel2203" value="nsubj"/>
		<feat xlink:href="#sPointingRel2205" value="case"/>
		<feat xlink:href="#sPointingRel2207" value="aux"/>
		<feat xlink:href="#sPointingRel2209" value="mark"/>
		<feat xlink:href="#sPointingRel2211" value="obl"/>
		<feat xlink:href="#sPointingRel2213" value="case"/>
		<feat xlink:href="#sPointingRel2215" value="nsubj"/>
		<feat xlink:href="#sPointingRel2217" value="obl"/>
		<feat xlink:href="#sPointingRel2219" value="acl"/>
		<feat xlink:href="#sPointingRel2221" value="advmod"/>
		<feat xlink:href="#sPointingRel2223" value="aux"/>
		<feat xlink:href="#sPointingRel2225" value="det"/>
		<feat xlink:href="#sPointingRel2227" value="case"/>
		<feat xlink:href="#sPointingRel2229" value="det"/>
		<feat xlink:href="#sPointingRel2231" value="case"/>
		<feat xlink:href="#sPointingRel2233" value="ccomp"/>
		<feat xlink:href="#sPointingRel2235" value="mark"/>
		<feat xlink:href="#sPointingRel2237" value="obl"/>
		<feat xlink:href="#sPointingRel2239" value="nmod"/>
		<feat xlink:href="#sPointingRel2241" value="case"/>
		<feat xlink:href="#sPointingRel2243" value="vocative"/>
		<feat xlink:href="#sPointingRel2245" value="cop"/>
		<feat xlink:href="#sPointingRel2247" value="cop"/>
		<feat xlink:href="#sPointingRel2249" value="cc"/>
		<feat xlink:href="#sPointingRel2251" value="aux"/>
		<feat xlink:href="#sPointingRel2253" value="case"/>
		<feat xlink:href="#sPointingRel2255" value="mark"/>
		<feat xlink:href="#sPointingRel2257" value="case"/>
		<feat xlink:href="#sPointingRel2259" value="mark"/>
		<feat xlink:href="#sPointingRel2261" value="case"/>
		<feat xlink:href="#sPointingRel2263" value="acl"/>
		<feat xlink:href="#sPointingRel2265" value="advcl"/>
		<feat xlink:href="#sPointingRel2267" value="det"/>
		<feat xlink:href="#sPointingRel2269" value="acl"/>
		<feat xlink:href="#sPointingRel2271" value="det"/>
		<feat xlink:href="#sPointingRel2273" value="advmod"/>
		<feat xlink:href="#sPointingRel2275" value="mark"/>
		<feat xlink:href="#sPointingRel2277" value="det"/>
		<feat xlink:href="#sPointingRel2279" value="case"/>
		<feat xlink:href="#sPointingRel2281" value="nsubj"/>
		<feat xlink:href="#sPointingRel2283" value="aux"/>
		<feat xlink:href="#sPointingRel2285" value="advcl"/>
		<feat xlink:href="#sPointingRel2287" value="cc"/>
		<feat xlink:href="#sPointingRel2289" value="cc"/>
		<feat xlink:href="#sPointingRel2291" value="nmod"/>
		<feat xlink:href="#sPointingRel2293" value="advcl"/>
		<feat xlink:href="#sPointingRel2295" value="mark"/>
		<feat xlink:href="#sPointingRel2297" value="det"/>
		<feat xlink:href="#sPointingRel2299" value="advmod"/>
		<feat xlink:href="#sPointingRel2301" value="case"/>
		<feat xlink:href="#sPointingRel2303" value="conj"/>
		<feat xlink:href="#sPointingRel2305" value="det"/>
		<feat xlink:href="#sPointingRel2307" value="mark"/>
		<feat xlink:href="#sPointingRel2309" value="case"/>
		<feat xlink:href="#sPointingRel2311" value="det"/>
		<feat xlink:href="#sPointingRel2313" value="ccomp"/>
		<feat xlink:href="#sPointingRel2315" value="obj"/>
		<feat xlink:href="#sPointingRel2317" value="mark"/>
		<feat xlink:href="#sPointingRel2319" value="nmod"/>
		<feat xlink:href="#sPointingRel2321" value="det"/>
		<feat xlink:href="#sPointingRel2323" value="parataxis"/>
		<feat xlink:href="#sPointingRel2325" value="nmod"/>
		<feat xlink:href="#sPointingRel2327" value="case"/>
		<feat xlink:href="#sPointingRel2329" value="obj"/>
		<feat xlink:href="#sPointingRel2331" value="obl"/>
		<feat xlink:href="#sPointingRel2333" value="nsubj"/>
		<feat xlink:href="#sPointingRel2335" value="aux"/>
		<feat xlink:href="#sPointingRel2337" value="det"/>
		<feat xlink:href="#sPointingRel2339" value="mark"/>
		<feat xlink:href="#sPointingRel2341" value="advcl"/>
		<feat xlink:href="#sPointingRel2343" value="obl"/>
		<feat xlink:href="#sPointingRel2345" value="acl"/>
		<feat xlink:href="#sPointingRel2347" value="case"/>
		<feat xlink:href="#sPointingRel2349" value="obj"/>
		<feat xlink:href="#sPointingRel2351" value="nmod"/>
		<feat xlink:href="#sPointingRel2353" value="advcl"/>
		<feat xlink:href="#sPointingRel2355" value="aux"/>
		<feat xlink:href="#sPointingRel2357" value="case"/>
		<feat xlink:href="#sPointingRel2359" value="aux"/>
		<feat xlink:href="#sPointingRel2361" value="cop"/>
		<feat xlink:href="#sPointingRel2363" value="case"/>
		<feat xlink:href="#sPointingRel2365" value="nmod"/>
		<feat xlink:href="#sPointingRel2367" value="obj"/>
		<feat xlink:href="#sPointingRel2369" value="obj"/>
		<feat xlink:href="#sPointingRel2371" value="advmod"/>
		<feat xlink:href="#sPointingRel2373" value="aux"/>
		<feat xlink:href="#sPointingRel2375" value="nmod"/>
		<feat xlink:href="#sPointingRel2377" value="obl"/>
		<feat xlink:href="#sPointingRel2379" value="obl"/>
		<feat xlink:href="#sPointingRel2381" value="case"/>
		<feat xlink:href="#sPointingRel2383" value="advmod"/>
		<feat xlink:href="#sPointingRel2385" value="ccomp"/>
		<feat xlink:href="#sPointingRel2387" value="aux"/>
		<feat xlink:href="#sPointingRel2389" value="obj"/>
		<feat xlink:href="#sPointingRel2391" value="case"/>
		<feat xlink:href="#sPointingRel2393" value="nsubj"/>
		<feat xlink:href="#sPointingRel2395" value="obl"/>
		<feat xlink:href="#sPointingRel2397" value="advmod"/>
		<feat xlink:href="#sPointingRel2399" value="nsubj"/>
		<feat xlink:href="#sPointingRel2401" value="case"/>
		<feat xlink:href="#sPointingRel2403" value="nsubj"/>
		<feat xlink:href="#sPointingRel2405" value="obl"/>
		<feat xlink:href="#sPointingRel2407" value="aux"/>
		<feat xlink:href="#sPointingRel2409" value="dislocated"/>
		<feat xlink:href="#sPointingRel2411" value="nsubj"/>
		<feat xlink:href="#sPointingRel2413" value="nmod"/>
		<feat xlink:href="#sPointingRel2415" value="ccomp"/>
		<feat xlink:href="#sPointingRel2417" value="appos"/>
		<feat xlink:href="#sPointingRel2419" value="acl"/>
		<feat xlink:href="#sPointingRel2421" value="ccomp"/>
		<feat xlink:href="#sPointingRel2423" value="obj"/>
		<feat xlink:href="#sPointingRel2425" value="det"/>
		<feat xlink:href="#sPointingRel2427" value="ccomp"/>
		<feat xlink:href="#sPointingRel2429" value="case"/>
		<feat xlink:href="#sPointingRel2431" value="acl"/>
		<feat xlink:href="#sPointingRel2433" value="obj"/>
		<feat xlink:href="#sPointingRel2435" value="nsubj"/>
		<feat xlink:href="#sPointingRel2437" value="advcl"/>
		<feat xlink:href="#sPointingRel2439" value="obl"/>
		<feat xlink:href="#sPointingRel2441" value="case"/>
		<feat xlink:href="#sPointingRel2443" value="nmod"/>
		<feat xlink:href="#sPointingRel2445" value="aux"/>
		<feat xlink:href="#sPointingRel2447" value="det"/>
		<feat xlink:href="#sPointingRel2449" value="aux"/>
		<feat xlink:href="#sPointingRel2451" value="case"/>
		<feat xlink:href="#sPointingRel2453" value="advmod"/>
		<feat xlink:href="#sPointingRel2455" value="obl"/>
		<feat xlink:href="#sPointingRel2457" value="obl"/>
		<feat xlink:href="#sPointingRel2459" value="case"/>
		<feat xlink:href="#sPointingRel2461" value="case"/>
		<feat xlink:href="#sPointingRel2463" value="case"/>
		<feat xlink:href="#sPointingRel2465" value="case"/>
		<feat xlink:href="#sPointingRel2467" value="nsubj"/>
		<feat xlink:href="#sPointingRel2469" value="obl"/>
		<feat xlink:href="#sPointingRel2471" value="advmod"/>
		<feat xlink:href="#sPointingRel2473" value="case"/>
		<feat xlink:href="#sPointingRel2475" value="obl"/>
		<feat xlink:href="#sPointingRel2477" value="det"/>
		<feat xlink:href="#sPointingRel2479" value="case"/>
		<feat xlink:href="#sPointingRel2481" value="aux"/>
		<feat xlink:href="#sPointingRel2483" value="mark"/>
		<feat xlink:href="#sPointingRel2485" value="parataxis"/>
		<feat xlink:href="#sPointingRel2487" value="nsubj"/>
		<feat xlink:href="#sPointingRel2489" value="cc"/>
		<feat xlink:href="#sPointingRel2491" value="aux"/>
		<feat xlink:href="#sPointingRel2493" value="obl"/>
		<feat xlink:href="#sPointingRel2495" value="case"/>
		<feat xlink:href="#sPointingRel2497" value="case"/>
		<feat xlink:href="#sPointingRel2499" value="cc"/>
		<feat xlink:href="#sPointingRel2501" value="obl"/>
		<feat xlink:href="#sPointingRel2503" value="nsubj"/>
		<feat xlink:href="#sPointingRel2505" value="det"/>
		<feat xlink:href="#sPointingRel2507" value="advcl"/>
		<feat xlink:href="#sPointingRel2509" value="det"/>
		<feat xlink:href="#sPointingRel2511" value="obj"/>
		<feat xlink:href="#sPointingRel2513" value="obl"/>
		<feat xlink:href="#sPointingRel2515" value="acl"/>
		<feat xlink:href="#sPointingRel2517" value="conj"/>
		<feat xlink:href="#sPointingRel2519" value="mark"/>
		<feat xlink:href="#sPointingRel2521" value="mark"/>
		<feat xlink:href="#sPointingRel2523" value="case"/>
		<feat xlink:href="#sPointingRel2525" value="dislocated"/>
		<feat xlink:href="#sPointingRel2527" value="nsubj"/>
		<feat xlink:href="#sPointingRel2529" value="mark"/>
		<feat xlink:href="#sPointingRel2531" value="dislocated"/>
		<feat xlink:href="#sPointingRel2533" value="cc"/>
		<feat xlink:href="#sPointingRel2535" value="obl"/>
		<feat xlink:href="#sPointingRel2537" value="advmod"/>
		<feat xlink:href="#sPointingRel2539" value="obj"/>
		<feat xlink:href="#sPointingRel2541" value="det"/>
		<feat xlink:href="#sPointingRel2543" value="advcl"/>
		<feat xlink:href="#sPointingRel2545" value="obl"/>
		<feat xlink:href="#sPointingRel2547" value="advmod"/>
		<feat xlink:href="#sPointingRel2549" value="conj"/>
		<feat xlink:href="#sPointingRel2551" value="nsubj"/>
		<feat xlink:href="#sPointingRel2553" value="det"/>
		<feat xlink:href="#sPointingRel2555" value="mark"/>
		<feat xlink:href="#sPointingRel2557" value="obl"/>
		<feat xlink:href="#sPointingRel2559" value="case"/>
		<feat xlink:href="#sPointingRel2561" value="mark"/>
		<feat xlink:href="#sPointingRel2563" value="case"/>
		<feat xlink:href="#sPointingRel2565" value="case"/>
		<feat xlink:href="#sPointingRel2567" value="parataxis"/>
		<feat xlink:href="#sPointingRel2569" value="case"/>
		<feat xlink:href="#sPointingRel2571" value="obl"/>
		<feat xlink:href="#sPointingRel2573" value="mark"/>
		<feat xlink:href="#sPointingRel2575" value="det"/>
		<feat xlink:href="#sPointingRel2577" value="obl"/>
		<feat xlink:href="#sPointingRel2579" value="mark"/>
		<feat xlink:href="#sPointingRel2581" value="acl"/>
		<feat xlink:href="#sPointingRel2583" value="det"/>
		<feat xlink:href="#sPointingRel2585" value="obl"/></featList></paula>