<?xml version='1.0' encoding='UTF-8'?><!DOCTYPE paula SYSTEM "paula_feat.dtd">
<paula version="1.1">
	<header paula_id="scriptorium.40_Matthew_05.mark_lang"/>
	<featList xmlns:xlink="http://www.w3.org/1999/xlink" type="lang" xml:base="scriptorium.40_Matthew_05.mark.xml">
		<feat xlink:href="#sSpan6" value="Greek"/>
		<feat xlink:href="#sSpan46" value="Greek"/>
		<feat xlink:href="#sSpan91" value="Greek"/>
		<feat xlink:href="#sSpan157" value="Greek"/>
		<feat xlink:href="#sSpan182" value="Greek"/>
		<feat xlink:href="#sSpan263" value="Greek"/>
		<feat xlink:href="#sSpan309" value="Greek"/>
		<feat xlink:href="#sSpan406" value="Greek"/>
		<feat xlink:href="#sSpan423" value="Greek"/>
		<feat xlink:href="#sSpan450" value="Greek"/>
		<feat xlink:href="#sSpan506" value="Greek"/>
		<feat xlink:href="#sSpan518" value="Greek"/>
		<feat xlink:href="#sSpan536" value="Greek"/>
		<feat xlink:href="#sSpan558" value="Greek"/>
		<feat xlink:href="#sSpan570" value="Greek"/>
		<feat xlink:href="#sSpan672" value="Greek"/>
		<feat xlink:href="#sSpan677" value="Greek"/>
		<feat xlink:href="#sSpan678" value="Greek"/>
		<feat xlink:href="#sSpan682" value="Greek"/>
		<feat xlink:href="#sSpan694" value="Greek"/>
		<feat xlink:href="#sSpan698" value="Greek"/>
		<feat xlink:href="#sSpan708" value="Hebrew"/>
		<feat xlink:href="#sSpan711" value="Greek"/>
		<feat xlink:href="#sSpan730" value="Greek"/>
		<feat xlink:href="#sSpan746" value="Greek"/>
		<feat xlink:href="#sSpan766" value="Greek"/>
		<feat xlink:href="#sSpan795" value="Greek"/>
		<feat xlink:href="#sSpan825" value="Greek"/>
		<feat xlink:href="#sSpan844" value="Greek"/>
		<feat xlink:href="#sSpan890" value="Greek"/>
		<feat xlink:href="#sSpan911" value="Greek"/>
		<feat xlink:href="#sSpan921" value="Greek"/>
		<feat xlink:href="#sSpan926" value="Hebrew"/>
		<feat xlink:href="#sSpan964" value="Greek"/>
		<feat xlink:href="#sSpan979" value="Greek"/>
		<feat xlink:href="#sSpan987" value="Greek"/>
		<feat xlink:href="#sSpan993" value="Greek"/>
		<feat xlink:href="#sSpan999" value="Greek"/>
		<feat xlink:href="#sSpan1026" value="Greek"/>
		<feat xlink:href="#sSpan1034" value="Greek"/>
		<feat xlink:href="#sSpan1040" value="Greek"/>
		<feat xlink:href="#sSpan1064" value="Greek"/>
		<feat xlink:href="#sSpan1070" value="Greek"/>
		<feat xlink:href="#sSpan1090" value="Greek"/>
		<feat xlink:href="#sSpan1096" value="Hebrew"/>
		<feat xlink:href="#sSpan1106" value="Greek"/>
		<feat xlink:href="#sSpan1121" value="Greek"/>
		<feat xlink:href="#sSpan1128" value="Greek"/>
		<feat xlink:href="#sSpan1177" value="Greek"/>
		<feat xlink:href="#sSpan1187" value="Greek"/>
		<feat xlink:href="#sSpan1206" value="Greek"/>
		<feat xlink:href="#sSpan1224" value="Greek"/>
		<feat xlink:href="#sSpan1255" value="Greek"/>
		<feat xlink:href="#sSpan1267" value="Greek"/>
		<feat xlink:href="#sSpan1325" value="Hebrew"/>
		<feat xlink:href="#sSpan1364" value="Greek"/>
		<feat xlink:href="#sSpan1391" value="Greek"/>
		<feat xlink:href="#sSpan1420" value="Greek"/>
		<feat xlink:href="#sSpan1453" value="Greek"/>
		<feat xlink:href="#sSpan1459" value="Greek"/>
		<feat xlink:href="#sSpan1483" value="Greek"/>
		<feat xlink:href="#sSpan1504" value="Greek"/>
		<feat xlink:href="#sSpan1515" value="Greek"/>
		<feat xlink:href="#sSpan1523" value="Hebrew"/>
		<feat xlink:href="#sSpan1543" value="Greek"/>
		<feat xlink:href="#sSpan1567" value="Greek"/>
		<feat xlink:href="#sSpan1588" value="Greek"/>
		<feat xlink:href="#sSpan1601" value="Greek"/>
		<feat xlink:href="#sSpan1609" value="Hebrew"/>
		<feat xlink:href="#sSpan1618" value="Greek"/>
		<feat xlink:href="#sSpan1656" value="Greek"/>
		<feat xlink:href="#sSpan1688" value="Greek"/>
		<feat xlink:href="#sSpan1755" value="Greek"/>
		<feat xlink:href="#sSpan1768" value="Greek"/>
		<feat xlink:href="#sSpan1785" value="Greek"/>
		<feat xlink:href="#sSpan1816" value="Greek"/>
		<feat xlink:href="#sSpan1826" value="Greek"/>
		<feat xlink:href="#sSpan1841" value="Greek"/>
		<feat xlink:href="#sSpan1849" value="Greek"/>
		<feat xlink:href="#sSpan1858" value="Hebrew"/>
		<feat xlink:href="#sSpan1863" value="Greek"/>
		<feat xlink:href="#sSpan1876" value="Greek"/>
		<feat xlink:href="#sSpan1907" value="Greek"/>
		<feat xlink:href="#sSpan1920" value="Greek"/>
		<feat xlink:href="#sSpan1941" value="Greek"/>
		<feat xlink:href="#sSpan1955" value="Greek"/>
		<feat xlink:href="#sSpan2001" value="Greek"/>
		<feat xlink:href="#sSpan2027" value="Greek"/>
		<feat xlink:href="#sSpan2125" value="Greek"/>
		<feat xlink:href="#sSpan2195" value="Greek"/>
		<feat xlink:href="#sSpan2266" value="Greek"/>
		<feat xlink:href="#sSpan2271" value="Greek"/>
		<feat xlink:href="#sSpan2283" value="Greek"/>
		<feat xlink:href="#sSpan2305" value="Greek"/>
		<feat xlink:href="#sSpan2325" value="Greek"/>
		<feat xlink:href="#sSpan2344" value="Greek"/>
		<feat xlink:href="#sSpan2370" value="Greek"/></featList></paula>