<?xml version='1.0' encoding='UTF-8'?><!DOCTYPE paula SYSTEM "paula_rel.dtd">
<paula version="1.1">
	<header paula_id="scriptorium.40_Matthew_05.head"/>
	<relList xmlns:xlink="http://www.w3.org/1999/xlink" type="head">
		<rel id="sPointingRel2587" xlink:href="scriptorium.40_Matthew_05.mark.xml#sSpan1149" target="scriptorium.40_Matthew_05.mark.xml#sSpan1150"/>
		<rel id="sPointingRel2589" xlink:href="scriptorium.40_Matthew_05.mark.xml#sSpan992" target="scriptorium.40_Matthew_05.mark.xml#sSpan993"/>
		<rel id="sPointingRel2591" xlink:href="scriptorium.40_Matthew_05.mark.xml#sSpan438" target="scriptorium.40_Matthew_05.mark.xml#sSpan439"/>
		<rel id="sPointingRel2593" xlink:href="scriptorium.40_Matthew_05.mark.xml#sSpan2222" target="scriptorium.40_Matthew_05.mark.xml#sSpan2221"/>
		<rel id="sPointingRel2595" xlink:href="scriptorium.40_Matthew_05.mark.xml#sSpan2380" target="scriptorium.40_Matthew_05.mark.xml#sSpan2379"/>
		<rel id="sPointingRel2597" xlink:href="scriptorium.40_Matthew_05.mark.xml#sSpan45" target="scriptorium.40_Matthew_05.mark.xml#sSpan46"/>
		<rel id="sPointingRel2599" xlink:href="scriptorium.40_Matthew_05.mark.xml#sSpan489" target="scriptorium.40_Matthew_05.mark.xml#sSpan490"/>
		<rel id="sPointingRel2601" xlink:href="scriptorium.40_Matthew_05.mark.xml#sSpan181" target="scriptorium.40_Matthew_05.mark.xml#sSpan182"/>
		<rel id="sPointingRel2603" xlink:href="scriptorium.40_Matthew_05.mark.xml#sSpan728" target="scriptorium.40_Matthew_05.mark.xml#sSpan729"/>
		<rel id="sPointingRel2605" xlink:href="scriptorium.40_Matthew_05.mark.xml#sSpan1181" target="scriptorium.40_Matthew_05.mark.xml#sSpan1182"/>
		<rel id="sPointingRel2607" xlink:href="scriptorium.40_Matthew_05.mark.xml#sSpan1650" target="scriptorium.40_Matthew_05.mark.xml#sSpan1649"/>
		<rel id="sPointingRel2609" xlink:href="scriptorium.40_Matthew_05.mark.xml#sSpan1754" target="scriptorium.40_Matthew_05.mark.xml#sSpan1755"/>
		<rel id="sPointingRel2611" xlink:href="scriptorium.40_Matthew_05.mark.xml#sSpan90" target="scriptorium.40_Matthew_05.mark.xml#sSpan91"/>
		<rel id="sPointingRel2613" xlink:href="scriptorium.40_Matthew_05.mark.xml#sSpan988" target="scriptorium.40_Matthew_05.mark.xml#sSpan987"/>
		<rel id="sPointingRel2615" xlink:href="scriptorium.40_Matthew_05.mark.xml#sSpan1168" target="scriptorium.40_Matthew_05.mark.xml#sSpan1169"/>
		<rel id="sPointingRel2617" xlink:href="scriptorium.40_Matthew_05.mark.xml#sSpan129" target="scriptorium.40_Matthew_05.mark.xml#sSpan128"/>
		<rel id="sPointingRel2619" xlink:href="scriptorium.40_Matthew_05.mark.xml#sSpan580" target="scriptorium.40_Matthew_05.mark.xml#sSpan579"/>
		<rel id="sPointingRel2621" xlink:href="scriptorium.40_Matthew_05.mark.xml#sSpan749" target="scriptorium.40_Matthew_05.mark.xml#sSpan750"/>
		<rel id="sPointingRel2623" xlink:href="scriptorium.40_Matthew_05.mark.xml#sSpan858" target="scriptorium.40_Matthew_05.mark.xml#sSpan857"/>
		<rel id="sPointingRel2625" xlink:href="scriptorium.40_Matthew_05.mark.xml#sSpan829" target="scriptorium.40_Matthew_05.mark.xml#sSpan831"/>
		<rel id="sPointingRel2627" xlink:href="scriptorium.40_Matthew_05.mark.xml#sSpan1633" target="scriptorium.40_Matthew_05.mark.xml#sSpan1634"/>
		<rel id="sPointingRel2629" xlink:href="scriptorium.40_Matthew_05.mark.xml#sSpan824" target="scriptorium.40_Matthew_05.mark.xml#sSpan825"/>
		<rel id="sPointingRel2631" xlink:href="scriptorium.40_Matthew_05.mark.xml#sSpan544" target="scriptorium.40_Matthew_05.mark.xml#sSpan545"/>
		<rel id="sPointingRel2633" xlink:href="scriptorium.40_Matthew_05.mark.xml#sSpan882" target="scriptorium.40_Matthew_05.mark.xml#sSpan883"/>
		<rel id="sPointingRel2635" xlink:href="scriptorium.40_Matthew_05.mark.xml#sSpan2079" target="scriptorium.40_Matthew_05.mark.xml#sSpan2080"/>
		<rel id="sPointingRel2637" xlink:href="scriptorium.40_Matthew_05.mark.xml#sSpan1815" target="scriptorium.40_Matthew_05.mark.xml#sSpan1816"/>
		<rel id="sPointingRel2639" xlink:href="scriptorium.40_Matthew_05.mark.xml#sSpan1127" target="scriptorium.40_Matthew_05.mark.xml#sSpan1128"/>
		<rel id="sPointingRel2641" xlink:href="scriptorium.40_Matthew_05.mark.xml#sSpan2176" target="scriptorium.40_Matthew_05.mark.xml#sSpan2175"/>
		<rel id="sPointingRel2643" xlink:href="scriptorium.40_Matthew_05.mark.xml#sSpan1995" target="scriptorium.40_Matthew_05.mark.xml#sSpan1994"/>
		<rel id="sPointingRel2645" xlink:href="scriptorium.40_Matthew_05.mark.xml#sSpan1600" target="scriptorium.40_Matthew_05.mark.xml#sSpan1601"/>
		<rel id="sPointingRel2647" xlink:href="scriptorium.40_Matthew_05.mark.xml#sSpan151" target="scriptorium.40_Matthew_05.mark.xml#sSpan152"/>
		<rel id="sPointingRel2649" xlink:href="scriptorium.40_Matthew_05.mark.xml#sSpan1499" target="scriptorium.40_Matthew_05.mark.xml#sSpan1498"/>
		<rel id="sPointingRel2651" xlink:href="scriptorium.40_Matthew_05.mark.xml#sSpan794" target="scriptorium.40_Matthew_05.mark.xml#sSpan795"/>
		<rel id="sPointingRel2653" xlink:href="scriptorium.40_Matthew_05.mark.xml#sSpan1514" target="scriptorium.40_Matthew_05.mark.xml#sSpan1515"/>
		<rel id="sPointingRel2655" xlink:href="scriptorium.40_Matthew_05.mark.xml#sSpan211" target="scriptorium.40_Matthew_05.mark.xml#sSpan209"/>
		<rel id="sPointingRel2657" xlink:href="scriptorium.40_Matthew_05.mark.xml#sSpan1867" target="scriptorium.40_Matthew_05.mark.xml#sSpan1871"/>
		<rel id="sPointingRel2659" xlink:href="scriptorium.40_Matthew_05.mark.xml#sSpan1778" target="scriptorium.40_Matthew_05.mark.xml#sSpan1779"/>
		<rel id="sPointingRel2661" xlink:href="scriptorium.40_Matthew_05.mark.xml#sSpan1918" target="scriptorium.40_Matthew_05.mark.xml#sSpan1919"/>
		<rel id="sPointingRel2663" xlink:href="scriptorium.40_Matthew_05.mark.xml#sSpan1024" target="scriptorium.40_Matthew_05.mark.xml#sSpan1025"/>
		<rel id="sPointingRel2665" xlink:href="scriptorium.40_Matthew_05.mark.xml#sSpan1416" target="scriptorium.40_Matthew_05.mark.xml#sSpan1417"/>
		<rel id="sPointingRel2667" xlink:href="scriptorium.40_Matthew_05.mark.xml#sSpan238" target="scriptorium.40_Matthew_05.mark.xml#sSpan239"/>
		<rel id="sPointingRel2669" xlink:href="scriptorium.40_Matthew_05.mark.xml#sSpan1289" target="scriptorium.40_Matthew_05.mark.xml#sSpan1291"/>
		<rel id="sPointingRel2671" xlink:href="scriptorium.40_Matthew_05.mark.xml#sSpan161" target="scriptorium.40_Matthew_05.mark.xml#sSpan162"/>
		<rel id="sPointingRel2673" xlink:href="scriptorium.40_Matthew_05.mark.xml#sSpan443" target="scriptorium.40_Matthew_05.mark.xml#sSpan444"/>
		<rel id="sPointingRel2675" xlink:href="scriptorium.40_Matthew_05.mark.xml#sSpan1764" target="scriptorium.40_Matthew_05.mark.xml#sSpan1763"/>
		<rel id="sPointingRel2677" xlink:href="scriptorium.40_Matthew_05.mark.xml#sSpan1069" target="scriptorium.40_Matthew_05.mark.xml#sSpan1070"/>
		<rel id="sPointingRel2679" xlink:href="scriptorium.40_Matthew_05.mark.xml#sSpan1820" target="scriptorium.40_Matthew_05.mark.xml#sSpan1821"/>
		<rel id="sPointingRel2681" xlink:href="scriptorium.40_Matthew_05.mark.xml#sSpan1240" target="scriptorium.40_Matthew_05.mark.xml#sSpan1239"/>
		<rel id="sPointingRel2683" xlink:href="scriptorium.40_Matthew_05.mark.xml#sSpan2302" target="scriptorium.40_Matthew_05.mark.xml#sSpan2300"/>
		<rel id="sPointingRel2685" xlink:href="scriptorium.40_Matthew_05.mark.xml#sSpan107" target="scriptorium.40_Matthew_05.mark.xml#sSpan108"/>
		<rel id="sPointingRel2687" xlink:href="scriptorium.40_Matthew_05.mark.xml#sSpan399" target="scriptorium.40_Matthew_05.mark.xml#sSpan400"/>
		<rel id="sPointingRel2689" xlink:href="scriptorium.40_Matthew_05.mark.xml#sSpan739" target="scriptorium.40_Matthew_05.mark.xml#sSpan740"/>
		<rel id="sPointingRel2691" xlink:href="scriptorium.40_Matthew_05.mark.xml#sSpan2282" target="scriptorium.40_Matthew_05.mark.xml#sSpan2283"/>
		<rel id="sPointingRel2693" xlink:href="scriptorium.40_Matthew_05.mark.xml#sSpan778" target="scriptorium.40_Matthew_05.mark.xml#sSpan776"/>
		<rel id="sPointingRel2695" xlink:href="scriptorium.40_Matthew_05.mark.xml#sSpan1035" target="scriptorium.40_Matthew_05.mark.xml#sSpan1034"/>
		<rel id="sPointingRel2697" xlink:href="scriptorium.40_Matthew_05.mark.xml#sSpan2405" target="scriptorium.40_Matthew_05.mark.xml#sSpan2406"/>
		<rel id="sPointingRel2699" xlink:href="scriptorium.40_Matthew_05.mark.xml#sSpan500" target="scriptorium.40_Matthew_05.mark.xml#sSpan501"/>
		<rel id="sPointingRel2701" xlink:href="scriptorium.40_Matthew_05.mark.xml#sSpan388" target="scriptorium.40_Matthew_05.mark.xml#sSpan389"/>
		<rel id="sPointingRel2703" xlink:href="scriptorium.40_Matthew_05.mark.xml#sSpan517" target="scriptorium.40_Matthew_05.mark.xml#sSpan518"/>
		<rel id="sPointingRel2705" xlink:href="scriptorium.40_Matthew_05.mark.xml#sSpan207" target="scriptorium.40_Matthew_05.mark.xml#sSpan208"/>
		<rel id="sPointingRel2707" xlink:href="scriptorium.40_Matthew_05.mark.xml#sSpan634" target="scriptorium.40_Matthew_05.mark.xml#sSpan635"/>
		<rel id="sPointingRel2709" xlink:href="scriptorium.40_Matthew_05.mark.xml#sSpan422" target="scriptorium.40_Matthew_05.mark.xml#sSpan423"/>
		<rel id="sPointingRel2711" xlink:href="scriptorium.40_Matthew_05.mark.xml#sSpan2250" target="scriptorium.40_Matthew_05.mark.xml#sSpan2251"/>
		<rel id="sPointingRel2713" xlink:href="scriptorium.40_Matthew_05.mark.xml#sSpan248" target="scriptorium.40_Matthew_05.mark.xml#sSpan249"/>
		<rel id="sPointingRel2715" xlink:href="scriptorium.40_Matthew_05.mark.xml#sSpan1840" target="scriptorium.40_Matthew_05.mark.xml#sSpan1841"/>
		<rel id="sPointingRel2717" xlink:href="scriptorium.40_Matthew_05.mark.xml#sSpan1176" target="scriptorium.40_Matthew_05.mark.xml#sSpan1177"/>
		<rel id="sPointingRel2719" xlink:href="scriptorium.40_Matthew_05.mark.xml#sSpan1979" target="scriptorium.40_Matthew_05.mark.xml#sSpan1980"/>
		<rel id="sPointingRel2721" xlink:href="scriptorium.40_Matthew_05.mark.xml#sSpan2265" target="scriptorium.40_Matthew_05.mark.xml#sSpan2266"/>
		<rel id="sPointingRel2723" xlink:href="scriptorium.40_Matthew_05.mark.xml#sSpan2399" target="scriptorium.40_Matthew_05.mark.xml#sSpan2400"/>
		<rel id="sPointingRel2725" xlink:href="scriptorium.40_Matthew_05.mark.xml#sSpan2051" target="scriptorium.40_Matthew_05.mark.xml#sSpan2052"/>
		<rel id="sPointingRel2727" xlink:href="scriptorium.40_Matthew_05.mark.xml#sSpan57" target="scriptorium.40_Matthew_05.mark.xml#sSpan56"/>
		<rel id="sPointingRel2729" xlink:href="scriptorium.40_Matthew_05.mark.xml#sSpan2107" target="scriptorium.40_Matthew_05.mark.xml#sSpan2108"/>
		<rel id="sPointingRel2731" xlink:href="scriptorium.40_Matthew_05.mark.xml#sSpan1982" target="scriptorium.40_Matthew_05.mark.xml#sSpan1984"/>
		<rel id="sPointingRel2733" xlink:href="scriptorium.40_Matthew_05.mark.xml#sSpan2122" target="scriptorium.40_Matthew_05.mark.xml#sSpan2120"/>
		<rel id="sPointingRel2735" xlink:href="scriptorium.40_Matthew_05.mark.xml#sSpan1735" target="scriptorium.40_Matthew_05.mark.xml#sSpan1734"/>
		<rel id="sPointingRel2737" xlink:href="scriptorium.40_Matthew_05.mark.xml#sSpan1272" target="scriptorium.40_Matthew_05.mark.xml#sSpan1271"/>
		<rel id="sPointingRel2739" xlink:href="scriptorium.40_Matthew_05.mark.xml#sSpan308" target="scriptorium.40_Matthew_05.mark.xml#sSpan309"/>
		<rel id="sPointingRel2741" xlink:href="scriptorium.40_Matthew_05.mark.xml#sSpan85" target="scriptorium.40_Matthew_05.mark.xml#sSpan86"/>
		<rel id="sPointingRel2743" xlink:href="scriptorium.40_Matthew_05.mark.xml#sSpan118" target="scriptorium.40_Matthew_05.mark.xml#sSpan117"/>
		<rel id="sPointingRel2745" xlink:href="scriptorium.40_Matthew_05.mark.xml#sSpan1100" target="scriptorium.40_Matthew_05.mark.xml#sSpan1099"/>
		<rel id="sPointingRel2747" xlink:href="scriptorium.40_Matthew_05.mark.xml#sSpan1608" target="scriptorium.40_Matthew_05.mark.xml#sSpan1609"/>
		<rel id="sPointingRel2749" xlink:href="scriptorium.40_Matthew_05.mark.xml#sSpan1265" target="scriptorium.40_Matthew_05.mark.xml#sSpan1266"/>
		<rel id="sPointingRel2751" xlink:href="scriptorium.40_Matthew_05.mark.xml#sSpan938" target="scriptorium.40_Matthew_05.mark.xml#sSpan940"/>
		<rel id="sPointingRel2753" xlink:href="scriptorium.40_Matthew_05.mark.xml#sSpan1311" target="scriptorium.40_Matthew_05.mark.xml#sSpan1312"/>
		<rel id="sPointingRel2755" xlink:href="scriptorium.40_Matthew_05.mark.xml#sSpan624" target="scriptorium.40_Matthew_05.mark.xml#sSpan625"/>
		<rel id="sPointingRel2757" xlink:href="scriptorium.40_Matthew_05.mark.xml#sSpan1974" target="scriptorium.40_Matthew_05.mark.xml#sSpan1975"/>
		<rel id="sPointingRel2759" xlink:href="scriptorium.40_Matthew_05.mark.xml#sSpan282" target="scriptorium.40_Matthew_05.mark.xml#sSpan283"/>
		<rel id="sPointingRel2761" xlink:href="scriptorium.40_Matthew_05.mark.xml#sSpan172" target="scriptorium.40_Matthew_05.mark.xml#sSpan171"/>
		<rel id="sPointingRel2763" xlink:href="scriptorium.40_Matthew_05.mark.xml#sSpan969" target="scriptorium.40_Matthew_05.mark.xml#sSpan970"/>
		<rel id="sPointingRel2765" xlink:href="scriptorium.40_Matthew_05.mark.xml#sSpan925" target="scriptorium.40_Matthew_05.mark.xml#sSpan926"/>
		<rel id="sPointingRel2767" xlink:href="scriptorium.40_Matthew_05.mark.xml#sSpan259" target="scriptorium.40_Matthew_05.mark.xml#sSpan261"/>
		<rel id="sPointingRel2769" xlink:href="scriptorium.40_Matthew_05.mark.xml#sSpan1623" target="scriptorium.40_Matthew_05.mark.xml#sSpan1622"/>
		<rel id="sPointingRel2771" xlink:href="scriptorium.40_Matthew_05.mark.xml#sSpan2287" target="scriptorium.40_Matthew_05.mark.xml#sSpan2289"/>
		<rel id="sPointingRel2773" xlink:href="scriptorium.40_Matthew_05.mark.xml#sSpan1095" target="scriptorium.40_Matthew_05.mark.xml#sSpan1096"/>
		<rel id="sPointingRel2775" xlink:href="scriptorium.40_Matthew_05.mark.xml#sSpan474" target="scriptorium.40_Matthew_05.mark.xml#sSpan473"/>
		<rel id="sPointingRel2777" xlink:href="scriptorium.40_Matthew_05.mark.xml#sSpan325" target="scriptorium.40_Matthew_05.mark.xml#sSpan326"/>
		<rel id="sPointingRel2779" xlink:href="scriptorium.40_Matthew_05.mark.xml#sSpan2270" target="scriptorium.40_Matthew_05.mark.xml#sSpan2271"/>
		<rel id="sPointingRel2781" xlink:href="scriptorium.40_Matthew_05.mark.xml#sSpan1803" target="scriptorium.40_Matthew_05.mark.xml#sSpan1802"/>
		<rel id="sPointingRel2783" xlink:href="scriptorium.40_Matthew_05.mark.xml#sSpan1442" target="scriptorium.40_Matthew_05.mark.xml#sSpan1443"/>
		<rel id="sPointingRel2785" xlink:href="scriptorium.40_Matthew_05.mark.xml#sSpan1542" target="scriptorium.40_Matthew_05.mark.xml#sSpan1541"/>
		<rel id="sPointingRel2787" xlink:href="scriptorium.40_Matthew_05.mark.xml#sSpan318" target="scriptorium.40_Matthew_05.mark.xml#sSpan320"/>
		<rel id="sPointingRel2789" xlink:href="scriptorium.40_Matthew_05.mark.xml#sSpan1082" target="scriptorium.40_Matthew_05.mark.xml#sSpan1083"/>
		<rel id="sPointingRel2791" xlink:href="scriptorium.40_Matthew_05.mark.xml#sSpan100" target="scriptorium.40_Matthew_05.mark.xml#sSpan102"/>
		<rel id="sPointingRel2793" xlink:href="scriptorium.40_Matthew_05.mark.xml#sSpan1321" target="scriptorium.40_Matthew_05.mark.xml#sSpan1322"/>
		<rel id="sPointingRel2795" xlink:href="scriptorium.40_Matthew_05.mark.xml#sSpan1052" target="scriptorium.40_Matthew_05.mark.xml#sSpan1053"/>
		<rel id="sPointingRel2797" xlink:href="scriptorium.40_Matthew_05.mark.xml#sSpan1223" target="scriptorium.40_Matthew_05.mark.xml#sSpan1224"/>
		<rel id="sPointingRel2799" xlink:href="scriptorium.40_Matthew_05.mark.xml#sSpan1186" target="scriptorium.40_Matthew_05.mark.xml#sSpan1187"/>
		<rel id="sPointingRel2801" xlink:href="scriptorium.40_Matthew_05.mark.xml#sSpan1406" target="scriptorium.40_Matthew_05.mark.xml#sSpan1404"/>
		<rel id="sPointingRel2803" xlink:href="scriptorium.40_Matthew_05.mark.xml#sSpan1645" target="scriptorium.40_Matthew_05.mark.xml#sSpan1646"/>
		<rel id="sPointingRel2805" xlink:href="scriptorium.40_Matthew_05.mark.xml#sSpan1348" target="scriptorium.40_Matthew_05.mark.xml#sSpan1349"/>
		<rel id="sPointingRel2807" xlink:href="scriptorium.40_Matthew_05.mark.xml#sSpan839" target="scriptorium.40_Matthew_05.mark.xml#sSpan838"/>
		<rel id="sPointingRel2809" xlink:href="scriptorium.40_Matthew_05.mark.xml#sSpan974" target="scriptorium.40_Matthew_05.mark.xml#sSpan973"/>
		<rel id="sPointingRel2811" xlink:href="scriptorium.40_Matthew_05.mark.xml#sSpan11" target="scriptorium.40_Matthew_05.mark.xml#sSpan12"/>
		<rel id="sPointingRel2813" xlink:href="scriptorium.40_Matthew_05.mark.xml#sSpan808" target="scriptorium.40_Matthew_05.mark.xml#sSpan809"/>
		<rel id="sPointingRel2815" xlink:href="scriptorium.40_Matthew_05.mark.xml#sSpan1689" target="scriptorium.40_Matthew_05.mark.xml#sSpan1688"/>
		<rel id="sPointingRel2817" xlink:href="scriptorium.40_Matthew_05.mark.xml#sSpan1503" target="scriptorium.40_Matthew_05.mark.xml#sSpan1504"/>
		<rel id="sPointingRel2819" xlink:href="scriptorium.40_Matthew_05.mark.xml#sSpan354" target="scriptorium.40_Matthew_05.mark.xml#sSpan352"/>
		<rel id="sPointingRel2821" xlink:href="scriptorium.40_Matthew_05.mark.xml#sSpan2099" target="scriptorium.40_Matthew_05.mark.xml#sSpan2097"/>
		<rel id="sPointingRel2823" xlink:href="scriptorium.40_Matthew_05.mark.xml#sSpan910" target="scriptorium.40_Matthew_05.mark.xml#sSpan911"/>
		<rel id="sPointingRel2825" xlink:href="scriptorium.40_Matthew_05.mark.xml#sSpan1857" target="scriptorium.40_Matthew_05.mark.xml#sSpan1858"/>
		<rel id="sPointingRel2827" xlink:href="scriptorium.40_Matthew_05.mark.xml#sSpan1152" target="scriptorium.40_Matthew_05.mark.xml#sSpan1154"/>
		<rel id="sPointingRel2829" xlink:href="scriptorium.40_Matthew_05.mark.xml#sSpan1451" target="scriptorium.40_Matthew_05.mark.xml#sSpan1452"/>
		<rel id="sPointingRel2831" xlink:href="scriptorium.40_Matthew_05.mark.xml#sSpan2139" target="scriptorium.40_Matthew_05.mark.xml#sSpan2137"/>
		<rel id="sPointingRel2833" xlink:href="scriptorium.40_Matthew_05.mark.xml#sSpan448" target="scriptorium.40_Matthew_05.mark.xml#sSpan449"/>
		<rel id="sPointingRel2835" xlink:href="scriptorium.40_Matthew_05.mark.xml#sSpan1680" target="scriptorium.40_Matthew_05.mark.xml#sSpan1681"/>
		<rel id="sPointingRel2837" xlink:href="scriptorium.40_Matthew_05.mark.xml#sSpan870" target="scriptorium.40_Matthew_05.mark.xml#sSpan871"/>
		<rel id="sPointingRel2839" xlink:href="scriptorium.40_Matthew_05.mark.xml#sSpan1365" target="scriptorium.40_Matthew_05.mark.xml#sSpan1364"/>
		<rel id="sPointingRel2841" xlink:href="scriptorium.40_Matthew_05.mark.xml#sSpan1039" target="scriptorium.40_Matthew_05.mark.xml#sSpan1040"/>
		<rel id="sPointingRel2843" xlink:href="scriptorium.40_Matthew_05.mark.xml#sSpan186" target="scriptorium.40_Matthew_05.mark.xml#sSpan187"/>
		<rel id="sPointingRel2845" xlink:href="scriptorium.40_Matthew_05.mark.xml#sSpan1091" target="scriptorium.40_Matthew_05.mark.xml#sSpan1090"/>
		<rel id="sPointingRel2847" xlink:href="scriptorium.40_Matthew_05.mark.xml#sSpan2037" target="scriptorium.40_Matthew_05.mark.xml#sSpan2038"/>
		<rel id="sPointingRel2849" xlink:href="scriptorium.40_Matthew_05.mark.xml#sSpan1716" target="scriptorium.40_Matthew_05.mark.xml#sSpan1715"/>
		<rel id="sPointingRel2851" xlink:href="scriptorium.40_Matthew_05.mark.xml#sSpan1709" target="scriptorium.40_Matthew_05.mark.xml#sSpan1707"/>
		<rel id="sPointingRel2853" xlink:href="scriptorium.40_Matthew_05.mark.xml#sSpan735" target="scriptorium.40_Matthew_05.mark.xml#sSpan736"/>
		<rel id="sPointingRel2855" xlink:href="scriptorium.40_Matthew_05.mark.xml#sSpan202" target="scriptorium.40_Matthew_05.mark.xml#sSpan203"/>
		<rel id="sPointingRel2857" xlink:href="scriptorium.40_Matthew_05.mark.xml#sSpan1065" target="scriptorium.40_Matthew_05.mark.xml#sSpan1064"/>
		<rel id="sPointingRel2859" xlink:href="scriptorium.40_Matthew_05.mark.xml#sSpan144" target="scriptorium.40_Matthew_05.mark.xml#sSpan146"/>
		<rel id="sPointingRel2861" xlink:href="scriptorium.40_Matthew_05.mark.xml#sSpan2244" target="scriptorium.40_Matthew_05.mark.xml#sSpan2245"/>
		<rel id="sPointingRel2863" xlink:href="scriptorium.40_Matthew_05.mark.xml#sSpan681" target="scriptorium.40_Matthew_05.mark.xml#sSpan682"/>
		<rel id="sPointingRel2865" xlink:href="scriptorium.40_Matthew_05.mark.xml#sSpan1120" target="scriptorium.40_Matthew_05.mark.xml#sSpan1121"/>
		<rel id="sPointingRel2867" xlink:href="scriptorium.40_Matthew_05.mark.xml#sSpan1670" target="scriptorium.40_Matthew_05.mark.xml#sSpan1669"/>
		<rel id="sPointingRel2869" xlink:href="scriptorium.40_Matthew_05.mark.xml#sSpan2240" target="scriptorium.40_Matthew_05.mark.xml#sSpan2239"/>
		<rel id="sPointingRel2871" xlink:href="scriptorium.40_Matthew_05.mark.xml#sSpan2189" target="scriptorium.40_Matthew_05.mark.xml#sSpan2188"/>
		<rel id="sPointingRel2873" xlink:href="scriptorium.40_Matthew_05.mark.xml#sSpan617" target="scriptorium.40_Matthew_05.mark.xml#sSpan618"/>
		<rel id="sPointingRel2875" xlink:href="scriptorium.40_Matthew_05.mark.xml#sSpan2369" target="scriptorium.40_Matthew_05.mark.xml#sSpan2370"/>
		<rel id="sPointingRel2877" xlink:href="scriptorium.40_Matthew_05.mark.xml#sSpan1014" target="scriptorium.40_Matthew_05.mark.xml#sSpan1012"/>
		<rel id="sPointingRel2879" xlink:href="scriptorium.40_Matthew_05.mark.xml#sSpan532" target="scriptorium.40_Matthew_05.mark.xml#sSpan533"/>
		<rel id="sPointingRel2881" xlink:href="scriptorium.40_Matthew_05.mark.xml#sSpan126" target="scriptorium.40_Matthew_05.mark.xml#sSpan127"/>
		<rel id="sPointingRel2883" xlink:href="scriptorium.40_Matthew_05.mark.xml#sSpan287" target="scriptorium.40_Matthew_05.mark.xml#sSpan288"/>
		<rel id="sPointingRel2885" xlink:href="scriptorium.40_Matthew_05.mark.xml#sSpan1527" target="scriptorium.40_Matthew_05.mark.xml#sSpan1526"/>
		<rel id="sPointingRel2887" xlink:href="scriptorium.40_Matthew_05.mark.xml#sSpan875" target="scriptorium.40_Matthew_05.mark.xml#sSpan877"/>
		<rel id="sPointingRel2889" xlink:href="scriptorium.40_Matthew_05.mark.xml#sSpan945" target="scriptorium.40_Matthew_05.mark.xml#sSpan946"/>
		<rel id="sPointingRel2891" xlink:href="scriptorium.40_Matthew_05.mark.xml#sSpan233" target="scriptorium.40_Matthew_05.mark.xml#sSpan234"/>
		<rel id="sPointingRel2893" xlink:href="scriptorium.40_Matthew_05.mark.xml#sSpan428" target="scriptorium.40_Matthew_05.mark.xml#sSpan427"/>
		<rel id="sPointingRel2895" xlink:href="scriptorium.40_Matthew_05.mark.xml#sSpan1845" target="scriptorium.40_Matthew_05.mark.xml#sSpan1846"/>
		<rel id="sPointingRel2897" xlink:href="scriptorium.40_Matthew_05.mark.xml#sSpan404" target="scriptorium.40_Matthew_05.mark.xml#sSpan403"/>
		<rel id="sPointingRel2899" xlink:href="scriptorium.40_Matthew_05.mark.xml#sSpan963" target="scriptorium.40_Matthew_05.mark.xml#sSpan964"/>
		<rel id="sPointingRel2901" xlink:href="scriptorium.40_Matthew_05.mark.xml#sSpan1773" target="scriptorium.40_Matthew_05.mark.xml#sSpan1774"/>
		<rel id="sPointingRel2903" xlink:href="scriptorium.40_Matthew_05.mark.xml#sSpan271" target="scriptorium.40_Matthew_05.mark.xml#sSpan269"/>
		<rel id="sPointingRel2905" xlink:href="scriptorium.40_Matthew_05.mark.xml#sSpan227" target="scriptorium.40_Matthew_05.mark.xml#sSpan226"/>
		<rel id="sPointingRel2907" xlink:href="scriptorium.40_Matthew_05.mark.xml#sSpan1522" target="scriptorium.40_Matthew_05.mark.xml#sSpan1523"/>
		<rel id="sPointingRel2909" xlink:href="scriptorium.40_Matthew_05.mark.xml#sSpan2117" target="scriptorium.40_Matthew_05.mark.xml#sSpan2116"/>
		<rel id="sPointingRel2911" xlink:href="scriptorium.40_Matthew_05.mark.xml#sSpan1685" target="scriptorium.40_Matthew_05.mark.xml#sSpan1684"/>
		<rel id="sPointingRel2913" xlink:href="scriptorium.40_Matthew_05.mark.xml#sSpan2259" target="scriptorium.40_Matthew_05.mark.xml#sSpan2260"/>
		<rel id="sPointingRel2915" xlink:href="scriptorium.40_Matthew_05.mark.xml#sSpan1721" target="scriptorium.40_Matthew_05.mark.xml#sSpan1722"/>
		<rel id="sPointingRel2917" xlink:href="scriptorium.40_Matthew_05.mark.xml#sSpan2021" target="scriptorium.40_Matthew_05.mark.xml#sSpan2024"/>
		<rel id="sPointingRel2919" xlink:href="scriptorium.40_Matthew_05.mark.xml#sSpan2326" target="scriptorium.40_Matthew_05.mark.xml#sSpan2325"/>
		<rel id="sPointingRel2921" xlink:href="scriptorium.40_Matthew_05.mark.xml#sSpan1587" target="scriptorium.40_Matthew_05.mark.xml#sSpan1588"/>
		<rel id="sPointingRel2923" xlink:href="scriptorium.40_Matthew_05.mark.xml#sSpan649" target="scriptorium.40_Matthew_05.mark.xml#sSpan650"/>
		<rel id="sPointingRel2925" xlink:href="scriptorium.40_Matthew_05.mark.xml#sSpan2060" target="scriptorium.40_Matthew_05.mark.xml#sSpan2058"/>
		<rel id="sPointingRel2927" xlink:href="scriptorium.40_Matthew_05.mark.xml#sSpan2315" target="scriptorium.40_Matthew_05.mark.xml#sSpan2317"/>
		<rel id="sPointingRel2929" xlink:href="scriptorium.40_Matthew_05.mark.xml#sSpan1583" target="scriptorium.40_Matthew_05.mark.xml#sSpan1582"/>
		<rel id="sPointingRel2931" xlink:href="scriptorium.40_Matthew_05.mark.xml#sSpan267" target="scriptorium.40_Matthew_05.mark.xml#sSpan268"/>
		<rel id="sPointingRel2933" xlink:href="scriptorium.40_Matthew_05.mark.xml#sSpan790" target="scriptorium.40_Matthew_05.mark.xml#sSpan789"/>
		<rel id="sPointingRel2935" xlink:href="scriptorium.40_Matthew_05.mark.xml#sSpan1862" target="scriptorium.40_Matthew_05.mark.xml#sSpan1863"/>
		<rel id="sPointingRel2937" xlink:href="scriptorium.40_Matthew_05.mark.xml#sSpan1810" target="scriptorium.40_Matthew_05.mark.xml#sSpan1811"/>
		<rel id="sPointingRel2939" xlink:href="scriptorium.40_Matthew_05.mark.xml#sSpan594" target="scriptorium.40_Matthew_05.mark.xml#sSpan593"/>
		<rel id="sPointingRel2941" xlink:href="scriptorium.40_Matthew_05.mark.xml#sSpan919" target="scriptorium.40_Matthew_05.mark.xml#sSpan921"/>
		<rel id="sPointingRel2943" xlink:href="scriptorium.40_Matthew_05.mark.xml#sSpan1140" target="scriptorium.40_Matthew_05.mark.xml#sSpan1141"/>
		<rel id="sPointingRel2945" xlink:href="scriptorium.40_Matthew_05.mark.xml#sSpan1456" target="scriptorium.40_Matthew_05.mark.xml#sSpan1458"/>
		<rel id="sPointingRel2947" xlink:href="scriptorium.40_Matthew_05.mark.xml#sSpan2042" target="scriptorium.40_Matthew_05.mark.xml#sSpan2041"/>
		<rel id="sPointingRel2949" xlink:href="scriptorium.40_Matthew_05.mark.xml#sSpan1297" target="scriptorium.40_Matthew_05.mark.xml#sSpan1299"/>
		<rel id="sPointingRel2951" xlink:href="scriptorium.40_Matthew_05.mark.xml#sSpan23" target="scriptorium.40_Matthew_05.mark.xml#sSpan24"/>
		<rel id="sPointingRel2953" xlink:href="scriptorium.40_Matthew_05.mark.xml#sSpan1202" target="scriptorium.40_Matthew_05.mark.xml#sSpan1203"/>
		<rel id="sPointingRel2955" xlink:href="scriptorium.40_Matthew_05.mark.xml#sSpan655" target="scriptorium.40_Matthew_05.mark.xml#sSpan656"/>
		<rel id="sPointingRel2957" xlink:href="scriptorium.40_Matthew_05.mark.xml#sSpan569" target="scriptorium.40_Matthew_05.mark.xml#sSpan570"/>
		<rel id="sPointingRel2959" xlink:href="scriptorium.40_Matthew_05.mark.xml#sSpan1949" target="scriptorium.40_Matthew_05.mark.xml#sSpan1955"/>
		<rel id="sPointingRel2961" xlink:href="scriptorium.40_Matthew_05.mark.xml#sSpan554" target="scriptorium.40_Matthew_05.mark.xml#sSpan555"/>
		<rel id="sPointingRel2963" xlink:href="scriptorium.40_Matthew_05.mark.xml#sSpan765" target="scriptorium.40_Matthew_05.mark.xml#sSpan766"/>
		<rel id="sPointingRel2965" xlink:href="scriptorium.40_Matthew_05.mark.xml#sSpan757" target="scriptorium.40_Matthew_05.mark.xml#sSpan758"/>
		<rel id="sPointingRel2967" xlink:href="scriptorium.40_Matthew_05.mark.xml#sSpan2092" target="scriptorium.40_Matthew_05.mark.xml#sSpan2094"/>
		<rel id="sPointingRel2969" xlink:href="scriptorium.40_Matthew_05.mark.xml#sSpan505" target="scriptorium.40_Matthew_05.mark.xml#sSpan506"/>
		<rel id="sPointingRel2971" xlink:href="scriptorium.40_Matthew_05.mark.xml#sSpan676" target="scriptorium.40_Matthew_05.mark.xml#sSpan677"/>
		<rel id="sPointingRel2973" xlink:href="scriptorium.40_Matthew_05.mark.xml#sSpan1885" target="scriptorium.40_Matthew_05.mark.xml#sSpan1886"/>
		<rel id="sPointingRel2975" xlink:href="scriptorium.40_Matthew_05.mark.xml#sSpan1900" target="scriptorium.40_Matthew_05.mark.xml#sSpan1901"/>
		<rel id="sPointingRel2977" xlink:href="scriptorium.40_Matthew_05.mark.xml#sSpan611" target="scriptorium.40_Matthew_05.mark.xml#sSpan613"/>
		<rel id="sPointingRel2979" xlink:href="scriptorium.40_Matthew_05.mark.xml#sSpan1360" target="scriptorium.40_Matthew_05.mark.xml#sSpan1361"/>
		<rel id="sPointingRel2981" xlink:href="scriptorium.40_Matthew_05.mark.xml#sSpan589" target="scriptorium.40_Matthew_05.mark.xml#sSpan590"/>
		<rel id="sPointingRel2983" xlink:href="scriptorium.40_Matthew_05.mark.xml#sSpan1946" target="scriptorium.40_Matthew_05.mark.xml#sSpan1945"/>
		<rel id="sPointingRel2985" xlink:href="scriptorium.40_Matthew_05.mark.xml#sSpan1990" target="scriptorium.40_Matthew_05.mark.xml#sSpan1991"/>
		<rel id="sPointingRel2987" xlink:href="scriptorium.40_Matthew_05.mark.xml#sSpan1835" target="scriptorium.40_Matthew_05.mark.xml#sSpan1836"/>
		<rel id="sPointingRel2989" xlink:href="scriptorium.40_Matthew_05.mark.xml#sSpan1537" target="scriptorium.40_Matthew_05.mark.xml#sSpan1538"/>
		<rel id="sPointingRel2991" xlink:href="scriptorium.40_Matthew_05.mark.xml#sSpan836" target="scriptorium.40_Matthew_05.mark.xml#sSpan837"/></relList></paula>