<?xml version='1.0' encoding='UTF-8'?><!DOCTYPE paula SYSTEM "paula_feat.dtd">
<paula version="1.1">
	<header paula_id="scriptorium.GL29-30_par_XJ33-34.mark_norm"/>
	<featList xmlns:xlink="http://www.w3.org/1999/xlink" type="norm" xml:base="scriptorium.GL29-30_par_XJ33-34.mark.xml">
		<feat xlink:href="#sSpan4" value="ⲭⲣⲓⲥⲧⲟⲥ"/>
		<feat xlink:href="#sSpan14" value="ϩⲉⲛ"/>
		<feat xlink:href="#sSpan23" value="ⲡⲣⲟⲇⲟⲧⲏⲥ"/>
		<feat xlink:href="#sSpan25" value="ϩⲱ"/>
		<feat xlink:href="#sSpan30" value="ⲟⲩ"/>
		<feat xlink:href="#sSpan32" value="·"/>
		<feat xlink:href="#sSpan36" value="ⲛ"/>
		<feat xlink:href="#sSpan43" value="ⲣⲉϥϫⲓⲟⲩⲉ"/>
		<feat xlink:href="#sSpan47" value="ⲁⲩⲱ"/>
		<feat xlink:href="#sSpan51" value="ⲛ"/>
		<feat xlink:href="#sSpan57" value="ⲁⲡⲟⲥⲧⲁⲧⲏⲥ"/>
		<feat xlink:href="#sSpan60" value="ⲛⲉ"/>
		<feat xlink:href="#sSpan64" value="ⲛ"/>
		<feat xlink:href="#sSpan69" value="ⲉⲧ"/>
		<feat xlink:href="#sSpan71" value="ⲉⲓⲣⲉ"/>
		<feat xlink:href="#sSpan75" value="ⲛ"/>
		<feat xlink:href="#sSpan79" value="ⲛⲉⲓ"/>
		<feat xlink:href="#sSpan82" value="ϩⲃⲏⲩⲉ"/>
		<feat xlink:href="#sSpan84" value="ⲉⲧ"/>
		<feat xlink:href="#sSpan92" value="ⲙⲙⲁⲩ"/>
		<feat xlink:href="#sSpan94" value="·"/>
		<feat xlink:href="#sSpan98" value="ⲛ"/>
		<feat xlink:href="#sSpan104" value="ⲃⲟⲧⲉ"/>
		<feat xlink:href="#sSpan106" value="ϩⲛ"/>
		<feat xlink:href="#sSpan113" value="ⲛ"/>
		<feat xlink:href="#sSpan117" value="ⲧⲟⲡⲟⲥ"/>
		<feat xlink:href="#sSpan119" value="ⲉⲧ"/>
		<feat xlink:href="#sSpan123" value="ⲟⲩⲁⲁⲃ"/>
		<feat xlink:href="#sSpan129" value="ⲟⲩ"/>
		<feat xlink:href="#sSpan136" value="ⲡⲉ"/>
		<feat xlink:href="#sSpan140" value="ⲡ"/>
		<feat xlink:href="#sSpan145" value="ϩⲱⲃ"/>
		<feat xlink:href="#sSpan147" value="ⲛ"/>
		<feat xlink:href="#sSpan151" value="ⲟⲩ"/>
		<feat xlink:href="#sSpan155" value="ⲁϣⲏ"/>
		<feat xlink:href="#sSpan159" value="ⲛ"/>
		<feat xlink:href="#sSpan163" value="ϩⲏⲃⲥ"/>
		<feat xlink:href="#sSpan165" value="·"/>
		<feat xlink:href="#sSpan169" value="ⲉ"/>
		<feat xlink:href="#sSpan173" value="ⲩ"/>
		<feat xlink:href="#sSpan175" value="ⲕⲏ"/>
		<feat xlink:href="#sSpan180" value="ϩⲓϫⲛ"/>
		<feat xlink:href="#sSpan184" value="ⲛ"/>
		<feat xlink:href="#sSpan188" value="ⲗⲩⲭⲛⲓⲁ"/>
		<feat xlink:href="#sSpan193" value="ⲛ"/>
		<feat xlink:href="#sSpan198" value="ⲥⲉ"/>
		<feat xlink:href="#sSpan200" value="ϫⲉⲣⲟ"/>
		<feat xlink:href="#sSpan202" value="ⲁⲛ"/>
		<feat xlink:href="#sSpan206" value="ϫⲉ"/>
		<feat xlink:href="#sSpan213" value="ⲛⲁⲛⲟⲩ"/>
		<feat xlink:href="#sSpan215" value="ⲟⲩ"/>
		<feat xlink:href="#sSpan217" value="ⲁⲛ"/>
		<feat xlink:href="#sSpan221" value="----"/>
		<feat xlink:href="#sSpan231" value="----"/>
		<feat xlink:href="#sSpan236" value="----"/>
		<feat xlink:href="#sSpan241" value="----"/>
		<feat xlink:href="#sSpan246" value="----"/>
		<feat xlink:href="#sSpan251" value="----"/>
		<feat xlink:href="#sSpan256" value="----"/>
		<feat xlink:href="#sSpan261" value="----"/>
		<feat xlink:href="#sSpan266" value="----"/>
		<feat xlink:href="#sSpan271" value="ⲧⲉ"/>
		<feat xlink:href="#sSpan277" value="·"/>
		<feat xlink:href="#sSpan281" value="ⲡⲁ"/>
		<feat xlink:href="#sSpan288" value="ⲛ"/>
		<feat xlink:href="#sSpan291" value="ⲣⲱⲙⲉ"/>
		<feat xlink:href="#sSpan294" value="ϩⲱⲱ"/>
		<feat xlink:href="#sSpan299" value="ϥ"/>
		<feat xlink:href="#sSpan301" value="ⲉⲧ"/>
		<feat xlink:href="#sSpan305" value="ⲟⲩⲁⲁⲃ"/>
		<feat xlink:href="#sSpan307" value="ⲁⲩⲱ"/>
		<feat xlink:href="#sSpan312" value="ⲙ"/>
		<feat xlink:href="#sSpan317" value="ⲡⲓⲥⲧⲟⲥ"/>
		<feat xlink:href="#sSpan319" value="ⲉⲧ"/>
		<feat xlink:href="#sSpan324" value="ⲟⲩⲏϩ"/>
		<feat xlink:href="#sSpan326" value="ⲛϩⲏⲧ"/>
		<feat xlink:href="#sSpan330" value="ϥ"/>
		<feat xlink:href="#sSpan332" value="ⲡⲉ"/>
		<feat xlink:href="#sSpan337" value="ⲧⲣⲉ"/>
		<feat xlink:href="#sSpan339" value="ⲩ"/>
		<feat xlink:href="#sSpan341" value="ⲛⲁⲩ"/>
		<feat xlink:href="#sSpan343" value="ⲉ"/>
		<feat xlink:href="#sSpan347" value="ⲛⲉⲩ"/>
		<feat xlink:href="#sSpan350" value="ϩⲃⲏⲩⲉ"/>
		<feat xlink:href="#sSpan353" value="ⲉⲧ"/>
		<feat xlink:href="#sSpan357" value="ⲛⲁⲛⲟⲩ"/>
		<feat xlink:href="#sSpan359" value="ⲟⲩ"/>
		<feat xlink:href="#sSpan362" value="·"/>
		<feat xlink:href="#sSpan366" value="ⲁⲩⲱ"/>
		<feat xlink:href="#sSpan370" value="ⲉⲧ"/>
		<feat xlink:href="#sSpan375" value="ⲣⲟⲩⲟⲉⲓⲛ"/>
		<feat xlink:href="#sSpan382" value="ϩⲛ"/>
		<feat xlink:href="#sSpan386" value="ⲛ"/>
		<feat xlink:href="#sSpan390" value="ⲧⲟⲡⲟⲥ"/>
		<feat xlink:href="#sSpan392" value="ⲉⲧ"/>
		<feat xlink:href="#sSpan399" value="ⲟⲩⲁⲁⲃ"/>
		<feat xlink:href="#sSpan401" value="·"/>
		<feat xlink:href="#sSpan406" value="ⲟⲩ"/>
		<feat xlink:href="#sSpan414" value="ⲣⲱⲙⲉ"/>
		<feat xlink:href="#sSpan416" value="ⲉ"/>
		<feat xlink:href="#sSpan420" value="ϥ"/>
		<feat xlink:href="#sSpan423" value="ⲣϣⲁⲩ"/>
		<feat xlink:href="#sSpan426" value="ⲛⲁ"/>
		<feat xlink:href="#sSpan431" value="ϥ"/>
		<feat xlink:href="#sSpan433" value="ⲁⲛ"/>
		<feat xlink:href="#sSpan437" value="·"/>
		<feat xlink:href="#sSpan441" value="ⲁⲩⲱ"/>
		<feat xlink:href="#sSpan446" value="ⲛ"/>
		<feat xlink:href="#sSpan451" value="ϥ"/>
		<feat xlink:href="#sSpan454" value="ϯϩⲏⲩ"/>
		<feat xlink:href="#sSpan457" value="ⲁⲛ"/>
		<feat xlink:href="#sSpan461" value="ⲉⲣⲟ"/>
		<feat xlink:href="#sSpan465" value="ϥ"/>
		<feat xlink:href="#sSpan467" value="ⲙⲙⲓⲛⲙⲙⲟ"/>
		<feat xlink:href="#sSpan472" value="ϥ"/>
		<feat xlink:href="#sSpan474" value="·"/>
		<feat xlink:href="#sSpan478" value="ⲛ"/>
		<feat xlink:href="#sSpan484" value="ⲁϣ"/>
		<feat xlink:href="#sSpan486" value="ⲛ"/>
		<feat xlink:href="#sSpan490" value="ϩⲉ"/>
		<feat xlink:href="#sSpan493" value="ⲉ"/>
		<feat xlink:href="#sSpan497" value="ϥ"/>
		<feat xlink:href="#sSpan499" value="ⲛⲁ"/>
		<feat xlink:href="#sSpan502" value="ⲣϣⲁⲩ"/>
		<feat xlink:href="#sSpan506" value="·"/>
		<feat xlink:href="#sSpan510" value="ⲉ"/>
		<feat xlink:href="#sSpan516" value="ⲟⲩ"/>
		<feat xlink:href="#sSpan520" value="ⲡⲣⲁⲝⲓⲥ"/>
		<feat xlink:href="#sSpan522" value="ⲛ"/>
		<feat xlink:href="#sSpan528" value="ⲁⲛⲁⲅⲕⲁⲓⲟⲛ"/>
		<feat xlink:href="#sSpan531" value="ⲏ"/>
		<feat xlink:href="#sSpan536" value="ⲉ"/>
		<feat xlink:href="#sSpan542" value="ⲟⲩⲛ"/>
		<feat xlink:href="#sSpan544" value="ⲟⲩ"/>
		<feat xlink:href="#sSpan547" value="ⲣⲁⲛ"/>
		<feat xlink:href="#sSpan549" value="ⲉ"/>
		<feat xlink:href="#sSpan553" value="ϥ"/>
		<feat xlink:href="#sSpan555" value="ⲧⲁⲉⲓⲏⲩ"/>
		<feat xlink:href="#sSpan560" value="ⲛⲁ"/>
		<feat xlink:href="#sSpan565" value="ϯϩⲏⲩ"/>
		<feat xlink:href="#sSpan568" value="ⲙⲙⲟ"/>
		<feat xlink:href="#sSpan575" value="ϥ"/>
		<feat xlink:href="#sSpan579" value="ⲓⲟⲩⲇⲁⲥ"/>
		<feat xlink:href="#sSpan587" value="ⲙⲡ"/>
		<feat xlink:href="#sSpan591" value="ϥ"/>
		<feat xlink:href="#sSpan594" value="ⲣϣⲁⲩ"/>
		<feat xlink:href="#sSpan600" value="ⲛⲁ"/>
		<feat xlink:href="#sSpan604" value="ϥ"/>
		<feat xlink:href="#sSpan606" value="ⲙⲁⲩⲁ"/>
		<feat xlink:href="#sSpan610" value="----"/>
		<feat xlink:href="#sSpan620" value="----"/>
		<feat xlink:href="#sSpan625" value="----"/>
		<feat xlink:href="#sSpan630" value="----"/>
		<feat xlink:href="#sSpan635" value="----"/>
		<feat xlink:href="#sSpan640" value="----"/>
		<feat xlink:href="#sSpan645" value="----"/>
		<feat xlink:href="#sSpan650" value="----"/>
		<feat xlink:href="#sSpan656" value="ⲛϭⲓ"/>
		<feat xlink:href="#sSpan665" value="ⲡ"/>
		<feat xlink:href="#sSpan669" value="ⲁⲡⲟⲥⲧⲁⲧⲏⲥ"/>
		<feat xlink:href="#sSpan672" value="ⲉⲧ"/>
		<feat xlink:href="#sSpan676" value="ⲙⲙⲁⲩ"/>
		<feat xlink:href="#sSpan678" value="·"/>
		<feat xlink:href="#sSpan682" value="ⲉ"/>
		<feat xlink:href="#sSpan686" value="ⲡ"/>
		<feat xlink:href="#sSpan690" value="ϫⲟⲉⲓⲥ"/>
		<feat xlink:href="#sSpan692" value="ⲉ"/>
		<feat xlink:href="#sSpan696" value="ϥ"/>
		<feat xlink:href="#sSpan698" value="ϫⲱ"/>
		<feat xlink:href="#sSpan700" value="ⲙⲙⲟ"/>
		<feat xlink:href="#sSpan705" value="ⲥ"/>
		<feat xlink:href="#sSpan707" value="·"/>
		<feat xlink:href="#sSpan711" value="ϫⲉ"/>
		<feat xlink:href="#sSpan715" value="ⲉⲣϣⲁⲛ"/>
		<feat xlink:href="#sSpan717" value="ⲡ"/>
		<feat xlink:href="#sSpan721" value="ⲣⲱⲙⲉ"/>
		<feat xlink:href="#sSpan724" value="ϯϩⲏⲩ"/>
		<feat xlink:href="#sSpan729" value="ⲙ"/>
		<feat xlink:href="#sSpan734" value="ⲡ"/>
		<feat xlink:href="#sSpan738" value="ⲕⲟⲥⲙⲟⲥ"/>
		<feat xlink:href="#sSpan740" value="ⲧⲏⲣ"/>
		<feat xlink:href="#sSpan745" value="ϥ"/>
		<feat xlink:href="#sSpan747" value="ⲛ"/>
		<feat xlink:href="#sSpan751" value="ϥ"/>
		<feat xlink:href="#sSpan754" value="ϯⲟⲥⲉ"/>
		<feat xlink:href="#sSpan757" value="ⲛ"/>
		<feat xlink:href="#sSpan761" value="ⲧⲉϥ"/>
		<feat xlink:href="#sSpan765" value="ⲯⲩⲭⲏ"/>
		<feat xlink:href="#sSpan768" value="·"/>
		<feat xlink:href="#sSpan772" value="ⲟⲩ"/>
		<feat xlink:href="#sSpan778" value="ⲡ"/>
		<feat xlink:href="#sSpan785" value="ⲉⲧ"/>
		<feat xlink:href="#sSpan788" value="ϥ"/>
		<feat xlink:href="#sSpan790" value="ⲛⲁ"/>
		<feat xlink:href="#sSpan793" value="ⲧⲁⲁ"/>
		<feat xlink:href="#sSpan795" value="ϥ"/>
		<feat xlink:href="#sSpan797" value="ⲛ"/>
		<feat xlink:href="#sSpan801" value="ϣⲃⲃⲓⲱ"/>
		<feat xlink:href="#sSpan807" value="ⲛ"/>
		<feat xlink:href="#sSpan811" value="ⲧⲉϥ"/>
		<feat xlink:href="#sSpan815" value="ⲯⲩⲭⲏ"/>
		<feat xlink:href="#sSpan819" value="ⲁⲗⲗⲁ"/>
		<feat xlink:href="#sSpan825" value="ⲁ"/>
		<feat xlink:href="#sSpan829" value="ϥ"/>
		<feat xlink:href="#sSpan831" value="ⲥⲱⲧⲙ"/>
		<feat xlink:href="#sSpan833" value="ⲟⲛ"/>
		<feat xlink:href="#sSpan838" value="ⲉⲣⲟ"/>
		<feat xlink:href="#sSpan842" value="ϥ"/>
		<feat xlink:href="#sSpan844" value="·"/>
		<feat xlink:href="#sSpan848" value="ϫⲉ"/>
		<feat xlink:href="#sSpan852" value="ⲟⲩⲁ"/>
		<feat xlink:href="#sSpan855" value="·"/>
		<feat xlink:href="#sSpan859" value="ⲉⲃⲟⲗ"/>
		<feat xlink:href="#sSpan864" value="ⲛϩⲏⲧ"/>
		<feat xlink:href="#sSpan868" value="ⲧⲏⲩⲧⲛ"/>
		<feat xlink:href="#sSpan870" value="ⲡ"/>
		<feat xlink:href="#sSpan875" value="ⲉⲧ"/>
		<feat xlink:href="#sSpan877" value="ⲛⲁ"/>
		<feat xlink:href="#sSpan880" value="ⲡⲁⲣⲁⲇⲓⲇⲟⲩ"/>
		<feat xlink:href="#sSpan883" value="ⲙⲙⲟ"/>
		<feat xlink:href="#sSpan887" value="ⲓ"/>
		<feat xlink:href="#sSpan889" value="·"/>
		<feat xlink:href="#sSpan893" value="ⲁⲩⲱ"/>
		<feat xlink:href="#sSpan898" value="ⲙⲡⲉ"/>
		<feat xlink:href="#sSpan903" value="ϥ"/>
		<feat xlink:href="#sSpan907" value="ϣⲓⲡⲉ"/>
		<feat xlink:href="#sSpan910" value="ⲟⲩⲇⲉ"/>
		<feat xlink:href="#sSpan915" value="ⲙⲡⲉ"/>
		<feat xlink:href="#sSpan922" value="ϥ"/>
		<feat xlink:href="#sSpan925" value="ϣⲛ"/>
		<feat xlink:href="#sSpan927" value="ϩⲧⲏ"/>
		<feat xlink:href="#sSpan929" value="ϥ"/>
		<feat xlink:href="#sSpan932" value="ϩⲁⲣⲟ"/>
		<feat xlink:href="#sSpan938" value="ϥ"/>
		<feat xlink:href="#sSpan940" value="ⲙⲁⲩⲁⲁ"/>
		<feat xlink:href="#sSpan945" value="ϥ"/>
		<feat xlink:href="#sSpan947" value="ⲁ"/>
		<feat xlink:href="#sSpan953" value="ϥ"/>
		<feat xlink:href="#sSpan955" value="ⲥⲟⲣⲙ"/>
		<feat xlink:href="#sSpan957" value="ⲉϥ"/>
		<feat xlink:href="#sSpan959" value="ⲉⲧⲃⲉ"/>
		<feat xlink:href="#sSpan966" value="ⲙⲁⲁⲃ"/>
		<feat xlink:href="#sSpan971" value="ⲛ"/>
		<feat xlink:href="#sSpan975" value="ϩⲁⲧ"/>
		<feat xlink:href="#sSpan977" value="ⲁ"/>
		<feat xlink:href="#sSpan985" value="----"/>
		<feat xlink:href="#sSpan992" value="----"/>
		<feat xlink:href="#sSpan997" value="----"/>
		<feat xlink:href="#sSpan1002" value="----"/>
		<feat xlink:href="#sSpan1007" value="----"/>
		<feat xlink:href="#sSpan1012" value="----"/>
		<feat xlink:href="#sSpan1017" value="----"/>
		<feat xlink:href="#sSpan1022" value="----"/>
		<feat xlink:href="#sSpan1027" value="ⲧⲁⲁ"/>
		<feat xlink:href="#sSpan1035" value="ϥ"/>
		<feat xlink:href="#sSpan1037" value="ⲙⲁⲩⲁⲁ"/>
		<feat xlink:href="#sSpan1041" value="ϥ"/>
		<feat xlink:href="#sSpan1043" value="ⲉϩⲣⲁⲓ"/>
		<feat xlink:href="#sSpan1048" value="ⲉ"/>
		<feat xlink:href="#sSpan1052" value="ⲩ"/>
		<feat xlink:href="#sSpan1055" value="ϭⲟⲣϭⲥ"/>
		<feat xlink:href="#sSpan1057" value="ⲛⲧⲉ"/>
		<feat xlink:href="#sSpan1062" value="ⲡ"/>
		<feat xlink:href="#sSpan1066" value="ⲇⲓⲁⲃⲟⲗⲟⲥ"/>
		<feat xlink:href="#sSpan1068" value="·"/>
		<feat xlink:href="#sSpan1072" value="ⲉⲧⲃⲉ"/>
		<feat xlink:href="#sSpan1080" value="ⲭⲣⲏⲙⲁ"/>
		<feat xlink:href="#sSpan1086" value="ϩⲁⲙⲟⲓ"/>
		<feat xlink:href="#sSpan1091" value="ⲛⲧⲟⲟⲩⲛ"/>
		<feat xlink:href="#sSpan1095" value="·"/>
		<feat xlink:href="#sSpan1099" value="ⲉ"/>
		<feat xlink:href="#sSpan1103" value="ⲛⲉ"/>
		<feat xlink:href="#sSpan1106" value="ⲙⲡⲉ"/>
		<feat xlink:href="#sSpan1108" value="ⲡ"/>
		<feat xlink:href="#sSpan1113" value="ⲛⲟⲩⲃ"/>
		<feat xlink:href="#sSpan1115" value="ϣⲱⲡⲉ"/>
		<feat xlink:href="#sSpan1121" value="ⲡⲁⲗⲓⲛ"/>
		<feat xlink:href="#sSpan1126" value="ⲟⲛ"/>
		<feat xlink:href="#sSpan1131" value="ⲧⲛ"/>
		<feat xlink:href="#sSpan1135" value="ϫⲓ"/>
		<feat xlink:href="#sSpan1137" value="ⲙⲙⲟ"/>
		<feat xlink:href="#sSpan1141" value="ϥ"/>
		<feat xlink:href="#sSpan1143" value="ⲉⲣⲟ"/>
		<feat xlink:href="#sSpan1148" value="ⲛ"/>
		<feat xlink:href="#sSpan1150" value="ϩⲙ"/>
		<feat xlink:href="#sSpan1154" value="ⲡ"/>
		<feat xlink:href="#sSpan1157" value="ⲣⲱϣⲉ"/>
		<feat xlink:href="#sSpan1159" value="ϩⲙ"/>
		<feat xlink:href="#sSpan1164" value="ⲡ"/>
		<feat xlink:href="#sSpan1167" value="ⲧⲣⲉ"/>
		<feat xlink:href="#sSpan1169" value="ⲡ"/>
		<feat xlink:href="#sSpan1174" value="ⲛⲟⲩⲧⲉ"/>
		<feat xlink:href="#sSpan1178" value="ⲧⲁⲁ"/>
		<feat xlink:href="#sSpan1183" value="ϥ"/>
		<feat xlink:href="#sSpan1185" value="ⲛⲁ"/>
		<feat xlink:href="#sSpan1189" value="ⲛ"/>
		<feat xlink:href="#sSpan1191" value="·"/>
		<feat xlink:href="#sSpan1195" value="ⲉ"/>
		<feat xlink:href="#sSpan1199" value="ⲟⲩ"/>
		<feat xlink:href="#sSpan1203" value="ⲭⲣⲉⲓⲁ"/>
		<feat xlink:href="#sSpan1206" value="·"/>
		<feat xlink:href="#sSpan1210" value="ⲉ"/>
		<feat xlink:href="#sSpan1215" value="ϥⲓ"/>
		<feat xlink:href="#sSpan1217" value="ⲡ"/>
		<feat xlink:href="#sSpan1224" value="ϩⲁⲡ"/>
		<feat xlink:href="#sSpan1227" value="ⲇⲉ"/>
		<feat xlink:href="#sSpan1232" value="ⲙⲙⲁⲩ"/>
		<feat xlink:href="#sSpan1238" value="ⲉⲧⲃⲏⲏⲧ"/>
		<feat xlink:href="#sSpan1243" value="ϥ"/>
		<feat xlink:href="#sSpan1245" value="·"/>
		<feat xlink:href="#sSpan1249" value="ⲟⲩ"/>
		<feat xlink:href="#sSpan1258" value="ⲁⲛⲟⲙⲓⲁ"/>
		<feat xlink:href="#sSpan1260" value="ⲧⲉ"/>
		<feat xlink:href="#sSpan1265" value="·"/>
		<feat xlink:href="#sSpan1269" value="ϩⲁⲙⲟⲓ"/>
		<feat xlink:href="#sSpan1277" value="ⲉ"/>
		<feat xlink:href="#sSpan1281" value="ⲛⲉ"/>
		<feat xlink:href="#sSpan1284" value="ⲙⲡⲉ"/>
		<feat xlink:href="#sSpan1287" value="ⲡ"/>
		<feat xlink:href="#sSpan1292" value="ⲛⲟⲩⲃ"/>
		<feat xlink:href="#sSpan1298" value="ϣⲱⲡⲉ"/>
		<feat xlink:href="#sSpan1303" value="ⲁⲩⲱ"/>
		<feat xlink:href="#sSpan1307" value="ⲛⲉ"/>
		<feat xlink:href="#sSpan1313" value="ⲩ"/>
		<feat xlink:href="#sSpan1315" value="ⲛⲁ"/>
		<feat xlink:href="#sSpan1317" value="ϯ"/>
		<feat xlink:href="#sSpan1320" value="ⲡ"/>
		<feat xlink:href="#sSpan1326" value="ⲇⲓⲕⲁⲓⲟⲥ"/>
		<feat xlink:href="#sSpan1330" value="ⲉⲃⲟⲗ"/>
		<feat xlink:href="#sSpan1334" value="ⲁⲛ"/>
		<feat xlink:href="#sSpan1339" value="ϩⲁ"/>
		<feat xlink:href="#sSpan1345" value="ⲟⲩ"/>
		<feat xlink:href="#sSpan1348" value="ϩⲁⲧ"/>
		<feat xlink:href="#sSpan1350" value="ⲁⲩⲱ"/>
		<feat xlink:href="#sSpan1363" value="ⲧ"/>
		<feat xlink:href="#sSpan1368" value="----"/>
		<feat xlink:href="#sSpan1376" value="----"/>
		<feat xlink:href="#sSpan1383" value="----"/>
		<feat xlink:href="#sSpan1388" value="----"/>
		<feat xlink:href="#sSpan1393" value="----"/>
		<feat xlink:href="#sSpan1398" value="----"/>
		<feat xlink:href="#sSpan1403" value="----"/>
		<feat xlink:href="#sSpan1408" value="----"/></featList></paula>