<?xml version='1.0' encoding='UTF-8'?><!DOCTYPE paula SYSTEM "paula_feat.dtd">
<paula version="1.1">
	<header paula_id="scriptorium.GL29-30_par_XJ33-34.mark_text"/>
	<featList xmlns:xlink="http://www.w3.org/1999/xlink" type="text" xml:base="scriptorium.GL29-30_par_XJ33-34.mark.xml">
		<feat xlink:href="#sSpan6" value="ⲭⲣⲓⲥⲧⲟⲥ"/>
		<feat xlink:href="#sSpan19" value="ϩⲉⲛ ⲡⲣⲟⲇⲟⲧⲏⲥ ϩⲱ ⲟⲩ"/>
		<feat xlink:href="#sSpan38" value="ⲛ ⲣⲉϥϫⲓⲟⲩⲉ"/>
		<feat xlink:href="#sSpan53" value="ⲛ ⲁⲡⲟⲥⲧⲁⲧⲏⲥ"/>
		<feat xlink:href="#sSpan68" value="ⲛ ⲉⲧ ⲉⲓⲣⲉ ⲛ ⲛⲉⲓ ϩⲃⲏⲩⲉ ⲉⲧ ⲙⲙⲁⲩ"/>
		<feat xlink:href="#sSpan81" value="ⲛⲉⲓ ϩⲃⲏⲩⲉ ⲉⲧ ⲙⲙⲁⲩ"/>
		<feat xlink:href="#sSpan102" value="ⲛ ⲃⲟⲧⲉ ϩⲛ ⲛ ⲧⲟⲡⲟⲥ ⲉⲧ ⲟⲩⲁⲁⲃ"/>
		<feat xlink:href="#sSpan115" value="ⲛ ⲧⲟⲡⲟⲥ ⲉⲧ ⲟⲩⲁⲁⲃ"/>
		<feat xlink:href="#sSpan144" value="ⲡ ϩⲱⲃ ⲛ ⲟⲩ ⲁϣⲏ ⲛ ϩⲏⲃⲥ"/>
		<feat xlink:href="#sSpan157" value="ⲁϣⲏ ⲛ ϩⲏⲃⲥ"/>
		<feat xlink:href="#sSpan186" value="ⲛ ⲗⲩⲭⲛⲓⲁ"/>
		<feat xlink:href="#sSpan285" value="ⲡⲁ ⲛ ⲣⲱⲙⲉ ϩⲱⲱ ϥ ⲉⲧ ⲟⲩⲁⲁⲃ ⲁⲩⲱ ⲙ ⲡⲓⲥⲧⲟⲥ ⲉⲧ ⲟⲩⲏϩ ⲛϩⲏⲧ ϥ"/>
		<feat xlink:href="#sSpan290" value="ⲛ ⲣⲱⲙⲉ ϩⲱⲱ ϥ ⲉⲧ ⲟⲩⲁⲁⲃ ⲁⲩⲱ ⲙ ⲡⲓⲥⲧⲟⲥ ⲉⲧ ⲟⲩⲏϩ ⲛϩⲏⲧ ϥ"/>
		<feat xlink:href="#sSpan349" value="ⲛⲉⲩ ϩⲃⲏⲩⲉ ⲉⲧ ⲛⲁⲛⲟⲩ ⲟⲩ"/>
		<feat xlink:href="#sSpan388" value="ⲛ ⲧⲟⲡⲟⲥ ⲉⲧ ⲟⲩⲁⲁⲃ"/>
		<feat xlink:href="#sSpan411" value="ⲟⲩ ⲣⲱⲙⲉ ⲉ ϥ ⲣϣⲁⲩ ⲛⲁ ϥ ⲁⲛ"/>
		<feat xlink:href="#sSpan518" value="ⲟⲩ ⲡⲣⲁⲝⲓⲥ ⲛ ⲁⲛⲁⲅⲕⲁⲓⲟⲛ"/>
		<feat xlink:href="#sSpan546" value="ⲟⲩ ⲣⲁⲛ ⲉ ϥ ⲧⲁⲉⲓⲏⲩ"/>
		<feat xlink:href="#sSpan581" value="ⲓⲟⲩⲇⲁⲥ"/>
		<feat xlink:href="#sSpan667" value="ⲡ ⲁⲡⲟⲥⲧⲁⲧⲏⲥ ⲉⲧ ⲙⲙⲁⲩ"/>
		<feat xlink:href="#sSpan688" value="ⲡ ϫⲟⲉⲓⲥ"/>
		<feat xlink:href="#sSpan719" value="ⲡ ⲣⲱⲙⲉ"/>
		<feat xlink:href="#sSpan736" value="ⲡ ⲕⲟⲥⲙⲟⲥ ⲧⲏⲣ ϥ"/>
		<feat xlink:href="#sSpan763" value="ⲧⲉϥ ⲯⲩⲭⲏ"/>
		<feat xlink:href="#sSpan782" value="ⲡ ⲉⲧ ϥ ⲛⲁ ⲧⲁⲁ ϥ ⲛ ϣⲃⲃⲓⲱ ⲛ ⲧⲉϥ ⲯⲩⲭⲏ"/>
		<feat xlink:href="#sSpan803" value="ϣⲃⲃⲓⲱ ⲛ ⲧⲉϥ ⲯⲩⲭⲏ"/>
		<feat xlink:href="#sSpan813" value="ⲧⲉϥ ⲯⲩⲭⲏ"/>
		<feat xlink:href="#sSpan854" value="ⲟⲩⲁ · ⲉⲃⲟⲗ ⲛϩⲏⲧ ⲧⲏⲩⲧⲛ"/>
		<feat xlink:href="#sSpan970" value="ⲙⲁⲁⲃ ⲛ ϩⲁⲧ"/>
		<feat xlink:href="#sSpan1054" value="ⲩ ϭⲟⲣϭⲥ ⲛⲧⲉ ⲡ ⲇⲓⲁⲃⲟⲗⲟⲥ"/>
		<feat xlink:href="#sSpan1064" value="ⲡ ⲇⲓⲁⲃⲟⲗⲟⲥ"/>
		<feat xlink:href="#sSpan1082" value="ⲭⲣⲏⲙⲁ"/>
		<feat xlink:href="#sSpan1110" value="ⲡ ⲛⲟⲩⲃ"/>
		<feat xlink:href="#sSpan1156" value="ⲡ ⲣⲱϣⲉ ϩⲙ ⲡ ⲧⲣⲉ ⲡ ⲛⲟⲩⲧⲉ ⲧⲁⲁ ϥ ⲛⲁ ⲛ"/>
		<feat xlink:href="#sSpan1166" value="ⲡ ⲧⲣⲉ ⲡ ⲛⲟⲩⲧⲉ ⲧⲁⲁ ϥ ⲛⲁ ⲛ"/>
		<feat xlink:href="#sSpan1173" value="ⲡ ⲛⲟⲩⲧⲉ"/>
		<feat xlink:href="#sSpan1201" value="ⲟⲩ ⲭⲣⲉⲓⲁ"/>
		<feat xlink:href="#sSpan1219" value="ⲡ ϩⲁⲡ"/>
		<feat xlink:href="#sSpan1251" value="ⲟⲩ ⲁⲛⲟⲙⲓⲁ"/>
		<feat xlink:href="#sSpan1291" value="ⲡ ⲛⲟⲩⲃ"/>
		<feat xlink:href="#sSpan1322" value="ⲡ ⲇⲓⲕⲁⲓⲟⲥ"/>
		<feat xlink:href="#sSpan1347" value="ⲟⲩ ϩⲁⲧ"/></featList></paula>