<?xml version='1.0' encoding='UTF-8'?><!DOCTYPE paula SYSTEM "paula_feat.dtd">
<paula version="1.1">
	<header paula_id="scriptorium.GL29-30_par_XJ33-34.mark_morph"/>
	<featList xmlns:xlink="http://www.w3.org/1999/xlink" type="morph" xml:base="scriptorium.GL29-30_par_XJ33-34.mark.xml">
		<feat xlink:href="#sSpan42" value="ⲣⲉϥ"/>
		<feat xlink:href="#sSpan45" value="ϫⲓⲟⲩⲉ"/>
		<feat xlink:href="#sSpan374" value="ⲣ"/>
		<feat xlink:href="#sSpan377" value="ⲟⲩⲟⲉⲓⲛ"/>
		<feat xlink:href="#sSpan422" value="ⲣ"/>
		<feat xlink:href="#sSpan425" value="ϣⲁⲩ"/>
		<feat xlink:href="#sSpan453" value="ϯ"/>
		<feat xlink:href="#sSpan456" value="ϩⲏⲩ"/>
		<feat xlink:href="#sSpan501" value="ⲣ"/>
		<feat xlink:href="#sSpan504" value="ϣⲁⲩ"/>
		<feat xlink:href="#sSpan564" value="ϯ"/>
		<feat xlink:href="#sSpan567" value="ϩⲏⲩ"/>
		<feat xlink:href="#sSpan593" value="ⲣ"/>
		<feat xlink:href="#sSpan596" value="ϣⲁⲩ"/>
		<feat xlink:href="#sSpan723" value="ϯ"/>
		<feat xlink:href="#sSpan728" value="ϩⲏⲩ"/>
		<feat xlink:href="#sSpan753" value="ϯ"/>
		<feat xlink:href="#sSpan756" value="ⲟⲥⲉ"/>
		<feat xlink:href="#sSpan924" value="ϣⲛ"/></featList></paula>