<?xml version='1.0' encoding='UTF-8'?><!DOCTYPE paula SYSTEM "paula_feat.dtd">
<paula version="1.1">
	<header paula_id="scriptorium.GL29-30_par_XJ33-34.mark_func"/>
	<featList xmlns:xlink="http://www.w3.org/1999/xlink" type="func" xml:base="scriptorium.GL29-30_par_XJ33-34.mark.xml">
		<feat xlink:href="#sSpan4" value="root"/>
		<feat xlink:href="#sSpan14" value="det"/>
		<feat xlink:href="#sSpan23" value="root"/>
		<feat xlink:href="#sSpan25" value="advmod"/>
		<feat xlink:href="#sSpan30" value="det"/>
		<feat xlink:href="#sSpan32" value="punct"/>
		<feat xlink:href="#sSpan36" value="det"/>
		<feat xlink:href="#sSpan43" value="root"/>
		<feat xlink:href="#sSpan47" value="cc"/>
		<feat xlink:href="#sSpan51" value="det"/>
		<feat xlink:href="#sSpan57" value="conj"/>
		<feat xlink:href="#sSpan60" value="cop"/>
		<feat xlink:href="#sSpan64" value="nsubj"/>
		<feat xlink:href="#sSpan69" value="mark"/>
		<feat xlink:href="#sSpan71" value="acl:relcl"/>
		<feat xlink:href="#sSpan75" value="case"/>
		<feat xlink:href="#sSpan79" value="det"/>
		<feat xlink:href="#sSpan82" value="obj"/>
		<feat xlink:href="#sSpan84" value="mark"/>
		<feat xlink:href="#sSpan92" value="acl:relcl"/>
		<feat xlink:href="#sSpan94" value="punct"/>
		<feat xlink:href="#sSpan98" value="det"/>
		<feat xlink:href="#sSpan104" value="root"/>
		<feat xlink:href="#sSpan106" value="case"/>
		<feat xlink:href="#sSpan113" value="det"/>
		<feat xlink:href="#sSpan117" value="nmod"/>
		<feat xlink:href="#sSpan119" value="mark"/>
		<feat xlink:href="#sSpan123" value="acl:relcl"/>
		<feat xlink:href="#sSpan129" value="root"/>
		<feat xlink:href="#sSpan136" value="cop"/>
		<feat xlink:href="#sSpan140" value="det"/>
		<feat xlink:href="#sSpan145" value="nsubj"/>
		<feat xlink:href="#sSpan147" value="case"/>
		<feat xlink:href="#sSpan151" value="det"/>
		<feat xlink:href="#sSpan155" value="nmod"/>
		<feat xlink:href="#sSpan159" value="case"/>
		<feat xlink:href="#sSpan163" value="nmod"/>
		<feat xlink:href="#sSpan165" value="punct"/>
		<feat xlink:href="#sSpan169" value="mark"/>
		<feat xlink:href="#sSpan173" value="nsubj"/>
		<feat xlink:href="#sSpan175" value="advcl"/>
		<feat xlink:href="#sSpan180" value="case"/>
		<feat xlink:href="#sSpan184" value="det"/>
		<feat xlink:href="#sSpan188" value="obl"/>
		<feat xlink:href="#sSpan193" value="advmod"/>
		<feat xlink:href="#sSpan198" value="nsubj"/>
		<feat xlink:href="#sSpan200" value="root"/>
		<feat xlink:href="#sSpan202" value="advmod"/>
		<feat xlink:href="#sSpan206" value="mark"/>
		<feat xlink:href="#sSpan213" value="advcl"/>
		<feat xlink:href="#sSpan215" value="nsubj"/>
		<feat xlink:href="#sSpan217" value="advmod"/>
		<feat xlink:href="#sSpan221" value="advmod"/>
		<feat xlink:href="#sSpan231" value="advmod"/>
		<feat xlink:href="#sSpan236" value="advmod"/>
		<feat xlink:href="#sSpan241" value="discourse"/>
		<feat xlink:href="#sSpan246" value="discourse"/>
		<feat xlink:href="#sSpan251" value="dep"/>
		<feat xlink:href="#sSpan256" value="nsubj"/>
		<feat xlink:href="#sSpan261" value="nsubj"/>
		<feat xlink:href="#sSpan266" value="root"/>
		<feat xlink:href="#sSpan271" value="cop"/>
		<feat xlink:href="#sSpan277" value="punct"/>
		<feat xlink:href="#sSpan281" value="root"/>
		<feat xlink:href="#sSpan288" value="det"/>
		<feat xlink:href="#sSpan291" value="nmod"/>
		<feat xlink:href="#sSpan294" value="advmod"/>
		<feat xlink:href="#sSpan299" value="det"/>
		<feat xlink:href="#sSpan301" value="mark"/>
		<feat xlink:href="#sSpan305" value="acl:relcl"/>
		<feat xlink:href="#sSpan307" value="cc"/>
		<feat xlink:href="#sSpan312" value="det"/>
		<feat xlink:href="#sSpan317" value="conj"/>
		<feat xlink:href="#sSpan319" value="mark"/>
		<feat xlink:href="#sSpan324" value="acl:relcl"/>
		<feat xlink:href="#sSpan326" value="case"/>
		<feat xlink:href="#sSpan330" value="obl"/>
		<feat xlink:href="#sSpan332" value="det"/>
		<feat xlink:href="#sSpan337" value="acl"/>
		<feat xlink:href="#sSpan339" value="obj"/>
		<feat xlink:href="#sSpan341" value="xcomp"/>
		<feat xlink:href="#sSpan343" value="case"/>
		<feat xlink:href="#sSpan347" value="det"/>
		<feat xlink:href="#sSpan350" value="obl"/>
		<feat xlink:href="#sSpan353" value="mark"/>
		<feat xlink:href="#sSpan357" value="acl:relcl"/>
		<feat xlink:href="#sSpan359" value="nsubj"/>
		<feat xlink:href="#sSpan362" value="punct"/>
		<feat xlink:href="#sSpan366" value="cc"/>
		<feat xlink:href="#sSpan370" value="mark"/>
		<feat xlink:href="#sSpan375" value="advcl"/>
		<feat xlink:href="#sSpan382" value="case"/>
		<feat xlink:href="#sSpan386" value="det"/>
		<feat xlink:href="#sSpan390" value="obl"/>
		<feat xlink:href="#sSpan392" value="mark"/>
		<feat xlink:href="#sSpan399" value="acl:relcl"/>
		<feat xlink:href="#sSpan401" value="punct"/>
		<feat xlink:href="#sSpan406" value="det"/>
		<feat xlink:href="#sSpan414" value="dislocated"/>
		<feat xlink:href="#sSpan416" value="mark"/>
		<feat xlink:href="#sSpan420" value="nsubj"/>
		<feat xlink:href="#sSpan423" value="root"/>
		<feat xlink:href="#sSpan426" value="case"/>
		<feat xlink:href="#sSpan431" value="obl"/>
		<feat xlink:href="#sSpan433" value="advmod"/>
		<feat xlink:href="#sSpan437" value="punct"/>
		<feat xlink:href="#sSpan441" value="cc"/>
		<feat xlink:href="#sSpan446" value="advmod"/>
		<feat xlink:href="#sSpan451" value="nsubj"/>
		<feat xlink:href="#sSpan454" value="root"/>
		<feat xlink:href="#sSpan457" value="advmod"/>
		<feat xlink:href="#sSpan461" value="case"/>
		<feat xlink:href="#sSpan465" value="obl"/>
		<feat xlink:href="#sSpan467" value="advmod"/>
		<feat xlink:href="#sSpan472" value="det"/>
		<feat xlink:href="#sSpan474" value="punct"/>
		<feat xlink:href="#sSpan478" value="case"/>
		<feat xlink:href="#sSpan484" value="obl"/>
		<feat xlink:href="#sSpan486" value="case"/>
		<feat xlink:href="#sSpan490" value="nmod"/>
		<feat xlink:href="#sSpan493" value="mark"/>
		<feat xlink:href="#sSpan497" value="nsubj"/>
		<feat xlink:href="#sSpan499" value="aux"/>
		<feat xlink:href="#sSpan502" value="root"/>
		<feat xlink:href="#sSpan506" value="punct"/>
		<feat xlink:href="#sSpan510" value="case"/>
		<feat xlink:href="#sSpan516" value="det"/>
		<feat xlink:href="#sSpan520" value="root"/>
		<feat xlink:href="#sSpan522" value="case"/>
		<feat xlink:href="#sSpan528" value="nmod"/>
		<feat xlink:href="#sSpan531" value="cc"/>
		<feat xlink:href="#sSpan536" value="mark"/>
		<feat xlink:href="#sSpan542" value="conj"/>
		<feat xlink:href="#sSpan544" value="det"/>
		<feat xlink:href="#sSpan547" value="nsubj"/>
		<feat xlink:href="#sSpan549" value="mark"/>
		<feat xlink:href="#sSpan553" value="nsubj"/>
		<feat xlink:href="#sSpan555" value="acl:relcl"/>
		<feat xlink:href="#sSpan560" value="aux"/>
		<feat xlink:href="#sSpan565" value="csubj"/>
		<feat xlink:href="#sSpan568" value="case"/>
		<feat xlink:href="#sSpan575" value="obj"/>
		<feat xlink:href="#sSpan579" value="advmod"/>
		<feat xlink:href="#sSpan587" value="aux"/>
		<feat xlink:href="#sSpan591" value="nsubj"/>
		<feat xlink:href="#sSpan594" value="parataxis"/>
		<feat xlink:href="#sSpan600" value="case"/>
		<feat xlink:href="#sSpan604" value="obl"/>
		<feat xlink:href="#sSpan606" value="advmod"/>
		<feat xlink:href="#sSpan610" value="root"/>
		<feat xlink:href="#sSpan620" value="dep"/>
		<feat xlink:href="#sSpan625" value="dep"/>
		<feat xlink:href="#sSpan630" value="dep"/>
		<feat xlink:href="#sSpan635" value="conj"/>
		<feat xlink:href="#sSpan640" value="conj"/>
		<feat xlink:href="#sSpan645" value="conj"/>
		<feat xlink:href="#sSpan650" value="advmod"/>
		<feat xlink:href="#sSpan656" value="case"/>
		<feat xlink:href="#sSpan665" value="det"/>
		<feat xlink:href="#sSpan669" value="root"/>
		<feat xlink:href="#sSpan672" value="mark"/>
		<feat xlink:href="#sSpan676" value="acl:relcl"/>
		<feat xlink:href="#sSpan678" value="punct"/>
		<feat xlink:href="#sSpan682" value="case"/>
		<feat xlink:href="#sSpan686" value="det"/>
		<feat xlink:href="#sSpan690" value="nmod"/>
		<feat xlink:href="#sSpan692" value="mark"/>
		<feat xlink:href="#sSpan696" value="nsubj"/>
		<feat xlink:href="#sSpan698" value="acl:relcl"/>
		<feat xlink:href="#sSpan700" value="case"/>
		<feat xlink:href="#sSpan705" value="obj"/>
		<feat xlink:href="#sSpan707" value="punct"/>
		<feat xlink:href="#sSpan711" value="mark"/>
		<feat xlink:href="#sSpan715" value="aux"/>
		<feat xlink:href="#sSpan717" value="det"/>
		<feat xlink:href="#sSpan721" value="nsubj"/>
		<feat xlink:href="#sSpan724" value="advcl"/>
		<feat xlink:href="#sSpan729" value="case"/>
		<feat xlink:href="#sSpan734" value="det"/>
		<feat xlink:href="#sSpan738" value="obj"/>
		<feat xlink:href="#sSpan740" value="advmod"/>
		<feat xlink:href="#sSpan745" value="det"/>
		<feat xlink:href="#sSpan747" value="aux"/>
		<feat xlink:href="#sSpan751" value="nsubj"/>
		<feat xlink:href="#sSpan754" value="ccomp"/>
		<feat xlink:href="#sSpan757" value="case"/>
		<feat xlink:href="#sSpan761" value="det"/>
		<feat xlink:href="#sSpan765" value="obl"/>
		<feat xlink:href="#sSpan768" value="punct"/>
		<feat xlink:href="#sSpan772" value="root"/>
		<feat xlink:href="#sSpan778" value="cop"/>
		<feat xlink:href="#sSpan785" value="mark"/>
		<feat xlink:href="#sSpan788" value="nsubj"/>
		<feat xlink:href="#sSpan790" value="aux"/>
		<feat xlink:href="#sSpan793" value="csubj"/>
		<feat xlink:href="#sSpan795" value="obj"/>
		<feat xlink:href="#sSpan797" value="case"/>
		<feat xlink:href="#sSpan801" value="obl"/>
		<feat xlink:href="#sSpan807" value="case"/>
		<feat xlink:href="#sSpan811" value="det"/>
		<feat xlink:href="#sSpan815" value="nmod"/>
		<feat xlink:href="#sSpan819" value="cc"/>
		<feat xlink:href="#sSpan825" value="aux"/>
		<feat xlink:href="#sSpan829" value="nsubj"/>
		<feat xlink:href="#sSpan831" value="root"/>
		<feat xlink:href="#sSpan833" value="advmod"/>
		<feat xlink:href="#sSpan838" value="case"/>
		<feat xlink:href="#sSpan842" value="obl"/>
		<feat xlink:href="#sSpan844" value="punct"/>
		<feat xlink:href="#sSpan848" value="mark"/>
		<feat xlink:href="#sSpan852" value="ccomp"/>
		<feat xlink:href="#sSpan855" value="punct"/>
		<feat xlink:href="#sSpan859" value="case"/>
		<feat xlink:href="#sSpan864" value="fixed"/>
		<feat xlink:href="#sSpan868" value="acl:relcl"/>
		<feat xlink:href="#sSpan870" value="nsubj"/>
		<feat xlink:href="#sSpan875" value="mark"/>
		<feat xlink:href="#sSpan877" value="aux"/>
		<feat xlink:href="#sSpan880" value="acl:relcl"/>
		<feat xlink:href="#sSpan883" value="case"/>
		<feat xlink:href="#sSpan887" value="obj"/>
		<feat xlink:href="#sSpan889" value="punct"/>
		<feat xlink:href="#sSpan893" value="cc"/>
		<feat xlink:href="#sSpan898" value="aux"/>
		<feat xlink:href="#sSpan903" value="nsubj"/>
		<feat xlink:href="#sSpan907" value="root"/>
		<feat xlink:href="#sSpan910" value="cc"/>
		<feat xlink:href="#sSpan915" value="aux"/>
		<feat xlink:href="#sSpan922" value="nsubj"/>
		<feat xlink:href="#sSpan925" value="conj"/>
		<feat xlink:href="#sSpan927" value="obj"/>
		<feat xlink:href="#sSpan929" value="det"/>
		<feat xlink:href="#sSpan932" value="case"/>
		<feat xlink:href="#sSpan938" value="obl"/>
		<feat xlink:href="#sSpan940" value="advmod"/>
		<feat xlink:href="#sSpan945" value="det"/>
		<feat xlink:href="#sSpan947" value="aux"/>
		<feat xlink:href="#sSpan953" value="nsubj"/>
		<feat xlink:href="#sSpan955" value="parataxis"/>
		<feat xlink:href="#sSpan957" value="obj"/>
		<feat xlink:href="#sSpan959" value="case"/>
		<feat xlink:href="#sSpan966" value="nummod"/>
		<feat xlink:href="#sSpan971" value="case"/>
		<feat xlink:href="#sSpan975" value="obl"/>
		<feat xlink:href="#sSpan977" value="aux"/>
		<feat xlink:href="#sSpan985" value="root"/>
		<feat xlink:href="#sSpan992" value="dep"/>
		<feat xlink:href="#sSpan997" value="dep"/>
		<feat xlink:href="#sSpan1002" value="dep"/>
		<feat xlink:href="#sSpan1007" value="conj"/>
		<feat xlink:href="#sSpan1012" value="conj"/>
		<feat xlink:href="#sSpan1017" value="conj"/>
		<feat xlink:href="#sSpan1022" value="advmod"/>
		<feat xlink:href="#sSpan1027" value="root"/>
		<feat xlink:href="#sSpan1035" value="obj"/>
		<feat xlink:href="#sSpan1037" value="advmod"/>
		<feat xlink:href="#sSpan1041" value="det"/>
		<feat xlink:href="#sSpan1043" value="advmod"/>
		<feat xlink:href="#sSpan1048" value="case"/>
		<feat xlink:href="#sSpan1052" value="det"/>
		<feat xlink:href="#sSpan1055" value="obl"/>
		<feat xlink:href="#sSpan1057" value="case"/>
		<feat xlink:href="#sSpan1062" value="det"/>
		<feat xlink:href="#sSpan1066" value="nmod"/>
		<feat xlink:href="#sSpan1068" value="punct"/>
		<feat xlink:href="#sSpan1072" value="case"/>
		<feat xlink:href="#sSpan1080" value="obl"/>
		<feat xlink:href="#sSpan1086" value="advmod"/>
		<feat xlink:href="#sSpan1091" value="root"/>
		<feat xlink:href="#sSpan1095" value="punct"/>
		<feat xlink:href="#sSpan1099" value="mark"/>
		<feat xlink:href="#sSpan1103" value="aux"/>
		<feat xlink:href="#sSpan1106" value="aux"/>
		<feat xlink:href="#sSpan1108" value="det"/>
		<feat xlink:href="#sSpan1113" value="nsubj"/>
		<feat xlink:href="#sSpan1115" value="advcl"/>
		<feat xlink:href="#sSpan1121" value="advmod"/>
		<feat xlink:href="#sSpan1126" value="advmod"/>
		<feat xlink:href="#sSpan1131" value="nsubj"/>
		<feat xlink:href="#sSpan1135" value="root"/>
		<feat xlink:href="#sSpan1137" value="case"/>
		<feat xlink:href="#sSpan1141" value="obj"/>
		<feat xlink:href="#sSpan1143" value="case"/>
		<feat xlink:href="#sSpan1148" value="obl"/>
		<feat xlink:href="#sSpan1150" value="case"/>
		<feat xlink:href="#sSpan1154" value="det"/>
		<feat xlink:href="#sSpan1157" value="obl"/>
		<feat xlink:href="#sSpan1159" value="case"/>
		<feat xlink:href="#sSpan1164" value="det"/>
		<feat xlink:href="#sSpan1167" value="obl"/>
		<feat xlink:href="#sSpan1169" value="det"/>
		<feat xlink:href="#sSpan1174" value="obj"/>
		<feat xlink:href="#sSpan1178" value="xcomp"/>
		<feat xlink:href="#sSpan1183" value="obj"/>
		<feat xlink:href="#sSpan1185" value="case"/>
		<feat xlink:href="#sSpan1189" value="obl"/>
		<feat xlink:href="#sSpan1191" value="punct"/>
		<feat xlink:href="#sSpan1195" value="case"/>
		<feat xlink:href="#sSpan1199" value="det"/>
		<feat xlink:href="#sSpan1203" value="obl"/>
		<feat xlink:href="#sSpan1206" value="punct"/>
		<feat xlink:href="#sSpan1210" value="mark"/>
		<feat xlink:href="#sSpan1215" value="root"/>
		<feat xlink:href="#sSpan1217" value="det"/>
		<feat xlink:href="#sSpan1224" value="obj"/>
		<feat xlink:href="#sSpan1227" value="advmod"/>
		<feat xlink:href="#sSpan1232" value="advmod"/>
		<feat xlink:href="#sSpan1238" value="case"/>
		<feat xlink:href="#sSpan1243" value="obl"/>
		<feat xlink:href="#sSpan1245" value="punct"/>
		<feat xlink:href="#sSpan1249" value="det"/>
		<feat xlink:href="#sSpan1258" value="root"/>
		<feat xlink:href="#sSpan1260" value="cop"/>
		<feat xlink:href="#sSpan1265" value="punct"/>
		<feat xlink:href="#sSpan1269" value="advmod"/>
		<feat xlink:href="#sSpan1277" value="mark"/>
		<feat xlink:href="#sSpan1281" value="aux"/>
		<feat xlink:href="#sSpan1284" value="aux"/>
		<feat xlink:href="#sSpan1287" value="det"/>
		<feat xlink:href="#sSpan1292" value="nsubj"/>
		<feat xlink:href="#sSpan1298" value="root"/>
		<feat xlink:href="#sSpan1303" value="cc"/>
		<feat xlink:href="#sSpan1307" value="aux"/>
		<feat xlink:href="#sSpan1313" value="nsubj"/>
		<feat xlink:href="#sSpan1315" value="aux"/>
		<feat xlink:href="#sSpan1317" value="conj"/>
		<feat xlink:href="#sSpan1320" value="det"/>
		<feat xlink:href="#sSpan1326" value="obj"/>
		<feat xlink:href="#sSpan1330" value="advmod"/>
		<feat xlink:href="#sSpan1334" value="advmod"/>
		<feat xlink:href="#sSpan1339" value="case"/>
		<feat xlink:href="#sSpan1345" value="det"/>
		<feat xlink:href="#sSpan1348" value="obl"/>
		<feat xlink:href="#sSpan1350" value="cc"/>
		<feat xlink:href="#sSpan1363" value="det"/>
		<feat xlink:href="#sSpan1368" value="conj"/>
		<feat xlink:href="#sSpan1376" value="root"/>
		<feat xlink:href="#sSpan1383" value="dep"/>
		<feat xlink:href="#sSpan1388" value="dep"/>
		<feat xlink:href="#sSpan1393" value="dep"/>
		<feat xlink:href="#sSpan1398" value="conj"/>
		<feat xlink:href="#sSpan1403" value="conj"/>
		<feat xlink:href="#sSpan1408" value="advmod"/></featList></paula>