<?xml version='1.0' encoding='UTF-8'?><!DOCTYPE paula SYSTEM "paula_feat.dtd">
<paula version="1.1">
	<header paula_id="scriptorium.GL29-30_par_XJ33-34.mark_hi_rend"/>
	<featList xmlns:xlink="http://www.w3.org/1999/xlink" type="hi_rend" xml:base="scriptorium.GL29-30_par_XJ33-34.mark.xml">
		<feat xlink:href="#sSpan13" value="ekthetic large"/>
		<feat xlink:href="#sSpan128" value="ekthetic large"/>
		<feat xlink:href="#sSpan293" value="ekthetic large"/>
		<feat xlink:href="#sSpan405" value="ekthetic large"/>
		<feat xlink:href="#sSpan577" value="ekthetic large"/>
		<feat xlink:href="#sSpan817" value="ekthetic large"/>
		<feat xlink:href="#sSpan1085" value="ekthetic large"/>
		<feat xlink:href="#sSpan1283" value="ekthetic large"/></featList></paula>