<?xml version='1.0' encoding='UTF-8'?><!DOCTYPE paula SYSTEM "paula_feat.dtd">
<paula version="1.1">
	<header paula_id="scriptorium.GL29-30_par_XJ33-34.mark_p"/>
	<featList xmlns:xlink="http://www.w3.org/1999/xlink" type="p" xml:base="scriptorium.GL29-30_par_XJ33-34.mark.xml">
		<feat xlink:href="#sSpan2" value="p"/>
		<feat xlink:href="#sSpan21" value="p"/>
		<feat xlink:href="#sSpan135" value="p"/>
		<feat xlink:href="#sSpan229" value="p"/>
		<feat xlink:href="#sSpan286" value="p"/>
		<feat xlink:href="#sSpan413" value="p"/>
		<feat xlink:href="#sSpan514" value="p"/>
		<feat xlink:href="#sSpan615" value="p"/>
		<feat xlink:href="#sSpan661" value="p"/>
		<feat xlink:href="#sSpan777" value="p"/>
		<feat xlink:href="#sSpan990" value="p"/>
		<feat xlink:href="#sSpan1032" value="p"/>
		<feat xlink:href="#sSpan1078" value="p"/>
		<feat xlink:href="#sSpan1273" value="p"/>
		<feat xlink:href="#sSpan1381" value="p"/></featList></paula>