<?xml version='1.0' encoding='UTF-8'?><!DOCTYPE paula SYSTEM "paula_feat.dtd">
<paula version="1.1">
	<header paula_id="scriptorium.GL29-30_par_XJ33-34.mark_note"/>
	<featList xmlns:xlink="http://www.w3.org/1999/xlink" type="note" xml:base="scriptorium.GL29-30_par_XJ33-34.mark.xml">
		<feat xlink:href="#sSpan1" value="Bound group reads ⲡⲉⲭ︤ⲥ︥ and begins in GL29 (the part not paralleled by XJ33-34)"/>
		<feat xlink:href="#sSpan91" value="the manuscript has been torn"/>
		<feat xlink:href="#sSpan378" value="hole in manuscript"/>
		<feat xlink:href="#sSpan655" value="page number ⲗⲇ visible in upper left margin of page"/>
		<feat xlink:href="#sSpan787" value="hole in manuscript"/>
		<feat xlink:href="#sSpan921" value="the manuscript has been torn"/></featList></paula>