<?xml version='1.0' encoding='UTF-8'?><!DOCTYPE paula SYSTEM "paula_feat.dtd">
<paula version="1.1">
	<header paula_id="scriptorium.GL29-30_par_XJ33-34.mark_pos"/>
	<featList xmlns:xlink="http://www.w3.org/1999/xlink" type="pos" xml:base="scriptorium.GL29-30_par_XJ33-34.mark.xml">
		<feat xlink:href="#sSpan4" value="N"/>
		<feat xlink:href="#sSpan14" value="ART"/>
		<feat xlink:href="#sSpan23" value="N"/>
		<feat xlink:href="#sSpan25" value="IMOD"/>
		<feat xlink:href="#sSpan30" value="PPERO"/>
		<feat xlink:href="#sSpan32" value="PUNCT"/>
		<feat xlink:href="#sSpan36" value="ART"/>
		<feat xlink:href="#sSpan43" value="N"/>
		<feat xlink:href="#sSpan47" value="CONJ"/>
		<feat xlink:href="#sSpan51" value="ART"/>
		<feat xlink:href="#sSpan57" value="N"/>
		<feat xlink:href="#sSpan60" value="COP"/>
		<feat xlink:href="#sSpan64" value="ART"/>
		<feat xlink:href="#sSpan69" value="CREL"/>
		<feat xlink:href="#sSpan71" value="V"/>
		<feat xlink:href="#sSpan75" value="PREP"/>
		<feat xlink:href="#sSpan79" value="PDEM"/>
		<feat xlink:href="#sSpan82" value="N"/>
		<feat xlink:href="#sSpan84" value="CREL"/>
		<feat xlink:href="#sSpan92" value="ADV"/>
		<feat xlink:href="#sSpan94" value="PUNCT"/>
		<feat xlink:href="#sSpan98" value="ART"/>
		<feat xlink:href="#sSpan104" value="N"/>
		<feat xlink:href="#sSpan106" value="PREP"/>
		<feat xlink:href="#sSpan113" value="ART"/>
		<feat xlink:href="#sSpan117" value="N"/>
		<feat xlink:href="#sSpan119" value="CREL"/>
		<feat xlink:href="#sSpan123" value="VSTAT"/>
		<feat xlink:href="#sSpan129" value="PINT"/>
		<feat xlink:href="#sSpan136" value="COP"/>
		<feat xlink:href="#sSpan140" value="ART"/>
		<feat xlink:href="#sSpan145" value="N"/>
		<feat xlink:href="#sSpan147" value="PREP"/>
		<feat xlink:href="#sSpan151" value="ART"/>
		<feat xlink:href="#sSpan155" value="N"/>
		<feat xlink:href="#sSpan159" value="PREP"/>
		<feat xlink:href="#sSpan163" value="N"/>
		<feat xlink:href="#sSpan165" value="PUNCT"/>
		<feat xlink:href="#sSpan169" value="CCIRC"/>
		<feat xlink:href="#sSpan173" value="PPERS"/>
		<feat xlink:href="#sSpan175" value="VSTAT"/>
		<feat xlink:href="#sSpan180" value="PREP"/>
		<feat xlink:href="#sSpan184" value="ART"/>
		<feat xlink:href="#sSpan188" value="N"/>
		<feat xlink:href="#sSpan193" value="NEG"/>
		<feat xlink:href="#sSpan198" value="PPERS"/>
		<feat xlink:href="#sSpan200" value="V"/>
		<feat xlink:href="#sSpan202" value="NEG"/>
		<feat xlink:href="#sSpan206" value="CONJ"/>
		<feat xlink:href="#sSpan213" value="VBD"/>
		<feat xlink:href="#sSpan215" value="PPERS"/>
		<feat xlink:href="#sSpan217" value="NEG"/>
		<feat xlink:href="#sSpan221" value="UNKNOWN"/>
		<feat xlink:href="#sSpan231" value="UNKNOWN"/>
		<feat xlink:href="#sSpan236" value="UNKNOWN"/>
		<feat xlink:href="#sSpan241" value="UNKNOWN"/>
		<feat xlink:href="#sSpan246" value="UNKNOWN"/>
		<feat xlink:href="#sSpan251" value="UNKNOWN"/>
		<feat xlink:href="#sSpan256" value="UNKNOWN"/>
		<feat xlink:href="#sSpan261" value="UNKNOWN"/>
		<feat xlink:href="#sSpan266" value="UNKNOWN"/>
		<feat xlink:href="#sSpan271" value="UNKNOWN"/>
		<feat xlink:href="#sSpan277" value="PUNCT"/>
		<feat xlink:href="#sSpan281" value="PPOS"/>
		<feat xlink:href="#sSpan288" value="ART"/>
		<feat xlink:href="#sSpan291" value="N"/>
		<feat xlink:href="#sSpan294" value="IMOD"/>
		<feat xlink:href="#sSpan299" value="PPERO"/>
		<feat xlink:href="#sSpan301" value="CREL"/>
		<feat xlink:href="#sSpan305" value="VSTAT"/>
		<feat xlink:href="#sSpan307" value="CONJ"/>
		<feat xlink:href="#sSpan312" value="PREP"/>
		<feat xlink:href="#sSpan317" value="N"/>
		<feat xlink:href="#sSpan319" value="CREL"/>
		<feat xlink:href="#sSpan324" value="VSTAT"/>
		<feat xlink:href="#sSpan326" value="PREP"/>
		<feat xlink:href="#sSpan330" value="PPERO"/>
		<feat xlink:href="#sSpan332" value="ART"/>
		<feat xlink:href="#sSpan337" value="ACAUS"/>
		<feat xlink:href="#sSpan339" value="PPERS"/>
		<feat xlink:href="#sSpan341" value="V"/>
		<feat xlink:href="#sSpan343" value="PREP"/>
		<feat xlink:href="#sSpan347" value="PPOS"/>
		<feat xlink:href="#sSpan350" value="N"/>
		<feat xlink:href="#sSpan353" value="CREL"/>
		<feat xlink:href="#sSpan357" value="VBD"/>
		<feat xlink:href="#sSpan359" value="PPERS"/>
		<feat xlink:href="#sSpan362" value="PUNCT"/>
		<feat xlink:href="#sSpan366" value="CONJ"/>
		<feat xlink:href="#sSpan370" value="CREL"/>
		<feat xlink:href="#sSpan375" value="V"/>
		<feat xlink:href="#sSpan382" value="PREP"/>
		<feat xlink:href="#sSpan386" value="ART"/>
		<feat xlink:href="#sSpan390" value="N"/>
		<feat xlink:href="#sSpan392" value="CREL"/>
		<feat xlink:href="#sSpan399" value="VSTAT"/>
		<feat xlink:href="#sSpan401" value="PUNCT"/>
		<feat xlink:href="#sSpan406" value="ART"/>
		<feat xlink:href="#sSpan414" value="N"/>
		<feat xlink:href="#sSpan416" value="CCIRC"/>
		<feat xlink:href="#sSpan420" value="PPERS"/>
		<feat xlink:href="#sSpan423" value="V"/>
		<feat xlink:href="#sSpan426" value="PREP"/>
		<feat xlink:href="#sSpan431" value="PPERO"/>
		<feat xlink:href="#sSpan433" value="NEG"/>
		<feat xlink:href="#sSpan437" value="PUNCT"/>
		<feat xlink:href="#sSpan441" value="CONJ"/>
		<feat xlink:href="#sSpan446" value="NEG"/>
		<feat xlink:href="#sSpan451" value="PPERS"/>
		<feat xlink:href="#sSpan454" value="V"/>
		<feat xlink:href="#sSpan457" value="NEG"/>
		<feat xlink:href="#sSpan461" value="PREP"/>
		<feat xlink:href="#sSpan465" value="PPERO"/>
		<feat xlink:href="#sSpan467" value="IMOD"/>
		<feat xlink:href="#sSpan472" value="PPERO"/>
		<feat xlink:href="#sSpan474" value="PUNCT"/>
		<feat xlink:href="#sSpan478" value="PREP"/>
		<feat xlink:href="#sSpan484" value="PINT"/>
		<feat xlink:href="#sSpan486" value="PREP"/>
		<feat xlink:href="#sSpan490" value="N"/>
		<feat xlink:href="#sSpan493" value="CFOC"/>
		<feat xlink:href="#sSpan497" value="PPERS"/>
		<feat xlink:href="#sSpan499" value="FUT"/>
		<feat xlink:href="#sSpan502" value="V"/>
		<feat xlink:href="#sSpan506" value="PUNCT"/>
		<feat xlink:href="#sSpan510" value="PREP"/>
		<feat xlink:href="#sSpan516" value="ART"/>
		<feat xlink:href="#sSpan520" value="N"/>
		<feat xlink:href="#sSpan522" value="PREP"/>
		<feat xlink:href="#sSpan528" value="N"/>
		<feat xlink:href="#sSpan531" value="CONJ"/>
		<feat xlink:href="#sSpan536" value="CCIRC"/>
		<feat xlink:href="#sSpan542" value="EXIST"/>
		<feat xlink:href="#sSpan544" value="ART"/>
		<feat xlink:href="#sSpan547" value="N"/>
		<feat xlink:href="#sSpan549" value="CCIRC"/>
		<feat xlink:href="#sSpan553" value="PPERS"/>
		<feat xlink:href="#sSpan555" value="VSTAT"/>
		<feat xlink:href="#sSpan560" value="FUT"/>
		<feat xlink:href="#sSpan565" value="V"/>
		<feat xlink:href="#sSpan568" value="PREP"/>
		<feat xlink:href="#sSpan575" value="PPERO"/>
		<feat xlink:href="#sSpan579" value="NPROP"/>
		<feat xlink:href="#sSpan587" value="ANEGPST"/>
		<feat xlink:href="#sSpan591" value="PPERS"/>
		<feat xlink:href="#sSpan594" value="V"/>
		<feat xlink:href="#sSpan600" value="PREP"/>
		<feat xlink:href="#sSpan604" value="PPERO"/>
		<feat xlink:href="#sSpan606" value="IMOD"/>
		<feat xlink:href="#sSpan610" value="UNKNOWN"/>
		<feat xlink:href="#sSpan620" value="UNKNOWN"/>
		<feat xlink:href="#sSpan625" value="UNKNOWN"/>
		<feat xlink:href="#sSpan630" value="UNKNOWN"/>
		<feat xlink:href="#sSpan635" value="UNKNOWN"/>
		<feat xlink:href="#sSpan640" value="UNKNOWN"/>
		<feat xlink:href="#sSpan645" value="UNKNOWN"/>
		<feat xlink:href="#sSpan650" value="UNKNOWN"/>
		<feat xlink:href="#sSpan656" value="PTC"/>
		<feat xlink:href="#sSpan665" value="ART"/>
		<feat xlink:href="#sSpan669" value="N"/>
		<feat xlink:href="#sSpan672" value="CREL"/>
		<feat xlink:href="#sSpan676" value="ADV"/>
		<feat xlink:href="#sSpan678" value="PUNCT"/>
		<feat xlink:href="#sSpan682" value="PREP"/>
		<feat xlink:href="#sSpan686" value="ART"/>
		<feat xlink:href="#sSpan690" value="N"/>
		<feat xlink:href="#sSpan692" value="CCIRC"/>
		<feat xlink:href="#sSpan696" value="PPERS"/>
		<feat xlink:href="#sSpan698" value="V"/>
		<feat xlink:href="#sSpan700" value="PREP"/>
		<feat xlink:href="#sSpan705" value="PPERO"/>
		<feat xlink:href="#sSpan707" value="PUNCT"/>
		<feat xlink:href="#sSpan711" value="CONJ"/>
		<feat xlink:href="#sSpan715" value="ACOND"/>
		<feat xlink:href="#sSpan717" value="ART"/>
		<feat xlink:href="#sSpan721" value="N"/>
		<feat xlink:href="#sSpan724" value="V"/>
		<feat xlink:href="#sSpan729" value="PREP"/>
		<feat xlink:href="#sSpan734" value="ART"/>
		<feat xlink:href="#sSpan738" value="N"/>
		<feat xlink:href="#sSpan740" value="IMOD"/>
		<feat xlink:href="#sSpan745" value="PPERO"/>
		<feat xlink:href="#sSpan747" value="ACONJ"/>
		<feat xlink:href="#sSpan751" value="PPERS"/>
		<feat xlink:href="#sSpan754" value="V"/>
		<feat xlink:href="#sSpan757" value="PREP"/>
		<feat xlink:href="#sSpan761" value="PPOS"/>
		<feat xlink:href="#sSpan765" value="N"/>
		<feat xlink:href="#sSpan768" value="PUNCT"/>
		<feat xlink:href="#sSpan772" value="PINT"/>
		<feat xlink:href="#sSpan778" value="COP"/>
		<feat xlink:href="#sSpan785" value="CREL"/>
		<feat xlink:href="#sSpan788" value="PPERS"/>
		<feat xlink:href="#sSpan790" value="FUT"/>
		<feat xlink:href="#sSpan793" value="V"/>
		<feat xlink:href="#sSpan795" value="PPERO"/>
		<feat xlink:href="#sSpan797" value="PREP"/>
		<feat xlink:href="#sSpan801" value="N"/>
		<feat xlink:href="#sSpan807" value="PREP"/>
		<feat xlink:href="#sSpan811" value="PPOS"/>
		<feat xlink:href="#sSpan815" value="N"/>
		<feat xlink:href="#sSpan819" value="CONJ"/>
		<feat xlink:href="#sSpan825" value="APST"/>
		<feat xlink:href="#sSpan829" value="PPERS"/>
		<feat xlink:href="#sSpan831" value="V"/>
		<feat xlink:href="#sSpan833" value="ADV"/>
		<feat xlink:href="#sSpan838" value="PREP"/>
		<feat xlink:href="#sSpan842" value="PPERO"/>
		<feat xlink:href="#sSpan844" value="PUNCT"/>
		<feat xlink:href="#sSpan848" value="CONJ"/>
		<feat xlink:href="#sSpan852" value="NUM"/>
		<feat xlink:href="#sSpan855" value="PUNCT"/>
		<feat xlink:href="#sSpan859" value="ADV"/>
		<feat xlink:href="#sSpan864" value="PREP"/>
		<feat xlink:href="#sSpan868" value="PPERO"/>
		<feat xlink:href="#sSpan870" value="COP"/>
		<feat xlink:href="#sSpan875" value="CREL"/>
		<feat xlink:href="#sSpan877" value="FUT"/>
		<feat xlink:href="#sSpan880" value="V"/>
		<feat xlink:href="#sSpan883" value="PREP"/>
		<feat xlink:href="#sSpan887" value="PPERO"/>
		<feat xlink:href="#sSpan889" value="PUNCT"/>
		<feat xlink:href="#sSpan893" value="CONJ"/>
		<feat xlink:href="#sSpan898" value="ANEGPST"/>
		<feat xlink:href="#sSpan903" value="PPERS"/>
		<feat xlink:href="#sSpan907" value="V"/>
		<feat xlink:href="#sSpan910" value="CONJ"/>
		<feat xlink:href="#sSpan915" value="ANEGPST"/>
		<feat xlink:href="#sSpan922" value="PPERS"/>
		<feat xlink:href="#sSpan925" value="V"/>
		<feat xlink:href="#sSpan927" value="N"/>
		<feat xlink:href="#sSpan929" value="PPERO"/>
		<feat xlink:href="#sSpan932" value="PREP"/>
		<feat xlink:href="#sSpan938" value="PPERO"/>
		<feat xlink:href="#sSpan940" value="IMOD"/>
		<feat xlink:href="#sSpan945" value="PPERO"/>
		<feat xlink:href="#sSpan947" value="APST"/>
		<feat xlink:href="#sSpan953" value="PPERS"/>
		<feat xlink:href="#sSpan955" value="V"/>
		<feat xlink:href="#sSpan957" value="PPERO"/>
		<feat xlink:href="#sSpan959" value="PREP"/>
		<feat xlink:href="#sSpan966" value="NUM"/>
		<feat xlink:href="#sSpan971" value="PREP"/>
		<feat xlink:href="#sSpan975" value="N"/>
		<feat xlink:href="#sSpan977" value="UNKNOWN"/>
		<feat xlink:href="#sSpan985" value="UNKNOWN"/>
		<feat xlink:href="#sSpan992" value="UNKNOWN"/>
		<feat xlink:href="#sSpan997" value="UNKNOWN"/>
		<feat xlink:href="#sSpan1002" value="UNKNOWN"/>
		<feat xlink:href="#sSpan1007" value="UNKNOWN"/>
		<feat xlink:href="#sSpan1012" value="UNKNOWN"/>
		<feat xlink:href="#sSpan1017" value="UNKNOWN"/>
		<feat xlink:href="#sSpan1022" value="UNKNOWN"/>
		<feat xlink:href="#sSpan1027" value="V"/>
		<feat xlink:href="#sSpan1035" value="PPERO"/>
		<feat xlink:href="#sSpan1037" value="IMOD"/>
		<feat xlink:href="#sSpan1041" value="PPERO"/>
		<feat xlink:href="#sSpan1043" value="ADV"/>
		<feat xlink:href="#sSpan1048" value="PREP"/>
		<feat xlink:href="#sSpan1052" value="ART"/>
		<feat xlink:href="#sSpan1055" value="N"/>
		<feat xlink:href="#sSpan1057" value="PREP"/>
		<feat xlink:href="#sSpan1062" value="ART"/>
		<feat xlink:href="#sSpan1066" value="N"/>
		<feat xlink:href="#sSpan1068" value="PUNCT"/>
		<feat xlink:href="#sSpan1072" value="PREP"/>
		<feat xlink:href="#sSpan1080" value="N"/>
		<feat xlink:href="#sSpan1086" value="CONJ"/>
		<feat xlink:href="#sSpan1091" value="ADV"/>
		<feat xlink:href="#sSpan1095" value="PUNCT"/>
		<feat xlink:href="#sSpan1099" value="CCIRC"/>
		<feat xlink:href="#sSpan1103" value="CPRET"/>
		<feat xlink:href="#sSpan1106" value="ANEGPST"/>
		<feat xlink:href="#sSpan1108" value="ART"/>
		<feat xlink:href="#sSpan1113" value="N"/>
		<feat xlink:href="#sSpan1115" value="V"/>
		<feat xlink:href="#sSpan1121" value="ADV"/>
		<feat xlink:href="#sSpan1126" value="ADV"/>
		<feat xlink:href="#sSpan1131" value="PPERS"/>
		<feat xlink:href="#sSpan1135" value="V"/>
		<feat xlink:href="#sSpan1137" value="PREP"/>
		<feat xlink:href="#sSpan1141" value="PPERO"/>
		<feat xlink:href="#sSpan1143" value="PREP"/>
		<feat xlink:href="#sSpan1148" value="PPERO"/>
		<feat xlink:href="#sSpan1150" value="PREP"/>
		<feat xlink:href="#sSpan1154" value="ART"/>
		<feat xlink:href="#sSpan1157" value="N"/>
		<feat xlink:href="#sSpan1159" value="PREP"/>
		<feat xlink:href="#sSpan1164" value="ART"/>
		<feat xlink:href="#sSpan1167" value="ACAUS"/>
		<feat xlink:href="#sSpan1169" value="ART"/>
		<feat xlink:href="#sSpan1174" value="N"/>
		<feat xlink:href="#sSpan1178" value="V"/>
		<feat xlink:href="#sSpan1183" value="PPERO"/>
		<feat xlink:href="#sSpan1185" value="PREP"/>
		<feat xlink:href="#sSpan1189" value="PPERO"/>
		<feat xlink:href="#sSpan1191" value="PUNCT"/>
		<feat xlink:href="#sSpan1195" value="PREP"/>
		<feat xlink:href="#sSpan1199" value="ART"/>
		<feat xlink:href="#sSpan1203" value="N"/>
		<feat xlink:href="#sSpan1206" value="PUNCT"/>
		<feat xlink:href="#sSpan1210" value="CCIRC"/>
		<feat xlink:href="#sSpan1215" value="V"/>
		<feat xlink:href="#sSpan1217" value="ART"/>
		<feat xlink:href="#sSpan1224" value="N"/>
		<feat xlink:href="#sSpan1227" value="PTC"/>
		<feat xlink:href="#sSpan1232" value="ADV"/>
		<feat xlink:href="#sSpan1238" value="PREP"/>
		<feat xlink:href="#sSpan1243" value="PPERO"/>
		<feat xlink:href="#sSpan1245" value="PUNCT"/>
		<feat xlink:href="#sSpan1249" value="ART"/>
		<feat xlink:href="#sSpan1258" value="N"/>
		<feat xlink:href="#sSpan1260" value="COP"/>
		<feat xlink:href="#sSpan1265" value="PUNCT"/>
		<feat xlink:href="#sSpan1269" value="CONJ"/>
		<feat xlink:href="#sSpan1277" value="CCIRC"/>
		<feat xlink:href="#sSpan1281" value="CPRET"/>
		<feat xlink:href="#sSpan1284" value="ANEGPST"/>
		<feat xlink:href="#sSpan1287" value="ART"/>
		<feat xlink:href="#sSpan1292" value="N"/>
		<feat xlink:href="#sSpan1298" value="V"/>
		<feat xlink:href="#sSpan1303" value="CONJ"/>
		<feat xlink:href="#sSpan1307" value="CPRET"/>
		<feat xlink:href="#sSpan1313" value="PPERS"/>
		<feat xlink:href="#sSpan1315" value="FUT"/>
		<feat xlink:href="#sSpan1317" value="V"/>
		<feat xlink:href="#sSpan1320" value="ART"/>
		<feat xlink:href="#sSpan1326" value="N"/>
		<feat xlink:href="#sSpan1330" value="ADV"/>
		<feat xlink:href="#sSpan1334" value="NEG"/>
		<feat xlink:href="#sSpan1339" value="PREP"/>
		<feat xlink:href="#sSpan1345" value="ART"/>
		<feat xlink:href="#sSpan1348" value="N"/>
		<feat xlink:href="#sSpan1350" value="CONJ"/>
		<feat xlink:href="#sSpan1363" value="UNKNOWN"/>
		<feat xlink:href="#sSpan1368" value="UNKNOWN"/>
		<feat xlink:href="#sSpan1376" value="UNKNOWN"/>
		<feat xlink:href="#sSpan1383" value="UNKNOWN"/>
		<feat xlink:href="#sSpan1388" value="UNKNOWN"/>
		<feat xlink:href="#sSpan1393" value="UNKNOWN"/>
		<feat xlink:href="#sSpan1398" value="UNKNOWN"/>
		<feat xlink:href="#sSpan1403" value="UNKNOWN"/>
		<feat xlink:href="#sSpan1408" value="UNKNOWN"/></featList></paula>