<?xml version='1.0' encoding='UTF-8'?><!DOCTYPE paula SYSTEM "paula_feat.dtd">
<paula version="1.1">
	<header paula_id="scriptorium.GL29-30_par_XJ33-34.mark_new_sent"/>
	<featList xmlns:xlink="http://www.w3.org/1999/xlink" type="new_sent" xml:base="scriptorium.GL29-30_par_XJ33-34.mark.xml">
		<feat xlink:href="#sSpan4" value="true"/>
		<feat xlink:href="#sSpan14" value="true"/>
		<feat xlink:href="#sSpan36" value="true"/>
		<feat xlink:href="#sSpan98" value="true"/>
		<feat xlink:href="#sSpan129" value="true"/>
		<feat xlink:href="#sSpan193" value="true"/>
		<feat xlink:href="#sSpan221" value="true"/>
		<feat xlink:href="#sSpan281" value="true"/>
		<feat xlink:href="#sSpan406" value="true"/>
		<feat xlink:href="#sSpan441" value="true"/>
		<feat xlink:href="#sSpan478" value="true"/>
		<feat xlink:href="#sSpan510" value="true"/>
		<feat xlink:href="#sSpan610" value="true"/>
		<feat xlink:href="#sSpan656" value="true"/>
		<feat xlink:href="#sSpan772" value="true"/>
		<feat xlink:href="#sSpan819" value="true"/>
		<feat xlink:href="#sSpan893" value="true"/>
		<feat xlink:href="#sSpan985" value="true"/>
		<feat xlink:href="#sSpan1027" value="true"/>
		<feat xlink:href="#sSpan1072" value="true"/>
		<feat xlink:href="#sSpan1121" value="true"/>
		<feat xlink:href="#sSpan1210" value="true"/>
		<feat xlink:href="#sSpan1249" value="true"/>
		<feat xlink:href="#sSpan1269" value="true"/>
		<feat xlink:href="#sSpan1376" value="true"/></featList></paula>