<?xml version='1.0' encoding='UTF-8'?><!DOCTYPE paula SYSTEM "paula_feat.dtd">
<paula version="1.1">
	<header paula_id="scriptorium.GL29-30_par_XJ33-34.mark_orig"/>
	<featList xmlns:xlink="http://www.w3.org/1999/xlink" type="orig" xml:base="scriptorium.GL29-30_par_XJ33-34.mark.xml">
		<feat xlink:href="#sSpan5" value="ⲭ︤ⲥ︥"/>
		<feat xlink:href="#sSpan15" value="ϩⲉⲛ"/>
		<feat xlink:href="#sSpan24" value="ⲡⲣⲟⲇⲟⲧⲏⲥ"/>
		<feat xlink:href="#sSpan26" value="ϩⲱ"/>
		<feat xlink:href="#sSpan31" value="ⲟⲩ"/>
		<feat xlink:href="#sSpan33" value="·"/>
		<feat xlink:href="#sSpan37" value="ⲛ"/>
		<feat xlink:href="#sSpan44" value="ⲣⲉϥϫⲓⲟⲩⲉ"/>
		<feat xlink:href="#sSpan48" value="ⲁⲩⲱ"/>
		<feat xlink:href="#sSpan52" value="ⲛ"/>
		<feat xlink:href="#sSpan58" value="ⲁⲡⲟⲥⲧⲁⲧⲏⲥ"/>
		<feat xlink:href="#sSpan61" value="ⲛⲉ"/>
		<feat xlink:href="#sSpan65" value="ⲛ"/>
		<feat xlink:href="#sSpan70" value="ⲉⲧ"/>
		<feat xlink:href="#sSpan72" value="ⲉⲓⲣⲉ"/>
		<feat xlink:href="#sSpan76" value="ⲛ"/>
		<feat xlink:href="#sSpan80" value="ⲛⲉⲓ"/>
		<feat xlink:href="#sSpan83" value="ϩⲃⲏⲩⲉ"/>
		<feat xlink:href="#sSpan85" value="ⲉ̂[ⲧ"/>
		<feat xlink:href="#sSpan93" value="ⲙ]ⲙ̣ⲁⲩ"/>
		<feat xlink:href="#sSpan95" value="·"/>
		<feat xlink:href="#sSpan99" value="ⲛ"/>
		<feat xlink:href="#sSpan105" value="ⲃⲟⲧⲉ"/>
		<feat xlink:href="#sSpan107" value="[ϩⲛ"/>
		<feat xlink:href="#sSpan114" value="ⲛ]"/>
		<feat xlink:href="#sSpan118" value="ⲧ̣ⲟ̣ⲡⲟⲥ"/>
		<feat xlink:href="#sSpan120" value="ⲉⲧ"/>
		<feat xlink:href="#sSpan124" value="ⲟⲩ[ⲁⲁⲃ]"/>
		<feat xlink:href="#sSpan130" value="[ⲟⲩ"/>
		<feat xlink:href="#sSpan137" value="ⲡⲉ"/>
		<feat xlink:href="#sSpan141" value="ⲡ]"/>
		<feat xlink:href="#sSpan146" value="ϩ̣ⲱⲃ"/>
		<feat xlink:href="#sSpan148" value="ⲛ"/>
		<feat xlink:href="#sSpan152" value="ⲟⲩ"/>
		<feat xlink:href="#sSpan156" value="[ⲁϣⲏ]"/>
		<feat xlink:href="#sSpan160" value="ⲛ"/>
		<feat xlink:href="#sSpan164" value="ϩⲏⲃⲥ"/>
		<feat xlink:href="#sSpan166" value="·"/>
		<feat xlink:href="#sSpan170" value="ⲉ"/>
		<feat xlink:href="#sSpan174" value="ⲩ"/>
		<feat xlink:href="#sSpan176" value="[ⲕⲏ"/>
		<feat xlink:href="#sSpan181" value="ϩⲓ]ϫⲛ"/>
		<feat xlink:href="#sSpan185" value="ⲛ"/>
		<feat xlink:href="#sSpan189" value="ⲗⲩⲭ[ⲛⲓⲁ"/>
		<feat xlink:href="#sSpan194" value="ⲛ"/>
		<feat xlink:href="#sSpan199" value="ⲥ]ⲉ̣"/>
		<feat xlink:href="#sSpan201" value="ϫ̣ⲉⲣⲟ"/>
		<feat xlink:href="#sSpan203" value="ⲁⲛ"/>
		<feat xlink:href="#sSpan207" value="[ϫⲉ"/>
		<feat xlink:href="#sSpan214" value="ⲛⲁⲛⲟⲩ"/>
		<feat xlink:href="#sSpan216" value="ⲟⲩ]"/>
		<feat xlink:href="#sSpan218" value="ⲁ̣ⲛ"/>
		<feat xlink:href="#sSpan222" value="[----]"/>
		<feat xlink:href="#sSpan232" value="[----]"/>
		<feat xlink:href="#sSpan237" value="[----]"/>
		<feat xlink:href="#sSpan242" value="[----]"/>
		<feat xlink:href="#sSpan247" value="[----]"/>
		<feat xlink:href="#sSpan252" value="[----]"/>
		<feat xlink:href="#sSpan257" value="[----]"/>
		<feat xlink:href="#sSpan262" value="[----]"/>
		<feat xlink:href="#sSpan267" value="[----]"/>
		<feat xlink:href="#sSpan272" value="ⲧⲉ"/>
		<feat xlink:href="#sSpan278" value="·"/>
		<feat xlink:href="#sSpan282" value="ⲡⲁ"/>
		<feat xlink:href="#sSpan289" value="ⲛ"/>
		<feat xlink:href="#sSpan292" value="ⲣⲱⲙⲉ"/>
		<feat xlink:href="#sSpan295" value="ϩⲱⲱ"/>
		<feat xlink:href="#sSpan300" value="ϥ"/>
		<feat xlink:href="#sSpan302" value="ⲉⲧ"/>
		<feat xlink:href="#sSpan306" value="ⲟⲩⲁⲁⲃ"/>
		<feat xlink:href="#sSpan308" value="ⲁⲩⲱ"/>
		<feat xlink:href="#sSpan313" value="ⲙ"/>
		<feat xlink:href="#sSpan318" value="ⲡⲓⲥⲧⲟⲥ"/>
		<feat xlink:href="#sSpan320" value="ⲉⲧ"/>
		<feat xlink:href="#sSpan325" value="ⲟⲩⲏϩ"/>
		<feat xlink:href="#sSpan327" value="ⲛϩⲏⲧ"/>
		<feat xlink:href="#sSpan331" value="ϥ̄"/>
		<feat xlink:href="#sSpan333" value="ⲡⲉ"/>
		<feat xlink:href="#sSpan338" value="ⲧⲣⲉ"/>
		<feat xlink:href="#sSpan340" value="ⲩ"/>
		<feat xlink:href="#sSpan342" value="ⲛⲁⲩ"/>
		<feat xlink:href="#sSpan344" value="ⲉ"/>
		<feat xlink:href="#sSpan348" value="ⲛⲉⲩ"/>
		<feat xlink:href="#sSpan351" value="ϩⲃⲏⲩⲉ"/>
		<feat xlink:href="#sSpan354" value="ⲉⲧ"/>
		<feat xlink:href="#sSpan358" value="ⲛⲁⲛⲟⲩ"/>
		<feat xlink:href="#sSpan360" value="ⲟⲩ"/>
		<feat xlink:href="#sSpan363" value="·"/>
		<feat xlink:href="#sSpan367" value="ⲁⲩⲱ"/>
		<feat xlink:href="#sSpan371" value="ⲉⲧ"/>
		<feat xlink:href="#sSpan376" value="ⲣⲟⲩⲟ[ⲉⲓ]ⲛ̣"/>
		<feat xlink:href="#sSpan383" value="ϩⲛ̄"/>
		<feat xlink:href="#sSpan387" value="ⲛ̄"/>
		<feat xlink:href="#sSpan391" value="ⲧⲟⲡⲟⲥ"/>
		<feat xlink:href="#sSpan393" value="ⲉ[ⲧ"/>
		<feat xlink:href="#sSpan400" value="ⲟ]ⲩ̣ⲁⲁⲃ"/>
		<feat xlink:href="#sSpan402" value="·"/>
		<feat xlink:href="#sSpan407" value="ⲟⲩ̣"/>
		<feat xlink:href="#sSpan415" value="ⲣⲱⲙⲉ"/>
		<feat xlink:href="#sSpan417" value="ⲉ"/>
		<feat xlink:href="#sSpan421" value="ϥ"/>
		<feat xlink:href="#sSpan424" value="ⲣ̄ϣⲁⲩ"/>
		<feat xlink:href="#sSpan427" value="ⲛⲁ"/>
		<feat xlink:href="#sSpan432" value="ϥ"/>
		<feat xlink:href="#sSpan434" value="ⲁⲛ"/>
		<feat xlink:href="#sSpan438" value="·"/>
		<feat xlink:href="#sSpan442" value="ⲁⲩⲱ"/>
		<feat xlink:href="#sSpan447" value="ⲛ"/>
		<feat xlink:href="#sSpan452" value="ϥ"/>
		<feat xlink:href="#sSpan455" value="ϯϩⲏⲩ"/>
		<feat xlink:href="#sSpan458" value="ⲁⲛ"/>
		<feat xlink:href="#sSpan462" value="ⲉⲣⲟ"/>
		<feat xlink:href="#sSpan466" value="ϥ"/>
		<feat xlink:href="#sSpan468" value="ⲙ̄ⲙⲓ̈ⲛⲙⲙⲟ"/>
		<feat xlink:href="#sSpan473" value="ϥ"/>
		<feat xlink:href="#sSpan475" value="·"/>
		<feat xlink:href="#sSpan479" value="ⲛ"/>
		<feat xlink:href="#sSpan485" value="ⲁϣ"/>
		<feat xlink:href="#sSpan487" value="ⲛ"/>
		<feat xlink:href="#sSpan491" value="ϩⲉ"/>
		<feat xlink:href="#sSpan494" value="ⲉ"/>
		<feat xlink:href="#sSpan498" value="ϥ"/>
		<feat xlink:href="#sSpan500" value="ⲛⲁ"/>
		<feat xlink:href="#sSpan503" value="ⲣϣⲁⲩ"/>
		<feat xlink:href="#sSpan507" value="·"/>
		<feat xlink:href="#sSpan511" value="ⲉ"/>
		<feat xlink:href="#sSpan517" value="ⲟⲩ"/>
		<feat xlink:href="#sSpan521" value="ⲡⲣⲁⲝⲓⲥ"/>
		<feat xlink:href="#sSpan523" value="ⲛ"/>
		<feat xlink:href="#sSpan529" value="ⲁ̣ⲛⲁⲅ̣ⲕⲁⲓⲟⲛ"/>
		<feat xlink:href="#sSpan532" value="ⲏ"/>
		<feat xlink:href="#sSpan537" value="[ⲉ"/>
		<feat xlink:href="#sSpan543" value="ⲟⲩⲛ"/>
		<feat xlink:href="#sSpan545" value="ⲟ]ⲩ"/>
		<feat xlink:href="#sSpan548" value="ⲣⲁⲛ"/>
		<feat xlink:href="#sSpan550" value="ⲉ"/>
		<feat xlink:href="#sSpan554" value="ϥ"/>
		<feat xlink:href="#sSpan556" value="ⲧⲁⲉ̣[ⲓⲏⲩ"/>
		<feat xlink:href="#sSpan561" value="ⲛⲁ]"/>
		<feat xlink:href="#sSpan566" value="ϯϩⲏⲩ"/>
		<feat xlink:href="#sSpan569" value="ⲙⲙ̣[ⲟ"/>
		<feat xlink:href="#sSpan576" value="ϥ]"/>
		<feat xlink:href="#sSpan580" value="ⲓⲟⲩ[ⲇⲁⲥ"/>
		<feat xlink:href="#sSpan588" value="ⲙⲡ]"/>
		<feat xlink:href="#sSpan592" value="ϥ"/>
		<feat xlink:href="#sSpan595" value="ⲣ̄ϣ̣[ⲁⲩ"/>
		<feat xlink:href="#sSpan601" value="ⲛⲁ"/>
		<feat xlink:href="#sSpan605" value="ϥ"/>
		<feat xlink:href="#sSpan607" value="ⲙⲁ]ⲩ̣ⲁ"/>
		<feat xlink:href="#sSpan611" value="[----]"/>
		<feat xlink:href="#sSpan621" value="[----]"/>
		<feat xlink:href="#sSpan626" value="[----]"/>
		<feat xlink:href="#sSpan631" value="[----]"/>
		<feat xlink:href="#sSpan636" value="[----]"/>
		<feat xlink:href="#sSpan641" value="[----]"/>
		<feat xlink:href="#sSpan646" value="[----]"/>
		<feat xlink:href="#sSpan651" value="[----]"/>
		<feat xlink:href="#sSpan657" value="ⲛϭⲓ"/>
		<feat xlink:href="#sSpan666" value="ⲡ"/>
		<feat xlink:href="#sSpan670" value="ⲁⲡⲟⲥⲧⲁⲧⲏⲥ"/>
		<feat xlink:href="#sSpan673" value="ⲉⲧ"/>
		<feat xlink:href="#sSpan677" value="ⲙⲙⲁⲩ"/>
		<feat xlink:href="#sSpan679" value="·"/>
		<feat xlink:href="#sSpan683" value="ⲉ"/>
		<feat xlink:href="#sSpan687" value="ⲡ"/>
		<feat xlink:href="#sSpan691" value="ϫⲟⲉⲓ̈ⲥ"/>
		<feat xlink:href="#sSpan693" value="ⲉ"/>
		<feat xlink:href="#sSpan697" value="ϥ"/>
		<feat xlink:href="#sSpan699" value="ϫⲱ"/>
		<feat xlink:href="#sSpan701" value="ⲙⲙⲟ"/>
		<feat xlink:href="#sSpan706" value="ⲥ"/>
		<feat xlink:href="#sSpan708" value="·"/>
		<feat xlink:href="#sSpan712" value="ϫⲉ"/>
		<feat xlink:href="#sSpan716" value="ⲉⲣϣⲁⲛ"/>
		<feat xlink:href="#sSpan718" value="ⲡ"/>
		<feat xlink:href="#sSpan722" value="ⲣⲱⲙⲉ"/>
		<feat xlink:href="#sSpan725" value="ϯϩⲏⲩ"/>
		<feat xlink:href="#sSpan730" value="ⲙ"/>
		<feat xlink:href="#sSpan735" value="ⲡ"/>
		<feat xlink:href="#sSpan739" value="ⲕⲟⲥⲙⲟⲥ"/>
		<feat xlink:href="#sSpan741" value="ⲧⲏⲣ"/>
		<feat xlink:href="#sSpan746" value="ϥ"/>
		<feat xlink:href="#sSpan748" value="ⲛ"/>
		<feat xlink:href="#sSpan752" value="ϥ"/>
		<feat xlink:href="#sSpan755" value="ϯⲟⲥⲉ"/>
		<feat xlink:href="#sSpan758" value="ⲛ ́ "/>
		<feat xlink:href="#sSpan762" value="ⲧⲉϥ"/>
		<feat xlink:href="#sSpan766" value="ⲯⲩⲭⲏ"/>
		<feat xlink:href="#sSpan769" value="·"/>
		<feat xlink:href="#sSpan773" value="ⲟⲩ"/>
		<feat xlink:href="#sSpan779" value="ⲡ"/>
		<feat xlink:href="#sSpan786" value="[ⲉⲧ]"/>
		<feat xlink:href="#sSpan789" value="ϥ̣"/>
		<feat xlink:href="#sSpan791" value="ⲛⲁ"/>
		<feat xlink:href="#sSpan794" value="ⲧⲁⲁ"/>
		<feat xlink:href="#sSpan796" value="ϥ"/>
		<feat xlink:href="#sSpan798" value="ⲛ"/>
		<feat xlink:href="#sSpan802" value="ϣ̣[ⲃ]ⲃⲓⲱ"/>
		<feat xlink:href="#sSpan808" value="ⲛ̄"/>
		<feat xlink:href="#sSpan812" value="ⲧⲉϥ"/>
		<feat xlink:href="#sSpan816" value="ⲯⲩⲭⲏ"/>
		<feat xlink:href="#sSpan820" value="Ⲁⲗⲗⲁ"/>
		<feat xlink:href="#sSpan826" value="ⲁ"/>
		<feat xlink:href="#sSpan830" value="ϥ"/>
		<feat xlink:href="#sSpan832" value="ⲥⲱⲧⲙ"/>
		<feat xlink:href="#sSpan834" value="ⲟⲛ"/>
		<feat xlink:href="#sSpan839" value="ⲉⲣⲟ"/>
		<feat xlink:href="#sSpan843" value="ϥ"/>
		<feat xlink:href="#sSpan845" value="·"/>
		<feat xlink:href="#sSpan849" value="ϫⲉ"/>
		<feat xlink:href="#sSpan853" value="ⲟⲩⲁ"/>
		<feat xlink:href="#sSpan856" value="·"/>
		<feat xlink:href="#sSpan860" value="ⲉⲃⲟⲗ"/>
		<feat xlink:href="#sSpan865" value="ⲛ̄ϩⲏⲧ"/>
		<feat xlink:href="#sSpan869" value="ⲧⲏⲩⲧⲛ̄"/>
		<feat xlink:href="#sSpan871" value="ⲡ"/>
		<feat xlink:href="#sSpan876" value="ⲉⲧ"/>
		<feat xlink:href="#sSpan878" value="ⲛⲁ"/>
		<feat xlink:href="#sSpan881" value="ⲡⲁⲣⲁⲇⲓⲇⲟⲩ"/>
		<feat xlink:href="#sSpan884" value="ⲙⲙⲟ"/>
		<feat xlink:href="#sSpan888" value="ⲓ"/>
		<feat xlink:href="#sSpan890" value="·"/>
		<feat xlink:href="#sSpan894" value="ⲁⲩⲱ"/>
		<feat xlink:href="#sSpan899" value="ⲙ̄ⲡⲉ"/>
		<feat xlink:href="#sSpan904" value="ϥ"/>
		<feat xlink:href="#sSpan908" value="[ϣⲓⲡⲉ]"/>
		<feat xlink:href="#sSpan911" value="ⲟⲩⲇⲉ"/>
		<feat xlink:href="#sSpan916" value="ⲙ̣[ⲡⲉ"/>
		<feat xlink:href="#sSpan923" value="ϥ"/>
		<feat xlink:href="#sSpan926" value="ϣⲁ]ⲛ̣"/>
		<feat xlink:href="#sSpan928" value="ϩⲧⲏ"/>
		<feat xlink:href="#sSpan930" value="ϥ"/>
		<feat xlink:href="#sSpan933" value="[ϩⲁⲣⲟ"/>
		<feat xlink:href="#sSpan939" value="ϥ]"/>
		<feat xlink:href="#sSpan941" value="ⲙ̣ⲁ̣ⲩ̣ⲁⲁ"/>
		<feat xlink:href="#sSpan946" value="ϥ"/>
		<feat xlink:href="#sSpan948" value="[ⲁ"/>
		<feat xlink:href="#sSpan954" value="ϥ"/>
		<feat xlink:href="#sSpan956" value="ⲥⲟⲣ]ⲙ"/>
		<feat xlink:href="#sSpan958" value="ⲉϥ"/>
		<feat xlink:href="#sSpan960" value="ⲉⲧ̣[ⲃⲉ"/>
		<feat xlink:href="#sSpan967" value="ⲙⲁⲁⲃ"/>
		<feat xlink:href="#sSpan972" value="ⲛ]"/>
		<feat xlink:href="#sSpan976" value="ϩ̣ⲁ̣ⲧ"/>
		<feat xlink:href="#sSpan978" value="ⲁ̣["/>
		<feat xlink:href="#sSpan986" value="[----]"/>
		<feat xlink:href="#sSpan993" value="[----]"/>
		<feat xlink:href="#sSpan998" value="[----]"/>
		<feat xlink:href="#sSpan1003" value="[----]"/>
		<feat xlink:href="#sSpan1008" value="[----]"/>
		<feat xlink:href="#sSpan1013" value="[----]"/>
		<feat xlink:href="#sSpan1018" value="[----]"/>
		<feat xlink:href="#sSpan1023" value="[----]"/>
		<feat xlink:href="#sSpan1028" value="ⲧⲁⲁ"/>
		<feat xlink:href="#sSpan1036" value="ϥ"/>
		<feat xlink:href="#sSpan1038" value="ⲙⲁⲩⲁⲁ"/>
		<feat xlink:href="#sSpan1042" value="ϥ"/>
		<feat xlink:href="#sSpan1044" value="ⲉϩⲣⲁⲓ"/>
		<feat xlink:href="#sSpan1049" value="ⲉ"/>
		<feat xlink:href="#sSpan1053" value="ⲩ"/>
		<feat xlink:href="#sSpan1056" value="ϭⲟⲣϭⲥ"/>
		<feat xlink:href="#sSpan1058" value="ⲛⲧⲉ"/>
		<feat xlink:href="#sSpan1063" value="ⲡ"/>
		<feat xlink:href="#sSpan1067" value="ⲇⲓⲁⲃⲟⲗⲟⲥ"/>
		<feat xlink:href="#sSpan1069" value="·"/>
		<feat xlink:href="#sSpan1073" value="ⲉⲧⲃⲉ"/>
		<feat xlink:href="#sSpan1081" value="ⲭⲣⲏⲙⲁ"/>
		<feat xlink:href="#sSpan1087" value="ϩⲁⲙⲟⲓ"/>
		<feat xlink:href="#sSpan1092" value="ⲛⲧⲟⲟⲩⲛ"/>
		<feat xlink:href="#sSpan1096" value="·"/>
		<feat xlink:href="#sSpan1100" value="ⲉ"/>
		<feat xlink:href="#sSpan1104" value="ⲛⲉ"/>
		<feat xlink:href="#sSpan1107" value="ⲙⲡⲉ"/>
		<feat xlink:href="#sSpan1109" value="ⲡ"/>
		<feat xlink:href="#sSpan1114" value="ⲛⲟⲩⲃ"/>
		<feat xlink:href="#sSpan1116" value="ϣⲱⲡⲉ"/>
		<feat xlink:href="#sSpan1122" value="ⲡⲁⲗⲓⲛ"/>
		<feat xlink:href="#sSpan1127" value="ⲟⲛ"/>
		<feat xlink:href="#sSpan1132" value="ⲧⲛ"/>
		<feat xlink:href="#sSpan1136" value="ϫⲓ̈"/>
		<feat xlink:href="#sSpan1138" value="ⲙⲙⲟ"/>
		<feat xlink:href="#sSpan1142" value="ϥ"/>
		<feat xlink:href="#sSpan1144" value="ⲉⲣⲟ"/>
		<feat xlink:href="#sSpan1149" value="ⲛ"/>
		<feat xlink:href="#sSpan1151" value="ϩⲙ"/>
		<feat xlink:href="#sSpan1155" value="ⲡ"/>
		<feat xlink:href="#sSpan1158" value="ⲣⲱϣⲉ"/>
		<feat xlink:href="#sSpan1160" value="ϩⲙ"/>
		<feat xlink:href="#sSpan1165" value="ⲡ"/>
		<feat xlink:href="#sSpan1168" value="ⲧⲣⲉ"/>
		<feat xlink:href="#sSpan1170" value="ⲡ"/>
		<feat xlink:href="#sSpan1175" value="ⲛⲟⲩⲧⲉ"/>
		<feat xlink:href="#sSpan1179" value="ⲧⲁⲁ"/>
		<feat xlink:href="#sSpan1184" value="ϥ"/>
		<feat xlink:href="#sSpan1186" value="ⲛⲁ"/>
		<feat xlink:href="#sSpan1190" value="ⲛ"/>
		<feat xlink:href="#sSpan1192" value="·"/>
		<feat xlink:href="#sSpan1196" value="ⲉ"/>
		<feat xlink:href="#sSpan1200" value="ⲟⲩ"/>
		<feat xlink:href="#sSpan1204" value="ⲭⲣⲓⲁ"/>
		<feat xlink:href="#sSpan1207" value="·"/>
		<feat xlink:href="#sSpan1211" value="ⲉ"/>
		<feat xlink:href="#sSpan1216" value="ϥⲓ"/>
		<feat xlink:href="#sSpan1218" value="ⲡ"/>
		<feat xlink:href="#sSpan1225" value="[ϩⲁⲡ]"/>
		<feat xlink:href="#sSpan1228" value="ⲇⲉ"/>
		<feat xlink:href="#sSpan1233" value="ⲙⲙⲁ̣ⲩ̣"/>
		<feat xlink:href="#sSpan1239" value="[ⲉⲧⲃⲏ]ⲏⲧ"/>
		<feat xlink:href="#sSpan1244" value="ϥ"/>
		<feat xlink:href="#sSpan1246" value="·"/>
		<feat xlink:href="#sSpan1250" value="ⲟ̣ⲩ̣"/>
		<feat xlink:href="#sSpan1259" value="[ⲁⲛⲟⲙⲓⲁ]"/>
		<feat xlink:href="#sSpan1261" value="ⲧⲉ"/>
		<feat xlink:href="#sSpan1266" value="·"/>
		<feat xlink:href="#sSpan1270" value="ϩⲁⲙ̣[ⲟⲓ"/>
		<feat xlink:href="#sSpan1278" value="ⲉ"/>
		<feat xlink:href="#sSpan1282" value="ⲛⲉ]"/>
		<feat xlink:href="#sSpan1285" value="ⲙⲡⲉ"/>
		<feat xlink:href="#sSpan1288" value="ⲡ"/>
		<feat xlink:href="#sSpan1293" value="ⲛⲟⲩ[ⲃ"/>
		<feat xlink:href="#sSpan1299" value="ϣⲱ]ⲡⲉ"/>
		<feat xlink:href="#sSpan1304" value="ⲁⲩⲱ"/>
		<feat xlink:href="#sSpan1308" value="ⲛ̣[ⲉ"/>
		<feat xlink:href="#sSpan1314" value="ⲩ"/>
		<feat xlink:href="#sSpan1316" value="ⲛⲁ]"/>
		<feat xlink:href="#sSpan1318" value="ϯ"/>
		<feat xlink:href="#sSpan1321" value="ⲡ"/>
		<feat xlink:href="#sSpan1327" value="ⲇ̣ⲓ̣ⲕ̣[ⲁⲓⲟⲥ"/>
		<feat xlink:href="#sSpan1331" value="ⲉⲃⲟⲗ]"/>
		<feat xlink:href="#sSpan1335" value="ⲁⲛ̣"/>
		<feat xlink:href="#sSpan1340" value="[ϩⲁ"/>
		<feat xlink:href="#sSpan1346" value="ⲟⲩ"/>
		<feat xlink:href="#sSpan1349" value="ϩⲁⲧ]"/>
		<feat xlink:href="#sSpan1351" value="ⲁⲩ[ⲱ"/>
		<feat xlink:href="#sSpan1364" value="ⲧ̄["/>
		<feat xlink:href="#sSpan1369" value="[----]"/>
		<feat xlink:href="#sSpan1377" value="[----]"/>
		<feat xlink:href="#sSpan1384" value="[----]"/>
		<feat xlink:href="#sSpan1389" value="[----]"/>
		<feat xlink:href="#sSpan1394" value="[----]"/>
		<feat xlink:href="#sSpan1399" value="[----]"/>
		<feat xlink:href="#sSpan1404" value="[----]"/>
		<feat xlink:href="#sSpan1409" value="[----]"/></featList></paula>