<?xml version='1.0' encoding='UTF-8'?><!DOCTYPE paula SYSTEM "paula_feat.dtd">
<paula version="1.1">
	<header paula_id="scriptorium.GL29-30_par_XJ33-34.mark_orig_group"/>
	<featList xmlns:xlink="http://www.w3.org/1999/xlink" type="orig_group" xml:base="scriptorium.GL29-30_par_XJ33-34.mark.xml">
		<feat xlink:href="#sSpan8" value="ⲭ︤ⲥ︥"/>
		<feat xlink:href="#sSpan17" value="ϩⲉⲛⲡⲣⲟⲇⲟⲧⲏⲥ"/>
		<feat xlink:href="#sSpan28" value="ϩⲱⲟⲩ"/>
		<feat xlink:href="#sSpan35" value="·"/>
		<feat xlink:href="#sSpan40" value="ⲛⲣⲉϥϫⲓⲟⲩⲉ"/>
		<feat xlink:href="#sSpan50" value="ⲁⲩⲱ"/>
		<feat xlink:href="#sSpan55" value="ⲛⲁⲡⲟⲥⲧⲁⲧⲏⲥ"/>
		<feat xlink:href="#sSpan63" value="ⲛⲉ"/>
		<feat xlink:href="#sSpan67" value="ⲛⲉⲧⲉⲓⲣⲉ"/>
		<feat xlink:href="#sSpan78" value="ⲛⲛⲉⲓϩⲃⲏⲩⲉ"/>
		<feat xlink:href="#sSpan87" value="ⲉ̂[ⲧⲙ]ⲙ̣ⲁⲩ"/>
		<feat xlink:href="#sSpan97" value="·"/>
		<feat xlink:href="#sSpan101" value="ⲛⲃⲟⲧⲉ"/>
		<feat xlink:href="#sSpan111" value="[ϩⲛⲛ]ⲧ̣ⲟ̣ⲡⲟⲥ"/>
		<feat xlink:href="#sSpan122" value="ⲉⲧⲟⲩ[ⲁⲁⲃ]"/>
		<feat xlink:href="#sSpan132" value="[ⲟⲩ"/>
		<feat xlink:href="#sSpan139" value="ⲡⲉ"/>
		<feat xlink:href="#sSpan143" value="ⲡ]ϩ̣ⲱⲃ"/>
		<feat xlink:href="#sSpan150" value="ⲛⲟⲩ[ⲁϣⲏ]"/>
		<feat xlink:href="#sSpan162" value="ⲛϩⲏⲃⲥ"/>
		<feat xlink:href="#sSpan168" value="·"/>
		<feat xlink:href="#sSpan172" value="ⲉⲩ[ⲕⲏ"/>
		<feat xlink:href="#sSpan183" value="ϩⲓ]ϫⲛⲛⲗⲩⲭ[ⲛⲓⲁ"/>
		<feat xlink:href="#sSpan196" value="ⲛⲥ]ⲉ̣ϫ̣ⲉⲣⲟ"/>
		<feat xlink:href="#sSpan205" value="ⲁⲛ"/>
		<feat xlink:href="#sSpan211" value="[ϫⲉⲛⲁⲛⲟⲩⲟⲩ]"/>
		<feat xlink:href="#sSpan220" value="ⲁ̣ⲛ"/>
		<feat xlink:href="#sSpan224" value="[----]"/>
		<feat xlink:href="#sSpan234" value="[----]"/>
		<feat xlink:href="#sSpan239" value="[----]"/>
		<feat xlink:href="#sSpan244" value="[----]"/>
		<feat xlink:href="#sSpan249" value="[----]"/>
		<feat xlink:href="#sSpan254" value="[----]"/>
		<feat xlink:href="#sSpan259" value="[----]"/>
		<feat xlink:href="#sSpan264" value="[----]"/>
		<feat xlink:href="#sSpan269" value="[----]"/>
		<feat xlink:href="#sSpan274" value="ⲧⲉ"/>
		<feat xlink:href="#sSpan280" value="·"/>
		<feat xlink:href="#sSpan284" value="ⲡⲁⲛⲣⲱⲙⲉ"/>
		<feat xlink:href="#sSpan297" value="ϩⲱⲱϥ"/>
		<feat xlink:href="#sSpan304" value="ⲉⲧⲟⲩⲁⲁⲃ"/>
		<feat xlink:href="#sSpan310" value="ⲁⲩⲱ"/>
		<feat xlink:href="#sSpan315" value="ⲙⲡⲓⲥⲧⲟⲥ"/>
		<feat xlink:href="#sSpan322" value="ⲉⲧⲟⲩⲏϩ"/>
		<feat xlink:href="#sSpan329" value="ⲛϩⲏⲧϥ̄"/>
		<feat xlink:href="#sSpan335" value="ⲡⲉⲧⲣⲉⲩⲛⲁⲩ"/>
		<feat xlink:href="#sSpan346" value="ⲉⲛⲉⲩϩⲃⲏⲩⲉ"/>
		<feat xlink:href="#sSpan356" value="ⲉⲧⲛⲁⲛⲟⲩⲟⲩ"/>
		<feat xlink:href="#sSpan365" value="·"/>
		<feat xlink:href="#sSpan369" value="ⲁⲩⲱ"/>
		<feat xlink:href="#sSpan373" value="ⲉⲧⲣⲟⲩⲟ[ⲉⲓ]ⲛ̣"/>
		<feat xlink:href="#sSpan385" value="ϩⲛ̄ⲛ̄ⲧⲟⲡⲟⲥ"/>
		<feat xlink:href="#sSpan395" value="ⲉ[ⲧⲟ]ⲩ̣ⲁⲁⲃ"/>
		<feat xlink:href="#sSpan404" value="·"/>
		<feat xlink:href="#sSpan409" value="ⲟⲩ̣ⲣⲱⲙⲉ"/>
		<feat xlink:href="#sSpan419" value="ⲉϥⲣ̄ϣⲁⲩ"/>
		<feat xlink:href="#sSpan429" value="ⲛⲁϥ"/>
		<feat xlink:href="#sSpan436" value="ⲁⲛ"/>
		<feat xlink:href="#sSpan440" value="·"/>
		<feat xlink:href="#sSpan444" value="ⲁⲩⲱ"/>
		<feat xlink:href="#sSpan449" value="ⲛϥϯϩⲏⲩ"/>
		<feat xlink:href="#sSpan460" value="ⲁⲛ"/>
		<feat xlink:href="#sSpan464" value="ⲉⲣⲟϥ"/>
		<feat xlink:href="#sSpan470" value="ⲙ̄ⲙⲓ̈ⲛⲙⲙⲟϥ"/>
		<feat xlink:href="#sSpan477" value="·"/>
		<feat xlink:href="#sSpan481" value="ⲛⲁϣ"/>
		<feat xlink:href="#sSpan489" value="ⲛϩⲉ"/>
		<feat xlink:href="#sSpan496" value="ⲉϥⲛⲁⲣϣⲁⲩ"/>
		<feat xlink:href="#sSpan509" value="·"/>
		<feat xlink:href="#sSpan513" value="ⲉⲟⲩⲡⲣⲁⲝⲓⲥ"/>
		<feat xlink:href="#sSpan525" value="ⲛⲁ̣ⲛⲁⲅ̣ⲕⲁⲓⲟⲛ"/>
		<feat xlink:href="#sSpan534" value="ⲏ"/>
		<feat xlink:href="#sSpan541" value="[ⲉⲟⲩⲛⲟ]ⲩⲣⲁⲛ"/>
		<feat xlink:href="#sSpan552" value="ⲉϥⲧⲁⲉ̣[ⲓⲏⲩ"/>
		<feat xlink:href="#sSpan563" value="ⲛⲁ]ϯϩⲏⲩ"/>
		<feat xlink:href="#sSpan571" value="ⲙⲙ̣[ⲟϥ]"/>
		<feat xlink:href="#sSpan583" value="ⲓⲟⲩ[ⲇⲁⲥ"/>
		<feat xlink:href="#sSpan590" value="ⲙⲡ]ϥⲣ̣̄ϣ̣[ⲁⲩ"/>
		<feat xlink:href="#sSpan603" value="ⲛⲁϥ"/>
		<feat xlink:href="#sSpan609" value="ⲙⲁ]ⲩ̣ⲁ"/>
		<feat xlink:href="#sSpan613" value="[----]"/>
		<feat xlink:href="#sSpan623" value="[----]"/>
		<feat xlink:href="#sSpan628" value="[----]"/>
		<feat xlink:href="#sSpan633" value="[----]"/>
		<feat xlink:href="#sSpan638" value="[----]"/>
		<feat xlink:href="#sSpan643" value="[----]"/>
		<feat xlink:href="#sSpan648" value="[----]"/>
		<feat xlink:href="#sSpan653" value="[----]"/>
		<feat xlink:href="#sSpan660" value="ⲛϭⲓⲡⲁⲡⲟⲥⲧⲁⲧⲏⲥ"/>
		<feat xlink:href="#sSpan675" value="ⲉⲧⲙⲙⲁⲩ"/>
		<feat xlink:href="#sSpan681" value="·"/>
		<feat xlink:href="#sSpan685" value="ⲉⲡϫⲟⲉⲓ̈ⲥ"/>
		<feat xlink:href="#sSpan695" value="ⲉϥϫⲱ"/>
		<feat xlink:href="#sSpan703" value="ⲙⲙⲟⲥ"/>
		<feat xlink:href="#sSpan710" value="·"/>
		<feat xlink:href="#sSpan714" value="ϫⲉⲉⲣϣⲁⲛⲡⲣⲱⲙⲉ"/>
		<feat xlink:href="#sSpan727" value="ϯϩⲏⲩ"/>
		<feat xlink:href="#sSpan732" value="ⲙⲡⲕⲟⲥⲙⲟⲥ"/>
		<feat xlink:href="#sSpan743" value="ⲧⲏⲣϥ"/>
		<feat xlink:href="#sSpan750" value="ⲛϥϯⲟⲥⲉ"/>
		<feat xlink:href="#sSpan760" value="ⲛ ́ⲧⲉϥⲯⲩⲭⲏ"/>
		<feat xlink:href="#sSpan771" value="·"/>
		<feat xlink:href="#sSpan775" value="ⲟⲩ"/>
		<feat xlink:href="#sSpan781" value="ⲡ[ⲉⲧ]ϥ̣ⲛⲁⲧⲁⲁϥ"/>
		<feat xlink:href="#sSpan800" value="ⲛϣ̣[ⲃ]ⲃⲓⲱ"/>
		<feat xlink:href="#sSpan810" value="ⲛ̄ⲧⲉϥⲯⲩⲭⲏ"/>
		<feat xlink:href="#sSpan822" value="Ⲁⲗⲗⲁ"/>
		<feat xlink:href="#sSpan828" value="ⲁϥⲥⲱⲧⲙ"/>
		<feat xlink:href="#sSpan836" value="ⲟⲛ"/>
		<feat xlink:href="#sSpan841" value="ⲉⲣⲟϥ"/>
		<feat xlink:href="#sSpan847" value="·"/>
		<feat xlink:href="#sSpan851" value="ϫⲉⲟⲩⲁ"/>
		<feat xlink:href="#sSpan858" value="·"/>
		<feat xlink:href="#sSpan862" value="ⲉⲃⲟⲗ"/>
		<feat xlink:href="#sSpan867" value="ⲛ̄ϩⲏⲧⲧⲏⲩⲧⲛ̄"/>
		<feat xlink:href="#sSpan874" value="ⲡⲉⲧⲛⲁⲡⲁⲣⲁⲇⲓⲇⲟⲩ"/>
		<feat xlink:href="#sSpan886" value="ⲙⲙⲟⲓ"/>
		<feat xlink:href="#sSpan892" value="·"/>
		<feat xlink:href="#sSpan896" value="ⲁⲩⲱ"/>
		<feat xlink:href="#sSpan901" value="ⲙ̄ⲡⲉϥ[ⲱⲓⲡⲉ]"/>
		<feat xlink:href="#sSpan913" value="ⲟⲩⲇⲉ"/>
		<feat xlink:href="#sSpan918" value="ⲙ̣[ⲡⲉϥϣⲁ]ⲛ̣ϩⲧⲏϥ"/>
		<feat xlink:href="#sSpan937" value="[ϩⲁⲣⲟϥ]"/>
		<feat xlink:href="#sSpan943" value="ⲙ̣ⲁ̣ⲩ̣ⲁⲁϥ"/>
		<feat xlink:href="#sSpan952" value="[ⲁϥⲥⲟⲣ]ⲙⲉϥ"/>
		<feat xlink:href="#sSpan962" value="ⲉⲧ̣[ⲃⲉ"/>
		<feat xlink:href="#sSpan969" value="ⲙⲁⲁⲃ"/>
		<feat xlink:href="#sSpan974" value="ⲛ]ϩ̣ⲁ̣ⲧ"/>
		<feat xlink:href="#sSpan980" value="ⲁ̣["/>
		<feat xlink:href="#sSpan988" value="[----]"/>
		<feat xlink:href="#sSpan995" value="[----]"/>
		<feat xlink:href="#sSpan1000" value="[----]"/>
		<feat xlink:href="#sSpan1005" value="[----]"/>
		<feat xlink:href="#sSpan1010" value="[----]"/>
		<feat xlink:href="#sSpan1015" value="[----]"/>
		<feat xlink:href="#sSpan1020" value="[----]"/>
		<feat xlink:href="#sSpan1025" value="[----]"/>
		<feat xlink:href="#sSpan1030" value="ⲧⲁⲁϥ"/>
		<feat xlink:href="#sSpan1040" value="ⲙⲁⲩⲁⲁϥ"/>
		<feat xlink:href="#sSpan1046" value="ⲉϩⲣⲁⲓ"/>
		<feat xlink:href="#sSpan1051" value="ⲉⲩϭⲟⲣϭⲥ"/>
		<feat xlink:href="#sSpan1060" value="ⲛⲧⲉⲡⲇⲓⲁⲃⲟⲗⲟⲥ"/>
		<feat xlink:href="#sSpan1071" value="·"/>
		<feat xlink:href="#sSpan1075" value="ⲉⲧⲃⲉ"/>
		<feat xlink:href="#sSpan1084" value="ⲭⲣⲏⲙⲁ"/>
		<feat xlink:href="#sSpan1089" value="ϩⲁⲙⲟⲓ"/>
		<feat xlink:href="#sSpan1094" value="ⲛⲧⲟⲟⲩⲛ"/>
		<feat xlink:href="#sSpan1098" value="·"/>
		<feat xlink:href="#sSpan1102" value="ⲉⲛⲉⲙⲡⲉ"/>
		<feat xlink:href="#sSpan1112" value="ⲡⲛⲟⲩⲃ"/>
		<feat xlink:href="#sSpan1118" value="ϣⲱⲡⲉ"/>
		<feat xlink:href="#sSpan1124" value="ⲡⲁⲗⲓⲛ"/>
		<feat xlink:href="#sSpan1129" value="ⲟⲛ"/>
		<feat xlink:href="#sSpan1134" value="ⲧⲛϫⲓ̈"/>
		<feat xlink:href="#sSpan1140" value="ⲙⲙⲟϥ"/>
		<feat xlink:href="#sSpan1146" value="ⲉⲣⲟⲛ"/>
		<feat xlink:href="#sSpan1153" value="ϩⲙⲡⲣⲱϣⲉ"/>
		<feat xlink:href="#sSpan1162" value="ϩⲙⲡⲧⲣⲉ"/>
		<feat xlink:href="#sSpan1172" value="ⲡ"/>
		<feat xlink:href="#sSpan1177" value="ⲛⲟⲩⲧⲉ"/>
		<feat xlink:href="#sSpan1181" value="ⲧⲁⲁϥ"/>
		<feat xlink:href="#sSpan1188" value="ⲛⲁⲛ"/>
		<feat xlink:href="#sSpan1194" value="·"/>
		<feat xlink:href="#sSpan1198" value="ⲉⲟⲩⲭⲣⲓⲁ"/>
		<feat xlink:href="#sSpan1209" value="·"/>
		<feat xlink:href="#sSpan1213" value="ⲉϥⲓ"/>
		<feat xlink:href="#sSpan1221" value="ⲡ[ϩⲁⲡ]"/>
		<feat xlink:href="#sSpan1230" value="ⲇⲉ"/>
		<feat xlink:href="#sSpan1235" value="ⲙⲙⲁ̣ⲩ̣"/>
		<feat xlink:href="#sSpan1241" value="[ⲉⲧⲃⲏ]ⲏⲧϥ"/>
		<feat xlink:href="#sSpan1248" value="·"/>
		<feat xlink:href="#sSpan1253" value="ⲟ̣ⲩ̣[ⲁⲛⲟⲙⲓⲁ]"/>
		<feat xlink:href="#sSpan1263" value="ⲧⲉ"/>
		<feat xlink:href="#sSpan1268" value="·"/>
		<feat xlink:href="#sSpan1272" value="ϩⲁⲙ̣[ⲟⲓ"/>
		<feat xlink:href="#sSpan1280" value="ⲉⲛⲉ]ⲙⲡⲉ"/>
		<feat xlink:href="#sSpan1290" value="ⲡ"/>
		<feat xlink:href="#sSpan1295" value="ⲛⲟⲩ[ⲃ"/>
		<feat xlink:href="#sSpan1301" value="ϣⲱ]ⲡⲉ"/>
		<feat xlink:href="#sSpan1306" value="ⲁⲩⲱ"/>
		<feat xlink:href="#sSpan1310" value="ⲛ̣[ⲉⲩⲛⲁ]ϯ"/>
		<feat xlink:href="#sSpan1324" value="ⲡⲇ̣ⲓ̣ⲕ̣[ⲁⲓⲟⲥ"/>
		<feat xlink:href="#sSpan1333" value="ⲉⲃⲟⲗ]"/>
		<feat xlink:href="#sSpan1337" value="ⲁⲛ̣"/>
		<feat xlink:href="#sSpan1344" value="[ϩⲁⲟⲩϩⲁⲧ]"/>
		<feat xlink:href="#sSpan1353" value="ⲁⲩ[ⲱ"/>
		<feat xlink:href="#sSpan1366" value="ⲧ̄["/>
		<feat xlink:href="#sSpan1371" value="[----]"/>
		<feat xlink:href="#sSpan1379" value="[----]"/>
		<feat xlink:href="#sSpan1386" value="[----]"/>
		<feat xlink:href="#sSpan1391" value="[----]"/>
		<feat xlink:href="#sSpan1396" value="[----]"/>
		<feat xlink:href="#sSpan1401" value="[----]"/>
		<feat xlink:href="#sSpan1406" value="[----]"/>
		<feat xlink:href="#sSpan1411" value="[----]"/></featList></paula>