<?xml version='1.0' encoding='UTF-8'?><!DOCTYPE paula SYSTEM "paula_rel.dtd">
<paula version="1.1">
	<header paula_id="scriptorium.GL29-30_par_XJ33-34.dep"/>
	<relList xmlns:xlink="http://www.w3.org/1999/xlink" type="dep">
		<rel id="sPointingRel1" xlink:href="scriptorium.GL29-30_par_XJ33-34.mark.xml#sSpan520" target="scriptorium.GL29-30_par_XJ33-34.mark.xml#sSpan510"/>
		<rel id="sPointingRel3" xlink:href="scriptorium.GL29-30_par_XJ33-34.mark.xml#sSpan337" target="scriptorium.GL29-30_par_XJ33-34.mark.xml#sSpan339"/>
		<rel id="sPointingRel5" xlink:href="scriptorium.GL29-30_par_XJ33-34.mark.xml#sSpan1115" target="scriptorium.GL29-30_par_XJ33-34.mark.xml#sSpan1113"/>
		<rel id="sPointingRel7" xlink:href="scriptorium.GL29-30_par_XJ33-34.mark.xml#sSpan200" target="scriptorium.GL29-30_par_XJ33-34.mark.xml#sSpan202"/>
		<rel id="sPointingRel9" xlink:href="scriptorium.GL29-30_par_XJ33-34.mark.xml#sSpan765" target="scriptorium.GL29-30_par_XJ33-34.mark.xml#sSpan761"/>
		<rel id="sPointingRel11" xlink:href="scriptorium.GL29-30_par_XJ33-34.mark.xml#sSpan610" target="scriptorium.GL29-30_par_XJ33-34.mark.xml#sSpan645"/>
		<rel id="sPointingRel13" xlink:href="scriptorium.GL29-30_par_XJ33-34.mark.xml#sSpan754" target="scriptorium.GL29-30_par_XJ33-34.mark.xml#sSpan747"/>
		<rel id="sPointingRel15" xlink:href="scriptorium.GL29-30_par_XJ33-34.mark.xml#sSpan281" target="scriptorium.GL29-30_par_XJ33-34.mark.xml#sSpan291"/>
		<rel id="sPointingRel17" xlink:href="scriptorium.GL29-30_par_XJ33-34.mark.xml#sSpan801" target="scriptorium.GL29-30_par_XJ33-34.mark.xml#sSpan815"/>
		<rel id="sPointingRel19" xlink:href="scriptorium.GL29-30_par_XJ33-34.mark.xml#sSpan1055" target="scriptorium.GL29-30_par_XJ33-34.mark.xml#sSpan1048"/>
		<rel id="sPointingRel21" xlink:href="scriptorium.GL29-30_par_XJ33-34.mark.xml#sSpan1298" target="scriptorium.GL29-30_par_XJ33-34.mark.xml#sSpan1269"/>
		<rel id="sPointingRel23" xlink:href="scriptorium.GL29-30_par_XJ33-34.mark.xml#sSpan129" target="scriptorium.GL29-30_par_XJ33-34.mark.xml#sSpan136"/>
		<rel id="sPointingRel25" xlink:href="scriptorium.GL29-30_par_XJ33-34.mark.xml#sSpan801" target="scriptorium.GL29-30_par_XJ33-34.mark.xml#sSpan797"/>
		<rel id="sPointingRel27" xlink:href="scriptorium.GL29-30_par_XJ33-34.mark.xml#sSpan1215" target="scriptorium.GL29-30_par_XJ33-34.mark.xml#sSpan1224"/>
		<rel id="sPointingRel29" xlink:href="scriptorium.GL29-30_par_XJ33-34.mark.xml#sSpan1113" target="scriptorium.GL29-30_par_XJ33-34.mark.xml#sSpan1108"/>
		<rel id="sPointingRel31" xlink:href="scriptorium.GL29-30_par_XJ33-34.mark.xml#sSpan324" target="scriptorium.GL29-30_par_XJ33-34.mark.xml#sSpan330"/>
		<rel id="sPointingRel33" xlink:href="scriptorium.GL29-30_par_XJ33-34.mark.xml#sSpan1167" target="scriptorium.GL29-30_par_XJ33-34.mark.xml#sSpan1174"/>
		<rel id="sPointingRel35" xlink:href="scriptorium.GL29-30_par_XJ33-34.mark.xml#sSpan291" target="scriptorium.GL29-30_par_XJ33-34.mark.xml#sSpan294"/>
		<rel id="sPointingRel37" xlink:href="scriptorium.GL29-30_par_XJ33-34.mark.xml#sSpan502" target="scriptorium.GL29-30_par_XJ33-34.mark.xml#sSpan493"/>
		<rel id="sPointingRel39" xlink:href="scriptorium.GL29-30_par_XJ33-34.mark.xml#sSpan997" target="scriptorium.GL29-30_par_XJ33-34.mark.xml#sSpan1002"/>
		<rel id="sPointingRel41" xlink:href="scriptorium.GL29-30_par_XJ33-34.mark.xml#sSpan907" target="scriptorium.GL29-30_par_XJ33-34.mark.xml#sSpan955"/>
		<rel id="sPointingRel43" xlink:href="scriptorium.GL29-30_par_XJ33-34.mark.xml#sSpan880" target="scriptorium.GL29-30_par_XJ33-34.mark.xml#sSpan887"/>
		<rel id="sPointingRel45" xlink:href="scriptorium.GL29-30_par_XJ33-34.mark.xml#sSpan1167" target="scriptorium.GL29-30_par_XJ33-34.mark.xml#sSpan1178"/>
		<rel id="sPointingRel47" xlink:href="scriptorium.GL29-30_par_XJ33-34.mark.xml#sSpan390" target="scriptorium.GL29-30_par_XJ33-34.mark.xml#sSpan382"/>
		<rel id="sPointingRel49" xlink:href="scriptorium.GL29-30_par_XJ33-34.mark.xml#sSpan1135" target="scriptorium.GL29-30_par_XJ33-34.mark.xml#sSpan1121"/>
		<rel id="sPointingRel51" xlink:href="scriptorium.GL29-30_par_XJ33-34.mark.xml#sSpan555" target="scriptorium.GL29-30_par_XJ33-34.mark.xml#sSpan549"/>
		<rel id="sPointingRel53" xlink:href="scriptorium.GL29-30_par_XJ33-34.mark.xml#sSpan502" target="scriptorium.GL29-30_par_XJ33-34.mark.xml#sSpan484"/>
		<rel id="sPointingRel55" xlink:href="scriptorium.GL29-30_par_XJ33-34.mark.xml#sSpan907" target="scriptorium.GL29-30_par_XJ33-34.mark.xml#sSpan898"/>
		<rel id="sPointingRel57" xlink:href="scriptorium.GL29-30_par_XJ33-34.mark.xml#sSpan738" target="scriptorium.GL29-30_par_XJ33-34.mark.xml#sSpan734"/>
		<rel id="sPointingRel59" xlink:href="scriptorium.GL29-30_par_XJ33-34.mark.xml#sSpan467" target="scriptorium.GL29-30_par_XJ33-34.mark.xml#sSpan472"/>
		<rel id="sPointingRel61" xlink:href="scriptorium.GL29-30_par_XJ33-34.mark.xml#sSpan23" target="scriptorium.GL29-30_par_XJ33-34.mark.xml#sSpan14"/>
		<rel id="sPointingRel63" xlink:href="scriptorium.GL29-30_par_XJ33-34.mark.xml#sSpan1298" target="scriptorium.GL29-30_par_XJ33-34.mark.xml#sSpan1284"/>
		<rel id="sPointingRel65" xlink:href="scriptorium.GL29-30_par_XJ33-34.mark.xml#sSpan669" target="scriptorium.GL29-30_par_XJ33-34.mark.xml#sSpan665"/>
		<rel id="sPointingRel67" xlink:href="scriptorium.GL29-30_par_XJ33-34.mark.xml#sSpan772" target="scriptorium.GL29-30_par_XJ33-34.mark.xml#sSpan793"/>
		<rel id="sPointingRel69" xlink:href="scriptorium.GL29-30_par_XJ33-34.mark.xml#sSpan859" target="scriptorium.GL29-30_par_XJ33-34.mark.xml#sSpan864"/>
		<rel id="sPointingRel71" xlink:href="scriptorium.GL29-30_par_XJ33-34.mark.xml#sSpan454" target="scriptorium.GL29-30_par_XJ33-34.mark.xml#sSpan446"/>
		<rel id="sPointingRel73" xlink:href="scriptorium.GL29-30_par_XJ33-34.mark.xml#sSpan104" target="scriptorium.GL29-30_par_XJ33-34.mark.xml#sSpan117"/>
		<rel id="sPointingRel75" xlink:href="scriptorium.GL29-30_par_XJ33-34.mark.xml#sSpan520" target="scriptorium.GL29-30_par_XJ33-34.mark.xml#sSpan565"/>
		<rel id="sPointingRel77" xlink:href="scriptorium.GL29-30_par_XJ33-34.mark.xml#sSpan1317" target="scriptorium.GL29-30_par_XJ33-34.mark.xml#sSpan1348"/>
		<rel id="sPointingRel79" xlink:href="scriptorium.GL29-30_par_XJ33-34.mark.xml#sSpan1376" target="scriptorium.GL29-30_par_XJ33-34.mark.xml#sSpan1408"/>
		<rel id="sPointingRel81" xlink:href="scriptorium.GL29-30_par_XJ33-34.mark.xml#sSpan423" target="scriptorium.GL29-30_par_XJ33-34.mark.xml#sSpan431"/>
		<rel id="sPointingRel83" xlink:href="scriptorium.GL29-30_par_XJ33-34.mark.xml#sSpan1317" target="scriptorium.GL29-30_par_XJ33-34.mark.xml#sSpan1326"/>
		<rel id="sPointingRel85" xlink:href="scriptorium.GL29-30_par_XJ33-34.mark.xml#sSpan1135" target="scriptorium.GL29-30_par_XJ33-34.mark.xml#sSpan1148"/>
		<rel id="sPointingRel87" xlink:href="scriptorium.GL29-30_par_XJ33-34.mark.xml#sSpan925" target="scriptorium.GL29-30_par_XJ33-34.mark.xml#sSpan910"/>
		<rel id="sPointingRel89" xlink:href="scriptorium.GL29-30_par_XJ33-34.mark.xml#sSpan738" target="scriptorium.GL29-30_par_XJ33-34.mark.xml#sSpan740"/>
		<rel id="sPointingRel91" xlink:href="scriptorium.GL29-30_par_XJ33-34.mark.xml#sSpan188" target="scriptorium.GL29-30_par_XJ33-34.mark.xml#sSpan184"/>
		<rel id="sPointingRel93" xlink:href="scriptorium.GL29-30_par_XJ33-34.mark.xml#sSpan1091" target="scriptorium.GL29-30_par_XJ33-34.mark.xml#sSpan1115"/>
		<rel id="sPointingRel95" xlink:href="scriptorium.GL29-30_par_XJ33-34.mark.xml#sSpan625" target="scriptorium.GL29-30_par_XJ33-34.mark.xml#sSpan640"/>
		<rel id="sPointingRel97" xlink:href="scriptorium.GL29-30_par_XJ33-34.mark.xml#sSpan57" target="scriptorium.GL29-30_par_XJ33-34.mark.xml#sSpan47"/>
		<rel id="sPointingRel99" xlink:href="scriptorium.GL29-30_par_XJ33-34.mark.xml#sSpan1091" target="scriptorium.GL29-30_par_XJ33-34.mark.xml#sSpan1080"/>
		<rel id="sPointingRel101" xlink:href="scriptorium.GL29-30_par_XJ33-34.mark.xml#sSpan1167" target="scriptorium.GL29-30_par_XJ33-34.mark.xml#sSpan1159"/>
		<rel id="sPointingRel103" xlink:href="scriptorium.GL29-30_par_XJ33-34.mark.xml#sSpan547" target="scriptorium.GL29-30_par_XJ33-34.mark.xml#sSpan555"/>
		<rel id="sPointingRel105" xlink:href="scriptorium.GL29-30_par_XJ33-34.mark.xml#sSpan213" target="scriptorium.GL29-30_par_XJ33-34.mark.xml#sSpan215"/>
		<rel id="sPointingRel107" xlink:href="scriptorium.GL29-30_par_XJ33-34.mark.xml#sSpan831" target="scriptorium.GL29-30_par_XJ33-34.mark.xml#sSpan833"/>
		<rel id="sPointingRel109" xlink:href="scriptorium.GL29-30_par_XJ33-34.mark.xml#sSpan1348" target="scriptorium.GL29-30_par_XJ33-34.mark.xml#sSpan1368"/>
		<rel id="sPointingRel111" xlink:href="scriptorium.GL29-30_par_XJ33-34.mark.xml#sSpan1368" target="scriptorium.GL29-30_par_XJ33-34.mark.xml#sSpan1363"/>
		<rel id="sPointingRel113" xlink:href="scriptorium.GL29-30_par_XJ33-34.mark.xml#sSpan129" target="scriptorium.GL29-30_par_XJ33-34.mark.xml#sSpan145"/>
		<rel id="sPointingRel115" xlink:href="scriptorium.GL29-30_par_XJ33-34.mark.xml#sSpan291" target="scriptorium.GL29-30_par_XJ33-34.mark.xml#sSpan288"/>
		<rel id="sPointingRel117" xlink:href="scriptorium.GL29-30_par_XJ33-34.mark.xml#sSpan266" target="scriptorium.GL29-30_par_XJ33-34.mark.xml#sSpan251"/>
		<rel id="sPointingRel119" xlink:href="scriptorium.GL29-30_par_XJ33-34.mark.xml#sSpan815" target="scriptorium.GL29-30_par_XJ33-34.mark.xml#sSpan811"/>
		<rel id="sPointingRel121" xlink:href="scriptorium.GL29-30_par_XJ33-34.mark.xml#sSpan852" target="scriptorium.GL29-30_par_XJ33-34.mark.xml#sSpan868"/>
		<rel id="sPointingRel123" xlink:href="scriptorium.GL29-30_par_XJ33-34.mark.xml#sSpan528" target="scriptorium.GL29-30_par_XJ33-34.mark.xml#sSpan522"/>
		<rel id="sPointingRel125" xlink:href="scriptorium.GL29-30_par_XJ33-34.mark.xml#sSpan955" target="scriptorium.GL29-30_par_XJ33-34.mark.xml#sSpan957"/>
		<rel id="sPointingRel127" xlink:href="scriptorium.GL29-30_par_XJ33-34.mark.xml#sSpan793" target="scriptorium.GL29-30_par_XJ33-34.mark.xml#sSpan790"/>
		<rel id="sPointingRel129" xlink:href="scriptorium.GL29-30_par_XJ33-34.mark.xml#sSpan341" target="scriptorium.GL29-30_par_XJ33-34.mark.xml#sSpan350"/>
		<rel id="sPointingRel131" xlink:href="scriptorium.GL29-30_par_XJ33-34.mark.xml#sSpan188" target="scriptorium.GL29-30_par_XJ33-34.mark.xml#sSpan180"/>
		<rel id="sPointingRel133" xlink:href="scriptorium.GL29-30_par_XJ33-34.mark.xml#sSpan1258" target="scriptorium.GL29-30_par_XJ33-34.mark.xml#sSpan1260"/>
		<rel id="sPointingRel135" xlink:href="scriptorium.GL29-30_par_XJ33-34.mark.xml#sSpan390" target="scriptorium.GL29-30_par_XJ33-34.mark.xml#sSpan399"/>
		<rel id="sPointingRel137" xlink:href="scriptorium.GL29-30_par_XJ33-34.mark.xml#sSpan1388" target="scriptorium.GL29-30_par_XJ33-34.mark.xml#sSpan1403"/>
		<rel id="sPointingRel139" xlink:href="scriptorium.GL29-30_par_XJ33-34.mark.xml#sSpan414" target="scriptorium.GL29-30_par_XJ33-34.mark.xml#sSpan406"/>
		<rel id="sPointingRel141" xlink:href="scriptorium.GL29-30_par_XJ33-34.mark.xml#sSpan200" target="scriptorium.GL29-30_par_XJ33-34.mark.xml#sSpan213"/>
		<rel id="sPointingRel143" xlink:href="scriptorium.GL29-30_par_XJ33-34.mark.xml#sSpan1167" target="scriptorium.GL29-30_par_XJ33-34.mark.xml#sSpan1164"/>
		<rel id="sPointingRel145" xlink:href="scriptorium.GL29-30_par_XJ33-34.mark.xml#sSpan542" target="scriptorium.GL29-30_par_XJ33-34.mark.xml#sSpan547"/>
		<rel id="sPointingRel147" xlink:href="scriptorium.GL29-30_par_XJ33-34.mark.xml#sSpan317" target="scriptorium.GL29-30_par_XJ33-34.mark.xml#sSpan312"/>
		<rel id="sPointingRel149" xlink:href="scriptorium.GL29-30_par_XJ33-34.mark.xml#sSpan925" target="scriptorium.GL29-30_par_XJ33-34.mark.xml#sSpan927"/>
		<rel id="sPointingRel151" xlink:href="scriptorium.GL29-30_par_XJ33-34.mark.xml#sSpan880" target="scriptorium.GL29-30_par_XJ33-34.mark.xml#sSpan877"/>
		<rel id="sPointingRel153" xlink:href="scriptorium.GL29-30_par_XJ33-34.mark.xml#sSpan565" target="scriptorium.GL29-30_par_XJ33-34.mark.xml#sSpan594"/>
		<rel id="sPointingRel155" xlink:href="scriptorium.GL29-30_par_XJ33-34.mark.xml#sSpan793" target="scriptorium.GL29-30_par_XJ33-34.mark.xml#sSpan801"/>
		<rel id="sPointingRel157" xlink:href="scriptorium.GL29-30_par_XJ33-34.mark.xml#sSpan698" target="scriptorium.GL29-30_par_XJ33-34.mark.xml#sSpan705"/>
		<rel id="sPointingRel159" xlink:href="scriptorium.GL29-30_par_XJ33-34.mark.xml#sSpan955" target="scriptorium.GL29-30_par_XJ33-34.mark.xml#sSpan947"/>
		<rel id="sPointingRel161" xlink:href="scriptorium.GL29-30_par_XJ33-34.mark.xml#sSpan200" target="scriptorium.GL29-30_par_XJ33-34.mark.xml#sSpan198"/>
		<rel id="sPointingRel163" xlink:href="scriptorium.GL29-30_par_XJ33-34.mark.xml#sSpan266" target="scriptorium.GL29-30_par_XJ33-34.mark.xml#sSpan241"/>
		<rel id="sPointingRel165" xlink:href="scriptorium.GL29-30_par_XJ33-34.mark.xml#sSpan1178" target="scriptorium.GL29-30_par_XJ33-34.mark.xml#sSpan1189"/>
		<rel id="sPointingRel167" xlink:href="scriptorium.GL29-30_par_XJ33-34.mark.xml#sSpan698" target="scriptorium.GL29-30_par_XJ33-34.mark.xml#sSpan692"/>
		<rel id="sPointingRel169" xlink:href="scriptorium.GL29-30_par_XJ33-34.mark.xml#sSpan721" target="scriptorium.GL29-30_par_XJ33-34.mark.xml#sSpan717"/>
		<rel id="sPointingRel171" xlink:href="scriptorium.GL29-30_par_XJ33-34.mark.xml#sSpan350" target="scriptorium.GL29-30_par_XJ33-34.mark.xml#sSpan357"/>
		<rel id="sPointingRel173" xlink:href="scriptorium.GL29-30_par_XJ33-34.mark.xml#sSpan610" target="scriptorium.GL29-30_par_XJ33-34.mark.xml#sSpan620"/>
		<rel id="sPointingRel175" xlink:href="scriptorium.GL29-30_par_XJ33-34.mark.xml#sSpan25" target="scriptorium.GL29-30_par_XJ33-34.mark.xml#sSpan30"/>
		<rel id="sPointingRel177" xlink:href="scriptorium.GL29-30_par_XJ33-34.mark.xml#sSpan925" target="scriptorium.GL29-30_par_XJ33-34.mark.xml#sSpan940"/>
		<rel id="sPointingRel179" xlink:href="scriptorium.GL29-30_par_XJ33-34.mark.xml#sSpan145" target="scriptorium.GL29-30_par_XJ33-34.mark.xml#sSpan155"/>
		<rel id="sPointingRel181" xlink:href="scriptorium.GL29-30_par_XJ33-34.mark.xml#sSpan676" target="scriptorium.GL29-30_par_XJ33-34.mark.xml#sSpan672"/>
		<rel id="sPointingRel183" xlink:href="scriptorium.GL29-30_par_XJ33-34.mark.xml#sSpan1376" target="scriptorium.GL29-30_par_XJ33-34.mark.xml#sSpan1388"/>
		<rel id="sPointingRel185" xlink:href="scriptorium.GL29-30_par_XJ33-34.mark.xml#sSpan1135" target="scriptorium.GL29-30_par_XJ33-34.mark.xml#sSpan1157"/>
		<rel id="sPointingRel187" xlink:href="scriptorium.GL29-30_par_XJ33-34.mark.xml#sSpan330" target="scriptorium.GL29-30_par_XJ33-34.mark.xml#sSpan326"/>
		<rel id="sPointingRel189" xlink:href="scriptorium.GL29-30_par_XJ33-34.mark.xml#sSpan1066" target="scriptorium.GL29-30_par_XJ33-34.mark.xml#sSpan1057"/>
		<rel id="sPointingRel191" xlink:href="scriptorium.GL29-30_par_XJ33-34.mark.xml#sSpan1317" target="scriptorium.GL29-30_par_XJ33-34.mark.xml#sSpan1315"/>
		<rel id="sPointingRel193" xlink:href="scriptorium.GL29-30_par_XJ33-34.mark.xml#sSpan423" target="scriptorium.GL29-30_par_XJ33-34.mark.xml#sSpan414"/>
		<rel id="sPointingRel195" xlink:href="scriptorium.GL29-30_par_XJ33-34.mark.xml#sSpan565" target="scriptorium.GL29-30_par_XJ33-34.mark.xml#sSpan560"/>
		<rel id="sPointingRel197" xlink:href="scriptorium.GL29-30_par_XJ33-34.mark.xml#sSpan831" target="scriptorium.GL29-30_par_XJ33-34.mark.xml#sSpan829"/>
		<rel id="sPointingRel199" xlink:href="scriptorium.GL29-30_par_XJ33-34.mark.xml#sSpan484" target="scriptorium.GL29-30_par_XJ33-34.mark.xml#sSpan490"/>
		<rel id="sPointingRel201" xlink:href="scriptorium.GL29-30_par_XJ33-34.mark.xml#sSpan604" target="scriptorium.GL29-30_par_XJ33-34.mark.xml#sSpan600"/>
		<rel id="sPointingRel203" xlink:href="scriptorium.GL29-30_par_XJ33-34.mark.xml#sSpan610" target="scriptorium.GL29-30_par_XJ33-34.mark.xml#sSpan650"/>
		<rel id="sPointingRel205" xlink:href="scriptorium.GL29-30_par_XJ33-34.mark.xml#sSpan213" target="scriptorium.GL29-30_par_XJ33-34.mark.xml#sSpan206"/>
		<rel id="sPointingRel207" xlink:href="scriptorium.GL29-30_par_XJ33-34.mark.xml#sSpan754" target="scriptorium.GL29-30_par_XJ33-34.mark.xml#sSpan724"/>
		<rel id="sPointingRel209" xlink:href="scriptorium.GL29-30_par_XJ33-34.mark.xml#sSpan754" target="scriptorium.GL29-30_par_XJ33-34.mark.xml#sSpan765"/>
		<rel id="sPointingRel211" xlink:href="scriptorium.GL29-30_par_XJ33-34.mark.xml#sSpan1203" target="scriptorium.GL29-30_par_XJ33-34.mark.xml#sSpan1199"/>
		<rel id="sPointingRel213" xlink:href="scriptorium.GL29-30_par_XJ33-34.mark.xml#sSpan594" target="scriptorium.GL29-30_par_XJ33-34.mark.xml#sSpan591"/>
		<rel id="sPointingRel215" xlink:href="scriptorium.GL29-30_par_XJ33-34.mark.xml#sSpan698" target="scriptorium.GL29-30_par_XJ33-34.mark.xml#sSpan754"/>
		<rel id="sPointingRel217" xlink:href="scriptorium.GL29-30_par_XJ33-34.mark.xml#sSpan955" target="scriptorium.GL29-30_par_XJ33-34.mark.xml#sSpan953"/>
		<rel id="sPointingRel219" xlink:href="scriptorium.GL29-30_par_XJ33-34.mark.xml#sSpan625" target="scriptorium.GL29-30_par_XJ33-34.mark.xml#sSpan630"/>
		<rel id="sPointingRel221" xlink:href="scriptorium.GL29-30_par_XJ33-34.mark.xml#sSpan454" target="scriptorium.GL29-30_par_XJ33-34.mark.xml#sSpan457"/>
		<rel id="sPointingRel223" xlink:href="scriptorium.GL29-30_par_XJ33-34.mark.xml#sSpan594" target="scriptorium.GL29-30_par_XJ33-34.mark.xml#sSpan604"/>
		<rel id="sPointingRel225" xlink:href="scriptorium.GL29-30_par_XJ33-34.mark.xml#sSpan324" target="scriptorium.GL29-30_par_XJ33-34.mark.xml#sSpan319"/>
		<rel id="sPointingRel227" xlink:href="scriptorium.GL29-30_par_XJ33-34.mark.xml#sSpan200" target="scriptorium.GL29-30_par_XJ33-34.mark.xml#sSpan193"/>
		<rel id="sPointingRel229" xlink:href="scriptorium.GL29-30_par_XJ33-34.mark.xml#sSpan1141" target="scriptorium.GL29-30_par_XJ33-34.mark.xml#sSpan1137"/>
		<rel id="sPointingRel231" xlink:href="scriptorium.GL29-30_par_XJ33-34.mark.xml#sSpan64" target="scriptorium.GL29-30_par_XJ33-34.mark.xml#sSpan71"/>
		<rel id="sPointingRel233" xlink:href="scriptorium.GL29-30_par_XJ33-34.mark.xml#sSpan266" target="scriptorium.GL29-30_par_XJ33-34.mark.xml#sSpan221"/>
		<rel id="sPointingRel235" xlink:href="scriptorium.GL29-30_par_XJ33-34.mark.xml#sSpan1178" target="scriptorium.GL29-30_par_XJ33-34.mark.xml#sSpan1183"/>
		<rel id="sPointingRel237" xlink:href="scriptorium.GL29-30_par_XJ33-34.mark.xml#sSpan390" target="scriptorium.GL29-30_par_XJ33-34.mark.xml#sSpan386"/>
		<rel id="sPointingRel239" xlink:href="scriptorium.GL29-30_par_XJ33-34.mark.xml#sSpan925" target="scriptorium.GL29-30_par_XJ33-34.mark.xml#sSpan915"/>
		<rel id="sPointingRel241" xlink:href="scriptorium.GL29-30_par_XJ33-34.mark.xml#sSpan1376" target="scriptorium.GL29-30_par_XJ33-34.mark.xml#sSpan1383"/>
		<rel id="sPointingRel243" xlink:href="scriptorium.GL29-30_par_XJ33-34.mark.xml#sSpan1258" target="scriptorium.GL29-30_par_XJ33-34.mark.xml#sSpan1249"/>
		<rel id="sPointingRel245" xlink:href="scriptorium.GL29-30_par_XJ33-34.mark.xml#sSpan985" target="scriptorium.GL29-30_par_XJ33-34.mark.xml#sSpan1022"/>
		<rel id="sPointingRel247" xlink:href="scriptorium.GL29-30_par_XJ33-34.mark.xml#sSpan337" target="scriptorium.GL29-30_par_XJ33-34.mark.xml#sSpan375"/>
		<rel id="sPointingRel249" xlink:href="scriptorium.GL29-30_par_XJ33-34.mark.xml#sSpan175" target="scriptorium.GL29-30_par_XJ33-34.mark.xml#sSpan169"/>
		<rel id="sPointingRel251" xlink:href="scriptorium.GL29-30_par_XJ33-34.mark.xml#sSpan43" target="scriptorium.GL29-30_par_XJ33-34.mark.xml#sSpan36"/>
		<rel id="sPointingRel253" xlink:href="scriptorium.GL29-30_par_XJ33-34.mark.xml#sSpan831" target="scriptorium.GL29-30_par_XJ33-34.mark.xml#sSpan852"/>
		<rel id="sPointingRel255" xlink:href="scriptorium.GL29-30_par_XJ33-34.mark.xml#sSpan698" target="scriptorium.GL29-30_par_XJ33-34.mark.xml#sSpan696"/>
		<rel id="sPointingRel257" xlink:href="scriptorium.GL29-30_par_XJ33-34.mark.xml#sSpan975" target="scriptorium.GL29-30_par_XJ33-34.mark.xml#sSpan966"/>
		<rel id="sPointingRel259" xlink:href="scriptorium.GL29-30_par_XJ33-34.mark.xml#sSpan57" target="scriptorium.GL29-30_par_XJ33-34.mark.xml#sSpan51"/>
		<rel id="sPointingRel261" xlink:href="scriptorium.GL29-30_par_XJ33-34.mark.xml#sSpan281" target="scriptorium.GL29-30_par_XJ33-34.mark.xml#sSpan337"/>
		<rel id="sPointingRel263" xlink:href="scriptorium.GL29-30_par_XJ33-34.mark.xml#sSpan754" target="scriptorium.GL29-30_par_XJ33-34.mark.xml#sSpan751"/>
		<rel id="sPointingRel265" xlink:href="scriptorium.GL29-30_par_XJ33-34.mark.xml#sSpan852" target="scriptorium.GL29-30_par_XJ33-34.mark.xml#sSpan848"/>
		<rel id="sPointingRel267" xlink:href="scriptorium.GL29-30_par_XJ33-34.mark.xml#sSpan317" target="scriptorium.GL29-30_par_XJ33-34.mark.xml#sSpan307"/>
		<rel id="sPointingRel269" xlink:href="scriptorium.GL29-30_par_XJ33-34.mark.xml#sSpan350" target="scriptorium.GL29-30_par_XJ33-34.mark.xml#sSpan343"/>
		<rel id="sPointingRel271" xlink:href="scriptorium.GL29-30_par_XJ33-34.mark.xml#sSpan1348" target="scriptorium.GL29-30_par_XJ33-34.mark.xml#sSpan1345"/>
		<rel id="sPointingRel273" xlink:href="scriptorium.GL29-30_par_XJ33-34.mark.xml#sSpan938" target="scriptorium.GL29-30_par_XJ33-34.mark.xml#sSpan932"/>
		<rel id="sPointingRel275" xlink:href="scriptorium.GL29-30_par_XJ33-34.mark.xml#sSpan350" target="scriptorium.GL29-30_par_XJ33-34.mark.xml#sSpan347"/>
		<rel id="sPointingRel277" xlink:href="scriptorium.GL29-30_par_XJ33-34.mark.xml#sSpan997" target="scriptorium.GL29-30_par_XJ33-34.mark.xml#sSpan1007"/>
		<rel id="sPointingRel279" xlink:href="scriptorium.GL29-30_par_XJ33-34.mark.xml#sSpan1348" target="scriptorium.GL29-30_par_XJ33-34.mark.xml#sSpan1339"/>
		<rel id="sPointingRel281" xlink:href="scriptorium.GL29-30_par_XJ33-34.mark.xml#sSpan64" target="scriptorium.GL29-30_par_XJ33-34.mark.xml#sSpan60"/>
		<rel id="sPointingRel283" xlink:href="scriptorium.GL29-30_par_XJ33-34.mark.xml#sSpan887" target="scriptorium.GL29-30_par_XJ33-34.mark.xml#sSpan883"/>
		<rel id="sPointingRel285" xlink:href="scriptorium.GL29-30_par_XJ33-34.mark.xml#sSpan337" target="scriptorium.GL29-30_par_XJ33-34.mark.xml#sSpan341"/>
		<rel id="sPointingRel287" xlink:href="scriptorium.GL29-30_par_XJ33-34.mark.xml#sSpan454" target="scriptorium.GL29-30_par_XJ33-34.mark.xml#sSpan451"/>
		<rel id="sPointingRel289" xlink:href="scriptorium.GL29-30_par_XJ33-34.mark.xml#sSpan123" target="scriptorium.GL29-30_par_XJ33-34.mark.xml#sSpan119"/>
		<rel id="sPointingRel291" xlink:href="scriptorium.GL29-30_par_XJ33-34.mark.xml#sSpan997" target="scriptorium.GL29-30_par_XJ33-34.mark.xml#sSpan1012"/>
		<rel id="sPointingRel293" xlink:href="scriptorium.GL29-30_par_XJ33-34.mark.xml#sSpan92" target="scriptorium.GL29-30_par_XJ33-34.mark.xml#sSpan84"/>
		<rel id="sPointingRel295" xlink:href="scriptorium.GL29-30_par_XJ33-34.mark.xml#sSpan175" target="scriptorium.GL29-30_par_XJ33-34.mark.xml#sSpan188"/>
		<rel id="sPointingRel297" xlink:href="scriptorium.GL29-30_par_XJ33-34.mark.xml#sSpan213" target="scriptorium.GL29-30_par_XJ33-34.mark.xml#sSpan217"/>
		<rel id="sPointingRel299" xlink:href="scriptorium.GL29-30_par_XJ33-34.mark.xml#sSpan925" target="scriptorium.GL29-30_par_XJ33-34.mark.xml#sSpan938"/>
		<rel id="sPointingRel301" xlink:href="scriptorium.GL29-30_par_XJ33-34.mark.xml#sSpan490" target="scriptorium.GL29-30_par_XJ33-34.mark.xml#sSpan486"/>
		<rel id="sPointingRel303" xlink:href="scriptorium.GL29-30_par_XJ33-34.mark.xml#sSpan985" target="scriptorium.GL29-30_par_XJ33-34.mark.xml#sSpan992"/>
		<rel id="sPointingRel305" xlink:href="scriptorium.GL29-30_par_XJ33-34.mark.xml#sSpan754" target="scriptorium.GL29-30_par_XJ33-34.mark.xml#sSpan711"/>
		<rel id="sPointingRel307" xlink:href="scriptorium.GL29-30_par_XJ33-34.mark.xml#sSpan907" target="scriptorium.GL29-30_par_XJ33-34.mark.xml#sSpan903"/>
		<rel id="sPointingRel309" xlink:href="scriptorium.GL29-30_par_XJ33-34.mark.xml#sSpan1135" target="scriptorium.GL29-30_par_XJ33-34.mark.xml#sSpan1126"/>
		<rel id="sPointingRel311" xlink:href="scriptorium.GL29-30_par_XJ33-34.mark.xml#sSpan117" target="scriptorium.GL29-30_par_XJ33-34.mark.xml#sSpan106"/>
		<rel id="sPointingRel313" xlink:href="scriptorium.GL29-30_par_XJ33-34.mark.xml#sSpan1027" target="scriptorium.GL29-30_par_XJ33-34.mark.xml#sSpan1055"/>
		<rel id="sPointingRel315" xlink:href="scriptorium.GL29-30_par_XJ33-34.mark.xml#sSpan71" target="scriptorium.GL29-30_par_XJ33-34.mark.xml#sSpan69"/>
		<rel id="sPointingRel317" xlink:href="scriptorium.GL29-30_par_XJ33-34.mark.xml#sSpan852" target="scriptorium.GL29-30_par_XJ33-34.mark.xml#sSpan870"/>
		<rel id="sPointingRel319" xlink:href="scriptorium.GL29-30_par_XJ33-34.mark.xml#sSpan454" target="scriptorium.GL29-30_par_XJ33-34.mark.xml#sSpan441"/>
		<rel id="sPointingRel321" xlink:href="scriptorium.GL29-30_par_XJ33-34.mark.xml#sSpan1298" target="scriptorium.GL29-30_par_XJ33-34.mark.xml#sSpan1317"/>
		<rel id="sPointingRel323" xlink:href="scriptorium.GL29-30_par_XJ33-34.mark.xml#sSpan431" target="scriptorium.GL29-30_par_XJ33-34.mark.xml#sSpan426"/>
		<rel id="sPointingRel325" xlink:href="scriptorium.GL29-30_par_XJ33-34.mark.xml#sSpan1055" target="scriptorium.GL29-30_par_XJ33-34.mark.xml#sSpan1052"/>
		<rel id="sPointingRel327" xlink:href="scriptorium.GL29-30_par_XJ33-34.mark.xml#sSpan1055" target="scriptorium.GL29-30_par_XJ33-34.mark.xml#sSpan1066"/>
		<rel id="sPointingRel329" xlink:href="scriptorium.GL29-30_par_XJ33-34.mark.xml#sSpan1388" target="scriptorium.GL29-30_par_XJ33-34.mark.xml#sSpan1393"/>
		<rel id="sPointingRel331" xlink:href="scriptorium.GL29-30_par_XJ33-34.mark.xml#sSpan1326" target="scriptorium.GL29-30_par_XJ33-34.mark.xml#sSpan1320"/>
		<rel id="sPointingRel333" xlink:href="scriptorium.GL29-30_par_XJ33-34.mark.xml#sSpan705" target="scriptorium.GL29-30_par_XJ33-34.mark.xml#sSpan700"/>
		<rel id="sPointingRel335" xlink:href="scriptorium.GL29-30_par_XJ33-34.mark.xml#sSpan1292" target="scriptorium.GL29-30_par_XJ33-34.mark.xml#sSpan1287"/>
		<rel id="sPointingRel337" xlink:href="scriptorium.GL29-30_par_XJ33-34.mark.xml#sSpan831" target="scriptorium.GL29-30_par_XJ33-34.mark.xml#sSpan825"/>
		<rel id="sPointingRel339" xlink:href="scriptorium.GL29-30_par_XJ33-34.mark.xml#sSpan940" target="scriptorium.GL29-30_par_XJ33-34.mark.xml#sSpan945"/>
		<rel id="sPointingRel341" xlink:href="scriptorium.GL29-30_par_XJ33-34.mark.xml#sSpan266" target="scriptorium.GL29-30_par_XJ33-34.mark.xml#sSpan231"/>
		<rel id="sPointingRel343" xlink:href="scriptorium.GL29-30_par_XJ33-34.mark.xml#sSpan294" target="scriptorium.GL29-30_par_XJ33-34.mark.xml#sSpan299"/>
		<rel id="sPointingRel345" xlink:href="scriptorium.GL29-30_par_XJ33-34.mark.xml#sSpan669" target="scriptorium.GL29-30_par_XJ33-34.mark.xml#sSpan698"/>
		<rel id="sPointingRel347" xlink:href="scriptorium.GL29-30_par_XJ33-34.mark.xml#sSpan375" target="scriptorium.GL29-30_par_XJ33-34.mark.xml#sSpan370"/>
		<rel id="sPointingRel349" xlink:href="scriptorium.GL29-30_par_XJ33-34.mark.xml#sSpan520" target="scriptorium.GL29-30_par_XJ33-34.mark.xml#sSpan528"/>
		<rel id="sPointingRel351" xlink:href="scriptorium.GL29-30_par_XJ33-34.mark.xml#sSpan772" target="scriptorium.GL29-30_par_XJ33-34.mark.xml#sSpan778"/>
		<rel id="sPointingRel353" xlink:href="scriptorium.GL29-30_par_XJ33-34.mark.xml#sSpan266" target="scriptorium.GL29-30_par_XJ33-34.mark.xml#sSpan236"/>
		<rel id="sPointingRel355" xlink:href="scriptorium.GL29-30_par_XJ33-34.mark.xml#sSpan357" target="scriptorium.GL29-30_par_XJ33-34.mark.xml#sSpan359"/>
		<rel id="sPointingRel357" xlink:href="scriptorium.GL29-30_par_XJ33-34.mark.xml#sSpan724" target="scriptorium.GL29-30_par_XJ33-34.mark.xml#sSpan738"/>
		<rel id="sPointingRel359" xlink:href="scriptorium.GL29-30_par_XJ33-34.mark.xml#sSpan907" target="scriptorium.GL29-30_par_XJ33-34.mark.xml#sSpan893"/>
		<rel id="sPointingRel361" xlink:href="scriptorium.GL29-30_par_XJ33-34.mark.xml#sSpan1178" target="scriptorium.GL29-30_par_XJ33-34.mark.xml#sSpan1203"/>
		<rel id="sPointingRel363" xlink:href="scriptorium.GL29-30_par_XJ33-34.mark.xml#sSpan555" target="scriptorium.GL29-30_par_XJ33-34.mark.xml#sSpan553"/>
		<rel id="sPointingRel365" xlink:href="scriptorium.GL29-30_par_XJ33-34.mark.xml#sSpan291" target="scriptorium.GL29-30_par_XJ33-34.mark.xml#sSpan317"/>
		<rel id="sPointingRel367" xlink:href="scriptorium.GL29-30_par_XJ33-34.mark.xml#sSpan831" target="scriptorium.GL29-30_par_XJ33-34.mark.xml#sSpan819"/>
		<rel id="sPointingRel369" xlink:href="scriptorium.GL29-30_par_XJ33-34.mark.xml#sSpan842" target="scriptorium.GL29-30_par_XJ33-34.mark.xml#sSpan838"/>
		<rel id="sPointingRel371" xlink:href="scriptorium.GL29-30_par_XJ33-34.mark.xml#sSpan82" target="scriptorium.GL29-30_par_XJ33-34.mark.xml#sSpan92"/>
		<rel id="sPointingRel373" xlink:href="scriptorium.GL29-30_par_XJ33-34.mark.xml#sSpan1317" target="scriptorium.GL29-30_par_XJ33-34.mark.xml#sSpan1313"/>
		<rel id="sPointingRel375" xlink:href="scriptorium.GL29-30_par_XJ33-34.mark.xml#sSpan880" target="scriptorium.GL29-30_par_XJ33-34.mark.xml#sSpan875"/>
		<rel id="sPointingRel377" xlink:href="scriptorium.GL29-30_par_XJ33-34.mark.xml#sSpan520" target="scriptorium.GL29-30_par_XJ33-34.mark.xml#sSpan606"/>
		<rel id="sPointingRel379" xlink:href="scriptorium.GL29-30_par_XJ33-34.mark.xml#sSpan423" target="scriptorium.GL29-30_par_XJ33-34.mark.xml#sSpan433"/>
		<rel id="sPointingRel381" xlink:href="scriptorium.GL29-30_par_XJ33-34.mark.xml#sSpan1148" target="scriptorium.GL29-30_par_XJ33-34.mark.xml#sSpan1143"/>
		<rel id="sPointingRel383" xlink:href="scriptorium.GL29-30_par_XJ33-34.mark.xml#sSpan337" target="scriptorium.GL29-30_par_XJ33-34.mark.xml#sSpan332"/>
		<rel id="sPointingRel385" xlink:href="scriptorium.GL29-30_par_XJ33-34.mark.xml#sSpan23" target="scriptorium.GL29-30_par_XJ33-34.mark.xml#sSpan25"/>
		<rel id="sPointingRel387" xlink:href="scriptorium.GL29-30_par_XJ33-34.mark.xml#sSpan542" target="scriptorium.GL29-30_par_XJ33-34.mark.xml#sSpan531"/>
		<rel id="sPointingRel389" xlink:href="scriptorium.GL29-30_par_XJ33-34.mark.xml#sSpan375" target="scriptorium.GL29-30_par_XJ33-34.mark.xml#sSpan390"/>
		<rel id="sPointingRel391" xlink:href="scriptorium.GL29-30_par_XJ33-34.mark.xml#sSpan375" target="scriptorium.GL29-30_par_XJ33-34.mark.xml#sSpan366"/>
		<rel id="sPointingRel393" xlink:href="scriptorium.GL29-30_par_XJ33-34.mark.xml#sSpan1027" target="scriptorium.GL29-30_par_XJ33-34.mark.xml#sSpan1043"/>
		<rel id="sPointingRel395" xlink:href="scriptorium.GL29-30_par_XJ33-34.mark.xml#sSpan266" target="scriptorium.GL29-30_par_XJ33-34.mark.xml#sSpan256"/>
		<rel id="sPointingRel397" xlink:href="scriptorium.GL29-30_par_XJ33-34.mark.xml#sSpan1027" target="scriptorium.GL29-30_par_XJ33-34.mark.xml#sSpan1035"/>
		<rel id="sPointingRel399" xlink:href="scriptorium.GL29-30_par_XJ33-34.mark.xml#sSpan291" target="scriptorium.GL29-30_par_XJ33-34.mark.xml#sSpan305"/>
		<rel id="sPointingRel401" xlink:href="scriptorium.GL29-30_par_XJ33-34.mark.xml#sSpan690" target="scriptorium.GL29-30_par_XJ33-34.mark.xml#sSpan686"/>
		<rel id="sPointingRel403" xlink:href="scriptorium.GL29-30_par_XJ33-34.mark.xml#sSpan266" target="scriptorium.GL29-30_par_XJ33-34.mark.xml#sSpan271"/>
		<rel id="sPointingRel405" xlink:href="scriptorium.GL29-30_par_XJ33-34.mark.xml#sSpan305" target="scriptorium.GL29-30_par_XJ33-34.mark.xml#sSpan301"/>
		<rel id="sPointingRel407" xlink:href="scriptorium.GL29-30_par_XJ33-34.mark.xml#sSpan1189" target="scriptorium.GL29-30_par_XJ33-34.mark.xml#sSpan1185"/>
		<rel id="sPointingRel409" xlink:href="scriptorium.GL29-30_par_XJ33-34.mark.xml#sSpan625" target="scriptorium.GL29-30_par_XJ33-34.mark.xml#sSpan635"/>
		<rel id="sPointingRel411" xlink:href="scriptorium.GL29-30_par_XJ33-34.mark.xml#sSpan1298" target="scriptorium.GL29-30_par_XJ33-34.mark.xml#sSpan1281"/>
		<rel id="sPointingRel413" xlink:href="scriptorium.GL29-30_par_XJ33-34.mark.xml#sSpan1317" target="scriptorium.GL29-30_par_XJ33-34.mark.xml#sSpan1334"/>
		<rel id="sPointingRel415" xlink:href="scriptorium.GL29-30_par_XJ33-34.mark.xml#sSpan502" target="scriptorium.GL29-30_par_XJ33-34.mark.xml#sSpan499"/>
		<rel id="sPointingRel417" xlink:href="scriptorium.GL29-30_par_XJ33-34.mark.xml#sSpan399" target="scriptorium.GL29-30_par_XJ33-34.mark.xml#sSpan392"/>
		<rel id="sPointingRel419" xlink:href="scriptorium.GL29-30_par_XJ33-34.mark.xml#sSpan985" target="scriptorium.GL29-30_par_XJ33-34.mark.xml#sSpan1017"/>
		<rel id="sPointingRel421" xlink:href="scriptorium.GL29-30_par_XJ33-34.mark.xml#sSpan145" target="scriptorium.GL29-30_par_XJ33-34.mark.xml#sSpan140"/>
		<rel id="sPointingRel423" xlink:href="scriptorium.GL29-30_par_XJ33-34.mark.xml#sSpan1368" target="scriptorium.GL29-30_par_XJ33-34.mark.xml#sSpan1350"/>
		<rel id="sPointingRel425" xlink:href="scriptorium.GL29-30_par_XJ33-34.mark.xml#sSpan454" target="scriptorium.GL29-30_par_XJ33-34.mark.xml#sSpan467"/>
		<rel id="sPointingRel427" xlink:href="scriptorium.GL29-30_par_XJ33-34.mark.xml#sSpan1135" target="scriptorium.GL29-30_par_XJ33-34.mark.xml#sSpan1131"/>
		<rel id="sPointingRel429" xlink:href="scriptorium.GL29-30_par_XJ33-34.mark.xml#sSpan1091" target="scriptorium.GL29-30_par_XJ33-34.mark.xml#sSpan1086"/>
		<rel id="sPointingRel431" xlink:href="scriptorium.GL29-30_par_XJ33-34.mark.xml#sSpan565" target="scriptorium.GL29-30_par_XJ33-34.mark.xml#sSpan575"/>
		<rel id="sPointingRel433" xlink:href="scriptorium.GL29-30_par_XJ33-34.mark.xml#sSpan542" target="scriptorium.GL29-30_par_XJ33-34.mark.xml#sSpan536"/>
		<rel id="sPointingRel435" xlink:href="scriptorium.GL29-30_par_XJ33-34.mark.xml#sSpan423" target="scriptorium.GL29-30_par_XJ33-34.mark.xml#sSpan420"/>
		<rel id="sPointingRel437" xlink:href="scriptorium.GL29-30_par_XJ33-34.mark.xml#sSpan1317" target="scriptorium.GL29-30_par_XJ33-34.mark.xml#sSpan1330"/>
		<rel id="sPointingRel439" xlink:href="scriptorium.GL29-30_par_XJ33-34.mark.xml#sSpan815" target="scriptorium.GL29-30_par_XJ33-34.mark.xml#sSpan807"/>
		<rel id="sPointingRel441" xlink:href="scriptorium.GL29-30_par_XJ33-34.mark.xml#sSpan1298" target="scriptorium.GL29-30_par_XJ33-34.mark.xml#sSpan1277"/>
		<rel id="sPointingRel443" xlink:href="scriptorium.GL29-30_par_XJ33-34.mark.xml#sSpan1157" target="scriptorium.GL29-30_par_XJ33-34.mark.xml#sSpan1154"/>
		<rel id="sPointingRel445" xlink:href="scriptorium.GL29-30_par_XJ33-34.mark.xml#sSpan317" target="scriptorium.GL29-30_par_XJ33-34.mark.xml#sSpan324"/>
		<rel id="sPointingRel447" xlink:href="scriptorium.GL29-30_par_XJ33-34.mark.xml#sSpan502" target="scriptorium.GL29-30_par_XJ33-34.mark.xml#sSpan497"/>
		<rel id="sPointingRel449" xlink:href="scriptorium.GL29-30_par_XJ33-34.mark.xml#sSpan1215" target="scriptorium.GL29-30_par_XJ33-34.mark.xml#sSpan1232"/>
		<rel id="sPointingRel451" xlink:href="scriptorium.GL29-30_par_XJ33-34.mark.xml#sSpan738" target="scriptorium.GL29-30_par_XJ33-34.mark.xml#sSpan729"/>
		<rel id="sPointingRel453" xlink:href="scriptorium.GL29-30_par_XJ33-34.mark.xml#sSpan155" target="scriptorium.GL29-30_par_XJ33-34.mark.xml#sSpan151"/>
		<rel id="sPointingRel455" xlink:href="scriptorium.GL29-30_par_XJ33-34.mark.xml#sSpan465" target="scriptorium.GL29-30_par_XJ33-34.mark.xml#sSpan461"/>
		<rel id="sPointingRel457" xlink:href="scriptorium.GL29-30_par_XJ33-34.mark.xml#sSpan870" target="scriptorium.GL29-30_par_XJ33-34.mark.xml#sSpan880"/>
		<rel id="sPointingRel459" xlink:href="scriptorium.GL29-30_par_XJ33-34.mark.xml#sSpan484" target="scriptorium.GL29-30_par_XJ33-34.mark.xml#sSpan478"/>
		<rel id="sPointingRel461" xlink:href="scriptorium.GL29-30_par_XJ33-34.mark.xml#sSpan117" target="scriptorium.GL29-30_par_XJ33-34.mark.xml#sSpan113"/>
		<rel id="sPointingRel463" xlink:href="scriptorium.GL29-30_par_XJ33-34.mark.xml#sSpan927" target="scriptorium.GL29-30_par_XJ33-34.mark.xml#sSpan929"/>
		<rel id="sPointingRel465" xlink:href="scriptorium.GL29-30_par_XJ33-34.mark.xml#sSpan793" target="scriptorium.GL29-30_par_XJ33-34.mark.xml#sSpan785"/>
		<rel id="sPointingRel467" xlink:href="scriptorium.GL29-30_par_XJ33-34.mark.xml#sSpan955" target="scriptorium.GL29-30_par_XJ33-34.mark.xml#sSpan975"/>
		<rel id="sPointingRel469" xlink:href="scriptorium.GL29-30_par_XJ33-34.mark.xml#sSpan1224" target="scriptorium.GL29-30_par_XJ33-34.mark.xml#sSpan1217"/>
		<rel id="sPointingRel471" xlink:href="scriptorium.GL29-30_par_XJ33-34.mark.xml#sSpan955" target="scriptorium.GL29-30_par_XJ33-34.mark.xml#sSpan977"/>
		<rel id="sPointingRel473" xlink:href="scriptorium.GL29-30_par_XJ33-34.mark.xml#sSpan1298" target="scriptorium.GL29-30_par_XJ33-34.mark.xml#sSpan1292"/>
		<rel id="sPointingRel475" xlink:href="scriptorium.GL29-30_par_XJ33-34.mark.xml#sSpan724" target="scriptorium.GL29-30_par_XJ33-34.mark.xml#sSpan721"/>
		<rel id="sPointingRel477" xlink:href="scriptorium.GL29-30_par_XJ33-34.mark.xml#sSpan155" target="scriptorium.GL29-30_par_XJ33-34.mark.xml#sSpan147"/>
		<rel id="sPointingRel479" xlink:href="scriptorium.GL29-30_par_XJ33-34.mark.xml#sSpan1027" target="scriptorium.GL29-30_par_XJ33-34.mark.xml#sSpan1037"/>
		<rel id="sPointingRel481" xlink:href="scriptorium.GL29-30_par_XJ33-34.mark.xml#sSpan1135" target="scriptorium.GL29-30_par_XJ33-34.mark.xml#sSpan1141"/>
		<rel id="sPointingRel483" xlink:href="scriptorium.GL29-30_par_XJ33-34.mark.xml#sSpan71" target="scriptorium.GL29-30_par_XJ33-34.mark.xml#sSpan82"/>
		<rel id="sPointingRel485" xlink:href="scriptorium.GL29-30_par_XJ33-34.mark.xml#sSpan1174" target="scriptorium.GL29-30_par_XJ33-34.mark.xml#sSpan1169"/>
		<rel id="sPointingRel487" xlink:href="scriptorium.GL29-30_par_XJ33-34.mark.xml#sSpan547" target="scriptorium.GL29-30_par_XJ33-34.mark.xml#sSpan544"/>
		<rel id="sPointingRel489" xlink:href="scriptorium.GL29-30_par_XJ33-34.mark.xml#sSpan1135" target="scriptorium.GL29-30_par_XJ33-34.mark.xml#sSpan1167"/>
		<rel id="sPointingRel491" xlink:href="scriptorium.GL29-30_par_XJ33-34.mark.xml#sSpan740" target="scriptorium.GL29-30_par_XJ33-34.mark.xml#sSpan745"/>
		<rel id="sPointingRel493" xlink:href="scriptorium.GL29-30_par_XJ33-34.mark.xml#sSpan357" target="scriptorium.GL29-30_par_XJ33-34.mark.xml#sSpan353"/>
		<rel id="sPointingRel495" xlink:href="scriptorium.GL29-30_par_XJ33-34.mark.xml#sSpan610" target="scriptorium.GL29-30_par_XJ33-34.mark.xml#sSpan625"/>
		<rel id="sPointingRel497" xlink:href="scriptorium.GL29-30_par_XJ33-34.mark.xml#sSpan831" target="scriptorium.GL29-30_par_XJ33-34.mark.xml#sSpan842"/>
		<rel id="sPointingRel499" xlink:href="scriptorium.GL29-30_par_XJ33-34.mark.xml#sSpan43" target="scriptorium.GL29-30_par_XJ33-34.mark.xml#sSpan64"/>
		<rel id="sPointingRel501" xlink:href="scriptorium.GL29-30_par_XJ33-34.mark.xml#sSpan793" target="scriptorium.GL29-30_par_XJ33-34.mark.xml#sSpan788"/>
		<rel id="sPointingRel503" xlink:href="scriptorium.GL29-30_par_XJ33-34.mark.xml#sSpan155" target="scriptorium.GL29-30_par_XJ33-34.mark.xml#sSpan163"/>
		<rel id="sPointingRel505" xlink:href="scriptorium.GL29-30_par_XJ33-34.mark.xml#sSpan163" target="scriptorium.GL29-30_par_XJ33-34.mark.xml#sSpan159"/>
		<rel id="sPointingRel507" xlink:href="scriptorium.GL29-30_par_XJ33-34.mark.xml#sSpan724" target="scriptorium.GL29-30_par_XJ33-34.mark.xml#sSpan715"/>
		<rel id="sPointingRel509" xlink:href="scriptorium.GL29-30_par_XJ33-34.mark.xml#sSpan594" target="scriptorium.GL29-30_par_XJ33-34.mark.xml#sSpan579"/>
		<rel id="sPointingRel511" xlink:href="scriptorium.GL29-30_par_XJ33-34.mark.xml#sSpan1317" target="scriptorium.GL29-30_par_XJ33-34.mark.xml#sSpan1307"/>
		<rel id="sPointingRel513" xlink:href="scriptorium.GL29-30_par_XJ33-34.mark.xml#sSpan1215" target="scriptorium.GL29-30_par_XJ33-34.mark.xml#sSpan1227"/>
		<rel id="sPointingRel515" xlink:href="scriptorium.GL29-30_par_XJ33-34.mark.xml#sSpan793" target="scriptorium.GL29-30_par_XJ33-34.mark.xml#sSpan795"/>
		<rel id="sPointingRel517" xlink:href="scriptorium.GL29-30_par_XJ33-34.mark.xml#sSpan925" target="scriptorium.GL29-30_par_XJ33-34.mark.xml#sSpan922"/>
		<rel id="sPointingRel519" xlink:href="scriptorium.GL29-30_par_XJ33-34.mark.xml#sSpan129" target="scriptorium.GL29-30_par_XJ33-34.mark.xml#sSpan175"/>
		<rel id="sPointingRel521" xlink:href="scriptorium.GL29-30_par_XJ33-34.mark.xml#sSpan117" target="scriptorium.GL29-30_par_XJ33-34.mark.xml#sSpan123"/>
		<rel id="sPointingRel523" xlink:href="scriptorium.GL29-30_par_XJ33-34.mark.xml#sSpan868" target="scriptorium.GL29-30_par_XJ33-34.mark.xml#sSpan859"/>
		<rel id="sPointingRel525" xlink:href="scriptorium.GL29-30_par_XJ33-34.mark.xml#sSpan1215" target="scriptorium.GL29-30_par_XJ33-34.mark.xml#sSpan1243"/>
		<rel id="sPointingRel527" xlink:href="scriptorium.GL29-30_par_XJ33-34.mark.xml#sSpan454" target="scriptorium.GL29-30_par_XJ33-34.mark.xml#sSpan465"/>
		<rel id="sPointingRel529" xlink:href="scriptorium.GL29-30_par_XJ33-34.mark.xml#sSpan985" target="scriptorium.GL29-30_par_XJ33-34.mark.xml#sSpan997"/>
		<rel id="sPointingRel531" xlink:href="scriptorium.GL29-30_par_XJ33-34.mark.xml#sSpan594" target="scriptorium.GL29-30_par_XJ33-34.mark.xml#sSpan587"/>
		<rel id="sPointingRel533" xlink:href="scriptorium.GL29-30_par_XJ33-34.mark.xml#sSpan43" target="scriptorium.GL29-30_par_XJ33-34.mark.xml#sSpan57"/>
		<rel id="sPointingRel535" xlink:href="scriptorium.GL29-30_par_XJ33-34.mark.xml#sSpan575" target="scriptorium.GL29-30_par_XJ33-34.mark.xml#sSpan568"/>
		<rel id="sPointingRel537" xlink:href="scriptorium.GL29-30_par_XJ33-34.mark.xml#sSpan520" target="scriptorium.GL29-30_par_XJ33-34.mark.xml#sSpan516"/>
		<rel id="sPointingRel539" xlink:href="scriptorium.GL29-30_par_XJ33-34.mark.xml#sSpan690" target="scriptorium.GL29-30_par_XJ33-34.mark.xml#sSpan682"/>
		<rel id="sPointingRel541" xlink:href="scriptorium.GL29-30_par_XJ33-34.mark.xml#sSpan520" target="scriptorium.GL29-30_par_XJ33-34.mark.xml#sSpan542"/>
		<rel id="sPointingRel543" xlink:href="scriptorium.GL29-30_par_XJ33-34.mark.xml#sSpan423" target="scriptorium.GL29-30_par_XJ33-34.mark.xml#sSpan416"/>
		<rel id="sPointingRel545" xlink:href="scriptorium.GL29-30_par_XJ33-34.mark.xml#sSpan1243" target="scriptorium.GL29-30_par_XJ33-34.mark.xml#sSpan1238"/>
		<rel id="sPointingRel547" xlink:href="scriptorium.GL29-30_par_XJ33-34.mark.xml#sSpan82" target="scriptorium.GL29-30_par_XJ33-34.mark.xml#sSpan79"/>
		<rel id="sPointingRel549" xlink:href="scriptorium.GL29-30_par_XJ33-34.mark.xml#sSpan1066" target="scriptorium.GL29-30_par_XJ33-34.mark.xml#sSpan1062"/>
		<rel id="sPointingRel551" xlink:href="scriptorium.GL29-30_par_XJ33-34.mark.xml#sSpan1388" target="scriptorium.GL29-30_par_XJ33-34.mark.xml#sSpan1398"/>
		<rel id="sPointingRel553" xlink:href="scriptorium.GL29-30_par_XJ33-34.mark.xml#sSpan1115" target="scriptorium.GL29-30_par_XJ33-34.mark.xml#sSpan1099"/>
		<rel id="sPointingRel555" xlink:href="scriptorium.GL29-30_par_XJ33-34.mark.xml#sSpan907" target="scriptorium.GL29-30_par_XJ33-34.mark.xml#sSpan925"/>
		<rel id="sPointingRel557" xlink:href="scriptorium.GL29-30_par_XJ33-34.mark.xml#sSpan975" target="scriptorium.GL29-30_par_XJ33-34.mark.xml#sSpan971"/>
		<rel id="sPointingRel559" xlink:href="scriptorium.GL29-30_par_XJ33-34.mark.xml#sSpan104" target="scriptorium.GL29-30_par_XJ33-34.mark.xml#sSpan98"/>
		<rel id="sPointingRel561" xlink:href="scriptorium.GL29-30_par_XJ33-34.mark.xml#sSpan1317" target="scriptorium.GL29-30_par_XJ33-34.mark.xml#sSpan1303"/>
		<rel id="sPointingRel563" xlink:href="scriptorium.GL29-30_par_XJ33-34.mark.xml#sSpan669" target="scriptorium.GL29-30_par_XJ33-34.mark.xml#sSpan656"/>
		<rel id="sPointingRel565" xlink:href="scriptorium.GL29-30_par_XJ33-34.mark.xml#sSpan1215" target="scriptorium.GL29-30_par_XJ33-34.mark.xml#sSpan1210"/>
		<rel id="sPointingRel567" xlink:href="scriptorium.GL29-30_par_XJ33-34.mark.xml#sSpan266" target="scriptorium.GL29-30_par_XJ33-34.mark.xml#sSpan246"/>
		<rel id="sPointingRel569" xlink:href="scriptorium.GL29-30_par_XJ33-34.mark.xml#sSpan975" target="scriptorium.GL29-30_par_XJ33-34.mark.xml#sSpan959"/>
		<rel id="sPointingRel571" xlink:href="scriptorium.GL29-30_par_XJ33-34.mark.xml#sSpan1115" target="scriptorium.GL29-30_par_XJ33-34.mark.xml#sSpan1103"/>
		<rel id="sPointingRel573" xlink:href="scriptorium.GL29-30_par_XJ33-34.mark.xml#sSpan1115" target="scriptorium.GL29-30_par_XJ33-34.mark.xml#sSpan1106"/>
		<rel id="sPointingRel575" xlink:href="scriptorium.GL29-30_par_XJ33-34.mark.xml#sSpan175" target="scriptorium.GL29-30_par_XJ33-34.mark.xml#sSpan173"/>
		<rel id="sPointingRel577" xlink:href="scriptorium.GL29-30_par_XJ33-34.mark.xml#sSpan765" target="scriptorium.GL29-30_par_XJ33-34.mark.xml#sSpan757"/>
		<rel id="sPointingRel579" xlink:href="scriptorium.GL29-30_par_XJ33-34.mark.xml#sSpan266" target="scriptorium.GL29-30_par_XJ33-34.mark.xml#sSpan261"/>
		<rel id="sPointingRel581" xlink:href="scriptorium.GL29-30_par_XJ33-34.mark.xml#sSpan1080" target="scriptorium.GL29-30_par_XJ33-34.mark.xml#sSpan1072"/>
		<rel id="sPointingRel583" xlink:href="scriptorium.GL29-30_par_XJ33-34.mark.xml#sSpan1037" target="scriptorium.GL29-30_par_XJ33-34.mark.xml#sSpan1041"/>
		<rel id="sPointingRel585" xlink:href="scriptorium.GL29-30_par_XJ33-34.mark.xml#sSpan82" target="scriptorium.GL29-30_par_XJ33-34.mark.xml#sSpan75"/>
		<rel id="sPointingRel587" xlink:href="scriptorium.GL29-30_par_XJ33-34.mark.xml#sSpan669" target="scriptorium.GL29-30_par_XJ33-34.mark.xml#sSpan676"/>
		<rel id="sPointingRel589" xlink:href="scriptorium.GL29-30_par_XJ33-34.mark.xml#sSpan669" target="scriptorium.GL29-30_par_XJ33-34.mark.xml#sSpan690"/>
		<rel id="sPointingRel591" xlink:href="scriptorium.GL29-30_par_XJ33-34.mark.xml#sSpan1203" target="scriptorium.GL29-30_par_XJ33-34.mark.xml#sSpan1195"/>
		<rel id="sPointingRel593" xlink:href="scriptorium.GL29-30_par_XJ33-34.mark.xml#sSpan1157" target="scriptorium.GL29-30_par_XJ33-34.mark.xml#sSpan1150"/></relList></paula>