<?xml version='1.0' encoding='UTF-8'?><!DOCTYPE paula SYSTEM "paula_feat.dtd">
<paula version="1.1">
	<header paula_id="scriptorium.GL29-30_par_XJ33-34.mark_entity"/>
	<featList xmlns:xlink="http://www.w3.org/1999/xlink" type="entity" xml:base="scriptorium.GL29-30_par_XJ33-34.mark.xml">
		<feat xlink:href="#sSpan6" value="person"/>
		<feat xlink:href="#sSpan19" value="person"/>
		<feat xlink:href="#sSpan38" value="person"/>
		<feat xlink:href="#sSpan53" value="person"/>
		<feat xlink:href="#sSpan68" value="person"/>
		<feat xlink:href="#sSpan81" value="abstract"/>
		<feat xlink:href="#sSpan102" value="abstract"/>
		<feat xlink:href="#sSpan115" value="place"/>
		<feat xlink:href="#sSpan144" value="abstract"/>
		<feat xlink:href="#sSpan157" value="object"/>
		<feat xlink:href="#sSpan186" value="object"/>
		<feat xlink:href="#sSpan285" value="abstract"/>
		<feat xlink:href="#sSpan290" value="person"/>
		<feat xlink:href="#sSpan349" value="abstract"/>
		<feat xlink:href="#sSpan388" value="place"/>
		<feat xlink:href="#sSpan411" value="person"/>
		<feat xlink:href="#sSpan518" value="abstract"/>
		<feat xlink:href="#sSpan546" value="abstract"/>
		<feat xlink:href="#sSpan581" value="person"/>
		<feat xlink:href="#sSpan667" value="person"/>
		<feat xlink:href="#sSpan688" value="person"/>
		<feat xlink:href="#sSpan719" value="person"/>
		<feat xlink:href="#sSpan736" value="place"/>
		<feat xlink:href="#sSpan763" value="abstract"/>
		<feat xlink:href="#sSpan782" value="person"/>
		<feat xlink:href="#sSpan803" value="abstract"/>
		<feat xlink:href="#sSpan813" value="abstract"/>
		<feat xlink:href="#sSpan854" value="person"/>
		<feat xlink:href="#sSpan970" value="object"/>
		<feat xlink:href="#sSpan1054" value="abstract"/>
		<feat xlink:href="#sSpan1064" value="person"/>
		<feat xlink:href="#sSpan1082" value="object"/>
		<feat xlink:href="#sSpan1110" value="substance"/>
		<feat xlink:href="#sSpan1156" value="abstract"/>
		<feat xlink:href="#sSpan1166" value="event"/>
		<feat xlink:href="#sSpan1173" value="person"/>
		<feat xlink:href="#sSpan1201" value="abstract"/>
		<feat xlink:href="#sSpan1219" value="abstract"/>
		<feat xlink:href="#sSpan1251" value="abstract"/>
		<feat xlink:href="#sSpan1291" value="substance"/>
		<feat xlink:href="#sSpan1322" value="person"/>
		<feat xlink:href="#sSpan1347" value="substance"/></featList></paula>