<?xml version='1.0' encoding='UTF-8'?><!DOCTYPE paula SYSTEM "paula_feat.dtd">
<paula version="1.1">
	<header paula_id="scriptorium.GL29-30_par_XJ33-34.mark_translation"/>
	<featList xmlns:xlink="http://www.w3.org/1999/xlink" type="translation" xml:base="scriptorium.GL29-30_par_XJ33-34.mark.xml">
		<feat xlink:href="#sSpan9" value="Christ."/>
		<feat xlink:href="#sSpan20" value="Also traitors."/>
		<feat xlink:href="#sSpan41" value="They are thieves and apostates, those who do these deeds."/>
		<feat xlink:href="#sSpan103" value="The abominations in the holy places."/>
		<feat xlink:href="#sSpan134" value="What is the matter with a multitude of lamps that are left upon the lamp stands?"/>
		<feat xlink:href="#sSpan197" value="They do not burn because they are not good."/>
		<feat xlink:href="#sSpan230" value="…"/>
		<feat xlink:href="#sSpan287" value="Also the one of the holy men and the faith which dwells in it, making them see their good deeds, and which makes light in the holy places."/>
		<feat xlink:href="#sSpan412" value="It is not a man who is useful for him."/>
		<feat xlink:href="#sSpan445" value="And he will not benefit himself."/>
		<feat xlink:href="#sSpan483" value="How will he be useful?"/>
		<feat xlink:href="#sSpan515" value="To a necessary act, or while a name that is honored will profit from him, Judas was not useful to him alone--..."/>
		<feat xlink:href="#sSpan619" value="…"/>
		<feat xlink:href="#sSpan662" value="... that apostate to the Lord, saying: 'if man gains the whole world, he loses his soul'"/>
		<feat xlink:href="#sSpan776" value="What will he give him in exchange for this soul?"/>
		<feat xlink:href="#sSpan824" value="But still he listened to him saying 'one of you will betray me'."/>
		<feat xlink:href="#sSpan897" value="And he was not ashamed, nor did he pity him, he led himself astray alone for thirty silver-- ..."/>
		<feat xlink:href="#sSpan991" value="…"/>
		<feat xlink:href="#sSpan1033" value="... gave him alone down to a snare of the devil."/>
		<feat xlink:href="#sSpan1077" value="For money, oh would that gold did not exist!"/>
		<feat xlink:href="#sSpan1125" value="Still again we receive it in plenty in making God give it to us for some purpose."/>
		<feat xlink:href="#sSpan1214" value="But to bear the judgment for it."/>
		<feat xlink:href="#sSpan1254" value="It is lawlessness."/>
		<feat xlink:href="#sSpan1274" value="Would that gold did not exist and they would not hand over the righteous one for silver and -- ..."/>
		<feat xlink:href="#sSpan1382" value="…"/></featList></paula>