<?xml version='1.0' encoding='UTF-8'?><!DOCTYPE paula SYSTEM "paula_feat.dtd">
<paula version="1.1">
	<header paula_id="scriptorium.GL29-30_par_XJ33-34.mark_lang"/>
	<featList xmlns:xlink="http://www.w3.org/1999/xlink" type="lang" xml:base="scriptorium.GL29-30_par_XJ33-34.mark.xml">
		<feat xlink:href="#sSpan3" value="Greek"/>
		<feat xlink:href="#sSpan22" value="Greek"/>
		<feat xlink:href="#sSpan56" value="Greek"/>
		<feat xlink:href="#sSpan116" value="Greek"/>
		<feat xlink:href="#sSpan187" value="Greek"/>
		<feat xlink:href="#sSpan316" value="Greek"/>
		<feat xlink:href="#sSpan389" value="Greek"/>
		<feat xlink:href="#sSpan519" value="Greek"/>
		<feat xlink:href="#sSpan527" value="Greek"/>
		<feat xlink:href="#sSpan530" value="Greek"/>
		<feat xlink:href="#sSpan578" value="Hebrew"/>
		<feat xlink:href="#sSpan668" value="Greek"/>
		<feat xlink:href="#sSpan737" value="Greek"/>
		<feat xlink:href="#sSpan764" value="Greek"/>
		<feat xlink:href="#sSpan814" value="Greek"/>
		<feat xlink:href="#sSpan818" value="Greek"/>
		<feat xlink:href="#sSpan879" value="Greek"/>
		<feat xlink:href="#sSpan909" value="Greek"/>
		<feat xlink:href="#sSpan1065" value="Greek"/>
		<feat xlink:href="#sSpan1079" value="Greek"/>
		<feat xlink:href="#sSpan1120" value="Greek"/>
		<feat xlink:href="#sSpan1202" value="Greek"/>
		<feat xlink:href="#sSpan1226" value="Greek"/>
		<feat xlink:href="#sSpan1257" value="Greek"/>
		<feat xlink:href="#sSpan1325" value="Greek"/></featList></paula>