<?xml version='1.0' encoding='UTF-8'?><!DOCTYPE paula SYSTEM "paula_feat.dtd">
<paula version="1.1">
	<header paula_id="scriptorium.GL29-30_par_XJ33-34.dep_func"/>
	<featList xmlns:xlink="http://www.w3.org/1999/xlink" type="func" xml:base="scriptorium.GL29-30_par_XJ33-34.dep.xml">
		<feat xlink:href="#sPointingRel1" value="case"/>
		<feat xlink:href="#sPointingRel3" value="obj"/>
		<feat xlink:href="#sPointingRel5" value="nsubj"/>
		<feat xlink:href="#sPointingRel7" value="advmod"/>
		<feat xlink:href="#sPointingRel9" value="det"/>
		<feat xlink:href="#sPointingRel11" value="conj"/>
		<feat xlink:href="#sPointingRel13" value="aux"/>
		<feat xlink:href="#sPointingRel15" value="nmod"/>
		<feat xlink:href="#sPointingRel17" value="nmod"/>
		<feat xlink:href="#sPointingRel19" value="case"/>
		<feat xlink:href="#sPointingRel21" value="advmod"/>
		<feat xlink:href="#sPointingRel23" value="cop"/>
		<feat xlink:href="#sPointingRel25" value="case"/>
		<feat xlink:href="#sPointingRel27" value="obj"/>
		<feat xlink:href="#sPointingRel29" value="det"/>
		<feat xlink:href="#sPointingRel31" value="obl"/>
		<feat xlink:href="#sPointingRel33" value="obj"/>
		<feat xlink:href="#sPointingRel35" value="advmod"/>
		<feat xlink:href="#sPointingRel37" value="mark"/>
		<feat xlink:href="#sPointingRel39" value="dep"/>
		<feat xlink:href="#sPointingRel41" value="parataxis"/>
		<feat xlink:href="#sPointingRel43" value="obj"/>
		<feat xlink:href="#sPointingRel45" value="xcomp"/>
		<feat xlink:href="#sPointingRel47" value="case"/>
		<feat xlink:href="#sPointingRel49" value="advmod"/>
		<feat xlink:href="#sPointingRel51" value="mark"/>
		<feat xlink:href="#sPointingRel53" value="obl"/>
		<feat xlink:href="#sPointingRel55" value="aux"/>
		<feat xlink:href="#sPointingRel57" value="det"/>
		<feat xlink:href="#sPointingRel59" value="det"/>
		<feat xlink:href="#sPointingRel61" value="det"/>
		<feat xlink:href="#sPointingRel63" value="aux"/>
		<feat xlink:href="#sPointingRel65" value="det"/>
		<feat xlink:href="#sPointingRel67" value="csubj"/>
		<feat xlink:href="#sPointingRel69" value="fixed"/>
		<feat xlink:href="#sPointingRel71" value="advmod"/>
		<feat xlink:href="#sPointingRel73" value="nmod"/>
		<feat xlink:href="#sPointingRel75" value="csubj"/>
		<feat xlink:href="#sPointingRel77" value="obl"/>
		<feat xlink:href="#sPointingRel79" value="advmod"/>
		<feat xlink:href="#sPointingRel81" value="obl"/>
		<feat xlink:href="#sPointingRel83" value="obj"/>
		<feat xlink:href="#sPointingRel85" value="obl"/>
		<feat xlink:href="#sPointingRel87" value="cc"/>
		<feat xlink:href="#sPointingRel89" value="advmod"/>
		<feat xlink:href="#sPointingRel91" value="det"/>
		<feat xlink:href="#sPointingRel93" value="advcl"/>
		<feat xlink:href="#sPointingRel95" value="conj"/>
		<feat xlink:href="#sPointingRel97" value="cc"/>
		<feat xlink:href="#sPointingRel99" value="obl"/>
		<feat xlink:href="#sPointingRel101" value="case"/>
		<feat xlink:href="#sPointingRel103" value="acl:relcl"/>
		<feat xlink:href="#sPointingRel105" value="nsubj"/>
		<feat xlink:href="#sPointingRel107" value="advmod"/>
		<feat xlink:href="#sPointingRel109" value="conj"/>
		<feat xlink:href="#sPointingRel111" value="det"/>
		<feat xlink:href="#sPointingRel113" value="nsubj"/>
		<feat xlink:href="#sPointingRel115" value="det"/>
		<feat xlink:href="#sPointingRel117" value="dep"/>
		<feat xlink:href="#sPointingRel119" value="det"/>
		<feat xlink:href="#sPointingRel121" value="acl:relcl"/>
		<feat xlink:href="#sPointingRel123" value="case"/>
		<feat xlink:href="#sPointingRel125" value="obj"/>
		<feat xlink:href="#sPointingRel127" value="aux"/>
		<feat xlink:href="#sPointingRel129" value="obl"/>
		<feat xlink:href="#sPointingRel131" value="case"/>
		<feat xlink:href="#sPointingRel133" value="cop"/>
		<feat xlink:href="#sPointingRel135" value="acl:relcl"/>
		<feat xlink:href="#sPointingRel137" value="conj"/>
		<feat xlink:href="#sPointingRel139" value="det"/>
		<feat xlink:href="#sPointingRel141" value="advcl"/>
		<feat xlink:href="#sPointingRel143" value="det"/>
		<feat xlink:href="#sPointingRel145" value="nsubj"/>
		<feat xlink:href="#sPointingRel147" value="det"/>
		<feat xlink:href="#sPointingRel149" value="obj"/>
		<feat xlink:href="#sPointingRel151" value="aux"/>
		<feat xlink:href="#sPointingRel153" value="parataxis"/>
		<feat xlink:href="#sPointingRel155" value="obl"/>
		<feat xlink:href="#sPointingRel157" value="obj"/>
		<feat xlink:href="#sPointingRel159" value="aux"/>
		<feat xlink:href="#sPointingRel161" value="nsubj"/>
		<feat xlink:href="#sPointingRel163" value="discourse"/>
		<feat xlink:href="#sPointingRel165" value="obl"/>
		<feat xlink:href="#sPointingRel167" value="mark"/>
		<feat xlink:href="#sPointingRel169" value="det"/>
		<feat xlink:href="#sPointingRel171" value="acl:relcl"/>
		<feat xlink:href="#sPointingRel173" value="dep"/>
		<feat xlink:href="#sPointingRel175" value="det"/>
		<feat xlink:href="#sPointingRel177" value="advmod"/>
		<feat xlink:href="#sPointingRel179" value="nmod"/>
		<feat xlink:href="#sPointingRel181" value="mark"/>
		<feat xlink:href="#sPointingRel183" value="dep"/>
		<feat xlink:href="#sPointingRel185" value="obl"/>
		<feat xlink:href="#sPointingRel187" value="case"/>
		<feat xlink:href="#sPointingRel189" value="case"/>
		<feat xlink:href="#sPointingRel191" value="aux"/>
		<feat xlink:href="#sPointingRel193" value="dislocated"/>
		<feat xlink:href="#sPointingRel195" value="aux"/>
		<feat xlink:href="#sPointingRel197" value="nsubj"/>
		<feat xlink:href="#sPointingRel199" value="nmod"/>
		<feat xlink:href="#sPointingRel201" value="case"/>
		<feat xlink:href="#sPointingRel203" value="advmod"/>
		<feat xlink:href="#sPointingRel205" value="mark"/>
		<feat xlink:href="#sPointingRel207" value="advcl"/>
		<feat xlink:href="#sPointingRel209" value="obl"/>
		<feat xlink:href="#sPointingRel211" value="det"/>
		<feat xlink:href="#sPointingRel213" value="nsubj"/>
		<feat xlink:href="#sPointingRel215" value="ccomp"/>
		<feat xlink:href="#sPointingRel217" value="nsubj"/>
		<feat xlink:href="#sPointingRel219" value="dep"/>
		<feat xlink:href="#sPointingRel221" value="advmod"/>
		<feat xlink:href="#sPointingRel223" value="obl"/>
		<feat xlink:href="#sPointingRel225" value="mark"/>
		<feat xlink:href="#sPointingRel227" value="advmod"/>
		<feat xlink:href="#sPointingRel229" value="case"/>
		<feat xlink:href="#sPointingRel231" value="acl:relcl"/>
		<feat xlink:href="#sPointingRel233" value="advmod"/>
		<feat xlink:href="#sPointingRel235" value="obj"/>
		<feat xlink:href="#sPointingRel237" value="det"/>
		<feat xlink:href="#sPointingRel239" value="aux"/>
		<feat xlink:href="#sPointingRel241" value="dep"/>
		<feat xlink:href="#sPointingRel243" value="det"/>
		<feat xlink:href="#sPointingRel245" value="advmod"/>
		<feat xlink:href="#sPointingRel247" value="advcl"/>
		<feat xlink:href="#sPointingRel249" value="mark"/>
		<feat xlink:href="#sPointingRel251" value="det"/>
		<feat xlink:href="#sPointingRel253" value="ccomp"/>
		<feat xlink:href="#sPointingRel255" value="nsubj"/>
		<feat xlink:href="#sPointingRel257" value="nummod"/>
		<feat xlink:href="#sPointingRel259" value="det"/>
		<feat xlink:href="#sPointingRel261" value="acl"/>
		<feat xlink:href="#sPointingRel263" value="nsubj"/>
		<feat xlink:href="#sPointingRel265" value="mark"/>
		<feat xlink:href="#sPointingRel267" value="cc"/>
		<feat xlink:href="#sPointingRel269" value="case"/>
		<feat xlink:href="#sPointingRel271" value="det"/>
		<feat xlink:href="#sPointingRel273" value="case"/>
		<feat xlink:href="#sPointingRel275" value="det"/>
		<feat xlink:href="#sPointingRel277" value="conj"/>
		<feat xlink:href="#sPointingRel279" value="case"/>
		<feat xlink:href="#sPointingRel281" value="cop"/>
		<feat xlink:href="#sPointingRel283" value="case"/>
		<feat xlink:href="#sPointingRel285" value="xcomp"/>
		<feat xlink:href="#sPointingRel287" value="nsubj"/>
		<feat xlink:href="#sPointingRel289" value="mark"/>
		<feat xlink:href="#sPointingRel291" value="conj"/>
		<feat xlink:href="#sPointingRel293" value="mark"/>
		<feat xlink:href="#sPointingRel295" value="obl"/>
		<feat xlink:href="#sPointingRel297" value="advmod"/>
		<feat xlink:href="#sPointingRel299" value="obl"/>
		<feat xlink:href="#sPointingRel301" value="case"/>
		<feat xlink:href="#sPointingRel303" value="dep"/>
		<feat xlink:href="#sPointingRel305" value="mark"/>
		<feat xlink:href="#sPointingRel307" value="nsubj"/>
		<feat xlink:href="#sPointingRel309" value="advmod"/>
		<feat xlink:href="#sPointingRel311" value="case"/>
		<feat xlink:href="#sPointingRel313" value="obl"/>
		<feat xlink:href="#sPointingRel315" value="mark"/>
		<feat xlink:href="#sPointingRel317" value="nsubj"/>
		<feat xlink:href="#sPointingRel319" value="cc"/>
		<feat xlink:href="#sPointingRel321" value="conj"/>
		<feat xlink:href="#sPointingRel323" value="case"/>
		<feat xlink:href="#sPointingRel325" value="det"/>
		<feat xlink:href="#sPointingRel327" value="nmod"/>
		<feat xlink:href="#sPointingRel329" value="dep"/>
		<feat xlink:href="#sPointingRel331" value="det"/>
		<feat xlink:href="#sPointingRel333" value="case"/>
		<feat xlink:href="#sPointingRel335" value="det"/>
		<feat xlink:href="#sPointingRel337" value="aux"/>
		<feat xlink:href="#sPointingRel339" value="det"/>
		<feat xlink:href="#sPointingRel341" value="advmod"/>
		<feat xlink:href="#sPointingRel343" value="det"/>
		<feat xlink:href="#sPointingRel345" value="acl:relcl"/>
		<feat xlink:href="#sPointingRel347" value="mark"/>
		<feat xlink:href="#sPointingRel349" value="nmod"/>
		<feat xlink:href="#sPointingRel351" value="cop"/>
		<feat xlink:href="#sPointingRel353" value="advmod"/>
		<feat xlink:href="#sPointingRel355" value="nsubj"/>
		<feat xlink:href="#sPointingRel357" value="obj"/>
		<feat xlink:href="#sPointingRel359" value="cc"/>
		<feat xlink:href="#sPointingRel361" value="obl"/>
		<feat xlink:href="#sPointingRel363" value="nsubj"/>
		<feat xlink:href="#sPointingRel365" value="conj"/>
		<feat xlink:href="#sPointingRel367" value="cc"/>
		<feat xlink:href="#sPointingRel369" value="case"/>
		<feat xlink:href="#sPointingRel371" value="acl:relcl"/>
		<feat xlink:href="#sPointingRel373" value="nsubj"/>
		<feat xlink:href="#sPointingRel375" value="mark"/>
		<feat xlink:href="#sPointingRel377" value="advmod"/>
		<feat xlink:href="#sPointingRel379" value="advmod"/>
		<feat xlink:href="#sPointingRel381" value="case"/>
		<feat xlink:href="#sPointingRel383" value="det"/>
		<feat xlink:href="#sPointingRel385" value="advmod"/>
		<feat xlink:href="#sPointingRel387" value="cc"/>
		<feat xlink:href="#sPointingRel389" value="obl"/>
		<feat xlink:href="#sPointingRel391" value="cc"/>
		<feat xlink:href="#sPointingRel393" value="advmod"/>
		<feat xlink:href="#sPointingRel395" value="nsubj"/>
		<feat xlink:href="#sPointingRel397" value="obj"/>
		<feat xlink:href="#sPointingRel399" value="acl:relcl"/>
		<feat xlink:href="#sPointingRel401" value="det"/>
		<feat xlink:href="#sPointingRel403" value="cop"/>
		<feat xlink:href="#sPointingRel405" value="mark"/>
		<feat xlink:href="#sPointingRel407" value="case"/>
		<feat xlink:href="#sPointingRel409" value="conj"/>
		<feat xlink:href="#sPointingRel411" value="aux"/>
		<feat xlink:href="#sPointingRel413" value="advmod"/>
		<feat xlink:href="#sPointingRel415" value="aux"/>
		<feat xlink:href="#sPointingRel417" value="mark"/>
		<feat xlink:href="#sPointingRel419" value="conj"/>
		<feat xlink:href="#sPointingRel421" value="det"/>
		<feat xlink:href="#sPointingRel423" value="cc"/>
		<feat xlink:href="#sPointingRel425" value="advmod"/>
		<feat xlink:href="#sPointingRel427" value="nsubj"/>
		<feat xlink:href="#sPointingRel429" value="advmod"/>
		<feat xlink:href="#sPointingRel431" value="obj"/>
		<feat xlink:href="#sPointingRel433" value="mark"/>
		<feat xlink:href="#sPointingRel435" value="nsubj"/>
		<feat xlink:href="#sPointingRel437" value="advmod"/>
		<feat xlink:href="#sPointingRel439" value="case"/>
		<feat xlink:href="#sPointingRel441" value="mark"/>
		<feat xlink:href="#sPointingRel443" value="det"/>
		<feat xlink:href="#sPointingRel445" value="acl:relcl"/>
		<feat xlink:href="#sPointingRel447" value="nsubj"/>
		<feat xlink:href="#sPointingRel449" value="advmod"/>
		<feat xlink:href="#sPointingRel451" value="case"/>
		<feat xlink:href="#sPointingRel453" value="det"/>
		<feat xlink:href="#sPointingRel455" value="case"/>
		<feat xlink:href="#sPointingRel457" value="acl:relcl"/>
		<feat xlink:href="#sPointingRel459" value="case"/>
		<feat xlink:href="#sPointingRel461" value="det"/>
		<feat xlink:href="#sPointingRel463" value="det"/>
		<feat xlink:href="#sPointingRel465" value="mark"/>
		<feat xlink:href="#sPointingRel467" value="obl"/>
		<feat xlink:href="#sPointingRel469" value="det"/>
		<feat xlink:href="#sPointingRel471" value="aux"/>
		<feat xlink:href="#sPointingRel473" value="nsubj"/>
		<feat xlink:href="#sPointingRel475" value="nsubj"/>
		<feat xlink:href="#sPointingRel477" value="case"/>
		<feat xlink:href="#sPointingRel479" value="advmod"/>
		<feat xlink:href="#sPointingRel481" value="obj"/>
		<feat xlink:href="#sPointingRel483" value="obj"/>
		<feat xlink:href="#sPointingRel485" value="det"/>
		<feat xlink:href="#sPointingRel487" value="det"/>
		<feat xlink:href="#sPointingRel489" value="obl"/>
		<feat xlink:href="#sPointingRel491" value="det"/>
		<feat xlink:href="#sPointingRel493" value="mark"/>
		<feat xlink:href="#sPointingRel495" value="dep"/>
		<feat xlink:href="#sPointingRel497" value="obl"/>
		<feat xlink:href="#sPointingRel499" value="nsubj"/>
		<feat xlink:href="#sPointingRel501" value="nsubj"/>
		<feat xlink:href="#sPointingRel503" value="nmod"/>
		<feat xlink:href="#sPointingRel505" value="case"/>
		<feat xlink:href="#sPointingRel507" value="aux"/>
		<feat xlink:href="#sPointingRel509" value="advmod"/>
		<feat xlink:href="#sPointingRel511" value="aux"/>
		<feat xlink:href="#sPointingRel513" value="advmod"/>
		<feat xlink:href="#sPointingRel515" value="obj"/>
		<feat xlink:href="#sPointingRel517" value="nsubj"/>
		<feat xlink:href="#sPointingRel519" value="advcl"/>
		<feat xlink:href="#sPointingRel521" value="acl:relcl"/>
		<feat xlink:href="#sPointingRel523" value="case"/>
		<feat xlink:href="#sPointingRel525" value="obl"/>
		<feat xlink:href="#sPointingRel527" value="obl"/>
		<feat xlink:href="#sPointingRel529" value="dep"/>
		<feat xlink:href="#sPointingRel531" value="aux"/>
		<feat xlink:href="#sPointingRel533" value="conj"/>
		<feat xlink:href="#sPointingRel535" value="case"/>
		<feat xlink:href="#sPointingRel537" value="det"/>
		<feat xlink:href="#sPointingRel539" value="case"/>
		<feat xlink:href="#sPointingRel541" value="conj"/>
		<feat xlink:href="#sPointingRel543" value="mark"/>
		<feat xlink:href="#sPointingRel545" value="case"/>
		<feat xlink:href="#sPointingRel547" value="det"/>
		<feat xlink:href="#sPointingRel549" value="det"/>
		<feat xlink:href="#sPointingRel551" value="conj"/>
		<feat xlink:href="#sPointingRel553" value="mark"/>
		<feat xlink:href="#sPointingRel555" value="conj"/>
		<feat xlink:href="#sPointingRel557" value="case"/>
		<feat xlink:href="#sPointingRel559" value="det"/>
		<feat xlink:href="#sPointingRel561" value="cc"/>
		<feat xlink:href="#sPointingRel563" value="case"/>
		<feat xlink:href="#sPointingRel565" value="mark"/>
		<feat xlink:href="#sPointingRel567" value="discourse"/>
		<feat xlink:href="#sPointingRel569" value="case"/>
		<feat xlink:href="#sPointingRel571" value="aux"/>
		<feat xlink:href="#sPointingRel573" value="aux"/>
		<feat xlink:href="#sPointingRel575" value="nsubj"/>
		<feat xlink:href="#sPointingRel577" value="case"/>
		<feat xlink:href="#sPointingRel579" value="nsubj"/>
		<feat xlink:href="#sPointingRel581" value="case"/>
		<feat xlink:href="#sPointingRel583" value="det"/>
		<feat xlink:href="#sPointingRel585" value="case"/>
		<feat xlink:href="#sPointingRel587" value="acl:relcl"/>
		<feat xlink:href="#sPointingRel589" value="nmod"/>
		<feat xlink:href="#sPointingRel591" value="case"/>
		<feat xlink:href="#sPointingRel593" value="case"/></featList></paula>