<?xml version='1.0' encoding='UTF-8'?><!DOCTYPE paula SYSTEM "paula_feat.dtd">
<paula version="1.1">
	<header paula_id="scriptorium.GL29-30_par_XJ33-34.mark_gap_unit"/>
	<featList xmlns:xlink="http://www.w3.org/1999/xlink" type="gap_unit" xml:base="scriptorium.GL29-30_par_XJ33-34.mark.xml">
		<feat xlink:href="#sSpan228" value="character"/>
		<feat xlink:href="#sSpan618" value="character"/>
		<feat xlink:href="#sSpan984" value="character"/>
		<feat xlink:href="#sSpan1358" value="character"/>
		<feat xlink:href="#sSpan1361" value="character"/>
		<feat xlink:href="#sSpan1374" value="character"/></featList></paula>