<?xml version='1.0' encoding='UTF-8'?><!DOCTYPE paula SYSTEM "paula_feat.dtd">
<paula version="1.1">
	<header paula_id="scriptorium.GL29-30_par_XJ33-34.mark_supplied_reason"/>
	<featList xmlns:xlink="http://www.w3.org/1999/xlink" type="supplied_reason" xml:base="scriptorium.GL29-30_par_XJ33-34.mark.xml">
		<feat xlink:href="#sSpan90" value="lost"/>
		<feat xlink:href="#sSpan109" value="lost"/>
		<feat xlink:href="#sSpan126" value="lost"/>
		<feat xlink:href="#sSpan154" value="lost"/>
		<feat xlink:href="#sSpan178" value="lost"/>
		<feat xlink:href="#sSpan191" value="lost"/>
		<feat xlink:href="#sSpan209" value="lost"/>
		<feat xlink:href="#sSpan380" value="lost"/>
		<feat xlink:href="#sSpan398" value="lost"/>
		<feat xlink:href="#sSpan539" value="lost"/>
		<feat xlink:href="#sSpan559" value="lost"/>
		<feat xlink:href="#sSpan574" value="lost"/>
		<feat xlink:href="#sSpan586" value="lost"/>
		<feat xlink:href="#sSpan599" value="lost"/>
		<feat xlink:href="#sSpan784" value="lost"/>
		<feat xlink:href="#sSpan805" value="lost"/>
		<feat xlink:href="#sSpan906" value="lost"/>
		<feat xlink:href="#sSpan920" value="lost"/>
		<feat xlink:href="#sSpan935" value="lost"/>
		<feat xlink:href="#sSpan950" value="lost"/>
		<feat xlink:href="#sSpan965" value="lost"/>
		<feat xlink:href="#sSpan1223" value="lost"/>
		<feat xlink:href="#sSpan1237" value="lost"/>
		<feat xlink:href="#sSpan1256" value="lost"/>
		<feat xlink:href="#sSpan1276" value="lost"/>
		<feat xlink:href="#sSpan1297" value="lost"/>
		<feat xlink:href="#sSpan1312" value="lost"/>
		<feat xlink:href="#sSpan1329" value="lost"/>
		<feat xlink:href="#sSpan1342" value="lost"/>
		<feat xlink:href="#sSpan1356" value="lost"/></featList></paula>