<?xml version='1.0' encoding='UTF-8'?><!DOCTYPE paula SYSTEM "paula_rel.dtd">
<paula version="1.1">
	<header paula_id="scriptorium.GL29-30_par_XJ33-34.head"/>
	<relList xmlns:xlink="http://www.w3.org/1999/xlink" type="head">
		<rel id="sPointingRel595" xlink:href="scriptorium.GL29-30_par_XJ33-34.mark.xml#sSpan19" target="scriptorium.GL29-30_par_XJ33-34.mark.xml#sSpan23"/>
		<rel id="sPointingRel597" xlink:href="scriptorium.GL29-30_par_XJ33-34.mark.xml#sSpan1110" target="scriptorium.GL29-30_par_XJ33-34.mark.xml#sSpan1113"/>
		<rel id="sPointingRel599" xlink:href="scriptorium.GL29-30_par_XJ33-34.mark.xml#sSpan1064" target="scriptorium.GL29-30_par_XJ33-34.mark.xml#sSpan1066"/>
		<rel id="sPointingRel601" xlink:href="scriptorium.GL29-30_par_XJ33-34.mark.xml#sSpan157" target="scriptorium.GL29-30_par_XJ33-34.mark.xml#sSpan155"/>
		<rel id="sPointingRel603" xlink:href="scriptorium.GL29-30_par_XJ33-34.mark.xml#sSpan736" target="scriptorium.GL29-30_par_XJ33-34.mark.xml#sSpan738"/>
		<rel id="sPointingRel605" xlink:href="scriptorium.GL29-30_par_XJ33-34.mark.xml#sSpan53" target="scriptorium.GL29-30_par_XJ33-34.mark.xml#sSpan57"/>
		<rel id="sPointingRel607" xlink:href="scriptorium.GL29-30_par_XJ33-34.mark.xml#sSpan144" target="scriptorium.GL29-30_par_XJ33-34.mark.xml#sSpan145"/>
		<rel id="sPointingRel609" xlink:href="scriptorium.GL29-30_par_XJ33-34.mark.xml#sSpan782" target="scriptorium.GL29-30_par_XJ33-34.mark.xml#sSpan778"/>
		<rel id="sPointingRel611" xlink:href="scriptorium.GL29-30_par_XJ33-34.mark.xml#sSpan349" target="scriptorium.GL29-30_par_XJ33-34.mark.xml#sSpan350"/>
		<rel id="sPointingRel613" xlink:href="scriptorium.GL29-30_par_XJ33-34.mark.xml#sSpan1291" target="scriptorium.GL29-30_par_XJ33-34.mark.xml#sSpan1292"/>
		<rel id="sPointingRel615" xlink:href="scriptorium.GL29-30_par_XJ33-34.mark.xml#sSpan1251" target="scriptorium.GL29-30_par_XJ33-34.mark.xml#sSpan1258"/>
		<rel id="sPointingRel617" xlink:href="scriptorium.GL29-30_par_XJ33-34.mark.xml#sSpan1173" target="scriptorium.GL29-30_par_XJ33-34.mark.xml#sSpan1174"/>
		<rel id="sPointingRel619" xlink:href="scriptorium.GL29-30_par_XJ33-34.mark.xml#sSpan81" target="scriptorium.GL29-30_par_XJ33-34.mark.xml#sSpan82"/>
		<rel id="sPointingRel621" xlink:href="scriptorium.GL29-30_par_XJ33-34.mark.xml#sSpan1082" target="scriptorium.GL29-30_par_XJ33-34.mark.xml#sSpan1080"/>
		<rel id="sPointingRel623" xlink:href="scriptorium.GL29-30_par_XJ33-34.mark.xml#sSpan688" target="scriptorium.GL29-30_par_XJ33-34.mark.xml#sSpan690"/>
		<rel id="sPointingRel625" xlink:href="scriptorium.GL29-30_par_XJ33-34.mark.xml#sSpan854" target="scriptorium.GL29-30_par_XJ33-34.mark.xml#sSpan852"/>
		<rel id="sPointingRel627" xlink:href="scriptorium.GL29-30_par_XJ33-34.mark.xml#sSpan1322" target="scriptorium.GL29-30_par_XJ33-34.mark.xml#sSpan1326"/>
		<rel id="sPointingRel629" xlink:href="scriptorium.GL29-30_par_XJ33-34.mark.xml#sSpan186" target="scriptorium.GL29-30_par_XJ33-34.mark.xml#sSpan188"/>
		<rel id="sPointingRel631" xlink:href="scriptorium.GL29-30_par_XJ33-34.mark.xml#sSpan1347" target="scriptorium.GL29-30_par_XJ33-34.mark.xml#sSpan1348"/>
		<rel id="sPointingRel633" xlink:href="scriptorium.GL29-30_par_XJ33-34.mark.xml#sSpan1156" target="scriptorium.GL29-30_par_XJ33-34.mark.xml#sSpan1157"/>
		<rel id="sPointingRel635" xlink:href="scriptorium.GL29-30_par_XJ33-34.mark.xml#sSpan68" target="scriptorium.GL29-30_par_XJ33-34.mark.xml#sSpan64"/>
		<rel id="sPointingRel637" xlink:href="scriptorium.GL29-30_par_XJ33-34.mark.xml#sSpan290" target="scriptorium.GL29-30_par_XJ33-34.mark.xml#sSpan291"/>
		<rel id="sPointingRel639" xlink:href="scriptorium.GL29-30_par_XJ33-34.mark.xml#sSpan388" target="scriptorium.GL29-30_par_XJ33-34.mark.xml#sSpan390"/>
		<rel id="sPointingRel641" xlink:href="scriptorium.GL29-30_par_XJ33-34.mark.xml#sSpan581" target="scriptorium.GL29-30_par_XJ33-34.mark.xml#sSpan579"/>
		<rel id="sPointingRel643" xlink:href="scriptorium.GL29-30_par_XJ33-34.mark.xml#sSpan1201" target="scriptorium.GL29-30_par_XJ33-34.mark.xml#sSpan1203"/>
		<rel id="sPointingRel645" xlink:href="scriptorium.GL29-30_par_XJ33-34.mark.xml#sSpan546" target="scriptorium.GL29-30_par_XJ33-34.mark.xml#sSpan547"/>
		<rel id="sPointingRel647" xlink:href="scriptorium.GL29-30_par_XJ33-34.mark.xml#sSpan6" target="scriptorium.GL29-30_par_XJ33-34.mark.xml#sSpan4"/>
		<rel id="sPointingRel649" xlink:href="scriptorium.GL29-30_par_XJ33-34.mark.xml#sSpan803" target="scriptorium.GL29-30_par_XJ33-34.mark.xml#sSpan801"/>
		<rel id="sPointingRel651" xlink:href="scriptorium.GL29-30_par_XJ33-34.mark.xml#sSpan667" target="scriptorium.GL29-30_par_XJ33-34.mark.xml#sSpan669"/>
		<rel id="sPointingRel653" xlink:href="scriptorium.GL29-30_par_XJ33-34.mark.xml#sSpan970" target="scriptorium.GL29-30_par_XJ33-34.mark.xml#sSpan975"/>
		<rel id="sPointingRel655" xlink:href="scriptorium.GL29-30_par_XJ33-34.mark.xml#sSpan1054" target="scriptorium.GL29-30_par_XJ33-34.mark.xml#sSpan1055"/>
		<rel id="sPointingRel657" xlink:href="scriptorium.GL29-30_par_XJ33-34.mark.xml#sSpan115" target="scriptorium.GL29-30_par_XJ33-34.mark.xml#sSpan117"/>
		<rel id="sPointingRel659" xlink:href="scriptorium.GL29-30_par_XJ33-34.mark.xml#sSpan719" target="scriptorium.GL29-30_par_XJ33-34.mark.xml#sSpan721"/>
		<rel id="sPointingRel661" xlink:href="scriptorium.GL29-30_par_XJ33-34.mark.xml#sSpan813" target="scriptorium.GL29-30_par_XJ33-34.mark.xml#sSpan815"/>
		<rel id="sPointingRel663" xlink:href="scriptorium.GL29-30_par_XJ33-34.mark.xml#sSpan518" target="scriptorium.GL29-30_par_XJ33-34.mark.xml#sSpan520"/>
		<rel id="sPointingRel665" xlink:href="scriptorium.GL29-30_par_XJ33-34.mark.xml#sSpan102" target="scriptorium.GL29-30_par_XJ33-34.mark.xml#sSpan104"/>
		<rel id="sPointingRel667" xlink:href="scriptorium.GL29-30_par_XJ33-34.mark.xml#sSpan285" target="scriptorium.GL29-30_par_XJ33-34.mark.xml#sSpan281"/>
		<rel id="sPointingRel669" xlink:href="scriptorium.GL29-30_par_XJ33-34.mark.xml#sSpan411" target="scriptorium.GL29-30_par_XJ33-34.mark.xml#sSpan423"/>
		<rel id="sPointingRel671" xlink:href="scriptorium.GL29-30_par_XJ33-34.mark.xml#sSpan763" target="scriptorium.GL29-30_par_XJ33-34.mark.xml#sSpan765"/>
		<rel id="sPointingRel673" xlink:href="scriptorium.GL29-30_par_XJ33-34.mark.xml#sSpan38" target="scriptorium.GL29-30_par_XJ33-34.mark.xml#sSpan43"/>
		<rel id="sPointingRel675" xlink:href="scriptorium.GL29-30_par_XJ33-34.mark.xml#sSpan1219" target="scriptorium.GL29-30_par_XJ33-34.mark.xml#sSpan1224"/>
		<rel id="sPointingRel677" xlink:href="scriptorium.GL29-30_par_XJ33-34.mark.xml#sSpan1166" target="scriptorium.GL29-30_par_XJ33-34.mark.xml#sSpan1167"/></relList></paula>