<?xml version='1.0' encoding='UTF-8'?><!DOCTYPE paula SYSTEM "paula_feat.dtd">
<paula version="1.1">
	<header paula_id="scriptorium.GL29-30_par_XJ33-34.mark_lb_n"/>
	<featList xmlns:xlink="http://www.w3.org/1999/xlink" type="lb_n" xml:base="scriptorium.GL29-30_par_XJ33-34.mark.xml">
		<feat xlink:href="#sSpan10" value="7"/>
		<feat xlink:href="#sSpan18" value="8"/>
		<feat xlink:href="#sSpan29" value="9"/>
		<feat xlink:href="#sSpan46" value="10"/>
		<feat xlink:href="#sSpan59" value="11"/>
		<feat xlink:href="#sSpan74" value="12"/>
		<feat xlink:href="#sSpan88" value="13"/>
		<feat xlink:href="#sSpan112" value="14"/>
		<feat xlink:href="#sSpan127" value="15"/>
		<feat xlink:href="#sSpan133" value="16"/>
		<feat xlink:href="#sSpan158" value="17"/>
		<feat xlink:href="#sSpan179" value="18"/>
		<feat xlink:href="#sSpan192" value="19"/>
		<feat xlink:href="#sSpan212" value="20"/>
		<feat xlink:href="#sSpan225" value="21"/>
		<feat xlink:href="#sSpan235" value="22"/>
		<feat xlink:href="#sSpan240" value="23"/>
		<feat xlink:href="#sSpan245" value="24"/>
		<feat xlink:href="#sSpan250" value="25"/>
		<feat xlink:href="#sSpan255" value="26"/>
		<feat xlink:href="#sSpan260" value="27"/>
		<feat xlink:href="#sSpan265" value="28"/>
		<feat xlink:href="#sSpan270" value="29"/>
		<feat xlink:href="#sSpan275" value="1"/>
		<feat xlink:href="#sSpan298" value="2"/>
		<feat xlink:href="#sSpan311" value="3"/>
		<feat xlink:href="#sSpan323" value="4"/>
		<feat xlink:href="#sSpan336" value="5"/>
		<feat xlink:href="#sSpan352" value="6"/>
		<feat xlink:href="#sSpan361" value="7"/>
		<feat xlink:href="#sSpan381" value="8"/>
		<feat xlink:href="#sSpan396" value="9"/>
		<feat xlink:href="#sSpan410" value="10"/>
		<feat xlink:href="#sSpan430" value="11"/>
		<feat xlink:href="#sSpan450" value="12"/>
		<feat xlink:href="#sSpan471" value="13"/>
		<feat xlink:href="#sSpan482" value="14"/>
		<feat xlink:href="#sSpan505" value="15"/>
		<feat xlink:href="#sSpan526" value="16"/>
		<feat xlink:href="#sSpan535" value="17"/>
		<feat xlink:href="#sSpan557" value="18"/>
		<feat xlink:href="#sSpan572" value="19"/>
		<feat xlink:href="#sSpan584" value="20"/>
		<feat xlink:href="#sSpan597" value="21"/>
		<feat xlink:href="#sSpan614" value="22"/>
		<feat xlink:href="#sSpan624" value="23"/>
		<feat xlink:href="#sSpan629" value="24"/>
		<feat xlink:href="#sSpan634" value="25"/>
		<feat xlink:href="#sSpan639" value="26"/>
		<feat xlink:href="#sSpan644" value="27"/>
		<feat xlink:href="#sSpan649" value="28"/>
		<feat xlink:href="#sSpan654" value="29"/>
		<feat xlink:href="#sSpan658" value="1"/>
		<feat xlink:href="#sSpan671" value="2"/>
		<feat xlink:href="#sSpan689" value="3"/>
		<feat xlink:href="#sSpan704" value="4"/>
		<feat xlink:href="#sSpan720" value="5"/>
		<feat xlink:href="#sSpan733" value="6"/>
		<feat xlink:href="#sSpan744" value="7"/>
		<feat xlink:href="#sSpan767" value="8"/>
		<feat xlink:href="#sSpan792" value="9"/>
		<feat xlink:href="#sSpan806" value="10"/>
		<feat xlink:href="#sSpan823" value="11"/>
		<feat xlink:href="#sSpan837" value="12"/>
		<feat xlink:href="#sSpan863" value="13"/>
		<feat xlink:href="#sSpan872" value="14"/>
		<feat xlink:href="#sSpan882" value="15"/>
		<feat xlink:href="#sSpan902" value="16"/>
		<feat xlink:href="#sSpan914" value="17"/>
		<feat xlink:href="#sSpan931" value="18"/>
		<feat xlink:href="#sSpan944" value="19"/>
		<feat xlink:href="#sSpan963" value="20"/>
		<feat xlink:href="#sSpan981" value="21"/>
		<feat xlink:href="#sSpan989" value="22"/>
		<feat xlink:href="#sSpan996" value="23"/>
		<feat xlink:href="#sSpan1001" value="24"/>
		<feat xlink:href="#sSpan1006" value="25"/>
		<feat xlink:href="#sSpan1011" value="26"/>
		<feat xlink:href="#sSpan1016" value="27"/>
		<feat xlink:href="#sSpan1021" value="28"/>
		<feat xlink:href="#sSpan1026" value="29"/>
		<feat xlink:href="#sSpan1031" value="1"/>
		<feat xlink:href="#sSpan1047" value="2"/>
		<feat xlink:href="#sSpan1061" value="3"/>
		<feat xlink:href="#sSpan1076" value="4"/>
		<feat xlink:href="#sSpan1090" value="5"/>
		<feat xlink:href="#sSpan1105" value="6"/>
		<feat xlink:href="#sSpan1119" value="7"/>
		<feat xlink:href="#sSpan1130" value="8"/>
		<feat xlink:href="#sSpan1147" value="9"/>
		<feat xlink:href="#sSpan1163" value="10"/>
		<feat xlink:href="#sSpan1182" value="11"/>
		<feat xlink:href="#sSpan1205" value="12"/>
		<feat xlink:href="#sSpan1231" value="13"/>
		<feat xlink:href="#sSpan1242" value="14"/>
		<feat xlink:href="#sSpan1264" value="15"/>
		<feat xlink:href="#sSpan1286" value="16"/>
		<feat xlink:href="#sSpan1302" value="17"/>
		<feat xlink:href="#sSpan1319" value="18"/>
		<feat xlink:href="#sSpan1338" value="19"/>
		<feat xlink:href="#sSpan1354" value="20"/>
		<feat xlink:href="#sSpan1367" value="21"/>
		<feat xlink:href="#sSpan1372" value="22"/>
		<feat xlink:href="#sSpan1380" value="23"/>
		<feat xlink:href="#sSpan1387" value="24"/>
		<feat xlink:href="#sSpan1392" value="25"/>
		<feat xlink:href="#sSpan1397" value="26"/>
		<feat xlink:href="#sSpan1402" value="27"/>
		<feat xlink:href="#sSpan1407" value="28"/>
		<feat xlink:href="#sSpan1412" value="29"/></featList></paula>