<?xml version='1.0' encoding='UTF-8'?><!DOCTYPE paula SYSTEM "paula_feat.dtd">
<paula version="1.1">
	<header paula_id="scriptorium.pachomius.instructions.02.mark_chapter_n"/>
	<featList xmlns:xlink="http://www.w3.org/1999/xlink" type="chapter_n" xml:base="scriptorium.pachomius.instructions.02.mark.xml">
		<feat xlink:href="#sSpan10" value="35"/>
		<feat xlink:href="#sSpan629" value="36"/>
		<feat xlink:href="#sSpan1316" value="37"/>
		<feat xlink:href="#sSpan1942" value="38"/>
		<feat xlink:href="#sSpan2608" value="39"/>
		<feat xlink:href="#sSpan3439" value="40"/>
		<feat xlink:href="#sSpan4796" value="41"/>
		<feat xlink:href="#sSpan5290" value="42"/>
		<feat xlink:href="#sSpan6021" value="43"/>
		<feat xlink:href="#sSpan6709" value="44"/>
		<feat xlink:href="#sSpan7495" value="45"/>
		<feat xlink:href="#sSpan8590" value="46"/>
		<feat xlink:href="#sSpan9527" value="47"/>
		<feat xlink:href="#sSpan10151" value="48"/>
		<feat xlink:href="#sSpan11256" value="49"/>
		<feat xlink:href="#sSpan11733" value="50"/>
		<feat xlink:href="#sSpan12287" value="51"/>
		<feat xlink:href="#sSpan12841" value="52"/>
		<feat xlink:href="#sSpan13567" value="53"/>
		<feat xlink:href="#sSpan14305" value="54"/>
		<feat xlink:href="#sSpan14789" value="55"/>
		<feat xlink:href="#sSpan15276" value="56"/>
		<feat xlink:href="#sSpan16092" value="57"/>
		<feat xlink:href="#sSpan16500" value="58"/>
		<feat xlink:href="#sSpan16804" value="59"/>
		<feat xlink:href="#sSpan17417" value="60"/>
		<feat xlink:href="#sSpan17733" value="61"/>
		<feat xlink:href="#sSpan18275" value="62"/>
		<feat xlink:href="#sSpan18652" value="63"/>
		<feat xlink:href="#sSpan19267" value="64"/>
		<feat xlink:href="#sSpan19933" value="65"/>
		<feat xlink:href="#sSpan20396" value="66"/>
		<feat xlink:href="#sSpan21613" value="67"/>
		<feat xlink:href="#sSpan22269" value="68"/>
		<feat xlink:href="#sSpan22463" value="69"/></featList></paula>