<?xml version='1.0' encoding='UTF-8'?><!DOCTYPE paula SYSTEM "paula_feat.dtd">
<paula version="1.1">
	<header paula_id="scriptorium.pachomius.instructions.02.mark_lang"/>
	<featList xmlns:xlink="http://www.w3.org/1999/xlink" type="lang" xml:base="scriptorium.pachomius.instructions.02.mark.xml">
		<feat xlink:href="#sSpan1" value="Greek"/>
		<feat xlink:href="#sSpan83" value="Greek"/>
		<feat xlink:href="#sSpan140" value="Greek"/>
		<feat xlink:href="#sSpan191" value="Hebrew"/>
		<feat xlink:href="#sSpan237" value="Greek"/>
		<feat xlink:href="#sSpan274" value="Greek"/>
		<feat xlink:href="#sSpan286" value="Greek"/>
		<feat xlink:href="#sSpan350" value="Greek"/>
		<feat xlink:href="#sSpan395" value="Greek"/>
		<feat xlink:href="#sSpan438" value="Greek"/>
		<feat xlink:href="#sSpan485" value="Greek"/>
		<feat xlink:href="#sSpan529" value="Greek"/>
		<feat xlink:href="#sSpan582" value="Greek"/>
		<feat xlink:href="#sSpan598" value="Greek"/>
		<feat xlink:href="#sSpan621" value="Greek"/>
		<feat xlink:href="#sSpan776" value="Greek"/>
		<feat xlink:href="#sSpan1048" value="Greek"/>
		<feat xlink:href="#sSpan1097" value="Greek"/>
		<feat xlink:href="#sSpan1145" value="Greek"/>
		<feat xlink:href="#sSpan1202" value="Greek"/>
		<feat xlink:href="#sSpan1252" value="Greek"/>
		<feat xlink:href="#sSpan1367" value="Greek"/>
		<feat xlink:href="#sSpan1428" value="Greek"/>
		<feat xlink:href="#sSpan1624" value="Greek"/>
		<feat xlink:href="#sSpan1808" value="Greek"/>
		<feat xlink:href="#sSpan1818" value="Greek"/>
		<feat xlink:href="#sSpan1855" value="Greek"/>
		<feat xlink:href="#sSpan1891" value="Greek"/>
		<feat xlink:href="#sSpan1928" value="Greek"/>
		<feat xlink:href="#sSpan1958" value="Greek"/>
		<feat xlink:href="#sSpan1970" value="Greek"/>
		<feat xlink:href="#sSpan2070" value="Greek"/>
		<feat xlink:href="#sSpan2127" value="Greek"/>
		<feat xlink:href="#sSpan2166" value="Greek"/>
		<feat xlink:href="#sSpan2178" value="Greek"/>
		<feat xlink:href="#sSpan2205" value="Greek"/>
		<feat xlink:href="#sSpan2281" value="Greek"/>
		<feat xlink:href="#sSpan2288" value="Greek"/>
		<feat xlink:href="#sSpan2378" value="Greek"/>
		<feat xlink:href="#sSpan2438" value="Greek"/>
		<feat xlink:href="#sSpan2455" value="Greek"/>
		<feat xlink:href="#sSpan2555" value="Greek"/>
		<feat xlink:href="#sSpan2626" value="Greek"/>
		<feat xlink:href="#sSpan2697" value="Greek"/>
		<feat xlink:href="#sSpan2779" value="Greek"/>
		<feat xlink:href="#sSpan3023" value="Greek"/>
		<feat xlink:href="#sSpan3209" value="Greek"/>
		<feat xlink:href="#sSpan3237" value="Greek"/>
		<feat xlink:href="#sSpan3302" value="Greek"/>
		<feat xlink:href="#sSpan3342" value="Greek"/>
		<feat xlink:href="#sSpan3442" value="Greek"/>
		<feat xlink:href="#sSpan3505" value="Greek"/>
		<feat xlink:href="#sSpan3518" value="Greek"/>
		<feat xlink:href="#sSpan3535" value="Greek"/>
		<feat xlink:href="#sSpan3544" value="Greek"/>
		<feat xlink:href="#sSpan3574" value="Greek"/>
		<feat xlink:href="#sSpan3578" value="Greek"/>
		<feat xlink:href="#sSpan3625" value="Greek"/>
		<feat xlink:href="#sSpan3692" value="Greek"/>
		<feat xlink:href="#sSpan3807" value="Greek"/>
		<feat xlink:href="#sSpan3879" value="Greek"/>
		<feat xlink:href="#sSpan3903" value="Greek"/>
		<feat xlink:href="#sSpan3947" value="Greek"/>
		<feat xlink:href="#sSpan3961" value="Greek"/>
		<feat xlink:href="#sSpan3982" value="Greek"/>
		<feat xlink:href="#sSpan4008" value="Greek"/>
		<feat xlink:href="#sSpan4076" value="Greek"/>
		<feat xlink:href="#sSpan4095" value="Greek"/>
		<feat xlink:href="#sSpan4235" value="Greek"/>
		<feat xlink:href="#sSpan4323" value="Greek"/>
		<feat xlink:href="#sSpan4446" value="Greek"/>
		<feat xlink:href="#sSpan4490" value="Greek"/>
		<feat xlink:href="#sSpan4593" value="Greek"/>
		<feat xlink:href="#sSpan4646" value="Greek"/>
		<feat xlink:href="#sSpan4695" value="Greek"/>
		<feat xlink:href="#sSpan4733" value="Greek"/>
		<feat xlink:href="#sSpan4788" value="Greek"/>
		<feat xlink:href="#sSpan4837" value="Greek"/>
		<feat xlink:href="#sSpan4859" value="Greek"/>
		<feat xlink:href="#sSpan4961" value="Greek"/>
		<feat xlink:href="#sSpan4986" value="Greek"/>
		<feat xlink:href="#sSpan5066" value="Greek"/>
		<feat xlink:href="#sSpan5091" value="Greek"/>
		<feat xlink:href="#sSpan5145" value="Greek"/>
		<feat xlink:href="#sSpan5228" value="Hebrew"/>
		<feat xlink:href="#sSpan5267" value="Greek"/>
		<feat xlink:href="#sSpan5282" value="Greek"/>
		<feat xlink:href="#sSpan5319" value="Greek"/>
		<feat xlink:href="#sSpan5330" value="Greek"/>
		<feat xlink:href="#sSpan5352" value="Greek"/>
		<feat xlink:href="#sSpan5558" value="Greek"/>
		<feat xlink:href="#sSpan5572" value="Greek"/>
		<feat xlink:href="#sSpan5587" value="Greek"/>
		<feat xlink:href="#sSpan5599" value="Greek"/>
		<feat xlink:href="#sSpan5708" value="Greek"/>
		<feat xlink:href="#sSpan5731" value="Greek"/>
		<feat xlink:href="#sSpan5741" value="Greek"/>
		<feat xlink:href="#sSpan5775" value="Greek"/>
		<feat xlink:href="#sSpan5798" value="Greek"/>
		<feat xlink:href="#sSpan5858" value="Greek"/>
		<feat xlink:href="#sSpan5880" value="Greek"/>
		<feat xlink:href="#sSpan5897" value="Greek"/>
		<feat xlink:href="#sSpan5997" value="Greek"/>
		<feat xlink:href="#sSpan6012" value="Greek"/>
		<feat xlink:href="#sSpan6033" value="Greek"/>
		<feat xlink:href="#sSpan6079" value="Greek"/>
		<feat xlink:href="#sSpan6091" value="Greek"/>
		<feat xlink:href="#sSpan6140" value="Greek"/>
		<feat xlink:href="#sSpan6157" value="Greek"/>
		<feat xlink:href="#sSpan6166" value="Greek"/>
		<feat xlink:href="#sSpan6233" value="Greek"/>
		<feat xlink:href="#sSpan6281" value="Greek"/>
		<feat xlink:href="#sSpan6393" value="Greek"/>
		<feat xlink:href="#sSpan6403" value="Greek"/>
		<feat xlink:href="#sSpan6414" value="Greek"/>
		<feat xlink:href="#sSpan6667" value="Greek"/>
		<feat xlink:href="#sSpan6683" value="Greek"/>
		<feat xlink:href="#sSpan6701" value="Greek"/>
		<feat xlink:href="#sSpan6732" value="Greek"/>
		<feat xlink:href="#sSpan6960" value="Greek"/>
		<feat xlink:href="#sSpan7086" value="Greek"/>
		<feat xlink:href="#sSpan7127" value="Greek"/>
		<feat xlink:href="#sSpan7168" value="Greek"/>
		<feat xlink:href="#sSpan7243" value="Greek"/>
		<feat xlink:href="#sSpan7286" value="Greek"/>
		<feat xlink:href="#sSpan7301" value="Greek"/>
		<feat xlink:href="#sSpan7434" value="Greek"/>
		<feat xlink:href="#sSpan7446" value="Greek"/>
		<feat xlink:href="#sSpan7496" value="Greek"/>
		<feat xlink:href="#sSpan7510" value="Greek"/>
		<feat xlink:href="#sSpan7575" value="Greek"/>
		<feat xlink:href="#sSpan7602" value="Greek"/>
		<feat xlink:href="#sSpan7628" value="Greek"/>
		<feat xlink:href="#sSpan7656" value="Greek"/>
		<feat xlink:href="#sSpan7672" value="Greek"/>
		<feat xlink:href="#sSpan7687" value="Greek"/>
		<feat xlink:href="#sSpan7756" value="Greek"/>
		<feat xlink:href="#sSpan7763" value="Greek"/>
		<feat xlink:href="#sSpan7776" value="Greek"/>
		<feat xlink:href="#sSpan7783" value="Greek"/>
		<feat xlink:href="#sSpan7802" value="Greek"/>
		<feat xlink:href="#sSpan7814" value="Greek"/>
		<feat xlink:href="#sSpan7821" value="Greek"/>
		<feat xlink:href="#sSpan7974" value="Greek"/>
		<feat xlink:href="#sSpan8050" value="Greek"/>
		<feat xlink:href="#sSpan8390" value="Greek"/>
		<feat xlink:href="#sSpan8408" value="Greek"/>
		<feat xlink:href="#sSpan8425" value="Greek"/>
		<feat xlink:href="#sSpan8467" value="Greek"/>
		<feat xlink:href="#sSpan8574" value="Greek"/>
		<feat xlink:href="#sSpan8615" value="Greek"/>
		<feat xlink:href="#sSpan8632" value="Greek"/>
		<feat xlink:href="#sSpan8696" value="Greek"/>
		<feat xlink:href="#sSpan8835" value="Greek"/>
		<feat xlink:href="#sSpan8867" value="Greek"/>
		<feat xlink:href="#sSpan8877" value="Greek"/>
		<feat xlink:href="#sSpan8885" value="Greek"/>
		<feat xlink:href="#sSpan8898" value="Greek"/>
		<feat xlink:href="#sSpan8914" value="Greek"/>
		<feat xlink:href="#sSpan8947" value="Greek"/>
		<feat xlink:href="#sSpan8994" value="Greek"/>
		<feat xlink:href="#sSpan9018" value="Greek"/>
		<feat xlink:href="#sSpan9071" value="Greek"/>
		<feat xlink:href="#sSpan9089" value="Greek"/>
		<feat xlink:href="#sSpan9158" value="Greek"/>
		<feat xlink:href="#sSpan9276" value="Greek"/>
		<feat xlink:href="#sSpan9294" value="Greek"/>
		<feat xlink:href="#sSpan9306" value="Greek"/>
		<feat xlink:href="#sSpan9413" value="Greek"/>
		<feat xlink:href="#sSpan9476" value="Greek"/>
		<feat xlink:href="#sSpan9588" value="Greek"/>
		<feat xlink:href="#sSpan9636" value="Greek"/>
		<feat xlink:href="#sSpan9658" value="Greek"/>
		<feat xlink:href="#sSpan9686" value="Greek"/>
		<feat xlink:href="#sSpan9753" value="Greek"/>
		<feat xlink:href="#sSpan9793" value="Greek"/>
		<feat xlink:href="#sSpan9827" value="Greek"/>
		<feat xlink:href="#sSpan9855" value="Greek"/>
		<feat xlink:href="#sSpan9944" value="Greek"/>
		<feat xlink:href="#sSpan9987" value="Greek"/>
		<feat xlink:href="#sSpan10053" value="Greek"/>
		<feat xlink:href="#sSpan10125" value="Greek"/>
		<feat xlink:href="#sSpan10137" value="Greek"/>
		<feat xlink:href="#sSpan10297" value="Greek"/>
		<feat xlink:href="#sSpan10346" value="Greek"/>
		<feat xlink:href="#sSpan10356" value="Greek"/>
		<feat xlink:href="#sSpan10368" value="Greek"/>
		<feat xlink:href="#sSpan10379" value="Greek"/>
		<feat xlink:href="#sSpan10393" value="Greek"/>
		<feat xlink:href="#sSpan10477" value="Greek"/>
		<feat xlink:href="#sSpan10503" value="Greek"/>
		<feat xlink:href="#sSpan10535" value="Greek"/>
		<feat xlink:href="#sSpan10579" value="Greek"/>
		<feat xlink:href="#sSpan10602" value="Greek"/>
		<feat xlink:href="#sSpan10686" value="Greek"/>
		<feat xlink:href="#sSpan10721" value="Greek"/>
		<feat xlink:href="#sSpan10783" value="Greek"/>
		<feat xlink:href="#sSpan10786" value="Greek"/>
		<feat xlink:href="#sSpan10799" value="Greek"/>
		<feat xlink:href="#sSpan10831" value="Greek"/>
		<feat xlink:href="#sSpan10851" value="Greek"/>
		<feat xlink:href="#sSpan10956" value="Greek"/>
		<feat xlink:href="#sSpan10968" value="Greek"/>
		<feat xlink:href="#sSpan11044" value="Greek"/>
		<feat xlink:href="#sSpan11130" value="Greek"/>
		<feat xlink:href="#sSpan11144" value="Greek"/>
		<feat xlink:href="#sSpan11153" value="Greek"/>
		<feat xlink:href="#sSpan11241" value="Greek"/>
		<feat xlink:href="#sSpan11257" value="Greek"/>
		<feat xlink:href="#sSpan11260" value="Greek"/>
		<feat xlink:href="#sSpan11288" value="Greek"/>
		<feat xlink:href="#sSpan11315" value="Greek"/>
		<feat xlink:href="#sSpan11353" value="Greek"/>
		<feat xlink:href="#sSpan11404" value="Greek"/>
		<feat xlink:href="#sSpan11412" value="Greek"/>
		<feat xlink:href="#sSpan11425" value="Greek"/>
		<feat xlink:href="#sSpan11453" value="Greek"/>
		<feat xlink:href="#sSpan11471" value="Greek"/>
		<feat xlink:href="#sSpan11490" value="Greek"/>
		<feat xlink:href="#sSpan11766" value="Greek"/>
		<feat xlink:href="#sSpan11771" value="Hebrew"/>
		<feat xlink:href="#sSpan11832" value="Greek"/>
		<feat xlink:href="#sSpan11920" value="Greek"/>
		<feat xlink:href="#sSpan11968" value="Greek"/>
		<feat xlink:href="#sSpan11992" value="Greek"/>
		<feat xlink:href="#sSpan12011" value="Greek"/>
		<feat xlink:href="#sSpan12049" value="Greek"/>
		<feat xlink:href="#sSpan12113" value="Greek"/>
		<feat xlink:href="#sSpan12247" value="Greek"/>
		<feat xlink:href="#sSpan12279" value="Greek"/>
		<feat xlink:href="#sSpan12352" value="Greek"/>
		<feat xlink:href="#sSpan12390" value="Greek"/>
		<feat xlink:href="#sSpan12448" value="Greek"/>
		<feat xlink:href="#sSpan12474" value="Greek"/>
		<feat xlink:href="#sSpan12550" value="Greek"/>
		<feat xlink:href="#sSpan12623" value="Greek"/>
		<feat xlink:href="#sSpan12657" value="Greek"/>
		<feat xlink:href="#sSpan12670" value="Greek"/>
		<feat xlink:href="#sSpan12680" value="Greek"/>
		<feat xlink:href="#sSpan12692" value="Greek"/>
		<feat xlink:href="#sSpan12723" value="Greek"/>
		<feat xlink:href="#sSpan12745" value="Greek"/>
		<feat xlink:href="#sSpan12792" value="Greek"/>
		<feat xlink:href="#sSpan12842" value="Greek"/>
		<feat xlink:href="#sSpan12845" value="Greek"/>
		<feat xlink:href="#sSpan12872" value="Greek"/>
		<feat xlink:href="#sSpan12968" value="Greek"/>
		<feat xlink:href="#sSpan13148" value="Greek"/>
		<feat xlink:href="#sSpan13167" value="Greek"/>
		<feat xlink:href="#sSpan13180" value="Greek"/>
		<feat xlink:href="#sSpan13368" value="Greek"/>
		<feat xlink:href="#sSpan13394" value="Greek"/>
		<feat xlink:href="#sSpan13463" value="Greek"/>
		<feat xlink:href="#sSpan13472" value="Greek"/>
		<feat xlink:href="#sSpan13559" value="Greek"/>
		<feat xlink:href="#sSpan13704" value="Greek"/>
		<feat xlink:href="#sSpan13744" value="Greek"/>
		<feat xlink:href="#sSpan13792" value="Greek"/>
		<feat xlink:href="#sSpan13822" value="Greek"/>
		<feat xlink:href="#sSpan13902" value="Greek"/>
		<feat xlink:href="#sSpan13931" value="Greek"/>
		<feat xlink:href="#sSpan14040" value="Greek"/>
		<feat xlink:href="#sSpan14043" value="Greek"/>
		<feat xlink:href="#sSpan14089" value="Greek"/>
		<feat xlink:href="#sSpan14164" value="Hebrew"/>
		<feat xlink:href="#sSpan14183" value="Greek"/>
		<feat xlink:href="#sSpan14206" value="Greek"/>
		<feat xlink:href="#sSpan14241" value="Greek"/>
		<feat xlink:href="#sSpan14322" value="Greek"/>
		<feat xlink:href="#sSpan14329" value="Greek"/>
		<feat xlink:href="#sSpan14360" value="Greek"/>
		<feat xlink:href="#sSpan14432" value="Hebrew"/>
		<feat xlink:href="#sSpan14487" value="Greek"/>
		<feat xlink:href="#sSpan14495" value="Greek"/>
		<feat xlink:href="#sSpan14509" value="Greek"/>
		<feat xlink:href="#sSpan14526" value="Greek"/>
		<feat xlink:href="#sSpan14529" value="Greek"/>
		<feat xlink:href="#sSpan14539" value="Greek"/>
		<feat xlink:href="#sSpan14585" value="Greek"/>
		<feat xlink:href="#sSpan14601" value="Greek"/>
		<feat xlink:href="#sSpan14612" value="Greek"/>
		<feat xlink:href="#sSpan14815" value="Greek"/>
		<feat xlink:href="#sSpan14881" value="Greek"/>
		<feat xlink:href="#sSpan14897" value="Greek"/>
		<feat xlink:href="#sSpan14921" value="Greek"/>
		<feat xlink:href="#sSpan14943" value="Greek"/>
		<feat xlink:href="#sSpan15007" value="Greek"/>
		<feat xlink:href="#sSpan15036" value="Greek"/>
		<feat xlink:href="#sSpan15064" value="Greek"/>
		<feat xlink:href="#sSpan15114" value="Greek"/>
		<feat xlink:href="#sSpan15151" value="Greek"/>
		<feat xlink:href="#sSpan15183" value="Greek"/>
		<feat xlink:href="#sSpan15216" value="Greek"/>
		<feat xlink:href="#sSpan15268" value="Greek"/>
		<feat xlink:href="#sSpan15277" value="Greek"/>
		<feat xlink:href="#sSpan15303" value="Greek"/>
		<feat xlink:href="#sSpan15348" value="Hebrew"/>
		<feat xlink:href="#sSpan15470" value="Greek"/>
		<feat xlink:href="#sSpan15507" value="Greek"/>
		<feat xlink:href="#sSpan15606" value="Greek"/>
		<feat xlink:href="#sSpan15661" value="Greek"/>
		<feat xlink:href="#sSpan15756" value="Greek"/>
		<feat xlink:href="#sSpan15789" value="Hebrew"/>
		<feat xlink:href="#sSpan15839" value="Greek"/>
		<feat xlink:href="#sSpan15891" value="Greek"/>
		<feat xlink:href="#sSpan15903" value="Greek"/>
		<feat xlink:href="#sSpan15979" value="Greek"/>
		<feat xlink:href="#sSpan15984" value="Greek"/>
		<feat xlink:href="#sSpan16002" value="Greek"/>
		<feat xlink:href="#sSpan16121" value="Greek"/>
		<feat xlink:href="#sSpan16128" value="Greek"/>
		<feat xlink:href="#sSpan16159" value="Greek"/>
		<feat xlink:href="#sSpan16240" value="Greek"/>
		<feat xlink:href="#sSpan16328" value="Greek"/>
		<feat xlink:href="#sSpan16335" value="Greek"/>
		<feat xlink:href="#sSpan16347" value="Greek"/>
		<feat xlink:href="#sSpan16451" value="Greek"/>
		<feat xlink:href="#sSpan16466" value="Greek"/>
		<feat xlink:href="#sSpan16485" value="Greek"/>
		<feat xlink:href="#sSpan16507" value="Greek"/>
		<feat xlink:href="#sSpan16558" value="Greek"/>
		<feat xlink:href="#sSpan16569" value="Greek"/>
		<feat xlink:href="#sSpan16610" value="Greek"/>
		<feat xlink:href="#sSpan16714" value="Egyptian"/>
		<feat xlink:href="#sSpan16749" value="Greek"/>
		<feat xlink:href="#sSpan16760" value="Greek"/>
		<feat xlink:href="#sSpan16780" value="Greek"/>
		<feat xlink:href="#sSpan16787" value="Hebrew"/>
		<feat xlink:href="#sSpan16862" value="Greek"/>
		<feat xlink:href="#sSpan16937" value="Greek"/>
		<feat xlink:href="#sSpan17184" value="Greek"/>
		<feat xlink:href="#sSpan17336" value="Greek"/>
		<feat xlink:href="#sSpan17351" value="Greek"/>
		<feat xlink:href="#sSpan17361" value="Greek"/>
		<feat xlink:href="#sSpan17368" value="Greek"/>
		<feat xlink:href="#sSpan17380" value="Greek"/>
		<feat xlink:href="#sSpan17387" value="Greek"/>
		<feat xlink:href="#sSpan17409" value="Greek"/>
		<feat xlink:href="#sSpan17424" value="Greek"/>
		<feat xlink:href="#sSpan17441" value="Greek"/>
		<feat xlink:href="#sSpan17448" value="Greek"/>
		<feat xlink:href="#sSpan17615" value="Greek"/>
		<feat xlink:href="#sSpan17640" value="Greek"/>
		<feat xlink:href="#sSpan17747" value="Greek"/>
		<feat xlink:href="#sSpan17850" value="Greek"/>
		<feat xlink:href="#sSpan17861" value="Greek"/>
		<feat xlink:href="#sSpan17894" value="Greek"/>
		<feat xlink:href="#sSpan17921" value="Greek"/>
		<feat xlink:href="#sSpan17928" value="Greek"/>
		<feat xlink:href="#sSpan17941" value="Greek"/>
		<feat xlink:href="#sSpan18000" value="Greek"/>
		<feat xlink:href="#sSpan18037" value="Greek"/>
		<feat xlink:href="#sSpan18075" value="Greek"/>
		<feat xlink:href="#sSpan18161" value="Greek"/>
		<feat xlink:href="#sSpan18210" value="Greek"/>
		<feat xlink:href="#sSpan18222" value="Greek"/>
		<feat xlink:href="#sSpan18238" value="Greek"/>
		<feat xlink:href="#sSpan18261" value="Greek"/>
		<feat xlink:href="#sSpan18287" value="Greek"/>
		<feat xlink:href="#sSpan18313" value="Greek"/>
		<feat xlink:href="#sSpan18352" value="Greek"/>
		<feat xlink:href="#sSpan18403" value="Greek"/>
		<feat xlink:href="#sSpan18473" value="Greek"/>
		<feat xlink:href="#sSpan18534" value="Greek"/>
		<feat xlink:href="#sSpan18584" value="Greek"/>
		<feat xlink:href="#sSpan18711" value="Greek"/>
		<feat xlink:href="#sSpan18789" value="Greek"/>
		<feat xlink:href="#sSpan18805" value="Greek"/>
		<feat xlink:href="#sSpan18877" value="Greek"/>
		<feat xlink:href="#sSpan18896" value="Greek"/>
		<feat xlink:href="#sSpan18907" value="Greek"/>
		<feat xlink:href="#sSpan18917" value="Greek"/>
		<feat xlink:href="#sSpan19041" value="Greek"/>
		<feat xlink:href="#sSpan19082" value="Greek"/>
		<feat xlink:href="#sSpan19098" value="Greek"/>
		<feat xlink:href="#sSpan19105" value="Hebrew"/>
		<feat xlink:href="#sSpan19129" value="Greek"/>
		<feat xlink:href="#sSpan19169" value="Greek"/>
		<feat xlink:href="#sSpan19180" value="Greek"/>
		<feat xlink:href="#sSpan19188" value="Greek"/>
		<feat xlink:href="#sSpan19204" value="Greek"/>
		<feat xlink:href="#sSpan19232" value="Greek"/>
		<feat xlink:href="#sSpan19235" value="Greek"/>
		<feat xlink:href="#sSpan19305" value="Greek"/>
		<feat xlink:href="#sSpan19329" value="Greek"/>
		<feat xlink:href="#sSpan19394" value="Greek"/>
		<feat xlink:href="#sSpan19578" value="Greek"/>
		<feat xlink:href="#sSpan19611" value="Greek"/>
		<feat xlink:href="#sSpan19705" value="Greek"/>
		<feat xlink:href="#sSpan19919" value="Greek"/>
		<feat xlink:href="#sSpan19966" value="Greek"/>
		<feat xlink:href="#sSpan20266" value="Greek"/>
		<feat xlink:href="#sSpan20341" value="Greek"/>
		<feat xlink:href="#sSpan20419" value="Greek"/>
		<feat xlink:href="#sSpan20544" value="Greek"/>
		<feat xlink:href="#sSpan20561" value="Greek"/>
		<feat xlink:href="#sSpan20612" value="Greek"/>
		<feat xlink:href="#sSpan20702" value="Greek"/>
		<feat xlink:href="#sSpan20795" value="Greek"/>
		<feat xlink:href="#sSpan20798" value="Greek"/>
		<feat xlink:href="#sSpan20877" value="Greek"/>
		<feat xlink:href="#sSpan20880" value="Greek"/>
		<feat xlink:href="#sSpan21019" value="Greek"/>
		<feat xlink:href="#sSpan21086" value="Greek"/>
		<feat xlink:href="#sSpan21117" value="Greek"/>
		<feat xlink:href="#sSpan21122" value="Greek"/>
		<feat xlink:href="#sSpan21183" value="Greek"/>
		<feat xlink:href="#sSpan21196" value="Greek"/>
		<feat xlink:href="#sSpan21218" value="Greek"/>
		<feat xlink:href="#sSpan21232" value="Greek"/>
		<feat xlink:href="#sSpan21327" value="Greek"/>
		<feat xlink:href="#sSpan21361" value="Greek"/>
		<feat xlink:href="#sSpan21421" value="Greek"/>
		<feat xlink:href="#sSpan21439" value="Greek"/>
		<feat xlink:href="#sSpan21460" value="Greek"/>
		<feat xlink:href="#sSpan21470" value="Greek"/>
		<feat xlink:href="#sSpan21473" value="Hebrew"/>
		<feat xlink:href="#sSpan21546" value="Greek"/>
		<feat xlink:href="#sSpan21572" value="Hebrew"/>
		<feat xlink:href="#sSpan21617" value="Greek"/>
		<feat xlink:href="#sSpan21666" value="Greek"/>
		<feat xlink:href="#sSpan21714" value="Greek"/>
		<feat xlink:href="#sSpan21760" value="Greek"/>
		<feat xlink:href="#sSpan21780" value="Greek"/>
		<feat xlink:href="#sSpan21791" value="Greek"/>
		<feat xlink:href="#sSpan21814" value="Greek"/>
		<feat xlink:href="#sSpan21838" value="Greek"/>
		<feat xlink:href="#sSpan21874" value="Greek"/>
		<feat xlink:href="#sSpan21893" value="Hebrew"/>
		<feat xlink:href="#sSpan21914" value="Greek"/>
		<feat xlink:href="#sSpan21936" value="Greek"/>
		<feat xlink:href="#sSpan21953" value="Greek"/>
		<feat xlink:href="#sSpan21964" value="Greek"/>
		<feat xlink:href="#sSpan21976" value="Greek"/>
		<feat xlink:href="#sSpan21987" value="Greek"/>
		<feat xlink:href="#sSpan21997" value="Greek"/>
		<feat xlink:href="#sSpan22000" value="Hebrew"/>
		<feat xlink:href="#sSpan22020" value="Greek"/>
		<feat xlink:href="#sSpan22030" value="Greek"/>
		<feat xlink:href="#sSpan22067" value="Greek"/>
		<feat xlink:href="#sSpan22103" value="Greek"/>
		<feat xlink:href="#sSpan22151" value="Greek"/>
		<feat xlink:href="#sSpan22162" value="Greek"/>
		<feat xlink:href="#sSpan22176" value="Greek"/>
		<feat xlink:href="#sSpan22220" value="Greek"/>
		<feat xlink:href="#sSpan22295" value="Greek"/>
		<feat xlink:href="#sSpan22309" value="Latin"/>
		<feat xlink:href="#sSpan22317" value="Greek"/>
		<feat xlink:href="#sSpan22328" value="Greek"/>
		<feat xlink:href="#sSpan22342" value="Greek"/>
		<feat xlink:href="#sSpan22411" value="Greek"/>
		<feat xlink:href="#sSpan22502" value="Hebrew"/></featList></paula>