<?xml version='1.0' encoding='UTF-8'?><!DOCTYPE paula SYSTEM "paula_feat.dtd">
<paula version="1.1">
	<header paula_id="scriptorium.pachomius.instructions.02.mark_ed_page_n"/>
	<featList xmlns:xlink="http://www.w3.org/1999/xlink" type="ed_page_n" xml:base="scriptorium.pachomius.instructions.02.mark.xml">
		<feat xlink:href="#sSpan11" value="15"/>
		<feat xlink:href="#sSpan630" value="16"/>
		<feat xlink:href="#sSpan2074" value="17"/>
		<feat xlink:href="#sSpan3571" value="18"/>
		<feat xlink:href="#sSpan5076" value="19"/>
		<feat xlink:href="#sSpan6517" value="20"/>
		<feat xlink:href="#sSpan7883" value="21"/>
		<feat xlink:href="#sSpan9339" value="22"/>
		<feat xlink:href="#sSpan10821" value="23"/>
		<feat xlink:href="#sSpan12288" value="24"/>
		<feat xlink:href="#sSpan13735" value="25"/>
		<feat xlink:href="#sSpan15205" value="26"/>
		<feat xlink:href="#sSpan16633" value="27"/>
		<feat xlink:href="#sSpan18043" value="28"/>
		<feat xlink:href="#sSpan19509" value="29"/>
		<feat xlink:href="#sSpan20989" value="30"/>
		<feat xlink:href="#sSpan22204" value="31"/></featList></paula>