<?xml version='1.0' encoding='UTF-8'?><!DOCTYPE paula SYSTEM "paula_feat.dtd">
<paula version="1.1">
	<header paula_id="scriptorium.pachomius.instructions.02.mark_pb_xml_id"/>
	<featList xmlns:xlink="http://www.w3.org/1999/xlink" type="pb_xml_id" xml:base="scriptorium.pachomius.instructions.02.mark.xml">
		<feat xlink:href="#sSpan9" value="MERC.AR66"/>
		<feat xlink:href="#sSpan248" value="MERC.AR67"/>
		<feat xlink:href="#sSpan879" value="MERC.AR68"/>
		<feat xlink:href="#sSpan1594" value="MERC.AR69"/>
		<feat xlink:href="#sSpan2341" value="MERC.AR70"/>
		<feat xlink:href="#sSpan3051" value="MERC.AR71"/>
		<feat xlink:href="#sSpan3791" value="MERC.AR72"/>
		<feat xlink:href="#sSpan4558" value="MERC.AR73"/>
		<feat xlink:href="#sSpan5372" value="MERC.AR74"/>
		<feat xlink:href="#sSpan6020" value="MERC.AR75"/>
		<feat xlink:href="#sSpan6682" value="MERC.AR76"/>
		<feat xlink:href="#sSpan7292" value="MERC.AR77"/>
		<feat xlink:href="#sSpan7837" value="MERC.AR78"/>
		<feat xlink:href="#sSpan8589" value="MERC.AR79"/>
		<feat xlink:href="#sSpan9290" value="MERC.AR80"/>
		<feat xlink:href="#sSpan9991" value="MERC.AR81"/>
		<feat xlink:href="#sSpan10640" value="MERC.AR82"/>
		<feat xlink:href="#sSpan11296" value="MERC.AR83"/>
		<feat xlink:href="#sSpan12023" value="MERC.AR84"/>
		<feat xlink:href="#sSpan12784" value="MERC.AR85"/>
		<feat xlink:href="#sSpan13393" value="MERC.AR86"/>
		<feat xlink:href="#sSpan14021" value="MERC.AR87"/>
		<feat xlink:href="#sSpan14637" value="MERC.AR88"/>
		<feat xlink:href="#sSpan15373" value="MERC.AR89"/>
		<feat xlink:href="#sSpan15990" value="MERC.AR90"/>
		<feat xlink:href="#sSpan16674" value="MERC.AR91"/>
		<feat xlink:href="#sSpan17335" value="MERC.AR92"/>
		<feat xlink:href="#sSpan18085" value="MERC.AR93"/>
		<feat xlink:href="#sSpan18757" value="MERC.AR94"/>
		<feat xlink:href="#sSpan19418" value="MERC.AR95"/>
		<feat xlink:href="#sSpan20158" value="MERC.AR96"/>
		<feat xlink:href="#sSpan20821" value="MERC.AR97"/>
		<feat xlink:href="#sSpan21499" value="MERC.AR98"/></featList></paula>