<?xml version='1.0' encoding='UTF-8'?><!DOCTYPE paula SYSTEM "paula_feat.dtd">
<paula version="1.1">
	<header paula_id="scriptorium.pachomius.instructions.02.mark_new_sent"/>
	<featList xmlns:xlink="http://www.w3.org/1999/xlink" type="new_sent" xml:base="scriptorium.pachomius.instructions.02.mark.xml">
		<feat xlink:href="#sSpan2" value="true"/>
		<feat xlink:href="#sSpan75" value="true"/>
		<feat xlink:href="#sSpan173" value="true"/>
		<feat xlink:href="#sSpan299" value="true"/>
		<feat xlink:href="#sSpan375" value="true"/>
		<feat xlink:href="#sSpan469" value="true"/>
		<feat xlink:href="#sSpan622" value="true"/>
		<feat xlink:href="#sSpan651" value="true"/>
		<feat xlink:href="#sSpan719" value="true"/>
		<feat xlink:href="#sSpan827" value="true"/>
		<feat xlink:href="#sSpan904" value="true"/>
		<feat xlink:href="#sSpan1049" value="true"/>
		<feat xlink:href="#sSpan1234" value="true"/>
		<feat xlink:href="#sSpan1309" value="true"/>
		<feat xlink:href="#sSpan1368" value="true"/>
		<feat xlink:href="#sSpan1465" value="true"/>
		<feat xlink:href="#sSpan1625" value="true"/>
		<feat xlink:href="#sSpan1727" value="true"/>
		<feat xlink:href="#sSpan1825" value="true"/>
		<feat xlink:href="#sSpan1935" value="true"/>
		<feat xlink:href="#sSpan2019" value="true"/>
		<feat xlink:href="#sSpan2099" value="true"/>
		<feat xlink:href="#sSpan2222" value="true"/>
		<feat xlink:href="#sSpan2334" value="true"/>
		<feat xlink:href="#sSpan2415" value="true"/>
		<feat xlink:href="#sSpan2478" value="true"/>
		<feat xlink:href="#sSpan2500" value="true"/>
		<feat xlink:href="#sSpan2523" value="true"/>
		<feat xlink:href="#sSpan2601" value="true"/>
		<feat xlink:href="#sSpan2704" value="true"/>
		<feat xlink:href="#sSpan2864" value="true"/>
		<feat xlink:href="#sSpan2998" value="true"/>
		<feat xlink:href="#sSpan3039" value="true"/>
		<feat xlink:href="#sSpan3106" value="true"/>
		<feat xlink:href="#sSpan3187" value="true"/>
		<feat xlink:href="#sSpan3253" value="true"/>
		<feat xlink:href="#sSpan3432" value="true"/>
		<feat xlink:href="#sSpan3497" value="true"/>
		<feat xlink:href="#sSpan3617" value="true"/>
		<feat xlink:href="#sSpan3640" value="true"/>
		<feat xlink:href="#sSpan3726" value="true"/>
		<feat xlink:href="#sSpan3904" value="true"/>
		<feat xlink:href="#sSpan3948" value="true"/>
		<feat xlink:href="#sSpan4009" value="true"/>
		<feat xlink:href="#sSpan4135" value="true"/>
		<feat xlink:href="#sSpan4224" value="true"/>
		<feat xlink:href="#sSpan4313" value="true"/>
		<feat xlink:href="#sSpan4425" value="true"/>
		<feat xlink:href="#sSpan4789" value="true"/>
		<feat xlink:href="#sSpan4838" value="true"/>
		<feat xlink:href="#sSpan4946" value="true"/>
		<feat xlink:href="#sSpan5060" value="true"/>
		<feat xlink:href="#sSpan5136" value="true"/>
		<feat xlink:href="#sSpan5236" value="true"/>
		<feat xlink:href="#sSpan5283" value="true"/>
		<feat xlink:href="#sSpan5424" value="true"/>
		<feat xlink:href="#sSpan5458" value="true"/>
		<feat xlink:href="#sSpan5516" value="true"/>
		<feat xlink:href="#sSpan5748" value="true"/>
		<feat xlink:href="#sSpan5913" value="true"/>
		<feat xlink:href="#sSpan6013" value="true"/>
		<feat xlink:href="#sSpan6107" value="true"/>
		<feat xlink:href="#sSpan6246" value="true"/>
		<feat xlink:href="#sSpan6348" value="true"/>
		<feat xlink:href="#sSpan6495" value="true"/>
		<feat xlink:href="#sSpan6587" value="true"/>
		<feat xlink:href="#sSpan6702" value="true"/>
		<feat xlink:href="#sSpan6764" value="true"/>
		<feat xlink:href="#sSpan6918" value="true"/>
		<feat xlink:href="#sSpan6991" value="true"/>
		<feat xlink:href="#sSpan7091" value="true"/>
		<feat xlink:href="#sSpan7192" value="true"/>
		<feat xlink:href="#sSpan7278" value="true"/>
		<feat xlink:href="#sSpan7321" value="true"/>
		<feat xlink:href="#sSpan7405" value="true"/>
		<feat xlink:href="#sSpan7453" value="true"/>
		<feat xlink:href="#sSpan7488" value="true"/>
		<feat xlink:href="#sSpan7567" value="true"/>
		<feat xlink:href="#sSpan7644" value="true"/>
		<feat xlink:href="#sSpan7704" value="true"/>
		<feat xlink:href="#sSpan7822" value="true"/>
		<feat xlink:href="#sSpan7950" value="true"/>
		<feat xlink:href="#sSpan7982" value="true"/>
		<feat xlink:href="#sSpan8026" value="true"/>
		<feat xlink:href="#sSpan8102" value="true"/>
		<feat xlink:href="#sSpan8158" value="true"/>
		<feat xlink:href="#sSpan8333" value="true"/>
		<feat xlink:href="#sSpan8446" value="true"/>
		<feat xlink:href="#sSpan8521" value="true"/>
		<feat xlink:href="#sSpan8581" value="true"/>
		<feat xlink:href="#sSpan8639" value="true"/>
		<feat xlink:href="#sSpan8703" value="true"/>
		<feat xlink:href="#sSpan8753" value="true"/>
		<feat xlink:href="#sSpan8836" value="true"/>
		<feat xlink:href="#sSpan8886" value="true"/>
		<feat xlink:href="#sSpan8948" value="true"/>
		<feat xlink:href="#sSpan8995" value="true"/>
		<feat xlink:href="#sSpan9072" value="true"/>
		<feat xlink:href="#sSpan9159" value="true"/>
		<feat xlink:href="#sSpan9229" value="true"/>
		<feat xlink:href="#sSpan9420" value="true"/>
		<feat xlink:href="#sSpan9469" value="true"/>
		<feat xlink:href="#sSpan9520" value="true"/>
		<feat xlink:href="#sSpan9628" value="true"/>
		<feat xlink:href="#sSpan9643" value="true"/>
		<feat xlink:href="#sSpan9819" value="true"/>
		<feat xlink:href="#sSpan9914" value="true"/>
		<feat xlink:href="#sSpan10029" value="true"/>
		<feat xlink:href="#sSpan10144" value="true"/>
		<feat xlink:href="#sSpan10222" value="true"/>
		<feat xlink:href="#sSpan10322" value="true"/>
		<feat xlink:href="#sSpan10435" value="true"/>
		<feat xlink:href="#sSpan10490" value="true"/>
		<feat xlink:href="#sSpan10540" value="true"/>
		<feat xlink:href="#sSpan10616" value="true"/>
		<feat xlink:href="#sSpan10693" value="true"/>
		<feat xlink:href="#sSpan10772" value="true"/>
		<feat xlink:href="#sSpan10838" value="true"/>
		<feat xlink:href="#sSpan10942" value="true"/>
		<feat xlink:href="#sSpan11045" value="true"/>
		<feat xlink:href="#sSpan11107" value="true"/>
		<feat xlink:href="#sSpan11178" value="true"/>
		<feat xlink:href="#sSpan11248" value="true"/>
		<feat xlink:href="#sSpan11369" value="true"/>
		<feat xlink:href="#sSpan11460" value="true"/>
		<feat xlink:href="#sSpan11512" value="true"/>
		<feat xlink:href="#sSpan11614" value="true"/>
		<feat xlink:href="#sSpan11726" value="true"/>
		<feat xlink:href="#sSpan11820" value="true"/>
		<feat xlink:href="#sSpan11946" value="true"/>
		<feat xlink:href="#sSpan12120" value="true"/>
		<feat xlink:href="#sSpan12238" value="true"/>
		<feat xlink:href="#sSpan12280" value="true"/>
		<feat xlink:href="#sSpan12464" value="true"/>
		<feat xlink:href="#sSpan12641" value="true"/>
		<feat xlink:href="#sSpan12734" value="true"/>
		<feat xlink:href="#sSpan12833" value="true"/>
		<feat xlink:href="#sSpan12903" value="true"/>
		<feat xlink:href="#sSpan12960" value="true"/>
		<feat xlink:href="#sSpan13023" value="true"/>
		<feat xlink:href="#sSpan13105" value="true"/>
		<feat xlink:href="#sSpan13323" value="true"/>
		<feat xlink:href="#sSpan13426" value="true"/>
		<feat xlink:href="#sSpan13560" value="true"/>
		<feat xlink:href="#sSpan13686" value="true"/>
		<feat xlink:href="#sSpan13829" value="true"/>
		<feat xlink:href="#sSpan13892" value="true"/>
		<feat xlink:href="#sSpan13985" value="true"/>
		<feat xlink:href="#sSpan14032" value="true"/>
		<feat xlink:href="#sSpan14082" value="true"/>
		<feat xlink:href="#sSpan14177" value="true"/>
		<feat xlink:href="#sSpan14298" value="true"/>
		<feat xlink:href="#sSpan14352" value="true"/>
		<feat xlink:href="#sSpan14415" value="true"/>
		<feat xlink:href="#sSpan14448" value="true"/>
		<feat xlink:href="#sSpan14502" value="true"/>
		<feat xlink:href="#sSpan14575" value="true"/>
		<feat xlink:href="#sSpan14687" value="true"/>
		<feat xlink:href="#sSpan14745" value="true"/>
		<feat xlink:href="#sSpan14782" value="true"/>
		<feat xlink:href="#sSpan15023" value="true"/>
		<feat xlink:href="#sSpan15210" value="true"/>
		<feat xlink:href="#sSpan15269" value="true"/>
		<feat xlink:href="#sSpan15311" value="true"/>
		<feat xlink:href="#sSpan15493" value="true"/>
		<feat xlink:href="#sSpan15668" value="true"/>
		<feat xlink:href="#sSpan15745" value="true"/>
		<feat xlink:href="#sSpan15864" value="true"/>
		<feat xlink:href="#sSpan15930" value="true"/>
		<feat xlink:href="#sSpan16085" value="true"/>
		<feat xlink:href="#sSpan16122" value="true"/>
		<feat xlink:href="#sSpan16233" value="true"/>
		<feat xlink:href="#sSpan16329" value="true"/>
		<feat xlink:href="#sSpan16458" value="true"/>
		<feat xlink:href="#sSpan16492" value="true"/>
		<feat xlink:href="#sSpan16576" value="true"/>
		<feat xlink:href="#sSpan16626" value="true"/>
		<feat xlink:href="#sSpan16700" value="true"/>
		<feat xlink:href="#sSpan16732" value="true"/>
		<feat xlink:href="#sSpan16797" value="true"/>
		<feat xlink:href="#sSpan16931" value="true"/>
		<feat xlink:href="#sSpan16979" value="true"/>
		<feat xlink:href="#sSpan17022" value="true"/>
		<feat xlink:href="#sSpan17100" value="true"/>
		<feat xlink:href="#sSpan17148" value="true"/>
		<feat xlink:href="#sSpan17218" value="true"/>
		<feat xlink:href="#sSpan17301" value="true"/>
		<feat xlink:href="#sSpan17410" value="true"/>
		<feat xlink:href="#sSpan17442" value="true"/>
		<feat xlink:href="#sSpan17560" value="true"/>
		<feat xlink:href="#sSpan17630" value="true"/>
		<feat xlink:href="#sSpan17726" value="true"/>
		<feat xlink:href="#sSpan17844" value="true"/>
		<feat xlink:href="#sSpan17922" value="true"/>
		<feat xlink:href="#sSpan18059" value="true"/>
		<feat xlink:href="#sSpan18111" value="true"/>
		<feat xlink:href="#sSpan18268" value="true"/>
		<feat xlink:href="#sSpan18360" value="true"/>
		<feat xlink:href="#sSpan18428" value="true"/>
		<feat xlink:href="#sSpan18509" value="true"/>
		<feat xlink:href="#sSpan18645" value="true"/>
		<feat xlink:href="#sSpan18712" value="true"/>
		<feat xlink:href="#sSpan18790" value="true"/>
		<feat xlink:href="#sSpan18878" value="true"/>
		<feat xlink:href="#sSpan18926" value="true"/>
		<feat xlink:href="#sSpan19006" value="true"/>
		<feat xlink:href="#sSpan19057" value="true"/>
		<feat xlink:href="#sSpan19136" value="true"/>
		<feat xlink:href="#sSpan19260" value="true"/>
		<feat xlink:href="#sSpan19306" value="true"/>
		<feat xlink:href="#sSpan19395" value="true"/>
		<feat xlink:href="#sSpan19479" value="true"/>
		<feat xlink:href="#sSpan19527" value="true"/>
		<feat xlink:href="#sSpan19618" value="true"/>
		<feat xlink:href="#sSpan19679" value="true"/>
		<feat xlink:href="#sSpan19728" value="true"/>
		<feat xlink:href="#sSpan19769" value="true"/>
		<feat xlink:href="#sSpan19926" value="true"/>
		<feat xlink:href="#sSpan19974" value="true"/>
		<feat xlink:href="#sSpan20003" value="true"/>
		<feat xlink:href="#sSpan20027" value="true"/>
		<feat xlink:href="#sSpan20071" value="true"/>
		<feat xlink:href="#sSpan20171" value="true"/>
		<feat xlink:href="#sSpan20227" value="true"/>
		<feat xlink:href="#sSpan20389" value="true"/>
		<feat xlink:href="#sSpan20442" value="true"/>
		<feat xlink:href="#sSpan20485" value="true"/>
		<feat xlink:href="#sSpan20552" value="true"/>
		<feat xlink:href="#sSpan20592" value="true"/>
		<feat xlink:href="#sSpan20656" value="true"/>
		<feat xlink:href="#sSpan20743" value="true"/>
		<feat xlink:href="#sSpan20773" value="true"/>
		<feat xlink:href="#sSpan20814" value="true"/>
		<feat xlink:href="#sSpan20868" value="true"/>
		<feat xlink:href="#sSpan20925" value="true"/>
		<feat xlink:href="#sSpan20998" value="true"/>
		<feat xlink:href="#sSpan21053" value="true"/>
		<feat xlink:href="#sSpan21111" value="true"/>
		<feat xlink:href="#sSpan21150" value="true"/>
		<feat xlink:href="#sSpan21335" value="true"/>
		<feat xlink:href="#sSpan21395" value="true"/>
		<feat xlink:href="#sSpan21583" value="true"/>
		<feat xlink:href="#sSpan21606" value="true"/>
		<feat xlink:href="#sSpan21721" value="true"/>
		<feat xlink:href="#sSpan21752" value="true"/>
		<feat xlink:href="#sSpan22044" value="true"/>
		<feat xlink:href="#sSpan22262" value="true"/>
		<feat xlink:href="#sSpan22349" value="true"/>
		<feat xlink:href="#sSpan22458" value="true"/></featList></paula>