<?xml version='1.0' encoding='UTF-8'?><!DOCTYPE paula SYSTEM "paula_feat.dtd">
<paula version="1.1">
	<header paula_id="scriptorium.pachomius.instructions.02.mark_multiword"/>
	<featList xmlns:xlink="http://www.w3.org/1999/xlink" type="multiword" xml:base="scriptorium.pachomius.instructions.02.mark.xml">
		<feat xlink:href="#sSpan27" value="ⲡⲱⲧ ⲉⲃⲟⲗ"/>
		<feat xlink:href="#sSpan420" value="ⲉⲃⲟⲗ ϫⲉ"/>
		<feat xlink:href="#sSpan477" value="ⲡⲱⲧ ⲛⲥⲁ"/>
		<feat xlink:href="#sSpan543" value="ⲉⲃⲟⲗ ϩⲛ"/>
		<feat xlink:href="#sSpan641" value="ϩⲱⲃ ⲛⲓⲙ"/>
		<feat xlink:href="#sSpan739" value="ⲙⲛⲧϣⲏⲣⲉ ϣⲏⲙ"/>
		<feat xlink:href="#sSpan1167" value="ⲉⲓ ⲉ"/>
		<feat xlink:href="#sSpan1246" value="ⲟⲩⲟⲛ ⲛⲓⲙ"/>
		<feat xlink:href="#sSpan1581" value="ⲉⲃⲟⲗ ϫⲉ"/>
		<feat xlink:href="#sSpan1686" value="ϣⲱⲱⲧ ⲉⲃⲟⲗ"/>
		<feat xlink:href="#sSpan1846" value="ⲉⲓⲣⲉ ⲛ"/>
		<feat xlink:href="#sSpan1878" value="ϥⲱⲧⲉ ⲉⲃⲟⲗ"/>
		<feat xlink:href="#sSpan1983" value="ⲧⲥⲧⲟ ⲉⲃⲟⲗ"/>
		<feat xlink:href="#sSpan2000" value="ⲙⲟⲟϣⲉ ϩⲛ"/>
		<feat xlink:href="#sSpan2045" value="ϩⲱⲃ ⲛⲓⲙ"/>
		<feat xlink:href="#sSpan2147" value="ⲧⲥⲧⲟ ⲉⲃⲟⲗ"/>
		<feat xlink:href="#sSpan2390" value="ⲉ ⲁ"/>
		<feat xlink:href="#sSpan2527" value="ⲡⲱⲧ ⲉⲃⲟⲗ"/>
		<feat xlink:href="#sSpan2633" value="ⲉⲃⲟⲗ ϫⲉ"/>
		<feat xlink:href="#sSpan2691" value="ⲙⲏⲏϣⲉ ⲛ"/>
		<feat xlink:href="#sSpan2920" value="ⲁⲗⲉ ⲉϩⲣⲁⲓ"/>
		<feat xlink:href="#sSpan3043" value="ⲡⲱⲧ ⲛⲥⲁ"/>
		<feat xlink:href="#sSpan3359" value="ⲉⲃⲟⲗ ϩⲛ"/>
		<feat xlink:href="#sSpan3453" value="ϣⲓⲛⲉ ⲛⲥⲁ"/>
		<feat xlink:href="#sSpan4087" value="ⲉⲃⲟⲗ ϫⲉ"/>
		<feat xlink:href="#sSpan4277" value="ⲛⲁⲩ ⲉⲃⲟⲗ"/>
		<feat xlink:href="#sSpan4588" value="ⲁϩⲉ ⲛ"/>
		<feat xlink:href="#sSpan4672" value="ⲉ ⲁ"/>
		<feat xlink:href="#sSpan4806" value="ⲉⲧⲃⲉ ⲟⲩ"/>
		<feat xlink:href="#sSpan5083" value="ⲃⲱⲕ ⲉ"/>
		<feat xlink:href="#sSpan5164" value="ⲃⲱⲕ ⲉϩⲟⲩⲛ"/>
		<feat xlink:href="#sSpan5196" value="ⲉⲃⲟⲗ ϫⲉ"/>
		<feat xlink:href="#sSpan5428" value="ⲕⲱ ⲉⲃⲟⲗ"/>
		<feat xlink:href="#sSpan5472" value="ⲕⲱ ⲉⲃⲟⲗ"/>
		<feat xlink:href="#sSpan5530" value="ⲙⲟⲩⲣ ⲙⲛ"/>
		<feat xlink:href="#sSpan6262" value="ϫⲓ ϩⲣⲁ"/>
		<feat xlink:href="#sSpan6621" value="ⲉⲧⲃⲉ ϫⲉ"/>
		<feat xlink:href="#sSpan6632" value="ⲙⲟⲩⲣ ⲙⲛ"/>
		<feat xlink:href="#sSpan6752" value="ⲙⲏⲏϣⲉ ⲛ"/>
		<feat xlink:href="#sSpan6839" value="ⲕⲱ ⲉⲃⲟⲗ"/>
		<feat xlink:href="#sSpan6920" value="ⲉⲓⲥ ϩⲏⲏⲧⲉ"/>
		<feat xlink:href="#sSpan7032" value="ⲉ ⲁ"/>
		<feat xlink:href="#sSpan7066" value="ⲉ ⲁ"/>
		<feat xlink:href="#sSpan8173" value="ⲙⲟⲩⲣ ⲙⲛ"/>
		<feat xlink:href="#sSpan8523" value="ⲉⲧⲃⲉ ⲡⲁⲓ"/>
		<feat xlink:href="#sSpan9803" value="ⲉⲃⲟⲗ ϩⲛ"/>
		<feat xlink:href="#sSpan9841" value="ϯ ⲉⲧⲟⲟⲧ ⲛ"/>
		<feat xlink:href="#sSpan9882" value="ⲛⲟⲩϫⲉ ⲉⲃⲟⲗ"/>
		<feat xlink:href="#sSpan9930" value="ϯ ⲉⲧⲟⲟⲧ ⲛ"/>
		<feat xlink:href="#sSpan10004" value="ⲡⲱⲧ ⲉⲃⲟⲗ"/>
		<feat xlink:href="#sSpan10469" value="ⲙⲓϣⲉ ⲙⲛ"/>
		<feat xlink:href="#sSpan10808" value="ⲛ ⲁⲛ"/>
		<feat xlink:href="#sSpan10975" value="ⲉⲃⲟⲗ ϩⲛ"/>
		<feat xlink:href="#sSpan11340" value="ⲥⲱⲗⲡ ⲉⲃⲟⲗ"/>
		<feat xlink:href="#sSpan11444" value="ⲡⲱϣⲥ ϩⲛ"/>
		<feat xlink:href="#sSpan11693" value="ⲙⲟⲟϣⲉ ⲉ"/>
		<feat xlink:href="#sSpan12072" value="ⲙⲛⲧϣⲏⲣⲉ ϣⲏⲙ"/>
		<feat xlink:href="#sSpan12512" value="ϯ ⲉⲧⲟⲟⲧ ⲛ"/>
		<feat xlink:href="#sSpan12615" value="ⲛⲏⲩ ⲉ"/>
		<feat xlink:href="#sSpan13212" value="ⲗⲟ ⲉ"/>
		<feat xlink:href="#sSpan13222" value="ⲥⲱⲧⲙ ⲛⲥⲁ"/>
		<feat xlink:href="#sSpan13301" value="ⲙⲟⲟϣⲉ ϩⲛ"/>
		<feat xlink:href="#sSpan13356" value="ⲱϣ ⲉⲃⲟⲗ"/>
		<feat xlink:href="#sSpan13672" value="ⲥⲱⲧⲙ ⲛⲥⲁ"/>
		<feat xlink:href="#sSpan13894" value="ⲉⲧⲃⲉ ⲡⲁⲓ"/>
		<feat xlink:href="#sSpan13922" value="ϯ ⲉ"/>
		<feat xlink:href="#sSpan14661" value="ⲃⲱⲕ ⲉϩⲟⲩⲛ"/>
		<feat xlink:href="#sSpan14703" value="ⲟⲩⲟⲛ ⲛⲓⲙ"/>
		<feat xlink:href="#sSpan14713" value="ⲃⲱⲕ ⲉϩⲟⲩⲛ"/>
		<feat xlink:href="#sSpan14987" value="ⲥⲣϥⲉ ⲉ"/>
		<feat xlink:href="#sSpan15945" value="ⲉ ⲁ"/>
		<feat xlink:href="#sSpan16022" value="ⲉⲃⲟⲗ ϫⲉ"/>
		<feat xlink:href="#sSpan16208" value="ⲙⲟⲟϣⲉ ϩⲛ"/>
		<feat xlink:href="#sSpan16553" value="ϩⲉ ⲉ"/>
		<feat xlink:href="#sSpan18028" value="ⲉⲓⲁ ⲛⲧⲟⲟⲩ"/>
		<feat xlink:href="#sSpan18190" value="ϯ ⲡⲉϥ ⲟⲩⲟⲓ"/>
		<feat xlink:href="#sSpan18936" value="ⲙⲟⲩⲣ ⲙⲛ"/>
		<feat xlink:href="#sSpan19352" value="ⲕⲱ ⲉⲃⲟⲗ"/>
		<feat xlink:href="#sSpan19570" value="ⲉⲓⲛⲉ ⲛ"/>
		<feat xlink:href="#sSpan20297" value="ⲱϣ ⲉⲃⲟⲗ"/>
		<feat xlink:href="#sSpan20844" value="ⲉⲃⲟⲗ ϫⲉ"/>
		<feat xlink:href="#sSpan20891" value="ⲕⲁ ⲣⲱ"/>
		<feat xlink:href="#sSpan20901" value="ⲉⲃⲟⲗ ϫⲉ"/>
		<feat xlink:href="#sSpan21139" value="ϩⲱⲃ ⲛⲓⲙ"/>
		<feat xlink:href="#sSpan21497" value="ⲉⲃⲟⲗ ϩⲓⲧⲟⲟⲧ"/>
		<feat xlink:href="#sSpan22138" value="ϩⲱⲃ ⲛⲓⲙ"/>
		<feat xlink:href="#sSpan22198" value="ⲕⲱ ⲉⲃⲟⲗ"/>
		<feat xlink:href="#sSpan22433" value="ⲉⲃⲟⲗ ϫⲉ"/></featList></paula>