<?xml version='1.0' encoding='UTF-8'?><!DOCTYPE paula SYSTEM "paula_feat.dtd">
<paula version="1.1">
	<header paula_id="scriptorium.pachomius.instructions.02.mark_ed_line_n"/>
	<featList xmlns:xlink="http://www.w3.org/1999/xlink" type="ed_line_n" xml:base="scriptorium.pachomius.instructions.02.mark.xml">
		<feat xlink:href="#sSpan6" value="20"/>
		<feat xlink:href="#sSpan57" value="21"/>
		<feat xlink:href="#sSpan103" value="22"/>
		<feat xlink:href="#sSpan151" value="23"/>
		<feat xlink:href="#sSpan203" value="24"/>
		<feat xlink:href="#sSpan247" value="25"/>
		<feat xlink:href="#sSpan291" value="26"/>
		<feat xlink:href="#sSpan331" value="27"/>
		<feat xlink:href="#sSpan365" value="28"/>
		<feat xlink:href="#sSpan409" value="29"/>
		<feat xlink:href="#sSpan459" value="30"/>
		<feat xlink:href="#sSpan503" value="31"/>
		<feat xlink:href="#sSpan536" value="32"/>
		<feat xlink:href="#sSpan579" value="33"/>
		<feat xlink:href="#sSpan611" value="34"/>
		<feat xlink:href="#sSpan628" value="1"/>
		<feat xlink:href="#sSpan669" value="2"/>
		<feat xlink:href="#sSpan703" value="3"/>
		<feat xlink:href="#sSpan746" value="4"/>
		<feat xlink:href="#sSpan785" value="5"/>
		<feat xlink:href="#sSpan831" value="6"/>
		<feat xlink:href="#sSpan878" value="7"/>
		<feat xlink:href="#sSpan926" value="8"/>
		<feat xlink:href="#sSpan971" value="9"/>
		<feat xlink:href="#sSpan1019" value="10"/>
		<feat xlink:href="#sSpan1069" value="11"/>
		<feat xlink:href="#sSpan1114" value="12"/>
		<feat xlink:href="#sSpan1160" value="13"/>
		<feat xlink:href="#sSpan1217" value="14"/>
		<feat xlink:href="#sSpan1261" value="15"/>
		<feat xlink:href="#sSpan1293" value="16"/>
		<feat xlink:href="#sSpan1313" value="17"/>
		<feat xlink:href="#sSpan1360" value="18"/>
		<feat xlink:href="#sSpan1414" value="19"/>
		<feat xlink:href="#sSpan1460" value="20"/>
		<feat xlink:href="#sSpan1511" value="21"/>
		<feat xlink:href="#sSpan1556" value="22"/>
		<feat xlink:href="#sSpan1593" value="23"/>
		<feat xlink:href="#sSpan1646" value="24"/>
		<feat xlink:href="#sSpan1691" value="25"/>
		<feat xlink:href="#sSpan1731" value="26"/>
		<feat xlink:href="#sSpan1769" value="27"/>
		<feat xlink:href="#sSpan1807" value="28"/>
		<feat xlink:href="#sSpan1847" value="29"/>
		<feat xlink:href="#sSpan1883" value="30"/>
		<feat xlink:href="#sSpan1927" value="31"/>
		<feat xlink:href="#sSpan1939" value="32"/>
		<feat xlink:href="#sSpan1980" value="33"/>
		<feat xlink:href="#sSpan2023" value="34"/>
		<feat xlink:href="#sSpan2073" value="1"/>
		<feat xlink:href="#sSpan2113" value="2"/>
		<feat xlink:href="#sSpan2163" value="3"/>
		<feat xlink:href="#sSpan2215" value="4"/>
		<feat xlink:href="#sSpan2258" value="5"/>
		<feat xlink:href="#sSpan2300" value="6"/>
		<feat xlink:href="#sSpan2338" value="7"/>
		<feat xlink:href="#sSpan2381" value="8"/>
		<feat xlink:href="#sSpan2410" value="9"/>
		<feat xlink:href="#sSpan2452" value="10"/>
		<feat xlink:href="#sSpan2492" value="11"/>
		<feat xlink:href="#sSpan2542" value="12"/>
		<feat xlink:href="#sSpan2579" value="13"/>
		<feat xlink:href="#sSpan2605" value="14"/>
		<feat xlink:href="#sSpan2643" value="15"/>
		<feat xlink:href="#sSpan2688" value="16"/>
		<feat xlink:href="#sSpan2734" value="17"/>
		<feat xlink:href="#sSpan2775" value="18"/>
		<feat xlink:href="#sSpan2820" value="19"/>
		<feat xlink:href="#sSpan2872" value="20"/>
		<feat xlink:href="#sSpan2921" value="21"/>
		<feat xlink:href="#sSpan2958" value="22"/>
		<feat xlink:href="#sSpan3007" value="23"/>
		<feat xlink:href="#sSpan3050" value="24"/>
		<feat xlink:href="#sSpan3088" value="25"/>
		<feat xlink:href="#sSpan3129" value="26"/>
		<feat xlink:href="#sSpan3180" value="27"/>
		<feat xlink:href="#sSpan3233" value="28"/>
		<feat xlink:href="#sSpan3280" value="29"/>
		<feat xlink:href="#sSpan3332" value="30"/>
		<feat xlink:href="#sSpan3379" value="31"/>
		<feat xlink:href="#sSpan3436" value="32"/>
		<feat xlink:href="#sSpan3480" value="33"/>
		<feat xlink:href="#sSpan3525" value="34"/>
		<feat xlink:href="#sSpan3570" value="1"/>
		<feat xlink:href="#sSpan3624" value="2"/>
		<feat xlink:href="#sSpan3673" value="3"/>
		<feat xlink:href="#sSpan3710" value="4"/>
		<feat xlink:href="#sSpan3754" value="5"/>
		<feat xlink:href="#sSpan3790" value="6"/>
		<feat xlink:href="#sSpan3833" value="7"/>
		<feat xlink:href="#sSpan3873" value="8"/>
		<feat xlink:href="#sSpan3918" value="9"/>
		<feat xlink:href="#sSpan3964" value="10"/>
		<feat xlink:href="#sSpan4013" value="11"/>
		<feat xlink:href="#sSpan4065" value="12"/>
		<feat xlink:href="#sSpan4109" value="13"/>
		<feat xlink:href="#sSpan4159" value="14"/>
		<feat xlink:href="#sSpan4206" value="15"/>
		<feat xlink:href="#sSpan4251" value="16"/>
		<feat xlink:href="#sSpan4293" value="17"/>
		<feat xlink:href="#sSpan4341" value="18"/>
		<feat xlink:href="#sSpan4377" value="19"/>
		<feat xlink:href="#sSpan4418" value="20"/>
		<feat xlink:href="#sSpan4470" value="21"/>
		<feat xlink:href="#sSpan4508" value="22"/>
		<feat xlink:href="#sSpan4557" value="23"/>
		<feat xlink:href="#sSpan4605" value="24"/>
		<feat xlink:href="#sSpan4649" value="25"/>
		<feat xlink:href="#sSpan4687" value="26"/>
		<feat xlink:href="#sSpan4732" value="27"/>
		<feat xlink:href="#sSpan4769" value="28"/>
		<feat xlink:href="#sSpan4793" value="29"/>
		<feat xlink:href="#sSpan4842" value="30"/>
		<feat xlink:href="#sSpan4890" value="31"/>
		<feat xlink:href="#sSpan4936" value="32"/>
		<feat xlink:href="#sSpan4985" value="33"/>
		<feat xlink:href="#sSpan5028" value="34"/>
		<feat xlink:href="#sSpan5075" value="1"/>
		<feat xlink:href="#sSpan5122" value="2"/>
		<feat xlink:href="#sSpan5169" value="3"/>
		<feat xlink:href="#sSpan5211" value="4"/>
		<feat xlink:href="#sSpan5257" value="5"/>
		<feat xlink:href="#sSpan5287" value="6"/>
		<feat xlink:href="#sSpan5326" value="7"/>
		<feat xlink:href="#sSpan5371" value="8"/>
		<feat xlink:href="#sSpan5411" value="9"/>
		<feat xlink:href="#sSpan5453" value="10"/>
		<feat xlink:href="#sSpan5505" value="11"/>
		<feat xlink:href="#sSpan5548" value="12"/>
		<feat xlink:href="#sSpan5586" value="13"/>
		<feat xlink:href="#sSpan5629" value="14"/>
		<feat xlink:href="#sSpan5667" value="15"/>
		<feat xlink:href="#sSpan5705" value="16"/>
		<feat xlink:href="#sSpan5757" value="17"/>
		<feat xlink:href="#sSpan5797" value="18"/>
		<feat xlink:href="#sSpan5838" value="19"/>
		<feat xlink:href="#sSpan5879" value="20"/>
		<feat xlink:href="#sSpan5917" value="21"/>
		<feat xlink:href="#sSpan5956" value="22"/>
		<feat xlink:href="#sSpan6001" value="23"/>
		<feat xlink:href="#sSpan6017" value="24"/>
		<feat xlink:href="#sSpan6067" value="25"/>
		<feat xlink:href="#sSpan6112" value="26"/>
		<feat xlink:href="#sSpan6158" value="27"/>
		<feat xlink:href="#sSpan6204" value="28"/>
		<feat xlink:href="#sSpan6251" value="29"/>
		<feat xlink:href="#sSpan6293" value="30"/>
		<feat xlink:href="#sSpan6338" value="31"/>
		<feat xlink:href="#sSpan6383" value="32"/>
		<feat xlink:href="#sSpan6421" value="33"/>
		<feat xlink:href="#sSpan6472" value="34"/>
		<feat xlink:href="#sSpan6516" value="1"/>
		<feat xlink:href="#sSpan6554" value="2"/>
		<feat xlink:href="#sSpan6592" value="3"/>
		<feat xlink:href="#sSpan6637" value="4"/>
		<feat xlink:href="#sSpan6681" value="5"/>
		<feat xlink:href="#sSpan6706" value="6"/>
		<feat xlink:href="#sSpan6743" value="7"/>
		<feat xlink:href="#sSpan6791" value="8"/>
		<feat xlink:href="#sSpan6832" value="9"/>
		<feat xlink:href="#sSpan6865" value="10"/>
		<feat xlink:href="#sSpan6904" value="11"/>
		<feat xlink:href="#sSpan6940" value="12"/>
		<feat xlink:href="#sSpan6982" value="13"/>
		<feat xlink:href="#sSpan7018" value="14"/>
		<feat xlink:href="#sSpan7057" value="15"/>
		<feat xlink:href="#sSpan7104" value="16"/>
		<feat xlink:href="#sSpan7152" value="17"/>
		<feat xlink:href="#sSpan7202" value="18"/>
		<feat xlink:href="#sSpan7239" value="19"/>
		<feat xlink:href="#sSpan7291" value="20"/>
		<feat xlink:href="#sSpan7338" value="21"/>
		<feat xlink:href="#sSpan7378" value="22"/>
		<feat xlink:href="#sSpan7429" value="23"/>
		<feat xlink:href="#sSpan7472" value="24"/>
		<feat xlink:href="#sSpan7492" value="25"/>
		<feat xlink:href="#sSpan7537" value="26"/>
		<feat xlink:href="#sSpan7582" value="27"/>
		<feat xlink:href="#sSpan7615" value="28"/>
		<feat xlink:href="#sSpan7648" value="29"/>
		<feat xlink:href="#sSpan7692" value="30"/>
		<feat xlink:href="#sSpan7730" value="31"/>
		<feat xlink:href="#sSpan7772" value="32"/>
		<feat xlink:href="#sSpan7797" value="33"/>
		<feat xlink:href="#sSpan7836" value="34"/>
		<feat xlink:href="#sSpan7882" value="1"/>
		<feat xlink:href="#sSpan7929" value="2"/>
		<feat xlink:href="#sSpan7977" value="3"/>
		<feat xlink:href="#sSpan8030" value="4"/>
		<feat xlink:href="#sSpan8071" value="5"/>
		<feat xlink:href="#sSpan8116" value="6"/>
		<feat xlink:href="#sSpan8162" value="7"/>
		<feat xlink:href="#sSpan8209" value="8"/>
		<feat xlink:href="#sSpan8248" value="9"/>
		<feat xlink:href="#sSpan8284" value="10"/>
		<feat xlink:href="#sSpan8326" value="11"/>
		<feat xlink:href="#sSpan8378" value="12"/>
		<feat xlink:href="#sSpan8411" value="13"/>
		<feat xlink:href="#sSpan8455" value="14"/>
		<feat xlink:href="#sSpan8510" value="15"/>
		<feat xlink:href="#sSpan8564" value="16"/>
		<feat xlink:href="#sSpan8588" value="17"/>
		<feat xlink:href="#sSpan8649" value="18"/>
		<feat xlink:href="#sSpan8695" value="19"/>
		<feat xlink:href="#sSpan8746" value="20"/>
		<feat xlink:href="#sSpan8795" value="21"/>
		<feat xlink:href="#sSpan8840" value="22"/>
		<feat xlink:href="#sSpan8880" value="23"/>
		<feat xlink:href="#sSpan8926" value="24"/>
		<feat xlink:href="#sSpan8977" value="25"/>
		<feat xlink:href="#sSpan9021" value="26"/>
		<feat xlink:href="#sSpan9076" value="27"/>
		<feat xlink:href="#sSpan9119" value="28"/>
		<feat xlink:href="#sSpan9163" value="29"/>
		<feat xlink:href="#sSpan9208" value="30"/>
		<feat xlink:href="#sSpan9246" value="31"/>
		<feat xlink:href="#sSpan9289" value="32"/>
		<feat xlink:href="#sSpan9338" value="1"/>
		<feat xlink:href="#sSpan9392" value="2"/>
		<feat xlink:href="#sSpan9438" value="3"/>
		<feat xlink:href="#sSpan9479" value="4"/>
		<feat xlink:href="#sSpan9524" value="5"/>
		<feat xlink:href="#sSpan9573" value="6"/>
		<feat xlink:href="#sSpan9605" value="7"/>
		<feat xlink:href="#sSpan9657" value="8"/>
		<feat xlink:href="#sSpan9706" value="9"/>
		<feat xlink:href="#sSpan9749" value="10"/>
		<feat xlink:href="#sSpan9791" value="11"/>
		<feat xlink:href="#sSpan9832" value="12"/>
		<feat xlink:href="#sSpan9877" value="13"/>
		<feat xlink:href="#sSpan9907" value="14"/>
		<feat xlink:href="#sSpan9954" value="15"/>
		<feat xlink:href="#sSpan9990" value="16"/>
		<feat xlink:href="#sSpan10033" value="17"/>
		<feat xlink:href="#sSpan10073" value="18"/>
		<feat xlink:href="#sSpan10111" value="19"/>
		<feat xlink:href="#sSpan10148" value="20"/>
		<feat xlink:href="#sSpan10202" value="21"/>
		<feat xlink:href="#sSpan10249" value="22"/>
		<feat xlink:href="#sSpan10284" value="23"/>
		<feat xlink:href="#sSpan10326" value="24"/>
		<feat xlink:href="#sSpan10371" value="25"/>
		<feat xlink:href="#sSpan10408" value="26"/>
		<feat xlink:href="#sSpan10455" value="27"/>
		<feat xlink:href="#sSpan10494" value="28"/>
		<feat xlink:href="#sSpan10544" value="29"/>
		<feat xlink:href="#sSpan10586" value="30"/>
		<feat xlink:href="#sSpan10638" value="31"/>
		<feat xlink:href="#sSpan10682" value="32"/>
		<feat xlink:href="#sSpan10732" value="33"/>
		<feat xlink:href="#sSpan10776" value="34"/>
		<feat xlink:href="#sSpan10820" value="1"/>
		<feat xlink:href="#sSpan10866" value="2"/>
		<feat xlink:href="#sSpan10915" value="3"/>
		<feat xlink:href="#sSpan10953" value="4"/>
		<feat xlink:href="#sSpan10992" value="5"/>
		<feat xlink:href="#sSpan11034" value="6"/>
		<feat xlink:href="#sSpan11076" value="7"/>
		<feat xlink:href="#sSpan11126" value="8"/>
		<feat xlink:href="#sSpan11160" value="9"/>
		<feat xlink:href="#sSpan11215" value="10"/>
		<feat xlink:href="#sSpan11253" value="11"/>
		<feat xlink:href="#sSpan11295" value="12"/>
		<feat xlink:href="#sSpan11345" value="13"/>
		<feat xlink:href="#sSpan11394" value="14"/>
		<feat xlink:href="#sSpan11445" value="15"/>
		<feat xlink:href="#sSpan11486" value="16"/>
		<feat xlink:href="#sSpan11523" value="17"/>
		<feat xlink:href="#sSpan11573" value="18"/>
		<feat xlink:href="#sSpan11623" value="19"/>
		<feat xlink:href="#sSpan11662" value="20"/>
		<feat xlink:href="#sSpan11703" value="21"/>
		<feat xlink:href="#sSpan11730" value="22"/>
		<feat xlink:href="#sSpan11783" value="23"/>
		<feat xlink:href="#sSpan11829" value="24"/>
		<feat xlink:href="#sSpan11864" value="25"/>
		<feat xlink:href="#sSpan11908" value="26"/>
		<feat xlink:href="#sSpan11950" value="27"/>
		<feat xlink:href="#sSpan11995" value="28"/>
		<feat xlink:href="#sSpan12022" value="29"/>
		<feat xlink:href="#sSpan12068" value="30"/>
		<feat xlink:href="#sSpan12109" value="31"/>
		<feat xlink:href="#sSpan12168" value="32"/>
		<feat xlink:href="#sSpan12210" value="33"/>
		<feat xlink:href="#sSpan12252" value="34"/>
		<feat xlink:href="#sSpan12284" value="1"/>
		<feat xlink:href="#sSpan12327" value="2"/>
		<feat xlink:href="#sSpan12376" value="3"/>
		<feat xlink:href="#sSpan12418" value="4"/>
		<feat xlink:href="#sSpan12469" value="5"/>
		<feat xlink:href="#sSpan12526" value="6"/>
		<feat xlink:href="#sSpan12574" value="7"/>
		<feat xlink:href="#sSpan12610" value="8"/>
		<feat xlink:href="#sSpan12669" value="9"/>
		<feat xlink:href="#sSpan12704" value="10"/>
		<feat xlink:href="#sSpan12742" value="11"/>
		<feat xlink:href="#sSpan12783" value="12"/>
		<feat xlink:href="#sSpan12819" value="13"/>
		<feat xlink:href="#sSpan12838" value="14"/>
		<feat xlink:href="#sSpan12881" value="15"/>
		<feat xlink:href="#sSpan12927" value="16"/>
		<feat xlink:href="#sSpan12973" value="17"/>
		<feat xlink:href="#sSpan13011" value="18"/>
		<feat xlink:href="#sSpan13048" value="19"/>
		<feat xlink:href="#sSpan13085" value="20"/>
		<feat xlink:href="#sSpan13122" value="21"/>
		<feat xlink:href="#sSpan13163" value="22"/>
		<feat xlink:href="#sSpan13213" value="23"/>
		<feat xlink:href="#sSpan13261" value="24"/>
		<feat xlink:href="#sSpan13309" value="25"/>
		<feat xlink:href="#sSpan13353" value="26"/>
		<feat xlink:href="#sSpan13392" value="27"/>
		<feat xlink:href="#sSpan13437" value="28"/>
		<feat xlink:href="#sSpan13471" value="29"/>
		<feat xlink:href="#sSpan13521" value="30"/>
		<feat xlink:href="#sSpan13564" value="31"/>
		<feat xlink:href="#sSpan13606" value="32"/>
		<feat xlink:href="#sSpan13650" value="33"/>
		<feat xlink:href="#sSpan13700" value="34"/>
		<feat xlink:href="#sSpan13734" value="1"/>
		<feat xlink:href="#sSpan13780" value="2"/>
		<feat xlink:href="#sSpan13833" value="3"/>
		<feat xlink:href="#sSpan13874" value="4"/>
		<feat xlink:href="#sSpan13927" value="5"/>
		<feat xlink:href="#sSpan13974" value="6"/>
		<feat xlink:href="#sSpan14020" value="7"/>
		<feat xlink:href="#sSpan14058" value="8"/>
		<feat xlink:href="#sSpan14096" value="9"/>
		<feat xlink:href="#sSpan14142" value="10"/>
		<feat xlink:href="#sSpan14186" value="11"/>
		<feat xlink:href="#sSpan14238" value="12"/>
		<feat xlink:href="#sSpan14283" value="13"/>
		<feat xlink:href="#sSpan14302" value="14"/>
		<feat xlink:href="#sSpan14347" value="15"/>
		<feat xlink:href="#sSpan14390" value="16"/>
		<feat xlink:href="#sSpan14431" value="17"/>
		<feat xlink:href="#sSpan14479" value="18"/>
		<feat xlink:href="#sSpan14516" value="19"/>
		<feat xlink:href="#sSpan14559" value="20"/>
		<feat xlink:href="#sSpan14604" value="21"/>
		<feat xlink:href="#sSpan14636" value="22"/>
		<feat xlink:href="#sSpan14673" value="23"/>
		<feat xlink:href="#sSpan14718" value="24"/>
		<feat xlink:href="#sSpan14757" value="25"/>
		<feat xlink:href="#sSpan14786" value="26"/>
		<feat xlink:href="#sSpan14832" value="27"/>
		<feat xlink:href="#sSpan14874" value="28"/>
		<feat xlink:href="#sSpan14926" value="29"/>
		<feat xlink:href="#sSpan14982" value="30"/>
		<feat xlink:href="#sSpan15027" value="31"/>
		<feat xlink:href="#sSpan15069" value="32"/>
		<feat xlink:href="#sSpan15113" value="33"/>
		<feat xlink:href="#sSpan15158" value="34"/>
		<feat xlink:href="#sSpan15204" value="1"/>
		<feat xlink:href="#sSpan15247" value="2"/>
		<feat xlink:href="#sSpan15275" value="3"/>
		<feat xlink:href="#sSpan15327" value="4"/>
		<feat xlink:href="#sSpan15372" value="5"/>
		<feat xlink:href="#sSpan15413" value="6"/>
		<feat xlink:href="#sSpan15456" value="7"/>
		<feat xlink:href="#sSpan15502" value="8"/>
		<feat xlink:href="#sSpan15544" value="9"/>
		<feat xlink:href="#sSpan15585" value="10"/>
		<feat xlink:href="#sSpan15627" value="11"/>
		<feat xlink:href="#sSpan15657" value="12"/>
		<feat xlink:href="#sSpan15700" value="13"/>
		<feat xlink:href="#sSpan15734" value="14"/>
		<feat xlink:href="#sSpan15782" value="15"/>
		<feat xlink:href="#sSpan15818" value="16"/>
		<feat xlink:href="#sSpan15857" value="17"/>
		<feat xlink:href="#sSpan15898" value="18"/>
		<feat xlink:href="#sSpan15942" value="19"/>
		<feat xlink:href="#sSpan15989" value="20"/>
		<feat xlink:href="#sSpan16035" value="21"/>
		<feat xlink:href="#sSpan16071" value="22"/>
		<feat xlink:href="#sSpan16091" value="23"/>
		<feat xlink:href="#sSpan16146" value="24"/>
		<feat xlink:href="#sSpan16192" value="25"/>
		<feat xlink:href="#sSpan16237" value="26"/>
		<feat xlink:href="#sSpan16278" value="27"/>
		<feat xlink:href="#sSpan16320" value="28"/>
		<feat xlink:href="#sSpan16369" value="29"/>
		<feat xlink:href="#sSpan16409" value="30"/>
		<feat xlink:href="#sSpan16447" value="31"/>
		<feat xlink:href="#sSpan16497" value="32"/>
		<feat xlink:href="#sSpan16538" value="33"/>
		<feat xlink:href="#sSpan16586" value="34"/>
		<feat xlink:href="#sSpan16630" value="1"/>
		<feat xlink:href="#sSpan16673" value="2"/>
		<feat xlink:href="#sSpan16718" value="3"/>
		<feat xlink:href="#sSpan16756" value="4"/>
		<feat xlink:href="#sSpan16792" value="5"/>
		<feat xlink:href="#sSpan16801" value="6"/>
		<feat xlink:href="#sSpan16841" value="7"/>
		<feat xlink:href="#sSpan16883" value="8"/>
		<feat xlink:href="#sSpan16922" value="9"/>
		<feat xlink:href="#sSpan16963" value="10"/>
		<feat xlink:href="#sSpan17015" value="11"/>
		<feat xlink:href="#sSpan17070" value="12"/>
		<feat xlink:href="#sSpan17117" value="13"/>
		<feat xlink:href="#sSpan17157" value="14"/>
		<feat xlink:href="#sSpan17201" value="15"/>
		<feat xlink:href="#sSpan17241" value="16"/>
		<feat xlink:href="#sSpan17290" value="17"/>
		<feat xlink:href="#sSpan17334" value="18"/>
		<feat xlink:href="#sSpan17373" value="19"/>
		<feat xlink:href="#sSpan17416" value="20"/>
		<feat xlink:href="#sSpan17467" value="21"/>
		<feat xlink:href="#sSpan17510" value="22"/>
		<feat xlink:href="#sSpan17554" value="23"/>
		<feat xlink:href="#sSpan17603" value="24"/>
		<feat xlink:href="#sSpan17645" value="25"/>
		<feat xlink:href="#sSpan17679" value="26"/>
		<feat xlink:href="#sSpan17718" value="27"/>
		<feat xlink:href="#sSpan17730" value="28"/>
		<feat xlink:href="#sSpan17776" value="29"/>
		<feat xlink:href="#sSpan17818" value="30"/>
		<feat xlink:href="#sSpan17860" value="31"/>
		<feat xlink:href="#sSpan17899" value="32"/>
		<feat xlink:href="#sSpan17946" value="33"/>
		<feat xlink:href="#sSpan17996" value="34"/>
		<feat xlink:href="#sSpan18042" value="1"/>
		<feat xlink:href="#sSpan18084" value="2"/>
		<feat xlink:href="#sSpan18129" value="3"/>
		<feat xlink:href="#sSpan18171" value="4"/>
		<feat xlink:href="#sSpan18217" value="5"/>
		<feat xlink:href="#sSpan18260" value="6"/>
		<feat xlink:href="#sSpan18272" value="7"/>
		<feat xlink:href="#sSpan18312" value="8"/>
		<feat xlink:href="#sSpan18355" value="9"/>
		<feat xlink:href="#sSpan18402" value="10"/>
		<feat xlink:href="#sSpan18452" value="11"/>
		<feat xlink:href="#sSpan18502" value="12"/>
		<feat xlink:href="#sSpan18548" value="13"/>
		<feat xlink:href="#sSpan18596" value="14"/>
		<feat xlink:href="#sSpan18635" value="15"/>
		<feat xlink:href="#sSpan18649" value="16"/>
		<feat xlink:href="#sSpan18701" value="17"/>
		<feat xlink:href="#sSpan18756" value="18"/>
		<feat xlink:href="#sSpan18810" value="19"/>
		<feat xlink:href="#sSpan18851" value="20"/>
		<feat xlink:href="#sSpan18903" value="21"/>
		<feat xlink:href="#sSpan18941" value="22"/>
		<feat xlink:href="#sSpan18983" value="23"/>
		<feat xlink:href="#sSpan19020" value="24"/>
		<feat xlink:href="#sSpan19061" value="25"/>
		<feat xlink:href="#sSpan19113" value="26"/>
		<feat xlink:href="#sSpan19156" value="27"/>
		<feat xlink:href="#sSpan19203" value="28"/>
		<feat xlink:href="#sSpan19247" value="29"/>
		<feat xlink:href="#sSpan19266" value="30"/>
		<feat xlink:href="#sSpan19319" value="31"/>
		<feat xlink:href="#sSpan19364" value="32"/>
		<feat xlink:href="#sSpan19417" value="33"/>
		<feat xlink:href="#sSpan19463" value="34"/>
		<feat xlink:href="#sSpan19508" value="1"/>
		<feat xlink:href="#sSpan19556" value="2"/>
		<feat xlink:href="#sSpan19598" value="3"/>
		<feat xlink:href="#sSpan19647" value="4"/>
		<feat xlink:href="#sSpan19695" value="5"/>
		<feat xlink:href="#sSpan19748" value="6"/>
		<feat xlink:href="#sSpan19792" value="7"/>
		<feat xlink:href="#sSpan19836" value="8"/>
		<feat xlink:href="#sSpan19888" value="9"/>
		<feat xlink:href="#sSpan19930" value="10"/>
		<feat xlink:href="#sSpan19969" value="11"/>
		<feat xlink:href="#sSpan20018" value="12"/>
		<feat xlink:href="#sSpan20066" value="13"/>
		<feat xlink:href="#sSpan20110" value="14"/>
		<feat xlink:href="#sSpan20157" value="15"/>
		<feat xlink:href="#sSpan20205" value="16"/>
		<feat xlink:href="#sSpan20243" value="17"/>
		<feat xlink:href="#sSpan20282" value="18"/>
		<feat xlink:href="#sSpan20326" value="19"/>
		<feat xlink:href="#sSpan20360" value="20"/>
		<feat xlink:href="#sSpan20393" value="21"/>
		<feat xlink:href="#sSpan20437" value="22"/>
		<feat xlink:href="#sSpan20478" value="23"/>
		<feat xlink:href="#sSpan20524" value="24"/>
		<feat xlink:href="#sSpan20564" value="25"/>
		<feat xlink:href="#sSpan20608" value="26"/>
		<feat xlink:href="#sSpan20644" value="27"/>
		<feat xlink:href="#sSpan20684" value="28"/>
		<feat xlink:href="#sSpan20729" value="29"/>
		<feat xlink:href="#sSpan20783" value="30"/>
		<feat xlink:href="#sSpan20818" value="31"/>
		<feat xlink:href="#sSpan20859" value="32"/>
		<feat xlink:href="#sSpan20909" value="33"/>
		<feat xlink:href="#sSpan20956" value="34"/>
		<feat xlink:href="#sSpan20988" value="1"/>
		<feat xlink:href="#sSpan21030" value="2"/>
		<feat xlink:href="#sSpan21073" value="3"/>
		<feat xlink:href="#sSpan21106" value="4"/>
		<feat xlink:href="#sSpan21157" value="5"/>
		<feat xlink:href="#sSpan21192" value="6"/>
		<feat xlink:href="#sSpan21233" value="7"/>
		<feat xlink:href="#sSpan21284" value="8"/>
		<feat xlink:href="#sSpan21330" value="9"/>
		<feat xlink:href="#sSpan21364" value="10"/>
		<feat xlink:href="#sSpan21407" value="11"/>
		<feat xlink:href="#sSpan21452" value="12"/>
		<feat xlink:href="#sSpan21498" value="13"/>
		<feat xlink:href="#sSpan21534" value="14"/>
		<feat xlink:href="#sSpan21578" value="15"/>
		<feat xlink:href="#sSpan21599" value="16"/>
		<feat xlink:href="#sSpan21610" value="17"/>
		<feat xlink:href="#sSpan21641" value="18"/>
		<feat xlink:href="#sSpan21673" value="19"/>
		<feat xlink:href="#sSpan21713" value="20"/>
		<feat xlink:href="#sSpan21749" value="21"/>
		<feat xlink:href="#sSpan21783" value="22"/>
		<feat xlink:href="#sSpan21817" value="23"/>
		<feat xlink:href="#sSpan21855" value="24"/>
		<feat xlink:href="#sSpan21898" value="25"/>
		<feat xlink:href="#sSpan21925" value="26"/>
		<feat xlink:href="#sSpan21949" value="27"/>
		<feat xlink:href="#sSpan21979" value="28"/>
		<feat xlink:href="#sSpan22015" value="29"/>
		<feat xlink:href="#sSpan22041" value="30"/>
		<feat xlink:href="#sSpan22084" value="31"/>
		<feat xlink:href="#sSpan22119" value="32"/>
		<feat xlink:href="#sSpan22158" value="33"/>
		<feat xlink:href="#sSpan22203" value="1"/>
		<feat xlink:href="#sSpan22236" value="2"/>
		<feat xlink:href="#sSpan22257" value="3"/>
		<feat xlink:href="#sSpan22266" value="4"/>
		<feat xlink:href="#sSpan22298" value="5"/>
		<feat xlink:href="#sSpan22324" value="6"/>
		<feat xlink:href="#sSpan22364" value="7"/>
		<feat xlink:href="#sSpan22405" value="8"/>
		<feat xlink:href="#sSpan22446" value="9"/>
		<feat xlink:href="#sSpan22453" value="10"/>
		<feat xlink:href="#sSpan22462" value="11"/>
		<feat xlink:href="#sSpan22491" value="12"/>
		<feat xlink:href="#sSpan22500" value="13"/>
		<feat xlink:href="#sSpan22523" value="14"/>
		<feat xlink:href="#sSpan22540" value="15"/></featList></paula>