<?xml version='1.0' encoding='UTF-8'?><!DOCTYPE paula SYSTEM "paula_feat.dtd">
<paula version="1.1">
	<header paula_id="scriptorium.pachomius.instructions.02.mark_identity"/>
	<featList xmlns:xlink="http://www.w3.org/1999/xlink" type="identity" xml:base="scriptorium.pachomius.instructions.02.mark.xml">
		<feat xlink:href="#sSpan194" value="Moses"/>
		<feat xlink:href="#sSpan597" value="New Jerusalem"/>
		<feat xlink:href="#sSpan1010" value="Duat"/>
		<feat xlink:href="#sSpan1722" value="Duat"/>
		<feat xlink:href="#sSpan1806" value="Devil"/>
		<feat xlink:href="#sSpan2348" value="Elijah"/>
		<feat xlink:href="#sSpan2377" value="Chorath"/>
		<feat xlink:href="#sSpan3743" value="Jeremiah"/>
		<feat xlink:href="#sSpan5231" value="Jesus"/>
		<feat xlink:href="#sSpan9391" value="Goliath"/>
		<feat xlink:href="#sSpan9410" value="Devil"/>
		<feat xlink:href="#sSpan9515" value="Duat"/>
		<feat xlink:href="#sSpan9986" value="Devil"/>
		<feat xlink:href="#sSpan11774" value="Jesus"/>
		<feat xlink:href="#sSpan11985" value="Saint Timothy"/>
		<feat xlink:href="#sSpan14435" value="Jesus"/>
		<feat xlink:href="#sSpan15351" value="Abraham"/>
		<feat xlink:href="#sSpan15792" value="James the Great"/>
		<feat xlink:href="#sSpan16717" value="Ramesses II"/>
		<feat xlink:href="#sSpan17578" value="Lot (biblical person)"/>
		<feat xlink:href="#sSpan17602" value="Sodom and Gomorrah"/>
		<feat xlink:href="#sSpan17656" value="Cain"/>
		<feat xlink:href="#sSpan17999" value="Devil"/>
		<feat xlink:href="#sSpan18160" value="Devil"/>
		<feat xlink:href="#sSpan18895" value="Devil"/>
		<feat xlink:href="#sSpan18974" value="Gilead"/>
		<feat xlink:href="#sSpan19108" value="Jesus"/>
		<feat xlink:href="#sSpan21469" value="Jesus"/>
		<feat xlink:href="#sSpan21712" value="Esna"/>
		<feat xlink:href="#sSpan21873" value="John the Baptist"/>
		<feat xlink:href="#sSpan21887" value="Pachomius the Great"/>
		<feat xlink:href="#sSpan21952" value="John the Baptist"/>
		<feat xlink:href="#sSpan21996" value="Pachomius the Great"/>
		<feat xlink:href="#sSpan22102" value="Devil"/>
		<feat xlink:href="#sSpan22341" value="Esna"/></featList></paula>