<?xml version='1.0' encoding='UTF-8'?><!DOCTYPE paula SYSTEM "paula_feat.dtd">
<paula version="1.1">
	<header paula_id="scriptorium.pachomius.instructions.02.mark_morph"/>
	<featList xmlns:xlink="http://www.w3.org/1999/xlink" type="morph" xml:base="scriptorium.pachomius.instructions.02.mark.xml">
		<feat xlink:href="#sSpan147" value="ⲣ"/>
		<feat xlink:href="#sSpan150" value="ⲟⲩⲟⲉⲓⲛ"/>
		<feat xlink:href="#sSpan226" value="ϣⲡ"/>
		<feat xlink:href="#sSpan229" value="ϩⲓⲥⲉ"/>
		<feat xlink:href="#sSpan334" value="ⲣ"/>
		<feat xlink:href="#sSpan337" value="ϣⲃⲏⲣ"/>
		<feat xlink:href="#sSpan504" value="ⲙⲛⲧ"/>
		<feat xlink:href="#sSpan507" value="ⲣⲱⲙⲉ"/>
		<feat xlink:href="#sSpan551" value="ϩⲁ"/>
		<feat xlink:href="#sSpan554" value="ⲧⲏⲩ"/>
		<feat xlink:href="#sSpan664" value="ⲡ"/>
		<feat xlink:href="#sSpan667" value="ⲉⲧ"/>
		<feat xlink:href="#sSpan668" value="ⲛⲁⲛⲟⲩ"/>
		<feat xlink:href="#sSpan670" value="ϥ"/>
		<feat xlink:href="#sSpan683" value="ⲣ"/>
		<feat xlink:href="#sSpan686" value="ⲧⲁⲥ"/>
		<feat xlink:href="#sSpan687" value="ⲃⲁⲗ"/>
		<feat xlink:href="#sSpan736" value="ⲙⲛⲧ"/>
		<feat xlink:href="#sSpan740" value="ϣⲏⲣⲉ"/>
		<feat xlink:href="#sSpan768" value="ⲙⲛⲧ"/>
		<feat xlink:href="#sSpan771" value="ϩⲗⲗⲟ"/>
		<feat xlink:href="#sSpan788" value="ϫⲓ"/>
		<feat xlink:href="#sSpan791" value="ϣⲓⲡⲉ"/>
		<feat xlink:href="#sSpan798" value="ⲣ"/>
		<feat xlink:href="#sSpan801" value="ϩⲧⲏ"/>
		<feat xlink:href="#sSpan802" value="ⲕ"/>
		<feat xlink:href="#sSpan1110" value="ϯ"/>
		<feat xlink:href="#sSpan1113" value="ⲉⲟⲟⲩ"/>
		<feat xlink:href="#sSpan1226" value="ⲕⲏⲕ"/>
		<feat xlink:href="#sSpan1229" value="ⲁϩⲏⲩ"/>
		<feat xlink:href="#sSpan1589" value="ⲁⲧ"/>
		<feat xlink:href="#sSpan1592" value="ⲛⲁ"/>
		<feat xlink:href="#sSpan1705" value="ⲣⲉϥ"/>
		<feat xlink:href="#sSpan1708" value="ⲣ"/>
		<feat xlink:href="#sSpan1709" value="ⲛⲟⲃⲉ"/>
		<feat xlink:href="#sSpan2008" value="ⲙⲛⲧ"/>
		<feat xlink:href="#sSpan2011" value="ⲁⲧ"/>
		<feat xlink:href="#sSpan2012" value="ⲟⲡ"/>
		<feat xlink:href="#sSpan2484" value="ⲣ"/>
		<feat xlink:href="#sSpan2487" value="ϣⲃⲏⲣ"/>
		<feat xlink:href="#sSpan2571" value="ⲙⲛⲧ"/>
		<feat xlink:href="#sSpan2574" value="ϣⲃⲏⲣ"/>
		<feat xlink:href="#sSpan3598" value="ϯ"/>
		<feat xlink:href="#sSpan3601" value="ϩⲏⲩ"/>
		<feat xlink:href="#sSpan3702" value="ⲙⲛⲧ"/>
		<feat xlink:href="#sSpan3705" value="ϫⲁϫⲉ"/>
		<feat xlink:href="#sSpan3766" value="ϩⲓ"/>
		<feat xlink:href="#sSpan3769" value="ⲧⲟⲩⲱⲱ"/>
		<feat xlink:href="#sSpan3803" value="ⲙⲛⲧ"/>
		<feat xlink:href="#sSpan3806" value="ϫⲁϫⲉ"/>
		<feat xlink:href="#sSpan3839" value="ϩⲓ"/>
		<feat xlink:href="#sSpan3842" value="ⲧⲟⲩⲱ"/>
		<feat xlink:href="#sSpan3865" value="ⲙⲛⲧ"/>
		<feat xlink:href="#sSpan3868" value="ϫⲁϫⲉ"/>
		<feat xlink:href="#sSpan3899" value="ⲙⲛⲧ"/>
		<feat xlink:href="#sSpan3902" value="ϫⲁϫⲉ"/>
		<feat xlink:href="#sSpan4247" value="ⲙⲛⲧ"/>
		<feat xlink:href="#sSpan4250" value="ϫⲁϫⲉ"/>
		<feat xlink:href="#sSpan4397" value="ⲡ"/>
		<feat xlink:href="#sSpan4400" value="ⲉⲧ"/>
		<feat xlink:href="#sSpan4401" value="ⲛⲁⲛⲟⲩ"/>
		<feat xlink:href="#sSpan4402" value="ϥ"/>
		<feat xlink:href="#sSpan4540" value="ϣⲗ"/>
		<feat xlink:href="#sSpan4543" value="ϩⲛⲉ"/>
		<feat xlink:href="#sSpan4850" value="ⲙⲛⲧ"/>
		<feat xlink:href="#sSpan4853" value="ⲙⲁⲓ"/>
		<feat xlink:href="#sSpan4854" value="ϩⲟⲙⲛⲧ"/>
		<feat xlink:href="#sSpan4869" value="ⲙⲛⲧ"/>
		<feat xlink:href="#sSpan4872" value="ⲛⲟϭ"/>
		<feat xlink:href="#sSpan5678" value="ⲙⲛⲧ"/>
		<feat xlink:href="#sSpan5681" value="ⲙⲁⲓ"/>
		<feat xlink:href="#sSpan5682" value="ϩⲟⲙⲛⲧ"/>
		<feat xlink:href="#sSpan5692" value="ⲡⲉ"/>
		<feat xlink:href="#sSpan5695" value="ⲧ"/>
		<feat xlink:href="#sSpan5696" value="ϩⲟⲟⲩ"/>
		<feat xlink:href="#sSpan6153" value="ϯ"/>
		<feat xlink:href="#sSpan6156" value="ⲗⲩⲡⲏ"/>
		<feat xlink:href="#sSpan6268" value="ϥⲉⲧ"/>
		<feat xlink:href="#sSpan6271" value="ϩⲟⲟⲩ"/>
		<feat xlink:href="#sSpan6422" value="ϫⲓ"/>
		<feat xlink:href="#sSpan6426" value="ⲟⲩⲁ"/>
		<feat xlink:href="#sSpan6508" value="ϯ"/>
		<feat xlink:href="#sSpan6511" value="ⲧⲱⲛ"/>
		<feat xlink:href="#sSpan6518" value="ⲙⲛⲧ"/>
		<feat xlink:href="#sSpan6521" value="ⲁⲧ"/>
		<feat xlink:href="#sSpan6522" value="ϣⲓⲡⲉ"/>
		<feat xlink:href="#sSpan6531" value="ⲙⲛⲧ"/>
		<feat xlink:href="#sSpan6534" value="ⲧⲁⲥⲃⲁⲗ"/>
		<feat xlink:href="#sSpan6569" value="ⲙⲛⲧ"/>
		<feat xlink:href="#sSpan6572" value="ⲁⲧ"/>
		<feat xlink:href="#sSpan6573" value="ϯⲥⲟ"/>
		<feat xlink:href="#sSpan6579" value="ⲙⲛⲧ"/>
		<feat xlink:href="#sSpan6582" value="ϣⲟⲩϣⲟ"/>
		<feat xlink:href="#sSpan6949" value="ϯ"/>
		<feat xlink:href="#sSpan6952" value="ϩⲓⲱⲱⲛ"/>
		<feat xlink:href="#sSpan6983" value="ⲙⲁⲓ"/>
		<feat xlink:href="#sSpan6986" value="ⲣⲱⲙⲉ"/>
		<feat xlink:href="#sSpan7001" value="ⲕⲁ"/>
		<feat xlink:href="#sSpan7007" value="ϩⲏⲩ"/>
		<feat xlink:href="#sSpan7082" value="ⲙⲛⲧ"/>
		<feat xlink:href="#sSpan7085" value="ⲙⲟⲛⲟⲭⲟⲥ"/>
		<feat xlink:href="#sSpan7430" value="ⲣ"/>
		<feat xlink:href="#sSpan7433" value="ⲙⲁⲑⲏⲧⲏⲥ"/>
		<feat xlink:href="#sSpan7550" value="ⲣ"/>
		<feat xlink:href="#sSpan7553" value="ϩⲙϩⲁⲗ"/>
		<feat xlink:href="#sSpan7589" value="ⲣⲉϥ"/>
		<feat xlink:href="#sSpan7593" value="ⲣ"/>
		<feat xlink:href="#sSpan7594" value="ⲟⲩⲟⲉⲓⲛ"/>
		<feat xlink:href="#sSpan7611" value="ϫⲓ"/>
		<feat xlink:href="#sSpan7614" value="ϫⲣⲟⲡ"/>
		<feat xlink:href="#sSpan7710" value="ϥⲓ"/>
		<feat xlink:href="#sSpan7713" value="ⲱⲡ"/>
		<feat xlink:href="#sSpan7731" value="ϥⲓ"/>
		<feat xlink:href="#sSpan7734" value="ⲱⲡ"/>
		<feat xlink:href="#sSpan7886" value="ϭⲛ"/>
		<feat xlink:href="#sSpan7889" value="ⲁⲣⲓⲕⲉ"/>
		<feat xlink:href="#sSpan8084" value="ϯ"/>
		<feat xlink:href="#sSpan8087" value="ⲥⲟⲟⲩⲛ"/>
		<feat xlink:href="#sSpan8150" value="ⲙⲛⲧ"/>
		<feat xlink:href="#sSpan8153" value="ⲉⲣⲟ"/>
		<feat xlink:href="#sSpan8397" value="ⲁⲧ"/>
		<feat xlink:href="#sSpan8401" value="ⲛⲁ"/>
		<feat xlink:href="#sSpan8456" value="ϯ"/>
		<feat xlink:href="#sSpan8459" value="ⲥⲟ"/>
		<feat xlink:href="#sSpan8506" value="ϯ"/>
		<feat xlink:href="#sSpan8509" value="ϣⲓⲡⲉ"/>
		<feat xlink:href="#sSpan8539" value="ϯ"/>
		<feat xlink:href="#sSpan8542" value="ⲥⲟ"/>
		<feat xlink:href="#sSpan8611" value="ⲣ"/>
		<feat xlink:href="#sSpan8614" value="ⲉⲓⲣⲏⲛⲏ"/>
		<feat xlink:href="#sSpan8960" value="ϫⲓ"/>
		<feat xlink:href="#sSpan8963" value="ϯⲡⲉ"/>
		<feat xlink:href="#sSpan9085" value="ϯ"/>
		<feat xlink:href="#sSpan9088" value="ⲉⲝⲟⲩⲥⲓⲁ"/>
		<feat xlink:href="#sSpan9316" value="ⲙⲛⲧ"/>
		<feat xlink:href="#sSpan9319" value="ⲙⲁⲧⲟⲓ"/>
		<feat xlink:href="#sSpan9455" value="ⲉⲣ"/>
		<feat xlink:href="#sSpan9458" value="ϣⲙⲙⲟ"/>
		<feat xlink:href="#sSpan9727" value="ⲣⲉϥ"/>
		<feat xlink:href="#sSpan9730" value="ⲣ"/>
		<feat xlink:href="#sSpan9731" value="ϩⲙⲙⲉ"/>
		<feat xlink:href="#sSpan9788" value="ⲣⲉϥ"/>
		<feat xlink:href="#sSpan9792" value="ⲧⲟⲩⲛⲉⲥ"/>
		<feat xlink:href="#sSpan9894" value="ⲙⲛⲧ"/>
		<feat xlink:href="#sSpan9897" value="ⲁⲧⲁⲧ"/>
		<feat xlink:href="#sSpan9898" value="ⲛⲁϩⲧⲉ"/>
		<feat xlink:href="#sSpan9955" value="ⲙⲛⲧ"/>
		<feat xlink:href="#sSpan9958" value="ⲥⲁⲃⲉ"/>
		<feat xlink:href="#sSpan10038" value="ⲧⲁϣⲉ"/>
		<feat xlink:href="#sSpan10041" value="ⲟⲉⲓϣ"/>
		<feat xlink:href="#sSpan10245" value="ⲙⲛⲧ"/>
		<feat xlink:href="#sSpan10248" value="ϩⲁⲣϣ"/>
		<feat xlink:href="#sSpan10250" value="ϩⲏⲧ"/>
		<feat xlink:href="#sSpan10258" value="ⲙⲛⲧ"/>
		<feat xlink:href="#sSpan10261" value="ⲣⲙ"/>
		<feat xlink:href="#sSpan10262" value="ⲣⲁϣ"/>
		<feat xlink:href="#sSpan10398" value="ⲉϣ"/>
		<feat xlink:href="#sSpan10403" value="ϩⲱⲡ"/>
		<feat xlink:href="#sSpan10519" value="ⲙⲛⲧ"/>
		<feat xlink:href="#sSpan10522" value="ⲣⲉϥ"/>
		<feat xlink:href="#sSpan10523" value="ϯ"/>
		<feat xlink:href="#sSpan10531" value="ⲙⲛⲧ"/>
		<feat xlink:href="#sSpan10534" value="ⲭⲣⲓⲥⲧⲟⲥ"/>
		<feat xlink:href="#sSpan10641" value="ⲙⲛⲧ"/>
		<feat xlink:href="#sSpan10644" value="ϫⲡⲓⲏⲧ"/>
		<feat xlink:href="#sSpan10652" value="ⲙⲛⲧ"/>
		<feat xlink:href="#sSpan10655" value="ⲃⲁⲗϩⲏⲧ"/>
		<feat xlink:href="#sSpan10716" value="ⲙⲛⲧ"/>
		<feat xlink:href="#sSpan10719" value="ⲁⲧ"/>
		<feat xlink:href="#sSpan10720" value="ⲕⲣⲓⲛⲉ"/>
		<feat xlink:href="#sSpan10845" value="ⲙⲛⲧ"/>
		<feat xlink:href="#sSpan10848" value="ⲣⲉϥ"/>
		<feat xlink:href="#sSpan10849" value="ϣⲡ"/>
		<feat xlink:href="#sSpan10850" value="ϩⲓⲥⲉ"/>
		<feat xlink:href="#sSpan10933" value="ⲙⲛⲧ"/>
		<feat xlink:href="#sSpan10936" value="ⲣⲉϥ"/>
		<feat xlink:href="#sSpan10937" value="ϫⲛⲁⲁⲩ"/>
		<feat xlink:href="#sSpan11070" value="ⲙⲛⲧ"/>
		<feat xlink:href="#sSpan11073" value="ⲣⲉϥ"/>
		<feat xlink:href="#sSpan11074" value="ⲥⲉ"/>
		<feat xlink:href="#sSpan11075" value="ⲏⲣⲡ"/>
		<feat xlink:href="#sSpan11272" value="ⲙⲛⲧ"/>
		<feat xlink:href="#sSpan11275" value="ⲁⲧ"/>
		<feat xlink:href="#sSpan11276" value="ⲥⲉⲓ"/>
		<feat xlink:href="#sSpan11323" value="ⲁⲧ"/>
		<feat xlink:href="#sSpan11327" value="ϣⲓⲡⲉ"/>
		<feat xlink:href="#sSpan11399" value="ϯ"/>
		<feat xlink:href="#sSpan11403" value="ⲗⲩⲡⲏ"/>
		<feat xlink:href="#sSpan11519" value="ⲁⲧ"/>
		<feat xlink:href="#sSpan11522" value="ⲁⲙⲁϩⲧⲉ"/>
		<feat xlink:href="#sSpan11700" value="ⲕⲏⲕ"/>
		<feat xlink:href="#sSpan11704" value="ⲁϩⲏⲩ"/>
		<feat xlink:href="#sSpan11762" value="ⲣ"/>
		<feat xlink:href="#sSpan11765" value="ⲙⲁⲑⲏⲧⲏⲥ"/>
		<feat xlink:href="#sSpan12069" value="ⲙⲛⲧ"/>
		<feat xlink:href="#sSpan12073" value="ϣⲏⲣⲉ"/>
		<feat xlink:href="#sSpan12154" value="ⲣ"/>
		<feat xlink:href="#sSpan12157" value="ϩⲟⲧⲉ"/>
		<feat xlink:href="#sSpan12699" value="ⲣⲉϥ"/>
		<feat xlink:href="#sSpan12703" value="ⲛⲟⲩϩⲙ"/>
		<feat xlink:href="#sSpan12770" value="ⲉⲓⲉⲡ"/>
		<feat xlink:href="#sSpan12773" value="ⲛⲟⲩⲃ"/>
		<feat xlink:href="#sSpan13015" value="ⲣⲙ"/>
		<feat xlink:href="#sSpan13018" value="ⲣⲁϣ"/>
		<feat xlink:href="#sSpan13032" value="ⲕⲁⲡ"/>
		<feat xlink:href="#sSpan13036" value="ⲛϩⲏⲧ"/>
		<feat xlink:href="#sSpan13081" value="ⲙⲛⲧ"/>
		<feat xlink:href="#sSpan13084" value="ϣⲟⲩϣⲟ"/>
		<feat xlink:href="#sSpan13093" value="ⲙⲛⲧ"/>
		<feat xlink:href="#sSpan13096" value="ⲥⲁⲃⲉ"/>
		<feat xlink:href="#sSpan13123" value="ⲙⲛⲧ"/>
		<feat xlink:href="#sSpan13126" value="ⲗⲁⲃⲙⲁϩⲧ"/>
		<feat xlink:href="#sSpan13137" value="ⲣ"/>
		<feat xlink:href="#sSpan13140" value="ⲣⲣⲟ"/>
		<feat xlink:href="#sSpan13190" value="ⲙⲛⲧ"/>
		<feat xlink:href="#sSpan13193" value="ϫⲁⲥⲓ"/>
		<feat xlink:href="#sSpan13194" value="ϩⲏⲧ"/>
		<feat xlink:href="#sSpan13245" value="ⲕⲁ"/>
		<feat xlink:href="#sSpan13250" value="ⲧⲟⲟⲧ"/>
		<feat xlink:href="#sSpan13264" value="ϥⲓ"/>
		<feat xlink:href="#sSpan13267" value="ⲣⲟⲟⲩϣ"/>
		<feat xlink:href="#sSpan13404" value="ⲣⲉϥ"/>
		<feat xlink:href="#sSpan13407" value="ⲣ"/>
		<feat xlink:href="#sSpan13408" value="ϩⲟⲧⲉ"/>
		<feat xlink:href="#sSpan13549" value="ϩⲓ"/>
		<feat xlink:href="#sSpan13552" value="ⲧⲟⲩⲱⲱ"/>
		<feat xlink:href="#sSpan13637" value="ϯ"/>
		<feat xlink:href="#sSpan13640" value="ⲥⲃⲱ"/>
		<feat xlink:href="#sSpan13861" value="ϯ"/>
		<feat xlink:href="#sSpan13864" value="ⲕⲗⲯ"/>
		<feat xlink:href="#sSpan13953" value="ⲣ"/>
		<feat xlink:href="#sSpan13956" value="ϩⲏⲃⲉ"/>
		<feat xlink:href="#sSpan14115" value="ⲙⲛⲧ"/>
		<feat xlink:href="#sSpan14118" value="ⲉⲣⲟ"/>
		<feat xlink:href="#sSpan14219" value="ⲣ"/>
		<feat xlink:href="#sSpan14222" value="ⲣⲣⲟ"/>
		<feat xlink:href="#sSpan14258" value="ⲣ"/>
		<feat xlink:href="#sSpan14261" value="ϩⲧⲏ"/>
		<feat xlink:href="#sSpan14382" value="ⲣ"/>
		<feat xlink:href="#sSpan14385" value="ⲃⲣⲣⲉ"/>
		<feat xlink:href="#sSpan14406" value="ⲣ"/>
		<feat xlink:href="#sSpan14409" value="ⲙⲁⲓ"/>
		<feat xlink:href="#sSpan14410" value="ⲣⲱⲙⲉ"/>
		<feat xlink:href="#sSpan14423" value="ⲣ"/>
		<feat xlink:href="#sSpan14426" value="ϣⲃⲏⲣ"/>
		<feat xlink:href="#sSpan14440" value="ⲙⲁⲓ"/>
		<feat xlink:href="#sSpan14443" value="ⲣⲱⲙⲉ"/>
		<feat xlink:href="#sSpan14483" value="ⲙⲛⲧ"/>
		<feat xlink:href="#sSpan14486" value="ⲙⲟⲛⲟⲭⲟⲥ"/>
		<feat xlink:href="#sSpan14622" value="ⲙⲛⲧ"/>
		<feat xlink:href="#sSpan14625" value="ⲣⲉϥ"/>
		<feat xlink:href="#sSpan14626" value="ϫⲛⲁⲁⲩ"/>
		<feat xlink:href="#sSpan14649" value="ⲙⲛⲧ"/>
		<feat xlink:href="#sSpan14652" value="ϫⲱⲱⲣⲉ"/>
		<feat xlink:href="#sSpan14752" value="ⲙⲛⲧ"/>
		<feat xlink:href="#sSpan14755" value="ⲙⲁⲓ"/>
		<feat xlink:href="#sSpan14756" value="ϩⲟⲙⲛⲧ"/>
		<feat xlink:href="#sSpan14865" value="ⲙⲛⲧ"/>
		<feat xlink:href="#sSpan14868" value="ⲙⲁⲓ"/>
		<feat xlink:href="#sSpan14869" value="ⲧⲟ"/>
		<feat xlink:href="#sSpan14893" value="ⲙⲛⲧ"/>
		<feat xlink:href="#sSpan14896" value="ⲉϣⲱⲱⲧ"/>
		<feat xlink:href="#sSpan14934" value="ⲉⲓ"/>
		<feat xlink:href="#sSpan14937" value="ⲣ"/>
		<feat xlink:href="#sSpan14938" value="ⲃⲟⲛⲉ"/>
		<feat xlink:href="#sSpan15128" value="ⲁⲧ"/>
		<feat xlink:href="#sSpan15131" value="ϩⲏⲧ"/>
		<feat xlink:href="#sSpan15295" value="ϯ"/>
		<feat xlink:href="#sSpan15298" value="ⲟⲩⲃⲉ"/>
		<feat xlink:href="#sSpan15568" value="ϯ"/>
		<feat xlink:href="#sSpan15571" value="ⲟⲉⲓⲕ"/>
		<feat xlink:href="#sSpan15597" value="ⲙⲛⲧ"/>
		<feat xlink:href="#sSpan15600" value="ϭⲁⲃ"/>
		<feat xlink:href="#sSpan15810" value="ⲣ"/>
		<feat xlink:href="#sSpan15813" value="ⲙⲛⲧⲣⲉ"/>
		<feat xlink:href="#sSpan16216" value="ⲟⲩⲉϩ"/>
		<feat xlink:href="#sSpan16219" value="ⲥⲁϩⲛⲉ"/>
		<feat xlink:href="#sSpan16523" value="ⲙⲛⲧ"/>
		<feat xlink:href="#sSpan16526" value="ϣⲟⲉⲓϫ"/>
		<feat xlink:href="#sSpan16677" value="ⲁϩⲉ"/>
		<feat xlink:href="#sSpan16680" value="ⲣⲁⲧ"/>
		<feat xlink:href="#sSpan16952" value="ϫⲓ"/>
		<feat xlink:href="#sSpan16955" value="ⲥⲃⲱ"/>
		<feat xlink:href="#sSpan17034" value="ⲣ"/>
		<feat xlink:href="#sSpan17037" value="ⲁⲛⲁ"/>
		<feat xlink:href="#sSpan17083" value="ⲛⲉϫ"/>
		<feat xlink:href="#sSpan17086" value="ⲧⲁⲡ"/>
		<feat xlink:href="#sSpan17154" value="ϯ"/>
		<feat xlink:href="#sSpan17158" value="ϩⲟ"/>
		<feat xlink:href="#sSpan17418" value="ϯ"/>
		<feat xlink:href="#sSpan17423" value="ϩⲁⲡ"/>
		<feat xlink:href="#sSpan17550" value="ⲙⲛⲧ"/>
		<feat xlink:href="#sSpan17553" value="ϫⲁⲥⲓ"/>
		<feat xlink:href="#sSpan17555" value="ϩⲏⲧ"/>
		<feat xlink:href="#sSpan17568" value="ⲣ"/>
		<feat xlink:href="#sSpan17571" value="ⲙⲛⲧⲣⲉ"/>
		<feat xlink:href="#sSpan18053" value="ϯ"/>
		<feat xlink:href="#sSpan18058" value="ⲧⲟⲟⲧ"/>
		<feat xlink:href="#sSpan18326" value="ⲣⲉϥ"/>
		<feat xlink:href="#sSpan18330" value="ϫⲓ"/>
		<feat xlink:href="#sSpan18368" value="ⲣ"/>
		<feat xlink:href="#sSpan18371" value="ϣⲃⲏⲣ"/>
		<feat xlink:href="#sSpan18517" value="ⲣ"/>
		<feat xlink:href="#sSpan18520" value="ϩⲏⲕⲉ"/>
		<feat xlink:href="#sSpan18687" value="ϯ"/>
		<feat xlink:href="#sSpan18690" value="ϩⲓⲥⲉ"/>
		<feat xlink:href="#sSpan18920" value="ⲣ"/>
		<feat xlink:href="#sSpan18925" value="ⲛⲟϭ"/>
		<feat xlink:href="#sSpan19799" value="ⲙⲛⲧ"/>
		<feat xlink:href="#sSpan19803" value="ϣⲁ"/>
		<feat xlink:href="#sSpan19804" value="ⲛ"/>
		<feat xlink:href="#sSpan19805" value="ϩⲧⲏ"/>
		<feat xlink:href="#sSpan19806" value="ϥ"/>
		<feat xlink:href="#sSpan19908" value="ϯ"/>
		<feat xlink:href="#sSpan19911" value="ϩⲓⲥⲉ"/>
		<feat xlink:href="#sSpan20161" value="ϯ"/>
		<feat xlink:href="#sSpan20164" value="ϩⲓⲥⲉ"/>
		<feat xlink:href="#sSpan20336" value="ⲣⲉϥ"/>
		<feat xlink:href="#sSpan20339" value="ⲣ"/>
		<feat xlink:href="#sSpan20340" value="ⲉⲓⲣⲏⲛⲏ"/>
		<feat xlink:href="#sSpan20433" value="ϫⲓ"/>
		<feat xlink:href="#sSpan20436" value="ϣⲓⲡⲉ"/>
		<feat xlink:href="#sSpan20453" value="ϫⲓ"/>
		<feat xlink:href="#sSpan20458" value="ⲉⲟⲟⲩ"/>
		<feat xlink:href="#sSpan20573" value="ⲣⲉϥ"/>
		<feat xlink:href="#sSpan20577" value="ϯ"/>
		<feat xlink:href="#sSpan20578" value="ⲧⲱⲛ"/>
		<feat xlink:href="#sSpan20583" value="ⲣⲉϥ"/>
		<feat xlink:href="#sSpan20587" value="ϭⲱⲛⲧ"/>
		<feat xlink:href="#sSpan20623" value="ⲙⲁⲓ"/>
		<feat xlink:href="#sSpan20627" value="ⲣ"/>
		<feat xlink:href="#sSpan20628" value="ⲛⲟϭ"/>
		<feat xlink:href="#sSpan20640" value="ⲙⲛⲧ"/>
		<feat xlink:href="#sSpan20643" value="ϫⲁⲥⲓ"/>
		<feat xlink:href="#sSpan20645" value="ϩⲏⲧ"/>
		<feat xlink:href="#sSpan20646" value="ⲣ"/>
		<feat xlink:href="#sSpan20651" value="ⲣⲣⲟ"/>
		<feat xlink:href="#sSpan20676" value="ⲙⲛⲧ"/>
		<feat xlink:href="#sSpan20679" value="ϫⲱⲱⲣⲉ"/>
		<feat xlink:href="#sSpan20854" value="ⲙⲛⲧ"/>
		<feat xlink:href="#sSpan20857" value="ⲛⲁϣⲧ"/>
		<feat xlink:href="#sSpan20858" value="ϩⲏⲧ"/>
		<feat xlink:href="#sSpan20946" value="ⲣ"/>
		<feat xlink:href="#sSpan20951" value="ⲣⲣⲟ"/>
		<feat xlink:href="#sSpan21069" value="ⲣ"/>
		<feat xlink:href="#sSpan21074" value="ⲗⲁⲁⲩ"/>
		<feat xlink:href="#sSpan21149" value="ϣⲡ"/>
		<feat xlink:href="#sSpan21156" value="ϩⲓⲥⲉ"/>
		<feat xlink:href="#sSpan21178" value="ⲣⲉϥ"/>
		<feat xlink:href="#sSpan21181" value="ⲧⲁϣⲉ"/>
		<feat xlink:href="#sSpan21182" value="ⲟⲉⲓϣ"/>
		<feat xlink:href="#sSpan21228" value="ⲙⲛⲧ"/>
		<feat xlink:href="#sSpan21231" value="ⲙⲟⲛⲟⲭⲟⲥ"/>
		<feat xlink:href="#sSpan21262" value="ⲣⲙ"/>
		<feat xlink:href="#sSpan21266" value="ⲣⲁϣ"/>
		<feat xlink:href="#sSpan21627" value="ⲙⲛⲧ"/>
		<feat xlink:href="#sSpan21630" value="ϥⲁⲓⲣⲟⲟⲩϣ"/>
		<feat xlink:href="#sSpan21638" value="ⲙⲁⲓ"/>
		<feat xlink:href="#sSpan21642" value="ⲛⲟⲩⲧⲉ"/>
		<feat xlink:href="#sSpan21694" value="ⲣⲙ"/>
		<feat xlink:href="#sSpan21697" value="ⲧ"/>
		<feat xlink:href="#sSpan21698" value="ⲡⲉⲇⲓⲁⲥ"/>
		<feat xlink:href="#sSpan21888" value="ⲡ"/>
		<feat xlink:href="#sSpan21891" value="ⲉⲧ"/>
		<feat xlink:href="#sSpan21892" value="ⲟⲩⲁⲁⲃ"/></featList></paula>