<?xml version='1.0' encoding='UTF-8'?><!DOCTYPE paula SYSTEM "paula_feat.dtd">
<paula version="1.1">
	<header paula_id="scriptorium.pachomius.instructions.02.mark_verse_n"/>
	<featList xmlns:xlink="http://www.w3.org/1999/xlink" type="verse_n" xml:base="scriptorium.pachomius.instructions.02.mark.xml">
		<feat xlink:href="#sSpan8" value="1"/>
		<feat xlink:href="#sSpan80" value="2"/>
		<feat xlink:href="#sSpan178" value="3"/>
		<feat xlink:href="#sSpan304" value="4"/>
		<feat xlink:href="#sSpan380" value="5"/>
		<feat xlink:href="#sSpan474" value="6"/>
		<feat xlink:href="#sSpan627" value="1"/>
		<feat xlink:href="#sSpan656" value="2"/>
		<feat xlink:href="#sSpan724" value="3"/>
		<feat xlink:href="#sSpan833" value="4"/>
		<feat xlink:href="#sSpan909" value="5"/>
		<feat xlink:href="#sSpan1054" value="6"/>
		<feat xlink:href="#sSpan1239" value="7"/>
		<feat xlink:href="#sSpan1315" value="1"/>
		<feat xlink:href="#sSpan1373" value="2"/>
		<feat xlink:href="#sSpan1470" value="3"/>
		<feat xlink:href="#sSpan1630" value="4"/>
		<feat xlink:href="#sSpan1733" value="5"/>
		<feat xlink:href="#sSpan1830" value="6"/>
		<feat xlink:href="#sSpan1941" value="1"/>
		<feat xlink:href="#sSpan2025" value="2"/>
		<feat xlink:href="#sSpan2104" value="3"/>
		<feat xlink:href="#sSpan2227" value="4"/>
		<feat xlink:href="#sSpan2340" value="5"/>
		<feat xlink:href="#sSpan2420" value="6"/>
		<feat xlink:href="#sSpan2483" value="7"/>
		<feat xlink:href="#sSpan2505" value="8"/>
		<feat xlink:href="#sSpan2529" value="9"/>
		<feat xlink:href="#sSpan2607" value="1"/>
		<feat xlink:href="#sSpan2709" value="2"/>
		<feat xlink:href="#sSpan2869" value="3"/>
		<feat xlink:href="#sSpan3003" value="4"/>
		<feat xlink:href="#sSpan3045" value="5"/>
		<feat xlink:href="#sSpan3111" value="6"/>
		<feat xlink:href="#sSpan3192" value="7"/>
		<feat xlink:href="#sSpan3258" value="8"/>
		<feat xlink:href="#sSpan3438" value="1"/>
		<feat xlink:href="#sSpan3502" value="2"/>
		<feat xlink:href="#sSpan3623" value="3"/>
		<feat xlink:href="#sSpan3645" value="4"/>
		<feat xlink:href="#sSpan3731" value="5"/>
		<feat xlink:href="#sSpan3909" value="6"/>
		<feat xlink:href="#sSpan3953" value="7"/>
		<feat xlink:href="#sSpan4015" value="8"/>
		<feat xlink:href="#sSpan4141" value="9"/>
		<feat xlink:href="#sSpan4229" value="10"/>
		<feat xlink:href="#sSpan4318" value="11"/>
		<feat xlink:href="#sSpan4430" value="12"/>
		<feat xlink:href="#sSpan4795" value="1"/>
		<feat xlink:href="#sSpan4844" value="2"/>
		<feat xlink:href="#sSpan4951" value="3"/>
		<feat xlink:href="#sSpan5065" value="4"/>
		<feat xlink:href="#sSpan5142" value="5"/>
		<feat xlink:href="#sSpan5241" value="6"/>
		<feat xlink:href="#sSpan5289" value="1"/>
		<feat xlink:href="#sSpan5430" value="2"/>
		<feat xlink:href="#sSpan5463" value="3"/>
		<feat xlink:href="#sSpan5521" value="4"/>
		<feat xlink:href="#sSpan5753" value="5"/>
		<feat xlink:href="#sSpan5919" value="6"/>
		<feat xlink:href="#sSpan6019" value="1"/>
		<feat xlink:href="#sSpan6114" value="2"/>
		<feat xlink:href="#sSpan6253" value="3"/>
		<feat xlink:href="#sSpan6354" value="4"/>
		<feat xlink:href="#sSpan6501" value="5"/>
		<feat xlink:href="#sSpan6594" value="6"/>
		<feat xlink:href="#sSpan6708" value="1"/>
		<feat xlink:href="#sSpan6769" value="2"/>
		<feat xlink:href="#sSpan6924" value="3"/>
		<feat xlink:href="#sSpan6996" value="4"/>
		<feat xlink:href="#sSpan7096" value="5"/>
		<feat xlink:href="#sSpan7197" value="6"/>
		<feat xlink:href="#sSpan7283" value="7"/>
		<feat xlink:href="#sSpan7327" value="8"/>
		<feat xlink:href="#sSpan7410" value="9"/>
		<feat xlink:href="#sSpan7458" value="10"/>
		<feat xlink:href="#sSpan7494" value="1"/>
		<feat xlink:href="#sSpan7572" value="2"/>
		<feat xlink:href="#sSpan7650" value="3"/>
		<feat xlink:href="#sSpan7709" value="4"/>
		<feat xlink:href="#sSpan7827" value="5"/>
		<feat xlink:href="#sSpan7955" value="6"/>
		<feat xlink:href="#sSpan7987" value="7"/>
		<feat xlink:href="#sSpan8032" value="8"/>
		<feat xlink:href="#sSpan8107" value="9"/>
		<feat xlink:href="#sSpan8164" value="10"/>
		<feat xlink:href="#sSpan8338" value="11"/>
		<feat xlink:href="#sSpan8451" value="12"/>
		<feat xlink:href="#sSpan8527" value="13"/>
		<feat xlink:href="#sSpan8587" value="1"/>
		<feat xlink:href="#sSpan8644" value="2"/>
		<feat xlink:href="#sSpan8708" value="3"/>
		<feat xlink:href="#sSpan8758" value="4"/>
		<feat xlink:href="#sSpan8842" value="5"/>
		<feat xlink:href="#sSpan8891" value="6"/>
		<feat xlink:href="#sSpan8953" value="7"/>
		<feat xlink:href="#sSpan9000" value="8"/>
		<feat xlink:href="#sSpan9078" value="9"/>
		<feat xlink:href="#sSpan9165" value="10"/>
		<feat xlink:href="#sSpan9234" value="11"/>
		<feat xlink:href="#sSpan9425" value="12"/>
		<feat xlink:href="#sSpan9475" value="13"/>
		<feat xlink:href="#sSpan9526" value="1"/>
		<feat xlink:href="#sSpan9633" value="2"/>
		<feat xlink:href="#sSpan9648" value="3"/>
		<feat xlink:href="#sSpan9824" value="4"/>
		<feat xlink:href="#sSpan9919" value="5"/>
		<feat xlink:href="#sSpan10035" value="6"/>
		<feat xlink:href="#sSpan10150" value="1"/>
		<feat xlink:href="#sSpan10227" value="2"/>
		<feat xlink:href="#sSpan10328" value="3"/>
		<feat xlink:href="#sSpan10440" value="4"/>
		<feat xlink:href="#sSpan10496" value="5"/>
		<feat xlink:href="#sSpan10546" value="6"/>
		<feat xlink:href="#sSpan10621" value="7"/>
		<feat xlink:href="#sSpan10698" value="8"/>
		<feat xlink:href="#sSpan10778" value="9"/>
		<feat xlink:href="#sSpan10844" value="10"/>
		<feat xlink:href="#sSpan10947" value="11"/>
		<feat xlink:href="#sSpan11050" value="12"/>
		<feat xlink:href="#sSpan11112" value="13"/>
		<feat xlink:href="#sSpan11184" value="14"/>
		<feat xlink:href="#sSpan11255" value="1"/>
		<feat xlink:href="#sSpan11375" value="2"/>
		<feat xlink:href="#sSpan11465" value="3"/>
		<feat xlink:href="#sSpan11518" value="4"/>
		<feat xlink:href="#sSpan11619" value="5"/>
		<feat xlink:href="#sSpan11732" value="1"/>
		<feat xlink:href="#sSpan11825" value="2"/>
		<feat xlink:href="#sSpan11952" value="3"/>
		<feat xlink:href="#sSpan12125" value="4"/>
		<feat xlink:href="#sSpan12244" value="5"/>
		<feat xlink:href="#sSpan12286" value="1"/>
		<feat xlink:href="#sSpan12471" value="2"/>
		<feat xlink:href="#sSpan12647" value="3"/>
		<feat xlink:href="#sSpan12739" value="4"/>
		<feat xlink:href="#sSpan12840" value="1"/>
		<feat xlink:href="#sSpan12908" value="2"/>
		<feat xlink:href="#sSpan12965" value="3"/>
		<feat xlink:href="#sSpan13029" value="4"/>
		<feat xlink:href="#sSpan13110" value="5"/>
		<feat xlink:href="#sSpan13329" value="6"/>
		<feat xlink:href="#sSpan13431" value="7"/>
		<feat xlink:href="#sSpan13566" value="1"/>
		<feat xlink:href="#sSpan13691" value="2"/>
		<feat xlink:href="#sSpan13835" value="3"/>
		<feat xlink:href="#sSpan13898" value="4"/>
		<feat xlink:href="#sSpan13990" value="5"/>
		<feat xlink:href="#sSpan14037" value="6"/>
		<feat xlink:href="#sSpan14088" value="7"/>
		<feat xlink:href="#sSpan14182" value="8"/>
		<feat xlink:href="#sSpan14304" value="1"/>
		<feat xlink:href="#sSpan14357" value="2"/>
		<feat xlink:href="#sSpan14420" value="3"/>
		<feat xlink:href="#sSpan14453" value="4"/>
		<feat xlink:href="#sSpan14508" value="5"/>
		<feat xlink:href="#sSpan14580" value="6"/>
		<feat xlink:href="#sSpan14692" value="7"/>
		<feat xlink:href="#sSpan14751" value="8"/>
		<feat xlink:href="#sSpan14788" value="1"/>
		<feat xlink:href="#sSpan15029" value="2"/>
		<feat xlink:href="#sSpan15215" value="3"/>
		<feat xlink:href="#sSpan15274" value="1"/>
		<feat xlink:href="#sSpan15316" value="2"/>
		<feat xlink:href="#sSpan15499" value="3"/>
		<feat xlink:href="#sSpan15673" value="4"/>
		<feat xlink:href="#sSpan15750" value="5"/>
		<feat xlink:href="#sSpan15869" value="6"/>
		<feat xlink:href="#sSpan15935" value="7"/>
		<feat xlink:href="#sSpan16090" value="1"/>
		<feat xlink:href="#sSpan16127" value="2"/>
		<feat xlink:href="#sSpan16239" value="3"/>
		<feat xlink:href="#sSpan16334" value="4"/>
		<feat xlink:href="#sSpan16463" value="5"/>
		<feat xlink:href="#sSpan16499" value="1"/>
		<feat xlink:href="#sSpan16581" value="2"/>
		<feat xlink:href="#sSpan16632" value="3"/>
		<feat xlink:href="#sSpan16705" value="4"/>
		<feat xlink:href="#sSpan16737" value="5"/>
		<feat xlink:href="#sSpan16803" value="1"/>
		<feat xlink:href="#sSpan16936" value="2"/>
		<feat xlink:href="#sSpan16984" value="3"/>
		<feat xlink:href="#sSpan17027" value="4"/>
		<feat xlink:href="#sSpan17105" value="5"/>
		<feat xlink:href="#sSpan17153" value="6"/>
		<feat xlink:href="#sSpan17223" value="7"/>
		<feat xlink:href="#sSpan17306" value="8"/>
		<feat xlink:href="#sSpan17415" value="1"/>
		<feat xlink:href="#sSpan17447" value="2"/>
		<feat xlink:href="#sSpan17565" value="3"/>
		<feat xlink:href="#sSpan17635" value="4"/>
		<feat xlink:href="#sSpan17732" value="1"/>
		<feat xlink:href="#sSpan17849" value="2"/>
		<feat xlink:href="#sSpan17927" value="3"/>
		<feat xlink:href="#sSpan18064" value="4"/>
		<feat xlink:href="#sSpan18116" value="5"/>
		<feat xlink:href="#sSpan18274" value="1"/>
		<feat xlink:href="#sSpan18365" value="2"/>
		<feat xlink:href="#sSpan18433" value="3"/>
		<feat xlink:href="#sSpan18514" value="4"/>
		<feat xlink:href="#sSpan18651" value="1"/>
		<feat xlink:href="#sSpan18717" value="2"/>
		<feat xlink:href="#sSpan18795" value="3"/>
		<feat xlink:href="#sSpan18883" value="4"/>
		<feat xlink:href="#sSpan18931" value="5"/>
		<feat xlink:href="#sSpan19011" value="6"/>
		<feat xlink:href="#sSpan19063" value="7"/>
		<feat xlink:href="#sSpan19141" value="8"/>
		<feat xlink:href="#sSpan19265" value="1"/>
		<feat xlink:href="#sSpan19311" value="2"/>
		<feat xlink:href="#sSpan19400" value="3"/>
		<feat xlink:href="#sSpan19484" value="4"/>
		<feat xlink:href="#sSpan19532" value="5"/>
		<feat xlink:href="#sSpan19623" value="6"/>
		<feat xlink:href="#sSpan19684" value="7"/>
		<feat xlink:href="#sSpan19733" value="8"/>
		<feat xlink:href="#sSpan19774" value="9"/>
		<feat xlink:href="#sSpan19932" value="1"/>
		<feat xlink:href="#sSpan19979" value="2"/>
		<feat xlink:href="#sSpan20008" value="3"/>
		<feat xlink:href="#sSpan20032" value="4"/>
		<feat xlink:href="#sSpan20076" value="5"/>
		<feat xlink:href="#sSpan20176" value="6"/>
		<feat xlink:href="#sSpan20232" value="7"/>
		<feat xlink:href="#sSpan20395" value="1"/>
		<feat xlink:href="#sSpan20447" value="2"/>
		<feat xlink:href="#sSpan20490" value="3"/>
		<feat xlink:href="#sSpan20557" value="4"/>
		<feat xlink:href="#sSpan20597" value="5"/>
		<feat xlink:href="#sSpan20661" value="6"/>
		<feat xlink:href="#sSpan20748" value="7"/>
		<feat xlink:href="#sSpan20778" value="8"/>
		<feat xlink:href="#sSpan20820" value="9"/>
		<feat xlink:href="#sSpan20874" value="10"/>
		<feat xlink:href="#sSpan20930" value="11"/>
		<feat xlink:href="#sSpan21003" value="12"/>
		<feat xlink:href="#sSpan21058" value="13"/>
		<feat xlink:href="#sSpan21116" value="14"/>
		<feat xlink:href="#sSpan21155" value="15"/>
		<feat xlink:href="#sSpan21340" value="16"/>
		<feat xlink:href="#sSpan21401" value="17"/>
		<feat xlink:href="#sSpan21588" value="18"/>
		<feat xlink:href="#sSpan21612" value="1"/>
		<feat xlink:href="#sSpan21726" value="2"/>
		<feat xlink:href="#sSpan21757" value="3"/>
		<feat xlink:href="#sSpan22049" value="4"/>
		<feat xlink:href="#sSpan22268" value="1"/>
		<feat xlink:href="#sSpan22354" value="2"/>
		<feat xlink:href="#sSpan22465" value="1"/></featList></paula>