<?xml version='1.0' encoding='UTF-8'?><!DOCTYPE paula SYSTEM "paula_feat.dtd">
<paula version="1.1">
	<header paula_id="scriptorium.AP.001.n135.mother.mark_verse_n"/>
	<featList xmlns:xlink="http://www.w3.org/1999/xlink" type="verse_n" xml:base="scriptorium.AP.001.n135.mother.mark.xml">
		<feat xlink:href="#sSpan9" value="2"/>
		<feat xlink:href="#sSpan71" value="3"/>
		<feat xlink:href="#sSpan125" value="4"/>
		<feat xlink:href="#sSpan156" value="5"/>
		<feat xlink:href="#sSpan244" value="6"/>
		<feat xlink:href="#sSpan376" value="7"/>
		<feat xlink:href="#sSpan435" value="8"/>
		<feat xlink:href="#sSpan475" value="9"/>
		<feat xlink:href="#sSpan586" value="10"/>
		<feat xlink:href="#sSpan649" value="11"/>
		<feat xlink:href="#sSpan688" value="12"/>
		<feat xlink:href="#sSpan760" value="13"/>
		<feat xlink:href="#sSpan878" value="14"/>
		<feat xlink:href="#sSpan969" value="15"/>
		<feat xlink:href="#sSpan1075" value="16"/>
		<feat xlink:href="#sSpan1206" value="17"/></featList></paula>