<?xml version='1.0' encoding='UTF-8'?><!DOCTYPE paula SYSTEM "paula_feat.dtd">
<paula version="1.1">
	<header paula_id="scriptorium.AP.001.n135.mother.mark_lb_n"/>
	<featList xmlns:xlink="http://www.w3.org/1999/xlink" type="lb_n" xml:base="scriptorium.AP.001.n135.mother.mark.xml">
		<feat xlink:href="#sSpan5" value="1"/>
		<feat xlink:href="#sSpan37" value="2"/>
		<feat xlink:href="#sSpan50" value="3"/>
		<feat xlink:href="#sSpan67" value="4"/>
		<feat xlink:href="#sSpan93" value="5"/>
		<feat xlink:href="#sSpan104" value="6"/>
		<feat xlink:href="#sSpan121" value="7"/>
		<feat xlink:href="#sSpan142" value="8"/>
		<feat xlink:href="#sSpan162" value="9"/>
		<feat xlink:href="#sSpan179" value="10"/>
		<feat xlink:href="#sSpan198" value="11"/>
		<feat xlink:href="#sSpan216" value="12"/>
		<feat xlink:href="#sSpan231" value="13"/>
		<feat xlink:href="#sSpan250" value="14"/>
		<feat xlink:href="#sSpan269" value="15"/>
		<feat xlink:href="#sSpan286" value="16"/>
		<feat xlink:href="#sSpan308" value="17"/>
		<feat xlink:href="#sSpan325" value="18"/>
		<feat xlink:href="#sSpan340" value="19"/>
		<feat xlink:href="#sSpan360" value="20"/>
		<feat xlink:href="#sSpan381" value="21"/>
		<feat xlink:href="#sSpan399" value="22"/>
		<feat xlink:href="#sSpan414" value="23"/>
		<feat xlink:href="#sSpan431" value="24"/>
		<feat xlink:href="#sSpan453" value="25"/>
		<feat xlink:href="#sSpan480" value="26"/>
		<feat xlink:href="#sSpan503" value="27"/>
		<feat xlink:href="#sSpan522" value="28"/>
		<feat xlink:href="#sSpan547" value="29"/>
		<feat xlink:href="#sSpan563" value="30"/>
		<feat xlink:href="#sSpan582" value="31"/>
		<feat xlink:href="#sSpan602" value="32"/>
		<feat xlink:href="#sSpan619" value="33"/>
		<feat xlink:href="#sSpan636" value="34"/>
		<feat xlink:href="#sSpan660" value="35"/>
		<feat xlink:href="#sSpan678" value="36"/>
		<feat xlink:href="#sSpan705" value="37"/>
		<feat xlink:href="#sSpan728" value="38"/>
		<feat xlink:href="#sSpan743" value="39"/>
		<feat xlink:href="#sSpan768" value="40"/>
		<feat xlink:href="#sSpan786" value="41"/>
		<feat xlink:href="#sSpan802" value="42"/>
		<feat xlink:href="#sSpan818" value="43"/>
		<feat xlink:href="#sSpan834" value="1"/>
		<feat xlink:href="#sSpan856" value="2"/>
		<feat xlink:href="#sSpan874" value="3"/>
		<feat xlink:href="#sSpan893" value="4"/>
		<feat xlink:href="#sSpan914" value="5"/>
		<feat xlink:href="#sSpan933" value="6"/>
		<feat xlink:href="#sSpan954" value="7"/>
		<feat xlink:href="#sSpan980" value="8"/>
		<feat xlink:href="#sSpan995" value="9"/>
		<feat xlink:href="#sSpan1015" value="10"/>
		<feat xlink:href="#sSpan1033" value="11"/>
		<feat xlink:href="#sSpan1054" value="12"/>
		<feat xlink:href="#sSpan1071" value="13"/>
		<feat xlink:href="#sSpan1098" value="14"/>
		<feat xlink:href="#sSpan1117" value="15"/>
		<feat xlink:href="#sSpan1128" value="16"/>
		<feat xlink:href="#sSpan1147" value="17"/>
		<feat xlink:href="#sSpan1168" value="18"/>
		<feat xlink:href="#sSpan1182" value="19"/>
		<feat xlink:href="#sSpan1202" value="20"/>
		<feat xlink:href="#sSpan1224" value="21"/>
		<feat xlink:href="#sSpan1241" value="22"/>
		<feat xlink:href="#sSpan1258" value="23"/>
		<feat xlink:href="#sSpan1276" value="24"/>
		<feat xlink:href="#sSpan1291" value="25"/>
		<feat xlink:href="#sSpan1320" value="26"/>
		<feat xlink:href="#sSpan1337" value="27"/>
		<feat xlink:href="#sSpan1357" value="28"/>
		<feat xlink:href="#sSpan1383" value="29"/></featList></paula>