<?xml version='1.0' encoding='UTF-8'?><!DOCTYPE paula SYSTEM "paula_feat.dtd">
<paula version="1.1">
	<header paula_id="scriptorium.AP.001.n135.mother.mark_translation"/>
	<featList xmlns:xlink="http://www.w3.org/1999/xlink" type="translation" xml:base="scriptorium.AP.001.n135.mother.mark.xml">
		<feat xlink:href="#sSpan8" value="…he saying, “I desire to save my soul.”"/>
		<feat xlink:href="#sSpan70" value="She labored to stop him, but she was not able."/>
		<feat xlink:href="#sSpan124" value="Afterwards, she left him."/>
		<feat xlink:href="#sSpan155" value="When he had gone and become a monk, he became negligent, and he badly spent his life."/>
		<feat xlink:href="#sSpan243" value="And it happened, when his mother had died, after some time, he became very ill so that he became ecstatic, being carried off to the Judgment."/>
		<feat xlink:href="#sSpan375" value="And there he found his mother and those who judge."/>
		<feat xlink:href="#sSpan434" value="When she saw him, she was amazed."/>
		<feat xlink:href="#sSpan474" value="And she said to him, “What is this, my son, that you come yourself to this place in order to be judged?"/>
		<feat xlink:href="#sSpan585" value="And where are your words that you spoke, ‘I desire to save my soul’?”"/>
		<feat xlink:href="#sSpan648" value="And he was ashamed because of the things that he heard."/>
		<feat xlink:href="#sSpan687" value="He stood sadly, not having any apology to offer her."/>
		<feat xlink:href="#sSpan759" value="According to the economy of God, the lover of man…it happened that he recovered from the illness, after He saw…in his…"/>
		<feat xlink:href="#sSpan877" value="From this inquiry happening…through God, he confined himself."/>
		<feat xlink:href="#sSpan968" value="Afterwards, he sat down, reflecting upon his health and crying over the neglectful things he had done earlier."/>
		<feat xlink:href="#sSpan1074" value="His being was pricked such that a multitude exhorted him to rest himself a little lest he should be overcome by so much crying."/>
		<feat xlink:href="#sSpan1205" value="But he did not wish to console himself, saying, “ If I have not been able to bear the reproach of my mother, how will I be able to bear the shame on the Day of Judgment in the presence of Christ and all his angels?”"/></featList></paula>