<?xml version='1.0' encoding='UTF-8'?><!DOCTYPE paula SYSTEM "paula_feat.dtd">
<paula version="1.1">
	<header paula_id="scriptorium.cross.michbr283-286.mark_norm_group"/>
	<featList xmlns:xlink="http://www.w3.org/1999/xlink" type="norm_group" xml:base="scriptorium.cross.michbr283-286.mark.xml">
		<feat xlink:href="#sSpan3" value="ⲟⲩⲉⲝⲏⲅⲉⲥⲓⲥ"/>
		<feat xlink:href="#sSpan19" value="ⲛⲧⲉⲁⲡⲁ"/>
		<feat xlink:href="#sSpan29" value="ⲑⲉⲟⲫⲓⲗⲟⲥ"/>
		<feat xlink:href="#sSpan33" value="ⲡⲁⲣⲭⲏⲉⲡⲓⲥⲕⲟⲡⲟⲥ"/>
		<feat xlink:href="#sSpan41" value="ⲛⲣⲁⲕⲟⲧⲉ"/>
		<feat xlink:href="#sSpan49" value="."/>
		<feat xlink:href="#sSpan54" value="ⲉⲁϥⲧⲁⲩⲟⲥ"/>
		<feat xlink:href="#sSpan67" value="ⲉⲧⲃⲉⲡⲉⲥⲧⲁⲩⲣⲟⲥ"/>
		<feat xlink:href="#sSpan77" value="ⲙⲛⲡⲗⲏⲥⲧⲏⲥ"/>
		<feat xlink:href="#sSpan88" value="."/>
		<feat xlink:href="#sSpan92" value="ϩⲛⲟⲩⲉⲓⲣⲏⲛⲏ"/>
		<feat xlink:href="#sSpan103" value="ⲛⲧⲉⲡⲛⲟⲩⲧⲉ"/>
		<feat xlink:href="#sSpan114" value="ϩⲁⲙⲏⲛ"/>
		<feat xlink:href="#sSpan118" value=":"/>
		<feat xlink:href="#sSpan122" value="⳾⳾⳾"/>
		<feat xlink:href="#sSpan127" value="ⲁⲡⲣⲏ"/>
		<feat xlink:href="#sSpan140" value="ⲛⲧⲇⲓⲕⲁⲓⲟⲥⲩⲛⲏ"/>
		<feat xlink:href="#sSpan151" value="ⲟⲩⲱⲛϩ"/>
		<feat xlink:href="#sSpan156" value="ⲉⲃⲟⲗ"/>
		<feat xlink:href="#sSpan161" value="ϩⲛⲙⲙⲁ"/>
		<feat xlink:href="#sSpan170" value="ⲛϣⲁ"/>
		<feat xlink:href="#sSpan177" value="."/>
		<feat xlink:href="#sSpan181" value="ⲉϥⲣⲟⲩⲟⲉⲓⲛ"/>
		<feat xlink:href="#sSpan191" value="ⲉⲛⲉⲧϩⲙⲡⲕⲁⲕⲉ"/>
		<feat xlink:href="#sSpan208" value="ⲙⲛⲧϩⲁⲓⲃⲉⲥ"/>
		<feat xlink:href="#sSpan218" value="ⲉⲡⲙⲟⲩ"/>
		<feat xlink:href="#sSpan227" value="ⲁⲡⲣⲣⲟ"/>
		<feat xlink:href="#sSpan240" value="ⲛⲧⲇⲓⲕⲁⲓⲟⲥⲩⲛⲏ"/>
		<feat xlink:href="#sSpan252" value="ⲫⲱⲣⲉⲓ"/>
		<feat xlink:href="#sSpan256" value="ⲛⲧⲉϭⲣⲏⲡⲉ"/>
		<feat xlink:href="#sSpan266" value="ⲛⲧⲙⲛⲧⲣⲣⲟ"/>
		<feat xlink:href="#sSpan278" value="."/>
		<feat xlink:href="#sSpan282" value="ⲁⲛⲉϥϫⲁϫⲉ"/>
		<feat xlink:href="#sSpan292" value="ⲧⲏⲣⲟⲩ"/>
		<feat xlink:href="#sSpan298" value="ⲑⲃⲃⲓⲟ"/>
		<feat xlink:href="#sSpan303" value="ϩⲁⲡⲉⲥⲏⲧ"/>
		<feat xlink:href="#sSpan312" value="ⲛⲛⲉϥⲟⲩⲉⲣⲏⲧⲉ"/>
		<feat xlink:href="#sSpan322" value="."/>
		<feat xlink:href="#sSpan326" value="ⲁⲡⲉⲥϯⲛⲟⲩϥⲉ"/>
		<feat xlink:href="#sSpan341" value="ϣⲱϣ"/>
		<feat xlink:href="#sSpan346" value="ⲉⲃⲟⲗ"/>
		<feat xlink:href="#sSpan351" value="ϩⲓϫⲛϫⲟⲩⲣⲏ"/>
		<feat xlink:href="#sSpan359" value="ⲙⲡⲟⲩϫⲁⲓ"/>
		<feat xlink:href="#sSpan368" value="ⲁϥⲱϫⲛ"/>
		<feat xlink:href="#sSpan377" value="ⲙⲡⲉⲥϯⲃⲱⲱⲛ"/>
		<feat xlink:href="#sSpan389" value="ϩⲙⲡⲉⲥⲧⲟⲓ"/>
		<feat xlink:href="#sSpan399" value="ⲙⲡⲉϥⲥⲟϭⲛ"/>
		<feat xlink:href="#sSpan408" value="."/>
		<feat xlink:href="#sSpan412" value="ⲁⲡⲙⲟⲩⲓ"/>
		<feat xlink:href="#sSpan425" value="ⲛϫⲱⲱⲣⲉ"/>
		<feat xlink:href="#sSpan433" value="ⲧⲱⲟⲩⲛ"/>
		<feat xlink:href="#sSpan437" value="ⲉⲃⲟⲗ"/>
		<feat xlink:href="#sSpan442" value="ϩⲛⲙⲙⲁ"/>
		<feat xlink:href="#sSpan452" value="ⲛϣⲏⲛ"/>
		<feat xlink:href="#sSpan459" value="ⲁⲛⲉⲑⲏⲣⲓⲟⲛ"/>
		<feat xlink:href="#sSpan470" value="ϩⲟⲡⲟⲩ"/>
		<feat xlink:href="#sSpan477" value="ϩⲛⲛⲉⲩⲃⲏⲃ"/>
		<feat xlink:href="#sSpan486" value="ⲛⲕⲁⲕⲉ"/>
		<feat xlink:href="#sSpan494" value="."/>
		<feat xlink:href="#sSpan498" value="ⲁⲡⲥⲁⲉⲓⲛ"/>
		<feat xlink:href="#sSpan512" value="ⲉⲧⲟⲩⲁⲁⲃ"/>
		<feat xlink:href="#sSpan518" value="ⲉⲓ"/>
		<feat xlink:href="#sSpan523" value="ϣⲁⲣⲟⲛ"/>
		<feat xlink:href="#sSpan529" value="ⲙⲛⲛⲉϥⲡⲁϩⲣⲉ"/>
		<feat xlink:href="#sSpan539" value="ⲛⲱⲛϩ"/>
		<feat xlink:href="#sSpan546" value="ⲟⲩⲟⲛ"/>
		<feat xlink:href="#sSpan553" value="ⲛⲓⲙ"/>
		<feat xlink:href="#sSpan557" value="ⲉⲧⲙⲁⲕϩ"/>
		<feat xlink:href="#sSpan564" value=":"/>
		<feat xlink:href="#sSpan568" value="ⲁⲩϫⲓ"/>
		<feat xlink:href="#sSpan576" value="ⲡⲁϩⲣⲉ"/>
		<feat xlink:href="#sSpan583" value="ⲛϫⲓⲛϫⲏ"/>
		<feat xlink:href="#sSpan591" value=":"/>
		<feat xlink:href="#sSpan595" value="ⲁⲧⲉⲩⲫⲣⲟⲥⲩⲛⲏ"/>
		<feat xlink:href="#sSpan609" value="ⲙⲡⲥⲱⲛⲧ"/>
		<feat xlink:href="#sSpan619" value="ⲧⲏⲣϥ"/>
		<feat xlink:href="#sSpan625" value="ⲟⲩⲱⲛϩ"/>
		<feat xlink:href="#sSpan631" value="ⲉⲃⲟⲗ"/>
		<feat xlink:href="#sSpan635" value="ϫⲉⲥⲉⲣⲁϣⲉ"/>
		<feat xlink:href="#sSpan643" value="ⲛⲙⲙⲁϥ"/>
		<feat xlink:href="#sSpan650" value=":"/>
		<feat xlink:href="#sSpan654" value="ⲛⲧϩⲉ"/>
		<feat xlink:href="#sSpan667" value="ⲅⲁⲣ"/>
		<feat xlink:href="#sSpan672" value="ⲛⲟⲩⲡⲟⲗⲓⲥ"/>
		<feat xlink:href="#sSpan682" value="ⲉⲣⲉⲟⲩⲣⲣⲟ"/>
		<feat xlink:href="#sSpan692" value="ⲛϫⲁϫⲉ"/>
		<feat xlink:href="#sSpan698" value="ⲕⲱⲧⲉ"/>
		<feat xlink:href="#sSpan703" value="ⲉⲣⲟⲥ"/>
		<feat xlink:href="#sSpan709" value="ⲛϥⲟⲣⲃⲥ"/>
		<feat xlink:href="#sSpan719" value="ⲉϩⲟⲩⲛ"/>
		<feat xlink:href="#sSpan724" value=":"/>
		<feat xlink:href="#sSpan729" value="ⲧⲟⲧⲉ"/>
		<feat xlink:href="#sSpan736" value="ϣⲁⲣⲉⲛⲉⲧⲛϩⲏⲧⲥ"/>
		<feat xlink:href="#sSpan750" value="ⲧⲏⲣⲟⲩ"/>
		<feat xlink:href="#sSpan757" value="ϣⲱⲡⲉ"/>
		<feat xlink:href="#sSpan761" value="ϩⲛⲟⲩⲑⲃⲃⲓⲟ"/>
		<feat xlink:href="#sSpan771" value=":"/>
		<feat xlink:href="#sSpan775" value="ⲉⲩϩⲉϫϩⲱϫ"/>
		<feat xlink:href="#sSpan783" value="ⲉⲩⲗⲩⲡⲉⲓ"/>
		<feat xlink:href="#sSpan793" value="ⲉⲩⲁϣⲁϩⲟⲙ"/>
		<feat xlink:href="#sSpan804" value=":"/>
		<feat xlink:href="#sSpan809" value="ϩⲟⲧⲁⲛ"/>
		<feat xlink:href="#sSpan817" value="ⲇⲉ"/>
		<feat xlink:href="#sSpan821" value="ⲉϥϣⲁⲛⲥⲱⲧⲙ"/>
		<feat xlink:href="#sSpan828" value="ⲛϭⲓⲡⲣⲣⲟ"/>
		<feat xlink:href="#sSpan838" value="ⲉⲧⲟ"/>
		<feat xlink:href="#sSpan844" value="ⲛⲉⲝⲟⲩⲥⲓⲁ"/>
		<feat xlink:href="#sSpan852" value="ⲉⲣⲟⲥ"/>
		<feat xlink:href="#sSpan859" value="ⲉⲧⲛⲟϭ"/>
		<feat xlink:href="#sSpan868" value="ⲛⲧⲟⲗⲙⲏⲣⲓⲁ"/>
		<feat xlink:href="#sSpan876" value="ⲛⲧϩⲉ"/>
		<feat xlink:href="#sSpan884" value="ⲛⲧⲁϥⲧⲟⲗⲙⲁ"/>
		<feat xlink:href="#sSpan896" value="ⲙⲙⲟⲥ"/>
		<feat xlink:href="#sSpan902" value="ⲉϩⲱⲧⲃ"/>
		<feat xlink:href="#sSpan909" value="ⲛⲛⲉϥⲙⲏⲏϣⲉ"/>
		<feat xlink:href="#sSpan919" value=":"/>
		<feat xlink:href="#sSpan924" value="ⲧⲟⲧⲉ"/>
		<feat xlink:href="#sSpan931" value="ϣⲁϥⲥⲱⲟⲩϩ"/>
		<feat xlink:href="#sSpan940" value="ⲉϩⲟⲩⲛ"/>
		<feat xlink:href="#sSpan944" value="ⲙⲡⲉϥⲙⲏⲏϣⲉ"/>
		<feat xlink:href="#sSpan954" value="ⲧⲏⲣϥ"/>
		<feat xlink:href="#sSpan961" value=":"/>
		<feat xlink:href="#sSpan965" value="ⲙⲛⲛⲉⲩⲥⲕⲉⲩⲏ"/>
		<feat xlink:href="#sSpan975" value="ⲙⲡⲟⲗⲉⲙⲓⲕⲟⲛ"/>
		<feat xlink:href="#sSpan984" value=":"/>
		<feat xlink:href="#sSpan990" value="ⲡⲉϥⲙⲏⲏϣⲉ"/>
		<feat xlink:href="#sSpan1000" value="ⲛⲧⲉⲣⲉϥⲧⲥⲁⲃⲟⲟⲩ"/>
		<feat xlink:href="#sSpan1011" value="ⲉⲧϭⲓⲛⲡⲟⲗⲩⲙⲉⲓ"/>
		<feat xlink:href="#sSpan1024" value="ⲙⲛⲛⲉϥϫⲁϫⲉ"/>
		<feat xlink:href="#sSpan1034" value=":"/>
		<feat xlink:href="#sSpan1038" value="ϣⲁϥⲙⲟⲟϣⲉ"/>
		<feat xlink:href="#sSpan1053" value="ϩⲁⲧⲉⲩϩⲉ"/>
		<feat xlink:href="#sSpan1061" value="."/>
		<feat xlink:href="#sSpan1065" value="ϩⲛⲟⲩⲣⲁϣⲉ"/>
		<feat xlink:href="#sSpan1075" value="ⲉϥⲥⲟⲟⲩⲛ"/>
		<feat xlink:href="#sSpan1084" value="ϫⲉϥⲛⲁϭⲱⲧⲡ"/>
		<feat xlink:href="#sSpan1095" value="ⲛⲛⲉϥϫⲁϫⲉ"/>
		<feat xlink:href="#sSpan1104" value="ϩⲛⲟⲩⲛⲟϭ"/>
		<feat xlink:href="#sSpan1114" value="ⲛϭⲟⲙ"/>
		<feat xlink:href="#sSpan1120" value="ⲧⲁⲓ"/>
		<feat xlink:href="#sSpan1129" value="ϩⲱⲱϥ"/>
		<feat xlink:href="#sSpan1135" value="ⲧⲉ"/>
		<feat xlink:href="#sSpan1139" value="ⲧⲉ"/>
		<feat xlink:href="#sSpan1145" value="ⲙⲡⲉⲛϫⲟⲉⲓⲥ"/>
		<feat xlink:href="#sSpan1156" value="ⲓⲏⲥⲟⲩⲥ"/>
		<feat xlink:href="#sSpan1160" value="ⲡⲉⲭⲣⲓⲥⲧⲟⲥ"/>
		<feat xlink:href="#sSpan1167" value="ⲛⲧⲉⲣⲉϥⲛⲁⲩ"/>
		<feat xlink:href="#sSpan1176" value="ⲉⲡϫⲁϫⲉ"/>
		<feat xlink:href="#sSpan1186" value="ⲛⲧⲙⲛⲧⲣⲱⲙⲉ"/>
		<feat xlink:href="#sSpan1198" value="ⲧⲏⲣⲥ"/>
		<feat xlink:href="#sSpan1204" value="."/>
		<feat xlink:href="#sSpan1208" value="ⲉⲧⲉⲡⲁⲓ"/>
		<feat xlink:href="#sSpan1218" value="ⲡⲉ"/>
		<feat xlink:href="#sSpan1224" value="ⲡⲇⲓⲁⲃⲟⲗⲟⲥ"/>
		<feat xlink:href="#sSpan1231" value="ⲁϥⲱⲣϥ"/>
		<feat xlink:href="#sSpan1240" value="ⲉϩⲟⲩⲛ"/>
		<feat xlink:href="#sSpan1244" value="ⲛⲧⲟⲓⲕⲟⲩⲙⲉⲛⲏ"/>
		<feat xlink:href="#sSpan1255" value="ⲧⲏⲣⲥ"/>
		<feat xlink:href="#sSpan1261" value="ⲁϥⲑⲙⲕⲟ"/>
		<feat xlink:href="#sSpan1273" value="ⲛⲟⲩⲟⲛ"/>
		<feat xlink:href="#sSpan1281" value="ⲛⲓⲙ"/>
		<feat xlink:href="#sSpan1286" value="ϩⲛⲛⲉϥⲥⲛⲁⲩϩ"/>
		<feat xlink:href="#sSpan1295" value="ⲉⲧⲙⲉϩ"/>
		<feat xlink:href="#sSpan1302" value="ⲛⲛⲟⲃⲉ"/>
		<feat xlink:href="#sSpan1309" value="ⲁϥϫⲟⲟⲣⲟⲩ"/>
		<feat xlink:href="#sSpan1320" value="ⲉⲃⲟⲗ"/>
		<feat xlink:href="#sSpan1325" value="ϩⲛⲛⲉϥⲡⲗⲩⲅⲏ"/>
		<feat xlink:href="#sSpan1336" value="ⲉⲧⲟϣ"/>
		<feat xlink:href="#sSpan1342" value="ⲉⲧⲉⲛⲁⲓ"/>
		<feat xlink:href="#sSpan1350" value="ⲛⲉ"/>
		<feat xlink:href="#sSpan1354" value="."/>
		<feat xlink:href="#sSpan1359" value="ⲧⲙⲛⲧⲣⲉϥϣⲙϣⲉⲉⲓⲇⲱⲗⲟⲛ"/>
		<feat xlink:href="#sSpan1375" value="."/>
		<feat xlink:href="#sSpan1379" value="ⲧⲙⲛⲧⲣⲉϥⲧⲱⲣⲡ"/>
		<feat xlink:href="#sSpan1389" value="."/>
		<feat xlink:href="#sSpan1393" value="ⲧⲙⲛⲧⲁⲧϣⲁⲩ"/>
		<feat xlink:href="#sSpan1403" value="."/>
		<feat xlink:href="#sSpan1407" value="ⲧⲙⲛⲧⲣⲉϥϫⲓⲟⲩⲉ"/>
		<feat xlink:href="#sSpan1417" value="."/>
		<feat xlink:href="#sSpan1422" value="ⲧⲙⲛⲧⲣⲉϥϩⲱⲧⲃ"/>
		<feat xlink:href="#sSpan1432" value="."/>
		<feat xlink:href="#sSpan1436" value="ⲧⲕⲁⲧⲁⲗⲁⲗⲓⲁ"/>
		<feat xlink:href="#sSpan1448" value="."/>
		<feat xlink:href="#sSpan1452" value="ⲡⲕⲱϩ"/>
		<feat xlink:href="#sSpan1458" value="."/>
		<feat xlink:href="#sSpan1463" value="ⲡⲙⲟⲥⲧⲉ"/>
		<feat xlink:href="#sSpan1470" value="ⲡϭⲱⲛⲧ"/>
		<feat xlink:href="#sSpan1477" value="."/>
		<feat xlink:href="#sSpan1482" value="ⲧⲟⲣⲅⲏ"/>
		<feat xlink:href="#sSpan1489" value="."/>
		<feat xlink:href="#sSpan1494" value="ⲡϯϩⲉ"/>
		<feat xlink:href="#sSpan1501" value="."/>
		<feat xlink:href="#sSpan1506" value="ⲧⲙⲛⲧⲣⲉϥⲣϩⲓⲕ"/>
		<feat xlink:href="#sSpan1516" value="."/>
		<feat xlink:href="#sSpan1521" value="ⲡϫⲱϩⲙ"/>
		<feat xlink:href="#sSpan1527" value="."/>
		<feat xlink:href="#sSpan1532" value="ⲧⲡⲁⲛⲟⲩⲣⲅⲓⲁ"/>
		<feat xlink:href="#sSpan1540" value="."/>
		<feat xlink:href="#sSpan1544" value="ⲡⲉⲕⲣⲟϥ"/>
		<feat xlink:href="#sSpan1555" value="."/>
		<feat xlink:href="#sSpan1560" value="ⲡϫⲱϩⲙ"/>
		<feat xlink:href="#sSpan1568" value="."/>
		<feat xlink:href="#sSpan1572" value="ⲧⲡⲁⲛⲟⲩⲣⲅⲓⲁ"/>
		<feat xlink:href="#sSpan1580" value="."/>
		<feat xlink:href="#sSpan1584" value="ⲡⲉⲕⲣⲟϥ"/>
		<feat xlink:href="#sSpan1591" value="ⲧⲙⲛⲧϫⲁⲥⲓϩⲏⲧ"/>
		<feat xlink:href="#sSpan1600" value="."/>
		<feat xlink:href="#sSpan1604" value="ⲛⲁⲛⲁϣ"/>
		<feat xlink:href="#sSpan1611" value="ⲛⲛⲟⲩϫ"/>
		<feat xlink:href="#sSpan1618" value="."/>
		<feat xlink:href="#sSpan1622" value="ⲛⲥⲱⲱϥ"/>
		<feat xlink:href="#sSpan1630" value="."/>
		<feat xlink:href="#sSpan1635" value="ⲙⲡⲟⲣⲛⲉⲓⲁ"/>
		<feat xlink:href="#sSpan1643" value="."/>
		<feat xlink:href="#sSpan1648" value="ⲙⲙⲛⲧⲥⲁⲛⲕⲟⲧⲥ"/>
		<feat xlink:href="#sSpan1662" value="."/>
		<feat xlink:href="#sSpan1666" value="ⲙⲛⲛⲉⲧⲉⲓⲛⲉ"/>
		<feat xlink:href="#sSpan1678" value="ⲛⲛⲁⲓ"/>
		<feat xlink:href="#sSpan1686" value="ⲛϯⲙⲓⲛⲉ"/>
		<feat xlink:href="#sSpan1694" value="."/>
		<feat xlink:href="#sSpan1699" value="ⲛⲁⲓ"/>
		<feat xlink:href="#sSpan1707" value="ⲛⲉ"/>
		<feat xlink:href="#sSpan1711" value="ⲛϭⲟⲣϭⲥ"/>
		<feat xlink:href="#sSpan1718" value="ⲛⲧⲁⲡⲇⲓⲁⲃⲟⲗⲟⲥ"/>
		<feat xlink:href="#sSpan1731" value="ϭⲱⲣϭ"/>
		<feat xlink:href="#sSpan1735" value="ⲛⲛⲣⲱⲙⲉ"/>
		<feat xlink:href="#sSpan1745" value="ⲛϩⲏⲧⲟⲩ"/>
		<feat xlink:href="#sSpan1751" value="ϣⲁⲛⲧⲉϥⲥⲟⲣⲙⲟⲩ"/>
		<feat xlink:href="#sSpan1762" value="ⲛϥϫⲟⲟⲣⲟⲩ"/>
		<feat xlink:href="#sSpan1773" value="ⲉⲃⲟⲗ"/>
		<feat xlink:href="#sSpan1777" value="."/>
		<feat xlink:href="#sSpan1781" value="ⲁⲩⲉⲓⲥ"/>
		<feat xlink:href="#sSpan1791" value="ϩⲱⲱϥ"/>
		<feat xlink:href="#sSpan1797" value="ⲧⲉⲛⲟⲩ"/>
		<feat xlink:href="#sSpan1802" value="ⲛⲧⲛⲛⲁⲩ"/>
		<feat xlink:href="#sSpan1810" value="ϫⲉⲉⲣⲉⲡⲉⲭⲣⲓⲥⲧⲟⲥ"/>
		<feat xlink:href="#sSpan1823" value="ⲡⲉⲛⲣⲣⲟ"/>
		<feat xlink:href="#sSpan1830" value="ⲡⲟⲗⲉⲙⲉⲓ"/>
		<feat xlink:href="#sSpan1835" value="ⲛⲙⲙⲁϥ"/>
		<feat xlink:href="#sSpan1841" value="ⲛⲁϣ"/>
		<feat xlink:href="#sSpan1848" value="ⲛϩⲉ"/>
		<feat xlink:href="#sSpan1854" value="."/>
		<feat xlink:href="#sSpan1858" value="ϣⲁⲛⲧⲉϥϥⲓ"/>
		<feat xlink:href="#sSpan1870" value="ⲛⲧⲟⲟⲧϥ"/>
		<feat xlink:href="#sSpan1876" value="ⲛⲛⲉⲛⲯⲩⲭⲏ"/>
		<feat xlink:href="#sSpan1887" value="ⲛϥⲁⲁⲩ"/>
		<feat xlink:href="#sSpan1898" value="ⲛⲣⲙϩⲉ"/>
		<feat xlink:href="#sSpan1907" value="."/>
		<feat xlink:href="#sSpan1911" value="ⲛⲧⲉⲣⲉϥⲣϩⲛⲁϥ"/>
		<feat xlink:href="#sSpan1928" value="ⲛϭⲓⲡⲛⲟⲩⲧⲉ"/>
		<feat xlink:href="#sSpan1938" value="ⲡⲡⲁⲛⲧⲱⲕⲣⲁⲧⲱⲣ"/>
		<feat xlink:href="#sSpan1946" value="ⲡⲁⲓ"/>
		<feat xlink:href="#sSpan1951" value="ϩⲓⲧⲛⲧⲉϥⲛⲟϭ"/>
		<feat xlink:href="#sSpan1961" value="ⲛⲁⲅⲁⲡⲏ"/>
		<feat xlink:href="#sSpan1969" value="ⲛⲧⲁϥⲙⲉⲣⲓⲧⲛ"/>
		<feat xlink:href="#sSpan1982" value="ⲛϩⲏⲧⲥ"/>
		<feat xlink:href="#sSpan1988" value="."/>
		<feat xlink:href="#sSpan1992" value="ⲁϥⲧⲛⲛⲟⲟⲩ"/>
		<feat xlink:href="#sSpan2004" value="ⲙⲡⲉϥⲙⲉⲣⲓⲧ"/>
		<feat xlink:href="#sSpan2014" value="ⲛϣⲏⲣⲉ"/>
		<feat xlink:href="#sSpan2020" value="ⲉⲡⲕⲟⲥⲙⲟⲥ"/>
		<feat xlink:href="#sSpan2031" value="."/>
		<feat xlink:href="#sSpan2035" value="ⲁϥⲃⲱⲕ"/>
		<feat xlink:href="#sSpan2044" value="ϣⲁⲡⲗⲁⲟⲥ"/>
		<feat xlink:href="#sSpan2055" value="ⲉⲧⲥⲟⲟϥ"/>
		<feat xlink:href="#sSpan2064" value="."/>
		<feat xlink:href="#sSpan2068" value="ⲁϥⲧⲁϣⲉⲟⲉⲓϣ"/>
		<feat xlink:href="#sSpan2081" value="ⲛⲁⲩ"/>
		<feat xlink:href="#sSpan2088" value="ϫⲉⲙⲉⲧⲁⲛⲟⲉⲓ"/>
		<feat xlink:href="#sSpan2095" value="ⲁⲥϩⲱⲛ"/>
		<feat xlink:href="#sSpan2105" value="ⲅⲁⲣ"/>
		<feat xlink:href="#sSpan2109" value="ⲉϩⲟⲩⲛ"/>
		<feat xlink:href="#sSpan2113" value="ⲛϭⲓⲧⲙⲛⲧⲣⲣⲟ"/>
		<feat xlink:href="#sSpan2125" value="ⲛⲛⲉⲙⲡⲏⲩⲉ"/>
		<feat xlink:href="#sSpan2135" value="."/>
		<feat xlink:href="#sSpan2139" value="ⲛⲧⲟⲟⲩ"/>
		<feat xlink:href="#sSpan2148" value="ⲇⲉ"/>
		<feat xlink:href="#sSpan2152" value="ⲙⲡⲟⲩϯϩⲧⲏⲩ"/>
		<feat xlink:href="#sSpan2165" value="ⲉⲛⲉϥⲥⲩⲛⲃⲓⲁ"/>
		<feat xlink:href="#sSpan2176" value="ⲉⲧⲟⲩⲁⲁⲃ"/>
		<feat xlink:href="#sSpan2182" value="."/>
		<feat xlink:href="#sSpan2186" value="ⲙⲛⲛⲥⲁ"/>
		<feat xlink:href="#sSpan2198" value="ⲛⲁⲓ"/>
		<feat xlink:href="#sSpan2202" value="ⲁϥⲣⲛⲉⲓϭⲟⲙ"/>
		<feat xlink:href="#sSpan2216" value="ⲧⲏⲣⲟⲩ"/>
		<feat xlink:href="#sSpan2222" value="ϩⲛⲧⲉⲩⲙⲏⲧⲉ"/>
		<feat xlink:href="#sSpan2232" value="."/>
		<feat xlink:href="#sSpan2236" value="ⲉϩⲉⲛⲁϫⲓⲏⲡⲉ"/>
		<feat xlink:href="#sSpan2248" value="ⲙⲙⲟⲟⲩ"/>
		<feat xlink:href="#sSpan2255" value="ⲛⲉⲛⲃⲗⲗⲉ"/>
		<feat xlink:href="#sSpan2262" value="ⲁϥⲧⲣⲉⲩⲛⲁⲩ"/>
		<feat xlink:href="#sSpan2276" value="ⲉⲃⲟⲗ"/>
		<feat xlink:href="#sSpan2280" value="."/>
		<feat xlink:href="#sSpan2285" value="ⲛⲁⲗ"/>
		<feat xlink:href="#sSpan2294" value="ⲁϥⲧⲣⲉⲩⲥⲱⲧⲙ"/>
		<feat xlink:href="#sSpan2307" value="."/>
		<feat xlink:href="#sSpan2312" value="ⲛϭⲁⲗⲉ"/>
		<feat xlink:href="#sSpan2319" value="ⲁϥⲧⲣⲉⲩⲙⲟⲟϣⲉ"/>
		<feat xlink:href="#sSpan2331" value="."/>
		<feat xlink:href="#sSpan2336" value="ⲛⲉⲧⲥⲁⲃϩ"/>
		<feat xlink:href="#sSpan2345" value="ⲁϥⲧⲃⲃⲟⲟⲩ"/>
		<feat xlink:href="#sSpan2355" value="."/>
		<feat xlink:href="#sSpan2360" value="ⲛⲉⲧⲙⲟⲟⲩⲧ"/>
		<feat xlink:href="#sSpan2372" value="ⲁϥⲧⲟⲩⲛⲟⲩⲥⲟⲩ"/>
		<feat xlink:href="#sSpan2383" value="."/>
		<feat xlink:href="#sSpan2388" value="ⲛⲇⲁⲓⲙⲟⲛⲓⲟⲛ"/>
		<feat xlink:href="#sSpan2396" value="ⲁϥⲛⲁϫⲟⲩ"/>
		<feat xlink:href="#sSpan2407" value="ⲉⲃⲟⲗ"/>
		<feat xlink:href="#sSpan2411" value="."/>
		<feat xlink:href="#sSpan2415" value="ⲛⲉϭⲓϫ"/>
		<feat xlink:href="#sSpan2426" value="ⲉⲧϣⲟⲩⲱⲟⲩ"/>
		<feat xlink:href="#sSpan2432" value="ⲁϥⲥⲟⲩⲧⲱⲛⲟⲩ"/>
		<feat xlink:href="#sSpan2443" value="ⲉⲃⲟⲗ"/>
		<feat xlink:href="#sSpan2448" value="."/>
		<feat xlink:href="#sSpan2453" value="ⲛϩⲏⲕⲉ"/>
		<feat xlink:href="#sSpan2459" value="ⲁϥⲧⲥⲓⲟⲟⲩ"/>
		<feat xlink:href="#sSpan2470" value="ⲛⲟⲉⲓⲕ"/>
		<feat xlink:href="#sSpan2477" value="."/>
		<feat xlink:href="#sSpan2482" value="ⲙⲡⲟⲣⲛⲟⲥ"/>
		<feat xlink:href="#sSpan2490" value="ⲁϥⲧⲃⲃⲟⲟⲩ"/>
		<feat xlink:href="#sSpan2501" value="."/>
		<feat xlink:href="#sSpan2505" value="ⲁϥⲕⲁ"/>
		<feat xlink:href="#sSpan2517" value="ⲛⲉⲩⲛⲟⲃⲉ"/>
		<feat xlink:href="#sSpan2524" value="ⲛⲁⲩ"/>
		<feat xlink:href="#sSpan2530" value="ⲉⲃⲟⲗ"/>
		<feat xlink:href="#sSpan2535" value="ϩⲛⲧⲉϥⲙⲛⲧⲛⲟⲩⲧⲉ"/>
		<feat xlink:href="#sSpan2547" value="ⲁϥⲁⲁⲩ"/>
		<feat xlink:href="#sSpan2558" value="ⲛⲧϩⲉ"/>
		<feat xlink:href="#sSpan2566" value="ⲛⲛⲓⲡⲁⲣⲑⲉⲛⲟⲥ"/>
		<feat xlink:href="#sSpan2577" value="."/>
		<feat xlink:href="#sSpan2581" value="ⲁⲧⲉⲥϩⲓⲙⲉ"/>
		<feat xlink:href="#sSpan2595" value="ⲅⲁⲣ"/>
		<feat xlink:href="#sSpan2599" value="ⲉⲧⲙⲙⲁⲩ"/>
		<feat xlink:href="#sSpan2605" value="ⲙⲡϣⲁ"/>
		<feat xlink:href="#sSpan2610" value="ⲛⲟⲩⲛⲟϭ"/>
		<feat xlink:href="#sSpan2619" value="ⲛⲧⲁⲓⲟ"/>
		<feat xlink:href="#sSpan2626" value="."/>
		<feat xlink:href="#sSpan2630" value="ⲛⲧⲁⲛⲉⲥϭⲓϫ"/>
		<feat xlink:href="#sSpan2642" value="ⲧⲱϩⲥ"/>
		<feat xlink:href="#sSpan2648" value="ⲛⲛⲉⲟⲩⲉⲣⲏⲧⲉ"/>
		<feat xlink:href="#sSpan2658" value="ⲙⲡⲉⲛⲧⲁϥⲡⲗⲁⲥⲥⲉ"/>
		<feat xlink:href="#sSpan2675" value="ⲙⲙⲟⲥ"/>
		<feat xlink:href="#sSpan2682" value="."/>
		<feat xlink:href="#sSpan2686" value="ϩⲛⲧⲉⲩⲛⲟⲩ"/>
		<feat xlink:href="#sSpan2697" value="ⲉⲧⲙⲙⲁⲩ"/>
		<feat xlink:href="#sSpan2704" value="ⲁⲥⲙⲉⲧⲉⲭⲉ"/>
		<feat xlink:href="#sSpan2714" value="ⲙⲡⲧⲃⲃⲟ"/>
		<feat xlink:href="#sSpan2723" value="ⲛⲧⲉϥⲙⲛⲧⲛⲟⲩⲧⲉ"/>
		<feat xlink:href="#sSpan2735" value="."/>
		<feat xlink:href="#sSpan2739" value="ⲛⲧⲉⲩⲛⲟⲩ"/>
		<feat xlink:href="#sSpan2751" value="ⲁⲧⲉⲫⲱⲛⲏ"/>
		<feat xlink:href="#sSpan2762" value="ⲙⲡⲛⲟⲩⲧⲉ"/>
		<feat xlink:href="#sSpan2771" value="ⲧⲁϩⲟⲥ"/>
		<feat xlink:href="#sSpan2779" value="ϫⲉⲧⲟⲩⲡⲓⲥⲧⲓⲥ"/>
		<feat xlink:href="#sSpan2789" value="ⲧⲉ"/>
		<feat xlink:href="#sSpan2794" value="ⲛⲧⲁⲥⲛⲁϩⲙⲉⲃⲱⲕ"/>
		<feat xlink:href="#sSpan2807" value="ϩⲛⲟⲩⲉⲓⲣⲏⲛⲏ"/>
		<feat xlink:href="#sSpan2817" value="ⲙⲛⲛⲥⲁⲛⲁⲓ"/>
		<feat xlink:href="#sSpan2828" value="ⲧⲏⲣⲟⲩ"/>
		<feat xlink:href="#sSpan2834" value="ⲛⲧⲁϥⲁⲁⲩ"/>
		<feat xlink:href="#sSpan2847" value="ⲙⲡⲟⲩⲡⲓⲥⲧⲉⲩⲉ"/>
		<feat xlink:href="#sSpan2857" value="ⲉⲣⲟϥ"/>
		<feat xlink:href="#sSpan2863" value="."/>
		<feat xlink:href="#sSpan2868" value="ⲁⲗⲗⲁ"/>
		<feat xlink:href="#sSpan2876" value="ⲁⲩϭⲟⲡϥ"/>
		<feat xlink:href="#sSpan2886" value="ⲁⲩⲡⲁⲣⲁⲇⲓⲇⲟⲩ"/>
		<feat xlink:href="#sSpan2896" value="ⲙⲙⲟϥ"/>
		<feat xlink:href="#sSpan2902" value="ⲁⲩⲥⲧⲁⲩⲣⲟⲩ"/>
		<feat xlink:href="#sSpan2912" value="ⲙⲙⲟϥ"/>
		<feat xlink:href="#sSpan2918" value="ⲛⲧⲉⲣⲉϥⲃⲱⲕ"/>
		<feat xlink:href="#sSpan2928" value="ⲉϩⲟⲩⲛ"/>
		<feat xlink:href="#sSpan2932" value="ⲉⲧⲁⲩⲗⲏ"/>
		<feat xlink:href="#sSpan2943" value="ⲙⲡⲁⲣⲭⲓⲉⲣⲉⲩⲥ"/>
		<feat xlink:href="#sSpan2954" value="."/>
		<feat xlink:href="#sSpan2958" value="ⲁⲩϯ"/>
		<feat xlink:href="#sSpan2969" value="ⲛⲁϥ"/>
		<feat xlink:href="#sSpan2975" value="ⲛϩⲉⲛⲥⲱϣ"/>
		<feat xlink:href="#sSpan2985" value="ⲉⲡⲙⲁ"/>
		<feat xlink:href="#sSpan2994" value="ⲛϩⲉⲛⲧⲁⲓⲟ"/>
		<feat xlink:href="#sSpan3004" value="."/>
		<feat xlink:href="#sSpan3009" value="ⲧⲟⲧⲉ"/>
		<feat xlink:href="#sSpan3016" value="ⲁⲡϣⲁϫⲉ"/>
		<feat xlink:href="#sSpan3026" value="ⲉⲧⲥⲏϩ"/>
		<feat xlink:href="#sSpan3032" value="ϫⲱⲕ"/>
		<feat xlink:href="#sSpan3037" value="ⲉⲃⲟⲗ"/>
		<feat xlink:href="#sSpan3042" value="ϫⲉⲁⲩⲉⲓⲣⲉ"/>
		<feat xlink:href="#sSpan3054" value="ⲛⲁⲓ"/>
		<feat xlink:href="#sSpan3058" value="ⲛϩⲉ"/>
		<feat xlink:href="#sSpan3064" value="ⲙⲡⲉⲧϩⲟⲟⲩ"/>
		<feat xlink:href="#sSpan3076" value="ⲉⲡⲙⲁ"/>
		<feat xlink:href="#sSpan3085" value="ⲛϩⲉ"/>
		<feat xlink:href="#sSpan3092" value="ⲙⲡⲉⲧⲛⲁⲛⲟⲩϥ"/>
		<feat xlink:href="#sSpan3105" value="."/>
		<feat xlink:href="#sSpan3109" value="ⲁⲩⲱ"/>
		<feat xlink:href="#sSpan3117" value="ⲟⲩⲙⲟⲥⲧⲉ"/>
		<feat xlink:href="#sSpan3124" value="ⲉⲡⲙⲁ"/>
		<feat xlink:href="#sSpan3134" value="ⲙⲡⲁⲙⲉ"/>
		<feat xlink:href="#sSpan3142" value="."/>
		<feat xlink:href="#sSpan3146" value="ⲁϣ"/>
		<feat xlink:href="#sSpan3154" value="ϭⲉ"/>
		<feat xlink:href="#sSpan3158" value="ⲛⲉ"/>
		<feat xlink:href="#sSpan3162" value="ⲛⲉⲡⲉⲑⲟⲟⲩ"/>
		<feat xlink:href="#sSpan3173" value="ⲛⲧⲁⲩⲁⲁⲩ"/>
		<feat xlink:href="#sSpan3185" value="ⲙⲡⲉⲩϫⲟⲉⲓⲥ"/>
		<feat xlink:href="#sSpan3195" value="."/>
		<feat xlink:href="#sSpan3199" value="ⲛⲧⲉⲣⲉⲛⲓⲫⲱⲛⲉⲩⲥ"/>
		<feat xlink:href="#sSpan3213" value="ϭⲟⲡϥ"/>
		<feat xlink:href="#sSpan3219" value="ⲁⲩⲉⲓⲥ"/>
		<feat xlink:href="#sSpan3226" value="ⲛⲧⲉⲛⲉⲓⲙⲉ"/>
		<feat xlink:href="#sSpan3234" value="ⲉⲣⲟⲟⲩ"/>
		<feat xlink:href="#sSpan3241" value="."/>
		<feat xlink:href="#sSpan3245" value="ϩⲉⲛϩⲟⲧⲉ"/>
		<feat xlink:href="#sSpan3256" value="ⲅⲁⲣ"/>
		<feat xlink:href="#sSpan3261" value="ⲛⲉ"/>
		<feat xlink:href="#sSpan3265" value="ⲉϫⲟⲟⲩ"/>
		<feat xlink:href="#sSpan3273" value="."/>
		<feat xlink:href="#sSpan3278" value="ⲡⲁⲗⲁⲥ"/>
		<feat xlink:href="#sSpan3285" value="ⲙⲁⲕϩ"/>
		<feat xlink:href="#sSpan3289" value="."/>
		<feat xlink:href="#sSpan3294" value="ⲛⲁⲃⲁⲗ"/>
		<feat xlink:href="#sSpan3301" value="ϯⲣⲙⲉⲓⲏ"/>
		<feat xlink:href="#sSpan3307" value="."/>
		<feat xlink:href="#sSpan3312" value="ⲡⲁⲡⲛⲉⲩⲙⲁ"/>
		<feat xlink:href="#sSpan3323" value="ⲁϣⲁϩⲟⲙ"/>
		<feat xlink:href="#sSpan3329" value="."/>
		<feat xlink:href="#sSpan3334" value="ⲧⲁⲯⲩⲭⲏ"/>
		<feat xlink:href="#sSpan3342" value="ϣⲧⲣⲧⲱⲣ"/>
		<feat xlink:href="#sSpan3346" value="ⲉⲧⲣⲁϫⲟⲟⲩ"/>
		<feat xlink:href="#sSpan3359" value="."/>
		<feat xlink:href="#sSpan3364" value="ⲡⲛⲟⲩⲧⲉ"/>
		<feat xlink:href="#sSpan3373" value="ⲡⲉⲛⲧⲁⲩϭⲟⲡϥ"/>
		<feat xlink:href="#sSpan3388" value="."/>
		<feat xlink:href="#sSpan3393" value="ⲡϫⲟⲉⲓⲥ"/>
		<feat xlink:href="#sSpan3400" value="ⲡⲉⲛⲧⲁⲩⲙⲟⲣϥ"/>
		<feat xlink:href="#sSpan3418" value="."/>
		<feat xlink:href="#sSpan3423" value="ⲡⲣⲣⲟ"/>
		<feat xlink:href="#sSpan3429" value="ⲡⲉⲛⲧⲁⲩⲥⲧⲁⲩⲣⲟⲩ"/>
		<feat xlink:href="#sSpan3443" value="ⲙⲙⲟϥ"/>
		<feat xlink:href="#sSpan3450" value="ⲓⲏⲥⲟⲩⲥ"/>
		<feat xlink:href="#sSpan3456" value="ⲡⲉⲭⲣⲓⲥⲧⲟⲥ"/>
		<feat xlink:href="#sSpan3463" value="ⲡⲉⲛⲧⲁⲩⲥⲟⲛϩϥ"/>
		<feat xlink:href="#sSpan3478" value="."/>
		<feat xlink:href="#sSpan3482" value="ⲁⲩϯⲉⲓⲃⲧ"/>
		<feat xlink:href="#sSpan3492" value="ⲛⲁϥ"/>
		<feat xlink:href="#sSpan3499" value="ⲉⲛⲉϥϭⲓϫ"/>
		<feat xlink:href="#sSpan3508" value="ⲉⲧⲟⲩⲁⲁⲃ"/>
		<feat xlink:href="#sSpan3515" value="."/>
		<feat xlink:href="#sSpan3519" value="ⲁⲩϯⲁⲁⲥ"/>
		<feat xlink:href="#sSpan3529" value="ⲉϩⲟⲩⲛ"/>
		<feat xlink:href="#sSpan3533" value="ϩⲙⲡⲉϥϩⲟ"/>
		<feat xlink:href="#sSpan3543" value="."/>
		<feat xlink:href="#sSpan3547" value="ⲛⲧⲟϥ"/>
		<feat xlink:href="#sSpan3554" value="ⲡⲉⲛⲧⲁϥⲧⲁⲙⲓⲟⲟⲩ"/>
		<feat xlink:href="#sSpan3569" value="."/>
		<feat xlink:href="#sSpan3573" value="ⲁⲩϯⲕⲗⲯ"/>
		<feat xlink:href="#sSpan3584" value="ⲉϫⲛⲧⲁⲡⲉ"/>
		<feat xlink:href="#sSpan3593" value="ⲙⲡⲉⲩϫⲟⲉⲓⲥ"/>
		<feat xlink:href="#sSpan3603" value="."/>
		<feat xlink:href="#sSpan3607" value="ⲁⲩϯ"/>
		<feat xlink:href="#sSpan3618" value="ⲛⲟⲩⲕⲗⲟⲙ"/>
		<feat xlink:href="#sSpan3628" value="ⲛϣⲟⲛⲧⲉ"/>
		<feat xlink:href="#sSpan3636" value="ⲉϫⲱϥ"/>
		<feat xlink:href="#sSpan3642" value="."/>
		<feat xlink:href="#sSpan3646" value="ⲁⲩϯ"/>
		<feat xlink:href="#sSpan3654" value="ϩⲓⲱⲱϥ"/>
		<feat xlink:href="#sSpan3661" value="ⲛⲟⲩⲭⲗⲁⲙⲩⲥ"/>
		<feat xlink:href="#sSpan3671" value="ⲛⲕⲟⲕⲕⲟⲥ"/>
		<feat xlink:href="#sSpan3679" value="."/>
		<feat xlink:href="#sSpan3683" value="ⲁⲩϯ"/>
		<feat xlink:href="#sSpan3694" value="ⲛⲁϥ"/>
		<feat xlink:href="#sSpan3701" value="ⲛⲟⲩϩⲙϫ"/>
		<feat xlink:href="#sSpan3710" value="ⲙⲛⲟⲩⲥⲓϣⲉ"/>
		<feat xlink:href="#sSpan3720" value="."/>
		<feat xlink:href="#sSpan3724" value="ⲛⲁⲓ"/>
		<feat xlink:href="#sSpan3732" value="ⲧⲏⲣⲟⲩ"/>
		<feat xlink:href="#sSpan3739" value="ⲛⲉⲩⲉⲓⲣⲉ"/>
		<feat xlink:href="#sSpan3747" value="ⲙⲙⲟⲟⲩ"/>
		<feat xlink:href="#sSpan3754" value="ⲛⲁϥ"/>
		<feat xlink:href="#sSpan3760" value="ⲡⲉ"/>
		<feat xlink:href="#sSpan3764" value="."/>
		<feat xlink:href="#sSpan3768" value="ⲁⲩⲥⲧⲁⲩⲣⲟⲩ"/>
		<feat xlink:href="#sSpan3782" value="ⲛⲙⲙⲁϥ"/>
		<feat xlink:href="#sSpan3788" value="ⲛⲕⲉⲗⲏⲥⲧⲏⲥ"/>
		<feat xlink:href="#sSpan3799" value="ⲥⲛⲁⲩ"/>
		<feat xlink:href="#sSpan3804" value="ⲟⲩⲁ"/>
		<feat xlink:href="#sSpan3813" value="ⲇⲉ"/>
		<feat xlink:href="#sSpan3817" value="ⲛϩⲏⲧⲟⲩ"/>
		<feat xlink:href="#sSpan3823" value="ⲛϥⲙⲡϣⲁ"/>
		<feat xlink:href="#sSpan3832" value="ⲙⲡⲉⲟⲟⲩ"/>
		<feat xlink:href="#sSpan3841" value="ⲙⲡⲛⲟⲩⲧⲉ"/>
		<feat xlink:href="#sSpan3851" value="ⲁⲛ"/>
		<feat xlink:href="#sSpan3855" value="."/>
		<feat xlink:href="#sSpan3859" value="ⲡⲉϫⲁϥ"/>
		<feat xlink:href="#sSpan3869" value="ⲙⲡϫⲟⲉⲓⲥ"/>
		<feat xlink:href="#sSpan3878" value="ⲉϥⲛⲟϭⲛⲉϭ"/>
		<feat xlink:href="#sSpan3887" value="ⲙⲙⲟϥ"/>
		<feat xlink:href="#sSpan3893" value="ⲉϥϫⲱ"/>
		<feat xlink:href="#sSpan3902" value="ⲙⲙⲟⲥ"/>
		<feat xlink:href="#sSpan3908" value="ϫⲉⲉϣϫⲉ"/>
		<feat xlink:href="#sSpan3918" value="ⲛⲧⲟⲕ"/>
		<feat xlink:href="#sSpan3922" value="ⲡⲉ"/>
		<feat xlink:href="#sSpan3927" value="ⲡⲉⲭⲣⲓⲥⲧⲟⲥ"/>
		<feat xlink:href="#sSpan3934" value="ⲛⲁϩⲙⲉⲕ"/>
		<feat xlink:href="#sSpan3941" value="."/>
		<feat xlink:href="#sSpan3945" value="ⲁⲩⲱ"/>
		<feat xlink:href="#sSpan3949" value="ⲛⲅⲛⲁϩⲙⲉⲛ"/>
		<feat xlink:href="#sSpan3960" value="ϩⲱⲱⲛ"/>
		<feat xlink:href="#sSpan3966" value="ⲁⲡⲕⲉⲟⲩⲁ"/>
		<feat xlink:href="#sSpan3982" value="ⲉⲡⲓⲧⲓⲙⲁ"/>
		<feat xlink:href="#sSpan3987" value="ⲛⲁϥ"/>
		<feat xlink:href="#sSpan3993" value="ϩⲛⲟⲩϭⲱⲛⲧ"/>
		<feat xlink:href="#sSpan4002" value="ϫⲉⲛⲅⲣϩⲟⲧⲉ"/>
		<feat xlink:href="#sSpan4015" value="ⲛⲧⲟⲕ"/>
		<feat xlink:href="#sSpan4019" value="ⲁⲛ"/>
		<feat xlink:href="#sSpan4024" value="ϩⲏⲧϥ"/>
		<feat xlink:href="#sSpan4030" value="ⲙⲡⲛⲟⲩⲧⲉ"/>
		<feat xlink:href="#sSpan4039" value="ⲁⲛⲟⲛ"/>
		<feat xlink:href="#sSpan4048" value="ⲅⲁⲣ"/>
		<feat xlink:href="#sSpan4052" value="ⲉⲛϫⲓ"/>
		<feat xlink:href="#sSpan4061" value="ⲕⲁⲧⲁⲡⲉⲙⲡϣⲁ"/>
		<feat xlink:href="#sSpan4071" value="ⲛⲛⲛⲟⲃⲉ"/>
		<feat xlink:href="#sSpan4082" value="ⲛⲧⲁⲛⲁⲁⲩ"/>
		<feat xlink:href="#sSpan4095" value="ⲡⲁⲓ"/>
		<feat xlink:href="#sSpan4101" value="ⲇⲉ"/>
		<feat xlink:href="#sSpan4105" value="ⲙⲡⲉϥⲣⲗⲁⲁⲩ"/>
		<feat xlink:href="#sSpan4117" value="ⲙⲡⲉⲧϩⲟⲟⲩ"/>
		<feat xlink:href="#sSpan4128" value="."/>
		<feat xlink:href="#sSpan4132" value="ⲁⲩⲱ"/>
		<feat xlink:href="#sSpan4139" value="ⲡⲉϫⲁϥ"/>
		<feat xlink:href="#sSpan4146" value="ϫⲉⲁⲣⲓⲡⲁⲙⲉⲉⲩⲉ"/>
		<feat xlink:href="#sSpan4157" value="ⲙⲡϫⲟⲉⲓⲥ"/>
		<feat xlink:href="#sSpan4166" value="ⲉⲕϣⲁⲛⲉⲓ"/>
		<feat xlink:href="#sSpan4173" value="ϩⲛⲧⲉⲕⲙⲛⲧⲣⲣⲟ"/>
		<feat xlink:href="#sSpan4185" value="."/>
		<feat xlink:href="#sSpan4189" value="ⲡⲉϫⲉⲓⲏⲥⲟⲩⲥ"/>
		<feat xlink:href="#sSpan4200" value="ⲛⲁϥ"/>
		<feat xlink:href="#sSpan4206" value="ϩⲛⲟⲩⲛⲟϭ"/>
		<feat xlink:href="#sSpan4216" value="ⲛⲣⲁϣⲉ"/>
		<feat xlink:href="#sSpan4222" value="."/>
		<feat xlink:href="#sSpan4226" value="ϫⲉⲙⲡϩⲟⲟⲩ"/>
		<feat xlink:href="#sSpan4238" value="ⲕⲛⲁϣⲱⲡⲉ"/>
		<feat xlink:href="#sSpan4247" value="ⲛⲙⲙⲁⲓ"/>
		<feat xlink:href="#sSpan4253" value="ϩⲙⲡⲁⲡⲁⲣⲁⲇⲓⲥⲟⲥ"/>
		<feat xlink:href="#sSpan4264" value="."/>
		<feat xlink:href="#sSpan4268" value="ⲡⲣⲟ"/>
		<feat xlink:href="#sSpan4279" value="ⲙⲡⲡⲁⲣⲁⲇⲓⲥⲟⲥ"/>
		<feat xlink:href="#sSpan4290" value="ϣⲟⲧⲙ"/>
		<feat xlink:href="#sSpan4294" value="."/>
		<feat xlink:href="#sSpan4298" value="ⲉϫⲓⲛⲡⲉⲩⲟⲉⲓϣ"/>
		<feat xlink:href="#sSpan4310" value="ⲛⲧⲁⲁⲇⲁⲙ"/>
		<feat xlink:href="#sSpan4323" value="ⲡⲁⲣⲁⲃⲁ"/>
		<feat xlink:href="#sSpan4328" value="."/>
		<feat xlink:href="#sSpan4333" value="ⲁⲗⲗⲁ"/>
		<feat xlink:href="#sSpan4340" value="ϯⲛⲁⲟⲩⲱⲛ"/>
		<feat xlink:href="#sSpan4349" value="ⲙⲙⲟϥ"/>
		<feat xlink:href="#sSpan4355" value="ⲛⲁⲕ"/>
		<feat xlink:href="#sSpan4361" value="ⲛⲧⲁϫⲓⲧⲕ"/>
		<feat xlink:href="#sSpan4370" value="ⲉϩⲟⲩⲛ"/>
		<feat xlink:href="#sSpan4374" value="ⲉⲣⲟϥ"/>
		<feat xlink:href="#sSpan4381" value="."/>
		<feat xlink:href="#sSpan4385" value="ⲁⲕⲥⲟⲩⲛ"/>
		<feat xlink:href="#sSpan4396" value="ⲡϫⲓⲥⲉ"/>
		<feat xlink:href="#sSpan4403" value="ⲛⲧⲁⲙⲛⲧⲛⲟⲩⲧⲉ"/>
		<feat xlink:href="#sSpan4415" value="."/>
		<feat xlink:href="#sSpan4419" value="ⲉⲕϩⲓϫⲙⲡⲉⲥⲧⲁⲩⲣⲟⲥ"/>
		<feat xlink:href="#sSpan4434" value="."/>
		<feat xlink:href="#sSpan4438" value="ⲕⲛⲁϣⲱⲡⲉ"/>
		<feat xlink:href="#sSpan4447" value="ⲛⲙⲙⲁⲓ"/>
		<feat xlink:href="#sSpan4453" value="ⲛⲕⲟⲓⲛⲟⲛⲟⲥ"/>
		<feat xlink:href="#sSpan4462" value="ϩⲙⲡⲣⲁϣⲉ"/>
		<feat xlink:href="#sSpan4472" value="ⲛⲧⲁⲙⲛⲧⲣⲣⲟ"/>
		<feat xlink:href="#sSpan4484" value="."/>
		<feat xlink:href="#sSpan4488" value="ⲁⲕϯⲉⲟⲟⲩ"/>
		<feat xlink:href="#sSpan4502" value="ⲛⲁⲓ"/>
		<feat xlink:href="#sSpan4507" value="ϩⲛⲧⲙⲏⲧⲉ"/>
		<feat xlink:href="#sSpan4516" value="ⲛϩⲉⲛⲣⲉϥⲣⲛⲟⲃⲉ"/>
		<feat xlink:href="#sSpan4529" value="."/>
		<feat xlink:href="#sSpan4533" value="ⲁⲛⲟⲕ"/>
		<feat xlink:href="#sSpan4541" value="ϩⲱ"/>
		<feat xlink:href="#sSpan4545" value="ϯⲛⲁϯⲉⲟⲟⲩ"/>
		<feat xlink:href="#sSpan4556" value="ⲛⲁⲕ"/>
		<feat xlink:href="#sSpan4562" value="."/>
		<feat xlink:href="#sSpan4566" value="ϩⲛⲧⲙⲏⲧⲉ"/>
		<feat xlink:href="#sSpan4576" value="ⲛⲧⲁⲁⲅⲅⲉⲗⲓⲕⲏ"/>
		<feat xlink:href="#sSpan4587" value="."/>
		<feat xlink:href="#sSpan4591" value="ϣⲱⲡⲉ"/>
		<feat xlink:href="#sSpan4598" value="ⲉⲕⲧⲏϭ"/>
		<feat xlink:href="#sSpan4607" value="ⲉⲣⲟⲓ"/>
		<feat xlink:href="#sSpan4613" value="ϩⲓϫⲙⲡⲉⲥⲧⲁⲩⲣⲟⲥ"/>
		<feat xlink:href="#sSpan4624" value="."/>
		<feat xlink:href="#sSpan4628" value="ⲉⲕϩⲱⲗϭ"/>
		<feat xlink:href="#sSpan4637" value="ⲉϩⲟⲩⲛ"/>
		<feat xlink:href="#sSpan4641" value="ⲉⲣⲟⲓ"/>
		<feat xlink:href="#sSpan4647" value="ϩⲙ"/></featList></paula>