<?xml version='1.0' encoding='UTF-8'?><!DOCTYPE paula SYSTEM "paula_rel.dtd">
<paula version="1.1">
	<header paula_id="scriptorium.cross.michbr283-286.head"/>
	<relList xmlns:xlink="http://www.w3.org/1999/xlink" type="head">
		<rel id="sPointingRel2239" xlink:href="scriptorium.cross.michbr283-286.mark.xml#sSpan1932" target="scriptorium.cross.michbr283-286.mark.xml#sSpan1933"/>
		<rel id="sPointingRel2241" xlink:href="scriptorium.cross.michbr283-286.mark.xml#sSpan2614" target="scriptorium.cross.michbr283-286.mark.xml#sSpan2622"/>
		<rel id="sPointingRel2243" xlink:href="scriptorium.cross.michbr283-286.mark.xml#sSpan2989" target="scriptorium.cross.michbr283-286.mark.xml#sSpan2990"/>
		<rel id="sPointingRel2245" xlink:href="scriptorium.cross.michbr283-286.mark.xml#sSpan1438" target="scriptorium.cross.michbr283-286.mark.xml#sSpan1443"/>
		<rel id="sPointingRel2247" xlink:href="scriptorium.cross.michbr283-286.mark.xml#sSpan1122" target="scriptorium.cross.michbr283-286.mark.xml#sSpan1118"/>
		<rel id="sPointingRel2249" xlink:href="scriptorium.cross.michbr283-286.mark.xml#sSpan1724" target="scriptorium.cross.michbr283-286.mark.xml#sSpan1726"/>
		<rel id="sPointingRel2251" xlink:href="scriptorium.cross.michbr283-286.mark.xml#sSpan1248" target="scriptorium.cross.michbr283-286.mark.xml#sSpan1250"/>
		<rel id="sPointingRel2253" xlink:href="scriptorium.cross.michbr283-286.mark.xml#sSpan2481" target="scriptorium.cross.michbr283-286.mark.xml#sSpan2486"/>
		<rel id="sPointingRel2255" xlink:href="scriptorium.cross.michbr283-286.mark.xml#sSpan464" target="scriptorium.cross.michbr283-286.mark.xml#sSpan466"/>
		<rel id="sPointingRel2257" xlink:href="scriptorium.cross.michbr283-286.mark.xml#sSpan4271" target="scriptorium.cross.michbr283-286.mark.xml#sSpan4275"/>
		<rel id="sPointingRel2259" xlink:href="scriptorium.cross.michbr283-286.mark.xml#sSpan71" target="scriptorium.cross.michbr283-286.mark.xml#sSpan73"/>
		<rel id="sPointingRel2261" xlink:href="scriptorium.cross.michbr283-286.mark.xml#sSpan4161" target="scriptorium.cross.michbr283-286.mark.xml#sSpan4162"/>
		<rel id="sPointingRel2263" xlink:href="scriptorium.cross.michbr283-286.mark.xml#sSpan3363" target="scriptorium.cross.michbr283-286.mark.xml#sSpan3369"/>
		<rel id="sPointingRel2265" xlink:href="scriptorium.cross.michbr283-286.mark.xml#sSpan456" target="scriptorium.cross.michbr283-286.mark.xml#sSpan454"/>
		<rel id="sPointingRel2267" xlink:href="scriptorium.cross.michbr283-286.mark.xml#sSpan3598" target="scriptorium.cross.michbr283-286.mark.xml#sSpan3599"/>
		<rel id="sPointingRel2269" xlink:href="scriptorium.cross.michbr283-286.mark.xml#sSpan307" target="scriptorium.cross.michbr283-286.mark.xml#sSpan308"/>
		<rel id="sPointingRel2271" xlink:href="scriptorium.cross.michbr283-286.mark.xml#sSpan1361" target="scriptorium.cross.michbr283-286.mark.xml#sSpan1366"/>
		<rel id="sPointingRel2273" xlink:href="scriptorium.cross.michbr283-286.mark.xml#sSpan949" target="scriptorium.cross.michbr283-286.mark.xml#sSpan950"/>
		<rel id="sPointingRel2275" xlink:href="scriptorium.cross.michbr283-286.mark.xml#sSpan533" target="scriptorium.cross.michbr283-286.mark.xml#sSpan535"/>
		<rel id="sPointingRel2277" xlink:href="scriptorium.cross.michbr283-286.mark.xml#sSpan2335" target="scriptorium.cross.michbr283-286.mark.xml#sSpan2333"/>
		<rel id="sPointingRel2279" xlink:href="scriptorium.cross.michbr283-286.mark.xml#sSpan1149" target="scriptorium.cross.michbr283-286.mark.xml#sSpan1154"/>
		<rel id="sPointingRel2281" xlink:href="scriptorium.cross.michbr283-286.mark.xml#sSpan4094" target="scriptorium.cross.michbr283-286.mark.xml#sSpan4092"/>
		<rel id="sPointingRel2283" xlink:href="scriptorium.cross.michbr283-286.mark.xml#sSpan3714" target="scriptorium.cross.michbr283-286.mark.xml#sSpan3716"/>
		<rel id="sPointingRel2285" xlink:href="scriptorium.cross.michbr283-286.mark.xml#sSpan3974" target="scriptorium.cross.michbr283-286.mark.xml#sSpan3977"/>
		<rel id="sPointingRel2287" xlink:href="scriptorium.cross.michbr283-286.mark.xml#sSpan1531" target="scriptorium.cross.michbr283-286.mark.xml#sSpan1535"/>
		<rel id="sPointingRel2289" xlink:href="scriptorium.cross.michbr283-286.mark.xml#sSpan613" target="scriptorium.cross.michbr283-286.mark.xml#sSpan614"/>
		<rel id="sPointingRel2291" xlink:href="scriptorium.cross.michbr283-286.mark.xml#sSpan1469" target="scriptorium.cross.michbr283-286.mark.xml#sSpan1473"/>
		<rel id="sPointingRel2293" xlink:href="scriptorium.cross.michbr283-286.mark.xml#sSpan1505" target="scriptorium.cross.michbr283-286.mark.xml#sSpan1509"/>
		<rel id="sPointingRel2295" xlink:href="scriptorium.cross.michbr283-286.mark.xml#sSpan393" target="scriptorium.cross.michbr283-286.mark.xml#sSpan394"/>
		<rel id="sPointingRel2297" xlink:href="scriptorium.cross.michbr283-286.mark.xml#sSpan1290" target="scriptorium.cross.michbr283-286.mark.xml#sSpan1291"/>
		<rel id="sPointingRel2299" xlink:href="scriptorium.cross.michbr283-286.mark.xml#sSpan3293" target="scriptorium.cross.michbr283-286.mark.xml#sSpan3296"/>
		<rel id="sPointingRel2301" xlink:href="scriptorium.cross.michbr283-286.mark.xml#sSpan3392" target="scriptorium.cross.michbr283-286.mark.xml#sSpan3396"/>
		<rel id="sPointingRel2303" xlink:href="scriptorium.cross.michbr283-286.mark.xml#sSpan3452" target="scriptorium.cross.michbr283-286.mark.xml#sSpan3448"/>
		<rel id="sPointingRel2305" xlink:href="scriptorium.cross.michbr283-286.mark.xml#sSpan3053" target="scriptorium.cross.michbr283-286.mark.xml#sSpan3051"/>
		<rel id="sPointingRel2307" xlink:href="scriptorium.cross.michbr283-286.mark.xml#sSpan1493" target="scriptorium.cross.michbr283-286.mark.xml#sSpan1497"/>
		<rel id="sPointingRel2309" xlink:href="scriptorium.cross.michbr283-286.mark.xml#sSpan3164" target="scriptorium.cross.michbr283-286.mark.xml#sSpan3166"/>
		<rel id="sPointingRel2311" xlink:href="scriptorium.cross.michbr283-286.mark.xml#sSpan833" target="scriptorium.cross.michbr283-286.mark.xml#sSpan834"/>
		<rel id="sPointingRel2313" xlink:href="scriptorium.cross.michbr283-286.mark.xml#sSpan3189" target="scriptorium.cross.michbr283-286.mark.xml#sSpan3191"/>
		<rel id="sPointingRel2315" xlink:href="scriptorium.cross.michbr283-286.mark.xml#sSpan1520" target="scriptorium.cross.michbr283-286.mark.xml#sSpan1523"/>
		<rel id="sPointingRel2317" xlink:href="scriptorium.cross.michbr283-286.mark.xml#sSpan2588" target="scriptorium.cross.michbr283-286.mark.xml#sSpan2589"/>
		<rel id="sPointingRel2319" xlink:href="scriptorium.cross.michbr283-286.mark.xml#sSpan244" target="scriptorium.cross.michbr283-286.mark.xml#sSpan246"/>
		<rel id="sPointingRel2321" xlink:href="scriptorium.cross.michbr283-286.mark.xml#sSpan2811" target="scriptorium.cross.michbr283-286.mark.xml#sSpan2813"/>
		<rel id="sPointingRel2323" xlink:href="scriptorium.cross.michbr283-286.mark.xml#sSpan107" target="scriptorium.cross.michbr283-286.mark.xml#sSpan108"/>
		<rel id="sPointingRel2325" xlink:href="scriptorium.cross.michbr283-286.mark.xml#sSpan1278" target="scriptorium.cross.michbr283-286.mark.xml#sSpan1275"/>
		<rel id="sPointingRel2327" xlink:href="scriptorium.cross.michbr283-286.mark.xml#sSpan1070" target="scriptorium.cross.michbr283-286.mark.xml#sSpan1071"/>
		<rel id="sPointingRel2329" xlink:href="scriptorium.cross.michbr283-286.mark.xml#sSpan1546" target="scriptorium.cross.michbr283-286.mark.xml#sSpan1550"/>
		<rel id="sPointingRel2331" xlink:href="scriptorium.cross.michbr283-286.mark.xml#sSpan1109" target="scriptorium.cross.michbr283-286.mark.xml#sSpan1116"/>
		<rel id="sPointingRel2333" xlink:href="scriptorium.cross.michbr283-286.mark.xml#sSpan261" target="scriptorium.cross.michbr283-286.mark.xml#sSpan262"/>
		<rel id="sPointingRel2335" xlink:href="scriptorium.cross.michbr283-286.mark.xml#sSpan334" target="scriptorium.cross.michbr283-286.mark.xml#sSpan336"/>
		<rel id="sPointingRel2337" xlink:href="scriptorium.cross.michbr283-286.mark.xml#sSpan4520" target="scriptorium.cross.michbr283-286.mark.xml#sSpan4523"/>
		<rel id="sPointingRel2339" xlink:href="scriptorium.cross.michbr283-286.mark.xml#sSpan3503" target="scriptorium.cross.michbr283-286.mark.xml#sSpan3504"/>
		<rel id="sPointingRel2341" xlink:href="scriptorium.cross.michbr283-286.mark.xml#sSpan1683" target="scriptorium.cross.michbr283-286.mark.xml#sSpan1681"/>
		<rel id="sPointingRel2343" xlink:href="scriptorium.cross.michbr283-286.mark.xml#sSpan4197" target="scriptorium.cross.michbr283-286.mark.xml#sSpan4195"/>
		<rel id="sPointingRel2345" xlink:href="scriptorium.cross.michbr283-286.mark.xml#sSpan135" target="scriptorium.cross.michbr283-286.mark.xml#sSpan136"/>
		<rel id="sPointingRel2347" xlink:href="scriptorium.cross.michbr283-286.mark.xml#sSpan2049" target="scriptorium.cross.michbr283-286.mark.xml#sSpan2051"/>
		<rel id="sPointingRel2349" xlink:href="scriptorium.cross.michbr283-286.mark.xml#sSpan2008" target="scriptorium.cross.michbr283-286.mark.xml#sSpan2009"/>
		<rel id="sPointingRel2351" xlink:href="scriptorium.cross.michbr283-286.mark.xml#sSpan3538" target="scriptorium.cross.michbr283-286.mark.xml#sSpan3539"/>
		<rel id="sPointingRel2353" xlink:href="scriptorium.cross.michbr283-286.mark.xml#sSpan235" target="scriptorium.cross.michbr283-286.mark.xml#sSpan236"/>
		<rel id="sPointingRel2355" xlink:href="scriptorium.cross.michbr283-286.mark.xml#sSpan1903" target="scriptorium.cross.michbr283-286.mark.xml#sSpan1901"/>
		<rel id="sPointingRel2357" xlink:href="scriptorium.cross.michbr283-286.mark.xml#sSpan46" target="scriptorium.cross.michbr283-286.mark.xml#sSpan44"/>
		<rel id="sPointingRel2359" xlink:href="scriptorium.cross.michbr283-286.mark.xml#sSpan1462" target="scriptorium.cross.michbr283-286.mark.xml#sSpan1465"/>
		<rel id="sPointingRel2361" xlink:href="scriptorium.cross.michbr283-286.mark.xml#sSpan2947" target="scriptorium.cross.michbr283-286.mark.xml#sSpan2949"/>
		<rel id="sPointingRel2363" xlink:href="scriptorium.cross.michbr283-286.mark.xml#sSpan3277" target="scriptorium.cross.michbr283-286.mark.xml#sSpan3280"/>
		<rel id="sPointingRel2365" xlink:href="scriptorium.cross.michbr283-286.mark.xml#sSpan2825" target="scriptorium.cross.michbr283-286.mark.xml#sSpan2823"/>
		<rel id="sPointingRel2367" xlink:href="scriptorium.cross.michbr283-286.mark.xml#sSpan4258" target="scriptorium.cross.michbr283-286.mark.xml#sSpan4260"/>
		<rel id="sPointingRel2369" xlink:href="scriptorium.cross.michbr283-286.mark.xml#sSpan3422" target="scriptorium.cross.michbr283-286.mark.xml#sSpan3425"/>
		<rel id="sPointingRel2371" xlink:href="scriptorium.cross.michbr283-286.mark.xml#sSpan3080" target="scriptorium.cross.michbr283-286.mark.xml#sSpan3081"/>
		<rel id="sPointingRel2373" xlink:href="scriptorium.cross.michbr283-286.mark.xml#sSpan2452" target="scriptorium.cross.michbr283-286.mark.xml#sSpan2455"/>
		<rel id="sPointingRel2375" xlink:href="scriptorium.cross.michbr283-286.mark.xml#sSpan2937" target="scriptorium.cross.michbr283-286.mark.xml#sSpan2939"/>
		<rel id="sPointingRel2377" xlink:href="scriptorium.cross.michbr283-286.mark.xml#sSpan602" target="scriptorium.cross.michbr283-286.mark.xml#sSpan604"/>
		<rel id="sPointingRel2379" xlink:href="scriptorium.cross.michbr283-286.mark.xml#sSpan2387" target="scriptorium.cross.michbr283-286.mark.xml#sSpan2391"/>
		<rel id="sPointingRel2381" xlink:href="scriptorium.cross.michbr283-286.mark.xml#sSpan588" target="scriptorium.cross.michbr283-286.mark.xml#sSpan586"/>
		<rel id="sPointingRel2383" xlink:href="scriptorium.cross.michbr283-286.mark.xml#sSpan2417" target="scriptorium.cross.michbr283-286.mark.xml#sSpan2421"/>
		<rel id="sPointingRel2385" xlink:href="scriptorium.cross.michbr283-286.mark.xml#sSpan3926" target="scriptorium.cross.michbr283-286.mark.xml#sSpan3930"/>
		<rel id="sPointingRel2387" xlink:href="scriptorium.cross.michbr283-286.mark.xml#sSpan1015" target="scriptorium.cross.michbr283-286.mark.xml#sSpan1017"/>
		<rel id="sPointingRel2389" xlink:href="scriptorium.cross.michbr283-286.mark.xml#sSpan863" target="scriptorium.cross.michbr283-286.mark.xml#sSpan871"/>
		<rel id="sPointingRel2391" xlink:href="scriptorium.cross.michbr283-286.mark.xml#sSpan4467" target="scriptorium.cross.michbr283-286.mark.xml#sSpan4468"/>
		<rel id="sPointingRel2393" xlink:href="scriptorium.cross.michbr283-286.mark.xml#sSpan1421" target="scriptorium.cross.michbr283-286.mark.xml#sSpan1425"/>
		<rel id="sPointingRel2395" xlink:href="scriptorium.cross.michbr283-286.mark.xml#sSpan481" target="scriptorium.cross.michbr283-286.mark.xml#sSpan482"/>
		<rel id="sPointingRel2397" xlink:href="scriptorium.cross.michbr283-286.mark.xml#sSpan1634" target="scriptorium.cross.michbr283-286.mark.xml#sSpan1638"/>
		<rel id="sPointingRel2399" xlink:href="scriptorium.cross.michbr283-286.mark.xml#sSpan316" target="scriptorium.cross.michbr283-286.mark.xml#sSpan318"/>
		<rel id="sPointingRel2401" xlink:href="scriptorium.cross.michbr283-286.mark.xml#sSpan1948" target="scriptorium.cross.michbr283-286.mark.xml#sSpan1944"/>
		<rel id="sPointingRel2403" xlink:href="scriptorium.cross.michbr283-286.mark.xml#sSpan1180" target="scriptorium.cross.michbr283-286.mark.xml#sSpan1181"/>
		<rel id="sPointingRel2405" xlink:href="scriptorium.cross.michbr283-286.mark.xml#sSpan849" target="scriptorium.cross.michbr283-286.mark.xml#sSpan847"/>
		<rel id="sPointingRel2407" xlink:href="scriptorium.cross.michbr283-286.mark.xml#sSpan429" target="scriptorium.cross.michbr283-286.mark.xml#sSpan427"/>
		<rel id="sPointingRel2409" xlink:href="scriptorium.cross.michbr283-286.mark.xml#sSpan4617" target="scriptorium.cross.michbr283-286.mark.xml#sSpan4620"/>
		<rel id="sPointingRel2411" xlink:href="scriptorium.cross.michbr283-286.mark.xml#sSpan4121" target="scriptorium.cross.michbr283-286.mark.xml#sSpan4119"/>
		<rel id="sPointingRel2413" xlink:href="scriptorium.cross.michbr283-286.mark.xml#sSpan2727" target="scriptorium.cross.michbr283-286.mark.xml#sSpan2729"/>
		<rel id="sPointingRel2415" xlink:href="scriptorium.cross.michbr283-286.mark.xml#sSpan2118" target="scriptorium.cross.michbr283-286.mark.xml#sSpan2120"/>
		<rel id="sPointingRel2417" xlink:href="scriptorium.cross.michbr283-286.mark.xml#sSpan4427" target="scriptorium.cross.michbr283-286.mark.xml#sSpan4430"/>
		<rel id="sPointingRel2419" xlink:href="scriptorium.cross.michbr283-286.mark.xml#sSpan3021" target="scriptorium.cross.michbr283-286.mark.xml#sSpan3022"/>
		<rel id="sPointingRel2421" xlink:href="scriptorium.cross.michbr283-286.mark.xml#sSpan4109" target="scriptorium.cross.michbr283-286.mark.xml#sSpan4111"/>
		<rel id="sPointingRel2423" xlink:href="scriptorium.cross.michbr283-286.mark.xml#sSpan1559" target="scriptorium.cross.michbr283-286.mark.xml#sSpan1563"/>
		<rel id="sPointingRel2425" xlink:href="scriptorium.cross.michbr283-286.mark.xml#sSpan686" target="scriptorium.cross.michbr283-286.mark.xml#sSpan688"/>
		<rel id="sPointingRel2427" xlink:href="scriptorium.cross.michbr283-286.mark.xml#sSpan7" target="scriptorium.cross.michbr283-286.mark.xml#sSpan15"/>
		<rel id="sPointingRel2429" xlink:href="scriptorium.cross.michbr283-286.mark.xml#sSpan1223" target="scriptorium.cross.michbr283-286.mark.xml#sSpan1227"/>
		<rel id="sPointingRel2431" xlink:href="scriptorium.cross.michbr283-286.mark.xml#sSpan2359" target="scriptorium.cross.michbr283-286.mark.xml#sSpan2357"/>
		<rel id="sPointingRel2433" xlink:href="scriptorium.cross.michbr283-286.mark.xml#sSpan2210" target="scriptorium.cross.michbr283-286.mark.xml#sSpan2212"/>
		<rel id="sPointingRel2435" xlink:href="scriptorium.cross.michbr283-286.mark.xml#sSpan420" target="scriptorium.cross.michbr283-286.mark.xml#sSpan421"/>
		<rel id="sPointingRel2437" xlink:href="scriptorium.cross.michbr283-286.mark.xml#sSpan2636" target="scriptorium.cross.michbr283-286.mark.xml#sSpan2637"/>
		<rel id="sPointingRel2439" xlink:href="scriptorium.cross.michbr283-286.mark.xml#sSpan969" target="scriptorium.cross.michbr283-286.mark.xml#sSpan971"/>
		<rel id="sPointingRel2441" xlink:href="scriptorium.cross.michbr283-286.mark.xml#sSpan3997" target="scriptorium.cross.michbr283-286.mark.xml#sSpan3998"/>
		<rel id="sPointingRel2443" xlink:href="scriptorium.cross.michbr283-286.mark.xml#sSpan543" target="scriptorium.cross.michbr283-286.mark.xml#sSpan541"/>
		<rel id="sPointingRel2445" xlink:href="scriptorium.cross.michbr283-286.mark.xml#sSpan97" target="scriptorium.cross.michbr283-286.mark.xml#sSpan99"/>
		<rel id="sPointingRel2447" xlink:href="scriptorium.cross.michbr283-286.mark.xml#sSpan1215" target="scriptorium.cross.michbr283-286.mark.xml#sSpan1213"/>
		<rel id="sPointingRel2449" xlink:href="scriptorium.cross.michbr283-286.mark.xml#sSpan2718" target="scriptorium.cross.michbr283-286.mark.xml#sSpan2719"/>
		<rel id="sPointingRel2451" xlink:href="scriptorium.cross.michbr283-286.mark.xml#sSpan286" target="scriptorium.cross.michbr283-286.mark.xml#sSpan287"/>
		<rel id="sPointingRel2453" xlink:href="scriptorium.cross.michbr283-286.mark.xml#sSpan2240" target="scriptorium.cross.michbr283-286.mark.xml#sSpan2242"/>
		<rel id="sPointingRel2455" xlink:href="scriptorium.cross.michbr283-286.mark.xml#sSpan1713" target="scriptorium.cross.michbr283-286.mark.xml#sSpan1714"/>
		<rel id="sPointingRel2457" xlink:href="scriptorium.cross.michbr283-286.mark.xml#sSpan2662" target="scriptorium.cross.michbr283-286.mark.xml#sSpan2660"/>
		<rel id="sPointingRel2459" xlink:href="scriptorium.cross.michbr283-286.mark.xml#sSpan4233" target="scriptorium.cross.michbr283-286.mark.xml#sSpan4234"/>
		<rel id="sPointingRel2461" xlink:href="scriptorium.cross.michbr283-286.mark.xml#sSpan4318" target="scriptorium.cross.michbr283-286.mark.xml#sSpan4316"/>
		<rel id="sPointingRel2463" xlink:href="scriptorium.cross.michbr283-286.mark.xml#sSpan2311" target="scriptorium.cross.michbr283-286.mark.xml#sSpan2314"/>
		<rel id="sPointingRel2465" xlink:href="scriptorium.cross.michbr283-286.mark.xml#sSpan550" target="scriptorium.cross.michbr283-286.mark.xml#sSpan544"/>
		<rel id="sPointingRel2467" xlink:href="scriptorium.cross.michbr283-286.mark.xml#sSpan4283" target="scriptorium.cross.michbr283-286.mark.xml#sSpan4285"/>
		<rel id="sPointingRel2469" xlink:href="scriptorium.cross.michbr283-286.mark.xml#sSpan144" target="scriptorium.cross.michbr283-286.mark.xml#sSpan146"/>
		<rel id="sPointingRel2471" xlink:href="scriptorium.cross.michbr283-286.mark.xml#sSpan3128" target="scriptorium.cross.michbr283-286.mark.xml#sSpan3129"/>
		<rel id="sPointingRel2473" xlink:href="scriptorium.cross.michbr283-286.mark.xml#sSpan4034" target="scriptorium.cross.michbr283-286.mark.xml#sSpan4035"/>
		<rel id="sPointingRel2475" xlink:href="scriptorium.cross.michbr283-286.mark.xml#sSpan4570" target="scriptorium.cross.michbr283-286.mark.xml#sSpan4571"/>
		<rel id="sPointingRel2477" xlink:href="scriptorium.cross.michbr283-286.mark.xml#sSpan355" target="scriptorium.cross.michbr283-286.mark.xml#sSpan353"/>
		<rel id="sPointingRel2479" xlink:href="scriptorium.cross.michbr283-286.mark.xml#sSpan270" target="scriptorium.cross.michbr283-286.mark.xml#sSpan272"/>
		<rel id="sPointingRel2481" xlink:href="scriptorium.cross.michbr283-286.mark.xml#sSpan363" target="scriptorium.cross.michbr283-286.mark.xml#sSpan364"/>
		<rel id="sPointingRel2483" xlink:href="scriptorium.cross.michbr283-286.mark.xml#sSpan222" target="scriptorium.cross.michbr283-286.mark.xml#sSpan223"/>
		<rel id="sPointingRel2485" xlink:href="scriptorium.cross.michbr283-286.mark.xml#sSpan676" target="scriptorium.cross.michbr283-286.mark.xml#sSpan678"/>
		<rel id="sPointingRel2487" xlink:href="scriptorium.cross.michbr283-286.mark.xml#sSpan2755" target="scriptorium.cross.michbr283-286.mark.xml#sSpan2757"/>
		<rel id="sPointingRel2489" xlink:href="scriptorium.cross.michbr283-286.mark.xml#sSpan2540" target="scriptorium.cross.michbr283-286.mark.xml#sSpan2542"/>
		<rel id="sPointingRel2491" xlink:href="scriptorium.cross.michbr283-286.mark.xml#sSpan2226" target="scriptorium.cross.michbr283-286.mark.xml#sSpan2228"/>
		<rel id="sPointingRel2493" xlink:href="scriptorium.cross.michbr283-286.mark.xml#sSpan3705" target="scriptorium.cross.michbr283-286.mark.xml#sSpan3706"/>
		<rel id="sPointingRel2495" xlink:href="scriptorium.cross.michbr283-286.mark.xml#sSpan2169" target="scriptorium.cross.michbr283-286.mark.xml#sSpan2171"/>
		<rel id="sPointingRel2497" xlink:href="scriptorium.cross.michbr283-286.mark.xml#sSpan1347" target="scriptorium.cross.michbr283-286.mark.xml#sSpan1345"/>
		<rel id="sPointingRel2499" xlink:href="scriptorium.cross.michbr283-286.mark.xml#sSpan165" target="scriptorium.cross.michbr283-286.mark.xml#sSpan166"/>
		<rel id="sPointingRel2501" xlink:href="scriptorium.cross.michbr283-286.mark.xml#sSpan2652" target="scriptorium.cross.michbr283-286.mark.xml#sSpan2653"/>
		<rel id="sPointingRel2503" xlink:href="scriptorium.cross.michbr283-286.mark.xml#sSpan1330" target="scriptorium.cross.michbr283-286.mark.xml#sSpan1332"/>
		<rel id="sPointingRel2505" xlink:href="scriptorium.cross.michbr283-286.mark.xml#sSpan3632" target="scriptorium.cross.michbr283-286.mark.xml#sSpan3630"/>
		<rel id="sPointingRel2507" xlink:href="scriptorium.cross.michbr283-286.mark.xml#sSpan4459" target="scriptorium.cross.michbr283-286.mark.xml#sSpan4457"/>
		<rel id="sPointingRel2509" xlink:href="scriptorium.cross.michbr283-286.mark.xml#sSpan4407" target="scriptorium.cross.michbr283-286.mark.xml#sSpan4409"/>
		<rel id="sPointingRel2511" xlink:href="scriptorium.cross.michbr283-286.mark.xml#sSpan4177" target="scriptorium.cross.michbr283-286.mark.xml#sSpan4179"/>
		<rel id="sPointingRel2513" xlink:href="scriptorium.cross.michbr283-286.mark.xml#sSpan2197" target="scriptorium.cross.michbr283-286.mark.xml#sSpan2195"/>
		<rel id="sPointingRel2515" xlink:href="scriptorium.cross.michbr283-286.mark.xml#sSpan2254" target="scriptorium.cross.michbr283-286.mark.xml#sSpan2258"/>
		<rel id="sPointingRel2517" xlink:href="scriptorium.cross.michbr283-286.mark.xml#sSpan741" target="scriptorium.cross.michbr283-286.mark.xml#sSpan739"/>
		<rel id="sPointingRel2519" xlink:href="scriptorium.cross.michbr283-286.mark.xml#sSpan580" target="scriptorium.cross.michbr283-286.mark.xml#sSpan578"/>
		<rel id="sPointingRel2521" xlink:href="scriptorium.cross.michbr283-286.mark.xml#sSpan1647" target="scriptorium.cross.michbr283-286.mark.xml#sSpan1654"/>
		<rel id="sPointingRel2523" xlink:href="scriptorium.cross.michbr283-286.mark.xml#sSpan3333" target="scriptorium.cross.michbr283-286.mark.xml#sSpan3337"/>
		<rel id="sPointingRel2525" xlink:href="scriptorium.cross.michbr283-286.mark.xml#sSpan3096" target="scriptorium.cross.michbr283-286.mark.xml#sSpan3094"/>
		<rel id="sPointingRel2527" xlink:href="scriptorium.cross.michbr283-286.mark.xml#sSpan981" target="scriptorium.cross.michbr283-286.mark.xml#sSpan979"/>
		<rel id="sPointingRel2529" xlink:href="scriptorium.cross.michbr283-286.mark.xml#sSpan2130" target="scriptorium.cross.michbr283-286.mark.xml#sSpan2131"/>
		<rel id="sPointingRel2531" xlink:href="scriptorium.cross.michbr283-286.mark.xml#sSpan507" target="scriptorium.cross.michbr283-286.mark.xml#sSpan508"/>
		<rel id="sPointingRel2533" xlink:href="scriptorium.cross.michbr283-286.mark.xml#sSpan4066" target="scriptorium.cross.michbr283-286.mark.xml#sSpan4067"/>
		<rel id="sPointingRel2535" xlink:href="scriptorium.cross.michbr283-286.mark.xml#sSpan203" target="scriptorium.cross.michbr283-286.mark.xml#sSpan204"/>
		<rel id="sPointingRel2537" xlink:href="scriptorium.cross.michbr283-286.mark.xml#sSpan2766" target="scriptorium.cross.michbr283-286.mark.xml#sSpan2767"/>
		<rel id="sPointingRel2539" xlink:href="scriptorium.cross.michbr283-286.mark.xml#sSpan213" target="scriptorium.cross.michbr283-286.mark.xml#sSpan214"/>
		<rel id="sPointingRel2541" xlink:href="scriptorium.cross.michbr283-286.mark.xml#sSpan3623" target="scriptorium.cross.michbr283-286.mark.xml#sSpan3624"/>
		<rel id="sPointingRel2543" xlink:href="scriptorium.cross.michbr283-286.mark.xml#sSpan3726" target="scriptorium.cross.michbr283-286.mark.xml#sSpan3722"/>
		<rel id="sPointingRel2545" xlink:href="scriptorium.cross.michbr283-286.mark.xml#sSpan1817" target="scriptorium.cross.michbr283-286.mark.xml#sSpan1819"/>
		<rel id="sPointingRel2547" xlink:href="scriptorium.cross.michbr283-286.mark.xml#sSpan1880" target="scriptorium.cross.michbr283-286.mark.xml#sSpan1883"/>
		<rel id="sPointingRel2549" xlink:href="scriptorium.cross.michbr283-286.mark.xml#sSpan491" target="scriptorium.cross.michbr283-286.mark.xml#sSpan489"/>
		<rel id="sPointingRel2551" xlink:href="scriptorium.cross.michbr283-286.mark.xml#sSpan1099" target="scriptorium.cross.michbr283-286.mark.xml#sSpan1100"/>
		<rel id="sPointingRel2553" xlink:href="scriptorium.cross.michbr283-286.mark.xml#sSpan4305" target="scriptorium.cross.michbr283-286.mark.xml#sSpan4306"/>
		<rel id="sPointingRel2555" xlink:href="scriptorium.cross.michbr283-286.mark.xml#sSpan3068" target="scriptorium.cross.michbr283-286.mark.xml#sSpan3066"/>
		<rel id="sPointingRel2557" xlink:href="scriptorium.cross.michbr283-286.mark.xml#sSpan3803" target="scriptorium.cross.michbr283-286.mark.xml#sSpan3801"/>
		<rel id="sPointingRel2559" xlink:href="scriptorium.cross.michbr283-286.mark.xml#sSpan3247" target="scriptorium.cross.michbr283-286.mark.xml#sSpan3251"/>
		<rel id="sPointingRel2561" xlink:href="scriptorium.cross.michbr283-286.mark.xml#sSpan447" target="scriptorium.cross.michbr283-286.mark.xml#sSpan448"/>
		<rel id="sPointingRel2563" xlink:href="scriptorium.cross.michbr283-286.mark.xml#sSpan2024" target="scriptorium.cross.michbr283-286.mark.xml#sSpan2026"/>
		<rel id="sPointingRel2565" xlink:href="scriptorium.cross.michbr283-286.mark.xml#sSpan2999" target="scriptorium.cross.michbr283-286.mark.xml#sSpan3000"/>
		<rel id="sPointingRel2567" xlink:href="scriptorium.cross.michbr283-286.mark.xml#sSpan3206" target="scriptorium.cross.michbr283-286.mark.xml#sSpan3209"/>
		<rel id="sPointingRel2569" xlink:href="scriptorium.cross.michbr283-286.mark.xml#sSpan2570" target="scriptorium.cross.michbr283-286.mark.xml#sSpan2572"/>
		<rel id="sPointingRel2571" xlink:href="scriptorium.cross.michbr283-286.mark.xml#sSpan4476" target="scriptorium.cross.michbr283-286.mark.xml#sSpan4478"/>
		<rel id="sPointingRel2573" xlink:href="scriptorium.cross.michbr283-286.mark.xml#sSpan1740" target="scriptorium.cross.michbr283-286.mark.xml#sSpan1741"/>
		<rel id="sPointingRel2575" xlink:href="scriptorium.cross.michbr283-286.mark.xml#sSpan1190" target="scriptorium.cross.michbr283-286.mark.xml#sSpan1192"/>
		<rel id="sPointingRel2577" xlink:href="scriptorium.cross.michbr283-286.mark.xml#sSpan403" target="scriptorium.cross.michbr283-286.mark.xml#sSpan404"/>
		<rel id="sPointingRel2579" xlink:href="scriptorium.cross.michbr283-286.mark.xml#sSpan25" target="scriptorium.cross.michbr283-286.mark.xml#sSpan27"/>
		<rel id="sPointingRel2581" xlink:href="scriptorium.cross.michbr283-286.mark.xml#sSpan1615" target="scriptorium.cross.michbr283-286.mark.xml#sSpan1613"/>
		<rel id="sPointingRel2583" xlink:href="scriptorium.cross.michbr283-286.mark.xml#sSpan1956" target="scriptorium.cross.michbr283-286.mark.xml#sSpan1964"/>
		<rel id="sPointingRel2585" xlink:href="scriptorium.cross.michbr283-286.mark.xml#sSpan196" target="scriptorium.cross.michbr283-286.mark.xml#sSpan194"/>
		<rel id="sPointingRel2587" xlink:href="scriptorium.cross.michbr283-286.mark.xml#sSpan1698" target="scriptorium.cross.michbr283-286.mark.xml#sSpan1696"/>
		<rel id="sPointingRel2589" xlink:href="scriptorium.cross.michbr283-286.mark.xml#sSpan4075" target="scriptorium.cross.michbr283-286.mark.xml#sSpan4076"/>
		<rel id="sPointingRel2591" xlink:href="scriptorium.cross.michbr283-286.mark.xml#sSpan2516" target="scriptorium.cross.michbr283-286.mark.xml#sSpan2519"/>
		<rel id="sPointingRel2593" xlink:href="scriptorium.cross.michbr283-286.mark.xml#sSpan1028" target="scriptorium.cross.michbr283-286.mark.xml#sSpan1030"/>
		<rel id="sPointingRel2595" xlink:href="scriptorium.cross.michbr283-286.mark.xml#sSpan3836" target="scriptorium.cross.michbr283-286.mark.xml#sSpan3837"/>
		<rel id="sPointingRel2597" xlink:href="scriptorium.cross.michbr283-286.mark.xml#sSpan82" target="scriptorium.cross.michbr283-286.mark.xml#sSpan84"/>
		<rel id="sPointingRel2599" xlink:href="scriptorium.cross.michbr283-286.mark.xml#sSpan4580" target="scriptorium.cross.michbr283-286.mark.xml#sSpan4582"/>
		<rel id="sPointingRel2601" xlink:href="scriptorium.cross.michbr283-286.mark.xml#sSpan765" target="scriptorium.cross.michbr283-286.mark.xml#sSpan766"/>
		<rel id="sPointingRel2603" xlink:href="scriptorium.cross.michbr283-286.mark.xml#sSpan4211" target="scriptorium.cross.michbr283-286.mark.xml#sSpan4218"/>
		<rel id="sPointingRel2605" xlink:href="scriptorium.cross.michbr283-286.mark.xml#sSpan4501" target="scriptorium.cross.michbr283-286.mark.xml#sSpan4499"/>
		<rel id="sPointingRel2607" xlink:href="scriptorium.cross.michbr283-286.mark.xml#sSpan3792" target="scriptorium.cross.michbr283-286.mark.xml#sSpan3795"/>
		<rel id="sPointingRel2609" xlink:href="scriptorium.cross.michbr283-286.mark.xml#sSpan1670" target="scriptorium.cross.michbr283-286.mark.xml#sSpan1668"/>
		<rel id="sPointingRel2611" xlink:href="scriptorium.cross.michbr283-286.mark.xml#sSpan989" target="scriptorium.cross.michbr283-286.mark.xml#sSpan995"/>
		<rel id="sPointingRel2613" xlink:href="scriptorium.cross.michbr283-286.mark.xml#sSpan913" target="scriptorium.cross.michbr283-286.mark.xml#sSpan914"/>
		<rel id="sPointingRel2615" xlink:href="scriptorium.cross.michbr283-286.mark.xml#sSpan3588" target="scriptorium.cross.michbr283-286.mark.xml#sSpan3589"/>
		<rel id="sPointingRel2617" xlink:href="scriptorium.cross.michbr283-286.mark.xml#sSpan3119" target="scriptorium.cross.michbr283-286.mark.xml#sSpan3120"/>
		<rel id="sPointingRel2619" xlink:href="scriptorium.cross.michbr283-286.mark.xml#sSpan4511" target="scriptorium.cross.michbr283-286.mark.xml#sSpan4512"/>
		<rel id="sPointingRel2621" xlink:href="scriptorium.cross.michbr283-286.mark.xml#sSpan1481" target="scriptorium.cross.michbr283-286.mark.xml#sSpan1485"/>
		<rel id="sPointingRel2623" xlink:href="scriptorium.cross.michbr283-286.mark.xml#sSpan381" target="scriptorium.cross.michbr283-286.mark.xml#sSpan383"/>
		<rel id="sPointingRel2625" xlink:href="scriptorium.cross.michbr283-286.mark.xml#sSpan3311" target="scriptorium.cross.michbr283-286.mark.xml#sSpan3318"/>
		<rel id="sPointingRel2627" xlink:href="scriptorium.cross.michbr283-286.mark.xml#sSpan2783" target="scriptorium.cross.michbr283-286.mark.xml#sSpan2785"/>
		<rel id="sPointingRel2629" xlink:href="scriptorium.cross.michbr283-286.mark.xml#sSpan3846" target="scriptorium.cross.michbr283-286.mark.xml#sSpan3847"/>
		<rel id="sPointingRel2631" xlink:href="scriptorium.cross.michbr283-286.mark.xml#sSpan3873" target="scriptorium.cross.michbr283-286.mark.xml#sSpan3874"/>
		<rel id="sPointingRel2633" xlink:href="scriptorium.cross.michbr283-286.mark.xml#sSpan2284" target="scriptorium.cross.michbr283-286.mark.xml#sSpan2290"/>
		<rel id="sPointingRel2635" xlink:href="scriptorium.cross.michbr283-286.mark.xml#sSpan2474" target="scriptorium.cross.michbr283-286.mark.xml#sSpan2472"/>
		<rel id="sPointingRel2637" xlink:href="scriptorium.cross.michbr283-286.mark.xml#sSpan2980" target="scriptorium.cross.michbr283-286.mark.xml#sSpan2981"/>
		<rel id="sPointingRel2639" xlink:href="scriptorium.cross.michbr283-286.mark.xml#sSpan1306" target="scriptorium.cross.michbr283-286.mark.xml#sSpan1304"/>
		<rel id="sPointingRel2641" xlink:href="scriptorium.cross.michbr283-286.mark.xml#sSpan3665" target="scriptorium.cross.michbr283-286.mark.xml#sSpan3667"/></relList></paula>