<?xml version='1.0' encoding='UTF-8'?><!DOCTYPE paula SYSTEM "paula_feat.dtd">
<paula version="1.1">
	<header paula_id="scriptorium.cross.michbr283-286.mark_orig"/>
	<featList xmlns:xlink="http://www.w3.org/1999/xlink" type="orig" xml:base="scriptorium.cross.michbr283-286.mark.xml">
		<feat xlink:href="#sSpan2" value="ⲟⲩ"/>
		<feat xlink:href="#sSpan16" value="ⲉⲝⲏⲅⲉⲥⲓⲥ"/>
		<feat xlink:href="#sSpan18" value="ⲛ̄ⲧⲉ"/>
		<feat xlink:href="#sSpan23" value="ⲁⲡⲁ"/>
		<feat xlink:href="#sSpan28" value="ⲑⲉⲟⲫⲓⲗⲟⲥ"/>
		<feat xlink:href="#sSpan32" value="ⲡ"/>
		<feat xlink:href="#sSpan38" value="ⲁⲣⲭⲏⲉⲡⲓⲥⲕⲟⲡⲟⲥ"/>
		<feat xlink:href="#sSpan40" value="ⲛ̄"/>
		<feat xlink:href="#sSpan45" value="ⲣⲁⲕⲟⲧⲉ"/>
		<feat xlink:href="#sSpan48" value="·"/>
		<feat xlink:href="#sSpan52" value="ⲉ"/>
		<feat xlink:href="#sSpan57" value="ⲁ"/>
		<feat xlink:href="#sSpan59" value="ϥ"/>
		<feat xlink:href="#sSpan61" value="ⲧⲁⲩⲟ"/>
		<feat xlink:href="#sSpan64" value="ⲥ"/>
		<feat xlink:href="#sSpan66" value="ⲉⲧⲃⲉ"/>
		<feat xlink:href="#sSpan70" value="ⲡⲉ"/>
		<feat xlink:href="#sSpan74" value="ⲥ̄ⳁⲟ︤ⲥ︥"/>
		<feat xlink:href="#sSpan76" value="ⲙⲛ̄"/>
		<feat xlink:href="#sSpan81" value="ⲡ"/>
		<feat xlink:href="#sSpan85" value="ⲗⲏⲥⲧⲏⲥ"/>
		<feat xlink:href="#sSpan87" value="·"/>
		<feat xlink:href="#sSpan91" value="ϩⲛ̄"/>
		<feat xlink:href="#sSpan95" value="ⲟⲩ"/>
		<feat xlink:href="#sSpan100" value="ⲉⲓⲣⲏⲛⲏ"/>
		<feat xlink:href="#sSpan102" value="ⲛ̄ⲧⲉ"/>
		<feat xlink:href="#sSpan106" value="ⲡ"/>
		<feat xlink:href="#sSpan109" value="ⲛⲟⲩⲧⲉ"/>
		<feat xlink:href="#sSpan113" value="ϩⲁⲙⲏⲛ"/>
		<feat xlink:href="#sSpan117" value=":"/>
		<feat xlink:href="#sSpan121" value="⳾⳾⳾"/>
		<feat xlink:href="#sSpan126" value="ⲁ"/>
		<feat xlink:href="#sSpan134" value="ⲡ"/>
		<feat xlink:href="#sSpan137" value="ⲣⲏ"/>
		<feat xlink:href="#sSpan139" value="ⲛ"/>
		<feat xlink:href="#sSpan143" value="ⲧ"/>
		<feat xlink:href="#sSpan147" value="ⲇⲓⲕⲁⲓⲟⲥⲩⲛⲏ"/>
		<feat xlink:href="#sSpan150" value="ⲟⲩⲱⲛ︤ϩ︥"/>
		<feat xlink:href="#sSpan155" value="ⲉ̄ⲃⲟⲗ"/>
		<feat xlink:href="#sSpan160" value="ϩⲛ̄"/>
		<feat xlink:href="#sSpan164" value="ⲛⲉ"/>
		<feat xlink:href="#sSpan167" value="ⲙⲙⲁ"/>
		<feat xlink:href="#sSpan169" value="ⲛ"/>
		<feat xlink:href="#sSpan173" value="ϣⲁ"/>
		<feat xlink:href="#sSpan176" value="·"/>
		<feat xlink:href="#sSpan180" value="ⲉ"/>
		<feat xlink:href="#sSpan184" value="ϥ"/>
		<feat xlink:href="#sSpan187" value="ⲣ̄ⲟⲩⲟ̄ⲉⲓⲛ"/>
		<feat xlink:href="#sSpan190" value="ⲉ̄"/>
		<feat xlink:href="#sSpan195" value="ⲛ"/>
		<feat xlink:href="#sSpan198" value="ⲉⲧ"/>
		<feat xlink:href="#sSpan200" value="ϩⲙ̄"/>
		<feat xlink:href="#sSpan202" value="ⲡ"/>
		<feat xlink:href="#sSpan205" value="ⲕⲁⲕⲉ"/>
		<feat xlink:href="#sSpan207" value="ⲙⲛ̄"/>
		<feat xlink:href="#sSpan212" value="ⲑ"/>
		<feat xlink:href="#sSpan215" value="ⲁⲓ̈ⲃⲥ"/>
		<feat xlink:href="#sSpan217" value="ⲉ"/>
		<feat xlink:href="#sSpan221" value="ⲡ"/>
		<feat xlink:href="#sSpan224" value="ⲙⲟⲩ"/>
		<feat xlink:href="#sSpan226" value="ⲁ"/>
		<feat xlink:href="#sSpan234" value="ⲡ"/>
		<feat xlink:href="#sSpan237" value="ⲣ̄ⲣⲟ"/>
		<feat xlink:href="#sSpan239" value="ⲛ"/>
		<feat xlink:href="#sSpan243" value="ⲧ̄"/>
		<feat xlink:href="#sSpan247" value="ⲇⲓⲕⲁⲓⲟⲥⲩⲛⲏ"/>
		<feat xlink:href="#sSpan251" value="ⲫⲱⲣⲉⲓ"/>
		<feat xlink:href="#sSpan255" value="ⲛ̄"/>
		<feat xlink:href="#sSpan259" value="ⲧⲉ"/>
		<feat xlink:href="#sSpan263" value="ⲧϭⲣⲏⲡⲉ"/>
		<feat xlink:href="#sSpan265" value="ⲛ"/>
		<feat xlink:href="#sSpan269" value="ⲧ"/>
		<feat xlink:href="#sSpan273" value="ⲙ︤ⲛ︥ⲧⲉⲣⲟ"/>
		<feat xlink:href="#sSpan277" value="·"/>
		<feat xlink:href="#sSpan281" value="ⲁ"/>
		<feat xlink:href="#sSpan285" value="ⲛⲉϥ"/>
		<feat xlink:href="#sSpan288" value="ϫⲁϫⲉ"/>
		<feat xlink:href="#sSpan291" value="ⲧⲏⲣ"/>
		<feat xlink:href="#sSpan295" value="ⲟⲩ"/>
		<feat xlink:href="#sSpan297" value="ⲑ︤ⲃ︥ⲃⲓⲟ̄̄"/>
		<feat xlink:href="#sSpan302" value="ϩⲁ"/>
		<feat xlink:href="#sSpan306" value="ⲡ"/>
		<feat xlink:href="#sSpan309" value="ⲉⲥⲏⲧ"/>
		<feat xlink:href="#sSpan311" value="ⲛ̄"/>
		<feat xlink:href="#sSpan315" value="ⲛⲉϥ"/>
		<feat xlink:href="#sSpan319" value="ⲟⲩⲉⲣⲏⲧⲉ"/>
		<feat xlink:href="#sSpan321" value="·"/>
		<feat xlink:href="#sSpan325" value="ⲁ"/>
		<feat xlink:href="#sSpan333" value="ⲡⲉ"/>
		<feat xlink:href="#sSpan337" value="ⲥϯⲛⲟⲩⲃⲉ"/>
		<feat xlink:href="#sSpan340" value="ϣ̄ⲱϣ"/>
		<feat xlink:href="#sSpan345" value="ⲉ̄ⲃⲟⲗ"/>
		<feat xlink:href="#sSpan350" value="ϩⲓ̈ϫⲛ̄"/>
		<feat xlink:href="#sSpan354" value="ϫⲟⲩⲣⲏ"/>
		<feat xlink:href="#sSpan358" value="ⲙ̄"/>
		<feat xlink:href="#sSpan362" value="ⲡ"/>
		<feat xlink:href="#sSpan365" value="ⲟⲩϫⲁⲓ̈"/>
		<feat xlink:href="#sSpan367" value="ⲁ"/>
		<feat xlink:href="#sSpan372" value="ϥ"/>
		<feat xlink:href="#sSpan374" value="ⲱϫⲛ̄"/>
		<feat xlink:href="#sSpan376" value="ⲙ̄"/>
		<feat xlink:href="#sSpan380" value="ⲡⲉⲥ"/>
		<feat xlink:href="#sSpan384" value="ϯⲃⲱⲱⲛ"/>
		<feat xlink:href="#sSpan388" value="ϩⲙ̄"/>
		<feat xlink:href="#sSpan392" value="ⲡⲉ"/>
		<feat xlink:href="#sSpan395" value="ⲥⲧⲟⲓ̈"/>
		<feat xlink:href="#sSpan398" value="ⲙ̄"/>
		<feat xlink:href="#sSpan402" value="ⲡⲉϥ"/>
		<feat xlink:href="#sSpan405" value="ⲥⲟϭⲛ"/>
		<feat xlink:href="#sSpan407" value="·"/>
		<feat xlink:href="#sSpan411" value="ⲁ"/>
		<feat xlink:href="#sSpan419" value="ⲡ"/>
		<feat xlink:href="#sSpan422" value="ⲙⲟⲩⲓ̈"/>
		<feat xlink:href="#sSpan424" value="ⲛ̄"/>
		<feat xlink:href="#sSpan428" value="ϫⲱⲱⲣⲉ"/>
		<feat xlink:href="#sSpan432" value="ⲧⲱⲟⲩⲛ"/>
		<feat xlink:href="#sSpan436" value="ⲉ̄ⲃⲟⲗ"/>
		<feat xlink:href="#sSpan441" value="ϩⲛ̄"/>
		<feat xlink:href="#sSpan446" value="ⲛⲉ"/>
		<feat xlink:href="#sSpan449" value="ⲙⲙⲁ"/>
		<feat xlink:href="#sSpan451" value="ⲛ"/>
		<feat xlink:href="#sSpan455" value="ϣⲏ⳯"/>
		<feat xlink:href="#sSpan458" value="ⲁ"/>
		<feat xlink:href="#sSpan463" value="ⲛⲉ"/>
		<feat xlink:href="#sSpan467" value="ⲑⲏⲣⲓⲟⲛ"/>
		<feat xlink:href="#sSpan469" value="ϩⲟⲡ"/>
		<feat xlink:href="#sSpan474" value="ⲟⲩ"/>
		<feat xlink:href="#sSpan476" value="ϩⲛ"/>
		<feat xlink:href="#sSpan480" value="ⲛⲉⲩ"/>
		<feat xlink:href="#sSpan483" value="ⲃⲏⲃ"/>
		<feat xlink:href="#sSpan485" value="ⲛ̄"/>
		<feat xlink:href="#sSpan490" value="ⲕⲁⲕⲉ"/>
		<feat xlink:href="#sSpan493" value="·"/>
		<feat xlink:href="#sSpan497" value="ⲁ"/>
		<feat xlink:href="#sSpan506" value="ⲡ"/>
		<feat xlink:href="#sSpan509" value="ⲥⲁⲉⲓⲛ"/>
		<feat xlink:href="#sSpan511" value="ⲉ̄ⲧ"/>
		<feat xlink:href="#sSpan515" value="ⲟⲩⲁⲁⲃ"/>
		<feat xlink:href="#sSpan517" value="ⲉⲓ"/>
		<feat xlink:href="#sSpan522" value="ϣⲁⲣⲟ"/>
		<feat xlink:href="#sSpan526" value="ⲛ"/>
		<feat xlink:href="#sSpan528" value="ⲙ︤ⲛ︥"/>
		<feat xlink:href="#sSpan532" value="ⲛⲉϥ"/>
		<feat xlink:href="#sSpan536" value="ⲡⲁϩⲣⲉ"/>
		<feat xlink:href="#sSpan538" value="ⲛ"/>
		<feat xlink:href="#sSpan542" value="ⲱⲛϩ̄"/>
		<feat xlink:href="#sSpan545" value="ⲟⲩⲟⲛ"/>
		<feat xlink:href="#sSpan552" value="ⲛⲓⲙ"/>
		<feat xlink:href="#sSpan556" value="ⲉⲧ"/>
		<feat xlink:href="#sSpan560" value="ⲙⲁⲕϩ"/>
		<feat xlink:href="#sSpan563" value=":"/>
		<feat xlink:href="#sSpan567" value="ⲁ"/>
		<feat xlink:href="#sSpan571" value="ⲩ"/>
		<feat xlink:href="#sSpan573" value="ϫⲓ"/>
		<feat xlink:href="#sSpan575" value="ⲡⲁ"/>
		<feat xlink:href="#sSpan579" value="ϩⲣⲉ"/>
		<feat xlink:href="#sSpan582" value="ⲛ̄"/>
		<feat xlink:href="#sSpan587" value="ϫⲓⲛϫⲏ"/>
		<feat xlink:href="#sSpan590" value=":"/>
		<feat xlink:href="#sSpan594" value="ⲁ"/>
		<feat xlink:href="#sSpan601" value="ⲧ"/>
		<feat xlink:href="#sSpan605" value="ⲉⲩⲫⲣⲟⲥⲩⲛⲏ"/>
		<feat xlink:href="#sSpan608" value="ⲙ"/>
		<feat xlink:href="#sSpan612" value="ⲡ"/>
		<feat xlink:href="#sSpan615" value="ⲥⲱⲛ̄ⲧ"/>
		<feat xlink:href="#sSpan618" value="ⲧⲏⲣ"/>
		<feat xlink:href="#sSpan622" value="ϥ"/>
		<feat xlink:href="#sSpan624" value="ⲟⲩⲱ̄ⲛϩ̄"/>
		<feat xlink:href="#sSpan630" value="ⲉ̄ⲃⲟⲗ"/>
		<feat xlink:href="#sSpan634" value="ϫⲉ"/>
		<feat xlink:href="#sSpan638" value="ⲥⲉ"/>
		<feat xlink:href="#sSpan640" value="ⲣⲁϣⲉ"/>
		<feat xlink:href="#sSpan642" value="ⲛ︤ⲙ︥ⲙⲁ"/>
		<feat xlink:href="#sSpan647" value="ϥ"/>
		<feat xlink:href="#sSpan649" value=":"/>
		<feat xlink:href="#sSpan653" value="ⲛ̄"/>
		<feat xlink:href="#sSpan661" value="ⲑ"/>
		<feat xlink:href="#sSpan663" value="ⲉ"/>
		<feat xlink:href="#sSpan666" value="ⲅⲁⲣ"/>
		<feat xlink:href="#sSpan671" value="ⲛ"/>
		<feat xlink:href="#sSpan675" value="ⲟⲩ"/>
		<feat xlink:href="#sSpan679" value="ⲡⲟⲗⲓⲥ"/>
		<feat xlink:href="#sSpan681" value="ⲉ̄ⲣⲉ"/>
		<feat xlink:href="#sSpan685" value="ⲟⲩ"/>
		<feat xlink:href="#sSpan689" value="ⲣ̄ⲣⲟ"/>
		<feat xlink:href="#sSpan691" value="ⲛ̄"/>
		<feat xlink:href="#sSpan695" value="ϫⲁϫⲉ"/>
		<feat xlink:href="#sSpan697" value="ⲕⲱⲧⲉ"/>
		<feat xlink:href="#sSpan702" value="ⲉ̄ⲣⲟ"/>
		<feat xlink:href="#sSpan706" value="ⲥ"/>
		<feat xlink:href="#sSpan708" value="ⲛ"/>
		<feat xlink:href="#sSpan712" value="ϥ̄"/>
		<feat xlink:href="#sSpan714" value="ⲟⲣⲃ"/>
		<feat xlink:href="#sSpan716" value="ⲥ̄"/>
		<feat xlink:href="#sSpan718" value="ⲉ̄ϩⲟⲩⲛ"/>
		<feat xlink:href="#sSpan723" value=":"/>
		<feat xlink:href="#sSpan728" value="ⲧⲟⲧⲉ"/>
		<feat xlink:href="#sSpan735" value="ϣⲁⲣⲉ"/>
		<feat xlink:href="#sSpan740" value="ⲛ"/>
		<feat xlink:href="#sSpan743" value="ⲉⲧ"/>
		<feat xlink:href="#sSpan745" value="ⲛ̄ϩⲏⲧ"/>
		<feat xlink:href="#sSpan747" value="ⲥ"/>
		<feat xlink:href="#sSpan749" value="ⲧⲏⲣ"/>
		<feat xlink:href="#sSpan754" value="ⲟⲩ"/>
		<feat xlink:href="#sSpan756" value="ϣⲱⲡⲉ"/>
		<feat xlink:href="#sSpan760" value="ϩⲛ̄"/>
		<feat xlink:href="#sSpan764" value="ⲟⲩ"/>
		<feat xlink:href="#sSpan767" value="ⲑⲃⲃⲓⲟ"/>
		<feat xlink:href="#sSpan770" value=":"/>
		<feat xlink:href="#sSpan774" value="ⲉ"/>
		<feat xlink:href="#sSpan778" value="ⲩ"/>
		<feat xlink:href="#sSpan780" value="ϩⲉϫϩⲱϫ"/>
		<feat xlink:href="#sSpan782" value="ⲉ"/>
		<feat xlink:href="#sSpan787" value="ⲩ"/>
		<feat xlink:href="#sSpan790" value="ⲗⲏⲡⲉⲓ"/>
		<feat xlink:href="#sSpan792" value="ⲉ"/>
		<feat xlink:href="#sSpan796" value="ⲩ"/>
		<feat xlink:href="#sSpan799" value="ⲁϣⲁϩⲟⲙ"/>
		<feat xlink:href="#sSpan803" value=":"/>
		<feat xlink:href="#sSpan808" value="ϩⲟⲧⲁⲛ"/>
		<feat xlink:href="#sSpan816" value="ⲇⲉ"/>
		<feat xlink:href="#sSpan820" value="ⲉϥϣⲁⲛ"/>
		<feat xlink:href="#sSpan825" value="ⲥⲱⲧⲙ̄"/>
		<feat xlink:href="#sSpan827" value="ⲛ̄ϭⲓ"/>
		<feat xlink:href="#sSpan831" value="ⲡ"/>
		<feat xlink:href="#sSpan835" value="ⲣⲣⲟ"/>
		<feat xlink:href="#sSpan837" value="ⲉ̄ⲧ"/>
		<feat xlink:href="#sSpan841" value="ⲟ"/>
		<feat xlink:href="#sSpan843" value="ⲛ"/>
		<feat xlink:href="#sSpan848" value="ⲉⲝⲟⲩⲥⲓⲁ"/>
		<feat xlink:href="#sSpan851" value="ⲉⲣⲟ"/>
		<feat xlink:href="#sSpan856" value="ⲥ"/>
		<feat xlink:href="#sSpan858" value="ⲉ"/>
		<feat xlink:href="#sSpan862" value="ⲧ"/>
		<feat xlink:href="#sSpan865" value="ⲛⲟϭ"/>
		<feat xlink:href="#sSpan867" value="ⲛ"/>
		<feat xlink:href="#sSpan872" value="ⲧⲟⲗⲙⲏⲣⲓⲁ"/>
		<feat xlink:href="#sSpan875" value="ⲛ̄"/>
		<feat xlink:href="#sSpan879" value="ⲑ"/>
		<feat xlink:href="#sSpan881" value="ⲉ"/>
		<feat xlink:href="#sSpan883" value="ⲛ̄ⲧ"/>
		<feat xlink:href="#sSpan887" value="ⲁ"/>
		<feat xlink:href="#sSpan889" value="ϥ"/>
		<feat xlink:href="#sSpan892" value="ⲧⲟⲗⲟⲙⲁ"/>
		<feat xlink:href="#sSpan895" value="ⲙⲙⲟ"/>
		<feat xlink:href="#sSpan899" value="ⲥ"/>
		<feat xlink:href="#sSpan901" value="ⲉ̄"/>
		<feat xlink:href="#sSpan905" value="ϩⲱⲧ︤ⲃ︥"/>
		<feat xlink:href="#sSpan908" value="ⲛ̄"/>
		<feat xlink:href="#sSpan912" value="ⲛⲉϥ"/>
		<feat xlink:href="#sSpan915" value="ⲙⲏⲏϣⲉ"/>
		<feat xlink:href="#sSpan918" value=":"/>
		<feat xlink:href="#sSpan923" value="ⲧⲟⲧⲉ"/>
		<feat xlink:href="#sSpan930" value="ϣⲁ"/>
		<feat xlink:href="#sSpan934" value="ϥ"/>
		<feat xlink:href="#sSpan936" value="ⲥⲱⲟⲩϩ̄"/>
		<feat xlink:href="#sSpan939" value="ⲉ̄ϩⲟⲩⲛ"/>
		<feat xlink:href="#sSpan943" value="ⲙ"/>
		<feat xlink:href="#sSpan947" value="ⲡⲉϥ"/>
		<feat xlink:href="#sSpan951" value="ⲙⲏⲏϣⲉ"/>
		<feat xlink:href="#sSpan953" value="ⲧⲏⲣ︤"/>
		<feat xlink:href="#sSpan958" value="ϥ︥"/>
		<feat xlink:href="#sSpan960" value=":"/>
		<feat xlink:href="#sSpan964" value="ⲙ︤ⲛ︥"/>
		<feat xlink:href="#sSpan968" value="ⲛⲉⲩ"/>
		<feat xlink:href="#sSpan972" value="ⲥ̄ⲕⲉⲩⲏ̄"/>
		<feat xlink:href="#sSpan974" value="ⲙ̄"/>
		<feat xlink:href="#sSpan980" value="ⲡⲟⲗⲉⲙⲓ̈ⲕⲟⲛ"/>
		<feat xlink:href="#sSpan983" value=":"/>
		<feat xlink:href="#sSpan987" value="ⲡⲉϥ"/>
		<feat xlink:href="#sSpan996" value="ⲙⲏⲏϣⲉ"/>
		<feat xlink:href="#sSpan999" value="ⲛ̄ⲧⲉⲣⲉ"/>
		<feat xlink:href="#sSpan1003" value="ϥ"/>
		<feat xlink:href="#sSpan1005" value="ⲧⲥⲁⲃⲟ"/>
		<feat xlink:href="#sSpan1008" value="ⲟⲩ"/>
		<feat xlink:href="#sSpan1010" value="ⲉ"/>
		<feat xlink:href="#sSpan1014" value="ⲧ"/>
		<feat xlink:href="#sSpan1018" value="ϭⲓⲛⲡⲟⲗⲩⲙⲉⲓ"/>
		<feat xlink:href="#sSpan1023" value="ⲙ︤ⲛ︥"/>
		<feat xlink:href="#sSpan1027" value="ⲛⲉϥ"/>
		<feat xlink:href="#sSpan1031" value="ϫⲁϫⲉ"/>
		<feat xlink:href="#sSpan1033" value=":"/>
		<feat xlink:href="#sSpan1037" value="ϣⲁ"/>
		<feat xlink:href="#sSpan1044" value="ϥ"/>
		<feat xlink:href="#sSpan1046" value="ⲙⲟⲟϣⲉ"/>
		<feat xlink:href="#sSpan1052" value="ϩⲁ"/>
		<feat xlink:href="#sSpan1056" value="ⲧⲉⲩ"/>
		<feat xlink:href="#sSpan1058" value="ϩⲉ"/>
		<feat xlink:href="#sSpan1060" value="·"/>
		<feat xlink:href="#sSpan1064" value="ϩⲛ̄"/>
		<feat xlink:href="#sSpan1069" value="ⲟⲩ"/>
		<feat xlink:href="#sSpan1072" value="ⲣⲁϣⲉ"/>
		<feat xlink:href="#sSpan1074" value="ⲉ"/>
		<feat xlink:href="#sSpan1078" value="ϥ"/>
		<feat xlink:href="#sSpan1080" value="ⲥⲟⲟⲩⲛ"/>
		<feat xlink:href="#sSpan1083" value="ϫⲉ"/>
		<feat xlink:href="#sSpan1087" value="ϥ"/>
		<feat xlink:href="#sSpan1089" value="ⲛⲁ"/>
		<feat xlink:href="#sSpan1091" value="ϭⲱⲧⲡ"/>
		<feat xlink:href="#sSpan1094" value="ⲛ"/>
		<feat xlink:href="#sSpan1098" value="ⲛⲉϥ"/>
		<feat xlink:href="#sSpan1101" value="ϫⲁϫⲉ"/>
		<feat xlink:href="#sSpan1103" value="ϩⲛ̄"/>
		<feat xlink:href="#sSpan1108" value="ⲟⲩ"/>
		<feat xlink:href="#sSpan1111" value="ⲛⲟϭ"/>
		<feat xlink:href="#sSpan1113" value="ⲛ"/>
		<feat xlink:href="#sSpan1117" value="ϭⲟⲙ"/>
		<feat xlink:href="#sSpan1119" value="ⲧⲁⲓ̈"/>
		<feat xlink:href="#sSpan1128" value="ϩⲱⲱ"/>
		<feat xlink:href="#sSpan1132" value="ϥ"/>
		<feat xlink:href="#sSpan1134" value="ⲧⲉ"/>
		<feat xlink:href="#sSpan1138" value="ⲑ"/>
		<feat xlink:href="#sSpan1142" value="ⲉ"/>
		<feat xlink:href="#sSpan1144" value="ⲙ"/>
		<feat xlink:href="#sSpan1148" value="ⲡⲉⲛ"/>
		<feat xlink:href="#sSpan1152" value="ϫⲟⲉⲓⲥ"/>
		<feat xlink:href="#sSpan1155" value="ⲓ︦ⲥ︦"/>
		<feat xlink:href="#sSpan1159" value="ⲡⲉ"/>
		<feat xlink:href="#sSpan1164" value="ⲭ︦ⲥ︦"/>
		<feat xlink:href="#sSpan1166" value="ⲛⲧⲉⲣⲉ"/>
		<feat xlink:href="#sSpan1171" value="ϥ"/>
		<feat xlink:href="#sSpan1173" value="ⲛⲁⲩ"/>
		<feat xlink:href="#sSpan1175" value="ⲉ"/>
		<feat xlink:href="#sSpan1179" value="ⲡ"/>
		<feat xlink:href="#sSpan1182" value="ϫⲁϫⲉ"/>
		<feat xlink:href="#sSpan1185" value="ⲛ̄"/>
		<feat xlink:href="#sSpan1189" value="ⲧ"/>
		<feat xlink:href="#sSpan1193" value="ⲙ︤ⲛ︥ⲧⲣⲱⲙⲉ"/>
		<feat xlink:href="#sSpan1197" value="ⲧⲏⲣ"/>
		<feat xlink:href="#sSpan1201" value="ⲥ̄"/>
		<feat xlink:href="#sSpan1203" value="·"/>
		<feat xlink:href="#sSpan1207" value="ⲉⲧⲉ"/>
		<feat xlink:href="#sSpan1214" value="ⲡⲁⲓ̈"/>
		<feat xlink:href="#sSpan1217" value="ⲡⲉ"/>
		<feat xlink:href="#sSpan1222" value="ⲡ"/>
		<feat xlink:href="#sSpan1228" value="ⲇⲓⲁⲃⲟⲗⲟⲥ"/>
		<feat xlink:href="#sSpan1230" value="ⲁ"/>
		<feat xlink:href="#sSpan1235" value="ϥ"/>
		<feat xlink:href="#sSpan1237" value="ⲱⲣϥ"/>
		<feat xlink:href="#sSpan1239" value="ⲉϩⲟⲩⲛ"/>
		<feat xlink:href="#sSpan1243" value="ⲛ"/>
		<feat xlink:href="#sSpan1247" value="ⲧ"/>
		<feat xlink:href="#sSpan1251" value="ⲟⲓⲕⲟⲩⲙⲉⲛⲏ"/>
		<feat xlink:href="#sSpan1254" value="ⲧⲏⲣ"/>
		<feat xlink:href="#sSpan1258" value="ⲥ"/>
		<feat xlink:href="#sSpan1260" value="ⲁ"/>
		<feat xlink:href="#sSpan1268" value="ϥ"/>
		<feat xlink:href="#sSpan1270" value="ⲑⲙ̄ⲕⲟ"/>
		<feat xlink:href="#sSpan1272" value="ⲛ"/>
		<feat xlink:href="#sSpan1276" value="ⲟⲩⲟⲛ"/>
		<feat xlink:href="#sSpan1280" value="ⲛⲓⲙ"/>
		<feat xlink:href="#sSpan1285" value="ϩⲛ̄"/>
		<feat xlink:href="#sSpan1289" value="ⲛⲉϥ"/>
		<feat xlink:href="#sSpan1292" value="ⲥⲛⲁⲩϩ"/>
		<feat xlink:href="#sSpan1294" value="ⲉⲧ"/>
		<feat xlink:href="#sSpan1299" value="ⲙⲉϩ"/>
		<feat xlink:href="#sSpan1301" value="ⲛ̄"/>
		<feat xlink:href="#sSpan1305" value="ⲛⲟⲃⲉ"/>
		<feat xlink:href="#sSpan1308" value="ⲁ"/>
		<feat xlink:href="#sSpan1312" value="ϥ"/>
		<feat xlink:href="#sSpan1314" value="ϫⲟⲟⲣ"/>
		<feat xlink:href="#sSpan1317" value="ⲟⲩ"/>
		<feat xlink:href="#sSpan1319" value="ⲉ̄ⲃⲟⲗ"/>
		<feat xlink:href="#sSpan1324" value="ϩⲛ̄"/>
		<feat xlink:href="#sSpan1328" value="ⲛⲉϥ"/>
		<feat xlink:href="#sSpan1333" value="ⲡⲗⲩⲅⲏ"/>
		<feat xlink:href="#sSpan1335" value="ⲉ̄ⲧ"/>
		<feat xlink:href="#sSpan1339" value="ⲟϣ"/>
		<feat xlink:href="#sSpan1341" value="ⲉⲧⲉ"/>
		<feat xlink:href="#sSpan1346" value="ⲛⲁⲓ̈"/>
		<feat xlink:href="#sSpan1349" value="ⲛⲉ"/>
		<feat xlink:href="#sSpan1353" value="·"/>
		<feat xlink:href="#sSpan1357" value="ⲧ"/>
		<feat xlink:href="#sSpan1367" value="ⲙⲛ̄ⲧ̄ⲣⲉϥϣⲙϣⲉⲉⲓⲇⲱⲗⲟⲛ"/>
		<feat xlink:href="#sSpan1374" value="·"/>
		<feat xlink:href="#sSpan1378" value="ⲧ"/>
		<feat xlink:href="#sSpan1383" value="ⲙⲛⲧⲣⲉϥⲧⲱⲣⲡ"/>
		<feat xlink:href="#sSpan1388" value="·"/>
		<feat xlink:href="#sSpan1392" value="ⲧ"/>
		<feat xlink:href="#sSpan1397" value="ⲙⲛ̄ⲧⲁⲧϣⲁⲩ"/>
		<feat xlink:href="#sSpan1402" value="·"/>
		<feat xlink:href="#sSpan1406" value="ⲧ"/>
		<feat xlink:href="#sSpan1411" value="ⲙⲛ̄ⲧⲣⲉϥϫⲓⲟⲩⲉ"/>
		<feat xlink:href="#sSpan1416" value="·"/>
		<feat xlink:href="#sSpan1420" value="ⲧ"/>
		<feat xlink:href="#sSpan1426" value="ⲙⲛ̄ⲧⲣⲉϥϩⲱⲧⲃ"/>
		<feat xlink:href="#sSpan1431" value="·"/>
		<feat xlink:href="#sSpan1435" value="ⲧ"/>
		<feat xlink:href="#sSpan1444" value="ⲅⲁⲧⲁⲗⲁⲗⲓⲁ"/>
		<feat xlink:href="#sSpan1447" value="·"/>
		<feat xlink:href="#sSpan1451" value="ⲡ"/>
		<feat xlink:href="#sSpan1455" value="ⲕⲱϩ"/>
		<feat xlink:href="#sSpan1457" value="·"/>
		<feat xlink:href="#sSpan1461" value="ⲡ"/>
		<feat xlink:href="#sSpan1466" value="ⲙⲟⲥⲧⲉ"/>
		<feat xlink:href="#sSpan1468" value="ⲡ"/>
		<feat xlink:href="#sSpan1474" value="ϭⲱⲛⲧ"/>
		<feat xlink:href="#sSpan1476" value="·"/>
		<feat xlink:href="#sSpan1480" value="ⲧ"/>
		<feat xlink:href="#sSpan1486" value="ⲟⲣⲅⲏ"/>
		<feat xlink:href="#sSpan1488" value="·"/>
		<feat xlink:href="#sSpan1492" value="ⲡ"/>
		<feat xlink:href="#sSpan1498" value="ϯϩⲉ"/>
		<feat xlink:href="#sSpan1500" value="·"/>
		<feat xlink:href="#sSpan1504" value="ⲧ"/>
		<feat xlink:href="#sSpan1510" value="ⲙⲛ̄ⲧⲣⲉϥⲣ̄ϩⲓⲕ"/>
		<feat xlink:href="#sSpan1515" value="·"/>
		<feat xlink:href="#sSpan1519" value="ⲡ"/>
		<feat xlink:href="#sSpan1524" value="ϫⲱϩⲙ"/>
		<feat xlink:href="#sSpan1526" value="·"/>
		<feat xlink:href="#sSpan1530" value="ⲧ̄"/>
		<feat xlink:href="#sSpan1536" value="ⲡⲁⲛⲟⲩⲣⲅⲓⲁ"/>
		<feat xlink:href="#sSpan1539" value="·"/>
		<feat xlink:href="#sSpan1543" value="ⲡⲉ"/>
		<feat xlink:href="#sSpan1551" value="ⲕⲣⲟϥ"/>
		<feat xlink:href="#sSpan1554" value="·"/>
		<feat xlink:href="#sSpan1558" value="ⲡ"/>
		<feat xlink:href="#sSpan1564" value="ϫⲱϩⲙ"/>
		<feat xlink:href="#sSpan1567" value="·"/>
		<feat xlink:href="#sSpan1571" value="ⲧ"/>
		<feat xlink:href="#sSpan1576" value="ⲡⲁⲛⲟⲩⲣⲅⲓⲁ"/>
		<feat xlink:href="#sSpan1579" value="·"/>
		<feat xlink:href="#sSpan1583" value="ⲡⲉ"/>
		<feat xlink:href="#sSpan1587" value="ⲕⲣⲟϥ"/>
		<feat xlink:href="#sSpan1590" value="ⲧ"/>
		<feat xlink:href="#sSpan1595" value="ⲙⲛ̄ⲧϫⲁⲥⲓϩⲏⲧ"/>
		<feat xlink:href="#sSpan1599" value="·"/>
		<feat xlink:href="#sSpan1603" value="ⲛ"/>
		<feat xlink:href="#sSpan1608" value="ⲁⲛⲁϣ"/>
		<feat xlink:href="#sSpan1610" value="ⲛ"/>
		<feat xlink:href="#sSpan1614" value="ⲛⲟⲩϫ"/>
		<feat xlink:href="#sSpan1617" value="·"/>
		<feat xlink:href="#sSpan1621" value="ⲛ̄"/>
		<feat xlink:href="#sSpan1627" value="ⲥⲱⲱϥ"/>
		<feat xlink:href="#sSpan1629" value="·"/>
		<feat xlink:href="#sSpan1633" value="ⲙ̄"/>
		<feat xlink:href="#sSpan1639" value="ⲡⲟⲣⲛⲓⲁ"/>
		<feat xlink:href="#sSpan1642" value="·"/>
		<feat xlink:href="#sSpan1646" value="ⲙ"/>
		<feat xlink:href="#sSpan1655" value="ⲙⲛ̄ⲧⲥⲁⲛⲕⲟⲧⲥ̄"/>
		<feat xlink:href="#sSpan1661" value="·"/>
		<feat xlink:href="#sSpan1665" value="ⲙⲛ̄"/>
		<feat xlink:href="#sSpan1669" value="ⲛ"/>
		<feat xlink:href="#sSpan1672" value="ⲉⲧ"/>
		<feat xlink:href="#sSpan1674" value="ⲉⲓⲛⲉ"/>
		<feat xlink:href="#sSpan1677" value="ⲛ̄"/>
		<feat xlink:href="#sSpan1682" value="ⲛⲁⲓ̈"/>
		<feat xlink:href="#sSpan1685" value="ⲛ̄"/>
		<feat xlink:href="#sSpan1689" value="ϯ"/>
		<feat xlink:href="#sSpan1691" value="ⲙⲓ̈ⲛⲉ"/>
		<feat xlink:href="#sSpan1693" value="·"/>
		<feat xlink:href="#sSpan1697" value="ⲛⲁⲓ̈"/>
		<feat xlink:href="#sSpan1706" value="ⲛⲉ"/>
		<feat xlink:href="#sSpan1710" value="ⲛ̄"/>
		<feat xlink:href="#sSpan1715" value="ϭⲟⲣϭⲥ"/>
		<feat xlink:href="#sSpan1717" value="ⲛⲧ"/>
		<feat xlink:href="#sSpan1721" value="ⲁ"/>
		<feat xlink:href="#sSpan1723" value="ⲡ"/>
		<feat xlink:href="#sSpan1727" value="ⲇⲓⲁⲃⲟⲗⲟⲥ"/>
		<feat xlink:href="#sSpan1730" value="ϭⲱⲣϭ"/>
		<feat xlink:href="#sSpan1734" value="ⲛ"/>
		<feat xlink:href="#sSpan1739" value="ⲛ̄"/>
		<feat xlink:href="#sSpan1742" value="ⲣⲱⲙⲉ"/>
		<feat xlink:href="#sSpan1744" value="ⲛ̄ϩⲏⲧ"/>
		<feat xlink:href="#sSpan1748" value="ⲟⲩ"/>
		<feat xlink:href="#sSpan1750" value="ϣⲁⲛⲧⲉ"/>
		<feat xlink:href="#sSpan1755" value="ϥ"/>
		<feat xlink:href="#sSpan1757" value="ⲥⲟⲣⲙ"/>
		<feat xlink:href="#sSpan1759" value="ⲟⲩ"/>
		<feat xlink:href="#sSpan1761" value="ⲛ"/>
		<feat xlink:href="#sSpan1766" value="ϥ̄"/>
		<feat xlink:href="#sSpan1768" value="ϫⲟⲟⲣ"/>
		<feat xlink:href="#sSpan1770" value="ⲟⲩ"/>
		<feat xlink:href="#sSpan1772" value="ⲉ̄ⲃⲟⲗ"/>
		<feat xlink:href="#sSpan1776" value="·"/>
		<feat xlink:href="#sSpan1780" value="ⲁⲩⲉⲓ"/>
		<feat xlink:href="#sSpan1788" value="ⲥ"/>
		<feat xlink:href="#sSpan1790" value="ϩⲱⲱ"/>
		<feat xlink:href="#sSpan1794" value="ϥ"/>
		<feat xlink:href="#sSpan1796" value="ⲧⲉⲛⲟⲩ"/>
		<feat xlink:href="#sSpan1801" value="ⲛ̄"/>
		<feat xlink:href="#sSpan1805" value="ⲧⲛ̄"/>
		<feat xlink:href="#sSpan1807" value="ⲛⲁⲩ"/>
		<feat xlink:href="#sSpan1809" value="ϫⲉ"/>
		<feat xlink:href="#sSpan1813" value="ⲉⲣⲉ"/>
		<feat xlink:href="#sSpan1816" value="ⲡⲉ"/>
		<feat xlink:href="#sSpan1820" value="ⲭ︦ⲥ︦"/>
		<feat xlink:href="#sSpan1822" value="ⲡⲉⲛ"/>
		<feat xlink:href="#sSpan1826" value="ⲣ̄ⲣⲟ"/>
		<feat xlink:href="#sSpan1829" value="ⲡⲟⲗⲩⲙⲉⲓ"/>
		<feat xlink:href="#sSpan1834" value="ⲛⲙⲙⲁ"/>
		<feat xlink:href="#sSpan1838" value="ϥ"/>
		<feat xlink:href="#sSpan1840" value="ⲛ"/>
		<feat xlink:href="#sSpan1845" value="ⲁϣ"/>
		<feat xlink:href="#sSpan1847" value="ⲛ̄"/>
		<feat xlink:href="#sSpan1851" value="ϩⲉ"/>
		<feat xlink:href="#sSpan1853" value="·"/>
		<feat xlink:href="#sSpan1857" value="ϣⲁⲛⲧⲉ"/>
		<feat xlink:href="#sSpan1865" value="ϥ"/>
		<feat xlink:href="#sSpan1867" value="ϥⲓ"/>
		<feat xlink:href="#sSpan1869" value="ⲛ̄ⲧⲟⲟⲧ"/>
		<feat xlink:href="#sSpan1873" value="ϥ"/>
		<feat xlink:href="#sSpan1875" value="ⲛ̄"/>
		<feat xlink:href="#sSpan1879" value="ⲛⲉⲛ"/>
		<feat xlink:href="#sSpan1884" value="ⲯⲩⲭⲏ̄"/>
		<feat xlink:href="#sSpan1886" value="ⲛ︤"/>
		<feat xlink:href="#sSpan1890" value="ϥ︥"/>
		<feat xlink:href="#sSpan1892" value="ⲁⲁⲁ"/>
		<feat xlink:href="#sSpan1895" value="ⲩ"/>
		<feat xlink:href="#sSpan1897" value="ⲛ̄"/>
		<feat xlink:href="#sSpan1902" value="ⲣⲙϩⲉ"/>
		<feat xlink:href="#sSpan1906" value="·"/>
		<feat xlink:href="#sSpan1910" value="ⲛ̄ⲧⲉⲣⲉ"/>
		<feat xlink:href="#sSpan1919" value="ϥ"/>
		<feat xlink:href="#sSpan1922" value="ⲣ̄ϩ̄ⲛⲁ"/>
		<feat xlink:href="#sSpan1925" value="ϥ"/>
		<feat xlink:href="#sSpan1927" value="ⲛ̄ϭⲓ"/>
		<feat xlink:href="#sSpan1931" value="ⲡ"/>
		<feat xlink:href="#sSpan1934" value="ⲛⲟⲩⲧⲉ"/>
		<feat xlink:href="#sSpan1937" value="ⲡ"/>
		<feat xlink:href="#sSpan1942" value="ⲡⲁⲛⲧⲱⲕⲣⲁⲧⲱⲣ"/>
		<feat xlink:href="#sSpan1945" value="ⲡⲁⲓ̈"/>
		<feat xlink:href="#sSpan1950" value="ϩⲓⲧⲛ̄"/>
		<feat xlink:href="#sSpan1955" value="ⲧⲉϥ"/>
		<feat xlink:href="#sSpan1958" value="ⲛⲟϭ"/>
		<feat xlink:href="#sSpan1960" value="ⲛ"/>
		<feat xlink:href="#sSpan1965" value="ⲁⲅⲁⲡⲏ"/>
		<feat xlink:href="#sSpan1968" value="ⲛ̄ⲧ"/>
		<feat xlink:href="#sSpan1972" value="ⲁ"/>
		<feat xlink:href="#sSpan1974" value="ϥ"/>
		<feat xlink:href="#sSpan1976" value="ⲙⲉⲣⲓⲧ"/>
		<feat xlink:href="#sSpan1979" value="ⲛ̄"/>
		<feat xlink:href="#sSpan1981" value="ⲛ̄ϩⲏⲧ"/>
		<feat xlink:href="#sSpan1985" value="ⲥ"/>
		<feat xlink:href="#sSpan1987" value="·"/>
		<feat xlink:href="#sSpan1991" value="ⲁ"/>
		<feat xlink:href="#sSpan1998" value="ϥ"/>
		<feat xlink:href="#sSpan2000" value="ⲧⲛ̄ⲛⲟⲟⲩ"/>
		<feat xlink:href="#sSpan2003" value="ⲙ̄"/>
		<feat xlink:href="#sSpan2007" value="ⲡⲉϥ"/>
		<feat xlink:href="#sSpan2010" value="ⲙⲉⲣⲓⲧ"/>
		<feat xlink:href="#sSpan2013" value="ⲛ̄"/>
		<feat xlink:href="#sSpan2017" value="ϣⲏⲣⲉ"/>
		<feat xlink:href="#sSpan2019" value="ⲉ"/>
		<feat xlink:href="#sSpan2023" value="ⲡ"/>
		<feat xlink:href="#sSpan2027" value="ⲕⲟⲥⲙⲟⲥ"/>
		<feat xlink:href="#sSpan2030" value="·"/>
		<feat xlink:href="#sSpan2034" value="ⲁ"/>
		<feat xlink:href="#sSpan2038" value="ϥ"/>
		<feat xlink:href="#sSpan2040" value="ⲃⲱⲕ"/>
		<feat xlink:href="#sSpan2043" value="ϣⲁ"/>
		<feat xlink:href="#sSpan2048" value="ⲡ"/>
		<feat xlink:href="#sSpan2052" value="ⲗⲁⲟⲥ"/>
		<feat xlink:href="#sSpan2054" value="ⲉⲧ"/>
		<feat xlink:href="#sSpan2058" value="ⲥⲟⲟ"/>
		<feat xlink:href="#sSpan2061" value="ϥ"/>
		<feat xlink:href="#sSpan2063" value="·"/>
		<feat xlink:href="#sSpan2067" value="ⲁ"/>
		<feat xlink:href="#sSpan2074" value="ϥ"/>
		<feat xlink:href="#sSpan2077" value="ⲧⲁϣⲉⲟⲉⲓϣ"/>
		<feat xlink:href="#sSpan2080" value="ⲛⲁ"/>
		<feat xlink:href="#sSpan2085" value="ⲩ"/>
		<feat xlink:href="#sSpan2087" value="ϫⲉ"/>
		<feat xlink:href="#sSpan2092" value="ⲙⲉⲧⲁⲛⲟⲓ̈"/>
		<feat xlink:href="#sSpan2094" value="ⲁ"/>
		<feat xlink:href="#sSpan2099" value="ⲥ"/>
		<feat xlink:href="#sSpan2101" value="ϩⲱⲛ"/>
		<feat xlink:href="#sSpan2104" value="ⲅⲁⲣ"/>
		<feat xlink:href="#sSpan2108" value="ⲉ̄ϩⲟⲩⲛ"/>
		<feat xlink:href="#sSpan2112" value="ⲛ̄ϭⲓ"/>
		<feat xlink:href="#sSpan2117" value="ⲧ"/>
		<feat xlink:href="#sSpan2121" value="ⲙ︤ⲛ︥ⲧⲉⲣⲟ"/>
		<feat xlink:href="#sSpan2124" value="ⲛ̄ⲛⲉ"/>
		<feat xlink:href="#sSpan2129" value="ⲙ"/>
		<feat xlink:href="#sSpan2132" value="ⲡⲏⲩⲉ"/>
		<feat xlink:href="#sSpan2134" value="·"/>
		<feat xlink:href="#sSpan2138" value="ⲛⲧⲟⲟⲩ"/>
		<feat xlink:href="#sSpan2147" value="ⲇⲉ"/>
		<feat xlink:href="#sSpan2151" value="ⲙ̄ⲡ"/>
		<feat xlink:href="#sSpan2155" value="ⲟⲩ"/>
		<feat xlink:href="#sSpan2158" value="ϯϩⲧⲏ"/>
		<feat xlink:href="#sSpan2162" value="ⲩ"/>
		<feat xlink:href="#sSpan2164" value="ⲉ̄"/>
		<feat xlink:href="#sSpan2168" value="ⲛⲉϥ"/>
		<feat xlink:href="#sSpan2172" value="ⲥⲩⲛⲃⲓⲁ"/>
		<feat xlink:href="#sSpan2175" value="ⲉⲧ"/>
		<feat xlink:href="#sSpan2179" value="ⲟⲩⲁⲁⲃ"/>
		<feat xlink:href="#sSpan2181" value="·"/>
		<feat xlink:href="#sSpan2185" value="ⲙⲛⲛ̄ⲥⲁ"/>
		<feat xlink:href="#sSpan2196" value="ⲛⲁⲓ̈"/>
		<feat xlink:href="#sSpan2201" value="ⲁ"/>
		<feat xlink:href="#sSpan2205" value="ϥ"/>
		<feat xlink:href="#sSpan2207" value="ⲣ̄"/>
		<feat xlink:href="#sSpan2209" value="ⲛⲉⲓ"/>
		<feat xlink:href="#sSpan2213" value="ϭⲟⲙ"/>
		<feat xlink:href="#sSpan2215" value="ⲧⲏⲣ"/>
		<feat xlink:href="#sSpan2219" value="ⲟⲩ"/>
		<feat xlink:href="#sSpan2221" value="ϩⲛ"/>
		<feat xlink:href="#sSpan2225" value="ⲧⲉⲩ"/>
		<feat xlink:href="#sSpan2229" value="ⲙⲏⲧⲉ"/>
		<feat xlink:href="#sSpan2231" value="·"/>
		<feat xlink:href="#sSpan2235" value="ⲉ"/>
		<feat xlink:href="#sSpan2239" value="ϩⲉⲛ"/>
		<feat xlink:href="#sSpan2243" value="ⲁ̄ϫⲓⲏ̄ⲡⲉ"/>
		<feat xlink:href="#sSpan2247" value="ⲙⲙⲟ"/>
		<feat xlink:href="#sSpan2251" value="ⲟⲩ"/>
		<feat xlink:href="#sSpan2253" value="ⲛⲉⲛ̄"/>
		<feat xlink:href="#sSpan2259" value="ⲃⲗⲗⲉ"/>
		<feat xlink:href="#sSpan2261" value="ⲁ"/>
		<feat xlink:href="#sSpan2265" value="ϥ"/>
		<feat xlink:href="#sSpan2267" value="ⲧⲣⲉ"/>
		<feat xlink:href="#sSpan2269" value="ⲩ"/>
		<feat xlink:href="#sSpan2271" value="ⲛⲁⲩ"/>
		<feat xlink:href="#sSpan2275" value="ⲉⲃⲟⲗ"/>
		<feat xlink:href="#sSpan2279" value="·"/>
		<feat xlink:href="#sSpan2283" value="ⲛ"/>
		<feat xlink:href="#sSpan2291" value="ⲁⲗ"/>
		<feat xlink:href="#sSpan2293" value="ⲁ"/>
		<feat xlink:href="#sSpan2297" value="ϥ"/>
		<feat xlink:href="#sSpan2299" value="ⲧⲣⲉ"/>
		<feat xlink:href="#sSpan2302" value="ⲩ"/>
		<feat xlink:href="#sSpan2304" value="ⲥⲱⲧⲙ"/>
		<feat xlink:href="#sSpan2306" value="·"/>
		<feat xlink:href="#sSpan2310" value="ⲛ̄"/>
		<feat xlink:href="#sSpan2315" value="ϭⲁⲗⲉ"/>
		<feat xlink:href="#sSpan2318" value="ⲁ"/>
		<feat xlink:href="#sSpan2322" value="ϥ"/>
		<feat xlink:href="#sSpan2324" value="ⲧⲣⲉ"/>
		<feat xlink:href="#sSpan2326" value="ⲩ"/>
		<feat xlink:href="#sSpan2328" value="ⲙⲟⲟϣⲉ"/>
		<feat xlink:href="#sSpan2330" value="·"/>
		<feat xlink:href="#sSpan2334" value="ⲛ"/>
		<feat xlink:href="#sSpan2340" value="ⲉⲧ"/>
		<feat xlink:href="#sSpan2342" value="ⲥⲁⲃ︤ϩ︥"/>
		<feat xlink:href="#sSpan2344" value="ⲁ"/>
		<feat xlink:href="#sSpan2348" value="ϥ"/>
		<feat xlink:href="#sSpan2350" value="ⲧⲃⲃⲟ"/>
		<feat xlink:href="#sSpan2352" value="ⲟⲩ"/>
		<feat xlink:href="#sSpan2354" value="·"/>
		<feat xlink:href="#sSpan2358" value="ⲛ"/>
		<feat xlink:href="#sSpan2367" value="ⲉⲧ"/>
		<feat xlink:href="#sSpan2369" value="ⲙⲟⲟⲩⲧ"/>
		<feat xlink:href="#sSpan2371" value="ⲁ"/>
		<feat xlink:href="#sSpan2375" value="ϥ"/>
		<feat xlink:href="#sSpan2377" value="ⲧⲟⲩⲛⲟⲩⲥ"/>
		<feat xlink:href="#sSpan2380" value="ⲟⲩ"/>
		<feat xlink:href="#sSpan2382" value="·"/>
		<feat xlink:href="#sSpan2386" value="ⲛ"/>
		<feat xlink:href="#sSpan2392" value="ⲇⲁⲓⲙⲟⲛⲓⲟⲛ"/>
		<feat xlink:href="#sSpan2395" value="ⲁ"/>
		<feat xlink:href="#sSpan2399" value="ϥ"/>
		<feat xlink:href="#sSpan2401" value="ⲛⲁϫ"/>
		<feat xlink:href="#sSpan2404" value="ⲟⲩ"/>
		<feat xlink:href="#sSpan2406" value="ⲉ̄ⲃⲟⲗ"/>
		<feat xlink:href="#sSpan2410" value="·"/>
		<feat xlink:href="#sSpan2414" value="ⲛⲉ"/>
		<feat xlink:href="#sSpan2422" value="ϭⲓϫ"/>
		<feat xlink:href="#sSpan2425" value="ⲉⲧ"/>
		<feat xlink:href="#sSpan2429" value="ϣⲟⲩⲱⲟⲩ"/>
		<feat xlink:href="#sSpan2431" value="ⲁ"/>
		<feat xlink:href="#sSpan2436" value="ϥ"/>
		<feat xlink:href="#sSpan2438" value="ⲥⲟⲩⲧⲱⲛ"/>
		<feat xlink:href="#sSpan2440" value="ⲟⲩ"/>
		<feat xlink:href="#sSpan2442" value="ⲉ̄ⲃⲟⲗ"/>
		<feat xlink:href="#sSpan2447" value="·"/>
		<feat xlink:href="#sSpan2451" value="ⲛ̄"/>
		<feat xlink:href="#sSpan2456" value="ϩⲏⲕⲉ"/>
		<feat xlink:href="#sSpan2458" value="ⲁ"/>
		<feat xlink:href="#sSpan2462" value="ϥ"/>
		<feat xlink:href="#sSpan2464" value="ⲧⲥⲓⲟ"/>
		<feat xlink:href="#sSpan2467" value="ⲟⲩ"/>
		<feat xlink:href="#sSpan2469" value="ⲛ"/>
		<feat xlink:href="#sSpan2473" value="ⲟⲉⲓⲕ"/>
		<feat xlink:href="#sSpan2476" value="·"/>
		<feat xlink:href="#sSpan2480" value="ⲙ"/>
		<feat xlink:href="#sSpan2487" value="ⲡⲟⲣⲛⲟⲥ"/>
		<feat xlink:href="#sSpan2489" value="ⲁ"/>
		<feat xlink:href="#sSpan2493" value="ϥ"/>
		<feat xlink:href="#sSpan2495" value="ⲧⲃⲃⲟ"/>
		<feat xlink:href="#sSpan2498" value="ⲟⲩ"/>
		<feat xlink:href="#sSpan2500" value="·"/>
		<feat xlink:href="#sSpan2504" value="ⲁ"/>
		<feat xlink:href="#sSpan2511" value="ϥ"/>
		<feat xlink:href="#sSpan2513" value="ⲕⲁ"/>
		<feat xlink:href="#sSpan2515" value="ⲛⲉⲩ"/>
		<feat xlink:href="#sSpan2520" value="ⲛⲟⲃⲉ"/>
		<feat xlink:href="#sSpan2523" value="ⲛⲁ"/>
		<feat xlink:href="#sSpan2527" value="ⲩ"/>
		<feat xlink:href="#sSpan2529" value="ⲉ̄ⲃⲟⲗ"/>
		<feat xlink:href="#sSpan2534" value="ϩⲛ̄"/>
		<feat xlink:href="#sSpan2539" value="ⲧⲉϥ"/>
		<feat xlink:href="#sSpan2543" value="ⲙⲛ̄ⲧⲛⲟⲩⲧⲉ"/>
		<feat xlink:href="#sSpan2546" value="ⲁ"/>
		<feat xlink:href="#sSpan2551" value="ϥ"/>
		<feat xlink:href="#sSpan2553" value="ⲁⲁ"/>
		<feat xlink:href="#sSpan2555" value="ⲩ"/>
		<feat xlink:href="#sSpan2557" value="ⲛ̄"/>
		<feat xlink:href="#sSpan2561" value="ⲑ"/>
		<feat xlink:href="#sSpan2563" value="ⲉ"/>
		<feat xlink:href="#sSpan2565" value="ⲛ̄"/>
		<feat xlink:href="#sSpan2569" value="ⲛⲓ"/>
		<feat xlink:href="#sSpan2573" value="ⲡⲁⲣⲑⲉⲛⲟⲥ"/>
		<feat xlink:href="#sSpan2576" value="·"/>
		<feat xlink:href="#sSpan2580" value="ⲁ"/>
		<feat xlink:href="#sSpan2587" value="ⲧⲉ"/>
		<feat xlink:href="#sSpan2590" value="ⲥϩⲓⲙⲉ"/>
		<feat xlink:href="#sSpan2594" value="ⲅⲁⲣ"/>
		<feat xlink:href="#sSpan2598" value="ⲉ̄ⲧ"/>
		<feat xlink:href="#sSpan2602" value="ⲙⲙⲁⲩ"/>
		<feat xlink:href="#sSpan2604" value="ⲙⲡϣⲁ"/>
		<feat xlink:href="#sSpan2609" value="ⲛ"/>
		<feat xlink:href="#sSpan2613" value="ⲟⲩ"/>
		<feat xlink:href="#sSpan2616" value="ⲛⲟϭ"/>
		<feat xlink:href="#sSpan2618" value="ⲛ̄"/>
		<feat xlink:href="#sSpan2623" value="ⲧⲁⲓⲟ̄"/>
		<feat xlink:href="#sSpan2625" value="·"/>
		<feat xlink:href="#sSpan2629" value="ⲛ̄ⲧ"/>
		<feat xlink:href="#sSpan2633" value="ⲁ"/>
		<feat xlink:href="#sSpan2635" value="ⲛⲉⲥ"/>
		<feat xlink:href="#sSpan2638" value="ϭⲓϫ"/>
		<feat xlink:href="#sSpan2641" value="ⲧⲱϩ"/>
		<feat xlink:href="#sSpan2645" value="ⲥ"/>
		<feat xlink:href="#sSpan2647" value="ⲛ̄"/>
		<feat xlink:href="#sSpan2651" value="ⲛⲉ"/>
		<feat xlink:href="#sSpan2654" value="ⲟⲩⲉⲣⲏⲧⲉ"/>
		<feat xlink:href="#sSpan2657" value="ⲙ̄"/>
		<feat xlink:href="#sSpan2661" value="ⲡ"/>
		<feat xlink:href="#sSpan2664" value="ⲉⲛⲧ"/>
		<feat xlink:href="#sSpan2667" value="ⲁ"/>
		<feat xlink:href="#sSpan2669" value="ϥ"/>
		<feat xlink:href="#sSpan2672" value="ⲡⲗⲁⲥⲥⲉ"/>
		<feat xlink:href="#sSpan2674" value="ⲙⲙⲟ"/>
		<feat xlink:href="#sSpan2679" value="ⲥ"/>
		<feat xlink:href="#sSpan2681" value="·"/>
		<feat xlink:href="#sSpan2685" value="ϩⲛ̄"/>
		<feat xlink:href="#sSpan2692" value="ⲧⲉ"/>
		<feat xlink:href="#sSpan2694" value="ⲩⲛⲟⲩ"/>
		<feat xlink:href="#sSpan2696" value="ⲉⲧ"/>
		<feat xlink:href="#sSpan2701" value="ⲙⲙⲁⲩ"/>
		<feat xlink:href="#sSpan2703" value="ⲁ"/>
		<feat xlink:href="#sSpan2707" value="ⲥ"/>
		<feat xlink:href="#sSpan2710" value="ⲙⲉⲧⲉⲭⲉ"/>
		<feat xlink:href="#sSpan2713" value="ⲙ"/>
		<feat xlink:href="#sSpan2717" value="ⲡ"/>
		<feat xlink:href="#sSpan2720" value="ⲧⲃⲃⲟ"/>
		<feat xlink:href="#sSpan2722" value="ⲛ"/>
		<feat xlink:href="#sSpan2726" value="ⲧⲉϥ"/>
		<feat xlink:href="#sSpan2730" value="ⲙⲛ̄ⲧⲛⲟⲩⲧⲉ"/>
		<feat xlink:href="#sSpan2734" value="·"/>
		<feat xlink:href="#sSpan2738" value="ⲛ"/>
		<feat xlink:href="#sSpan2746" value="ⲧⲉ"/>
		<feat xlink:href="#sSpan2748" value="ⲩⲛⲟⲩ"/>
		<feat xlink:href="#sSpan2750" value="ⲁ"/>
		<feat xlink:href="#sSpan2754" value="ⲧⲉ"/>
		<feat xlink:href="#sSpan2758" value="ⲫⲱⲛⲏ"/>
		<feat xlink:href="#sSpan2761" value="ⲙ"/>
		<feat xlink:href="#sSpan2765" value="ⲡ"/>
		<feat xlink:href="#sSpan2768" value="ⲛⲟⲩⲧⲉ"/>
		<feat xlink:href="#sSpan2770" value="ⲧⲁϩⲟ"/>
		<feat xlink:href="#sSpan2776" value="ⲥ"/>
		<feat xlink:href="#sSpan2778" value="ϫⲉ"/>
		<feat xlink:href="#sSpan2782" value="ⲧⲟⲩ"/>
		<feat xlink:href="#sSpan2786" value="ⲡⲓⲥⲧⲓⲥ"/>
		<feat xlink:href="#sSpan2788" value="ⲧⲉ"/>
		<feat xlink:href="#sSpan2793" value="ⲛⲧ"/>
		<feat xlink:href="#sSpan2797" value="ⲁ"/>
		<feat xlink:href="#sSpan2799" value="ⲥ"/>
		<feat xlink:href="#sSpan2802" value="ⲛⲁϩⲙⲉⲃⲱⲕ"/>
		<feat xlink:href="#sSpan2806" value="ϩⲛ̄"/>
		<feat xlink:href="#sSpan2810" value="ⲟⲩ"/>
		<feat xlink:href="#sSpan2814" value="ⲉⲓⲣⲏⲛⲏ"/>
		<feat xlink:href="#sSpan2816" value="ⲙⲛ̄ⲛ̄ⲥⲁ"/>
		<feat xlink:href="#sSpan2824" value="ⲛⲁⲓ̈"/>
		<feat xlink:href="#sSpan2827" value="ⲧⲏⲣ"/>
		<feat xlink:href="#sSpan2831" value="ⲟⲩ"/>
		<feat xlink:href="#sSpan2833" value="ⲛ̄ⲧ"/>
		<feat xlink:href="#sSpan2838" value="ⲁ"/>
		<feat xlink:href="#sSpan2840" value="ϥ"/>
		<feat xlink:href="#sSpan2842" value="ⲁⲁ"/>
		<feat xlink:href="#sSpan2844" value="ⲩ"/>
		<feat xlink:href="#sSpan2846" value="ⲙ̄ⲡ"/>
		<feat xlink:href="#sSpan2850" value="ⲟⲩ"/>
		<feat xlink:href="#sSpan2853" value="ⲡⲓⲥⲧⲉⲩⲉ̄"/>
		<feat xlink:href="#sSpan2856" value="ⲉ̄ⲣⲟ"/>
		<feat xlink:href="#sSpan2860" value="ϥ"/>
		<feat xlink:href="#sSpan2862" value="·"/>
		<feat xlink:href="#sSpan2867" value="ⲁⲗⲗⲁ"/>
		<feat xlink:href="#sSpan2875" value="ⲁ"/>
		<feat xlink:href="#sSpan2879" value="ⲩ"/>
		<feat xlink:href="#sSpan2881" value="ϭⲟⲡ"/>
		<feat xlink:href="#sSpan2883" value="ϥ̄"/>
		<feat xlink:href="#sSpan2885" value="ⲁ"/>
		<feat xlink:href="#sSpan2889" value="ⲩ"/>
		<feat xlink:href="#sSpan2892" value="ⲡⲁⲣⲁⲇⲓⲇⲟⲩ"/>
		<feat xlink:href="#sSpan2895" value="ⲙⲙⲟ"/>
		<feat xlink:href="#sSpan2899" value="ϥ"/>
		<feat xlink:href="#sSpan2901" value="ⲁ"/>
		<feat xlink:href="#sSpan2906" value="ⲩ"/>
		<feat xlink:href="#sSpan2909" value="ⲥ̄ⳁⲟ︤ⲩ︥"/>
		<feat xlink:href="#sSpan2911" value="ⲙⲙⲟ"/>
		<feat xlink:href="#sSpan2915" value="ϥ"/>
		<feat xlink:href="#sSpan2917" value="ⲛⲧⲉⲣⲉ"/>
		<feat xlink:href="#sSpan2922" value="ϥ"/>
		<feat xlink:href="#sSpan2924" value="ⲃⲱⲕ"/>
		<feat xlink:href="#sSpan2927" value="ⲉ̄ϩⲟⲩ⳯"/>
		<feat xlink:href="#sSpan2931" value="ⲉ̄"/>
		<feat xlink:href="#sSpan2936" value="ⲧ"/>
		<feat xlink:href="#sSpan2940" value="ⲁⲩⲗⲏ"/>
		<feat xlink:href="#sSpan2942" value="ⲙ̄"/>
		<feat xlink:href="#sSpan2946" value="ⲡ"/>
		<feat xlink:href="#sSpan2950" value="ⲁⲣⲭⲓⲉⲣⲉⲩⲥ"/>
		<feat xlink:href="#sSpan2953" value="·"/>
		<feat xlink:href="#sSpan2957" value="ⲁ"/>
		<feat xlink:href="#sSpan2964" value="ⲩ"/>
		<feat xlink:href="#sSpan2966" value="ϯ"/>
		<feat xlink:href="#sSpan2968" value="ⲛⲁ"/>
		<feat xlink:href="#sSpan2972" value="ϥ"/>
		<feat xlink:href="#sSpan2974" value="ⲛ̄"/>
		<feat xlink:href="#sSpan2979" value="ϩⲉⲛ"/>
		<feat xlink:href="#sSpan2982" value="ⲥⲱϣ"/>
		<feat xlink:href="#sSpan2984" value="ⲉ"/>
		<feat xlink:href="#sSpan2988" value="ⲡ"/>
		<feat xlink:href="#sSpan2991" value="ⲙⲁ"/>
		<feat xlink:href="#sSpan2993" value="ⲛ̄"/>
		<feat xlink:href="#sSpan2998" value="ϩⲉⲛ"/>
		<feat xlink:href="#sSpan3001" value="ⲧⲁⲓ̈ⲟ"/>
		<feat xlink:href="#sSpan3003" value="·"/>
		<feat xlink:href="#sSpan3008" value="ⲧⲟⲧⲉ"/>
		<feat xlink:href="#sSpan3015" value="ⲁ"/>
		<feat xlink:href="#sSpan3020" value="ⲡ"/>
		<feat xlink:href="#sSpan3023" value="ϣⲁϫⲉ"/>
		<feat xlink:href="#sSpan3025" value="ⲉⲧ"/>
		<feat xlink:href="#sSpan3029" value="ⲥⲏϩ"/>
		<feat xlink:href="#sSpan3031" value="ϫⲱⲕ"/>
		<feat xlink:href="#sSpan3036" value="ⲉ̄ⲃⲟⲗ"/>
		<feat xlink:href="#sSpan3041" value="ϫⲉ"/>
		<feat xlink:href="#sSpan3045" value="ⲁ"/>
		<feat xlink:href="#sSpan3047" value="ⲩ"/>
		<feat xlink:href="#sSpan3049" value="ⲉⲓⲣⲉ"/>
		<feat xlink:href="#sSpan3052" value="ⲛⲁⲓ̈"/>
		<feat xlink:href="#sSpan3057" value="ⲛ̄"/>
		<feat xlink:href="#sSpan3061" value="ϩⲉ"/>
		<feat xlink:href="#sSpan3063" value="ⲙ"/>
		<feat xlink:href="#sSpan3067" value="ⲡ"/>
		<feat xlink:href="#sSpan3071" value="ⲉⲑ"/>
		<feat xlink:href="#sSpan3073" value="ⲟⲟⲩ"/>
		<feat xlink:href="#sSpan3075" value="ⲉ"/>
		<feat xlink:href="#sSpan3079" value="ⲡ"/>
		<feat xlink:href="#sSpan3082" value="ⲙⲁ"/>
		<feat xlink:href="#sSpan3084" value="ⲛ̄"/>
		<feat xlink:href="#sSpan3088" value="ϩⲉ"/>
		<feat xlink:href="#sSpan3091" value="ⲙ"/>
		<feat xlink:href="#sSpan3095" value="ⲡ"/>
		<feat xlink:href="#sSpan3098" value="ⲉⲧ"/>
		<feat xlink:href="#sSpan3100" value="ⲛⲁⲛⲟⲩ"/>
		<feat xlink:href="#sSpan3102" value="ϥ"/>
		<feat xlink:href="#sSpan3104" value="·"/>
		<feat xlink:href="#sSpan3108" value="ⲁⲩⲱ"/>
		<feat xlink:href="#sSpan3116" value="ⲟⲩ"/>
		<feat xlink:href="#sSpan3121" value="ⲙⲟⲥⲧⲉ"/>
		<feat xlink:href="#sSpan3123" value="ⲉ"/>
		<feat xlink:href="#sSpan3127" value="ⲡ"/>
		<feat xlink:href="#sSpan3130" value="ⲙⲁ"/>
		<feat xlink:href="#sSpan3133" value="ⲙ̄"/>
		<feat xlink:href="#sSpan3137" value="ⲡⲁ"/>
		<feat xlink:href="#sSpan3139" value="ⲙⲉ"/>
		<feat xlink:href="#sSpan3141" value="·"/>
		<feat xlink:href="#sSpan3145" value="ⲁϣ"/>
		<feat xlink:href="#sSpan3153" value="ϭⲉ"/>
		<feat xlink:href="#sSpan3157" value="ⲛⲉ"/>
		<feat xlink:href="#sSpan3161" value="ⲛⲉ"/>
		<feat xlink:href="#sSpan3167" value="ⲡⲉⲑⲟⲟⲩ"/>
		<feat xlink:href="#sSpan3172" value="ⲛ̄ⲧ"/>
		<feat xlink:href="#sSpan3176" value="ⲁ"/>
		<feat xlink:href="#sSpan3178" value="ⲩ"/>
		<feat xlink:href="#sSpan3180" value="ⲁⲁ"/>
		<feat xlink:href="#sSpan3182" value="ⲩ"/>
		<feat xlink:href="#sSpan3184" value="ⲙ̄"/>
		<feat xlink:href="#sSpan3188" value="ⲡⲉⲩ"/>
		<feat xlink:href="#sSpan3192" value="ϫⲟⲉⲓⲥ"/>
		<feat xlink:href="#sSpan3194" value="·"/>
		<feat xlink:href="#sSpan3198" value="ⲛ̄ⲧⲉⲣⲉ"/>
		<feat xlink:href="#sSpan3205" value="ⲛⲓ"/>
		<feat xlink:href="#sSpan3210" value="ⲫⲱⲛⲉⲩⲥ"/>
		<feat xlink:href="#sSpan3212" value="ϭⲟⲡ"/>
		<feat xlink:href="#sSpan3216" value="ϥ"/>
		<feat xlink:href="#sSpan3218" value="ⲁⲩⲉⲓ"/>
		<feat xlink:href="#sSpan3223" value="ⲥ"/>
		<feat xlink:href="#sSpan3225" value="ⲛ̄ⲧⲉ"/>
		<feat xlink:href="#sSpan3229" value="ⲛ"/>
		<feat xlink:href="#sSpan3231" value="ⲉⲓⲙⲉ"/>
		<feat xlink:href="#sSpan3233" value="ⲉⲣⲟ"/>
		<feat xlink:href="#sSpan3238" value="ⲟⲩ"/>
		<feat xlink:href="#sSpan3240" value="·"/>
		<feat xlink:href="#sSpan3244" value="ϩⲉⲛ"/>
		<feat xlink:href="#sSpan3252" value="ϩⲟⲧⲉ"/>
		<feat xlink:href="#sSpan3255" value="ⲅⲁⲣ"/>
		<feat xlink:href="#sSpan3260" value="ⲛⲉ"/>
		<feat xlink:href="#sSpan3264" value="ⲉ̄"/>
		<feat xlink:href="#sSpan3268" value="ϫⲟ"/>
		<feat xlink:href="#sSpan3270" value="ⲟⲩ"/>
		<feat xlink:href="#sSpan3272" value="·"/>
		<feat xlink:href="#sSpan3276" value="ⲡⲁ"/>
		<feat xlink:href="#sSpan3281" value="ⲗⲁⲥ"/>
		<feat xlink:href="#sSpan3284" value="ⲙⲁⲕϩ"/>
		<feat xlink:href="#sSpan3288" value="·"/>
		<feat xlink:href="#sSpan3292" value="ⲛⲁ"/>
		<feat xlink:href="#sSpan3297" value="ⲃⲁⲗ"/>
		<feat xlink:href="#sSpan3300" value="ϯⲣⲙⲉⲓⲏ"/>
		<feat xlink:href="#sSpan3306" value="·"/>
		<feat xlink:href="#sSpan3310" value="ⲡⲁ"/>
		<feat xlink:href="#sSpan3319" value="ⲡ︤ⲛ︦ⲁ︥"/>
		<feat xlink:href="#sSpan3322" value="ⲁϣⲁϩⲟⲙ"/>
		<feat xlink:href="#sSpan3328" value="·"/>
		<feat xlink:href="#sSpan3332" value="ⲧⲁ"/>
		<feat xlink:href="#sSpan3338" value="ⲯⲩⲭⲏ"/>
		<feat xlink:href="#sSpan3341" value="ϣⲧⲣ̄ⲧⲱⲣ"/>
		<feat xlink:href="#sSpan3345" value="ⲉ"/>
		<feat xlink:href="#sSpan3349" value="ⲧⲣ"/>
		<feat xlink:href="#sSpan3352" value="ⲁ"/>
		<feat xlink:href="#sSpan3354" value="ϫⲟ"/>
		<feat xlink:href="#sSpan3356" value="ⲟⲩ"/>
		<feat xlink:href="#sSpan3358" value="·"/>
		<feat xlink:href="#sSpan3362" value="ⲡ"/>
		<feat xlink:href="#sSpan3370" value="ⲛⲟⲩⲧⲉ"/>
		<feat xlink:href="#sSpan3372" value="ⲡⲉ"/>
		<feat xlink:href="#sSpan3377" value="ⲉⲛⲧ"/>
		<feat xlink:href="#sSpan3379" value="ⲁ"/>
		<feat xlink:href="#sSpan3381" value="ⲩ"/>
		<feat xlink:href="#sSpan3383" value="ϭⲟⲡ"/>
		<feat xlink:href="#sSpan3385" value="ϥ̄"/>
		<feat xlink:href="#sSpan3387" value="·"/>
		<feat xlink:href="#sSpan3391" value="ⲡ"/>
		<feat xlink:href="#sSpan3397" value="ϫⲟⲉⲓⲥ"/>
		<feat xlink:href="#sSpan3399" value="ⲡⲉ"/>
		<feat xlink:href="#sSpan3403" value="ⲉⲛⲧ"/>
		<feat xlink:href="#sSpan3405" value="ⲁ"/>
		<feat xlink:href="#sSpan3407" value="ⲩ"/>
		<feat xlink:href="#sSpan3409" value="ⲙⲟⲣ"/>
		<feat xlink:href="#sSpan3415" value="ϥ̄"/>
		<feat xlink:href="#sSpan3417" value="·"/>
		<feat xlink:href="#sSpan3421" value="ⲡ"/>
		<feat xlink:href="#sSpan3426" value="ⲣ̄ⲣⲟ"/>
		<feat xlink:href="#sSpan3428" value="ⲡⲉ"/>
		<feat xlink:href="#sSpan3432" value="ⲉⲛⲧ"/>
		<feat xlink:href="#sSpan3435" value="ⲁ"/>
		<feat xlink:href="#sSpan3437" value="ⲩ"/>
		<feat xlink:href="#sSpan3440" value="ⲥ̄ⳁⲟ︤ⲩ︥"/>
		<feat xlink:href="#sSpan3442" value="ⲙⲙⲟ"/>
		<feat xlink:href="#sSpan3446" value="ϥ"/>
		<feat xlink:href="#sSpan3449" value="ⲓ︦ⲥ︦"/>
		<feat xlink:href="#sSpan3455" value="ⲡⲉ"/>
		<feat xlink:href="#sSpan3460" value="ⲭ︦ⲥ︦"/>
		<feat xlink:href="#sSpan3462" value="ⲡⲉ"/>
		<feat xlink:href="#sSpan3466" value="ⲉⲛⲧ"/>
		<feat xlink:href="#sSpan3468" value="ⲁ"/>
		<feat xlink:href="#sSpan3470" value="ⲩ"/>
		<feat xlink:href="#sSpan3472" value="ⲥⲟⲛϩ̄"/>
		<feat xlink:href="#sSpan3475" value="ϥ"/>
		<feat xlink:href="#sSpan3477" value="·"/>
		<feat xlink:href="#sSpan3481" value="ⲁ"/>
		<feat xlink:href="#sSpan3485" value="ⲩ"/>
		<feat xlink:href="#sSpan3488" value="ϯⲉⲓⲃⲧ"/>
		<feat xlink:href="#sSpan3491" value="ⲛⲁ"/>
		<feat xlink:href="#sSpan3496" value="ϥ"/>
		<feat xlink:href="#sSpan3498" value="ⲉ"/>
		<feat xlink:href="#sSpan3502" value="ⲛⲉϥ"/>
		<feat xlink:href="#sSpan3505" value="ϭⲓϫ"/>
		<feat xlink:href="#sSpan3507" value="ⲉ̄ⲧ"/>
		<feat xlink:href="#sSpan3511" value="ⲟⲩⲁⲁⲃ"/>
		<feat xlink:href="#sSpan3514" value="·"/>
		<feat xlink:href="#sSpan3518" value="ⲁ"/>
		<feat xlink:href="#sSpan3522" value="ⲩ"/>
		<feat xlink:href="#sSpan3525" value="ϯⲁⲁⲥ"/>
		<feat xlink:href="#sSpan3528" value="ⲉ̄ϩⲟⲩ⳯"/>
		<feat xlink:href="#sSpan3532" value="ϩⲙ̄"/>
		<feat xlink:href="#sSpan3537" value="ⲡⲉϥ"/>
		<feat xlink:href="#sSpan3540" value="ϩⲟ"/>
		<feat xlink:href="#sSpan3542" value="·"/>
		<feat xlink:href="#sSpan3546" value="ⲛ̄ⲧⲟϥ"/>
		<feat xlink:href="#sSpan3553" value="ⲡⲉ"/>
		<feat xlink:href="#sSpan3558" value="ⲉⲛⲧ"/>
		<feat xlink:href="#sSpan3560" value="ⲁ"/>
		<feat xlink:href="#sSpan3562" value="ϥ"/>
		<feat xlink:href="#sSpan3564" value="ⲧⲁⲙⲓ̈ⲟ"/>
		<feat xlink:href="#sSpan3566" value="ⲟⲩ"/>
		<feat xlink:href="#sSpan3568" value="·"/>
		<feat xlink:href="#sSpan3572" value="ⲁ"/>
		<feat xlink:href="#sSpan3577" value="ⲩ"/>
		<feat xlink:href="#sSpan3580" value="ϯⲕ̄ⲗ̄ⲯ"/>
		<feat xlink:href="#sSpan3583" value="ⲉ̄ϫⲛ̄"/>
		<feat xlink:href="#sSpan3587" value="ⲧ"/>
		<feat xlink:href="#sSpan3590" value="ⲁⲡⲉ"/>
		<feat xlink:href="#sSpan3592" value="ⲙ̄"/>
		<feat xlink:href="#sSpan3597" value="ⲡⲉⲩ"/>
		<feat xlink:href="#sSpan3600" value="ϫⲟⲉⲓⲥ"/>
		<feat xlink:href="#sSpan3602" value="·"/>
		<feat xlink:href="#sSpan3606" value="ⲁ"/>
		<feat xlink:href="#sSpan3613" value="ⲩ"/>
		<feat xlink:href="#sSpan3615" value="ϯ"/>
		<feat xlink:href="#sSpan3617" value="ⲛ"/>
		<feat xlink:href="#sSpan3622" value="ⲟⲩ"/>
		<feat xlink:href="#sSpan3625" value="ⲕⲗⲟⲙ"/>
		<feat xlink:href="#sSpan3627" value="ⲛ̄"/>
		<feat xlink:href="#sSpan3631" value="ϣⲟⲛⲧⲉ"/>
		<feat xlink:href="#sSpan3635" value="ⲉ̄ϫⲱ"/>
		<feat xlink:href="#sSpan3639" value="ϥ"/>
		<feat xlink:href="#sSpan3641" value="·"/>
		<feat xlink:href="#sSpan3645" value="ⲁ"/>
		<feat xlink:href="#sSpan3649" value="ⲩ"/>
		<feat xlink:href="#sSpan3651" value="ϯ"/>
		<feat xlink:href="#sSpan3653" value="ϩⲓⲱⲱ̄"/>
		<feat xlink:href="#sSpan3658" value="ϥ"/>
		<feat xlink:href="#sSpan3660" value="ⲛ"/>
		<feat xlink:href="#sSpan3664" value="ⲟⲩ"/>
		<feat xlink:href="#sSpan3668" value="ⲭⲗⲁⲙⲏⲥ"/>
		<feat xlink:href="#sSpan3670" value="ⲛ̄"/>
		<feat xlink:href="#sSpan3676" value="ⲕⲟⲕⲕⲟⲥ"/>
		<feat xlink:href="#sSpan3678" value="·"/>
		<feat xlink:href="#sSpan3682" value="ⲁ"/>
		<feat xlink:href="#sSpan3689" value="ⲩ"/>
		<feat xlink:href="#sSpan3691" value="ϯ"/>
		<feat xlink:href="#sSpan3693" value="ⲛⲁ"/>
		<feat xlink:href="#sSpan3698" value="ϥ"/>
		<feat xlink:href="#sSpan3700" value="ⲛ"/>
		<feat xlink:href="#sSpan3704" value="ⲟⲩ"/>
		<feat xlink:href="#sSpan3707" value="ϩⲙ̄ϫ"/>
		<feat xlink:href="#sSpan3709" value="ⲙⲛ̄"/>
		<feat xlink:href="#sSpan3713" value="ⲟⲩ"/>
		<feat xlink:href="#sSpan3717" value="ⲥⲓϣⲉ"/>
		<feat xlink:href="#sSpan3719" value="·"/>
		<feat xlink:href="#sSpan3723" value="ⲛⲁⲓ̈"/>
		<feat xlink:href="#sSpan3731" value="ⲧⲏⲣ"/>
		<feat xlink:href="#sSpan3736" value="ⲟⲩ"/>
		<feat xlink:href="#sSpan3738" value="ⲛⲉ"/>
		<feat xlink:href="#sSpan3742" value="ⲩ"/>
		<feat xlink:href="#sSpan3744" value="ⲉⲓⲣⲉ"/>
		<feat xlink:href="#sSpan3746" value="ⲙⲙⲟ"/>
		<feat xlink:href="#sSpan3750" value="ⲟⲩ"/>
		<feat xlink:href="#sSpan3753" value="ⲛⲁ"/>
		<feat xlink:href="#sSpan3757" value="ϥ"/>
		<feat xlink:href="#sSpan3759" value="ⲡⲉ"/>
		<feat xlink:href="#sSpan3763" value="·"/>
		<feat xlink:href="#sSpan3767" value="ⲁ"/>
		<feat xlink:href="#sSpan3775" value="ⲩ"/>
		<feat xlink:href="#sSpan3778" value="ⲥ̄ⳁⲟ︤ⲩ︥"/>
		<feat xlink:href="#sSpan3781" value="ⲛⲙⲙⲁ"/>
		<feat xlink:href="#sSpan3785" value="ϥ"/>
		<feat xlink:href="#sSpan3787" value="ⲛ̄"/>
		<feat xlink:href="#sSpan3791" value="ⲕⲉ"/>
		<feat xlink:href="#sSpan3796" value="ⲗⲏⲥⲧⲏⲥ"/>
		<feat xlink:href="#sSpan3798" value="ⲥ̄ⲛⲁⲩ"/>
		<feat xlink:href="#sSpan3802" value="ⲟⲩⲁ̄"/>
		<feat xlink:href="#sSpan3812" value="ⲇⲉ"/>
		<feat xlink:href="#sSpan3816" value="ⲛ̄ϩⲏⲧ"/>
		<feat xlink:href="#sSpan3820" value="ⲟⲩ"/>
		<feat xlink:href="#sSpan3822" value="ⲛ︤"/>
		<feat xlink:href="#sSpan3826" value="ϥ︥"/>
		<feat xlink:href="#sSpan3828" value="ⲙ̄ⲡϣⲁ"/>
		<feat xlink:href="#sSpan3831" value="ⲙ̄"/>
		<feat xlink:href="#sSpan3835" value="ⲡ"/>
		<feat xlink:href="#sSpan3838" value="ⲉⲟⲟⲩ"/>
		<feat xlink:href="#sSpan3840" value="ⲙ̄"/>
		<feat xlink:href="#sSpan3845" value="ⲡ"/>
		<feat xlink:href="#sSpan3848" value="ⲛⲟⲩⲧⲉ"/>
		<feat xlink:href="#sSpan3850" value="ⲁⲛ"/>
		<feat xlink:href="#sSpan3854" value="·"/>
		<feat xlink:href="#sSpan3858" value="ⲡⲉϫⲁ"/>
		<feat xlink:href="#sSpan3866" value="ϥ"/>
		<feat xlink:href="#sSpan3868" value="ⲙ"/>
		<feat xlink:href="#sSpan3872" value="ⲡ"/>
		<feat xlink:href="#sSpan3875" value="ϫⲟⲉⲓⲥ"/>
		<feat xlink:href="#sSpan3877" value="ⲉ"/>
		<feat xlink:href="#sSpan3882" value="ϥ"/>
		<feat xlink:href="#sSpan3884" value="ⲛⲟϭⲛⲉϭ"/>
		<feat xlink:href="#sSpan3886" value="ⲙⲙⲟ"/>
		<feat xlink:href="#sSpan3890" value="ϥ"/>
		<feat xlink:href="#sSpan3892" value="ⲉ"/>
		<feat xlink:href="#sSpan3897" value="ϥ"/>
		<feat xlink:href="#sSpan3899" value="ϫⲱ"/>
		<feat xlink:href="#sSpan3901" value="ⲙⲙⲟ"/>
		<feat xlink:href="#sSpan3905" value="ⲥ"/>
		<feat xlink:href="#sSpan3907" value="ϫⲉ"/>
		<feat xlink:href="#sSpan3914" value="ⲉϣϫⲉ"/>
		<feat xlink:href="#sSpan3917" value="ⲛ̄ⲧⲟⲕ"/>
		<feat xlink:href="#sSpan3921" value="ⲡⲉ"/>
		<feat xlink:href="#sSpan3925" value="ⲡⲉ"/>
		<feat xlink:href="#sSpan3931" value="ⲭ︦ⲥ︦"/>
		<feat xlink:href="#sSpan3933" value="ⲛⲁϩⲙⲉ"/>
		<feat xlink:href="#sSpan3938" value="ⲕ"/>
		<feat xlink:href="#sSpan3940" value="·"/>
		<feat xlink:href="#sSpan3944" value="ⲁⲩⲱ"/>
		<feat xlink:href="#sSpan3948" value="ⲛ"/>
		<feat xlink:href="#sSpan3952" value="ⲅ̄"/>
		<feat xlink:href="#sSpan3954" value="ⲛⲁϩⲙⲉ"/>
		<feat xlink:href="#sSpan3957" value="ⲛ"/>
		<feat xlink:href="#sSpan3959" value="ϩⲱⲱ"/>
		<feat xlink:href="#sSpan3963" value="ⲛ"/>
		<feat xlink:href="#sSpan3965" value="ⲁ"/>
		<feat xlink:href="#sSpan3973" value="ⲡ"/>
		<feat xlink:href="#sSpan3976" value="ⲕⲉ"/>
		<feat xlink:href="#sSpan3978" value="ⲟⲩⲁ̄"/>
		<feat xlink:href="#sSpan3981" value="ⲉ̄ⲡⲓⲧⲓⲙⲁ"/>
		<feat xlink:href="#sSpan3986" value="ⲛⲁ"/>
		<feat xlink:href="#sSpan3990" value="ϥ"/>
		<feat xlink:href="#sSpan3992" value="ϩ︤ⲛ︥"/>
		<feat xlink:href="#sSpan3996" value="ⲟⲩ"/>
		<feat xlink:href="#sSpan3999" value="ϭⲱⲛⲧ"/>
		<feat xlink:href="#sSpan4001" value="ϫⲉ"/>
		<feat xlink:href="#sSpan4006" value="ⲛ"/>
		<feat xlink:href="#sSpan4008" value="ⲅ̄"/>
		<feat xlink:href="#sSpan4011" value="ⲣ̄ϩⲟⲧⲉ"/>
		<feat xlink:href="#sSpan4014" value="ⲛ̄ⲧⲟⲕ"/>
		<feat xlink:href="#sSpan4018" value="ⲁⲛ"/>
		<feat xlink:href="#sSpan4023" value="ϩⲏⲧ"/>
		<feat xlink:href="#sSpan4027" value="ϥ"/>
		<feat xlink:href="#sSpan4029" value="ⲙ"/>
		<feat xlink:href="#sSpan4033" value="ⲡ"/>
		<feat xlink:href="#sSpan4036" value="ⲛⲟⲩⲧⲉ"/>
		<feat xlink:href="#sSpan4038" value="ⲁⲛⲟⲛ"/>
		<feat xlink:href="#sSpan4047" value="ⲅⲁⲣ"/>
		<feat xlink:href="#sSpan4051" value="ⲉ"/>
		<feat xlink:href="#sSpan4055" value="ⲛ"/>
		<feat xlink:href="#sSpan4057" value="ϫⲓ"/>
		<feat xlink:href="#sSpan4060" value="ⲕⲁⲧⲁ"/>
		<feat xlink:href="#sSpan4065" value="ⲡⲉ"/>
		<feat xlink:href="#sSpan4068" value="ⲙⲡϣⲁ"/>
		<feat xlink:href="#sSpan4070" value="ⲛ︤"/>
		<feat xlink:href="#sSpan4074" value="ⲛ︥"/>
		<feat xlink:href="#sSpan4077" value="ⲛⲟⲃⲉ"/>
		<feat xlink:href="#sSpan4081" value="ⲛ̄ⲧ"/>
		<feat xlink:href="#sSpan4085" value="ⲁ"/>
		<feat xlink:href="#sSpan4087" value="ⲛ"/>
		<feat xlink:href="#sSpan4089" value="ⲁⲁⲁ"/>
		<feat xlink:href="#sSpan4091" value="ⲩ"/>
		<feat xlink:href="#sSpan4093" value="ⲡⲁⲓ̈"/>
		<feat xlink:href="#sSpan4100" value="ⲇⲉ"/>
		<feat xlink:href="#sSpan4104" value="ⲙ̄"/>
		<feat xlink:href="#sSpan4108" value="ⲡⲉϥ"/>
		<feat xlink:href="#sSpan4112" value="ⲣ̄ⲗⲁⲁⲩ"/>
		<feat xlink:href="#sSpan4116" value="ⲙ̄"/>
		<feat xlink:href="#sSpan4120" value="ⲡ"/>
		<feat xlink:href="#sSpan4123" value="ⲉⲑ"/>
		<feat xlink:href="#sSpan4125" value="ⲟⲟⲩ"/>
		<feat xlink:href="#sSpan4127" value="·"/>
		<feat xlink:href="#sSpan4131" value="ⲁⲩⲱ"/>
		<feat xlink:href="#sSpan4138" value="ⲡⲉϫⲁ"/>
		<feat xlink:href="#sSpan4143" value="ϥ"/>
		<feat xlink:href="#sSpan4145" value="ϫⲉ"/>
		<feat xlink:href="#sSpan4149" value="ⲁⲣⲓ"/>
		<feat xlink:href="#sSpan4151" value="ⲡⲁ"/>
		<feat xlink:href="#sSpan4153" value="ⲙⲉⲉⲩⲉ"/>
		<feat xlink:href="#sSpan4156" value="ⲙ̄"/>
		<feat xlink:href="#sSpan4160" value="ⲡ̄"/>
		<feat xlink:href="#sSpan4163" value="ϫⲟⲉⲓⲥ"/>
		<feat xlink:href="#sSpan4165" value="ⲉⲕϣⲁⲛ"/>
		<feat xlink:href="#sSpan4170" value="ⲉⲓ"/>
		<feat xlink:href="#sSpan4172" value="ϩⲛ̄"/>
		<feat xlink:href="#sSpan4176" value="ⲧⲉⲕ"/>
		<feat xlink:href="#sSpan4180" value="ⲙ︤ⲛ︥ⲧⲉⲣⲟ"/>
		<feat xlink:href="#sSpan4184" value="·"/>
		<feat xlink:href="#sSpan4188" value="ⲡⲉϫⲉ"/>
		<feat xlink:href="#sSpan4196" value="ⲓ︦ⲥ︦"/>
		<feat xlink:href="#sSpan4199" value="ⲛⲁ"/>
		<feat xlink:href="#sSpan4203" value="ϥ"/>
		<feat xlink:href="#sSpan4205" value="ϩⲛ̄"/>
		<feat xlink:href="#sSpan4210" value="ⲟⲩ"/>
		<feat xlink:href="#sSpan4213" value="ⲛⲟϭ"/>
		<feat xlink:href="#sSpan4215" value="ⲛ"/>
		<feat xlink:href="#sSpan4219" value="ⲣⲁϣⲉ"/>
		<feat xlink:href="#sSpan4221" value="·"/>
		<feat xlink:href="#sSpan4225" value="ϫⲉ"/>
		<feat xlink:href="#sSpan4230" value="ⲙ̄"/>
		<feat xlink:href="#sSpan4232" value="ⲡ"/>
		<feat xlink:href="#sSpan4235" value="ⲟⲟⲩ"/>
		<feat xlink:href="#sSpan4237" value="ⲕ"/>
		<feat xlink:href="#sSpan4241" value="ⲛⲁ"/>
		<feat xlink:href="#sSpan4243" value="ϣⲱⲡⲉ"/>
		<feat xlink:href="#sSpan4246" value="ⲛⲙⲙⲁ"/>
		<feat xlink:href="#sSpan4250" value="ⲓ̈"/>
		<feat xlink:href="#sSpan4252" value="ϩⲙ"/>
		<feat xlink:href="#sSpan4257" value="ⲡⲁ"/>
		<feat xlink:href="#sSpan4261" value="ⲡⲁⲣⲁⲇⲓⲥⲟⲥ"/>
		<feat xlink:href="#sSpan4263" value="·"/>
		<feat xlink:href="#sSpan4267" value="ⲡ"/>
		<feat xlink:href="#sSpan4276" value="ⲣⲟ"/>
		<feat xlink:href="#sSpan4278" value="ⲙ"/>
		<feat xlink:href="#sSpan4282" value="ⲡ"/>
		<feat xlink:href="#sSpan4286" value="ⲡⲁⲣⲁⲇⲓⲥⲟⲥ"/>
		<feat xlink:href="#sSpan4289" value="ϣⲟⲧⲙ"/>
		<feat xlink:href="#sSpan4293" value="·"/>
		<feat xlink:href="#sSpan4297" value="ⲉ̄"/>
		<feat xlink:href="#sSpan4301" value="ϫⲓⲛ"/>
		<feat xlink:href="#sSpan4303" value="ⲡⲉⲩ"/>
		<feat xlink:href="#sSpan4307" value="ⲟⲉⲓϣ"/>
		<feat xlink:href="#sSpan4309" value="ⲛ̄ⲧ"/>
		<feat xlink:href="#sSpan4313" value="ⲁ"/>
		<feat xlink:href="#sSpan4317" value="ⲁⲇⲁⲁⲇⲁⲙ"/>
		<feat xlink:href="#sSpan4322" value="ⲡⲁⲣⲁⲃⲁ"/>
		<feat xlink:href="#sSpan4327" value="·"/>
		<feat xlink:href="#sSpan4332" value="ⲁⲗⲗⲁ"/>
		<feat xlink:href="#sSpan4339" value="ϯ"/>
		<feat xlink:href="#sSpan4343" value="ⲛⲁ"/>
		<feat xlink:href="#sSpan4345" value="ⲟⲩⲱⲛ"/>
		<feat xlink:href="#sSpan4348" value="ⲙⲙⲟ"/>
		<feat xlink:href="#sSpan4352" value="ϥ"/>
		<feat xlink:href="#sSpan4354" value="ⲛⲁ"/>
		<feat xlink:href="#sSpan4358" value="ⲕ"/>
		<feat xlink:href="#sSpan4360" value="ⲧⲁ"/>
		<feat xlink:href="#sSpan4365" value="ϫⲓⲧ"/>
		<feat xlink:href="#sSpan4367" value="ⲕ"/>
		<feat xlink:href="#sSpan4369" value="ⲉ̄ϩⲟⲩⲛ"/>
		<feat xlink:href="#sSpan4373" value="ⲉ̄ⲣⲟ"/>
		<feat xlink:href="#sSpan4378" value="ϥ"/>
		<feat xlink:href="#sSpan4380" value="·"/>
		<feat xlink:href="#sSpan4384" value="ⲁ"/>
		<feat xlink:href="#sSpan4391" value="ⲕ"/>
		<feat xlink:href="#sSpan4393" value="ⲥⲟⲩⲛ̄"/>
		<feat xlink:href="#sSpan4395" value="ⲡ"/>
		<feat xlink:href="#sSpan4400" value="ϫⲓⲥⲉ"/>
		<feat xlink:href="#sSpan4402" value="ⲛ̄"/>
		<feat xlink:href="#sSpan4406" value="ⲧⲁ"/>
		<feat xlink:href="#sSpan4410" value="ⲙⲛ̄ⲧⲛⲟⲩⲧⲉ"/>
		<feat xlink:href="#sSpan4414" value="·"/>
		<feat xlink:href="#sSpan4418" value="ⲉ"/>
		<feat xlink:href="#sSpan4422" value="ⲕ"/>
		<feat xlink:href="#sSpan4424" value="ϩⲓ̈ϫⲙ̄"/>
		<feat xlink:href="#sSpan4426" value="ⲡⲉ"/>
		<feat xlink:href="#sSpan4431" value="ⲥ̄ⳁⲟ︤ⲥ︥"/>
		<feat xlink:href="#sSpan4433" value="·"/>
		<feat xlink:href="#sSpan4437" value="ⲕ"/>
		<feat xlink:href="#sSpan4441" value="ⲛⲁ"/>
		<feat xlink:href="#sSpan4443" value="ϣⲱⲡⲉ"/>
		<feat xlink:href="#sSpan4446" value="ⲛⲙⲙⲁ"/>
		<feat xlink:href="#sSpan4450" value="ⲓ̈"/>
		<feat xlink:href="#sSpan4452" value="ⲛ"/>
		<feat xlink:href="#sSpan4458" value="ⲕⲟⲓⲛⲟⲛⲟⲥ"/>
		<feat xlink:href="#sSpan4461" value="ϩ︤ⲙ︥"/>
		<feat xlink:href="#sSpan4465" value="ⲡ"/>
		<feat xlink:href="#sSpan4469" value="ⲣⲁϣⲉ"/>
		<feat xlink:href="#sSpan4471" value="ⲛ̄"/>
		<feat xlink:href="#sSpan4475" value="ⲧⲁ"/>
		<feat xlink:href="#sSpan4479" value="ⲙ︤ⲛ︥ⲧⲉⲣⲟ"/>
		<feat xlink:href="#sSpan4483" value="·"/>
		<feat xlink:href="#sSpan4487" value="ⲁ"/>
		<feat xlink:href="#sSpan4494" value="ⲕ"/>
		<feat xlink:href="#sSpan4497" value="ϯⲉⲟⲟⲩ"/>
		<feat xlink:href="#sSpan4500" value="ⲛⲁⲓ̈"/>
		<feat xlink:href="#sSpan4506" value="ϩⲛ̄"/>
		<feat xlink:href="#sSpan4510" value="ⲧ"/>
		<feat xlink:href="#sSpan4513" value="ⲙⲏⲧⲉ"/>
		<feat xlink:href="#sSpan4515" value="ⲛ̄"/>
		<feat xlink:href="#sSpan4519" value="ϩⲉⲛ"/>
		<feat xlink:href="#sSpan4524" value="ⲣⲉϥⲣ̄ⲛⲟⲃⲉ"/>
		<feat xlink:href="#sSpan4528" value="·"/>
		<feat xlink:href="#sSpan4532" value="ⲁⲛⲟⲕ"/>
		<feat xlink:href="#sSpan4540" value="ϩⲱ"/>
		<feat xlink:href="#sSpan4544" value="ϯ"/>
		<feat xlink:href="#sSpan4548" value="ⲛⲁ"/>
		<feat xlink:href="#sSpan4551" value="ϯⲉⲟⲟⲩ"/>
		<feat xlink:href="#sSpan4555" value="ⲛⲁ"/>
		<feat xlink:href="#sSpan4559" value="ⲕ"/>
		<feat xlink:href="#sSpan4561" value="·"/>
		<feat xlink:href="#sSpan4565" value="ϩⲛ"/>
		<feat xlink:href="#sSpan4569" value="ⲧ"/>
		<feat xlink:href="#sSpan4572" value="ⲙⲏⲧⲉ"/>
		<feat xlink:href="#sSpan4575" value="ⲛ̄"/>
		<feat xlink:href="#sSpan4579" value="ⲧⲁ"/>
		<feat xlink:href="#sSpan4583" value="ⲁⲅⲅⲉⲗⲓⲕⲏ"/>
		<feat xlink:href="#sSpan4586" value="·"/>
		<feat xlink:href="#sSpan4590" value="ϣⲱⲡⲉ"/>
		<feat xlink:href="#sSpan4597" value="ⲉ"/>
		<feat xlink:href="#sSpan4601" value="ⲕ"/>
		<feat xlink:href="#sSpan4603" value="ⲧⲏϭ"/>
		<feat xlink:href="#sSpan4606" value="ⲉⲣⲟ"/>
		<feat xlink:href="#sSpan4610" value="ⲓ̈"/>
		<feat xlink:href="#sSpan4612" value="ϩⲓϫ︤ⲙ︥"/>
		<feat xlink:href="#sSpan4616" value="ⲡⲉ"/>
		<feat xlink:href="#sSpan4621" value="ⲥ̄ⳁⲟ︤ⲥ︥"/>
		<feat xlink:href="#sSpan4623" value="·"/>
		<feat xlink:href="#sSpan4627" value="ⲉ"/>
		<feat xlink:href="#sSpan4631" value="ⲕ"/>
		<feat xlink:href="#sSpan4633" value="ϩⲱⲗ︤ϭ︥"/>
		<feat xlink:href="#sSpan4636" value="ⲉϩⲟⲩⲛ"/>
		<feat xlink:href="#sSpan4640" value="ⲉ̄ⲣⲟ"/>
		<feat xlink:href="#sSpan4644" value="ⲓ̈"/>
		<feat xlink:href="#sSpan4646" value="ϩ︤ⲙ︥"/></featList></paula>