<?xml version='1.0' encoding='UTF-8'?><!DOCTYPE paula SYSTEM "paula_feat.dtd">
<paula version="1.1">
	<header paula_id="scriptorium.cross.michbr283-286.mark_lang"/>
	<featList xmlns:xlink="http://www.w3.org/1999/xlink" type="lang" xml:base="scriptorium.cross.michbr283-286.mark.xml">
		<feat xlink:href="#sSpan14" value="Greek"/>
		<feat xlink:href="#sSpan21" value="Hebrew"/>
		<feat xlink:href="#sSpan26" value="Greek"/>
		<feat xlink:href="#sSpan36" value="Greek"/>
		<feat xlink:href="#sSpan72" value="Greek"/>
		<feat xlink:href="#sSpan83" value="Greek"/>
		<feat xlink:href="#sSpan98" value="Greek"/>
		<feat xlink:href="#sSpan111" value="Hebrew"/>
		<feat xlink:href="#sSpan145" value="Greek"/>
		<feat xlink:href="#sSpan245" value="Greek"/>
		<feat xlink:href="#sSpan249" value="Greek"/>
		<feat xlink:href="#sSpan465" value="Greek"/>
		<feat xlink:href="#sSpan603" value="Greek"/>
		<feat xlink:href="#sSpan664" value="Greek"/>
		<feat xlink:href="#sSpan677" value="Greek"/>
		<feat xlink:href="#sSpan726" value="Greek"/>
		<feat xlink:href="#sSpan788" value="Greek"/>
		<feat xlink:href="#sSpan806" value="Greek"/>
		<feat xlink:href="#sSpan814" value="Greek"/>
		<feat xlink:href="#sSpan846" value="Greek"/>
		<feat xlink:href="#sSpan870" value="Greek"/>
		<feat xlink:href="#sSpan890" value="Greek"/>
		<feat xlink:href="#sSpan921" value="Greek"/>
		<feat xlink:href="#sSpan970" value="Greek"/>
		<feat xlink:href="#sSpan978" value="Greek"/>
		<feat xlink:href="#sSpan1021" value="Greek"/>
		<feat xlink:href="#sSpan1153" value="Hebrew"/>
		<feat xlink:href="#sSpan1162" value="Greek"/>
		<feat xlink:href="#sSpan1226" value="Greek"/>
		<feat xlink:href="#sSpan1249" value="Greek"/>
		<feat xlink:href="#sSpan1331" value="Greek"/>
		<feat xlink:href="#sSpan1371" value="Greek"/>
		<feat xlink:href="#sSpan1442" value="Greek"/>
		<feat xlink:href="#sSpan1484" value="Greek"/>
		<feat xlink:href="#sSpan1534" value="Greek"/>
		<feat xlink:href="#sSpan1574" value="Greek"/>
		<feat xlink:href="#sSpan1637" value="Greek"/>
		<feat xlink:href="#sSpan1725" value="Greek"/>
		<feat xlink:href="#sSpan1818" value="Greek"/>
		<feat xlink:href="#sSpan1827" value="Greek"/>
		<feat xlink:href="#sSpan1882" value="Greek"/>
		<feat xlink:href="#sSpan1940" value="Greek"/>
		<feat xlink:href="#sSpan1963" value="Greek"/>
		<feat xlink:href="#sSpan2025" value="Greek"/>
		<feat xlink:href="#sSpan2050" value="Greek"/>
		<feat xlink:href="#sSpan2090" value="Greek"/>
		<feat xlink:href="#sSpan2102" value="Greek"/>
		<feat xlink:href="#sSpan2145" value="Greek"/>
		<feat xlink:href="#sSpan2170" value="Greek"/>
		<feat xlink:href="#sSpan2390" value="Greek"/>
		<feat xlink:href="#sSpan2485" value="Greek"/>
		<feat xlink:href="#sSpan2571" value="Greek"/>
		<feat xlink:href="#sSpan2592" value="Greek"/>
		<feat xlink:href="#sSpan2670" value="Greek"/>
		<feat xlink:href="#sSpan2708" value="Greek"/>
		<feat xlink:href="#sSpan2756" value="Greek"/>
		<feat xlink:href="#sSpan2784" value="Greek"/>
		<feat xlink:href="#sSpan2812" value="Greek"/>
		<feat xlink:href="#sSpan2851" value="Greek"/>
		<feat xlink:href="#sSpan2865" value="Greek"/>
		<feat xlink:href="#sSpan2890" value="Greek"/>
		<feat xlink:href="#sSpan2907" value="Greek"/>
		<feat xlink:href="#sSpan2938" value="Greek"/>
		<feat xlink:href="#sSpan2948" value="Greek"/>
		<feat xlink:href="#sSpan3006" value="Greek"/>
		<feat xlink:href="#sSpan3208" value="Greek"/>
		<feat xlink:href="#sSpan3253" value="Greek"/>
		<feat xlink:href="#sSpan3317" value="Greek"/>
		<feat xlink:href="#sSpan3336" value="Greek"/>
		<feat xlink:href="#sSpan3438" value="Greek"/>
		<feat xlink:href="#sSpan3447" value="Hebrew"/>
		<feat xlink:href="#sSpan3458" value="Greek"/>
		<feat xlink:href="#sSpan3666" value="Greek"/>
		<feat xlink:href="#sSpan3674" value="Greek"/>
		<feat xlink:href="#sSpan3776" value="Greek"/>
		<feat xlink:href="#sSpan3794" value="Greek"/>
		<feat xlink:href="#sSpan3810" value="Greek"/>
		<feat xlink:href="#sSpan3929" value="Greek"/>
		<feat xlink:href="#sSpan3979" value="Greek"/>
		<feat xlink:href="#sSpan4045" value="Greek"/>
		<feat xlink:href="#sSpan4058" value="Greek"/>
		<feat xlink:href="#sSpan4098" value="Greek"/>
		<feat xlink:href="#sSpan4194" value="Hebrew"/>
		<feat xlink:href="#sSpan4259" value="Greek"/>
		<feat xlink:href="#sSpan4284" value="Greek"/>
		<feat xlink:href="#sSpan4315" value="Hebrew"/>
		<feat xlink:href="#sSpan4320" value="Greek"/>
		<feat xlink:href="#sSpan4330" value="Greek"/>
		<feat xlink:href="#sSpan4429" value="Greek"/>
		<feat xlink:href="#sSpan4456" value="Greek"/>
		<feat xlink:href="#sSpan4581" value="Greek"/>
		<feat xlink:href="#sSpan4619" value="Greek"/></featList></paula>