<?xml version='1.0' encoding='UTF-8'?><!DOCTYPE paula SYSTEM "paula_feat.dtd">
<paula version="1.1">
	<header paula_id="scriptorium.cross.michbr283-286.mark_func"/>
	<featList xmlns:xlink="http://www.w3.org/1999/xlink" type="func" xml:base="scriptorium.cross.michbr283-286.mark.xml">
		<feat xlink:href="#sSpan1" value="det"/>
		<feat xlink:href="#sSpan15" value="root"/>
		<feat xlink:href="#sSpan17" value="case"/>
		<feat xlink:href="#sSpan22" value="nmod"/>
		<feat xlink:href="#sSpan27" value="flat"/>
		<feat xlink:href="#sSpan31" value="det"/>
		<feat xlink:href="#sSpan37" value="appos"/>
		<feat xlink:href="#sSpan39" value="case"/>
		<feat xlink:href="#sSpan44" value="nmod"/>
		<feat xlink:href="#sSpan47" value="punct"/>
		<feat xlink:href="#sSpan51" value="mark"/>
		<feat xlink:href="#sSpan56" value="aux"/>
		<feat xlink:href="#sSpan58" value="nsubj"/>
		<feat xlink:href="#sSpan60" value="acl:relcl"/>
		<feat xlink:href="#sSpan63" value="obj"/>
		<feat xlink:href="#sSpan65" value="case"/>
		<feat xlink:href="#sSpan69" value="det"/>
		<feat xlink:href="#sSpan73" value="obl"/>
		<feat xlink:href="#sSpan75" value="cc"/>
		<feat xlink:href="#sSpan80" value="det"/>
		<feat xlink:href="#sSpan84" value="conj"/>
		<feat xlink:href="#sSpan86" value="punct"/>
		<feat xlink:href="#sSpan90" value="case"/>
		<feat xlink:href="#sSpan94" value="det"/>
		<feat xlink:href="#sSpan99" value="obl"/>
		<feat xlink:href="#sSpan101" value="case"/>
		<feat xlink:href="#sSpan105" value="det"/>
		<feat xlink:href="#sSpan108" value="nmod"/>
		<feat xlink:href="#sSpan112" value="discourse"/>
		<feat xlink:href="#sSpan116" value="punct"/>
		<feat xlink:href="#sSpan120" value="punct"/>
		<feat xlink:href="#sSpan125" value="aux"/>
		<feat xlink:href="#sSpan133" value="det"/>
		<feat xlink:href="#sSpan136" value="nsubj"/>
		<feat xlink:href="#sSpan138" value="case"/>
		<feat xlink:href="#sSpan142" value="det"/>
		<feat xlink:href="#sSpan146" value="nmod"/>
		<feat xlink:href="#sSpan149" value="root"/>
		<feat xlink:href="#sSpan154" value="case"/>
		<feat xlink:href="#sSpan159" value="fixed"/>
		<feat xlink:href="#sSpan163" value="det"/>
		<feat xlink:href="#sSpan166" value="obl"/>
		<feat xlink:href="#sSpan168" value="case"/>
		<feat xlink:href="#sSpan172" value="nmod"/>
		<feat xlink:href="#sSpan175" value="punct"/>
		<feat xlink:href="#sSpan179" value="mark"/>
		<feat xlink:href="#sSpan183" value="nsubj"/>
		<feat xlink:href="#sSpan186" value="advcl"/>
		<feat xlink:href="#sSpan189" value="case"/>
		<feat xlink:href="#sSpan194" value="obl"/>
		<feat xlink:href="#sSpan197" value="mark"/>
		<feat xlink:href="#sSpan199" value="case"/>
		<feat xlink:href="#sSpan201" value="det"/>
		<feat xlink:href="#sSpan204" value="acl:relcl"/>
		<feat xlink:href="#sSpan206" value="cc"/>
		<feat xlink:href="#sSpan211" value="det"/>
		<feat xlink:href="#sSpan214" value="conj"/>
		<feat xlink:href="#sSpan216" value="case"/>
		<feat xlink:href="#sSpan220" value="det"/>
		<feat xlink:href="#sSpan223" value="obl"/>
		<feat xlink:href="#sSpan225" value="aux"/>
		<feat xlink:href="#sSpan233" value="det"/>
		<feat xlink:href="#sSpan236" value="nsubj"/>
		<feat xlink:href="#sSpan238" value="case"/>
		<feat xlink:href="#sSpan242" value="det"/>
		<feat xlink:href="#sSpan246" value="nmod"/>
		<feat xlink:href="#sSpan250" value="root"/>
		<feat xlink:href="#sSpan254" value="case"/>
		<feat xlink:href="#sSpan258" value="det"/>
		<feat xlink:href="#sSpan262" value="obj"/>
		<feat xlink:href="#sSpan264" value="case"/>
		<feat xlink:href="#sSpan268" value="det"/>
		<feat xlink:href="#sSpan272" value="nmod"/>
		<feat xlink:href="#sSpan276" value="punct"/>
		<feat xlink:href="#sSpan280" value="aux"/>
		<feat xlink:href="#sSpan284" value="det"/>
		<feat xlink:href="#sSpan287" value="nsubj"/>
		<feat xlink:href="#sSpan290" value="advmod"/>
		<feat xlink:href="#sSpan294" value="det"/>
		<feat xlink:href="#sSpan296" value="parataxis"/>
		<feat xlink:href="#sSpan301" value="case"/>
		<feat xlink:href="#sSpan305" value="det"/>
		<feat xlink:href="#sSpan308" value="obl"/>
		<feat xlink:href="#sSpan310" value="case"/>
		<feat xlink:href="#sSpan314" value="det"/>
		<feat xlink:href="#sSpan318" value="nmod"/>
		<feat xlink:href="#sSpan320" value="punct"/>
		<feat xlink:href="#sSpan324" value="aux"/>
		<feat xlink:href="#sSpan332" value="det"/>
		<feat xlink:href="#sSpan336" value="nsubj"/>
		<feat xlink:href="#sSpan339" value="root"/>
		<feat xlink:href="#sSpan344" value="advmod"/>
		<feat xlink:href="#sSpan349" value="case"/>
		<feat xlink:href="#sSpan353" value="obl"/>
		<feat xlink:href="#sSpan357" value="case"/>
		<feat xlink:href="#sSpan361" value="det"/>
		<feat xlink:href="#sSpan364" value="nmod"/>
		<feat xlink:href="#sSpan366" value="aux"/>
		<feat xlink:href="#sSpan371" value="nsubj"/>
		<feat xlink:href="#sSpan373" value="parataxis"/>
		<feat xlink:href="#sSpan375" value="case"/>
		<feat xlink:href="#sSpan379" value="det"/>
		<feat xlink:href="#sSpan383" value="obj"/>
		<feat xlink:href="#sSpan387" value="case"/>
		<feat xlink:href="#sSpan391" value="det"/>
		<feat xlink:href="#sSpan394" value="obl"/>
		<feat xlink:href="#sSpan397" value="case"/>
		<feat xlink:href="#sSpan401" value="det"/>
		<feat xlink:href="#sSpan404" value="nmod"/>
		<feat xlink:href="#sSpan406" value="punct"/>
		<feat xlink:href="#sSpan410" value="aux"/>
		<feat xlink:href="#sSpan418" value="det"/>
		<feat xlink:href="#sSpan421" value="nsubj"/>
		<feat xlink:href="#sSpan423" value="case"/>
		<feat xlink:href="#sSpan427" value="nmod"/>
		<feat xlink:href="#sSpan431" value="root"/>
		<feat xlink:href="#sSpan435" value="case"/>
		<feat xlink:href="#sSpan440" value="fixed"/>
		<feat xlink:href="#sSpan445" value="det"/>
		<feat xlink:href="#sSpan448" value="obl"/>
		<feat xlink:href="#sSpan450" value="case"/>
		<feat xlink:href="#sSpan454" value="nmod"/>
		<feat xlink:href="#sSpan457" value="aux"/>
		<feat xlink:href="#sSpan462" value="det"/>
		<feat xlink:href="#sSpan466" value="nsubj"/>
		<feat xlink:href="#sSpan468" value="parataxis"/>
		<feat xlink:href="#sSpan473" value="obj"/>
		<feat xlink:href="#sSpan475" value="case"/>
		<feat xlink:href="#sSpan479" value="det"/>
		<feat xlink:href="#sSpan482" value="obl"/>
		<feat xlink:href="#sSpan484" value="case"/>
		<feat xlink:href="#sSpan489" value="nmod"/>
		<feat xlink:href="#sSpan492" value="punct"/>
		<feat xlink:href="#sSpan496" value="aux"/>
		<feat xlink:href="#sSpan505" value="det"/>
		<feat xlink:href="#sSpan508" value="nsubj"/>
		<feat xlink:href="#sSpan510" value="mark"/>
		<feat xlink:href="#sSpan514" value="acl:relcl"/>
		<feat xlink:href="#sSpan516" value="root"/>
		<feat xlink:href="#sSpan521" value="case"/>
		<feat xlink:href="#sSpan525" value="obl"/>
		<feat xlink:href="#sSpan527" value="cc"/>
		<feat xlink:href="#sSpan531" value="det"/>
		<feat xlink:href="#sSpan535" value="obl"/>
		<feat xlink:href="#sSpan537" value="case"/>
		<feat xlink:href="#sSpan541" value="nmod"/>
		<feat xlink:href="#sSpan544" value="nmod"/>
		<feat xlink:href="#sSpan551" value="det"/>
		<feat xlink:href="#sSpan555" value="mark"/>
		<feat xlink:href="#sSpan559" value="acl:relcl"/>
		<feat xlink:href="#sSpan562" value="punct"/>
		<feat xlink:href="#sSpan566" value="aux"/>
		<feat xlink:href="#sSpan570" value="nsubj"/>
		<feat xlink:href="#sSpan572" value="parataxis"/>
		<feat xlink:href="#sSpan574" value="det"/>
		<feat xlink:href="#sSpan578" value="obj"/>
		<feat xlink:href="#sSpan581" value="case"/>
		<feat xlink:href="#sSpan586" value="nmod"/>
		<feat xlink:href="#sSpan589" value="punct"/>
		<feat xlink:href="#sSpan593" value="aux"/>
		<feat xlink:href="#sSpan600" value="det"/>
		<feat xlink:href="#sSpan604" value="nsubj"/>
		<feat xlink:href="#sSpan607" value="case"/>
		<feat xlink:href="#sSpan611" value="det"/>
		<feat xlink:href="#sSpan614" value="nmod"/>
		<feat xlink:href="#sSpan617" value="advmod"/>
		<feat xlink:href="#sSpan621" value="det"/>
		<feat xlink:href="#sSpan623" value="root"/>
		<feat xlink:href="#sSpan629" value="advmod"/>
		<feat xlink:href="#sSpan633" value="mark"/>
		<feat xlink:href="#sSpan637" value="nsubj"/>
		<feat xlink:href="#sSpan639" value="advcl"/>
		<feat xlink:href="#sSpan641" value="case"/>
		<feat xlink:href="#sSpan646" value="obl"/>
		<feat xlink:href="#sSpan648" value="punct"/>
		<feat xlink:href="#sSpan652" value="case"/>
		<feat xlink:href="#sSpan660" value="det"/>
		<feat xlink:href="#sSpan662" value="root"/>
		<feat xlink:href="#sSpan665" value="advmod"/>
		<feat xlink:href="#sSpan670" value="case"/>
		<feat xlink:href="#sSpan674" value="det"/>
		<feat xlink:href="#sSpan678" value="nmod"/>
		<feat xlink:href="#sSpan680" value="mark"/>
		<feat xlink:href="#sSpan684" value="det"/>
		<feat xlink:href="#sSpan688" value="nsubj"/>
		<feat xlink:href="#sSpan690" value="case"/>
		<feat xlink:href="#sSpan694" value="nmod"/>
		<feat xlink:href="#sSpan696" value="acl:relcl"/>
		<feat xlink:href="#sSpan701" value="case"/>
		<feat xlink:href="#sSpan705" value="obl"/>
		<feat xlink:href="#sSpan707" value="aux"/>
		<feat xlink:href="#sSpan711" value="nsubj"/>
		<feat xlink:href="#sSpan713" value="advcl"/>
		<feat xlink:href="#sSpan715" value="obj"/>
		<feat xlink:href="#sSpan717" value="advmod"/>
		<feat xlink:href="#sSpan722" value="punct"/>
		<feat xlink:href="#sSpan727" value="advmod"/>
		<feat xlink:href="#sSpan734" value="aux"/>
		<feat xlink:href="#sSpan739" value="nsubj"/>
		<feat xlink:href="#sSpan742" value="mark"/>
		<feat xlink:href="#sSpan744" value="case"/>
		<feat xlink:href="#sSpan746" value="acl:relcl"/>
		<feat xlink:href="#sSpan748" value="advmod"/>
		<feat xlink:href="#sSpan753" value="det"/>
		<feat xlink:href="#sSpan755" value="root"/>
		<feat xlink:href="#sSpan759" value="case"/>
		<feat xlink:href="#sSpan763" value="det"/>
		<feat xlink:href="#sSpan766" value="obl"/>
		<feat xlink:href="#sSpan769" value="punct"/>
		<feat xlink:href="#sSpan773" value="mark"/>
		<feat xlink:href="#sSpan777" value="nsubj"/>
		<feat xlink:href="#sSpan779" value="advcl"/>
		<feat xlink:href="#sSpan781" value="mark"/>
		<feat xlink:href="#sSpan786" value="nsubj"/>
		<feat xlink:href="#sSpan789" value="advcl"/>
		<feat xlink:href="#sSpan791" value="mark"/>
		<feat xlink:href="#sSpan795" value="nsubj"/>
		<feat xlink:href="#sSpan798" value="advcl"/>
		<feat xlink:href="#sSpan802" value="punct"/>
		<feat xlink:href="#sSpan807" value="advmod"/>
		<feat xlink:href="#sSpan815" value="advmod"/>
		<feat xlink:href="#sSpan819" value="nsubj"/>
		<feat xlink:href="#sSpan824" value="advcl"/>
		<feat xlink:href="#sSpan826" value="case"/>
		<feat xlink:href="#sSpan830" value="det"/>
		<feat xlink:href="#sSpan834" value="dislocated"/>
		<feat xlink:href="#sSpan836" value="mark"/>
		<feat xlink:href="#sSpan840" value="acl:relcl"/>
		<feat xlink:href="#sSpan842" value="case"/>
		<feat xlink:href="#sSpan847" value="obl"/>
		<feat xlink:href="#sSpan850" value="case"/>
		<feat xlink:href="#sSpan855" value="nmod"/>
		<feat xlink:href="#sSpan857" value="case"/>
		<feat xlink:href="#sSpan861" value="det"/>
		<feat xlink:href="#sSpan864" value="obl"/>
		<feat xlink:href="#sSpan866" value="case"/>
		<feat xlink:href="#sSpan871" value="nmod"/>
		<feat xlink:href="#sSpan874" value="case"/>
		<feat xlink:href="#sSpan878" value="det"/>
		<feat xlink:href="#sSpan880" value="root"/>
		<feat xlink:href="#sSpan882" value="mark"/>
		<feat xlink:href="#sSpan886" value="aux"/>
		<feat xlink:href="#sSpan888" value="nsubj"/>
		<feat xlink:href="#sSpan891" value="acl:relcl"/>
		<feat xlink:href="#sSpan894" value="case"/>
		<feat xlink:href="#sSpan898" value="obj"/>
		<feat xlink:href="#sSpan900" value="mark"/>
		<feat xlink:href="#sSpan904" value="xcomp"/>
		<feat xlink:href="#sSpan907" value="case"/>
		<feat xlink:href="#sSpan911" value="det"/>
		<feat xlink:href="#sSpan914" value="obj"/>
		<feat xlink:href="#sSpan917" value="punct"/>
		<feat xlink:href="#sSpan922" value="advmod"/>
		<feat xlink:href="#sSpan929" value="aux"/>
		<feat xlink:href="#sSpan933" value="nsubj"/>
		<feat xlink:href="#sSpan935" value="root"/>
		<feat xlink:href="#sSpan938" value="advmod"/>
		<feat xlink:href="#sSpan942" value="case"/>
		<feat xlink:href="#sSpan946" value="det"/>
		<feat xlink:href="#sSpan950" value="obj"/>
		<feat xlink:href="#sSpan952" value="advmod"/>
		<feat xlink:href="#sSpan957" value="det"/>
		<feat xlink:href="#sSpan959" value="punct"/>
		<feat xlink:href="#sSpan963" value="cc"/>
		<feat xlink:href="#sSpan967" value="det"/>
		<feat xlink:href="#sSpan971" value="conj"/>
		<feat xlink:href="#sSpan973" value="case"/>
		<feat xlink:href="#sSpan979" value="nmod"/>
		<feat xlink:href="#sSpan982" value="punct"/>
		<feat xlink:href="#sSpan986" value="det"/>
		<feat xlink:href="#sSpan995" value="dislocated"/>
		<feat xlink:href="#sSpan998" value="aux"/>
		<feat xlink:href="#sSpan1002" value="nsubj"/>
		<feat xlink:href="#sSpan1004" value="root"/>
		<feat xlink:href="#sSpan1007" value="obj"/>
		<feat xlink:href="#sSpan1009" value="case"/>
		<feat xlink:href="#sSpan1013" value="det"/>
		<feat xlink:href="#sSpan1017" value="obl"/>
		<feat xlink:href="#sSpan1022" value="cc"/>
		<feat xlink:href="#sSpan1026" value="det"/>
		<feat xlink:href="#sSpan1030" value="conj"/>
		<feat xlink:href="#sSpan1032" value="punct"/>
		<feat xlink:href="#sSpan1036" value="aux"/>
		<feat xlink:href="#sSpan1043" value="nsubj"/>
		<feat xlink:href="#sSpan1045" value="root"/>
		<feat xlink:href="#sSpan1051" value="case"/>
		<feat xlink:href="#sSpan1055" value="det"/>
		<feat xlink:href="#sSpan1057" value="obl"/>
		<feat xlink:href="#sSpan1059" value="punct"/>
		<feat xlink:href="#sSpan1063" value="case"/>
		<feat xlink:href="#sSpan1068" value="det"/>
		<feat xlink:href="#sSpan1071" value="obl"/>
		<feat xlink:href="#sSpan1073" value="mark"/>
		<feat xlink:href="#sSpan1077" value="nsubj"/>
		<feat xlink:href="#sSpan1079" value="advcl"/>
		<feat xlink:href="#sSpan1082" value="mark"/>
		<feat xlink:href="#sSpan1086" value="nsubj"/>
		<feat xlink:href="#sSpan1088" value="aux"/>
		<feat xlink:href="#sSpan1090" value="ccomp"/>
		<feat xlink:href="#sSpan1093" value="case"/>
		<feat xlink:href="#sSpan1097" value="det"/>
		<feat xlink:href="#sSpan1100" value="obj"/>
		<feat xlink:href="#sSpan1102" value="case"/>
		<feat xlink:href="#sSpan1107" value="det"/>
		<feat xlink:href="#sSpan1110" value="obl"/>
		<feat xlink:href="#sSpan1112" value="case"/>
		<feat xlink:href="#sSpan1116" value="nmod"/>
		<feat xlink:href="#sSpan1118" value="root"/>
		<feat xlink:href="#sSpan1127" value="advmod"/>
		<feat xlink:href="#sSpan1131" value="det"/>
		<feat xlink:href="#sSpan1133" value="cop"/>
		<feat xlink:href="#sSpan1137" value="det"/>
		<feat xlink:href="#sSpan1141" value="nsubj"/>
		<feat xlink:href="#sSpan1143" value="case"/>
		<feat xlink:href="#sSpan1147" value="det"/>
		<feat xlink:href="#sSpan1151" value="nmod"/>
		<feat xlink:href="#sSpan1154" value="appos"/>
		<feat xlink:href="#sSpan1158" value="det"/>
		<feat xlink:href="#sSpan1163" value="appos"/>
		<feat xlink:href="#sSpan1165" value="aux"/>
		<feat xlink:href="#sSpan1170" value="nsubj"/>
		<feat xlink:href="#sSpan1172" value="advcl"/>
		<feat xlink:href="#sSpan1174" value="case"/>
		<feat xlink:href="#sSpan1178" value="det"/>
		<feat xlink:href="#sSpan1181" value="obl"/>
		<feat xlink:href="#sSpan1184" value="case"/>
		<feat xlink:href="#sSpan1188" value="det"/>
		<feat xlink:href="#sSpan1192" value="nmod"/>
		<feat xlink:href="#sSpan1196" value="advmod"/>
		<feat xlink:href="#sSpan1200" value="det"/>
		<feat xlink:href="#sSpan1202" value="punct"/>
		<feat xlink:href="#sSpan1206" value="mark"/>
		<feat xlink:href="#sSpan1213" value="root"/>
		<feat xlink:href="#sSpan1216" value="cop"/>
		<feat xlink:href="#sSpan1221" value="det"/>
		<feat xlink:href="#sSpan1227" value="nsubj"/>
		<feat xlink:href="#sSpan1229" value="aux"/>
		<feat xlink:href="#sSpan1234" value="nsubj"/>
		<feat xlink:href="#sSpan1236" value="parataxis"/>
		<feat xlink:href="#sSpan1238" value="advmod"/>
		<feat xlink:href="#sSpan1242" value="case"/>
		<feat xlink:href="#sSpan1246" value="det"/>
		<feat xlink:href="#sSpan1250" value="obj"/>
		<feat xlink:href="#sSpan1253" value="advmod"/>
		<feat xlink:href="#sSpan1257" value="det"/>
		<feat xlink:href="#sSpan1259" value="aux"/>
		<feat xlink:href="#sSpan1267" value="nsubj"/>
		<feat xlink:href="#sSpan1269" value="root"/>
		<feat xlink:href="#sSpan1271" value="case"/>
		<feat xlink:href="#sSpan1275" value="obj"/>
		<feat xlink:href="#sSpan1279" value="det"/>
		<feat xlink:href="#sSpan1284" value="case"/>
		<feat xlink:href="#sSpan1288" value="det"/>
		<feat xlink:href="#sSpan1291" value="obl"/>
		<feat xlink:href="#sSpan1293" value="mark"/>
		<feat xlink:href="#sSpan1298" value="acl:relcl"/>
		<feat xlink:href="#sSpan1300" value="case"/>
		<feat xlink:href="#sSpan1304" value="obl"/>
		<feat xlink:href="#sSpan1307" value="aux"/>
		<feat xlink:href="#sSpan1311" value="nsubj"/>
		<feat xlink:href="#sSpan1313" value="parataxis"/>
		<feat xlink:href="#sSpan1316" value="obj"/>
		<feat xlink:href="#sSpan1318" value="case"/>
		<feat xlink:href="#sSpan1323" value="fixed"/>
		<feat xlink:href="#sSpan1327" value="det"/>
		<feat xlink:href="#sSpan1332" value="obl"/>
		<feat xlink:href="#sSpan1334" value="mark"/>
		<feat xlink:href="#sSpan1338" value="acl:relcl"/>
		<feat xlink:href="#sSpan1340" value="mark"/>
		<feat xlink:href="#sSpan1345" value="acl:relcl"/>
		<feat xlink:href="#sSpan1348" value="cop"/>
		<feat xlink:href="#sSpan1352" value="punct"/>
		<feat xlink:href="#sSpan1356" value="det"/>
		<feat xlink:href="#sSpan1366" value="root"/>
		<feat xlink:href="#sSpan1373" value="punct"/>
		<feat xlink:href="#sSpan1377" value="det"/>
		<feat xlink:href="#sSpan1382" value="conj"/>
		<feat xlink:href="#sSpan1387" value="punct"/>
		<feat xlink:href="#sSpan1391" value="det"/>
		<feat xlink:href="#sSpan1396" value="conj"/>
		<feat xlink:href="#sSpan1401" value="punct"/>
		<feat xlink:href="#sSpan1405" value="det"/>
		<feat xlink:href="#sSpan1410" value="conj"/>
		<feat xlink:href="#sSpan1415" value="punct"/>
		<feat xlink:href="#sSpan1419" value="det"/>
		<feat xlink:href="#sSpan1425" value="conj"/>
		<feat xlink:href="#sSpan1430" value="punct"/>
		<feat xlink:href="#sSpan1434" value="det"/>
		<feat xlink:href="#sSpan1443" value="root"/>
		<feat xlink:href="#sSpan1446" value="punct"/>
		<feat xlink:href="#sSpan1450" value="det"/>
		<feat xlink:href="#sSpan1454" value="conj"/>
		<feat xlink:href="#sSpan1456" value="punct"/>
		<feat xlink:href="#sSpan1460" value="det"/>
		<feat xlink:href="#sSpan1465" value="conj"/>
		<feat xlink:href="#sSpan1467" value="det"/>
		<feat xlink:href="#sSpan1473" value="conj"/>
		<feat xlink:href="#sSpan1475" value="punct"/>
		<feat xlink:href="#sSpan1479" value="det"/>
		<feat xlink:href="#sSpan1485" value="conj"/>
		<feat xlink:href="#sSpan1487" value="punct"/>
		<feat xlink:href="#sSpan1491" value="det"/>
		<feat xlink:href="#sSpan1497" value="conj"/>
		<feat xlink:href="#sSpan1499" value="punct"/>
		<feat xlink:href="#sSpan1503" value="det"/>
		<feat xlink:href="#sSpan1509" value="conj"/>
		<feat xlink:href="#sSpan1514" value="punct"/>
		<feat xlink:href="#sSpan1518" value="det"/>
		<feat xlink:href="#sSpan1523" value="conj"/>
		<feat xlink:href="#sSpan1525" value="punct"/>
		<feat xlink:href="#sSpan1529" value="det"/>
		<feat xlink:href="#sSpan1535" value="conj"/>
		<feat xlink:href="#sSpan1538" value="punct"/>
		<feat xlink:href="#sSpan1542" value="det"/>
		<feat xlink:href="#sSpan1550" value="root"/>
		<feat xlink:href="#sSpan1553" value="punct"/>
		<feat xlink:href="#sSpan1557" value="det"/>
		<feat xlink:href="#sSpan1563" value="conj"/>
		<feat xlink:href="#sSpan1566" value="punct"/>
		<feat xlink:href="#sSpan1570" value="det"/>
		<feat xlink:href="#sSpan1575" value="conj"/>
		<feat xlink:href="#sSpan1578" value="punct"/>
		<feat xlink:href="#sSpan1582" value="det"/>
		<feat xlink:href="#sSpan1586" value="conj"/>
		<feat xlink:href="#sSpan1589" value="det"/>
		<feat xlink:href="#sSpan1594" value="appos"/>
		<feat xlink:href="#sSpan1598" value="punct"/>
		<feat xlink:href="#sSpan1602" value="det"/>
		<feat xlink:href="#sSpan1607" value="conj"/>
		<feat xlink:href="#sSpan1609" value="case"/>
		<feat xlink:href="#sSpan1613" value="nmod"/>
		<feat xlink:href="#sSpan1616" value="punct"/>
		<feat xlink:href="#sSpan1620" value="det"/>
		<feat xlink:href="#sSpan1626" value="nmod"/>
		<feat xlink:href="#sSpan1628" value="punct"/>
		<feat xlink:href="#sSpan1632" value="det"/>
		<feat xlink:href="#sSpan1638" value="nmod"/>
		<feat xlink:href="#sSpan1641" value="punct"/>
		<feat xlink:href="#sSpan1645" value="det"/>
		<feat xlink:href="#sSpan1654" value="root"/>
		<feat xlink:href="#sSpan1660" value="punct"/>
		<feat xlink:href="#sSpan1664" value="cc"/>
		<feat xlink:href="#sSpan1668" value="conj"/>
		<feat xlink:href="#sSpan1671" value="mark"/>
		<feat xlink:href="#sSpan1673" value="acl:relcl"/>
		<feat xlink:href="#sSpan1676" value="case"/>
		<feat xlink:href="#sSpan1681" value="obj"/>
		<feat xlink:href="#sSpan1684" value="case"/>
		<feat xlink:href="#sSpan1688" value="det"/>
		<feat xlink:href="#sSpan1690" value="obl"/>
		<feat xlink:href="#sSpan1692" value="punct"/>
		<feat xlink:href="#sSpan1696" value="root"/>
		<feat xlink:href="#sSpan1705" value="cop"/>
		<feat xlink:href="#sSpan1709" value="det"/>
		<feat xlink:href="#sSpan1714" value="nsubj"/>
		<feat xlink:href="#sSpan1716" value="mark"/>
		<feat xlink:href="#sSpan1720" value="aux"/>
		<feat xlink:href="#sSpan1722" value="det"/>
		<feat xlink:href="#sSpan1726" value="nsubj"/>
		<feat xlink:href="#sSpan1729" value="acl:relcl"/>
		<feat xlink:href="#sSpan1733" value="case"/>
		<feat xlink:href="#sSpan1738" value="det"/>
		<feat xlink:href="#sSpan1741" value="obl"/>
		<feat xlink:href="#sSpan1743" value="case"/>
		<feat xlink:href="#sSpan1747" value="obl"/>
		<feat xlink:href="#sSpan1749" value="aux"/>
		<feat xlink:href="#sSpan1754" value="nsubj"/>
		<feat xlink:href="#sSpan1756" value="advcl"/>
		<feat xlink:href="#sSpan1758" value="obj"/>
		<feat xlink:href="#sSpan1760" value="aux"/>
		<feat xlink:href="#sSpan1765" value="nsubj"/>
		<feat xlink:href="#sSpan1767" value="advcl"/>
		<feat xlink:href="#sSpan1769" value="obj"/>
		<feat xlink:href="#sSpan1771" value="advmod"/>
		<feat xlink:href="#sSpan1775" value="punct"/>
		<feat xlink:href="#sSpan1779" value="root"/>
		<feat xlink:href="#sSpan1787" value="obj"/>
		<feat xlink:href="#sSpan1789" value="advmod"/>
		<feat xlink:href="#sSpan1793" value="det"/>
		<feat xlink:href="#sSpan1795" value="advmod"/>
		<feat xlink:href="#sSpan1800" value="aux"/>
		<feat xlink:href="#sSpan1804" value="nsubj"/>
		<feat xlink:href="#sSpan1806" value="advcl"/>
		<feat xlink:href="#sSpan1808" value="mark"/>
		<feat xlink:href="#sSpan1812" value="mark"/>
		<feat xlink:href="#sSpan1815" value="det"/>
		<feat xlink:href="#sSpan1819" value="nsubj"/>
		<feat xlink:href="#sSpan1821" value="det"/>
		<feat xlink:href="#sSpan1825" value="conj"/>
		<feat xlink:href="#sSpan1828" value="ccomp"/>
		<feat xlink:href="#sSpan1833" value="case"/>
		<feat xlink:href="#sSpan1837" value="obl"/>
		<feat xlink:href="#sSpan1839" value="case"/>
		<feat xlink:href="#sSpan1844" value="obl"/>
		<feat xlink:href="#sSpan1846" value="case"/>
		<feat xlink:href="#sSpan1850" value="nmod"/>
		<feat xlink:href="#sSpan1852" value="punct"/>
		<feat xlink:href="#sSpan1856" value="aux"/>
		<feat xlink:href="#sSpan1864" value="nsubj"/>
		<feat xlink:href="#sSpan1866" value="root"/>
		<feat xlink:href="#sSpan1868" value="case"/>
		<feat xlink:href="#sSpan1872" value="obl"/>
		<feat xlink:href="#sSpan1874" value="case"/>
		<feat xlink:href="#sSpan1878" value="det"/>
		<feat xlink:href="#sSpan1883" value="obj"/>
		<feat xlink:href="#sSpan1885" value="aux"/>
		<feat xlink:href="#sSpan1889" value="nsubj"/>
		<feat xlink:href="#sSpan1891" value="advcl"/>
		<feat xlink:href="#sSpan1894" value="obj"/>
		<feat xlink:href="#sSpan1896" value="case"/>
		<feat xlink:href="#sSpan1901" value="obl"/>
		<feat xlink:href="#sSpan1905" value="punct"/>
		<feat xlink:href="#sSpan1909" value="aux"/>
		<feat xlink:href="#sSpan1918" value="nsubj"/>
		<feat xlink:href="#sSpan1921" value="root"/>
		<feat xlink:href="#sSpan1924" value="obj"/>
		<feat xlink:href="#sSpan1926" value="case"/>
		<feat xlink:href="#sSpan1930" value="det"/>
		<feat xlink:href="#sSpan1933" value="dislocated"/>
		<feat xlink:href="#sSpan1936" value="det"/>
		<feat xlink:href="#sSpan1941" value="appos"/>
		<feat xlink:href="#sSpan1944" value="appos"/>
		<feat xlink:href="#sSpan1949" value="case"/>
		<feat xlink:href="#sSpan1954" value="det"/>
		<feat xlink:href="#sSpan1957" value="obl"/>
		<feat xlink:href="#sSpan1959" value="case"/>
		<feat xlink:href="#sSpan1964" value="nmod"/>
		<feat xlink:href="#sSpan1967" value="mark"/>
		<feat xlink:href="#sSpan1971" value="aux"/>
		<feat xlink:href="#sSpan1973" value="nsubj"/>
		<feat xlink:href="#sSpan1975" value="acl:relcl"/>
		<feat xlink:href="#sSpan1978" value="obj"/>
		<feat xlink:href="#sSpan1980" value="case"/>
		<feat xlink:href="#sSpan1984" value="obl"/>
		<feat xlink:href="#sSpan1986" value="punct"/>
		<feat xlink:href="#sSpan1990" value="aux"/>
		<feat xlink:href="#sSpan1997" value="nsubj"/>
		<feat xlink:href="#sSpan1999" value="root"/>
		<feat xlink:href="#sSpan2002" value="case"/>
		<feat xlink:href="#sSpan2006" value="det"/>
		<feat xlink:href="#sSpan2009" value="obj"/>
		<feat xlink:href="#sSpan2012" value="case"/>
		<feat xlink:href="#sSpan2016" value="nmod"/>
		<feat xlink:href="#sSpan2018" value="case"/>
		<feat xlink:href="#sSpan2022" value="det"/>
		<feat xlink:href="#sSpan2026" value="obl"/>
		<feat xlink:href="#sSpan2029" value="punct"/>
		<feat xlink:href="#sSpan2033" value="aux"/>
		<feat xlink:href="#sSpan2037" value="nsubj"/>
		<feat xlink:href="#sSpan2039" value="parataxis"/>
		<feat xlink:href="#sSpan2042" value="case"/>
		<feat xlink:href="#sSpan2047" value="det"/>
		<feat xlink:href="#sSpan2051" value="obl"/>
		<feat xlink:href="#sSpan2053" value="mark"/>
		<feat xlink:href="#sSpan2057" value="acl:relcl"/>
		<feat xlink:href="#sSpan2060" value="obj"/>
		<feat xlink:href="#sSpan2062" value="punct"/>
		<feat xlink:href="#sSpan2066" value="aux"/>
		<feat xlink:href="#sSpan2073" value="nsubj"/>
		<feat xlink:href="#sSpan2076" value="root"/>
		<feat xlink:href="#sSpan2079" value="case"/>
		<feat xlink:href="#sSpan2084" value="obl"/>
		<feat xlink:href="#sSpan2086" value="mark"/>
		<feat xlink:href="#sSpan2091" value="ccomp"/>
		<feat xlink:href="#sSpan2093" value="aux"/>
		<feat xlink:href="#sSpan2098" value="nsubj"/>
		<feat xlink:href="#sSpan2100" value="parataxis"/>
		<feat xlink:href="#sSpan2103" value="advmod"/>
		<feat xlink:href="#sSpan2107" value="advmod"/>
		<feat xlink:href="#sSpan2111" value="case"/>
		<feat xlink:href="#sSpan2116" value="det"/>
		<feat xlink:href="#sSpan2120" value="dislocated"/>
		<feat xlink:href="#sSpan2123" value="case"/>
		<feat xlink:href="#sSpan2128" value="det"/>
		<feat xlink:href="#sSpan2131" value="nmod"/>
		<feat xlink:href="#sSpan2133" value="punct"/>
		<feat xlink:href="#sSpan2137" value="dislocated"/>
		<feat xlink:href="#sSpan2146" value="advmod"/>
		<feat xlink:href="#sSpan2150" value="aux"/>
		<feat xlink:href="#sSpan2154" value="nsubj"/>
		<feat xlink:href="#sSpan2157" value="root"/>
		<feat xlink:href="#sSpan2161" value="obj"/>
		<feat xlink:href="#sSpan2163" value="case"/>
		<feat xlink:href="#sSpan2167" value="det"/>
		<feat xlink:href="#sSpan2171" value="obl"/>
		<feat xlink:href="#sSpan2174" value="mark"/>
		<feat xlink:href="#sSpan2178" value="acl:relcl"/>
		<feat xlink:href="#sSpan2180" value="punct"/>
		<feat xlink:href="#sSpan2184" value="case"/>
		<feat xlink:href="#sSpan2195" value="obl"/>
		<feat xlink:href="#sSpan2200" value="aux"/>
		<feat xlink:href="#sSpan2204" value="nsubj"/>
		<feat xlink:href="#sSpan2206" value="root"/>
		<feat xlink:href="#sSpan2208" value="det"/>
		<feat xlink:href="#sSpan2212" value="obj"/>
		<feat xlink:href="#sSpan2214" value="advmod"/>
		<feat xlink:href="#sSpan2218" value="det"/>
		<feat xlink:href="#sSpan2220" value="case"/>
		<feat xlink:href="#sSpan2224" value="det"/>
		<feat xlink:href="#sSpan2228" value="obl"/>
		<feat xlink:href="#sSpan2230" value="punct"/>
		<feat xlink:href="#sSpan2234" value="mark"/>
		<feat xlink:href="#sSpan2238" value="det"/>
		<feat xlink:href="#sSpan2242" value="advcl"/>
		<feat xlink:href="#sSpan2246" value="case"/>
		<feat xlink:href="#sSpan2250" value="obj"/>
		<feat xlink:href="#sSpan2252" value="det"/>
		<feat xlink:href="#sSpan2258" value="vocative"/>
		<feat xlink:href="#sSpan2260" value="aux"/>
		<feat xlink:href="#sSpan2264" value="nsubj"/>
		<feat xlink:href="#sSpan2266" value="parataxis"/>
		<feat xlink:href="#sSpan2268" value="obj"/>
		<feat xlink:href="#sSpan2270" value="xcomp"/>
		<feat xlink:href="#sSpan2274" value="advmod"/>
		<feat xlink:href="#sSpan2278" value="punct"/>
		<feat xlink:href="#sSpan2282" value="det"/>
		<feat xlink:href="#sSpan2290" value="dislocated"/>
		<feat xlink:href="#sSpan2292" value="aux"/>
		<feat xlink:href="#sSpan2296" value="nsubj"/>
		<feat xlink:href="#sSpan2298" value="root"/>
		<feat xlink:href="#sSpan2301" value="obj"/>
		<feat xlink:href="#sSpan2303" value="xcomp"/>
		<feat xlink:href="#sSpan2305" value="punct"/>
		<feat xlink:href="#sSpan2309" value="det"/>
		<feat xlink:href="#sSpan2314" value="dislocated"/>
		<feat xlink:href="#sSpan2317" value="aux"/>
		<feat xlink:href="#sSpan2321" value="nsubj"/>
		<feat xlink:href="#sSpan2323" value="parataxis"/>
		<feat xlink:href="#sSpan2325" value="obj"/>
		<feat xlink:href="#sSpan2327" value="xcomp"/>
		<feat xlink:href="#sSpan2329" value="punct"/>
		<feat xlink:href="#sSpan2333" value="dislocated"/>
		<feat xlink:href="#sSpan2339" value="mark"/>
		<feat xlink:href="#sSpan2341" value="acl:relcl"/>
		<feat xlink:href="#sSpan2343" value="aux"/>
		<feat xlink:href="#sSpan2347" value="nsubj"/>
		<feat xlink:href="#sSpan2349" value="parataxis"/>
		<feat xlink:href="#sSpan2351" value="obj"/>
		<feat xlink:href="#sSpan2353" value="punct"/>
		<feat xlink:href="#sSpan2357" value="dislocated"/>
		<feat xlink:href="#sSpan2366" value="mark"/>
		<feat xlink:href="#sSpan2368" value="acl:relcl"/>
		<feat xlink:href="#sSpan2370" value="aux"/>
		<feat xlink:href="#sSpan2374" value="nsubj"/>
		<feat xlink:href="#sSpan2376" value="root"/>
		<feat xlink:href="#sSpan2379" value="obj"/>
		<feat xlink:href="#sSpan2381" value="punct"/>
		<feat xlink:href="#sSpan2385" value="det"/>
		<feat xlink:href="#sSpan2391" value="dislocated"/>
		<feat xlink:href="#sSpan2394" value="aux"/>
		<feat xlink:href="#sSpan2398" value="nsubj"/>
		<feat xlink:href="#sSpan2400" value="parataxis"/>
		<feat xlink:href="#sSpan2403" value="obj"/>
		<feat xlink:href="#sSpan2405" value="advmod"/>
		<feat xlink:href="#sSpan2409" value="punct"/>
		<feat xlink:href="#sSpan2413" value="det"/>
		<feat xlink:href="#sSpan2421" value="dislocated"/>
		<feat xlink:href="#sSpan2424" value="mark"/>
		<feat xlink:href="#sSpan2428" value="acl:relcl"/>
		<feat xlink:href="#sSpan2430" value="aux"/>
		<feat xlink:href="#sSpan2435" value="nsubj"/>
		<feat xlink:href="#sSpan2437" value="root"/>
		<feat xlink:href="#sSpan2439" value="obj"/>
		<feat xlink:href="#sSpan2441" value="advmod"/>
		<feat xlink:href="#sSpan2446" value="punct"/>
		<feat xlink:href="#sSpan2450" value="det"/>
		<feat xlink:href="#sSpan2455" value="dislocated"/>
		<feat xlink:href="#sSpan2457" value="aux"/>
		<feat xlink:href="#sSpan2461" value="nsubj"/>
		<feat xlink:href="#sSpan2463" value="parataxis"/>
		<feat xlink:href="#sSpan2466" value="obj"/>
		<feat xlink:href="#sSpan2468" value="case"/>
		<feat xlink:href="#sSpan2472" value="obl"/>
		<feat xlink:href="#sSpan2475" value="punct"/>
		<feat xlink:href="#sSpan2479" value="det"/>
		<feat xlink:href="#sSpan2486" value="obl"/>
		<feat xlink:href="#sSpan2488" value="aux"/>
		<feat xlink:href="#sSpan2492" value="nsubj"/>
		<feat xlink:href="#sSpan2494" value="parataxis"/>
		<feat xlink:href="#sSpan2497" value="obj"/>
		<feat xlink:href="#sSpan2499" value="punct"/>
		<feat xlink:href="#sSpan2503" value="aux"/>
		<feat xlink:href="#sSpan2510" value="nsubj"/>
		<feat xlink:href="#sSpan2512" value="root"/>
		<feat xlink:href="#sSpan2514" value="det"/>
		<feat xlink:href="#sSpan2519" value="obj"/>
		<feat xlink:href="#sSpan2522" value="case"/>
		<feat xlink:href="#sSpan2526" value="obl"/>
		<feat xlink:href="#sSpan2528" value="case"/>
		<feat xlink:href="#sSpan2533" value="fixed"/>
		<feat xlink:href="#sSpan2538" value="det"/>
		<feat xlink:href="#sSpan2542" value="obl"/>
		<feat xlink:href="#sSpan2545" value="aux"/>
		<feat xlink:href="#sSpan2550" value="nsubj"/>
		<feat xlink:href="#sSpan2552" value="parataxis"/>
		<feat xlink:href="#sSpan2554" value="obj"/>
		<feat xlink:href="#sSpan2556" value="case"/>
		<feat xlink:href="#sSpan2560" value="det"/>
		<feat xlink:href="#sSpan2562" value="obl"/>
		<feat xlink:href="#sSpan2564" value="case"/>
		<feat xlink:href="#sSpan2568" value="det"/>
		<feat xlink:href="#sSpan2572" value="nmod"/>
		<feat xlink:href="#sSpan2575" value="punct"/>
		<feat xlink:href="#sSpan2579" value="aux"/>
		<feat xlink:href="#sSpan2586" value="det"/>
		<feat xlink:href="#sSpan2589" value="nsubj"/>
		<feat xlink:href="#sSpan2593" value="advmod"/>
		<feat xlink:href="#sSpan2597" value="mark"/>
		<feat xlink:href="#sSpan2601" value="acl:relcl"/>
		<feat xlink:href="#sSpan2603" value="root"/>
		<feat xlink:href="#sSpan2608" value="case"/>
		<feat xlink:href="#sSpan2612" value="det"/>
		<feat xlink:href="#sSpan2615" value="obj"/>
		<feat xlink:href="#sSpan2617" value="case"/>
		<feat xlink:href="#sSpan2622" value="nmod"/>
		<feat xlink:href="#sSpan2624" value="punct"/>
		<feat xlink:href="#sSpan2628" value="mark"/>
		<feat xlink:href="#sSpan2632" value="aux"/>
		<feat xlink:href="#sSpan2634" value="det"/>
		<feat xlink:href="#sSpan2637" value="nsubj"/>
		<feat xlink:href="#sSpan2640" value="acl:relcl"/>
		<feat xlink:href="#sSpan2644" value="obj"/>
		<feat xlink:href="#sSpan2646" value="case"/>
		<feat xlink:href="#sSpan2650" value="det"/>
		<feat xlink:href="#sSpan2653" value="obl"/>
		<feat xlink:href="#sSpan2656" value="case"/>
		<feat xlink:href="#sSpan2660" value="nmod"/>
		<feat xlink:href="#sSpan2663" value="mark"/>
		<feat xlink:href="#sSpan2666" value="aux"/>
		<feat xlink:href="#sSpan2668" value="nsubj"/>
		<feat xlink:href="#sSpan2671" value="acl:relcl"/>
		<feat xlink:href="#sSpan2673" value="case"/>
		<feat xlink:href="#sSpan2678" value="obj"/>
		<feat xlink:href="#sSpan2680" value="punct"/>
		<feat xlink:href="#sSpan2684" value="case"/>
		<feat xlink:href="#sSpan2691" value="det"/>
		<feat xlink:href="#sSpan2693" value="obl"/>
		<feat xlink:href="#sSpan2695" value="mark"/>
		<feat xlink:href="#sSpan2700" value="acl:relcl"/>
		<feat xlink:href="#sSpan2702" value="aux"/>
		<feat xlink:href="#sSpan2706" value="nsubj"/>
		<feat xlink:href="#sSpan2709" value="root"/>
		<feat xlink:href="#sSpan2712" value="case"/>
		<feat xlink:href="#sSpan2716" value="det"/>
		<feat xlink:href="#sSpan2719" value="obj"/>
		<feat xlink:href="#sSpan2721" value="case"/>
		<feat xlink:href="#sSpan2725" value="det"/>
		<feat xlink:href="#sSpan2729" value="nmod"/>
		<feat xlink:href="#sSpan2733" value="punct"/>
		<feat xlink:href="#sSpan2737" value="case"/>
		<feat xlink:href="#sSpan2745" value="det"/>
		<feat xlink:href="#sSpan2747" value="obl"/>
		<feat xlink:href="#sSpan2749" value="aux"/>
		<feat xlink:href="#sSpan2753" value="det"/>
		<feat xlink:href="#sSpan2757" value="nsubj"/>
		<feat xlink:href="#sSpan2760" value="case"/>
		<feat xlink:href="#sSpan2764" value="det"/>
		<feat xlink:href="#sSpan2767" value="nmod"/>
		<feat xlink:href="#sSpan2769" value="root"/>
		<feat xlink:href="#sSpan2775" value="obj"/>
		<feat xlink:href="#sSpan2777" value="mark"/>
		<feat xlink:href="#sSpan2781" value="det"/>
		<feat xlink:href="#sSpan2785" value="ccomp"/>
		<feat xlink:href="#sSpan2787" value="cop"/>
		<feat xlink:href="#sSpan2792" value="mark"/>
		<feat xlink:href="#sSpan2796" value="aux"/>
		<feat xlink:href="#sSpan2798" value="nsubj"/>
		<feat xlink:href="#sSpan2801" value="csubj"/>
		<feat xlink:href="#sSpan2805" value="case"/>
		<feat xlink:href="#sSpan2809" value="det"/>
		<feat xlink:href="#sSpan2813" value="obl"/>
		<feat xlink:href="#sSpan2815" value="case"/>
		<feat xlink:href="#sSpan2823" value="obl"/>
		<feat xlink:href="#sSpan2826" value="advmod"/>
		<feat xlink:href="#sSpan2830" value="det"/>
		<feat xlink:href="#sSpan2832" value="mark"/>
		<feat xlink:href="#sSpan2837" value="aux"/>
		<feat xlink:href="#sSpan2839" value="nsubj"/>
		<feat xlink:href="#sSpan2841" value="acl:relcl"/>
		<feat xlink:href="#sSpan2843" value="obj"/>
		<feat xlink:href="#sSpan2845" value="aux"/>
		<feat xlink:href="#sSpan2849" value="nsubj"/>
		<feat xlink:href="#sSpan2852" value="root"/>
		<feat xlink:href="#sSpan2855" value="case"/>
		<feat xlink:href="#sSpan2859" value="obl"/>
		<feat xlink:href="#sSpan2861" value="punct"/>
		<feat xlink:href="#sSpan2866" value="cc"/>
		<feat xlink:href="#sSpan2874" value="aux"/>
		<feat xlink:href="#sSpan2878" value="nsubj"/>
		<feat xlink:href="#sSpan2880" value="root"/>
		<feat xlink:href="#sSpan2882" value="obj"/>
		<feat xlink:href="#sSpan2884" value="aux"/>
		<feat xlink:href="#sSpan2888" value="nsubj"/>
		<feat xlink:href="#sSpan2891" value="parataxis"/>
		<feat xlink:href="#sSpan2894" value="case"/>
		<feat xlink:href="#sSpan2898" value="obj"/>
		<feat xlink:href="#sSpan2900" value="aux"/>
		<feat xlink:href="#sSpan2905" value="nsubj"/>
		<feat xlink:href="#sSpan2908" value="parataxis"/>
		<feat xlink:href="#sSpan2910" value="case"/>
		<feat xlink:href="#sSpan2914" value="obj"/>
		<feat xlink:href="#sSpan2916" value="aux"/>
		<feat xlink:href="#sSpan2921" value="nsubj"/>
		<feat xlink:href="#sSpan2923" value="advcl"/>
		<feat xlink:href="#sSpan2926" value="advmod"/>
		<feat xlink:href="#sSpan2930" value="case"/>
		<feat xlink:href="#sSpan2935" value="det"/>
		<feat xlink:href="#sSpan2939" value="obl"/>
		<feat xlink:href="#sSpan2941" value="case"/>
		<feat xlink:href="#sSpan2945" value="det"/>
		<feat xlink:href="#sSpan2949" value="nmod"/>
		<feat xlink:href="#sSpan2952" value="punct"/>
		<feat xlink:href="#sSpan2956" value="aux"/>
		<feat xlink:href="#sSpan2963" value="nsubj"/>
		<feat xlink:href="#sSpan2965" value="root"/>
		<feat xlink:href="#sSpan2967" value="case"/>
		<feat xlink:href="#sSpan2971" value="obl"/>
		<feat xlink:href="#sSpan2973" value="case"/>
		<feat xlink:href="#sSpan2978" value="det"/>
		<feat xlink:href="#sSpan2981" value="obj"/>
		<feat xlink:href="#sSpan2983" value="case"/>
		<feat xlink:href="#sSpan2987" value="det"/>
		<feat xlink:href="#sSpan2990" value="obl"/>
		<feat xlink:href="#sSpan2992" value="case"/>
		<feat xlink:href="#sSpan2997" value="det"/>
		<feat xlink:href="#sSpan3000" value="nmod"/>
		<feat xlink:href="#sSpan3002" value="punct"/>
		<feat xlink:href="#sSpan3007" value="advmod"/>
		<feat xlink:href="#sSpan3014" value="aux"/>
		<feat xlink:href="#sSpan3019" value="det"/>
		<feat xlink:href="#sSpan3022" value="nsubj"/>
		<feat xlink:href="#sSpan3024" value="mark"/>
		<feat xlink:href="#sSpan3028" value="acl:relcl"/>
		<feat xlink:href="#sSpan3030" value="root"/>
		<feat xlink:href="#sSpan3035" value="advmod"/>
		<feat xlink:href="#sSpan3040" value="mark"/>
		<feat xlink:href="#sSpan3044" value="aux"/>
		<feat xlink:href="#sSpan3046" value="nsubj"/>
		<feat xlink:href="#sSpan3048" value="ccomp"/>
		<feat xlink:href="#sSpan3051" value="obj"/>
		<feat xlink:href="#sSpan3056" value="det"/>
		<feat xlink:href="#sSpan3060" value="obl"/>
		<feat xlink:href="#sSpan3062" value="case"/>
		<feat xlink:href="#sSpan3066" value="obl"/>
		<feat xlink:href="#sSpan3070" value="mark"/>
		<feat xlink:href="#sSpan3072" value="acl:relcl"/>
		<feat xlink:href="#sSpan3074" value="case"/>
		<feat xlink:href="#sSpan3078" value="det"/>
		<feat xlink:href="#sSpan3081" value="obl"/>
		<feat xlink:href="#sSpan3083" value="case"/>
		<feat xlink:href="#sSpan3087" value="nmod"/>
		<feat xlink:href="#sSpan3090" value="case"/>
		<feat xlink:href="#sSpan3094" value="nmod"/>
		<feat xlink:href="#sSpan3097" value="mark"/>
		<feat xlink:href="#sSpan3099" value="acl:relcl"/>
		<feat xlink:href="#sSpan3101" value="nsubj"/>
		<feat xlink:href="#sSpan3103" value="punct"/>
		<feat xlink:href="#sSpan3107" value="cc"/>
		<feat xlink:href="#sSpan3115" value="nsubj"/>
		<feat xlink:href="#sSpan3120" value="root"/>
		<feat xlink:href="#sSpan3122" value="case"/>
		<feat xlink:href="#sSpan3126" value="det"/>
		<feat xlink:href="#sSpan3129" value="obl"/>
		<feat xlink:href="#sSpan3132" value="case"/>
		<feat xlink:href="#sSpan3136" value="det"/>
		<feat xlink:href="#sSpan3138" value="nmod"/>
		<feat xlink:href="#sSpan3140" value="punct"/>
		<feat xlink:href="#sSpan3144" value="root"/>
		<feat xlink:href="#sSpan3152" value="advmod"/>
		<feat xlink:href="#sSpan3156" value="cop"/>
		<feat xlink:href="#sSpan3160" value="det"/>
		<feat xlink:href="#sSpan3166" value="nsubj"/>
		<feat xlink:href="#sSpan3171" value="mark"/>
		<feat xlink:href="#sSpan3175" value="aux"/>
		<feat xlink:href="#sSpan3177" value="nsubj"/>
		<feat xlink:href="#sSpan3179" value="acl:relcl"/>
		<feat xlink:href="#sSpan3181" value="obj"/>
		<feat xlink:href="#sSpan3183" value="case"/>
		<feat xlink:href="#sSpan3187" value="det"/>
		<feat xlink:href="#sSpan3191" value="obl"/>
		<feat xlink:href="#sSpan3193" value="punct"/>
		<feat xlink:href="#sSpan3197" value="aux"/>
		<feat xlink:href="#sSpan3204" value="det"/>
		<feat xlink:href="#sSpan3209" value="nsubj"/>
		<feat xlink:href="#sSpan3211" value="advcl"/>
		<feat xlink:href="#sSpan3215" value="obj"/>
		<feat xlink:href="#sSpan3217" value="root"/>
		<feat xlink:href="#sSpan3222" value="obj"/>
		<feat xlink:href="#sSpan3224" value="aux"/>
		<feat xlink:href="#sSpan3228" value="nsubj"/>
		<feat xlink:href="#sSpan3230" value="advcl"/>
		<feat xlink:href="#sSpan3232" value="case"/>
		<feat xlink:href="#sSpan3237" value="obl"/>
		<feat xlink:href="#sSpan3239" value="punct"/>
		<feat xlink:href="#sSpan3243" value="det"/>
		<feat xlink:href="#sSpan3251" value="root"/>
		<feat xlink:href="#sSpan3254" value="advmod"/>
		<feat xlink:href="#sSpan3259" value="cop"/>
		<feat xlink:href="#sSpan3263" value="mark"/>
		<feat xlink:href="#sSpan3267" value="csubj"/>
		<feat xlink:href="#sSpan3269" value="obj"/>
		<feat xlink:href="#sSpan3271" value="punct"/>
		<feat xlink:href="#sSpan3275" value="det"/>
		<feat xlink:href="#sSpan3280" value="nsubj"/>
		<feat xlink:href="#sSpan3283" value="parataxis"/>
		<feat xlink:href="#sSpan3287" value="punct"/>
		<feat xlink:href="#sSpan3291" value="det"/>
		<feat xlink:href="#sSpan3296" value="parataxis"/>
		<feat xlink:href="#sSpan3299" value="advmod"/>
		<feat xlink:href="#sSpan3305" value="punct"/>
		<feat xlink:href="#sSpan3309" value="det"/>
		<feat xlink:href="#sSpan3318" value="nsubj"/>
		<feat xlink:href="#sSpan3321" value="advmod"/>
		<feat xlink:href="#sSpan3327" value="punct"/>
		<feat xlink:href="#sSpan3331" value="det"/>
		<feat xlink:href="#sSpan3337" value="nsubj"/>
		<feat xlink:href="#sSpan3340" value="root"/>
		<feat xlink:href="#sSpan3344" value="mark"/>
		<feat xlink:href="#sSpan3348" value="xcomp"/>
		<feat xlink:href="#sSpan3351" value="obj"/>
		<feat xlink:href="#sSpan3353" value="xcomp"/>
		<feat xlink:href="#sSpan3355" value="obj"/>
		<feat xlink:href="#sSpan3357" value="punct"/>
		<feat xlink:href="#sSpan3361" value="det"/>
		<feat xlink:href="#sSpan3369" value="root"/>
		<feat xlink:href="#sSpan3371" value="cop"/>
		<feat xlink:href="#sSpan3376" value="mark"/>
		<feat xlink:href="#sSpan3378" value="aux"/>
		<feat xlink:href="#sSpan3380" value="nsubj"/>
		<feat xlink:href="#sSpan3382" value="csubj"/>
		<feat xlink:href="#sSpan3384" value="obj"/>
		<feat xlink:href="#sSpan3386" value="punct"/>
		<feat xlink:href="#sSpan3390" value="det"/>
		<feat xlink:href="#sSpan3396" value="conj"/>
		<feat xlink:href="#sSpan3398" value="cop"/>
		<feat xlink:href="#sSpan3402" value="mark"/>
		<feat xlink:href="#sSpan3404" value="aux"/>
		<feat xlink:href="#sSpan3406" value="nsubj"/>
		<feat xlink:href="#sSpan3408" value="csubj"/>
		<feat xlink:href="#sSpan3414" value="obj"/>
		<feat xlink:href="#sSpan3416" value="punct"/>
		<feat xlink:href="#sSpan3420" value="det"/>
		<feat xlink:href="#sSpan3425" value="conj"/>
		<feat xlink:href="#sSpan3427" value="cop"/>
		<feat xlink:href="#sSpan3431" value="mark"/>
		<feat xlink:href="#sSpan3434" value="aux"/>
		<feat xlink:href="#sSpan3436" value="nsubj"/>
		<feat xlink:href="#sSpan3439" value="csubj"/>
		<feat xlink:href="#sSpan3441" value="case"/>
		<feat xlink:href="#sSpan3445" value="obj"/>
		<feat xlink:href="#sSpan3448" value="appos"/>
		<feat xlink:href="#sSpan3454" value="det"/>
		<feat xlink:href="#sSpan3459" value="appos"/>
		<feat xlink:href="#sSpan3461" value="appos"/>
		<feat xlink:href="#sSpan3465" value="mark"/>
		<feat xlink:href="#sSpan3467" value="aux"/>
		<feat xlink:href="#sSpan3469" value="nsubj"/>
		<feat xlink:href="#sSpan3471" value="acl:relcl"/>
		<feat xlink:href="#sSpan3474" value="obj"/>
		<feat xlink:href="#sSpan3476" value="punct"/>
		<feat xlink:href="#sSpan3480" value="aux"/>
		<feat xlink:href="#sSpan3484" value="nsubj"/>
		<feat xlink:href="#sSpan3487" value="parataxis"/>
		<feat xlink:href="#sSpan3490" value="case"/>
		<feat xlink:href="#sSpan3495" value="obl"/>
		<feat xlink:href="#sSpan3497" value="case"/>
		<feat xlink:href="#sSpan3501" value="det"/>
		<feat xlink:href="#sSpan3504" value="obl"/>
		<feat xlink:href="#sSpan3506" value="mark"/>
		<feat xlink:href="#sSpan3510" value="acl:relcl"/>
		<feat xlink:href="#sSpan3513" value="punct"/>
		<feat xlink:href="#sSpan3517" value="aux"/>
		<feat xlink:href="#sSpan3521" value="nsubj"/>
		<feat xlink:href="#sSpan3524" value="parataxis"/>
		<feat xlink:href="#sSpan3527" value="advmod"/>
		<feat xlink:href="#sSpan3531" value="case"/>
		<feat xlink:href="#sSpan3536" value="det"/>
		<feat xlink:href="#sSpan3539" value="obl"/>
		<feat xlink:href="#sSpan3541" value="punct"/>
		<feat xlink:href="#sSpan3545" value="root"/>
		<feat xlink:href="#sSpan3552" value="cop"/>
		<feat xlink:href="#sSpan3557" value="mark"/>
		<feat xlink:href="#sSpan3559" value="aux"/>
		<feat xlink:href="#sSpan3561" value="nsubj"/>
		<feat xlink:href="#sSpan3563" value="csubj"/>
		<feat xlink:href="#sSpan3565" value="obj"/>
		<feat xlink:href="#sSpan3567" value="punct"/>
		<feat xlink:href="#sSpan3571" value="aux"/>
		<feat xlink:href="#sSpan3576" value="nsubj"/>
		<feat xlink:href="#sSpan3579" value="parataxis"/>
		<feat xlink:href="#sSpan3582" value="case"/>
		<feat xlink:href="#sSpan3586" value="det"/>
		<feat xlink:href="#sSpan3589" value="obl"/>
		<feat xlink:href="#sSpan3591" value="case"/>
		<feat xlink:href="#sSpan3596" value="det"/>
		<feat xlink:href="#sSpan3599" value="nmod"/>
		<feat xlink:href="#sSpan3601" value="punct"/>
		<feat xlink:href="#sSpan3605" value="aux"/>
		<feat xlink:href="#sSpan3612" value="nsubj"/>
		<feat xlink:href="#sSpan3614" value="root"/>
		<feat xlink:href="#sSpan3616" value="case"/>
		<feat xlink:href="#sSpan3621" value="det"/>
		<feat xlink:href="#sSpan3624" value="obj"/>
		<feat xlink:href="#sSpan3626" value="case"/>
		<feat xlink:href="#sSpan3630" value="nmod"/>
		<feat xlink:href="#sSpan3634" value="case"/>
		<feat xlink:href="#sSpan3638" value="obl"/>
		<feat xlink:href="#sSpan3640" value="punct"/>
		<feat xlink:href="#sSpan3644" value="aux"/>
		<feat xlink:href="#sSpan3648" value="nsubj"/>
		<feat xlink:href="#sSpan3650" value="parataxis"/>
		<feat xlink:href="#sSpan3652" value="case"/>
		<feat xlink:href="#sSpan3657" value="obl"/>
		<feat xlink:href="#sSpan3659" value="case"/>
		<feat xlink:href="#sSpan3663" value="det"/>
		<feat xlink:href="#sSpan3667" value="obj"/>
		<feat xlink:href="#sSpan3669" value="case"/>
		<feat xlink:href="#sSpan3675" value="nmod"/>
		<feat xlink:href="#sSpan3677" value="punct"/>
		<feat xlink:href="#sSpan3681" value="aux"/>
		<feat xlink:href="#sSpan3688" value="nsubj"/>
		<feat xlink:href="#sSpan3690" value="root"/>
		<feat xlink:href="#sSpan3692" value="case"/>
		<feat xlink:href="#sSpan3697" value="obl"/>
		<feat xlink:href="#sSpan3699" value="case"/>
		<feat xlink:href="#sSpan3703" value="det"/>
		<feat xlink:href="#sSpan3706" value="obj"/>
		<feat xlink:href="#sSpan3708" value="cc"/>
		<feat xlink:href="#sSpan3712" value="det"/>
		<feat xlink:href="#sSpan3716" value="conj"/>
		<feat xlink:href="#sSpan3718" value="punct"/>
		<feat xlink:href="#sSpan3722" value="dislocated"/>
		<feat xlink:href="#sSpan3730" value="advmod"/>
		<feat xlink:href="#sSpan3735" value="det"/>
		<feat xlink:href="#sSpan3737" value="aux"/>
		<feat xlink:href="#sSpan3741" value="nsubj"/>
		<feat xlink:href="#sSpan3743" value="root"/>
		<feat xlink:href="#sSpan3745" value="case"/>
		<feat xlink:href="#sSpan3749" value="obj"/>
		<feat xlink:href="#sSpan3752" value="case"/>
		<feat xlink:href="#sSpan3756" value="obl"/>
		<feat xlink:href="#sSpan3758" value="cop"/>
		<feat xlink:href="#sSpan3762" value="punct"/>
		<feat xlink:href="#sSpan3766" value="aux"/>
		<feat xlink:href="#sSpan3774" value="nsubj"/>
		<feat xlink:href="#sSpan3777" value="root"/>
		<feat xlink:href="#sSpan3780" value="case"/>
		<feat xlink:href="#sSpan3784" value="obl"/>
		<feat xlink:href="#sSpan3786" value="case"/>
		<feat xlink:href="#sSpan3790" value="det"/>
		<feat xlink:href="#sSpan3795" value="obj"/>
		<feat xlink:href="#sSpan3797" value="nummod"/>
		<feat xlink:href="#sSpan3801" value="dislocated"/>
		<feat xlink:href="#sSpan3811" value="advmod"/>
		<feat xlink:href="#sSpan3815" value="case"/>
		<feat xlink:href="#sSpan3819" value="nmod"/>
		<feat xlink:href="#sSpan3821" value="aux"/>
		<feat xlink:href="#sSpan3825" value="nsubj"/>
		<feat xlink:href="#sSpan3827" value="root"/>
		<feat xlink:href="#sSpan3830" value="case"/>
		<feat xlink:href="#sSpan3834" value="det"/>
		<feat xlink:href="#sSpan3837" value="obj"/>
		<feat xlink:href="#sSpan3839" value="case"/>
		<feat xlink:href="#sSpan3844" value="det"/>
		<feat xlink:href="#sSpan3847" value="nmod"/>
		<feat xlink:href="#sSpan3849" value="advmod"/>
		<feat xlink:href="#sSpan3853" value="punct"/>
		<feat xlink:href="#sSpan3857" value="root"/>
		<feat xlink:href="#sSpan3865" value="nsubj"/>
		<feat xlink:href="#sSpan3867" value="case"/>
		<feat xlink:href="#sSpan3871" value="det"/>
		<feat xlink:href="#sSpan3874" value="obl"/>
		<feat xlink:href="#sSpan3876" value="mark"/>
		<feat xlink:href="#sSpan3881" value="nsubj"/>
		<feat xlink:href="#sSpan3883" value="ccomp"/>
		<feat xlink:href="#sSpan3885" value="case"/>
		<feat xlink:href="#sSpan3889" value="obj"/>
		<feat xlink:href="#sSpan3891" value="mark"/>
		<feat xlink:href="#sSpan3896" value="nsubj"/>
		<feat xlink:href="#sSpan3898" value="advcl"/>
		<feat xlink:href="#sSpan3900" value="case"/>
		<feat xlink:href="#sSpan3904" value="obj"/>
		<feat xlink:href="#sSpan3906" value="mark"/>
		<feat xlink:href="#sSpan3913" value="mark"/>
		<feat xlink:href="#sSpan3916" value="advcl"/>
		<feat xlink:href="#sSpan3920" value="cop"/>
		<feat xlink:href="#sSpan3924" value="det"/>
		<feat xlink:href="#sSpan3930" value="nsubj"/>
		<feat xlink:href="#sSpan3932" value="root"/>
		<feat xlink:href="#sSpan3937" value="obj"/>
		<feat xlink:href="#sSpan3939" value="punct"/>
		<feat xlink:href="#sSpan3943" value="cc"/>
		<feat xlink:href="#sSpan3947" value="aux"/>
		<feat xlink:href="#sSpan3951" value="nsubj"/>
		<feat xlink:href="#sSpan3953" value="conj"/>
		<feat xlink:href="#sSpan3956" value="obj"/>
		<feat xlink:href="#sSpan3958" value="advmod"/>
		<feat xlink:href="#sSpan3962" value="det"/>
		<feat xlink:href="#sSpan3964" value="aux"/>
		<feat xlink:href="#sSpan3972" value="det"/>
		<feat xlink:href="#sSpan3975" value="det"/>
		<feat xlink:href="#sSpan3977" value="nsubj"/>
		<feat xlink:href="#sSpan3980" value="root"/>
		<feat xlink:href="#sSpan3985" value="case"/>
		<feat xlink:href="#sSpan3989" value="obl"/>
		<feat xlink:href="#sSpan3991" value="case"/>
		<feat xlink:href="#sSpan3995" value="det"/>
		<feat xlink:href="#sSpan3998" value="obl"/>
		<feat xlink:href="#sSpan4000" value="mark"/>
		<feat xlink:href="#sSpan4005" value="advmod"/>
		<feat xlink:href="#sSpan4007" value="nsubj"/>
		<feat xlink:href="#sSpan4010" value="ccomp"/>
		<feat xlink:href="#sSpan4013" value="obl:npmod"/>
		<feat xlink:href="#sSpan4017" value="advmod"/>
		<feat xlink:href="#sSpan4022" value="advmod"/>
		<feat xlink:href="#sSpan4026" value="det"/>
		<feat xlink:href="#sSpan4028" value="case"/>
		<feat xlink:href="#sSpan4032" value="det"/>
		<feat xlink:href="#sSpan4035" value="obl"/>
		<feat xlink:href="#sSpan4037" value="dislocated"/>
		<feat xlink:href="#sSpan4046" value="advmod"/>
		<feat xlink:href="#sSpan4050" value="mark"/>
		<feat xlink:href="#sSpan4054" value="nsubj"/>
		<feat xlink:href="#sSpan4056" value="root"/>
		<feat xlink:href="#sSpan4059" value="case"/>
		<feat xlink:href="#sSpan4064" value="det"/>
		<feat xlink:href="#sSpan4067" value="obl"/>
		<feat xlink:href="#sSpan4069" value="case"/>
		<feat xlink:href="#sSpan4073" value="det"/>
		<feat xlink:href="#sSpan4076" value="nmod"/>
		<feat xlink:href="#sSpan4080" value="mark"/>
		<feat xlink:href="#sSpan4084" value="aux"/>
		<feat xlink:href="#sSpan4086" value="nsubj"/>
		<feat xlink:href="#sSpan4088" value="acl:relcl"/>
		<feat xlink:href="#sSpan4090" value="obj"/>
		<feat xlink:href="#sSpan4092" value="appos"/>
		<feat xlink:href="#sSpan4099" value="advmod"/>
		<feat xlink:href="#sSpan4103" value="case"/>
		<feat xlink:href="#sSpan4107" value="det"/>
		<feat xlink:href="#sSpan4111" value="obl"/>
		<feat xlink:href="#sSpan4115" value="case"/>
		<feat xlink:href="#sSpan4119" value="nmod"/>
		<feat xlink:href="#sSpan4122" value="mark"/>
		<feat xlink:href="#sSpan4124" value="acl:relcl"/>
		<feat xlink:href="#sSpan4126" value="punct"/>
		<feat xlink:href="#sSpan4130" value="cc"/>
		<feat xlink:href="#sSpan4137" value="root"/>
		<feat xlink:href="#sSpan4142" value="nsubj"/>
		<feat xlink:href="#sSpan4144" value="mark"/>
		<feat xlink:href="#sSpan4148" value="ccomp"/>
		<feat xlink:href="#sSpan4150" value="det"/>
		<feat xlink:href="#sSpan4152" value="obj"/>
		<feat xlink:href="#sSpan4155" value="case"/>
		<feat xlink:href="#sSpan4159" value="det"/>
		<feat xlink:href="#sSpan4162" value="nmod"/>
		<feat xlink:href="#sSpan4164" value="nsubj"/>
		<feat xlink:href="#sSpan4169" value="advcl"/>
		<feat xlink:href="#sSpan4171" value="case"/>
		<feat xlink:href="#sSpan4175" value="det"/>
		<feat xlink:href="#sSpan4179" value="obl"/>
		<feat xlink:href="#sSpan4183" value="punct"/>
		<feat xlink:href="#sSpan4187" value="root"/>
		<feat xlink:href="#sSpan4195" value="nsubj"/>
		<feat xlink:href="#sSpan4198" value="case"/>
		<feat xlink:href="#sSpan4202" value="obl"/>
		<feat xlink:href="#sSpan4204" value="case"/>
		<feat xlink:href="#sSpan4209" value="det"/>
		<feat xlink:href="#sSpan4212" value="obl"/>
		<feat xlink:href="#sSpan4214" value="case"/>
		<feat xlink:href="#sSpan4218" value="nmod"/>
		<feat xlink:href="#sSpan4220" value="punct"/>
		<feat xlink:href="#sSpan4224" value="mark"/>
		<feat xlink:href="#sSpan4229" value="case"/>
		<feat xlink:href="#sSpan4231" value="det"/>
		<feat xlink:href="#sSpan4234" value="obl"/>
		<feat xlink:href="#sSpan4236" value="nsubj"/>
		<feat xlink:href="#sSpan4240" value="aux"/>
		<feat xlink:href="#sSpan4242" value="ccomp"/>
		<feat xlink:href="#sSpan4245" value="case"/>
		<feat xlink:href="#sSpan4249" value="obl"/>
		<feat xlink:href="#sSpan4251" value="case"/>
		<feat xlink:href="#sSpan4256" value="det"/>
		<feat xlink:href="#sSpan4260" value="obl"/>
		<feat xlink:href="#sSpan4262" value="punct"/>
		<feat xlink:href="#sSpan4266" value="det"/>
		<feat xlink:href="#sSpan4275" value="root"/>
		<feat xlink:href="#sSpan4277" value="case"/>
		<feat xlink:href="#sSpan4281" value="det"/>
		<feat xlink:href="#sSpan4285" value="nmod"/>
		<feat xlink:href="#sSpan4288" value="advmod"/>
		<feat xlink:href="#sSpan4292" value="punct"/>
		<feat xlink:href="#sSpan4296" value="mark"/>
		<feat xlink:href="#sSpan4300" value="case"/>
		<feat xlink:href="#sSpan4302" value="det"/>
		<feat xlink:href="#sSpan4306" value="advcl"/>
		<feat xlink:href="#sSpan4308" value="mark"/>
		<feat xlink:href="#sSpan4312" value="aux"/>
		<feat xlink:href="#sSpan4316" value="nsubj"/>
		<feat xlink:href="#sSpan4321" value="acl:relcl"/>
		<feat xlink:href="#sSpan4326" value="punct"/>
		<feat xlink:href="#sSpan4331" value="cc"/>
		<feat xlink:href="#sSpan4338" value="nsubj"/>
		<feat xlink:href="#sSpan4342" value="aux"/>
		<feat xlink:href="#sSpan4344" value="root"/>
		<feat xlink:href="#sSpan4347" value="case"/>
		<feat xlink:href="#sSpan4351" value="obj"/>
		<feat xlink:href="#sSpan4353" value="case"/>
		<feat xlink:href="#sSpan4357" value="obl"/>
		<feat xlink:href="#sSpan4359" value="mark"/>
		<feat xlink:href="#sSpan4364" value="xcomp"/>
		<feat xlink:href="#sSpan4366" value="obj"/>
		<feat xlink:href="#sSpan4368" value="advmod"/>
		<feat xlink:href="#sSpan4372" value="case"/>
		<feat xlink:href="#sSpan4377" value="obl"/>
		<feat xlink:href="#sSpan4379" value="punct"/>
		<feat xlink:href="#sSpan4383" value="aux"/>
		<feat xlink:href="#sSpan4390" value="nsubj"/>
		<feat xlink:href="#sSpan4392" value="root"/>
		<feat xlink:href="#sSpan4394" value="det"/>
		<feat xlink:href="#sSpan4399" value="obj"/>
		<feat xlink:href="#sSpan4401" value="case"/>
		<feat xlink:href="#sSpan4405" value="det"/>
		<feat xlink:href="#sSpan4409" value="nmod"/>
		<feat xlink:href="#sSpan4413" value="punct"/>
		<feat xlink:href="#sSpan4417" value="mark"/>
		<feat xlink:href="#sSpan4421" value="nsubj"/>
		<feat xlink:href="#sSpan4423" value="case"/>
		<feat xlink:href="#sSpan4425" value="det"/>
		<feat xlink:href="#sSpan4430" value="advcl"/>
		<feat xlink:href="#sSpan4432" value="punct"/>
		<feat xlink:href="#sSpan4436" value="nsubj"/>
		<feat xlink:href="#sSpan4440" value="aux"/>
		<feat xlink:href="#sSpan4442" value="parataxis"/>
		<feat xlink:href="#sSpan4445" value="case"/>
		<feat xlink:href="#sSpan4449" value="obl"/>
		<feat xlink:href="#sSpan4451" value="case"/>
		<feat xlink:href="#sSpan4457" value="obl"/>
		<feat xlink:href="#sSpan4460" value="case"/>
		<feat xlink:href="#sSpan4464" value="det"/>
		<feat xlink:href="#sSpan4468" value="obl"/>
		<feat xlink:href="#sSpan4470" value="case"/>
		<feat xlink:href="#sSpan4474" value="det"/>
		<feat xlink:href="#sSpan4478" value="nmod"/>
		<feat xlink:href="#sSpan4482" value="punct"/>
		<feat xlink:href="#sSpan4486" value="aux"/>
		<feat xlink:href="#sSpan4493" value="nsubj"/>
		<feat xlink:href="#sSpan4496" value="root"/>
		<feat xlink:href="#sSpan4499" value="obj"/>
		<feat xlink:href="#sSpan4505" value="case"/>
		<feat xlink:href="#sSpan4509" value="det"/>
		<feat xlink:href="#sSpan4512" value="obl"/>
		<feat xlink:href="#sSpan4514" value="case"/>
		<feat xlink:href="#sSpan4518" value="det"/>
		<feat xlink:href="#sSpan4523" value="nmod"/>
		<feat xlink:href="#sSpan4527" value="punct"/>
		<feat xlink:href="#sSpan4531" value="dislocated"/>
		<feat xlink:href="#sSpan4539" value="advmod"/>
		<feat xlink:href="#sSpan4543" value="nsubj"/>
		<feat xlink:href="#sSpan4547" value="aux"/>
		<feat xlink:href="#sSpan4550" value="root"/>
		<feat xlink:href="#sSpan4554" value="case"/>
		<feat xlink:href="#sSpan4558" value="obl"/>
		<feat xlink:href="#sSpan4560" value="punct"/>
		<feat xlink:href="#sSpan4564" value="case"/>
		<feat xlink:href="#sSpan4568" value="det"/>
		<feat xlink:href="#sSpan4571" value="obl"/>
		<feat xlink:href="#sSpan4574" value="case"/>
		<feat xlink:href="#sSpan4578" value="det"/>
		<feat xlink:href="#sSpan4582" value="nmod"/>
		<feat xlink:href="#sSpan4585" value="punct"/>
		<feat xlink:href="#sSpan4589" value="root"/>
		<feat xlink:href="#sSpan4596" value="mark"/>
		<feat xlink:href="#sSpan4600" value="nsubj"/>
		<feat xlink:href="#sSpan4602" value="advcl"/>
		<feat xlink:href="#sSpan4605" value="case"/>
		<feat xlink:href="#sSpan4609" value="obl"/>
		<feat xlink:href="#sSpan4611" value="case"/>
		<feat xlink:href="#sSpan4615" value="det"/>
		<feat xlink:href="#sSpan4620" value="obl"/>
		<feat xlink:href="#sSpan4622" value="punct"/>
		<feat xlink:href="#sSpan4626" value="mark"/>
		<feat xlink:href="#sSpan4630" value="nsubj"/>
		<feat xlink:href="#sSpan4632" value="advcl"/>
		<feat xlink:href="#sSpan4635" value="advmod"/>
		<feat xlink:href="#sSpan4639" value="case"/>
		<feat xlink:href="#sSpan4643" value="obl"/>
		<feat xlink:href="#sSpan4645" value="case"/></featList></paula>