<?xml version='1.0' encoding='UTF-8'?><!DOCTYPE paula SYSTEM "paula_feat.dtd">
<paula version="1.1">
	<header paula_id="scriptorium.cross.michbr283-286.mark_lemma"/>
	<featList xmlns:xlink="http://www.w3.org/1999/xlink" type="lemma" xml:base="scriptorium.cross.michbr283-286.mark.xml">
		<feat xlink:href="#sSpan1" value="ⲟⲩ"/>
		<feat xlink:href="#sSpan15" value="ⲉⲝⲏⲅⲉⲥⲓⲥ"/>
		<feat xlink:href="#sSpan17" value="ⲛⲧⲉ"/>
		<feat xlink:href="#sSpan22" value="ⲁⲡⲁ"/>
		<feat xlink:href="#sSpan27" value="ⲑⲉⲟⲫⲓⲗⲟⲥ"/>
		<feat xlink:href="#sSpan31" value="ⲡ"/>
		<feat xlink:href="#sSpan37" value="ⲁⲣⲭⲏⲉⲡⲓⲥⲕⲟⲡⲟⲥ"/>
		<feat xlink:href="#sSpan39" value="ⲛ"/>
		<feat xlink:href="#sSpan44" value="ⲣⲁⲕⲟⲧⲉ"/>
		<feat xlink:href="#sSpan47" value="."/>
		<feat xlink:href="#sSpan51" value="ⲉⲣⲉ"/>
		<feat xlink:href="#sSpan56" value="ⲁ"/>
		<feat xlink:href="#sSpan58" value="ⲛⲧⲟϥ"/>
		<feat xlink:href="#sSpan60" value="ⲧⲁⲩⲟ"/>
		<feat xlink:href="#sSpan63" value="ⲛⲧⲟⲥ"/>
		<feat xlink:href="#sSpan65" value="ⲉⲧⲃⲉ"/>
		<feat xlink:href="#sSpan69" value="ⲡ"/>
		<feat xlink:href="#sSpan73" value="ⲥⲧⲁⲩⲣⲟⲥ"/>
		<feat xlink:href="#sSpan75" value="ⲙⲛ"/>
		<feat xlink:href="#sSpan80" value="ⲡ"/>
		<feat xlink:href="#sSpan84" value="ⲗⲏⲥⲧⲏⲥ"/>
		<feat xlink:href="#sSpan86" value="."/>
		<feat xlink:href="#sSpan90" value="ϩⲛ"/>
		<feat xlink:href="#sSpan94" value="ⲟⲩ"/>
		<feat xlink:href="#sSpan99" value="ⲉⲓⲣⲏⲛⲏ"/>
		<feat xlink:href="#sSpan101" value="ⲛⲧⲉ"/>
		<feat xlink:href="#sSpan105" value="ⲡ"/>
		<feat xlink:href="#sSpan108" value="ⲛⲟⲩⲧⲉ"/>
		<feat xlink:href="#sSpan112" value="ϩⲁⲙⲏⲛ"/>
		<feat xlink:href="#sSpan116" value=":"/>
		<feat xlink:href="#sSpan120" value="⳾⳾⳾"/>
		<feat xlink:href="#sSpan125" value="ⲁ"/>
		<feat xlink:href="#sSpan133" value="ⲡ"/>
		<feat xlink:href="#sSpan136" value="ⲣⲏ"/>
		<feat xlink:href="#sSpan138" value="ⲛ"/>
		<feat xlink:href="#sSpan142" value="ⲡ"/>
		<feat xlink:href="#sSpan146" value="ⲇⲓⲕⲁⲓⲟⲥⲩⲛⲏ"/>
		<feat xlink:href="#sSpan149" value="ⲟⲩⲱⲛϩ"/>
		<feat xlink:href="#sSpan154" value="ⲉⲃⲟⲗ"/>
		<feat xlink:href="#sSpan159" value="ϩⲛ"/>
		<feat xlink:href="#sSpan163" value="ⲡ"/>
		<feat xlink:href="#sSpan166" value="ⲙⲁ"/>
		<feat xlink:href="#sSpan168" value="ⲛ"/>
		<feat xlink:href="#sSpan172" value="ϣⲁ"/>
		<feat xlink:href="#sSpan175" value="."/>
		<feat xlink:href="#sSpan179" value="ⲉⲣⲉ"/>
		<feat xlink:href="#sSpan183" value="ⲛⲧⲟϥ"/>
		<feat xlink:href="#sSpan186" value="ⲣⲟⲩⲟⲉⲓⲛ"/>
		<feat xlink:href="#sSpan189" value="ⲉ"/>
		<feat xlink:href="#sSpan194" value="ⲡ"/>
		<feat xlink:href="#sSpan197" value="ⲉⲧⲉⲣⲉ"/>
		<feat xlink:href="#sSpan199" value="ϩⲛ"/>
		<feat xlink:href="#sSpan201" value="ⲡ"/>
		<feat xlink:href="#sSpan204" value="ⲕⲁⲕⲉ"/>
		<feat xlink:href="#sSpan206" value="ⲙⲛ"/>
		<feat xlink:href="#sSpan211" value="ⲡ"/>
		<feat xlink:href="#sSpan214" value="ϩⲁⲓⲃⲉⲥ"/>
		<feat xlink:href="#sSpan216" value="ⲉ"/>
		<feat xlink:href="#sSpan220" value="ⲡ"/>
		<feat xlink:href="#sSpan223" value="ⲙⲟⲩ"/>
		<feat xlink:href="#sSpan225" value="ⲁ"/>
		<feat xlink:href="#sSpan233" value="ⲡ"/>
		<feat xlink:href="#sSpan236" value="ⲣⲣⲟ"/>
		<feat xlink:href="#sSpan238" value="ⲛ"/>
		<feat xlink:href="#sSpan242" value="ⲡ"/>
		<feat xlink:href="#sSpan246" value="ⲇⲓⲕⲁⲓⲟⲥⲩⲛⲏ"/>
		<feat xlink:href="#sSpan250" value="ⲫⲱⲣⲉⲓ"/>
		<feat xlink:href="#sSpan254" value="ⲛ"/>
		<feat xlink:href="#sSpan258" value="ⲡ"/>
		<feat xlink:href="#sSpan262" value="ϭⲣⲏⲡⲉ"/>
		<feat xlink:href="#sSpan264" value="ⲛ"/>
		<feat xlink:href="#sSpan268" value="ⲡ"/>
		<feat xlink:href="#sSpan272" value="ⲙⲛⲧⲣⲣⲟ"/>
		<feat xlink:href="#sSpan276" value="."/>
		<feat xlink:href="#sSpan280" value="ⲁ"/>
		<feat xlink:href="#sSpan284" value="ⲡⲉϥ"/>
		<feat xlink:href="#sSpan287" value="ϫⲁϫⲉ"/>
		<feat xlink:href="#sSpan290" value="ⲧⲏⲣ"/>
		<feat xlink:href="#sSpan294" value="ⲟⲩ"/>
		<feat xlink:href="#sSpan296" value="ⲑⲃⲃⲓⲟ"/>
		<feat xlink:href="#sSpan301" value="ϩⲁ"/>
		<feat xlink:href="#sSpan305" value="ⲡ"/>
		<feat xlink:href="#sSpan308" value="ⲉⲥⲏⲧ"/>
		<feat xlink:href="#sSpan310" value="ⲛ"/>
		<feat xlink:href="#sSpan314" value="ⲡⲉϥ"/>
		<feat xlink:href="#sSpan318" value="ⲟⲩⲉⲣⲏⲧⲉ"/>
		<feat xlink:href="#sSpan320" value="."/>
		<feat xlink:href="#sSpan324" value="ⲁ"/>
		<feat xlink:href="#sSpan332" value="ⲡ"/>
		<feat xlink:href="#sSpan336" value="ⲥϯⲛⲟⲩϥⲉ"/>
		<feat xlink:href="#sSpan339" value="ϣⲱϣ"/>
		<feat xlink:href="#sSpan344" value="ⲉⲃⲟⲗ"/>
		<feat xlink:href="#sSpan349" value="ϩⲓϫⲛ"/>
		<feat xlink:href="#sSpan353" value="ϫⲱⲱⲣⲉ"/>
		<feat xlink:href="#sSpan357" value="ⲛ"/>
		<feat xlink:href="#sSpan361" value="ⲡ"/>
		<feat xlink:href="#sSpan364" value="ⲟⲩϫⲁⲓ"/>
		<feat xlink:href="#sSpan366" value="ⲁ"/>
		<feat xlink:href="#sSpan371" value="ⲛⲧⲟϥ"/>
		<feat xlink:href="#sSpan373" value="ⲱϫⲛ"/>
		<feat xlink:href="#sSpan375" value="ⲛ"/>
		<feat xlink:href="#sSpan379" value="ⲡⲉⲥ"/>
		<feat xlink:href="#sSpan383" value="ϯⲃⲱⲱⲛ"/>
		<feat xlink:href="#sSpan387" value="ϩⲛ"/>
		<feat xlink:href="#sSpan391" value="ⲡ"/>
		<feat xlink:href="#sSpan394" value="ⲥⲧⲟⲓ"/>
		<feat xlink:href="#sSpan397" value="ⲛ"/>
		<feat xlink:href="#sSpan401" value="ⲡⲉϥ"/>
		<feat xlink:href="#sSpan404" value="ⲥⲟϭⲛ"/>
		<feat xlink:href="#sSpan406" value="."/>
		<feat xlink:href="#sSpan410" value="ⲁ"/>
		<feat xlink:href="#sSpan418" value="ⲡ"/>
		<feat xlink:href="#sSpan421" value="ⲙⲟⲩⲓ"/>
		<feat xlink:href="#sSpan423" value="ⲛ"/>
		<feat xlink:href="#sSpan427" value="ϫⲱⲱⲣⲉ"/>
		<feat xlink:href="#sSpan431" value="ⲧⲱⲟⲩⲛ"/>
		<feat xlink:href="#sSpan435" value="ⲉⲃⲟⲗ"/>
		<feat xlink:href="#sSpan440" value="ϩⲛ"/>
		<feat xlink:href="#sSpan445" value="ⲡ"/>
		<feat xlink:href="#sSpan448" value="ⲙⲁ"/>
		<feat xlink:href="#sSpan450" value="ⲛ"/>
		<feat xlink:href="#sSpan454" value="ϣⲏⲛ"/>
		<feat xlink:href="#sSpan457" value="ⲁ"/>
		<feat xlink:href="#sSpan462" value="ⲡ"/>
		<feat xlink:href="#sSpan466" value="ⲑⲏⲣⲓⲟⲛ"/>
		<feat xlink:href="#sSpan468" value="ϩⲱⲡ"/>
		<feat xlink:href="#sSpan473" value="ⲛⲧⲟⲟⲩ"/>
		<feat xlink:href="#sSpan475" value="ϩⲛ"/>
		<feat xlink:href="#sSpan479" value="ⲡⲉⲩ"/>
		<feat xlink:href="#sSpan482" value="ⲃⲏⲃ"/>
		<feat xlink:href="#sSpan484" value="ⲛ"/>
		<feat xlink:href="#sSpan489" value="ⲕⲁⲕⲉ"/>
		<feat xlink:href="#sSpan492" value="."/>
		<feat xlink:href="#sSpan496" value="ⲁ"/>
		<feat xlink:href="#sSpan505" value="ⲡ"/>
		<feat xlink:href="#sSpan508" value="ⲥⲁⲉⲓⲛ"/>
		<feat xlink:href="#sSpan510" value="ⲉⲧⲉⲣⲉ"/>
		<feat xlink:href="#sSpan514" value="ⲟⲩⲟⲡ"/>
		<feat xlink:href="#sSpan516" value="ⲉⲓ"/>
		<feat xlink:href="#sSpan521" value="ϣⲁ"/>
		<feat xlink:href="#sSpan525" value="ⲁⲛⲟⲛ"/>
		<feat xlink:href="#sSpan527" value="ⲙⲛ"/>
		<feat xlink:href="#sSpan531" value="ⲡⲉϥ"/>
		<feat xlink:href="#sSpan535" value="ⲡⲁϩⲣⲉ"/>
		<feat xlink:href="#sSpan537" value="ⲛ"/>
		<feat xlink:href="#sSpan541" value="ⲱⲛϩ"/>
		<feat xlink:href="#sSpan544" value="ⲟⲩⲟⲛ"/>
		<feat xlink:href="#sSpan551" value="ⲛⲓⲙ"/>
		<feat xlink:href="#sSpan555" value="ⲉⲧⲉⲣⲉ"/>
		<feat xlink:href="#sSpan559" value="ⲙⲕⲁϩ"/>
		<feat xlink:href="#sSpan562" value=":"/>
		<feat xlink:href="#sSpan566" value="ⲁ"/>
		<feat xlink:href="#sSpan570" value="ⲛⲧⲟⲟⲩ"/>
		<feat xlink:href="#sSpan572" value="ϫⲓ"/>
		<feat xlink:href="#sSpan574" value="ⲡⲁ"/>
		<feat xlink:href="#sSpan578" value="ϩⲣⲉ"/>
		<feat xlink:href="#sSpan581" value="ⲛ"/>
		<feat xlink:href="#sSpan586" value="ϫⲓⲛϫⲏ"/>
		<feat xlink:href="#sSpan589" value=":"/>
		<feat xlink:href="#sSpan593" value="ⲁ"/>
		<feat xlink:href="#sSpan600" value="ⲡ"/>
		<feat xlink:href="#sSpan604" value="ⲉⲩⲫⲣⲟⲥⲩⲛⲏ"/>
		<feat xlink:href="#sSpan607" value="ⲛ"/>
		<feat xlink:href="#sSpan611" value="ⲡ"/>
		<feat xlink:href="#sSpan614" value="ⲥⲱⲛⲧ"/>
		<feat xlink:href="#sSpan617" value="ⲧⲏⲣ"/>
		<feat xlink:href="#sSpan621" value="ⲛⲧⲟϥ"/>
		<feat xlink:href="#sSpan623" value="ⲟⲩⲱⲛϩ"/>
		<feat xlink:href="#sSpan629" value="ⲉⲃⲟⲗ"/>
		<feat xlink:href="#sSpan633" value="ϫⲉ"/>
		<feat xlink:href="#sSpan637" value="ⲛⲧⲟⲟⲩ"/>
		<feat xlink:href="#sSpan639" value="ⲣⲁϣⲉ"/>
		<feat xlink:href="#sSpan641" value="ⲙⲛ"/>
		<feat xlink:href="#sSpan646" value="ⲛⲧⲟϥ"/>
		<feat xlink:href="#sSpan648" value=":"/>
		<feat xlink:href="#sSpan652" value="ⲛ"/>
		<feat xlink:href="#sSpan660" value="ⲡ"/>
		<feat xlink:href="#sSpan662" value="ϩⲉ"/>
		<feat xlink:href="#sSpan665" value="ⲅⲁⲣ"/>
		<feat xlink:href="#sSpan670" value="ⲛ"/>
		<feat xlink:href="#sSpan674" value="ⲟⲩ"/>
		<feat xlink:href="#sSpan678" value="ⲡⲟⲗⲓⲥ"/>
		<feat xlink:href="#sSpan680" value="ⲉⲣⲉ"/>
		<feat xlink:href="#sSpan684" value="ⲟⲩ"/>
		<feat xlink:href="#sSpan688" value="ⲣⲣⲟ"/>
		<feat xlink:href="#sSpan690" value="ⲛ"/>
		<feat xlink:href="#sSpan694" value="ϫⲁϫⲉ"/>
		<feat xlink:href="#sSpan696" value="ⲕⲱⲧⲉ"/>
		<feat xlink:href="#sSpan701" value="ⲉ"/>
		<feat xlink:href="#sSpan705" value="ⲛⲧⲟⲥ"/>
		<feat xlink:href="#sSpan707" value="ⲛⲧⲉ"/>
		<feat xlink:href="#sSpan711" value="ⲛⲧⲟϥ"/>
		<feat xlink:href="#sSpan713" value="ⲱⲣⲃ"/>
		<feat xlink:href="#sSpan715" value="ⲛⲧⲟⲥ"/>
		<feat xlink:href="#sSpan717" value="ⲉϩⲟⲩⲛ"/>
		<feat xlink:href="#sSpan722" value=":"/>
		<feat xlink:href="#sSpan727" value="ⲧⲟⲧⲉ"/>
		<feat xlink:href="#sSpan734" value="ϣⲁⲣⲉ"/>
		<feat xlink:href="#sSpan739" value="ⲡ"/>
		<feat xlink:href="#sSpan742" value="ⲉⲧⲉⲣⲉ"/>
		<feat xlink:href="#sSpan744" value="ϩⲛ"/>
		<feat xlink:href="#sSpan746" value="ⲛⲧⲟⲥ"/>
		<feat xlink:href="#sSpan748" value="ⲧⲏⲣ"/>
		<feat xlink:href="#sSpan753" value="ⲛⲧⲟⲟⲩ"/>
		<feat xlink:href="#sSpan755" value="ϣⲱⲡⲉ"/>
		<feat xlink:href="#sSpan759" value="ϩⲛ"/>
		<feat xlink:href="#sSpan763" value="ⲟⲩ"/>
		<feat xlink:href="#sSpan766" value="ⲑⲃⲃⲓⲟ"/>
		<feat xlink:href="#sSpan769" value=":"/>
		<feat xlink:href="#sSpan773" value="ⲉⲣⲉ"/>
		<feat xlink:href="#sSpan777" value="ⲛⲧⲟⲟⲩ"/>
		<feat xlink:href="#sSpan779" value="ϩⲟϫϩϫ"/>
		<feat xlink:href="#sSpan781" value="ⲉⲣⲉ"/>
		<feat xlink:href="#sSpan786" value="ⲛⲧⲟⲟⲩ"/>
		<feat xlink:href="#sSpan789" value="ⲗⲩⲡⲉⲓ"/>
		<feat xlink:href="#sSpan791" value="ⲉⲣⲉ"/>
		<feat xlink:href="#sSpan795" value="ⲛⲧⲟⲟⲩ"/>
		<feat xlink:href="#sSpan798" value="ⲁϣⲁϩⲟⲙ"/>
		<feat xlink:href="#sSpan802" value=":"/>
		<feat xlink:href="#sSpan807" value="ϩⲟⲧⲁⲛ"/>
		<feat xlink:href="#sSpan815" value="ⲇⲉ"/>
		<feat xlink:href="#sSpan819" value="ⲉⲣϣⲁⲛ_ⲛⲧⲟϥ"/>
		<feat xlink:href="#sSpan824" value="ⲥⲱⲧⲙ"/>
		<feat xlink:href="#sSpan826" value="ⲛϭⲓ"/>
		<feat xlink:href="#sSpan830" value="ⲡ"/>
		<feat xlink:href="#sSpan834" value="ⲣⲣⲟ"/>
		<feat xlink:href="#sSpan836" value="ⲉⲧⲉⲣⲉ"/>
		<feat xlink:href="#sSpan840" value="ⲉⲓⲣⲉ"/>
		<feat xlink:href="#sSpan842" value="ⲛ"/>
		<feat xlink:href="#sSpan847" value="ⲉⲝⲟⲩⲥⲓⲁ"/>
		<feat xlink:href="#sSpan850" value="ⲉ"/>
		<feat xlink:href="#sSpan855" value="ⲛⲧⲟⲥ"/>
		<feat xlink:href="#sSpan857" value="ⲉ"/>
		<feat xlink:href="#sSpan861" value="ⲡ"/>
		<feat xlink:href="#sSpan864" value="ⲛⲟϭ"/>
		<feat xlink:href="#sSpan866" value="ⲛ"/>
		<feat xlink:href="#sSpan871" value="ⲧⲟⲗⲙⲏⲣⲓⲁ"/>
		<feat xlink:href="#sSpan874" value="ⲛ"/>
		<feat xlink:href="#sSpan878" value="ⲡ"/>
		<feat xlink:href="#sSpan880" value="ϩⲉ"/>
		<feat xlink:href="#sSpan882" value="ⲉⲧⲉⲣⲉ"/>
		<feat xlink:href="#sSpan886" value="ⲁ"/>
		<feat xlink:href="#sSpan888" value="ⲛⲧⲟϥ"/>
		<feat xlink:href="#sSpan891" value="ⲧⲟⲗⲙⲁ"/>
		<feat xlink:href="#sSpan894" value="ⲛ"/>
		<feat xlink:href="#sSpan898" value="ⲛⲧⲟⲥ"/>
		<feat xlink:href="#sSpan900" value="ⲉ"/>
		<feat xlink:href="#sSpan904" value="ϩⲱⲧⲃ"/>
		<feat xlink:href="#sSpan907" value="ⲛ"/>
		<feat xlink:href="#sSpan911" value="ⲡⲉϥ"/>
		<feat xlink:href="#sSpan914" value="ⲙⲏⲏϣⲉ"/>
		<feat xlink:href="#sSpan917" value=":"/>
		<feat xlink:href="#sSpan922" value="ⲧⲟⲧⲉ"/>
		<feat xlink:href="#sSpan929" value="ϣⲁⲣⲉ"/>
		<feat xlink:href="#sSpan933" value="ⲛⲧⲟϥ"/>
		<feat xlink:href="#sSpan935" value="ⲥⲱⲟⲩϩ"/>
		<feat xlink:href="#sSpan938" value="ⲉϩⲟⲩⲛ"/>
		<feat xlink:href="#sSpan942" value="ⲛ"/>
		<feat xlink:href="#sSpan946" value="ⲡⲉϥ"/>
		<feat xlink:href="#sSpan950" value="ⲙⲏⲏϣⲉ"/>
		<feat xlink:href="#sSpan952" value="ⲧⲏⲣ"/>
		<feat xlink:href="#sSpan957" value="ⲛⲧⲟϥ"/>
		<feat xlink:href="#sSpan959" value=":"/>
		<feat xlink:href="#sSpan963" value="ⲙⲛ"/>
		<feat xlink:href="#sSpan967" value="ⲡⲉⲩ"/>
		<feat xlink:href="#sSpan971" value="ⲥⲕⲉⲩⲏ"/>
		<feat xlink:href="#sSpan973" value="ⲛ"/>
		<feat xlink:href="#sSpan979" value="ⲡⲟⲗⲉⲙⲓⲕⲟⲛ"/>
		<feat xlink:href="#sSpan982" value=":"/>
		<feat xlink:href="#sSpan986" value="ⲡⲉϥ"/>
		<feat xlink:href="#sSpan995" value="ⲙⲏⲏϣⲉ"/>
		<feat xlink:href="#sSpan998" value="ⲛⲧⲉⲣⲉ"/>
		<feat xlink:href="#sSpan1002" value="ⲛⲧⲟϥ"/>
		<feat xlink:href="#sSpan1004" value="ⲧⲥⲁⲃⲟ"/>
		<feat xlink:href="#sSpan1007" value="ⲛⲧⲟⲟⲩ"/>
		<feat xlink:href="#sSpan1009" value="ⲉ"/>
		<feat xlink:href="#sSpan1013" value="ⲡ"/>
		<feat xlink:href="#sSpan1017" value="ϭⲓⲛⲡⲟⲗⲩⲙⲉⲓ"/>
		<feat xlink:href="#sSpan1022" value="ⲙⲛ"/>
		<feat xlink:href="#sSpan1026" value="ⲡⲉϥ"/>
		<feat xlink:href="#sSpan1030" value="ϫⲁϫⲉ"/>
		<feat xlink:href="#sSpan1032" value=":"/>
		<feat xlink:href="#sSpan1036" value="ϣⲁⲣⲉ"/>
		<feat xlink:href="#sSpan1043" value="ⲛⲧⲟϥ"/>
		<feat xlink:href="#sSpan1045" value="ⲙⲟⲟϣⲉ"/>
		<feat xlink:href="#sSpan1051" value="ϩⲁ"/>
		<feat xlink:href="#sSpan1055" value="ⲡⲉⲩ"/>
		<feat xlink:href="#sSpan1057" value="ϩⲉ"/>
		<feat xlink:href="#sSpan1059" value="."/>
		<feat xlink:href="#sSpan1063" value="ϩⲛ"/>
		<feat xlink:href="#sSpan1068" value="ⲟⲩ"/>
		<feat xlink:href="#sSpan1071" value="ⲣⲁϣⲉ"/>
		<feat xlink:href="#sSpan1073" value="ⲉⲣⲉ"/>
		<feat xlink:href="#sSpan1077" value="ⲛⲧⲟϥ"/>
		<feat xlink:href="#sSpan1079" value="ⲥⲟⲟⲩⲛ"/>
		<feat xlink:href="#sSpan1082" value="ϫⲉ"/>
		<feat xlink:href="#sSpan1086" value="ⲛⲧⲟϥ"/>
		<feat xlink:href="#sSpan1088" value="ⲛⲁ"/>
		<feat xlink:href="#sSpan1090" value="ϭⲱⲧⲡ"/>
		<feat xlink:href="#sSpan1093" value="ⲛ"/>
		<feat xlink:href="#sSpan1097" value="ⲡⲉϥ"/>
		<feat xlink:href="#sSpan1100" value="ϫⲁϫⲉ"/>
		<feat xlink:href="#sSpan1102" value="ϩⲛ"/>
		<feat xlink:href="#sSpan1107" value="ⲟⲩ"/>
		<feat xlink:href="#sSpan1110" value="ⲛⲟϭ"/>
		<feat xlink:href="#sSpan1112" value="ⲛ"/>
		<feat xlink:href="#sSpan1116" value="ϭⲟⲙ"/>
		<feat xlink:href="#sSpan1118" value="ⲡⲁⲓ"/>
		<feat xlink:href="#sSpan1127" value="ϩⲱⲱ"/>
		<feat xlink:href="#sSpan1131" value="ⲛⲧⲟϥ"/>
		<feat xlink:href="#sSpan1133" value="ⲡⲉ"/>
		<feat xlink:href="#sSpan1137" value="ⲡ"/>
		<feat xlink:href="#sSpan1141" value="ϩⲉ"/>
		<feat xlink:href="#sSpan1143" value="ⲛ"/>
		<feat xlink:href="#sSpan1147" value="ⲡⲉⲛ"/>
		<feat xlink:href="#sSpan1151" value="ϫⲟⲉⲓⲥ"/>
		<feat xlink:href="#sSpan1154" value="ⲓⲏⲥⲟⲩⲥ"/>
		<feat xlink:href="#sSpan1158" value="ⲡ"/>
		<feat xlink:href="#sSpan1163" value="ⲭⲣⲓⲥⲧⲟⲥ"/>
		<feat xlink:href="#sSpan1165" value="ⲛⲧⲉⲣⲉ"/>
		<feat xlink:href="#sSpan1170" value="ⲛⲧⲟϥ"/>
		<feat xlink:href="#sSpan1172" value="ⲛⲁⲩ"/>
		<feat xlink:href="#sSpan1174" value="ⲉ"/>
		<feat xlink:href="#sSpan1178" value="ⲡ"/>
		<feat xlink:href="#sSpan1181" value="ϫⲁϫⲉ"/>
		<feat xlink:href="#sSpan1184" value="ⲛ"/>
		<feat xlink:href="#sSpan1188" value="ⲡ"/>
		<feat xlink:href="#sSpan1192" value="ⲙⲛⲧⲣⲱⲙⲉ"/>
		<feat xlink:href="#sSpan1196" value="ⲧⲏⲣ"/>
		<feat xlink:href="#sSpan1200" value="ⲛⲧⲟⲥ"/>
		<feat xlink:href="#sSpan1202" value="."/>
		<feat xlink:href="#sSpan1206" value="ⲉⲧⲉⲣⲉ"/>
		<feat xlink:href="#sSpan1213" value="ⲡⲁⲓ"/>
		<feat xlink:href="#sSpan1216" value="ⲡⲉ"/>
		<feat xlink:href="#sSpan1221" value="ⲡ"/>
		<feat xlink:href="#sSpan1227" value="ⲇⲓⲁⲃⲟⲗⲟⲥ"/>
		<feat xlink:href="#sSpan1229" value="ⲁ"/>
		<feat xlink:href="#sSpan1234" value="ⲛⲧⲟϥ"/>
		<feat xlink:href="#sSpan1236" value="ⲱⲣϥ"/>
		<feat xlink:href="#sSpan1238" value="ⲉϩⲟⲩⲛ"/>
		<feat xlink:href="#sSpan1242" value="ⲛ"/>
		<feat xlink:href="#sSpan1246" value="ⲡ"/>
		<feat xlink:href="#sSpan1250" value="ⲟⲓⲕⲟⲩⲙⲉⲛⲏ"/>
		<feat xlink:href="#sSpan1253" value="ⲧⲏⲣ"/>
		<feat xlink:href="#sSpan1257" value="ⲛⲧⲟⲥ"/>
		<feat xlink:href="#sSpan1259" value="ⲁ"/>
		<feat xlink:href="#sSpan1267" value="ⲛⲧⲟϥ"/>
		<feat xlink:href="#sSpan1269" value="ⲑⲙⲕⲟ"/>
		<feat xlink:href="#sSpan1271" value="ⲛ"/>
		<feat xlink:href="#sSpan1275" value="ⲟⲩⲟⲛ"/>
		<feat xlink:href="#sSpan1279" value="ⲛⲓⲙ"/>
		<feat xlink:href="#sSpan1284" value="ϩⲛ"/>
		<feat xlink:href="#sSpan1288" value="ⲡⲉϥ"/>
		<feat xlink:href="#sSpan1291" value="ⲥⲛⲁⲩϩ"/>
		<feat xlink:href="#sSpan1293" value="ⲉⲧⲉⲣⲉ"/>
		<feat xlink:href="#sSpan1298" value="ⲙⲟⲩϩ"/>
		<feat xlink:href="#sSpan1300" value="ⲛ"/>
		<feat xlink:href="#sSpan1304" value="ⲛⲟⲃⲉ"/>
		<feat xlink:href="#sSpan1307" value="ⲁ"/>
		<feat xlink:href="#sSpan1311" value="ⲛⲧⲟϥ"/>
		<feat xlink:href="#sSpan1313" value="ϫⲱⲱⲣⲉ"/>
		<feat xlink:href="#sSpan1316" value="ⲛⲧⲟⲟⲩ"/>
		<feat xlink:href="#sSpan1318" value="ⲉⲃⲟⲗ"/>
		<feat xlink:href="#sSpan1323" value="ϩⲛ"/>
		<feat xlink:href="#sSpan1327" value="ⲡⲉϥ"/>
		<feat xlink:href="#sSpan1332" value="ⲡⲗⲩⲅⲏ"/>
		<feat xlink:href="#sSpan1334" value="ⲉⲧⲉⲣⲉ"/>
		<feat xlink:href="#sSpan1338" value="ⲱϣ"/>
		<feat xlink:href="#sSpan1340" value="ⲉⲧⲉⲣⲉ"/>
		<feat xlink:href="#sSpan1345" value="ⲡⲁⲓ"/>
		<feat xlink:href="#sSpan1348" value="ⲡⲉ"/>
		<feat xlink:href="#sSpan1352" value="."/>
		<feat xlink:href="#sSpan1356" value="ⲡ"/>
		<feat xlink:href="#sSpan1366" value="ⲙⲛⲧⲣⲉϥϣⲙϣⲉⲉⲓⲇⲱⲗⲟⲛ"/>
		<feat xlink:href="#sSpan1373" value="."/>
		<feat xlink:href="#sSpan1377" value="ⲡ"/>
		<feat xlink:href="#sSpan1382" value="ⲙⲛⲧⲣⲉϥⲧⲱⲣⲡ"/>
		<feat xlink:href="#sSpan1387" value="."/>
		<feat xlink:href="#sSpan1391" value="ⲡ"/>
		<feat xlink:href="#sSpan1396" value="ⲙⲛⲧⲁⲧϣⲁⲩ"/>
		<feat xlink:href="#sSpan1401" value="."/>
		<feat xlink:href="#sSpan1405" value="ⲡ"/>
		<feat xlink:href="#sSpan1410" value="ⲙⲛⲧⲣⲉϥϫⲓⲟⲩⲉ"/>
		<feat xlink:href="#sSpan1415" value="."/>
		<feat xlink:href="#sSpan1419" value="ⲡ"/>
		<feat xlink:href="#sSpan1425" value="ⲙⲛⲧⲣⲉϥϩⲱⲧⲃ"/>
		<feat xlink:href="#sSpan1430" value="."/>
		<feat xlink:href="#sSpan1434" value="ⲡ"/>
		<feat xlink:href="#sSpan1443" value="ⲕⲁⲧⲁⲗⲁⲗⲓⲁ"/>
		<feat xlink:href="#sSpan1446" value="."/>
		<feat xlink:href="#sSpan1450" value="ⲡ"/>
		<feat xlink:href="#sSpan1454" value="ⲕⲱϩ"/>
		<feat xlink:href="#sSpan1456" value="."/>
		<feat xlink:href="#sSpan1460" value="ⲡ"/>
		<feat xlink:href="#sSpan1465" value="ⲙⲟⲥⲧⲉ"/>
		<feat xlink:href="#sSpan1467" value="ⲡ"/>
		<feat xlink:href="#sSpan1473" value="ϭⲱⲛⲧ"/>
		<feat xlink:href="#sSpan1475" value="."/>
		<feat xlink:href="#sSpan1479" value="ⲡ"/>
		<feat xlink:href="#sSpan1485" value="ⲟⲣⲅⲏ"/>
		<feat xlink:href="#sSpan1487" value="."/>
		<feat xlink:href="#sSpan1491" value="ⲡ"/>
		<feat xlink:href="#sSpan1497" value="ϯϩⲉ"/>
		<feat xlink:href="#sSpan1499" value="."/>
		<feat xlink:href="#sSpan1503" value="ⲡ"/>
		<feat xlink:href="#sSpan1509" value="ⲙⲛⲧⲣⲉϥⲣϩⲓⲕ"/>
		<feat xlink:href="#sSpan1514" value="."/>
		<feat xlink:href="#sSpan1518" value="ⲡ"/>
		<feat xlink:href="#sSpan1523" value="ϫⲱϩⲙ"/>
		<feat xlink:href="#sSpan1525" value="."/>
		<feat xlink:href="#sSpan1529" value="ⲡ"/>
		<feat xlink:href="#sSpan1535" value="ⲡⲁⲛⲟⲩⲣⲅⲓⲁ"/>
		<feat xlink:href="#sSpan1538" value="."/>
		<feat xlink:href="#sSpan1542" value="ⲡ"/>
		<feat xlink:href="#sSpan1550" value="ⲕⲣⲟϥ"/>
		<feat xlink:href="#sSpan1553" value="."/>
		<feat xlink:href="#sSpan1557" value="ⲡ"/>
		<feat xlink:href="#sSpan1563" value="ϫⲱϩⲙ"/>
		<feat xlink:href="#sSpan1566" value="."/>
		<feat xlink:href="#sSpan1570" value="ⲡ"/>
		<feat xlink:href="#sSpan1575" value="ⲡⲁⲛⲟⲩⲣⲅⲓⲁ"/>
		<feat xlink:href="#sSpan1578" value="."/>
		<feat xlink:href="#sSpan1582" value="ⲡ"/>
		<feat xlink:href="#sSpan1586" value="ⲕⲣⲟϥ"/>
		<feat xlink:href="#sSpan1589" value="ⲡ"/>
		<feat xlink:href="#sSpan1594" value="ⲙⲛⲧϫⲁⲥⲓϩⲏⲧ"/>
		<feat xlink:href="#sSpan1598" value="."/>
		<feat xlink:href="#sSpan1602" value="ⲡ"/>
		<feat xlink:href="#sSpan1607" value="ⲁⲛⲁϣ"/>
		<feat xlink:href="#sSpan1609" value="ⲛ"/>
		<feat xlink:href="#sSpan1613" value="ⲛⲟⲩϫ"/>
		<feat xlink:href="#sSpan1616" value="."/>
		<feat xlink:href="#sSpan1620" value="ⲡ"/>
		<feat xlink:href="#sSpan1626" value="ⲥⲱⲱϥ"/>
		<feat xlink:href="#sSpan1628" value="."/>
		<feat xlink:href="#sSpan1632" value="ⲛ"/>
		<feat xlink:href="#sSpan1638" value="ⲡⲟⲣⲛⲉⲓⲁ"/>
		<feat xlink:href="#sSpan1641" value="."/>
		<feat xlink:href="#sSpan1645" value="ⲛ"/>
		<feat xlink:href="#sSpan1654" value="ⲙⲛⲧⲥⲁⲛⲕⲟⲧⲥ"/>
		<feat xlink:href="#sSpan1660" value="."/>
		<feat xlink:href="#sSpan1664" value="ⲙⲛ"/>
		<feat xlink:href="#sSpan1668" value="ⲡ"/>
		<feat xlink:href="#sSpan1671" value="ⲉⲧⲉⲣⲉ"/>
		<feat xlink:href="#sSpan1673" value="ⲉⲓⲛⲉ"/>
		<feat xlink:href="#sSpan1676" value="ⲛ"/>
		<feat xlink:href="#sSpan1681" value="ⲡⲁⲓ"/>
		<feat xlink:href="#sSpan1684" value="ⲛ"/>
		<feat xlink:href="#sSpan1688" value="ⲡⲓ"/>
		<feat xlink:href="#sSpan1690" value="ⲙⲓⲛⲉ"/>
		<feat xlink:href="#sSpan1692" value="."/>
		<feat xlink:href="#sSpan1696" value="ⲡⲁⲓ"/>
		<feat xlink:href="#sSpan1705" value="ⲡⲉ"/>
		<feat xlink:href="#sSpan1709" value="ⲡ"/>
		<feat xlink:href="#sSpan1714" value="ϭⲟⲣϭⲥ"/>
		<feat xlink:href="#sSpan1716" value="ⲉⲧⲉⲣⲉ"/>
		<feat xlink:href="#sSpan1720" value="ⲁ"/>
		<feat xlink:href="#sSpan1722" value="ⲡ"/>
		<feat xlink:href="#sSpan1726" value="ⲇⲓⲁⲃⲟⲗⲟⲥ"/>
		<feat xlink:href="#sSpan1729" value="ϭⲱⲣϭ"/>
		<feat xlink:href="#sSpan1733" value="ⲛ"/>
		<feat xlink:href="#sSpan1738" value="ⲡ"/>
		<feat xlink:href="#sSpan1741" value="ⲣⲱⲙⲉ"/>
		<feat xlink:href="#sSpan1743" value="ϩⲛ"/>
		<feat xlink:href="#sSpan1747" value="ⲛⲧⲟⲟⲩ"/>
		<feat xlink:href="#sSpan1749" value="ϣⲁⲛⲧⲉ"/>
		<feat xlink:href="#sSpan1754" value="ⲛⲧⲟϥ"/>
		<feat xlink:href="#sSpan1756" value="ⲥⲟⲣⲙ"/>
		<feat xlink:href="#sSpan1758" value="ⲛⲧⲟⲟⲩ"/>
		<feat xlink:href="#sSpan1760" value="ⲛⲧⲉ"/>
		<feat xlink:href="#sSpan1765" value="ⲛⲧⲟϥ"/>
		<feat xlink:href="#sSpan1767" value="ϫⲱⲱⲣⲉ"/>
		<feat xlink:href="#sSpan1769" value="ⲛⲧⲟⲟⲩ"/>
		<feat xlink:href="#sSpan1771" value="ⲉⲃⲟⲗ"/>
		<feat xlink:href="#sSpan1775" value="."/>
		<feat xlink:href="#sSpan1779" value="ⲁⲩ"/>
		<feat xlink:href="#sSpan1787" value="ⲛⲧⲟⲥ"/>
		<feat xlink:href="#sSpan1789" value="ϩⲱⲱ"/>
		<feat xlink:href="#sSpan1793" value="ⲛⲧⲟϥ"/>
		<feat xlink:href="#sSpan1795" value="ⲧⲉⲛⲟⲩ"/>
		<feat xlink:href="#sSpan1800" value="ⲛⲧⲉ"/>
		<feat xlink:href="#sSpan1804" value="ⲁⲛⲟⲛ"/>
		<feat xlink:href="#sSpan1806" value="ⲛⲁⲩ"/>
		<feat xlink:href="#sSpan1808" value="ϫⲉ"/>
		<feat xlink:href="#sSpan1812" value="ⲉⲣⲉ"/>
		<feat xlink:href="#sSpan1815" value="ⲡ"/>
		<feat xlink:href="#sSpan1819" value="ⲭⲣⲓⲥⲧⲟⲥ"/>
		<feat xlink:href="#sSpan1821" value="ⲡⲉⲛ"/>
		<feat xlink:href="#sSpan1825" value="ⲣⲣⲟ"/>
		<feat xlink:href="#sSpan1828" value="ⲡⲟⲗⲉⲙⲉⲓ"/>
		<feat xlink:href="#sSpan1833" value="ⲙⲛ"/>
		<feat xlink:href="#sSpan1837" value="ⲛⲧⲟϥ"/>
		<feat xlink:href="#sSpan1839" value="ⲛ"/>
		<feat xlink:href="#sSpan1844" value="ⲁϣ"/>
		<feat xlink:href="#sSpan1846" value="ⲛ"/>
		<feat xlink:href="#sSpan1850" value="ϩⲉ"/>
		<feat xlink:href="#sSpan1852" value="."/>
		<feat xlink:href="#sSpan1856" value="ϣⲁⲛⲧⲉ"/>
		<feat xlink:href="#sSpan1864" value="ⲛⲧⲟϥ"/>
		<feat xlink:href="#sSpan1866" value="ϥⲓ"/>
		<feat xlink:href="#sSpan1868" value="ⲛⲧⲛ"/>
		<feat xlink:href="#sSpan1872" value="ⲛⲧⲟϥ"/>
		<feat xlink:href="#sSpan1874" value="ⲛ"/>
		<feat xlink:href="#sSpan1878" value="ⲡⲉⲛ"/>
		<feat xlink:href="#sSpan1883" value="ⲯⲩⲭⲏ"/>
		<feat xlink:href="#sSpan1885" value="ⲛⲧⲉ"/>
		<feat xlink:href="#sSpan1889" value="ⲛⲧⲟϥ"/>
		<feat xlink:href="#sSpan1891" value="ⲉⲓⲣⲉ"/>
		<feat xlink:href="#sSpan1894" value="ⲛⲧⲟⲟⲩ"/>
		<feat xlink:href="#sSpan1896" value="ⲛ"/>
		<feat xlink:href="#sSpan1901" value="ⲣⲙϩⲉ"/>
		<feat xlink:href="#sSpan1905" value="."/>
		<feat xlink:href="#sSpan1909" value="ⲛⲧⲉⲣⲉ"/>
		<feat xlink:href="#sSpan1918" value="ⲛⲧⲟϥ"/>
		<feat xlink:href="#sSpan1921" value="ⲣϩⲛⲁ"/>
		<feat xlink:href="#sSpan1924" value="ⲛⲧⲟϥ"/>
		<feat xlink:href="#sSpan1926" value="ⲛϭⲓ"/>
		<feat xlink:href="#sSpan1930" value="ⲡ"/>
		<feat xlink:href="#sSpan1933" value="ⲛⲟⲩⲧⲉ"/>
		<feat xlink:href="#sSpan1936" value="ⲡ"/>
		<feat xlink:href="#sSpan1941" value="ⲡⲁⲛⲧⲱⲕⲣⲁⲧⲱⲣ"/>
		<feat xlink:href="#sSpan1944" value="ⲡⲁⲓ"/>
		<feat xlink:href="#sSpan1949" value="ϩⲓⲧⲛ"/>
		<feat xlink:href="#sSpan1954" value="ⲡⲉϥ"/>
		<feat xlink:href="#sSpan1957" value="ⲛⲟϭ"/>
		<feat xlink:href="#sSpan1959" value="ⲛ"/>
		<feat xlink:href="#sSpan1964" value="ⲁⲅⲁⲡⲏ"/>
		<feat xlink:href="#sSpan1967" value="ⲉⲧⲉⲣⲉ"/>
		<feat xlink:href="#sSpan1971" value="ⲁ"/>
		<feat xlink:href="#sSpan1973" value="ⲛⲧⲟϥ"/>
		<feat xlink:href="#sSpan1975" value="ⲙⲉⲣⲓⲧ"/>
		<feat xlink:href="#sSpan1978" value="ⲁⲛⲟⲛ"/>
		<feat xlink:href="#sSpan1980" value="ϩⲛ"/>
		<feat xlink:href="#sSpan1984" value="ⲛⲧⲟⲥ"/>
		<feat xlink:href="#sSpan1986" value="."/>
		<feat xlink:href="#sSpan1990" value="ⲁ"/>
		<feat xlink:href="#sSpan1997" value="ⲛⲧⲟϥ"/>
		<feat xlink:href="#sSpan1999" value="ⲧⲛⲛⲟⲟⲩ"/>
		<feat xlink:href="#sSpan2002" value="ⲛ"/>
		<feat xlink:href="#sSpan2006" value="ⲡⲉϥ"/>
		<feat xlink:href="#sSpan2009" value="ⲙⲉⲣⲓⲧ"/>
		<feat xlink:href="#sSpan2012" value="ⲛ"/>
		<feat xlink:href="#sSpan2016" value="ϣⲏⲣⲉ"/>
		<feat xlink:href="#sSpan2018" value="ⲉ"/>
		<feat xlink:href="#sSpan2022" value="ⲡ"/>
		<feat xlink:href="#sSpan2026" value="ⲕⲟⲥⲙⲟⲥ"/>
		<feat xlink:href="#sSpan2029" value="."/>
		<feat xlink:href="#sSpan2033" value="ⲁ"/>
		<feat xlink:href="#sSpan2037" value="ⲛⲧⲟϥ"/>
		<feat xlink:href="#sSpan2039" value="ⲃⲱⲕ"/>
		<feat xlink:href="#sSpan2042" value="ϣⲁ"/>
		<feat xlink:href="#sSpan2047" value="ⲡ"/>
		<feat xlink:href="#sSpan2051" value="ⲗⲁⲟⲥ"/>
		<feat xlink:href="#sSpan2053" value="ⲉⲧⲉⲣⲉ"/>
		<feat xlink:href="#sSpan2057" value="ⲥⲱ"/>
		<feat xlink:href="#sSpan2060" value="ⲛⲧⲟϥ"/>
		<feat xlink:href="#sSpan2062" value="."/>
		<feat xlink:href="#sSpan2066" value="ⲁ"/>
		<feat xlink:href="#sSpan2073" value="ⲛⲧⲟϥ"/>
		<feat xlink:href="#sSpan2076" value="ⲧⲁϣⲉⲟⲉⲓϣ"/>
		<feat xlink:href="#sSpan2079" value="ⲛⲁ"/>
		<feat xlink:href="#sSpan2084" value="ⲛⲧⲟⲟⲩ"/>
		<feat xlink:href="#sSpan2086" value="ϫⲉ"/>
		<feat xlink:href="#sSpan2091" value="ⲙⲉⲧⲁⲛⲟⲉⲓ"/>
		<feat xlink:href="#sSpan2093" value="ⲁ"/>
		<feat xlink:href="#sSpan2098" value="ⲛⲧⲟⲥ"/>
		<feat xlink:href="#sSpan2100" value="ϩⲱⲛ"/>
		<feat xlink:href="#sSpan2103" value="ⲅⲁⲣ"/>
		<feat xlink:href="#sSpan2107" value="ⲉϩⲟⲩⲛ"/>
		<feat xlink:href="#sSpan2111" value="ⲛϭⲓ"/>
		<feat xlink:href="#sSpan2116" value="ⲡ"/>
		<feat xlink:href="#sSpan2120" value="ⲙⲛⲧⲣⲣⲟ"/>
		<feat xlink:href="#sSpan2123" value="ⲛⲛⲉ"/>
		<feat xlink:href="#sSpan2128" value="ⲡ"/>
		<feat xlink:href="#sSpan2131" value="ⲡⲉ"/>
		<feat xlink:href="#sSpan2133" value="."/>
		<feat xlink:href="#sSpan2137" value="ⲛⲧⲟⲟⲩ"/>
		<feat xlink:href="#sSpan2146" value="ⲇⲉ"/>
		<feat xlink:href="#sSpan2150" value="ⲙⲡⲉ"/>
		<feat xlink:href="#sSpan2154" value="ⲛⲧⲟⲟⲩ"/>
		<feat xlink:href="#sSpan2157" value="ϯϩⲧⲏ"/>
		<feat xlink:href="#sSpan2161" value="ⲛⲧⲟⲟⲩ"/>
		<feat xlink:href="#sSpan2163" value="ⲉ"/>
		<feat xlink:href="#sSpan2167" value="ⲡⲉϥ"/>
		<feat xlink:href="#sSpan2171" value="ⲥⲩⲛⲃⲓⲁ"/>
		<feat xlink:href="#sSpan2174" value="ⲉⲧⲉⲣⲉ"/>
		<feat xlink:href="#sSpan2178" value="ⲟⲩⲟⲡ"/>
		<feat xlink:href="#sSpan2180" value="."/>
		<feat xlink:href="#sSpan2184" value="ⲙⲛⲛⲥⲁ"/>
		<feat xlink:href="#sSpan2195" value="ⲡⲁⲓ"/>
		<feat xlink:href="#sSpan2200" value="ⲁ"/>
		<feat xlink:href="#sSpan2204" value="ⲛⲧⲟϥ"/>
		<feat xlink:href="#sSpan2206" value="ⲉⲓⲣⲉ"/>
		<feat xlink:href="#sSpan2208" value="ⲡⲉⲓ"/>
		<feat xlink:href="#sSpan2212" value="ϭⲟⲙ"/>
		<feat xlink:href="#sSpan2214" value="ⲧⲏⲣ"/>
		<feat xlink:href="#sSpan2218" value="ⲛⲧⲟⲟⲩ"/>
		<feat xlink:href="#sSpan2220" value="ϩⲛ"/>
		<feat xlink:href="#sSpan2224" value="ⲡⲉⲩ"/>
		<feat xlink:href="#sSpan2228" value="ⲙⲏⲧⲉ"/>
		<feat xlink:href="#sSpan2230" value="."/>
		<feat xlink:href="#sSpan2234" value="ⲉ"/>
		<feat xlink:href="#sSpan2238" value="ⲟⲩ"/>
		<feat xlink:href="#sSpan2242" value="ⲁϫⲓⲏⲡⲉ"/>
		<feat xlink:href="#sSpan2246" value="ⲛ"/>
		<feat xlink:href="#sSpan2250" value="ⲛⲧⲟⲟⲩ"/>
		<feat xlink:href="#sSpan2252" value="ⲡⲉⲛ"/>
		<feat xlink:href="#sSpan2258" value="ⲃⲗⲗⲉ"/>
		<feat xlink:href="#sSpan2260" value="ⲁ"/>
		<feat xlink:href="#sSpan2264" value="ⲛⲧⲟϥ"/>
		<feat xlink:href="#sSpan2266" value="ⲧⲣⲉ"/>
		<feat xlink:href="#sSpan2268" value="ⲛⲧⲟⲟⲩ"/>
		<feat xlink:href="#sSpan2270" value="ⲛⲁⲩ"/>
		<feat xlink:href="#sSpan2274" value="ⲉⲃⲟⲗ"/>
		<feat xlink:href="#sSpan2278" value="."/>
		<feat xlink:href="#sSpan2282" value="ⲡ"/>
		<feat xlink:href="#sSpan2290" value="ⲁⲗ"/>
		<feat xlink:href="#sSpan2292" value="ⲁ"/>
		<feat xlink:href="#sSpan2296" value="ⲛⲧⲟϥ"/>
		<feat xlink:href="#sSpan2298" value="ⲧⲣⲉ"/>
		<feat xlink:href="#sSpan2301" value="ⲛⲧⲟⲟⲩ"/>
		<feat xlink:href="#sSpan2303" value="ⲥⲱⲧⲙ"/>
		<feat xlink:href="#sSpan2305" value="."/>
		<feat xlink:href="#sSpan2309" value="ⲛⲧⲉ"/>
		<feat xlink:href="#sSpan2314" value="ϭⲟⲉⲓⲗⲉ"/>
		<feat xlink:href="#sSpan2317" value="ⲁ"/>
		<feat xlink:href="#sSpan2321" value="ⲛⲧⲟϥ"/>
		<feat xlink:href="#sSpan2323" value="ⲧⲣⲉ"/>
		<feat xlink:href="#sSpan2325" value="ⲛⲧⲟⲟⲩ"/>
		<feat xlink:href="#sSpan2327" value="ⲙⲟⲟϣⲉ"/>
		<feat xlink:href="#sSpan2329" value="."/>
		<feat xlink:href="#sSpan2333" value="ⲡ"/>
		<feat xlink:href="#sSpan2339" value="ⲉⲧⲉⲣⲉ"/>
		<feat xlink:href="#sSpan2341" value="ⲥⲱⲃϩ"/>
		<feat xlink:href="#sSpan2343" value="ⲁ"/>
		<feat xlink:href="#sSpan2347" value="ⲛⲧⲟϥ"/>
		<feat xlink:href="#sSpan2349" value="ⲧⲃⲃⲟ"/>
		<feat xlink:href="#sSpan2351" value="ⲛⲧⲟⲟⲩ"/>
		<feat xlink:href="#sSpan2353" value="."/>
		<feat xlink:href="#sSpan2357" value="ⲡ"/>
		<feat xlink:href="#sSpan2366" value="ⲉⲧⲉⲣⲉ"/>
		<feat xlink:href="#sSpan2368" value="ⲙⲟⲩⲟⲩⲧ"/>
		<feat xlink:href="#sSpan2370" value="ⲁ"/>
		<feat xlink:href="#sSpan2374" value="ⲛⲧⲟϥ"/>
		<feat xlink:href="#sSpan2376" value="ⲧⲟⲩⲛⲟⲥ"/>
		<feat xlink:href="#sSpan2379" value="ⲛⲧⲟⲟⲩ"/>
		<feat xlink:href="#sSpan2381" value="."/>
		<feat xlink:href="#sSpan2385" value="ⲡ"/>
		<feat xlink:href="#sSpan2391" value="ⲇⲁⲓⲙⲟⲛⲓⲟⲛ"/>
		<feat xlink:href="#sSpan2394" value="ⲁ"/>
		<feat xlink:href="#sSpan2398" value="ⲛⲧⲟϥ"/>
		<feat xlink:href="#sSpan2400" value="ⲛⲁϫ"/>
		<feat xlink:href="#sSpan2403" value="ⲛⲧⲟⲟⲩ"/>
		<feat xlink:href="#sSpan2405" value="ⲉⲃⲟⲗ"/>
		<feat xlink:href="#sSpan2409" value="."/>
		<feat xlink:href="#sSpan2413" value="ⲡ"/>
		<feat xlink:href="#sSpan2421" value="ϭⲓϫ"/>
		<feat xlink:href="#sSpan2424" value="ⲉⲧⲉⲣⲉ"/>
		<feat xlink:href="#sSpan2428" value="ϣⲟⲩⲱⲟⲩ"/>
		<feat xlink:href="#sSpan2430" value="ⲁ"/>
		<feat xlink:href="#sSpan2435" value="ⲛⲧⲟϥ"/>
		<feat xlink:href="#sSpan2437" value="ⲥⲟⲟⲩⲧⲛ"/>
		<feat xlink:href="#sSpan2439" value="ⲛⲧⲟⲟⲩ"/>
		<feat xlink:href="#sSpan2441" value="ⲉⲃⲟⲗ"/>
		<feat xlink:href="#sSpan2446" value="."/>
		<feat xlink:href="#sSpan2450" value="ⲡ"/>
		<feat xlink:href="#sSpan2455" value="ϩⲏⲕⲉ"/>
		<feat xlink:href="#sSpan2457" value="ⲁ"/>
		<feat xlink:href="#sSpan2461" value="ⲛⲧⲟϥ"/>
		<feat xlink:href="#sSpan2463" value="ⲧⲥⲓⲟ"/>
		<feat xlink:href="#sSpan2466" value="ⲛⲧⲟⲟⲩ"/>
		<feat xlink:href="#sSpan2468" value="ⲛ"/>
		<feat xlink:href="#sSpan2472" value="ⲟⲉⲓⲕ"/>
		<feat xlink:href="#sSpan2475" value="."/>
		<feat xlink:href="#sSpan2479" value="ⲛ"/>
		<feat xlink:href="#sSpan2486" value="ⲡⲟⲣⲛⲟⲥ"/>
		<feat xlink:href="#sSpan2488" value="ⲁ"/>
		<feat xlink:href="#sSpan2492" value="ⲛⲧⲟϥ"/>
		<feat xlink:href="#sSpan2494" value="ⲧⲃⲃⲟ"/>
		<feat xlink:href="#sSpan2497" value="ⲛⲧⲟⲟⲩ"/>
		<feat xlink:href="#sSpan2499" value="."/>
		<feat xlink:href="#sSpan2503" value="ⲁ"/>
		<feat xlink:href="#sSpan2510" value="ⲛⲧⲟϥ"/>
		<feat xlink:href="#sSpan2512" value="ⲕⲱ"/>
		<feat xlink:href="#sSpan2514" value="ⲡⲉⲩ"/>
		<feat xlink:href="#sSpan2519" value="ⲛⲟⲃⲉ"/>
		<feat xlink:href="#sSpan2522" value="ⲛⲁ"/>
		<feat xlink:href="#sSpan2526" value="ⲛⲧⲟⲟⲩ"/>
		<feat xlink:href="#sSpan2528" value="ⲉⲃⲟⲗ"/>
		<feat xlink:href="#sSpan2533" value="ϩⲛ"/>
		<feat xlink:href="#sSpan2538" value="ⲡⲉϥ"/>
		<feat xlink:href="#sSpan2542" value="ⲙⲛⲧⲛⲟⲩⲧⲉ"/>
		<feat xlink:href="#sSpan2545" value="ⲁ"/>
		<feat xlink:href="#sSpan2550" value="ⲛⲧⲟϥ"/>
		<feat xlink:href="#sSpan2552" value="ⲉⲓⲣⲉ"/>
		<feat xlink:href="#sSpan2554" value="ⲛⲧⲟⲟⲩ"/>
		<feat xlink:href="#sSpan2556" value="ⲛ"/>
		<feat xlink:href="#sSpan2560" value="ⲡ"/>
		<feat xlink:href="#sSpan2562" value="ϩⲉ"/>
		<feat xlink:href="#sSpan2564" value="ⲛ"/>
		<feat xlink:href="#sSpan2568" value="ⲡⲓ"/>
		<feat xlink:href="#sSpan2572" value="ⲡⲁⲣⲑⲉⲛⲟⲥ"/>
		<feat xlink:href="#sSpan2575" value="."/>
		<feat xlink:href="#sSpan2579" value="ⲁ"/>
		<feat xlink:href="#sSpan2586" value="ⲡ"/>
		<feat xlink:href="#sSpan2589" value="ⲥϩⲓⲙⲉ"/>
		<feat xlink:href="#sSpan2593" value="ⲅⲁⲣ"/>
		<feat xlink:href="#sSpan2597" value="ⲉⲧⲉⲣⲉ"/>
		<feat xlink:href="#sSpan2601" value="ⲙⲙⲁⲩ"/>
		<feat xlink:href="#sSpan2603" value="ⲙⲡϣⲁ"/>
		<feat xlink:href="#sSpan2608" value="ⲛ"/>
		<feat xlink:href="#sSpan2612" value="ⲟⲩ"/>
		<feat xlink:href="#sSpan2615" value="ⲛⲟϭ"/>
		<feat xlink:href="#sSpan2617" value="ⲛ"/>
		<feat xlink:href="#sSpan2622" value="ⲧⲁⲓⲟ"/>
		<feat xlink:href="#sSpan2624" value="."/>
		<feat xlink:href="#sSpan2628" value="ⲉⲣⲉ"/>
		<feat xlink:href="#sSpan2632" value="ⲁ"/>
		<feat xlink:href="#sSpan2634" value="ⲡⲉⲥ"/>
		<feat xlink:href="#sSpan2637" value="ϭⲓϫ"/>
		<feat xlink:href="#sSpan2640" value="ⲧⲱϩ"/>
		<feat xlink:href="#sSpan2644" value="ⲛⲧⲟⲥ"/>
		<feat xlink:href="#sSpan2646" value="ⲛ"/>
		<feat xlink:href="#sSpan2650" value="ⲡ"/>
		<feat xlink:href="#sSpan2653" value="ⲟⲩⲉⲣⲏⲧⲉ"/>
		<feat xlink:href="#sSpan2656" value="ⲛ"/>
		<feat xlink:href="#sSpan2660" value="ⲡ"/>
		<feat xlink:href="#sSpan2663" value="ⲉⲧⲉⲣⲉ"/>
		<feat xlink:href="#sSpan2666" value="ⲁ"/>
		<feat xlink:href="#sSpan2668" value="ⲛⲧⲟϥ"/>
		<feat xlink:href="#sSpan2671" value="ⲡⲗⲁⲥⲥⲉ"/>
		<feat xlink:href="#sSpan2673" value="ⲛ"/>
		<feat xlink:href="#sSpan2678" value="ⲛⲧⲟⲥ"/>
		<feat xlink:href="#sSpan2680" value="."/>
		<feat xlink:href="#sSpan2684" value="ϩⲛ"/>
		<feat xlink:href="#sSpan2691" value="ⲡ"/>
		<feat xlink:href="#sSpan2693" value="ⲟⲩⲛⲟⲩ"/>
		<feat xlink:href="#sSpan2695" value="ⲉⲧⲉⲣⲉ"/>
		<feat xlink:href="#sSpan2700" value="ⲙⲙⲁⲩ"/>
		<feat xlink:href="#sSpan2702" value="ⲁ"/>
		<feat xlink:href="#sSpan2706" value="ⲛⲧⲟⲥ"/>
		<feat xlink:href="#sSpan2709" value="ⲙⲉⲧⲉⲭⲉ"/>
		<feat xlink:href="#sSpan2712" value="ⲛ"/>
		<feat xlink:href="#sSpan2716" value="ⲡ"/>
		<feat xlink:href="#sSpan2719" value="ⲧⲃⲃⲟ"/>
		<feat xlink:href="#sSpan2721" value="ⲛ"/>
		<feat xlink:href="#sSpan2725" value="ⲡⲉϥ"/>
		<feat xlink:href="#sSpan2729" value="ⲙⲛⲧⲛⲟⲩⲧⲉ"/>
		<feat xlink:href="#sSpan2733" value="."/>
		<feat xlink:href="#sSpan2737" value="ⲛ"/>
		<feat xlink:href="#sSpan2745" value="ⲡ"/>
		<feat xlink:href="#sSpan2747" value="ⲟⲩⲛⲟⲩ"/>
		<feat xlink:href="#sSpan2749" value="ⲁ"/>
		<feat xlink:href="#sSpan2753" value="ⲡ"/>
		<feat xlink:href="#sSpan2757" value="ⲫⲱⲛⲏ"/>
		<feat xlink:href="#sSpan2760" value="ⲛ"/>
		<feat xlink:href="#sSpan2764" value="ⲡ"/>
		<feat xlink:href="#sSpan2767" value="ⲛⲟⲩⲧⲉ"/>
		<feat xlink:href="#sSpan2769" value="ⲧⲁϩⲟ"/>
		<feat xlink:href="#sSpan2775" value="ⲛⲧⲟⲥ"/>
		<feat xlink:href="#sSpan2777" value="ϫⲉ"/>
		<feat xlink:href="#sSpan2781" value="ⲡⲟⲩ"/>
		<feat xlink:href="#sSpan2785" value="ⲡⲓⲥⲧⲓⲥ"/>
		<feat xlink:href="#sSpan2787" value="ⲡ"/>
		<feat xlink:href="#sSpan2792" value="ⲉⲧⲉⲣⲉ"/>
		<feat xlink:href="#sSpan2796" value="ⲁ"/>
		<feat xlink:href="#sSpan2798" value="ⲛⲧⲟⲥ"/>
		<feat xlink:href="#sSpan2801" value="ⲛⲁϩⲙⲉⲃⲱⲕ"/>
		<feat xlink:href="#sSpan2805" value="ϩⲛ"/>
		<feat xlink:href="#sSpan2809" value="ⲟⲩ"/>
		<feat xlink:href="#sSpan2813" value="ⲉⲓⲣⲏⲛⲏ"/>
		<feat xlink:href="#sSpan2815" value="ⲙⲛⲛⲥⲁ"/>
		<feat xlink:href="#sSpan2823" value="ⲡⲁⲓ"/>
		<feat xlink:href="#sSpan2826" value="ⲧⲏⲣ"/>
		<feat xlink:href="#sSpan2830" value="ⲛⲧⲟⲟⲩ"/>
		<feat xlink:href="#sSpan2832" value="ⲉⲧⲉⲣⲉ"/>
		<feat xlink:href="#sSpan2837" value="ⲁ"/>
		<feat xlink:href="#sSpan2839" value="ⲛⲧⲟϥ"/>
		<feat xlink:href="#sSpan2841" value="ⲉⲓⲣⲉ"/>
		<feat xlink:href="#sSpan2843" value="ⲛⲧⲟⲟⲩ"/>
		<feat xlink:href="#sSpan2845" value="ⲙⲡⲉ"/>
		<feat xlink:href="#sSpan2849" value="ⲛⲧⲟⲟⲩ"/>
		<feat xlink:href="#sSpan2852" value="ⲡⲓⲥⲧⲉⲩⲉ"/>
		<feat xlink:href="#sSpan2855" value="ⲉ"/>
		<feat xlink:href="#sSpan2859" value="ⲛⲧⲟϥ"/>
		<feat xlink:href="#sSpan2861" value="."/>
		<feat xlink:href="#sSpan2866" value="ⲁⲗⲗⲁ"/>
		<feat xlink:href="#sSpan2874" value="ⲁ"/>
		<feat xlink:href="#sSpan2878" value="ⲛⲧⲟⲟⲩ"/>
		<feat xlink:href="#sSpan2880" value="ϭⲱⲡⲉ"/>
		<feat xlink:href="#sSpan2882" value="ⲛⲧⲟϥ"/>
		<feat xlink:href="#sSpan2884" value="ⲁ"/>
		<feat xlink:href="#sSpan2888" value="ⲛⲧⲟⲟⲩ"/>
		<feat xlink:href="#sSpan2891" value="ⲡⲁⲣⲁⲇⲓⲇⲟⲩ"/>
		<feat xlink:href="#sSpan2894" value="ⲛ"/>
		<feat xlink:href="#sSpan2898" value="ⲛⲧⲟϥ"/>
		<feat xlink:href="#sSpan2900" value="ⲁ"/>
		<feat xlink:href="#sSpan2905" value="ⲛⲧⲟⲟⲩ"/>
		<feat xlink:href="#sSpan2908" value="ⲥⲧⲁⲩⲣⲟⲩ"/>
		<feat xlink:href="#sSpan2910" value="ⲛ"/>
		<feat xlink:href="#sSpan2914" value="ⲛⲧⲟϥ"/>
		<feat xlink:href="#sSpan2916" value="ⲛⲧⲉⲣⲉ"/>
		<feat xlink:href="#sSpan2921" value="ⲛⲧⲟϥ"/>
		<feat xlink:href="#sSpan2923" value="ⲃⲱⲕ"/>
		<feat xlink:href="#sSpan2926" value="ⲉϩⲟⲩⲛ"/>
		<feat xlink:href="#sSpan2930" value="ⲉ"/>
		<feat xlink:href="#sSpan2935" value="ⲡ"/>
		<feat xlink:href="#sSpan2939" value="ⲁⲩⲗⲏ"/>
		<feat xlink:href="#sSpan2941" value="ⲛ"/>
		<feat xlink:href="#sSpan2945" value="ⲡ"/>
		<feat xlink:href="#sSpan2949" value="ⲁⲣⲭⲓⲉⲣⲉⲩⲥ"/>
		<feat xlink:href="#sSpan2952" value="."/>
		<feat xlink:href="#sSpan2956" value="ⲁ"/>
		<feat xlink:href="#sSpan2963" value="ⲛⲧⲟⲟⲩ"/>
		<feat xlink:href="#sSpan2965" value="ϯ"/>
		<feat xlink:href="#sSpan2967" value="ⲛⲁ"/>
		<feat xlink:href="#sSpan2971" value="ⲛⲧⲟϥ"/>
		<feat xlink:href="#sSpan2973" value="ⲛ"/>
		<feat xlink:href="#sSpan2978" value="ⲟⲩ"/>
		<feat xlink:href="#sSpan2981" value="ⲥⲱϣ"/>
		<feat xlink:href="#sSpan2983" value="ⲉ"/>
		<feat xlink:href="#sSpan2987" value="ⲡ"/>
		<feat xlink:href="#sSpan2990" value="ⲙⲁ"/>
		<feat xlink:href="#sSpan2992" value="ⲛ"/>
		<feat xlink:href="#sSpan2997" value="ⲟⲩ"/>
		<feat xlink:href="#sSpan3000" value="ⲧⲁⲓⲟ"/>
		<feat xlink:href="#sSpan3002" value="."/>
		<feat xlink:href="#sSpan3007" value="ⲧⲟⲧⲉ"/>
		<feat xlink:href="#sSpan3014" value="ⲁ"/>
		<feat xlink:href="#sSpan3019" value="ⲡ"/>
		<feat xlink:href="#sSpan3022" value="ϣⲁϫⲉ"/>
		<feat xlink:href="#sSpan3024" value="ⲉⲧⲉⲣⲉ"/>
		<feat xlink:href="#sSpan3028" value="ⲥϩⲁⲓ"/>
		<feat xlink:href="#sSpan3030" value="ϫⲱⲕ"/>
		<feat xlink:href="#sSpan3035" value="ⲉⲃⲟⲗ"/>
		<feat xlink:href="#sSpan3040" value="ϫⲉ"/>
		<feat xlink:href="#sSpan3044" value="ⲁ"/>
		<feat xlink:href="#sSpan3046" value="ⲛⲧⲟⲟⲩ"/>
		<feat xlink:href="#sSpan3048" value="ⲉⲓⲣⲉ"/>
		<feat xlink:href="#sSpan3051" value="ⲡⲁⲓ"/>
		<feat xlink:href="#sSpan3056" value="ⲡ"/>
		<feat xlink:href="#sSpan3060" value="ϩⲉ"/>
		<feat xlink:href="#sSpan3062" value="ⲛ"/>
		<feat xlink:href="#sSpan3066" value="ⲡ"/>
		<feat xlink:href="#sSpan3070" value="ⲉⲧⲉⲣⲉ"/>
		<feat xlink:href="#sSpan3072" value="ϩⲟⲟⲩ"/>
		<feat xlink:href="#sSpan3074" value="ⲉ"/>
		<feat xlink:href="#sSpan3078" value="ⲡ"/>
		<feat xlink:href="#sSpan3081" value="ⲙⲁ"/>
		<feat xlink:href="#sSpan3083" value="ⲛ"/>
		<feat xlink:href="#sSpan3087" value="ϩⲉ"/>
		<feat xlink:href="#sSpan3090" value="ⲛ"/>
		<feat xlink:href="#sSpan3094" value="ⲡ"/>
		<feat xlink:href="#sSpan3097" value="ⲉⲧⲉⲣⲉ"/>
		<feat xlink:href="#sSpan3099" value="ⲛⲁⲛⲟⲩ"/>
		<feat xlink:href="#sSpan3101" value="ⲛⲧⲟϥ"/>
		<feat xlink:href="#sSpan3103" value="."/>
		<feat xlink:href="#sSpan3107" value="ⲁⲩⲱ"/>
		<feat xlink:href="#sSpan3115" value="ⲟⲩ"/>
		<feat xlink:href="#sSpan3120" value="ⲙⲟⲥⲧⲉ"/>
		<feat xlink:href="#sSpan3122" value="ⲉ"/>
		<feat xlink:href="#sSpan3126" value="ⲡ"/>
		<feat xlink:href="#sSpan3129" value="ⲙⲁ"/>
		<feat xlink:href="#sSpan3132" value="ⲛ"/>
		<feat xlink:href="#sSpan3136" value="ⲡⲁ"/>
		<feat xlink:href="#sSpan3138" value="ⲙⲉ"/>
		<feat xlink:href="#sSpan3140" value="."/>
		<feat xlink:href="#sSpan3144" value="ⲁϣ"/>
		<feat xlink:href="#sSpan3152" value="ϭⲉ"/>
		<feat xlink:href="#sSpan3156" value="ⲛⲉⲣⲉ"/>
		<feat xlink:href="#sSpan3160" value="ⲡ"/>
		<feat xlink:href="#sSpan3166" value="ⲡⲉⲑⲟⲟⲩ"/>
		<feat xlink:href="#sSpan3171" value="ⲉⲧⲉⲣⲉ"/>
		<feat xlink:href="#sSpan3175" value="ⲁ"/>
		<feat xlink:href="#sSpan3177" value="ⲛⲧⲟⲟⲩ"/>
		<feat xlink:href="#sSpan3179" value="ⲉⲓⲣⲉ"/>
		<feat xlink:href="#sSpan3181" value="ⲛⲧⲟⲟⲩ"/>
		<feat xlink:href="#sSpan3183" value="ⲛ"/>
		<feat xlink:href="#sSpan3187" value="ⲡⲉⲩ"/>
		<feat xlink:href="#sSpan3191" value="ϫⲟⲉⲓⲥ"/>
		<feat xlink:href="#sSpan3193" value="."/>
		<feat xlink:href="#sSpan3197" value="ⲛⲧⲉⲣⲉ"/>
		<feat xlink:href="#sSpan3204" value="ⲡⲓ"/>
		<feat xlink:href="#sSpan3209" value="ⲫⲱⲛⲉⲩⲥ"/>
		<feat xlink:href="#sSpan3211" value="ϭⲱⲡⲉ"/>
		<feat xlink:href="#sSpan3215" value="ⲛⲧⲟϥ"/>
		<feat xlink:href="#sSpan3217" value="ⲁⲩ"/>
		<feat xlink:href="#sSpan3222" value="ⲛⲧⲟⲥ"/>
		<feat xlink:href="#sSpan3224" value="ⲛⲧⲉ"/>
		<feat xlink:href="#sSpan3228" value="ⲁⲛⲟⲛ"/>
		<feat xlink:href="#sSpan3230" value="ⲉⲓⲙⲉ"/>
		<feat xlink:href="#sSpan3232" value="ⲉ"/>
		<feat xlink:href="#sSpan3237" value="ⲛⲧⲟⲟⲩ"/>
		<feat xlink:href="#sSpan3239" value="."/>
		<feat xlink:href="#sSpan3243" value="ⲟⲩ"/>
		<feat xlink:href="#sSpan3251" value="ϩⲟⲧⲉ"/>
		<feat xlink:href="#sSpan3254" value="ⲅⲁⲣ"/>
		<feat xlink:href="#sSpan3259" value="ⲡⲉ"/>
		<feat xlink:href="#sSpan3263" value="ⲉ"/>
		<feat xlink:href="#sSpan3267" value="ϫⲟ"/>
		<feat xlink:href="#sSpan3269" value="ⲛⲧⲟⲟⲩ"/>
		<feat xlink:href="#sSpan3271" value="."/>
		<feat xlink:href="#sSpan3275" value="ⲡⲁ"/>
		<feat xlink:href="#sSpan3280" value="ⲗⲁⲥ"/>
		<feat xlink:href="#sSpan3283" value="ⲙⲁⲕϩ"/>
		<feat xlink:href="#sSpan3287" value="."/>
		<feat xlink:href="#sSpan3291" value="ⲡⲁ"/>
		<feat xlink:href="#sSpan3296" value="ⲃⲁⲗ"/>
		<feat xlink:href="#sSpan3299" value="ϯⲣⲙⲉⲓⲏ"/>
		<feat xlink:href="#sSpan3305" value="."/>
		<feat xlink:href="#sSpan3309" value="ⲡⲁ"/>
		<feat xlink:href="#sSpan3318" value="ⲡⲛⲉⲩⲙⲁ"/>
		<feat xlink:href="#sSpan3321" value="ⲁϣⲁϩⲟⲙ"/>
		<feat xlink:href="#sSpan3327" value="."/>
		<feat xlink:href="#sSpan3331" value="ⲡⲁ"/>
		<feat xlink:href="#sSpan3337" value="ⲯⲩⲭⲏ"/>
		<feat xlink:href="#sSpan3340" value="ϣⲧⲟⲣⲧⲣ"/>
		<feat xlink:href="#sSpan3344" value="ⲉ"/>
		<feat xlink:href="#sSpan3348" value="ⲧⲣⲉ"/>
		<feat xlink:href="#sSpan3351" value="ⲁⲛⲟⲕ"/>
		<feat xlink:href="#sSpan3353" value="ϫⲟ"/>
		<feat xlink:href="#sSpan3355" value="ⲛⲧⲟⲟⲩ"/>
		<feat xlink:href="#sSpan3357" value="."/>
		<feat xlink:href="#sSpan3361" value="ⲡ"/>
		<feat xlink:href="#sSpan3369" value="ⲛⲟⲩⲧⲉ"/>
		<feat xlink:href="#sSpan3371" value="ⲡ"/>
		<feat xlink:href="#sSpan3376" value="ⲉⲧⲉⲣⲉ"/>
		<feat xlink:href="#sSpan3378" value="ⲁ"/>
		<feat xlink:href="#sSpan3380" value="ⲛⲧⲟⲟⲩ"/>
		<feat xlink:href="#sSpan3382" value="ϭⲱⲡⲉ"/>
		<feat xlink:href="#sSpan3384" value="ⲛⲧⲟϥ"/>
		<feat xlink:href="#sSpan3386" value="."/>
		<feat xlink:href="#sSpan3390" value="ⲡ"/>
		<feat xlink:href="#sSpan3396" value="ϫⲟⲉⲓⲥ"/>
		<feat xlink:href="#sSpan3398" value="ⲡ"/>
		<feat xlink:href="#sSpan3402" value="ⲉⲧⲉⲣⲉ"/>
		<feat xlink:href="#sSpan3404" value="ⲁ"/>
		<feat xlink:href="#sSpan3406" value="ⲛⲧⲟⲟⲩ"/>
		<feat xlink:href="#sSpan3408" value="ⲙⲟⲩⲣ"/>
		<feat xlink:href="#sSpan3414" value="ⲛⲧⲟϥ"/>
		<feat xlink:href="#sSpan3416" value="."/>
		<feat xlink:href="#sSpan3420" value="ⲡ"/>
		<feat xlink:href="#sSpan3425" value="ⲣⲣⲟ"/>
		<feat xlink:href="#sSpan3427" value="ⲡ"/>
		<feat xlink:href="#sSpan3431" value="ⲉⲧⲉⲣⲉ"/>
		<feat xlink:href="#sSpan3434" value="ⲁ"/>
		<feat xlink:href="#sSpan3436" value="ⲛⲧⲟⲟⲩ"/>
		<feat xlink:href="#sSpan3439" value="ⲥⲧⲁⲩⲣⲟⲩ"/>
		<feat xlink:href="#sSpan3441" value="ⲛ"/>
		<feat xlink:href="#sSpan3445" value="ⲛⲧⲟϥ"/>
		<feat xlink:href="#sSpan3448" value="ⲓⲏⲥⲟⲩⲥ"/>
		<feat xlink:href="#sSpan3454" value="ⲡ"/>
		<feat xlink:href="#sSpan3459" value="ⲭⲣⲓⲥⲧⲟⲥ"/>
		<feat xlink:href="#sSpan3461" value="ⲡ"/>
		<feat xlink:href="#sSpan3465" value="ⲉⲧⲉⲣⲉ"/>
		<feat xlink:href="#sSpan3467" value="ⲁ"/>
		<feat xlink:href="#sSpan3469" value="ⲛⲧⲟⲟⲩ"/>
		<feat xlink:href="#sSpan3471" value="ⲥⲱⲛϩ"/>
		<feat xlink:href="#sSpan3474" value="ⲛⲧⲟϥ"/>
		<feat xlink:href="#sSpan3476" value="."/>
		<feat xlink:href="#sSpan3480" value="ⲁ"/>
		<feat xlink:href="#sSpan3484" value="ⲛⲧⲟⲟⲩ"/>
		<feat xlink:href="#sSpan3487" value="ϯⲉⲓϥⲧ"/>
		<feat xlink:href="#sSpan3490" value="ⲛⲁ"/>
		<feat xlink:href="#sSpan3495" value="ⲛⲧⲟϥ"/>
		<feat xlink:href="#sSpan3497" value="ⲉ"/>
		<feat xlink:href="#sSpan3501" value="ⲡⲉϥ"/>
		<feat xlink:href="#sSpan3504" value="ϭⲓϫ"/>
		<feat xlink:href="#sSpan3506" value="ⲉⲧⲉⲣⲉ"/>
		<feat xlink:href="#sSpan3510" value="ⲟⲩⲟⲡ"/>
		<feat xlink:href="#sSpan3513" value="."/>
		<feat xlink:href="#sSpan3517" value="ⲁ"/>
		<feat xlink:href="#sSpan3521" value="ⲛⲧⲟⲟⲩ"/>
		<feat xlink:href="#sSpan3524" value="ϯⲁⲁⲥ"/>
		<feat xlink:href="#sSpan3527" value="ⲉϩⲟⲩⲛ"/>
		<feat xlink:href="#sSpan3531" value="ϩⲛ"/>
		<feat xlink:href="#sSpan3536" value="ⲡⲉϥ"/>
		<feat xlink:href="#sSpan3539" value="ϩⲟ"/>
		<feat xlink:href="#sSpan3541" value="."/>
		<feat xlink:href="#sSpan3545" value="ⲛⲧⲟϥ"/>
		<feat xlink:href="#sSpan3552" value="ⲡ"/>
		<feat xlink:href="#sSpan3557" value="ⲉⲧⲉⲣⲉ"/>
		<feat xlink:href="#sSpan3559" value="ⲁ"/>
		<feat xlink:href="#sSpan3561" value="ⲛⲧⲟϥ"/>
		<feat xlink:href="#sSpan3563" value="ⲧⲁⲙⲓⲟ"/>
		<feat xlink:href="#sSpan3565" value="ⲛⲧⲟⲟⲩ"/>
		<feat xlink:href="#sSpan3567" value="."/>
		<feat xlink:href="#sSpan3571" value="ⲁ"/>
		<feat xlink:href="#sSpan3576" value="ⲛⲧⲟⲟⲩ"/>
		<feat xlink:href="#sSpan3579" value="ϯⲕⲗⲯ"/>
		<feat xlink:href="#sSpan3582" value="ⲉϫⲛ"/>
		<feat xlink:href="#sSpan3586" value="ⲡ"/>
		<feat xlink:href="#sSpan3589" value="ⲁⲡⲉ"/>
		<feat xlink:href="#sSpan3591" value="ⲛ"/>
		<feat xlink:href="#sSpan3596" value="ⲡⲉⲩ"/>
		<feat xlink:href="#sSpan3599" value="ϫⲟⲉⲓⲥ"/>
		<feat xlink:href="#sSpan3601" value="."/>
		<feat xlink:href="#sSpan3605" value="ⲁ"/>
		<feat xlink:href="#sSpan3612" value="ⲛⲧⲟⲟⲩ"/>
		<feat xlink:href="#sSpan3614" value="ϯ"/>
		<feat xlink:href="#sSpan3616" value="ⲛ"/>
		<feat xlink:href="#sSpan3621" value="ⲟⲩ"/>
		<feat xlink:href="#sSpan3624" value="ⲕⲗⲟⲙ"/>
		<feat xlink:href="#sSpan3626" value="ⲛ"/>
		<feat xlink:href="#sSpan3630" value="ϣⲟⲛⲧⲉ"/>
		<feat xlink:href="#sSpan3634" value="ⲉϫⲛ"/>
		<feat xlink:href="#sSpan3638" value="ⲛⲧⲟϥ"/>
		<feat xlink:href="#sSpan3640" value="."/>
		<feat xlink:href="#sSpan3644" value="ⲁ"/>
		<feat xlink:href="#sSpan3648" value="ⲛⲧⲟⲟⲩ"/>
		<feat xlink:href="#sSpan3650" value="ϯ"/>
		<feat xlink:href="#sSpan3652" value="ϩⲓ"/>
		<feat xlink:href="#sSpan3657" value="ⲛⲧⲟϥ"/>
		<feat xlink:href="#sSpan3659" value="ⲛ"/>
		<feat xlink:href="#sSpan3663" value="ⲟⲩ"/>
		<feat xlink:href="#sSpan3667" value="ⲭⲗⲁⲙⲩⲥ"/>
		<feat xlink:href="#sSpan3669" value="ⲛ"/>
		<feat xlink:href="#sSpan3675" value="ⲕⲟⲕⲕⲟⲥ"/>
		<feat xlink:href="#sSpan3677" value="."/>
		<feat xlink:href="#sSpan3681" value="ⲁ"/>
		<feat xlink:href="#sSpan3688" value="ⲛⲧⲟⲟⲩ"/>
		<feat xlink:href="#sSpan3690" value="ϯ"/>
		<feat xlink:href="#sSpan3692" value="ⲛⲁ"/>
		<feat xlink:href="#sSpan3697" value="ⲛⲧⲟϥ"/>
		<feat xlink:href="#sSpan3699" value="ⲛ"/>
		<feat xlink:href="#sSpan3703" value="ⲟⲩ"/>
		<feat xlink:href="#sSpan3706" value="ϩⲙϫ"/>
		<feat xlink:href="#sSpan3708" value="ⲙⲛ"/>
		<feat xlink:href="#sSpan3712" value="ⲟⲩ"/>
		<feat xlink:href="#sSpan3716" value="ⲥⲓϣⲉ"/>
		<feat xlink:href="#sSpan3718" value="."/>
		<feat xlink:href="#sSpan3722" value="ⲡⲁⲓ"/>
		<feat xlink:href="#sSpan3730" value="ⲧⲏⲣ"/>
		<feat xlink:href="#sSpan3735" value="ⲛⲧⲟⲟⲩ"/>
		<feat xlink:href="#sSpan3737" value="ⲛⲉⲣⲉ"/>
		<feat xlink:href="#sSpan3741" value="ⲛⲧⲟⲟⲩ"/>
		<feat xlink:href="#sSpan3743" value="ⲉⲓⲣⲉ"/>
		<feat xlink:href="#sSpan3745" value="ⲛ"/>
		<feat xlink:href="#sSpan3749" value="ⲛⲧⲟⲟⲩ"/>
		<feat xlink:href="#sSpan3752" value="ⲛⲁ"/>
		<feat xlink:href="#sSpan3756" value="ⲛⲧⲟϥ"/>
		<feat xlink:href="#sSpan3758" value="ⲡⲉ"/>
		<feat xlink:href="#sSpan3762" value="."/>
		<feat xlink:href="#sSpan3766" value="ⲁ"/>
		<feat xlink:href="#sSpan3774" value="ⲛⲧⲟⲟⲩ"/>
		<feat xlink:href="#sSpan3777" value="ⲥⲧⲁⲩⲣⲟⲩ"/>
		<feat xlink:href="#sSpan3780" value="ⲙⲛ"/>
		<feat xlink:href="#sSpan3784" value="ⲛⲧⲟϥ"/>
		<feat xlink:href="#sSpan3786" value="ⲛ"/>
		<feat xlink:href="#sSpan3790" value="ⲕⲉ"/>
		<feat xlink:href="#sSpan3795" value="ⲗⲏⲥⲧⲏⲥ"/>
		<feat xlink:href="#sSpan3797" value="ⲥⲛⲁⲩ"/>
		<feat xlink:href="#sSpan3801" value="ⲟⲩⲁ"/>
		<feat xlink:href="#sSpan3811" value="ⲇⲉ"/>
		<feat xlink:href="#sSpan3815" value="ϩⲛ"/>
		<feat xlink:href="#sSpan3819" value="ⲛⲧⲟⲟⲩ"/>
		<feat xlink:href="#sSpan3821" value="ⲛ"/>
		<feat xlink:href="#sSpan3825" value="ⲛⲧⲟϥ"/>
		<feat xlink:href="#sSpan3827" value="ⲙⲡϣⲁ"/>
		<feat xlink:href="#sSpan3830" value="ⲛ"/>
		<feat xlink:href="#sSpan3834" value="ⲡ"/>
		<feat xlink:href="#sSpan3837" value="ⲉⲟⲟⲩ"/>
		<feat xlink:href="#sSpan3839" value="ⲛ"/>
		<feat xlink:href="#sSpan3844" value="ⲡ"/>
		<feat xlink:href="#sSpan3847" value="ⲛⲟⲩⲧⲉ"/>
		<feat xlink:href="#sSpan3849" value="ⲁⲛ"/>
		<feat xlink:href="#sSpan3853" value="."/>
		<feat xlink:href="#sSpan3857" value="ⲡⲉϫⲉ"/>
		<feat xlink:href="#sSpan3865" value="ⲛⲧⲟϥ"/>
		<feat xlink:href="#sSpan3867" value="ⲛ"/>
		<feat xlink:href="#sSpan3871" value="ⲡ"/>
		<feat xlink:href="#sSpan3874" value="ϫⲟⲉⲓⲥ"/>
		<feat xlink:href="#sSpan3876" value="ⲉⲣⲉ"/>
		<feat xlink:href="#sSpan3881" value="ⲛⲧⲟϥ"/>
		<feat xlink:href="#sSpan3883" value="ⲛⲟϭⲛⲉϭ"/>
		<feat xlink:href="#sSpan3885" value="ⲛ"/>
		<feat xlink:href="#sSpan3889" value="ⲛⲧⲟϥ"/>
		<feat xlink:href="#sSpan3891" value="ⲉⲣⲉ"/>
		<feat xlink:href="#sSpan3896" value="ⲛⲧⲟϥ"/>
		<feat xlink:href="#sSpan3898" value="ϫⲱ"/>
		<feat xlink:href="#sSpan3900" value="ⲛ"/>
		<feat xlink:href="#sSpan3904" value="ⲛⲧⲟⲥ"/>
		<feat xlink:href="#sSpan3906" value="ϫⲉ"/>
		<feat xlink:href="#sSpan3913" value="ⲉϣϫⲉ"/>
		<feat xlink:href="#sSpan3916" value="ⲛⲧⲟⲕ"/>
		<feat xlink:href="#sSpan3920" value="ⲡⲉ"/>
		<feat xlink:href="#sSpan3924" value="ⲡ"/>
		<feat xlink:href="#sSpan3930" value="ⲭⲣⲓⲥⲧⲟⲥ"/>
		<feat xlink:href="#sSpan3932" value="ⲛⲟⲩϩⲙ"/>
		<feat xlink:href="#sSpan3937" value="ⲛⲧⲟⲕ"/>
		<feat xlink:href="#sSpan3939" value="."/>
		<feat xlink:href="#sSpan3943" value="ⲁⲩⲱ"/>
		<feat xlink:href="#sSpan3947" value="ⲛⲧⲉ"/>
		<feat xlink:href="#sSpan3951" value="ⲛⲧⲟⲕ"/>
		<feat xlink:href="#sSpan3953" value="ⲛⲟⲩϩⲙ"/>
		<feat xlink:href="#sSpan3956" value="ⲁⲛⲟⲛ"/>
		<feat xlink:href="#sSpan3958" value="ϩⲱⲱ"/>
		<feat xlink:href="#sSpan3962" value="ⲁⲛⲟⲛ"/>
		<feat xlink:href="#sSpan3964" value="ⲁ"/>
		<feat xlink:href="#sSpan3972" value="ⲡ"/>
		<feat xlink:href="#sSpan3975" value="ⲕⲉ"/>
		<feat xlink:href="#sSpan3977" value="ⲟⲩⲁ"/>
		<feat xlink:href="#sSpan3980" value="ⲉⲡⲓⲧⲓⲙⲁ"/>
		<feat xlink:href="#sSpan3985" value="ⲛⲁ"/>
		<feat xlink:href="#sSpan3989" value="ⲛⲧⲟϥ"/>
		<feat xlink:href="#sSpan3991" value="ϩⲛ"/>
		<feat xlink:href="#sSpan3995" value="ⲟⲩ"/>
		<feat xlink:href="#sSpan3998" value="ϭⲱⲛⲧ"/>
		<feat xlink:href="#sSpan4000" value="ϫⲉ"/>
		<feat xlink:href="#sSpan4005" value="ⲛⲧⲉ"/>
		<feat xlink:href="#sSpan4007" value="ⲛⲧⲟⲕ"/>
		<feat xlink:href="#sSpan4010" value="ⲣϩⲟⲧⲉ"/>
		<feat xlink:href="#sSpan4013" value="ⲛⲧⲟⲕ"/>
		<feat xlink:href="#sSpan4017" value="ⲁⲛ"/>
		<feat xlink:href="#sSpan4022" value="ϩⲏⲧ"/>
		<feat xlink:href="#sSpan4026" value="ⲛⲧⲟϥ"/>
		<feat xlink:href="#sSpan4028" value="ⲛ"/>
		<feat xlink:href="#sSpan4032" value="ⲡ"/>
		<feat xlink:href="#sSpan4035" value="ⲛⲟⲩⲧⲉ"/>
		<feat xlink:href="#sSpan4037" value="ⲁⲛⲟⲛ"/>
		<feat xlink:href="#sSpan4046" value="ⲅⲁⲣ"/>
		<feat xlink:href="#sSpan4050" value="ⲉⲣⲉ"/>
		<feat xlink:href="#sSpan4054" value="ⲁⲛⲟⲛ"/>
		<feat xlink:href="#sSpan4056" value="ϫⲓ"/>
		<feat xlink:href="#sSpan4059" value="ⲕⲁⲧⲁ"/>
		<feat xlink:href="#sSpan4064" value="ⲡ"/>
		<feat xlink:href="#sSpan4067" value="ⲙⲡϣⲁ"/>
		<feat xlink:href="#sSpan4069" value="ⲛ"/>
		<feat xlink:href="#sSpan4073" value="ⲡ"/>
		<feat xlink:href="#sSpan4076" value="ⲛⲟⲃⲉ"/>
		<feat xlink:href="#sSpan4080" value="ⲉⲧⲉⲣⲉ"/>
		<feat xlink:href="#sSpan4084" value="ⲁ"/>
		<feat xlink:href="#sSpan4086" value="ⲁⲛⲟⲛ"/>
		<feat xlink:href="#sSpan4088" value="ⲉⲓⲣⲉ"/>
		<feat xlink:href="#sSpan4090" value="ⲛⲧⲟⲟⲩ"/>
		<feat xlink:href="#sSpan4092" value="ⲡⲁⲓ"/>
		<feat xlink:href="#sSpan4099" value="ⲇⲉ"/>
		<feat xlink:href="#sSpan4103" value="ⲛ"/>
		<feat xlink:href="#sSpan4107" value="ⲡⲉϥ"/>
		<feat xlink:href="#sSpan4111" value="ⲣⲗⲁⲁⲩ"/>
		<feat xlink:href="#sSpan4115" value="ⲛ"/>
		<feat xlink:href="#sSpan4119" value="ⲡ"/>
		<feat xlink:href="#sSpan4122" value="ⲉⲧⲉⲣⲉ"/>
		<feat xlink:href="#sSpan4124" value="ϩⲟⲟⲩ"/>
		<feat xlink:href="#sSpan4126" value="."/>
		<feat xlink:href="#sSpan4130" value="ⲁⲩⲱ"/>
		<feat xlink:href="#sSpan4137" value="ⲡⲉϫⲉ"/>
		<feat xlink:href="#sSpan4142" value="ⲛⲧⲟϥ"/>
		<feat xlink:href="#sSpan4144" value="ϫⲉ"/>
		<feat xlink:href="#sSpan4148" value="ⲉⲓⲣⲉ"/>
		<feat xlink:href="#sSpan4150" value="ⲡⲁ"/>
		<feat xlink:href="#sSpan4152" value="ⲙⲉⲉⲩⲉ"/>
		<feat xlink:href="#sSpan4155" value="ⲛ"/>
		<feat xlink:href="#sSpan4159" value="ⲡ"/>
		<feat xlink:href="#sSpan4162" value="ϫⲟⲉⲓⲥ"/>
		<feat xlink:href="#sSpan4164" value="ⲉⲣϣⲁⲛ_ⲛⲧⲟⲕ"/>
		<feat xlink:href="#sSpan4169" value="ⲉⲓ"/>
		<feat xlink:href="#sSpan4171" value="ϩⲛ"/>
		<feat xlink:href="#sSpan4175" value="ⲡⲉⲕ"/>
		<feat xlink:href="#sSpan4179" value="ⲙⲛⲧⲣⲣⲟ"/>
		<feat xlink:href="#sSpan4183" value="."/>
		<feat xlink:href="#sSpan4187" value="ⲡⲉϫⲉ"/>
		<feat xlink:href="#sSpan4195" value="ⲓⲏⲥⲟⲩⲥ"/>
		<feat xlink:href="#sSpan4198" value="ⲛⲁ"/>
		<feat xlink:href="#sSpan4202" value="ⲛⲧⲟϥ"/>
		<feat xlink:href="#sSpan4204" value="ϩⲛ"/>
		<feat xlink:href="#sSpan4209" value="ⲟⲩ"/>
		<feat xlink:href="#sSpan4212" value="ⲛⲟϭ"/>
		<feat xlink:href="#sSpan4214" value="ⲛ"/>
		<feat xlink:href="#sSpan4218" value="ⲣⲁϣⲉ"/>
		<feat xlink:href="#sSpan4220" value="."/>
		<feat xlink:href="#sSpan4224" value="ϫⲉ"/>
		<feat xlink:href="#sSpan4229" value="ⲡ"/>
		<feat xlink:href="#sSpan4231" value="ⲡ"/>
		<feat xlink:href="#sSpan4234" value="ϩⲟⲟⲩ"/>
		<feat xlink:href="#sSpan4236" value="ⲛⲧⲟⲕ"/>
		<feat xlink:href="#sSpan4240" value="ⲛⲁ"/>
		<feat xlink:href="#sSpan4242" value="ϣⲱⲡⲉ"/>
		<feat xlink:href="#sSpan4245" value="ⲙⲛ"/>
		<feat xlink:href="#sSpan4249" value="ⲁⲛⲟⲕ"/>
		<feat xlink:href="#sSpan4251" value="ϩⲛ"/>
		<feat xlink:href="#sSpan4256" value="ⲡⲁ"/>
		<feat xlink:href="#sSpan4260" value="ⲡⲁⲣⲁⲇⲓⲥⲟⲥ"/>
		<feat xlink:href="#sSpan4262" value="."/>
		<feat xlink:href="#sSpan4266" value="ⲡ"/>
		<feat xlink:href="#sSpan4275" value="ⲣⲟ"/>
		<feat xlink:href="#sSpan4277" value="ⲛ"/>
		<feat xlink:href="#sSpan4281" value="ⲡ"/>
		<feat xlink:href="#sSpan4285" value="ⲡⲁⲣⲁⲇⲓⲥⲟⲥ"/>
		<feat xlink:href="#sSpan4288" value="ϣⲱⲧⲙ"/>
		<feat xlink:href="#sSpan4292" value="."/>
		<feat xlink:href="#sSpan4296" value="ⲉⲣⲉ"/>
		<feat xlink:href="#sSpan4300" value="ϫⲓⲛ"/>
		<feat xlink:href="#sSpan4302" value="ⲡⲉⲩ"/>
		<feat xlink:href="#sSpan4306" value="ⲟⲉⲓϣ"/>
		<feat xlink:href="#sSpan4308" value="ⲉⲧⲉⲣⲉ"/>
		<feat xlink:href="#sSpan4312" value="ⲁ"/>
		<feat xlink:href="#sSpan4316" value="ⲁⲇⲁⲙ"/>
		<feat xlink:href="#sSpan4321" value="ⲡⲁⲣⲁⲃⲁ"/>
		<feat xlink:href="#sSpan4326" value="."/>
		<feat xlink:href="#sSpan4331" value="ⲁⲗⲗⲁ"/>
		<feat xlink:href="#sSpan4338" value="ⲁⲛⲟⲕ"/>
		<feat xlink:href="#sSpan4342" value="ⲛⲁ"/>
		<feat xlink:href="#sSpan4344" value="ⲟⲩⲱⲛ"/>
		<feat xlink:href="#sSpan4347" value="ⲛ"/>
		<feat xlink:href="#sSpan4351" value="ⲛⲧⲟϥ"/>
		<feat xlink:href="#sSpan4353" value="ⲛⲁ"/>
		<feat xlink:href="#sSpan4357" value="ⲛⲧⲟⲕ"/>
		<feat xlink:href="#sSpan4359" value="ⲛⲧⲁ"/>
		<feat xlink:href="#sSpan4364" value="ϫⲓ"/>
		<feat xlink:href="#sSpan4366" value="ⲛⲧⲟⲕ"/>
		<feat xlink:href="#sSpan4368" value="ⲉϩⲟⲩⲛ"/>
		<feat xlink:href="#sSpan4372" value="ⲉ"/>
		<feat xlink:href="#sSpan4377" value="ⲛⲧⲟϥ"/>
		<feat xlink:href="#sSpan4379" value="."/>
		<feat xlink:href="#sSpan4383" value="ⲁ"/>
		<feat xlink:href="#sSpan4390" value="ⲛⲧⲟⲕ"/>
		<feat xlink:href="#sSpan4392" value="ⲥⲟⲟⲩⲛ"/>
		<feat xlink:href="#sSpan4394" value="ⲡ"/>
		<feat xlink:href="#sSpan4399" value="ϫⲓⲥⲉ"/>
		<feat xlink:href="#sSpan4401" value="ⲛ"/>
		<feat xlink:href="#sSpan4405" value="ⲡⲁ"/>
		<feat xlink:href="#sSpan4409" value="ⲙⲛⲧⲛⲟⲩⲧⲉ"/>
		<feat xlink:href="#sSpan4413" value="."/>
		<feat xlink:href="#sSpan4417" value="ⲉⲣⲉ"/>
		<feat xlink:href="#sSpan4421" value="ⲛⲧⲟⲕ"/>
		<feat xlink:href="#sSpan4423" value="ϩⲓϫⲛ"/>
		<feat xlink:href="#sSpan4425" value="ⲡ"/>
		<feat xlink:href="#sSpan4430" value="ⲥⲧⲁⲩⲣⲟⲥ"/>
		<feat xlink:href="#sSpan4432" value="."/>
		<feat xlink:href="#sSpan4436" value="ⲛⲧⲟⲕ"/>
		<feat xlink:href="#sSpan4440" value="ⲛⲁ"/>
		<feat xlink:href="#sSpan4442" value="ϣⲱⲡⲉ"/>
		<feat xlink:href="#sSpan4445" value="ⲙⲛ"/>
		<feat xlink:href="#sSpan4449" value="ⲁⲛⲟⲕ"/>
		<feat xlink:href="#sSpan4451" value="ⲛ"/>
		<feat xlink:href="#sSpan4457" value="ⲕⲟⲓⲛⲟⲛⲟⲥ"/>
		<feat xlink:href="#sSpan4460" value="ϩⲛ"/>
		<feat xlink:href="#sSpan4464" value="ⲡ"/>
		<feat xlink:href="#sSpan4468" value="ⲣⲁϣⲉ"/>
		<feat xlink:href="#sSpan4470" value="ⲛ"/>
		<feat xlink:href="#sSpan4474" value="ⲡⲁ"/>
		<feat xlink:href="#sSpan4478" value="ⲙⲛⲧⲣⲣⲟ"/>
		<feat xlink:href="#sSpan4482" value="."/>
		<feat xlink:href="#sSpan4486" value="ⲁ"/>
		<feat xlink:href="#sSpan4493" value="ⲛⲧⲟⲕ"/>
		<feat xlink:href="#sSpan4496" value="ϯⲉⲟⲟⲩ"/>
		<feat xlink:href="#sSpan4499" value="ⲡⲁⲓ"/>
		<feat xlink:href="#sSpan4505" value="ϩⲛ"/>
		<feat xlink:href="#sSpan4509" value="ⲡ"/>
		<feat xlink:href="#sSpan4512" value="ⲙⲏⲧⲉ"/>
		<feat xlink:href="#sSpan4514" value="ⲛ"/>
		<feat xlink:href="#sSpan4518" value="ⲟⲩ"/>
		<feat xlink:href="#sSpan4523" value="ⲣⲉϥⲣⲛⲟⲃⲉ"/>
		<feat xlink:href="#sSpan4527" value="."/>
		<feat xlink:href="#sSpan4531" value="ⲁⲛⲟⲕ"/>
		<feat xlink:href="#sSpan4539" value="ϩⲱⲱ"/>
		<feat xlink:href="#sSpan4543" value="ⲁⲛⲟⲕ"/>
		<feat xlink:href="#sSpan4547" value="ⲛⲁ"/>
		<feat xlink:href="#sSpan4550" value="ϯⲉⲟⲟⲩ"/>
		<feat xlink:href="#sSpan4554" value="ⲛⲁ"/>
		<feat xlink:href="#sSpan4558" value="ⲛⲧⲟⲕ"/>
		<feat xlink:href="#sSpan4560" value="."/>
		<feat xlink:href="#sSpan4564" value="ϩⲛ"/>
		<feat xlink:href="#sSpan4568" value="ⲡ"/>
		<feat xlink:href="#sSpan4571" value="ⲙⲏⲧⲉ"/>
		<feat xlink:href="#sSpan4574" value="ⲛ"/>
		<feat xlink:href="#sSpan4578" value="ⲡⲁ"/>
		<feat xlink:href="#sSpan4582" value="ⲁⲅⲅⲉⲗⲓⲕⲏ"/>
		<feat xlink:href="#sSpan4585" value="."/>
		<feat xlink:href="#sSpan4589" value="ϣⲱⲡⲉ"/>
		<feat xlink:href="#sSpan4596" value="ⲉⲣⲉ"/>
		<feat xlink:href="#sSpan4600" value="ⲛⲧⲟⲕ"/>
		<feat xlink:href="#sSpan4602" value="ⲧⲱⲱϭⲉ"/>
		<feat xlink:href="#sSpan4605" value="ⲉ"/>
		<feat xlink:href="#sSpan4609" value="ⲁⲛⲟⲕ"/>
		<feat xlink:href="#sSpan4611" value="ϩⲓϫⲛ"/>
		<feat xlink:href="#sSpan4615" value="ⲡ"/>
		<feat xlink:href="#sSpan4620" value="ⲥⲧⲁⲩⲣⲟⲥ"/>
		<feat xlink:href="#sSpan4622" value="."/>
		<feat xlink:href="#sSpan4626" value="ⲉⲣⲉ"/>
		<feat xlink:href="#sSpan4630" value="ⲛⲧⲟⲕ"/>
		<feat xlink:href="#sSpan4632" value="ϩⲱⲗϭ"/>
		<feat xlink:href="#sSpan4635" value="ⲉϩⲟⲩⲛ"/>
		<feat xlink:href="#sSpan4639" value="ⲉ"/>
		<feat xlink:href="#sSpan4643" value="ⲁⲛⲟⲕ"/>
		<feat xlink:href="#sSpan4645" value="ϩⲛ"/></featList></paula>